# robocad OBJ
mtllib turntable_belt.mtl
o GT2_closed_belt_610_mm_(reference)
usemtl Rubber_282b30
v 0.05793 -0.00300 -0.06856
v 0.05793 0.00300 -0.06856
v 0.05677 0.00300 -0.06952
v 0.05677 -0.00300 -0.06952
v 0.12986 -0.00300 -0.00777
v 0.12986 0.00300 -0.00777
v 0.05559 0.00300 -0.07047
v 0.05559 -0.00300 -0.07047
v 0.05440 -0.00300 -0.07139
v 0.05319 -0.00300 -0.07230
v 0.05197 -0.00300 -0.07318
v 0.05073 -0.00300 -0.07405
v 0.04947 -0.00300 -0.07489
v 0.04821 -0.00300 -0.07571
v 0.04692 -0.00300 -0.07651
v 0.04563 -0.00300 -0.07729
v 0.04432 -0.00300 -0.07805
v 0.04300 -0.00300 -0.07878
v 0.04167 -0.00300 -0.07950
v 0.04033 -0.00300 -0.08019
v 0.03897 -0.00300 -0.08085
v 0.03760 -0.00300 -0.08150
v 0.03623 -0.00300 -0.08212
v 0.03484 -0.00300 -0.08272
v 0.03344 -0.00300 -0.08329
v 0.03204 -0.00300 -0.08384
v 0.03062 -0.00300 -0.08437
v 0.02920 -0.00300 -0.08488
v 0.02776 -0.00300 -0.08536
v 0.02632 -0.00300 -0.08581
v 0.02487 -0.00300 -0.08624
v 0.02342 -0.00300 -0.08665
v 0.02196 -0.00300 -0.08703
v 0.02049 -0.00300 -0.08739
v 0.01902 -0.00300 -0.08772
v 0.01754 -0.00300 -0.08803
v 0.01605 -0.00300 -0.08831
v 0.01456 -0.00300 -0.08857
v 0.01307 -0.00300 -0.08880
v 0.01157 -0.00300 -0.08901
v 0.01007 -0.00300 -0.08919
v 0.00857 -0.00300 -0.08935
v 0.00707 -0.00300 -0.08948
v 0.00556 -0.00300 -0.08958
v 0.00405 -0.00300 -0.08967
v 0.00254 -0.00300 -0.08972
v 0.00103 -0.00300 -0.08975
v -0.00048 -0.00300 -0.08976
v -0.00199 -0.00300 -0.08973
v -0.00350 -0.00300 -0.08969
v -0.00501 -0.00300 -0.08962
v -0.00652 -0.00300 -0.08952
v -0.00802 -0.00300 -0.08940
v -0.00953 -0.00300 -0.08925
v -0.01103 -0.00300 -0.08908
v -0.01253 -0.00300 -0.08888
v -0.01402 -0.00300 -0.08866
v -0.01551 -0.00300 -0.08841
v -0.01700 -0.00300 -0.08813
v -0.01848 -0.00300 -0.08783
v -0.01995 -0.00300 -0.08751
v -0.02142 -0.00300 -0.08716
v -0.02289 -0.00300 -0.08679
v -0.02434 -0.00300 -0.08639
v -0.02580 -0.00300 -0.08597
v -0.02724 -0.00300 -0.08552
v -0.02867 -0.00300 -0.08505
v -0.03010 -0.00300 -0.08456
v -0.03152 -0.00300 -0.08404
v -0.03293 -0.00300 -0.08350
v -0.03433 -0.00300 -0.08293
v -0.03572 -0.00300 -0.08234
v -0.03710 -0.00300 -0.08173
v -0.03847 -0.00300 -0.08109
v -0.03983 -0.00300 -0.08043
v -0.04118 -0.00300 -0.07975
v -0.04252 -0.00300 -0.07905
v -0.04384 -0.00300 -0.07832
v -0.04516 -0.00300 -0.07757
v -0.04645 -0.00300 -0.07680
v -0.04774 -0.00300 -0.07601
v -0.04901 -0.00300 -0.07519
v -0.05027 -0.00300 -0.07436
v -0.05152 -0.00300 -0.07350
v -0.05275 -0.00300 -0.07262
v -0.05396 -0.00300 -0.07172
v -0.05516 -0.00300 -0.07081
v -0.05634 -0.00300 -0.06987
v -0.05751 -0.00300 -0.06891
v -0.05866 -0.00300 -0.06793
v -0.05980 -0.00300 -0.06693
v -0.06092 -0.00300 -0.06592
v -0.06202 -0.00300 -0.06488
v -0.06310 -0.00300 -0.06383
v -0.06417 -0.00300 -0.06276
v -0.06521 -0.00300 -0.06167
v -0.06624 -0.00300 -0.06056
v -0.06725 -0.00300 -0.05944
v -0.06824 -0.00300 -0.05830
v -0.06922 -0.00300 -0.05714
v -0.07017 -0.00300 -0.05597
v -0.07110 -0.00300 -0.05478
v -0.07201 -0.00300 -0.05358
v -0.07290 -0.00300 -0.05236
v -0.07378 -0.00300 -0.05112
v -0.07463 -0.00300 -0.04987
v -0.07545 -0.00300 -0.04861
v -0.07626 -0.00300 -0.04733
v -0.07705 -0.00300 -0.04604
v -0.07781 -0.00300 -0.04474
v -0.07855 -0.00300 -0.04342
v -0.07927 -0.00300 -0.04210
v -0.07997 -0.00300 -0.04076
v -0.08065 -0.00300 -0.03940
v -0.08130 -0.00300 -0.03804
v -0.08193 -0.00300 -0.03667
v -0.08253 -0.00300 -0.03528
v -0.08311 -0.00300 -0.03389
v -0.08367 -0.00300 -0.03248
v -0.08421 -0.00300 -0.03107
v -0.08472 -0.00300 -0.02965
v -0.08521 -0.00300 -0.02822
v -0.08567 -0.00300 -0.02678
v -0.08611 -0.00300 -0.02534
v -0.08652 -0.00300 -0.02388
v -0.08691 -0.00300 -0.02242
v -0.08728 -0.00300 -0.02096
v -0.08762 -0.00300 -0.01948
v -0.08793 -0.00300 -0.01801
v -0.08822 -0.00300 -0.01652
v -0.08849 -0.00300 -0.01504
v -0.08873 -0.00300 -0.01355
v -0.08894 -0.00300 -0.01205
v -0.08913 -0.00300 -0.01055
v -0.08930 -0.00300 -0.00905
v -0.08944 -0.00300 -0.00755
v -0.08955 -0.00300 -0.00604
v -0.08964 -0.00300 -0.00453
v -0.08971 -0.00300 -0.00302
v -0.08974 -0.00300 -0.00151
v -0.08976 -0.00300 -0.00000
v -0.08974 -0.00300 0.00151
v -0.08971 -0.00300 0.00302
v -0.08964 -0.00300 0.00453
v -0.08955 -0.00300 0.00604
v -0.08944 -0.00300 0.00755
v -0.08930 -0.00300 0.00905
v -0.08913 -0.00300 0.01055
v -0.08894 -0.00300 0.01205
v -0.08873 -0.00300 0.01355
v -0.08849 -0.00300 0.01504
v -0.08822 -0.00300 0.01652
v -0.08793 -0.00300 0.01801
v -0.08762 -0.00300 0.01948
v -0.08728 -0.00300 0.02096
v -0.08691 -0.00300 0.02242
v -0.08652 -0.00300 0.02388
v -0.08611 -0.00300 0.02534
v -0.08567 -0.00300 0.02678
v -0.08521 -0.00300 0.02822
v -0.08472 -0.00300 0.02965
v -0.08421 -0.00300 0.03107
v -0.08367 -0.00300 0.03248
v -0.08311 -0.00300 0.03389
v -0.08253 -0.00300 0.03528
v -0.08193 -0.00300 0.03667
v -0.08130 -0.00300 0.03804
v -0.08065 -0.00300 0.03940
v -0.07997 -0.00300 0.04076
v -0.07927 -0.00300 0.04210
v -0.07855 -0.00300 0.04342
v -0.07781 -0.00300 0.04474
v -0.07705 -0.00300 0.04604
v -0.07626 -0.00300 0.04733
v -0.07545 -0.00300 0.04861
v -0.07463 -0.00300 0.04987
v -0.07378 -0.00300 0.05112
v -0.07290 -0.00300 0.05236
v -0.07201 -0.00300 0.05358
v -0.07110 -0.00300 0.05478
v -0.07017 -0.00300 0.05597
v -0.06922 -0.00300 0.05714
v -0.06824 -0.00300 0.05830
v -0.06725 -0.00300 0.05944
v -0.06624 -0.00300 0.06056
v -0.06521 -0.00300 0.06167
v -0.06417 -0.00300 0.06276
v -0.06310 -0.00300 0.06383
v -0.06202 -0.00300 0.06488
v -0.06092 -0.00300 0.06592
v -0.05980 -0.00300 0.06693
v -0.05866 -0.00300 0.06793
v -0.05751 -0.00300 0.06891
v -0.05634 -0.00300 0.06987
v -0.05516 -0.00300 0.07081
v -0.05396 -0.00300 0.07172
v -0.05275 -0.00300 0.07262
v -0.05152 -0.00300 0.07350
v -0.05027 -0.00300 0.07436
v -0.04901 -0.00300 0.07519
v -0.04774 -0.00300 0.07601
v -0.04645 -0.00300 0.07680
v -0.04516 -0.00300 0.07757
v -0.04384 -0.00300 0.07832
v -0.04252 -0.00300 0.07905
v -0.04118 -0.00300 0.07975
v -0.03983 -0.00300 0.08043
v -0.03847 -0.00300 0.08109
v -0.03710 -0.00300 0.08173
v -0.03572 -0.00300 0.08234
v -0.03433 -0.00300 0.08293
v -0.03293 -0.00300 0.08350
v -0.03152 -0.00300 0.08404
v -0.03010 -0.00300 0.08456
v -0.02867 -0.00300 0.08505
v -0.02724 -0.00300 0.08552
v -0.02580 -0.00300 0.08597
v -0.02434 -0.00300 0.08639
v -0.02289 -0.00300 0.08679
v -0.02142 -0.00300 0.08716
v -0.01995 -0.00300 0.08751
v -0.01848 -0.00300 0.08783
v -0.01700 -0.00300 0.08813
v -0.01551 -0.00300 0.08841
v -0.01402 -0.00300 0.08866
v -0.01253 -0.00300 0.08888
v -0.01103 -0.00300 0.08908
v -0.00953 -0.00300 0.08925
v -0.00802 -0.00300 0.08940
v -0.00652 -0.00300 0.08952
v -0.00501 -0.00300 0.08962
v -0.00350 -0.00300 0.08969
v -0.00199 -0.00300 0.08973
v -0.00048 -0.00300 0.08976
v 0.00103 -0.00300 0.08975
v 0.00254 -0.00300 0.08972
v 0.00405 -0.00300 0.08967
v 0.00556 -0.00300 0.08958
v 0.00707 -0.00300 0.08948
v 0.00857 -0.00300 0.08935
v 0.01007 -0.00300 0.08919
v 0.01157 -0.00300 0.08901
v 0.01307 -0.00300 0.08880
v 0.01456 -0.00300 0.08857
v 0.01605 -0.00300 0.08831
v 0.01754 -0.00300 0.08803
v 0.01902 -0.00300 0.08772
v 0.02049 -0.00300 0.08739
v 0.02196 -0.00300 0.08703
v 0.02342 -0.00300 0.08665
v 0.02487 -0.00300 0.08624
v 0.02632 -0.00300 0.08581
v 0.02776 -0.00300 0.08536
v 0.02920 -0.00300 0.08488
v 0.03062 -0.00300 0.08437
v 0.03204 -0.00300 0.08384
v 0.03344 -0.00300 0.08329
v 0.03484 -0.00300 0.08272
v 0.03623 -0.00300 0.08212
v 0.03760 -0.00300 0.08150
v 0.03897 -0.00300 0.08085
v 0.04033 -0.00300 0.08019
v 0.04167 -0.00300 0.07950
v 0.04300 -0.00300 0.07878
v 0.04432 -0.00300 0.07805
v 0.04563 -0.00300 0.07729
v 0.04692 -0.00300 0.07651
v 0.04821 -0.00300 0.07571
v 0.04947 -0.00300 0.07489
v 0.05073 -0.00300 0.07405
v 0.05197 -0.00300 0.07318
v 0.05319 -0.00300 0.07230
v 0.05440 -0.00300 0.07139
v 0.05559 -0.00300 0.07047
v 0.05677 -0.00300 0.06952
v 0.05793 -0.00300 0.06856
v 0.12986 -0.00300 0.00777
v 0.13100 -0.00300 0.00664
v 0.13195 -0.00300 0.00535
v 0.13268 -0.00300 0.00392
v 0.13318 -0.00300 0.00239
v 0.13344 -0.00300 0.00080
v 0.13344 -0.00300 -0.00080
v 0.13318 -0.00300 -0.00239
v 0.13268 -0.00300 -0.00392
v 0.13195 -0.00300 -0.00535
v 0.13100 -0.00300 -0.00664
v 0.05474 -0.00300 -0.06938
v 0.05590 -0.00300 -0.06845
v 0.05704 -0.00300 -0.06750
v 0.12897 -0.00300 -0.00672
v 0.12995 -0.00300 -0.00574
v 0.13078 -0.00300 -0.00462
v 0.13141 -0.00300 -0.00339
v 0.13184 -0.00300 -0.00207
v 0.13206 -0.00300 -0.00069
v 0.13206 -0.00300 0.00069
v 0.13184 -0.00300 0.00207
v 0.13141 -0.00300 0.00339
v 0.13078 -0.00300 0.00462
v 0.12995 -0.00300 0.00574
v 0.12897 -0.00300 0.00672
v 0.05704 -0.00300 0.06750
v 0.05590 -0.00300 0.06845
v 0.05474 -0.00300 0.06938
v 0.05356 -0.00300 0.07029
v 0.05237 -0.00300 0.07119
v 0.05117 -0.00300 0.07206
v 0.04995 -0.00300 0.07291
v 0.04871 -0.00300 0.07374
v 0.04746 -0.00300 0.07455
v 0.04620 -0.00300 0.07534
v 0.04493 -0.00300 0.07610
v 0.04364 -0.00300 0.07685
v 0.04234 -0.00300 0.07757
v 0.04103 -0.00300 0.07828
v 0.03971 -0.00300 0.07895
v 0.03837 -0.00300 0.07961
v 0.03703 -0.00300 0.08025
v 0.03567 -0.00300 0.08086
v 0.03430 -0.00300 0.08145
v 0.03293 -0.00300 0.08201
v 0.03154 -0.00300 0.08256
v 0.03015 -0.00300 0.08307
v 0.02875 -0.00300 0.08357
v 0.02734 -0.00300 0.08404
v 0.02592 -0.00300 0.08449
v 0.02449 -0.00300 0.08492
v 0.02306 -0.00300 0.08532
v 0.02162 -0.00300 0.08569
v 0.02017 -0.00300 0.08604
v 0.01872 -0.00300 0.08637
v 0.01727 -0.00300 0.08667
v 0.01581 -0.00300 0.08695
v 0.01434 -0.00300 0.08721
v 0.01287 -0.00300 0.08743
v 0.01140 -0.00300 0.08764
v 0.00992 -0.00300 0.08782
v 0.00844 -0.00300 0.08797
v 0.00696 -0.00300 0.08810
v 0.00547 -0.00300 0.08821
v 0.00399 -0.00300 0.08829
v 0.00250 -0.00300 0.08834
v 0.00101 -0.00300 0.08837
v -0.00047 -0.00300 0.08838
v -0.00196 -0.00300 0.08836
v -0.00345 -0.00300 0.08831
v -0.00493 -0.00300 0.08824
v -0.00642 -0.00300 0.08814
v -0.00790 -0.00300 0.08802
v -0.00938 -0.00300 0.08788
v -0.01086 -0.00300 0.08771
v -0.01233 -0.00300 0.08751
v -0.01380 -0.00300 0.08729
v -0.01527 -0.00300 0.08705
v -0.01673 -0.00300 0.08678
v -0.01819 -0.00300 0.08648
v -0.01965 -0.00300 0.08617
v -0.02109 -0.00300 0.08582
v -0.02254 -0.00300 0.08546
v -0.02397 -0.00300 0.08506
v -0.02540 -0.00300 0.08465
v -0.02682 -0.00300 0.08421
v -0.02823 -0.00300 0.08375
v -0.02964 -0.00300 0.08326
v -0.03104 -0.00300 0.08275
v -0.03243 -0.00300 0.08221
v -0.03380 -0.00300 0.08166
v -0.03517 -0.00300 0.08108
v -0.03653 -0.00300 0.08047
v -0.03788 -0.00300 0.07985
v -0.03922 -0.00300 0.07920
v -0.04055 -0.00300 0.07853
v -0.04186 -0.00300 0.07783
v -0.04317 -0.00300 0.07712
v -0.04446 -0.00300 0.07638
v -0.04574 -0.00300 0.07562
v -0.04701 -0.00300 0.07484
v -0.04826 -0.00300 0.07404
v -0.04950 -0.00300 0.07321
v -0.05072 -0.00300 0.07237
v -0.05194 -0.00300 0.07151
v -0.05313 -0.00300 0.07062
v -0.05431 -0.00300 0.06972
v -0.05548 -0.00300 0.06879
v -0.05663 -0.00300 0.06785
v -0.05776 -0.00300 0.06689
v -0.05888 -0.00300 0.06591
v -0.05998 -0.00300 0.06491
v -0.06107 -0.00300 0.06389
v -0.06213 -0.00300 0.06285
v -0.06318 -0.00300 0.06179
v -0.06421 -0.00300 0.06072
v -0.06523 -0.00300 0.05963
v -0.06622 -0.00300 0.05853
v -0.06720 -0.00300 0.05740
v -0.06815 -0.00300 0.05626
v -0.06909 -0.00300 0.05511
v -0.07001 -0.00300 0.05394
v -0.07091 -0.00300 0.05275
v -0.07178 -0.00300 0.05155
v -0.07264 -0.00300 0.05034
v -0.07348 -0.00300 0.04911
v -0.07429 -0.00300 0.04786
v -0.07509 -0.00300 0.04661
v -0.07586 -0.00300 0.04534
v -0.07662 -0.00300 0.04405
v -0.07735 -0.00300 0.04276
v -0.07805 -0.00300 0.04145
v -0.07874 -0.00300 0.04013
v -0.07941 -0.00300 0.03880
v -0.08005 -0.00300 0.03746
v -0.08067 -0.00300 0.03610
v -0.08126 -0.00300 0.03474
v -0.08184 -0.00300 0.03337
v -0.08239 -0.00300 0.03198
v -0.08291 -0.00300 0.03059
v -0.08342 -0.00300 0.02919
v -0.08390 -0.00300 0.02779
v -0.08435 -0.00300 0.02637
v -0.08478 -0.00300 0.02495
v -0.08519 -0.00300 0.02352
v -0.08557 -0.00300 0.02208
v -0.08593 -0.00300 0.02063
v -0.08627 -0.00300 0.01919
v -0.08658 -0.00300 0.01773
v -0.08687 -0.00300 0.01627
v -0.08713 -0.00300 0.01481
v -0.08736 -0.00300 0.01334
v -0.08758 -0.00300 0.01187
v -0.08776 -0.00300 0.01039
v -0.08793 -0.00300 0.00891
v -0.08806 -0.00300 0.00743
v -0.08818 -0.00300 0.00595
v -0.08826 -0.00300 0.00446
v -0.08833 -0.00300 0.00297
v -0.08836 -0.00300 0.00149
v -0.08838 -0.00300 -0.00000
v -0.08836 -0.00300 -0.00149
v -0.08833 -0.00300 -0.00297
v -0.08826 -0.00300 -0.00446
v -0.08818 -0.00300 -0.00595
v -0.08806 -0.00300 -0.00743
v -0.08793 -0.00300 -0.00891
v -0.08776 -0.00300 -0.01039
v -0.08758 -0.00300 -0.01187
v -0.08736 -0.00300 -0.01334
v -0.08713 -0.00300 -0.01481
v -0.08687 -0.00300 -0.01627
v -0.08658 -0.00300 -0.01773
v -0.08627 -0.00300 -0.01919
v -0.08593 -0.00300 -0.02063
v -0.08557 -0.00300 -0.02208
v -0.08519 -0.00300 -0.02352
v -0.08478 -0.00300 -0.02495
v -0.08435 -0.00300 -0.02637
v -0.08390 -0.00300 -0.02779
v -0.08342 -0.00300 -0.02919
v -0.08291 -0.00300 -0.03059
v -0.08239 -0.00300 -0.03198
v -0.08184 -0.00300 -0.03337
v -0.08126 -0.00300 -0.03474
v -0.08067 -0.00300 -0.03610
v -0.08005 -0.00300 -0.03746
v -0.07941 -0.00300 -0.03880
v -0.07874 -0.00300 -0.04013
v -0.07805 -0.00300 -0.04145
v -0.07735 -0.00300 -0.04276
v -0.07662 -0.00300 -0.04405
v -0.07586 -0.00300 -0.04534
v -0.07509 -0.00300 -0.04661
v -0.07429 -0.00300 -0.04786
v -0.07348 -0.00300 -0.04911
v -0.07264 -0.00300 -0.05034
v -0.07178 -0.00300 -0.05155
v -0.07091 -0.00300 -0.05275
v -0.07001 -0.00300 -0.05394
v -0.06909 -0.00300 -0.05511
v -0.06815 -0.00300 -0.05626
v -0.06720 -0.00300 -0.05740
v -0.06622 -0.00300 -0.05853
v -0.06523 -0.00300 -0.05963
v -0.06421 -0.00300 -0.06072
v -0.06318 -0.00300 -0.06179
v -0.06213 -0.00300 -0.06285
v -0.06107 -0.00300 -0.06389
v -0.05998 -0.00300 -0.06491
v -0.05888 -0.00300 -0.06591
v -0.05776 -0.00300 -0.06689
v -0.05663 -0.00300 -0.06785
v -0.05548 -0.00300 -0.06879
v -0.05431 -0.00300 -0.06972
v -0.05313 -0.00300 -0.07062
v -0.05194 -0.00300 -0.07151
v -0.05072 -0.00300 -0.07237
v -0.04950 -0.00300 -0.07321
v -0.04826 -0.00300 -0.07404
v -0.04701 -0.00300 -0.07484
v -0.04574 -0.00300 -0.07562
v -0.04446 -0.00300 -0.07638
v -0.04317 -0.00300 -0.07712
v -0.04186 -0.00300 -0.07783
v -0.04055 -0.00300 -0.07853
v -0.03922 -0.00300 -0.07920
v -0.03788 -0.00300 -0.07985
v -0.03653 -0.00300 -0.08047
v -0.03517 -0.00300 -0.08108
v -0.03380 -0.00300 -0.08166
v -0.03243 -0.00300 -0.08221
v -0.03104 -0.00300 -0.08275
v -0.02964 -0.00300 -0.08326
v -0.02823 -0.00300 -0.08375
v -0.02682 -0.00300 -0.08421
v -0.02540 -0.00300 -0.08465
v -0.02397 -0.00300 -0.08506
v -0.02254 -0.00300 -0.08546
v -0.02109 -0.00300 -0.08582
v -0.01965 -0.00300 -0.08617
v -0.01819 -0.00300 -0.08648
v -0.01673 -0.00300 -0.08678
v -0.01527 -0.00300 -0.08705
v -0.01380 -0.00300 -0.08729
v -0.01233 -0.00300 -0.08751
v -0.01086 -0.00300 -0.08771
v -0.00938 -0.00300 -0.08788
v -0.00790 -0.00300 -0.08802
v -0.00642 -0.00300 -0.08814
v -0.00493 -0.00300 -0.08824
v -0.00345 -0.00300 -0.08831
v -0.00196 -0.00300 -0.08836
v -0.00047 -0.00300 -0.08838
v 0.00101 -0.00300 -0.08837
v 0.00250 -0.00300 -0.08834
v 0.00399 -0.00300 -0.08829
v 0.00547 -0.00300 -0.08821
v 0.00696 -0.00300 -0.08810
v 0.00844 -0.00300 -0.08797
v 0.00992 -0.00300 -0.08782
v 0.01140 -0.00300 -0.08764
v 0.01287 -0.00300 -0.08743
v 0.01434 -0.00300 -0.08721
v 0.01581 -0.00300 -0.08695
v 0.01727 -0.00300 -0.08667
v 0.01872 -0.00300 -0.08637
v 0.02017 -0.00300 -0.08604
v 0.02162 -0.00300 -0.08569
v 0.02306 -0.00300 -0.08532
v 0.02449 -0.00300 -0.08492
v 0.02592 -0.00300 -0.08449
v 0.02734 -0.00300 -0.08404
v 0.02875 -0.00300 -0.08357
v 0.03015 -0.00300 -0.08307
v 0.03154 -0.00300 -0.08256
v 0.03293 -0.00300 -0.08201
v 0.03430 -0.00300 -0.08145
v 0.03567 -0.00300 -0.08086
v 0.03703 -0.00300 -0.08025
v 0.03837 -0.00300 -0.07961
v 0.03971 -0.00300 -0.07895
v 0.04103 -0.00300 -0.07828
v 0.04234 -0.00300 -0.07757
v 0.04364 -0.00300 -0.07685
v 0.04493 -0.00300 -0.07610
v 0.04620 -0.00300 -0.07534
v 0.04746 -0.00300 -0.07455
v 0.04871 -0.00300 -0.07374
v 0.04995 -0.00300 -0.07291
v 0.05117 -0.00300 -0.07206
v 0.05237 -0.00300 -0.07119
v 0.05356 -0.00300 -0.07029
v 0.05440 0.00300 -0.07139
v 0.05319 0.00300 -0.07230
v 0.05197 0.00300 -0.07318
v 0.05073 0.00300 -0.07405
v 0.04947 0.00300 -0.07489
v 0.04821 0.00300 -0.07571
v 0.04692 0.00300 -0.07651
v 0.04563 0.00300 -0.07729
v 0.04432 0.00300 -0.07805
v 0.04300 0.00300 -0.07878
v 0.04167 0.00300 -0.07950
v 0.04033 0.00300 -0.08019
v 0.03897 0.00300 -0.08085
v 0.03760 0.00300 -0.08150
v 0.03623 0.00300 -0.08212
v 0.03484 0.00300 -0.08272
v 0.03344 0.00300 -0.08329
v 0.03204 0.00300 -0.08384
v 0.03062 0.00300 -0.08437
v 0.02920 0.00300 -0.08488
v 0.02776 0.00300 -0.08536
v 0.02632 0.00300 -0.08581
v 0.02487 0.00300 -0.08624
v 0.02342 0.00300 -0.08665
v 0.02196 0.00300 -0.08703
v 0.02049 0.00300 -0.08739
v 0.01902 0.00300 -0.08772
v 0.01754 0.00300 -0.08803
v 0.01605 0.00300 -0.08831
v 0.01456 0.00300 -0.08857
v 0.01307 0.00300 -0.08880
v 0.01157 0.00300 -0.08901
v 0.01007 0.00300 -0.08919
v 0.00857 0.00300 -0.08935
v 0.00707 0.00300 -0.08948
v 0.00556 0.00300 -0.08958
v 0.00405 0.00300 -0.08967
v 0.00254 0.00300 -0.08972
v 0.00103 0.00300 -0.08975
v -0.00048 0.00300 -0.08976
v -0.00199 0.00300 -0.08973
v -0.00350 0.00300 -0.08969
v -0.00501 0.00300 -0.08962
v -0.00652 0.00300 -0.08952
v -0.00802 0.00300 -0.08940
v -0.00953 0.00300 -0.08925
v -0.01103 0.00300 -0.08908
v -0.01253 0.00300 -0.08888
v -0.01402 0.00300 -0.08866
v -0.01551 0.00300 -0.08841
v -0.01700 0.00300 -0.08813
v -0.01848 0.00300 -0.08783
v -0.01995 0.00300 -0.08751
v -0.02142 0.00300 -0.08716
v -0.02289 0.00300 -0.08679
v -0.02434 0.00300 -0.08639
v -0.02580 0.00300 -0.08597
v -0.02724 0.00300 -0.08552
v -0.02867 0.00300 -0.08505
v -0.03010 0.00300 -0.08456
v -0.03152 0.00300 -0.08404
v -0.03293 0.00300 -0.08350
v -0.03433 0.00300 -0.08293
v -0.03572 0.00300 -0.08234
v -0.03710 0.00300 -0.08173
v -0.03847 0.00300 -0.08109
v -0.03983 0.00300 -0.08043
v -0.04118 0.00300 -0.07975
v -0.04252 0.00300 -0.07905
v -0.04384 0.00300 -0.07832
v -0.04516 0.00300 -0.07757
v -0.04645 0.00300 -0.07680
v -0.04774 0.00300 -0.07601
v -0.04901 0.00300 -0.07519
v -0.05027 0.00300 -0.07436
v -0.05152 0.00300 -0.07350
v -0.05275 0.00300 -0.07262
v -0.05396 0.00300 -0.07172
v -0.05516 0.00300 -0.07081
v -0.05634 0.00300 -0.06987
v -0.05751 0.00300 -0.06891
v -0.05866 0.00300 -0.06793
v -0.05980 0.00300 -0.06693
v -0.06092 0.00300 -0.06592
v -0.06202 0.00300 -0.06488
v -0.06310 0.00300 -0.06383
v -0.06417 0.00300 -0.06276
v -0.06521 0.00300 -0.06167
v -0.06624 0.00300 -0.06056
v -0.06725 0.00300 -0.05944
v -0.06824 0.00300 -0.05830
v -0.06922 0.00300 -0.05714
v -0.07017 0.00300 -0.05597
v -0.07110 0.00300 -0.05478
v -0.07201 0.00300 -0.05358
v -0.07290 0.00300 -0.05236
v -0.07378 0.00300 -0.05112
v -0.07463 0.00300 -0.04987
v -0.07545 0.00300 -0.04861
v -0.07626 0.00300 -0.04733
v -0.07705 0.00300 -0.04604
v -0.07781 0.00300 -0.04474
v -0.07855 0.00300 -0.04342
v -0.07927 0.00300 -0.04210
v -0.07997 0.00300 -0.04076
v -0.08065 0.00300 -0.03940
v -0.08130 0.00300 -0.03804
v -0.08193 0.00300 -0.03667
v -0.08253 0.00300 -0.03528
v -0.08311 0.00300 -0.03389
v -0.08367 0.00300 -0.03248
v -0.08421 0.00300 -0.03107
v -0.08472 0.00300 -0.02965
v -0.08521 0.00300 -0.02822
v -0.08567 0.00300 -0.02678
v -0.08611 0.00300 -0.02534
v -0.08652 0.00300 -0.02388
v -0.08691 0.00300 -0.02242
v -0.08728 0.00300 -0.02096
v -0.08762 0.00300 -0.01948
v -0.08793 0.00300 -0.01801
v -0.08822 0.00300 -0.01652
v -0.08849 0.00300 -0.01504
v -0.08873 0.00300 -0.01355
v -0.08894 0.00300 -0.01205
v -0.08913 0.00300 -0.01055
v -0.08930 0.00300 -0.00905
v -0.08944 0.00300 -0.00755
v -0.08955 0.00300 -0.00604
v -0.08964 0.00300 -0.00453
v -0.08971 0.00300 -0.00302
v -0.08974 0.00300 -0.00151
v -0.08976 0.00300 -0.00000
v -0.08974 0.00300 0.00151
v -0.08971 0.00300 0.00302
v -0.08964 0.00300 0.00453
v -0.08955 0.00300 0.00604
v -0.08944 0.00300 0.00755
v -0.08930 0.00300 0.00905
v -0.08913 0.00300 0.01055
v -0.08894 0.00300 0.01205
v -0.08873 0.00300 0.01355
v -0.08849 0.00300 0.01504
v -0.08822 0.00300 0.01652
v -0.08793 0.00300 0.01801
v -0.08762 0.00300 0.01948
v -0.08728 0.00300 0.02096
v -0.08691 0.00300 0.02242
v -0.08652 0.00300 0.02388
v -0.08611 0.00300 0.02534
v -0.08567 0.00300 0.02678
v -0.08521 0.00300 0.02822
v -0.08472 0.00300 0.02965
v -0.08421 0.00300 0.03107
v -0.08367 0.00300 0.03248
v -0.08311 0.00300 0.03389
v -0.08253 0.00300 0.03528
v -0.08193 0.00300 0.03667
v -0.08130 0.00300 0.03804
v -0.08065 0.00300 0.03940
v -0.07997 0.00300 0.04076
v -0.07927 0.00300 0.04210
v -0.07855 0.00300 0.04342
v -0.07781 0.00300 0.04474
v -0.07705 0.00300 0.04604
v -0.07626 0.00300 0.04733
v -0.07545 0.00300 0.04861
v -0.07463 0.00300 0.04987
v -0.07378 0.00300 0.05112
v -0.07290 0.00300 0.05236
v -0.07201 0.00300 0.05358
v -0.07110 0.00300 0.05478
v -0.07017 0.00300 0.05597
v -0.06922 0.00300 0.05714
v -0.06824 0.00300 0.05830
v -0.06725 0.00300 0.05944
v -0.06624 0.00300 0.06056
v -0.06521 0.00300 0.06167
v -0.06417 0.00300 0.06276
v -0.06310 0.00300 0.06383
v -0.06202 0.00300 0.06488
v -0.06092 0.00300 0.06592
v -0.05980 0.00300 0.06693
v -0.05866 0.00300 0.06793
v -0.05751 0.00300 0.06891
v -0.05634 0.00300 0.06987
v -0.05516 0.00300 0.07081
v -0.05396 0.00300 0.07172
v -0.05275 0.00300 0.07262
v -0.05152 0.00300 0.07350
v -0.05027 0.00300 0.07436
v -0.04901 0.00300 0.07519
v -0.04774 0.00300 0.07601
v -0.04645 0.00300 0.07680
v -0.04516 0.00300 0.07757
v -0.04384 0.00300 0.07832
v -0.04252 0.00300 0.07905
v -0.04118 0.00300 0.07975
v -0.03983 0.00300 0.08043
v -0.03847 0.00300 0.08109
v -0.03710 0.00300 0.08173
v -0.03572 0.00300 0.08234
v -0.03433 0.00300 0.08293
v -0.03293 0.00300 0.08350
v -0.03152 0.00300 0.08404
v -0.03010 0.00300 0.08456
v -0.02867 0.00300 0.08505
v -0.02724 0.00300 0.08552
v -0.02580 0.00300 0.08597
v -0.02434 0.00300 0.08639
v -0.02289 0.00300 0.08679
v -0.02142 0.00300 0.08716
v -0.01995 0.00300 0.08751
v -0.01848 0.00300 0.08783
v -0.01700 0.00300 0.08813
v -0.01551 0.00300 0.08841
v -0.01402 0.00300 0.08866
v -0.01253 0.00300 0.08888
v -0.01103 0.00300 0.08908
v -0.00953 0.00300 0.08925
v -0.00802 0.00300 0.08940
v -0.00652 0.00300 0.08952
v -0.00501 0.00300 0.08962
v -0.00350 0.00300 0.08969
v -0.00199 0.00300 0.08973
v -0.00048 0.00300 0.08976
v 0.00103 0.00300 0.08975
v 0.00254 0.00300 0.08972
v 0.00405 0.00300 0.08967
v 0.00556 0.00300 0.08958
v 0.00707 0.00300 0.08948
v 0.00857 0.00300 0.08935
v 0.01007 0.00300 0.08919
v 0.01157 0.00300 0.08901
v 0.01307 0.00300 0.08880
v 0.01456 0.00300 0.08857
v 0.01605 0.00300 0.08831
v 0.01754 0.00300 0.08803
v 0.01902 0.00300 0.08772
v 0.02049 0.00300 0.08739
v 0.02196 0.00300 0.08703
v 0.02342 0.00300 0.08665
v 0.02487 0.00300 0.08624
v 0.02632 0.00300 0.08581
v 0.02776 0.00300 0.08536
v 0.02920 0.00300 0.08488
v 0.03062 0.00300 0.08437
v 0.03204 0.00300 0.08384
v 0.03344 0.00300 0.08329
v 0.03484 0.00300 0.08272
v 0.03623 0.00300 0.08212
v 0.03760 0.00300 0.08150
v 0.03897 0.00300 0.08085
v 0.04033 0.00300 0.08019
v 0.04167 0.00300 0.07950
v 0.04300 0.00300 0.07878
v 0.04432 0.00300 0.07805
v 0.04563 0.00300 0.07729
v 0.04692 0.00300 0.07651
v 0.04821 0.00300 0.07571
v 0.04947 0.00300 0.07489
v 0.05073 0.00300 0.07405
v 0.05197 0.00300 0.07318
v 0.05319 0.00300 0.07230
v 0.05440 0.00300 0.07139
v 0.05559 0.00300 0.07047
v 0.05677 0.00300 0.06952
v 0.05793 0.00300 0.06856
v 0.12986 0.00300 0.00777
v 0.13100 0.00300 0.00664
v 0.13195 0.00300 0.00535
v 0.13268 0.00300 0.00392
v 0.13318 0.00300 0.00239
v 0.13344 0.00300 0.00080
v 0.13344 0.00300 -0.00080
v 0.13318 0.00300 -0.00239
v 0.13268 0.00300 -0.00392
v 0.13195 0.00300 -0.00535
v 0.13100 0.00300 -0.00664
v 0.05474 0.00300 -0.06938
v 0.05590 0.00300 -0.06845
v 0.05704 0.00300 -0.06750
v 0.12897 0.00300 -0.00672
v 0.12995 0.00300 -0.00574
v 0.13078 0.00300 -0.00462
v 0.13141 0.00300 -0.00339
v 0.13184 0.00300 -0.00207
v 0.13206 0.00300 -0.00069
v 0.13206 0.00300 0.00069
v 0.13184 0.00300 0.00207
v 0.13141 0.00300 0.00339
v 0.13078 0.00300 0.00462
v 0.12995 0.00300 0.00574
v 0.12897 0.00300 0.00672
v 0.05704 0.00300 0.06750
v 0.05590 0.00300 0.06845
v 0.05474 0.00300 0.06938
v 0.05356 0.00300 0.07029
v 0.05237 0.00300 0.07119
v 0.05117 0.00300 0.07206
v 0.04995 0.00300 0.07291
v 0.04871 0.00300 0.07374
v 0.04746 0.00300 0.07455
v 0.04620 0.00300 0.07534
v 0.04493 0.00300 0.07610
v 0.04364 0.00300 0.07685
v 0.04234 0.00300 0.07757
v 0.04103 0.00300 0.07828
v 0.03971 0.00300 0.07895
v 0.03837 0.00300 0.07961
v 0.03703 0.00300 0.08025
v 0.03567 0.00300 0.08086
v 0.03430 0.00300 0.08145
v 0.03293 0.00300 0.08201
v 0.03154 0.00300 0.08256
v 0.03015 0.00300 0.08307
v 0.02875 0.00300 0.08357
v 0.02734 0.00300 0.08404
v 0.02592 0.00300 0.08449
v 0.02449 0.00300 0.08492
v 0.02306 0.00300 0.08532
v 0.02162 0.00300 0.08569
v 0.02017 0.00300 0.08604
v 0.01872 0.00300 0.08637
v 0.01727 0.00300 0.08667
v 0.01581 0.00300 0.08695
v 0.01434 0.00300 0.08721
v 0.01287 0.00300 0.08743
v 0.01140 0.00300 0.08764
v 0.00992 0.00300 0.08782
v 0.00844 0.00300 0.08797
v 0.00696 0.00300 0.08810
v 0.00547 0.00300 0.08821
v 0.00399 0.00300 0.08829
v 0.00250 0.00300 0.08834
v 0.00101 0.00300 0.08837
v -0.00047 0.00300 0.08838
v -0.00196 0.00300 0.08836
v -0.00345 0.00300 0.08831
v -0.00493 0.00300 0.08824
v -0.00642 0.00300 0.08814
v -0.00790 0.00300 0.08802
v -0.00938 0.00300 0.08788
v -0.01086 0.00300 0.08771
v -0.01233 0.00300 0.08751
v -0.01380 0.00300 0.08729
v -0.01527 0.00300 0.08705
v -0.01673 0.00300 0.08678
v -0.01819 0.00300 0.08648
v -0.01965 0.00300 0.08617
v -0.02109 0.00300 0.08582
v -0.02254 0.00300 0.08546
v -0.02397 0.00300 0.08506
v -0.02540 0.00300 0.08465
v -0.02682 0.00300 0.08421
v -0.02823 0.00300 0.08375
v -0.02964 0.00300 0.08326
v -0.03104 0.00300 0.08275
v -0.03243 0.00300 0.08221
v -0.03380 0.00300 0.08166
v -0.03517 0.00300 0.08108
v -0.03653 0.00300 0.08047
v -0.03788 0.00300 0.07985
v -0.03922 0.00300 0.07920
v -0.04055 0.00300 0.07853
v -0.04186 0.00300 0.07783
v -0.04317 0.00300 0.07712
v -0.04446 0.00300 0.07638
v -0.04574 0.00300 0.07562
v -0.04701 0.00300 0.07484
v -0.04826 0.00300 0.07404
v -0.04950 0.00300 0.07321
v -0.05072 0.00300 0.07237
v -0.05194 0.00300 0.07151
v -0.05313 0.00300 0.07062
v -0.05431 0.00300 0.06972
v -0.05548 0.00300 0.06879
v -0.05663 0.00300 0.06785
v -0.05776 0.00300 0.06689
v -0.05888 0.00300 0.06591
v -0.05998 0.00300 0.06491
v -0.06107 0.00300 0.06389
v -0.06213 0.00300 0.06285
v -0.06318 0.00300 0.06179
v -0.06421 0.00300 0.06072
v -0.06523 0.00300 0.05963
v -0.06622 0.00300 0.05853
v -0.06720 0.00300 0.05740
v -0.06815 0.00300 0.05626
v -0.06909 0.00300 0.05511
v -0.07001 0.00300 0.05394
v -0.07091 0.00300 0.05275
v -0.07178 0.00300 0.05155
v -0.07264 0.00300 0.05034
v -0.07348 0.00300 0.04911
v -0.07429 0.00300 0.04786
v -0.07509 0.00300 0.04661
v -0.07586 0.00300 0.04534
v -0.07662 0.00300 0.04405
v -0.07735 0.00300 0.04276
v -0.07805 0.00300 0.04145
v -0.07874 0.00300 0.04013
v -0.07941 0.00300 0.03880
v -0.08005 0.00300 0.03746
v -0.08067 0.00300 0.03610
v -0.08126 0.00300 0.03474
v -0.08184 0.00300 0.03337
v -0.08239 0.00300 0.03198
v -0.08291 0.00300 0.03059
v -0.08342 0.00300 0.02919
v -0.08390 0.00300 0.02779
v -0.08435 0.00300 0.02637
v -0.08478 0.00300 0.02495
v -0.08519 0.00300 0.02352
v -0.08557 0.00300 0.02208
v -0.08593 0.00300 0.02063
v -0.08627 0.00300 0.01919
v -0.08658 0.00300 0.01773
v -0.08687 0.00300 0.01627
v -0.08713 0.00300 0.01481
v -0.08736 0.00300 0.01334
v -0.08758 0.00300 0.01187
v -0.08776 0.00300 0.01039
v -0.08793 0.00300 0.00891
v -0.08806 0.00300 0.00743
v -0.08818 0.00300 0.00595
v -0.08826 0.00300 0.00446
v -0.08833 0.00300 0.00297
v -0.08836 0.00300 0.00149
v -0.08838 0.00300 -0.00000
v -0.08836 0.00300 -0.00149
v -0.08833 0.00300 -0.00297
v -0.08826 0.00300 -0.00446
v -0.08818 0.00300 -0.00595
v -0.08806 0.00300 -0.00743
v -0.08793 0.00300 -0.00891
v -0.08776 0.00300 -0.01039
v -0.08758 0.00300 -0.01187
v -0.08736 0.00300 -0.01334
v -0.08713 0.00300 -0.01481
v -0.08687 0.00300 -0.01627
v -0.08658 0.00300 -0.01773
v -0.08627 0.00300 -0.01919
v -0.08593 0.00300 -0.02063
v -0.08557 0.00300 -0.02208
v -0.08519 0.00300 -0.02352
v -0.08478 0.00300 -0.02495
v -0.08435 0.00300 -0.02637
v -0.08390 0.00300 -0.02779
v -0.08342 0.00300 -0.02919
v -0.08291 0.00300 -0.03059
v -0.08239 0.00300 -0.03198
v -0.08184 0.00300 -0.03337
v -0.08126 0.00300 -0.03474
v -0.08067 0.00300 -0.03610
v -0.08005 0.00300 -0.03746
v -0.07941 0.00300 -0.03880
v -0.07874 0.00300 -0.04013
v -0.07805 0.00300 -0.04145
v -0.07735 0.00300 -0.04276
v -0.07662 0.00300 -0.04405
v -0.07586 0.00300 -0.04534
v -0.07509 0.00300 -0.04661
v -0.07429 0.00300 -0.04786
v -0.07348 0.00300 -0.04911
v -0.07264 0.00300 -0.05034
v -0.07178 0.00300 -0.05155
v -0.07091 0.00300 -0.05275
v -0.07001 0.00300 -0.05394
v -0.06909 0.00300 -0.05511
v -0.06815 0.00300 -0.05626
v -0.06720 0.00300 -0.05740
v -0.06622 0.00300 -0.05853
v -0.06523 0.00300 -0.05963
v -0.06421 0.00300 -0.06072
v -0.06318 0.00300 -0.06179
v -0.06213 0.00300 -0.06285
v -0.06107 0.00300 -0.06389
v -0.05998 0.00300 -0.06491
v -0.05888 0.00300 -0.06591
v -0.05776 0.00300 -0.06689
v -0.05663 0.00300 -0.06785
v -0.05548 0.00300 -0.06879
v -0.05431 0.00300 -0.06972
v -0.05313 0.00300 -0.07062
v -0.05194 0.00300 -0.07151
v -0.05072 0.00300 -0.07237
v -0.04950 0.00300 -0.07321
v -0.04826 0.00300 -0.07404
v -0.04701 0.00300 -0.07484
v -0.04574 0.00300 -0.07562
v -0.04446 0.00300 -0.07638
v -0.04317 0.00300 -0.07712
v -0.04186 0.00300 -0.07783
v -0.04055 0.00300 -0.07853
v -0.03922 0.00300 -0.07920
v -0.03788 0.00300 -0.07985
v -0.03653 0.00300 -0.08047
v -0.03517 0.00300 -0.08108
v -0.03380 0.00300 -0.08166
v -0.03243 0.00300 -0.08221
v -0.03104 0.00300 -0.08275
v -0.02964 0.00300 -0.08326
v -0.02823 0.00300 -0.08375
v -0.02682 0.00300 -0.08421
v -0.02540 0.00300 -0.08465
v -0.02397 0.00300 -0.08506
v -0.02254 0.00300 -0.08546
v -0.02109 0.00300 -0.08582
v -0.01965 0.00300 -0.08617
v -0.01819 0.00300 -0.08648
v -0.01673 0.00300 -0.08678
v -0.01527 0.00300 -0.08705
v -0.01380 0.00300 -0.08729
v -0.01233 0.00300 -0.08751
v -0.01086 0.00300 -0.08771
v -0.00938 0.00300 -0.08788
v -0.00790 0.00300 -0.08802
v -0.00642 0.00300 -0.08814
v -0.00493 0.00300 -0.08824
v -0.00345 0.00300 -0.08831
v -0.00196 0.00300 -0.08836
v -0.00047 0.00300 -0.08838
v 0.00101 0.00300 -0.08837
v 0.00250 0.00300 -0.08834
v 0.00399 0.00300 -0.08829
v 0.00547 0.00300 -0.08821
v 0.00696 0.00300 -0.08810
v 0.00844 0.00300 -0.08797
v 0.00992 0.00300 -0.08782
v 0.01140 0.00300 -0.08764
v 0.01287 0.00300 -0.08743
v 0.01434 0.00300 -0.08721
v 0.01581 0.00300 -0.08695
v 0.01727 0.00300 -0.08667
v 0.01872 0.00300 -0.08637
v 0.02017 0.00300 -0.08604
v 0.02162 0.00300 -0.08569
v 0.02306 0.00300 -0.08532
v 0.02449 0.00300 -0.08492
v 0.02592 0.00300 -0.08449
v 0.02734 0.00300 -0.08404
v 0.02875 0.00300 -0.08357
v 0.03015 0.00300 -0.08307
v 0.03154 0.00300 -0.08256
v 0.03293 0.00300 -0.08201
v 0.03430 0.00300 -0.08145
v 0.03567 0.00300 -0.08086
v 0.03703 0.00300 -0.08025
v 0.03837 0.00300 -0.07961
v 0.03971 0.00300 -0.07895
v 0.04103 0.00300 -0.07828
v 0.04234 0.00300 -0.07757
v 0.04364 0.00300 -0.07685
v 0.04493 0.00300 -0.07610
v 0.04620 0.00300 -0.07534
v 0.04746 0.00300 -0.07455
v 0.04871 0.00300 -0.07374
v 0.04995 0.00300 -0.07291
v 0.05117 0.00300 -0.07206
v 0.05237 0.00300 -0.07119
v 0.05356 0.00300 -0.07029
vn 0.6390 -0.0000 -0.7692
vn 0.6390 -0.0000 -0.7692
vn 0.6390 -0.0000 -0.7692
vn 0.6390 -0.0000 -0.7692
vn 0.6455 -0.0000 -0.7638
vn 0.6455 -0.0000 -0.7638
vn 0.6260 -0.0000 -0.7798
vn 0.6260 -0.0000 -0.7798
vn -0.0000 -1.0000 0.0000
vn -0.0000 -1.0000 0.0000
vn -0.0000 -1.0000 0.0000
vn -0.0000 -1.0000 0.0000
vn -0.0000 -1.0000 0.0000
vn -0.0000 -1.0000 0.0000
vn -0.0000 -1.0000 0.0000
vn -0.0000 -1.0000 0.0000
vn -0.0000 -1.0000 0.0000
vn -0.0000 -1.0000 0.0000
vn -0.0000 -1.0000 0.0000
vn -0.0000 -1.0000 0.0000
vn -0.0000 -1.0000 0.0000
vn -0.0000 -1.0000 0.0000
vn -0.0000 -1.0000 0.0000
vn -0.0000 -1.0000 0.0000
vn -0.0000 -1.0000 0.0000
vn -0.0000 -1.0000 0.0000
vn -0.0000 -1.0000 0.0000
vn -0.0000 -1.0000 0.0000
vn -0.0000 -1.0000 0.0000
vn -0.0000 -1.0000 0.0000
vn -0.0000 -1.0000 0.0000
vn -0.0000 -1.0000 0.0000
vn -0.0000 -1.0000 0.0000
vn -0.0000 -1.0000 0.0000
vn -0.0000 -1.0000 0.0000
vn -0.0000 -1.0000 0.0000
vn -0.0000 -1.0000 0.0000
vn -0.0000 -1.0000 0.0000
vn -0.0000 -1.0000 0.0000
vn -0.0000 -1.0000 0.0000
vn -0.0000 -1.0000 0.0000
vn -0.0000 -1.0000 0.0000
vn -0.0000 -1.0000 0.0000
vn -0.0000 -1.0000 0.0000
vn -0.0000 -1.0000 0.0000
vn -0.0000 -1.0000 0.0000
vn -0.0000 -1.0000 0.0000
vn -0.0000 -1.0000 0.0000
vn -0.0000 -1.0000 0.0000
vn -0.0000 -1.0000 0.0000
vn -0.0000 -1.0000 0.0000
vn -0.0000 -1.0000 0.0000
vn -0.0000 -1.0000 0.0000
vn -0.0000 -1.0000 0.0000
vn -0.0000 -1.0000 0.0000
vn -0.0000 -1.0000 0.0000
vn -0.0000 -1.0000 0.0000
vn -0.0000 -1.0000 0.0000
vn -0.0000 -1.0000 0.0000
vn -0.0000 -1.0000 0.0000
vn -0.0000 -1.0000 0.0000
vn -0.0000 -1.0000 0.0000
vn -0.0000 -1.0000 0.0000
vn -0.0000 -1.0000 0.0000
vn -0.0000 -1.0000 0.0000
vn -0.0000 -1.0000 0.0000
vn -0.0000 -1.0000 0.0000
vn -0.0000 -1.0000 0.0000
vn -0.0000 -1.0000 0.0000
vn -0.0000 -1.0000 0.0000
vn -0.0000 -1.0000 0.0000
vn -0.0000 -1.0000 0.0000
vn -0.0000 -1.0000 0.0000
vn -0.0000 -1.0000 0.0000
vn -0.0000 -1.0000 0.0000
vn -0.0000 -1.0000 0.0000
vn -0.0000 -1.0000 0.0000
vn -0.0000 -1.0000 0.0000
vn -0.0000 -1.0000 0.0000
vn -0.0000 -1.0000 0.0000
vn -0.0000 -1.0000 0.0000
vn -0.0000 -1.0000 0.0000
vn -0.0000 -1.0000 0.0000
vn -0.0000 -1.0000 0.0000
vn -0.0000 -1.0000 0.0000
vn -0.0000 -1.0000 0.0000
vn -0.0000 -1.0000 0.0000
vn -0.0000 -1.0000 0.0000
vn -0.0000 -1.0000 0.0000
vn -0.0000 -1.0000 0.0000
vn -0.0000 -1.0000 0.0000
vn -0.0000 -1.0000 0.0000
vn -0.0000 -1.0000 0.0000
vn -0.0000 -1.0000 0.0000
vn -0.0000 -1.0000 0.0000
vn -0.0000 -1.0000 0.0000
vn -0.0000 -1.0000 0.0000
vn -0.0000 -1.0000 0.0000
vn -0.0000 -1.0000 0.0000
vn -0.0000 -1.0000 0.0000
vn -0.0000 -1.0000 0.0000
vn -0.0000 -1.0000 0.0000
vn -0.0000 -1.0000 0.0000
vn -0.0000 -1.0000 0.0000
vn -0.0000 -1.0000 0.0000
vn -0.0000 -1.0000 0.0000
vn -0.0000 -1.0000 0.0000
vn -0.0000 -1.0000 0.0000
vn -0.0000 -1.0000 0.0000
vn -0.0000 -1.0000 0.0000
vn -0.0000 -1.0000 0.0000
vn -0.0000 -1.0000 0.0000
vn -0.0000 -1.0000 0.0000
vn -0.0000 -1.0000 0.0000
vn -0.0000 -1.0000 0.0000
vn -0.0000 -1.0000 0.0000
vn -0.0000 -1.0000 0.0000
vn -0.0000 -1.0000 0.0000
vn -0.0000 -1.0000 0.0000
vn -0.0000 -1.0000 0.0000
vn -0.0000 -1.0000 0.0000
vn -0.0000 -1.0000 0.0000
vn -0.0000 -1.0000 0.0000
vn -0.0000 -1.0000 0.0000
vn -0.0000 -1.0000 0.0000
vn -0.0000 -1.0000 0.0000
vn -0.0000 -1.0000 0.0000
vn -0.0000 -1.0000 0.0000
vn -0.0000 -1.0000 0.0000
vn -0.0000 -1.0000 0.0000
vn -0.0000 -1.0000 0.0000
vn -0.0000 -1.0000 0.0000
vn -0.0000 -1.0000 0.0000
vn -0.0000 -1.0000 0.0000
vn -0.0000 -1.0000 0.0000
vn -0.0000 -1.0000 0.0000
vn -0.0000 -1.0000 0.0000
vn -0.0000 -1.0000 0.0000
vn -0.0000 -1.0000 0.0000
vn -0.0000 -1.0000 0.0000
vn -0.0000 -1.0000 0.0000
vn -0.0000 -1.0000 0.0000
vn -0.0000 -1.0000 0.0000
vn -0.0000 -1.0000 0.0000
vn -0.0000 -1.0000 0.0000
vn -0.0000 -1.0000 0.0000
vn -0.0000 -1.0000 0.0000
vn -0.0000 -1.0000 0.0000
vn -0.0000 -1.0000 0.0000
vn -0.0000 -1.0000 0.0000
vn -0.0000 -1.0000 0.0000
vn -0.0000 -1.0000 0.0000
vn -0.0000 -1.0000 0.0000
vn -0.0000 -1.0000 0.0000
vn -0.0000 -1.0000 0.0000
vn -0.0000 -1.0000 0.0000
vn -0.0000 -1.0000 0.0000
vn -0.0000 -1.0000 0.0000
vn -0.0000 -1.0000 0.0000
vn -0.0000 -1.0000 0.0000
vn -0.0000 -1.0000 0.0000
vn -0.0000 -1.0000 0.0000
vn -0.0000 -1.0000 0.0000
vn -0.0000 -1.0000 0.0000
vn -0.0000 -1.0000 0.0000
vn -0.0000 -1.0000 0.0000
vn -0.0000 -1.0000 0.0000
vn -0.0000 -1.0000 0.0000
vn -0.0000 -1.0000 0.0000
vn -0.0000 -1.0000 0.0000
vn -0.0000 -1.0000 0.0000
vn -0.0000 -1.0000 0.0000
vn -0.0000 -1.0000 0.0000
vn -0.0000 -1.0000 0.0000
vn -0.0000 -1.0000 0.0000
vn -0.0000 -1.0000 0.0000
vn -0.0000 -1.0000 0.0000
vn -0.0000 -1.0000 0.0000
vn -0.0000 -1.0000 0.0000
vn -0.0000 -1.0000 0.0000
vn -0.0000 -1.0000 0.0000
vn -0.0000 -1.0000 0.0000
vn -0.0000 -1.0000 0.0000
vn -0.0000 -1.0000 0.0000
vn -0.0000 -1.0000 0.0000
vn -0.0000 -1.0000 0.0000
vn -0.0000 -1.0000 0.0000
vn -0.0000 -1.0000 0.0000
vn -0.0000 -1.0000 0.0000
vn -0.0000 -1.0000 0.0000
vn -0.0000 -1.0000 0.0000
vn -0.0000 -1.0000 0.0000
vn -0.0000 -1.0000 0.0000
vn -0.0000 -1.0000 0.0000
vn -0.0000 -1.0000 0.0000
vn -0.0000 -1.0000 0.0000
vn -0.0000 -1.0000 0.0000
vn -0.0000 -1.0000 0.0000
vn -0.0000 -1.0000 0.0000
vn -0.0000 -1.0000 0.0000
vn -0.0000 -1.0000 0.0000
vn -0.0000 -1.0000 0.0000
vn -0.0000 -1.0000 0.0000
vn -0.0000 -1.0000 0.0000
vn -0.0000 -1.0000 0.0000
vn -0.0000 -1.0000 0.0000
vn -0.0000 -1.0000 0.0000
vn -0.0000 -1.0000 0.0000
vn -0.0000 -1.0000 0.0000
vn -0.0000 -1.0000 0.0000
vn -0.0000 -1.0000 0.0000
vn -0.0000 -1.0000 0.0000
vn -0.0000 -1.0000 0.0000
vn -0.0000 -1.0000 0.0000
vn -0.0000 -1.0000 0.0000
vn -0.0000 -1.0000 0.0000
vn -0.0000 -1.0000 0.0000
vn -0.0000 -1.0000 0.0000
vn -0.0000 -1.0000 0.0000
vn -0.0000 -1.0000 0.0000
vn -0.0000 -1.0000 0.0000
vn -0.0000 -1.0000 0.0000
vn -0.0000 -1.0000 0.0000
vn -0.0000 -1.0000 0.0000
vn -0.0000 -1.0000 0.0000
vn -0.0000 -1.0000 0.0000
vn -0.0000 -1.0000 0.0000
vn -0.0000 -1.0000 0.0000
vn -0.0000 -1.0000 0.0000
vn -0.0000 -1.0000 0.0000
vn -0.0000 -1.0000 0.0000
vn -0.0000 -1.0000 0.0000
vn -0.0000 -1.0000 0.0000
vn -0.0000 -1.0000 0.0000
vn -0.0000 -1.0000 0.0000
vn -0.0000 -1.0000 0.0000
vn -0.0000 -1.0000 0.0000
vn -0.0000 -1.0000 0.0000
vn -0.0000 -1.0000 0.0000
vn -0.0000 -1.0000 0.0000
vn -0.0000 -1.0000 0.0000
vn -0.0000 -1.0000 0.0000
vn -0.0000 -1.0000 0.0000
vn -0.0000 -1.0000 0.0000
vn -0.0000 -1.0000 0.0000
vn -0.0000 -1.0000 0.0000
vn -0.0000 -1.0000 0.0000
vn -0.0000 -1.0000 0.0000
vn -0.0000 -1.0000 0.0000
vn -0.0000 -1.0000 0.0000
vn -0.0000 -1.0000 0.0000
vn -0.0000 -1.0000 0.0000
vn -0.0000 -1.0000 0.0000
vn -0.0000 -1.0000 0.0000
vn -0.0000 -1.0000 0.0000
vn -0.0000 -1.0000 0.0000
vn -0.0000 -1.0000 0.0000
vn -0.0000 -1.0000 0.0000
vn -0.0000 -1.0000 0.0000
vn -0.0000 -1.0000 0.0000
vn -0.0000 -1.0000 0.0000
vn -0.0000 -1.0000 0.0000
vn -0.0000 -1.0000 0.0000
vn -0.0000 -1.0000 0.0000
vn -0.0000 -1.0000 0.0000
vn -0.0000 -1.0000 0.0000
vn -0.0000 -1.0000 0.0000
vn -0.0000 -1.0000 0.0000
vn -0.0000 -1.0000 0.0000
vn -0.0000 -1.0000 0.0000
vn -0.0000 -1.0000 0.0000
vn -0.0000 -1.0000 0.0000
vn -0.0000 -1.0000 0.0000
vn -0.0000 -1.0000 0.0000
vn -0.0000 -1.0000 0.0000
vn -0.0000 -1.0000 0.0000
vn -0.0000 -1.0000 0.0000
vn -0.0000 -1.0000 0.0000
vn -0.0000 -1.0000 0.0000
vn -0.0000 -1.0000 0.0000
vn -0.0000 -1.0000 0.0000
vn -0.0000 -1.0000 0.0000
vn -0.0000 -1.0000 0.0000
vn -0.0000 -1.0000 0.0000
vn -0.0000 -1.0000 0.0000
vn -0.0000 -1.0000 0.0000
vn -0.0000 -1.0000 0.0000
vn -0.0000 -1.0000 0.0000
vn -0.0000 -1.0000 0.0000
vn -0.0000 -1.0000 0.0000
vn -0.0000 -1.0000 0.0000
vn -0.0000 -1.0000 0.0000
vn -0.0000 -1.0000 0.0000
vn -0.0000 -1.0000 0.0000
vn -0.0000 -1.0000 0.0000
vn -0.0000 -1.0000 0.0000
vn -0.0000 -1.0000 0.0000
vn -0.0000 -1.0000 0.0000
vn -0.0000 -1.0000 0.0000
vn -0.0000 -1.0000 0.0000
vn -0.0000 -1.0000 0.0000
vn -0.0000 -1.0000 0.0000
vn -0.0000 -1.0000 0.0000
vn -0.0000 -1.0000 0.0000
vn -0.0000 -1.0000 0.0000
vn -0.0000 -1.0000 0.0000
vn -0.0000 -1.0000 0.0000
vn -0.0000 -1.0000 0.0000
vn -0.0000 -1.0000 0.0000
vn -0.0000 -1.0000 0.0000
vn -0.0000 -1.0000 0.0000
vn -0.0000 -1.0000 0.0000
vn -0.0000 -1.0000 0.0000
vn -0.0000 -1.0000 0.0000
vn -0.0000 -1.0000 0.0000
vn -0.0000 -1.0000 0.0000
vn -0.0000 -1.0000 0.0000
vn -0.0000 -1.0000 0.0000
vn -0.0000 -1.0000 0.0000
vn -0.0000 -1.0000 0.0000
vn -0.0000 -1.0000 0.0000
vn -0.0000 -1.0000 0.0000
vn -0.0000 -1.0000 0.0000
vn -0.0000 -1.0000 0.0000
vn -0.0000 -1.0000 0.0000
vn -0.0000 -1.0000 0.0000
vn -0.0000 -1.0000 0.0000
vn -0.0000 -1.0000 0.0000
vn -0.0000 -1.0000 0.0000
vn -0.0000 -1.0000 0.0000
vn -0.0000 -1.0000 0.0000
vn -0.0000 -1.0000 0.0000
vn -0.0000 -1.0000 0.0000
vn -0.0000 -1.0000 0.0000
vn -0.0000 -1.0000 0.0000
vn -0.0000 -1.0000 0.0000
vn -0.0000 -1.0000 0.0000
vn -0.0000 -1.0000 0.0000
vn -0.0000 -1.0000 0.0000
vn -0.0000 -1.0000 0.0000
vn -0.0000 -1.0000 0.0000
vn -0.0000 -1.0000 0.0000
vn -0.0000 -1.0000 0.0000
vn -0.0000 -1.0000 0.0000
vn -0.0000 -1.0000 0.0000
vn -0.0000 -1.0000 0.0000
vn -0.0000 -1.0000 0.0000
vn -0.0000 -1.0000 0.0000
vn -0.0000 -1.0000 0.0000
vn -0.0000 -1.0000 0.0000
vn -0.0000 -1.0000 0.0000
vn -0.0000 -1.0000 0.0000
vn -0.0000 -1.0000 0.0000
vn -0.0000 -1.0000 0.0000
vn -0.0000 -1.0000 0.0000
vn -0.0000 -1.0000 0.0000
vn -0.0000 -1.0000 0.0000
vn -0.0000 -1.0000 0.0000
vn -0.0000 -1.0000 0.0000
vn -0.0000 -1.0000 0.0000
vn -0.0000 -1.0000 0.0000
vn -0.0000 -1.0000 0.0000
vn -0.0000 -1.0000 0.0000
vn -0.0000 -1.0000 0.0000
vn -0.0000 -1.0000 0.0000
vn -0.0000 -1.0000 0.0000
vn -0.0000 -1.0000 0.0000
vn -0.0000 -1.0000 0.0000
vn -0.0000 -1.0000 0.0000
vn -0.0000 -1.0000 0.0000
vn -0.0000 -1.0000 0.0000
vn -0.0000 -1.0000 0.0000
vn -0.0000 -1.0000 0.0000
vn -0.0000 -1.0000 0.0000
vn -0.0000 -1.0000 0.0000
vn -0.0000 -1.0000 0.0000
vn -0.0000 -1.0000 0.0000
vn -0.0000 -1.0000 0.0000
vn -0.0000 -1.0000 0.0000
vn -0.0000 -1.0000 0.0000
vn -0.0000 -1.0000 0.0000
vn -0.0000 -1.0000 0.0000
vn -0.0000 -1.0000 0.0000
vn -0.0000 -1.0000 0.0000
vn -0.0000 -1.0000 0.0000
vn -0.0000 -1.0000 0.0000
vn -0.0000 -1.0000 0.0000
vn -0.0000 -1.0000 0.0000
vn -0.0000 -1.0000 0.0000
vn -0.0000 -1.0000 0.0000
vn -0.0000 -1.0000 0.0000
vn -0.0000 -1.0000 0.0000
vn -0.0000 -1.0000 0.0000
vn -0.0000 -1.0000 0.0000
vn -0.0000 -1.0000 0.0000
vn -0.0000 -1.0000 0.0000
vn -0.0000 -1.0000 0.0000
vn -0.0000 -1.0000 0.0000
vn -0.0000 -1.0000 0.0000
vn -0.0000 -1.0000 0.0000
vn -0.0000 -1.0000 0.0000
vn -0.0000 -1.0000 0.0000
vn -0.0000 -1.0000 0.0000
vn -0.0000 -1.0000 0.0000
vn -0.0000 -1.0000 0.0000
vn -0.0000 -1.0000 0.0000
vn -0.0000 -1.0000 0.0000
vn -0.0000 -1.0000 0.0000
vn -0.0000 -1.0000 0.0000
vn -0.0000 -1.0000 0.0000
vn -0.0000 -1.0000 0.0000
vn -0.0000 -1.0000 0.0000
vn -0.0000 -1.0000 0.0000
vn -0.0000 -1.0000 0.0000
vn -0.0000 -1.0000 0.0000
vn -0.0000 -1.0000 0.0000
vn -0.0000 -1.0000 0.0000
vn -0.0000 -1.0000 0.0000
vn -0.0000 -1.0000 0.0000
vn -0.0000 -1.0000 0.0000
vn -0.0000 -1.0000 0.0000
vn -0.0000 -1.0000 0.0000
vn -0.0000 -1.0000 0.0000
vn -0.0000 -1.0000 0.0000
vn -0.0000 -1.0000 0.0000
vn -0.0000 -1.0000 0.0000
vn -0.0000 -1.0000 0.0000
vn -0.0000 -1.0000 0.0000
vn -0.0000 -1.0000 0.0000
vn -0.0000 -1.0000 0.0000
vn -0.0000 -1.0000 0.0000
vn -0.0000 -1.0000 0.0000
vn -0.0000 -1.0000 0.0000
vn -0.0000 -1.0000 0.0000
vn -0.0000 -1.0000 0.0000
vn -0.0000 -1.0000 0.0000
vn -0.0000 -1.0000 0.0000
vn -0.0000 -1.0000 0.0000
vn -0.0000 -1.0000 0.0000
vn -0.0000 -1.0000 0.0000
vn -0.0000 -1.0000 0.0000
vn -0.0000 -1.0000 0.0000
vn -0.0000 -1.0000 0.0000
vn -0.0000 -1.0000 0.0000
vn -0.0000 -1.0000 0.0000
vn -0.0000 -1.0000 0.0000
vn -0.0000 -1.0000 0.0000
vn -0.0000 -1.0000 0.0000
vn -0.0000 -1.0000 0.0000
vn -0.0000 -1.0000 0.0000
vn -0.0000 -1.0000 0.0000
vn -0.0000 -1.0000 0.0000
vn -0.0000 -1.0000 0.0000
vn -0.0000 -1.0000 0.0000
vn -0.0000 -1.0000 0.0000
vn -0.0000 -1.0000 0.0000
vn -0.0000 -1.0000 0.0000
vn -0.0000 -1.0000 0.0000
vn -0.0000 -1.0000 0.0000
vn -0.0000 -1.0000 0.0000
vn -0.0000 -1.0000 0.0000
vn -0.0000 -1.0000 0.0000
vn -0.0000 -1.0000 0.0000
vn -0.0000 -1.0000 0.0000
vn -0.0000 -1.0000 0.0000
vn -0.0000 -1.0000 0.0000
vn -0.0000 -1.0000 0.0000
vn -0.0000 -1.0000 0.0000
vn -0.0000 -1.0000 0.0000
vn -0.0000 -1.0000 0.0000
vn -0.0000 -1.0000 0.0000
vn -0.0000 -1.0000 0.0000
vn -0.0000 -1.0000 0.0000
vn -0.0000 -1.0000 0.0000
vn -0.0000 -1.0000 0.0000
vn -0.0000 -1.0000 0.0000
vn -0.0000 -1.0000 0.0000
vn -0.0000 -1.0000 0.0000
vn -0.0000 -1.0000 0.0000
vn -0.0000 -1.0000 0.0000
vn -0.0000 -1.0000 0.0000
vn -0.0000 -1.0000 0.0000
vn -0.0000 -1.0000 0.0000
vn -0.0000 -1.0000 0.0000
vn -0.0000 -1.0000 0.0000
vn -0.0000 -1.0000 0.0000
vn -0.0000 -1.0000 0.0000
vn -0.0000 -1.0000 0.0000
vn -0.0000 -1.0000 0.0000
vn -0.0000 -1.0000 0.0000
vn -0.0000 -1.0000 0.0000
vn -0.0000 -1.0000 0.0000
vn -0.0000 -1.0000 0.0000
vn -0.0000 -1.0000 0.0000
vn -0.0000 -1.0000 0.0000
vn -0.0000 -1.0000 0.0000
vn -0.0000 -1.0000 0.0000
vn -0.0000 -1.0000 0.0000
vn -0.0000 -1.0000 0.0000
vn -0.0000 -1.0000 0.0000
vn -0.0000 -1.0000 0.0000
vn -0.0000 -1.0000 0.0000
vn -0.0000 -1.0000 0.0000
vn -0.0000 -1.0000 0.0000
vn -0.0000 -1.0000 0.0000
vn -0.0000 -1.0000 0.0000
vn -0.0000 -1.0000 0.0000
vn -0.0000 -1.0000 0.0000
vn -0.0000 -1.0000 0.0000
vn -0.0000 -1.0000 0.0000
vn -0.0000 -1.0000 0.0000
vn -0.0000 -1.0000 0.0000
vn -0.0000 -1.0000 0.0000
vn -0.0000 -1.0000 0.0000
vn -0.0000 -1.0000 0.0000
vn -0.0000 -1.0000 0.0000
vn -0.0000 -1.0000 0.0000
vn -0.0000 -1.0000 0.0000
vn -0.0000 -1.0000 0.0000
vn -0.0000 -1.0000 0.0000
vn -0.0000 -1.0000 0.0000
vn -0.0000 -1.0000 0.0000
vn -0.0000 -1.0000 0.0000
vn -0.0000 -1.0000 0.0000
vn -0.0000 -1.0000 0.0000
vn -0.0000 -1.0000 0.0000
vn -0.0000 -1.0000 0.0000
vn -0.0000 -1.0000 0.0000
vn -0.0000 -1.0000 0.0000
vn -0.0000 -1.0000 0.0000
vn -0.0000 -1.0000 0.0000
vn -0.0000 -1.0000 0.0000
vn -0.0000 -1.0000 0.0000
vn -0.0000 -1.0000 0.0000
vn -0.0000 -1.0000 0.0000
vn -0.0000 -1.0000 0.0000
vn -0.0000 -1.0000 0.0000
vn -0.0000 -1.0000 0.0000
vn -0.0000 -1.0000 0.0000
vn -0.0000 -1.0000 0.0000
vn -0.0000 -1.0000 0.0000
vn -0.0000 -1.0000 0.0000
vn -0.0000 -1.0000 0.0000
vn -0.0000 -1.0000 0.0000
vn -0.0000 -1.0000 0.0000
vn -0.0000 -1.0000 0.0000
vn -0.0000 -1.0000 0.0000
vn -0.0000 -1.0000 0.0000
vn -0.0000 -1.0000 0.0000
vn -0.0000 -1.0000 0.0000
vn -0.0000 -1.0000 0.0000
vn -0.0000 -1.0000 0.0000
vn -0.0000 -1.0000 0.0000
vn -0.0000 -1.0000 0.0000
vn -0.0000 -1.0000 0.0000
vn -0.0000 -1.0000 0.0000
vn -0.0000 -1.0000 0.0000
vn -0.0000 -1.0000 0.0000
vn -0.0000 -1.0000 0.0000
vn -0.0000 -1.0000 0.0000
vn -0.0000 -1.0000 0.0000
vn -0.0000 -1.0000 0.0000
vn -0.0000 -1.0000 0.0000
vn -0.0000 -1.0000 0.0000
vn -0.0000 -1.0000 0.0000
vn -0.0000 -1.0000 0.0000
vn -0.0000 -1.0000 0.0000
vn -0.0000 -1.0000 0.0000
vn -0.0000 -1.0000 0.0000
vn -0.0000 -1.0000 0.0000
vn 0.0000 1.0000 -0.0000
vn 0.0000 1.0000 -0.0000
vn 0.0000 1.0000 -0.0000
vn 0.0000 1.0000 -0.0000
vn 0.0000 1.0000 -0.0000
vn 0.0000 1.0000 -0.0000
vn 0.0000 1.0000 -0.0000
vn 0.0000 1.0000 -0.0000
vn 0.0000 1.0000 -0.0000
vn 0.0000 1.0000 -0.0000
vn 0.0000 1.0000 -0.0000
vn 0.0000 1.0000 -0.0000
vn 0.0000 1.0000 -0.0000
vn 0.0000 1.0000 -0.0000
vn 0.0000 1.0000 -0.0000
vn 0.0000 1.0000 -0.0000
vn 0.0000 1.0000 -0.0000
vn 0.0000 1.0000 -0.0000
vn 0.0000 1.0000 -0.0000
vn 0.0000 1.0000 -0.0000
vn 0.0000 1.0000 -0.0000
vn 0.0000 1.0000 -0.0000
vn 0.0000 1.0000 -0.0000
vn 0.0000 1.0000 -0.0000
vn 0.0000 1.0000 -0.0000
vn 0.0000 1.0000 -0.0000
vn 0.0000 1.0000 -0.0000
vn 0.0000 1.0000 -0.0000
vn 0.0000 1.0000 -0.0000
vn 0.0000 1.0000 -0.0000
vn 0.0000 1.0000 -0.0000
vn 0.0000 1.0000 -0.0000
vn 0.0000 1.0000 -0.0000
vn 0.0000 1.0000 -0.0000
vn 0.0000 1.0000 -0.0000
vn 0.0000 1.0000 -0.0000
vn 0.0000 1.0000 -0.0000
vn 0.0000 1.0000 -0.0000
vn 0.0000 1.0000 -0.0000
vn 0.0000 1.0000 -0.0000
vn 0.0000 1.0000 -0.0000
vn 0.0000 1.0000 -0.0000
vn 0.0000 1.0000 -0.0000
vn 0.0000 1.0000 -0.0000
vn 0.0000 1.0000 -0.0000
vn 0.0000 1.0000 -0.0000
vn 0.0000 1.0000 -0.0000
vn 0.0000 1.0000 -0.0000
vn 0.0000 1.0000 -0.0000
vn 0.0000 1.0000 -0.0000
vn 0.0000 1.0000 -0.0000
vn 0.0000 1.0000 -0.0000
vn 0.0000 1.0000 -0.0000
vn 0.0000 1.0000 -0.0000
vn 0.0000 1.0000 -0.0000
vn 0.0000 1.0000 -0.0000
vn 0.0000 1.0000 -0.0000
vn 0.0000 1.0000 -0.0000
vn 0.0000 1.0000 -0.0000
vn 0.0000 1.0000 -0.0000
vn 0.0000 1.0000 -0.0000
vn 0.0000 1.0000 -0.0000
vn 0.0000 1.0000 -0.0000
vn 0.0000 1.0000 -0.0000
vn 0.0000 1.0000 -0.0000
vn 0.0000 1.0000 -0.0000
vn 0.0000 1.0000 -0.0000
vn 0.0000 1.0000 -0.0000
vn 0.0000 1.0000 -0.0000
vn 0.0000 1.0000 -0.0000
vn 0.0000 1.0000 -0.0000
vn 0.0000 1.0000 -0.0000
vn 0.0000 1.0000 -0.0000
vn 0.0000 1.0000 -0.0000
vn 0.0000 1.0000 -0.0000
vn 0.0000 1.0000 -0.0000
vn 0.0000 1.0000 -0.0000
vn 0.0000 1.0000 -0.0000
vn 0.0000 1.0000 -0.0000
vn 0.0000 1.0000 -0.0000
vn 0.0000 1.0000 -0.0000
vn 0.0000 1.0000 -0.0000
vn 0.0000 1.0000 -0.0000
vn 0.0000 1.0000 -0.0000
vn 0.0000 1.0000 -0.0000
vn 0.0000 1.0000 -0.0000
vn 0.0000 1.0000 -0.0000
vn 0.0000 1.0000 -0.0000
vn 0.0000 1.0000 -0.0000
vn 0.0000 1.0000 -0.0000
vn 0.0000 1.0000 -0.0000
vn 0.0000 1.0000 -0.0000
vn 0.0000 1.0000 -0.0000
vn 0.0000 1.0000 -0.0000
vn 0.0000 1.0000 -0.0000
vn 0.0000 1.0000 -0.0000
vn 0.0000 1.0000 -0.0000
vn 0.0000 1.0000 -0.0000
vn 0.0000 1.0000 -0.0000
vn 0.0000 1.0000 -0.0000
vn 0.0000 1.0000 -0.0000
vn 0.0000 1.0000 -0.0000
vn 0.0000 1.0000 -0.0000
vn 0.0000 1.0000 -0.0000
vn 0.0000 1.0000 -0.0000
vn 0.0000 1.0000 -0.0000
vn 0.0000 1.0000 -0.0000
vn 0.0000 1.0000 -0.0000
vn 0.0000 1.0000 -0.0000
vn 0.0000 1.0000 -0.0000
vn 0.0000 1.0000 -0.0000
vn 0.0000 1.0000 -0.0000
vn 0.0000 1.0000 -0.0000
vn 0.0000 1.0000 -0.0000
vn 0.0000 1.0000 -0.0000
vn 0.0000 1.0000 -0.0000
vn 0.0000 1.0000 -0.0000
vn 0.0000 1.0000 -0.0000
vn 0.0000 1.0000 -0.0000
vn 0.0000 1.0000 -0.0000
vn 0.0000 1.0000 -0.0000
vn 0.0000 1.0000 -0.0000
vn 0.0000 1.0000 -0.0000
vn 0.0000 1.0000 -0.0000
vn 0.0000 1.0000 -0.0000
vn 0.0000 1.0000 -0.0000
vn 0.0000 1.0000 -0.0000
vn 0.0000 1.0000 -0.0000
vn 0.0000 1.0000 -0.0000
vn 0.0000 1.0000 -0.0000
vn 0.0000 1.0000 -0.0000
vn 0.0000 1.0000 -0.0000
vn 0.0000 1.0000 -0.0000
vn 0.0000 1.0000 -0.0000
vn 0.0000 1.0000 -0.0000
vn 0.0000 1.0000 -0.0000
vn 0.0000 1.0000 -0.0000
vn 0.0000 1.0000 -0.0000
vn 0.0000 1.0000 -0.0000
vn 0.0000 1.0000 -0.0000
vn 0.0000 1.0000 -0.0000
vn 0.0000 1.0000 -0.0000
vn 0.0000 1.0000 -0.0000
vn 0.0000 1.0000 -0.0000
vn 0.0000 1.0000 -0.0000
vn 0.0000 1.0000 -0.0000
vn 0.0000 1.0000 -0.0000
vn 0.0000 1.0000 -0.0000
vn 0.0000 1.0000 -0.0000
vn 0.0000 1.0000 -0.0000
vn 0.0000 1.0000 -0.0000
vn 0.0000 1.0000 -0.0000
vn 0.0000 1.0000 -0.0000
vn 0.0000 1.0000 -0.0000
vn 0.0000 1.0000 -0.0000
vn 0.0000 1.0000 -0.0000
vn 0.0000 1.0000 -0.0000
vn 0.0000 1.0000 -0.0000
vn 0.0000 1.0000 -0.0000
vn 0.0000 1.0000 -0.0000
vn 0.0000 1.0000 -0.0000
vn 0.0000 1.0000 -0.0000
vn 0.0000 1.0000 -0.0000
vn 0.0000 1.0000 -0.0000
vn 0.0000 1.0000 -0.0000
vn 0.0000 1.0000 -0.0000
vn 0.0000 1.0000 -0.0000
vn 0.0000 1.0000 -0.0000
vn 0.0000 1.0000 -0.0000
vn 0.0000 1.0000 -0.0000
vn 0.0000 1.0000 -0.0000
vn 0.0000 1.0000 -0.0000
vn 0.0000 1.0000 -0.0000
vn 0.0000 1.0000 -0.0000
vn 0.0000 1.0000 -0.0000
vn 0.0000 1.0000 -0.0000
vn 0.0000 1.0000 -0.0000
vn 0.0000 1.0000 -0.0000
vn 0.0000 1.0000 -0.0000
vn 0.0000 1.0000 -0.0000
vn 0.0000 1.0000 -0.0000
vn 0.0000 1.0000 -0.0000
vn 0.0000 1.0000 -0.0000
vn 0.0000 1.0000 -0.0000
vn 0.0000 1.0000 -0.0000
vn 0.0000 1.0000 -0.0000
vn 0.0000 1.0000 -0.0000
vn 0.0000 1.0000 -0.0000
vn 0.0000 1.0000 -0.0000
vn 0.0000 1.0000 -0.0000
vn 0.0000 1.0000 -0.0000
vn 0.0000 1.0000 -0.0000
vn 0.0000 1.0000 -0.0000
vn 0.0000 1.0000 -0.0000
vn 0.0000 1.0000 -0.0000
vn 0.0000 1.0000 -0.0000
vn 0.0000 1.0000 -0.0000
vn 0.0000 1.0000 -0.0000
vn 0.0000 1.0000 -0.0000
vn 0.0000 1.0000 -0.0000
vn 0.0000 1.0000 -0.0000
vn 0.0000 1.0000 -0.0000
vn 0.0000 1.0000 -0.0000
vn 0.0000 1.0000 -0.0000
vn 0.0000 1.0000 -0.0000
vn 0.0000 1.0000 -0.0000
vn 0.0000 1.0000 -0.0000
vn 0.0000 1.0000 -0.0000
vn 0.0000 1.0000 -0.0000
vn 0.0000 1.0000 -0.0000
vn 0.0000 1.0000 -0.0000
vn 0.0000 1.0000 -0.0000
vn 0.0000 1.0000 -0.0000
vn 0.0000 1.0000 -0.0000
vn 0.0000 1.0000 -0.0000
vn 0.0000 1.0000 -0.0000
vn 0.0000 1.0000 -0.0000
vn 0.0000 1.0000 -0.0000
vn 0.0000 1.0000 -0.0000
vn 0.0000 1.0000 -0.0000
vn 0.0000 1.0000 -0.0000
vn 0.0000 1.0000 -0.0000
vn 0.0000 1.0000 -0.0000
vn 0.0000 1.0000 -0.0000
vn 0.0000 1.0000 -0.0000
vn 0.0000 1.0000 -0.0000
vn 0.0000 1.0000 -0.0000
vn 0.0000 1.0000 -0.0000
vn 0.0000 1.0000 -0.0000
vn 0.0000 1.0000 -0.0000
vn 0.0000 1.0000 -0.0000
vn 0.0000 1.0000 -0.0000
vn 0.0000 1.0000 -0.0000
vn 0.0000 1.0000 -0.0000
vn 0.0000 1.0000 -0.0000
vn 0.0000 1.0000 -0.0000
vn 0.0000 1.0000 -0.0000
vn 0.0000 1.0000 -0.0000
vn 0.0000 1.0000 -0.0000
vn 0.0000 1.0000 -0.0000
vn 0.0000 1.0000 -0.0000
vn 0.0000 1.0000 -0.0000
vn 0.0000 1.0000 -0.0000
vn 0.0000 1.0000 -0.0000
vn 0.0000 1.0000 -0.0000
vn 0.0000 1.0000 -0.0000
vn 0.0000 1.0000 -0.0000
vn 0.0000 1.0000 -0.0000
vn 0.0000 1.0000 -0.0000
vn 0.0000 1.0000 -0.0000
vn 0.0000 1.0000 -0.0000
vn 0.0000 1.0000 -0.0000
vn 0.0000 1.0000 -0.0000
vn 0.0000 1.0000 -0.0000
vn 0.0000 1.0000 -0.0000
vn 0.0000 1.0000 -0.0000
vn 0.0000 1.0000 -0.0000
vn 0.0000 1.0000 -0.0000
vn 0.0000 1.0000 -0.0000
vn 0.0000 1.0000 -0.0000
vn 0.0000 1.0000 -0.0000
vn 0.0000 1.0000 -0.0000
vn 0.0000 1.0000 -0.0000
vn 0.0000 1.0000 -0.0000
vn 0.0000 1.0000 -0.0000
vn 0.0000 1.0000 -0.0000
vn 0.0000 1.0000 -0.0000
vn 0.0000 1.0000 -0.0000
vn 0.0000 1.0000 -0.0000
vn 0.0000 1.0000 -0.0000
vn 0.0000 1.0000 -0.0000
vn 0.0000 1.0000 -0.0000
vn 0.0000 1.0000 -0.0000
vn 0.0000 1.0000 -0.0000
vn 0.0000 1.0000 -0.0000
vn 0.0000 1.0000 -0.0000
vn 0.0000 1.0000 -0.0000
vn 0.0000 1.0000 -0.0000
vn 0.0000 1.0000 -0.0000
vn 0.0000 1.0000 -0.0000
vn 0.0000 1.0000 -0.0000
vn 0.0000 1.0000 -0.0000
vn 0.0000 1.0000 -0.0000
vn 0.0000 1.0000 -0.0000
vn 0.0000 1.0000 -0.0000
vn 0.0000 1.0000 -0.0000
vn 0.0000 1.0000 -0.0000
vn 0.0000 1.0000 -0.0000
vn 0.0000 1.0000 -0.0000
vn 0.0000 1.0000 -0.0000
vn 0.0000 1.0000 -0.0000
vn 0.0000 1.0000 -0.0000
vn 0.0000 1.0000 -0.0000
vn 0.0000 1.0000 -0.0000
vn 0.0000 1.0000 -0.0000
vn 0.0000 1.0000 -0.0000
vn 0.0000 1.0000 -0.0000
vn 0.0000 1.0000 -0.0000
vn 0.0000 1.0000 -0.0000
vn 0.0000 1.0000 -0.0000
vn 0.0000 1.0000 -0.0000
vn 0.0000 1.0000 -0.0000
vn 0.0000 1.0000 -0.0000
vn 0.0000 1.0000 -0.0000
vn 0.0000 1.0000 -0.0000
vn 0.0000 1.0000 -0.0000
vn 0.0000 1.0000 -0.0000
vn 0.0000 1.0000 -0.0000
vn 0.0000 1.0000 -0.0000
vn 0.0000 1.0000 -0.0000
vn 0.0000 1.0000 -0.0000
vn 0.0000 1.0000 -0.0000
vn 0.0000 1.0000 -0.0000
vn 0.0000 1.0000 -0.0000
vn 0.0000 1.0000 -0.0000
vn 0.0000 1.0000 -0.0000
vn 0.0000 1.0000 -0.0000
vn 0.0000 1.0000 -0.0000
vn 0.0000 1.0000 -0.0000
vn 0.0000 1.0000 -0.0000
vn 0.0000 1.0000 -0.0000
vn 0.0000 1.0000 -0.0000
vn 0.0000 1.0000 -0.0000
vn 0.0000 1.0000 -0.0000
vn 0.0000 1.0000 -0.0000
vn 0.0000 1.0000 -0.0000
vn 0.0000 1.0000 -0.0000
vn 0.0000 1.0000 -0.0000
vn 0.0000 1.0000 -0.0000
vn 0.0000 1.0000 -0.0000
vn 0.0000 1.0000 -0.0000
vn 0.0000 1.0000 -0.0000
vn 0.0000 1.0000 -0.0000
vn 0.0000 1.0000 -0.0000
vn 0.0000 1.0000 -0.0000
vn 0.0000 1.0000 -0.0000
vn 0.0000 1.0000 -0.0000
vn 0.0000 1.0000 -0.0000
vn 0.0000 1.0000 -0.0000
vn 0.0000 1.0000 -0.0000
vn 0.0000 1.0000 -0.0000
vn 0.0000 1.0000 -0.0000
vn 0.0000 1.0000 -0.0000
vn 0.0000 1.0000 -0.0000
vn 0.0000 1.0000 -0.0000
vn 0.0000 1.0000 -0.0000
vn 0.0000 1.0000 -0.0000
vn 0.0000 1.0000 -0.0000
vn 0.0000 1.0000 -0.0000
vn 0.0000 1.0000 -0.0000
vn 0.0000 1.0000 -0.0000
vn 0.0000 1.0000 -0.0000
vn 0.0000 1.0000 -0.0000
vn 0.0000 1.0000 -0.0000
vn 0.0000 1.0000 -0.0000
vn 0.0000 1.0000 -0.0000
vn 0.0000 1.0000 -0.0000
vn 0.0000 1.0000 -0.0000
vn 0.0000 1.0000 -0.0000
vn 0.0000 1.0000 -0.0000
vn 0.0000 1.0000 -0.0000
vn 0.0000 1.0000 -0.0000
vn 0.0000 1.0000 -0.0000
vn 0.0000 1.0000 -0.0000
vn 0.0000 1.0000 -0.0000
vn 0.0000 1.0000 -0.0000
vn 0.0000 1.0000 -0.0000
vn 0.0000 1.0000 -0.0000
vn 0.0000 1.0000 -0.0000
vn 0.0000 1.0000 -0.0000
vn 0.0000 1.0000 -0.0000
vn 0.0000 1.0000 -0.0000
vn 0.0000 1.0000 -0.0000
vn 0.0000 1.0000 -0.0000
vn 0.0000 1.0000 -0.0000
vn 0.0000 1.0000 -0.0000
vn 0.0000 1.0000 -0.0000
vn 0.0000 1.0000 -0.0000
vn 0.0000 1.0000 -0.0000
vn 0.0000 1.0000 -0.0000
vn 0.0000 1.0000 -0.0000
vn 0.0000 1.0000 -0.0000
vn 0.0000 1.0000 -0.0000
vn 0.0000 1.0000 -0.0000
vn 0.0000 1.0000 -0.0000
vn 0.0000 1.0000 -0.0000
vn 0.0000 1.0000 -0.0000
vn 0.0000 1.0000 -0.0000
vn 0.0000 1.0000 -0.0000
vn 0.0000 1.0000 -0.0000
vn 0.0000 1.0000 -0.0000
vn 0.0000 1.0000 -0.0000
vn 0.0000 1.0000 -0.0000
vn 0.0000 1.0000 -0.0000
vn 0.0000 1.0000 -0.0000
vn 0.0000 1.0000 -0.0000
vn 0.0000 1.0000 -0.0000
vn 0.0000 1.0000 -0.0000
vn 0.0000 1.0000 -0.0000
vn 0.0000 1.0000 -0.0000
vn 0.0000 1.0000 -0.0000
vn 0.0000 1.0000 -0.0000
vn 0.0000 1.0000 -0.0000
vn 0.0000 1.0000 -0.0000
vn 0.0000 1.0000 -0.0000
vn 0.0000 1.0000 -0.0000
vn 0.0000 1.0000 -0.0000
vn 0.0000 1.0000 -0.0000
vn 0.0000 1.0000 -0.0000
vn 0.0000 1.0000 -0.0000
vn 0.0000 1.0000 -0.0000
vn 0.0000 1.0000 -0.0000
vn 0.0000 1.0000 -0.0000
vn 0.0000 1.0000 -0.0000
vn 0.0000 1.0000 -0.0000
vn 0.0000 1.0000 -0.0000
vn 0.0000 1.0000 -0.0000
vn 0.0000 1.0000 -0.0000
vn 0.0000 1.0000 -0.0000
vn 0.0000 1.0000 -0.0000
vn 0.0000 1.0000 -0.0000
vn 0.0000 1.0000 -0.0000
vn 0.0000 1.0000 -0.0000
vn 0.0000 1.0000 -0.0000
vn 0.0000 1.0000 -0.0000
vn 0.0000 1.0000 -0.0000
vn 0.0000 1.0000 -0.0000
vn 0.0000 1.0000 -0.0000
vn 0.0000 1.0000 -0.0000
vn 0.0000 1.0000 -0.0000
vn 0.0000 1.0000 -0.0000
vn 0.0000 1.0000 -0.0000
vn 0.0000 1.0000 -0.0000
vn 0.0000 1.0000 -0.0000
vn 0.0000 1.0000 -0.0000
vn 0.0000 1.0000 -0.0000
vn 0.0000 1.0000 -0.0000
vn 0.0000 1.0000 -0.0000
vn 0.0000 1.0000 -0.0000
vn 0.0000 1.0000 -0.0000
vn 0.0000 1.0000 -0.0000
vn 0.0000 1.0000 -0.0000
vn 0.0000 1.0000 -0.0000
vn 0.0000 1.0000 -0.0000
vn 0.0000 1.0000 -0.0000
vn 0.0000 1.0000 -0.0000
vn 0.0000 1.0000 -0.0000
vn 0.0000 1.0000 -0.0000
vn 0.0000 1.0000 -0.0000
vn 0.0000 1.0000 -0.0000
vn 0.0000 1.0000 -0.0000
vn 0.0000 1.0000 -0.0000
vn 0.0000 1.0000 -0.0000
vn 0.0000 1.0000 -0.0000
vn 0.0000 1.0000 -0.0000
vn 0.0000 1.0000 -0.0000
vn 0.0000 1.0000 -0.0000
vn 0.0000 1.0000 -0.0000
vn 0.0000 1.0000 -0.0000
vn 0.0000 1.0000 -0.0000
vn 0.0000 1.0000 -0.0000
vn 0.0000 1.0000 -0.0000
vn 0.0000 1.0000 -0.0000
vn 0.0000 1.0000 -0.0000
vn 0.0000 1.0000 -0.0000
vn 0.0000 1.0000 -0.0000
vn 0.0000 1.0000 -0.0000
vn 0.0000 1.0000 -0.0000
vn 0.0000 1.0000 -0.0000
vn 0.0000 1.0000 -0.0000
vn 0.0000 1.0000 -0.0000
vn 0.0000 1.0000 -0.0000
vn 0.0000 1.0000 -0.0000
vn 0.0000 1.0000 -0.0000
vn 0.0000 1.0000 -0.0000
vn 0.0000 1.0000 -0.0000
vn 0.0000 1.0000 -0.0000
vn 0.0000 1.0000 -0.0000
vn 0.0000 1.0000 -0.0000
vn 0.0000 1.0000 -0.0000
vn 0.0000 1.0000 -0.0000
vn 0.0000 1.0000 -0.0000
vn 0.0000 1.0000 -0.0000
vn 0.0000 1.0000 -0.0000
vn 0.0000 1.0000 -0.0000
vn 0.0000 1.0000 -0.0000
vn 0.0000 1.0000 -0.0000
vn 0.0000 1.0000 -0.0000
vn 0.0000 1.0000 -0.0000
vn 0.0000 1.0000 -0.0000
vn 0.0000 1.0000 -0.0000
vn 0.0000 1.0000 -0.0000
vn 0.0000 1.0000 -0.0000
vn 0.0000 1.0000 -0.0000
vn 0.0000 1.0000 -0.0000
vn 0.0000 1.0000 -0.0000
vn 0.0000 1.0000 -0.0000
vn 0.0000 1.0000 -0.0000
vn 0.0000 1.0000 -0.0000
vn 0.0000 1.0000 -0.0000
vn 0.0000 1.0000 -0.0000
vn 0.0000 1.0000 -0.0000
vn 0.0000 1.0000 -0.0000
vn 0.0000 1.0000 -0.0000
vn 0.0000 1.0000 -0.0000
vn 0.0000 1.0000 -0.0000
vn 0.0000 1.0000 -0.0000
vn 0.0000 1.0000 -0.0000
vn 0.0000 1.0000 -0.0000
vn 0.0000 1.0000 -0.0000
vn 0.0000 1.0000 -0.0000
vn 0.0000 1.0000 -0.0000
vn 0.0000 1.0000 -0.0000
vn 0.0000 1.0000 -0.0000
vn 0.0000 1.0000 -0.0000
vn 0.0000 1.0000 -0.0000
vn 0.0000 1.0000 -0.0000
vn 0.0000 1.0000 -0.0000
vn 0.0000 1.0000 -0.0000
vn 0.0000 1.0000 -0.0000
vn 0.0000 1.0000 -0.0000
vn 0.0000 1.0000 -0.0000
vn 0.0000 1.0000 -0.0000
vn 0.0000 1.0000 -0.0000
vn 0.0000 1.0000 -0.0000
vn 0.0000 1.0000 -0.0000
vn 0.0000 1.0000 -0.0000
vn 0.0000 1.0000 -0.0000
vn 0.0000 1.0000 -0.0000
vn 0.0000 1.0000 -0.0000
vn 0.0000 1.0000 -0.0000
vn 0.0000 1.0000 -0.0000
vn 0.0000 1.0000 -0.0000
vn 0.0000 1.0000 -0.0000
vn 0.0000 1.0000 -0.0000
vn 0.0000 1.0000 -0.0000
vn 0.0000 1.0000 -0.0000
vn 0.0000 1.0000 -0.0000
vn 0.0000 1.0000 -0.0000
vn 0.0000 1.0000 -0.0000
vn 0.0000 1.0000 -0.0000
vn 0.0000 1.0000 -0.0000
vn 0.0000 1.0000 -0.0000
vn 0.0000 1.0000 -0.0000
vn 0.0000 1.0000 -0.0000
vn 0.0000 1.0000 -0.0000
vn 0.0000 1.0000 -0.0000
vn 0.0000 1.0000 -0.0000
vn 0.0000 1.0000 -0.0000
vn 0.0000 1.0000 -0.0000
vn 0.0000 1.0000 -0.0000
vn 0.0000 1.0000 -0.0000
vn 0.0000 1.0000 -0.0000
vn 0.0000 1.0000 -0.0000
vn 0.0000 1.0000 -0.0000
vn 0.0000 1.0000 -0.0000
vn 0.0000 1.0000 -0.0000
vn 0.0000 1.0000 -0.0000
vn 0.0000 1.0000 -0.0000
vn 0.0000 1.0000 -0.0000
vn 0.0000 1.0000 -0.0000
vn 0.0000 1.0000 -0.0000
f 4//4 2//2 1//1
f 4//4 3//3 2//2
f 1//1 6//6 5//5
f 1//1 2//2 6//6
f 8//8 3//3 4//4
f 8//8 7//7 3//3
f 391//391 188//188 187//187
f 392//392 391//391 187//187
f 390//390 188//188 391//391
f 390//390 189//189 188//188
f 393//393 392//392 187//187
f 393//393 186//186 185//185
f 393//393 187//187 186//186
f 389//389 189//189 390//390
f 389//389 190//190 189//189
f 389//389 191//191 190//190
f 394//394 393//393 185//185
f 388//388 191//191 389//389
f 395//395 394//394 185//185
f 395//395 185//185 184//184
f 387//387 191//191 388//388
f 387//387 192//192 191//191
f 396//396 395//395 184//184
f 396//396 183//183 182//182
f 396//396 184//184 183//183
f 386//386 192//192 387//387
f 386//386 193//193 192//192
f 397//397 396//396 182//182
f 397//397 182//182 181//181
f 385//385 193//193 386//386
f 385//385 194//194 193//193
f 398//398 397//397 181//181
f 384//384 194//194 385//385
f 384//384 195//195 194//194
f 399//399 181//181 180//180
f 399//399 398//398 181//181
f 383//383 195//195 384//384
f 383//383 196//196 195//195
f 383//383 197//197 196//196
f 400//400 180//180 179//179
f 400//400 399//399 180//180
f 382//382 197//197 383//383
f 401//401 400//400 179//179
f 401//401 178//178 177//177
f 401//401 179//179 178//178
f 381//381 197//197 382//382
f 381//381 198//198 197//197
f 381//381 199//199 198//198
f 402//402 401//401 177//177
f 380//380 199//199 381//381
f 403//403 402//402 177//177
f 403//403 177//177 176//176
f 379//379 199//199 380//380
f 379//379 200//200 199//199
f 404//404 176//176 175//175
f 404//404 403//403 176//176
f 378//378 200//200 379//379
f 378//378 201//201 200//200
f 405//405 175//175 174//174
f 405//405 404//404 175//175
f 377//377 201//201 378//378
f 377//377 202//202 201//201
f 406//406 405//405 174//174
f 406//406 174//174 173//173
f 376//376 202//202 377//377
f 376//376 203//203 202//202
f 376//376 204//204 203//203
f 407//407 173//173 172//172
f 407//407 406//406 173//173
f 375//375 204//204 376//376
f 408//408 172//172 171//171
f 408//408 407//407 172//172
f 374//374 204//204 375//375
f 374//374 205//205 204//204
f 409//409 170//170 169//169
f 409//409 171//171 170//170
f 409//409 408//408 171//171
f 373//373 205//205 374//374
f 373//373 206//206 205//205
f 410//410 409//409 169//169
f 372//372 208//208 207//207
f 372//372 206//206 373//373
f 372//372 207//207 206//206
f 411//411 410//410 169//169
f 411//411 169//169 168//168
f 371//371 208//208 372//372
f 412//412 411//411 168//168
f 412//412 167//167 166//166
f 412//412 168//168 167//167
f 370//370 209//209 208//208
f 370//370 208//208 371//371
f 413//413 412//412 166//166
f 369//369 210//210 209//209
f 369//369 211//211 210//210
f 369//369 209//209 370//370
f 414//414 413//413 166//166
f 414//414 166//166 165//165
f 368//368 211//211 369//369
f 415//415 414//414 165//165
f 415//415 164//164 163//163
f 415//415 165//165 164//164
f 367//367 212//212 211//211
f 367//367 211//211 368//368
f 416//416 415//415 163//163
f 366//366 213//213 212//212
f 366//366 214//214 213//213
f 366//366 212//212 367//367
f 417//417 416//416 163//163
f 417//417 163//163 162//162
f 365//365 215//215 214//214
f 365//365 214//214 366//366
f 418//418 162//162 161//161
f 418//418 417//417 162//162
f 364//364 215//215 365//365
f 419//419 161//161 160//160
f 419//419 418//418 161//161
f 363//363 216//216 215//215
f 363//363 215//215 364//364
f 420//420 159//159 158//158
f 420//420 160//160 159//159
f 420//420 419//419 160//160
f 362//362 217//217 216//216
f 362//362 216//216 363//363
f 421//421 420//420 158//158
f 361//361 218//218 217//217
f 361//361 217//217 362//362
f 422//422 421//421 158//158
f 422//422 157//157 156//156
f 422//422 158//158 157//157
f 360//360 219//219 218//218
f 360//360 220//220 219//219
f 360//360 218//218 361//361
f 423//423 422//422 156//156
f 359//359 220//220 360//360
f 424//424 156//156 155//155
f 424//424 423//423 156//156
f 358//358 220//220 359//359
f 358//358 221//221 220//220
f 425//425 424//424 155//155
f 425//425 154//154 153//153
f 425//425 155//155 154//154
f 357//357 222//222 221//221
f 357//357 223//223 222//222
f 357//357 221//221 358//358
f 426//426 425//425 153//153
f 356//356 223//223 357//357
f 427//427 426//426 153//153
f 427//427 152//152 151//151
f 427//427 153//153 152//152
f 355//355 224//224 223//223
f 355//355 223//223 356//356
f 428//428 427//427 151//151
f 354//354 225//225 224//224
f 354//354 226//226 225//225
f 354//354 224//224 355//355
f 429//429 151//151 150//150
f 429//429 428//428 151//151
f 353//353 226//226 354//354
f 430//430 150//150 149//149
f 430//430 429//429 150//150
f 352//352 227//227 226//226
f 352//352 226//226 353//353
f 431//431 149//149 148//148
f 431//431 430//430 149//149
f 351//351 228//228 227//227
f 351//351 227//227 352//352
f 432//432 148//148 147//147
f 432//432 431//431 148//148
f 350//350 229//229 228//228
f 350//350 228//228 351//351
f 433//433 147//147 146//146
f 433//433 432//432 147//147
f 349//349 230//230 229//229
f 349//349 229//229 350//350
f 434//434 146//146 145//145
f 434//434 433//433 146//146
f 348//348 230//230 349//349
f 348//348 231//231 230//230
f 348//348 232//232 231//231
f 435//435 145//145 144//144
f 435//435 434//434 145//145
f 347//347 232//232 348//348
f 436//436 435//435 144//144
f 436//436 144//144 143//143
f 346//346 233//233 232//232
f 346//346 232//232 347//347
f 234//234 233//233 346//346
f 437//437 143//143 142//142
f 437//437 436//436 143//143
f 141//141 437//437 142//142
f 345//345 234//234 346//346
f 438//438 437//437 141//141
f 344//344 234//234 345//345
f 344//344 235//235 234//234
f 236//236 235//235 344//344
f 439//439 141//141 140//140
f 439//439 438//438 141//141
f 343//343 236//236 344//344
f 237//237 236//236 343//343
f 440//440 140//140 139//139
f 440//440 439//439 140//140
f 342//342 237//237 343//343
f 441//441 139//139 138//138
f 441//441 440//440 139//139
f 137//137 441//441 138//138
f 341//341 238//238 237//237
f 341//341 237//237 342//342
f 442//442 441//441 137//137
f 340//340 239//239 238//238
f 340//340 238//238 341//341
f 240//240 239//239 340//340
f 443//443 137//137 136//136
f 443//443 442//442 137//137
f 339//339 240//240 340//340
f 444//444 136//136 135//135
f 444//444 443//443 136//136
f 338//338 241//241 240//240
f 338//338 240//240 339//339
f 445//445 135//135 134//134
f 445//445 444//444 135//135
f 337//337 242//242 241//241
f 337//337 241//241 338//338
f 446//446 134//134 133//133
f 446//446 445//445 134//134
f 336//336 243//243 242//242
f 336//336 242//242 337//337
f 447//447 133//133 132//132
f 447//447 446//446 133//133
f 335//335 243//243 336//336
f 335//335 244//244 243//243
f 448//448 447//447 132//132
f 448//448 132//132 131//131
f 245//245 244//244 335//335
f 130//130 448//448 131//131
f 334//334 245//245 335//335
f 449//449 448//448 130//130
f 246//246 245//245 334//334
f 333//333 246//246 334//334
f 450//450 130//130 129//129
f 450//450 449//449 130//130
f 128//128 450//450 129//129
f 332//332 246//246 333//333
f 332//332 247//247 246//246
f 451//451 450//450 128//128
f 248//248 247//247 332//332
f 331//331 248//248 332//332
f 452//452 128//128 127//127
f 452//452 451//451 128//128
f 330//330 248//248 331//331
f 330//330 249//249 248//248
f 453//453 127//127 126//126
f 453//453 452//452 127//127
f 125//125 453//453 126//126
f 329//329 250//250 249//249
f 329//329 249//249 330//330
f 454//454 453//453 125//125
f 328//328 251//251 250//250
f 328//328 250//250 329//329
f 455//455 125//125 124//124
f 455//455 454//454 125//125
f 252//252 251//251 328//328
f 123//123 455//455 124//124
f 327//327 252//252 328//328
f 456//456 455//455 123//123
f 253//253 252//252 327//327
f 326//326 253//253 327//327
f 457//457 123//123 122//122
f 457//457 456//456 123//123
f 254//254 253//253 326//326
f 325//325 254//254 326//326
f 458//458 122//122 121//121
f 458//458 457//457 122//122
f 255//255 254//254 325//325
f 324//324 255//255 325//325
f 459//459 121//121 120//120
f 459//459 458//458 121//121
f 323//323 256//256 255//255
f 323//323 255//255 324//324
f 460//460 459//459 120//120
f 460//460 120//120 119//119
f 118//118 460//460 119//119
f 322//322 256//256 323//323
f 322//322 257//257 256//256
f 461//461 460//460 118//118
f 258//258 257//257 322//322
f 117//117 461//461 118//118
f 321//321 258//258 322//322
f 462//462 461//461 117//117
f 320//320 258//258 321//321
f 320//320 259//259 258//258
f 463//463 117//117 116//116
f 463//463 462//462 117//117
f 115//115 463//463 116//116
f 319//319 260//260 259//259
f 319//319 259//259 320//320
f 464//464 463//463 115//115
f 114//114 464//464 115//115
f 318//318 260//260 319//319
f 318//318 261//261 260//260
f 465//465 464//464 114//114
f 317//317 261//261 318//318
f 317//317 262//262 261//261
f 466//466 114//114 113//113
f 466//466 465//465 114//114
f 263//263 262//262 317//317
f 316//316 263//263 317//317
f 467//467 113//113 112//112
f 467//467 466//466 113//113
f 315//315 263//263 316//316
f 315//315 264//264 263//263
f 111//111 467//467 112//112
f 468//468 467//467 111//111
f 314//314 264//264 315//315
f 314//314 265//265 264//264
f 469//469 111//111 110//110
f 469//469 468//468 111//111
f 313//313 266//266 265//265
f 313//313 265//265 314//314
f 470//470 110//110 109//109
f 470//470 469//469 110//110
f 312//312 267//267 266//266
f 312//312 266//266 313//313
f 108//108 470//470 109//109
f 471//471 470//470 108//108
f 268//268 267//267 312//312
f 311//311 268//268 312//312
f 107//107 471//471 108//108
f 472//472 471//471 107//107
f 310//310 268//268 311//311
f 310//310 269//269 268//268
f 473//473 107//107 106//106
f 473//473 472//472 107//107
f 309//309 270//270 269//269
f 309//309 269//269 310//310
f 474//474 473//473 106//106
f 474//474 106//106 105//105
f 271//271 270//270 309//309
f 308//308 271//271 309//309
f 475//475 474//474 105//105
f 475//475 105//105 104//104
f 307//307 272//272 271//271
f 307//307 271//271 308//308
f 476//476 475//475 104//104
f 476//476 104//104 103//103
f 273//273 272//272 307//307
f 306//306 273//273 307//307
f 477//477 476//476 103//103
f 477//477 103//103 102//102
f 305//305 273//273 306//306
f 305//305 274//274 273//273
f 101//101 477//477 102//102
f 478//478 477//477 101//101
f 275//275 274//274 305//305
f 304//304 275//275 305//305
f 479//479 478//478 101//101
f 479//479 101//101 100//100
f 303//303 275//275 304//304
f 303//303 276//276 275//275
f 480//480 479//479 100//100
f 480//480 100//100 99//99
f 98//98 480//480 99//99
f 481//481 480//480 98//98
f 97//97 481//481 98//98
f 482//482 481//481 97//97
f 483//483 482//482 97//97
f 483//483 97//97 96//96
f 484//484 483//483 96//96
f 484//484 96//96 95//95
f 94//94 485//485 484//484
f 94//94 484//484 95//95
f 486//486 485//485 94//94
f 93//93 486//486 94//94
f 92//92 487//487 486//486
f 92//92 486//486 93//93
f 488//488 487//487 92//92
f 91//91 488//488 92//92
f 90//90 488//488 91//91
f 90//90 489//489 488//488
f 89//89 489//489 90//90
f 89//89 490//490 489//489
f 88//88 490//490 89//89
f 88//88 491//491 490//490
f 87//87 491//491 88//88
f 87//87 492//492 491//491
f 86//86 492//492 87//87
f 86//86 493//493 492//492
f 85//85 493//493 86//86
f 85//85 494//494 493//493
f 84//84 494//494 85//85
f 84//84 495//495 494//494
f 496//496 495//495 84//84
f 83//83 496//496 84//84
f 82//82 496//496 83//83
f 82//82 497//497 496//496
f 498//498 497//497 82//82
f 81//81 498//498 82//82
f 80//80 498//498 81//81
f 80//80 499//499 498//498
f 79//79 499//499 80//80
f 79//79 500//500 499//499
f 501//501 500//500 79//79
f 78//78 501//501 79//79
f 502//502 501//501 78//78
f 77//77 502//502 78//78
f 503//503 502//502 77//77
f 76//76 503//503 77//77
f 75//75 503//503 76//76
f 75//75 504//504 503//503
f 74//74 504//504 75//75
f 74//74 505//505 504//504
f 73//73 505//505 74//74
f 73//73 506//506 505//505
f 72//72 506//506 73//73
f 72//72 507//507 506//506
f 508//508 507//507 72//72
f 71//71 508//508 72//72
f 70//70 508//508 71//71
f 70//70 509//509 508//508
f 69//69 510//510 509//509
f 69//69 509//509 70//70
f 68//68 511//511 510//510
f 68//68 510//510 69//69
f 67//67 512//512 511//511
f 67//67 511//511 68//68
f 66//66 513//513 512//512
f 66//66 512//512 67//67
f 65//65 513//513 66//66
f 65//65 514//514 513//513
f 64//64 515//515 514//514
f 64//64 514//514 65//65
f 63//63 516//516 515//515
f 63//63 515//515 64//64
f 517//517 516//516 63//63
f 62//62 517//517 63//63
f 61//61 518//518 517//517
f 61//61 517//517 62//62
f 60//60 519//519 518//518
f 60//60 518//518 61//61
f 59//59 520//520 519//519
f 59//59 519//519 60//60
f 58//58 521//521 520//520
f 58//58 520//520 59//59
f 57//57 522//522 521//521
f 57//57 521//521 58//58
f 56//56 523//523 522//522
f 56//56 522//522 57//57
f 55//55 524//524 523//523
f 55//55 523//523 56//56
f 525//525 524//524 55//55
f 54//54 525//525 55//55
f 53//53 526//526 525//525
f 53//53 525//525 54//54
f 52//52 527//527 526//526
f 52//52 526//526 53//53
f 51//51 528//528 527//527
f 51//51 527//527 52//52
f 50//50 529//529 528//528
f 50//50 528//528 51//51
f 49//49 530//530 529//529
f 49//49 529//529 50//50
f 48//48 531//531 530//530
f 48//48 530//530 49//49
f 532//532 531//531 48//48
f 47//47 532//532 48//48
f 533//533 532//532 47//47
f 46//46 533//533 47//47
f 534//534 533//533 46//46
f 45//45 534//534 46//46
f 44//44 535//535 534//534
f 44//44 536//536 535//535
f 44//44 534//534 45//45
f 43//43 536//536 44//44
f 42//42 537//537 536//536
f 42//42 536//536 43//43
f 41//41 538//538 537//537
f 41//41 537//537 42//42
f 40//40 539//539 538//538
f 40//40 540//540 539//539
f 40//40 538//538 41//41
f 39//39 540//540 40//40
f 38//38 541//541 540//540
f 38//38 542//542 541//541
f 38//38 540//540 39//39
f 37//37 542//542 38//38
f 36//36 543//543 542//542
f 36//36 542//542 37//37
f 35//35 543//543 36//36
f 35//35 544//544 543//543
f 34//34 544//544 35//35
f 34//34 545//545 544//544
f 33//33 545//545 34//34
f 33//33 546//546 545//545
f 32//32 546//546 33//33
f 32//32 547//547 546//546
f 31//31 548//548 547//547
f 31//31 547//547 32//32
f 30//30 549//549 548//548
f 30//30 548//548 31//31
f 29//29 550//550 549//549
f 29//29 549//549 30//30
f 28//28 551//551 550//550
f 28//28 552//552 551//551
f 28//28 550//550 29//29
f 27//27 553//553 552//552
f 27//27 552//552 28//28
f 26//26 553//553 27//27
f 25//25 554//554 553//553
f 25//25 555//555 554//554
f 25//25 553//553 26//26
f 24//24 555//555 25//25
f 23//23 556//556 555//555
f 23//23 555//555 24//24
f 22//22 557//557 556//556
f 22//22 558//558 557//557
f 22//22 556//556 23//23
f 21//21 558//558 22//22
f 20//20 559//559 558//558
f 20//20 558//558 21//21
f 19//19 560//560 559//559
f 19//19 559//559 20//20
f 18//18 561//561 560//560
f 18//18 560//560 19//19
f 302//302 276//276 303//303
f 302//302 277//277 276//276
f 17//17 562//562 561//561
f 17//17 561//561 18//18
f 16//16 563//563 562//562
f 16//16 564//564 563//563
f 16//16 562//562 17//17
f 15//15 564//564 16//16
f 14//14 565//565 564//564
f 14//14 564//564 15//15
f 301//301 277//277 302//302
f 278//278 277//277 301//301
f 13//13 565//565 14//14
f 13//13 566//566 565//565
f 12//12 566//566 13//13
f 12//12 567//567 566//566
f 12//12 568//568 567//567
f 11//11 568//568 12//12
f 10//10 568//568 11//11
f 10//10 569//569 568//568
f 9//9 569//569 10//10
f 9//9 570//570 569//569
f 9//9 288//288 570//570
f 8//8 288//288 9//9
f 8//8 289//289 288//288
f 4//4 289//289 8//8
f 1//1 289//289 4//4
f 1//1 290//290 289//289
f 279//279 278//278 301//301
f 279//279 301//301 300//300
f 299//299 279//279 300//300
f 280//280 279//279 299//299
f 298//298 280//280 299//299
f 281//281 280//280 298//298
f 282//282 281//281 298//298
f 282//282 298//298 297//297
f 283//283 282//282 297//297
f 283//283 297//297 296//296
f 284//284 283//283 296//296
f 284//284 296//296 295//295
f 285//285 284//284 295//295
f 285//285 295//295 294//294
f 286//286 285//285 294//294
f 286//286 293//293 292//292
f 286//286 294//294 293//293
f 5//5 290//290 1//1
f 5//5 291//291 290//290
f 5//5 292//292 291//291
f 287//287 286//286 292//292
f 287//287 292//292 5//5
f 953//953 749//749 750//750
f 954//954 749//749 953//953
f 952//952 953//953 750//750
f 952//952 750//750 751//751
f 955//955 749//749 954//954
f 955//955 747//747 748//748
f 955//955 748//748 749//749
f 951//951 952//952 751//751
f 951//951 751//751 752//752
f 951//951 752//752 753//753
f 956//956 747//747 955//955
f 950//950 951//951 753//753
f 957//957 747//747 956//956
f 957//957 746//746 747//747
f 949//949 950//950 753//753
f 949//949 753//753 754//754
f 958//958 746//746 957//957
f 958//958 744//744 745//745
f 958//958 745//745 746//746
f 948//948 949//949 754//754
f 948//948 754//754 755//755
f 959//959 744//744 958//958
f 959//959 743//743 744//744
f 947//947 948//948 755//755
f 947//947 755//755 756//756
f 960//960 743//743 959//959
f 946//946 947//947 756//756
f 946//946 756//756 757//757
f 961//961 742//742 743//743
f 961//961 743//743 960//960
f 945//945 946//946 757//757
f 945//945 757//757 758//758
f 945//945 758//758 759//759
f 962//962 741//741 742//742
f 962//962 742//742 961//961
f 944//944 945//945 759//759
f 963//963 741//741 962//962
f 963//963 739//739 740//740
f 963//963 740//740 741//741
f 943//943 944//944 759//759
f 943//943 759//759 760//760
f 943//943 760//760 761//761
f 964//964 739//739 963//963
f 942//942 943//943 761//761
f 965//965 739//739 964//964
f 965//965 738//738 739//739
f 941//941 942//942 761//761
f 941//941 761//761 762//762
f 966//966 737//737 738//738
f 966//966 738//738 965//965
f 940//940 941//941 762//762
f 940//940 762//762 763//763
f 967//967 736//736 737//737
f 967//967 737//737 966//966
f 939//939 940//940 763//763
f 939//939 763//763 764//764
f 968//968 736//736 967//967
f 968//968 735//735 736//736
f 938//938 939//939 764//764
f 938//938 764//764 765//765
f 938//938 765//765 766//766
f 969//969 734//734 735//735
f 969//969 735//735 968//968
f 937//937 938//938 766//766
f 970//970 733//733 734//734
f 970//970 734//734 969//969
f 936//936 937//937 766//766
f 936//936 766//766 767//767
f 971//971 731//731 732//732
f 971//971 732//732 733//733
f 971//971 733//733 970//970
f 935//935 936//936 767//767
f 935//935 767//767 768//768
f 972//972 731//731 971//971
f 934//934 769//769 770//770
f 934//934 935//935 768//768
f 934//934 768//768 769//769
f 973//973 731//731 972//972
f 973//973 730//730 731//731
f 933//933 934//934 770//770
f 974//974 730//730 973//973
f 974//974 728//728 729//729
f 974//974 729//729 730//730
f 932//932 770//770 771//771
f 932//932 933//933 770//770
f 975//975 728//728 974//974
f 931//931 771//771 772//772
f 931//931 772//772 773//773
f 931//931 932//932 771//771
f 976//976 728//728 975//975
f 976//976 727//727 728//728
f 930//930 931//931 773//773
f 977//977 727//727 976//976
f 977//977 725//725 726//726
f 977//977 726//726 727//727
f 929//929 773//773 774//774
f 929//929 930//930 773//773
f 978//978 725//725 977//977
f 928//928 774//774 775//775
f 928//928 775//775 776//776
f 928//928 929//929 774//774
f 979//979 725//725 978//978
f 979//979 724//724 725//725
f 927//927 776//776 777//777
f 927//927 928//928 776//776
f 980//980 723//723 724//724
f 980//980 724//724 979//979
f 926//926 927//927 777//777
f 981//981 722//722 723//723
f 981//981 723//723 980//980
f 925//925 777//777 778//778
f 925//925 926//926 777//777
f 982//982 720//720 721//721
f 982//982 721//721 722//722
f 982//982 722//722 981//981
f 924//924 778//778 779//779
f 924//924 925//925 778//778
f 983//983 720//720 982//982
f 923//923 779//779 780//780
f 923//923 924//924 779//779
f 984//984 720//720 983//983
f 984//984 718//718 719//719
f 984//984 719//719 720//720
f 922//922 780//780 781//781
f 922//922 781//781 782//782
f 922//922 923//923 780//780
f 985//985 718//718 984//984
f 921//921 922//922 782//782
f 986//986 717//717 718//718
f 986//986 718//718 985//985
f 920//920 921//921 782//782
f 920//920 782//782 783//783
f 987//987 717//717 986//986
f 987//987 715//715 716//716
f 987//987 716//716 717//717
f 919//919 783//783 784//784
f 919//919 784//784 785//785
f 919//919 920//920 783//783
f 988//988 715//715 987//987
f 918//918 919//919 785//785
f 989//989 715//715 988//988
f 989//989 713//713 714//714
f 989//989 714//714 715//715
f 917//917 785//785 786//786
f 917//917 918//918 785//785
f 990//990 713//713 989//989
f 916//916 786//786 787//787
f 916//916 787//787 788//788
f 916//916 917//917 786//786
f 991//991 712//712 713//713
f 991//991 713//713 990//990
f 915//915 916//916 788//788
f 992//992 711//711 712//712
f 992//992 712//712 991//991
f 914//914 788//788 789//789
f 914//914 915//915 788//788
f 993//993 710//710 711//711
f 993//993 711//711 992//992
f 913//913 789//789 790//790
f 913//913 914//914 789//789
f 994//994 709//709 710//710
f 994//994 710//710 993//993
f 912//912 790//790 791//791
f 912//912 913//913 790//790
f 995//995 708//708 709//709
f 995//995 709//709 994//994
f 911//911 791//791 792//792
f 911//911 912//912 791//791
f 996//996 707//707 708//708
f 996//996 708//708 995//995
f 910//910 911//911 792//792
f 910//910 792//792 793//793
f 910//910 793//793 794//794
f 997//997 706//706 707//707
f 997//997 707//707 996//996
f 909//909 910//910 794//794
f 998//998 706//706 997//997
f 998//998 705//705 706//706
f 908//908 794//794 795//795
f 908//908 909//909 794//794
f 796//796 908//908 795//795
f 999//999 704//704 705//705
f 999//999 705//705 998//998
f 703//703 704//704 999//999
f 907//907 908//908 796//796
f 1000//1000 703//703 999//999
f 906//906 907//907 796//796
f 906//906 796//796 797//797
f 798//798 906//906 797//797
f 1001//1001 702//702 703//703
f 1001//1001 703//703 1000//1000
f 905//905 906//906 798//798
f 799//799 905//905 798//798
f 1002//1002 701//701 702//702
f 1002//1002 702//702 1001//1001
f 904//904 905//905 799//799
f 1003//1003 700//700 701//701
f 1003//1003 701//701 1002//1002
f 699//699 700//700 1003//1003
f 903//903 799//799 800//800
f 903//903 904//904 799//799
f 1004//1004 699//699 1003//1003
f 902//902 800//800 801//801
f 902//902 903//903 800//800
f 802//802 902//902 801//801
f 1005//1005 698//698 699//699
f 1005//1005 699//699 1004//1004
f 901//901 902//902 802//802
f 1006//1006 697//697 698//698
f 1006//1006 698//698 1005//1005
f 900//900 802//802 803//803
f 900//900 901//901 802//802
f 1007//1007 696//696 697//697
f 1007//1007 697//697 1006//1006
f 899//899 803//803 804//804
f 899//899 900//900 803//803
f 1008//1008 695//695 696//696
f 1008//1008 696//696 1007//1007
f 898//898 804//804 805//805
f 898//898 899//899 804//804
f 1009//1009 694//694 695//695
f 1009//1009 695//695 1008//1008
f 897//897 898//898 805//805
f 897//897 805//805 806//806
f 1010//1010 694//694 1009//1009
f 1010//1010 693//693 694//694
f 807//807 897//897 806//806
f 692//692 693//693 1010//1010
f 896//896 897//897 807//807
f 1011//1011 692//692 1010//1010
f 808//808 896//896 807//807
f 895//895 896//896 808//808
f 1012//1012 691//691 692//692
f 1012//1012 692//692 1011//1011
f 690//690 691//691 1012//1012
f 894//894 895//895 808//808
f 894//894 808//808 809//809
f 1013//1013 690//690 1012//1012
f 810//810 894//894 809//809
f 893//893 894//894 810//810
f 1014//1014 689//689 690//690
f 1014//1014 690//690 1013//1013
f 892//892 893//893 810//810
f 892//892 810//810 811//811
f 1015//1015 688//688 689//689
f 1015//1015 689//689 1014//1014
f 687//687 688//688 1015//1015
f 891//891 811//811 812//812
f 891//891 892//892 811//811
f 1016//1016 687//687 1015//1015
f 890//890 812//812 813//813
f 890//890 891//891 812//812
f 1017//1017 686//686 687//687
f 1017//1017 687//687 1016//1016
f 814//814 890//890 813//813
f 685//685 686//686 1017//1017
f 889//889 890//890 814//814
f 1018//1018 685//685 1017//1017
f 815//815 889//889 814//814
f 888//888 889//889 815//815
f 1019//1019 684//684 685//685
f 1019//1019 685//685 1018//1018
f 816//816 888//888 815//815
f 887//887 888//888 816//816
f 1020//1020 683//683 684//684
f 1020//1020 684//684 1019//1019
f 817//817 887//887 816//816
f 886//886 887//887 817//817
f 1021//1021 682//682 683//683
f 1021//1021 683//683 1020//1020
f 885//885 817//817 818//818
f 885//885 886//886 817//817
f 1022//1022 682//682 1021//1021
f 1022//1022 681//681 682//682
f 680//680 681//681 1022//1022
f 884//884 885//885 818//818
f 884//884 818//818 819//819
f 1023//1023 680//680 1022//1022
f 820//820 884//884 819//819
f 679//679 680//680 1023//1023
f 883//883 884//884 820//820
f 1024//1024 679//679 1023//1023
f 882//882 883//883 820//820
f 882//882 820//820 821//821
f 1025//1025 678//678 679//679
f 1025//1025 679//679 1024//1024
f 677//677 678//678 1025//1025
f 881//881 821//821 822//822
f 881//881 882//882 821//821
f 1026//1026 677//677 1025//1025
f 676//676 677//677 1026//1026
f 880//880 881//881 822//822
f 880//880 822//822 823//823
f 1027//1027 676//676 1026//1026
f 879//879 880//880 823//823
f 879//879 823//823 824//824
f 1028//1028 675//675 676//676
f 1028//1028 676//676 1027//1027
f 825//825 879//879 824//824
f 878//878 879//879 825//825
f 1029//1029 674//674 675//675
f 1029//1029 675//675 1028//1028
f 877//877 878//878 825//825
f 877//877 825//825 826//826
f 673//673 674//674 1029//1029
f 1030//1030 673//673 1029//1029
f 876//876 877//877 826//826
f 876//876 826//826 827//827
f 1031//1031 672//672 673//673
f 1031//1031 673//673 1030//1030
f 875//875 827//827 828//828
f 875//875 876//876 827//827
f 1032//1032 671//671 672//672
f 1032//1032 672//672 1031//1031
f 874//874 828//828 829//829
f 874//874 875//875 828//828
f 670//670 671//671 1032//1032
f 1033//1033 670//670 1032//1032
f 830//830 874//874 829//829
f 873//873 874//874 830//830
f 669//669 670//670 1033//1033
f 1034//1034 669//669 1033//1033
f 872//872 873//873 830//830
f 872//872 830//830 831//831
f 1035//1035 668//668 669//669
f 1035//1035 669//669 1034//1034
f 871//871 831//831 832//832
f 871//871 872//872 831//831
f 1036//1036 668//668 1035//1035
f 1036//1036 667//667 668//668
f 833//833 871//871 832//832
f 870//870 871//871 833//833
f 1037//1037 667//667 1036//1036
f 1037//1037 666//666 667//667
f 869//869 833//833 834//834
f 869//869 870//870 833//833
f 1038//1038 666//666 1037//1037
f 1038//1038 665//665 666//666
f 835//835 869//869 834//834
f 868//868 869//869 835//835
f 1039//1039 665//665 1038//1038
f 1039//1039 664//664 665//665
f 867//867 868//868 835//835
f 867//867 835//835 836//836
f 663//663 664//664 1039//1039
f 1040//1040 663//663 1039//1039
f 837//837 867//867 836//836
f 866//866 867//867 837//837
f 1041//1041 663//663 1040//1040
f 1041//1041 662//662 663//663
f 865//865 866//866 837//837
f 865//865 837//837 838//838
f 1042//1042 662//662 1041//1041
f 1042//1042 661//661 662//662
f 660//660 661//661 1042//1042
f 1043//1043 660//660 1042//1042
f 659//659 660//660 1043//1043
f 1044//1044 659//659 1043//1043
f 1045//1045 659//659 1044//1044
f 1045//1045 658//658 659//659
f 1046//1046 658//658 1045//1045
f 1046//1046 657//657 658//658
f 656//656 1046//1046 1047//1047
f 656//656 657//657 1046//1046
f 1048//1048 656//656 1047//1047
f 655//655 656//656 1048//1048
f 654//654 1048//1048 1049//1049
f 654//654 655//655 1048//1048
f 1050//1050 654//654 1049//1049
f 653//653 654//654 1050//1050
f 652//652 653//653 1050//1050
f 652//652 1050//1050 1051//1051
f 651//651 652//652 1051//1051
f 651//651 1051//1051 1052//1052
f 650//650 651//651 1052//1052
f 650//650 1052//1052 1053//1053
f 649//649 650//650 1053//1053
f 649//649 1053//1053 1054//1054
f 648//648 649//649 1054//1054
f 648//648 1054//1054 1055//1055
f 647//647 648//648 1055//1055
f 647//647 1055//1055 1056//1056
f 646//646 647//647 1056//1056
f 646//646 1056//1056 1057//1057
f 1058//1058 646//646 1057//1057
f 645//645 646//646 1058//1058
f 644//644 645//645 1058//1058
f 644//644 1058//1058 1059//1059
f 1060//1060 644//644 1059//1059
f 643//643 644//644 1060//1060
f 642//642 643//643 1060//1060
f 642//642 1060//1060 1061//1061
f 641//641 642//642 1061//1061
f 641//641 1061//1061 1062//1062
f 1063//1063 641//641 1062//1062
f 640//640 641//641 1063//1063
f 1064//1064 640//640 1063//1063
f 639//639 640//640 1064//1064
f 1065//1065 639//639 1064//1064
f 638//638 639//639 1065//1065
f 637//637 638//638 1065//1065
f 637//637 1065//1065 1066//1066
f 636//636 637//637 1066//1066
f 636//636 1066//1066 1067//1067
f 635//635 636//636 1067//1067
f 635//635 1067//1067 1068//1068
f 634//634 635//635 1068//1068
f 634//634 1068//1068 1069//1069
f 1070//1070 634//634 1069//1069
f 633//633 634//634 1070//1070
f 632//632 633//633 1070//1070
f 632//632 1070//1070 1071//1071
f 631//631 1071//1071 1072//1072
f 631//631 632//632 1071//1071
f 630//630 1072//1072 1073//1073
f 630//630 631//631 1072//1072
f 629//629 1073//1073 1074//1074
f 629//629 630//630 1073//1073
f 628//628 1074//1074 1075//1075
f 628//628 629//629 1074//1074
f 627//627 628//628 1075//1075
f 627//627 1075//1075 1076//1076
f 626//626 1076//1076 1077//1077
f 626//626 627//627 1076//1076
f 625//625 1077//1077 1078//1078
f 625//625 626//626 1077//1077
f 1079//1079 625//625 1078//1078
f 624//624 625//625 1079//1079
f 623//623 1079//1079 1080//1080
f 623//623 624//624 1079//1079
f 622//622 1080//1080 1081//1081
f 622//622 623//623 1080//1080
f 621//621 1081//1081 1082//1082
f 621//621 622//622 1081//1081
f 620//620 1082//1082 1083//1083
f 620//620 621//621 1082//1082
f 619//619 1083//1083 1084//1084
f 619//619 620//620 1083//1083
f 618//618 1084//1084 1085//1085
f 618//618 619//619 1084//1084
f 617//617 1085//1085 1086//1086
f 617//617 618//618 1085//1085
f 1087//1087 617//617 1086//1086
f 616//616 617//617 1087//1087
f 615//615 1087//1087 1088//1088
f 615//615 616//616 1087//1087
f 614//614 1088//1088 1089//1089
f 614//614 615//615 1088//1088
f 613//613 1089//1089 1090//1090
f 613//613 614//614 1089//1089
f 612//612 1090//1090 1091//1091
f 612//612 613//613 1090//1090
f 611//611 1091//1091 1092//1092
f 611//611 612//612 1091//1091
f 610//610 1092//1092 1093//1093
f 610//610 611//611 1092//1092
f 1094//1094 610//610 1093//1093
f 609//609 610//610 1094//1094
f 1095//1095 609//609 1094//1094
f 608//608 609//609 1095//1095
f 1096//1096 608//608 1095//1095
f 607//607 608//608 1096//1096
f 606//606 1096//1096 1097//1097
f 606//606 1097//1097 1098//1098
f 606//606 607//607 1096//1096
f 605//605 606//606 1098//1098
f 604//604 1098//1098 1099//1099
f 604//604 605//605 1098//1098
f 603//603 1099//1099 1100//1100
f 603//603 604//604 1099//1099
f 602//602 1100//1100 1101//1101
f 602//602 1101//1101 1102//1102
f 602//602 603//603 1100//1100
f 601//601 602//602 1102//1102
f 600//600 1102//1102 1103//1103
f 600//600 1103//1103 1104//1104
f 600//600 601//601 1102//1102
f 599//599 600//600 1104//1104
f 598//598 1104//1104 1105//1105
f 598//598 599//599 1104//1104
f 597//597 598//598 1105//1105
f 597//597 1105//1105 1106//1106
f 596//596 597//597 1106//1106
f 596//596 1106//1106 1107//1107
f 595//595 596//596 1107//1107
f 595//595 1107//1107 1108//1108
f 594//594 595//595 1108//1108
f 594//594 1108//1108 1109//1109
f 593//593 1109//1109 1110//1110
f 593//593 594//594 1109//1109
f 592//592 1110//1110 1111//1111
f 592//592 593//593 1110//1110
f 591//591 1111//1111 1112//1112
f 591//591 592//592 1111//1111
f 590//590 1112//1112 1113//1113
f 590//590 1113//1113 1114//1114
f 590//590 591//591 1112//1112
f 589//589 1114//1114 1115//1115
f 589//589 590//590 1114//1114
f 588//588 589//589 1115//1115
f 587//587 1115//1115 1116//1116
f 587//587 1116//1116 1117//1117
f 587//587 588//588 1115//1115
f 586//586 587//587 1117//1117
f 585//585 1117//1117 1118//1118
f 585//585 586//586 1117//1117
f 584//584 1118//1118 1119//1119
f 584//584 1119//1119 1120//1120
f 584//584 585//585 1118//1118
f 583//583 584//584 1120//1120
f 582//582 1120//1120 1121//1121
f 582//582 583//583 1120//1120
f 581//581 1121//1121 1122//1122
f 581//581 582//582 1121//1121
f 580//580 1122//1122 1123//1123
f 580//580 581//581 1122//1122
f 864//864 865//865 838//838
f 864//864 838//838 839//839
f 579//579 1123//1123 1124//1124
f 579//579 580//580 1123//1123
f 578//578 1124//1124 1125//1125
f 578//578 1125//1125 1126//1126
f 578//578 579//579 1124//1124
f 577//577 578//578 1126//1126
f 576//576 1126//1126 1127//1127
f 576//576 577//577 1126//1126
f 863//863 864//864 839//839
f 840//840 863//863 839//839
f 575//575 576//576 1127//1127
f 575//575 1127//1127 1128//1128
f 574//574 575//575 1128//1128
f 574//574 1128//1128 1129//1129
f 574//574 1129//1129 1130//1130
f 573//573 574//574 1130//1130
f 572//572 573//573 1130//1130
f 572//572 1130//1130 1131//1131
f 571//571 572//572 1131//1131
f 571//571 1131//1131 1132//1132
f 571//571 1132//1132 850//850
f 7//7 571//571 850//850
f 7//7 850//850 851//851
f 3//3 7//7 851//851
f 2//2 3//3 851//851
f 2//2 851//851 852//852
f 841//841 863//863 840//840
f 841//841 862//862 863//863
f 861//861 862//862 841//841
f 842//842 861//861 841//841
f 860//860 861//861 842//842
f 843//843 860//860 842//842
f 844//844 860//860 843//843
f 844//844 859//859 860//860
f 845//845 859//859 844//844
f 845//845 858//858 859//859
f 846//846 858//858 845//845
f 846//846 857//857 858//858
f 847//847 857//857 846//846
f 847//847 856//856 857//857
f 848//848 856//856 847//847
f 848//848 854//854 855//855
f 848//848 855//855 856//856
f 6//6 2//2 852//852
f 6//6 852//852 853//853
f 6//6 853//853 854//854
f 849//849 854//854 848//848
f 849//849 6//6 854//854
f 5//5 849//849 287//287
f 5//5 6//6 849//849
f 9//9 7//7 8//8
f 9//9 571//571 7//7
f 287//287 848//848 286//286
f 287//287 849//849 848//848
f 10//10 571//571 9//9
f 10//10 572//572 571//571
f 286//286 847//847 285//285
f 286//286 848//848 847//847
f 11//11 572//572 10//10
f 11//11 573//573 572//572
f 285//285 846//846 284//284
f 285//285 847//847 846//846
f 12//12 573//573 11//11
f 12//12 574//574 573//573
f 284//284 845//845 283//283
f 284//284 846//846 845//845
f 13//13 574//574 12//12
f 13//13 575//575 574//574
f 283//283 844//844 282//282
f 283//283 845//845 844//844
f 14//14 575//575 13//13
f 14//14 576//576 575//575
f 282//282 843//843 281//281
f 282//282 844//844 843//843
f 15//15 576//576 14//14
f 15//15 577//577 576//576
f 280//280 843//843 842//842
f 281//281 843//843 280//280
f 16//16 577//577 15//15
f 16//16 578//578 577//577
f 280//280 841//841 279//279
f 280//280 842//842 841//841
f 17//17 578//578 16//16
f 17//17 579//579 578//578
f 279//279 840//840 278//278
f 279//279 841//841 840//840
f 18//18 579//579 17//17
f 18//18 580//580 579//579
f 277//277 840//840 839//839
f 278//278 840//840 277//277
f 19//19 580//580 18//18
f 19//19 581//581 580//580
f 277//277 838//838 276//276
f 277//277 839//839 838//838
f 20//20 581//581 19//19
f 20//20 582//582 581//581
f 276//276 837//837 275//275
f 276//276 838//838 837//837
f 21//21 582//582 20//20
f 21//21 583//583 582//582
f 275//275 836//836 274//274
f 275//275 837//837 836//836
f 22//22 583//583 21//21
f 22//22 584//584 583//583
f 274//274 835//835 273//273
f 274//274 836//836 835//835
f 23//23 584//584 22//22
f 23//23 585//585 584//584
f 273//273 834//834 272//272
f 273//273 835//835 834//834
f 24//24 585//585 23//23
f 24//24 586//586 585//585
f 272//272 833//833 271//271
f 272//272 834//834 833//833
f 25//25 586//586 24//24
f 25//25 587//587 586//586
f 271//271 832//832 270//270
f 271//271 833//833 832//832
f 26//26 587//587 25//25
f 26//26 588//588 587//587
f 270//270 831//831 269//269
f 270//270 832//832 831//831
f 27//27 588//588 26//26
f 27//27 589//589 588//588
f 269//269 830//830 268//268
f 269//269 831//831 830//830
f 28//28 589//589 27//27
f 28//28 590//590 589//589
f 268//268 829//829 267//267
f 268//268 830//830 829//829
f 29//29 590//590 28//28
f 29//29 591//591 590//590
f 267//267 828//828 266//266
f 267//267 829//829 828//828
f 30//30 591//591 29//29
f 30//30 592//592 591//591
f 266//266 827//827 265//265
f 266//266 828//828 827//827
f 31//31 592//592 30//30
f 31//31 593//593 592//592
f 265//265 826//826 264//264
f 265//265 827//827 826//826
f 32//32 593//593 31//31
f 32//32 594//594 593//593
f 264//264 825//825 263//263
f 264//264 826//826 825//825
f 33//33 594//594 32//32
f 33//33 595//595 594//594
f 263//263 824//824 262//262
f 263//263 825//825 824//824
f 34//34 595//595 33//33
f 34//34 596//596 595//595
f 262//262 823//823 261//261
f 262//262 824//824 823//823
f 35//35 596//596 34//34
f 35//35 597//597 596//596
f 261//261 822//822 260//260
f 261//261 823//823 822//822
f 36//36 597//597 35//35
f 36//36 598//598 597//597
f 260//260 821//821 259//259
f 260//260 822//822 821//821
f 37//37 598//598 36//36
f 37//37 599//599 598//598
f 258//258 821//821 820//820
f 259//259 821//821 258//258
f 38//38 599//599 37//37
f 38//38 600//600 599//599
f 258//258 819//819 257//257
f 258//258 820//820 819//819
f 39//39 600//600 38//38
f 39//39 601//601 600//600
f 257//257 818//818 256//256
f 257//257 819//819 818//818
f 40//40 601//601 39//39
f 40//40 602//602 601//601
f 256//256 817//817 255//255
f 256//256 818//818 817//817
f 41//41 602//602 40//40
f 41//41 603//603 602//602
f 255//255 816//816 254//254
f 255//255 817//817 816//816
f 42//42 603//603 41//41
f 42//42 604//604 603//603
f 254//254 815//815 253//253
f 254//254 816//816 815//815
f 43//43 604//604 42//42
f 43//43 605//605 604//604
f 253//253 814//814 252//252
f 253//253 815//815 814//814
f 44//44 605//605 43//43
f 44//44 606//606 605//605
f 252//252 813//813 251//251
f 252//252 814//814 813//813
f 45//45 606//606 44//44
f 45//45 607//607 606//606
f 251//251 812//812 250//250
f 251//251 813//813 812//812
f 46//46 607//607 45//45
f 46//46 608//608 607//607
f 250//250 811//811 249//249
f 250//250 812//812 811//811
f 47//47 608//608 46//46
f 47//47 609//609 608//608
f 249//249 810//810 248//248
f 249//249 811//811 810//810
f 48//48 609//609 47//47
f 48//48 610//610 609//609
f 248//248 809//809 247//247
f 248//248 810//810 809//809
f 49//49 610//610 48//48
f 49//49 611//611 610//610
f 247//247 808//808 246//246
f 247//247 809//809 808//808
f 50//50 611//611 49//49
f 50//50 612//612 611//611
f 246//246 807//807 245//245
f 246//246 808//808 807//807
f 51//51 612//612 50//50
f 51//51 613//613 612//612
f 245//245 806//806 244//244
f 245//245 807//807 806//806
f 52//52 613//613 51//51
f 52//52 614//614 613//613
f 244//244 805//805 243//243
f 244//244 806//806 805//805
f 53//53 614//614 52//52
f 53//53 615//615 614//614
f 243//243 804//804 242//242
f 243//243 805//805 804//804
f 54//54 615//615 53//53
f 54//54 616//616 615//615
f 242//242 803//803 241//241
f 242//242 804//804 803//803
f 55//55 616//616 54//54
f 55//55 617//617 616//616
f 241//241 802//802 240//240
f 241//241 803//803 802//802
f 56//56 617//617 55//55
f 56//56 618//618 617//617
f 240//240 801//801 239//239
f 240//240 802//802 801//801
f 57//57 618//618 56//56
f 57//57 619//619 618//618
f 239//239 800//800 238//238
f 239//239 801//801 800//800
f 58//58 619//619 57//57
f 58//58 620//620 619//619
f 238//238 799//799 237//237
f 238//238 800//800 799//799
f 59//59 620//620 58//58
f 59//59 621//621 620//620
f 237//237 798//798 236//236
f 237//237 799//799 798//798
f 60//60 621//621 59//59
f 60//60 622//622 621//621
f 236//236 797//797 235//235
f 236//236 798//798 797//797
f 61//61 622//622 60//60
f 61//61 623//623 622//622
f 235//235 796//796 234//234
f 235//235 797//797 796//796
f 62//62 623//623 61//61
f 62//62 624//624 623//623
f 234//234 795//795 233//233
f 234//234 796//796 795//795
f 62//62 625//625 624//624
f 63//63 625//625 62//62
f 233//233 794//794 232//232
f 233//233 795//795 794//794
f 64//64 625//625 63//63
f 64//64 626//626 625//625
f 232//232 793//793 231//231
f 232//232 794//794 793//793
f 65//65 626//626 64//64
f 65//65 627//627 626//626
f 231//231 792//792 230//230
f 231//231 793//793 792//792
f 66//66 627//627 65//65
f 66//66 628//628 627//627
f 230//230 791//791 229//229
f 230//230 792//792 791//791
f 67//67 628//628 66//66
f 67//67 629//629 628//628
f 229//229 790//790 228//228
f 229//229 791//791 790//790
f 68//68 629//629 67//67
f 68//68 630//630 629//629
f 228//228 789//789 227//227
f 228//228 790//790 789//789
f 69//69 630//630 68//68
f 69//69 631//631 630//630
f 227//227 788//788 226//226
f 227//227 789//789 788//788
f 70//70 631//631 69//69
f 70//70 632//632 631//631
f 226//226 787//787 225//225
f 226//226 788//788 787//787
f 71//71 632//632 70//70
f 71//71 633//633 632//632
f 225//225 786//786 224//224
f 225//225 787//787 786//786
f 72//72 633//633 71//71
f 72//72 634//634 633//633
f 224//224 785//785 223//223
f 224//224 786//786 785//785
f 73//73 634//634 72//72
f 73//73 635//635 634//634
f 223//223 784//784 222//222
f 223//223 785//785 784//784
f 74//74 635//635 73//73
f 74//74 636//636 635//635
f 222//222 783//783 221//221
f 222//222 784//784 783//783
f 75//75 636//636 74//74
f 75//75 637//637 636//636
f 221//221 782//782 220//220
f 221//221 783//783 782//782
f 76//76 637//637 75//75
f 76//76 638//638 637//637
f 220//220 781//781 219//219
f 220//220 782//782 781//781
f 77//77 638//638 76//76
f 77//77 639//639 638//638
f 219//219 780//780 218//218
f 219//219 781//781 780//780
f 78//78 639//639 77//77
f 78//78 640//640 639//639
f 218//218 779//779 217//217
f 218//218 780//780 779//779
f 79//79 640//640 78//78
f 79//79 641//641 640//640
f 217//217 778//778 216//216
f 217//217 779//779 778//778
f 79//79 642//642 641//641
f 80//80 642//642 79//79
f 216//216 777//777 215//215
f 216//216 778//778 777//777
f 81//81 642//642 80//80
f 81//81 643//643 642//642
f 215//215 776//776 214//214
f 215//215 777//777 776//776
f 82//82 643//643 81//81
f 82//82 644//644 643//643
f 214//214 775//775 213//213
f 214//214 776//776 775//775
f 83//83 644//644 82//82
f 83//83 645//645 644//644
f 213//213 774//774 212//212
f 213//213 775//775 774//774
f 84//84 645//645 83//83
f 84//84 646//646 645//645
f 212//212 773//773 211//211
f 212//212 774//774 773//773
f 85//85 646//646 84//84
f 85//85 647//647 646//646
f 210//210 773//773 772//772
f 211//211 773//773 210//210
f 86//86 647//647 85//85
f 86//86 648//648 647//647
f 210//210 771//771 209//209
f 210//210 772//772 771//771
f 87//87 648//648 86//86
f 87//87 649//649 648//648
f 209//209 770//770 208//208
f 209//209 771//771 770//770
f 87//87 650//650 649//649
f 88//88 650//650 87//87
f 208//208 769//769 207//207
f 208//208 770//770 769//769
f 89//89 650//650 88//88
f 89//89 651//651 650//650
f 207//207 768//768 206//206
f 207//207 769//769 768//768
f 90//90 651//651 89//89
f 90//90 652//652 651//651
f 206//206 767//767 205//205
f 206//206 768//768 767//767
f 91//91 652//652 90//90
f 91//91 653//653 652//652
f 205//205 766//766 204//204
f 205//205 767//767 766//766
f 92//92 653//653 91//91
f 92//92 654//654 653//653
f 204//204 765//765 203//203
f 204//204 766//766 765//765
f 93//93 654//654 92//92
f 93//93 655//655 654//654
f 203//203 764//764 202//202
f 203//203 765//765 764//764
f 94//94 655//655 93//93
f 94//94 656//656 655//655
f 202//202 763//763 201//201
f 202//202 764//764 763//763
f 95//95 656//656 94//94
f 95//95 657//657 656//656
f 201//201 762//762 200//200
f 201//201 763//763 762//762
f 96//96 657//657 95//95
f 96//96 658//658 657//657
f 200//200 761//761 199//199
f 200//200 762//762 761//761
f 97//97 658//658 96//96
f 97//97 659//659 658//658
f 199//199 760//760 198//198
f 199//199 761//761 760//760
f 98//98 659//659 97//97
f 98//98 660//660 659//659
f 198//198 759//759 197//197
f 198//198 760//760 759//759
f 99//99 660//660 98//98
f 99//99 661//661 660//660
f 197//197 758//758 196//196
f 197//197 759//759 758//758
f 100//100 661//661 99//99
f 100//100 662//662 661//661
f 196//196 757//757 195//195
f 196//196 758//758 757//757
f 101//101 662//662 100//100
f 101//101 663//663 662//662
f 195//195 756//756 194//194
f 195//195 757//757 756//756
f 102//102 663//663 101//101
f 102//102 664//664 663//663
f 194//194 755//755 193//193
f 194//194 756//756 755//755
f 103//103 664//664 102//102
f 103//103 665//665 664//664
f 193//193 754//754 192//192
f 193//193 755//755 754//754
f 103//103 666//666 665//665
f 104//104 666//666 103//103
f 192//192 753//753 191//191
f 192//192 754//754 753//753
f 105//105 666//666 104//104
f 105//105 667//667 666//666
f 191//191 752//752 190//190
f 191//191 753//753 752//752
f 106//106 667//667 105//105
f 106//106 668//668 667//667
f 189//189 752//752 751//751
f 190//190 752//752 189//189
f 106//106 669//669 668//668
f 107//107 669//669 106//106
f 189//189 750//750 188//188
f 189//189 751//751 750//750
f 108//108 669//669 107//107
f 108//108 670//670 669//669
f 188//188 749//749 187//187
f 188//188 750//750 749//749
f 109//109 670//670 108//108
f 109//109 671//671 670//670
f 187//187 748//748 186//186
f 187//187 749//749 748//748
f 110//110 671//671 109//109
f 110//110 672//672 671//671
f 186//186 747//747 185//185
f 186//186 748//748 747//747
f 111//111 672//672 110//110
f 111//111 673//673 672//672
f 185//185 746//746 184//184
f 185//185 747//747 746//746
f 112//112 673//673 111//111
f 112//112 674//674 673//673
f 184//184 745//745 183//183
f 184//184 746//746 745//745
f 113//113 674//674 112//112
f 113//113 675//675 674//674
f 183//183 744//744 182//182
f 183//183 745//745 744//744
f 114//114 675//675 113//113
f 114//114 676//676 675//675
f 182//182 743//743 181//181
f 182//182 744//744 743//743
f 115//115 676//676 114//114
f 115//115 677//677 676//676
f 181//181 742//742 180//180
f 181//181 743//743 742//742
f 116//116 677//677 115//115
f 116//116 678//678 677//677
f 180//180 741//741 179//179
f 180//180 742//742 741//741
f 117//117 678//678 116//116
f 117//117 679//679 678//678
f 179//179 740//740 178//178
f 179//179 741//741 740//740
f 118//118 679//679 117//117
f 118//118 680//680 679//679
f 178//178 739//739 177//177
f 178//178 740//740 739//739
f 118//118 681//681 680//680
f 119//119 681//681 118//118
f 177//177 738//738 176//176
f 177//177 739//739 738//738
f 120//120 681//681 119//119
f 120//120 682//682 681//681
f 176//176 737//737 175//175
f 176//176 738//738 737//737
f 121//121 682//682 120//120
f 121//121 683//683 682//682
f 175//175 736//736 174//174
f 175//175 737//737 736//736
f 122//122 683//683 121//121
f 122//122 684//684 683//683
f 174//174 735//735 173//173
f 174//174 736//736 735//735
f 123//123 684//684 122//122
f 123//123 685//685 684//684
f 173//173 734//734 172//172
f 173//173 735//735 734//734
f 124//124 685//685 123//123
f 124//124 686//686 685//685
f 172//172 733//733 171//171
f 172//172 734//734 733//733
f 125//125 686//686 124//124
f 125//125 687//687 686//686
f 171//171 732//732 170//170
f 171//171 733//733 732//732
f 126//126 687//687 125//125
f 126//126 688//688 687//687
f 170//170 731//731 169//169
f 170//170 732//732 731//731
f 127//127 688//688 126//126
f 127//127 689//689 688//688
f 169//169 730//730 168//168
f 169//169 731//731 730//730
f 128//128 689//689 127//127
f 128//128 690//690 689//689
f 168//168 729//729 167//167
f 168//168 730//730 729//729
f 128//128 691//691 690//690
f 129//129 691//691 128//128
f 167//167 728//728 166//166
f 167//167 729//729 728//728
f 130//130 691//691 129//129
f 130//130 692//692 691//691
f 166//166 727//727 165//165
f 166//166 728//728 727//727
f 131//131 692//692 130//130
f 131//131 693//693 692//692
f 165//165 726//726 164//164
f 165//165 727//727 726//726
f 132//132 693//693 131//131
f 132//132 694//694 693//693
f 164//164 725//725 163//163
f 164//164 726//726 725//725
f 133//133 694//694 132//132
f 133//133 695//695 694//694
f 163//163 724//724 162//162
f 163//163 725//725 724//724
f 134//134 695//695 133//133
f 134//134 696//696 695//695
f 162//162 723//723 161//161
f 162//162 724//724 723//723
f 135//135 696//696 134//134
f 135//135 697//697 696//696
f 161//161 722//722 160//160
f 161//161 723//723 722//722
f 136//136 697//697 135//135
f 136//136 698//698 697//697
f 160//160 721//721 159//159
f 160//160 722//722 721//721
f 137//137 698//698 136//136
f 137//137 699//699 698//698
f 159//159 720//720 158//158
f 159//159 721//721 720//720
f 138//138 699//699 137//137
f 138//138 700//700 699//699
f 157//157 720//720 719//719
f 158//158 720//720 157//157
f 139//139 700//700 138//138
f 139//139 701//701 700//700
f 157//157 718//718 156//156
f 157//157 719//719 718//718
f 140//140 701//701 139//139
f 140//140 702//702 701//701
f 156//156 717//717 155//155
f 156//156 718//718 717//717
f 141//141 702//702 140//140
f 141//141 703//703 702//702
f 155//155 716//716 154//154
f 155//155 717//717 716//716
f 142//142 703//703 141//141
f 142//142 704//704 703//703
f 154//154 715//715 153//153
f 154//154 716//716 715//715
f 143//143 704//704 142//142
f 143//143 705//705 704//704
f 153//153 714//714 152//152
f 153//153 715//715 714//714
f 144//144 705//705 143//143
f 144//144 706//706 705//705
f 152//152 713//713 151//151
f 152//152 714//714 713//713
f 145//145 706//706 144//144
f 145//145 707//707 706//706
f 151//151 712//712 150//150
f 151//151 713//713 712//712
f 146//146 707//707 145//145
f 146//146 708//708 707//707
f 150//150 711//711 149//149
f 150//150 712//712 711//711
f 147//147 708//708 146//146
f 147//147 709//709 708//708
f 149//149 710//710 148//148
f 149//149 711//711 710//710
f 148//148 709//709 147//147
f 148//148 710//710 709//709
f 288//288 289//289 851//851
f 288//288 851//851 850//850
f 570//570 288//288 850//850
f 570//570 850//850 1132//1132
f 569//569 570//570 1132//1132
f 569//569 1132//1132 1131//1131
f 568//568 569//569 1131//1131
f 568//568 1131//1131 1130//1130
f 567//567 568//568 1130//1130
f 567//567 1130//1130 1129//1129
f 566//566 567//567 1129//1129
f 566//566 1129//1129 1128//1128
f 565//565 566//566 1128//1128
f 565//565 1128//1128 1127//1127
f 564//564 565//565 1127//1127
f 564//564 1127//1127 1126//1126
f 563//563 564//564 1126//1126
f 563//563 1126//1126 1125//1125
f 562//562 563//563 1125//1125
f 562//562 1125//1125 1124//1124
f 561//561 562//562 1124//1124
f 561//561 1124//1124 1123//1123
f 560//560 561//561 1123//1123
f 560//560 1123//1123 1122//1122
f 559//559 560//560 1122//1122
f 559//559 1122//1122 1121//1121
f 558//558 559//559 1121//1121
f 558//558 1121//1121 1120//1120
f 557//557 558//558 1120//1120
f 557//557 1120//1120 1119//1119
f 556//556 557//557 1119//1119
f 556//556 1119//1119 1118//1118
f 555//555 556//556 1118//1118
f 555//555 1118//1118 1117//1117
f 554//554 555//555 1117//1117
f 554//554 1117//1117 1116//1116
f 553//553 554//554 1116//1116
f 553//553 1116//1116 1115//1115
f 552//552 553//553 1115//1115
f 552//552 1115//1115 1114//1114
f 551//551 552//552 1114//1114
f 551//551 1114//1114 1113//1113
f 550//550 551//551 1113//1113
f 550//550 1113//1113 1112//1112
f 549//549 550//550 1112//1112
f 549//549 1112//1112 1111//1111
f 548//548 549//549 1111//1111
f 548//548 1111//1111 1110//1110
f 547//547 548//548 1110//1110
f 547//547 1110//1110 1109//1109
f 546//546 547//547 1109//1109
f 546//546 1109//1109 1108//1108
f 545//545 546//546 1108//1108
f 545//545 1108//1108 1107//1107
f 544//544 545//545 1107//1107
f 544//544 1107//1107 1106//1106
f 543//543 544//544 1106//1106
f 543//543 1106//1106 1105//1105
f 542//542 543//543 1105//1105
f 542//542 1105//1105 1104//1104
f 541//541 542//542 1104//1104
f 541//541 1104//1104 1103//1103
f 540//540 541//541 1103//1103
f 540//540 1103//1103 1102//1102
f 539//539 540//540 1102//1102
f 539//539 1102//1102 1101//1101
f 538//538 539//539 1101//1101
f 538//538 1101//1101 1100//1100
f 537//537 538//538 1100//1100
f 537//537 1100//1100 1099//1099
f 536//536 537//537 1099//1099
f 536//536 1099//1099 1098//1098
f 535//535 536//536 1098//1098
f 535//535 1098//1098 1097//1097
f 534//534 535//535 1097//1097
f 534//534 1097//1097 1096//1096
f 533//533 534//534 1096//1096
f 533//533 1096//1096 1095//1095
f 532//532 533//533 1095//1095
f 532//532 1095//1095 1094//1094
f 531//531 532//532 1094//1094
f 531//531 1094//1094 1093//1093
f 530//530 531//531 1093//1093
f 530//530 1093//1093 1092//1092
f 529//529 530//530 1092//1092
f 529//529 1092//1092 1091//1091
f 528//528 529//529 1091//1091
f 528//528 1091//1091 1090//1090
f 527//527 528//528 1090//1090
f 527//527 1090//1090 1089//1089
f 526//526 527//527 1089//1089
f 526//526 1089//1089 1088//1088
f 525//525 526//526 1088//1088
f 525//525 1088//1088 1087//1087
f 524//524 525//525 1087//1087
f 524//524 1087//1087 1086//1086
f 523//523 524//524 1086//1086
f 523//523 1086//1086 1085//1085
f 522//522 523//523 1085//1085
f 522//522 1085//1085 1084//1084
f 521//521 522//522 1084//1084
f 521//521 1084//1084 1083//1083
f 520//520 521//521 1083//1083
f 520//520 1083//1083 1082//1082
f 519//519 520//520 1082//1082
f 519//519 1082//1082 1081//1081
f 518//518 519//519 1081//1081
f 518//518 1081//1081 1080//1080
f 517//517 518//518 1080//1080
f 517//517 1080//1080 1079//1079
f 516//516 517//517 1079//1079
f 516//516 1079//1079 1078//1078
f 515//515 516//516 1078//1078
f 515//515 1078//1078 1077//1077
f 514//514 515//515 1077//1077
f 514//514 1077//1077 1076//1076
f 513//513 514//514 1076//1076
f 513//513 1076//1076 1075//1075
f 512//512 513//513 1075//1075
f 512//512 1075//1075 1074//1074
f 511//511 512//512 1074//1074
f 511//511 1074//1074 1073//1073
f 510//510 511//511 1073//1073
f 510//510 1073//1073 1072//1072
f 509//509 510//510 1072//1072
f 509//509 1072//1072 1071//1071
f 508//508 509//509 1071//1071
f 508//508 1071//1071 1070//1070
f 507//507 508//508 1070//1070
f 507//507 1070//1070 1069//1069
f 506//506 507//507 1069//1069
f 506//506 1069//1069 1068//1068
f 505//505 506//506 1068//1068
f 505//505 1068//1068 1067//1067
f 504//504 505//505 1067//1067
f 504//504 1067//1067 1066//1066
f 503//503 504//504 1066//1066
f 503//503 1066//1066 1065//1065
f 502//502 503//503 1065//1065
f 502//502 1065//1065 1064//1064
f 501//501 502//502 1064//1064
f 501//501 1064//1064 1063//1063
f 500//500 501//501 1063//1063
f 500//500 1063//1063 1062//1062
f 499//499 500//500 1062//1062
f 499//499 1062//1062 1061//1061
f 498//498 499//499 1061//1061
f 498//498 1061//1061 1060//1060
f 497//497 498//498 1060//1060
f 497//497 1060//1060 1059//1059
f 496//496 497//497 1059//1059
f 496//496 1059//1059 1058//1058
f 495//495 496//496 1058//1058
f 495//495 1058//1058 1057//1057
f 494//494 495//495 1057//1057
f 494//494 1057//1057 1056//1056
f 493//493 494//494 1056//1056
f 493//493 1056//1056 1055//1055
f 492//492 493//493 1055//1055
f 492//492 1055//1055 1054//1054
f 491//491 492//492 1054//1054
f 491//491 1054//1054 1053//1053
f 490//490 491//491 1053//1053
f 490//490 1053//1053 1052//1052
f 489//489 490//490 1052//1052
f 489//489 1052//1052 1051//1051
f 488//488 489//489 1051//1051
f 488//488 1051//1051 1050//1050
f 487//487 488//488 1050//1050
f 487//487 1050//1050 1049//1049
f 486//486 487//487 1049//1049
f 486//486 1049//1049 1048//1048
f 485//485 486//486 1048//1048
f 485//485 1048//1048 1047//1047
f 484//484 485//485 1047//1047
f 484//484 1047//1047 1046//1046
f 483//483 484//484 1046//1046
f 483//483 1046//1046 1045//1045
f 482//482 483//483 1045//1045
f 482//482 1045//1045 1044//1044
f 481//481 482//482 1044//1044
f 481//481 1044//1044 1043//1043
f 480//480 481//481 1043//1043
f 480//480 1043//1043 1042//1042
f 479//479 480//480 1042//1042
f 479//479 1042//1042 1041//1041
f 478//478 479//479 1041//1041
f 478//478 1041//1041 1040//1040
f 478//478 1040//1040 1039//1039
f 477//477 478//478 1039//1039
f 476//476 477//477 1039//1039
f 476//476 1039//1039 1038//1038
f 475//475 476//476 1038//1038
f 475//475 1038//1038 1037//1037
f 474//474 475//475 1037//1037
f 474//474 1037//1037 1036//1036
f 473//473 474//474 1036//1036
f 473//473 1036//1036 1035//1035
f 472//472 473//473 1035//1035
f 472//472 1035//1035 1034//1034
f 471//471 472//472 1034//1034
f 471//471 1034//1034 1033//1033
f 470//470 471//471 1033//1033
f 470//470 1033//1033 1032//1032
f 469//469 470//470 1032//1032
f 469//469 1032//1032 1031//1031
f 468//468 469//469 1031//1031
f 468//468 1031//1031 1030//1030
f 467//467 468//468 1030//1030
f 467//467 1030//1030 1029//1029
f 466//466 467//467 1029//1029
f 466//466 1029//1029 1028//1028
f 465//465 466//466 1028//1028
f 465//465 1028//1028 1027//1027
f 464//464 465//465 1027//1027
f 464//464 1027//1027 1026//1026
f 463//463 464//464 1026//1026
f 463//463 1026//1026 1025//1025
f 462//462 463//463 1025//1025
f 462//462 1025//1025 1024//1024
f 461//461 462//462 1024//1024
f 461//461 1024//1024 1023//1023
f 460//460 461//461 1023//1023
f 460//460 1023//1023 1022//1022
f 459//459 460//460 1022//1022
f 459//459 1022//1022 1021//1021
f 458//458 459//459 1021//1021
f 458//458 1021//1021 1020//1020
f 457//457 458//458 1020//1020
f 457//457 1020//1020 1019//1019
f 456//456 457//457 1019//1019
f 456//456 1019//1019 1018//1018
f 455//455 456//456 1018//1018
f 455//455 1018//1018 1017//1017
f 454//454 455//455 1017//1017
f 454//454 1017//1017 1016//1016
f 453//453 454//454 1016//1016
f 453//453 1016//1016 1015//1015
f 452//452 453//453 1015//1015
f 452//452 1015//1015 1014//1014
f 451//451 452//452 1014//1014
f 451//451 1014//1014 1013//1013
f 450//450 451//451 1013//1013
f 450//450 1013//1013 1012//1012
f 449//449 450//450 1012//1012
f 449//449 1012//1012 1011//1011
f 448//448 449//449 1011//1011
f 448//448 1011//1011 1010//1010
f 447//447 448//448 1010//1010
f 447//447 1010//1010 1009//1009
f 446//446 447//447 1009//1009
f 446//446 1009//1009 1008//1008
f 445//445 446//446 1008//1008
f 445//445 1008//1008 1007//1007
f 444//444 445//445 1007//1007
f 444//444 1007//1007 1006//1006
f 443//443 444//444 1006//1006
f 443//443 1006//1006 1005//1005
f 442//442 443//443 1005//1005
f 442//442 1005//1005 1004//1004
f 441//441 442//442 1004//1004
f 441//441 1004//1004 1003//1003
f 440//440 441//441 1003//1003
f 440//440 1003//1003 1002//1002
f 439//439 440//440 1002//1002
f 439//439 1002//1002 1001//1001
f 438//438 439//439 1001//1001
f 438//438 1001//1001 1000//1000
f 437//437 438//438 1000//1000
f 437//437 1000//1000 999//999
f 436//436 437//437 999//999
f 436//436 999//999 998//998
f 435//435 436//436 998//998
f 435//435 998//998 997//997
f 434//434 435//435 997//997
f 434//434 997//997 996//996
f 433//433 434//434 996//996
f 433//433 996//996 995//995
f 432//432 433//433 995//995
f 432//432 995//995 994//994
f 431//431 432//432 994//994
f 431//431 994//994 993//993
f 430//430 431//431 993//993
f 430//430 993//993 992//992
f 429//429 430//430 992//992
f 429//429 992//992 991//991
f 428//428 429//429 991//991
f 428//428 991//991 990//990
f 427//427 428//428 990//990
f 427//427 990//990 989//989
f 426//426 427//427 989//989
f 426//426 989//989 988//988
f 425//425 426//426 988//988
f 425//425 988//988 987//987
f 424//424 425//425 987//987
f 424//424 987//987 986//986
f 423//423 424//424 986//986
f 423//423 986//986 985//985
f 422//422 423//423 985//985
f 422//422 985//985 984//984
f 421//421 422//422 984//984
f 421//421 984//984 983//983
f 420//420 421//421 983//983
f 420//420 983//983 982//982
f 419//419 420//420 982//982
f 419//419 982//982 981//981
f 418//418 419//419 981//981
f 418//418 981//981 980//980
f 417//417 418//418 980//980
f 417//417 980//980 979//979
f 416//416 417//417 979//979
f 416//416 979//979 978//978
f 415//415 416//416 978//978
f 415//415 978//978 977//977
f 414//414 415//415 977//977
f 414//414 977//977 976//976
f 413//413 414//414 976//976
f 413//413 976//976 975//975
f 412//412 413//413 975//975
f 412//412 975//975 974//974
f 411//411 412//412 974//974
f 411//411 974//974 973//973
f 410//410 411//411 973//973
f 410//410 973//973 972//972
f 409//409 410//410 972//972
f 409//409 972//972 971//971
f 408//408 409//409 971//971
f 408//408 971//971 970//970
f 407//407 408//408 970//970
f 407//407 970//970 969//969
f 406//406 407//407 969//969
f 406//406 969//969 968//968
f 405//405 406//406 968//968
f 405//405 968//968 967//967
f 404//404 405//405 967//967
f 404//404 967//967 966//966
f 403//403 404//404 966//966
f 403//403 966//966 965//965
f 402//402 403//403 965//965
f 402//402 965//965 964//964
f 402//402 964//964 963//963
f 401//401 402//402 963//963
f 400//400 401//401 963//963
f 400//400 963//963 962//962
f 399//399 400//400 962//962
f 399//399 962//962 961//961
f 398//398 399//399 961//961
f 398//398 961//961 960//960
f 397//397 398//398 960//960
f 397//397 960//960 959//959
f 396//396 397//397 959//959
f 396//396 959//959 958//958
f 395//395 396//396 958//958
f 395//395 958//958 957//957
f 394//394 395//395 957//957
f 394//394 957//957 956//956
f 393//393 394//394 956//956
f 393//393 956//956 955//955
f 392//392 393//393 955//955
f 392//392 955//955 954//954
f 391//391 392//392 954//954
f 391//391 954//954 953//953
f 390//390 391//391 953//953
f 390//390 953//953 952//952
f 389//389 390//390 952//952
f 389//389 952//952 951//951
f 388//388 389//389 951//951
f 388//388 951//951 950//950
f 387//387 388//388 950//950
f 387//387 950//950 949//949
f 386//386 387//387 949//949
f 386//386 949//949 948//948
f 385//385 386//386 948//948
f 385//385 948//948 947//947
f 384//384 385//385 947//947
f 384//384 947//947 946//946
f 384//384 946//946 945//945
f 383//383 384//384 945//945
f 382//382 383//383 945//945
f 382//382 945//945 944//944
f 381//381 382//382 944//944
f 381//381 944//944 943//943
f 380//380 381//381 943//943
f 380//380 943//943 942//942
f 379//379 380//380 942//942
f 379//379 942//942 941//941
f 378//378 379//379 941//941
f 378//378 941//941 940//940
f 377//377 378//378 940//940
f 377//377 940//940 939//939
f 376//376 377//377 939//939
f 376//376 939//939 938//938
f 375//375 376//376 938//938
f 375//375 938//938 937//937
f 374//374 375//375 937//937
f 374//374 937//937 936//936
f 373//373 374//374 936//936
f 373//373 936//936 935//935
f 372//372 373//373 935//935
f 372//372 935//935 934//934
f 371//371 372//372 934//934
f 371//371 934//934 933//933
f 370//370 371//371 933//933
f 370//370 933//933 932//932
f 369//369 370//370 932//932
f 369//369 932//932 931//931
f 368//368 369//369 931//931
f 368//368 931//931 930//930
f 367//367 368//368 930//930
f 367//367 930//930 929//929
f 366//366 367//367 929//929
f 366//366 929//929 928//928
f 365//365 366//366 928//928
f 365//365 928//928 927//927
f 364//364 365//365 927//927
f 364//364 927//927 926//926
f 363//363 364//364 926//926
f 363//363 926//926 925//925
f 362//362 363//363 925//925
f 362//362 925//925 924//924
f 361//361 362//362 924//924
f 361//361 924//924 923//923
f 360//360 361//361 923//923
f 360//360 923//923 922//922
f 359//359 360//360 922//922
f 359//359 922//922 921//921
f 358//358 359//359 921//921
f 358//358 921//921 920//920
f 357//357 358//358 920//920
f 357//357 920//920 919//919
f 356//356 357//357 919//919
f 356//356 919//919 918//918
f 355//355 356//356 918//918
f 355//355 918//918 917//917
f 354//354 355//355 917//917
f 354//354 917//917 916//916
f 353//353 354//354 916//916
f 353//353 916//916 915//915
f 352//352 353//353 915//915
f 352//352 915//915 914//914
f 351//351 352//352 914//914
f 351//351 914//914 913//913
f 350//350 351//351 913//913
f 350//350 913//913 912//912
f 349//349 350//350 912//912
f 349//349 912//912 911//911
f 348//348 349//349 911//911
f 348//348 911//911 910//910
f 347//347 348//348 910//910
f 347//347 910//910 909//909
f 346//346 347//347 909//909
f 346//346 909//909 908//908
f 345//345 346//346 908//908
f 345//345 908//908 907//907
f 344//344 345//345 907//907
f 344//344 907//907 906//906
f 343//343 344//344 906//906
f 343//343 906//906 905//905
f 342//342 343//343 905//905
f 342//342 905//905 904//904
f 341//341 342//342 904//904
f 341//341 904//904 903//903
f 340//340 341//341 903//903
f 340//340 903//903 902//902
f 339//339 340//340 902//902
f 339//339 902//902 901//901
f 338//338 339//339 901//901
f 338//338 901//901 900//900
f 337//337 338//338 900//900
f 337//337 900//900 899//899
f 336//336 337//337 899//899
f 336//336 899//899 898//898
f 335//335 336//336 898//898
f 335//335 898//898 897//897
f 334//334 335//335 897//897
f 334//334 897//897 896//896
f 333//333 334//334 896//896
f 333//333 896//896 895//895
f 332//332 333//333 895//895
f 332//332 895//895 894//894
f 331//331 332//332 894//894
f 331//331 894//894 893//893
f 330//330 331//331 893//893
f 330//330 893//893 892//892
f 329//329 330//330 892//892
f 329//329 892//892 891//891
f 328//328 329//329 891//891
f 328//328 891//891 890//890
f 327//327 328//328 890//890
f 327//327 890//890 889//889
f 326//326 327//327 889//889
f 326//326 889//889 888//888
f 325//325 326//326 888//888
f 325//325 888//888 887//887
f 324//324 325//325 887//887
f 324//324 887//887 886//886
f 323//323 324//324 886//886
f 323//323 886//886 885//885
f 322//322 323//323 885//885
f 322//322 885//885 884//884
f 321//321 322//322 884//884
f 321//321 884//884 883//883
f 320//320 321//321 883//883
f 320//320 883//883 882//882
f 319//319 320//320 882//882
f 319//319 882//882 881//881
f 318//318 319//319 881//881
f 318//318 881//881 880//880
f 317//317 318//318 880//880
f 317//317 880//880 879//879
f 316//316 317//317 879//879
f 316//316 879//879 878//878
f 315//315 316//316 878//878
f 315//315 878//878 877//877
f 314//314 315//315 877//877
f 314//314 877//877 876//876
f 313//313 314//314 876//876
f 313//313 876//876 875//875
f 312//312 313//313 875//875
f 312//312 875//875 874//874
f 311//311 312//312 874//874
f 311//311 874//874 873//873
f 310//310 311//311 873//873
f 310//310 873//873 872//872
f 310//310 872//872 871//871
f 309//309 310//310 871//871
f 308//308 309//309 871//871
f 308//308 871//871 870//870
f 307//307 308//308 870//870
f 307//307 870//870 869//869
f 306//306 307//307 869//869
f 306//306 869//869 868//868
f 305//305 306//306 868//868
f 305//305 868//868 867//867
f 304//304 305//305 867//867
f 304//304 867//867 866//866
f 303//303 304//304 866//866
f 303//303 866//866 865//865
f 302//302 303//303 865//865
f 302//302 865//865 864//864
f 302//302 864//864 863//863
f 301//301 302//302 863//863
f 300//300 301//301 863//863
f 300//300 863//863 862//862
f 300//300 862//862 861//861
f 299//299 300//300 861//861
f 299//299 861//861 860//860
f 298//298 299//299 860//860
f 297//297 298//298 860//860
f 297//297 860//860 859//859
f 296//296 297//297 859//859
f 296//296 859//859 858//858
f 295//295 296//296 858//858
f 295//295 858//858 857//857
f 295//295 857//857 856//856
f 294//294 295//295 856//856
f 294//294 856//856 855//855
f 293//293 294//294 855//855
f 292//292 293//293 855//855
f 292//292 855//855 854//854
f 291//291 292//292 854//854
f 291//291 854//854 853//853
f 290//290 291//291 853//853
f 290//290 853//853 852//852
f 289//289 290//290 852//852
f 289//289 852//852 851//851
