# robocad OBJ
mtllib turntable_pulley.mtl
o GT2_30T_drive_pulley
usemtl PLA_ed8c28
v 0.01130 0.00450 0.00000
v 0.01120 0.00450 -0.00147
v 0.01091 0.00450 -0.00292
v 0.01044 0.00450 -0.00432
v 0.00978 0.00450 -0.00565
v 0.00896 0.00450 -0.00688
v 0.00799 0.00450 -0.00799
v 0.00688 0.00450 -0.00896
v 0.00565 0.00450 -0.00978
v 0.00432 0.00450 -0.01044
v 0.00292 0.00450 -0.01091
v 0.00147 0.00450 -0.01120
v 0.00000 0.00450 -0.01130
v -0.00147 0.00450 -0.01120
v -0.00292 0.00450 -0.01091
v -0.00432 0.00450 -0.01044
v -0.00565 0.00450 -0.00978
v -0.00688 0.00450 -0.00896
v -0.00799 0.00450 -0.00799
v -0.00896 0.00450 -0.00688
v -0.00978 0.00450 -0.00565
v -0.01044 0.00450 -0.00432
v -0.01091 0.00450 -0.00292
v -0.01120 0.00450 -0.00147
v -0.01130 0.00450 -0.00000
v -0.01120 0.00450 0.00147
v -0.01091 0.00450 0.00292
v -0.01044 0.00450 0.00432
v -0.00978 0.00450 0.00565
v -0.00896 0.00450 0.00688
v -0.00799 0.00450 0.00799
v -0.00688 0.00450 0.00896
v -0.00565 0.00450 0.00978
v -0.00432 0.00450 0.01044
v -0.00292 0.00450 0.01091
v -0.00147 0.00450 0.01120
v 0.00000 0.00450 0.01130
v 0.00147 0.00450 0.01120
v 0.00292 0.00450 0.01091
v 0.00432 0.00450 0.01044
v 0.00565 0.00450 0.00978
v 0.00688 0.00450 0.00896
v 0.00799 0.00450 0.00799
v 0.00896 0.00450 0.00688
v 0.00978 0.00450 0.00565
v 0.01044 0.00450 0.00432
v 0.01091 0.00450 0.00292
v 0.01120 0.00450 0.00147
v 0.01130 0.00350 0.00000
v 0.01120 0.00350 -0.00147
v 0.01091 0.00350 -0.00292
v 0.01044 0.00350 -0.00432
v 0.00978 0.00350 -0.00565
v 0.00896 0.00350 -0.00688
v 0.00799 0.00350 -0.00799
v 0.00688 0.00350 -0.00896
v 0.00565 0.00350 -0.00978
v 0.00432 0.00350 -0.01044
v 0.00292 0.00350 -0.01091
v 0.00147 0.00350 -0.01120
v 0.00000 0.00350 -0.01130
v -0.00147 0.00350 -0.01120
v -0.00292 0.00350 -0.01091
v -0.00432 0.00350 -0.01044
v -0.00565 0.00350 -0.00978
v -0.00688 0.00350 -0.00896
v -0.00799 0.00350 -0.00799
v -0.00896 0.00350 -0.00688
v -0.00978 0.00350 -0.00565
v -0.01044 0.00350 -0.00432
v -0.01091 0.00350 -0.00292
v -0.01120 0.00350 -0.00147
v -0.01130 0.00350 -0.00000
v -0.01120 0.00350 0.00147
v -0.01091 0.00350 0.00292
v -0.01044 0.00350 0.00432
v -0.00978 0.00350 0.00565
v -0.00896 0.00350 0.00688
v -0.00799 0.00350 0.00799
v -0.00688 0.00350 0.00896
v -0.00565 0.00350 0.00978
v -0.00432 0.00350 0.01044
v -0.00292 0.00350 0.01091
v -0.00147 0.00350 0.01120
v 0.00000 0.00350 0.01130
v 0.00147 0.00350 0.01120
v 0.00292 0.00350 0.01091
v 0.00432 0.00350 0.01044
v 0.00565 0.00350 0.00978
v 0.00688 0.00350 0.00896
v 0.00799 0.00350 0.00799
v 0.00896 0.00350 0.00688
v 0.00978 0.00350 0.00565
v 0.01044 0.00350 0.00432
v 0.01091 0.00350 0.00292
v 0.01120 0.00350 0.00147
v -0.00355 0.00450 0.00495
v -0.00357 0.00450 0.00471
v -0.00363 0.00450 0.00448
v -0.00373 0.00450 0.00427
v -0.00386 0.00450 0.00407
v -0.00402 0.00450 0.00390
v -0.00422 0.00450 0.00376
v -0.00443 0.00450 0.00365
v -0.00465 0.00450 0.00358
v -0.00489 0.00450 0.00355
v -0.00513 0.00450 0.00356
v -0.00536 0.00450 0.00361
v -0.00558 0.00450 0.00370
v -0.00578 0.00450 0.00382
v -0.00596 0.00450 0.00398
v -0.00611 0.00450 0.00417
v -0.00623 0.00450 0.00437
v -0.00630 0.00450 0.00460
v -0.00634 0.00450 0.00483
v -0.00634 0.00450 0.00507
v -0.00630 0.00450 0.00530
v -0.00623 0.00450 0.00553
v -0.00611 0.00450 0.00573
v -0.00596 0.00450 0.00592
v -0.00578 0.00450 0.00608
v -0.00558 0.00450 0.00620
v -0.00536 0.00450 0.00629
v -0.00513 0.00450 0.00634
v -0.00489 0.00450 0.00635
v -0.00465 0.00450 0.00632
v -0.00443 0.00450 0.00625
v -0.00422 0.00450 0.00614
v -0.00402 0.00450 0.00600
v -0.00386 0.00450 0.00583
v -0.00373 0.00450 0.00563
v -0.00363 0.00450 0.00542
v -0.00357 0.00450 0.00519
v 0.00635 0.00450 0.00495
v 0.00633 0.00450 0.00471
v 0.00627 0.00450 0.00448
v 0.00617 0.00450 0.00427
v 0.00604 0.00450 0.00407
v 0.00587 0.00450 0.00390
v 0.00568 0.00450 0.00376
v 0.00547 0.00450 0.00365
v 0.00524 0.00450 0.00358
v 0.00501 0.00450 0.00355
v 0.00477 0.00450 0.00356
v 0.00454 0.00450 0.00361
v 0.00432 0.00450 0.00370
v 0.00412 0.00450 0.00382
v 0.00394 0.00450 0.00398
v 0.00379 0.00450 0.00417
v 0.00367 0.00450 0.00437
v 0.00359 0.00450 0.00460
v 0.00355 0.00450 0.00483
v 0.00355 0.00450 0.00507
v 0.00359 0.00450 0.00530
v 0.00367 0.00450 0.00553
v 0.00379 0.00450 0.00573
v 0.00394 0.00450 0.00592
v 0.00412 0.00450 0.00608
v 0.00432 0.00450 0.00620
v 0.00454 0.00450 0.00629
v 0.00477 0.00450 0.00634
v 0.00501 0.00450 0.00635
v 0.00524 0.00450 0.00632
v 0.00547 0.00450 0.00625
v 0.00568 0.00450 0.00614
v 0.00587 0.00450 0.00600
v 0.00604 0.00450 0.00583
v 0.00617 0.00450 0.00563
v 0.00627 0.00450 0.00542
v 0.00633 0.00450 0.00519
v 0.00160 0.00450 0.00000
v 0.00158 0.00450 -0.00027
v 0.00151 0.00450 -0.00053
v 0.00140 0.00450 -0.00078
v 0.00124 0.00450 -0.00101
v 0.00106 0.00450 -0.00120
v 0.00084 0.00450 -0.00136
v 0.00060 0.00450 -0.00148
v 0.00034 0.00450 -0.00156
v 0.00007 0.00450 -0.00160
v -0.00020 0.00450 -0.00159
v -0.00047 0.00450 -0.00153
v -0.00072 0.00450 -0.00143
v -0.00095 0.00450 -0.00129
v -0.00116 0.00450 -0.00111
v -0.00133 0.00450 -0.00090
v -0.00146 0.00450 -0.00066
v -0.00155 0.00450 -0.00040
v -0.00159 0.00450 -0.00014
v -0.00159 0.00450 0.00014
v -0.00155 0.00450 0.00040
v -0.00146 0.00450 0.00066
v -0.00133 0.00450 0.00090
v -0.00116 0.00450 0.00111
v -0.00095 0.00450 0.00129
v -0.00072 0.00450 0.00143
v -0.00047 0.00450 0.00153
v -0.00020 0.00450 0.00159
v 0.00007 0.00450 0.00160
v 0.00034 0.00450 0.00156
v 0.00060 0.00450 0.00148
v 0.00084 0.00450 0.00136
v 0.00106 0.00450 0.00120
v 0.00124 0.00450 0.00101
v 0.00140 0.00450 0.00078
v 0.00151 0.00450 0.00053
v 0.00158 0.00450 0.00027
v -0.00355 0.00450 -0.00495
v -0.00357 0.00450 -0.00519
v -0.00363 0.00450 -0.00542
v -0.00373 0.00450 -0.00563
v -0.00386 0.00450 -0.00583
v -0.00402 0.00450 -0.00600
v -0.00422 0.00450 -0.00614
v -0.00443 0.00450 -0.00625
v -0.00465 0.00450 -0.00632
v -0.00489 0.00450 -0.00635
v -0.00513 0.00450 -0.00634
v -0.00536 0.00450 -0.00629
v -0.00558 0.00450 -0.00620
v -0.00578 0.00450 -0.00608
v -0.00596 0.00450 -0.00592
v -0.00611 0.00450 -0.00573
v -0.00623 0.00450 -0.00553
v -0.00630 0.00450 -0.00530
v -0.00634 0.00450 -0.00507
v -0.00634 0.00450 -0.00483
v -0.00630 0.00450 -0.00460
v -0.00623 0.00450 -0.00437
v -0.00611 0.00450 -0.00417
v -0.00596 0.00450 -0.00398
v -0.00578 0.00450 -0.00382
v -0.00558 0.00450 -0.00370
v -0.00536 0.00450 -0.00361
v -0.00513 0.00450 -0.00356
v -0.00489 0.00450 -0.00355
v -0.00465 0.00450 -0.00358
v -0.00443 0.00450 -0.00365
v -0.00422 0.00450 -0.00376
v -0.00402 0.00450 -0.00390
v -0.00386 0.00450 -0.00407
v -0.00373 0.00450 -0.00427
v -0.00363 0.00450 -0.00448
v -0.00357 0.00450 -0.00471
v 0.00635 0.00450 -0.00495
v 0.00633 0.00450 -0.00519
v 0.00627 0.00450 -0.00542
v 0.00617 0.00450 -0.00563
v 0.00604 0.00450 -0.00583
v 0.00587 0.00450 -0.00600
v 0.00568 0.00450 -0.00614
v 0.00547 0.00450 -0.00625
v 0.00524 0.00450 -0.00632
v 0.00501 0.00450 -0.00635
v 0.00477 0.00450 -0.00634
v 0.00454 0.00450 -0.00629
v 0.00432 0.00450 -0.00620
v 0.00412 0.00450 -0.00608
v 0.00394 0.00450 -0.00592
v 0.00379 0.00450 -0.00573
v 0.00367 0.00450 -0.00553
v 0.00359 0.00450 -0.00530
v 0.00355 0.00450 -0.00507
v 0.00355 0.00450 -0.00483
v 0.00359 0.00450 -0.00460
v 0.00367 0.00450 -0.00437
v 0.00379 0.00450 -0.00417
v 0.00394 0.00450 -0.00398
v 0.00412 0.00450 -0.00382
v 0.00432 0.00450 -0.00370
v 0.00454 0.00450 -0.00361
v 0.00477 0.00450 -0.00356
v 0.00501 0.00450 -0.00355
v 0.00524 0.00450 -0.00358
v 0.00547 0.00450 -0.00365
v 0.00568 0.00450 -0.00376
v 0.00587 0.00450 -0.00390
v 0.00604 0.00450 -0.00407
v 0.00617 0.00450 -0.00427
v 0.00627 0.00450 -0.00448
v 0.00633 0.00450 -0.00471
v 0.00927 0.00350 0.00065
v 0.00873 0.00350 0.00041
v 0.00920 0.00350 0.00129
v 0.00862 0.00350 0.00142
v 0.00844 0.00350 0.00159
v 0.00836 0.00350 0.00178
v 0.00836 0.00350 0.00198
v 0.00845 0.00350 0.00221
v 0.00893 0.00350 0.00256
v 0.00874 0.00350 0.00318
v 0.00814 0.00350 0.00318
v 0.00792 0.00350 0.00331
v 0.00781 0.00350 0.00348
v 0.00776 0.00350 0.00368
v 0.00781 0.00350 0.00392
v 0.00821 0.00350 0.00436
v 0.00788 0.00350 0.00492
v 0.00730 0.00350 0.00480
v 0.00706 0.00350 0.00488
v 0.00691 0.00350 0.00502
v 0.00683 0.00350 0.00521
v 0.00682 0.00350 0.00546
v 0.00712 0.00350 0.00598
v 0.00669 0.00350 0.00646
v 0.00614 0.00350 0.00621
v 0.00589 0.00350 0.00625
v 0.00572 0.00350 0.00635
v 0.00560 0.00350 0.00651
v 0.00554 0.00350 0.00676
v 0.00572 0.00350 0.00733
v 0.00520 0.00350 0.00771
v 0.00472 0.00350 0.00735
v 0.00447 0.00350 0.00734
v 0.00427 0.00350 0.00740
v 0.00412 0.00350 0.00754
v 0.00401 0.00350 0.00776
v 0.00407 0.00350 0.00836
v 0.00348 0.00350 0.00862
v 0.00308 0.00350 0.00817
v 0.00284 0.00350 0.00810
v 0.00264 0.00350 0.00813
v 0.00246 0.00350 0.00823
v 0.00231 0.00350 0.00843
v 0.00225 0.00350 0.00902
v 0.00162 0.00350 0.00915
v 0.00132 0.00350 0.00864
v 0.00110 0.00350 0.00852
v 0.00089 0.00350 0.00850
v 0.00070 0.00350 0.00856
v 0.00051 0.00350 0.00872
v 0.00032 0.00350 0.00929
v -0.00032 0.00350 0.00929
v -0.00051 0.00350 0.00872
v -0.00070 0.00350 0.00856
v -0.00089 0.00350 0.00850
v -0.00110 0.00350 0.00852
v -0.00132 0.00350 0.00864
v -0.00162 0.00350 0.00915
v -0.00225 0.00350 0.00902
v -0.00231 0.00350 0.00843
v -0.00246 0.00350 0.00823
v -0.00264 0.00350 0.00813
v -0.00284 0.00350 0.00810
v -0.00308 0.00350 0.00817
v -0.00348 0.00350 0.00862
v -0.00407 0.00350 0.00836
v -0.00401 0.00350 0.00776
v -0.00412 0.00350 0.00754
v -0.00427 0.00350 0.00740
v -0.00447 0.00350 0.00734
v -0.00472 0.00350 0.00735
v -0.00520 0.00350 0.00771
v -0.00572 0.00350 0.00733
v -0.00554 0.00350 0.00676
v -0.00560 0.00350 0.00651
v -0.00572 0.00350 0.00635
v -0.00589 0.00350 0.00625
v -0.00614 0.00350 0.00621
v -0.00669 0.00350 0.00646
v -0.00712 0.00350 0.00598
v -0.00682 0.00350 0.00546
v -0.00683 0.00350 0.00521
v -0.00691 0.00350 0.00502
v -0.00706 0.00350 0.00488
v -0.00730 0.00350 0.00480
v -0.00788 0.00350 0.00492
v -0.00821 0.00350 0.00436
v -0.00781 0.00350 0.00392
v -0.00776 0.00350 0.00368
v -0.00781 0.00350 0.00348
v -0.00792 0.00350 0.00331
v -0.00814 0.00350 0.00318
v -0.00874 0.00350 0.00318
v -0.00893 0.00350 0.00256
v -0.00845 0.00350 0.00221
v -0.00836 0.00350 0.00198
v -0.00836 0.00350 0.00178
v -0.00844 0.00350 0.00159
v -0.00862 0.00350 0.00142
v -0.00920 0.00350 0.00129
v -0.00927 0.00350 0.00065
v -0.00873 0.00350 0.00041
v -0.00859 0.00350 0.00020
v -0.00855 0.00350 -0.00000
v -0.00859 0.00350 -0.00020
v -0.00873 0.00350 -0.00041
v -0.00927 0.00350 -0.00065
v -0.00920 0.00350 -0.00129
v -0.00862 0.00350 -0.00142
v -0.00844 0.00350 -0.00159
v -0.00836 0.00350 -0.00178
v -0.00836 0.00350 -0.00198
v -0.00845 0.00350 -0.00221
v -0.00893 0.00350 -0.00256
v -0.00874 0.00350 -0.00318
v -0.00814 0.00350 -0.00318
v -0.00792 0.00350 -0.00331
v -0.00781 0.00350 -0.00348
v -0.00776 0.00350 -0.00368
v -0.00781 0.00350 -0.00392
v -0.00821 0.00350 -0.00436
v -0.00788 0.00350 -0.00492
v -0.00730 0.00350 -0.00480
v -0.00706 0.00350 -0.00488
v -0.00691 0.00350 -0.00502
v -0.00683 0.00350 -0.00521
v -0.00682 0.00350 -0.00546
v -0.00712 0.00350 -0.00598
v -0.00669 0.00350 -0.00646
v -0.00614 0.00350 -0.00621
v -0.00589 0.00350 -0.00625
v -0.00572 0.00350 -0.00635
v -0.00560 0.00350 -0.00651
v -0.00554 0.00350 -0.00676
v -0.00572 0.00350 -0.00733
v -0.00520 0.00350 -0.00771
v -0.00472 0.00350 -0.00735
v -0.00447 0.00350 -0.00734
v -0.00427 0.00350 -0.00740
v -0.00412 0.00350 -0.00754
v -0.00401 0.00350 -0.00776
v -0.00407 0.00350 -0.00836
v -0.00348 0.00350 -0.00862
v -0.00308 0.00350 -0.00817
v -0.00284 0.00350 -0.00810
v -0.00264 0.00350 -0.00813
v -0.00246 0.00350 -0.00823
v -0.00231 0.00350 -0.00843
v -0.00225 0.00350 -0.00902
v -0.00162 0.00350 -0.00915
v -0.00132 0.00350 -0.00864
v -0.00110 0.00350 -0.00852
v -0.00089 0.00350 -0.00850
v -0.00070 0.00350 -0.00856
v -0.00051 0.00350 -0.00872
v -0.00032 0.00350 -0.00929
v 0.00032 0.00350 -0.00929
v 0.00051 0.00350 -0.00872
v 0.00070 0.00350 -0.00856
v 0.00089 0.00350 -0.00850
v 0.00110 0.00350 -0.00852
v 0.00132 0.00350 -0.00864
v 0.00162 0.00350 -0.00915
v 0.00225 0.00350 -0.00902
v 0.00231 0.00350 -0.00843
v 0.00246 0.00350 -0.00823
v 0.00264 0.00350 -0.00813
v 0.00284 0.00350 -0.00810
v 0.00308 0.00350 -0.00817
v 0.00348 0.00350 -0.00862
v 0.00407 0.00350 -0.00836
v 0.00401 0.00350 -0.00776
v 0.00412 0.00350 -0.00754
v 0.00427 0.00350 -0.00740
v 0.00447 0.00350 -0.00734
v 0.00472 0.00350 -0.00735
v 0.00520 0.00350 -0.00771
v 0.00572 0.00350 -0.00733
v 0.00554 0.00350 -0.00676
v 0.00560 0.00350 -0.00651
v 0.00572 0.00350 -0.00635
v 0.00589 0.00350 -0.00625
v 0.00614 0.00350 -0.00621
v 0.00669 0.00350 -0.00646
v 0.00712 0.00350 -0.00598
v 0.00682 0.00350 -0.00546
v 0.00683 0.00350 -0.00521
v 0.00691 0.00350 -0.00502
v 0.00706 0.00350 -0.00488
v 0.00730 0.00350 -0.00480
v 0.00788 0.00350 -0.00492
v 0.00821 0.00350 -0.00436
v 0.00781 0.00350 -0.00392
v 0.00776 0.00350 -0.00368
v 0.00781 0.00350 -0.00348
v 0.00792 0.00350 -0.00331
v 0.00814 0.00350 -0.00318
v 0.00874 0.00350 -0.00318
v 0.00893 0.00350 -0.00256
v 0.00845 0.00350 -0.00221
v 0.00836 0.00350 -0.00198
v 0.00836 0.00350 -0.00178
v 0.00844 0.00350 -0.00159
v 0.00862 0.00350 -0.00142
v 0.00920 0.00350 -0.00129
v 0.00927 0.00350 -0.00065
v 0.00873 0.00350 -0.00041
v 0.00859 0.00350 -0.00020
v 0.00855 0.00350 -0.00000
v 0.00859 0.00350 0.00020
v -0.00355 -0.00450 0.00495
v -0.00357 -0.00450 0.00471
v -0.00363 -0.00450 0.00448
v -0.00373 -0.00450 0.00427
v -0.00386 -0.00450 0.00407
v -0.00402 -0.00450 0.00390
v -0.00422 -0.00450 0.00376
v -0.00443 -0.00450 0.00365
v -0.00465 -0.00450 0.00358
v -0.00489 -0.00450 0.00355
v -0.00513 -0.00450 0.00356
v -0.00536 -0.00450 0.00361
v -0.00558 -0.00450 0.00370
v -0.00578 -0.00450 0.00382
v -0.00596 -0.00450 0.00398
v -0.00611 -0.00450 0.00417
v -0.00623 -0.00450 0.00437
v -0.00630 -0.00450 0.00460
v -0.00634 -0.00450 0.00483
v -0.00634 -0.00450 0.00507
v -0.00630 -0.00450 0.00530
v -0.00623 -0.00450 0.00553
v -0.00611 -0.00450 0.00573
v -0.00596 -0.00450 0.00592
v -0.00578 -0.00450 0.00608
v -0.00558 -0.00450 0.00620
v -0.00536 -0.00450 0.00629
v -0.00513 -0.00450 0.00634
v -0.00489 -0.00450 0.00635
v -0.00465 -0.00450 0.00632
v -0.00443 -0.00450 0.00625
v -0.00422 -0.00450 0.00614
v -0.00402 -0.00450 0.00600
v -0.00386 -0.00450 0.00583
v -0.00373 -0.00450 0.00563
v -0.00363 -0.00450 0.00542
v -0.00357 -0.00450 0.00519
v 0.00635 -0.00450 0.00495
v 0.00633 -0.00450 0.00471
v 0.00627 -0.00450 0.00448
v 0.00617 -0.00450 0.00427
v 0.00604 -0.00450 0.00407
v 0.00587 -0.00450 0.00390
v 0.00568 -0.00450 0.00376
v 0.00547 -0.00450 0.00365
v 0.00524 -0.00450 0.00358
v 0.00501 -0.00450 0.00355
v 0.00477 -0.00450 0.00356
v 0.00454 -0.00450 0.00361
v 0.00432 -0.00450 0.00370
v 0.00412 -0.00450 0.00382
v 0.00394 -0.00450 0.00398
v 0.00379 -0.00450 0.00417
v 0.00367 -0.00450 0.00437
v 0.00359 -0.00450 0.00460
v 0.00355 -0.00450 0.00483
v 0.00355 -0.00450 0.00507
v 0.00359 -0.00450 0.00530
v 0.00367 -0.00450 0.00553
v 0.00379 -0.00450 0.00573
v 0.00394 -0.00450 0.00592
v 0.00412 -0.00450 0.00608
v 0.00432 -0.00450 0.00620
v 0.00454 -0.00450 0.00629
v 0.00477 -0.00450 0.00634
v 0.00501 -0.00450 0.00635
v 0.00524 -0.00450 0.00632
v 0.00547 -0.00450 0.00625
v 0.00568 -0.00450 0.00614
v 0.00587 -0.00450 0.00600
v 0.00604 -0.00450 0.00583
v 0.00617 -0.00450 0.00563
v 0.00627 -0.00450 0.00542
v 0.00633 -0.00450 0.00519
v 0.00160 -0.00450 0.00000
v 0.00158 -0.00450 -0.00027
v 0.00151 -0.00450 -0.00053
v 0.00140 -0.00450 -0.00078
v 0.00124 -0.00450 -0.00101
v 0.00106 -0.00450 -0.00120
v 0.00084 -0.00450 -0.00136
v 0.00060 -0.00450 -0.00148
v 0.00034 -0.00450 -0.00156
v 0.00007 -0.00450 -0.00160
v -0.00020 -0.00450 -0.00159
v -0.00047 -0.00450 -0.00153
v -0.00072 -0.00450 -0.00143
v -0.00095 -0.00450 -0.00129
v -0.00116 -0.00450 -0.00111
v -0.00133 -0.00450 -0.00090
v -0.00146 -0.00450 -0.00066
v -0.00155 -0.00450 -0.00040
v -0.00159 -0.00450 -0.00014
v -0.00159 -0.00450 0.00014
v -0.00155 -0.00450 0.00040
v -0.00146 -0.00450 0.00066
v -0.00133 -0.00450 0.00090
v -0.00116 -0.00450 0.00111
v -0.00095 -0.00450 0.00129
v -0.00072 -0.00450 0.00143
v -0.00047 -0.00450 0.00153
v -0.00020 -0.00450 0.00159
v 0.00007 -0.00450 0.00160
v 0.00034 -0.00450 0.00156
v 0.00060 -0.00450 0.00148
v 0.00084 -0.00450 0.00136
v 0.00106 -0.00450 0.00120
v 0.00124 -0.00450 0.00101
v 0.00140 -0.00450 0.00078
v 0.00151 -0.00450 0.00053
v 0.00158 -0.00450 0.00027
v -0.00355 -0.00450 -0.00495
v -0.00357 -0.00450 -0.00519
v -0.00363 -0.00450 -0.00542
v -0.00373 -0.00450 -0.00563
v -0.00386 -0.00450 -0.00583
v -0.00402 -0.00450 -0.00600
v -0.00422 -0.00450 -0.00614
v -0.00443 -0.00450 -0.00625
v -0.00465 -0.00450 -0.00632
v -0.00489 -0.00450 -0.00635
v -0.00513 -0.00450 -0.00634
v -0.00536 -0.00450 -0.00629
v -0.00558 -0.00450 -0.00620
v -0.00578 -0.00450 -0.00608
v -0.00596 -0.00450 -0.00592
v -0.00611 -0.00450 -0.00573
v -0.00623 -0.00450 -0.00553
v -0.00630 -0.00450 -0.00530
v -0.00634 -0.00450 -0.00507
v -0.00634 -0.00450 -0.00483
v -0.00630 -0.00450 -0.00460
v -0.00623 -0.00450 -0.00437
v -0.00611 -0.00450 -0.00417
v -0.00596 -0.00450 -0.00398
v -0.00578 -0.00450 -0.00382
v -0.00558 -0.00450 -0.00370
v -0.00536 -0.00450 -0.00361
v -0.00513 -0.00450 -0.00356
v -0.00489 -0.00450 -0.00355
v -0.00465 -0.00450 -0.00358
v -0.00443 -0.00450 -0.00365
v -0.00422 -0.00450 -0.00376
v -0.00402 -0.00450 -0.00390
v -0.00386 -0.00450 -0.00407
v -0.00373 -0.00450 -0.00427
v -0.00363 -0.00450 -0.00448
v -0.00357 -0.00450 -0.00471
v 0.00635 -0.00450 -0.00495
v 0.00633 -0.00450 -0.00519
v 0.00627 -0.00450 -0.00542
v 0.00617 -0.00450 -0.00563
v 0.00604 -0.00450 -0.00583
v 0.00587 -0.00450 -0.00600
v 0.00568 -0.00450 -0.00614
v 0.00547 -0.00450 -0.00625
v 0.00524 -0.00450 -0.00632
v 0.00501 -0.00450 -0.00635
v 0.00477 -0.00450 -0.00634
v 0.00454 -0.00450 -0.00629
v 0.00432 -0.00450 -0.00620
v 0.00412 -0.00450 -0.00608
v 0.00394 -0.00450 -0.00592
v 0.00379 -0.00450 -0.00573
v 0.00367 -0.00450 -0.00553
v 0.00359 -0.00450 -0.00530
v 0.00355 -0.00450 -0.00507
v 0.00355 -0.00450 -0.00483
v 0.00359 -0.00450 -0.00460
v 0.00367 -0.00450 -0.00437
v 0.00379 -0.00450 -0.00417
v 0.00394 -0.00450 -0.00398
v 0.00412 -0.00450 -0.00382
v 0.00432 -0.00450 -0.00370
v 0.00454 -0.00450 -0.00361
v 0.00477 -0.00450 -0.00356
v 0.00501 -0.00450 -0.00355
v 0.00524 -0.00450 -0.00358
v 0.00547 -0.00450 -0.00365
v 0.00568 -0.00450 -0.00376
v 0.00587 -0.00450 -0.00390
v 0.00604 -0.00450 -0.00407
v 0.00617 -0.00450 -0.00427
v 0.00627 -0.00450 -0.00448
v 0.00633 -0.00450 -0.00471
v 0.00927 -0.00350 0.00065
v 0.00873 -0.00350 0.00041
v 0.00859 -0.00350 0.00020
v 0.00855 -0.00350 -0.00000
v 0.00859 -0.00350 -0.00020
v 0.00873 -0.00350 -0.00041
v 0.00927 -0.00350 -0.00065
v 0.00920 -0.00350 -0.00129
v 0.00862 -0.00350 -0.00142
v 0.00844 -0.00350 -0.00159
v 0.00836 -0.00350 -0.00178
v 0.00836 -0.00350 -0.00198
v 0.00845 -0.00350 -0.00221
v 0.00893 -0.00350 -0.00256
v 0.00874 -0.00350 -0.00318
v 0.00814 -0.00350 -0.00318
v 0.00792 -0.00350 -0.00331
v 0.00781 -0.00350 -0.00348
v 0.00776 -0.00350 -0.00368
v 0.00781 -0.00350 -0.00392
v 0.00821 -0.00350 -0.00436
v 0.00788 -0.00350 -0.00492
v 0.00730 -0.00350 -0.00480
v 0.00706 -0.00350 -0.00488
v 0.00691 -0.00350 -0.00502
v 0.00683 -0.00350 -0.00521
v 0.00682 -0.00350 -0.00546
v 0.00712 -0.00350 -0.00598
v 0.00669 -0.00350 -0.00646
v 0.00614 -0.00350 -0.00621
v 0.00589 -0.00350 -0.00625
v 0.00572 -0.00350 -0.00635
v 0.00560 -0.00350 -0.00651
v 0.00554 -0.00350 -0.00676
v 0.00572 -0.00350 -0.00733
v 0.00520 -0.00350 -0.00771
v 0.00472 -0.00350 -0.00735
v 0.00447 -0.00350 -0.00734
v 0.00427 -0.00350 -0.00740
v 0.00412 -0.00350 -0.00754
v 0.00401 -0.00350 -0.00776
v 0.00407 -0.00350 -0.00836
v 0.00348 -0.00350 -0.00862
v 0.00308 -0.00350 -0.00817
v 0.00284 -0.00350 -0.00810
v 0.00264 -0.00350 -0.00813
v 0.00246 -0.00350 -0.00823
v 0.00231 -0.00350 -0.00843
v 0.00225 -0.00350 -0.00902
v 0.00162 -0.00350 -0.00915
v 0.00132 -0.00350 -0.00864
v 0.00110 -0.00350 -0.00852
v 0.00089 -0.00350 -0.00850
v 0.00070 -0.00350 -0.00856
v 0.00051 -0.00350 -0.00872
v 0.00032 -0.00350 -0.00929
v -0.00032 -0.00350 -0.00929
v -0.00051 -0.00350 -0.00872
v -0.00070 -0.00350 -0.00856
v -0.00089 -0.00350 -0.00850
v -0.00110 -0.00350 -0.00852
v -0.00132 -0.00350 -0.00864
v -0.00162 -0.00350 -0.00915
v -0.00225 -0.00350 -0.00902
v -0.00231 -0.00350 -0.00843
v -0.00246 -0.00350 -0.00823
v -0.00264 -0.00350 -0.00813
v -0.00284 -0.00350 -0.00810
v -0.00308 -0.00350 -0.00817
v -0.00348 -0.00350 -0.00862
v -0.00407 -0.00350 -0.00836
v -0.00401 -0.00350 -0.00776
v -0.00412 -0.00350 -0.00754
v -0.00427 -0.00350 -0.00740
v -0.00447 -0.00350 -0.00734
v -0.00472 -0.00350 -0.00735
v -0.00520 -0.00350 -0.00771
v -0.00572 -0.00350 -0.00733
v -0.00554 -0.00350 -0.00676
v -0.00560 -0.00350 -0.00651
v -0.00572 -0.00350 -0.00635
v -0.00589 -0.00350 -0.00625
v -0.00614 -0.00350 -0.00621
v -0.00669 -0.00350 -0.00646
v -0.00712 -0.00350 -0.00598
v -0.00682 -0.00350 -0.00546
v -0.00683 -0.00350 -0.00521
v -0.00691 -0.00350 -0.00502
v -0.00706 -0.00350 -0.00488
v -0.00730 -0.00350 -0.00480
v -0.00788 -0.00350 -0.00492
v -0.00821 -0.00350 -0.00436
v -0.00781 -0.00350 -0.00392
v -0.00776 -0.00350 -0.00368
v -0.00781 -0.00350 -0.00348
v -0.00792 -0.00350 -0.00331
v -0.00814 -0.00350 -0.00318
v -0.00874 -0.00350 -0.00318
v -0.00893 -0.00350 -0.00256
v -0.00845 -0.00350 -0.00221
v -0.00836 -0.00350 -0.00198
v -0.00836 -0.00350 -0.00178
v -0.00844 -0.00350 -0.00159
v -0.00862 -0.00350 -0.00142
v -0.00920 -0.00350 -0.00129
v -0.00927 -0.00350 -0.00065
v -0.00873 -0.00350 -0.00041
v -0.00859 -0.00350 -0.00020
v -0.00855 -0.00350 -0.00000
v -0.00859 -0.00350 0.00020
v -0.00873 -0.00350 0.00041
v -0.00927 -0.00350 0.00065
v -0.00920 -0.00350 0.00129
v -0.00862 -0.00350 0.00142
v -0.00844 -0.00350 0.00159
v -0.00836 -0.00350 0.00178
v -0.00836 -0.00350 0.00198
v -0.00845 -0.00350 0.00221
v -0.00893 -0.00350 0.00256
v -0.00874 -0.00350 0.00318
v -0.00814 -0.00350 0.00318
v -0.00792 -0.00350 0.00331
v -0.00781 -0.00350 0.00348
v -0.00776 -0.00350 0.00368
v -0.00781 -0.00350 0.00392
v -0.00821 -0.00350 0.00436
v -0.00788 -0.00350 0.00492
v -0.00730 -0.00350 0.00480
v -0.00706 -0.00350 0.00488
v -0.00691 -0.00350 0.00502
v -0.00683 -0.00350 0.00521
v -0.00682 -0.00350 0.00546
v -0.00712 -0.00350 0.00598
v -0.00669 -0.00350 0.00646
v -0.00614 -0.00350 0.00621
v -0.00589 -0.00350 0.00625
v -0.00572 -0.00350 0.00635
v -0.00560 -0.00350 0.00651
v -0.00554 -0.00350 0.00676
v -0.00572 -0.00350 0.00733
v -0.00520 -0.00350 0.00771
v -0.00472 -0.00350 0.00735
v -0.00447 -0.00350 0.00734
v -0.00427 -0.00350 0.00740
v -0.00412 -0.00350 0.00754
v -0.00401 -0.00350 0.00776
v -0.00407 -0.00350 0.00836
v -0.00348 -0.00350 0.00862
v -0.00308 -0.00350 0.00817
v -0.00284 -0.00350 0.00810
v -0.00264 -0.00350 0.00813
v -0.00246 -0.00350 0.00823
v -0.00231 -0.00350 0.00843
v -0.00225 -0.00350 0.00902
v -0.00162 -0.00350 0.00915
v -0.00132 -0.00350 0.00864
v -0.00110 -0.00350 0.00852
v -0.00089 -0.00350 0.00850
v -0.00070 -0.00350 0.00856
v -0.00051 -0.00350 0.00872
v -0.00032 -0.00350 0.00929
v 0.00032 -0.00350 0.00929
v 0.00051 -0.00350 0.00872
v 0.00070 -0.00350 0.00856
v 0.00089 -0.00350 0.00850
v 0.00110 -0.00350 0.00852
v 0.00132 -0.00350 0.00864
v 0.00162 -0.00350 0.00915
v 0.00225 -0.00350 0.00902
v 0.00231 -0.00350 0.00843
v 0.00246 -0.00350 0.00823
v 0.00264 -0.00350 0.00813
v 0.00284 -0.00350 0.00810
v 0.00308 -0.00350 0.00817
v 0.00348 -0.00350 0.00862
v 0.00407 -0.00350 0.00836
v 0.00401 -0.00350 0.00776
v 0.00412 -0.00350 0.00754
v 0.00427 -0.00350 0.00740
v 0.00447 -0.00350 0.00734
v 0.00472 -0.00350 0.00735
v 0.00520 -0.00350 0.00771
v 0.00572 -0.00350 0.00733
v 0.00554 -0.00350 0.00676
v 0.00560 -0.00350 0.00651
v 0.00572 -0.00350 0.00635
v 0.00589 -0.00350 0.00625
v 0.00614 -0.00350 0.00621
v 0.00669 -0.00350 0.00646
v 0.00712 -0.00350 0.00598
v 0.00682 -0.00350 0.00546
v 0.00683 -0.00350 0.00521
v 0.00691 -0.00350 0.00502
v 0.00706 -0.00350 0.00488
v 0.00730 -0.00350 0.00480
v 0.00788 -0.00350 0.00492
v 0.00821 -0.00350 0.00436
v 0.00781 -0.00350 0.00392
v 0.00776 -0.00350 0.00368
v 0.00781 -0.00350 0.00348
v 0.00792 -0.00350 0.00331
v 0.00814 -0.00350 0.00318
v 0.00874 -0.00350 0.00318
v 0.00893 -0.00350 0.00256
v 0.00845 -0.00350 0.00221
v 0.00836 -0.00350 0.00198
v 0.00836 -0.00350 0.00178
v 0.00844 -0.00350 0.00159
v 0.00862 -0.00350 0.00142
v 0.00920 -0.00350 0.00129
v 0.01130 -0.00450 0.00000
v 0.01120 -0.00450 -0.00147
v 0.01091 -0.00450 -0.00292
v 0.01044 -0.00450 -0.00432
v 0.00978 -0.00450 -0.00565
v 0.00896 -0.00450 -0.00688
v 0.00799 -0.00450 -0.00799
v 0.00688 -0.00450 -0.00896
v 0.00565 -0.00450 -0.00978
v 0.00432 -0.00450 -0.01044
v 0.00292 -0.00450 -0.01091
v 0.00147 -0.00450 -0.01120
v 0.00000 -0.00450 -0.01130
v -0.00147 -0.00450 -0.01120
v -0.00292 -0.00450 -0.01091
v -0.00432 -0.00450 -0.01044
v -0.00565 -0.00450 -0.00978
v -0.00688 -0.00450 -0.00896
v -0.00799 -0.00450 -0.00799
v -0.00896 -0.00450 -0.00688
v -0.00978 -0.00450 -0.00565
v -0.01044 -0.00450 -0.00432
v -0.01091 -0.00450 -0.00292
v -0.01120 -0.00450 -0.00147
v -0.01130 -0.00450 -0.00000
v -0.01120 -0.00450 0.00147
v -0.01091 -0.00450 0.00292
v -0.01044 -0.00450 0.00432
v -0.00978 -0.00450 0.00565
v -0.00896 -0.00450 0.00688
v -0.00799 -0.00450 0.00799
v -0.00688 -0.00450 0.00896
v -0.00565 -0.00450 0.00978
v -0.00432 -0.00450 0.01044
v -0.00292 -0.00450 0.01091
v -0.00147 -0.00450 0.01120
v 0.00000 -0.00450 0.01130
v 0.00147 -0.00450 0.01120
v 0.00292 -0.00450 0.01091
v 0.00432 -0.00450 0.01044
v 0.00565 -0.00450 0.00978
v 0.00688 -0.00450 0.00896
v 0.00799 -0.00450 0.00799
v 0.00896 -0.00450 0.00688
v 0.00978 -0.00450 0.00565
v 0.01044 -0.00450 0.00432
v 0.01091 -0.00450 0.00292
v 0.01120 -0.00450 0.00147
v 0.01130 -0.00350 0.00000
v 0.01120 -0.00350 -0.00147
v 0.01091 -0.00350 -0.00292
v 0.01044 -0.00350 -0.00432
v 0.00978 -0.00350 -0.00565
v 0.00896 -0.00350 -0.00688
v 0.00799 -0.00350 -0.00799
v 0.00688 -0.00350 -0.00896
v 0.00565 -0.00350 -0.00978
v 0.00432 -0.00350 -0.01044
v 0.00292 -0.00350 -0.01091
v 0.00147 -0.00350 -0.01120
v 0.00000 -0.00350 -0.01130
v -0.00147 -0.00350 -0.01120
v -0.00292 -0.00350 -0.01091
v -0.00432 -0.00350 -0.01044
v -0.00565 -0.00350 -0.00978
v -0.00688 -0.00350 -0.00896
v -0.00799 -0.00350 -0.00799
v -0.00896 -0.00350 -0.00688
v -0.00978 -0.00350 -0.00565
v -0.01044 -0.00350 -0.00432
v -0.01091 -0.00350 -0.00292
v -0.01120 -0.00350 -0.00147
v -0.01130 -0.00350 -0.00000
v -0.01120 -0.00350 0.00147
v -0.01091 -0.00350 0.00292
v -0.01044 -0.00350 0.00432
v -0.00978 -0.00350 0.00565
v -0.00896 -0.00350 0.00688
v -0.00799 -0.00350 0.00799
v -0.00688 -0.00350 0.00896
v -0.00565 -0.00350 0.00978
v -0.00432 -0.00350 0.01044
v -0.00292 -0.00350 0.01091
v -0.00147 -0.00350 0.01120
v 0.00000 -0.00350 0.01130
v 0.00147 -0.00350 0.01120
v 0.00292 -0.00350 0.01091
v 0.00432 -0.00350 0.01044
v 0.00565 -0.00350 0.00978
v 0.00688 -0.00350 0.00896
v 0.00799 -0.00350 0.00799
v 0.00896 -0.00350 0.00688
v 0.00978 -0.00350 0.00565
v 0.01044 -0.00350 0.00432
v 0.01091 -0.00350 0.00292
v 0.01120 -0.00350 0.00147
vn 1.0000 -0.0000 -0.0000
vn 0.9914 -0.0000 -0.1305
vn 0.9659 -0.0000 -0.2588
vn 0.9239 -0.0000 -0.3827
vn 0.8660 -0.0000 -0.5000
vn 0.7934 -0.0000 -0.6088
vn 0.7071 -0.0000 -0.7071
vn 0.6088 -0.0000 -0.7934
vn 0.5000 -0.0000 -0.8660
vn 0.3827 -0.0000 -0.9239
vn 0.2588 -0.0000 -0.9659
vn 0.1305 -0.0000 -0.9914
vn -0.0000 0.0000 -1.0000
vn -0.1305 0.0000 -0.9914
vn -0.2588 0.0000 -0.9659
vn -0.3827 0.0000 -0.9239
vn -0.5000 0.0000 -0.8660
vn -0.6088 0.0000 -0.7934
vn -0.7071 0.0000 -0.7071
vn -0.7934 0.0000 -0.6088
vn -0.8660 0.0000 -0.5000
vn -0.9239 0.0000 -0.3827
vn -0.9659 0.0000 -0.2588
vn -0.9914 0.0000 -0.1305
vn -1.0000 0.0000 -0.0000
vn -0.9914 0.0000 0.1305
vn -0.9659 0.0000 0.2588
vn -0.9239 0.0000 0.3827
vn -0.8660 0.0000 0.5000
vn -0.7934 0.0000 0.6088
vn -0.7071 0.0000 0.7071
vn -0.6088 0.0000 0.7934
vn -0.5000 0.0000 0.8660
vn -0.3827 0.0000 0.9239
vn -0.2588 0.0000 0.9659
vn -0.1305 0.0000 0.9914
vn -0.0000 0.0000 1.0000
vn 0.1305 0.0000 0.9914
vn 0.2588 0.0000 0.9659
vn 0.3827 0.0000 0.9239
vn 0.5000 0.0000 0.8660
vn 0.6088 0.0000 0.7934
vn 0.7071 0.0000 0.7071
vn 0.7934 0.0000 0.6088
vn 0.8660 0.0000 0.5000
vn 0.9239 0.0000 0.3827
vn 0.9659 0.0000 0.2588
vn 0.9914 0.0000 0.1305
vn 1.0000 -0.0000 -0.0000
vn 0.9914 -0.0000 -0.1305
vn 0.9659 -0.0000 -0.2588
vn 0.9239 -0.0000 -0.3827
vn 0.8660 -0.0000 -0.5000
vn 0.7934 -0.0000 -0.6088
vn 0.7071 -0.0000 -0.7071
vn 0.6088 -0.0000 -0.7934
vn 0.5000 -0.0000 -0.8660
vn 0.3827 -0.0000 -0.9239
vn 0.2588 -0.0000 -0.9659
vn 0.1305 -0.0000 -0.9914
vn -0.0000 0.0000 -1.0000
vn -0.1305 0.0000 -0.9914
vn -0.2588 0.0000 -0.9659
vn -0.3827 0.0000 -0.9239
vn -0.5000 0.0000 -0.8660
vn -0.6088 0.0000 -0.7934
vn -0.7071 0.0000 -0.7071
vn -0.7934 0.0000 -0.6088
vn -0.8660 0.0000 -0.5000
vn -0.9239 0.0000 -0.3827
vn -0.9659 0.0000 -0.2588
vn -0.9914 0.0000 -0.1305
vn -1.0000 0.0000 -0.0000
vn -0.9914 0.0000 0.1305
vn -0.9659 0.0000 0.2588
vn -0.9239 0.0000 0.3827
vn -0.8660 0.0000 0.5000
vn -0.7934 0.0000 0.6088
vn -0.7071 0.0000 0.7071
vn -0.6088 0.0000 0.7934
vn -0.5000 0.0000 0.8660
vn -0.3827 0.0000 0.9239
vn -0.2588 0.0000 0.9659
vn -0.1305 0.0000 0.9914
vn -0.0000 0.0000 1.0000
vn 0.1305 0.0000 0.9914
vn 0.2588 0.0000 0.9659
vn 0.3827 0.0000 0.9239
vn 0.5000 0.0000 0.8660
vn 0.6088 0.0000 0.7934
vn 0.7071 0.0000 0.7071
vn 0.7934 0.0000 0.6088
vn 0.8660 0.0000 0.5000
vn 0.9239 0.0000 0.3827
vn 0.9659 0.0000 0.2588
vn 0.9914 0.0000 0.1305
vn 0.0000 1.0000 -0.0000
vn 0.0000 1.0000 -0.0000
vn 0.0000 1.0000 -0.0000
vn 0.0000 1.0000 -0.0000
vn 0.0000 1.0000 -0.0000
vn 0.0000 1.0000 -0.0000
vn 0.0000 1.0000 -0.0000
vn 0.0000 1.0000 -0.0000
vn 0.0000 1.0000 -0.0000
vn 0.0000 1.0000 -0.0000
vn 0.0000 1.0000 -0.0000
vn 0.0000 1.0000 -0.0000
vn 0.0000 1.0000 -0.0000
vn 0.0000 1.0000 -0.0000
vn 0.0000 1.0000 -0.0000
vn 0.0000 1.0000 -0.0000
vn 0.0000 1.0000 -0.0000
vn 0.0000 1.0000 -0.0000
vn 0.0000 1.0000 -0.0000
vn 0.0000 1.0000 -0.0000
vn 0.0000 1.0000 -0.0000
vn 0.0000 1.0000 -0.0000
vn 0.0000 1.0000 -0.0000
vn 0.0000 1.0000 -0.0000
vn 0.0000 1.0000 -0.0000
vn 0.0000 1.0000 -0.0000
vn 0.0000 1.0000 -0.0000
vn 0.0000 1.0000 -0.0000
vn 0.0000 1.0000 -0.0000
vn 0.0000 1.0000 -0.0000
vn 0.0000 1.0000 -0.0000
vn 0.0000 1.0000 -0.0000
vn 0.0000 1.0000 -0.0000
vn 0.0000 1.0000 -0.0000
vn 0.0000 1.0000 -0.0000
vn 0.0000 1.0000 -0.0000
vn 0.0000 1.0000 -0.0000
vn 0.0000 1.0000 -0.0000
vn 0.0000 1.0000 -0.0000
vn 0.0000 1.0000 -0.0000
vn 0.0000 1.0000 -0.0000
vn 0.0000 1.0000 -0.0000
vn 0.0000 1.0000 -0.0000
vn 0.0000 1.0000 -0.0000
vn 0.0000 1.0000 -0.0000
vn 0.0000 1.0000 -0.0000
vn 0.0000 1.0000 -0.0000
vn 0.0000 1.0000 -0.0000
vn 0.0000 1.0000 -0.0000
vn 0.0000 1.0000 -0.0000
vn 0.0000 1.0000 -0.0000
vn 0.0000 1.0000 -0.0000
vn 0.0000 1.0000 -0.0000
vn 0.0000 1.0000 -0.0000
vn 0.0000 1.0000 -0.0000
vn 0.0000 1.0000 -0.0000
vn 0.0000 1.0000 -0.0000
vn 0.0000 1.0000 -0.0000
vn 0.0000 1.0000 -0.0000
vn 0.0000 1.0000 -0.0000
vn 0.0000 1.0000 -0.0000
vn 0.0000 1.0000 -0.0000
vn 0.0000 1.0000 -0.0000
vn 0.0000 1.0000 -0.0000
vn 0.0000 1.0000 -0.0000
vn 0.0000 1.0000 -0.0000
vn 0.0000 1.0000 -0.0000
vn 0.0000 1.0000 -0.0000
vn 0.0000 1.0000 -0.0000
vn 0.0000 1.0000 -0.0000
vn 0.0000 1.0000 -0.0000
vn 0.0000 1.0000 -0.0000
vn 0.0000 1.0000 -0.0000
vn 0.0000 1.0000 -0.0000
vn 0.0000 1.0000 -0.0000
vn 0.0000 1.0000 -0.0000
vn 0.0000 1.0000 -0.0000
vn 0.0000 1.0000 -0.0000
vn 0.0000 1.0000 -0.0000
vn 0.0000 1.0000 -0.0000
vn 0.0000 1.0000 -0.0000
vn 0.0000 1.0000 -0.0000
vn 0.0000 1.0000 -0.0000
vn 0.0000 1.0000 -0.0000
vn 0.0000 1.0000 -0.0000
vn 0.0000 1.0000 -0.0000
vn 0.0000 1.0000 -0.0000
vn 0.0000 1.0000 -0.0000
vn 0.0000 1.0000 -0.0000
vn 0.0000 1.0000 -0.0000
vn 0.0000 1.0000 -0.0000
vn 0.0000 1.0000 -0.0000
vn 0.0000 1.0000 -0.0000
vn 0.0000 1.0000 -0.0000
vn 0.0000 1.0000 -0.0000
vn 0.0000 1.0000 -0.0000
vn 0.0000 1.0000 -0.0000
vn 0.0000 1.0000 -0.0000
vn 0.0000 1.0000 -0.0000
vn 0.0000 1.0000 -0.0000
vn 0.0000 1.0000 -0.0000
vn 0.0000 1.0000 -0.0000
vn 0.0000 1.0000 -0.0000
vn 0.0000 1.0000 -0.0000
vn 0.0000 1.0000 -0.0000
vn 0.0000 1.0000 -0.0000
vn 0.0000 1.0000 -0.0000
vn 0.0000 1.0000 -0.0000
vn 0.0000 1.0000 -0.0000
vn 0.0000 1.0000 -0.0000
vn 0.0000 1.0000 -0.0000
vn 0.0000 1.0000 -0.0000
vn 0.0000 1.0000 -0.0000
vn 0.0000 1.0000 -0.0000
vn 0.0000 1.0000 -0.0000
vn 0.0000 1.0000 -0.0000
vn 0.0000 1.0000 -0.0000
vn 0.0000 1.0000 -0.0000
vn 0.0000 1.0000 -0.0000
vn 0.0000 1.0000 -0.0000
vn 0.0000 1.0000 -0.0000
vn 0.0000 1.0000 -0.0000
vn 0.0000 1.0000 -0.0000
vn 0.0000 1.0000 -0.0000
vn 0.0000 1.0000 -0.0000
vn 0.0000 1.0000 -0.0000
vn 0.0000 1.0000 -0.0000
vn 0.0000 1.0000 -0.0000
vn 0.0000 1.0000 -0.0000
vn 0.0000 1.0000 -0.0000
vn 0.0000 1.0000 -0.0000
vn 0.0000 1.0000 -0.0000
vn 0.0000 1.0000 -0.0000
vn 0.0000 1.0000 -0.0000
vn 0.0000 1.0000 -0.0000
vn 0.0000 1.0000 -0.0000
vn 0.0000 1.0000 -0.0000
vn 0.0000 1.0000 -0.0000
vn 0.0000 1.0000 -0.0000
vn 0.0000 1.0000 -0.0000
vn 0.0000 1.0000 -0.0000
vn 0.0000 1.0000 -0.0000
vn 0.0000 1.0000 -0.0000
vn 0.0000 1.0000 -0.0000
vn 0.0000 1.0000 -0.0000
vn 0.0000 1.0000 -0.0000
vn 0.0000 1.0000 -0.0000
vn 0.0000 1.0000 -0.0000
vn 0.0000 1.0000 -0.0000
vn 0.0000 1.0000 -0.0000
vn 0.0000 1.0000 -0.0000
vn 0.0000 1.0000 -0.0000
vn 0.0000 1.0000 -0.0000
vn 0.0000 1.0000 -0.0000
vn 0.0000 1.0000 -0.0000
vn 0.0000 1.0000 -0.0000
vn 0.0000 1.0000 -0.0000
vn 0.0000 1.0000 -0.0000
vn 0.0000 1.0000 -0.0000
vn 0.0000 1.0000 -0.0000
vn 0.0000 1.0000 -0.0000
vn 0.0000 1.0000 -0.0000
vn 0.0000 1.0000 -0.0000
vn 0.0000 1.0000 -0.0000
vn 0.0000 1.0000 -0.0000
vn 0.0000 1.0000 -0.0000
vn 0.0000 1.0000 -0.0000
vn 0.0000 1.0000 -0.0000
vn 0.0000 1.0000 -0.0000
vn 0.0000 1.0000 -0.0000
vn 0.0000 1.0000 -0.0000
vn 0.0000 1.0000 -0.0000
vn 0.0000 1.0000 -0.0000
vn 0.0000 1.0000 -0.0000
vn 0.0000 1.0000 -0.0000
vn 0.0000 1.0000 -0.0000
vn 0.0000 1.0000 -0.0000
vn 0.0000 1.0000 -0.0000
vn 0.0000 1.0000 -0.0000
vn 0.0000 1.0000 -0.0000
vn 0.0000 1.0000 -0.0000
vn 0.0000 1.0000 -0.0000
vn 0.0000 1.0000 -0.0000
vn 0.0000 1.0000 -0.0000
vn 0.0000 1.0000 -0.0000
vn -0.0000 -1.0000 0.0000
vn -0.0000 -1.0000 0.0000
vn -0.0000 -1.0000 0.0000
vn -0.0000 -1.0000 0.0000
vn -0.0000 -1.0000 0.0000
vn -0.0000 -1.0000 0.0000
vn -0.0000 -1.0000 0.0000
vn -0.0000 -1.0000 0.0000
vn -0.0000 -1.0000 0.0000
vn -0.0000 -1.0000 0.0000
vn -0.0000 -1.0000 0.0000
vn -0.0000 -1.0000 0.0000
vn -0.0000 -1.0000 0.0000
vn -0.0000 -1.0000 0.0000
vn -0.0000 -1.0000 0.0000
vn -0.0000 -1.0000 0.0000
vn -0.0000 -1.0000 0.0000
vn -0.0000 -1.0000 0.0000
vn -0.0000 -1.0000 0.0000
vn -0.0000 -1.0000 0.0000
vn -0.0000 -1.0000 0.0000
vn -0.0000 -1.0000 0.0000
vn -0.0000 -1.0000 0.0000
vn -0.0000 -1.0000 0.0000
vn -0.0000 -1.0000 0.0000
vn -0.0000 -1.0000 0.0000
vn -0.0000 -1.0000 0.0000
vn -0.0000 -1.0000 0.0000
vn -0.0000 -1.0000 0.0000
vn -0.0000 -1.0000 0.0000
vn -0.0000 -1.0000 0.0000
vn -0.0000 -1.0000 0.0000
vn -0.0000 -1.0000 0.0000
vn -0.0000 -1.0000 0.0000
vn -0.0000 -1.0000 0.0000
vn -0.0000 -1.0000 0.0000
vn -0.0000 -1.0000 0.0000
vn -0.0000 -1.0000 0.0000
vn -0.0000 -1.0000 0.0000
vn -0.0000 -1.0000 0.0000
vn -0.0000 -1.0000 0.0000
vn -0.0000 -1.0000 0.0000
vn -0.0000 -1.0000 0.0000
vn -0.0000 -1.0000 0.0000
vn -0.0000 -1.0000 0.0000
vn -0.0000 -1.0000 0.0000
vn -0.0000 -1.0000 0.0000
vn -0.0000 -1.0000 0.0000
vn -0.0000 -1.0000 0.0000
vn -0.0000 -1.0000 0.0000
vn -0.0000 -1.0000 0.0000
vn -0.0000 -1.0000 0.0000
vn -0.0000 -1.0000 0.0000
vn -0.0000 -1.0000 0.0000
vn -0.0000 -1.0000 0.0000
vn -0.0000 -1.0000 0.0000
vn -0.0000 -1.0000 0.0000
vn -0.0000 -1.0000 0.0000
vn -0.0000 -1.0000 0.0000
vn -0.0000 -1.0000 0.0000
vn -0.0000 -1.0000 0.0000
vn -0.0000 -1.0000 0.0000
vn -0.0000 -1.0000 0.0000
vn -0.0000 -1.0000 0.0000
vn -0.0000 -1.0000 0.0000
vn -0.0000 -1.0000 0.0000
vn -0.0000 -1.0000 0.0000
vn -0.0000 -1.0000 0.0000
vn -0.0000 -1.0000 0.0000
vn -0.0000 -1.0000 0.0000
vn -0.0000 -1.0000 0.0000
vn -0.0000 -1.0000 0.0000
vn -0.0000 -1.0000 0.0000
vn -0.0000 -1.0000 0.0000
vn -0.0000 -1.0000 0.0000
vn -0.0000 -1.0000 0.0000
vn -0.0000 -1.0000 0.0000
vn -0.0000 -1.0000 0.0000
vn -0.0000 -1.0000 0.0000
vn -0.0000 -1.0000 0.0000
vn -0.0000 -1.0000 0.0000
vn -0.0000 -1.0000 0.0000
vn -0.0000 -1.0000 0.0000
vn -0.0000 -1.0000 0.0000
vn -0.0000 -1.0000 0.0000
vn -0.0000 -1.0000 0.0000
vn -0.0000 -1.0000 0.0000
vn -0.0000 -1.0000 0.0000
vn -0.0000 -1.0000 0.0000
vn -0.0000 -1.0000 0.0000
vn -0.0000 -1.0000 0.0000
vn -0.0000 -1.0000 0.0000
vn -0.0000 -1.0000 0.0000
vn -0.0000 -1.0000 0.0000
vn -0.0000 -1.0000 0.0000
vn -0.0000 -1.0000 0.0000
vn -0.0000 -1.0000 0.0000
vn -0.0000 -1.0000 0.0000
vn -0.0000 -1.0000 0.0000
vn -0.0000 -1.0000 0.0000
vn -0.0000 -1.0000 0.0000
vn -0.0000 -1.0000 0.0000
vn -0.0000 -1.0000 0.0000
vn -0.0000 -1.0000 0.0000
vn -0.0000 -1.0000 0.0000
vn -0.0000 -1.0000 0.0000
vn -0.0000 -1.0000 0.0000
vn -0.0000 -1.0000 0.0000
vn -0.0000 -1.0000 0.0000
vn -0.0000 -1.0000 0.0000
vn -0.0000 -1.0000 0.0000
vn -0.0000 -1.0000 0.0000
vn -0.0000 -1.0000 0.0000
vn -0.0000 -1.0000 0.0000
vn -0.0000 -1.0000 0.0000
vn -0.0000 -1.0000 0.0000
vn -0.0000 -1.0000 0.0000
vn -0.0000 -1.0000 0.0000
vn -0.0000 -1.0000 0.0000
vn -0.0000 -1.0000 0.0000
vn -0.0000 -1.0000 0.0000
vn -0.0000 -1.0000 0.0000
vn -0.0000 -1.0000 0.0000
vn -0.0000 -1.0000 0.0000
vn -0.0000 -1.0000 0.0000
vn -0.0000 -1.0000 0.0000
vn -0.0000 -1.0000 0.0000
vn -0.0000 -1.0000 0.0000
vn -0.0000 -1.0000 0.0000
vn -0.0000 -1.0000 0.0000
vn -0.0000 -1.0000 0.0000
vn -0.0000 -1.0000 0.0000
vn -0.0000 -1.0000 0.0000
vn -0.0000 -1.0000 0.0000
vn -0.0000 -1.0000 0.0000
vn -0.0000 -1.0000 0.0000
vn -0.0000 -1.0000 0.0000
vn -0.0000 -1.0000 0.0000
vn -0.0000 -1.0000 0.0000
vn -0.0000 -1.0000 0.0000
vn -0.0000 -1.0000 0.0000
vn -0.0000 -1.0000 0.0000
vn -0.0000 -1.0000 0.0000
vn -0.0000 -1.0000 0.0000
vn -0.0000 -1.0000 0.0000
vn -0.0000 -1.0000 0.0000
vn -0.0000 -1.0000 0.0000
vn -0.0000 -1.0000 0.0000
vn -0.0000 -1.0000 0.0000
vn -0.0000 -1.0000 0.0000
vn -0.0000 -1.0000 0.0000
vn -0.0000 -1.0000 0.0000
vn -0.0000 -1.0000 0.0000
vn -0.0000 -1.0000 0.0000
vn -0.0000 -1.0000 0.0000
vn -0.0000 -1.0000 0.0000
vn -0.0000 -1.0000 0.0000
vn -0.0000 -1.0000 0.0000
vn -0.0000 -1.0000 0.0000
vn -0.0000 -1.0000 0.0000
vn -0.0000 -1.0000 0.0000
vn -0.0000 -1.0000 0.0000
vn -0.0000 -1.0000 0.0000
vn -0.0000 -1.0000 0.0000
vn -0.0000 -1.0000 0.0000
vn -0.0000 -1.0000 0.0000
vn -0.0000 -1.0000 0.0000
vn -0.0000 -1.0000 0.0000
vn -0.0000 -1.0000 0.0000
vn -0.0000 -1.0000 0.0000
vn -0.0000 -1.0000 0.0000
vn -0.0000 -1.0000 0.0000
vn -0.0000 -1.0000 0.0000
vn -0.0000 -1.0000 0.0000
vn -0.0000 -1.0000 0.0000
vn -0.0000 -1.0000 0.0000
vn -0.0000 -1.0000 0.0000
vn -0.0000 -1.0000 0.0000
vn -0.0000 -1.0000 0.0000
vn -0.0000 -1.0000 0.0000
vn -0.0000 -1.0000 0.0000
vn -0.0000 -1.0000 0.0000
vn -0.0000 -1.0000 0.0000
vn -0.0000 -1.0000 0.0000
vn -0.0000 -1.0000 0.0000
vn -0.0000 -1.0000 0.0000
vn -0.0000 -1.0000 0.0000
vn -0.0000 -1.0000 0.0000
vn -0.0000 -1.0000 0.0000
vn -0.0000 -1.0000 0.0000
vn -0.0000 -1.0000 0.0000
vn -0.0000 -1.0000 0.0000
vn -0.0000 -1.0000 0.0000
vn -0.0000 -1.0000 0.0000
vn -0.0000 -1.0000 0.0000
vn -0.0000 -1.0000 0.0000
vn -0.0000 -1.0000 0.0000
vn -0.0000 -1.0000 0.0000
vn -0.0000 -1.0000 0.0000
vn -0.0000 -1.0000 0.0000
vn -0.0000 -1.0000 0.0000
vn -0.0000 -1.0000 0.0000
vn -0.0000 -1.0000 0.0000
vn -0.0000 -1.0000 0.0000
vn -0.0000 -1.0000 0.0000
vn -0.0000 -1.0000 0.0000
vn -0.0000 -1.0000 0.0000
vn -0.0000 -1.0000 0.0000
vn -0.0000 -1.0000 0.0000
vn -0.0000 -1.0000 0.0000
vn -1.0000 0.0000 0.0000
vn -0.9856 0.0000 0.1690
vn -0.9429 0.0000 0.3331
vn -0.8730 0.0000 0.4877
vn -0.7780 0.0000 0.6282
vn -0.6607 0.0000 0.7507
vn -0.5243 0.0000 0.8515
vn -0.3729 0.0000 0.9279
vn -0.2107 0.0000 0.9776
vn -0.0424 0.0000 0.9991
vn 0.1270 -0.0000 0.9919
vn 0.2928 -0.0000 0.9562
vn 0.4502 -0.0000 0.8929
vn 0.5946 -0.0000 0.8040
vn 0.7220 -0.0000 0.6919
vn 0.8285 -0.0000 0.5600
vn 0.9112 -0.0000 0.4119
vn 0.9677 -0.0000 0.2520
vn 0.9964 -0.0000 0.0848
vn 0.9964 -0.0000 -0.0848
vn 0.9677 -0.0000 -0.2520
vn 0.9112 -0.0000 -0.4119
vn 0.8285 -0.0000 -0.5600
vn 0.7220 -0.0000 -0.6919
vn 0.5946 -0.0000 -0.8040
vn 0.4502 -0.0000 -0.8929
vn 0.2928 -0.0000 -0.9562
vn 0.1270 -0.0000 -0.9919
vn -0.0424 -0.0000 -0.9991
vn -0.2107 -0.0000 -0.9776
vn -0.3729 -0.0000 -0.9279
vn -0.5243 -0.0000 -0.8515
vn -0.6607 -0.0000 -0.7507
vn -0.7780 -0.0000 -0.6282
vn -0.8730 -0.0000 -0.4877
vn -0.9429 -0.0000 -0.3331
vn -0.9856 -0.0000 -0.1690
vn -1.0000 0.0000 0.0000
vn -0.9856 0.0000 0.1690
vn -0.9429 0.0000 0.3331
vn -0.8730 0.0000 0.4877
vn -0.7780 0.0000 0.6282
vn -0.6607 0.0000 0.7507
vn -0.5243 0.0000 0.8515
vn -0.3729 0.0000 0.9279
vn -0.2107 0.0000 0.9776
vn -0.0424 0.0000 0.9991
vn 0.1270 -0.0000 0.9919
vn 0.2928 -0.0000 0.9562
vn 0.4502 -0.0000 0.8929
vn 0.5946 -0.0000 0.8040
vn 0.7220 -0.0000 0.6919
vn 0.8285 -0.0000 0.5600
vn 0.9112 -0.0000 0.4119
vn 0.9677 -0.0000 0.2520
vn 0.9964 -0.0000 0.0848
vn 0.9964 -0.0000 -0.0848
vn 0.9677 -0.0000 -0.2520
vn 0.9112 -0.0000 -0.4119
vn 0.8285 -0.0000 -0.5600
vn 0.7220 -0.0000 -0.6919
vn 0.5946 -0.0000 -0.8040
vn 0.4502 -0.0000 -0.8929
vn 0.2928 -0.0000 -0.9562
vn 0.1270 -0.0000 -0.9919
vn -0.0424 -0.0000 -0.9991
vn -0.2107 -0.0000 -0.9776
vn -0.3729 -0.0000 -0.9279
vn -0.5243 -0.0000 -0.8515
vn -0.6607 -0.0000 -0.7507
vn -0.7780 -0.0000 -0.6282
vn -0.8730 -0.0000 -0.4877
vn -0.9429 -0.0000 -0.3331
vn -0.9856 -0.0000 -0.1690
vn -1.0000 0.0000 0.0000
vn -0.9856 0.0000 0.1690
vn -0.9429 0.0000 0.3331
vn -0.8730 0.0000 0.4877
vn -0.7780 0.0000 0.6282
vn -0.6607 0.0000 0.7507
vn -0.5243 0.0000 0.8515
vn -0.3729 0.0000 0.9279
vn -0.2107 0.0000 0.9776
vn -0.0424 0.0000 0.9991
vn 0.1270 -0.0000 0.9919
vn 0.2928 -0.0000 0.9562
vn 0.4502 -0.0000 0.8929
vn 0.5946 -0.0000 0.8040
vn 0.7220 -0.0000 0.6919
vn 0.8285 -0.0000 0.5600
vn 0.9112 -0.0000 0.4119
vn 0.9677 -0.0000 0.2520
vn 0.9964 -0.0000 0.0848
vn 0.9964 -0.0000 -0.0848
vn 0.9677 -0.0000 -0.2520
vn 0.9112 -0.0000 -0.4119
vn 0.8285 -0.0000 -0.5600
vn 0.7220 -0.0000 -0.6919
vn 0.5946 -0.0000 -0.8040
vn 0.4502 -0.0000 -0.8929
vn 0.2928 -0.0000 -0.9562
vn 0.1270 -0.0000 -0.9919
vn -0.0424 -0.0000 -0.9991
vn -0.2107 -0.0000 -0.9776
vn -0.3729 -0.0000 -0.9279
vn -0.5243 -0.0000 -0.8515
vn -0.6607 -0.0000 -0.7507
vn -0.7780 -0.0000 -0.6282
vn -0.8730 -0.0000 -0.4877
vn -0.9429 -0.0000 -0.3331
vn -0.9856 -0.0000 -0.1690
vn -1.0000 0.0000 0.0000
vn -0.9856 0.0000 0.1690
vn -0.9429 0.0000 0.3331
vn -0.8730 0.0000 0.4877
vn -0.7780 0.0000 0.6282
vn -0.6607 0.0000 0.7507
vn -0.5243 0.0000 0.8515
vn -0.3729 0.0000 0.9279
vn -0.2107 0.0000 0.9776
vn -0.0424 0.0000 0.9991
vn 0.1270 -0.0000 0.9919
vn 0.2928 -0.0000 0.9562
vn 0.4502 -0.0000 0.8929
vn 0.5946 -0.0000 0.8040
vn 0.7220 -0.0000 0.6919
vn 0.8285 -0.0000 0.5600
vn 0.9112 -0.0000 0.4119
vn 0.9677 -0.0000 0.2520
vn 0.9964 -0.0000 0.0848
vn 0.9964 -0.0000 -0.0848
vn 0.9677 -0.0000 -0.2520
vn 0.9112 -0.0000 -0.4119
vn 0.8285 -0.0000 -0.5600
vn 0.7220 -0.0000 -0.6919
vn 0.5946 -0.0000 -0.8040
vn 0.4502 -0.0000 -0.8929
vn 0.2928 -0.0000 -0.9562
vn 0.1270 -0.0000 -0.9919
vn -0.0424 -0.0000 -0.9991
vn -0.2107 -0.0000 -0.9776
vn -0.3729 -0.0000 -0.9279
vn -0.5243 -0.0000 -0.8515
vn -0.6607 -0.0000 -0.7507
vn -0.7780 -0.0000 -0.6282
vn -0.8730 -0.0000 -0.4877
vn -0.9429 -0.0000 -0.3331
vn -0.9856 -0.0000 -0.1690
vn -1.0000 0.0000 0.0000
vn -0.9856 0.0000 0.1690
vn -0.9429 0.0000 0.3331
vn -0.8730 0.0000 0.4877
vn -0.7780 0.0000 0.6282
vn -0.6607 0.0000 0.7507
vn -0.5243 0.0000 0.8515
vn -0.3729 0.0000 0.9279
vn -0.2107 0.0000 0.9776
vn -0.0424 0.0000 0.9991
vn 0.1270 -0.0000 0.9919
vn 0.2928 -0.0000 0.9562
vn 0.4502 -0.0000 0.8929
vn 0.5946 -0.0000 0.8040
vn 0.7220 -0.0000 0.6919
vn 0.8285 -0.0000 0.5600
vn 0.9112 -0.0000 0.4119
vn 0.9677 -0.0000 0.2520
vn 0.9964 -0.0000 0.0848
vn 0.9964 -0.0000 -0.0848
vn 0.9677 -0.0000 -0.2520
vn 0.9112 -0.0000 -0.4119
vn 0.8285 -0.0000 -0.5600
vn 0.7220 -0.0000 -0.6919
vn 0.5946 -0.0000 -0.8040
vn 0.4502 -0.0000 -0.8929
vn 0.2928 -0.0000 -0.9562
vn 0.1270 -0.0000 -0.9919
vn -0.0424 -0.0000 -0.9991
vn -0.2107 -0.0000 -0.9776
vn -0.3729 -0.0000 -0.9279
vn -0.5243 -0.0000 -0.8515
vn -0.6607 -0.0000 -0.7507
vn -0.7780 -0.0000 -0.6282
vn -0.8730 -0.0000 -0.4877
vn -0.9429 -0.0000 -0.3331
vn -0.9856 -0.0000 -0.1690
vn 0.4058 -0.0000 -0.9140
vn 0.4058 -0.0000 -0.9140
vn 0.8266 -0.0000 -0.5629
vn 0.9801 -0.0000 -0.1986
vn 0.9801 -0.0000 0.1986
vn 0.8266 -0.0000 0.5629
vn 0.4058 -0.0000 0.9140
vn 0.9945 -0.0000 -0.1045
vn 0.2069 -0.0000 -0.9784
vn 0.6915 -0.0000 -0.7224
vn 0.9174 -0.0000 -0.3980
vn 1.0000 -0.0000 -0.0095
vn 0.9255 -0.0000 0.3787
vn 0.5870 -0.0000 0.8096
vn 0.9511 -0.0000 -0.3090
vn -0.0010 -0.0000 -1.0000
vn 0.5262 -0.0000 -0.8504
vn 0.8146 -0.0000 -0.5801
vn 0.9761 -0.0000 -0.2172
vn 0.9840 -0.0000 0.1780
vn 0.7425 -0.0000 0.6699
vn 0.8660 -0.0000 -0.5000
vn -0.2089 -0.0000 -0.9779
vn 0.3379 -0.0000 -0.9412
vn 0.6762 -0.0000 -0.7367
vn 0.9096 -0.0000 -0.4154
vn 0.9995 -0.0000 -0.0305
vn 0.8655 -0.0000 0.5009
vn 0.7431 -0.0000 -0.6691
vn -0.4077 -0.0000 -0.9131
vn 0.1348 -0.0000 -0.9909
vn 0.5082 -0.0000 -0.8612
vn 0.8034 -0.0000 -0.5955
vn 0.9714 -0.0000 -0.2376
vn 0.9507 -0.0000 0.3100
vn 0.5878 -0.0000 -0.8090
vn -0.5886 -0.0000 -0.8084
vn -0.0742 -0.0000 -0.9972
vn 0.3181 -0.0000 -0.9481
vn 0.6620 -0.0000 -0.7495
vn 0.9007 -0.0000 -0.4344
vn 0.9944 -0.0000 0.1055
vn 0.4067 -0.0000 -0.9135
vn -0.7438 -0.0000 -0.6684
vn -0.2799 -0.0000 -0.9600
vn 0.1140 -0.0000 -0.9935
vn 0.4917 -0.0000 -0.8707
vn 0.7907 -0.0000 -0.6122
vn 0.9946 -0.0000 -0.1035
vn 0.2079 -0.0000 -0.9781
vn -0.8665 -0.0000 -0.4991
vn -0.4734 -0.0000 -0.8809
vn -0.0951 -0.0000 -0.9955
vn 0.3000 -0.0000 -0.9540
vn 0.6462 -0.0000 -0.7632
vn 0.9514 -0.0000 -0.3081
vn -0.0000 -0.0000 -1.0000
vn -0.9514 -0.0000 -0.3081
vn -0.6462 -0.0000 -0.7632
vn -0.3000 -0.0000 -0.9540
vn 0.0951 -0.0000 -0.9955
vn 0.4734 -0.0000 -0.8809
vn 0.8665 -0.0000 -0.4991
vn -0.2079 -0.0000 -0.9781
vn -0.9946 -0.0000 -0.1035
vn -0.7907 -0.0000 -0.6122
vn -0.4917 -0.0000 -0.8707
vn -0.1140 -0.0000 -0.9935
vn 0.2799 -0.0000 -0.9600
vn 0.7438 -0.0000 -0.6684
vn -0.4067 -0.0000 -0.9135
vn -0.9944 -0.0000 0.1055
vn -0.9007 -0.0000 -0.4344
vn -0.6620 -0.0000 -0.7495
vn -0.3181 -0.0000 -0.9481
vn 0.0742 -0.0000 -0.9972
vn 0.5886 -0.0000 -0.8084
vn -0.5878 -0.0000 -0.8090
vn -0.9507 -0.0000 0.3100
vn -0.9714 -0.0000 -0.2376
vn -0.8034 -0.0000 -0.5955
vn -0.5082 -0.0000 -0.8612
vn -0.1348 -0.0000 -0.9909
vn 0.4077 -0.0000 -0.9131
vn -0.7431 -0.0000 -0.6691
vn -0.8655 -0.0000 0.5009
vn -0.9995 -0.0000 -0.0305
vn -0.9096 -0.0000 -0.4154
vn -0.6762 -0.0000 -0.7367
vn -0.3379 -0.0000 -0.9412
vn 0.2089 -0.0000 -0.9779
vn -0.8660 -0.0000 -0.5000
vn -0.7425 -0.0000 0.6699
vn -0.9840 -0.0000 0.1780
vn -0.9761 -0.0000 -0.2172
vn -0.8146 -0.0000 -0.5801
vn -0.5262 -0.0000 -0.8504
vn 0.0010 -0.0000 -1.0000
vn -0.9511 -0.0000 -0.3090
vn -0.5870 -0.0000 0.8096
vn -0.9255 -0.0000 0.3787
vn -1.0000 -0.0000 -0.0095
vn -0.9174 -0.0000 -0.3980
vn -0.6915 -0.0000 -0.7224
vn -0.2069 -0.0000 -0.9784
vn -0.9945 -0.0000 -0.1045
vn -0.4058 -0.0000 0.9140
vn -0.8266 -0.0000 0.5629
vn -0.9801 -0.0000 0.1986
vn -0.9801 -0.0000 -0.1986
vn -0.8266 -0.0000 -0.5629
vn -0.4058 -0.0000 -0.9140
vn -0.9945 -0.0000 0.1045
vn -0.2069 -0.0000 0.9784
vn -0.6915 -0.0000 0.7224
vn -0.9174 -0.0000 0.3980
vn -1.0000 -0.0000 0.0095
vn -0.9255 -0.0000 -0.3787
vn -0.5870 -0.0000 -0.8096
vn -0.9511 -0.0000 0.3090
vn 0.0010 -0.0000 1.0000
vn -0.5262 -0.0000 0.8504
vn -0.8146 -0.0000 0.5801
vn -0.9761 -0.0000 0.2172
vn -0.9840 -0.0000 -0.1780
vn -0.7425 -0.0000 -0.6699
vn -0.8660 -0.0000 0.5000
vn 0.2089 -0.0000 0.9779
vn -0.3379 -0.0000 0.9412
vn -0.6762 -0.0000 0.7367
vn -0.9096 -0.0000 0.4154
vn -0.9995 -0.0000 0.0305
vn -0.8655 -0.0000 -0.5009
vn -0.7431 -0.0000 0.6691
vn 0.4077 -0.0000 0.9131
vn -0.1348 -0.0000 0.9909
vn -0.5082 -0.0000 0.8612
vn -0.8034 -0.0000 0.5955
vn -0.9714 -0.0000 0.2376
vn -0.9507 -0.0000 -0.3100
vn -0.5878 -0.0000 0.8090
vn 0.5886 -0.0000 0.8084
vn 0.0742 -0.0000 0.9972
vn -0.3181 -0.0000 0.9481
vn -0.6620 -0.0000 0.7495
vn -0.9007 -0.0000 0.4344
vn -0.9944 -0.0000 -0.1055
vn -0.4067 -0.0000 0.9135
vn 0.7438 -0.0000 0.6684
vn 0.2799 -0.0000 0.9600
vn -0.1140 -0.0000 0.9935
vn -0.4917 -0.0000 0.8707
vn -0.7907 -0.0000 0.6122
vn -0.9946 -0.0000 0.1035
vn -0.2079 -0.0000 0.9781
vn 0.8665 -0.0000 0.4991
vn 0.4734 -0.0000 0.8809
vn 0.0951 -0.0000 0.9955
vn -0.3000 -0.0000 0.9540
vn -0.6462 -0.0000 0.7632
vn -0.9514 -0.0000 0.3081
vn 0.0000 -0.0000 1.0000
vn 0.9514 -0.0000 0.3081
vn 0.6462 -0.0000 0.7632
vn 0.3000 -0.0000 0.9540
vn -0.0951 -0.0000 0.9955
vn -0.4734 -0.0000 0.8809
vn -0.8665 -0.0000 0.4991
vn 0.2079 -0.0000 0.9781
vn 0.9946 -0.0000 0.1035
vn 0.7907 -0.0000 0.6122
vn 0.4917 -0.0000 0.8707
vn 0.1140 -0.0000 0.9935
vn -0.2799 -0.0000 0.9600
vn -0.7438 -0.0000 0.6684
vn 0.4067 -0.0000 0.9135
vn 0.9944 -0.0000 -0.1055
vn 0.9007 -0.0000 0.4344
vn 0.6620 -0.0000 0.7495
vn 0.3181 -0.0000 0.9481
vn -0.0742 -0.0000 0.9972
vn -0.5886 -0.0000 0.8084
vn 0.5878 -0.0000 0.8090
vn 0.9507 -0.0000 -0.3100
vn 0.9714 -0.0000 0.2376
vn 0.8034 -0.0000 0.5955
vn 0.5082 -0.0000 0.8612
vn 0.1348 -0.0000 0.9909
vn -0.4077 -0.0000 0.9131
vn 0.7431 -0.0000 0.6691
vn 0.8655 -0.0000 -0.5009
vn 0.9995 -0.0000 0.0305
vn 0.9096 -0.0000 0.4154
vn 0.6762 -0.0000 0.7367
vn 0.3379 -0.0000 0.9412
vn -0.2089 -0.0000 0.9779
vn 0.8660 -0.0000 0.5000
vn 0.7425 -0.0000 -0.6699
vn 0.9840 -0.0000 -0.1780
vn 0.9761 -0.0000 0.2172
vn 0.8146 -0.0000 0.5801
vn 0.5262 -0.0000 0.8504
vn -0.0010 -0.0000 1.0000
vn 0.9511 -0.0000 0.3090
vn 0.5870 -0.0000 -0.8096
vn 0.9255 -0.0000 -0.3787
vn 1.0000 -0.0000 0.0095
vn 0.9174 -0.0000 0.3980
vn 0.6915 -0.0000 0.7224
vn 0.2069 -0.0000 0.9784
vn -0.0000 -1.0000 0.0000
vn -0.0000 -1.0000 0.0000
vn -0.0000 -1.0000 0.0000
vn -0.0000 -1.0000 0.0000
vn -0.0000 -1.0000 0.0000
vn -0.0000 -1.0000 0.0000
vn -0.0000 -1.0000 0.0000
vn -0.0000 -1.0000 0.0000
vn -0.0000 -1.0000 0.0000
vn -0.0000 -1.0000 0.0000
vn -0.0000 -1.0000 0.0000
vn -0.0000 -1.0000 0.0000
vn -0.0000 -1.0000 0.0000
vn -0.0000 -1.0000 0.0000
vn -0.0000 -1.0000 0.0000
vn -0.0000 -1.0000 0.0000
vn -0.0000 -1.0000 0.0000
vn -0.0000 -1.0000 0.0000
vn -0.0000 -1.0000 0.0000
vn -0.0000 -1.0000 0.0000
vn -0.0000 -1.0000 0.0000
vn -0.0000 -1.0000 0.0000
vn -0.0000 -1.0000 0.0000
vn -0.0000 -1.0000 0.0000
vn -0.0000 -1.0000 0.0000
vn -0.0000 -1.0000 0.0000
vn -0.0000 -1.0000 0.0000
vn -0.0000 -1.0000 0.0000
vn -0.0000 -1.0000 0.0000
vn -0.0000 -1.0000 0.0000
vn -0.0000 -1.0000 0.0000
vn -0.0000 -1.0000 0.0000
vn -0.0000 -1.0000 0.0000
vn -0.0000 -1.0000 0.0000
vn -0.0000 -1.0000 0.0000
vn -0.0000 -1.0000 0.0000
vn -0.0000 -1.0000 0.0000
vn -0.0000 -1.0000 0.0000
vn -0.0000 -1.0000 0.0000
vn -0.0000 -1.0000 0.0000
vn -0.0000 -1.0000 0.0000
vn -0.0000 -1.0000 0.0000
vn -0.0000 -1.0000 0.0000
vn -0.0000 -1.0000 0.0000
vn -0.0000 -1.0000 0.0000
vn -0.0000 -1.0000 0.0000
vn -0.0000 -1.0000 0.0000
vn -0.0000 -1.0000 0.0000
vn 0.0000 1.0000 -0.0000
vn 0.0000 1.0000 -0.0000
vn 0.0000 1.0000 -0.0000
vn 0.0000 1.0000 -0.0000
vn 0.0000 1.0000 -0.0000
vn 0.0000 1.0000 -0.0000
vn 0.0000 1.0000 -0.0000
vn 0.0000 1.0000 -0.0000
vn 0.0000 1.0000 -0.0000
vn 0.0000 1.0000 -0.0000
vn 0.0000 1.0000 -0.0000
vn 0.0000 1.0000 -0.0000
vn 0.0000 1.0000 -0.0000
vn 0.0000 1.0000 -0.0000
vn 0.0000 1.0000 -0.0000
vn 0.0000 1.0000 -0.0000
vn 0.0000 1.0000 -0.0000
vn 0.0000 1.0000 -0.0000
vn 0.0000 1.0000 -0.0000
vn 0.0000 1.0000 -0.0000
vn 0.0000 1.0000 -0.0000
vn 0.0000 1.0000 -0.0000
vn 0.0000 1.0000 -0.0000
vn 0.0000 1.0000 -0.0000
vn 0.0000 1.0000 -0.0000
vn 0.0000 1.0000 -0.0000
vn 0.0000 1.0000 -0.0000
vn 0.0000 1.0000 -0.0000
vn 0.0000 1.0000 -0.0000
vn 0.0000 1.0000 -0.0000
vn 0.0000 1.0000 -0.0000
vn 0.0000 1.0000 -0.0000
vn 0.0000 1.0000 -0.0000
vn 0.0000 1.0000 -0.0000
vn 0.0000 1.0000 -0.0000
vn 0.0000 1.0000 -0.0000
vn 0.0000 1.0000 -0.0000
vn 0.0000 1.0000 -0.0000
vn 0.0000 1.0000 -0.0000
vn 0.0000 1.0000 -0.0000
vn 0.0000 1.0000 -0.0000
vn 0.0000 1.0000 -0.0000
vn 0.0000 1.0000 -0.0000
vn 0.0000 1.0000 -0.0000
vn 0.0000 1.0000 -0.0000
vn 0.0000 1.0000 -0.0000
vn 0.0000 1.0000 -0.0000
vn 0.0000 1.0000 -0.0000
f 2//2 1//1 49//49
f 2//2 49//49 50//50
f 3//3 2//2 50//50
f 3//3 50//50 51//51
f 4//4 3//3 51//51
f 4//4 51//51 52//52
f 5//5 4//4 52//52
f 5//5 52//52 53//53
f 6//6 5//5 53//53
f 6//6 53//53 54//54
f 7//7 6//6 54//54
f 7//7 54//54 55//55
f 8//8 7//7 55//55
f 8//8 55//55 56//56
f 9//9 8//8 56//56
f 9//9 56//56 57//57
f 10//10 9//9 57//57
f 10//10 57//57 58//58
f 10//10 58//58 59//59
f 11//11 10//10 59//59
f 12//12 11//11 59//59
f 12//12 59//59 60//60
f 13//13 12//12 60//60
f 13//13 60//60 61//61
f 13//13 61//61 62//62
f 14//14 13//13 62//62
f 14//14 62//62 63//63
f 15//15 14//14 63//63
f 16//16 15//15 63//63
f 16//16 63//63 64//64
f 17//17 64//64 65//65
f 17//17 16//16 64//64
f 18//18 65//65 66//66
f 18//18 17//17 65//65
f 19//19 66//66 67//67
f 19//19 18//18 66//66
f 20//20 67//67 68//68
f 20//20 19//19 67//67
f 21//21 68//68 69//69
f 21//21 20//20 68//68
f 22//22 69//69 70//70
f 22//22 70//70 71//71
f 22//22 21//21 69//69
f 23//23 71//71 72//72
f 23//23 22//22 71//71
f 24//24 72//72 73//73
f 24//24 23//23 72//72
f 25//25 24//24 73//73
f 26//26 25//25 73//73
f 26//26 73//73 74//74
f 26//26 74//74 75//75
f 27//27 26//26 75//75
f 28//28 27//27 75//75
f 28//28 75//75 76//76
f 29//29 28//28 76//76
f 29//29 76//76 77//77
f 30//30 29//29 77//77
f 30//30 77//77 78//78
f 31//31 30//30 78//78
f 31//31 78//78 79//79
f 32//32 31//31 79//79
f 32//32 79//79 80//80
f 32//32 80//80 81//81
f 33//33 32//32 81//81
f 34//34 33//33 81//81
f 34//34 81//81 82//82
f 35//35 34//34 82//82
f 35//35 82//82 83//83
f 35//35 83//83 84//84
f 36//36 35//35 84//84
f 37//37 36//36 84//84
f 37//37 84//84 85//85
f 38//38 37//37 85//85
f 38//38 85//85 86//86
f 38//38 86//86 87//87
f 39//39 38//38 87//87
f 40//40 39//39 87//87
f 40//40 87//87 88//88
f 41//41 40//40 88//88
f 41//41 88//88 89//89
f 41//41 89//89 90//90
f 42//42 41//41 90//90
f 43//43 42//42 90//90
f 43//43 90//90 91//91
f 44//44 43//43 91//91
f 44//44 91//91 92//92
f 44//44 92//92 93//93
f 45//45 44//44 93//93
f 46//46 45//45 93//93
f 46//46 93//93 94//94
f 47//47 46//46 94//94
f 47//47 94//94 95//95
f 47//47 95//95 96//96
f 48//48 47//47 96//96
f 1//1 48//48 96//96
f 1//1 96//96 49//49
f 121//121 31//31 32//32
f 121//121 120//120 31//31
f 119//119 30//30 31//31
f 119//119 31//31 120//120
f 122//122 121//121 32//32
f 118//118 30//30 119//119
f 123//123 122//122 32//32
f 117//117 30//30 118//118
f 124//124 32//32 33//33
f 124//124 123//123 32//32
f 116//116 29//29 30//30
f 116//116 30//30 117//117
f 125//125 124//124 33//33
f 115//115 29//29 116//116
f 126//126 33//33 34//34
f 126//126 125//125 33//33
f 114//114 28//28 29//29
f 114//114 29//29 115//115
f 127//127 126//126 34//34
f 113//113 28//28 114//114
f 128//128 34//34 35//35
f 128//128 127//127 34//34
f 112//112 27//27 28//28
f 112//112 28//28 113//113
f 129//129 128//128 35//35
f 111//111 26//26 27//27
f 111//111 27//27 112//112
f 130//130 35//35 36//36
f 130//130 129//129 35//35
f 110//110 26//26 111//111
f 131//131 36//36 37//37
f 131//131 130//130 36//36
f 109//109 25//25 26//26
f 109//109 26//26 110//110
f 194//194 102//102 101//101
f 195//195 194//194 101//101
f 195//195 101//101 100//100
f 193//193 102//102 194//194
f 193//193 103//103 102//102
f 196//196 100//100 99//99
f 196//196 195//195 100//100
f 192//192 103//103 193//193
f 192//192 104//104 103//103
f 197//197 99//99 98//98
f 197//197 196//196 99//99
f 231//231 23//23 24//24
f 157//157 38//38 39//39
f 232//232 231//231 24//24
f 158//158 157//157 39//39
f 158//158 39//39 40//40
f 191//191 104//104 192//192
f 191//191 105//105 104//104
f 230//230 22//22 23//23
f 230//230 23//23 231//231
f 156//156 37//37 38//38
f 156//156 38//38 157//157
f 233//233 24//24 25//25
f 233//233 232//232 24//24
f 233//233 25//25 109//109
f 159//159 158//158 40//40
f 229//229 22//22 230//230
f 155//155 37//37 156//156
f 155//155 132//132 131//131
f 155//155 131//131 37//37
f 198//198 197//197 98//98
f 198//198 98//98 97//97
f 234//234 108//108 107//107
f 234//234 109//109 108//108
f 234//234 233//233 109//109
f 160//160 40//40 41//41
f 160//160 159//159 40//40
f 190//190 106//106 105//105
f 190//190 105//105 191//191
f 228//228 21//21 22//22
f 228//228 22//22 229//229
f 154//154 132//132 155//155
f 154//154 133//133 132//132
f 235//235 107//107 106//106
f 235//235 234//234 107//107
f 161//161 160//160 41//41
f 199//199 198//198 97//97
f 227//227 21//21 228//228
f 153//153 199//199 97//97
f 153//153 97//97 133//133
f 153//153 133//133 154//154
f 236//236 235//235 106//106
f 236//236 190//190 189//189
f 236//236 106//106 190//190
f 162//162 161//161 41//41
f 226//226 21//21 227//227
f 226//226 20//20 21//21
f 152//152 199//199 153//153
f 200//200 199//199 152//152
f 237//237 236//236 189//189
f 237//237 189//189 188//188
f 163//163 41//41 42//42
f 163//163 162//162 41//41
f 225//225 20//20 226//226
f 151//151 200//200 152//152
f 201//201 200//200 151//151
f 238//238 237//237 188//188
f 238//238 188//188 187//187
f 164//164 163//163 42//42
f 224//224 20//20 225//225
f 150//150 201//201 151//151
f 202//202 201//201 150//150
f 239//239 238//238 187//187
f 165//165 164//164 42//42
f 186//186 239//239 187//187
f 223//223 20//20 224//224
f 149//149 202//202 150//150
f 203//203 202//202 149//149
f 240//240 239//239 186//186
f 185//185 240//240 186//186
f 148//148 203//203 149//149
f 43//43 166//166 165//165
f 43//43 165//165 42//42
f 19//19 20//20 223//223
f 19//19 223//223 222//222
f 241//241 240//240 185//185
f 167//167 166//166 43//43
f 204//204 203//203 148//148
f 221//221 19//19 222//222
f 147//147 204//204 148//148
f 184//184 241//241 185//185
f 242//242 241//241 184//184
f 168//168 167//167 43//43
f 205//205 204//204 147//147
f 146//146 205//205 147//147
f 183//183 242//242 184//184
f 243//243 242//242 183//183
f 206//206 205//205 146//146
f 206//206 146//146 145//145
f 182//182 243//243 183//183
f 244//244 243//243 182//182
f 207//207 206//206 145//145
f 207//207 145//145 144//144
f 181//181 244//244 182//182
f 208//208 244//244 181//181
f 171//171 144//144 143//143
f 171//171 207//207 144//144
f 180//180 208//208 181//181
f 44//44 169//169 168//168
f 44//44 170//170 169//169
f 44//44 168//168 43//43
f 18//18 219//219 218//218
f 18//18 220//220 219//219
f 18//18 221//221 220//220
f 18//18 19//19 221//221
f 45//45 134//134 170//170
f 45//45 170//170 44//44
f 45//45 135//135 134//134
f 17//17 217//217 216//216
f 17//17 218//218 217//217
f 17//17 18//18 218//218
f 46//46 135//135 45//45
f 46//46 136//136 135//135
f 46//46 137//137 136//136
f 16//16 215//215 214//214
f 16//16 216//216 215//215
f 16//16 17//17 216//216
f 268//268 176//176 175//175
f 269//269 268//268 175//175
f 269//269 175//175 174//174
f 267//267 177//177 176//176
f 267//267 176//176 268//268
f 47//47 137//137 46//46
f 47//47 138//138 137//137
f 47//47 139//139 138//138
f 15//15 213//213 212//212
f 15//15 214//214 213//213
f 15//15 16//16 214//214
f 270//270 174//174 173//173
f 270//270 269//269 174//174
f 266//266 178//178 177//177
f 266//266 177//177 267//267
f 271//271 173//173 172//172
f 271//271 270//270 173//173
f 265//265 178//178 266//266
f 265//265 179//179 178//178
f 272//272 172//172 171//171
f 272//272 271//271 172//172
f 264//264 180//180 179//179
f 264//264 179//179 265//265
f 273//273 171//171 143//143
f 273//273 272//272 171//171
f 263//263 180//180 264//264
f 263//263 208//208 180//180
f 263//263 209//209 208//208
f 274//274 273//273 143//143
f 274//274 143//143 142//142
f 262//262 209//209 263//263
f 262//262 210//210 209//209
f 275//275 274//274 142//142
f 275//275 142//142 141//141
f 261//261 210//210 262//262
f 261//261 211//211 210//210
f 48//48 139//139 47//47
f 48//48 140//140 139//139
f 14//14 15//15 212//212
f 14//14 212//212 211//211
f 13//13 261//261 260//260
f 13//13 211//211 261//261
f 13//13 14//14 211//211
f 1//1 275//275 141//141
f 1//1 276//276 275//275
f 1//1 140//140 48//48
f 1//1 141//141 140//140
f 12//12 260//260 259//259
f 12//12 13//13 260//260
f 2//2 277//277 276//276
f 2//2 276//276 1//1
f 11//11 259//259 258//258
f 11//11 12//12 259//259
f 3//3 278//278 277//277
f 3//3 279//279 278//278
f 3//3 277//277 2//2
f 10//10 257//257 256//256
f 10//10 258//258 257//257
f 10//10 11//11 258//258
f 4//4 280//280 279//279
f 4//4 281//281 280//280
f 4//4 279//279 3//3
f 5//5 245//245 281//281
f 5//5 281//281 4//4
f 5//5 246//246 245//245
f 9//9 254//254 253//253
f 9//9 255//255 254//254
f 9//9 256//256 255//255
f 9//9 10//10 256//256
f 6//6 246//246 5//5
f 6//6 247//247 246//246
f 6//6 248//248 247//247
f 8//8 252//252 251//251
f 8//8 253//253 252//252
f 8//8 9//9 253//253
f 7//7 251//251 250//250
f 7//7 248//248 6//6
f 7//7 249//249 248//248
f 7//7 8//8 251//251
f 7//7 250//250 249//249
f 361//361 79//79 78//78
f 361//361 360//360 79//79
f 354//354 80//80 79//79
f 354//354 79//79 360//360
f 353//353 81//81 80//80
f 353//353 80//80 354//354
f 367//367 78//78 77//77
f 367//367 361//361 78//78
f 368//368 77//77 76//76
f 368//368 367//367 77//77
f 347//347 82//82 81//81
f 347//347 81//81 353//353
f 359//359 354//354 360//360
f 355//355 354//354 359//359
f 356//356 359//359 358//358
f 356//356 355//355 359//359
f 346//346 83//83 82//82
f 346//346 82//82 347//347
f 366//366 362//362 361//361
f 366//366 361//361 367//367
f 352//352 347//347 353//353
f 357//357 356//356 358//358
f 365//365 362//362 366//366
f 365//365 363//363 362//362
f 364//364 363//363 365//365
f 374//374 76//76 75//75
f 374//374 368//368 76//76
f 348//348 347//347 352//352
f 349//349 351//351 350//350
f 349//349 352//352 351//351
f 349//349 348//348 352//352
f 375//375 374//374 75//75
f 373//373 368//368 374//374
f 373//373 369//369 368//368
f 373//373 370//370 369//369
f 340//340 83//83 346//346
f 372//372 370//370 373//373
f 372//372 371//371 370//370
f 339//339 83//83 340//340
f 339//339 84//84 83//83
f 341//341 340//340 346//346
f 341//341 345//345 344//344
f 341//341 346//346 345//345
f 342//342 344//344 343//343
f 342//342 341//341 344//344
f 381//381 75//75 74//74
f 381//381 375//375 75//75
f 380//380 376//376 375//375
f 380//380 377//377 376//376
f 380//380 375//375 381//381
f 379//379 378//378 377//377
f 379//379 377//377 380//380
f 382//382 74//74 73//73
f 382//382 381//381 74//74
f 333//333 85//85 84//84
f 333//333 84//84 339//339
f 335//335 337//337 336//336
f 334//334 338//338 337//337
f 334//334 339//339 338//338
f 334//334 333//333 339//339
f 334//334 337//337 335//335
f 332//332 86//86 85//85
f 332//332 85//85 333//333
f 388//388 73//73 72//72
f 388//388 383//383 382//382
f 388//388 382//382 73//73
f 386//386 384//384 383//383
f 386//386 385//385 384//384
f 387//387 386//386 383//383
f 387//387 383//383 388//388
f 389//389 72//72 71//71
f 389//389 388//388 72//72
f 326//326 87//87 86//86
f 326//326 86//86 332//332
f 326//326 332//332 331//331
f 328//328 330//330 329//329
f 327//327 326//326 331//331
f 327//327 330//330 328//328
f 327//327 331//331 330//330
f 325//325 87//87 326//326
f 393//393 391//391 390//390
f 393//393 392//392 391//391
f 395//395 389//389 71//71
f 394//394 389//389 395//395
f 394//394 393//393 390//390
f 394//394 390//390 389//389
f 396//396 71//71 70//70
f 396//396 395//395 71//71
f 321//321 323//323 322//322
f 319//319 88//88 87//87
f 319//319 87//87 325//325
f 320//320 323//323 321//321
f 320//320 319//319 325//325
f 320//320 324//324 323//323
f 320//320 325//325 324//324
f 318//318 88//88 319//319
f 89//89 88//88 318//318
f 400//400 398//398 397//397
f 400//400 399//399 398//398
f 401//401 400//400 397//397
f 402//402 70//70 69//69
f 402//402 396//396 70//70
f 402//402 397//397 396//396
f 402//402 401//401 397//397
f 403//403 402//402 69//69
f 314//314 316//316 315//315
f 314//314 317//317 316//316
f 313//313 317//317 314//314
f 312//312 89//89 318//318
f 312//312 317//317 313//313
f 312//312 318//318 317//317
f 90//90 89//89 312//312
f 68//68 403//403 69//69
f 407//407 406//406 405//405
f 311//311 90//90 312//312
f 408//408 405//405 404//404
f 408//408 407//407 405//405
f 409//409 408//408 404//404
f 409//409 404//404 403//403
f 409//409 403//403 68//68
f 307//307 309//309 308//308
f 307//307 310//310 309//309
f 306//306 311//311 310//310
f 306//306 310//310 307//307
f 91//91 90//90 311//311
f 67//67 410//410 409//409
f 67//67 409//409 68//68
f 305//305 311//311 306//306
f 305//305 91//91 311//311
f 414//414 413//413 412//412
f 304//304 91//91 305//305
f 415//415 414//414 412//412
f 415//415 412//412 411//411
f 416//416 410//410 67//67
f 416//416 415//415 411//411
f 416//416 411//411 410//410
f 92//92 91//91 304//304
f 66//66 416//416 67//67
f 300//300 302//302 301//301
f 299//299 303//303 302//302
f 299//299 302//302 300//300
f 417//417 416//416 66//66
f 298//298 303//303 299//299
f 298//298 304//304 303//303
f 298//298 92//92 304//304
f 421//421 420//420 419//419
f 422//422 421//421 419//419
f 422//422 419//419 418//418
f 93//93 92//92 298//298
f 93//93 298//298 297//297
f 65//65 417//417 66//66
f 423//423 417//417 65//65
f 423//423 422//422 418//418
f 423//423 418//418 417//417
f 293//293 295//295 294//294
f 292//292 296//296 295//295
f 292//292 297//297 296//296
f 292//292 295//295 293//293
f 291//291 297//297 292//292
f 428//428 427//427 426//426
f 94//94 297//297 291//291
f 94//94 93//93 297//297
f 64//64 423//423 65//65
f 64//64 424//424 423//423
f 429//429 425//425 424//424
f 429//429 426//426 425//425
f 429//429 428//428 426//426
f 430//430 429//429 424//424
f 286//286 288//288 287//287
f 286//286 289//289 288//288
f 285//285 289//289 286//286
f 285//285 290//290 289//289
f 435//435 433//433 432//432
f 435//435 434//434 433//433
f 284//284 290//290 285//285
f 95//95 290//290 284//284
f 95//95 94//94 291//291
f 95//95 291//291 290//290
f 63//63 430//430 424//424
f 63//63 424//424 64//64
f 63//63 431//431 430//430
f 436//436 435//435 432//432
f 489//489 491//491 490//490
f 437//437 436//436 432//432
f 437//437 432//432 431//431
f 488//488 491//491 489//489
f 488//488 283//283 491//491
f 442//442 440//440 439//439
f 442//442 441//441 440//440
f 96//96 95//95 284//284
f 96//96 284//284 282//282
f 62//62 431//431 63//63
f 62//62 437//437 431//431
f 487//487 283//283 488//488
f 487//487 282//282 283//283
f 443//443 442//442 439//439
f 482//482 484//484 483//483
f 481//481 485//485 484//484
f 481//481 486//486 485//485
f 481//481 484//484 482//482
f 444//444 439//439 438//438
f 444//444 443//443 439//439
f 449//449 448//448 447//447
f 450//450 447//447 446//446
f 450//450 449//449 447//447
f 61//61 438//438 437//437
f 61//61 437//437 62//62
f 49//49 282//282 487//487
f 49//49 96//96 282//282
f 475//475 477//477 476//476
f 480//480 486//486 481//481
f 474//474 478//478 477//477
f 474//474 477//477 475//475
f 456//456 455//455 454//454
f 479//479 478//478 474//474
f 468//468 470//470 469//469
f 457//457 456//456 454//454
f 457//457 454//454 453//453
f 471//471 470//470 468//468
f 451//451 446//446 445//445
f 451//451 450//450 446//446
f 463//463 462//462 461//461
f 467//467 471//471 468//468
f 464//464 461//461 460//460
f 464//464 463//463 461//461
f 473//473 479//479 474//474
f 60//60 438//438 61//61
f 60//60 444//444 438//438
f 50//50 487//487 486//486
f 50//50 49//49 487//487
f 472//472 471//471 467//467
f 458//458 453//453 452//452
f 458//458 457//457 453//453
f 466//466 472//472 467//467
f 465//465 460//460 459//459
f 465//465 464//464 460//460
f 59//59 451//451 445//445
f 59//59 445//445 444//444
f 59//59 444//444 60//60
f 51//51 50//50 486//486
f 51//51 480//480 479//479
f 51//51 486//486 480//480
f 58//58 452//452 451//451
f 58//58 451//451 59//59
f 52//52 479//479 473//473
f 52//52 51//51 479//479
f 53//53 52//52 473//473
f 53//53 473//473 472//472
f 57//57 452//452 58//58
f 57//57 458//458 452//452
f 54//54 472//472 466//466
f 54//54 53//53 472//472
f 56//56 459//459 458//458
f 56//56 458//458 57//57
f 55//55 466//466 465//465
f 55//55 465//465 459//459
f 55//55 54//54 466//466
f 55//55 459//459 56//56
f 98//98 492//492 97//97
f 98//98 493//493 492//492
f 99//99 494//494 493//493
f 99//99 495//495 494//494
f 99//99 493//493 98//98
f 100//100 495//495 99//99
f 101//101 496//496 495//495
f 101//101 495//495 100//100
f 102//102 496//496 101//101
f 102//102 497//497 496//496
f 102//102 498//498 497//497
f 103//103 498//498 102//102
f 104//104 498//498 103//103
f 104//104 499//499 498//498
f 105//105 499//499 104//104
f 105//105 500//500 499//499
f 105//105 501//501 500//500
f 106//106 501//501 105//105
f 107//107 501//501 106//106
f 107//107 502//502 501//501
f 108//108 502//502 107//107
f 108//108 503//503 502//502
f 108//108 504//504 503//503
f 109//109 504//504 108//108
f 110//110 504//504 109//109
f 110//110 505//505 504//504
f 111//111 505//505 110//110
f 111//111 506//506 505//505
f 111//111 507//507 506//506
f 112//112 507//507 111//111
f 113//113 507//507 112//112
f 113//113 508//508 507//507
f 114//114 508//508 113//113
f 114//114 509//509 508//508
f 115//115 509//509 114//114
f 115//115 510//510 509//509
f 116//116 511//511 510//510
f 116//116 510//510 115//115
f 117//117 512//512 511//511
f 117//117 511//511 116//116
f 118//118 513//513 512//512
f 118//118 512//512 117//117
f 119//119 514//514 513//513
f 119//119 513//513 118//118
f 120//120 515//515 514//514
f 120//120 516//516 515//515
f 120//120 514//514 119//119
f 121//121 516//516 120//120
f 122//122 517//517 516//516
f 122//122 516//516 121//121
f 123//123 518//518 517//517
f 123//123 517//517 122//122
f 124//124 519//519 518//518
f 124//124 518//518 123//123
f 125//125 520//520 519//519
f 125//125 519//519 124//124
f 126//126 521//521 520//520
f 126//126 520//520 125//125
f 127//127 522//522 521//521
f 127//127 521//521 126//126
f 128//128 522//522 127//127
f 128//128 523//523 522//522
f 129//129 523//523 128//128
f 129//129 524//524 523//523
f 130//130 524//524 129//129
f 130//130 525//525 524//524
f 131//131 525//525 130//130
f 131//131 526//526 525//525
f 132//132 526//526 131//131
f 132//132 527//527 526//526
f 133//133 527//527 132//132
f 133//133 528//528 527//527
f 97//97 528//528 133//133
f 97//97 492//492 528//528
f 135//135 529//529 134//134
f 135//135 530//530 529//529
f 136//136 531//531 530//530
f 136//136 532//532 531//531
f 136//136 530//530 135//135
f 137//137 532//532 136//136
f 138//138 533//533 532//532
f 138//138 532//532 137//137
f 139//139 533//533 138//138
f 139//139 534//534 533//533
f 139//139 535//535 534//534
f 140//140 535//535 139//139
f 141//141 535//535 140//140
f 141//141 536//536 535//535
f 142//142 536//536 141//141
f 142//142 537//537 536//536
f 142//142 538//538 537//537
f 143//143 538//538 142//142
f 144//144 538//538 143//143
f 144//144 539//539 538//538
f 145//145 539//539 144//144
f 145//145 540//540 539//539
f 145//145 541//541 540//540
f 146//146 541//541 145//145
f 147//147 541//541 146//146
f 147//147 542//542 541//541
f 148//148 542//542 147//147
f 148//148 543//543 542//542
f 148//148 544//544 543//543
f 149//149 544//544 148//148
f 150//150 544//544 149//149
f 150//150 545//545 544//544
f 151//151 545//545 150//150
f 151//151 546//546 545//545
f 152//152 546//546 151//151
f 152//152 547//547 546//546
f 153//153 548//548 547//547
f 153//153 547//547 152//152
f 154//154 549//549 548//548
f 154//154 548//548 153//153
f 155//155 550//550 549//549
f 155//155 549//549 154//154
f 156//156 551//551 550//550
f 156//156 550//550 155//155
f 157//157 552//552 551//551
f 157//157 553//553 552//552
f 157//157 551//551 156//156
f 158//158 553//553 157//157
f 159//159 554//554 553//553
f 159//159 553//553 158//158
f 160//160 555//555 554//554
f 160//160 554//554 159//159
f 161//161 556//556 555//555
f 161//161 555//555 160//160
f 162//162 557//557 556//556
f 162//162 556//556 161//161
f 163//163 558//558 557//557
f 163//163 557//557 162//162
f 164//164 559//559 558//558
f 164//164 558//558 163//163
f 165//165 559//559 164//164
f 165//165 560//560 559//559
f 166//166 560//560 165//165
f 166//166 561//561 560//560
f 167//167 561//561 166//166
f 167//167 562//562 561//561
f 168//168 562//562 167//167
f 168//168 563//563 562//562
f 169//169 563//563 168//168
f 169//169 564//564 563//563
f 170//170 564//564 169//169
f 170//170 565//565 564//564
f 134//134 565//565 170//170
f 134//134 529//529 565//565
f 172//172 566//566 171//171
f 172//172 567//567 566//566
f 173//173 568//568 567//567
f 173//173 569//569 568//568
f 173//173 567//567 172//172
f 174//174 569//569 173//173
f 175//175 570//570 569//569
f 175//175 569//569 174//174
f 176//176 570//570 175//175
f 176//176 571//571 570//570
f 176//176 572//572 571//571
f 177//177 572//572 176//176
f 178//178 572//572 177//177
f 178//178 573//573 572//572
f 179//179 573//573 178//178
f 179//179 574//574 573//573
f 179//179 575//575 574//574
f 180//180 575//575 179//179
f 181//181 575//575 180//180
f 181//181 576//576 575//575
f 182//182 576//576 181//181
f 182//182 577//577 576//576
f 182//182 578//578 577//577
f 183//183 578//578 182//182
f 184//184 578//578 183//183
f 184//184 579//579 578//578
f 185//185 579//579 184//184
f 185//185 580//580 579//579
f 185//185 581//581 580//580
f 186//186 581//581 185//185
f 187//187 581//581 186//186
f 187//187 582//582 581//581
f 188//188 582//582 187//187
f 188//188 583//583 582//582
f 189//189 583//583 188//188
f 189//189 584//584 583//583
f 190//190 585//585 584//584
f 190//190 584//584 189//189
f 191//191 586//586 585//585
f 191//191 585//585 190//190
f 192//192 587//587 586//586
f 192//192 586//586 191//191
f 193//193 588//588 587//587
f 193//193 587//587 192//192
f 194//194 589//589 588//588
f 194//194 590//590 589//589
f 194//194 588//588 193//193
f 195//195 590//590 194//194
f 196//196 591//591 590//590
f 196//196 590//590 195//195
f 197//197 592//592 591//591
f 197//197 591//591 196//196
f 198//198 593//593 592//592
f 198//198 592//592 197//197
f 199//199 594//594 593//593
f 199//199 593//593 198//198
f 200//200 595//595 594//594
f 200//200 594//594 199//199
f 201//201 596//596 595//595
f 201//201 595//595 200//200
f 202//202 596//596 201//201
f 202//202 597//597 596//596
f 203//203 597//597 202//202
f 203//203 598//598 597//597
f 204//204 598//598 203//203
f 204//204 599//599 598//598
f 205//205 599//599 204//204
f 205//205 600//600 599//599
f 206//206 600//600 205//205
f 206//206 601//601 600//600
f 207//207 601//601 206//206
f 207//207 602//602 601//601
f 171//171 602//602 207//207
f 171//171 566//566 602//602
f 209//209 603//603 208//208
f 209//209 604//604 603//603
f 210//210 605//605 604//604
f 210//210 606//606 605//605
f 210//210 604//604 209//209
f 211//211 606//606 210//210
f 212//212 607//607 606//606
f 212//212 606//606 211//211
f 213//213 607//607 212//212
f 213//213 608//608 607//607
f 213//213 609//609 608//608
f 214//214 609//609 213//213
f 215//215 609//609 214//214
f 215//215 610//610 609//609
f 216//216 610//610 215//215
f 216//216 611//611 610//610
f 216//216 612//612 611//611
f 217//217 612//612 216//216
f 218//218 612//612 217//217
f 218//218 613//613 612//612
f 219//219 613//613 218//218
f 219//219 614//614 613//613
f 219//219 615//615 614//614
f 220//220 615//615 219//219
f 221//221 615//615 220//220
f 221//221 616//616 615//615
f 222//222 616//616 221//221
f 222//222 617//617 616//616
f 222//222 618//618 617//617
f 223//223 618//618 222//222
f 224//224 618//618 223//223
f 224//224 619//619 618//618
f 225//225 619//619 224//224
f 225//225 620//620 619//619
f 226//226 620//620 225//225
f 226//226 621//621 620//620
f 227//227 622//622 621//621
f 227//227 621//621 226//226
f 228//228 623//623 622//622
f 228//228 622//622 227//227
f 229//229 624//624 623//623
f 229//229 623//623 228//228
f 230//230 625//625 624//624
f 230//230 624//624 229//229
f 231//231 626//626 625//625
f 231//231 627//627 626//626
f 231//231 625//625 230//230
f 232//232 627//627 231//231
f 233//233 628//628 627//627
f 233//233 627//627 232//232
f 234//234 629//629 628//628
f 234//234 628//628 233//233
f 235//235 630//630 629//629
f 235//235 629//629 234//234
f 236//236 631//631 630//630
f 236//236 630//630 235//235
f 237//237 632//632 631//631
f 237//237 631//631 236//236
f 238//238 633//633 632//632
f 238//238 632//632 237//237
f 239//239 633//633 238//238
f 239//239 634//634 633//633
f 240//240 634//634 239//239
f 240//240 635//635 634//634
f 241//241 635//635 240//240
f 241//241 636//636 635//635
f 242//242 636//636 241//241
f 242//242 637//637 636//636
f 243//243 637//637 242//242
f 243//243 638//638 637//637
f 244//244 638//638 243//243
f 244//244 639//639 638//638
f 208//208 639//639 244//244
f 208//208 603//603 639//639
f 246//246 640//640 245//245
f 246//246 641//641 640//640
f 247//247 642//642 641//641
f 247//247 643//643 642//642
f 247//247 641//641 246//246
f 248//248 643//643 247//247
f 249//249 644//644 643//643
f 249//249 643//643 248//248
f 250//250 644//644 249//249
f 250//250 645//645 644//644
f 250//250 646//646 645//645
f 251//251 646//646 250//250
f 252//252 646//646 251//251
f 252//252 647//647 646//646
f 253//253 647//647 252//252
f 253//253 648//648 647//647
f 253//253 649//649 648//648
f 254//254 649//649 253//253
f 255//255 649//649 254//254
f 255//255 650//650 649//649
f 256//256 650//650 255//255
f 256//256 651//651 650//650
f 256//256 652//652 651//651
f 257//257 652//652 256//256
f 258//258 652//652 257//257
f 258//258 653//653 652//652
f 259//259 653//653 258//258
f 259//259 654//654 653//653
f 259//259 655//655 654//654
f 260//260 655//655 259//259
f 261//261 655//655 260//260
f 261//261 656//656 655//655
f 262//262 656//656 261//261
f 262//262 657//657 656//656
f 263//263 657//657 262//262
f 263//263 658//658 657//657
f 264//264 659//659 658//658
f 264//264 658//658 263//263
f 265//265 660//660 659//659
f 265//265 659//659 264//264
f 266//266 661//661 660//660
f 266//266 660//660 265//265
f 267//267 662//662 661//661
f 267//267 661//661 266//266
f 268//268 663//663 662//662
f 268//268 664//664 663//663
f 268//268 662//662 267//267
f 269//269 664//664 268//268
f 270//270 665//665 664//664
f 270//270 664//664 269//269
f 271//271 666//666 665//665
f 271//271 665//665 270//270
f 272//272 667//667 666//666
f 272//272 666//666 271//271
f 273//273 668//668 667//667
f 273//273 667//667 272//272
f 274//274 669//669 668//668
f 274//274 668//668 273//273
f 275//275 670//670 669//669
f 275//275 669//669 274//274
f 276//276 670//670 275//275
f 276//276 671//671 670//670
f 277//277 671//671 276//276
f 277//277 672//672 671//671
f 278//278 672//672 277//277
f 278//278 673//673 672//672
f 279//279 673//673 278//278
f 279//279 674//674 673//673
f 280//280 674//674 279//279
f 280//280 675//675 674//674
f 281//281 675//675 280//280
f 281//281 676//676 675//675
f 245//245 676//676 281//281
f 245//245 640//640 676//676
f 678//678 282//282 677//677
f 678//678 283//283 282//282
f 679//679 283//283 678//678
f 679//679 491//491 283//283
f 680//680 491//491 679//679
f 680//680 490//490 491//491
f 681//681 490//490 680//680
f 681//681 489//489 490//490
f 682//682 489//489 681//681
f 682//682 488//488 489//489
f 683//683 488//488 682//682
f 683//683 487//487 488//488
f 684//684 487//487 683//683
f 684//684 486//486 487//487
f 684//684 485//485 486//486
f 685//685 485//485 684//684
f 685//685 484//484 485//485
f 686//686 484//484 685//685
f 687//687 484//484 686//686
f 687//687 483//483 484//484
f 688//688 483//483 687//687
f 688//688 482//482 483//483
f 689//689 482//482 688//688
f 689//689 481//481 482//482
f 690//690 481//481 689//689
f 690//690 480//480 481//481
f 691//691 480//480 690//690
f 691//691 479//479 480//480
f 691//691 478//478 479//479
f 692//692 478//478 691//691
f 693//693 478//478 692//692
f 693//693 477//477 478//478
f 694//694 477//477 693//693
f 694//694 476//476 477//477
f 695//695 476//476 694//694
f 695//695 475//475 476//476
f 696//696 475//475 695//695
f 696//696 474//474 475//475
f 697//697 474//474 696//696
f 697//697 473//473 474//474
f 698//698 473//473 697//697
f 698//698 472//472 473//473
f 699//699 472//472 698//698
f 699//699 471//471 472//472
f 700//700 471//471 699//699
f 700//700 470//470 471//471
f 701//701 470//470 700//700
f 701//701 469//469 470//470
f 702//702 469//469 701//701
f 702//702 468//468 469//469
f 703//703 468//468 702//702
f 703//703 467//467 468//468
f 704//704 467//467 703//703
f 704//704 466//466 467//467
f 705//705 466//466 704//704
f 705//705 465//465 466//466
f 706//706 465//465 705//705
f 706//706 464//464 465//465
f 707//707 464//464 706//706
f 707//707 463//463 464//464
f 708//708 463//463 707//707
f 708//708 462//462 463//463
f 708//708 461//461 462//462
f 709//709 461//461 708//708
f 710//710 461//461 709//709
f 710//710 460//460 461//461
f 711//711 460//460 710//710
f 711//711 459//459 460//460
f 711//711 458//458 459//459
f 712//712 458//458 711//711
f 712//712 457//457 458//458
f 713//713 457//457 712//712
f 714//714 457//457 713//713
f 714//714 456//456 457//457
f 715//715 456//456 714//714
f 715//715 455//455 456//456
f 716//716 455//455 715//715
f 716//716 454//454 455//455
f 717//717 454//454 716//716
f 717//717 453//453 454//454
f 718//718 453//453 717//717
f 718//718 452//452 453//453
f 718//718 451//451 452//452
f 719//719 451//451 718//718
f 720//720 451//451 719//719
f 720//720 450//450 451//451
f 721//721 450//450 720//720
f 721//721 449//449 450//450
f 722//722 449//449 721//721
f 722//722 448//448 449//449
f 723//723 448//448 722//722
f 723//723 447//447 448//448
f 724//724 447//447 723//723
f 724//724 446//446 447//447
f 725//725 446//446 724//724
f 725//725 445//445 446//446
f 726//726 445//445 725//725
f 726//726 444//444 445//445
f 727//727 444//444 726//726
f 727//727 443//443 444//444
f 728//728 443//443 727//727
f 728//728 442//442 443//443
f 729//729 442//442 728//728
f 729//729 441//441 442//442
f 730//730 441//441 729//729
f 730//730 440//440 441//441
f 731//731 440//440 730//730
f 731//731 439//439 440//440
f 732//732 439//439 731//731
f 732//732 438//438 439//439
f 733//733 438//438 732//732
f 733//733 437//437 438//438
f 734//734 437//437 733//733
f 734//734 436//436 437//437
f 735//735 436//436 734//734
f 735//735 435//435 436//436
f 736//736 435//435 735//735
f 736//736 434//434 435//435
f 737//737 434//434 736//736
f 737//737 433//433 434//434
f 738//738 433//433 737//737
f 738//738 432//432 433//433
f 739//739 432//432 738//738
f 739//739 431//431 432//432
f 740//740 431//431 739//739
f 740//740 430//430 431//431
f 741//741 430//430 740//740
f 741//741 429//429 430//430
f 742//742 429//429 741//741
f 742//742 428//428 429//429
f 743//743 428//428 742//742
f 743//743 427//427 428//428
f 744//744 427//427 743//743
f 744//744 426//426 427//427
f 745//745 426//426 744//744
f 745//745 425//425 426//426
f 746//746 425//425 745//745
f 746//746 424//424 425//425
f 747//747 424//424 746//746
f 747//747 423//423 424//424
f 748//748 423//423 747//747
f 748//748 422//422 423//423
f 749//749 422//422 748//748
f 749//749 421//421 422//422
f 750//750 421//421 749//749
f 750//750 420//420 421//421
f 751//751 420//420 750//750
f 751//751 419//419 420//420
f 752//752 419//419 751//751
f 752//752 418//418 419//419
f 753//753 418//418 752//752
f 753//753 417//417 418//418
f 754//754 417//417 753//753
f 754//754 416//416 417//417
f 755//755 416//416 754//754
f 755//755 415//415 416//416
f 756//756 415//415 755//755
f 756//756 414//414 415//415
f 757//757 414//414 756//756
f 757//757 413//413 414//414
f 758//758 413//413 757//757
f 758//758 412//412 413//413
f 759//759 412//412 758//758
f 759//759 411//411 412//412
f 760//760 411//411 759//759
f 760//760 410//410 411//411
f 761//761 410//410 760//760
f 761//761 409//409 410//410
f 762//762 409//409 761//761
f 762//762 408//408 409//409
f 763//763 408//408 762//762
f 763//763 407//407 408//408
f 764//764 407//407 763//763
f 764//764 406//406 407//407
f 765//765 406//406 764//764
f 765//765 405//405 406//406
f 766//766 405//405 765//765
f 766//766 404//404 405//405
f 767//767 404//404 766//766
f 767//767 403//403 404//404
f 768//768 403//403 767//767
f 768//768 402//402 403//403
f 769//769 402//402 768//768
f 769//769 401//401 402//402
f 770//770 401//401 769//769
f 770//770 400//400 401//401
f 771//771 400//400 770//770
f 771//771 399//399 400//400
f 772//772 399//399 771//771
f 772//772 398//398 399//399
f 773//773 398//398 772//772
f 773//773 397//397 398//398
f 773//773 396//396 397//397
f 774//774 396//396 773//773
f 775//775 396//396 774//774
f 775//775 395//395 396//396
f 775//775 394//394 395//395
f 776//776 394//394 775//775
f 777//777 394//394 776//776
f 777//777 393//393 394//394
f 778//778 393//393 777//777
f 778//778 392//392 393//393
f 779//779 392//392 778//778
f 779//779 391//391 392//392
f 780//780 391//391 779//779
f 780//780 390//390 391//391
f 781//781 390//390 780//780
f 781//781 389//389 390//390
f 782//782 389//389 781//781
f 782//782 388//388 389//389
f 783//783 388//388 782//782
f 783//783 387//387 388//388
f 784//784 387//387 783//783
f 784//784 386//386 387//387
f 785//785 386//386 784//784
f 785//785 385//385 386//386
f 786//786 385//385 785//785
f 786//786 384//384 385//385
f 787//787 384//384 786//786
f 787//787 383//383 384//384
f 788//788 383//383 787//787
f 788//788 382//382 383//383
f 789//789 382//382 788//788
f 789//789 381//381 382//382
f 789//789 380//380 381//381
f 790//790 380//380 789//789
f 791//791 380//380 790//790
f 791//791 379//379 380//380
f 792//792 379//379 791//791
f 792//792 378//378 379//379
f 793//793 378//378 792//792
f 793//793 377//377 378//378
f 794//794 377//377 793//793
f 794//794 376//376 377//377
f 794//794 375//375 376//376
f 795//795 375//375 794//794
f 796//796 375//375 795//795
f 796//796 374//374 375//375
f 797//797 374//374 796//796
f 797//797 373//373 374//374
f 798//798 373//373 797//797
f 798//798 372//372 373//373
f 799//799 372//372 798//798
f 799//799 371//371 372//372
f 800//800 371//371 799//799
f 800//800 370//370 371//371
f 801//801 370//370 800//800
f 801//801 369//369 370//370
f 802//802 369//369 801//801
f 802//802 368//368 369//369
f 803//803 368//368 802//802
f 803//803 367//367 368//368
f 804//804 367//367 803//803
f 804//804 366//366 367//367
f 805//805 366//366 804//804
f 805//805 365//365 366//366
f 806//806 365//365 805//805
f 806//806 364//364 365//365
f 807//807 364//364 806//806
f 807//807 363//363 364//364
f 808//808 363//363 807//807
f 808//808 362//362 363//363
f 809//809 362//362 808//808
f 809//809 361//361 362//362
f 810//810 361//361 809//809
f 810//810 360//360 361//361
f 811//811 360//360 810//810
f 811//811 359//359 360//360
f 812//812 359//359 811//811
f 812//812 358//358 359//359
f 813//813 358//358 812//812
f 813//813 357//357 358//358
f 814//814 357//357 813//813
f 814//814 356//356 357//357
f 815//815 356//356 814//814
f 815//815 355//355 356//356
f 816//816 355//355 815//815
f 816//816 354//354 355//355
f 817//817 354//354 816//816
f 817//817 353//353 354//354
f 817//817 352//352 353//353
f 818//818 352//352 817//817
f 819//819 352//352 818//818
f 819//819 351//351 352//352
f 820//820 351//351 819//819
f 820//820 350//350 351//351
f 821//821 350//350 820//820
f 821//821 349//349 350//350
f 822//822 349//349 821//821
f 822//822 348//348 349//349
f 823//823 348//348 822//822
f 823//823 347//347 348//348
f 824//824 347//347 823//823
f 824//824 346//346 347//347
f 825//825 346//346 824//824
f 825//825 345//345 346//346
f 826//826 345//345 825//825
f 826//826 344//344 345//345
f 827//827 344//344 826//826
f 827//827 343//343 344//344
f 828//828 343//343 827//827
f 828//828 342//342 343//343
f 829//829 342//342 828//828
f 829//829 341//341 342//342
f 830//830 341//341 829//829
f 830//830 340//340 341//341
f 831//831 340//340 830//830
f 831//831 339//339 340//340
f 832//832 339//339 831//831
f 832//832 338//338 339//339
f 833//833 338//338 832//832
f 833//833 337//337 338//338
f 834//834 337//337 833//833
f 834//834 336//336 337//337
f 835//835 336//336 834//834
f 835//835 335//335 336//336
f 836//836 335//335 835//835
f 836//836 334//334 335//335
f 837//837 334//334 836//836
f 837//837 333//333 334//334
f 838//838 333//333 837//837
f 838//838 332//332 333//333
f 839//839 332//332 838//838
f 839//839 331//331 332//332
f 840//840 331//331 839//839
f 840//840 330//330 331//331
f 841//841 330//330 840//840
f 841//841 329//329 330//330
f 842//842 329//329 841//841
f 842//842 328//328 329//329
f 843//843 328//328 842//842
f 843//843 327//327 328//328
f 844//844 327//327 843//843
f 844//844 326//326 327//327
f 845//845 326//326 844//844
f 845//845 325//325 326//326
f 846//846 325//325 845//845
f 846//846 324//324 325//325
f 847//847 324//324 846//846
f 847//847 323//323 324//324
f 848//848 323//323 847//847
f 848//848 322//322 323//323
f 849//849 322//322 848//848
f 849//849 321//321 322//322
f 850//850 321//321 849//849
f 850//850 320//320 321//321
f 851//851 320//320 850//850
f 851//851 319//319 320//320
f 852//852 319//319 851//851
f 852//852 318//318 319//319
f 853//853 318//318 852//852
f 853//853 317//317 318//318
f 854//854 317//317 853//853
f 854//854 316//316 317//317
f 855//855 316//316 854//854
f 855//855 315//315 316//316
f 856//856 315//315 855//855
f 856//856 314//314 315//315
f 857//857 314//314 856//856
f 857//857 313//313 314//314
f 858//858 313//313 857//857
f 858//858 312//312 313//313
f 858//858 311//311 312//312
f 859//859 311//311 858//858
f 860//860 311//311 859//859
f 860//860 310//310 311//311
f 861//861 310//310 860//860
f 861//861 309//309 310//310
f 861//861 308//308 309//309
f 862//862 308//308 861//861
f 863//863 308//308 862//862
f 863//863 307//307 308//308
f 864//864 307//307 863//863
f 864//864 306//306 307//307
f 865//865 306//306 864//864
f 865//865 305//305 306//306
f 866//866 305//305 865//865
f 866//866 304//304 305//305
f 867//867 304//304 866//866
f 867//867 303//303 304//304
f 868//868 303//303 867//867
f 868//868 302//302 303//303
f 869//869 302//302 868//868
f 869//869 301//301 302//302
f 870//870 301//301 869//869
f 870//870 300//300 301//301
f 871//871 300//300 870//870
f 871//871 299//299 300//300
f 872//872 299//299 871//871
f 872//872 298//298 299//299
f 873//873 298//298 872//872
f 873//873 297//297 298//298
f 874//874 297//297 873//873
f 874//874 296//296 297//297
f 875//875 296//296 874//874
f 875//875 295//295 296//296
f 876//876 295//295 875//875
f 876//876 294//294 295//295
f 877//877 294//294 876//876
f 877//877 293//293 294//294
f 878//878 293//293 877//877
f 878//878 292//292 293//293
f 878//878 291//291 292//292
f 879//879 291//291 878//878
f 880//880 291//291 879//879
f 880//880 290//290 291//291
f 881//881 290//290 880//880
f 881//881 289//289 290//290
f 882//882 289//289 881//881
f 882//882 288//288 289//289
f 883//883 288//288 882//882
f 883//883 287//287 288//288
f 884//884 287//287 883//883
f 884//884 286//286 287//287
f 885//885 286//286 884//884
f 885//885 285//285 286//286
f 886//886 285//285 885//885
f 886//886 284//284 285//285
f 677//677 284//284 886//886
f 677//677 282//282 284//284
f 516//516 918//918 917//917
f 516//516 917//917 515//515
f 514//514 917//917 916//916
f 514//514 515//515 917//917
f 517//517 918//918 516//516
f 513//513 514//514 916//916
f 518//518 918//918 517//517
f 512//512 513//513 916//916
f 519//519 919//919 918//918
f 519//519 918//918 518//518
f 511//511 916//916 915//915
f 511//511 512//512 916//916
f 520//520 919//919 519//519
f 510//510 511//511 915//915
f 521//521 920//920 919//919
f 521//521 919//919 520//520
f 509//509 915//915 914//914
f 509//509 510//510 915//915
f 522//522 920//920 521//521
f 508//508 509//509 914//914
f 523//523 921//921 920//920
f 523//523 920//920 522//522
f 507//507 914//914 913//913
f 507//507 508//508 914//914
f 524//524 921//921 523//523
f 506//506 913//913 912//912
f 506//506 507//507 913//913
f 525//525 922//922 921//921
f 525//525 921//921 524//524
f 505//505 506//506 912//912
f 526//526 923//923 922//922
f 526//526 922//922 525//525
f 504//504 912//912 911//911
f 504//504 505//505 912//912
f 589//589 496//496 497//497
f 590//590 496//496 589//589
f 590//590 495//495 496//496
f 588//588 589//589 497//497
f 588//588 497//497 498//498
f 591//591 494//494 495//495
f 591//591 495//495 590//590
f 587//587 588//588 498//498
f 587//587 498//498 499//499
f 592//592 493//493 494//494
f 592//592 494//494 591//591
f 626//626 910//910 909//909
f 552//552 925//925 924//924
f 627//627 910//910 626//626
f 553//553 925//925 552//552
f 553//553 926//926 925//925
f 586//586 587//587 499//499
f 586//586 499//499 500//500
f 625//625 909//909 908//908
f 625//625 626//626 909//909
f 551//551 924//924 923//923
f 551//551 552//552 924//924
f 628//628 911//911 910//910
f 628//628 910//910 627//627
f 628//628 504//504 911//911
f 554//554 926//926 553//553
f 624//624 625//625 908//908
f 550//550 551//551 923//923
f 550//550 526//526 527//527
f 550//550 923//923 526//526
f 593//593 493//493 592//592
f 593//593 492//492 493//493
f 629//629 502//502 503//503
f 629//629 503//503 504//504
f 629//629 504//504 628//628
f 555//555 927//927 926//926
f 555//555 926//926 554//554
f 585//585 500//500 501//501
f 585//585 586//586 500//500
f 623//623 908//908 907//907
f 623//623 624//624 908//908
f 549//549 550//550 527//527
f 549//549 527//527 528//528
f 630//630 501//501 502//502
f 630//630 502//502 629//629
f 556//556 927//927 555//555
f 594//594 492//492 593//593
f 622//622 623//623 907//907
f 548//548 492//492 594//594
f 548//548 528//528 492//492
f 548//548 549//549 528//528
f 631//631 501//501 630//630
f 631//631 584//584 585//585
f 631//631 585//585 501//501
f 557//557 927//927 556//556
f 621//621 622//622 907//907
f 621//621 907//907 906//906
f 547//547 548//548 594//594
f 595//595 547//547 594//594
f 632//632 584//584 631//631
f 632//632 583//583 584//584
f 558//558 928//928 927//927
f 558//558 927//927 557//557
f 620//620 621//621 906//906
f 546//546 547//547 595//595
f 596//596 546//546 595//595
f 633//633 583//583 632//632
f 633//633 582//582 583//583
f 559//559 928//928 558//558
f 619//619 620//620 906//906
f 545//545 546//546 596//596
f 597//597 545//545 596//596
f 634//634 582//582 633//633
f 560//560 928//928 559//559
f 581//581 582//582 634//634
f 618//618 619//619 906//906
f 544//544 545//545 597//597
f 598//598 544//544 597//597
f 635//635 581//581 634//634
f 580//580 581//581 635//635
f 543//543 544//544 598//598
f 929//929 560//560 561//561
f 929//929 928//928 560//560
f 905//905 618//618 906//906
f 905//905 617//617 618//618
f 636//636 580//580 635//635
f 562//562 929//929 561//561
f 599//599 543//543 598//598
f 616//616 617//617 905//905
f 542//542 543//543 599//599
f 579//579 580//580 636//636
f 637//637 579//579 636//636
f 563//563 929//929 562//562
f 600//600 542//542 599//599
f 541//541 542//542 600//600
f 578//578 579//579 637//637
f 638//638 578//578 637//637
f 601//601 541//541 600//600
f 601//601 540//540 541//541
f 577//577 578//578 638//638
f 639//639 577//577 638//638
f 602//602 540//540 601//601
f 602//602 539//539 540//540
f 576//576 577//577 639//639
f 603//603 576//576 639//639
f 566//566 538//538 539//539
f 566//566 539//539 602//602
f 575//575 576//576 603//603
f 930//930 563//563 564//564
f 930//930 564//564 565//565
f 930//930 929//929 563//563
f 904//904 613//613 614//614
f 904//904 614//614 615//615
f 904//904 615//615 616//616
f 904//904 616//616 905//905
f 931//931 565//565 529//529
f 931//931 930//930 565//565
f 931//931 529//529 530//530
f 903//903 611//611 612//612
f 903//903 612//612 613//613
f 903//903 613//613 904//904
f 932//932 931//931 530//530
f 932//932 530//530 531//531
f 932//932 531//531 532//532
f 902//902 609//609 610//610
f 902//902 610//610 611//611
f 902//902 611//611 903//903
f 663//663 570//570 571//571
f 664//664 570//570 663//663
f 664//664 569//569 570//570
f 662//662 571//571 572//572
f 662//662 663//663 571//571
f 933//933 932//932 532//532
f 933//933 532//532 533//533
f 933//933 533//533 534//534
f 901//901 607//607 608//608
f 901//901 608//608 609//609
f 901//901 609//609 902//902
f 665//665 568//568 569//569
f 665//665 569//569 664//664
f 661//661 572//572 573//573
f 661//661 662//662 572//572
f 666//666 567//567 568//568
f 666//666 568//568 665//665
f 660//660 661//661 573//573
f 660//660 573//573 574//574
f 667//667 566//566 567//567
f 667//667 567//567 666//666
f 659//659 574//574 575//575
f 659//659 660//660 574//574
f 668//668 538//538 566//566
f 668//668 566//566 667//667
f 658//658 659//659 575//575
f 658//658 575//575 603//603
f 658//658 603//603 604//604
f 669//669 538//538 668//668
f 669//669 537//537 538//538
f 657//657 658//658 604//604
f 657//657 604//604 605//605
f 670//670 537//537 669//669
f 670//670 536//536 537//537
f 656//656 657//657 605//605
f 656//656 605//605 606//606
f 934//934 933//933 534//534
f 934//934 534//534 535//535
f 900//900 607//607 901//901
f 900//900 606//606 607//607
f 899//899 655//655 656//656
f 899//899 656//656 606//606
f 899//899 606//606 900//900
f 887//887 536//536 670//670
f 887//887 670//670 671//671
f 887//887 934//934 535//535
f 887//887 535//535 536//536
f 898//898 654//654 655//655
f 898//898 655//655 899//899
f 888//888 671//671 672//672
f 888//888 887//887 671//671
f 897//897 653//653 654//654
f 897//897 654//654 898//898
f 889//889 672//672 673//673
f 889//889 673//673 674//674
f 889//889 888//888 672//672
f 896//896 651//651 652//652
f 896//896 652//652 653//653
f 896//896 653//653 897//897
f 890//890 674//674 675//675
f 890//890 675//675 676//676
f 890//890 889//889 674//674
f 891//891 676//676 640//640
f 891//891 890//890 676//676
f 891//891 640//640 641//641
f 895//895 648//648 649//649
f 895//895 649//649 650//650
f 895//895 650//650 651//651
f 895//895 651//651 896//896
f 892//892 891//891 641//641
f 892//892 641//641 642//642
f 892//892 642//642 643//643
f 894//894 646//646 647//647
f 894//894 647//647 648//648
f 894//894 648//648 895//895
f 893//893 645//645 646//646
f 893//893 892//892 643//643
f 893//893 643//643 644//644
f 893//893 646//646 894//894
f 893//893 644//644 645//645
f 809//809 964//964 965//965
f 809//809 965//965 810//810
f 816//816 965//965 966//966
f 816//816 810//810 965//965
f 817//817 966//966 967//967
f 817//817 816//816 966//966
f 803//803 963//963 964//964
f 803//803 964//964 809//809
f 802//802 962//962 963//963
f 802//802 963//963 803//803
f 823//823 967//967 968//968
f 823//823 817//817 967//967
f 811//811 810//810 816//816
f 815//815 811//811 816//816
f 814//814 812//812 811//811
f 814//814 811//811 815//815
f 824//824 968//968 969//969
f 824//824 823//823 968//968
f 804//804 809//809 808//808
f 804//804 803//803 809//809
f 818//818 817//817 823//823
f 813//813 812//812 814//814
f 805//805 804//804 808//808
f 805//805 808//808 807//807
f 806//806 805//805 807//807
f 796//796 961//961 962//962
f 796//796 962//962 802//802
f 822//822 818//818 823//823
f 821//821 820//820 819//819
f 821//821 819//819 818//818
f 821//821 818//818 822//822
f 795//795 961//961 796//796
f 797//797 796//796 802//802
f 797//797 802//802 801//801
f 797//797 801//801 800//800
f 830//830 824//824 969//969
f 798//798 797//797 800//800
f 798//798 800//800 799//799
f 831//831 830//830 969//969
f 831//831 969//969 970//970
f 829//829 824//824 830//830
f 829//829 826//826 825//825
f 829//829 825//825 824//824
f 828//828 827//827 826//826
f 828//828 826//826 829//829
f 789//789 960//960 961//961
f 789//789 961//961 795//795
f 790//790 795//795 794//794
f 790//790 794//794 793//793
f 790//790 789//789 795//795
f 791//791 793//793 792//792
f 791//791 790//790 793//793
f 788//788 959//959 960//960
f 788//788 960//960 789//789
f 837//837 970//970 971//971
f 837//837 831//831 970//970
f 835//835 834//834 833//833
f 836//836 833//833 832//832
f 836//836 832//832 831//831
f 836//836 831//831 837//837
f 836//836 835//835 833//833
f 838//838 971//971 972//972
f 838//838 837//837 971//971
f 782//782 958//958 959//959
f 782//782 788//788 787//787
f 782//782 959//959 788//788
f 784//784 787//787 786//786
f 784//784 786//786 785//785
f 783//783 787//787 784//784
f 783//783 782//782 787//787
f 781//781 957//957 958//958
f 781//781 958//958 782//782
f 844//844 972//972 973//973
f 844//844 838//838 972//972
f 844//844 839//839 838//838
f 842//842 841//841 840//840
f 843//843 839//839 844//844
f 843//843 842//842 840//840
f 843//843 840//840 839//839
f 845//845 844//844 973//973
f 777//777 780//780 779//779
f 777//777 779//779 778//778
f 775//775 957//957 781//781
f 776//776 775//775 781//781
f 776//776 780//780 777//777
f 776//776 781//781 780//780
f 774//774 956//956 957//957
f 774//774 957//957 775//775
f 849//849 848//848 847//847
f 851//851 973//973 974//974
f 851//851 845//845 973//973
f 850//850 849//849 847//847
f 850//850 845//845 851//851
f 850//850 847//847 846//846
f 850//850 846//846 845//845
f 852//852 851//851 974//974
f 975//975 852//852 974//974
f 770//770 773//773 772//772
f 770//770 772//772 771//771
f 769//769 773//773 770//770
f 768//768 955//955 956//956
f 768//768 956//956 774//774
f 768//768 774//774 773//773
f 768//768 773//773 769//769
f 767//767 955//955 768//768
f 856//856 855//855 854//854
f 856//856 854//854 853//853
f 857//857 856//856 853//853
f 858//858 852//852 975//975
f 858//858 857//857 853//853
f 858//858 853//853 852//852
f 976//976 858//858 975//975
f 954//954 955//955 767//767
f 763//763 765//765 764//764
f 859//859 858//858 976//976
f 762//762 766//766 765//765
f 762//762 765//765 763//763
f 761//761 766//766 762//762
f 761//761 767//767 766//766
f 761//761 954//954 767//767
f 863//863 862//862 861//861
f 863//863 861//861 860//860
f 864//864 860//860 859//859
f 864//864 863//863 860//860
f 977//977 859//859 976//976
f 953//953 761//761 760//760
f 953//953 954//954 761//761
f 865//865 864//864 859//859
f 865//865 859//859 977//977
f 756//756 758//758 757//757
f 866//866 865//865 977//977
f 755//755 758//758 756//756
f 755//755 759//759 758//758
f 754//754 953//953 760//760
f 754//754 759//759 755//755
f 754//754 760//760 759//759
f 978//978 866//866 977//977
f 952//952 953//953 754//754
f 870//870 869//869 868//868
f 871//871 868//868 867//867
f 871//871 870//870 868//868
f 753//753 952//952 754//754
f 872//872 871//871 867//867
f 872//872 867//867 866//866
f 872//872 866//866 978//978
f 749//749 751//751 750//750
f 748//748 751//751 749//749
f 748//748 752//752 751//751
f 979//979 872//872 978//978
f 979//979 873//873 872//872
f 951//951 952//952 753//753
f 747//747 951//951 753//753
f 747//747 752//752 748//748
f 747//747 753//753 752//752
f 877//877 876//876 875//875
f 878//878 875//875 874//874
f 878//878 874//874 873//873
f 878//878 877//877 875//875
f 879//879 878//878 873//873
f 742//742 744//744 743//743
f 980//980 879//879 873//873
f 980//980 873//873 979//979
f 950//950 951//951 747//747
f 950//950 747//747 746//746
f 741//741 746//746 745//745
f 741//741 745//745 744//744
f 741//741 744//744 742//742
f 740//740 746//746 741//741
f 884//884 883//883 882//882
f 884//884 882//882 881//881
f 885//885 884//884 881//881
f 885//885 881//881 880//880
f 735//735 738//738 737//737
f 735//735 737//737 736//736
f 886//886 885//885 880//880
f 981//981 886//886 880//880
f 981//981 879//879 980//980
f 981//981 880//880 879//879
f 949//949 746//746 740//740
f 949//949 950//950 746//746
f 949//949 740//740 739//739
f 734//734 738//738 735//735
f 681//681 680//680 679//679
f 733//733 738//738 734//734
f 733//733 739//739 738//738
f 682//682 681//681 679//679
f 682//682 679//679 678//678
f 728//728 731//731 730//730
f 728//728 730//730 729//729
f 982//982 886//886 981//981
f 982//982 677//677 886//886
f 948//948 949//949 739//739
f 948//948 739//739 733//733
f 683//683 682//682 678//678
f 683//683 678//678 677//677
f 727//727 731//731 728//728
f 688//688 687//687 686//686
f 689//689 686//686 685//685
f 689//689 685//685 684//684
f 689//689 688//688 686//686
f 726//726 732//732 731//731
f 726//726 731//731 727//727
f 721//721 723//723 722//722
f 720//720 724//724 723//723
f 720//720 723//723 721//721
f 947//947 733//733 732//732
f 947//947 948//948 733//733
f 935//935 683//683 677//677
f 935//935 677//677 982//982
f 695//695 694//694 693//693
f 690//690 689//689 684//684
f 696//696 693//693 692//692
f 696//696 695//695 693//693
f 714//714 716//716 715//715
f 691//691 696//696 692//692
f 702//702 701//701 700//700
f 713//713 716//716 714//714
f 713//713 717//717 716//716
f 699//699 702//702 700//700
f 719//719 725//725 724//724
f 719//719 724//724 720//720
f 707//707 709//709 708//708
f 703//703 702//702 699//699
f 706//706 710//710 709//709
f 706//706 709//709 707//707
f 697//697 696//696 691//691
f 946//946 947//947 732//732
f 946//946 732//732 726//726
f 936//936 684//684 683//683
f 936//936 683//683 935//935
f 698//698 703//703 699//699
f 712//712 718//718 717//717
f 712//712 717//717 713//713
f 704//704 703//703 698//698
f 705//705 711//711 710//710
f 705//705 710//710 706//706
f 945//945 725//725 719//719
f 945//945 726//726 725//725
f 945//945 946//946 726//726
f 937//937 684//684 936//936
f 937//937 691//691 690//690
f 937//937 690//690 684//684
f 944//944 719//719 718//718
f 944//944 945//945 719//719
f 938//938 697//697 691//691
f 938//938 691//691 937//937
f 939//939 697//697 938//938
f 939//939 698//698 697//697
f 943//943 944//944 718//718
f 943//943 718//718 712//712
f 940//940 704//704 698//698
f 940//940 698//698 939//939
f 942//942 712//712 711//711
f 942//942 943//943 712//712
f 941//941 705//705 704//704
f 941//941 711//711 705//705
f 941//941 704//704 940//940
f 941//941 942//942 711//711
f 936//936 935//935 887//887
f 936//936 887//887 888//888
f 937//937 936//936 888//888
f 937//937 888//888 889//889
f 938//938 937//937 889//889
f 938//938 889//889 890//890
f 939//939 938//938 890//890
f 939//939 890//890 891//891
f 940//940 939//939 891//891
f 940//940 891//891 892//892
f 941//941 940//940 892//892
f 941//941 892//892 893//893
f 942//942 941//941 893//893
f 942//942 893//893 894//894
f 943//943 942//942 894//894
f 943//943 894//894 895//895
f 944//944 943//943 895//895
f 944//944 895//895 896//896
f 944//944 896//896 897//897
f 945//945 944//944 897//897
f 946//946 945//945 897//897
f 946//946 897//897 898//898
f 947//947 946//946 898//898
f 947//947 898//898 899//899
f 947//947 899//899 900//900
f 948//948 947//947 900//900
f 948//948 900//900 901//901
f 949//949 948//948 901//901
f 950//950 949//949 901//901
f 950//950 901//901 902//902
f 951//951 902//902 903//903
f 951//951 950//950 902//902
f 952//952 903//903 904//904
f 952//952 951//951 903//903
f 953//953 904//904 905//905
f 953//953 952//952 904//904
f 954//954 905//905 906//906
f 954//954 953//953 905//905
f 955//955 906//906 907//907
f 955//955 954//954 906//906
f 956//956 907//907 908//908
f 956//956 908//908 909//909
f 956//956 955//955 907//907
f 957//957 909//909 910//910
f 957//957 956//956 909//909
f 958//958 910//910 911//911
f 958//958 957//957 910//910
f 959//959 958//958 911//911
f 960//960 959//959 911//911
f 960//960 911//911 912//912
f 960//960 912//912 913//913
f 961//961 960//960 913//913
f 962//962 961//961 913//913
f 962//962 913//913 914//914
f 963//963 962//962 914//914
f 963//963 914//914 915//915
f 964//964 963//963 915//915
f 964//964 915//915 916//916
f 965//965 964//964 916//916
f 965//965 916//916 917//917
f 966//966 965//965 917//917
f 966//966 917//917 918//918
f 966//966 918//918 919//919
f 967//967 966//966 919//919
f 968//968 967//967 919//919
f 968//968 919//919 920//920
f 969//969 968//968 920//920
f 969//969 920//920 921//921
f 969//969 921//921 922//922
f 970//970 969//969 922//922
f 971//971 970//970 922//922
f 971//971 922//922 923//923
f 972//972 971//971 923//923
f 972//972 923//923 924//924
f 972//972 924//924 925//925
f 973//973 972//972 925//925
f 974//974 973//973 925//925
f 974//974 925//925 926//926
f 975//975 974//974 926//926
f 975//975 926//926 927//927
f 975//975 927//927 928//928
f 976//976 975//975 928//928
f 977//977 976//976 928//928
f 977//977 928//928 929//929
f 978//978 977//977 929//929
f 978//978 929//929 930//930
f 978//978 930//930 931//931
f 979//979 978//978 931//931
f 980//980 979//979 931//931
f 980//980 931//931 932//932
f 981//981 980//980 932//932
f 981//981 932//932 933//933
f 981//981 933//933 934//934
f 982//982 981//981 934//934
f 935//935 982//982 934//934
f 935//935 934//934 887//887
o Servo_horn_(reference)
usemtl Aluminium_6061_b7bcc6
v 0.01000 -0.00450 0.00000
v 0.00990 -0.00450 -0.00139
v 0.00961 -0.00450 -0.00276
v 0.00914 -0.00450 -0.00407
v 0.00848 -0.00450 -0.00530
v 0.00766 -0.00450 -0.00643
v 0.00669 -0.00450 -0.00743
v 0.00559 -0.00450 -0.00829
v 0.00438 -0.00450 -0.00899
v 0.00309 -0.00450 -0.00951
v 0.00174 -0.00450 -0.00985
v 0.00035 -0.00450 -0.00999
v -0.00105 -0.00450 -0.00995
v -0.00242 -0.00450 -0.00970
v -0.00375 -0.00450 -0.00927
v -0.00500 -0.00450 -0.00866
v -0.00616 -0.00450 -0.00788
v -0.00719 -0.00450 -0.00695
v -0.00809 -0.00450 -0.00588
v -0.00883 -0.00450 -0.00469
v -0.00940 -0.00450 -0.00342
v -0.00978 -0.00450 -0.00208
v -0.00998 -0.00450 -0.00070
v -0.00998 -0.00450 0.00070
v -0.00978 -0.00450 0.00208
v -0.00940 -0.00450 0.00342
v -0.00883 -0.00450 0.00469
v -0.00809 -0.00450 0.00588
v -0.00719 -0.00450 0.00695
v -0.00616 -0.00450 0.00788
v -0.00500 -0.00450 0.00866
v -0.00375 -0.00450 0.00927
v -0.00242 -0.00450 0.00970
v -0.00105 -0.00450 0.00995
v 0.00035 -0.00450 0.00999
v 0.00174 -0.00450 0.00985
v 0.00309 -0.00450 0.00951
v 0.00438 -0.00450 0.00899
v 0.00559 -0.00450 0.00829
v 0.00669 -0.00450 0.00743
v 0.00766 -0.00450 0.00643
v 0.00848 -0.00450 0.00530
v 0.00914 -0.00450 0.00407
v 0.00961 -0.00450 0.00276
v 0.00990 -0.00450 0.00139
v 0.01000 -0.00750 0.00000
v 0.00990 -0.00750 -0.00139
v 0.00961 -0.00750 -0.00276
v 0.00914 -0.00750 -0.00407
v 0.00848 -0.00750 -0.00530
v 0.00766 -0.00750 -0.00643
v 0.00669 -0.00750 -0.00743
v 0.00559 -0.00750 -0.00829
v 0.00438 -0.00750 -0.00899
v 0.00309 -0.00750 -0.00951
v 0.00174 -0.00750 -0.00985
v 0.00035 -0.00750 -0.00999
v -0.00105 -0.00750 -0.00995
v -0.00242 -0.00750 -0.00970
v -0.00375 -0.00750 -0.00927
v -0.00500 -0.00750 -0.00866
v -0.00616 -0.00750 -0.00788
v -0.00719 -0.00750 -0.00695
v -0.00809 -0.00750 -0.00588
v -0.00883 -0.00750 -0.00469
v -0.00940 -0.00750 -0.00342
v -0.00978 -0.00750 -0.00208
v -0.00998 -0.00750 -0.00070
v -0.00998 -0.00750 0.00070
v -0.00978 -0.00750 0.00208
v -0.00940 -0.00750 0.00342
v -0.00883 -0.00750 0.00469
v -0.00809 -0.00750 0.00588
v -0.00719 -0.00750 0.00695
v -0.00616 -0.00750 0.00788
v -0.00500 -0.00750 0.00866
v -0.00375 -0.00750 0.00927
v -0.00242 -0.00750 0.00970
v -0.00105 -0.00750 0.00995
v 0.00035 -0.00750 0.00999
v 0.00174 -0.00750 0.00985
v 0.00309 -0.00750 0.00951
v 0.00438 -0.00750 0.00899
v 0.00559 -0.00750 0.00829
v 0.00669 -0.00750 0.00743
v 0.00766 -0.00750 0.00643
v 0.00848 -0.00750 0.00530
v 0.00914 -0.00750 0.00407
v 0.00961 -0.00750 0.00276
v 0.00990 -0.00750 0.00139
vn 1.0000 -0.0000 -0.0000
vn 0.9903 -0.0000 -0.1392
vn 0.9613 -0.0000 -0.2756
vn 0.9135 -0.0000 -0.4067
vn 0.8480 -0.0000 -0.5299
vn 0.7660 -0.0000 -0.6428
vn 0.6691 -0.0000 -0.7431
vn 0.5592 -0.0000 -0.8290
vn 0.4384 -0.0000 -0.8988
vn 0.3090 -0.0000 -0.9511
vn 0.1736 -0.0000 -0.9848
vn 0.0349 -0.0000 -0.9994
vn -0.1045 0.0000 -0.9945
vn -0.2419 0.0000 -0.9703
vn -0.3746 0.0000 -0.9272
vn -0.5000 0.0000 -0.8660
vn -0.6157 0.0000 -0.7880
vn -0.7193 0.0000 -0.6947
vn -0.8090 0.0000 -0.5878
vn -0.8829 0.0000 -0.4695
vn -0.9397 0.0000 -0.3420
vn -0.9781 0.0000 -0.2079
vn -0.9976 0.0000 -0.0698
vn -0.9976 0.0000 0.0698
vn -0.9781 0.0000 0.2079
vn -0.9397 0.0000 0.3420
vn -0.8829 0.0000 0.4695
vn -0.8090 0.0000 0.5878
vn -0.7193 0.0000 0.6947
vn -0.6157 0.0000 0.7880
vn -0.5000 0.0000 0.8660
vn -0.3746 0.0000 0.9272
vn -0.2419 0.0000 0.9703
vn -0.1045 0.0000 0.9945
vn 0.0349 0.0000 0.9994
vn 0.1736 0.0000 0.9848
vn 0.3090 0.0000 0.9511
vn 0.4384 0.0000 0.8988
vn 0.5592 0.0000 0.8290
vn 0.6691 0.0000 0.7431
vn 0.7660 0.0000 0.6428
vn 0.8480 0.0000 0.5299
vn 0.9135 0.0000 0.4067
vn 0.9613 0.0000 0.2756
vn 0.9903 0.0000 0.1392
vn 1.0000 -0.0000 -0.0000
vn 0.9903 -0.0000 -0.1392
vn 0.9613 -0.0000 -0.2756
vn 0.9135 -0.0000 -0.4067
vn 0.8480 -0.0000 -0.5299
vn 0.7660 -0.0000 -0.6428
vn 0.6691 -0.0000 -0.7431
vn 0.5592 -0.0000 -0.8290
vn 0.4384 -0.0000 -0.8988
vn 0.3090 -0.0000 -0.9511
vn 0.1736 -0.0000 -0.9848
vn 0.0349 -0.0000 -0.9994
vn -0.1045 0.0000 -0.9945
vn -0.2419 0.0000 -0.9703
vn -0.3746 0.0000 -0.9272
vn -0.5000 0.0000 -0.8660
vn -0.6157 0.0000 -0.7880
vn -0.7193 0.0000 -0.6947
vn -0.8090 0.0000 -0.5878
vn -0.8829 0.0000 -0.4695
vn -0.9397 0.0000 -0.3420
vn -0.9781 0.0000 -0.2079
vn -0.9976 0.0000 -0.0698
vn -0.9976 0.0000 0.0698
vn -0.9781 0.0000 0.2079
vn -0.9397 0.0000 0.3420
vn -0.8829 0.0000 0.4695
vn -0.8090 0.0000 0.5878
vn -0.7193 0.0000 0.6947
vn -0.6157 0.0000 0.7880
vn -0.5000 0.0000 0.8660
vn -0.3746 0.0000 0.9272
vn -0.2419 0.0000 0.9703
vn -0.1045 0.0000 0.9945
vn 0.0349 0.0000 0.9994
vn 0.1736 0.0000 0.9848
vn 0.3090 0.0000 0.9511
vn 0.4384 0.0000 0.8988
vn 0.5592 0.0000 0.8290
vn 0.6691 0.0000 0.7431
vn 0.7660 0.0000 0.6428
vn 0.8480 0.0000 0.5299
vn 0.9135 0.0000 0.4067
vn 0.9613 0.0000 0.2756
vn 0.9903 0.0000 0.1392
f 984//984 983//983 1028//1028
f 984//984 1028//1028 1029//1029
f 985//985 984//984 1029//1029
f 985//985 1029//1029 1030//1030
f 986//986 985//985 1030//1030
f 986//986 1030//1030 1031//1031
f 987//987 986//986 1031//1031
f 987//987 1031//1031 1032//1032
f 988//988 987//987 1032//1032
f 988//988 1032//1032 1033//1033
f 989//989 988//988 1033//1033
f 989//989 1033//1033 1034//1034
f 990//990 989//989 1034//1034
f 990//990 1034//1034 1035//1035
f 990//990 1035//1035 1036//1036
f 991//991 990//990 1036//1036
f 992//992 991//991 1036//1036
f 992//992 1036//1036 1037//1037
f 993//993 992//992 1037//1037
f 993//993 1037//1037 1038//1038
f 993//993 1038//1038 1039//1039
f 994//994 993//993 1039//1039
f 995//995 994//994 1039//1039
f 995//995 1039//1039 1040//1040
f 996//996 995//995 1040//1040
f 996//996 1040//1040 1041//1041
f 997//997 996//996 1041//1041
f 997//997 1041//1041 1042//1042
f 997//997 1042//1042 1043//1043
f 998//998 997//997 1043//1043
f 999//999 998//998 1043//1043
f 999//999 1043//1043 1044//1044
f 1000//1000 1044//1044 1045//1045
f 1000//1000 999//999 1044//1044
f 1001//1001 1000//1000 1045//1045
f 1001//1001 1045//1045 1046//1046
f 1001//1001 1046//1046 1047//1047
f 1002//1002 1047//1047 1048//1048
f 1002//1002 1001//1001 1047//1047
f 1003//1003 1048//1048 1049//1049
f 1003//1003 1002//1002 1048//1048
f 1004//1004 1003//1003 1049//1049
f 1005//1005 1049//1049 1050//1050
f 1005//1005 1050//1050 1051//1051
f 1005//1005 1004//1004 1049//1049
f 1006//1006 1005//1005 1051//1051
f 1007//1007 1051//1051 1052//1052
f 1007//1007 1006//1006 1051//1051
f 1008//1008 1052//1052 1053//1053
f 1008//1008 1007//1007 1052//1052
f 1009//1009 1053//1053 1054//1054
f 1009//1009 1008//1008 1053//1053
f 1010//1010 1009//1009 1054//1054
f 1010//1010 1054//1054 1055//1055
f 1011//1011 1010//1010 1055//1055
f 1011//1011 1055//1055 1056//1056
f 1012//1012 1011//1011 1056//1056
f 1012//1012 1056//1056 1057//1057
f 1013//1013 1012//1012 1057//1057
f 1013//1013 1057//1057 1058//1058
f 1014//1014 1013//1013 1058//1058
f 1014//1014 1058//1058 1059//1059
f 1014//1014 1059//1059 1060//1060
f 1015//1015 1014//1014 1060//1060
f 1016//1016 1015//1015 1060//1060
f 1016//1016 1060//1060 1061//1061
f 1017//1017 1016//1016 1061//1061
f 1017//1017 1061//1061 1062//1062
f 1017//1017 1062//1062 1063//1063
f 1018//1018 1017//1017 1063//1063
f 1019//1019 1018//1018 1063//1063
f 1019//1019 1063//1063 1064//1064
f 1019//1019 1064//1064 1065//1065
f 1020//1020 1019//1019 1065//1065
f 1020//1020 1065//1065 1066//1066
f 1021//1021 1020//1020 1066//1066
f 1022//1022 1021//1021 1066//1066
f 1022//1022 1066//1066 1067//1067
f 1023//1023 1022//1022 1067//1067
f 1023//1023 1067//1067 1068//1068
f 1024//1024 1023//1023 1068//1068
f 1024//1024 1068//1068 1069//1069
f 1024//1024 1069//1069 1070//1070
f 1025//1025 1024//1024 1070//1070
f 1025//1025 1070//1070 1071//1071
f 1026//1026 1025//1025 1071//1071
f 1027//1027 1026//1026 1071//1071
f 1027//1027 1071//1071 1072//1072
f 1027//1027 1072//1072 1028//1028
f 983//983 1027//1027 1028//1028
f 1013//1013 1011//1011 1012//1012
f 1009//1009 1010//1010 1011//1011
f 1015//1015 1013//1013 1014//1014
f 1015//1015 1011//1011 1013//1013
f 1006//1006 1007//1007 1008//1008
f 1006//1006 1008//1008 1009//1009
f 1006//1006 1009//1009 1011//1011
f 1017//1017 1015//1015 1016//1016
f 1004//1004 1005//1005 1006//1006
f 1004//1004 1017//1017 1018//1018
f 1004//1004 1015//1015 1017//1017
f 1004//1004 1011//1011 1015//1015
f 1004//1004 1006//1006 1011//1011
f 1019//1019 1004//1004 1018//1018
f 1021//1021 1019//1019 1020//1020
f 1001//1001 1002//1002 1003//1003
f 1001//1001 1003//1003 1004//1004
f 1001//1001 1004//1004 1019//1019
f 1001//1001 1019//1019 1021//1021
f 1023//1023 1021//1021 1022//1022
f 1024//1024 1021//1021 1023//1023
f 1025//1025 1021//1021 1024//1024
f 997//997 998//998 999//999
f 997//997 999//999 1000//1000
f 997//997 1000//1000 1001//1001
f 1027//1027 1025//1025 1026//1026
f 1027//1027 1021//1021 1025//1025
f 995//995 996//996 997//997
f 995//995 997//997 1001//1001
f 984//984 1027//1027 983//983
f 992//992 993//993 994//994
f 987//987 984//984 985//985
f 987//987 985//985 986//986
f 987//987 1027//1027 984//984
f 990//990 991//991 992//992
f 990//990 994//994 995//995
f 990//990 992//992 994//994
f 989//989 987//987 988//988
f 989//989 1021//1021 1027//1027
f 989//989 995//995 1001//1001
f 989//989 990//990 995//995
f 989//989 1027//1027 987//987
f 989//989 1001//1001 1021//1021
f 1058//1058 1057//1057 1056//1056
f 1054//1054 1056//1056 1055//1055
f 1060//1060 1059//1059 1058//1058
f 1060//1060 1058//1058 1056//1056
f 1051//1051 1053//1053 1052//1052
f 1051//1051 1054//1054 1053//1053
f 1051//1051 1056//1056 1054//1054
f 1062//1062 1061//1061 1060//1060
f 1049//1049 1051//1051 1050//1050
f 1049//1049 1063//1063 1062//1062
f 1049//1049 1062//1062 1060//1060
f 1049//1049 1060//1060 1056//1056
f 1049//1049 1056//1056 1051//1051
f 1064//1064 1063//1063 1049//1049
f 1066//1066 1065//1065 1064//1064
f 1046//1046 1048//1048 1047//1047
f 1046//1046 1049//1049 1048//1048
f 1046//1046 1064//1064 1049//1049
f 1046//1046 1066//1066 1064//1064
f 1068//1068 1067//1067 1066//1066
f 1069//1069 1068//1068 1066//1066
f 1070//1070 1069//1069 1066//1066
f 1042//1042 1044//1044 1043//1043
f 1042//1042 1045//1045 1044//1044
f 1042//1042 1046//1046 1045//1045
f 1072//1072 1071//1071 1070//1070
f 1072//1072 1070//1070 1066//1066
f 1040//1040 1042//1042 1041//1041
f 1040//1040 1046//1046 1042//1042
f 1029//1029 1028//1028 1072//1072
f 1037//1037 1039//1039 1038//1038
f 1032//1032 1030//1030 1029//1029
f 1032//1032 1031//1031 1030//1030
f 1032//1032 1029//1029 1072//1072
f 1035//1035 1037//1037 1036//1036
f 1035//1035 1040//1040 1039//1039
f 1035//1035 1039//1039 1037//1037
f 1034//1034 1033//1033 1032//1032
f 1034//1034 1072//1072 1066//1066
f 1034//1034 1046//1046 1040//1040
f 1034//1034 1040//1040 1035//1035
f 1034//1034 1032//1032 1072//1072
f 1034//1034 1066//1066 1046//1046
