trial,id,phase,drive_counts,request_s,completion_s,position_raw,speed_rad_s,voltage_v,temperature_c,current_raw,status,segment_index,torque_enabled
0,9,pulse,25,0.402476413,0.408669449,1947,0.000000000,12.300,48,39,0,0,true
0,9,pulse,25,0.414668118,0.420794666,1947,0.000000000,12.300,48,41,0,0,true
0,9,pulse,25,0.426505999,0.432492753,1947,0.000000000,12.300,48,42,0,0,true
0,9,pulse,25,0.438650488,0.444680288,1947,0.000000000,12.300,48,42,0,0,true
0,9,pulse,25,0.450557782,0.456563566,1947,0.000000000,12.200,48,43,0,0,true
0,9,pulse,25,0.463565624,0.468846450,1947,0.000000000,12.200,48,43,0,0,true
0,9,pulse,25,0.475285225,0.480796842,1947,0.000000000,12.200,48,43,0,0,true
0,9,pulse,25,0.486661800,0.492780990,1947,0.000000000,12.200,48,43,0,0,true
0,9,pulse,25,0.498519958,0.505123812,1947,0.000000000,12.200,48,43,0,0,true
0,9,pulse,25,0.510593836,0.516680509,1947,0.000000000,12.200,48,43,0,0,true
0,9,pulse,25,0.522690699,0.528675447,1947,0.000000000,12.200,48,43,0,0,true
0,9,pulse,25,0.534548730,0.540509392,1947,0.000000000,12.200,48,43,0,0,true
0,9,rest,0,0.552752524,0.558702706,1947,0.000000000,12.200,48,40,0,1,true
0,9,rest,0,0.564403385,0.570433418,1947,0.000000000,12.200,48,38,0,1,true
0,9,rest,0,0.576585498,0.582789860,1947,0.000000000,12.200,48,37,0,1,true
0,9,rest,0,0.588660060,0.594660824,1947,0.000000000,12.200,48,37,0,1,true
0,9,rest,0,0.600641919,0.606702202,1947,0.000000000,12.200,48,37,0,1,true
0,9,rest,0,0.612698344,0.618662584,1947,0.000000000,12.200,48,37,0,1,true
0,9,rest,0,0.624534397,0.630627334,1947,0.000000000,12.200,48,37,0,1,true
0,9,rest,0,0.636534956,0.642451068,1947,0.000000000,12.200,48,37,0,1,true
0,9,rest,0,0.648462657,0.654436215,1947,0.000000000,12.200,48,37,0,1,true
0,9,rest,0,0.660641855,0.666662753,1947,0.000000000,12.200,48,37,0,1,true
0,9,rest,0,0.672530654,0.678710762,1947,0.000000000,12.200,48,37,0,1,true
0,9,rest,0,0.684568411,0.690657284,1947,0.000000000,12.200,48,37,0,1,true
0,9,rest,0,0.696672296,0.702574131,1947,0.000000000,12.200,48,37,0,1,true
0,9,rest,0,0.708552876,0.714566769,1947,0.000000000,12.200,48,36,0,1,true
0,9,rest,0,0.720664038,0.726666379,1947,0.000000000,12.200,48,37,0,1,true
0,9,rest,0,0.732584099,0.738482004,1947,0.000000000,12.200,48,37,0,1,true
0,9,rest,0,0.744574532,0.750561546,1947,0.000000000,12.200,48,37,0,1,true
0,9,rest,0,0.756609952,0.762602659,1947,0.000000000,12.200,48,37,0,1,true
0,9,rest,0,0.768639503,0.774612471,1947,0.000000000,12.200,48,37,0,1,true
0,9,rest,0,0.780448468,0.786708236,1947,0.000000000,12.200,48,37,0,1,true
0,9,rest,0,0.792569704,0.798710461,1947,0.000000000,12.200,48,37,0,1,true
0,9,rest,0,0.804585733,0.810665051,1947,0.000000000,12.200,48,37,0,1,true
0,9,rest,0,0.816540208,0.822929346,1947,0.000000000,12.200,48,37,0,1,true
0,9,rest,0,0.828638290,0.834725109,1947,0.000000000,12.300,48,37,0,1,true
0,9,rest,0,0.840739140,0.846605118,1947,0.000000000,12.300,48,37,0,1,true
0,9,rest,0,0.852741049,0.858654754,1947,0.000000000,12.300,48,37,0,1,true
0,9,rest,0,0.864574108,0.870521134,1947,0.000000000,12.300,48,37,0,1,true
0,9,rest,0,0.876614068,0.882513774,1947,0.000000000,12.300,48,37,0,1,true
0,9,rest,0,0.888463678,0.894654216,1947,0.000000000,12.300,48,37,0,1,true
0,9,rest,0,0.900516033,0.906585260,1947,0.000000000,12.300,48,37,0,1,true
0,9,rest,0,0.912527320,0.918634171,1947,0.000000000,12.300,48,37,0,1,true
0,9,rest,0,0.924460172,0.930602465,1947,0.000000000,12.300,48,37,0,1,true
0,9,rest,0,0.936499980,0.942549418,1947,0.000000000,12.300,48,37,0,1,true
0,9,rest,0,0.948393359,0.954713949,1947,0.000000000,12.300,48,37,0,1,true
0,9,rest,0,0.960536431,0.966402418,1947,0.000000000,12.300,48,37,0,1,true
0,9,rest,0,0.972482324,0.978460020,1947,0.000000000,12.300,48,36,0,1,true
0,9,rest,0,0.984438680,0.990505954,1947,0.000000000,12.300,48,37,0,1,true
0,9,rest,0,0.996564990,1.002717909,1947,0.000000000,12.300,48,37,0,1,true
0,9,rest,0,1.008812739,1.014979183,1947,0.000000000,12.300,48,37,0,1,true
0,9,rest,0,1.020850526,1.026836153,1947,0.000000000,12.300,48,37,0,1,true
0,9,rest,0,1.032874913,1.038655085,1947,0.000000000,12.300,48,37,0,1,true
0,9,rest,0,1.044631217,1.050654983,1947,0.000000000,12.300,48,37,0,1,true
0,9,rest,0,1.056455419,1.062602738,1947,0.000000000,12.300,48,37,0,1,true
0,9,rest,0,1.068491868,1.074657308,1947,0.000000000,12.300,48,37,0,1,true
0,9,rest,0,1.080542098,1.086554812,1947,0.000000000,12.300,48,37,0,1,true
0,9,rest,0,1.092428245,1.098857186,1947,0.000000000,12.300,48,37,0,1,true
0,9,rest,0,1.105221274,1.110861690,1947,0.000000000,12.300,48,37,0,1,true
0,9,rest,0,1.116749413,1.122618629,1947,0.000000000,12.300,48,37,0,1,true
0,9,rest,0,1.128534864,1.134499050,1947,0.000000000,12.300,48,37,0,1,true
0,9,rest,0,1.140844144,1.146749862,1947,0.000000000,12.300,48,37,0,1,true
0,9,rest,0,1.152527384,1.158514049,1947,0.000000000,12.300,48,37,0,1,true
0,9,rest,0,1.164521418,1.170487741,1947,0.000000000,12.300,48,37,0,1,true
0,9,rest,0,1.176537273,1.182668211,1947,0.000000000,12.300,48,37,0,1,true
0,9,rest,0,1.188526907,1.194536768,1947,0.000000000,12.300,48,37,0,1,true
0,9,rest,0,1.200732425,1.206883077,1947,0.000000000,12.300,48,36,0,1,true
0,9,rest,0,1.213505971,1.219098485,1947,0.000000000,12.300,48,37,0,1,true
0,9,rest,0,1.224629793,1.230523431,1947,0.000000000,12.300,48,37,0,1,true
0,9,rest,0,1.236510998,1.242767449,1947,0.000000000,12.300,48,37,0,1,true
0,9,rest,0,1.248670763,1.254743142,1947,0.000000000,12.300,48,37,0,1,true
0,9,rest,0,1.260716276,1.266713878,1947,0.000000000,12.300,48,37,0,1,true
0,9,rest,0,1.272700835,1.278483036,1947,0.000000000,12.300,48,37,0,1,true
0,9,rest,0,1.284585477,1.290565924,1947,0.000000000,12.300,48,37,0,1,true
0,9,rest,0,1.296436026,1.302438664,1947,0.000000000,12.300,48,37,0,1,true
0,9,rest,0,1.308479042,1.314725375,1947,0.000000000,12.300,48,37,0,1,true
0,9,rest,0,1.320493638,1.326516562,1947,0.000000000,12.300,48,37,0,1,true
0,9,rest,0,1.332457593,1.338467065,1947,0.000000000,12.300,48,37,0,1,true
0,9,rest,0,1.344316577,1.350631936,1947,0.000000000,12.300,48,37,0,1,true
0,9,rest,0,1.356649250,1.362543226,1947,0.000000000,12.300,48,37,0,1,true
0,9,rest,0,1.368578090,1.374570333,1947,0.000000000,12.300,48,37,0,1,true
0,9,rest,0,1.380480259,1.386815632,1947,0.000000000,12.300,48,37,0,1,true
0,9,rest,0,1.392810196,1.398684472,1947,0.000000000,12.300,48,37,0,1,true
0,9,rest,0,1.404816845,1.410650365,1947,0.000000000,12.300,48,37,0,1,true
0,9,rest,0,1.416610718,1.422567438,1947,0.000000000,12.300,48,37,0,1,true
0,9,rest,0,1.428477489,1.434567872,1947,0.000000000,12.300,48,37,0,1,true
0,9,rest,0,1.440677692,1.446498912,1947,0.000000000,12.300,48,37,0,1,true
0,9,rest,0,1.452582026,1.459381627,1947,0.000000000,12.300,48,37,0,1,true
0,9,rest,0,1.465207907,1.470758982,1947,0.000000000,12.300,48,37,0,1,true
0,9,rest,0,1.476589725,1.482572152,1947,0.000000000,12.300,48,36,0,1,true
0,9,rest,0,1.488585553,1.494624688,1947,0.000000000,12.300,48,37,0,1,true
0,9,rest,0,1.500570085,1.506592753,1947,0.000000000,12.300,48,37,0,1,true
0,9,rest,0,1.512717252,1.518882515,1947,0.000000000,12.300,48,37,0,1,true
0,9,rest,0,1.524689410,1.530630081,1947,0.000000000,12.300,48,36,0,1,true
0,9,rest,0,1.536387424,1.542652331,1947,0.000000000,12.300,48,37,0,1,true
1,9,pulse,-25,1.632451038,1.638568979,1947,0.000000000,12.300,48,35,0,0,true
1,9,pulse,-25,1.644497878,1.650598738,1947,0.000000000,12.300,48,39,0,0,true
1,9,pulse,-25,1.656625448,1.662478434,1947,0.000000000,12.300,48,41,0,0,true
1,9,pulse,-25,1.668377642,1.674392354,1947,0.000000000,12.300,48,42,0,0,true
1,9,pulse,-25,1.680498414,1.686364271,1947,0.000000000,12.300,48,43,0,0,true
1,9,pulse,-25,1.692551637,1.698565909,1947,0.000000000,12.300,48,43,0,0,true
1,9,pulse,-25,1.704535624,1.710576671,1947,0.000000000,12.300,48,43,0,0,true
1,9,pulse,-25,1.716895569,1.722870364,1947,0.000000000,12.300,48,43,0,0,true
1,9,pulse,-25,1.728624457,1.734447462,1947,0.000000000,12.300,48,43,0,0,true
1,9,pulse,-25,1.740620375,1.746514102,1947,0.000000000,12.300,48,43,0,0,true
1,9,pulse,-25,1.752529966,1.758740567,1947,0.000000000,12.300,48,43,0,0,true
1,9,pulse,-25,1.764534327,1.770518359,1947,0.000000000,12.300,48,43,0,0,true
1,9,rest,0,1.788483766,1.794462029,1947,0.000000000,12.300,48,40,0,1,true
1,9,rest,0,1.800524689,1.806549364,1947,0.000000000,12.300,48,38,0,1,true
1,9,rest,0,1.812791820,1.818351176,1947,0.000000000,12.300,48,38,0,1,true
1,9,rest,0,1.824332649,1.830335211,1947,0.000000000,12.300,48,37,0,1,true
1,9,rest,0,1.836445075,1.842315923,1947,0.000000000,12.300,48,37,0,1,true
1,9,rest,0,1.848512472,1.854598997,1947,0.000000000,12.300,48,37,0,1,true
1,9,rest,0,1.860341178,1.866775708,1947,0.000000000,12.300,48,37,0,1,true
1,9,rest,0,1.872599766,1.878622955,1947,0.000000000,12.300,48,37,0,1,true
1,9,rest,0,1.884542816,1.890533325,1947,0.000000000,12.300,48,37,0,1,true
1,9,rest,0,1.896502246,1.902606872,1947,0.000000000,12.300,48,37,0,1,true
1,9,rest,0,1.908511825,1.914524682,1947,0.000000000,12.300,48,37,0,1,true
1,9,rest,0,1.920557861,1.926508291,1947,0.000000000,12.300,48,37,0,1,true
1,9,rest,0,1.932337686,1.938511554,1947,0.000000000,12.300,48,37,0,1,true
1,9,rest,0,1.944374778,1.950502356,1947,0.000000000,12.300,48,37,0,1,true
1,9,rest,0,1.956417655,1.962420553,1947,0.000000000,12.300,48,37,0,1,true
1,9,rest,0,1.968508772,1.974823127,1947,0.000000000,12.300,48,37,0,1,true
1,9,rest,0,1.980692674,1.986646706,1947,0.000000000,12.300,48,37,0,1,true
1,9,rest,0,1.992669569,1.998535522,1947,0.000000000,12.300,48,37,0,1,true
1,9,rest,0,2.004650651,2.010555071,1947,0.000000000,12.300,48,37,0,1,true
1,9,rest,0,2.016512812,2.022590816,1947,0.000000000,12.300,48,37,0,1,true
1,9,rest,0,2.028437196,2.034537696,1947,0.000000000,12.300,48,37,0,1,true
1,9,rest,0,2.040386926,2.046333917,1947,0.000000000,12.300,48,37,0,1,true
1,9,rest,0,2.052528496,2.058385026,1947,0.000000000,12.300,48,37,0,1,true
1,9,rest,0,2.064479132,2.070517121,1947,0.000000000,12.300,48,37,0,1,true
1,9,rest,0,2.076463645,2.082431196,1947,0.000000000,12.300,48,37,0,1,true
1,9,rest,0,2.088344966,2.094389667,1947,0.000000000,12.300,48,37,0,1,true
1,9,rest,0,2.100608676,2.106371944,1947,0.000000000,12.300,48,37,0,1,true
1,9,rest,0,2.112332735,2.118477694,1947,0.000000000,12.300,48,37,0,1,true
1,9,rest,0,2.124458539,2.130572551,1947,0.000000000,12.300,48,37,0,1,true
1,9,rest,0,2.136631451,2.142831549,1947,0.000000000,12.300,48,37,0,1,true
1,9,rest,0,2.148533606,2.154536188,1947,0.000000000,12.300,48,37,0,1,true
1,9,rest,0,2.160657565,2.166482888,1947,0.000000000,12.300,48,36,0,1,true
1,9,rest,0,2.172475525,2.178516282,1947,0.000000000,12.300,48,37,0,1,true
1,9,rest,0,2.184528270,2.190627669,1947,0.000000000,12.300,48,37,0,1,true
1,9,rest,0,2.196468106,2.202469572,1947,0.000000000,12.300,48,37,0,1,true
1,9,rest,0,2.208591405,2.214528169,1947,0.000000000,12.300,48,37,0,1,true
1,9,rest,0,2.220671215,2.226753665,1947,0.000000000,12.300,48,37,0,1,true
1,9,rest,0,2.232573015,2.238660357,1947,0.000000000,12.300,48,37,0,1,true
1,9,rest,0,2.244695545,2.250633044,1947,0.000000000,12.300,48,37,0,1,true
1,9,rest,0,2.256705018,2.262560466,1947,0.000000000,12.300,48,37,0,1,true
1,9,rest,0,2.268706190,2.274467094,1947,0.000000000,12.300,48,37,0,1,true
1,9,rest,0,2.280411317,2.286335029,1947,0.000000000,12.300,48,37,0,1,true
1,9,rest,0,2.292463606,2.298316754,1947,0.000000000,12.300,48,37,0,1,true
1,9,rest,0,2.304537163,2.310375044,1947,0.000000000,12.300,48,36,0,1,true
1,9,rest,0,2.316248404,2.322617299,1947,0.000000000,12.300,48,36,0,1,true
1,9,rest,0,2.328375796,2.334592969,1947,0.000000000,12.300,48,36,0,1,true
1,9,rest,0,2.340498248,2.346459060,1947,0.000000000,12.300,48,37,0,1,true
1,9,rest,0,2.352801895,2.359186676,1947,0.000000000,12.300,48,37,0,1,true
1,9,rest,0,2.364758760,2.371585252,1947,0.000000000,12.300,48,37,0,1,true
1,9,rest,0,2.376912041,2.382991665,1947,0.000000000,12.300,48,37,0,1,true
1,9,rest,0,2.388439328,2.394581345,1947,0.000000000,12.200,48,37,0,1,true
1,9,rest,0,2.400596125,2.406481213,1947,0.000000000,12.300,48,37,0,1,true
1,9,rest,0,2.412639350,2.418540562,1947,0.000000000,12.300,48,37,0,1,true
1,9,rest,0,2.424346020,2.430654573,1947,0.000000000,12.200,48,37,0,1,true
1,9,rest,0,2.436538649,2.442481986,1947,0.000000000,12.200,48,37,0,1,true
1,9,rest,0,2.448491700,2.454683695,1947,0.000000000,12.200,48,37,0,1,true
1,9,rest,0,2.460400485,2.466454126,1947,0.000000000,12.200,48,37,0,1,true
1,9,rest,0,2.472359277,2.478444780,1947,0.000000000,12.200,48,37,0,1,true
1,9,rest,0,2.484438584,2.490453466,1947,0.000000000,12.200,48,37,0,1,true
1,9,rest,0,2.496362632,2.502300121,1947,0.000000000,12.200,48,36,0,1,true
1,9,rest,0,2.508451204,2.514467989,1947,0.000000000,12.200,48,37,0,1,true
1,9,rest,0,2.520460537,2.526409247,1947,0.000000000,12.200,48,37,0,1,true
1,9,rest,0,2.532391060,2.538499583,1947,0.000000000,12.200,48,36,0,1,true
1,9,rest,0,2.544706375,2.550464328,1947,0.000000000,12.200,48,36,0,1,true
1,9,rest,0,2.556511179,2.562364919,1947,0.000000000,12.200,48,37,0,1,true
1,9,rest,0,2.568632424,2.575155970,1947,0.000000000,12.300,48,37,0,1,true
1,9,rest,0,2.580700075,2.587027770,1947,0.000000000,12.200,48,37,0,1,true
1,9,rest,0,2.593454539,2.598925745,1947,0.000000000,12.200,48,37,0,1,true
1,9,rest,0,2.604551947,2.610546598,1947,0.000000000,12.300,48,37,0,1,true
1,9,rest,0,2.616416195,2.622629530,1947,0.000000000,12.300,48,37,0,1,true
1,9,rest,0,2.628364010,2.634408029,1947,0.000000000,12.300,48,36,0,1,true
1,9,rest,0,2.640398279,2.646531362,1947,0.000000000,12.300,48,37,0,1,true
1,9,rest,0,2.652391812,2.658475385,1947,0.000000000,12.300,48,37,0,1,true
1,9,rest,0,2.664327669,2.670488573,1947,0.000000000,12.300,48,37,0,1,true
1,9,rest,0,2.676470374,2.682418373,1947,0.000000000,12.300,48,37,0,1,true
1,9,rest,0,2.688384860,2.694377264,1947,0.000000000,12.300,48,36,0,1,true
1,9,rest,0,2.700269649,2.706452362,1947,0.000000000,12.300,48,37,0,1,true
1,9,rest,0,2.712439059,2.718504204,1947,0.000000000,12.300,48,36,0,1,true
1,9,rest,0,2.724483510,2.730303710,1947,0.000000000,12.300,48,37,0,1,true
1,9,rest,0,2.736307724,2.742416987,1947,0.000000000,12.300,48,37,0,1,true
1,9,rest,0,2.748530347,2.754444579,1947,0.000000000,12.300,48,37,0,1,true
1,9,rest,0,2.760250657,2.766437750,1947,0.000000000,12.300,48,37,0,1,true
1,9,rest,0,2.772720448,2.778358960,1947,0.000000000,12.300,48,37,0,1,true
2,9,pulse,50,2.868229245,2.874458350,1947,0.000000000,12.300,48,40,0,0,true
2,9,pulse,50,2.880596104,2.886402298,1947,0.000000000,12.300,48,44,0,0,true
2,9,pulse,50,2.892412640,2.898808190,1947,0.000000000,12.300,48,46,0,0,true
2,9,pulse,50,2.904384339,2.910299369,1947,0.000000000,12.300,48,46,0,0,true
2,9,pulse,50,2.916209971,2.922377221,1947,0.000000000,12.300,48,46,0,0,true
2,9,pulse,50,2.928312180,2.934269707,1947,0.000000000,12.300,48,46,0,0,true
2,9,pulse,50,2.940499939,2.946302341,1947,0.000000000,12.200,48,46,0,0,true
2,9,pulse,50,2.952533164,2.958368910,1948,0.153398079,12.200,48,46,0,0,true
2,9,pulse,50,2.964290971,2.970555502,1949,0.076699039,12.200,48,46,0,0,true
2,9,pulse,50,2.976313684,2.982241214,1950,0.000000000,12.200,48,46,0,0,true
2,9,pulse,50,2.988317396,2.994487136,1951,0.076699039,12.200,48,46,0,0,true
2,9,pulse,50,3.000549791,3.006335354,1951,0.153398079,12.200,48,46,0,0,true
2,9,rest,0,3.018252489,3.024384479,1953,0.153398079,12.200,48,42,0,1,true
2,9,rest,0,3.030299398,3.036309144,1953,0.153398079,12.200,48,39,0,1,true
2,9,rest,0,3.042383890,3.048383105,1953,0.000000000,12.300,48,38,0,1,true
2,9,rest,0,3.054252752,3.060309220,1953,0.000000000,12.300,48,38,0,1,true
2,9,rest,0,3.066494334,3.072473404,1953,0.000000000,12.300,48,37,0,1,true
2,9,rest,0,3.079272669,3.084559241,1953,0.000000000,12.300,48,37,0,1,true
2,9,rest,0,3.090449212,3.096613173,1953,0.000000000,12.300,48,37,0,1,true
2,9,rest,0,3.102573661,3.108467196,1953,0.000000000,12.300,48,37,0,1,true
2,9,rest,0,3.114416732,3.120251249,1953,0.000000000,12.200,48,37,0,1,true
2,9,rest,0,3.126312445,3.132428966,1953,0.000000000,12.200,48,37,0,1,true
2,9,rest,0,3.138384948,3.144385542,1953,0.000000000,12.200,48,37,0,1,true
2,9,rest,0,3.150301796,3.156391808,1953,0.000000000,12.200,48,37,0,1,true
2,9,rest,0,3.162382533,3.168399575,1953,0.000000000,12.200,48,37,0,1,true
2,9,rest,0,3.174390480,3.181337455,1953,0.000000000,12.200,48,37,0,1,true
2,9,rest,0,3.188014841,3.192595606,1953,0.000000000,12.200,48,37,0,1,true
2,9,rest,0,3.198666298,3.204434458,1953,0.000000000,12.200,48,37,0,1,true
2,9,rest,0,3.210438134,3.216409598,1953,0.000000000,12.200,48,37,0,1,true
2,9,rest,0,3.222440459,3.228292637,1953,0.000000000,12.200,48,37,0,1,true
2,9,rest,0,3.234379547,3.240309624,1953,0.000000000,12.200,48,37,0,1,true
2,9,rest,0,3.246506681,3.252286496,1953,0.000000000,12.200,48,37,0,1,true
2,9,rest,0,3.258448475,3.264292900,1953,0.000000000,12.200,48,37,0,1,true
2,9,rest,0,3.270460428,3.276235026,1953,0.000000000,12.200,48,37,0,1,true
2,9,rest,0,3.282358818,3.288361128,1953,0.000000000,12.200,48,37,0,1,true
2,9,rest,0,3.294313310,3.300192565,1953,0.000000000,12.200,48,37,0,1,true
2,9,rest,0,3.306399635,3.312302732,1953,0.000000000,12.300,48,37,0,1,true
2,9,rest,0,3.318474215,3.324541348,1953,0.000000000,12.300,48,37,0,1,true
2,9,rest,0,3.330427836,3.336429139,1953,0.000000000,12.300,48,37,0,1,true
2,9,rest,0,3.342358618,3.348362361,1953,0.000000000,12.300,48,37,0,1,true
2,9,rest,0,3.354453819,3.360274273,1953,0.000000000,12.300,48,37,0,1,true
2,9,rest,0,3.366215417,3.372345143,1953,0.000000000,12.300,48,36,0,1,true
2,9,rest,0,3.378322443,3.384676733,1953,0.000000000,12.300,48,37,0,1,true
2,9,rest,0,3.390323948,3.396600394,1953,0.000000000,12.300,48,37,0,1,true
2,9,rest,0,3.402299257,3.408476838,1953,0.000000000,12.300,48,37,0,1,true
2,9,rest,0,3.414306731,3.420454921,1953,0.000000000,12.300,48,37,0,1,true
2,9,rest,0,3.426409126,3.432331653,1953,0.000000000,12.300,48,37,0,1,true
2,9,rest,0,3.438135855,3.444355033,1953,0.000000000,12.300,48,37,0,1,true
2,9,rest,0,3.450188878,3.456447433,1953,0.000000000,12.300,48,37,0,1,true
2,9,rest,0,3.462420188,3.468412177,1953,0.000000000,12.300,48,37,0,1,true
2,9,rest,0,3.474324674,3.480486692,1953,0.000000000,12.300,48,37,0,1,true
2,9,rest,0,3.486414423,3.492300228,1953,0.000000000,12.300,48,36,0,1,true
2,9,rest,0,3.498155939,3.504407640,1953,0.000000000,12.300,48,36,0,1,true
2,9,rest,0,3.510157448,3.516258065,1953,0.000000000,12.300,48,37,0,1,true
2,9,rest,0,3.522375441,3.528335195,1953,0.000000000,12.300,48,37,0,1,true
2,9,rest,0,3.534370820,3.540270738,1953,0.000000000,12.300,48,37,0,1,true
2,9,rest,0,3.546177282,3.552358219,1953,0.000000000,12.300,48,37,0,1,true
2,9,rest,0,3.558578422,3.564446815,1953,0.000000000,12.300,48,37,0,1,true
2,9,rest,0,3.570385933,3.576335550,1953,0.000000000,12.300,48,37,0,1,true
2,9,rest,0,3.582180328,3.588177770,1953,0.000000000,12.300,48,37,0,1,true
2,9,rest,0,3.594287919,3.600754187,1953,0.000000000,12.300,48,37,0,1,true
2,9,rest,0,3.606339800,3.612246929,1953,0.000000000,12.300,48,37,0,1,true
2,9,rest,0,3.618315312,3.624551862,1953,0.000000000,12.300,48,37,0,1,true
2,9,rest,0,3.630291484,3.636169147,1953,0.000000000,12.300,48,37,0,1,true
2,9,rest,0,3.642354186,3.648177015,1953,0.000000000,12.300,48,37,0,1,true
2,9,rest,0,3.654170497,3.660349037,1953,0.000000000,12.300,48,37,0,1,true
2,9,rest,0,3.666365785,3.672348664,1953,0.000000000,12.300,48,37,0,1,true
2,9,rest,0,3.678484728,3.684388502,1953,0.000000000,12.300,48,37,0,1,true
2,9,rest,0,3.690497797,3.696256200,1953,0.000000000,12.300,48,37,0,1,true
2,9,rest,0,3.702431958,3.708346185,1953,0.000000000,12.300,48,37,0,1,true
2,9,rest,0,3.714104672,3.720370847,1953,0.000000000,12.300,48,37,0,1,true
2,9,rest,0,3.726376672,3.732396568,1953,0.000000000,12.300,48,37,0,1,true
2,9,rest,0,3.738217702,3.744326250,1953,0.000000000,12.300,48,37,0,1,true
2,9,rest,0,3.750310175,3.756216142,1953,0.000000000,12.300,48,37,0,1,true
2,9,rest,0,3.762130182,3.768329554,1953,0.000000000,12.300,48,37,0,1,true
2,9,rest,0,3.774473670,3.780413047,1953,0.000000000,12.300,48,37,0,1,true
2,9,rest,0,3.786460495,3.792515986,1953,0.000000000,12.300,49,36,0,1,true
2,9,rest,0,3.798350432,3.804472583,1953,0.000000000,12.300,48,37,0,1,true
2,9,rest,0,3.810452772,3.816379995,1953,0.000000000,12.300,48,37,0,1,true
2,9,rest,0,3.822362741,3.828127805,1953,0.000000000,12.300,48,37,0,1,true
2,9,rest,0,3.834140786,3.840184934,1953,0.000000000,12.300,48,37,0,1,true
2,9,rest,0,3.846302733,3.852351837,1953,0.000000000,12.300,48,37,0,1,true
2,9,rest,0,3.858315120,3.864262792,1953,0.000000000,12.300,48,37,0,1,true
2,9,rest,0,3.870363088,3.876327670,1953,0.000000000,12.300,48,37,0,1,true
2,9,rest,0,3.882105806,3.888295589,1953,0.000000000,12.300,48,37,0,1,true
2,9,rest,0,3.894292873,3.900288370,1953,0.000000000,12.300,48,37,0,1,true
2,9,rest,0,3.906237459,3.912168324,1953,0.000000000,12.300,48,37,0,1,true
2,9,rest,0,3.918324529,3.924326842,1953,0.000000000,12.300,48,37,0,1,true
2,9,rest,0,3.930321483,3.936284572,1953,0.000000000,12.300,48,37,0,1,true
2,9,rest,0,3.942231617,3.948391766,1953,0.000000000,12.300,48,36,0,1,true
2,9,rest,0,3.954333612,3.960089149,1953,0.000000000,12.300,48,37,0,1,true
2,9,rest,0,3.966266456,3.972408298,1953,0.000000000,12.300,48,37,0,1,true
2,9,rest,0,3.978369514,3.984451747,1953,0.000000000,12.300,48,37,0,1,true
2,9,rest,0,3.990288768,3.996379976,1953,0.000000000,12.300,48,37,0,1,true
2,9,rest,0,4.002372158,4.008328246,1953,0.000000000,12.300,48,37,0,1,true
3,9,pulse,-50,4.098930484,4.104989867,1953,0.000000000,12.300,48,41,0,0,true
3,9,pulse,-50,4.110856041,4.116638379,1953,0.000000000,12.300,48,44,0,0,true
3,9,pulse,-50,4.122320629,4.128475328,1953,0.000000000,12.300,49,45,0,0,true
3,9,pulse,-50,4.134495138,4.140316161,1953,0.000000000,12.200,49,46,0,0,true
3,9,pulse,-50,4.146317023,4.152161581,1953,0.000000000,12.200,48,46,0,0,true
3,9,pulse,-50,4.158127710,4.164165345,1952,0.000000000,12.200,48,45,0,0,true
3,9,pulse,-50,4.170304553,4.176321500,1951,-0.076699039,12.300,48,46,0,0,true
3,9,pulse,-50,4.182256132,4.188214113,1950,-0.076699039,12.200,49,46,0,0,true
3,9,pulse,-50,4.194160040,4.200393639,1949,-0.153398079,12.200,48,46,0,0,true
3,9,pulse,-50,4.206162067,4.212330856,1949,-0.153398079,12.200,48,46,0,0,true
3,9,pulse,-50,4.218258835,4.224289737,1948,-0.076699039,12.200,48,46,0,0,true
3,9,pulse,-50,4.230278796,4.236135998,1947,-0.076699039,12.200,49,46,0,0,true
3,9,rest,0,4.254355142,4.260120410,1945,-0.153398079,12.200,48,42,0,1,true
3,9,rest,0,4.266253790,4.272296625,1945,-0.153398079,12.300,49,39,0,1,true
3,9,rest,0,4.278107653,4.284377638,1945,0.000000000,12.300,48,38,0,1,true
3,9,rest,0,4.290408871,4.296402675,1945,0.000000000,12.300,48,38,0,1,true
3,9,rest,0,4.302317991,4.308229426,1945,0.000000000,12.300,48,37,0,1,true
3,9,rest,0,4.314326173,4.320161447,1945,0.000000000,12.300,48,37,0,1,true
3,9,rest,0,4.326273588,4.332280509,1945,0.000000000,12.300,48,37,0,1,true
3,9,rest,0,4.338184202,4.344212402,1945,0.000000000,12.300,48,37,0,1,true
3,9,rest,0,4.350308980,4.356249918,1945,0.000000000,12.300,49,37,0,1,true
3,9,rest,0,4.362128536,4.368293614,1945,0.000000000,12.300,49,37,0,1,true
3,9,rest,0,4.374109934,4.380250815,1945,0.000000000,12.300,49,37,0,1,true
3,9,rest,0,4.386318091,4.392244086,1945,0.000000000,12.300,48,37,0,1,true
3,9,rest,0,4.398368047,4.404281549,1945,0.000000000,12.300,48,37,0,1,true
3,9,rest,0,4.410332013,4.416251461,1945,0.000000000,12.300,48,37,0,1,true
3,9,rest,0,4.422233941,4.428383838,1945,0.000000000,12.300,48,37,0,1,true
3,9,rest,0,4.434110075,4.440386996,1945,0.000000000,12.300,48,37,0,1,true
3,9,rest,0,4.446031510,4.452295287,1945,0.000000000,12.300,49,37,0,1,true
3,9,rest,0,4.458284634,4.464264362,1945,0.000000000,12.300,49,37,0,1,true
3,9,rest,0,4.470173667,4.476265911,1945,0.000000000,12.300,49,37,0,1,true
3,9,rest,0,4.482399139,4.488338155,1945,0.000000000,12.300,49,37,0,1,true
3,9,rest,0,4.494344800,4.500155668,1945,0.000000000,12.300,49,37,0,1,true
3,9,rest,0,4.506398190,4.512243928,1945,0.000000000,12.300,48,37,0,1,true
3,9,rest,0,4.518360120,4.524473999,1945,0.000000000,12.300,49,37,0,1,true
3,9,rest,0,4.530228645,4.536246889,1945,0.000000000,12.300,49,37,0,1,true
3,9,rest,0,4.542183773,4.548268470,1945,0.000000000,12.300,49,37,0,1,true
3,9,rest,0,4.554031220,4.560363545,1945,0.000000000,12.300,48,37,0,1,true
3,9,rest,0,4.566334982,4.572205538,1945,0.000000000,12.300,49,37,0,1,true
3,9,rest,0,4.578332228,4.584269405,1945,0.000000000,12.300,49,37,0,1,true
3,9,rest,0,4.590204960,4.596141066,1945,0.000000000,12.300,49,37,0,1,true
3,9,rest,0,4.602319544,4.608352360,1945,0.000000000,12.300,49,37,0,1,true
3,9,rest,0,4.614132539,4.620043455,1945,0.000000000,12.300,49,37,0,1,true
3,9,rest,0,4.626190555,4.632325911,1945,0.000000000,12.300,48,37,0,1,true
3,9,rest,0,4.637997810,4.644304432,1945,0.000000000,12.300,49,37,0,1,true
3,9,rest,0,4.650244535,4.656267544,1945,0.000000000,12.300,49,37,0,1,true
3,9,rest,0,4.662072531,4.668207220,1945,0.000000000,12.300,48,37,0,1,true
3,9,rest,0,4.674054967,4.680279146,1945,0.000000000,12.300,48,37,0,1,true
3,9,rest,0,4.686192966,4.692181061,1945,0.000000000,12.300,49,37,0,1,true
3,9,rest,0,4.698323786,4.704144477,1945,0.000000000,12.300,49,37,0,1,true
3,9,rest,0,4.710118011,4.716121032,1945,0.000000000,12.300,48,37,0,1,true
3,9,rest,0,4.722012234,4.728132392,1945,0.000000000,12.300,49,37,0,1,true
3,9,rest,0,4.734185031,4.740190549,1945,0.000000000,12.300,49,37,0,1,true
3,9,rest,0,4.746267840,4.752212686,1945,0.000000000,12.300,49,37,0,1,true
3,9,rest,0,4.758172406,4.764204390,1945,0.000000000,12.300,49,37,0,1,true
3,9,rest,0,4.770196942,4.776266495,1945,0.000000000,12.300,48,37,0,1,true
3,9,rest,0,4.782014137,4.788213705,1945,0.000000000,12.300,49,37,0,1,true
3,9,rest,0,4.794250372,4.800353402,1945,0.000000000,12.300,49,37,0,1,true
3,9,rest,0,4.806198139,4.812347418,1945,0.000000000,12.300,49,37,0,1,true
3,9,rest,0,4.818474309,4.824466132,1945,0.000000000,12.300,49,37,0,1,true
3,9,rest,0,4.830323524,4.836285669,1945,0.000000000,12.300,49,37,0,1,true
3,9,rest,0,4.842154072,4.848279210,1945,0.000000000,12.300,49,37,0,1,true
3,9,rest,0,4.854194250,4.860190469,1945,0.000000000,12.300,49,37,0,1,true
3,9,rest,0,4.866268866,4.872259481,1945,0.000000000,12.300,49,37,0,1,true
3,9,rest,0,4.878141183,4.884080598,1945,0.000000000,12.300,49,37,0,1,true
3,9,rest,0,4.890197689,4.896111309,1945,0.000000000,12.300,49,37,0,1,true
3,9,rest,0,4.901987078,4.908400117,1945,0.000000000,12.200,49,37,0,1,true
3,9,rest,0,4.914569044,4.920382391,1945,0.000000000,12.200,49,37,0,1,true
3,9,rest,0,4.926100853,4.932094981,1945,0.000000000,12.200,49,37,0,1,true
3,9,rest,0,4.937983042,4.944458370,1945,0.000000000,12.300,49,37,0,1,true
3,9,rest,0,4.950103419,4.956076514,1945,0.000000000,12.300,49,37,0,1,true
3,9,rest,0,4.962227219,4.968207724,1945,0.000000000,12.300,49,37,0,1,true
3,9,rest,0,4.974302666,4.980200498,1945,0.000000000,12.200,49,37,0,1,true
3,9,rest,0,4.986185527,4.992239448,1945,0.000000000,12.200,49,37,0,1,true
3,9,rest,0,4.998096724,5.004290038,1945,0.000000000,12.200,49,37,0,1,true
3,9,rest,0,5.010161345,5.016151423,1945,0.000000000,12.300,49,37,0,1,true
3,9,rest,0,5.022126103,5.028061070,1945,0.000000000,12.300,49,37,0,1,true
3,9,rest,0,5.034019056,5.040223529,1945,0.000000000,12.200,49,37,0,1,true
3,9,rest,0,5.046208864,5.052163673,1945,0.000000000,12.200,49,37,0,1,true
3,9,rest,0,5.058029637,5.064083448,1945,0.000000000,12.300,49,37,0,1,true
3,9,rest,0,5.070227598,5.076791398,1945,0.000000000,12.200,49,37,0,1,true
3,9,rest,0,5.082048107,5.088112458,1945,0.000000000,12.300,49,37,0,1,true
3,9,rest,0,5.094197746,5.100162679,1945,0.000000000,12.300,49,37,0,1,true
3,9,rest,0,5.106099199,5.112215925,1945,0.000000000,12.300,49,37,0,1,true
3,9,rest,0,5.118163880,5.124310434,1945,0.000000000,12.300,49,37,0,1,true
3,9,rest,0,5.130149130,5.136113023,1945,0.000000000,12.200,49,36,0,1,true
3,9,rest,0,5.142145858,5.148243137,1945,0.000000000,12.200,49,36,0,1,true
3,9,rest,0,5.154165494,5.160002898,1945,0.000000000,12.200,49,37,0,1,true
3,9,rest,0,5.166053621,5.172227042,1945,0.000000000,12.300,49,36,0,1,true
3,9,rest,0,5.178177042,5.184163302,1945,0.000000000,12.300,49,37,0,1,true
3,9,rest,0,5.190066759,5.196317430,1945,0.000000000,12.300,49,37,0,1,true
3,9,rest,0,5.202139784,5.208076467,1945,0.000000000,12.300,49,37,0,1,true
3,9,rest,0,5.214027078,5.220171998,1945,0.000000000,12.300,49,37,0,1,true
3,9,rest,0,5.226048484,5.232146180,1945,0.000000000,12.300,49,37,0,1,true
3,9,rest,0,5.237982938,5.244191334,1945,0.000000000,12.300,49,37,0,1,true
4,9,pulse,100,5.334221054,5.340043018,1945,0.000000000,12.300,49,48,0,0,true
4,9,pulse,100,5.345955948,5.352254347,1945,0.000000000,12.300,49,53,0,0,true
4,9,pulse,100,5.358155724,5.364025862,1945,0.000000000,12.300,49,53,0,0,true
4,9,pulse,100,5.369979448,5.376149476,1946,0.000000000,12.200,49,52,0,0,true
4,9,pulse,100,5.382371853,5.388463073,1948,0.230097118,12.200,49,52,0,0,true
4,9,pulse,100,5.394335165,5.400367639,1951,0.306796158,12.200,49,52,0,0,true
4,9,pulse,100,5.406007563,5.412269758,1953,0.306796158,12.200,49,52,0,0,true
4,9,pulse,100,5.418182527,5.424008448,1955,0.306796158,12.200,49,50,0,0,true
4,9,pulse,100,5.430224702,5.436062652,1958,0.306796158,12.200,49,51,0,0,true
4,9,pulse,100,5.442317848,5.448184583,1960,0.306796158,12.200,49,51,0,0,true
4,9,pulse,100,5.454297503,5.460007969,1963,0.306796158,12.200,49,51,0,0,true
4,9,pulse,100,5.466168169,5.472136673,1965,0.383495197,12.200,49,52,0,0,true
4,9,rest,0,5.484083368,5.490251002,1969,0.306796158,12.200,49,44,0,1,true
4,9,rest,0,5.496249888,5.502003356,1970,0.230097118,12.200,49,41,0,1,true
4,9,rest,0,5.508125115,5.514057509,1970,0.000000000,12.200,49,39,0,1,true
4,9,rest,0,5.520155047,5.526156590,1970,0.000000000,12.200,49,38,0,1,true
4,9,rest,0,5.532188692,5.537970646,1970,0.000000000,12.200,49,37,0,1,true
4,9,rest,0,5.544163548,5.550076413,1970,0.000000000,12.300,49,37,0,1,true
4,9,rest,0,5.556068802,5.562152920,1970,0.000000000,12.300,49,37,0,1,true
4,9,rest,0,5.567954468,5.574002043,1970,0.000000000,12.300,49,37,0,1,true
4,9,rest,0,5.579963987,5.586053896,1970,0.000000000,12.300,49,37,0,1,true
4,9,rest,0,5.591976807,5.598002688,1970,0.000000000,12.300,49,37,0,1,true
4,9,rest,0,5.604269098,5.610182035,1970,0.000000000,12.300,49,37,0,1,true
4,9,rest,0,5.616157571,5.622043601,1970,0.000000000,12.300,49,36,0,1,true
4,9,rest,0,5.628108613,5.634036552,1970,0.000000000,12.300,49,37,0,1,true
4,9,rest,0,5.640237205,5.646215238,1970,0.000000000,12.300,49,37,0,1,true
4,9,rest,0,5.652147278,5.658119770,1970,0.000000000,12.300,49,37,0,1,true
4,9,rest,0,5.664022680,5.670247456,1970,0.000000000,12.300,49,37,0,1,true
4,9,rest,0,5.676212359,5.682016833,1970,0.000000000,12.300,49,36,0,1,true
4,9,rest,0,5.688179853,5.694147025,1970,0.000000000,12.300,49,37,0,1,true
4,9,rest,0,5.700037757,5.706075961,1970,0.000000000,12.300,49,37,0,1,true
4,9,rest,0,5.711984100,5.718079419,1970,0.000000000,12.300,49,37,0,1,true
4,9,rest,0,5.724153601,5.730120823,1970,0.000000000,12.300,49,37,0,1,true
4,9,rest,0,5.736163280,5.742128140,1970,0.000000000,12.300,49,37,0,1,true
4,9,rest,0,5.748114571,5.754156789,1970,0.000000000,12.300,49,37,0,1,true
4,9,rest,0,5.760067569,5.766295718,1970,0.000000000,12.300,49,36,0,1,true
4,9,rest,0,5.772294406,5.778546073,1970,0.000000000,12.300,49,37,0,1,true
4,9,rest,0,5.784093344,5.790300541,1970,0.000000000,12.300,49,37,0,1,true
4,9,rest,0,5.796052002,5.802193905,1970,0.000000000,12.300,49,37,0,1,true
4,9,rest,0,5.808074829,5.814168620,1970,0.000000000,12.300,49,37,0,1,true
4,9,rest,0,5.820169479,5.826242956,1970,0.000000000,12.300,49,37,0,1,true
4,9,rest,0,5.832130759,5.838047218,1970,0.000000000,12.300,49,37,0,1,true
4,9,rest,0,5.844037947,5.850196400,1970,0.000000000,12.200,49,37,0,1,true
4,9,rest,0,5.856134280,5.862098588,1970,0.000000000,12.200,49,37,0,1,true
4,9,rest,0,5.867906619,5.874119486,1970,0.000000000,12.200,49,37,0,1,true
4,9,rest,0,5.879963801,5.886121580,1970,0.000000000,12.200,49,37,0,1,true
4,9,rest,0,5.892289470,5.898250673,1970,0.000000000,12.200,49,36,0,1,true
4,9,rest,0,5.904121347,5.909998537,1970,0.000000000,12.200,49,37,0,1,true
4,9,rest,0,5.915978147,5.922106062,1970,0.000000000,12.200,49,37,0,1,true
4,9,rest,0,5.928119542,5.933974318,1970,0.000000000,12.200,49,37,0,1,true
4,9,rest,0,5.939993863,5.946072067,1970,0.000000000,12.200,49,37,0,1,true
4,9,rest,0,5.952017399,5.958035317,1970,0.000000000,12.200,49,37,0,1,true
4,9,rest,0,5.963971249,5.969969539,1970,0.000000000,12.200,49,37,0,1,true
4,9,rest,0,5.976212630,5.982111159,1970,0.000000000,12.200,49,37,0,1,true
4,9,rest,0,5.988220331,5.994461322,1970,0.000000000,12.300,49,37,0,1,true
4,9,rest,0,5.999981618,6.006142738,1970,0.000000000,12.300,49,37,0,1,true
4,9,rest,0,6.012128250,6.018192022,1970,0.000000000,12.300,49,37,0,1,true
4,9,rest,0,6.024197027,6.030114052,1970,0.000000000,12.300,49,36,0,1,true
4,9,rest,0,6.035911232,6.042184672,1970,0.000000000,12.300,49,37,0,1,true
4,9,rest,0,6.048018424,6.054007631,1970,0.000000000,12.300,49,37,0,1,true
4,9,rest,0,6.059975796,6.066000392,1970,0.000000000,12.300,49,36,0,1,true
4,9,rest,0,6.072083756,6.078027597,1970,0.000000000,12.300,49,36,0,1,true
4,9,rest,0,6.084046891,6.089989735,1970,0.000000000,12.300,49,36,0,1,true
4,9,rest,0,6.096184167,6.102071328,1970,0.000000000,12.300,49,37,0,1,true
4,9,rest,0,6.108036859,6.114128780,1970,0.000000000,12.300,49,37,0,1,true
4,9,rest,0,6.120099631,6.126105759,1970,0.000000000,12.300,49,37,0,1,true
4,9,rest,0,6.132081178,6.137968473,1970,0.000000000,12.300,49,37,0,1,true
4,9,rest,0,6.144179734,6.150983580,1970,0.000000000,12.300,49,37,0,1,true
4,9,rest,0,6.155975588,6.162172753,1970,0.000000000,12.300,49,37,0,1,true
4,9,rest,0,6.168104601,6.174062721,1970,0.000000000,12.300,49,37,0,1,true
4,9,rest,0,6.180024307,6.186202033,1970,0.000000000,12.300,49,37,0,1,true
4,9,rest,0,6.192274501,6.198126836,1970,0.000000000,12.300,49,37,0,1,true
4,9,rest,0,6.204105978,6.210083575,1970,0.000000000,12.300,49,37,0,1,true
4,9,rest,0,6.215930848,6.221925724,1970,0.000000000,12.300,49,37,0,1,true
4,9,rest,0,6.227943667,6.233966291,1970,0.000000000,12.300,49,37,0,1,true
4,9,rest,0,6.240080442,6.245880699,1970,0.000000000,12.300,49,37,0,1,true
4,9,rest,0,6.252146601,6.258264072,1970,0.000000000,12.300,49,37,0,1,true
4,9,rest,0,6.263993872,6.270039169,1970,0.000000000,12.300,49,37,0,1,true
4,9,rest,0,6.276054259,6.282077871,1970,0.000000000,12.300,49,37,0,1,true
4,9,rest,0,6.288135675,6.294103049,1970,0.000000000,12.300,49,37,0,1,true
4,9,rest,0,6.300014244,6.305921417,1970,0.000000000,12.300,49,37,0,1,true
4,9,rest,0,6.311990082,6.317893687,1970,0.000000000,12.300,49,37,0,1,true
4,9,rest,0,6.323997088,6.329916655,1970,0.000000000,12.300,49,37,0,1,true
4,9,rest,0,6.336077324,6.342185237,1970,0.000000000,12.300,49,37,0,1,true
4,9,rest,0,6.348245037,6.354866876,1970,0.000000000,12.300,49,37,0,1,true
4,9,rest,0,6.360747634,6.366383091,1970,0.000000000,12.300,49,37,0,1,true
4,9,rest,0,6.372209758,6.378310318,1970,0.000000000,12.300,49,37,0,1,true
4,9,rest,0,6.384523070,6.390304561,1970,0.000000000,12.300,49,37,0,1,true
4,9,rest,0,6.396368896,6.402196961,1970,0.000000000,12.300,49,37,0,1,true
4,9,rest,0,6.408074818,6.414027483,1970,0.000000000,12.300,49,37,0,1,true
4,9,rest,0,6.419883504,6.425882938,1970,0.000000000,12.300,49,38,0,1,true
4,9,rest,0,6.432088193,6.438107280,1970,0.000000000,12.300,49,37,0,1,true
4,9,rest,0,6.444020718,6.450025656,1970,0.000000000,12.300,49,37,0,1,true
4,9,rest,0,6.455938651,6.461940326,1970,0.000000000,12.300,49,37,0,1,true
4,9,rest,0,6.468040337,6.473961856,1970,0.000000000,12.300,49,37,0,1,true
5,9,pulse,-100,6.564133871,6.569993914,1970,0.000000000,12.300,49,45,0,0,true
5,9,pulse,-100,6.576061948,6.582209741,1970,0.000000000,12.300,49,51,0,0,true
5,9,pulse,-100,6.587948033,6.594203842,1969,0.000000000,12.200,49,54,0,0,true
5,9,pulse,-100,6.600133119,6.605949106,1967,-0.306796158,12.200,49,54,0,0,true
5,9,pulse,-100,6.612026230,6.618036809,1965,-0.306796158,12.200,49,53,0,0,true
5,9,pulse,-100,6.624797696,6.630061711,1962,-0.306796158,12.200,49,52,0,0,true
5,9,pulse,-100,6.635947022,6.642148601,1960,-0.306796158,12.200,49,52,0,0,true
5,9,pulse,-100,6.648021956,6.654180464,1957,-0.306796158,12.200,49,52,0,0,true
5,9,pulse,-100,6.660066525,6.665942601,1955,-0.306796158,12.200,49,51,0,0,true
5,9,pulse,-100,6.672143703,6.678162620,1952,-0.306796158,12.200,49,51,0,0,true
5,9,pulse,-100,6.683924250,6.689947308,1949,-0.383495197,12.200,49,52,0,0,true
5,9,pulse,-100,6.696118345,6.702143027,1946,-0.383495197,12.200,49,53,0,0,true
5,9,rest,0,6.714217360,6.719930826,1943,-0.306796158,12.200,49,45,0,1,true
5,9,rest,0,6.726044575,6.732081142,1941,-0.306796158,12.200,49,41,0,1,true
5,9,rest,0,6.738107098,6.743947860,1941,-0.153398079,12.200,49,39,0,1,true
5,9,rest,0,6.749988527,6.755978843,1941,0.000000000,12.200,49,38,0,1,true
5,9,rest,0,6.761865286,6.768005620,1941,0.000000000,12.200,49,37,0,1,true
5,9,rest,0,6.773936019,6.779930615,1941,0.000000000,12.200,49,37,0,1,true
5,9,rest,0,6.786056742,6.791892827,1941,0.000000000,12.300,49,37,0,1,true
5,9,rest,0,6.798026065,6.804095358,1941,0.000000000,12.200,49,37,0,1,true
5,9,rest,0,6.810141897,6.816081999,1941,0.000000000,12.300,49,37,0,1,true
5,9,rest,0,6.821978264,6.827959813,1941,0.000000000,12.300,49,37,0,1,true
5,9,rest,0,6.834071764,6.840033968,1941,0.000000000,12.300,49,37,0,1,true
5,9,rest,0,6.846039140,6.852020318,1941,0.000000000,12.300,49,37,0,1,true
5,9,rest,0,6.858063899,6.863943862,1941,0.000000000,12.300,49,37,0,1,true
5,9,rest,0,6.869926739,6.876040720,1941,0.000000000,12.300,49,37,0,1,true
5,9,rest,0,6.882044495,6.887934670,1941,0.000000000,12.300,49,37,0,1,true
5,9,rest,0,6.894022747,6.899887392,1941,0.000000000,12.300,49,37,0,1,true
5,9,rest,0,6.905988796,6.912010484,1941,0.000000000,12.300,49,37,0,1,true
5,9,rest,0,6.917922628,6.924059775,1941,0.000000000,12.300,49,37,0,1,true
5,9,rest,0,6.929974863,6.936059550,1941,0.000000000,12.300,49,37,0,1,true
5,9,rest,0,6.941992480,6.948082475,1941,0.000000000,12.300,49,37,0,1,true
5,9,rest,0,6.953959206,6.959997526,1941,0.000000000,12.300,49,37,0,1,true
5,9,rest,0,6.965840217,6.972078010,1941,0.000000000,12.300,49,37,0,1,true
5,9,rest,0,6.977861397,6.984042046,1941,0.000000000,12.300,49,37,0,1,true
5,9,rest,0,6.990062020,6.996170932,1941,0.000000000,12.300,49,37,0,1,true
5,9,rest,0,7.001958855,7.007968132,1941,0.000000000,12.300,49,37,0,1,true
5,9,rest,0,7.013813425,7.020154426,1941,0.000000000,12.300,49,37,0,1,true
5,9,rest,0,7.026100581,7.032041315,1941,0.000000000,12.300,49,37,0,1,true
5,9,rest,0,7.038031291,7.044064592,1941,0.000000000,12.300,49,37,0,1,true
5,9,rest,0,7.049960003,7.055939220,1941,0.000000000,12.300,49,37,0,1,true
5,9,rest,0,7.061799780,7.068089654,1941,0.000000000,12.300,49,37,0,1,true
5,9,rest,0,7.074013967,7.080205988,1941,0.000000000,12.300,49,37,0,1,true
5,9,rest,0,7.086176567,7.092166903,1941,0.000000000,12.300,49,37,0,1,true
5,9,rest,0,7.098317848,7.104193230,1941,0.000000000,12.300,49,37,0,1,true
5,9,rest,0,7.110086270,7.115937752,1941,0.000000000,12.300,49,37,0,1,true
5,9,rest,0,7.121826797,7.128014757,1941,0.000000000,12.300,49,37,0,1,true
5,9,rest,0,7.133985034,7.140005803,1941,0.000000000,12.300,49,37,0,1,true
5,9,rest,0,7.145916930,7.152064906,1941,0.000000000,12.300,49,37,0,1,true
5,9,rest,0,7.157989492,7.163952860,1941,0.000000000,12.300,49,37,0,1,true
5,9,rest,0,7.169941040,7.176069880,1941,0.000000000,12.300,49,36,0,1,true
5,9,rest,0,7.181868910,7.188132669,1941,0.000000000,12.300,49,37,0,1,true
5,9,rest,0,7.194002421,7.199975716,1941,0.000000000,12.300,49,37,0,1,true
5,9,rest,0,7.205967635,7.211907269,1941,0.000000000,12.300,49,37,0,1,true
5,9,rest,0,7.218016784,7.224002104,1941,0.000000000,12.300,49,37,0,1,true
5,9,rest,0,7.229900279,7.235990857,1941,0.000000000,12.300,49,37,0,1,true
5,9,rest,0,7.242038800,7.248060490,1941,0.000000000,12.300,49,37,0,1,true
5,9,rest,0,7.253997974,7.259965239,1941,0.000000000,12.300,49,37,0,1,true
5,9,rest,0,7.266065237,7.271939909,1941,0.000000000,12.300,49,37,0,1,true
5,9,rest,0,7.278078232,7.284077881,1941,0.000000000,12.300,49,37,0,1,true
5,9,rest,0,7.289970994,7.296040099,1941,0.000000000,12.300,49,37,0,1,true
5,9,rest,0,7.302161489,7.307880243,1941,0.000000000,12.300,49,37,0,1,true
5,9,rest,0,7.313889928,7.319895701,1941,0.000000000,12.300,49,37,0,1,true
5,9,rest,0,7.325759878,7.331988099,1941,0.000000000,12.300,49,37,0,1,true
5,9,rest,0,7.337790415,7.343940664,1941,0.000000000,12.300,49,37,0,1,true
5,9,rest,0,7.350000587,7.355941131,1941,0.000000000,12.300,49,37,0,1,true
5,9,rest,0,7.361969266,7.368177267,1941,0.000000000,12.300,49,37,0,1,true
5,9,rest,0,7.374368587,7.380346176,1941,0.000000000,12.300,49,36,0,1,true
5,9,rest,0,7.386139178,7.392254693,1941,0.000000000,12.300,49,37,0,1,true
5,9,rest,0,7.397922016,7.404100512,1941,0.000000000,12.300,49,37,0,1,true
5,9,rest,0,7.409849953,7.415859214,1941,0.000000000,12.300,49,37,0,1,true
5,9,rest,0,7.421960243,7.427944825,1941,0.000000000,12.300,49,37,0,1,true
5,9,rest,0,7.433822412,7.439885762,1941,0.000000000,12.300,49,37,0,1,true
5,9,rest,0,7.445733074,7.452010809,1941,0.000000000,12.300,49,37,0,1,true
5,9,rest,0,7.457993534,7.463897415,1941,0.000000000,12.300,49,37,0,1,true
5,9,rest,0,7.469807783,7.476017892,1941,0.000000000,12.300,49,37,0,1,true
5,9,rest,0,7.482095569,7.488010114,1941,0.000000000,12.300,49,37,0,1,true
5,9,rest,0,7.493922868,7.499905710,1941,0.000000000,12.300,49,36,0,1,true
5,9,rest,0,7.505851346,7.512016640,1941,0.000000000,12.300,49,37,0,1,true
5,9,rest,0,7.517972354,7.523969251,1941,0.000000000,12.300,49,37,0,1,true
5,9,rest,0,7.529799571,7.535863280,1941,0.000000000,12.300,49,37,0,1,true
5,9,rest,0,7.541784826,7.547943812,1941,0.000000000,12.200,49,37,0,1,true
5,9,rest,0,7.553933901,7.559996672,1941,0.000000000,12.200,49,37,0,1,true
5,9,rest,0,7.565912171,7.571970714,1941,0.000000000,12.200,49,37,0,1,true
5,9,rest,0,7.577856434,7.583810134,1941,0.000000000,12.200,49,37,0,1,true
5,9,rest,0,7.589927453,7.595873088,1941,0.000000000,12.200,49,37,0,1,true
5,9,rest,0,7.601826326,7.607933378,1941,0.000000000,12.200,49,37,0,1,true
5,9,rest,0,7.613908173,7.619895945,1941,0.000000000,12.200,49,36,0,1,true
5,9,rest,0,7.625938918,7.631946912,1941,0.000000000,12.200,49,37,0,1,true
5,9,rest,0,7.637973562,7.644037217,1941,0.000000000,12.200,49,37,0,1,true
5,9,rest,0,7.649935800,7.656199243,1941,0.000000000,12.300,49,37,0,1,true
5,9,rest,0,7.661894413,7.667994022,1941,0.000000000,12.300,49,37,0,1,true
5,9,rest,0,7.673985770,7.680112705,1941,0.000000000,12.300,49,37,0,1,true
5,9,rest,0,7.685848353,7.692034922,1941,0.000000000,12.300,49,37,0,1,true
5,9,rest,0,7.698015458,7.703832872,1941,0.000000000,12.300,49,37,0,1,true
6,9,pulse,200,7.793863433,7.800091898,1941,0.000000000,12.200,49,78,0,0,true
6,9,pulse,200,7.805873042,7.811930442,1942,0.000000000,12.200,49,85,0,0,true
6,9,pulse,200,7.817727296,7.823970463,1945,0.153398079,12.200,49,83,0,0,true
6,9,pulse,200,7.829882002,7.835825223,1951,0.536893276,12.200,49,80,0,0,true
6,9,pulse,200,7.842003908,7.847786906,1956,0.613592315,12.200,49,71,0,0,true
6,9,pulse,200,7.853942359,7.859714444,1962,0.690291355,12.200,49,69,0,0,true
6,9,pulse,200,7.865878286,7.871855229,1968,0.766990394,12.200,49,64,0,0,true
6,9,pulse,200,7.877846038,7.883784428,1974,0.766990394,12.200,49,63,0,0,true
6,9,pulse,200,7.889936338,7.895935878,1981,0.766990394,12.200,49,64,0,0,true
6,9,pulse,200,7.901894383,7.907903275,1987,0.843689433,12.200,49,65,0,0,true
6,9,pulse,200,7.913898015,7.919896335,1994,0.843689433,12.200,49,64,0,0,true
6,9,pulse,200,7.925783836,7.931905498,1999,0.843689433,12.200,49,65,0,0,true
6,9,rest,0,7.943792951,7.949731719,2009,0.766990394,12.200,49,51,0,1,true
6,9,rest,0,7.955934436,7.961982103,2012,0.460194236,12.200,49,44,0,1,true
6,9,rest,0,7.967743418,7.973820538,2014,0.153398079,12.200,49,40,0,1,true
6,9,rest,0,7.979776399,7.985819281,2014,0.076699039,12.200,49,39,0,1,true
6,9,rest,0,7.991812892,7.997873282,2014,0.000000000,12.200,49,38,0,1,true
6,9,rest,0,8.003815421,8.009925357,2014,0.000000000,12.200,49,37,0,1,true
6,9,rest,0,8.015910963,8.021904442,2014,0.000000000,12.200,49,37,0,1,true
6,9,rest,0,8.027887778,8.033806198,2014,0.000000000,12.200,49,37,0,1,true
6,9,rest,0,8.039955333,8.046022407,2014,0.000000000,12.300,49,37,0,1,true
6,9,rest,0,8.051959918,8.057959603,2014,0.000000000,12.300,49,37,0,1,true
6,9,rest,0,8.063772193,8.069790024,2014,0.000000000,12.300,49,37,0,1,true
6,9,rest,0,8.075958087,8.082324545,2014,0.000000000,12.300,49,37,0,1,true
6,9,rest,0,8.088888212,8.094471446,2014,0.000000000,12.300,49,37,0,1,true
6,9,rest,0,8.100346830,8.106593566,2014,0.000000000,12.300,49,37,0,1,true
6,9,rest,0,8.111759805,8.118202276,2014,0.000000000,12.300,49,37,0,1,true
6,9,rest,0,8.124250650,8.129883104,2014,0.000000000,12.300,49,37,0,1,true
6,9,rest,0,8.135800247,8.141708632,2014,0.000000000,12.300,49,37,0,1,true
6,9,rest,0,8.147828587,8.153791978,2014,0.000000000,12.300,49,37,0,1,true
6,9,rest,0,8.159754028,8.165804773,2014,0.000000000,12.300,49,37,0,1,true
6,9,rest,0,8.171900107,8.177918866,2014,0.000000000,12.200,49,37,0,1,true
6,9,rest,0,8.183821984,8.189708186,2014,0.000000000,12.300,49,37,0,1,true
6,9,rest,0,8.195879622,8.201931345,2014,0.000000000,12.200,49,37,0,1,true
6,9,rest,0,8.207840898,8.213879990,2014,0.000000000,12.200,49,37,0,1,true
6,9,rest,0,8.219887541,8.226262576,2014,0.000000000,12.200,49,37,0,1,true
6,9,rest,0,8.232084197,8.237938095,2014,0.000000000,12.300,49,37,0,1,true
6,9,rest,0,8.244167941,8.250225644,2014,0.000000000,12.200,49,37,0,1,true
6,9,rest,0,8.256179958,8.262185851,2014,0.000000000,12.200,49,37,0,1,true
6,9,rest,0,8.267984144,8.274129570,2014,0.000000000,12.300,49,37,0,1,true
6,9,rest,0,8.280162692,8.286133281,2014,0.000000000,12.300,49,37,0,1,true
6,9,rest,0,8.292520377,8.298080101,2014,0.000000000,12.200,49,37,0,1,true
6,9,rest,0,8.303845377,8.309943637,2014,0.000000000,12.200,49,37,0,1,true
6,9,rest,0,8.315902392,8.321889272,2014,0.000000000,12.200,49,37,0,1,true
6,9,rest,0,8.327914962,8.333843177,2014,0.000000000,12.200,49,37,0,1,true
6,9,rest,0,8.339653192,8.345790662,2014,0.000000000,12.200,49,37,0,1,true
6,9,rest,0,8.351859545,8.357978917,2014,0.000000000,12.200,49,37,0,1,true
6,9,rest,0,8.363909781,8.369712572,2014,0.000000000,12.200,49,37,0,1,true
6,9,rest,0,8.375848747,8.381829082,2014,0.000000000,12.200,49,37,0,1,true
6,9,rest,0,8.387898292,8.393833136,2014,0.000000000,12.200,49,37,0,1,true
6,9,rest,0,8.399947557,8.405843537,2014,0.000000000,12.300,49,37,0,1,true
6,9,rest,0,8.411737131,8.417851543,2014,0.000000000,12.300,49,37,0,1,true
6,9,rest,0,8.423896627,8.429934695,2014,0.000000000,12.300,49,37,0,1,true
6,9,rest,0,8.435805814,8.442015419,2014,0.000000000,12.300,49,36,0,1,true
6,9,rest,0,8.447654182,8.453923125,2014,0.000000000,12.300,49,37,0,1,true
6,9,rest,0,8.459932842,8.465924925,2014,0.000000000,12.300,49,36,0,1,true
6,9,rest,0,8.471835816,8.478337402,2014,0.000000000,12.300,49,37,0,1,true
6,9,rest,0,8.483802848,8.490431296,2014,0.000000000,12.300,49,37,0,1,true
6,9,rest,0,8.496240276,8.502005341,2014,0.000000000,12.200,49,36,0,1,true
6,9,rest,0,8.507801030,8.514070130,2014,0.000000000,12.200,49,37,0,1,true
6,9,rest,0,8.519821474,8.525851398,2014,0.000000000,12.300,49,37,0,1,true
6,9,rest,0,8.531778560,8.537833893,2014,0.000000000,12.300,49,37,0,1,true
6,9,rest,0,8.543651571,8.549880466,2014,0.000000000,12.300,49,37,0,1,true
6,9,rest,0,8.555823679,8.561799422,2014,0.000000000,12.300,49,37,0,1,true
6,9,rest,0,8.567832363,8.573964135,2014,0.000000000,12.300,49,37,0,1,true
6,9,rest,0,8.579876816,8.585717620,2014,0.000000000,12.300,49,37,0,1,true
6,9,rest,0,8.591615495,8.597634430,2014,0.000000000,12.300,49,37,0,1,true
6,9,rest,0,8.603806227,8.609922198,2014,0.000000000,12.300,49,37,0,1,true
6,9,rest,0,8.615868098,8.621805096,2014,0.000000000,12.300,49,37,0,1,true
6,9,rest,0,8.627751317,8.633885799,2014,0.000000000,12.300,49,37,0,1,true
6,9,rest,0,8.639719745,8.645766168,2014,0.000000000,12.300,49,37,0,1,true
6,9,rest,0,8.651918873,8.657933648,2014,0.000000000,12.300,49,37,0,1,true
6,9,rest,0,8.663829113,8.669765392,2014,0.000000000,12.300,49,37,0,1,true
6,9,rest,0,8.676112102,8.681761201,2014,0.000000000,12.300,49,37,0,1,true
6,9,rest,0,8.687932672,8.694108848,2014,0.000000000,12.300,49,37,0,1,true
6,9,rest,0,8.700275416,8.705941522,2014,0.000000000,12.300,49,37,0,1,true
6,9,rest,0,8.711967225,8.717664913,2014,0.000000000,12.300,49,37,0,1,true
6,9,rest,0,8.723969254,8.729967561,2014,0.000000000,12.300,49,37,0,1,true
6,9,rest,0,8.735877397,8.741844842,2014,0.000000000,12.300,49,37,0,1,true
6,9,rest,0,8.747820842,8.753783687,2014,0.000000000,12.300,49,37,0,1,true
6,9,rest,0,8.759725936,8.765935188,2014,0.000000000,12.300,49,37,0,1,true
6,9,rest,0,8.771794721,8.777828816,2014,0.000000000,12.300,49,37,0,1,true
6,9,rest,0,8.783992191,8.789789930,2014,0.000000000,12.300,49,37,0,1,true
6,9,rest,0,8.796023990,8.801913976,2014,0.000000000,12.300,49,37,0,1,true
6,9,rest,0,8.807740175,8.814011536,2014,0.000000000,12.300,49,37,0,1,true
6,9,rest,0,8.819857610,8.825810612,2014,0.000000000,12.300,49,37,0,1,true
6,9,rest,0,8.831732909,8.837683486,2014,0.000000000,12.300,49,36,0,1,true
6,9,rest,0,8.843836845,8.849830057,2014,0.000000000,12.300,49,37,0,1,true
6,9,rest,0,8.855863046,8.861797451,2014,0.000000000,12.300,49,37,0,1,true
6,9,rest,0,8.867763574,8.873761238,2014,0.000000000,12.300,49,37,0,1,true
6,9,rest,0,8.879729744,8.885721961,2014,0.000000000,12.300,49,36,0,1,true
6,9,rest,0,8.891683810,8.898283561,2014,0.000000000,12.300,49,36,0,1,true
6,9,rest,0,8.903871066,8.910138027,2014,0.000000000,12.300,49,37,0,1,true
6,9,rest,0,8.915779233,8.922000441,2014,0.000000000,12.300,49,37,0,1,true
6,9,rest,0,8.927723541,8.933659525,2014,0.000000000,12.300,49,37,0,1,true
7,9,pulse,-200,9.023812744,9.029758638,2014,0.000000000,12.200,49,56,0,0,true
7,9,pulse,-200,9.035660731,9.041888865,2014,0.000000000,12.200,49,76,0,0,true
7,9,pulse,-200,9.047829640,9.053811015,2009,-0.460194236,12.200,49,82,0,0,true
7,9,pulse,-200,9.059699847,9.065851305,2004,-0.690291355,12.200,49,80,0,0,true
7,9,pulse,-200,9.071918255,9.077827818,1998,-0.690291355,12.200,49,74,0,0,true
7,9,pulse,-200,9.084022598,9.090015934,1992,-0.766990394,12.200,49,70,0,0,true
7,9,pulse,-200,9.095872975,9.101943996,1985,-0.843689433,12.200,49,69,0,0,true
7,9,pulse,-200,9.107895660,9.113886440,1979,-0.766990394,12.200,49,69,0,0,true
7,9,pulse,-200,9.119885845,9.125815071,1972,-0.843689433,12.200,49,67,0,0,true
7,9,pulse,-200,9.131829752,9.137804710,1966,-0.766990394,12.200,49,65,0,0,true
7,9,pulse,-200,9.143668885,9.149634280,1960,-0.843689433,12.200,49,65,0,0,true
7,9,pulse,-200,9.155652160,9.161679870,1954,-0.843689433,12.200,49,63,0,0,true
7,9,rest,0,9.173653391,9.179796648,1944,-0.843689433,12.200,49,51,0,1,true
7,9,rest,0,9.185650174,9.191856949,1941,-0.690291355,12.200,49,43,0,1,true
7,9,rest,0,9.197685013,9.203681690,1939,-0.383495197,12.200,49,40,0,1,true
7,9,rest,0,9.209633675,9.215926331,1939,-0.153398079,12.200,49,39,0,1,true
7,9,rest,0,9.221780316,9.227723916,1939,0.000000000,12.200,49,38,0,1,true
7,9,rest,0,9.233629770,9.239755313,1939,0.000000000,12.200,49,37,0,1,true
7,9,rest,0,9.245755625,9.251825251,1939,0.000000000,12.200,49,37,0,1,true
7,9,rest,0,9.257712245,9.263765147,1939,0.000000000,12.200,49,37,0,1,true
7,9,rest,0,9.269706561,9.275723984,1939,0.000000000,12.200,49,37,0,1,true
7,9,rest,0,9.281832295,9.287782680,1939,0.000000000,12.300,49,37,0,1,true
7,9,rest,0,9.293884820,9.299826607,1939,0.000000000,12.300,49,37,0,1,true
7,9,rest,0,9.305789563,9.311878500,1939,0.000000000,12.300,49,37,0,1,true
7,9,rest,0,9.317711657,9.323706405,1939,0.000000000,12.300,49,37,0,1,true
7,9,rest,0,9.329659856,9.335792442,1939,0.000000000,12.300,49,37,0,1,true
7,9,rest,0,9.341631540,9.347921507,1939,0.000000000,12.300,49,37,0,1,true
7,9,rest,0,9.353709260,9.359844126,1939,0.000000000,12.300,49,37,0,1,true
7,9,rest,0,9.365808536,9.371873893,1939,0.000000000,12.300,49,37,0,1,true
7,9,rest,0,9.377739909,9.383831727,1939,0.000000000,12.300,49,37,0,1,true
7,9,rest,0,9.389681986,9.395832562,1939,0.000000000,12.300,49,37,0,1,true
7,9,rest,0,9.401623926,9.407872265,1939,0.000000000,12.300,49,37,0,1,true
7,9,rest,0,9.413753435,9.419720290,1939,0.000000000,12.300,49,38,0,1,true
7,9,rest,0,9.425841619,9.431705939,1939,0.000000000,12.300,49,37,0,1,true
7,9,rest,0,9.437690784,9.443739492,1939,0.000000000,12.300,49,37,0,1,true
7,9,rest,0,9.449712644,9.455735719,1939,0.000000000,12.300,49,37,0,1,true
7,9,rest,0,9.461684646,9.467685969,1939,0.000000000,12.300,49,37,0,1,true
7,9,rest,0,9.473600531,9.479595734,1939,0.000000000,12.300,49,37,0,1,true
7,9,rest,0,9.485815004,9.491762330,1939,0.000000000,12.300,49,37,0,1,true
7,9,rest,0,9.497636635,9.503645246,1939,0.000000000,12.300,49,37,0,1,true
7,9,rest,0,9.509745742,9.515905367,1939,0.000000000,12.300,49,37,0,1,true
7,9,rest,0,9.521751944,9.527793802,1939,0.000000000,12.300,49,37,0,1,true
7,9,rest,0,9.533816647,9.539586440,1939,0.000000000,12.300,49,37,0,1,true
7,9,rest,0,9.545733693,9.551687791,1939,0.000000000,12.300,49,37,0,1,true
7,9,rest,0,9.557736188,9.563819984,1939,0.000000000,12.300,49,37,0,1,true
7,9,rest,0,9.569601976,9.575705635,1939,0.000000000,12.300,49,37,0,1,true
7,9,rest,0,9.581723401,9.587718771,1939,0.000000000,12.300,49,37,0,1,true
7,9,rest,0,9.593826723,9.599934809,1939,0.000000000,12.300,49,37,0,1,true
7,9,rest,0,9.605978839,9.611821272,1939,0.000000000,12.300,49,37,0,1,true
7,9,rest,0,9.617668708,9.623687529,1939,0.000000000,12.300,49,37,0,1,true
7,9,rest,0,9.629832717,9.635807887,1939,0.000000000,12.300,49,37,0,1,true
7,9,rest,0,9.641816407,9.647541956,1939,0.000000000,12.300,49,37,0,1,true
7,9,rest,0,9.653793319,9.659677162,1939,0.000000000,12.300,49,37,0,1,true
7,9,rest,0,9.665818004,9.671812545,1939,0.000000000,12.300,49,37,0,1,true
7,9,rest,0,9.677790998,9.683921224,1939,0.000000000,12.300,49,37,0,1,true
7,9,rest,0,9.689726574,9.695797650,1939,0.000000000,12.300,49,37,0,1,true
7,9,rest,0,9.701544493,9.707771920,1939,0.000000000,12.300,49,37,0,1,true
7,9,rest,0,9.713717458,9.719664978,1939,0.000000000,12.300,49,37,0,1,true
7,9,rest,0,9.725682509,9.731765869,1939,0.000000000,12.300,49,37,0,1,true
7,9,rest,0,9.737636394,9.743682092,1939,0.000000000,12.300,49,37,0,1,true
7,9,rest,0,9.749666693,9.755682506,1939,0.000000000,12.300,49,37,0,1,true
7,9,rest,0,9.761783889,9.767688213,1939,0.000000000,12.300,49,37,0,1,true
7,9,rest,0,9.773785879,9.779825527,1939,0.000000000,12.300,49,37,0,1,true
7,9,rest,0,9.785665869,9.791654433,1939,0.000000000,12.300,49,37,0,1,true
7,9,rest,0,9.797623748,9.803825903,1939,0.000000000,12.300,49,37,0,1,true
7,9,rest,0,9.809595571,9.815714673,1939,0.000000000,12.300,49,37,0,1,true
7,9,rest,0,9.821775336,9.827624804,1939,0.000000000,12.300,49,37,0,1,true
7,9,rest,0,9.833714897,9.840239078,1939,0.000000000,12.300,49,36,0,1,true
7,9,rest,0,9.846120475,9.851894023,1939,0.000000000,12.300,49,37,0,1,true
7,9,rest,0,9.857705117,9.863763624,1939,0.000000000,12.300,49,37,0,1,true
7,9,rest,0,9.869777287,9.875641008,1939,0.000000000,12.300,49,37,0,1,true
7,9,rest,0,9.881787343,9.887780543,1939,0.000000000,12.300,49,37,0,1,true
7,9,rest,0,9.893752663,9.899829898,1939,0.000000000,12.300,49,37,0,1,true
7,9,rest,0,9.905565766,9.911569340,1939,0.000000000,12.300,49,36,0,1,true
7,9,rest,0,9.917830306,9.923889038,1939,0.000000000,12.300,49,37,0,1,true
7,9,rest,0,9.929944339,9.935829188,1939,0.000000000,12.300,49,37,0,1,true
7,9,rest,0,9.941499708,9.947659028,1939,0.000000000,12.300,49,37,0,1,true
7,9,rest,0,9.953624046,9.959687494,1939,0.000000000,12.300,49,37,0,1,true
7,9,rest,0,9.965736043,9.971783409,1939,0.000000000,12.300,49,36,0,1,true
7,9,rest,0,9.977547892,9.983617788,1939,0.000000000,12.300,49,37,0,1,true
7,9,rest,0,9.990018549,9.996044049,1939,0.000000000,12.300,49,37,0,1,true
7,9,rest,0,10.001946818,10.008111125,1939,0.000000000,12.300,49,37,0,1,true
7,9,rest,0,10.013648467,10.019703690,1939,0.000000000,12.300,49,37,0,1,true
7,9,rest,0,10.026218653,10.031945486,1939,0.000000000,12.300,49,37,0,1,true
7,9,rest,0,10.037685167,10.043656981,1939,0.000000000,12.300,49,37,0,1,true
7,9,rest,0,10.049713631,10.055866507,1939,0.000000000,12.300,49,37,0,1,true
7,9,rest,0,10.061565383,10.067756018,1939,0.000000000,12.300,49,37,0,1,true
7,9,rest,0,10.073685869,10.079626696,1939,0.000000000,12.300,49,37,0,1,true
7,9,rest,0,10.085925294,10.092201678,1939,0.000000000,12.300,49,37,0,1,true
7,9,rest,0,10.098611518,10.103906217,1939,0.000000000,12.200,49,37,0,1,true
7,9,rest,0,10.109748001,10.115790489,1939,0.000000000,12.200,49,37,0,1,true
7,9,rest,0,10.121740843,10.127585787,1939,0.000000000,12.200,49,37,0,1,true
7,9,rest,0,10.133754073,10.139730848,1939,0.000000000,12.200,49,37,0,1,true
7,9,rest,0,10.145669903,10.151786148,1939,0.000000000,12.200,49,37,0,1,true
7,9,rest,0,10.157679593,10.163624510,1939,0.000000000,12.200,49,37,0,1,true
8,9,pulse,300,10.253767786,10.259655394,1939,0.000000000,12.200,49,118,0,0,true
8,9,pulse,300,10.265735217,10.271507698,1941,0.000000000,12.200,49,136,0,0,true
8,9,pulse,300,10.277544419,10.283601521,1948,0.613592315,12.200,49,121,0,0,true
8,9,pulse,300,10.289501402,10.295769794,1956,0.997087512,12.200,49,108,0,0,true
8,9,pulse,300,10.301542249,10.307559814,1965,0.997087512,12.200,49,103,0,0,true
8,9,pulse,300,10.313598932,10.319781908,1975,1.227184630,12.200,49,97,0,0,true
8,9,pulse,300,10.325590947,10.331703887,1985,1.227184630,12.200,49,92,0,0,true
8,9,pulse,300,10.337618245,10.343924063,1995,1.303883670,12.200,49,89,0,0,true
8,9,pulse,300,10.349710716,10.355763868,2005,1.303883670,12.200,49,80,0,0,true
8,9,pulse,300,10.361516738,10.367737620,2016,1.380582709,12.200,49,78,0,0,true
8,9,pulse,300,10.373719794,10.380494298,2026,1.380582709,12.200,49,79,0,0,true
8,9,pulse,300,10.385583453,10.391590932,2036,1.303883670,12.200,49,74,0,0,true
8,9,rest,0,10.409595333,10.415580776,2057,1.303883670,12.200,49,57,0,1,true
8,9,rest,0,10.421819977,10.427546876,2062,1.073786552,12.200,49,47,0,1,true
8,9,rest,0,10.433803192,10.439590571,2065,0.536893276,12.200,49,41,0,1,true
8,9,rest,0,10.445521084,10.451729857,2065,0.306796158,12.200,49,39,0,1,true
8,9,rest,0,10.457702586,10.463672542,2066,0.153398079,12.200,49,38,0,1,true
8,9,rest,0,10.469775287,10.475774792,2066,0.000000000,12.200,49,37,0,1,true
8,9,rest,0,10.481667772,10.487906542,2066,0.000000000,12.200,49,37,0,1,true
8,9,rest,0,10.493798647,10.499646247,2066,0.000000000,12.200,49,37,0,1,true
8,9,rest,0,10.505718737,10.511901679,2066,0.000000000,12.200,49,37,0,1,true
8,9,rest,0,10.517653903,10.523834496,2066,0.000000000,12.200,49,37,0,1,true
8,9,rest,0,10.529822792,10.535521747,2066,0.000000000,12.200,49,36,0,1,true
8,9,rest,0,10.541715444,10.547704071,2066,0.000000000,12.200,49,37,0,1,true
8,9,rest,0,10.553645555,10.559717262,2066,0.000000000,12.200,49,37,0,1,true
8,9,rest,0,10.565565111,10.571606509,2066,0.000000000,12.200,49,37,0,1,true
8,9,rest,0,10.577504124,10.583697132,2066,0.000000000,12.200,49,37,0,1,true
8,9,rest,0,10.589599144,10.595517642,2066,0.000000000,12.300,49,37,0,1,true
8,9,rest,0,10.601657347,10.607670032,2066,0.000000000,12.300,49,37,0,1,true
8,9,rest,0,10.613559200,10.619578221,2066,0.000000000,12.300,49,37,0,1,true
8,9,rest,0,10.625626997,10.631779357,2066,0.000000000,12.300,49,37,0,1,true
8,9,rest,0,10.637582663,10.643567856,2066,0.000000000,12.200,49,37,0,1,true
8,9,rest,0,10.649487897,10.655468636,2066,0.000000000,12.200,49,37,0,1,true
8,9,rest,0,10.661730442,10.667637362,2066,0.000000000,12.200,49,37,0,1,true
8,9,rest,0,10.673473494,10.679866816,2066,0.000000000,12.200,49,37,0,1,true
8,9,rest,0,10.685678537,10.691744737,2066,0.000000000,12.300,49,37,0,1,true
8,9,rest,0,10.698349874,10.704031085,2066,0.000000000,12.300,49,37,0,1,true
8,9,rest,0,10.710108163,10.715934881,2066,0.000000000,12.300,49,37,0,1,true
8,9,rest,0,10.721650146,10.727571659,2066,0.000000000,12.300,49,37,0,1,true
8,9,rest,0,10.733623070,10.739630957,2066,0.000000000,12.300,49,37,0,1,true
8,9,rest,0,10.745578091,10.751587328,2066,0.000000000,12.200,49,37,0,1,true
8,9,rest,0,10.757599432,10.763535792,2066,0.000000000,12.200,49,37,0,1,true
8,9,rest,0,10.769637156,10.775786570,2066,0.000000000,12.200,49,37,0,1,true
8,9,rest,0,10.781621979,10.787681531,2066,0.000000000,12.200,49,36,0,1,true
8,9,rest,0,10.793598639,10.799583191,2066,0.000000000,12.200,49,37,0,1,true
8,9,rest,0,10.805596297,10.811565593,2066,0.000000000,12.200,49,37,0,1,true
8,9,rest,0,10.817557564,10.823456166,2066,0.000000000,12.200,49,37,0,1,true
8,9,rest,0,10.829442399,10.835702029,2066,0.000000000,12.200,49,37,0,1,true
8,9,rest,0,10.842078778,10.847861105,2066,0.000000000,12.300,49,37,0,1,true
8,9,rest,0,10.853646289,10.859705216,2066,0.000000000,12.300,49,37,0,1,true
8,9,rest,0,10.865721056,10.871864930,2066,0.000000000,12.200,49,37,0,1,true
8,9,rest,0,10.877921114,10.883845128,2066,0.000000000,12.200,49,37,0,1,true
8,9,rest,0,10.889865414,10.895741285,2066,0.000000000,12.200,49,37,0,1,true
8,9,rest,0,10.901687576,10.907922861,2066,0.000000000,12.200,49,36,0,1,true
8,9,rest,0,10.913795289,10.919702126,2066,0.000000000,12.200,49,36,0,1,true
8,9,rest,0,10.925529245,10.931668819,2066,0.000000000,12.200,49,37,0,1,true
8,9,rest,0,10.937592917,10.943501851,2066,0.000000000,12.200,49,37,0,1,true
8,9,rest,0,10.949607478,10.955637541,2066,0.000000000,12.200,49,37,0,1,true
8,9,rest,0,10.961536007,10.967539411,2066,0.000000000,12.200,49,37,0,1,true
8,9,rest,0,10.973450461,10.979675252,2066,0.000000000,12.200,49,36,0,1,true
8,9,rest,0,10.985669282,10.991826207,2066,0.000000000,12.200,49,37,0,1,true
8,9,rest,0,10.997906538,11.003799223,2066,0.000000000,12.200,49,37,0,1,true
8,9,rest,0,11.010603887,11.016305711,2066,0.000000000,12.200,49,37,0,1,true
8,9,rest,0,11.021859430,11.027696554,2066,0.000000000,12.200,49,37,0,1,true
8,9,rest,0,11.033541846,11.039604701,2066,0.000000000,12.200,49,37,0,1,true
8,9,rest,0,11.045454611,11.051721723,2066,0.000000000,12.200,49,37,0,1,true
8,9,rest,0,11.057707641,11.063570608,2066,0.000000000,12.200,49,37,0,1,true
8,9,rest,0,11.069485577,11.075461917,2066,0.000000000,12.200,49,37,0,1,true
8,9,rest,0,11.081419717,11.087685031,2066,0.000000000,12.300,49,37,0,1,true
8,9,rest,0,11.093607239,11.099666041,2066,0.000000000,12.200,49,37,0,1,true
8,9,rest,0,11.105569926,11.111555028,2066,0.000000000,12.300,49,37,0,1,true
8,9,rest,0,11.117715564,11.123577119,2066,0.000000000,12.200,49,37,0,1,true
8,9,rest,0,11.129567031,11.135555623,2066,0.000000000,12.200,49,37,0,1,true
8,9,rest,0,11.141431014,11.147546401,2066,0.000000000,12.200,49,36,0,1,true
8,9,rest,0,11.153531017,11.159589575,2066,0.000000000,12.300,49,37,0,1,true
8,9,rest,0,11.166270176,11.172257756,2066,0.000000000,12.300,49,37,0,1,true
8,9,rest,0,11.177735595,11.183573490,2066,0.000000000,12.300,49,37,0,1,true
8,9,rest,0,11.189590216,11.195886886,2066,0.000000000,12.300,49,37,0,1,true
8,9,rest,0,11.201495622,11.207793408,2066,0.000000000,12.300,49,37,0,1,true
8,9,rest,0,11.213839801,11.219822187,2066,0.000000000,12.300,49,37,0,1,true
8,9,rest,0,11.225906076,11.231720307,2066,0.000000000,12.300,49,37,0,1,true
8,9,rest,0,11.237623325,11.243438106,2066,0.000000000,12.300,49,36,0,1,true
8,9,rest,0,11.249544698,11.255701021,2066,0.000000000,12.300,49,37,0,1,true
8,9,rest,0,11.261619150,11.267625683,2066,0.000000000,12.300,49,37,0,1,true
8,9,rest,0,11.273691295,11.279542630,2066,0.000000000,12.300,49,37,0,1,true
8,9,rest,0,11.285648980,11.291645220,2066,0.000000000,12.300,49,37,0,1,true
8,9,rest,0,11.297391690,11.303633118,2066,0.000000000,12.300,49,37,0,1,true
8,9,rest,0,11.309634186,11.315706537,2066,0.000000000,12.300,49,37,0,1,true
8,9,rest,0,11.321647518,11.327708557,2066,0.000000000,12.300,49,37,0,1,true
8,9,rest,0,11.333726713,11.339534460,2066,0.000000000,12.300,49,37,0,1,true
8,9,rest,0,11.345515546,11.351658353,2066,0.000000000,12.300,49,37,0,1,true
8,9,rest,0,11.357604622,11.363403906,2066,0.000000000,12.300,49,37,0,1,true
8,9,rest,0,11.369659276,11.375723388,2066,0.000000000,12.300,49,37,0,1,true
8,9,rest,0,11.381644320,11.387580301,2066,0.000000000,12.300,49,36,0,1,true
8,9,rest,0,11.393563151,11.399677214,2066,0.000000000,12.300,49,37,0,1,true
9,9,pulse,-300,11.489569276,11.495543709,2066,0.000000000,12.300,49,123,0,0,true
9,9,pulse,-300,11.501480797,11.507405007,2064,0.000000000,12.200,49,136,0,0,true
9,9,pulse,-300,11.513472457,11.519499726,2057,-0.536893276,12.200,49,123,0,0,true
9,9,pulse,-300,11.525465691,11.531429424,2049,-0.997087512,12.200,49,110,0,0,true
9,9,pulse,-300,11.537558435,11.543573437,2040,-1.073786552,12.200,49,105,0,0,true
9,9,pulse,-300,11.549610577,11.555652543,2030,-1.150485591,12.200,49,99,0,0,true
9,9,pulse,-300,11.561536568,11.567581620,2020,-1.227184630,12.200,49,93,0,0,true
9,9,pulse,-300,11.573450007,11.579620334,2010,-1.227184630,12.200,49,88,0,0,true
9,9,pulse,-300,11.585481380,11.591481564,2000,-1.303883670,12.200,49,81,0,0,true
9,9,pulse,-300,11.597522108,11.603915096,1989,-1.303883670,12.200,49,78,0,0,true
9,9,pulse,-300,11.609854073,11.615605401,1977,-1.303883670,12.200,49,80,0,0,true
9,9,pulse,-300,11.622104984,11.627821337,1967,-1.380582709,12.200,49,79,0,0,true
9,9,rest,0,11.639493790,11.645430189,1954,-1.303883670,12.200,49,58,0,1,true
9,9,rest,0,11.651603980,11.657652759,1949,-0.766990394,12.200,49,48,0,1,true
9,9,rest,0,11.663600617,11.669670079,1946,-0.306796158,12.200,49,42,0,1,true
9,9,rest,0,11.675532358,11.681570085,1945,-0.230097118,12.200,49,40,0,1,true
9,9,rest,0,11.687462552,11.693498111,1945,0.000000000,12.200,49,38,0,1,true
9,9,rest,0,11.699429433,11.705618617,1945,0.000000000,12.200,49,38,0,1,true
9,9,rest,0,11.711578456,11.717385832,1945,0.000000000,12.200,49,37,0,1,true
9,9,rest,0,11.723442769,11.729589987,1945,0.000000000,12.200,49,37,0,1,true
9,9,rest,0,11.735405099,11.741516167,1945,0.000000000,12.200,49,37,0,1,true
9,9,rest,0,11.747393668,11.754074530,1945,0.000000000,12.200,49,37,0,1,true
9,9,rest,0,11.759544378,11.765653829,1945,0.000000000,12.300,49,37,0,1,true
9,9,rest,0,11.771519285,11.777669532,1945,0.000000000,12.300,49,37,0,1,true
9,9,rest,0,11.783472059,11.789494728,1945,0.000000000,12.300,49,37,0,1,true
9,9,rest,0,11.795587350,11.801479174,1945,0.000000000,12.300,49,37,0,1,true
9,9,rest,0,11.807710731,11.813801341,1945,0.000000000,12.300,49,37,0,1,true
9,9,rest,0,11.819725318,11.825596675,1945,0.000000000,12.300,49,37,0,1,true
9,9,rest,0,11.831489159,11.837701123,1945,0.000000000,12.300,49,37,0,1,true
9,9,rest,0,11.843631080,11.849393996,1945,0.000000000,12.300,49,37,0,1,true
9,9,rest,0,11.855679569,11.861678216,1945,0.000000000,12.300,49,36,0,1,true
9,9,rest,0,11.867565442,11.873802894,1945,0.000000000,12.300,49,37,0,1,true
9,9,rest,0,11.879630649,11.885488772,1945,0.000000000,12.300,49,37,0,1,true
9,9,rest,0,11.891577616,11.897559013,1945,0.000000000,12.300,49,37,0,1,true
9,9,rest,0,11.903589717,11.909703532,1945,0.000000000,12.300,49,37,0,1,true
9,9,rest,0,11.915558502,11.921643321,1945,0.000000000,12.300,49,37,0,1,true
9,9,rest,0,11.927429764,11.933654833,1945,0.000000000,12.300,49,37,0,1,true
9,9,rest,0,11.939711795,11.945606956,1945,0.000000000,12.300,49,37,0,1,true
9,9,rest,0,11.951388739,11.957612414,1945,0.000000000,12.300,49,37,0,1,true
9,9,rest,0,11.963556383,11.969692951,1945,0.000000000,12.300,49,37,0,1,true
9,9,rest,0,11.976139379,11.982518757,1945,0.000000000,12.300,49,37,0,1,true
9,9,rest,0,11.988177970,11.994492259,1945,0.000000000,12.300,49,37,0,1,true
9,9,rest,0,11.999679356,12.005533650,1945,0.000000000,12.300,49,37,0,1,true
9,9,rest,0,12.011455929,12.017554953,1945,0.000000000,12.300,49,37,0,1,true
9,9,rest,0,12.023582651,12.029625490,1945,0.000000000,12.300,49,37,0,1,true
9,9,rest,0,12.035460095,12.041577400,1945,0.000000000,12.300,49,37,0,1,true
9,9,rest,0,12.047394401,12.053607240,1945,0.000000000,12.300,49,37,0,1,true
9,9,rest,0,12.059666695,12.065460595,1945,0.000000000,12.300,49,37,0,1,true
9,9,rest,0,12.071501562,12.077552826,1945,0.000000000,12.300,49,37,0,1,true
9,9,rest,0,12.083634457,12.089413504,1945,0.000000000,12.300,49,37,0,1,true
9,9,rest,0,12.095660251,12.101581873,1945,0.000000000,12.300,49,37,0,1,true
9,9,rest,0,12.107604477,12.113589867,1945,0.000000000,12.300,49,37,0,1,true
9,9,rest,0,12.119365580,12.125590064,1945,0.000000000,12.300,49,37,0,1,true
9,9,rest,0,12.131517782,12.137575827,1945,0.000000000,12.300,49,37,0,1,true
9,9,rest,0,12.143612833,12.149504444,1945,0.000000000,12.300,49,37,0,1,true
9,9,rest,0,12.155484543,12.161592120,1945,0.000000000,12.300,49,37,0,1,true
9,9,rest,0,12.167562275,12.174147394,1945,0.000000000,12.300,49,37,0,1,true
9,9,rest,0,12.179488968,12.185509733,1945,0.000000000,12.300,49,37,0,1,true
9,9,rest,0,12.191419554,12.197483210,1945,0.000000000,12.300,49,37,0,1,true
9,9,rest,0,12.203429910,12.209435892,1945,0.000000000,12.300,49,37,0,1,true
9,9,rest,0,12.215370432,12.221580158,1945,0.000000000,12.300,49,37,0,1,true
9,9,rest,0,12.227473267,12.233364418,1945,0.000000000,12.300,49,37,0,1,true
9,9,rest,0,12.239474284,12.245545167,1945,0.000000000,12.300,49,37,0,1,true
9,9,rest,0,12.251594916,12.257654856,1945,0.000000000,12.300,49,37,0,1,true
9,9,rest,0,12.263598180,12.269669453,1945,0.000000000,12.300,49,37,0,1,true
9,9,rest,0,12.275575685,12.281530847,1945,0.000000000,12.300,49,37,0,1,true
9,9,rest,0,12.287529606,12.293766534,1945,0.000000000,12.300,49,37,0,1,true
9,9,rest,0,12.299624456,12.305529301,1945,0.000000000,12.300,49,38,0,1,true
9,9,rest,0,12.311624401,12.317592802,1945,0.000000000,12.300,49,37,0,1,true
9,9,rest,0,12.323618662,12.329364778,1945,0.000000000,12.300,49,37,0,1,true
9,9,rest,0,12.335523873,12.341508092,1945,0.000000000,12.300,49,37,0,1,true
9,9,rest,0,12.347448040,12.353525872,1945,0.000000000,12.300,49,37,0,1,true
9,9,rest,0,12.359458450,12.365432663,1945,0.000000000,12.300,49,37,0,1,true
9,9,rest,0,12.371531193,12.377507968,1945,0.000000000,12.300,49,37,0,1,true
9,9,rest,0,12.383371192,12.389586480,1945,0.000000000,12.300,49,37,0,1,true
9,9,rest,0,12.395424043,12.401478333,1945,0.000000000,12.300,49,37,0,1,true
9,9,rest,0,12.407587056,12.413310960,1945,0.000000000,12.300,49,37,0,1,true
9,9,rest,0,12.419525435,12.425652400,1945,0.000000000,12.300,49,37,0,1,true
9,9,rest,0,12.431334762,12.437513861,1945,0.000000000,12.300,49,37,0,1,true
9,9,rest,0,12.443527142,12.449506013,1945,0.000000000,12.300,49,37,0,1,true
9,9,rest,0,12.455309703,12.461576499,1945,0.000000000,12.300,49,37,0,1,true
9,9,rest,0,12.467627611,12.473534008,1945,0.000000000,12.300,49,37,0,1,true
9,9,rest,0,12.479466469,12.485545356,1945,0.000000000,12.300,49,37,0,1,true
9,9,rest,0,12.491473569,12.497513611,1945,0.000000000,12.300,49,37,0,1,true
9,9,rest,0,12.503265647,12.509522316,1945,0.000000000,12.300,49,37,0,1,true
9,9,rest,0,12.515370446,12.521552319,1945,0.000000000,12.300,49,37,0,1,true
9,9,rest,0,12.527498092,12.533431647,1945,0.000000000,12.300,49,37,0,1,true
9,9,rest,0,12.539410021,12.545371537,1945,0.000000000,12.300,49,37,0,1,true
9,9,rest,0,12.551412350,12.557320547,1945,0.000000000,12.300,49,37,0,1,true
9,9,rest,0,12.563270271,12.569465690,1945,0.000000000,12.300,49,37,0,1,true
9,9,rest,0,12.575504259,12.581562100,1945,0.000000000,12.300,49,37,0,1,true
9,9,rest,0,12.587440124,12.593336922,1945,0.000000000,12.300,49,37,0,1,true
9,9,rest,0,12.599503998,12.605440168,1945,0.000000000,12.200,49,37,0,1,true
9,9,rest,0,12.611409719,12.617401920,1945,0.000000000,12.200,49,37,0,1,true
9,9,rest,0,12.623385547,12.629447178,1945,0.000000000,12.200,49,37,0,1,true
10,9,pulse,400,12.719657457,12.726490054,1945,0.000000000,12.200,49,98,0,0,true
10,9,pulse,400,12.731555512,12.737445697,1949,0.306796158,12.100,49,184,0,0,true
10,9,pulse,400,12.743448766,12.749591490,1958,1.150485591,12.100,49,189,0,0,true
10,9,pulse,400,12.755543391,12.761427892,1969,1.303883670,12.100,49,172,0,0,true
10,9,pulse,400,12.767331037,12.773494687,1981,1.533980788,12.100,49,149,0,0,true
10,9,pulse,400,12.779383761,12.785321180,1993,1.533980788,12.100,49,134,0,0,true
10,9,pulse,400,12.791524383,12.797389182,2007,1.687378867,12.100,49,115,0,0,true
10,9,pulse,400,12.803319530,12.809410287,2020,1.764077906,12.100,49,114,0,0,true
10,9,pulse,400,12.815519582,12.821497885,2034,1.687378867,12.100,49,101,0,0,true
10,9,pulse,400,12.827461092,12.833478545,2048,1.840776945,12.100,49,100,0,0,true
10,9,pulse,400,12.839403327,12.845281332,2062,1.764077906,12.100,49,93,0,0,true
10,9,pulse,400,12.851342897,12.857421839,2075,1.764077906,12.100,49,89,0,0,true
10,9,rest,0,12.875232290,12.881450259,2102,1.610679827,12.200,49,62,0,1,true
10,9,rest,0,12.887295747,12.893524112,2109,0.997087512,12.200,49,50,0,1,true
10,9,rest,0,12.899371069,12.905336103,2112,0.460194236,12.200,49,43,0,1,true
10,9,rest,0,12.911289836,12.917384453,2114,0.230097118,12.200,49,40,0,1,true
10,9,rest,0,12.923457743,12.929423525,2114,0.000000000,12.200,49,39,0,1,true
10,9,rest,0,12.935255396,12.941284339,2114,0.000000000,12.200,49,38,0,1,true
10,9,rest,0,12.947462590,12.953215862,2114,0.000000000,12.200,49,37,0,1,true
10,9,rest,0,12.959385124,12.965428884,2114,0.000000000,12.200,49,37,0,1,true
10,9,rest,0,12.971330525,12.977480751,2114,0.000000000,12.200,49,37,0,1,true
10,9,rest,0,12.983376687,12.989369822,2114,0.000000000,12.200,49,37,0,1,true
10,9,rest,0,12.995328682,13.001347124,2114,0.000000000,12.200,49,37,0,1,true
10,9,rest,0,13.007334907,13.013379639,2114,0.000000000,12.300,49,37,0,1,true
10,9,rest,0,13.019504691,13.025648852,2114,0.000000000,12.300,49,37,0,1,true
10,9,rest,0,13.031375437,13.037515434,2114,0.000000000,12.300,49,37,0,1,true
10,9,rest,0,13.043383081,13.049362114,2114,0.000000000,12.300,49,37,0,1,true
10,9,rest,0,13.055406346,13.061636041,2114,0.000000000,12.300,49,37,0,1,true
10,9,rest,0,13.067475545,13.073537216,2114,0.000000000,12.300,49,37,0,1,true
10,9,rest,0,13.079447120,13.085459021,2114,0.000000000,12.300,49,37,0,1,true
10,9,rest,0,13.091606498,13.097587369,2114,0.000000000,12.300,49,37,0,1,true
10,9,rest,0,13.103430226,13.109452252,2114,0.000000000,12.300,49,37,0,1,true
10,9,rest,0,13.115441904,13.121598095,2114,0.000000000,12.300,49,37,0,1,true
10,9,rest,0,13.127433552,13.133393627,2114,0.000000000,12.300,49,37,0,1,true
10,9,rest,0,13.139462015,13.145547132,2114,0.000000000,12.300,49,37,0,1,true
10,9,rest,0,13.151527024,13.157386512,2114,0.000000000,12.300,49,37,0,1,true
10,9,rest,0,13.163461949,13.169394450,2114,0.000000000,12.300,49,37,0,1,true
10,9,rest,0,13.175336004,13.181283700,2114,0.000000000,12.300,49,37,0,1,true
10,9,rest,0,13.187275199,13.193254002,2114,0.000000000,12.300,49,37,0,1,true
10,9,rest,0,13.199837357,13.205777736,2114,0.000000000,12.300,49,36,0,1,true
10,9,rest,0,13.211375071,13.217289188,2114,0.000000000,12.300,49,36,0,1,true
10,9,rest,0,13.223457433,13.229532126,2114,0.000000000,12.300,49,37,0,1,true
10,9,rest,0,13.235185028,13.241320862,2114,0.000000000,12.300,49,37,0,1,true
10,9,rest,0,13.247306248,13.253435443,2114,0.000000000,12.300,49,37,0,1,true
10,9,rest,0,13.259315327,13.265411390,2114,0.000000000,12.300,49,37,0,1,true
10,9,rest,0,13.271355496,13.277478419,2114,0.000000000,12.300,49,37,0,1,true
10,9,rest,0,13.283250245,13.289507141,2114,0.000000000,12.300,49,37,0,1,true
10,9,rest,0,13.295367336,13.301527542,2114,0.000000000,12.300,49,37,0,1,true
10,9,rest,0,13.307277438,13.313268696,2114,0.000000000,12.300,49,37,0,1,true
10,9,rest,0,13.319303401,13.325456405,2114,0.000000000,12.300,49,37,0,1,true
10,9,rest,0,13.331243375,13.337347671,2114,0.000000000,12.300,49,37,0,1,true
10,9,rest,0,13.343187620,13.349469406,2114,0.000000000,12.300,49,37,0,1,true
10,9,rest,0,13.355228442,13.361485566,2114,0.000000000,12.300,49,37,0,1,true
10,9,rest,0,13.367446020,13.373436856,2114,0.000000000,12.300,49,37,0,1,true
10,9,rest,0,13.379350653,13.385756821,2114,0.000000000,12.200,49,37,0,1,true
10,9,rest,0,13.391341544,13.397367665,2114,0.000000000,12.300,49,37,0,1,true
10,9,rest,0,13.403333046,13.409289524,2114,0.000000000,12.300,49,37,0,1,true
10,9,rest,0,13.415302875,13.421383400,2114,0.000000000,12.300,49,37,0,1,true
10,9,rest,0,13.427375509,13.433493003,2114,0.000000000,12.200,49,37,0,1,true
10,9,rest,0,13.439435568,13.445261117,2114,0.000000000,12.200,49,37,0,1,true
10,9,rest,0,13.451281611,13.458237341,2114,0.000000000,12.200,49,37,0,1,true
10,9,rest,0,13.463472332,13.469515936,2114,0.000000000,12.200,49,37,0,1,true
10,9,rest,0,13.475779117,13.482038873,2114,0.000000000,12.200,49,37,0,1,true
10,9,rest,0,13.487689004,13.493509005,2114,0.000000000,12.200,49,37,0,1,true
10,9,rest,0,13.500266051,13.506029066,2114,0.000000000,12.200,49,37,0,1,true
10,9,rest,0,13.511710364,13.517412133,2114,0.000000000,12.200,49,37,0,1,true
10,9,rest,0,13.523349498,13.529427598,2114,0.000000000,12.200,49,37,0,1,true
10,9,rest,0,13.535321536,13.541350461,2114,0.000000000,12.200,49,37,0,1,true
10,9,rest,0,13.547312340,13.553292971,2114,0.000000000,12.200,49,37,0,1,true
10,9,rest,0,13.559283400,13.565208987,2114,0.000000000,12.300,49,37,0,1,true
10,9,rest,0,13.571289012,13.577241086,2114,0.000000000,12.300,49,37,0,1,true
10,9,rest,0,13.583691034,13.589431054,2114,0.000000000,12.300,49,37,0,1,true
10,9,rest,0,13.595340267,13.601483906,2114,0.000000000,12.300,49,37,0,1,true
10,9,rest,0,13.607638250,13.613427935,2114,0.000000000,12.300,49,37,0,1,true
10,9,rest,0,13.619230229,13.625746855,2114,0.000000000,12.300,49,37,0,1,true
10,9,rest,0,13.631228913,13.637364358,2114,0.000000000,12.300,49,37,0,1,true
10,9,rest,0,13.643262890,13.649487799,2114,0.000000000,12.300,49,37,0,1,true
10,9,rest,0,13.655445271,13.661405096,2114,0.000000000,12.300,49,37,0,1,true
10,9,rest,0,13.667342183,13.673389590,2114,0.000000000,12.300,49,37,0,1,true
10,9,rest,0,13.680189343,13.685872235,2114,0.000000000,12.300,49,37,0,1,true
10,9,rest,0,13.692045697,13.698361900,2114,0.000000000,12.300,49,37,0,1,true
10,9,rest,0,13.703882198,13.709990395,2114,0.000000000,12.300,49,37,0,1,true
10,9,rest,0,13.715534499,13.721408764,2114,0.000000000,12.300,49,37,0,1,true
10,9,rest,0,13.727472141,13.733228429,2114,0.000000000,12.300,49,37,0,1,true
10,9,rest,0,13.739188676,13.745209579,2114,0.000000000,12.300,49,37,0,1,true
10,9,rest,0,13.751228500,13.757539335,2114,0.000000000,12.300,49,37,0,1,true
10,9,rest,0,13.763368167,13.769176193,2114,0.000000000,12.300,49,37,0,1,true
10,9,rest,0,13.775294605,13.781242842,2114,0.000000000,12.300,49,37,0,1,true
10,9,rest,0,13.787439332,13.793399957,2114,0.000000000,12.300,49,37,0,1,true
10,9,rest,0,13.799348087,13.805405260,2114,0.000000000,12.300,49,37,0,1,true
10,9,rest,0,13.811423795,13.817340003,2114,0.000000000,12.300,49,37,0,1,true
10,9,rest,0,13.823282418,13.829414284,2114,0.000000000,12.300,49,37,0,1,true
10,9,rest,0,13.835341258,13.841316754,2114,0.000000000,12.300,49,37,0,1,true
10,9,rest,0,13.847235980,13.853446350,2114,0.000000000,12.300,49,37,0,1,true
10,9,rest,0,13.859522724,13.865152692,2114,0.000000000,12.300,49,37,0,1,true
11,9,pulse,-400,13.955192881,13.961352649,2114,0.000000000,12.200,49,170,0,0,true
11,9,pulse,-400,13.967367593,13.973366067,2110,-0.306796158,12.100,49,198,0,0,true
11,9,pulse,-400,13.979269713,13.985236726,2100,-1.150485591,12.100,49,176,0,0,true
11,9,pulse,-400,13.991311315,13.997428360,2089,-1.380582709,12.100,49,160,0,0,true
11,9,pulse,-400,14.003204998,14.009182443,2077,-1.533980788,12.100,49,139,0,0,true
11,9,pulse,-400,14.015429949,14.021346281,2064,-1.687378867,12.100,49,132,0,0,true
11,9,pulse,-400,14.027248129,14.033293028,2051,-1.764077906,12.100,49,117,0,0,true
11,9,pulse,-400,14.039108688,14.045321301,2037,-1.764077906,12.100,49,106,0,0,true
11,9,pulse,-400,14.051282840,14.058386362,2023,-1.840776945,12.100,49,101,0,0,true
11,9,pulse,-400,14.063172734,14.069343206,2008,-1.840776945,12.100,49,98,0,0,true
11,9,pulse,-400,14.075298938,14.081144450,1994,-1.764077906,12.200,49,98,0,0,true
11,9,pulse,-400,14.087195374,14.093451033,1980,-1.840776945,12.200,49,90,0,0,true
11,9,rest,0,14.105786598,14.112100269,1959,-1.764077906,12.200,49,62,0,1,true
11,9,rest,0,14.117357704,14.123281553,1953,-1.380582709,12.200,49,50,0,1,true
11,9,rest,0,14.129263906,14.135230286,1949,-0.766990394,12.200,49,43,0,1,true
11,9,rest,0,14.141305709,14.147603483,1947,-0.383495197,12.200,49,40,0,1,true
11,9,rest,0,14.153411221,14.159196580,1947,-0.230097118,12.200,49,39,0,1,true
11,9,rest,0,14.165249246,14.171305903,1947,0.000000000,12.200,49,38,0,1,true
11,9,rest,0,14.177253326,14.183654067,1947,0.000000000,12.200,49,37,0,1,true
11,9,rest,0,14.189522829,14.195641935,1947,0.000000000,12.200,49,37,0,1,true
11,9,rest,0,14.202184884,14.207594772,1947,0.000000000,12.200,49,37,0,1,true
11,9,rest,0,14.213726370,14.219317854,1947,0.000000000,12.200,49,37,0,1,true
11,9,rest,0,14.225561429,14.231225288,1947,0.000000000,12.200,49,37,0,1,true
11,9,rest,0,14.237455411,14.243232921,1947,0.000000000,12.300,49,37,0,1,true
11,9,rest,0,14.249268638,14.255518037,1947,0.000000000,12.300,49,37,0,1,true
11,9,rest,0,14.261336179,14.267346094,1947,0.000000000,12.300,49,37,0,1,true
11,9,rest,0,14.273312354,14.279131992,1947,0.000000000,12.300,49,37,0,1,true
11,9,rest,0,14.285421253,14.291340111,1947,0.000000000,12.300,49,37,0,1,true
11,9,rest,0,14.297412498,14.303179239,1947,0.000000000,12.200,49,37,0,1,true
11,9,rest,0,14.309393323,14.315583665,1947,0.000000000,12.200,49,37,0,1,true
11,9,rest,0,14.321235853,14.327225541,1947,0.000000000,12.200,49,37,0,1,true
11,9,rest,0,14.333179273,14.339124314,1947,0.000000000,12.300,49,37,0,1,true
11,9,rest,0,14.345300983,14.351296554,1947,0.000000000,12.300,49,37,0,1,true
11,9,rest,0,14.357225883,14.363308008,1947,0.000000000,12.300,49,37,0,1,true
11,9,rest,0,14.369317539,14.375308736,1947,0.000000000,12.300,49,37,0,1,true
11,9,rest,0,14.381160214,14.387232678,1947,0.000000000,12.300,49,37,0,1,true
11,9,rest,0,14.393160560,14.399347553,1947,0.000000000,12.300,49,37,0,1,true
11,9,rest,0,14.405399672,14.411309793,1947,0.000000000,12.300,49,37,0,1,true
11,9,rest,0,14.417540680,14.423355588,1947,0.000000000,12.300,49,37,0,1,true
11,9,rest,0,14.429284158,14.435442084,1947,0.000000000,12.300,49,37,0,1,true
11,9,rest,0,14.441326268,14.447292948,1947,0.000000000,12.300,49,37,0,1,true
11,9,rest,0,14.453277809,14.459358758,1947,0.000000000,12.300,49,37,0,1,true
11,9,rest,0,14.465182664,14.471200277,1947,0.000000000,12.300,49,37,0,1,true
11,9,rest,0,14.477301924,14.483357059,1947,0.000000000,12.300,49,37,0,1,true
11,9,rest,0,14.489250942,14.495232161,1947,0.000000000,12.300,49,37,0,1,true
11,9,rest,0,14.501385133,14.507391669,1947,0.000000000,12.300,49,37,0,1,true
11,9,rest,0,14.513104021,14.519279038,1947,0.000000000,12.300,49,37,0,1,true
11,9,rest,0,14.525063490,14.531339568,1947,0.000000000,12.300,49,37,0,1,true
11,9,rest,0,14.537181328,14.543314412,1947,0.000000000,12.300,49,37,0,1,true
11,9,rest,0,14.549151959,14.555357696,1947,0.000000000,12.300,49,37,0,1,true
11,9,rest,0,14.561318389,14.567186914,1947,0.000000000,12.300,49,37,0,1,true
11,9,rest,0,14.573120013,14.579400868,1947,0.000000000,12.300,49,37,0,1,true
11,9,rest,0,14.585128298,14.591253109,1947,0.000000000,12.300,49,37,0,1,true
11,9,rest,0,14.597295868,14.603264101,1947,0.000000000,12.300,49,37,0,1,true
11,9,rest,0,14.609348738,14.615687262,1947,0.000000000,12.300,49,37,0,1,true
11,9,rest,0,14.621349450,14.627364808,1947,0.000000000,12.300,49,37,0,1,true
11,9,rest,0,14.633337733,14.639131733,1947,0.000000000,12.300,49,37,0,1,true
11,9,rest,0,14.645178003,14.651294131,1947,0.000000000,12.300,49,37,0,1,true
11,9,rest,0,14.657253128,14.663357378,1947,0.000000000,12.300,49,37,0,1,true
11,9,rest,0,14.669260780,14.675381688,1947,0.000000000,12.300,49,37,0,1,true
11,9,rest,0,14.681129601,14.687118081,1947,0.000000000,12.300,49,37,0,1,true
11,9,rest,0,14.693288130,14.699155612,1947,0.000000000,12.300,49,37,0,1,true
11,9,rest,0,14.705351689,14.711529112,1947,0.000000000,12.300,49,37,0,1,true
11,9,rest,0,14.717293909,14.723210784,1947,0.000000000,12.300,49,37,0,1,true
11,9,rest,0,14.729178240,14.735274687,1947,0.000000000,12.300,49,37,0,1,true
11,9,rest,0,14.741193919,14.747253197,1947,0.000000000,12.300,49,37,0,1,true
11,9,rest,0,14.753308412,14.759246933,1947,0.000000000,12.300,49,36,0,1,true
11,9,rest,0,14.765030214,14.771232342,1947,0.000000000,12.300,49,37,0,1,true
11,9,rest,0,14.777309519,14.783291098,1947,0.000000000,12.300,49,37,0,1,true
11,9,rest,0,14.789298773,14.795139862,1947,0.000000000,12.300,49,37,0,1,true
11,9,rest,0,14.801627915,14.807522462,1947,0.000000000,12.300,49,37,0,1,true
11,9,rest,0,14.813620183,14.819201557,1947,0.000000000,12.300,49,37,0,1,true
11,9,rest,0,14.825145741,14.831190391,1947,0.000000000,12.300,50,37,0,1,true
11,9,rest,0,14.837272521,14.843069609,1947,0.000000000,12.300,50,37,0,1,true
11,9,rest,0,14.849082539,14.855298487,1947,0.000000000,12.300,49,37,0,1,true
11,9,rest,0,14.861313527,14.867298601,1947,0.000000000,12.300,49,37,0,1,true
11,9,rest,0,14.873216566,14.879270541,1947,0.000000000,12.300,49,37,0,1,true
11,9,rest,0,14.885295878,14.891130479,1947,0.000000000,12.300,49,37,0,1,true
11,9,rest,0,14.897476342,14.903298147,1947,0.000000000,12.300,49,37,0,1,true
11,9,rest,0,14.909412472,14.915377214,1947,0.000000000,12.300,50,37,0,1,true
11,9,rest,0,14.921382582,14.927219038,1947,0.000000000,12.300,49,37,0,1,true
11,9,rest,0,14.933179175,14.939183988,1947,0.000000000,12.300,49,37,0,1,true
11,9,rest,0,14.945116217,14.951146042,1947,0.000000000,12.300,49,37,0,1,true
11,9,rest,0,14.957128194,14.963150586,1947,0.000000000,12.300,49,37,0,1,true
11,9,rest,0,14.969060996,14.975243556,1947,0.000000000,12.300,49,37,0,1,true
11,9,rest,0,14.981287729,14.987164581,1947,0.000000000,12.300,49,37,0,1,true
11,9,rest,0,14.993104565,14.999157399,1947,0.000000000,12.300,50,37,0,1,true
11,9,rest,0,15.005161537,15.011266429,1947,0.000000000,12.300,49,37,0,1,true
11,9,rest,0,15.017313178,15.023264620,1947,0.000000000,12.300,50,37,0,1,true
11,9,rest,0,15.029315922,15.035264224,1947,0.000000000,12.300,49,37,0,1,true
11,9,rest,0,15.041168257,15.047256981,1947,0.000000000,12.300,49,37,0,1,true
11,9,rest,0,15.053058766,15.059081603,1947,0.000000000,12.300,49,37,0,1,true
11,9,rest,0,15.065283774,15.071081262,1947,0.000000000,12.300,49,37,0,1,true
11,9,rest,0,15.077013171,15.083100127,1947,0.000000000,12.200,49,37,0,1,true
11,9,rest,0,15.089264259,15.095399567,1947,0.000000000,12.200,49,37,0,1,true
12,9,pulse,500,15.185756524,15.191372250,1947,0.000000000,12.100,49,259,0,0,true
12,9,pulse,500,15.197158801,15.203184983,1953,0.000000000,12.100,49,279,0,0,true
12,9,pulse,500,15.209774043,15.215700711,1967,1.150485591,12.100,49,232,0,0,true
12,9,pulse,500,15.221476587,15.227075350,1978,1.610679827,12.100,49,215,0,0,true
12,9,pulse,500,15.233208202,15.239496058,1994,1.764077906,12.100,49,188,0,0,true
12,9,pulse,500,15.245415605,15.251252032,2010,2.070874064,12.100,50,167,0,0,true
12,9,pulse,500,15.257333202,15.263333396,2027,2.147573103,12.100,49,144,0,0,true
12,9,pulse,500,15.269509396,15.275484055,2044,2.070874064,12.100,50,124,0,0,true
12,9,pulse,500,15.281514943,15.287148581,2061,2.224272142,12.100,49,128,0,0,true
12,9,pulse,500,15.293345822,15.299316280,2078,2.224272142,12.100,50,129,0,0,true
12,9,pulse,500,15.305495012,15.311297722,2095,2.147573103,12.100,50,127,0,0,true
12,9,pulse,500,15.317482701,15.323135293,2113,2.224272142,12.100,49,125,0,0,true
12,9,rest,0,15.341120679,15.347243049,2146,2.147573103,12.100,49,79,0,1,true
12,9,rest,0,15.353133816,15.359192747,2155,1.687378867,12.100,49,58,0,1,true
12,9,rest,0,15.365238867,15.371291590,2160,0.920388473,12.200,50,47,0,1,true
12,9,rest,0,15.377171557,15.383142509,2162,0.460194236,12.200,50,42,0,1,true
12,9,rest,0,15.388973901,15.394994100,2162,0.230097118,12.200,50,40,0,1,true
12,9,rest,0,15.401090163,15.407229776,2162,0.000000000,12.200,49,38,0,1,true
12,9,rest,0,15.413179381,15.419368712,2162,0.000000000,12.200,49,38,0,1,true
12,9,rest,0,15.425086401,15.431387849,2162,0.000000000,12.200,49,37,0,1,true
12,9,rest,0,15.437185671,15.443295311,2162,0.000000000,12.200,49,37,0,1,true
12,9,rest,0,15.449124196,15.455303769,2162,0.000000000,12.200,50,37,0,1,true
12,9,rest,0,15.461440502,15.467375440,2162,0.000000000,12.200,50,37,0,1,true
12,9,rest,0,15.473309979,15.479178896,2162,0.000000000,12.200,49,37,0,1,true
12,9,rest,0,15.485265412,15.491171847,2162,0.000000000,12.200,50,37,0,1,true
12,9,rest,0,15.496974146,15.502964541,2162,0.000000000,12.200,49,37,0,1,true
12,9,rest,0,15.509149990,15.515229846,2162,0.000000000,12.200,50,37,0,1,true
12,9,rest,0,15.521085001,15.527084461,2162,0.000000000,12.200,50,37,0,1,true
12,9,rest,0,15.533037846,15.539191930,2162,0.000000000,12.300,50,36,0,1,true
12,9,rest,0,15.545092360,15.551069513,2162,0.000000000,12.300,50,37,0,1,true
12,9,rest,0,15.557105291,15.563275754,2162,0.000000000,12.300,50,37,0,1,true
12,9,rest,0,15.569086720,15.575079402,2162,0.000000000,12.300,50,37,0,1,true
12,9,rest,0,15.581064571,15.587045081,2162,0.000000000,12.300,50,37,0,1,true
12,9,rest,0,15.592950092,15.599032233,2162,0.000000000,12.300,50,37,0,1,true
12,9,rest,0,15.605038090,15.611131664,2162,0.000000000,12.300,50,37,0,1,true
12,9,rest,0,15.617106294,15.623217512,2162,0.000000000,12.300,50,37,0,1,true
12,9,rest,0,15.629194948,15.635152936,2162,0.000000000,12.300,50,37,0,1,true
12,9,rest,0,15.641089901,15.647242667,2162,0.000000000,12.300,50,37,0,1,true
12,9,rest,0,15.653195272,15.659013511,2162,0.000000000,12.300,50,37,0,1,true
12,9,rest,0,15.665179665,15.671249800,2162,0.000000000,12.300,50,37,0,1,true
12,9,rest,0,15.677207050,15.683237915,2162,0.000000000,12.300,50,37,0,1,true
12,9,rest,0,15.689108101,15.695050632,2162,0.000000000,12.300,50,37,0,1,true
12,9,rest,0,15.700970727,15.707294337,2162,0.000000000,12.300,50,37,0,1,true
12,9,rest,0,15.713329267,15.720254177,2162,0.000000000,12.200,50,37,0,1,true
12,9,rest,0,15.725439095,15.731177292,2162,0.000000000,12.300,49,37,0,1,true
12,9,rest,0,15.737209132,15.743150850,2162,0.000000000,12.300,50,37,0,1,true
12,9,rest,0,15.749042781,15.755074210,2162,0.000000000,12.300,50,37,0,1,true
12,9,rest,0,15.761027321,15.767346859,2162,0.000000000,12.300,50,37,0,1,true
12,9,rest,0,15.773255014,15.778962405,2162,0.000000000,12.300,50,37,0,1,true
12,9,rest,0,15.785160975,15.791167319,2162,0.000000000,12.300,50,37,0,1,true
12,9,rest,0,15.797098784,15.803269355,2162,0.000000000,12.300,50,37,0,1,true
12,9,rest,0,15.809300085,15.815347770,2162,0.000000000,12.200,50,37,0,1,true
12,9,rest,0,15.821295679,15.827120085,2162,0.000000000,12.300,50,37,0,1,true
12,9,rest,0,15.833103632,15.839085908,2162,0.000000000,12.300,50,37,0,1,true
12,9,rest,0,15.845034425,15.851205683,2162,0.000000000,12.300,50,37,0,1,true
12,9,rest,0,15.857068318,15.863041783,2162,0.000000000,12.300,50,37,0,1,true
12,9,rest,0,15.868991007,15.875060246,2162,0.000000000,12.300,50,37,0,1,true
12,9,rest,0,15.881135209,15.887046259,2162,0.000000000,12.300,50,37,0,1,true
12,9,rest,0,15.893273906,15.899119374,2162,0.000000000,12.200,50,37,0,1,true
12,9,rest,0,15.905112887,15.911085501,2162,0.000000000,12.300,50,37,0,1,true
12,9,rest,0,15.917203529,15.923156731,2162,0.000000000,12.300,50,37,0,1,true
12,9,rest,0,15.929073426,15.935138027,2162,0.000000000,12.300,50,37,0,1,true
12,9,rest,0,15.941141691,15.947048921,2162,0.000000000,12.200,50,37,0,1,true
12,9,rest,0,15.953175555,15.959164515,2162,0.000000000,12.200,50,37,0,1,true
12,9,rest,0,15.965187315,15.971034810,2162,0.000000000,12.200,50,37,0,1,true
12,9,rest,0,15.977088969,15.983999072,2162,0.000000000,12.200,50,37,0,1,true
12,9,rest,0,15.989385737,15.995438620,2162,0.000000000,12.200,50,37,0,1,true
12,9,rest,0,16.001258565,16.007375285,2162,0.000000000,12.200,50,37,0,1,true
12,9,rest,0,16.013324665,16.019169660,2162,0.000000000,12.200,50,37,0,1,true
12,9,rest,0,16.025123933,16.031062040,2162,0.000000000,12.300,50,37,0,1,true
12,9,rest,0,16.037070670,16.043223882,2162,0.000000000,12.300,50,37,0,1,true
12,9,rest,0,16.048979533,16.055181433,2162,0.000000000,12.200,50,37,0,1,true
12,9,rest,0,16.061256219,16.067066451,2162,0.000000000,12.300,50,37,0,1,true
12,9,rest,0,16.073194144,16.079070982,2162,0.000000000,12.200,50,37,0,1,true
12,9,rest,0,16.085177874,16.091258743,2162,0.000000000,12.200,50,37,0,1,true
12,9,rest,0,16.097144656,16.103264779,2162,0.000000000,12.200,50,38,0,1,true
12,9,rest,0,16.109354609,16.115330624,2162,0.000000000,12.200,50,37,0,1,true
12,9,rest,0,16.121041165,16.127039654,2162,0.000000000,12.200,50,37,0,1,true
12,9,rest,0,16.133130786,16.139147182,2162,0.000000000,12.200,50,37,0,1,true
12,9,rest,0,16.145151141,16.151146589,2162,0.000000000,12.200,50,37,0,1,true
12,9,rest,0,16.157041119,16.162952872,2162,0.000000000,12.200,50,37,0,1,true
12,9,rest,0,16.169131947,16.175168395,2162,0.000000000,12.300,50,38,0,1,true
12,9,rest,0,16.181270185,16.187201667,2162,0.000000000,12.200,50,37,0,1,true
12,9,rest,0,16.193119735,16.199167612,2162,0.000000000,12.300,50,37,0,1,true
12,9,rest,0,16.205067219,16.211165546,2162,0.000000000,12.200,50,37,0,1,true
12,9,rest,0,16.217118144,16.223098276,2162,0.000000000,12.300,50,37,0,1,true
12,9,rest,0,16.228968421,16.235106320,2162,0.000000000,12.200,50,37,0,1,true
12,9,rest,0,16.240956409,16.247107397,2162,0.000000000,12.300,50,37,0,1,true
12,9,rest,0,16.253015934,16.259117792,2162,0.000000000,12.300,50,37,0,1,true
12,9,rest,0,16.265091906,16.271057261,2162,0.000000000,12.300,50,37,0,1,true
12,9,rest,0,16.276975145,16.282935978,2162,0.000000000,12.300,50,37,0,1,true
12,9,rest,0,16.289186832,16.294985228,2162,0.000000000,12.300,50,37,0,1,true
12,9,rest,0,16.301182724,16.307201595,2162,0.000000000,12.300,50,37,0,1,true
12,9,rest,0,16.313069768,16.319116184,2162,0.000000000,12.300,50,37,0,1,true
12,9,rest,0,16.324916769,16.331147810,2162,0.000000000,12.300,50,37,0,1,true
13,9,pulse,-500,16.481238211,16.487197320,2162,0.000000000,12.200,50,197,0,0,true
13,9,pulse,-500,16.493066670,16.499408332,2154,-0.153398079,12.100,50,234,0,0,true
13,9,pulse,-500,16.505173014,16.511243355,2142,-1.303883670,12.100,50,223,0,0,true
13,9,pulse,-500,16.517349011,16.523083630,2127,-1.687378867,12.100,50,200,0,0,true
13,9,pulse,-500,16.529209523,16.535037251,2112,-1.917475985,12.100,50,175,0,0,true
13,9,pulse,-500,16.541032659,16.547016495,2096,-1.994175024,12.100,50,160,0,0,true
13,9,pulse,-500,16.553185257,16.559074754,2079,-2.147573103,12.100,50,137,0,0,true
13,9,pulse,-500,16.565225951,16.571118626,2062,-2.147573103,12.100,50,127,0,0,true
13,9,pulse,-500,16.577256589,16.583227963,2044,-2.224272142,12.100,50,126,0,0,true
13,9,pulse,-500,16.589066410,16.595139433,2027,-2.224272142,12.100,50,124,0,0,true
13,9,pulse,-500,16.600934633,16.607447272,2009,-2.224272142,12.100,50,122,0,0,true
13,9,pulse,-500,16.613169826,16.619103534,1991,-2.224272142,12.100,50,120,0,0,true
13,9,rest,0,16.631078029,16.637091534,1966,-2.147573103,12.100,50,78,0,1,true
13,9,rest,0,16.643015919,16.649023918,1957,-1.380582709,12.200,50,58,0,1,true
13,9,rest,0,16.655274745,16.661223963,1951,-0.766990394,12.200,50,47,0,1,true
13,9,rest,0,16.667014983,16.673028691,1949,-0.383495197,12.200,50,42,0,1,true
13,9,rest,0,16.678948502,16.685116443,1948,-0.153398079,12.200,50,40,0,1,true
13,9,rest,0,16.691002593,16.697743501,1948,0.000000000,12.200,50,38,0,1,true
13,9,rest,0,16.703120997,16.709192800,1948,0.000000000,12.200,50,38,0,1,true
13,9,rest,0,16.715055438,16.720992888,1948,0.000000000,12.200,50,37,0,1,true
13,9,rest,0,16.726898477,16.732905093,1948,0.000000000,12.200,50,37,0,1,true
13,9,rest,0,16.739094203,16.744964014,1948,0.000000000,12.200,50,37,0,1,true
13,9,rest,0,16.751291788,16.757106113,1948,0.000000000,12.200,50,37,0,1,true
13,9,rest,0,16.763061673,16.769220849,1948,0.000000000,12.200,50,37,0,1,true
13,9,rest,0,16.775185062,16.781008020,1948,0.000000000,12.200,50,37,0,1,true
13,9,rest,0,16.787259387,16.793246070,1948,0.000000000,12.300,50,37,0,1,true
13,9,rest,0,16.799098373,16.805043687,1947,-0.153398079,12.300,50,37,0,1,true
13,9,rest,0,16.811123303,16.816869151,1947,0.000000000,12.300,50,37,0,1,true
13,9,rest,0,16.823067638,16.828889468,1947,0.000000000,12.300,50,37,0,1,true
13,9,rest,0,16.834951814,16.840985054,1947,0.000000000,12.300,50,37,0,1,true
13,9,rest,0,16.847092503,16.853026936,1947,0.000000000,12.300,50,37,0,1,true
13,9,rest,0,16.859143529,16.864875568,1947,0.000000000,12.300,50,37,0,1,true
13,9,rest,0,16.871056913,16.876999942,1947,0.000000000,12.300,50,37,0,1,true
13,9,rest,0,16.882991781,16.888953318,1947,0.000000000,12.300,50,37,0,1,true
13,9,rest,0,16.894955939,16.900957160,1947,0.000000000,12.300,50,37,0,1,true
13,9,rest,0,16.907159851,16.913167499,1947,0.000000000,12.300,50,37,0,1,true
13,9,rest,0,16.919054528,16.925224122,1947,0.000000000,12.300,50,37,0,1,true
13,9,rest,0,16.930843427,16.936968316,1947,0.000000000,12.300,50,36,0,1,true
13,9,rest,0,16.943160390,16.948877525,1947,0.000000000,12.300,50,37,0,1,true
13,9,rest,0,16.954923413,16.960922247,1947,0.000000000,12.300,50,37,0,1,true
13,9,rest,0,16.967007508,16.973077817,1947,0.000000000,12.300,50,37,0,1,true
13,9,rest,0,16.978996877,16.984867054,1947,0.000000000,12.300,50,37,0,1,true
13,9,rest,0,16.990867082,16.996965218,1947,0.000000000,12.300,50,37,0,1,true
13,9,rest,0,17.003034774,17.009131083,1947,0.000000000,12.300,50,37,0,1,true
13,9,rest,0,17.015032032,17.021156663,1947,0.000000000,12.300,50,37,0,1,true
13,9,rest,0,17.027085914,17.033066746,1947,0.000000000,12.300,50,37,0,1,true
13,9,rest,0,17.039076594,17.045012347,1947,0.000000000,12.300,50,37,0,1,true
13,9,rest,0,17.051041107,17.057027778,1947,0.000000000,12.300,50,37,0,1,true
13,9,rest,0,17.063074442,17.069083336,1947,0.000000000,12.300,50,37,0,1,true
13,9,rest,0,17.075018377,17.081018368,1947,0.000000000,12.300,50,37,0,1,true
13,9,rest,0,17.086865558,17.092908857,1947,0.000000000,12.300,50,37,0,1,true
13,9,rest,0,17.098826725,17.104929662,1947,0.000000000,12.300,50,37,0,1,true
13,9,rest,0,17.111066482,17.116857827,1947,0.000000000,12.300,50,36,0,1,true
13,9,rest,0,17.122979312,17.128940065,1947,0.000000000,12.300,50,36,0,1,true
13,9,rest,0,17.135035312,17.141068263,1947,0.000000000,12.300,50,36,0,1,true
13,9,rest,0,17.146968245,17.153574017,1947,0.000000000,12.300,50,37,0,1,true
13,9,rest,0,17.159133513,17.164930387,1947,0.000000000,12.300,50,37,0,1,true
13,9,rest,0,17.171001166,17.177017542,1947,0.000000000,12.300,50,37,0,1,true
13,9,rest,0,17.182903313,17.188837614,1947,0.000000000,12.300,50,37,0,1,true
13,9,rest,0,17.194887728,17.201453962,1947,0.000000000,12.300,50,37,0,1,true
13,9,rest,0,17.207360577,17.213121887,1947,0.000000000,12.300,50,37,0,1,true
13,9,rest,0,17.219017361,17.224939092,1947,0.000000000,12.300,50,37,0,1,true
13,9,rest,0,17.230858582,17.236974110,1947,0.000000000,12.300,50,37,0,1,true
13,9,rest,0,17.242927779,17.249157381,1947,0.000000000,12.300,50,37,0,1,true
13,9,rest,0,17.255020173,17.261089911,1947,0.000000000,12.300,50,37,0,1,true
13,9,rest,0,17.266910977,17.273109737,1947,0.000000000,12.300,50,37,0,1,true
13,9,rest,0,17.278958164,17.285004249,1947,0.000000000,12.300,50,37,0,1,true
13,9,rest,0,17.291164690,17.297056754,1947,0.000000000,12.300,50,36,0,1,true
13,9,rest,0,17.302973444,17.309481313,1947,0.000000000,12.300,50,37,0,1,true
13,9,rest,0,17.315276000,17.321190377,1947,0.000000000,12.300,50,37,0,1,true
13,9,rest,0,17.326906500,17.333004183,1947,0.000000000,12.300,50,37,0,1,true
13,9,rest,0,17.339094603,17.345055580,1947,0.000000000,12.300,50,37,0,1,true
13,9,rest,0,17.350945102,17.356935762,1947,0.000000000,12.300,50,36,0,1,true
13,9,rest,0,17.362852987,17.368878463,1947,0.000000000,12.300,50,37,0,1,true
13,9,rest,0,17.374996994,17.380951712,1947,0.000000000,12.300,50,37,0,1,true
13,9,rest,0,17.386875210,17.392887224,1947,0.000000000,12.300,50,37,0,1,true
13,9,rest,0,17.398898327,17.404968631,1947,0.000000000,12.300,50,37,0,1,true
13,9,rest,0,17.411017400,17.417047096,1947,0.000000000,12.300,50,37,0,1,true
13,9,rest,0,17.422825124,17.429042621,1947,0.000000000,12.300,50,37,0,1,true
13,9,rest,0,17.434992067,17.440956789,1947,0.000000000,12.300,50,37,0,1,true
13,9,rest,0,17.446995574,17.453078410,1947,0.000000000,12.300,50,37,0,1,true
13,9,rest,0,17.458886721,17.465104546,1947,0.000000000,12.300,50,37,0,1,true
13,9,rest,0,17.470944865,17.477022296,1947,0.000000000,12.300,50,37,0,1,true
13,9,rest,0,17.482905758,17.489078942,1947,0.000000000,12.300,50,37,0,1,true
13,9,rest,0,17.494900447,17.500960306,1947,0.000000000,12.300,50,36,0,1,true
13,9,rest,0,17.507034545,17.513013898,1947,0.000000000,12.300,50,37,0,1,true
13,9,rest,0,17.519034906,17.525703528,1947,0.000000000,12.300,50,37,0,1,true
13,9,rest,0,17.531004873,17.536885938,1947,0.000000000,12.300,50,37,0,1,true
13,9,rest,0,17.542848021,17.549048176,1947,0.000000000,12.300,50,37,0,1,true
13,9,rest,0,17.555044946,17.561316581,1947,0.000000000,12.300,50,37,0,1,true
13,9,rest,0,17.566987720,17.573018144,1947,0.000000000,12.300,50,37,0,1,true
13,9,rest,0,17.578933215,17.584909098,1947,0.000000000,12.300,50,37,0,1,true
13,9,rest,0,17.590836976,17.596932278,1947,0.000000000,12.300,50,37,0,1,true
13,9,rest,0,17.603173973,17.609365491,1947,0.000000000,12.300,50,37,0,1,true
13,9,rest,0,17.614890546,17.620928006,1947,0.000000000,12.300,50,37,0,1,true
14,9,pulse,600,17.711027733,17.716955901,1947,0.000000000,12.100,50,167,0,0,true
14,9,pulse,600,17.722773147,17.728979355,1955,0.766990394,12.000,50,347,0,0,true
14,9,pulse,600,17.734866326,17.740878003,1968,1.610679827,12.000,50,319,0,0,true
14,9,pulse,600,17.747046041,17.752967609,1984,2.070874064,11.900,50,295,0,0,true
14,9,pulse,600,17.758918931,17.764937169,2003,2.300971182,12.000,50,246,0,0,true
14,9,pulse,600,17.770977949,17.777004919,2022,2.454369261,12.000,50,222,0,0,true
14,9,pulse,600,17.782938459,17.789902655,2042,2.454369261,12.000,50,202,0,0,true
14,9,pulse,600,17.795279343,17.801550330,2062,2.607767339,12.000,50,165,0,0,true
14,9,pulse,600,17.807602421,17.813438411,2086,2.607767339,12.000,50,158,0,0,true
14,9,pulse,600,17.818921570,17.825066413,2103,2.607767339,12.000,50,142,0,0,true
14,9,pulse,600,17.830835415,17.836987725,2124,2.684466379,12.000,50,149,0,0,true
14,9,pulse,600,17.843143903,17.849109150,2145,2.684466379,12.100,50,139,0,0,true
14,9,rest,0,17.867169494,17.873193705,2186,2.607767339,12.100,50,94,0,1,true
14,9,rest,0,17.879427573,17.885235849,2197,1.687378867,12.100,50,65,0,1,true
14,9,rest,0,17.891301749,17.897435851,2204,0.997087512,12.200,50,51,0,1,true
14,9,rest,0,17.903120738,17.909174234,2207,0.460194236,12.200,50,44,0,1,true
14,9,rest,0,17.915242493,17.920981372,2208,0.153398079,12.200,50,41,0,1,true
14,9,rest,0,17.926985273,17.932885108,2209,0.153398079,12.200,50,39,0,1,true
14,9,rest,0,17.939045579,17.945060273,2209,0.000000000,12.200,50,38,0,1,true
14,9,rest,0,17.950981876,17.956889956,2209,0.000000000,12.200,50,38,0,1,true
14,9,rest,0,17.962803083,17.968966505,2209,0.000000000,12.200,50,37,0,1,true
14,9,rest,0,17.974909556,17.980837355,2209,0.000000000,12.200,50,37,0,1,true
14,9,rest,0,17.986794585,17.992805022,2209,0.000000000,12.200,50,37,0,1,true
14,9,rest,0,17.998884266,18.004887499,2209,0.000000000,12.200,50,37,0,1,true
14,9,rest,0,18.011808845,18.017092274,2209,0.000000000,12.200,50,37,0,1,true
14,9,rest,0,18.022934685,18.029070519,2209,0.000000000,12.200,50,37,0,1,true
14,9,rest,0,18.034902986,18.040983587,2209,0.000000000,12.200,50,37,0,1,true
14,9,rest,0,18.046882626,18.052917081,2209,0.000000000,12.300,50,37,0,1,true
14,9,rest,0,18.058870854,18.065097721,2209,0.000000000,12.300,50,37,0,1,true
14,9,rest,0,18.070933875,18.076910520,2209,0.000000000,12.300,50,37,0,1,true
14,9,rest,0,18.082859529,18.088856400,2209,0.000000000,12.300,50,37,0,1,true
14,9,rest,0,18.094890575,18.101021989,2209,0.000000000,12.300,50,37,0,1,true
14,9,rest,0,18.106839196,18.112868472,2209,0.000000000,12.300,50,37,0,1,true
14,9,rest,0,18.119115679,18.124884861,2209,0.000000000,12.300,50,37,0,1,true
14,9,rest,0,18.130773857,18.136935463,2209,0.000000000,12.300,50,37,0,1,true
14,9,rest,0,18.142870300,18.148768845,2209,0.000000000,12.300,50,37,0,1,true
14,9,rest,0,18.154937119,18.160808873,2209,0.000000000,12.300,50,37,0,1,true
14,9,rest,0,18.167055795,18.172949937,2209,0.000000000,12.300,50,37,0,1,true
14,9,rest,0,18.178878516,18.185149240,2209,0.000000000,12.300,50,37,0,1,true
14,9,rest,0,18.191093730,18.198164625,2209,0.000000000,12.300,50,37,0,1,true
14,9,rest,0,18.203389830,18.209495233,2209,0.000000000,12.300,50,37,0,1,true
14,9,rest,0,18.215657566,18.220892675,2209,0.000000000,12.300,50,37,0,1,true
14,9,rest,0,18.227111543,18.232812694,2209,0.000000000,12.300,50,37,0,1,true
14,9,rest,0,18.238738165,18.244710416,2209,0.000000000,12.300,50,37,0,1,true
14,9,rest,0,18.250985153,18.256896181,2209,0.000000000,12.300,50,37,0,1,true
14,9,rest,0,18.263161425,18.269215220,2209,0.000000000,12.300,50,37,0,1,true
14,9,rest,0,18.275462728,18.281011610,2209,0.000000000,12.300,50,37,0,1,true
14,9,rest,0,18.287107107,18.292964781,2209,0.000000000,12.300,50,36,0,1,true
14,9,rest,0,18.299023226,18.304938366,2209,0.000000000,12.300,50,37,0,1,true
14,9,rest,0,18.311038471,18.317268448,2209,0.000000000,12.300,50,37,0,1,true
14,9,rest,0,18.322975909,18.328797126,2209,0.000000000,12.300,50,37,0,1,true
14,9,rest,0,18.334808669,18.340751399,2209,0.000000000,12.300,50,38,0,1,true
14,9,rest,0,18.346842421,18.352831204,2209,0.000000000,12.300,50,37,0,1,true
14,9,rest,0,18.358789128,18.364880926,2209,0.000000000,12.300,50,37,0,1,true
14,9,rest,0,18.370702038,18.376949460,2209,0.000000000,12.300,50,37,0,1,true
14,9,rest,0,18.382861954,18.388880704,2209,0.000000000,12.200,50,37,0,1,true
14,9,rest,0,18.394941838,18.401264534,2209,0.000000000,12.300,50,37,0,1,true
14,9,rest,0,18.407003585,18.413302890,2209,0.000000000,12.300,50,37,0,1,true
14,9,rest,0,18.419143919,18.424895647,2209,0.000000000,12.300,50,37,0,1,true
14,9,rest,0,18.430978739,18.436754417,2209,0.000000000,12.300,50,37,0,1,true
14,9,rest,0,18.443009324,18.449036864,2209,0.000000000,12.300,50,37,0,1,true
14,9,rest,0,18.454939923,18.460995123,2209,0.000000000,12.300,50,36,0,1,true
14,9,rest,0,18.467007573,18.472832569,2209,0.000000000,12.300,50,37,0,1,true
14,9,rest,0,18.479013748,18.484761682,2209,0.000000000,12.300,50,37,0,1,true
14,9,rest,0,18.490905138,18.496854467,2209,0.000000000,12.200,50,37,0,1,true
14,9,rest,0,18.502882515,18.508961895,2209,0.000000000,12.300,50,37,0,1,true
14,9,rest,0,18.514961843,18.520782893,2209,0.000000000,12.200,50,37,0,1,true
14,9,rest,0,18.526842039,18.532855061,2209,0.000000000,12.200,50,37,0,1,true
14,9,rest,0,18.538747712,18.544951369,2209,0.000000000,12.200,50,36,0,1,true
14,9,rest,0,18.550746140,18.556910275,2209,0.000000000,12.200,50,37,0,1,true
14,9,rest,0,18.562861415,18.568796492,2209,0.000000000,12.200,50,37,0,1,true
14,9,rest,0,18.574775462,18.580904318,2209,0.000000000,12.200,50,37,0,1,true
14,9,rest,0,18.586832169,18.592816281,2209,0.000000000,12.300,50,37,0,1,true
14,9,rest,0,18.598854648,18.604780493,2209,0.000000000,12.200,50,37,0,1,true
14,9,rest,0,18.610777233,18.616824696,2209,0.000000000,12.300,50,37,0,1,true
14,9,rest,0,18.622848424,18.628927855,2209,0.000000000,12.200,50,37,0,1,true
14,9,rest,0,18.634701800,18.640864778,2209,0.000000000,12.300,50,37,0,1,true
14,9,rest,0,18.646692579,18.652826050,2209,0.000000000,12.300,50,37,0,1,true
14,9,rest,0,18.658774374,18.664930526,2209,0.000000000,12.300,50,37,0,1,true
14,9,rest,0,18.670907235,18.676912060,2209,0.000000000,12.200,50,37,0,1,true
14,9,rest,0,18.682770757,18.688868351,2209,0.000000000,12.200,50,37,0,1,true
14,9,rest,0,18.694817475,18.700890373,2209,0.000000000,12.300,50,37,0,1,true
14,9,rest,0,18.706836253,18.712853045,2209,0.000000000,12.300,50,37,0,1,true
14,9,rest,0,18.718758699,18.724745290,2209,0.000000000,12.300,50,37,0,1,true
14,9,rest,0,18.730840602,18.736751179,2209,0.000000000,12.300,50,37,0,1,true
14,9,rest,0,18.742871703,18.748880979,2209,0.000000000,12.300,50,37,0,1,true
14,9,rest,0,18.754832537,18.760783841,2209,0.000000000,12.300,50,37,0,1,true
14,9,rest,0,18.767725246,18.773047820,2209,0.000000000,12.300,50,37,0,1,true
14,9,rest,0,18.778754209,18.785010580,2209,0.000000000,12.300,50,37,0,1,true
14,9,rest,0,18.790822996,18.797155866,2209,0.000000000,12.300,50,37,0,1,true
14,9,rest,0,18.803234473,18.809698795,2209,0.000000000,12.300,50,37,0,1,true
14,9,rest,0,18.815143496,18.821276633,2209,0.000000000,12.300,50,37,0,1,true
14,9,rest,0,18.826756457,18.833016169,2209,0.000000000,12.300,50,37,0,1,true
14,9,rest,0,18.838874880,18.844860978,2209,0.000000000,12.300,50,37,0,1,true
14,9,rest,0,18.850755708,18.856804268,2209,0.000000000,12.300,50,37,0,1,true
15,9,pulse,-600,18.946893456,18.952912389,2209,0.000000000,12.100,50,328,0,0,true
15,9,pulse,-600,18.958796915,18.964911113,2200,-0.920388473,12.000,50,380,0,0,true
15,9,pulse,-600,18.970824679,18.976769837,2186,-1.687378867,12.000,50,370,0,0,true
15,9,pulse,-600,18.982768040,18.988888931,2169,-2.070874064,12.000,50,310,0,0,true
15,9,pulse,-600,18.994806353,19.000676268,2151,-2.224272142,12.000,50,250,0,0,true
15,9,pulse,-600,19.008293906,19.012764303,2129,-2.377670221,12.000,50,224,0,0,true
15,9,pulse,-600,19.018596311,19.024879573,2112,-2.531068300,12.000,50,203,0,0,true
15,9,pulse,-600,19.030822829,19.036861904,2092,-2.607767339,12.000,50,186,0,0,true
15,9,pulse,-600,19.042793608,19.048767944,2072,-2.607767339,12.000,50,165,0,0,true
15,9,pulse,-600,19.054741966,19.060834054,2051,-2.684466379,12.000,50,158,0,0,true
15,9,pulse,-600,19.066815320,19.072768577,2029,-2.684466379,12.100,50,155,0,0,true
15,9,pulse,-600,19.078852844,19.084792444,2008,-2.684466379,12.100,50,141,0,0,true
15,9,rest,0,19.096778672,19.102681484,1979,-2.684466379,12.100,50,82,0,1,true
15,9,rest,0,19.108672021,19.114679036,1967,-2.147573103,12.100,50,60,0,1,true
15,9,rest,0,19.120872801,19.126683878,1961,-1.227184630,12.100,50,48,0,1,true
15,9,rest,0,19.132670433,19.139119547,1958,-0.690291355,12.200,50,43,0,1,true
15,9,rest,0,19.144987618,19.151027909,1956,-0.306796158,12.200,50,39,0,1,true
15,9,rest,0,19.156611406,19.162876916,1956,-0.153398079,12.200,50,38,0,1,true
15,9,rest,0,19.168848348,19.174833406,1956,0.000000000,12.200,50,38,0,1,true
15,9,rest,0,19.180623412,19.186626376,1956,0.000000000,12.200,50,37,0,1,true
15,9,rest,0,19.192859886,19.198612304,1956,0.000000000,12.200,50,38,0,1,true
15,9,rest,0,19.204794250,19.210771891,1956,0.000000000,12.200,50,37,0,1,true
15,9,rest,0,19.216654014,19.222796375,1956,0.000000000,12.200,50,38,0,1,true
15,9,rest,0,19.228739764,19.234752643,1956,0.000000000,12.200,50,37,0,1,true
15,9,rest,0,19.240750221,19.246883473,1956,0.000000000,12.200,50,37,0,1,true
15,9,rest,0,19.252835511,19.258772842,1956,0.000000000,12.200,50,37,0,1,true
15,9,rest,0,19.264845189,19.270851392,1956,0.000000000,12.200,50,38,0,1,true
15,9,rest,0,19.276708377,19.282712571,1956,0.000000000,12.200,50,38,0,1,true
15,9,rest,0,19.289096850,19.294904226,1956,0.000000000,12.200,50,38,0,1,true
15,9,rest,0,19.301082864,19.307691048,1956,0.000000000,12.200,50,37,0,1,true
15,9,rest,0,19.313352522,19.319453254,1956,0.000000000,12.300,50,38,0,1,true
15,9,rest,0,19.324989895,19.331057013,1956,0.000000000,12.300,50,37,0,1,true
15,9,rest,0,19.337021194,19.342957121,1956,0.000000000,12.300,50,37,0,1,true
15,9,rest,0,19.348692657,19.355052584,1956,0.000000000,12.300,50,37,0,1,true
15,9,rest,0,19.360689996,19.366820072,1956,0.000000000,12.300,50,37,0,1,true
15,9,rest,0,19.373014808,19.378784035,1956,0.000000000,12.300,50,37,0,1,true
15,9,rest,0,19.384719662,19.390856078,1956,0.000000000,12.300,50,37,0,1,true
15,9,rest,0,19.396755607,19.402824836,1956,0.000000000,12.300,50,37,0,1,true
15,9,rest,0,19.408737455,19.414758223,1956,0.000000000,12.300,50,37,0,1,true
15,9,rest,0,19.420742178,19.426889667,1956,0.000000000,12.300,50,37,0,1,true
15,9,rest,0,19.432720437,19.438803854,1956,0.000000000,12.300,50,37,0,1,true
15,9,rest,0,19.444844974,19.450705908,1956,0.000000000,12.300,50,37,0,1,true
15,9,rest,0,19.456685094,19.463056394,1956,0.000000000,12.300,50,37,0,1,true
15,9,rest,0,19.468883561,19.475017312,1956,0.000000000,12.300,50,37,0,1,true
15,9,rest,0,19.480755796,19.486715312,1956,0.000000000,12.300,50,37,0,1,true
15,9,rest,0,19.492699957,19.498684407,1956,0.000000000,12.300,50,37,0,1,true
15,9,rest,0,19.504834764,19.510915553,1956,0.000000000,12.300,50,37,0,1,true
15,9,rest,0,19.516783076,19.522790582,1956,0.000000000,12.300,50,37,0,1,true
15,9,rest,0,19.528679181,19.534705087,1956,0.000000000,12.300,50,37,0,1,true
15,9,rest,0,19.540844689,19.546706778,1956,0.000000000,12.300,50,37,0,1,true
15,9,rest,0,19.552577070,19.558873230,1956,0.000000000,12.300,50,37,0,1,true
15,9,rest,0,19.564803927,19.571146102,1956,0.000000000,12.300,50,37,0,1,true
15,9,rest,0,19.577119894,19.583192389,1956,0.000000000,12.300,50,37,0,1,true
15,9,rest,0,19.589162907,19.594736302,1956,0.000000000,12.300,50,37,0,1,true
15,9,rest,0,19.600708875,19.606881342,1956,0.000000000,12.300,50,37,0,1,true
15,9,rest,0,19.612740409,19.618688727,1956,0.000000000,12.300,50,37,0,1,true
15,9,rest,0,19.624874949,19.630834087,1956,0.000000000,12.300,50,37,0,1,true
15,9,rest,0,19.636746607,19.642688944,1956,0.000000000,12.300,50,37,0,1,true
15,9,rest,0,19.648854860,19.654879973,1956,0.000000000,12.300,50,37,0,1,true
15,9,rest,0,19.660776012,19.666737651,1956,0.000000000,12.300,50,37,0,1,true
15,9,rest,0,19.672649931,19.678698832,1956,0.000000000,12.300,50,37,0,1,true
15,9,rest,0,19.684777722,19.690742204,1956,0.000000000,12.300,50,37,0,1,true
15,9,rest,0,19.696794050,19.702629615,1956,0.000000000,12.300,50,37,0,1,true
15,9,rest,0,19.708828399,19.714752863,1956,0.000000000,12.300,50,37,0,1,true
15,9,rest,0,19.720934826,19.726947071,1956,0.000000000,12.300,50,37,0,1,true
15,9,rest,0,19.732837846,19.738741131,1956,0.000000000,12.300,50,37,0,1,true
15,9,rest,0,19.744689019,19.750609423,1956,0.000000000,12.300,50,37,0,1,true
15,9,rest,0,19.756543258,19.762781537,1956,0.000000000,12.300,50,37,0,1,true
15,9,rest,0,19.768801122,19.774768783,1956,0.000000000,12.300,50,37,0,1,true
15,9,rest,0,19.780947962,19.787164143,1956,0.000000000,12.300,50,37,0,1,true
15,9,rest,0,19.793857223,19.798890606,1956,0.000000000,12.300,50,37,0,1,true
15,9,rest,0,19.804765000,19.810656632,1956,0.000000000,12.300,50,37,0,1,true
15,9,rest,0,19.816710085,19.822720260,1956,0.000000000,12.300,50,36,0,1,true
15,9,rest,0,19.828578387,19.834689833,1956,0.000000000,12.300,50,37,0,1,true
15,9,rest,0,19.840680886,19.846697195,1956,0.000000000,12.300,50,37,0,1,true
15,9,rest,0,19.852628936,19.858693338,1956,0.000000000,12.300,50,37,0,1,true
15,9,rest,0,19.864710797,19.870741659,1956,0.000000000,12.300,50,37,0,1,true
15,9,rest,0,19.876870589,19.882776736,1956,0.000000000,12.300,50,37,0,1,true
15,9,rest,0,19.888745386,19.894878737,1956,0.000000000,12.300,50,37,0,1,true
15,9,rest,0,19.900697197,19.906776472,1956,0.000000000,12.300,50,37,0,1,true
15,9,rest,0,19.912773547,19.918662823,1956,0.000000000,12.300,50,37,0,1,true
15,9,rest,0,19.924629977,19.930777627,1956,0.000000000,12.300,50,37,0,1,true
15,9,rest,0,19.936698619,19.942818781,1956,0.000000000,12.300,50,37,0,1,true
15,9,rest,0,19.948724788,19.954825566,1956,0.000000000,12.300,50,37,0,1,true
15,9,rest,0,19.960687286,19.966602944,1956,0.000000000,12.300,50,37,0,1,true
15,9,rest,0,19.972741099,19.978574583,1956,0.000000000,12.300,50,37,0,1,true
15,9,rest,0,19.984719991,19.990716930,1956,0.000000000,12.300,50,37,0,1,true
15,9,rest,0,19.996839313,20.002726285,1956,0.000000000,12.300,50,37,0,1,true
15,9,rest,0,20.008742841,20.014889149,1956,0.000000000,12.300,50,37,0,1,true
15,9,rest,0,20.020698486,20.026867701,1956,0.000000000,12.300,50,37,0,1,true
15,9,rest,0,20.032717376,20.038696800,1956,0.000000000,12.300,50,37,0,1,true
15,9,rest,0,20.044562599,20.050738516,1956,0.000000000,12.300,50,38,0,1,true
15,9,rest,0,20.056641412,20.062945871,1956,0.000000000,12.300,50,37,0,1,true
15,9,rest,0,20.069059903,20.075294586,1956,0.000000000,12.300,50,37,0,1,true
15,9,rest,0,20.081075681,20.087157610,1956,0.000000000,12.300,50,37,0,1,true
16,9,pulse,700,20.177814110,20.183265025,1956,0.000000000,12.100,50,395,0,0,true
16,9,pulse,700,20.189326230,20.195231360,1965,0.000000000,12.100,50,419,0,0,true
16,9,pulse,700,20.200929697,20.206715284,1981,1.610679827,12.000,50,386,0,0,true
16,9,pulse,700,20.212921512,20.218784719,2000,2.147573103,11.900,50,335,0,0,true
16,9,pulse,700,20.224847600,20.230842570,2021,2.531068300,11.900,50,270,0,0,true
16,9,pulse,700,20.236893278,20.242661079,2043,2.684466379,11.900,50,233,0,0,true
16,9,pulse,700,20.248596663,20.254718135,2066,2.914563497,11.900,50,202,0,0,true
16,9,pulse,700,20.260870157,20.266805489,2090,2.991262536,11.900,50,184,0,0,true
16,9,pulse,700,20.272759092,20.278665809,2114,2.991262536,12.000,50,169,0,0,true
16,9,pulse,700,20.284610385,20.291655620,2138,3.221359655,12.000,50,169,0,0,true
16,9,pulse,700,20.296838666,20.302586303,2162,3.144660615,12.000,50,180,0,0,true
16,9,pulse,700,20.308782175,20.314791687,2186,3.144660615,12.000,50,171,0,0,true
16,9,rest,0,20.326804120,20.332595965,2220,2.991262536,12.100,50,104,0,1,true
16,9,rest,0,20.338471731,20.344688493,2234,1.994175024,12.100,50,70,0,1,true
16,9,rest,0,20.350632915,20.356777257,2241,1.073786552,12.100,50,53,0,1,true
16,9,rest,0,20.362658564,20.368881380,2245,0.613592315,12.100,50,45,0,1,true
16,9,rest,0,20.375148930,20.380792461,2247,0.306796158,12.200,50,41,0,1,true
16,9,rest,0,20.386774485,20.393190962,2247,0.000000000,12.200,50,39,0,1,true
16,9,rest,0,20.399017538,20.404884424,2247,0.000000000,12.200,50,38,0,1,true
16,9,rest,0,20.410662352,20.416792224,2247,0.000000000,12.200,50,38,0,1,true
16,9,rest,0,20.422730730,20.428768362,2247,0.000000000,12.200,50,37,0,1,true
16,9,rest,0,20.434527404,20.440679910,2247,0.000000000,12.200,50,37,0,1,true
16,9,rest,0,20.446748594,20.452674027,2247,0.000000000,12.200,50,37,0,1,true
16,9,rest,0,20.458646480,20.464520037,2247,0.000000000,12.200,50,37,0,1,true
16,9,rest,0,20.470642600,20.476597643,2247,0.000000000,12.200,50,37,0,1,true
16,9,rest,0,20.482752501,20.488729821,2247,0.000000000,12.200,50,37,0,1,true
16,9,rest,0,20.494548792,20.500615920,2247,0.000000000,12.200,50,37,0,1,true
16,9,rest,0,20.506678171,20.512759038,2247,0.000000000,12.200,50,37,0,1,true
16,9,rest,0,20.518584956,20.524625841,2247,0.000000000,12.200,50,37,0,1,true
16,9,rest,0,20.530685909,20.536597935,2247,0.000000000,12.200,50,37,0,1,true
16,9,rest,0,20.542469110,20.548620061,2247,0.000000000,12.200,50,37,0,1,true
16,9,rest,0,20.554587657,20.560578552,2247,0.000000000,12.200,50,37,0,1,true
16,9,rest,0,20.566515337,20.572653766,2247,0.000000000,12.300,50,37,0,1,true
16,9,rest,0,20.578721519,20.584653312,2247,0.000000000,12.300,50,37,0,1,true
16,9,rest,0,20.590561334,20.596645367,2247,0.000000000,12.300,50,37,0,1,true
16,9,rest,0,20.602688706,20.608551403,2247,0.000000000,12.300,50,37,0,1,true
16,9,rest,0,20.614564805,20.620690944,2247,0.000000000,12.300,50,37,0,1,true
16,9,rest,0,20.626588441,20.632628764,2247,0.000000000,12.300,50,37,0,1,true
16,9,rest,0,20.638500129,20.644872422,2247,0.000000000,12.300,50,37,0,1,true
16,9,rest,0,20.650685546,20.656689974,2247,0.000000000,12.300,50,37,0,1,true
16,9,rest,0,20.662528253,20.668790264,2247,0.000000000,12.300,50,37,0,1,true
16,9,rest,0,20.674700486,20.680744030,2247,0.000000000,12.300,50,37,0,1,true
16,9,rest,0,20.686598086,20.692567742,2247,0.000000000,12.300,50,37,0,1,true
16,9,rest,0,20.698465504,20.704714174,2247,0.000000000,12.300,50,37,0,1,true
16,9,rest,0,20.710636740,20.716586079,2247,0.000000000,12.300,50,37,0,1,true
16,9,rest,0,20.722601154,20.728750465,2247,0.000000000,12.300,50,37,0,1,true
16,9,rest,0,20.734568515,20.740530376,2247,0.000000000,12.300,50,37,0,1,true
16,9,rest,0,20.746586209,20.752764164,2247,0.000000000,12.300,50,37,0,1,true
16,9,rest,0,20.758659764,20.764488501,2247,0.000000000,12.300,50,37,0,1,true
16,9,rest,0,20.770675796,20.776508453,2247,0.000000000,12.300,50,37,0,1,true
16,9,rest,0,20.782932476,20.788739889,2247,0.000000000,12.300,50,37,0,1,true
16,9,rest,0,20.795055960,20.801264105,2247,0.000000000,12.300,50,37,0,1,true
16,9,rest,0,20.806904284,20.812749529,2247,0.000000000,12.300,50,37,0,1,true
16,9,rest,0,20.818538599,20.824704109,2247,0.000000000,12.300,50,37,0,1,true
16,9,rest,0,20.830671622,20.836795114,2247,0.000000000,12.300,50,37,0,1,true
16,9,rest,0,20.842708634,20.848649470,2247,0.000000000,12.300,50,37,0,1,true
16,9,rest,0,20.854574002,20.860599357,2247,0.000000000,12.300,50,37,0,1,true
16,9,rest,0,20.866680758,20.872701497,2247,0.000000000,12.300,50,37,0,1,true
16,9,rest,0,20.878508209,20.884757284,2247,0.000000000,12.300,50,37,0,1,true
16,9,rest,0,20.890626099,20.896561172,2247,0.000000000,12.300,50,37,0,1,true
16,9,rest,0,20.902548486,20.908708492,2247,0.000000000,12.300,50,37,0,1,true
16,9,rest,0,20.914735309,20.920585140,2247,0.000000000,12.300,50,37,0,1,true
16,9,rest,0,20.926723348,20.932713992,2247,0.000000000,12.300,50,37,0,1,true
16,9,rest,0,20.938632597,20.944602259,2247,0.000000000,12.300,50,37,0,1,true
16,9,rest,0,20.950565824,20.956722241,2247,0.000000000,12.300,50,37,0,1,true
16,9,rest,0,20.962827792,20.968595464,2247,0.000000000,12.300,50,37,0,1,true
16,9,rest,0,20.974618265,20.981048520,2247,0.000000000,12.300,50,37,0,1,true
16,9,rest,0,20.986889919,20.992906091,2247,0.000000000,12.200,50,37,0,1,true
16,9,rest,0,20.998862162,21.004952318,2247,0.000000000,12.300,50,37,0,1,true
16,9,rest,0,21.010670543,21.016738230,2247,0.000000000,12.300,50,38,0,1,true
16,9,rest,0,21.022761135,21.028545248,2247,0.000000000,12.300,50,37,0,1,true
16,9,rest,0,21.034656245,21.040670854,2247,0.000000000,12.200,50,37,0,1,true
16,9,rest,0,21.046646155,21.052845993,2247,0.000000000,12.300,50,37,0,1,true
16,9,rest,0,21.058652541,21.064666842,2247,0.000000000,12.300,50,37,0,1,true
16,9,rest,0,21.070606195,21.076789759,2247,0.000000000,12.300,50,37,0,1,true
16,9,rest,0,21.082591155,21.088765471,2247,0.000000000,12.300,50,37,0,1,true
16,9,rest,0,21.094665368,21.100512678,2247,0.000000000,12.300,50,37,0,1,true
16,9,rest,0,21.106699164,21.112613020,2247,0.000000000,12.200,50,37,0,1,true
16,9,rest,0,21.118563546,21.124511037,2247,0.000000000,12.200,50,37,0,1,true
16,9,rest,0,21.130800108,21.136496595,2247,0.000000000,12.200,50,37,0,1,true
16,9,rest,0,21.142686737,21.148752104,2247,0.000000000,12.200,50,37,0,1,true
16,9,rest,0,21.154672353,21.160502599,2247,0.000000000,12.200,50,37,0,1,true
16,9,rest,0,21.166690906,21.172706453,2247,0.000000000,12.200,50,37,0,1,true
16,9,rest,0,21.178809928,21.184528519,2247,0.000000000,12.200,50,36,0,1,true
16,9,rest,0,21.190623230,21.196664736,2247,0.000000000,12.200,50,37,0,1,true
16,9,rest,0,21.202505376,21.208688218,2247,0.000000000,12.200,50,37,0,1,true
16,9,rest,0,21.214632841,21.220660053,2247,0.000000000,12.200,50,37,0,1,true
16,9,rest,0,21.226598308,21.232591575,2247,0.000000000,12.200,50,37,0,1,true
16,9,rest,0,21.238641023,21.244649984,2247,0.000000000,12.300,50,36,0,1,true
16,9,rest,0,21.250441183,21.256576707,2247,0.000000000,12.300,50,37,0,1,true
16,9,rest,0,21.262573690,21.268623365,2247,0.000000000,12.300,50,36,0,1,true
16,9,rest,0,21.274728778,21.280644050,2248,0.153398079,12.300,50,37,0,1,true
16,9,rest,0,21.286598387,21.292613501,2248,0.000000000,12.300,50,37,0,1,true
16,9,rest,0,21.298500323,21.304698271,2248,0.000000000,12.300,50,37,0,1,true
16,9,rest,0,21.310650248,21.316488210,2248,0.000000000,12.300,50,37,0,1,true
