Prepared examples/full-robot/measured-actuator-integration/gait-search-fast-12v5-2026-09-25/qualification-q32 (no simulation/search)
detailed: constructing production environment
detailed: 0.02s simulated, 0.44s wall
detailed: 0.52s simulated, 10.92s wall
detailed: 1.02s simulated, 23.34s wall
detailed: 1.52s simulated, 35.77s wall
detailed: 2.02s simulated, 47.39s wall
detailed: 2.52s simulated, 60.28s wall
detailed: 3.02s simulated, 72.33s wall
detailed: 3.52s simulated, 84.81s wall
reduced: constructing production environment
reduced: 0.02s simulated, 0.18s wall
reduced: 0.52s simulated, 4.42s wall
reduced: 1.02s simulated, 8.71s wall
reduced: 1.52s simulated, 13.39s wall
reduced: 2.02s simulated, 17.95s wall
reduced: 2.52s simulated, 22.47s wall
reduced: 3.02s simulated, 27.45s wall
reduced: 3.52s simulated, 32.08s wall
{"qualified":true,"reasons":[],"speedup":2.647740195103489}
using profile q32
wrote comparison-config.json; 36 supply voltages set to 12.5 V
3701 Bayesian attempt 0: preparing
3701 Bayesian 0: 0.02s simulated
3701 Bayesian 0: 1.02s simulated
3701 Bayesian 0: 2.02s simulated
3701 Bayesian 0: 3.02s simulated
{"attempts":1,"failed_attempts":0,"wall_hours":0.016074933231666665,"charged_simulation_s":3.6,"actual_simulation_s":3.6,"best_speed_m_s":0.08691969122347254,"improvement_m_s":0.0,"improvement_per_wall_hour":0.0,"screened_candidates":0,"screened_preparation_wall_hours":0.0}
{"attempts":1,"failed_attempts":0,"wall_hours":0.0,"charged_simulation_s":3.6,"actual_simulation_s":3.6,"best_speed_m_s":0.08691969122347254,"improvement_m_s":0.0,"improvement_per_wall_hour":null,"screened_candidates":0,"screened_preparation_wall_hours":0.0}
{"attempts":1,"failed_attempts":0,"wall_hours":0.0,"charged_simulation_s":3.6,"actual_simulation_s":3.6,"best_speed_m_s":0.08691969122347254,"improvement_m_s":0.0,"improvement_per_wall_hour":null,"screened_candidates":0,"screened_preparation_wall_hours":0.0}
{"attempts":1,"failed_attempts":0,"wall_hours":0.0,"charged_simulation_s":3.6,"actual_simulation_s":3.6,"best_speed_m_s":0.08691969122347254,"improvement_m_s":0.0,"improvement_per_wall_hour":null,"screened_candidates":0,"screened_preparation_wall_hours":0.0}
{"attempts":1,"failed_attempts":0,"wall_hours":0.0,"charged_simulation_s":3.6,"actual_simulation_s":3.6,"best_speed_m_s":0.08691969122347254,"improvement_m_s":0.0,"improvement_per_wall_hour":null,"screened_candidates":0,"screened_preparation_wall_hours":0.0}
{"attempts":1,"failed_attempts":0,"wall_hours":0.0,"charged_simulation_s":3.6,"actual_simulation_s":3.6,"best_speed_m_s":0.08691969122347254,"improvement_m_s":0.0,"improvement_per_wall_hour":null,"screened_candidates":0,"screened_preparation_wall_hours":0.0}
{"attempts":1,"failed_attempts":0,"wall_hours":0.0,"charged_simulation_s":3.6,"actual_simulation_s":3.6,"best_speed_m_s":0.08691969122347254,"improvement_m_s":0.0,"improvement_per_wall_hour":null,"screened_candidates":0,"screened_preparation_wall_hours":0.0}
{"attempts":1,"failed_attempts":0,"wall_hours":0.0,"charged_simulation_s":3.6,"actual_simulation_s":3.6,"best_speed_m_s":0.08691969122347254,"improvement_m_s":0.0,"improvement_per_wall_hour":null,"screened_candidates":0,"screened_preparation_wall_hours":0.0}
3704 Bayesian attempt 1: 2 candidates screened
3704 CmaEs attempt 1: 0 candidates screened
3702 CmaEs attempt 1: 1 candidates screened
3703 CmaEs attempt 1: 0 candidates screened
3704 Bayesian 1: 0.02s simulated
3702 Bayesian attempt 1: 0 candidates screened
3701 CmaEs attempt 1: 0 candidates screened
3701 Bayesian attempt 1: 5 candidates screened
3704 CmaEs 1: 0.02s simulated
3702 CmaEs 1: 0.02s simulated
3703 CmaEs 1: 0.02s simulated
3702 Bayesian 1: 0.02s simulated
3701 CmaEs 1: 0.02s simulated
3701 Bayesian 1: 0.02s simulated
3704 Bayesian 1: 1.02s simulated
3701 CmaEs 1: 1.02s simulated
3704 CmaEs 1: 1.02s simulated
3702 CmaEs 1: 1.02s simulated
3703 Bayesian attempt 1: 2 candidates screened
3703 CmaEs 1: 1.02s simulated
3702 Bayesian 1: 1.02s simulated
3701 Bayesian 1: 1.02s simulated
3703 Bayesian 1: 0.02s simulated
3704 Bayesian 1: 2.02s simulated
3701 CmaEs 1: 2.02s simulated
3702 CmaEs 1: 2.02s simulated
3704 CmaEs 1: 2.02s simulated
3703 CmaEs 1: 2.02s simulated
3702 Bayesian 1: 2.02s simulated
3703 Bayesian 1: 1.02s simulated
3704 Bayesian 1: 3.02s simulated
3701 Bayesian 1: 2.02s simulated
3701 CmaEs 1: 3.02s simulated
{"attempts":2,"failed_attempts":0,"wall_hours":0.022576507075555554,"charged_simulation_s":7.2,"actual_simulation_s":7.2,"best_speed_m_s":0.08691969122347254,"improvement_m_s":0.0,"improvement_per_wall_hour":0.0,"screened_candidates":2,"screened_preparation_wall_hours":0.0059852661125}
3702 CmaEs 1: 3.02s simulated
3703 CmaEs 1: 3.02s simulated
3704 CmaEs 1: 3.02s simulated
3702 Bayesian 1: 3.02s simulated
3703 Bayesian 1: 2.02s simulated
{"attempts":2,"failed_attempts":0,"wall_hours":0.024517114662777777,"charged_simulation_s":7.2,"actual_simulation_s":7.2,"best_speed_m_s":0.08691969122347254,"improvement_m_s":0.0,"improvement_per_wall_hour":0.0,"screened_candidates":0,"screened_preparation_wall_hours":0.0}
3701 Bayesian 1: 3.02s simulated
{"attempts":2,"failed_attempts":0,"wall_hours":0.025205037009166667,"charged_simulation_s":7.2,"actual_simulation_s":7.2,"best_speed_m_s":0.08691969122347254,"improvement_m_s":0.0,"improvement_per_wall_hour":0.0,"screened_candidates":1,"screened_preparation_wall_hours":0.0025734068813888893}
{"attempts":2,"failed_attempts":0,"wall_hours":0.025271108775833336,"charged_simulation_s":7.2,"actual_simulation_s":7.2,"best_speed_m_s":0.08691969122347254,"improvement_m_s":0.0,"improvement_per_wall_hour":0.0,"screened_candidates":0,"screened_preparation_wall_hours":0.0}
{"attempts":2,"failed_attempts":0,"wall_hours":0.025433534115555555,"charged_simulation_s":7.2,"actual_simulation_s":7.2,"best_speed_m_s":0.08691969122347254,"improvement_m_s":0.0,"improvement_per_wall_hour":0.0,"screened_candidates":0,"screened_preparation_wall_hours":0.0}
{"attempts":2,"failed_attempts":0,"wall_hours":0.026943388346944444,"charged_simulation_s":7.2,"actual_simulation_s":7.2,"best_speed_m_s":0.08691969122347254,"improvement_m_s":0.0,"improvement_per_wall_hour":0.0,"screened_candidates":0,"screened_preparation_wall_hours":0.0}
{"attempts":2,"failed_attempts":0,"wall_hours":0.0450054387961111,"charged_simulation_s":7.2,"actual_simulation_s":7.2,"best_speed_m_s":0.08691969122347254,"improvement_m_s":0.0,"improvement_per_wall_hour":0.0,"screened_candidates":5,"screened_preparation_wall_hours":0.006044493890833333}
3703 Bayesian 1: 3.02s simulated
{"attempts":2,"failed_attempts":0,"wall_hours":0.03347806095611111,"charged_simulation_s":7.2,"actual_simulation_s":7.2,"best_speed_m_s":0.08691969122347254,"improvement_m_s":0.0,"improvement_per_wall_hour":0.0,"screened_candidates":2,"screened_preparation_wall_hours":0.007871303013055556}
3704 Bayesian attempt 2: 1 candidates screened
3704 Bayesian 2: 0.02s simulated
3701 CmaEs attempt 2: 1 candidates screened
3703 CmaEs attempt 2: 0 candidates screened
3704 CmaEs attempt 2: 0 candidates screened
3702 CmaEs attempt 2: 0 candidates screened
3701 CmaEs 2: 0.02s simulated
3702 Bayesian attempt 2: 0 candidates screened
3703 CmaEs 2: 0.02s simulated
3704 CmaEs 2: 0.02s simulated
3702 CmaEs 2: 0.02s simulated
3704 Bayesian 2: 1.02s simulated
3701 Bayesian attempt 2: 0 candidates screened
3702 Bayesian 2: 0.02s simulated
3701 Bayesian 2: 0.02s simulated
3704 CmaEs 2: 1.02s simulated
3702 CmaEs 2: 1.02s simulated
3701 CmaEs 2: 1.02s simulated
3703 CmaEs 2: 1.02s simulated
3704 Bayesian 2: 2.02s simulated
3703 Bayesian attempt 2: 1 candidates screened
3702 Bayesian 2: 1.02s simulated
3703 Bayesian 2: 0.02s simulated
3701 Bayesian 2: 1.02s simulated
3704 CmaEs 2: 2.02s simulated
3702 CmaEs 2: 2.02s simulated
3701 CmaEs 2: 2.02s simulated
3703 CmaEs 2: 2.02s simulated
3704 Bayesian 2: 3.02s simulated
3702 Bayesian 2: 2.02s simulated
3703 Bayesian 2: 1.02s simulated
3704 CmaEs 2: 3.02s simulated
3702 CmaEs 2: 3.02s simulated
3701 CmaEs 2: 3.02s simulated
3701 Bayesian 2: 2.02s simulated
{"attempts":3,"failed_attempts":0,"wall_hours":0.04971639250361111,"charged_simulation_s":10.8,"actual_simulation_s":10.8,"best_speed_m_s":0.08691969122347254,"improvement_m_s":0.0,"improvement_per_wall_hour":0.0,"screened_candidates":3,"screened_preparation_wall_hours":0.0059852661125}
3703 CmaEs 2: 3.02s simulated
{"attempts":3,"failed_attempts":0,"wall_hours":0.05104930845083333,"charged_simulation_s":10.8,"actual_simulation_s":10.8,"best_speed_m_s":0.08691969122347254,"improvement_m_s":0.0,"improvement_per_wall_hour":0.0,"screened_candidates":0,"screened_preparation_wall_hours":0.0}
3702 Bayesian 2: 3.02s simulated
{"attempts":3,"failed_attempts":0,"wall_hours":0.051491121929722224,"charged_simulation_s":10.8,"actual_simulation_s":10.8,"best_speed_m_s":0.08691969122347254,"improvement_m_s":0.0,"improvement_per_wall_hour":0.0,"screened_candidates":1,"screened_preparation_wall_hours":0.0025734068813888893}
{"attempts":3,"failed_attempts":0,"wall_hours":0.05182268975361111,"charged_simulation_s":10.8,"actual_simulation_s":10.8,"best_speed_m_s":0.08691969122347254,"improvement_m_s":0.0,"improvement_per_wall_hour":0.0,"screened_candidates":1,"screened_preparation_wall_hours":0.0}
3703 Bayesian 2: 2.02s simulated
{"attempts":3,"failed_attempts":0,"wall_hours":0.053208619038333335,"charged_simulation_s":10.8,"actual_simulation_s":10.8,"best_speed_m_s":0.08691969122347254,"improvement_m_s":0.0,"improvement_per_wall_hour":0.0,"screened_candidates":0,"screened_preparation_wall_hours":0.0}
3701 Bayesian 2: 3.02s simulated
{"attempts":3,"failed_attempts":0,"wall_hours":0.05508540165888889,"charged_simulation_s":10.8,"actual_simulation_s":10.8,"best_speed_m_s":0.08691969122347254,"improvement_m_s":0.0,"improvement_per_wall_hour":0.0,"screened_candidates":0,"screened_preparation_wall_hours":0.0}
3703 Bayesian 2: 3.02s simulated
{"attempts":3,"failed_attempts":0,"wall_hours":0.07397790787944444,"charged_simulation_s":10.8,"actual_simulation_s":10.8,"best_speed_m_s":0.08691969122347254,"improvement_m_s":0.0,"improvement_per_wall_hour":0.0,"screened_candidates":5,"screened_preparation_wall_hours":0.006044493890833333}
{"attempts":3,"failed_attempts":0,"wall_hours":0.06091085213638889,"charged_simulation_s":10.8,"actual_simulation_s":10.8,"best_speed_m_s":0.08691969122347254,"improvement_m_s":0.0,"improvement_per_wall_hour":0.0,"screened_candidates":3,"screened_preparation_wall_hours":0.009936049473333333}
3704 CmaEs attempt 3: 0 candidates screened
3704 Bayesian attempt 3: 3 candidates screened
3702 CmaEs attempt 3: 1 candidates screened
3701 CmaEs attempt 3: 1 candidates screened
3704 CmaEs 3: 0.02s simulated
3704 Bayesian 3: 0.02s simulated
3703 CmaEs attempt 3: 0 candidates screened
3702 CmaEs 3: 0.02s simulated
3701 CmaEs 3: 0.02s simulated
3702 Bayesian attempt 3: 0 candidates screened
3703 CmaEs 3: 0.02s simulated
3704 CmaEs 3: 1.02s simulated
3702 Bayesian 3: 0.02s simulated
3704 Bayesian 3: 1.02s simulated
3701 CmaEs 3: 1.02s simulated
3702 CmaEs 3: 1.02s simulated
3701 Bayesian attempt 3: 1 candidates screened
3703 Bayesian attempt 3: 0 candidates screened
3703 CmaEs 3: 1.02s simulated
3701 Bayesian 3: 0.02s simulated
3704 CmaEs 3: 2.02s simulated
3703 Bayesian 3: 0.02s simulated
3702 Bayesian 3: 1.02s simulated
3702 CmaEs 3: 2.02s simulated
3701 CmaEs 3: 2.02s simulated
3704 Bayesian 3: 2.02s simulated
3703 CmaEs 3: 2.02s simulated
3704 CmaEs 3: 3.02s simulated
3701 Bayesian 3: 1.02s simulated
3703 Bayesian 3: 1.02s simulated
3702 Bayesian 3: 2.02s simulated
3702 CmaEs 3: 3.02s simulated
3701 CmaEs 3: 3.02s simulated
{"attempts":4,"failed_attempts":0,"wall_hours":0.07607927343027777,"charged_simulation_s":14.4,"actual_simulation_s":14.4,"best_speed_m_s":0.08691969122347254,"improvement_m_s":0.0,"improvement_per_wall_hour":0.0,"screened_candidates":0,"screened_preparation_wall_hours":0.0}
3704 Bayesian 3: 3.02s simulated
3703 CmaEs 3: 3.02s simulated
{"attempts":4,"failed_attempts":0,"wall_hours":0.07752773641055555,"charged_simulation_s":14.4,"actual_simulation_s":14.4,"best_speed_m_s":0.08691969122347254,"improvement_m_s":0.0,"improvement_per_wall_hour":0.0,"screened_candidates":2,"screened_preparation_wall_hours":0.016064739097222225}
3703 Bayesian 3: 2.02s simulated
3702 Bayesian 3: 3.02s simulated
{"attempts":4,"failed_attempts":0,"wall_hours":0.07865249077833333,"charged_simulation_s":14.4,"actual_simulation_s":14.4,"best_speed_m_s":0.08691969122347254,"improvement_m_s":0.0,"improvement_per_wall_hour":0.0,"screened_candidates":2,"screened_preparation_wall_hours":0.013137089674722222}
3701 Bayesian 3: 2.02s simulated
{"attempts":4,"failed_attempts":0,"wall_hours":0.07978580223111112,"charged_simulation_s":14.4,"actual_simulation_s":14.4,"best_speed_m_s":0.08691969122347254,"improvement_m_s":0.0,"improvement_per_wall_hour":0.0,"screened_candidates":0,"screened_preparation_wall_hours":0.0}
{"attempts":4,"failed_attempts":0,"wall_hours":0.08014611474666666,"charged_simulation_s":14.4,"actual_simulation_s":14.4,"best_speed_m_s":0.08691969122347254,"improvement_m_s":0.0,"improvement_per_wall_hour":0.0,"screened_candidates":6,"screened_preparation_wall_hours":0.008878250354166665}
{"attempts":4,"failed_attempts":0,"wall_hours":0.08175667581611111,"charged_simulation_s":14.4,"actual_simulation_s":14.4,"best_speed_m_s":0.08691969122347254,"improvement_m_s":0.0,"improvement_per_wall_hour":0.0,"screened_candidates":0,"screened_preparation_wall_hours":0.0}
3703 Bayesian 3: 3.02s simulated
3701 Bayesian 3: 3.02s simulated
{"attempts":4,"failed_attempts":0,"wall_hours":0.0871814941275,"charged_simulation_s":14.4,"actual_simulation_s":14.4,"best_speed_m_s":0.08691969122347254,"improvement_m_s":0.0,"improvement_per_wall_hour":0.0,"screened_candidates":3,"screened_preparation_wall_hours":0.009936049473333333}
{"attempts":4,"failed_attempts":0,"wall_hours":0.10489753469777778,"charged_simulation_s":14.4,"actual_simulation_s":14.4,"best_speed_m_s":0.11884561909475463,"improvement_m_s":0.031925927871282095,"improvement_per_wall_hour":0.30435346229312704,"screened_candidates":6,"screened_preparation_wall_hours":0.008403617083611111}
3704 CmaEs attempt 4: 0 candidates screened
3704 CmaEs 4: 0.02s simulated
3702 CmaEs attempt 4: 0 candidates screened
3701 CmaEs attempt 4: 0 candidates screened
3704 Bayesian attempt 4: 0 candidates screened
3703 CmaEs attempt 4: 0 candidates screened
3702 CmaEs 4: 0.02s simulated
3701 CmaEs 4: 0.02s simulated
3704 Bayesian 4: 0.02s simulated
3703 CmaEs 4: 0.02s simulated
3704 CmaEs 4: 1.02s simulated
3702 CmaEs 4: 1.02s simulated
3701 CmaEs 4: 1.02s simulated
3703 Bayesian attempt 4: 1 candidates screened
3703 CmaEs 4: 1.02s simulated
3704 Bayesian 4: 1.02s simulated
3701 Bayesian attempt 4: 0 candidates screened
3704 CmaEs 4: 2.02s simulated
3702 Bayesian attempt 4: 3 candidates screened
3703 Bayesian 4: 0.02s simulated
3702 CmaEs 4: 2.02s simulated
3701 CmaEs 4: 2.02s simulated
3701 Bayesian 4: 0.02s simulated
3702 Bayesian 4: 0.02s simulated
3704 Bayesian 4: 2.02s simulated
3703 CmaEs 4: 2.02s simulated
3704 CmaEs 4: 3.02s simulated
3703 Bayesian 4: 1.02s simulated
3702 CmaEs 4: 3.02s simulated
3702 Bayesian 4: 1.02s simulated
3701 Bayesian 4: 1.02s simulated
3701 CmaEs 4: 3.02s simulated
{"attempts":5,"failed_attempts":0,"wall_hours":0.10418376753972222,"charged_simulation_s":18.0,"actual_simulation_s":18.0,"best_speed_m_s":0.08691969122347254,"improvement_m_s":0.0,"improvement_per_wall_hour":0.0,"screened_candidates":0,"screened_preparation_wall_hours":0.0}
3703 CmaEs 4: 3.02s simulated
{"attempts":5,"failed_attempts":0,"wall_hours":0.1051236976386111,"charged_simulation_s":18.0,"actual_simulation_s":18.0,"best_speed_m_s":0.08691969122347254,"improvement_m_s":0.0,"improvement_per_wall_hour":0.0,"screened_candidates":2,"screened_preparation_wall_hours":0.016064739097222225}
3704 Bayesian 4: 3.02s simulated
{"attempts":5,"failed_attempts":0,"wall_hours":0.10561467430055556,"charged_simulation_s":18.0,"actual_simulation_s":18.0,"best_speed_m_s":0.08691969122347254,"improvement_m_s":0.0,"improvement_per_wall_hour":0.0,"screened_candidates":2,"screened_preparation_wall_hours":0.013137089674722222}
3702 Bayesian 4: 2.02s simulated
3703 Bayesian 4: 2.02s simulated
3701 Bayesian 4: 2.02s simulated
{"attempts":5,"failed_attempts":0,"wall_hours":0.10801720658166668,"charged_simulation_s":18.0,"actual_simulation_s":18.0,"best_speed_m_s":0.08691969122347254,"improvement_m_s":0.0,"improvement_per_wall_hour":0.0,"screened_candidates":0,"screened_preparation_wall_hours":0.0}
{"attempts":5,"failed_attempts":0,"wall_hours":0.10830219212222222,"charged_simulation_s":18.0,"actual_simulation_s":18.0,"best_speed_m_s":0.08691969122347254,"improvement_m_s":0.0,"improvement_per_wall_hour":0.0,"screened_candidates":6,"screened_preparation_wall_hours":0.008878250354166665}
3702 Bayesian 4: 3.02s simulated
3703 Bayesian 4: 3.02s simulated
3701 Bayesian 4: 3.02s simulated
{"attempts":5,"failed_attempts":0,"wall_hours":0.11418568379472221,"charged_simulation_s":18.0,"actual_simulation_s":18.0,"best_speed_m_s":0.08691969122347254,"improvement_m_s":0.0,"improvement_per_wall_hour":0.0,"screened_candidates":3,"screened_preparation_wall_hours":0.022784225653333334}
{"attempts":5,"failed_attempts":0,"wall_hours":0.11498975951888889,"charged_simulation_s":18.0,"actual_simulation_s":18.0,"best_speed_m_s":0.08691969122347254,"improvement_m_s":0.0,"improvement_per_wall_hour":0.0,"screened_candidates":4,"screened_preparation_wall_hours":0.015989523050277777}
{"attempts":5,"failed_attempts":0,"wall_hours":0.1325184334288889,"charged_simulation_s":18.0,"actual_simulation_s":18.0,"best_speed_m_s":0.11884561909475463,"improvement_m_s":0.031925927871282095,"improvement_per_wall_hour":0.24091688261930716,"screened_candidates":6,"screened_preparation_wall_hours":0.008403617083611111}
3704 CmaEs attempt 5: 0 candidates screened
3701 CmaEs attempt 5: 0 candidates screened
3704 CmaEs 5: 0.02s simulated
3701 CmaEs 5: 0.02s simulated
3703 CmaEs attempt 5: 1 candidates screened
3704 Bayesian attempt 5: 1 candidates screened
3703 CmaEs 5: 0.02s simulated
3704 Bayesian 5: 0.02s simulated
3704 CmaEs 5: 1.02s simulated
3701 CmaEs 5: 1.02s simulated
3702 Bayesian attempt 5: 1 candidates screened
3703 Bayesian attempt 5: 1 candidates screened
3703 CmaEs 5: 1.02s simulated
3702 Bayesian 5: 0.02s simulated
3704 Bayesian 5: 1.02s simulated
3703 Bayesian 5: 0.02s simulated
3704 CmaEs 5: 2.02s simulated
3701 Bayesian attempt 5: 2 candidates screened
3701 CmaEs 5: 2.02s simulated
3701 Bayesian 5: 0.02s simulated
3702 Bayesian 5: 1.02s simulated
3703 CmaEs 5: 2.02s simulated
3702 CmaEs attempt 5: 2 candidates screened
3704 CmaEs 5: 3.02s simulated
3704 Bayesian 5: 2.02s simulated
3703 Bayesian 5: 1.02s simulated
3702 CmaEs 5: 0.02s simulated
3701 CmaEs 5: 3.02s simulated
3702 Bayesian 5: 2.02s simulated
3701 Bayesian 5: 1.02s simulated
{"attempts":6,"failed_attempts":0,"wall_hours":0.134634496505,"charged_simulation_s":21.6,"actual_simulation_s":21.6,"best_speed_m_s":0.08691969122347254,"improvement_m_s":0.0,"improvement_per_wall_hour":0.0,"screened_candidates":0,"screened_preparation_wall_hours":0.0}
3703 CmaEs 5: 3.02s simulated
{"attempts":6,"failed_attempts":0,"wall_hours":0.13523148791416667,"charged_simulation_s":21.6,"actual_simulation_s":21.6,"best_speed_m_s":0.08691969122347254,"improvement_m_s":0.0,"improvement_per_wall_hour":0.0,"screened_candidates":2,"screened_preparation_wall_hours":0.013137089674722222}
3702 CmaEs 5: 1.02s simulated
3704 Bayesian 5: 3.02s simulated
3703 Bayesian 5: 2.02s simulated
{"attempts":6,"failed_attempts":0,"wall_hours":0.13754897416666667,"charged_simulation_s":21.6,"actual_simulation_s":21.6,"best_speed_m_s":0.08691969122347254,"improvement_m_s":0.0,"improvement_per_wall_hour":0.0,"screened_candidates":1,"screened_preparation_wall_hours":0.0}
3702 Bayesian 5: 3.02s simulated
3701 Bayesian 5: 2.02s simulated
{"attempts":6,"failed_attempts":0,"wall_hours":0.14001527196333333,"charged_simulation_s":21.6,"actual_simulation_s":21.6,"best_speed_m_s":0.08691969122347254,"improvement_m_s":0.0,"improvement_per_wall_hour":0.0,"screened_candidates":7,"screened_preparation_wall_hours":0.014085514360833332}
3702 CmaEs 5: 2.02s simulated
{"attempts":6,"failed_attempts":0,"wall_hours":0.1426641906086111,"charged_simulation_s":21.6,"actual_simulation_s":21.6,"best_speed_m_s":0.08691969122347254,"improvement_m_s":0.0,"improvement_per_wall_hour":0.0,"screened_candidates":4,"screened_preparation_wall_hours":0.02890511859138889}
3703 Bayesian 5: 3.02s simulated
3702 CmaEs 5: 3.02s simulated
3701 Bayesian 5: 3.02s simulated
3704 CmaEs attempt 6: 0 candidates screened
{"attempts":6,"failed_attempts":0,"wall_hours":0.14691319823138888,"charged_simulation_s":21.6,"actual_simulation_s":21.6,"best_speed_m_s":0.08691969122347254,"improvement_m_s":0.0,"improvement_per_wall_hour":0.0,"screened_candidates":5,"screened_preparation_wall_hours":0.027469996734166665}
3701 CmaEs attempt 6: 0 candidates screened
3704 CmaEs 6: 0.02s simulated
{"attempts":6,"failed_attempts":0,"wall_hours":0.14932794261583332,"charged_simulation_s":21.6,"actual_simulation_s":21.6,"best_speed_m_s":0.08691969122347254,"improvement_m_s":0.0,"improvement_per_wall_hour":0.0,"screened_candidates":4,"screened_preparation_wall_hours":0.04540119702583334}
{"attempts":6,"failed_attempts":0,"wall_hours":0.16615791276055555,"charged_simulation_s":21.6,"actual_simulation_s":21.6,"best_speed_m_s":0.11884561909475463,"improvement_m_s":0.031925927871282095,"improvement_per_wall_hour":0.1921420854466886,"screened_candidates":8,"screened_preparation_wall_hours":0.013854904789166667}
3701 CmaEs 6: 0.02s simulated
3703 CmaEs attempt 6: 0 candidates screened
3703 CmaEs 6: 0.02s simulated
3704 Bayesian attempt 6: 0 candidates screened
3704 CmaEs 6: 1.02s simulated
3701 CmaEs 6: 1.02s simulated
3704 Bayesian 6: 0.02s simulated
3702 Bayesian attempt 6: 0 candidates screened
3703 CmaEs 6: 1.02s simulated
3702 Bayesian 6: 0.02s simulated
3704 CmaEs 6: 2.02s simulated
3701 CmaEs 6: 2.02s simulated
3704 Bayesian 6: 1.02s simulated
3703 Bayesian attempt 6: 1 candidates screened
3703 CmaEs 6: 2.02s simulated
3703 Bayesian 6: 0.02s simulated
3702 Bayesian 6: 1.02s simulated
3702 CmaEs attempt 6: 0 candidates screened
3701 Bayesian attempt 6: 0 candidates screened
3701 CmaEs 6: 3.02s simulated
3704 CmaEs 6: 3.02s simulated
3702 CmaEs 6: 0.02s simulated
3704 Bayesian 6: 2.02s simulated
3701 Bayesian 6: 0.02s simulated
3703 Bayesian 6: 1.02s simulated
3703 CmaEs 6: 3.02s simulated
{"attempts":7,"failed_attempts":0,"wall_hours":0.16543465305138888,"charged_simulation_s":25.200000000000003,"actual_simulation_s":25.200000000000003,"best_speed_m_s":0.08691969122347254,"improvement_m_s":0.0,"improvement_per_wall_hour":0.0,"screened_candidates":2,"screened_preparation_wall_hours":0.013137089674722222}
{"attempts":7,"failed_attempts":0,"wall_hours":0.16559474322805556,"charged_simulation_s":25.200000000000003,"actual_simulation_s":25.200000000000003,"best_speed_m_s":0.08691969122347254,"improvement_m_s":0.0,"improvement_per_wall_hour":0.0,"screened_candidates":0,"screened_preparation_wall_hours":0.0}
3702 Bayesian 6: 2.02s simulated
3702 CmaEs 6: 1.02s simulated
{"attempts":7,"failed_attempts":0,"wall_hours":0.16755393781583333,"charged_simulation_s":25.200000000000003,"actual_simulation_s":25.200000000000003,"best_speed_m_s":0.08691969122347254,"improvement_m_s":0.0,"improvement_per_wall_hour":0.0,"screened_candidates":1,"screened_preparation_wall_hours":0.0}
3704 Bayesian 6: 3.02s simulated
3701 Bayesian 6: 1.02s simulated
3703 Bayesian 6: 2.02s simulated
3702 Bayesian 6: 3.02s simulated
{"attempts":7,"failed_attempts":0,"wall_hours":0.17122056147305553,"charged_simulation_s":25.200000000000003,"actual_simulation_s":25.200000000000003,"best_speed_m_s":0.08691969122347254,"improvement_m_s":0.0,"improvement_per_wall_hour":0.0,"screened_candidates":7,"screened_preparation_wall_hours":0.014085514360833332}
3702 CmaEs 6: 2.02s simulated
{"attempts":7,"failed_attempts":0,"wall_hours":0.1735642892375,"charged_simulation_s":25.200000000000003,"actual_simulation_s":25.200000000000003,"best_speed_m_s":0.08691969122347254,"improvement_m_s":0.0,"improvement_per_wall_hour":0.0,"screened_candidates":4,"screened_preparation_wall_hours":0.02890511859138889}
3701 Bayesian 6: 2.02s simulated
3703 Bayesian 6: 3.02s simulated
3702 CmaEs 6: 3.02s simulated
3701 CmaEs attempt 7: 0 candidates screened
{"attempts":7,"failed_attempts":0,"wall_hours":0.17838378906472221,"charged_simulation_s":25.200000000000003,"actual_simulation_s":25.200000000000003,"best_speed_m_s":0.09038847689355693,"improvement_m_s":0.0034687856700843928,"improvement_per_wall_hour":0.019445632858632846,"screened_candidates":6,"screened_preparation_wall_hours":0.03351375990166666}
3704 CmaEs attempt 7: 0 candidates screened
{"attempts":7,"failed_attempts":0,"wall_hours":0.17989461479666666,"charged_simulation_s":25.200000000000003,"actual_simulation_s":25.200000000000003,"best_speed_m_s":0.08691969122347254,"improvement_m_s":0.0,"improvement_per_wall_hour":0.0,"screened_candidates":4,"screened_preparation_wall_hours":0.04540119702583334}
3701 CmaEs 7: 0.02s simulated
3701 Bayesian 6: 3.02s simulated
3704 CmaEs 7: 0.02s simulated
3703 CmaEs attempt 7: 1 candidates screened
3703 CmaEs 7: 0.02s simulated
{"attempts":7,"failed_attempts":0,"wall_hours":0.20020361816305554,"charged_simulation_s":25.200000000000003,"actual_simulation_s":25.200000000000003,"best_speed_m_s":0.11884561909475463,"improvement_m_s":0.031925927871282095,"improvement_per_wall_hour":0.15946728717599934,"screened_candidates":8,"screened_preparation_wall_hours":0.013854904789166667}
3704 Bayesian attempt 7: 0 candidates screened
3704 CmaEs 7: 1.02s simulated
3701 CmaEs 7: 1.02s simulated
3704 Bayesian 7: 0.02s simulated
3702 Bayesian attempt 7: 0 candidates screened
3703 CmaEs 7: 1.02s simulated
3702 Bayesian 7: 0.02s simulated
3701 CmaEs 7: 2.02s simulated
3704 CmaEs 7: 2.02s simulated
3703 Bayesian attempt 7: 0 candidates screened
3704 Bayesian 7: 1.02s simulated
3702 Bayesian 7: 1.02s simulated
3702 CmaEs attempt 7: 0 candidates screened
3703 Bayesian 7: 0.02s simulated
3703 CmaEs 7: 2.02s simulated
3702 CmaEs 7: 0.02s simulated
3701 CmaEs 7: 3.02s simulated
3704 CmaEs 7: 3.02s simulated
3704 Bayesian 7: 2.02s simulated
3702 Bayesian 7: 2.02s simulated
3701 Bayesian attempt 7: 0 candidates screened
3703 Bayesian 7: 1.02s simulated
3703 CmaEs 7: 3.02s simulated
{"attempts":8,"failed_attempts":0,"wall_hours":0.19603450956666665,"charged_simulation_s":28.800000000000004,"actual_simulation_s":28.800000000000004,"best_speed_m_s":0.09325842200268357,"improvement_m_s":0.00633873077921103,"improvement_per_wall_hour":0.03233477000158168,"screened_candidates":2,"screened_preparation_wall_hours":0.013137089674722222}
3702 CmaEs 7: 1.02s simulated
{"attempts":8,"failed_attempts":0,"wall_hours":0.19633271233916666,"charged_simulation_s":28.800000000000004,"actual_simulation_s":28.800000000000004,"best_speed_m_s":0.08691969122347254,"improvement_m_s":0.0,"improvement_per_wall_hour":0.0,"screened_candidates":0,"screened_preparation_wall_hours":0.0}
3701 Bayesian 7: 0.02s simulated
3702 Bayesian 7: 3.02s simulated
3704 Bayesian 7: 3.02s simulated
{"attempts":8,"failed_attempts":0,"wall_hours":0.19899970369277778,"charged_simulation_s":28.800000000000004,"actual_simulation_s":28.800000000000004,"best_speed_m_s":0.09850093418643839,"improvement_m_s":0.011581242962965851,"improvement_per_wall_hour":0.05819728747358012,"screened_candidates":2,"screened_preparation_wall_hours":0.012778602180277779}
3703 Bayesian 7: 2.02s simulated
3702 CmaEs 7: 2.02s simulated
{"attempts":8,"failed_attempts":0,"wall_hours":0.20089851963666666,"charged_simulation_s":28.800000000000004,"actual_simulation_s":28.800000000000004,"best_speed_m_s":0.08691969122347254,"improvement_m_s":0.0,"improvement_per_wall_hour":0.0,"screened_candidates":4,"screened_preparation_wall_hours":0.02890511859138889}
3701 Bayesian 7: 1.02s simulated
{"attempts":8,"failed_attempts":0,"wall_hours":0.20191318323777777,"charged_simulation_s":28.800000000000004,"actual_simulation_s":28.800000000000004,"best_speed_m_s":0.08691969122347254,"improvement_m_s":0.0,"improvement_per_wall_hour":0.0,"screened_candidates":7,"screened_preparation_wall_hours":0.014085514360833332}
3702 CmaEs 7: 3.02s simulated
3703 Bayesian 7: 3.02s simulated
3701 Bayesian 7: 2.02s simulated
3701 CmaEs attempt 8: 0 candidates screened
{"attempts":8,"failed_attempts":0,"wall_hours":0.2084548444622222,"charged_simulation_s":28.800000000000004,"actual_simulation_s":28.800000000000004,"best_speed_m_s":0.08691969122347254,"improvement_m_s":0.0,"improvement_per_wall_hour":0.0,"screened_candidates":4,"screened_preparation_wall_hours":0.04540119702583334}
3704 CmaEs attempt 8: 0 candidates screened
{"attempts":8,"failed_attempts":0,"wall_hours":0.20918604082861111,"charged_simulation_s":28.800000000000004,"actual_simulation_s":28.800000000000004,"best_speed_m_s":0.09038847689355693,"improvement_m_s":0.0034687856700843928,"improvement_per_wall_hour":0.016582299929498712,"screened_candidates":6,"screened_preparation_wall_hours":0.03351375990166666}
3701 CmaEs 8: 0.02s simulated
3704 CmaEs 8: 0.02s simulated
3703 CmaEs attempt 8: 0 candidates screened
3703 CmaEs 8: 0.02s simulated
3702 Bayesian attempt 8: 0 candidates screened
3701 Bayesian 7: 3.02s simulated
3704 Bayesian attempt 8: 0 candidates screened
3701 CmaEs 8: 1.02s simulated
3704 CmaEs 8: 1.02s simulated
3702 Bayesian 8: 0.02s simulated
3704 Bayesian 8: 0.02s simulated
3703 CmaEs 8: 1.02s simulated
{"attempts":8,"failed_attempts":0,"wall_hours":0.23360407613888887,"charged_simulation_s":28.800000000000004,"actual_simulation_s":28.800000000000004,"best_speed_m_s":0.11884561909475463,"improvement_m_s":0.031925927871282095,"improvement_per_wall_hour":0.13666682704757513,"screened_candidates":8,"screened_preparation_wall_hours":0.013854904789166667}
3704 CmaEs 8: 2.02s simulated
3702 Bayesian 8: 1.02s simulated
3701 CmaEs 8: 2.02s simulated
3702 CmaEs attempt 8: 0 candidates screened
3703 Bayesian attempt 8: 0 candidates screened
3704 Bayesian 8: 1.02s simulated
3702 CmaEs 8: 0.02s simulated
3703 CmaEs 8: 2.02s simulated
3703 Bayesian 8: 0.02s simulated
3702 Bayesian 8: 2.02s simulated
3704 CmaEs 8: 3.02s simulated
3701 CmaEs 8: 3.02s simulated
3702 CmaEs 8: 1.02s simulated
3704 Bayesian 8: 2.02s simulated
3703 CmaEs 8: 3.02s simulated
3703 Bayesian 8: 1.02s simulated
{"attempts":9,"failed_attempts":0,"wall_hours":0.2264766154125,"charged_simulation_s":32.400000000000006,"actual_simulation_s":32.400000000000006,"best_speed_m_s":0.08691969122347254,"improvement_m_s":0.0,"improvement_per_wall_hour":0.0,"screened_candidates":0,"screened_preparation_wall_hours":0.0}
{"attempts":9,"failed_attempts":0,"wall_hours":0.22698061419249999,"charged_simulation_s":32.400000000000006,"actual_simulation_s":32.400000000000006,"best_speed_m_s":0.09409519715258541,"improvement_m_s":0.007175505929112869,"improvement_per_wall_hour":0.0316128580171494,"screened_candidates":2,"screened_preparation_wall_hours":0.013137089674722222}
3701 Bayesian attempt 8: 0 candidates screened
3702 Bayesian 8: 3.02s simulated
{"attempts":9,"failed_attempts":0,"wall_hours":0.22877359768083333,"charged_simulation_s":32.400000000000006,"actual_simulation_s":32.400000000000006,"best_speed_m_s":0.09850093418643839,"improvement_m_s":0.011581242962965851,"improvement_per_wall_hour":0.05062316228957101,"screened_candidates":2,"screened_preparation_wall_hours":0.012778602180277779}
3702 CmaEs 8: 2.02s simulated
3701 Bayesian 8: 0.02s simulated
3704 Bayesian 8: 3.02s simulated
3703 Bayesian 8: 2.02s simulated
{"attempts":9,"failed_attempts":0,"wall_hours":0.23201458491166665,"charged_simulation_s":32.400000000000006,"actual_simulation_s":32.400000000000006,"best_speed_m_s":0.0882710466358295,"improvement_m_s":0.0013513554123569665,"improvement_per_wall_hour":0.005824441652542916,"screened_candidates":4,"screened_preparation_wall_hours":0.02890511859138889}
{"attempts":9,"failed_attempts":0,"wall_hours":0.23269769978083332,"charged_simulation_s":32.400000000000006,"actual_simulation_s":32.400000000000006,"best_speed_m_s":0.08750560134309472,"improvement_m_s":0.0005859101196221822,"improvement_per_wall_hour":0.002517902498280054,"screened_candidates":7,"screened_preparation_wall_hours":0.014085514360833332}
3702 CmaEs 8: 3.02s simulated
3701 Bayesian 8: 1.02s simulated
3703 Bayesian 8: 3.02s simulated
{"attempts":9,"failed_attempts":0,"wall_hours":0.23672743772333332,"charged_simulation_s":32.400000000000006,"actual_simulation_s":32.400000000000006,"best_speed_m_s":0.08691969122347254,"improvement_m_s":0.0,"improvement_per_wall_hour":0.0,"screened_candidates":4,"screened_preparation_wall_hours":0.04540119702583334}
3704 CmaEs attempt 9: 0 candidates screened
3701 CmaEs attempt 9: 0 candidates screened
{"attempts":9,"failed_attempts":0,"wall_hours":0.23976967055027779,"charged_simulation_s":32.400000000000006,"actual_simulation_s":32.400000000000006,"best_speed_m_s":0.09105634566049872,"improvement_m_s":0.004136654437026183,"improvement_per_wall_hour":0.01725261759559685,"screened_candidates":6,"screened_preparation_wall_hours":0.03351375990166666}
3704 CmaEs 9: 0.02s simulated
3701 CmaEs 9: 0.02s simulated
3703 CmaEs attempt 9: 0 candidates screened
3701 Bayesian 8: 2.02s simulated
3703 CmaEs 9: 0.02s simulated
3704 CmaEs 9: 1.02s simulated
3701 CmaEs 9: 1.02s simulated
3702 Bayesian attempt 9: 0 candidates screened
3704 Bayesian attempt 9: 0 candidates screened
3701 Bayesian 8: 3.02s simulated
3702 Bayesian 9: 0.02s simulated
3703 CmaEs 9: 1.02s simulated
3704 Bayesian 9: 0.02s simulated
3704 CmaEs 9: 2.02s simulated
3701 CmaEs 9: 2.02s simulated
{"attempts":9,"failed_attempts":0,"wall_hours":0.2651409450097222,"charged_simulation_s":32.400000000000006,"actual_simulation_s":32.400000000000006,"best_speed_m_s":0.11884561909475463,"improvement_m_s":0.031925927871282095,"improvement_per_wall_hour":0.12041115667786216,"screened_candidates":8,"screened_preparation_wall_hours":0.013854904789166667}
3702 CmaEs attempt 9: 0 candidates screened
3702 Bayesian 9: 1.02s simulated
3704 Bayesian 9: 1.02s simulated
3702 CmaEs 9: 0.02s simulated
3703 CmaEs 9: 2.02s simulated
3703 Bayesian attempt 9: 0 candidates screened
3704 CmaEs 9: 3.02s simulated
3701 CmaEs 9: 3.02s simulated
3703 Bayesian 9: 0.02s simulated
{"attempts":10,"failed_attempts":0,"wall_hours":0.2541655600691667,"charged_simulation_s":36.00000000000001,"actual_simulation_s":36.00000000000001,"best_speed_m_s":0.08691969122347254,"improvement_m_s":0.0,"improvement_per_wall_hour":0.0,"screened_candidates":0,"screened_preparation_wall_hours":0.0}
3702 CmaEs 9: 1.02s simulated
{"attempts":10,"failed_attempts":0,"wall_hours":0.2542720612125,"charged_simulation_s":36.00000000000001,"actual_simulation_s":36.00000000000001,"best_speed_m_s":0.09409519715258541,"improvement_m_s":0.007175505929112869,"improvement_per_wall_hour":0.028219796917114546,"screened_candidates":2,"screened_preparation_wall_hours":0.013137089674722222}
3704 Bayesian 9: 2.02s simulated
3703 CmaEs 9: 3.02s simulated
3702 Bayesian 9: 2.02s simulated
3703 Bayesian 9: 1.02s simulated
{"attempts":10,"failed_attempts":0,"wall_hours":0.25779977367,"charged_simulation_s":36.00000000000001,"actual_simulation_s":36.00000000000001,"best_speed_m_s":0.09850093418643839,"improvement_m_s":0.011581242962965851,"improvement_per_wall_hour":0.04492340236803533,"screened_candidates":2,"screened_preparation_wall_hours":0.012778602180277779}
3702 CmaEs 9: 2.02s simulated
3704 Bayesian 9: 3.02s simulated
3701 Bayesian attempt 9: 0 candidates screened
3702 Bayesian 9: 3.02s simulated
3703 Bayesian 9: 2.02s simulated
3701 Bayesian 9: 0.02s simulated
{"attempts":10,"failed_attempts":0,"wall_hours":0.2625752087761111,"charged_simulation_s":36.00000000000001,"actual_simulation_s":36.00000000000001,"best_speed_m_s":0.08750560134309472,"improvement_m_s":0.0005859101196221822,"improvement_per_wall_hour":0.002231399233587843,"screened_candidates":7,"screened_preparation_wall_hours":0.014085514360833332}
{"attempts":10,"failed_attempts":0,"wall_hours":0.2631312866872222,"charged_simulation_s":36.00000000000001,"actual_simulation_s":36.00000000000001,"best_speed_m_s":0.08958699266925425,"improvement_m_s":0.002667301445781714,"improvement_per_wall_hour":0.010136770428794623,"screened_candidates":4,"screened_preparation_wall_hours":0.02890511859138889}
3702 CmaEs 9: 3.02s simulated
3704 CmaEs attempt 10: 1 candidates screened
3703 Bayesian 9: 3.02s simulated
3701 CmaEs attempt 10: 0 candidates screened
{"attempts":10,"failed_attempts":0,"wall_hours":0.2666334312108333,"charged_simulation_s":36.00000000000001,"actual_simulation_s":36.00000000000001,"best_speed_m_s":0.08691969122347254,"improvement_m_s":0.0,"improvement_per_wall_hour":0.0,"screened_candidates":4,"screened_preparation_wall_hours":0.04540119702583334}
3701 Bayesian 9: 1.02s simulated
3704 CmaEs 10: 0.02s simulated
3701 CmaEs 10: 0.02s simulated
3703 CmaEs attempt 10: 0 candidates screened
3703 CmaEs 10: 0.02s simulated
{"attempts":10,"failed_attempts":0,"wall_hours":0.27131495224333335,"charged_simulation_s":36.00000000000001,"actual_simulation_s":36.00000000000001,"best_speed_m_s":0.09105634566049872,"improvement_m_s":0.004136654437026183,"improvement_per_wall_hour":0.015246688038468868,"screened_candidates":6,"screened_preparation_wall_hours":0.03351375990166666}
3701 CmaEs 10: 1.02s simulated
3704 CmaEs 10: 1.02s simulated
3701 Bayesian 9: 2.02s simulated
3704 Bayesian attempt 10: 0 candidates screened
3703 CmaEs 10: 1.02s simulated
3702 Bayesian attempt 10: 0 candidates screened
3704 Bayesian 10: 0.02s simulated
3702 Bayesian 10: 0.02s simulated
3701 CmaEs 10: 2.02s simulated
3704 CmaEs 10: 2.02s simulated
3701 Bayesian 9: 3.02s simulated
3702 CmaEs attempt 10: 0 candidates screened
3703 CmaEs 10: 2.02s simulated
3704 Bayesian 10: 1.02s simulated
3702 CmaEs 10: 0.02s simulated
3702 Bayesian 10: 1.02s simulated
{"attempts":10,"failed_attempts":0,"wall_hours":0.2977576098816666,"charged_simulation_s":36.00000000000001,"actual_simulation_s":36.00000000000001,"best_speed_m_s":0.12152757755589533,"improvement_m_s":0.03460788633242279,"improvement_per_wall_hour":0.11622838572010465,"screened_candidates":8,"screened_preparation_wall_hours":0.013854904789166667}
3701 CmaEs 10: 3.02s simulated
3704 CmaEs 10: 3.02s simulated
3703 CmaEs 10: 3.02s simulated
3703 Bayesian attempt 10: 0 candidates screened
3702 CmaEs 10: 1.02s simulated
3703 Bayesian 10: 0.02s simulated
{"attempts":11,"failed_attempts":0,"wall_hours":0.28470879902583335,"charged_simulation_s":39.60000000000001,"actual_simulation_s":39.60000000000001,"best_speed_m_s":0.09409519715258541,"improvement_m_s":0.007175505929112869,"improvement_per_wall_hour":0.02520296511265109,"screened_candidates":2,"screened_preparation_wall_hours":0.013137089674722222}
3704 Bayesian 10: 2.02s simulated
{"attempts":11,"failed_attempts":0,"wall_hours":0.28506611797361114,"charged_simulation_s":39.60000000000001,"actual_simulation_s":39.60000000000001,"best_speed_m_s":0.09255404365401759,"improvement_m_s":0.005634352430545053,"improvement_per_wall_hour":0.019765072294795242,"screened_candidates":1,"screened_preparation_wall_hours":0.001910111013611111}
{"attempts":11,"failed_attempts":0,"wall_hours":0.2855643053413889,"charged_simulation_s":39.60000000000001,"actual_simulation_s":39.60000000000001,"best_speed_m_s":0.09850093418643839,"improvement_m_s":0.011581242962965851,"improvement_per_wall_hour":0.040555639295046374,"screened_candidates":2,"screened_preparation_wall_hours":0.012778602180277779}
3702 Bayesian 10: 2.02s simulated
3702 CmaEs 10: 2.02s simulated
3703 Bayesian 10: 1.02s simulated
3704 Bayesian 10: 3.02s simulated
3702 Bayesian 10: 3.02s simulated
{"attempts":11,"failed_attempts":0,"wall_hours":0.2934968301897222,"charged_simulation_s":39.60000000000001,"actual_simulation_s":39.60000000000001,"best_speed_m_s":0.08750560134309472,"improvement_m_s":0.0005859101196221822,"improvement_per_wall_hour":0.0019963081687915953,"screened_candidates":7,"screened_preparation_wall_hours":0.014085514360833332}
3702 CmaEs 10: 3.02s simulated
3701 Bayesian attempt 10: 0 candidates screened
3703 Bayesian 10: 2.02s simulated
3701 Bayesian 10: 0.02s simulated
{"attempts":11,"failed_attempts":0,"wall_hours":0.29692099770249997,"charged_simulation_s":39.60000000000001,"actual_simulation_s":39.60000000000001,"best_speed_m_s":0.09333494714054733,"improvement_m_s":0.006415255917074786,"improvement_per_wall_hour":0.02160593547345733,"screened_candidates":4,"screened_preparation_wall_hours":0.02890511859138889}
3703 CmaEs attempt 11: 0 candidates screened
{"attempts":11,"failed_attempts":0,"wall_hours":0.29743693586777775,"charged_simulation_s":39.60000000000001,"actual_simulation_s":39.60000000000001,"best_speed_m_s":0.08691969122347254,"improvement_m_s":0.0,"improvement_per_wall_hour":0.0,"screened_candidates":4,"screened_preparation_wall_hours":0.04540119702583334}
3701 CmaEs attempt 11: 0 candidates screened
3703 CmaEs 11: 0.02s simulated
3701 CmaEs 11: 0.02s simulated
3703 Bayesian 10: 3.02s simulated
3704 CmaEs attempt 11: 2 candidates screened
3701 Bayesian 10: 1.02s simulated
3704 CmaEs 11: 0.02s simulated
3703 CmaEs 11: 1.02s simulated
{"attempts":11,"failed_attempts":0,"wall_hours":0.3046592357055556,"charged_simulation_s":39.60000000000001,"actual_simulation_s":39.60000000000001,"best_speed_m_s":0.09132315046527999,"improvement_m_s":0.0044034592418074475,"improvement_per_wall_hour":0.014453719847388,"screened_candidates":6,"screened_preparation_wall_hours":0.03351375990166666}
3701 CmaEs 11: 1.02s simulated
3704 Bayesian attempt 11: 0 candidates screened
3703 CmaEs 11: 2.02s simulated
3701 Bayesian 10: 2.02s simulated
3702 Bayesian attempt 11: 0 candidates screened
3704 Bayesian 11: 0.02s simulated
3702 CmaEs attempt 11: 0 candidates screened
3701 CmaEs 11: 2.02s simulated
3702 Bayesian 11: 0.02s simulated
3703 CmaEs 11: 3.02s simulated
3704 CmaEs 11: 1.02s simulated
3702 CmaEs 11: 0.02s simulated
3701 Bayesian 10: 3.02s simulated
3702 Bayesian 11: 1.02s simulated
3704 Bayesian 11: 1.02s simulated
{"attempts":12,"failed_attempts":0,"wall_hours":0.31306487788638887,"charged_simulation_s":43.20000000000001,"actual_simulation_s":43.20000000000001,"best_speed_m_s":0.09850093418643839,"improvement_m_s":0.011581242962965851,"improvement_per_wall_hour":0.0369931083970674,"screened_candidates":2,"screened_preparation_wall_hours":0.012778602180277779}
3702 CmaEs 11: 1.02s simulated
3701 CmaEs 11: 3.02s simulated
3704 CmaEs 11: 2.02s simulated
{"attempts":11,"failed_attempts":0,"wall_hours":0.33150949611055547,"charged_simulation_s":39.60000000000001,"actual_simulation_s":39.60000000000001,"best_speed_m_s":0.12152757755589533,"improvement_m_s":0.03460788633242279,"improvement_per_wall_hour":0.10439485667367238,"screened_candidates":8,"screened_preparation_wall_hours":0.013854904789166667}
{"attempts":12,"failed_attempts":0,"wall_hours":0.31689183320722225,"charged_simulation_s":43.20000000000001,"actual_simulation_s":43.20000000000001,"best_speed_m_s":0.09409519715258541,"improvement_m_s":0.007175505929112869,"improvement_per_wall_hour":0.022643391773434104,"screened_candidates":2,"screened_preparation_wall_hours":0.013137089674722222}
3702 Bayesian 11: 2.02s simulated
3702 CmaEs 11: 2.02s simulated
3704 Bayesian 11: 2.02s simulated
3704 CmaEs 11: 3.02s simulated
{"attempts":12,"failed_attempts":0,"wall_hours":0.3215756703761111,"charged_simulation_s":43.20000000000001,"actual_simulation_s":43.20000000000001,"best_speed_m_s":0.09255404365401759,"improvement_m_s":0.005634352430545053,"improvement_per_wall_hour":0.017521078083908466,"screened_candidates":3,"screened_preparation_wall_hours":0.006263865220833334}
3702 CmaEs 11: 3.02s simulated
3702 Bayesian 11: 3.02s simulated
3704 Bayesian 11: 3.02s simulated
{"attempts":12,"failed_attempts":0,"wall_hours":0.3253979282286111,"charged_simulation_s":43.20000000000001,"actual_simulation_s":43.20000000000001,"best_speed_m_s":0.08691969122347254,"improvement_m_s":0.0,"improvement_per_wall_hour":0.0,"screened_candidates":4,"screened_preparation_wall_hours":0.04540119702583334}
3703 CmaEs attempt 12: 0 candidates screened
{"attempts":12,"failed_attempts":0,"wall_hours":0.32593957697527776,"charged_simulation_s":43.20000000000001,"actual_simulation_s":43.20000000000001,"best_speed_m_s":0.09333494714054733,"improvement_m_s":0.006415255917074786,"improvement_per_wall_hour":0.019682347190262746,"screened_candidates":4,"screened_preparation_wall_hours":0.02890511859138889}
3703 Bayesian attempt 11: 4 candidates screened
3703 CmaEs 12: 0.02s simulated
3703 Bayesian 11: 0.02s simulated
{"attempts":12,"failed_attempts":0,"wall_hours":0.3280645387858333,"charged_simulation_s":43.20000000000001,"actual_simulation_s":43.20000000000001,"best_speed_m_s":0.10186697856944177,"improvement_m_s":0.014947287345969229,"improvement_per_wall_hour":0.04556203301121521,"screened_candidates":7,"screened_preparation_wall_hours":0.014085514360833332}
3701 CmaEs attempt 12: 0 candidates screened
3701 Bayesian attempt 11: 1 candidates screened
3701 CmaEs 12: 0.02s simulated
3701 Bayesian 11: 0.02s simulated
3703 CmaEs 12: 1.02s simulated
3703 Bayesian 11: 1.02s simulated
3701 CmaEs 12: 1.02s simulated
3704 CmaEs attempt 12: 0 candidates screened
3701 Bayesian 11: 1.02s simulated
3703 CmaEs 12: 2.02s simulated
3703 Bayesian 11: 2.02s simulated
3704 CmaEs 12: 0.02s simulated
3702 CmaEs attempt 12: 0 candidates screened
3701 CmaEs 12: 2.02s simulated
3702 CmaEs 12: 0.02s simulated
3703 CmaEs 12: 3.02s simulated
3704 CmaEs 12: 1.02s simulated
3701 Bayesian 11: 2.02s simulated
3703 Bayesian 11: 3.02s simulated
{"attempts":13,"failed_attempts":0,"wall_hours":0.34166221222,"charged_simulation_s":46.80000000000001,"actual_simulation_s":46.80000000000001,"best_speed_m_s":0.09850093418643839,"improvement_m_s":0.011581242962965851,"improvement_per_wall_hour":0.033896762793037716,"screened_candidates":2,"screened_preparation_wall_hours":0.012778602180277779}
3702 CmaEs 12: 1.02s simulated
{"attempts":12,"failed_attempts":0,"wall_hours":0.34302013272083337,"charged_simulation_s":43.20000000000001,"actual_simulation_s":43.20000000000001,"best_speed_m_s":0.09132315046527999,"improvement_m_s":0.0044034592418074475,"improvement_per_wall_hour":0.012837320092203447,"screened_candidates":10,"screened_preparation_wall_hours":0.04866585844444444}
3701 CmaEs 12: 3.02s simulated
3704 CmaEs 12: 2.02s simulated
3701 Bayesian 11: 3.02s simulated
{"attempts":13,"failed_attempts":0,"wall_hours":0.34583341102861115,"charged_simulation_s":46.80000000000001,"actual_simulation_s":46.80000000000001,"best_speed_m_s":0.09409519715258541,"improvement_m_s":0.007175505929112869,"improvement_per_wall_hour":0.020748446217994918,"screened_candidates":2,"screened_preparation_wall_hours":0.013137089674722222}
3702 CmaEs 12: 2.02s simulated
3702 Bayesian attempt 12: 4 candidates screened
{"attempts":12,"failed_attempts":0,"wall_hours":0.36429193068472215,"charged_simulation_s":43.20000000000001,"actual_simulation_s":43.20000000000001,"best_speed_m_s":0.13233115559911257,"improvement_m_s":0.04541146437564003,"improvement_per_wall_hour":0.12465679459406297,"screened_candidates":9,"screened_preparation_wall_hours":0.019068977636944446}
3704 CmaEs 12: 3.02s simulated
3702 Bayesian 12: 0.02s simulated
3702 CmaEs 12: 3.02s simulated
{"attempts":13,"failed_attempts":0,"wall_hours":0.35242617295583334,"charged_simulation_s":46.80000000000001,"actual_simulation_s":46.80000000000001,"best_speed_m_s":0.09255404365401759,"improvement_m_s":0.005634352430545053,"improvement_per_wall_hour":0.015987326886902808,"screened_candidates":3,"screened_preparation_wall_hours":0.006263865220833334}
3704 Bayesian attempt 12: 2 candidates screened
3702 Bayesian 12: 1.02s simulated
{"attempts":13,"failed_attempts":0,"wall_hours":0.35409239570138884,"charged_simulation_s":46.80000000000001,"actual_simulation_s":46.80000000000001,"best_speed_m_s":0.08691969122347254,"improvement_m_s":0.0,"improvement_per_wall_hour":0.0,"screened_candidates":4,"screened_preparation_wall_hours":0.04540119702583334}
3703 CmaEs attempt 13: 0 candidates screened
3704 Bayesian 12: 0.02s simulated
3703 CmaEs 13: 0.02s simulated
3701 CmaEs attempt 13: 0 candidates screened
3702 Bayesian 12: 2.02s simulated
3704 Bayesian 12: 1.02s simulated
3701 Bayesian attempt 12: 1 candidates screened
3701 CmaEs 13: 0.02s simulated
3703 CmaEs 13: 1.02s simulated
3701 Bayesian 12: 0.02s simulated
3701 CmaEs 13: 1.02s simulated
3702 Bayesian 12: 3.02s simulated
3703 CmaEs 13: 2.02s simulated
3704 Bayesian 12: 2.02s simulated
3704 CmaEs attempt 13: 0 candidates screened
3702 CmaEs attempt 13: 0 candidates screened
3701 Bayesian 12: 1.02s simulated
{"attempts":13,"failed_attempts":0,"wall_hours":0.36616591059055553,"charged_simulation_s":46.80000000000001,"actual_simulation_s":46.80000000000001,"best_speed_m_s":0.09333494714054733,"improvement_m_s":0.006415255917074786,"improvement_per_wall_hour":0.017520079645667194,"screened_candidates":8,"screened_preparation_wall_hours":0.043888359208611116}
3704 CmaEs 13: 0.02s simulated
3702 CmaEs 13: 0.02s simulated
3701 CmaEs 13: 2.02s simulated
3703 CmaEs 13: 3.02s simulated
3703 Bayesian attempt 12: 3 candidates screened
3701 Bayesian 12: 2.02s simulated
3702 CmaEs 13: 1.02s simulated
3703 Bayesian 12: 0.02s simulated
3704 Bayesian 12: 3.02s simulated
3704 CmaEs 13: 1.02s simulated
{"attempts":14,"failed_attempts":0,"wall_hours":0.36967164119638884,"charged_simulation_s":50.40000000000001,"actual_simulation_s":50.40000000000001,"best_speed_m_s":0.09850093418643839,"improvement_m_s":0.011581242962965851,"improvement_per_wall_hour":0.031328459292914196,"screened_candidates":2,"screened_preparation_wall_hours":0.012778602180277779}
3701 CmaEs 13: 3.02s simulated
{"attempts":13,"failed_attempts":0,"wall_hours":0.37239181908138885,"charged_simulation_s":46.80000000000001,"actual_simulation_s":46.80000000000001,"best_speed_m_s":0.10827808083033996,"improvement_m_s":0.021358389606867423,"improvement_per_wall_hour":0.05735461552177492,"screened_candidates":9,"screened_preparation_wall_hours":0.031516402845555555}
3702 CmaEs 13: 2.02s simulated
3703 Bayesian 12: 1.02s simulated
{"attempts":14,"failed_attempts":0,"wall_hours":0.3733163499675,"charged_simulation_s":50.40000000000001,"actual_simulation_s":50.40000000000001,"best_speed_m_s":0.09409519715258541,"improvement_m_s":0.007175505929112869,"improvement_per_wall_hour":0.01922097955189359,"screened_candidates":2,"screened_preparation_wall_hours":0.013137089674722222}
3704 CmaEs 13: 2.02s simulated
3701 Bayesian 12: 3.02s simulated
3702 CmaEs 13: 3.02s simulated
{"attempts":13,"failed_attempts":0,"wall_hours":0.3936546647927777,"charged_simulation_s":46.80000000000001,"actual_simulation_s":46.80000000000001,"best_speed_m_s":0.13233115559911257,"improvement_m_s":0.04541146437564003,"improvement_per_wall_hour":0.11535863394263322,"screened_candidates":10,"screened_preparation_wall_hours":0.024739069029444446}
3703 Bayesian 12: 2.02s simulated
{"attempts":14,"failed_attempts":0,"wall_hours":0.3791475059719444,"charged_simulation_s":50.40000000000001,"actual_simulation_s":50.40000000000001,"best_speed_m_s":0.08691969122347254,"improvement_m_s":0.0,"improvement_per_wall_hour":0.0,"screened_candidates":4,"screened_preparation_wall_hours":0.04540119702583334}
3704 CmaEs 13: 3.02s simulated
3703 CmaEs attempt 14: 0 candidates screened
3703 CmaEs 14: 0.02s simulated
3703 Bayesian 12: 3.02s simulated
{"attempts":14,"failed_attempts":0,"wall_hours":0.38314482895583335,"charged_simulation_s":50.40000000000001,"actual_simulation_s":50.40000000000001,"best_speed_m_s":0.09255404365401759,"improvement_m_s":0.005634352430545053,"improvement_per_wall_hour":0.014705542146817144,"screened_candidates":3,"screened_preparation_wall_hours":0.006263865220833334}
3701 CmaEs attempt 14: 0 candidates screened
{"attempts":13,"failed_attempts":0,"wall_hours":0.3869935035222223,"charged_simulation_s":46.80000000000001,"actual_simulation_s":46.80000000000001,"best_speed_m_s":0.09132315046527999,"improvement_m_s":0.0044034592418074475,"improvement_per_wall_hour":0.011378638663774334,"screened_candidates":13,"screened_preparation_wall_hours":0.06989000909722222}
3703 CmaEs 14: 1.02s simulated
3701 CmaEs 14: 0.02s simulated
3701 Bayesian attempt 13: 0 candidates screened
3702 CmaEs attempt 14: 0 candidates screened
3701 CmaEs 14: 1.02s simulated
3703 CmaEs 14: 2.02s simulated
3701 Bayesian 13: 0.02s simulated
3702 CmaEs 14: 0.02s simulated
3701 Bayesian 13: 1.02s simulated
3704 CmaEs attempt 14: 0 candidates screened
3703 CmaEs 14: 3.02s simulated
3701 CmaEs 14: 2.02s simulated
3704 CmaEs 14: 0.02s simulated
3702 CmaEs 14: 1.02s simulated
3703 Bayesian attempt 13: 1 candidates screened
{"attempts":15,"failed_attempts":0,"wall_hours":0.3993187505302777,"charged_simulation_s":54.000000000000014,"actual_simulation_s":54.000000000000014,"best_speed_m_s":0.09850093418643839,"improvement_m_s":0.011581242962965851,"improvement_per_wall_hour":0.02900250225562028,"screened_candidates":2,"screened_preparation_wall_hours":0.012778602180277779}
3703 Bayesian 13: 0.02s simulated
3701 Bayesian 13: 2.02s simulated
3704 Bayesian attempt 13: 4 candidates screened
3704 CmaEs 14: 1.02s simulated
3701 CmaEs 14: 3.02s simulated
3702 CmaEs 14: 2.02s simulated
3704 Bayesian 13: 0.02s simulated
3703 Bayesian 13: 1.02s simulated
{"attempts":15,"failed_attempts":0,"wall_hours":0.4052772066975,"charged_simulation_s":54.000000000000014,"actual_simulation_s":54.000000000000014,"best_speed_m_s":0.09409519715258541,"improvement_m_s":0.007175505929112869,"improvement_per_wall_hour":0.017705180085463543,"screened_candidates":2,"screened_preparation_wall_hours":0.013137089674722222}
3704 CmaEs 14: 2.02s simulated
3701 Bayesian 13: 3.02s simulated
3704 Bayesian 13: 1.02s simulated
3702 CmaEs 14: 3.02s simulated
{"attempts":14,"failed_attempts":0,"wall_hours":0.4253338753816666,"charged_simulation_s":50.40000000000001,"actual_simulation_s":50.40000000000001,"best_speed_m_s":0.13233115559911257,"improvement_m_s":0.04541146437564003,"improvement_per_wall_hour":0.10676662970916853,"screened_candidates":10,"screened_preparation_wall_hours":0.024739069029444446}
3703 Bayesian 13: 2.02s simulated
{"attempts":15,"failed_attempts":0,"wall_hours":0.4103573152530555,"charged_simulation_s":54.000000000000014,"actual_simulation_s":54.000000000000014,"best_speed_m_s":0.08691969122347254,"improvement_m_s":0.0,"improvement_per_wall_hour":0.0,"screened_candidates":4,"screened_preparation_wall_hours":0.04540119702583334}
3703 CmaEs attempt 15: 0 candidates screened
3704 CmaEs 14: 3.02s simulated
3704 Bayesian 13: 2.02s simulated
3703 CmaEs 15: 0.02s simulated
{"attempts":15,"failed_attempts":0,"wall_hours":0.41398199209861114,"charged_simulation_s":54.000000000000014,"actual_simulation_s":54.000000000000014,"best_speed_m_s":0.09255404365401759,"improvement_m_s":0.005634352430545053,"improvement_per_wall_hour":0.013610138938610987,"screened_candidates":3,"screened_preparation_wall_hours":0.006263865220833334}
3703 Bayesian 13: 3.02s simulated
3703 CmaEs 15: 1.02s simulated
3704 Bayesian 13: 3.02s simulated
{"attempts":14,"failed_attempts":0,"wall_hours":0.41754792128527785,"charged_simulation_s":50.40000000000001,"actual_simulation_s":50.40000000000001,"best_speed_m_s":0.09132315046527999,"improvement_m_s":0.0044034592418074475,"improvement_per_wall_hour":0.010545997279193513,"screened_candidates":14,"screened_preparation_wall_hours":0.07587325207055555}
3701 CmaEs attempt 15: 2 candidates screened
3701 CmaEs 15: 0.02s simulated
3701 Bayesian attempt 14: 0 candidates screened
{"attempts":14,"failed_attempts":0,"wall_hours":0.4212952748844444,"charged_simulation_s":50.40000000000001,"actual_simulation_s":50.40000000000001,"best_speed_m_s":0.10827808083033996,"improvement_m_s":0.021358389606867423,"improvement_per_wall_hour":0.050696959781297665,"screened_candidates":13,"screened_preparation_wall_hours":0.05671421615472222}
3701 Bayesian 14: 0.02s simulated
3702 CmaEs attempt 15: 0 candidates screened
3703 CmaEs 15: 2.02s simulated
3701 CmaEs 15: 1.02s simulated
3702 CmaEs 15: 0.02s simulated
3701 Bayesian 14: 1.02s simulated
3703 CmaEs 15: 3.02s simulated
3704 CmaEs attempt 15: 0 candidates screened
3702 CmaEs 15: 1.02s simulated
3701 CmaEs 15: 2.02s simulated
3704 CmaEs 15: 0.02s simulated
3701 Bayesian 14: 2.02s simulated
{"attempts":16,"failed_attempts":0,"wall_hours":0.4307020221977777,"charged_simulation_s":57.600000000000016,"actual_simulation_s":57.600000000000016,"best_speed_m_s":0.09850093418643839,"improvement_m_s":0.011581242962965851,"improvement_per_wall_hour":0.0268892235608027,"screened_candidates":2,"screened_preparation_wall_hours":0.012778602180277779}
3704 CmaEs 15: 1.02s simulated
3702 CmaEs 15: 2.02s simulated
3701 CmaEs 15: 3.02s simulated
3701 Bayesian 14: 3.02s simulated
{"attempts":16,"failed_attempts":0,"wall_hours":0.43687560513944446,"charged_simulation_s":57.600000000000016,"actual_simulation_s":57.600000000000016,"best_speed_m_s":0.09409519715258541,"improvement_m_s":0.007175505929112869,"improvement_per_wall_hour":0.01642459740186809,"screened_candidates":4,"screened_preparation_wall_hours":0.018399765980277778}
3702 CmaEs 15: 3.02s simulated
{"attempts":15,"failed_attempts":0,"wall_hours":0.45482303122388884,"charged_simulation_s":54.000000000000014,"actual_simulation_s":54.000000000000014,"best_speed_m_s":0.13233115559911257,"improvement_m_s":0.04541146437564003,"improvement_per_wall_hour":0.09984424986888146,"screened_candidates":10,"screened_preparation_wall_hours":0.024739069029444446}
3704 CmaEs 15: 2.02s simulated
{"attempts":16,"failed_attempts":0,"wall_hours":0.44240076236027776,"charged_simulation_s":57.600000000000016,"actual_simulation_s":57.600000000000016,"best_speed_m_s":0.08691969122347254,"improvement_m_s":0.0,"improvement_per_wall_hour":0.0,"screened_candidates":4,"screened_preparation_wall_hours":0.04540119702583334}
3703 CmaEs attempt 16: 0 candidates screened
3702 Bayesian attempt 13: 23 candidates screened
3704 CmaEs 15: 3.02s simulated
3703 Bayesian attempt 14: 2 candidates screened
3703 CmaEs 16: 0.02s simulated
3702 Bayesian 13: 0.02s simulated
3703 Bayesian 14: 0.02s simulated
{"attempts":16,"failed_attempts":0,"wall_hours":0.4477405547241667,"charged_simulation_s":57.600000000000016,"actual_simulation_s":57.600000000000016,"best_speed_m_s":0.09255404365401759,"improvement_m_s":0.005634352430545053,"improvement_per_wall_hour":0.01258396714592032,"screened_candidates":3,"screened_preparation_wall_hours":0.006263865220833334}
3703 CmaEs 16: 1.02s simulated
3701 CmaEs attempt 16: 0 candidates screened
3702 Bayesian 13: 1.02s simulated
3703 Bayesian 14: 1.02s simulated
3701 CmaEs 16: 0.02s simulated
3702 CmaEs attempt 16: 0 candidates screened
3702 Bayesian 13: 2.02s simulated
3703 CmaEs 16: 2.02s simulated
3703 Bayesian 14: 2.02s simulated
3702 CmaEs 16: 0.02s simulated
3701 CmaEs 16: 1.02s simulated
3703 Bayesian 14: 3.02s simulated
3703 CmaEs 16: 3.02s simulated
3702 Bayesian 13: 3.02s simulated
3704 CmaEs attempt 16: 0 candidates screened
3702 CmaEs 16: 1.02s simulated
3701 CmaEs 16: 2.02s simulated
3704 CmaEs 16: 0.02s simulated
{"attempts":15,"failed_attempts":0,"wall_hours":0.4619072510575001,"charged_simulation_s":54.000000000000014,"actual_simulation_s":54.000000000000014,"best_speed_m_s":0.09132315046527999,"improvement_m_s":0.0044034592418074475,"improvement_per_wall_hour":0.009533210902678137,"screened_candidates":16,"screened_preparation_wall_hours":0.09457391702083333}
{"attempts":14,"failed_attempts":0,"wall_hours":0.46270334729499996,"charged_simulation_s":50.40000000000001,"actual_simulation_s":50.40000000000001,"best_speed_m_s":0.09333494714054733,"improvement_m_s":0.006415255917074786,"improvement_per_wall_hour":0.013864727702055485,"screened_candidates":31,"screened_preparation_wall_hours":0.13919634767250003}
{"attempts":17,"failed_attempts":0,"wall_hours":0.4628400547672221,"charged_simulation_s":61.20000000000002,"actual_simulation_s":61.20000000000002,"best_speed_m_s":0.09850093418643839,"improvement_m_s":0.011581242962965851,"improvement_per_wall_hour":0.025022127717080254,"screened_candidates":2,"screened_preparation_wall_hours":0.012778602180277779}
3704 Bayesian attempt 14: 13 candidates screened
3704 CmaEs 16: 1.02s simulated
3701 Bayesian attempt 15: 3 candidates screened
3702 CmaEs 16: 2.02s simulated
3704 Bayesian 14: 0.02s simulated
3701 CmaEs 16: 3.02s simulated
3701 Bayesian 15: 0.02s simulated
3704 CmaEs 16: 2.02s simulated
{"attempts":17,"failed_attempts":0,"wall_hours":0.4697492214313889,"charged_simulation_s":61.20000000000002,"actual_simulation_s":61.20000000000002,"best_speed_m_s":0.09409519715258541,"improvement_m_s":0.007175505929112869,"improvement_per_wall_hour":0.015275184293543137,"screened_candidates":4,"screened_preparation_wall_hours":0.018399765980277778}
3702 CmaEs 16: 3.02s simulated
3704 Bayesian 14: 1.02s simulated
3701 Bayesian 15: 1.02s simulated
{"attempts":17,"failed_attempts":0,"wall_hours":0.4740248163588889,"charged_simulation_s":61.20000000000002,"actual_simulation_s":61.20000000000002,"best_speed_m_s":0.08691969122347254,"improvement_m_s":0.0,"improvement_per_wall_hour":0.0,"screened_candidates":4,"screened_preparation_wall_hours":0.04540119702583334}
3703 Bayesian attempt 15: 0 candidates screened
3704 CmaEs 16: 3.02s simulated
3703 Bayesian 15: 0.02s simulated
3703 CmaEs attempt 17: 0 candidates screened
3704 Bayesian 14: 2.02s simulated
{"attempts":17,"failed_attempts":0,"wall_hours":0.4794045950436111,"charged_simulation_s":61.20000000000002,"actual_simulation_s":61.20000000000002,"best_speed_m_s":0.09255404365401759,"improvement_m_s":0.005634352430545053,"improvement_per_wall_hour":0.011752812736458023,"screened_candidates":3,"screened_preparation_wall_hours":0.006263865220833334}
3701 Bayesian 15: 2.02s simulated
3703 CmaEs 17: 0.02s simulated
3703 Bayesian 15: 1.02s simulated
3701 CmaEs attempt 17: 0 candidates screened
3703 CmaEs 17: 1.02s simulated
3704 Bayesian 14: 3.02s simulated
3701 CmaEs 17: 0.02s simulated
3701 Bayesian 15: 3.02s simulated
3702 CmaEs attempt 17: 0 candidates screened
{"attempts":15,"failed_attempts":0,"wall_hours":0.48802350419361107,"charged_simulation_s":54.000000000000014,"actual_simulation_s":54.000000000000014,"best_speed_m_s":0.10827808083033996,"improvement_m_s":0.021358389606867423,"improvement_per_wall_hour":0.04376508390135656,"screened_candidates":26,"screened_preparation_wall_hours":0.10416389770583334}
3703 Bayesian 15: 2.02s simulated
3701 CmaEs 17: 1.02s simulated
3702 CmaEs 17: 0.02s simulated
3703 CmaEs 17: 2.02s simulated
{"attempts":16,"failed_attempts":0,"wall_hours":0.506890651786111,"charged_simulation_s":57.600000000000016,"actual_simulation_s":57.600000000000016,"best_speed_m_s":0.13233115559911257,"improvement_m_s":0.04541146437564003,"improvement_per_wall_hour":0.08958828539375387,"screened_candidates":13,"screened_preparation_wall_hours":0.04718399532277778}
3704 CmaEs attempt 17: 1 candidates screened
3702 CmaEs 17: 1.02s simulated
3703 Bayesian 15: 3.02s simulated
3702 Bayesian attempt 14: 6 candidates screened
3701 CmaEs 17: 2.02s simulated
3704 CmaEs 17: 0.02s simulated
3703 CmaEs 17: 3.02s simulated
3702 Bayesian 14: 0.02s simulated
3702 CmaEs 17: 2.02s simulated
{"attempts":16,"failed_attempts":0,"wall_hours":0.4976456871319445,"charged_simulation_s":57.600000000000016,"actual_simulation_s":57.600000000000016,"best_speed_m_s":0.09132315046527999,"improvement_m_s":0.0044034592418074475,"improvement_per_wall_hour":0.008848583149962928,"screened_candidates":16,"screened_preparation_wall_hours":0.09457391702083333}
{"attempts":18,"failed_attempts":0,"wall_hours":0.4981770599574999,"charged_simulation_s":64.80000000000001,"actual_simulation_s":64.80000000000001,"best_speed_m_s":0.09850093418643839,"improvement_m_s":0.011581242962965851,"improvement_per_wall_hour":0.023247242584702437,"screened_candidates":2,"screened_preparation_wall_hours":0.012778602180277779}
3704 CmaEs 17: 1.02s simulated
3701 CmaEs 17: 3.02s simulated
3702 Bayesian 14: 1.02s simulated
3702 CmaEs 17: 3.02s simulated
{"attempts":18,"failed_attempts":0,"wall_hours":0.5032776043947222,"charged_simulation_s":64.80000000000001,"actual_simulation_s":64.80000000000001,"best_speed_m_s":0.09409519715258541,"improvement_m_s":0.007175505929112869,"improvement_per_wall_hour":0.014257550636974294,"screened_candidates":4,"screened_preparation_wall_hours":0.018399765980277778}
3704 CmaEs 17: 2.02s simulated
3701 Bayesian attempt 16: 0 candidates screened
{"attempts":18,"failed_attempts":0,"wall_hours":0.5055345487952778,"charged_simulation_s":64.80000000000001,"actual_simulation_s":64.80000000000001,"best_speed_m_s":0.08691969122347254,"improvement_m_s":0.0,"improvement_per_wall_hour":0.0,"screened_candidates":4,"screened_preparation_wall_hours":0.04540119702583334}
3701 Bayesian 16: 0.02s simulated
3702 Bayesian 14: 2.02s simulated
3704 CmaEs 17: 3.02s simulated
3703 Bayesian attempt 16: 0 candidates screened
{"attempts":18,"failed_attempts":0,"wall_hours":0.5119587428788889,"charged_simulation_s":64.80000000000001,"actual_simulation_s":64.80000000000001,"best_speed_m_s":0.09255404365401759,"improvement_m_s":0.005634352430545053,"improvement_per_wall_hour":0.01100548141606391,"screened_candidates":4,"screened_preparation_wall_hours":0.019838607385555557}
3701 Bayesian 16: 1.02s simulated
3703 CmaEs attempt 18: 0 candidates screened
3702 Bayesian 14: 3.02s simulated
3703 Bayesian 16: 0.02s simulated
3703 CmaEs 18: 0.02s simulated
3701 CmaEs attempt 18: 0 candidates screened
{"attempts":15,"failed_attempts":0,"wall_hours":0.5187742223524999,"charged_simulation_s":54.000000000000014,"actual_simulation_s":54.000000000000014,"best_speed_m_s":0.09920523365521551,"improvement_m_s":0.012285542431742971,"improvement_per_wall_hour":0.023681867568576133,"screened_candidates":37,"screened_preparation_wall_hours":0.16307968748361112}
3703 Bayesian 16: 1.02s simulated
3701 Bayesian 16: 2.02s simulated
3701 CmaEs 18: 0.02s simulated
3702 CmaEs attempt 18: 0 candidates screened
3703 CmaEs 18: 1.02s simulated
3702 CmaEs 18: 0.02s simulated
3703 Bayesian 16: 2.02s simulated
3701 Bayesian 16: 3.02s simulated
3701 CmaEs 18: 1.02s simulated
3702 CmaEs 18: 1.02s simulated
3704 CmaEs attempt 18: 0 candidates screened
{"attempts":17,"failed_attempts":0,"wall_hours":0.546085593021111,"charged_simulation_s":61.20000000000002,"actual_simulation_s":61.20000000000002,"best_speed_m_s":0.13233115559911257,"improvement_m_s":0.04541146437564003,"improvement_per_wall_hour":0.08315814399059687,"screened_candidates":13,"screened_preparation_wall_hours":0.04718399532277778}
3703 CmaEs 18: 2.02s simulated
3704 Bayesian attempt 15: 8 candidates screened
3703 Bayesian 16: 3.02s simulated
3704 CmaEs 18: 0.02s simulated
3704 Bayesian 15: 0.02s simulated
3701 CmaEs 18: 2.02s simulated
{"attempts":17,"failed_attempts":0,"wall_hours":0.5378580213588889,"charged_simulation_s":61.20000000000002,"actual_simulation_s":61.20000000000002,"best_speed_m_s":0.09132315046527999,"improvement_m_s":0.0044034592418074475,"improvement_per_wall_hour":0.008187029042873032,"screened_candidates":16,"screened_preparation_wall_hours":0.09457391702083333}
3702 CmaEs 18: 2.02s simulated
3703 CmaEs 18: 3.02s simulated
3704 CmaEs 18: 1.02s simulated
3704 Bayesian 15: 1.02s simulated
3702 CmaEs 18: 3.02s simulated
3701 CmaEs 18: 3.02s simulated
{"attempts":19,"failed_attempts":0,"wall_hours":0.5486111627044443,"charged_simulation_s":68.4,"actual_simulation_s":68.4,"best_speed_m_s":0.09850093418643839,"improvement_m_s":0.011581242962965851,"improvement_per_wall_hour":0.0211101117700098,"screened_candidates":2,"screened_preparation_wall_hours":0.012778602180277779}
3704 CmaEs 18: 2.02s simulated
{"attempts":19,"failed_attempts":0,"wall_hours":0.5532004382430555,"charged_simulation_s":68.4,"actual_simulation_s":68.4,"best_speed_m_s":0.08691969122347254,"improvement_m_s":0.0,"improvement_per_wall_hour":0.0,"screened_candidates":4,"screened_preparation_wall_hours":0.04540119702583334}
{"attempts":19,"failed_attempts":0,"wall_hours":0.5541671767588889,"charged_simulation_s":68.4,"actual_simulation_s":68.4,"best_speed_m_s":0.09409519715258541,"improvement_m_s":0.007175505929112869,"improvement_per_wall_hour":0.012948269457385853,"screened_candidates":4,"screened_preparation_wall_hours":0.018399765980277778}
3704 Bayesian 15: 2.02s simulated
3701 Bayesian attempt 17: 0 candidates screened
3701 Bayesian 17: 0.02s simulated
3704 CmaEs 18: 3.02s simulated
{"attempts":19,"failed_attempts":0,"wall_hours":0.5620648836580555,"charged_simulation_s":68.4,"actual_simulation_s":68.4,"best_speed_m_s":0.09255404365401759,"improvement_m_s":0.005634352430545053,"improvement_per_wall_hour":0.010024380804357162,"screened_candidates":4,"screened_preparation_wall_hours":0.019838607385555557}
3704 Bayesian 15: 3.02s simulated
3701 Bayesian 17: 1.02s simulated
3703 CmaEs attempt 19: 0 candidates screened
{"attempts":16,"failed_attempts":0,"wall_hours":0.5660343813461111,"charged_simulation_s":57.600000000000016,"actual_simulation_s":57.600000000000016,"best_speed_m_s":0.11246616672701622,"improvement_m_s":0.025546475503543678,"improvement_per_wall_hour":0.045132374190398984,"screened_candidates":34,"screened_preparation_wall_hours":0.15129070933222222}
3703 CmaEs 19: 0.02s simulated
3702 CmaEs attempt 19: 0 candidates screened
3701 Bayesian 17: 2.02s simulated
3701 CmaEs attempt 19: 0 candidates screened
3702 CmaEs 19: 0.02s simulated
3701 CmaEs 19: 0.02s simulated
3703 CmaEs 19: 1.02s simulated
3701 Bayesian 17: 3.02s simulated
3702 CmaEs 19: 1.02s simulated
3701 CmaEs 19: 1.02s simulated
{"attempts":18,"failed_attempts":0,"wall_hours":0.5902786246049999,"charged_simulation_s":64.80000000000001,"actual_simulation_s":64.80000000000001,"best_speed_m_s":0.13233115559911257,"improvement_m_s":0.04541146437564003,"improvement_per_wall_hour":0.07693225280862623,"screened_candidates":13,"screened_preparation_wall_hours":0.04718399532277778}
3702 Bayesian attempt 15: 12 candidates screened
3704 CmaEs attempt 19: 0 candidates screened
3703 CmaEs 19: 2.02s simulated
3702 Bayesian 15: 0.02s simulated
3704 Bayesian attempt 16: 1 candidates screened
3704 CmaEs 19: 0.02s simulated
3702 CmaEs 19: 2.02s simulated
3701 CmaEs 19: 2.02s simulated
3704 Bayesian 16: 0.02s simulated
3703 CmaEs 19: 3.02s simulated
3704 CmaEs 19: 1.02s simulated
3702 Bayesian 15: 1.02s simulated
3702 CmaEs 19: 3.02s simulated
3704 Bayesian 16: 1.02s simulated
{"attempts":20,"failed_attempts":0,"wall_hours":0.581668875521111,"charged_simulation_s":72.0,"actual_simulation_s":72.0,"best_speed_m_s":0.09850093418643839,"improvement_m_s":0.011581242962965851,"improvement_per_wall_hour":0.01991037074588242,"screened_candidates":2,"screened_preparation_wall_hours":0.012778602180277779}
3701 CmaEs 19: 3.02s simulated
3703 Bayesian attempt 17: 19 candidates screened
{"attempts":20,"failed_attempts":0,"wall_hours":0.5836332215833333,"charged_simulation_s":72.0,"actual_simulation_s":72.0,"best_speed_m_s":0.08691969122347254,"improvement_m_s":0.0,"improvement_per_wall_hour":0.0,"screened_candidates":4,"screened_preparation_wall_hours":0.04540119702583334}
3704 CmaEs 19: 2.02s simulated
3702 Bayesian 15: 2.02s simulated
3703 Bayesian 17: 0.02s simulated
{"attempts":20,"failed_attempts":0,"wall_hours":0.5853048037269445,"charged_simulation_s":72.0,"actual_simulation_s":72.0,"best_speed_m_s":0.09409519715258541,"improvement_m_s":0.007175505929112869,"improvement_per_wall_hour":0.012259434543203194,"screened_candidates":4,"screened_preparation_wall_hours":0.018399765980277778}
3701 Bayesian attempt 18: 0 candidates screened
3704 Bayesian 16: 2.02s simulated
3701 Bayesian 18: 0.02s simulated
3703 Bayesian 17: 1.02s simulated
3704 CmaEs 19: 3.02s simulated
3702 Bayesian 15: 3.02s simulated
3704 Bayesian 16: 3.02s simulated
{"attempts":20,"failed_attempts":0,"wall_hours":0.5928084833130555,"charged_simulation_s":72.0,"actual_simulation_s":72.0,"best_speed_m_s":0.09255404365401759,"improvement_m_s":0.005634352430545053,"improvement_per_wall_hour":0.0095045070864305,"screened_candidates":4,"screened_preparation_wall_hours":0.019838607385555557}
{"attempts":16,"failed_attempts":0,"wall_hours":0.5933130081308332,"charged_simulation_s":57.600000000000016,"actual_simulation_s":57.600000000000016,"best_speed_m_s":0.09920523365521551,"improvement_m_s":0.012285542431742971,"improvement_per_wall_hour":0.020706679717755066,"screened_candidates":49,"screened_preparation_wall_hours":0.22116650958194448}
3701 Bayesian 18: 1.02s simulated
3703 Bayesian 17: 2.02s simulated
3703 CmaEs attempt 20: 0 candidates screened
{"attempts":17,"failed_attempts":0,"wall_hours":0.5954139343258333,"charged_simulation_s":61.20000000000002,"actual_simulation_s":61.20000000000002,"best_speed_m_s":0.11246616672701622,"improvement_m_s":0.025546475503543678,"improvement_per_wall_hour":0.042905404174776444,"screened_candidates":35,"screened_preparation_wall_hours":0.15650399520277777}
3702 CmaEs attempt 20: 0 candidates screened
3703 CmaEs 20: 0.02s simulated
3702 CmaEs 20: 0.02s simulated
3701 Bayesian 18: 2.02s simulated
3701 CmaEs attempt 20: 0 candidates screened
3703 CmaEs 20: 1.02s simulated
3703 Bayesian 17: 3.02s simulated
3701 CmaEs 20: 0.02s simulated
3702 CmaEs 20: 1.02s simulated
{"attempts":18,"failed_attempts":0,"wall_hours":0.6040211285997222,"charged_simulation_s":64.80000000000001,"actual_simulation_s":64.80000000000001,"best_speed_m_s":0.09132315046527999,"improvement_m_s":0.0044034592418074475,"improvement_per_wall_hour":0.007290240412642202,"screened_candidates":35,"screened_preparation_wall_hours":0.1471777630072222}
3703 CmaEs 20: 2.02s simulated
3701 Bayesian 18: 3.02s simulated
3701 CmaEs 20: 1.02s simulated
3704 CmaEs attempt 20: 1 candidates screened
3702 CmaEs 20: 2.02s simulated
3704 CmaEs 20: 0.02s simulated
3703 CmaEs 20: 3.02s simulated
3704 Bayesian attempt 17: 1 candidates screened
{"attempts":19,"failed_attempts":0,"wall_hours":0.6244658935427777,"charged_simulation_s":68.4,"actual_simulation_s":68.4,"best_speed_m_s":0.13233115559911257,"improvement_m_s":0.04541146437564003,"improvement_per_wall_hour":0.07272048777237057,"screened_candidates":13,"screened_preparation_wall_hours":0.04718399532277778}
3704 Bayesian 17: 0.02s simulated
3701 CmaEs 20: 2.02s simulated
{"attempts":21,"failed_attempts":0,"wall_hours":0.6103447282466665,"charged_simulation_s":75.6,"actual_simulation_s":75.6,"best_speed_m_s":0.09850093418643839,"improvement_m_s":0.011581242962965851,"improvement_per_wall_hour":0.01897492093727952,"screened_candidates":2,"screened_preparation_wall_hours":0.012778602180277779}
3704 CmaEs 20: 1.02s simulated
3702 CmaEs 20: 3.02s simulated
3704 Bayesian 17: 1.02s simulated
3701 CmaEs 20: 3.02s simulated
{"attempts":21,"failed_attempts":0,"wall_hours":0.6159625760430555,"charged_simulation_s":75.6,"actual_simulation_s":75.6,"best_speed_m_s":0.08691969122347254,"improvement_m_s":0.0,"improvement_per_wall_hour":0.0,"screened_candidates":4,"screened_preparation_wall_hours":0.04540119702583334}
3704 CmaEs 20: 2.02s simulated
3703 Bayesian attempt 18: 0 candidates screened
{"attempts":21,"failed_attempts":0,"wall_hours":0.6188904283800001,"charged_simulation_s":75.6,"actual_simulation_s":75.6,"best_speed_m_s":0.09409519715258541,"improvement_m_s":0.007175505929112869,"improvement_per_wall_hour":0.011594145910279116,"screened_candidates":4,"screened_preparation_wall_hours":0.018399765980277778}
3703 Bayesian 18: 0.02s simulated
3704 Bayesian 17: 2.02s simulated
3704 CmaEs 20: 3.02s simulated
3703 CmaEs attempt 21: 0 candidates screened
3703 Bayesian 18: 1.02s simulated
{"attempts":21,"failed_attempts":0,"wall_hours":0.624878462153611,"charged_simulation_s":75.6,"actual_simulation_s":75.6,"best_speed_m_s":0.09255404365401759,"improvement_m_s":0.005634352430545053,"improvement_per_wall_hour":0.009016717284712537,"screened_candidates":5,"screened_preparation_wall_hours":0.022270437796666667}
3704 Bayesian 17: 3.02s simulated
3703 CmaEs 21: 0.02s simulated
3702 CmaEs attempt 21: 0 candidates screened
{"attempts":18,"failed_attempts":0,"wall_hours":0.6305360885463889,"charged_simulation_s":64.80000000000001,"actual_simulation_s":64.80000000000001,"best_speed_m_s":0.11246616672701622,"improvement_m_s":0.025546475503543678,"improvement_per_wall_hour":0.04051548510480572,"screened_candidates":36,"screened_preparation_wall_hours":0.1625277515472222}
3703 Bayesian 18: 2.02s simulated
3703 CmaEs 21: 1.02s simulated
3702 CmaEs 21: 0.02s simulated
3701 CmaEs attempt 21: 0 candidates screened
3701 CmaEs 21: 0.02s simulated
3702 CmaEs 21: 1.02s simulated
3703 Bayesian 18: 3.02s simulated
3703 CmaEs 21: 2.02s simulated
3704 CmaEs attempt 21: 0 candidates screened
3701 CmaEs 21: 1.02s simulated
{"attempts":19,"failed_attempts":0,"wall_hours":0.6526706852097223,"charged_simulation_s":68.4,"actual_simulation_s":68.4,"best_speed_m_s":0.09474073784866872,"improvement_m_s":0.007821046625196185,"improvement_per_wall_hour":0.011983143723826133,"screened_candidates":35,"screened_preparation_wall_hours":0.1471777630072222}
3702 CmaEs 21: 2.02s simulated
3704 CmaEs 21: 0.02s simulated
3703 CmaEs 21: 3.02s simulated
3702 CmaEs 21: 3.02s simulated
{"attempts":22,"failed_attempts":0,"wall_hours":0.6577129605630554,"charged_simulation_s":79.19999999999999,"actual_simulation_s":79.19999999999999,"best_speed_m_s":0.09850093418643839,"improvement_m_s":0.011581242962965851,"improvement_per_wall_hour":0.017608354491070653,"screened_candidates":2,"screened_preparation_wall_hours":0.012778602180277779}
3701 CmaEs 21: 2.02s simulated
3704 CmaEs 21: 1.02s simulated
{"attempts":22,"failed_attempts":0,"wall_hours":0.6598392247627777,"charged_simulation_s":79.19999999999999,"actual_simulation_s":79.19999999999999,"best_speed_m_s":0.08691969122347254,"improvement_m_s":0.0,"improvement_per_wall_hour":0.0,"screened_candidates":4,"screened_preparation_wall_hours":0.04540119702583334}
3701 CmaEs 21: 3.02s simulated
3704 CmaEs 21: 2.02s simulated
{"attempts":22,"failed_attempts":0,"wall_hours":0.6671047037655556,"charged_simulation_s":79.19999999999999,"actual_simulation_s":79.19999999999999,"best_speed_m_s":0.09409519715258541,"improvement_m_s":0.007175505929112869,"improvement_per_wall_hour":0.010756191477304583,"screened_candidates":4,"screened_preparation_wall_hours":0.018399765980277778}
3704 CmaEs 21: 3.02s simulated
3703 CmaEs attempt 22: 1 candidates screened
{"attempts":22,"failed_attempts":0,"wall_hours":0.673258710218611,"charged_simulation_s":79.19999999999999,"actual_simulation_s":79.19999999999999,"best_speed_m_s":0.09255404365401759,"improvement_m_s":0.005634352430545053,"improvement_per_wall_hour":0.008368777625937504,"screened_candidates":5,"screened_preparation_wall_hours":0.022270437796666667}
3703 CmaEs 22: 0.02s simulated
3702 CmaEs attempt 22: 1 candidates screened
3704 Bayesian attempt 18: 7 candidates screened
3702 CmaEs 22: 0.02s simulated
3704 Bayesian 18: 0.02s simulated
3703 CmaEs 22: 1.02s simulated
3702 CmaEs 22: 1.02s simulated
3701 CmaEs attempt 22: 0 candidates screened
3704 Bayesian 18: 1.02s simulated
3701 CmaEs 22: 0.02s simulated
3703 CmaEs 22: 2.02s simulated
3702 CmaEs 22: 2.02s simulated
3704 CmaEs attempt 22: 0 candidates screened
3704 Bayesian 18: 2.02s simulated
3701 CmaEs 22: 1.02s simulated
3704 CmaEs 22: 0.02s simulated
3702 CmaEs 22: 3.02s simulated
3703 CmaEs 22: 3.02s simulated
{"attempts":23,"failed_attempts":0,"wall_hours":0.6977459391405555,"charged_simulation_s":82.79999999999998,"actual_simulation_s":82.79999999999998,"best_speed_m_s":0.08691969122347254,"improvement_m_s":0.0,"improvement_per_wall_hour":0.0,"screened_candidates":5,"screened_preparation_wall_hours":0.05948198304833334}
3704 CmaEs 22: 1.02s simulated
3704 Bayesian 18: 3.02s simulated
{"attempts":23,"failed_attempts":0,"wall_hours":0.6987476371863888,"charged_simulation_s":82.79999999999998,"actual_simulation_s":82.79999999999998,"best_speed_m_s":0.09850093418643839,"improvement_m_s":0.011581242962965851,"improvement_per_wall_hour":0.01657428568860633,"screened_candidates":3,"screened_preparation_wall_hours":0.01850593284388889}
3701 CmaEs 22: 2.02s simulated
{"attempts":19,"failed_attempts":0,"wall_hours":0.7032469286080556,"charged_simulation_s":68.4,"actual_simulation_s":68.4,"best_speed_m_s":0.11246616672701622,"improvement_m_s":0.025546475503543678,"improvement_per_wall_hour":0.036326465803566466,"screened_candidates":43,"screened_preparation_wall_hours":0.22549287831999998}
3704 CmaEs 22: 2.02s simulated
3701 CmaEs 22: 3.02s simulated
{"attempts":23,"failed_attempts":0,"wall_hours":0.7123939192072223,"charged_simulation_s":82.79999999999998,"actual_simulation_s":82.79999999999998,"best_speed_m_s":0.09409519715258541,"improvement_m_s":0.007175505929112869,"improvement_per_wall_hour":0.010072385144862032,"screened_candidates":4,"screened_preparation_wall_hours":0.018399765980277778}
3704 CmaEs 22: 3.02s simulated
3702 CmaEs attempt 23: 0 candidates screened
3702 CmaEs 23: 0.02s simulated
3703 CmaEs attempt 23: 0 candidates screened
{"attempts":23,"failed_attempts":0,"wall_hours":0.7215354681799998,"charged_simulation_s":82.79999999999998,"actual_simulation_s":82.79999999999998,"best_speed_m_s":0.09255404365401759,"improvement_m_s":0.005634352430545053,"improvement_per_wall_hour":0.007808836403783638,"screened_candidates":5,"screened_preparation_wall_hours":0.022270437796666667}
3703 CmaEs 23: 0.02s simulated
3702 CmaEs 23: 1.02s simulated
3703 CmaEs 23: 1.02s simulated
3702 CmaEs 23: 2.02s simulated
3701 CmaEs attempt 23: 0 candidates screened
3701 CmaEs 23: 0.02s simulated
3703 CmaEs 23: 2.02s simulated
3702 CmaEs 23: 3.02s simulated
3704 CmaEs attempt 23: 0 candidates screened
3701 CmaEs 23: 1.02s simulated
3704 CmaEs 23: 0.02s simulated
{"attempts":24,"failed_attempts":0,"wall_hours":0.7385668323069444,"charged_simulation_s":86.39999999999998,"actual_simulation_s":86.39999999999998,"best_speed_m_s":0.08691969122347254,"improvement_m_s":0.0,"improvement_per_wall_hour":0.0,"screened_candidates":5,"screened_preparation_wall_hours":0.05948198304833334}
3703 CmaEs 23: 3.02s simulated
3701 CmaEs 23: 2.02s simulated
3704 CmaEs 23: 1.02s simulated
{"attempts":24,"failed_attempts":0,"wall_hours":0.7455336518822221,"charged_simulation_s":86.39999999999998,"actual_simulation_s":86.39999999999998,"best_speed_m_s":0.10320651482425813,"improvement_m_s":0.016286823600785594,"improvement_per_wall_hour":0.02184585975383785,"screened_candidates":3,"screened_preparation_wall_hours":0.01850593284388889}
3701 CmaEs 23: 3.02s simulated
3704 CmaEs 23: 2.02s simulated
{"attempts":24,"failed_attempts":0,"wall_hours":0.7504588264730556,"charged_simulation_s":86.39999999999998,"actual_simulation_s":86.39999999999998,"best_speed_m_s":0.09409519715258541,"improvement_m_s":0.007175505929112869,"improvement_per_wall_hour":0.009561491818059785,"screened_candidates":4,"screened_preparation_wall_hours":0.018399765980277778}
3702 CmaEs attempt 24: 0 candidates screened
3704 CmaEs 23: 3.02s simulated
3702 CmaEs 24: 0.02s simulated
3703 Bayesian attempt 19: 25 candidates screened
{"attempts":24,"failed_attempts":0,"wall_hours":0.7581465194099998,"charged_simulation_s":86.39999999999998,"actual_simulation_s":86.39999999999998,"best_speed_m_s":0.09255404365401759,"improvement_m_s":0.005634352430545053,"improvement_per_wall_hour":0.007431746089040658,"screened_candidates":5,"screened_preparation_wall_hours":0.022270437796666667}
3703 Bayesian 19: 0.02s simulated
3702 CmaEs 24: 1.02s simulated
3702 Bayesian attempt 16: 48 candidates screened
{"attempts":17,"failed_attempts":1,"wall_hours":0.7611825252002776,"charged_simulation_s":61.20000000000002,"actual_simulation_s":57.600000000000016,"best_speed_m_s":0.09920523365521551,"improvement_m_s":0.012285542431742971,"improvement_per_wall_hour":0.016140074193782203,"screened_candidates":96,"screened_preparation_wall_hours":0.5105591690338889}
3703 CmaEs attempt 24: 0 candidates screened
3703 Bayesian 19: 1.02s simulated
3703 CmaEs 24: 0.02s simulated
3702 CmaEs 24: 2.02s simulated
3701 CmaEs attempt 24: 1 candidates screened
3702 CmaEs 24: 3.02s simulated
3701 CmaEs 24: 0.02s simulated
3703 CmaEs 24: 1.02s simulated
3703 Bayesian 19: 2.02s simulated
{"attempts":25,"failed_attempts":0,"wall_hours":0.7738400452166666,"charged_simulation_s":89.99999999999997,"actual_simulation_s":89.99999999999997,"best_speed_m_s":0.08691969122347254,"improvement_m_s":0.0,"improvement_per_wall_hour":0.0,"screened_candidates":5,"screened_preparation_wall_hours":0.05948198304833334}
3704 CmaEs attempt 24: 0 candidates screened
3701 CmaEs 24: 1.02s simulated
3704 CmaEs 24: 0.02s simulated
3703 Bayesian 19: 3.02s simulated
3703 CmaEs 24: 2.02s simulated
3701 CmaEs 24: 2.02s simulated
{"attempts":20,"failed_attempts":0,"wall_hours":0.7821645118305556,"charged_simulation_s":72.0,"actual_simulation_s":72.0,"best_speed_m_s":0.10267684875970061,"improvement_m_s":0.01575715753622807,"improvement_per_wall_hour":0.020145579731494678,"screened_candidates":60,"screened_preparation_wall_hours":0.27392607885555553}
3704 CmaEs 24: 1.02s simulated
3703 CmaEs 24: 3.02s simulated
3704 CmaEs 24: 2.02s simulated
3701 CmaEs 24: 3.02s simulated
3702 CmaEs attempt 25: 0 candidates screened
{"attempts":25,"failed_attempts":0,"wall_hours":0.7905483487449999,"charged_simulation_s":89.99999999999997,"actual_simulation_s":89.99999999999997,"best_speed_m_s":0.1062443954624179,"improvement_m_s":0.01932470423894536,"improvement_per_wall_hour":0.024444683578965717,"screened_candidates":3,"screened_preparation_wall_hours":0.01850593284388889}
{"attempts":25,"failed_attempts":0,"wall_hours":0.7916680401783334,"charged_simulation_s":89.99999999999997,"actual_simulation_s":89.99999999999997,"best_speed_m_s":0.09409519715258541,"improvement_m_s":0.007175505929112869,"improvement_per_wall_hour":0.009063781237772961,"screened_candidates":5,"screened_preparation_wall_hours":0.02590750139027778}
3702 CmaEs 25: 0.02s simulated
3704 CmaEs 24: 3.02s simulated
{"attempts":25,"failed_attempts":0,"wall_hours":0.8024312337474998,"charged_simulation_s":89.99999999999997,"actual_simulation_s":89.99999999999997,"best_speed_m_s":0.09255404365401759,"improvement_m_s":0.005634352430545053,"improvement_per_wall_hour":0.00702160159473305,"screened_candidates":5,"screened_preparation_wall_hours":0.022270437796666667}
3702 CmaEs 25: 1.02s simulated
3702 CmaEs 25: 2.02s simulated
3701 CmaEs attempt 25: 0 candidates screened
3701 CmaEs 25: 0.02s simulated
3702 CmaEs 25: 3.02s simulated
3704 CmaEs attempt 25: 0 candidates screened
3704 CmaEs 25: 0.02s simulated
3701 CmaEs 25: 1.02s simulated
{"attempts":26,"failed_attempts":0,"wall_hours":0.8214382044733333,"charged_simulation_s":93.59999999999997,"actual_simulation_s":93.59999999999997,"best_speed_m_s":0.08691969122347254,"improvement_m_s":0.0,"improvement_per_wall_hour":0.0,"screened_candidates":5,"screened_preparation_wall_hours":0.05948198304833334}
3701 CmaEs 25: 2.02s simulated
3704 CmaEs 25: 1.02s simulated
3703 CmaEs attempt 25: 2 candidates screened
3703 CmaEs 25: 0.02s simulated
3701 CmaEs 25: 3.02s simulated
3704 CmaEs 25: 2.02s simulated
3703 CmaEs 25: 1.02s simulated
3702 CmaEs attempt 26: 1 candidates screened
{"attempts":26,"failed_attempts":0,"wall_hours":0.8355107480319445,"charged_simulation_s":93.59999999999997,"actual_simulation_s":93.59999999999997,"best_speed_m_s":0.09409519715258541,"improvement_m_s":0.007175505929112869,"improvement_per_wall_hour":0.008588167113367313,"screened_candidates":5,"screened_preparation_wall_hours":0.02590750139027778}
3702 CmaEs 26: 0.02s simulated
3704 CmaEs 25: 3.02s simulated
3703 CmaEs 25: 2.02s simulated
3702 CmaEs 26: 1.02s simulated
{"attempts":26,"failed_attempts":0,"wall_hours":0.844020179107222,"charged_simulation_s":93.59999999999997,"actual_simulation_s":93.59999999999997,"best_speed_m_s":0.09656562812848102,"improvement_m_s":0.009645936905008479,"improvement_per_wall_hour":0.011428561951222122,"screened_candidates":5,"screened_preparation_wall_hours":0.022270437796666667}
3703 CmaEs 25: 3.02s simulated
3702 CmaEs 26: 2.02s simulated
3701 CmaEs attempt 26: 0 candidates screened
{"attempts":26,"failed_attempts":0,"wall_hours":0.8518128867158332,"charged_simulation_s":93.59999999999997,"actual_simulation_s":93.59999999999997,"best_speed_m_s":0.1062443954624179,"improvement_m_s":0.01932470423894536,"improvement_per_wall_hour":0.022686560088861545,"screened_candidates":5,"screened_preparation_wall_hours":0.050028065041944444}
3701 CmaEs 26: 0.02s simulated
3702 CmaEs 26: 3.02s simulated
3701 CmaEs 26: 1.02s simulated
3704 CmaEs attempt 26: 0 candidates screened
{"attempts":27,"failed_attempts":0,"wall_hours":0.8590730766988888,"charged_simulation_s":97.19999999999996,"actual_simulation_s":97.19999999999996,"best_speed_m_s":0.08691969122347254,"improvement_m_s":0.0,"improvement_per_wall_hour":0.0,"screened_candidates":6,"screened_preparation_wall_hours":0.062017823886111115}
3704 CmaEs 26: 0.02s simulated
3703 Bayesian attempt 20: 48 candidates screened
{"attempts":21,"failed_attempts":1,"wall_hours":0.8627036735594444,"charged_simulation_s":75.6,"actual_simulation_s":72.0,"best_speed_m_s":0.10267684875970061,"improvement_m_s":0.01575715753622807,"improvement_per_wall_hour":0.018264855035582884,"screened_candidates":107,"screened_preparation_wall_hours":0.3624465903327777}
3701 CmaEs 26: 2.02s simulated
3704 CmaEs 26: 1.02s simulated
3703 CmaEs attempt 26: 0 candidates screened
3703 CmaEs 26: 0.02s simulated
3701 CmaEs 26: 3.02s simulated
3704 CmaEs 26: 2.02s simulated
3702 CmaEs attempt 27: 0 candidates screened
{"attempts":27,"failed_attempts":0,"wall_hours":0.8752521611622223,"charged_simulation_s":97.19999999999996,"actual_simulation_s":97.19999999999996,"best_speed_m_s":0.09409519715258541,"improvement_m_s":0.007175505929112869,"improvement_per_wall_hour":0.008198215608613545,"screened_candidates":5,"screened_preparation_wall_hours":0.02590750139027778}
3702 CmaEs 27: 0.02s simulated
3703 CmaEs 26: 1.02s simulated
3704 CmaEs 26: 3.02s simulated
{"attempts":27,"failed_attempts":0,"wall_hours":0.883478254262222,"charged_simulation_s":97.19999999999996,"actual_simulation_s":97.19999999999996,"best_speed_m_s":0.09656562812848102,"improvement_m_s":0.009645936905008479,"improvement_per_wall_hour":0.010918137326496666,"screened_candidates":5,"screened_preparation_wall_hours":0.022270437796666667}
3702 CmaEs 27: 1.02s simulated
3704 Bayesian attempt 19: 48 candidates screened
{"attempts":20,"failed_attempts":1,"wall_hours":0.8852401412950001,"charged_simulation_s":72.0,"actual_simulation_s":68.4,"best_speed_m_s":0.11246616672701622,"improvement_m_s":0.025546475503543678,"improvement_per_wall_hour":0.028858243443606445,"screened_candidates":90,"screened_preparation_wall_hours":0.547386490003889}
3703 CmaEs 26: 2.02s simulated
3702 CmaEs 27: 2.02s simulated
3703 CmaEs 26: 3.02s simulated
3701 CmaEs attempt 27: 1 candidates screened
3703 Bayesian attempt 21: 11 candidates screened
3701 CmaEs 27: 0.02s simulated
3702 CmaEs 27: 3.02s simulated
3703 Bayesian 21: 0.02s simulated
{"attempts":27,"failed_attempts":0,"wall_hours":0.904016603296111,"charged_simulation_s":97.19999999999996,"actual_simulation_s":97.19999999999996,"best_speed_m_s":0.1062443954624179,"improvement_m_s":0.01932470423894536,"improvement_per_wall_hour":0.0213764926091911,"screened_candidates":5,"screened_preparation_wall_hours":0.050028065041944444}
{"attempts":28,"failed_attempts":0,"wall_hours":0.9062755995577777,"charged_simulation_s":100.79999999999995,"actual_simulation_s":100.79999999999995,"best_speed_m_s":0.08691969122347254,"improvement_m_s":0.0,"improvement_per_wall_hour":0.0,"screened_candidates":6,"screened_preparation_wall_hours":0.062017823886111115}
3701 CmaEs 27: 1.02s simulated
3704 CmaEs attempt 27: 0 candidates screened
3703 Bayesian 21: 1.02s simulated
3704 CmaEs 27: 0.02s simulated
3704 CmaEs 27: 1.02s simulated
3701 CmaEs 27: 2.02s simulated
3703 Bayesian 21: 2.02s simulated
3704 CmaEs 27: 2.02s simulated
3701 CmaEs 27: 3.02s simulated
3703 CmaEs attempt 27: 0 candidates screened
3702 CmaEs attempt 28: 1 candidates screened
3703 Bayesian 21: 3.02s simulated
3703 CmaEs 27: 0.02s simulated
3702 CmaEs 28: 0.02s simulated
3704 CmaEs 27: 3.02s simulated
{"attempts":28,"failed_attempts":0,"wall_hours":0.9299581680083334,"charged_simulation_s":100.79999999999995,"actual_simulation_s":100.79999999999995,"best_speed_m_s":0.09409519715258541,"improvement_m_s":0.007175505929112869,"improvement_per_wall_hour":0.007715944841347497,"screened_candidates":6,"screened_preparation_wall_hours":0.02590750139027778}
{"attempts":22,"failed_attempts":1,"wall_hours":0.9306054925358334,"charged_simulation_s":79.19999999999999,"actual_simulation_s":75.6,"best_speed_m_s":0.10267684875970061,"improvement_m_s":0.01575715753622807,"improvement_per_wall_hour":0.016932156174246236,"screened_candidates":118,"screened_preparation_wall_hours":0.38146893416249994}
3703 CmaEs 27: 1.02s simulated
3702 CmaEs 28: 1.02s simulated
{"attempts":28,"failed_attempts":0,"wall_hours":0.9380064072005554,"charged_simulation_s":100.79999999999995,"actual_simulation_s":100.79999999999995,"best_speed_m_s":0.09656562812848102,"improvement_m_s":0.009645936905008479,"improvement_per_wall_hour":0.010283444580934593,"screened_candidates":5,"screened_preparation_wall_hours":0.022270437796666667}
3702 CmaEs 28: 2.02s simulated
3702 Bayesian attempt 17: 48 candidates screened
{"attempts":18,"failed_attempts":2,"wall_hours":0.9495824642241665,"charged_simulation_s":64.80000000000001,"actual_simulation_s":57.600000000000016,"best_speed_m_s":0.09920523365521551,"improvement_m_s":0.012285542431742971,"improvement_per_wall_hour":0.012937836253937754,"screened_candidates":143,"screened_preparation_wall_hours":0.8247330984108334}
3703 CmaEs 27: 2.02s simulated
3701 CmaEs attempt 28: 0 candidates screened
3702 CmaEs 28: 3.02s simulated
3701 CmaEs 28: 0.02s simulated
3703 CmaEs 27: 3.02s simulated
{"attempts":29,"failed_attempts":0,"wall_hours":0.9618844260297221,"charged_simulation_s":104.39999999999995,"actual_simulation_s":104.39999999999995,"best_speed_m_s":0.08691969122347254,"improvement_m_s":0.0,"improvement_per_wall_hour":0.0,"screened_candidates":7,"screened_preparation_wall_hours":0.06478792702611111}
3704 CmaEs attempt 28: 0 candidates screened
{"attempts":28,"failed_attempts":0,"wall_hours":0.964759322848611,"charged_simulation_s":100.79999999999995,"actual_simulation_s":100.79999999999995,"best_speed_m_s":0.1062443954624179,"improvement_m_s":0.01932470423894536,"improvement_per_wall_hour":0.020030596005940617,"screened_candidates":5,"screened_preparation_wall_hours":0.050028065041944444}
3704 CmaEs 28: 0.02s simulated
3701 CmaEs 28: 1.02s simulated
3704 CmaEs 28: 1.02s simulated
3701 CmaEs 28: 2.02s simulated
3704 CmaEs 28: 2.02s simulated
3702 CmaEs attempt 29: 0 candidates screened
3701 CmaEs 28: 3.02s simulated
3702 CmaEs 29: 0.02s simulated
3703 CmaEs attempt 28: 1 candidates screened
3704 CmaEs 28: 3.02s simulated
3703 CmaEs 28: 0.02s simulated
{"attempts":29,"failed_attempts":0,"wall_hours":0.9914596851072223,"charged_simulation_s":104.39999999999995,"actual_simulation_s":104.39999999999995,"best_speed_m_s":0.10371914495579516,"improvement_m_s":0.016799453732322625,"improvement_per_wall_hour":0.01694416221321781,"screened_candidates":6,"screened_preparation_wall_hours":0.02590750139027778}
3702 CmaEs 29: 1.02s simulated
{"attempts":29,"failed_attempts":0,"wall_hours":0.9948277655491665,"charged_simulation_s":104.39999999999995,"actual_simulation_s":104.39999999999995,"best_speed_m_s":0.09656562812848102,"improvement_m_s":0.009645936905008479,"improvement_per_wall_hour":0.009696087341997046,"screened_candidates":5,"screened_preparation_wall_hours":0.022270437796666667}
3703 CmaEs 28: 1.02s simulated
3702 CmaEs 29: 2.02s simulated
3703 CmaEs 28: 2.02s simulated
3702 CmaEs 29: 3.02s simulated
3701 CmaEs attempt 29: 2 candidates screened
3701 CmaEs 29: 0.02s simulated
3703 CmaEs 28: 3.02s simulated
{"attempts":30,"failed_attempts":0,"wall_hours":1.0175594999383333,"charged_simulation_s":107.99999999999994,"actual_simulation_s":107.99999999999994,"best_speed_m_s":0.08691969122347254,"improvement_m_s":0.0,"improvement_per_wall_hour":0.0,"screened_candidates":7,"screened_preparation_wall_hours":0.06478792702611111}
3704 CmaEs attempt 29: 0 candidates screened
3704 CmaEs 29: 0.02s simulated
{"attempts":29,"failed_attempts":0,"wall_hours":1.0204382841033333,"charged_simulation_s":104.39999999999995,"actual_simulation_s":104.39999999999995,"best_speed_m_s":0.1062443954624179,"improvement_m_s":0.01932470423894536,"improvement_per_wall_hour":0.018937651144602167,"screened_candidates":6,"screened_preparation_wall_hours":0.07453068563666666}
3701 CmaEs 29: 1.02s simulated
3704 CmaEs 29: 1.02s simulated
3703 Bayesian attempt 22: 48 candidates screened
{"attempts":23,"failed_attempts":2,"wall_hours":1.025799615008611,"charged_simulation_s":82.79999999999998,"actual_simulation_s":75.6,"best_speed_m_s":0.10267684875970061,"improvement_m_s":0.01575715753622807,"improvement_per_wall_hour":0.015360853431491878,"screened_candidates":165,"screened_preparation_wall_hours":0.5225134277402776}
3701 CmaEs 29: 2.02s simulated
3704 CmaEs 29: 2.02s simulated
3701 CmaEs 29: 3.02s simulated
3702 CmaEs attempt 30: 0 candidates screened
3702 CmaEs 30: 0.02s simulated
3704 CmaEs 29: 3.02s simulated
{"attempts":30,"failed_attempts":0,"wall_hours":1.0356661603486113,"charged_simulation_s":107.99999999999994,"actual_simulation_s":107.99999999999994,"best_speed_m_s":0.10371914495579516,"improvement_m_s":0.016799453732322625,"improvement_per_wall_hour":0.01622091594328797,"screened_candidates":8,"screened_preparation_wall_hours":0.048448376005}
3703 CmaEs attempt 29: 0 candidates screened
3703 CmaEs 29: 0.02s simulated
{"attempts":30,"failed_attempts":0,"wall_hours":1.039543008636111,"charged_simulation_s":107.99999999999994,"actual_simulation_s":107.99999999999994,"best_speed_m_s":0.09656562812848102,"improvement_m_s":0.009645936905008479,"improvement_per_wall_hour":0.009279016668741803,"screened_candidates":5,"screened_preparation_wall_hours":0.022270437796666667}
3702 CmaEs 30: 1.02s simulated
3703 CmaEs 29: 1.02s simulated
3701 Bayesian attempt 19: 48 candidates screened
{"attempts":20,"failed_attempts":1,"wall_hours":1.0631413520480555,"charged_simulation_s":72.0,"actual_simulation_s":68.4,"best_speed_m_s":0.13233115559911257,"improvement_m_s":0.04541146437564003,"improvement_per_wall_hour":0.042714418255068845,"screened_candidates":60,"screened_preparation_wall_hours":0.8866001330486109}
3702 CmaEs 30: 2.02s simulated
3703 CmaEs 29: 2.02s simulated
3701 CmaEs attempt 30: 0 candidates screened
3702 CmaEs 30: 3.02s simulated
3701 CmaEs 30: 0.02s simulated
3704 CmaEs attempt 30: 0 candidates screened
{"attempts":31,"failed_attempts":0,"wall_hours":1.0588143748574999,"charged_simulation_s":111.59999999999994,"actual_simulation_s":111.59999999999994,"best_speed_m_s":0.08691969122347254,"improvement_m_s":0.0,"improvement_per_wall_hour":0.0,"screened_candidates":7,"screened_preparation_wall_hours":0.06478792702611111}
3704 CmaEs 30: 0.02s simulated
3703 CmaEs 29: 3.02s simulated
3701 CmaEs 30: 1.02s simulated
{"attempts":30,"failed_attempts":0,"wall_hours":1.0666775339324999,"charged_simulation_s":107.99999999999994,"actual_simulation_s":107.99999999999994,"best_speed_m_s":0.1116848211302121,"improvement_m_s":0.024765129906739555,"improvement_per_wall_hour":0.023217072750598224,"screened_candidates":6,"screened_preparation_wall_hours":0.07453068563666666}
3704 CmaEs 30: 1.02s simulated
3701 CmaEs 30: 2.02s simulated
3704 CmaEs 30: 2.02s simulated
3701 CmaEs 30: 3.02s simulated
3702 CmaEs attempt 31: 0 candidates screened
3702 CmaEs 31: 0.02s simulated
3704 CmaEs 30: 3.02s simulated
{"attempts":31,"failed_attempts":0,"wall_hours":1.0847393298286112,"charged_simulation_s":111.59999999999994,"actual_simulation_s":111.59999999999994,"best_speed_m_s":0.10371914495579516,"improvement_m_s":0.016799453732322625,"improvement_per_wall_hour":0.015487088252785062,"screened_candidates":8,"screened_preparation_wall_hours":0.048448376005}
3703 CmaEs attempt 30: 0 candidates screened
{"attempts":31,"failed_attempts":0,"wall_hours":1.0886332257363889,"charged_simulation_s":111.59999999999994,"actual_simulation_s":111.59999999999994,"best_speed_m_s":0.09656562812848102,"improvement_m_s":0.009645936905008479,"improvement_per_wall_hour":0.00886059388687465,"screened_candidates":5,"screened_preparation_wall_hours":0.022270437796666667}
3702 CmaEs 31: 1.02s simulated
3703 CmaEs 30: 0.02s simulated
3702 CmaEs 31: 2.02s simulated
3704 Bayesian attempt 20: 48 candidates screened
{"attempts":21,"failed_attempts":2,"wall_hours":1.0967569418030556,"charged_simulation_s":75.6,"actual_simulation_s":68.4,"best_speed_m_s":0.11246616672701622,"improvement_m_s":0.025546475503543678,"improvement_per_wall_hour":0.023292741107747695,"screened_candidates":137,"screened_preparation_wall_hours":0.9275108204438889}
3703 CmaEs 30: 1.02s simulated
3703 Bayesian attempt 23: 48 candidates screened
{"attempts":24,"failed_attempts":3,"wall_hours":1.1011562648116666,"charged_simulation_s":86.39999999999998,"actual_simulation_s":75.6,"best_speed_m_s":0.10267684875970061,"improvement_m_s":0.01575715753622807,"improvement_per_wall_hour":0.014309647086213557,"screened_candidates":212,"screened_preparation_wall_hours":0.6440220242149999}
3701 CmaEs attempt 31: 0 candidates screened
3702 CmaEs 31: 3.02s simulated
3703 CmaEs 30: 2.02s simulated
3701 CmaEs 31: 0.02s simulated
3704 CmaEs attempt 31: 0 candidates screened
{"attempts":32,"failed_attempts":0,"wall_hours":1.107390841627222,"charged_simulation_s":115.19999999999993,"actual_simulation_s":115.19999999999993,"best_speed_m_s":0.08691969122347254,"improvement_m_s":0.0,"improvement_per_wall_hour":0.0,"screened_candidates":7,"screened_preparation_wall_hours":0.06478792702611111}
3704 CmaEs 31: 0.02s simulated
3701 CmaEs 31: 1.02s simulated
3703 CmaEs 30: 3.02s simulated
3704 CmaEs 31: 1.02s simulated
{"attempts":31,"failed_attempts":0,"wall_hours":1.1144620628794444,"charged_simulation_s":111.59999999999994,"actual_simulation_s":111.59999999999994,"best_speed_m_s":0.1116848211302121,"improvement_m_s":0.024765129906739555,"improvement_per_wall_hour":0.022221599757961875,"screened_candidates":6,"screened_preparation_wall_hours":0.07453068563666666}
3701 CmaEs 31: 2.02s simulated
3704 CmaEs 31: 2.02s simulated
3702 CmaEs attempt 32: 1 candidates screened
3701 CmaEs 31: 3.02s simulated
3702 CmaEs 32: 0.02s simulated
{"attempts":32,"failed_attempts":0,"wall_hours":1.125810712348889,"charged_simulation_s":115.19999999999993,"actual_simulation_s":115.19999999999993,"best_speed_m_s":0.10371914495579516,"improvement_m_s":0.016799453732322625,"improvement_per_wall_hour":0.0149220944054372,"screened_candidates":8,"screened_preparation_wall_hours":0.048448376005}
3704 CmaEs 31: 3.02s simulated
3702 CmaEs 32: 1.02s simulated
{"attempts":32,"failed_attempts":0,"wall_hours":1.132178352261111,"charged_simulation_s":115.19999999999993,"actual_simulation_s":115.19999999999993,"best_speed_m_s":0.09656562812848102,"improvement_m_s":0.009645936905008479,"improvement_per_wall_hour":0.008519803338179234,"screened_candidates":5,"screened_preparation_wall_hours":0.022270437796666667}
3702 CmaEs 32: 2.02s simulated
3702 Bayesian attempt 18: 48 candidates screened
{"attempts":19,"failed_attempts":3,"wall_hours":1.139178319578611,"charged_simulation_s":68.4,"actual_simulation_s":57.600000000000016,"best_speed_m_s":0.09920523365521551,"improvement_m_s":0.012285542431742971,"improvement_per_wall_hour":0.010784564822377826,"screened_candidates":190,"screened_preparation_wall_hours":1.1319360484466667}
3702 CmaEs 32: 3.02s simulated
3701 CmaEs attempt 32: 0 candidates screened
{"attempts":33,"failed_attempts":0,"wall_hours":1.145267525065833,"charged_simulation_s":118.79999999999993,"actual_simulation_s":118.79999999999993,"best_speed_m_s":0.08691969122347254,"improvement_m_s":0.0,"improvement_per_wall_hour":0.0,"screened_candidates":8,"screened_preparation_wall_hours":0.0669471972511111}
3701 CmaEs 32: 0.02s simulated
3704 CmaEs attempt 32: 0 candidates screened
3703 CmaEs attempt 31: 2 candidates screened
3701 CmaEs 32: 1.02s simulated
3704 CmaEs 32: 0.02s simulated
3703 CmaEs 31: 0.02s simulated
3701 CmaEs 32: 2.02s simulated
3703 CmaEs 31: 1.02s simulated
3704 CmaEs 32: 1.02s simulated
3702 CmaEs attempt 33: 0 candidates screened
3702 CmaEs 33: 0.02s simulated
3701 CmaEs 32: 3.02s simulated
3704 CmaEs 32: 2.02s simulated
3703 CmaEs 31: 2.02s simulated
{"attempts":33,"failed_attempts":0,"wall_hours":1.1679424178494444,"charged_simulation_s":118.79999999999993,"actual_simulation_s":118.79999999999993,"best_speed_m_s":0.10371914495579516,"improvement_m_s":0.016799453732322625,"improvement_per_wall_hour":0.014383803067325692,"screened_candidates":8,"screened_preparation_wall_hours":0.048448376005}
3702 CmaEs 33: 1.02s simulated
3704 CmaEs 32: 3.02s simulated
3703 Bayesian attempt 24: 30 candidates screened
3703 CmaEs 31: 3.02s simulated
3702 CmaEs 33: 2.02s simulated
3703 Bayesian 24: 0.02s simulated
{"attempts":32,"failed_attempts":0,"wall_hours":1.1832680900316666,"charged_simulation_s":115.19999999999993,"actual_simulation_s":115.19999999999993,"best_speed_m_s":0.1214266503370533,"improvement_m_s":0.03450695911358076,"improvement_per_wall_hour":0.02916241839383777,"screened_candidates":8,"screened_preparation_wall_hours":0.10899373824222222}
{"attempts":33,"failed_attempts":0,"wall_hours":1.1843117022894445,"charged_simulation_s":118.79999999999993,"actual_simulation_s":118.79999999999993,"best_speed_m_s":0.10324083363188953,"improvement_m_s":0.01632114240841699,"improvement_per_wall_hour":0.013781120609435742,"screened_candidates":5,"screened_preparation_wall_hours":0.022270437796666667}
3702 CmaEs 33: 3.02s simulated
3703 Bayesian 24: 1.02s simulated
3701 CmaEs attempt 33: 0 candidates screened
3701 CmaEs 33: 0.02s simulated
{"attempts":34,"failed_attempts":0,"wall_hours":1.191440784768333,"charged_simulation_s":122.39999999999992,"actual_simulation_s":122.39999999999992,"best_speed_m_s":0.08691969122347254,"improvement_m_s":0.0,"improvement_per_wall_hour":0.0,"screened_candidates":8,"screened_preparation_wall_hours":0.0669471972511111}
3703 Bayesian 24: 2.02s simulated
3701 CmaEs 33: 1.02s simulated
3704 CmaEs attempt 33: 0 candidates screened
3703 Bayesian 24: 3.02s simulated
3701 CmaEs 33: 2.02s simulated
3704 CmaEs 33: 0.02s simulated
{"attempts":25,"failed_attempts":3,"wall_hours":1.2106920410652777,"charged_simulation_s":89.99999999999997,"actual_simulation_s":79.19999999999999,"best_speed_m_s":0.10267684875970061,"improvement_m_s":0.01575715753622807,"improvement_per_wall_hour":0.013015000513560393,"screened_candidates":242,"screened_preparation_wall_hours":0.7278530413994443}
3702 CmaEs attempt 34: 0 candidates screened
3701 CmaEs 33: 3.02s simulated
3701 Bayesian attempt 20: 17 candidates screened
3704 CmaEs 33: 1.02s simulated
3703 CmaEs attempt 32: 2 candidates screened
3702 CmaEs 34: 0.02s simulated
3701 Bayesian 20: 0.02s simulated
3703 CmaEs 32: 0.02s simulated
{"attempts":34,"failed_attempts":0,"wall_hours":1.2167024734222223,"charged_simulation_s":122.39999999999992,"actual_simulation_s":122.39999999999992,"best_speed_m_s":0.10371914495579516,"improvement_m_s":0.016799453732322625,"improvement_per_wall_hour":0.013807363837332193,"screened_candidates":8,"screened_preparation_wall_hours":0.048448376005}
3704 CmaEs 33: 2.02s simulated
3702 CmaEs 34: 1.02s simulated
3701 Bayesian 20: 1.02s simulated
3703 CmaEs 32: 1.02s simulated
3704 CmaEs 33: 3.02s simulated
3702 CmaEs 34: 2.02s simulated
3701 Bayesian 20: 2.02s simulated
3703 CmaEs 32: 2.02s simulated
{"attempts":34,"failed_attempts":0,"wall_hours":1.2281709508591667,"charged_simulation_s":122.39999999999992,"actual_simulation_s":122.39999999999992,"best_speed_m_s":0.10324083363188953,"improvement_m_s":0.01632114240841699,"improvement_per_wall_hour":0.013288982610278756,"screened_candidates":5,"screened_preparation_wall_hours":0.022270437796666667}
3702 CmaEs 34: 3.02s simulated
3701 CmaEs attempt 34: 0 candidates screened
3701 CmaEs 34: 0.02s simulated
3703 CmaEs 32: 3.02s simulated
{"attempts":35,"failed_attempts":0,"wall_hours":1.2337877741611107,"charged_simulation_s":125.99999999999991,"actual_simulation_s":125.99999999999991,"best_speed_m_s":0.08691969122347254,"improvement_m_s":0.0,"improvement_per_wall_hour":0.0,"screened_candidates":8,"screened_preparation_wall_hours":0.0669471972511111}
3701 Bayesian 20: 3.02s simulated
3701 CmaEs 34: 1.02s simulated
{"attempts":33,"failed_attempts":0,"wall_hours":1.2370186495225,"charged_simulation_s":118.79999999999993,"actual_simulation_s":118.79999999999993,"best_speed_m_s":0.1214266503370533,"improvement_m_s":0.03450695911358076,"improvement_per_wall_hour":0.027895261827217195,"screened_candidates":10,"screened_preparation_wall_hours":0.12586103998805556}
{"attempts":21,"failed_attempts":1,"wall_hours":1.2544814795024999,"charged_simulation_s":75.6,"actual_simulation_s":72.0,"best_speed_m_s":0.13454890888729967,"improvement_m_s":0.047629217663827134,"improvement_per_wall_hour":0.03796725455262667,"screened_candidates":77,"screened_preparation_wall_hours":1.1940259341413886}
3701 CmaEs 34: 2.02s simulated
3704 CmaEs attempt 34: 0 candidates screened
3704 CmaEs 34: 0.02s simulated
3701 CmaEs 34: 3.02s simulated
3702 CmaEs attempt 35: 0 candidates screened
3702 CmaEs 35: 0.02s simulated
3704 CmaEs 34: 1.02s simulated
{"attempts":35,"failed_attempts":0,"wall_hours":1.2536153834416668,"charged_simulation_s":125.99999999999991,"actual_simulation_s":125.99999999999991,"best_speed_m_s":0.10371914495579516,"improvement_m_s":0.016799453732322625,"improvement_per_wall_hour":0.013400803750669942,"screened_candidates":8,"screened_preparation_wall_hours":0.048448376005}
3703 CmaEs attempt 33: 0 candidates screened
3703 CmaEs 33: 0.02s simulated
3702 CmaEs 35: 1.02s simulated
3704 CmaEs 34: 2.02s simulated
3703 CmaEs 33: 1.02s simulated
3702 CmaEs 35: 2.02s simulated
3704 CmaEs 34: 3.02s simulated
3701 CmaEs attempt 35: 0 candidates screened
3703 CmaEs 33: 2.02s simulated
3704 Bayesian attempt 21: 48 candidates screened
{"attempts":22,"failed_attempts":3,"wall_hours":1.2698944171175,"charged_simulation_s":79.19999999999999,"actual_simulation_s":68.4,"best_speed_m_s":0.11246616672701622,"improvement_m_s":0.025546475503543678,"improvement_per_wall_hour":0.02011700749226928,"screened_candidates":184,"screened_preparation_wall_hours":1.2462734052833333}
3701 CmaEs 35: 0.02s simulated
{"attempts":35,"failed_attempts":0,"wall_hours":1.2706380203658334,"charged_simulation_s":125.99999999999991,"actual_simulation_s":125.99999999999991,"best_speed_m_s":0.10324083363188953,"improvement_m_s":0.01632114240841699,"improvement_per_wall_hour":0.012844840266717283,"screened_candidates":5,"screened_preparation_wall_hours":0.022270437796666667}
3702 CmaEs 35: 3.02s simulated
3703 CmaEs 33: 3.02s simulated
3701 CmaEs 35: 1.02s simulated
3703 Bayesian attempt 25: 48 candidates screened
{"attempts":26,"failed_attempts":4,"wall_hours":1.2752644643758333,"charged_simulation_s":93.59999999999997,"actual_simulation_s":79.19999999999999,"best_speed_m_s":0.10267684875970061,"improvement_m_s":0.01575715753622807,"improvement_per_wall_hour":0.01235599201295103,"screened_candidates":289,"screened_preparation_wall_hours":0.8420446707099999}
{"attempts":34,"failed_attempts":0,"wall_hours":1.2770729133980554,"charged_simulation_s":122.39999999999992,"actual_simulation_s":122.39999999999992,"best_speed_m_s":0.1214266503370533,"improvement_m_s":0.03450695911358076,"improvement_per_wall_hour":0.02702035158021174,"screened_candidates":10,"screened_preparation_wall_hours":0.12586103998805556}
{"attempts":36,"failed_attempts":0,"wall_hours":1.278432338723333,"charged_simulation_s":129.5999999999999,"actual_simulation_s":129.5999999999999,"best_speed_m_s":0.09417557608375059,"improvement_m_s":0.007255884860278047,"improvement_per_wall_hour":0.005675611168850682,"screened_candidates":8,"screened_preparation_wall_hours":0.0669471972511111}
3701 CmaEs 35: 2.02s simulated
3704 CmaEs attempt 35: 0 candidates screened
3701 CmaEs 35: 3.02s simulated
3704 CmaEs 35: 0.02s simulated
{"attempts":36,"failed_attempts":0,"wall_hours":1.289826029318889,"charged_simulation_s":129.5999999999999,"actual_simulation_s":129.5999999999999,"best_speed_m_s":0.10371914495579516,"improvement_m_s":0.016799453732322625,"improvement_per_wall_hour":0.013024588859626143,"screened_candidates":8,"screened_preparation_wall_hours":0.048448376005}
3704 CmaEs 35: 1.02s simulated
3702 CmaEs attempt 36: 0 candidates screened
3703 CmaEs attempt 34: 1 candidates screened
3702 CmaEs 36: 0.02s simulated
3703 CmaEs 34: 0.02s simulated
3704 CmaEs 35: 2.02s simulated
3702 Bayesian attempt 19: 48 candidates screened
{"attempts":20,"failed_attempts":4,"wall_hours":1.2970929858913887,"charged_simulation_s":72.0,"actual_simulation_s":57.600000000000016,"best_speed_m_s":0.09920523365521551,"improvement_m_s":0.012285542431742971,"improvement_per_wall_hour":0.009471597306726701,"screened_candidates":237,"screened_preparation_wall_hours":1.3885614994533335}
3702 CmaEs 36: 1.02s simulated
3703 CmaEs 34: 1.02s simulated
3704 CmaEs 35: 3.02s simulated
3701 CmaEs attempt 36: 1 candidates screened
3702 CmaEs 36: 2.02s simulated
{"attempts":36,"failed_attempts":0,"wall_hours":1.3026689623797223,"charged_simulation_s":129.5999999999999,"actual_simulation_s":129.5999999999999,"best_speed_m_s":0.10324083363188953,"improvement_m_s":0.01632114240841699,"improvement_per_wall_hour":0.012529002286660339,"screened_candidates":5,"screened_preparation_wall_hours":0.022270437796666667}
3701 CmaEs 36: 0.02s simulated
3703 CmaEs 34: 2.02s simulated
3701 CmaEs 36: 1.02s simulated
3702 CmaEs 36: 3.02s simulated
3703 CmaEs 34: 3.02s simulated
{"attempts":37,"failed_attempts":0,"wall_hours":1.3109970863766662,"charged_simulation_s":133.1999999999999,"actual_simulation_s":133.1999999999999,"best_speed_m_s":0.09417557608375059,"improvement_m_s":0.007255884860278047,"improvement_per_wall_hour":0.005534630805573994,"screened_candidates":8,"screened_preparation_wall_hours":0.0669471972511111}
3701 CmaEs 36: 2.02s simulated
{"attempts":35,"failed_attempts":0,"wall_hours":1.314316842517222,"charged_simulation_s":125.99999999999991,"actual_simulation_s":125.99999999999991,"best_speed_m_s":0.1214266503370533,"improvement_m_s":0.03450695911358076,"improvement_per_wall_hour":0.0262546731482889,"screened_candidates":11,"screened_preparation_wall_hours":0.13218923702611113}
3704 CmaEs attempt 36: 0 candidates screened
3704 CmaEs 36: 0.02s simulated
3701 CmaEs 36: 3.02s simulated
3704 CmaEs 36: 1.02s simulated
{"attempts":37,"failed_attempts":0,"wall_hours":1.3231713882530556,"charged_simulation_s":133.1999999999999,"actual_simulation_s":133.1999999999999,"best_speed_m_s":0.10371914495579516,"improvement_m_s":0.016799453732322625,"improvement_per_wall_hour":0.012696355046266872,"screened_candidates":9,"screened_preparation_wall_hours":0.054091189384444446}
3702 CmaEs attempt 37: 1 candidates screened
3702 CmaEs 37: 0.02s simulated
3704 CmaEs 36: 2.02s simulated
3703 CmaEs attempt 35: 0 candidates screened
3702 CmaEs 37: 1.02s simulated
3703 CmaEs 35: 0.02s simulated
3703 Bayesian attempt 26: 48 candidates screened
{"attempts":27,"failed_attempts":5,"wall_hours":1.3330770000255556,"charged_simulation_s":97.19999999999996,"actual_simulation_s":79.19999999999999,"best_speed_m_s":0.10267684875970061,"improvement_m_s":0.01575715753622807,"improvement_per_wall_hour":0.011820140573969845,"screened_candidates":336,"screened_preparation_wall_hours":0.9445814867449999}
3704 CmaEs 36: 3.02s simulated
3703 CmaEs 35: 1.02s simulated
3702 CmaEs 37: 2.02s simulated
3701 CmaEs attempt 37: 0 candidates screened
3701 Bayesian attempt 21: 28 candidates screened
{"attempts":37,"failed_attempts":0,"wall_hours":1.3364929349061112,"charged_simulation_s":133.1999999999999,"actual_simulation_s":133.1999999999999,"best_speed_m_s":0.10324083363188953,"improvement_m_s":0.01632114240841699,"improvement_per_wall_hour":0.012211918209327126,"screened_candidates":5,"screened_preparation_wall_hours":0.022270437796666667}
3701 CmaEs 37: 0.02s simulated
3701 Bayesian 21: 0.02s simulated
3702 CmaEs 37: 3.02s simulated
3703 CmaEs 35: 2.02s simulated
3701 Bayesian 21: 1.02s simulated
3701 CmaEs 37: 1.02s simulated
{"attempts":38,"failed_attempts":0,"wall_hours":1.3422417696908329,"charged_simulation_s":136.7999999999999,"actual_simulation_s":136.7999999999999,"best_speed_m_s":0.09417557608375059,"improvement_m_s":0.007255884860278047,"improvement_per_wall_hour":0.005405795754627232,"screened_candidates":9,"screened_preparation_wall_hours":0.0669471972511111}
3703 CmaEs 35: 3.02s simulated
3701 Bayesian 21: 2.02s simulated
3701 CmaEs 37: 2.02s simulated
{"attempts":36,"failed_attempts":0,"wall_hours":1.3475044060419443,"charged_simulation_s":129.5999999999999,"actual_simulation_s":129.5999999999999,"best_speed_m_s":0.1214266503370533,"improvement_m_s":0.03450695911358076,"improvement_per_wall_hour":0.025608049189938344,"screened_candidates":11,"screened_preparation_wall_hours":0.13218923702611113}
3701 Bayesian 21: 3.02s simulated
3701 CmaEs 37: 3.02s simulated
{"attempts":22,"failed_attempts":1,"wall_hours":1.3690620371158333,"charged_simulation_s":79.19999999999999,"actual_simulation_s":75.6,"best_speed_m_s":0.13454890888729967,"improvement_m_s":0.047629217663827134,"improvement_per_wall_hour":0.03478967086412413,"screened_candidates":105,"screened_preparation_wall_hours":1.3580057610997218}
{"attempts":38,"failed_attempts":0,"wall_hours":1.3565349029008333,"charged_simulation_s":136.7999999999999,"actual_simulation_s":136.7999999999999,"best_speed_m_s":0.10371914495579516,"improvement_m_s":0.016799453732322625,"improvement_per_wall_hour":0.012384092511293618,"screened_candidates":9,"screened_preparation_wall_hours":0.054091189384444446}
3702 CmaEs attempt 38: 0 candidates screened
3702 CmaEs 38: 0.02s simulated
3703 CmaEs attempt 36: 0 candidates screened
3702 CmaEs 38: 1.02s simulated
3704 CmaEs attempt 37: 2 candidates screened
3703 CmaEs 36: 0.02s simulated
3704 CmaEs 37: 0.02s simulated
3701 CmaEs attempt 38: 0 candidates screened
3702 CmaEs 38: 2.02s simulated
3701 CmaEs 38: 0.02s simulated
3704 CmaEs 37: 1.02s simulated
3703 CmaEs 36: 1.02s simulated
3702 CmaEs 38: 3.02s simulated
3701 CmaEs 38: 1.02s simulated
3704 CmaEs 37: 2.02s simulated
3703 CmaEs 36: 2.02s simulated
{"attempts":39,"failed_attempts":0,"wall_hours":1.3923967473955552,"charged_simulation_s":140.3999999999999,"actual_simulation_s":140.3999999999999,"best_speed_m_s":0.09417557608375059,"improvement_m_s":0.007255884860278047,"improvement_per_wall_hour":0.005211075703710172,"screened_candidates":9,"screened_preparation_wall_hours":0.0669471972511111}
3701 CmaEs 38: 2.02s simulated
3704 CmaEs 37: 3.02s simulated
3703 CmaEs 36: 3.02s simulated
{"attempts":38,"failed_attempts":0,"wall_hours":1.4010653018741668,"charged_simulation_s":136.7999999999999,"actual_simulation_s":136.7999999999999,"best_speed_m_s":0.10324083363188953,"improvement_m_s":0.01632114240841699,"improvement_per_wall_hour":0.011649094718557832,"screened_candidates":7,"screened_preparation_wall_hours":0.039429352776388885}
3701 CmaEs 38: 3.02s simulated
{"attempts":37,"failed_attempts":0,"wall_hours":1.4038683549966666,"charged_simulation_s":133.1999999999999,"actual_simulation_s":133.1999999999999,"best_speed_m_s":0.1214266503370533,"improvement_m_s":0.03450695911358076,"improvement_per_wall_hour":0.02457991092310268,"screened_candidates":11,"screened_preparation_wall_hours":0.13218923702611113}
{"attempts":39,"failed_attempts":0,"wall_hours":1.4064647006541666,"charged_simulation_s":140.3999999999999,"actual_simulation_s":140.3999999999999,"best_speed_m_s":0.10371914495579516,"improvement_m_s":0.016799453732322625,"improvement_per_wall_hour":0.01194445457785678,"screened_candidates":9,"screened_preparation_wall_hours":0.054091189384444446}
3702 CmaEs attempt 39: 0 candidates screened
3702 CmaEs 39: 0.02s simulated
3703 Bayesian attempt 27: 48 candidates screened
{"attempts":28,"failed_attempts":6,"wall_hours":1.4109427955661111,"charged_simulation_s":100.79999999999995,"actual_simulation_s":79.19999999999999,"best_speed_m_s":0.10267684875970061,"improvement_m_s":0.01575715753622807,"improvement_per_wall_hour":0.011167821676218872,"screened_candidates":383,"screened_preparation_wall_hours":1.0825027610975}
3702 CmaEs 39: 1.02s simulated
3704 CmaEs attempt 38: 0 candidates screened
3704 CmaEs 38: 0.02s simulated
3703 CmaEs attempt 37: 1 candidates screened
3702 CmaEs 39: 2.02s simulated
3701 CmaEs attempt 39: 0 candidates screened
3703 CmaEs 37: 0.02s simulated
3701 CmaEs 39: 0.02s simulated
3704 CmaEs 38: 1.02s simulated
3702 CmaEs 39: 3.02s simulated
3703 CmaEs 37: 1.02s simulated
3701 CmaEs 39: 1.02s simulated
{"attempts":40,"failed_attempts":0,"wall_hours":1.429144632888333,"charged_simulation_s":143.9999999999999,"actual_simulation_s":143.9999999999999,"best_speed_m_s":0.09417557608375059,"improvement_m_s":0.007255884860278047,"improvement_per_wall_hour":0.005077082258367191,"screened_candidates":9,"screened_preparation_wall_hours":0.0669471972511111}
3704 Bayesian attempt 22: 48 candidates screened
{"attempts":23,"failed_attempts":4,"wall_hours":1.4317829735688887,"charged_simulation_s":82.79999999999998,"actual_simulation_s":68.4,"best_speed_m_s":0.11246616672701622,"improvement_m_s":0.025546475503543678,"improvement_per_wall_hour":0.01784242163452053,"screened_candidates":231,"screened_preparation_wall_hours":1.5443261000380555}
3704 CmaEs 38: 2.02s simulated
3701 CmaEs 39: 2.02s simulated
3703 CmaEs 37: 2.02s simulated
3704 CmaEs 38: 3.02s simulated
3701 CmaEs 39: 3.02s simulated
3703 CmaEs 37: 3.02s simulated
{"attempts":39,"failed_attempts":0,"wall_hours":1.4464541200741667,"charged_simulation_s":140.3999999999999,"actual_simulation_s":140.3999999999999,"best_speed_m_s":0.10912804285027722,"improvement_m_s":0.02220835162680468,"improvement_per_wall_hour":0.015353650916813006,"screened_candidates":7,"screened_preparation_wall_hours":0.039429352776388885}
3702 CmaEs attempt 40: 0 candidates screened
{"attempts":40,"failed_attempts":0,"wall_hours":1.4481611630769444,"charged_simulation_s":143.9999999999999,"actual_simulation_s":143.9999999999999,"best_speed_m_s":0.10371914495579516,"improvement_m_s":0.016799453732322625,"improvement_per_wall_hour":0.011600541542371157,"screened_candidates":9,"screened_preparation_wall_hours":0.054091189384444446}
{"attempts":38,"failed_attempts":0,"wall_hours":1.4495410303808334,"charged_simulation_s":136.7999999999999,"actual_simulation_s":136.7999999999999,"best_speed_m_s":0.1214266503370533,"improvement_m_s":0.03450695911358076,"improvement_per_wall_hour":0.023805437990613385,"screened_candidates":12,"screened_preparation_wall_hours":0.1383437202491667}
3702 Bayesian attempt 20: 48 candidates screened
{"attempts":21,"failed_attempts":5,"wall_hours":1.449875541542222,"charged_simulation_s":75.6,"actual_simulation_s":57.600000000000016,"best_speed_m_s":0.09920523365521551,"improvement_m_s":0.012285542431742971,"improvement_per_wall_hour":0.008473515194742116,"screened_candidates":284,"screened_preparation_wall_hours":1.6490475136213891}
3702 CmaEs 40: 0.02s simulated
3702 CmaEs 40: 1.02s simulated
3702 CmaEs 40: 2.02s simulated
3704 CmaEs attempt 39: 1 candidates screened
3701 CmaEs attempt 40: 0 candidates screened
3704 CmaEs 39: 0.02s simulated
3701 CmaEs 40: 0.02s simulated
3703 CmaEs attempt 38: 0 candidates screened
3702 CmaEs 40: 3.02s simulated
3703 CmaEs 38: 0.02s simulated
3704 CmaEs 39: 1.02s simulated
3701 CmaEs 40: 1.02s simulated
{"attempts":41,"failed_attempts":0,"wall_hours":1.477186903824444,"charged_simulation_s":147.59999999999988,"actual_simulation_s":147.59999999999988,"best_speed_m_s":0.09417557608375059,"improvement_m_s":0.007255884860278047,"improvement_per_wall_hour":0.0049119612700955625,"screened_candidates":9,"screened_preparation_wall_hours":0.0669471972511111}
3703 CmaEs 38: 1.02s simulated
3704 CmaEs 39: 2.02s simulated
3701 CmaEs 40: 2.02s simulated
3704 CmaEs 39: 3.02s simulated
3703 CmaEs 38: 2.02s simulated
3701 CmaEs 40: 3.02s simulated
3703 Bayesian attempt 28: 48 candidates screened
{"attempts":29,"failed_attempts":7,"wall_hours":1.4919814211280555,"charged_simulation_s":104.39999999999995,"actual_simulation_s":79.19999999999999,"best_speed_m_s":0.10267684875970061,"improvement_m_s":0.01575715753622807,"improvement_per_wall_hour":0.010561229056266944,"screened_candidates":430,"screened_preparation_wall_hours":1.216760447058611}
{"attempts":40,"failed_attempts":0,"wall_hours":1.4921797540225001,"charged_simulation_s":143.9999999999999,"actual_simulation_s":143.9999999999999,"best_speed_m_s":0.10912804285027722,"improvement_m_s":0.02220835162680468,"improvement_per_wall_hour":0.014883161071537903,"screened_candidates":8,"screened_preparation_wall_hours":0.056827624370277774}
{"attempts":41,"failed_attempts":0,"wall_hours":1.4939963510883334,"charged_simulation_s":147.59999999999988,"actual_simulation_s":147.59999999999988,"best_speed_m_s":0.10371914495579516,"improvement_m_s":0.016799453732322625,"improvement_per_wall_hour":0.01124464174232066,"screened_candidates":9,"screened_preparation_wall_hours":0.054091189384444446}
3703 CmaEs 38: 3.02s simulated
3702 CmaEs attempt 41: 0 candidates screened
3702 CmaEs 41: 0.02s simulated
{"attempts":39,"failed_attempts":0,"wall_hours":1.499447894491389,"charged_simulation_s":140.3999999999999,"actual_simulation_s":140.3999999999999,"best_speed_m_s":0.1214266503370533,"improvement_m_s":0.03450695911358076,"improvement_per_wall_hour":0.023013109852200286,"screened_candidates":12,"screened_preparation_wall_hours":0.1383437202491667}
3702 CmaEs 41: 1.02s simulated
3704 CmaEs attempt 40: 1 candidates screened
3701 CmaEs attempt 41: 1 candidates screened
3702 CmaEs 41: 2.02s simulated
3704 CmaEs 40: 0.02s simulated
3701 CmaEs 41: 0.02s simulated
3702 CmaEs 41: 3.02s simulated
3703 CmaEs attempt 39: 0 candidates screened
3701 CmaEs 41: 1.02s simulated
3704 CmaEs 40: 1.02s simulated
3703 CmaEs 39: 0.02s simulated
{"attempts":42,"failed_attempts":0,"wall_hours":1.5166320620652773,"charged_simulation_s":151.19999999999987,"actual_simulation_s":151.19999999999987,"best_speed_m_s":0.09417557608375059,"improvement_m_s":0.007255884860278047,"improvement_per_wall_hour":0.00478420906544553,"screened_candidates":9,"screened_preparation_wall_hours":0.0669471972511111}
3701 CmaEs 41: 2.02s simulated
3704 CmaEs 40: 2.02s simulated
3703 CmaEs 39: 1.02s simulated
3701 CmaEs 41: 3.02s simulated
3704 CmaEs 40: 3.02s simulated
3703 CmaEs 39: 2.02s simulated
{"attempts":42,"failed_attempts":0,"wall_hours":1.5292912299094445,"charged_simulation_s":151.19999999999987,"actual_simulation_s":151.19999999999987,"best_speed_m_s":0.10371914495579516,"improvement_m_s":0.016799453732322625,"improvement_per_wall_hour":0.010985123960540457,"screened_candidates":10,"screened_preparation_wall_hours":0.06109280742}
{"attempts":41,"failed_attempts":0,"wall_hours":1.5311417875225002,"charged_simulation_s":147.59999999999988,"actual_simulation_s":147.59999999999988,"best_speed_m_s":0.10912804285027722,"improvement_m_s":0.02220835162680468,"improvement_per_wall_hour":0.014504438326864178,"screened_candidates":9,"screened_preparation_wall_hours":0.06339771466277777}
3702 CmaEs attempt 42: 0 candidates screened
3702 CmaEs 42: 0.02s simulated
3703 CmaEs 39: 3.02s simulated
{"attempts":40,"failed_attempts":0,"wall_hours":1.5421841055091667,"charged_simulation_s":143.9999999999999,"actual_simulation_s":143.9999999999999,"best_speed_m_s":0.1214266503370533,"improvement_m_s":0.03450695911358076,"improvement_per_wall_hour":0.02237538241401338,"screened_candidates":12,"screened_preparation_wall_hours":0.1383437202491667}
3702 CmaEs 42: 1.02s simulated
3701 CmaEs attempt 42: 0 candidates screened
3702 CmaEs 42: 2.02s simulated
3704 CmaEs attempt 41: 0 candidates screened
3701 CmaEs 42: 0.02s simulated
3704 CmaEs 41: 0.02s simulated
3702 CmaEs 42: 3.02s simulated
3701 CmaEs 42: 1.02s simulated
3704 CmaEs 41: 1.02s simulated
3703 CmaEs attempt 40: 1 candidates screened
3703 CmaEs 40: 0.02s simulated
{"attempts":43,"failed_attempts":0,"wall_hours":1.564978554149444,"charged_simulation_s":154.79999999999987,"actual_simulation_s":154.79999999999987,"best_speed_m_s":0.09417557608375059,"improvement_m_s":0.007255884860278047,"improvement_per_wall_hour":0.004636411688223788,"screened_candidates":9,"screened_preparation_wall_hours":0.0669471972511111}
3703 Bayesian attempt 29: 48 candidates screened
{"attempts":30,"failed_attempts":8,"wall_hours":1.5669634017622223,"charged_simulation_s":107.99999999999994,"actual_simulation_s":79.19999999999999,"best_speed_m_s":0.10267684875970061,"improvement_m_s":0.01575715753622807,"improvement_per_wall_hour":0.010055855496374336,"screened_candidates":477,"screened_preparation_wall_hours":1.34504272902}
3701 CmaEs 42: 2.02s simulated
3704 CmaEs 41: 2.02s simulated
3703 CmaEs 40: 1.02s simulated
3704 CmaEs 41: 3.02s simulated
3701 CmaEs 42: 3.02s simulated
3703 CmaEs 40: 2.02s simulated
{"attempts":42,"failed_attempts":0,"wall_hours":1.5759571792988891,"charged_simulation_s":151.19999999999987,"actual_simulation_s":151.19999999999987,"best_speed_m_s":0.10912804285027722,"improvement_m_s":0.02220835162680468,"improvement_per_wall_hour":0.014091976557817845,"screened_candidates":9,"screened_preparation_wall_hours":0.06339771466277777}
{"attempts":43,"failed_attempts":0,"wall_hours":1.5773054369072224,"charged_simulation_s":154.79999999999987,"actual_simulation_s":154.79999999999987,"best_speed_m_s":0.10371914495579516,"improvement_m_s":0.016799453732322625,"improvement_per_wall_hour":0.010650729617253437,"screened_candidates":10,"screened_preparation_wall_hours":0.06109280742}
3703 CmaEs 40: 3.02s simulated
{"attempts":41,"failed_attempts":0,"wall_hours":1.5877145962705557,"charged_simulation_s":147.59999999999988,"actual_simulation_s":147.59999999999988,"best_speed_m_s":0.1214266503370533,"improvement_m_s":0.03450695911358076,"improvement_per_wall_hour":0.02173372921974484,"screened_candidates":13,"screened_preparation_wall_hours":0.14838508847083337}
3704 CmaEs attempt 42: 0 candidates screened
3701 CmaEs attempt 43: 0 candidates screened
3704 CmaEs 42: 0.02s simulated
3701 CmaEs 43: 0.02s simulated
3701 Bayesian attempt 22: 48 candidates screened
{"attempts":23,"failed_attempts":2,"wall_hours":1.6158119333699998,"charged_simulation_s":82.79999999999998,"actual_simulation_s":75.6,"best_speed_m_s":0.13454890888729967,"improvement_m_s":0.047629217663827134,"improvement_per_wall_hour":0.02947695624730893,"screened_candidates":152,"screened_preparation_wall_hours":1.7676859088880552}
3702 CmaEs attempt 43: 2 candidates screened
3702 CmaEs 43: 0.02s simulated
3704 CmaEs 42: 1.02s simulated
3701 CmaEs 43: 1.02s simulated
3703 CmaEs attempt 41: 1 candidates screened
3702 CmaEs 43: 1.02s simulated
3703 CmaEs 41: 0.02s simulated
3701 CmaEs 43: 2.02s simulated
3704 Bayesian attempt 23: 48 candidates screened
{"attempts":24,"failed_attempts":5,"wall_hours":1.6091839357688889,"charged_simulation_s":86.39999999999998,"actual_simulation_s":68.4,"best_speed_m_s":0.11246616672701622,"improvement_m_s":0.025546475503543678,"improvement_per_wall_hour":0.015875422899581236,"screened_candidates":278,"screened_preparation_wall_hours":1.8696076807466666}
3704 CmaEs 42: 2.02s simulated
3702 CmaEs 43: 2.02s simulated
3703 CmaEs 41: 1.02s simulated
3701 CmaEs 43: 3.02s simulated
3704 CmaEs 42: 3.02s simulated
3702 CmaEs 43: 3.02s simulated
3703 CmaEs 41: 2.02s simulated
{"attempts":44,"failed_attempts":0,"wall_hours":1.6208398665291668,"charged_simulation_s":158.39999999999986,"actual_simulation_s":158.39999999999986,"best_speed_m_s":0.10371914495579516,"improvement_m_s":0.016799453732322625,"improvement_per_wall_hour":0.010364659754017916,"screened_candidates":10,"screened_preparation_wall_hours":0.06109280742}
{"attempts":43,"failed_attempts":0,"wall_hours":1.6230595191605557,"charged_simulation_s":154.79999999999987,"actual_simulation_s":154.79999999999987,"best_speed_m_s":0.11515779397829948,"improvement_m_s":0.028238102754826938,"improvement_per_wall_hour":0.01739806976975906,"screened_candidates":9,"screened_preparation_wall_hours":0.06339771466277777}
{"attempts":44,"failed_attempts":0,"wall_hours":1.6232370807049996,"charged_simulation_s":158.39999999999986,"actual_simulation_s":158.39999999999986,"best_speed_m_s":0.09417557608375059,"improvement_m_s":0.007255884860278047,"improvement_per_wall_hour":0.004470009308268569,"screened_candidates":11,"screened_preparation_wall_hours":0.08764060122527777}
3702 Bayesian attempt 21: 48 candidates screened
{"attempts":22,"failed_attempts":6,"wall_hours":1.624373696325833,"charged_simulation_s":79.19999999999999,"actual_simulation_s":57.600000000000016,"best_speed_m_s":0.09920523365521551,"improvement_m_s":0.012285542431742971,"improvement_per_wall_hour":0.007563248813700696,"screened_candidates":331,"screened_preparation_wall_hours":1.9383299987755558}
3703 CmaEs 41: 3.02s simulated
{"attempts":42,"failed_attempts":0,"wall_hours":1.6371544249194445,"charged_simulation_s":151.19999999999987,"actual_simulation_s":151.19999999999987,"best_speed_m_s":0.1214266503370533,"improvement_m_s":0.03450695911358076,"improvement_per_wall_hour":0.021077400267405233,"screened_candidates":14,"screened_preparation_wall_hours":0.14838508847083337}
3701 CmaEs attempt 44: 0 candidates screened
3701 CmaEs 44: 0.02s simulated
3704 CmaEs attempt 43: 1 candidates screened
3702 CmaEs attempt 44: 0 candidates screened
3704 CmaEs 43: 0.02s simulated
3702 CmaEs 44: 0.02s simulated
3703 Bayesian attempt 30: 48 candidates screened
{"attempts":31,"failed_attempts":9,"wall_hours":1.64732639859,"charged_simulation_s":111.59999999999994,"actual_simulation_s":79.19999999999999,"best_speed_m_s":0.10267684875970061,"improvement_m_s":0.01575715753622807,"improvement_per_wall_hour":0.009565291705223161,"screened_candidates":524,"screened_preparation_wall_hours":1.4776557481800001}
3701 CmaEs 44: 1.02s simulated
3704 CmaEs 43: 1.02s simulated
3703 CmaEs attempt 42: 0 candidates screened
3702 CmaEs 44: 1.02s simulated
3701 CmaEs 44: 2.02s simulated
3703 CmaEs 42: 0.02s simulated
3704 CmaEs 43: 2.02s simulated
3702 CmaEs 44: 2.02s simulated
3701 CmaEs 44: 3.02s simulated
3703 CmaEs 42: 1.02s simulated
{"attempts":45,"failed_attempts":0,"wall_hours":1.6622885724469445,"charged_simulation_s":161.99999999999986,"actual_simulation_s":161.99999999999986,"best_speed_m_s":0.10371914495579516,"improvement_m_s":0.016799453732322625,"improvement_per_wall_hour":0.01010621982896343,"screened_candidates":10,"screened_preparation_wall_hours":0.06109280742}
3704 CmaEs 43: 3.02s simulated
3702 CmaEs 44: 3.02s simulated
3703 CmaEs 42: 2.02s simulated
{"attempts":44,"failed_attempts":0,"wall_hours":1.666181562375,"charged_simulation_s":158.39999999999986,"actual_simulation_s":158.39999999999986,"best_speed_m_s":0.11515779397829948,"improvement_m_s":0.028238102754826938,"improvement_per_wall_hour":0.016947794521610195,"screened_candidates":10,"screened_preparation_wall_hours":0.06339771466277777}
{"attempts":45,"failed_attempts":0,"wall_hours":1.668003379011944,"charged_simulation_s":161.99999999999986,"actual_simulation_s":161.99999999999986,"best_speed_m_s":0.09843517899148621,"improvement_m_s":0.011515487768013671,"improvement_per_wall_hour":0.006903755659556858,"screened_candidates":11,"screened_preparation_wall_hours":0.08764060122527777}
3703 CmaEs 42: 3.02s simulated
{"attempts":43,"failed_attempts":0,"wall_hours":1.6759864367069446,"charged_simulation_s":154.79999999999987,"actual_simulation_s":154.79999999999987,"best_speed_m_s":0.1214266503370533,"improvement_m_s":0.03450695911358076,"improvement_per_wall_hour":0.020589044372806276,"screened_candidates":14,"screened_preparation_wall_hours":0.14838508847083337}
3701 CmaEs attempt 45: 0 candidates screened
3701 CmaEs 45: 0.02s simulated
3704 CmaEs attempt 44: 0 candidates screened
3702 CmaEs attempt 45: 0 candidates screened
3704 CmaEs 44: 0.02s simulated
3701 CmaEs 45: 1.02s simulated
3702 CmaEs 45: 0.02s simulated
3704 CmaEs 44: 1.02s simulated
3702 CmaEs 45: 1.02s simulated
3701 CmaEs 45: 2.02s simulated
3703 CmaEs attempt 43: 0 candidates screened
3703 CmaEs 43: 0.02s simulated
3704 CmaEs 44: 2.02s simulated
3702 CmaEs 45: 2.02s simulated
3701 CmaEs 45: 3.02s simulated
3703 CmaEs 43: 1.02s simulated
{"attempts":46,"failed_attempts":0,"wall_hours":1.707547607883889,"charged_simulation_s":165.59999999999985,"actual_simulation_s":165.59999999999985,"best_speed_m_s":0.10371914495579516,"improvement_m_s":0.016799453732322625,"improvement_per_wall_hour":0.009838351595444926,"screened_candidates":10,"screened_preparation_wall_hours":0.06109280742}
3702 CmaEs 45: 3.02s simulated
3704 CmaEs 44: 3.02s simulated
3703 CmaEs 43: 2.02s simulated
{"attempts":46,"failed_attempts":0,"wall_hours":1.7132469933938883,"charged_simulation_s":165.59999999999985,"actual_simulation_s":165.59999999999985,"best_speed_m_s":0.09843517899148621,"improvement_m_s":0.011515487768013671,"improvement_per_wall_hour":0.006721440523413296,"screened_candidates":11,"screened_preparation_wall_hours":0.08764060122527777}
{"attempts":45,"failed_attempts":0,"wall_hours":1.7138023132383333,"charged_simulation_s":161.99999999999986,"actual_simulation_s":161.99999999999986,"best_speed_m_s":0.11515779397829948,"improvement_m_s":0.028238102754826938,"improvement_per_wall_hour":0.016476872820570147,"screened_candidates":10,"screened_preparation_wall_hours":0.06339771466277777}
3703 Bayesian attempt 31: 48 candidates screened
{"attempts":32,"failed_attempts":10,"wall_hours":1.7198906206772222,"charged_simulation_s":115.19999999999993,"actual_simulation_s":79.19999999999999,"best_speed_m_s":0.10267684875970061,"improvement_m_s":0.01575715753622807,"improvement_per_wall_hour":0.009161720720369734,"screened_candidates":571,"screened_preparation_wall_hours":1.6030216939675002}
3703 CmaEs 43: 3.02s simulated
3701 CmaEs attempt 46: 0 candidates screened
{"attempts":44,"failed_attempts":0,"wall_hours":1.7239588455091668,"charged_simulation_s":158.39999999999986,"actual_simulation_s":158.39999999999986,"best_speed_m_s":0.1214266503370533,"improvement_m_s":0.03450695911358076,"improvement_per_wall_hour":0.020016115351865732,"screened_candidates":14,"screened_preparation_wall_hours":0.14838508847083337}
3701 CmaEs 46: 0.02s simulated
3702 CmaEs attempt 46: 0 candidates screened
3704 CmaEs attempt 45: 0 candidates screened
3701 CmaEs 46: 1.02s simulated
3702 CmaEs 46: 0.02s simulated
3704 CmaEs 45: 0.02s simulated
3702 CmaEs 46: 1.02s simulated
3704 CmaEs 45: 1.02s simulated
3701 CmaEs 46: 2.02s simulated
3703 CmaEs attempt 44: 0 candidates screened
3703 CmaEs 44: 0.02s simulated
3702 CmaEs 46: 2.02s simulated
3701 CmaEs 46: 3.02s simulated
3704 CmaEs 45: 2.02s simulated
3703 CmaEs 44: 1.02s simulated
{"attempts":47,"failed_attempts":0,"wall_hours":1.7455395788016668,"charged_simulation_s":169.19999999999985,"actual_simulation_s":169.19999999999985,"best_speed_m_s":0.10371914495579516,"improvement_m_s":0.016799453732322625,"improvement_per_wall_hour":0.009624218170896844,"screened_candidates":10,"screened_preparation_wall_hours":0.06109280742}
3702 CmaEs 46: 3.02s simulated
3704 CmaEs 45: 3.02s simulated
{"attempts":47,"failed_attempts":0,"wall_hours":1.750571489035555,"charged_simulation_s":169.19999999999985,"actual_simulation_s":169.19999999999985,"best_speed_m_s":0.09843517899148621,"improvement_m_s":0.011515487768013671,"improvement_per_wall_hour":0.00657813053630727,"screened_candidates":11,"screened_preparation_wall_hours":0.08764060122527777}
3703 CmaEs 44: 2.02s simulated
{"attempts":46,"failed_attempts":0,"wall_hours":1.7531619894680555,"charged_simulation_s":165.59999999999985,"actual_simulation_s":165.59999999999985,"best_speed_m_s":0.11515779397829948,"improvement_m_s":0.028238102754826938,"improvement_per_wall_hour":0.01610695584576012,"screened_candidates":10,"screened_preparation_wall_hours":0.06339771466277777}
3703 CmaEs 44: 3.02s simulated
3701 CmaEs attempt 47: 0 candidates screened
{"attempts":45,"failed_attempts":0,"wall_hours":1.7664784702566667,"charged_simulation_s":161.99999999999986,"actual_simulation_s":161.99999999999986,"best_speed_m_s":0.1214266503370533,"improvement_m_s":0.03450695911358076,"improvement_per_wall_hour":0.019534321926135308,"screened_candidates":14,"screened_preparation_wall_hours":0.14838508847083337}
3701 CmaEs 47: 0.02s simulated
3702 CmaEs attempt 47: 0 candidates screened
3704 CmaEs attempt 46: 0 candidates screened
3702 CmaEs 47: 0.02s simulated
3701 CmaEs 47: 1.02s simulated
3704 CmaEs 46: 0.02s simulated
3702 CmaEs 47: 1.02s simulated
3701 CmaEs 47: 2.02s simulated
3704 Bayesian attempt 24: 48 candidates screened
3704 CmaEs 46: 1.02s simulated
{"attempts":25,"failed_attempts":6,"wall_hours":1.7849540188463888,"charged_simulation_s":89.99999999999997,"actual_simulation_s":68.4,"best_speed_m_s":0.11246616672701622,"improvement_m_s":0.025546475503543678,"improvement_per_wall_hour":0.014312119659000684,"screened_candidates":325,"screened_preparation_wall_hours":2.193286963918611}
3703 CmaEs attempt 45: 1 candidates screened
3702 CmaEs 47: 2.02s simulated
3703 CmaEs 45: 0.02s simulated
3701 CmaEs 47: 3.02s simulated
3704 CmaEs 46: 2.02s simulated
3702 CmaEs 47: 3.02s simulated
3703 CmaEs 45: 1.02s simulated
{"attempts":48,"failed_attempts":0,"wall_hours":1.8004799817833335,"charged_simulation_s":172.79999999999984,"actual_simulation_s":172.79999999999984,"best_speed_m_s":0.10371914495579516,"improvement_m_s":0.016799453732322625,"improvement_per_wall_hour":0.009330541801238556,"screened_candidates":10,"screened_preparation_wall_hours":0.06109280742}
{"attempts":48,"failed_attempts":0,"wall_hours":1.8032746153672217,"charged_simulation_s":172.79999999999984,"actual_simulation_s":172.79999999999984,"best_speed_m_s":0.09843517899148621,"improvement_m_s":0.011515487768013671,"improvement_per_wall_hour":0.006385875822728553,"screened_candidates":11,"screened_preparation_wall_hours":0.08764060122527777}
3703 Bayesian attempt 32: 48 candidates screened
{"attempts":33,"failed_attempts":11,"wall_hours":1.8040223969555556,"charged_simulation_s":118.79999999999993,"actual_simulation_s":79.19999999999999,"best_speed_m_s":0.10267684875970061,"improvement_m_s":0.01575715753622807,"improvement_per_wall_hour":0.008734457822042366,"screened_candidates":618,"screened_preparation_wall_hours":1.7410713628516667}
3704 CmaEs 46: 3.02s simulated
3703 CmaEs 45: 2.02s simulated
{"attempts":47,"failed_attempts":0,"wall_hours":1.808483494763611,"charged_simulation_s":169.19999999999985,"actual_simulation_s":169.19999999999985,"best_speed_m_s":0.11515779397829948,"improvement_m_s":0.028238102754826938,"improvement_per_wall_hour":0.015614244109271218,"screened_candidates":10,"screened_preparation_wall_hours":0.06339771466277777}
3702 Bayesian attempt 22: 48 candidates screened
{"attempts":23,"failed_attempts":7,"wall_hours":1.8103603129511108,"charged_simulation_s":82.79999999999998,"actual_simulation_s":57.600000000000016,"best_speed_m_s":0.09920523365521551,"improvement_m_s":0.012285542431742971,"improvement_per_wall_hour":0.006786241580669663,"screened_candidates":378,"screened_preparation_wall_hours":2.266914541065834}
3703 CmaEs 45: 3.02s simulated
3701 CmaEs attempt 48: 0 candidates screened
{"attempts":46,"failed_attempts":0,"wall_hours":1.8161519865988889,"charged_simulation_s":165.59999999999985,"actual_simulation_s":165.59999999999985,"best_speed_m_s":0.1214266503370533,"improvement_m_s":0.03450695911358076,"improvement_per_wall_hour":0.0190000392963818,"screened_candidates":15,"screened_preparation_wall_hours":0.14838508847083337}
3701 CmaEs 48: 0.02s simulated
3702 CmaEs attempt 48: 0 candidates screened
3702 CmaEs 48: 0.02s simulated
3701 CmaEs 48: 1.02s simulated
3704 CmaEs attempt 47: 1 candidates screened
3704 CmaEs 47: 0.02s simulated
3702 CmaEs 48: 1.02s simulated
3701 CmaEs 48: 2.02s simulated
3704 CmaEs 47: 1.02s simulated
3703 CmaEs attempt 46: 0 candidates screened
3702 CmaEs 48: 2.02s simulated
3703 CmaEs 46: 0.02s simulated
3701 CmaEs 48: 3.02s simulated
3704 CmaEs 47: 2.02s simulated
3702 CmaEs 48: 3.02s simulated
3703 CmaEs 46: 1.02s simulated
{"attempts":49,"failed_attempts":0,"wall_hours":1.8425084232986113,"charged_simulation_s":176.39999999999984,"actual_simulation_s":176.39999999999984,"best_speed_m_s":0.10371914495579516,"improvement_m_s":0.016799453732322625,"improvement_per_wall_hour":0.0091177079680574,"screened_candidates":10,"screened_preparation_wall_hours":0.06109280742}
{"attempts":49,"failed_attempts":0,"wall_hours":1.8451161747830551,"charged_simulation_s":176.39999999999984,"actual_simulation_s":176.39999999999984,"best_speed_m_s":0.09843517899148621,"improvement_m_s":0.011515487768013671,"improvement_per_wall_hour":0.0062410638015070454,"screened_candidates":11,"screened_preparation_wall_hours":0.08764060122527777}
3704 CmaEs 47: 3.02s simulated
3703 CmaEs 46: 2.02s simulated
3701 Bayesian attempt 23: 48 candidates screened
{"attempts":24,"failed_attempts":3,"wall_hours":1.8669158111155553,"charged_simulation_s":86.39999999999998,"actual_simulation_s":75.6,"best_speed_m_s":0.13454890888729967,"improvement_m_s":0.047629217663827134,"improvement_per_wall_hour":0.025512247194139307,"screened_candidates":199,"screened_preparation_wall_hours":2.1680966763313885}
{"attempts":48,"failed_attempts":0,"wall_hours":1.8527848421888888,"charged_simulation_s":172.79999999999984,"actual_simulation_s":172.79999999999984,"best_speed_m_s":0.11515779397829948,"improvement_m_s":0.028238102754826938,"improvement_per_wall_hour":0.015240896898458166,"screened_candidates":11,"screened_preparation_wall_hours":0.06915287605749999}
3703 CmaEs 46: 3.02s simulated
3701 CmaEs attempt 49: 0 candidates screened
3701 CmaEs 49: 0.02s simulated
{"attempts":47,"failed_attempts":0,"wall_hours":1.8661885971136112,"charged_simulation_s":169.19999999999985,"actual_simulation_s":169.19999999999985,"best_speed_m_s":0.1214266503370533,"improvement_m_s":0.03450695911358076,"improvement_per_wall_hour":0.018490606558711077,"screened_candidates":15,"screened_preparation_wall_hours":0.14838508847083337}
3702 CmaEs attempt 49: 1 candidates screened
3702 CmaEs 49: 0.02s simulated
3701 CmaEs 49: 1.02s simulated
3704 CmaEs attempt 48: 0 candidates screened
3704 CmaEs 48: 0.02s simulated
3702 CmaEs 49: 1.02s simulated
3701 CmaEs 49: 2.02s simulated
3704 CmaEs 48: 1.02s simulated
3702 CmaEs 49: 2.02s simulated
3703 CmaEs attempt 47: 0 candidates screened
3703 Bayesian attempt 33: 48 candidates screened
{"attempts":34,"failed_attempts":12,"wall_hours":1.8871868613716667,"charged_simulation_s":122.39999999999992,"actual_simulation_s":79.19999999999999,"best_speed_m_s":0.10267684875970061,"improvement_m_s":0.01575715753622807,"improvement_per_wall_hour":0.008349548133657137,"screened_candidates":665,"screened_preparation_wall_hours":1.8782968306827779}
3701 CmaEs 49: 3.02s simulated
3703 CmaEs 47: 0.02s simulated
{"attempts":50,"failed_attempts":0,"wall_hours":1.8910799328050003,"charged_simulation_s":179.99999999999983,"actual_simulation_s":179.99999999999983,"best_speed_m_s":0.10371914495579516,"improvement_m_s":0.016799453732322625,"improvement_per_wall_hour":0.008883523874849825,"screened_candidates":10,"screened_preparation_wall_hours":0.06109280742}
3702 CmaEs 49: 3.02s simulated
3703 CmaEs 47: 1.02s simulated
3704 CmaEs 48: 2.02s simulated
{"attempts":50,"failed_attempts":0,"wall_hours":1.8950919985599997,"charged_simulation_s":179.99999999999983,"actual_simulation_s":179.99999999999983,"best_speed_m_s":0.09843517899148621,"improvement_m_s":0.011515487768013671,"improvement_per_wall_hour":0.006076479546514788,"screened_candidates":12,"screened_preparation_wall_hours":0.11028578810222221}
3703 CmaEs 47: 2.02s simulated
3704 CmaEs 48: 3.02s simulated
3703 CmaEs 47: 3.02s simulated
3701 CmaEs attempt 50: 0 candidates screened
{"attempts":49,"failed_attempts":0,"wall_hours":1.9072719618077778,"charged_simulation_s":176.39999999999984,"actual_simulation_s":176.39999999999984,"best_speed_m_s":0.11954390582291578,"improvement_m_s":0.032624214599443244,"improvement_per_wall_hour":0.01710517181226787,"screened_candidates":11,"screened_preparation_wall_hours":0.06915287605749999}
3701 CmaEs 50: 0.02s simulated
3702 CmaEs attempt 50: 0 candidates screened
{"attempts":48,"failed_attempts":0,"wall_hours":1.9108581679566667,"charged_simulation_s":172.79999999999984,"actual_simulation_s":172.79999999999984,"best_speed_m_s":0.1214266503370533,"improvement_m_s":0.03450695911358076,"improvement_per_wall_hour":0.018058357073398076,"screened_candidates":15,"screened_preparation_wall_hours":0.14838508847083337}
3702 CmaEs 50: 0.02s simulated
3701 CmaEs 50: 1.02s simulated
3702 CmaEs 50: 1.02s simulated
3704 CmaEs attempt 49: 0 candidates screened
3701 CmaEs 50: 2.02s simulated
3702 CmaEs 50: 2.02s simulated
3704 CmaEs 49: 0.02s simulated
3703 CmaEs attempt 48: 0 candidates screened
3703 CmaEs 48: 0.02s simulated
3704 CmaEs 49: 1.02s simulated
3701 CmaEs 50: 3.02s simulated
3702 CmaEs 50: 3.02s simulated
3703 CmaEs 48: 1.02s simulated
{"attempts":51,"failed_attempts":0,"wall_hours":1.9352306851872225,"charged_simulation_s":183.59999999999982,"actual_simulation_s":183.59999999999982,"best_speed_m_s":0.10371914495579516,"improvement_m_s":0.016799453732322625,"improvement_per_wall_hour":0.008680853327156382,"screened_candidates":10,"screened_preparation_wall_hours":0.06109280742}
{"attempts":51,"failed_attempts":0,"wall_hours":1.9362193446822218,"charged_simulation_s":183.59999999999982,"actual_simulation_s":183.59999999999982,"best_speed_m_s":0.09843517899148621,"improvement_m_s":0.011515487768013671,"improvement_per_wall_hour":0.005947408696045038,"screened_candidates":12,"screened_preparation_wall_hours":0.11028578810222221}
3704 CmaEs 49: 2.02s simulated
3703 CmaEs 48: 2.02s simulated
3704 CmaEs 49: 3.02s simulated
{"attempts":50,"failed_attempts":0,"wall_hours":1.9471903862588889,"charged_simulation_s":179.99999999999983,"actual_simulation_s":179.99999999999983,"best_speed_m_s":0.11954390582291578,"improvement_m_s":0.032624214599443244,"improvement_per_wall_hour":0.016754506816420614,"screened_candidates":11,"screened_preparation_wall_hours":0.06915287605749999}
3703 CmaEs 48: 3.02s simulated
3701 CmaEs attempt 51: 0 candidates screened
3702 CmaEs attempt 51: 0 candidates screened
{"attempts":49,"failed_attempts":0,"wall_hours":1.9526311409630557,"charged_simulation_s":176.39999999999984,"actual_simulation_s":176.39999999999984,"best_speed_m_s":0.1214266503370533,"improvement_m_s":0.03450695911358076,"improvement_per_wall_hour":0.017672031542302253,"screened_candidates":15,"screened_preparation_wall_hours":0.14838508847083337}
3701 CmaEs 51: 0.02s simulated
3702 CmaEs 51: 0.02s simulated
3703 Bayesian attempt 34: 48 candidates screened
{"attempts":35,"failed_attempts":13,"wall_hours":1.957524025056389,"charged_simulation_s":125.99999999999991,"actual_simulation_s":79.19999999999999,"best_speed_m_s":0.10267684875970061,"improvement_m_s":0.01575715753622807,"improvement_per_wall_hour":0.008049534684905931,"screened_candidates":712,"screened_preparation_wall_hours":2.0028460853400003}
3701 CmaEs 51: 1.02s simulated
3702 CmaEs 51: 1.02s simulated
3704 CmaEs attempt 50: 0 candidates screened
3704 Bayesian attempt 25: 48 candidates screened
{"attempts":26,"failed_attempts":7,"wall_hours":1.9658246363991665,"charged_simulation_s":93.59999999999997,"actual_simulation_s":68.4,"best_speed_m_s":0.11246616672701622,"improvement_m_s":0.025546475503543678,"improvement_per_wall_hour":0.012995297256187399,"screened_candidates":372,"screened_preparation_wall_hours":2.5231460220375004}
3704 CmaEs 50: 0.02s simulated
3702 CmaEs 51: 2.02s simulated
3701 CmaEs 51: 2.02s simulated
3703 CmaEs attempt 49: 0 candidates screened
3704 CmaEs 50: 1.02s simulated
3703 CmaEs 49: 0.02s simulated
3702 CmaEs 51: 3.02s simulated
3701 CmaEs 51: 3.02s simulated
3703 CmaEs 49: 1.02s simulated
{"attempts":52,"failed_attempts":0,"wall_hours":1.9770462202722219,"charged_simulation_s":187.19999999999982,"actual_simulation_s":187.19999999999982,"best_speed_m_s":0.09843517899148621,"improvement_m_s":0.011515487768013671,"improvement_per_wall_hour":0.005824592085878544,"screened_candidates":12,"screened_preparation_wall_hours":0.11028578810222221}
3702 Bayesian attempt 23: 48 candidates screened
{"attempts":24,"failed_attempts":8,"wall_hours":1.9780460269180553,"charged_simulation_s":86.39999999999998,"actual_simulation_s":57.600000000000016,"best_speed_m_s":0.09920523365521551,"improvement_m_s":0.012285542431742971,"improvement_per_wall_hour":0.0062109487163373904,"screened_candidates":425,"screened_preparation_wall_hours":2.5672772547511116}
{"attempts":52,"failed_attempts":0,"wall_hours":1.977866186541667,"charged_simulation_s":187.19999999999982,"actual_simulation_s":187.19999999999982,"best_speed_m_s":0.10371914495579516,"improvement_m_s":0.016799453732322625,"improvement_per_wall_hour":0.008493726141148487,"screened_candidates":10,"screened_preparation_wall_hours":0.06109280742}
3704 CmaEs 50: 2.02s simulated
3703 CmaEs 49: 2.02s simulated
3704 CmaEs 50: 3.02s simulated
3703 CmaEs 49: 3.02s simulated
{"attempts":51,"failed_attempts":0,"wall_hours":1.9898636192144443,"charged_simulation_s":183.59999999999982,"actual_simulation_s":183.59999999999982,"best_speed_m_s":0.11954390582291578,"improvement_m_s":0.032624214599443244,"improvement_per_wall_hour":0.016395201301445266,"screened_candidates":11,"screened_preparation_wall_hours":0.06915287605749999}
{"attempts":50,"failed_attempts":0,"wall_hours":1.993768862093889,"charged_simulation_s":179.99999999999983,"actual_simulation_s":179.99999999999983,"best_speed_m_s":0.1214266503370533,"improvement_m_s":0.03450695911358076,"improvement_per_wall_hour":0.017307401960998118,"screened_candidates":15,"screened_preparation_wall_hours":0.14838508847083337}
3701 CmaEs attempt 52: 0 candidates screened
3702 CmaEs attempt 52: 0 candidates screened
3701 CmaEs 52: 0.02s simulated
3702 CmaEs 52: 0.02s simulated
3702 CmaEs 52: 1.02s simulated
3701 CmaEs 52: 1.02s simulated
3704 CmaEs attempt 51: 0 candidates screened
3704 CmaEs 51: 0.02s simulated
3701 CmaEs 52: 2.02s simulated
3703 CmaEs attempt 50: 1 candidates screened
3702 CmaEs 52: 2.02s simulated
3703 CmaEs 50: 0.02s simulated
3704 CmaEs 51: 1.02s simulated
3701 CmaEs 52: 3.02s simulated
3702 CmaEs 52: 3.02s simulated
3703 CmaEs 50: 1.02s simulated
3704 CmaEs 51: 2.02s simulated
{"attempts":53,"failed_attempts":0,"wall_hours":2.031977333974444,"charged_simulation_s":190.7999999999998,"actual_simulation_s":190.7999999999998,"best_speed_m_s":0.09843517899148621,"improvement_m_s":0.011515487768013671,"improvement_per_wall_hour":0.005667133966248514,"screened_candidates":12,"screened_preparation_wall_hours":0.11028578810222221}
{"attempts":53,"failed_attempts":0,"wall_hours":2.0320285631275,"charged_simulation_s":190.7999999999998,"actual_simulation_s":190.7999999999998,"best_speed_m_s":0.10670085836589521,"improvement_m_s":0.019781167142422673,"improvement_per_wall_hour":0.009734689512423698,"screened_candidates":10,"screened_preparation_wall_hours":0.06109280742}
3703 CmaEs 50: 2.02s simulated
3704 CmaEs 51: 3.02s simulated
{"attempts":52,"failed_attempts":0,"wall_hours":2.0485622086644444,"charged_simulation_s":187.19999999999982,"actual_simulation_s":187.19999999999982,"best_speed_m_s":0.11954390582291578,"improvement_m_s":0.032624214599443244,"improvement_per_wall_hour":0.015925420502954864,"screened_candidates":11,"screened_preparation_wall_hours":0.06915287605749999}
3703 CmaEs 50: 3.02s simulated
3703 Bayesian attempt 35: 48 candidates screened
{"attempts":36,"failed_attempts":14,"wall_hours":2.050379427983889,"charged_simulation_s":129.5999999999999,"actual_simulation_s":79.19999999999999,"best_speed_m_s":0.10267684875970061,"improvement_m_s":0.01575715753622807,"improvement_per_wall_hour":0.007684995918887985,"screened_candidates":759,"screened_preparation_wall_hours":2.1588028761108338}
3701 CmaEs attempt 53: 0 candidates screened
3702 CmaEs attempt 53: 0 candidates screened
3701 CmaEs 53: 0.02s simulated
3702 CmaEs 53: 0.02s simulated
{"attempts":51,"failed_attempts":0,"wall_hours":2.0567625780730556,"charged_simulation_s":183.59999999999982,"actual_simulation_s":183.59999999999982,"best_speed_m_s":0.1214266503370533,"improvement_m_s":0.03450695911358076,"improvement_per_wall_hour":0.0167773176551616,"screened_candidates":16,"screened_preparation_wall_hours":0.14838508847083337}
3701 CmaEs 53: 1.02s simulated
3702 CmaEs 53: 1.02s simulated
3704 CmaEs attempt 52: 0 candidates screened
3701 CmaEs 53: 2.02s simulated
3704 CmaEs 52: 0.02s simulated
3702 CmaEs 53: 2.02s simulated
3701 CmaEs 53: 3.02s simulated
3703 CmaEs attempt 51: 2 candidates screened
3704 CmaEs 52: 1.02s simulated
3702 CmaEs 53: 3.02s simulated
3703 CmaEs 51: 0.02s simulated
{"attempts":54,"failed_attempts":0,"wall_hours":2.0758482931994444,"charged_simulation_s":194.3999999999998,"actual_simulation_s":194.3999999999998,"best_speed_m_s":0.10670085836589521,"improvement_m_s":0.019781167142422673,"improvement_per_wall_hour":0.009529196910596264,"screened_candidates":10,"screened_preparation_wall_hours":0.06109280742}
{"attempts":54,"failed_attempts":0,"wall_hours":2.077818110161666,"charged_simulation_s":194.3999999999998,"actual_simulation_s":194.3999999999998,"best_speed_m_s":0.09843517899148621,"improvement_m_s":0.011515487768013671,"improvement_per_wall_hour":0.005542105784763662,"screened_candidates":12,"screened_preparation_wall_hours":0.11028578810222221}
3704 CmaEs 52: 2.02s simulated
3703 CmaEs 51: 1.02s simulated
3704 CmaEs 52: 3.02s simulated
3703 CmaEs 51: 2.02s simulated
{"attempts":53,"failed_attempts":0,"wall_hours":2.0945114857,"charged_simulation_s":190.7999999999998,"actual_simulation_s":190.7999999999998,"best_speed_m_s":0.11954390582291578,"improvement_m_s":0.032624214599443244,"improvement_per_wall_hour":0.015576049509482642,"screened_candidates":11,"screened_preparation_wall_hours":0.06915287605749999}
3701 CmaEs attempt 54: 1 candidates screened
3701 CmaEs 54: 0.02s simulated
3703 CmaEs 51: 3.02s simulated
3702 CmaEs attempt 54: 0 candidates screened
3702 CmaEs 54: 0.02s simulated
{"attempts":52,"failed_attempts":0,"wall_hours":2.106255002806667,"charged_simulation_s":187.19999999999982,"actual_simulation_s":187.19999999999982,"best_speed_m_s":0.1214266503370533,"improvement_m_s":0.03450695911358076,"improvement_per_wall_hour":0.016383087075211165,"screened_candidates":18,"screened_preparation_wall_hours":0.15581392903166671}
3701 CmaEs 54: 1.02s simulated
3702 CmaEs 54: 1.02s simulated
3704 CmaEs attempt 53: 0 candidates screened
3701 CmaEs 54: 2.02s simulated
3704 CmaEs 53: 0.02s simulated
3702 CmaEs 54: 2.02s simulated
3701 Bayesian attempt 24: 48 candidates screened
{"attempts":25,"failed_attempts":4,"wall_hours":2.1347239989288886,"charged_simulation_s":89.99999999999997,"actual_simulation_s":75.6,"best_speed_m_s":0.13454890888729967,"improvement_m_s":0.047629217663827134,"improvement_per_wall_hour":0.022311651383375743,"screened_candidates":246,"screened_preparation_wall_hours":2.6049197758219442}
3701 CmaEs 54: 3.02s simulated
3704 CmaEs 53: 1.02s simulated
3702 CmaEs 54: 3.02s simulated
3703 CmaEs attempt 52: 0 candidates screened
{"attempts":55,"failed_attempts":0,"wall_hours":2.127915526136389,"charged_simulation_s":197.9999999999998,"actual_simulation_s":197.9999999999998,"best_speed_m_s":0.10670085836589521,"improvement_m_s":0.019781167142422673,"improvement_per_wall_hour":0.009296030269744269,"screened_candidates":11,"screened_preparation_wall_hours":0.06846435990583333}
3703 CmaEs 52: 0.02s simulated
{"attempts":55,"failed_attempts":0,"wall_hours":2.1299829160252775,"charged_simulation_s":197.9999999999998,"actual_simulation_s":197.9999999999998,"best_speed_m_s":0.09843517899148621,"improvement_m_s":0.011515487768013671,"improvement_per_wall_hour":0.005406375648074452,"screened_candidates":12,"screened_preparation_wall_hours":0.11028578810222221}
3704 CmaEs 53: 2.02s simulated
3703 Bayesian attempt 36: 48 candidates screened
{"attempts":37,"failed_attempts":15,"wall_hours":2.133768580011389,"charged_simulation_s":133.1999999999999,"actual_simulation_s":79.19999999999999,"best_speed_m_s":0.10267684875970061,"improvement_m_s":0.01575715753622807,"improvement_per_wall_hour":0.007384660962691636,"screened_candidates":806,"screened_preparation_wall_hours":2.3039433967302783}
3703 CmaEs 52: 1.02s simulated
3704 CmaEs 53: 3.02s simulated
3703 CmaEs 52: 2.02s simulated
{"attempts":54,"failed_attempts":0,"wall_hours":2.1490558158633335,"charged_simulation_s":194.3999999999998,"actual_simulation_s":194.3999999999998,"best_speed_m_s":0.11954390582291578,"improvement_m_s":0.032624214599443244,"improvement_per_wall_hour":0.015180719997417666,"screened_candidates":11,"screened_preparation_wall_hours":0.06915287605749999}
3701 CmaEs attempt 55: 0 candidates screened
3701 CmaEs 55: 0.02s simulated
3702 CmaEs attempt 55: 1 candidates screened
3702 CmaEs 55: 0.02s simulated
3703 CmaEs 52: 3.02s simulated
3701 CmaEs 55: 1.02s simulated
{"attempts":53,"failed_attempts":0,"wall_hours":2.1633966659258337,"charged_simulation_s":190.7999999999998,"actual_simulation_s":190.7999999999998,"best_speed_m_s":0.1214266503370533,"improvement_m_s":0.03450695911358076,"improvement_per_wall_hour":0.01595036160361899,"screened_candidates":18,"screened_preparation_wall_hours":0.15581392903166671}
3702 CmaEs 55: 1.02s simulated
3704 Bayesian attempt 26: 48 candidates screened
{"attempts":27,"failed_attempts":8,"wall_hours":2.1653118407575,"charged_simulation_s":97.19999999999996,"actual_simulation_s":68.4,"best_speed_m_s":0.11246616672701622,"improvement_m_s":0.025546475503543678,"improvement_per_wall_hour":0.011798058377867017,"screened_candidates":419,"screened_preparation_wall_hours":2.892565001407778}
3701 CmaEs 55: 2.02s simulated
3704 CmaEs attempt 54: 1 candidates screened
3702 CmaEs 55: 2.02s simulated
3704 CmaEs 54: 0.02s simulated
3702 Bayesian attempt 24: 48 candidates screened
{"attempts":25,"failed_attempts":9,"wall_hours":2.1757279706180555,"charged_simulation_s":89.99999999999997,"actual_simulation_s":57.600000000000016,"best_speed_m_s":0.09920523365521551,"improvement_m_s":0.012285542431742971,"improvement_per_wall_hour":0.005646635332013973,"screened_candidates":472,"screened_preparation_wall_hours":2.9124254657675004}
3701 CmaEs 55: 3.02s simulated
3702 CmaEs 55: 3.02s simulated
3704 CmaEs 54: 1.02s simulated
{"attempts":56,"failed_attempts":0,"wall_hours":2.182979777265278,"charged_simulation_s":201.5999999999998,"actual_simulation_s":201.5999999999998,"best_speed_m_s":0.10743418427585508,"improvement_m_s":0.020514493052382538,"improvement_per_wall_hour":0.009397472787440117,"screened_candidates":11,"screened_preparation_wall_hours":0.06846435990583333}
{"attempts":56,"failed_attempts":0,"wall_hours":2.183149700937222,"charged_simulation_s":201.5999999999998,"actual_simulation_s":201.5999999999998,"best_speed_m_s":0.09843517899148621,"improvement_m_s":0.011515487768013671,"improvement_per_wall_hour":0.005274712844048255,"screened_candidates":13,"screened_preparation_wall_hours":0.13389189931583334}
3703 CmaEs attempt 53: 0 candidates screened
3703 CmaEs 53: 0.02s simulated
3704 CmaEs 54: 2.02s simulated
3703 CmaEs 53: 1.02s simulated
3704 CmaEs 54: 3.02s simulated
3701 CmaEs attempt 56: 2 candidates screened
{"attempts":55,"failed_attempts":0,"wall_hours":2.2040779642822224,"charged_simulation_s":197.9999999999998,"actual_simulation_s":197.9999999999998,"best_speed_m_s":0.11954390582291578,"improvement_m_s":0.032624214599443244,"improvement_per_wall_hour":0.014801751629538028,"screened_candidates":12,"screened_preparation_wall_hours":0.09123890288527776}
3702 CmaEs attempt 56: 0 candidates screened
3701 CmaEs 56: 0.02s simulated
3702 CmaEs 56: 0.02s simulated
3703 CmaEs 53: 2.02s simulated
3701 CmaEs 56: 1.02s simulated
3702 CmaEs 56: 1.02s simulated
3703 CmaEs 53: 3.02s simulated
3702 CmaEs 56: 2.02s simulated
3701 CmaEs 56: 2.02s simulated
{"attempts":54,"failed_attempts":0,"wall_hours":2.223724298841945,"charged_simulation_s":194.3999999999998,"actual_simulation_s":194.3999999999998,"best_speed_m_s":0.1214266503370533,"improvement_m_s":0.03450695911358076,"improvement_per_wall_hour":0.015517642691385369,"screened_candidates":18,"screened_preparation_wall_hours":0.15581392903166671}
3704 CmaEs attempt 55: 0 candidates screened
3704 CmaEs 55: 0.02s simulated
3703 Bayesian attempt 37: 48 candidates screened
3702 CmaEs 56: 3.02s simulated
{"attempts":38,"failed_attempts":16,"wall_hours":2.231674488687222,"charged_simulation_s":136.7999999999999,"actual_simulation_s":79.19999999999999,"best_speed_m_s":0.10267684875970061,"improvement_m_s":0.01575715753622807,"improvement_per_wall_hour":0.007060688113837419,"screened_candidates":853,"screened_preparation_wall_hours":2.4696406416075005}
3701 CmaEs 56: 3.02s simulated
3704 CmaEs 55: 1.02s simulated
{"attempts":57,"failed_attempts":0,"wall_hours":2.236834269599444,"charged_simulation_s":205.1999999999998,"actual_simulation_s":205.1999999999998,"best_speed_m_s":0.09843517899148621,"improvement_m_s":0.011515487768013671,"improvement_per_wall_hour":0.005148118447807839,"screened_candidates":13,"screened_preparation_wall_hours":0.13389189931583334}
{"attempts":57,"failed_attempts":0,"wall_hours":2.237369240031111,"charged_simulation_s":205.1999999999998,"actual_simulation_s":205.1999999999998,"best_speed_m_s":0.10743418427585508,"improvement_m_s":0.020514493052382538,"improvement_per_wall_hour":0.009169024354736046,"screened_candidates":13,"screened_preparation_wall_hours":0.07683869728055555}
3704 CmaEs 55: 2.02s simulated
3703 CmaEs attempt 54: 0 candidates screened
3703 CmaEs 54: 0.02s simulated
3704 CmaEs 55: 3.02s simulated
{"attempts":56,"failed_attempts":0,"wall_hours":2.257309381880556,"charged_simulation_s":201.5999999999998,"actual_simulation_s":201.5999999999998,"best_speed_m_s":0.11954390582291578,"improvement_m_s":0.032624214599443244,"improvement_per_wall_hour":0.014452699688096869,"screened_candidates":12,"screened_preparation_wall_hours":0.09123890288527776}
3701 CmaEs attempt 57: 0 candidates screened
3703 CmaEs 54: 1.02s simulated
3702 CmaEs attempt 57: 0 candidates screened
3701 CmaEs 57: 0.02s simulated
3702 CmaEs 57: 0.02s simulated
3703 CmaEs 54: 2.02s simulated
3702 CmaEs 57: 1.02s simulated
3701 CmaEs 57: 1.02s simulated
3703 CmaEs 54: 3.02s simulated
3701 CmaEs 57: 2.02s simulated
3702 CmaEs 57: 2.02s simulated
3704 CmaEs attempt 56: 0 candidates screened
3704 CmaEs 56: 0.02s simulated
{"attempts":55,"failed_attempts":0,"wall_hours":2.284224472296667,"charged_simulation_s":197.9999999999998,"actual_simulation_s":197.9999999999998,"best_speed_m_s":0.1214266503370533,"improvement_m_s":0.03450695911358076,"improvement_per_wall_hour":0.01510664102065496,"screened_candidates":18,"screened_preparation_wall_hours":0.15581392903166671}
3702 CmaEs 57: 3.02s simulated
3701 CmaEs 57: 3.02s simulated
3704 CmaEs 56: 1.02s simulated
{"attempts":58,"failed_attempts":0,"wall_hours":2.2926206203336106,"charged_simulation_s":208.79999999999978,"actual_simulation_s":208.79999999999978,"best_speed_m_s":0.09843517899148621,"improvement_m_s":0.011515487768013671,"improvement_per_wall_hour":0.005022849252022341,"screened_candidates":13,"screened_preparation_wall_hours":0.13389189931583334}
{"attempts":58,"failed_attempts":0,"wall_hours":2.2940709167216666,"charged_simulation_s":208.79999999999978,"actual_simulation_s":208.79999999999978,"best_speed_m_s":0.10743418427585508,"improvement_m_s":0.020514493052382538,"improvement_per_wall_hour":0.008942397073626084,"screened_candidates":13,"screened_preparation_wall_hours":0.07683869728055555}
3704 CmaEs 56: 2.02s simulated
3703 CmaEs attempt 55: 0 candidates screened
3703 CmaEs 55: 0.02s simulated
3704 CmaEs 56: 3.02s simulated
3702 CmaEs attempt 58: 0 candidates screened
{"attempts":57,"failed_attempts":0,"wall_hours":2.314445541373056,"charged_simulation_s":205.1999999999998,"actual_simulation_s":205.1999999999998,"best_speed_m_s":0.11954390582291578,"improvement_m_s":0.032624214599443244,"improvement_per_wall_hour":0.014095909372786007,"screened_candidates":12,"screened_preparation_wall_hours":0.09123890288527776}
3703 CmaEs 55: 1.02s simulated
3701 CmaEs attempt 58: 0 candidates screened
3702 CmaEs 58: 0.02s simulated
3701 CmaEs 58: 0.02s simulated
3702 CmaEs 58: 1.02s simulated
3703 CmaEs 55: 2.02s simulated
3701 CmaEs 58: 1.02s simulated
3703 Bayesian attempt 38: 48 candidates screened
{"attempts":39,"failed_attempts":17,"wall_hours":2.329912990897778,"charged_simulation_s":140.3999999999999,"actual_simulation_s":79.19999999999999,"best_speed_m_s":0.10267684875970061,"improvement_m_s":0.01575715753622807,"improvement_per_wall_hour":0.006762981106069723,"screened_candidates":900,"screened_preparation_wall_hours":2.634930558144445}
3702 CmaEs 58: 2.02s simulated
3703 CmaEs 55: 3.02s simulated
3701 CmaEs 58: 2.02s simulated
3704 CmaEs attempt 57: 0 candidates screened
{"attempts":56,"failed_attempts":0,"wall_hours":2.337942280403334,"charged_simulation_s":201.5999999999998,"actual_simulation_s":201.5999999999998,"best_speed_m_s":0.1214266503370533,"improvement_m_s":0.03450695911358076,"improvement_per_wall_hour":0.01475954278376271,"screened_candidates":18,"screened_preparation_wall_hours":0.15581392903166671}
3702 CmaEs 58: 3.02s simulated
3704 CmaEs 57: 0.02s simulated
3701 CmaEs 58: 3.02s simulated
{"attempts":59,"failed_attempts":0,"wall_hours":2.3441075701763885,"charged_simulation_s":212.39999999999978,"actual_simulation_s":212.39999999999978,"best_speed_m_s":0.09843517899148621,"improvement_m_s":0.011515487768013671,"improvement_per_wall_hour":0.004912525310068069,"screened_candidates":13,"screened_preparation_wall_hours":0.13389189931583334}
3704 CmaEs 57: 1.02s simulated
{"attempts":59,"failed_attempts":0,"wall_hours":2.3494901678844444,"charged_simulation_s":212.39999999999978,"actual_simulation_s":212.39999999999978,"best_speed_m_s":0.10743418427585508,"improvement_m_s":0.020514493052382538,"improvement_per_wall_hour":0.00873146580172942,"screened_candidates":13,"screened_preparation_wall_hours":0.07683869728055555}
3704 CmaEs 57: 2.02s simulated
3703 CmaEs attempt 56: 0 candidates screened
3703 CmaEs 56: 0.02s simulated
3702 CmaEs attempt 59: 1 candidates screened
3704 CmaEs 57: 3.02s simulated
3703 CmaEs 56: 1.02s simulated
3702 CmaEs 59: 0.02s simulated
3701 CmaEs attempt 59: 0 candidates screened
{"attempts":58,"failed_attempts":0,"wall_hours":2.371949739612778,"charged_simulation_s":208.79999999999978,"actual_simulation_s":208.79999999999978,"best_speed_m_s":0.11954390582291578,"improvement_m_s":0.032624214599443244,"improvement_per_wall_hour":0.01375417617608085,"screened_candidates":12,"screened_preparation_wall_hours":0.09123890288527776}
3701 CmaEs 59: 0.02s simulated
3703 CmaEs 56: 2.02s simulated
3702 CmaEs 59: 1.02s simulated
3704 Bayesian attempt 27: 48 candidates screened
{"attempts":28,"failed_attempts":9,"wall_hours":2.379232153666111,"charged_simulation_s":100.79999999999995,"actual_simulation_s":68.4,"best_speed_m_s":0.11246616672701622,"improvement_m_s":0.025546475503543678,"improvement_per_wall_hour":0.010737277345625827,"screened_candidates":466,"screened_preparation_wall_hours":3.2864414553433337}
3702 Bayesian attempt 25: 48 candidates screened
{"attempts":26,"failed_attempts":10,"wall_hours":2.3793408210433333,"charged_simulation_s":93.59999999999997,"actual_simulation_s":57.600000000000016,"best_speed_m_s":0.09920523365521551,"improvement_m_s":0.012285542431742971,"improvement_per_wall_hour":0.005163422710646304,"screened_candidates":519,"screened_preparation_wall_hours":3.2481610697725003}
3701 CmaEs 59: 1.02s simulated
3703 CmaEs 56: 3.02s simulated
3702 CmaEs 59: 2.02s simulated
{"attempts":57,"failed_attempts":0,"wall_hours":2.3856465971100005,"charged_simulation_s":205.1999999999998,"actual_simulation_s":205.1999999999998,"best_speed_m_s":0.1214266503370533,"improvement_m_s":0.03450695911358076,"improvement_per_wall_hour":0.01446440522891483,"screened_candidates":18,"screened_preparation_wall_hours":0.15581392903166671}
3701 CmaEs 59: 2.02s simulated
3702 CmaEs 59: 3.02s simulated
3704 CmaEs attempt 58: 1 candidates screened
{"attempts":60,"failed_attempts":0,"wall_hours":2.396555091683055,"charged_simulation_s":215.99999999999977,"actual_simulation_s":215.99999999999977,"best_speed_m_s":0.09843517899148621,"improvement_m_s":0.011515487768013671,"improvement_per_wall_hour":0.0048050169211535055,"screened_candidates":14,"screened_preparation_wall_hours":0.1545371700125}
3704 CmaEs 58: 0.02s simulated
3701 CmaEs 59: 3.02s simulated
{"attempts":60,"failed_attempts":0,"wall_hours":2.4018611907905556,"charged_simulation_s":215.99999999999977,"actual_simulation_s":215.99999999999977,"best_speed_m_s":0.10743418427585508,"improvement_m_s":0.020514493052382538,"improvement_per_wall_hour":0.008541081862282947,"screened_candidates":13,"screened_preparation_wall_hours":0.07683869728055555}
3704 CmaEs 58: 1.02s simulated
3703 CmaEs attempt 57: 0 candidates screened
3703 CmaEs 57: 0.02s simulated
3704 CmaEs 58: 2.02s simulated
3703 CmaEs 57: 1.02s simulated
3704 CmaEs 58: 3.02s simulated
3701 Bayesian attempt 25: 48 candidates screened
{"attempts":26,"failed_attempts":5,"wall_hours":2.4371660089638887,"charged_simulation_s":93.59999999999997,"actual_simulation_s":75.6,"best_speed_m_s":0.13454890888729967,"improvement_m_s":0.047629217663827134,"improvement_per_wall_hour":0.019542869664457417,"screened_candidates":293,"screened_preparation_wall_hours":3.0989519149774996}
3703 Bayesian attempt 39: 48 candidates screened
{"attempts":40,"failed_attempts":18,"wall_hours":2.4212904286955554,"charged_simulation_s":143.9999999999999,"actual_simulation_s":79.19999999999999,"best_speed_m_s":0.10267684875970061,"improvement_m_s":0.01575715753622807,"improvement_per_wall_hour":0.0065077519613031595,"screened_candidates":947,"screened_preparation_wall_hours":2.7905532495413894}
3703 CmaEs 57: 2.02s simulated
{"attempts":59,"failed_attempts":0,"wall_hours":2.423421436091667,"charged_simulation_s":212.39999999999978,"actual_simulation_s":212.39999999999978,"best_speed_m_s":0.11954390582291578,"improvement_m_s":0.032624214599443244,"improvement_per_wall_hour":0.013462047547147808,"screened_candidates":13,"screened_preparation_wall_hours":0.11320574595777777}
3703 CmaEs 57: 3.02s simulated
{"attempts":58,"failed_attempts":0,"wall_hours":2.4359216769161116,"charged_simulation_s":208.79999999999978,"actual_simulation_s":208.79999999999978,"best_speed_m_s":0.1214266503370533,"improvement_m_s":0.03450695911358076,"improvement_per_wall_hour":0.014165873821225129,"screened_candidates":18,"screened_preparation_wall_hours":0.15581392903166671}
3704 CmaEs attempt 59: 0 candidates screened
3704 CmaEs 59: 0.02s simulated
3704 CmaEs 59: 1.02s simulated
3703 CmaEs attempt 58: 1 candidates screened
3703 CmaEs 58: 0.02s simulated
3704 CmaEs 59: 2.02s simulated
3703 CmaEs 58: 1.02s simulated
3703 CmaEs 58: 2.02s simulated
3704 CmaEs 59: 3.02s simulated
{"attempts":60,"failed_attempts":0,"wall_hours":2.4733176950038893,"charged_simulation_s":215.99999999999977,"actual_simulation_s":215.99999999999977,"best_speed_m_s":0.11954390582291578,"improvement_m_s":0.032624214599443244,"improvement_per_wall_hour":0.013190466661579414,"screened_candidates":13,"screened_preparation_wall_hours":0.11320574595777777}
3703 CmaEs 58: 3.02s simulated
{"attempts":59,"failed_attempts":0,"wall_hours":2.477990076356945,"charged_simulation_s":212.39999999999978,"actual_simulation_s":212.39999999999978,"best_speed_m_s":0.1214266503370533,"improvement_m_s":0.03450695911358076,"improvement_per_wall_hour":0.013925382285756243,"screened_candidates":19,"screened_preparation_wall_hours":0.15581392903166671}
3703 CmaEs attempt 59: 0 candidates screened
3703 CmaEs 59: 0.02s simulated
3703 Bayesian attempt 40: 48 candidates screened
{"attempts":41,"failed_attempts":19,"wall_hours":2.502172284277222,"charged_simulation_s":147.59999999999988,"actual_simulation_s":79.19999999999999,"best_speed_m_s":0.10267684875970061,"improvement_m_s":0.01575715753622807,"improvement_per_wall_hour":0.006297391124999886,"screened_candidates":994,"screened_preparation_wall_hours":2.930722078974445}
3703 CmaEs 59: 1.02s simulated
3703 CmaEs 59: 2.02s simulated
3703 CmaEs 59: 3.02s simulated
{"attempts":60,"failed_attempts":0,"wall_hours":2.5233571076002783,"charged_simulation_s":215.99999999999977,"actual_simulation_s":215.99999999999977,"best_speed_m_s":0.1214266503370533,"improvement_m_s":0.03450695911358076,"improvement_per_wall_hour":0.013675020079261394,"screened_candidates":19,"screened_preparation_wall_hours":0.15581392903166671}
3702 Bayesian attempt 26: 48 candidates screened
{"attempts":27,"failed_attempts":11,"wall_hours":2.5498153114283335,"charged_simulation_s":97.19999999999996,"actual_simulation_s":57.600000000000016,"best_speed_m_s":0.09920523365521551,"improvement_m_s":0.012285542431742971,"improvement_per_wall_hour":0.004818208745032974,"screened_candidates":566,"screened_preparation_wall_hours":3.556284530981945}
3704 Bayesian attempt 28: 48 candidates screened
{"attempts":29,"failed_attempts":10,"wall_hours":2.554053808373611,"charged_simulation_s":104.39999999999995,"actual_simulation_s":68.4,"best_speed_m_s":0.11246616672701622,"improvement_m_s":0.025546475503543678,"improvement_per_wall_hour":0.01000232470427526,"screened_candidates":513,"screened_preparation_wall_hours":3.6154905940094446}
3703 Bayesian attempt 41: 48 candidates screened
{"attempts":42,"failed_attempts":20,"wall_hours":2.5713500577555553,"charged_simulation_s":151.19999999999987,"actual_simulation_s":79.19999999999999,"best_speed_m_s":0.10267684875970061,"improvement_m_s":0.01575715753622807,"improvement_per_wall_hour":0.006127970592219544,"screened_candidates":1041,"screened_preparation_wall_hours":3.054985344789723}
3702 Bayesian attempt 27: 21 candidates screened
3702 Bayesian 27: 0.02s simulated
3702 Bayesian 27: 1.02s simulated
3703 Bayesian attempt 42: 48 candidates screened
{"attempts":43,"failed_attempts":21,"wall_hours":2.6374076981761108,"charged_simulation_s":154.79999999999987,"actual_simulation_s":79.19999999999999,"best_speed_m_s":0.10267684875970061,"improvement_m_s":0.01575715753622807,"improvement_per_wall_hour":0.00597448682170939,"screened_candidates":1088,"screened_preparation_wall_hours":3.1734507735316675}
3702 Bayesian 27: 2.02s simulated
3702 Bayesian 27: 3.02s simulated
{"attempts":28,"failed_attempts":11,"wall_hours":2.649575688851945,"charged_simulation_s":100.79999999999995,"actual_simulation_s":61.20000000000002,"best_speed_m_s":0.09920523365521551,"improvement_m_s":0.012285542431742971,"improvement_per_wall_hour":0.004636796179642737,"screened_candidates":587,"screened_preparation_wall_hours":3.6680626754636116}
3701 Bayesian attempt 26: 48 candidates screened
{"attempts":27,"failed_attempts":6,"wall_hours":2.6866920526491667,"charged_simulation_s":97.19999999999996,"actual_simulation_s":75.6,"best_speed_m_s":0.13454890888729967,"improvement_m_s":0.047629217663827134,"improvement_per_wall_hour":0.017727829140992604,"screened_candidates":340,"screened_preparation_wall_hours":3.493417895613333}
3703 Bayesian attempt 43: 48 candidates screened
{"attempts":44,"failed_attempts":22,"wall_hours":2.7039433852416663,"charged_simulation_s":158.39999999999986,"actual_simulation_s":79.19999999999999,"best_speed_m_s":0.10267684875970061,"improvement_m_s":0.01575715753622807,"improvement_per_wall_hour":0.005827473172046376,"screened_candidates":1135,"screened_preparation_wall_hours":3.292882531762779}
3704 Bayesian attempt 29: 48 candidates screened
{"attempts":30,"failed_attempts":11,"wall_hours":2.7062318783216663,"charged_simulation_s":107.99999999999994,"actual_simulation_s":68.4,"best_speed_m_s":0.11246616672701622,"improvement_m_s":0.025546475503543678,"improvement_per_wall_hour":0.00943986940224314,"screened_candidates":560,"screened_preparation_wall_hours":3.9036807633486115}
3703 Bayesian attempt 44: 48 candidates screened
{"attempts":45,"failed_attempts":23,"wall_hours":2.7728232124591665,"charged_simulation_s":161.99999999999986,"actual_simulation_s":79.19999999999999,"best_speed_m_s":0.10267684875970061,"improvement_m_s":0.01575715753622807,"improvement_per_wall_hour":0.0056827126466001176,"screened_candidates":1182,"screened_preparation_wall_hours":3.4160120305069452}
3701 Bayesian attempt 27: 29 candidates screened
3701 Bayesian 27: 0.02s simulated
3701 Bayesian 27: 1.02s simulated
3701 Bayesian 27: 2.02s simulated
3701 Bayesian 27: 3.02s simulated
{"attempts":28,"failed_attempts":6,"wall_hours":2.826635261045278,"charged_simulation_s":100.79999999999995,"actual_simulation_s":79.19999999999999,"best_speed_m_s":0.13454890888729967,"improvement_m_s":0.047629217663827134,"improvement_per_wall_hour":0.01685014629238512,"screened_candidates":369,"screened_preparation_wall_hours":3.685931878770555}
3703 Bayesian attempt 45: 48 candidates screened
{"attempts":46,"failed_attempts":24,"wall_hours":2.837446026016944,"charged_simulation_s":165.59999999999985,"actual_simulation_s":79.19999999999999,"best_speed_m_s":0.10267684875970061,"improvement_m_s":0.01575715753622807,"improvement_per_wall_hour":0.005553288905497572,"screened_candidates":1229,"screened_preparation_wall_hours":3.5314925733388898}
3702 Bayesian attempt 28: 48 candidates screened
{"attempts":29,"failed_attempts":12,"wall_hours":2.8727805870736116,"charged_simulation_s":104.39999999999995,"actual_simulation_s":61.20000000000002,"best_speed_m_s":0.09920523365521551,"improvement_m_s":0.012285542431742971,"improvement_per_wall_hour":0.004276533504515835,"screened_candidates":634,"screened_preparation_wall_hours":3.9770053965841674}
3704 Bayesian attempt 30: 48 candidates screened
{"attempts":31,"failed_attempts":12,"wall_hours":2.8774624930991664,"charged_simulation_s":111.59999999999994,"actual_simulation_s":68.4,"best_speed_m_s":0.11246616672701622,"improvement_m_s":0.025546475503543678,"improvement_per_wall_hour":0.008878126323039883,"screened_candidates":607,"screened_preparation_wall_hours":4.21147870589}
3703 Bayesian attempt 46: 48 candidates screened
{"attempts":47,"failed_attempts":25,"wall_hours":2.9032545685322217,"charged_simulation_s":169.19999999999985,"actual_simulation_s":79.19999999999999,"best_speed_m_s":0.10267684875970061,"improvement_m_s":0.01575715753622807,"improvement_per_wall_hour":0.005427411604554645,"screened_candidates":1276,"screened_preparation_wall_hours":3.6493305242900007}
3703 Bayesian attempt 47: 48 candidates screened
{"attempts":48,"failed_attempts":26,"wall_hours":2.9700034280966663,"charged_simulation_s":172.79999999999984,"actual_simulation_s":79.19999999999999,"best_speed_m_s":0.10267684875970061,"improvement_m_s":0.01575715753622807,"improvement_per_wall_hour":0.005305434124137049,"screened_candidates":1323,"screened_preparation_wall_hours":3.768930827128334}
3704 Bayesian attempt 31: 48 candidates screened
{"attempts":32,"failed_attempts":13,"wall_hours":3.0271241811369443,"charged_simulation_s":115.19999999999993,"actual_simulation_s":68.4,"best_speed_m_s":0.11246616672701622,"improvement_m_s":0.025546475503543678,"improvement_per_wall_hour":0.008439189796947409,"screened_candidates":654,"screened_preparation_wall_hours":4.494731508811667}
3701 Bayesian attempt 28: 48 candidates screened
{"attempts":29,"failed_attempts":7,"wall_hours":3.0498631928675,"charged_simulation_s":104.39999999999995,"actual_simulation_s":79.19999999999999,"best_speed_m_s":0.13454890888729967,"improvement_m_s":0.047629217663827134,"improvement_per_wall_hour":0.015616837429040827,"screened_candidates":416,"screened_preparation_wall_hours":4.042835012645555}
3703 Bayesian attempt 48: 48 candidates screened
{"attempts":49,"failed_attempts":27,"wall_hours":3.037452951699166,"charged_simulation_s":176.39999999999984,"actual_simulation_s":79.19999999999999,"best_speed_m_s":0.10267684875970061,"improvement_m_s":0.01575715753622807,"improvement_per_wall_hour":0.00518762192758029,"screened_candidates":1370,"screened_preparation_wall_hours":3.8872488231388895}
3703 Bayesian attempt 49: 48 candidates screened
{"attempts":50,"failed_attempts":28,"wall_hours":3.096982889518333,"charged_simulation_s":179.99999999999983,"actual_simulation_s":79.19999999999999,"best_speed_m_s":0.10267684875970061,"improvement_m_s":0.01575715753622807,"improvement_per_wall_hour":0.00508790590660278,"screened_candidates":1417,"screened_preparation_wall_hours":3.9916418729747227}
3702 Bayesian attempt 29: 48 candidates screened
{"attempts":30,"failed_attempts":13,"wall_hours":3.119867945203334,"charged_simulation_s":107.99999999999994,"actual_simulation_s":61.20000000000002,"best_speed_m_s":0.09920523365521551,"improvement_m_s":0.012285542431742971,"improvement_per_wall_hour":0.003937840526433652,"screened_candidates":681,"screened_preparation_wall_hours":4.324795939993612}
3703 Bayesian attempt 50: 48 candidates screened
{"attempts":51,"failed_attempts":29,"wall_hours":3.155302436949166,"charged_simulation_s":183.59999999999982,"actual_simulation_s":79.19999999999999,"best_speed_m_s":0.10267684875970061,"improvement_m_s":0.01575715753622807,"improvement_per_wall_hour":0.004993865992593574,"screened_candidates":1464,"screened_preparation_wall_hours":4.094448905600834}
3704 Bayesian attempt 32: 48 candidates screened
{"attempts":33,"failed_attempts":14,"wall_hours":3.155837359918611,"charged_simulation_s":118.79999999999993,"actual_simulation_s":68.4,"best_speed_m_s":0.11246616672701622,"improvement_m_s":0.025546475503543678,"improvement_per_wall_hour":0.008094991151319193,"screened_candidates":701,"screened_preparation_wall_hours":4.737794234618056}
3703 Bayesian attempt 51: 48 candidates screened
{"attempts":52,"failed_attempts":30,"wall_hours":3.204194880201944,"charged_simulation_s":187.19999999999982,"actual_simulation_s":79.19999999999999,"best_speed_m_s":0.10267684875970061,"improvement_m_s":0.01575715753622807,"improvement_per_wall_hour":0.00491766516249941,"screened_candidates":1511,"screened_preparation_wall_hours":4.181837177330001}
3701 Bayesian attempt 29: 48 candidates screened
{"attempts":30,"failed_attempts":8,"wall_hours":3.2715091556725,"charged_simulation_s":107.99999999999994,"actual_simulation_s":79.19999999999999,"best_speed_m_s":0.13454890888729967,"improvement_m_s":0.047629217663827134,"improvement_per_wall_hour":0.014558790881340617,"screened_candidates":463,"screened_preparation_wall_hours":4.382896022230555}
3703 Bayesian attempt 52: 48 candidates screened
{"attempts":53,"failed_attempts":31,"wall_hours":3.2614718580677775,"charged_simulation_s":190.7999999999998,"actual_simulation_s":79.19999999999999,"best_speed_m_s":0.10267684875970061,"improvement_m_s":0.01575715753622807,"improvement_per_wall_hour":0.004831302621008424,"screened_candidates":1558,"screened_preparation_wall_hours":4.278279370975834}
3704 Bayesian attempt 33: 48 candidates screened
{"attempts":34,"failed_attempts":15,"wall_hours":3.266932019243611,"charged_simulation_s":122.39999999999992,"actual_simulation_s":68.4,"best_speed_m_s":0.11246616672701622,"improvement_m_s":0.025546475503543678,"improvement_per_wall_hour":0.007819714445560585,"screened_candidates":748,"screened_preparation_wall_hours":4.947217063812222}
3703 Bayesian attempt 53: 48 candidates screened
{"attempts":54,"failed_attempts":32,"wall_hours":3.310888485034444,"charged_simulation_s":194.3999999999998,"actual_simulation_s":79.19999999999999,"best_speed_m_s":0.10267684875970061,"improvement_m_s":0.01575715753622807,"improvement_per_wall_hour":0.004759193070818314,"screened_candidates":1605,"screened_preparation_wall_hours":4.3667437389516675}
3702 Bayesian attempt 30: 48 candidates screened
{"attempts":31,"failed_attempts":14,"wall_hours":3.318195741628056,"charged_simulation_s":111.59999999999994,"actual_simulation_s":61.20000000000002,"best_speed_m_s":0.09920523365521551,"improvement_m_s":0.012285542431742971,"improvement_per_wall_hour":0.0037024767037146314,"screened_candidates":728,"screened_preparation_wall_hours":4.61987096574389}
3703 Bayesian attempt 54: 48 candidates screened
{"attempts":55,"failed_attempts":33,"wall_hours":3.3657412781183327,"charged_simulation_s":197.9999999999998,"actual_simulation_s":79.19999999999999,"best_speed_m_s":0.10267684875970061,"improvement_m_s":0.01575715753622807,"improvement_per_wall_hour":0.004681630652560835,"screened_candidates":1652,"screened_preparation_wall_hours":4.460929071354445}
3704 Bayesian attempt 34: 48 candidates screened
{"attempts":35,"failed_attempts":16,"wall_hours":3.3778379839430555,"charged_simulation_s":125.99999999999991,"actual_simulation_s":68.4,"best_speed_m_s":0.11246616672701622,"improvement_m_s":0.025546475503543678,"improvement_per_wall_hour":0.007562966496611682,"screened_candidates":795,"screened_preparation_wall_hours":5.156435508287222}
3703 Bayesian attempt 55: 48 candidates screened
{"attempts":56,"failed_attempts":34,"wall_hours":3.4134316970033325,"charged_simulation_s":201.5999999999998,"actual_simulation_s":79.19999999999999,"best_speed_m_s":0.10267684875970061,"improvement_m_s":0.01575715753622807,"improvement_per_wall_hour":0.004616221719058082,"screened_candidates":1699,"screened_preparation_wall_hours":4.545907179585834}
3701 Bayesian attempt 30: 48 candidates screened
{"attempts":31,"failed_attempts":9,"wall_hours":3.450379284051111,"charged_simulation_s":111.59999999999994,"actual_simulation_s":79.19999999999999,"best_speed_m_s":0.13454890888729967,"improvement_m_s":0.047629217663827134,"improvement_per_wall_hour":0.013804052755587317,"screened_candidates":510,"screened_preparation_wall_hours":4.66944730823}
3703 Bayesian attempt 56: 48 candidates screened
{"attempts":57,"failed_attempts":35,"wall_hours":3.4628906373280546,"charged_simulation_s":205.1999999999998,"actual_simulation_s":79.19999999999999,"best_speed_m_s":0.10267684875970061,"improvement_m_s":0.01575715753622807,"improvement_per_wall_hour":0.004550290259349974,"screened_candidates":1746,"screened_preparation_wall_hours":4.634187795853889}
3704 Bayesian attempt 35: 48 candidates screened
{"attempts":36,"failed_attempts":17,"wall_hours":3.488728618257222,"charged_simulation_s":129.5999999999999,"actual_simulation_s":68.4,"best_speed_m_s":0.11246616672701622,"improvement_m_s":0.025546475503543678,"improvement_per_wall_hour":0.007322574581999244,"screened_candidates":842,"screened_preparation_wall_hours":5.36515121307}
3702 Bayesian attempt 31: 48 candidates screened
{"attempts":32,"failed_attempts":15,"wall_hours":3.504195190525556,"charged_simulation_s":115.19999999999993,"actual_simulation_s":61.20000000000002,"best_speed_m_s":0.09920523365521551,"improvement_m_s":0.012285542431742971,"improvement_per_wall_hour":0.003505952654966231,"screened_candidates":775,"screened_preparation_wall_hours":4.882998051576112}
3703 Bayesian attempt 57: 46 candidates screened
3703 Bayesian 57: 0.02s simulated
3703 Bayesian 57: 1.02s simulated
3703 Bayesian 57: 2.02s simulated
3703 Bayesian 57: 3.02s simulated
{"attempts":58,"failed_attempts":35,"wall_hours":3.5323075264902766,"charged_simulation_s":208.79999999999978,"actual_simulation_s":82.79999999999998,"best_speed_m_s":0.10267684875970061,"improvement_m_s":0.01575715753622807,"improvement_per_wall_hour":0.004460867978809445,"screened_candidates":1792,"screened_preparation_wall_hours":4.720288595061667}
3704 Bayesian attempt 36: 48 candidates screened
{"attempts":37,"failed_attempts":18,"wall_hours":3.591782821018055,"charged_simulation_s":133.1999999999999,"actual_simulation_s":68.4,"best_speed_m_s":0.11246616672701622,"improvement_m_s":0.025546475503543678,"improvement_per_wall_hour":0.0071124777795732045,"screened_candidates":889,"screened_preparation_wall_hours":5.558806548483333}
3701 Bayesian attempt 31: 48 candidates screened
{"attempts":32,"failed_attempts":10,"wall_hours":3.6266754819002776,"charged_simulation_s":115.19999999999993,"actual_simulation_s":79.19999999999999,"best_speed_m_s":0.13454890888729967,"improvement_m_s":0.047629217663827134,"improvement_per_wall_hour":0.013133024419066781,"screened_candidates":557,"screened_preparation_wall_hours":4.956500591235}
3702 Bayesian attempt 32: 48 candidates screened
{"attempts":33,"failed_attempts":16,"wall_hours":3.6874940739161115,"charged_simulation_s":118.79999999999993,"actual_simulation_s":61.20000000000002,"best_speed_m_s":0.09920523365521551,"improvement_m_s":0.012285542431742971,"improvement_per_wall_hour":0.003331677878114052,"screened_candidates":822,"screened_preparation_wall_hours":5.13299044238639}
3704 Bayesian attempt 37: 48 candidates screened
{"attempts":38,"failed_attempts":19,"wall_hours":3.701009117141944,"charged_simulation_s":136.7999999999999,"actual_simulation_s":68.4,"best_speed_m_s":0.11246616672701622,"improvement_m_s":0.025546475503543678,"improvement_per_wall_hour":0.006902570270691905,"screened_candidates":936,"screened_preparation_wall_hours":5.759893654487222}
3703 Bayesian attempt 58: 48 candidates screened
{"attempts":59,"failed_attempts":36,"wall_hours":3.762616828657221,"charged_simulation_s":212.39999999999978,"actual_simulation_s":82.79999999999998,"best_speed_m_s":0.10267684875970061,"improvement_m_s":0.01575715753622807,"improvement_per_wall_hour":0.004187818811688934,"screened_candidates":1839,"screened_preparation_wall_hours":5.081440514265}
3701 Bayesian attempt 32: 48 candidates screened
{"attempts":33,"failed_attempts":11,"wall_hours":3.799864313525833,"charged_simulation_s":118.79999999999993,"actual_simulation_s":79.19999999999999,"best_speed_m_s":0.13454890888729967,"improvement_m_s":0.047629217663827134,"improvement_per_wall_hour":0.01253445221564576,"screened_candidates":604,"screened_preparation_wall_hours":5.231321335342778}
3704 Bayesian attempt 38: 48 candidates screened
{"attempts":39,"failed_attempts":20,"wall_hours":3.8006628293813884,"charged_simulation_s":140.3999999999999,"actual_simulation_s":68.4,"best_speed_m_s":0.11246616672701622,"improvement_m_s":0.025546475503543678,"improvement_per_wall_hour":0.006721584273683579,"screened_candidates":983,"screened_preparation_wall_hours":5.948034679709999}
3702 Bayesian attempt 33: 48 candidates screened
{"attempts":34,"failed_attempts":17,"wall_hours":3.828072318001667,"charged_simulation_s":122.39999999999992,"actual_simulation_s":61.20000000000002,"best_speed_m_s":0.09920523365521551,"improvement_m_s":0.012285542431742971,"improvement_per_wall_hour":0.003209328719828438,"screened_candidates":869,"screened_preparation_wall_hours":5.342490300117779}
3704 Bayesian attempt 39: 48 candidates screened
{"attempts":40,"failed_attempts":21,"wall_hours":3.8877863871599994,"charged_simulation_s":143.9999999999999,"actual_simulation_s":68.4,"best_speed_m_s":0.11246616672701622,"improvement_m_s":0.025546475503543678,"improvement_per_wall_hour":0.006570956570020093,"screened_candidates":1030,"screened_preparation_wall_hours":6.112626701436944}
3701 Bayesian attempt 33: 48 candidates screened
{"attempts":34,"failed_attempts":12,"wall_hours":3.92418943625,"charged_simulation_s":122.39999999999992,"actual_simulation_s":79.19999999999999,"best_speed_m_s":0.13454890888729967,"improvement_m_s":0.047629217663827134,"improvement_per_wall_hour":0.012137339044809762,"screened_candidates":651,"screened_preparation_wall_hours":5.434789096158056}
3702 Bayesian attempt 34: 48 candidates screened
{"attempts":35,"failed_attempts":18,"wall_hours":3.952513234241667,"charged_simulation_s":125.99999999999991,"actual_simulation_s":61.20000000000002,"best_speed_m_s":0.09920523365521551,"improvement_m_s":0.012285542431742971,"improvement_per_wall_hour":0.003108286222879678,"screened_candidates":916,"screened_preparation_wall_hours":5.516344289656669}
3703 Bayesian attempt 59: 48 candidates screened
{"attempts":60,"failed_attempts":37,"wall_hours":3.9715484892191655,"charged_simulation_s":215.99999999999977,"actual_simulation_s":82.79999999999998,"best_speed_m_s":0.10267684875970061,"improvement_m_s":0.01575715753622807,"improvement_per_wall_hour":0.0039675097959904395,"screened_candidates":1886,"screened_preparation_wall_hours":5.427490675546944}
3704 Bayesian attempt 40: 48 candidates screened
{"attempts":41,"failed_attempts":22,"wall_hours":3.9737053545849994,"charged_simulation_s":147.59999999999988,"actual_simulation_s":68.4,"best_speed_m_s":0.11246616672701622,"improvement_m_s":0.025546475503543678,"improvement_per_wall_hour":0.0064288801569213645,"screened_candidates":1077,"screened_preparation_wall_hours":6.275031320780832}
3701 Bayesian attempt 34: 48 candidates screened
{"attempts":35,"failed_attempts":13,"wall_hours":4.053827746701944,"charged_simulation_s":125.99999999999991,"actual_simulation_s":79.19999999999999,"best_speed_m_s":0.13454890888729967,"improvement_m_s":0.047629217663827134,"improvement_per_wall_hour":0.01174919622635092,"screened_candidates":698,"screened_preparation_wall_hours":5.643039087600556}
3704 Bayesian attempt 41: 48 candidates screened
{"attempts":42,"failed_attempts":23,"wall_hours":4.048947036856666,"charged_simulation_s":151.19999999999987,"actual_simulation_s":68.4,"best_speed_m_s":0.11246616672701622,"improvement_m_s":0.025546475503543678,"improvement_per_wall_hour":0.006309412119002739,"screened_candidates":1124,"screened_preparation_wall_hours":6.417196320149999}
3702 Bayesian attempt 35: 48 candidates screened
{"attempts":36,"failed_attempts":19,"wall_hours":4.081660361930278,"charged_simulation_s":129.5999999999999,"actual_simulation_s":61.20000000000002,"best_speed_m_s":0.09920523365521551,"improvement_m_s":0.012285542431742971,"improvement_per_wall_hour":0.0030099374622960923,"screened_candidates":963,"screened_preparation_wall_hours":5.69111676513778}
3704 Bayesian attempt 42: 48 candidates screened
{"attempts":43,"failed_attempts":24,"wall_hours":4.1279648654938885,"charged_simulation_s":154.79999999999987,"actual_simulation_s":68.4,"best_speed_m_s":0.11246616672701622,"improvement_m_s":0.025546475503543678,"improvement_per_wall_hour":0.006188636855194546,"screened_candidates":1171,"screened_preparation_wall_hours":6.566744334887499}
3701 Bayesian attempt 35: 48 candidates screened
{"attempts":36,"failed_attempts":14,"wall_hours":4.2075569198975,"charged_simulation_s":129.5999999999999,"actual_simulation_s":79.19999999999999,"best_speed_m_s":0.13454890888729967,"improvement_m_s":0.047629217663827134,"improvement_per_wall_hour":0.01131992236126123,"screened_candidates":745,"screened_preparation_wall_hours":5.889043734652501}
3704 Bayesian attempt 43: 48 candidates screened
{"attempts":44,"failed_attempts":25,"wall_hours":4.2099761982125,"charged_simulation_s":158.39999999999986,"actual_simulation_s":68.4,"best_speed_m_s":0.11246616672701622,"improvement_m_s":0.025546475503543678,"improvement_per_wall_hour":0.006068080744587196,"screened_candidates":1218,"screened_preparation_wall_hours":6.721537057774999}
3702 Bayesian attempt 36: 48 candidates screened
{"attempts":37,"failed_attempts":20,"wall_hours":4.227125089932501,"charged_simulation_s":133.1999999999999,"actual_simulation_s":61.20000000000002,"best_speed_m_s":0.09920523365521551,"improvement_m_s":0.012285542431742971,"improvement_per_wall_hour":0.0029063588539176986,"screened_candidates":1010,"screened_preparation_wall_hours":5.892995501226669}
examples/full-robot/measured-actuator-integration/gait-search-fast-12v5-2026-09-25/run.sh: line 25: 73495 Killed: 9               $B/compare_gait_search $N/comparison-config.json $N/comparison 480 $N/STOP
