id,stage,phase,drive_raw,command_start_s,request_s,completion_s,position_raw,speed_raw,speed_rad_s,voltage_v,temperature_c,current_raw,status
4,0,pulse,25,0.438125546,0.444020384,0.450172798,1675,0,0.000000000,11.900,55,0,0
4,0,pulse,25,0.438125546,0.450440458,0.456129709,1675,0,0.000000000,11.900,55,0,0
4,0,pulse,25,0.438125546,0.456372972,0.461953489,1675,0,0.000000000,11.900,55,0,0
4,0,pulse,25,0.438125546,0.462229410,0.468160017,1675,0,0.000000000,11.900,55,0,0
4,0,pulse,25,0.438125546,0.468410539,0.474006769,1675,0,0.000000000,11.900,55,0,0
4,0,pulse,25,0.438125546,0.474242134,0.479999204,1675,0,0.000000000,11.900,55,0,0
4,0,pulse,25,0.438125546,0.480229727,0.486074721,1675,0,0.000000000,11.900,55,0,0
4,0,pulse,25,0.438125546,0.486310981,0.492182583,1675,0,0.000000000,11.900,55,0,0
4,0,pulse,25,0.438125546,0.492413741,0.498123519,1675,0,0.000000000,11.900,55,0,0
4,0,pulse,25,0.438125546,0.498352009,0.503968541,1675,0,0.000000000,11.900,55,0,0
4,0,pulse,25,0.438125546,0.504210619,0.510081845,1675,0,0.000000000,11.900,55,0,0
4,0,pulse,25,0.438125546,0.510316234,0.515985711,1675,0,0.000000000,11.900,55,0,0
4,0,pulse,25,0.438125546,0.516220866,0.522113504,1675,0,0.000000000,11.900,55,0,0
4,0,pulse,25,0.438125546,0.522345561,0.528142111,1675,0,0.000000000,11.900,55,0,0
4,0,pulse,25,0.438125546,0.528374785,0.533992736,1675,0,0.000000000,11.900,55,0,0
4,0,pulse,25,0.438125546,0.534220974,0.540149252,1675,0,0.000000000,11.900,55,0,0
4,0,pulse,25,0.438125546,0.540380541,0.546040868,1675,0,0.000000000,11.900,55,0,0
4,0,pulse,25,0.438125546,0.546275124,0.552007310,1675,0,0.000000000,11.900,55,0,0
4,0,pulse,25,0.438125546,0.552238028,0.558201366,1675,0,0.000000000,11.900,55,0,0
4,0,pulse,25,0.438125546,0.558446137,0.563944159,1675,0,0.000000000,11.900,55,0,0
4,0,pulse,25,0.438125546,0.564180439,0.570178659,1675,0,0.000000000,11.900,55,0,0
4,0,pulse,25,0.438125546,0.570412488,0.576265964,1675,0,0.000000000,11.900,55,0,0
4,0,pulse,25,0.438125546,0.576500984,0.582127765,1675,0,0.000000000,11.900,55,0,0
4,0,pulse,25,0.438125546,0.582357094,0.588027843,1675,0,0.000000000,11.900,55,0,0
4,0,zero_drive,0,0.438125546,0.599945370,0.606181423,1675,0,0.000000000,11.900,55,0,0
4,0,zero_drive,0,0.438125546,0.606414550,0.611956942,1675,0,0.000000000,11.900,55,0,0
4,0,zero_drive,0,0.438125546,0.612194426,0.618665264,1675,0,0.000000000,11.900,55,0,0
4,0,zero_drive,0,0.438125546,0.619173819,0.624139960,1675,0,0.000000000,11.900,55,0,0
4,0,zero_drive,0,0.438125546,0.624372378,0.630051675,1675,0,0.000000000,11.900,55,0,0
4,0,zero_drive,0,0.438125546,0.630288771,0.636014925,1675,0,0.000000000,11.900,55,0,0
4,0,zero_drive,0,0.438125546,0.636250746,0.642056905,1675,0,0.000000000,11.900,55,0,0
4,0,zero_drive,0,0.438125546,0.642289717,0.648049793,1675,0,0.000000000,11.900,55,0,0
4,0,zero_drive,0,0.438125546,0.648282273,0.654150631,1675,0,0.000000000,11.900,55,0,0
4,0,zero_drive,0,0.438125546,0.654380728,0.660190357,1675,0,0.000000000,11.900,55,0,0
4,0,zero_drive,0,0.438125546,0.660424507,0.666155298,1675,0,0.000000000,11.900,55,0,0
4,0,zero_drive,0,0.438125546,0.666386825,0.672089033,1675,0,0.000000000,11.900,55,0,0
4,0,zero_drive,0,0.438125546,0.672320787,0.678078992,1675,0,0.000000000,11.900,55,0,0
4,0,zero_drive,0,0.438125546,0.678311865,0.683887773,1675,0,0.000000000,11.900,55,0,0
4,0,zero_drive,0,0.438125546,0.684113380,0.690034363,1675,0,0.000000000,11.900,55,0,0
4,0,zero_drive,0,0.438125546,0.690267406,0.695924126,1675,0,0.000000000,11.900,55,0,0
4,0,zero_drive,0,0.438125546,0.696156131,0.702029615,1675,0,0.000000000,11.900,55,0,0
4,0,zero_drive,0,0.438125546,0.702259001,0.708046297,1675,0,0.000000000,11.900,55,0,0
4,0,zero_drive,0,0.438125546,0.708276517,0.714110513,1675,0,0.000000000,11.900,55,0,0
4,0,zero_drive,0,0.438125546,0.714352176,0.720070057,1675,0,0.000000000,11.900,55,0,0
4,0,zero_drive,0,0.438125546,0.720300553,0.726151883,1675,0,0.000000000,11.900,55,0,0
4,0,zero_drive,0,0.438125546,0.726381979,0.731941644,1675,0,0.000000000,11.900,55,0,0
4,0,zero_drive,0,0.438125546,0.732169619,0.738071806,1675,0,0.000000000,11.900,55,0,0
4,0,zero_drive,0,0.438125546,0.738305006,0.743903276,1675,0,0.000000000,11.900,55,0,0
4,0,zero_drive,0,0.438125546,0.744188985,0.750097965,1675,0,0.000000000,11.900,55,0,0
4,0,zero_drive,0,0.438125546,0.750324808,0.756068763,1675,0,0.000000000,11.900,55,0,0
4,0,zero_drive,0,0.438125546,0.756305141,0.762068743,1675,0,0.000000000,11.900,55,0,0
4,0,zero_drive,0,0.438125546,0.762304123,0.767954859,1675,0,0.000000000,11.900,55,0,0
4,0,zero_drive,0,0.438125546,0.768319199,0.774172316,1675,0,0.000000000,11.900,55,0,0
4,0,zero_drive,0,0.438125546,0.774457358,0.780076848,1675,0,0.000000000,11.900,55,0,0
4,0,zero_drive,0,0.438125546,0.780307483,0.785928919,1675,0,0.000000000,11.900,55,0,0
4,0,zero_drive,0,0.438125546,0.786166898,0.792119054,1675,0,0.000000000,11.900,55,0,0
4,0,zero_drive,0,0.438125546,0.792352231,0.797926479,1675,0,0.000000000,11.900,55,0,0
4,0,zero_drive,0,0.438125546,0.798160783,0.804114108,1675,0,0.000000000,11.900,55,0,0
4,0,zero_drive,0,0.438125546,0.804352262,0.809993293,1675,0,0.000000000,11.900,55,0,0
4,0,zero_drive,0,0.438125546,0.810227774,0.816097184,1675,0,0.000000000,11.900,55,0,0
4,0,zero_drive,0,0.438125546,0.816327893,0.821917581,1675,0,0.000000000,11.900,55,0,0
4,0,zero_drive,0,0.438125546,0.822150153,0.828088377,1675,0,0.000000000,11.900,55,0,0
4,0,zero_drive,0,0.438125546,0.828323018,0.833936464,1675,0,0.000000000,11.900,55,0,0
4,0,zero_drive,0,0.438125546,0.834167030,0.840073974,1675,0,0.000000000,11.900,55,0,0
4,0,zero_drive,0,0.438125546,0.840306957,0.846090542,1675,0,0.000000000,11.900,55,0,0
4,0,zero_drive,0,0.438125546,0.846326097,0.851926367,1675,0,0.000000000,11.900,55,0,0
4,0,zero_drive,0,0.438125546,0.852157803,0.858079856,1675,0,0.000000000,11.900,55,0,0
4,0,zero_drive,0,0.438125546,0.858317927,0.864105691,1675,0,0.000000000,11.900,55,0,0
4,0,zero_drive,0,0.438125546,0.864352880,0.869978759,1675,0,0.000000000,11.900,55,0,0
4,0,zero_drive,0,0.438125546,0.870216148,0.876080904,1675,0,0.000000000,11.900,55,0,0
4,0,zero_drive,0,0.438125546,0.876315411,0.881984893,1675,0,0.000000000,11.900,55,0,0
4,0,zero_drive,0,0.438125546,0.882217908,0.888138641,1675,0,0.000000000,11.900,55,0,0
4,0,zero_drive,0,0.438125546,0.888372012,0.894025835,1675,0,0.000000000,11.900,55,0,0
4,0,zero_drive,0,0.438125546,0.894262600,0.899876148,1675,0,0.000000000,11.900,55,0,0
4,0,zero_drive,0,0.438125546,0.900106361,0.906120685,1675,0,0.000000000,11.900,55,0,0
4,0,zero_drive,0,0.438125546,0.906355168,0.911904105,1675,0,0.000000000,11.900,55,0,0
4,0,zero_drive,0,0.438125546,0.912138888,0.918127793,1675,0,0.000000000,11.900,55,0,0
4,0,zero_drive,0,0.438125546,0.918362798,0.924127432,1675,0,0.000000000,11.900,55,0,0
4,0,zero_drive,0,0.438125546,0.924364318,0.929921723,1675,0,0.000000000,11.900,55,0,0
4,0,zero_drive,0,0.438125546,0.930157542,0.935977712,1675,0,0.000000000,11.900,55,0,0
4,0,zero_drive,0,0.438125546,0.936218306,0.942150506,1675,0,0.000000000,11.900,55,0,0
4,0,zero_drive,0,0.438125546,0.942385997,0.948112320,1675,0,0.000000000,11.900,55,0,0
4,0,zero_drive,0,0.438125546,0.948344434,0.953973548,1675,0,0.000000000,11.900,55,0,0
4,0,zero_drive,0,0.438125546,0.954209022,0.960105351,1675,0,0.000000000,11.900,55,0,0
4,0,zero_drive,0,0.438125546,0.960339158,0.965940719,1675,0,0.000000000,11.900,55,0,0
4,0,zero_drive,0,0.438125546,0.966171188,0.971892892,1675,0,0.000000000,11.900,55,0,0
4,0,zero_drive,0,0.438125546,0.972126648,0.978072643,1675,0,0.000000000,11.900,55,0,0
4,0,zero_drive,0,0.438125546,0.978314887,0.984009781,1675,0,0.000000000,11.900,55,0,0
4,0,zero_drive,0,0.438125546,0.984258133,0.990054400,1675,0,0.000000000,11.900,55,0,0
4,0,zero_drive,0,0.438125546,0.990289537,0.996069863,1675,0,0.000000000,11.900,55,0,0
4,0,zero_drive,0,0.438125546,0.996299848,1.001948869,1675,0,0.000000000,11.900,55,0,0
4,0,zero_drive,0,0.438125546,1.002187679,1.007917764,1675,0,0.000000000,11.900,55,0,0
4,0,zero_drive,0,0.438125546,1.008169184,1.013900718,1675,0,0.000000000,11.900,55,0,0
4,0,zero_drive,0,0.438125546,1.014154519,1.019977213,1675,0,0.000000000,11.900,55,0,0
4,0,zero_drive,0,0.438125546,1.020226946,1.025903543,1675,0,0.000000000,11.900,55,0,0
4,0,zero_drive,0,0.438125546,1.026194655,1.032107809,1675,0,0.000000000,11.900,55,0,0
4,0,zero_drive,0,0.438125546,1.032351697,1.037944918,1675,0,0.000000000,11.900,55,0,0
4,0,zero_drive,0,0.438125546,1.038191098,1.044056565,1675,0,0.000000000,11.900,55,0,0
4,0,zero_drive,0,0.438125546,1.044302067,1.049986405,1675,0,0.000000000,11.900,55,0,0
4,0,zero_drive,0,0.438125546,1.050224802,1.056100961,1675,0,0.000000000,11.900,55,0,0
4,0,zero_drive,0,0.438125546,1.056351151,1.062067453,1675,0,0.000000000,11.900,55,0,0
4,0,zero_drive,0,0.438125546,1.062314749,1.067967439,1675,0,0.000000000,11.900,55,0,0
4,0,zero_drive,0,0.438125546,1.068399814,1.073972160,1675,0,0.000000000,11.900,55,0,0
4,0,zero_drive,0,0.438125546,1.074220412,1.080113436,1675,0,0.000000000,11.900,55,0,0
4,0,zero_drive,0,0.438125546,1.080356132,1.086020844,1675,0,0.000000000,11.900,55,0,0
4,0,zero_drive,0,0.438125546,1.086256342,1.092098401,1675,0,0.000000000,11.900,55,0,0
4,0,zero_drive,0,0.438125546,1.092343918,1.098038098,1675,0,0.000000000,11.900,55,0,0
4,0,zero_drive,0,0.438125546,1.098290112,1.104119764,1675,0,0.000000000,11.900,55,0,0
4,0,zero_drive,0,0.438125546,1.104367808,1.109941987,1675,0,0.000000000,11.900,55,0,0
4,0,zero_drive,0,0.438125546,1.110193764,1.116130297,1675,0,0.000000000,11.900,55,0,0
4,0,zero_drive,0,0.438125546,1.116388293,1.122045776,1675,0,0.000000000,11.900,55,0,0
4,0,zero_drive,0,0.438125546,1.122293072,1.128003654,1675,0,0.000000000,11.900,55,0,0
4,0,zero_drive,0,0.438125546,1.128250024,1.134040887,1675,0,0.000000000,11.900,55,0,0
4,0,zero_drive,0,0.438125546,1.134604961,1.140063947,1675,0,0.000000000,11.900,55,0,0
4,0,zero_drive,0,0.438125546,1.140323527,1.146168674,1675,0,0.000000000,11.900,55,0,0
4,0,zero_drive,0,0.438125546,1.146432842,1.152185549,1675,0,0.000000000,11.900,55,0,0
4,0,zero_drive,0,0.438125546,1.152451639,1.158185367,1675,0,0.000000000,11.900,55,0,0
4,0,zero_drive,0,0.438125546,1.158452774,1.164149842,1675,0,0.000000000,11.900,55,0,0
4,0,zero_drive,0,0.438125546,1.164414507,1.169951751,1675,0,0.000000000,11.900,55,0,0
4,0,zero_drive,0,0.438125546,1.170221512,1.176166240,1675,0,0.000000000,11.900,55,0,0
4,0,zero_drive,0,0.438125546,1.176429300,1.182162449,1675,0,0.000000000,11.900,55,0,0
4,0,zero_drive,0,0.438125546,1.182433716,1.188070997,1675,0,0.000000000,11.900,55,0,0
4,0,zero_drive,0,0.438125546,1.188326013,1.194086879,1675,0,0.000000000,11.900,55,0,0
4,0,zero_drive,0,0.438125546,1.194339867,1.199932632,1675,0,0.000000000,11.900,55,0,0
4,0,zero_drive,0,0.438125546,1.200186677,1.205874776,1675,0,0.000000000,11.900,55,0,0
4,0,zero_drive,0,0.438125546,1.206129747,1.211976072,1675,0,0.000000000,11.900,55,0,0
4,0,zero_drive,0,0.438125546,1.212219470,1.218079192,1675,0,0.000000000,11.900,55,0,0
4,0,zero_drive,0,0.438125546,1.218450492,1.223947392,1675,0,0.000000000,11.900,55,0,0
4,0,zero_drive,0,0.438125546,1.224199957,1.229873130,1675,0,0.000000000,11.900,55,0,0
4,0,zero_drive,0,0.438125546,1.230115937,1.235934014,1675,0,0.000000000,11.900,55,0,0
4,0,zero_drive,0,0.438125546,1.236189618,1.242132361,1675,0,0.000000000,11.900,55,0,0
4,0,zero_drive,0,0.438125546,1.242382457,1.248036862,1675,0,0.000000000,11.900,55,0,0
4,0,zero_drive,0,0.438125546,1.248281132,1.254058775,1675,0,0.000000000,11.900,55,0,0
4,0,zero_drive,0,0.438125546,1.254306252,1.260009794,1675,0,0.000000000,11.900,55,0,0
4,0,zero_drive,0,0.438125546,1.260256667,1.266183447,1675,0,0.000000000,11.900,55,0,0
4,0,zero_drive,0,0.438125546,1.266484804,1.272043911,1675,0,0.000000000,11.900,55,0,0
4,0,zero_drive,0,0.438125546,1.272286261,1.277946652,1675,0,0.000000000,11.900,55,0,0
4,0,zero_drive,0,0.438125546,1.278194662,1.283899934,1675,0,0.000000000,11.900,55,0,0
4,0,zero_drive,0,0.438125546,1.284145144,1.290020370,1675,0,0.000000000,11.900,55,0,0
4,0,zero_drive,0,0.438125546,1.290267922,1.296082182,1675,0,0.000000000,11.900,55,0,0
4,0,zero_drive,0,0.438125546,1.296332097,1.302188972,1675,0,0.000000000,11.900,55,0,0
4,0,zero_drive,0,0.438125546,1.302447047,1.307894092,1675,0,0.000000000,11.900,55,0,0
4,0,zero_drive,0,0.438125546,1.308239261,1.313934618,1675,0,0.000000000,11.900,55,0,0
4,0,zero_drive,0,0.438125546,1.314235881,1.319832409,1675,0,0.000000000,11.900,55,0,0
4,0,zero_drive,0,0.438125546,1.320080287,1.326103874,1675,0,0.000000000,11.900,55,0,0
4,0,zero_drive,0,0.438125546,1.326418456,1.332057107,1675,0,0.000000000,11.900,55,0,0
4,0,zero_drive,0,0.438125546,1.332328826,1.338229566,1675,0,0.000000000,11.900,55,0,0
4,0,zero_drive,0,0.438125546,1.338477237,1.344091562,1675,0,0.000000000,11.900,55,0,0
4,0,zero_drive,0,0.438125546,1.344340748,1.349960040,1675,0,0.000000000,11.900,55,0,0
4,0,zero_drive,0,0.438125546,1.350208441,1.356132107,1675,0,0.000000000,11.900,55,0,0
4,0,zero_drive,0,0.438125546,1.356379781,1.362010842,1675,0,0.000000000,11.900,55,0,0
4,0,zero_drive,0,0.438125546,1.362255277,1.368417310,1675,0,0.000000000,11.900,55,0,0
4,0,zero_drive,0,0.438125546,1.368664896,1.374061057,1675,0,0.000000000,11.900,55,0,0
4,0,zero_drive,0,0.438125546,1.374302492,1.380051859,1675,0,0.000000000,11.900,55,0,0
4,0,zero_drive,0,0.438125546,1.380331521,1.385980399,1675,0,0.000000000,11.900,55,0,0
4,0,zero_drive,0,0.438125546,1.386229407,1.391990001,1675,0,0.000000000,11.900,55,0,0
4,0,zero_drive,0,0.438125546,1.392235087,1.398049352,1675,0,0.000000000,11.900,55,0,0
4,0,zero_drive,0,0.438125546,1.398292679,1.403876376,1675,0,0.000000000,11.900,55,0,0
4,1,pulse,50,1.415821681,1.421842422,1.428001745,1675,0,0.000000000,11.900,55,0,0
4,1,pulse,50,1.415821681,1.428255760,1.433943154,1675,0,0.000000000,11.900,55,0,0
4,1,pulse,50,1.415821681,1.434191766,1.439879436,1675,0,0.000000000,11.900,55,0,0
4,1,pulse,50,1.415821681,1.440131002,1.446007302,1675,0,0.000000000,11.900,55,0,0
4,1,pulse,50,1.415821681,1.446254527,1.451973878,1675,0,0.000000000,11.900,55,0,0
4,1,pulse,50,1.415821681,1.452234731,1.458015363,1675,0,0.000000000,11.900,55,0,0
4,1,pulse,50,1.415821681,1.458257581,1.463907175,1675,0,0.000000000,11.900,55,0,0
4,1,pulse,50,1.415821681,1.464157612,1.469866256,1676,0,0.000000000,11.900,55,0,0
4,1,pulse,50,1.415821681,1.470122881,1.476213482,1676,100,0.153398079,11.900,55,0,0
4,1,pulse,50,1.415821681,1.476509565,1.481856101,1677,100,0.153398079,11.900,55,0,0
4,1,pulse,50,1.415821681,1.482104467,1.487906467,1677,100,0.153398079,11.900,55,0,0
4,1,pulse,50,1.415821681,1.488155367,1.493897856,1678,100,0.153398079,11.900,55,0,0
4,1,pulse,50,1.415821681,1.494147325,1.500083608,1679,100,0.153398079,11.900,55,0,0
4,1,pulse,50,1.415821681,1.500521151,1.506031383,1679,100,0.153398079,11.900,55,0,0
4,1,pulse,50,1.415821681,1.506282793,1.511861711,1680,100,0.153398079,11.900,55,0,0
4,1,pulse,50,1.415821681,1.512111326,1.518188996,1681,100,0.153398079,11.900,55,0,0
4,1,pulse,50,1.415821681,1.518443262,1.523994338,1681,100,0.153398079,11.900,55,0,0
4,1,pulse,50,1.415821681,1.524236112,1.529877730,1682,100,0.153398079,11.900,55,0,0
4,1,pulse,50,1.415821681,1.530124894,1.535928348,1683,100,0.153398079,11.900,55,0,0
4,1,pulse,50,1.415821681,1.536192722,1.541984705,1684,100,0.153398079,11.900,55,0,0
4,1,pulse,50,1.415821681,1.542218936,1.547864619,1684,150,0.230097118,11.900,55,0,0
4,1,pulse,50,1.415821681,1.548095346,1.553816284,1685,150,0.230097118,11.900,55,0,0
4,1,pulse,50,1.415821681,1.554070343,1.560031067,1685,100,0.153398079,11.900,55,0,0
4,1,pulse,50,1.415821681,1.560267715,1.565737620,1686,100,0.153398079,11.900,55,0,0
4,1,zero_drive,0,1.415821681,1.577748983,1.583918329,1688,100,0.153398079,11.900,55,0,0
4,1,zero_drive,0,1.415821681,1.584156208,1.589929542,1688,100,0.153398079,11.900,55,0,0
4,1,zero_drive,0,1.415821681,1.590152193,1.595699452,1688,0,0.000000000,11.900,55,0,0
4,1,zero_drive,0,1.415821681,1.595918316,1.601847613,1688,0,0.000000000,11.900,55,0,0
4,1,zero_drive,0,1.415821681,1.602136050,1.607827165,1688,0,0.000000000,11.900,55,0,0
4,1,zero_drive,0,1.415821681,1.608057316,1.613934036,1688,0,0.000000000,11.900,55,0,0
4,1,zero_drive,0,1.415821681,1.614177698,1.619829041,1688,0,0.000000000,11.900,55,0,0
4,1,zero_drive,0,1.415821681,1.620085986,1.625963374,1688,0,0.000000000,11.900,55,0,0
4,1,zero_drive,0,1.415821681,1.626260640,1.631874806,1688,0,0.000000000,11.900,55,0,0
4,1,zero_drive,0,1.415821681,1.632160556,1.637809611,1688,0,0.000000000,11.900,55,0,0
4,1,zero_drive,0,1.415821681,1.638055547,1.643844296,1688,0,0.000000000,11.900,55,0,0
4,1,zero_drive,0,1.415821681,1.644101949,1.649953998,1688,0,0.000000000,11.900,55,0,0
4,1,zero_drive,0,1.415821681,1.650198739,1.655889083,1688,0,0.000000000,11.900,55,0,0
4,1,zero_drive,0,1.415821681,1.656139969,1.661972394,1688,0,0.000000000,11.900,55,0,0
4,1,zero_drive,0,1.415821681,1.662219601,1.667871358,1688,0,0.000000000,11.900,55,0,0
4,1,zero_drive,0,1.415821681,1.668120551,1.673811309,1688,0,0.000000000,11.900,55,0,0
4,1,zero_drive,0,1.415821681,1.674065019,1.680067180,1688,0,0.000000000,11.900,55,0,0
4,1,zero_drive,0,1.415821681,1.680322192,1.685898971,1688,0,0.000000000,11.900,55,0,0
4,1,zero_drive,0,1.415821681,1.686157825,1.692082384,1688,0,0.000000000,11.900,55,0,0
4,1,zero_drive,0,1.415821681,1.692335383,1.697995297,1688,0,0.000000000,11.900,55,0,0
4,1,zero_drive,0,1.415821681,1.698245547,1.703895232,1688,0,0.000000000,11.900,55,0,0
4,1,zero_drive,0,1.415821681,1.704143433,1.709991502,1688,0,0.000000000,11.900,55,0,0
4,1,zero_drive,0,1.415821681,1.710243769,1.716082659,1688,0,0.000000000,11.900,55,0,0
4,1,zero_drive,0,1.415821681,1.716332317,1.722072456,1688,0,0.000000000,11.900,55,0,0
4,1,zero_drive,0,1.415821681,1.722323564,1.728086548,1688,0,0.000000000,11.900,55,0,0
4,1,zero_drive,0,1.415821681,1.728338294,1.733984251,1688,0,0.000000000,11.900,55,0,0
4,1,zero_drive,0,1.415821681,1.734226386,1.739849775,1688,0,0.000000000,11.900,55,0,0
4,1,zero_drive,0,1.415821681,1.740097701,1.746004320,1688,0,0.000000000,11.900,55,0,0
4,1,zero_drive,0,1.415821681,1.746252599,1.751927226,1688,0,0.000000000,11.900,55,0,0
4,1,zero_drive,0,1.415821681,1.752176717,1.757857126,1688,0,0.000000000,11.900,55,0,0
4,1,zero_drive,0,1.415821681,1.758110026,1.763821469,1688,0,0.000000000,11.900,55,0,0
4,1,zero_drive,0,1.415821681,1.764079638,1.770116265,1688,0,0.000000000,11.900,55,0,0
4,1,zero_drive,0,1.415821681,1.770382494,1.775953571,1688,0,0.000000000,11.900,55,0,0
4,1,zero_drive,0,1.415821681,1.776202332,1.781978870,1688,0,0.000000000,11.900,55,0,0
4,1,zero_drive,0,1.415821681,1.782352446,1.788028479,1688,0,0.000000000,11.900,55,0,0
4,1,zero_drive,0,1.415821681,1.788279630,1.793994950,1688,0,0.000000000,11.900,55,0,0
4,1,zero_drive,0,1.415821681,1.794254276,1.800020527,1688,0,0.000000000,11.900,55,0,0
4,1,zero_drive,0,1.415821681,1.800268786,1.806036261,1688,0,0.000000000,11.900,55,0,0
4,1,zero_drive,0,1.415821681,1.806285842,1.812107508,1688,0,0.000000000,11.900,55,0,0
4,1,zero_drive,0,1.415821681,1.812361096,1.817931114,1688,0,0.000000000,11.900,55,0,0
4,1,zero_drive,0,1.415821681,1.818403965,1.823991360,1688,0,0.000000000,11.900,55,0,0
4,1,zero_drive,0,1.415821681,1.824240326,1.829859168,1688,0,0.000000000,11.900,55,0,0
4,1,zero_drive,0,1.415821681,1.830105727,1.835889383,1688,0,0.000000000,11.900,55,0,0
4,1,zero_drive,0,1.415821681,1.836140932,1.841910856,1688,0,0.000000000,11.900,55,0,0
4,1,zero_drive,0,1.415821681,1.842163014,1.848078373,1688,0,0.000000000,11.900,55,0,0
4,1,zero_drive,0,1.415821681,1.848333375,1.854077289,1688,0,0.000000000,11.900,55,0,0
4,1,zero_drive,0,1.415821681,1.854331377,1.859797866,1688,0,0.000000000,11.900,55,0,0
4,1,zero_drive,0,1.415821681,1.860049583,1.865980346,1688,0,0.000000000,11.900,55,0,0
4,1,zero_drive,0,1.415821681,1.866232346,1.871955599,1688,0,0.000000000,11.900,55,0,0
4,1,zero_drive,0,1.415821681,1.872208116,1.877935118,1688,0,0.000000000,11.900,55,0,0
4,1,zero_drive,0,1.415821681,1.878188829,1.884046269,1688,0,0.000000000,11.900,55,0,0
4,1,zero_drive,0,1.415821681,1.884464273,1.889941498,1688,0,0.000000000,11.900,55,0,0
4,1,zero_drive,0,1.415821681,1.890194429,1.895912440,1688,0,0.000000000,11.900,55,0,0
4,1,zero_drive,0,1.415821681,1.896166568,1.902191407,1688,0,0.000000000,11.900,55,0,0
4,1,zero_drive,0,1.415821681,1.902462778,1.908049308,1688,0,0.000000000,11.900,55,0,0
4,1,zero_drive,0,1.415821681,1.908308958,1.913974200,1688,0,0.000000000,11.900,55,0,0
4,1,zero_drive,0,1.415821681,1.914237168,1.919948296,1688,0,0.000000000,11.900,55,0,0
4,1,zero_drive,0,1.415821681,1.920248557,1.925869632,1688,0,0.000000000,11.900,55,0,0
4,1,zero_drive,0,1.415821681,1.926123460,1.931847251,1688,0,0.000000000,11.900,55,0,0
4,1,zero_drive,0,1.415821681,1.932096794,1.938141911,1688,0,0.000000000,11.900,55,0,0
4,1,zero_drive,0,1.415821681,1.938391241,1.944068350,1688,0,0.000000000,11.900,55,0,0
4,1,zero_drive,0,1.415821681,1.944319877,1.949898529,1688,0,0.000000000,11.900,55,0,0
4,1,zero_drive,0,1.415821681,1.950145105,1.955805967,1688,0,0.000000000,11.900,55,0,0
4,1,zero_drive,0,1.415821681,1.956055851,1.962046509,1688,0,0.000000000,11.900,55,0,0
4,1,zero_drive,0,1.415821681,1.962300245,1.967941659,1688,0,0.000000000,11.900,55,0,0
4,1,zero_drive,0,1.415821681,1.968226390,1.974086826,1688,0,0.000000000,11.900,55,0,0
4,1,zero_drive,0,1.415821681,1.974342927,1.979907186,1688,0,0.000000000,11.900,55,0,0
4,1,zero_drive,0,1.415821681,1.980164363,1.985980852,1688,0,0.000000000,11.900,55,0,0
4,1,zero_drive,0,1.415821681,1.986258242,1.991863117,1688,0,0.000000000,11.900,55,0,0
4,1,zero_drive,0,1.415821681,1.992117830,1.998070569,1688,0,0.000000000,11.900,55,0,0
4,1,zero_drive,0,1.415821681,1.998315714,2.003927257,1688,0,0.000000000,11.900,55,0,0
4,1,zero_drive,0,1.415821681,2.004178347,2.010100156,1688,0,0.000000000,11.900,55,0,0
4,1,zero_drive,0,1.415821681,2.010354488,2.015977573,1688,0,0.000000000,11.900,55,0,0
4,1,zero_drive,0,1.415821681,2.016249193,2.021850646,1688,0,0.000000000,11.900,55,0,0
4,1,zero_drive,0,1.415821681,2.022101859,2.028043814,1688,0,0.000000000,11.900,55,0,0
4,1,zero_drive,0,1.415821681,2.028296355,2.035122422,1688,0,0.000000000,11.900,55,0,0
4,1,zero_drive,0,1.415821681,2.035596169,2.094337797,1688,0,0.000000000,11.900,55,0,0
4,1,zero_drive,0,1.415821681,2.097907083,2.117619722,1688,0,0.000000000,11.900,55,0,0
4,1,zero_drive,0,1.415821681,2.117878421,2.124070680,1688,0,0.000000000,11.900,55,0,0
4,1,zero_drive,0,1.415821681,2.124328768,2.130055815,1688,0,0.000000000,11.900,55,0,0
4,1,zero_drive,0,1.415821681,2.130324823,2.135985445,1688,0,0.000000000,11.900,55,0,0
4,1,zero_drive,0,1.415821681,2.136243120,2.141948590,1688,0,0.000000000,11.900,55,0,0
4,1,zero_drive,0,1.415821681,2.142211341,2.148063306,1688,0,0.000000000,11.900,55,0,0
4,1,zero_drive,0,1.415821681,2.148320635,2.153973698,1688,0,0.000000000,11.900,55,0,0
4,1,zero_drive,0,1.415821681,2.154227470,2.159791910,1688,0,0.000000000,11.900,55,0,0
4,1,zero_drive,0,1.415821681,2.160051930,2.165929362,1688,0,0.000000000,11.900,55,0,0
4,1,zero_drive,0,1.415821681,2.166182991,2.172021062,1688,0,0.000000000,11.900,55,0,0
4,1,zero_drive,0,1.415821681,2.172274280,2.178052341,1688,0,0.000000000,11.900,55,0,0
4,1,zero_drive,0,1.415821681,2.178309616,2.184134405,1688,0,0.000000000,11.900,55,0,0
4,1,zero_drive,0,1.415821681,2.184480303,2.189896216,1688,0,0.000000000,11.900,55,0,0
4,1,zero_drive,0,1.415821681,2.190153300,2.195863593,1688,0,0.000000000,11.900,55,0,0
4,1,zero_drive,0,1.415821681,2.196119961,2.202151505,1688,0,0.000000000,11.900,55,0,0
4,1,zero_drive,0,1.415821681,2.202411676,2.208122189,1688,0,0.000000000,11.900,55,0,0
4,1,zero_drive,0,1.415821681,2.208372840,2.213849617,1688,0,0.000000000,11.900,55,0,0
4,1,zero_drive,0,1.415821681,2.214101945,2.219890550,1688,0,0.000000000,11.900,55,0,0
4,1,zero_drive,0,1.415821681,2.220150960,2.225961386,1688,0,0.000000000,11.900,55,0,0
4,1,zero_drive,0,1.415821681,2.226212609,2.231866935,1688,0,0.000000000,11.900,55,0,0
4,1,zero_drive,0,1.415821681,2.232116240,2.237830720,1688,0,0.000000000,11.900,55,0,0
4,1,zero_drive,0,1.415821681,2.238082716,2.243775980,1688,0,0.000000000,11.900,55,0,0
4,1,zero_drive,0,1.415821681,2.244032163,2.249959189,1688,0,0.000000000,11.900,55,0,0
4,1,zero_drive,0,1.415821681,2.250208796,2.255867005,1688,0,0.000000000,11.900,55,0,0
4,1,zero_drive,0,1.415821681,2.256122343,2.261994975,1688,0,0.000000000,11.900,55,0,0
4,1,zero_drive,0,1.415821681,2.262242517,2.267802785,1688,0,0.000000000,11.900,55,0,0
4,1,zero_drive,0,1.415821681,2.268051720,2.273831484,1688,0,0.000000000,11.900,55,0,0
4,1,zero_drive,0,1.415821681,2.274137062,2.279868225,1688,0,0.000000000,11.900,55,0,0
4,1,zero_drive,0,1.415821681,2.280127997,2.285858555,1688,0,0.000000000,11.900,55,0,0
4,1,zero_drive,0,1.415821681,2.286118275,2.291964260,1688,0,0.000000000,11.900,55,0,0
4,1,zero_drive,0,1.415821681,2.292216661,2.297821395,1688,0,0.000000000,11.900,55,0,0
4,1,zero_drive,0,1.415821681,2.298075894,2.303832747,1688,0,0.000000000,11.900,55,0,0
4,1,zero_drive,0,1.415821681,2.304084793,2.309862135,1688,0,0.000000000,11.900,55,0,0
4,1,zero_drive,0,1.415821681,2.310118365,2.315965062,1688,0,0.000000000,11.900,55,0,0
4,1,zero_drive,0,1.415821681,2.316214163,2.321926639,1688,0,0.000000000,11.900,55,0,0
4,1,zero_drive,0,1.415821681,2.322176985,2.327769068,1688,0,0.000000000,11.900,55,0,0
4,1,zero_drive,0,1.415821681,2.328022673,2.333817159,1688,0,0.000000000,11.900,55,0,0
4,1,zero_drive,0,1.415821681,2.334057942,2.339995397,1688,0,0.000000000,11.900,55,0,0
4,1,zero_drive,0,1.415821681,2.340247890,2.345844894,1688,0,0.000000000,11.900,55,0,0
4,1,zero_drive,0,1.415821681,2.346098432,2.351841630,1688,0,0.000000000,11.900,55,0,0
4,1,zero_drive,0,1.415821681,2.352242375,2.357870061,1688,0,0.000000000,11.900,55,0,0
4,1,zero_drive,0,1.415821681,2.358120149,2.363937380,1688,0,0.000000000,11.900,55,0,0
4,1,zero_drive,0,1.415821681,2.364200480,2.369822690,1688,0,0.000000000,11.900,55,0,0
4,1,zero_drive,0,1.415821681,2.370073025,2.375898014,1688,0,0.000000000,11.900,55,0,0
4,1,zero_drive,0,1.415821681,2.376152589,2.382013349,1688,0,0.000000000,11.900,55,0,0
4,2,pulse,100,2.394015464,2.399707773,2.405850856,1688,0,0.000000000,11.900,55,0,0
4,2,pulse,100,2.394015464,2.406103953,2.411867479,1688,0,0.000000000,11.900,55,0,0
4,2,pulse,100,2.394015464,2.412118179,2.418125334,1689,0,0.000000000,11.900,55,0,0
4,2,pulse,100,2.394015464,2.418381109,2.423756633,1690,100,0.153398079,11.900,55,0,0
4,2,pulse,100,2.394015464,2.424009928,2.429800144,1690,100,0.153398079,11.900,55,0,0
4,2,pulse,100,2.394015464,2.430046421,2.435999203,1692,150,0.230097118,11.900,55,0,0
4,2,pulse,100,2.394015464,2.436256052,2.442015253,1693,150,0.230097118,11.900,55,0,0
4,2,pulse,100,2.394015464,2.442266554,2.447871194,1695,200,0.306796158,11.900,55,0,0
4,2,pulse,100,2.394015464,2.448117015,2.453980650,1696,200,0.306796158,11.900,55,0,0
4,2,pulse,100,2.394015464,2.454236108,2.459902741,1698,250,0.383495197,11.900,55,0,0
4,2,pulse,100,2.394015464,2.460157724,2.465989186,1699,250,0.383495197,11.900,55,0,0
4,2,pulse,100,2.394015464,2.466235028,2.471740918,1701,250,0.383495197,11.900,55,0,0
4,2,pulse,100,2.394015464,2.471990137,2.478000860,1702,250,0.383495197,11.900,55,0,0
4,2,pulse,100,2.394015464,2.478253424,2.483937617,1704,300,0.460194236,11.900,55,0,0
4,2,pulse,100,2.394015464,2.484187353,2.489791693,1706,300,0.460194236,11.900,55,0,0
4,2,pulse,100,2.394015464,2.490045265,2.495816094,1707,300,0.460194236,11.900,55,0,0
4,2,pulse,100,2.394015464,2.496066134,2.501987624,1708,300,0.460194236,11.900,55,0,0
4,2,pulse,100,2.394015464,2.502239429,2.507921626,1711,300,0.460194236,11.900,55,0,0
4,2,pulse,100,2.394015464,2.508177964,2.513824509,1712,300,0.460194236,11.900,55,0,0
4,2,pulse,100,2.394015464,2.514080766,2.520007030,1713,250,0.383495197,11.900,55,0,0
4,2,pulse,100,2.394015464,2.520277515,2.525870373,1716,250,0.383495197,11.900,55,0,0
4,2,pulse,100,2.394015464,2.526121797,2.531896139,1717,300,0.460194236,11.900,55,0,0
4,2,pulse,100,2.394015464,2.532150636,2.538044568,1719,300,0.460194236,11.900,55,0,0
4,2,pulse,100,2.394015464,2.538310859,2.543918375,1721,300,0.460194236,11.900,55,0,0
4,2,zero_drive,0,2.394015464,2.555795938,2.561794778,1725,300,0.460194236,11.900,55,0,0
4,2,zero_drive,0,2.394015464,2.562044619,2.567871842,1726,200,0.306796158,11.900,55,0,0
4,2,zero_drive,0,2.394015464,2.568121765,2.573973504,1727,200,0.306796158,11.900,55,0,0
4,2,zero_drive,0,2.394015464,2.574224154,2.579827223,1727,50,0.076699039,11.900,55,0,0
4,2,zero_drive,0,2.394015464,2.580090587,2.585751649,1727,50,0.076699039,11.900,55,0,0
4,2,zero_drive,0,2.394015464,2.586014828,2.591788184,1727,0,0.000000000,11.900,55,0,0
4,2,zero_drive,0,2.394015464,2.592165588,2.597863268,1727,0,0.000000000,11.900,55,0,0
4,2,zero_drive,0,2.394015464,2.598116727,2.603819158,1727,0,0.000000000,11.900,55,0,0
4,2,zero_drive,0,2.394015464,2.604089262,2.610016918,1727,0,0.000000000,11.900,55,0,0
4,2,zero_drive,0,2.394015464,2.610277362,2.615899761,1727,0,0.000000000,11.900,55,0,0
4,2,zero_drive,0,2.394015464,2.616150174,2.621824107,1727,0,0.000000000,11.900,55,0,0
4,2,zero_drive,0,2.394015464,2.622074019,2.628057280,1727,0,0.000000000,11.900,55,0,0
4,2,zero_drive,0,2.394015464,2.628341365,2.633697947,1727,0,0.000000000,11.900,55,0,0
4,2,zero_drive,0,2.394015464,2.633941819,2.639869170,1727,0,0.000000000,11.900,55,0,0
4,2,zero_drive,0,2.394015464,2.640119522,2.645775034,1727,0,0.000000000,11.900,55,0,0
4,2,zero_drive,0,2.394015464,2.646048246,2.651828663,1727,0,0.000000000,11.900,55,0,0
4,2,zero_drive,0,2.394015464,2.652125292,2.657695814,1727,0,0.000000000,11.900,55,0,0
4,2,zero_drive,0,2.394015464,2.657936780,2.663893786,1727,0,0.000000000,11.900,55,0,0
4,2,zero_drive,0,2.394015464,2.664137834,2.669989677,1727,0,0.000000000,11.900,55,0,0
4,2,zero_drive,0,2.394015464,2.670239608,2.675851687,1727,0,0.000000000,11.900,55,0,0
4,2,zero_drive,0,2.394015464,2.676088769,2.681971845,1727,0,0.000000000,11.900,55,0,0
4,2,zero_drive,0,2.394015464,2.682213268,2.687893477,1727,0,0.000000000,11.900,55,0,0
4,2,zero_drive,0,2.394015464,2.688134814,2.693761672,1727,0,0.000000000,11.900,55,0,0
4,2,zero_drive,0,2.394015464,2.693997464,2.699630594,1727,0,0.000000000,11.900,55,0,0
4,2,zero_drive,0,2.394015464,2.699863935,2.705808874,1727,0,0.000000000,11.900,55,0,0
4,2,zero_drive,0,2.394015464,2.706046399,2.711665734,1727,0,0.000000000,11.900,55,0,0
4,2,zero_drive,0,2.394015464,2.711910566,2.717869208,1727,0,0.000000000,11.900,55,0,0
4,2,zero_drive,0,2.394015464,2.718207478,2.723792159,1727,0,0.000000000,11.900,55,0,0
4,2,zero_drive,0,2.394015464,2.724015429,2.729839364,1727,0,0.000000000,11.900,55,0,0
4,2,zero_drive,0,2.394015464,2.730071324,2.735800766,1727,0,0.000000000,11.900,55,0,0
4,2,zero_drive,0,2.394015464,2.736040434,2.741659617,1727,0,0.000000000,11.900,55,0,0
4,2,zero_drive,0,2.394015464,2.741869381,2.747646083,1727,0,0.000000000,11.900,55,0,0
4,2,zero_drive,0,2.394015464,2.747854914,2.753651717,1727,0,0.000000000,11.900,55,0,0
4,2,zero_drive,0,2.394015464,2.753869841,2.759753719,1727,0,0.000000000,11.900,55,0,0
4,2,zero_drive,0,2.394015464,2.759959011,2.765624794,1727,0,0.000000000,11.900,55,0,0
4,2,zero_drive,0,2.394015464,2.765827019,2.771742996,1727,0,0.000000000,11.900,55,0,0
4,2,zero_drive,0,2.394015464,2.771955661,2.777700218,1727,0,0.000000000,11.900,55,0,0
4,2,zero_drive,0,2.394015464,2.777913005,2.784053399,1727,0,0.000000000,11.900,55,0,0
4,2,zero_drive,0,2.394015464,2.784332640,2.789795885,1727,0,0.000000000,11.900,55,0,0
4,2,zero_drive,0,2.394015464,2.790027549,2.795663382,1727,0,0.000000000,11.900,55,0,0
4,2,zero_drive,0,2.394015464,2.795905056,2.801686661,1727,0,0.000000000,11.900,55,0,0
4,2,zero_drive,0,2.394015464,2.801987113,2.807836062,1727,0,0.000000000,11.900,55,0,0
4,2,zero_drive,0,2.394015464,2.808065499,2.813936104,1727,0,0.000000000,11.900,55,0,0
4,2,zero_drive,0,2.394015464,2.814188342,2.819945644,1727,0,0.000000000,11.900,55,0,0
4,2,zero_drive,0,2.394015464,2.820198709,2.825846419,1727,0,0.000000000,11.900,55,0,0
4,2,zero_drive,0,2.394015464,2.826095940,2.831782214,1727,0,0.000000000,11.900,55,0,0
4,2,zero_drive,0,2.394015464,2.832033604,2.837846866,1727,0,0.000000000,11.900,55,0,0
4,2,zero_drive,0,2.394015464,2.838098881,2.843904419,1727,0,0.000000000,11.900,55,0,0
4,2,zero_drive,0,2.394015464,2.844158070,2.849761664,1727,0,0.000000000,11.900,55,0,0
4,2,zero_drive,0,2.394015464,2.850010098,2.855862331,1727,0,0.000000000,11.900,55,0,0
4,2,zero_drive,0,2.394015464,2.856113623,2.861697813,1727,0,0.000000000,11.900,55,0,0
4,2,zero_drive,0,2.394015464,2.861945495,2.867859953,1727,0,0.000000000,11.900,55,0,0
4,2,zero_drive,0,2.394015464,2.868151741,2.873742277,1727,0,0.000000000,11.900,55,0,0
4,2,zero_drive,0,2.394015464,2.873997459,2.879814427,1727,0,0.000000000,11.900,55,0,0
4,2,zero_drive,0,2.394015464,2.880104723,2.885800698,1727,0,0.000000000,11.900,55,0,0
4,2,zero_drive,0,2.394015464,2.886053513,2.892022567,1727,0,0.000000000,11.900,55,0,0
4,2,zero_drive,0,2.394015464,2.892274376,2.897980543,1727,0,0.000000000,11.900,55,0,0
4,2,zero_drive,0,2.394015464,2.898235459,2.903910670,1727,0,0.000000000,11.900,55,0,0
4,2,zero_drive,0,2.394015464,2.904165504,2.909947681,1727,0,0.000000000,11.900,55,0,0
4,2,zero_drive,0,2.394015464,2.910200588,2.915896479,1727,0,0.000000000,11.900,55,0,0
4,2,zero_drive,0,2.394015464,2.916140879,2.921850630,1727,0,0.000000000,11.900,55,0,0
4,2,zero_drive,0,2.394015464,2.922103924,2.927809432,1727,0,0.000000000,11.900,55,0,0
4,2,zero_drive,0,2.394015464,2.928064339,2.933831656,1727,0,0.000000000,11.900,55,0,0
4,2,zero_drive,0,2.394015464,2.934079499,2.939795092,1727,0,0.000000000,11.900,55,0,0
4,2,zero_drive,0,2.394015464,2.940047202,2.945719193,1727,0,0.000000000,11.900,55,0,0
4,2,zero_drive,0,2.394015464,2.945972930,2.952193490,1727,0,0.000000000,11.900,55,0,0
4,2,zero_drive,0,2.394015464,2.952499286,2.957875596,1727,0,0.000000000,11.900,55,0,0
4,2,zero_drive,0,2.394015464,2.958133345,2.963758582,1727,0,0.000000000,11.900,55,0,0
4,2,zero_drive,0,2.394015464,2.964109759,2.969911290,1727,0,0.000000000,11.900,55,0,0
4,2,zero_drive,0,2.394015464,2.970167187,2.975861692,1727,0,0.000000000,11.900,55,0,0
4,2,zero_drive,0,2.394015464,2.976113558,2.981775011,1727,0,0.000000000,11.900,55,0,0
4,2,zero_drive,0,2.394015464,2.982032002,2.987919030,1727,0,0.000000000,11.900,55,0,0
4,2,zero_drive,0,2.394015464,2.988176926,2.993843212,1727,0,0.000000000,11.900,55,0,0
4,2,zero_drive,0,2.394015464,2.994099158,2.999701690,1727,0,0.000000000,11.900,55,0,0
4,2,zero_drive,0,2.394015464,2.999945766,3.005926685,1727,0,0.000000000,11.900,55,0,0
4,2,zero_drive,0,2.394015464,3.006174611,3.011900303,1727,0,0.000000000,11.900,55,0,0
4,2,zero_drive,0,2.394015464,3.012152473,3.017847542,1727,0,0.000000000,11.900,55,0,0
4,2,zero_drive,0,2.394015464,3.018201858,3.023888613,1727,0,0.000000000,11.900,55,0,0
4,2,zero_drive,0,2.394015464,3.024142299,3.029801091,1727,0,0.000000000,11.900,55,0,0
4,2,zero_drive,0,2.394015464,3.030053677,3.035801238,1727,0,0.000000000,11.900,55,0,0
4,2,zero_drive,0,2.394015464,3.036064550,3.041874088,1727,0,0.000000000,11.900,55,0,0
4,2,zero_drive,0,2.394015464,3.042181153,3.047757947,1727,0,0.000000000,11.900,55,0,0
4,2,zero_drive,0,2.394015464,3.048013886,3.053832247,1727,0,0.000000000,11.900,55,0,0
4,2,zero_drive,0,2.394015464,3.054085611,3.059940286,1727,0,0.000000000,11.900,55,0,0
4,2,zero_drive,0,2.394015464,3.060196378,3.065745459,1727,0,0.000000000,11.900,55,0,0
4,2,zero_drive,0,2.394015464,3.065994843,3.071975765,1727,0,0.000000000,11.900,55,0,0
4,2,zero_drive,0,2.394015464,3.072229542,3.077906479,1727,0,0.000000000,11.900,55,0,0
4,2,zero_drive,0,2.394015464,3.078154608,3.083749131,1727,0,0.000000000,11.900,55,0,0
4,2,zero_drive,0,2.394015464,3.084008455,3.089734268,1727,0,0.000000000,11.900,55,0,0
4,2,zero_drive,0,2.394015464,3.089988779,3.095795333,1727,0,0.000000000,11.900,55,0,0
4,2,zero_drive,0,2.394015464,3.096045641,3.101945198,1727,0,0.000000000,11.900,55,0,0
4,2,zero_drive,0,2.394015464,3.102198403,3.107904946,1727,0,0.000000000,11.900,55,0,0
4,2,zero_drive,0,2.394015464,3.108155633,3.113741554,1727,0,0.000000000,11.900,55,0,0
4,2,zero_drive,0,2.394015464,3.113992864,3.119926924,1727,0,0.000000000,11.900,55,0,0
4,2,zero_drive,0,2.394015464,3.120179609,3.125898066,1727,0,0.000000000,11.900,55,0,0
4,2,zero_drive,0,2.394015464,3.126151140,3.131829758,1727,0,0.000000000,11.900,55,0,0
4,2,zero_drive,0,2.394015464,3.132078175,3.137827357,1727,0,0.000000000,11.900,55,0,0
4,2,zero_drive,0,2.394015464,3.138078776,3.143702150,1727,0,0.000000000,11.900,55,0,0
4,2,zero_drive,0,2.394015464,3.143954413,3.149826645,1727,0,0.000000000,11.900,55,0,0
4,2,zero_drive,0,2.394015464,3.150070188,3.155717212,1727,0,0.000000000,11.900,55,0,0
4,2,zero_drive,0,2.394015464,3.155968592,3.161675061,1727,0,0.000000000,11.900,55,0,0
4,2,zero_drive,0,2.394015464,3.161926008,3.167897640,1727,0,0.000000000,11.900,55,0,0
4,2,zero_drive,0,2.394015464,3.168209461,3.173827120,1727,0,0.000000000,11.900,55,0,0
4,2,zero_drive,0,2.394015464,3.174082008,3.179715629,1727,0,0.000000000,11.900,55,0,0
4,2,zero_drive,0,2.394015464,3.179962183,3.185881194,1727,0,0.000000000,11.900,55,0,0
4,2,zero_drive,0,2.394015464,3.186142378,3.191817389,1727,0,0.000000000,11.900,55,0,0
4,2,zero_drive,0,2.394015464,3.192068672,3.197937623,1727,0,0.000000000,11.900,55,0,0
4,2,zero_drive,0,2.394015464,3.198188876,3.203940358,1727,0,0.000000000,11.900,55,0,0
4,2,zero_drive,0,2.394015464,3.204201286,3.209923748,1727,0,0.000000000,11.900,55,0,0
4,2,zero_drive,0,2.394015464,3.210176678,3.215739818,1727,0,0.000000000,11.900,55,0,0
4,2,zero_drive,0,2.394015464,3.215987211,3.221850511,1727,0,0.000000000,11.900,55,0,0
4,2,zero_drive,0,2.394015464,3.222099394,3.227797431,1727,0,0.000000000,11.900,55,0,0
4,2,zero_drive,0,2.394015464,3.228051243,3.233629473,1727,0,0.000000000,11.900,55,0,0
4,2,zero_drive,0,2.394015464,3.233870982,3.239908143,1727,0,0.000000000,11.900,55,0,0
4,2,zero_drive,0,2.394015464,3.240159517,3.245722988,1727,0,0.000000000,11.900,55,0,0
4,2,zero_drive,0,2.394015464,3.245977005,3.251957436,1727,0,0.000000000,11.900,55,0,0
4,2,zero_drive,0,2.394015464,3.252206783,3.257850606,1727,0,0.000000000,11.900,55,0,0
4,2,zero_drive,0,2.394015464,3.258167493,3.263826318,1727,0,0.000000000,11.900,55,0,0
4,2,zero_drive,0,2.394015464,3.264075904,3.269734875,1727,0,0.000000000,11.900,55,0,0
4,2,zero_drive,0,2.394015464,3.269987277,3.275802770,1727,0,0.000000000,11.900,55,0,0
4,2,zero_drive,0,2.394015464,3.276055133,3.281813215,1727,0,0.000000000,11.900,55,0,0
4,2,zero_drive,0,2.394015464,3.282116338,3.287911902,1727,0,0.000000000,11.900,55,0,0
4,2,zero_drive,0,2.394015464,3.288161818,3.293816652,1727,0,0.000000000,11.900,55,0,0
4,2,zero_drive,0,2.394015464,3.294075841,3.299663082,1727,0,0.000000000,11.900,55,0,0
4,2,zero_drive,0,2.394015464,3.299906807,3.305862467,1727,0,0.000000000,11.900,55,0,0
4,2,zero_drive,0,2.394015464,3.306109123,3.311941098,1727,0,0.000000000,11.900,55,0,0
4,2,zero_drive,0,2.394015464,3.312202526,3.317794602,1727,0,0.000000000,11.900,55,0,0
4,2,zero_drive,0,2.394015464,3.318127843,3.323916257,1727,0,0.000000000,11.900,55,0,0
4,2,zero_drive,0,2.394015464,3.324168626,3.329820929,1727,0,0.000000000,11.900,55,0,0
4,2,zero_drive,0,2.394015464,3.330070919,3.335876068,1727,0,0.000000000,11.900,55,0,0
4,2,zero_drive,0,2.394015464,3.336127152,3.341772196,1727,0,0.000000000,11.900,55,0,0
4,2,zero_drive,0,2.394015464,3.342070085,3.347856465,1727,0,0.000000000,11.900,55,0,0
4,2,zero_drive,0,2.394015464,3.348115906,3.353852524,1727,0,0.000000000,11.900,55,0,0
4,2,zero_drive,0,2.394015464,3.354105063,3.359881807,1727,0,0.000000000,11.900,55,0,0
4,3,pulse,150,3.371679157,3.377695502,3.384066232,1727,0,0.000000000,11.900,55,0,0
4,3,pulse,150,3.371679157,3.384322316,3.389656182,1728,0,0.000000000,11.900,55,0,0
4,3,pulse,150,3.371679157,3.389906192,3.395810644,1728,100,0.153398079,11.900,55,0,0
4,3,pulse,150,3.371679157,3.396059398,3.402080916,1730,100,0.153398079,11.900,55,0,0
4,3,pulse,150,3.371679157,3.402419951,3.407818691,1732,250,0.383495197,11.900,55,0,0
4,3,pulse,150,3.371679157,3.408071493,3.413915575,1733,250,0.383495197,11.900,55,0,0
4,3,pulse,150,3.371679157,3.414167183,3.419932195,1736,350,0.536893276,11.900,55,0,0
4,3,pulse,150,3.371679157,3.420300972,3.425955650,1738,350,0.536893276,11.900,55,0,0
4,3,pulse,150,3.371679157,3.426259947,3.431804983,1740,350,0.536893276,11.900,55,0,0
4,3,pulse,150,3.371679157,3.432058477,3.437835927,1742,350,0.536893276,11.900,55,0,0
4,3,pulse,150,3.371679157,3.438087858,3.443868528,1744,400,0.613592315,11.900,55,0,0
4,3,pulse,150,3.371679157,3.444124390,3.449673143,1747,400,0.613592315,11.900,55,0,0
4,3,pulse,150,3.371679157,3.449925095,3.455896363,1749,400,0.613592315,11.900,55,0,0
4,3,pulse,150,3.371679157,3.456147740,3.461823627,1753,400,0.613592315,11.900,55,0,0
4,3,pulse,150,3.371679157,3.462076059,3.467857671,1754,450,0.690291355,11.900,55,0,0
4,3,pulse,150,3.371679157,3.468146847,3.473773046,1758,450,0.690291355,11.900,55,0,0
4,3,pulse,150,3.371679157,3.474025552,3.479865817,1759,400,0.613592315,11.900,55,0,0
4,3,pulse,150,3.371679157,3.480119332,3.486121887,1762,400,0.613592315,11.900,55,0,0
4,3,pulse,150,3.371679157,3.486517262,3.491937994,1765,400,0.613592315,11.900,55,0,0
4,3,pulse,150,3.371679157,3.492191369,3.497815199,1768,400,0.613592315,11.900,55,0,0
4,3,pulse,150,3.371679157,3.498062872,3.503723237,1770,450,0.690291355,11.900,55,0,0
4,3,pulse,150,3.371679157,3.503973264,3.509820642,1772,450,0.690291355,11.900,55,0,0
4,3,pulse,150,3.371679157,3.510072761,3.515681380,1775,400,0.613592315,11.900,55,0,0
4,3,pulse,150,3.371679157,3.515929520,3.521753442,1777,400,0.613592315,11.900,55,0,0
4,3,zero_drive,0,3.371679157,3.533617182,3.539907601,1784,350,0.536893276,11.900,55,0,0
4,3,zero_drive,0,3.371679157,3.540155983,3.545723947,1786,350,0.536893276,11.900,55,0,0
4,3,zero_drive,0,3.371679157,3.545972241,3.551880015,1787,250,0.383495197,11.900,55,0,0
4,3,zero_drive,0,3.371679157,3.552127810,3.557647947,1788,250,0.383495197,11.900,55,0,0
4,3,zero_drive,0,3.371679157,3.557900861,3.563653342,1788,100,0.153398079,11.900,55,0,0
4,3,zero_drive,0,3.371679157,3.563913373,3.569811415,1788,100,0.153398079,11.900,55,0,0
4,3,zero_drive,0,3.371679157,3.570081123,3.575905862,1788,0,0.000000000,11.900,55,0,0
4,3,zero_drive,0,3.371679157,3.576156143,3.581973244,1788,0,0.000000000,11.900,55,0,0
4,3,zero_drive,0,3.371679157,3.582224075,3.587672289,1788,0,0.000000000,11.900,55,0,0
4,3,zero_drive,0,3.371679157,3.587920523,3.593879338,1788,0,0.000000000,11.900,55,0,0
4,3,zero_drive,0,3.371679157,3.594196875,3.599814256,1788,0,0.000000000,11.900,55,0,0
4,3,zero_drive,0,3.371679157,3.600062617,3.605639287,1788,0,0.000000000,11.900,55,0,0
4,3,zero_drive,0,3.371679157,3.605889119,3.611821366,1788,0,0.000000000,11.900,55,0,0
4,3,zero_drive,0,3.371679157,3.612076567,3.617797192,1788,0,0.000000000,11.900,55,0,0
4,3,zero_drive,0,3.371679157,3.618124058,3.623833060,1788,0,0.000000000,11.900,55,0,0
4,3,zero_drive,0,3.371679157,3.624088137,3.629897335,1788,0,0.000000000,11.900,55,0,0
4,3,zero_drive,0,3.371679157,3.630149926,3.635868954,1788,0,0.000000000,11.900,55,0,0
4,3,zero_drive,0,3.371679157,3.636120034,3.641831267,1788,0,0.000000000,11.900,55,0,0
4,3,zero_drive,0,3.371679157,3.642214616,3.647710608,1788,0,0.000000000,11.900,55,0,0
4,3,zero_drive,0,3.371679157,3.647960859,3.653858302,1788,0,0.000000000,11.900,55,0,0
4,3,zero_drive,0,3.371679157,3.654108352,3.659829190,1788,0,0.000000000,11.900,55,0,0
4,3,zero_drive,0,3.371679157,3.660081483,3.665788052,1788,0,0.000000000,11.900,55,0,0
4,3,zero_drive,0,3.371679157,3.666031947,3.671715515,1788,0,0.000000000,11.900,55,0,0
4,3,zero_drive,0,3.371679157,3.671989382,3.677692309,1788,0,0.000000000,11.900,55,0,0
4,3,zero_drive,0,3.371679157,3.677942449,3.683649497,1788,0,0.000000000,11.900,55,0,0
4,3,zero_drive,0,3.371679157,3.683898209,3.689758877,1788,0,0.000000000,11.900,55,0,0
4,3,zero_drive,0,3.371679157,3.690009347,3.695696684,1788,0,0.000000000,11.900,55,0,0
4,3,zero_drive,0,3.371679157,3.696010073,3.701836332,1788,0,0.000000000,11.900,55,0,0
4,3,zero_drive,0,3.371679157,3.702086985,3.707648145,1788,0,0.000000000,11.900,55,0,0
4,3,zero_drive,0,3.371679157,3.707900865,3.713832948,1788,0,0.000000000,11.900,55,0,0
4,3,zero_drive,0,3.371679157,3.714100977,3.719814260,1788,0,0.000000000,11.900,55,0,0
4,3,zero_drive,0,3.371679157,3.720070209,3.725781333,1788,0,0.000000000,11.900,55,0,0
4,3,zero_drive,0,3.371679157,3.726073578,3.731681796,1788,0,0.000000000,11.900,55,0,0
4,3,zero_drive,0,3.371679157,3.731929049,3.737800877,1788,0,0.000000000,11.900,55,0,0
4,3,zero_drive,0,3.371679157,3.738053608,3.743683104,1788,0,0.000000000,11.900,55,0,0
4,3,zero_drive,0,3.371679157,3.743931356,3.749783161,1788,0,0.000000000,11.900,55,0,0
4,3,zero_drive,0,3.371679157,3.750029239,3.755759164,1788,0,0.000000000,11.900,55,0,0
4,3,zero_drive,0,3.371679157,3.756007649,3.761820655,1788,0,0.000000000,11.900,55,0,0
4,3,zero_drive,0,3.371679157,3.762069598,3.767644038,1788,0,0.000000000,11.900,55,0,0
4,3,zero_drive,0,3.371679157,3.768076453,3.773771407,1788,0,0.000000000,11.900,55,0,0
4,3,zero_drive,0,3.371679157,3.774025226,3.779698156,1788,0,0.000000000,11.900,55,0,0
4,3,zero_drive,0,3.371679157,3.779949040,3.785946028,1788,0,0.000000000,11.900,55,0,0
4,3,zero_drive,0,3.371679157,3.786203096,3.791788063,1788,0,0.000000000,11.900,55,0,0
4,3,zero_drive,0,3.371679157,3.792117299,3.797623746,1788,0,0.000000000,11.900,55,0,0
4,3,zero_drive,0,3.371679157,3.797874310,3.803844101,1788,0,0.000000000,11.900,55,0,0
4,3,zero_drive,0,3.371679157,3.804095894,3.809709292,1788,0,0.000000000,11.900,55,0,0
4,3,zero_drive,0,3.371679157,3.809962261,3.815726398,1788,0,0.000000000,11.900,55,0,0
4,3,zero_drive,0,3.371679157,3.815978316,3.821623770,1788,0,0.000000000,11.900,55,0,0
4,3,zero_drive,0,3.371679157,3.821876794,3.827857190,1788,0,0.000000000,11.900,55,0,0
4,3,zero_drive,0,3.371679157,3.828113570,3.833736010,1788,0,0.000000000,11.900,55,0,0
4,3,zero_drive,0,3.371679157,3.833983889,3.839842643,1788,0,0.000000000,11.900,55,0,0
4,3,zero_drive,0,3.371679157,3.840097426,3.845721589,1788,0,0.000000000,11.900,55,0,0
4,3,zero_drive,0,3.371679157,3.845972600,3.851680241,1788,0,0.000000000,11.900,55,0,0
4,3,zero_drive,0,3.371679157,3.852052120,3.857685662,1788,0,0.000000000,11.900,55,0,0
4,3,zero_drive,0,3.371679157,3.857930504,3.864147296,1788,0,0.000000000,11.900,55,0,0
4,3,zero_drive,0,3.371679157,3.864428375,3.869769469,1788,0,0.000000000,11.900,55,0,0
4,3,zero_drive,0,3.371679157,3.870017078,3.875824464,1788,0,0.000000000,11.900,55,0,0
4,3,zero_drive,0,3.371679157,3.876102503,3.881841993,1788,0,0.000000000,11.900,55,0,0
4,3,zero_drive,0,3.371679157,3.882087258,3.887952335,1788,0,0.000000000,11.900,55,0,0
4,3,zero_drive,0,3.371679157,3.888202553,3.893720614,1788,0,0.000000000,11.900,55,0,0
4,3,zero_drive,0,3.371679157,3.893966964,3.899868828,1788,0,0.000000000,11.900,55,0,0
4,3,zero_drive,0,3.371679157,3.900105258,3.905871588,1788,0,0.000000000,11.900,55,0,0
4,3,zero_drive,0,3.371679157,3.906114476,3.911773165,1788,0,0.000000000,11.900,55,0,0
4,3,zero_drive,0,3.371679157,3.912009902,3.918258839,1788,0,0.000000000,11.900,55,0,0
4,3,zero_drive,0,3.371679157,3.918513143,3.923817081,1788,0,0.000000000,11.900,55,0,0
4,3,zero_drive,0,3.371679157,3.924067626,3.929686893,1788,0,0.000000000,11.900,55,0,0
4,3,zero_drive,0,3.371679157,3.929936239,3.935643848,1788,0,0.000000000,11.900,55,0,0
4,3,zero_drive,0,3.371679157,3.935915181,3.941724312,1788,0,0.000000000,11.900,55,0,0
4,3,zero_drive,0,3.371679157,3.941965456,3.947753704,1788,0,0.000000000,11.900,55,0,0
4,3,zero_drive,0,3.371679157,3.947991896,3.953612137,1788,0,0.000000000,11.900,55,0,0
4,3,zero_drive,0,3.371679157,3.953857171,3.959653855,1788,0,0.000000000,11.900,55,0,0
4,3,zero_drive,0,3.371679157,3.959892617,3.965849891,1788,0,0.000000000,11.900,55,0,0
4,3,zero_drive,0,3.371679157,3.966097621,3.971705623,1788,0,0.000000000,11.900,55,0,0
4,3,zero_drive,0,3.371679157,3.971946672,3.977818163,1788,0,0.000000000,11.900,55,0,0
4,3,zero_drive,0,3.371679157,3.978058966,3.983837292,1788,0,0.000000000,11.900,55,0,0
4,3,zero_drive,0,3.371679157,3.984077963,3.989747374,1788,0,0.000000000,11.900,55,0,0
4,3,zero_drive,0,3.371679157,3.990030043,3.995701599,1788,0,0.000000000,11.900,55,0,0
4,3,zero_drive,0,3.371679157,3.995942986,4.001521316,1788,0,0.000000000,11.900,55,0,0
4,3,zero_drive,0,3.371679157,4.001776779,4.007745156,1788,0,0.000000000,11.900,55,0,0
4,3,zero_drive,0,3.371679157,4.007993521,4.013594196,1788,0,0.000000000,11.900,55,0,0
4,3,zero_drive,0,3.371679157,4.013850016,4.019924776,1788,0,0.000000000,11.900,55,0,0
4,3,zero_drive,0,3.371679157,4.020197122,4.025939816,1788,0,0.000000000,11.900,55,0,0
4,3,zero_drive,0,3.371679157,4.026239540,4.031774616,1788,0,0.000000000,11.900,55,0,0
4,3,zero_drive,0,3.371679157,4.032029619,4.037717862,1788,0,0.000000000,11.900,55,0,0
4,3,zero_drive,0,3.371679157,4.037973472,4.043664195,1788,0,0.000000000,11.900,55,0,0
4,3,zero_drive,0,3.371679157,4.043922485,4.049813919,1788,0,0.000000000,11.900,55,0,0
4,3,zero_drive,0,3.371679157,4.050064960,4.055819455,1788,0,0.000000000,11.900,55,0,0
4,3,zero_drive,0,3.371679157,4.056107759,4.061624718,1788,0,0.000000000,11.900,55,0,0
4,3,zero_drive,0,3.371679157,4.061875936,4.067842025,1788,0,0.000000000,11.900,55,0,0
4,3,zero_drive,0,3.371679157,4.068095846,4.073628148,1788,0,0.000000000,11.900,55,0,0
4,3,zero_drive,0,3.371679157,4.073877586,4.079736707,1788,0,0.000000000,11.900,55,0,0
4,3,zero_drive,0,3.371679157,4.079986566,4.086162955,1788,0,0.000000000,11.900,55,0,0
4,3,zero_drive,0,3.371679157,4.086516038,4.091767768,1788,0,0.000000000,11.900,55,0,0
4,3,zero_drive,0,3.371679157,4.092106605,4.097743039,1788,0,0.000000000,11.900,55,0,0
4,3,zero_drive,0,3.371679157,4.097989771,4.103838845,1788,0,0.000000000,11.900,55,0,0
4,3,zero_drive,0,3.371679157,4.104087747,4.109723355,1788,0,0.000000000,11.900,55,0,0
4,3,zero_drive,0,3.371679157,4.109972872,4.115731508,1788,0,0.000000000,11.900,55,0,0
4,3,zero_drive,0,3.371679157,4.115976980,4.121711220,1788,0,0.000000000,11.900,55,0,0
4,3,zero_drive,0,3.371679157,4.121960006,4.127653232,1788,0,0.000000000,11.900,55,0,0
4,3,zero_drive,0,3.371679157,4.127907538,4.133868826,1788,0,0.000000000,11.900,55,0,0
4,3,zero_drive,0,3.371679157,4.134113139,4.139653574,1788,0,0.000000000,11.900,55,0,0
4,3,zero_drive,0,3.371679157,4.139903041,4.145766358,1788,0,0.000000000,11.900,55,0,0
4,3,zero_drive,0,3.371679157,4.146011024,4.151676309,1788,0,0.000000000,11.900,55,0,0
4,3,zero_drive,0,3.371679157,4.151924506,4.157959247,1788,0,0.000000000,11.900,55,0,0
4,3,zero_drive,0,3.371679157,4.158247456,4.163582005,1788,0,0.000000000,11.900,55,0,0
4,3,zero_drive,0,3.371679157,4.163827161,4.169738376,1788,0,0.000000000,11.900,55,0,0
4,3,zero_drive,0,3.371679157,4.169988686,4.175750611,1788,0,0.000000000,11.900,55,0,0
4,3,zero_drive,0,3.371679157,4.176001551,4.181742153,1788,0,0.000000000,11.900,55,0,0
4,3,zero_drive,0,3.371679157,4.182078955,4.187822398,1788,0,0.000000000,11.900,55,0,0
4,3,zero_drive,0,3.371679157,4.188073395,4.193581408,1788,0,0.000000000,11.900,55,0,0
4,3,zero_drive,0,3.371679157,4.193837625,4.199662770,1788,0,0.000000000,11.900,55,0,0
4,3,zero_drive,0,3.371679157,4.199940242,4.205798550,1788,0,0.000000000,11.900,55,0,0
4,3,zero_drive,0,3.371679157,4.206055359,4.211746483,1788,0,0.000000000,11.900,55,0,0
4,3,zero_drive,0,3.371679157,4.212001233,4.217594372,1788,0,0.000000000,11.900,55,0,0
4,3,zero_drive,0,3.371679157,4.217843441,4.223748521,1788,0,0.000000000,11.900,55,0,0
4,3,zero_drive,0,3.371679157,4.224002745,4.229562069,1788,0,0.000000000,11.900,55,0,0
4,3,zero_drive,0,3.371679157,4.229813819,4.235593894,1788,0,0.000000000,11.900,55,0,0
4,3,zero_drive,0,3.371679157,4.235847151,4.241721400,1788,0,0.000000000,11.900,55,0,0
4,3,zero_drive,0,3.371679157,4.241971106,4.247761535,1788,0,0.000000000,11.900,55,0,0
4,3,zero_drive,0,3.371679157,4.248009049,4.253678632,1788,0,0.000000000,11.900,55,0,0
4,3,zero_drive,0,3.371679157,4.253934293,4.259654952,1788,0,0.000000000,11.900,55,0,0
4,3,zero_drive,0,3.371679157,4.259906165,4.265565890,1788,0,0.000000000,11.900,55,0,0
4,3,zero_drive,0,3.371679157,4.265816066,4.271826241,1788,0,0.000000000,11.900,55,0,0
4,3,zero_drive,0,3.371679157,4.272080519,4.277820818,1788,0,0.000000000,11.900,55,0,0
4,3,zero_drive,0,3.371679157,4.278113658,4.283580008,1788,0,0.000000000,11.900,55,0,0
4,3,zero_drive,0,3.371679157,4.283832175,4.289724215,1788,0,0.000000000,11.900,55,0,0
4,3,zero_drive,0,3.371679157,4.289994892,4.295610838,1788,0,0.000000000,11.900,55,0,0
4,3,zero_drive,0,3.371679157,4.295861006,4.301932127,1788,0,0.000000000,11.900,55,0,0
4,3,zero_drive,0,3.371679157,4.302184869,4.307591248,1788,0,0.000000000,11.900,55,0,0
4,3,zero_drive,0,3.371679157,4.307850385,4.313738685,1788,0,0.000000000,11.900,55,0,0
4,3,zero_drive,0,3.371679157,4.313992870,4.319573287,1788,0,0.000000000,11.900,55,0,0
4,3,zero_drive,0,3.371679157,4.319829486,4.325634848,1788,0,0.000000000,11.900,55,0,0
4,3,zero_drive,0,3.371679157,4.325935555,4.331775051,1788,0,0.000000000,11.900,55,0,0
4,3,zero_drive,0,3.371679157,4.332026570,4.337844214,1788,0,0.000000000,11.900,55,0,0
4,4,pulse,200,4.349679121,4.355666772,4.361735457,1788,0,0.000000000,11.900,55,10,0
4,4,pulse,200,4.349679121,4.361987964,4.367571688,1788,0,0.000000000,11.900,55,10,0
4,4,pulse,200,4.349679121,4.367908744,4.373663551,1790,0,0.000000000,11.900,55,5,0
4,4,pulse,200,4.349679121,4.373914238,4.379693873,1792,250,0.383495197,11.900,55,5,0
4,4,pulse,200,4.349679121,4.379947195,4.385896377,1794,250,0.383495197,11.900,55,3,0
4,4,pulse,200,4.349679121,4.386159971,4.391627921,1798,400,0.613592315,11.900,55,3,0
4,4,pulse,200,4.349679121,4.391883837,4.397799956,1800,400,0.613592315,11.900,55,1,0
4,4,pulse,200,4.349679121,4.398050858,4.403561931,1802,450,0.690291355,11.900,55,1,0
4,4,pulse,200,4.349679121,4.403817883,4.409727665,1805,450,0.690291355,11.900,55,1,0
4,4,pulse,200,4.349679121,4.409982209,4.415712982,1808,500,0.766990394,11.900,55,1,0
4,4,pulse,200,4.349679121,4.415984615,4.421567273,1811,500,0.766990394,11.900,55,0,0
4,4,pulse,200,4.349679121,4.421819520,4.427582808,1815,550,0.843689433,11.900,55,0,0
4,4,pulse,200,4.349679121,4.427836810,4.433634875,1818,550,0.843689433,11.900,55,0,0
4,4,pulse,200,4.349679121,4.433878270,4.439767418,1821,550,0.843689433,11.900,55,0,0
4,4,pulse,200,4.349679121,4.440021334,4.445661268,1824,550,0.843689433,11.900,55,0,0
4,4,pulse,200,4.349679121,4.445914060,4.451752702,1828,550,0.843689433,11.900,55,0,0
4,4,pulse,200,4.349679121,4.452004292,4.457710665,1831,550,0.843689433,11.900,55,0,0
4,4,pulse,200,4.349679121,4.457965936,4.463750566,1835,550,0.843689433,11.900,55,0,0
4,4,pulse,200,4.349679121,4.463998850,4.469791550,1838,550,0.843689433,11.900,55,0,0
4,4,pulse,200,4.349679121,4.470044959,4.475805045,1842,650,0.997087512,11.900,55,0,0
4,4,pulse,200,4.349679121,4.476060241,4.481586938,1846,650,0.997087512,11.900,55,0,0
4,4,pulse,200,4.349679121,4.481839885,4.487843140,1849,600,0.920388473,11.900,55,0,0
4,4,pulse,200,4.349679121,4.488094851,4.493665767,1854,600,0.920388473,11.900,55,0,0
4,4,pulse,200,4.349679121,4.493920273,4.499713749,1856,600,0.920388473,11.900,55,0,0
4,4,zero_drive,0,4.349679121,4.511579995,4.517703392,1865,550,0.843689433,11.900,55,0,0
4,4,zero_drive,0,4.349679121,4.517960625,4.523556525,1867,350,0.536893276,11.900,55,0,0
4,4,zero_drive,0,4.349679121,4.523810355,4.529795521,1868,350,0.536893276,11.900,55,0,0
4,4,zero_drive,0,4.349679121,4.530051293,4.535736389,1869,150,0.230097118,11.900,55,0,0
4,4,zero_drive,0,4.349679121,4.535988015,4.541618370,1870,150,0.230097118,11.900,55,0,0
4,4,zero_drive,0,4.349679121,4.541870533,4.547700798,1870,50,0.076699039,11.900,55,0,0
4,4,zero_drive,0,4.349679121,4.547960488,4.553606990,1870,50,0.076699039,11.900,55,0,0
4,4,zero_drive,0,4.349679121,4.553866042,4.559750968,1870,0,0.000000000,11.900,55,0,0
4,4,zero_drive,0,4.349679121,4.560004285,4.565573160,1870,0,0.000000000,11.900,55,0,0
4,4,zero_drive,0,4.349679121,4.565832297,4.571755310,1870,0,0.000000000,11.900,55,0,0
4,4,zero_drive,0,4.349679121,4.572004285,4.577616244,1870,0,0.000000000,11.900,55,0,0
4,4,zero_drive,0,4.349679121,4.577872342,4.583473425,1870,0,0.000000000,11.900,55,0,0
4,4,zero_drive,0,4.349679121,4.583717368,4.589771712,1870,0,0.000000000,11.900,55,0,0
4,4,zero_drive,0,4.349679121,4.590026601,4.595757280,1870,0,0.000000000,11.900,55,0,0
4,4,zero_drive,0,4.349679121,4.596009773,4.601695286,1870,0,0.000000000,11.900,55,0,0
4,4,zero_drive,0,4.349679121,4.601948906,4.607578544,1870,0,0.000000000,11.900,55,0,0
4,4,zero_drive,0,4.349679121,4.607833591,4.613698696,1870,0,0.000000000,11.900,55,0,0
4,4,zero_drive,0,4.349679121,4.613965605,4.619516473,1870,0,0.000000000,11.900,55,0,0
4,4,zero_drive,0,4.349679121,4.619770896,4.625583511,1870,0,0.000000000,11.900,55,0,0
4,4,zero_drive,0,4.349679121,4.625912180,4.631788924,1870,0,0.000000000,11.900,55,0,0
4,4,zero_drive,0,4.349679121,4.632037616,4.637773998,1870,0,0.000000000,11.900,55,0,0
4,4,zero_drive,0,4.349679121,4.638025049,4.643534730,1870,0,0.000000000,11.900,55,0,0
4,4,zero_drive,0,4.349679121,4.643786469,4.649683959,1870,0,0.000000000,11.900,55,0,0
4,4,zero_drive,0,4.349679121,4.649930914,4.655713619,1870,0,0.000000000,11.900,55,0,0
4,4,zero_drive,0,4.349679121,4.656007644,4.661849441,1870,0,0.000000000,11.900,55,0,0
4,4,zero_drive,0,4.349679121,4.662104283,4.667718190,1870,0,0.000000000,11.900,55,0,0
4,4,zero_drive,0,4.349679121,4.667966789,4.673604957,1870,0,0.000000000,11.900,55,0,0
4,4,zero_drive,0,4.349679121,4.673863479,4.679774274,1870,0,0.000000000,11.900,55,0,0
4,4,zero_drive,0,4.349679121,4.680028546,4.685807343,1870,0,0.000000000,11.900,55,0,0
4,4,zero_drive,0,4.349679121,4.686081843,4.692187024,1870,0,0.000000000,11.900,55,0,0
4,4,zero_drive,0,4.349679121,4.692659281,4.697629654,1870,0,0.000000000,11.900,55,0,0
4,4,zero_drive,0,4.349679121,4.697881416,4.703680609,1870,0,0.000000000,11.900,55,0,0
4,4,zero_drive,0,4.349679121,4.703938990,4.709533942,1870,0,0.000000000,11.900,55,0,0
4,4,zero_drive,0,4.349679121,4.709809449,4.715782854,1870,0,0.000000000,11.900,55,0,0
4,4,zero_drive,0,4.349679121,4.716036111,4.721698626,1870,0,0.000000000,11.900,55,0,0
4,4,zero_drive,0,4.349679121,4.721950207,4.727695434,1870,0,0.000000000,11.900,55,0,0
4,4,zero_drive,0,4.349679121,4.727948363,4.733721419,1870,0,0.000000000,11.900,55,0,0
4,4,zero_drive,0,4.349679121,4.733980170,4.739745638,1870,0,0.000000000,11.900,55,0,0
4,4,zero_drive,0,4.349679121,4.740001546,4.745703845,1870,0,0.000000000,11.900,55,0,0
4,4,zero_drive,0,4.349679121,4.745963747,4.751636276,1870,0,0.000000000,11.900,55,0,0
4,4,zero_drive,0,4.349679121,4.751892913,4.757669358,1870,0,0.000000000,11.900,55,0,0
4,4,zero_drive,0,4.349679121,4.757974264,4.763630507,1870,0,0.000000000,11.900,55,0,0
4,4,zero_drive,0,4.349679121,4.763896199,4.769772096,1870,0,0.000000000,11.900,55,0,0
4,4,zero_drive,0,4.349679121,4.770032182,4.775592112,1870,0,0.000000000,11.900,55,0,0
4,4,zero_drive,0,4.349679121,4.775845149,4.781824099,1870,0,0.000000000,11.900,55,0,0
4,4,zero_drive,0,4.349679121,4.782162797,4.787603648,1870,0,0.000000000,11.900,55,0,0
4,4,zero_drive,0,4.349679121,4.787859803,4.793636545,1870,0,0.000000000,11.900,55,0,0
4,4,zero_drive,0,4.349679121,4.793892004,4.799800969,1870,0,0.000000000,11.900,55,0,0
4,4,zero_drive,0,4.349679121,4.800058141,4.805608097,1870,0,0.000000000,11.900,55,0,0
4,4,zero_drive,0,4.349679121,4.805861686,4.811633982,1870,0,0.000000000,11.900,55,0,0
4,4,zero_drive,0,4.349679121,4.811884545,4.817893190,1870,0,0.000000000,11.900,55,0,0
4,4,zero_drive,0,4.349679121,4.818151035,4.823714889,1870,0,0.000000000,11.900,55,0,0
4,4,zero_drive,0,4.349679121,4.823971639,4.829721947,1870,0,0.000000000,11.900,55,0,0
4,4,zero_drive,0,4.349679121,4.829977488,4.835610789,1870,0,0.000000000,11.900,55,0,0
4,4,zero_drive,0,4.349679121,4.835872702,4.841530561,1870,0,0.000000000,11.900,55,0,0
4,4,zero_drive,0,4.349679121,4.841785588,4.847773663,1870,0,0.000000000,11.900,55,0,0
4,4,zero_drive,0,4.349679121,4.848036952,4.853756136,1870,0,0.000000000,11.900,55,0,0
4,4,zero_drive,0,4.349679121,4.854011694,4.859613059,1870,0,0.000000000,11.900,55,0,0
4,4,zero_drive,0,4.349679121,4.859867318,4.865479219,1870,0,0.000000000,11.900,55,0,0
4,4,zero_drive,0,4.349679121,4.865730390,4.871608556,1870,0,0.000000000,11.900,55,0,0
4,4,zero_drive,0,4.349679121,4.871870944,4.877725514,1870,0,0.000000000,11.900,55,0,0
4,4,zero_drive,0,4.349679121,4.877992909,4.884612459,1870,0,0.000000000,11.900,55,0,0
4,4,zero_drive,0,4.349679121,4.884916198,4.889765968,1870,0,0.000000000,11.900,55,0,0
4,4,zero_drive,0,4.349679121,4.890024191,4.895684387,1870,0,0.000000000,11.900,55,0,0
4,4,zero_drive,0,4.349679121,4.895937216,4.901595202,1870,0,0.000000000,11.900,55,0,0
4,4,zero_drive,0,4.349679121,4.901849498,4.907783571,1870,0,0.000000000,11.900,55,0,0
4,4,zero_drive,0,4.349679121,4.908039664,4.913529160,1870,0,0.000000000,11.900,55,0,0
4,4,zero_drive,0,4.349679121,4.913794038,4.919723913,1870,0,0.000000000,11.900,55,0,0
4,4,zero_drive,0,4.349679121,4.919980431,4.925714472,1870,0,0.000000000,11.900,55,0,0
4,4,zero_drive,0,4.349679121,4.925971216,4.931652309,1870,0,0.000000000,11.900,55,0,0
4,4,zero_drive,0,4.349679121,4.931915203,4.937616709,1870,0,0.000000000,11.900,55,0,0
4,4,zero_drive,0,4.349679121,4.937870313,4.943701602,1870,0,0.000000000,11.900,55,0,0
4,4,zero_drive,0,4.349679121,4.944139322,4.949739754,1870,0,0.000000000,11.900,55,0,0
4,4,zero_drive,0,4.349679121,4.949988473,4.955652196,1870,0,0.000000000,11.900,55,0,0
4,4,zero_drive,0,4.349679121,4.955906803,4.961646757,1870,0,0.000000000,11.900,55,0,0
4,4,zero_drive,0,4.349679121,4.961896979,4.967428013,1870,0,0.000000000,11.900,55,0,0
4,4,zero_drive,0,4.349679121,4.967668981,4.973522488,1870,0,0.000000000,11.900,55,0,0
4,4,zero_drive,0,4.349679121,4.973773817,4.979621472,1870,0,0.000000000,11.900,55,0,0
4,4,zero_drive,0,4.349679121,4.979869779,4.985732087,1870,0,0.000000000,11.900,55,0,0
4,4,zero_drive,0,4.349679121,4.985985917,4.991638529,1870,0,0.000000000,11.900,55,0,0
4,4,zero_drive,0,4.349679121,4.991962181,4.997604007,1870,0,0.000000000,11.900,55,0,0
4,4,zero_drive,0,4.349679121,4.997852400,5.003567823,1870,0,0.000000000,11.900,55,0,0
4,4,zero_drive,0,4.349679121,5.003816812,5.009489322,1870,0,0.000000000,11.900,55,0,0
4,4,zero_drive,0,4.349679121,5.009739445,5.015577115,1870,0,0.000000000,11.900,55,0,0
4,4,zero_drive,0,4.349679121,5.015824635,5.021644886,1870,0,0.000000000,11.900,55,0,0
4,4,zero_drive,0,4.349679121,5.021890094,5.027525076,1870,0,0.000000000,11.900,55,0,0
4,4,zero_drive,0,4.349679121,5.027775763,5.033657570,1870,0,0.000000000,11.900,55,0,0
4,4,zero_drive,0,4.349679121,5.033902018,5.039650645,1870,0,0.000000000,11.900,55,0,0
4,4,zero_drive,0,4.349679121,5.039896738,5.045547921,1870,0,0.000000000,11.900,55,0,0
4,4,zero_drive,0,4.349679121,5.045790289,5.051666282,1870,0,0.000000000,11.900,55,0,0
4,4,zero_drive,0,4.349679121,5.051910943,5.057500402,1870,0,0.000000000,11.900,55,0,0
4,4,zero_drive,0,4.349679121,5.057739265,5.063476201,1870,0,0.000000000,11.900,55,0,0
4,4,zero_drive,0,4.349679121,5.063717533,5.069761752,1870,0,0.000000000,11.900,55,0,0
4,4,zero_drive,0,4.349679121,5.070010983,5.076141228,1870,0,0.000000000,11.900,55,0,0
4,4,zero_drive,0,4.349679121,5.076506955,5.081818140,1870,0,0.000000000,11.900,55,0,0
4,4,zero_drive,0,4.349679121,5.082098435,5.087737046,1870,0,0.000000000,11.900,55,0,0
4,4,zero_drive,0,4.349679121,5.088024155,5.093667658,1870,0,0.000000000,11.900,55,0,0
4,4,zero_drive,0,4.349679121,5.093916911,5.099546522,1870,0,0.000000000,11.900,55,0,0
4,4,zero_drive,0,4.349679121,5.099778447,5.105476846,1870,0,0.000000000,11.900,55,0,0
4,4,zero_drive,0,4.349679121,5.105717828,5.111612398,1870,0,0.000000000,11.900,55,0,0
4,4,zero_drive,0,4.349679121,5.111850333,5.117493478,1870,0,0.000000000,11.900,55,0,0
4,4,zero_drive,0,4.349679121,5.117729753,5.123762149,1870,0,0.000000000,11.900,55,0,0
4,4,zero_drive,0,4.349679121,5.123993139,5.129600033,1870,0,0.000000000,11.900,55,0,0
4,4,zero_drive,0,4.349679121,5.129810116,5.135339890,1870,0,0.000000000,11.900,55,0,0
4,4,zero_drive,0,4.349679121,5.135565753,5.141392510,1870,0,0.000000000,11.900,55,0,0
4,4,zero_drive,0,4.349679121,5.141593121,5.147345757,1870,0,0.000000000,11.900,55,0,0
4,4,zero_drive,0,4.349679121,5.147552161,5.153391584,1870,0,0.000000000,11.900,55,0,0
4,4,zero_drive,0,4.349679121,5.153597433,5.159407805,1870,0,0.000000000,11.900,55,0,0
4,4,zero_drive,0,4.349679121,5.159605547,5.165383918,1870,0,0.000000000,11.900,55,0,0
4,4,zero_drive,0,4.349679121,5.165583703,5.171569898,1870,0,0.000000000,11.900,55,0,0
4,4,zero_drive,0,4.349679121,5.171775258,5.177461314,1870,0,0.000000000,11.900,55,0,0
4,4,zero_drive,0,4.349679121,5.177658658,5.183310998,1870,0,0.000000000,11.900,55,0,0
4,4,zero_drive,0,4.349679121,5.183508679,5.189698978,1870,0,0.000000000,11.900,55,0,0
4,4,zero_drive,0,4.349679121,5.189907363,5.195415168,1870,0,0.000000000,11.900,55,0,0
4,4,zero_drive,0,4.349679121,5.195619228,5.201574771,1870,0,0.000000000,11.900,55,0,0
4,4,zero_drive,0,4.349679121,5.201830183,5.207484875,1870,0,0.000000000,11.900,55,0,0
4,4,zero_drive,0,4.349679121,5.207707091,5.213626123,1870,0,0.000000000,11.900,55,0,0
4,4,zero_drive,0,4.349679121,5.213869425,5.219475040,1870,0,0.000000000,11.900,55,0,0
4,4,zero_drive,0,4.349679121,5.219718688,5.225636073,1870,0,0.000000000,11.900,55,0,0
4,4,zero_drive,0,4.349679121,5.225932978,5.231592021,1870,0,0.000000000,11.900,55,0,0
4,4,zero_drive,0,4.349679121,5.231839389,5.237662569,1870,0,0.000000000,11.900,55,0,0
4,4,zero_drive,0,4.349679121,5.237917758,5.243596233,1870,0,0.000000000,11.900,55,0,0
4,4,zero_drive,0,4.349679121,5.243845070,5.249810213,1870,0,0.000000000,11.900,55,0,0
4,4,zero_drive,0,4.349679121,5.250077417,5.255470417,1870,0,0.000000000,11.900,55,0,0
4,4,zero_drive,0,4.349679121,5.255722155,5.261514785,1870,0,0.000000000,11.900,55,0,0
4,4,zero_drive,0,4.349679121,5.261767411,5.267538126,1870,0,0.000000000,11.900,55,0,0
4,4,zero_drive,0,4.349679121,5.267779285,5.273676621,1870,0,0.000000000,11.900,55,0,0
4,4,zero_drive,0,4.349679121,5.273927203,5.279709405,1870,0,0.000000000,11.900,55,0,0
4,4,zero_drive,0,4.349679121,5.279960208,5.285673365,1870,0,0.000000000,11.900,55,0,0
4,4,zero_drive,0,4.349679121,5.285921986,5.291527847,1870,0,0.000000000,11.900,55,0,0
4,4,zero_drive,0,4.349679121,5.291875751,5.297734350,1870,0,0.000000000,11.900,55,0,0
4,4,zero_drive,0,4.349679121,5.297984829,5.303703752,1870,0,0.000000000,11.900,55,0,0
4,4,zero_drive,0,4.349679121,5.303954936,5.309499795,1870,0,0.000000000,11.900,55,0,0
4,4,zero_drive,0,4.349679121,5.309751136,5.315499943,1870,0,0.000000000,11.900,55,0,0
5,0,pulse,25,5.417483125,5.423404875,5.429600358,1696,0,0.000000000,12.100,52,0,0
5,0,pulse,25,5.417483125,5.429853050,5.435660950,1696,0,0.000000000,12.100,52,0,0
5,0,pulse,25,5.417483125,5.435912656,5.441718091,1696,0,0.000000000,12.100,52,0,0
5,0,pulse,25,5.417483125,5.441997477,5.447704219,1696,0,0.000000000,12.100,52,0,0
5,0,pulse,25,5.417483125,5.447949788,5.453633549,1696,0,0.000000000,12.100,52,0,0
5,0,pulse,25,5.417483125,5.453885716,5.459752983,1696,0,0.000000000,12.100,52,0,0
5,0,pulse,25,5.417483125,5.460010630,5.465614025,1696,0,0.000000000,12.100,52,0,0
5,0,pulse,25,5.417483125,5.465857617,5.471650057,1696,0,0.000000000,12.100,52,0,0
5,0,pulse,25,5.417483125,5.471896818,5.477683928,1696,0,0.000000000,12.100,52,0,0
5,0,pulse,25,5.417483125,5.477932493,5.483525731,1696,0,0.000000000,12.100,52,0,0
5,0,pulse,25,5.417483125,5.483765121,5.489742525,1696,0,0.000000000,12.100,52,0,0
5,0,pulse,25,5.417483125,5.489992373,5.495659805,1697,0,0.000000000,12.100,52,0,0
5,0,pulse,25,5.417483125,5.495906305,5.501546779,1697,0,0.000000000,12.100,52,0,0
5,0,pulse,25,5.417483125,5.501820574,5.507636305,1697,50,0.076699039,12.100,52,0,0
5,0,pulse,25,5.417483125,5.507889653,5.513481432,1697,50,0.076699039,12.100,52,0,0
5,0,pulse,25,5.417483125,5.513733701,5.519465641,1697,0,0.000000000,12.100,52,0,0
5,0,pulse,25,5.417483125,5.519717954,5.525647648,1697,0,0.000000000,12.100,52,0,0
5,0,pulse,25,5.417483125,5.525910999,5.531656689,1698,100,0.153398079,12.100,52,0,0
5,0,pulse,25,5.417483125,5.531902684,5.537714911,1698,100,0.153398079,12.100,52,0,0
5,0,pulse,25,5.417483125,5.537969699,5.543513706,1698,0,0.000000000,12.100,52,0,0
5,0,pulse,25,5.417483125,5.543761152,5.549681397,1699,0,0.000000000,12.100,52,1,0
5,0,pulse,25,5.417483125,5.549931018,5.555712995,1699,100,0.153398079,12.100,52,1,0
5,0,pulse,25,5.417483125,5.555964826,5.561700577,1699,100,0.153398079,12.100,52,0,0
5,0,pulse,25,5.417483125,5.561950798,5.567490907,1700,0,0.000000000,12.100,52,0,0
5,0,zero_drive,0,5.417483125,5.579512312,5.585671683,1700,50,0.076699039,12.100,52,0,0
5,0,zero_drive,0,5.417483125,5.585930007,5.591607911,1700,0,0.000000000,12.100,52,0,0
5,0,zero_drive,0,5.417483125,5.591856851,5.597643532,1700,0,0.000000000,12.100,52,0,0
5,0,zero_drive,0,5.417483125,5.597905428,5.603529355,1700,0,0.000000000,12.100,52,0,0
5,0,zero_drive,0,5.417483125,5.603780917,5.609662844,1700,0,0.000000000,12.100,52,0,0
5,0,zero_drive,0,5.417483125,5.609917970,5.615573364,1700,0,0.000000000,12.100,52,0,0
5,0,zero_drive,0,5.417483125,5.615818077,5.621606474,1700,0,0.000000000,12.100,52,0,0
5,0,zero_drive,0,5.417483125,5.621858675,5.627530692,1700,0,0.000000000,12.100,52,0,0
5,0,zero_drive,0,5.417483125,5.627835042,5.633567741,1700,0,0.000000000,12.100,52,0,0
5,0,zero_drive,0,5.417483125,5.633816837,5.639483593,1700,0,0.000000000,12.100,52,0,0
5,0,zero_drive,0,5.417483125,5.639811152,5.645447502,1700,0,0.000000000,12.100,52,0,0
5,0,zero_drive,0,5.417483125,5.645707031,5.651442647,1700,0,0.000000000,12.100,52,0,0
5,0,zero_drive,0,5.417483125,5.651691616,5.657558985,1700,0,0.000000000,12.100,52,0,0
5,0,zero_drive,0,5.417483125,5.657806583,5.663695212,1700,0,0.000000000,12.100,52,0,0
5,0,zero_drive,0,5.417483125,5.663955657,5.669606066,1700,0,0.000000000,12.100,52,0,0
5,0,zero_drive,0,5.417483125,5.669857866,5.675669798,1700,0,0.000000000,12.100,52,0,0
5,0,zero_drive,0,5.417483125,5.675962562,5.681693865,1700,0,0.000000000,12.100,52,0,0
5,0,zero_drive,0,5.417483125,5.681980571,5.687669435,1700,0,0.000000000,12.100,52,0,0
5,0,zero_drive,0,5.417483125,5.687921619,5.693601272,1700,0,0.000000000,12.100,52,0,0
5,0,zero_drive,0,5.417483125,5.693853276,5.699627942,1700,0,0.000000000,12.100,52,0,0
5,0,zero_drive,0,5.417483125,5.699878563,5.705612161,1700,0,0.000000000,12.100,52,0,0
5,0,zero_drive,0,5.417483125,5.705863701,5.711562017,1700,0,0.000000000,12.100,52,0,0
5,0,zero_drive,0,5.417483125,5.711837344,5.717391971,1700,0,0.000000000,12.100,52,0,0
5,0,zero_drive,0,5.417483125,5.717633547,5.723553849,1700,0,0.000000000,12.100,52,0,0
5,0,zero_drive,0,5.417483125,5.723802782,5.729597204,1700,0,0.000000000,12.100,52,0,0
5,0,zero_drive,0,5.417483125,5.729847740,5.735524345,1700,0,0.000000000,12.100,52,0,0
5,0,zero_drive,0,5.417483125,5.735818684,5.741417075,1700,0,0.000000000,12.100,52,0,0
5,0,zero_drive,0,5.417483125,5.741668277,5.747662504,1700,0,0.000000000,12.100,52,0,0
5,0,zero_drive,0,5.417483125,5.747911793,5.753411844,1700,0,0.000000000,12.100,52,0,0
5,0,zero_drive,0,5.417483125,5.753664486,5.759681776,1700,0,0.000000000,12.100,52,0,0
5,0,zero_drive,0,5.417483125,5.759931500,5.765473257,1700,0,0.000000000,12.100,52,0,0
5,0,zero_drive,0,5.417483125,5.765720142,5.771659721,1700,0,0.000000000,12.100,52,0,0
5,0,zero_drive,0,5.417483125,5.771909258,5.777560465,1700,0,0.000000000,12.100,52,1,0
5,0,zero_drive,0,5.417483125,5.777815941,5.783444433,1700,0,0.000000000,12.100,52,1,0
5,0,zero_drive,0,5.417483125,5.783692414,5.789503222,1700,0,0.000000000,12.100,52,0,0
5,0,zero_drive,0,5.417483125,5.789752642,5.795677847,1700,0,0.000000000,12.100,52,0,0
5,0,zero_drive,0,5.417483125,5.795933183,5.801405038,1700,0,0.000000000,12.100,52,0,0
5,0,zero_drive,0,5.417483125,5.801761151,5.807662590,1700,0,0.000000000,12.100,52,0,0
5,0,zero_drive,0,5.417483125,5.807918490,5.813594300,1700,0,0.000000000,12.100,52,0,0
5,0,zero_drive,0,5.417483125,5.813847211,5.819534423,1700,0,0.000000000,12.100,52,0,0
5,0,zero_drive,0,5.417483125,5.819787346,5.825634789,1700,0,0.000000000,12.100,52,0,0
5,0,zero_drive,0,5.417483125,5.825891650,5.831618423,1700,0,0.000000000,12.100,52,0,0
5,0,zero_drive,0,5.417483125,5.831870531,5.837542500,1700,0,0.000000000,12.100,52,0,0
5,0,zero_drive,0,5.417483125,5.837799463,5.843548968,1700,0,0.000000000,12.100,52,0,0
5,0,zero_drive,0,5.417483125,5.843804782,5.849581447,1700,0,0.000000000,12.100,52,0,0
5,0,zero_drive,0,5.417483125,5.849829817,5.855453029,1700,0,0.000000000,12.100,52,0,0
5,0,zero_drive,0,5.417483125,5.855705949,5.861482918,1700,0,0.000000000,12.100,52,0,0
5,0,zero_drive,0,5.417483125,5.861738544,5.867382772,1700,0,0.000000000,12.100,52,0,0
5,0,zero_drive,0,5.417483125,5.867627505,5.873604889,1700,0,0.000000000,12.100,52,0,0
5,0,zero_drive,0,5.417483125,5.873854934,5.879402835,1700,0,0.000000000,12.100,52,0,0
5,0,zero_drive,0,5.417483125,5.879655332,5.885510039,1700,0,0.000000000,12.100,52,0,0
5,0,zero_drive,0,5.417483125,5.885766742,5.891752812,1700,0,0.000000000,12.100,52,0,0
5,0,zero_drive,0,5.417483125,5.892063498,5.897547441,1700,0,0.000000000,12.100,52,0,0
5,0,zero_drive,0,5.417483125,5.897800087,5.903426349,1700,0,0.000000000,12.100,52,0,0
5,0,zero_drive,0,5.417483125,5.903678010,5.909504440,1700,0,0.000000000,12.100,52,0,0
5,0,zero_drive,0,5.417483125,5.909757891,5.915413305,1700,0,0.000000000,12.100,52,0,0
5,0,zero_drive,0,5.417483125,5.915694817,5.921578792,1700,0,0.000000000,12.100,52,0,0
5,0,zero_drive,0,5.417483125,5.921830792,5.927422132,1700,0,0.000000000,12.100,52,0,0
5,0,zero_drive,0,5.417483125,5.927776902,5.933569554,1700,0,0.000000000,12.100,52,0,0
5,0,zero_drive,0,5.417483125,5.933814448,5.939562204,1700,0,0.000000000,12.100,52,0,0
5,0,zero_drive,0,5.417483125,5.939813047,5.945560005,1700,0,0.000000000,12.100,52,0,0
5,0,zero_drive,0,5.417483125,5.945809167,5.951521173,1700,0,0.000000000,12.100,52,0,0
5,0,zero_drive,0,5.417483125,5.951860821,5.957594569,1700,0,0.000000000,12.100,52,0,0
5,0,zero_drive,0,5.417483125,5.957847535,5.963685763,1700,0,0.000000000,12.100,52,0,0
5,0,zero_drive,0,5.417483125,5.963942527,5.969616784,1700,0,0.000000000,12.100,52,0,0
5,0,zero_drive,0,5.417483125,5.969866305,5.975621336,1700,0,0.000000000,12.100,52,0,0
5,0,zero_drive,0,5.417483125,5.975870455,5.981571627,1700,0,0.000000000,12.100,52,0,0
5,0,zero_drive,0,5.417483125,5.981823854,5.987469737,1700,0,0.000000000,12.100,52,0,0
5,0,zero_drive,0,5.417483125,5.987729382,5.993426233,1700,0,0.000000000,12.100,52,0,0
5,0,zero_drive,0,5.417483125,5.993682215,5.999492392,1700,0,0.000000000,12.100,52,0,0
5,0,zero_drive,0,5.417483125,5.999740524,6.005576809,1700,0,0.000000000,12.100,52,0,0
5,0,zero_drive,0,5.417483125,6.005829243,6.011483144,1700,0,0.000000000,12.100,52,0,0
5,0,zero_drive,0,5.417483125,6.011737016,6.017534166,1700,0,0.000000000,12.100,52,0,0
5,0,zero_drive,0,5.417483125,6.017780685,6.023624431,1700,0,0.000000000,12.100,52,0,0
5,0,zero_drive,0,5.417483125,6.023877081,6.029532818,1700,0,0.000000000,12.100,52,0,0
5,0,zero_drive,0,5.417483125,6.029788264,6.035412064,1700,0,0.000000000,12.100,52,0,0
5,0,zero_drive,0,5.417483125,6.035670150,6.041588576,1700,0,0.000000000,12.100,52,0,0
5,0,zero_drive,0,5.417483125,6.041854716,6.047462431,1700,0,0.000000000,12.100,52,0,0
5,0,zero_drive,0,5.417483125,6.047716323,6.053550781,1700,0,0.000000000,12.100,52,0,0
5,0,zero_drive,0,5.417483125,6.053798708,6.059492871,1700,0,0.000000000,12.100,52,0,0
5,0,zero_drive,0,5.417483125,6.059754824,6.065568111,1700,0,0.000000000,12.100,52,0,0
5,0,zero_drive,0,5.417483125,6.065817256,6.071472044,1700,0,0.000000000,12.100,52,0,0
5,0,zero_drive,0,5.417483125,6.071725939,6.077645881,1700,0,0.000000000,12.100,52,1,0
5,0,zero_drive,0,5.417483125,6.077903209,6.083474286,1700,0,0.000000000,12.100,52,1,0
5,0,zero_drive,0,5.417483125,6.083719760,6.089440727,1700,0,0.000000000,12.100,52,0,0
5,0,zero_drive,0,5.417483125,6.089689346,6.095599625,1700,0,0.000000000,12.100,52,0,0
5,0,zero_drive,0,5.417483125,6.095849003,6.101548269,1700,0,0.000000000,12.100,52,0,0
5,0,zero_drive,0,5.417483125,6.101799331,6.107387506,1700,0,0.000000000,12.100,52,0,0
5,0,zero_drive,0,5.417483125,6.107638704,6.113543035,1700,0,0.000000000,12.100,52,0,0
5,0,zero_drive,0,5.417483125,6.113797747,6.119579890,1700,0,0.000000000,12.100,52,0,0
5,0,zero_drive,0,5.417483125,6.119834396,6.125538586,1700,0,0.000000000,12.100,52,0,0
5,0,zero_drive,0,5.417483125,6.125788475,6.131585736,1700,0,0.000000000,12.100,52,0,0
5,0,zero_drive,0,5.417483125,6.131841958,6.137509803,1700,0,0.000000000,12.100,52,0,0
5,0,zero_drive,0,5.417483125,6.137762716,6.143407454,1700,0,0.000000000,12.100,52,0,0
5,0,zero_drive,0,5.417483125,6.143659796,6.149495253,1700,0,0.000000000,12.100,52,0,0
5,0,zero_drive,0,5.417483125,6.149739405,6.155567929,1700,0,0.000000000,12.100,52,0,0
5,0,zero_drive,0,5.417483125,6.155817174,6.161529017,1700,0,0.000000000,12.100,52,0,0
5,0,zero_drive,0,5.417483125,6.161781240,6.167385321,1700,0,0.000000000,12.100,52,0,0
5,0,zero_drive,0,5.417483125,6.167630353,6.173524507,1700,0,0.000000000,12.100,52,0,0
5,0,zero_drive,0,5.417483125,6.173777894,6.179538591,1700,0,0.000000000,12.100,52,0,0
5,0,zero_drive,0,5.417483125,6.179792532,6.185477281,1700,0,0.000000000,12.100,52,0,0
5,0,zero_drive,0,5.417483125,6.185728354,6.191515131,1700,0,0.000000000,12.100,52,0,0
5,0,zero_drive,0,5.417483125,6.191865625,6.197622042,1700,0,0.000000000,12.100,52,0,0
5,0,zero_drive,0,5.417483125,6.197878707,6.203458151,1700,0,0.000000000,12.100,52,0,0
5,0,zero_drive,0,5.417483125,6.203710174,6.209630127,1700,0,0.000000000,12.100,52,0,0
5,0,zero_drive,0,5.417483125,6.209950352,6.215576860,1700,0,0.000000000,12.100,52,0,0
5,0,zero_drive,0,5.417483125,6.215823714,6.221564684,1700,0,0.000000000,12.100,52,0,0
5,0,zero_drive,0,5.417483125,6.221811594,6.227409747,1700,0,0.000000000,12.100,52,0,0
5,0,zero_drive,0,5.417483125,6.227667720,6.233557385,1700,0,0.000000000,12.100,52,0,0
5,0,zero_drive,0,5.417483125,6.233806177,6.239642507,1700,0,0.000000000,12.100,52,0,0
5,0,zero_drive,0,5.417483125,6.239896038,6.245480754,1700,0,0.000000000,12.100,52,0,0
5,0,zero_drive,0,5.417483125,6.245723368,6.251718031,1700,0,0.000000000,12.100,52,0,0
5,0,zero_drive,0,5.417483125,6.251966822,6.257458871,1700,0,0.000000000,12.100,52,0,0
5,0,zero_drive,0,5.417483125,6.257716751,6.263329286,1700,0,0.000000000,12.100,52,0,0
5,0,zero_drive,0,5.417483125,6.263572655,6.269551211,1700,0,0.000000000,12.100,52,0,0
5,0,zero_drive,0,5.417483125,6.269798118,6.275463352,1700,0,0.000000000,12.100,52,0,0
5,0,zero_drive,0,5.417483125,6.275711391,6.281375963,1700,0,0.000000000,12.100,52,0,0
5,0,zero_drive,0,5.417483125,6.281609459,6.287660033,1700,0,0.000000000,12.100,52,0,0
5,0,zero_drive,0,5.417483125,6.287908684,6.293498277,1700,0,0.000000000,12.100,52,0,0
5,0,zero_drive,0,5.417483125,6.293746762,6.299383690,1700,0,0.000000000,12.100,52,0,0
5,0,zero_drive,0,5.417483125,6.299621112,6.305531672,1700,0,0.000000000,12.100,52,0,0
5,0,zero_drive,0,5.417483125,6.305772097,6.311534409,1700,0,0.000000000,12.100,52,0,0
5,0,zero_drive,0,5.417483125,6.311771211,6.317660177,1700,0,0.000000000,12.100,52,0,0
5,0,zero_drive,0,5.417483125,6.317909786,6.323544142,1700,0,0.000000000,12.100,52,0,0
5,0,zero_drive,0,5.417483125,6.323805446,6.329476186,1700,0,0.000000000,12.100,52,0,0
5,0,zero_drive,0,5.417483125,6.329721846,6.335766332,1700,0,0.000000000,12.100,52,0,0
5,0,zero_drive,0,5.417483125,6.336013712,6.341471349,1700,0,0.000000000,12.100,52,0,0
5,0,zero_drive,0,5.417483125,6.341711829,6.347503308,1700,0,0.000000000,12.100,52,0,0
5,0,zero_drive,0,5.417483125,6.347748121,6.353446833,1700,0,0.000000000,12.100,52,0,0
5,0,zero_drive,0,5.417483125,6.353696825,6.359329026,1700,0,0.000000000,12.100,52,0,0
5,0,zero_drive,0,5.417483125,6.359576012,6.365335629,1700,0,0.000000000,12.100,52,0,0
5,0,zero_drive,0,5.417483125,6.365583309,6.371535441,1700,0,0.000000000,12.100,52,0,0
5,0,zero_drive,0,5.417483125,6.371786362,6.377407246,1700,0,0.000000000,12.100,52,0,0
5,0,zero_drive,0,5.417483125,6.377652109,6.383525937,1700,0,0.000000000,12.100,52,0,0
5,1,pulse,50,6.395549836,6.401232102,6.407386561,1700,0,0.000000000,12.100,52,0,0
5,1,pulse,50,6.395549836,6.407641679,6.413576476,1700,0,0.000000000,12.100,52,2,0
5,1,pulse,50,6.395549836,6.413829972,6.419758766,1700,0,0.000000000,12.100,52,2,0
5,1,pulse,50,6.395549836,6.420044361,6.425511134,1700,0,0.000000000,12.100,52,2,0
5,1,pulse,50,6.395549836,6.425764765,6.431437869,1700,0,0.000000000,12.100,52,2,0
5,1,pulse,50,6.395549836,6.431692093,6.437412840,1701,0,0.000000000,12.100,52,1,0
5,1,pulse,50,6.395549836,6.437666578,6.443553456,1701,100,0.153398079,12.100,52,1,0
5,1,pulse,50,6.395549836,6.443807569,6.449427433,1702,100,0.153398079,12.100,52,1,0
5,1,pulse,50,6.395549836,6.449677001,6.455509860,1703,50,0.076699039,12.100,52,1,0
5,1,pulse,50,6.395549836,6.455766680,6.461545365,1703,50,0.076699039,12.100,52,1,0
5,1,pulse,50,6.395549836,6.461801122,6.467648588,1704,100,0.153398079,12.100,52,1,0
5,1,pulse,50,6.395549836,6.467902939,6.473515785,1705,100,0.153398079,12.100,52,1,0
5,1,pulse,50,6.395549836,6.473767480,6.479367616,1705,150,0.230097118,12.100,52,1,0
5,1,pulse,50,6.395549836,6.479619335,6.485341555,1706,150,0.230097118,12.100,52,1,0
5,1,pulse,50,6.395549836,6.485594243,6.491459013,1707,150,0.230097118,12.100,52,1,0
5,1,pulse,50,6.395549836,6.491710250,6.497503110,1708,150,0.230097118,12.100,52,1,0
5,1,pulse,50,6.395549836,6.497762854,6.503341000,1708,150,0.230097118,12.100,52,1,0
5,1,pulse,50,6.395549836,6.503599371,6.509485434,1709,150,0.230097118,12.100,52,1,0
5,1,pulse,50,6.395549836,6.509738969,6.515339860,1710,150,0.230097118,12.100,52,1,0
5,1,pulse,50,6.395549836,6.515651754,6.521575600,1711,150,0.230097118,12.100,52,1,0
5,1,pulse,50,6.395549836,6.521828961,6.527517469,1712,100,0.153398079,12.100,52,1,0
5,1,pulse,50,6.395549836,6.527781357,6.533483175,1712,100,0.153398079,12.100,52,1,0
5,1,pulse,50,6.395549836,6.533733198,6.539447527,1713,150,0.230097118,12.100,52,1,0
5,1,pulse,50,6.395549836,6.539702875,6.545597553,1714,150,0.230097118,12.100,52,1,0
5,1,zero_drive,0,6.395549836,6.557476308,6.563546470,1716,100,0.153398079,12.100,52,0,0
5,1,zero_drive,0,6.395549836,6.563799786,6.569414732,1716,100,0.153398079,12.100,52,0,0
5,1,zero_drive,0,6.395549836,6.569672537,6.575384453,1717,0,0.000000000,12.100,52,0,0
5,1,zero_drive,0,6.395549836,6.575639180,6.581429060,1717,0,0.000000000,12.100,52,0,0
5,1,zero_drive,0,6.395549836,6.581679880,6.587521598,1717,50,0.076699039,12.100,52,0,0
5,1,zero_drive,0,6.395549836,6.587780632,6.593516729,1717,50,0.076699039,12.100,52,0,0
5,1,zero_drive,0,6.395549836,6.593775069,6.599559615,1717,0,0.000000000,12.100,52,0,0
5,1,zero_drive,0,6.395549836,6.599807155,6.605503216,1717,0,0.000000000,12.100,52,0,0
5,1,zero_drive,0,6.395549836,6.605753249,6.611376319,1717,0,0.000000000,12.100,52,0,0
5,1,zero_drive,0,6.395549836,6.611627935,6.617387129,1717,0,0.000000000,12.100,52,0,0
5,1,zero_drive,0,6.395549836,6.617643926,6.623467093,1717,0,0.000000000,12.100,52,0,0
5,1,zero_drive,0,6.395549836,6.623714113,6.629573336,1717,0,0.000000000,12.100,52,0,0
5,1,zero_drive,0,6.395549836,6.629824407,6.635542729,1717,0,0.000000000,12.100,52,0,0
5,1,zero_drive,0,6.395549836,6.635885527,6.641344179,1717,0,0.000000000,12.100,52,0,0
5,1,zero_drive,0,6.395549836,6.641586987,6.647461100,1717,0,0.000000000,12.100,52,0,0
5,1,zero_drive,0,6.395549836,6.647703701,6.653338413,1717,0,0.000000000,12.100,52,0,0
5,1,zero_drive,0,6.395549836,6.653596557,6.659453225,1717,0,0.000000000,12.100,52,0,0
5,1,zero_drive,0,6.395549836,6.659702892,6.665473330,1717,0,0.000000000,12.100,52,0,0
5,1,zero_drive,0,6.395549836,6.665718036,6.671392025,1717,0,0.000000000,12.100,52,0,0
5,1,zero_drive,0,6.395549836,6.671638060,6.677513885,1717,0,0.000000000,12.100,52,0,0
5,1,zero_drive,0,6.395549836,6.677762790,6.683455084,1717,0,0.000000000,12.100,52,0,0
5,1,zero_drive,0,6.395549836,6.683701912,6.689387129,1717,0,0.000000000,12.100,52,0,0
5,1,zero_drive,0,6.395549836,6.689638350,6.695651725,1717,0,0.000000000,12.100,52,0,0
5,1,zero_drive,0,6.395549836,6.695899717,6.701443338,1717,0,0.000000000,12.100,52,1,0
5,1,zero_drive,0,6.395549836,6.701740858,6.707490440,1717,0,0.000000000,12.100,52,1,0
5,1,zero_drive,0,6.395549836,6.707741576,6.713591462,1717,0,0.000000000,12.100,52,0,0
5,1,zero_drive,0,6.395549836,6.713851989,6.719485775,1717,0,0.000000000,12.100,52,0,0
5,1,zero_drive,0,6.395549836,6.719742091,6.725540190,1717,0,0.000000000,12.100,52,0,0
5,1,zero_drive,0,6.395549836,6.725789816,6.731474521,1717,0,0.000000000,12.100,52,0,0
5,1,zero_drive,0,6.395549836,6.731723962,6.737408710,1717,0,0.000000000,12.100,52,0,0
5,1,zero_drive,0,6.395549836,6.737661455,6.743467952,1717,0,0.000000000,12.100,52,0,0
5,1,zero_drive,0,6.395549836,6.743721256,6.749418031,1717,0,0.000000000,12.100,52,0,0
5,1,zero_drive,0,6.395549836,6.749669313,6.755573777,1717,0,0.000000000,12.100,52,0,0
5,1,zero_drive,0,6.395549836,6.755825483,6.761571650,1717,0,0.000000000,12.100,52,0,0
5,1,zero_drive,0,6.395549836,6.761829206,6.767500007,1717,0,0.000000000,12.100,52,0,0
5,1,zero_drive,0,6.395549836,6.767749735,6.773383025,1717,0,0.000000000,12.100,52,0,0
5,1,zero_drive,0,6.395549836,6.773632882,6.779474191,1717,0,0.000000000,12.100,52,0,0
5,1,zero_drive,0,6.395549836,6.779724920,6.785432595,1717,0,0.000000000,12.100,52,0,0
5,1,zero_drive,0,6.395549836,6.785685411,6.791483944,1717,0,0.000000000,12.100,52,0,0
5,1,zero_drive,0,6.395549836,6.791740868,6.797346905,1717,0,0.000000000,12.100,52,0,0
5,1,zero_drive,0,6.395549836,6.797613312,6.803398430,1717,0,0.000000000,12.100,52,0,0
5,1,zero_drive,0,6.395549836,6.803654032,6.809596113,1717,0,0.000000000,12.100,52,0,0
5,1,zero_drive,0,6.395549836,6.809846240,6.815454464,1717,0,0.000000000,12.100,52,0,0
5,1,zero_drive,0,6.395549836,6.815743832,6.821359047,1717,0,0.000000000,12.100,52,0,0
5,1,zero_drive,0,6.395549836,6.821681100,6.827424489,1717,0,0.000000000,12.100,52,0,0
5,1,zero_drive,0,6.395549836,6.827677970,6.833512358,1717,0,0.000000000,12.100,52,0,0
5,1,zero_drive,0,6.395549836,6.833756965,6.839348615,1717,0,0.000000000,12.100,52,0,0
5,1,zero_drive,0,6.395549836,6.839601115,6.845581917,1717,0,0.000000000,12.100,52,0,0
5,1,zero_drive,0,6.395549836,6.845833937,6.851332035,1717,0,0.000000000,12.100,52,0,0
5,1,zero_drive,0,6.395549836,6.851655558,6.857411524,1717,0,0.000000000,12.100,52,0,0
5,1,zero_drive,0,6.395549836,6.857668850,6.863384434,1717,0,0.000000000,12.100,52,0,0
5,1,zero_drive,0,6.395549836,6.863645314,6.869430209,1717,0,0.000000000,12.100,52,0,0
5,1,zero_drive,0,6.395549836,6.869683694,6.875702351,1717,0,0.000000000,12.100,52,0,0
5,1,zero_drive,0,6.395549836,6.875958423,6.881473509,1717,0,0.000000000,12.100,52,0,0
5,1,zero_drive,0,6.395549836,6.881721946,6.887316569,1717,0,0.000000000,12.100,52,0,0
5,1,zero_drive,0,6.395549836,6.887567177,6.893457187,1717,0,0.000000000,12.100,52,0,0
5,1,zero_drive,0,6.395549836,6.893711069,6.899293347,1717,0,0.000000000,12.100,52,0,0
5,1,zero_drive,0,6.395549836,6.899543354,6.905458284,1717,0,0.000000000,12.100,52,0,0
5,1,zero_drive,0,6.395549836,6.905712546,6.911360096,1717,0,0.000000000,12.100,52,0,0
5,1,zero_drive,0,6.395549836,6.911651715,6.917301454,1717,0,0.000000000,12.100,52,0,0
5,1,zero_drive,0,6.395549836,6.917557927,6.923424279,1717,0,0.000000000,12.100,52,0,0
5,1,zero_drive,0,6.395549836,6.923674745,6.929472635,1717,0,0.000000000,12.100,52,1,0
5,1,zero_drive,0,6.395549836,6.929723862,6.935489308,1717,0,0.000000000,12.100,52,1,0
5,1,zero_drive,0,6.395549836,6.935740698,6.941394154,1717,0,0.000000000,12.100,52,0,0
5,1,zero_drive,0,6.395549836,6.941639974,6.947468941,1717,0,0.000000000,12.100,52,0,0
5,1,zero_drive,0,6.395549836,6.947716034,6.953462032,1717,0,0.000000000,12.100,52,0,0
5,1,zero_drive,0,6.395549836,6.953725261,6.959390524,1717,0,0.000000000,12.100,52,0,0
5,1,zero_drive,0,6.395549836,6.959653494,6.965571687,1717,0,0.000000000,12.100,52,0,0
5,1,zero_drive,0,6.395549836,6.965822974,6.971330827,1717,0,0.000000000,12.100,52,0,0
5,1,zero_drive,0,6.395549836,6.971582614,6.977462558,1717,0,0.000000000,12.100,52,0,0
5,1,zero_drive,0,6.395549836,6.977715616,6.983377041,1717,0,0.000000000,12.100,52,0,0
5,1,zero_drive,0,6.395549836,6.983627187,6.989471159,1717,0,0.000000000,12.100,52,1,0
5,1,zero_drive,0,6.395549836,6.989718635,6.995310689,1717,0,0.000000000,12.100,52,1,0
5,1,zero_drive,0,6.395549836,6.995559545,7.001457314,1717,0,0.000000000,12.100,52,0,0
5,1,zero_drive,0,6.395549836,7.001736699,7.007438279,1717,0,0.000000000,12.100,52,0,0
5,1,zero_drive,0,6.395549836,7.007697579,7.013347131,1717,0,0.000000000,12.100,52,0,0
5,1,zero_drive,0,6.395549836,7.013597896,7.019477964,1717,0,0.000000000,12.100,52,0,0
5,1,zero_drive,0,6.395549836,7.019745446,7.025758663,1717,0,0.000000000,12.100,52,0,0
5,1,zero_drive,0,6.395549836,7.026052439,7.031385069,1717,0,0.000000000,12.100,52,0,0
5,1,zero_drive,0,6.395549836,7.031633513,7.037681906,1717,0,0.000000000,12.100,52,0,0
5,1,zero_drive,0,6.395549836,7.037938736,7.043481108,1717,0,0.000000000,12.100,52,0,0
5,1,zero_drive,0,6.395549836,7.043734402,7.049319272,1717,0,0.000000000,12.100,52,0,0
5,1,zero_drive,0,6.395549836,7.049564941,7.055485552,1717,0,0.000000000,12.100,52,0,0
5,1,zero_drive,0,6.395549836,7.055737914,7.061552676,1717,0,0.000000000,12.100,52,0,0
5,1,zero_drive,0,6.395549836,7.061856768,7.067567704,1717,0,0.000000000,12.100,52,0,0
5,1,zero_drive,0,6.395549836,7.067839804,7.073454270,1717,0,0.000000000,12.100,52,0,0
5,1,zero_drive,0,6.395549836,7.073707749,7.079323413,1717,0,0.000000000,12.100,52,0,0
5,1,zero_drive,0,6.395549836,7.079574538,7.085601659,1717,0,0.000000000,12.100,52,0,0
5,1,zero_drive,0,6.395549836,7.085856527,7.091440142,1717,0,0.000000000,12.100,52,0,0
5,1,zero_drive,0,6.395549836,7.091699880,7.097332657,1717,0,0.000000000,12.100,52,0,0
5,1,zero_drive,0,6.395549836,7.097586857,7.103470836,1717,0,0.000000000,12.100,52,0,0
5,1,zero_drive,0,6.395549836,7.103793256,7.109457920,1717,0,0.000000000,12.100,52,0,0
5,1,zero_drive,0,6.395549836,7.109715034,7.115345178,1717,0,0.000000000,12.100,52,0,0
5,1,zero_drive,0,6.395549836,7.115648874,7.121498862,1717,0,0.000000000,12.100,52,1,0
5,1,zero_drive,0,6.395549836,7.121751051,7.127370196,1717,0,0.000000000,12.100,52,1,0
5,1,zero_drive,0,6.395549836,7.127624198,7.133428498,1717,0,0.000000000,12.100,52,0,0
5,1,zero_drive,0,6.395549836,7.133672346,7.139356833,1717,0,0.000000000,12.100,52,0,0
5,1,zero_drive,0,6.395549836,7.139609128,7.145348642,1717,0,0.000000000,12.100,52,0,0
5,1,zero_drive,0,6.395549836,7.145599371,7.151392997,1717,0,0.000000000,12.100,52,0,0
5,1,zero_drive,0,6.395549836,7.151735007,7.157442667,1717,0,0.000000000,12.100,52,0,0
5,1,zero_drive,0,6.395549836,7.157697077,7.163512116,1717,0,0.000000000,12.100,52,0,0
5,1,zero_drive,0,6.395549836,7.163775692,7.169383455,1717,0,0.000000000,12.100,52,1,0
5,1,zero_drive,0,6.395549836,7.169631239,7.175481386,1717,0,0.000000000,12.100,52,1,0
5,1,zero_drive,0,6.395549836,7.175728619,7.181359673,1717,0,0.000000000,12.100,52,0,0
5,1,zero_drive,0,6.395549836,7.181610095,7.187471219,1717,0,0.000000000,12.100,52,0,0
5,1,zero_drive,0,6.395549836,7.187722523,7.193387110,1717,0,0.000000000,12.100,52,0,0
5,1,zero_drive,0,6.395549836,7.193640196,7.199267179,1717,0,0.000000000,12.100,52,0,0
5,1,zero_drive,0,6.395549836,7.199512812,7.205389799,1717,0,0.000000000,12.100,52,0,0
5,1,zero_drive,0,6.395549836,7.205641805,7.211343424,1717,0,0.000000000,12.100,52,0,0
5,1,zero_drive,0,6.395549836,7.211622004,7.217478124,1717,0,0.000000000,12.100,52,0,0
5,1,zero_drive,0,6.395549836,7.217723529,7.223483802,1717,0,0.000000000,12.100,52,0,0
5,1,zero_drive,0,6.395549836,7.223734214,7.229481687,1717,0,0.000000000,12.100,52,0,0
5,1,zero_drive,0,6.395549836,7.229731073,7.235529379,1717,0,0.000000000,12.100,52,0,0
5,1,zero_drive,0,6.395549836,7.235914073,7.241328584,1717,0,0.000000000,12.100,52,0,0
5,1,zero_drive,0,6.395549836,7.241580291,7.247454130,1717,0,0.000000000,12.100,52,0,0
5,1,zero_drive,0,6.395549836,7.247712533,7.253543325,1717,0,0.000000000,12.100,52,0,0
5,1,zero_drive,0,6.395549836,7.253798537,7.259478247,1717,0,0.000000000,12.100,52,0,0
5,1,zero_drive,0,6.395549836,7.259731434,7.265468395,1717,0,0.000000000,12.100,52,0,0
5,1,zero_drive,0,6.395549836,7.265720529,7.271434659,1717,0,0.000000000,12.100,52,0,0
5,1,zero_drive,0,6.395549836,7.271685650,7.277411424,1717,0,0.000000000,12.100,52,1,0
5,1,zero_drive,0,6.395549836,7.277704284,7.283361825,1717,0,0.000000000,12.100,52,1,0
5,1,zero_drive,0,6.395549836,7.283604989,7.289474877,1717,0,0.000000000,12.100,52,0,0
5,1,zero_drive,0,6.395549836,7.289725069,7.295533357,1717,0,0.000000000,12.100,52,0,0
5,1,zero_drive,0,6.395549836,7.295783329,7.301536022,1717,0,0.000000000,12.100,52,0,0
5,1,zero_drive,0,6.395549836,7.301840112,7.307256127,1717,0,0.000000000,12.100,52,0,0
5,1,zero_drive,0,6.395549836,7.307509495,7.313361891,1717,0,0.000000000,12.100,52,0,0
5,1,zero_drive,0,6.395549836,7.313612199,7.319534256,1717,0,0.000000000,12.100,52,0,0
5,1,zero_drive,0,6.395549836,7.319840337,7.325417997,1717,0,0.000000000,12.100,52,0,0
5,1,zero_drive,0,6.395549836,7.325672340,7.331284078,1717,0,0.000000000,12.100,52,0,0
5,1,zero_drive,0,6.395549836,7.331535753,7.337468133,1717,0,0.000000000,12.100,52,0,0
5,1,zero_drive,0,6.395549836,7.337718237,7.343467898,1717,0,0.000000000,12.100,52,0,0
5,1,zero_drive,0,6.395549836,7.343718615,7.349309838,1717,0,0.000000000,12.100,52,0,0
5,1,zero_drive,0,6.395549836,7.349557586,7.355480821,1717,0,0.000000000,12.100,52,0,0
5,1,zero_drive,0,6.395549836,7.355730872,7.361362748,1717,0,0.000000000,12.100,52,0,0
5,2,pulse,100,7.373342190,7.379200130,7.385477657,1717,0,0.000000000,12.100,52,11,0
5,2,pulse,100,7.373342190,7.385754853,7.391553179,1717,0,0.000000000,12.100,52,11,0
5,2,pulse,100,7.373342190,7.391827669,7.397557626,1717,0,0.000000000,12.100,52,14,0
5,2,pulse,100,7.373342190,7.397825607,7.403475107,1718,100,0.153398079,12.100,52,14,0
5,2,pulse,100,7.373342190,7.403842671,7.409472810,1719,100,0.153398079,12.100,52,11,0
5,2,pulse,100,7.373342190,7.409751549,7.415559306,1721,200,0.306796158,12.100,52,11,0
5,2,pulse,100,7.373342190,7.415820212,7.421499637,1722,200,0.306796158,12.100,52,8,0
5,2,pulse,100,7.373342190,7.421774370,7.427538531,1724,250,0.383495197,12.100,52,8,0
5,2,pulse,100,7.373342190,7.427819943,7.433342183,1725,250,0.383495197,12.100,52,7,0
5,2,pulse,100,7.373342190,7.433615463,7.439343931,1727,250,0.383495197,12.100,52,7,0
5,2,pulse,100,7.373342190,7.439602693,7.445304659,1728,250,0.383495197,12.100,52,6,0
5,2,pulse,100,7.373342190,7.445566189,7.451623357,1730,250,0.383495197,12.100,52,6,0
5,2,pulse,100,7.373342190,7.451960112,7.457425326,1731,250,0.383495197,12.100,52,5,0
5,2,pulse,100,7.373342190,7.457673872,7.463441396,1733,300,0.460194236,12.100,52,5,0
5,2,pulse,100,7.373342190,7.463693999,7.469345037,1735,300,0.460194236,12.100,52,4,0
5,2,pulse,100,7.373342190,7.469601112,7.475480003,1736,250,0.383495197,12.100,52,4,0
5,2,pulse,100,7.373342190,7.475727133,7.481360752,1738,250,0.383495197,12.100,52,4,0
5,2,pulse,100,7.373342190,7.481633380,7.487455020,1740,300,0.460194236,12.100,52,4,0
5,2,pulse,100,7.373342190,7.487711278,7.493398478,1741,300,0.460194236,12.100,52,4,0
5,2,pulse,100,7.373342190,7.493640126,7.499303613,1743,250,0.383495197,12.100,52,4,0
5,2,pulse,100,7.373342190,7.499555095,7.505219921,1745,250,0.383495197,12.100,52,3,0
5,2,pulse,100,7.373342190,7.505460188,7.511163128,1746,300,0.460194236,12.100,52,3,0
5,2,pulse,100,7.373342190,7.511367195,7.517139248,1748,300,0.460194236,12.100,52,4,0
5,2,pulse,100,7.373342190,7.517343255,7.523156648,1750,300,0.460194236,12.100,52,4,0
5,2,zero_drive,0,7.373342190,7.535083684,7.541230975,1754,250,0.383495197,12.100,52,1,0
5,2,zero_drive,0,7.373342190,7.541439378,7.547331651,1755,150,0.230097118,12.100,52,1,0
5,2,zero_drive,0,7.373342190,7.547538663,7.553184246,1755,150,0.230097118,12.100,52,1,0
5,2,zero_drive,0,7.373342190,7.553391873,7.559198330,1755,50,0.076699039,12.100,52,1,0
5,2,zero_drive,0,7.373342190,7.559415622,7.565190855,1755,50,0.076699039,12.100,52,0,0
5,2,zero_drive,0,7.373342190,7.565417817,7.571333550,1755,0,0.000000000,12.100,52,0,0
5,2,zero_drive,0,7.373342190,7.571541721,7.577136813,1755,0,0.000000000,12.100,52,0,0
5,2,zero_drive,0,7.373342190,7.577347113,7.583075161,1755,0,0.000000000,12.100,52,0,0
5,2,zero_drive,0,7.373342190,7.583281621,7.589149358,1755,0,0.000000000,12.100,52,0,0
5,2,zero_drive,0,7.373342190,7.589357765,7.595330478,1755,0,0.000000000,12.100,52,0,0
5,2,zero_drive,0,7.373342190,7.595537140,7.601433727,1755,0,0.000000000,12.100,52,0,0
5,2,zero_drive,0,7.373342190,7.601726497,7.607352302,1755,0,0.000000000,12.100,52,0,0
5,2,zero_drive,0,7.373342190,7.607562928,7.613142795,1755,0,0.000000000,12.100,52,0,0
5,2,zero_drive,0,7.373342190,7.613349852,7.619263211,1755,0,0.000000000,12.100,52,0,0
5,2,zero_drive,0,7.373342190,7.619473161,7.625354782,1755,0,0.000000000,12.100,52,0,0
5,2,zero_drive,0,7.373342190,7.625561918,7.631321822,1755,0,0.000000000,12.100,52,0,0
5,2,zero_drive,0,7.373342190,7.631559668,7.637366100,1755,0,0.000000000,12.100,52,0,0
5,2,zero_drive,0,7.373342190,7.637626217,7.643527498,1755,0,0.000000000,12.100,52,0,0
5,2,zero_drive,0,7.373342190,7.643773382,7.649196235,1755,0,0.000000000,12.100,52,0,0
5,2,zero_drive,0,7.373342190,7.649445295,7.655424113,1755,0,0.000000000,12.100,52,0,0
5,2,zero_drive,0,7.373342190,7.655667403,7.661395121,1755,0,0.000000000,12.100,52,0,0
5,2,zero_drive,0,7.373342190,7.661645433,7.667641101,1755,0,0.000000000,12.100,52,0,0
5,2,zero_drive,0,7.373342190,7.668133834,7.673290135,1755,0,0.000000000,12.100,52,0,0
5,2,zero_drive,0,7.373342190,7.673556546,7.679264494,1755,0,0.000000000,12.100,52,0,0
5,2,zero_drive,0,7.373342190,7.679520472,7.685404048,1755,0,0.000000000,12.100,52,0,0
5,2,zero_drive,0,7.373342190,7.685653283,7.691227869,1755,0,0.000000000,12.100,52,0,0
5,2,zero_drive,0,7.373342190,7.691472358,7.697467330,1755,0,0.000000000,12.100,52,0,0
5,2,zero_drive,0,7.373342190,7.697711953,7.703353490,1755,0,0.000000000,12.100,52,0,0
5,2,zero_drive,0,7.373342190,7.703666545,7.709530999,1755,0,0.000000000,12.100,52,0,0
5,2,zero_drive,0,7.373342190,7.709793394,7.715582862,1755,0,0.000000000,12.100,52,0,0
5,2,zero_drive,0,7.373342190,7.715841845,7.721260193,1755,0,0.000000000,12.100,52,0,0
5,2,zero_drive,0,7.373342190,7.721507458,7.727480595,1755,0,0.000000000,12.100,52,0,0
5,2,zero_drive,0,7.373342190,7.727732139,7.733396909,1755,0,0.000000000,12.100,52,0,0
5,2,zero_drive,0,7.373342190,7.733662319,7.739255798,1755,0,0.000000000,12.100,52,0,0
5,2,zero_drive,0,7.373342190,7.739509787,7.745407107,1755,0,0.000000000,12.100,52,0,0
5,2,zero_drive,0,7.373342190,7.745660233,7.751488243,1755,0,0.000000000,12.100,52,0,0
5,2,zero_drive,0,7.373342190,7.751740233,7.757277207,1755,0,0.000000000,12.100,52,0,0
5,2,zero_drive,0,7.373342190,7.757544663,7.763296136,1755,0,0.000000000,12.100,52,0,0
5,2,zero_drive,0,7.373342190,7.763548013,7.769210228,1755,0,0.000000000,12.100,52,0,0
5,2,zero_drive,0,7.373342190,7.769463732,7.775287212,1755,0,0.000000000,12.100,52,0,0
5,2,zero_drive,0,7.373342190,7.775546032,7.781473813,1755,0,0.000000000,12.100,52,0,0
5,2,zero_drive,0,7.373342190,7.781725297,7.787379950,1755,0,0.000000000,12.100,52,0,0
5,2,zero_drive,0,7.373342190,7.787626025,7.793283787,1755,0,0.000000000,12.100,52,0,0
5,2,zero_drive,0,7.373342190,7.793552454,7.799515641,1755,0,0.000000000,12.100,52,0,0
5,2,zero_drive,0,7.373342190,7.799778260,7.805320360,1755,0,0.000000000,12.100,52,0,0
5,2,zero_drive,0,7.373342190,7.805603937,7.811784102,1755,0,0.000000000,12.100,52,0,0
5,2,zero_drive,0,7.373342190,7.812072992,7.817755378,1755,0,0.000000000,12.100,52,0,0
5,2,zero_drive,0,7.373342190,7.818312461,7.823322221,1755,0,0.000000000,12.100,52,0,0
5,2,zero_drive,0,7.373342190,7.823584059,7.829393518,1755,0,0.000000000,12.100,52,0,0
5,2,zero_drive,0,7.373342190,7.829668727,7.835421105,1755,0,0.000000000,12.100,52,0,0
5,2,zero_drive,0,7.373342190,7.835694953,7.841415667,1755,0,0.000000000,12.100,52,0,0
5,2,zero_drive,0,7.373342190,7.841700637,7.847423729,1755,0,0.000000000,12.100,52,0,0
5,2,zero_drive,0,7.373342190,7.847692834,7.853516038,1755,0,0.000000000,12.100,52,0,0
5,2,zero_drive,0,7.373342190,7.853779049,7.859316796,1755,0,0.000000000,12.100,52,0,0
5,2,zero_drive,0,7.373342190,7.859534805,7.865389257,1755,0,0.000000000,12.100,52,0,0
5,2,zero_drive,0,7.373342190,7.865647663,7.871228369,1755,0,0.000000000,12.100,52,0,0
5,2,zero_drive,0,7.373342190,7.871449412,7.877383217,1755,0,0.000000000,12.100,52,0,0
5,2,zero_drive,0,7.373342190,7.877614054,7.883335190,1755,0,0.000000000,12.100,52,0,0
5,2,zero_drive,0,7.373342190,7.883567285,7.889111655,1755,0,0.000000000,12.100,52,0,0
5,2,zero_drive,0,7.373342190,7.889326782,7.895118968,1755,0,0.000000000,12.100,52,0,0
5,2,zero_drive,0,7.373342190,7.895338930,7.901447022,1755,0,0.000000000,12.100,52,0,0
5,2,zero_drive,0,7.373342190,7.901681826,7.907220499,1755,0,0.000000000,12.100,52,0,0
5,2,zero_drive,0,7.373342190,7.907445845,7.913236282,1755,0,0.000000000,12.100,52,0,0
5,2,zero_drive,0,7.373342190,7.913486650,7.919278492,1755,0,0.000000000,12.100,52,0,0
5,2,zero_drive,0,7.373342190,7.919509778,7.925432382,1755,0,0.000000000,12.100,52,0,0
5,2,zero_drive,0,7.373342190,7.925652552,7.931304957,1755,0,0.000000000,12.100,52,0,0
5,2,zero_drive,0,7.373342190,7.931515417,7.937155850,1755,0,0.000000000,12.100,52,0,0
5,2,zero_drive,0,7.373342190,7.937390689,7.943473957,1755,0,0.000000000,12.100,52,0,0
5,2,zero_drive,0,7.373342190,7.943694793,7.949089589,1755,0,0.000000000,12.100,52,1,0
5,2,zero_drive,0,7.373342190,7.949307321,7.955238802,1755,0,0.000000000,12.100,52,1,0
5,2,zero_drive,0,7.373342190,7.955453570,7.961191084,1755,0,0.000000000,12.100,52,0,0
5,2,zero_drive,0,7.373342190,7.961407098,7.967513062,1755,0,0.000000000,12.100,52,0,0
5,2,zero_drive,0,7.373342190,7.967776329,7.973182622,1755,0,0.000000000,12.100,52,0,0
5,2,zero_drive,0,7.373342190,7.973400108,7.979169562,1755,0,0.000000000,12.100,52,0,0
5,2,zero_drive,0,7.373342190,7.979395093,7.985313397,1755,0,0.000000000,12.100,52,0,0
5,2,zero_drive,0,7.373342190,7.985555106,7.991216490,1755,0,0.000000000,12.100,52,0,0
5,2,zero_drive,0,7.373342190,7.991476812,7.997245633,1755,0,0.000000000,12.100,52,0,0
5,2,zero_drive,0,7.373342190,7.997462923,8.003155170,1755,0,0.000000000,12.100,52,0,0
5,2,zero_drive,0,7.373342190,8.003393222,8.009253532,1755,0,0.000000000,12.100,52,0,0
5,2,zero_drive,0,7.373342190,8.009473605,8.015258617,1755,0,0.000000000,12.100,52,0,0
5,2,zero_drive,0,7.373342190,8.015498190,8.021388429,1755,0,0.000000000,12.100,52,0,0
5,2,zero_drive,0,7.373342190,8.021619580,8.027176342,1755,0,0.000000000,12.100,52,0,0
5,2,zero_drive,0,7.373342190,8.027397965,8.033128660,1755,0,0.000000000,12.100,52,0,0
5,2,zero_drive,0,7.373342190,8.033352917,8.039219010,1755,0,0.000000000,12.100,52,0,0
5,2,zero_drive,0,7.373342190,8.039448793,8.045086470,1755,0,0.000000000,12.100,52,0,0
5,2,zero_drive,0,7.373342190,8.045303856,8.051114355,1755,0,0.000000000,12.100,52,0,0
5,2,zero_drive,0,7.373342190,8.051343312,8.057208508,1755,0,0.000000000,12.100,52,0,0
5,2,zero_drive,0,7.373342190,8.057427077,8.063169108,1755,0,0.000000000,12.100,52,0,0
5,2,zero_drive,0,7.373342190,8.063399905,8.069333637,1755,0,0.000000000,12.100,52,1,0
5,2,zero_drive,0,7.373342190,8.069577617,8.075267122,1755,0,0.000000000,12.100,52,1,0
5,2,zero_drive,0,7.373342190,8.075574990,8.081167480,1755,0,0.000000000,12.100,52,0,0
5,2,zero_drive,0,7.373342190,8.081390090,8.087303706,1755,0,0.000000000,12.100,52,0,0
5,2,zero_drive,0,7.373342190,8.087529342,8.093235099,1755,0,0.000000000,12.100,52,0,0
5,2,zero_drive,0,7.373342190,8.093528050,8.099253517,1755,0,0.000000000,12.100,52,0,0
5,2,zero_drive,0,7.373342190,8.099470510,8.105079015,1755,0,0.000000000,12.100,52,0,0
5,2,zero_drive,0,7.373342190,8.105301680,8.111315552,1755,0,0.000000000,12.100,52,0,0
5,2,zero_drive,0,7.373342190,8.111598086,8.117243957,1755,0,0.000000000,12.100,52,0,0
5,2,zero_drive,0,7.373342190,8.117461898,8.123151580,1755,0,0.000000000,12.100,52,0,0
5,2,zero_drive,0,7.373342190,8.123368230,8.129224655,1755,0,0.000000000,12.100,52,0,0
5,2,zero_drive,0,7.373342190,8.129451994,8.135308512,1755,0,0.000000000,12.100,52,0,0
5,2,zero_drive,0,7.373342190,8.135525630,8.141323315,1755,0,0.000000000,12.100,52,1,0
5,2,zero_drive,0,7.373342190,8.141540887,8.147318997,1755,0,0.000000000,12.100,52,1,0
5,2,zero_drive,0,7.373342190,8.147536702,8.153083585,1755,0,0.000000000,12.100,52,0,0
5,2,zero_drive,0,7.373342190,8.153304018,8.159266187,1755,0,0.000000000,12.100,52,0,0
5,2,zero_drive,0,7.373342190,8.159483889,8.165262730,1755,0,0.000000000,12.100,52,0,0
5,2,zero_drive,0,7.373342190,8.165536667,8.171285757,1755,0,0.000000000,12.100,52,0,0
5,2,zero_drive,0,7.373342190,8.171512482,8.177303690,1755,0,0.000000000,12.100,52,0,0
5,2,zero_drive,0,7.373342190,8.177564002,8.183170974,1755,0,0.000000000,12.100,52,0,0
5,2,zero_drive,0,7.373342190,8.183393511,8.189154631,1755,0,0.000000000,12.100,52,0,0
5,2,zero_drive,0,7.373342190,8.189375972,8.195116935,1755,0,0.000000000,12.100,52,0,0
5,2,zero_drive,0,7.373342190,8.195340303,8.201254642,1755,0,0.000000000,12.100,52,0,0
5,2,zero_drive,0,7.373342190,8.201484473,8.207263243,1755,0,0.000000000,12.100,52,0,0
5,2,zero_drive,0,7.373342190,8.207482150,8.213232620,1755,0,0.000000000,12.100,52,0,0
5,2,zero_drive,0,7.373342190,8.213542435,8.219068591,1755,0,0.000000000,12.100,52,0,0
5,2,zero_drive,0,7.373342190,8.219287786,8.225281976,1755,0,0.000000000,12.100,52,0,0
5,2,zero_drive,0,7.373342190,8.225503919,8.231345157,1755,0,0.000000000,12.100,52,0,0
5,2,zero_drive,0,7.373342190,8.231583811,8.237247143,1755,0,0.000000000,12.100,52,0,0
5,2,zero_drive,0,7.373342190,8.237469793,8.243161946,1755,0,0.000000000,12.100,52,0,0
5,2,zero_drive,0,7.373342190,8.243384225,8.249420932,1755,0,0.000000000,12.100,52,0,0
5,2,zero_drive,0,7.373342190,8.249653198,8.255159765,1755,0,0.000000000,12.100,52,0,0
5,2,zero_drive,0,7.373342190,8.255376331,8.261235224,1755,0,0.000000000,12.100,52,0,0
5,2,zero_drive,0,7.373342190,8.261452121,8.267375209,1755,0,0.000000000,12.100,52,0,0
5,2,zero_drive,0,7.373342190,8.267757030,8.273263569,1755,0,0.000000000,12.100,52,0,0
5,2,zero_drive,0,7.373342190,8.273531268,8.279244089,1755,0,0.000000000,12.100,52,0,0
5,2,zero_drive,0,7.373342190,8.279475630,8.285162801,1755,0,0.000000000,12.100,52,0,0
5,2,zero_drive,0,7.373342190,8.285383085,8.291142581,1755,0,0.000000000,12.100,52,0,0
5,2,zero_drive,0,7.373342190,8.291405962,8.297205423,1755,0,0.000000000,12.100,52,0,0
5,2,zero_drive,0,7.373342190,8.297441943,8.303271654,1755,0,0.000000000,12.100,52,0,0
5,2,zero_drive,0,7.373342190,8.303497927,8.309095522,1755,0,0.000000000,12.100,52,0,0
5,2,zero_drive,0,7.373342190,8.309327900,8.315102291,1755,0,0.000000000,12.100,52,0,0
5,2,zero_drive,0,7.373342190,8.315331215,8.321251893,1755,0,0.000000000,12.100,52,1,0
5,2,zero_drive,0,7.373342190,8.321472168,8.327094133,1755,0,0.000000000,12.100,52,1,0
5,2,zero_drive,0,7.373342190,8.327320482,8.333314227,1755,0,0.000000000,12.100,52,0,0
5,2,zero_drive,0,7.373342190,8.333536179,8.339224994,1755,0,0.000000000,12.100,52,0,0
5,3,pulse,150,8.351241624,8.357178001,8.363135417,1755,0,0.000000000,12.100,52,0,0
5,3,pulse,150,8.351241624,8.363439574,8.369258613,1755,0,0.000000000,12.100,52,22,0
5,3,pulse,150,8.351241624,8.369505551,8.375441698,1757,100,0.153398079,12.100,52,22,0
5,3,pulse,150,8.351241624,8.375664911,8.381432731,1758,100,0.153398079,12.100,52,25,0
5,3,pulse,150,8.351241624,8.381668573,8.387055221,1760,250,0.383495197,12.100,52,25,0
5,3,pulse,150,8.351241624,8.387278756,8.393096606,1762,250,0.383495197,12.100,52,21,0
5,3,pulse,150,8.351241624,8.393313747,8.399316268,1764,300,0.460194236,12.100,52,21,0
5,3,pulse,150,8.351241624,8.399534870,8.405139191,1766,300,0.460194236,12.100,52,15,0
5,3,pulse,150,8.351241624,8.405359420,8.411268356,1769,400,0.613592315,12.100,52,15,0
5,3,pulse,150,8.351241624,8.411542065,8.417070928,1771,400,0.613592315,12.100,52,13,0
5,3,pulse,150,8.351241624,8.417284371,8.423103928,1773,400,0.613592315,12.100,52,13,0
5,3,pulse,150,8.351241624,8.423332488,8.429580101,1776,400,0.613592315,12.100,52,10,0
5,3,pulse,150,8.351241624,8.429820931,8.435159997,1779,400,0.613592315,12.100,52,10,0
5,3,pulse,150,8.351241624,8.435376032,8.441173431,1781,400,0.613592315,12.100,52,9,0
5,3,pulse,150,8.351241624,8.441456615,8.447074065,1783,400,0.613592315,12.100,52,9,0
5,3,pulse,150,8.351241624,8.447301636,8.453241360,1786,400,0.613592315,12.100,52,9,0
5,3,pulse,150,8.351241624,8.453459713,8.459197705,1788,400,0.613592315,12.100,52,9,0
5,3,pulse,150,8.351241624,8.459419381,8.465208786,1791,400,0.613592315,12.100,52,7,0
5,3,pulse,150,8.351241624,8.465428943,8.471265271,1793,400,0.613592315,12.100,52,7,0
5,3,pulse,150,8.351241624,8.471480224,8.477208086,1796,400,0.613592315,12.100,52,8,0
5,3,pulse,150,8.351241624,8.477559080,8.483206987,1798,400,0.613592315,12.100,52,8,0
5,3,pulse,150,8.351241624,8.483424199,8.489242188,1801,400,0.613592315,12.100,52,8,0
5,3,pulse,150,8.351241624,8.489458560,8.495139621,1804,400,0.613592315,12.100,52,8,0
5,3,pulse,150,8.351241624,8.495373225,8.501268718,1806,400,0.613592315,12.100,52,6,0
5,3,zero_drive,0,8.351241624,8.513043350,8.519325515,1813,400,0.613592315,12.100,52,3,0
5,3,zero_drive,0,8.351241624,8.519546769,8.525372501,1815,400,0.613592315,12.100,52,2,0
5,3,zero_drive,0,8.351241624,8.525585793,8.531233315,1816,200,0.306796158,12.100,52,2,0
5,3,zero_drive,0,8.351241624,8.531460106,8.537108313,1816,200,0.306796158,12.100,52,1,0
5,3,zero_drive,0,8.351241624,8.537322590,8.543101333,1817,50,0.076699039,12.100,52,1,0
5,3,zero_drive,0,8.351241624,8.543338061,8.549059151,1817,50,0.076699039,12.100,52,0,0
5,3,zero_drive,0,8.351241624,8.549326668,8.555333846,1817,50,0.076699039,12.100,52,0,0
5,3,zero_drive,0,8.351241624,8.555592549,8.561277886,1817,50,0.076699039,12.100,52,0,0
5,3,zero_drive,0,8.351241624,8.561513104,8.567477388,1817,0,0.000000000,12.100,52,0,0
5,3,zero_drive,0,8.351241624,8.567714901,8.573689158,1817,0,0.000000000,12.100,52,0,0
5,3,zero_drive,0,8.351241624,8.573944857,8.579322170,1817,0,0.000000000,12.100,52,0,0
5,3,zero_drive,0,8.351241624,8.579811531,8.585159334,1817,0,0.000000000,12.100,52,0,0
5,3,zero_drive,0,8.351241624,8.585646948,8.591275202,1817,0,0.000000000,12.100,52,0,0
5,3,zero_drive,0,8.351241624,8.591562966,8.597693128,1817,0,0.000000000,12.100,52,0,0
5,3,zero_drive,0,8.351241624,8.597948309,8.603421716,1817,0,0.000000000,12.100,52,0,0
5,3,zero_drive,0,8.351241624,8.603721015,8.609716559,1817,0,0.000000000,12.100,52,0,0
5,3,zero_drive,0,8.351241624,8.609979486,8.615722786,1817,0,0.000000000,12.100,52,0,0
5,3,zero_drive,0,8.351241624,8.615973834,8.621425149,1817,0,0.000000000,12.100,52,0,0
5,3,zero_drive,0,8.351241624,8.621691719,8.627689434,1817,0,0.000000000,12.100,52,0,0
5,3,zero_drive,0,8.351241624,8.627999171,8.633513532,1817,0,0.000000000,12.100,52,0,0
5,3,zero_drive,0,8.351241624,8.634120151,8.639342139,1817,0,0.000000000,12.100,52,0,0
5,3,zero_drive,0,8.351241624,8.639604428,8.645542006,1817,0,0.000000000,12.100,52,0,0
5,3,zero_drive,0,8.351241624,8.645811095,8.651661762,1817,0,0.000000000,12.100,52,0,0
5,3,zero_drive,0,8.351241624,8.651957728,8.657325956,1817,0,0.000000000,12.100,52,0,0
5,3,zero_drive,0,8.351241624,8.657582450,8.663158915,1817,0,0.000000000,12.100,52,0,0
5,3,zero_drive,0,8.351241624,8.663645495,8.669298031,1817,0,0.000000000,12.100,52,0,0
5,3,zero_drive,0,8.351241624,8.669615805,8.674992884,1817,0,0.000000000,12.100,52,0,0
5,3,zero_drive,0,8.351241624,8.675530286,8.681276782,1817,0,0.000000000,12.100,52,0,0
5,3,zero_drive,0,8.351241624,8.681489387,8.687578634,1817,0,0.000000000,12.100,52,0,0
5,3,zero_drive,0,8.351241624,8.688133881,8.693214480,1817,0,0.000000000,12.100,52,0,0
5,3,zero_drive,0,8.351241624,8.693404223,8.699464514,1817,0,0.000000000,12.100,52,0,0
5,3,zero_drive,0,8.351241624,8.699655205,8.705149809,1817,0,0.000000000,12.100,52,0,0
5,3,zero_drive,0,8.351241624,8.705384528,8.711301483,1817,0,0.000000000,12.100,52,0,0
5,3,zero_drive,0,8.351241624,8.711494657,8.717229619,1817,0,0.000000000,12.100,52,0,0
5,3,zero_drive,0,8.351241624,8.717417431,8.723060306,1817,0,0.000000000,12.100,52,0,0
5,3,zero_drive,0,8.351241624,8.723512574,8.729270999,1817,0,0.000000000,12.100,52,0,0
5,3,zero_drive,0,8.351241624,8.729509437,8.735284576,1817,0,0.000000000,12.100,52,0,0
5,3,zero_drive,0,8.351241624,8.735496810,8.741151278,1817,0,0.000000000,12.100,52,0,0
5,3,zero_drive,0,8.351241624,8.741345125,8.747310532,1817,0,0.000000000,12.100,52,0,0
5,3,zero_drive,0,8.351241624,8.747504449,8.753009461,1817,0,0.000000000,12.100,52,0,0
5,3,zero_drive,0,8.351241624,8.753250579,8.759166126,1817,0,0.000000000,12.100,52,0,0
5,3,zero_drive,0,8.351241624,8.759429767,8.765554038,1817,0,0.000000000,12.100,52,0,0
5,3,zero_drive,0,8.351241624,8.765742541,8.771697468,1817,0,0.000000000,12.100,52,0,0
5,3,zero_drive,0,8.351241624,8.771907703,8.777340474,1817,0,0.000000000,12.100,52,0,0
5,3,zero_drive,0,8.351241624,8.777531995,8.783561525,1817,0,0.000000000,12.100,52,0,0
5,3,zero_drive,0,8.351241624,8.783808493,8.789477014,1817,0,0.000000000,12.100,52,0,0
5,3,zero_drive,0,8.351241624,8.789717975,8.795537118,1817,0,0.000000000,12.100,52,0,0
5,3,zero_drive,0,8.351241624,8.796241754,8.801421589,1817,0,0.000000000,12.100,52,1,0
5,3,zero_drive,0,8.351241624,8.801974718,8.807057457,1817,0,0.000000000,12.100,52,1,0
5,3,zero_drive,0,8.351241624,8.807487425,8.813296932,1817,0,0.000000000,12.100,52,0,0
5,3,zero_drive,0,8.351241624,8.813520144,8.819543260,1817,0,0.000000000,12.100,52,0,0
5,3,zero_drive,0,8.351241624,8.819788032,8.825536706,1817,0,0.000000000,12.100,52,0,0
5,3,zero_drive,0,8.351241624,8.825733182,8.831561825,1817,0,0.000000000,12.100,52,0,0
5,3,zero_drive,0,8.351241624,8.831818310,8.837455384,1817,0,0.000000000,12.100,52,0,0
5,3,zero_drive,0,8.351241624,8.837677450,8.843060850,1817,0,0.000000000,12.100,52,0,0
5,3,zero_drive,0,8.351241624,8.843280551,8.849569434,1817,0,0.000000000,12.100,52,0,0
5,3,zero_drive,0,8.351241624,8.849909170,8.855907648,1817,0,0.000000000,12.100,52,0,0
5,3,zero_drive,0,8.351241624,8.856200086,8.861343160,1817,0,0.000000000,12.100,52,0,0
5,3,zero_drive,0,8.351241624,8.861590588,8.867472170,1817,0,0.000000000,12.100,52,0,0
5,3,zero_drive,0,8.351241624,8.867685550,8.873561970,1817,0,0.000000000,12.100,52,0,0
5,3,zero_drive,0,8.351241624,8.873824385,8.879317679,1817,0,0.000000000,12.100,52,0,0
5,3,zero_drive,0,8.351241624,8.879599975,8.885283682,1817,0,0.000000000,12.100,52,0,0
5,3,zero_drive,0,8.351241624,8.885646162,8.891147030,1817,0,0.000000000,12.100,52,0,0
5,3,zero_drive,0,8.351241624,8.891552715,8.897292132,1817,0,0.000000000,12.100,52,0,0
5,3,zero_drive,0,8.351241624,8.897493316,8.903345934,1817,0,0.000000000,12.100,52,0,0
5,3,zero_drive,0,8.351241624,8.903596079,8.909331170,1817,0,0.000000000,12.100,52,0,0
5,3,zero_drive,0,8.351241624,8.909629803,8.915258064,1817,0,0.000000000,12.100,52,0,0
5,3,zero_drive,0,8.351241624,8.915624868,8.921275033,1817,0,0.000000000,12.100,52,0,0
5,3,zero_drive,0,8.351241624,8.921455904,8.926951136,1817,0,0.000000000,12.100,52,0,0
5,3,zero_drive,0,8.351241624,8.927183275,8.932986026,1817,0,0.000000000,12.100,52,0,0
5,3,zero_drive,0,8.351241624,8.933212417,8.938991205,1817,0,0.000000000,12.100,52,0,0
5,3,zero_drive,0,8.351241624,8.939170487,8.945128734,1817,0,0.000000000,12.100,52,0,0
5,3,zero_drive,0,8.351241624,8.945317890,8.951000436,1817,0,0.000000000,12.100,52,0,0
5,3,zero_drive,0,8.351241624,8.951180070,8.957199020,1817,0,0.000000000,12.100,52,0,0
5,3,zero_drive,0,8.351241624,8.957488473,8.963142375,1817,0,0.000000000,12.100,52,0,0
5,3,zero_drive,0,8.351241624,8.963327476,8.969137046,1817,0,0.000000000,12.100,52,0,0
5,3,zero_drive,0,8.351241624,8.969318305,8.975153543,1817,0,0.000000000,12.100,52,0,0
5,3,zero_drive,0,8.351241624,8.975364104,8.981071072,1817,0,0.000000000,12.100,52,0,0
5,3,zero_drive,0,8.351241624,8.981251895,8.986940268,1817,0,0.000000000,12.100,52,0,0
5,3,zero_drive,0,8.351241624,8.987178711,8.992976105,1817,0,0.000000000,12.100,52,0,0
5,3,zero_drive,0,8.351241624,8.993162599,8.999082505,1817,0,0.000000000,12.100,52,0,0
5,3,zero_drive,0,8.351241624,8.999261711,9.005010130,1817,0,0.000000000,12.100,52,0,0
5,3,zero_drive,0,8.351241624,9.005189994,9.011145142,1817,0,0.000000000,12.100,52,0,0
5,3,zero_drive,0,8.351241624,9.011331746,9.016956082,1817,0,0.000000000,12.100,52,0,0
5,3,zero_drive,0,8.351241624,9.017133003,9.022924570,1817,0,0.000000000,12.100,52,0,0
5,3,zero_drive,0,8.351241624,9.023102245,9.028980695,1817,0,0.000000000,12.100,52,0,0
5,3,zero_drive,0,8.351241624,9.029306852,9.035156094,1817,0,0.000000000,12.100,52,0,0
5,3,zero_drive,0,8.351241624,9.035335368,9.041294734,1817,0,0.000000000,12.100,52,0,0
5,3,zero_drive,0,8.351241624,9.041769329,9.046921760,1817,0,0.000000000,12.100,52,0,0
5,3,zero_drive,0,8.351241624,9.047104234,9.053006534,1817,0,0.000000000,12.100,52,0,0
5,3,zero_drive,0,8.351241624,9.053178651,9.059057570,1817,0,0.000000000,12.100,52,0,0
5,3,zero_drive,0,8.351241624,9.059225745,9.064935515,1817,0,0.000000000,12.100,52,0,0
5,3,zero_drive,0,8.351241624,9.065100707,9.071442445,1817,0,0.000000000,12.100,52,0,0
5,3,zero_drive,0,8.351241624,9.071802175,9.076930046,1817,0,0.000000000,12.100,52,0,0
5,3,zero_drive,0,8.351241624,9.077097550,9.083515470,1817,0,0.000000000,12.100,52,0,0
5,3,zero_drive,0,8.351241624,9.083775553,9.089008909,1817,0,0.000000000,12.100,52,1,0
5,3,zero_drive,0,8.351241624,9.089181975,9.095186940,1817,0,0.000000000,12.100,52,1,0
5,3,zero_drive,0,8.351241624,9.095359287,9.101342339,1817,0,0.000000000,12.100,52,0,0
5,3,zero_drive,0,8.351241624,9.101553765,9.107262387,1817,0,0.000000000,12.100,52,0,0
5,3,zero_drive,0,8.351241624,9.107491364,9.113023805,1817,0,0.000000000,12.100,52,0,0
5,3,zero_drive,0,8.351241624,9.113250627,9.119226289,1817,0,0.000000000,12.100,52,0,0
5,3,zero_drive,0,8.351241624,9.119564357,9.125103859,1817,0,0.000000000,12.100,52,0,0
5,3,zero_drive,0,8.351241624,9.125428199,9.131184718,1817,0,0.000000000,12.100,52,0,0
5,3,zero_drive,0,8.351241624,9.131416115,9.137110724,1817,0,0.000000000,12.100,52,0,0
5,3,zero_drive,0,8.351241624,9.137403646,9.142898371,1817,0,0.000000000,12.100,52,0,0
5,3,zero_drive,0,8.351241624,9.143072102,9.149072494,1817,0,0.000000000,12.100,52,0,0
5,3,zero_drive,0,8.351241624,9.149243926,9.155288210,1817,0,0.000000000,12.100,52,0,0
5,3,zero_drive,0,8.351241624,9.155460278,9.161285734,1817,0,0.000000000,12.100,52,0,0
5,3,zero_drive,0,8.351241624,9.161491248,9.167558668,1817,0,0.000000000,12.100,52,0,0
5,3,zero_drive,0,8.351241624,9.168143666,9.172860384,1817,0,0.000000000,12.100,52,0,0
5,3,zero_drive,0,8.351241624,9.173032504,9.179113961,1817,0,0.000000000,12.100,52,0,0
5,3,zero_drive,0,8.351241624,9.179329874,9.185074418,1817,0,0.000000000,12.100,52,0,0
5,3,zero_drive,0,8.351241624,9.185401313,9.191264330,1817,0,0.000000000,12.100,52,0,0
5,3,zero_drive,0,8.351241624,9.191501223,9.197550176,1817,0,0.000000000,12.100,52,0,0
5,3,zero_drive,0,8.351241624,9.197773857,9.203159094,1817,0,0.000000000,12.100,52,0,0
5,3,zero_drive,0,8.351241624,9.203410131,9.210048364,1817,0,0.000000000,12.100,52,0,0
5,3,zero_drive,0,8.351241624,9.210322149,9.214997208,1817,0,0.000000000,12.100,52,0,0
5,3,zero_drive,0,8.351241624,9.215170426,9.221048615,1817,0,0.000000000,12.100,52,0,0
5,3,zero_drive,0,8.351241624,9.221217927,9.227069301,1817,0,0.000000000,12.100,52,0,0
5,3,zero_drive,0,8.351241624,9.227274688,9.233028915,1817,0,0.000000000,12.100,52,0,0
5,3,zero_drive,0,8.351241624,9.233202823,9.239112412,1817,0,0.000000000,12.100,52,0,0
5,3,zero_drive,0,8.351241624,9.239281809,9.245469788,1817,0,0.000000000,12.100,52,0,0
5,3,zero_drive,0,8.351241624,9.245701222,9.250960639,1817,0,0.000000000,12.100,52,0,0
5,3,zero_drive,0,8.351241624,9.251179344,9.256835097,1817,0,0.000000000,12.100,52,0,0
5,3,zero_drive,0,8.351241624,9.257058354,9.263167096,1817,0,0.000000000,12.100,52,0,0
5,3,zero_drive,0,8.351241624,9.263345295,9.269077114,1817,0,0.000000000,12.100,52,1,0
5,3,zero_drive,0,8.351241624,9.269486394,9.275470739,1817,0,0.000000000,12.100,52,1,0
5,3,zero_drive,0,8.351241624,9.275848774,9.281006826,1817,0,0.000000000,12.100,52,0,0
5,3,zero_drive,0,8.351241624,9.281194792,9.287107334,1817,0,0.000000000,12.100,52,0,0
5,3,zero_drive,0,8.351241624,9.287283725,9.293026460,1817,0,0.000000000,12.100,52,0,0
5,3,zero_drive,0,8.351241624,9.293213284,9.299270907,1817,0,0.000000000,12.100,52,0,0
5,3,zero_drive,0,8.351241624,9.299559475,9.305032234,1817,0,0.000000000,12.100,52,0,0
5,3,zero_drive,0,8.351241624,9.305208490,9.310844979,1817,0,0.000000000,12.100,52,0,0
5,3,zero_drive,0,8.351241624,9.311027177,9.316946417,1817,0,0.000000000,12.100,52,0,0
5,4,pulse,200,9.329022881,9.334806001,9.340982903,1817,0,0.000000000,12.100,52,42,0
5,4,pulse,200,9.329022881,9.341184676,9.347011503,1817,0,0.000000000,12.100,52,42,0
5,4,pulse,200,9.329022881,9.347192295,9.352914760,1819,0,0.000000000,12.100,52,50,0
5,4,pulse,200,9.329022881,9.353087578,9.359345254,1821,250,0.383495197,12.100,52,50,0
5,4,pulse,200,9.329022881,9.359520911,9.365028596,1823,250,0.383495197,12.100,52,44,0
5,4,pulse,200,9.329022881,9.365266448,9.370996513,1826,450,0.690291355,12.000,52,44,0
5,4,pulse,200,9.329022881,9.371258897,9.377121656,1829,450,0.690291355,12.000,52,36,0
5,4,pulse,200,9.329022881,9.377307029,9.383164574,1832,500,0.766990394,12.000,52,36,0
5,4,pulse,200,9.329022881,9.383344955,9.388998840,1835,500,0.766990394,12.000,52,28,0
5,4,pulse,200,9.329022881,9.389175889,9.394856180,1839,550,0.843689433,12.000,52,28,0
5,4,pulse,200,9.329022881,9.395032859,9.401271590,1842,550,0.843689433,12.000,52,20,0
5,4,pulse,200,9.329022881,9.401633022,9.407556004,1845,550,0.843689433,12.000,52,20,0
5,4,pulse,200,9.329022881,9.407932592,9.423582413,1849,550,0.843689433,12.000,52,17,0
5,4,pulse,200,9.329022881,9.423786931,9.431719385,1858,600,0.920388473,12.100,52,15,0
5,4,pulse,200,9.329022881,9.431971417,9.437034483,1863,600,0.920388473,12.100,52,14,0
5,4,pulse,200,9.329022881,9.437258678,9.443315082,1866,600,0.920388473,12.100,52,14,0
5,4,pulse,200,9.329022881,9.443569818,9.449183886,1870,600,0.920388473,12.100,52,14,0
5,4,pulse,200,9.329022881,9.449494147,9.455151459,1874,600,0.920388473,12.100,52,14,0
5,4,pulse,200,9.329022881,9.455405312,9.461072905,1877,600,0.920388473,12.100,52,11,0
5,4,pulse,200,9.329022881,9.461325537,9.467049659,1881,600,0.920388473,12.100,52,11,0
5,4,pulse,200,9.329022881,9.467299151,9.473147301,1884,600,0.920388473,12.100,52,12,0
5,4,pulse,200,9.329022881,9.473403092,9.479231412,1888,600,0.920388473,12.100,52,12,0
5,4,zero_drive,0,9.329022881,9.491021239,9.497166301,1897,600,0.920388473,12.100,52,6,0
5,4,zero_drive,0,9.329022881,9.497425639,9.503219417,1899,450,0.690291355,12.100,52,6,0
5,4,zero_drive,0,9.329022881,9.503469826,9.509043828,1900,450,0.690291355,12.100,52,3,0
5,4,zero_drive,0,9.329022881,9.509304226,9.515298909,1901,200,0.306796158,12.100,52,3,0
5,4,zero_drive,0,9.329022881,9.515548054,9.521112670,1902,200,0.306796158,12.100,52,1,0
5,4,zero_drive,0,9.329022881,9.521362161,9.527201780,1902,100,0.153398079,12.100,52,1,0
5,4,zero_drive,0,9.329022881,9.527463214,9.533192632,1902,100,0.153398079,12.100,52,1,0
5,4,zero_drive,0,9.329022881,9.533440738,9.539099726,1902,0,0.000000000,12.100,52,1,0
5,4,zero_drive,0,9.329022881,9.539348654,9.545160838,1902,0,0.000000000,12.100,52,0,0
5,4,zero_drive,0,9.329022881,9.545412394,9.551323544,1902,0,0.000000000,12.100,52,0,0
5,4,zero_drive,0,9.329022881,9.551579011,9.557231584,1902,0,0.000000000,12.100,52,0,0
5,4,zero_drive,0,9.329022881,9.557539038,9.563244165,1902,0,0.000000000,12.100,52,0,0
5,4,zero_drive,0,9.329022881,9.563498981,9.569204858,1902,0,0.000000000,12.100,52,0,0
5,4,zero_drive,0,9.329022881,9.569463662,9.575191116,1902,0,0.000000000,12.100,52,0,0
5,4,zero_drive,0,9.329022881,9.575478089,9.581238241,1902,0,0.000000000,12.100,52,0,0
5,4,zero_drive,0,9.329022881,9.581493947,9.587153603,1902,0,0.000000000,12.100,52,0,0
5,4,zero_drive,0,9.329022881,9.587405495,9.593189234,1902,0,0.000000000,12.100,52,0,0
5,4,zero_drive,0,9.329022881,9.593450012,9.599031188,1902,0,0.000000000,12.100,52,0,0
5,4,zero_drive,0,9.329022881,9.599283636,9.605117417,1902,0,0.000000000,12.100,52,0,0
5,4,zero_drive,0,9.329022881,9.605374601,9.611149979,1902,0,0.000000000,12.100,52,0,0
5,4,zero_drive,0,9.329022881,9.611407804,9.617134258,1902,0,0.000000000,12.100,52,0,0
5,4,zero_drive,0,9.329022881,9.617504698,9.623195679,1902,0,0.000000000,12.100,52,0,0
5,4,zero_drive,0,9.329022881,9.623456615,9.629084457,1902,0,0.000000000,12.100,52,0,0
5,4,zero_drive,0,9.329022881,9.629335268,9.635654141,1902,0,0.000000000,12.100,52,0,0
5,4,zero_drive,0,9.329022881,9.635916133,9.641070591,1902,0,0.000000000,12.100,52,0,0
5,4,zero_drive,0,9.329022881,9.641327090,9.647193273,1902,0,0.000000000,12.100,52,0,0
5,4,zero_drive,0,9.329022881,9.647447791,9.653227321,1902,0,0.000000000,12.100,52,1,0
5,4,zero_drive,0,9.329022881,9.653483211,9.659171713,1902,0,0.000000000,12.100,52,1,0
5,4,zero_drive,0,9.329022881,9.659428373,9.665124238,1902,0,0.000000000,12.100,52,0,0
5,4,zero_drive,0,9.329022881,9.665375871,9.671246583,1902,0,0.000000000,12.100,52,0,0
5,4,zero_drive,0,9.329022881,9.671511533,9.677205128,1902,0,0.000000000,12.100,52,0,0
5,4,zero_drive,0,9.329022881,9.677460233,9.683052480,1902,0,0.000000000,12.100,52,0,0
5,4,zero_drive,0,9.329022881,9.683304611,9.689269467,1902,0,0.000000000,12.100,52,0,0
5,4,zero_drive,0,9.329022881,9.689533811,9.695147209,1902,0,0.000000000,12.100,52,0,0
5,4,zero_drive,0,9.329022881,9.695400816,9.701103146,1902,0,0.000000000,12.100,52,0,0
5,4,zero_drive,0,9.329022881,9.701601373,9.707116925,1902,0,0.000000000,12.100,52,0,0
5,4,zero_drive,0,9.329022881,9.707373968,9.713067530,1902,0,0.000000000,12.100,52,0,0
5,4,zero_drive,0,9.329022881,9.713315484,9.719365723,1902,0,0.000000000,12.100,52,0,0
5,4,zero_drive,0,9.329022881,9.719624629,9.725243009,1902,0,0.000000000,12.100,52,0,0
5,4,zero_drive,0,9.329022881,9.725501073,9.731168428,1902,0,0.000000000,12.100,52,0,0
5,4,zero_drive,0,9.329022881,9.731420703,9.737090969,1902,0,0.000000000,12.100,52,0,0
5,4,zero_drive,0,9.329022881,9.737348408,9.743187771,1902,0,0.000000000,12.100,52,0,0
5,4,zero_drive,0,9.329022881,9.743441485,9.749059474,1902,0,0.000000000,12.100,52,1,0
5,4,zero_drive,0,9.329022881,9.749312193,9.755198748,1902,0,0.000000000,12.100,52,1,0
5,4,zero_drive,0,9.329022881,9.755455150,9.761122123,1902,0,0.000000000,12.100,52,0,0
5,4,zero_drive,0,9.329022881,9.761372318,9.767070610,1902,0,0.000000000,12.100,52,0,0
5,4,zero_drive,0,9.329022881,9.767319292,9.773197459,1902,0,0.000000000,12.100,52,1,0
5,4,zero_drive,0,9.329022881,9.773454913,9.779308782,1902,0,0.000000000,12.100,52,1,0
5,4,zero_drive,0,9.329022881,9.779612777,9.785643130,1902,0,0.000000000,12.100,52,0,0
5,4,zero_drive,0,9.329022881,9.785903979,9.791030774,1902,0,0.000000000,12.100,52,0,0
5,4,zero_drive,0,9.329022881,9.791287576,9.797134781,1902,0,0.000000000,12.100,52,0,0
5,4,zero_drive,0,9.329022881,9.797389751,9.803348618,1902,0,0.000000000,12.100,52,0,0
5,4,zero_drive,0,9.329022881,9.803612236,9.809146888,1902,0,0.000000000,12.100,52,0,0
5,4,zero_drive,0,9.329022881,9.809404622,9.815051903,1902,0,0.000000000,12.100,52,0,0
5,4,zero_drive,0,9.329022881,9.815302039,9.821062555,1902,0,0.000000000,12.100,52,0,0
5,4,zero_drive,0,9.329022881,9.821324478,9.827168008,1902,0,0.000000000,12.100,52,0,0
5,4,zero_drive,0,9.329022881,9.827420956,9.833191389,1902,0,0.000000000,12.100,52,0,0
5,4,zero_drive,0,9.329022881,9.833439349,9.839191207,1902,0,0.000000000,12.100,52,0,0
5,4,zero_drive,0,9.329022881,9.839448120,9.845151158,1902,0,0.000000000,12.100,52,0,0
5,4,zero_drive,0,9.329022881,9.845402386,9.851099122,1902,0,0.000000000,12.100,52,0,0
5,4,zero_drive,0,9.329022881,9.851650776,9.857256574,1902,0,0.000000000,12.100,52,0,0
5,4,zero_drive,0,9.329022881,9.857512783,9.863145718,1902,0,0.000000000,12.100,52,0,0
5,4,zero_drive,0,9.329022881,9.863395918,9.869238158,1902,0,0.000000000,12.100,52,0,0
5,4,zero_drive,0,9.329022881,9.869503287,9.875201432,1902,0,0.000000000,12.100,52,0,0
5,4,zero_drive,0,9.329022881,9.875503605,9.881118658,1902,0,0.000000000,12.100,52,0,0
5,4,zero_drive,0,9.329022881,9.881375471,9.887261816,1902,0,0.000000000,12.100,52,0,0
5,4,zero_drive,0,9.329022881,9.887520151,9.893056234,1902,0,0.000000000,12.100,52,0,0
5,4,zero_drive,0,9.329022881,9.893296613,9.899258398,1902,0,0.000000000,12.100,52,0,0
5,4,zero_drive,0,9.329022881,9.899498861,9.905149854,1902,0,0.000000000,12.100,52,0,0
5,4,zero_drive,0,9.329022881,9.905393962,9.910957747,1902,0,0.000000000,12.100,52,0,0
5,4,zero_drive,0,9.329022881,9.911196549,9.916977658,1902,0,0.000000000,12.100,52,0,0
5,4,zero_drive,0,9.329022881,9.917213405,9.923047962,1902,0,0.000000000,12.100,52,0,0
5,4,zero_drive,0,9.329022881,9.923292750,9.929193533,1902,0,0.000000000,12.100,52,1,0
5,4,zero_drive,0,9.329022881,9.929443563,9.935140423,1902,0,0.000000000,12.100,52,1,0
5,4,zero_drive,0,9.329022881,9.935384615,9.941154598,1902,0,0.000000000,12.100,52,0,0
5,4,zero_drive,0,9.329022881,9.941388909,9.946947378,1902,0,0.000000000,12.100,52,0,0
5,4,zero_drive,0,9.329022881,9.947185445,9.953236906,1902,0,0.000000000,12.100,52,0,0
5,4,zero_drive,0,9.329022881,9.953471977,9.958993083,1902,0,0.000000000,12.100,52,0,0
5,4,zero_drive,0,9.329022881,9.959198963,9.964989083,1902,0,0.000000000,12.100,52,0,0
5,4,zero_drive,0,9.329022881,9.965203693,9.971215278,1902,0,0.000000000,12.100,52,0,0
5,4,zero_drive,0,9.329022881,9.971436211,9.977121378,1902,0,0.000000000,12.100,52,0,0
5,4,zero_drive,0,9.329022881,9.977334329,9.983109458,1902,0,0.000000000,12.100,52,0,0
5,4,zero_drive,0,9.329022881,9.983320068,9.988904548,1902,0,0.000000000,12.100,52,0,0
5,4,zero_drive,0,9.329022881,9.989126688,9.994844542,1902,0,0.000000000,12.100,52,0,0
5,4,zero_drive,0,9.329022881,9.995063725,10.001099151,1902,0,0.000000000,12.100,52,0,0
5,4,zero_drive,0,9.329022881,10.001317437,10.006982652,1902,0,0.000000000,12.100,52,0,0
5,4,zero_drive,0,9.329022881,10.007209569,10.013001266,1902,0,0.000000000,12.100,52,0,0
5,4,zero_drive,0,9.329022881,10.013229086,10.019074669,1902,0,0.000000000,12.100,52,0,0
5,4,zero_drive,0,9.329022881,10.019363102,10.025059255,1902,0,0.000000000,12.100,52,0,0
5,4,zero_drive,0,9.329022881,10.025308388,10.031214752,1902,0,0.000000000,12.100,52,0,0
5,4,zero_drive,0,9.329022881,10.031467507,10.037097099,1902,0,0.000000000,12.100,52,0,0
5,4,zero_drive,0,9.329022881,10.037356395,10.043236969,1902,0,0.000000000,12.100,52,0,0
5,4,zero_drive,0,9.329022881,10.043493516,10.048982166,1902,0,0.000000000,12.100,52,0,0
5,4,zero_drive,0,9.329022881,10.049233130,10.055278775,1902,0,0.000000000,12.100,52,0,0
5,4,zero_drive,0,9.329022881,10.055531392,10.061178698,1902,0,0.000000000,12.100,52,0,0
5,4,zero_drive,0,9.329022881,10.061498306,10.067146217,1902,0,0.000000000,12.100,52,0,0
5,4,zero_drive,0,9.329022881,10.067395757,10.073117887,1902,0,0.000000000,12.100,52,0,0
5,4,zero_drive,0,9.329022881,10.073379513,10.079213617,1902,0,0.000000000,12.100,52,0,0
5,4,zero_drive,0,9.329022881,10.079469942,10.085188631,1902,0,0.000000000,12.100,52,0,0
5,4,zero_drive,0,9.329022881,10.085443382,10.091145612,1902,0,0.000000000,12.100,52,0,0
5,4,zero_drive,0,9.329022881,10.091407820,10.097098689,1902,0,0.000000000,12.100,52,0,0
5,4,zero_drive,0,9.329022881,10.097357962,10.103162460,1902,0,0.000000000,12.100,52,0,0
5,4,zero_drive,0,9.329022881,10.103421147,10.109304490,1902,0,0.000000000,12.100,52,0,0
5,4,zero_drive,0,9.329022881,10.109561130,10.115193722,1902,0,0.000000000,12.100,52,0,0
5,4,zero_drive,0,9.329022881,10.115445870,10.121045598,1902,0,0.000000000,12.100,52,0,0
5,4,zero_drive,0,9.329022881,10.121296229,10.127180530,1902,0,0.000000000,12.100,52,0,0
5,4,zero_drive,0,9.329022881,10.127430197,10.133009762,1902,0,0.000000000,12.100,52,1,0
5,4,zero_drive,0,9.329022881,10.133255130,10.139155037,1902,0,0.000000000,12.100,52,1,0
5,4,zero_drive,0,9.329022881,10.139405798,10.145113586,1902,0,0.000000000,12.100,52,0,0
5,4,zero_drive,0,9.329022881,10.145359378,10.151137987,1902,0,0.000000000,12.100,52,0,0
5,4,zero_drive,0,9.329022881,10.151451482,10.157105215,1902,0,0.000000000,12.100,52,0,0
5,4,zero_drive,0,9.329022881,10.157358613,10.163033726,1902,0,0.000000000,12.100,52,0,0
5,4,zero_drive,0,9.329022881,10.163283000,10.169215447,1902,0,0.000000000,12.100,52,0,0
5,4,zero_drive,0,9.329022881,10.169468258,10.175045932,1902,0,0.000000000,12.100,52,0,0
5,4,zero_drive,0,9.329022881,10.175337578,10.181226488,1902,0,0.000000000,12.100,52,0,0
5,4,zero_drive,0,9.329022881,10.181475456,10.187088686,1902,0,0.000000000,12.100,52,0,0
5,4,zero_drive,0,9.329022881,10.187341242,10.193214043,1902,0,0.000000000,12.100,52,0,0
5,4,zero_drive,0,9.329022881,10.193470152,10.199132794,1902,0,0.000000000,12.100,52,0,0
5,4,zero_drive,0,9.329022881,10.199378597,10.204987721,1902,0,0.000000000,12.100,52,0,0
5,4,zero_drive,0,9.329022881,10.205239912,10.211156604,1902,0,0.000000000,12.100,52,0,0
5,4,zero_drive,0,9.329022881,10.211450130,10.217067477,1902,0,0.000000000,12.100,52,0,0
5,4,zero_drive,0,9.329022881,10.217308430,10.223208176,1902,0,0.000000000,12.100,52,0,0
5,4,zero_drive,0,9.329022881,10.223456544,10.229087348,1902,0,0.000000000,12.100,52,0,0
5,4,zero_drive,0,9.329022881,10.229334902,10.235208239,1902,0,0.000000000,12.100,52,0,0
5,4,zero_drive,0,9.329022881,10.235458274,10.241105140,1902,0,0.000000000,12.100,52,0,0
5,4,zero_drive,0,9.329022881,10.241354561,10.247190617,1902,0,0.000000000,12.100,52,0,0
5,4,zero_drive,0,9.329022881,10.247448148,10.253062377,1902,0,0.000000000,12.100,52,0,0
5,4,zero_drive,0,9.329022881,10.253314622,10.259038140,1902,0,0.000000000,12.100,52,0,0
5,4,zero_drive,0,9.329022881,10.259285487,10.265117352,1902,0,0.000000000,12.100,52,1,0
5,4,zero_drive,0,9.329022881,10.265372445,10.271250787,1902,0,0.000000000,12.100,52,1,0
5,4,zero_drive,0,9.329022881,10.271539367,10.277099670,1902,0,0.000000000,12.100,52,0,0
5,4,zero_drive,0,9.329022881,10.277348291,10.283341403,1902,0,0.000000000,12.100,52,0,0
5,4,zero_drive,0,9.329022881,10.283594040,10.288979936,1902,0,0.000000000,12.100,52,0,0
5,4,zero_drive,0,9.329022881,10.289228059,10.295214341,1902,0,0.000000000,12.100,52,0,0
6,0,pulse,25,10.397040878,10.402861227,10.409008428,1718,0,0.000000000,12.000,53,10,0
6,0,pulse,25,10.397040878,10.409259281,10.414976453,1718,0,0.000000000,12.000,53,12,0
6,0,pulse,25,10.397040878,10.415225121,10.420976104,1718,0,0.000000000,12.000,53,12,0
6,0,pulse,25,10.397040878,10.421227843,10.427131327,1718,0,0.000000000,12.000,53,14,0
6,0,pulse,25,10.397040878,10.427377549,10.433103821,1718,0,0.000000000,11.900,53,14,0
6,0,pulse,25,10.397040878,10.433350310,10.439119559,1718,0,0.000000000,11.900,53,14,0
6,0,pulse,25,10.397040878,10.439369753,10.445131539,1718,0,0.000000000,11.900,53,14,0
6,0,pulse,25,10.397040878,10.445380861,10.451167021,1718,0,0.000000000,11.900,53,14,0
6,0,pulse,25,10.397040878,10.451518987,10.457096286,1718,0,0.000000000,11.900,53,14,0
6,0,pulse,25,10.397040878,10.457347506,10.463035321,1718,0,0.000000000,11.900,53,14,0
6,0,pulse,25,10.397040878,10.463282322,10.469074101,1718,0,0.000000000,11.900,53,14,0
6,0,pulse,25,10.397040878,10.469323573,10.475058056,1718,0,0.000000000,11.900,53,15,0
6,0,pulse,25,10.397040878,10.475402206,10.481133056,1718,0,0.000000000,11.900,53,15,0
6,0,pulse,25,10.397040878,10.481390264,10.487217429,1718,0,0.000000000,11.900,53,15,0
6,0,pulse,25,10.397040878,10.487468300,10.493021616,1718,0,0.000000000,11.900,53,15,0
6,0,pulse,25,10.397040878,10.493269790,10.499127361,1718,0,0.000000000,11.900,53,15,0
6,0,pulse,25,10.397040878,10.499371151,10.504952842,1718,0,0.000000000,11.900,53,15,0
6,0,pulse,25,10.397040878,10.505200081,10.511095461,1718,0,0.000000000,11.900,53,15,0
6,0,pulse,25,10.397040878,10.511346082,10.516882767,1718,0,0.000000000,11.900,53,15,0
6,0,pulse,25,10.397040878,10.517123375,10.522959296,1718,0,0.000000000,11.900,53,15,0
6,0,pulse,25,10.397040878,10.523207796,10.529028806,1718,0,0.000000000,11.900,53,15,0
6,0,pulse,25,10.397040878,10.529276945,10.535458977,1718,0,0.000000000,11.900,53,15,0
6,0,pulse,25,10.397040878,10.535705578,10.541163557,1718,0,0.000000000,11.900,53,15,0
6,0,pulse,25,10.397040878,10.541414913,10.547112956,1718,0,0.000000000,11.900,53,14,0
6,0,zero_drive,0,10.397040878,10.558945812,10.564984596,1718,0,0.000000000,11.900,53,14,0
6,0,zero_drive,0,10.397040878,10.565231611,10.571025019,1718,0,0.000000000,11.900,53,14,0
6,0,zero_drive,0,10.397040878,10.571272781,10.577003311,1718,0,0.000000000,11.900,53,14,0
6,0,zero_drive,0,10.397040878,10.577256110,10.583073012,1718,0,0.000000000,11.900,53,14,0
6,0,zero_drive,0,10.397040878,10.583321311,10.588950190,1718,0,0.000000000,11.900,53,14,0
6,0,zero_drive,0,10.397040878,10.589196553,10.595084596,1718,0,0.000000000,11.900,53,14,0
6,0,zero_drive,0,10.397040878,10.595333623,10.600958668,1718,0,0.000000000,11.900,53,14,0
6,0,zero_drive,0,10.397040878,10.601201236,10.607238036,1718,0,0.000000000,11.900,53,14,0
6,0,zero_drive,0,10.397040878,10.607486158,10.613226635,1718,0,0.000000000,11.900,53,14,0
6,0,zero_drive,0,10.397040878,10.613479941,10.619173480,1718,0,0.000000000,11.900,53,14,0
6,0,zero_drive,0,10.397040878,10.619428116,10.625002126,1718,0,0.000000000,11.900,53,14,0
6,0,zero_drive,0,10.397040878,10.625249765,10.631180620,1718,0,0.000000000,11.900,53,13,0
6,0,zero_drive,0,10.397040878,10.631431117,10.637172598,1718,0,0.000000000,11.900,53,13,0
6,0,zero_drive,0,10.397040878,10.637420950,10.643020261,1718,0,0.000000000,11.900,53,13,0
6,0,zero_drive,0,10.397040878,10.643270825,10.648960345,1718,0,0.000000000,11.900,53,13,0
6,0,zero_drive,0,10.397040878,10.649211545,10.655085990,1718,0,0.000000000,11.900,53,14,0
6,0,zero_drive,0,10.397040878,10.655333646,10.661044734,1718,0,0.000000000,11.900,53,14,0
6,0,zero_drive,0,10.397040878,10.661297136,10.666907605,1718,0,0.000000000,11.900,53,14,0
6,0,zero_drive,0,10.397040878,10.667152631,10.672927225,1718,0,0.000000000,11.900,53,14,0
6,0,zero_drive,0,10.397040878,10.673177324,10.679076243,1718,0,0.000000000,11.900,53,13,0
6,0,zero_drive,0,10.397040878,10.679324555,10.685005164,1718,0,0.000000000,11.900,53,13,0
6,0,zero_drive,0,10.397040878,10.685252113,10.690908311,1718,0,0.000000000,11.900,53,13,0
6,0,zero_drive,0,10.397040878,10.691160666,10.697148515,1718,0,0.000000000,11.900,53,13,0
6,0,zero_drive,0,10.397040878,10.697404536,10.703042366,1718,0,0.000000000,11.900,53,13,0
6,0,zero_drive,0,10.397040878,10.703294125,10.709060064,1718,0,0.000000000,11.900,53,13,0
6,0,zero_drive,0,10.397040878,10.709311735,10.715177075,1718,0,0.000000000,11.900,53,13,0
6,0,zero_drive,0,10.397040878,10.715426692,10.721106666,1718,0,0.000000000,11.900,53,13,0
6,0,zero_drive,0,10.397040878,10.721357021,10.726987575,1718,0,0.000000000,11.900,53,14,0
6,0,zero_drive,0,10.397040878,10.727237530,10.733072096,1718,0,0.000000000,11.900,53,14,0
6,0,zero_drive,0,10.397040878,10.733313814,10.739156057,1718,0,0.000000000,11.900,53,14,0
6,0,zero_drive,0,10.397040878,10.739443782,10.745035202,1718,0,0.000000000,11.900,53,14,0
6,0,zero_drive,0,10.397040878,10.745283991,10.751117379,1718,0,0.000000000,11.900,53,14,0
6,0,zero_drive,0,10.397040878,10.751368790,10.757157464,1718,0,0.000000000,11.900,53,14,0
6,0,zero_drive,0,10.397040878,10.757406560,10.763026693,1718,0,0.000000000,11.900,53,13,0
6,0,zero_drive,0,10.397040878,10.763279182,10.768941024,1718,0,0.000000000,11.900,53,13,0
6,0,zero_drive,0,10.397040878,10.769200061,10.775149579,1718,0,0.000000000,11.900,53,14,0
6,0,zero_drive,0,10.397040878,10.775510943,10.781141807,1718,0,0.000000000,11.900,53,14,0
6,0,zero_drive,0,10.397040878,10.781393412,10.787024115,1718,0,0.000000000,11.900,53,14,0
6,0,zero_drive,0,10.397040878,10.787273611,10.793175985,1718,0,0.000000000,11.900,53,14,0
6,0,zero_drive,0,10.397040878,10.793426921,10.798913041,1718,0,0.000000000,11.900,53,14,0
6,0,zero_drive,0,10.397040878,10.799156419,10.805053344,1718,0,0.000000000,11.900,53,14,0
6,0,zero_drive,0,10.397040878,10.805303003,10.810975336,1718,0,0.000000000,11.900,53,13,0
6,0,zero_drive,0,10.397040878,10.811227011,10.817046470,1718,0,0.000000000,11.900,53,13,0
6,0,zero_drive,0,10.397040878,10.817291221,10.823129803,1718,0,0.000000000,11.900,53,13,0
6,0,zero_drive,0,10.397040878,10.823379972,10.829177271,1718,0,0.000000000,11.900,53,13,0
6,0,zero_drive,0,10.397040878,10.829424862,10.835064893,1718,0,0.000000000,11.900,53,14,0
6,0,zero_drive,0,10.397040878,10.835310223,10.840902119,1718,0,0.000000000,11.900,53,14,0
6,0,zero_drive,0,10.397040878,10.841194787,10.847135900,1718,0,0.000000000,11.900,53,14,0
6,0,zero_drive,0,10.397040878,10.847381716,10.852985182,1718,0,0.000000000,11.900,53,14,0
6,0,zero_drive,0,10.397040878,10.853234481,10.859214184,1718,0,0.000000000,11.900,53,14,0
6,0,zero_drive,0,10.397040878,10.859460194,10.865040890,1718,0,0.000000000,11.900,53,14,0
6,0,zero_drive,0,10.397040878,10.865285429,10.870975929,1718,0,0.000000000,11.900,53,14,0
6,0,zero_drive,0,10.397040878,10.871223673,10.877028776,1718,0,0.000000000,11.900,53,14,0
6,0,zero_drive,0,10.397040878,10.877276062,10.883256723,1718,0,0.000000000,11.900,53,14,0
6,0,zero_drive,0,10.397040878,10.883498979,10.889066785,1718,0,0.000000000,11.900,53,14,0
6,0,zero_drive,0,10.397040878,10.889312815,10.895131912,1718,0,0.000000000,11.900,53,13,0
6,0,zero_drive,0,10.397040878,10.895376410,10.901157741,1718,0,0.000000000,11.900,53,13,0
6,0,zero_drive,0,10.397040878,10.901426075,10.907013153,1718,0,0.000000000,11.900,53,13,0
6,0,zero_drive,0,10.397040878,10.907262103,10.912924015,1718,0,0.000000000,11.900,53,13,0
6,0,zero_drive,0,10.397040878,10.913179867,10.918995765,1718,0,0.000000000,11.900,53,13,0
6,0,zero_drive,0,10.397040878,10.919240730,10.925213737,1718,0,0.000000000,11.900,53,13,0
6,0,zero_drive,0,10.397040878,10.925499599,10.931076139,1718,0,0.000000000,11.900,53,14,0
6,0,zero_drive,0,10.397040878,10.931327281,10.937021575,1718,0,0.000000000,11.900,53,14,0
6,0,zero_drive,0,10.397040878,10.937323728,10.942886440,1718,0,0.000000000,11.900,53,14,0
6,0,zero_drive,0,10.397040878,10.943136280,10.949067170,1718,0,0.000000000,11.900,53,14,0
6,0,zero_drive,0,10.397040878,10.949314398,10.955142005,1718,0,0.000000000,11.900,53,13,0
6,0,zero_drive,0,10.397040878,10.955393832,10.961073075,1718,0,0.000000000,11.900,53,13,0
6,0,zero_drive,0,10.397040878,10.961320210,10.967021439,1718,0,0.000000000,11.900,53,14,0
6,0,zero_drive,0,10.397040878,10.967271768,10.973004807,1718,0,0.000000000,11.900,53,14,0
6,0,zero_drive,0,10.397040878,10.973257588,10.978972498,1718,0,0.000000000,11.900,53,14,0
6,0,zero_drive,0,10.397040878,10.979224670,10.985202747,1718,0,0.000000000,11.900,53,14,0
6,0,zero_drive,0,10.397040878,10.985454655,10.991105267,1718,0,0.000000000,11.900,53,14,0
6,0,zero_drive,0,10.397040878,10.991355013,10.996947562,1718,0,0.000000000,11.900,53,14,0
6,0,zero_drive,0,10.397040878,10.997209795,11.002889239,1718,0,0.000000000,11.900,53,13,0
6,0,zero_drive,0,10.397040878,11.003142326,11.009087415,1718,0,0.000000000,11.900,53,13,0
6,0,zero_drive,0,10.397040878,11.009390679,11.015102653,1718,0,0.000000000,11.900,53,14,0
6,0,zero_drive,0,10.397040878,11.015354607,11.021148435,1718,0,0.000000000,11.900,53,14,0
6,0,zero_drive,0,10.397040878,11.021399807,11.027074515,1718,0,0.000000000,11.900,53,14,0
6,0,zero_drive,0,10.397040878,11.027324003,11.032975631,1718,0,0.000000000,11.900,53,14,0
6,0,zero_drive,0,10.397040878,11.033223780,11.039041089,1718,0,0.000000000,11.900,53,13,0
6,0,zero_drive,0,10.397040878,11.039292085,11.045293036,1718,0,0.000000000,11.900,53,13,0
6,0,zero_drive,0,10.397040878,11.045544349,11.050924355,1718,0,0.000000000,11.900,53,14,0
6,0,zero_drive,0,10.397040878,11.051165497,11.057051770,1718,0,0.000000000,11.900,53,14,0
6,0,zero_drive,0,10.397040878,11.057303592,11.063045052,1718,0,0.000000000,11.900,53,13,0
6,0,zero_drive,0,10.397040878,11.063295755,11.069018765,1718,0,0.000000000,11.900,53,13,0
6,0,zero_drive,0,10.397040878,11.069311796,11.075104424,1718,0,0.000000000,11.900,53,14,0
6,0,zero_drive,0,10.397040878,11.075355738,11.081090594,1718,0,0.000000000,11.900,53,14,0
6,0,zero_drive,0,10.397040878,11.081341575,11.086987335,1718,0,0.000000000,11.900,53,14,0
6,0,zero_drive,0,10.397040878,11.087239287,11.092876900,1718,0,0.000000000,11.900,53,14,0
6,0,zero_drive,0,10.397040878,11.093127133,11.098925493,1718,0,0.000000000,11.900,53,13,0
6,0,zero_drive,0,10.397040878,11.099160645,11.105051107,1718,0,0.000000000,11.900,53,13,0
6,0,zero_drive,0,10.397040878,11.105286033,11.111019477,1718,0,0.000000000,11.900,53,13,0
6,0,zero_drive,0,10.397040878,11.111231023,11.116780987,1718,0,0.000000000,11.900,53,13,0
6,0,zero_drive,0,10.397040878,11.116986659,11.122899370,1718,0,0.000000000,11.900,53,13,0
6,0,zero_drive,0,10.397040878,11.123120026,11.129007333,1718,0,0.000000000,11.900,53,13,0
6,0,zero_drive,0,10.397040878,11.129234472,11.135159766,1718,0,0.000000000,11.900,53,14,0
6,0,zero_drive,0,10.397040878,11.135397695,11.140978230,1718,0,0.000000000,11.900,53,14,0
6,0,zero_drive,0,10.397040878,11.141217767,11.146778744,1718,0,0.000000000,11.900,53,13,0
6,0,zero_drive,0,10.397040878,11.146993424,11.152825603,1718,0,0.000000000,11.900,53,13,0
6,0,zero_drive,0,10.397040878,11.153041894,11.158940066,1718,0,0.000000000,11.900,53,14,0
6,0,zero_drive,0,10.397040878,11.159168141,11.164889339,1718,0,0.000000000,11.900,53,14,0
6,0,zero_drive,0,10.397040878,11.165094961,11.170751672,1718,0,0.000000000,11.900,53,14,0
6,0,zero_drive,0,10.397040878,11.170960389,11.176858485,1718,0,0.000000000,11.900,53,14,0
6,0,zero_drive,0,10.397040878,11.177063117,11.182757519,1718,0,0.000000000,11.900,53,13,0
6,0,zero_drive,0,10.397040878,11.182962455,11.188966553,1718,0,0.000000000,11.900,53,13,0
6,0,zero_drive,0,10.397040878,11.189180031,11.195027867,1718,0,0.000000000,11.900,53,14,0
6,0,zero_drive,0,10.397040878,11.195253808,11.200786580,1718,0,0.000000000,11.900,53,14,0
6,0,zero_drive,0,10.397040878,11.200984462,11.206873761,1718,0,0.000000000,11.900,53,14,0
6,0,zero_drive,0,10.397040878,11.207081694,11.212749728,1718,0,0.000000000,11.900,53,14,0
6,0,zero_drive,0,10.397040878,11.212959725,11.218932232,1718,0,0.000000000,11.900,53,14,0
6,0,zero_drive,0,10.397040878,11.219148386,11.224811113,1718,0,0.000000000,11.900,53,14,0
6,0,zero_drive,0,10.397040878,11.225015936,11.230763087,1718,0,0.000000000,11.900,53,14,0
6,0,zero_drive,0,10.397040878,11.230964850,11.236852708,1718,0,0.000000000,11.900,53,14,0
6,0,zero_drive,0,10.397040878,11.237082203,11.242988542,1718,0,0.000000000,11.900,53,13,0
6,0,zero_drive,0,10.397040878,11.243222067,11.249036028,1718,0,0.000000000,11.900,53,13,0
6,0,zero_drive,0,10.397040878,11.249280820,11.254883267,1718,0,0.000000000,11.900,53,14,0
6,0,zero_drive,0,10.397040878,11.255132593,11.260897105,1718,0,0.000000000,11.900,53,14,0
6,0,zero_drive,0,10.397040878,11.261146390,11.267171568,1718,0,0.000000000,11.900,53,14,0
6,0,zero_drive,0,10.397040878,11.267414459,11.273130182,1718,0,0.000000000,11.900,53,14,0
6,0,zero_drive,0,10.397040878,11.273379689,11.279087078,1718,0,0.000000000,11.900,53,14,0
6,0,zero_drive,0,10.397040878,11.279339080,11.285146800,1718,0,0.000000000,11.900,53,14,0
6,0,zero_drive,0,10.397040878,11.285451938,11.290885424,1718,0,0.000000000,11.900,53,14,0
6,0,zero_drive,0,10.397040878,11.291138682,11.297069665,1718,0,0.000000000,11.900,53,14,0
6,0,zero_drive,0,10.397040878,11.297330963,11.303133165,1718,0,0.000000000,11.900,53,14,0
6,0,zero_drive,0,10.397040878,11.303388239,11.309177116,1718,0,0.000000000,11.900,53,14,0
6,0,zero_drive,0,10.397040878,11.309424308,11.315128406,1718,0,0.000000000,11.900,53,14,0
6,0,zero_drive,0,10.397040878,11.315372817,11.320932718,1718,0,0.000000000,11.900,53,14,0
6,0,zero_drive,0,10.397040878,11.321182518,11.327050695,1718,0,0.000000000,11.900,53,13,0
6,0,zero_drive,0,10.397040878,11.327301470,11.332915940,1718,0,0.000000000,11.900,53,13,0
6,0,zero_drive,0,10.397040878,11.333159839,11.339022253,1718,0,0.000000000,11.900,53,14,0
6,0,zero_drive,0,10.397040878,11.339266831,11.345083412,1718,0,0.000000000,11.900,53,14,0
6,0,zero_drive,0,10.397040878,11.345333024,11.350855291,1718,0,0.000000000,11.900,53,14,0
6,0,zero_drive,0,10.397040878,11.351095750,11.356936038,1718,0,0.000000000,11.900,53,14,0
6,0,zero_drive,0,10.397040878,11.357185993,11.362894044,1718,0,0.000000000,11.900,53,14,0
6,1,pulse,50,11.375291711,11.380890974,11.386972939,1718,0,0.000000000,11.900,53,17,0
6,1,pulse,50,11.375291711,11.387226604,11.393132747,1718,0,0.000000000,11.900,53,17,0
6,1,pulse,50,11.375291711,11.393382462,11.398900046,1718,0,0.000000000,11.900,53,19,0
6,1,pulse,50,11.375291711,11.399145326,11.404933941,1718,0,0.000000000,11.900,53,19,0
6,1,pulse,50,11.375291711,11.405180575,11.411158124,1718,0,0.000000000,11.900,53,20,0
6,1,pulse,50,11.375291711,11.411414727,11.416924057,1718,0,0.000000000,11.900,53,20,0
6,1,pulse,50,11.375291711,11.417176796,11.423068477,1718,0,0.000000000,11.900,53,21,0
6,1,pulse,50,11.375291711,11.423317534,11.429068412,1718,0,0.000000000,11.900,53,21,0
6,1,pulse,50,11.375291711,11.429316768,11.435028202,1718,0,0.000000000,11.900,53,20,0
6,1,pulse,50,11.375291711,11.435277047,11.440857567,1718,0,0.000000000,11.900,53,20,0
6,1,pulse,50,11.375291711,11.441111424,11.446877871,1718,0,0.000000000,11.900,53,19,0
6,1,pulse,50,11.375291711,11.447134770,11.453000599,1718,0,0.000000000,11.900,53,19,0
6,1,pulse,50,11.375291711,11.453247729,11.458860643,1719,0,0.000000000,11.900,53,19,0
6,1,pulse,50,11.375291711,11.459094700,11.464873289,1719,50,0.076699039,11.900,53,19,0
6,1,pulse,50,11.375291711,11.465115147,11.471030190,1720,50,0.076699039,11.900,53,18,0
6,1,pulse,50,11.375291711,11.471281659,11.477114123,1720,50,0.076699039,11.900,53,18,0
6,1,pulse,50,11.375291711,11.477364935,11.483074078,1721,50,0.076699039,11.900,53,18,0
6,1,pulse,50,11.375291711,11.483320145,11.488964690,1722,100,0.153398079,11.900,53,18,0
6,1,pulse,50,11.375291711,11.489210686,11.495045839,1722,100,0.153398079,11.900,53,18,0
6,1,pulse,50,11.375291711,11.495293533,11.501051178,1723,100,0.153398079,11.900,53,18,0
6,1,pulse,50,11.375291711,11.501461913,11.507079947,1723,100,0.153398079,11.900,53,18,0
6,1,pulse,50,11.375291711,11.507327078,11.513054738,1724,100,0.153398079,11.900,53,18,0
6,1,pulse,50,11.375291711,11.513301220,11.518890647,1725,100,0.153398079,11.900,53,19,0
6,1,pulse,50,11.375291711,11.519135096,11.524911899,1725,100,0.153398079,11.900,53,19,0
6,1,pulse,50,11.375291711,11.525165789,11.530878825,1726,100,0.153398079,11.900,53,18,0
6,1,zero_drive,0,11.375291711,11.542949694,11.549034519,1727,100,0.153398079,11.900,53,16,0
6,1,zero_drive,0,11.375291711,11.549282408,11.555007468,1727,100,0.153398079,11.900,53,15,0
6,1,zero_drive,0,11.375291711,11.555257771,11.560910514,1728,100,0.153398079,11.900,53,15,0
6,1,zero_drive,0,11.375291711,11.561162974,11.566984185,1728,100,0.153398079,11.900,53,14,0
6,1,zero_drive,0,11.375291711,11.567226871,11.572972669,1728,0,0.000000000,11.900,53,14,0
6,1,zero_drive,0,11.375291711,11.573221324,11.579183616,1728,0,0.000000000,11.900,53,14,0
6,1,zero_drive,0,11.375291711,11.579430444,11.584936228,1728,0,0.000000000,11.900,53,14,0
6,1,zero_drive,0,11.375291711,11.585188576,11.590997960,1728,0,0.000000000,11.900,53,13,0
6,1,zero_drive,0,11.375291711,11.591287759,11.596973144,1728,0,0.000000000,11.900,53,13,0
6,1,zero_drive,0,11.375291711,11.597235150,11.602885252,1728,0,0.000000000,11.900,53,14,0
6,1,zero_drive,0,11.375291711,11.603203338,11.609227331,1728,0,0.000000000,11.900,53,14,0
6,1,zero_drive,0,11.375291711,11.609474760,11.614971278,1728,0,0.000000000,11.900,53,13,0
6,1,zero_drive,0,11.375291711,11.615218258,11.621021961,1728,0,0.000000000,11.900,53,13,0
6,1,zero_drive,0,11.375291711,11.621268301,11.626898322,1728,0,0.000000000,11.900,53,13,0
6,1,zero_drive,0,11.375291711,11.627145366,11.632931921,1728,0,0.000000000,11.900,53,13,0
6,1,zero_drive,0,11.375291711,11.633176115,11.639024760,1728,0,0.000000000,11.900,53,13,0
6,1,zero_drive,0,11.375291711,11.639269667,11.644971262,1728,0,0.000000000,11.900,53,13,0
6,1,zero_drive,0,11.375291711,11.645219213,11.650911334,1728,0,0.000000000,11.900,53,13,0
6,1,zero_drive,0,11.375291711,11.651158842,11.657020215,1728,0,0.000000000,11.900,53,13,0
6,1,zero_drive,0,11.375291711,11.657268292,11.663071741,1728,0,0.000000000,11.900,53,14,0
6,1,zero_drive,0,11.375291711,11.663316621,11.668976539,1728,0,0.000000000,11.900,53,14,0
6,1,zero_drive,0,11.375291711,11.669225809,11.675081872,1728,0,0.000000000,11.900,53,13,0
6,1,zero_drive,0,11.375291711,11.675339613,11.681038420,1728,0,0.000000000,11.900,53,13,0
6,1,zero_drive,0,11.375291711,11.681285019,11.686923202,1728,0,0.000000000,11.900,53,13,0
6,1,zero_drive,0,11.375291711,11.687174010,11.693060216,1728,0,0.000000000,11.900,53,13,0
6,1,zero_drive,0,11.375291711,11.693309984,11.698958383,1728,0,0.000000000,11.900,53,13,0
6,1,zero_drive,0,11.375291711,11.699200030,11.704978071,1728,0,0.000000000,11.900,53,13,0
6,1,zero_drive,0,11.375291711,11.705229146,11.710856571,1728,0,0.000000000,11.900,53,13,0
6,1,zero_drive,0,11.375291711,11.711106824,11.716972914,1728,0,0.000000000,11.900,53,13,0
6,1,zero_drive,0,11.375291711,11.717217001,11.722998907,1728,0,0.000000000,11.900,53,14,0
6,1,zero_drive,0,11.375291711,11.723247970,11.728900804,1728,0,0.000000000,11.900,53,14,0
6,1,zero_drive,0,11.375291711,11.729148659,11.734991018,1728,0,0.000000000,11.900,53,13,0
6,1,zero_drive,0,11.375291711,11.735348596,11.740898184,1728,0,0.000000000,11.900,53,13,0
6,1,zero_drive,0,11.375291711,11.741146197,11.747028729,1728,0,0.000000000,11.900,53,13,0
6,1,zero_drive,0,11.375291711,11.747285449,11.752948509,1728,0,0.000000000,11.900,53,13,0
6,1,zero_drive,0,11.375291711,11.753199824,11.758810408,1728,0,0.000000000,11.900,53,14,0
6,1,zero_drive,0,11.375291711,11.759057537,11.764901694,1728,0,0.000000000,11.900,53,14,0
6,1,zero_drive,0,11.375291711,11.765146208,11.771054845,1728,0,0.000000000,11.900,53,13,0
6,1,zero_drive,0,11.375291711,11.771304449,11.777006164,1728,0,0.000000000,11.900,53,13,0
6,1,zero_drive,0,11.375291711,11.777261387,11.783023152,1728,0,0.000000000,11.900,53,14,0
6,1,zero_drive,0,11.375291711,11.783270748,11.789034421,1728,0,0.000000000,11.900,53,14,0
6,1,zero_drive,0,11.375291711,11.789280908,11.794979067,1728,0,0.000000000,11.900,53,14,0
6,1,zero_drive,0,11.375291711,11.795226789,11.800785517,1728,0,0.000000000,11.900,53,14,0
6,1,zero_drive,0,11.375291711,11.801031858,11.806942326,1728,0,0.000000000,11.900,53,13,0
6,1,zero_drive,0,11.375291711,11.807187587,11.812965119,1728,0,0.000000000,11.900,53,13,0
6,1,zero_drive,0,11.375291711,11.813216171,11.819024592,1728,0,0.000000000,11.900,53,14,0
6,1,zero_drive,0,11.375291711,11.819329498,11.825059802,1728,0,0.000000000,11.900,53,14,0
6,1,zero_drive,0,11.375291711,11.825321307,11.831049053,1728,0,0.000000000,11.900,53,13,0
6,1,zero_drive,0,11.375291711,11.831297290,11.836904987,1728,0,0.000000000,11.900,53,13,0
6,1,zero_drive,0,11.375291711,11.837175603,11.842822046,1728,0,0.000000000,11.900,53,13,0
6,1,zero_drive,0,11.375291711,11.843071793,11.848883740,1728,0,0.000000000,11.900,53,13,0
6,1,zero_drive,0,11.375291711,11.849140012,11.854952379,1728,0,0.000000000,11.900,53,14,0
6,1,zero_drive,0,11.375291711,11.855198786,11.861056136,1728,0,0.000000000,11.900,53,14,0
6,1,zero_drive,0,11.375291711,11.861305854,11.866923308,1728,0,0.000000000,11.900,53,14,0
6,1,zero_drive,0,11.375291711,11.867198442,11.873161926,1728,0,0.000000000,11.900,53,14,0
6,1,zero_drive,0,11.375291711,11.873409388,11.878873921,1728,0,0.000000000,11.900,53,14,0
6,1,zero_drive,0,11.375291711,11.879126332,11.884916309,1728,0,0.000000000,11.900,53,14,0
6,1,zero_drive,0,11.375291711,11.885170611,11.890831158,1728,0,0.000000000,11.900,53,14,0
6,1,zero_drive,0,11.375291711,11.891084052,11.896853838,1728,0,0.000000000,11.900,53,14,0
6,1,zero_drive,0,11.375291711,11.897109142,11.903120953,1728,0,0.000000000,11.900,53,13,0
6,1,zero_drive,0,11.375291711,11.903383341,11.908994533,1728,0,0.000000000,11.900,53,13,0
6,1,zero_drive,0,11.375291711,11.909243133,11.914953185,1728,0,0.000000000,11.900,53,13,0
6,1,zero_drive,0,11.375291711,11.915216165,11.921059923,1728,0,0.000000000,11.900,53,13,0
6,1,zero_drive,0,11.375291711,11.921310540,11.926858594,1728,0,0.000000000,11.900,53,14,0
6,1,zero_drive,0,11.375291711,11.927109799,11.932985773,1728,0,0.000000000,11.900,53,14,0
6,1,zero_drive,0,11.375291711,11.933230285,11.938996348,1728,0,0.000000000,11.900,53,14,0
6,1,zero_drive,0,11.375291711,11.939243105,11.944914963,1728,0,0.000000000,11.900,53,14,0
6,1,zero_drive,0,11.375291711,11.945166425,11.951094228,1728,0,0.000000000,11.900,53,13,0
6,1,zero_drive,0,11.375291711,11.951342328,11.956943666,1728,0,0.000000000,11.900,53,13,0
6,1,zero_drive,0,11.375291711,11.957197637,11.962946146,1728,0,0.000000000,11.900,53,14,0
6,1,zero_drive,0,11.375291711,11.963194809,11.968947883,1728,0,0.000000000,11.900,53,14,0
6,1,zero_drive,0,11.375291711,11.969198017,11.975069724,1728,0,0.000000000,11.900,53,14,0
6,1,zero_drive,0,11.375291711,11.975491610,11.980911018,1728,0,0.000000000,11.900,53,14,0
6,1,zero_drive,0,11.375291711,11.981170076,11.987015488,1728,0,0.000000000,11.900,53,14,0
6,1,zero_drive,0,11.375291711,11.987269533,11.992949557,1728,0,0.000000000,11.900,53,14,0
6,1,zero_drive,0,11.375291711,11.993203827,11.998855765,1728,0,0.000000000,11.900,53,14,0
6,1,zero_drive,0,11.375291711,11.999102788,12.004952879,1728,0,0.000000000,11.900,53,14,0
6,1,zero_drive,0,11.375291711,12.005203177,12.011099568,1728,0,0.000000000,11.900,53,14,0
6,1,zero_drive,0,11.375291711,12.011386728,12.016802127,1728,0,0.000000000,11.900,53,14,0
6,1,zero_drive,0,11.375291711,12.017048895,12.023032876,1728,0,0.000000000,11.900,53,14,0
6,1,zero_drive,0,11.375291711,12.023280647,12.028827777,1728,0,0.000000000,11.900,53,14,0
6,1,zero_drive,0,11.375291711,12.029080428,12.035147133,1728,0,0.000000000,11.900,53,13,0
6,1,zero_drive,0,11.375291711,12.035394613,12.041037408,1728,0,0.000000000,11.900,53,13,0
6,1,zero_drive,0,11.375291711,12.041289900,12.046882137,1728,0,0.000000000,11.900,53,14,0
6,1,zero_drive,0,11.375291711,12.047140607,12.052903373,1728,0,0.000000000,11.900,53,14,0
6,1,zero_drive,0,11.375291711,12.053156040,12.058928682,1728,0,0.000000000,11.900,53,14,0
6,1,zero_drive,0,11.375291711,12.059176581,12.064767455,1728,0,0.000000000,11.900,53,14,0
6,1,zero_drive,0,11.375291711,12.065010743,12.071065445,1728,0,0.000000000,11.900,53,13,0
6,1,zero_drive,0,11.375291711,12.071323838,12.076834391,1728,0,0.000000000,11.900,53,13,0
6,1,zero_drive,0,11.375291711,12.077087308,12.083036017,1728,0,0.000000000,11.900,53,13,0
6,1,zero_drive,0,11.375291711,12.083305353,12.088941162,1728,0,0.000000000,11.900,53,13,0
6,1,zero_drive,0,11.375291711,12.089192475,12.094890283,1728,0,0.000000000,11.900,53,14,0
6,1,zero_drive,0,11.375291711,12.095140457,12.100783186,1728,0,0.000000000,11.900,53,14,0
6,1,zero_drive,0,11.375291711,12.101027131,12.107073108,1728,0,0.000000000,11.900,53,14,0
6,1,zero_drive,0,11.375291711,12.107324033,12.112868831,1728,0,0.000000000,12.000,53,14,0
6,1,zero_drive,0,11.375291711,12.113117787,12.118810223,1728,0,0.000000000,12.000,53,14,0
6,1,zero_drive,0,11.375291711,12.119077334,12.125031271,1728,0,0.000000000,11.900,53,14,0
6,1,zero_drive,0,11.375291711,12.125302433,12.131104287,1728,0,0.000000000,11.900,53,14,0
6,1,zero_drive,0,11.375291711,12.131354077,12.136892624,1728,0,0.000000000,11.900,53,14,0
6,1,zero_drive,0,11.375291711,12.137183130,12.142872751,1728,0,0.000000000,11.900,53,14,0
6,1,zero_drive,0,11.375291711,12.143127038,12.149021975,1728,0,0.000000000,11.900,53,14,0
6,1,zero_drive,0,11.375291711,12.149265642,12.154919717,1728,0,0.000000000,11.900,53,14,0
6,1,zero_drive,0,11.375291711,12.155167627,12.160885412,1728,0,0.000000000,11.900,53,14,0
6,1,zero_drive,0,11.375291711,12.161135176,12.166978619,1728,0,0.000000000,11.900,53,13,0
6,1,zero_drive,0,11.375291711,12.167221682,12.172932803,1728,0,0.000000000,11.900,53,13,0
6,1,zero_drive,0,11.375291711,12.173180675,12.179032355,1728,0,0.000000000,11.900,53,13,0
6,1,zero_drive,0,11.375291711,12.179281517,12.185089625,1728,0,0.000000000,11.900,53,13,0
6,1,zero_drive,0,11.375291711,12.185394408,12.190997239,1728,0,0.000000000,11.900,53,13,0
6,1,zero_drive,0,11.375291711,12.191244358,12.196899915,1728,0,0.000000000,12.000,53,13,0
6,1,zero_drive,0,11.375291711,12.197175003,12.202809258,1728,0,0.000000000,12.000,53,13,0
6,1,zero_drive,0,11.375291711,12.203061658,12.208907252,1728,0,0.000000000,11.900,53,13,0
6,1,zero_drive,0,11.375291711,12.209157653,12.214993403,1728,0,0.000000000,11.900,53,14,0
6,1,zero_drive,0,11.375291711,12.215238063,12.220964403,1728,0,0.000000000,11.900,53,14,0
6,1,zero_drive,0,11.375291711,12.221213743,12.226843793,1728,0,0.000000000,11.900,53,13,0
6,1,zero_drive,0,11.375291711,12.227094706,12.232925962,1728,0,0.000000000,11.900,53,13,0
6,1,zero_drive,0,11.375291711,12.233176806,12.239090334,1728,0,0.000000000,11.900,53,13,0
6,1,zero_drive,0,11.375291711,12.239338717,12.245004124,1728,0,0.000000000,11.900,53,13,0
6,1,zero_drive,0,11.375291711,12.245258432,12.250886443,1728,0,0.000000000,11.900,53,13,0
6,1,zero_drive,0,11.375291711,12.251217438,12.256900077,1728,0,0.000000000,11.900,53,13,0
6,1,zero_drive,0,11.375291711,12.257149372,12.262856728,1728,0,0.000000000,11.900,53,14,0
6,1,zero_drive,0,11.375291711,12.263105162,12.269018159,1728,0,0.000000000,11.900,53,14,0
6,1,zero_drive,0,11.375291711,12.269268358,12.274882223,1728,0,0.000000000,11.900,53,14,0
6,1,zero_drive,0,11.375291711,12.275129810,12.280824640,1728,0,0.000000000,11.900,53,14,0
6,1,zero_drive,0,11.375291711,12.281073741,12.286782143,1728,0,0.000000000,11.900,53,13,0
6,1,zero_drive,0,11.375291711,12.287031972,12.292889637,1728,0,0.000000000,11.900,53,13,0
6,1,zero_drive,0,11.375291711,12.293127189,12.298928089,1728,0,0.000000000,11.900,53,13,0
6,1,zero_drive,0,11.375291711,12.299167997,12.304956997,1728,0,0.000000000,11.900,53,13,0
6,1,zero_drive,0,11.375291711,12.305202317,12.310894362,1728,0,0.000000000,11.900,53,13,0
6,1,zero_drive,0,11.375291711,12.311125644,12.316746302,1728,0,0.000000000,11.900,53,13,0
6,1,zero_drive,0,11.375291711,12.316987924,12.322885456,1728,0,0.000000000,11.900,53,14,0
6,1,zero_drive,0,11.375291711,12.323132160,12.328948770,1728,0,0.000000000,11.900,53,14,0
6,1,zero_drive,0,11.375291711,12.329187952,12.335043322,1728,0,0.000000000,11.900,53,14,0
6,1,zero_drive,0,11.375291711,12.335289100,12.340905508,1728,0,0.000000000,11.900,53,14,0
6,1,zero_drive,0,11.375291711,12.341153942,12.346761564,1728,0,0.000000000,11.900,53,14,0
6,2,pulse,100,12.358966700,12.364678837,12.371056920,1728,0,0.000000000,11.900,53,25,0
6,2,pulse,100,12.358966700,12.371298471,12.376934362,1728,0,0.000000000,11.900,53,25,0
6,2,pulse,100,12.358966700,12.377174037,12.382773728,1728,0,0.000000000,11.900,53,31,0
6,2,pulse,100,12.358966700,12.383008863,12.388856519,1729,100,0.153398079,11.900,53,31,0
6,2,pulse,100,12.358966700,12.389095237,12.394842980,1730,100,0.153398079,11.900,53,30,0
6,2,pulse,100,12.358966700,12.395089056,12.401054606,1731,200,0.306796158,11.900,53,30,0
6,2,pulse,100,12.358966700,12.401479261,12.406930773,1732,200,0.306796158,11.900,53,28,0
6,2,pulse,100,12.358966700,12.407175797,12.412904122,1733,200,0.306796158,11.900,53,28,0
6,2,pulse,100,12.358966700,12.413149029,12.418930067,1734,200,0.306796158,11.900,53,26,0
6,2,pulse,100,12.358966700,12.419183699,12.425041273,1736,200,0.306796158,11.900,53,26,0
6,2,pulse,100,12.358966700,12.425281397,12.430855932,1737,200,0.306796158,11.900,53,26,0
6,2,pulse,100,12.358966700,12.431136993,12.436978458,1738,250,0.383495197,11.900,53,26,0
6,2,pulse,100,12.358966700,12.437238580,12.442876886,1740,250,0.383495197,11.900,53,25,0
6,2,pulse,100,12.358966700,12.443120972,12.448767319,1741,250,0.383495197,11.900,53,25,0
6,2,pulse,100,12.358966700,12.449019589,12.454917066,1743,250,0.383495197,11.900,53,25,0
6,2,pulse,100,12.358966700,12.455166892,12.460794001,1744,200,0.306796158,11.900,53,25,0
6,2,pulse,100,12.358966700,12.461130885,12.466914668,1745,200,0.306796158,11.900,53,24,0
6,2,pulse,100,12.358966700,12.467159723,12.472760791,1747,200,0.306796158,11.900,53,24,0
6,2,pulse,100,12.358966700,12.473013452,12.478764271,1748,200,0.306796158,11.900,53,24,0
6,2,pulse,100,12.358966700,12.479017385,12.485415960,1749,200,0.306796158,11.900,53,24,0
6,2,pulse,100,12.358966700,12.485667874,12.490775910,1751,200,0.306796158,11.900,53,24,0
6,2,pulse,100,12.358966700,12.491031470,12.496897653,1752,200,0.306796158,11.900,53,24,0
6,2,pulse,100,12.358966700,12.497151138,12.502998343,1754,200,0.306796158,11.900,53,24,0
6,2,pulse,100,12.358966700,12.503257871,12.508849138,1755,250,0.383495197,11.900,53,24,0
6,2,zero_drive,0,12.358966700,12.520774657,12.526970157,1759,250,0.383495197,11.900,53,19,0
6,2,zero_drive,0,12.358966700,12.527222633,12.532832211,1759,100,0.153398079,11.900,53,19,0
6,2,zero_drive,0,12.358966700,12.533097127,12.538986495,1760,100,0.153398079,11.900,53,16,0
6,2,zero_drive,0,12.358966700,12.539231567,12.544812563,1760,100,0.153398079,11.900,53,16,0
6,2,zero_drive,0,12.358966700,12.545127369,12.551001533,1760,100,0.153398079,11.900,53,14,0
6,2,zero_drive,0,12.358966700,12.551248262,12.556936469,1760,0,0.000000000,11.900,53,14,0
6,2,zero_drive,0,12.358966700,12.557187004,12.562843550,1760,0,0.000000000,11.900,53,14,0
6,2,zero_drive,0,12.358966700,12.563088720,12.568766963,1760,0,0.000000000,11.900,53,14,0
6,2,zero_drive,0,12.358966700,12.569029652,12.574932214,1760,0,0.000000000,11.900,53,14,0
6,2,zero_drive,0,12.358966700,12.575183355,12.580998715,1760,0,0.000000000,11.900,53,14,0
6,2,zero_drive,0,12.358966700,12.581241852,12.587013887,1760,0,0.000000000,11.900,53,14,0
6,2,zero_drive,0,12.358966700,12.587266251,12.593030022,1760,0,0.000000000,11.900,53,14,0
6,2,zero_drive,0,12.358966700,12.593287977,12.599008304,1760,0,0.000000000,11.900,53,14,0
6,2,zero_drive,0,12.358966700,12.599319982,12.604818017,1760,0,0.000000000,11.900,53,14,0
6,2,zero_drive,0,12.358966700,12.605067050,12.610983574,1760,0,0.000000000,11.900,53,14,0
6,2,zero_drive,0,12.358966700,12.611232049,12.616894717,1760,0,0.000000000,11.900,53,14,0
6,2,zero_drive,0,12.358966700,12.617138752,12.622992301,1760,0,0.000000000,11.900,53,13,0
6,2,zero_drive,0,12.358966700,12.623242097,12.628898730,1760,0,0.000000000,11.900,53,13,0
6,2,zero_drive,0,12.358966700,12.629157252,12.634962448,1760,0,0.000000000,11.900,53,13,0
6,2,zero_drive,0,12.358966700,12.635210097,12.640840476,1760,0,0.000000000,11.900,53,13,0
6,2,zero_drive,0,12.358966700,12.641089085,12.646733473,1760,0,0.000000000,11.900,53,14,0
6,2,zero_drive,0,12.358966700,12.646980418,12.652754008,1760,0,0.000000000,11.900,53,14,0
6,2,zero_drive,0,12.358966700,12.653024360,12.658899068,1760,0,0.000000000,11.900,53,13,0
6,2,zero_drive,0,12.358966700,12.659144777,12.664832967,1760,0,0.000000000,11.900,53,13,0
6,2,zero_drive,0,12.358966700,12.665087147,12.670918505,1760,0,0.000000000,11.900,53,14,0
6,2,zero_drive,0,12.358966700,12.671164626,12.676709055,1760,0,0.000000000,11.900,53,14,0
6,2,zero_drive,0,12.358966700,12.676963547,12.682745595,1760,0,0.000000000,11.900,53,13,0
6,2,zero_drive,0,12.358966700,12.682992128,12.688857071,1760,0,0.000000000,11.900,53,13,0
6,2,zero_drive,0,12.358966700,12.689103453,12.694907903,1760,0,0.000000000,11.900,53,13,0
6,2,zero_drive,0,12.358966700,12.695159572,12.700906098,1760,0,0.000000000,11.900,53,13,0
6,2,zero_drive,0,12.358966700,12.701156748,12.706967085,1760,0,0.000000000,11.900,53,14,0
6,2,zero_drive,0,12.358966700,12.707215106,12.712900331,1760,0,0.000000000,11.900,53,14,0
6,2,zero_drive,0,12.358966700,12.713148519,12.718949765,1760,0,0.000000000,11.900,53,13,0
6,2,zero_drive,0,12.358966700,12.719233404,12.725000875,1760,0,0.000000000,11.900,53,13,0
6,2,zero_drive,0,12.358966700,12.725248299,12.730827171,1760,0,0.000000000,11.900,53,13,0
6,2,zero_drive,0,12.358966700,12.731078124,12.736978481,1760,0,0.000000000,11.900,53,13,0
6,2,zero_drive,0,12.358966700,12.737277706,12.742974991,1760,0,0.000000000,11.900,53,13,0
6,2,zero_drive,0,12.358966700,12.743224093,12.748924085,1760,0,0.000000000,11.900,53,13,0
6,2,zero_drive,0,12.358966700,12.749171564,12.754784063,1760,0,0.000000000,11.900,53,14,0
6,2,zero_drive,0,12.358966700,12.755036319,12.760923888,1760,0,0.000000000,11.900,53,14,0
6,2,zero_drive,0,12.358966700,12.761177116,12.766821376,1760,0,0.000000000,11.900,53,14,0
6,2,zero_drive,0,12.358966700,12.767062543,12.772923336,1760,0,0.000000000,11.900,53,14,0
6,2,zero_drive,0,12.358966700,12.773178550,12.778903157,1760,0,0.000000000,11.900,53,14,0
6,2,zero_drive,0,12.358966700,12.779152168,12.784951205,1760,0,0.000000000,11.900,53,14,0
6,2,zero_drive,0,12.358966700,12.785203591,12.791020461,1760,0,0.000000000,11.900,53,13,0
6,2,zero_drive,0,12.358966700,12.791268626,12.796819466,1760,0,0.000000000,11.900,53,13,0
6,2,zero_drive,0,12.358966700,12.797073056,12.802815132,1760,0,0.000000000,11.900,53,13,0
6,2,zero_drive,0,12.358966700,12.803078355,12.808777997,1760,0,0.000000000,11.900,53,13,0
6,2,zero_drive,0,12.358966700,12.809031960,12.814860434,1760,0,0.000000000,11.900,53,13,0
6,2,zero_drive,0,12.358966700,12.815108848,12.820962481,1760,0,0.000000000,11.900,53,13,0
6,2,zero_drive,0,12.358966700,12.821266866,12.826994411,1760,0,0.000000000,11.900,53,13,0
6,2,zero_drive,0,12.358966700,12.827319226,12.832857441,1760,0,0.000000000,11.900,53,13,0
6,2,zero_drive,0,12.358966700,12.833104141,12.838853427,1760,0,0.000000000,11.900,53,14,0
6,2,zero_drive,0,12.358966700,12.839101530,12.844723077,1760,0,0.000000000,11.900,53,14,0
6,2,zero_drive,0,12.358966700,12.844971718,12.850750460,1760,0,0.000000000,11.900,53,13,0
6,2,zero_drive,0,12.358966700,12.851082195,12.856852145,1760,0,0.000000000,11.900,53,13,0
6,2,zero_drive,0,12.358966700,12.857101414,12.862925970,1760,0,0.000000000,11.900,53,13,0
6,2,zero_drive,0,12.358966700,12.863175161,12.868883726,1760,0,0.000000000,11.900,53,13,0
6,2,zero_drive,0,12.358966700,12.869133668,12.874837552,1760,0,0.000000000,11.900,53,13,0
6,2,zero_drive,0,12.358966700,12.875117797,12.880724946,1760,0,0.000000000,11.900,53,13,0
6,2,zero_drive,0,12.358966700,12.880993926,12.886826440,1760,0,0.000000000,11.900,53,14,0
6,2,zero_drive,0,12.358966700,12.887078136,12.892979351,1760,0,0.000000000,11.900,53,14,0
6,2,zero_drive,0,12.358966700,12.893229390,12.898732091,1760,0,0.000000000,11.900,53,13,0
6,2,zero_drive,0,12.358966700,12.898974348,12.904782871,1760,0,0.000000000,11.900,53,13,0
6,2,zero_drive,0,12.358966700,12.905035036,12.910740940,1760,0,0.000000000,11.900,53,13,0
6,2,zero_drive,0,12.358966700,12.910994221,12.916917901,1760,0,0.000000000,11.900,53,13,0
6,2,zero_drive,0,12.358966700,12.917160521,12.922819426,1760,0,0.000000000,11.900,53,14,0
6,2,zero_drive,0,12.358966700,12.923070636,12.928756014,1760,0,0.000000000,11.900,53,14,0
6,2,zero_drive,0,12.358966700,12.929039497,12.935061445,1760,0,0.000000000,11.900,53,13,0
6,2,zero_drive,0,12.358966700,12.935354719,12.940961933,1760,0,0.000000000,11.900,53,13,0
6,2,zero_drive,0,12.358966700,12.941211494,12.946728191,1760,0,0.000000000,11.900,53,14,0
6,2,zero_drive,0,12.358966700,12.946979331,12.953026134,1760,0,0.000000000,11.900,53,14,0
6,2,zero_drive,0,12.358966700,12.953277359,12.959064733,1760,0,0.000000000,11.900,53,13,0
6,2,zero_drive,0,12.358966700,12.959330974,12.964868722,1760,0,0.000000000,11.900,53,13,0
6,2,zero_drive,0,12.358966700,12.965116039,12.970761626,1760,0,0.000000000,11.900,53,14,0
6,2,zero_drive,0,12.358966700,12.971007715,12.976912186,1760,0,0.000000000,11.900,53,14,0
6,2,zero_drive,0,12.358966700,12.977166302,12.982726481,1760,0,0.000000000,11.900,53,13,0
6,2,zero_drive,0,12.358966700,12.982971157,12.988935147,1760,0,0.000000000,11.900,53,13,0
6,2,zero_drive,0,12.358966700,12.989221109,12.994870239,1760,0,0.000000000,11.900,53,13,0
6,2,zero_drive,0,12.358966700,12.995121436,13.000798203,1760,0,0.000000000,11.900,53,13,0
6,2,zero_drive,0,12.358966700,13.001049064,13.006724691,1760,0,0.000000000,11.900,53,13,0
6,2,zero_drive,0,12.358966700,13.006976438,13.012899404,1760,0,0.000000000,11.900,53,13,0
6,2,zero_drive,0,12.358966700,13.013147026,13.018921566,1760,0,0.000000000,11.900,53,13,0
6,2,zero_drive,0,12.358966700,13.019174074,13.024945619,1760,0,0.000000000,11.900,53,13,0
6,2,zero_drive,0,12.358966700,13.025192276,13.030832819,1760,0,0.000000000,11.900,53,13,0
6,2,zero_drive,0,12.358966700,13.031086006,13.036922664,1760,0,0.000000000,11.900,53,13,0
6,2,zero_drive,0,12.358966700,13.037186716,13.042788139,1760,0,0.000000000,11.900,53,13,0
6,2,zero_drive,0,12.358966700,13.043039466,13.048893100,1760,0,0.000000000,11.900,53,13,0
6,2,zero_drive,0,12.358966700,13.049140263,13.054848963,1760,0,0.000000000,11.900,53,13,0
6,2,zero_drive,0,12.358966700,13.055099469,13.060912695,1760,0,0.000000000,11.900,53,13,0
6,2,zero_drive,0,12.358966700,13.061162890,13.066803816,1760,0,0.000000000,11.900,53,14,0
6,2,zero_drive,0,12.358966700,13.067050611,13.072897966,1760,0,0.000000000,11.900,53,14,0
6,2,zero_drive,0,12.358966700,13.073151820,13.078790986,1760,0,0.000000000,11.900,53,13,0
6,2,zero_drive,0,12.358966700,13.079044053,13.085078888,1760,0,0.000000000,11.900,53,13,0
6,2,zero_drive,0,12.358966700,13.085332726,13.091020361,1760,0,0.000000000,11.900,53,13,0
6,2,zero_drive,0,12.358966700,13.091274398,13.096871819,1760,0,0.000000000,11.900,53,13,0
6,2,zero_drive,0,12.358966700,13.097125686,13.102757310,1760,0,0.000000000,11.900,53,14,0
6,2,zero_drive,0,12.358966700,13.103025030,13.108918648,1760,0,0.000000000,11.900,53,14,0
6,2,zero_drive,0,12.358966700,13.109169700,13.114804994,1760,0,0.000000000,11.900,53,13,0
6,2,zero_drive,0,12.358966700,13.115058793,13.120959729,1760,0,0.000000000,11.900,53,13,0
6,2,zero_drive,0,12.358966700,13.121212331,13.126915393,1760,0,0.000000000,11.900,53,13,0
6,2,zero_drive,0,12.358966700,13.127169275,13.132820577,1760,0,0.000000000,11.900,53,13,0
6,2,zero_drive,0,12.358966700,13.133070063,13.138777970,1760,0,0.000000000,11.900,53,14,0
6,2,zero_drive,0,12.358966700,13.139028662,13.144933021,1760,0,0.000000000,11.900,53,14,0
6,2,zero_drive,0,12.358966700,13.145186087,13.150859139,1760,0,0.000000000,11.900,53,13,0
6,2,zero_drive,0,12.358966700,13.151104174,13.156721214,1760,0,0.000000000,11.900,53,13,0
6,2,zero_drive,0,12.358966700,13.156972911,13.162828220,1760,0,0.000000000,11.900,53,13,0
6,2,zero_drive,0,12.358966700,13.163078809,13.168731585,1760,0,0.000000000,11.900,53,13,0
6,2,zero_drive,0,12.358966700,13.168987251,13.175001452,1760,0,0.000000000,11.900,53,13,0
6,2,zero_drive,0,12.358966700,13.175288660,13.180748688,1760,0,0.000000000,11.900,53,13,0
6,2,zero_drive,0,12.358966700,13.180996795,13.186841501,1760,0,0.000000000,11.900,53,13,0
6,2,zero_drive,0,12.358966700,13.187122107,13.192917645,1760,0,0.000000000,11.900,53,13,0
6,2,zero_drive,0,12.358966700,13.193172985,13.198851407,1760,0,0.000000000,11.900,53,13,0
6,2,zero_drive,0,12.358966700,13.199131025,13.204847455,1760,0,0.000000000,11.900,53,13,0
6,2,zero_drive,0,12.358966700,13.205099400,13.210774897,1760,0,0.000000000,11.900,53,14,0
6,2,zero_drive,0,12.358966700,13.211031548,13.216829278,1760,0,0.000000000,11.900,53,14,0
6,2,zero_drive,0,12.358966700,13.217076306,13.222715271,1760,0,0.000000000,11.900,53,13,0
6,2,zero_drive,0,12.358966700,13.222966558,13.229011810,1760,0,0.000000000,11.900,53,13,0
6,2,zero_drive,0,12.358966700,13.229265945,13.234749951,1760,0,0.000000000,11.900,53,13,0
6,2,zero_drive,0,12.358966700,13.235704845,13.240771851,1760,0,0.000000000,11.900,53,13,0
6,2,zero_drive,0,12.358966700,13.241059985,13.246845981,1760,0,0.000000000,11.900,53,13,0
6,2,zero_drive,0,12.358966700,13.247109146,13.252972855,1760,0,0.000000000,11.900,53,13,0
6,2,zero_drive,0,12.358966700,13.253248751,13.258912306,1760,0,0.000000000,11.900,53,13,0
6,2,zero_drive,0,12.358966700,13.259295210,13.264932870,1760,0,0.000000000,11.900,53,13,0
6,2,zero_drive,0,12.358966700,13.265259005,13.270928992,1760,0,0.000000000,11.900,53,13,0
6,2,zero_drive,0,12.358966700,13.271204765,13.276914505,1760,0,0.000000000,11.900,53,13,0
6,2,zero_drive,0,12.358966700,13.277190285,13.282853892,1760,0,0.000000000,11.900,53,14,0
6,2,zero_drive,0,12.358966700,13.283125413,13.289049960,1760,0,0.000000000,11.900,53,14,0
6,2,zero_drive,0,12.358966700,13.289330793,13.294829259,1760,0,0.000000000,11.900,53,14,0
6,2,zero_drive,0,12.358966700,13.295102465,13.301070026,1760,0,0.000000000,11.900,53,14,0
6,2,zero_drive,0,12.358966700,13.301354114,13.306787049,1760,0,0.000000000,11.900,53,13,0
6,2,zero_drive,0,12.358966700,13.307067939,13.313029201,1760,0,0.000000000,11.900,53,13,0
6,2,zero_drive,0,12.358966700,13.313321027,13.319064145,1760,0,0.000000000,11.900,53,13,0
6,2,zero_drive,0,12.358966700,13.319353504,13.324859760,1760,0,0.000000000,11.900,53,13,0
6,3,pulse,150,13.337067139,13.342930920,13.353802890,1760,0,0.000000000,11.900,53,14,0
6,3,pulse,150,13.337067139,13.354840928,13.360828715,1761,0,0.000000000,11.900,53,34,0
6,3,pulse,150,13.337067139,13.361101382,13.366697838,1762,0,0.000000000,11.900,53,40,0
6,3,pulse,150,13.337067139,13.366958765,13.372884209,1764,250,0.383495197,11.900,53,40,0
6,3,pulse,150,13.337067139,13.373151663,13.378817245,1765,250,0.383495197,11.900,53,40,0
6,3,pulse,150,13.337067139,13.379082886,13.385222410,1767,300,0.460194236,11.900,53,40,0
6,3,pulse,150,13.337067139,13.385656555,13.390799273,1769,300,0.460194236,11.900,53,38,0
6,3,pulse,150,13.337067139,13.391059629,13.396744587,1771,350,0.536893276,11.900,53,38,0
6,3,pulse,150,13.337067139,13.397004799,13.402908473,1774,350,0.536893276,11.900,53,36,0
6,3,pulse,150,13.337067139,13.403180650,13.409035310,1776,350,0.536893276,11.900,53,36,0
6,3,pulse,150,13.337067139,13.409287566,13.414930439,1778,350,0.536893276,11.900,53,32,0
6,3,pulse,150,13.337067139,13.415180845,13.420745058,1780,400,0.613592315,11.900,53,32,0
6,3,pulse,150,13.337067139,13.421003106,13.426955625,1783,400,0.613592315,11.900,53,32,0
6,3,pulse,150,13.337067139,13.427214193,13.432882948,1785,400,0.613592315,11.900,53,32,0
6,3,pulse,150,13.337067139,13.433132393,13.438869247,1788,400,0.613592315,11.900,53,31,0
6,3,pulse,150,13.337067139,13.439122863,13.444658605,1790,400,0.613592315,11.900,53,31,0
6,3,pulse,150,13.337067139,13.444913065,13.450897879,1792,400,0.613592315,11.900,53,30,0
6,3,pulse,150,13.337067139,13.451153484,13.456811042,1795,400,0.613592315,11.900,53,30,0
6,3,pulse,150,13.337067139,13.457065420,13.462776906,1797,400,0.613592315,11.900,53,32,0
6,3,pulse,150,13.337067139,13.463030208,13.468670065,1800,400,0.613592315,11.900,53,32,0
6,3,pulse,150,13.337067139,13.468925490,13.474882595,1802,400,0.613592315,11.900,53,32,0
6,3,pulse,150,13.337067139,13.475131908,13.480672940,1804,400,0.613592315,11.900,53,32,0
6,3,pulse,150,13.337067139,13.480920570,13.486881848,1807,400,0.613592315,11.900,53,31,0
6,3,zero_drive,0,13.337067139,13.498635450,13.504839223,1813,350,0.536893276,11.900,53,22,0
6,3,zero_drive,0,13.337067139,13.505092448,13.510689820,1814,350,0.536893276,11.900,53,17,0
6,3,zero_drive,0,13.337067139,13.510931753,13.516666275,1815,150,0.230097118,11.900,53,17,0
6,3,zero_drive,0,13.337067139,13.516902139,13.522909561,1815,150,0.230097118,11.900,53,15,0
6,3,zero_drive,0,13.337067139,13.523153027,13.528799308,1816,100,0.153398079,11.900,53,15,0
6,3,zero_drive,0,13.337067139,13.529042323,13.534778471,1816,100,0.153398079,11.900,53,15,0
6,3,zero_drive,0,13.337067139,13.535071358,13.540904554,1816,0,0.000000000,11.900,53,15,0
6,3,zero_drive,0,13.337067139,13.541150226,13.546789762,1816,0,0.000000000,11.900,53,14,0
6,3,zero_drive,0,13.337067139,13.547036765,13.552748383,1816,0,0.000000000,11.900,53,14,0
6,3,zero_drive,0,13.337067139,13.553000223,13.558706453,1816,0,0.000000000,11.900,53,13,0
6,3,zero_drive,0,13.337067139,13.558941650,13.564875210,1816,0,0.000000000,11.900,53,13,0
6,3,zero_drive,0,13.337067139,13.565115400,13.570793545,1816,0,0.000000000,11.900,53,14,0
6,3,zero_drive,0,13.337067139,13.571116941,13.576719824,1816,0,0.000000000,11.900,53,14,0
6,3,zero_drive,0,13.337067139,13.576962551,13.582844486,1816,0,0.000000000,11.900,53,13,0
6,3,zero_drive,0,13.337067139,13.583081914,13.588727863,1816,0,0.000000000,11.900,53,13,0
6,3,zero_drive,0,13.337067139,13.588974539,13.594607355,1816,0,0.000000000,11.900,53,14,0
6,3,zero_drive,0,13.337067139,13.594853600,13.600821617,1816,0,0.000000000,11.900,53,14,0
6,3,zero_drive,0,13.337067139,13.601060828,13.606730709,1816,0,0.000000000,11.900,53,14,0
6,3,zero_drive,0,13.337067139,13.606976857,13.612573267,1816,0,0.000000000,11.900,53,14,0
6,3,zero_drive,0,13.337067139,13.612809664,13.618793825,1816,0,0.000000000,11.900,53,13,0
6,3,zero_drive,0,13.337067139,13.619044219,13.624759959,1816,0,0.000000000,11.900,53,13,0
6,3,zero_drive,0,13.337067139,13.624998882,13.630773764,1816,0,0.000000000,11.900,53,13,0
6,3,zero_drive,0,13.337067139,13.631015618,13.636958312,1816,0,0.000000000,11.900,53,13,0
6,3,zero_drive,0,13.337067139,13.637212239,13.642745974,1816,0,0.000000000,11.900,53,14,0
6,3,zero_drive,0,13.337067139,13.642994395,13.648809028,1816,0,0.000000000,11.900,53,14,0
6,3,zero_drive,0,13.337067139,13.649045602,13.654759824,1816,0,0.000000000,11.900,53,14,0
6,3,zero_drive,0,13.337067139,13.655013383,13.660905656,1816,0,0.000000000,11.900,53,14,0
6,3,zero_drive,0,13.337067139,13.661163193,13.666701186,1816,0,0.000000000,11.900,53,14,0
6,3,zero_drive,0,13.337067139,13.666950267,13.672652165,1816,0,0.000000000,11.900,53,14,0
6,3,zero_drive,0,13.337067139,13.672905012,13.678750339,1816,0,0.000000000,11.900,53,14,0
6,3,zero_drive,0,13.337067139,13.679004633,13.684842275,1816,0,0.000000000,11.900,53,14,0
6,3,zero_drive,0,13.337067139,13.685097804,13.690941868,1816,0,0.000000000,11.900,53,14,0
6,3,zero_drive,0,13.337067139,13.691238404,13.696871741,1816,0,0.000000000,11.900,53,14,0
6,3,zero_drive,0,13.337067139,13.697138961,13.702816191,1816,0,0.000000000,11.900,53,13,0
6,3,zero_drive,0,13.337067139,13.703074109,13.708718879,1816,0,0.000000000,11.900,53,13,0
6,3,zero_drive,0,13.337067139,13.708972901,13.714921988,1816,0,0.000000000,11.900,53,14,0
6,3,zero_drive,0,13.337067139,13.715177938,13.720748169,1816,0,0.000000000,11.900,53,14,0
6,3,zero_drive,0,13.337067139,13.721004700,13.726695741,1816,0,0.000000000,11.900,53,13,0
6,3,zero_drive,0,13.337067139,13.726955555,13.732814032,1816,0,0.000000000,11.900,53,13,0
6,3,zero_drive,0,13.337067139,13.733063594,13.738807237,1816,0,0.000000000,11.900,53,13,0
6,3,zero_drive,0,13.337067139,13.739059796,13.744820247,1816,0,0.000000000,11.900,53,13,0
6,3,zero_drive,0,13.337067139,13.745075480,13.750672758,1816,0,0.000000000,11.900,53,14,0
6,3,zero_drive,0,13.337067139,13.750921948,13.756667856,1816,0,0.000000000,11.900,53,14,0
6,3,zero_drive,0,13.337067139,13.756924709,13.762809155,1816,0,0.000000000,11.900,53,13,0
6,3,zero_drive,0,13.337067139,13.763065023,13.768814589,1816,0,0.000000000,11.900,53,13,0
6,3,zero_drive,0,13.337067139,13.769070350,13.774734558,1816,0,0.000000000,11.900,53,14,0
6,3,zero_drive,0,13.337067139,13.775033145,13.780680008,1816,0,0.000000000,11.900,53,14,0
6,3,zero_drive,0,13.337067139,13.780964657,13.786880494,1816,0,0.000000000,11.900,53,14,0
6,3,zero_drive,0,13.337067139,13.787150387,13.792924810,1816,0,0.000000000,11.900,53,14,0
6,3,zero_drive,0,13.337067139,13.793181691,13.798815789,1816,0,0.000000000,11.900,53,14,0
6,3,zero_drive,0,13.337067139,13.799138483,13.804781563,1816,0,0.000000000,11.900,53,14,0
6,3,zero_drive,0,13.337067139,13.805041482,13.810707059,1816,0,0.000000000,11.900,53,13,0
6,3,zero_drive,0,13.337067139,13.810966029,13.816792090,1816,0,0.000000000,11.900,53,13,0
6,3,zero_drive,0,13.337067139,13.817035384,13.822864071,1816,0,0.000000000,11.900,53,13,0
6,3,zero_drive,0,13.337067139,13.823119461,13.828800639,1816,0,0.000000000,11.900,53,13,0
6,3,zero_drive,0,13.337067139,13.829051601,13.834684814,1816,0,0.000000000,11.900,53,13,0
6,3,zero_drive,0,13.337067139,13.835091986,13.840774333,1816,0,0.000000000,11.900,53,13,0
6,3,zero_drive,0,13.337067139,13.841031256,13.846770151,1816,0,0.000000000,11.900,53,14,0
6,3,zero_drive,0,13.337067139,13.847080758,13.852735341,1816,0,0.000000000,11.900,53,14,0
6,3,zero_drive,0,13.337067139,13.852986974,13.858818111,1816,0,0.000000000,11.900,53,13,0
6,3,zero_drive,0,13.337067139,13.859085380,13.864675661,1816,0,0.000000000,11.900,53,13,0
6,3,zero_drive,0,13.337067139,13.864923138,13.870678645,1816,0,0.000000000,11.900,53,13,0
6,3,zero_drive,0,13.337067139,13.870932604,13.876560370,1816,0,0.000000000,11.900,53,13,0
6,3,zero_drive,0,13.337067139,13.876804389,13.882668536,1816,0,0.000000000,11.900,53,14,0
6,3,zero_drive,0,13.337067139,13.882907918,13.888766391,1816,0,0.000000000,11.900,53,14,0
6,3,zero_drive,0,13.337067139,13.889021866,13.894731329,1816,0,0.000000000,11.900,53,13,0
6,3,zero_drive,0,13.337067139,13.894983187,13.900792805,1816,0,0.000000000,11.900,53,13,0
6,3,zero_drive,0,13.337067139,13.901026294,13.906637165,1816,0,0.000000000,11.900,53,13,0
6,3,zero_drive,0,13.337067139,13.906931100,13.912854781,1816,0,0.000000000,11.900,53,13,0
6,3,zero_drive,0,13.337067139,13.913105568,13.918804264,1816,0,0.000000000,11.900,53,13,0
6,3,zero_drive,0,13.337067139,13.919049849,13.924761015,1816,0,0.000000000,11.900,53,13,0
6,3,zero_drive,0,13.337067139,13.925016314,13.930915214,1816,0,0.000000000,11.900,53,14,0
6,3,zero_drive,0,13.337067139,13.931172762,13.936757394,1816,0,0.000000000,11.900,53,14,0
6,3,zero_drive,0,13.337067139,13.937012089,13.942720979,1816,0,0.000000000,11.900,53,14,0
6,3,zero_drive,0,13.337067139,13.942973718,13.948854598,1816,0,0.000000000,11.900,53,14,0
6,3,zero_drive,0,13.337067139,13.949102847,13.954626691,1816,0,0.000000000,11.900,53,14,0
6,3,zero_drive,0,13.337067139,13.954879025,13.960677557,1816,0,0.000000000,11.900,53,14,0
6,3,zero_drive,0,13.337067139,13.960930893,13.966591999,1816,0,0.000000000,11.900,53,13,0
6,3,zero_drive,0,13.337067139,13.966838513,13.972678653,1816,0,0.000000000,11.900,53,13,0
6,3,zero_drive,0,13.337067139,13.972928643,13.978762934,1816,0,0.000000000,11.900,53,13,0
6,3,zero_drive,0,13.337067139,13.979013034,13.984799358,1816,0,0.000000000,11.900,53,13,0
6,3,zero_drive,0,13.337067139,13.985049029,13.990643927,1816,0,0.000000000,11.900,53,14,0
6,3,zero_drive,0,13.337067139,13.990900229,13.996721393,1816,0,0.000000000,11.900,53,14,0
6,3,zero_drive,0,13.337067139,13.996975367,14.002848314,1816,0,0.000000000,11.900,53,14,0
6,3,zero_drive,0,13.337067139,14.003104625,14.008777560,1816,0,0.000000000,11.900,53,14,0
6,3,zero_drive,0,13.337067139,14.009039665,14.014802459,1816,0,0.000000000,11.900,53,13,0
6,3,zero_drive,0,13.337067139,14.015055148,14.020766812,1816,0,0.000000000,11.900,53,13,0
6,3,zero_drive,0,13.337067139,14.021019303,14.026773368,1816,0,0.000000000,11.900,53,14,0
6,3,zero_drive,0,13.337067139,14.027029234,14.032615969,1816,0,0.000000000,11.900,53,14,0
6,3,zero_drive,0,13.337067139,14.032866053,14.038858773,1816,0,0.000000000,11.900,53,14,0
6,3,zero_drive,0,13.337067139,14.039111831,14.044716318,1816,0,0.000000000,11.900,53,14,0
6,3,zero_drive,0,13.337067139,14.044970438,14.050780490,1816,0,0.000000000,11.900,53,14,0
6,3,zero_drive,0,13.337067139,14.051065106,14.056620558,1816,0,0.000000000,11.900,53,14,0
6,3,zero_drive,0,13.337067139,14.056873797,14.062765161,1816,0,0.000000000,11.900,53,14,0
6,3,zero_drive,0,13.337067139,14.063015732,14.068681863,1816,0,0.000000000,11.900,53,14,0
6,3,zero_drive,0,13.337067139,14.068933218,14.074821454,1816,0,0.000000000,11.900,53,13,0
6,3,zero_drive,0,13.337067139,14.075076005,14.080763785,1816,0,0.000000000,11.900,53,13,0
6,3,zero_drive,0,13.337067139,14.081025972,14.086785133,1816,0,0.000000000,11.900,53,14,0
6,3,zero_drive,0,13.337067139,14.087039613,14.092680983,1816,0,0.000000000,11.900,53,14,0
6,3,zero_drive,0,13.337067139,14.092974546,14.098778186,1816,0,0.000000000,11.900,53,14,0
6,3,zero_drive,0,13.337067139,14.099026998,14.104844456,1816,0,0.000000000,11.900,53,14,0
6,3,zero_drive,0,13.337067139,14.105098215,14.110843520,1816,0,0.000000000,11.900,53,13,0
6,3,zero_drive,0,13.337067139,14.111096867,14.116647688,1816,0,0.000000000,11.900,53,13,0
6,3,zero_drive,0,13.337067139,14.116927845,14.122840143,1816,0,0.000000000,11.900,53,13,0
6,3,zero_drive,0,13.337067139,14.123094021,14.128686376,1816,0,0.000000000,11.900,53,13,0
6,3,zero_drive,0,13.337067139,14.128937087,14.134687056,1816,0,0.000000000,11.900,53,13,0
6,3,zero_drive,0,13.337067139,14.134948226,14.140838560,1816,0,0.000000000,11.900,53,13,0
6,3,zero_drive,0,13.337067139,14.141094063,14.146593116,1816,0,0.000000000,11.900,53,14,0
6,3,zero_drive,0,13.337067139,14.146845503,14.152628223,1816,0,0.000000000,11.900,53,14,0
6,3,zero_drive,0,13.337067139,14.152881142,14.158948010,1816,0,0.000000000,11.900,53,13,0
6,3,zero_drive,0,13.337067139,14.159222632,14.164834275,1816,0,0.000000000,11.900,53,13,0
6,3,zero_drive,0,13.337067139,14.165085134,14.170744107,1816,0,0.000000000,11.900,53,13,0
6,3,zero_drive,0,13.337067139,14.170997172,14.176637747,1816,0,0.000000000,11.900,53,13,0
6,3,zero_drive,0,13.337067139,14.176891568,14.182586537,1816,0,0.000000000,11.900,53,13,0
6,3,zero_drive,0,13.337067139,14.182833517,14.188738613,1816,0,0.000000000,11.900,53,13,0
6,3,zero_drive,0,13.337067139,14.188992743,14.194838200,1816,0,0.000000000,11.900,53,14,0
6,3,zero_drive,0,13.337067139,14.195099143,14.200761098,1816,0,0.000000000,11.900,53,14,0
6,3,zero_drive,0,13.337067139,14.201001107,14.206832734,1816,0,0.000000000,11.900,53,14,0
6,3,zero_drive,0,13.337067139,14.207085381,14.212741432,1816,0,0.000000000,11.900,53,14,0
6,3,zero_drive,0,13.337067139,14.212991915,14.218778695,1816,0,0.000000000,11.900,53,14,0
6,3,zero_drive,0,13.337067139,14.219029010,14.224696032,1816,0,0.000000000,11.900,53,14,0
6,3,zero_drive,0,13.337067139,14.225044609,14.230669777,1816,0,0.000000000,11.900,53,13,0
6,3,zero_drive,0,13.337067139,14.230929494,14.236759288,1816,0,0.000000000,11.900,53,13,0
6,3,zero_drive,0,13.337067139,14.237013137,14.242724893,1816,0,0.000000000,11.900,53,14,0
6,3,zero_drive,0,13.337067139,14.242976573,14.248614986,1816,0,0.000000000,11.900,53,14,0
6,3,zero_drive,0,13.337067139,14.248863012,14.254772418,1816,0,0.000000000,11.900,53,13,0
6,3,zero_drive,0,13.337067139,14.255021904,14.260729174,1816,0,0.000000000,11.900,53,13,0
6,3,zero_drive,0,13.337067139,14.260985844,14.266761462,1816,0,0.000000000,11.900,53,13,0
6,3,zero_drive,0,13.337067139,14.267008998,14.272818377,1816,0,0.000000000,11.900,53,13,0
6,3,zero_drive,0,13.337067139,14.273068384,14.278686195,1816,0,0.000000000,11.900,53,13,0
6,3,zero_drive,0,13.337067139,14.278936994,14.284644299,1816,0,0.000000000,11.900,53,13,0
6,3,zero_drive,0,13.337067139,14.284892947,14.290732827,1816,0,0.000000000,11.900,53,13,0
6,3,zero_drive,0,13.337067139,14.290981768,14.296776348,1816,0,0.000000000,11.900,53,13,0
6,3,zero_drive,0,13.337067139,14.297022817,14.302706163,1816,0,0.000000000,11.900,53,13,0
6,4,pulse,200,14.314833206,14.320600778,14.326826537,1816,0,0.000000000,11.900,53,57,0
6,4,pulse,200,14.314833206,14.327081939,14.332588261,1816,0,0.000000000,11.900,53,57,0
6,4,pulse,200,14.314833206,14.332837433,14.338680011,1817,0,0.000000000,11.900,53,66,0
6,4,pulse,200,14.314833206,14.338931866,14.344719979,1819,250,0.383495197,11.900,53,66,0
6,4,pulse,200,14.314833206,14.344974301,14.350808108,1822,250,0.383495197,11.900,53,61,0
6,4,pulse,200,14.314833206,14.351055862,14.356850939,1824,400,0.613592315,11.900,53,61,0
6,4,pulse,200,14.314833206,14.357101785,14.362694561,1827,400,0.613592315,11.900,53,55,0
6,4,pulse,200,14.314833206,14.362950938,14.368891448,1830,500,0.766990394,11.900,53,55,0
6,4,pulse,200,14.314833206,14.369150510,14.374698597,1833,500,0.766990394,11.900,53,49,0
6,4,pulse,200,14.314833206,14.375042398,14.380682746,1836,500,0.766990394,11.900,53,49,0
6,4,pulse,200,14.314833206,14.380936880,14.386683648,1839,500,0.766990394,11.900,53,44,0
6,4,pulse,200,14.314833206,14.386939228,14.392901743,1842,500,0.766990394,11.900,53,44,0
6,4,pulse,200,14.314833206,14.393160213,14.398822571,1846,500,0.766990394,11.900,53,39,0
6,4,pulse,200,14.314833206,14.399071491,14.404791317,1849,550,0.843689433,11.900,53,39,0
6,4,pulse,200,14.314833206,14.405046066,14.410747327,1852,550,0.843689433,11.900,53,38,0
6,4,pulse,200,14.314833206,14.411055278,14.416678974,1856,600,0.920388473,11.900,53,38,0
6,4,pulse,200,14.314833206,14.416939135,14.422601240,1859,600,0.920388473,11.900,53,38,0
6,4,pulse,200,14.314833206,14.422855261,14.428910848,1863,600,0.920388473,11.900,53,38,0
6,4,pulse,200,14.314833206,14.429164896,14.434770353,1866,600,0.920388473,11.900,53,36,0
6,4,pulse,200,14.314833206,14.435015315,14.440622982,1869,550,0.843689433,11.900,53,36,0
6,4,pulse,200,14.314833206,14.440870793,14.446738532,1872,550,0.843689433,11.900,53,39,0
6,4,pulse,200,14.314833206,14.446993187,14.452639260,1876,550,0.843689433,11.900,53,39,0
6,4,pulse,200,14.314833206,14.452898043,14.458853880,1879,550,0.843689433,11.900,53,35,0
6,4,pulse,200,14.314833206,14.459104503,14.464697679,1882,550,0.843689433,11.900,53,35,0
6,4,zero_drive,0,14.314833206,14.476638509,14.482655350,1891,550,0.843689433,11.900,53,25,0
6,4,zero_drive,0,14.314833206,14.482903133,14.488671941,1893,300,0.460194236,11.900,53,25,0
6,4,zero_drive,0,14.314833206,14.488922468,14.494701436,1894,300,0.460194236,11.900,53,19,0
6,4,zero_drive,0,14.314833206,14.494956442,14.500696145,1894,100,0.153398079,11.900,53,19,0
6,4,zero_drive,0,14.314833206,14.500942459,14.506557727,1895,100,0.153398079,11.900,53,16,0
6,4,zero_drive,0,14.314833206,14.506807529,14.512672059,1895,100,0.153398079,11.900,53,16,0
6,4,zero_drive,0,14.314833206,14.512922524,14.518791362,1895,100,0.153398079,11.900,53,15,0
6,4,zero_drive,0,14.314833206,14.519042326,14.524724796,1895,0,0.000000000,11.900,53,15,0
6,4,zero_drive,0,14.314833206,14.525028437,14.530677850,1895,0,0.000000000,11.900,53,14,0
6,4,zero_drive,0,14.314833206,14.530941936,14.536880314,1895,0,0.000000000,11.900,53,14,0
6,4,zero_drive,0,14.314833206,14.537139430,14.542793715,1895,0,0.000000000,11.900,53,14,0
6,4,zero_drive,0,14.314833206,14.543046137,14.548763702,1895,0,0.000000000,11.900,53,14,0
6,4,zero_drive,0,14.314833206,14.549013132,14.554783223,1895,0,0.000000000,11.900,53,13,0
6,4,zero_drive,0,14.314833206,14.555035318,14.560706074,1895,0,0.000000000,11.900,53,13,0
6,4,zero_drive,0,14.314833206,14.560978898,14.566761440,1895,0,0.000000000,11.900,53,13,0
6,4,zero_drive,0,14.314833206,14.567014631,14.572731328,1895,0,0.000000000,11.900,53,13,0
6,4,zero_drive,0,14.314833206,14.572987872,14.578666657,1895,0,0.000000000,11.900,53,13,0
6,4,zero_drive,0,14.314833206,14.578919692,14.584607642,1895,0,0.000000000,11.900,53,13,0
6,4,zero_drive,0,14.314833206,14.584948309,14.590717296,1895,0,0.000000000,11.900,53,14,0
6,4,zero_drive,0,14.314833206,14.590971997,14.596760327,1895,0,0.000000000,11.900,53,14,0
6,4,zero_drive,0,14.314833206,14.597015136,14.602525532,1895,0,0.000000000,11.900,53,13,0
6,4,zero_drive,0,14.314833206,14.602776771,14.608795782,1895,0,0.000000000,11.900,53,13,0
6,4,zero_drive,0,14.314833206,14.609049904,14.614646474,1895,0,0.000000000,11.900,53,13,0
6,4,zero_drive,0,14.314833206,14.614897712,14.620749614,1895,0,0.000000000,11.900,53,13,0
6,4,zero_drive,0,14.314833206,14.621005273,14.626671654,1895,0,0.000000000,11.900,53,13,0
6,4,zero_drive,0,14.314833206,14.626924807,14.632670462,1895,0,0.000000000,11.900,53,13,0
6,4,zero_drive,0,14.314833206,14.632920707,14.638592064,1895,0,0.000000000,11.900,53,13,0
6,4,zero_drive,0,14.314833206,14.638842156,14.644730934,1895,0,0.000000000,11.900,53,13,0
6,4,zero_drive,0,14.314833206,14.644983467,14.650631930,1895,0,0.000000000,11.900,53,14,0
6,4,zero_drive,0,14.314833206,14.650969081,14.656802469,1895,0,0.000000000,11.900,53,14,0
6,4,zero_drive,0,14.314833206,14.657059542,14.662716302,1895,0,0.000000000,11.900,53,14,0
6,4,zero_drive,0,14.314833206,14.662973417,14.668598462,1895,0,0.000000000,11.900,53,14,0
6,4,zero_drive,0,14.314833206,14.668855066,14.674753242,1895,0,0.000000000,11.900,53,14,0
6,4,zero_drive,0,14.314833206,14.675005449,14.680682588,1895,0,0.000000000,11.900,53,14,0
6,4,zero_drive,0,14.314833206,14.680943323,14.686570802,1895,0,0.000000000,11.900,53,13,0
6,4,zero_drive,0,14.314833206,14.686824029,14.692697738,1895,0,0.000000000,11.900,53,13,0
6,4,zero_drive,0,14.314833206,14.692984142,14.698760146,1895,0,0.000000000,11.900,53,13,0
6,4,zero_drive,0,14.314833206,14.699007953,14.704686742,1895,0,0.000000000,11.900,53,13,0
6,4,zero_drive,0,14.314833206,14.704937828,14.710632725,1895,0,0.000000000,11.900,53,13,0
6,4,zero_drive,0,14.314833206,14.710880102,14.716609474,1895,0,0.000000000,11.900,53,13,0
6,4,zero_drive,0,14.314833206,14.716852444,14.722621132,1895,0,0.000000000,11.900,53,14,0
6,4,zero_drive,0,14.314833206,14.722865814,14.728550352,1895,0,0.000000000,11.900,53,14,0
6,4,zero_drive,0,14.314833206,14.728790333,14.735053762,1895,0,0.000000000,11.900,53,13,0
6,4,zero_drive,0,14.314833206,14.735311525,14.740797057,1895,0,0.000000000,11.900,53,13,0
6,4,zero_drive,0,14.314833206,14.741043360,14.746745832,1895,0,0.000000000,11.900,53,14,0
6,4,zero_drive,0,14.314833206,14.747026801,14.752917864,1895,0,0.000000000,11.900,53,14,0
6,4,zero_drive,0,14.314833206,14.753209865,14.758746932,1895,0,0.000000000,11.900,53,13,0
6,4,zero_drive,0,14.314833206,14.758991751,14.764825498,1895,0,0.000000000,11.900,53,13,0
6,4,zero_drive,0,14.314833206,14.765076487,14.770702959,1895,0,0.000000000,11.900,53,13,0
6,4,zero_drive,0,14.314833206,14.770955966,14.776575212,1895,0,0.000000000,11.900,53,13,0
6,4,zero_drive,0,14.314833206,14.776820966,14.782751232,1895,0,0.000000000,11.900,53,14,0
6,4,zero_drive,0,14.314833206,14.782997758,14.788831946,1895,0,0.000000000,11.900,53,14,0
6,4,zero_drive,0,14.314833206,14.789085368,14.794798288,1895,0,0.000000000,11.900,53,14,0
6,4,zero_drive,0,14.314833206,14.795045167,14.800670785,1895,0,0.000000000,12.000,53,14,0
6,4,zero_drive,0,14.314833206,14.800908821,14.806877408,1895,0,0.000000000,12.000,53,14,0
6,4,zero_drive,0,14.314833206,14.807122022,14.812649330,1895,0,0.000000000,12.000,53,14,0
6,4,zero_drive,0,14.314833206,14.812887132,14.818782532,1895,0,0.000000000,12.000,53,13,0
6,4,zero_drive,0,14.314833206,14.819028699,14.824616213,1895,0,0.000000000,12.000,53,13,0
6,4,zero_drive,0,14.314833206,14.824856503,14.830853584,1895,0,0.000000000,12.000,53,14,0
6,4,zero_drive,0,14.314833206,14.831101162,14.836799455,1895,0,0.000000000,12.000,53,14,0
6,4,zero_drive,0,14.314833206,14.837055732,14.842752753,1895,0,0.000000000,12.000,53,13,0
6,4,zero_drive,0,14.314833206,14.843008286,14.848526818,1895,0,0.000000000,12.000,53,13,0
6,4,zero_drive,0,14.314833206,14.848787038,14.854730524,1895,0,0.000000000,12.000,53,14,0
6,4,zero_drive,0,14.314833206,14.854982098,14.860644550,1895,0,0.000000000,11.900,53,14,0
6,4,zero_drive,0,14.314833206,14.860903203,14.866702970,1895,0,0.000000000,11.900,53,14,0
6,4,zero_drive,0,14.314833206,14.866964121,14.872679832,1895,0,0.000000000,11.900,53,14,0
6,4,zero_drive,0,14.314833206,14.872938202,14.878659680,1895,0,0.000000000,11.900,53,14,0
6,4,zero_drive,0,14.314833206,14.878915504,14.884655194,1895,0,0.000000000,11.900,53,14,0
6,4,zero_drive,0,14.314833206,14.884901043,14.890819652,1895,0,0.000000000,11.900,53,14,0
6,4,zero_drive,0,14.314833206,14.891140726,14.896522186,1895,0,0.000000000,11.900,53,14,0
6,4,zero_drive,0,14.314833206,14.896774442,14.902847935,1895,0,0.000000000,11.900,53,14,0
6,4,zero_drive,0,14.314833206,14.903103495,14.908706102,1895,0,0.000000000,11.900,53,14,0
6,4,zero_drive,0,14.314833206,14.909034424,14.914624396,1895,0,0.000000000,11.900,53,13,0
6,4,zero_drive,0,14.314833206,14.914873520,14.920723440,1895,0,0.000000000,11.900,53,13,0
6,4,zero_drive,0,14.314833206,14.920977652,14.926567279,1895,0,0.000000000,11.900,53,13,0
6,4,zero_drive,0,14.314833206,14.926822001,14.932678773,1895,0,0.000000000,11.900,53,13,0
6,4,zero_drive,0,14.314833206,14.932931188,14.938770436,1895,0,0.000000000,11.900,53,13,0
6,4,zero_drive,0,14.314833206,14.939113031,14.944532513,1895,0,0.000000000,11.900,53,13,0
6,4,zero_drive,0,14.314833206,14.944787492,14.950783019,1895,0,0.000000000,11.900,53,14,0
6,4,zero_drive,0,14.314833206,14.951101987,14.956570315,1895,0,0.000000000,11.900,53,14,0
6,4,zero_drive,0,14.314833206,14.956827001,14.962608173,1895,0,0.000000000,11.900,53,14,0
6,4,zero_drive,0,14.314833206,14.962868001,14.968868415,1895,0,0.000000000,11.900,53,14,0
6,4,zero_drive,0,14.314833206,14.969167382,14.975024139,1895,0,0.000000000,11.900,53,14,0
6,4,zero_drive,0,14.314833206,14.975399897,14.980725899,1895,0,0.000000000,11.900,53,14,0
6,4,zero_drive,0,14.314833206,14.980976199,14.986607608,1895,0,0.000000000,11.900,53,13,0
6,4,zero_drive,0,14.314833206,14.986872250,14.992825162,1895,0,0.000000000,11.900,53,13,0
6,4,zero_drive,0,14.314833206,14.993079070,14.998704700,1895,0,0.000000000,11.900,53,14,0
6,4,zero_drive,0,14.314833206,14.998955987,15.004833191,1895,0,0.000000000,11.900,53,14,0
6,4,zero_drive,0,14.314833206,15.005089141,15.010624173,1895,0,0.000000000,11.900,53,14,0
6,4,zero_drive,0,14.314833206,15.010878751,15.016486330,1895,0,0.000000000,11.900,53,14,0
6,4,zero_drive,0,14.314833206,15.016735671,15.022750659,1895,0,0.000000000,11.900,53,14,0
6,4,zero_drive,0,14.314833206,15.023015872,15.028661591,1895,0,0.000000000,11.900,53,14,0
6,4,zero_drive,0,14.314833206,15.028917637,15.034535877,1895,0,0.000000000,11.900,53,13,0
6,4,zero_drive,0,14.314833206,15.034792729,15.040856386,1895,0,0.000000000,11.900,53,13,0
6,4,zero_drive,0,14.314833206,15.041112636,15.046709149,1895,0,0.000000000,11.900,53,13,0
6,4,zero_drive,0,14.314833206,15.046965346,15.052824061,1895,0,0.000000000,11.900,53,13,0
6,4,zero_drive,0,14.314833206,15.053081232,15.058893636,1895,0,0.000000000,11.900,53,14,0
6,4,zero_drive,0,14.314833206,15.059207166,15.064731131,1895,0,0.000000000,11.900,53,14,0
6,4,zero_drive,0,14.314833206,15.064979626,15.070608581,1895,0,0.000000000,11.900,53,14,0
6,4,zero_drive,0,14.314833206,15.070867880,15.076769338,1895,0,0.000000000,11.900,53,14,0
6,4,zero_drive,0,14.314833206,15.077030742,15.082624439,1895,0,0.000000000,11.900,53,14,0
6,4,zero_drive,0,14.314833206,15.082887177,15.088584107,1895,0,0.000000000,11.900,53,14,0
6,4,zero_drive,0,14.314833206,15.088834885,15.094524635,1895,0,0.000000000,11.900,53,13,0
6,4,zero_drive,0,14.314833206,15.094777339,15.100776076,1895,0,0.000000000,11.900,53,13,0
6,4,zero_drive,0,14.314833206,15.101025795,15.106662221,1895,0,0.000000000,11.900,53,13,0
6,4,zero_drive,0,14.314833206,15.106916441,15.112666897,1895,0,0.000000000,11.900,53,13,0
6,4,zero_drive,0,14.314833206,15.112921379,15.118661268,1895,0,0.000000000,11.900,53,14,0
6,4,zero_drive,0,14.314833206,15.118918445,15.124576181,1895,0,0.000000000,11.900,53,14,0
6,4,zero_drive,0,14.314833206,15.124878161,15.130781316,1895,0,0.000000000,11.900,53,14,0
6,4,zero_drive,0,14.314833206,15.131035604,15.136493001,1895,0,0.000000000,11.900,53,14,0
6,4,zero_drive,0,14.314833206,15.136748602,15.142734701,1895,0,0.000000000,11.900,53,13,0
6,4,zero_drive,0,14.314833206,15.142987286,15.148556924,1895,0,0.000000000,11.900,53,13,0
6,4,zero_drive,0,14.314833206,15.148808923,15.154559871,1895,0,0.000000000,11.900,53,14,0
6,4,zero_drive,0,14.314833206,15.154812740,15.160582721,1895,0,0.000000000,11.900,53,14,0
6,4,zero_drive,0,14.314833206,15.160842047,15.166506785,1895,0,0.000000000,11.900,53,14,0
6,4,zero_drive,0,14.314833206,15.166762412,15.172567252,1895,0,0.000000000,11.900,53,14,0
6,4,zero_drive,0,14.314833206,15.172821117,15.178571917,1895,0,0.000000000,11.900,53,13,0
6,4,zero_drive,0,14.314833206,15.178827506,15.184530182,1895,0,0.000000000,11.900,53,13,0
6,4,zero_drive,0,14.314833206,15.184838741,15.190695683,1895,0,0.000000000,11.900,53,14,0
6,4,zero_drive,0,14.314833206,15.190948249,15.196721569,1895,0,0.000000000,11.900,53,14,0
6,4,zero_drive,0,14.314833206,15.196976216,15.202745958,1895,0,0.000000000,11.900,53,13,0
6,4,zero_drive,0,14.314833206,15.203000526,15.208715900,1895,0,0.000000000,11.900,53,13,0
6,4,zero_drive,0,14.314833206,15.208970326,15.214677320,1895,0,0.000000000,11.900,53,14,0
6,4,zero_drive,0,14.314833206,15.214930022,15.220673142,1895,0,0.000000000,11.900,53,14,0
6,4,zero_drive,0,14.314833206,15.220928651,15.226595485,1895,0,0.000000000,11.900,53,14,0
6,4,zero_drive,0,14.314833206,15.226852747,15.232508348,1895,0,0.000000000,11.900,53,14,0
6,4,zero_drive,0,14.314833206,15.232760015,15.238675358,1895,0,0.000000000,11.900,53,13,0
6,4,zero_drive,0,14.314833206,15.238965091,15.244621090,1895,0,0.000000000,11.900,53,13,0
6,4,zero_drive,0,14.314833206,15.244983937,15.250677238,1895,0,0.000000000,11.900,53,14,0
6,4,zero_drive,0,14.314833206,15.250924347,15.256615114,1895,0,0.000000000,11.900,53,14,0
6,4,zero_drive,0,14.314833206,15.256870332,15.262668817,1895,0,0.000000000,11.900,53,14,0
6,4,zero_drive,0,14.314833206,15.262922636,15.268571930,1895,0,0.000000000,11.900,53,14,0
6,4,zero_drive,0,14.314833206,15.268826106,15.274494536,1895,0,0.000000000,11.900,53,13,0
6,4,zero_drive,0,14.314833206,15.274749971,15.280591503,1895,0,0.000000000,11.900,53,13,0
7,0,pulse,25,15.382710388,15.388382844,15.394710389,1720,0,0.000000000,12.100,53,0,0
7,0,pulse,25,15.382710388,15.395027459,15.400643296,1720,0,0.000000000,12.100,53,0,0
7,0,pulse,25,15.382710388,15.400948900,15.406489190,1720,0,0.000000000,12.100,53,0,0
7,0,pulse,25,15.382710388,15.406745721,15.412619569,1720,0,0.000000000,12.100,53,0,0
7,0,pulse,25,15.382710388,15.412872685,15.418484360,1720,0,0.000000000,12.100,53,0,0
7,0,pulse,25,15.382710388,15.418745144,15.424681353,1720,0,0.000000000,12.100,53,0,0
7,0,pulse,25,15.382710388,15.424937920,15.430563131,1720,0,0.000000000,12.100,53,0,0
7,0,pulse,25,15.382710388,15.430817700,15.436756871,1720,0,0.000000000,12.100,53,0,0
7,0,pulse,25,15.382710388,15.437015595,15.442785530,1720,0,0.000000000,12.100,53,0,0
7,0,pulse,25,15.382710388,15.443040530,15.448561640,1720,0,0.000000000,12.100,53,0,0
7,0,pulse,25,15.382710388,15.448823643,15.454687553,1720,0,0.000000000,12.100,53,0,0
7,0,pulse,25,15.382710388,15.454940875,15.460692687,1720,0,0.000000000,12.100,53,0,0
7,0,pulse,25,15.382710388,15.460954071,15.466560293,1720,0,0.000000000,12.100,53,0,0
7,0,pulse,25,15.382710388,15.466807517,15.472686015,1720,0,0.000000000,12.100,53,0,0
7,0,pulse,25,15.382710388,15.472943190,15.478553732,1720,0,0.000000000,12.100,53,0,0
7,0,pulse,25,15.382710388,15.478807195,15.484843627,1720,0,0.000000000,12.100,53,0,0
7,0,pulse,25,15.382710388,15.485105235,15.490627115,1720,0,0.000000000,12.100,53,0,0
7,0,pulse,25,15.382710388,15.490884115,15.496486209,1721,50,0.076699039,12.100,53,0,0
7,0,pulse,25,15.382710388,15.496750260,15.502602880,1721,50,0.076699039,12.100,53,0,0
7,0,pulse,25,15.382710388,15.502863925,15.508862197,1721,0,0.000000000,12.100,53,0,0
7,0,pulse,25,15.382710388,15.509116927,15.514684796,1721,0,0.000000000,12.100,53,0,0
7,0,pulse,25,15.382710388,15.514937857,15.520634231,1721,0,0.000000000,12.100,53,0,0
7,0,pulse,25,15.382710388,15.520890973,15.526673986,1721,0,0.000000000,12.100,53,0,0
7,0,pulse,25,15.382710388,15.526933961,15.532606000,1721,0,0.000000000,12.100,53,0,0
7,0,zero_drive,0,15.382710388,15.544470748,15.550547729,1721,0,0.000000000,12.100,53,0,0
7,0,zero_drive,0,15.382710388,15.550872687,15.556460640,1721,0,0.000000000,12.100,53,0,0
7,0,zero_drive,0,15.382710388,15.556716050,15.562529470,1721,0,0.000000000,12.100,53,0,0
7,0,zero_drive,0,15.382710388,15.562782831,15.568729408,1721,0,0.000000000,12.100,53,0,0
7,0,zero_drive,0,15.382710388,15.568982216,15.574707337,1721,0,0.000000000,12.100,53,0,0
7,0,zero_drive,0,15.382710388,15.574962872,15.580555498,1721,0,0.000000000,12.100,53,0,0
7,0,zero_drive,0,15.382710388,15.580821893,15.586694010,1721,0,0.000000000,12.100,53,0,0
7,0,zero_drive,0,15.382710388,15.586948965,15.592630300,1721,0,0.000000000,12.100,53,0,0
7,0,zero_drive,0,15.382710388,15.592888191,15.598549281,1721,0,0.000000000,12.100,53,0,0
7,0,zero_drive,0,15.382710388,15.598801337,15.604551949,1721,0,0.000000000,12.100,53,0,0
7,0,zero_drive,0,15.382710388,15.604805528,15.610489937,1721,0,0.000000000,12.100,53,0,0
7,0,zero_drive,0,15.382710388,15.610750480,15.616570260,1721,0,0.000000000,12.100,53,0,0
7,0,zero_drive,0,15.382710388,15.616817999,15.622813076,1721,0,0.000000000,12.100,53,0,0
7,0,zero_drive,0,15.382710388,15.623069784,15.628638041,1721,0,0.000000000,12.100,53,0,0
7,0,zero_drive,0,15.382710388,15.628897696,15.634719667,1721,0,0.000000000,12.100,53,0,0
7,0,zero_drive,0,15.382710388,15.634981409,15.640636550,1721,0,0.000000000,12.100,53,0,0
7,0,zero_drive,0,15.382710388,15.640945861,15.646663197,1721,0,0.000000000,12.100,53,0,0
7,0,zero_drive,0,15.382710388,15.646915670,15.652454160,1721,0,0.000000000,12.100,53,0,0
7,0,zero_drive,0,15.382710388,15.652709736,15.658671625,1721,0,0.000000000,12.100,53,0,0
7,0,zero_drive,0,15.382710388,15.658923770,15.664496017,1721,0,0.000000000,12.100,53,0,0
7,0,zero_drive,0,15.382710388,15.664755125,15.670630396,1721,0,0.000000000,12.100,53,0,0
7,0,zero_drive,0,15.382710388,15.670890480,15.676676532,1721,0,0.000000000,12.100,53,0,0
7,0,zero_drive,0,15.382710388,15.676975505,15.682578891,1721,0,0.000000000,12.100,53,0,0
7,0,zero_drive,0,15.382710388,15.682830435,15.688524103,1721,0,0.000000000,12.100,53,0,0
7,0,zero_drive,0,15.382710388,15.688774768,15.694465637,1721,0,0.000000000,12.100,53,0,0
7,0,zero_drive,0,15.382710388,15.694720454,15.700666350,1721,0,0.000000000,12.100,53,0,0
7,0,zero_drive,0,15.382710388,15.700912809,15.706591611,1721,0,0.000000000,12.100,53,0,0
7,0,zero_drive,0,15.382710388,15.706844968,15.712648840,1721,0,0.000000000,12.100,53,0,0
7,0,zero_drive,0,15.382710388,15.712901185,15.718556636,1721,0,0.000000000,12.100,53,0,0
7,0,zero_drive,0,15.382710388,15.718808854,15.724433414,1721,0,0.000000000,12.100,53,0,0
7,0,zero_drive,0,15.382710388,15.724687699,15.730605510,1721,0,0.000000000,12.100,53,0,0
7,0,zero_drive,0,15.382710388,15.730907488,15.736523785,1721,0,0.000000000,12.100,53,0,0
7,0,zero_drive,0,15.382710388,15.736775830,15.742667998,1721,0,0.000000000,12.100,53,0,0
7,0,zero_drive,0,15.382710388,15.742921625,15.748530155,1721,0,0.000000000,12.100,53,0,0
7,0,zero_drive,0,15.382710388,15.748790339,15.754477438,1721,0,0.000000000,12.100,53,0,0
7,0,zero_drive,0,15.382710388,15.754730371,15.760458369,1721,0,0.000000000,12.100,53,0,0
7,0,zero_drive,0,15.382710388,15.760720293,15.766763644,1721,0,0.000000000,12.100,53,0,0
7,0,zero_drive,0,15.382710388,15.767015849,15.772637235,1721,0,0.000000000,12.100,53,0,0
7,0,zero_drive,0,15.382710388,15.772892919,15.778557015,1721,0,0.000000000,12.100,53,0,0
7,0,zero_drive,0,15.382710388,15.778807950,15.784598661,1721,0,0.000000000,12.100,53,0,0
7,0,zero_drive,0,15.382710388,15.784981415,15.790664180,1721,0,0.000000000,12.100,53,0,0
7,0,zero_drive,0,15.382710388,15.790920477,15.796540012,1721,0,0.000000000,12.100,53,0,0
7,0,zero_drive,0,15.382710388,15.796792060,15.802787975,1721,0,0.000000000,12.100,53,0,0
7,0,zero_drive,0,15.382710388,15.803091601,15.808663218,1721,0,0.000000000,12.100,53,0,0
7,0,zero_drive,0,15.382710388,15.808958600,15.814437295,1721,0,0.000000000,12.100,53,0,0
7,0,zero_drive,0,15.382710388,15.814690692,15.820484228,1721,0,0.000000000,12.100,53,0,0
7,0,zero_drive,0,15.382710388,15.820735482,15.826656209,1721,0,0.000000000,12.100,53,0,0
7,0,zero_drive,0,15.382710388,15.826910037,15.832534917,1721,0,0.000000000,12.100,53,0,0
7,0,zero_drive,0,15.382710388,15.832785989,15.838709465,1721,0,0.000000000,12.100,53,0,0
7,0,zero_drive,0,15.382710388,15.838962324,15.844711184,1721,0,0.000000000,12.100,53,0,0
7,0,zero_drive,0,15.382710388,15.844994641,15.850720034,1721,0,0.000000000,12.100,53,0,0
7,0,zero_drive,0,15.382710388,15.850969539,15.856489305,1721,0,0.000000000,12.100,53,0,0
7,0,zero_drive,0,15.382710388,15.856739307,15.862570066,1721,0,0.000000000,12.100,53,0,0
7,0,zero_drive,0,15.382710388,15.862823554,15.868637386,1721,0,0.000000000,12.100,53,0,0
7,0,zero_drive,0,15.382710388,15.868893636,15.874575051,1721,0,0.000000000,12.100,53,0,0
7,0,zero_drive,0,15.382710388,15.874827753,15.880652298,1721,0,0.000000000,12.100,53,0,0
7,0,zero_drive,0,15.382710388,15.880901290,15.886600610,1721,0,0.000000000,12.100,53,0,0
7,0,zero_drive,0,15.382710388,15.886865301,15.892767982,1721,0,0.000000000,12.100,53,0,0
7,0,zero_drive,0,15.382710388,15.893018423,15.898398416,1721,0,0.000000000,12.100,53,0,0
7,0,zero_drive,0,15.382710388,15.898644396,15.904490168,1721,0,0.000000000,12.100,53,0,0
7,0,zero_drive,0,15.382710388,15.904739829,15.910429546,1721,0,0.000000000,12.100,53,0,0
7,0,zero_drive,0,15.382710388,15.910679142,15.916542586,1721,0,0.000000000,12.100,53,0,0
7,0,zero_drive,0,15.382710388,15.916825827,15.922696928,1721,0,0.000000000,12.100,53,0,0
7,0,zero_drive,0,15.382710388,15.922965112,15.928586219,1721,0,0.000000000,12.100,53,0,0
7,0,zero_drive,0,15.382710388,15.928828297,15.934596259,1721,0,0.000000000,12.100,53,0,0
7,0,zero_drive,0,15.382710388,15.934929319,15.940569391,1721,0,0.000000000,12.100,53,0,0
7,0,zero_drive,0,15.382710388,15.940816559,15.946653378,1721,0,0.000000000,12.100,53,0,0
7,0,zero_drive,0,15.382710388,15.946905006,15.952706570,1721,0,0.000000000,12.100,53,0,0
7,0,zero_drive,0,15.382710388,15.952964091,15.958464817,1721,0,0.000000000,12.100,53,0,0
7,0,zero_drive,0,15.382710388,15.958708423,15.964633241,1721,0,0.000000000,12.100,53,0,0
7,0,zero_drive,0,15.382710388,15.964878541,15.970674584,1721,0,0.000000000,12.100,53,0,0
7,0,zero_drive,0,15.382710388,15.970928287,15.976451406,1721,0,0.000000000,12.100,53,0,0
7,0,zero_drive,0,15.382710388,15.976697470,15.982412565,1721,0,0.000000000,12.100,53,0,0
7,0,zero_drive,0,15.382710388,15.982650094,15.988635789,1721,0,0.000000000,12.100,53,0,0
7,0,zero_drive,0,15.382710388,15.988878308,15.994466321,1721,0,0.000000000,12.100,53,0,0
7,0,zero_drive,0,15.382710388,15.994709989,16.000633879,1721,0,0.000000000,12.100,53,0,0
7,0,zero_drive,0,15.382710388,16.001010391,16.006467949,1721,0,0.000000000,12.100,53,0,0
7,0,zero_drive,0,15.382710388,16.006709597,16.012504414,1721,0,0.000000000,12.100,53,0,0
7,0,zero_drive,0,15.382710388,16.012738009,16.018587018,1721,0,0.000000000,12.100,53,0,0
7,0,zero_drive,0,15.382710388,16.018828603,16.024373225,1721,0,0.000000000,12.100,53,0,0
7,0,zero_drive,0,15.382710388,16.024600806,16.030530493,1721,0,0.000000000,12.100,53,0,0
7,0,zero_drive,0,15.382710388,16.030771051,16.036654906,1721,0,0.000000000,12.100,53,0,0
7,0,zero_drive,0,15.382710388,16.036896201,16.042387479,1721,0,0.000000000,12.100,53,0,0
7,0,zero_drive,0,15.382710388,16.042612171,16.048403524,1721,0,0.000000000,12.100,53,0,0
7,0,zero_drive,0,15.382710388,16.048646274,16.054618928,1721,0,0.000000000,12.100,53,0,0
7,0,zero_drive,0,15.382710388,16.054853347,16.060582851,1721,0,0.000000000,12.100,53,0,0
7,0,zero_drive,0,15.382710388,16.060826628,16.066572124,1721,0,0.000000000,12.100,53,0,0
7,0,zero_drive,0,15.382710388,16.066814504,16.072466638,1721,0,0.000000000,12.100,53,0,0
7,0,zero_drive,0,15.382710388,16.072718954,16.078507026,1721,0,0.000000000,12.100,53,0,0
7,0,zero_drive,0,15.382710388,16.078763632,16.084607947,1721,0,0.000000000,12.100,53,0,0
7,0,zero_drive,0,15.382710388,16.085140954,16.090465064,1721,0,0.000000000,12.100,53,0,0
7,0,zero_drive,0,15.382710388,16.090721704,16.096642951,1721,0,0.000000000,12.100,53,0,0
7,0,zero_drive,0,15.382710388,16.096896749,16.102447228,1721,0,0.000000000,12.100,53,0,0
7,0,zero_drive,0,15.382710388,16.102699645,16.108721726,1721,0,0.000000000,12.100,53,0,0
7,0,zero_drive,0,15.382710388,16.108975915,16.114565763,1721,0,0.000000000,12.100,53,0,0
7,0,zero_drive,0,15.382710388,16.114817906,16.120642059,1721,0,0.000000000,12.100,53,0,0
7,0,zero_drive,0,15.382710388,16.120894211,16.126516970,1721,0,0.000000000,12.100,53,0,0
7,0,zero_drive,0,15.382710388,16.126766711,16.132541824,1721,0,0.000000000,12.100,53,0,0
7,0,zero_drive,0,15.382710388,16.132790050,16.138647601,1721,0,0.000000000,12.100,53,0,0
7,0,zero_drive,0,15.382710388,16.138902261,16.144532479,1721,0,0.000000000,12.100,53,0,0
7,0,zero_drive,0,15.382710388,16.144858212,16.150433283,1721,0,0.000000000,12.100,53,0,0
7,0,zero_drive,0,15.382710388,16.150680271,16.156623636,1721,0,0.000000000,12.100,53,0,0
7,0,zero_drive,0,15.382710388,16.156878674,16.162766823,1721,0,0.000000000,12.100,53,0,0
7,0,zero_drive,0,15.382710388,16.163016210,16.168483084,1721,0,0.000000000,12.100,53,0,0
7,0,zero_drive,0,15.382710388,16.168735289,16.174708765,1721,0,0.000000000,12.100,53,0,0
7,0,zero_drive,0,15.382710388,16.175022971,16.180526124,1721,0,0.000000000,12.100,53,0,0
7,0,zero_drive,0,15.382710388,16.180787097,16.186652273,1721,0,0.000000000,12.100,53,0,0
7,0,zero_drive,0,15.382710388,16.186908250,16.192652599,1721,0,0.000000000,12.100,53,0,0
7,0,zero_drive,0,15.382710388,16.192905873,16.198517539,1721,0,0.000000000,12.100,53,0,0
7,0,zero_drive,0,15.382710388,16.198811441,16.204566444,1721,0,0.000000000,12.100,53,0,0
7,0,zero_drive,0,15.382710388,16.204821741,16.210495263,1721,0,0.000000000,12.100,53,0,0
7,0,zero_drive,0,15.382710388,16.210752971,16.216525179,1721,0,0.000000000,12.100,53,0,0
7,0,zero_drive,0,15.382710388,16.216775778,16.222513396,1721,0,0.000000000,12.100,53,0,0
7,0,zero_drive,0,15.382710388,16.222765583,16.228632425,1721,0,0.000000000,12.100,53,0,0
7,0,zero_drive,0,15.382710388,16.228894119,16.234520454,1721,0,0.000000000,12.100,53,0,0
7,0,zero_drive,0,15.382710388,16.234849362,16.240528427,1721,0,0.000000000,12.100,53,0,0
7,0,zero_drive,0,15.382710388,16.240783489,16.246404334,1721,0,0.000000000,12.100,53,0,0
7,0,zero_drive,0,15.382710388,16.246658332,16.252639771,1721,0,0.000000000,12.100,53,0,0
7,0,zero_drive,0,15.382710388,16.252893240,16.258494683,1721,0,0.000000000,12.100,53,0,0
7,0,zero_drive,0,15.382710388,16.258823436,16.264407204,1721,0,0.000000000,12.100,53,0,0
7,0,zero_drive,0,15.382710388,16.264663003,16.270776552,1721,0,0.000000000,12.100,53,0,0
7,0,zero_drive,0,15.382710388,16.271030523,16.276540593,1721,0,0.000000000,12.100,53,0,0
7,0,zero_drive,0,15.382710388,16.276783211,16.282460064,1721,0,0.000000000,12.100,53,0,0
7,0,zero_drive,0,15.382710388,16.282703783,16.288650521,1721,0,0.000000000,12.100,53,0,0
7,0,zero_drive,0,15.382710388,16.288894579,16.294473781,1721,0,0.000000000,12.100,53,0,0
7,0,zero_drive,0,15.382710388,16.294713861,16.300561298,1721,0,0.000000000,12.100,53,0,0
7,0,zero_drive,0,15.382710388,16.300803420,16.306677621,1721,0,0.000000000,12.100,53,0,0
7,0,zero_drive,0,15.382710388,16.307073631,16.312572478,1721,0,0.000000000,12.100,53,0,0
7,0,zero_drive,0,15.382710388,16.312824076,16.318717523,1721,0,0.000000000,12.100,53,0,0
7,0,zero_drive,0,15.382710388,16.318967931,16.324428878,1721,0,0.000000000,12.100,53,0,0
7,0,zero_drive,0,15.382710388,16.324682324,16.330557256,1721,0,0.000000000,12.100,53,0,0
7,0,zero_drive,0,15.382710388,16.330819413,16.336507515,1721,0,0.000000000,12.100,53,0,0
7,0,zero_drive,0,15.382710388,16.336766587,16.342527342,1721,0,0.000000000,12.100,53,0,0
7,0,zero_drive,0,15.382710388,16.342780173,16.348548758,1721,0,0.000000000,12.100,53,0,0
7,1,pulse,50,16.360529310,16.366305357,16.372489365,1721,0,0.000000000,12.100,53,0,0
7,1,pulse,50,16.360529310,16.372743949,16.378559469,1721,0,0.000000000,12.100,53,0,0
7,1,pulse,50,16.360529310,16.378808584,16.384481448,1721,0,0.000000000,12.100,53,0,0
7,1,pulse,50,16.360529310,16.384779082,16.390612970,1721,0,0.000000000,12.100,53,0,0
7,1,pulse,50,16.360529310,16.390868068,16.396633255,1721,0,0.000000000,12.100,53,0,0
7,1,pulse,50,16.360529310,16.396887742,16.402478873,1722,0,0.000000000,12.100,53,0,0
7,1,pulse,50,16.360529310,16.402732791,16.408598530,1722,100,0.153398079,12.100,53,0,0
7,1,pulse,50,16.360529310,16.408920521,16.414475523,1723,100,0.153398079,12.100,53,0,0
7,1,pulse,50,16.360529310,16.414729588,16.420490319,1723,100,0.153398079,12.100,53,0,0
7,1,pulse,50,16.360529310,16.420746012,16.426455697,1724,100,0.153398079,12.100,53,0,0
7,1,pulse,50,16.360529310,16.426710528,16.432437792,1724,100,0.153398079,12.100,53,0,0
7,1,pulse,50,16.360529310,16.432686078,16.438405030,1725,100,0.153398079,12.100,53,0,0
7,1,pulse,50,16.360529310,16.438655558,16.444442165,1726,50,0.076699039,12.100,53,0,0
7,1,pulse,50,16.360529310,16.444732309,16.450463019,1726,50,0.076699039,12.100,53,0,0
7,1,pulse,50,16.360529310,16.450715812,16.456615783,1727,150,0.230097118,12.100,53,0,0
7,1,pulse,50,16.360529310,16.456870039,16.462512153,1728,150,0.230097118,12.100,53,0,0
7,1,pulse,50,16.360529310,16.462764346,16.468678051,1729,100,0.153398079,12.100,53,0,0
7,1,pulse,50,16.360529310,16.468953516,16.474431800,1729,100,0.153398079,12.100,53,0,0
7,1,pulse,50,16.360529310,16.474690270,16.480493643,1730,100,0.153398079,12.100,53,0,0
7,1,pulse,50,16.360529310,16.480759847,16.486581841,1731,100,0.153398079,12.100,53,0,0
7,1,pulse,50,16.360529310,16.486838766,16.492673883,1731,150,0.230097118,12.100,53,0,0
7,1,pulse,50,16.360529310,16.492965452,16.498547652,1732,150,0.230097118,12.100,53,0,0
7,1,pulse,50,16.360529310,16.498799847,16.504509957,1733,100,0.153398079,12.100,53,0,0
7,1,pulse,50,16.360529310,16.504765177,16.510533313,1733,100,0.153398079,12.100,53,0,0
7,1,zero_drive,0,16.360529310,16.522250882,16.528482000,1735,100,0.153398079,12.100,53,0,0
7,1,zero_drive,0,16.360529310,16.528740843,16.534509823,1735,100,0.153398079,12.100,53,0,0
7,1,zero_drive,0,16.360529310,16.534770973,16.540639676,1736,0,0.000000000,12.100,53,0,0
7,1,zero_drive,0,16.360529310,16.540891382,16.546516553,1736,0,0.000000000,12.100,53,0,0
7,1,zero_drive,0,16.360529310,16.546778245,16.552425660,1736,50,0.076699039,12.100,53,0,0
7,1,zero_drive,0,16.360529310,16.552691500,16.558701458,1736,50,0.076699039,12.100,53,0,0
7,1,zero_drive,0,16.360529310,16.558962783,16.564635726,1736,0,0.000000000,12.100,53,0,0
7,1,zero_drive,0,16.360529310,16.564884644,16.570426071,1736,0,0.000000000,12.100,53,0,0
7,1,zero_drive,0,16.360529310,16.570696453,16.576582359,1736,0,0.000000000,12.100,53,0,0
7,1,zero_drive,0,16.360529310,16.576833761,16.582472265,1736,0,0.000000000,12.100,53,0,0
7,1,zero_drive,0,16.360529310,16.582726910,16.588708003,1736,0,0.000000000,12.100,53,0,0
7,1,zero_drive,0,16.360529310,16.588963464,16.594614521,1736,0,0.000000000,12.100,53,0,0
7,1,zero_drive,0,16.360529310,16.594872653,16.600375072,1736,0,0.000000000,12.100,53,0,0
7,1,zero_drive,0,16.360529310,16.600627940,16.606672069,1736,0,0.000000000,12.100,53,0,0
7,1,zero_drive,0,16.360529310,16.606924669,16.612580230,1736,0,0.000000000,12.100,53,0,0
7,1,zero_drive,0,16.360529310,16.612833293,16.618664594,1736,0,0.000000000,12.100,53,0,0
7,1,zero_drive,0,16.360529310,16.618917940,16.624555953,1736,0,0.000000000,12.100,53,0,0
7,1,zero_drive,0,16.360529310,16.624792700,16.630383800,1736,0,0.000000000,12.100,53,0,0
7,1,zero_drive,0,16.360529310,16.630611948,16.636543703,1736,0,0.000000000,12.100,53,0,0
7,1,zero_drive,0,16.360529310,16.636754231,16.642341497,1736,0,0.000000000,12.100,53,0,0
7,1,zero_drive,0,16.360529310,16.642545822,16.648437733,1736,0,0.000000000,12.100,53,0,0
7,1,zero_drive,0,16.360529310,16.648641933,16.654450438,1736,0,0.000000000,12.100,53,0,0
7,1,zero_drive,0,16.360529310,16.654662381,16.660370517,1736,0,0.000000000,12.100,53,0,0
7,1,zero_drive,0,16.360529310,16.660576895,16.666524680,1736,0,0.000000000,12.100,53,0,0
7,1,zero_drive,0,16.360529310,16.666734350,16.672553106,1736,0,0.000000000,12.100,53,0,0
7,1,zero_drive,0,16.360529310,16.672799915,16.678288663,1736,0,0.000000000,12.100,53,0,0
7,1,zero_drive,0,16.360529310,16.678510708,16.684368486,1736,0,0.000000000,12.100,53,0,0
7,1,zero_drive,0,16.360529310,16.684599857,16.690667145,1736,0,0.000000000,12.100,53,0,0
7,1,zero_drive,0,16.360529310,16.690945470,16.696586927,1736,0,0.000000000,12.100,53,0,0
7,1,zero_drive,0,16.360529310,16.696840292,16.702819002,1736,0,0.000000000,12.100,53,0,0
7,1,zero_drive,0,16.360529310,16.703085892,16.708481162,1736,0,0.000000000,12.100,53,0,0
7,1,zero_drive,0,16.360529310,16.708766513,16.714512117,1736,0,0.000000000,12.100,53,0,0
7,1,zero_drive,0,16.360529310,16.714777225,16.720563357,1736,0,0.000000000,12.100,53,0,0
7,1,zero_drive,0,16.360529310,16.720840503,16.726515583,1736,0,0.000000000,12.100,53,0,0
7,1,zero_drive,0,16.360529310,16.726767521,16.732604177,1736,0,0.000000000,12.100,53,0,0
7,1,zero_drive,0,16.360529310,16.732856525,16.738747336,1736,0,0.000000000,12.100,53,0,0
7,1,zero_drive,0,16.360529310,16.739020650,16.744365802,1736,0,0.000000000,12.100,53,0,0
7,1,zero_drive,0,16.360529310,16.744621159,16.750428534,1736,0,0.000000000,12.100,53,0,0
7,1,zero_drive,0,16.360529310,16.750824507,16.756463118,1736,0,0.000000000,12.100,53,0,0
7,1,zero_drive,0,16.360529310,16.756721822,16.762341347,1736,0,0.000000000,12.100,53,0,0
7,1,zero_drive,0,16.360529310,16.762589002,16.768685996,1736,0,0.000000000,12.100,53,0,0
7,1,zero_drive,0,16.360529310,16.769110369,16.774472378,1736,0,0.000000000,12.100,53,0,0
7,1,zero_drive,0,16.360529310,16.774725970,16.780460731,1736,0,0.000000000,12.100,53,0,0
7,1,zero_drive,0,16.360529310,16.780786062,16.786848546,1736,0,0.000000000,12.100,53,0,0
7,1,zero_drive,0,16.360529310,16.787112775,16.792569099,1736,0,0.000000000,12.100,53,0,0
7,1,zero_drive,0,16.360529310,16.792825747,16.798442606,1736,0,0.000000000,12.100,53,0,0
7,1,zero_drive,0,16.360529310,16.798692244,16.804455800,1736,0,0.000000000,12.100,53,0,0
7,1,zero_drive,0,16.360529310,16.804712114,16.810391208,1736,0,0.000000000,12.100,53,0,0
7,1,zero_drive,0,16.360529310,16.810646333,16.816576742,1736,0,0.000000000,12.100,53,0,0
7,1,zero_drive,0,16.360529310,16.816821191,16.822386615,1736,0,0.000000000,12.100,53,0,0
7,1,zero_drive,0,16.360529310,16.822646420,16.828594914,1736,0,0.000000000,12.100,53,0,0
7,1,zero_drive,0,16.360529310,16.828847243,16.834507478,1736,0,0.000000000,12.100,53,0,0
7,1,zero_drive,0,16.360529310,16.834794605,16.840526746,1736,0,0.000000000,12.100,53,0,0
7,1,zero_drive,0,16.360529310,16.840777569,16.846439388,1736,0,0.000000000,12.100,53,0,0
7,1,zero_drive,0,16.360529310,16.846684992,16.853444430,1736,0,0.000000000,12.100,53,0,0
7,1,zero_drive,0,16.360529310,16.853696833,16.858530430,1736,0,0.000000000,12.100,53,0,0
7,1,zero_drive,0,16.360529310,16.858782034,16.864350871,1736,0,0.000000000,12.100,53,0,0
7,1,zero_drive,0,16.360529310,16.864598710,16.870406004,1736,0,0.000000000,12.100,53,0,0
7,1,zero_drive,0,16.360529310,16.870719064,16.876700565,1736,0,0.000000000,12.100,53,0,0
7,1,zero_drive,0,16.360529310,16.876955228,16.882343700,1736,0,0.000000000,12.100,53,0,0
7,1,zero_drive,0,16.360529310,16.882592449,16.888429612,1736,0,0.000000000,12.100,53,0,0
7,1,zero_drive,0,16.360529310,16.888685290,16.894363411,1736,0,0.000000000,12.100,53,0,0
7,1,zero_drive,0,16.360529310,16.894612390,16.900474167,1736,0,0.000000000,12.100,53,0,0
7,1,zero_drive,0,16.360529310,16.900778890,16.906535267,1736,0,0.000000000,12.100,53,0,0
7,1,zero_drive,0,16.360529310,16.906791162,16.912388923,1736,0,0.000000000,12.100,53,0,0
7,1,zero_drive,0,16.360529310,16.912638305,16.918823307,1736,0,0.000000000,12.100,53,0,0
7,1,zero_drive,0,16.360529310,16.919099754,16.924470582,1736,0,0.000000000,12.100,53,0,0
7,1,zero_drive,0,16.360529310,16.924721364,16.930435620,1736,0,0.000000000,12.100,53,0,0
7,1,zero_drive,0,16.360529310,16.930683454,16.936547423,1736,0,0.000000000,12.100,53,0,0
7,1,zero_drive,0,16.360529310,16.936801986,16.942521714,1736,0,0.000000000,12.100,53,0,0
7,1,zero_drive,0,16.360529310,16.942771107,16.948388202,1736,0,0.000000000,12.100,53,0,0
7,1,zero_drive,0,16.360529310,16.948638256,16.954361496,1736,0,0.000000000,12.100,53,0,0
7,1,zero_drive,0,16.360529310,16.954612788,16.960305070,1736,0,0.000000000,12.100,53,0,0
7,1,zero_drive,0,16.360529310,16.960554125,16.966435094,1736,0,0.000000000,12.100,53,0,0
7,1,zero_drive,0,16.360529310,16.966694445,16.972397144,1736,0,0.000000000,12.100,53,0,0
7,1,zero_drive,0,16.360529310,16.972655722,16.978459429,1736,0,0.000000000,12.100,53,0,0
7,1,zero_drive,0,16.360529310,16.978721743,16.984345910,1736,0,0.000000000,12.100,53,0,0
7,1,zero_drive,0,16.360529310,16.984590569,16.990585012,1736,0,0.000000000,12.100,53,0,0
7,1,zero_drive,0,16.360529310,16.990835442,16.996494951,1736,0,0.000000000,12.100,53,0,0
7,1,zero_drive,0,16.360529310,16.996767439,17.002446035,1736,0,0.000000000,12.100,53,0,0
7,1,zero_drive,0,16.360529310,17.002699313,17.008558567,1736,0,0.000000000,12.100,53,0,0
7,1,zero_drive,0,16.360529310,17.008822479,17.014545499,1736,0,0.000000000,12.100,53,0,0
7,1,zero_drive,0,16.360529310,17.014788523,17.020589965,1736,0,0.000000000,12.100,53,0,0
7,1,zero_drive,0,16.360529310,17.020849039,17.026596353,1736,0,0.000000000,12.100,53,0,0
7,1,zero_drive,0,16.360529310,17.026843905,17.032461091,1736,0,0.000000000,12.100,53,0,0
7,1,zero_drive,0,16.360529310,17.032696934,17.038531430,1736,0,0.000000000,12.100,53,0,0
7,1,zero_drive,0,16.360529310,17.038782044,17.044449753,1736,0,0.000000000,12.100,53,0,0
7,1,zero_drive,0,16.360529310,17.044704547,17.050501704,1736,0,0.000000000,12.100,53,0,0
7,1,zero_drive,0,16.360529310,17.050754778,17.056456924,1736,0,0.000000000,12.100,53,0,0
7,1,zero_drive,0,16.360529310,17.056740326,17.062450241,1736,0,0.000000000,12.100,53,0,0
7,1,zero_drive,0,16.360529310,17.062692961,17.068812016,1736,0,0.000000000,12.100,53,0,0
7,1,zero_drive,0,16.360529310,17.069069196,17.074352682,1736,0,0.000000000,12.100,53,0,0
7,1,zero_drive,0,16.360529310,17.074612157,17.080566789,1736,0,0.000000000,12.100,53,0,0
7,1,zero_drive,0,16.360529310,17.080819883,17.086468346,1736,0,0.000000000,12.100,53,0,0
7,1,zero_drive,0,16.360529310,17.086715811,17.092308038,1736,0,0.000000000,12.100,53,0,0
7,1,zero_drive,0,16.360529310,17.092550630,17.098454432,1736,0,0.000000000,12.100,53,0,0
7,1,zero_drive,0,16.360529310,17.098693280,17.104548697,1736,0,0.000000000,12.100,53,0,0
7,1,zero_drive,0,16.360529310,17.104795844,17.110465649,1736,0,0.000000000,12.100,53,0,0
7,1,zero_drive,0,16.360529310,17.110726959,17.116363872,1736,0,0.000000000,12.100,53,0,0
7,1,zero_drive,0,16.360529310,17.116598325,17.122565042,1736,0,0.000000000,12.100,53,0,0
7,1,zero_drive,0,16.360529310,17.122806900,17.128352721,1736,0,0.000000000,12.100,53,0,0
7,1,zero_drive,0,16.360529310,17.128594215,17.134235527,1736,0,0.000000000,12.100,53,0,0
7,1,zero_drive,0,16.360529310,17.134470700,17.140644998,1736,0,0.000000000,12.100,53,0,0
7,1,zero_drive,0,16.360529310,17.140939391,17.146275167,1736,0,0.000000000,12.100,53,0,0
7,1,zero_drive,0,16.360529310,17.146510833,17.152477725,1736,0,0.000000000,12.100,53,0,0
7,1,zero_drive,0,16.360529310,17.152722103,17.158405852,1736,0,0.000000000,12.100,53,0,0
7,1,zero_drive,0,16.360529310,17.158618753,17.164372231,1736,0,0.000000000,12.100,53,0,0
7,1,zero_drive,0,16.360529310,17.164581586,17.170219583,1736,0,0.000000000,12.100,53,0,0
7,1,zero_drive,0,16.360529310,17.170435233,17.176292234,1736,0,0.000000000,12.100,53,0,0
7,1,zero_drive,0,16.360529310,17.176506441,17.182389431,1736,0,0.000000000,12.100,53,0,0
7,1,zero_drive,0,16.360529310,17.182596161,17.188216335,1736,0,0.000000000,12.100,53,0,0
7,1,zero_drive,0,16.360529310,17.188432815,17.194153308,1736,0,0.000000000,12.100,53,0,0
7,1,zero_drive,0,16.360529310,17.194365016,17.200356930,1736,0,0.000000000,12.100,53,0,0
7,1,zero_drive,0,16.360529310,17.200632459,17.206440272,1736,0,0.000000000,12.100,53,0,0
7,1,zero_drive,0,16.360529310,17.206653141,17.212118514,1736,0,0.000000000,12.100,53,0,0
7,1,zero_drive,0,16.360529310,17.212332085,17.218247223,1736,0,0.000000000,12.100,53,0,0
7,1,zero_drive,0,16.360529310,17.218461477,17.224196586,1736,0,0.000000000,12.100,53,0,0
7,1,zero_drive,0,16.360529310,17.224404086,17.230442911,1736,0,0.000000000,12.100,53,0,0
7,1,zero_drive,0,16.360529310,17.230674506,17.236198369,1736,0,0.000000000,12.100,53,0,0
7,1,zero_drive,0,16.360529310,17.236424176,17.242680716,1736,0,0.000000000,12.100,53,0,0
7,1,zero_drive,0,16.360529310,17.242913937,17.248383206,1736,0,0.000000000,12.100,53,0,0
7,1,zero_drive,0,16.360529310,17.248595405,17.254374434,1736,0,0.000000000,12.100,53,0,0
7,1,zero_drive,0,16.360529310,17.254595497,17.260341585,1736,0,0.000000000,12.100,53,0,0
7,1,zero_drive,0,16.360529310,17.260556546,17.266273114,1736,0,0.000000000,12.100,53,0,0
7,1,zero_drive,0,16.360529310,17.266486511,17.272222178,1736,0,0.000000000,12.100,53,0,0
7,1,zero_drive,0,16.360529310,17.272446368,17.278328327,1736,0,0.000000000,12.100,53,0,0
7,1,zero_drive,0,16.360529310,17.278548823,17.284307678,1736,0,0.000000000,12.100,53,0,0
7,1,zero_drive,0,16.360529310,17.284518938,17.290226598,1736,0,0.000000000,12.100,53,0,0
7,1,zero_drive,0,16.360529310,17.290438992,17.296118491,1736,0,0.000000000,12.100,53,0,0
7,1,zero_drive,0,16.360529310,17.296332560,17.302226328,1736,0,0.000000000,12.100,53,0,0
7,1,zero_drive,0,16.360529310,17.302437887,17.308483229,1736,0,0.000000000,12.100,53,0,0
7,1,zero_drive,0,16.360529310,17.308717254,17.314262157,1736,0,0.000000000,12.100,53,0,0
7,1,zero_drive,0,16.360529310,17.314496820,17.320539117,1736,0,0.000000000,12.100,53,0,0
7,1,zero_drive,0,16.360529310,17.320793992,17.326428292,1736,0,0.000000000,12.100,53,0,0
7,2,pulse,100,17.338325735,17.344215151,17.350352075,1736,0,0.000000000,12.100,53,0,0
7,2,pulse,100,17.338325735,17.350638179,17.356430141,1736,0,0.000000000,12.100,53,0,0
7,2,pulse,100,17.338325735,17.356691434,17.362238616,1737,0,0.000000000,12.100,53,0,0
7,2,pulse,100,17.338325735,17.362486227,17.368408858,1738,100,0.153398079,12.100,53,0,0
7,2,pulse,100,17.338325735,17.368763606,17.374423524,1739,100,0.153398079,12.100,53,0,0
7,2,pulse,100,17.338325735,17.374698273,17.380377548,1740,200,0.306796158,12.100,53,0,0
7,2,pulse,100,17.338325735,17.380627590,17.386211366,1741,200,0.306796158,12.100,53,0,0
7,2,pulse,100,17.338325735,17.386456905,17.392307333,1743,200,0.306796158,12.100,53,0,0
7,2,pulse,100,17.338325735,17.392552444,17.398312543,1744,200,0.306796158,12.100,53,0,0
7,2,pulse,100,17.338325735,17.398557782,17.404318663,1746,200,0.306796158,12.100,53,0,0
7,2,pulse,100,17.338325735,17.404563255,17.410322153,1747,200,0.306796158,12.100,53,0,0
7,2,pulse,100,17.338325735,17.410562196,17.416364041,1749,250,0.383495197,12.100,53,0,0
7,2,pulse,100,17.338325735,17.416606197,17.422274066,1750,250,0.383495197,12.100,53,0,0
7,2,pulse,100,17.338325735,17.422519211,17.428436566,1752,250,0.383495197,12.100,53,0,0
7,2,pulse,100,17.338325735,17.428676441,17.434223847,1754,250,0.383495197,12.100,53,0,0
7,2,pulse,100,17.338325735,17.434459050,17.440423867,1755,300,0.460194236,12.100,53,0,0
7,2,pulse,100,17.338325735,17.440672889,17.446224507,1757,300,0.460194236,12.100,53,0,0
7,2,pulse,100,17.338325735,17.446465186,17.452394416,1758,250,0.383495197,12.100,53,0,0
7,2,pulse,100,17.338325735,17.452657760,17.458367630,1760,250,0.383495197,12.100,53,0,0
7,2,pulse,100,17.338325735,17.458605887,17.464277826,1761,300,0.460194236,12.100,53,0,0
7,2,pulse,100,17.338325735,17.464515246,17.470301086,1763,300,0.460194236,12.100,53,0,0
7,2,pulse,100,17.338325735,17.470546196,17.476353706,1765,300,0.460194236,12.100,53,0,0
7,2,pulse,100,17.338325735,17.476582551,17.482318841,1766,300,0.460194236,12.100,53,0,0
7,2,pulse,100,17.338325735,17.482549399,17.488334181,1768,250,0.383495197,12.100,53,0,0
7,2,zero_drive,0,17.338325735,17.500272413,17.506300941,1772,250,0.383495197,12.100,53,0,0
7,2,zero_drive,0,17.338325735,17.506515366,17.512219567,1773,150,0.230097118,12.100,53,0,0
7,2,zero_drive,0,17.338325735,17.512434241,17.518331376,1773,150,0.230097118,12.100,53,0,0
7,2,zero_drive,0,17.338325735,17.518544956,17.524163426,1773,50,0.076699039,12.100,53,0,0
7,2,zero_drive,0,17.338325735,17.524377474,17.530360316,1773,50,0.076699039,12.100,53,0,0
7,2,zero_drive,0,17.338325735,17.530605449,17.536377413,1773,0,0.000000000,12.100,53,0,0
7,2,zero_drive,0,17.338325735,17.536656109,17.542286975,1773,0,0.000000000,12.100,53,0,0
7,2,zero_drive,0,17.338325735,17.542532742,17.548338564,1773,0,0.000000000,12.100,53,0,0
7,2,zero_drive,0,17.338325735,17.548591903,17.554348096,1773,0,0.000000000,12.100,53,0,0
7,2,zero_drive,0,17.338325735,17.554605426,17.560409728,1773,0,0.000000000,12.100,53,0,0
7,2,zero_drive,0,17.338325735,17.560658206,17.566410423,1773,0,0.000000000,12.100,53,0,0
7,2,zero_drive,0,17.338325735,17.566652348,17.572408127,1773,0,0.000000000,12.100,53,0,0
7,2,zero_drive,0,17.338325735,17.572671907,17.578352698,1773,0,0.000000000,12.100,53,0,0
7,2,zero_drive,0,17.338325735,17.578618507,17.584205826,1773,0,0.000000000,12.100,53,0,0
7,2,zero_drive,0,17.338325735,17.584442215,17.590402335,1773,0,0.000000000,12.100,53,0,0
7,2,zero_drive,0,17.338325735,17.590656611,17.596222618,1773,0,0.000000000,12.100,53,0,0
7,2,zero_drive,0,17.338325735,17.596468026,17.602467190,1773,0,0.000000000,12.100,53,0,0
7,2,zero_drive,0,17.338325735,17.602718364,17.608395796,1773,0,0.000000000,12.100,53,0,0
7,2,zero_drive,0,17.338325735,17.608638873,17.614362977,1773,0,0.000000000,12.100,53,0,0
7,2,zero_drive,0,17.338325735,17.614624175,17.620279161,1773,0,0.000000000,12.100,53,0,0
7,2,zero_drive,0,17.338325735,17.620519775,17.626325827,1773,0,0.000000000,12.100,53,0,0
7,2,zero_drive,0,17.338325735,17.626556201,17.632442128,1773,0,0.000000000,12.100,53,0,0
7,2,zero_drive,0,17.338325735,17.632678646,17.638354714,1773,0,0.000000000,12.100,53,0,0
7,2,zero_drive,0,17.338325735,17.638589210,17.644373391,1773,0,0.000000000,12.100,53,0,0
7,2,zero_drive,0,17.338325735,17.644635613,17.650864472,1773,0,0.000000000,12.100,53,0,0
7,2,zero_drive,0,17.338325735,17.651215672,17.656304972,1773,0,0.000000000,12.100,53,0,0
7,2,zero_drive,0,17.338325735,17.656535399,17.662377769,1773,0,0.000000000,12.100,53,0,0
7,2,zero_drive,0,17.338325735,17.662605232,17.668746633,1773,0,0.000000000,12.100,53,0,0
7,2,zero_drive,0,17.338325735,17.669028288,17.674327075,1773,0,0.000000000,12.100,53,0,0
7,2,zero_drive,0,17.338325735,17.674561837,17.680264785,1773,0,0.000000000,12.100,53,0,0
7,2,zero_drive,0,17.338325735,17.680477320,17.686438240,1773,0,0.000000000,12.100,53,0,0
7,2,zero_drive,0,17.338325735,17.686669588,17.692112931,1773,0,0.000000000,12.100,53,0,0
7,2,zero_drive,0,17.338325735,17.692319150,17.698291726,1773,0,0.000000000,12.100,53,0,0
7,2,zero_drive,0,17.338325735,17.698494925,17.704339421,1773,0,0.000000000,12.100,53,0,0
7,2,zero_drive,0,17.338325735,17.704551250,17.710537099,1773,0,0.000000000,12.100,53,0,0
7,2,zero_drive,0,17.338325735,17.710817156,17.716566418,1773,0,0.000000000,12.100,53,0,0
7,2,zero_drive,0,17.338325735,17.716845945,17.722418102,1773,0,0.000000000,12.100,53,0,0
7,2,zero_drive,0,17.338325735,17.722646854,17.728245564,1773,0,0.000000000,12.100,53,0,0
7,2,zero_drive,0,17.338325735,17.728474240,17.734284480,1773,0,0.000000000,12.100,53,0,0
7,2,zero_drive,0,17.338325735,17.734506509,17.740093100,1773,0,0.000000000,12.100,53,0,0
7,2,zero_drive,0,17.338325735,17.740300719,17.746240765,1773,0,0.000000000,12.100,53,0,0
7,2,zero_drive,0,17.338325735,17.746444885,17.752327463,1773,0,0.000000000,12.100,53,0,0
7,2,zero_drive,0,17.338325735,17.752535217,17.758141653,1773,0,0.000000000,12.100,53,0,0
7,2,zero_drive,0,17.338325735,17.758342568,17.764088430,1773,0,0.000000000,12.100,53,0,0
7,2,zero_drive,0,17.338325735,17.764290852,17.770223112,1773,0,0.000000000,12.100,53,0,0
7,2,zero_drive,0,17.338325735,17.770437716,17.776135673,1773,0,0.000000000,12.100,53,0,0
7,2,zero_drive,0,17.338325735,17.776345453,17.782186140,1773,0,0.000000000,12.100,53,0,0
7,2,zero_drive,0,17.338325735,17.782396145,17.788247652,1773,0,0.000000000,12.100,53,0,0
7,2,zero_drive,0,17.338325735,17.788460881,17.794196200,1773,0,0.000000000,12.100,53,0,0
7,2,zero_drive,0,17.338325735,17.794407275,17.800164575,1773,0,0.000000000,12.100,53,0,0
7,2,zero_drive,0,17.338325735,17.800374783,17.806148997,1773,0,0.000000000,12.100,53,0,0
7,2,zero_drive,0,17.338325735,17.806368834,17.812339583,1773,0,0.000000000,12.100,53,0,0
7,2,zero_drive,0,17.338325735,17.812622428,17.818377647,1773,0,0.000000000,12.100,53,0,0
7,2,zero_drive,0,17.338325735,17.818660346,17.824230290,1773,0,0.000000000,12.100,53,0,0
7,2,zero_drive,0,17.338325735,17.824447629,17.830306546,1773,0,0.000000000,12.100,53,0,0
7,2,zero_drive,0,17.338325735,17.830555745,17.836284285,1773,0,0.000000000,12.100,53,0,0
7,2,zero_drive,0,17.338325735,17.836528285,17.842325994,1773,0,0.000000000,12.100,53,0,0
7,2,zero_drive,0,17.338325735,17.842574865,17.848349626,1773,0,0.000000000,12.100,53,0,0
7,2,zero_drive,0,17.338325735,17.848590707,17.854346195,1773,0,0.000000000,12.100,53,0,0
7,2,zero_drive,0,17.338325735,17.854597227,17.860368708,1773,0,0.000000000,12.100,53,0,0
7,2,zero_drive,0,17.338325735,17.860613485,17.866184324,1773,0,0.000000000,12.100,53,0,0
7,2,zero_drive,0,17.338325735,17.866426032,17.872312495,1773,0,0.000000000,12.100,53,0,0
7,2,zero_drive,0,17.338325735,17.872553513,17.878442879,1773,0,0.000000000,12.100,53,0,0
7,2,zero_drive,0,17.338325735,17.878699548,17.884413683,1773,0,0.000000000,12.100,53,0,0
7,2,zero_drive,0,17.338325735,17.884653118,17.890294366,1773,0,0.000000000,12.100,53,0,0
7,2,zero_drive,0,17.338325735,17.890530321,17.896361977,1773,0,0.000000000,12.100,53,0,0
7,2,zero_drive,0,17.338325735,17.896595136,17.902482460,1773,0,0.000000000,12.100,53,0,0
7,2,zero_drive,0,17.338325735,17.902714703,17.908430172,1773,0,0.000000000,12.100,53,0,0
7,2,zero_drive,0,17.338325735,17.908674750,17.914429201,1773,0,0.000000000,12.100,53,0,0
7,2,zero_drive,0,17.338325735,17.914676902,17.920239232,1773,0,0.000000000,12.100,53,0,0
7,2,zero_drive,0,17.338325735,17.920521317,17.926130781,1773,0,0.000000000,12.100,53,0,0
7,2,zero_drive,0,17.338325735,17.926328835,17.932177275,1773,0,0.000000000,12.100,53,0,0
7,2,zero_drive,0,17.338325735,17.932381197,17.938195470,1773,0,0.000000000,12.100,53,0,0
7,2,zero_drive,0,17.338325735,17.938406260,17.944213220,1773,0,0.000000000,12.100,53,0,0
7,2,zero_drive,0,17.338325735,17.944422217,17.950308875,1773,0,0.000000000,12.100,53,0,0
7,2,zero_drive,0,17.338325735,17.950528564,17.956414314,1773,0,0.000000000,12.100,53,0,0
7,2,zero_drive,0,17.338325735,17.956624938,17.962303718,1773,0,0.000000000,12.100,53,0,0
7,2,zero_drive,0,17.338325735,17.962508972,17.968359791,1773,0,0.000000000,12.100,53,0,0
7,2,zero_drive,0,17.338325735,17.968607200,17.974071024,1773,0,0.000000000,12.100,53,0,0
7,2,zero_drive,0,17.338325735,17.974278531,17.980251470,1773,0,0.000000000,12.100,53,0,0
7,2,zero_drive,0,17.338325735,17.980456755,17.986309375,1773,0,0.000000000,12.100,53,0,0
7,2,zero_drive,0,17.338325735,17.986523284,17.992162694,1773,0,0.000000000,12.100,53,0,0
7,2,zero_drive,0,17.338325735,17.992367922,17.998056636,1773,0,0.000000000,12.100,53,0,0
7,2,zero_drive,0,17.338325735,17.998263878,18.004363725,1773,0,0.000000000,12.100,53,0,0
7,2,zero_drive,0,17.338325735,18.004571316,18.010275636,1773,0,0.000000000,12.100,53,0,0
7,2,zero_drive,0,17.338325735,18.010484995,18.016371876,1773,0,0.000000000,12.100,53,0,0
7,2,zero_drive,0,17.338325735,18.016576143,18.022255387,1773,0,0.000000000,12.100,53,0,0
7,2,zero_drive,0,17.338325735,18.022469314,18.028282825,1773,0,0.000000000,12.100,53,0,0
7,2,zero_drive,0,17.338325735,18.028491771,18.034294632,1773,0,0.000000000,12.100,53,0,0
7,2,zero_drive,0,17.338325735,18.034601321,18.040149618,1773,0,0.000000000,12.100,53,0,0
7,2,zero_drive,0,17.338325735,18.040357706,18.046114603,1773,0,0.000000000,12.100,53,0,0
7,2,zero_drive,0,17.338325735,18.046318881,18.052339613,1773,0,0.000000000,12.100,53,0,0
7,2,zero_drive,0,17.338325735,18.052552608,18.058232881,1773,0,0.000000000,12.100,53,0,0
7,2,zero_drive,0,17.338325735,18.058433079,18.064196305,1773,0,0.000000000,12.100,53,0,0
7,2,zero_drive,0,17.338325735,18.064400168,18.070394641,1773,0,0.000000000,12.100,53,0,0
7,2,zero_drive,0,17.338325735,18.070603399,18.076244215,1773,0,0.000000000,12.100,53,0,0
7,2,zero_drive,0,17.338325735,18.076457654,18.082132074,1773,0,0.000000000,12.100,53,0,0
7,2,zero_drive,0,17.338325735,18.082341462,18.088310528,1773,0,0.000000000,12.100,53,0,0
7,2,zero_drive,0,17.338325735,18.088526836,18.094062102,1773,0,0.000000000,12.100,53,0,0
7,2,zero_drive,0,17.338325735,18.094270899,18.100497819,1773,0,0.000000000,12.100,53,0,0
7,2,zero_drive,0,17.338325735,18.100774624,18.106205539,1773,0,0.000000000,12.100,53,0,0
7,2,zero_drive,0,17.338325735,18.106414483,18.112280378,1773,0,0.000000000,12.100,53,0,0
7,2,zero_drive,0,17.338325735,18.112486703,18.118342794,1773,0,0.000000000,12.100,53,0,0
7,2,zero_drive,0,17.338325735,18.118564351,18.124380163,1773,0,0.000000000,12.100,53,0,0
7,2,zero_drive,0,17.338325735,18.124580886,18.130306869,1773,0,0.000000000,12.100,53,0,0
7,2,zero_drive,0,17.338325735,18.130508484,18.136086741,1773,0,0.000000000,12.100,53,0,0
7,2,zero_drive,0,17.338325735,18.136295964,18.142217849,1773,0,0.000000000,12.100,53,0,0
7,2,zero_drive,0,17.338325735,18.142417636,18.148257925,1773,0,0.000000000,12.100,53,0,0
7,2,zero_drive,0,17.338325735,18.148472765,18.154392834,1773,0,0.000000000,12.100,53,0,0
7,2,zero_drive,0,17.338325735,18.154631506,18.160133934,1773,0,0.000000000,12.100,53,0,0
7,2,zero_drive,0,17.338325735,18.160367541,18.166141951,1773,0,0.000000000,12.100,53,0,0
7,2,zero_drive,0,17.338325735,18.166370762,18.172255172,1773,0,0.000000000,12.100,53,0,0
7,2,zero_drive,0,17.338325735,18.172498878,18.178253908,1773,0,0.000000000,12.100,53,0,0
7,2,zero_drive,0,17.338325735,18.178492475,18.184088419,1773,0,0.000000000,12.100,53,0,0
7,2,zero_drive,0,17.338325735,18.184431687,18.190326024,1773,0,0.000000000,12.100,53,0,0
7,2,zero_drive,0,17.338325735,18.190565769,18.196391583,1773,0,0.000000000,12.100,53,0,0
7,2,zero_drive,0,17.338325735,18.196664953,18.202378597,1773,0,0.000000000,12.100,53,0,0
7,2,zero_drive,0,17.338325735,18.202613612,18.208138788,1773,0,0.000000000,12.100,53,0,0
7,2,zero_drive,0,17.338325735,18.208378706,18.214205788,1773,0,0.000000000,12.100,53,0,0
7,2,zero_drive,0,17.338325735,18.214440522,18.220144901,1773,0,0.000000000,12.100,53,0,0
7,2,zero_drive,0,17.338325735,18.220380599,18.226170428,1773,0,0.000000000,12.100,53,0,0
7,2,zero_drive,0,17.338325735,18.226391035,18.232177444,1773,0,0.000000000,12.100,53,0,0
7,2,zero_drive,0,17.338325735,18.232400830,18.238108068,1773,0,0.000000000,12.100,53,0,0
7,2,zero_drive,0,17.338325735,18.238334361,18.244077994,1773,0,0.000000000,12.100,53,0,0
7,2,zero_drive,0,17.338325735,18.244285343,18.250125274,1773,0,0.000000000,12.100,53,0,0
7,2,zero_drive,0,17.338325735,18.250350222,18.256097437,1773,0,0.000000000,12.100,53,0,0
7,2,zero_drive,0,17.338325735,18.256302410,18.261992513,1773,0,0.000000000,12.100,53,0,0
7,2,zero_drive,0,17.338325735,18.262193972,18.268306854,1773,0,0.000000000,12.100,53,0,0
7,2,zero_drive,0,17.338325735,18.268512521,18.274311829,1773,0,0.000000000,12.100,53,0,0
7,2,zero_drive,0,17.338325735,18.274518130,18.280109282,1773,0,0.000000000,12.100,53,0,0
7,2,zero_drive,0,17.338325735,18.280313713,18.286067741,1773,0,0.000000000,12.100,53,0,0
7,2,zero_drive,0,17.338325735,18.286285405,18.292208526,1773,0,0.000000000,12.100,53,0,0
7,2,zero_drive,0,17.338325735,18.292415995,18.298124439,1773,0,0.000000000,12.100,53,0,0
7,2,zero_drive,0,17.338325735,18.298326364,18.304106099,1773,0,0.000000000,12.100,53,0,0
7,3,pulse,150,18.316026820,18.321948417,18.328079344,1773,0,0.000000000,12.100,53,0,0
7,3,pulse,150,18.316026820,18.328293739,18.334290719,1774,0,0.000000000,12.100,53,0,0
7,3,pulse,150,18.316026820,18.334544070,18.340327604,1775,150,0.230097118,12.100,53,0,0
7,3,pulse,150,18.316026820,18.340535274,18.346305850,1777,150,0.230097118,12.100,53,0,0
7,3,pulse,150,18.316026820,18.346536175,18.352397979,1778,250,0.383495197,12.100,53,0,0
7,3,pulse,150,18.316026820,18.352646849,18.358351969,1780,250,0.383495197,12.100,53,0,0
7,3,pulse,150,18.316026820,18.358608357,18.364269616,1782,350,0.536893276,12.100,53,0,0
7,3,pulse,150,18.316026820,18.364524879,18.370240380,1785,350,0.536893276,12.100,53,0,0
7,3,pulse,150,18.316026820,18.370479294,18.376164619,1787,400,0.613592315,12.100,53,0,0
7,3,pulse,150,18.316026820,18.376402752,18.382239267,1789,400,0.613592315,12.100,53,0,0
7,3,pulse,150,18.316026820,18.382476056,18.388270218,1792,400,0.613592315,12.100,53,0,0
7,3,pulse,150,18.316026820,18.388512880,18.394231119,1794,400,0.613592315,12.100,53,0,0
7,3,pulse,150,18.316026820,18.394465629,18.400468409,1797,400,0.613592315,12.100,53,0,0
7,3,pulse,150,18.316026820,18.400713625,18.406419956,1799,400,0.613592315,12.100,53,0,0
7,3,pulse,150,18.316026820,18.406662345,18.412221399,1802,450,0.690291355,12.100,53,0,0
7,3,pulse,150,18.316026820,18.412458479,18.418270228,1804,450,0.690291355,12.100,53,0,0
7,3,pulse,150,18.316026820,18.418606332,18.424244550,1807,400,0.613592315,12.100,53,0,0
7,3,pulse,150,18.316026820,18.424481042,18.430204204,1809,400,0.613592315,12.100,53,0,0
7,3,pulse,150,18.316026820,18.430435759,18.436478796,1812,400,0.613592315,12.100,53,0,0
7,3,pulse,150,18.316026820,18.436731823,18.442238051,1814,400,0.613592315,12.100,53,0,0
7,3,pulse,150,18.316026820,18.442478981,18.448337636,1817,450,0.690291355,12.100,53,0,0
7,3,pulse,150,18.316026820,18.448594916,18.454219758,1820,450,0.690291355,12.100,53,0,0
7,3,pulse,150,18.316026820,18.454460691,18.460308013,1822,400,0.613592315,12.100,53,0,0
7,3,pulse,150,18.316026820,18.460542928,18.466267653,1825,400,0.613592315,12.100,53,0,0
7,3,zero_drive,0,18.316026820,18.478019222,18.484276619,1831,400,0.613592315,12.100,53,0,0
7,3,zero_drive,0,18.316026820,18.484516724,18.490340730,1833,400,0.613592315,12.100,53,0,0
7,3,zero_drive,0,18.316026820,18.490573070,18.495969317,1834,200,0.306796158,12.100,53,0,0
7,3,zero_drive,0,18.316026820,18.496173290,18.502324620,1834,200,0.306796158,12.100,53,0,0
7,3,zero_drive,0,18.316026820,18.502577533,18.508129127,1835,0,0.000000000,12.100,53,0,0
7,3,zero_drive,0,18.316026820,18.508333785,18.514198474,1835,0,0.000000000,12.100,53,0,0
7,3,zero_drive,0,18.316026820,18.514426580,18.520290887,1835,50,0.076699039,12.100,53,0,0
7,3,zero_drive,0,18.316026820,18.520585951,18.526191604,1835,50,0.076699039,12.100,53,0,0
7,3,zero_drive,0,18.316026820,18.526397611,18.532100876,1835,0,0.000000000,12.100,53,0,0
7,3,zero_drive,0,18.316026820,18.532308468,18.538135701,1835,0,0.000000000,12.100,53,0,0
7,3,zero_drive,0,18.316026820,18.538342213,18.544122777,1835,0,0.000000000,12.100,53,0,0
7,3,zero_drive,0,18.316026820,18.544321156,18.550129450,1835,0,0.000000000,12.100,53,0,0
7,3,zero_drive,0,18.316026820,18.550354818,18.556241443,1835,0,0.000000000,12.100,53,0,0
7,3,zero_drive,0,18.316026820,18.556470996,18.562302673,1835,0,0.000000000,12.100,53,0,0
7,3,zero_drive,0,18.316026820,18.562528248,18.568307836,1835,0,0.000000000,12.100,53,0,0
7,3,zero_drive,0,18.316026820,18.568583988,18.574113588,1835,0,0.000000000,12.100,53,0,0
7,3,zero_drive,0,18.316026820,18.574331645,18.580107651,1835,0,0.000000000,12.100,53,0,0
7,3,zero_drive,0,18.316026820,18.580320388,18.586228171,1835,0,0.000000000,12.100,53,0,0
7,3,zero_drive,0,18.316026820,18.586456346,18.592082414,1835,0,0.000000000,12.100,53,0,0
7,3,zero_drive,0,18.316026820,18.592284752,18.598292036,1835,0,0.000000000,12.100,53,0,0
7,3,zero_drive,0,18.316026820,18.598499642,18.604198212,1835,0,0.000000000,12.100,53,0,0
7,3,zero_drive,0,18.316026820,18.604429668,18.610161656,1835,0,0.000000000,12.100,53,0,0
7,3,zero_drive,0,18.316026820,18.610380151,18.616178869,1835,0,0.000000000,12.100,53,0,0
7,3,zero_drive,0,18.316026820,18.616423114,18.622300774,1835,0,0.000000000,12.100,53,0,0
7,3,zero_drive,0,18.316026820,18.622540712,18.628175111,1835,0,0.000000000,12.100,53,0,0
7,3,zero_drive,0,18.316026820,18.628420652,18.634262502,1835,0,0.000000000,12.100,53,0,0
7,3,zero_drive,0,18.316026820,18.634494008,18.640240248,1835,0,0.000000000,12.100,53,0,0
7,3,zero_drive,0,18.316026820,18.640482042,18.646227173,1835,0,0.000000000,12.100,53,0,0
7,3,zero_drive,0,18.316026820,18.646471088,18.652231977,1835,0,0.000000000,12.100,53,0,0
7,3,zero_drive,0,18.316026820,18.652534758,18.658290256,1835,0,0.000000000,12.100,53,0,0
7,3,zero_drive,0,18.316026820,18.658521975,18.664324735,1835,0,0.000000000,12.100,53,0,0
7,3,zero_drive,0,18.316026820,18.664563781,18.670260606,1835,0,0.000000000,12.100,53,0,0
7,3,zero_drive,0,18.316026820,18.670505311,18.676241123,1835,0,0.000000000,12.100,53,0,0
7,3,zero_drive,0,18.316026820,18.676481980,18.682144210,1835,0,0.000000000,12.100,53,0,0
7,3,zero_drive,0,18.316026820,18.682382101,18.688310379,1835,0,0.000000000,12.100,53,0,0
7,3,zero_drive,0,18.316026820,18.688550356,18.694168499,1835,0,0.000000000,12.100,53,0,0
7,3,zero_drive,0,18.316026820,18.694405044,18.700345778,1835,0,0.000000000,12.100,53,0,0
7,3,zero_drive,0,18.316026820,18.700591528,18.706147168,1835,0,0.000000000,12.100,53,0,0
7,3,zero_drive,0,18.316026820,18.706378063,18.712146299,1835,0,0.000000000,12.100,53,0,0
7,3,zero_drive,0,18.316026820,18.712383944,18.718201502,1835,0,0.000000000,12.100,53,0,0
7,3,zero_drive,0,18.316026820,18.718438253,18.724163669,1835,0,0.000000000,12.100,53,0,0
7,3,zero_drive,0,18.316026820,18.724399129,18.730105879,1835,0,0.000000000,12.100,53,0,0
7,3,zero_drive,0,18.316026820,18.730342399,18.736340564,1835,0,0.000000000,12.100,53,0,0
7,3,zero_drive,0,18.316026820,18.736579254,18.742329912,1835,0,0.000000000,12.100,53,0,0
7,3,zero_drive,0,18.316026820,18.742560278,18.748322061,1835,0,0.000000000,12.100,53,0,0
7,3,zero_drive,0,18.316026820,18.748561447,18.754332754,1835,0,0.000000000,12.100,53,0,0
7,3,zero_drive,0,18.316026820,18.754575648,18.760189609,1835,0,0.000000000,12.100,53,0,0
7,3,zero_drive,0,18.316026820,18.760420555,18.766227284,1835,0,0.000000000,12.100,53,0,0
7,3,zero_drive,0,18.316026820,18.766462494,18.772228769,1835,0,0.000000000,12.100,53,0,0
7,3,zero_drive,0,18.316026820,18.772470059,18.778303281,1835,0,0.000000000,12.100,53,0,0
7,3,zero_drive,0,18.316026820,18.778644224,18.784295288,1835,0,0.000000000,12.100,53,0,0
7,3,zero_drive,0,18.316026820,18.784538947,18.790149768,1835,0,0.000000000,12.100,53,0,0
7,3,zero_drive,0,18.316026820,18.790388143,18.796203411,1835,0,0.000000000,12.100,53,0,0
7,3,zero_drive,0,18.316026820,18.796438258,18.802350988,1835,0,0.000000000,12.100,53,0,0
7,3,zero_drive,0,18.316026820,18.802593194,18.808305920,1835,0,0.000000000,12.100,53,0,0
7,3,zero_drive,0,18.316026820,18.808545266,18.814777263,1835,0,0.000000000,12.100,53,0,0
7,3,zero_drive,0,18.316026820,18.815003108,18.820117117,1835,0,0.000000000,12.100,53,0,0
7,3,zero_drive,0,18.316026820,18.820347649,18.826175259,1835,0,0.000000000,12.100,53,0,0
7,3,zero_drive,0,18.316026820,18.826413741,18.832307992,1835,0,0.000000000,12.100,53,0,0
7,3,zero_drive,0,18.316026820,18.832541817,18.838174795,1835,0,0.000000000,12.100,53,0,0
7,3,zero_drive,0,18.316026820,18.838417025,18.844223471,1835,0,0.000000000,12.100,53,0,0
7,3,zero_drive,0,18.316026820,18.844466797,18.850325887,1835,0,0.000000000,12.100,53,0,0
7,3,zero_drive,0,18.316026820,18.850582417,18.856325423,1835,0,0.000000000,12.100,53,0,0
7,3,zero_drive,0,18.316026820,18.856579525,18.862145686,1835,0,0.000000000,12.100,53,0,0
7,3,zero_drive,0,18.316026820,18.862379428,18.868084193,1835,0,0.000000000,12.100,53,0,0
7,3,zero_drive,0,18.316026820,18.868317293,18.874373949,1835,0,0.000000000,12.100,53,0,0
7,3,zero_drive,0,18.316026820,18.874614444,18.880261668,1835,0,0.000000000,12.100,53,0,0
7,3,zero_drive,0,18.316026820,18.880501581,18.886275742,1835,0,0.000000000,12.100,53,0,0
7,3,zero_drive,0,18.316026820,18.886566959,18.892071134,1835,0,0.000000000,12.100,53,0,0
7,3,zero_drive,0,18.316026820,18.892277329,18.897992874,1835,0,0.000000000,12.100,53,0,0
7,3,zero_drive,0,18.316026820,18.898199948,18.904182598,1835,0,0.000000000,12.100,53,0,0
7,3,zero_drive,0,18.316026820,18.904389906,18.910125864,1835,0,0.000000000,12.100,53,0,0
7,3,zero_drive,0,18.316026820,18.910353933,18.916238027,1835,0,0.000000000,12.100,53,0,0
7,3,zero_drive,0,18.316026820,18.916461554,18.922246644,1835,0,0.000000000,12.100,53,0,0
7,3,zero_drive,0,18.316026820,18.922473195,18.928106006,1835,0,0.000000000,12.100,53,0,0
7,3,zero_drive,0,18.316026820,18.928337565,18.934338553,1835,0,0.000000000,12.100,53,0,0
7,3,zero_drive,0,18.316026820,18.934622460,18.940286412,1835,0,0.000000000,12.100,53,0,0
7,3,zero_drive,0,18.316026820,18.940520087,18.946115962,1835,0,0.000000000,12.100,53,0,0
7,3,zero_drive,0,18.316026820,18.946343263,18.952240742,1835,0,0.000000000,12.100,53,0,0
7,3,zero_drive,0,18.316026820,18.952471986,18.958275722,1835,0,0.000000000,12.100,53,0,0
7,3,zero_drive,0,18.316026820,18.958512587,18.964128388,1835,0,0.000000000,12.100,53,0,0
7,3,zero_drive,0,18.316026820,18.964353887,18.970119057,1835,0,0.000000000,12.100,53,0,0
7,3,zero_drive,0,18.316026820,18.970350022,18.976252943,1835,0,0.000000000,12.100,53,0,0
7,3,zero_drive,0,18.316026820,18.976460812,18.982245277,1835,0,0.000000000,12.100,53,0,0
7,3,zero_drive,0,18.316026820,18.982464214,18.988132289,1835,0,0.000000000,12.100,53,0,0
7,3,zero_drive,0,18.316026820,18.988339038,18.994031200,1835,0,0.000000000,12.100,53,0,0
7,3,zero_drive,0,18.316026820,18.994256103,19.000339197,1835,0,0.000000000,12.100,53,0,0
7,3,zero_drive,0,18.316026820,19.000617528,19.006124383,1835,0,0.000000000,12.100,53,0,0
7,3,zero_drive,0,18.316026820,19.006352317,19.012344040,1835,0,0.000000000,12.100,53,0,0
7,3,zero_drive,0,18.316026820,19.012570874,19.018311474,1835,0,0.000000000,12.100,53,0,0
7,3,zero_drive,0,18.316026820,19.018656939,19.024249806,1835,0,0.000000000,12.100,53,0,0
7,3,zero_drive,0,18.316026820,19.024476901,19.030015711,1835,0,0.000000000,12.100,53,0,0
7,3,zero_drive,0,18.316026820,19.030244303,19.036353076,1835,0,0.000000000,12.100,53,0,0
7,3,zero_drive,0,18.316026820,19.036638605,19.042384426,1835,0,0.000000000,12.100,53,0,0
7,3,zero_drive,0,18.316026820,19.042666397,19.048222351,1835,0,0.000000000,12.100,53,0,0
7,3,zero_drive,0,18.316026820,19.048446886,19.054113705,1835,0,0.000000000,12.100,53,0,0
7,3,zero_drive,0,18.316026820,19.054419372,19.060237512,1835,0,0.000000000,12.100,53,0,0
7,3,zero_drive,0,18.316026820,19.060465997,19.066203666,1835,0,0.000000000,12.100,53,0,0
7,3,zero_drive,0,18.316026820,19.066427140,19.072285550,1835,0,0.000000000,12.100,53,0,0
7,3,zero_drive,0,18.316026820,19.072525032,19.078194511,1835,0,0.000000000,12.100,53,0,0
7,3,zero_drive,0,18.316026820,19.078402016,19.084167541,1835,0,0.000000000,12.100,53,0,0
7,3,zero_drive,0,18.316026820,19.084372531,19.090191676,1835,0,0.000000000,12.100,53,0,0
7,3,zero_drive,0,18.316026820,19.090402294,19.096014709,1835,0,0.000000000,12.100,53,0,0
7,3,zero_drive,0,18.316026820,19.096217625,19.102277907,1835,0,0.000000000,12.100,53,0,0
7,3,zero_drive,0,18.316026820,19.102489567,19.108110850,1835,0,0.000000000,12.100,53,0,0
7,3,zero_drive,0,18.316026820,19.108316994,19.114062640,1835,0,0.000000000,12.100,53,0,0
7,3,zero_drive,0,18.316026820,19.114276287,19.120094996,1835,0,0.000000000,12.100,53,0,0
7,3,zero_drive,0,18.316026820,19.120307227,19.126049952,1835,0,0.000000000,12.100,53,0,0
7,3,zero_drive,0,18.316026820,19.126251380,19.132243061,1835,0,0.000000000,12.100,53,0,0
7,3,zero_drive,0,18.316026820,19.132448774,19.138206524,1835,0,0.000000000,12.100,53,0,0
7,3,zero_drive,0,18.316026820,19.138415549,19.144017422,1835,0,0.000000000,12.100,53,0,0
7,3,zero_drive,0,18.316026820,19.144242187,19.150443785,1835,0,0.000000000,12.100,53,0,0
7,3,zero_drive,0,18.316026820,19.150724820,19.156215430,1835,0,0.000000000,12.100,53,0,0
7,3,zero_drive,0,18.316026820,19.156451377,19.162162108,1835,0,0.000000000,12.100,53,0,0
7,3,zero_drive,0,18.316026820,19.162391357,19.168941957,1835,0,0.000000000,12.100,53,0,0
7,3,zero_drive,0,18.316026820,19.169234342,19.174158137,1835,0,0.000000000,12.100,53,0,0
7,3,zero_drive,0,18.316026820,19.174406914,19.180220113,1835,0,0.000000000,12.100,53,0,0
7,3,zero_drive,0,18.316026820,19.180468449,19.186162826,1835,0,0.000000000,12.100,53,0,0
7,3,zero_drive,0,18.316026820,19.186414227,19.192324473,1835,0,0.000000000,12.100,53,0,0
7,3,zero_drive,0,18.316026820,19.192570266,19.198202720,1835,0,0.000000000,12.100,53,0,0
7,3,zero_drive,0,18.316026820,19.198438214,19.204160533,1835,0,0.000000000,12.100,53,0,0
7,3,zero_drive,0,18.316026820,19.204415006,19.210159293,1835,0,0.000000000,12.100,53,0,0
7,3,zero_drive,0,18.316026820,19.210401486,19.216288243,1835,0,0.000000000,12.100,53,0,0
7,3,zero_drive,0,18.316026820,19.216543002,19.222280192,1835,0,0.000000000,12.100,53,0,0
7,3,zero_drive,0,18.316026820,19.222522373,19.228242347,1835,0,0.000000000,12.100,53,0,0
7,3,zero_drive,0,18.316026820,19.228482541,19.234158904,1835,0,0.000000000,12.100,53,0,0
7,3,zero_drive,0,18.316026820,19.234393677,19.240102589,1835,0,0.000000000,12.100,53,0,0
7,3,zero_drive,0,18.316026820,19.240340487,19.246225962,1835,0,0.000000000,12.100,53,0,0
7,3,zero_drive,0,18.316026820,19.246467245,19.252072797,1835,0,0.000000000,12.100,53,0,0
7,3,zero_drive,0,18.316026820,19.252315168,19.258203365,1835,0,0.000000000,12.100,53,0,0
7,3,zero_drive,0,18.316026820,19.258482942,19.264243173,1835,0,0.000000000,12.100,53,0,0
7,3,zero_drive,0,18.316026820,19.264472237,19.270175970,1835,0,0.000000000,12.100,53,0,0
7,3,zero_drive,0,18.316026820,19.270413277,19.276075860,1835,0,0.000000000,12.100,53,0,0
7,3,zero_drive,0,18.316026820,19.276286158,19.282277307,1835,0,0.000000000,12.100,53,0,0
7,4,pulse,200,19.294204060,19.300076863,19.306181407,1835,0,0.000000000,12.100,53,20,0
7,4,pulse,200,19.294204060,19.306398175,19.312145618,1836,0,0.000000000,12.100,53,20,0
7,4,pulse,200,19.294204060,19.312357834,19.318201035,1837,0,0.000000000,12.100,53,19,0
7,4,pulse,200,19.294204060,19.318417987,19.323944652,1839,250,0.383495197,12.100,53,19,0
7,4,pulse,200,19.294204060,19.324157194,19.330330126,1842,250,0.383495197,12.100,53,10,0
7,4,pulse,200,19.294204060,19.330577225,19.336137338,1844,400,0.613592315,12.000,53,10,0
7,4,pulse,200,19.294204060,19.336379237,19.342238285,1847,400,0.613592315,12.000,53,5,0
7,4,pulse,200,19.294204060,19.342470374,19.348106002,1850,500,0.766990394,12.000,53,5,0
7,4,pulse,200,19.294204060,19.348379582,19.354300195,1853,500,0.766990394,12.000,53,2,0
7,4,pulse,200,19.294204060,19.354558347,19.360108427,1856,500,0.766990394,12.000,53,2,0
7,4,pulse,200,19.294204060,19.360361271,19.366093537,1860,500,0.766990394,12.000,53,1,0
7,4,pulse,200,19.294204060,19.366323700,19.372106766,1863,550,0.843689433,12.000,53,1,0
7,4,pulse,200,19.294204060,19.372347762,19.378159237,1866,550,0.843689433,12.000,53,1,0
7,4,pulse,200,19.294204060,19.378403347,19.384179157,1870,550,0.843689433,12.000,53,1,0
7,4,pulse,200,19.294204060,19.384414846,19.390003452,1873,550,0.843689433,12.000,53,0,0
7,4,pulse,200,19.294204060,19.390225345,19.396144747,1877,600,0.920388473,12.000,53,0,0
7,4,pulse,200,19.294204060,19.396356881,19.402172781,1880,600,0.920388473,12.000,53,0,0
7,4,pulse,200,19.294204060,19.402385414,19.407952381,1883,550,0.843689433,12.000,53,0,0
7,4,pulse,200,19.294204060,19.408156019,19.413938952,1887,550,0.843689433,12.000,53,0,0
7,4,pulse,200,19.294204060,19.414145136,19.419992349,1890,550,0.843689433,12.100,53,0,0
7,4,pulse,200,19.294204060,19.420205776,19.425946701,1893,550,0.843689433,12.100,53,0,0
7,4,pulse,200,19.294204060,19.426153100,19.432113080,1897,550,0.843689433,12.100,53,0,0
7,4,pulse,200,19.294204060,19.432324587,19.438212922,1900,550,0.843689433,12.100,53,0,0
7,4,pulse,200,19.294204060,19.438429995,19.443886479,1904,600,0.920388473,12.100,53,0,0
7,4,pulse,200,19.294204060,19.444090921,19.450007281,1906,600,0.920388473,12.100,53,0,0
7,4,zero_drive,0,19.294204060,19.461864149,19.467998989,1915,500,0.766990394,12.100,53,0,0
7,4,zero_drive,0,19.294204060,19.468209022,19.474147502,1918,500,0.766990394,12.100,53,0,0
7,4,zero_drive,0,19.294204060,19.474364141,19.480057917,1919,250,0.383495197,12.100,53,0,0
7,4,zero_drive,0,19.294204060,19.480273004,19.486133876,1920,250,0.383495197,12.100,53,0,0
7,4,zero_drive,0,19.294204060,19.486355212,19.492159592,1920,150,0.230097118,12.100,53,0,0
7,4,zero_drive,0,19.294204060,19.492368366,19.498100938,1920,150,0.230097118,12.100,53,0,0
7,4,zero_drive,0,19.294204060,19.498310487,19.504183752,1920,0,0.000000000,12.100,53,0,0
7,4,zero_drive,0,19.294204060,19.504401131,19.510131602,1920,0,0.000000000,12.100,53,0,0
7,4,zero_drive,0,19.294204060,19.510350073,19.516123295,1920,0,0.000000000,12.100,53,0,0
7,4,zero_drive,0,19.294204060,19.516336056,19.521985446,1920,0,0.000000000,12.100,53,0,0
7,4,zero_drive,0,19.294204060,19.522197644,19.528001966,1920,0,0.000000000,12.100,53,0,0
7,4,zero_drive,0,19.294204060,19.528207554,19.534346545,1920,0,0.000000000,12.100,53,0,0
7,4,zero_drive,0,19.294204060,19.534553397,19.540236261,1920,0,0.000000000,12.100,53,0,0
7,4,zero_drive,0,19.294204060,19.540452647,19.546176572,1920,0,0.000000000,12.100,53,0,0
7,4,zero_drive,0,19.294204060,19.546418176,19.552347256,1920,0,0.000000000,12.100,53,0,0
7,4,zero_drive,0,19.294204060,19.552587301,19.558231386,1920,0,0.000000000,12.100,53,0,0
7,4,zero_drive,0,19.294204060,19.558466221,19.564181193,1920,0,0.000000000,12.100,53,0,0
7,4,zero_drive,0,19.294204060,19.564419109,19.570284099,1920,0,0.000000000,12.100,53,0,0
7,4,zero_drive,0,19.294204060,19.570533284,19.576147183,1920,0,0.000000000,12.100,53,0,0
7,4,zero_drive,0,19.294204060,19.576396626,19.582129700,1920,0,0.000000000,12.100,53,0,0
7,4,zero_drive,0,19.294204060,19.582378386,19.588027033,1920,0,0.000000000,12.100,53,0,0
7,4,zero_drive,0,19.294204060,19.588274912,19.594141634,1920,0,0.000000000,12.100,53,0,0
7,4,zero_drive,0,19.294204060,19.594384001,19.600199044,1920,0,0.000000000,12.100,53,0,0
7,4,zero_drive,0,19.294204060,19.600436036,19.606251720,1920,0,0.000000000,12.100,53,0,0
7,4,zero_drive,0,19.294204060,19.606503007,19.612000696,1920,0,0.000000000,12.100,53,0,0
7,4,zero_drive,0,19.294204060,19.612242993,19.618245764,1920,0,0.000000000,12.100,53,0,0
7,4,zero_drive,0,19.294204060,19.618491971,19.624060063,1920,0,0.000000000,12.100,53,0,0
7,4,zero_drive,0,19.294204060,19.624301334,19.629962144,1920,0,0.000000000,12.100,53,0,0
7,4,zero_drive,0,19.294204060,19.630205236,19.635993269,1920,0,0.000000000,12.100,53,0,0
7,4,zero_drive,0,19.294204060,19.636276036,19.642137861,1920,0,0.000000000,12.100,53,0,0
7,4,zero_drive,0,19.294204060,19.642369670,19.648233147,1920,0,0.000000000,12.100,53,0,0
7,4,zero_drive,0,19.294204060,19.648472996,19.654041565,1920,0,0.000000000,12.100,53,0,0
7,4,zero_drive,0,19.294204060,19.654284801,19.660048014,1920,0,0.000000000,12.100,53,0,0
7,4,zero_drive,0,19.294204060,19.660270259,19.666131385,1920,0,0.000000000,12.100,53,0,0
7,4,zero_drive,0,19.294204060,19.666359882,19.672050032,1920,0,0.000000000,12.100,53,0,0
7,4,zero_drive,0,19.294204060,19.672286403,19.678216760,1920,0,0.000000000,12.100,53,0,0
7,4,zero_drive,0,19.294204060,19.678464916,19.684090709,1920,0,0.000000000,12.100,53,0,0
7,4,zero_drive,0,19.294204060,19.684335138,19.690124852,1920,0,0.000000000,12.100,53,0,0
7,4,zero_drive,0,19.294204060,19.690369025,19.696011530,1920,0,0.000000000,12.100,53,0,0
7,4,zero_drive,0,19.294204060,19.696251496,19.702134886,1920,0,0.000000000,12.100,53,0,0
7,4,zero_drive,0,19.294204060,19.702413256,19.708150110,1920,0,0.000000000,12.100,53,0,0
7,4,zero_drive,0,19.294204060,19.708383766,19.714141512,1920,0,0.000000000,12.100,53,0,0
7,4,zero_drive,0,19.294204060,19.714382378,19.720108880,1920,0,0.000000000,12.100,53,0,0
7,4,zero_drive,0,19.294204060,19.720345072,19.726069802,1920,0,0.000000000,12.100,53,0,0
7,4,zero_drive,0,19.294204060,19.726278067,19.732204704,1920,0,0.000000000,12.100,53,0,0
7,4,zero_drive,0,19.294204060,19.732438495,19.738241085,1920,0,0.000000000,12.100,53,0,0
7,4,zero_drive,0,19.294204060,19.738477677,19.744203859,1920,0,0.000000000,12.100,53,0,0
7,4,zero_drive,0,19.294204060,19.744435921,19.749989874,1920,0,0.000000000,12.100,53,0,0
7,4,zero_drive,0,19.294204060,19.750221920,19.756333461,1920,0,0.000000000,12.100,53,0,0
7,4,zero_drive,0,19.294204060,19.756624187,19.762233218,1920,0,0.000000000,12.100,53,0,0
7,4,zero_drive,0,19.294204060,19.762518445,19.768288468,1920,0,0.000000000,12.100,53,0,0
7,4,zero_drive,0,19.294204060,19.768608808,19.774061278,1920,0,0.000000000,12.100,53,0,0
7,4,zero_drive,0,19.294204060,19.774301011,19.780123880,1920,0,0.000000000,12.100,53,0,0
7,4,zero_drive,0,19.294204060,19.780351000,19.786029304,1920,0,0.000000000,12.100,53,0,0
7,4,zero_drive,0,19.294204060,19.786282531,19.792019454,1920,0,0.000000000,12.100,53,0,0
7,4,zero_drive,0,19.294204060,19.792258341,19.798134212,1920,0,0.000000000,12.100,53,0,0
7,4,zero_drive,0,19.294204060,19.798371784,19.804285326,1920,0,0.000000000,12.100,53,0,0
7,4,zero_drive,0,19.294204060,19.804530370,19.810181457,1920,0,0.000000000,12.100,53,0,0
7,4,zero_drive,0,19.294204060,19.810423526,19.816102106,1920,0,0.000000000,12.100,53,0,0
7,4,zero_drive,0,19.294204060,19.816342136,19.822109733,1920,0,0.000000000,12.100,53,0,0
7,4,zero_drive,0,19.294204060,19.822360510,19.828237809,1920,0,0.000000000,12.100,53,0,0
7,4,zero_drive,0,19.294204060,19.828484683,19.834200339,1920,0,0.000000000,12.100,53,0,0
7,4,zero_drive,0,19.294204060,19.834506135,19.840229390,1920,0,0.000000000,12.100,53,0,0
7,4,zero_drive,0,19.294204060,19.840498068,19.846131716,1920,0,0.000000000,12.100,53,0,0
7,4,zero_drive,0,19.294204060,19.846381975,19.852155111,1920,0,0.000000000,12.100,53,0,0
7,4,zero_drive,0,19.294204060,19.852412005,19.858153274,1920,0,0.000000000,12.100,53,0,0
7,4,zero_drive,0,19.294204060,19.858417423,19.864147175,1920,0,0.000000000,12.100,53,0,0
7,4,zero_drive,0,19.294204060,19.864394975,19.870300636,1920,0,0.000000000,12.100,53,0,0
7,4,zero_drive,0,19.294204060,19.870543683,19.876099790,1920,0,0.000000000,12.100,53,0,0
7,4,zero_drive,0,19.294204060,19.876340273,19.882009658,1920,0,0.000000000,12.100,53,0,0
7,4,zero_drive,0,19.294204060,19.882299894,19.888105220,1920,0,0.000000000,12.100,53,0,0
7,4,zero_drive,0,19.294204060,19.888350674,19.893957695,1920,0,0.000000000,12.100,53,0,0
7,4,zero_drive,0,19.294204060,19.894170104,19.900112254,1920,0,0.000000000,12.100,53,0,0
7,4,zero_drive,0,19.294204060,19.900321414,19.906073064,1920,0,0.000000000,12.100,53,0,0
7,4,zero_drive,0,19.294204060,19.906285120,19.912105275,1920,0,0.000000000,12.100,53,0,0
7,4,zero_drive,0,19.294204060,19.912350980,19.918055020,1920,0,0.000000000,12.100,53,0,0
7,4,zero_drive,0,19.294204060,19.918273430,19.924140495,1920,0,0.000000000,12.100,53,0,0
7,4,zero_drive,0,19.294204060,19.924354515,19.930117681,1920,0,0.000000000,12.100,53,0,0
7,4,zero_drive,0,19.294204060,19.930331218,19.935976020,1920,0,0.000000000,12.100,53,0,0
7,4,zero_drive,0,19.294204060,19.936193393,19.941952010,1920,0,0.000000000,12.100,53,0,0
7,4,zero_drive,0,19.294204060,19.942158987,19.948122432,1920,0,0.000000000,12.100,53,0,0
7,4,zero_drive,0,19.294204060,19.948336636,19.954164350,1920,0,0.000000000,12.100,53,0,0
7,4,zero_drive,0,19.294204060,19.954379828,19.959909129,1920,0,0.000000000,12.100,53,0,0
7,4,zero_drive,0,19.294204060,19.960120856,19.966008065,1921,0,0.000000000,12.100,53,0,0
7,4,zero_drive,0,19.294204060,19.966215702,19.971901876,1921,100,0.153398079,12.100,53,0,0
7,4,zero_drive,0,19.294204060,19.972110655,19.977915007,1921,100,0.153398079,12.100,53,0,0
7,4,zero_drive,0,19.294204060,19.978123884,19.984069784,1921,0,0.000000000,12.100,53,0,0
7,4,zero_drive,0,19.294204060,19.984281077,19.990162732,1921,0,0.000000000,12.100,53,0,0
7,4,zero_drive,0,19.294204060,19.990374925,19.996071298,1921,0,0.000000000,12.100,53,0,0
7,4,zero_drive,0,19.294204060,19.996280417,20.002155273,1921,0,0.000000000,12.100,53,0,0
7,4,zero_drive,0,19.294204060,20.002374291,20.007978187,1921,0,0.000000000,12.100,53,0,0
7,4,zero_drive,0,19.294204060,20.008182089,20.014179354,1921,0,0.000000000,12.100,53,0,0
7,4,zero_drive,0,19.294204060,20.014385734,20.020059010,1921,0,0.000000000,12.100,53,0,0
7,4,zero_drive,0,19.294204060,20.020363705,20.026043777,1921,0,0.000000000,12.100,53,0,0
7,4,zero_drive,0,19.294204060,20.026273684,20.032124825,1921,0,0.000000000,12.100,53,0,0
7,4,zero_drive,0,19.294204060,20.032361301,20.038109905,1921,0,0.000000000,12.100,53,0,0
7,4,zero_drive,0,19.294204060,20.038355370,20.043949428,1921,0,0.000000000,12.100,53,0,0
7,4,zero_drive,0,19.294204060,20.044177481,20.049996545,1921,0,0.000000000,12.100,53,0,0
7,4,zero_drive,0,19.294204060,20.050217399,20.056060735,1921,0,0.000000000,12.100,53,0,0
7,4,zero_drive,0,19.294204060,20.056288485,20.061855454,1921,0,0.000000000,12.100,53,0,0
7,4,zero_drive,0,19.294204060,20.062058663,20.068021305,1921,0,0.000000000,12.100,53,0,0
7,4,zero_drive,0,19.294204060,20.068273528,20.074103136,1921,0,0.000000000,12.100,53,0,0
7,4,zero_drive,0,19.294204060,20.074309817,20.079968505,1921,0,0.000000000,12.100,53,0,0
7,4,zero_drive,0,19.294204060,20.080178993,20.086019115,1921,0,0.000000000,12.100,53,0,0
7,4,zero_drive,0,19.294204060,20.086236549,20.091994334,1921,0,0.000000000,12.100,53,0,0
7,4,zero_drive,0,19.294204060,20.092201909,20.098134783,1921,0,0.000000000,12.100,53,0,0
7,4,zero_drive,0,19.294204060,20.098343799,20.103895217,1921,0,0.000000000,12.100,53,0,0
7,4,zero_drive,0,19.294204060,20.104106882,20.110061702,1921,0,0.000000000,12.100,53,0,0
7,4,zero_drive,0,19.294204060,20.110269233,20.115943869,1921,0,0.000000000,12.100,53,0,0
7,4,zero_drive,0,19.294204060,20.116151713,20.122099793,1921,0,0.000000000,12.100,53,0,0
7,4,zero_drive,0,19.294204060,20.122311263,20.128012590,1921,0,0.000000000,12.100,53,0,0
7,4,zero_drive,0,19.294204060,20.128214107,20.134162770,1921,0,0.000000000,12.100,53,0,0
7,4,zero_drive,0,19.294204060,20.134384207,20.139965617,1921,0,0.000000000,12.100,53,0,0
7,4,zero_drive,0,19.294204060,20.140180477,20.146057451,1921,0,0.000000000,12.100,53,0,0
7,4,zero_drive,0,19.294204060,20.146271233,20.152186547,1921,0,0.000000000,12.100,53,0,0
7,4,zero_drive,0,19.294204060,20.152440990,20.157956119,1921,0,0.000000000,12.100,53,0,0
7,4,zero_drive,0,19.294204060,20.158169058,20.163963501,1921,0,0.000000000,12.100,53,0,0
7,4,zero_drive,0,19.294204060,20.164176436,20.169989284,1921,0,0.000000000,12.100,53,0,0
7,4,zero_drive,0,19.294204060,20.170201220,20.176241397,1921,0,0.000000000,12.100,53,0,0
7,4,zero_drive,0,19.294204060,20.176457700,20.181943075,1921,0,0.000000000,12.100,53,0,0
7,4,zero_drive,0,19.294204060,20.182157840,20.187961362,1921,0,0.000000000,12.100,53,0,0
7,4,zero_drive,0,19.294204060,20.188226608,20.193881169,1921,0,0.000000000,12.100,53,0,0
7,4,zero_drive,0,19.294204060,20.194090199,20.200200123,1921,0,0.000000000,12.100,53,0,0
7,4,zero_drive,0,19.294204060,20.200408381,20.206044059,1921,0,0.000000000,12.100,53,0,0
7,4,zero_drive,0,19.294204060,20.206257397,20.212145352,1921,0,0.000000000,12.100,53,0,0
7,4,zero_drive,0,19.294204060,20.212365464,20.218105727,1921,0,0.000000000,12.100,53,0,0
7,4,zero_drive,0,19.294204060,20.218353866,20.223907635,1921,0,0.000000000,12.100,53,0,0
7,4,zero_drive,0,19.294204060,20.224134290,20.229877877,1921,0,0.000000000,12.100,53,0,0
7,4,zero_drive,0,19.294204060,20.230093465,20.236284816,1921,0,0.000000000,12.100,53,0,0
7,4,zero_drive,0,19.294204060,20.236502200,20.241920195,1921,0,0.000000000,12.100,53,0,0
7,4,zero_drive,0,19.294204060,20.242130332,20.247943934,1921,0,0.000000000,12.100,53,0,0
7,4,zero_drive,0,19.294204060,20.248153704,20.254167372,1921,0,0.000000000,12.100,53,0,0
7,4,zero_drive,0,19.294204060,20.254377704,20.259843422,1921,0,0.000000000,12.100,53,0,0
7,4,zero_drive,0,19.294204060,20.260052838,20.266046960,1921,0,0.000000000,12.100,53,0,0
8,0,pulse,25,20.368604794,20.373743626,20.379829505,1719,0,0.000000000,12.200,52,37,0
8,0,pulse,25,20.368604794,20.380049994,20.386006266,1719,0,0.000000000,12.200,52,37,0
8,0,pulse,25,20.368604794,20.386220743,20.392103319,1719,0,0.000000000,12.200,52,40,0
8,0,pulse,25,20.368604794,20.392306256,20.397956628,1719,0,0.000000000,12.200,52,43,0
8,0,pulse,25,20.368604794,20.398170779,20.403945979,1719,0,0.000000000,12.200,52,43,0
8,0,pulse,25,20.368604794,20.404158004,20.410175889,1719,0,0.000000000,12.200,52,43,0
8,0,pulse,25,20.368604794,20.410408047,20.415976214,1719,0,0.000000000,12.200,52,44,0
8,0,pulse,25,20.368604794,20.416202909,20.422182744,1719,0,0.000000000,12.200,53,44,0
8,0,pulse,25,20.368604794,20.422421096,20.428142970,1719,0,0.000000000,12.200,53,44,0
8,0,pulse,25,20.368604794,20.428375610,20.433952808,1719,0,0.000000000,12.200,52,45,0
8,0,pulse,25,20.368604794,20.434185817,20.440114459,1719,0,0.000000000,12.200,52,45,0
8,0,pulse,25,20.368604794,20.440326837,20.445935580,1719,0,0.000000000,12.200,52,45,0
8,0,pulse,25,20.368604794,20.446145514,20.451991870,1719,0,0.000000000,12.200,52,45,0
8,0,pulse,25,20.368604794,20.452209845,20.458083594,1719,0,0.000000000,12.200,52,45,0
8,0,pulse,25,20.368604794,20.458367060,20.464034295,1719,0,0.000000000,12.200,52,45,0
8,0,pulse,25,20.368604794,20.464264676,20.469931954,1719,0,0.000000000,12.200,52,44,0
8,0,pulse,25,20.368604794,20.470173832,20.475963806,1719,0,0.000000000,12.200,52,44,0
8,0,pulse,25,20.368604794,20.476194374,20.482315157,1719,0,0.000000000,12.200,52,44,0
8,0,pulse,25,20.368604794,20.482611494,20.488151046,1719,0,0.000000000,12.200,52,45,0
8,0,pulse,25,20.368604794,20.488398629,20.494074678,1719,0,0.000000000,12.200,52,44,0
8,0,pulse,25,20.368604794,20.494337732,20.500162427,1719,0,0.000000000,12.200,52,44,0
8,0,pulse,25,20.368604794,20.500398471,20.506137926,1719,0,0.000000000,12.200,53,44,0
8,0,pulse,25,20.368604794,20.506377184,20.511916674,1719,0,0.000000000,12.200,53,44,0
8,0,pulse,25,20.368604794,20.512152175,20.518101512,1719,0,0.000000000,12.200,52,44,0
8,0,pulse,25,20.368604794,20.518408479,20.524089809,1719,0,0.000000000,12.200,52,44,0
8,0,zero_drive,0,20.368604794,20.536045368,20.542068465,1719,0,0.000000000,12.200,52,45,0
8,0,zero_drive,0,20.368604794,20.542302758,20.548075133,1719,0,0.000000000,12.200,52,43,0
8,0,zero_drive,0,20.368604794,20.548305433,20.554108461,1719,0,0.000000000,12.200,52,41,0
8,0,zero_drive,0,20.368604794,20.554353139,20.559855932,1719,0,0.000000000,12.200,52,41,0
8,0,zero_drive,0,20.368604794,20.560062643,20.566092479,1719,0,0.000000000,12.200,52,41,0
8,0,zero_drive,0,20.368604794,20.566316803,20.572113155,1719,0,0.000000000,12.200,52,40,0
8,0,zero_drive,0,20.368604794,20.572362029,20.578172257,1719,0,0.000000000,12.200,52,40,0
8,0,zero_drive,0,20.368604794,20.578424546,20.584128682,1719,0,0.000000000,12.200,52,40,0
8,0,zero_drive,0,20.368604794,20.584375349,20.590096124,1719,0,0.000000000,12.200,52,40,0
8,0,zero_drive,0,20.368604794,20.590392305,20.596152512,1719,0,0.000000000,12.200,52,40,0
8,0,zero_drive,0,20.368604794,20.596400649,20.602220184,1719,0,0.000000000,12.200,52,40,0
8,0,zero_drive,0,20.368604794,20.602470324,20.608106914,1719,0,0.000000000,12.200,52,40,0
8,0,zero_drive,0,20.368604794,20.608357664,20.613939494,1719,0,0.000000000,12.200,52,40,0
8,0,zero_drive,0,20.368604794,20.614182089,20.620173904,1719,0,0.000000000,12.200,52,40,0
8,0,zero_drive,0,20.368604794,20.620424919,20.625996521,1719,0,0.000000000,12.200,52,40,0
8,0,zero_drive,0,20.368604794,20.626239084,20.632101132,1719,0,0.000000000,12.200,52,40,0
8,0,zero_drive,0,20.368604794,20.632343973,20.638108363,1719,0,0.000000000,12.200,52,40,0
8,0,zero_drive,0,20.368604794,20.638359624,20.643931792,1719,0,0.000000000,12.200,52,40,0
8,0,zero_drive,0,20.368604794,20.644168656,20.650191224,1719,0,0.000000000,12.200,52,40,0
8,0,zero_drive,0,20.368604794,20.650425276,20.655993094,1719,0,0.000000000,12.200,52,40,0
8,0,zero_drive,0,20.368604794,20.656232521,20.661998793,1719,0,0.000000000,12.200,52,40,0
8,0,zero_drive,0,20.368604794,20.662236655,20.668397707,1719,0,0.000000000,12.200,52,40,0
8,0,zero_drive,0,20.368604794,20.668645387,20.674153679,1719,0,0.000000000,12.200,52,40,0
8,0,zero_drive,0,20.368604794,20.674393554,20.679925739,1719,0,0.000000000,12.200,52,40,0
8,0,zero_drive,0,20.368604794,20.680162438,20.686251836,1719,0,0.000000000,12.200,52,40,0
8,0,zero_drive,0,20.368604794,20.686497852,20.692021319,1719,0,0.000000000,12.200,52,40,0
8,0,zero_drive,0,20.368604794,20.692259502,20.697887617,1719,0,0.000000000,12.200,52,40,0
8,0,zero_drive,0,20.368604794,20.698126355,20.703931714,1719,0,0.000000000,12.200,52,40,0
8,0,zero_drive,0,20.368604794,20.704175675,20.709875959,1719,0,0.000000000,12.200,52,40,0
8,0,zero_drive,0,20.368604794,20.710115768,20.715957995,1719,0,0.000000000,12.200,52,40,0
8,0,zero_drive,0,20.368604794,20.716192639,20.721997596,1719,0,0.000000000,12.200,52,40,0
8,0,zero_drive,0,20.368604794,20.722237247,20.727923854,1719,0,0.000000000,12.200,52,40,0
8,0,zero_drive,0,20.368604794,20.728161105,20.734180988,1719,0,0.000000000,12.200,53,40,0
8,0,zero_drive,0,20.368604794,20.734428292,20.740093618,1719,0,0.000000000,12.200,53,40,0
8,0,zero_drive,0,20.368604794,20.740334157,20.745924133,1719,0,0.000000000,12.200,52,40,0
8,0,zero_drive,0,20.368604794,20.746162045,20.752342311,1719,0,0.000000000,12.200,52,40,0
8,0,zero_drive,0,20.368604794,20.752632928,20.758256931,1719,0,0.000000000,12.200,52,40,0
8,0,zero_drive,0,20.368604794,20.758493510,20.763916186,1719,0,0.000000000,12.200,52,40,0
8,0,zero_drive,0,20.368604794,20.764153245,20.770305070,1719,0,0.000000000,12.200,52,40,0
8,0,zero_drive,0,20.368604794,20.770591115,20.776800490,1719,0,0.000000000,12.200,52,40,0
8,0,zero_drive,0,20.368604794,20.777165056,20.782276063,1719,0,0.000000000,12.200,52,40,0
8,0,zero_drive,0,20.368604794,20.782558500,20.788181132,1719,0,0.000000000,12.200,52,40,0
8,0,zero_drive,0,20.368604794,20.788424208,20.793913509,1719,0,0.000000000,12.200,52,40,0
8,0,zero_drive,0,20.368604794,20.794153680,20.800022464,1719,0,0.000000000,12.200,52,40,0
8,0,zero_drive,0,20.368604794,20.800259138,20.805940023,1719,0,0.000000000,12.200,52,40,0
8,0,zero_drive,0,20.368604794,20.806173152,20.811996270,1719,0,0.000000000,12.200,52,40,0
8,0,zero_drive,0,20.368604794,20.812227652,20.818005950,1719,0,0.000000000,12.200,52,40,0
8,0,zero_drive,0,20.368604794,20.818285184,20.823963103,1719,0,0.000000000,12.200,52,40,0
8,0,zero_drive,0,20.368604794,20.824177645,20.829996415,1719,0,0.000000000,12.200,52,40,0
8,0,zero_drive,0,20.368604794,20.830233309,20.836100859,1719,0,0.000000000,12.200,52,40,0
8,0,zero_drive,0,20.368604794,20.836344679,20.841958231,1719,0,0.000000000,12.200,52,40,0
8,0,zero_drive,0,20.368604794,20.842198004,20.848153551,1719,0,0.000000000,12.200,52,40,0
8,0,zero_drive,0,20.368604794,20.848389828,20.854145475,1719,0,0.000000000,12.200,52,40,0
8,0,zero_drive,0,20.368604794,20.854386607,20.860136737,1719,0,0.000000000,12.200,52,40,0
8,0,zero_drive,0,20.368604794,20.860417328,20.865957227,1719,0,0.000000000,12.200,52,40,0
8,0,zero_drive,0,20.368604794,20.866184361,20.871982494,1719,0,0.000000000,12.200,52,40,0
8,0,zero_drive,0,20.368604794,20.872215599,20.878073839,1719,0,0.000000000,12.200,52,40,0
8,0,zero_drive,0,20.368604794,20.878305871,20.883920652,1719,0,0.000000000,12.200,52,40,0
8,0,zero_drive,0,20.368604794,20.884133744,20.889876985,1719,0,0.000000000,12.200,52,40,0
8,0,zero_drive,0,20.368604794,20.890085286,20.895989728,1719,0,0.000000000,12.200,52,40,0
8,0,zero_drive,0,20.368604794,20.896198351,20.901936360,1719,0,0.000000000,12.200,52,40,0
8,0,zero_drive,0,20.368604794,20.902151218,20.907972307,1719,0,0.000000000,12.200,52,40,0
8,0,zero_drive,0,20.368604794,20.908176511,20.913882188,1719,0,0.000000000,12.200,52,40,0
8,0,zero_drive,0,20.368604794,20.914084268,20.919950099,1719,0,0.000000000,12.200,52,40,0
8,0,zero_drive,0,20.368604794,20.920158713,20.925851828,1719,0,0.000000000,12.200,52,40,0
8,0,zero_drive,0,20.368604794,20.926054163,20.931774144,1719,0,0.000000000,12.200,52,40,0
8,0,zero_drive,0,20.368604794,20.931976468,20.938066876,1719,0,0.000000000,12.200,52,40,0
8,0,zero_drive,0,20.368604794,20.938276810,20.943770744,1719,0,0.000000000,12.200,52,40,0
8,0,zero_drive,0,20.368604794,20.943974029,20.949873525,1719,0,0.000000000,12.200,52,40,0
8,0,zero_drive,0,20.368604794,20.950074113,20.956005692,1719,0,0.000000000,12.200,52,40,0
8,0,zero_drive,0,20.368604794,20.956216253,20.961904922,1719,0,0.000000000,12.200,52,40,0
8,0,zero_drive,0,20.368604794,20.962135075,20.968225998,1719,0,0.000000000,12.200,52,40,0
8,0,zero_drive,0,20.368604794,20.968514343,20.974140215,1719,0,0.000000000,12.200,52,40,0
8,0,zero_drive,0,20.368604794,20.974375547,20.980046537,1719,0,0.000000000,12.200,52,40,0
8,0,zero_drive,0,20.368604794,20.980297727,20.986124752,1719,0,0.000000000,12.200,52,40,0
8,0,zero_drive,0,20.368604794,20.986385018,20.992093997,1719,0,0.000000000,12.200,52,40,0
8,0,zero_drive,0,20.368604794,20.992335543,20.998118306,1719,0,0.000000000,12.200,52,40,0
8,0,zero_drive,0,20.368604794,20.998351581,21.003950486,1719,0,0.000000000,12.200,52,40,0
8,0,zero_drive,0,20.368604794,21.004195121,21.010061073,1719,0,0.000000000,12.200,52,40,0
8,0,zero_drive,0,20.368604794,21.010289984,21.015914292,1719,0,0.000000000,12.200,52,40,0
8,0,zero_drive,0,20.368604794,21.016134767,21.022062918,1719,0,0.000000000,12.200,52,40,0
8,0,zero_drive,0,20.368604794,21.022289807,21.027754608,1719,0,0.000000000,12.200,52,40,0
8,0,zero_drive,0,20.368604794,21.027965165,21.033998808,1719,0,0.000000000,12.200,52,40,0
8,0,zero_drive,0,20.368604794,21.034206610,21.039970628,1719,0,0.000000000,12.200,52,40,0
8,0,zero_drive,0,20.368604794,21.040190641,21.045862327,1719,0,0.000000000,12.200,52,40,0
8,0,zero_drive,0,20.368604794,21.046072600,21.051996513,1719,0,0.000000000,12.200,52,40,0
8,0,zero_drive,0,20.368604794,21.052204733,21.057907815,1719,0,0.000000000,12.200,52,40,0
8,0,zero_drive,0,20.368604794,21.058123479,21.063870703,1719,0,0.000000000,12.200,52,40,0
8,0,zero_drive,0,20.368604794,21.064081652,21.069734292,1719,0,0.000000000,12.200,52,40,0
8,0,zero_drive,0,20.368604794,21.069943166,21.075914162,1719,0,0.000000000,12.200,52,40,0
8,0,zero_drive,0,20.368604794,21.076119893,21.081926880,1719,0,0.000000000,12.200,52,40,0
8,0,zero_drive,0,20.368604794,21.082130839,21.088035029,1719,0,0.000000000,12.200,52,40,0
8,0,zero_drive,0,20.368604794,21.088253194,21.093787230,1719,0,0.000000000,12.200,52,40,0
8,0,zero_drive,0,20.368604794,21.093997302,21.099862630,1719,0,0.000000000,12.200,52,40,0
8,0,zero_drive,0,20.368604794,21.100074904,21.105843236,1719,0,0.000000000,12.200,52,40,0
8,0,zero_drive,0,20.368604794,21.106053983,21.111942498,1719,0,0.000000000,12.200,52,40,0
8,0,zero_drive,0,20.368604794,21.112147897,21.118047291,1719,0,0.000000000,12.200,52,40,0
8,0,zero_drive,0,20.368604794,21.118277962,21.123959103,1719,0,0.000000000,12.200,52,40,0
8,0,zero_drive,0,20.368604794,21.124196604,21.129735758,1719,0,0.000000000,12.200,52,40,0
8,0,zero_drive,0,20.368604794,21.129943785,21.135782120,1719,0,0.000000000,12.200,52,40,0
8,0,zero_drive,0,20.368604794,21.136028083,21.141719523,1719,0,0.000000000,12.200,52,40,0
8,0,zero_drive,0,20.368604794,21.141921327,21.148011113,1719,0,0.000000000,12.200,52,39,0
8,0,zero_drive,0,20.368604794,21.148213308,21.153821732,1719,0,0.000000000,12.200,52,40,0
8,0,zero_drive,0,20.368604794,21.154032088,21.159987006,1719,0,0.000000000,12.200,52,40,0
8,0,zero_drive,0,20.368604794,21.160188946,21.165939123,1719,0,0.000000000,12.200,52,40,0
8,0,zero_drive,0,20.368604794,21.166141149,21.171841562,1719,0,0.000000000,12.200,52,40,0
8,0,zero_drive,0,20.368604794,21.172049085,21.177839001,1719,0,0.000000000,12.200,52,40,0
8,0,zero_drive,0,20.368604794,21.178043628,21.183729852,1719,0,0.000000000,12.200,52,40,0
8,0,zero_drive,0,20.368604794,21.183929294,21.189802439,1719,0,0.000000000,12.200,52,40,0
8,0,zero_drive,0,20.368604794,21.190015877,21.195869653,1719,0,0.000000000,12.200,52,40,0
8,0,zero_drive,0,20.368604794,21.196081783,21.201915943,1719,0,0.000000000,12.200,52,40,0
8,0,zero_drive,0,20.368604794,21.202124512,21.208019952,1719,0,0.000000000,12.200,52,40,0
8,0,zero_drive,0,20.368604794,21.208224785,21.213953788,1719,0,0.000000000,12.200,52,40,0
8,0,zero_drive,0,20.368604794,21.214161608,21.219946855,1719,0,0.000000000,12.200,52,40,0
8,0,zero_drive,0,20.368604794,21.220155869,21.225910424,1719,0,0.000000000,12.200,52,40,0
8,0,zero_drive,0,20.368604794,21.226112724,21.231900873,1719,0,0.000000000,12.200,52,40,0
8,0,zero_drive,0,20.368604794,21.232110129,21.238171861,1719,0,0.000000000,12.200,52,40,0
8,0,zero_drive,0,20.368604794,21.238418322,21.244263301,1719,0,0.000000000,12.200,52,40,0
8,0,zero_drive,0,20.368604794,21.244505781,21.249927834,1719,0,0.000000000,12.200,52,40,0
8,0,zero_drive,0,20.368604794,21.250162504,21.256110729,1719,0,0.000000000,12.200,52,40,0
8,0,zero_drive,0,20.368604794,21.256355834,21.261862167,1719,0,0.000000000,12.200,52,40,0
8,0,zero_drive,0,20.368604794,21.262104846,21.267927837,1719,0,0.000000000,12.200,52,40,0
8,0,zero_drive,0,20.368604794,21.268169416,21.273839817,1719,0,0.000000000,12.200,52,40,0
8,0,zero_drive,0,20.368604794,21.274078442,21.279914257,1719,0,0.000000000,12.200,52,40,0
8,0,zero_drive,0,20.368604794,21.280150937,21.285879817,1719,0,0.000000000,12.200,52,40,0
8,0,zero_drive,0,20.368604794,21.286121528,21.291861075,1719,0,0.000000000,12.200,52,40,0
8,0,zero_drive,0,20.368604794,21.292125412,21.297976131,1719,0,0.000000000,12.200,52,40,0
8,0,zero_drive,0,20.368604794,21.298210559,21.303952191,1719,0,0.000000000,12.200,52,40,0
8,0,zero_drive,0,20.368604794,21.304196737,21.309804884,1719,0,0.000000000,12.200,52,40,0
8,0,zero_drive,0,20.368604794,21.310031345,21.316098155,1719,0,0.000000000,12.200,52,40,0
8,0,zero_drive,0,20.368604794,21.316342582,21.322078043,1719,0,0.000000000,12.200,52,40,0
8,0,zero_drive,0,20.368604794,21.322327877,21.327888111,1719,0,0.000000000,12.200,52,40,0
8,0,zero_drive,0,20.368604794,21.328134607,21.333906062,1719,0,0.000000000,12.200,52,40,0
8,0,zero_drive,0,20.368604794,21.334151383,21.339904717,1719,0,0.000000000,12.200,52,40,0
8,1,pulse,50,21.352152133,21.357677408,21.363943266,1719,0,0.000000000,12.200,52,40,0
8,1,pulse,50,21.352152133,21.364185179,21.369868458,1719,0,0.000000000,12.200,52,40,0
8,1,pulse,50,21.352152133,21.370112057,21.375925689,1719,0,0.000000000,12.200,52,45,0
8,1,pulse,50,21.352152133,21.376159532,21.382093252,1719,0,0.000000000,12.200,52,45,0
8,1,pulse,50,21.352152133,21.382330209,21.387838155,1719,0,0.000000000,12.200,52,48,0
8,1,pulse,50,21.352152133,21.388083759,21.393950730,1719,0,0.000000000,12.200,52,48,0
8,1,pulse,50,21.352152133,21.394192002,21.400009737,1719,0,0.000000000,12.200,52,50,0
8,1,pulse,50,21.352152133,21.400241586,21.406103607,1719,0,0.000000000,12.200,52,51,0
8,1,pulse,50,21.352152133,21.406345219,21.411909376,1719,0,0.000000000,12.200,52,51,0
8,1,pulse,50,21.352152133,21.412144908,21.418039963,1719,0,0.000000000,12.200,52,51,0
8,1,pulse,50,21.352152133,21.418313529,21.424003737,1719,0,0.000000000,12.200,52,52,0
8,1,pulse,50,21.352152133,21.424217308,21.429829860,1719,0,0.000000000,12.200,52,52,0
8,1,pulse,50,21.352152133,21.430087969,21.436103496,1719,0,0.000000000,12.200,52,52,0
8,1,pulse,50,21.352152133,21.436346960,21.441859354,1719,0,0.000000000,12.200,52,52,0
8,1,pulse,50,21.352152133,21.442096673,21.448005196,1719,0,0.000000000,12.200,52,52,0
8,1,pulse,50,21.352152133,21.448242703,21.454061689,1719,0,0.000000000,12.200,52,52,0
8,1,pulse,50,21.352152133,21.454305165,21.459889837,1719,0,0.000000000,12.200,52,52,0
8,1,pulse,50,21.352152133,21.460128328,21.465945285,1719,0,0.000000000,12.200,52,52,0
8,1,pulse,50,21.352152133,21.466185697,21.472003071,1719,0,0.000000000,12.200,52,52,0
8,1,pulse,50,21.352152133,21.472242738,21.477809919,1719,0,0.000000000,12.200,52,52,0
8,1,pulse,50,21.352152133,21.478047343,21.483940049,1719,0,0.000000000,12.200,52,52,0
8,1,pulse,50,21.352152133,21.484174246,21.490083282,1719,0,0.000000000,12.200,52,52,0
8,1,pulse,50,21.352152133,21.490325966,21.495877966,1719,0,0.000000000,12.200,52,53,0
8,1,pulse,50,21.352152133,21.496118500,21.502098796,1719,0,0.000000000,12.200,53,53,0
8,1,zero_drive,0,21.352152133,21.513671032,21.520088448,1719,0,0.000000000,12.200,52,46,0
8,1,zero_drive,0,21.352152133,21.520332270,21.526004418,1719,0,0.000000000,12.200,52,43,0
8,1,zero_drive,0,21.352152133,21.526242006,21.531814762,1719,0,0.000000000,12.200,52,43,0
8,1,zero_drive,0,21.352152133,21.532050762,21.538101069,1719,0,0.000000000,12.200,52,43,0
8,1,zero_drive,0,21.352152133,21.538345733,21.543930204,1719,0,0.000000000,12.200,52,42,0
8,1,zero_drive,0,21.352152133,21.544169680,21.549806857,1719,0,0.000000000,12.200,52,42,0
8,1,zero_drive,0,21.352152133,21.550040489,21.555917897,1719,0,0.000000000,12.200,52,41,0
8,1,zero_drive,0,21.352152133,21.556159562,21.561832548,1719,0,0.000000000,12.200,52,41,0
8,1,zero_drive,0,21.352152133,21.562074654,21.567915347,1719,0,0.000000000,12.200,52,40,0
8,1,zero_drive,0,21.352152133,21.568236681,21.573851582,1719,0,0.000000000,12.200,52,40,0
8,1,zero_drive,0,21.352152133,21.574082704,21.580000088,1719,0,0.000000000,12.200,52,40,0
8,1,zero_drive,0,21.352152133,21.580241326,21.585969597,1719,0,0.000000000,12.200,52,40,0
8,1,zero_drive,0,21.352152133,21.586211222,21.591986510,1719,0,0.000000000,12.200,52,40,0
8,1,zero_drive,0,21.352152133,21.592212761,21.598018956,1719,0,0.000000000,12.200,52,40,0
8,1,zero_drive,0,21.352152133,21.598255716,21.603910672,1719,0,0.000000000,12.200,52,40,0
8,1,zero_drive,0,21.352152133,21.604162736,21.609807259,1719,0,0.000000000,12.200,52,40,0
8,1,zero_drive,0,21.352152133,21.610044373,21.615926226,1719,0,0.000000000,12.200,52,40,0
8,1,zero_drive,0,21.352152133,21.616168687,21.622033486,1719,0,0.000000000,12.200,53,40,0
8,1,zero_drive,0,21.352152133,21.622276057,21.627846756,1719,0,0.000000000,12.200,53,40,0
8,1,zero_drive,0,21.352152133,21.628083338,21.633810218,1719,0,0.000000000,12.200,52,40,0
8,1,zero_drive,0,21.352152133,21.634042884,21.639825951,1719,0,0.000000000,12.200,52,39,0
8,1,zero_drive,0,21.352152133,21.640060142,21.646076788,1719,0,0.000000000,12.200,52,39,0
8,1,zero_drive,0,21.352152133,21.646288592,21.651960586,1719,0,0.000000000,12.200,52,40,0
8,1,zero_drive,0,21.352152133,21.652169515,21.657916660,1719,0,0.000000000,12.200,52,40,0
8,1,zero_drive,0,21.352152133,21.658125855,21.663874186,1719,0,0.000000000,12.200,52,40,0
8,1,zero_drive,0,21.352152133,21.664089249,21.669735331,1719,0,0.000000000,12.200,52,40,0
8,1,zero_drive,0,21.352152133,21.669945198,21.675947817,1719,0,0.000000000,12.200,52,40,0
8,1,zero_drive,0,21.352152133,21.676151219,21.681989888,1719,0,0.000000000,12.200,52,40,0
8,1,zero_drive,0,21.352152133,21.682196131,21.687955096,1719,0,0.000000000,12.200,52,40,0
8,1,zero_drive,0,21.352152133,21.688165856,21.693880301,1719,0,0.000000000,12.200,52,40,0
8,1,zero_drive,0,21.352152133,21.694091246,21.699936896,1719,0,0.000000000,12.200,52,39,0
8,1,zero_drive,0,21.352152133,21.700142741,21.705702616,1719,0,0.000000000,12.200,52,39,0
8,1,zero_drive,0,21.352152133,21.705911790,21.711820840,1719,0,0.000000000,12.200,52,40,0
8,1,zero_drive,0,21.352152133,21.712028814,21.717788223,1719,0,0.000000000,12.200,52,40,0
8,1,zero_drive,0,21.352152133,21.718066463,21.724115527,1719,0,0.000000000,12.200,52,39,0
8,1,zero_drive,0,21.352152133,21.724379401,21.730126343,1719,0,0.000000000,12.200,52,40,0
8,1,zero_drive,0,21.352152133,21.730388382,21.736090249,1719,0,0.000000000,12.200,52,40,0
8,1,zero_drive,0,21.352152133,21.736352292,21.741933728,1719,0,0.000000000,12.200,52,40,0
8,1,zero_drive,0,21.352152133,21.742210272,21.748006269,1719,0,0.000000000,12.200,52,40,0
8,1,zero_drive,0,21.352152133,21.748274039,21.754137706,1719,0,0.000000000,12.200,52,40,0
8,1,zero_drive,0,21.352152133,21.754410031,21.760080589,1719,0,0.000000000,12.200,52,40,0
8,1,zero_drive,0,21.352152133,21.760343114,21.766155499,1719,0,0.000000000,12.200,52,39,0
8,1,zero_drive,0,21.352152133,21.766487129,21.772201137,1719,0,0.000000000,12.200,52,39,0
8,1,zero_drive,0,21.352152133,21.772474046,21.778023567,1719,0,0.000000000,12.200,52,39,0
8,1,zero_drive,0,21.352152133,21.778292635,21.784083470,1719,0,0.000000000,12.200,52,39,0
8,1,zero_drive,0,21.352152133,21.784354891,21.790037269,1719,0,0.000000000,12.200,52,39,0
8,1,zero_drive,0,21.352152133,21.790365637,21.796058337,1719,0,0.000000000,12.200,52,39,0
8,1,zero_drive,0,21.352152133,21.796306964,21.802184942,1719,0,0.000000000,12.200,52,40,0
8,1,zero_drive,0,21.352152133,21.802443362,21.807955483,1719,0,0.000000000,12.200,52,40,0
8,1,zero_drive,0,21.352152133,21.808204310,21.813833388,1719,0,0.000000000,12.200,52,40,0
8,1,zero_drive,0,21.352152133,21.814073491,21.820093546,1719,0,0.000000000,12.200,52,40,0
8,1,zero_drive,0,21.352152133,21.820353321,21.825862751,1719,0,0.000000000,12.200,53,40,0
8,1,zero_drive,0,21.352152133,21.826111755,21.831969064,1719,0,0.000000000,12.200,53,40,0
8,1,zero_drive,0,21.352152133,21.832213671,21.838066546,1719,0,0.000000000,12.200,52,40,0
8,1,zero_drive,0,21.352152133,21.838322071,21.843880142,1719,0,0.000000000,12.200,52,40,0
8,1,zero_drive,0,21.352152133,21.844138289,21.850088336,1719,0,0.000000000,12.200,52,40,0
8,1,zero_drive,0,21.352152133,21.850349401,21.856210676,1719,0,0.000000000,12.200,52,40,0
8,1,zero_drive,0,21.352152133,21.856506813,21.861866186,1719,0,0.000000000,12.200,52,40,0
8,1,zero_drive,0,21.352152133,21.862179626,21.868659191,1719,0,0.000000000,12.200,52,40,0
8,1,zero_drive,0,21.352152133,21.869011951,21.873877964,1719,0,0.000000000,12.200,52,40,0
8,1,zero_drive,0,21.352152133,21.874146606,21.880049515,1719,0,0.000000000,12.200,52,40,0
8,1,zero_drive,0,21.352152133,21.880327980,21.886091613,1719,0,0.000000000,12.200,52,39,0
8,1,zero_drive,0,21.352152133,21.886409334,21.891890374,1719,0,0.000000000,12.200,52,39,0
8,1,zero_drive,0,21.352152133,21.892139751,21.897833975,1719,0,0.000000000,12.200,52,39,0
8,1,zero_drive,0,21.352152133,21.898079273,21.904020121,1719,0,0.000000000,12.200,52,40,0
8,1,zero_drive,0,21.352152133,21.904320407,21.910186462,1719,0,0.000000000,12.200,52,40,0
8,1,zero_drive,0,21.352152133,21.910446650,21.915904890,1719,0,0.000000000,12.200,52,40,0
8,1,zero_drive,0,21.352152133,21.916165202,21.921870424,1719,0,0.000000000,12.200,52,40,0
8,1,zero_drive,0,21.352152133,21.922123223,21.927985153,1719,0,0.000000000,12.200,52,40,0
8,1,zero_drive,0,21.352152133,21.928239328,21.934123102,1719,0,0.000000000,12.200,52,40,0
8,1,zero_drive,0,21.352152133,21.934972226,21.939914788,1719,0,0.000000000,12.200,52,40,0
8,1,zero_drive,0,21.352152133,21.940174860,21.946071183,1719,0,0.000000000,12.200,52,40,0
8,1,zero_drive,0,21.352152133,21.946333236,21.952388525,1719,0,0.000000000,12.200,52,40,0
8,1,zero_drive,0,21.352152133,21.952678108,21.958035356,1719,0,0.000000000,12.200,52,40,0
8,1,zero_drive,0,21.352152133,21.958288312,21.963899771,1719,0,0.000000000,12.200,52,40,0
8,1,zero_drive,0,21.352152133,21.964172882,21.970044265,1719,0,0.000000000,12.200,52,39,0
8,1,zero_drive,0,21.352152133,21.970300592,21.976210056,1719,0,0.000000000,12.200,52,39,0
8,1,zero_drive,0,21.352152133,21.976503683,21.981937371,1719,0,0.000000000,12.200,53,40,0
8,1,zero_drive,0,21.352152133,21.982191879,21.988083415,1719,0,0.000000000,12.200,53,40,0
8,1,zero_drive,0,21.352152133,21.988381750,21.993863496,1719,0,0.000000000,12.200,52,40,0
8,1,zero_drive,0,21.352152133,21.994124029,22.000081771,1719,0,0.000000000,12.200,52,40,0
8,1,zero_drive,0,21.352152133,22.000335057,22.005941017,1719,0,0.000000000,12.200,52,40,0
8,1,zero_drive,0,21.352152133,22.006195032,22.012028801,1719,0,0.000000000,12.200,52,40,0
8,1,zero_drive,0,21.352152133,22.012285953,22.017986330,1719,0,0.000000000,12.200,52,40,0
8,1,zero_drive,0,21.352152133,22.018501146,22.023926276,1719,0,0.000000000,12.200,52,40,0
8,1,zero_drive,0,21.352152133,22.024184334,22.029895731,1719,0,0.000000000,12.200,52,40,0
8,1,zero_drive,0,21.352152133,22.030151883,22.035919544,1719,0,0.000000000,12.200,52,40,0
8,1,zero_drive,0,21.352152133,22.036179749,22.042052188,1719,0,0.000000000,12.200,52,40,0
8,1,zero_drive,0,21.352152133,22.042305474,22.047998204,1719,0,0.000000000,12.200,52,40,0
8,1,zero_drive,0,21.352152133,22.048254574,22.053843575,1719,0,0.000000000,12.200,52,40,0
8,1,zero_drive,0,21.352152133,22.054097121,22.059979457,1719,0,0.000000000,12.200,52,40,0
8,1,zero_drive,0,21.352152133,22.060229418,22.065925051,1719,0,0.000000000,12.200,52,40,0
8,1,zero_drive,0,21.352152133,22.066167376,22.071901722,1719,0,0.000000000,12.200,52,40,0
8,1,zero_drive,0,21.352152133,22.072154779,22.078059598,1719,0,0.000000000,12.200,52,40,0
8,1,zero_drive,0,21.352152133,22.078315968,22.084005247,1719,0,0.000000000,12.200,52,40,0
8,1,zero_drive,0,21.352152133,22.084259596,22.089950213,1719,0,0.000000000,12.200,53,40,0
8,1,zero_drive,0,21.352152133,22.090202313,22.096105729,1719,0,0.000000000,12.200,53,40,0
8,1,zero_drive,0,21.352152133,22.096462315,22.102512585,1719,0,0.000000000,12.200,52,39,0
8,1,zero_drive,0,21.352152133,22.102967048,22.107821461,1719,0,0.000000000,12.200,52,39,0
8,1,zero_drive,0,21.352152133,22.108067015,22.113977107,1719,0,0.000000000,12.200,52,39,0
8,1,zero_drive,0,21.352152133,22.114232552,22.120026212,1719,0,0.000000000,12.200,52,40,0
8,1,zero_drive,0,21.352152133,22.120285971,22.126149540,1719,0,0.000000000,12.200,52,40,0
8,1,zero_drive,0,21.352152133,22.126395386,22.131870581,1719,0,0.000000000,12.200,52,40,0
8,1,zero_drive,0,21.352152133,22.132157250,22.138109011,1719,0,0.000000000,12.200,52,40,0
8,1,zero_drive,0,21.352152133,22.138368582,22.144062554,1719,0,0.000000000,12.200,52,40,0
8,1,zero_drive,0,21.352152133,22.144325978,22.149954934,1719,0,0.000000000,12.200,52,40,0
8,1,zero_drive,0,21.352152133,22.150205275,22.155905863,1719,0,0.000000000,12.200,52,40,0
8,1,zero_drive,0,21.352152133,22.156160956,22.162096570,1719,0,0.000000000,12.200,52,40,0
8,1,zero_drive,0,21.352152133,22.162411165,22.168126886,1719,0,0.000000000,12.200,52,40,0
8,1,zero_drive,0,21.352152133,22.168380456,22.173885616,1719,0,0.000000000,12.200,52,40,0
8,1,zero_drive,0,21.352152133,22.174136100,22.180083954,1719,0,0.000000000,12.200,52,40,0
8,1,zero_drive,0,21.352152133,22.180339033,22.185983369,1719,0,0.000000000,12.200,52,40,0
8,1,zero_drive,0,21.352152133,22.186236123,22.192091075,1719,0,0.000000000,12.200,52,40,0
8,1,zero_drive,0,21.352152133,22.192366541,22.197932286,1719,0,0.000000000,12.200,52,40,0
8,1,zero_drive,0,21.352152133,22.198184061,22.203989311,1719,0,0.000000000,12.200,52,40,0
8,1,zero_drive,0,21.352152133,22.204245380,22.209981004,1719,0,0.000000000,12.200,52,40,0
8,1,zero_drive,0,21.352152133,22.210237966,22.215951959,1719,0,0.000000000,12.200,52,40,0
8,1,zero_drive,0,21.352152133,22.216206232,22.221975502,1719,0,0.000000000,12.200,52,40,0
8,1,zero_drive,0,21.352152133,22.222227577,22.228148427,1719,0,0.000000000,12.200,52,40,0
8,1,zero_drive,0,21.352152133,22.228402361,22.234091628,1719,0,0.000000000,12.200,52,40,0
8,1,zero_drive,0,21.352152133,22.234424722,22.239885700,1719,0,0.000000000,12.200,52,40,0
8,1,zero_drive,0,21.352152133,22.240135363,22.246010685,1719,0,0.000000000,12.200,52,40,0
8,1,zero_drive,0,21.352152133,22.246254890,22.251910081,1719,0,0.000000000,12.200,52,40,0
8,1,zero_drive,0,21.352152133,22.252156998,22.258075006,1719,0,0.000000000,12.200,52,40,0
8,1,zero_drive,0,21.352152133,22.258409107,22.263917525,1719,0,0.000000000,12.200,52,40,0
8,1,zero_drive,0,21.352152133,22.264212445,22.269960735,1719,0,0.000000000,12.200,52,40,0
8,1,zero_drive,0,21.352152133,22.270214050,22.276008945,1719,0,0.000000000,12.200,52,40,0
8,1,zero_drive,0,21.352152133,22.276263790,22.282071675,1719,0,0.000000000,12.200,52,40,0
8,1,zero_drive,0,21.352152133,22.282325567,22.288029640,1719,0,0.000000000,12.200,52,40,0
8,1,zero_drive,0,21.352152133,22.288301261,22.293946005,1719,0,0.000000000,12.200,52,40,0
8,1,zero_drive,0,21.352152133,22.294214916,22.299849478,1719,0,0.000000000,12.200,52,40,0
8,1,zero_drive,0,21.352152133,22.300104270,22.305910130,1719,0,0.000000000,12.200,52,40,0
8,1,zero_drive,0,21.352152133,22.306168472,22.312005063,1719,0,0.000000000,12.200,52,40,0
8,1,zero_drive,0,21.352152133,22.312269970,22.317918322,1719,0,0.000000000,12.200,52,40,0
8,2,pulse,100,22.330027846,22.335910792,22.342215693,1719,0,0.000000000,12.200,52,40,0
8,2,pulse,100,22.330027846,22.342481230,22.347985971,1719,0,0.000000000,12.200,52,54,0
8,2,pulse,100,22.330027846,22.348246257,22.354195935,1719,0,0.000000000,12.200,53,60,0
8,2,pulse,100,22.330027846,22.354458445,22.359911959,1719,0,0.000000000,12.200,53,60,0
8,2,pulse,100,22.330027846,22.360178391,22.365949229,1720,0,0.000000000,12.200,53,59,0
8,2,pulse,100,22.330027846,22.366208077,22.371962531,1721,150,0.230097118,12.200,53,59,0
8,2,pulse,100,22.330027846,22.372218542,22.378101963,1722,150,0.230097118,12.200,52,57,0
8,2,pulse,100,22.330027846,22.378455505,22.383828152,1723,200,0.306796158,12.200,52,57,0
8,2,pulse,100,22.330027846,22.384071601,22.390016101,1724,200,0.306796158,12.200,52,57,0
8,2,pulse,100,22.330027846,22.390273105,22.395898628,1726,250,0.383495197,12.200,52,56,0
8,2,pulse,100,22.330027846,22.396149049,22.402424869,1727,250,0.383495197,12.200,52,56,0
8,2,pulse,100,22.330027846,22.402794065,22.407918327,1729,200,0.306796158,12.200,52,55,0
8,2,pulse,100,22.330027846,22.408201685,22.413898278,1730,200,0.306796158,12.200,52,55,0
8,2,pulse,100,22.330027846,22.414156228,22.420000086,1731,250,0.383495197,12.200,52,55,0
8,2,pulse,100,22.330027846,22.420257460,22.426066734,1733,250,0.383495197,12.200,52,55,0
8,2,pulse,100,22.330027846,22.426319672,22.432002135,1734,250,0.383495197,12.200,52,55,0
8,2,pulse,100,22.330027846,22.432260049,22.437865709,1736,250,0.383495197,12.200,52,54,0
8,2,pulse,100,22.330027846,22.438131477,22.443856823,1737,250,0.383495197,12.200,52,54,0
8,2,pulse,100,22.330027846,22.444119693,22.449940839,1738,250,0.383495197,12.200,52,54,0
8,2,pulse,100,22.330027846,22.450224656,22.456032933,1740,250,0.383495197,12.200,52,54,0
8,2,pulse,100,22.330027846,22.456311475,22.462011547,1741,250,0.383495197,12.200,52,55,0
8,2,pulse,100,22.330027846,22.462266527,22.467960588,1743,200,0.306796158,12.200,52,55,0
8,2,pulse,100,22.330027846,22.468232987,22.474039373,1744,200,0.306796158,12.200,52,54,0
8,2,pulse,100,22.330027846,22.474300335,22.479988819,1746,250,0.383495197,12.200,52,54,0
8,2,zero_drive,0,22.330027846,22.491719217,22.497789131,1749,200,0.306796158,12.200,53,55,0
8,2,zero_drive,0,22.330027846,22.498035301,22.504046240,1750,200,0.306796158,12.200,53,47,0
8,2,zero_drive,0,22.330027846,22.504300895,22.510069354,1750,150,0.230097118,12.200,52,44,0
8,2,zero_drive,0,22.330027846,22.510327025,22.515944241,1750,0,0.000000000,12.200,52,44,0
8,2,zero_drive,0,22.330027846,22.516190178,22.521848115,1750,0,0.000000000,12.200,52,42,0
8,2,zero_drive,0,22.330027846,22.522097717,22.528113439,1750,0,0.000000000,12.200,52,42,0
8,2,zero_drive,0,22.330027846,22.528402080,22.533688312,1750,0,0.000000000,12.200,52,41,0
8,2,zero_drive,0,22.330027846,22.533976297,22.539940177,1750,0,0.000000000,12.200,52,41,0
8,2,zero_drive,0,22.330027846,22.540291748,22.545762434,1750,0,0.000000000,12.200,53,40,0
8,2,zero_drive,0,22.330027846,22.545998698,22.551846766,1750,0,0.000000000,12.200,53,40,0
8,2,zero_drive,0,22.330027846,22.552060444,22.557641769,1750,0,0.000000000,12.200,52,40,0
8,2,zero_drive,0,22.330027846,22.557858654,22.563796665,1750,0,0.000000000,12.200,52,40,0
8,2,zero_drive,0,22.330027846,22.564015918,22.569953739,1750,0,0.000000000,12.200,52,40,0
8,2,zero_drive,0,22.330027846,22.570230893,22.575862579,1750,0,0.000000000,12.200,52,40,0
8,2,zero_drive,0,22.330027846,22.576084344,22.581736563,1750,0,0.000000000,12.200,52,40,0
8,2,zero_drive,0,22.330027846,22.581962674,22.587752359,1750,0,0.000000000,12.200,52,40,0
8,2,zero_drive,0,22.330027846,22.587969248,22.593778059,1750,0,0.000000000,12.200,52,40,0
8,2,zero_drive,0,22.330027846,22.593997193,22.599661366,1750,0,0.000000000,12.200,52,40,0
8,2,zero_drive,0,22.330027846,22.599874153,22.605891279,1750,0,0.000000000,12.200,52,40,0
8,2,zero_drive,0,22.330027846,22.606107346,22.611749877,1750,0,0.000000000,12.200,52,40,0
8,2,zero_drive,0,22.330027846,22.611966421,22.617715628,1750,0,0.000000000,12.200,52,40,0
8,2,zero_drive,0,22.330027846,22.617928415,22.623812689,1750,0,0.000000000,12.200,52,40,0
8,2,zero_drive,0,22.330027846,22.624038662,22.629828672,1751,0,0.000000000,12.200,52,40,0
8,2,zero_drive,0,22.330027846,22.630043067,22.635840861,1751,0,0.000000000,12.200,52,40,0
8,2,zero_drive,0,22.330027846,22.636058754,22.641686978,1751,50,0.076699039,12.200,52,40,0
8,2,zero_drive,0,22.330027846,22.641909391,22.647873666,1751,50,0.076699039,12.200,52,40,0
8,2,zero_drive,0,22.330027846,22.648137799,22.653942700,1751,0,0.000000000,12.200,53,40,0
8,2,zero_drive,0,22.330027846,22.654159316,22.659748667,1751,0,0.000000000,12.200,53,40,0
8,2,zero_drive,0,22.330027846,22.659966187,22.665753126,1751,0,0.000000000,12.200,52,40,0
8,2,zero_drive,0,22.330027846,22.665969414,22.671709374,1751,0,0.000000000,12.200,52,40,0
8,2,zero_drive,0,22.330027846,22.671921774,22.677648504,1751,0,0.000000000,12.200,53,40,0
8,2,zero_drive,0,22.330027846,22.677855869,22.683572229,1751,0,0.000000000,12.200,53,40,0
8,2,zero_drive,0,22.330027846,22.683779740,22.689771838,1751,0,0.000000000,12.200,53,40,0
8,2,zero_drive,0,22.330027846,22.689984062,22.695740914,1751,0,0.000000000,12.200,53,40,0
8,2,zero_drive,0,22.330027846,22.695951057,22.701750210,1751,0,0.000000000,12.200,52,40,0
8,2,zero_drive,0,22.330027846,22.701963126,22.707712892,1751,0,0.000000000,12.200,52,40,0
8,2,zero_drive,0,22.330027846,22.707919421,22.713624187,1751,0,0.000000000,12.200,52,40,0
8,2,zero_drive,0,22.330027846,22.713825867,22.719719867,1751,0,0.000000000,12.200,52,40,0
8,2,zero_drive,0,22.330027846,22.719933019,22.725748389,1751,0,0.000000000,12.200,52,40,0
8,2,zero_drive,0,22.330027846,22.725963764,22.731819263,1751,0,0.000000000,12.200,52,40,0
8,2,zero_drive,0,22.330027846,22.732028378,22.737861609,1751,0,0.000000000,12.200,52,40,0
8,2,zero_drive,0,22.330027846,22.738076216,22.743640121,1751,0,0.000000000,12.200,52,40,0
8,2,zero_drive,0,22.330027846,22.743848982,22.749622014,1751,0,0.000000000,12.200,52,40,0
8,2,zero_drive,0,22.330027846,22.749830051,22.755835624,1751,0,0.000000000,12.200,52,40,0
8,2,zero_drive,0,22.330027846,22.756049438,22.761791204,1751,0,0.000000000,12.200,52,40,0
8,2,zero_drive,0,22.330027846,22.762005645,22.767749328,1751,0,0.000000000,12.200,52,40,0
8,2,zero_drive,0,22.330027846,22.767964235,22.773645179,1751,0,0.000000000,12.200,53,40,0
8,2,zero_drive,0,22.330027846,22.773857158,22.779585460,1751,0,0.000000000,12.200,53,40,0
8,2,zero_drive,0,22.330027846,22.779795739,22.785892235,1751,0,0.000000000,12.200,52,40,0
8,2,zero_drive,0,22.330027846,22.786113949,22.791749918,1751,0,0.000000000,12.200,52,40,0
8,2,zero_drive,0,22.330027846,22.791962941,22.797645328,1751,0,0.000000000,12.200,52,40,0
8,2,zero_drive,0,22.330027846,22.797857792,22.803613042,1751,0,0.000000000,12.200,52,40,0
8,2,zero_drive,0,22.330027846,22.803829500,22.809584489,1751,0,0.000000000,12.200,52,40,0
8,2,zero_drive,0,22.330027846,22.809796055,22.815720376,1751,0,0.000000000,12.200,52,40,0
8,2,zero_drive,0,22.330027846,22.815926639,22.821792246,1751,0,0.000000000,12.200,52,40,0
8,2,zero_drive,0,22.330027846,22.822006849,22.827767529,1751,0,0.000000000,12.200,52,40,0
8,2,zero_drive,0,22.330027846,22.827981921,22.833655761,1751,0,0.000000000,12.200,52,40,0
8,2,zero_drive,0,22.330027846,22.833902011,22.839813305,1751,0,0.000000000,12.200,52,40,0
8,2,zero_drive,0,22.330027846,22.840065978,22.845860394,1751,0,0.000000000,12.200,53,40,0
8,2,zero_drive,0,22.330027846,22.846077651,22.851705612,1751,0,0.000000000,12.200,53,40,0
8,2,zero_drive,0,22.330027846,22.851922784,22.857681595,1751,0,0.000000000,12.200,52,40,0
8,2,zero_drive,0,22.330027846,22.857898191,22.863873342,1751,0,0.000000000,12.200,52,40,0
8,2,zero_drive,0,22.330027846,22.864086957,22.869788243,1751,0,0.000000000,12.200,52,40,0
8,2,zero_drive,0,22.330027846,22.870013512,22.875822476,1751,0,0.000000000,12.200,52,40,0
8,2,zero_drive,0,22.330027846,22.876045869,22.881958965,1751,0,0.000000000,12.200,52,40,0
8,2,zero_drive,0,22.330027846,22.882184358,22.887692796,1751,0,0.000000000,12.200,52,40,0
8,2,zero_drive,0,22.330027846,22.887917342,22.893893333,1751,0,0.000000000,12.200,52,40,0
8,2,zero_drive,0,22.330027846,22.894192462,22.899610999,1751,0,0.000000000,12.200,52,40,0
8,2,zero_drive,0,22.330027846,22.899826720,22.905840383,1751,0,0.000000000,12.200,52,40,0
8,2,zero_drive,0,22.330027846,22.906142699,22.911800903,1751,0,0.000000000,12.200,52,40,0
8,2,zero_drive,0,22.330027846,22.912026714,22.917876219,1751,0,0.000000000,12.200,53,40,0
8,2,zero_drive,0,22.330027846,22.918106700,22.923844698,1751,0,0.000000000,12.200,53,40,0
8,2,zero_drive,0,22.330027846,22.924067558,22.929782639,1751,0,0.000000000,12.200,53,40,0
8,2,zero_drive,0,22.330027846,22.930010584,22.935883710,1751,0,0.000000000,12.200,53,40,0
8,2,zero_drive,0,22.330027846,22.936126693,22.942095168,1751,0,0.000000000,12.200,53,40,0
8,2,zero_drive,0,22.330027846,22.942326267,22.947817421,1751,0,0.000000000,12.200,53,40,0
8,2,zero_drive,0,22.330027846,22.948045034,22.953760343,1751,0,0.000000000,12.200,52,40,0
8,2,zero_drive,0,22.330027846,22.953995388,22.959759478,1751,0,0.000000000,12.200,52,40,0
8,2,zero_drive,0,22.330027846,22.959988363,22.965830021,1751,0,0.000000000,12.200,52,40,0
8,2,zero_drive,0,22.330027846,22.966059326,22.971833529,1751,0,0.000000000,12.200,52,40,0
8,2,zero_drive,0,22.330027846,22.972059924,22.977869220,1751,0,0.000000000,12.200,52,40,0
8,2,zero_drive,0,22.330027846,22.978099386,22.983598050,1751,0,0.000000000,12.200,52,40,0
8,2,zero_drive,0,22.330027846,22.983812895,22.989649399,1751,0,0.000000000,12.200,52,40,0
8,2,zero_drive,0,22.330027846,22.989877541,22.995657334,1751,0,0.000000000,12.200,52,40,0
8,2,zero_drive,0,22.330027846,22.995885644,23.001767585,1751,0,0.000000000,12.200,53,40,0
8,2,zero_drive,0,22.330027846,23.002001195,23.007833169,1751,0,0.000000000,12.200,53,40,0
8,2,zero_drive,0,22.330027846,23.008065439,23.013867187,1751,0,0.000000000,12.200,52,40,0
8,2,zero_drive,0,22.330027846,23.014096781,23.019824301,1751,0,0.000000000,12.200,52,39,0
8,2,zero_drive,0,22.330027846,23.020064956,23.025697670,1751,0,0.000000000,12.200,52,39,0
8,2,zero_drive,0,22.330027846,23.025928093,23.031733023,1751,0,0.000000000,12.200,52,40,0
8,2,zero_drive,0,22.330027846,23.031956466,23.037778759,1751,0,0.000000000,12.200,52,40,0
8,2,zero_drive,0,22.330027846,23.038005798,23.043886857,1751,0,0.000000000,12.200,52,40,0
8,2,zero_drive,0,22.330027846,23.044119853,23.049657034,1751,0,0.000000000,12.200,52,40,0
8,2,zero_drive,0,22.330027846,23.049875283,23.055675067,1751,0,0.000000000,12.200,52,39,0
8,2,zero_drive,0,22.330027846,23.055901106,23.061723860,1751,0,0.000000000,12.200,52,39,0
8,2,zero_drive,0,22.330027846,23.061951453,23.067699218,1751,0,0.000000000,12.200,52,40,0
8,2,zero_drive,0,22.330027846,23.068025805,23.073833843,1751,0,0.000000000,12.200,52,40,0
8,2,zero_drive,0,22.330027846,23.074062320,23.079753300,1751,0,0.000000000,12.200,52,40,0
8,2,zero_drive,0,22.330027846,23.079979640,23.085642181,1751,0,0.000000000,12.200,52,40,0
8,2,zero_drive,0,22.330027846,23.085871055,23.091691893,1751,0,0.000000000,12.200,52,40,0
8,2,zero_drive,0,22.330027846,23.091918068,23.097833413,1751,0,0.000000000,12.200,52,40,0
8,2,zero_drive,0,22.330027846,23.098059259,23.103908155,1751,0,0.000000000,12.200,52,40,0
8,2,zero_drive,0,22.330027846,23.104139823,23.109628968,1751,0,0.000000000,12.200,52,40,0
8,2,zero_drive,0,22.330027846,23.109866481,23.115692854,1751,0,0.000000000,12.200,52,40,0
8,2,zero_drive,0,22.330027846,23.115950648,23.121855259,1751,0,0.000000000,12.200,53,40,0
8,2,zero_drive,0,22.330027846,23.122074733,23.127783356,1751,0,0.000000000,12.200,53,40,0
8,2,zero_drive,0,22.330027846,23.128007170,23.133648594,1751,0,0.000000000,12.200,52,40,0
8,2,zero_drive,0,22.330027846,23.133851538,23.139634588,1751,0,0.000000000,12.200,52,40,0
8,2,zero_drive,0,22.330027846,23.139852921,23.145636080,1751,0,0.000000000,12.200,52,40,0
8,2,zero_drive,0,22.330027846,23.145850092,23.151988276,1751,0,0.000000000,12.200,52,39,0
8,2,zero_drive,0,22.330027846,23.152205927,23.157663076,1751,0,0.000000000,12.200,52,40,0
8,2,zero_drive,0,22.330027846,23.157880114,23.163850682,1751,0,0.000000000,12.200,52,40,0
8,2,zero_drive,0,22.330027846,23.164072211,23.169753606,1751,0,0.000000000,12.200,52,40,0
8,2,zero_drive,0,22.330027846,23.169976729,23.175732743,1751,0,0.000000000,12.200,52,40,0
8,2,zero_drive,0,22.330027846,23.175957701,23.181762263,1751,0,0.000000000,12.200,52,40,0
8,2,zero_drive,0,22.330027846,23.181982561,23.187751070,1751,0,0.000000000,12.200,52,40,0
8,2,zero_drive,0,22.330027846,23.187974978,23.193744501,1751,0,0.000000000,12.200,52,40,0
8,2,zero_drive,0,22.330027846,23.194022526,23.199775203,1751,0,0.000000000,12.200,52,40,0
8,2,zero_drive,0,22.330027846,23.199994527,23.205728208,1751,0,0.000000000,12.200,53,40,0
8,2,zero_drive,0,22.330027846,23.205945184,23.211811232,1751,0,0.000000000,12.200,53,40,0
8,2,zero_drive,0,22.330027846,23.212034083,23.217940789,1751,0,0.000000000,12.200,52,40,0
8,2,zero_drive,0,22.330027846,23.218161462,23.223686608,1751,0,0.000000000,12.200,52,40,0
8,2,zero_drive,0,22.330027846,23.223904567,23.229676686,1751,0,0.000000000,12.200,53,40,0
8,2,zero_drive,0,22.330027846,23.229897280,23.235889256,1751,0,0.000000000,12.200,53,40,0
8,2,zero_drive,0,22.330027846,23.236147728,23.241875135,1751,0,0.000000000,12.200,52,40,0
8,2,zero_drive,0,22.330027846,23.242118998,23.247751388,1751,0,0.000000000,12.200,52,40,0
8,2,zero_drive,0,22.330027846,23.247971293,23.253797918,1751,0,0.000000000,12.200,52,40,0
8,2,zero_drive,0,22.330027846,23.254021592,23.259798361,1751,0,0.000000000,12.200,52,40,0
8,2,zero_drive,0,22.330027846,23.260022280,23.265794795,1751,0,0.000000000,12.200,53,40,0
8,2,zero_drive,0,22.330027846,23.266021181,23.271676073,1751,0,0.000000000,12.200,53,40,0
8,2,zero_drive,0,22.330027846,23.271896495,23.277877991,1751,0,0.000000000,12.200,52,40,0
8,2,zero_drive,0,22.330027846,23.278099248,23.283629352,1751,0,0.000000000,12.200,52,40,0
8,2,zero_drive,0,22.330027846,23.283836690,23.289789965,1751,0,0.000000000,12.200,52,40,0
8,2,zero_drive,0,22.330027846,23.290009999,23.295722863,1751,0,0.000000000,12.200,52,40,0
8,3,pulse,150,23.307772217,23.313489945,23.319738365,1751,0,0.000000000,12.200,53,40,0
8,3,pulse,150,23.307772217,23.319963623,23.325692505,1751,0,0.000000000,12.200,53,40,0
8,3,pulse,150,23.307772217,23.325915543,23.331691178,1751,0,0.000000000,12.200,53,61,0
8,3,pulse,150,23.307772217,23.331905613,23.337861197,1753,0,0.000000000,12.200,52,61,0
8,3,pulse,150,23.307772217,23.338079061,23.343725508,1754,0,0.000000000,12.200,52,66,0
8,3,pulse,150,23.307772217,23.343945805,23.349595439,1756,250,0.383495197,12.200,52,66,0
8,3,pulse,150,23.307772217,23.349808508,23.355745328,1758,250,0.383495197,12.200,52,68,0
8,3,pulse,150,23.307772217,23.355966493,23.361583816,1759,300,0.460194236,12.200,52,68,0
8,3,pulse,150,23.307772217,23.361817070,23.368228298,1761,300,0.460194236,12.200,52,67,0
8,3,pulse,150,23.307772217,23.368456082,23.373831253,1764,350,0.536893276,12.200,52,66,0
8,3,pulse,150,23.307772217,23.374058341,23.379843507,1765,350,0.536893276,12.200,52,66,0
8,3,pulse,150,23.307772217,23.380065992,23.385686803,1767,350,0.536893276,12.200,52,66,0
8,3,pulse,150,23.307772217,23.385925843,23.391638188,1769,350,0.536893276,12.200,52,66,0
8,3,pulse,150,23.307772217,23.391859192,23.397746623,1771,350,0.536893276,12.200,52,66,0
8,3,pulse,150,23.307772217,23.397966133,23.403625308,1773,350,0.536893276,12.200,52,66,0
8,3,pulse,150,23.307772217,23.403857570,23.409641227,1776,350,0.536893276,12.200,52,66,0
8,3,pulse,150,23.307772217,23.409896671,23.415663216,1778,350,0.536893276,12.200,52,64,0
8,3,pulse,150,23.307772217,23.415878075,23.421615249,1780,350,0.536893276,12.200,52,64,0
8,3,pulse,150,23.307772217,23.421836214,23.427963327,1782,350,0.536893276,12.200,52,63,0
8,3,pulse,150,23.307772217,23.428207523,23.433818715,1785,400,0.613592315,12.200,52,63,0
8,3,pulse,150,23.307772217,23.434059707,23.439802300,1787,400,0.613592315,12.200,52,63,0
8,3,pulse,150,23.307772217,23.440017341,23.445825842,1789,400,0.613592315,12.200,52,63,0
8,3,pulse,150,23.307772217,23.446032994,23.451765612,1791,400,0.613592315,12.200,52,60,0
8,3,pulse,150,23.307772217,23.451984789,23.457802158,1794,400,0.613592315,12.200,52,60,0
8,3,zero_drive,0,23.307772217,23.469665839,23.475827569,1800,450,0.690291355,12.200,52,50,0
8,3,zero_drive,0,23.307772217,23.476046509,23.481707933,1802,350,0.536893276,12.200,52,50,0
8,3,zero_drive,0,23.307772217,23.481929640,23.487752514,1803,350,0.536893276,12.200,52,45,0
8,3,zero_drive,0,23.307772217,23.487974385,23.493701932,1803,150,0.230097118,12.200,52,45,0
8,3,zero_drive,0,23.307772217,23.493918139,23.499563441,1803,150,0.230097118,12.200,52,43,0
8,3,zero_drive,0,23.307772217,23.499792951,23.505689906,1803,0,0.000000000,12.200,52,43,0
8,3,zero_drive,0,23.307772217,23.505911227,23.511669059,1803,0,0.000000000,12.200,52,41,0
8,3,zero_drive,0,23.307772217,23.511903396,23.517783984,1803,0,0.000000000,12.200,52,41,0
8,3,zero_drive,0,23.307772217,23.518031088,23.523929999,1803,0,0.000000000,12.200,52,41,0
8,3,zero_drive,0,23.307772217,23.524151760,23.529848344,1803,0,0.000000000,12.200,52,40,0
8,3,zero_drive,0,23.307772217,23.530097452,23.535573484,1803,0,0.000000000,12.200,52,40,0
8,3,zero_drive,0,23.307772217,23.535791017,23.541576579,1803,0,0.000000000,12.200,52,40,0
8,3,zero_drive,0,23.307772217,23.541806988,23.547719882,1803,0,0.000000000,12.200,52,40,0
8,3,zero_drive,0,23.307772217,23.547929854,23.553662145,1803,0,0.000000000,12.200,52,40,0
8,3,zero_drive,0,23.307772217,23.553877573,23.559720538,1803,0,0.000000000,12.200,52,40,0
8,3,zero_drive,0,23.307772217,23.559940952,23.565779282,1803,0,0.000000000,12.200,52,40,0
8,3,zero_drive,0,23.307772217,23.565994614,23.571813302,1803,0,0.000000000,12.200,52,40,0
8,3,zero_drive,0,23.307772217,23.572036190,23.577734168,1803,0,0.000000000,12.200,52,40,0
8,3,zero_drive,0,23.307772217,23.577954333,23.583564512,1803,0,0.000000000,12.200,52,40,0
8,3,zero_drive,0,23.307772217,23.583765580,23.589802719,1803,0,0.000000000,12.200,52,40,0
8,3,zero_drive,0,23.307772217,23.590009887,23.595588869,1803,0,0.000000000,12.200,52,40,0
8,3,zero_drive,0,23.307772217,23.595799457,23.602193828,1803,0,0.000000000,12.200,52,40,0
8,3,zero_drive,0,23.307772217,23.602412679,23.607751242,1803,0,0.000000000,12.200,52,40,0
8,3,zero_drive,0,23.307772217,23.607995529,23.613769300,1803,0,0.000000000,12.200,53,40,0
8,3,zero_drive,0,23.307772217,23.613990954,23.619697910,1803,0,0.000000000,12.200,53,40,0
8,3,zero_drive,0,23.307772217,23.619920555,23.625603934,1803,0,0.000000000,12.200,52,40,0
8,3,zero_drive,0,23.307772217,23.625825357,23.631770277,1803,0,0.000000000,12.200,52,40,0
8,3,zero_drive,0,23.307772217,23.632456903,23.637804497,1803,0,0.000000000,12.200,52,40,0
8,3,zero_drive,0,23.307772217,23.638028116,23.643722579,1803,0,0.000000000,12.200,52,40,0
8,3,zero_drive,0,23.307772217,23.643933851,23.649658077,1803,0,0.000000000,12.200,52,40,0
8,3,zero_drive,0,23.307772217,23.649872224,23.655813884,1803,0,0.000000000,12.200,52,40,0
8,3,zero_drive,0,23.307772217,23.656024807,23.661760482,1803,0,0.000000000,12.200,52,40,0
8,3,zero_drive,0,23.307772217,23.661977716,23.667794814,1803,0,0.000000000,12.200,52,40,0
8,3,zero_drive,0,23.307772217,23.668111374,23.673625572,1803,0,0.000000000,12.200,52,40,0
8,3,zero_drive,0,23.307772217,23.673843192,23.679590559,1803,0,0.000000000,12.200,52,40,0
8,3,zero_drive,0,23.307772217,23.679815315,23.685780790,1803,0,0.000000000,12.200,52,40,0
8,3,zero_drive,0,23.307772217,23.685999744,23.691551802,1803,0,0.000000000,12.200,52,40,0
8,3,zero_drive,0,23.307772217,23.691861981,23.697836287,1803,0,0.000000000,12.200,52,40,0
8,3,zero_drive,0,23.307772217,23.698052531,23.703842577,1803,0,0.000000000,12.200,52,40,0
8,3,zero_drive,0,23.307772217,23.704070988,23.709804602,1803,0,0.000000000,12.200,53,40,0
8,3,zero_drive,0,23.307772217,23.710023706,23.715594927,1803,0,0.000000000,12.200,53,40,0
8,3,zero_drive,0,23.307772217,23.715822847,23.721577477,1803,0,0.000000000,12.200,52,40,0
8,3,zero_drive,0,23.307772217,23.721796828,23.727566307,1803,0,0.000000000,12.200,52,40,0
8,3,zero_drive,0,23.307772217,23.727777490,23.733729115,1803,0,0.000000000,12.200,52,40,0
8,3,zero_drive,0,23.307772217,23.733936642,23.739794226,1803,0,0.000000000,12.200,52,40,0
8,3,zero_drive,0,23.307772217,23.740011147,23.745676144,1803,0,0.000000000,12.200,52,40,0
8,3,zero_drive,0,23.307772217,23.745892640,23.751656497,1803,0,0.000000000,12.200,52,40,0
8,3,zero_drive,0,23.307772217,23.751877322,23.757790114,1803,0,0.000000000,12.200,52,40,0
8,3,zero_drive,0,23.307772217,23.758006267,23.763797987,1803,0,0.000000000,12.200,52,40,0
8,3,zero_drive,0,23.307772217,23.764015432,23.769644347,1803,0,0.000000000,12.200,52,40,0
8,3,zero_drive,0,23.307772217,23.769873690,23.775654463,1803,0,0.000000000,12.200,52,40,0
8,3,zero_drive,0,23.307772217,23.775892738,23.781665315,1803,0,0.000000000,12.200,53,40,0
8,3,zero_drive,0,23.307772217,23.781909957,23.787714962,1803,0,0.000000000,12.200,53,40,0
8,3,zero_drive,0,23.307772217,23.787936621,23.793725172,1803,0,0.000000000,12.200,53,40,0
8,3,zero_drive,0,23.307772217,23.793950717,23.799702162,1803,0,0.000000000,12.200,53,40,0
8,3,zero_drive,0,23.307772217,23.799923752,23.805799807,1803,0,0.000000000,12.200,52,40,0
8,3,zero_drive,0,23.307772217,23.806022987,23.811663237,1803,0,0.000000000,12.200,52,40,0
8,3,zero_drive,0,23.307772217,23.811887613,23.817683791,1803,0,0.000000000,12.200,53,40,0
8,3,zero_drive,0,23.307772217,23.817908227,23.823677014,1803,0,0.000000000,12.200,53,39,0
8,3,zero_drive,0,23.307772217,23.823906635,23.829803432,1803,0,0.000000000,12.200,52,39,0
8,3,zero_drive,0,23.307772217,23.830033749,23.835631636,1803,0,0.000000000,12.200,52,40,0
8,3,zero_drive,0,23.307772217,23.835863087,23.841617745,1803,0,0.000000000,12.200,52,40,0
8,3,zero_drive,0,23.307772217,23.841845280,23.847568785,1803,0,0.000000000,12.200,52,40,0
8,3,zero_drive,0,23.307772217,23.847787206,23.853609264,1803,0,0.000000000,12.200,52,40,0
8,3,zero_drive,0,23.307772217,23.853832319,23.859798187,1803,0,0.000000000,12.200,52,40,0
8,3,zero_drive,0,23.307772217,23.860027795,23.865702392,1803,0,0.000000000,12.200,52,40,0
8,3,zero_drive,0,23.307772217,23.865927260,23.871646706,1803,0,0.000000000,12.200,52,40,0
8,3,zero_drive,0,23.307772217,23.871862858,23.877478825,1803,0,0.000000000,12.200,52,40,0
8,3,zero_drive,0,23.307772217,23.877691978,23.883552624,1803,0,0.000000000,12.200,52,40,0
8,3,zero_drive,0,23.307772217,23.883761243,23.889707421,1803,0,0.000000000,12.200,52,40,0
8,3,zero_drive,0,23.307772217,23.889916296,23.895626295,1803,0,0.000000000,12.200,52,40,0
8,3,zero_drive,0,23.307772217,23.895835532,23.901653216,1803,0,0.000000000,12.200,52,40,0
8,3,zero_drive,0,23.307772217,23.901867960,23.907581409,1803,0,0.000000000,12.200,52,40,0
8,3,zero_drive,0,23.307772217,23.907796961,23.913677036,1803,0,0.000000000,12.200,52,40,0
8,3,zero_drive,0,23.307772217,23.913889270,23.919678947,1803,0,0.000000000,12.200,52,40,0
8,3,zero_drive,0,23.307772217,23.919890429,23.925620222,1803,0,0.000000000,12.200,52,40,0
8,3,zero_drive,0,23.307772217,23.925826528,23.931618267,1803,0,0.000000000,12.200,52,40,0
8,3,zero_drive,0,23.307772217,23.931824132,23.937572375,1803,0,0.000000000,12.200,52,40,0
8,3,zero_drive,0,23.307772217,23.937785771,23.943563782,1803,0,0.000000000,12.200,52,40,0
8,3,zero_drive,0,23.307772217,23.943767781,23.949466318,1803,0,0.000000000,12.200,52,40,0
8,3,zero_drive,0,23.307772217,23.949672062,23.955532370,1803,0,0.000000000,12.200,52,40,0
8,3,zero_drive,0,23.307772217,23.955744031,23.961664109,1803,0,0.000000000,12.200,52,40,0
8,3,zero_drive,0,23.307772217,23.961914842,23.967647648,1803,0,0.000000000,12.200,52,40,0
8,3,zero_drive,0,23.307772217,23.967980934,23.973600290,1803,0,0.000000000,12.200,53,40,0
8,3,zero_drive,0,23.307772217,23.973813599,23.979580488,1803,0,0.000000000,12.200,53,40,0
8,3,zero_drive,0,23.307772217,23.979786522,23.987171370,1803,0,0.000000000,12.200,52,40,0
8,3,zero_drive,0,23.307772217,23.987677841,23.991520636,1803,0,0.000000000,12.200,52,40,0
8,3,zero_drive,0,23.307772217,23.991729759,23.997715451,1803,0,0.000000000,12.200,52,40,0
8,3,zero_drive,0,23.307772217,23.997920900,24.003652145,1803,0,0.000000000,12.200,52,39,0
8,3,zero_drive,0,23.307772217,24.003864409,24.009489156,1803,0,0.000000000,12.200,52,39,0
8,3,zero_drive,0,23.307772217,24.009693201,24.015594433,1803,0,0.000000000,12.200,52,40,0
8,3,zero_drive,0,23.307772217,24.015804552,24.021543599,1803,0,0.000000000,12.200,52,40,0
8,3,zero_drive,0,23.307772217,24.021737884,24.027529443,1803,0,0.000000000,12.200,52,40,0
8,3,zero_drive,0,23.307772217,24.027738512,24.033480136,1803,0,0.000000000,12.200,52,40,0
8,3,zero_drive,0,23.307772217,24.033676865,24.040594856,1803,0,0.000000000,12.200,52,40,0
8,3,zero_drive,0,23.307772217,24.040858931,24.045688708,1803,0,0.000000000,12.200,52,40,0
8,3,zero_drive,0,23.307772217,24.045905388,24.051767722,1803,0,0.000000000,12.200,52,40,0
8,3,zero_drive,0,23.307772217,24.051979149,24.057662131,1803,0,0.000000000,12.200,52,40,0
8,3,zero_drive,0,23.307772217,24.057870466,24.063663211,1803,0,0.000000000,12.200,52,40,0
8,3,zero_drive,0,23.307772217,24.063876583,24.069694747,1803,0,0.000000000,12.200,52,40,0
8,3,zero_drive,0,23.307772217,24.069926086,24.075558079,1803,0,0.000000000,12.200,52,40,0
8,3,zero_drive,0,23.307772217,24.075778157,24.081925811,1803,0,0.000000000,12.200,52,40,0
8,3,zero_drive,0,23.307772217,24.082146952,24.087547276,1803,0,0.000000000,12.200,52,40,0
8,3,zero_drive,0,23.307772217,24.087761916,24.093694735,1803,0,0.000000000,12.200,53,40,0
8,3,zero_drive,0,23.307772217,24.093915669,24.099678650,1803,0,0.000000000,12.200,53,40,0
8,3,zero_drive,0,23.307772217,24.099890060,24.105549293,1803,0,0.000000000,12.200,53,40,0
8,3,zero_drive,0,23.307772217,24.105763792,24.111692606,1803,0,0.000000000,12.200,53,40,0
8,3,zero_drive,0,23.307772217,24.111903741,24.117522201,1803,0,0.000000000,12.200,52,40,0
8,3,zero_drive,0,23.307772217,24.117727878,24.123620891,1803,0,0.000000000,12.200,52,40,0
8,3,zero_drive,0,23.307772217,24.123833216,24.129702315,1803,0,0.000000000,12.200,52,40,0
8,3,zero_drive,0,23.307772217,24.129915907,24.135678331,1803,0,0.000000000,12.200,52,40,0
8,3,zero_drive,0,23.307772217,24.135924741,24.141583139,1803,0,0.000000000,12.200,52,40,0
8,3,zero_drive,0,23.307772217,24.141814395,24.147747775,1803,0,0.000000000,12.200,52,40,0
8,3,zero_drive,0,23.307772217,24.147961380,24.153555396,1803,0,0.000000000,12.200,52,40,0
8,3,zero_drive,0,23.307772217,24.153771322,24.159703180,1803,0,0.000000000,12.200,52,39,0
8,3,zero_drive,0,23.307772217,24.159920674,24.165529493,1803,0,0.000000000,12.200,53,39,0
8,3,zero_drive,0,23.307772217,24.165742414,24.171733774,1803,0,0.000000000,12.200,53,40,0
8,3,zero_drive,0,23.307772217,24.171943002,24.177716402,1803,0,0.000000000,12.200,52,40,0
8,3,zero_drive,0,23.307772217,24.177931921,24.183626527,1803,0,0.000000000,12.200,52,39,0
8,3,zero_drive,0,23.307772217,24.183833911,24.189505082,1803,0,0.000000000,12.200,52,39,0
8,3,zero_drive,0,23.307772217,24.189718031,24.195531137,1803,0,0.000000000,12.200,52,40,0
8,3,zero_drive,0,23.307772217,24.195747210,24.201914170,1803,0,0.000000000,12.200,53,40,0
8,3,zero_drive,0,23.307772217,24.202184316,24.207713895,1803,0,0.000000000,12.200,53,40,0
8,3,zero_drive,0,23.307772217,24.207927181,24.213527026,1803,0,0.000000000,12.200,53,40,0
8,3,zero_drive,0,23.307772217,24.213739081,24.219718559,1803,0,0.000000000,12.200,53,40,0
8,3,zero_drive,0,23.307772217,24.219934881,24.225735821,1803,0,0.000000000,12.200,53,40,0
8,3,zero_drive,0,23.307772217,24.225952616,24.231711771,1803,0,0.000000000,12.200,53,40,0
8,3,zero_drive,0,23.307772217,24.231925774,24.237733322,1803,0,0.000000000,12.200,52,40,0
8,3,zero_drive,0,23.307772217,24.237977890,24.243500435,1803,0,0.000000000,12.200,52,40,0
8,3,zero_drive,0,23.307772217,24.243715341,24.249553146,1803,0,0.000000000,12.200,52,40,0
8,3,zero_drive,0,23.307772217,24.249760161,24.255616060,1803,0,0.000000000,12.200,52,40,0
8,3,zero_drive,0,23.307772217,24.255826891,24.261557014,1803,0,0.000000000,12.200,52,40,0
8,3,zero_drive,0,23.307772217,24.261766457,24.267557691,1803,0,0.000000000,12.200,52,40,0
8,3,zero_drive,0,23.307772217,24.267765713,24.273596246,1803,0,0.000000000,12.200,52,40,0
8,4,pulse,200,24.285726047,24.291491121,24.297723867,1803,0,0.000000000,12.200,52,40,0
8,4,pulse,200,24.285726047,24.297933511,24.303676076,1803,0,0.000000000,12.200,52,82,0
8,4,pulse,200,24.285726047,24.303887553,24.309596710,1805,50,0.076699039,12.200,53,82,0
8,4,pulse,200,24.285726047,24.309817722,24.315640240,1806,50,0.076699039,12.200,53,90,0
8,4,pulse,200,24.285726047,24.315855840,24.321590814,1809,250,0.383495197,12.200,52,90,0
8,4,pulse,200,24.285726047,24.321800455,24.327478055,1811,250,0.383495197,12.200,52,86,0
8,4,pulse,200,24.285726047,24.327688882,24.333606762,1814,400,0.613592315,12.200,53,86,0
8,4,pulse,200,24.285726047,24.333813320,24.339712474,1817,400,0.613592315,12.200,53,82,0
8,4,pulse,200,24.285726047,24.339923950,24.345565108,1820,450,0.690291355,12.200,52,82,0
8,4,pulse,200,24.285726047,24.345775604,24.351774755,1823,450,0.690291355,12.200,52,76,0
8,4,pulse,200,24.285726047,24.351987897,24.357561495,1826,500,0.766990394,12.200,53,76,0
8,4,pulse,200,24.285726047,24.357780024,24.363764108,1829,500,0.766990394,12.200,53,70,0
8,4,pulse,200,24.285726047,24.363977395,24.369553175,1832,550,0.843689433,12.200,52,70,0
8,4,pulse,200,24.285726047,24.369771256,24.375572425,1835,550,0.843689433,12.200,52,68,0
8,4,pulse,200,24.285726047,24.375789414,24.381721825,1839,500,0.766990394,12.200,52,68,0
8,4,pulse,200,24.285726047,24.381934980,24.387609863,1842,500,0.766990394,12.200,52,67,0
8,4,pulse,200,24.285726047,24.387821454,24.393623890,1845,550,0.843689433,12.200,53,67,0
8,4,pulse,200,24.285726047,24.393840854,24.399597042,1849,550,0.843689433,12.200,53,67,0
8,4,pulse,200,24.285726047,24.399803425,24.405584129,1852,550,0.843689433,12.200,52,67,0
8,4,pulse,200,24.285726047,24.405796124,24.411468980,1855,550,0.843689433,12.200,52,65,0
8,4,pulse,200,24.285726047,24.411683780,24.417619298,1859,550,0.843689433,12.200,53,65,0
8,4,pulse,200,24.285726047,24.417836460,24.423546967,1862,550,0.843689433,12.200,53,65,0
8,4,pulse,200,24.285726047,24.423762357,24.429691530,1865,550,0.843689433,12.200,52,65,0
8,4,pulse,200,24.285726047,24.429916625,24.435453516,1869,550,0.843689433,12.200,52,63,0
8,4,pulse,200,24.285726047,24.435664670,24.441508884,1872,550,0.843689433,12.200,52,63,0
8,4,zero_drive,0,24.285726047,24.453340010,24.459463892,1882,550,0.843689433,12.200,53,52,0
8,4,zero_drive,0,24.285726047,24.459681524,24.465619199,1884,500,0.766990394,12.200,52,52,0
8,4,zero_drive,0,24.285726047,24.465830830,24.471721555,1885,500,0.766990394,12.200,52,46,0
8,4,zero_drive,0,24.285726047,24.471930795,24.477721835,1886,250,0.383495197,12.200,52,46,0
8,4,zero_drive,0,24.285726047,24.477932272,24.483613602,1887,250,0.383495197,12.200,52,43,0
8,4,zero_drive,0,24.285726047,24.483821835,24.489463990,1887,100,0.153398079,12.200,53,43,0
8,4,zero_drive,0,24.285726047,24.489685183,24.495464329,1887,100,0.153398079,12.200,53,41,0
8,4,zero_drive,0,24.285726047,24.495674896,24.501675999,1887,0,0.000000000,12.200,52,41,0
8,4,zero_drive,0,24.285726047,24.501886325,24.507633131,1887,0,0.000000000,12.200,52,41,0
8,4,zero_drive,0,24.285726047,24.507875302,24.513625693,1887,0,0.000000000,12.200,52,41,0
8,4,zero_drive,0,24.285726047,24.513839121,24.519493896,1887,0,0.000000000,12.200,52,40,0
8,4,zero_drive,0,24.285726047,24.519718459,24.525630314,1887,0,0.000000000,12.200,52,40,0
8,4,zero_drive,0,24.285726047,24.525845515,24.531609674,1887,0,0.000000000,12.200,52,40,0
8,4,zero_drive,0,24.285726047,24.531817862,24.537623110,1887,0,0.000000000,12.200,53,40,0
8,4,zero_drive,0,24.285726047,24.537832922,24.543558855,1887,0,0.000000000,12.200,53,40,0
8,4,zero_drive,0,24.285726047,24.543812000,24.549497438,1887,0,0.000000000,12.200,52,40,0
8,4,zero_drive,0,24.285726047,24.549706676,24.555498448,1887,0,0.000000000,12.200,52,40,0
8,4,zero_drive,0,24.285726047,24.555712849,24.561683176,1887,0,0.000000000,12.200,52,40,0
8,4,zero_drive,0,24.285726047,24.561896945,24.567990431,1887,0,0.000000000,12.200,52,40,0
8,4,zero_drive,0,24.285726047,24.568284175,24.573598880,1887,0,0.000000000,12.200,52,40,0
8,4,zero_drive,0,24.285726047,24.573814585,24.579725731,1887,0,0.000000000,12.200,52,40,0
8,4,zero_drive,0,24.285726047,24.579940065,24.585734328,1887,0,0.000000000,12.200,52,40,0
8,4,zero_drive,0,24.285726047,24.585953151,24.591645877,1887,0,0.000000000,12.200,52,40,0
8,4,zero_drive,0,24.285726047,24.591861090,24.597565240,1887,0,0.000000000,12.200,52,40,0
8,4,zero_drive,0,24.285726047,24.597774972,24.603573996,1887,0,0.000000000,12.200,52,40,0
8,4,zero_drive,0,24.285726047,24.603836879,24.609609518,1887,0,0.000000000,12.200,52,40,0
8,4,zero_drive,0,24.285726047,24.609827378,24.615497035,1887,0,0.000000000,12.200,52,40,0
8,4,zero_drive,0,24.285726047,24.615712150,24.621548965,1887,0,0.000000000,12.200,52,40,0
8,4,zero_drive,0,24.285726047,24.621760091,24.627696583,1887,0,0.000000000,12.200,52,40,0
8,4,zero_drive,0,24.285726047,24.627910827,24.633447056,1887,0,0.000000000,12.200,53,40,0
8,4,zero_drive,0,24.285726047,24.633652524,24.639523678,1887,0,0.000000000,12.200,53,40,0
8,4,zero_drive,0,24.285726047,24.639738053,24.645445167,1887,0,0.000000000,12.200,53,40,0
8,4,zero_drive,0,24.285726047,24.645660111,24.651693312,1887,0,0.000000000,12.200,53,40,0
8,4,zero_drive,0,24.285726047,24.651904915,24.657635586,1887,0,0.000000000,12.200,52,40,0
8,4,zero_drive,0,24.285726047,24.657847485,24.663546672,1887,0,0.000000000,12.200,52,40,0
8,4,zero_drive,0,24.285726047,24.663758528,24.669483917,1887,0,0.000000000,12.200,52,40,0
8,4,zero_drive,0,24.285726047,24.669752039,24.675701044,1887,0,0.000000000,12.200,52,40,0
8,4,zero_drive,0,24.285726047,24.675947019,24.681692860,1887,0,0.000000000,12.200,53,40,0
8,4,zero_drive,0,24.285726047,24.681948829,24.687475254,1887,0,0.000000000,12.200,53,40,0
8,4,zero_drive,0,24.285726047,24.687693185,24.693439422,1887,0,0.000000000,12.200,53,40,0
8,4,zero_drive,0,24.285726047,24.693654817,24.699618995,1887,0,0.000000000,12.200,53,40,0
8,4,zero_drive,0,24.285726047,24.699833067,24.705559311,1887,0,0.000000000,12.200,52,40,0
8,4,zero_drive,0,24.285726047,24.705795024,24.711461538,1887,0,0.000000000,12.200,52,40,0
8,4,zero_drive,0,24.285726047,24.711699919,24.717681761,1887,0,0.000000000,12.200,53,40,0
8,4,zero_drive,0,24.285726047,24.717891207,24.723727247,1887,0,0.000000000,12.200,53,40,0
8,4,zero_drive,0,24.285726047,24.723938788,24.729718828,1887,0,0.000000000,12.200,53,40,0
8,4,zero_drive,0,24.285726047,24.729933082,24.735436298,1887,0,0.000000000,12.200,53,40,0
8,4,zero_drive,0,24.285726047,24.735656235,24.741621624,1887,0,0.000000000,12.200,52,40,0
8,4,zero_drive,0,24.285726047,24.741833477,24.747487424,1887,0,0.000000000,12.200,52,40,0
8,4,zero_drive,0,24.285726047,24.747699575,24.753622180,1887,0,0.000000000,12.200,52,40,0
8,4,zero_drive,0,24.285726047,24.753835113,24.759628635,1887,0,0.000000000,12.200,52,40,0
8,4,zero_drive,0,24.285726047,24.759844770,24.765545636,1887,0,0.000000000,12.200,53,40,0
8,4,zero_drive,0,24.285726047,24.765755323,24.771527219,1887,0,0.000000000,12.200,53,40,0
8,4,zero_drive,0,24.285726047,24.771740815,24.777629948,1887,0,0.000000000,12.200,52,40,0
8,4,zero_drive,0,24.285726047,24.777848752,24.783418770,1887,0,0.000000000,12.200,52,40,0
8,4,zero_drive,0,24.285726047,24.783636852,24.789599364,1887,0,0.000000000,12.200,53,40,0
8,4,zero_drive,0,24.285726047,24.789809454,24.795593369,1887,0,0.000000000,12.200,53,40,0
8,4,zero_drive,0,24.285726047,24.795807143,24.801640426,1887,0,0.000000000,12.200,53,40,0
8,4,zero_drive,0,24.285726047,24.801851944,24.807547609,1887,0,0.000000000,12.200,53,40,0
8,4,zero_drive,0,24.285726047,24.807758369,24.813702157,1887,0,0.000000000,12.200,53,40,0
8,4,zero_drive,0,24.285726047,24.813953678,24.819594557,1887,0,0.000000000,12.200,53,40,0
8,4,zero_drive,0,24.285726047,24.819810926,24.825607267,1887,0,0.000000000,12.200,52,40,0
8,4,zero_drive,0,24.285726047,24.825822509,24.831473322,1887,0,0.000000000,12.200,52,40,0
8,4,zero_drive,0,24.285726047,24.831711518,24.837448994,1887,0,0.000000000,12.200,53,40,0
8,4,zero_drive,0,24.285726047,24.837657980,24.843598848,1887,0,0.000000000,12.200,53,40,0
8,4,zero_drive,0,24.285726047,24.843870351,24.849550372,1887,0,0.000000000,12.200,53,40,0
8,4,zero_drive,0,24.285726047,24.849760287,24.855581386,1887,0,0.000000000,12.200,53,40,0
8,4,zero_drive,0,24.285726047,24.855793433,24.861602335,1887,0,0.000000000,12.200,53,40,0
8,4,zero_drive,0,24.285726047,24.861816574,24.867675202,1887,0,0.000000000,12.200,53,40,0
8,4,zero_drive,0,24.285726047,24.867888838,24.873819306,1887,0,0.000000000,12.200,53,40,0
8,4,zero_drive,0,24.285726047,24.874093584,24.879720519,1887,0,0.000000000,12.200,53,40,0
8,4,zero_drive,0,24.285726047,24.879951769,24.885436757,1887,0,0.000000000,12.200,52,40,0
8,4,zero_drive,0,24.285726047,24.885663219,24.891622324,1887,0,0.000000000,12.200,52,40,0
8,4,zero_drive,0,24.285726047,24.891839984,24.897656348,1887,0,0.000000000,12.200,52,40,0
8,4,zero_drive,0,24.285726047,24.897875967,24.903555915,1887,0,0.000000000,12.200,52,40,0
8,4,zero_drive,0,24.285726047,24.903778027,24.909666212,1887,0,0.000000000,12.200,52,40,0
8,4,zero_drive,0,24.285726047,24.909879368,24.915538556,1887,0,0.000000000,12.200,52,40,0
8,4,zero_drive,0,24.285726047,24.915753904,24.921453725,1887,0,0.000000000,12.200,52,40,0
8,4,zero_drive,0,24.285726047,24.921665860,24.927600723,1887,0,0.000000000,12.200,52,40,0
8,4,zero_drive,0,24.285726047,24.927814535,24.933472744,1887,0,0.000000000,12.200,52,40,0
8,4,zero_drive,0,24.285726047,24.933682547,24.939598004,1887,0,0.000000000,12.200,52,40,0
8,4,zero_drive,0,24.285726047,24.939809040,24.945644934,1887,0,0.000000000,12.200,52,40,0
8,4,zero_drive,0,24.285726047,24.945856972,24.951484755,1887,0,0.000000000,12.200,52,40,0
8,4,zero_drive,0,24.285726047,24.951700070,24.957629227,1887,0,0.000000000,12.200,53,40,0
8,4,zero_drive,0,24.285726047,24.957852562,24.963497733,1887,0,0.000000000,12.200,53,40,0
8,4,zero_drive,0,24.285726047,24.963717536,24.969534258,1887,0,0.000000000,12.200,53,40,0
8,4,zero_drive,0,24.285726047,24.969751219,24.975448914,1887,0,0.000000000,12.200,53,40,0
8,4,zero_drive,0,24.285726047,24.975660995,24.981578053,1887,0,0.000000000,12.200,53,40,0
8,4,zero_drive,0,24.285726047,24.981800555,24.987474203,1887,0,0.000000000,12.200,53,40,0
8,4,zero_drive,0,24.285726047,24.987692103,24.993694473,1887,0,0.000000000,12.200,52,40,0
8,4,zero_drive,0,24.285726047,24.993913827,24.999397817,1887,0,0.000000000,12.200,52,40,0
8,4,zero_drive,0,24.285726047,24.999626699,25.005584154,1887,0,0.000000000,12.200,53,40,0
8,4,zero_drive,0,24.285726047,25.005797169,25.011436740,1887,0,0.000000000,12.200,53,40,0
8,4,zero_drive,0,24.285726047,25.011649500,25.017582297,1887,0,0.000000000,12.200,52,40,0
8,4,zero_drive,0,24.285726047,25.017793992,25.023516273,1887,0,0.000000000,12.200,52,40,0
8,4,zero_drive,0,24.285726047,25.023745158,25.029609763,1887,0,0.000000000,12.200,52,40,0
8,4,zero_drive,0,24.285726047,25.029826852,25.035496982,1887,0,0.000000000,12.200,52,40,0
8,4,zero_drive,0,24.285726047,25.035713510,25.041549740,1887,0,0.000000000,12.200,53,40,0
8,4,zero_drive,0,24.285726047,25.041765851,25.047515581,1887,0,0.000000000,12.200,53,40,0
8,4,zero_drive,0,24.285726047,25.047729412,25.053643744,1887,0,0.000000000,12.200,52,40,0
8,4,zero_drive,0,24.285726047,25.053857025,25.059489904,1887,0,0.000000000,12.200,52,40,0
8,4,zero_drive,0,24.285726047,25.059709183,25.065396055,1887,0,0.000000000,12.200,52,40,0
8,4,zero_drive,0,24.285726047,25.065611565,25.071721982,1887,0,0.000000000,12.200,52,40,0
8,4,zero_drive,0,24.285726047,25.071937269,25.077478501,1887,0,0.000000000,12.200,52,40,0
8,4,zero_drive,0,24.285726047,25.077689428,25.083590858,1887,0,0.000000000,12.200,52,40,0
8,4,zero_drive,0,24.285726047,25.083802532,25.089464774,1887,0,0.000000000,12.200,53,40,0
8,4,zero_drive,0,24.285726047,25.089709184,25.095413159,1887,0,0.000000000,12.200,53,40,0
8,4,zero_drive,0,24.285726047,25.095618684,25.101671080,1887,0,0.000000000,12.200,52,40,0
8,4,zero_drive,0,24.285726047,25.101884426,25.107535335,1887,0,0.000000000,12.200,52,40,0
8,4,zero_drive,0,24.285726047,25.107741899,25.113422010,1887,0,0.000000000,12.200,52,40,0
8,4,zero_drive,0,24.285726047,25.113626723,25.119561559,1887,0,0.000000000,12.200,52,40,0
8,4,zero_drive,0,24.285726047,25.119774203,25.125414815,1887,0,0.000000000,12.200,52,40,0
8,4,zero_drive,0,24.285726047,25.125618457,25.131392638,1887,0,0.000000000,12.200,52,40,0
8,4,zero_drive,0,24.285726047,25.131597730,25.137567219,1887,0,0.000000000,12.200,52,40,0
8,4,zero_drive,0,24.285726047,25.137782026,25.143498486,1887,0,0.000000000,12.200,52,40,0
8,4,zero_drive,0,24.285726047,25.143699696,25.149393425,1887,0,0.000000000,12.200,53,40,0
8,4,zero_drive,0,24.285726047,25.149592079,25.155512202,1887,0,0.000000000,12.200,53,40,0
8,4,zero_drive,0,24.285726047,25.155715339,25.161317076,1887,0,0.000000000,12.200,52,40,0
8,4,zero_drive,0,24.285726047,25.161517975,25.167687736,1887,0,0.000000000,12.200,52,40,0
8,4,zero_drive,0,24.285726047,25.168047774,25.173392702,1887,0,0.000000000,12.200,52,40,0
8,4,zero_drive,0,24.285726047,25.173595878,25.179496562,1887,0,0.000000000,12.200,52,40,0
8,4,zero_drive,0,24.285726047,25.179702377,25.185386983,1887,0,0.000000000,12.200,53,40,0
8,4,zero_drive,0,24.285726047,25.185618227,25.191436994,1887,0,0.000000000,12.200,53,40,0
8,4,zero_drive,0,24.285726047,25.191635895,25.197333231,1887,0,0.000000000,12.200,53,40,0
8,4,zero_drive,0,24.285726047,25.197532023,25.203401319,1887,0,0.000000000,12.200,53,40,0
8,4,zero_drive,0,24.285726047,25.203609114,25.209354888,1887,0,0.000000000,12.200,52,40,0
8,4,zero_drive,0,24.285726047,25.209554926,25.215505012,1887,0,0.000000000,12.200,52,40,0
8,4,zero_drive,0,24.285726047,25.215700376,25.221405139,1887,0,0.000000000,12.200,52,40,0
8,4,zero_drive,0,24.285726047,25.221607452,25.227459412,1887,0,0.000000000,12.200,52,40,0
8,4,zero_drive,0,24.285726047,25.227664997,25.233399540,1887,0,0.000000000,12.200,52,40,0
8,4,zero_drive,0,24.285726047,25.233603069,25.239599213,1887,0,0.000000000,12.200,52,40,0
8,4,zero_drive,0,24.285726047,25.239830040,25.245532437,1887,0,0.000000000,12.200,52,40,0
8,4,zero_drive,0,24.285726047,25.245748117,25.251559771,1887,0,0.000000000,12.200,52,40,0
8,4,zero_drive,0,24.285726047,25.251773448,25.257575527,1887,0,0.000000000,12.200,53,40,0
9,0,pulse,25,25.359706586,25.365447378,25.371654423,1764,0,0.000000000,12.200,53,34,0
9,0,pulse,25,25.359706586,25.371874199,25.377931531,1764,0,0.000000000,12.200,53,38,0
9,0,pulse,25,25.359706586,25.378618758,25.383478605,1764,0,0.000000000,12.200,53,38,0
9,0,pulse,25,25.359706586,25.383690249,25.389532475,1764,0,0.000000000,12.200,53,38,0
9,0,pulse,25,25.359706586,25.389747958,25.395496044,1764,0,0.000000000,12.200,53,42,0
9,0,pulse,25,25.359706586,25.395709450,25.402092733,1764,0,0.000000000,12.200,53,42,0
9,0,pulse,25,25.359706586,25.402549996,25.407760188,1764,0,0.000000000,12.200,53,43,0
9,0,pulse,25,25.359706586,25.407990550,25.413700775,1764,0,0.000000000,12.200,53,43,0
9,0,pulse,25,25.359706586,25.413911963,25.419572272,1764,0,0.000000000,12.200,53,43,0
9,0,pulse,25,25.359706586,25.419787973,25.425498283,1764,0,0.000000000,12.200,53,43,0
9,0,pulse,25,25.359706586,25.425713163,25.431576847,1764,0,0.000000000,12.200,53,43,0
9,0,pulse,25,25.359706586,25.431790175,25.437453462,1764,0,0.000000000,12.200,53,43,0
9,0,pulse,25,25.359706586,25.437666904,25.443609483,1764,0,0.000000000,12.200,53,44,0
9,0,pulse,25,25.359706586,25.443823249,25.449533898,1764,0,0.000000000,12.200,53,44,0
9,0,pulse,25,25.359706586,25.449745348,25.455608579,1764,0,0.000000000,12.200,53,44,0
9,0,pulse,25,25.359706586,25.455818382,25.461661558,1764,0,0.000000000,12.200,53,44,0
9,0,pulse,25,25.359706586,25.461882663,25.467403809,1764,0,0.000000000,12.200,53,44,0
9,0,pulse,25,25.359706586,25.467606208,25.473631760,1764,0,0.000000000,12.200,53,44,0
9,0,pulse,25,25.359706586,25.473877323,25.479362108,1764,0,0.000000000,12.200,53,44,0
9,0,pulse,25,25.359706586,25.479575965,25.485644099,1764,0,0.000000000,12.200,53,44,0
9,0,pulse,25,25.359706586,25.485875062,25.491595743,1764,0,0.000000000,12.200,53,44,0
9,0,pulse,25,25.359706586,25.491812139,25.497656365,1764,0,0.000000000,12.200,53,44,0
9,0,pulse,25,25.359706586,25.497870484,25.503360808,1764,0,0.000000000,12.200,53,44,0
9,0,pulse,25,25.359706586,25.503576726,25.509562853,1764,0,0.000000000,12.200,53,44,0
9,0,zero_drive,0,25.359706586,25.521365233,25.527631834,1764,0,0.000000000,12.200,53,41,0
9,0,zero_drive,0,25.359706586,25.527843811,25.533385762,1764,0,0.000000000,12.200,53,39,0
9,0,zero_drive,0,25.359706586,25.533591419,25.539445483,1764,0,0.000000000,12.200,53,39,0
9,0,zero_drive,0,25.359706586,25.539660343,25.545573816,1764,0,0.000000000,12.200,53,39,0
9,0,zero_drive,0,25.359706586,25.545785089,25.551443981,1764,0,0.000000000,12.200,53,38,0
9,0,zero_drive,0,25.359706586,25.551661988,25.557507064,1764,0,0.000000000,12.200,53,38,0
9,0,zero_drive,0,25.359706586,25.557765647,25.563567923,1764,0,0.000000000,12.200,53,37,0
9,0,zero_drive,0,25.359706586,25.563780718,25.569533498,1764,0,0.000000000,12.200,53,37,0
9,0,zero_drive,0,25.359706586,25.569749132,25.575589290,1764,0,0.000000000,12.200,53,37,0
9,0,zero_drive,0,25.359706586,25.575828904,25.581508099,1764,0,0.000000000,12.200,53,37,0
9,0,zero_drive,0,25.359706586,25.581722690,25.587473410,1764,0,0.000000000,12.200,53,37,0
9,0,zero_drive,0,25.359706586,25.587683213,25.593540083,1764,0,0.000000000,12.200,53,37,0
9,0,zero_drive,0,25.359706586,25.593755049,25.599447637,1764,0,0.000000000,12.200,53,37,0
9,0,zero_drive,0,25.359706586,25.599653394,25.605392645,1764,0,0.000000000,12.200,53,37,0
9,0,zero_drive,0,25.359706586,25.605606251,25.611446169,1764,0,0.000000000,12.200,53,37,0
9,0,zero_drive,0,25.359706586,25.611658750,25.617589273,1764,0,0.000000000,12.200,53,37,0
9,0,zero_drive,0,25.359706586,25.617847105,25.623496071,1764,0,0.000000000,12.200,53,37,0
9,0,zero_drive,0,25.359706586,25.623715354,25.629383398,1764,0,0.000000000,12.200,53,37,0
9,0,zero_drive,0,25.359706586,25.629597233,25.635392618,1764,0,0.000000000,12.200,53,38,0
9,0,zero_drive,0,25.359706586,25.635602141,25.641774682,1764,0,0.000000000,12.200,53,38,0
9,0,zero_drive,0,25.359706586,25.642044482,25.647457710,1764,0,0.000000000,12.200,53,37,0
9,0,zero_drive,0,25.359706586,25.647672409,25.653438585,1764,0,0.000000000,12.200,53,37,0
9,0,zero_drive,0,25.359706586,25.653653738,25.659364772,1764,0,0.000000000,12.200,53,36,0
9,0,zero_drive,0,25.359706586,25.659580782,25.665485863,1764,0,0.000000000,12.200,53,36,0
9,0,zero_drive,0,25.359706586,25.665802668,25.671556288,1764,0,0.000000000,12.200,53,37,0
9,0,zero_drive,0,25.359706586,25.671775564,25.677675732,1764,0,0.000000000,12.200,53,37,0
9,0,zero_drive,0,25.359706586,25.677927130,25.683418220,1764,0,0.000000000,12.200,53,36,0
9,0,zero_drive,0,25.359706586,25.683624935,25.689462680,1764,0,0.000000000,12.200,53,36,0
9,0,zero_drive,0,25.359706586,25.689679682,25.695547632,1764,0,0.000000000,12.200,53,37,0
9,0,zero_drive,0,25.359706586,25.695761266,25.701418495,1764,0,0.000000000,12.200,53,37,0
9,0,zero_drive,0,25.359706586,25.701697412,25.707454453,1764,0,0.000000000,12.200,53,37,0
9,0,zero_drive,0,25.359706586,25.707729143,25.713477423,1764,0,0.000000000,12.200,53,37,0
9,0,zero_drive,0,25.359706586,25.713696873,25.719444718,1764,0,0.000000000,12.200,53,37,0
9,0,zero_drive,0,25.359706586,25.719664627,25.725464790,1764,0,0.000000000,12.200,53,37,0
9,0,zero_drive,0,25.359706586,25.725676557,25.731333901,1764,0,0.000000000,12.200,53,37,0
9,0,zero_drive,0,25.359706586,25.731544208,25.737431561,1764,0,0.000000000,12.200,53,37,0
9,0,zero_drive,0,25.359706586,25.737647588,25.743389427,1764,0,0.000000000,12.200,53,37,0
9,0,zero_drive,0,25.359706586,25.743603521,25.749512537,1764,0,0.000000000,12.200,53,37,0
9,0,zero_drive,0,25.359706586,25.749718208,25.755507534,1764,0,0.000000000,12.200,53,37,0
9,0,zero_drive,0,25.359706586,25.755719796,25.761382534,1764,0,0.000000000,12.200,53,37,0
9,0,zero_drive,0,25.359706586,25.761616451,25.767394975,1764,0,0.000000000,12.200,53,37,0
9,0,zero_drive,0,25.359706586,25.767602218,25.773502553,1764,0,0.000000000,12.200,53,37,0
9,0,zero_drive,0,25.359706586,25.773734098,25.779475925,1764,0,0.000000000,12.200,53,36,0
9,0,zero_drive,0,25.359706586,25.779693833,25.785485856,1764,0,0.000000000,12.200,53,36,0
9,0,zero_drive,0,25.359706586,25.785703778,25.791362976,1764,0,0.000000000,12.200,53,37,0
9,0,zero_drive,0,25.359706586,25.791576772,25.797613488,1764,0,0.000000000,12.200,53,37,0
9,0,zero_drive,0,25.359706586,25.797835538,25.803430752,1764,0,0.000000000,12.200,53,37,0
9,0,zero_drive,0,25.359706586,25.803647059,25.809516396,1764,0,0.000000000,12.200,53,37,0
9,0,zero_drive,0,25.359706586,25.809732751,25.815434527,1764,0,0.000000000,12.200,53,37,0
9,0,zero_drive,0,25.359706586,25.815644638,25.821541850,1764,0,0.000000000,12.200,53,37,0
9,0,zero_drive,0,25.359706586,25.821756367,25.827462054,1764,0,0.000000000,12.200,53,36,0
9,0,zero_drive,0,25.359706586,25.827677616,25.833455457,1764,0,0.000000000,12.200,53,36,0
9,0,zero_drive,0,25.359706586,25.833661532,25.839582662,1764,0,0.000000000,12.200,53,37,0
9,0,zero_drive,0,25.359706586,25.839797903,25.845562900,1764,0,0.000000000,12.200,53,36,0
9,0,zero_drive,0,25.359706586,25.845777208,25.851629914,1764,0,0.000000000,12.200,53,36,0
9,0,zero_drive,0,25.359706586,25.851842982,25.857651359,1764,0,0.000000000,12.200,53,37,0
9,0,zero_drive,0,25.359706586,25.857879584,25.863373415,1764,0,0.000000000,12.200,53,37,0
9,0,zero_drive,0,25.359706586,25.863593337,25.869396966,1764,0,0.000000000,12.200,53,37,0
9,0,zero_drive,0,25.359706586,25.869613843,25.875526081,1764,0,0.000000000,12.200,53,37,0
9,0,zero_drive,0,25.359706586,25.875740798,25.881531238,1764,0,0.000000000,12.200,53,37,0
9,0,zero_drive,0,25.359706586,25.881750757,25.887552227,1764,0,0.000000000,12.200,53,37,0
9,0,zero_drive,0,25.359706586,25.887766464,25.893330706,1764,0,0.000000000,12.200,53,37,0
9,0,zero_drive,0,25.359706586,25.893547178,25.899306986,1764,0,0.000000000,12.200,53,37,0
9,0,zero_drive,0,25.359706586,25.899517673,25.905483436,1764,0,0.000000000,12.200,53,37,0
9,0,zero_drive,0,25.359706586,25.905701357,25.911530908,1764,0,0.000000000,12.200,53,37,0
9,0,zero_drive,0,25.359706586,25.911746422,25.917475963,1764,0,0.000000000,12.200,53,37,0
9,0,zero_drive,0,25.359706586,25.917690745,25.923544652,1764,0,0.000000000,12.200,53,36,0
9,0,zero_drive,0,25.359706586,25.923755033,25.929520517,1764,0,0.000000000,12.200,53,36,0
9,0,zero_drive,0,25.359706586,25.929738260,25.935364172,1764,0,0.000000000,12.200,53,37,0
9,0,zero_drive,0,25.359706586,25.935633623,25.941478409,1764,0,0.000000000,12.200,53,37,0
9,0,zero_drive,0,25.359706586,25.941700987,25.947403017,1764,0,0.000000000,12.200,53,37,0
9,0,zero_drive,0,25.359706586,25.947621275,25.953524596,1764,0,0.000000000,12.200,53,37,0
9,0,zero_drive,0,25.359706586,25.953738460,25.959624663,1764,0,0.000000000,12.200,53,37,0
9,0,zero_drive,0,25.359706586,25.959839236,25.965324343,1764,0,0.000000000,12.200,53,37,0
9,0,zero_drive,0,25.359706586,25.965533107,25.971459118,1764,0,0.000000000,12.200,53,37,0
9,0,zero_drive,0,25.359706586,25.971673230,25.977746812,1764,0,0.000000000,12.200,53,37,0
9,0,zero_drive,0,25.359706586,25.977962463,25.983413768,1764,0,0.000000000,12.200,53,36,0
9,0,zero_drive,0,25.359706586,25.983621152,25.989357221,1764,0,0.000000000,12.200,53,36,0
9,0,zero_drive,0,25.359706586,25.989572735,25.995385785,1764,0,0.000000000,12.200,53,36,0
9,0,zero_drive,0,25.359706586,25.995599209,26.001534110,1764,0,0.000000000,12.200,53,36,0
9,0,zero_drive,0,25.359706586,26.001749912,26.007557797,1764,0,0.000000000,12.200,53,37,0
9,0,zero_drive,0,25.359706586,26.007812532,26.013454757,1764,0,0.000000000,12.200,53,36,0
9,0,zero_drive,0,25.359706586,26.013673702,26.019532907,1764,0,0.000000000,12.200,53,36,0
9,0,zero_drive,0,25.359706586,26.019759323,26.025410456,1764,0,0.000000000,12.200,53,36,0
9,0,zero_drive,0,25.359706586,26.025626172,26.031466583,1764,0,0.000000000,12.200,53,37,0
9,0,zero_drive,0,25.359706586,26.031720412,26.037392888,1764,0,0.000000000,12.200,53,37,0
9,0,zero_drive,0,25.359706586,26.037609195,26.043472122,1764,0,0.000000000,12.200,53,37,0
9,0,zero_drive,0,25.359706586,26.043689279,26.049420358,1764,0,0.000000000,12.200,53,37,0
9,0,zero_drive,0,25.359706586,26.049632217,26.055466059,1764,0,0.000000000,12.200,53,37,0
9,0,zero_drive,0,25.359706586,26.055679572,26.061358042,1764,0,0.000000000,12.200,53,37,0
9,0,zero_drive,0,25.359706586,26.061575288,26.067638460,1764,0,0.000000000,12.200,53,37,0
9,0,zero_drive,0,25.359706586,26.068008682,26.073505447,1764,0,0.000000000,12.200,53,37,0
9,0,zero_drive,0,25.359706586,26.073723843,26.079390322,1764,0,0.000000000,12.200,53,37,0
9,0,zero_drive,0,25.359706586,26.079605053,26.085555570,1764,0,0.000000000,12.200,53,37,0
9,0,zero_drive,0,25.359706586,26.085878202,26.091303768,1764,0,0.000000000,12.200,53,37,0
9,0,zero_drive,0,25.359706586,26.091517787,26.097594413,1764,0,0.000000000,12.200,53,37,0
9,0,zero_drive,0,25.359706586,26.097808452,26.103580570,1764,0,0.000000000,12.200,53,37,0
9,0,zero_drive,0,25.359706586,26.103796190,26.109355802,1764,0,0.000000000,12.200,53,37,0
9,0,zero_drive,0,25.359706586,26.109575806,26.115465668,1764,0,0.000000000,12.200,53,37,0
9,0,zero_drive,0,25.359706586,26.115681488,26.121329965,1764,0,0.000000000,12.200,53,37,0
9,0,zero_drive,0,25.359706586,26.121544487,26.127381025,1764,0,0.000000000,12.200,53,37,0
9,0,zero_drive,0,25.359706586,26.127596149,26.133363376,1764,0,0.000000000,12.200,53,37,0
9,0,zero_drive,0,25.359706586,26.133575616,26.139629397,1764,0,0.000000000,12.200,53,38,0
9,0,zero_drive,0,25.359706586,26.139842716,26.145320258,1764,0,0.000000000,12.200,53,37,0
9,0,zero_drive,0,25.359706586,26.145532344,26.151541230,1764,0,0.000000000,12.200,53,37,0
9,0,zero_drive,0,25.359706586,26.151765651,26.157436041,1764,0,0.000000000,12.200,53,37,0
9,0,zero_drive,0,25.359706586,26.157648730,26.163521028,1764,0,0.000000000,12.200,53,37,0
9,0,zero_drive,0,25.359706586,26.163742671,26.169743612,1764,0,0.000000000,12.200,53,37,0
9,0,zero_drive,0,25.359706586,26.169966078,26.175660251,1764,0,0.000000000,12.200,53,37,0
9,0,zero_drive,0,25.359706586,26.175940728,26.181401036,1764,0,0.000000000,12.200,53,37,0
9,0,zero_drive,0,25.359706586,26.181614820,26.187437901,1764,0,0.000000000,12.200,53,37,0
9,0,zero_drive,0,25.359706586,26.187659639,26.193346296,1764,0,0.000000000,12.200,53,37,0
9,0,zero_drive,0,25.359706586,26.193562501,26.199474677,1764,0,0.000000000,12.200,53,37,0
9,0,zero_drive,0,25.359706586,26.199684760,26.205354333,1764,0,0.000000000,12.200,53,37,0
9,0,zero_drive,0,25.359706586,26.205568587,26.211467686,1764,0,0.000000000,12.200,53,37,0
9,0,zero_drive,0,25.359706586,26.211684480,26.217455609,1764,0,0.000000000,12.200,53,37,0
9,0,zero_drive,0,25.359706586,26.217662661,26.223381420,1764,0,0.000000000,12.200,53,37,0
9,0,zero_drive,0,25.359706586,26.223600421,26.229324600,1764,0,0.000000000,12.200,53,37,0
9,0,zero_drive,0,25.359706586,26.229541548,26.235463855,1764,0,0.000000000,12.200,53,37,0
9,0,zero_drive,0,25.359706586,26.235678276,26.241475330,1764,0,0.000000000,12.200,53,37,0
9,0,zero_drive,0,25.359706586,26.241690677,26.247436511,1764,0,0.000000000,12.200,53,37,0
9,0,zero_drive,0,25.359706586,26.247654553,26.253521202,1764,0,0.000000000,12.200,53,37,0
9,0,zero_drive,0,25.359706586,26.253735140,26.259503248,1764,0,0.000000000,12.200,53,37,0
9,0,zero_drive,0,25.359706586,26.259723493,26.265368049,1764,0,0.000000000,12.200,53,37,0
9,0,zero_drive,0,25.359706586,26.265619319,26.271362918,1764,0,0.000000000,12.200,53,37,0
9,0,zero_drive,0,25.359706586,26.271678648,26.277451727,1764,0,0.000000000,12.200,53,37,0
9,0,zero_drive,0,25.359706586,26.277657759,26.283400682,1764,0,0.000000000,12.200,53,37,0
9,0,zero_drive,0,25.359706586,26.283612945,26.289300361,1764,0,0.000000000,12.200,53,37,0
9,0,zero_drive,0,25.359706586,26.289512436,26.295477331,1764,0,0.000000000,12.200,53,37,0
9,0,zero_drive,0,25.359706586,26.295679959,26.301579431,1764,0,0.000000000,12.200,53,37,0
9,0,zero_drive,0,25.359706586,26.301808883,26.307391886,1764,0,0.000000000,12.200,53,37,0
9,0,zero_drive,0,25.359706586,26.307629850,26.313423216,1764,0,0.000000000,12.200,53,37,0
9,0,zero_drive,0,25.359706586,26.313622332,26.319489087,1764,0,0.000000000,12.200,53,37,0
9,0,zero_drive,0,25.359706586,26.319691076,26.325319485,1764,0,0.000000000,12.200,53,37,0
9,1,pulse,50,26.337399533,26.343257284,26.349452021,1764,0,0.000000000,12.200,53,37,0
9,1,pulse,50,26.337399533,26.349688537,26.355433598,1764,0,0.000000000,12.200,53,44,0
9,1,pulse,50,26.337399533,26.355644946,26.361445471,1764,0,0.000000000,12.200,53,44,0
9,1,pulse,50,26.337399533,26.361646404,26.367349678,1764,0,0.000000000,12.200,53,47,0
9,1,pulse,50,26.337399533,26.367546068,26.373484810,1764,0,0.000000000,12.200,53,47,0
9,1,pulse,50,26.337399533,26.373712893,26.379318351,1764,0,0.000000000,12.200,53,49,0
9,1,pulse,50,26.337399533,26.379527322,26.385405285,1764,0,0.000000000,12.200,53,49,0
9,1,pulse,50,26.337399533,26.385617366,26.391291197,1764,0,0.000000000,12.200,53,48,0
9,1,pulse,50,26.337399533,26.391499581,26.397483805,1764,0,0.000000000,12.200,53,48,0
9,1,pulse,50,26.337399533,26.397689496,26.403596148,1764,0,0.000000000,12.200,53,48,0
9,1,pulse,50,26.337399533,26.403803232,26.409195114,1764,0,0.000000000,12.200,53,47,0
9,1,pulse,50,26.337399533,26.409399340,26.415327156,1765,0,0.000000000,12.200,53,47,0
9,1,pulse,50,26.337399533,26.415535930,26.421313656,1765,100,0.153398079,12.200,53,47,0
9,1,pulse,50,26.337399533,26.421525568,26.427459537,1766,100,0.153398079,12.200,53,46,0
9,1,pulse,50,26.337399533,26.427666181,26.433320128,1766,100,0.153398079,12.200,53,46,0
9,1,pulse,50,26.337399533,26.433522989,26.439309053,1767,100,0.153398079,12.200,53,47,0
9,1,pulse,50,26.337399533,26.439521038,26.445449457,1768,100,0.153398079,12.200,53,47,0
9,1,pulse,50,26.337399533,26.445668848,26.451741775,1768,100,0.153398079,12.200,53,47,0
9,1,pulse,50,26.337399533,26.451959068,26.457481605,1769,50,0.076699039,12.200,53,46,0
9,1,pulse,50,26.337399533,26.457703226,26.463403095,1769,50,0.076699039,12.200,53,46,0
9,1,pulse,50,26.337399533,26.463634550,26.469482094,1770,50,0.076699039,12.200,53,46,0
9,1,pulse,50,26.337399533,26.469708234,26.475830569,1771,50,0.076699039,12.200,53,46,0
9,1,pulse,50,26.337399533,26.476083761,26.481351755,1772,150,0.230097118,12.200,53,47,0
9,1,pulse,50,26.337399533,26.481572513,26.487596732,1772,150,0.230097118,12.200,53,47,0
9,1,zero_drive,0,26.337399533,26.499306482,26.505366799,1774,50,0.076699039,12.200,53,47,0
9,1,zero_drive,0,26.337399533,26.505614574,26.512236671,1774,50,0.076699039,12.200,53,42,0
9,1,zero_drive,0,26.337399533,26.512634350,26.517806485,1774,50,0.076699039,12.200,53,40,0
9,1,zero_drive,0,26.337399533,26.518082781,26.523489901,1774,0,0.000000000,12.200,53,40,0
9,1,zero_drive,0,26.337399533,26.523731764,26.529534874,1774,0,0.000000000,12.200,53,40,0
9,1,zero_drive,0,26.337399533,26.529784455,26.535444929,1774,0,0.000000000,12.200,53,38,0
9,1,zero_drive,0,26.337399533,26.535728651,26.541434167,1774,0,0.000000000,12.200,53,38,0
9,1,zero_drive,0,26.337399533,26.541687086,26.547529935,1774,0,0.000000000,12.200,53,38,0
9,1,zero_drive,0,26.337399533,26.547790027,26.553560753,1774,0,0.000000000,12.200,53,37,0
9,1,zero_drive,0,26.337399533,26.553814467,26.559387159,1774,0,0.000000000,12.200,53,37,0
9,1,zero_drive,0,26.337399533,26.559636013,26.565501614,1774,0,0.000000000,12.200,53,37,0
9,1,zero_drive,0,26.337399533,26.565752277,26.571447604,1774,0,0.000000000,12.200,53,37,0
9,1,zero_drive,0,26.337399533,26.571697949,26.577700870,1774,0,0.000000000,12.200,53,37,0
9,1,zero_drive,0,26.337399533,26.578052649,26.583393823,1774,0,0.000000000,12.200,53,38,0
9,1,zero_drive,0,26.337399533,26.583629302,26.589457251,1774,0,0.000000000,12.200,53,38,0
9,1,zero_drive,0,26.337399533,26.589698974,26.595589187,1774,0,0.000000000,12.200,53,37,0
9,1,zero_drive,0,26.337399533,26.595825417,26.601451610,1774,0,0.000000000,12.200,53,37,0
9,1,zero_drive,0,26.337399533,26.601691450,26.607321658,1774,0,0.000000000,12.200,53,37,0
9,1,zero_drive,0,26.337399533,26.607579507,26.613514375,1774,0,0.000000000,12.200,53,37,0
9,1,zero_drive,0,26.337399533,26.613784045,26.619578928,1774,0,0.000000000,12.200,53,37,0
9,1,zero_drive,0,26.337399533,26.619811067,26.625345645,1774,0,0.000000000,12.200,53,37,0
9,1,zero_drive,0,26.337399533,26.625606092,26.631491164,1774,0,0.000000000,12.200,53,37,0
9,1,zero_drive,0,26.337399533,26.631742905,26.637681992,1774,0,0.000000000,12.200,53,37,0
9,1,zero_drive,0,26.337399533,26.637933270,26.643356714,1774,0,0.000000000,12.200,53,37,0
9,1,zero_drive,0,26.337399533,26.643606422,26.649551893,1774,0,0.000000000,12.200,53,37,0
9,1,zero_drive,0,26.337399533,26.649809368,26.655515659,1774,0,0.000000000,12.200,53,37,0
9,1,zero_drive,0,26.337399533,26.655768459,26.661482142,1774,0,0.000000000,12.200,53,37,0
9,1,zero_drive,0,26.337399533,26.661753611,26.667394882,1774,0,0.000000000,12.200,53,37,0
9,1,zero_drive,0,26.337399533,26.667638407,26.673401452,1774,0,0.000000000,12.200,53,37,0
9,1,zero_drive,0,26.337399533,26.673641749,26.679575648,1774,0,0.000000000,12.200,53,37,0
9,1,zero_drive,0,26.337399533,26.679813528,26.685579314,1774,0,0.000000000,12.200,53,37,0
9,1,zero_drive,0,26.337399533,26.685872550,26.691326742,1774,0,0.000000000,12.200,53,37,0
9,1,zero_drive,0,26.337399533,26.691540532,26.697271383,1774,0,0.000000000,12.200,53,37,0
9,1,zero_drive,0,26.337399533,26.697480480,26.703334738,1774,0,0.000000000,12.200,53,37,0
9,1,zero_drive,0,26.337399533,26.703544251,26.709353169,1774,0,0.000000000,12.200,53,37,0
9,1,zero_drive,0,26.337399533,26.709564760,26.715279036,1774,0,0.000000000,12.200,53,37,0
9,1,zero_drive,0,26.337399533,26.715489362,26.721302445,1774,0,0.000000000,12.200,53,37,0
9,1,zero_drive,0,26.337399533,26.721517240,26.727369532,1774,0,0.000000000,12.200,53,37,0
9,1,zero_drive,0,26.337399533,26.727583592,26.733293481,1774,0,0.000000000,12.200,53,37,0
9,1,zero_drive,0,26.337399533,26.733497660,26.739293821,1774,0,0.000000000,12.200,53,37,0
9,1,zero_drive,0,26.337399533,26.739506020,26.745259395,1774,0,0.000000000,12.200,53,37,0
9,1,zero_drive,0,26.337399533,26.745472065,26.751459711,1774,0,0.000000000,12.200,53,37,0
9,1,zero_drive,0,26.337399533,26.751670404,26.757622333,1774,0,0.000000000,12.200,53,37,0
9,1,zero_drive,0,26.337399533,26.757836857,26.763347406,1774,0,0.000000000,12.200,53,37,0
9,1,zero_drive,0,26.337399533,26.763561823,26.769472837,1774,0,0.000000000,12.200,53,37,0
9,1,zero_drive,0,26.337399533,26.769687901,26.775573155,1774,0,0.000000000,12.200,53,37,0
9,1,zero_drive,0,26.337399533,26.775788996,26.781315005,1774,0,0.000000000,12.200,53,37,0
9,1,zero_drive,0,26.337399533,26.781523091,26.787270219,1774,0,0.000000000,12.200,53,37,0
9,1,zero_drive,0,26.337399533,26.787484809,26.793409059,1774,0,0.000000000,12.200,53,37,0
9,1,zero_drive,0,26.337399533,26.793626172,26.799425191,1774,0,0.000000000,12.200,53,37,0
9,1,zero_drive,0,26.337399533,26.799658631,26.805441690,1774,0,0.000000000,12.200,53,37,0
9,1,zero_drive,0,26.337399533,26.805675648,26.811234400,1774,0,0.000000000,12.200,53,37,0
9,1,zero_drive,0,26.337399533,26.811450898,26.817198883,1774,0,0.000000000,12.200,53,37,0
9,1,zero_drive,0,26.337399533,26.817403182,26.823295801,1774,0,0.000000000,12.200,53,37,0
9,1,zero_drive,0,26.337399533,26.823507443,26.829371520,1774,0,0.000000000,12.200,53,37,0
9,1,zero_drive,0,26.337399533,26.829582660,26.835345248,1774,0,0.000000000,12.200,53,37,0
9,1,zero_drive,0,26.337399533,26.835586700,26.841463380,1774,0,0.000000000,12.200,53,37,0
9,1,zero_drive,0,26.337399533,26.841675398,26.847236308,1774,0,0.000000000,12.200,53,37,0
9,1,zero_drive,0,26.337399533,26.847447816,26.853309902,1774,0,0.000000000,12.200,53,37,0
9,1,zero_drive,0,26.337399533,26.853526740,26.859321933,1774,0,0.000000000,12.200,53,37,0
9,1,zero_drive,0,26.337399533,26.859536128,26.865403406,1774,0,0.000000000,12.200,53,37,0
9,1,zero_drive,0,26.337399533,26.865612697,26.871351331,1774,0,0.000000000,12.200,53,37,0
9,1,zero_drive,0,26.337399533,26.871563090,26.877473024,1774,0,0.000000000,12.200,53,37,0
9,1,zero_drive,0,26.337399533,26.877687574,26.883409335,1774,0,0.000000000,12.200,53,37,0
9,1,zero_drive,0,26.337399533,26.883616586,26.889307121,1774,0,0.000000000,12.200,53,37,0
9,1,zero_drive,0,26.337399533,26.889542050,26.895337800,1774,0,0.000000000,12.200,53,37,0
9,1,zero_drive,0,26.337399533,26.895586596,26.901383449,1774,0,0.000000000,12.200,53,37,0
9,1,zero_drive,0,26.337399533,26.901679622,26.907570678,1774,0,0.000000000,12.200,53,37,0
9,1,zero_drive,0,26.337399533,26.907782773,26.913405070,1774,0,0.000000000,12.200,53,37,0
9,1,zero_drive,0,26.337399533,26.913625815,26.919289314,1774,0,0.000000000,12.200,53,37,0
9,1,zero_drive,0,26.337399533,26.919500930,26.925330641,1774,0,0.000000000,12.200,53,37,0
9,1,zero_drive,0,26.337399533,26.925574750,26.931497798,1774,0,0.000000000,12.200,53,37,0
9,1,zero_drive,0,26.337399533,26.931712551,26.937470296,1774,0,0.000000000,12.200,53,37,0
9,1,zero_drive,0,26.337399533,26.937686129,26.943357065,1774,0,0.000000000,12.200,53,37,0
9,1,zero_drive,0,26.337399533,26.943568165,26.949390681,1774,0,0.000000000,12.200,53,37,0
9,1,zero_drive,0,26.337399533,26.949606132,26.955457025,1774,0,0.000000000,12.200,53,37,0
9,1,zero_drive,0,26.337399533,26.955685987,26.961461190,1774,0,0.000000000,12.200,53,37,0
9,1,zero_drive,0,26.337399533,26.961700398,26.967238900,1774,0,0.000000000,12.200,53,37,0
9,1,zero_drive,0,26.337399533,26.967455313,26.973257027,1774,0,0.000000000,12.200,53,37,0
9,1,zero_drive,0,26.337399533,26.973469798,26.979516889,1774,0,0.000000000,12.200,53,37,0
9,1,zero_drive,0,26.337399533,26.979734193,26.985361555,1774,0,0.000000000,12.200,53,37,0
9,1,zero_drive,0,26.337399533,26.985670361,26.991269269,1774,0,0.000000000,12.200,53,37,0
9,1,zero_drive,0,26.337399533,26.991481993,26.997343963,1774,0,0.000000000,12.200,53,37,0
9,1,zero_drive,0,26.337399533,26.997559719,27.003498989,1774,0,0.000000000,12.200,53,36,0
9,1,zero_drive,0,26.337399533,27.003714023,27.009335554,1774,0,0.000000000,12.200,53,36,0
9,1,zero_drive,0,26.337399533,27.009553286,27.015241744,1774,0,0.000000000,12.200,53,37,0
9,1,zero_drive,0,26.337399533,27.015452443,27.021229119,1774,0,0.000000000,12.200,53,37,0
9,1,zero_drive,0,26.337399533,27.021439368,27.027372148,1774,0,0.000000000,12.200,53,37,0
9,1,zero_drive,0,26.337399533,27.027584058,27.041012116,1774,0,0.000000000,12.200,53,37,0
9,1,zero_drive,0,26.337399533,27.041255997,27.045281832,1774,0,0.000000000,12.200,53,37,0
9,1,zero_drive,0,26.337399533,27.045491133,27.051895479,1774,0,0.000000000,12.200,53,37,0
9,1,zero_drive,0,26.337399533,27.052283042,27.057933867,1774,0,0.000000000,12.200,53,37,0
9,1,zero_drive,0,26.337399533,27.058374856,27.063257619,1774,0,0.000000000,12.200,53,37,0
9,1,zero_drive,0,26.337399533,27.063467476,27.069444497,1774,0,0.000000000,12.200,53,37,0
9,1,zero_drive,0,26.337399533,27.069689838,27.075423969,1774,0,0.000000000,12.200,53,37,0
9,1,zero_drive,0,26.337399533,27.075637474,27.081400879,1774,0,0.000000000,12.200,53,37,0
9,1,zero_drive,0,26.337399533,27.081707828,27.087631704,1774,0,0.000000000,12.200,53,37,0
9,1,zero_drive,0,26.337399533,27.087986878,27.095346283,1774,0,0.000000000,12.200,53,37,0
9,1,zero_drive,0,26.337399533,27.095697598,27.105321431,1774,0,0.000000000,12.200,53,37,0
9,1,zero_drive,0,26.337399533,27.105536808,27.111323904,1774,0,0.000000000,12.200,53,37,0
9,1,zero_drive,0,26.337399533,27.111542719,27.117300061,1774,0,0.000000000,12.200,53,37,0
9,1,zero_drive,0,26.337399533,27.117515022,27.123454504,1774,0,0.000000000,12.200,53,36,0
9,1,zero_drive,0,26.337399533,27.123672767,27.129413844,1774,0,0.000000000,12.200,53,36,0
9,1,zero_drive,0,26.337399533,27.129654619,27.135286780,1774,0,0.000000000,12.200,53,37,0
9,1,zero_drive,0,26.337399533,27.135512744,27.141359097,1774,0,0.000000000,12.200,53,37,0
9,1,zero_drive,0,26.337399533,27.141686804,27.147470519,1774,0,0.000000000,12.200,53,37,0
9,1,zero_drive,0,26.337399533,27.147743896,27.153401757,1774,0,0.000000000,12.200,53,37,0
9,1,zero_drive,0,26.337399533,27.153650999,27.159532313,1774,0,0.000000000,12.200,53,37,0
9,1,zero_drive,0,26.337399533,27.159787804,27.165375138,1774,0,0.000000000,12.200,53,37,0
9,1,zero_drive,0,26.337399533,27.165714079,27.171315556,1774,0,0.000000000,12.200,53,37,0
9,1,zero_drive,0,26.337399533,27.171609049,27.177348588,1774,0,0.000000000,12.200,53,37,0
9,1,zero_drive,0,26.337399533,27.177576254,27.183429244,1774,0,0.000000000,12.200,53,36,0
9,1,zero_drive,0,26.337399533,27.183641053,27.189236538,1774,0,0.000000000,12.200,53,36,0
9,1,zero_drive,0,26.337399533,27.189487208,27.195272774,1774,0,0.000000000,12.200,53,37,0
9,1,zero_drive,0,26.337399533,27.195484913,27.201292583,1774,0,0.000000000,12.200,53,37,0
9,1,zero_drive,0,26.337399533,27.201522807,27.207509270,1774,0,0.000000000,12.200,53,37,0
9,1,zero_drive,0,26.337399533,27.207727649,27.213319001,1774,0,0.000000000,12.200,53,37,0
9,1,zero_drive,0,26.337399533,27.213545446,27.219400303,1774,0,0.000000000,12.200,53,37,0
9,1,zero_drive,0,26.337399533,27.219621816,27.225353220,1774,0,0.000000000,12.200,53,37,0
9,1,zero_drive,0,26.337399533,27.225570479,27.231345386,1774,0,0.000000000,12.200,53,36,0
9,1,zero_drive,0,26.337399533,27.231559473,27.237357518,1774,0,0.000000000,12.200,53,36,0
9,1,zero_drive,0,26.337399533,27.237576038,27.243390791,1774,0,0.000000000,12.200,53,37,0
9,1,zero_drive,0,26.337399533,27.243607032,27.249363349,1774,0,0.000000000,12.200,53,37,0
9,1,zero_drive,0,26.337399533,27.249579863,27.255321055,1774,0,0.000000000,12.200,53,37,0
9,1,zero_drive,0,26.337399533,27.255541692,27.261392098,1774,0,0.000000000,12.200,53,37,0
9,1,zero_drive,0,26.337399533,27.261632835,27.267393659,1774,0,0.000000000,12.200,53,36,0
9,1,zero_drive,0,26.337399533,27.267620398,27.273442520,1774,0,0.000000000,12.200,53,36,0
9,1,zero_drive,0,26.337399533,27.273690972,27.279377502,1774,0,0.000000000,12.200,53,37,0
9,1,zero_drive,0,26.337399533,27.279620045,27.285416738,1774,0,0.000000000,12.200,53,37,0
9,1,zero_drive,0,26.337399533,27.285673319,27.291444526,1774,0,0.000000000,12.200,53,37,0
9,1,zero_drive,0,26.337399533,27.291729429,27.297458941,1774,0,0.000000000,12.200,53,37,0
9,1,zero_drive,0,26.337399533,27.297723789,27.303415502,1774,0,0.000000000,12.200,53,36,0
9,2,pulse,100,27.315607479,27.321205942,27.327542939,1774,0,0.000000000,12.200,53,36,0
9,2,pulse,100,27.315607479,27.327805626,27.333432247,1774,0,0.000000000,12.200,53,50,0
9,2,pulse,100,27.315607479,27.333682646,27.339464894,1774,0,0.000000000,12.200,53,50,0
9,2,pulse,100,27.315607479,27.339716769,27.345403093,1775,0,0.000000000,12.200,53,50,0
9,2,pulse,100,27.315607479,27.345657285,27.351344283,1776,0,0.000000000,12.200,53,54,0
9,2,pulse,100,27.315607479,27.351776357,27.357557999,1777,150,0.230097118,12.200,53,55,0
9,2,pulse,100,27.315607479,27.357934114,27.363407002,1779,200,0.306796158,12.200,53,55,0
9,2,pulse,100,27.315607479,27.363661792,27.369410779,1779,200,0.306796158,12.200,53,55,0
9,2,pulse,100,27.315607479,27.369680385,27.375461934,1781,200,0.306796158,12.200,53,54,0
9,2,pulse,100,27.315607479,27.375723171,27.381339324,1782,250,0.383495197,12.200,53,54,0
9,2,pulse,100,27.315607479,27.381594077,27.387377964,1784,250,0.383495197,12.200,53,54,0
9,2,pulse,100,27.315607479,27.387636006,27.393464650,1785,250,0.383495197,12.200,53,54,0
9,2,pulse,100,27.315607479,27.393728907,27.399476757,1786,250,0.383495197,12.200,53,53,0
9,2,pulse,100,27.315607479,27.399764039,27.405382024,1788,250,0.383495197,12.200,53,53,0
9,2,pulse,100,27.315607479,27.405634499,27.411496899,1789,250,0.383495197,12.200,53,53,0
9,2,pulse,100,27.315607479,27.411755075,27.417335946,1791,250,0.383495197,12.200,53,53,0
9,2,pulse,100,27.315607479,27.417595690,27.423512098,1792,250,0.383495197,12.200,53,53,0
9,2,pulse,100,27.315607479,27.423767366,27.429518908,1794,250,0.383495197,12.200,53,52,0
9,2,pulse,100,27.315607479,27.429775642,27.435427744,1796,250,0.383495197,12.200,53,52,0
9,2,pulse,100,27.315607479,27.435754164,27.441585290,1797,250,0.383495197,12.200,53,52,0
9,2,pulse,100,27.315607479,27.441832068,27.447481333,1799,250,0.383495197,12.200,53,52,0
9,2,pulse,100,27.315607479,27.447743221,27.453435992,1800,250,0.383495197,12.200,53,52,0
9,2,pulse,100,27.315607479,27.453756378,27.459476032,1802,300,0.460194236,12.200,53,52,0
9,2,pulse,100,27.315607479,27.459732451,27.465424072,1803,300,0.460194236,12.200,53,52,0
9,2,zero_drive,0,27.315607479,27.477312936,27.483352613,1807,250,0.383495197,12.200,53,45,0
9,2,zero_drive,0,27.315607479,27.483606123,27.489462670,1808,200,0.306796158,12.200,53,45,0
9,2,zero_drive,0,27.315607479,27.489728784,27.495341491,1808,200,0.306796158,12.200,53,41,0
9,2,zero_drive,0,27.315607479,27.495615263,27.501475210,1808,50,0.076699039,12.200,53,41,0
9,2,zero_drive,0,27.315607479,27.501778038,27.507310590,1809,100,0.153398079,12.200,53,39,0
9,2,zero_drive,0,27.315607479,27.507552408,27.513276891,1809,100,0.153398079,12.200,53,39,0
9,2,zero_drive,0,27.315607479,27.513513323,27.519348151,1809,100,0.153398079,12.200,53,38,0
9,2,zero_drive,0,27.315607479,27.519620795,27.525254655,1809,0,0.000000000,12.200,53,38,0
9,2,zero_drive,0,27.315607479,27.525484096,27.531543466,1809,0,0.000000000,12.200,53,38,0
9,2,zero_drive,0,27.315607479,27.531790771,27.537344482,1809,0,0.000000000,12.200,53,38,0
9,2,zero_drive,0,27.315607479,27.537607373,27.543491573,1809,0,0.000000000,12.200,53,38,0
9,2,zero_drive,0,27.315607479,27.543732445,27.549302970,1809,0,0.000000000,12.200,53,38,0
9,2,zero_drive,0,27.315607479,27.549531183,27.555605761,1809,0,0.000000000,12.200,53,37,0
9,2,zero_drive,0,27.315607479,27.555840851,27.561388038,1809,0,0.000000000,12.200,53,38,0
9,2,zero_drive,0,27.315607479,27.561596498,27.567394556,1809,0,0.000000000,12.200,53,38,0
9,2,zero_drive,0,27.315607479,27.567602335,27.573318654,1809,0,0.000000000,12.200,53,38,0
9,2,zero_drive,0,27.315607479,27.573529868,27.579420782,1809,0,0.000000000,12.200,53,37,0
9,2,zero_drive,0,27.315607479,27.579638228,27.585338455,1809,0,0.000000000,12.200,53,37,0
9,2,zero_drive,0,27.315607479,27.585554849,27.591221427,1809,0,0.000000000,12.200,53,37,0
9,2,zero_drive,0,27.315607479,27.591426869,27.597299676,1809,0,0.000000000,12.200,53,37,0
9,2,zero_drive,0,27.315607479,27.597506506,27.603369019,1809,0,0.000000000,12.200,53,37,0
9,2,zero_drive,0,27.315607479,27.603609043,27.609258706,1809,0,0.000000000,12.200,53,37,0
9,2,zero_drive,0,27.315607479,27.609468554,27.615280753,1809,0,0.000000000,12.200,53,37,0
9,2,zero_drive,0,27.315607479,27.615486984,27.621384998,1809,0,0.000000000,12.200,53,37,0
9,2,zero_drive,0,27.315607479,27.621594652,27.627351994,1809,0,0.000000000,12.200,53,37,0
9,2,zero_drive,0,27.315607479,27.627553958,27.633371463,1809,0,0.000000000,12.200,53,37,0
9,2,zero_drive,0,27.315607479,27.633574264,27.639272299,1809,0,0.000000000,12.200,53,37,0
9,2,zero_drive,0,27.315607479,27.639485563,27.645251785,1809,0,0.000000000,12.200,53,37,0
9,2,zero_drive,0,27.315607479,27.645460273,27.651302933,1809,0,0.000000000,12.200,53,37,0
9,2,zero_drive,0,27.315607479,27.651516839,27.657421783,1809,0,0.000000000,12.200,53,37,0
9,2,zero_drive,0,27.315607479,27.657640959,27.663247864,1809,0,0.000000000,12.200,53,37,0
9,2,zero_drive,0,27.315607479,27.663458147,27.669390121,1809,0,0.000000000,12.200,53,37,0
9,2,zero_drive,0,27.315607479,27.669609799,27.675454038,1809,0,0.000000000,12.200,53,37,0
9,2,zero_drive,0,27.315607479,27.675688498,27.681324605,1809,0,0.000000000,12.200,53,37,0
9,2,zero_drive,0,27.315607479,27.681543338,27.687414396,1809,0,0.000000000,12.200,53,37,0
9,2,zero_drive,0,27.315607479,27.687663774,27.693419369,1809,0,0.000000000,12.200,53,37,0
9,2,zero_drive,0,27.315607479,27.693643939,27.699248697,1809,0,0.000000000,12.200,53,37,0
9,2,zero_drive,0,27.315607479,27.699473423,27.705180351,1809,0,0.000000000,12.200,53,37,0
9,2,zero_drive,0,27.315607479,27.705402893,27.711231598,1809,0,0.000000000,12.200,53,37,0
9,2,zero_drive,0,27.315607479,27.711457899,27.717390051,1809,0,0.000000000,12.200,53,37,0
9,2,zero_drive,0,27.315607479,27.717717022,27.723308548,1809,0,0.000000000,12.200,53,37,0
9,2,zero_drive,0,27.315607479,27.723556980,27.729422069,1809,0,0.000000000,12.200,53,37,0
9,2,zero_drive,0,27.315607479,27.729666002,27.735476168,1809,0,0.000000000,12.200,53,37,0
9,2,zero_drive,0,27.315607479,27.735734424,27.741401771,1809,0,0.000000000,12.200,53,37,0
9,2,zero_drive,0,27.315607479,27.741739947,27.747325893,1809,0,0.000000000,12.200,53,37,0
9,2,zero_drive,0,27.315607479,27.747614852,27.753376127,1809,0,0.000000000,12.200,53,37,0
9,2,zero_drive,0,27.315607479,27.753634863,27.759336038,1809,0,0.000000000,12.200,53,38,0
9,2,zero_drive,0,27.315607479,27.759613578,27.765426748,1809,0,0.000000000,12.200,53,38,0
9,2,zero_drive,0,27.315607479,27.765695833,27.771487691,1809,0,0.000000000,12.200,53,37,0
9,2,zero_drive,0,27.315607479,27.771765992,27.777488342,1809,0,0.000000000,12.200,53,37,0
9,2,zero_drive,0,27.315607479,27.777758334,27.783407789,1809,0,0.000000000,12.200,53,37,0
9,2,zero_drive,0,27.315607479,27.783667784,27.789483808,1809,0,0.000000000,12.200,53,37,0
9,2,zero_drive,0,27.315607479,27.789737045,27.795421421,1809,0,0.000000000,12.200,53,37,0
9,2,zero_drive,0,27.315607479,27.795697843,27.801365433,1809,0,0.000000000,12.200,53,37,0
9,2,zero_drive,0,27.315607479,27.801659808,27.807423947,1809,0,0.000000000,12.200,53,37,0
9,2,zero_drive,0,27.315607479,27.807682592,27.813290747,1809,0,0.000000000,12.200,53,37,0
9,2,zero_drive,0,27.315607479,27.813547767,27.819684487,1809,0,0.000000000,12.200,53,37,0
9,2,zero_drive,0,27.315607479,27.819945545,27.825567753,1809,0,0.000000000,12.200,53,37,0
9,2,zero_drive,0,27.315607479,27.825898813,27.831345316,1809,0,0.000000000,12.200,53,37,0
9,2,zero_drive,0,27.315607479,27.831600613,27.837573149,1809,0,0.000000000,12.200,53,37,0
9,2,zero_drive,0,27.315607479,27.837831918,27.843422083,1809,0,0.000000000,12.200,53,37,0
9,2,zero_drive,0,27.315607479,27.843685584,27.849348571,1809,0,0.000000000,12.200,53,37,0
9,2,zero_drive,0,27.315607479,27.849599858,27.856181577,1809,0,0.000000000,12.200,53,38,0
9,2,zero_drive,0,27.315607479,27.856456124,27.861465256,1809,0,0.000000000,12.200,53,37,0
9,2,zero_drive,0,27.315607479,27.861728152,27.867438714,1809,0,0.000000000,12.200,53,37,0
9,2,zero_drive,0,27.315607479,27.867693420,27.873455560,1809,0,0.000000000,12.200,53,37,0
9,2,zero_drive,0,27.315607479,27.873712107,27.879363482,1809,0,0.000000000,12.200,53,38,0
9,2,zero_drive,0,27.315607479,27.879623122,27.885339232,1809,0,0.000000000,12.200,53,38,0
9,2,zero_drive,0,27.315607479,27.885643055,27.891473591,1809,0,0.000000000,12.200,53,37,0
9,2,zero_drive,0,27.315607479,27.891734496,27.897489449,1809,0,0.000000000,12.200,53,37,0
9,2,zero_drive,0,27.315607479,27.897747646,27.903574600,1809,0,0.000000000,12.200,53,37,0
9,2,zero_drive,0,27.315607479,27.903846699,27.909510982,1809,0,0.000000000,12.200,53,37,0
9,2,zero_drive,0,27.315607479,27.909768594,27.915252144,1809,0,0.000000000,12.200,53,37,0
9,2,zero_drive,0,27.315607479,27.915509162,27.921414436,1809,0,0.000000000,12.200,53,37,0
9,2,zero_drive,0,27.315607479,27.921673487,27.927262885,1809,0,0.000000000,12.200,53,37,0
9,2,zero_drive,0,27.315607479,27.927524204,27.933405321,1809,0,0.000000000,12.200,53,37,0
9,2,zero_drive,0,27.315607479,27.933656200,27.939475038,1809,0,0.000000000,12.200,53,37,0
9,2,zero_drive,0,27.315607479,27.939734463,27.945333622,1809,0,0.000000000,12.200,53,37,0
9,2,zero_drive,0,27.315607479,27.945590637,27.951288634,1809,0,0.000000000,12.200,53,37,0
9,2,zero_drive,0,27.315607479,27.951594063,27.957246320,1809,0,0.000000000,12.200,53,37,0
9,2,zero_drive,0,27.315607479,27.957502457,27.963449043,1809,0,0.000000000,12.200,53,37,0
9,2,zero_drive,0,27.315607479,27.963810678,27.969445915,1809,0,0.000000000,12.200,53,37,0
9,2,zero_drive,0,27.315607479,27.969700257,27.975514522,1809,0,0.000000000,12.200,53,37,0
9,2,zero_drive,0,27.315607479,27.975810504,27.981380111,1809,0,0.000000000,12.200,53,37,0
9,2,zero_drive,0,27.315607479,27.981636602,27.987349290,1809,0,0.000000000,12.200,53,37,0
9,2,zero_drive,0,27.315607479,27.987607604,27.993522355,1809,0,0.000000000,12.200,53,37,0
9,2,zero_drive,0,27.315607479,27.993785543,27.999423836,1809,0,0.000000000,12.200,53,37,0
9,2,zero_drive,0,27.315607479,27.999681611,28.005538307,1809,0,0.000000000,12.200,53,37,0
9,2,zero_drive,0,27.315607479,28.005795992,28.011353184,1809,0,0.000000000,12.200,53,37,0
9,2,zero_drive,0,27.315607479,28.011677111,28.017359097,1809,0,0.000000000,12.200,53,37,0
9,2,zero_drive,0,27.315607479,28.017609692,28.023308706,1809,0,0.000000000,12.200,53,37,0
9,2,zero_drive,0,27.315607479,28.023622912,28.029395419,1809,0,0.000000000,12.200,53,37,0
9,2,zero_drive,0,27.315607479,28.029653567,28.035440780,1809,0,0.000000000,12.200,53,37,0
9,2,zero_drive,0,27.315607479,28.035695377,28.041526443,1809,0,0.000000000,12.200,53,37,0
9,2,zero_drive,0,27.315607479,28.041783267,28.047404860,1809,0,0.000000000,12.200,53,37,0
9,2,zero_drive,0,27.315607479,28.047672212,28.053486913,1809,0,0.000000000,12.200,53,37,0
9,2,zero_drive,0,27.315607479,28.053742724,28.059455392,1809,0,0.000000000,12.200,53,37,0
9,2,zero_drive,0,27.315607479,28.059709811,28.065514537,1809,0,0.000000000,12.200,53,37,0
9,2,zero_drive,0,27.315607479,28.065770837,28.071406013,1809,0,0.000000000,12.200,53,38,0
9,2,zero_drive,0,27.315607479,28.071662833,28.077319722,1809,0,0.000000000,12.200,53,38,0
9,2,zero_drive,0,27.315607479,28.077643985,28.083378061,1809,0,0.000000000,12.200,53,37,0
9,2,zero_drive,0,27.315607479,28.083630211,28.089331952,1809,0,0.000000000,12.200,53,37,0
9,2,zero_drive,0,27.315607479,28.089591382,28.095335239,1809,0,0.000000000,12.200,53,37,0
9,2,zero_drive,0,27.315607479,28.095592475,28.101394293,1809,0,0.000000000,12.200,53,37,0
9,2,zero_drive,0,27.315607479,28.101694993,28.107400394,1809,0,0.000000000,12.200,53,37,0
9,2,zero_drive,0,27.315607479,28.107658658,28.113305357,1809,0,0.000000000,12.200,53,37,0
9,2,zero_drive,0,27.315607479,28.113560968,28.119518200,1809,0,0.000000000,12.200,53,37,0
9,2,zero_drive,0,27.315607479,28.119777532,28.126342390,1809,0,0.000000000,12.200,53,38,0
9,2,zero_drive,0,27.315607479,28.126607937,28.131391415,1809,0,0.000000000,12.200,53,38,0
9,2,zero_drive,0,27.315607479,28.131647725,28.137397658,1809,0,0.000000000,12.200,53,38,0
9,2,zero_drive,0,27.315607479,28.137656116,28.143307466,1809,0,0.000000000,12.200,53,38,0
9,2,zero_drive,0,27.315607479,28.143566691,28.149355662,1809,0,0.000000000,12.200,53,38,0
9,2,zero_drive,0,27.315607479,28.149606598,28.155341871,1809,0,0.000000000,12.200,53,37,0
9,2,zero_drive,0,27.315607479,28.155599827,28.161438857,1809,0,0.000000000,12.200,53,37,0
9,2,zero_drive,0,27.315607479,28.161698246,28.167318818,1809,0,0.000000000,12.200,53,37,0
9,2,zero_drive,0,27.315607479,28.167575290,28.173428022,1809,0,0.000000000,12.200,53,37,0
9,2,zero_drive,0,27.315607479,28.173685131,28.179477249,1809,0,0.000000000,12.200,53,37,0
9,2,zero_drive,0,27.315607479,28.179735803,28.185302694,1809,0,0.000000000,12.200,53,37,0
9,2,zero_drive,0,27.315607479,28.185560231,28.191229985,1809,0,0.000000000,12.200,53,37,0
9,2,zero_drive,0,27.315607479,28.191510429,28.197366908,1809,0,0.000000000,12.200,53,37,0
9,2,zero_drive,0,27.315607479,28.197632295,28.203550647,1809,0,0.000000000,12.200,53,37,0
9,2,zero_drive,0,27.315607479,28.203810321,28.209513052,1809,0,0.000000000,12.200,53,37,0
9,2,zero_drive,0,27.315607479,28.209768787,28.215433892,1809,0,0.000000000,12.200,53,37,0
9,2,zero_drive,0,27.315607479,28.215691238,28.221372168,1809,0,0.000000000,12.200,53,37,0
9,2,zero_drive,0,27.315607479,28.221630766,28.227443307,1809,0,0.000000000,12.200,53,36,0
9,2,zero_drive,0,27.315607479,28.227699934,28.233240024,1809,0,0.000000000,12.200,53,36,0
9,2,zero_drive,0,27.315607479,28.233489224,28.239375103,1809,0,0.000000000,12.200,53,37,0
9,2,zero_drive,0,27.315607479,28.239631132,28.245375454,1809,0,0.000000000,12.200,53,37,0
9,2,zero_drive,0,27.315607479,28.245632890,28.251329773,1809,0,0.000000000,12.200,53,37,0
9,2,zero_drive,0,27.315607479,28.251640877,28.257373653,1809,0,0.000000000,12.200,53,37,0
9,2,zero_drive,0,27.315607479,28.257631311,28.263237327,1809,0,0.000000000,12.200,53,37,0
9,2,zero_drive,0,27.315607479,28.263496307,28.269433396,1809,0,0.000000000,12.200,53,37,0
9,2,zero_drive,0,27.315607479,28.269699886,28.275417022,1809,0,0.000000000,12.200,53,37,0
9,2,zero_drive,0,27.315607479,28.275675761,28.281430496,1809,0,0.000000000,12.200,53,37,0
9,3,pulse,150,28.293259505,28.299340372,28.305392514,1809,0,0.000000000,12.200,53,37,0
9,3,pulse,150,28.293259505,28.305647852,28.311312322,1809,0,0.000000000,12.200,53,64,0
9,3,pulse,150,28.293259505,28.311569133,28.317187678,1810,0,0.000000000,12.200,53,64,0
9,3,pulse,150,28.293259505,28.317474844,28.323479916,1811,0,0.000000000,12.200,53,71,0
9,3,pulse,150,28.293259505,28.323734539,28.329218820,1813,200,0.306796158,12.200,53,66,0
9,3,pulse,150,28.293259505,28.329475106,28.335472801,1814,200,0.306796158,12.200,53,66,0
9,3,pulse,150,28.293259505,28.335729666,28.341346242,1817,300,0.460194236,12.200,53,66,0
9,3,pulse,150,28.293259505,28.341629102,28.347263746,1818,300,0.460194236,12.200,53,66,0
9,3,pulse,150,28.293259505,28.347515871,28.353290731,1820,350,0.536893276,12.200,53,66,0
9,3,pulse,150,28.293259505,28.353553080,28.359598663,1823,350,0.536893276,12.200,53,62,0
9,3,pulse,150,28.293259505,28.359854668,28.365425729,1826,350,0.536893276,12.200,53,60,0
9,3,pulse,150,28.293259505,28.365744102,28.371395988,1828,400,0.613592315,12.200,53,60,0
9,3,pulse,150,28.293259505,28.371655056,28.377346231,1829,400,0.613592315,12.200,53,60,0
9,3,pulse,150,28.293259505,28.377608759,28.383254152,1832,400,0.613592315,12.200,53,60,0
9,3,pulse,150,28.293259505,28.383507569,28.389306214,1834,400,0.613592315,12.200,53,60,0
9,3,pulse,150,28.293259505,28.389561308,28.395249365,1836,400,0.613592315,12.200,53,58,0
9,3,pulse,150,28.293259505,28.395507131,28.401443018,1839,400,0.613592315,12.200,53,58,0
9,3,pulse,150,28.293259505,28.401702927,28.407325711,1841,400,0.613592315,12.200,53,59,0
9,3,pulse,150,28.293259505,28.407583873,28.413410423,1844,400,0.613592315,12.200,53,59,0
9,3,pulse,150,28.293259505,28.413670609,28.419401534,1846,400,0.613592315,12.200,53,58,0
9,3,pulse,150,28.293259505,28.419671155,28.425367236,1849,400,0.613592315,12.200,53,58,0
9,3,pulse,150,28.293259505,28.425628964,28.431252828,1851,400,0.613592315,12.200,53,59,0
9,3,pulse,150,28.293259505,28.431503515,28.437317877,1854,400,0.613592315,12.200,53,59,0
9,3,pulse,150,28.293259505,28.437572791,28.443262124,1856,400,0.613592315,12.200,53,57,0
9,3,zero_drive,0,28.293259505,28.455233866,28.461286907,1862,400,0.613592315,12.200,53,58,0
9,3,zero_drive,0,28.293259505,28.461549959,28.467328668,1864,400,0.613592315,12.200,53,48,0
9,3,zero_drive,0,28.293259505,28.467584440,28.473370244,1864,200,0.306796158,12.200,53,48,0
9,3,zero_drive,0,28.293259505,28.473625600,28.479211926,1865,200,0.306796158,12.200,53,42,0
9,3,zero_drive,0,28.293259505,28.479467448,28.485520941,1865,100,0.153398079,12.200,53,42,0
9,3,zero_drive,0,28.293259505,28.485777993,28.491211231,1865,0,0.000000000,12.200,53,39,0
9,3,zero_drive,0,28.293259505,28.491468081,28.497325404,1865,0,0.000000000,12.200,53,39,0
9,3,zero_drive,0,28.293259505,28.497609172,28.503360788,1865,0,0.000000000,12.200,53,39,0
9,3,zero_drive,0,28.293259505,28.503624016,28.509221393,1865,0,0.000000000,12.200,53,39,0
9,3,zero_drive,0,28.293259505,28.509482578,28.515429476,1865,0,0.000000000,12.200,53,38,0
9,3,zero_drive,0,28.293259505,28.515684920,28.521363696,1865,0,0.000000000,12.200,53,38,0
9,3,zero_drive,0,28.293259505,28.521631609,28.527430047,1865,0,0.000000000,12.200,53,38,0
9,3,zero_drive,0,28.293259505,28.527684651,28.533406726,1865,0,0.000000000,12.200,53,38,0
9,3,zero_drive,0,28.293259505,28.533658936,28.539345123,1865,0,0.000000000,12.200,53,37,0
9,3,zero_drive,0,28.293259505,28.539601043,28.545418325,1865,0,0.000000000,12.200,53,37,0
9,3,zero_drive,0,28.293259505,28.545670998,28.551405271,1865,0,0.000000000,12.200,53,37,0
9,3,zero_drive,0,28.293259505,28.551661749,28.557361884,1865,0,0.000000000,12.200,53,37,0
9,3,zero_drive,0,28.293259505,28.557621052,28.563410057,1865,0,0.000000000,12.200,53,38,0
9,3,zero_drive,0,28.293259505,28.563665562,28.569399255,1865,0,0.000000000,12.200,53,38,0
9,3,zero_drive,0,28.293259505,28.569655991,28.575769239,1865,0,0.000000000,12.200,53,37,0
9,3,zero_drive,0,28.293259505,28.576126304,28.581294152,1865,0,0.000000000,12.200,53,37,0
9,3,zero_drive,0,28.293259505,28.581550050,28.587306144,1865,0,0.000000000,12.200,53,37,0
9,3,zero_drive,0,28.293259505,28.587562415,28.593344092,1865,0,0.000000000,12.200,53,37,0
9,3,zero_drive,0,28.293259505,28.593599136,28.599470791,1865,0,0.000000000,12.200,53,37,0
9,3,zero_drive,0,28.293259505,28.599755315,28.605377896,1865,0,0.000000000,12.200,53,37,0
9,3,zero_drive,0,28.293259505,28.605636636,28.611327538,1865,0,0.000000000,12.200,53,37,0
9,3,zero_drive,0,28.293259505,28.611586101,28.617430832,1865,0,0.000000000,12.200,53,37,0
9,3,zero_drive,0,28.293259505,28.617678610,28.623228172,1865,0,0.000000000,12.200,53,38,0
9,3,zero_drive,0,28.293259505,28.623484075,28.629458306,1865,0,0.000000000,12.200,53,38,0
9,3,zero_drive,0,28.293259505,28.629712035,28.635220721,1865,0,0.000000000,12.200,53,37,0
9,3,zero_drive,0,28.293259505,28.635472768,28.641364790,1865,0,0.000000000,12.200,53,37,0
9,3,zero_drive,0,28.293259505,28.641618656,28.647298440,1865,0,0.000000000,12.200,53,37,0
9,3,zero_drive,0,28.293259505,28.647564163,28.653214040,1865,0,0.000000000,12.200,53,37,0
9,3,zero_drive,0,28.293259505,28.653474885,28.659477521,1865,0,0.000000000,12.200,53,37,0
9,3,zero_drive,0,28.293259505,28.659737562,28.665333511,1865,0,0.000000000,12.200,53,38,0
9,3,zero_drive,0,28.293259505,28.665593318,28.671441916,1865,0,0.000000000,12.200,53,38,0
9,3,zero_drive,0,28.293259505,28.671694771,28.677363121,1865,0,0.000000000,12.200,53,38,0
9,3,zero_drive,0,28.293259505,28.677623874,28.683409248,1865,0,0.000000000,12.200,53,37,0
9,3,zero_drive,0,28.293259505,28.683712340,28.689359859,1865,0,0.000000000,12.200,53,37,0
9,3,zero_drive,0,28.293259505,28.689612054,28.695249951,1865,0,0.000000000,12.200,53,37,0
9,3,zero_drive,0,28.293259505,28.695497032,28.701368700,1865,0,0.000000000,12.200,53,37,0
9,3,zero_drive,0,28.293259505,28.701681014,28.707178323,1865,0,0.000000000,12.200,53,37,0
9,3,zero_drive,0,28.293259505,28.707417435,28.713176156,1865,0,0.000000000,12.200,53,37,0
9,3,zero_drive,0,28.293259505,28.713423442,28.719441871,1865,0,0.000000000,12.200,53,38,0
9,3,zero_drive,0,28.293259505,28.719706931,28.725312617,1865,0,0.000000000,12.200,53,38,0
9,3,zero_drive,0,28.293259505,28.725564251,28.731272034,1865,0,0.000000000,12.200,53,38,0
9,3,zero_drive,0,28.293259505,28.731509254,28.737234934,1865,0,0.000000000,12.200,53,38,0
9,3,zero_drive,0,28.293259505,28.737479209,28.743126156,1865,0,0.000000000,12.200,53,37,0
9,3,zero_drive,0,28.293259505,28.743341141,28.749099577,1865,0,0.000000000,12.200,53,37,0
9,3,zero_drive,0,28.293259505,28.749303250,28.755248507,1865,0,0.000000000,12.200,53,38,0
9,3,zero_drive,0,28.293259505,28.755460938,28.761213609,1865,0,0.000000000,12.200,53,38,0
9,3,zero_drive,0,28.293259505,28.761419834,28.767192675,1865,0,0.000000000,12.200,53,38,0
9,3,zero_drive,0,28.293259505,28.767399186,28.773299221,1865,0,0.000000000,12.200,53,38,0
9,3,zero_drive,0,28.293259505,28.773510217,28.779178226,1865,0,0.000000000,12.200,53,37,0
9,3,zero_drive,0,28.293259505,28.779392334,28.785291223,1865,0,0.000000000,12.200,53,37,0
9,3,zero_drive,0,28.293259505,28.785531166,28.791110694,1865,0,0.000000000,12.200,53,37,0
9,3,zero_drive,0,28.293259505,28.791324126,28.797125251,1865,0,0.000000000,12.200,53,37,0
9,3,zero_drive,0,28.293259505,28.797344158,28.803164903,1865,0,0.000000000,12.200,53,37,0
9,3,zero_drive,0,28.293259505,28.803387754,28.809447493,1865,0,0.000000000,12.200,53,37,0
9,3,zero_drive,0,28.293259505,28.809729715,28.815294699,1865,0,0.000000000,12.200,53,37,0
9,3,zero_drive,0,28.293259505,28.815522526,28.821348398,1865,0,0.000000000,12.200,53,37,0
9,3,zero_drive,0,28.293259505,28.821583997,28.827195087,1865,0,0.000000000,12.200,53,37,0
9,3,zero_drive,0,28.293259505,28.827436821,28.833267772,1865,0,0.000000000,12.200,53,37,0
9,3,zero_drive,0,28.293259505,28.833484470,28.839090394,1865,0,0.000000000,12.200,53,37,0
9,3,zero_drive,0,28.293259505,28.839316229,28.845338705,1865,0,0.000000000,12.200,53,37,0
9,3,zero_drive,0,28.293259505,28.845595299,28.851654367,1865,0,0.000000000,12.200,53,38,0
9,3,zero_drive,0,28.293259505,28.851996433,28.857403162,1865,0,0.000000000,12.200,53,37,0
9,3,zero_drive,0,28.293259505,28.857657743,28.863385800,1865,0,0.000000000,12.200,53,37,0
9,3,zero_drive,0,28.293259505,28.863675005,28.869366276,1865,0,0.000000000,12.200,53,37,0
9,3,zero_drive,0,28.293259505,28.869636994,28.875366015,1865,0,0.000000000,12.200,53,38,0
9,3,zero_drive,0,28.293259505,28.875704349,28.881387509,1865,0,0.000000000,12.200,53,38,0
9,3,zero_drive,0,28.293259505,28.881644382,28.887406045,1865,0,0.000000000,12.200,53,37,0
9,3,zero_drive,0,28.293259505,28.887659012,28.893383489,1865,0,0.000000000,12.200,53,37,0
9,3,zero_drive,0,28.293259505,28.893642899,28.899353643,1865,0,0.000000000,12.200,53,37,0
9,3,zero_drive,0,28.293259505,28.899604112,28.905316430,1865,0,0.000000000,12.200,53,37,0
9,3,zero_drive,0,28.293259505,28.905567925,28.911372559,1865,0,0.000000000,12.200,53,37,0
9,3,zero_drive,0,28.293259505,28.911629227,28.917334089,1865,0,0.000000000,12.200,53,37,0
9,3,zero_drive,0,28.293259505,28.917580715,28.923193933,1865,0,0.000000000,12.200,53,38,0
9,3,zero_drive,0,28.293259505,28.923445564,28.929406651,1865,0,0.000000000,12.200,53,38,0
9,3,zero_drive,0,28.293259505,28.929662520,28.935396695,1865,0,0.000000000,12.200,53,38,0
9,3,zero_drive,0,28.293259505,28.935651116,28.941430883,1865,0,0.000000000,12.200,53,38,0
9,3,zero_drive,0,28.293259505,28.941684793,28.947349937,1865,0,0.000000000,12.200,53,37,0
9,3,zero_drive,0,28.293259505,28.947612295,28.953289638,1865,0,0.000000000,12.200,53,37,0
9,3,zero_drive,0,28.293259505,28.953619442,28.959256541,1865,0,0.000000000,12.200,53,37,0
9,3,zero_drive,0,28.293259505,28.959509173,28.965375377,1865,0,0.000000000,12.200,53,37,0
9,3,zero_drive,0,28.293259505,28.965633460,28.971372117,1865,0,0.000000000,12.200,53,37,0
9,3,zero_drive,0,28.293259505,28.971640573,28.977408111,1865,0,0.000000000,12.200,53,37,0
9,3,zero_drive,0,28.293259505,28.977665137,28.983254499,1865,0,0.000000000,12.200,53,37,0
9,3,zero_drive,0,28.293259505,28.983503216,28.989264655,1865,0,0.000000000,12.200,53,37,0
9,3,zero_drive,0,28.293259505,28.989520229,28.995254843,1865,0,0.000000000,12.200,53,37,0
9,3,zero_drive,0,28.293259505,28.995507457,29.001190040,1865,0,0.000000000,12.200,53,37,0
9,3,zero_drive,0,28.293259505,29.001580204,29.007344252,1865,0,0.000000000,12.200,53,37,0
9,3,zero_drive,0,28.293259505,29.007602909,29.013288794,1865,0,0.000000000,12.200,53,37,0
9,3,zero_drive,0,28.293259505,29.013543674,29.019286656,1865,0,0.000000000,12.200,53,37,0
9,3,zero_drive,0,28.293259505,29.019603171,29.025238823,1865,0,0.000000000,12.200,53,37,0
9,3,zero_drive,0,28.293259505,29.025556730,29.031352530,1865,0,0.000000000,12.200,53,37,0
9,3,zero_drive,0,28.293259505,29.031611494,29.037331571,1865,0,0.000000000,12.200,53,37,0
9,3,zero_drive,0,28.293259505,29.037587875,29.043311697,1865,0,0.000000000,12.200,53,37,0
9,3,zero_drive,0,28.293259505,29.043564960,29.049236731,1865,0,0.000000000,12.200,53,37,0
9,3,zero_drive,0,28.293259505,29.049487072,29.055317764,1865,0,0.000000000,12.200,53,37,0
9,3,zero_drive,0,28.293259505,29.055569550,29.061306358,1865,0,0.000000000,12.200,53,37,0
9,3,zero_drive,0,28.293259505,29.061560928,29.067325595,1865,0,0.000000000,12.200,53,37,0
9,3,zero_drive,0,28.293259505,29.067662410,29.073316975,1865,0,0.000000000,12.200,53,37,0
9,3,zero_drive,0,28.293259505,29.073568330,29.079354185,1865,0,0.000000000,12.200,53,37,0
9,3,zero_drive,0,28.293259505,29.079600706,29.085345807,1865,0,0.000000000,12.200,53,37,0
9,3,zero_drive,0,28.293259505,29.085597092,29.091304570,1865,0,0.000000000,12.200,53,37,0
9,3,zero_drive,0,28.293259505,29.091542145,29.097189534,1865,0,0.000000000,12.200,53,37,0
9,3,zero_drive,0,28.293259505,29.097438548,29.103254972,1865,0,0.000000000,12.200,53,37,0
9,3,zero_drive,0,28.293259505,29.103505909,29.109266349,1865,0,0.000000000,12.200,53,37,0
9,3,zero_drive,0,28.293259505,29.109511995,29.115128848,1865,0,0.000000000,12.200,53,37,0
9,3,zero_drive,0,28.293259505,29.115365388,29.121376250,1865,0,0.000000000,12.200,53,37,0
9,3,zero_drive,0,28.293259505,29.121628443,29.127394405,1865,0,0.000000000,12.200,53,37,0
9,3,zero_drive,0,28.293259505,29.127666770,29.133167839,1865,0,0.000000000,12.200,53,37,0
9,3,zero_drive,0,28.293259505,29.133418901,29.139305579,1865,0,0.000000000,12.200,53,37,0
9,3,zero_drive,0,28.293259505,29.139559764,29.145232374,1865,0,0.000000000,12.200,53,37,0
9,3,zero_drive,0,28.293259505,29.145549223,29.151212328,1865,0,0.000000000,12.200,53,37,0
9,3,zero_drive,0,28.293259505,29.151534857,29.157201411,1865,0,0.000000000,12.200,53,37,0
9,3,zero_drive,0,28.293259505,29.157457792,29.163326414,1865,0,0.000000000,12.200,53,37,0
9,3,zero_drive,0,28.293259505,29.163583667,29.169177952,1865,0,0.000000000,12.200,53,37,0
9,3,zero_drive,0,28.293259505,29.169448627,29.175540179,1865,0,0.000000000,12.200,53,37,0
9,3,zero_drive,0,28.293259505,29.175815922,29.181214678,1865,0,0.000000000,12.200,53,37,0
9,3,zero_drive,0,28.293259505,29.181480295,29.187371829,1865,0,0.000000000,12.200,53,37,0
9,3,zero_drive,0,28.293259505,29.187632218,29.193275642,1865,0,0.000000000,12.200,53,37,0
9,3,zero_drive,0,28.293259505,29.193531892,29.199146826,1865,0,0.000000000,12.200,53,37,0
9,3,zero_drive,0,28.293259505,29.199395614,29.205268963,1865,0,0.000000000,12.200,53,37,0
9,3,zero_drive,0,28.293259505,29.205523335,29.211256380,1865,0,0.000000000,12.200,53,37,0
9,3,zero_drive,0,28.293259505,29.211556500,29.217265701,1865,0,0.000000000,12.200,53,37,0
9,3,zero_drive,0,28.293259505,29.217509853,29.223265315,1865,0,0.000000000,12.200,53,38,0
9,3,zero_drive,0,28.293259505,29.223517436,29.229360922,1865,0,0.000000000,12.200,53,38,0
9,3,zero_drive,0,28.293259505,29.229612079,29.235233740,1865,0,0.000000000,12.200,53,37,0
9,3,zero_drive,0,28.293259505,29.235528849,29.241296190,1865,0,0.000000000,12.200,53,37,0
9,3,zero_drive,0,28.293259505,29.241551176,29.247384952,1865,0,0.000000000,12.200,53,37,0
9,3,zero_drive,0,28.293259505,29.247647654,29.253316610,1865,0,0.000000000,12.200,53,37,0
9,3,zero_drive,0,28.293259505,29.253599572,29.259250644,1865,0,0.000000000,12.200,53,37,0
9,4,pulse,200,29.271341384,29.277124018,29.283430394,1865,0,0.000000000,12.200,53,37,0
9,4,pulse,200,29.271341384,29.283734200,29.289384255,1866,0,0.000000000,12.200,53,74,0
9,4,pulse,200,29.271341384,29.289637942,29.295105974,1867,0,0.000000000,12.200,53,74,0
9,4,pulse,200,29.271341384,29.295359650,29.301198162,1869,200,0.306796158,12.200,53,74,0
9,4,pulse,200,29.271341384,29.301452172,29.307128232,1871,200,0.306796158,12.100,53,83,0
9,4,pulse,200,29.271341384,29.307385960,29.313258901,1873,400,0.613592315,12.100,53,83,0
9,4,pulse,200,29.271341384,29.313512273,29.319330373,1876,400,0.613592315,12.100,53,81,0
9,4,pulse,200,29.271341384,29.319584635,29.325249954,1879,450,0.690291355,12.100,53,81,0
9,4,pulse,200,29.271341384,29.325709837,29.331279474,1883,450,0.690291355,12.100,53,76,0
9,4,pulse,200,29.271341384,29.331534501,29.337319185,1884,450,0.690291355,12.100,53,76,0
9,4,pulse,200,29.271341384,29.337576954,29.343345724,1888,450,0.690291355,12.100,53,72,0
9,4,pulse,200,29.271341384,29.343596869,29.349268603,1891,500,0.766990394,12.100,53,72,0
9,4,pulse,200,29.271341384,29.349522104,29.355169993,1894,500,0.766990394,12.100,53,72,0
9,4,pulse,200,29.271341384,29.355425851,29.361370476,1897,500,0.766990394,12.100,53,72,0
9,4,pulse,200,29.271341384,29.361624371,29.367377568,1900,500,0.766990394,12.100,53,70,0
9,4,pulse,200,29.271341384,29.367638071,29.373261340,1904,550,0.843689433,12.100,53,70,0
9,4,pulse,200,29.271341384,29.373519689,29.379176446,1907,550,0.843689433,12.100,53,66,0
9,4,pulse,200,29.271341384,29.379433069,29.385556040,1910,550,0.843689433,12.100,53,66,0
9,4,pulse,200,29.271341384,29.385812312,29.391196124,1915,550,0.843689433,12.100,53,65,0
9,4,pulse,200,29.271341384,29.391449510,29.397178342,1917,550,0.843689433,12.100,53,65,0
9,4,pulse,200,29.271341384,29.397430855,29.403165698,1920,550,0.843689433,12.100,53,66,0
9,4,pulse,200,29.271341384,29.403421684,29.409302130,1923,550,0.843689433,12.100,53,66,0
9,4,pulse,200,29.271341384,29.409563839,29.415266901,1927,550,0.843689433,12.100,53,64,0
9,4,pulse,200,29.271341384,29.415565462,29.421209050,1930,550,0.843689433,12.100,53,64,0
9,4,zero_drive,0,29.271341384,29.433130117,29.439279180,1939,550,0.843689433,12.200,53,51,0
9,4,zero_drive,0,29.271341384,29.439534398,29.445363509,1941,450,0.690291355,12.200,53,51,0
9,4,zero_drive,0,29.271341384,29.445617819,29.451266165,1942,450,0.690291355,12.200,53,45,0
9,4,zero_drive,0,29.271341384,29.451580387,29.457251827,1943,150,0.230097118,12.200,53,45,0
9,4,zero_drive,0,29.271341384,29.457507543,29.463158251,1944,150,0.230097118,12.200,53,41,0
9,4,zero_drive,0,29.271341384,29.463412654,29.469302730,1944,100,0.153398079,12.200,53,41,0
9,4,zero_drive,0,29.271341384,29.469588935,29.475244059,1944,100,0.153398079,12.200,53,39,0
9,4,zero_drive,0,29.271341384,29.475510838,29.481246984,1944,0,0.000000000,12.200,53,39,0
9,4,zero_drive,0,29.271341384,29.481502120,29.487198947,1944,0,0.000000000,12.200,53,38,0
9,4,zero_drive,0,29.271341384,29.487457294,29.493306480,1944,0,0.000000000,12.200,53,38,0
9,4,zero_drive,0,29.271341384,29.493558829,29.499202814,1944,0,0.000000000,12.200,53,38,0
9,4,zero_drive,0,29.271341384,29.499453049,29.505165480,1944,0,0.000000000,12.200,53,38,0
9,4,zero_drive,0,29.271341384,29.505420221,29.511252534,1944,0,0.000000000,12.200,53,38,0
9,4,zero_drive,0,29.271341384,29.511511327,29.517131084,1944,0,0.000000000,12.200,53,38,0
9,4,zero_drive,0,29.271341384,29.517379258,29.523363994,1944,0,0.000000000,12.200,53,37,0
9,4,zero_drive,0,29.271341384,29.523617656,29.529258411,1944,0,0.000000000,12.200,53,37,0
9,4,zero_drive,0,29.271341384,29.529513170,29.535258716,1944,0,0.000000000,12.200,53,37,0
9,4,zero_drive,0,29.271341384,29.535515797,29.541253298,1944,0,0.000000000,12.200,53,37,0
9,4,zero_drive,0,29.271341384,29.541509389,29.547346958,1944,0,0.000000000,12.200,53,37,0
9,4,zero_drive,0,29.271341384,29.547609421,29.553315845,1944,0,0.000000000,12.200,53,37,0
9,4,zero_drive,0,29.271341384,29.553573585,29.559324787,1944,0,0.000000000,12.200,53,37,0
9,4,zero_drive,0,29.271341384,29.559578405,29.565211273,1944,0,0.000000000,12.200,53,37,0
9,4,zero_drive,0,29.271341384,29.565503526,29.571291879,1944,0,0.000000000,12.200,53,37,0
9,4,zero_drive,0,29.271341384,29.571548776,29.577317908,1944,0,0.000000000,12.200,53,37,0
9,4,zero_drive,0,29.271341384,29.577580314,29.583260755,1944,0,0.000000000,12.200,53,37,0
9,4,zero_drive,0,29.271341384,29.583511039,29.589178673,1944,0,0.000000000,12.200,53,37,0
9,4,zero_drive,0,29.271341384,29.589436507,29.595286500,1944,0,0.000000000,12.200,53,37,0
9,4,zero_drive,0,29.271341384,29.595540932,29.601226505,1944,0,0.000000000,12.200,53,37,0
9,4,zero_drive,0,29.271341384,29.601479065,29.607221597,1944,0,0.000000000,12.200,53,37,0
9,4,zero_drive,0,29.271341384,29.607474037,29.613327300,1944,0,0.000000000,12.200,53,37,0
9,4,zero_drive,0,29.271341384,29.613581982,29.619259372,1944,0,0.000000000,12.200,53,37,0
9,4,zero_drive,0,29.271341384,29.619518981,29.625471752,1944,0,0.000000000,12.200,53,37,0
9,4,zero_drive,0,29.271341384,29.625723016,29.631145197,1944,0,0.000000000,12.200,53,37,0
9,4,zero_drive,0,29.271341384,29.631402468,29.637168511,1944,0,0.000000000,12.200,53,37,0
9,4,zero_drive,0,29.271341384,29.637438772,29.643114068,1944,0,0.000000000,12.200,53,37,0
9,4,zero_drive,0,29.271341384,29.643369410,29.649239529,1944,0,0.000000000,12.200,53,37,0
9,4,zero_drive,0,29.271341384,29.649492525,29.655124376,1944,0,0.000000000,12.200,53,37,0
9,4,zero_drive,0,29.271341384,29.655378564,29.661306734,1944,0,0.000000000,12.200,53,37,0
9,4,zero_drive,0,29.271341384,29.661611675,29.667262255,1944,0,0.000000000,12.200,53,37,0
9,4,zero_drive,0,29.271341384,29.667659204,29.673131400,1944,0,0.000000000,12.200,53,37,0
9,4,zero_drive,0,29.271341384,29.673388003,29.679231949,1944,0,0.000000000,12.200,53,38,0
9,4,zero_drive,0,29.271341384,29.679485988,29.685272246,1944,0,0.000000000,12.200,53,38,0
9,4,zero_drive,0,29.271341384,29.685528526,29.691205439,1944,0,0.000000000,12.200,53,37,0
9,4,zero_drive,0,29.271341384,29.691454786,29.697264822,1944,0,0.000000000,12.200,53,37,0
9,4,zero_drive,0,29.271341384,29.697525489,29.703219563,1944,0,0.000000000,12.200,53,37,0
9,4,zero_drive,0,29.271341384,29.703476457,29.709117763,1944,0,0.000000000,12.200,53,37,0
9,4,zero_drive,0,29.271341384,29.709379330,29.715188652,1944,0,0.000000000,12.200,53,37,0
9,4,zero_drive,0,29.271341384,29.715450045,29.721429674,1944,0,0.000000000,12.200,53,37,0
9,4,zero_drive,0,29.271341384,29.721728708,29.727234632,1944,0,0.000000000,12.200,53,37,0
9,4,zero_drive,0,29.271341384,29.727488274,29.733190278,1944,0,0.000000000,12.200,53,37,0
9,4,zero_drive,0,29.271341384,29.733442153,29.739378675,1944,0,0.000000000,12.200,53,38,0
9,4,zero_drive,0,29.271341384,29.739631093,29.745263432,1944,0,0.000000000,12.200,53,38,0
9,4,zero_drive,0,29.271341384,29.745516530,29.751145045,1944,0,0.000000000,12.200,53,37,0
9,4,zero_drive,0,29.271341384,29.751459085,29.757061604,1944,0,0.000000000,12.200,53,37,0
9,4,zero_drive,0,29.271341384,29.757318523,29.763181202,1944,0,0.000000000,12.200,53,37,0
9,4,zero_drive,0,29.271341384,29.763435027,29.769333495,1944,0,0.000000000,12.200,53,37,0
9,4,zero_drive,0,29.271341384,29.769596481,29.775420960,1944,0,0.000000000,12.200,53,37,0
9,4,zero_drive,0,29.271341384,29.775732799,29.781284093,1944,0,0.000000000,12.200,53,37,0
9,4,zero_drive,0,29.271341384,29.781541203,29.787155318,1944,0,0.000000000,12.200,53,37,0
9,4,zero_drive,0,29.271341384,29.787410162,29.793272566,1944,0,0.000000000,12.200,53,37,0
9,4,zero_drive,0,29.271341384,29.793530890,29.799226645,1944,0,0.000000000,12.200,53,37,0
9,4,zero_drive,0,29.271341384,29.799477841,29.805234949,1944,0,0.000000000,12.200,53,37,0
9,4,zero_drive,0,29.271341384,29.805490314,29.811250562,1944,0,0.000000000,12.200,53,37,0
9,4,zero_drive,0,29.271341384,29.811565299,29.817057913,1944,0,0.000000000,12.200,53,37,0
9,4,zero_drive,0,29.271341384,29.817305293,29.823301708,1944,0,0.000000000,12.200,53,37,0
9,4,zero_drive,0,29.271341384,29.823560453,29.829063820,1944,0,0.000000000,12.200,53,37,0
9,4,zero_drive,0,29.271341384,29.829316913,29.835458505,1944,0,0.000000000,12.200,53,36,0
9,4,zero_drive,0,29.271341384,29.835804729,29.841235182,1944,0,0.000000000,12.200,53,37,0
9,4,zero_drive,0,29.271341384,29.841491298,29.847272779,1944,0,0.000000000,12.200,53,37,0
9,4,zero_drive,0,29.271341384,29.847531362,29.853028484,1944,0,0.000000000,12.200,53,37,0
9,4,zero_drive,0,29.271341384,29.853285669,29.859473677,1944,0,0.000000000,12.200,53,37,0
9,4,zero_drive,0,29.271341384,29.859758520,29.865148682,1944,0,0.000000000,12.200,53,37,0
9,4,zero_drive,0,29.271341384,29.865401023,29.871338598,1944,0,0.000000000,12.200,53,37,0
9,4,zero_drive,0,29.271341384,29.871598418,29.877096043,1944,0,0.000000000,12.200,53,37,0
9,4,zero_drive,0,29.271341384,29.877358818,29.883128984,1944,0,0.000000000,12.200,53,37,0
9,4,zero_drive,0,29.271341384,29.883384444,29.889141447,1944,0,0.000000000,12.200,53,37,0
9,4,zero_drive,0,29.271341384,29.889393784,29.895233050,1944,0,0.000000000,12.200,53,37,0
9,4,zero_drive,0,29.271341384,29.895479268,29.901174118,1944,0,0.000000000,12.200,53,37,0
9,4,zero_drive,0,29.271341384,29.901467063,29.907184050,1944,0,0.000000000,12.200,53,36,0
9,4,zero_drive,0,29.271341384,29.907432176,29.913263385,1944,0,0.000000000,12.200,53,36,0
9,4,zero_drive,0,29.271341384,29.913515345,29.919187876,1944,0,0.000000000,12.200,53,37,0
9,4,zero_drive,0,29.271341384,29.919452291,29.925357175,1944,0,0.000000000,12.200,53,37,0
9,4,zero_drive,0,29.271341384,29.925618446,29.931202983,1944,0,0.000000000,12.200,53,37,0
9,4,zero_drive,0,29.271341384,29.931448117,29.937239718,1944,0,0.000000000,12.200,53,37,0
9,4,zero_drive,0,29.271341384,29.937491038,29.943177793,1944,0,0.000000000,12.200,53,36,0
9,4,zero_drive,0,29.271341384,29.943411924,29.949252330,1944,0,0.000000000,12.200,53,36,0
9,4,zero_drive,0,29.271341384,29.949486329,29.955226651,1944,0,0.000000000,12.200,53,37,0
9,4,zero_drive,0,29.271341384,29.955471271,29.961115290,1944,0,0.000000000,12.200,53,37,0
9,4,zero_drive,0,29.271341384,29.961354124,29.967140083,1944,0,0.000000000,12.200,53,37,0
9,4,zero_drive,0,29.271341384,29.967364646,29.973157993,1944,0,0.000000000,12.200,53,37,0
9,4,zero_drive,0,29.271341384,29.973397408,29.979211868,1944,0,0.000000000,12.200,53,37,0
9,4,zero_drive,0,29.271341384,29.979449338,29.985200938,1944,0,0.000000000,12.200,53,37,0
9,4,zero_drive,0,29.271341384,29.985439055,29.991175734,1944,0,0.000000000,12.200,53,37,0
9,4,zero_drive,0,29.271341384,29.991412187,29.996999092,1944,0,0.000000000,12.200,53,37,0
9,4,zero_drive,0,29.271341384,29.997314514,30.003317989,1944,0,0.000000000,12.200,53,37,0
9,4,zero_drive,0,29.271341384,30.003567167,30.009214855,1944,0,0.000000000,12.200,53,37,0
9,4,zero_drive,0,29.271341384,30.009454195,30.015088748,1944,0,0.000000000,12.200,53,37,0
9,4,zero_drive,0,29.271341384,30.015331244,30.021239619,1944,0,0.000000000,12.200,53,37,0
9,4,zero_drive,0,29.271341384,30.021483429,30.027093412,1944,0,0.000000000,12.200,53,36,0
9,4,zero_drive,0,29.271341384,30.027340334,30.033206906,1944,0,0.000000000,12.200,53,36,0
9,4,zero_drive,0,29.271341384,30.033450461,30.039024515,1944,0,0.000000000,12.200,53,37,0
9,4,zero_drive,0,29.271341384,30.039266067,30.045135804,1944,0,0.000000000,12.200,53,37,0
9,4,zero_drive,0,29.271341384,30.045435359,30.051012685,1944,0,0.000000000,12.200,53,37,0
9,4,zero_drive,0,29.271341384,30.051302162,30.057061196,1944,0,0.000000000,12.200,53,37,0
9,4,zero_drive,0,29.271341384,30.057385476,30.063121553,1944,0,0.000000000,12.200,53,38,0
9,4,zero_drive,0,29.271341384,30.063366885,30.069148180,1944,0,0.000000000,12.200,53,38,0
9,4,zero_drive,0,29.271341384,30.069405446,30.075257113,1944,0,0.000000000,12.200,53,37,0
9,4,zero_drive,0,29.271341384,30.075548803,30.081170228,1944,0,0.000000000,12.200,53,37,0
9,4,zero_drive,0,29.271341384,30.081427810,30.087165723,1944,0,0.000000000,12.200,53,37,0
9,4,zero_drive,0,29.271341384,30.087421244,30.093080852,1944,0,0.000000000,12.200,53,37,0
9,4,zero_drive,0,29.271341384,30.093337528,30.099290891,1944,0,0.000000000,12.200,53,37,0
9,4,zero_drive,0,29.271341384,30.099541871,30.105101864,1944,0,0.000000000,12.200,53,37,0
9,4,zero_drive,0,29.271341384,30.105353930,30.111369496,1944,0,0.000000000,12.200,53,37,0
9,4,zero_drive,0,29.271341384,30.111641333,30.117222673,1944,0,0.000000000,12.200,53,37,0
9,4,zero_drive,0,29.271341384,30.117475212,30.123126519,1944,0,0.000000000,12.200,53,37,0
9,4,zero_drive,0,29.271341384,30.123378616,30.129145307,1944,0,0.000000000,12.200,53,37,0
9,4,zero_drive,0,29.271341384,30.129403598,30.135092508,1944,0,0.000000000,12.200,53,37,0
9,4,zero_drive,0,29.271341384,30.135345573,30.141254474,1944,0,0.000000000,12.200,53,37,0
9,4,zero_drive,0,29.271341384,30.141516956,30.147264702,1944,0,0.000000000,12.200,53,38,0
9,4,zero_drive,0,29.271341384,30.147526300,30.153177860,1944,0,0.000000000,12.200,53,38,0
9,4,zero_drive,0,29.271341384,30.153433562,30.159175503,1944,0,0.000000000,12.200,53,38,0
9,4,zero_drive,0,29.271341384,30.159432597,30.165160946,1944,0,0.000000000,12.200,53,38,0
9,4,zero_drive,0,29.271341384,30.165415839,30.171180337,1944,0,0.000000000,12.200,53,37,0
9,4,zero_drive,0,29.271341384,30.171437889,30.177195239,1944,0,0.000000000,12.200,53,37,0
9,4,zero_drive,0,29.271341384,30.177464888,30.183172976,1944,0,0.000000000,12.200,53,37,0
9,4,zero_drive,0,29.271341384,30.183424328,30.189267209,1944,0,0.000000000,12.200,53,37,0
9,4,zero_drive,0,29.271341384,30.189520214,30.195100597,1944,0,0.000000000,12.200,53,37,0
9,4,zero_drive,0,29.271341384,30.195352743,30.201226179,1944,0,0.000000000,12.200,53,37,0
9,4,zero_drive,0,29.271341384,30.201549617,30.207229616,1944,0,0.000000000,12.200,53,37,0
9,4,zero_drive,0,29.271341384,30.207483127,30.213166397,1944,0,0.000000000,12.200,53,37,0
9,4,zero_drive,0,29.271341384,30.213430493,30.219194653,1944,0,0.000000000,12.200,53,37,0
9,4,zero_drive,0,29.271341384,30.219473878,30.225315659,1944,0,0.000000000,12.200,53,37,0
9,4,zero_drive,0,29.271341384,30.225618050,30.231309453,1944,0,0.000000000,12.200,53,37,0
9,4,zero_drive,0,29.271341384,30.231565267,30.237325697,1944,0,0.000000000,12.200,53,37,0
10,0,pulse,25,30.339111247,30.345095913,30.351151693,1799,0,0.000000000,12.200,54,0,0
10,0,pulse,25,30.339111247,30.351513350,30.357235671,1799,0,0.000000000,12.200,54,0,0
10,0,pulse,25,30.339111247,30.357486493,30.363052220,1799,0,0.000000000,12.200,54,0,0
10,0,pulse,25,30.339111247,30.363345372,30.369252977,1799,0,0.000000000,12.200,54,0,0
10,0,pulse,25,30.339111247,30.369518455,30.375522588,1799,0,0.000000000,12.200,54,0,0
10,0,pulse,25,30.339111247,30.375826895,30.381351017,1799,0,0.000000000,12.200,54,0,0
10,0,pulse,25,30.339111247,30.381663973,30.387208780,1799,0,0.000000000,12.200,54,0,0
10,0,pulse,25,30.339111247,30.387468058,30.392990427,1799,0,0.000000000,12.200,54,0,0
10,0,pulse,25,30.339111247,30.393246284,30.399256057,1799,0,0.000000000,12.200,54,0,0
10,0,pulse,25,30.339111247,30.399510532,30.405069462,1799,0,0.000000000,12.200,54,0,0
10,0,pulse,25,30.339111247,30.405322729,30.411202486,1799,0,0.000000000,12.200,54,0,0
10,0,pulse,25,30.339111247,30.411464864,30.416977318,1799,0,0.000000000,12.200,54,0,0
10,0,pulse,25,30.339111247,30.417228607,30.423167225,1799,0,0.000000000,12.200,54,0,0
10,0,pulse,25,30.339111247,30.423422392,30.429119304,1799,0,0.000000000,12.200,54,0,0
10,0,pulse,25,30.339111247,30.429375929,30.435067387,1799,0,0.000000000,12.200,54,0,0
10,0,pulse,25,30.339111247,30.435383867,30.441173967,1799,0,0.000000000,12.200,54,0,0
10,0,pulse,25,30.339111247,30.441434117,30.447044170,1799,0,0.000000000,12.200,54,0,0
10,0,pulse,25,30.339111247,30.447302334,30.453043112,1799,0,0.000000000,12.200,54,0,0
10,0,pulse,25,30.339111247,30.453303616,30.459247290,1799,0,0.000000000,12.200,54,0,0
10,0,pulse,25,30.339111247,30.459506693,30.465132349,1799,0,0.000000000,12.200,54,0,0
10,0,pulse,25,30.339111247,30.465389084,30.471207063,1799,0,0.000000000,12.200,54,0,0
10,0,pulse,25,30.339111247,30.471464292,30.477051893,1799,0,0.000000000,12.200,54,0,0
10,0,pulse,25,30.339111247,30.477313452,30.483301338,1799,0,0.000000000,12.200,54,0,0
10,0,pulse,25,30.339111247,30.483554237,30.489060021,1799,0,0.000000000,12.100,54,0,0
10,0,zero_drive,0,30.339111247,30.501005077,30.507173163,1799,0,0.000000000,12.100,54,0,0
10,0,zero_drive,0,30.339111247,30.507427962,30.513103434,1799,0,0.000000000,12.100,54,0,0
10,0,zero_drive,0,30.339111247,30.513355820,30.519227412,1799,0,0.000000000,12.100,54,0,0
10,0,zero_drive,0,30.339111247,30.519488987,30.525520666,1799,0,0.000000000,12.100,54,0,0
10,0,zero_drive,0,30.339111247,30.525781055,30.531107351,1799,0,0.000000000,12.100,55,0,0
10,0,zero_drive,0,30.339111247,30.531361380,30.537280345,1799,0,0.000000000,12.100,55,0,0
10,0,zero_drive,0,30.339111247,30.537539397,30.543134972,1799,0,0.000000000,12.100,55,0,0
10,0,zero_drive,0,30.339111247,30.543390273,30.549099019,1799,0,0.000000000,12.200,55,0,0
10,0,zero_drive,0,30.339111247,30.549351737,30.555117887,1799,0,0.000000000,12.200,54,0,0
10,0,zero_drive,0,30.339111247,30.555372988,30.561091602,1799,0,0.000000000,12.200,54,0,0
10,0,zero_drive,0,30.339111247,30.561347237,30.567189187,1799,0,0.000000000,12.200,54,0,0
10,0,zero_drive,0,30.339111247,30.567436351,30.572991881,1799,0,0.000000000,12.200,54,0,0
10,0,zero_drive,0,30.339111247,30.573242626,30.579103245,1799,0,0.000000000,12.200,54,0,0
10,0,zero_drive,0,30.339111247,30.579359855,30.585146320,1799,0,0.000000000,12.200,54,0,0
10,0,zero_drive,0,30.339111247,30.585400507,30.591185179,1799,0,0.000000000,12.200,54,0,0
10,0,zero_drive,0,30.339111247,30.591433962,30.597009411,1799,0,0.000000000,12.100,54,0,0
10,0,zero_drive,0,30.339111247,30.597275189,30.603028004,1799,0,0.000000000,12.100,55,0,0
10,0,zero_drive,0,30.339111247,30.603287674,30.609315622,1799,0,0.000000000,12.100,55,0,0
10,0,zero_drive,0,30.339111247,30.609577341,30.615269990,1799,0,0.000000000,12.100,55,0,0
10,0,zero_drive,0,30.339111247,30.615528088,30.621241921,1799,0,0.000000000,12.100,55,0,0
10,0,zero_drive,0,30.339111247,30.621497250,30.627156588,1799,0,0.000000000,12.100,55,0,0
10,0,zero_drive,0,30.339111247,30.627415577,30.633069735,1799,0,0.000000000,12.100,55,0,0
10,0,zero_drive,0,30.339111247,30.633318701,30.639282831,1799,0,0.000000000,12.100,54,0,0
10,0,zero_drive,0,30.339111247,30.639541367,30.645135339,1799,0,0.000000000,12.100,54,0,0
10,0,zero_drive,0,30.339111247,30.645392081,30.650965504,1799,0,0.000000000,12.100,54,0,0
10,0,zero_drive,0,30.339111247,30.651258241,30.657232893,1799,0,0.000000000,12.200,54,0,0
10,0,zero_drive,0,30.339111247,30.657490080,30.663146819,1799,0,0.000000000,12.200,54,0,0
10,0,zero_drive,0,30.339111247,30.663402651,30.669053304,1799,0,0.000000000,12.100,54,0,0
10,0,zero_drive,0,30.339111247,30.669375543,30.675286866,1799,0,0.000000000,12.100,54,0,0
10,0,zero_drive,0,30.339111247,30.675587016,30.681075216,1799,0,0.000000000,12.100,54,0,0
10,0,zero_drive,0,30.339111247,30.681345319,30.687046656,1799,0,0.000000000,12.100,54,0,0
10,0,zero_drive,0,30.339111247,30.687304346,30.693016382,1799,0,0.000000000,12.100,54,0,0
10,0,zero_drive,0,30.339111247,30.693274214,30.699168987,1799,0,0.000000000,12.100,55,0,0
10,0,zero_drive,0,30.339111247,30.699421353,30.705236161,1799,0,0.000000000,12.100,55,0,0
10,0,zero_drive,0,30.339111247,30.705488984,30.710978740,1799,0,0.000000000,12.100,54,0,0
10,0,zero_drive,0,30.339111247,30.711238345,30.717181571,1799,0,0.000000000,12.200,54,0,0
10,0,zero_drive,0,30.339111247,30.717436122,30.723022126,1799,0,0.000000000,12.200,55,0,0
10,0,zero_drive,0,30.339111247,30.723275904,30.729188517,1799,0,0.000000000,12.200,55,0,0
10,0,zero_drive,0,30.339111247,30.729444536,30.735037340,1799,0,0.000000000,12.200,54,0,0
10,0,zero_drive,0,30.339111247,30.735398151,30.741030917,1799,0,0.000000000,12.200,54,0,0
10,0,zero_drive,0,30.339111247,30.741284923,30.747095974,1799,0,0.000000000,12.200,54,0,0
10,0,zero_drive,0,30.339111247,30.747350401,30.753146824,1799,0,0.000000000,12.200,54,0,0
10,0,zero_drive,0,30.339111247,30.753405713,30.759279539,1799,0,0.000000000,12.200,54,0,0
10,0,zero_drive,0,30.339111247,30.759534261,30.765109170,1799,0,0.000000000,12.100,54,0,0
10,0,zero_drive,0,30.339111247,30.765365551,30.771112205,1799,0,0.000000000,12.100,55,0,0
10,0,zero_drive,0,30.339111247,30.771368018,30.776998072,1799,0,0.000000000,12.100,55,0,0
10,0,zero_drive,0,30.339111247,30.777254931,30.783122755,1799,0,0.000000000,12.100,54,0,0
10,0,zero_drive,0,30.339111247,30.783384417,30.789087501,1799,0,0.000000000,12.100,54,0,0
10,0,zero_drive,0,30.339111247,30.789341806,30.795123169,1799,0,0.000000000,12.100,54,0,0
10,0,zero_drive,0,30.339111247,30.795378689,30.801007324,1799,0,0.000000000,12.100,54,0,0
10,0,zero_drive,0,30.339111247,30.801322600,30.807201247,1799,0,0.000000000,12.100,54,0,0
10,0,zero_drive,0,30.339111247,30.807454368,30.813130552,1799,0,0.000000000,12.100,54,0,0
10,0,zero_drive,0,30.339111247,30.813386666,30.818984159,1799,0,0.000000000,12.100,54,0,0
10,0,zero_drive,0,30.339111247,30.819246206,30.825293436,1799,0,0.000000000,12.200,54,0,0
10,0,zero_drive,0,30.339111247,30.825576768,30.831192392,1799,0,0.000000000,12.200,55,0,0
10,0,zero_drive,0,30.339111247,30.831450206,30.837030563,1799,0,0.000000000,12.200,55,0,0
10,0,zero_drive,0,30.339111247,30.837284138,30.843062070,1799,0,0.000000000,12.200,54,0,0
10,0,zero_drive,0,30.339111247,30.843318491,30.849053081,1799,0,0.000000000,12.200,54,0,0
10,0,zero_drive,0,30.339111247,30.849308210,30.855099110,1799,0,0.000000000,12.200,54,0,0
10,0,zero_drive,0,30.339111247,30.855359126,30.861218915,1799,0,0.000000000,12.200,54,0,0
10,0,zero_drive,0,30.339111247,30.861575442,30.867057195,1799,0,0.000000000,12.200,54,0,0
10,0,zero_drive,0,30.339111247,30.867315267,30.873084005,1799,0,0.000000000,12.200,54,0,0
10,0,zero_drive,0,30.339111247,30.873337413,30.879040192,1799,0,0.000000000,12.200,55,0,0
10,0,zero_drive,0,30.339111247,30.879294896,30.885254590,1799,0,0.000000000,12.200,55,0,0
10,0,zero_drive,0,30.339111247,30.885505272,30.890986629,1799,0,0.000000000,12.200,54,0,0
10,0,zero_drive,0,30.339111247,30.891245160,30.897062821,1799,0,0.000000000,12.200,54,0,0
10,0,zero_drive,0,30.339111247,30.897323737,30.903199908,1799,0,0.000000000,12.200,54,0,0
10,0,zero_drive,0,30.339111247,30.903457404,30.909096098,1799,0,0.000000000,12.200,54,0,0
10,0,zero_drive,0,30.339111247,30.909352245,30.915240279,1799,0,0.000000000,12.200,54,0,0
10,0,zero_drive,0,30.339111247,30.915492526,30.921182262,1799,0,0.000000000,12.100,54,0,0
10,0,zero_drive,0,30.339111247,30.921436814,30.927030392,1799,0,0.000000000,12.100,54,0,0
10,0,zero_drive,0,30.339111247,30.927289212,30.933167893,1799,0,0.000000000,12.100,54,0,0
10,0,zero_drive,0,30.339111247,30.933418180,30.939149074,1799,0,0.000000000,12.100,54,0,0
10,0,zero_drive,0,30.339111247,30.939406383,30.945111079,1799,0,0.000000000,12.100,54,0,0
10,0,zero_drive,0,30.339111247,30.945406956,30.950917309,1799,0,0.000000000,12.100,54,0,0
10,0,zero_drive,0,30.339111247,30.951164268,30.956988150,1799,0,0.000000000,12.100,54,0,0
10,0,zero_drive,0,30.339111247,30.957243465,30.963144664,1799,0,0.000000000,12.100,54,0,0
10,0,zero_drive,0,30.339111247,30.963455657,30.969130918,1799,0,0.000000000,12.100,54,0,0
10,0,zero_drive,0,30.339111247,30.969385143,30.975207978,1799,0,0.000000000,12.100,54,0,0
10,0,zero_drive,0,30.339111247,30.975557936,30.981277147,1799,0,0.000000000,12.100,54,0,0
10,0,zero_drive,0,30.339111247,30.981538440,30.987052756,1799,0,0.000000000,12.100,54,0,0
10,0,zero_drive,0,30.339111247,30.987306864,30.992998078,1799,0,0.000000000,12.100,54,0,0
10,0,zero_drive,0,30.339111247,30.993253616,30.999158023,1799,0,0.000000000,12.100,55,0,0
10,0,zero_drive,0,30.339111247,30.999407718,31.004998996,1799,0,0.000000000,12.100,55,0,0
10,0,zero_drive,0,30.339111247,31.005255365,31.011105481,1799,0,0.000000000,12.100,54,0,0
10,0,zero_drive,0,30.339111247,31.011383465,31.016964091,1799,0,0.000000000,12.100,54,0,0
10,0,zero_drive,0,30.339111247,31.017213724,31.023084895,1799,0,0.000000000,12.100,54,0,0
10,0,zero_drive,0,30.339111247,31.023335534,31.029192320,1799,0,0.000000000,12.100,54,0,0
10,0,zero_drive,0,30.339111247,31.029451778,31.035089516,1799,0,0.000000000,12.100,54,0,0
10,0,zero_drive,0,30.339111247,31.035394610,31.040988064,1799,0,0.000000000,12.100,54,0,0
10,0,zero_drive,0,30.339111247,31.041247034,31.047123004,1799,0,0.000000000,12.100,55,0,0
10,0,zero_drive,0,30.339111247,31.047377405,31.052982494,1799,0,0.000000000,12.100,55,0,0
10,0,zero_drive,0,30.339111247,31.053238777,31.059229728,1799,0,0.000000000,12.100,54,0,0
10,0,zero_drive,0,30.339111247,31.059483309,31.065174161,1799,0,0.000000000,12.100,54,0,0
10,0,zero_drive,0,30.339111247,31.065434012,31.070982670,1799,0,0.000000000,12.100,54,0,0
10,0,zero_drive,0,30.339111247,31.071236740,31.077144651,1799,0,0.000000000,12.100,54,0,0
10,0,zero_drive,0,30.339111247,31.077402511,31.083057410,1799,0,0.000000000,12.100,55,0,0
10,0,zero_drive,0,30.339111247,31.083309597,31.089113449,1799,0,0.000000000,12.100,55,0,0
10,0,zero_drive,0,30.339111247,31.089365608,31.095046730,1799,0,0.000000000,12.100,54,0,0
10,0,zero_drive,0,30.339111247,31.095300399,31.101187431,1799,0,0.000000000,12.100,54,0,0
10,0,zero_drive,0,30.339111247,31.101634020,31.107058613,1799,0,0.000000000,12.100,54,0,0
10,0,zero_drive,0,30.339111247,31.107306977,31.112959353,1799,0,0.000000000,12.100,54,0,0
10,0,zero_drive,0,30.339111247,31.113206761,31.119009480,1799,0,0.000000000,12.100,55,0,0
10,0,zero_drive,0,30.339111247,31.119299966,31.124926997,1799,0,0.000000000,12.100,55,0,0
10,0,zero_drive,0,30.339111247,31.125174255,31.131203669,1799,0,0.000000000,12.100,54,0,0
10,0,zero_drive,0,30.339111247,31.131449136,31.137318620,1799,0,0.000000000,12.100,54,0,0
10,0,zero_drive,0,30.339111247,31.137572574,31.142988463,1799,0,0.000000000,12.100,54,0,0
10,0,zero_drive,0,30.339111247,31.143235306,31.149117097,1799,0,0.000000000,12.100,54,0,0
10,0,zero_drive,0,30.339111247,31.149361971,31.155180258,1799,0,0.000000000,12.100,54,0,0
10,0,zero_drive,0,30.339111247,31.155433545,31.160990855,1799,0,0.000000000,12.100,54,0,0
10,0,zero_drive,0,30.339111247,31.161231248,31.167008156,1799,0,0.000000000,12.100,55,0,0
10,0,zero_drive,0,30.339111247,31.167237750,31.172941790,1799,0,0.000000000,12.100,55,0,0
10,0,zero_drive,0,30.339111247,31.173171755,31.178833005,1799,0,0.000000000,12.100,54,0,0
10,0,zero_drive,0,30.339111247,31.179046662,31.185094975,1799,0,0.000000000,12.100,54,0,0
10,0,zero_drive,0,30.339111247,31.185327543,31.191034052,1799,0,0.000000000,12.100,54,0,0
10,0,zero_drive,0,30.339111247,31.191249379,31.196752589,1799,0,0.000000000,12.100,54,0,0
10,0,zero_drive,0,30.339111247,31.196963067,31.202981710,1799,0,0.000000000,12.100,54,0,0
10,0,zero_drive,0,30.339111247,31.203202474,31.209030750,1799,0,0.000000000,12.100,54,0,0
10,0,zero_drive,0,30.339111247,31.209240978,31.214965160,1799,0,0.000000000,12.100,55,0,0
10,0,zero_drive,0,30.339111247,31.215206480,31.221089956,1799,0,0.000000000,12.100,55,0,0
10,0,zero_drive,0,30.339111247,31.221309860,31.226966371,1799,0,0.000000000,12.100,54,0,0
10,0,zero_drive,0,30.339111247,31.227179778,31.232982091,1799,0,0.000000000,12.100,54,0,0
10,0,zero_drive,0,30.339111247,31.233191635,31.238891295,1799,0,0.000000000,12.100,55,0,0
10,0,zero_drive,0,30.339111247,31.239109826,31.244982738,1799,0,0.000000000,12.100,55,0,0
10,0,zero_drive,0,30.339111247,31.245195861,31.251099235,1799,0,0.000000000,12.100,55,0,0
10,0,zero_drive,0,30.339111247,31.251319033,31.257028195,1799,0,0.000000000,12.100,55,0,0
10,0,zero_drive,0,30.339111247,31.257250799,31.263123164,1799,0,0.000000000,12.100,54,0,0
10,0,zero_drive,0,30.339111247,31.263369457,31.268958530,1799,0,0.000000000,12.100,54,0,0
10,0,zero_drive,0,30.339111247,31.269223254,31.274978857,1799,0,0.000000000,12.100,54,0,0
10,0,zero_drive,0,30.339111247,31.275235786,31.281200803,1799,0,0.000000000,12.100,54,0,0
10,0,zero_drive,0,30.339111247,31.281459203,31.287140032,1799,0,0.000000000,12.100,54,0,0
10,0,zero_drive,0,30.339111247,31.287399039,31.293204445,1799,0,0.000000000,12.100,54,0,0
10,0,zero_drive,0,30.339111247,31.293501796,31.299105404,1799,0,0.000000000,12.100,54,0,0
10,0,zero_drive,0,30.339111247,31.299360871,31.305037337,1799,0,0.000000000,12.100,54,0,0
10,1,pulse,50,31.317046162,31.323046735,31.329103293,1799,0,0.000000000,12.100,54,0,0
10,1,pulse,50,31.317046162,31.329362821,31.335142875,1799,0,0.000000000,12.100,54,0,0
10,1,pulse,50,31.317046162,31.335399476,31.340926659,1799,0,0.000000000,12.100,54,0,0
10,1,pulse,50,31.317046162,31.341185707,31.347143984,1799,0,0.000000000,12.100,55,0,0
10,1,pulse,50,31.317046162,31.347402226,31.353135562,1799,0,0.000000000,12.100,55,0,0
10,1,pulse,50,31.317046162,31.353475679,31.359181351,1799,0,0.000000000,12.100,54,0,0
10,1,pulse,50,31.317046162,31.359441050,31.365024189,1799,0,0.000000000,12.100,54,0,0
10,1,pulse,50,31.317046162,31.365279872,31.370990856,1799,0,0.000000000,12.100,54,0,0
10,1,pulse,50,31.317046162,31.371253307,31.377046888,1799,0,0.000000000,12.100,54,0,0
10,1,pulse,50,31.317046162,31.377313306,31.383092106,1799,0,0.000000000,12.100,54,0,0
10,1,pulse,50,31.317046162,31.383348001,31.388938488,1799,0,0.000000000,12.100,54,0,0
10,1,pulse,50,31.317046162,31.389197183,31.395136328,1800,0,0.000000000,12.100,54,0,0
10,1,pulse,50,31.317046162,31.395395188,31.401130185,1801,100,0.153398079,12.100,54,0,0
10,1,pulse,50,31.317046162,31.401429779,31.407055010,1801,100,0.153398079,12.100,54,0,0
10,1,pulse,50,31.317046162,31.407312439,31.413107995,1802,100,0.153398079,12.100,54,0,0
10,1,pulse,50,31.317046162,31.413366415,31.419162209,1802,100,0.153398079,12.100,54,0,0
10,1,pulse,50,31.317046162,31.419436600,31.425061219,1803,100,0.153398079,12.100,54,0,0
10,1,pulse,50,31.317046162,31.425320460,31.430981178,1804,100,0.153398079,12.100,54,0,0
10,1,pulse,50,31.317046162,31.431240615,31.437045045,1804,100,0.153398079,12.100,54,0,0
10,1,pulse,50,31.317046162,31.437304542,31.442998702,1805,100,0.153398079,12.100,54,0,0
10,1,pulse,50,31.317046162,31.443257736,31.448967354,1806,100,0.153398079,12.100,54,0,0
10,1,pulse,50,31.317046162,31.449229398,31.454967481,1806,100,0.153398079,12.100,54,0,0
10,1,pulse,50,31.317046162,31.455225829,31.460876255,1807,150,0.230097118,12.100,54,0,0
10,1,pulse,50,31.317046162,31.461136550,31.467051395,1808,150,0.230097118,12.100,54,0,0
10,1,zero_drive,0,31.317046162,31.478999686,31.485057811,1809,100,0.153398079,12.100,55,0,0
10,1,zero_drive,0,31.317046162,31.485312829,31.491008852,1809,100,0.153398079,12.100,55,0,0
10,1,zero_drive,0,31.317046162,31.491261737,31.496947820,1809,0,0.000000000,12.100,55,0,0
10,1,zero_drive,0,31.317046162,31.497203800,31.502924233,1809,0,0.000000000,12.100,54,0,0
10,1,zero_drive,0,31.317046162,31.503183671,31.509115998,1809,0,0.000000000,12.100,54,0,0
10,1,zero_drive,0,31.317046162,31.509375390,31.515148282,1809,0,0.000000000,12.100,55,0,0
10,1,zero_drive,0,31.317046162,31.515396638,31.521140904,1809,0,0.000000000,12.100,55,0,0
10,1,zero_drive,0,31.317046162,31.521452473,31.527062155,1809,0,0.000000000,12.100,54,0,0
10,1,zero_drive,0,31.317046162,31.527321079,31.533090034,1809,0,0.000000000,12.100,54,0,0
10,1,zero_drive,0,31.317046162,31.533353924,31.539076926,1809,0,0.000000000,12.100,55,0,0
10,1,zero_drive,0,31.317046162,31.539333647,31.545042444,1809,0,0.000000000,12.100,55,0,0
10,1,zero_drive,0,31.317046162,31.545297809,31.551061929,1809,0,0.000000000,12.100,55,0,0
10,1,zero_drive,0,31.317046162,31.551482866,31.557088180,1809,0,0.000000000,12.100,55,0,0
10,1,zero_drive,0,31.317046162,31.557342246,31.563093850,1809,0,0.000000000,12.100,54,0,0
10,1,zero_drive,0,31.317046162,31.563350071,31.569116523,1809,0,0.000000000,12.100,54,0,0
10,1,zero_drive,0,31.317046162,31.569382791,31.575114459,1809,0,0.000000000,12.100,55,0,0
10,1,zero_drive,0,31.317046162,31.575423283,31.581102961,1809,0,0.000000000,12.100,55,0,0
10,1,zero_drive,0,31.317046162,31.581359220,31.586987294,1809,0,0.000000000,12.100,54,0,0
10,1,zero_drive,0,31.317046162,31.587262654,31.593096744,1809,0,0.000000000,12.100,54,0,0
10,1,zero_drive,0,31.317046162,31.593418022,31.598907883,1809,0,0.000000000,12.100,55,0,0
10,1,zero_drive,0,31.317046162,31.599162662,31.605136552,1809,0,0.000000000,12.100,55,0,0
10,1,zero_drive,0,31.317046162,31.605396174,31.611011219,1809,0,0.000000000,12.100,55,0,0
10,1,zero_drive,0,31.317046162,31.611263118,31.616910021,1809,0,0.000000000,12.100,55,0,0
10,1,zero_drive,0,31.317046162,31.617157427,31.622943776,1809,0,0.000000000,12.100,54,0,0
10,1,zero_drive,0,31.317046162,31.623202642,31.629063411,1809,0,0.000000000,12.100,54,0,0
10,1,zero_drive,0,31.317046162,31.629320651,31.634998099,1809,0,0.000000000,12.100,55,0,0
10,1,zero_drive,0,31.317046162,31.635258088,31.640936724,1809,0,0.000000000,12.100,55,0,0
10,1,zero_drive,0,31.317046162,31.641194145,31.647155014,1809,0,0.000000000,12.100,55,0,0
10,1,zero_drive,0,31.317046162,31.647412480,31.653125729,1809,0,0.000000000,12.100,55,0,0
10,1,zero_drive,0,31.317046162,31.653393218,31.659223731,1809,0,0.000000000,12.100,54,0,0
10,1,zero_drive,0,31.317046162,31.659479704,31.665075692,1809,0,0.000000000,12.100,54,0,0
10,1,zero_drive,0,31.317046162,31.665330115,31.671001192,1809,0,0.000000000,12.100,55,0,0
10,1,zero_drive,0,31.317046162,31.671257719,31.676970398,1809,0,0.000000000,12.100,55,0,0
10,1,zero_drive,0,31.317046162,31.677229551,31.682960204,1809,0,0.000000000,12.100,55,0,0
10,1,zero_drive,0,31.317046162,31.683213885,31.689159097,1809,0,0.000000000,12.100,55,0,0
10,1,zero_drive,0,31.317046162,31.689412966,31.695276276,1809,0,0.000000000,12.100,54,0,0
10,1,zero_drive,0,31.317046162,31.695544740,31.701154196,1809,0,0.000000000,12.100,54,0,0
10,1,zero_drive,0,31.317046162,31.701411421,31.707116880,1809,0,0.000000000,12.100,54,0,0
10,1,zero_drive,0,31.317046162,31.707374081,31.713152324,1809,0,0.000000000,12.100,54,0,0
10,1,zero_drive,0,31.317046162,31.713407470,31.718908299,1809,0,0.000000000,12.100,54,0,0
10,1,zero_drive,0,31.317046162,31.719173572,31.725257709,1809,0,0.000000000,12.100,54,0,0
10,1,zero_drive,0,31.317046162,31.725568754,31.730925989,1809,0,0.000000000,12.100,55,0,0
10,1,zero_drive,0,31.317046162,31.731189008,31.737152837,1809,0,0.000000000,12.100,55,0,0
10,1,zero_drive,0,31.317046162,31.737409784,31.742986168,1809,0,0.000000000,12.100,55,0,0
10,1,zero_drive,0,31.317046162,31.743241155,31.749111654,1809,0,0.000000000,12.100,55,0,0
10,1,zero_drive,0,31.317046162,31.749364997,31.755125354,1809,0,0.000000000,12.100,54,0,0
10,1,zero_drive,0,31.317046162,31.755381369,31.760913944,1809,0,0.000000000,12.100,54,0,0
10,1,zero_drive,0,31.317046162,31.761174064,31.767127960,1809,0,0.000000000,12.100,54,0,0
10,1,zero_drive,0,31.317046162,31.767439104,31.772896324,1809,0,0.000000000,12.100,54,0,0
10,1,zero_drive,0,31.317046162,31.773152279,31.779119523,1809,0,0.000000000,12.100,54,0,0
10,1,zero_drive,0,31.317046162,31.779374482,31.785288344,1809,0,0.000000000,12.100,54,0,0
10,1,zero_drive,0,31.317046162,31.785828782,31.790959974,1809,0,0.000000000,12.100,54,0,0
10,1,zero_drive,0,31.317046162,31.791217397,31.797203104,1809,0,0.000000000,12.100,54,0,0
10,1,zero_drive,0,31.317046162,31.797504529,31.803140424,1809,0,0.000000000,12.100,54,0,0
10,1,zero_drive,0,31.317046162,31.803399872,31.809066837,1809,0,0.000000000,12.100,54,0,0
10,1,zero_drive,0,31.317046162,31.809330634,31.815038893,1809,0,0.000000000,12.100,54,0,0
10,1,zero_drive,0,31.317046162,31.815291800,31.822130324,1809,0,0.000000000,12.100,54,0,0
10,1,zero_drive,0,31.317046162,31.822913782,31.827911591,1809,0,0.000000000,12.100,54,0,0
10,1,zero_drive,0,31.317046162,31.828221233,31.833327019,1809,0,0.000000000,12.100,54,0,0
10,1,zero_drive,0,31.317046162,31.833578375,31.838990564,1809,0,0.000000000,12.100,54,0,0
10,1,zero_drive,0,31.317046162,31.839242343,31.845142504,1809,0,0.000000000,12.100,54,0,0
10,1,zero_drive,0,31.317046162,31.845399834,31.851092811,1809,0,0.000000000,12.100,55,0,0
10,1,zero_drive,0,31.317046162,31.851391950,31.857168025,1809,0,0.000000000,12.100,55,0,0
10,1,zero_drive,0,31.317046162,31.857424468,31.862895144,1809,0,0.000000000,12.100,55,0,0
10,1,zero_drive,0,31.317046162,31.863148399,31.869340323,1809,0,0.000000000,12.100,55,0,0
10,1,zero_drive,0,31.317046162,31.869590869,31.874945637,1809,0,0.000000000,12.100,55,0,0
10,1,zero_drive,0,31.317046162,31.875236875,31.881116667,1809,0,0.000000000,12.100,55,0,0
10,1,zero_drive,0,31.317046162,31.881349170,31.887375570,1809,0,0.000000000,12.100,55,0,0
10,1,zero_drive,0,31.317046162,31.887631636,31.892843494,1809,0,0.000000000,12.100,55,0,0
10,1,zero_drive,0,31.317046162,31.893069264,31.898978328,1809,0,0.000000000,12.100,55,0,0
10,1,zero_drive,0,31.317046162,31.899195070,31.904850257,1809,0,0.000000000,12.200,55,0,0
10,1,zero_drive,0,31.317046162,31.905063520,31.910969601,1809,0,0.000000000,12.200,54,0,0
10,1,zero_drive,0,31.317046162,31.911190840,31.916900651,1809,0,0.000000000,12.200,54,0,0
10,1,zero_drive,0,31.317046162,31.917135302,31.922956003,1809,0,0.000000000,12.200,54,0,0
10,1,zero_drive,0,31.317046162,31.923195582,31.929043061,1809,0,0.000000000,12.200,54,0,0
10,1,zero_drive,0,31.317046162,31.929295275,31.934935861,1809,0,0.000000000,12.200,54,0,0
10,1,zero_drive,0,31.317046162,31.935188010,31.940860352,1809,0,0.000000000,12.200,54,0,0
10,1,zero_drive,0,31.317046162,31.941113254,31.947011188,1809,0,0.000000000,12.200,55,0,0
10,1,zero_drive,0,31.317046162,31.947263039,31.953330875,1809,0,0.000000000,12.200,55,0,0
10,1,zero_drive,0,31.317046162,31.953621017,31.959077656,1809,0,0.000000000,12.200,54,0,0
10,1,zero_drive,0,31.317046162,31.959348592,31.964959295,1809,0,0.000000000,12.200,54,0,0
10,1,zero_drive,0,31.317046162,31.965221702,31.971139385,1809,0,0.000000000,12.200,55,0,0
10,1,zero_drive,0,31.317046162,31.971398799,31.976945786,1809,0,0.000000000,12.200,55,0,0
10,1,zero_drive,0,31.317046162,31.977198613,31.982887639,1809,0,0.000000000,12.200,55,0,0
10,1,zero_drive,0,31.317046162,31.983130322,31.988957766,1809,0,0.000000000,12.200,55,0,0
10,1,zero_drive,0,31.317046162,31.989212571,31.995123083,1809,0,0.000000000,12.200,55,0,0
10,1,zero_drive,0,31.317046162,31.995417171,32.002534344,1809,0,0.000000000,12.200,55,0,0
10,1,zero_drive,0,31.317046162,32.003249678,32.013033902,1809,0,0.000000000,12.200,54,0,0
10,1,zero_drive,0,31.317046162,32.013289287,32.019069798,1809,0,0.000000000,12.200,54,0,0
10,1,zero_drive,0,31.317046162,32.019330173,32.025422534,1809,0,0.000000000,12.200,54,0,0
10,1,zero_drive,0,31.317046162,32.025888344,32.031115462,1809,0,0.000000000,12.200,54,0,0
10,1,zero_drive,0,31.317046162,32.031367341,32.037122971,1809,0,0.000000000,12.200,54,0,0
10,1,zero_drive,0,31.317046162,32.037379336,32.043004918,1809,0,0.000000000,12.200,55,0,0
10,1,zero_drive,0,31.317046162,32.043254824,32.048843495,1809,0,0.000000000,12.200,55,0,0
10,1,zero_drive,0,31.317046162,32.049090173,32.055033485,1809,0,0.000000000,12.200,55,0,0
10,1,zero_drive,0,31.317046162,32.055279918,32.061055925,1809,0,0.000000000,12.100,55,0,0
10,1,zero_drive,0,31.317046162,32.061325526,32.066997389,1809,0,0.000000000,12.100,54,0,0
10,1,zero_drive,0,31.317046162,32.067238712,32.073809101,1809,0,0.000000000,12.100,54,0,0
10,1,zero_drive,0,31.317046162,32.074182864,32.079017852,1809,0,0.000000000,12.100,55,0,0
10,1,zero_drive,0,31.317046162,32.079274769,32.084968809,1809,0,0.000000000,12.100,55,0,0
10,1,zero_drive,0,31.317046162,32.085223575,32.090893212,1809,0,0.000000000,12.100,54,0,0
10,1,zero_drive,0,31.317046162,32.091152984,32.096938188,1809,0,0.000000000,12.100,54,0,0
10,1,zero_drive,0,31.317046162,32.097191960,32.102972982,1809,0,0.000000000,12.100,55,0,0
10,1,zero_drive,0,31.317046162,32.103232134,32.109159396,1809,0,0.000000000,12.200,55,0,0
10,1,zero_drive,0,31.317046162,32.109414990,32.115109831,1809,0,0.000000000,12.200,54,0,0
10,1,zero_drive,0,31.317046162,32.115366974,32.121179989,1809,0,0.000000000,12.100,54,0,0
10,1,zero_drive,0,31.317046162,32.121445983,32.127062038,1809,0,0.000000000,12.100,54,0,0
10,1,zero_drive,0,31.317046162,32.127322687,32.133017888,1809,0,0.000000000,12.200,54,0,0
10,1,zero_drive,0,31.317046162,32.133268542,32.138835873,1809,0,0.000000000,12.200,54,0,0
10,1,zero_drive,0,31.317046162,32.139089622,32.145017258,1809,0,0.000000000,12.200,54,0,0
10,1,zero_drive,0,31.317046162,32.145269176,32.150916352,1809,0,0.000000000,12.200,54,0,0
10,1,zero_drive,0,31.317046162,32.151261709,32.156883998,1809,0,0.000000000,12.100,54,0,0
10,1,zero_drive,0,31.317046162,32.157140968,32.162865570,1809,0,0.000000000,12.100,55,0,0
10,1,zero_drive,0,31.317046162,32.163123632,32.168921166,1809,0,0.000000000,12.100,55,0,0
10,1,zero_drive,0,31.317046162,32.169177781,32.175138974,1809,0,0.000000000,12.100,55,0,0
10,1,zero_drive,0,31.317046162,32.175437029,32.181042926,1809,0,0.000000000,12.100,55,0,0
10,1,zero_drive,0,31.317046162,32.181295802,32.186896888,1809,0,0.000000000,12.100,55,0,0
10,1,zero_drive,0,31.317046162,32.187164270,32.193087703,1809,0,0.000000000,12.200,55,0,0
10,1,zero_drive,0,31.317046162,32.193459723,32.199141193,1809,0,0.000000000,12.200,55,0,0
10,1,zero_drive,0,31.317046162,32.199394471,32.205049510,1809,0,0.000000000,12.100,55,0,0
10,1,zero_drive,0,31.317046162,32.205305623,32.210970404,1809,0,0.000000000,12.100,55,0,0
10,1,zero_drive,0,31.317046162,32.211223903,32.216900998,1809,0,0.000000000,12.100,55,0,0
10,1,zero_drive,0,31.317046162,32.217147799,32.223041698,1809,0,0.000000000,12.100,55,0,0
10,1,zero_drive,0,31.317046162,32.223297127,32.229098893,1809,0,0.000000000,12.200,55,0,0
10,1,zero_drive,0,31.317046162,32.229353558,32.235009892,1809,0,0.000000000,12.200,54,0,0
10,1,zero_drive,0,31.317046162,32.235363094,32.240919748,1809,0,0.000000000,12.200,54,0,0
10,1,zero_drive,0,31.317046162,32.241183751,32.247070306,1809,0,0.000000000,12.200,54,0,0
10,1,zero_drive,0,31.317046162,32.247328377,32.253018528,1809,0,0.000000000,12.200,54,0,0
10,1,zero_drive,0,31.317046162,32.253278426,32.259154615,1809,0,0.000000000,12.200,55,0,0
10,1,zero_drive,0,31.317046162,32.259408946,32.264919845,1809,0,0.000000000,12.200,55,0,0
10,1,zero_drive,0,31.317046162,32.265171324,32.271164238,1809,0,0.000000000,12.200,55,0,0
10,1,zero_drive,0,31.317046162,32.271425051,32.276856288,1809,0,0.000000000,12.200,55,0,0
10,1,zero_drive,0,31.317046162,32.277114741,32.282962868,1809,0,0.000000000,12.200,55,0,0
10,2,pulse,100,32.295224748,32.300594968,32.307054448,1809,0,0.000000000,12.200,55,4,0
10,2,pulse,100,32.295224748,32.307305068,32.312953501,1810,0,0.000000000,12.100,55,4,0
10,2,pulse,100,32.295224748,32.313201417,32.318896563,1810,0,0.000000000,12.100,55,3,0
10,2,pulse,100,32.295224748,32.319158697,32.324852778,1811,100,0.153398079,12.100,55,3,0
10,2,pulse,100,32.295224748,32.325095622,32.330903518,1812,100,0.153398079,12.100,55,1,0
10,2,pulse,100,32.295224748,32.331156004,32.336856567,1813,200,0.306796158,12.100,55,1,0
10,2,pulse,100,32.295224748,32.337105320,32.342905853,1814,200,0.306796158,12.100,55,1,0
10,2,pulse,100,32.295224748,32.343151992,32.349054768,1816,250,0.383495197,12.100,55,1,0
10,2,pulse,100,32.295224748,32.349307061,32.354933928,1817,250,0.383495197,12.100,54,0,0
10,2,pulse,100,32.295224748,32.355187078,32.360753691,1819,250,0.383495197,12.100,54,0,0
10,2,pulse,100,32.295224748,32.360992724,32.366868522,1820,250,0.383495197,12.100,55,0,0
10,2,pulse,100,32.295224748,32.367162286,32.373057556,1822,250,0.383495197,12.100,55,0,0
10,2,pulse,100,32.295224748,32.373300288,32.378885856,1823,250,0.383495197,12.100,55,0,0
10,2,pulse,100,32.295224748,32.379123067,32.385081992,1825,250,0.383495197,12.100,55,0,0
10,2,pulse,100,32.295224748,32.385323633,32.390967349,1826,250,0.383495197,12.100,54,0,0
10,2,pulse,100,32.295224748,32.391250459,32.396815624,1828,250,0.383495197,12.100,54,0,0
10,2,pulse,100,32.295224748,32.397060360,32.403055481,1829,250,0.383495197,12.100,55,0,0
10,2,pulse,100,32.295224748,32.403304437,32.409034794,1831,250,0.383495197,12.100,55,0,0
10,2,pulse,100,32.295224748,32.409283574,32.414761063,1832,250,0.383495197,12.100,55,0,0
10,2,pulse,100,32.295224748,32.414991546,32.420935932,1834,250,0.383495197,12.100,55,0,0
10,2,pulse,100,32.295224748,32.421180441,32.426807363,1836,250,0.383495197,12.100,55,0,0
10,2,pulse,100,32.295224748,32.427044506,32.432895489,1837,250,0.383495197,12.100,55,0,0
10,2,pulse,100,32.295224748,32.433131396,32.439016124,1839,250,0.383495197,12.100,55,0,0
10,2,pulse,100,32.295224748,32.439261747,32.444917043,1840,250,0.383495197,12.100,55,0,0
10,2,pulse,100,32.295224748,32.445151671,32.450729930,1842,250,0.383495197,12.100,54,0,0
10,2,zero_drive,0,32.295224748,32.462840889,32.468919652,1846,250,0.383495197,12.100,55,0,0
10,2,zero_drive,0,32.295224748,32.469173194,32.474819834,1847,250,0.383495197,12.100,55,0,0
10,2,zero_drive,0,32.295224748,32.475073838,32.480999617,1847,50,0.076699039,12.100,55,0,0
10,2,zero_drive,0,32.295224748,32.481266925,32.486802050,1847,50,0.076699039,12.100,54,0,0
10,2,zero_drive,0,32.295224748,32.487110092,32.493122886,1847,0,0.000000000,12.100,54,0,0
10,2,zero_drive,0,32.295224748,32.493411416,32.498916960,1847,0,0.000000000,12.100,54,0,0
10,2,zero_drive,0,32.295224748,32.499168882,32.504880019,1848,100,0.153398079,12.100,54,0,0
10,2,zero_drive,0,32.295224748,32.505131227,32.510996025,1848,100,0.153398079,12.100,55,0,0
10,2,zero_drive,0,32.295224748,32.511248947,32.516797001,1848,0,0.000000000,12.100,55,0,0
10,2,zero_drive,0,32.295224748,32.517044537,32.522767853,1848,0,0.000000000,12.100,55,0,0
10,2,zero_drive,0,32.295224748,32.523019563,32.528953932,1848,0,0.000000000,12.200,55,0,0
10,2,zero_drive,0,32.295224748,32.529209109,32.534961710,1848,0,0.000000000,12.200,55,0,0
10,2,zero_drive,0,32.295224748,32.535220673,32.540844642,1848,0,0.000000000,12.200,55,0,0
10,2,zero_drive,0,32.295224748,32.541100381,32.546783455,1848,0,0.000000000,12.200,55,0,0
10,2,zero_drive,0,32.295224748,32.547034991,32.552739539,1848,0,0.000000000,12.200,55,0,0
10,2,zero_drive,0,32.295224748,32.552994184,32.558966620,1848,0,0.000000000,12.200,55,0,0
10,2,zero_drive,0,32.295224748,32.559216657,32.564983550,1848,0,0.000000000,12.200,55,0,0
10,2,zero_drive,0,32.295224748,32.565240001,32.570863168,1848,0,0.000000000,12.200,55,0,0
10,2,zero_drive,0,32.295224748,32.571128075,32.576886649,1848,0,0.000000000,12.200,55,0,0
10,2,zero_drive,0,32.295224748,32.577140771,32.582944087,1848,0,0.000000000,12.200,54,0,0
10,2,zero_drive,0,32.295224748,32.583191317,32.588771869,1848,0,0.000000000,12.200,54,0,0
10,2,zero_drive,0,32.295224748,32.589025560,32.594970869,1848,0,0.000000000,12.200,55,0,0
10,2,zero_drive,0,32.295224748,32.595231980,32.600970049,1848,0,0.000000000,12.200,55,0,0
10,2,zero_drive,0,32.295224748,32.601217897,32.606976133,1848,0,0.000000000,12.200,55,0,0
10,2,zero_drive,0,32.295224748,32.607228832,32.612899797,1848,0,0.000000000,12.200,55,0,0
10,2,zero_drive,0,32.295224748,32.613155674,32.618741231,1848,0,0.000000000,12.200,55,0,0
10,2,zero_drive,0,32.295224748,32.619023687,32.624930997,1848,0,0.000000000,12.200,55,0,0
10,2,zero_drive,0,32.295224748,32.625379553,32.630866703,1848,0,0.000000000,12.200,55,0,0
10,2,zero_drive,0,32.295224748,32.631119967,32.636954369,1848,0,0.000000000,12.200,55,0,0
10,2,zero_drive,0,32.295224748,32.637211353,32.642901361,1848,0,0.000000000,12.200,54,0,0
10,2,zero_drive,0,32.295224748,32.643154617,32.648900826,1848,0,0.000000000,12.200,54,0,0
10,2,zero_drive,0,32.295224748,32.649152205,32.655037512,1848,0,0.000000000,12.200,54,0,0
10,2,zero_drive,0,32.295224748,32.655336054,32.660791994,1848,0,0.000000000,12.200,54,0,0
10,2,zero_drive,0,32.295224748,32.661050821,32.666938042,1848,0,0.000000000,12.200,55,0,0
10,2,zero_drive,0,32.295224748,32.667405506,32.672926113,1848,0,0.000000000,12.200,55,0,0
10,2,zero_drive,0,32.295224748,32.673179517,32.678774252,1848,0,0.000000000,12.200,54,0,0
10,2,zero_drive,0,32.295224748,32.679026554,32.684816022,1848,0,0.000000000,12.200,54,0,0
10,2,zero_drive,0,32.295224748,32.685068632,32.690784992,1848,0,0.000000000,12.200,54,0,0
10,2,zero_drive,0,32.295224748,32.691038830,32.696797494,1848,0,0.000000000,12.200,54,0,0
10,2,zero_drive,0,32.295224748,32.697053711,32.702997834,1848,0,0.000000000,12.200,55,0,0
10,2,zero_drive,0,32.295224748,32.703264582,32.708945387,1848,0,0.000000000,12.200,55,0,0
10,2,zero_drive,0,32.295224748,32.709199082,32.714849279,1848,0,0.000000000,12.200,55,0,0
10,2,zero_drive,0,32.295224748,32.715101084,32.720813663,1848,0,0.000000000,12.200,55,0,0
10,2,zero_drive,0,32.295224748,32.721066405,32.726891327,1848,0,0.000000000,12.200,55,0,0
10,2,zero_drive,0,32.295224748,32.727146020,32.732955130,1848,0,0.000000000,12.200,55,0,0
10,2,zero_drive,0,32.295224748,32.733211893,32.738964976,1848,0,0.000000000,12.200,55,0,0
10,2,zero_drive,0,32.295224748,32.739218304,32.744853137,1848,0,0.000000000,12.200,55,0,0
10,2,zero_drive,0,32.295224748,32.745107608,32.750848328,1848,0,0.000000000,12.200,55,0,0
10,2,zero_drive,0,32.295224748,32.751097116,32.756962975,1848,0,0.000000000,12.200,55,0,0
10,2,zero_drive,0,32.295224748,32.757216302,32.762804675,1848,0,0.000000000,12.200,55,0,0
10,2,zero_drive,0,32.295224748,32.763060499,32.768905496,1848,0,0.000000000,12.100,55,0,0
10,2,zero_drive,0,32.295224748,32.769166559,32.774849227,1848,0,0.000000000,12.100,54,0,0
10,2,zero_drive,0,32.295224748,32.775100448,32.780786069,1848,0,0.000000000,12.200,54,0,0
10,2,zero_drive,0,32.295224748,32.781038333,32.786754072,1848,0,0.000000000,12.200,54,0,0
10,2,zero_drive,0,32.295224748,32.787013324,32.792994892,1848,0,0.000000000,12.100,54,0,0
10,2,zero_drive,0,32.295224748,32.793253417,32.798816115,1848,0,0.000000000,12.100,55,0,0
10,2,zero_drive,0,32.295224748,32.799075026,32.804856761,1848,0,0.000000000,12.100,55,0,0
10,2,zero_drive,0,32.295224748,32.805110001,32.810940586,1848,0,0.000000000,12.100,55,0,0
10,2,zero_drive,0,32.295224748,32.811194725,32.816852036,1848,0,0.000000000,12.200,55,0,0
10,2,zero_drive,0,32.295224748,32.817099109,32.822771328,1848,0,0.000000000,12.200,55,0,0
10,2,zero_drive,0,32.295224748,32.823025021,32.828929811,1848,0,0.000000000,12.100,55,0,0
10,2,zero_drive,0,32.295224748,32.829181326,32.834855130,1848,0,0.000000000,12.100,55,0,0
10,2,zero_drive,0,32.295224748,32.835105675,32.841045654,1848,0,0.000000000,12.200,55,0,0
10,2,zero_drive,0,32.295224748,32.841300427,32.846978196,1848,0,0.000000000,12.200,55,0,0
10,2,zero_drive,0,32.295224748,32.847240719,32.852905832,1848,0,0.000000000,12.200,55,0,0
10,2,zero_drive,0,32.295224748,32.853165106,32.859218934,1848,0,0.000000000,12.200,55,0,0
10,2,zero_drive,0,32.295224748,32.859472101,32.864859570,1848,0,0.000000000,12.200,55,0,0
10,2,zero_drive,0,32.295224748,32.865111056,32.870893767,1848,0,0.000000000,12.200,55,0,0
10,2,zero_drive,0,32.295224748,32.871146804,32.876807076,1848,0,0.000000000,12.200,55,0,0
10,2,zero_drive,0,32.295224748,32.877065837,32.882849016,1848,0,0.000000000,12.200,54,0,0
10,2,zero_drive,0,32.295224748,32.883096805,32.889004138,1848,0,0.000000000,12.100,54,0,0
10,2,zero_drive,0,32.295224748,32.889259116,32.894866005,1848,0,0.000000000,12.100,55,0,0
10,2,zero_drive,0,32.295224748,32.895118534,32.900929723,1848,0,0.000000000,12.100,55,0,0
10,2,zero_drive,0,32.295224748,32.901174485,32.906771449,1848,0,0.000000000,12.100,55,0,0
10,2,zero_drive,0,32.295224748,32.907025436,32.912850363,1848,0,0.000000000,12.200,55,0,0
10,2,zero_drive,0,32.295224748,32.913107051,32.918785656,1848,0,0.000000000,12.200,55,0,0
10,2,zero_drive,0,32.295224748,32.919038393,32.924893971,1848,0,0.000000000,12.100,55,0,0
10,2,zero_drive,0,32.295224748,32.925184865,32.930935076,1848,0,0.000000000,12.100,55,0,0
10,2,zero_drive,0,32.295224748,32.931187399,32.936842645,1848,0,0.000000000,12.200,55,0,0
10,2,zero_drive,0,32.295224748,32.937113675,32.943040761,1848,0,0.000000000,12.200,54,0,0
10,2,zero_drive,0,32.295224748,32.943299548,32.948820330,1848,0,0.000000000,12.200,54,0,0
10,2,zero_drive,0,32.295224748,32.949072096,32.954974659,1848,0,0.000000000,12.200,55,0,0
10,2,zero_drive,0,32.295224748,32.955239987,32.960915438,1848,0,0.000000000,12.200,55,0,0
10,2,zero_drive,0,32.295224748,32.961171232,32.966763394,1848,0,0.000000000,12.200,55,0,0
10,2,zero_drive,0,32.295224748,32.967012317,32.972911236,1848,0,0.000000000,12.200,55,0,0
10,2,zero_drive,0,32.295224748,32.973165206,32.978729935,1848,0,0.000000000,12.200,55,0,0
10,2,zero_drive,0,32.295224748,32.978986581,32.985005848,1848,0,0.000000000,12.100,55,0,0
10,2,zero_drive,0,32.295224748,32.985325830,32.991612975,1848,0,0.000000000,12.100,55,0,0
10,2,zero_drive,0,32.295224748,32.991901760,32.996738444,1848,0,0.000000000,12.100,55,0,0
10,2,zero_drive,0,32.295224748,32.996990314,33.002834648,1848,0,0.000000000,12.100,55,0,0
10,2,zero_drive,0,32.295224748,33.003086185,33.009019875,1848,0,0.000000000,12.100,55,0,0
10,2,zero_drive,0,32.295224748,33.009271942,33.014883213,1848,0,0.000000000,12.100,55,0,0
10,2,zero_drive,0,32.295224748,33.015135755,33.020962281,1848,0,0.000000000,12.100,55,0,0
10,2,zero_drive,0,32.295224748,33.021217856,33.026930964,1848,0,0.000000000,12.100,55,0,0
10,2,zero_drive,0,32.295224748,33.027192581,33.032808279,1848,0,0.000000000,12.100,55,0,0
10,2,zero_drive,0,32.295224748,33.033096051,33.038938458,1848,0,0.000000000,12.100,55,0,0
10,2,zero_drive,0,32.295224748,33.039189614,33.044946875,1848,0,0.000000000,12.200,55,0,0
10,2,zero_drive,0,32.295224748,33.045203140,33.050876792,1848,0,0.000000000,12.200,55,0,0
10,2,zero_drive,0,32.295224748,33.051123437,33.056991295,1848,0,0.000000000,12.100,55,0,0
10,2,zero_drive,0,32.295224748,33.057246996,33.062958021,1848,0,0.000000000,12.100,54,0,0
10,2,zero_drive,0,32.295224748,33.063211190,33.068843841,1848,0,0.000000000,12.200,54,0,0
10,2,zero_drive,0,32.295224748,33.069112066,33.074892521,1848,0,0.000000000,12.200,54,0,0
10,2,zero_drive,0,32.295224748,33.075162234,33.080889351,1848,0,0.000000000,12.200,54,0,0
10,2,zero_drive,0,32.295224748,33.081146035,33.086839341,1848,0,0.000000000,12.200,55,0,0
10,2,zero_drive,0,32.295224748,33.087095521,33.092940948,1848,0,0.000000000,12.200,55,0,0
10,2,zero_drive,0,32.295224748,33.093206687,33.098768146,1848,0,0.000000000,12.200,55,0,0
10,2,zero_drive,0,32.295224748,33.099020949,33.104742681,1848,0,0.000000000,12.200,55,0,0
10,2,zero_drive,0,32.295224748,33.105008320,33.110904821,1848,0,0.000000000,12.200,55,0,0
10,2,zero_drive,0,32.295224748,33.111159411,33.116708632,1848,0,0.000000000,12.200,55,0,0
10,2,zero_drive,0,32.295224748,33.116952293,33.122787051,1848,0,0.000000000,12.200,55,0,0
10,2,zero_drive,0,32.295224748,33.123039523,33.128818976,1848,0,0.000000000,12.200,55,0,0
10,2,zero_drive,0,32.295224748,33.129070056,33.134987967,1848,0,0.000000000,12.200,55,0,0
10,2,zero_drive,0,32.295224748,33.135239361,33.140991945,1848,0,0.000000000,12.200,55,0,0
10,2,zero_drive,0,32.295224748,33.141244777,33.146810496,1848,0,0.000000000,12.200,55,0,0
10,2,zero_drive,0,32.295224748,33.147079305,33.152798917,1848,0,0.000000000,12.200,55,0,0
10,2,zero_drive,0,32.295224748,33.153056598,33.159132096,1848,0,0.000000000,12.200,54,0,0
10,2,zero_drive,0,32.295224748,33.159383845,33.164793776,1848,0,0.000000000,12.200,54,0,0
10,2,zero_drive,0,32.295224748,33.165051963,33.170930244,1848,0,0.000000000,12.200,54,0,0
10,2,zero_drive,0,32.295224748,33.171185187,33.176829516,1848,0,0.000000000,12.200,54,0,0
10,2,zero_drive,0,32.295224748,33.177090021,33.182774964,1848,0,0.000000000,12.200,55,0,0
10,2,zero_drive,0,32.295224748,33.183023814,33.189089939,1848,0,0.000000000,12.200,55,0,0
10,2,zero_drive,0,32.295224748,33.189353963,33.194731210,1848,0,0.000000000,12.200,55,0,0
10,2,zero_drive,0,32.295224748,33.194987083,33.200775827,1848,0,0.000000000,12.200,55,0,0
10,2,zero_drive,0,32.295224748,33.201156494,33.206795676,1848,0,0.000000000,12.200,55,0,0
10,2,zero_drive,0,32.295224748,33.207047005,33.212875962,1848,0,0.000000000,12.100,55,0,0
10,2,zero_drive,0,32.295224748,33.213128344,33.218989961,1848,0,0.000000000,12.100,55,0,0
10,2,zero_drive,0,32.295224748,33.219239406,33.224980036,1848,0,0.000000000,12.100,55,0,0
10,2,zero_drive,0,32.295224748,33.225394096,33.230938228,1848,0,0.000000000,12.100,55,0,0
10,2,zero_drive,0,32.295224748,33.231190167,33.236844656,1848,0,0.000000000,12.100,55,0,0
10,2,zero_drive,0,32.295224748,33.237116374,33.242973424,1848,0,0.000000000,12.100,55,0,0
10,2,zero_drive,0,32.295224748,33.243231149,33.248794106,1848,0,0.000000000,12.200,55,0,0
10,2,zero_drive,0,32.295224748,33.249047086,33.254946212,1848,0,0.000000000,12.200,55,0,0
10,2,zero_drive,0,32.295224748,33.255201848,33.260859018,1848,0,0.000000000,12.200,55,0,0
10,2,zero_drive,0,32.295224748,33.261118676,33.266831045,1848,0,0.000000000,12.200,54,0,0
10,3,pulse,150,33.278719889,33.284852399,33.290831017,1848,0,0.000000000,12.100,55,17,0
10,3,pulse,150,33.278719889,33.291086030,33.297012218,1848,0,0.000000000,12.100,55,17,0
10,3,pulse,150,33.278719889,33.297275973,33.302927383,1849,0,0.000000000,12.100,54,16,0
10,3,pulse,150,33.278719889,33.303183526,33.308860910,1851,250,0.383495197,12.100,54,16,0
10,3,pulse,150,33.278719889,33.309109739,33.314918854,1853,250,0.383495197,12.100,55,13,0
10,3,pulse,150,33.278719889,33.315170850,33.320879392,1855,300,0.460194236,12.100,55,13,0
10,3,pulse,150,33.278719889,33.321136545,33.326756334,1857,300,0.460194236,12.100,55,8,0
10,3,pulse,150,33.278719889,33.327009994,33.332890946,1859,350,0.536893276,12.100,55,8,0
10,3,pulse,150,33.278719889,33.333139328,33.338902179,1861,350,0.536893276,12.100,54,5,0
10,3,pulse,150,33.278719889,33.339152335,33.344865650,1863,400,0.613592315,12.100,54,5,0
10,3,pulse,150,33.278719889,33.345118835,33.350760270,1866,400,0.613592315,12.100,54,2,0
10,3,pulse,150,33.278719889,33.351095985,33.356887679,1868,400,0.613592315,12.100,54,2,0
10,3,pulse,150,33.278719889,33.357142580,33.362869154,1871,400,0.613592315,12.100,55,1,0
10,3,pulse,150,33.278719889,33.363126294,33.368959198,1873,400,0.613592315,12.100,55,1,0
10,3,pulse,150,33.278719889,33.369213870,33.374823380,1876,400,0.613592315,12.100,55,1,0
10,3,pulse,150,33.278719889,33.375078405,33.380785144,1878,400,0.613592315,12.100,55,1,0
10,3,pulse,150,33.278719889,33.381087695,33.386780938,1880,400,0.613592315,12.100,54,0,0
10,3,pulse,150,33.278719889,33.387037011,33.392955282,1883,450,0.690291355,12.100,54,0,0
10,3,pulse,150,33.278719889,33.393209892,33.398929687,1885,450,0.690291355,12.100,55,0,0
10,3,pulse,150,33.278719889,33.399181910,33.404842621,1888,400,0.613592315,12.100,55,0,0
10,3,pulse,150,33.278719889,33.405095796,33.410728314,1890,400,0.613592315,12.100,55,0,0
10,3,pulse,150,33.278719889,33.410984400,33.416714851,1893,400,0.613592315,12.100,55,0,0
10,3,pulse,150,33.278719889,33.416961194,33.422859535,1895,400,0.613592315,12.100,55,0,0
10,3,pulse,150,33.278719889,33.423116690,33.428812571,1898,400,0.613592315,12.100,55,0,0
10,3,zero_drive,0,33.278719889,33.440776735,33.446911050,1904,350,0.536893276,12.100,54,0,0
10,3,zero_drive,0,33.278719889,33.447179934,33.452708990,1905,250,0.383495197,12.100,54,0,0
10,3,zero_drive,0,33.278719889,33.452970900,33.458936925,1906,250,0.383495197,12.100,55,0,0
10,3,zero_drive,0,33.278719889,33.459188677,33.464833305,1906,100,0.153398079,12.100,55,0,0
10,3,zero_drive,0,33.278719889,33.465084753,33.470949435,1906,100,0.153398079,12.100,55,0,0
10,3,zero_drive,0,33.278719889,33.471205253,33.476968545,1907,100,0.153398079,12.100,55,0,0
10,3,zero_drive,0,33.278719889,33.477224353,33.482908275,1907,100,0.153398079,12.100,54,0,0
10,3,zero_drive,0,33.278719889,33.483159799,33.488881175,1907,0,0.000000000,12.100,54,0,0
10,3,zero_drive,0,33.278719889,33.489136673,33.494847513,1907,0,0.000000000,12.100,54,0,0
10,3,zero_drive,0,33.278719889,33.495097397,33.500839042,1907,0,0.000000000,12.100,54,0,0
10,3,zero_drive,0,33.278719889,33.501125055,33.506808667,1907,0,0.000000000,12.100,55,0,0
10,3,zero_drive,0,33.278719889,33.507057382,33.512649305,1907,0,0.000000000,12.100,55,0,0
10,3,zero_drive,0,33.278719889,33.512890538,33.518844645,1907,0,0.000000000,12.100,55,0,0
10,3,zero_drive,0,33.278719889,33.519137564,33.524729669,1907,0,0.000000000,12.100,55,0,0
10,3,zero_drive,0,33.278719889,33.524973265,33.530855733,1907,0,0.000000000,12.100,55,0,0
10,3,zero_drive,0,33.278719889,33.531097284,33.536791673,1907,0,0.000000000,12.100,55,0,0
10,3,zero_drive,0,33.278719889,33.537037471,33.542952880,1907,0,0.000000000,12.100,54,0,0
10,3,zero_drive,0,33.278719889,33.543182967,33.548862471,1907,0,0.000000000,12.100,54,0,0
10,3,zero_drive,0,33.278719889,33.549144090,33.554680942,1907,0,0.000000000,12.100,55,0,0
10,3,zero_drive,0,33.278719889,33.554915974,33.560781677,1907,0,0.000000000,12.100,55,0,0
10,3,zero_drive,0,33.278719889,33.561013042,33.566609870,1907,0,0.000000000,12.100,55,0,0
10,3,zero_drive,0,33.278719889,33.566823420,33.572785479,1907,0,0.000000000,12.100,55,0,0
10,3,zero_drive,0,33.278719889,33.573001101,33.578572090,1907,0,0.000000000,12.100,55,0,0
10,3,zero_drive,0,33.278719889,33.578780569,33.584602148,1907,0,0.000000000,12.100,55,0,0
10,3,zero_drive,0,33.278719889,33.584812664,33.590765848,1907,0,0.000000000,12.100,54,0,0
10,3,zero_drive,0,33.278719889,33.590973521,33.596602754,1907,0,0.000000000,12.200,54,0,0
10,3,zero_drive,0,33.278719889,33.596807418,33.602653072,1907,0,0.000000000,12.200,55,0,0
10,3,zero_drive,0,33.278719889,33.602875577,33.608549037,1907,0,0.000000000,12.100,55,0,0
10,3,zero_drive,0,33.278719889,33.608757119,33.614702106,1907,0,0.000000000,12.100,55,0,0
10,3,zero_drive,0,33.278719889,33.614908948,33.620631480,1907,0,0.000000000,12.100,55,0,0
10,3,zero_drive,0,33.278719889,33.620841243,33.626566200,1907,0,0.000000000,12.100,55,0,0
10,3,zero_drive,0,33.278719889,33.626767266,33.632826929,1907,0,0.000000000,12.100,55,0,0
10,3,zero_drive,0,33.278719889,33.633027805,33.638675327,1907,0,0.000000000,12.100,54,0,0
10,3,zero_drive,0,33.278719889,33.638882606,33.644544341,1907,0,0.000000000,12.200,54,0,0
10,3,zero_drive,0,33.278719889,33.644746022,33.650663859,1907,0,0.000000000,12.200,54,0,0
10,3,zero_drive,0,33.278719889,33.650880260,33.656993267,1907,0,0.000000000,12.100,54,0,0
10,3,zero_drive,0,33.278719889,33.657301890,33.662974199,1907,0,0.000000000,12.100,54,0,0
10,3,zero_drive,0,33.278719889,33.663229468,33.668852223,1907,0,0.000000000,12.100,54,0,0
10,3,zero_drive,0,33.278719889,33.669103906,33.674683422,1907,0,0.000000000,12.100,55,0,0
10,3,zero_drive,0,33.278719889,33.674979486,33.680832349,1907,0,0.000000000,12.200,55,0,0
10,3,zero_drive,0,33.278719889,33.681092283,33.686749126,1907,0,0.000000000,12.200,55,0,0
10,3,zero_drive,0,33.278719889,33.687004623,33.692699456,1907,0,0.000000000,12.100,55,0,0
10,3,zero_drive,0,33.278719889,33.692952150,33.698937767,1907,0,0.000000000,12.100,55,0,0
10,3,zero_drive,0,33.278719889,33.699190985,33.704921184,1907,0,0.000000000,12.100,55,0,0
10,3,zero_drive,0,33.278719889,33.705174173,33.710669839,1907,0,0.000000000,12.100,55,0,0
10,3,zero_drive,0,33.278719889,33.710926556,33.716818352,1907,0,0.000000000,12.100,55,0,0
10,3,zero_drive,0,33.278719889,33.717067276,33.722778364,1907,0,0.000000000,12.100,55,0,0
10,3,zero_drive,0,33.278719889,33.723033300,33.728736839,1907,0,0.000000000,12.100,55,0,0
10,3,zero_drive,0,33.278719889,33.728990537,33.734971078,1907,0,0.000000000,12.100,54,0,0
10,3,zero_drive,0,33.278719889,33.735223071,33.740893441,1907,0,0.000000000,12.100,54,0,0
10,3,zero_drive,0,33.278719889,33.741150899,33.746991474,1907,0,0.000000000,12.100,55,0,0
10,3,zero_drive,0,33.278719889,33.747244410,33.752908142,1907,0,0.000000000,12.100,55,0,0
10,3,zero_drive,0,33.278719889,33.753209727,33.758929553,1907,0,0.000000000,12.100,55,0,0
10,3,zero_drive,0,33.278719889,33.759179819,33.764712736,1907,0,0.000000000,12.100,55,0,0
10,3,zero_drive,0,33.278719889,33.764967426,33.770698471,1907,0,0.000000000,12.100,55,0,0
10,3,zero_drive,0,33.278719889,33.770954989,33.776952548,1907,0,0.000000000,12.100,55,0,0
10,3,zero_drive,0,33.278719889,33.777268400,33.782640976,1907,0,0.000000000,12.100,55,0,0
10,3,zero_drive,0,33.278719889,33.782888125,33.788784946,1907,0,0.000000000,12.100,55,0,0
10,3,zero_drive,0,33.278719889,33.789037949,33.794753449,1907,0,0.000000000,12.100,54,0,0
10,3,zero_drive,0,33.278719889,33.795008907,33.800766795,1907,0,0.000000000,12.100,54,0,0
10,3,zero_drive,0,33.278719889,33.801013157,33.806827608,1907,0,0.000000000,12.100,55,0,0
10,3,zero_drive,0,33.278719889,33.807082350,33.812760933,1907,0,0.000000000,12.100,55,0,0
10,3,zero_drive,0,33.278719889,33.813015651,33.818975862,1907,0,0.000000000,12.100,54,0,0
10,3,zero_drive,0,33.278719889,33.819237632,33.825005992,1907,0,0.000000000,12.100,54,0,0
10,3,zero_drive,0,33.278719889,33.825261798,33.830733564,1907,0,0.000000000,12.100,55,0,0
10,3,zero_drive,0,33.278719889,33.830986862,33.836834037,1907,0,0.000000000,12.100,55,0,0
10,3,zero_drive,0,33.278719889,33.837088105,33.842766076,1907,0,0.000000000,12.100,55,0,0
10,3,zero_drive,0,33.278719889,33.843020125,33.848702252,1907,0,0.000000000,12.100,55,0,0
10,3,zero_drive,0,33.278719889,33.848991632,33.854722572,1907,0,0.000000000,12.100,55,0,0
10,3,zero_drive,0,33.278719889,33.854977469,33.860720781,1907,0,0.000000000,12.100,55,0,0
10,3,zero_drive,0,33.278719889,33.860975503,33.866862098,1907,0,0.000000000,12.100,54,0,0
10,3,zero_drive,0,33.278719889,33.867114969,33.872695964,1907,0,0.000000000,12.100,54,0,0
10,3,zero_drive,0,33.278719889,33.872947744,33.878735080,1907,0,0.000000000,12.100,55,0,0
10,3,zero_drive,0,33.278719889,33.878988090,33.884587444,1907,0,0.000000000,12.100,55,0,0
10,3,zero_drive,0,33.278719889,33.884937292,33.890573148,1907,0,0.000000000,12.100,55,0,0
10,3,zero_drive,0,33.278719889,33.890811713,33.896673306,1907,0,0.000000000,12.100,55,0,0
10,3,zero_drive,0,33.278719889,33.896918785,33.902731079,1907,0,0.000000000,12.100,55,0,0
10,3,zero_drive,0,33.278719889,33.902985908,33.908715517,1907,0,0.000000000,12.100,55,0,0
10,3,zero_drive,0,33.278719889,33.908970529,33.914738239,1907,0,0.000000000,12.100,55,0,0
10,3,zero_drive,0,33.278719889,33.914991212,33.920834698,1907,0,0.000000000,12.100,55,0,0
10,3,zero_drive,0,33.278719889,33.921090887,33.926866950,1907,0,0.000000000,12.100,54,0,0
10,3,zero_drive,0,33.278719889,33.927117003,33.932640811,1907,0,0.000000000,12.100,54,0,0
10,3,zero_drive,0,33.278719889,33.932891885,33.938825536,1907,0,0.000000000,12.100,54,0,0
10,3,zero_drive,0,33.278719889,33.939081544,33.944948054,1907,0,0.000000000,12.100,54,0,0
10,3,zero_drive,0,33.278719889,33.945204049,33.950805567,1907,0,0.000000000,12.100,55,0,0
10,3,zero_drive,0,33.278719889,33.951078844,33.956851274,1907,0,0.000000000,12.100,55,0,0
10,3,zero_drive,0,33.278719889,33.957135099,33.962803289,1907,0,0.000000000,12.100,55,0,0
10,3,zero_drive,0,33.278719889,33.963082857,33.968939496,1907,0,0.000000000,12.100,55,0,0
10,3,zero_drive,0,33.278719889,33.969202071,33.974660609,1907,0,0.000000000,12.100,55,0,0
10,3,zero_drive,0,33.278719889,33.974909749,33.981070749,1907,0,0.000000000,12.100,55,0,0
10,3,zero_drive,0,33.278719889,33.981329329,33.986815628,1907,0,0.000000000,12.100,55,0,0
10,3,zero_drive,0,33.278719889,33.987070792,33.992876376,1907,0,0.000000000,12.100,55,0,0
10,3,zero_drive,0,33.278719889,33.993131139,33.998675485,1907,0,0.000000000,12.100,55,0,0
10,3,zero_drive,0,33.278719889,33.998925534,34.004756181,1907,0,0.000000000,12.100,55,0,0
10,3,zero_drive,0,33.278719889,34.005013410,34.010705427,1907,0,0.000000000,12.100,54,0,0
10,3,zero_drive,0,33.278719889,34.010968208,34.016756285,1907,0,0.000000000,12.100,54,0,0
10,3,zero_drive,0,33.278719889,34.017000880,34.022777165,1907,0,0.000000000,12.100,54,0,0
10,3,zero_drive,0,33.278719889,34.023024663,34.028742621,1907,0,0.000000000,12.100,54,0,0
10,3,zero_drive,0,33.278719889,34.028989029,34.035304322,1907,0,0.000000000,12.100,55,0,0
10,3,zero_drive,0,33.278719889,34.036362384,34.040797678,1907,0,0.000000000,12.100,55,0,0
10,3,zero_drive,0,33.278719889,34.041039949,34.046715878,1907,0,0.000000000,12.100,55,0,0
10,3,zero_drive,0,33.278719889,34.047013154,34.052619040,1907,0,0.000000000,12.100,55,0,0
10,3,zero_drive,0,33.278719889,34.052936209,34.058509430,1907,0,0.000000000,12.100,55,0,0
10,3,zero_drive,0,33.278719889,34.058724593,34.064696862,1907,0,0.000000000,12.100,55,0,0
10,3,zero_drive,0,33.278719889,34.064973867,34.070625874,1907,0,0.000000000,12.100,55,0,0
10,3,zero_drive,0,33.278719889,34.070839794,34.076700440,1907,0,0.000000000,12.100,55,0,0
10,3,zero_drive,0,33.278719889,34.076942873,34.082690636,1907,0,0.000000000,12.100,54,0,0
10,3,zero_drive,0,33.278719889,34.082904732,34.088725890,1907,0,0.000000000,12.100,54,0,0
10,3,zero_drive,0,33.278719889,34.088940839,34.094710560,1907,0,0.000000000,12.100,54,0,0
10,3,zero_drive,0,33.278719889,34.094928574,34.100535188,1907,0,0.000000000,12.100,54,0,0
10,3,zero_drive,0,33.278719889,34.100742460,34.106627774,1907,0,0.000000000,12.100,55,0,0
10,3,zero_drive,0,33.278719889,34.106844902,34.112615611,1907,0,0.000000000,12.100,55,0,0
10,3,zero_drive,0,33.278719889,34.112831287,34.118558505,1907,0,0.000000000,12.100,54,0,0
10,3,zero_drive,0,33.278719889,34.118770438,34.124615738,1907,0,0.000000000,12.100,54,0,0
10,3,zero_drive,0,33.278719889,34.124886454,34.130678495,1907,0,0.000000000,12.100,54,0,0
10,3,zero_drive,0,33.278719889,34.130894054,34.136673822,1907,0,0.000000000,12.100,54,0,0
10,3,zero_drive,0,33.278719889,34.136889609,34.142575367,1907,0,0.000000000,12.100,55,0,0
10,3,zero_drive,0,33.278719889,34.142792188,34.148532212,1907,0,0.000000000,12.100,55,0,0
10,3,zero_drive,0,33.278719889,34.148744996,34.154525696,1907,0,0.000000000,12.100,54,0,0
10,3,zero_drive,0,33.278719889,34.154742568,34.160740601,1907,0,0.000000000,12.100,54,0,0
10,3,zero_drive,0,33.278719889,34.160953731,34.166681413,1907,0,0.000000000,12.100,54,0,0
10,3,zero_drive,0,33.278719889,34.166899022,34.172690116,1907,0,0.000000000,12.100,54,0,0
10,3,zero_drive,0,33.278719889,34.172908328,34.178747451,1907,0,0.000000000,12.100,54,0,0
10,3,zero_drive,0,33.278719889,34.178963550,34.184561867,1907,0,0.000000000,12.100,54,0,0
10,3,zero_drive,0,33.278719889,34.184806804,34.190771086,1907,0,0.000000000,12.100,55,0,0
10,3,zero_drive,0,33.278719889,34.191055089,34.196722579,1907,0,0.000000000,12.100,55,0,0
10,3,zero_drive,0,33.278719889,34.196943282,34.202518247,1907,0,0.000000000,12.100,55,0,0
10,3,zero_drive,0,33.278719889,34.202736665,34.208597148,1907,0,0.000000000,12.100,55,0,0
10,3,zero_drive,0,33.278719889,34.208813037,34.214542604,1907,0,0.000000000,12.100,54,0,0
10,3,zero_drive,0,33.278719889,34.214754807,34.220645508,1907,0,0.000000000,12.100,54,0,0
10,3,zero_drive,0,33.278719889,34.220860131,34.226658930,1907,0,0.000000000,12.100,54,0,0
10,3,zero_drive,0,33.278719889,34.226873884,34.232572229,1907,0,0.000000000,12.100,54,0,0
10,3,zero_drive,0,33.278719889,34.232779891,34.238634362,1907,0,0.000000000,12.100,54,0,0
10,3,zero_drive,0,33.278719889,34.238846902,34.244537095,1907,0,0.000000000,12.100,54,0,0
10,4,pulse,200,34.256657826,34.262483378,34.268606608,1907,0,0.000000000,12.100,54,0,0
10,4,pulse,200,34.256657826,34.268822385,34.274699372,1908,0,0.000000000,12.100,55,31,0
10,4,pulse,200,34.256657826,34.274927553,34.280527167,1909,150,0.230097118,12.100,55,31,0
10,4,pulse,200,34.256657826,34.280742003,34.286578953,1911,150,0.230097118,12.100,55,33,0
10,4,pulse,200,34.256657826,34.286795728,34.292529433,1913,350,0.536893276,12.100,55,33,0
10,4,pulse,200,34.256657826,34.292741886,34.298591775,1915,350,0.536893276,12.100,54,23,0
10,4,pulse,200,34.256657826,34.298802748,34.304648225,1918,450,0.690291355,12.100,54,23,0
10,4,pulse,200,34.256657826,34.304862429,34.310632628,1921,450,0.690291355,12.100,54,18,0
10,4,pulse,200,34.256657826,34.310892968,34.316556198,1924,500,0.766990394,12.100,54,18,0
10,4,pulse,200,34.256657826,34.316768322,34.322559025,1927,500,0.766990394,12.100,55,11,0
10,4,pulse,200,34.256657826,34.322773446,34.328481433,1930,500,0.766990394,12.100,55,11,0
10,4,pulse,200,34.256657826,34.328697189,34.334647782,1934,500,0.766990394,12.100,55,8,0
10,4,pulse,200,34.256657826,34.334877323,34.340535972,1937,600,0.920388473,12.100,55,8,0
10,4,pulse,200,34.256657826,34.340778865,34.346717988,1941,600,0.920388473,12.100,55,8,0
10,4,pulse,200,34.256657826,34.346937654,34.352675573,1944,550,0.843689433,12.100,55,8,0
10,4,pulse,200,34.256657826,34.352903398,34.358702883,1948,550,0.843689433,12.100,55,5,0
10,4,pulse,200,34.256657826,34.358915828,34.364696576,1951,550,0.843689433,12.100,55,5,0
10,4,pulse,200,34.256657826,34.364906318,34.370579180,1954,550,0.843689433,12.100,55,6,0
10,4,pulse,200,34.256657826,34.370793867,34.376698748,1958,550,0.843689433,12.100,55,6,0
10,4,pulse,200,34.256657826,34.376915632,34.382584781,1961,550,0.843689433,12.100,54,4,0
10,4,pulse,200,34.256657826,34.382794651,34.388490618,1964,550,0.843689433,12.100,54,4,0
10,4,pulse,200,34.256657826,34.388702832,34.394648726,1968,550,0.843689433,12.100,54,6,0
10,4,pulse,200,34.256657826,34.394860463,34.400506678,1971,550,0.843689433,12.100,54,6,0
10,4,pulse,200,34.256657826,34.400709535,34.406520682,1974,550,0.843689433,12.100,54,6,0
10,4,zero_drive,0,34.256657826,34.418548617,34.424472432,1983,450,0.690291355,12.100,55,3,0
10,4,zero_drive,0,34.256657826,34.424685043,34.430646444,1985,450,0.690291355,12.100,55,2,0
10,4,zero_drive,0,34.256657826,34.430900797,34.436689277,1986,200,0.306796158,12.100,55,2,0
10,4,zero_drive,0,34.256657826,34.436904110,34.442594266,1987,200,0.306796158,12.100,55,1,0
10,4,zero_drive,0,34.256657826,34.442807896,34.448528245,1988,100,0.153398079,12.100,55,1,0
10,4,zero_drive,0,34.256657826,34.448736787,34.454496798,1988,100,0.153398079,12.100,55,0,0
10,4,zero_drive,0,34.256657826,34.454706075,34.460603121,1988,0,0.000000000,12.100,55,0,0
10,4,zero_drive,0,34.256657826,34.460852275,34.466584530,1988,0,0.000000000,12.100,55,0,0
10,4,zero_drive,0,34.256657826,34.466793198,34.472677799,1988,0,0.000000000,12.100,55,0,0
10,4,zero_drive,0,34.256657826,34.472889810,34.478722248,1988,0,0.000000000,12.100,55,0,0
10,4,zero_drive,0,34.256657826,34.478999489,34.484564876,1988,0,0.000000000,12.100,55,0,0
10,4,zero_drive,0,34.256657826,34.484779658,34.490480355,1988,0,0.000000000,12.100,55,0,0
10,4,zero_drive,0,34.256657826,34.490694780,34.496627356,1988,0,0.000000000,12.100,55,0,0
10,4,zero_drive,0,34.256657826,34.496845386,34.502591468,1988,0,0.000000000,12.100,54,0,0
10,4,zero_drive,0,34.256657826,34.502800495,34.508575367,1988,0,0.000000000,12.100,54,0,0
10,4,zero_drive,0,34.256657826,34.508830019,34.514651239,1988,0,0.000000000,12.100,54,0,0
10,4,zero_drive,0,34.256657826,34.514866577,34.520469417,1988,0,0.000000000,12.200,54,0,0
10,4,zero_drive,0,34.256657826,34.520687187,34.526507292,1988,0,0.000000000,12.200,55,0,0
10,4,zero_drive,0,34.256657826,34.526730079,34.532650880,1988,0,0.000000000,12.200,55,0,0
10,4,zero_drive,0,34.256657826,34.532855965,34.538704328,1988,0,0.000000000,12.200,55,0,0
10,4,zero_drive,0,34.256657826,34.538913473,34.544591585,1988,0,0.000000000,12.200,55,0,0
10,4,zero_drive,0,34.256657826,34.544812248,34.550551343,1988,0,0.000000000,12.200,55,0,0
10,4,zero_drive,0,34.256657826,34.550823706,34.556681812,1988,0,0.000000000,12.200,55,0,0
10,4,zero_drive,0,34.256657826,34.556895195,34.562579647,1988,0,0.000000000,12.200,54,0,0
10,4,zero_drive,0,34.256657826,34.562791882,34.568811905,1988,0,0.000000000,12.100,54,0,0
10,4,zero_drive,0,34.256657826,34.569024658,34.574532815,1988,0,0.000000000,12.100,55,0,0
10,4,zero_drive,0,34.256657826,34.574776372,34.580460095,1988,0,0.000000000,12.100,55,0,0
10,4,zero_drive,0,34.256657826,34.580677912,34.586681170,1988,0,0.000000000,12.100,55,0,0
10,4,zero_drive,0,34.256657826,34.586893505,34.592481388,1988,0,0.000000000,12.100,55,0,0
10,4,zero_drive,0,34.256657826,34.592696872,34.598589120,1988,0,0.000000000,12.100,55,0,0
10,4,zero_drive,0,34.256657826,34.598797472,34.604583217,1988,0,0.000000000,12.100,55,0,0
10,4,zero_drive,0,34.256657826,34.604795959,34.610551009,1988,0,0.000000000,12.100,54,0,0
10,4,zero_drive,0,34.256657826,34.610777362,34.616534040,1988,0,0.000000000,12.100,54,0,0
10,4,zero_drive,0,34.256657826,34.616739473,34.622515552,1988,0,0.000000000,12.100,55,0,0
10,4,zero_drive,0,34.256657826,34.622775424,34.628483851,1988,0,0.000000000,12.100,55,0,0
10,4,zero_drive,0,34.256657826,34.628694103,34.634684285,1988,0,0.000000000,12.100,55,0,0
10,4,zero_drive,0,34.256657826,34.634944355,34.640751878,1988,0,0.000000000,12.100,55,0,0
10,4,zero_drive,0,34.256657826,34.640965185,34.646549460,1988,0,0.000000000,12.100,55,0,0
10,4,zero_drive,0,34.256657826,34.646760442,34.652511600,1988,0,0.000000000,12.100,55,0,0
10,4,zero_drive,0,34.256657826,34.652729732,34.658627658,1988,0,0.000000000,12.100,54,0,0
10,4,zero_drive,0,34.256657826,34.658841944,34.664574790,1988,0,0.000000000,12.200,54,0,0
10,4,zero_drive,0,34.256657826,34.664785362,34.670740596,1988,0,0.000000000,12.200,55,0,0
10,4,zero_drive,0,34.256657826,34.670953012,34.676576542,1988,0,0.000000000,12.100,55,0,0
10,4,zero_drive,0,34.256657826,34.676791878,34.682496420,1988,0,0.000000000,12.100,55,0,0
10,4,zero_drive,0,34.256657826,34.682703716,34.688519813,1988,0,0.000000000,12.100,55,0,0
10,4,zero_drive,0,34.256657826,34.688729195,34.694466547,1988,0,0.000000000,12.100,55,0,0
10,4,zero_drive,0,34.256657826,34.694668820,34.700654779,1988,0,0.000000000,12.200,55,0,0
10,4,zero_drive,0,34.256657826,34.700856370,34.706638667,1988,0,0.000000000,12.200,55,0,0
10,4,zero_drive,0,34.256657826,34.706844906,34.712696548,1988,0,0.000000000,12.200,55,0,0
10,4,zero_drive,0,34.256657826,34.712904696,34.718804081,1988,0,0.000000000,12.200,55,0,0
10,4,zero_drive,0,34.256657826,34.719064282,34.724442540,1988,0,0.000000000,12.200,55,0,0
10,4,zero_drive,0,34.256657826,34.724647403,34.730586601,1988,0,0.000000000,12.200,55,0,0
10,4,zero_drive,0,34.256657826,34.730788581,34.736760728,1988,0,0.000000000,12.200,55,0,0
10,4,zero_drive,0,34.256657826,34.736970974,34.742494990,1988,0,0.000000000,12.200,55,0,0
10,4,zero_drive,0,34.256657826,34.742693598,34.748404450,1988,0,0.000000000,12.100,55,0,0
10,4,zero_drive,0,34.256657826,34.748600182,34.754579689,1988,0,0.000000000,12.100,55,0,0
10,4,zero_drive,0,34.256657826,34.754785823,34.760499046,1988,0,0.000000000,12.200,55,0,0
10,4,zero_drive,0,34.256657826,34.760700510,34.766415813,1988,0,0.000000000,12.200,54,0,0
10,4,zero_drive,0,34.256657826,34.766658047,34.772500832,1988,0,0.000000000,12.100,54,0,0
10,4,zero_drive,0,34.256657826,34.772717644,34.778606060,1988,0,0.000000000,12.100,55,0,0
10,4,zero_drive,0,34.256657826,34.778813396,34.784505300,1988,0,0.000000000,12.200,55,0,0
10,4,zero_drive,0,34.256657826,34.784719917,34.790585442,1988,0,0.000000000,12.200,55,0,0
10,4,zero_drive,0,34.256657826,34.790798456,34.796688389,1988,0,0.000000000,12.200,55,0,0
10,4,zero_drive,0,34.256657826,34.796890372,34.802678243,1988,0,0.000000000,12.200,54,0,0
10,4,zero_drive,0,34.256657826,34.802890887,34.808452348,1988,0,0.000000000,12.100,54,0,0
10,4,zero_drive,0,34.256657826,34.808654867,34.814685313,1988,0,0.000000000,12.100,55,0,0
10,4,zero_drive,0,34.256657826,34.814887711,34.820727196,1988,0,0.000000000,12.200,55,0,0
10,4,zero_drive,0,34.256657826,34.820937993,34.826629212,1988,0,0.000000000,12.200,55,0,0
10,4,zero_drive,0,34.256657826,34.826827810,34.832386033,1988,0,0.000000000,12.200,55,0,0
10,4,zero_drive,0,34.256657826,34.832582937,34.838571548,1988,0,0.000000000,12.200,55,0,0
10,4,zero_drive,0,34.256657826,34.838786968,34.844602457,1988,0,0.000000000,12.100,55,0,0
10,4,zero_drive,0,34.256657826,34.844800737,34.850676372,1988,0,0.000000000,12.100,55,0,0
10,4,zero_drive,0,34.256657826,34.850885085,34.856668755,1988,0,0.000000000,12.200,55,0,0
10,4,zero_drive,0,34.256657826,34.856883447,34.862535794,1988,0,0.000000000,12.200,55,0,0
10,4,zero_drive,0,34.256657826,34.862748962,34.868721459,1988,0,0.000000000,12.200,55,0,0
10,4,zero_drive,0,34.256657826,34.868940090,34.874696981,1988,0,0.000000000,12.200,55,0,0
10,4,zero_drive,0,34.256657826,34.874914888,34.880632465,1988,0,0.000000000,12.200,55,0,0
10,4,zero_drive,0,34.256657826,34.880845872,34.886676688,1988,0,0.000000000,12.200,55,0,0
10,4,zero_drive,0,34.256657826,34.886889427,34.892603955,1988,0,0.000000000,12.200,55,0,0
10,4,zero_drive,0,34.256657826,34.892818520,34.898586498,1988,0,0.000000000,12.200,54,0,0
10,4,zero_drive,0,34.256657826,34.898884824,34.904705625,1988,0,0.000000000,12.200,54,0,0
10,4,zero_drive,0,34.256657826,34.904918262,34.910731259,1988,0,0.000000000,12.200,54,0,0
10,4,zero_drive,0,34.256657826,34.910948470,34.916562710,1988,0,0.000000000,12.200,54,0,0
10,4,zero_drive,0,34.256657826,34.916769603,34.922716418,1988,0,0.000000000,12.200,55,0,0
10,4,zero_drive,0,34.256657826,34.922929575,34.928620063,1988,0,0.000000000,12.200,55,0,0
10,4,zero_drive,0,34.256657826,34.928924880,34.934408711,1988,0,0.000000000,12.200,55,0,0
10,4,zero_drive,0,34.256657826,34.934665947,34.940588103,1988,0,0.000000000,12.200,55,0,0
10,4,zero_drive,0,34.256657826,34.940804058,34.946538301,1988,0,0.000000000,12.200,55,0,0
10,4,zero_drive,0,34.256657826,34.946748145,34.952463657,1988,0,0.000000000,12.200,55,0,0
10,4,zero_drive,0,34.256657826,34.952679252,34.958549692,1988,0,0.000000000,12.200,55,0,0
10,4,zero_drive,0,34.256657826,34.958764042,34.964484424,1988,0,0.000000000,12.200,55,0,0
10,4,zero_drive,0,34.256657826,34.964695288,34.970616403,1988,0,0.000000000,12.200,54,0,0
10,4,zero_drive,0,34.256657826,34.970832764,34.976457709,1988,0,0.000000000,12.200,54,0,0
10,4,zero_drive,0,34.256657826,34.976677162,34.982420947,1988,0,0.000000000,12.200,55,0,0
10,4,zero_drive,0,34.256657826,34.982630152,34.988436012,1988,0,0.000000000,12.200,55,0,0
10,4,zero_drive,0,34.256657826,34.988647276,34.994646628,1988,0,0.000000000,12.200,55,0,0
10,4,zero_drive,0,34.256657826,34.994859827,35.000474119,1988,0,0.000000000,12.200,55,0,0
10,4,zero_drive,0,34.256657826,35.000682877,35.006654188,1988,0,0.000000000,12.200,55,0,0
10,4,zero_drive,0,34.256657826,35.006865200,35.012408091,1988,0,0.000000000,12.200,55,0,0
10,4,zero_drive,0,34.256657826,35.012620632,35.018729320,1988,0,0.000000000,12.200,55,0,0
10,4,zero_drive,0,34.256657826,35.018942984,35.024585792,1988,0,0.000000000,12.200,55,0,0
10,4,zero_drive,0,34.256657826,35.024795240,35.030517259,1988,0,0.000000000,12.200,55,0,0
10,4,zero_drive,0,34.256657826,35.030731722,35.036521701,1988,0,0.000000000,12.100,55,0,0
10,4,zero_drive,0,34.256657826,35.036739271,35.042494088,1988,0,0.000000000,12.100,55,0,0
10,4,zero_drive,0,34.256657826,35.042709457,35.048675065,1988,0,0.000000000,12.100,55,0,0
10,4,zero_drive,0,34.256657826,35.048887591,35.054705818,1988,0,0.000000000,12.100,55,0,0
10,4,zero_drive,0,34.256657826,35.054942010,35.060417310,1988,0,0.000000000,12.100,55,0,0
10,4,zero_drive,0,34.256657826,35.060635439,35.066642061,1988,0,0.000000000,12.100,55,0,0
10,4,zero_drive,0,34.256657826,35.066855601,35.072797842,1988,0,0.000000000,12.200,55,0,0
10,4,zero_drive,0,34.256657826,35.073040674,35.078504397,1988,0,0.000000000,12.200,55,0,0
10,4,zero_drive,0,34.256657826,35.078733811,35.084726986,1988,0,0.000000000,12.200,55,0,0
10,4,zero_drive,0,34.256657826,35.084957408,35.090695052,1988,0,0.000000000,12.200,55,0,0
10,4,zero_drive,0,34.256657826,35.090952379,35.096485894,1988,0,0.000000000,12.200,55,0,0
10,4,zero_drive,0,34.256657826,35.096723456,35.102551221,1988,0,0.000000000,12.200,55,0,0
10,4,zero_drive,0,34.256657826,35.102813689,35.108696351,1988,0,0.000000000,12.200,55,0,0
10,4,zero_drive,0,34.256657826,35.108945606,35.114768581,1988,0,0.000000000,12.200,54,0,0
10,4,zero_drive,0,34.256657826,35.115018771,35.120717616,1988,0,0.000000000,12.200,54,0,0
10,4,zero_drive,0,34.256657826,35.120964938,35.126781442,1988,0,0.000000000,12.200,55,0,0
10,4,zero_drive,0,34.256657826,35.127026493,35.132602815,1988,0,0.000000000,12.200,55,0,0
10,4,zero_drive,0,34.256657826,35.132870923,35.138642035,1988,0,0.000000000,12.200,55,0,0
10,4,zero_drive,0,34.256657826,35.138951912,35.144646722,1988,0,0.000000000,12.200,55,0,0
10,4,zero_drive,0,34.256657826,35.144920351,35.150637643,1988,0,0.000000000,12.200,55,0,0
10,4,zero_drive,0,34.256657826,35.151029877,35.156545411,1988,0,0.000000000,12.200,55,0,0
10,4,zero_drive,0,34.256657826,35.156803009,35.162665922,1988,0,0.000000000,12.200,55,0,0
10,4,zero_drive,0,34.256657826,35.162916388,35.168632711,1988,0,0.000000000,12.200,55,0,0
10,4,zero_drive,0,34.256657826,35.168945631,35.174632139,1988,0,0.000000000,12.200,54,0,0
10,4,zero_drive,0,34.256657826,35.175121937,35.180804639,1988,0,0.000000000,12.200,54,0,0
10,4,zero_drive,0,34.256657826,35.181090561,35.186777656,1988,0,0.000000000,12.200,55,0,0
10,4,zero_drive,0,34.256657826,35.187038625,35.192769900,1988,0,0.000000000,12.200,55,0,0
10,4,zero_drive,0,34.256657826,35.193017876,35.198612301,1988,0,0.000000000,12.200,55,0,0
10,4,zero_drive,0,34.256657826,35.198888680,35.204679152,1988,0,0.000000000,12.200,55,0,0
10,4,zero_drive,0,34.256657826,35.204930474,35.210573134,1988,0,0.000000000,12.200,54,0,0
10,4,zero_drive,0,34.256657826,35.210829001,35.216755773,1988,0,0.000000000,12.200,54,0,0
10,4,zero_drive,0,34.256657826,35.216996731,35.222571726,1988,0,0.000000000,12.200,55,0,0
11,0,pulse,25,35.324633708,35.330528827,35.336522160,1857,0,0.000000000,12.400,53,34,0
11,0,pulse,25,35.324633708,35.336773720,35.342856871,1857,0,0.000000000,12.400,53,34,0
11,0,pulse,25,35.324633708,35.343112218,35.348517236,1857,0,0.000000000,12.400,53,36,0
11,0,pulse,25,35.324633708,35.348780626,35.354497186,1857,0,0.000000000,12.400,53,36,0
11,0,pulse,25,35.324633708,35.354748873,35.360498160,1857,0,0.000000000,12.400,53,37,0
11,0,pulse,25,35.324633708,35.360830481,35.366710021,1857,0,0.000000000,12.400,53,37,0
11,0,pulse,25,35.324633708,35.366963579,35.372684623,1857,0,0.000000000,12.400,53,37,0
11,0,pulse,25,35.324633708,35.372929343,35.378656655,1857,0,0.000000000,12.400,53,37,0
11,0,pulse,25,35.324633708,35.378909596,35.384558449,1857,0,0.000000000,12.400,53,37,0
11,0,pulse,25,35.324633708,35.384859644,35.390552184,1857,0,0.000000000,12.400,53,37,0
11,0,pulse,25,35.324633708,35.390787713,35.396497004,1857,0,0.000000000,12.400,53,38,0
11,0,pulse,25,35.324633708,35.396743855,35.402694424,1857,0,0.000000000,12.400,53,38,0
11,0,pulse,25,35.324633708,35.402928411,35.408728006,1857,0,0.000000000,12.400,53,37,0
11,0,pulse,25,35.324633708,35.408986302,35.414513672,1857,0,0.000000000,12.400,53,37,0
11,0,pulse,25,35.324633708,35.414725082,35.420482216,1857,0,0.000000000,12.400,53,37,0
11,0,pulse,25,35.324633708,35.420711561,35.426440107,1857,0,0.000000000,12.400,53,37,0
11,0,pulse,25,35.324633708,35.426656306,35.432415841,1857,0,0.000000000,12.400,53,37,0
11,0,pulse,25,35.324633708,35.432625600,35.438384615,1857,0,0.000000000,12.400,53,37,0
11,0,pulse,25,35.324633708,35.438600230,35.444616851,1857,0,0.000000000,12.400,53,37,0
11,0,pulse,25,35.324633708,35.444832429,35.450366891,1857,0,0.000000000,12.400,53,37,0
11,0,pulse,25,35.324633708,35.450577239,35.456367508,1857,0,0.000000000,12.400,53,38,0
11,0,pulse,25,35.324633708,35.456615766,35.462398364,1857,0,0.000000000,12.400,53,38,0
11,0,pulse,25,35.324633708,35.462611467,35.468587734,1857,0,0.000000000,12.400,53,38,0
11,0,pulse,25,35.324633708,35.468870976,35.474492101,1857,0,0.000000000,12.400,53,38,0
11,0,zero_drive,0,35.324633708,35.486496423,35.492557290,1857,0,0.000000000,12.400,53,37,0
11,0,zero_drive,0,35.324633708,35.492777749,35.498550411,1857,0,0.000000000,12.400,53,37,0
11,0,zero_drive,0,35.324633708,35.498760865,35.504525243,1857,0,0.000000000,12.400,53,36,0
11,0,zero_drive,0,35.324633708,35.504746444,35.510439567,1857,0,0.000000000,12.400,53,36,0
11,0,zero_drive,0,35.324633708,35.510654128,35.516602558,1857,0,0.000000000,12.400,53,36,0
11,0,zero_drive,0,35.324633708,35.516815821,35.522394121,1857,0,0.000000000,12.400,53,36,0
11,0,zero_drive,0,35.324633708,35.522608426,35.528367572,1857,0,0.000000000,12.400,53,37,0
11,0,zero_drive,0,35.324633708,35.528581695,35.534409653,1857,0,0.000000000,12.400,53,37,0
11,0,zero_drive,0,35.324633708,35.534719055,35.540620795,1857,0,0.000000000,12.400,53,36,0
11,0,zero_drive,0,35.324633708,35.540836660,35.546601801,1857,0,0.000000000,12.400,53,36,0
11,0,zero_drive,0,35.324633708,35.546820480,35.552490483,1857,0,0.000000000,12.400,53,36,0
11,0,zero_drive,0,35.324633708,35.552706565,35.558435466,1857,0,0.000000000,12.400,53,36,0
11,0,zero_drive,0,35.324633708,35.558697015,35.564434570,1857,0,0.000000000,12.400,53,36,0
11,0,zero_drive,0,35.324633708,35.564644083,35.570648169,1857,0,0.000000000,12.400,53,36,0
11,0,zero_drive,0,35.324633708,35.570921710,35.576630400,1857,0,0.000000000,12.400,53,36,0
11,0,zero_drive,0,35.324633708,35.576847891,35.582424326,1857,0,0.000000000,12.400,53,36,0
11,0,zero_drive,0,35.324633708,35.582637155,35.588396000,1857,0,0.000000000,12.400,53,36,0
11,0,zero_drive,0,35.324633708,35.588610838,35.594457995,1857,0,0.000000000,12.400,53,36,0
11,0,zero_drive,0,35.324633708,35.594670950,35.600482402,1857,0,0.000000000,12.400,53,36,0
11,0,zero_drive,0,35.324633708,35.600687168,35.606571472,1857,0,0.000000000,12.400,53,36,0
11,0,zero_drive,0,35.324633708,35.606786013,35.612440849,1857,0,0.000000000,12.400,53,36,0
11,0,zero_drive,0,35.324633708,35.612656342,35.618513221,1857,0,0.000000000,12.400,53,36,0
11,0,zero_drive,0,35.324633708,35.618722627,35.624548383,1857,0,0.000000000,12.400,53,36,0
11,0,zero_drive,0,35.324633708,35.624764044,35.630491896,1857,0,0.000000000,12.400,53,36,0
11,0,zero_drive,0,35.324633708,35.630760195,35.636495551,1857,0,0.000000000,12.400,53,36,0
11,0,zero_drive,0,35.324633708,35.636741912,35.642606150,1857,0,0.000000000,12.400,53,36,0
11,0,zero_drive,0,35.324633708,35.642825522,35.648504214,1857,0,0.000000000,12.400,53,36,0
11,0,zero_drive,0,35.324633708,35.648714908,35.654635463,1857,0,0.000000000,12.400,53,36,0
11,0,zero_drive,0,35.324633708,35.654852580,35.660353849,1857,0,0.000000000,12.400,53,36,0
11,0,zero_drive,0,35.324633708,35.660567123,35.666326790,1857,0,0.000000000,12.400,53,36,0
11,0,zero_drive,0,35.324633708,35.666540496,35.672603536,1857,0,0.000000000,12.400,53,36,0
11,0,zero_drive,0,35.324633708,35.672817258,35.678503094,1857,0,0.000000000,12.400,53,36,0
11,0,zero_drive,0,35.324633708,35.678713246,35.684647749,1857,0,0.000000000,12.400,53,36,0
11,0,zero_drive,0,35.324633708,35.684862270,35.690528795,1857,0,0.000000000,12.400,53,36,0
11,0,zero_drive,0,35.324633708,35.690776561,35.696643136,1857,0,0.000000000,12.400,53,36,0
11,0,zero_drive,0,35.324633708,35.696865515,35.702514615,1857,0,0.000000000,12.400,53,36,0
11,0,zero_drive,0,35.324633708,35.702732026,35.712123062,1857,0,0.000000000,12.400,53,36,0
11,0,zero_drive,0,35.324633708,35.717304840,35.726792780,1857,0,0.000000000,12.400,53,36,0
11,0,zero_drive,0,35.324633708,35.727005824,35.732760285,1857,0,0.000000000,12.400,53,36,0
11,0,zero_drive,0,35.324633708,35.733064345,35.738433319,1857,0,0.000000000,12.400,53,36,0
11,0,zero_drive,0,35.324633708,35.738646265,35.744420598,1857,0,0.000000000,12.400,53,36,0
11,0,zero_drive,0,35.324633708,35.744635122,35.750401460,1857,0,0.000000000,12.400,53,36,0
11,0,zero_drive,0,35.324633708,35.750657503,35.756370470,1857,0,0.000000000,12.400,53,36,0
11,0,zero_drive,0,35.324633708,35.756636045,35.762526790,1857,0,0.000000000,12.400,53,36,0
11,0,zero_drive,0,35.324633708,35.762751700,35.768729236,1857,0,0.000000000,12.400,53,36,0
11,0,zero_drive,0,35.324633708,35.768974256,35.774548916,1857,0,0.000000000,12.400,53,36,0
11,0,zero_drive,0,35.324633708,35.774776353,35.780549496,1857,0,0.000000000,12.400,53,36,0
11,0,zero_drive,0,35.324633708,35.780824688,35.786748251,1857,0,0.000000000,12.400,53,36,0
11,0,zero_drive,0,35.324633708,35.786998160,35.792697356,1857,0,0.000000000,12.400,53,35,0
11,0,zero_drive,0,35.324633708,35.792945285,35.798798368,1857,0,0.000000000,12.400,53,35,0
11,0,zero_drive,0,35.324633708,35.799089710,35.804608810,1857,0,0.000000000,12.400,53,35,0
11,0,zero_drive,0,35.324633708,35.804864514,35.810771000,1857,0,0.000000000,12.400,53,35,0
11,0,zero_drive,0,35.324633708,35.811011921,35.816690015,1857,0,0.000000000,12.400,53,36,0
11,0,zero_drive,0,35.324633708,35.816938994,35.822523940,1857,0,0.000000000,12.400,53,36,0
11,0,zero_drive,0,35.324633708,35.822779832,35.828642970,1857,0,0.000000000,12.400,53,35,0
11,0,zero_drive,0,35.324633708,35.828909430,35.834698657,1857,0,0.000000000,12.400,53,35,0
11,0,zero_drive,0,35.324633708,35.834949219,35.840630751,1857,0,0.000000000,12.400,53,36,0
11,0,zero_drive,0,35.324633708,35.840886320,35.846649838,1857,0,0.000000000,12.400,53,36,0
11,0,zero_drive,0,35.324633708,35.846899148,35.852615326,1857,0,0.000000000,12.400,53,36,0
11,0,zero_drive,0,35.324633708,35.852942522,35.858453701,1857,0,0.000000000,12.400,53,36,0
11,0,zero_drive,0,35.324633708,35.858689820,35.864631620,1857,0,0.000000000,12.400,53,36,0
11,0,zero_drive,0,35.324633708,35.864844808,35.870415539,1857,0,0.000000000,12.400,53,36,0
11,0,zero_drive,0,35.324633708,35.870642245,35.876655043,1857,0,0.000000000,12.400,53,35,0
11,0,zero_drive,0,35.324633708,35.876885515,35.882376118,1857,0,0.000000000,12.400,53,35,0
11,0,zero_drive,0,35.324633708,35.882600010,35.888423137,1857,0,0.000000000,12.400,53,36,0
11,0,zero_drive,0,35.324633708,35.888665430,35.894505440,1857,0,0.000000000,12.400,53,36,0
11,0,zero_drive,0,35.324633708,35.894747895,35.900670951,1857,0,0.000000000,12.400,53,36,0
11,0,zero_drive,0,35.324633708,35.900949625,35.906512316,1857,0,0.000000000,12.400,53,36,0
11,0,zero_drive,0,35.324633708,35.906755838,35.912586752,1857,0,0.000000000,12.400,53,35,0
11,0,zero_drive,0,35.324633708,35.912869336,35.918577112,1857,0,0.000000000,12.400,53,35,0
11,0,zero_drive,0,35.324633708,35.918852628,35.924641499,1857,0,0.000000000,12.400,53,36,0
11,0,zero_drive,0,35.324633708,35.924881893,35.930444148,1857,0,0.000000000,12.400,53,36,0
11,0,zero_drive,0,35.324633708,35.930679375,35.936442500,1857,0,0.000000000,12.400,53,36,0
11,0,zero_drive,0,35.324633708,35.936699742,35.942655792,1857,0,0.000000000,12.400,53,36,0
11,0,zero_drive,0,35.324633708,35.942887788,35.948407046,1857,0,0.000000000,12.400,53,36,0
11,0,zero_drive,0,35.324633708,35.948635102,35.954503431,1857,0,0.000000000,12.400,53,36,0
11,0,zero_drive,0,35.324633708,35.954741869,35.960337639,1857,0,0.000000000,12.400,53,36,0
11,0,zero_drive,0,35.324633708,35.960565522,35.966506401,1857,0,0.000000000,12.400,53,36,0
11,0,zero_drive,0,35.324633708,35.966733364,35.972542660,1857,0,0.000000000,12.400,53,35,0
11,0,zero_drive,0,35.324633708,35.972778946,35.978488775,1857,0,0.000000000,12.400,53,35,0
11,0,zero_drive,0,35.324633708,35.978720343,35.984489669,1857,0,0.000000000,12.400,53,36,0
11,0,zero_drive,0,35.324633708,35.984715606,35.990462899,1857,0,0.000000000,12.400,53,36,0
11,0,zero_drive,0,35.324633708,35.990675214,35.996396361,1857,0,0.000000000,12.400,53,36,0
11,0,zero_drive,0,35.324633708,35.996607997,36.002449210,1857,0,0.000000000,12.400,53,36,0
11,0,zero_drive,0,35.324633708,36.002658580,36.008506811,1857,0,0.000000000,12.400,53,35,0
11,0,zero_drive,0,35.324633708,36.008736697,36.014281098,1857,0,0.000000000,12.400,53,35,0
11,0,zero_drive,0,35.324633708,36.014492448,36.020586436,1857,0,0.000000000,12.400,53,36,0
11,0,zero_drive,0,35.324633708,36.020804115,36.026470749,1857,0,0.000000000,12.400,53,36,0
11,0,zero_drive,0,35.324633708,36.026677601,36.032566104,1857,0,0.000000000,12.400,53,36,0
11,0,zero_drive,0,35.324633708,36.032773545,36.038511763,1857,0,0.000000000,12.400,53,36,0
11,0,zero_drive,0,35.324633708,36.038734342,36.044611859,1857,0,0.000000000,12.400,53,36,0
11,0,zero_drive,0,35.324633708,36.044824623,36.050404369,1857,0,0.000000000,12.400,53,36,0
11,0,zero_drive,0,35.324633708,36.050620378,36.056437208,1857,0,0.000000000,12.400,53,35,0
11,0,zero_drive,0,35.324633708,36.056658198,36.062528066,1857,0,0.000000000,12.400,53,35,0
11,0,zero_drive,0,35.324633708,36.062746180,36.068486190,1857,0,0.000000000,12.400,53,36,0
11,0,zero_drive,0,35.324633708,36.068724083,36.074531218,1857,0,0.000000000,12.400,53,36,0
11,0,zero_drive,0,35.324633708,36.074755024,36.080676156,1857,0,0.000000000,12.400,53,36,0
11,0,zero_drive,0,35.324633708,36.080906949,36.086722819,1857,0,0.000000000,12.400,53,36,0
11,0,zero_drive,0,35.324633708,36.086980269,36.092540963,1857,0,0.000000000,12.400,53,36,0
11,0,zero_drive,0,35.324633708,36.092787939,36.098580338,1857,0,0.000000000,12.400,53,36,0
11,0,zero_drive,0,35.324633708,36.098828513,36.104494999,1857,0,0.000000000,12.400,53,35,0
11,0,zero_drive,0,35.324633708,36.104751768,36.110537105,1857,0,0.000000000,12.400,53,35,0
11,0,zero_drive,0,35.324633708,36.110792729,36.116449454,1857,0,0.000000000,12.400,53,36,0
11,0,zero_drive,0,35.324633708,36.116695649,36.122573713,1857,0,0.000000000,12.400,53,36,0
11,0,zero_drive,0,35.324633708,36.122855103,36.128752958,1857,0,0.000000000,12.400,53,36,0
11,0,zero_drive,0,35.324633708,36.129008326,36.134855980,1857,0,0.000000000,12.400,53,36,0
11,0,zero_drive,0,35.324633708,36.135107699,36.140424711,1857,0,0.000000000,12.400,53,35,0
11,0,zero_drive,0,35.324633708,36.140682579,36.146677577,1857,0,0.000000000,12.400,53,35,0
11,0,zero_drive,0,35.324633708,36.146931181,36.152683056,1857,0,0.000000000,12.400,53,36,0
11,0,zero_drive,0,35.324633708,36.152941649,36.158731899,1857,0,0.000000000,12.400,53,36,0
11,0,zero_drive,0,35.324633708,36.158987286,36.164651449,1857,0,0.000000000,12.400,53,35,0
11,0,zero_drive,0,35.324633708,36.164907299,36.170682587,1857,0,0.000000000,12.400,53,35,0
11,0,zero_drive,0,35.324633708,36.170944806,36.176654844,1857,0,0.000000000,12.400,53,36,0
11,0,zero_drive,0,35.324633708,36.176945819,36.182657589,1857,0,0.000000000,12.400,53,36,0
11,0,zero_drive,0,35.324633708,36.182906153,36.188575593,1857,0,0.000000000,12.400,53,36,0
11,0,zero_drive,0,35.324633708,36.188832476,36.194606395,1857,0,0.000000000,12.400,53,36,0
11,0,zero_drive,0,35.324633708,36.194882032,36.200449166,1857,0,0.000000000,12.400,53,36,0
11,0,zero_drive,0,35.324633708,36.200695014,36.206623363,1857,0,0.000000000,12.400,53,36,0
11,0,zero_drive,0,35.324633708,36.206870914,36.212552338,1857,0,0.000000000,12.400,53,35,0
11,0,zero_drive,0,35.324633708,36.212804937,36.218484696,1857,0,0.000000000,12.400,53,35,0
11,0,zero_drive,0,35.324633708,36.218736449,36.224626101,1857,0,0.000000000,12.400,53,35,0
11,0,zero_drive,0,35.324633708,36.224882804,36.230561786,1857,0,0.000000000,12.400,53,35,0
11,0,zero_drive,0,35.324633708,36.230824349,36.236636832,1857,0,0.000000000,12.400,53,35,0
11,0,zero_drive,0,35.324633708,36.236888854,36.242661379,1857,0,0.000000000,12.400,53,35,0
11,0,zero_drive,0,35.324633708,36.242914763,36.248423316,1857,0,0.000000000,12.400,53,35,0
11,0,zero_drive,0,35.324633708,36.248674713,36.254445893,1857,0,0.000000000,12.400,53,35,0
11,0,zero_drive,0,35.324633708,36.254701545,36.260665622,1857,0,0.000000000,12.400,53,36,0
11,0,zero_drive,0,35.324633708,36.260924274,36.266501448,1857,0,0.000000000,12.400,53,36,0
11,0,zero_drive,0,35.324633708,36.266751311,36.272478232,1857,0,0.000000000,12.400,53,36,0
11,0,zero_drive,0,35.324633708,36.272734095,36.278565127,1857,0,0.000000000,12.400,53,36,0
11,0,zero_drive,0,35.324633708,36.278817141,36.284611153,1857,0,0.000000000,12.400,53,36,0
11,0,zero_drive,0,35.324633708,36.285548082,36.290409495,1857,0,0.000000000,12.400,53,36,0
11,1,pulse,50,36.302431098,36.308286594,36.314593862,1857,0,0.000000000,12.400,53,36,0
11,1,pulse,50,36.302431098,36.314836494,36.320723603,1857,0,0.000000000,12.400,53,40,0
11,1,pulse,50,36.302431098,36.320973175,36.326484999,1857,0,0.000000000,12.400,53,40,0
11,1,pulse,50,36.302431098,36.326738712,36.332559852,1857,0,0.000000000,12.400,53,42,0
11,1,pulse,50,36.302431098,36.332804412,36.338516179,1857,0,0.000000000,12.400,53,42,0
11,1,pulse,50,36.302431098,36.338774101,36.344638096,1857,0,0.000000000,12.400,53,43,0
11,1,pulse,50,36.302431098,36.344887537,36.350461764,1857,0,0.000000000,12.400,53,43,0
11,1,pulse,50,36.302431098,36.350719485,36.356654294,1858,0,0.000000000,12.400,53,42,0
11,1,pulse,50,36.302431098,36.356909121,36.362594255,1859,100,0.153398079,12.400,53,42,0
11,1,pulse,50,36.302431098,36.362849812,36.368775133,1859,100,0.153398079,12.400,53,42,0
11,1,pulse,50,36.302431098,36.369190979,36.374466999,1860,100,0.153398079,12.400,53,42,0
11,1,pulse,50,36.302431098,36.374725798,36.380684500,1861,100,0.153398079,12.400,53,41,0
11,1,pulse,50,36.302431098,36.380951644,36.386571645,1861,100,0.153398079,12.400,53,41,0
11,1,pulse,50,36.302431098,36.386824017,36.392661421,1862,100,0.153398079,12.400,53,42,0
11,1,pulse,50,36.302431098,36.392920797,36.398575443,1863,150,0.230097118,12.400,53,42,0
11,1,pulse,50,36.302431098,36.398885243,36.404507240,1863,150,0.230097118,12.400,53,41,0
11,1,pulse,50,36.302431098,36.404763032,36.410415907,1864,100,0.153398079,12.400,53,41,0
11,1,pulse,50,36.302431098,36.410717448,36.416554828,1865,100,0.153398079,12.400,53,41,0
11,1,pulse,50,36.302431098,36.416809025,36.422596905,1865,150,0.230097118,12.400,53,41,0
11,1,pulse,50,36.302431098,36.422851413,36.428602299,1866,150,0.230097118,12.400,53,41,0
11,1,pulse,50,36.302431098,36.428858120,36.434385601,1867,100,0.153398079,12.400,53,41,0
11,1,pulse,50,36.302431098,36.434706388,36.440681228,1868,100,0.153398079,12.400,53,41,0
11,1,pulse,50,36.302431098,36.440936650,36.446648820,1868,100,0.153398079,12.400,53,41,0
11,1,pulse,50,36.302431098,36.446904196,36.452501808,1869,100,0.153398079,12.400,53,41,0
11,1,zero_drive,0,36.302431098,36.464415304,36.470573128,1871,150,0.230097118,12.400,53,38,0
11,1,zero_drive,0,36.302431098,36.470827018,36.476520250,1871,150,0.230097118,12.400,53,37,0
11,1,zero_drive,0,36.302431098,36.476777058,36.482581589,1871,0,0.000000000,12.400,53,37,0
11,1,zero_drive,0,36.302431098,36.482836701,36.488477594,1871,0,0.000000000,12.400,53,35,0
11,1,zero_drive,0,36.302431098,36.488734100,36.494771271,1871,0,0.000000000,12.400,53,35,0
11,1,zero_drive,0,36.302431098,36.495069289,36.500467070,1871,0,0.000000000,12.400,53,35,0
11,1,zero_drive,0,36.302431098,36.500718923,36.506568895,1871,0,0.000000000,12.400,53,35,0
11,1,zero_drive,0,36.302431098,36.506821453,36.512566733,1871,0,0.000000000,12.400,53,35,0
11,1,zero_drive,0,36.302431098,36.512823604,36.518532060,1871,0,0.000000000,12.400,53,35,0
11,1,zero_drive,0,36.302431098,36.518821445,36.524625226,1871,0,0.000000000,12.400,53,36,0
11,1,zero_drive,0,36.302431098,36.524880087,36.530554726,1871,0,0.000000000,12.400,53,36,0
11,1,zero_drive,0,36.302431098,36.530830592,36.536772555,1871,0,0.000000000,12.400,53,36,0
11,1,zero_drive,0,36.302431098,36.537028148,36.542638816,1871,0,0.000000000,12.400,53,36,0
11,1,zero_drive,0,36.302431098,36.542890362,36.548633700,1871,0,0.000000000,12.400,53,36,0
11,1,zero_drive,0,36.302431098,36.548883082,36.554505676,1871,0,0.000000000,12.400,53,36,0
11,1,zero_drive,0,36.302431098,36.554763147,36.560418148,1871,0,0.000000000,12.400,53,35,0
11,1,zero_drive,0,36.302431098,36.560672215,36.566582127,1871,0,0.000000000,12.400,53,35,0
11,1,zero_drive,0,36.302431098,36.566834610,36.572467968,1871,0,0.000000000,12.400,53,35,0
11,1,zero_drive,0,36.302431098,36.572725823,36.578513990,1871,0,0.000000000,12.400,53,35,0
11,1,zero_drive,0,36.302431098,36.578773246,36.584619855,1871,0,0.000000000,12.400,53,35,0
11,1,zero_drive,0,36.302431098,36.584875159,36.590525328,1871,0,0.000000000,12.400,53,35,0
11,1,zero_drive,0,36.302431098,36.590783216,36.596397033,1871,0,0.000000000,12.400,53,35,0
11,1,zero_drive,0,36.302431098,36.596712311,36.602545119,1871,0,0.000000000,12.400,53,35,0
11,1,zero_drive,0,36.302431098,36.602822201,36.608629725,1871,0,0.000000000,12.400,53,36,0
11,1,zero_drive,0,36.302431098,36.608936652,36.614432990,1871,0,0.000000000,12.400,53,36,0
11,1,zero_drive,0,36.302431098,36.614691326,36.620642424,1871,0,0.000000000,12.400,53,36,0
11,1,zero_drive,0,36.302431098,36.620901438,36.626749640,1871,0,0.000000000,12.400,53,36,0
11,1,zero_drive,0,36.302431098,36.627007088,36.632399036,1871,0,0.000000000,12.400,53,36,0
11,1,zero_drive,0,36.302431098,36.632652203,36.638569323,1871,0,0.000000000,12.400,53,36,0
11,1,zero_drive,0,36.302431098,36.638825901,36.644522007,1871,0,0.000000000,12.400,53,35,0
11,1,zero_drive,0,36.302431098,36.644778644,36.650385818,1871,0,0.000000000,12.400,53,35,0
11,1,zero_drive,0,36.302431098,36.650632312,36.656417293,1871,0,0.000000000,12.400,53,36,0
11,1,zero_drive,0,36.302431098,36.656675758,36.662425875,1871,0,0.000000000,12.400,53,36,0
11,1,zero_drive,0,36.302431098,36.662680361,36.668697884,1871,0,0.000000000,12.400,53,36,0
11,1,zero_drive,0,36.302431098,36.668956688,36.674575626,1871,0,0.000000000,12.400,53,36,0
11,1,zero_drive,0,36.302431098,36.674847626,36.680531818,1871,0,0.000000000,12.400,53,36,0
11,1,zero_drive,0,36.302431098,36.680800627,36.686618652,1871,0,0.000000000,12.400,53,36,0
11,1,zero_drive,0,36.302431098,36.686876422,36.692563668,1871,0,0.000000000,12.400,53,36,0
11,1,zero_drive,0,36.302431098,36.692894138,36.698568634,1871,0,0.000000000,12.400,53,36,0
11,1,zero_drive,0,36.302431098,36.698825197,36.704454609,1871,0,0.000000000,12.400,53,36,0
11,1,zero_drive,0,36.302431098,36.704715804,36.710536696,1871,0,0.000000000,12.400,53,36,0
11,1,zero_drive,0,36.302431098,36.710792839,36.716478975,1871,0,0.000000000,12.400,53,36,0
11,1,zero_drive,0,36.302431098,36.716730364,36.722378976,1871,0,0.000000000,12.400,53,36,0
11,1,zero_drive,0,36.302431098,36.722634981,36.728636038,1871,0,0.000000000,12.400,53,36,0
11,1,zero_drive,0,36.302431098,36.728891726,36.734638363,1871,0,0.000000000,12.400,53,36,0
11,1,zero_drive,0,36.302431098,36.734939308,36.740584969,1871,0,0.000000000,12.400,53,36,0
11,1,zero_drive,0,36.302431098,36.740844379,36.746604923,1871,0,0.000000000,12.400,53,36,0
11,1,zero_drive,0,36.302431098,36.746859808,36.752520015,1871,0,0.000000000,12.400,53,36,0
11,1,zero_drive,0,36.302431098,36.752775377,36.758531214,1871,0,0.000000000,12.400,53,36,0
11,1,zero_drive,0,36.302431098,36.758833448,36.764570935,1871,0,0.000000000,12.400,53,36,0
11,1,zero_drive,0,36.302431098,36.764827326,36.770477258,1871,0,0.000000000,12.400,53,36,0
11,1,zero_drive,0,36.302431098,36.770745252,36.776570079,1871,0,0.000000000,12.400,53,36,0
11,1,zero_drive,0,36.302431098,36.776898975,36.782488621,1871,0,0.000000000,12.400,53,36,0
11,1,zero_drive,0,36.302431098,36.782778123,36.788423123,1871,0,0.000000000,12.400,53,35,0
11,1,zero_drive,0,36.302431098,36.788679731,36.794437162,1871,0,0.000000000,12.400,53,35,0
11,1,zero_drive,0,36.302431098,36.794691699,36.800367202,1871,0,0.000000000,12.400,53,36,0
11,1,zero_drive,0,36.302431098,36.800622511,36.806483053,1871,0,0.000000000,12.400,53,36,0
11,1,zero_drive,0,36.302431098,36.806739309,36.812385293,1871,0,0.000000000,12.400,53,35,0
11,1,zero_drive,0,36.302431098,36.812639697,36.818568018,1871,0,0.000000000,12.400,53,35,0
11,1,zero_drive,0,36.302431098,36.818833755,36.824812927,1871,0,0.000000000,12.400,53,36,0
11,1,zero_drive,0,36.302431098,36.825100412,36.830529835,1871,0,0.000000000,12.400,53,36,0
11,1,zero_drive,0,36.302431098,36.830829019,36.836521121,1871,0,0.000000000,12.400,53,36,0
11,1,zero_drive,0,36.302431098,36.836780016,36.842600242,1871,0,0.000000000,12.400,53,36,0
11,1,zero_drive,0,36.302431098,36.842856854,36.848498916,1871,0,0.000000000,12.400,53,36,0
11,1,zero_drive,0,36.302431098,36.848770396,36.854665628,1871,0,0.000000000,12.400,53,36,0
11,1,zero_drive,0,36.302431098,36.854922617,36.860454592,1871,0,0.000000000,12.400,53,36,0
11,1,zero_drive,0,36.302431098,36.860711932,36.866370123,1871,0,0.000000000,12.400,53,36,0
11,1,zero_drive,0,36.302431098,36.866621432,36.872551267,1871,0,0.000000000,12.400,53,36,0
11,1,zero_drive,0,36.302431098,36.872806165,36.878828988,1871,0,0.000000000,12.400,53,36,0
11,1,zero_drive,0,36.302431098,36.879115064,36.885061549,1871,0,0.000000000,12.400,53,36,0
11,1,zero_drive,0,36.302431098,36.885319072,36.890394088,1871,0,0.000000000,12.400,53,36,0
11,1,zero_drive,0,36.302431098,36.890647807,36.896383800,1871,0,0.000000000,12.400,53,36,0
11,1,zero_drive,0,36.302431098,36.896636201,36.902665187,1871,0,0.000000000,12.400,53,36,0
11,1,zero_drive,0,36.302431098,36.902926122,36.908752345,1871,0,0.000000000,12.400,53,36,0
11,1,zero_drive,0,36.302431098,36.909065575,36.914436495,1871,0,0.000000000,12.400,53,36,0
11,1,zero_drive,0,36.302431098,36.914692082,36.920563886,1871,0,0.000000000,12.400,53,36,0
11,1,zero_drive,0,36.302431098,36.920819417,36.926533873,1871,0,0.000000000,12.400,53,36,0
11,1,zero_drive,0,36.302431098,36.926793426,36.932508852,1871,0,0.000000000,12.400,53,36,0
11,1,zero_drive,0,36.302431098,36.932757407,36.938462807,1871,0,0.000000000,12.400,53,36,0
11,1,zero_drive,0,36.302431098,36.938722281,36.944623951,1871,0,0.000000000,12.400,53,35,0
11,1,zero_drive,0,36.302431098,36.944886728,36.950352399,1871,0,0.000000000,12.400,53,35,0
11,1,zero_drive,0,36.302431098,36.950598771,36.956483968,1871,0,0.000000000,12.400,53,35,0
11,1,zero_drive,0,36.302431098,36.956738594,36.962474977,1871,0,0.000000000,12.400,53,35,0
11,1,zero_drive,0,36.302431098,36.962792148,36.968440082,1871,0,0.000000000,12.400,53,36,0
11,1,zero_drive,0,36.302431098,36.968781787,36.974478147,1871,0,0.000000000,12.400,53,36,0
11,1,zero_drive,0,36.302431098,36.974738292,36.980617634,1871,0,0.000000000,12.400,53,36,0
11,1,zero_drive,0,36.302431098,36.980905370,36.986421943,1871,0,0.000000000,12.400,53,36,0
11,1,zero_drive,0,36.302431098,36.986687895,36.992563852,1871,0,0.000000000,12.400,53,36,0
11,1,zero_drive,0,36.302431098,36.992825336,36.998602633,1871,0,0.000000000,12.400,53,36,0
11,1,zero_drive,0,36.302431098,36.998859757,37.004525897,1871,0,0.000000000,12.400,53,36,0
11,1,zero_drive,0,36.302431098,37.004783416,37.010480576,1871,0,0.000000000,12.400,53,36,0
11,1,zero_drive,0,36.302431098,37.010859687,37.016465776,1871,0,0.000000000,12.400,53,36,0
11,1,zero_drive,0,36.302431098,37.016718949,37.022576678,1871,0,0.000000000,12.400,53,36,0
11,1,zero_drive,0,36.302431098,37.022831074,37.028496910,1871,0,0.000000000,12.400,53,35,0
11,1,zero_drive,0,36.302431098,37.028754103,37.034392317,1871,0,0.000000000,12.400,53,35,0
11,1,zero_drive,0,36.302431098,37.034745367,37.040549644,1871,0,0.000000000,12.400,53,36,0
11,1,zero_drive,0,36.302431098,37.040808098,37.046480599,1871,0,0.000000000,12.400,53,36,0
11,1,zero_drive,0,36.302431098,37.046739393,37.052371566,1871,0,0.000000000,12.400,53,36,0
11,1,zero_drive,0,36.302431098,37.052634047,37.058635674,1871,0,0.000000000,12.400,53,36,0
11,1,zero_drive,0,36.302431098,37.058944897,37.064343139,1871,0,0.000000000,12.400,53,36,0
11,1,zero_drive,0,36.302431098,37.064598709,37.070530428,1871,0,0.000000000,12.400,53,36,0
11,1,zero_drive,0,36.302431098,37.070789555,37.076574532,1871,0,0.000000000,12.400,53,36,0
11,1,zero_drive,0,36.302431098,37.076837199,37.082774782,1871,0,0.000000000,12.400,53,36,0
11,1,zero_drive,0,36.302431098,37.083033287,37.088617641,1871,0,0.000000000,12.400,53,35,0
11,1,zero_drive,0,36.302431098,37.088877121,37.094666121,1871,0,0.000000000,12.400,53,35,0
11,1,zero_drive,0,36.302431098,37.094925951,37.100510532,1871,0,0.000000000,12.400,53,36,0
11,1,zero_drive,0,36.302431098,37.100758554,37.106588495,1871,0,0.000000000,12.400,53,36,0
11,1,zero_drive,0,36.302431098,37.106846190,37.112322241,1871,0,0.000000000,12.400,53,35,0
11,1,zero_drive,0,36.302431098,37.112578049,37.118429476,1871,0,0.000000000,12.400,53,35,0
11,1,zero_drive,0,36.302431098,37.118685899,37.124536242,1871,0,0.000000000,12.400,53,36,0
11,1,zero_drive,0,36.302431098,37.124777652,37.130338005,1871,0,0.000000000,12.400,53,36,0
11,1,zero_drive,0,36.302431098,37.130597723,37.136433737,1871,0,0.000000000,12.400,53,36,0
11,1,zero_drive,0,36.302431098,37.136764336,37.142546983,1871,0,0.000000000,12.400,53,36,0
11,1,zero_drive,0,36.302431098,37.142777462,37.148442569,1871,0,0.000000000,12.400,53,36,0
11,1,zero_drive,0,36.302431098,37.148672804,37.154529985,1871,0,0.000000000,12.400,53,36,0
11,1,zero_drive,0,36.302431098,37.154828159,37.160377492,1871,0,0.000000000,12.400,53,36,0
11,1,zero_drive,0,36.302431098,37.160612802,37.166432759,1871,0,0.000000000,12.400,53,36,0
11,1,zero_drive,0,36.302431098,37.166663982,37.172261122,1871,0,0.000000000,12.400,53,35,0
11,1,zero_drive,0,36.302431098,37.172474352,37.178495531,1871,0,0.000000000,12.400,53,35,0
11,1,zero_drive,0,36.302431098,37.178722043,37.184444702,1871,0,0.000000000,12.400,53,36,0
11,1,zero_drive,0,36.302431098,37.184746417,37.190461303,1871,0,0.000000000,12.400,53,36,0
11,1,zero_drive,0,36.302431098,37.190688768,37.196473161,1871,0,0.000000000,12.400,53,35,0
11,1,zero_drive,0,36.302431098,37.196696503,37.202495169,1871,0,0.000000000,12.400,53,35,0
11,1,zero_drive,0,36.302431098,37.202772788,37.208458966,1871,0,0.000000000,12.400,53,35,0
11,1,zero_drive,0,36.302431098,37.208713225,37.215284015,1871,0,0.000000000,12.400,53,35,0
11,1,zero_drive,0,36.302431098,37.215673762,37.220525287,1871,0,0.000000000,12.400,53,36,0
11,1,zero_drive,0,36.302431098,37.220783822,37.226401528,1871,0,0.000000000,12.400,53,36,0
11,1,zero_drive,0,36.302431098,37.226654343,37.232412492,1871,0,0.000000000,12.400,53,36,0
11,1,zero_drive,0,36.302431098,37.232705707,37.238399292,1871,0,0.000000000,12.400,53,36,0
11,1,zero_drive,0,36.302431098,37.238647769,37.244423919,1871,0,0.000000000,12.400,53,35,0
11,1,zero_drive,0,36.302431098,37.244665877,37.250291391,1871,0,0.000000000,12.400,53,35,0
11,1,zero_drive,0,36.302431098,37.250509251,37.256399227,1871,0,0.000000000,12.400,53,36,0
11,1,zero_drive,0,36.302431098,37.256618049,37.262147751,1871,0,0.000000000,12.400,53,36,0
11,1,zero_drive,0,36.302431098,37.262359119,37.268351196,1871,0,0.000000000,12.400,53,36,0
11,2,pulse,100,37.280367781,37.286447623,37.292211681,1871,0,0.000000000,12.400,53,48,0
11,2,pulse,100,37.280367781,37.292429452,37.298279235,1871,0,0.000000000,12.400,53,48,0
11,2,pulse,100,37.280367781,37.298506656,37.304434621,1872,0,0.000000000,12.400,53,52,0
11,2,pulse,100,37.280367781,37.304690636,37.310538405,1873,100,0.153398079,12.400,53,52,0
11,2,pulse,100,37.280367781,37.310808151,37.316467011,1874,100,0.153398079,12.400,53,52,0
11,2,pulse,100,37.280367781,37.316724523,37.322541477,1875,150,0.230097118,12.400,53,52,0
11,2,pulse,100,37.280367781,37.322807458,37.328426415,1876,150,0.230097118,12.400,53,50,0
11,2,pulse,100,37.280367781,37.328675885,37.334330713,1878,250,0.383495197,12.400,53,50,0
11,2,pulse,100,37.280367781,37.334568481,37.340379016,1879,250,0.383495197,12.400,53,50,0
11,2,pulse,100,37.280367781,37.340632509,37.346579222,1881,250,0.383495197,12.400,53,50,0
11,2,pulse,100,37.280367781,37.346840016,37.352440121,1882,250,0.383495197,12.400,53,48,0
11,2,pulse,100,37.280367781,37.352711166,37.358721147,1884,250,0.383495197,12.400,53,48,0
11,2,pulse,100,37.280367781,37.359027839,37.364584191,1886,250,0.383495197,12.400,53,47,0
11,2,pulse,100,37.280367781,37.364858639,37.370611569,1887,300,0.460194236,12.400,53,47,0
11,2,pulse,100,37.280367781,37.370870013,37.376414715,1889,300,0.460194236,12.400,53,47,0
11,2,pulse,100,37.280367781,37.376671966,37.382536521,1891,300,0.460194236,12.400,53,47,0
11,2,pulse,100,37.280367781,37.382838841,37.388549941,1892,300,0.460194236,12.400,53,46,0
11,2,pulse,100,37.280367781,37.388800926,37.394534951,1894,300,0.460194236,12.400,53,46,0
11,2,pulse,100,37.280367781,37.394788391,37.400320456,1896,300,0.460194236,12.400,53,46,0
11,2,pulse,100,37.280367781,37.400578276,37.406524116,1897,300,0.460194236,12.400,53,46,0
11,2,pulse,100,37.280367781,37.406783656,37.412408876,1899,300,0.460194236,12.400,53,47,0
11,2,pulse,100,37.280367781,37.412668392,37.418289905,1901,300,0.460194236,12.400,53,47,0
11,2,pulse,100,37.280367781,37.418608040,37.424617522,1902,300,0.460194236,12.400,53,47,0
11,2,pulse,100,37.280367781,37.424883155,37.430548706,1904,250,0.383495197,12.400,53,47,0
11,2,zero_drive,0,37.280367781,37.442553100,37.448535019,1908,250,0.383495197,12.400,53,42,0
11,2,zero_drive,0,37.280367781,37.448792641,37.454386184,1908,200,0.306796158,12.400,53,42,0
11,2,zero_drive,0,37.280367781,37.454647673,37.460575516,1909,200,0.306796158,12.400,53,39,0
11,2,zero_drive,0,37.280367781,37.460837714,37.466525251,1909,100,0.153398079,12.400,53,39,0
11,2,zero_drive,0,37.280367781,37.466774681,37.472511002,1909,100,0.153398079,12.400,53,37,0
11,2,zero_drive,0,37.280367781,37.472773397,37.478422976,1909,0,0.000000000,12.400,53,37,0
11,2,zero_drive,0,37.280367781,37.478681994,37.484365151,1909,0,0.000000000,12.400,53,37,0
11,2,zero_drive,0,37.280367781,37.484667407,37.490430078,1909,0,0.000000000,12.400,53,37,0
11,2,zero_drive,0,37.280367781,37.490689622,37.496476070,1909,0,0.000000000,12.400,53,36,0
11,2,zero_drive,0,37.280367781,37.496738445,37.502294117,1909,0,0.000000000,12.400,53,36,0
11,2,zero_drive,0,37.280367781,37.502547687,37.508671972,1909,0,0.000000000,12.400,53,36,0
11,2,zero_drive,0,37.280367781,37.508981706,37.514359494,1909,0,0.000000000,12.400,53,36,0
11,2,zero_drive,0,37.280367781,37.514620271,37.520536861,1909,0,0.000000000,12.400,53,36,0
11,2,zero_drive,0,37.280367781,37.520798395,37.526583600,1909,0,0.000000000,12.400,53,36,0
11,2,zero_drive,0,37.280367781,37.526848693,37.532443090,1909,0,0.000000000,12.400,53,36,0
11,2,zero_drive,0,37.280367781,37.532699502,37.538538692,1909,0,0.000000000,12.400,53,36,0
11,2,zero_drive,0,37.280367781,37.538826082,37.544435615,1909,0,0.000000000,12.400,53,36,0
11,2,zero_drive,0,37.280367781,37.544695772,37.550517513,1909,0,0.000000000,12.400,53,36,0
11,2,zero_drive,0,37.280367781,37.550771094,37.556369474,1909,0,0.000000000,12.400,53,35,0
11,2,zero_drive,0,37.280367781,37.556631038,37.562532159,1909,0,0.000000000,12.400,53,35,0
11,2,zero_drive,0,37.280367781,37.562792986,37.568378287,1909,0,0.000000000,12.400,53,36,0
11,2,zero_drive,0,37.280367781,37.568745429,37.574343210,1909,0,0.000000000,12.400,53,36,0
11,2,zero_drive,0,37.280367781,37.574603633,37.580541725,1910,0,0.000000000,12.400,53,36,0
11,2,zero_drive,0,37.280367781,37.580800110,37.586623095,1910,100,0.153398079,12.400,53,36,0
11,2,zero_drive,0,37.280367781,37.586881933,37.592404832,1910,100,0.153398079,12.400,53,35,0
11,2,zero_drive,0,37.280367781,37.592666661,37.598520759,1910,0,0.000000000,12.400,53,35,0
11,2,zero_drive,0,37.280367781,37.598778843,37.604493520,1910,0,0.000000000,12.400,53,35,0
11,2,zero_drive,0,37.280367781,37.604758056,37.610427232,1910,0,0.000000000,12.400,53,35,0
11,2,zero_drive,0,37.280367781,37.610743389,37.616341363,1910,0,0.000000000,12.400,53,36,0
11,2,zero_drive,0,37.280367781,37.616598885,37.622386771,1910,0,0.000000000,12.400,53,36,0
11,2,zero_drive,0,37.280367781,37.622644586,37.628390012,1910,0,0.000000000,12.400,53,36,0
11,2,zero_drive,0,37.280367781,37.628647293,37.634463397,1910,0,0.000000000,12.400,53,36,0
11,2,zero_drive,0,37.280367781,37.634753411,37.640418849,1910,0,0.000000000,12.400,53,36,0
11,2,zero_drive,0,37.280367781,37.640679109,37.646341707,1910,0,0.000000000,12.400,53,36,0
11,2,zero_drive,0,37.280367781,37.646597419,37.652551565,1910,0,0.000000000,12.400,53,36,0
11,2,zero_drive,0,37.280367781,37.652815273,37.658816898,1910,0,0.000000000,12.400,53,36,0
11,2,zero_drive,0,37.280367781,37.659077729,37.664446034,1910,0,0.000000000,12.400,53,35,0
11,2,zero_drive,0,37.280367781,37.664738353,37.670348764,1910,0,0.000000000,12.400,53,35,0
11,2,zero_drive,0,37.280367781,37.670604944,37.676389460,1910,0,0.000000000,12.400,53,35,0
11,2,zero_drive,0,37.280367781,37.676646330,37.683382475,1910,0,0.000000000,12.400,53,35,0
11,2,zero_drive,0,37.280367781,37.684084801,37.688528855,1910,0,0.000000000,12.400,53,35,0
11,2,zero_drive,0,37.280367781,37.688790669,37.694497176,1910,0,0.000000000,12.400,53,35,0
11,2,zero_drive,0,37.280367781,37.694762321,37.700423110,1910,0,0.000000000,12.400,53,35,0
11,2,zero_drive,0,37.280367781,37.700678247,37.706382981,1910,0,0.000000000,12.400,53,35,0
11,2,zero_drive,0,37.280367781,37.706644835,37.712515010,1910,0,0.000000000,12.400,53,35,0
11,2,zero_drive,0,37.280367781,37.712775418,37.718543793,1910,0,0.000000000,12.400,53,35,0
11,2,zero_drive,0,37.280367781,37.718902676,37.724525453,1910,0,0.000000000,12.400,53,36,0
11,2,zero_drive,0,37.280367781,37.724799981,37.730436848,1910,0,0.000000000,12.400,53,36,0
11,2,zero_drive,0,37.280367781,37.730707620,37.736408363,1910,0,0.000000000,12.400,53,36,0
11,2,zero_drive,0,37.280367781,37.736684148,37.742681273,1910,0,0.000000000,12.400,53,36,0
11,2,zero_drive,0,37.280367781,37.742949154,37.748631749,1910,0,0.000000000,12.400,53,36,0
11,2,zero_drive,0,37.280367781,37.748893382,37.754506978,1910,0,0.000000000,12.400,53,36,0
11,2,zero_drive,0,37.280367781,37.754771065,37.760413703,1910,0,0.000000000,12.400,53,35,0
11,2,zero_drive,0,37.280367781,37.760681891,37.766488968,1910,0,0.000000000,12.400,53,35,0
11,2,zero_drive,0,37.280367781,37.766752497,37.772383857,1910,0,0.000000000,12.400,53,36,0
11,2,zero_drive,0,37.280367781,37.772645222,37.778492307,1910,0,0.000000000,12.400,53,36,0
11,2,zero_drive,0,37.280367781,37.778757078,37.784508571,1910,0,0.000000000,12.400,53,36,0
11,2,zero_drive,0,37.280367781,37.784844354,37.790426665,1910,0,0.000000000,12.400,53,36,0
11,2,zero_drive,0,37.280367781,37.790689470,37.796515698,1910,0,0.000000000,12.400,53,35,0
11,2,zero_drive,0,37.280367781,37.796776978,37.802521597,1910,0,0.000000000,12.400,53,35,0
11,2,zero_drive,0,37.280367781,37.802785605,37.808472940,1910,0,0.000000000,12.400,53,36,0
11,2,zero_drive,0,37.280367781,37.808840969,37.814358618,1910,0,0.000000000,12.400,53,36,0
11,2,zero_drive,0,37.280367781,37.814621217,37.820464895,1910,0,0.000000000,12.400,53,35,0
11,2,zero_drive,0,37.280367781,37.820728905,37.826631565,1910,0,0.000000000,12.400,53,35,0
11,2,zero_drive,0,37.280367781,37.826938833,37.832482387,1910,0,0.000000000,12.400,53,35,0
11,2,zero_drive,0,37.280367781,37.832736770,37.838505608,1910,0,0.000000000,12.400,53,35,0
11,2,zero_drive,0,37.280367781,37.838766400,37.844405016,1910,0,0.000000000,12.400,53,36,0
11,2,zero_drive,0,37.280367781,37.844668235,37.850318724,1910,0,0.000000000,12.400,53,36,0
11,2,zero_drive,0,37.280367781,37.850572512,37.856487042,1910,0,0.000000000,12.400,53,36,0
11,2,zero_drive,0,37.280367781,37.856748092,37.862448018,1910,0,0.000000000,12.400,53,36,0
11,2,zero_drive,0,37.280367781,37.862708302,37.868418242,1910,0,0.000000000,12.400,53,36,0
11,2,zero_drive,0,37.280367781,37.868678495,37.874514552,1910,0,0.000000000,12.400,53,36,0
11,2,zero_drive,0,37.280367781,37.874824320,37.880463488,1910,0,0.000000000,12.400,53,36,0
11,2,zero_drive,0,37.280367781,37.880725417,37.886321360,1910,0,0.000000000,12.400,53,36,0
11,2,zero_drive,0,37.280367781,37.886588867,37.892441810,1910,0,0.000000000,12.400,53,36,0
11,2,zero_drive,0,37.280367781,37.892707286,37.898446757,1910,0,0.000000000,12.400,53,36,0
11,2,zero_drive,0,37.280367781,37.898713491,37.904528782,1910,0,0.000000000,12.400,53,36,0
11,2,zero_drive,0,37.280367781,37.904793765,37.910498440,1910,0,0.000000000,12.400,53,36,0
11,2,zero_drive,0,37.280367781,37.910765450,37.916335417,1910,0,0.000000000,12.400,53,35,0
11,2,zero_drive,0,37.280367781,37.916590342,37.922556646,1910,0,0.000000000,12.400,53,35,0
11,2,zero_drive,0,37.280367781,37.922817682,37.928412879,1910,0,0.000000000,12.400,53,36,0
11,2,zero_drive,0,37.280367781,37.928667182,37.934228242,1910,0,0.000000000,12.400,53,36,0
11,2,zero_drive,0,37.280367781,37.934484066,37.940445438,1910,0,0.000000000,12.400,53,36,0
11,2,zero_drive,0,37.280367781,37.940705791,37.946342259,1910,0,0.000000000,12.400,53,36,0
11,2,zero_drive,0,37.280367781,37.946604997,37.952498895,1910,0,0.000000000,12.400,53,35,0
11,2,zero_drive,0,37.280367781,37.952771909,37.958513592,1910,0,0.000000000,12.400,53,35,0
11,2,zero_drive,0,37.280367781,37.958837770,37.964271521,1910,0,0.000000000,12.400,53,35,0
11,2,zero_drive,0,37.280367781,37.964530474,37.970444058,1910,0,0.000000000,12.400,53,35,0
11,2,zero_drive,0,37.280367781,37.970700906,37.976426276,1910,0,0.000000000,12.400,53,35,0
11,2,zero_drive,0,37.280367781,37.976687923,37.982281005,1910,0,0.000000000,12.400,53,35,0
11,2,zero_drive,0,37.280367781,37.982537162,37.988656572,1910,0,0.000000000,12.400,53,36,0
11,2,zero_drive,0,37.280367781,37.988919737,37.994424675,1910,0,0.000000000,12.400,53,36,0
11,2,zero_drive,0,37.280367781,37.994687532,38.000292390,1910,0,0.000000000,12.400,53,35,0
11,2,zero_drive,0,37.280367781,38.000544100,38.006448108,1910,0,0.000000000,12.400,53,35,0
11,2,zero_drive,0,37.280367781,38.006705460,38.012443335,1910,0,0.000000000,12.400,53,35,0
11,2,zero_drive,0,37.280367781,38.012705186,38.018433250,1910,0,0.000000000,12.400,53,35,0
11,2,zero_drive,0,37.280367781,38.018693400,38.024429727,1910,0,0.000000000,12.400,53,35,0
11,2,zero_drive,0,37.280367781,38.024696945,38.030408413,1910,0,0.000000000,12.400,53,35,0
11,2,zero_drive,0,37.280367781,38.030671747,38.036486027,1910,0,0.000000000,12.400,53,35,0
11,2,zero_drive,0,37.280367781,38.036748935,38.042361335,1910,0,0.000000000,12.400,53,35,0
11,2,zero_drive,0,37.280367781,38.042625736,38.048456750,1910,0,0.000000000,12.400,53,35,0
11,2,zero_drive,0,37.280367781,38.048718396,38.054344060,1910,0,0.000000000,12.400,53,35,0
11,2,zero_drive,0,37.280367781,38.054602690,38.060247860,1910,0,0.000000000,12.400,53,36,0
11,2,zero_drive,0,37.280367781,38.060508001,38.066333952,1910,0,0.000000000,12.400,53,36,0
11,2,zero_drive,0,37.280367781,38.066585012,38.072502859,1910,0,0.000000000,12.400,53,36,0
11,2,zero_drive,0,37.280367781,38.072763210,38.078450155,1910,0,0.000000000,12.400,53,36,0
11,2,zero_drive,0,37.280367781,38.078773005,38.084435748,1910,0,0.000000000,12.400,53,35,0
11,2,zero_drive,0,37.280367781,38.084692532,38.090392388,1910,0,0.000000000,12.400,53,35,0
11,2,zero_drive,0,37.280367781,38.090648014,38.096313299,1910,0,0.000000000,12.400,53,36,0
11,2,zero_drive,0,37.280367781,38.096565750,38.102395367,1910,0,0.000000000,12.400,53,36,0
11,2,zero_drive,0,37.280367781,38.102652635,38.108435710,1910,0,0.000000000,12.400,53,36,0
11,2,zero_drive,0,37.280367781,38.108868992,38.114258190,1910,0,0.000000000,12.400,53,36,0
11,2,zero_drive,0,37.280367781,38.114514733,38.120368682,1910,0,0.000000000,12.400,53,36,0
11,2,zero_drive,0,37.280367781,38.120621077,38.126321110,1910,0,0.000000000,12.400,53,36,0
11,2,zero_drive,0,37.280367781,38.126572524,38.132238605,1910,0,0.000000000,12.400,53,35,0
11,2,zero_drive,0,37.280367781,38.132490509,38.138293613,1910,0,0.000000000,12.400,53,35,0
11,2,zero_drive,0,37.280367781,38.138546324,38.144459719,1910,0,0.000000000,12.400,53,35,0
11,2,zero_drive,0,37.280367781,38.144710047,38.150470560,1910,0,0.000000000,12.400,53,35,0
11,2,zero_drive,0,37.280367781,38.150720955,38.156314318,1910,0,0.000000000,12.400,53,36,0
11,2,zero_drive,0,37.280367781,38.156566515,38.162512083,1910,0,0.000000000,12.400,53,36,0
11,2,zero_drive,0,37.280367781,38.162767790,38.168383568,1910,0,0.000000000,12.400,53,35,0
11,2,zero_drive,0,37.280367781,38.168631645,38.174401355,1910,0,0.000000000,12.400,53,35,0
11,2,zero_drive,0,37.280367781,38.174725233,38.180371288,1910,0,0.000000000,12.400,53,35,0
11,2,zero_drive,0,37.280367781,38.180634269,38.186454613,1910,0,0.000000000,12.400,53,35,0
11,2,zero_drive,0,37.280367781,38.186718937,38.192571652,1910,0,0.000000000,12.400,53,36,0
11,2,zero_drive,0,37.280367781,38.192871074,38.198247833,1910,0,0.000000000,12.400,53,36,0
11,2,zero_drive,0,37.280367781,38.198500188,38.204448311,1910,0,0.000000000,12.400,53,36,0
11,2,zero_drive,0,37.280367781,38.204699011,38.210479353,1910,0,0.000000000,12.400,53,36,0
11,2,zero_drive,0,37.280367781,38.210730428,38.216442017,1910,0,0.000000000,12.400,53,36,0
11,2,zero_drive,0,37.280367781,38.216692724,38.222470290,1910,0,0.000000000,12.400,53,36,0
11,2,zero_drive,0,37.280367781,38.222726262,38.228462129,1910,0,0.000000000,12.400,53,36,0
11,2,zero_drive,0,37.280367781,38.228715888,38.234480129,1910,0,0.000000000,12.400,53,36,0
11,2,zero_drive,0,37.280367781,38.234801689,38.240502468,1910,0,0.000000000,12.400,53,36,0
11,2,zero_drive,0,37.280367781,38.240753015,38.246424446,1910,0,0.000000000,12.400,53,36,0
11,3,pulse,150,38.258403443,38.264322375,38.270478206,1910,0,0.000000000,12.400,53,35,0
11,3,pulse,150,38.258403443,38.270745991,38.276255840,1910,0,0.000000000,12.400,53,61,0
11,3,pulse,150,38.258403443,38.276588925,38.282224722,1912,0,0.000000000,12.400,53,61,0
11,3,pulse,150,38.258403443,38.282475603,38.288267443,1913,0,0.000000000,12.400,53,66,0
11,3,pulse,150,38.258403443,38.288518950,38.294403361,1914,250,0.383495197,12.400,53,66,0
11,3,pulse,150,38.258403443,38.294659231,38.300294950,1917,250,0.383495197,12.400,53,65,0
11,3,pulse,150,38.258403443,38.300619544,38.306484542,1919,350,0.536893276,12.400,53,65,0
11,3,pulse,150,38.258403443,38.306735037,38.312400992,1921,350,0.536893276,12.400,53,62,0
11,3,pulse,150,38.258403443,38.312645875,38.318793439,1924,400,0.613592315,12.400,53,62,0
11,3,pulse,150,38.258403443,38.319053716,38.324381949,1926,400,0.613592315,12.400,53,56,0
11,3,pulse,150,38.258403443,38.324631378,38.330431217,1929,400,0.613592315,12.400,53,56,0
11,3,pulse,150,38.258403443,38.330680515,38.336478958,1931,400,0.613592315,12.400,53,55,0
11,3,pulse,150,38.258403443,38.336747707,38.342261932,1934,400,0.613592315,12.400,53,55,0
11,3,pulse,150,38.258403443,38.342505405,38.348392956,1935,400,0.613592315,12.400,53,52,0
11,3,pulse,150,38.258403443,38.348651106,38.354233392,1939,450,0.690291355,12.400,53,52,0
11,3,pulse,150,38.258403443,38.354501652,38.360386728,1941,450,0.690291355,12.400,53,52,0
11,3,pulse,150,38.258403443,38.360619719,38.366208483,1944,450,0.690291355,12.400,53,52,0
11,3,pulse,150,38.258403443,38.366493274,38.372373149,1946,450,0.690291355,12.400,53,52,0
11,3,pulse,150,38.258403443,38.372616774,38.378432966,1950,450,0.690291355,12.400,53,52,0
11,3,pulse,150,38.258403443,38.378674651,38.384348825,1952,450,0.690291355,12.400,53,50,0
11,3,pulse,150,38.258403443,38.384576854,38.390433203,1954,450,0.690291355,12.400,53,50,0
11,3,pulse,150,38.258403443,38.390671754,38.396371259,1957,450,0.690291355,12.400,53,51,0
11,3,pulse,150,38.258403443,38.396605292,38.402265655,1960,450,0.690291355,12.400,53,51,0
11,3,pulse,150,38.258403443,38.402552688,38.408297348,1962,450,0.690291355,12.400,53,52,0
11,3,zero_drive,0,38.258403443,38.420054404,38.426162559,1969,400,0.613592315,12.400,53,44,0
11,3,zero_drive,0,38.258403443,38.426375952,38.432215929,1970,400,0.613592315,12.400,53,40,0
11,3,zero_drive,0,38.258403443,38.432434820,38.438242006,1971,200,0.306796158,12.400,53,40,0
11,3,zero_drive,0,38.258403443,38.438466184,38.444332903,1972,200,0.306796158,12.400,53,38,0
11,3,zero_drive,0,38.258403443,38.444561490,38.450142276,1972,100,0.153398079,12.400,53,38,0
11,3,zero_drive,0,38.258403443,38.450342301,38.456352599,1972,100,0.153398079,12.400,53,37,0
11,3,zero_drive,0,38.258403443,38.456561489,38.462197292,1972,0,0.000000000,12.400,53,37,0
11,3,zero_drive,0,38.258403443,38.462409771,38.468448739,1972,0,0.000000000,12.400,53,36,0
11,3,zero_drive,0,38.258403443,38.468687096,38.474348363,1972,0,0.000000000,12.400,53,36,0
11,3,zero_drive,0,38.258403443,38.474567734,38.480332058,1972,0,0.000000000,12.400,53,36,0
11,3,zero_drive,0,38.258403443,38.480640357,38.486560583,1972,0,0.000000000,12.400,53,36,0
11,3,zero_drive,0,38.258403443,38.486820186,38.492556577,1972,0,0.000000000,12.400,53,36,0
11,3,zero_drive,0,38.258403443,38.492819599,38.498460634,1972,0,0.000000000,12.400,53,36,0
11,3,zero_drive,0,38.258403443,38.498710790,38.504470094,1972,0,0.000000000,12.400,53,36,0
11,3,zero_drive,0,38.258403443,38.504721969,38.510303474,1972,0,0.000000000,12.400,53,36,0
11,3,zero_drive,0,38.258403443,38.510561039,38.516276197,1972,0,0.000000000,12.400,53,35,0
11,3,zero_drive,0,38.258403443,38.516524509,38.522480812,1972,0,0.000000000,12.400,53,35,0
11,3,zero_drive,0,38.258403443,38.522733129,38.528344710,1972,0,0.000000000,12.400,53,36,0
11,3,zero_drive,0,38.258403443,38.528605509,38.534215796,1972,0,0.000000000,12.400,53,36,0
11,3,zero_drive,0,38.258403443,38.534462613,38.540494530,1972,0,0.000000000,12.400,53,35,0
11,3,zero_drive,0,38.258403443,38.540750184,38.546364811,1972,0,0.000000000,12.400,53,35,0
11,3,zero_drive,0,38.258403443,38.546626619,38.552423014,1972,0,0.000000000,12.400,53,35,0
11,3,zero_drive,0,38.258403443,38.552686666,38.558438998,1972,0,0.000000000,12.400,53,35,0
11,3,zero_drive,0,38.258403443,38.558695009,38.564277024,1972,0,0.000000000,12.400,53,36,0
11,3,zero_drive,0,38.258403443,38.564532664,38.570323218,1972,0,0.000000000,12.400,53,36,0
11,3,zero_drive,0,38.258403443,38.570584736,38.576341414,1972,0,0.000000000,12.400,53,35,0
11,3,zero_drive,0,38.258403443,38.576612547,38.582371706,1972,0,0.000000000,12.400,53,35,0
11,3,zero_drive,0,38.258403443,38.582625277,38.588371685,1972,0,0.000000000,12.400,53,36,0
11,3,zero_drive,0,38.258403443,38.588625863,38.594337055,1972,0,0.000000000,12.400,53,36,0
11,3,zero_drive,0,38.258403443,38.594594544,38.600231339,1972,0,0.000000000,12.400,53,36,0
11,3,zero_drive,0,38.258403443,38.600474752,38.606406089,1972,0,0.000000000,12.400,53,36,0
11,3,zero_drive,0,38.258403443,38.606659750,38.612365050,1972,0,0.000000000,12.400,53,36,0
11,3,zero_drive,0,38.258403443,38.612618308,38.618404022,1973,0,0.000000000,12.400,53,36,0
11,3,zero_drive,0,38.258403443,38.618659390,38.624279743,1973,0,0.000000000,12.400,53,36,0
11,3,zero_drive,0,38.258403443,38.624533290,38.630376319,1973,50,0.076699039,12.400,53,36,0
11,3,zero_drive,0,38.258403443,38.630634853,38.636497028,1973,50,0.076699039,12.400,53,36,0
11,3,zero_drive,0,38.258403443,38.636768966,38.642527515,1973,0,0.000000000,12.400,53,36,0
11,3,zero_drive,0,38.258403443,38.642780514,38.648230944,1973,0,0.000000000,12.400,53,36,0
11,3,zero_drive,0,38.258403443,38.648539083,38.654223313,1973,0,0.000000000,12.400,53,36,0
11,3,zero_drive,0,38.258403443,38.654476897,38.660361712,1973,0,0.000000000,12.400,53,35,0
11,3,zero_drive,0,38.258403443,38.660616513,38.666293115,1973,0,0.000000000,12.400,53,35,0
11,3,zero_drive,0,38.258403443,38.666543997,38.672207981,1973,0,0.000000000,12.400,53,36,0
11,3,zero_drive,0,38.258403443,38.672459248,38.678209210,1973,0,0.000000000,12.400,53,36,0
11,3,zero_drive,0,38.258403443,38.678465008,38.684316888,1973,0,0.000000000,12.400,53,36,0
11,3,zero_drive,0,38.258403443,38.684567096,38.690439807,1973,0,0.000000000,12.400,53,36,0
11,3,zero_drive,0,38.258403443,38.690695341,38.696318548,1973,0,0.000000000,12.400,53,35,0
11,3,zero_drive,0,38.258403443,38.696574164,38.702289448,1973,0,0.000000000,12.400,53,35,0
11,3,zero_drive,0,38.258403443,38.702550030,38.708183729,1973,0,0.000000000,12.400,53,36,0
11,3,zero_drive,0,38.258403443,38.708429880,38.714244147,1973,0,0.000000000,12.400,53,36,0
11,3,zero_drive,0,38.258403443,38.714490359,38.720294851,1973,0,0.000000000,12.400,53,35,0
11,3,zero_drive,0,38.258403443,38.720545656,38.726168125,1973,0,0.000000000,12.400,53,35,0
11,3,zero_drive,0,38.258403443,38.726410124,38.732164805,1973,0,0.000000000,12.400,53,36,0
11,3,zero_drive,0,38.258403443,38.732402936,38.738293452,1973,0,0.000000000,12.400,53,36,0
11,3,zero_drive,0,38.258403443,38.738550584,38.744425708,1973,0,0.000000000,12.400,53,35,0
11,3,zero_drive,0,38.258403443,38.744688678,38.750367856,1973,0,0.000000000,12.400,53,35,0
11,3,zero_drive,0,38.258403443,38.750615016,38.756363908,1973,0,0.000000000,12.400,53,36,0
11,3,zero_drive,0,38.258403443,38.756615836,38.762435297,1973,0,0.000000000,12.400,53,36,0
11,3,zero_drive,0,38.258403443,38.762691515,38.768445088,1973,0,0.000000000,12.400,53,35,0
11,3,zero_drive,0,38.258403443,38.768701326,38.774434618,1973,0,0.000000000,12.400,53,35,0
11,3,zero_drive,0,38.258403443,38.774690787,38.780386495,1973,0,0.000000000,12.400,53,36,0
11,3,zero_drive,0,38.258403443,38.780644421,38.806695217,1973,0,0.000000000,12.400,53,36,0
11,3,zero_drive,0,38.258403443,38.825818225,38.865626287,1973,0,0.000000000,12.400,53,36,0
11,3,zero_drive,0,38.258403443,38.865921593,38.870317833,1973,0,0.000000000,12.400,53,35,0
11,3,zero_drive,0,38.258403443,38.870575540,38.876292333,1973,0,0.000000000,12.400,53,36,0
11,3,zero_drive,0,38.258403443,38.876551547,38.882228343,1973,0,0.000000000,12.400,53,36,0
11,3,zero_drive,0,38.258403443,38.882484912,38.888260937,1973,0,0.000000000,12.400,53,36,0
11,3,zero_drive,0,38.258403443,38.888520718,38.894459328,1973,0,0.000000000,12.400,53,36,0
11,3,zero_drive,0,38.258403443,38.894762726,38.900350787,1973,0,0.000000000,12.400,53,36,0
11,3,zero_drive,0,38.258403443,38.900603101,38.906348052,1973,0,0.000000000,12.400,53,36,0
11,3,zero_drive,0,38.258403443,38.906607593,38.912321698,1973,0,0.000000000,12.400,53,36,0
11,3,zero_drive,0,38.258403443,38.912579867,38.918278336,1973,0,0.000000000,12.400,53,36,0
11,3,zero_drive,0,38.258403443,38.918559528,38.924257651,1973,0,0.000000000,12.400,53,35,0
11,3,zero_drive,0,38.258403443,38.924520215,38.930305627,1973,0,0.000000000,12.400,53,35,0
11,3,zero_drive,0,38.258403443,38.930558419,38.936186790,1973,0,0.000000000,12.400,53,36,0
11,3,zero_drive,0,38.258403443,38.936455007,38.942224097,1973,0,0.000000000,12.400,53,36,0
11,3,zero_drive,0,38.258403443,38.942486764,38.948378527,1973,0,0.000000000,12.400,53,36,0
11,3,zero_drive,0,38.258403443,38.948634971,38.954194064,1973,0,0.000000000,12.400,53,36,0
11,3,zero_drive,0,38.258403443,38.954449001,38.960314523,1973,0,0.000000000,12.400,53,35,0
11,3,zero_drive,0,38.258403443,38.960606450,38.966323451,1973,0,0.000000000,12.400,53,35,0
11,3,zero_drive,0,38.258403443,38.966581348,38.972281234,1973,0,0.000000000,12.400,53,36,0
11,3,zero_drive,0,38.258403443,38.972537583,38.978284584,1973,0,0.000000000,12.400,53,36,0
11,3,zero_drive,0,38.258403443,38.978543558,38.984190237,1973,0,0.000000000,12.400,53,36,0
11,3,zero_drive,0,38.258403443,38.984447177,38.990415486,1973,0,0.000000000,12.400,53,36,0
11,3,zero_drive,0,38.258403443,38.990738618,38.996362967,1973,0,0.000000000,12.400,53,36,0
11,3,zero_drive,0,38.258403443,38.996615968,39.002431950,1973,0,0.000000000,12.400,53,36,0
11,3,zero_drive,0,38.258403443,39.002685883,39.008147723,1973,0,0.000000000,12.400,53,35,0
11,3,zero_drive,0,38.258403443,39.008403641,39.014297597,1973,0,0.000000000,12.400,53,35,0
11,3,zero_drive,0,38.258403443,39.014551242,39.020422636,1973,0,0.000000000,12.400,53,36,0
11,3,zero_drive,0,38.258403443,39.020678342,39.026360866,1973,0,0.000000000,12.400,53,36,0
11,3,zero_drive,0,38.258403443,39.026617075,39.032471113,1973,0,0.000000000,12.400,53,36,0
11,3,zero_drive,0,38.258403443,39.032726814,39.038424086,1973,0,0.000000000,12.400,53,36,0
11,3,zero_drive,0,38.258403443,39.038681226,39.044330112,1973,0,0.000000000,12.400,53,36,0
11,3,zero_drive,0,38.258403443,39.044587306,39.050211142,1973,0,0.000000000,12.400,53,36,0
11,3,zero_drive,0,38.258403443,39.050455124,39.056357434,1973,0,0.000000000,12.400,53,35,0
11,3,zero_drive,0,38.258403443,39.056614722,39.062380835,1973,0,0.000000000,12.400,53,35,0
11,3,zero_drive,0,38.258403443,39.062636944,39.068292959,1973,0,0.000000000,12.400,53,36,0
11,3,zero_drive,0,38.258403443,39.068546302,39.074311198,1973,0,0.000000000,12.400,53,36,0
11,3,zero_drive,0,38.258403443,39.074568897,39.080215584,1973,0,0.000000000,12.400,53,36,0
11,3,zero_drive,0,38.258403443,39.080485460,39.086347411,1973,0,0.000000000,12.400,53,36,0
11,3,zero_drive,0,38.258403443,39.086605956,39.092402618,1973,0,0.000000000,12.400,53,35,0
11,3,zero_drive,0,38.258403443,39.092659924,39.098246994,1973,0,0.000000000,12.400,53,35,0
11,3,zero_drive,0,38.258403443,39.098497287,39.104333457,1973,0,0.000000000,12.400,53,35,0
11,3,zero_drive,0,38.258403443,39.104589476,39.110322201,1973,0,0.000000000,12.400,53,35,0
11,3,zero_drive,0,38.258403443,39.110579122,39.116271261,1973,0,0.000000000,12.400,53,36,0
11,3,zero_drive,0,38.258403443,39.116519581,39.122321659,1973,0,0.000000000,12.400,53,36,0
11,3,zero_drive,0,38.258403443,39.122578915,39.128307372,1973,0,0.000000000,12.400,53,36,0
11,3,zero_drive,0,38.258403443,39.128564253,39.134442732,1973,0,0.000000000,12.400,53,36,0
11,3,zero_drive,0,38.258403443,39.134701185,39.140431683,1973,0,0.000000000,12.400,53,36,0
11,3,zero_drive,0,38.258403443,39.140690090,39.146341322,1973,0,0.000000000,12.400,53,36,0
11,3,zero_drive,0,38.258403443,39.146600362,39.152114007,1973,0,0.000000000,12.400,53,36,0
11,3,zero_drive,0,38.258403443,39.152365582,39.158144514,1973,0,0.000000000,12.400,53,36,0
11,3,zero_drive,0,38.258403443,39.158399836,39.164240456,1973,0,0.000000000,12.400,53,36,0
11,3,zero_drive,0,38.258403443,39.164497501,39.170252883,1973,0,0.000000000,12.400,53,36,0
11,3,zero_drive,0,38.258403443,39.170508367,39.176392481,1973,0,0.000000000,12.400,53,36,0
11,3,zero_drive,0,38.258403443,39.176645856,39.182360932,1973,0,0.000000000,12.400,53,36,0
11,3,zero_drive,0,38.258403443,39.182610737,39.188361148,1973,0,0.000000000,12.400,53,36,0
11,3,zero_drive,0,38.258403443,39.188615505,39.194311532,1973,0,0.000000000,12.400,53,36,0
11,3,zero_drive,0,38.258403443,39.194571399,39.200323524,1973,0,0.000000000,12.400,53,36,0
11,3,zero_drive,0,38.258403443,39.200569410,39.206236308,1973,0,0.000000000,12.400,53,36,0
11,3,zero_drive,0,38.258403443,39.206490026,39.212300151,1973,0,0.000000000,12.400,53,36,0
11,3,zero_drive,0,38.258403443,39.212554183,39.218358317,1973,0,0.000000000,12.400,53,36,0
11,3,zero_drive,0,38.258403443,39.218611958,39.224381673,1973,0,0.000000000,12.400,53,36,0
11,4,pulse,200,39.236295912,39.242270327,39.248202389,1973,0,0.000000000,12.400,53,75,0
11,4,pulse,200,39.236295912,39.248468365,39.254263418,1973,0,0.000000000,12.400,53,75,0
11,4,pulse,200,39.236295912,39.254518018,39.260366592,1975,0,0.000000000,12.400,53,89,0
11,4,pulse,200,39.236295912,39.260627040,39.266329657,1977,250,0.383495197,12.400,53,89,0
11,4,pulse,200,39.236295912,39.266582227,39.272258392,1980,250,0.383495197,12.300,53,86,0
11,4,pulse,200,39.236295912,39.272514228,39.278255619,1982,400,0.613592315,12.300,53,86,0
11,4,pulse,200,39.236295912,39.278554383,39.284425756,1984,400,0.613592315,12.300,53,76,0
11,4,pulse,200,39.236295912,39.284683034,39.290212021,1989,450,0.690291355,12.300,53,76,0
11,4,pulse,200,39.236295912,39.290472701,39.296344417,1991,450,0.690291355,12.300,53,69,0
11,4,pulse,200,39.236295912,39.296605032,39.302284661,1995,550,0.843689433,12.300,53,69,0
11,4,pulse,200,39.236295912,39.302551349,39.308255139,1999,550,0.843689433,12.300,53,65,0
11,4,pulse,200,39.236295912,39.308523454,39.314137984,2001,550,0.843689433,12.300,53,65,0
11,4,pulse,200,39.236295912,39.314393027,39.320211540,2004,550,0.843689433,12.300,53,60,0
11,4,pulse,200,39.236295912,39.320468665,39.326359542,2008,600,0.920388473,12.400,53,60,0
11,4,pulse,200,39.236295912,39.326613488,39.332194187,2013,600,0.920388473,12.400,53,59,0
11,4,pulse,200,39.236295912,39.332445627,39.338343907,2016,600,0.920388473,12.400,53,59,0
11,4,pulse,200,39.236295912,39.338596932,39.344126802,2021,600,0.920388473,12.400,53,58,0
11,4,pulse,200,39.236295912,39.344394016,39.350228732,2023,650,0.997087512,12.400,53,58,0
11,4,pulse,200,39.236295912,39.350475123,39.356183729,2026,650,0.997087512,12.400,53,56,0
11,4,pulse,200,39.236295912,39.356441712,39.362174589,2030,550,0.843689433,12.400,53,56,0
11,4,pulse,200,39.236295912,39.362470230,39.368196373,2033,550,0.843689433,12.400,53,58,0
11,4,pulse,200,39.236295912,39.368454102,39.374147904,2037,550,0.843689433,12.400,53,58,0
11,4,pulse,200,39.236295912,39.374405351,39.380321558,2040,550,0.843689433,12.400,53,57,0
11,4,pulse,200,39.236295912,39.380585272,39.386368385,2045,600,0.920388473,12.400,54,57,0
11,4,zero_drive,0,39.236295912,39.398239356,39.404319267,2054,550,0.843689433,12.400,53,47,0
11,4,zero_drive,0,39.236295912,39.404576694,39.410260953,2056,500,0.766990394,12.400,53,47,0
11,4,zero_drive,0,39.236295912,39.410516082,39.416219550,2057,500,0.766990394,12.400,53,41,0
11,4,zero_drive,0,39.236295912,39.416473777,39.422416962,2058,250,0.383495197,12.400,53,41,0
11,4,zero_drive,0,39.236295912,39.422673731,39.428391117,2059,250,0.383495197,12.400,53,38,0
11,4,zero_drive,0,39.236295912,39.428722558,39.434080405,2060,100,0.153398079,12.400,53,38,0
11,4,zero_drive,0,39.236295912,39.434396128,39.440192712,2060,100,0.153398079,12.400,53,37,0
11,4,zero_drive,0,39.236295912,39.440449723,39.446365430,2060,100,0.153398079,12.400,53,37,0
11,4,zero_drive,0,39.236295912,39.446622800,39.452327298,2060,100,0.153398079,12.400,53,37,0
11,4,zero_drive,0,39.236295912,39.452595478,39.458364215,2060,0,0.000000000,12.400,53,37,0
11,4,zero_drive,0,39.236295912,39.458627793,39.464267805,2060,0,0.000000000,12.400,53,36,0
11,4,zero_drive,0,39.236295912,39.464534926,39.470217004,2060,0,0.000000000,12.400,53,36,0
11,4,zero_drive,0,39.236295912,39.470475041,39.476256848,2060,0,0.000000000,12.400,53,36,0
11,4,zero_drive,0,39.236295912,39.476515592,39.482297912,2060,0,0.000000000,12.400,53,36,0
11,4,zero_drive,0,39.236295912,39.482598252,39.488261108,2060,0,0.000000000,12.400,53,36,0
11,4,zero_drive,0,39.236295912,39.488515412,39.494204066,2060,0,0.000000000,12.400,53,36,0
11,4,zero_drive,0,39.236295912,39.494473700,39.500176289,2060,0,0.000000000,12.400,53,36,0
11,4,zero_drive,0,39.236295912,39.500528500,39.506185390,2060,0,0.000000000,12.400,53,36,0
11,4,zero_drive,0,39.236295912,39.506444916,39.512264797,2060,0,0.000000000,12.400,53,36,0
11,4,zero_drive,0,39.236295912,39.512525829,39.518258976,2060,0,0.000000000,12.400,53,36,0
11,4,zero_drive,0,39.236295912,39.518529816,39.524364133,2060,0,0.000000000,12.400,53,36,0
11,4,zero_drive,0,39.236295912,39.524615077,39.530190731,2060,0,0.000000000,12.400,53,36,0
11,4,zero_drive,0,39.236295912,39.530436592,39.536143462,2060,0,0.000000000,12.400,53,36,0
11,4,zero_drive,0,39.236295912,39.536452721,39.542339168,2060,0,0.000000000,12.400,53,36,0
11,4,zero_drive,0,39.236295912,39.542587938,39.548303487,2060,0,0.000000000,12.400,53,35,0
11,4,zero_drive,0,39.236295912,39.548547331,39.554364316,2060,0,0.000000000,12.400,54,35,0
11,4,zero_drive,0,39.236295912,39.554613685,39.560065946,2060,0,0.000000000,12.400,54,36,0
11,4,zero_drive,0,39.236295912,39.560344315,39.566305324,2060,0,0.000000000,12.400,53,36,0
11,4,zero_drive,0,39.236295912,39.566531383,39.572151018,2060,0,0.000000000,12.400,53,36,0
11,4,zero_drive,0,39.236295912,39.572385800,39.578218436,2060,0,0.000000000,12.400,53,36,0
11,4,zero_drive,0,39.236295912,39.578471735,39.584246138,2060,0,0.000000000,12.400,53,36,0
11,4,zero_drive,0,39.236295912,39.584492305,39.590319351,2060,0,0.000000000,12.400,53,36,0
11,4,zero_drive,0,39.236295912,39.590571735,39.596206859,2060,0,0.000000000,12.400,53,36,0
11,4,zero_drive,0,39.236295912,39.596452455,39.602120956,2060,0,0.000000000,12.400,53,36,0
11,4,zero_drive,0,39.236295912,39.602363056,39.608307456,2060,0,0.000000000,12.400,53,36,0
11,4,zero_drive,0,39.236295912,39.608544935,39.614290316,2060,0,0.000000000,12.400,53,36,0
11,4,zero_drive,0,39.236295912,39.614536626,39.620114691,2060,0,0.000000000,12.400,53,36,0
11,4,zero_drive,0,39.236295912,39.620351399,39.626125597,2060,0,0.000000000,12.400,53,36,0
11,4,zero_drive,0,39.236295912,39.626337523,39.632346964,2060,0,0.000000000,12.400,53,36,0
11,4,zero_drive,0,39.236295912,39.632583491,39.638139209,2060,0,0.000000000,12.400,54,36,0
11,4,zero_drive,0,39.236295912,39.638353248,39.644064575,2060,0,0.000000000,12.400,54,36,0
11,4,zero_drive,0,39.236295912,39.644265511,39.650008733,2060,0,0.000000000,12.400,53,36,0
11,4,zero_drive,0,39.236295912,39.650212433,39.656151035,2060,0,0.000000000,12.400,53,36,0
11,4,zero_drive,0,39.236295912,39.656359539,39.662068985,2060,0,0.000000000,12.400,53,36,0
11,4,zero_drive,0,39.236295912,39.662273974,39.668392505,2060,0,0.000000000,12.400,53,36,0
11,4,zero_drive,0,39.236295912,39.668633716,39.674187269,2060,0,0.000000000,12.400,54,36,0
11,4,zero_drive,0,39.236295912,39.674416550,39.680070505,2060,0,0.000000000,12.400,54,36,0
11,4,zero_drive,0,39.236295912,39.680307011,39.686351817,2060,0,0.000000000,12.400,53,36,0
11,4,zero_drive,0,39.236295912,39.686596291,39.692134824,2060,0,0.000000000,12.400,53,36,0
11,4,zero_drive,0,39.236295912,39.692385737,39.698293235,2060,0,0.000000000,12.400,53,36,0
11,4,zero_drive,0,39.236295912,39.698544418,39.704261406,2060,0,0.000000000,12.400,53,36,0
11,4,zero_drive,0,39.236295912,39.704518030,39.710250324,2060,0,0.000000000,12.400,53,36,0
11,4,zero_drive,0,39.236295912,39.710501020,39.716142939,2060,0,0.000000000,12.400,53,36,0
11,4,zero_drive,0,39.236295912,39.716389945,39.722083771,2060,0,0.000000000,12.400,53,36,0
11,4,zero_drive,0,39.236295912,39.722339127,39.728291856,2060,0,0.000000000,12.400,53,36,0
11,4,zero_drive,0,39.236295912,39.728549415,39.734282233,2060,0,0.000000000,12.400,53,36,0
11,4,zero_drive,0,39.236295912,39.734775013,39.740093425,2060,0,0.000000000,12.400,53,36,0
11,4,zero_drive,0,39.236295912,39.740349025,39.746314648,2060,0,0.000000000,12.400,54,36,0
11,4,zero_drive,0,39.236295912,39.746570217,39.752428040,2060,0,0.000000000,12.400,54,36,0
11,4,zero_drive,0,39.236295912,39.752685727,39.758283837,2060,0,0.000000000,12.400,53,36,0
11,4,zero_drive,0,39.236295912,39.758536508,39.764175511,2060,0,0.000000000,12.400,53,36,0
11,4,zero_drive,0,39.236295912,39.764428836,39.770181845,2060,0,0.000000000,12.400,53,36,0
11,4,zero_drive,0,39.236295912,39.770441432,39.776118622,2060,0,0.000000000,12.400,53,36,0
11,4,zero_drive,0,39.236295912,39.776375004,39.782243153,2060,0,0.000000000,12.400,53,36,0
11,4,zero_drive,0,39.236295912,39.782501551,39.788290721,2060,0,0.000000000,12.400,53,36,0
11,4,zero_drive,0,39.236295912,39.788546596,39.794199590,2060,0,0.000000000,12.400,53,36,0
11,4,zero_drive,0,39.236295912,39.794455046,39.800116155,2060,0,0.000000000,12.400,53,36,0
11,4,zero_drive,0,39.236295912,39.800362064,39.806256374,2060,0,0.000000000,12.400,53,36,0
11,4,zero_drive,0,39.236295912,39.806509737,39.812200166,2060,0,0.000000000,12.400,53,36,0
11,4,zero_drive,0,39.236295912,39.812454587,39.818057760,2060,0,0.000000000,12.400,53,36,0
11,4,zero_drive,0,39.236295912,39.818310923,39.824193911,2060,0,0.000000000,12.400,53,36,0
11,4,zero_drive,0,39.236295912,39.824450458,39.830409234,2060,0,0.000000000,12.400,54,36,0
11,4,zero_drive,0,39.236295912,39.830757703,39.836278965,2060,0,0.000000000,12.400,54,36,0
11,4,zero_drive,0,39.236295912,39.836545509,39.842264346,2060,0,0.000000000,12.400,53,36,0
11,4,zero_drive,0,39.236295912,39.842523616,39.848235395,2060,0,0.000000000,12.400,53,36,0
11,4,zero_drive,0,39.236295912,39.848487265,39.854278200,2060,0,0.000000000,12.400,54,36,0
11,4,zero_drive,0,39.236295912,39.854531283,39.860423629,2060,0,0.000000000,12.400,54,36,0
11,4,zero_drive,0,39.236295912,39.860713888,39.866325771,2060,0,0.000000000,12.400,53,36,0
11,4,zero_drive,0,39.236295912,39.866578544,39.872218037,2060,0,0.000000000,12.400,53,36,0
11,4,zero_drive,0,39.236295912,39.872469362,39.878197881,2060,0,0.000000000,12.400,53,36,0
11,4,zero_drive,0,39.236295912,39.878456990,39.884342555,2060,0,0.000000000,12.400,53,36,0
11,4,zero_drive,0,39.236295912,39.884604218,39.890279301,2060,0,0.000000000,12.400,53,36,0
11,4,zero_drive,0,39.236295912,39.890552321,39.896139966,2060,0,0.000000000,12.400,53,36,0
11,4,zero_drive,0,39.236295912,39.896392472,39.902087158,2060,0,0.000000000,12.400,54,36,0
11,4,zero_drive,0,39.236295912,39.902352716,39.908044166,2060,0,0.000000000,12.400,54,36,0
11,4,zero_drive,0,39.236295912,39.908302088,39.914188133,2060,0,0.000000000,12.400,54,36,0
11,4,zero_drive,0,39.236295912,39.914451005,39.920287540,2060,0,0.000000000,12.400,54,36,0
11,4,zero_drive,0,39.236295912,39.920545104,39.926073465,2060,0,0.000000000,12.400,53,36,0
11,4,zero_drive,0,39.236295912,39.926331543,39.932150551,2060,0,0.000000000,12.400,53,35,0
11,4,zero_drive,0,39.236295912,39.932402765,39.938199740,2060,0,0.000000000,12.400,53,35,0
11,4,zero_drive,0,39.236295912,39.938454240,39.944324047,2060,0,0.000000000,12.400,53,35,0
11,4,zero_drive,0,39.236295912,39.944598568,39.950196690,2060,0,0.000000000,12.400,53,35,0
11,4,zero_drive,0,39.236295912,39.950448566,39.956342405,2060,0,0.000000000,12.400,53,35,0
11,4,zero_drive,0,39.236295912,39.956600222,39.962253880,2060,0,0.000000000,12.400,53,35,0
11,4,zero_drive,0,39.236295912,39.962513765,39.968324930,2060,0,0.000000000,12.400,53,36,0
11,4,zero_drive,0,39.236295912,39.968577669,39.974238634,2060,0,0.000000000,12.400,53,36,0
11,4,zero_drive,0,39.236295912,39.974502044,39.980055670,2060,0,0.000000000,12.400,53,35,0
11,4,zero_drive,0,39.236295912,39.980320431,39.986240629,2060,0,0.000000000,12.400,53,35,0
11,4,zero_drive,0,39.236295912,39.986503042,39.992293705,2060,0,0.000000000,12.400,53,36,0
11,4,zero_drive,0,39.236295912,39.992547954,39.998310227,2060,0,0.000000000,12.400,53,36,0
11,4,zero_drive,0,39.236295912,39.998567146,40.004145700,2060,0,0.000000000,12.400,53,35,0
11,4,zero_drive,0,39.236295912,40.004400475,40.010202710,2060,0,0.000000000,12.400,54,35,0
11,4,zero_drive,0,39.236295912,40.010462885,40.016149507,2060,0,0.000000000,12.400,54,36,0
11,4,zero_drive,0,39.236295912,40.016398892,40.022282570,2060,0,0.000000000,12.400,53,36,0
11,4,zero_drive,0,39.236295912,40.022536729,40.028222518,2060,0,0.000000000,12.400,53,35,0
11,4,zero_drive,0,39.236295912,40.028485156,40.034120570,2060,0,0.000000000,12.400,53,35,0
11,4,zero_drive,0,39.236295912,40.034373279,40.040203320,2060,0,0.000000000,12.400,53,35,0
11,4,zero_drive,0,39.236295912,40.040462360,40.046183345,2060,0,0.000000000,12.400,53,35,0
11,4,zero_drive,0,39.236295912,40.046443738,40.052278355,2060,0,0.000000000,12.400,53,35,0
11,4,zero_drive,0,39.236295912,40.052551625,40.058341333,2060,0,0.000000000,12.400,54,35,0
11,4,zero_drive,0,39.236295912,40.058608150,40.064204259,2060,0,0.000000000,12.400,54,36,0
11,4,zero_drive,0,39.236295912,40.064460764,40.070217552,2060,0,0.000000000,12.400,53,36,0
11,4,zero_drive,0,39.236295912,40.070474382,40.076160417,2060,0,0.000000000,12.400,53,36,0
11,4,zero_drive,0,39.236295912,40.076417010,40.082266602,2060,0,0.000000000,12.400,53,36,0
11,4,zero_drive,0,39.236295912,40.082526408,40.088433388,2060,0,0.000000000,12.400,53,36,0
11,4,zero_drive,0,39.236295912,40.088691392,40.094191275,2060,0,0.000000000,12.400,53,36,0
11,4,zero_drive,0,39.236295912,40.094460005,40.100048441,2060,0,0.000000000,12.400,53,36,0
11,4,zero_drive,0,39.236295912,40.100356928,40.106226222,2060,0,0.000000000,12.400,54,36,0
11,4,zero_drive,0,39.236295912,40.106481757,40.112207390,2060,0,0.000000000,12.400,54,35,0
11,4,zero_drive,0,39.236295912,40.112460198,40.118227788,2060,0,0.000000000,12.400,54,35,0
11,4,zero_drive,0,39.236295912,40.118489557,40.124079757,2060,0,0.000000000,12.400,54,35,0
11,4,zero_drive,0,39.236295912,40.124339234,40.130254649,2060,0,0.000000000,12.400,54,35,0
11,4,zero_drive,0,39.236295912,40.130522230,40.136374353,2060,0,0.000000000,12.400,54,36,0
11,4,zero_drive,0,39.236295912,40.136630651,40.142527191,2060,0,0.000000000,12.400,53,36,0
11,4,zero_drive,0,39.236295912,40.142819375,40.148139327,2060,0,0.000000000,12.400,53,36,0
11,4,zero_drive,0,39.236295912,40.148409580,40.154272240,2060,0,0.000000000,12.400,53,36,0
11,4,zero_drive,0,39.236295912,40.154530301,40.160159873,2060,0,0.000000000,12.400,53,36,0
11,4,zero_drive,0,39.236295912,40.160416624,40.166051977,2060,0,0.000000000,12.400,53,36,0
11,4,zero_drive,0,39.236295912,40.166300256,40.172228626,2060,0,0.000000000,12.400,53,36,0
11,4,zero_drive,0,39.236295912,40.172484737,40.178307035,2060,0,0.000000000,12.400,53,36,0
11,4,zero_drive,0,39.236295912,40.178564959,40.184170248,2060,0,0.000000000,12.400,53,36,0
11,4,zero_drive,0,39.236295912,40.184442250,40.190140283,2060,0,0.000000000,12.400,53,36,0
11,4,zero_drive,0,39.236295912,40.190396030,40.196139675,2060,0,0.000000000,12.400,53,35,0
11,4,zero_drive,0,39.236295912,40.196394404,40.202209477,2060,0,0.000000000,12.400,54,35,0
