yosys -Q -p "read_verilog src/experiment_transactions.v src/experiment_scheduler.v src/experiment_packet.v src/experiment_reply.v; synth_gowin -nodsp -nolutram -top experiment_transactions -json impl/experiment_transactions.json; stat"

-- Running command `read_verilog src/experiment_transactions.v src/experiment_scheduler.v src/experiment_packet.v src/experiment_reply.v; synth_gowin -nodsp -nolutram -top experiment_transactions -json impl/experiment_transactions.json; stat' --

1. Executing Verilog-2005 frontend: src/experiment_transactions.v
Parsing Verilog input from `src/experiment_transactions.v' to AST representation.
Generating RTLIL representation for module `\experiment_transactions'.
Successfully finished Verilog frontend.

2. Executing Verilog-2005 frontend: src/experiment_scheduler.v
Parsing Verilog input from `src/experiment_scheduler.v' to AST representation.
Generating RTLIL representation for module `\experiment_scheduler'.
Successfully finished Verilog frontend.

3. Executing Verilog-2005 frontend: src/experiment_packet.v
Parsing Verilog input from `src/experiment_packet.v' to AST representation.
Generating RTLIL representation for module `\experiment_packet'.
Successfully finished Verilog frontend.

4. Executing Verilog-2005 frontend: src/experiment_reply.v
Parsing Verilog input from `src/experiment_reply.v' to AST representation.
Generating RTLIL representation for module `\experiment_reply'.
Successfully finished Verilog frontend.

5. Executing SYNTH_GOWIN pass.

5.1. Executing Verilog-2005 frontend: /Users/elliot/.local/opt/oss-cad-suite/libexec/../share/yosys/gowin/cells_sim.v
Parsing Verilog input from `/Users/elliot/.local/opt/oss-cad-suite/libexec/../share/yosys/gowin/cells_sim.v' to AST representation.
Generating RTLIL representation for module `\LUT1'.
Generating RTLIL representation for module `\LUT2'.
Generating RTLIL representation for module `\LUT3'.
Generating RTLIL representation for module `\LUT4'.
Generating RTLIL representation for module `\__APICULA_LUT5'.
Generating RTLIL representation for module `\__APICULA_LUT6'.
Generating RTLIL representation for module `\__APICULA_LUT7'.
Generating RTLIL representation for module `\__APICULA_LUT8'.
Generating RTLIL representation for module `\MUX2'.
Generating RTLIL representation for module `\MUX2_LUT5'.
Generating RTLIL representation for module `\MUX2_LUT6'.
Generating RTLIL representation for module `\MUX2_LUT7'.
Generating RTLIL representation for module `\MUX2_LUT8'.
Generating RTLIL representation for module `\DFF'.
Generating RTLIL representation for module `\DFFE'.
Generating RTLIL representation for module `\DFFS'.
Generating RTLIL representation for module `\DFFSE'.
Generating RTLIL representation for module `\DFFR'.
Generating RTLIL representation for module `\DFFRE'.
Generating RTLIL representation for module `\DFFP'.
Generating RTLIL representation for module `\DFFPE'.
Generating RTLIL representation for module `\DFFC'.
Generating RTLIL representation for module `\DFFCE'.
Generating RTLIL representation for module `\DFFN'.
Generating RTLIL representation for module `\DFFNE'.
Generating RTLIL representation for module `\DFFNS'.
Generating RTLIL representation for module `\DFFNSE'.
Generating RTLIL representation for module `\DFFNR'.
Generating RTLIL representation for module `\DFFNRE'.
Generating RTLIL representation for module `\DFFNP'.
Generating RTLIL representation for module `\DFFNPE'.
Generating RTLIL representation for module `\DFFNC'.
Generating RTLIL representation for module `\DFFNCE'.
Generating RTLIL representation for module `\DL'.
Generating RTLIL representation for module `\DLN'.
Generating RTLIL representation for module `\DLE'.
Generating RTLIL representation for module `\DLNE'.
Generating RTLIL representation for module `\DLC'.
Generating RTLIL representation for module `\DLCE'.
Generating RTLIL representation for module `\DLNC'.
Generating RTLIL representation for module `\DLNCE'.
Generating RTLIL representation for module `\DLP'.
Generating RTLIL representation for module `\DLPE'.
Generating RTLIL representation for module `\DLNP'.
Generating RTLIL representation for module `\DLNPE'.
Generating RTLIL representation for module `\VCC'.
Generating RTLIL representation for module `\GND'.
Generating RTLIL representation for module `\IBUF'.
Generating RTLIL representation for module `\OBUF'.
Generating RTLIL representation for module `\TBUF'.
Generating RTLIL representation for module `\IOBUF'.
Generating RTLIL representation for module `\ELVDS_OBUF'.
Generating RTLIL representation for module `\TLVDS_OBUF'.
Generating RTLIL representation for module `\OSER4'.
Generating RTLIL representation for module `\OSER4_MEM'.
Generating RTLIL representation for module `\OSER8'.
Generating RTLIL representation for module `\OSER10'.
Generating RTLIL representation for module `\OVIDEO'.
Generating RTLIL representation for module `\OSER16'.
Generating RTLIL representation for module `\IDES4'.
Generating RTLIL representation for module `\IDES4_MEM'.
Generating RTLIL representation for module `\IDES8'.
Generating RTLIL representation for module `\IDES10'.
Generating RTLIL representation for module `\IVIDEO'.
Generating RTLIL representation for module `\IDES16'.
Generating RTLIL representation for module `\IDDR'.
Generating RTLIL representation for module `\IDDRC'.
Generating RTLIL representation for module `\DQS'.
Generating RTLIL representation for module `\ODDR'.
Generating RTLIL representation for module `\ODDRC'.
Generating RTLIL representation for module `\GSR'.
Generating RTLIL representation for module `\BANDGAP'.
Generating RTLIL representation for module `\ALU'.
Generating RTLIL representation for module `\RAM16S1'.
Generating RTLIL representation for module `\RAM16S2'.
Generating RTLIL representation for module `\RAM16S4'.
Generating RTLIL representation for module `\RAM16SDP1'.
Generating RTLIL representation for module `\RAM16SDP2'.
Generating RTLIL representation for module `\RAM16SDP4'.
Generating RTLIL representation for module `\SP'.
Generating RTLIL representation for module `\SPX9'.
Generating RTLIL representation for module `\SDP'.
Generating RTLIL representation for module `\SDPX9'.
Generating RTLIL representation for module `\DP'.
Generating RTLIL representation for module `\DPX9'.
Generating RTLIL representation for module `\rPLL'.
Generating RTLIL representation for module `\PLLVR'.
Generating RTLIL representation for module `\OSC'.
Generating RTLIL representation for module `\OSCZ'.
Generating RTLIL representation for module `\OSCF'.
Generating RTLIL representation for module `\OSCH'.
Generating RTLIL representation for module `\OSCW'.
Generating RTLIL representation for module `\OSCO'.
Generating RTLIL representation for module `\EMCU'.
Successfully finished Verilog frontend.

5.2. Executing Verilog-2005 frontend: /Users/elliot/.local/opt/oss-cad-suite/libexec/../share/yosys/gowin/cells_xtra_gw1n.v
Parsing Verilog input from `/Users/elliot/.local/opt/oss-cad-suite/libexec/../share/yosys/gowin/cells_xtra_gw1n.v' to AST representation.
Generating RTLIL representation for module `\LUT5'.
Generating RTLIL representation for module `\LUT6'.
Generating RTLIL representation for module `\LUT7'.
Generating RTLIL representation for module `\LUT8'.
Generating RTLIL representation for module `\INV'.
Generating RTLIL representation for module `\IODELAY'.
Generating RTLIL representation for module `\IEM'.
Generating RTLIL representation for module `\ROM16'.
Generating RTLIL representation for module `\ROM'.
Generating RTLIL representation for module `\ROMX9'.
Generating RTLIL representation for module `\pROM'.
Generating RTLIL representation for module `\pROMX9'.
Generating RTLIL representation for module `\SDPB'.
Generating RTLIL representation for module `\SDPX9B'.
Generating RTLIL representation for module `\DPB'.
Generating RTLIL representation for module `\DPX9B'.
Generating RTLIL representation for module `\PADD18'.
Generating RTLIL representation for module `\PADD9'.
Generating RTLIL representation for module `\MULT9X9'.
Generating RTLIL representation for module `\MULT18X18'.
Generating RTLIL representation for module `\MULT36X36'.
Generating RTLIL representation for module `\MULTALU36X18'.
Generating RTLIL representation for module `\MULTADDALU18X18'.
Generating RTLIL representation for module `\MULTALU18X18'.
Generating RTLIL representation for module `\ALU54D'.
Generating RTLIL representation for module `\BUFG'.
Generating RTLIL representation for module `\BUFS'.
Generating RTLIL representation for module `\PLL'.
Generating RTLIL representation for module `\TLVDS_IBUF'.
Generating RTLIL representation for module `\TLVDS_TBUF'.
Generating RTLIL representation for module `\TLVDS_IOBUF'.
Generating RTLIL representation for module `\ELVDS_IBUF'.
Generating RTLIL representation for module `\ELVDS_TBUF'.
Generating RTLIL representation for module `\ELVDS_IOBUF'.
Generating RTLIL representation for module `\MIPI_IBUF'.
Generating RTLIL representation for module `\MIPI_IBUF_HS'.
Generating RTLIL representation for module `\MIPI_IBUF_LP'.
Generating RTLIL representation for module `\MIPI_OBUF'.
Generating RTLIL representation for module `\MIPI_OBUF_A'.
Generating RTLIL representation for module `\ELVDS_IBUF_MIPI'.
Generating RTLIL representation for module `\I3C_IOBUF'.
Generating RTLIL representation for module `\CLKDIV'.
Generating RTLIL representation for module `\DHCEN'.
Generating RTLIL representation for module `\DLLDLY'.
Generating RTLIL representation for module `\FLASH96K'.
Generating RTLIL representation for module `\FLASH256K'.
Generating RTLIL representation for module `\FLASH608K'.
Generating RTLIL representation for module `\DCS'.
Generating RTLIL representation for module `\DQCE'.
Generating RTLIL representation for module `\CLKDIV2'.
Generating RTLIL representation for module `\DHCENC'.
Generating RTLIL representation for module `\FLASH64K'.
Generating RTLIL representation for module `\FLASH64KZ'.
Successfully finished Verilog frontend.

5.3. Executing HIERARCHY pass (managing design hierarchy).

5.3.1. Analyzing design hierarchy..
Top module:  \experiment_transactions
Used module:     \experiment_reply
Used module:     \experiment_packet
Used module:     \experiment_scheduler
Parameter \RX_TIMEOUT = 100000

5.3.2. Executing AST frontend in derive mode using pre-parsed AST for module `\experiment_reply'.
Parameter \RX_TIMEOUT = 100000
Generating RTLIL representation for module `$paramod\experiment_reply\RX_TIMEOUT=s32'00000000000000011000011010100000'.
Parameter \MIN_PERIOD = 2000000
Parameter \MAX_PERIOD = 7500000
Parameter \MAX_DURATION = 600000000
Parameter \MAX_FRAMES = 256

5.3.3. Executing AST frontend in derive mode using pre-parsed AST for module `\experiment_scheduler'.
Parameter \MIN_PERIOD = 2000000
Parameter \MAX_PERIOD = 7500000
Parameter \MAX_DURATION = 600000000
Parameter \MAX_FRAMES = 256
Generating RTLIL representation for module `$paramod$5b6a29ecc209eb804233d5e482e2b6b2ca0abdfe\experiment_scheduler'.

5.3.4. Analyzing design hierarchy..
Top module:  \experiment_transactions
Used module:     $paramod\experiment_reply\RX_TIMEOUT=s32'00000000000000011000011010100000
Used module:     \experiment_packet
Used module:     $paramod$5b6a29ecc209eb804233d5e482e2b6b2ca0abdfe\experiment_scheduler

5.3.5. Analyzing design hierarchy..
Top module:  \experiment_transactions
Used module:     $paramod\experiment_reply\RX_TIMEOUT=s32'00000000000000011000011010100000
Used module:     \experiment_packet
Used module:     $paramod$5b6a29ecc209eb804233d5e482e2b6b2ca0abdfe\experiment_scheduler
Removing unused module `\experiment_reply'.
Removing unused module `\experiment_scheduler'.
Removed 2 unused modules.

5.4. Executing PROC pass (convert processes to netlists).

5.4.1. Executing PROC_CLEAN pass (remove empty switches from decision trees).
Cleaned up 0 empty switches.

5.4.2. Executing PROC_RMDEAD pass (remove dead branches from decision trees).
Marked 24 switch rules as full_case in process $proc$src/experiment_scheduler.v:96$1173 in module $paramod$5b6a29ecc209eb804233d5e482e2b6b2ca0abdfe\experiment_scheduler.
Marked 4 switch rules as full_case in process $proc$src/experiment_packet.v:58$474 in module experiment_packet.
Marked 3 switch rules as full_case in process $proc$src/experiment_packet.v:33$438 in module experiment_packet.
Marked 15 switch rules as full_case in process $proc$src/experiment_reply.v:38$988 in module $paramod\experiment_reply\RX_TIMEOUT=s32'00000000000000011000011010100000.
Marked 4 switch rules as full_case in process $proc$src/experiment_transactions.v:78$23 in module experiment_transactions.
Removed a total of 0 dead cases.

5.4.3. Executing PROC_PRUNE pass (remove redundant assignments in processes).
Removed 1 redundant assignment.
Promoted 88 assignments to connections.

5.4.4. Executing PROC_INIT pass (extract init attributes).
Found init rule in `$paramod$5b6a29ecc209eb804233d5e482e2b6b2ca0abdfe\experiment_scheduler.$proc$src/experiment_scheduler.v:70$1427'.
  Set init value: \request_ticks = 64'0000000000000000000000000000000000000000000000000000000000000000
Found init rule in `$paramod$5b6a29ecc209eb804233d5e482e2b6b2ca0abdfe\experiment_scheduler.$proc$src/experiment_scheduler.v:69$1426'.
  Set init value: \before_sequence = 8'00000000
Found init rule in `$paramod$5b6a29ecc209eb804233d5e482e2b6b2ca0abdfe\experiment_scheduler.$proc$src/experiment_scheduler.v:68$1425'.
  Set init value: \axis = 4'0000
Found init rule in `$paramod$5b6a29ecc209eb804233d5e482e2b6b2ca0abdfe\experiment_scheduler.$proc$src/experiment_scheduler.v:67$1424'.
  Set init value: \phase = 0
Found init rule in `$paramod$5b6a29ecc209eb804233d5e482e2b6b2ca0abdfe\experiment_scheduler.$proc$src/experiment_scheduler.v:67$1423'.
  Set init value: \period = 0
Found init rule in `$paramod$5b6a29ecc209eb804233d5e482e2b6b2ca0abdfe\experiment_scheduler.$proc$src/experiment_scheduler.v:66$1422'.
  Set init value: \frames = 9'000000000
Found init rule in `$paramod$5b6a29ecc209eb804233d5e482e2b6b2ca0abdfe\experiment_scheduler.$proc$src/experiment_scheduler.v:66$1421'.
  Set init value: \mask = 9'000000000
Found init rule in `$paramod$5b6a29ecc209eb804233d5e482e2b6b2ca0abdfe\experiment_scheduler.$proc$src/experiment_scheduler.v:65$1420'.
  Set init value: \previous_start = 1'0
Found init rule in `$paramod$5b6a29ecc209eb804233d5e482e2b6b2ca0abdfe\experiment_scheduler.$proc$src/experiment_scheduler.v:64$1419'.
  Set init value: \state = 4'0000
Found init rule in `$paramod$5b6a29ecc209eb804233d5e482e2b6b2ca0abdfe\experiment_scheduler.$proc$src/experiment_scheduler.v:57$1418'.
  Set init value: \ticks = 64'0000000000000000000000000000000000000000000000000000000000000000
Found init rule in `$paramod$5b6a29ecc209eb804233d5e482e2b6b2ca0abdfe\experiment_scheduler.$proc$src/experiment_scheduler.v:56$1417'.
  Set init value: \interrupted_request_ticks = 64'0000000000000000000000000000000000000000000000000000000000000000
Found init rule in `$paramod$5b6a29ecc209eb804233d5e482e2b6b2ca0abdfe\experiment_scheduler.$proc$src/experiment_scheduler.v:55$1416'.
  Set init value: \interrupted_id = 8'00000000
Found init rule in `$paramod$5b6a29ecc209eb804233d5e482e2b6b2ca0abdfe\experiment_scheduler.$proc$src/experiment_scheduler.v:54$1415'.
  Set init value: \interrupted_kind = 2'00
Found init rule in `$paramod$5b6a29ecc209eb804233d5e482e2b6b2ca0abdfe\experiment_scheduler.$proc$src/experiment_scheduler.v:53$1414'.
  Set init value: \interrupted_request = 1'0
Found init rule in `$paramod$5b6a29ecc209eb804233d5e482e2b6b2ca0abdfe\experiment_scheduler.$proc$src/experiment_scheduler.v:52$1413'.
  Set init value: \stop_pair_ticks = 64'0000000000000000000000000000000000000000000000000000000000000000
Found init rule in `$paramod$5b6a29ecc209eb804233d5e482e2b6b2ca0abdfe\experiment_scheduler.$proc$src/experiment_scheduler.v:51$1412'.
  Set init value: \stop_ticks = 64'0000000000000000000000000000000000000000000000000000000000000000
Found init rule in `$paramod$5b6a29ecc209eb804233d5e482e2b6b2ca0abdfe\experiment_scheduler.$proc$src/experiment_scheduler.v:50$1411'.
  Set init value: \start_ticks = 64'0000000000000000000000000000000000000000000000000000000000000000
Found init rule in `$paramod$5b6a29ecc209eb804233d5e482e2b6b2ca0abdfe\experiment_scheduler.$proc$src/experiment_scheduler.v:49$1410'.
  Set init value: \result = 8'00000000
Found init rule in `$paramod$5b6a29ecc209eb804233d5e482e2b6b2ca0abdfe\experiment_scheduler.$proc$src/experiment_scheduler.v:48$1409'.
  Set init value: \terminal = 1'0
Found init rule in `$paramod$5b6a29ecc209eb804233d5e482e2b6b2ca0abdfe\experiment_scheduler.$proc$src/experiment_scheduler.v:43$1408'.
  Set init value: \event_sample_sequence = 8'00000000
Found init rule in `$paramod$5b6a29ecc209eb804233d5e482e2b6b2ca0abdfe\experiment_scheduler.$proc$src/experiment_scheduler.v:42$1407'.
  Set init value: \event_completion_ticks = 64'0000000000000000000000000000000000000000000000000000000000000000
Found init rule in `$paramod$5b6a29ecc209eb804233d5e482e2b6b2ca0abdfe\experiment_scheduler.$proc$src/experiment_scheduler.v:41$1406'.
  Set init value: \event_request_ticks = 64'0000000000000000000000000000000000000000000000000000000000000000
Found init rule in `$paramod$5b6a29ecc209eb804233d5e482e2b6b2ca0abdfe\experiment_scheduler.$proc$src/experiment_scheduler.v:40$1405'.
  Set init value: \event_frame = 9'000000000
Found init rule in `$paramod$5b6a29ecc209eb804233d5e482e2b6b2ca0abdfe\experiment_scheduler.$proc$src/experiment_scheduler.v:39$1404'.
  Set init value: \event_id = 8'00000000
Found init rule in `$paramod$5b6a29ecc209eb804233d5e482e2b6b2ca0abdfe\experiment_scheduler.$proc$src/experiment_scheduler.v:38$1403'.
  Set init value: \event_ok = 1'1
Found init rule in `$paramod$5b6a29ecc209eb804233d5e482e2b6b2ca0abdfe\experiment_scheduler.$proc$src/experiment_scheduler.v:37$1402'.
  Set init value: \event_kind = 2'00
Found init rule in `$paramod$5b6a29ecc209eb804233d5e482e2b6b2ca0abdfe\experiment_scheduler.$proc$src/experiment_scheduler.v:36$1401'.
  Set init value: \event_control = 1'0
Found init rule in `$paramod$5b6a29ecc209eb804233d5e482e2b6b2ca0abdfe\experiment_scheduler.$proc$src/experiment_scheduler.v:35$1400'.
  Set init value: \event_valid = 1'0
Found init rule in `$paramod$5b6a29ecc209eb804233d5e482e2b6b2ca0abdfe\experiment_scheduler.$proc$src/experiment_scheduler.v:22$1399'.
  Set init value: \frame_index = 9'000000000
Found init rule in `\experiment_packet.$proc$src/experiment_packet.v:27$515'.
  Set init value: \sum = 8'00000000
Found init rule in `\experiment_packet.$proc$src/experiment_packet.v:26$514'.
  Set init value: \index = 7'0000000
Found init rule in `\experiment_packet.$proc$src/experiment_packet.v:25$513'.
  Set init value: \saved_deltas = 144'000000000000000000000000000000000000000000000000000000000000000000000000000000000000000000000000000000000000000000000000000000000000000000000000
Found init rule in `\experiment_packet.$proc$src/experiment_packet.v:25$512'.
  Set init value: \saved_targets = 144'000000000000000000000000000000000000000000000000000000000000000000000000000000000000000000000000000000000000000000000000000000000000000000000000
Found init rule in `\experiment_packet.$proc$src/experiment_packet.v:24$511'.
  Set init value: \saved_limit = 16'0000000000000000
Found init rule in `\experiment_packet.$proc$src/experiment_packet.v:24$510'.
  Set init value: \saved_kv = 16'0000000000000000
Found init rule in `\experiment_packet.$proc$src/experiment_packet.v:24$509'.
  Set init value: \saved_kd = 16'0000000000000000
Found init rule in `\experiment_packet.$proc$src/experiment_packet.v:24$508'.
  Set init value: \saved_kp = 16'0000000000000000
Found init rule in `\experiment_packet.$proc$src/experiment_packet.v:23$507'.
  Set init value: \saved_mask = 9'000000000
Found init rule in `\experiment_packet.$proc$src/experiment_packet.v:22$506'.
  Set init value: \id = 8'00000000
Found init rule in `\experiment_packet.$proc$src/experiment_packet.v:21$505'.
  Set init value: \kind = 2'00
Found init rule in `\experiment_packet.$proc$src/experiment_packet.v:20$504'.
  Set init value: \state = 2'00
Found init rule in `\experiment_packet.$proc$src/experiment_packet.v:17$503'.
  Set init value: \fault = 1'0
Found init rule in `\experiment_packet.$proc$src/experiment_packet.v:16$502'.
  Set init value: \packet_length = 7'0000000
Found init rule in `\experiment_packet.$proc$src/experiment_packet.v:15$501'.
  Set init value: \packet = 512'00000000000000000000000000000000000000000000000000000000000000000000000000000000000000000000000000000000000000000000000000000000000000000000000000000000000000000000000000000000000000000000000000000000000000000000000000000000000000000000000000000000000000000000000000000000000000000000000000000000000000000000000000000000000000000000000000000000000000000000000000000000000000000000000000000000000000000000000000000000000000000000000000000000000000000000000000000000000000000000000000000000000000000000000000000000
Found init rule in `$paramod\experiment_reply\RX_TIMEOUT=s32'00000000000000011000011010100000.$proc$src/experiment_reply.v:34$1095'.
  Set init value: \age = 17'00000000000000000
Found init rule in `$paramod\experiment_reply\RX_TIMEOUT=s32'00000000000000011000011010100000.$proc$src/experiment_reply.v:33$1094'.
  Set init value: \payload = 120'000000000000000000000000000000000000000000000000000000000000000000000000000000000000000000000000000000000000000000000000
Found init rule in `$paramod\experiment_reply\RX_TIMEOUT=s32'00000000000000011000011010100000.$proc$src/experiment_reply.v:32$1093'.
  Set init value: \total = 7'0000000
Found init rule in `$paramod\experiment_reply\RX_TIMEOUT=s32'00000000000000011000011010100000.$proc$src/experiment_reply.v:32$1092'.
  Set init value: \index = 7'0000000
Found init rule in `$paramod\experiment_reply\RX_TIMEOUT=s32'00000000000000011000011010100000.$proc$src/experiment_reply.v:31$1091'.
  Set init value: \pwm = 16'0000000000000000
Found init rule in `$paramod\experiment_reply\RX_TIMEOUT=s32'00000000000000011000011010100000.$proc$src/experiment_reply.v:30$1090'.
  Set init value: \sum = 8'00000000
Found init rule in `$paramod\experiment_reply\RX_TIMEOUT=s32'00000000000000011000011010100000.$proc$src/experiment_reply.v:30$1089'.
  Set init value: \status = 8'00000000
Found init rule in `$paramod\experiment_reply\RX_TIMEOUT=s32'00000000000000011000011010100000.$proc$src/experiment_reply.v:30$1088'.
  Set init value: \received_id = 8'00000000
Found init rule in `$paramod\experiment_reply\RX_TIMEOUT=s32'00000000000000011000011010100000.$proc$src/experiment_reply.v:30$1087'.
  Set init value: \id = 8'00000000
Found init rule in `$paramod\experiment_reply\RX_TIMEOUT=s32'00000000000000011000011010100000.$proc$src/experiment_reply.v:29$1086'.
  Set init value: \kind = 2'00
Found init rule in `$paramod\experiment_reply\RX_TIMEOUT=s32'00000000000000011000011010100000.$proc$src/experiment_reply.v:29$1085'.
  Set init value: \state = 2'00
Found init rule in `$paramod\experiment_reply\RX_TIMEOUT=s32'00000000000000011000011010100000.$proc$src/experiment_reply.v:26$1084'.
  Set init value: \fault = 1'0
Found init rule in `$paramod\experiment_reply\RX_TIMEOUT=s32'00000000000000011000011010100000.$proc$src/experiment_reply.v:25$1083'.
  Set init value: \reply_data = 120'000000000000000000000000000000000000000000000000000000000000000000000000000000000000000000000000000000000000000000000000
Found init rule in `$paramod\experiment_reply\RX_TIMEOUT=s32'00000000000000011000011010100000.$proc$src/experiment_reply.v:23$1082'.
  Set init value: \reply_width = 6'000000
Found init rule in `$paramod\experiment_reply\RX_TIMEOUT=s32'00000000000000011000011010100000.$proc$src/experiment_reply.v:22$1081'.
  Set init value: \reply_error = 8'00000000
Found init rule in `$paramod\experiment_reply\RX_TIMEOUT=s32'00000000000000011000011010100000.$proc$src/experiment_reply.v:21$1080'.
  Set init value: \reply_id = 8'00000000
Found init rule in `$paramod\experiment_reply\RX_TIMEOUT=s32'00000000000000011000011010100000.$proc$src/experiment_reply.v:20$1079'.
  Set init value: \reply_kind = 2'00
Found init rule in `$paramod\experiment_reply\RX_TIMEOUT=s32'00000000000000011000011010100000.$proc$src/experiment_reply.v:19$1078'.
  Set init value: \reply_ok = 1'0
Found init rule in `$paramod\experiment_reply\RX_TIMEOUT=s32'00000000000000011000011010100000.$proc$src/experiment_reply.v:18$1077'.
  Set init value: \reply_valid = 1'0
Found init rule in `$paramod\experiment_reply\RX_TIMEOUT=s32'00000000000000011000011010100000.$proc$src/experiment_reply.v:17$1076'.
  Set init value: \pending = 1'0
Found init rule in `\experiment_transactions.$proc$src/experiment_transactions.v:65$85'.
  Set init value: \telemetry_wait = 1'0
Found init rule in `\experiment_transactions.$proc$src/experiment_transactions.v:64$84'.
  Set init value: \poll_before = 8'00000000
Found init rule in `\experiment_transactions.$proc$src/experiment_transactions.v:64$83'.
  Set init value: \poll_id = 8'00000100
Found init rule in `\experiment_transactions.$proc$src/experiment_transactions.v:63$82'.
  Set init value: \matched_sequences = 72'000000000000000000000000000000000000000000000000000000000000000000000000
Found init rule in `\experiment_transactions.$proc$src/experiment_transactions.v:57$81'.
  Set init value: \association_fault = 1'0
Found init rule in `\experiment_transactions.$proc$src/experiment_transactions.v:57$80'.
  Set init value: \control_pending = 1'0
Found init rule in `\experiment_transactions.$proc$src/experiment_transactions.v:56$79'.
  Set init value: \pwm = 144'000000000000000000000000000000000000000000000000000000000000000000000000000000000000000000000000000000000000000000000000000000000000000000000000
Found init rule in `\experiment_transactions.$proc$src/experiment_transactions.v:55$78'.
  Set init value: \saved_limit = 16'0000000000000000
Found init rule in `\experiment_transactions.$proc$src/experiment_transactions.v:55$77'.
  Set init value: \saved_kv = 16'0000000000000000
Found init rule in `\experiment_transactions.$proc$src/experiment_transactions.v:55$76'.
  Set init value: \saved_kd = 16'0000000000000000
Found init rule in `\experiment_transactions.$proc$src/experiment_transactions.v:55$75'.
  Set init value: \saved_kp = 16'0000000000000000
Found init rule in `\experiment_transactions.$proc$src/experiment_transactions.v:54$74'.
  Set init value: \mask = 9'000000000
Found init rule in `\experiment_transactions.$proc$src/experiment_transactions.v:53$73'.
  Set init value: \last_start = 1'0

5.4.5. Executing PROC_ARST pass (detect async resets in processes).

5.4.6. Executing PROC_ROM pass (convert switches to ROMs).
Converted 0 switches.
<suppressed ~73 debug messages>

5.4.7. Executing PROC_MUX pass (convert decision trees to multiplexers).
Creating decoders for process `$paramod$5b6a29ecc209eb804233d5e482e2b6b2ca0abdfe\experiment_scheduler.$proc$src/experiment_scheduler.v:70$1427'.
Creating decoders for process `$paramod$5b6a29ecc209eb804233d5e482e2b6b2ca0abdfe\experiment_scheduler.$proc$src/experiment_scheduler.v:69$1426'.
Creating decoders for process `$paramod$5b6a29ecc209eb804233d5e482e2b6b2ca0abdfe\experiment_scheduler.$proc$src/experiment_scheduler.v:68$1425'.
Creating decoders for process `$paramod$5b6a29ecc209eb804233d5e482e2b6b2ca0abdfe\experiment_scheduler.$proc$src/experiment_scheduler.v:67$1424'.
Creating decoders for process `$paramod$5b6a29ecc209eb804233d5e482e2b6b2ca0abdfe\experiment_scheduler.$proc$src/experiment_scheduler.v:67$1423'.
Creating decoders for process `$paramod$5b6a29ecc209eb804233d5e482e2b6b2ca0abdfe\experiment_scheduler.$proc$src/experiment_scheduler.v:66$1422'.
Creating decoders for process `$paramod$5b6a29ecc209eb804233d5e482e2b6b2ca0abdfe\experiment_scheduler.$proc$src/experiment_scheduler.v:66$1421'.
Creating decoders for process `$paramod$5b6a29ecc209eb804233d5e482e2b6b2ca0abdfe\experiment_scheduler.$proc$src/experiment_scheduler.v:65$1420'.
Creating decoders for process `$paramod$5b6a29ecc209eb804233d5e482e2b6b2ca0abdfe\experiment_scheduler.$proc$src/experiment_scheduler.v:64$1419'.
Creating decoders for process `$paramod$5b6a29ecc209eb804233d5e482e2b6b2ca0abdfe\experiment_scheduler.$proc$src/experiment_scheduler.v:57$1418'.
Creating decoders for process `$paramod$5b6a29ecc209eb804233d5e482e2b6b2ca0abdfe\experiment_scheduler.$proc$src/experiment_scheduler.v:56$1417'.
Creating decoders for process `$paramod$5b6a29ecc209eb804233d5e482e2b6b2ca0abdfe\experiment_scheduler.$proc$src/experiment_scheduler.v:55$1416'.
Creating decoders for process `$paramod$5b6a29ecc209eb804233d5e482e2b6b2ca0abdfe\experiment_scheduler.$proc$src/experiment_scheduler.v:54$1415'.
Creating decoders for process `$paramod$5b6a29ecc209eb804233d5e482e2b6b2ca0abdfe\experiment_scheduler.$proc$src/experiment_scheduler.v:53$1414'.
Creating decoders for process `$paramod$5b6a29ecc209eb804233d5e482e2b6b2ca0abdfe\experiment_scheduler.$proc$src/experiment_scheduler.v:52$1413'.
Creating decoders for process `$paramod$5b6a29ecc209eb804233d5e482e2b6b2ca0abdfe\experiment_scheduler.$proc$src/experiment_scheduler.v:51$1412'.
Creating decoders for process `$paramod$5b6a29ecc209eb804233d5e482e2b6b2ca0abdfe\experiment_scheduler.$proc$src/experiment_scheduler.v:50$1411'.
Creating decoders for process `$paramod$5b6a29ecc209eb804233d5e482e2b6b2ca0abdfe\experiment_scheduler.$proc$src/experiment_scheduler.v:49$1410'.
Creating decoders for process `$paramod$5b6a29ecc209eb804233d5e482e2b6b2ca0abdfe\experiment_scheduler.$proc$src/experiment_scheduler.v:48$1409'.
Creating decoders for process `$paramod$5b6a29ecc209eb804233d5e482e2b6b2ca0abdfe\experiment_scheduler.$proc$src/experiment_scheduler.v:43$1408'.
Creating decoders for process `$paramod$5b6a29ecc209eb804233d5e482e2b6b2ca0abdfe\experiment_scheduler.$proc$src/experiment_scheduler.v:42$1407'.
Creating decoders for process `$paramod$5b6a29ecc209eb804233d5e482e2b6b2ca0abdfe\experiment_scheduler.$proc$src/experiment_scheduler.v:41$1406'.
Creating decoders for process `$paramod$5b6a29ecc209eb804233d5e482e2b6b2ca0abdfe\experiment_scheduler.$proc$src/experiment_scheduler.v:40$1405'.
Creating decoders for process `$paramod$5b6a29ecc209eb804233d5e482e2b6b2ca0abdfe\experiment_scheduler.$proc$src/experiment_scheduler.v:39$1404'.
Creating decoders for process `$paramod$5b6a29ecc209eb804233d5e482e2b6b2ca0abdfe\experiment_scheduler.$proc$src/experiment_scheduler.v:38$1403'.
Creating decoders for process `$paramod$5b6a29ecc209eb804233d5e482e2b6b2ca0abdfe\experiment_scheduler.$proc$src/experiment_scheduler.v:37$1402'.
Creating decoders for process `$paramod$5b6a29ecc209eb804233d5e482e2b6b2ca0abdfe\experiment_scheduler.$proc$src/experiment_scheduler.v:36$1401'.
Creating decoders for process `$paramod$5b6a29ecc209eb804233d5e482e2b6b2ca0abdfe\experiment_scheduler.$proc$src/experiment_scheduler.v:35$1400'.
Creating decoders for process `$paramod$5b6a29ecc209eb804233d5e482e2b6b2ca0abdfe\experiment_scheduler.$proc$src/experiment_scheduler.v:22$1399'.
Creating decoders for process `$paramod$5b6a29ecc209eb804233d5e482e2b6b2ca0abdfe\experiment_scheduler.$proc$src/experiment_scheduler.v:96$1173'.
     1/29: $0\ticks[63:0]
     2/29: $0\previous_start[0:0]
     3/29: $0\terminal[0:0]
     4/29: $0\request_ticks[63:0]
     5/29: $0\before_sequence[7:0]
     6/29: $0\axis[3:0]
     7/29: $0\phase[31:0]
     8/29: $0\period[31:0]
     9/29: $0\frames[8:0]
    10/29: $0\state[3:0]
    11/29: $0\event_control[0:0]
    12/29: $0\mask[8:0]
    13/29: $0\interrupted_request_ticks[63:0]
    14/29: $0\interrupted_id[7:0]
    15/29: $0\interrupted_kind[1:0]
    16/29: $0\interrupted_request[0:0]
    17/29: $0\stop_pair_ticks[63:0]
    18/29: $0\stop_ticks[63:0]
    19/29: $0\start_ticks[63:0]
    20/29: $0\result[7:0]
    21/29: $0\event_completion_ticks[63:0]
    22/29: $0\event_request_ticks[63:0]
    23/29: $0\event_frame[8:0]
    24/29: $0\event_sample_sequence[7:0]
    25/29: $0\event_id[7:0]
    26/29: $0\event_ok[0:0]
    27/29: $0\event_kind[1:0]
    28/29: $0\event_valid[0:0]
    29/29: $0\frame_index[8:0]
Creating decoders for process `\experiment_packet.$proc$src/experiment_packet.v:27$515'.
Creating decoders for process `\experiment_packet.$proc$src/experiment_packet.v:26$514'.
Creating decoders for process `\experiment_packet.$proc$src/experiment_packet.v:25$513'.
Creating decoders for process `\experiment_packet.$proc$src/experiment_packet.v:25$512'.
Creating decoders for process `\experiment_packet.$proc$src/experiment_packet.v:24$511'.
Creating decoders for process `\experiment_packet.$proc$src/experiment_packet.v:24$510'.
Creating decoders for process `\experiment_packet.$proc$src/experiment_packet.v:24$509'.
Creating decoders for process `\experiment_packet.$proc$src/experiment_packet.v:24$508'.
Creating decoders for process `\experiment_packet.$proc$src/experiment_packet.v:23$507'.
Creating decoders for process `\experiment_packet.$proc$src/experiment_packet.v:22$506'.
Creating decoders for process `\experiment_packet.$proc$src/experiment_packet.v:21$505'.
Creating decoders for process `\experiment_packet.$proc$src/experiment_packet.v:20$504'.
Creating decoders for process `\experiment_packet.$proc$src/experiment_packet.v:17$503'.
Creating decoders for process `\experiment_packet.$proc$src/experiment_packet.v:16$502'.
Creating decoders for process `\experiment_packet.$proc$src/experiment_packet.v:15$501'.
Creating decoders for process `\experiment_packet.$proc$src/experiment_packet.v:58$474'.
     1/19: $3$lookahead\packet$473[511:0]$484
     2/19: $2$lookahead\packet$473[511:0]$482
     3/19: $2$bitselwrite$pos$src/experiment_packet.v:70$418[31:0]$481
     4/19: $1$lookahead\packet$473[511:0]$480
     5/19: $1$bitselwrite$pos$src/experiment_packet.v:70$418[31:0]$479
     6/19: $0\fault[0:0]
     7/19: $0\sum[7:0]
     8/19: $0\index[6:0]
     9/19: $0\saved_deltas[143:0]
    10/19: $0\saved_targets[143:0]
    11/19: $0\saved_mask[8:0]
    12/19: $0\id[7:0]
    13/19: $0\kind[1:0]
    14/19: $0\state[1:0]
    15/19: $0\saved_limit[15:0]
    16/19: $0\saved_kv[15:0]
    17/19: $0\saved_kd[15:0]
    18/19: $0\saved_kp[15:0]
    19/19: $0\packet_length[6:0]
Creating decoders for process `\experiment_packet.$proc$src/experiment_packet.v:33$438'.
     1/4: $3\value[7:0]
     2/4: $2\value[7:0]
     3/4: $1\value[7:0]
     4/4: $1\axis[3:0]
Creating decoders for process `$paramod\experiment_reply\RX_TIMEOUT=s32'00000000000000011000011010100000.$proc$src/experiment_reply.v:34$1095'.
Creating decoders for process `$paramod\experiment_reply\RX_TIMEOUT=s32'00000000000000011000011010100000.$proc$src/experiment_reply.v:33$1094'.
Creating decoders for process `$paramod\experiment_reply\RX_TIMEOUT=s32'00000000000000011000011010100000.$proc$src/experiment_reply.v:32$1093'.
Creating decoders for process `$paramod\experiment_reply\RX_TIMEOUT=s32'00000000000000011000011010100000.$proc$src/experiment_reply.v:32$1092'.
Creating decoders for process `$paramod\experiment_reply\RX_TIMEOUT=s32'00000000000000011000011010100000.$proc$src/experiment_reply.v:31$1091'.
Creating decoders for process `$paramod\experiment_reply\RX_TIMEOUT=s32'00000000000000011000011010100000.$proc$src/experiment_reply.v:30$1090'.
Creating decoders for process `$paramod\experiment_reply\RX_TIMEOUT=s32'00000000000000011000011010100000.$proc$src/experiment_reply.v:30$1089'.
Creating decoders for process `$paramod\experiment_reply\RX_TIMEOUT=s32'00000000000000011000011010100000.$proc$src/experiment_reply.v:30$1088'.
Creating decoders for process `$paramod\experiment_reply\RX_TIMEOUT=s32'00000000000000011000011010100000.$proc$src/experiment_reply.v:30$1087'.
Creating decoders for process `$paramod\experiment_reply\RX_TIMEOUT=s32'00000000000000011000011010100000.$proc$src/experiment_reply.v:29$1086'.
Creating decoders for process `$paramod\experiment_reply\RX_TIMEOUT=s32'00000000000000011000011010100000.$proc$src/experiment_reply.v:29$1085'.
Creating decoders for process `$paramod\experiment_reply\RX_TIMEOUT=s32'00000000000000011000011010100000.$proc$src/experiment_reply.v:26$1084'.
Creating decoders for process `$paramod\experiment_reply\RX_TIMEOUT=s32'00000000000000011000011010100000.$proc$src/experiment_reply.v:25$1083'.
Creating decoders for process `$paramod\experiment_reply\RX_TIMEOUT=s32'00000000000000011000011010100000.$proc$src/experiment_reply.v:23$1082'.
Creating decoders for process `$paramod\experiment_reply\RX_TIMEOUT=s32'00000000000000011000011010100000.$proc$src/experiment_reply.v:22$1081'.
Creating decoders for process `$paramod\experiment_reply\RX_TIMEOUT=s32'00000000000000011000011010100000.$proc$src/experiment_reply.v:21$1080'.
Creating decoders for process `$paramod\experiment_reply\RX_TIMEOUT=s32'00000000000000011000011010100000.$proc$src/experiment_reply.v:20$1079'.
Creating decoders for process `$paramod\experiment_reply\RX_TIMEOUT=s32'00000000000000011000011010100000.$proc$src/experiment_reply.v:19$1078'.
Creating decoders for process `$paramod\experiment_reply\RX_TIMEOUT=s32'00000000000000011000011010100000.$proc$src/experiment_reply.v:18$1077'.
Creating decoders for process `$paramod\experiment_reply\RX_TIMEOUT=s32'00000000000000011000011010100000.$proc$src/experiment_reply.v:17$1076'.
Creating decoders for process `$paramod\experiment_reply\RX_TIMEOUT=s32'00000000000000011000011010100000.$proc$src/experiment_reply.v:38$988'.
     1/42: $12$lookahead\payload$987[119:0]$1064
     2/42: $11$bitselwrite$pos$src/experiment_reply.v:89$975[31:0]$1063
     3/42: $11$lookahead\payload$987[119:0]$1059
     4/42: $10$bitselwrite$pos$src/experiment_reply.v:89$975[31:0]$1058
     5/42: $10$lookahead\payload$987[119:0]$1040
     6/42: $9$bitselwrite$pos$src/experiment_reply.v:89$975[31:0]$1039
     7/42: $9$lookahead\payload$987[119:0]$1030
     8/42: $8$bitselwrite$pos$src/experiment_reply.v:89$975[31:0]$1029
     9/42: $8$lookahead\payload$987[119:0]$1026
    10/42: $7$lookahead\payload$987[119:0]$1023
    11/42: $7$bitselwrite$pos$src/experiment_reply.v:89$975[31:0]$1022
    12/42: $6$lookahead\payload$987[119:0]$1021
    13/42: $6$bitselwrite$pos$src/experiment_reply.v:89$975[31:0]$1020
    14/42: $5$lookahead\payload$987[119:0]$1016
    15/42: $5$bitselwrite$pos$src/experiment_reply.v:89$975[31:0]$1015
    16/42: $4$lookahead\payload$987[119:0]$1011
    17/42: $4$bitselwrite$pos$src/experiment_reply.v:89$975[31:0]$1010
    18/42: $3$lookahead\payload$987[119:0]$996
    19/42: $3$bitselwrite$pos$src/experiment_reply.v:89$975[31:0]$995
    20/42: $2$lookahead\payload$987[119:0]$994
    21/42: $2$bitselwrite$pos$src/experiment_reply.v:89$975[31:0]$993
    22/42: $1$lookahead\payload$987[119:0]$992
    23/42: $1$bitselwrite$pos$src/experiment_reply.v:89$975[31:0]$991
    24/42: $0\fault[0:0]
    25/42: $0\reply_valid[0:0]
    26/42: $0\age[16:0]
    27/42: $0\total[6:0]
    28/42: $0\status[7:0]
    29/42: $0\received_id[7:0]
    30/42: $0\sum[7:0]
    31/42: $0\index[6:0]
    32/42: $0\id[7:0]
    33/42: $0\kind[1:0]
    34/42: $0\state[1:0]
    35/42: $0\pending[0:0]
    36/42: $0\reply_data[119:0]
    37/42: $0\reply_width[5:0]
    38/42: $0\reply_error[7:0]
    39/42: $0\reply_id[7:0]
    40/42: $0\reply_kind[1:0]
    41/42: $0\reply_ok[0:0]
    42/42: $0\pwm[15:0]
Creating decoders for process `\experiment_transactions.$proc$src/experiment_transactions.v:65$85'.
Creating decoders for process `\experiment_transactions.$proc$src/experiment_transactions.v:64$84'.
Creating decoders for process `\experiment_transactions.$proc$src/experiment_transactions.v:64$83'.
Creating decoders for process `\experiment_transactions.$proc$src/experiment_transactions.v:63$82'.
Creating decoders for process `\experiment_transactions.$proc$src/experiment_transactions.v:57$81'.
Creating decoders for process `\experiment_transactions.$proc$src/experiment_transactions.v:57$80'.
Creating decoders for process `\experiment_transactions.$proc$src/experiment_transactions.v:56$79'.
Creating decoders for process `\experiment_transactions.$proc$src/experiment_transactions.v:55$78'.
Creating decoders for process `\experiment_transactions.$proc$src/experiment_transactions.v:55$77'.
Creating decoders for process `\experiment_transactions.$proc$src/experiment_transactions.v:55$76'.
Creating decoders for process `\experiment_transactions.$proc$src/experiment_transactions.v:55$75'.
Creating decoders for process `\experiment_transactions.$proc$src/experiment_transactions.v:54$74'.
Creating decoders for process `\experiment_transactions.$proc$src/experiment_transactions.v:53$73'.
Creating decoders for process `\experiment_transactions.$proc$src/experiment_transactions.v:78$23'.
     1/17: $3$lookahead\matched_sequences$22[71:0]$48
     2/17: $2$bitselwrite$pos$src/experiment_transactions.v:97$1[31:0]$47
     3/17: $2$lookahead\matched_sequences$22[71:0]$32
     4/17: $1$lookahead\matched_sequences$22[71:0]$27
     5/17: $1$bitselwrite$pos$src/experiment_transactions.v:97$1[31:0]$26
     6/17: $0\association_fault[0:0]
     7/17: $0\last_start[0:0]
     8/17: $0\telemetry_wait[0:0]
     9/17: $0\poll_before[7:0]
    10/17: $0\poll_id[7:0]
    11/17: $0\control_pending[0:0]
    12/17: $0\pwm[143:0]
    13/17: $0\saved_limit[15:0]
    14/17: $0\saved_kv[15:0]
    15/17: $0\saved_kd[15:0]
    16/17: $0\saved_kp[15:0]
    17/17: $0\mask[8:0]

5.4.8. Executing PROC_DLATCH pass (convert process syncs to latches).
No latch inferred for signal `\experiment_packet.\value' from process `\experiment_packet.$proc$src/experiment_packet.v:33$438'.
No latch inferred for signal `\experiment_packet.\axis' from process `\experiment_packet.$proc$src/experiment_packet.v:33$438'.

5.4.9. Executing PROC_DFF pass (convert process syncs to FFs).
Creating register for signal `$paramod$5b6a29ecc209eb804233d5e482e2b6b2ca0abdfe\experiment_scheduler.\frame_index' using process `$paramod$5b6a29ecc209eb804233d5e482e2b6b2ca0abdfe\experiment_scheduler.$proc$src/experiment_scheduler.v:96$1173'.
  created $dff cell `$procdff$3995' with positive edge clock.
Creating register for signal `$paramod$5b6a29ecc209eb804233d5e482e2b6b2ca0abdfe\experiment_scheduler.\event_valid' using process `$paramod$5b6a29ecc209eb804233d5e482e2b6b2ca0abdfe\experiment_scheduler.$proc$src/experiment_scheduler.v:96$1173'.
  created $dff cell `$procdff$3996' with positive edge clock.
Creating register for signal `$paramod$5b6a29ecc209eb804233d5e482e2b6b2ca0abdfe\experiment_scheduler.\event_kind' using process `$paramod$5b6a29ecc209eb804233d5e482e2b6b2ca0abdfe\experiment_scheduler.$proc$src/experiment_scheduler.v:96$1173'.
  created $dff cell `$procdff$3997' with positive edge clock.
Creating register for signal `$paramod$5b6a29ecc209eb804233d5e482e2b6b2ca0abdfe\experiment_scheduler.\event_ok' using process `$paramod$5b6a29ecc209eb804233d5e482e2b6b2ca0abdfe\experiment_scheduler.$proc$src/experiment_scheduler.v:96$1173'.
  created $dff cell `$procdff$3998' with positive edge clock.
Creating register for signal `$paramod$5b6a29ecc209eb804233d5e482e2b6b2ca0abdfe\experiment_scheduler.\event_id' using process `$paramod$5b6a29ecc209eb804233d5e482e2b6b2ca0abdfe\experiment_scheduler.$proc$src/experiment_scheduler.v:96$1173'.
  created $dff cell `$procdff$3999' with positive edge clock.
Creating register for signal `$paramod$5b6a29ecc209eb804233d5e482e2b6b2ca0abdfe\experiment_scheduler.\event_sample_sequence' using process `$paramod$5b6a29ecc209eb804233d5e482e2b6b2ca0abdfe\experiment_scheduler.$proc$src/experiment_scheduler.v:96$1173'.
  created $dff cell `$procdff$4000' with positive edge clock.
Creating register for signal `$paramod$5b6a29ecc209eb804233d5e482e2b6b2ca0abdfe\experiment_scheduler.\event_frame' using process `$paramod$5b6a29ecc209eb804233d5e482e2b6b2ca0abdfe\experiment_scheduler.$proc$src/experiment_scheduler.v:96$1173'.
  created $dff cell `$procdff$4001' with positive edge clock.
Creating register for signal `$paramod$5b6a29ecc209eb804233d5e482e2b6b2ca0abdfe\experiment_scheduler.\event_request_ticks' using process `$paramod$5b6a29ecc209eb804233d5e482e2b6b2ca0abdfe\experiment_scheduler.$proc$src/experiment_scheduler.v:96$1173'.
  created $dff cell `$procdff$4002' with positive edge clock.
Creating register for signal `$paramod$5b6a29ecc209eb804233d5e482e2b6b2ca0abdfe\experiment_scheduler.\event_completion_ticks' using process `$paramod$5b6a29ecc209eb804233d5e482e2b6b2ca0abdfe\experiment_scheduler.$proc$src/experiment_scheduler.v:96$1173'.
  created $dff cell `$procdff$4003' with positive edge clock.
Creating register for signal `$paramod$5b6a29ecc209eb804233d5e482e2b6b2ca0abdfe\experiment_scheduler.\terminal' using process `$paramod$5b6a29ecc209eb804233d5e482e2b6b2ca0abdfe\experiment_scheduler.$proc$src/experiment_scheduler.v:96$1173'.
  created $dff cell `$procdff$4004' with positive edge clock.
Creating register for signal `$paramod$5b6a29ecc209eb804233d5e482e2b6b2ca0abdfe\experiment_scheduler.\result' using process `$paramod$5b6a29ecc209eb804233d5e482e2b6b2ca0abdfe\experiment_scheduler.$proc$src/experiment_scheduler.v:96$1173'.
  created $dff cell `$procdff$4005' with positive edge clock.
Creating register for signal `$paramod$5b6a29ecc209eb804233d5e482e2b6b2ca0abdfe\experiment_scheduler.\ticks' using process `$paramod$5b6a29ecc209eb804233d5e482e2b6b2ca0abdfe\experiment_scheduler.$proc$src/experiment_scheduler.v:96$1173'.
  created $dff cell `$procdff$4006' with positive edge clock.
Creating register for signal `$paramod$5b6a29ecc209eb804233d5e482e2b6b2ca0abdfe\experiment_scheduler.\start_ticks' using process `$paramod$5b6a29ecc209eb804233d5e482e2b6b2ca0abdfe\experiment_scheduler.$proc$src/experiment_scheduler.v:96$1173'.
  created $dff cell `$procdff$4007' with positive edge clock.
Creating register for signal `$paramod$5b6a29ecc209eb804233d5e482e2b6b2ca0abdfe\experiment_scheduler.\stop_ticks' using process `$paramod$5b6a29ecc209eb804233d5e482e2b6b2ca0abdfe\experiment_scheduler.$proc$src/experiment_scheduler.v:96$1173'.
  created $dff cell `$procdff$4008' with positive edge clock.
Creating register for signal `$paramod$5b6a29ecc209eb804233d5e482e2b6b2ca0abdfe\experiment_scheduler.\stop_pair_ticks' using process `$paramod$5b6a29ecc209eb804233d5e482e2b6b2ca0abdfe\experiment_scheduler.$proc$src/experiment_scheduler.v:96$1173'.
  created $dff cell `$procdff$4009' with positive edge clock.
Creating register for signal `$paramod$5b6a29ecc209eb804233d5e482e2b6b2ca0abdfe\experiment_scheduler.\interrupted_request' using process `$paramod$5b6a29ecc209eb804233d5e482e2b6b2ca0abdfe\experiment_scheduler.$proc$src/experiment_scheduler.v:96$1173'.
  created $dff cell `$procdff$4010' with positive edge clock.
Creating register for signal `$paramod$5b6a29ecc209eb804233d5e482e2b6b2ca0abdfe\experiment_scheduler.\interrupted_kind' using process `$paramod$5b6a29ecc209eb804233d5e482e2b6b2ca0abdfe\experiment_scheduler.$proc$src/experiment_scheduler.v:96$1173'.
  created $dff cell `$procdff$4011' with positive edge clock.
Creating register for signal `$paramod$5b6a29ecc209eb804233d5e482e2b6b2ca0abdfe\experiment_scheduler.\interrupted_id' using process `$paramod$5b6a29ecc209eb804233d5e482e2b6b2ca0abdfe\experiment_scheduler.$proc$src/experiment_scheduler.v:96$1173'.
  created $dff cell `$procdff$4012' with positive edge clock.
Creating register for signal `$paramod$5b6a29ecc209eb804233d5e482e2b6b2ca0abdfe\experiment_scheduler.\interrupted_request_ticks' using process `$paramod$5b6a29ecc209eb804233d5e482e2b6b2ca0abdfe\experiment_scheduler.$proc$src/experiment_scheduler.v:96$1173'.
  created $dff cell `$procdff$4013' with positive edge clock.
Creating register for signal `$paramod$5b6a29ecc209eb804233d5e482e2b6b2ca0abdfe\experiment_scheduler.\mask' using process `$paramod$5b6a29ecc209eb804233d5e482e2b6b2ca0abdfe\experiment_scheduler.$proc$src/experiment_scheduler.v:96$1173'.
  created $dff cell `$procdff$4014' with positive edge clock.
Creating register for signal `$paramod$5b6a29ecc209eb804233d5e482e2b6b2ca0abdfe\experiment_scheduler.\event_control' using process `$paramod$5b6a29ecc209eb804233d5e482e2b6b2ca0abdfe\experiment_scheduler.$proc$src/experiment_scheduler.v:96$1173'.
  created $dff cell `$procdff$4015' with positive edge clock.
Creating register for signal `$paramod$5b6a29ecc209eb804233d5e482e2b6b2ca0abdfe\experiment_scheduler.\state' using process `$paramod$5b6a29ecc209eb804233d5e482e2b6b2ca0abdfe\experiment_scheduler.$proc$src/experiment_scheduler.v:96$1173'.
  created $dff cell `$procdff$4016' with positive edge clock.
Creating register for signal `$paramod$5b6a29ecc209eb804233d5e482e2b6b2ca0abdfe\experiment_scheduler.\previous_start' using process `$paramod$5b6a29ecc209eb804233d5e482e2b6b2ca0abdfe\experiment_scheduler.$proc$src/experiment_scheduler.v:96$1173'.
  created $dff cell `$procdff$4017' with positive edge clock.
Creating register for signal `$paramod$5b6a29ecc209eb804233d5e482e2b6b2ca0abdfe\experiment_scheduler.\frames' using process `$paramod$5b6a29ecc209eb804233d5e482e2b6b2ca0abdfe\experiment_scheduler.$proc$src/experiment_scheduler.v:96$1173'.
  created $dff cell `$procdff$4018' with positive edge clock.
Creating register for signal `$paramod$5b6a29ecc209eb804233d5e482e2b6b2ca0abdfe\experiment_scheduler.\period' using process `$paramod$5b6a29ecc209eb804233d5e482e2b6b2ca0abdfe\experiment_scheduler.$proc$src/experiment_scheduler.v:96$1173'.
  created $dff cell `$procdff$4019' with positive edge clock.
Creating register for signal `$paramod$5b6a29ecc209eb804233d5e482e2b6b2ca0abdfe\experiment_scheduler.\phase' using process `$paramod$5b6a29ecc209eb804233d5e482e2b6b2ca0abdfe\experiment_scheduler.$proc$src/experiment_scheduler.v:96$1173'.
  created $dff cell `$procdff$4020' with positive edge clock.
Creating register for signal `$paramod$5b6a29ecc209eb804233d5e482e2b6b2ca0abdfe\experiment_scheduler.\axis' using process `$paramod$5b6a29ecc209eb804233d5e482e2b6b2ca0abdfe\experiment_scheduler.$proc$src/experiment_scheduler.v:96$1173'.
  created $dff cell `$procdff$4021' with positive edge clock.
Creating register for signal `$paramod$5b6a29ecc209eb804233d5e482e2b6b2ca0abdfe\experiment_scheduler.\before_sequence' using process `$paramod$5b6a29ecc209eb804233d5e482e2b6b2ca0abdfe\experiment_scheduler.$proc$src/experiment_scheduler.v:96$1173'.
  created $dff cell `$procdff$4022' with positive edge clock.
Creating register for signal `$paramod$5b6a29ecc209eb804233d5e482e2b6b2ca0abdfe\experiment_scheduler.\request_ticks' using process `$paramod$5b6a29ecc209eb804233d5e482e2b6b2ca0abdfe\experiment_scheduler.$proc$src/experiment_scheduler.v:96$1173'.
  created $dff cell `$procdff$4023' with positive edge clock.
Creating register for signal `\experiment_packet.\packet' using process `\experiment_packet.$proc$src/experiment_packet.v:58$474'.
  created $dff cell `$procdff$4024' with positive edge clock.
Creating register for signal `\experiment_packet.\packet_length' using process `\experiment_packet.$proc$src/experiment_packet.v:58$474'.
  created $dff cell `$procdff$4025' with positive edge clock.
Creating register for signal `\experiment_packet.\saved_kp' using process `\experiment_packet.$proc$src/experiment_packet.v:58$474'.
  created $dff cell `$procdff$4026' with positive edge clock.
Creating register for signal `\experiment_packet.\saved_kd' using process `\experiment_packet.$proc$src/experiment_packet.v:58$474'.
  created $dff cell `$procdff$4027' with positive edge clock.
Creating register for signal `\experiment_packet.\saved_kv' using process `\experiment_packet.$proc$src/experiment_packet.v:58$474'.
  created $dff cell `$procdff$4028' with positive edge clock.
Creating register for signal `\experiment_packet.\saved_limit' using process `\experiment_packet.$proc$src/experiment_packet.v:58$474'.
  created $dff cell `$procdff$4029' with positive edge clock.
Creating register for signal `\experiment_packet.\fault' using process `\experiment_packet.$proc$src/experiment_packet.v:58$474'.
  created $dff cell `$procdff$4030' with positive edge clock.
Creating register for signal `\experiment_packet.\state' using process `\experiment_packet.$proc$src/experiment_packet.v:58$474'.
  created $dff cell `$procdff$4031' with positive edge clock.
Creating register for signal `\experiment_packet.\kind' using process `\experiment_packet.$proc$src/experiment_packet.v:58$474'.
  created $dff cell `$procdff$4032' with positive edge clock.
Creating register for signal `\experiment_packet.\id' using process `\experiment_packet.$proc$src/experiment_packet.v:58$474'.
  created $dff cell `$procdff$4033' with positive edge clock.
Creating register for signal `\experiment_packet.\saved_mask' using process `\experiment_packet.$proc$src/experiment_packet.v:58$474'.
  created $dff cell `$procdff$4034' with positive edge clock.
Creating register for signal `\experiment_packet.\saved_targets' using process `\experiment_packet.$proc$src/experiment_packet.v:58$474'.
  created $dff cell `$procdff$4035' with positive edge clock.
Creating register for signal `\experiment_packet.\saved_deltas' using process `\experiment_packet.$proc$src/experiment_packet.v:58$474'.
  created $dff cell `$procdff$4036' with positive edge clock.
Creating register for signal `\experiment_packet.\index' using process `\experiment_packet.$proc$src/experiment_packet.v:58$474'.
  created $dff cell `$procdff$4037' with positive edge clock.
Creating register for signal `\experiment_packet.\sum' using process `\experiment_packet.$proc$src/experiment_packet.v:58$474'.
  created $dff cell `$procdff$4038' with positive edge clock.
Creating register for signal `\experiment_packet.$bitselwrite$pos$src/experiment_packet.v:70$418' using process `\experiment_packet.$proc$src/experiment_packet.v:58$474'.
  created $dff cell `$procdff$4039' with positive edge clock.
Creating register for signal `\experiment_packet.$lookahead\packet$473' using process `\experiment_packet.$proc$src/experiment_packet.v:58$474'.
  created $dff cell `$procdff$4040' with positive edge clock.
Creating register for signal `$paramod\experiment_reply\RX_TIMEOUT=s32'00000000000000011000011010100000.\pwm' using process `$paramod\experiment_reply\RX_TIMEOUT=s32'00000000000000011000011010100000.$proc$src/experiment_reply.v:38$988'.
  created $dff cell `$procdff$4041' with positive edge clock.
Creating register for signal `$paramod\experiment_reply\RX_TIMEOUT=s32'00000000000000011000011010100000.\reply_valid' using process `$paramod\experiment_reply\RX_TIMEOUT=s32'00000000000000011000011010100000.$proc$src/experiment_reply.v:38$988'.
  created $dff cell `$procdff$4042' with positive edge clock.
Creating register for signal `$paramod\experiment_reply\RX_TIMEOUT=s32'00000000000000011000011010100000.\reply_ok' using process `$paramod\experiment_reply\RX_TIMEOUT=s32'00000000000000011000011010100000.$proc$src/experiment_reply.v:38$988'.
  created $dff cell `$procdff$4043' with positive edge clock.
Creating register for signal `$paramod\experiment_reply\RX_TIMEOUT=s32'00000000000000011000011010100000.\reply_kind' using process `$paramod\experiment_reply\RX_TIMEOUT=s32'00000000000000011000011010100000.$proc$src/experiment_reply.v:38$988'.
  created $dff cell `$procdff$4044' with positive edge clock.
Creating register for signal `$paramod\experiment_reply\RX_TIMEOUT=s32'00000000000000011000011010100000.\reply_id' using process `$paramod\experiment_reply\RX_TIMEOUT=s32'00000000000000011000011010100000.$proc$src/experiment_reply.v:38$988'.
  created $dff cell `$procdff$4045' with positive edge clock.
Creating register for signal `$paramod\experiment_reply\RX_TIMEOUT=s32'00000000000000011000011010100000.\reply_error' using process `$paramod\experiment_reply\RX_TIMEOUT=s32'00000000000000011000011010100000.$proc$src/experiment_reply.v:38$988'.
  created $dff cell `$procdff$4046' with positive edge clock.
Creating register for signal `$paramod\experiment_reply\RX_TIMEOUT=s32'00000000000000011000011010100000.\reply_width' using process `$paramod\experiment_reply\RX_TIMEOUT=s32'00000000000000011000011010100000.$proc$src/experiment_reply.v:38$988'.
  created $dff cell `$procdff$4047' with positive edge clock.
Creating register for signal `$paramod\experiment_reply\RX_TIMEOUT=s32'00000000000000011000011010100000.\reply_data' using process `$paramod\experiment_reply\RX_TIMEOUT=s32'00000000000000011000011010100000.$proc$src/experiment_reply.v:38$988'.
  created $dff cell `$procdff$4048' with positive edge clock.
Creating register for signal `$paramod\experiment_reply\RX_TIMEOUT=s32'00000000000000011000011010100000.\fault' using process `$paramod\experiment_reply\RX_TIMEOUT=s32'00000000000000011000011010100000.$proc$src/experiment_reply.v:38$988'.
  created $dff cell `$procdff$4049' with positive edge clock.
Creating register for signal `$paramod\experiment_reply\RX_TIMEOUT=s32'00000000000000011000011010100000.\pending' using process `$paramod\experiment_reply\RX_TIMEOUT=s32'00000000000000011000011010100000.$proc$src/experiment_reply.v:38$988'.
  created $dff cell `$procdff$4050' with positive edge clock.
Creating register for signal `$paramod\experiment_reply\RX_TIMEOUT=s32'00000000000000011000011010100000.\state' using process `$paramod\experiment_reply\RX_TIMEOUT=s32'00000000000000011000011010100000.$proc$src/experiment_reply.v:38$988'.
  created $dff cell `$procdff$4051' with positive edge clock.
Creating register for signal `$paramod\experiment_reply\RX_TIMEOUT=s32'00000000000000011000011010100000.\kind' using process `$paramod\experiment_reply\RX_TIMEOUT=s32'00000000000000011000011010100000.$proc$src/experiment_reply.v:38$988'.
  created $dff cell `$procdff$4052' with positive edge clock.
Creating register for signal `$paramod\experiment_reply\RX_TIMEOUT=s32'00000000000000011000011010100000.\id' using process `$paramod\experiment_reply\RX_TIMEOUT=s32'00000000000000011000011010100000.$proc$src/experiment_reply.v:38$988'.
  created $dff cell `$procdff$4053' with positive edge clock.
Creating register for signal `$paramod\experiment_reply\RX_TIMEOUT=s32'00000000000000011000011010100000.\index' using process `$paramod\experiment_reply\RX_TIMEOUT=s32'00000000000000011000011010100000.$proc$src/experiment_reply.v:38$988'.
  created $dff cell `$procdff$4054' with positive edge clock.
Creating register for signal `$paramod\experiment_reply\RX_TIMEOUT=s32'00000000000000011000011010100000.\sum' using process `$paramod\experiment_reply\RX_TIMEOUT=s32'00000000000000011000011010100000.$proc$src/experiment_reply.v:38$988'.
  created $dff cell `$procdff$4055' with positive edge clock.
Creating register for signal `$paramod\experiment_reply\RX_TIMEOUT=s32'00000000000000011000011010100000.\received_id' using process `$paramod\experiment_reply\RX_TIMEOUT=s32'00000000000000011000011010100000.$proc$src/experiment_reply.v:38$988'.
  created $dff cell `$procdff$4056' with positive edge clock.
Creating register for signal `$paramod\experiment_reply\RX_TIMEOUT=s32'00000000000000011000011010100000.\status' using process `$paramod\experiment_reply\RX_TIMEOUT=s32'00000000000000011000011010100000.$proc$src/experiment_reply.v:38$988'.
  created $dff cell `$procdff$4057' with positive edge clock.
Creating register for signal `$paramod\experiment_reply\RX_TIMEOUT=s32'00000000000000011000011010100000.\total' using process `$paramod\experiment_reply\RX_TIMEOUT=s32'00000000000000011000011010100000.$proc$src/experiment_reply.v:38$988'.
  created $dff cell `$procdff$4058' with positive edge clock.
Creating register for signal `$paramod\experiment_reply\RX_TIMEOUT=s32'00000000000000011000011010100000.\payload' using process `$paramod\experiment_reply\RX_TIMEOUT=s32'00000000000000011000011010100000.$proc$src/experiment_reply.v:38$988'.
  created $dff cell `$procdff$4059' with positive edge clock.
Creating register for signal `$paramod\experiment_reply\RX_TIMEOUT=s32'00000000000000011000011010100000.\age' using process `$paramod\experiment_reply\RX_TIMEOUT=s32'00000000000000011000011010100000.$proc$src/experiment_reply.v:38$988'.
  created $dff cell `$procdff$4060' with positive edge clock.
Creating register for signal `$paramod\experiment_reply\RX_TIMEOUT=s32'00000000000000011000011010100000.$bitselwrite$pos$src/experiment_reply.v:89$975' using process `$paramod\experiment_reply\RX_TIMEOUT=s32'00000000000000011000011010100000.$proc$src/experiment_reply.v:38$988'.
  created $dff cell `$procdff$4061' with positive edge clock.
Creating register for signal `$paramod\experiment_reply\RX_TIMEOUT=s32'00000000000000011000011010100000.$lookahead\payload$987' using process `$paramod\experiment_reply\RX_TIMEOUT=s32'00000000000000011000011010100000.$proc$src/experiment_reply.v:38$988'.
  created $dff cell `$procdff$4062' with positive edge clock.
Creating register for signal `\experiment_transactions.\last_start' using process `\experiment_transactions.$proc$src/experiment_transactions.v:78$23'.
  created $dff cell `$procdff$4063' with positive edge clock.
Creating register for signal `\experiment_transactions.\mask' using process `\experiment_transactions.$proc$src/experiment_transactions.v:78$23'.
  created $dff cell `$procdff$4064' with positive edge clock.
Creating register for signal `\experiment_transactions.\saved_kp' using process `\experiment_transactions.$proc$src/experiment_transactions.v:78$23'.
  created $dff cell `$procdff$4065' with positive edge clock.
Creating register for signal `\experiment_transactions.\saved_kd' using process `\experiment_transactions.$proc$src/experiment_transactions.v:78$23'.
  created $dff cell `$procdff$4066' with positive edge clock.
Creating register for signal `\experiment_transactions.\saved_kv' using process `\experiment_transactions.$proc$src/experiment_transactions.v:78$23'.
  created $dff cell `$procdff$4067' with positive edge clock.
Creating register for signal `\experiment_transactions.\saved_limit' using process `\experiment_transactions.$proc$src/experiment_transactions.v:78$23'.
  created $dff cell `$procdff$4068' with positive edge clock.
Creating register for signal `\experiment_transactions.\pwm' using process `\experiment_transactions.$proc$src/experiment_transactions.v:78$23'.
  created $dff cell `$procdff$4069' with positive edge clock.
Creating register for signal `\experiment_transactions.\control_pending' using process `\experiment_transactions.$proc$src/experiment_transactions.v:78$23'.
  created $dff cell `$procdff$4070' with positive edge clock.
Creating register for signal `\experiment_transactions.\association_fault' using process `\experiment_transactions.$proc$src/experiment_transactions.v:78$23'.
  created $dff cell `$procdff$4071' with positive edge clock.
Creating register for signal `\experiment_transactions.\matched_sequences' using process `\experiment_transactions.$proc$src/experiment_transactions.v:78$23'.
  created $dff cell `$procdff$4072' with positive edge clock.
Creating register for signal `\experiment_transactions.\poll_id' using process `\experiment_transactions.$proc$src/experiment_transactions.v:78$23'.
  created $dff cell `$procdff$4073' with positive edge clock.
Creating register for signal `\experiment_transactions.\poll_before' using process `\experiment_transactions.$proc$src/experiment_transactions.v:78$23'.
  created $dff cell `$procdff$4074' with positive edge clock.
Creating register for signal `\experiment_transactions.\telemetry_wait' using process `\experiment_transactions.$proc$src/experiment_transactions.v:78$23'.
  created $dff cell `$procdff$4075' with positive edge clock.
Creating register for signal `\experiment_transactions.$bitselwrite$pos$src/experiment_transactions.v:97$1' using process `\experiment_transactions.$proc$src/experiment_transactions.v:78$23'.
  created $dff cell `$procdff$4076' with positive edge clock.
Creating register for signal `\experiment_transactions.$lookahead\matched_sequences$22' using process `\experiment_transactions.$proc$src/experiment_transactions.v:78$23'.
  created $dff cell `$procdff$4077' with positive edge clock.

5.4.10. Executing PROC_MEMWR pass (convert process memory writes to cells).

5.4.11. Executing PROC_CLEAN pass (remove empty switches from decision trees).
Removing empty process `$paramod$5b6a29ecc209eb804233d5e482e2b6b2ca0abdfe\experiment_scheduler.$proc$src/experiment_scheduler.v:70$1427'.
Removing empty process `$paramod$5b6a29ecc209eb804233d5e482e2b6b2ca0abdfe\experiment_scheduler.$proc$src/experiment_scheduler.v:69$1426'.
Removing empty process `$paramod$5b6a29ecc209eb804233d5e482e2b6b2ca0abdfe\experiment_scheduler.$proc$src/experiment_scheduler.v:68$1425'.
Removing empty process `$paramod$5b6a29ecc209eb804233d5e482e2b6b2ca0abdfe\experiment_scheduler.$proc$src/experiment_scheduler.v:67$1424'.
Removing empty process `$paramod$5b6a29ecc209eb804233d5e482e2b6b2ca0abdfe\experiment_scheduler.$proc$src/experiment_scheduler.v:67$1423'.
Removing empty process `$paramod$5b6a29ecc209eb804233d5e482e2b6b2ca0abdfe\experiment_scheduler.$proc$src/experiment_scheduler.v:66$1422'.
Removing empty process `$paramod$5b6a29ecc209eb804233d5e482e2b6b2ca0abdfe\experiment_scheduler.$proc$src/experiment_scheduler.v:66$1421'.
Removing empty process `$paramod$5b6a29ecc209eb804233d5e482e2b6b2ca0abdfe\experiment_scheduler.$proc$src/experiment_scheduler.v:65$1420'.
Removing empty process `$paramod$5b6a29ecc209eb804233d5e482e2b6b2ca0abdfe\experiment_scheduler.$proc$src/experiment_scheduler.v:64$1419'.
Removing empty process `$paramod$5b6a29ecc209eb804233d5e482e2b6b2ca0abdfe\experiment_scheduler.$proc$src/experiment_scheduler.v:57$1418'.
Removing empty process `$paramod$5b6a29ecc209eb804233d5e482e2b6b2ca0abdfe\experiment_scheduler.$proc$src/experiment_scheduler.v:56$1417'.
Removing empty process `$paramod$5b6a29ecc209eb804233d5e482e2b6b2ca0abdfe\experiment_scheduler.$proc$src/experiment_scheduler.v:55$1416'.
Removing empty process `$paramod$5b6a29ecc209eb804233d5e482e2b6b2ca0abdfe\experiment_scheduler.$proc$src/experiment_scheduler.v:54$1415'.
Removing empty process `$paramod$5b6a29ecc209eb804233d5e482e2b6b2ca0abdfe\experiment_scheduler.$proc$src/experiment_scheduler.v:53$1414'.
Removing empty process `$paramod$5b6a29ecc209eb804233d5e482e2b6b2ca0abdfe\experiment_scheduler.$proc$src/experiment_scheduler.v:52$1413'.
Removing empty process `$paramod$5b6a29ecc209eb804233d5e482e2b6b2ca0abdfe\experiment_scheduler.$proc$src/experiment_scheduler.v:51$1412'.
Removing empty process `$paramod$5b6a29ecc209eb804233d5e482e2b6b2ca0abdfe\experiment_scheduler.$proc$src/experiment_scheduler.v:50$1411'.
Removing empty process `$paramod$5b6a29ecc209eb804233d5e482e2b6b2ca0abdfe\experiment_scheduler.$proc$src/experiment_scheduler.v:49$1410'.
Removing empty process `$paramod$5b6a29ecc209eb804233d5e482e2b6b2ca0abdfe\experiment_scheduler.$proc$src/experiment_scheduler.v:48$1409'.
Removing empty process `$paramod$5b6a29ecc209eb804233d5e482e2b6b2ca0abdfe\experiment_scheduler.$proc$src/experiment_scheduler.v:43$1408'.
Removing empty process `$paramod$5b6a29ecc209eb804233d5e482e2b6b2ca0abdfe\experiment_scheduler.$proc$src/experiment_scheduler.v:42$1407'.
Removing empty process `$paramod$5b6a29ecc209eb804233d5e482e2b6b2ca0abdfe\experiment_scheduler.$proc$src/experiment_scheduler.v:41$1406'.
Removing empty process `$paramod$5b6a29ecc209eb804233d5e482e2b6b2ca0abdfe\experiment_scheduler.$proc$src/experiment_scheduler.v:40$1405'.
Removing empty process `$paramod$5b6a29ecc209eb804233d5e482e2b6b2ca0abdfe\experiment_scheduler.$proc$src/experiment_scheduler.v:39$1404'.
Removing empty process `$paramod$5b6a29ecc209eb804233d5e482e2b6b2ca0abdfe\experiment_scheduler.$proc$src/experiment_scheduler.v:38$1403'.
Removing empty process `$paramod$5b6a29ecc209eb804233d5e482e2b6b2ca0abdfe\experiment_scheduler.$proc$src/experiment_scheduler.v:37$1402'.
Removing empty process `$paramod$5b6a29ecc209eb804233d5e482e2b6b2ca0abdfe\experiment_scheduler.$proc$src/experiment_scheduler.v:36$1401'.
Removing empty process `$paramod$5b6a29ecc209eb804233d5e482e2b6b2ca0abdfe\experiment_scheduler.$proc$src/experiment_scheduler.v:35$1400'.
Removing empty process `$paramod$5b6a29ecc209eb804233d5e482e2b6b2ca0abdfe\experiment_scheduler.$proc$src/experiment_scheduler.v:22$1399'.
Found and cleaned up 34 empty switches in `$paramod$5b6a29ecc209eb804233d5e482e2b6b2ca0abdfe\experiment_scheduler.$proc$src/experiment_scheduler.v:96$1173'.
Removing empty process `$paramod$5b6a29ecc209eb804233d5e482e2b6b2ca0abdfe\experiment_scheduler.$proc$src/experiment_scheduler.v:96$1173'.
Removing empty process `experiment_packet.$proc$src/experiment_packet.v:27$515'.
Removing empty process `experiment_packet.$proc$src/experiment_packet.v:26$514'.
Removing empty process `experiment_packet.$proc$src/experiment_packet.v:25$513'.
Removing empty process `experiment_packet.$proc$src/experiment_packet.v:25$512'.
Removing empty process `experiment_packet.$proc$src/experiment_packet.v:24$511'.
Removing empty process `experiment_packet.$proc$src/experiment_packet.v:24$510'.
Removing empty process `experiment_packet.$proc$src/experiment_packet.v:24$509'.
Removing empty process `experiment_packet.$proc$src/experiment_packet.v:24$508'.
Removing empty process `experiment_packet.$proc$src/experiment_packet.v:23$507'.
Removing empty process `experiment_packet.$proc$src/experiment_packet.v:22$506'.
Removing empty process `experiment_packet.$proc$src/experiment_packet.v:21$505'.
Removing empty process `experiment_packet.$proc$src/experiment_packet.v:20$504'.
Removing empty process `experiment_packet.$proc$src/experiment_packet.v:17$503'.
Removing empty process `experiment_packet.$proc$src/experiment_packet.v:16$502'.
Removing empty process `experiment_packet.$proc$src/experiment_packet.v:15$501'.
Found and cleaned up 6 empty switches in `\experiment_packet.$proc$src/experiment_packet.v:58$474'.
Removing empty process `experiment_packet.$proc$src/experiment_packet.v:58$474'.
Found and cleaned up 3 empty switches in `\experiment_packet.$proc$src/experiment_packet.v:33$438'.
Removing empty process `experiment_packet.$proc$src/experiment_packet.v:33$438'.
Removing empty process `$paramod\experiment_reply\RX_TIMEOUT=s32'00000000000000011000011010100000.$proc$src/experiment_reply.v:34$1095'.
Removing empty process `$paramod\experiment_reply\RX_TIMEOUT=s32'00000000000000011000011010100000.$proc$src/experiment_reply.v:33$1094'.
Removing empty process `$paramod\experiment_reply\RX_TIMEOUT=s32'00000000000000011000011010100000.$proc$src/experiment_reply.v:32$1093'.
Removing empty process `$paramod\experiment_reply\RX_TIMEOUT=s32'00000000000000011000011010100000.$proc$src/experiment_reply.v:32$1092'.
Removing empty process `$paramod\experiment_reply\RX_TIMEOUT=s32'00000000000000011000011010100000.$proc$src/experiment_reply.v:31$1091'.
Removing empty process `$paramod\experiment_reply\RX_TIMEOUT=s32'00000000000000011000011010100000.$proc$src/experiment_reply.v:30$1090'.
Removing empty process `$paramod\experiment_reply\RX_TIMEOUT=s32'00000000000000011000011010100000.$proc$src/experiment_reply.v:30$1089'.
Removing empty process `$paramod\experiment_reply\RX_TIMEOUT=s32'00000000000000011000011010100000.$proc$src/experiment_reply.v:30$1088'.
Removing empty process `$paramod\experiment_reply\RX_TIMEOUT=s32'00000000000000011000011010100000.$proc$src/experiment_reply.v:30$1087'.
Removing empty process `$paramod\experiment_reply\RX_TIMEOUT=s32'00000000000000011000011010100000.$proc$src/experiment_reply.v:29$1086'.
Removing empty process `$paramod\experiment_reply\RX_TIMEOUT=s32'00000000000000011000011010100000.$proc$src/experiment_reply.v:29$1085'.
Removing empty process `$paramod\experiment_reply\RX_TIMEOUT=s32'00000000000000011000011010100000.$proc$src/experiment_reply.v:26$1084'.
Removing empty process `$paramod\experiment_reply\RX_TIMEOUT=s32'00000000000000011000011010100000.$proc$src/experiment_reply.v:25$1083'.
Removing empty process `$paramod\experiment_reply\RX_TIMEOUT=s32'00000000000000011000011010100000.$proc$src/experiment_reply.v:23$1082'.
Removing empty process `$paramod\experiment_reply\RX_TIMEOUT=s32'00000000000000011000011010100000.$proc$src/experiment_reply.v:22$1081'.
Removing empty process `$paramod\experiment_reply\RX_TIMEOUT=s32'00000000000000011000011010100000.$proc$src/experiment_reply.v:21$1080'.
Removing empty process `$paramod\experiment_reply\RX_TIMEOUT=s32'00000000000000011000011010100000.$proc$src/experiment_reply.v:20$1079'.
Removing empty process `$paramod\experiment_reply\RX_TIMEOUT=s32'00000000000000011000011010100000.$proc$src/experiment_reply.v:19$1078'.
Removing empty process `$paramod\experiment_reply\RX_TIMEOUT=s32'00000000000000011000011010100000.$proc$src/experiment_reply.v:18$1077'.
Removing empty process `$paramod\experiment_reply\RX_TIMEOUT=s32'00000000000000011000011010100000.$proc$src/experiment_reply.v:17$1076'.
Found and cleaned up 20 empty switches in `$paramod\experiment_reply\RX_TIMEOUT=s32'00000000000000011000011010100000.$proc$src/experiment_reply.v:38$988'.
Removing empty process `$paramod\experiment_reply\RX_TIMEOUT=s32'00000000000000011000011010100000.$proc$src/experiment_reply.v:38$988'.
Removing empty process `experiment_transactions.$proc$src/experiment_transactions.v:65$85'.
Removing empty process `experiment_transactions.$proc$src/experiment_transactions.v:64$84'.
Removing empty process `experiment_transactions.$proc$src/experiment_transactions.v:64$83'.
Removing empty process `experiment_transactions.$proc$src/experiment_transactions.v:63$82'.
Removing empty process `experiment_transactions.$proc$src/experiment_transactions.v:57$81'.
Removing empty process `experiment_transactions.$proc$src/experiment_transactions.v:57$80'.
Removing empty process `experiment_transactions.$proc$src/experiment_transactions.v:56$79'.
Removing empty process `experiment_transactions.$proc$src/experiment_transactions.v:55$78'.
Removing empty process `experiment_transactions.$proc$src/experiment_transactions.v:55$77'.
Removing empty process `experiment_transactions.$proc$src/experiment_transactions.v:55$76'.
Removing empty process `experiment_transactions.$proc$src/experiment_transactions.v:55$75'.
Removing empty process `experiment_transactions.$proc$src/experiment_transactions.v:54$74'.
Removing empty process `experiment_transactions.$proc$src/experiment_transactions.v:53$73'.
Found and cleaned up 10 empty switches in `\experiment_transactions.$proc$src/experiment_transactions.v:78$23'.
Removing empty process `experiment_transactions.$proc$src/experiment_transactions.v:78$23'.
Cleaned up 73 empty switches.

5.4.12. Executing OPT_EXPR pass (perform const folding).
Optimizing module $paramod$5b6a29ecc209eb804233d5e482e2b6b2ca0abdfe\experiment_scheduler.
<suppressed ~69 debug messages>
Optimizing module experiment_packet.
<suppressed ~42 debug messages>
Optimizing module $paramod\experiment_reply\RX_TIMEOUT=s32'00000000000000011000011010100000.
<suppressed ~5 debug messages>
Optimizing module experiment_transactions.
<suppressed ~5 debug messages>

5.5. Executing CHECK pass (checking for obvious problems).
Checking module $paramod$5b6a29ecc209eb804233d5e482e2b6b2ca0abdfe\experiment_scheduler...
Checking module experiment_packet...
Checking module $paramod\experiment_reply\RX_TIMEOUT=s32'00000000000000011000011010100000...
Checking module experiment_transactions...
Found and reported 0 problems.

5.6. Executing FLATTEN pass (flatten design).
Deleting now unused module $paramod$5b6a29ecc209eb804233d5e482e2b6b2ca0abdfe\experiment_scheduler.
Deleting now unused module experiment_packet.
Deleting now unused module $paramod\experiment_reply\RX_TIMEOUT=s32'00000000000000011000011010100000.
<suppressed ~3 debug messages>

5.7. Executing TRIBUF pass.

5.8. Executing DEMINOUT pass (demote inout ports to input or output).

5.9. Executing OPT_EXPR pass (perform const folding).
Optimizing module experiment_transactions.
<suppressed ~39 debug messages>

5.10. Executing OPT_CLEAN pass (remove unused cells and wires).
Finding unused cells or wires in module \experiment_transactions..
Removed 129 unused cells and 1144 unused wires.
<suppressed ~145 debug messages>

5.11. Executing CHECK pass (checking for obvious problems).
Checking module experiment_transactions...
Found and reported 0 problems.

5.12. Executing OPT pass (performing simple optimizations).

5.12.1. Executing OPT_EXPR pass (perform const folding).
Optimizing module experiment_transactions.

5.12.2. Executing OPT_MERGE pass (detect identical cells).
Finding identical cells in module `\experiment_transactions'.
Computing hashes of 1454 cells of `\experiment_transactions'.
Finding duplicate cells in `\experiment_transactions'.
Computing hashes of 1162 cells of `\experiment_transactions'.
Finding duplicate cells in `\experiment_transactions'.
Computing hashes of 1146 cells of `\experiment_transactions'.
Finding duplicate cells in `\experiment_transactions'.
Computing hashes of 1133 cells of `\experiment_transactions'.
Finding duplicate cells in `\experiment_transactions'.
<suppressed ~963 debug messages>
Removed a total of 321 cells.

5.12.3. Executing OPT_MUXTREE pass (detect dead branches in mux trees).
Running muxtree optimizer on module \experiment_transactions..
  Creating internal representation of mux trees.
  Evaluating internal representation of mux trees.
      Replacing known input bits on port A of cell $flatten\replies.$procmux$3662: \replies.pending -> 1'0
      Replacing known input bits on port B of cell $flatten\replies.$procmux$3660: \replies.pending -> 1'1
      Replacing known input bits on port A of cell $flatten\replies.$procmux$3657: \replies.pending -> 1'1
      Replacing known input bits on port A of cell $flatten\replies.$procmux$3655: \replies.pending -> 1'1
      Replacing known input bits on port B of cell $flatten\replies.$procmux$3653: \replies.pending -> 1'1
      Replacing known input bits on port A of cell $flatten\replies.$procmux$3650: \replies.pending -> 1'1
      Replacing known input bits on port A of cell $flatten\replies.$procmux$3648: \replies.pending -> 1'1
  Analyzing evaluation results.
    dead port 1/2 on $mux $flatten\replies.$procmux$3025.
    dead port 2/2 on $mux $flatten\replies.$procmux$2954.
    dead port 1/2 on $mux $flatten\replies.$procmux$3238.
    dead port 2/2 on $mux $flatten\replies.$procmux$3240.
    dead port 2/2 on $mux $flatten\builder.$procmux$2690.
    dead port 1/2 on $mux $flatten\builder.$procmux$2693.
    dead port 1/2 on $mux $flatten\replies.$procmux$3243.
    dead port 1/2 on $mux $flatten\builder.$procmux$2701.
    dead port 2/2 on $mux $flatten\replies.$procmux$2952.
    dead port 1/2 on $mux $flatten\replies.$procmux$3246.
    dead port 1/2 on $mux $flatten\replies.$procmux$2950.
    dead port 1/2 on $mux $flatten\replies.$procmux$2947.
    dead port 1/2 on $mux $flatten\replies.$procmux$3249.
    dead port 2/2 on $mux $flatten\replies.$procmux$3022.
    dead port 1/2 on $mux $flatten\replies.$procmux$3020.
    dead port 2/2 on $mux $flatten\replies.$procmux$3017.
    dead port 2/2 on $mux $flatten\replies.$procmux$3015.
    dead port 1/2 on $mux $flatten\replies.$procmux$3013.
    dead port 2/2 on $mux $flatten\replies.$procmux$3273.
    dead port 1/2 on $mux $flatten\replies.$procmux$3276.
    dead port 1/2 on $mux $flatten\replies.$procmux$3279.
    dead port 1/2 on $mux $flatten\replies.$procmux$3282.
    dead port 1/2 on $mux $flatten\replies.$procmux$3010.
    dead port 1/2 on $mux $flatten\replies.$procmux$3128.
    dead port 2/2 on $mux $flatten\replies.$procmux$3130.
    dead port 1/2 on $mux $flatten\replies.$procmux$3133.
    dead port 1/15 on $pmux $flatten\builder.$procmux$2890.
    dead port 2/15 on $pmux $flatten\builder.$procmux$2890.
    dead port 3/15 on $pmux $flatten\builder.$procmux$2890.
    dead port 4/15 on $pmux $flatten\builder.$procmux$2890.
    dead port 5/15 on $pmux $flatten\builder.$procmux$2890.
    dead port 6/15 on $pmux $flatten\builder.$procmux$2890.
    dead port 7/15 on $pmux $flatten\builder.$procmux$2890.
    dead port 8/15 on $pmux $flatten\builder.$procmux$2890.
    dead port 9/15 on $pmux $flatten\builder.$procmux$2890.
    dead port 10/15 on $pmux $flatten\builder.$procmux$2890.
    dead port 11/15 on $pmux $flatten\builder.$procmux$2890.
    dead port 12/15 on $pmux $flatten\builder.$procmux$2890.
    dead port 13/15 on $pmux $flatten\builder.$procmux$2890.
    dead port 14/15 on $pmux $flatten\builder.$procmux$2890.
    dead port 1/2 on $mux $flatten\replies.$procmux$3303.
    dead port 1/2 on $mux $flatten\replies.$procmux$3306.
    dead port 1/2 on $mux $flatten\replies.$procmux$3309.
    dead port 1/2 on $mux $flatten\replies.$procmux$3136.
    dead port 1/2 on $mux $flatten\replies.$procmux$3139.
    dead port 1/2 on $mux $flatten\replies.$procmux$3070.
    dead port 1/2 on $mux $flatten\replies.$procmux$3327.
    dead port 1/2 on $mux $flatten\replies.$procmux$3330.
    dead port 1/2 on $mux $flatten\replies.$procmux$3088.
    dead port 1/2 on $mux $flatten\replies.$procmux$3085.
    dead port 1/2 on $mux $flatten\replies.$procmux$3345.
    dead port 1/2 on $mux $flatten\replies.$procmux$2944.
    dead port 1/2 on $mux $flatten\replies.$procmux$3082.
    dead port 2/2 on $mux $flatten\replies.$procmux$3079.
    dead port 1/2 on $mux $flatten\replies.$procmux$2968.
    dead port 2/2 on $mux $flatten\replies.$procmux$3172.
    dead port 2/2 on $mux $flatten\replies.$procmux$3123.
    dead port 2/2 on $mux $flatten\replies.$procmux$3174.
    dead port 1/2 on $mux $flatten\replies.$procmux$3177.
    dead port 2/2 on $mux $flatten\replies.$procmux$3125.
    dead port 2/2 on $mux $flatten\replies.$procmux$3179.
    dead port 1/2 on $mux $flatten\replies.$procmux$3031.
    dead port 1/2 on $mux $flatten\replies.$procmux$3182.
    dead port 1/2 on $mux $flatten\replies.$procmux$3185.
    dead port 1/2 on $mux $flatten\replies.$procmux$3188.
    dead port 1/2 on $mux $flatten\scheduler.$ternary$src/experiment_scheduler.v:91$1312.
    dead port 1/2 on $mux $flatten\scheduler.$ternary$src/experiment_scheduler.v:91$1313.
    dead port 1/2 on $mux $flatten\scheduler.$ternary$src/experiment_scheduler.v:92$1316.
    dead port 1/2 on $mux $flatten\scheduler.$ternary$src/experiment_scheduler.v:91$1332.
    dead port 1/2 on $mux $flatten\scheduler.$ternary$src/experiment_scheduler.v:91$1333.
    dead port 1/2 on $mux $flatten\scheduler.$ternary$src/experiment_scheduler.v:92$1336.
    dead port 1/2 on $mux $flatten\replies.$procmux$2957.
    dead port 1/2 on $mux $flatten\scheduler.$ternary$src/experiment_scheduler.v:91$1346.
    dead port 2/2 on $mux $flatten\scheduler.$ternary$src/experiment_scheduler.v:91$1346.
    dead port 2/2 on $mux $flatten\scheduler.$ternary$src/experiment_scheduler.v:91$1347.
    dead port 2/2 on $mux $flatten\scheduler.$ternary$src/experiment_scheduler.v:92$1350.
    dead port 1/2 on $mux $flatten\replies.$procmux$3077.
    dead port 1/2 on $mux $flatten\replies.$procmux$3028.
    dead port 2/2 on $mux $flatten\replies.$procmux$3196.
    dead port 2/2 on $mux $flatten\scheduler.$ternary$src/experiment_scheduler.v:91$1367.
    dead port 1/2 on $mux $flatten\scheduler.$ternary$src/experiment_scheduler.v:91$1368.
    dead port 1/2 on $mux $flatten\scheduler.$ternary$src/experiment_scheduler.v:92$1371.
    dead port 2/2 on $mux $flatten\replies.$procmux$3074.
    dead port 2/2 on $mux $flatten\scheduler.$ternary$src/experiment_scheduler.v:91$1380.
    dead port 1/2 on $mux $flatten\scheduler.$ternary$src/experiment_scheduler.v:91$1381.
    dead port 1/2 on $mux $flatten\scheduler.$ternary$src/experiment_scheduler.v:92$1384.
    dead port 1/2 on $mux $flatten\replies.$procmux$3199.
    dead port 2/2 on $mux $flatten\replies.$procmux$2959.
    dead port 1/2 on $mux $flatten\scheduler.$ternary$src/experiment_scheduler.v:91$1394.
    dead port 1/2 on $mux $flatten\scheduler.$ternary$src/experiment_scheduler.v:91$1395.
    dead port 1/2 on $mux $flatten\scheduler.$ternary$src/experiment_scheduler.v:92$1398.
    dead port 2/2 on $mux $flatten\replies.$procmux$3201.
    dead port 1/2 on $mux $flatten\replies.$procmux$3204.
    dead port 1/2 on $mux $flatten\replies.$procmux$3207.
    dead port 1/2 on $mux $flatten\replies.$procmux$3210.
    dead port 2/2 on $mux $flatten\replies.$procmux$3072.
    dead port 1/2 on $mux $procmux$3875.
    dead port 1/2 on $mux $flatten\replies.$procmux$2965.
    dead port 1/2 on $mux $flatten\replies.$procmux$2962.
Removed 99 multiplexer ports.
<suppressed ~916 debug messages>

5.12.4. Executing OPT_REDUCE pass (consolidate $*mux and $reduce_* inputs).
  Optimizing cells in module \experiment_transactions.
    New ctrl vector for $pmux cell $flatten\scheduler.$procmux$1831: { $auto$opt_reduce.cc:137:opt_pmux$4082 $flatten\scheduler.$eq$src/experiment_scheduler.v:90$1182_Y $flatten\scheduler.$eq$src/experiment_scheduler.v:90$1180_Y $flatten\scheduler.$eq$src/experiment_scheduler.v:82$1161_Y $flatten\scheduler.$eq$src/experiment_scheduler.v:90$1179_Y }
    New ctrl vector for $pmux cell $flatten\scheduler.$procmux$1900: { $auto$opt_reduce.cc:137:opt_pmux$4084 $flatten\scheduler.$eq$src/experiment_scheduler.v:90$1182_Y $flatten\scheduler.$eq$src/experiment_scheduler.v:90$1180_Y $flatten\scheduler.$eq$src/experiment_scheduler.v:82$1161_Y $flatten\scheduler.$eq$src/experiment_scheduler.v:90$1179_Y }
    New ctrl vector for $pmux cell $flatten\scheduler.$procmux$1969: { $auto$opt_reduce.cc:137:opt_pmux$4086 $flatten\scheduler.$eq$src/experiment_scheduler.v:90$1182_Y $flatten\scheduler.$eq$src/experiment_scheduler.v:90$1180_Y $flatten\scheduler.$eq$src/experiment_scheduler.v:82$1161_Y $flatten\scheduler.$eq$src/experiment_scheduler.v:90$1179_Y }
    New ctrl vector for $pmux cell $flatten\scheduler.$procmux$2038: { $auto$opt_reduce.cc:137:opt_pmux$4088 $flatten\scheduler.$eq$src/experiment_scheduler.v:90$1182_Y $flatten\scheduler.$eq$src/experiment_scheduler.v:90$1180_Y $flatten\scheduler.$eq$src/experiment_scheduler.v:82$1161_Y $flatten\scheduler.$eq$src/experiment_scheduler.v:90$1179_Y }
    New ctrl vector for $pmux cell $flatten\scheduler.$procmux$2118: { $auto$opt_reduce.cc:137:opt_pmux$4090 $flatten\scheduler.$eq$src/experiment_scheduler.v:90$1182_Y $flatten\scheduler.$eq$src/experiment_scheduler.v:90$1180_Y $flatten\scheduler.$eq$src/experiment_scheduler.v:82$1161_Y $flatten\scheduler.$eq$src/experiment_scheduler.v:90$1179_Y }
    New ctrl vector for $pmux cell $flatten\scheduler.$procmux$2195: { $auto$opt_reduce.cc:137:opt_pmux$4092 $flatten\scheduler.$eq$src/experiment_scheduler.v:90$1182_Y $flatten\scheduler.$eq$src/experiment_scheduler.v:90$1180_Y $flatten\scheduler.$eq$src/experiment_scheduler.v:82$1161_Y $flatten\scheduler.$eq$src/experiment_scheduler.v:90$1179_Y }
  Optimizing cells in module \experiment_transactions.
Performed a total of 6 changes.

5.12.5. Executing OPT_MERGE pass (detect identical cells).
Finding identical cells in module `\experiment_transactions'.
Computing hashes of 1054 cells of `\experiment_transactions'.
Finding duplicate cells in `\experiment_transactions'.
Computing hashes of 1015 cells of `\experiment_transactions'.
Finding duplicate cells in `\experiment_transactions'.
Computing hashes of 1005 cells of `\experiment_transactions'.
Finding duplicate cells in `\experiment_transactions'.
Computing hashes of 1004 cells of `\experiment_transactions'.
Finding duplicate cells in `\experiment_transactions'.
Computing hashes of 1003 cells of `\experiment_transactions'.
Finding duplicate cells in `\experiment_transactions'.
<suppressed ~153 debug messages>
Removed a total of 51 cells.

5.12.6. Executing OPT_DFF pass (perform DFF optimizations).

5.12.7. Executing OPT_CLEAN pass (remove unused cells and wires).
Finding unused cells or wires in module \experiment_transactions..
Removed 0 unused cells and 457 unused wires.
<suppressed ~1 debug messages>

5.12.8. Executing OPT_EXPR pass (perform const folding).
Optimizing module experiment_transactions.

5.12.9. Rerunning OPT passes. (Maybe there is more to do..)

5.12.10. Executing OPT_MUXTREE pass (detect dead branches in mux trees).
Running muxtree optimizer on module \experiment_transactions..
  Creating internal representation of mux trees.
  Evaluating internal representation of mux trees.
  Analyzing evaluation results.
Removed 0 multiplexer ports.
<suppressed ~866 debug messages>

5.12.11. Executing OPT_REDUCE pass (consolidate $*mux and $reduce_* inputs).
  Optimizing cells in module \experiment_transactions.
    New ctrl vector for $pmux cell $flatten\scheduler.$procmux$1453: { $auto$opt_reduce.cc:137:opt_pmux$4094 \scheduler.request_control }
    New ctrl vector for $pmux cell $flatten\scheduler.$procmux$1548: { $flatten\scheduler.$eq$src/experiment_scheduler.v:90$1182_Y $auto$opt_reduce.cc:137:opt_pmux$4096 $flatten\scheduler.$eq$src/experiment_scheduler.v:90$1180_Y $flatten\scheduler.$eq$src/experiment_scheduler.v:90$1179_Y $flatten\scheduler.$procmux$1581_CMP }
  Optimizing cells in module \experiment_transactions.
Performed a total of 2 changes.

5.12.12. Executing OPT_MERGE pass (detect identical cells).
Finding identical cells in module `\experiment_transactions'.
Computing hashes of 1005 cells of `\experiment_transactions'.
Finding duplicate cells in `\experiment_transactions'.
Computing hashes of 1004 cells of `\experiment_transactions'.
Finding duplicate cells in `\experiment_transactions'.
<suppressed ~3 debug messages>
Removed a total of 1 cells.

5.12.13. Executing OPT_DFF pass (perform DFF optimizations).

5.12.14. Executing OPT_CLEAN pass (remove unused cells and wires).
Finding unused cells or wires in module \experiment_transactions..
Removed 0 unused cells and 1 unused wires.
<suppressed ~1 debug messages>

5.12.15. Executing OPT_EXPR pass (perform const folding).
Optimizing module experiment_transactions.

5.12.16. Rerunning OPT passes. (Maybe there is more to do..)

5.12.17. Executing OPT_MUXTREE pass (detect dead branches in mux trees).
Running muxtree optimizer on module \experiment_transactions..
  Creating internal representation of mux trees.
  Evaluating internal representation of mux trees.
  Analyzing evaluation results.
Removed 0 multiplexer ports.
<suppressed ~856 debug messages>

5.12.18. Executing OPT_REDUCE pass (consolidate $*mux and $reduce_* inputs).
  Optimizing cells in module \experiment_transactions.
Performed a total of 0 changes.

5.12.19. Executing OPT_MERGE pass (detect identical cells).
Finding identical cells in module `\experiment_transactions'.
Computing hashes of 1004 cells of `\experiment_transactions'.
Finding duplicate cells in `\experiment_transactions'.
Removed a total of 0 cells.

5.12.20. Executing OPT_DFF pass (perform DFF optimizations).

5.12.21. Executing OPT_CLEAN pass (remove unused cells and wires).
Finding unused cells or wires in module \experiment_transactions..

5.12.22. Executing OPT_EXPR pass (perform const folding).
Optimizing module experiment_transactions.

5.12.23. Finished fast OPT passes. (There is nothing left to do.)

5.13. Executing FSM pass (extract and optimize FSM).

5.13.1. Executing FSM_DETECT pass (finding FSMs in design).
Not marking experiment_transactions.builder.kind as FSM state register:
    Register has an initialization value.
Not marking experiment_transactions.scheduler.state as FSM state register:
    Users of register don't seem to benefit from recoding.
    Register has an initialization value.
Not marking experiment_transactions.builder.packet_length as FSM state register:
    Register is connected to module port.
    Users of register don't seem to benefit from recoding.
    Register has an initialization value.
Not marking experiment_transactions.builder.state as FSM state register:
    Register has an initialization value.
Not marking experiment_transactions.scheduler.interrupted_kind as FSM state register:
    Register is connected to module port.
    Users of register don't seem to benefit from recoding.
    Register has an initialization value.
Not marking experiment_transactions.scheduler.result as FSM state register:
    Register is connected to module port.
    Users of register don't seem to benefit from recoding.
    Register has an initialization value.
Not marking experiment_transactions.scheduler.event_kind as FSM state register:
    Register is connected to module port.
    Users of register don't seem to benefit from recoding.
    Register has an initialization value.
Not marking experiment_transactions.replies.kind as FSM state register:
    Users of register don't seem to benefit from recoding.
    Register has an initialization value.
Not marking experiment_transactions.replies.state as FSM state register:
    Register has an initialization value.

5.13.2. Executing FSM_EXTRACT pass (extracting FSM from design).

5.13.3. Executing FSM_OPT pass (simple optimizations of FSMs).

5.13.4. Executing OPT_CLEAN pass (remove unused cells and wires).
Finding unused cells or wires in module \experiment_transactions..

5.13.5. Executing FSM_OPT pass (simple optimizations of FSMs).

5.13.6. Executing FSM_RECODE pass (re-assigning FSM state encoding).

5.13.7. Executing FSM_INFO pass (dumping all available information on FSM cells).

5.13.8. Executing FSM_MAP pass (mapping FSMs to basic logic).

5.14. Executing OPT pass (performing simple optimizations).

5.14.1. Executing OPT_EXPR pass (perform const folding).
Optimizing module experiment_transactions.

5.14.2. Executing OPT_MERGE pass (detect identical cells).
Finding identical cells in module `\experiment_transactions'.
Computing hashes of 1004 cells of `\experiment_transactions'.
Finding duplicate cells in `\experiment_transactions'.
Removed a total of 0 cells.

5.14.3. Executing OPT_MUXTREE pass (detect dead branches in mux trees).
Running muxtree optimizer on module \experiment_transactions..
  Creating internal representation of mux trees.
  Evaluating internal representation of mux trees.
  Analyzing evaluation results.
Removed 0 multiplexer ports.
<suppressed ~856 debug messages>

5.14.4. Executing OPT_REDUCE pass (consolidate $*mux and $reduce_* inputs).
  Optimizing cells in module \experiment_transactions.
Performed a total of 0 changes.

5.14.5. Executing OPT_MERGE pass (detect identical cells).
Finding identical cells in module `\experiment_transactions'.
Computing hashes of 1004 cells of `\experiment_transactions'.
Finding duplicate cells in `\experiment_transactions'.
Removed a total of 0 cells.

5.14.6. Executing OPT_DFF pass (perform DFF optimizations).
Adding SRST signal on $flatten\replies.$procdff$4060 ($dff) from module experiment_transactions (D = $flatten\replies.$procmux$3434_Y, Q = \replies.age, rval = 17'00000000000000000).
Adding EN signal on $auto$ff.cc:337:slice$4097 ($sdff) from module experiment_transactions (D = $flatten\replies.$procmux$3434_Y, Q = \replies.age).
Adding EN signal on $flatten\replies.$procdff$4059 ($dff) from module experiment_transactions (D = $flatten\replies.$7$lookahead\payload$987[119:0]$1023, Q = \replies.payload).
Adding EN signal on $flatten\replies.$procdff$4058 ($dff) from module experiment_transactions (D = $flatten\replies.$add$src/experiment_reply.v:75$1034_Y, Q = \replies.total).
Adding EN signal on $flatten\replies.$procdff$4057 ($dff) from module experiment_transactions (D = \servo_data, Q = \replies.status).
Adding EN signal on $flatten\replies.$procdff$4056 ($dff) from module experiment_transactions (D = \servo_data, Q = \replies.received_id).
Adding SRST signal on $procdff$4064 ($dff) from module experiment_transactions (D = $procmux$3990_Y, Q = \mask, rval = 9'000000000).
Adding EN signal on $auto$ff.cc:337:slice$4171 ($sdff) from module experiment_transactions (D = \configured_mask, Q = \mask).
Adding EN signal on $procdff$4065 ($dff) from module experiment_transactions (D = \kp, Q = \saved_kp).
Adding EN signal on $procdff$4066 ($dff) from module experiment_transactions (D = \kd, Q = \saved_kd).
Adding EN signal on $procdff$4067 ($dff) from module experiment_transactions (D = \kv, Q = \saved_kv).
Adding EN signal on $procdff$4068 ($dff) from module experiment_transactions (D = \duty_limit, Q = \saved_limit).
Adding SRST signal on $procdff$4069 ($dff) from module experiment_transactions (D = $procmux$3960_Y, Q = \pwm, rval = 144'000000000000000000000000000000000000000000000000000000000000000000000000000000000000000000000000000000000000000000000000000000000000000000000000).
Adding SRST signal on $procdff$4070 ($dff) from module experiment_transactions (D = $procmux$3947_Y, Q = \control_pending, rval = 1'0).
Adding SRST signal on $procdff$4071 ($dff) from module experiment_transactions (D = $procmux$3896_Y, Q = \association_fault, rval = 1'0).
Adding SRST signal on $procdff$4072 ($dff) from module experiment_transactions (D = $3$lookahead\matched_sequences$22[71:0]$48, Q = \matched_sequences, rval = 72'000000000000000000000000000000000000000000000000000000000000000000000000).
Adding EN signal on $procdff$4073 ($dff) from module experiment_transactions (D = \builder.request_id, Q = \poll_id).
Adding EN signal on $procdff$4074 ($dff) from module experiment_transactions (D = $shiftx$src/experiment_transactions.v:90$37_Y, Q = \poll_before).
Adding SRST signal on $procdff$4075 ($dff) from module experiment_transactions (D = $procmux$3913_Y, Q = \telemetry_wait, rval = 1'0).
Adding EN signal on $flatten\replies.$procdff$4055 ($dff) from module experiment_transactions (D = $flatten\replies.$procmux$3525_Y, Q = \replies.sum).
Adding EN signal on $flatten\scheduler.$procdff$4023 ($dff) from module experiment_transactions (D = $flatten\scheduler.$procmux$1453_Y, Q = \scheduler.request_ticks).
Adding EN signal on $flatten\scheduler.$procdff$4022 ($dff) from module experiment_transactions (D = $flatten\scheduler.$shiftx$src/experiment_scheduler.v:131$1297_Y, Q = \scheduler.before_sequence).
Adding SRST signal on $flatten\scheduler.$procdff$4021 ($dff) from module experiment_transactions (D = $flatten\scheduler.$procmux$1612_Y, Q = \scheduler.axis, rval = 4'0000).
Adding EN signal on $auto$ff.cc:337:slice$4279 ($sdff) from module experiment_transactions (D = $flatten\scheduler.$procmux$1612_Y, Q = \scheduler.axis).
Adding SRST signal on $flatten\scheduler.$procdff$4020 ($dff) from module experiment_transactions (D = $flatten\scheduler.$procmux$1647_Y, Q = \scheduler.phase, rval = 0).
Adding EN signal on $auto$ff.cc:337:slice$4321 ($sdff) from module experiment_transactions (D = $flatten\scheduler.$procmux$1647_Y, Q = \scheduler.phase).
Adding SRST signal on $flatten\scheduler.$procdff$4019 ($dff) from module experiment_transactions (D = $flatten\scheduler.$procmux$1658_Y, Q = \scheduler.period, rval = 0).
Adding EN signal on $auto$ff.cc:337:slice$4343 ($sdff) from module experiment_transactions (D = \configured_period, Q = \scheduler.period).
Adding SRST signal on $flatten\scheduler.$procdff$4018 ($dff) from module experiment_transactions (D = $flatten\scheduler.$procmux$1669_Y, Q = \scheduler.frames, rval = 9'000000000).
Adding EN signal on $auto$ff.cc:337:slice$4347 ($sdff) from module experiment_transactions (D = \configured_frames, Q = \scheduler.frames).
Adding SRST signal on $flatten\scheduler.$procdff$4017 ($dff) from module experiment_transactions (D = \start, Q = \scheduler.previous_start, rval = 1'0).
Adding SRST signal on $flatten\scheduler.$procdff$4016 ($dff) from module experiment_transactions (D = $flatten\scheduler.$procmux$1766_Y, Q = \scheduler.state, rval = 4'0000).
Adding EN signal on $auto$ff.cc:337:slice$4352 ($sdff) from module experiment_transactions (D = $flatten\scheduler.$procmux$1766_Y, Q = \scheduler.state).
Adding SRST signal on $flatten\scheduler.$procdff$4014 ($dff) from module experiment_transactions (D = $flatten\scheduler.$procmux$1825_Y, Q = \scheduler.mask, rval = 9'000000000).
Adding EN signal on $auto$ff.cc:337:slice$4380 ($sdff) from module experiment_transactions (D = \configured_mask, Q = \scheduler.mask).
Adding EN signal on $flatten\scheduler.$procdff$4013 ($dff) from module experiment_transactions (D = $flatten\scheduler.$procmux$1894_Y, Q = \scheduler.interrupted_request_ticks).
Adding EN signal on $flatten\scheduler.$procdff$4012 ($dff) from module experiment_transactions (D = $flatten\scheduler.$procmux$1963_Y, Q = \scheduler.interrupted_id).
Adding EN signal on $flatten\scheduler.$procdff$4011 ($dff) from module experiment_transactions (D = $flatten\scheduler.$procmux$2032_Y, Q = \scheduler.interrupted_kind).
Adding SRST signal on $flatten\scheduler.$procdff$4010 ($dff) from module experiment_transactions (D = $flatten\scheduler.$procmux$2101_Y, Q = \scheduler.interrupted_request, rval = 1'0).
Adding EN signal on $auto$ff.cc:337:slice$4467 ($sdff) from module experiment_transactions (D = $flatten\scheduler.$procmux$2101_Y, Q = \scheduler.interrupted_request).
Adding SRST signal on $flatten\scheduler.$procdff$4009 ($dff) from module experiment_transactions (D = $flatten\scheduler.$procmux$2112_Y, Q = \scheduler.stop_pair_ticks, rval = 64'0000000000000000000000000000000000000000000000000000000000000000).
Adding EN signal on $auto$ff.cc:337:slice$4489 ($sdff) from module experiment_transactions (D = \scheduler.ticks, Q = \scheduler.stop_pair_ticks).
Adding SRST signal on $flatten\scheduler.$procdff$4008 ($dff) from module experiment_transactions (D = $flatten\scheduler.$procmux$2181_Y, Q = \scheduler.stop_ticks, rval = 64'0000000000000000000000000000000000000000000000000000000000000000).
Adding EN signal on $auto$ff.cc:337:slice$4495 ($sdff) from module experiment_transactions (D = $flatten\scheduler.$procmux$2181_Y, Q = \scheduler.stop_ticks).
Adding SRST signal on $flatten\scheduler.$procdff$4007 ($dff) from module experiment_transactions (D = $flatten\scheduler.$procmux$2189_Y, Q = \scheduler.start_ticks, rval = 64'0000000000000000000000000000000000000000000000000000000000000000).
Adding EN signal on $auto$ff.cc:337:slice$4519 ($sdff) from module experiment_transactions (D = \scheduler.ticks, Q = \scheduler.start_ticks).
Adding SRST signal on $flatten\scheduler.$procdff$4006 ($dff) from module experiment_transactions (D = $flatten\scheduler.$add$src/experiment_scheduler.v:104$1175_Y, Q = \scheduler.ticks, rval = 64'0000000000000000000000000000000000000000000000000000000000000000).
Adding SRST signal on $flatten\scheduler.$procdff$4005 ($dff) from module experiment_transactions (D = $flatten\scheduler.$procmux$2258_Y, Q = \scheduler.result, rval = 8'00000000).
Adding EN signal on $auto$ff.cc:337:slice$4524 ($sdff) from module experiment_transactions (D = $flatten\scheduler.$procmux$2258_Y, Q = \scheduler.result).
Adding SRST signal on $flatten\scheduler.$procdff$4004 ($dff) from module experiment_transactions (D = $flatten\scheduler.$procmux$1435_Y, Q = \scheduler.terminal, rval = 1'0).
Adding EN signal on $flatten\scheduler.$procdff$4003 ($dff) from module experiment_transactions (D = $flatten\scheduler.$procmux$2270_Y, Q = \scheduler.event_completion_ticks).
Adding EN signal on $flatten\scheduler.$procdff$4002 ($dff) from module experiment_transactions (D = $flatten\scheduler.$procmux$2318_Y, Q = \scheduler.event_request_ticks).
Adding EN signal on $flatten\scheduler.$procdff$4001 ($dff) from module experiment_transactions (D = $flatten\scheduler.$procmux$2366_Y, Q = \scheduler.event_frame).
Adding EN signal on $flatten\scheduler.$procdff$4000 ($dff) from module experiment_transactions (D = $flatten\scheduler.$procmux$2414_Y, Q = \scheduler.event_sample_sequence).
Adding EN signal on $flatten\scheduler.$procdff$3999 ($dff) from module experiment_transactions (D = $flatten\scheduler.$procmux$2462_Y, Q = \scheduler.event_id).
Adding EN signal on $flatten\scheduler.$procdff$3998 ($dff) from module experiment_transactions (D = $flatten\scheduler.$procmux$2510_Y, Q = \scheduler.event_ok).
Adding EN signal on $flatten\scheduler.$procdff$3997 ($dff) from module experiment_transactions (D = $flatten\scheduler.$procmux$2558_Y, Q = \scheduler.event_kind).
Adding SRST signal on $flatten\scheduler.$procdff$3996 ($dff) from module experiment_transactions (D = $flatten\scheduler.$procmux$2644_Y, Q = \scheduler.event_valid, rval = 1'0).
Adding SRST signal on $flatten\scheduler.$procdff$3995 ($dff) from module experiment_transactions (D = $flatten\scheduler.$procmux$2679_Y, Q = \scheduler.frame_index, rval = 9'000000000).
Adding EN signal on $auto$ff.cc:337:slice$4771 ($sdff) from module experiment_transactions (D = $flatten\scheduler.$procmux$2679_Y, Q = \scheduler.frame_index).
Adding EN signal on $flatten\replies.$procdff$4054 ($dff) from module experiment_transactions (D = $flatten\replies.$procmux$3559_Y, Q = \replies.index).
Adding EN signal on $flatten\replies.$procdff$4053 ($dff) from module experiment_transactions (D = \builder.request_id, Q = \replies.id).
Adding EN signal on $flatten\replies.$procdff$4052 ($dff) from module experiment_transactions (D = \builder.request_kind, Q = \replies.kind).
Adding SRST signal on $flatten\replies.$procdff$4051 ($dff) from module experiment_transactions (D = $flatten\replies.$procmux$3631_Y, Q = \replies.state, rval = 2'00).
Adding EN signal on $auto$ff.cc:337:slice$4832 ($sdff) from module experiment_transactions (D = $flatten\replies.$procmux$3629_Y, Q = \replies.state).
Adding SRST signal on $flatten\replies.$procdff$4050 ($dff) from module experiment_transactions (D = $flatten\replies.$procmux$3668_Y, Q = \replies.pending, rval = 1'0).
Adding SRST signal on $flatten\replies.$procdff$4049 ($dff) from module experiment_transactions (D = $flatten\replies.$procmux$3385_Y, Q = \replies.fault, rval = 1'0).
Adding SRST signal on $flatten\replies.$procdff$4048 ($dff) from module experiment_transactions (D = $flatten\replies.$procmux$3703_Y, Q = \replies.reply_data, rval = 120'000000000000000000000000000000000000000000000000000000000000000000000000000000000000000000000000000000000000000000000000).
Adding EN signal on $auto$ff.cc:337:slice$4852 ($sdff) from module experiment_transactions (D = $flatten\replies.$procmux$3700_Y, Q = \replies.reply_data).
Adding SRST signal on $flatten\replies.$procdff$4047 ($dff) from module experiment_transactions (D = $flatten\replies.$procmux$3735_Y, Q = \replies.reply_width, rval = 6'000000).
Adding EN signal on $auto$ff.cc:337:slice$4874 ($sdff) from module experiment_transactions (D = $flatten\replies.$procmux$3732_Y, Q = \replies.reply_width).
Adding EN signal on $flatten\replies.$procdff$4046 ($dff) from module experiment_transactions (D = \replies.status, Q = \replies.reply_error).
Adding EN signal on $flatten\replies.$procdff$4045 ($dff) from module experiment_transactions (D = \replies.id, Q = \replies.reply_id).
Adding EN signal on $flatten\replies.$procdff$4044 ($dff) from module experiment_transactions (D = \replies.kind, Q = \replies.reply_kind).
Adding SRST signal on $flatten\replies.$procdff$4043 ($dff) from module experiment_transactions (D = $flatten\replies.$procmux$3854_Y, Q = \replies.reply_ok, rval = 1'0).
Adding EN signal on $auto$ff.cc:337:slice$4935 ($sdff) from module experiment_transactions (D = $flatten\replies.$procmux$3851_Y, Q = \replies.reply_ok).
Adding SRST signal on $flatten\replies.$procdff$4042 ($dff) from module experiment_transactions (D = $flatten\replies.$procmux$3397_Y, Q = \replies.reply_valid, rval = 1'0).
Adding EN signal on $flatten\replies.$procdff$4041 ($dff) from module experiment_transactions (D = \replies.expected_pwm, Q = \replies.pwm).
Adding EN signal on $flatten\builder.$procdff$4038 ($dff) from module experiment_transactions (D = $flatten\builder.$procmux$2731_Y, Q = \builder.sum).
Adding SRST signal on $flatten\builder.$procdff$4037 ($dff) from module experiment_transactions (D = $flatten\builder.$procmux$2745_Y, Q = \builder.index, rval = 7'0000000).
Adding EN signal on $auto$ff.cc:337:slice$4988 ($sdff) from module experiment_transactions (D = $flatten\builder.$procmux$2745_Y, Q = \builder.index).
Adding EN signal on $flatten\builder.$procdff$4036 ($dff) from module experiment_transactions (D = \deltas, Q = \builder.saved_deltas).
Adding EN signal on $flatten\builder.$procdff$4035 ($dff) from module experiment_transactions (D = \targets, Q = \builder.saved_targets).
Adding EN signal on $flatten\builder.$procdff$4034 ($dff) from module experiment_transactions (D = \mask, Q = \builder.saved_mask).
Adding EN signal on $flatten\builder.$procdff$4033 ($dff) from module experiment_transactions (D = \builder.request_id, Q = \builder.id).
Adding EN signal on $flatten\builder.$procdff$4032 ($dff) from module experiment_transactions (D = \builder.request_kind, Q = \builder.kind).
Adding SRST signal on $flatten\builder.$procdff$4031 ($dff) from module experiment_transactions (D = $flatten\builder.$procmux$2812_Y, Q = \builder.state, rval = 2'00).
Adding EN signal on $auto$ff.cc:337:slice$5023 ($sdff) from module experiment_transactions (D = $flatten\builder.$procmux$2812_Y, Q = \builder.state).
Adding SRST signal on $flatten\builder.$procdff$4030 ($dff) from module experiment_transactions (D = $flatten\builder.$procmux$2720_Y, Q = \builder.fault, rval = 1'0).
Adding EN signal on $flatten\builder.$procdff$4029 ($dff) from module experiment_transactions (D = \saved_limit, Q = \builder.saved_limit).
Adding EN signal on $flatten\builder.$procdff$4028 ($dff) from module experiment_transactions (D = \saved_kv, Q = \builder.saved_kv).
Adding EN signal on $flatten\builder.$procdff$4027 ($dff) from module experiment_transactions (D = \saved_kd, Q = \builder.saved_kd).
Adding EN signal on $flatten\builder.$procdff$4026 ($dff) from module experiment_transactions (D = \saved_kp, Q = \builder.saved_kp).
Adding EN signal on $flatten\builder.$procdff$4025 ($dff) from module experiment_transactions (D = $flatten\builder.$ternary$src/experiment_packet.v:67$486_Y [6:0], Q = \builder.packet_length).
Adding EN signal on $flatten\builder.$procdff$4024 ($dff) from module experiment_transactions (D = $flatten\builder.$2$lookahead\packet$473[511:0]$482, Q = \builder.packet).

5.14.7. Executing OPT_CLEAN pass (remove unused cells and wires).
Finding unused cells or wires in module \experiment_transactions..
Removed 292 unused cells and 292 unused wires.
<suppressed ~293 debug messages>

5.14.8. Executing OPT_EXPR pass (perform const folding).
Optimizing module experiment_transactions.
<suppressed ~35 debug messages>

5.14.9. Rerunning OPT passes. (Maybe there is more to do..)

5.14.10. Executing OPT_MUXTREE pass (detect dead branches in mux trees).
Running muxtree optimizer on module \experiment_transactions..
  Creating internal representation of mux trees.
  Evaluating internal representation of mux trees.
  Analyzing evaluation results.
Removed 0 multiplexer ports.
<suppressed ~531 debug messages>

5.14.11. Executing OPT_REDUCE pass (consolidate $*mux and $reduce_* inputs).
  Optimizing cells in module \experiment_transactions.
Performed a total of 0 changes.

5.14.12. Executing OPT_MERGE pass (detect identical cells).
Finding identical cells in module `\experiment_transactions'.
Computing hashes of 1152 cells of `\experiment_transactions'.
Finding duplicate cells in `\experiment_transactions'.
Computing hashes of 882 cells of `\experiment_transactions'.
Finding duplicate cells in `\experiment_transactions'.
Computing hashes of 858 cells of `\experiment_transactions'.
Finding duplicate cells in `\experiment_transactions'.
<suppressed ~882 debug messages>
Removed a total of 294 cells.

5.14.13. Executing OPT_DFF pass (perform DFF optimizations).

5.14.14. Executing OPT_CLEAN pass (remove unused cells and wires).
Finding unused cells or wires in module \experiment_transactions..
Removed 0 unused cells and 294 unused wires.
<suppressed ~1 debug messages>

5.14.15. Executing OPT_EXPR pass (perform const folding).
Optimizing module experiment_transactions.

5.14.16. Rerunning OPT passes. (Maybe there is more to do..)

5.14.17. Executing OPT_MUXTREE pass (detect dead branches in mux trees).
Running muxtree optimizer on module \experiment_transactions..
  Creating internal representation of mux trees.
  Evaluating internal representation of mux trees.
  Analyzing evaluation results.
Removed 0 multiplexer ports.
<suppressed ~531 debug messages>

5.14.18. Executing OPT_REDUCE pass (consolidate $*mux and $reduce_* inputs).
  Optimizing cells in module \experiment_transactions.
Performed a total of 0 changes.

5.14.19. Executing OPT_MERGE pass (detect identical cells).
Finding identical cells in module `\experiment_transactions'.
Computing hashes of 858 cells of `\experiment_transactions'.
Finding duplicate cells in `\experiment_transactions'.
Removed a total of 0 cells.

5.14.20. Executing OPT_DFF pass (perform DFF optimizations).

5.14.21. Executing OPT_CLEAN pass (remove unused cells and wires).
Finding unused cells or wires in module \experiment_transactions..

5.14.22. Executing OPT_EXPR pass (perform const folding).
Optimizing module experiment_transactions.

5.14.23. Finished fast OPT passes. (There is nothing left to do.)

5.15. Executing WREDUCE pass (reducing word size of cells).
Removed top 1 bits (of 2) from port B of cell experiment_transactions.$auto$opt_dff.cc:351:make_patterns_logic$5030 ($ne).
Removed top 1 bits (of 2) from port B of cell experiment_transactions.$auto$opt_dff.cc:351:make_patterns_logic$5028 ($ne).
Removed top 1 bits (of 2) from port B of cell experiment_transactions.$auto$opt_dff.cc:351:make_patterns_logic$4983 ($ne).
Removed top 1 bits (of 2) from port B of cell experiment_transactions.$auto$opt_dff.cc:351:make_patterns_logic$4981 ($ne).
Removed top 1 bits (of 4) from port B of cell experiment_transactions.$auto$opt_dff.cc:351:make_patterns_logic$4843 ($ne).
Removed top 3 bits (of 4) from port B of cell experiment_transactions.$auto$opt_dff.cc:351:make_patterns_logic$4841 ($ne).
Removed top 2 bits (of 3) from port B of cell experiment_transactions.$auto$opt_dff.cc:351:make_patterns_logic$4839 ($ne).
Removed top 1 bits (of 3) from port B of cell experiment_transactions.$auto$opt_dff.cc:351:make_patterns_logic$4801 ($ne).
Removed top 1 bits (of 2) from port B of cell experiment_transactions.$auto$opt_dff.cc:351:make_patterns_logic$4780 ($ne).
Removed top 1 bits (of 2) from port B of cell experiment_transactions.$auto$opt_dff.cc:351:make_patterns_logic$4778 ($ne).
Removed top 1 bits (of 2) from port B of cell experiment_transactions.$auto$opt_dff.cc:351:make_patterns_logic$4714 ($ne).
Removed top 1 bits (of 2) from port B of cell experiment_transactions.$auto$opt_dff.cc:351:make_patterns_logic$4429 ($ne).
Removed top 3 bits (of 9) from port B of cell experiment_transactions.$auto$opt_dff.cc:351:make_patterns_logic$4427 ($ne).
Removed top 5 bits (of 9) from port B of cell experiment_transactions.$auto$opt_dff.cc:351:make_patterns_logic$4425 ($ne).
Removed top 2 bits (of 9) from port B of cell experiment_transactions.$auto$opt_dff.cc:351:make_patterns_logic$4423 ($ne).
Removed top 1 bits (of 9) from port B of cell experiment_transactions.$auto$opt_dff.cc:351:make_patterns_logic$4421 ($ne).
Removed top 2 bits (of 9) from port B of cell experiment_transactions.$auto$opt_dff.cc:351:make_patterns_logic$4419 ($ne).
Removed top 2 bits (of 9) from port B of cell experiment_transactions.$auto$opt_dff.cc:351:make_patterns_logic$4417 ($ne).
Removed top 2 bits (of 9) from port B of cell experiment_transactions.$auto$opt_dff.cc:351:make_patterns_logic$4415 ($ne).
Removed top 7 bits (of 8) from port B of cell experiment_transactions.$auto$opt_dff.cc:351:make_patterns_logic$4411 ($ne).
Removed top 2 bits (of 3) from port B of cell experiment_transactions.$auto$opt_dff.cc:351:make_patterns_logic$4375 ($ne).
Removed top 3 bits (of 10) from port B of cell experiment_transactions.$auto$opt_dff.cc:351:make_patterns_logic$4373 ($ne).
Removed top 1 bits (of 11) from port B of cell experiment_transactions.$auto$opt_dff.cc:351:make_patterns_logic$4371 ($ne).
Removed top 1 bits (of 11) from port B of cell experiment_transactions.$auto$opt_dff.cc:351:make_patterns_logic$4369 ($ne).
Removed top 2 bits (of 10) from port B of cell experiment_transactions.$auto$opt_dff.cc:351:make_patterns_logic$4367 ($ne).
Removed top 2 bits (of 10) from port B of cell experiment_transactions.$auto$opt_dff.cc:351:make_patterns_logic$4365 ($ne).
Removed top 6 bits (of 9) from port B of cell experiment_transactions.$auto$opt_dff.cc:351:make_patterns_logic$4363 ($ne).
Removed top 1 bits (of 11) from port B of cell experiment_transactions.$auto$opt_dff.cc:351:make_patterns_logic$4361 ($ne).
Removed top 1 bits (of 11) from port B of cell experiment_transactions.$auto$opt_dff.cc:351:make_patterns_logic$4359 ($ne).
Removed top 1 bits (of 11) from port B of cell experiment_transactions.$auto$opt_dff.cc:351:make_patterns_logic$4357 ($ne).
Removed top 6 bits (of 10) from port B of cell experiment_transactions.$auto$opt_dff.cc:351:make_patterns_logic$4355 ($ne).
Removed top 1 bits (of 2) from port B of cell experiment_transactions.$auto$opt_dff.cc:351:make_patterns_logic$4336 ($ne).
Removed top 1 bits (of 2) from port B of cell experiment_transactions.$auto$opt_dff.cc:351:make_patterns_logic$4334 ($ne).
Removed top 1 bits (of 2) from port B of cell experiment_transactions.$auto$opt_dff.cc:351:make_patterns_logic$4332 ($ne).
Removed top 1 bits (of 3) from port B of cell experiment_transactions.$auto$opt_dff.cc:351:make_patterns_logic$4330 ($ne).
Removed top 1 bits (of 3) from port B of cell experiment_transactions.$auto$opt_dff.cc:351:make_patterns_logic$4328 ($ne).
Removed top 1 bits (of 2) from port B of cell experiment_transactions.$auto$opt_dff.cc:351:make_patterns_logic$4324 ($ne).
Removed top 2 bits (of 4) from port B of cell experiment_transactions.$auto$opt_dff.cc:351:make_patterns_logic$4308 ($ne).
Removed top 2 bits (of 4) from port B of cell experiment_transactions.$auto$opt_dff.cc:351:make_patterns_logic$4306 ($ne).
Removed top 1 bits (of 4) from port B of cell experiment_transactions.$auto$opt_dff.cc:351:make_patterns_logic$4300 ($ne).
Removed top 1 bits (of 4) from port B of cell experiment_transactions.$auto$opt_dff.cc:351:make_patterns_logic$4298 ($ne).
Removed top 1 bits (of 4) from port B of cell experiment_transactions.$auto$opt_dff.cc:351:make_patterns_logic$4294 ($ne).
Removed top 1 bits (of 4) from port B of cell experiment_transactions.$auto$opt_dff.cc:351:make_patterns_logic$4292 ($ne).
Removed top 1 bits (of 4) from port B of cell experiment_transactions.$auto$opt_dff.cc:351:make_patterns_logic$4290 ($ne).
Removed top 2 bits (of 4) from port B of cell experiment_transactions.$auto$opt_dff.cc:351:make_patterns_logic$4288 ($ne).
Removed top 2 bits (of 4) from port B of cell experiment_transactions.$auto$opt_dff.cc:351:make_patterns_logic$4284 ($ne).
Removed top 1 bits (of 2) from port B of cell experiment_transactions.$auto$opt_dff.cc:351:make_patterns_logic$4235 ($ne).
Removed top 1 bits (of 2) from port B of cell experiment_transactions.$auto$opt_dff.cc:351:make_patterns_logic$4220 ($ne).
Removed top 1 bits (of 2) from port B of cell experiment_transactions.$auto$opt_dff.cc:351:make_patterns_logic$4115 ($ne).
Removed top 1 bits (of 2) from port B of cell experiment_transactions.$eq$src/experiment_transactions.v:77$20 ($eq).
Removed top 29 bits (of 32) from port B of cell experiment_transactions.$sub$src/experiment_transactions.v:97$49 ($sub).
Removed top 23 bits (of 32) from port Y of cell experiment_transactions.$sub$src/experiment_transactions.v:97$49 ($sub).
Converting cell experiment_transactions.$neg$src/experiment_transactions.v:97$56 ($neg) from signed to unsigned.
Removed top 1 bits (of 33) from port A of cell experiment_transactions.$neg$src/experiment_transactions.v:97$56 ($neg).
Removed top 7 bits (of 8) from mux cell experiment_transactions.$flatten\scheduler.$procmux$2254 ($mux).
Removed top 1 bits (of 4) from mux cell experiment_transactions.$flatten\scheduler.$procmux$1762 ($mux).
Removed top 1 bits (of 4) from mux cell experiment_transactions.$flatten\scheduler.$procmux$1733 ($mux).
Removed top 1 bits (of 4) from mux cell experiment_transactions.$flatten\scheduler.$procmux$1711 ($mux).
Removed top 1 bits (of 4) from port B of cell experiment_transactions.$flatten\scheduler.$procmux$1676_CMP0 ($eq).
Removed top 3 bits (of 4) from port B of cell experiment_transactions.$flatten\scheduler.$procmux$1581_CMP0 ($eq).
Removed top 24 bits (of 32) from port B of cell experiment_transactions.$flatten\scheduler.$shiftx$src/experiment_scheduler.v:131$1297 ($shiftx).
Removed top 31 bits (of 32) from port B of cell experiment_transactions.$flatten\scheduler.$add$src/experiment_scheduler.v:129$1293 ($add).
Removed top 28 bits (of 32) from port Y of cell experiment_transactions.$flatten\scheduler.$add$src/experiment_scheduler.v:129$1293 ($add).
Removed top 31 bits (of 32) from port B of cell experiment_transactions.$flatten\scheduler.$add$src/experiment_scheduler.v:125$1289 ($add).
Removed top 31 bits (of 32) from port B of cell experiment_transactions.$flatten\scheduler.$add$src/experiment_scheduler.v:122$1274 ($add).
Removed top 22 bits (of 32) from port Y of cell experiment_transactions.$flatten\scheduler.$add$src/experiment_scheduler.v:122$1274 ($add).
Removed top 1 bits (of 4) from port B of cell experiment_transactions.$flatten\scheduler.$ne$src/experiment_scheduler.v:121$1261 ($ne).
Removed top 24 bits (of 32) from mux cell experiment_transactions.$flatten\scheduler.$ternary$src/experiment_scheduler.v:92$1190 ($mux).
Removed top 28 bits (of 32) from port A of cell experiment_transactions.$flatten\scheduler.$add$src/experiment_scheduler.v:92$1189 ($add).
Removed top 5 bits (of 8) from port B of cell experiment_transactions.$flatten\scheduler.$add$src/experiment_scheduler.v:92$1189 ($add).
Removed top 27 bits (of 32) from port Y of cell experiment_transactions.$flatten\scheduler.$add$src/experiment_scheduler.v:92$1189 ($add).
Removed top 30 bits (of 32) from mux cell experiment_transactions.$flatten\scheduler.$ternary$src/experiment_scheduler.v:91$1187 ($mux).
Removed top 30 bits (of 32) from mux cell experiment_transactions.$flatten\scheduler.$ternary$src/experiment_scheduler.v:91$1186 ($mux).
Removed top 1 bits (of 4) from port B of cell experiment_transactions.$flatten\scheduler.$eq$src/experiment_scheduler.v:90$1180 ($eq).
Removed top 2 bits (of 4) from port B of cell experiment_transactions.$flatten\scheduler.$eq$src/experiment_scheduler.v:90$1179 ($eq).
Removed top 4 bits (of 8) from port A of cell experiment_transactions.$flatten\scheduler.$add$src/experiment_scheduler.v:85$1171 ($add).
Removed top 5 bits (of 8) from port B of cell experiment_transactions.$flatten\scheduler.$add$src/experiment_scheduler.v:85$1171 ($add).
Removed top 3 bits (of 8) from port Y of cell experiment_transactions.$flatten\scheduler.$add$src/experiment_scheduler.v:85$1171 ($add).
Removed top 30 bits (of 32) from mux cell experiment_transactions.$flatten\scheduler.$ternary$src/experiment_scheduler.v:84$1170 ($mux).
Removed top 30 bits (of 32) from mux cell experiment_transactions.$flatten\scheduler.$ternary$src/experiment_scheduler.v:84$1169 ($mux).
Removed top 1 bits (of 4) from port B of cell experiment_transactions.$flatten\scheduler.$eq$src/experiment_scheduler.v:82$1161 ($eq).
Removed top 2 bits (of 4) from port B of cell experiment_transactions.$flatten\scheduler.$eq$src/experiment_scheduler.v:82$1156 ($eq).
Removed top 31 bits (of 32) from port B of cell experiment_transactions.$flatten\scheduler.$sub$src/experiment_scheduler.v:81$1153 ($sub).
Removed top 1 bits (of 4) from port B of cell experiment_transactions.$flatten\scheduler.$eq$src/experiment_scheduler.v:78$1138 ($eq).
Removed top 1 bits (of 4) from port B of cell experiment_transactions.$flatten\scheduler.$ne$src/experiment_scheduler.v:77$1136 ($ne).
Removed top 2 bits (of 32) from port B of cell experiment_transactions.$flatten\scheduler.$le$src/experiment_scheduler.v:74$1123 ($le).
Removed top 9 bits (of 32) from port B of cell experiment_transactions.$flatten\scheduler.$le$src/experiment_scheduler.v:74$1121 ($le).
Removed top 11 bits (of 32) from port B of cell experiment_transactions.$flatten\scheduler.$ge$src/experiment_scheduler.v:73$1119 ($ge).
Removed top 23 bits (of 32) from port B of cell experiment_transactions.$flatten\scheduler.$le$src/experiment_scheduler.v:73$1117 ($le).
Removed top 31 bits (of 32) from port B of cell experiment_transactions.$flatten\scheduler.$ge$src/experiment_scheduler.v:72$1115 ($ge).
Removed top 55 bits (of 64) from port A of cell experiment_transactions.$flatten\scheduler.$mul$src/experiment_scheduler.v:71$1110 ($mul).
Removed top 23 bits (of 64) from port Y of cell experiment_transactions.$flatten\scheduler.$mul$src/experiment_scheduler.v:71$1110 ($mul).
Removed top 6 bits (of 7) from port B of cell experiment_transactions.$flatten\builder.$procmux$2904_CMP1 ($eq).
Removed top 5 bits (of 7) from port B of cell experiment_transactions.$flatten\builder.$procmux$2903_CMP0 ($eq).
Removed top 5 bits (of 7) from port B of cell experiment_transactions.$flatten\builder.$procmux$2902_CMP0 ($eq).
Removed top 4 bits (of 7) from port B of cell experiment_transactions.$flatten\builder.$procmux$2901_CMP0 ($eq).
Removed top 4 bits (of 7) from port B of cell experiment_transactions.$flatten\builder.$procmux$2900_CMP0 ($eq).
Removed top 4 bits (of 7) from port B of cell experiment_transactions.$flatten\builder.$procmux$2899_CMP0 ($eq).
Removed top 4 bits (of 7) from port B of cell experiment_transactions.$flatten\builder.$procmux$2898_CMP0 ($eq).
Removed top 3 bits (of 7) from port B of cell experiment_transactions.$flatten\builder.$procmux$2897_CMP0 ($eq).
Removed top 3 bits (of 7) from port B of cell experiment_transactions.$flatten\builder.$procmux$2896_CMP0 ($eq).
Removed top 3 bits (of 7) from port B of cell experiment_transactions.$flatten\builder.$procmux$2895_CMP0 ($eq).
Removed top 3 bits (of 7) from port B of cell experiment_transactions.$flatten\builder.$procmux$2894_CMP0 ($eq).
Removed top 3 bits (of 7) from port B of cell experiment_transactions.$flatten\builder.$procmux$2893_CMP0 ($eq).
Removed top 3 bits (of 7) from port B of cell experiment_transactions.$flatten\builder.$procmux$2892_CMP0 ($eq).
Removed top 3 bits (of 7) from port B of cell experiment_transactions.$flatten\builder.$procmux$2891_CMP0 ($eq).
Removed top 1 bits (of 2) from port B of cell experiment_transactions.$flatten\builder.$procmux$2887_CMP0 ($eq).
Removed top 1 bits (of 2) from port B of cell experiment_transactions.$flatten\builder.$procmux$2698_CMP0 ($eq).
Removed top 31 bits (of 32) from port B of cell experiment_transactions.$flatten\builder.$add$src/experiment_packet.v:72$500 ($add).
Removed top 25 bits (of 32) from port Y of cell experiment_transactions.$flatten\builder.$add$src/experiment_packet.v:72$500 ($add).
Removed top 30 bits (of 32) from port B of cell experiment_transactions.$flatten\builder.$ge$src/experiment_packet.v:71$496 ($ge).
Removed top 22 bits (of 33) from port A of cell experiment_transactions.$flatten\builder.$neg$src/experiment_packet.v:70$489 ($neg).
Converting cell experiment_transactions.$flatten\builder.$neg$src/experiment_packet.v:70$489 ($neg) from signed to unsigned.
Removed top 1 bits (of 11) from port A of cell experiment_transactions.$flatten\builder.$neg$src/experiment_packet.v:70$489 ($neg).
Removed top 26 bits (of 32) from mux cell experiment_transactions.$flatten\builder.$ternary$src/experiment_packet.v:67$486 ($mux).
Removed top 31 bits (of 32) from port B of cell experiment_transactions.$flatten\builder.$sub$src/experiment_packet.v:56$470 ($sub).
Removed top 24 bits (of 32) from port Y of cell experiment_transactions.$flatten\builder.$sub$src/experiment_packet.v:56$470 ($sub).
Removed top 23 bits (of 32) from port B of cell experiment_transactions.$flatten\builder.$shiftx$src/experiment_packet.v:51$465 ($shiftx).
Removed top 24 bits (of 32) from port A of cell experiment_transactions.$flatten\builder.$add$src/experiment_packet.v:50$460 ($add).
Removed top 28 bits (of 32) from port B of cell experiment_transactions.$flatten\builder.$add$src/experiment_packet.v:50$460 ($add).
Removed top 23 bits (of 32) from port Y of cell experiment_transactions.$flatten\builder.$add$src/experiment_packet.v:50$460 ($add).
Removed top 23 bits (of 32) from port B of cell experiment_transactions.$flatten\builder.$shiftx$src/experiment_packet.v:49$458 ($shiftx).
Removed top 28 bits (of 32) from port B of cell experiment_transactions.$flatten\builder.$sub$src/experiment_packet.v:47$452 ($sub).
Removed top 26 bits (of 32) from port Y of cell experiment_transactions.$flatten\builder.$sub$src/experiment_packet.v:47$452 ($sub).
Removed top 1 bits (of 7) from port A of cell experiment_transactions.$flatten\builder.$sub$src/experiment_packet.v:47$452 ($sub).
Removed top 24 bits (of 32) from mux cell experiment_transactions.$flatten\builder.$ternary$src/experiment_packet.v:41$451 ($mux).
Removed top 28 bits (of 32) from mux cell experiment_transactions.$flatten\builder.$ternary$src/experiment_packet.v:41$450 ($mux).
Removed top 3 bits (of 8) from mux cell experiment_transactions.$flatten\builder.$ternary$src/experiment_packet.v:40$446 ($mux).
Removed top 24 bits (of 32) from mux cell experiment_transactions.$flatten\builder.$ternary$src/experiment_packet.v:39$443 ($mux).
Removed top 26 bits (of 32) from mux cell experiment_transactions.$flatten\builder.$ternary$src/experiment_packet.v:38$440 ($mux).
Removed top 1 bits (of 2) from port B of cell experiment_transactions.$flatten\builder.$eq$src/experiment_packet.v:38$439 ($eq).
Removed top 29 bits (of 32) from port B of cell experiment_transactions.$flatten\builder.$sub$src/experiment_packet.v:30$430 ($sub).
Removed top 23 bits (of 32) from port Y of cell experiment_transactions.$flatten\builder.$sub$src/experiment_packet.v:30$430 ($sub).
Removed top 28 bits (of 32) from port B of cell experiment_transactions.$flatten\builder.$le$src/experiment_packet.v:30$428 ($le).
Removed top 29 bits (of 32) from port B of cell experiment_transactions.$flatten\builder.$ge$src/experiment_packet.v:30$426 ($ge).
Removed top 1 bits (of 2) from port B of cell experiment_transactions.$flatten\builder.$eq$src/experiment_packet.v:29$420 ($eq).
Removed top 1 bits (of 2) from port B of cell experiment_transactions.$flatten\replies.$procmux$3173_CMP0 ($eq).
Converting cell experiment_transactions.$flatten\replies.$neg$src/experiment_reply.v:89$1072 ($neg) from signed to unsigned.
Removed top 1 bits (of 33) from port A of cell experiment_transactions.$flatten\replies.$neg$src/experiment_reply.v:89$1072 ($neg).
Removed top 29 bits (of 32) from port B of cell experiment_transactions.$flatten\replies.$sub$src/experiment_reply.v:89$1065 ($sub).
Removed top 24 bits (of 32) from port Y of cell experiment_transactions.$flatten\replies.$sub$src/experiment_reply.v:89$1065 ($sub).
Removed top 27 bits (of 32) from port B of cell experiment_transactions.$flatten\replies.$lt$src/experiment_reply.v:89$1061 ($lt).
Removed top 29 bits (of 32) from port B of cell experiment_transactions.$flatten\replies.$ge$src/experiment_reply.v:89$1060 ($ge).
Removed top 4 bits (of 7) from port B of cell experiment_transactions.$flatten\replies.$eq$src/experiment_reply.v:88$1057 ($eq).
Removed top 4 bits (of 7) from port B of cell experiment_transactions.$flatten\replies.$sub$src/experiment_reply.v:80$1044 ($sub).
Removed top 1 bits (of 7) from port Y of cell experiment_transactions.$flatten\replies.$sub$src/experiment_reply.v:80$1044 ($sub).
Removed top 1 bits (of 7) from port A of cell experiment_transactions.$flatten\replies.$sub$src/experiment_reply.v:80$1044 ($sub).
Removed top 30 bits (of 32) from port B of cell experiment_transactions.$flatten\replies.$gt$src/experiment_reply.v:76$1035 ($gt).
Removed top 1 bits (of 7) from port A of cell experiment_transactions.$flatten\replies.$add$src/experiment_reply.v:75$1034 ($add).
Removed top 4 bits (of 7) from port B of cell experiment_transactions.$flatten\replies.$add$src/experiment_reply.v:75$1034 ($add).
Removed top 26 bits (of 32) from port B of cell experiment_transactions.$flatten\replies.$gt$src/experiment_reply.v:74$1032 ($gt).
Removed top 30 bits (of 32) from port B of cell experiment_transactions.$flatten\replies.$lt$src/experiment_reply.v:74$1031 ($lt).
Removed top 5 bits (of 7) from port B of cell experiment_transactions.$flatten\replies.$eq$src/experiment_reply.v:73$1028 ($eq).
Removed top 5 bits (of 7) from port B of cell experiment_transactions.$flatten\replies.$eq$src/experiment_reply.v:72$1027 ($eq).
Removed top 31 bits (of 32) from mux cell experiment_transactions.$flatten\replies.$ternary$src/experiment_reply.v:64$1019 ($mux).
Removed top 15 bits (of 32) from port B of cell experiment_transactions.$flatten\replies.$ge$src/experiment_reply.v:63$1014 ($ge).
Removed top 15 bits (of 32) from port B of cell experiment_transactions.$flatten\replies.$lt$src/experiment_reply.v:60$1012 ($lt).
Removed top 28 bits (of 32) from port B of cell experiment_transactions.$flatten\replies.$gt$src/experiment_reply.v:51$1005 ($gt).
Removed top 29 bits (of 32) from port B of cell experiment_transactions.$flatten\replies.$lt$src/experiment_reply.v:51$1004 ($lt).
Removed top 1 bits (of 2) from port B of cell experiment_transactions.$flatten\replies.$ne$src/experiment_reply.v:51$1003 ($ne).
Removed top 7 bits (of 8) from port B of cell experiment_transactions.$flatten\replies.$eq$src/experiment_reply.v:37$984 ($eq).
Removed top 3 bits (of 7) from port B of cell experiment_transactions.$flatten\replies.$eq$src/experiment_reply.v:36$981 ($eq).
Removed top 2 bits (of 7) from port B of cell experiment_transactions.$flatten\replies.$eq$src/experiment_reply.v:36$978 ($eq).
Removed top 23 bits (of 32) from wire experiment_transactions.$flatten\builder.$add$src/experiment_packet.v:50$460_Y.
Removed top 1 bits (of 4) from wire experiment_transactions.$flatten\scheduler.$procmux$1733_Y.
Removed top 22 bits (of 32) from wire experiment_transactions.$flatten\scheduler.$add$src/experiment_scheduler.v:122$1274_Y.
Removed top 28 bits (of 32) from wire experiment_transactions.$flatten\builder.$shr$src/experiment_packet.v:47$453_Y.
Removed top 1 bits (of 4) from wire experiment_transactions.$flatten\scheduler.$procmux$1762_Y.
Removed top 26 bits (of 32) from wire experiment_transactions.$flatten\builder.$ternary$src/experiment_packet.v:67$486_Y.
Removed top 25 bits (of 32) from wire experiment_transactions.$flatten\builder.$add$src/experiment_packet.v:72$500_Y.
Removed top 24 bits (of 32) from wire experiment_transactions.$flatten\builder.$ternary$src/experiment_packet.v:41$451_Y.
Removed top 28 bits (of 32) from wire experiment_transactions.$flatten\builder.$ternary$src/experiment_packet.v:41$450_Y.
Removed top 3 bits (of 8) from wire experiment_transactions.$flatten\scheduler.$add$src/experiment_scheduler.v:137$1317_Y.
Removed top 28 bits (of 32) from wire experiment_transactions.$flatten\scheduler.$add$src/experiment_scheduler.v:129$1293_Y.
Removed top 3 bits (of 8) from wire experiment_transactions.$flatten\builder.$ternary$src/experiment_packet.v:40$446_Y.
Removed top 24 bits (of 32) from wire experiment_transactions.$flatten\builder.$ternary$src/experiment_packet.v:39$443_Y.
Removed top 24 bits (of 32) from wire experiment_transactions.$flatten\scheduler.$ternary$src/experiment_scheduler.v:92$1190_Y.
Removed top 27 bits (of 32) from wire experiment_transactions.$flatten\scheduler.$add$src/experiment_scheduler.v:92$1189_Y.
Removed top 30 bits (of 32) from wire experiment_transactions.$flatten\scheduler.$ternary$src/experiment_scheduler.v:91$1187_Y.
Removed top 30 bits (of 32) from wire experiment_transactions.$flatten\scheduler.$ternary$src/experiment_scheduler.v:91$1186_Y.
Removed top 24 bits (of 32) from wire experiment_transactions.$flatten\builder.$add$src/experiment_packet.v:49$457_Y.
Removed top 30 bits (of 32) from wire experiment_transactions.$flatten\scheduler.$ternary$src/experiment_scheduler.v:84$1169_Y.
Removed top 7 bits (of 8) from wire experiment_transactions.$flatten\scheduler.$procmux$2254_Y.
Removed top 3 bits (of 32) from wire experiment_transactions.$flatten\replies.$sub$src/experiment_reply.v:89$1065_Y.
Removed top 1 bits (of 4) from wire experiment_transactions.$flatten\scheduler.$procmux$1711_Y.
Removed top 1 bits (of 7) from wire experiment_transactions.$flatten\replies.$sub$src/experiment_reply.v:80$1044_Y.
Removed top 31 bits (of 32) from wire experiment_transactions.$flatten\replies.$ternary$src/experiment_reply.v:64$1019_Y.
Removed top 26 bits (of 32) from wire experiment_transactions.$flatten\builder.$ternary$src/experiment_packet.v:38$440_Y.
Removed top 30 bits (of 32) from wire experiment_transactions.$flatten\builder.$and$src/experiment_packet.v:48$455_Y.

5.16. Executing PEEPOPT pass (run peephole optimizers).
shiftadd pattern in experiment_transactions: shift=$flatten\builder.$shiftx$src/experiment_packet.v:52$469, add/sub=$flatten\builder.$add$src/experiment_packet.v:50$460, offset: 8
shiftpow2 pattern in experiment_transactions: shift=$flatten\builder.$shiftx$src/experiment_packet.v:52$469, index=$auto$wreduce.cc:514:run$5089 [7:4], stride=16, width=8, ways=16
shiftpow2 pattern in experiment_transactions: shift=$flatten\scheduler.$shiftx$src/experiment_scheduler.v:131$1297, index=\scheduler.axis, stride=8, width=8, ways=16
shiftpow2 pattern in experiment_transactions: shift=$flatten\builder.$shiftx$src/experiment_packet.v:49$458, index=$auto$wreduce.cc:514:run$5089 [7:4], stride=16, width=8, ways=16
shiftpow2 pattern in experiment_transactions: shift=$flatten\builder.$shiftx$src/experiment_packet.v:51$465, index=$auto$wreduce.cc:514:run$5089 [7:4], stride=16, width=8, ways=16
shiftadd pattern in experiment_transactions: shift=$flatten\builder.$shiftx$src/experiment_packet.v:50$462, add/sub=$flatten\builder.$add$src/experiment_packet.v:50$460, offset: 8
shiftpow2 pattern in experiment_transactions: shift=$flatten\builder.$shiftx$src/experiment_packet.v:50$462, index=$auto$wreduce.cc:514:run$5089 [7:4], stride=16, width=8, ways=16

5.17. Executing OPT_CLEAN pass (remove unused cells and wires).
Finding unused cells or wires in module \experiment_transactions..
Removed 1 unused cells and 33 unused wires.
<suppressed ~2 debug messages>

5.18. Executing SHARE pass (SAT-based resource sharing).

5.19. Executing ALUMACC pass (create $alu and $macc cells).
Extracting $alu and $macc cells in module experiment_transactions:
  creating $macc model for $flatten\builder.$sub$src/experiment_packet.v:30$430 ($sub).
  creating $macc model for $flatten\scheduler.$add$src/experiment_scheduler.v:122$1274 ($add).
  creating $macc model for $flatten\builder.$neg$src/experiment_packet.v:70$489 ($neg).
  creating $macc model for $flatten\scheduler.$add$src/experiment_scheduler.v:125$1289 ($add).
  creating $macc model for $flatten\scheduler.$add$src/experiment_scheduler.v:129$1293 ($add).
  creating $macc model for $flatten\builder.$sub$src/experiment_packet.v:56$470 ($sub).
  creating $macc model for $flatten\builder.$sub$src/experiment_packet.v:47$452 ($sub).
  creating $macc model for $flatten\builder.$add$src/experiment_packet.v:71$497 ($add).
  creating $macc model for $flatten\builder.$add$src/experiment_packet.v:72$500 ($add).
  creating $macc model for $flatten\replies.$sub$src/experiment_reply.v:80$1044 ($sub).
  creating $macc model for $flatten\replies.$add$src/experiment_reply.v:75$1034 ($add).
  creating $macc model for $flatten\replies.$add$src/experiment_reply.v:90$1075 ($add).
  creating $macc model for $flatten\replies.$neg$src/experiment_reply.v:89$1072 ($neg).
  creating $macc model for $flatten\replies.$sub$src/experiment_reply.v:89$1065 ($sub).
  creating $macc model for $flatten\scheduler.$add$src/experiment_scheduler.v:92$1189 ($add).
  creating $macc model for $flatten\scheduler.$sub$src/experiment_scheduler.v:81$1153 ($sub).
  creating $macc model for $flatten\scheduler.$add$src/experiment_scheduler.v:85$1171 ($add).
  creating $macc model for $flatten\scheduler.$add$src/experiment_scheduler.v:104$1175 ($add).
  creating $macc model for $flatten\replies.$add$src/experiment_reply.v:35$976 ($add).
  creating $macc model for $flatten\scheduler.$mul$src/experiment_scheduler.v:71$1110 ($mul).
  creating $macc model for $neg$src/experiment_transactions.v:97$56 ($neg).
  creating $macc model for $sub$src/experiment_transactions.v:97$49 ($sub).
  creating $macc model for $flatten\replies.$add$src/experiment_reply.v:60$1013 ($add).
  creating $alu model for $macc $flatten\replies.$add$src/experiment_reply.v:60$1013.
  creating $alu model for $macc $sub$src/experiment_transactions.v:97$49.
  creating $alu model for $macc $neg$src/experiment_transactions.v:97$56.
  creating $alu model for $macc $flatten\replies.$add$src/experiment_reply.v:35$976.
  creating $alu model for $macc $flatten\scheduler.$add$src/experiment_scheduler.v:104$1175.
  creating $alu model for $macc $flatten\scheduler.$add$src/experiment_scheduler.v:85$1171.
  creating $alu model for $macc $flatten\scheduler.$sub$src/experiment_scheduler.v:81$1153.
  creating $alu model for $macc $flatten\scheduler.$add$src/experiment_scheduler.v:92$1189.
  creating $alu model for $macc $flatten\replies.$sub$src/experiment_reply.v:89$1065.
  creating $alu model for $macc $flatten\replies.$neg$src/experiment_reply.v:89$1072.
  creating $alu model for $macc $flatten\replies.$add$src/experiment_reply.v:90$1075.
  creating $alu model for $macc $flatten\replies.$add$src/experiment_reply.v:75$1034.
  creating $alu model for $macc $flatten\replies.$sub$src/experiment_reply.v:80$1044.
  creating $alu model for $macc $flatten\builder.$add$src/experiment_packet.v:72$500.
  creating $alu model for $macc $flatten\builder.$add$src/experiment_packet.v:71$497.
  creating $alu model for $macc $flatten\builder.$sub$src/experiment_packet.v:47$452.
  creating $alu model for $macc $flatten\builder.$sub$src/experiment_packet.v:56$470.
  creating $alu model for $macc $flatten\scheduler.$add$src/experiment_scheduler.v:129$1293.
  creating $alu model for $macc $flatten\scheduler.$add$src/experiment_scheduler.v:125$1289.
  creating $alu model for $macc $flatten\builder.$neg$src/experiment_packet.v:70$489.
  creating $alu model for $macc $flatten\scheduler.$add$src/experiment_scheduler.v:122$1274.
  creating $alu model for $macc $flatten\builder.$sub$src/experiment_packet.v:30$430.
  creating $macc cell for $flatten\scheduler.$mul$src/experiment_scheduler.v:71$1110: $auto$alumacc.cc:399:replace_macc$5103
  creating $alu model for $flatten\replies.$lt$src/experiment_reply.v:51$1004 ($lt): merged with $flatten\builder.$sub$src/experiment_packet.v:30$430.
  creating $alu model for $flatten\scheduler.$ge$src/experiment_scheduler.v:122$1275 ($ge): new $alu
  creating $alu model for $flatten\replies.$gt$src/experiment_reply.v:51$1005 ($gt): new $alu
  creating $alu model for $flatten\builder.$ge$src/experiment_packet.v:71$496 ($ge): new $alu
  creating $alu model for $flatten\replies.$gt$src/experiment_reply.v:76$1035 ($gt): new $alu
  creating $alu model for $flatten\replies.$gt$src/experiment_reply.v:74$1032 ($gt): new $alu
  creating $alu model for $flatten\replies.$lt$src/experiment_reply.v:74$1031 ($lt): new $alu
  creating $alu model for $flatten\builder.$le$src/experiment_packet.v:30$428 ($le): merged with $flatten\replies.$gt$src/experiment_reply.v:51$1005.
  creating $alu model for $flatten\replies.$lt$src/experiment_reply.v:89$1061 ($lt): new $alu
  creating $alu model for $flatten\replies.$ge$src/experiment_reply.v:89$1060 ($ge): merged with $flatten\replies.$sub$src/experiment_reply.v:89$1065.
  creating $alu model for $flatten\scheduler.$ge$src/experiment_scheduler.v:72$1115 ($ge): new $alu
  creating $alu model for $flatten\scheduler.$le$src/experiment_scheduler.v:73$1117 ($le): new $alu
  creating $alu model for $flatten\scheduler.$ge$src/experiment_scheduler.v:73$1119 ($ge): new $alu
  creating $alu model for $flatten\scheduler.$le$src/experiment_scheduler.v:74$1121 ($le): new $alu
  creating $alu model for $flatten\scheduler.$le$src/experiment_scheduler.v:74$1123 ($le): new $alu
  creating $alu model for $flatten\scheduler.$lt$src/experiment_scheduler.v:81$1154 ($lt): new $alu
  creating $alu model for $flatten\replies.$ge$src/experiment_reply.v:63$1014 ($ge): new $alu
  creating $alu model for $flatten\replies.$lt$src/experiment_reply.v:60$1012 ($lt): merged with $flatten\replies.$ge$src/experiment_reply.v:63$1014.
  creating $alu model for $flatten\builder.$ge$src/experiment_packet.v:30$426 ($ge): merged with $flatten\builder.$sub$src/experiment_packet.v:30$430.
  creating $alu model for $flatten\scheduler.$eq$src/experiment_scheduler.v:120$1260 ($eq): merged with $flatten\scheduler.$lt$src/experiment_scheduler.v:81$1154.
  creating $alu model for $flatten\builder.$procmux$2903_CMP0 ($eq): merged with $flatten\builder.$ge$src/experiment_packet.v:71$496.
  creating $alu model for $flatten\replies.$eq$src/experiment_reply.v:73$1028 ($eq): merged with $flatten\replies.$gt$src/experiment_reply.v:76$1035.
  creating $alu cell for $flatten\replies.$ge$src/experiment_reply.v:63$1014, $flatten\replies.$lt$src/experiment_reply.v:60$1012: $auto$alumacc.cc:548:replace_alu$5118
  creating $alu cell for $flatten\scheduler.$lt$src/experiment_scheduler.v:81$1154, $flatten\scheduler.$eq$src/experiment_scheduler.v:120$1260: $auto$alumacc.cc:548:replace_alu$5131
  creating $alu cell for $flatten\scheduler.$le$src/experiment_scheduler.v:74$1123: $auto$alumacc.cc:548:replace_alu$5138
  creating $alu cell for $flatten\scheduler.$le$src/experiment_scheduler.v:74$1121: $auto$alumacc.cc:548:replace_alu$5147
  creating $alu cell for $flatten\scheduler.$ge$src/experiment_scheduler.v:73$1119: $auto$alumacc.cc:548:replace_alu$5156
  creating $alu cell for $flatten\scheduler.$le$src/experiment_scheduler.v:73$1117: $auto$alumacc.cc:548:replace_alu$5169
  creating $alu cell for $flatten\scheduler.$ge$src/experiment_scheduler.v:72$1115: $auto$alumacc.cc:548:replace_alu$5178
  creating $alu cell for $flatten\replies.$lt$src/experiment_reply.v:89$1061: $auto$alumacc.cc:548:replace_alu$5191
  creating $alu cell for $flatten\replies.$lt$src/experiment_reply.v:74$1031: $auto$alumacc.cc:548:replace_alu$5196
  creating $alu cell for $flatten\replies.$gt$src/experiment_reply.v:74$1032: $auto$alumacc.cc:548:replace_alu$5201
  creating $alu cell for $flatten\replies.$gt$src/experiment_reply.v:76$1035, $flatten\replies.$eq$src/experiment_reply.v:73$1028: $auto$alumacc.cc:548:replace_alu$5212
  creating $alu cell for $flatten\builder.$ge$src/experiment_packet.v:71$496, $flatten\builder.$procmux$2903_CMP0: $auto$alumacc.cc:548:replace_alu$5223
  creating $alu cell for $flatten\replies.$gt$src/experiment_reply.v:51$1005, $flatten\builder.$le$src/experiment_packet.v:30$428: $auto$alumacc.cc:548:replace_alu$5236
  creating $alu cell for $flatten\scheduler.$ge$src/experiment_scheduler.v:122$1275: $auto$alumacc.cc:548:replace_alu$5249
  creating $alu cell for $flatten\builder.$sub$src/experiment_packet.v:30$430, $flatten\replies.$lt$src/experiment_reply.v:51$1004, $flatten\builder.$ge$src/experiment_packet.v:30$426: $auto$alumacc.cc:548:replace_alu$5262
  creating $alu cell for $flatten\scheduler.$add$src/experiment_scheduler.v:122$1274: $auto$alumacc.cc:548:replace_alu$5275
  creating $alu cell for $flatten\builder.$neg$src/experiment_packet.v:70$489: $auto$alumacc.cc:548:replace_alu$5278
  creating $alu cell for $flatten\scheduler.$add$src/experiment_scheduler.v:125$1289: $auto$alumacc.cc:548:replace_alu$5281
  creating $alu cell for $flatten\scheduler.$add$src/experiment_scheduler.v:129$1293: $auto$alumacc.cc:548:replace_alu$5284
  creating $alu cell for $flatten\builder.$sub$src/experiment_packet.v:56$470: $auto$alumacc.cc:548:replace_alu$5287
  creating $alu cell for $flatten\builder.$sub$src/experiment_packet.v:47$452: $auto$alumacc.cc:548:replace_alu$5290
  creating $alu cell for $flatten\builder.$add$src/experiment_packet.v:71$497: $auto$alumacc.cc:548:replace_alu$5293
  creating $alu cell for $flatten\builder.$add$src/experiment_packet.v:72$500: $auto$alumacc.cc:548:replace_alu$5296
  creating $alu cell for $flatten\replies.$sub$src/experiment_reply.v:80$1044: $auto$alumacc.cc:548:replace_alu$5299
  creating $alu cell for $flatten\replies.$add$src/experiment_reply.v:75$1034: $auto$alumacc.cc:548:replace_alu$5302
  creating $alu cell for $flatten\replies.$add$src/experiment_reply.v:90$1075: $auto$alumacc.cc:548:replace_alu$5305
  creating $alu cell for $flatten\replies.$neg$src/experiment_reply.v:89$1072: $auto$alumacc.cc:548:replace_alu$5308
  creating $alu cell for $flatten\replies.$sub$src/experiment_reply.v:89$1065, $flatten\replies.$ge$src/experiment_reply.v:89$1060: $auto$alumacc.cc:548:replace_alu$5311
  creating $alu cell for $flatten\scheduler.$sub$src/experiment_scheduler.v:81$1153: $auto$alumacc.cc:548:replace_alu$5324
  creating $alu cell for $flatten\scheduler.$add$src/experiment_scheduler.v:92$1189: $auto$alumacc.cc:548:replace_alu$5327
  creating $alu cell for $flatten\scheduler.$add$src/experiment_scheduler.v:85$1171: $auto$alumacc.cc:548:replace_alu$5330
  creating $alu cell for $flatten\scheduler.$add$src/experiment_scheduler.v:104$1175: $auto$alumacc.cc:548:replace_alu$5333
  creating $alu cell for $flatten\replies.$add$src/experiment_reply.v:35$976: $auto$alumacc.cc:548:replace_alu$5336
  creating $alu cell for $neg$src/experiment_transactions.v:97$56: $auto$alumacc.cc:548:replace_alu$5339
  creating $alu cell for $sub$src/experiment_transactions.v:97$49: $auto$alumacc.cc:548:replace_alu$5342
  creating $alu cell for $flatten\replies.$add$src/experiment_reply.v:60$1013: $auto$alumacc.cc:548:replace_alu$5345
  created 36 $alu and 1 $macc cells.

5.20. Executing OPT pass (performing simple optimizations).

5.20.1. Executing OPT_EXPR pass (perform const folding).
Optimizing module experiment_transactions.
<suppressed ~1 debug messages>

5.20.2. Executing OPT_MERGE pass (detect identical cells).
Finding identical cells in module `\experiment_transactions'.
Computing hashes of 910 cells of `\experiment_transactions'.
Finding duplicate cells in `\experiment_transactions'.
Computing hashes of 909 cells of `\experiment_transactions'.
Finding duplicate cells in `\experiment_transactions'.
<suppressed ~5 debug messages>
Removed a total of 1 cells.

5.20.3. Executing OPT_MUXTREE pass (detect dead branches in mux trees).
Running muxtree optimizer on module \experiment_transactions..
  Creating internal representation of mux trees.
  Evaluating internal representation of mux trees.
  Analyzing evaluation results.
Removed 0 multiplexer ports.
<suppressed ~531 debug messages>

5.20.4. Executing OPT_REDUCE pass (consolidate $*mux and $reduce_* inputs).
  Optimizing cells in module \experiment_transactions.
    New input vector for $reduce_or cell $auto$opt_dff.cc:393:combine_resets$4967: { \replies.cancel \accepted \rst $auto$rtlil.cc:3267:Not$4151 $auto$rtlil.cc:3267:Not$4959 $auto$rtlil.cc:3267:Not$4961 $auto$rtlil.cc:3267:Not$4965 $auto$rtlil.cc:3270:ReduceAnd$5124 $auto$rtlil.cc:3267:Not$5128 $auto$rtlil.cc:3270:ReduceAnd$5218 }
    New input vector for $reduce_and cell $auto$opt_dff.cc:368:make_patterns_logic$4144: { \replies.pending $flatten\replies.$procmux$2953_CMP \servo_valid $auto$rtlil.cc:3267:Not$4123 $auto$rtlil.cc:3267:Not$4125 $auto$rtlil.cc:3267:Not$4127 $auto$rtlil.cc:3267:Not$4129 $auto$rtlil.cc:3267:Not$4138 $auto$alumacc.cc:564:replace_alu$5213 }
  Optimizing cells in module \experiment_transactions.
Performed a total of 2 changes.

5.20.5. Executing OPT_MERGE pass (detect identical cells).
Finding identical cells in module `\experiment_transactions'.
Computing hashes of 909 cells of `\experiment_transactions'.
Finding duplicate cells in `\experiment_transactions'.
Removed a total of 0 cells.

5.20.6. Executing OPT_DFF pass (perform DFF optimizations).
Setting constant 0-bit at position 6 on $auto$ff.cc:337:slice$5058 ($dffe) from module experiment_transactions.

5.20.7. Executing OPT_CLEAN pass (remove unused cells and wires).
Finding unused cells or wires in module \experiment_transactions..
Removed 0 unused cells and 25 unused wires.
<suppressed ~1 debug messages>

5.20.8. Executing OPT_EXPR pass (perform const folding).
Optimizing module experiment_transactions.

5.20.9. Rerunning OPT passes. (Maybe there is more to do..)

5.20.10. Executing OPT_MUXTREE pass (detect dead branches in mux trees).
Running muxtree optimizer on module \experiment_transactions..
  Creating internal representation of mux trees.
  Evaluating internal representation of mux trees.
  Analyzing evaluation results.
Removed 0 multiplexer ports.
<suppressed ~531 debug messages>

5.20.11. Executing OPT_REDUCE pass (consolidate $*mux and $reduce_* inputs).
  Optimizing cells in module \experiment_transactions.
Performed a total of 0 changes.

5.20.12. Executing OPT_MERGE pass (detect identical cells).
Finding identical cells in module `\experiment_transactions'.
Computing hashes of 909 cells of `\experiment_transactions'.
Finding duplicate cells in `\experiment_transactions'.
Removed a total of 0 cells.

5.20.13. Executing OPT_DFF pass (perform DFF optimizations).

5.20.14. Executing OPT_CLEAN pass (remove unused cells and wires).
Finding unused cells or wires in module \experiment_transactions..

5.20.15. Executing OPT_EXPR pass (perform const folding).
Optimizing module experiment_transactions.

5.20.16. Finished fast OPT passes. (There is nothing left to do.)

5.21. Executing MEMORY pass.

5.21.1. Executing OPT_MEM pass (optimize memories).
Performed a total of 0 transformations.

5.21.2. Executing OPT_MEM_PRIORITY pass (removing unnecessary memory write priority relations).
Performed a total of 0 transformations.

5.21.3. Executing OPT_MEM_FEEDBACK pass (finding memory read-to-write feedback paths).

5.21.4. Executing MEMORY_BMUX2ROM pass (converting muxes to ROMs).

5.21.5. Executing MEMORY_DFF pass (merging $dff cells to $memrd).

5.21.6. Executing OPT_CLEAN pass (remove unused cells and wires).
Finding unused cells or wires in module \experiment_transactions..

5.21.7. Executing MEMORY_SHARE pass (consolidating $memrd/$memwr cells).

5.21.8. Executing OPT_MEM_WIDEN pass (optimize memories where all ports are wide).
Performed a total of 0 transformations.

5.21.9. Executing OPT_CLEAN pass (remove unused cells and wires).
Finding unused cells or wires in module \experiment_transactions..

5.21.10. Executing MEMORY_COLLECT pass (generating $mem cells).

5.22. Executing OPT_CLEAN pass (remove unused cells and wires).
Finding unused cells or wires in module \experiment_transactions..

5.23. Executing MEMORY_LIBMAP pass (mapping memories to cells).

5.24. Executing TECHMAP pass (map to technology primitives).

5.24.1. Executing Verilog-2005 frontend: /Users/elliot/.local/opt/oss-cad-suite/libexec/../share/yosys/gowin/lutrams_map.v
Parsing Verilog input from `/Users/elliot/.local/opt/oss-cad-suite/libexec/../share/yosys/gowin/lutrams_map.v' to AST representation.
Generating RTLIL representation for module `$__GOWIN_LUTRAM_'.
Successfully finished Verilog frontend.

5.24.2. Executing Verilog-2005 frontend: /Users/elliot/.local/opt/oss-cad-suite/libexec/../share/yosys/gowin/brams_map.v
Parsing Verilog input from `/Users/elliot/.local/opt/oss-cad-suite/libexec/../share/yosys/gowin/brams_map.v' to AST representation.
Generating RTLIL representation for module `$__GOWIN_SP_'.
Generating RTLIL representation for module `$__GOWIN_DP_'.
Generating RTLIL representation for module `$__GOWIN_SDP_'.
Successfully finished Verilog frontend.

5.24.3. Continuing TECHMAP pass.
No more expansions possible.
<suppressed ~6 debug messages>

5.25. Executing OPT pass (performing simple optimizations).

5.25.1. Executing OPT_EXPR pass (perform const folding).
Optimizing module experiment_transactions.
<suppressed ~240 debug messages>

5.25.2. Executing OPT_MERGE pass (detect identical cells).
Finding identical cells in module `\experiment_transactions'.
Computing hashes of 756 cells of `\experiment_transactions'.
Finding duplicate cells in `\experiment_transactions'.
Computing hashes of 748 cells of `\experiment_transactions'.
Finding duplicate cells in `\experiment_transactions'.
<suppressed ~24 debug messages>
Removed a total of 8 cells.

5.25.3. Executing OPT_DFF pass (perform DFF optimizations).
Adding SRST signal on $auto$ff.cc:337:slice$4109 ($dffe) from module experiment_transactions (D = $flatten\replies.$9$lookahead\payload$987[119:0]$1030, Q = \replies.payload, rval = 120'000000000000000000000000000000000000000000000000000000000000000000000000000000000000000000000000000000000000000000000000).
Adding SRST signal on $auto$ff.cc:337:slice$4216 ($dffe) from module experiment_transactions (D = \replies.checksum, Q = \replies.sum, rval = 8'00000000).
Adding SRST signal on $auto$ff.cc:337:slice$4795 ($dffe) from module experiment_transactions (D = { $flatten\replies.$procmux$3551_Y [6:3] $flatten\replies.$procmux$3551_Y [0] }, Q = { \replies.index [6:3] \replies.index [0] }, rval = 5'00000).
Adding SRST signal on $auto$ff.cc:337:slice$4795 ($dffe) from module experiment_transactions (D = $flatten\replies.$procmux$3557_Y [2:1], Q = \replies.index [2:1], rval = 2'01).
Adding SRST signal on $auto$ff.cc:337:slice$5063 ($dffe) from module experiment_transactions (D = $flatten\builder.$or$src/experiment_packet.v:70$495_Y, Q = \builder.packet, rval = 512'00000000000000000000000000000000000000000000000000000000000000000000000000000000000000000000000000000000000000000000000000000000000000000000000000000000000000000000000000000000000000000000000000000000000000000000000000000000000000000000000000000000000000000000000000000000000000000000000000000000000000000000000000000000000000000000000000000000000000000000000000000000000000000000000000000000000000000000000000000000000000000000000000000000000000000000000000000000000000000000000000000000000000000000000000000000).
Adding SRST signal on $auto$ff.cc:337:slice$4977 ($dffe) from module experiment_transactions (D = $flatten\builder.$procmux$2729_Y, Q = \builder.sum, rval = 8'00000000).

5.25.4. Executing OPT_CLEAN pass (remove unused cells and wires).
Finding unused cells or wires in module \experiment_transactions..
Removed 10 unused cells and 252 unused wires.
<suppressed ~11 debug messages>

5.25.5. Rerunning OPT passes. (Removed registers in this run.)

5.25.6. Executing OPT_EXPR pass (perform const folding).
Optimizing module experiment_transactions.

5.25.7. Executing OPT_MERGE pass (detect identical cells).
Finding identical cells in module `\experiment_transactions'.
Computing hashes of 741 cells of `\experiment_transactions'.
Finding duplicate cells in `\experiment_transactions'.
Computing hashes of 740 cells of `\experiment_transactions'.
Finding duplicate cells in `\experiment_transactions'.
<suppressed ~3 debug messages>
Removed a total of 1 cells.

5.25.8. Executing OPT_DFF pass (perform DFF optimizations).
Adding EN signal on $auto$ff.cc:337:slice$4231 ($dffe) from module experiment_transactions (D = \scheduler.ticks, Q = \scheduler.request_ticks).

5.25.9. Executing OPT_CLEAN pass (remove unused cells and wires).
Finding unused cells or wires in module \experiment_transactions..
Removed 1 unused cells and 2 unused wires.
<suppressed ~2 debug messages>

5.25.10. Rerunning OPT passes. (Removed registers in this run.)

5.25.11. Executing OPT_EXPR pass (perform const folding).
Optimizing module experiment_transactions.

5.25.12. Executing OPT_MERGE pass (detect identical cells).
Finding identical cells in module `\experiment_transactions'.
Computing hashes of 740 cells of `\experiment_transactions'.
Finding duplicate cells in `\experiment_transactions'.
Removed a total of 0 cells.

5.25.13. Executing OPT_DFF pass (perform DFF optimizations).

5.25.14. Executing OPT_CLEAN pass (remove unused cells and wires).
Finding unused cells or wires in module \experiment_transactions..

5.25.15. Finished fast OPT passes.

5.26. Executing MEMORY_MAP pass (converting memories to logic and flip-flops).

5.27. Executing OPT pass (performing simple optimizations).

5.27.1. Executing OPT_EXPR pass (perform const folding).
Optimizing module experiment_transactions.

5.27.2. Executing OPT_MERGE pass (detect identical cells).
Finding identical cells in module `\experiment_transactions'.
Computing hashes of 740 cells of `\experiment_transactions'.
Finding duplicate cells in `\experiment_transactions'.
Removed a total of 0 cells.

5.27.3. Executing OPT_MUXTREE pass (detect dead branches in mux trees).
Running muxtree optimizer on module \experiment_transactions..
  Creating internal representation of mux trees.
  Evaluating internal representation of mux trees.
  Analyzing evaluation results.
Removed 0 multiplexer ports.
<suppressed ~312 debug messages>

5.27.4. Executing OPT_REDUCE pass (consolidate $*mux and $reduce_* inputs).
  Optimizing cells in module \experiment_transactions.
    New input vector for $reduce_and cell $auto$opt_dff.cc:368:make_patterns_logic$5656: { \accepted $auto$rtlil.cc:3267:Not$4123 $auto$opt_dff.cc:350:make_patterns_logic$4232 $auto$opt_dff.cc:350:make_patterns_logic$4234 $auto$opt_dff.cc:350:make_patterns_logic$4236 $auto$rtlil.cc:3267:Not$4241 $auto$rtlil.cc:3267:Not$4243 $auto$rtlil.cc:3267:Not$4245 $auto$rtlil.cc:3267:Not$4247 $auto$rtlil.cc:3267:Not$4249 $auto$rtlil.cc:3267:Not$4251 $auto$rtlil.cc:3267:Not$4253 $auto$rtlil.cc:3267:Not$4255 }
    Consolidated identical input bits for $mux cell $flatten\builder.$ternary$src/experiment_packet.v:38$440:
      Old ports: A=6'000100, B=6'110000, Y=$auto$wreduce.cc:514:run$5096 [5:0]
      New ports: A=2'01, B=2'10, Y={ $auto$wreduce.cc:514:run$5096 [4] $auto$wreduce.cc:514:run$5096 [2] }
      New connections: { $auto$wreduce.cc:514:run$5096 [5] $auto$wreduce.cc:514:run$5096 [3] $auto$wreduce.cc:514:run$5096 [1:0] } = { $auto$wreduce.cc:514:run$5096 [4] 3'000 }
    New ctrl vector for $pmux cell $flatten\replies.$procmux$3617: { $flatten\replies.$procmux$3173_CMP $flatten\replies.$procmux$3625_CMP }
    Consolidated identical input bits for $mux cell $flatten\replies.$procmux$3620:
      Old ports: A=2'00, B=2'10, Y=$flatten\replies.$procmux$3620_Y
      New ports: A=1'0, B=1'1, Y=$flatten\replies.$procmux$3620_Y [1]
      New connections: $flatten\replies.$procmux$3620_Y [0] = 1'0
    New ctrl vector for $pmux cell $flatten\scheduler.$procmux$1548: $auto$opt_reduce.cc:137:opt_pmux$5658
    Consolidated identical input bits for $mux cell $flatten\builder.$ternary$src/experiment_packet.v:41$450:
      Old ports: A=4'0110, B=4'1111, Y=$auto$wreduce.cc:514:run$5080 [3:0]
      New ports: A=1'0, B=1'1, Y=$auto$wreduce.cc:514:run$5080 [0]
      New connections: $auto$wreduce.cc:514:run$5080 [3:1] = { $auto$wreduce.cc:514:run$5080 [0] 2'11 }
    Consolidated identical input bits for $mux cell $flatten\builder.$procmux$2819:
      Old ports: A=2'11, B=2'01, Y=$flatten\builder.$procmux$2819_Y
      New ports: A=1'1, B=1'0, Y=$flatten\builder.$procmux$2819_Y [1]
      New connections: $flatten\builder.$procmux$2819_Y [0] = 1'1
    Consolidated identical input bits for $mux cell $flatten\builder.$ternary$src/experiment_packet.v:40$446:
      Old ports: A=5'01000, B=5'11000, Y=$auto$wreduce.cc:514:run$5083 [4:0]
      New ports: A=1'0, B=1'1, Y=$auto$wreduce.cc:514:run$5083 [4]
      New connections: $auto$wreduce.cc:514:run$5083 [3:0] = 4'1000
    Consolidated identical input bits for $mux cell $flatten\scheduler.$procmux$1678:
      Old ports: A=4'1000, B=4'0110, Y=$flatten\scheduler.$procmux$1678_Y
      New ports: A=2'10, B=2'01, Y={ $flatten\scheduler.$procmux$1678_Y [3] $flatten\scheduler.$procmux$1678_Y [1] }
      New connections: { $flatten\scheduler.$procmux$1678_Y [2] $flatten\scheduler.$procmux$1678_Y [0] } = { $flatten\scheduler.$procmux$1678_Y [1] 1'0 }
    Consolidated identical input bits for $mux cell $flatten\scheduler.$procmux$1695:
      Old ports: A=4'0110, B=4'1001, Y=$flatten\scheduler.$procmux$1695_Y
      New ports: A=2'10, B=2'01, Y=$flatten\scheduler.$procmux$1695_Y [1:0]
      New connections: $flatten\scheduler.$procmux$1695_Y [3:2] = { $flatten\scheduler.$procmux$1695_Y [0] $flatten\scheduler.$procmux$1695_Y [1] }
    Consolidated identical input bits for $mux cell $flatten\scheduler.$procmux$1699:
      Old ports: A=4'0111, B=4'1000, Y=$flatten\scheduler.$procmux$1699_Y
      New ports: A=2'01, B=2'10, Y={ $flatten\scheduler.$procmux$1699_Y [3] $flatten\scheduler.$procmux$1699_Y [0] }
      New connections: $flatten\scheduler.$procmux$1699_Y [2:1] = { $flatten\scheduler.$procmux$1699_Y [0] $flatten\scheduler.$procmux$1699_Y [0] }
    Consolidated identical input bits for $mux cell $flatten\scheduler.$procmux$1707:
      Old ports: A=4'0101, B=4'0111, Y=$flatten\scheduler.$procmux$1707_Y
      New ports: A=1'0, B=1'1, Y=$flatten\scheduler.$procmux$1707_Y [1]
      New connections: { $flatten\scheduler.$procmux$1707_Y [3:2] $flatten\scheduler.$procmux$1707_Y [0] } = 3'011
    Consolidated identical input bits for $mux cell $flatten\scheduler.$procmux$1711:
      Old ports: A=3'010, B=3'100, Y=$auto$wreduce.cc:514:run$5093 [2:0]
      New ports: A=2'01, B=2'10, Y=$auto$wreduce.cc:514:run$5093 [2:1]
      New connections: $auto$wreduce.cc:514:run$5093 [0] = 1'0
    Consolidated identical input bits for $mux cell $flatten\scheduler.$procmux$1714:
      Old ports: A=4'0111, B={ 1'0 $auto$wreduce.cc:514:run$5093 [2:0] }, Y=$flatten\scheduler.$procmux$1714_Y
      New ports: A=3'111, B=$auto$wreduce.cc:514:run$5093 [2:0], Y=$flatten\scheduler.$procmux$1714_Y [2:0]
      New connections: $flatten\scheduler.$procmux$1714_Y [3] = 1'0
    Consolidated identical input bits for $mux cell $flatten\scheduler.$procmux$1725:
      Old ports: A=4'0100, B=4'0011, Y=$flatten\scheduler.$procmux$1725_Y
      New ports: A=2'10, B=2'01, Y={ $flatten\scheduler.$procmux$1725_Y [2] $flatten\scheduler.$procmux$1725_Y [0] }
      New connections: { $flatten\scheduler.$procmux$1725_Y [3] $flatten\scheduler.$procmux$1725_Y [1] } = { 1'0 $flatten\scheduler.$procmux$1725_Y [0] }
    Consolidated identical input bits for $mux cell $flatten\scheduler.$procmux$1733:
      Old ports: A=3'001, B=3'111, Y=$auto$wreduce.cc:514:run$5073 [2:0]
      New ports: A=1'0, B=1'1, Y=$auto$wreduce.cc:514:run$5073 [1]
      New connections: { $auto$wreduce.cc:514:run$5073 [2] $auto$wreduce.cc:514:run$5073 [0] } = { $auto$wreduce.cc:514:run$5073 [1] 1'1 }
    Consolidated identical input bits for $mux cell $flatten\scheduler.$procmux$1736:
      Old ports: A={ 1'0 $auto$wreduce.cc:514:run$5073 [2:0] }, B=4'0111, Y=$flatten\scheduler.$procmux$1736_Y
      New ports: A=$auto$wreduce.cc:514:run$5073 [2:0], B=3'111, Y=$flatten\scheduler.$procmux$1736_Y [2:0]
      New connections: $flatten\scheduler.$procmux$1736_Y [3] = 1'0
    Consolidated identical input bits for $mux cell $flatten\scheduler.$procmux$1762:
      Old ports: A=3'111, B=3'001, Y=$auto$wreduce.cc:514:run$5076 [2:0]
      New ports: A=1'1, B=1'0, Y=$auto$wreduce.cc:514:run$5076 [1]
      New connections: { $auto$wreduce.cc:514:run$5076 [2] $auto$wreduce.cc:514:run$5076 [0] } = { $auto$wreduce.cc:514:run$5076 [1] 1'1 }
    Consolidated identical input bits for $mux cell $flatten\scheduler.$ternary$src/experiment_scheduler.v:91$1186:
      Old ports: A=2'00, B=2'10, Y=$auto$wreduce.cc:514:run$5088 [1:0]
      New ports: A=1'0, B=1'1, Y=$auto$wreduce.cc:514:run$5088 [1]
      New connections: $auto$wreduce.cc:514:run$5088 [0] = 1'0
    New ctrl vector for $pmux cell $flatten\scheduler.$procmux$1831: $auto$opt_reduce.cc:137:opt_pmux$5660
    Consolidated identical input bits for $mux cell $flatten\builder.$ternary$src/experiment_packet.v:67$486:
      Old ports: A=6'001000, B=6'110100, Y=$auto$wreduce.cc:514:run$5077 [5:0]
      New ports: A=2'10, B=2'01, Y=$auto$wreduce.cc:514:run$5077 [3:2]
      New connections: { $auto$wreduce.cc:514:run$5077 [5:4] $auto$wreduce.cc:514:run$5077 [1:0] } = { $auto$wreduce.cc:514:run$5077 [2] $auto$wreduce.cc:514:run$5077 [2] 2'00 }
    Consolidated identical input bits for $pmux cell $flatten\scheduler.$procmux$1900:
      Old ports: A={ 3'000 $auto$wreduce.cc:514:run$5081 [4:2] \scheduler.axis [1:0] }, B={ 3'000 $auto$wreduce.cc:514:run$5081 [4:2] \scheduler.axis [1:0] 11'11111110000 $auto$wreduce.cc:514:run$5081 [4:2] \scheduler.axis [1:0] 3'000 $auto$wreduce.cc:514:run$5081 [4:2] \scheduler.axis [1:0] }, Y=$flatten\scheduler.$procmux$1900_Y
      New ports: A={ 1'0 $auto$wreduce.cc:514:run$5081 [4:2] \scheduler.axis [1:0] }, B={ 1'0 $auto$wreduce.cc:514:run$5081 [4:2] \scheduler.axis [1:0] 7'1111100 $auto$wreduce.cc:514:run$5081 [4:2] \scheduler.axis [1:0] 1'0 $auto$wreduce.cc:514:run$5081 [4:2] \scheduler.axis [1:0] }, Y=$flatten\scheduler.$procmux$1900_Y [5:0]
      New connections: $flatten\scheduler.$procmux$1900_Y [7:6] = { $flatten\scheduler.$procmux$1900_Y [5] $flatten\scheduler.$procmux$1900_Y [5] }
    New ctrl vector for $pmux cell $flatten\scheduler.$procmux$1900: $flatten\scheduler.$eq$src/experiment_scheduler.v:90$1180_Y
    New ctrl vector for $pmux cell $flatten\scheduler.$procmux$1969: { $flatten\scheduler.$eq$src/experiment_scheduler.v:90$1180_Y $flatten\scheduler.$eq$src/experiment_scheduler.v:90$1182_Y }
    New ctrl vector for $pmux cell $flatten\scheduler.$procmux$2038: $auto$opt_reduce.cc:137:opt_pmux$5662
    New ctrl vector for $pmux cell $flatten\scheduler.$procmux$2118: $auto$opt_reduce.cc:137:opt_pmux$5664
    New ctrl vector for $pmux cell $flatten\scheduler.$procmux$2195: { $auto$opt_reduce.cc:137:opt_pmux$5666 \scheduler.request_control $flatten\scheduler.$eq$src/experiment_scheduler.v:90$1182_Y }
    Consolidated identical input bits for $mux cell $flatten\scheduler.$procmux$2201:
      Old ports: A=8'00000101, B=8'00000111, Y=$flatten\scheduler.$procmux$2201_Y
      New ports: A=1'0, B=1'1, Y=$flatten\scheduler.$procmux$2201_Y [1]
      New connections: { $flatten\scheduler.$procmux$2201_Y [7:2] $flatten\scheduler.$procmux$2201_Y [0] } = 7'0000011
    Consolidated identical input bits for $mux cell $flatten\scheduler.$procmux$2230:
      Old ports: A=8'00000000, B=8'00000011, Y=$flatten\scheduler.$procmux$2230_Y
      New ports: A=1'0, B=1'1, Y=$flatten\scheduler.$procmux$2230_Y [0]
      New connections: $flatten\scheduler.$procmux$2230_Y [7:1] = { 6'000000 $flatten\scheduler.$procmux$2230_Y [0] }
    Consolidated identical input bits for $pmux cell $flatten\scheduler.$procmux$2270:
      Old ports: A=$flatten\scheduler.$procmux$2266_Y, B={ $flatten\scheduler.$procmux$2266_Y $flatten\scheduler.$procmux$2266_Y }, Y=$flatten\scheduler.$procmux$2270_Y
      New connections: $flatten\scheduler.$procmux$2270_Y = $flatten\scheduler.$procmux$2266_Y
    Consolidated identical input bits for $pmux cell $flatten\scheduler.$procmux$2318:
      Old ports: A=$flatten\scheduler.$procmux$2314_Y, B={ $flatten\scheduler.$procmux$2314_Y $flatten\scheduler.$procmux$2314_Y }, Y=$flatten\scheduler.$procmux$2318_Y
      New connections: $flatten\scheduler.$procmux$2318_Y = $flatten\scheduler.$procmux$2314_Y
    Consolidated identical input bits for $pmux cell $flatten\scheduler.$procmux$2366:
      Old ports: A=$flatten\scheduler.$procmux$2362_Y, B={ $flatten\scheduler.$procmux$2362_Y $flatten\scheduler.$procmux$2362_Y }, Y=$flatten\scheduler.$procmux$2366_Y
      New connections: $flatten\scheduler.$procmux$2366_Y = $flatten\scheduler.$procmux$2362_Y
    Consolidated identical input bits for $mux cell $flatten\scheduler.$ternary$src/experiment_scheduler.v:92$1190:
      Old ports: A={ 3'000 $auto$wreduce.cc:514:run$5081 [4:2] \scheduler.axis [1:0] }, B=8'11111110, Y=$auto$wreduce.cc:514:run$5085 [7:0]
      New ports: A={ 1'0 $auto$wreduce.cc:514:run$5081 [4:2] \scheduler.axis [1:0] }, B=6'111110, Y=$auto$wreduce.cc:514:run$5085 [5:0]
      New connections: $auto$wreduce.cc:514:run$5085 [7:6] = { $auto$wreduce.cc:514:run$5085 [5] $auto$wreduce.cc:514:run$5085 [5] }
    New ctrl vector for $pmux cell $flatten\scheduler.$procmux$2414: $auto$opt_reduce.cc:137:opt_pmux$5668
    New ctrl vector for $pmux cell $flatten\scheduler.$procmux$2510: $flatten\scheduler.$eq$src/experiment_scheduler.v:90$1182_Y
    Consolidated identical input bits for $mux cell $flatten\builder.$ternary$src/experiment_packet.v:41$451:
      Old ports: A={ 4'0000 $auto$wreduce.cc:514:run$5080 [3:0] }, B={ 7'0000000 \builder.saved_mask [8] }, Y=$auto$wreduce.cc:514:run$5079 [7:0]
      New ports: A=$auto$wreduce.cc:514:run$5080 [3:0], B={ 3'000 \builder.saved_mask [8] }, Y=$auto$wreduce.cc:514:run$5079 [3:0]
      New connections: $auto$wreduce.cc:514:run$5079 [7:4] = 4'0000
    Consolidated identical input bits for $mux cell $flatten\scheduler.$ternary$src/experiment_scheduler.v:84$1169:
      Old ports: A=2'00, B=2'10, Y=$auto$wreduce.cc:514:run$5090 [1:0]
      New ports: A=1'0, B=1'1, Y=$auto$wreduce.cc:514:run$5090 [1]
      New connections: $auto$wreduce.cc:514:run$5090 [0] = 1'0
    Consolidated identical input bits for $mux cell $flatten\scheduler.$ternary$src/experiment_scheduler.v:85$1172:
      Old ports: A={ 3'000 $auto$wreduce.cc:514:run$5081 [4:2] \scheduler.axis [1:0] }, B=8'11111110, Y=\builder.request_id
      New ports: A={ 1'0 $auto$wreduce.cc:514:run$5081 [4:2] \scheduler.axis [1:0] }, B=6'111110, Y=\builder.request_id [5:0]
      New connections: \builder.request_id [7:6] = { \builder.request_id [5] \builder.request_id [5] }
    Consolidated identical input bits for $mux cell $flatten\builder.$ternary$src/experiment_packet.v:39$443:
      Old ports: A=8'00000010, B=8'10100001, Y=$auto$wreduce.cc:514:run$5084 [7:0]
      New ports: A=2'10, B=2'01, Y=$auto$wreduce.cc:514:run$5084 [1:0]
      New connections: $auto$wreduce.cc:514:run$5084 [7:2] = { $auto$wreduce.cc:514:run$5084 [0] 1'0 $auto$wreduce.cc:514:run$5084 [0] 3'000 }
  Optimizing cells in module \experiment_transactions.
    Consolidated identical input bits for $mux cell $flatten\scheduler.$procmux$1681:
      Old ports: A=4'0111, B=$flatten\scheduler.$procmux$1678_Y, Y=$flatten\scheduler.$procmux$1681_Y
      New ports: A=3'011, B={ $flatten\scheduler.$procmux$1678_Y [3] $flatten\scheduler.$procmux$1678_Y [1] 1'0 }, Y={ $flatten\scheduler.$procmux$1681_Y [3] $flatten\scheduler.$procmux$1681_Y [1:0] }
      New connections: $flatten\scheduler.$procmux$1681_Y [2] = $flatten\scheduler.$procmux$1681_Y [1]
    Consolidated identical input bits for $mux cell $flatten\scheduler.$procmux$1736:
      Old ports: A=$auto$wreduce.cc:514:run$5073 [2:0], B=3'111, Y=$flatten\scheduler.$procmux$1736_Y [2:0]
      New ports: A=$auto$wreduce.cc:514:run$5073 [1], B=1'1, Y=$flatten\scheduler.$procmux$1736_Y [1]
      New connections: { $flatten\scheduler.$procmux$1736_Y [2] $flatten\scheduler.$procmux$1736_Y [0] } = { $flatten\scheduler.$procmux$1736_Y [1] 1'1 }
    Consolidated identical input bits for $mux cell $flatten\scheduler.$procmux$1937:
      Old ports: A=$flatten\scheduler.$procmux$1900_Y, B=$auto$wreduce.cc:514:run$5085 [7:0], Y=$flatten\scheduler.$procmux$1937_Y
      New ports: A=$flatten\scheduler.$procmux$1900_Y [5:0], B=$auto$wreduce.cc:514:run$5085 [5:0], Y=$flatten\scheduler.$procmux$1937_Y [5:0]
      New connections: $flatten\scheduler.$procmux$1937_Y [7:6] = { $flatten\scheduler.$procmux$1937_Y [5] $flatten\scheduler.$procmux$1937_Y [5] }
    Consolidated identical input bits for $mux cell $flatten\builder.$ternary$src/experiment_packet.v:41$451:
      Old ports: A=$auto$wreduce.cc:514:run$5080 [3:0], B={ 3'000 \builder.saved_mask [8] }, Y=$auto$wreduce.cc:514:run$5079 [3:0]
      New ports: A={ $auto$wreduce.cc:514:run$5080 [0] 1'1 $auto$wreduce.cc:514:run$5080 [0] }, B={ 2'00 \builder.saved_mask [8] }, Y={ $auto$wreduce.cc:514:run$5079 [3] $auto$wreduce.cc:514:run$5079 [1:0] }
      New connections: $auto$wreduce.cc:514:run$5079 [2] = $auto$wreduce.cc:514:run$5079 [1]
  Optimizing cells in module \experiment_transactions.
    Consolidated identical input bits for $mux cell $flatten\scheduler.$procmux$1684:
      Old ports: A=4'0111, B=$flatten\scheduler.$procmux$1681_Y, Y=$flatten\scheduler.$procmux$1684_Y
      New ports: A=3'011, B={ $flatten\scheduler.$procmux$1681_Y [3] $flatten\scheduler.$procmux$1681_Y [1:0] }, Y={ $flatten\scheduler.$procmux$1684_Y [3] $flatten\scheduler.$procmux$1684_Y [1:0] }
      New connections: $flatten\scheduler.$procmux$1684_Y [2] = $flatten\scheduler.$procmux$1684_Y [1]
    Consolidated identical input bits for $mux cell $flatten\scheduler.$procmux$1940:
      Old ports: A=$flatten\scheduler.$procmux$1937_Y, B=$auto$wreduce.cc:514:run$5085 [7:0], Y=$flatten\scheduler.$procmux$1940_Y
      New ports: A=$flatten\scheduler.$procmux$1937_Y [5:0], B=$auto$wreduce.cc:514:run$5085 [5:0], Y=$flatten\scheduler.$procmux$1940_Y [5:0]
      New connections: $flatten\scheduler.$procmux$1940_Y [7:6] = { $flatten\scheduler.$procmux$1940_Y [5] $flatten\scheduler.$procmux$1940_Y [5] }
  Optimizing cells in module \experiment_transactions.
    Consolidated identical input bits for $mux cell $flatten\scheduler.$procmux$1943:
      Old ports: A=$flatten\scheduler.$procmux$1940_Y, B=$auto$wreduce.cc:514:run$5085 [7:0], Y=$flatten\scheduler.$procmux$1943_Y
      New ports: A=$flatten\scheduler.$procmux$1940_Y [5:0], B=$auto$wreduce.cc:514:run$5085 [5:0], Y=$flatten\scheduler.$procmux$1943_Y [5:0]
      New connections: $flatten\scheduler.$procmux$1943_Y [7:6] = { $flatten\scheduler.$procmux$1943_Y [5] $flatten\scheduler.$procmux$1943_Y [5] }
  Optimizing cells in module \experiment_transactions.
    Consolidated identical input bits for $mux cell $flatten\scheduler.$procmux$1946:
      Old ports: A=$flatten\scheduler.$procmux$1943_Y, B=$auto$wreduce.cc:514:run$5085 [7:0], Y=$flatten\scheduler.$procmux$1946_Y
      New ports: A=$flatten\scheduler.$procmux$1943_Y [5:0], B=$auto$wreduce.cc:514:run$5085 [5:0], Y=$flatten\scheduler.$procmux$1946_Y [5:0]
      New connections: $flatten\scheduler.$procmux$1946_Y [7:6] = { $flatten\scheduler.$procmux$1946_Y [5] $flatten\scheduler.$procmux$1946_Y [5] }
  Optimizing cells in module \experiment_transactions.
    Consolidated identical input bits for $mux cell $flatten\scheduler.$procmux$1949:
      Old ports: A=$flatten\scheduler.$procmux$1946_Y, B=$auto$wreduce.cc:514:run$5085 [7:0], Y=$flatten\scheduler.$procmux$1949_Y
      New ports: A=$flatten\scheduler.$procmux$1946_Y [5:0], B=$auto$wreduce.cc:514:run$5085 [5:0], Y=$flatten\scheduler.$procmux$1949_Y [5:0]
      New connections: $flatten\scheduler.$procmux$1949_Y [7:6] = { $flatten\scheduler.$procmux$1949_Y [5] $flatten\scheduler.$procmux$1949_Y [5] }
  Optimizing cells in module \experiment_transactions.
    Consolidated identical input bits for $mux cell $flatten\scheduler.$procmux$1952:
      Old ports: A=$flatten\scheduler.$procmux$1949_Y, B=$auto$wreduce.cc:514:run$5085 [7:0], Y=$flatten\scheduler.$procmux$1952_Y
      New ports: A=$flatten\scheduler.$procmux$1949_Y [5:0], B=$auto$wreduce.cc:514:run$5085 [5:0], Y=$flatten\scheduler.$procmux$1952_Y [5:0]
      New connections: $flatten\scheduler.$procmux$1952_Y [7:6] = { $flatten\scheduler.$procmux$1952_Y [5] $flatten\scheduler.$procmux$1952_Y [5] }
  Optimizing cells in module \experiment_transactions.
    Consolidated identical input bits for $mux cell $flatten\scheduler.$procmux$1963:
      Old ports: A=$flatten\scheduler.$procmux$1952_Y, B=$auto$wreduce.cc:514:run$5085 [7:0], Y=$flatten\scheduler.$procmux$1963_Y
      New ports: A=$flatten\scheduler.$procmux$1952_Y [5:0], B=$auto$wreduce.cc:514:run$5085 [5:0], Y=$flatten\scheduler.$procmux$1963_Y [5:0]
      New connections: $flatten\scheduler.$procmux$1963_Y [7:6] = { $flatten\scheduler.$procmux$1963_Y [5] $flatten\scheduler.$procmux$1963_Y [5] }
  Optimizing cells in module \experiment_transactions.
Performed a total of 50 changes.

5.27.5. Executing OPT_MERGE pass (detect identical cells).
Finding identical cells in module `\experiment_transactions'.
Computing hashes of 743 cells of `\experiment_transactions'.
Finding duplicate cells in `\experiment_transactions'.
Computing hashes of 734 cells of `\experiment_transactions'.
Finding duplicate cells in `\experiment_transactions'.
<suppressed ~27 debug messages>
Removed a total of 9 cells.

5.27.6. Executing OPT_DFF pass (perform DFF optimizations).
Adding EN signal on $auto$ff.cc:337:slice$4280 ($sdffe) from module experiment_transactions (D = $flatten\scheduler.$procmux$1612_Y, Q = \scheduler.axis).
Adding EN signal on $auto$ff.cc:337:slice$4384 ($dffe) from module experiment_transactions (D = $flatten\scheduler.$procmux$1894_Y, Q = \scheduler.interrupted_request_ticks).
Adding EN signal on $auto$ff.cc:337:slice$4468 ($sdffe) from module experiment_transactions (D = $flatten\scheduler.$procmux$2101_Y, Q = \scheduler.interrupted_request).
Adding EN signal on $auto$ff.cc:337:slice$4496 ($sdffe) from module experiment_transactions (D = $flatten\scheduler.$procmux$2181_Y, Q = \scheduler.stop_ticks).
Adding EN signal on $auto$ff.cc:337:slice$4525 ($sdffe) from module experiment_transactions (D = $flatten\scheduler.$procmux$2258_Y, Q = \scheduler.result).
Adding EN signal on $auto$ff.cc:337:slice$4638 ($dffe) from module experiment_transactions (D = $flatten\scheduler.$procmux$2414_Y, Q = \scheduler.event_sample_sequence).
Adding EN signal on $auto$ff.cc:337:slice$4704 ($dffe) from module experiment_transactions (D = $flatten\scheduler.$procmux$2510_Y, Q = \scheduler.event_ok).

5.27.7. Executing OPT_CLEAN pass (remove unused cells and wires).
Finding unused cells or wires in module \experiment_transactions..
Removed 1 unused cells and 13 unused wires.
<suppressed ~2 debug messages>

5.27.8. Executing OPT_EXPR pass (perform const folding).
Optimizing module experiment_transactions.
<suppressed ~10 debug messages>

5.27.9. Rerunning OPT passes. (Maybe there is more to do..)

5.27.10. Executing OPT_MUXTREE pass (detect dead branches in mux trees).
Running muxtree optimizer on module \experiment_transactions..
  Creating internal representation of mux trees.
  Evaluating internal representation of mux trees.
  Analyzing evaluation results.
Removed 0 multiplexer ports.
<suppressed ~263 debug messages>

5.27.11. Executing OPT_REDUCE pass (consolidate $*mux and $reduce_* inputs).
  Optimizing cells in module \experiment_transactions.
    New input vector for $reduce_and cell $auto$opt_dff.cc:368:make_patterns_logic$5688: { $auto$opt_dff.cc:350:make_patterns_logic$4295 $auto$opt_dff.cc:350:make_patterns_logic$4315 $auto$opt_dff.cc:350:make_patterns_logic$4385 $auto$opt_dff.cc:350:make_patterns_logic$4387 $auto$opt_dff.cc:350:make_patterns_logic$4389 $auto$opt_dff.cc:350:make_patterns_logic$4391 $auto$opt_dff.cc:350:make_patterns_logic$4393 $auto$opt_dff.cc:350:make_patterns_logic$4395 $auto$opt_dff.cc:350:make_patterns_logic$4397 $auto$opt_dff.cc:350:make_patterns_logic$4403 $auto$opt_dff.cc:350:make_patterns_logic$5685 }
    New input vector for $reduce_and cell $auto$opt_dff.cc:368:make_patterns_logic$5698: { $auto$rtlil.cc:3267:Not$4123 $auto$rtlil.cc:3267:Not$4241 $auto$rtlil.cc:3267:Not$4243 $auto$rtlil.cc:3267:Not$4245 $auto$rtlil.cc:3267:Not$4247 $auto$rtlil.cc:3267:Not$4249 $auto$rtlil.cc:3267:Not$4251 $auto$rtlil.cc:3267:Not$4253 $auto$rtlil.cc:3267:Not$4255 $auto$opt_dff.cc:350:make_patterns_logic$4552 $auto$opt_dff.cc:350:make_patterns_logic$4554 $auto$opt_dff.cc:350:make_patterns_logic$4556 $auto$opt_dff.cc:350:make_patterns_logic$4558 $auto$opt_dff.cc:350:make_patterns_logic$4639 $auto$opt_dff.cc:350:make_patterns_logic$5695 }
    New input vector for $reduce_and cell $auto$opt_dff.cc:368:make_patterns_logic$5693: { $auto$opt_dff.cc:350:make_patterns_logic$4295 $auto$opt_dff.cc:350:make_patterns_logic$4315 $auto$opt_dff.cc:350:make_patterns_logic$4385 $auto$opt_dff.cc:350:make_patterns_logic$4387 $auto$opt_dff.cc:350:make_patterns_logic$4389 $auto$opt_dff.cc:350:make_patterns_logic$4391 $auto$opt_dff.cc:350:make_patterns_logic$4393 $auto$opt_dff.cc:350:make_patterns_logic$4395 $auto$opt_dff.cc:350:make_patterns_logic$4397 $auto$opt_dff.cc:350:make_patterns_logic$5690 }
    New input vector for $reduce_and cell $auto$opt_dff.cc:368:make_patterns_logic$5703: { $auto$rtlil.cc:3267:Not$4123 $auto$rtlil.cc:3267:Not$4241 $auto$rtlil.cc:3267:Not$4243 $auto$rtlil.cc:3267:Not$4245 $auto$rtlil.cc:3267:Not$4247 $auto$rtlil.cc:3267:Not$4249 $auto$rtlil.cc:3267:Not$4251 $auto$rtlil.cc:3267:Not$4253 $auto$rtlil.cc:3267:Not$4255 $auto$opt_dff.cc:350:make_patterns_logic$4552 $auto$opt_dff.cc:350:make_patterns_logic$4554 $auto$opt_dff.cc:350:make_patterns_logic$4556 $auto$opt_dff.cc:350:make_patterns_logic$4558 $auto$opt_dff.cc:350:make_patterns_logic$4670 $auto$opt_dff.cc:350:make_patterns_logic$5700 }
    New input vector for $reduce_and cell $auto$opt_dff.cc:368:make_patterns_logic$5673: { $auto$opt_dff.cc:350:make_patterns_logic$4281 $auto$opt_dff.cc:350:make_patterns_logic$4283 $auto$opt_dff.cc:350:make_patterns_logic$4285 $auto$opt_dff.cc:350:make_patterns_logic$4287 $auto$opt_dff.cc:350:make_patterns_logic$4289 $auto$opt_dff.cc:350:make_patterns_logic$4291 $auto$opt_dff.cc:350:make_patterns_logic$4293 $auto$opt_dff.cc:350:make_patterns_logic$4295 $auto$opt_dff.cc:350:make_patterns_logic$4297 $auto$opt_dff.cc:350:make_patterns_logic$4299 $auto$opt_dff.cc:350:make_patterns_logic$4301 $auto$opt_dff.cc:350:make_patterns_logic$4303 $auto$opt_dff.cc:350:make_patterns_logic$4305 $auto$opt_dff.cc:350:make_patterns_logic$4307 $auto$opt_dff.cc:350:make_patterns_logic$4309 $auto$opt_dff.cc:350:make_patterns_logic$4311 $auto$opt_dff.cc:350:make_patterns_logic$4313 $auto$opt_dff.cc:350:make_patterns_logic$4315 $auto$opt_dff.cc:350:make_patterns_logic$4317 $auto$opt_dff.cc:350:make_patterns_logic$5670 }
    New input vector for $reduce_and cell $auto$opt_dff.cc:368:make_patterns_logic$5678: { $auto$rtlil.cc:3267:Not$4123 $auto$opt_dff.cc:350:make_patterns_logic$4295 $auto$opt_dff.cc:350:make_patterns_logic$4315 $auto$opt_dff.cc:350:make_patterns_logic$4385 $auto$opt_dff.cc:350:make_patterns_logic$4387 $auto$opt_dff.cc:350:make_patterns_logic$4389 $auto$opt_dff.cc:350:make_patterns_logic$4391 $auto$opt_dff.cc:350:make_patterns_logic$4393 $auto$opt_dff.cc:350:make_patterns_logic$4395 $auto$opt_dff.cc:350:make_patterns_logic$4397 $auto$opt_dff.cc:350:make_patterns_logic$4403 $auto$opt_dff.cc:350:make_patterns_logic$5675 }
    New input vector for $reduce_and cell $auto$opt_dff.cc:368:make_patterns_logic$5683: { $auto$opt_dff.cc:350:make_patterns_logic$4295 $auto$opt_dff.cc:350:make_patterns_logic$4315 $auto$opt_dff.cc:350:make_patterns_logic$4385 $auto$opt_dff.cc:350:make_patterns_logic$4387 $auto$opt_dff.cc:350:make_patterns_logic$4389 $auto$opt_dff.cc:350:make_patterns_logic$4391 $auto$opt_dff.cc:350:make_patterns_logic$4393 $auto$opt_dff.cc:350:make_patterns_logic$4395 $auto$opt_dff.cc:350:make_patterns_logic$4397 $auto$opt_dff.cc:350:make_patterns_logic$5680 }
    Consolidated identical input bits for $mux cell $flatten\scheduler.$procmux$2208:
      Old ports: A=8'00000101, B=8'x, Y=$flatten\scheduler.$procmux$2208_Y
      New ports: A=2'01, B=2'x, Y=$flatten\scheduler.$procmux$2208_Y [1:0]
      New connections: $flatten\scheduler.$procmux$2208_Y [7:2] = { $flatten\scheduler.$procmux$2208_Y [1] $flatten\scheduler.$procmux$2208_Y [1] $flatten\scheduler.$procmux$2208_Y [1] $flatten\scheduler.$procmux$2208_Y [1] $flatten\scheduler.$procmux$2208_Y [1:0] }
    Consolidated identical input bits for $mux cell $flatten\scheduler.$procmux$2410:
      Old ports: A=8'x, B=8'00000000, Y=$flatten\scheduler.$procmux$2410_Y
      New ports: A=1'x, B=1'0, Y=$flatten\scheduler.$procmux$2410_Y [0]
      New connections: $flatten\scheduler.$procmux$2410_Y [7:1] = { $flatten\scheduler.$procmux$2410_Y [0] $flatten\scheduler.$procmux$2410_Y [0] $flatten\scheduler.$procmux$2410_Y [0] $flatten\scheduler.$procmux$2410_Y [0] $flatten\scheduler.$procmux$2410_Y [0] $flatten\scheduler.$procmux$2410_Y [0] $flatten\scheduler.$procmux$2410_Y [0] }
  Optimizing cells in module \experiment_transactions.
    Consolidated identical input bits for $pmux cell $flatten\scheduler.$procmux$2195:
      Old ports: A=8'00000110, B={ $flatten\scheduler.$procmux$2208_Y 14'00000010000001 $flatten\scheduler.$procmux$2201_Y [1] 1'1 }, Y=$flatten\scheduler.$procmux$2195_Y
      New ports: A=4'0110, B={ $flatten\scheduler.$procmux$2208_Y [1:0] $flatten\scheduler.$procmux$2208_Y [1:0] 6'001001 $flatten\scheduler.$procmux$2201_Y [1] 1'1 }, Y=$flatten\scheduler.$procmux$2195_Y [3:0]
      New connections: $flatten\scheduler.$procmux$2195_Y [7:4] = { $flatten\scheduler.$procmux$2195_Y [3] $flatten\scheduler.$procmux$2195_Y [3] $flatten\scheduler.$procmux$2195_Y [3] $flatten\scheduler.$procmux$2195_Y [3] }
  Optimizing cells in module \experiment_transactions.
    Consolidated identical input bits for $mux cell $flatten\scheduler.$procmux$2232:
      Old ports: A=$flatten\scheduler.$procmux$2195_Y, B={ 6'000000 $flatten\scheduler.$procmux$2230_Y [0] $flatten\scheduler.$procmux$2230_Y [0] }, Y=$flatten\scheduler.$procmux$2232_Y
      New ports: A=$flatten\scheduler.$procmux$2195_Y [3:0], B={ 2'00 $flatten\scheduler.$procmux$2230_Y [0] $flatten\scheduler.$procmux$2230_Y [0] }, Y=$flatten\scheduler.$procmux$2232_Y [3:0]
      New connections: $flatten\scheduler.$procmux$2232_Y [7:4] = { $flatten\scheduler.$procmux$2232_Y [3] $flatten\scheduler.$procmux$2232_Y [3] $flatten\scheduler.$procmux$2232_Y [3] $flatten\scheduler.$procmux$2232_Y [3] }
  Optimizing cells in module \experiment_transactions.
    Consolidated identical input bits for $mux cell $flatten\scheduler.$procmux$2235:
      Old ports: A=$flatten\scheduler.$procmux$2232_Y, B=8'00000101, Y=$flatten\scheduler.$procmux$2235_Y
      New ports: A=$flatten\scheduler.$procmux$2232_Y [3:0], B=4'0101, Y=$flatten\scheduler.$procmux$2235_Y [3:0]
      New connections: $flatten\scheduler.$procmux$2235_Y [7:4] = { $flatten\scheduler.$procmux$2235_Y [3] $flatten\scheduler.$procmux$2235_Y [3] $flatten\scheduler.$procmux$2235_Y [3] $flatten\scheduler.$procmux$2235_Y [3] }
  Optimizing cells in module \experiment_transactions.
    Consolidated identical input bits for $mux cell $flatten\scheduler.$procmux$2238:
      Old ports: A=$flatten\scheduler.$procmux$2235_Y, B=8'00001000, Y=$flatten\scheduler.$procmux$2238_Y
      New ports: A={ $flatten\scheduler.$procmux$2235_Y [3] $flatten\scheduler.$procmux$2235_Y [3:0] }, B=5'01000, Y=$flatten\scheduler.$procmux$2238_Y [4:0]
      New connections: $flatten\scheduler.$procmux$2238_Y [7:5] = { $flatten\scheduler.$procmux$2238_Y [4] $flatten\scheduler.$procmux$2238_Y [4] $flatten\scheduler.$procmux$2238_Y [4] }
  Optimizing cells in module \experiment_transactions.
    Consolidated identical input bits for $mux cell $flatten\scheduler.$procmux$2241:
      Old ports: A=$flatten\scheduler.$procmux$2238_Y, B=8'00000010, Y=$flatten\scheduler.$procmux$2241_Y
      New ports: A=$flatten\scheduler.$procmux$2238_Y [4:0], B=5'00010, Y=$flatten\scheduler.$procmux$2241_Y [4:0]
      New connections: $flatten\scheduler.$procmux$2241_Y [7:5] = { $flatten\scheduler.$procmux$2241_Y [4] $flatten\scheduler.$procmux$2241_Y [4] $flatten\scheduler.$procmux$2241_Y [4] }
  Optimizing cells in module \experiment_transactions.
    Consolidated identical input bits for $mux cell $flatten\scheduler.$procmux$2244:
      Old ports: A=$flatten\scheduler.$procmux$2241_Y, B=8'00000100, Y=$flatten\scheduler.$procmux$2244_Y
      New ports: A=$flatten\scheduler.$procmux$2241_Y [4:0], B=5'00100, Y=$flatten\scheduler.$procmux$2244_Y [4:0]
      New connections: $flatten\scheduler.$procmux$2244_Y [7:5] = { $flatten\scheduler.$procmux$2244_Y [4] $flatten\scheduler.$procmux$2244_Y [4] $flatten\scheduler.$procmux$2244_Y [4] }
  Optimizing cells in module \experiment_transactions.
    Consolidated identical input bits for $mux cell $flatten\scheduler.$procmux$2247:
      Old ports: A=$flatten\scheduler.$procmux$2244_Y, B=8'00000110, Y=$flatten\scheduler.$procmux$2247_Y
      New ports: A=$flatten\scheduler.$procmux$2244_Y [4:0], B=5'00110, Y=$flatten\scheduler.$procmux$2247_Y [4:0]
      New connections: $flatten\scheduler.$procmux$2247_Y [7:5] = { $flatten\scheduler.$procmux$2247_Y [4] $flatten\scheduler.$procmux$2247_Y [4] $flatten\scheduler.$procmux$2247_Y [4] }
  Optimizing cells in module \experiment_transactions.
    Consolidated identical input bits for $mux cell $flatten\scheduler.$procmux$2258:
      Old ports: A=$flatten\scheduler.$procmux$2247_Y, B={ 7'0000000 $auto$wreduce.cc:514:run$5076 [1] }, Y=$flatten\scheduler.$procmux$2258_Y
      New ports: A=$flatten\scheduler.$procmux$2247_Y [4:0], B={ 4'0000 $auto$wreduce.cc:514:run$5076 [1] }, Y=$flatten\scheduler.$procmux$2258_Y [4:0]
      New connections: $flatten\scheduler.$procmux$2258_Y [7:5] = { $flatten\scheduler.$procmux$2258_Y [4] $flatten\scheduler.$procmux$2258_Y [4] $flatten\scheduler.$procmux$2258_Y [4] }
  Optimizing cells in module \experiment_transactions.
Performed a total of 17 changes.

5.27.12. Executing OPT_MERGE pass (detect identical cells).
Finding identical cells in module `\experiment_transactions'.
Computing hashes of 740 cells of `\experiment_transactions'.
Finding duplicate cells in `\experiment_transactions'.
Computing hashes of 737 cells of `\experiment_transactions'.
Finding duplicate cells in `\experiment_transactions'.
Computing hashes of 736 cells of `\experiment_transactions'.
Finding duplicate cells in `\experiment_transactions'.
<suppressed ~12 debug messages>
Removed a total of 4 cells.

5.27.13. Executing OPT_DFF pass (perform DFF optimizations).
Adding EN signal on $auto$ff.cc:337:slice$4551 ($dffe) from module experiment_transactions (D = \scheduler.ticks, Q = \scheduler.event_completion_ticks).
Adding EN signal on $auto$ff.cc:337:slice$4580 ($dffe) from module experiment_transactions (D = \scheduler.request_ticks, Q = \scheduler.event_request_ticks).
Adding EN signal on $auto$ff.cc:337:slice$4609 ($dffe) from module experiment_transactions (D = \scheduler.frame_index, Q = \scheduler.event_frame).
Setting constant 0-bit at position 0 on $auto$ff.cc:337:slice$5348 ($dffe) from module experiment_transactions.
Setting constant 0-bit at position 1 on $auto$ff.cc:337:slice$5348 ($dffe) from module experiment_transactions.

5.27.14. Executing OPT_CLEAN pass (remove unused cells and wires).
Finding unused cells or wires in module \experiment_transactions..
Removed 9 unused cells and 20 unused wires.
<suppressed ~10 debug messages>

5.27.15. Executing OPT_EXPR pass (perform const folding).
Optimizing module experiment_transactions.
<suppressed ~4 debug messages>

5.27.16. Rerunning OPT passes. (Maybe there is more to do..)

5.27.17. Executing OPT_MUXTREE pass (detect dead branches in mux trees).
Running muxtree optimizer on module \experiment_transactions..
  Creating internal representation of mux trees.
  Evaluating internal representation of mux trees.
  Analyzing evaluation results.
Removed 0 multiplexer ports.
<suppressed ~257 debug messages>

5.27.18. Executing OPT_REDUCE pass (consolidate $*mux and $reduce_* inputs).
  Optimizing cells in module \experiment_transactions.
    New input vector for $reduce_and cell $auto$opt_dff.cc:368:make_patterns_logic$5709: { \event_ready $auto$rtlil.cc:3267:Not$4123 $auto$rtlil.cc:3267:Not$4241 $auto$rtlil.cc:3267:Not$4243 $auto$rtlil.cc:3267:Not$4245 $auto$rtlil.cc:3267:Not$4247 $auto$rtlil.cc:3267:Not$4249 $auto$rtlil.cc:3267:Not$4251 $auto$rtlil.cc:3267:Not$4253 $auto$rtlil.cc:3267:Not$4255 $auto$opt_dff.cc:350:make_patterns_logic$4552 $auto$opt_dff.cc:350:make_patterns_logic$4554 $auto$opt_dff.cc:350:make_patterns_logic$4556 $auto$opt_dff.cc:350:make_patterns_logic$4558 }
    New input vector for $reduce_and cell $auto$opt_dff.cc:368:make_patterns_logic$5712: { \event_ready $auto$rtlil.cc:3267:Not$4123 $auto$rtlil.cc:3267:Not$4241 $auto$rtlil.cc:3267:Not$4243 $auto$rtlil.cc:3267:Not$4245 $auto$rtlil.cc:3267:Not$4247 $auto$rtlil.cc:3267:Not$4249 $auto$rtlil.cc:3267:Not$4251 $auto$rtlil.cc:3267:Not$4253 $auto$rtlil.cc:3267:Not$4255 $auto$opt_dff.cc:350:make_patterns_logic$4552 $auto$opt_dff.cc:350:make_patterns_logic$4554 $auto$opt_dff.cc:350:make_patterns_logic$4556 $auto$opt_dff.cc:350:make_patterns_logic$4558 }
    New input vector for $reduce_and cell $auto$opt_dff.cc:368:make_patterns_logic$5706: { \event_ready $auto$rtlil.cc:3267:Not$4123 $auto$rtlil.cc:3267:Not$4241 $auto$rtlil.cc:3267:Not$4243 $auto$rtlil.cc:3267:Not$4245 $auto$rtlil.cc:3267:Not$4247 $auto$rtlil.cc:3267:Not$4249 $auto$rtlil.cc:3267:Not$4251 $auto$rtlil.cc:3267:Not$4253 $auto$rtlil.cc:3267:Not$4255 $auto$opt_dff.cc:350:make_patterns_logic$4552 $auto$opt_dff.cc:350:make_patterns_logic$4554 $auto$opt_dff.cc:350:make_patterns_logic$4556 $auto$opt_dff.cc:350:make_patterns_logic$4558 }
  Optimizing cells in module \experiment_transactions.
Performed a total of 3 changes.

5.27.19. Executing OPT_MERGE pass (detect identical cells).
Finding identical cells in module `\experiment_transactions'.
Computing hashes of 731 cells of `\experiment_transactions'.
Finding duplicate cells in `\experiment_transactions'.
Computing hashes of 729 cells of `\experiment_transactions'.
Finding duplicate cells in `\experiment_transactions'.
<suppressed ~6 debug messages>
Removed a total of 2 cells.

5.27.20. Executing OPT_DFF pass (perform DFF optimizations).
Adding SRST signal on $auto$ff.cc:337:slice$4409 ($dffe) from module experiment_transactions (D = { $auto$wreduce.cc:514:run$5081 [4:2] \scheduler.axis [1:0] }, Q = \scheduler.interrupted_id [4:0], rval = 5'11110).

5.27.21. Executing OPT_CLEAN pass (remove unused cells and wires).
Finding unused cells or wires in module \experiment_transactions..
Removed 1 unused cells and 5 unused wires.
<suppressed ~2 debug messages>

5.27.22. Executing OPT_EXPR pass (perform const folding).
Optimizing module experiment_transactions.

5.27.23. Rerunning OPT passes. (Maybe there is more to do..)

5.27.24. Executing OPT_MUXTREE pass (detect dead branches in mux trees).
Running muxtree optimizer on module \experiment_transactions..
  Creating internal representation of mux trees.
  Evaluating internal representation of mux trees.
  Analyzing evaluation results.
Removed 0 multiplexer ports.
<suppressed ~257 debug messages>

5.27.25. Executing OPT_REDUCE pass (consolidate $*mux and $reduce_* inputs).
  Optimizing cells in module \experiment_transactions.
Performed a total of 0 changes.

5.27.26. Executing OPT_MERGE pass (detect identical cells).
Finding identical cells in module `\experiment_transactions'.
Computing hashes of 729 cells of `\experiment_transactions'.
Finding duplicate cells in `\experiment_transactions'.
Removed a total of 0 cells.

5.27.27. Executing OPT_DFF pass (perform DFF optimizations).

5.27.28. Executing OPT_CLEAN pass (remove unused cells and wires).
Finding unused cells or wires in module \experiment_transactions..

5.27.29. Executing OPT_EXPR pass (perform const folding).
Optimizing module experiment_transactions.

5.27.30. Finished fast OPT passes. (There is nothing left to do.)

5.28. Executing TECHMAP pass (map to technology primitives).

5.28.1. Executing Verilog-2005 frontend: /Users/elliot/.local/opt/oss-cad-suite/libexec/../share/yosys/techmap.v
Parsing Verilog input from `/Users/elliot/.local/opt/oss-cad-suite/libexec/../share/yosys/techmap.v' to AST representation.
Generating RTLIL representation for module `\_90_simplemap_bool_ops'.
Generating RTLIL representation for module `\_90_simplemap_reduce_ops'.
Generating RTLIL representation for module `\_90_simplemap_logic_ops'.
Generating RTLIL representation for module `\_90_simplemap_compare_ops'.
Generating RTLIL representation for module `\_90_simplemap_various'.
Generating RTLIL representation for module `\_90_simplemap_registers'.
Generating RTLIL representation for module `\_90_shift_ops_shr_shl_sshl_sshr'.
Generating RTLIL representation for module `\_90_shift_shiftx'.
Generating RTLIL representation for module `\_90_fa'.
Generating RTLIL representation for module `\_90_lcu_brent_kung'.
Generating RTLIL representation for module `\_90_alu'.
Generating RTLIL representation for module `\_90_macc'.
Generating RTLIL representation for module `\_90_alumacc'.
Generating RTLIL representation for module `$__div_mod_u'.
Generating RTLIL representation for module `$__div_mod_trunc'.
Generating RTLIL representation for module `\_90_div'.
Generating RTLIL representation for module `\_90_mod'.
Generating RTLIL representation for module `$__div_mod_floor'.
Generating RTLIL representation for module `\_90_divfloor'.
Generating RTLIL representation for module `\_90_modfloor'.
Generating RTLIL representation for module `\_90_pow'.
Generating RTLIL representation for module `\_90_demux'.
Generating RTLIL representation for module `\_90_lut'.
Generating RTLIL representation for module `$connect'.
Generating RTLIL representation for module `$input_port'.
Successfully finished Verilog frontend.

5.28.2. Executing Verilog-2005 frontend: /Users/elliot/.local/opt/oss-cad-suite/libexec/../share/yosys/gowin/arith_map.v
Parsing Verilog input from `/Users/elliot/.local/opt/oss-cad-suite/libexec/../share/yosys/gowin/arith_map.v' to AST representation.
Generating RTLIL representation for module `\_80_gw1n_alu'.
Successfully finished Verilog frontend.

5.28.3. Continuing TECHMAP pass.
Using extmapper simplemap for cells of type $dffe.
Using extmapper simplemap for cells of type $sdffce.
Using template $paramod$00298f3f8094950cb9a5ff2fda48d0d8bde8806c\_80_gw1n_alu for cells of type $alu.
Using template $paramod$fc972a7a46956c1788f3cb5257b53c8f1df2d0cc\_90_alu for cells of type $alu.
Using extmapper simplemap for cells of type $reduce_and.
Using extmapper simplemap for cells of type $reduce_bool.
Using extmapper simplemap for cells of type $ne.
Using extmapper simplemap for cells of type $sdffe.
Using extmapper simplemap for cells of type $reduce_or.
Using extmapper simplemap for cells of type $not.
Using template $paramod$18205a5da979f93ffab44671dcc4a48cf14e25e2\_80_gw1n_alu for cells of type $alu.
Using template $paramod$ac45afa5bcd8e16ca475cce13f9d19bb109f1516\_80_gw1n_alu for cells of type $alu.
Using template $paramod$99501223b6f7e5af250351eeb57edb5403a5ad0b\_80_gw1n_alu for cells of type $alu.
Using template $paramod$a1bc51c02ce12ac21eb18988e83292af48ed7d72\_80_gw1n_alu for cells of type $alu.
Using template $paramod$cc80a4e89b0341cb117f5d28b0e7244620640141\_80_gw1n_alu for cells of type $alu.
Using template $paramod$b3c20b05d9b1fc2c940ef2f6c917486aead042e8\_80_gw1n_alu for cells of type $alu.
Using template $paramod$c04af8dbf0e5d1d69bbccb2c7bd8a93fc9ef54dc\_80_gw1n_alu for cells of type $alu.
Using extmapper simplemap for cells of type $or.
Using template $paramod$8a62ded8d652be76033db56ea9a2bbb5ea1d4453\_80_gw1n_alu for cells of type $alu.
Using template $paramod$103b4016182df467cceab67bcf3e18e6361ec0fd\_80_gw1n_alu for cells of type $alu.
Using template $paramod$943564b9366bbc392bf4bbc801aa0a2d7742a4e0\_80_gw1n_alu for cells of type $alu.
Using template $paramod$eae5c6d909a05153739c7821f34da2cbc0422532\_80_gw1n_alu for cells of type $alu.
Using template $paramod$ed40eaed6d7865a5f6e873e7da3aa6067d71cfbb\_80_gw1n_alu for cells of type $alu.
Using template $paramod$32a7b7b86c07519b7537abc18e96f0331f97914d\_80_gw1n_alu for cells of type $alu.
Using template $paramod$6a42b6fefed750f8a1c58eab59479d960557103c\_80_gw1n_alu for cells of type $alu.
Using template $paramod$40ec39fdbb40e313957832362e47914160e3dfcb\_80_gw1n_alu for cells of type $alu.
Using template $paramod$b2626aff51a34e60b9c57dceb41667aaf5650a38\_80_gw1n_alu for cells of type $alu.
Using template $paramod$487c0d6ce38e02d4d40b33bf9d69d05e54d0cf31\_80_gw1n_alu for cells of type $alu.
Using template $paramod$75108d6e8d490ab2eec24aee458e87cb2a6c124c\_80_gw1n_alu for cells of type $alu.
Using template $paramod$a04dd9d4d8b430140c4ff94b50470fb380fda2a0\_80_gw1n_alu for cells of type $alu.
Using template $paramod$403e3b916c6203cefc86d5db164f41811de6a0e8\_80_gw1n_alu for cells of type $alu.
Using template $paramod$10ed987432f06055e5279101f9ec60a49861b43c\_80_gw1n_alu for cells of type $alu.
Using template $paramod$8b1a36ab2238111d2a0f4cb4ef2e14f2a55fc1f9\_80_gw1n_alu for cells of type $alu.
Using template $paramod$6f67705c43e5e94c02b6ebb52209ce5aa5ade4c1\_80_gw1n_alu for cells of type $alu.
Using template $paramod$526fcaf7c1410670dbd6412ad4e642f348e9c14a\_80_gw1n_alu for cells of type $alu.
Using template $paramod$49cb621ea7df05f17b312afb3138a34b54f11afd\_80_gw1n_alu for cells of type $alu.
Using template $paramod$715008e2a77bdd68a232ade48f651b505f3911bb\_80_gw1n_alu for cells of type $alu.
Using template $paramod$fbc7873bff55778c0b3173955b7e4bce1d9d6834\_80_gw1n_alu for cells of type $alu.
Using template $paramod$ee3d784672cdb1cb32d9a801a3af776716f16b74\_80_gw1n_alu for cells of type $alu.
Using extmapper maccmap for cells of type $macc_v2.
  add \configured_period * \configured_frames (32x9 bits, unsigned)
Using extmapper simplemap for cells of type $bmux.
Using extmapper simplemap for cells of type $sdff.
Using template $paramod$constmap:dce1afdaacf31a7cc3bc9e8d800e4ed60e622c6e$paramod$5a6ebeaf6a58f000aa905107995df327cd457f03\_90_shift_shiftx for cells of type $shiftx.
Using extmapper simplemap for cells of type $logic_or.
Using extmapper simplemap for cells of type $logic_not.
Using extmapper simplemap for cells of type $logic_and.
Using extmapper simplemap for cells of type $mux.
Using extmapper simplemap for cells of type $eq.
Using template $paramod$constmap:c8c5035adb0338f463468f9a903920b6d86ab320$paramod$bc63882c204f2560426f1c747a275f3f34b7e5ec\_90_shift_shiftx for cells of type $shiftx.
Using template $paramod$constmap:78a6177e0e86abf77de6636a3fc8c598504ec701$paramod$eacfaeba4ea50a06fb8ffc8eb3adc88eae96c4f4\_90_shift_shiftx for cells of type $shift.
Using extmapper simplemap for cells of type $and.
Analyzing pattern of constant bits for this cell:
Creating constmapped module `$paramod$constmap:c5fccb3aee0d471256430f05e068f80d36c7595f$paramod$eacfaeba4ea50a06fb8ffc8eb3adc88eae96c4f4\_90_shift_shiftx'.

5.28.80. Executing OPT_MUXTREE pass (detect dead branches in mux trees).
Running muxtree optimizer on module $paramod$constmap:c5fccb3aee0d471256430f05e068f80d36c7595f$paramod$eacfaeba4ea50a06fb8ffc8eb3adc88eae96c4f4\_90_shift_shiftx..
  Creating internal representation of mux trees.
  Evaluating internal representation of mux trees.
  Analyzing evaluation results.
    dead port 2/2 on $mux $procmux$11626.
    dead port 2/2 on $mux $procmux$11632.
    dead port 2/2 on $mux $procmux$11638.
    dead port 2/2 on $mux $procmux$11644.
    dead port 2/2 on $mux $procmux$11650.
    dead port 2/2 on $mux $procmux$11656.
    dead port 2/2 on $mux $procmux$11662.
    dead port 2/2 on $mux $procmux$11668.
Removed 8 multiplexer ports.
<suppressed ~2266 debug messages>

5.28.81. Executing OPT_EXPR pass (perform const folding).
Optimizing module $paramod$constmap:c5fccb3aee0d471256430f05e068f80d36c7595f$paramod$eacfaeba4ea50a06fb8ffc8eb3adc88eae96c4f4\_90_shift_shiftx.
<suppressed ~26 debug messages>
Removed 0 unused cells and 13 unused wires.
Using template $paramod$constmap:c5fccb3aee0d471256430f05e068f80d36c7595f$paramod$eacfaeba4ea50a06fb8ffc8eb3adc88eae96c4f4\_90_shift_shiftx for cells of type $shift.
Using template $paramod$constmap:a7d5d71328385702f586a1a7e97d2f5b80ef7cde$paramod$fdf2a0a89b70f32675f6ea7346ebd9de86a83beb\_90_shift_shiftx for cells of type $shiftx.
Using extmapper simplemap for cells of type $pmux.
Using template $paramod$constmap:c33a616ced45421ff6bf0f16c9d043fa8922d383$paramod$d2a990ff92b6f9aaeb9be2775be6b5097063d46f\_90_shift_shiftx for cells of type $shiftx.
Using template $paramod$constmap:b91c81247bc485e1b204a74411b951929304bbb5$paramod$729053c34d920e18d2192295dbd881988fd62a6c\_90_shift_shiftx for cells of type $shift.
Analyzing pattern of constant bits for this cell:
  Constant input on bit 0 of port A: 1'1
  Constant input on bit 1 of port A: 1'1
  Constant input on bit 2 of port A: 1'1
  Constant input on bit 3 of port A: 1'1
  Constant input on bit 4 of port A: 1'1
  Constant input on bit 5 of port A: 1'1
  Constant input on bit 6 of port A: 1'1
  Constant input on bit 7 of port A: 1'1
Creating constmapped module `$paramod$constmap:cd60aba434edd453c45ccf214f4b52ee3936d62e$paramod$729053c34d920e18d2192295dbd881988fd62a6c\_90_shift_shiftx'.

5.28.97. Executing OPT_MUXTREE pass (detect dead branches in mux trees).
Running muxtree optimizer on module $paramod$constmap:cd60aba434edd453c45ccf214f4b52ee3936d62e$paramod$729053c34d920e18d2192295dbd881988fd62a6c\_90_shift_shiftx..
  Creating internal representation of mux trees.
  Evaluating internal representation of mux trees.
  Analyzing evaluation results.
    dead port 2/2 on $mux $procmux$16288.
    dead port 2/2 on $mux $procmux$16294.
    dead port 2/2 on $mux $procmux$16300.
    dead port 2/2 on $mux $procmux$16306.
    dead port 2/2 on $mux $procmux$16312.
    dead port 2/2 on $mux $procmux$16318.
    dead port 2/2 on $mux $procmux$16324.
    dead port 2/2 on $mux $procmux$16330.
    dead port 2/2 on $mux $procmux$16336.
    dead port 2/2 on $mux $procmux$16342.
Removed 10 multiplexer ports.
<suppressed ~1342 debug messages>

5.28.98. Executing OPT_EXPR pass (perform const folding).
Optimizing module $paramod$constmap:cd60aba434edd453c45ccf214f4b52ee3936d62e$paramod$729053c34d920e18d2192295dbd881988fd62a6c\_90_shift_shiftx.
<suppressed ~24 debug messages>
Removed 0 unused cells and 15 unused wires.
Using template $paramod$constmap:cd60aba434edd453c45ccf214f4b52ee3936d62e$paramod$729053c34d920e18d2192295dbd881988fd62a6c\_90_shift_shiftx for cells of type $shift.
Using template $paramod$constmap:6f7d50f616fe0b4dd152ce33758f15f57b7892dc$paramod$b56cc8744f2a09ac3932757f5f66b6d1cf499af4\_90_shift_shiftx for cells of type $shift.
Analyzing pattern of constant bits for this cell:
  Constant input on bit 0 of port A: 1'1
  Constant input on bit 1 of port A: 1'1
  Constant input on bit 2 of port A: 1'1
  Constant input on bit 3 of port A: 1'1
  Constant input on bit 4 of port A: 1'1
  Constant input on bit 5 of port A: 1'1
  Constant input on bit 6 of port A: 1'1
  Constant input on bit 7 of port A: 1'1
Creating constmapped module `$paramod$constmap:326050d678c30a6eb4a90aebd41413ceeaf78e2d$paramod$b56cc8744f2a09ac3932757f5f66b6d1cf499af4\_90_shift_shiftx'.

5.28.104. Executing OPT_MUXTREE pass (detect dead branches in mux trees).
Running muxtree optimizer on module $paramod$constmap:326050d678c30a6eb4a90aebd41413ceeaf78e2d$paramod$b56cc8744f2a09ac3932757f5f66b6d1cf499af4\_90_shift_shiftx..
  Creating internal representation of mux trees.
  Evaluating internal representation of mux trees.
  Analyzing evaluation results.
    dead port 2/2 on $mux $procmux$17960.
    dead port 2/2 on $mux $procmux$17966.
    dead port 2/2 on $mux $procmux$17972.
    dead port 2/2 on $mux $procmux$17978.
    dead port 2/2 on $mux $procmux$17984.
    dead port 2/2 on $mux $procmux$17990.
    dead port 2/2 on $mux $procmux$17996.
    dead port 2/2 on $mux $procmux$18002.
Removed 8 multiplexer ports.
<suppressed ~572 debug messages>

5.28.105. Executing OPT_EXPR pass (perform const folding).
Optimizing module $paramod$constmap:326050d678c30a6eb4a90aebd41413ceeaf78e2d$paramod$b56cc8744f2a09ac3932757f5f66b6d1cf499af4\_90_shift_shiftx.
<suppressed ~26 debug messages>
Removed 0 unused cells and 13 unused wires.
Using template $paramod$constmap:326050d678c30a6eb4a90aebd41413ceeaf78e2d$paramod$b56cc8744f2a09ac3932757f5f66b6d1cf499af4\_90_shift_shiftx for cells of type $shift.
Using template $paramod\_90_fa\WIDTH=32'00000000000000000000000000101001 for cells of type $fa.
Using template $paramod$35a69cb9a70c12a16833c695168dfe15d5378044\_80_gw1n_alu for cells of type $alu.
Using extmapper simplemap for cells of type $pos.
Using extmapper simplemap for cells of type $xor.
Using template $paramod\_90_fa\WIDTH=32'00000000000000000000000000000001 for cells of type $fa.
Using template $paramod\_90_lcu_brent_kung\WIDTH=32'00000000000000000000000000000001 for cells of type $lcu.
No more expansions possible.
<suppressed ~1391 debug messages>

5.29. Executing OPT pass (performing simple optimizations).

5.29.1. Executing OPT_EXPR pass (perform const folding).
Optimizing module experiment_transactions.
<suppressed ~50524 debug messages>

5.29.2. Executing OPT_MERGE pass (detect identical cells).
Finding identical cells in module `\experiment_transactions'.
Computing hashes of 24289 cells of `\experiment_transactions'.
Finding duplicate cells in `\experiment_transactions'.
Computing hashes of 23760 cells of `\experiment_transactions'.
Finding duplicate cells in `\experiment_transactions'.
Computing hashes of 23608 cells of `\experiment_transactions'.
Finding duplicate cells in `\experiment_transactions'.
Computing hashes of 23547 cells of `\experiment_transactions'.
Finding duplicate cells in `\experiment_transactions'.
Computing hashes of 23513 cells of `\experiment_transactions'.
Finding duplicate cells in `\experiment_transactions'.
Computing hashes of 23506 cells of `\experiment_transactions'.
Finding duplicate cells in `\experiment_transactions'.
Computing hashes of 23500 cells of `\experiment_transactions'.
Finding duplicate cells in `\experiment_transactions'.
Computing hashes of 23497 cells of `\experiment_transactions'.
Finding duplicate cells in `\experiment_transactions'.
Computing hashes of 23494 cells of `\experiment_transactions'.
Finding duplicate cells in `\experiment_transactions'.
Computing hashes of 23491 cells of `\experiment_transactions'.
Finding duplicate cells in `\experiment_transactions'.
Computing hashes of 23488 cells of `\experiment_transactions'.
Finding duplicate cells in `\experiment_transactions'.
Computing hashes of 23485 cells of `\experiment_transactions'.
Finding duplicate cells in `\experiment_transactions'.
Computing hashes of 23482 cells of `\experiment_transactions'.
Finding duplicate cells in `\experiment_transactions'.
Computing hashes of 23479 cells of `\experiment_transactions'.
Finding duplicate cells in `\experiment_transactions'.
Computing hashes of 23476 cells of `\experiment_transactions'.
Finding duplicate cells in `\experiment_transactions'.
Computing hashes of 23473 cells of `\experiment_transactions'.
Finding duplicate cells in `\experiment_transactions'.
Computing hashes of 23470 cells of `\experiment_transactions'.
Finding duplicate cells in `\experiment_transactions'.
Computing hashes of 23467 cells of `\experiment_transactions'.
Finding duplicate cells in `\experiment_transactions'.
Computing hashes of 23464 cells of `\experiment_transactions'.
Finding duplicate cells in `\experiment_transactions'.
Computing hashes of 23461 cells of `\experiment_transactions'.
Finding duplicate cells in `\experiment_transactions'.
Computing hashes of 23458 cells of `\experiment_transactions'.
Finding duplicate cells in `\experiment_transactions'.
Computing hashes of 23455 cells of `\experiment_transactions'.
Finding duplicate cells in `\experiment_transactions'.
Computing hashes of 23452 cells of `\experiment_transactions'.
Finding duplicate cells in `\experiment_transactions'.
Computing hashes of 23450 cells of `\experiment_transactions'.
Finding duplicate cells in `\experiment_transactions'.
Computing hashes of 23448 cells of `\experiment_transactions'.
Finding duplicate cells in `\experiment_transactions'.
<suppressed ~2523 debug messages>
Removed a total of 841 cells.

5.29.3. Executing OPT_DFF pass (perform DFF optimizations).
Adding SRST signal on $auto$ff.cc:337:slice$9523 ($_DFFE_PP_) from module experiment_transactions (D = $auto$simplemap.cc:189:logic_reduce$12813, Q = \scheduler.event_id [6], rval = 1'0).

5.29.4. Executing OPT_CLEAN pass (remove unused cells and wires).
Finding unused cells or wires in module \experiment_transactions..
Removed 6710 unused cells and 2687 unused wires.
<suppressed ~6711 debug messages>

5.29.5. Rerunning OPT passes. (Removed registers in this run.)

5.29.6. Executing OPT_EXPR pass (perform const folding).
Optimizing module experiment_transactions.
<suppressed ~19 debug messages>

5.29.7. Executing OPT_MERGE pass (detect identical cells).
Finding identical cells in module `\experiment_transactions'.
Computing hashes of 16719 cells of `\experiment_transactions'.
Finding duplicate cells in `\experiment_transactions'.
Removed a total of 0 cells.

5.29.8. Executing OPT_DFF pass (perform DFF optimizations).

5.29.9. Executing OPT_CLEAN pass (remove unused cells and wires).
Finding unused cells or wires in module \experiment_transactions..

5.29.10. Finished fast OPT passes.

5.30. Executing IOPADMAP pass (mapping inputs/outputs to IO-PAD cells).
Mapping port experiment_transactions.interrupted_request_ticks using OBUF.
Mapping port experiment_transactions.interrupted_id using OBUF.
Mapping port experiment_transactions.interrupted_kind using OBUF.
Mapping port experiment_transactions.interrupted_request using OBUF.
Mapping port experiment_transactions.stop_pair_ticks using OBUF.
Mapping port experiment_transactions.stop_ticks using OBUF.
Mapping port experiment_transactions.start_ticks using OBUF.
Mapping port experiment_transactions.ticks using OBUF.
Mapping port experiment_transactions.result using OBUF.
Mapping port experiment_transactions.terminal using OBUF.
Mapping port experiment_transactions.active using OBUF.
Mapping port experiment_transactions.stop_pair_wire_done using IBUF.
Mapping port experiment_transactions.stop_required using OBUF.
Mapping port experiment_transactions.event_error using OBUF.
Mapping port experiment_transactions.event_width using OBUF.
Mapping port experiment_transactions.event_data using OBUF.
Mapping port experiment_transactions.event_completion_ticks using OBUF.
Mapping port experiment_transactions.event_request_ticks using OBUF.
Mapping port experiment_transactions.event_frame using OBUF.
Mapping port experiment_transactions.event_sample_sequence using OBUF.
Mapping port experiment_transactions.event_id using OBUF.
Mapping port experiment_transactions.event_ok using OBUF.
Mapping port experiment_transactions.event_kind using OBUF.
Mapping port experiment_transactions.event_ready using IBUF.
Mapping port experiment_transactions.event_valid using OBUF.
Mapping port experiment_transactions.transmitted_pwm using IBUF.
Mapping port experiment_transactions.control_wire_done using IBUF.
Mapping port experiment_transactions.servo_data using IBUF.
Mapping port experiment_transactions.servo_valid using IBUF.
Mapping port experiment_transactions.packet_length using OBUF.
Mapping port experiment_transactions.packet using OBUF.
Mapping port experiment_transactions.packet_ready using IBUF.
Mapping port experiment_transactions.packet_valid using OBUF.
Mapping port experiment_transactions.sample_sequences using IBUF.
Mapping port experiment_transactions.fresh_mask using IBUF.
Mapping port experiment_transactions.armed_mask using IBUF.
Mapping port experiment_transactions.supervisor_latched using IBUF.
Mapping port experiment_transactions.bank_locked using OBUF.
Mapping port experiment_transactions.frame_index using OBUF.
Mapping port experiment_transactions.deltas using IBUF.
Mapping port experiment_transactions.targets using IBUF.
Mapping port experiment_transactions.row_ready using IBUF.
Mapping port experiment_transactions.plan_valid using IBUF.
Mapping port experiment_transactions.duty_limit using IBUF.
Mapping port experiment_transactions.kv using IBUF.
Mapping port experiment_transactions.kd using IBUF.
Mapping port experiment_transactions.kp using IBUF.
Mapping port experiment_transactions.configured_period using IBUF.
Mapping port experiment_transactions.configured_frames using IBUF.
Mapping port experiment_transactions.configured_mask using IBUF.
Mapping port experiment_transactions.cancel using IBUF.
Mapping port experiment_transactions.start using IBUF.
Mapping port experiment_transactions.rst using IBUF.
Mapping port experiment_transactions.clk using IBUF.

5.31. Executing OPT_CLEAN pass (remove unused cells and wires).
Finding unused cells or wires in module \experiment_transactions..
Removed 0 unused cells and 41 unused wires.
<suppressed ~1 debug messages>

5.32. Executing DFFLEGALIZE pass (convert FFs to types supported by the target).

5.33. Executing TECHMAP pass (map to technology primitives).

5.33.1. Executing Verilog-2005 frontend: /Users/elliot/.local/opt/oss-cad-suite/libexec/../share/yosys/gowin/cells_map.v
Parsing Verilog input from `/Users/elliot/.local/opt/oss-cad-suite/libexec/../share/yosys/gowin/cells_map.v' to AST representation.
Generating RTLIL representation for module `$_DFF_N_'.
Generating RTLIL representation for module `$_DFF_P_'.
Generating RTLIL representation for module `$_DFFE_PP_'.
Generating RTLIL representation for module `$_DFFE_NP_'.
Generating RTLIL representation for module `$_SDFF_PP0_'.
Generating RTLIL representation for module `$_SDFF_NP0_'.
Generating RTLIL representation for module `$_SDFFE_PP0P_'.
Generating RTLIL representation for module `$_SDFFE_NP0P_'.
Generating RTLIL representation for module `$_SDFF_PP1_'.
Generating RTLIL representation for module `$_SDFF_NP1_'.
Generating RTLIL representation for module `$_SDFFE_PP1P_'.
Generating RTLIL representation for module `$_SDFFE_NP1P_'.
Generating RTLIL representation for module `$_DFF_PP1_'.
Generating RTLIL representation for module `$_DFF_NP1_'.
Generating RTLIL representation for module `$_DFF_PP0_'.
Generating RTLIL representation for module `$_DFF_NP0_'.
Generating RTLIL representation for module `$_DFFE_PP1P_'.
Generating RTLIL representation for module `$_DFFE_NP1P_'.
Generating RTLIL representation for module `$_DFFE_PP0P_'.
Generating RTLIL representation for module `$_DFFE_NP0P_'.
Generating RTLIL representation for module `$lut'.
Successfully finished Verilog frontend.

5.33.2. Continuing TECHMAP pass.
Using template $_SDFFE_PP0P_ for cells of type $_SDFFE_PP0P_.
Using template $_DFFE_PP_ for cells of type $_DFFE_PP_.
Using template $_SDFF_PP0_ for cells of type $_SDFF_PP0_.
Using template $_SDFFE_PP1P_ for cells of type $_SDFFE_PP1P_.
No more expansions possible.
<suppressed ~2236 debug messages>

5.34. Executing TECHMAP pass (map to technology primitives).

5.34.1. Executing Verilog-2005 frontend: /Users/elliot/.local/opt/oss-cad-suite/libexec/../share/yosys/gowin/cells_latch.v
Parsing Verilog input from `/Users/elliot/.local/opt/oss-cad-suite/libexec/../share/yosys/gowin/cells_latch.v' to AST representation.
Generating RTLIL representation for module `$_DLATCH_P_'.
Generating RTLIL representation for module `$_DLATCH_N_'.
Generating RTLIL representation for module `$_DLATCH_PP0_'.
Generating RTLIL representation for module `$_DLATCH_NP0_'.
Generating RTLIL representation for module `$_DLATCH_PP1_'.
Generating RTLIL representation for module `$_DLATCH_NP1_'.
Successfully finished Verilog frontend.

5.34.2. Continuing TECHMAP pass.
No more expansions possible.
<suppressed ~8 debug messages>

5.35. Executing OPT_EXPR pass (perform const folding).
Optimizing module experiment_transactions.
<suppressed ~1753 debug messages>

5.36. Executing SIMPLEMAP pass (map simple cells to gate primitives).

5.37. Executing SORT pass.

5.38. Executing Verilog-2005 frontend: /Users/elliot/.local/opt/oss-cad-suite/libexec/../share/yosys/abc9_model.v
Parsing Verilog input from `/Users/elliot/.local/opt/oss-cad-suite/libexec/../share/yosys/abc9_model.v' to AST representation.
Generating RTLIL representation for module `$__ABC9_DELAY'.
Generating RTLIL representation for module `$__ABC9_SCC_BREAKER'.
Generating RTLIL representation for module `$__DFF_N__$abc9_flop'.
Generating RTLIL representation for module `$__DFF_P__$abc9_flop'.
Successfully finished Verilog frontend.

5.39. Executing ABC9 pass.

5.39.1. Executing ABC9_OPS pass (helper functions for ABC9).

5.39.2. Executing ABC9_OPS pass (helper functions for ABC9).

5.39.3. Executing PROC pass (convert processes to netlists).

5.39.3.1. Executing PROC_CLEAN pass (remove empty switches from decision trees).
Found and cleaned up 1 empty switch in `$paramod\ALU\ALU_MODE=s32'00000000000000000000000000000010.$proc$/Users/elliot/.local/opt/oss-cad-suite/libexec/../share/yosys/gowin/cells_sim.v:1064$88429'.
Cleaned up 1 empty switch.

5.39.3.2. Executing PROC_RMDEAD pass (remove dead branches from decision trees).
Removed a total of 0 dead cases.

5.39.3.3. Executing PROC_PRUNE pass (remove redundant assignments in processes).
Removed 0 redundant assignments.
Promoted 4 assignments to connections.

5.39.3.4. Executing PROC_INIT pass (extract init attributes).

5.39.3.5. Executing PROC_ARST pass (detect async resets in processes).

5.39.3.6. Executing PROC_ROM pass (convert switches to ROMs).
Converted 0 switches.

5.39.3.7. Executing PROC_MUX pass (convert decision trees to multiplexers).
Creating decoders for process `$paramod\ALU\ALU_MODE=s32'00000000000000000000000000000010.$proc$/Users/elliot/.local/opt/oss-cad-suite/libexec/../share/yosys/gowin/cells_sim.v:1064$88429'.

5.39.3.8. Executing PROC_DLATCH pass (convert process syncs to latches).
No latch inferred for signal `$paramod\ALU\ALU_MODE=s32'00000000000000000000000000000010.\C' from process `$paramod\ALU\ALU_MODE=s32'00000000000000000000000000000010.$proc$/Users/elliot/.local/opt/oss-cad-suite/libexec/../share/yosys/gowin/cells_sim.v:1064$88429'.
No latch inferred for signal `$paramod\ALU\ALU_MODE=s32'00000000000000000000000000000010.\S' from process `$paramod\ALU\ALU_MODE=s32'00000000000000000000000000000010.$proc$/Users/elliot/.local/opt/oss-cad-suite/libexec/../share/yosys/gowin/cells_sim.v:1064$88429'.

5.39.3.9. Executing PROC_DFF pass (convert process syncs to FFs).

5.39.3.10. Executing PROC_MEMWR pass (convert process memory writes to cells).

5.39.3.11. Executing PROC_CLEAN pass (remove empty switches from decision trees).
Removing empty process `$paramod\ALU\ALU_MODE=s32'00000000000000000000000000000010.$proc$/Users/elliot/.local/opt/oss-cad-suite/libexec/../share/yosys/gowin/cells_sim.v:1064$88429'.
Cleaned up 0 empty switches.

5.39.4. Executing SCC pass (detecting logic loops).
Found 0 SCCs in module experiment_transactions.
Found 0 SCCs.

5.39.5. Executing ABC9_OPS pass (helper functions for ABC9).

5.39.6. Executing TECHMAP pass (map to technology primitives).

5.39.6.1. Executing Verilog-2005 frontend: /Users/elliot/.local/opt/oss-cad-suite/libexec/../share/yosys/techmap.v
Parsing Verilog input from `/Users/elliot/.local/opt/oss-cad-suite/libexec/../share/yosys/techmap.v' to AST representation.
Generating RTLIL representation for module `\_90_simplemap_bool_ops'.
Generating RTLIL representation for module `\_90_simplemap_reduce_ops'.
Generating RTLIL representation for module `\_90_simplemap_logic_ops'.
Generating RTLIL representation for module `\_90_simplemap_compare_ops'.
Generating RTLIL representation for module `\_90_simplemap_various'.
Generating RTLIL representation for module `\_90_simplemap_registers'.
Generating RTLIL representation for module `\_90_shift_ops_shr_shl_sshl_sshr'.
Generating RTLIL representation for module `\_90_shift_shiftx'.
Generating RTLIL representation for module `\_90_fa'.
Generating RTLIL representation for module `\_90_lcu_brent_kung'.
Generating RTLIL representation for module `\_90_alu'.
Generating RTLIL representation for module `\_90_macc'.
Generating RTLIL representation for module `\_90_alumacc'.
Generating RTLIL representation for module `$__div_mod_u'.
Generating RTLIL representation for module `$__div_mod_trunc'.
Generating RTLIL representation for module `\_90_div'.
Generating RTLIL representation for module `\_90_mod'.
Generating RTLIL representation for module `$__div_mod_floor'.
Generating RTLIL representation for module `\_90_divfloor'.
Generating RTLIL representation for module `\_90_modfloor'.
Generating RTLIL representation for module `\_90_pow'.
Generating RTLIL representation for module `\_90_demux'.
Generating RTLIL representation for module `\_90_lut'.
Generating RTLIL representation for module `$connect'.
Generating RTLIL representation for module `$input_port'.
Successfully finished Verilog frontend.

5.39.6.2. Continuing TECHMAP pass.
No more expansions possible.
<suppressed ~230 debug messages>

5.39.7. Executing OPT pass (performing simple optimizations).

5.39.7.1. Executing OPT_EXPR pass (perform const folding).

5.39.7.2. Executing OPT_MERGE pass (detect identical cells).
Removed a total of 0 cells.

5.39.7.3. Executing OPT_MUXTREE pass (detect dead branches in mux trees).
Removed 0 multiplexer ports.

5.39.7.4. Executing OPT_REDUCE pass (consolidate $*mux and $reduce_* inputs).
Performed a total of 0 changes.

5.39.7.5. Executing OPT_MERGE pass (detect identical cells).
Removed a total of 0 cells.

5.39.7.6. Executing OPT_DFF pass (perform DFF optimizations).

5.39.7.7. Executing OPT_CLEAN pass (remove unused cells and wires).

5.39.7.8. Executing OPT_EXPR pass (perform const folding).

5.39.7.9. Finished fast OPT passes. (There is nothing left to do.)

5.39.8. Executing TECHMAP pass (map to technology primitives).

5.39.8.1. Executing Verilog-2005 frontend: /Users/elliot/.local/opt/oss-cad-suite/libexec/../share/yosys/abc9_map.v
Parsing Verilog input from `/Users/elliot/.local/opt/oss-cad-suite/libexec/../share/yosys/abc9_map.v' to AST representation.
Successfully finished Verilog frontend.

5.39.8.2. Continuing TECHMAP pass.
No more expansions possible.
<suppressed ~2 debug messages>

5.39.9. Executing Verilog-2005 frontend: /Users/elliot/.local/opt/oss-cad-suite/libexec/../share/yosys/abc9_model.v
Parsing Verilog input from `/Users/elliot/.local/opt/oss-cad-suite/libexec/../share/yosys/abc9_model.v' to AST representation.
Replacing existing blackbox module `$__ABC9_DELAY' at /Users/elliot/.local/opt/oss-cad-suite/libexec/../share/yosys/abc9_model.v:2.1-7.10.
Generating RTLIL representation for module `$__ABC9_DELAY'.
Replacing existing blackbox module `$__ABC9_SCC_BREAKER' at /Users/elliot/.local/opt/oss-cad-suite/libexec/../share/yosys/abc9_model.v:9.1-11.10.
Generating RTLIL representation for module `$__ABC9_SCC_BREAKER'.
Replacing existing module `$__DFF_N__$abc9_flop' at /Users/elliot/.local/opt/oss-cad-suite/libexec/../share/yosys/abc9_model.v:14.1-20.10.
Generating RTLIL representation for module `$__DFF_N__$abc9_flop'.
Replacing existing module `$__DFF_P__$abc9_flop' at /Users/elliot/.local/opt/oss-cad-suite/libexec/../share/yosys/abc9_model.v:23.1-29.10.
Generating RTLIL representation for module `$__DFF_P__$abc9_flop'.
Successfully finished Verilog frontend.

5.39.10. Executing ABC9_OPS pass (helper functions for ABC9).
<suppressed ~5547 debug messages>

5.39.11. Executing ABC9_OPS pass (helper functions for ABC9).

5.39.12. Executing ABC9_OPS pass (helper functions for ABC9).
<suppressed ~2 debug messages>

5.39.13. Executing TECHMAP pass (map to technology primitives).

5.39.13.1. Executing Verilog-2005 frontend: /Users/elliot/.local/opt/oss-cad-suite/libexec/../share/yosys/techmap.v
Parsing Verilog input from `/Users/elliot/.local/opt/oss-cad-suite/libexec/../share/yosys/techmap.v' to AST representation.
Generating RTLIL representation for module `\_90_simplemap_bool_ops'.
Generating RTLIL representation for module `\_90_simplemap_reduce_ops'.
Generating RTLIL representation for module `\_90_simplemap_logic_ops'.
Generating RTLIL representation for module `\_90_simplemap_compare_ops'.
Generating RTLIL representation for module `\_90_simplemap_various'.
Generating RTLIL representation for module `\_90_simplemap_registers'.
Generating RTLIL representation for module `\_90_shift_ops_shr_shl_sshl_sshr'.
Generating RTLIL representation for module `\_90_shift_shiftx'.
Generating RTLIL representation for module `\_90_fa'.
Generating RTLIL representation for module `\_90_lcu_brent_kung'.
Generating RTLIL representation for module `\_90_alu'.
Generating RTLIL representation for module `\_90_macc'.
Generating RTLIL representation for module `\_90_alumacc'.
Generating RTLIL representation for module `$__div_mod_u'.
Generating RTLIL representation for module `$__div_mod_trunc'.
Generating RTLIL representation for module `\_90_div'.
Generating RTLIL representation for module `\_90_mod'.
Generating RTLIL representation for module `$__div_mod_floor'.
Generating RTLIL representation for module `\_90_divfloor'.
Generating RTLIL representation for module `\_90_modfloor'.
Generating RTLIL representation for module `\_90_pow'.
Generating RTLIL representation for module `\_90_demux'.
Generating RTLIL representation for module `\_90_lut'.
Generating RTLIL representation for module `$connect'.
Generating RTLIL representation for module `$input_port'.
Successfully finished Verilog frontend.

5.39.13.2. Continuing TECHMAP pass.
Using template $paramod\ALU\ALU_MODE=s32'00000000000000000000000000000010 for cells of type $paramod\ALU\ALU_MODE=s32'00000000000000000000000000000010.
Using extmapper simplemap for cells of type $mux.
Using extmapper simplemap for cells of type $xor.
Using extmapper simplemap for cells of type $not.
No more expansions possible.
<suppressed ~239 debug messages>

5.39.14. Executing OPT pass (performing simple optimizations).

5.39.14.1. Executing OPT_EXPR pass (perform const folding).
Optimizing module experiment_transactions.

5.39.14.2. Executing OPT_MERGE pass (detect identical cells).
Finding identical cells in module `\experiment_transactions'.
Computing hashes of 14 cells of `\experiment_transactions'.
Finding duplicate cells in `\experiment_transactions'.
Removed a total of 0 cells.

5.39.14.3. Executing OPT_MUXTREE pass (detect dead branches in mux trees).
Running muxtree optimizer on module \experiment_transactions..
  Creating internal representation of mux trees.
  No muxes found in this module.
Removed 0 multiplexer ports.

5.39.14.4. Executing OPT_REDUCE pass (consolidate $*mux and $reduce_* inputs).
  Optimizing cells in module \experiment_transactions.
Performed a total of 0 changes.

5.39.14.5. Executing OPT_MERGE pass (detect identical cells).
Finding identical cells in module `\experiment_transactions'.
Computing hashes of 14 cells of `\experiment_transactions'.
Finding duplicate cells in `\experiment_transactions'.
Removed a total of 0 cells.

5.39.14.6. Executing OPT_DFF pass (perform DFF optimizations).

5.39.14.7. Executing OPT_CLEAN pass (remove unused cells and wires).
Finding unused cells or wires in module \experiment_transactions..
Removed 0 unused cells and 16 unused wires.
<suppressed ~1 debug messages>

5.39.14.8. Executing OPT_EXPR pass (perform const folding).
Optimizing module experiment_transactions.

5.39.14.9. Rerunning OPT passes. (Maybe there is more to do..)

5.39.14.10. Executing OPT_MUXTREE pass (detect dead branches in mux trees).
Running muxtree optimizer on module \experiment_transactions..
  Creating internal representation of mux trees.
  No muxes found in this module.
Removed 0 multiplexer ports.

5.39.14.11. Executing OPT_REDUCE pass (consolidate $*mux and $reduce_* inputs).
  Optimizing cells in module \experiment_transactions.
Performed a total of 0 changes.

5.39.14.12. Executing OPT_MERGE pass (detect identical cells).
Finding identical cells in module `\experiment_transactions'.
Computing hashes of 14 cells of `\experiment_transactions'.
Finding duplicate cells in `\experiment_transactions'.
Removed a total of 0 cells.

5.39.14.13. Executing OPT_DFF pass (perform DFF optimizations).

5.39.14.14. Executing OPT_CLEAN pass (remove unused cells and wires).
Finding unused cells or wires in module \experiment_transactions..

5.39.14.15. Executing OPT_EXPR pass (perform const folding).
Optimizing module experiment_transactions.

5.39.14.16. Finished fast OPT passes. (There is nothing left to do.)

5.39.15. Executing AIGMAP pass (map logic to AIG).
Module experiment_transactions: replaced 5 cells with 35 new cells, skipped 9 cells.
  replaced 2 cell types:
       2 $_MUX_
       3 $_XOR_
  not replaced 2 cell types:
       1 $_NOT_
       8 $specify2

5.39.16. Executing AIGMAP pass (map logic to AIG).
Module experiment_transactions: replaced 9708 cells with 60451 new cells, skipped 13962 cells.
  replaced 4 cell types:
    6773 $_MUX_
     650 $_ORNOT_
    1635 $_OR_
     650 $_XOR_
  not replaced 12 cell types:
    2081 $_AND_
    1672 $_NOT_
       3 $scopeinfo
     656 IBUF
     804 DFFE
       2 DFFSE
     290 DFFR
    1117 DFFRE
    1187 OBUF
     605 $paramod\ALU\ALU_MODE=s32'00000000000000000000000000000010
    2213 $paramod$__ABC9_DELAY\DELAY=32'00000000000000000000001001000000
    3332 $paramod$__ABC9_DELAY\DELAY=32'00000000000000000000000000111111

5.39.16.1. Executing ABC9_OPS pass (helper functions for ABC9).

5.39.16.2. Executing ABC9_OPS pass (helper functions for ABC9).

5.39.16.3. Executing XAIGER backend.
<suppressed ~2224 debug messages>
Extracted 26635 AND gates and 77158 wires from module `experiment_transactions' to a netlist network with 4712 inputs and 7908 outputs.

5.39.16.4. Executing ABC9_EXE pass (technology mapping using ABC9).

5.39.16.5. Executing ABC9.
Running ABC command: "<yosys-exe-dir>/yosys-abc" -s -f <abc-temp-dir>/abc.script 2>&1
ABC: ======== ABC command line "source <abc-temp-dir>/abc.script"
ABC: + read_lut <abc-temp-dir>/input.lut 
ABC: + read_box <abc-temp-dir>/input.box 
ABC: + &read <abc-temp-dir>/input.xaig 
ABC: + &ps 
ABC: <abc-temp-dir>/input : i/o =   4712/   7908  and =   15202  lev =   42 (5.04)  mem = 0.59 MB  box = 6150  bb = 5545
ABC: + &scorr 
ABC: Warning: The network is combinational.
ABC: + &sweep 
ABC: + &dc2 
ABC: + &dch -f -r 
ABC: + &ps 
ABC: <abc-temp-dir>/input : i/o =   4712/   7908  and =   14456  lev =   63 (3.50)  mem = 0.57 MB  ch = 1754  box = 6049  bb = 5545
ABC: cst =       0  cls =   1569  lit =    1754  unused =   22398  proof =     0
ABC: + &if -W 500 -v 
ABC: K = 8. Memory (bytes): Truth =    0. Cut =   80. Obj =  160. Set =  816. CutMin = no
ABC: Node =   14456.  Ch =  1569.  Total mem =    6.91 MB. Peak cut mem =    0.27 MB.
ABC: P:  Del = 16318.00.  Ar =   25947.0.  Edge =    19924.  Cut =   186916.  T =     0.04 sec
ABC: P:  Del = 16139.00.  Ar =   25820.0.  Edge =    19681.  Cut =   186050.  T =     0.04 sec
ABC: P:  Del = 16139.00.  Ar =   10121.0.  Edge =    13910.  Cut =   371334.  T =     0.07 sec
ABC: F:  Del = 16138.00.  Ar =    5095.0.  Edge =    12171.  Cut =   328313.  T =     0.07 sec
ABC: If_ObjPerformMappingAnd(): Warning! Node with ID 7765 has delay (6571.000000) exceeding the required times (6392.004883).
ABC: If_ObjPerformMappingAnd(): Warning! Node with ID 7773 has delay (8187.000000) exceeding the required times (8008.004883).
ABC: If_ObjPerformMappingAnd(): Warning! Node with ID 7841 has delay (8049.000000) exceeding the required times (7965.004883).
ABC: If_ObjPerformMappingAnd(): Warning! Node with ID 9112 has delay (13773.000000) exceeding the required times (13629.004883).
ABC: If_ObjPerformMappingAnd(): Warning! Node with ID 9452 has delay (15031.000000) exceeding the required times (14852.004883).
ABC: If_ObjPerformMappingAnd(): Warning! Node with ID 15139 has delay (15031.000000) exceeding the required times (14895.004883).
ABC: If_ObjPerformMappingAnd(): Warning! Node with ID 15140 has delay (16254.000000) exceeding the required times (16075.004883).
ABC: If_ObjPerformMappingAnd(): Warning! Node with ID 15145 has delay (16211.000000) exceeding the required times (16075.004883).
ABC: A:  Del = 16317.00.  Ar =    4858.0.  Edge =    11689.  Cut =   306364.  T =     0.09 sec
ABC: If_ObjPerformMappingAnd(): Warning! Node with ID 9112 has delay (13930.000000) exceeding the required times (13808.004883).
ABC: If_ObjPerformMappingAnd(): Warning! Node with ID 9452 has delay (15188.000000) exceeding the required times (15031.004883).
ABC: If_ObjPerformMappingAnd(): Warning! Node with ID 15139 has delay (15188.000000) exceeding the required times (15074.004883).
ABC: If_ObjPerformMappingAnd(): Warning! Node with ID 15140 has delay (16411.000000) exceeding the required times (16254.004883).
ABC: If_ObjPerformMappingAnd(): Warning! Node with ID 15145 has delay (16368.000000) exceeding the required times (16254.004883).
ABC: A:  Del = 16474.00.  Ar =    4568.0.  Edge =    11545.  Cut =   321852.  T =     0.10 sec
ABC: Total time =     0.42 sec
ABC: + &write -n <abc-temp-dir>/output.aig 
ABC: + &mfs 
ABC: + &ps -l 
ABC: <abc-temp-dir>/input : i/o =   4712/   7908  and =   13700  lev =   30 (3.76)  mem = 0.57 MB  box = 6042  bb = 5545
ABC: Mapping (K=8)  :  lut =   3118  edge =   10904  lev =   10 (1.96)  levB =   65  mem = 0.22 MB
ABC: LUT = 3118 : 2=647 20.8 %  3=975 31.3 %  4=991 31.8 %  5=387 12.4 %  6=71 2.3 %  7=16 0.5 %  8=31 1.0 %  Ave = 3.50
ABC: + &write -n <abc-temp-dir>/output.aig 
ABC: + &verify 
ABC: Networks are equivalent.  Time =     0.64 sec
ABC: + time 
ABC: elapse: 16.18 seconds, total: 16.18 seconds

5.39.16.6. Executing AIGER frontend.
<suppressed ~11 debug messages>
Removed 21408 unused cells and 45900 unused wires.

5.39.16.7. Executing ABC_OPS_REINTEGRATE pass (reintegrate ABC mapped design into module).
ABC RESULTS:              $lut cells:     3126
ABC RESULTS:   $paramod\ALU\ALU_MODE=s32'00000000000000000000000000000010 cells:      497
ABC RESULTS:           input signals:      106
ABC RESULTS:          output signals:     5602
<suppressed ~25348 debug messages>
Removing temp directory.

5.39.17. Executing TECHMAP pass (map to technology primitives).

5.39.17.1. Executing Verilog-2005 frontend: /Users/elliot/.local/opt/oss-cad-suite/libexec/../share/yosys/abc9_unmap.v
Parsing Verilog input from `/Users/elliot/.local/opt/oss-cad-suite/libexec/../share/yosys/abc9_unmap.v' to AST representation.
Generating RTLIL representation for module `$__DFF_x__$abc9_flop'.
Generating RTLIL representation for module `$__ABC9_SCC_BREAKER'.
Successfully finished Verilog frontend.

5.39.17.2. Continuing TECHMAP pass.
Using template $paramod\ALU\ALU_MODE=s32'00000000000000000000000000000010 for cells of type $paramod\ALU\ALU_MODE=s32'00000000000000000000000000000010.
No more expansions possible.
<suppressed ~503 debug messages>
Removed 468 unused cells and 97171 unused wires.

5.40. Executing TECHMAP pass (map to technology primitives).

5.40.1. Executing Verilog-2005 frontend: /Users/elliot/.local/opt/oss-cad-suite/libexec/../share/yosys/gowin/cells_map.v
Parsing Verilog input from `/Users/elliot/.local/opt/oss-cad-suite/libexec/../share/yosys/gowin/cells_map.v' to AST representation.
Generating RTLIL representation for module `$_DFF_N_'.
Generating RTLIL representation for module `$_DFF_P_'.
Generating RTLIL representation for module `$_DFFE_PP_'.
Generating RTLIL representation for module `$_DFFE_NP_'.
Generating RTLIL representation for module `$_SDFF_PP0_'.
Generating RTLIL representation for module `$_SDFF_NP0_'.
Generating RTLIL representation for module `$_SDFFE_PP0P_'.
Generating RTLIL representation for module `$_SDFFE_NP0P_'.
Generating RTLIL representation for module `$_SDFF_PP1_'.
Generating RTLIL representation for module `$_SDFF_NP1_'.
Generating RTLIL representation for module `$_SDFFE_PP1P_'.
Generating RTLIL representation for module `$_SDFFE_NP1P_'.
Generating RTLIL representation for module `$_DFF_PP1_'.
Generating RTLIL representation for module `$_DFF_NP1_'.
Generating RTLIL representation for module `$_DFF_PP0_'.
Generating RTLIL representation for module `$_DFF_NP0_'.
Generating RTLIL representation for module `$_DFFE_PP1P_'.
Generating RTLIL representation for module `$_DFFE_NP1P_'.
Generating RTLIL representation for module `$_DFFE_PP0P_'.
Generating RTLIL representation for module `$_DFFE_NP0P_'.
Generating RTLIL representation for module `$lut'.
Successfully finished Verilog frontend.

5.40.2. Continuing TECHMAP pass.
Using template $paramod$08a5251094e6791f0c6a19a79c33ed46d064f1e7$lut for cells of type $lut.
Using template $paramod$571404c0889eaf57f492cb5e37f8acb5df5852f9$lut for cells of type $lut.
Using template $paramod$50b99034fbf984a51c265442496081454147f31e$lut for cells of type $lut.
Using template $paramod$lut\WIDTH=32'00000000000000000000000000000010\LUT=4'1000 for cells of type $lut.
Using template $paramod$1b53a9695a0f80de7517b50863b438fd2b7f56da$lut for cells of type $lut.
Using template $paramod$lut\WIDTH=32'00000000000000000000000000000011\LUT=8'01111000 for cells of type $lut.
Using template $paramod$lut\WIDTH=32'00000000000000000000000000000011\LUT=8'10010000 for cells of type $lut.
Using template $paramod$fd904e9e35cfd343a9df248824bd3f1408724879$lut for cells of type $lut.
Using template $paramod$lut\WIDTH=32'00000000000000000000000000000011\LUT=8'10000000 for cells of type $lut.
Using template $paramod$2f6fbf07b3e4a76d1d34e16222fc926649308a32$lut for cells of type $lut.
Using template $paramod$b870c5b3af0636fed39d6c28b872afa650040a6e$lut for cells of type $lut.
Using template $paramod$lut\WIDTH=32'00000000000000000000000000000011\LUT=8'10010110 for cells of type $lut.
Using template $paramod$c01d1f1a2c22a23f58c65a92a9c94eaeebcde834$lut for cells of type $lut.
Using template $paramod$28d058de54679f828015740822c0b89650557efe$lut for cells of type $lut.
Using template $paramod$d352d337a9daeeba3a0f4f3163a40196583fa0a5$lut for cells of type $lut.
Using template $paramod$78e1751931755f088c8bc676bcbc3bb642c26bfc$lut for cells of type $lut.
Using template $paramod$c316b404e381937a68ca5285abea8affc8ebb009$lut for cells of type $lut.
Using template $paramod$4282def8dbd6df3d1248ad282c629bee684502c2$lut for cells of type $lut.
Using template $paramod$fc657d0372e458fbc6b67b574cc120121ce44ec3$lut for cells of type $lut.
Using template $paramod$c508ffccf3cb0d44491eb1a488b3e92b1375f011$lut for cells of type $lut.
Using template $paramod$3c014941563a279228df79e25630751fec86819c$lut for cells of type $lut.
Using template $paramod$2e242b3870fd1c78b14e7f95ffa17bf0b3a3339c$lut for cells of type $lut.
Using template $paramod$lut\WIDTH=32'00000000000000000000000000000011\LUT=8'00010111 for cells of type $lut.
Using template $paramod$f5c97e291c8b48d9f1b4239d871ab7639e5a24ac$lut for cells of type $lut.
Using template $paramod$fe9afe61d9bc1c1577da00625eeb05e0518f0c27$lut for cells of type $lut.
Using template $paramod$4a5513b1c01317a7f83e85286f32ed0676922d3f$lut for cells of type $lut.
Using template $paramod$145dc8d569032d28666d09bfe605ce5a33ee7a12$lut for cells of type $lut.
Using template $paramod$3f5f711c7b53e07c99d0fa289a44dc7cdd53e695$lut for cells of type $lut.
Using template $paramod$61c86a70d727f51be3a40549fd789173a65cf3c5$lut for cells of type $lut.
Using template $paramod$6b494cea2afcdf5ba9b5d8b6bb6f43727205c5a0$lut for cells of type $lut.
Using template $paramod$fbd3b3a5b872ff9ffa74cfd9354b81bd330d83f4$lut for cells of type $lut.
Using template $paramod$44e445d279372b934ad9386ff4f186d92968be0a$lut for cells of type $lut.
Using template $paramod$f03e1c3441e5dd033af0c0a17c67ba5403fa5eb8$lut for cells of type $lut.
Using template $paramod$1e4738ed1fb43314ad15238bf765b5a1b602b100$lut for cells of type $lut.
Using template $paramod$3fbf9e179448527cc5870685155541058c0f9f7a$lut for cells of type $lut.
Using template $paramod$5964dec528c7ded1ee9f528024feacf1107270a1$lut for cells of type $lut.
Using template $paramod$0d44d2942253e1f2f62aceb036e9df67cc645f79$lut for cells of type $lut.
Using template $paramod$5aade32a42eeea80d52be580c6f168f2efa73bd2$lut for cells of type $lut.
Using template $paramod$lut\WIDTH=32'00000000000000000000000000000010\LUT=4'1001 for cells of type $lut.
Using template $paramod$d9c4aa5306b788246dbed480826bed25a66c3195$lut for cells of type $lut.
Using template $paramod$7d7b62c652c590914e728c3a00d143299235552b$lut for cells of type $lut.
Using template $paramod$lut\WIDTH=32'00000000000000000000000000000011\LUT=8'11101000 for cells of type $lut.
Using template $paramod$fafafbc8c2989e9d1b54a290726e0c7ae463da8a$lut for cells of type $lut.
Using template $paramod$a98067a5a2fbe195d793053833f4dadadcbdd0db$lut for cells of type $lut.
Using template $paramod$c0abd5415ec17a26450be53d095fc7fb27338a7d$lut for cells of type $lut.
Using template $paramod$28ffe496147fee79fa4730bb57ee02c8d757b05a$lut for cells of type $lut.
Using template $paramod$9f5ea7750195a8d20dc91d962459639fcc52e010$lut for cells of type $lut.
Using template $paramod$612ac16f895c99ed4dde22d06363c20c8d0a6486$lut for cells of type $lut.
Using template $paramod$07916c20d7562bf53d22080ee7fe5fba6a9a0aa7$lut for cells of type $lut.
Using template $paramod$51adb1afea57a9560b9534400e9af12cb2df0ba0$lut for cells of type $lut.
Using template $paramod$lut\WIDTH=32'00000000000000000000000000000011\LUT=8'01101001 for cells of type $lut.
Using template $paramod$167b939ba4b28948b31f82877d4aaa67864a36bf$lut for cells of type $lut.
Using template $paramod$6bba76dbf747842c288567478d608ddc865dea57$lut for cells of type $lut.
Using template $paramod$e3704d25f724ec87227eb692c918af16c5637558$lut for cells of type $lut.
Using template $paramod$d309c420122d35a8f70edfaeeb7908db5137817a$lut for cells of type $lut.
Using template $paramod$43a3b7dbe24156adcd057161a97aab95295ca072$lut for cells of type $lut.
Using template $paramod$67b389d26af47a1cf9d1f3c7758d66bbe50f926e$lut for cells of type $lut.
Using template $paramod$4df6fa97f29b2dade0ab2db25ac891e403a39d75$lut for cells of type $lut.
Using template $paramod$0c42aa2d810e617c3a061a5c3b298929baf96983$lut for cells of type $lut.
Using template $paramod$lut\WIDTH=32'00000000000000000000000000000010\LUT=4'0110 for cells of type $lut.
Using template $paramod$7e18c4a0af85fcaa1081b3626aeff12b1e591b7d$lut for cells of type $lut.
Using template $paramod$6d5b38044b6f02ba6fccdbb71df5619b49113a33$lut for cells of type $lut.
Using template $paramod$b2077130d89736f5191d0d24f7f6ffd3bddb0a2d$lut for cells of type $lut.
Using template $paramod$75b2a5cf198b5f1129069605f63da1f637fcb2bf$lut for cells of type $lut.
Using template $paramod$21a9cf1c7cffed4ea7970972274e8bcced7c7005$lut for cells of type $lut.
Using template $paramod$98409dc7c318cfbd4b3720e29108797e07b3c00a$lut for cells of type $lut.
Using template $paramod$a42a1bd46125a4799884459fb86caeed56dbe834$lut for cells of type $lut.
Using template $paramod$60317d84ac2273d54801d795eaf2320e94f23b86$lut for cells of type $lut.
Using template $paramod$6fd56dc8ec5db8128c066d701f312c2f4bc15885$lut for cells of type $lut.
Using template $paramod$c459c9f8d42117424a0070526e22ab3497eb714a$lut for cells of type $lut.
Using template $paramod$lut\WIDTH=32'00000000000000000000000000000011\LUT=8'01110001 for cells of type $lut.
Using template $paramod$f05d4b8888c79762c43743d193b4196209b4613e$lut for cells of type $lut.
Using template $paramod$653e694a78d65e780a8d3daa4f26976afb6c7746$lut for cells of type $lut.
Using template $paramod$6eee9ff6a100adda1008149b2771609a949a50b7$lut for cells of type $lut.
Using template $paramod$70882b2af0e5b8870cb9bce9a0d30275b8da706f$lut for cells of type $lut.
Using template $paramod$239a649c3c5dcff42e28a38401931acf401ef810$lut for cells of type $lut.
Using template $paramod$lut\WIDTH=32'00000000000000000000000000000011\LUT=8'10000111 for cells of type $lut.
Using template $paramod$ef14303192218c8dd28cb97c03357085cb7c4d4d$lut for cells of type $lut.
Using template $paramod$d6b00b06719051e8e0d21d321c25f50651e7dd46$lut for cells of type $lut.
Using template $paramod$3f6fe0730f7978b946a57d55a78e206b053e637b$lut for cells of type $lut.
Using template $paramod$30fd89a6aa5c25f036359e46b00a649b754897f2$lut for cells of type $lut.
Using template $paramod$515852a245f8ad4469d4293cc725dbc2b46ad0d4$lut for cells of type $lut.
Using template $paramod$a50d8417db0f3a51891af8670e611f7f89ddeef4$lut for cells of type $lut.
Using template $paramod$f5598bdf7d99fbb010b9ad37cfc115d5aefe2f8c$lut for cells of type $lut.
Using template $paramod$f6e6b06ace8e36caf9ec39ee3df1ccbc957998a4$lut for cells of type $lut.
Using template $paramod$253532b742d151c01e8e51f153c24d934b8f6185$lut for cells of type $lut.
Using template $paramod$041aa1dcdd60d3c4ff6eb6326c9e544a0334c607$lut for cells of type $lut.
Using template $paramod$7168da9c3d9636f895109ab01dffe696d04e5914$lut for cells of type $lut.
Using template $paramod$819853ea333dc8f71e6cfa6bd639e4ee612c7aa8$lut for cells of type $lut.
Using template $paramod$fddb87a19dd9200b6161309e26c00c73ebbba317$lut for cells of type $lut.
Using template $paramod$1a4b6d665847fc18633775855f3d714712e9e424$lut for cells of type $lut.
Using template $paramod$lut\WIDTH=32'00000000000000000000000000000010\LUT=4'0001 for cells of type $lut.
Using template $paramod$24cb03f785a7266405db948962b05e5cdc54d8ab$lut for cells of type $lut.
Using template $paramod$lut\WIDTH=32'00000000000000000000000000000010\LUT=4'0100 for cells of type $lut.
Using template $paramod$679c0497bd344cd028193ec8906efb780eb00cd8$lut for cells of type $lut.
Using template $paramod$ede67ae6159d4864b11272c4fe0692c3419120cd$lut for cells of type $lut.
Using template $paramod$5e9374f44a27c3f8a1c38af244ec43ceb4fb8d4f$lut for cells of type $lut.
Using template $paramod$lut\WIDTH=32'00000000000000000000000000000010\LUT=4'1101 for cells of type $lut.
Using template $paramod$lut\WIDTH=32'00000000000000000000000000000010\LUT=4'1110 for cells of type $lut.
Using template $paramod$f13784ede300b12a5285177c86c7721a54cf9e12$lut for cells of type $lut.
Using template $paramod$lut\WIDTH=32'00000000000000000000000000000010\LUT=4'1011 for cells of type $lut.
Using template $paramod$d7856980c8e3df62f97c26ab34037f33a9e831b5$lut for cells of type $lut.
Using template $paramod$a197ef6f3b51d411ae3e5b42b5d77a606c4fb11a$lut for cells of type $lut.
Using template $paramod$e5e9da8fed769f971686eed8c5eea50e61f73aaa$lut for cells of type $lut.
Using template $paramod$lut\WIDTH=32'00000000000000000000000000000011\LUT=8'10101000 for cells of type $lut.
Using template $paramod$lut\WIDTH=32'00000000000000000000000000000011\LUT=8'01010100 for cells of type $lut.
Using template $paramod$ab8bb87959c5d7cfa27886cee1355b38e054a61a$lut for cells of type $lut.
Using template $paramod$658b9ed803f0d3d335616d3858b53e0a2522f1e8$lut for cells of type $lut.
Using template $paramod$6e238df02989b317f10820a22773676e71120644$lut for cells of type $lut.
Using template $paramod$8c24dc0cdd336b7fb88bbf7eed45cec5cbae862b$lut for cells of type $lut.
Using template $paramod$b2192df6f90569fea4015d0a6658bdc192199f95$lut for cells of type $lut.
Using template $paramod$5348912da867a611a8088b6b8b27a62d65f1de6e$lut for cells of type $lut.
Using template $paramod$cdc5bba2585477f1744fd1f869bebc8beb23d707$lut for cells of type $lut.
Using template $paramod$f6205ea4d16154fcc0de4d21dff0bd55a57f1ba0$lut for cells of type $lut.
Using template $paramod$af01034afe1bdbc87587d263805971d96e724ed7$lut for cells of type $lut.
Using template $paramod$lut\WIDTH=32'00000000000000000000000000000011\LUT=8'00100000 for cells of type $lut.
Using template $paramod$a5516fc31d1e552de2435200bb732b4d4ad63a9c$lut for cells of type $lut.
Using template $paramod$3ed7a1f8582c474f8b9e9f60bcced772e6f8b4f5$lut for cells of type $lut.
Using template $paramod$7d35f3eb4056e6484203c99fe42cfcf1dfaba704$lut for cells of type $lut.
Using template $paramod$b4410865e8124402796f9dfbf73ef8d279fdbd08$lut for cells of type $lut.
Using template $paramod$lut\WIDTH=32'00000000000000000000000000000011\LUT=8'00001011 for cells of type $lut.
Using template $paramod$718179c4766b4ea66e8ece9b944be5b997b67ba5$lut for cells of type $lut.
Using template $paramod$15b1be980a14edac79713e171a9494e1b4bd5060$lut for cells of type $lut.
Using template $paramod$lut\WIDTH=32'00000000000000000000000000000011\LUT=8'01000000 for cells of type $lut.
Using template $paramod$e134ec2a47a2462a591072e65d34fb15b81c90e0$lut for cells of type $lut.
Using template $paramod$e51a8a571bee774247b38f52d6e85fd62ae52cea$lut for cells of type $lut.
Using template $paramod$703a13a751e631ef123f38f7d2125aeabec0f94c$lut for cells of type $lut.
Using template $paramod$lut\WIDTH=32'00000000000000000000000000000011\LUT=8'00000001 for cells of type $lut.
Using template $paramod$fa9eb26fcf7e57b4dc534d2b1f531381b1fc4e16$lut for cells of type $lut.
Using template $paramod$c3a418492c41150e699053aee87302598b755c2c$lut for cells of type $lut.
Using template $paramod$lut\WIDTH=32'00000000000000000000000000000011\LUT=8'00010000 for cells of type $lut.
Using template $paramod$b32071787ae139ee06003c5df74d9aefe54055d1$lut for cells of type $lut.
Using template $paramod$059968be1ef12c596bb5d360a749040b6777bf4a$lut for cells of type $lut.
Using template $paramod$lut\WIDTH=32'00000000000000000000000000000011\LUT=8'10110000 for cells of type $lut.
Using template $paramod$43779580bfffd5d5a9f321249a174febf1dac288$lut for cells of type $lut.
Using template $paramod$b4f85a6321a00b090afc4e21d68e7b99eb94d149$lut for cells of type $lut.
Using template $paramod$6d6beead1425af15cf78b27fd9b11b41b5d4bce8$lut for cells of type $lut.
Using template $paramod$eba7de026ff587370e320127e266317dae097a89$lut for cells of type $lut.
Using template $paramod$193d365ba3260f56de4ca734b1cedcf9dc72302b$lut for cells of type $lut.
Using template $paramod$lut\WIDTH=32'00000000000000000000000000000011\LUT=8'00101010 for cells of type $lut.
Using template $paramod$lut\WIDTH=32'00000000000000000000000000000011\LUT=8'01110000 for cells of type $lut.
Using template $paramod$lut\WIDTH=32'00000000000000000000000000000011\LUT=8'01001100 for cells of type $lut.
Using template $paramod$44c0fe996e6f3f4ba8bae2e194245aa82c30fa47$lut for cells of type $lut.
Using template $paramod$30305e55a780880b9c824fe3509a4d981acb0f2b$lut for cells of type $lut.
Using template $paramod$f8f63b209b7230e81958663ff24fef1613156af7$lut for cells of type $lut.
Using template $paramod$eb34e8ef6242606f2743727f6f438c2c4af0d120$lut for cells of type $lut.
Using template $paramod$86d1a43c2f1d620ff2cef866448dd1258c868fad$lut for cells of type $lut.
Using template $paramod$480273aedff341609bb0d70e79d3d629c4101764$lut for cells of type $lut.
Using template $paramod$8512f4fb47fa9596f76cdbe5b407a5b54df368e7$lut for cells of type $lut.
Using template $paramod$f45429e380905f064bb0bad3a8bdb941708e63a7$lut for cells of type $lut.
Using template $paramod$b287726797d0722f64e731f1134f7c05af8f1578$lut for cells of type $lut.
Using template $paramod$3b383aa74b05b60cb9cabc0ba0eca4dea92c2b33$lut for cells of type $lut.
Using template $paramod$d88fd66b53df71bbe52e82830648a83e094f1df5$lut for cells of type $lut.
Using template $paramod$lut\WIDTH=32'00000000000000000000000000000010\LUT=4'0010 for cells of type $lut.
Using template $paramod$810e0f22d547104f8208898922f6ac2444aeece7$lut for cells of type $lut.
Using template $paramod$e3e4230bb990723642112b292aa705ee0cbad0d4$lut for cells of type $lut.
Using template $paramod$8e44661def013b6bf9fe6f8b049ef2c838d749f9$lut for cells of type $lut.
Using template $paramod$c97e738df958f490eb8461efe944668c310ecac5$lut for cells of type $lut.
Using template $paramod$7e4b9833be47d062ccb6a683b6d3811490f41273$lut for cells of type $lut.
Using template $paramod$ca909b188bb85718c979e1dc126edd8092b431b1$lut for cells of type $lut.
Using template $paramod$6375ab94b303a3f3c8d7ca6946328cb3c0b443a7$lut for cells of type $lut.
Using template $paramod$fbed19fb84ee7c8a884778d28a96daea96245184$lut for cells of type $lut.
Using template $paramod$lut\WIDTH=32'00000000000000000000000000000011\LUT=8'00110001 for cells of type $lut.
Using template $paramod$c39a78d377d5b023171e9f083c3f616cf009cef3$lut for cells of type $lut.
Using template $paramod$1c4dba04c7b1b6f9ae2fbd2ebcdbd37f5c14a3e3$lut for cells of type $lut.
Using template $paramod$cf652acbfbf67d2248e3045cd0f09c58ca55886c$lut for cells of type $lut.
Using template $paramod$315fee4be6fd48ef96ae2679d3dadf59bc76505d$lut for cells of type $lut.
Using template $paramod$850df8366e9810828515253b9a339cf48e564feb$lut for cells of type $lut.
Using template $paramod$8a2d4cabf601a55c4a3babf2fb0b709e179bc05c$lut for cells of type $lut.
Using template $paramod$lut\WIDTH=32'00000000000000000000000000000011\LUT=8'10001100 for cells of type $lut.
Using template $paramod$a50bbaf70b48eb6d78317eddf4f7e11e8988acec$lut for cells of type $lut.
Using template $paramod$272652f6c6fbe9a75eff76e45cc7e2788835518b$lut for cells of type $lut.
Using template $paramod$f5fe9d49193eeec78187d5679a6599d97b633359$lut for cells of type $lut.
Using template $paramod$lut\WIDTH=32'00000000000000000000000000000011\LUT=8'10101100 for cells of type $lut.
Using template $paramod$2014354416722209de7d48370ab008bc2278a034$lut for cells of type $lut.
Using template $paramod$fdcae86fcfd036c1880a04306ae771a9d7579c31$lut for cells of type $lut.
Using template $paramod$2ea69c779d6c1b79ac5a87b0d1523c67d5628dba$lut for cells of type $lut.
Using template $paramod$9e394303e290a474880b56f98766417009256d93$lut for cells of type $lut.
Using template $paramod$lut\WIDTH=32'00000000000000000000000000000011\LUT=8'10111000 for cells of type $lut.
Using template $paramod$c8f16510db975553c8b0be1064e8f5234175f8a8$lut for cells of type $lut.
Using template $paramod$16894c241be5ea1f024e9339dea788b4dbe184ae$lut for cells of type $lut.
Using template $paramod$0c822c65361ce832091b6c90f1a02f1ee0b109d4$lut for cells of type $lut.
Using template $paramod$e48900e6416c0940d0bb569f6e8b7c4fb547bfeb$lut for cells of type $lut.
Using template $paramod$8d7a8d6e3356de09670738ba85f2c6b874f6b06d$lut for cells of type $lut.
Using template $paramod$369624b024132c6d54ca5ca0dec0683515f4f203$lut for cells of type $lut.
Using template $paramod$lut\WIDTH=32'00000000000000000000000000000011\LUT=8'11100100 for cells of type $lut.
Using template $paramod$ba07846b1e706d3eb2010a528b0f0417e3645924$lut for cells of type $lut.
Using template $paramod$66caeb00a39d236782a97659e3bd99621b74681b$lut for cells of type $lut.
Using template $paramod$lut\WIDTH=32'00000000000000000000000000000011\LUT=8'11001010 for cells of type $lut.
Using template $paramod$e5cad3f70ef8abd514139dd032da350013fc446a$lut for cells of type $lut.
Using template $paramod$6fc4df889b39de4af325330d108505e319b11d59$lut for cells of type $lut.
Using template $paramod$lut\WIDTH=32'00000000000000000000000000000011\LUT=8'10111111 for cells of type $lut.
Using template $paramod$0c4863039594acb1edb3efc5b09270d4aad1e1e2$lut for cells of type $lut.
Using template $paramod$lut\WIDTH=32'00000000000000000000000000000011\LUT=8'11111110 for cells of type $lut.
Using template $paramod$bab0ea0d717fb03593996e2a9f716c39db2520fb$lut for cells of type $lut.
Using template $paramod$b3bd066cf18ff459f5d4b77a0b65cda1810cbe54$lut for cells of type $lut.
Using template $paramod$lut\WIDTH=32'00000000000000000000000000000011\LUT=8'00000010 for cells of type $lut.
Using template $paramod$308c221d188c45499a680e1af727d4a8e0573306$lut for cells of type $lut.
Using template $paramod$629e516b94e0a0974ae9cbdf787cc1ef4d36489b$lut for cells of type $lut.
Using template $paramod$23da582b86241546eace0c8bedadb42614eea4c1$lut for cells of type $lut.
Using template $paramod$dd9ac9287ad08936e9bba08215f2aff54ee485b6$lut for cells of type $lut.
Using template $paramod$03cca83b348e4bd92e286efc147f4c313ed6af92$lut for cells of type $lut.
Using template $paramod$46d981b5eabc08c1691f743d7a017e4435316de4$lut for cells of type $lut.
Using template $paramod$4133fe00eb18442862a284ccc67a95f8194d041c$lut for cells of type $lut.
Using template $paramod$baa1df16159ac9cdff2a409fcaf2092572c5f83f$lut for cells of type $lut.
Using template $paramod$94ac66a11090dca84889e55fcf03297912a5b7ec$lut for cells of type $lut.
Using template $paramod$lut\WIDTH=32'00000000000000000000000000000011\LUT=8'10001011 for cells of type $lut.
Using template $paramod$df196ed0a1da5c4a58c5e08a1dac304fd3fccaab$lut for cells of type $lut.
Using template $paramod$a47d3f6fd9a7aebdb1b556bc977da3380a17c8cf$lut for cells of type $lut.
Using template $paramod$d497222f59d990d3f689ed9c6ac453ecc8a2f4b4$lut for cells of type $lut.
Using template $paramod$d017bb1379dfae5c49537b3fbd1cdc27d426859f$lut for cells of type $lut.
Using template $paramod$251994398653c4cf8de320f1e306e535d5d2d624$lut for cells of type $lut.
Using template $paramod$20d0694c923c1472151fd0139718a7452232fd77$lut for cells of type $lut.
Using template $paramod$992bdc10cff2c6edd722994f0e1044bc863f79f7$lut for cells of type $lut.
Using template $paramod$b86b68a00733dbecb31d58a14a13683475a2002a$lut for cells of type $lut.
Using template $paramod$01c608da0c772a10858492e8ba4f65bc04f42266$lut for cells of type $lut.
Using template $paramod$2f7deae5fb594b0c70bb82efd4d3682a7baaa352$lut for cells of type $lut.
Using template $paramod$0fcb06ed76df01e8d45bc2b9e6c8a9b43fa42cb4$lut for cells of type $lut.
Using template $paramod$323dbb47a6d14615772fecb6fe7c4bec277e6c6b$lut for cells of type $lut.
Using template $paramod$e88508cd05057c1bfabd82aa24cb25f8f8bc5d69$lut for cells of type $lut.
Using template $paramod$234fd643079033ba0cbc98ff572df9b7b7a0dc86$lut for cells of type $lut.
Using template $paramod$fca001e3e0b52158a872e76e56c01ec10dfbb1de$lut for cells of type $lut.
Using template $paramod$1246c070f4b8a484e0dc3f349630d98613ddb71c$lut for cells of type $lut.
Using template $paramod$d6ca727e39f31d51d29072e0f33aa09c65e37336$lut for cells of type $lut.
Using template $paramod$c9a1151a209e34b2d562406b974dbfd1a8aed622$lut for cells of type $lut.
Using template $paramod$lut\WIDTH=32'00000000000000000000000000000011\LUT=8'00000100 for cells of type $lut.
Using template $paramod$bff60da521de773f8caf46fbc0845c3d7d3e2310$lut for cells of type $lut.
Using template $paramod$lut\WIDTH=32'00000000000000000000000000000011\LUT=8'11010100 for cells of type $lut.
Using template $paramod$6aae6df70cbccb8cbd2f0d73762268d3f866e230$lut for cells of type $lut.
Using template $paramod$lut\WIDTH=32'00000000000000000000000000000011\LUT=8'01100000 for cells of type $lut.
Using template $paramod$ebe302cf675f04f2cc698a4f6888fe67d7e9866d$lut for cells of type $lut.
Using template $paramod$cee8e6073386036a8af386ec7498ddc868b0869a$lut for cells of type $lut.
Using template $paramod$lut\WIDTH=32'00000000000000000000000000000011\LUT=8'11111000 for cells of type $lut.
Using template $paramod$364c9ffbffac467d60dfec81bba4e18476c15602$lut for cells of type $lut.
Using template $paramod$lut\WIDTH=32'00000000000000000000000000000011\LUT=8'00000111 for cells of type $lut.
Using template $paramod$7f1ac77c5d84ef62fa0ac317f9798af74d02a33d$lut for cells of type $lut.
Using template $paramod$873c285bdccf0ac2b60d2304ea5cd14bf211d2a6$lut for cells of type $lut.
Using template $paramod$6b0849254d6c87461fb93e37cc18f089f61eb912$lut for cells of type $lut.
Using template $paramod$lut\WIDTH=32'00000000000000000000000000000011\LUT=8'01010011 for cells of type $lut.
Using template $paramod$5365cc8bdc6510013c4bdc254f83f4b7ddef30b4$lut for cells of type $lut.
Using template $paramod$db08fd84fb3c4d6a41eaec6adfffe445fb7eb17f$lut for cells of type $lut.
Using template $paramod$fe89c52e83c5b0456317806a3190c48a5e8494e5$lut for cells of type $lut.
Using template $paramod$e46703b423a661cd7d311c41833ea655969702cc$lut for cells of type $lut.
Using template $paramod$7f02d593754a4eb465cf36be32e46f631bab9b30$lut for cells of type $lut.
Using template $paramod$f3ada871809f362efd8eb0c4fb952bb5c98f0750$lut for cells of type $lut.
Using template $paramod$90dc599eed99da511e64ad217d69e7ff2c1e56cc$lut for cells of type $lut.
Using template $paramod$02a39d6f75416c06fff45fc81145d64144c93f5a$lut for cells of type $lut.
Using template $paramod$6efd7ea3aadcf7c172f5564f2eb5bc1bf9c53186$lut for cells of type $lut.
Using template $paramod$b93d1ea7a612a32c185108f67a153d44ffb9aac2$lut for cells of type $lut.
Using template $paramod$b3a22123e3db39a27328386264644d25a590320d$lut for cells of type $lut.
Using template $paramod$b689b8ff42a80f1cd99d931a6ab60c44f4f74f36$lut for cells of type $lut.
Using template $paramod$f503ae6dd13af4ce255f26a38c5b2bb42d3444fc$lut for cells of type $lut.
Using template $paramod$a7c07944e10969b2e1fd563a5b72f89493cb3705$lut for cells of type $lut.
Using template $paramod$ddace04fba544e6adc4cdda6a50048ddd7c111af$lut for cells of type $lut.
Using template $paramod$lut\WIDTH=32'00000000000000000000000000000011\LUT=8'00010011 for cells of type $lut.
Using template $paramod$179512a187da069f3b79ef6612a41e494e7d54b6$lut for cells of type $lut.
Using template $paramod$81d8a60fd95b1a9f9ef71c12a774ae6988cb9fd5$lut for cells of type $lut.
Using template $paramod$53782fb4edcd6a6e94da99a052281661ba7fb523$lut for cells of type $lut.
Using template $paramod$bba54c1ef87367812b4c15f4aed5ac70773df775$lut for cells of type $lut.
Using template $paramod$11ec7271d8e6e5aeaace08c13e4c601f10e31038$lut for cells of type $lut.
Using template $paramod$f1b8c4b30c8595ca8d1f1294f289f0e4b5defca7$lut for cells of type $lut.
Using template $paramod$ffc2ea81a65101fbef8a332deddf112494d27163$lut for cells of type $lut.
Using template $paramod$98169c66ee8e7f02fa6273a826001209892feda5$lut for cells of type $lut.
Using template $paramod$48c19eb209dd8ad2c18334e4df384d3b3b74d5ec$lut for cells of type $lut.
Using template $paramod$292bcc9fbb09931f31d28f3f2a496969096984cb$lut for cells of type $lut.
Using template $paramod$18368a3da11a7221c7fb674ec80ee0d0bd64b883$lut for cells of type $lut.
Using template $paramod$e9c77024ca501b890c641f9c0b10e27242db8730$lut for cells of type $lut.
Using template $paramod$7a9b7d7d96d5349b2a3f800b325795fd17e50692$lut for cells of type $lut.
Using template $paramod$e85b6eba0dacefc5f73f8748159b8b9599212afc$lut for cells of type $lut.
Using template $paramod$d53578aacfd93124244778d88be0e90eb09c1b1b$lut for cells of type $lut.
Using template $paramod$0ca6086cf22047123a196c2e878d6ea2ba545af2$lut for cells of type $lut.
Using template $paramod$e6a063c8a8fe81d8cb30ccba72d387d75f9b1ac5$lut for cells of type $lut.
Using template $paramod$e492352911fb6c6e886cc4709e1d39faa53dda7c$lut for cells of type $lut.
Using template $paramod$228ed53605a00813d8c74a9d99abb77a5651766e$lut for cells of type $lut.
Using template $paramod$lut\WIDTH=32'00000000000000000000000000000011\LUT=8'11100010 for cells of type $lut.
Using template $paramod$170555e4c86b4c6fb73075d374848f6639b2944e$lut for cells of type $lut.
Using template $paramod$d98f12bfe7492b7a59490b4878a317e41e54a555$lut for cells of type $lut.
Using template $paramod$6912cdd43cc1e36fb7c18b767a68ada685638f63$lut for cells of type $lut.
Using template $paramod$17d4fb2077cb7df6fab11c907c67b6f08f6e17ae$lut for cells of type $lut.
Using template $paramod$66e741791413519a466d4f44240bc83d3a191818$lut for cells of type $lut.
Using template $paramod$7a53c3f6f3b83bd54c95ccc8e5f8734e71e3b43a$lut for cells of type $lut.
Using template $paramod$48c863df16d04d9ff92e71230cd43a9c15aa48f0$lut for cells of type $lut.
Using template $paramod$6e8a2a1050709f95709a6a533d141821ee17513d$lut for cells of type $lut.
Using template $paramod$lut\WIDTH=32'00000000000000000000000000000011\LUT=8'11110010 for cells of type $lut.
Using template $paramod$b80e608920ce9cfa1f5c7d21df7a72954e9b0a70$lut for cells of type $lut.
Using template $paramod$6ffaa13445c33f3193b27ae6b9f5de8e6953d01b$lut for cells of type $lut.
Using template $paramod$de81bb4f24bddd9c01fb4a8d2c0db4e04ac2517e$lut for cells of type $lut.
Using template $paramod$lut\WIDTH=32'00000000000000000000000000000001\LUT=2'01 for cells of type $lut.
Using template $paramod$20235ca863361fbc253329cfc7eeea38c77404dc$lut for cells of type $lut.
Using template $paramod$859290076eb0ab5533d03769d9103e68d9252019$lut for cells of type $lut.
Using template $paramod$baa939b0bd5b3e0c8760492528669bd58f640542$lut for cells of type $lut.
Using template $paramod$e5f53fb2cb3e702c9422ebddd3ba952e5a8f3401$lut for cells of type $lut.
Using template $paramod$lut\WIDTH=32'00000000000000000000000000000011\LUT=8'11000100 for cells of type $lut.
Using template $paramod$25003f26a78bb2f583f23824f1e0b8cc16b88761$lut for cells of type $lut.
Using template $paramod$16acd004d6f08cbadca4addd7d5a3e521f8fb51a$lut for cells of type $lut.
Using template $paramod$lut\WIDTH=32'00000000000000000000000000000011\LUT=8'01000101 for cells of type $lut.
Using template $paramod$d6a246575d0ba3dcbbccd768ad41b602f82ff057$lut for cells of type $lut.
Using template $paramod$956157c0497c969d2ee7549e519f18a7bb88f829$lut for cells of type $lut.
Using template $paramod$99d2121e179120ff7289cd4528d3fd4ca34ec992$lut for cells of type $lut.
Using template $paramod$0e917575253413a72ca9be20bb4120f78c91f3ec$lut for cells of type $lut.
Using template $paramod$fbc19d58cfb086e942677118218c98262ad1b996$lut for cells of type $lut.
Using template $paramod$2f6d6cb79994f0cdc94d99129a4595980681bae0$lut for cells of type $lut.
Using template $paramod$lut\WIDTH=32'00000000000000000000000000000011\LUT=8'10001110 for cells of type $lut.
Using template $paramod$354c6e12bb192c5ea1375ea4c9e81a221c8f7991$lut for cells of type $lut.
Using template $paramod$a5810b3064bbc05b2c453025774af99926f05666$lut for cells of type $lut.
Using template $paramod$d0e2cda39391606d46b58a28438fbf4233177490$lut for cells of type $lut.
Using template $paramod$0e0591ac27b6559d44b4716b35daaa57c6cc835e$lut for cells of type $lut.
Using template $paramod$89805921cf93419753142de8acd2e5561a126fb9$lut for cells of type $lut.
Using template $paramod$3a0a392069bc969f34c65c546a8c56fbbb67e282$lut for cells of type $lut.
Using template $paramod$e6a488add0b5a2d742e2ae29f62ce7616e04271d$lut for cells of type $lut.
Using template $paramod$2f17e1be43f3ac07ddcc5afec3b8e6a34320bd15$lut for cells of type $lut.
Using template $paramod$a45652774d19e46f687136d6d6c543d48edd2193$lut for cells of type $lut.
Using template $paramod$9eaa8ec8337ef7465839ecf5d97b8fe2d459c423$lut for cells of type $lut.
Using template $paramod$b0303f90d8bba91812b5ec0c0d88cce5f7058b25$lut for cells of type $lut.
Using template $paramod$65623f37fad1e52e9e735a6bdd5ac3e34a56b6eb$lut for cells of type $lut.
Using template $paramod$a743caf801766df40bcc22d49baa12a0bdc2f7fe$lut for cells of type $lut.
Using template $paramod$be3ae998edb1a850151d9055508142e72e8ec3b8$lut for cells of type $lut.
Using template $paramod$650d6bda0785f10fcae4d584cfd41d56587d67db$lut for cells of type $lut.
Using template $paramod$6615c33c1b260ab389d0ee6c4c5ae29b672adc63$lut for cells of type $lut.
Using template $paramod$d2db75ad09f392b7e32a71851abbcecbcce56936$lut for cells of type $lut.
Using template $paramod$a8d0ba84ab9f91fcabc23b87c1d0167a08c9f61b$lut for cells of type $lut.
Using template $paramod$4e9bcbac9cb7232342a2a2618d90d09bbfd4eeb8$lut for cells of type $lut.
Using template $paramod$ccb8486230d462116482f656c17f9664e18f1416$lut for cells of type $lut.
Using template $paramod$605a3ae9a804b9bebe69f7dbeee2301e2f81dd6d$lut for cells of type $lut.
Using template $paramod$lut\WIDTH=32'00000000000000000000000000000011\LUT=8'11001000 for cells of type $lut.
Using template $paramod$5a115ff4aafba58e20bd383535ae3eecaa99c6b2$lut for cells of type $lut.
Using template $paramod$345fd45d08372b78664700630f82ee6e3f3317d9$lut for cells of type $lut.
Using template $paramod$c28a8b7ce0535d090c4cfb52e9c74affd52b110c$lut for cells of type $lut.
Using template $paramod$c5479cb3b02237832e868d4808b3a7f1be08f618$lut for cells of type $lut.
Using template $paramod$101238f3d8d49ab12a9b49a2f01cd503b26e9c61$lut for cells of type $lut.
Using template $paramod$1bbe0c1f5e044394efc60a2030da26e9097c4b06$lut for cells of type $lut.
Using template $paramod$65664ca89fafebf0968e0091c70f8824d2272921$lut for cells of type $lut.
Using template $paramod$9bdc414229f06e785dc8fd97a243faa9336e164a$lut for cells of type $lut.
Using template $paramod$097592bb16245531f0716c5ddb18d7090f9c7d9d$lut for cells of type $lut.
Using template $paramod$35369ee2661bc6f22afa7fd33e082ebba93672ba$lut for cells of type $lut.
Using template $paramod$c63fb63be97a9db4ce7bd031e26652a8b349a094$lut for cells of type $lut.
Using template $paramod$d9f23974f72a3ab437d1a63d2f34fd3483a6f58d$lut for cells of type $lut.
Using template $paramod$cd05caaf261e4148f336c0ecc488c806e4433d99$lut for cells of type $lut.
Using template $paramod$ea0faad69a26c91786a25961ea149d0e0961eb1f$lut for cells of type $lut.
Using template $paramod$5dd010b8b6611f480d8479d5a73c697bd413c5b6$lut for cells of type $lut.
Using template $paramod$662c4c296c552a576a2f3903f8ae3413eb680e32$lut for cells of type $lut.
Using template $paramod$91d6743ceb0f093b57d242b538f7f23d2346d4c9$lut for cells of type $lut.
Using template $paramod$aff3a645bb9f572421a4f0f49cf8987ceb4bcdc5$lut for cells of type $lut.
Using template $paramod$lut\WIDTH=32'00000000000000000000000000000011\LUT=8'11010000 for cells of type $lut.
Using template $paramod$e97fdcbe2a5a579448c8b0b7989ad416d90f247b$lut for cells of type $lut.
Using template $paramod$lut\WIDTH=32'00000000000000000000000000000011\LUT=8'00111010 for cells of type $lut.
Using template $paramod$741a667bfb11b41b076036b1fc79a2eb57ffb865$lut for cells of type $lut.
Using template $paramod$4d77a22f70ee0c7eea4afdf56ea6f73fff5dda5e$lut for cells of type $lut.
Using template $paramod$3ca4e86dcd85511f78481e724cbe02ae052dc5f5$lut for cells of type $lut.
Using template $paramod$6209efcd2a8395a2da412b39de3a6847c29c7b9b$lut for cells of type $lut.
Using template $paramod$lut\WIDTH=32'00000000000000000000000000000011\LUT=8'00001000 for cells of type $lut.
Using template $paramod$1dc156f0e2626c335749a32ac51351fcfb028bae$lut for cells of type $lut.
Using template $paramod$129f5b55fa9a45614df91b4a79acd963ccf442b9$lut for cells of type $lut.
Using template $paramod$92d02a23a824f06f6768e37452acd4b6692c2272$lut for cells of type $lut.
Using template $paramod$a3ae0924cde80889c6e05ae61ecf799facf8ded5$lut for cells of type $lut.
Using template $paramod$609f9a1f8ce97591239aaa49754d2529ea58ef89$lut for cells of type $lut.
Using template $paramod$c10f7f208e328fd5acd83dee783dd358cd03066e$lut for cells of type $lut.
Using template $paramod$e84e4a245515000cd6930e0f4535753ed485f71e$lut for cells of type $lut.
Using template $paramod$c18316765b193c8fc68dacbcf73829d51ebe1631$lut for cells of type $lut.
Using template $paramod$69f20e0703606f2ffd2ee27cd26f815bd5eeb6e9$lut for cells of type $lut.
Using template $paramod$7a427f26ae02e2a7f8782bdc91f703539bd7aed3$lut for cells of type $lut.
Using template $paramod$833d34ab0778b8ab26954256c7b757dc583820a2$lut for cells of type $lut.
Using template $paramod$734cb5d7d83659ae4da13abb9e04fafa8dc19119$lut for cells of type $lut.
Using template $paramod$cf53b80a997cb8c02978326fb9edba2c99ea3ab5$lut for cells of type $lut.
Using template $paramod$9664483609d9e726df9697364de1aad825ad3979$lut for cells of type $lut.
Using template $paramod$5b75da83ac7a1974960c1232880751d4288a09c0$lut for cells of type $lut.
Using template $paramod$de94a7503c89eb88e25ca9c391e68d87bb47f4c8$lut for cells of type $lut.
Using template $paramod$a8e9765bdd098ec5a2aa4ace7e7ef616aae27e94$lut for cells of type $lut.
Using template $paramod$58b196a25db6e7accdefbcc9d097f8aae0a8a51d$lut for cells of type $lut.
Using template $paramod$ba25d63e8a8f4e5c54ee6344747ab0f27e78a3da$lut for cells of type $lut.
Using template $paramod$b57e6ec3eb28898d1897fa0a774f26c970a33299$lut for cells of type $lut.
Using template $paramod$6c324f274cc55723981ff93567f8f06ed63bcee3$lut for cells of type $lut.
Using template $paramod$09dbe61e58773048a674851ccc0b491df7fd71e3$lut for cells of type $lut.
Using template $paramod$4db7f87fdd10af01f5ee0311e6ec9d4200207f87$lut for cells of type $lut.
Using template $paramod$ceed65a5e1387a9c8889b6f32f0b3608449cb882$lut for cells of type $lut.
Using template $paramod$7431ce1a0bb1a09bbcd3d24625c88b5bbd937fda$lut for cells of type $lut.
Using template $paramod$05ebf658742d14dfede2ef28f3010a9f1bc37c2d$lut for cells of type $lut.
Using template $paramod$4479314a9b067e4e3ecb3a554e1df643beb8027b$lut for cells of type $lut.
Using template $paramod$ea70d706be816191dc1e6b8b4a6cc22d6a222ae0$lut for cells of type $lut.
Using template $paramod$af927c7e0b634358af579f08e615891c0f95ee93$lut for cells of type $lut.
Using template $paramod$cba70b6e653a9200d4db4a28a637d318ceb4e4f3$lut for cells of type $lut.
Using template $paramod$464a6abce6a12dab67d750ece2a4515b1621d5c5$lut for cells of type $lut.
Using template $paramod$cc92524b275f30b2eb5afe7cfc8c3d584598cdb2$lut for cells of type $lut.
Using template $paramod$0854e99e4a29fab40b909aa0851b32700e65f5ae$lut for cells of type $lut.
Using template $paramod$6eefcc2fff7a98e1b9b2758be6fab4a175f18206$lut for cells of type $lut.
Using template $paramod$9a9413aff4a68cc89b53b446a951c62ac89c6f92$lut for cells of type $lut.
Using template $paramod$98e1cc699f460c9735dd0511ed7f3b5cf0875f85$lut for cells of type $lut.
Using template $paramod$893a2d12b22003de091303ae130ec3e6b450bef2$lut for cells of type $lut.
Using template $paramod$e266855316c6db3a72afcba443a670907e1a6f58$lut for cells of type $lut.
Using template $paramod$5e03345028320abe2a411055c15c905319f0d1ad$lut for cells of type $lut.
Using template $paramod$409d15c4fb25bfde507949cbd68419bdbeb5f877$lut for cells of type $lut.
Using template $paramod$c6615e5c578c960dabcd59ae1638b108e07616b4$lut for cells of type $lut.
Using template $paramod$42a3b1891a6611279b4cf7495f5a061a3ad0d14e$lut for cells of type $lut.
Using template $paramod$c93635898dbef999ebac3e79c7e7e50e4ecf04bf$lut for cells of type $lut.
Using template $paramod$64a2b75808fcbcba721a338f2d5448d304070a69$lut for cells of type $lut.
Using template $paramod$3a464d937f2f15b909cfdad90646187d76e71c78$lut for cells of type $lut.
Using template $paramod$a2b4ddfa3906001b2ef9f2414d79c3048f2a3a6e$lut for cells of type $lut.
Using template $paramod$58389980c63f3235c8f8122d952d60e88e8ccdf8$lut for cells of type $lut.
Using template $paramod$241c057129dbfe252b7177e6c027e6106577f1ea$lut for cells of type $lut.
Using template $paramod$0ed8764c222b4133b886f0451426441d3ef7d1dc$lut for cells of type $lut.
Using template $paramod$546f03a105f58adb2a5771dda9ebcc4ce5baf3dd$lut for cells of type $lut.
Using template $paramod$5ff7acac98c1ea4792106f559a5af2f06dacc968$lut for cells of type $lut.
Using template $paramod$89c438bc0384d6290f580f1a5eaa238b491d9c91$lut for cells of type $lut.
Using template $paramod$8d6315dc3df1dab8d9fa60f87d37ce4fa4ad7d28$lut for cells of type $lut.
Using template $paramod$82a48e5f5771a531ca9edba4cc6af5165f5035d5$lut for cells of type $lut.
Using template $paramod$06214280de0361fed384f3a51764c3badf8b637f$lut for cells of type $lut.
Using template $paramod$531d1b367491adf89e2dc73ef0f1ab40f2e0068d$lut for cells of type $lut.
Using template $paramod$308e300b279c3fb1d666eec1475a5f98a3249044$lut for cells of type $lut.
Using template $paramod$76d3c489b1eea30aa54d2dd8291991938d16ca5d$lut for cells of type $lut.
Using template $paramod$97db012ac9ae95b87ac086c8bfc1800ca379ce18$lut for cells of type $lut.
Using template $paramod$53f12c95ac336b34337beace0e085d789dff2029$lut for cells of type $lut.
Using template $paramod$39778acdffedf2cf8b245c5ca1888036bc86e062$lut for cells of type $lut.
Using template $paramod$77103f2c2db585de6069f95deecf54fe645ed95b$lut for cells of type $lut.
Using template $paramod$1463ab8ab2b982643a28a25f667d94d9ea020d04$lut for cells of type $lut.
Using template $paramod$d34208e7c7fae3fc64f84d1c966da9062f54ec80$lut for cells of type $lut.
Using template $paramod$5af70d1a1590261e072d968530417140216767e5$lut for cells of type $lut.
Using template $paramod$c5adb532e669311c61da978d6863eee6116bd113$lut for cells of type $lut.
Using template $paramod$aa22e94246b36e2cf01c175bbd947110b378bc83$lut for cells of type $lut.
Using template $paramod$208d3704f81de78b2cbd738e8946d2cb422f3170$lut for cells of type $lut.
Using template $paramod$d2010ca23c4e39d04680dd6de85e9e499a215b95$lut for cells of type $lut.
Using template $paramod$95109a62fea23d1738324748c3fbb67f85edd1de$lut for cells of type $lut.
Using template $paramod$ac5104b0f31e073ac445859404a5ecbcf6edcff5$lut for cells of type $lut.
Using template $paramod$fb488bd9804018afcabe46c76f4cf4172153cf51$lut for cells of type $lut.
Using template $paramod$a86065a7e9fa1cf963f48c861b0aa8690c5585f3$lut for cells of type $lut.
Using template $paramod$bf55e41ef19adbe8c679ae1da061306dcc6b30f7$lut for cells of type $lut.
Using template $paramod$ecae44aeea61e59b91c4cc7bcba88e88cb1e2716$lut for cells of type $lut.
Using template $paramod$f71cf94fa33ba479ae1fa8ee2f678103f97277a5$lut for cells of type $lut.
Using template $paramod$40614bc945b57aab95fbc31af093a3fc79ada1f6$lut for cells of type $lut.
Using template $paramod$7a437dd504a6796ff087aac0f68ba9c5a2f3b076$lut for cells of type $lut.
Using template $paramod$7be5ba6537bbd61f594c56628aabac8a2fd8927a$lut for cells of type $lut.
Using template $paramod$617c21c5af39587c5b3e6d5e438afd76342b7611$lut for cells of type $lut.
Using template $paramod$d6c1fc082cd90cd2d6891c8cdf00852e1c858ca2$lut for cells of type $lut.
Using template $paramod$913a45501b5a601c3a518d23dbc4869330ee4bb3$lut for cells of type $lut.
Using template $paramod$9108fefa98a446ec6c685a6aa8eb1fccbc76b042$lut for cells of type $lut.
Using template $paramod$4e1ade30f5703239edb72a14524d144be4e8d131$lut for cells of type $lut.
Using template $paramod$a553f869707b0da0a9d825736a589acfefe1d65d$lut for cells of type $lut.
Using template $paramod$26c6eee984c99ab7c3bb4a85cab5854f70684cc5$lut for cells of type $lut.
Using template $paramod$fa0c513cf78b7db97717b32ab00469425a88e9a0$lut for cells of type $lut.
Using template $paramod$4efd1b47743553d2acd3bf9d6f9320a0d69e4d5a$lut for cells of type $lut.
Using template $paramod$7125b224d5920c893c2dd3de98a266451c2ebe7d$lut for cells of type $lut.
Using template $paramod$c81e044bf45c34a081d78e9a1ef0189f26e35153$lut for cells of type $lut.
Using template $paramod$184a70bdb6b3d27cb20f96ba8b9acbeadb8e2de9$lut for cells of type $lut.
Using template $paramod$5e6238245ec4be339acc0e4440cc6a580fc203b2$lut for cells of type $lut.
Using template $paramod$52e19e3799bac8d438e2bcae08b131510d3bf395$lut for cells of type $lut.
Using template $paramod$2e6bc73e66abfd9c22e91ca874fb2c3353e6a936$lut for cells of type $lut.
Using template $paramod$0ed4736b1191795b6e8974125fad0ebba3bd2971$lut for cells of type $lut.
Using template $paramod$a574d7b1331295c6db166301708710ace65800c9$lut for cells of type $lut.
Using template $paramod$693b2706ca522f5849d7240532881f8f08ca2f8d$lut for cells of type $lut.
Using template $paramod$95f10988b0b105871c8f9c77db6d5d3ed6890086$lut for cells of type $lut.
Using template $paramod$2f14ba59dec30a3ecd03a3496ab46722012d8c15$lut for cells of type $lut.
Using template $paramod$32bb51a36b6ccb2778dec35b4976c90637e4d91a$lut for cells of type $lut.
Using template $paramod$ee6682f13f4058ad3f1adfcfc64fc4b737208600$lut for cells of type $lut.
Using template $paramod$1105389d7dd9bb30649af81306ba16328e2f6e49$lut for cells of type $lut.
Using template $paramod$9d85e8e34aaf95538016ade5c182c4b439252d3f$lut for cells of type $lut.
Using template $paramod$5f86834f47cab57ab5e38c28a4f06dff6dbadd8e$lut for cells of type $lut.
Using template $paramod$d3fe1149de823884f28d64437f8753264c8a4abe$lut for cells of type $lut.
Using template $paramod$e0f5a381071b3ce20f79afc4b3793edf8fd7d004$lut for cells of type $lut.
Using template $paramod$171bf358fad47a22c8273f85c0eeae6e984fa8c5$lut for cells of type $lut.
Using template $paramod$f804160aded9271e6ad4c148aa9779872ea8cf3b$lut for cells of type $lut.
Using template $paramod$c32f81a432904408c6a89f6494945f9f64209b93$lut for cells of type $lut.
Using template $paramod$80cc4c55bbc3294f06de8696422e2395b9326c92$lut for cells of type $lut.
Using template $paramod$ff0492cefa9d88b45048be8f28ff790fe5001e2a$lut for cells of type $lut.
Using template $paramod$c12b11b1dcb316df1ce3b1a6920f734dd5f30bc5$lut for cells of type $lut.
Using template $paramod$bd104a6081f438c02c2b773eaaf266af8d8c6e9f$lut for cells of type $lut.
Using template $paramod$d0a770e4418cc1bd55c5894d620cd74c1d6344a1$lut for cells of type $lut.
Using template $paramod$6bb46f6b64f4843c1b3a9fae8cc40c146f15fec4$lut for cells of type $lut.
Using template $paramod$06fc2007402bd8374714ba45b03265cdb5b17eb9$lut for cells of type $lut.
Using template $paramod$42fd86394004644f8b65f45319623d3257d5fd71$lut for cells of type $lut.
Using template $paramod$f4e98d76533f74aa46f2f2892585d01304e56b4c$lut for cells of type $lut.
Using template $paramod$1673e5c722c4cd4d125382ea6f2176eb91336522$lut for cells of type $lut.
Using template $paramod$b06d1b87842a8cf468244fc3bce8cea68f529e80$lut for cells of type $lut.
Using template $paramod$692927e279b3d5c42ee4aacb287247c0b34943ed$lut for cells of type $lut.
Using template $paramod$a0dadaaac0065d3a00f8fae693cb398b14a54a38$lut for cells of type $lut.
Using template $paramod$14672a0c0bf57d504a958d6cd17a29203ebe7ad1$lut for cells of type $lut.
Using template $paramod$f7841b59a661d1f04e1df006d4da8ad960a8fe5c$lut for cells of type $lut.
Using template $paramod$5afe69dc0ede50ebcf2975f656720807829b0abf$lut for cells of type $lut.
Using template $paramod$cb9c54bd57f8731c6bf477b6c266f060fa5cb9e5$lut for cells of type $lut.
Using template $paramod$e26b2e134e3733b333b14dafe892283dd144c8a5$lut for cells of type $lut.
Using template $paramod$58cda21cc96817a402d7713f2c265377d48516d0$lut for cells of type $lut.
Using template $paramod$d51be25b81d5b6a86c259a64224c3fcd80f1d037$lut for cells of type $lut.
Using template $paramod$e9712be168fc6bce0272573ea92a88857d8ea878$lut for cells of type $lut.
Using template $paramod$7b6dba9da7b24ba15cc91d483adc1cbb42ec924c$lut for cells of type $lut.
Using template $paramod$2c65781288120ff851373ebff577855f8586142f$lut for cells of type $lut.
Using template $paramod$3100559ac358b4448656c3c1bb9c2c3464b5327c$lut for cells of type $lut.
Using template $paramod$9226d8237b35bcf3e4152eb8f1fd14e007c791ae$lut for cells of type $lut.
Using template $paramod$347284e1f8d9eddcf6cb61d737ed388f75a44f2e$lut for cells of type $lut.
Using template $paramod$a8cb9dc6eccb911035b7155b3fa8bdcdb987b386$lut for cells of type $lut.
Using template $paramod$4d2b52fff3c0fdfc211225aca33c3f4e4f8fc85c$lut for cells of type $lut.
Using template $paramod$d359c9ee95099b320a556e51f229a013b29ad077$lut for cells of type $lut.
Using template $paramod$b615df27726cbab4f3d719eeb64987118eff9796$lut for cells of type $lut.
Using template $paramod$6a5a4d22ddb060f73ae96e7201d959ca4da8532e$lut for cells of type $lut.
Using template $paramod$389c91093a17538b2bcf874a7be462d223ac1fac$lut for cells of type $lut.
Using template $paramod$10f0a7706c0669bb94014abae34f10edc3cd5fbe$lut for cells of type $lut.
Using template $paramod$f2d3248682939c8229ccb049e73aa61f7c752de2$lut for cells of type $lut.
Using template $paramod$6af023d04780a6b54e8dd53dc6126bcf1a45e79b$lut for cells of type $lut.
Using template $paramod$c81968afadd81b17087a85026201b3be754664fb$lut for cells of type $lut.
Using template $paramod$e0b192dcf742212c7befd720b774997b20cd9310$lut for cells of type $lut.
Using template $paramod$bffa98d04b58a12bc74cf41e922a4b162e56ac7e$lut for cells of type $lut.
Using template $paramod$26bc612ba1b783481caeec52f1dfce14f315ed79$lut for cells of type $lut.
Using template $paramod$798f606011c1c1442dc7058f5433df9035b858f1$lut for cells of type $lut.
Using template $paramod$4503307402402f0834059e82aa7109367927dd83$lut for cells of type $lut.
Using template $paramod$618a50357e4ee5d27ea6a60a77b5ee47aee5b390$lut for cells of type $lut.
Using template $paramod$22ec8ccfab4d160f5b687c1bb7422d6acaf51508$lut for cells of type $lut.
Using template $paramod$3ad93dd90b772d456ecd31d66897cbc33d42bf0b$lut for cells of type $lut.
Using template $paramod$c00430f5e629a60415ca144072e4425510feed41$lut for cells of type $lut.
Using template $paramod$86df1973ffccbb2182f87febf3f86e25bf898bc4$lut for cells of type $lut.
Using template $paramod$77bdd05b06721d7116db83794b29d5d0ca1e285a$lut for cells of type $lut.
Using template $paramod$8f3a2049ce51d2ff7f22857a4a5c2c0852036cc4$lut for cells of type $lut.
Using template $paramod$b95daa81c2103629ec6465edd64474863e83c0d0$lut for cells of type $lut.
Using template $paramod$7e974fafa1055d7e2f74618196c1fe6528b013d3$lut for cells of type $lut.
Using template $paramod$7026d3d5cfa69a665ddc2ef129bf5bdba46a44cc$lut for cells of type $lut.
Using template $paramod$274e114d33d95503f6f044251bb3804c1c1a2d32$lut for cells of type $lut.
Using template $paramod$be2927e78cf870e7c1db90299bcdf10ac3e1f871$lut for cells of type $lut.
Using template $paramod$7fe37d326d17a5717ef6a512f3d2ddff9999ad6f$lut for cells of type $lut.
Using template $paramod$08135130da2dba0f583b35a72d2746f9bdc82fec$lut for cells of type $lut.
Using template $paramod$eb9cab9e87b0957ee14f97b8702078349d9f025c$lut for cells of type $lut.
Using template $paramod$a5f485f7b71b759fdcb204cb1217ddb6f23d9a17$lut for cells of type $lut.
Using template $paramod$703e358fdbf2c91746d9bc21de63cab5ea5d6e7a$lut for cells of type $lut.
Using template $paramod$805061b344ea1f7399fa94bbeaa6d360d614d5f5$lut for cells of type $lut.
Using template $paramod$9452ccfb6682f915033d70545645800a65613b0e$lut for cells of type $lut.
Using template $paramod$2950288c8408706d55cb0926c3c6bda077975e4e$lut for cells of type $lut.
Using template $paramod$a8c766636d0c99e965ea008d4e6e1d81f06a0e5e$lut for cells of type $lut.
Using template $paramod$77b4f99fa40a72c21887988e0ccc9d7a4a61ce18$lut for cells of type $lut.
Using template $paramod$0e989baf437db54c9878e3487172e3abb8fc6ce8$lut for cells of type $lut.
Using template $paramod$9c16f385c79d5de1198656716b3cb1cad308fb1b$lut for cells of type $lut.
Using template $paramod$2954cee436c66b733605e5f5280b54a33dbf9fd5$lut for cells of type $lut.
Using template $paramod$15ed15c002e80338f7ab3f2fd29b5e1f110031a4$lut for cells of type $lut.
Using template $paramod$3195cb5bce70618be95b087121fdacabba427f70$lut for cells of type $lut.
Using template $paramod$4cd89722f5789a39ce66cb52b96e277494c893c8$lut for cells of type $lut.
Using template $paramod$1aa155f586395fd83c3fd3156d0daa1fa9503242$lut for cells of type $lut.
Using template $paramod$631060d1b9ab2cd2c1ba78c39b671f5c2f01e4bf$lut for cells of type $lut.
Using template $paramod$238e277d876b857644001579d2243b7f6c6c5839$lut for cells of type $lut.
Using template $paramod$7903e63f315547fb621179d8de1964dbab2df549$lut for cells of type $lut.
Using template $paramod$360e56a75322ab10d79ef3a11c0f2279548c8fe1$lut for cells of type $lut.
Using template $paramod$208f7400a5e41a7ff6da4924f06a470228396f0b$lut for cells of type $lut.
Using template $paramod$f1b098f23b8796952b828088640054109ad80d51$lut for cells of type $lut.
Using template $paramod$a6766e320d89b19a2c01d85f24c777926c5a5c21$lut for cells of type $lut.
Using template $paramod$997a6dcd4557714e5155eea02ac1ee76b8a7818a$lut for cells of type $lut.
Using template $paramod$f39343da7bef219a9d36162b787c0b97f85e86de$lut for cells of type $lut.
Using template $paramod$86a638bb0dc030a14f0969917fcea0376e43a8d6$lut for cells of type $lut.
Using template $paramod$a5578ef4b8cdb1d9022def09d4dcace334d439d6$lut for cells of type $lut.
Using template $paramod$7f937591bf323a3eddc2274025ef0f38c84b5dfb$lut for cells of type $lut.
Using template $paramod$d0aa2198245d6e06937b8cca5edb1e34dd98cd54$lut for cells of type $lut.
Using template $paramod$425c98c294195891f356506c7fb9d4c2ceb1a613$lut for cells of type $lut.
Using template $paramod$a1b80a4db1d97e4e0f7e188ec2482c9741eb4af4$lut for cells of type $lut.
Using template $paramod$02a62af196554f6433ed8c98cbdabf588e22ce90$lut for cells of type $lut.
Using template $paramod$d24e51f30c8bd5f386d41b4924ab9c9b33b5d715$lut for cells of type $lut.
Using template $paramod$04858bf137896eb45f924921cbeec3cc773b4d7f$lut for cells of type $lut.
Using template $paramod$9b7a4ace533245ef7f3f1494669bb13682dde31f$lut for cells of type $lut.
Using template $paramod$faa23a200364166672f17b33d6077c8f299c8380$lut for cells of type $lut.
Using template $paramod$f8654a3c070e816b4ae7f7909961435a22ca2057$lut for cells of type $lut.
Using template $paramod$99b0292abbe60b00e7ef4b6108033340369c69eb$lut for cells of type $lut.
Using template $paramod$13e546d8185b0ae87d947764478ad19c3c849b85$lut for cells of type $lut.
Using template $paramod$aa8e9f5d09738ebca470f82d6a4211c3ebd8a35f$lut for cells of type $lut.
Using template $paramod$bdcdc46ef79e6adca7996392550cccbb696dda2a$lut for cells of type $lut.
Using template $paramod$4281457060069f1b93a08e85d8b4f9c2f9d97269$lut for cells of type $lut.
Using template $paramod$ba045d7e56ce1c39a1ea46f85361ff93d980437d$lut for cells of type $lut.
Using template $paramod$398b35c0a3748d9c189a7a63f385473e62b7257b$lut for cells of type $lut.
Using template $paramod$02038d544e88b79416f0bf42fb168e6e6d915863$lut for cells of type $lut.
Using template $paramod$aad72af640fd3808b96db51bb8b23c293ec78e62$lut for cells of type $lut.
Using template $paramod$9667245d1f535660e3c0605fafd8e99335576377$lut for cells of type $lut.
Using template $paramod$d369c1288f54a1b26c52859f5f6a131412cdefcc$lut for cells of type $lut.
Using template $paramod$9116d30392017b34adc6d3a42919e763fabc015f$lut for cells of type $lut.
Using template $paramod$d222615091c764d98ab79798b6effc6383d4f852$lut for cells of type $lut.
Using template $paramod$346e4632d2b4998363a2bf7bc37ada9004895bc8$lut for cells of type $lut.
Using template $paramod$3078e6e3821c557ac70885768ab233e2e1df24a7$lut for cells of type $lut.
Using template $paramod$d1753b1145dd81674b772b6c0e41c88ea50cbbbc$lut for cells of type $lut.
Using template $paramod$e83e119533d0193153003d36867a6acdfc03b0f4$lut for cells of type $lut.
Using template $paramod$d6a4ee47d3731323422c907f8a8e442aeabb3230$lut for cells of type $lut.
Using template $paramod$12b3f45095c17ca5f00d80129f6e9d5f3de58aaf$lut for cells of type $lut.
Using template $paramod$c58dfefd4d7a41372ce31bb99ea559611e5b55cd$lut for cells of type $lut.
Using template $paramod$1f3d9e41b8852a046a8964629407ac2a74581a71$lut for cells of type $lut.
Using template $paramod$861911dc8bcc0f2ba862b3105e72774369e953fe$lut for cells of type $lut.
Using template $paramod$61bc98ece8c76bffd4acdf40e5f231340cba90fc$lut for cells of type $lut.
Using template $paramod$5960e38f4159efe827a399f2721bb41f5315ba54$lut for cells of type $lut.
Using template $paramod$8c647fac45b38f1efe5fb7a471756fbf834de851$lut for cells of type $lut.
Using template $paramod$7555550479d2a0725c3c21a2547f447826d94e32$lut for cells of type $lut.
Using template $paramod$16130c73bdb5cc85a92be956333509d5867b8005$lut for cells of type $lut.
Using template $paramod$481237a5a0d6685e5015cfad2d6072bc6f67e62f$lut for cells of type $lut.
Using template $paramod$4a153ce5486584cc54b4e0e2e52691077ed33b83$lut for cells of type $lut.
Using template $paramod$8891e00a2073855b038f64057f14e5058d966964$lut for cells of type $lut.
Using template $paramod$65dcb43a86aeacf663ef2fc1f59ec077928d2657$lut for cells of type $lut.
Using template $paramod$c612fa06269186ccffad22281393fa3ef43e1f3d$lut for cells of type $lut.
Using template $paramod$a72403ce572c964269e4508bfff03e20a02debc1$lut for cells of type $lut.
Using template $paramod$0cf61aa2ca822b1adf36d9061e748341caed2e27$lut for cells of type $lut.
Using template $paramod$98431fb10ae6a139302d0ced28620bc00d07c345$lut for cells of type $lut.
Using template $paramod$081b0f84ff4e095afa1cea59939717e715f683c9$lut for cells of type $lut.
Using template $paramod$c6126cf9e9101361482f8a1f572403314e03b2b2$lut for cells of type $lut.
Using template $paramod$eeb81898c99445a223598adda48a7e438e11229b$lut for cells of type $lut.
Using template $paramod$3e1d1f838f2165c389d03f4be9f13375476063c9$lut for cells of type $lut.
Using template $paramod$462adb0da25cf5ebd21215d4ee0e48dcb2974af3$lut for cells of type $lut.
Using template $paramod$8287c622941b38f998f53907cb3918037825f7e5$lut for cells of type $lut.
Using template $paramod$d0b9a9d2d7697032b602eec3b353eb80c99b563a$lut for cells of type $lut.
Using template $paramod$d8bec35741229c15a3b4a165eae73414d4f64260$lut for cells of type $lut.
Using template $paramod$3165fcf70315120a7dd1f82a19e63ffff58fa935$lut for cells of type $lut.
Using template $paramod$f53a464d30f3b8e9bffc222513a404c5a2a245fe$lut for cells of type $lut.
Using template $paramod$92d77afe74c7037dd3d6d195f13f1ca8e6bb5228$lut for cells of type $lut.
Using template $paramod$33d5ae1814448c8d6bc550bbc8b0091fa96f0396$lut for cells of type $lut.
Using template $paramod$d2e61e082ceab8152b3ee084bdd5c2e875497c63$lut for cells of type $lut.
Using template $paramod$c025689bcd8ec2a00eda3b1fb00f8cb528fef5c4$lut for cells of type $lut.
Using template $paramod$1eec448ed8b5f1971f6f8f56c06af599e1018d49$lut for cells of type $lut.
Using template $paramod$43cfeb1de8cb43e93724aa662c5076ab412dec4e$lut for cells of type $lut.
Using template $paramod$91f9343e6af9e3117b0149e9028e4188292d30b4$lut for cells of type $lut.
Using template $paramod$8ec4e74c2a24d52f31c852880a4efd044f24fe12$lut for cells of type $lut.
Using template $paramod$3ec0a09ac60cb20984aa54de849f9d760f620284$lut for cells of type $lut.
Using template $paramod$656f1c70ff6730e6931c82ccc1a092e4bb6f0f31$lut for cells of type $lut.
Using template $paramod$45212e05b1b6de51c726f4ef72255695327e3b33$lut for cells of type $lut.
Using template $paramod$e68155dfc55e502f847e6b3e1a9acab737911f23$lut for cells of type $lut.
Using template $paramod$14d8fbe4d64918e3299c20834585cbc3087218fd$lut for cells of type $lut.
Using template $paramod$9794617ca57d7dd8a31b283b6c607f325d4ecd63$lut for cells of type $lut.
Using template $paramod$db11d033f8bd05c629743244d4078663a02e0daa$lut for cells of type $lut.
Using template $paramod$8608d8938824df5b8e78bf78513d4b655fe97afe$lut for cells of type $lut.
Using template $paramod$63d929cb9e7d36168a63ab72e6b61fc136ba4602$lut for cells of type $lut.
Using template $paramod$f4df72446e1e9a203ca555bfc2fc04e114e9e47b$lut for cells of type $lut.
Using template $paramod$1596e896ea5ab9fd1033a5774acfd043d09f5ee5$lut for cells of type $lut.
Using template $paramod$97f9e3bb529b13bf6e026ea0974907ee00464612$lut for cells of type $lut.
Using template $paramod$b57afdb0ca0b8f52543e4ed66dc201faafb7101e$lut for cells of type $lut.
Using template $paramod$d5b605b21ee16271c5bddd89cf9e50e2104cc671$lut for cells of type $lut.
Using template $paramod$b1e14846f2cc0984dd81226392b62ad08bb9dde8$lut for cells of type $lut.
Using template $paramod$7f6373c3f166f33c59705d93d168f9d8d86367e5$lut for cells of type $lut.
Using template $paramod$d027015c3b6fa7f86e7f38559ac1e2dbba9e4af6$lut for cells of type $lut.
Using template $paramod$ea30996477ab4088a163c4c5c2f3a22d37d4509d$lut for cells of type $lut.
Using template $paramod$f57636a4a5fbe64acbbea87624f34badead994c1$lut for cells of type $lut.
Using template $paramod$bc47072874ca9d88b81c309e1fc2222112c85db5$lut for cells of type $lut.
Using template $paramod$60720309e036ab0aa7ab1835dc023efa45f3bdec$lut for cells of type $lut.
Using template $paramod$40fee15a9b488d606dfb5a707f6421b4bfc3bc9b$lut for cells of type $lut.
Using template $paramod$aa2c097afc3785c9f32ae732391a21997e88c426$lut for cells of type $lut.
Using template $paramod$bf0d0292861bdee659ef5cbc5e58b330ac5871f9$lut for cells of type $lut.
Using template $paramod$fe2ccc9771c7f3621af3392ea69c0322e13310d4$lut for cells of type $lut.
Using template $paramod$f0a5f84e99de44318dc82d5eeeae7eef713ca8d2$lut for cells of type $lut.
Using template $paramod$ced44bca7cddc5c520df0a5a763f3c58ec1b37bc$lut for cells of type $lut.
Using template $paramod$d7bd431278d5c1801126e5963ea3470c7bec3899$lut for cells of type $lut.
Using template $paramod$f1dc6856ab9ada7abec24f9ec2ad03aed7b687c0$lut for cells of type $lut.
Using template $paramod$0445df39c1c934d513ae68760e9be7960c3536b4$lut for cells of type $lut.
Using template $paramod$f235a72b20257a8b7bc325740326fa427c398400$lut for cells of type $lut.
Using template $paramod$13c89a682f13e65d293667ed2fe0e8edc80ff155$lut for cells of type $lut.
Using template $paramod$c74eaa25c4c1ad19df4dbcb96386ac7651f3acfa$lut for cells of type $lut.
Using template $paramod$aa7c23b3675b4140dcab4a0d521462dbc17b46b7$lut for cells of type $lut.
Using template $paramod$209a7763f93e12658d45c5dcfa3a05d8cbfd9f67$lut for cells of type $lut.
Using template $paramod$d41ddc11a7380156b9fcb1a43554fed33f8b8987$lut for cells of type $lut.
Using template $paramod$dfe7b5bd1008c10a12575bfd4f1ef408b354a4fb$lut for cells of type $lut.
Using template $paramod$980d376d58d9dabf0c45cb957ab7affeae3ecf31$lut for cells of type $lut.
Using template $paramod$faa8226389feab2d06febe7ef94c263ae7790c83$lut for cells of type $lut.
Using template $paramod$e5a3c4ac80d39a98e4f16980daf4f59fbbb9ee05$lut for cells of type $lut.
Using template $paramod$997ec4c12f3ad91ac1900d47edc545b65362a274$lut for cells of type $lut.
Using template $paramod$e0611f8d68d5ef927b5259f10f1651ef1b64afdc$lut for cells of type $lut.
Using template $paramod$f08680c4d73a69f503ecbd8adbbb6d3612202380$lut for cells of type $lut.
Using template $paramod$69f06ba6ef763a0239c71c9d239daeb9f16a762a$lut for cells of type $lut.
Using template $paramod$85e330a28061e8997c60b9b2655c94f2cf045d92$lut for cells of type $lut.
Using template $paramod$905381b7ac9f5432c09ff06a1fb23da89d2307c2$lut for cells of type $lut.
Using template $paramod$a9c950289f6d0bcbfbf0800e6129fc5b46a7cced$lut for cells of type $lut.
Using template $paramod$b4afc3c25982a369e8e7431de32f777cdb6f937b$lut for cells of type $lut.
Using template $paramod$6f5304547ac6299726c645539471015a35a51132$lut for cells of type $lut.
Using template $paramod$d0acb4dca5c51913c9cc75bd12dd1caa9e51cc02$lut for cells of type $lut.
Using template $paramod$83aab6cebb13b8af299bee819de5052b5d2f450b$lut for cells of type $lut.
Using template $paramod$cc6f168b93470fcc711df6312603d46c5e4b0e07$lut for cells of type $lut.
Using template $paramod$739699ba3f3695276f89f4a880499c3555536567$lut for cells of type $lut.
Using template $paramod$b59b98cf1a05c7aa51b8af72e87d01bdac79880b$lut for cells of type $lut.
Using template $paramod$ab7cfde2529b9ecaa6a92643e9bdc87345c376af$lut for cells of type $lut.
Using template $paramod$54561102c8bc1dff34a98e3e39bb8e466d7953c0$lut for cells of type $lut.
Using template $paramod$04ae10f7d848c17f6abdd4c00ba30939b2cb4eb5$lut for cells of type $lut.
Using template $paramod$2274a105a4a0f2ee10298ac11fa23fbea35642e1$lut for cells of type $lut.
Using template $paramod$a2933cc452b1c5d75dc534db0fd59d02af739fce$lut for cells of type $lut.
Using template $paramod$08554a8aad59f07e2450a43245076050f8652de3$lut for cells of type $lut.
Using template $paramod$606e114f622c315629d77f4ce120a24586b5559d$lut for cells of type $lut.
Using template $paramod$8105dcb6e7b1409109d0cb9be58787b7bb5e3d45$lut for cells of type $lut.
Using template $paramod$5d3e61cdc956c1c36047b375e4ff343906c517f3$lut for cells of type $lut.
Using template $paramod$a95aeb58822b83840ad0d33221e28b316b409b83$lut for cells of type $lut.
Using template $paramod$5cb1f08c9cabc237bd5d5a6450f39a3ea940fdad$lut for cells of type $lut.
Using template $paramod$49a16c96aeec63be7c27a9ef21387d21833f277b$lut for cells of type $lut.
Using template $paramod$3e165993428562735c4a97157887144e80067e1b$lut for cells of type $lut.
Using template $paramod$cd51cb1f757a414e15118d03cc75d020140a7f51$lut for cells of type $lut.
Using template $paramod$5549f280e09b0fdcdba65804f9b31a1a2f5788b2$lut for cells of type $lut.
Using template $paramod$e16ca071433734e6c72743e951d54ac770062a2b$lut for cells of type $lut.
Using template $paramod$b8aad17971b236c2dfd7a880297b8b726d3e60eb$lut for cells of type $lut.
Using template $paramod$6a9e6a7be18da3b2738a3c440c25aefc246735de$lut for cells of type $lut.
Using template $paramod$5b118fc2c34955e418dbd9df19f34b4b6830654e$lut for cells of type $lut.
Using template $paramod$9c83190cb7e48bb3a6ae53b261370c80c7b95001$lut for cells of type $lut.
Using template $paramod$9b261d82cdc8a4d3223f7cb427ed44fa013b2073$lut for cells of type $lut.
Using template $paramod$3e766739fc2d2666f2416cf8d470227f65b3a30d$lut for cells of type $lut.
Using template $paramod$01d7c5650e19b8ba7ed4ab1cba9eb36dea08d39a$lut for cells of type $lut.
Using template $paramod$a5a508c6fd862d733e14dad616afc9bd110d1a6a$lut for cells of type $lut.
Using template $paramod$ad4713b363bceddf24d3cbfecb8eff691677860d$lut for cells of type $lut.
Using template $paramod$de7198773f80d4a8cf45948fab3dfc806b6fb4fc$lut for cells of type $lut.
Using template $paramod$dadff75c617cf87bb5b8cfe47ca6c69fb6925370$lut for cells of type $lut.
Using template $paramod$6169dc1a1d98b52adaaba2ca7151d593dd72838a$lut for cells of type $lut.
Using template $paramod$54db123ef8e53df0373a351767139c75ac59da71$lut for cells of type $lut.
Using template $paramod$71d6d3d7653dd35f0f0d8d3740edf95dfe9e8e8e$lut for cells of type $lut.
Using template $paramod$660652b12fae3f1568969ea0b99c36a53ee0fe09$lut for cells of type $lut.
Using template $paramod$777fd85da8d6dc322e329898cefa9a56b3c07f36$lut for cells of type $lut.
Using template $paramod$a6486c959d4248a95ea4a68b28e721d2c1eb7c23$lut for cells of type $lut.
Using template $paramod$6431c688476747c9362502cacfebfbd13cbdb9aa$lut for cells of type $lut.
Using template $paramod$03efe8a46762602f4a1198ee91ef224010c247af$lut for cells of type $lut.
Using template $paramod$bff98dc1c537284c0232eddac633eba4b19960fd$lut for cells of type $lut.
Using template $paramod$6390577aa49a3fa9d4cce0e38f6ee59b6a529128$lut for cells of type $lut.
Using template $paramod$03b779f4f6ab8e6db85c355c806fd5036dfba88b$lut for cells of type $lut.
Using template $paramod$0766549592e73ecda79007a398169eec103e0476$lut for cells of type $lut.
Using template $paramod$e765624e901b8c329cf894513412da754ac23877$lut for cells of type $lut.
Using template $paramod$2ec2ca2698fb60fc2a301598c8c45a35cfd10fb2$lut for cells of type $lut.
Using template $paramod$927f1e9c0a7bad02e1cd98148f803df1743d795b$lut for cells of type $lut.
Using template $paramod$f708396c5a2cea36b565b5456cb49de8652f4cba$lut for cells of type $lut.
Using template $paramod$0370933cb498c689040b3aa0bfb4ab66aa41e69e$lut for cells of type $lut.
Using template $paramod$8461a38da2644081983cd5b082d7f6c55a8dc5b7$lut for cells of type $lut.
Using template $paramod$7b72030d2a4aaa70912590a02e33e0a7c5cf9495$lut for cells of type $lut.
Using template $paramod$6685b9b26f4878409e44e389421cce071fcf7d33$lut for cells of type $lut.
Using template $paramod$2acc56796dae1e7bbd8d34441a24f749523f3d30$lut for cells of type $lut.
Using template $paramod$1df122ebbcaec3f14d3c3be8909e48eac7f00a8d$lut for cells of type $lut.
Using template $paramod$d745d15e2619dc0e699d26219696242b4903ea9b$lut for cells of type $lut.
Using template $paramod$dd699927a568ce21deb69a94c2008634da4a5f64$lut for cells of type $lut.
Using template $paramod$ae8bdbccefad64723ccfd923e56b93f87f8ac25f$lut for cells of type $lut.
Using template $paramod$8e7f4d4ed756f4811a3508507d4f415d009fa256$lut for cells of type $lut.
Using template $paramod$880c782886878e8ac1f3024bfed253d001984ba3$lut for cells of type $lut.
Using template $paramod$ede761341368efd53bcaebaec83bbf67ed9dec7f$lut for cells of type $lut.
Using template $paramod$ccd2827145e8ef270af204c665ae5bdc705d6dad$lut for cells of type $lut.
Using template $paramod$cfa89406bbf9d0458763e17c332cb843b3e9fbf3$lut for cells of type $lut.
Using template $paramod$18e2f99c8774945b0603b07a789baa62262921e4$lut for cells of type $lut.
Using template $paramod$9c6a6f49ae3250648547d4e4bc680562826ce9f5$lut for cells of type $lut.
Using template $paramod$711ac778c1095def207218f0d05a35930c12f6de$lut for cells of type $lut.
Using template $paramod$739caeef4e63b3eaa7e21ca6d7ba1d36c577f8b7$lut for cells of type $lut.
Using template $paramod$8d2e4687bd5f1166064152f9cdb8d1638a6b8b07$lut for cells of type $lut.
Using template $paramod$0e041d9f999d367ec6cf3353538d826e0234c253$lut for cells of type $lut.
Using template $paramod$a6db2d62fb69960357cb7a580c02aa2cbefe6c1a$lut for cells of type $lut.
Using template $paramod$c004e11f4ff8d53c6ac8da9d997377686df33019$lut for cells of type $lut.
Using template $paramod$52f86ad8878cd3b6daa6154ae0ce655c06fd0f8e$lut for cells of type $lut.
Using template $paramod$b43bccad52957e259f11fac72b8c8c151667bdf7$lut for cells of type $lut.
Using template $paramod$5f9618edefceb5e934d888a23ed204073f784b27$lut for cells of type $lut.
Using template $paramod$44a9ef674e2c5cb6e570250a7a2d0a9a41b7d994$lut for cells of type $lut.
Using template $paramod$1bad2aa8ace97ffbb82a6def6e674f6f36ae58ff$lut for cells of type $lut.
Using template $paramod$78fc2039a27c65ad221ed3098e8795ac8a22ba30$lut for cells of type $lut.
Using template $paramod$da9d6eb00307d15292e014cd59e5b9098c71b3b1$lut for cells of type $lut.
Using template $paramod$b4d1a83f16052e80d396c0efceb13dc5f04a2965$lut for cells of type $lut.
Using template $paramod$b79cab70c760898f6077572cbcccaa3c4f8d6dd9$lut for cells of type $lut.
Using template $paramod$eb04639ad4885f48d577b96124a72adf9b550096$lut for cells of type $lut.
Using template $paramod$7d8b847842e6d7aa1c0c6cb6b838bac62f0b6473$lut for cells of type $lut.
Using template $paramod$aff766d51bfd6300c845683283a4e6e3ffed8b12$lut for cells of type $lut.
Using template $paramod$01f259270bf50b82cd342c2217aa220d2ccaa309$lut for cells of type $lut.
Using template $paramod$7234dc75d8c48bb56f4b09d446d01542e354cd7f$lut for cells of type $lut.
Using template $paramod$c9c511f1f207a5fce93def486b28309b617dd4c4$lut for cells of type $lut.
Using template $paramod$d1eb7cb328472c3eac9f7372364313e5ce40db65$lut for cells of type $lut.
Using template $paramod$aa1b82099accf06e6dfcfaf5aa91a6ab3856962e$lut for cells of type $lut.
Using template $paramod$094d3fe2cd57ff5f44f489b75df0b72bef0370b2$lut for cells of type $lut.
Using template $paramod$5e69deb2a6c231395798f6ee43e5a93063d06717$lut for cells of type $lut.
Using template $paramod$94b6ccbf2e0be024be025f7a3051431a98eb6790$lut for cells of type $lut.
Using template $paramod$eb1185840474e838997dca6e95f1f63c07c5a18e$lut for cells of type $lut.
Using template $paramod$10ee556b1518c1bd7de325bc76f17f25fff1e7bb$lut for cells of type $lut.
Using template $paramod$83290ae3f0c4ae45e71e38985ec9ff4e6f85c60a$lut for cells of type $lut.
Using template $paramod$007dc4e47f462f846d2fd9199361fba54d3a1fc5$lut for cells of type $lut.
Using template $paramod$bac44eeeaac3aab1d8480f72df53187b7d33e556$lut for cells of type $lut.
Using template $paramod$e6197a5e543ebf944598378b59598d3f9f1b57f8$lut for cells of type $lut.
Using template $paramod$85ec075689463c5cc5e2b9ee601aabe104ce377e$lut for cells of type $lut.
Using template $paramod$4ffc9c1b861b4422389f7152c45020a8aff79770$lut for cells of type $lut.
Using template $paramod$47d882f15a0768eafe0c3ea63d3a3e2a04ac710e$lut for cells of type $lut.
Using template $paramod$10e4dfc2f001128e72975e3c10d3916b9e806ed8$lut for cells of type $lut.
Using template $paramod$52512c8d4014892951d04c4e1d4a5c48ad035474$lut for cells of type $lut.
Using template $paramod$1e05b31d9ef5a73a22c0e9c3140c467da6bb9561$lut for cells of type $lut.
Using template $paramod$6631168a9b86b1c945dee8dbf320f68d37a74cba$lut for cells of type $lut.
Using template $paramod$caedeedfbc7d93a61a587029ebc1b59433779541$lut for cells of type $lut.
Using template $paramod$2e3f2b40909a63bee4e349b09c5bad3f53b8382c$lut for cells of type $lut.
Using template $paramod$235ac5b240c334dc34a49d771618866987c926a2$lut for cells of type $lut.
Using template $paramod$d640f7cf90ea7e706ea227d20aaf061cd9134f1a$lut for cells of type $lut.
Using template $paramod$69a5ae05931d127c0c96924e96c363eab126f149$lut for cells of type $lut.
Using template $paramod$43207054a098146b6e5110cde03894b67a385fc8$lut for cells of type $lut.
Using template $paramod$b3fc3ae948318fc5a8333a79ad23293a464e1b9c$lut for cells of type $lut.
Using template $paramod$d792639df542e95e2e2545d4cd272b6b31fd19b1$lut for cells of type $lut.
Using template $paramod$b904fbf4bfb99c98a713c01d7c88b1079eeb390f$lut for cells of type $lut.
Using template $paramod$b4c1d615aeb67fd9b6f079f1285642d90fddd129$lut for cells of type $lut.
Using template $paramod$c1db9a0ac03ac47be56e8658324e8f4c5cc6f3f2$lut for cells of type $lut.
Using template $paramod$e318ba82bf70d1dd671a0b7b30b9019adeba484a$lut for cells of type $lut.
Using template $paramod$abca3fddf46483d499231f6f40779b884e35445a$lut for cells of type $lut.
Using template $paramod$c5a6a89fd51d01394d1004213b367c4851962a75$lut for cells of type $lut.
Using template $paramod$1be02818188845a429ff195d11957e05b0c570f2$lut for cells of type $lut.
Using template $paramod$252d6ae77c9657cecc8f96e4ca134e79596887a4$lut for cells of type $lut.
Using template $paramod$dbbd4cbcfe38db3a951af63973f75871bcb65b66$lut for cells of type $lut.
Using template $paramod$cb8c3d2ea5f8b62a34d8a8a27958e2e6e248662b$lut for cells of type $lut.
Using template $paramod$ec5f0a87871ab0bb42eb3f4243c0c1b78f1677fd$lut for cells of type $lut.
Using template $paramod$62fcd0ee4a0d291af2e5e3ff24e7cc7349e57319$lut for cells of type $lut.
Using template $paramod$3a32a7587b9f95b908af04fb9b75cd3eae00b58e$lut for cells of type $lut.
Using template $paramod$0b7d81ff28efc2f21972b5968fb42f63121403ef$lut for cells of type $lut.
Using template $paramod$552e3322e4b067f4d534291d7d7f0fa4db22b890$lut for cells of type $lut.
Using template $paramod$5ce636af2f3494435205d6fd58e78481db416014$lut for cells of type $lut.
Using template $paramod$cc778a82fd81ea9185402656ce1c9108e4328ce0$lut for cells of type $lut.
Using template $paramod$9bfa1906c9d8616548d31ed8afdeb10880dc4712$lut for cells of type $lut.
Using template $paramod$8a3afd2a82a83d989eb2b0e0b55f1ad49282592a$lut for cells of type $lut.
Using template $paramod$bd3276a3cd03e45d1ee4a15114e9e4d299b8148b$lut for cells of type $lut.
No more expansions possible.
<suppressed ~15696 debug messages>

5.41. Executing OPT_LUT_INS pass (discard unused LUT inputs).
Optimizing LUTs in experiment_transactions.
  Optimizing lut $abc$220651$lut$aiger$o2726.genblk1.genblk1.genblk1.genblk1.genblk1.genblk1.genblk1.genblk1.lut0.genblk1.genblk1.genblk1.genblk1.genblk1.genblk1.genblk1.lut1.genblk1.genblk1.genblk1.genblk1.genblk1.genblk1.lut0.genblk1.genblk1.genblk1.genblk1.genblk1.lut1 (4 -> 3)
  Optimizing lut $abc$220651$lut$aiger220650$17855.genblk1.genblk1.genblk1.genblk1.genblk1.genblk1.genblk1.genblk1.lut1.genblk1.genblk1.genblk1.genblk1.genblk1.genblk1.genblk1.lut0.genblk1.genblk1.genblk1.genblk1.genblk1.genblk1.lut0.genblk1.genblk1.genblk1.genblk1.genblk1.lut0 (4 -> 0)
  Optimizing lut $abc$220651$lut$aiger220650$17855.genblk1.genblk1.genblk1.genblk1.genblk1.genblk1.genblk1.genblk1.lut1.genblk1.genblk1.genblk1.genblk1.genblk1.genblk1.genblk1.lut1.genblk1.genblk1.genblk1.genblk1.genblk1.genblk1.lut0.genblk1.genblk1.genblk1.genblk1.genblk1.lut0 (4 -> 0)
  Optimizing lut $abc$220651$lut$aiger220650$17855.genblk1.genblk1.genblk1.genblk1.genblk1.genblk1.genblk1.genblk1.lut0.genblk1.genblk1.genblk1.genblk1.genblk1.genblk1.genblk1.lut0.genblk1.genblk1.genblk1.genblk1.genblk1.genblk1.lut1.genblk1.genblk1.genblk1.genblk1.genblk1.lut0 (4 -> 3)
  Optimizing lut $abc$220651$lut$aiger220650$17855.genblk1.genblk1.genblk1.genblk1.genblk1.genblk1.genblk1.genblk1.lut0.genblk1.genblk1.genblk1.genblk1.genblk1.genblk1.genblk1.lut0.genblk1.genblk1.genblk1.genblk1.genblk1.genblk1.lut0.genblk1.genblk1.genblk1.genblk1.genblk1.lut0 (4 -> 2)
  Optimizing lut $abc$220651$lut$aiger220650$17855.genblk1.genblk1.genblk1.genblk1.genblk1.genblk1.genblk1.genblk1.lut0.genblk1.genblk1.genblk1.genblk1.genblk1.genblk1.genblk1.lut1.genblk1.genblk1.genblk1.genblk1.genblk1.genblk1.lut0.genblk1.genblk1.genblk1.genblk1.genblk1.lut0 (4 -> 3)
  Optimizing lut $abc$220651$lut$aiger220650$17389.genblk1.genblk1.genblk1.genblk1.genblk1.genblk1.genblk1.genblk1.lut1.genblk1.genblk1.genblk1.genblk1.genblk1.genblk1.genblk1.lut0.genblk1.genblk1.genblk1.genblk1.genblk1.genblk1.lut1.genblk1.genblk1.genblk1.genblk1.genblk1.lut0 (4 -> 2)
  Optimizing lut $abc$220651$lut$aiger220650$17389.genblk1.genblk1.genblk1.genblk1.genblk1.genblk1.genblk1.genblk1.lut1.genblk1.genblk1.genblk1.genblk1.genblk1.genblk1.genblk1.lut0.genblk1.genblk1.genblk1.genblk1.genblk1.genblk1.lut0.genblk1.genblk1.genblk1.genblk1.genblk1.lut0 (4 -> 2)
  Optimizing lut $abc$220651$lut$aiger220650$17389.genblk1.genblk1.genblk1.genblk1.genblk1.genblk1.genblk1.genblk1.lut1.genblk1.genblk1.genblk1.genblk1.genblk1.genblk1.genblk1.lut1.genblk1.genblk1.genblk1.genblk1.genblk1.genblk1.lut1.genblk1.genblk1.genblk1.genblk1.genblk1.lut0 (4 -> 3)
  Optimizing lut $abc$220651$lut$aiger220650$17389.genblk1.genblk1.genblk1.genblk1.genblk1.genblk1.genblk1.genblk1.lut1.genblk1.genblk1.genblk1.genblk1.genblk1.genblk1.genblk1.lut1.genblk1.genblk1.genblk1.genblk1.genblk1.genblk1.lut0.genblk1.genblk1.genblk1.genblk1.genblk1.lut0 (4 -> 3)
  Optimizing lut $abc$220651$lut$aiger220650$17389.genblk1.genblk1.genblk1.genblk1.genblk1.genblk1.genblk1.genblk1.lut0.genblk1.genblk1.genblk1.genblk1.genblk1.genblk1.genblk1.lut0.genblk1.genblk1.genblk1.genblk1.genblk1.genblk1.lut1.genblk1.genblk1.genblk1.genblk1.genblk1.lut0 (4 -> 2)
  Optimizing lut $abc$220651$lut$aiger220650$17389.genblk1.genblk1.genblk1.genblk1.genblk1.genblk1.genblk1.genblk1.lut0.genblk1.genblk1.genblk1.genblk1.genblk1.genblk1.genblk1.lut0.genblk1.genblk1.genblk1.genblk1.genblk1.genblk1.lut0.genblk1.genblk1.genblk1.genblk1.genblk1.lut0 (4 -> 2)
  Optimizing lut $abc$220651$lut$aiger220650$17389.genblk1.genblk1.genblk1.genblk1.genblk1.genblk1.genblk1.genblk1.lut0.genblk1.genblk1.genblk1.genblk1.genblk1.genblk1.genblk1.lut1.genblk1.genblk1.genblk1.genblk1.genblk1.genblk1.lut1.genblk1.genblk1.genblk1.genblk1.genblk1.lut0 (4 -> 3)
  Optimizing lut $abc$220651$lut$aiger220650$17389.genblk1.genblk1.genblk1.genblk1.genblk1.genblk1.genblk1.genblk1.lut0.genblk1.genblk1.genblk1.genblk1.genblk1.genblk1.genblk1.lut1.genblk1.genblk1.genblk1.genblk1.genblk1.genblk1.lut0.genblk1.genblk1.genblk1.genblk1.genblk1.lut0 (4 -> 3)
  Optimizing lut $abc$220651$lut$aiger220650$17177.genblk1.genblk1.genblk1.genblk1.genblk1.genblk1.genblk1.genblk1.lut1.genblk1.genblk1.genblk1.genblk1.genblk1.genblk1.genblk1.lut0.genblk1.genblk1.genblk1.genblk1.genblk1.genblk1.lut1.genblk1.genblk1.genblk1.genblk1.genblk1.lut0 (4 -> 2)
  Optimizing lut $abc$220651$lut$aiger220650$17177.genblk1.genblk1.genblk1.genblk1.genblk1.genblk1.genblk1.genblk1.lut1.genblk1.genblk1.genblk1.genblk1.genblk1.genblk1.genblk1.lut0.genblk1.genblk1.genblk1.genblk1.genblk1.genblk1.lut0.genblk1.genblk1.genblk1.genblk1.genblk1.lut0 (4 -> 2)
  Optimizing lut $abc$220651$lut$aiger220650$17177.genblk1.genblk1.genblk1.genblk1.genblk1.genblk1.genblk1.genblk1.lut1.genblk1.genblk1.genblk1.genblk1.genblk1.genblk1.genblk1.lut1.genblk1.genblk1.genblk1.genblk1.genblk1.genblk1.lut1.genblk1.genblk1.genblk1.genblk1.genblk1.lut0 (4 -> 3)
  Optimizing lut $abc$220651$lut$aiger220650$17177.genblk1.genblk1.genblk1.genblk1.genblk1.genblk1.genblk1.genblk1.lut1.genblk1.genblk1.genblk1.genblk1.genblk1.genblk1.genblk1.lut1.genblk1.genblk1.genblk1.genblk1.genblk1.genblk1.lut0.genblk1.genblk1.genblk1.genblk1.genblk1.lut0 (4 -> 3)
  Optimizing lut $abc$220651$lut$aiger220650$17177.genblk1.genblk1.genblk1.genblk1.genblk1.genblk1.genblk1.genblk1.lut0.genblk1.genblk1.genblk1.genblk1.genblk1.genblk1.genblk1.lut0.genblk1.genblk1.genblk1.genblk1.genblk1.genblk1.lut1.genblk1.genblk1.genblk1.genblk1.genblk1.lut0 (4 -> 2)
  Optimizing lut $abc$220651$lut$aiger220650$17177.genblk1.genblk1.genblk1.genblk1.genblk1.genblk1.genblk1.genblk1.lut0.genblk1.genblk1.genblk1.genblk1.genblk1.genblk1.genblk1.lut0.genblk1.genblk1.genblk1.genblk1.genblk1.genblk1.lut0.genblk1.genblk1.genblk1.genblk1.genblk1.lut0 (4 -> 2)
  Optimizing lut $abc$220651$lut$aiger220650$17177.genblk1.genblk1.genblk1.genblk1.genblk1.genblk1.genblk1.genblk1.lut0.genblk1.genblk1.genblk1.genblk1.genblk1.genblk1.genblk1.lut1.genblk1.genblk1.genblk1.genblk1.genblk1.genblk1.lut1.genblk1.genblk1.genblk1.genblk1.genblk1.lut0 (4 -> 3)
  Optimizing lut $abc$220651$lut$aiger220650$17177.genblk1.genblk1.genblk1.genblk1.genblk1.genblk1.genblk1.genblk1.lut0.genblk1.genblk1.genblk1.genblk1.genblk1.genblk1.genblk1.lut1.genblk1.genblk1.genblk1.genblk1.genblk1.genblk1.lut0.genblk1.genblk1.genblk1.genblk1.genblk1.lut0 (4 -> 3)
  Optimizing lut $abc$220651$lut$aiger220650$16840.genblk1.genblk1.genblk1.genblk1.genblk1.genblk1.genblk1.genblk1.lut1.genblk1.genblk1.genblk1.genblk1.genblk1.genblk1.genblk1.lut0.genblk1.genblk1.genblk1.genblk1.genblk1.genblk1.lut0.genblk1.genblk1.genblk1.genblk1.genblk1.lut0 (4 -> 0)
  Optimizing lut $abc$220651$lut$aiger220650$16840.genblk1.genblk1.genblk1.genblk1.genblk1.genblk1.genblk1.genblk1.lut1.genblk1.genblk1.genblk1.genblk1.genblk1.genblk1.genblk1.lut1.genblk1.genblk1.genblk1.genblk1.genblk1.genblk1.lut0.genblk1.genblk1.genblk1.genblk1.genblk1.lut0 (4 -> 0)
  Optimizing lut $abc$220651$lut$aiger220650$16840.genblk1.genblk1.genblk1.genblk1.genblk1.genblk1.genblk1.genblk1.lut0.genblk1.genblk1.genblk1.genblk1.genblk1.genblk1.genblk1.lut0.genblk1.genblk1.genblk1.genblk1.genblk1.genblk1.lut1.genblk1.genblk1.genblk1.genblk1.genblk1.lut0 (4 -> 3)
  Optimizing lut $abc$220651$lut$aiger220650$16840.genblk1.genblk1.genblk1.genblk1.genblk1.genblk1.genblk1.genblk1.lut0.genblk1.genblk1.genblk1.genblk1.genblk1.genblk1.genblk1.lut0.genblk1.genblk1.genblk1.genblk1.genblk1.genblk1.lut0.genblk1.genblk1.genblk1.genblk1.genblk1.lut0 (4 -> 2)
  Optimizing lut $abc$220651$lut$aiger220650$16840.genblk1.genblk1.genblk1.genblk1.genblk1.genblk1.genblk1.genblk1.lut0.genblk1.genblk1.genblk1.genblk1.genblk1.genblk1.genblk1.lut1.genblk1.genblk1.genblk1.genblk1.genblk1.genblk1.lut0.genblk1.genblk1.genblk1.genblk1.genblk1.lut0 (4 -> 2)
  Optimizing lut $abc$220651$lut$aiger220650$16924.genblk1.genblk1.genblk1.genblk1.genblk1.genblk1.genblk1.genblk1.lut1.genblk1.genblk1.genblk1.genblk1.genblk1.genblk1.genblk1.lut0.genblk1.genblk1.genblk1.genblk1.genblk1.genblk1.lut1.genblk1.genblk1.genblk1.genblk1.genblk1.lut0 (4 -> 2)
  Optimizing lut $abc$220651$lut$aiger220650$16924.genblk1.genblk1.genblk1.genblk1.genblk1.genblk1.genblk1.genblk1.lut1.genblk1.genblk1.genblk1.genblk1.genblk1.genblk1.genblk1.lut0.genblk1.genblk1.genblk1.genblk1.genblk1.genblk1.lut0.genblk1.genblk1.genblk1.genblk1.genblk1.lut0 (4 -> 2)
  Optimizing lut $abc$220651$lut$aiger220650$16924.genblk1.genblk1.genblk1.genblk1.genblk1.genblk1.genblk1.genblk1.lut1.genblk1.genblk1.genblk1.genblk1.genblk1.genblk1.genblk1.lut1.genblk1.genblk1.genblk1.genblk1.genblk1.genblk1.lut1.genblk1.genblk1.genblk1.genblk1.genblk1.lut0 (4 -> 3)
  Optimizing lut $abc$220651$lut$aiger220650$16924.genblk1.genblk1.genblk1.genblk1.genblk1.genblk1.genblk1.genblk1.lut1.genblk1.genblk1.genblk1.genblk1.genblk1.genblk1.genblk1.lut1.genblk1.genblk1.genblk1.genblk1.genblk1.genblk1.lut0.genblk1.genblk1.genblk1.genblk1.genblk1.lut0 (4 -> 3)
  Optimizing lut $abc$220651$lut$aiger220650$16924.genblk1.genblk1.genblk1.genblk1.genblk1.genblk1.genblk1.genblk1.lut0.genblk1.genblk1.genblk1.genblk1.genblk1.genblk1.genblk1.lut0.genblk1.genblk1.genblk1.genblk1.genblk1.genblk1.lut1.genblk1.genblk1.genblk1.genblk1.genblk1.lut0 (4 -> 2)
  Optimizing lut $abc$220651$lut$aiger220650$16924.genblk1.genblk1.genblk1.genblk1.genblk1.genblk1.genblk1.genblk1.lut0.genblk1.genblk1.genblk1.genblk1.genblk1.genblk1.genblk1.lut0.genblk1.genblk1.genblk1.genblk1.genblk1.genblk1.lut0.genblk1.genblk1.genblk1.genblk1.genblk1.lut0 (4 -> 2)
  Optimizing lut $abc$220651$lut$aiger220650$16924.genblk1.genblk1.genblk1.genblk1.genblk1.genblk1.genblk1.genblk1.lut0.genblk1.genblk1.genblk1.genblk1.genblk1.genblk1.genblk1.lut1.genblk1.genblk1.genblk1.genblk1.genblk1.genblk1.lut1.genblk1.genblk1.genblk1.genblk1.genblk1.lut0 (4 -> 3)
  Optimizing lut $abc$220651$lut$aiger220650$16924.genblk1.genblk1.genblk1.genblk1.genblk1.genblk1.genblk1.genblk1.lut0.genblk1.genblk1.genblk1.genblk1.genblk1.genblk1.genblk1.lut1.genblk1.genblk1.genblk1.genblk1.genblk1.genblk1.lut0.genblk1.genblk1.genblk1.genblk1.genblk1.lut0 (4 -> 3)
  Optimizing lut $abc$220651$lut$aiger220650$16593.genblk1.genblk1.genblk1.genblk1.genblk1.genblk1.genblk1.genblk1.lut1.genblk1.genblk1.genblk1.genblk1.genblk1.genblk1.genblk1.lut0.genblk1.genblk1.genblk1.genblk1.genblk1.genblk1.lut0.genblk1.genblk1.genblk1.genblk1.genblk1.lut0 (4 -> 0)
  Optimizing lut $abc$220651$lut$aiger220650$16593.genblk1.genblk1.genblk1.genblk1.genblk1.genblk1.genblk1.genblk1.lut1.genblk1.genblk1.genblk1.genblk1.genblk1.genblk1.genblk1.lut1.genblk1.genblk1.genblk1.genblk1.genblk1.genblk1.lut0.genblk1.genblk1.genblk1.genblk1.genblk1.lut0 (4 -> 0)
  Optimizing lut $abc$220651$lut$aiger220650$16593.genblk1.genblk1.genblk1.genblk1.genblk1.genblk1.genblk1.genblk1.lut0.genblk1.genblk1.genblk1.genblk1.genblk1.genblk1.genblk1.lut0.genblk1.genblk1.genblk1.genblk1.genblk1.genblk1.lut1.genblk1.genblk1.genblk1.genblk1.genblk1.lut0 (4 -> 3)
  Optimizing lut $abc$220651$lut$aiger220650$16593.genblk1.genblk1.genblk1.genblk1.genblk1.genblk1.genblk1.genblk1.lut0.genblk1.genblk1.genblk1.genblk1.genblk1.genblk1.genblk1.lut0.genblk1.genblk1.genblk1.genblk1.genblk1.genblk1.lut0.genblk1.genblk1.genblk1.genblk1.genblk1.lut0 (4 -> 2)
  Optimizing lut $abc$220651$lut$aiger220650$16593.genblk1.genblk1.genblk1.genblk1.genblk1.genblk1.genblk1.genblk1.lut0.genblk1.genblk1.genblk1.genblk1.genblk1.genblk1.genblk1.lut1.genblk1.genblk1.genblk1.genblk1.genblk1.genblk1.lut0.genblk1.genblk1.genblk1.genblk1.genblk1.lut0 (4 -> 2)
  Optimizing lut $abc$220651$lut$aiger220650$16677.genblk1.genblk1.genblk1.genblk1.genblk1.genblk1.genblk1.genblk1.lut1.genblk1.genblk1.genblk1.genblk1.genblk1.genblk1.genblk1.lut0.genblk1.genblk1.genblk1.genblk1.genblk1.genblk1.lut1.genblk1.genblk1.genblk1.genblk1.genblk1.lut0 (4 -> 2)
  Optimizing lut $abc$220651$lut$aiger220650$16677.genblk1.genblk1.genblk1.genblk1.genblk1.genblk1.genblk1.genblk1.lut1.genblk1.genblk1.genblk1.genblk1.genblk1.genblk1.genblk1.lut0.genblk1.genblk1.genblk1.genblk1.genblk1.genblk1.lut0.genblk1.genblk1.genblk1.genblk1.genblk1.lut0 (4 -> 2)
  Optimizing lut $abc$220651$lut$aiger220650$16677.genblk1.genblk1.genblk1.genblk1.genblk1.genblk1.genblk1.genblk1.lut1.genblk1.genblk1.genblk1.genblk1.genblk1.genblk1.genblk1.lut1.genblk1.genblk1.genblk1.genblk1.genblk1.genblk1.lut1.genblk1.genblk1.genblk1.genblk1.genblk1.lut0 (4 -> 3)
  Optimizing lut $abc$220651$lut$aiger220650$16677.genblk1.genblk1.genblk1.genblk1.genblk1.genblk1.genblk1.genblk1.lut1.genblk1.genblk1.genblk1.genblk1.genblk1.genblk1.genblk1.lut1.genblk1.genblk1.genblk1.genblk1.genblk1.genblk1.lut0.genblk1.genblk1.genblk1.genblk1.genblk1.lut0 (4 -> 3)
  Optimizing lut $abc$220651$lut$aiger220650$16677.genblk1.genblk1.genblk1.genblk1.genblk1.genblk1.genblk1.genblk1.lut0.genblk1.genblk1.genblk1.genblk1.genblk1.genblk1.genblk1.lut0.genblk1.genblk1.genblk1.genblk1.genblk1.genblk1.lut1.genblk1.genblk1.genblk1.genblk1.genblk1.lut0 (4 -> 2)
  Optimizing lut $abc$220651$lut$aiger220650$16677.genblk1.genblk1.genblk1.genblk1.genblk1.genblk1.genblk1.genblk1.lut0.genblk1.genblk1.genblk1.genblk1.genblk1.genblk1.genblk1.lut0.genblk1.genblk1.genblk1.genblk1.genblk1.genblk1.lut0.genblk1.genblk1.genblk1.genblk1.genblk1.lut0 (4 -> 2)
  Optimizing lut $abc$220651$lut$aiger220650$16677.genblk1.genblk1.genblk1.genblk1.genblk1.genblk1.genblk1.genblk1.lut0.genblk1.genblk1.genblk1.genblk1.genblk1.genblk1.genblk1.lut1.genblk1.genblk1.genblk1.genblk1.genblk1.genblk1.lut1.genblk1.genblk1.genblk1.genblk1.genblk1.lut0 (4 -> 3)
  Optimizing lut $abc$220651$lut$aiger220650$16677.genblk1.genblk1.genblk1.genblk1.genblk1.genblk1.genblk1.genblk1.lut0.genblk1.genblk1.genblk1.genblk1.genblk1.genblk1.genblk1.lut1.genblk1.genblk1.genblk1.genblk1.genblk1.genblk1.lut0.genblk1.genblk1.genblk1.genblk1.genblk1.lut0 (4 -> 3)
  Optimizing lut $abc$220651$lut$aiger220650$16395.genblk1.genblk1.genblk1.genblk1.genblk1.genblk1.genblk1.genblk1.lut1.genblk1.genblk1.genblk1.genblk1.genblk1.genblk1.genblk1.lut0.genblk1.genblk1.genblk1.genblk1.genblk1.genblk1.lut0.genblk1.genblk1.genblk1.genblk1.genblk1.lut0 (4 -> 2)
  Optimizing lut $abc$220651$lut$aiger220650$16395.genblk1.genblk1.genblk1.genblk1.genblk1.genblk1.genblk1.genblk1.lut1.genblk1.genblk1.genblk1.genblk1.genblk1.genblk1.genblk1.lut1.genblk1.genblk1.genblk1.genblk1.genblk1.genblk1.lut1.genblk1.genblk1.genblk1.genblk1.genblk1.lut0 (4 -> 3)
  Optimizing lut $abc$220651$lut$aiger220650$16395.genblk1.genblk1.genblk1.genblk1.genblk1.genblk1.genblk1.genblk1.lut1.genblk1.genblk1.genblk1.genblk1.genblk1.genblk1.genblk1.lut1.genblk1.genblk1.genblk1.genblk1.genblk1.genblk1.lut0.genblk1.genblk1.genblk1.genblk1.genblk1.lut0 (4 -> 3)
  Optimizing lut $abc$220651$lut$aiger220650$16395.genblk1.genblk1.genblk1.genblk1.genblk1.genblk1.genblk1.genblk1.lut0.genblk1.genblk1.genblk1.genblk1.genblk1.genblk1.genblk1.lut0.genblk1.genblk1.genblk1.genblk1.genblk1.genblk1.lut1.genblk1.genblk1.genblk1.genblk1.genblk1.lut0 (4 -> 2)
  Optimizing lut $abc$220651$lut$aiger220650$16395.genblk1.genblk1.genblk1.genblk1.genblk1.genblk1.genblk1.genblk1.lut0.genblk1.genblk1.genblk1.genblk1.genblk1.genblk1.genblk1.lut0.genblk1.genblk1.genblk1.genblk1.genblk1.genblk1.lut0.genblk1.genblk1.genblk1.genblk1.genblk1.lut0 (4 -> 2)
  Optimizing lut $abc$220651$lut$aiger220650$16395.genblk1.genblk1.genblk1.genblk1.genblk1.genblk1.genblk1.genblk1.lut0.genblk1.genblk1.genblk1.genblk1.genblk1.genblk1.genblk1.lut1.genblk1.genblk1.genblk1.genblk1.genblk1.genblk1.lut1.genblk1.genblk1.genblk1.genblk1.genblk1.lut0 (4 -> 3)
  Optimizing lut $abc$220651$lut$aiger220650$16395.genblk1.genblk1.genblk1.genblk1.genblk1.genblk1.genblk1.genblk1.lut0.genblk1.genblk1.genblk1.genblk1.genblk1.genblk1.genblk1.lut1.genblk1.genblk1.genblk1.genblk1.genblk1.genblk1.lut0.genblk1.genblk1.genblk1.genblk1.genblk1.lut0 (4 -> 3)
  Optimizing lut $abc$220651$lut$aiger220650$16163.genblk1.genblk1.genblk1.genblk1.genblk1.genblk1.genblk1.genblk1.lut1.genblk1.genblk1.genblk1.genblk1.genblk1.genblk1.genblk1.lut0.genblk1.genblk1.genblk1.genblk1.genblk1.genblk1.lut0.genblk1.genblk1.genblk1.genblk1.genblk1.lut0 (4 -> 2)
  Optimizing lut $abc$220651$lut$aiger220650$16163.genblk1.genblk1.genblk1.genblk1.genblk1.genblk1.genblk1.genblk1.lut1.genblk1.genblk1.genblk1.genblk1.genblk1.genblk1.genblk1.lut1.genblk1.genblk1.genblk1.genblk1.genblk1.genblk1.lut1.genblk1.genblk1.genblk1.genblk1.genblk1.lut0 (4 -> 3)
  Optimizing lut $abc$220651$lut$aiger220650$16163.genblk1.genblk1.genblk1.genblk1.genblk1.genblk1.genblk1.genblk1.lut1.genblk1.genblk1.genblk1.genblk1.genblk1.genblk1.genblk1.lut1.genblk1.genblk1.genblk1.genblk1.genblk1.genblk1.lut0.genblk1.genblk1.genblk1.genblk1.genblk1.lut0 (4 -> 3)
  Optimizing lut $abc$220651$lut$aiger220650$16163.genblk1.genblk1.genblk1.genblk1.genblk1.genblk1.genblk1.genblk1.lut0.genblk1.genblk1.genblk1.genblk1.genblk1.genblk1.genblk1.lut0.genblk1.genblk1.genblk1.genblk1.genblk1.genblk1.lut1.genblk1.genblk1.genblk1.genblk1.genblk1.lut0 (4 -> 2)
  Optimizing lut $abc$220651$lut$aiger220650$16163.genblk1.genblk1.genblk1.genblk1.genblk1.genblk1.genblk1.genblk1.lut0.genblk1.genblk1.genblk1.genblk1.genblk1.genblk1.genblk1.lut0.genblk1.genblk1.genblk1.genblk1.genblk1.genblk1.lut0.genblk1.genblk1.genblk1.genblk1.genblk1.lut0 (4 -> 2)
  Optimizing lut $abc$220651$lut$aiger220650$16163.genblk1.genblk1.genblk1.genblk1.genblk1.genblk1.genblk1.genblk1.lut0.genblk1.genblk1.genblk1.genblk1.genblk1.genblk1.genblk1.lut1.genblk1.genblk1.genblk1.genblk1.genblk1.genblk1.lut1.genblk1.genblk1.genblk1.genblk1.genblk1.lut0 (4 -> 3)
  Optimizing lut $abc$220651$lut$aiger220650$16163.genblk1.genblk1.genblk1.genblk1.genblk1.genblk1.genblk1.genblk1.lut0.genblk1.genblk1.genblk1.genblk1.genblk1.genblk1.genblk1.lut1.genblk1.genblk1.genblk1.genblk1.genblk1.genblk1.lut0.genblk1.genblk1.genblk1.genblk1.genblk1.lut0 (4 -> 3)
  Optimizing lut $abc$220651$lut$aiger220650$16080.genblk1.genblk1.genblk1.genblk1.genblk1.genblk1.genblk1.genblk1.lut1.genblk1.genblk1.genblk1.genblk1.genblk1.genblk1.genblk1.lut0.genblk1.genblk1.genblk1.genblk1.genblk1.genblk1.lut1.genblk1.genblk1.genblk1.genblk1.genblk1.lut0 (4 -> 0)
  Optimizing lut $abc$220651$lut$aiger220650$16080.genblk1.genblk1.genblk1.genblk1.genblk1.genblk1.genblk1.genblk1.lut1.genblk1.genblk1.genblk1.genblk1.genblk1.genblk1.genblk1.lut0.genblk1.genblk1.genblk1.genblk1.genblk1.genblk1.lut0.genblk1.genblk1.genblk1.genblk1.genblk1.lut0 (4 -> 0)
  Optimizing lut $abc$220651$lut$aiger220650$16080.genblk1.genblk1.genblk1.genblk1.genblk1.genblk1.genblk1.genblk1.lut1.genblk1.genblk1.genblk1.genblk1.genblk1.genblk1.genblk1.lut1.genblk1.genblk1.genblk1.genblk1.genblk1.genblk1.lut0.genblk1.genblk1.genblk1.genblk1.genblk1.lut0 (4 -> 0)
  Optimizing lut $abc$220651$lut$aiger220650$16080.genblk1.genblk1.genblk1.genblk1.genblk1.genblk1.genblk1.genblk1.lut0.genblk1.genblk1.genblk1.genblk1.genblk1.genblk1.genblk1.lut0.genblk1.genblk1.genblk1.genblk1.genblk1.genblk1.lut1.genblk1.genblk1.genblk1.genblk1.genblk1.lut0 (4 -> 3)
  Optimizing lut $abc$220651$lut$aiger220650$16080.genblk1.genblk1.genblk1.genblk1.genblk1.genblk1.genblk1.genblk1.lut0.genblk1.genblk1.genblk1.genblk1.genblk1.genblk1.genblk1.lut0.genblk1.genblk1.genblk1.genblk1.genblk1.genblk1.lut0.genblk1.genblk1.genblk1.genblk1.genblk1.lut0 (4 -> 2)
  Optimizing lut $abc$220651$lut$aiger220650$16080.genblk1.genblk1.genblk1.genblk1.genblk1.genblk1.genblk1.genblk1.lut0.genblk1.genblk1.genblk1.genblk1.genblk1.genblk1.genblk1.lut1.genblk1.genblk1.genblk1.genblk1.genblk1.genblk1.lut0.genblk1.genblk1.genblk1.genblk1.genblk1.lut0 (4 -> 2)
  Optimizing lut $abc$220651$lut$aiger220650$15914.genblk1.genblk1.genblk1.genblk1.genblk1.genblk1.genblk1.genblk1.lut1.genblk1.genblk1.genblk1.genblk1.genblk1.genblk1.genblk1.lut0.genblk1.genblk1.genblk1.genblk1.genblk1.genblk1.lut0.genblk1.genblk1.genblk1.genblk1.genblk1.lut0 (4 -> 2)
  Optimizing lut $abc$220651$lut$aiger220650$15914.genblk1.genblk1.genblk1.genblk1.genblk1.genblk1.genblk1.genblk1.lut1.genblk1.genblk1.genblk1.genblk1.genblk1.genblk1.genblk1.lut1.genblk1.genblk1.genblk1.genblk1.genblk1.genblk1.lut1.genblk1.genblk1.genblk1.genblk1.genblk1.lut0 (4 -> 3)
  Optimizing lut $abc$220651$lut$aiger220650$15914.genblk1.genblk1.genblk1.genblk1.genblk1.genblk1.genblk1.genblk1.lut1.genblk1.genblk1.genblk1.genblk1.genblk1.genblk1.genblk1.lut1.genblk1.genblk1.genblk1.genblk1.genblk1.genblk1.lut0.genblk1.genblk1.genblk1.genblk1.genblk1.lut0 (4 -> 3)
  Optimizing lut $abc$220651$lut$aiger220650$15914.genblk1.genblk1.genblk1.genblk1.genblk1.genblk1.genblk1.genblk1.lut0.genblk1.genblk1.genblk1.genblk1.genblk1.genblk1.genblk1.lut0.genblk1.genblk1.genblk1.genblk1.genblk1.genblk1.lut1.genblk1.genblk1.genblk1.genblk1.genblk1.lut0 (4 -> 2)
  Optimizing lut $abc$220651$lut$aiger220650$15914.genblk1.genblk1.genblk1.genblk1.genblk1.genblk1.genblk1.genblk1.lut0.genblk1.genblk1.genblk1.genblk1.genblk1.genblk1.genblk1.lut0.genblk1.genblk1.genblk1.genblk1.genblk1.genblk1.lut0.genblk1.genblk1.genblk1.genblk1.genblk1.lut0 (4 -> 2)
  Optimizing lut $abc$220651$lut$aiger220650$15914.genblk1.genblk1.genblk1.genblk1.genblk1.genblk1.genblk1.genblk1.lut0.genblk1.genblk1.genblk1.genblk1.genblk1.genblk1.genblk1.lut1.genblk1.genblk1.genblk1.genblk1.genblk1.genblk1.lut1.genblk1.genblk1.genblk1.genblk1.genblk1.lut0 (4 -> 3)
  Optimizing lut $abc$220651$lut$aiger220650$15914.genblk1.genblk1.genblk1.genblk1.genblk1.genblk1.genblk1.genblk1.lut0.genblk1.genblk1.genblk1.genblk1.genblk1.genblk1.genblk1.lut1.genblk1.genblk1.genblk1.genblk1.genblk1.genblk1.lut0.genblk1.genblk1.genblk1.genblk1.genblk1.lut0 (4 -> 3)
  Optimizing lut $abc$220651$lut$aiger220650$15601.genblk1.genblk1.genblk1.genblk1.genblk1.genblk1.genblk1.genblk1.lut1.genblk1.genblk1.genblk1.genblk1.genblk1.genblk1.genblk1.lut0.genblk1.genblk1.genblk1.genblk1.genblk1.genblk1.lut0.genblk1.genblk1.genblk1.genblk1.genblk1.lut0 (4 -> 0)
  Optimizing lut $abc$220651$lut$aiger220650$15601.genblk1.genblk1.genblk1.genblk1.genblk1.genblk1.genblk1.genblk1.lut1.genblk1.genblk1.genblk1.genblk1.genblk1.genblk1.genblk1.lut1.genblk1.genblk1.genblk1.genblk1.genblk1.genblk1.lut1.genblk1.genblk1.genblk1.genblk1.genblk1.lut0 (4 -> 3)
  Optimizing lut $abc$220651$lut$aiger220650$15601.genblk1.genblk1.genblk1.genblk1.genblk1.genblk1.genblk1.genblk1.lut1.genblk1.genblk1.genblk1.genblk1.genblk1.genblk1.genblk1.lut1.genblk1.genblk1.genblk1.genblk1.genblk1.genblk1.lut0.genblk1.genblk1.genblk1.genblk1.genblk1.lut0 (4 -> 0)
  Optimizing lut $abc$220651$lut$aiger220650$15601.genblk1.genblk1.genblk1.genblk1.genblk1.genblk1.genblk1.genblk1.lut0.genblk1.genblk1.genblk1.genblk1.genblk1.genblk1.genblk1.lut0.genblk1.genblk1.genblk1.genblk1.genblk1.genblk1.lut1.genblk1.genblk1.genblk1.genblk1.genblk1.lut0 (4 -> 3)
  Optimizing lut $abc$220651$lut$aiger220650$15601.genblk1.genblk1.genblk1.genblk1.genblk1.genblk1.genblk1.genblk1.lut0.genblk1.genblk1.genblk1.genblk1.genblk1.genblk1.genblk1.lut0.genblk1.genblk1.genblk1.genblk1.genblk1.genblk1.lut0.genblk1.genblk1.genblk1.genblk1.genblk1.lut0 (4 -> 2)
  Optimizing lut $abc$220651$lut$aiger220650$15601.genblk1.genblk1.genblk1.genblk1.genblk1.genblk1.genblk1.genblk1.lut0.genblk1.genblk1.genblk1.genblk1.genblk1.genblk1.genblk1.lut1.genblk1.genblk1.genblk1.genblk1.genblk1.genblk1.lut1.genblk1.genblk1.genblk1.genblk1.genblk1.lut0 (4 -> 3)
  Optimizing lut $abc$220651$lut$aiger220650$15601.genblk1.genblk1.genblk1.genblk1.genblk1.genblk1.genblk1.genblk1.lut0.genblk1.genblk1.genblk1.genblk1.genblk1.genblk1.genblk1.lut1.genblk1.genblk1.genblk1.genblk1.genblk1.genblk1.lut0.genblk1.genblk1.genblk1.genblk1.genblk1.lut0 (4 -> 2)
  Optimizing lut $abc$220651$lut$aiger220650$15684.genblk1.genblk1.genblk1.genblk1.genblk1.genblk1.genblk1.genblk1.lut1.genblk1.genblk1.genblk1.genblk1.genblk1.genblk1.genblk1.lut0.genblk1.genblk1.genblk1.genblk1.genblk1.genblk1.lut1.genblk1.genblk1.genblk1.genblk1.genblk1.lut0 (4 -> 2)
  Optimizing lut $abc$220651$lut$aiger220650$15684.genblk1.genblk1.genblk1.genblk1.genblk1.genblk1.genblk1.genblk1.lut1.genblk1.genblk1.genblk1.genblk1.genblk1.genblk1.genblk1.lut0.genblk1.genblk1.genblk1.genblk1.genblk1.genblk1.lut0.genblk1.genblk1.genblk1.genblk1.genblk1.lut0 (4 -> 2)
  Optimizing lut $abc$220651$lut$aiger220650$15684.genblk1.genblk1.genblk1.genblk1.genblk1.genblk1.genblk1.genblk1.lut1.genblk1.genblk1.genblk1.genblk1.genblk1.genblk1.genblk1.lut1.genblk1.genblk1.genblk1.genblk1.genblk1.genblk1.lut1.genblk1.genblk1.genblk1.genblk1.genblk1.lut0 (4 -> 3)
  Optimizing lut $abc$220651$lut$aiger220650$15684.genblk1.genblk1.genblk1.genblk1.genblk1.genblk1.genblk1.genblk1.lut1.genblk1.genblk1.genblk1.genblk1.genblk1.genblk1.genblk1.lut1.genblk1.genblk1.genblk1.genblk1.genblk1.genblk1.lut0.genblk1.genblk1.genblk1.genblk1.genblk1.lut0 (4 -> 3)
  Optimizing lut $abc$220651$lut$aiger220650$15684.genblk1.genblk1.genblk1.genblk1.genblk1.genblk1.genblk1.genblk1.lut0.genblk1.genblk1.genblk1.genblk1.genblk1.genblk1.genblk1.lut0.genblk1.genblk1.genblk1.genblk1.genblk1.genblk1.lut1.genblk1.genblk1.genblk1.genblk1.genblk1.lut0 (4 -> 2)
  Optimizing lut $abc$220651$lut$aiger220650$15684.genblk1.genblk1.genblk1.genblk1.genblk1.genblk1.genblk1.genblk1.lut0.genblk1.genblk1.genblk1.genblk1.genblk1.genblk1.genblk1.lut0.genblk1.genblk1.genblk1.genblk1.genblk1.genblk1.lut0.genblk1.genblk1.genblk1.genblk1.genblk1.lut0 (4 -> 2)
  Optimizing lut $abc$220651$lut$aiger220650$15684.genblk1.genblk1.genblk1.genblk1.genblk1.genblk1.genblk1.genblk1.lut0.genblk1.genblk1.genblk1.genblk1.genblk1.genblk1.genblk1.lut1.genblk1.genblk1.genblk1.genblk1.genblk1.genblk1.lut1.genblk1.genblk1.genblk1.genblk1.genblk1.lut0 (4 -> 3)
  Optimizing lut $abc$220651$lut$aiger220650$15684.genblk1.genblk1.genblk1.genblk1.genblk1.genblk1.genblk1.genblk1.lut0.genblk1.genblk1.genblk1.genblk1.genblk1.genblk1.genblk1.lut1.genblk1.genblk1.genblk1.genblk1.genblk1.genblk1.lut0.genblk1.genblk1.genblk1.genblk1.genblk1.lut0 (4 -> 3)
  Optimizing lut $abc$220651$lut$aiger220650$15393.genblk1.genblk1.genblk1.genblk1.genblk1.genblk1.genblk1.genblk1.lut1.genblk1.genblk1.genblk1.genblk1.genblk1.genblk1.genblk1.lut0.genblk1.genblk1.genblk1.genblk1.genblk1.genblk1.lut0.genblk1.genblk1.genblk1.genblk1.genblk1.lut0 (4 -> 2)
  Optimizing lut $abc$220651$lut$aiger220650$15393.genblk1.genblk1.genblk1.genblk1.genblk1.genblk1.genblk1.genblk1.lut1.genblk1.genblk1.genblk1.genblk1.genblk1.genblk1.genblk1.lut1.genblk1.genblk1.genblk1.genblk1.genblk1.genblk1.lut1.genblk1.genblk1.genblk1.genblk1.genblk1.lut0 (4 -> 3)
  Optimizing lut $abc$220651$lut$aiger220650$15393.genblk1.genblk1.genblk1.genblk1.genblk1.genblk1.genblk1.genblk1.lut1.genblk1.genblk1.genblk1.genblk1.genblk1.genblk1.genblk1.lut1.genblk1.genblk1.genblk1.genblk1.genblk1.genblk1.lut0.genblk1.genblk1.genblk1.genblk1.genblk1.lut0 (4 -> 3)
  Optimizing lut $abc$220651$lut$aiger220650$15393.genblk1.genblk1.genblk1.genblk1.genblk1.genblk1.genblk1.genblk1.lut0.genblk1.genblk1.genblk1.genblk1.genblk1.genblk1.genblk1.lut0.genblk1.genblk1.genblk1.genblk1.genblk1.genblk1.lut1.genblk1.genblk1.genblk1.genblk1.genblk1.lut0 (4 -> 2)
  Optimizing lut $abc$220651$lut$aiger220650$15393.genblk1.genblk1.genblk1.genblk1.genblk1.genblk1.genblk1.genblk1.lut0.genblk1.genblk1.genblk1.genblk1.genblk1.genblk1.genblk1.lut0.genblk1.genblk1.genblk1.genblk1.genblk1.genblk1.lut0.genblk1.genblk1.genblk1.genblk1.genblk1.lut0 (4 -> 2)
  Optimizing lut $abc$220651$lut$aiger220650$15393.genblk1.genblk1.genblk1.genblk1.genblk1.genblk1.genblk1.genblk1.lut0.genblk1.genblk1.genblk1.genblk1.genblk1.genblk1.genblk1.lut1.genblk1.genblk1.genblk1.genblk1.genblk1.genblk1.lut1.genblk1.genblk1.genblk1.genblk1.genblk1.lut0 (4 -> 3)
  Optimizing lut $abc$220651$lut$aiger220650$15393.genblk1.genblk1.genblk1.genblk1.genblk1.genblk1.genblk1.genblk1.lut0.genblk1.genblk1.genblk1.genblk1.genblk1.genblk1.genblk1.lut1.genblk1.genblk1.genblk1.genblk1.genblk1.genblk1.lut0.genblk1.genblk1.genblk1.genblk1.genblk1.lut0 (4 -> 3)
  Optimizing lut $abc$220651$lut$aiger220650$15101.genblk1.genblk1.genblk1.genblk1.genblk1.genblk1.genblk1.genblk1.lut1.genblk1.genblk1.genblk1.genblk1.genblk1.genblk1.genblk1.lut0.genblk1.genblk1.genblk1.genblk1.genblk1.genblk1.lut0.genblk1.genblk1.genblk1.genblk1.genblk1.lut0 (4 -> 0)
  Optimizing lut $abc$220651$lut$aiger220650$15101.genblk1.genblk1.genblk1.genblk1.genblk1.genblk1.genblk1.genblk1.lut1.genblk1.genblk1.genblk1.genblk1.genblk1.genblk1.genblk1.lut1.genblk1.genblk1.genblk1.genblk1.genblk1.genblk1.lut0.genblk1.genblk1.genblk1.genblk1.genblk1.lut0 (4 -> 0)
  Optimizing lut $abc$220651$lut$aiger220650$15101.genblk1.genblk1.genblk1.genblk1.genblk1.genblk1.genblk1.genblk1.lut0.genblk1.genblk1.genblk1.genblk1.genblk1.genblk1.genblk1.lut0.genblk1.genblk1.genblk1.genblk1.genblk1.genblk1.lut1.genblk1.genblk1.genblk1.genblk1.genblk1.lut0 (4 -> 3)
  Optimizing lut $abc$220651$lut$aiger220650$15101.genblk1.genblk1.genblk1.genblk1.genblk1.genblk1.genblk1.genblk1.lut0.genblk1.genblk1.genblk1.genblk1.genblk1.genblk1.genblk1.lut0.genblk1.genblk1.genblk1.genblk1.genblk1.genblk1.lut0.genblk1.genblk1.genblk1.genblk1.genblk1.lut0 (4 -> 2)
  Optimizing lut $abc$220651$lut$aiger220650$15101.genblk1.genblk1.genblk1.genblk1.genblk1.genblk1.genblk1.genblk1.lut0.genblk1.genblk1.genblk1.genblk1.genblk1.genblk1.genblk1.lut1.genblk1.genblk1.genblk1.genblk1.genblk1.genblk1.lut0.genblk1.genblk1.genblk1.genblk1.genblk1.lut0 (4 -> 3)
  Optimizing lut $abc$220651$lut$aiger220650$15184.genblk1.genblk1.genblk1.genblk1.genblk1.genblk1.genblk1.genblk1.lut1.genblk1.genblk1.genblk1.genblk1.genblk1.genblk1.genblk1.lut0.genblk1.genblk1.genblk1.genblk1.genblk1.genblk1.lut1.genblk1.genblk1.genblk1.genblk1.genblk1.lut0 (4 -> 2)
  Optimizing lut $abc$220651$lut$aiger220650$15184.genblk1.genblk1.genblk1.genblk1.genblk1.genblk1.genblk1.genblk1.lut1.genblk1.genblk1.genblk1.genblk1.genblk1.genblk1.genblk1.lut0.genblk1.genblk1.genblk1.genblk1.genblk1.genblk1.lut0.genblk1.genblk1.genblk1.genblk1.genblk1.lut0 (4 -> 2)
  Optimizing lut $abc$220651$lut$aiger220650$15184.genblk1.genblk1.genblk1.genblk1.genblk1.genblk1.genblk1.genblk1.lut1.genblk1.genblk1.genblk1.genblk1.genblk1.genblk1.genblk1.lut1.genblk1.genblk1.genblk1.genblk1.genblk1.genblk1.lut1.genblk1.genblk1.genblk1.genblk1.genblk1.lut0 (4 -> 3)
  Optimizing lut $abc$220651$lut$aiger220650$15184.genblk1.genblk1.genblk1.genblk1.genblk1.genblk1.genblk1.genblk1.lut1.genblk1.genblk1.genblk1.genblk1.genblk1.genblk1.genblk1.lut1.genblk1.genblk1.genblk1.genblk1.genblk1.genblk1.lut0.genblk1.genblk1.genblk1.genblk1.genblk1.lut0 (4 -> 3)
  Optimizing lut $abc$220651$lut$aiger220650$15184.genblk1.genblk1.genblk1.genblk1.genblk1.genblk1.genblk1.genblk1.lut0.genblk1.genblk1.genblk1.genblk1.genblk1.genblk1.genblk1.lut0.genblk1.genblk1.genblk1.genblk1.genblk1.genblk1.lut1.genblk1.genblk1.genblk1.genblk1.genblk1.lut0 (4 -> 2)
  Optimizing lut $abc$220651$lut$aiger220650$15184.genblk1.genblk1.genblk1.genblk1.genblk1.genblk1.genblk1.genblk1.lut0.genblk1.genblk1.genblk1.genblk1.genblk1.genblk1.genblk1.lut0.genblk1.genblk1.genblk1.genblk1.genblk1.genblk1.lut0.genblk1.genblk1.genblk1.genblk1.genblk1.lut0 (4 -> 2)
  Optimizing lut $abc$220651$lut$aiger220650$15184.genblk1.genblk1.genblk1.genblk1.genblk1.genblk1.genblk1.genblk1.lut0.genblk1.genblk1.genblk1.genblk1.genblk1.genblk1.genblk1.lut1.genblk1.genblk1.genblk1.genblk1.genblk1.genblk1.lut1.genblk1.genblk1.genblk1.genblk1.genblk1.lut0 (4 -> 3)
  Optimizing lut $abc$220651$lut$aiger220650$15184.genblk1.genblk1.genblk1.genblk1.genblk1.genblk1.genblk1.genblk1.lut0.genblk1.genblk1.genblk1.genblk1.genblk1.genblk1.genblk1.lut1.genblk1.genblk1.genblk1.genblk1.genblk1.genblk1.lut0.genblk1.genblk1.genblk1.genblk1.genblk1.lut0 (4 -> 3)
  Optimizing lut $abc$220651$lut$aiger220650$14944.genblk1.genblk1.genblk1.genblk1.genblk1.genblk1.genblk1.genblk1.lut1.genblk1.genblk1.genblk1.genblk1.genblk1.genblk1.genblk1.lut0.genblk1.genblk1.genblk1.genblk1.genblk1.genblk1.lut1.genblk1.genblk1.genblk1.genblk1.genblk1.lut0 (4 -> 2)
  Optimizing lut $abc$220651$lut$aiger220650$14944.genblk1.genblk1.genblk1.genblk1.genblk1.genblk1.genblk1.genblk1.lut1.genblk1.genblk1.genblk1.genblk1.genblk1.genblk1.genblk1.lut0.genblk1.genblk1.genblk1.genblk1.genblk1.genblk1.lut0.genblk1.genblk1.genblk1.genblk1.genblk1.lut0 (4 -> 2)
  Optimizing lut $abc$220651$lut$aiger220650$14944.genblk1.genblk1.genblk1.genblk1.genblk1.genblk1.genblk1.genblk1.lut1.genblk1.genblk1.genblk1.genblk1.genblk1.genblk1.genblk1.lut1.genblk1.genblk1.genblk1.genblk1.genblk1.genblk1.lut1.genblk1.genblk1.genblk1.genblk1.genblk1.lut0 (4 -> 3)
  Optimizing lut $abc$220651$lut$aiger220650$14944.genblk1.genblk1.genblk1.genblk1.genblk1.genblk1.genblk1.genblk1.lut1.genblk1.genblk1.genblk1.genblk1.genblk1.genblk1.genblk1.lut1.genblk1.genblk1.genblk1.genblk1.genblk1.genblk1.lut0.genblk1.genblk1.genblk1.genblk1.genblk1.lut0 (4 -> 3)
  Optimizing lut $abc$220651$lut$aiger220650$14944.genblk1.genblk1.genblk1.genblk1.genblk1.genblk1.genblk1.genblk1.lut0.genblk1.genblk1.genblk1.genblk1.genblk1.genblk1.genblk1.lut0.genblk1.genblk1.genblk1.genblk1.genblk1.genblk1.lut1.genblk1.genblk1.genblk1.genblk1.genblk1.lut0 (4 -> 2)
  Optimizing lut $abc$220651$lut$aiger220650$14944.genblk1.genblk1.genblk1.genblk1.genblk1.genblk1.genblk1.genblk1.lut0.genblk1.genblk1.genblk1.genblk1.genblk1.genblk1.genblk1.lut0.genblk1.genblk1.genblk1.genblk1.genblk1.genblk1.lut0.genblk1.genblk1.genblk1.genblk1.genblk1.lut0 (4 -> 2)
  Optimizing lut $abc$220651$lut$aiger220650$14944.genblk1.genblk1.genblk1.genblk1.genblk1.genblk1.genblk1.genblk1.lut0.genblk1.genblk1.genblk1.genblk1.genblk1.genblk1.genblk1.lut1.genblk1.genblk1.genblk1.genblk1.genblk1.genblk1.lut1.genblk1.genblk1.genblk1.genblk1.genblk1.lut0 (4 -> 3)
  Optimizing lut $abc$220651$lut$aiger220650$14944.genblk1.genblk1.genblk1.genblk1.genblk1.genblk1.genblk1.genblk1.lut0.genblk1.genblk1.genblk1.genblk1.genblk1.genblk1.genblk1.lut1.genblk1.genblk1.genblk1.genblk1.genblk1.genblk1.lut0.genblk1.genblk1.genblk1.genblk1.genblk1.lut0 (4 -> 3)
  Optimizing lut $abc$220651$lut$aiger220650$14726.genblk1.genblk1.genblk1.genblk1.genblk1.genblk1.genblk1.genblk1.lut1.genblk1.genblk1.genblk1.genblk1.genblk1.genblk1.genblk1.lut0.genblk1.genblk1.genblk1.genblk1.genblk1.genblk1.lut0.genblk1.genblk1.genblk1.genblk1.genblk1.lut0 (4 -> 2)
  Optimizing lut $abc$220651$lut$aiger220650$14726.genblk1.genblk1.genblk1.genblk1.genblk1.genblk1.genblk1.genblk1.lut1.genblk1.genblk1.genblk1.genblk1.genblk1.genblk1.genblk1.lut1.genblk1.genblk1.genblk1.genblk1.genblk1.genblk1.lut1.genblk1.genblk1.genblk1.genblk1.genblk1.lut0 (4 -> 3)
  Optimizing lut $abc$220651$lut$aiger220650$14726.genblk1.genblk1.genblk1.genblk1.genblk1.genblk1.genblk1.genblk1.lut1.genblk1.genblk1.genblk1.genblk1.genblk1.genblk1.genblk1.lut1.genblk1.genblk1.genblk1.genblk1.genblk1.genblk1.lut0.genblk1.genblk1.genblk1.genblk1.genblk1.lut0 (4 -> 3)
  Optimizing lut $abc$220651$lut$aiger220650$14726.genblk1.genblk1.genblk1.genblk1.genblk1.genblk1.genblk1.genblk1.lut0.genblk1.genblk1.genblk1.genblk1.genblk1.genblk1.genblk1.lut0.genblk1.genblk1.genblk1.genblk1.genblk1.genblk1.lut1.genblk1.genblk1.genblk1.genblk1.genblk1.lut0 (4 -> 2)
  Optimizing lut $abc$220651$lut$aiger220650$14726.genblk1.genblk1.genblk1.genblk1.genblk1.genblk1.genblk1.genblk1.lut0.genblk1.genblk1.genblk1.genblk1.genblk1.genblk1.genblk1.lut0.genblk1.genblk1.genblk1.genblk1.genblk1.genblk1.lut0.genblk1.genblk1.genblk1.genblk1.genblk1.lut0 (4 -> 2)
  Optimizing lut $abc$220651$lut$aiger220650$14726.genblk1.genblk1.genblk1.genblk1.genblk1.genblk1.genblk1.genblk1.lut0.genblk1.genblk1.genblk1.genblk1.genblk1.genblk1.genblk1.lut1.genblk1.genblk1.genblk1.genblk1.genblk1.genblk1.lut1.genblk1.genblk1.genblk1.genblk1.genblk1.lut0 (4 -> 3)
  Optimizing lut $abc$220651$lut$aiger220650$14726.genblk1.genblk1.genblk1.genblk1.genblk1.genblk1.genblk1.genblk1.lut0.genblk1.genblk1.genblk1.genblk1.genblk1.genblk1.genblk1.lut1.genblk1.genblk1.genblk1.genblk1.genblk1.genblk1.lut0.genblk1.genblk1.genblk1.genblk1.genblk1.lut0 (4 -> 3)
  Optimizing lut $abc$220651$lut$aiger220650$14521.genblk1.genblk1.genblk1.genblk1.genblk1.genblk1.genblk1.genblk1.lut1.genblk1.genblk1.genblk1.genblk1.genblk1.genblk1.genblk1.lut0.genblk1.genblk1.genblk1.genblk1.genblk1.genblk1.lut0.genblk1.genblk1.genblk1.genblk1.genblk1.lut0 (4 -> 2)
  Optimizing lut $abc$220651$lut$aiger220650$14521.genblk1.genblk1.genblk1.genblk1.genblk1.genblk1.genblk1.genblk1.lut1.genblk1.genblk1.genblk1.genblk1.genblk1.genblk1.genblk1.lut1.genblk1.genblk1.genblk1.genblk1.genblk1.genblk1.lut1.genblk1.genblk1.genblk1.genblk1.genblk1.lut0 (4 -> 3)
  Optimizing lut $abc$220651$lut$aiger220650$14521.genblk1.genblk1.genblk1.genblk1.genblk1.genblk1.genblk1.genblk1.lut1.genblk1.genblk1.genblk1.genblk1.genblk1.genblk1.genblk1.lut1.genblk1.genblk1.genblk1.genblk1.genblk1.genblk1.lut0.genblk1.genblk1.genblk1.genblk1.genblk1.lut0 (4 -> 3)
  Optimizing lut $abc$220651$lut$aiger220650$14521.genblk1.genblk1.genblk1.genblk1.genblk1.genblk1.genblk1.genblk1.lut0.genblk1.genblk1.genblk1.genblk1.genblk1.genblk1.genblk1.lut0.genblk1.genblk1.genblk1.genblk1.genblk1.genblk1.lut1.genblk1.genblk1.genblk1.genblk1.genblk1.lut0 (4 -> 2)
  Optimizing lut $abc$220651$lut$aiger220650$14521.genblk1.genblk1.genblk1.genblk1.genblk1.genblk1.genblk1.genblk1.lut0.genblk1.genblk1.genblk1.genblk1.genblk1.genblk1.genblk1.lut0.genblk1.genblk1.genblk1.genblk1.genblk1.genblk1.lut0.genblk1.genblk1.genblk1.genblk1.genblk1.lut0 (4 -> 2)
  Optimizing lut $abc$220651$lut$aiger220650$14521.genblk1.genblk1.genblk1.genblk1.genblk1.genblk1.genblk1.genblk1.lut0.genblk1.genblk1.genblk1.genblk1.genblk1.genblk1.genblk1.lut1.genblk1.genblk1.genblk1.genblk1.genblk1.genblk1.lut1.genblk1.genblk1.genblk1.genblk1.genblk1.lut0 (4 -> 3)
  Optimizing lut $abc$220651$lut$aiger220650$14521.genblk1.genblk1.genblk1.genblk1.genblk1.genblk1.genblk1.genblk1.lut0.genblk1.genblk1.genblk1.genblk1.genblk1.genblk1.genblk1.lut1.genblk1.genblk1.genblk1.genblk1.genblk1.genblk1.lut0.genblk1.genblk1.genblk1.genblk1.genblk1.lut0 (4 -> 3)
  Optimizing lut $abc$220651$lut$aiger220650$14295.genblk1.genblk1.genblk1.genblk1.genblk1.genblk1.genblk1.genblk1.lut1.genblk1.genblk1.genblk1.genblk1.genblk1.genblk1.genblk1.lut0.genblk1.genblk1.genblk1.genblk1.genblk1.genblk1.lut1.genblk1.genblk1.genblk1.genblk1.genblk1.lut0 (4 -> 2)
  Optimizing lut $abc$220651$lut$aiger220650$14295.genblk1.genblk1.genblk1.genblk1.genblk1.genblk1.genblk1.genblk1.lut1.genblk1.genblk1.genblk1.genblk1.genblk1.genblk1.genblk1.lut0.genblk1.genblk1.genblk1.genblk1.genblk1.genblk1.lut0.genblk1.genblk1.genblk1.genblk1.genblk1.lut0 (4 -> 2)
  Optimizing lut $abc$220651$lut$aiger220650$14295.genblk1.genblk1.genblk1.genblk1.genblk1.genblk1.genblk1.genblk1.lut1.genblk1.genblk1.genblk1.genblk1.genblk1.genblk1.genblk1.lut1.genblk1.genblk1.genblk1.genblk1.genblk1.genblk1.lut1.genblk1.genblk1.genblk1.genblk1.genblk1.lut0 (4 -> 3)
  Optimizing lut $abc$220651$lut$aiger220650$14295.genblk1.genblk1.genblk1.genblk1.genblk1.genblk1.genblk1.genblk1.lut1.genblk1.genblk1.genblk1.genblk1.genblk1.genblk1.genblk1.lut1.genblk1.genblk1.genblk1.genblk1.genblk1.genblk1.lut0.genblk1.genblk1.genblk1.genblk1.genblk1.lut0 (4 -> 3)
  Optimizing lut $abc$220651$lut$aiger220650$14295.genblk1.genblk1.genblk1.genblk1.genblk1.genblk1.genblk1.genblk1.lut0.genblk1.genblk1.genblk1.genblk1.genblk1.genblk1.genblk1.lut0.genblk1.genblk1.genblk1.genblk1.genblk1.genblk1.lut1.genblk1.genblk1.genblk1.genblk1.genblk1.lut0 (4 -> 2)
  Optimizing lut $abc$220651$lut$aiger220650$14295.genblk1.genblk1.genblk1.genblk1.genblk1.genblk1.genblk1.genblk1.lut0.genblk1.genblk1.genblk1.genblk1.genblk1.genblk1.genblk1.lut0.genblk1.genblk1.genblk1.genblk1.genblk1.genblk1.lut0.genblk1.genblk1.genblk1.genblk1.genblk1.lut0 (4 -> 2)
  Optimizing lut $abc$220651$lut$aiger220650$14295.genblk1.genblk1.genblk1.genblk1.genblk1.genblk1.genblk1.genblk1.lut0.genblk1.genblk1.genblk1.genblk1.genblk1.genblk1.genblk1.lut1.genblk1.genblk1.genblk1.genblk1.genblk1.genblk1.lut1.genblk1.genblk1.genblk1.genblk1.genblk1.lut0 (4 -> 3)
  Optimizing lut $abc$220651$lut$aiger220650$14295.genblk1.genblk1.genblk1.genblk1.genblk1.genblk1.genblk1.genblk1.lut0.genblk1.genblk1.genblk1.genblk1.genblk1.genblk1.genblk1.lut1.genblk1.genblk1.genblk1.genblk1.genblk1.genblk1.lut0.genblk1.genblk1.genblk1.genblk1.genblk1.lut0 (4 -> 3)
  Optimizing lut $abc$220651$lut$aiger220650$13435.genblk1.genblk1.genblk1.genblk1.genblk1.genblk1.genblk1.genblk1.lut1.genblk1.genblk1.genblk1.genblk1.genblk1.genblk1.genblk1.lut0.genblk1.genblk1.genblk1.genblk1.genblk1.genblk1.lut0.genblk1.genblk1.genblk1.genblk1.genblk1.lut0 (4 -> 2)
  Optimizing lut $abc$220651$lut$aiger220650$13435.genblk1.genblk1.genblk1.genblk1.genblk1.genblk1.genblk1.genblk1.lut1.genblk1.genblk1.genblk1.genblk1.genblk1.genblk1.genblk1.lut1.genblk1.genblk1.genblk1.genblk1.genblk1.genblk1.lut1.genblk1.genblk1.genblk1.genblk1.genblk1.lut0 (4 -> 3)
  Optimizing lut $abc$220651$lut$aiger220650$13435.genblk1.genblk1.genblk1.genblk1.genblk1.genblk1.genblk1.genblk1.lut1.genblk1.genblk1.genblk1.genblk1.genblk1.genblk1.genblk1.lut1.genblk1.genblk1.genblk1.genblk1.genblk1.genblk1.lut0.genblk1.genblk1.genblk1.genblk1.genblk1.lut0 (4 -> 3)
  Optimizing lut $abc$220651$lut$aiger220650$13435.genblk1.genblk1.genblk1.genblk1.genblk1.genblk1.genblk1.genblk1.lut0.genblk1.genblk1.genblk1.genblk1.genblk1.genblk1.genblk1.lut0.genblk1.genblk1.genblk1.genblk1.genblk1.genblk1.lut1.genblk1.genblk1.genblk1.genblk1.genblk1.lut0 (4 -> 2)
  Optimizing lut $abc$220651$lut$aiger220650$13435.genblk1.genblk1.genblk1.genblk1.genblk1.genblk1.genblk1.genblk1.lut0.genblk1.genblk1.genblk1.genblk1.genblk1.genblk1.genblk1.lut0.genblk1.genblk1.genblk1.genblk1.genblk1.genblk1.lut0.genblk1.genblk1.genblk1.genblk1.genblk1.lut0 (4 -> 2)
  Optimizing lut $abc$220651$lut$aiger220650$13435.genblk1.genblk1.genblk1.genblk1.genblk1.genblk1.genblk1.genblk1.lut0.genblk1.genblk1.genblk1.genblk1.genblk1.genblk1.genblk1.lut1.genblk1.genblk1.genblk1.genblk1.genblk1.genblk1.lut1.genblk1.genblk1.genblk1.genblk1.genblk1.lut0 (4 -> 3)
  Optimizing lut $abc$220651$lut$aiger220650$13435.genblk1.genblk1.genblk1.genblk1.genblk1.genblk1.genblk1.genblk1.lut0.genblk1.genblk1.genblk1.genblk1.genblk1.genblk1.genblk1.lut1.genblk1.genblk1.genblk1.genblk1.genblk1.genblk1.lut0.genblk1.genblk1.genblk1.genblk1.genblk1.lut0 (4 -> 3)
  Optimizing lut $abc$220651$lut$aiger220650$18064.genblk1.genblk1.genblk1.genblk1.genblk1.genblk1.genblk1.genblk1.lut1.genblk1.genblk1.genblk1.genblk1.genblk1.genblk1.genblk1.lut0.genblk1.genblk1.genblk1.genblk1.genblk1.genblk1.lut1.genblk1.genblk1.genblk1.genblk1.genblk1.lut0 (4 -> 0)
  Optimizing lut $abc$220651$lut$aiger220650$18064.genblk1.genblk1.genblk1.genblk1.genblk1.genblk1.genblk1.genblk1.lut1.genblk1.genblk1.genblk1.genblk1.genblk1.genblk1.genblk1.lut0.genblk1.genblk1.genblk1.genblk1.genblk1.genblk1.lut0.genblk1.genblk1.genblk1.genblk1.genblk1.lut0 (4 -> 0)
  Optimizing lut $abc$220651$lut$aiger220650$18064.genblk1.genblk1.genblk1.genblk1.genblk1.genblk1.genblk1.genblk1.lut1.genblk1.genblk1.genblk1.genblk1.genblk1.genblk1.genblk1.lut1.genblk1.genblk1.genblk1.genblk1.genblk1.genblk1.lut1.genblk1.genblk1.genblk1.genblk1.genblk1.lut0 (4 -> 0)
  Optimizing lut $abc$220651$lut$aiger220650$18064.genblk1.genblk1.genblk1.genblk1.genblk1.genblk1.genblk1.genblk1.lut0.genblk1.genblk1.genblk1.genblk1.genblk1.genblk1.genblk1.lut0.genblk1.genblk1.genblk1.genblk1.genblk1.genblk1.lut1.genblk1.genblk1.genblk1.genblk1.genblk1.lut0 (4 -> 0)
  Optimizing lut $abc$220651$lut$aiger220650$18064.genblk1.genblk1.genblk1.genblk1.genblk1.genblk1.genblk1.genblk1.lut0.genblk1.genblk1.genblk1.genblk1.genblk1.genblk1.genblk1.lut0.genblk1.genblk1.genblk1.genblk1.genblk1.genblk1.lut0.genblk1.genblk1.genblk1.genblk1.genblk1.lut0 (4 -> 0)
  Optimizing lut $abc$220651$lut$aiger220650$18064.genblk1.genblk1.genblk1.genblk1.genblk1.genblk1.genblk1.genblk1.lut0.genblk1.genblk1.genblk1.genblk1.genblk1.genblk1.genblk1.lut1.genblk1.genblk1.genblk1.genblk1.genblk1.genblk1.lut1.genblk1.genblk1.genblk1.genblk1.genblk1.lut0 (4 -> 0)
  Optimizing lut $abc$220651$lut$aiger220650$18064.genblk1.genblk1.genblk1.genblk1.genblk1.genblk1.genblk1.genblk1.lut0.genblk1.genblk1.genblk1.genblk1.genblk1.genblk1.genblk1.lut1.genblk1.genblk1.genblk1.genblk1.genblk1.genblk1.lut0.genblk1.genblk1.genblk1.genblk1.genblk1.lut0 (4 -> 0)
  Optimizing lut $abc$220651$lut$aiger220650$18007.genblk1.genblk1.genblk1.genblk1.genblk1.genblk1.genblk1.genblk1.lut1.genblk1.genblk1.genblk1.genblk1.genblk1.genblk1.genblk1.lut0.genblk1.genblk1.genblk1.genblk1.genblk1.genblk1.lut1.genblk1.genblk1.genblk1.genblk1.genblk1.lut0 (4 -> 0)
  Optimizing lut $abc$220651$lut$aiger220650$18007.genblk1.genblk1.genblk1.genblk1.genblk1.genblk1.genblk1.genblk1.lut1.genblk1.genblk1.genblk1.genblk1.genblk1.genblk1.genblk1.lut0.genblk1.genblk1.genblk1.genblk1.genblk1.genblk1.lut0.genblk1.genblk1.genblk1.genblk1.genblk1.lut0 (4 -> 0)
  Optimizing lut $abc$220651$lut$aiger220650$18007.genblk1.genblk1.genblk1.genblk1.genblk1.genblk1.genblk1.genblk1.lut1.genblk1.genblk1.genblk1.genblk1.genblk1.genblk1.genblk1.lut1.genblk1.genblk1.genblk1.genblk1.genblk1.genblk1.lut1.genblk1.genblk1.genblk1.genblk1.genblk1.lut0 (4 -> 0)
  Optimizing lut $abc$220651$lut$aiger220650$18007.genblk1.genblk1.genblk1.genblk1.genblk1.genblk1.genblk1.genblk1.lut1.genblk1.genblk1.genblk1.genblk1.genblk1.genblk1.genblk1.lut1.genblk1.genblk1.genblk1.genblk1.genblk1.genblk1.lut0.genblk1.genblk1.genblk1.genblk1.genblk1.lut0 (4 -> 0)
  Optimizing lut $abc$220651$lut$aiger220650$18007.genblk1.genblk1.genblk1.genblk1.genblk1.genblk1.genblk1.genblk1.lut0.genblk1.genblk1.genblk1.genblk1.genblk1.genblk1.genblk1.lut0.genblk1.genblk1.genblk1.genblk1.genblk1.genblk1.lut1.genblk1.genblk1.genblk1.genblk1.genblk1.lut0 (4 -> 0)
  Optimizing lut $abc$220651$lut$aiger220650$18007.genblk1.genblk1.genblk1.genblk1.genblk1.genblk1.genblk1.genblk1.lut0.genblk1.genblk1.genblk1.genblk1.genblk1.genblk1.genblk1.lut1.genblk1.genblk1.genblk1.genblk1.genblk1.genblk1.lut1.genblk1.genblk1.genblk1.genblk1.genblk1.lut0 (4 -> 0)
  Optimizing lut $abc$220651$lut$aiger220650$18007.genblk1.genblk1.genblk1.genblk1.genblk1.genblk1.genblk1.genblk1.lut0.genblk1.genblk1.genblk1.genblk1.genblk1.genblk1.genblk1.lut1.genblk1.genblk1.genblk1.genblk1.genblk1.genblk1.lut0.genblk1.genblk1.genblk1.genblk1.genblk1.lut0 (4 -> 0)
  Optimizing lut $abc$220651$lut$aiger220650$18047.genblk1.genblk1.genblk1.genblk1.genblk1.genblk1.genblk1.lut1.genblk1.genblk1.genblk1.genblk1.genblk1.genblk1.lut0.genblk1.genblk1.genblk1.genblk1.genblk1.lut1 (4 -> 0)
  Optimizing lut $abc$220651$lut$aiger220650$18054.genblk1.genblk1.genblk1.genblk1.genblk1.genblk1.genblk1.genblk1.lut1.genblk1.genblk1.genblk1.genblk1.genblk1.genblk1.genblk1.lut1.genblk1.genblk1.genblk1.genblk1.genblk1.genblk1.lut1.genblk1.genblk1.genblk1.genblk1.genblk1.lut0 (4 -> 0)
  Optimizing lut $abc$220651$lut$aiger220650$18054.genblk1.genblk1.genblk1.genblk1.genblk1.genblk1.genblk1.genblk1.lut1.genblk1.genblk1.genblk1.genblk1.genblk1.genblk1.genblk1.lut1.genblk1.genblk1.genblk1.genblk1.genblk1.genblk1.lut0.genblk1.genblk1.genblk1.genblk1.genblk1.lut0 (4 -> 0)
  Optimizing lut $abc$220651$lut$aiger220650$18054.genblk1.genblk1.genblk1.genblk1.genblk1.genblk1.genblk1.genblk1.lut0.genblk1.genblk1.genblk1.genblk1.genblk1.genblk1.genblk1.lut0.genblk1.genblk1.genblk1.genblk1.genblk1.genblk1.lut1.genblk1.genblk1.genblk1.genblk1.genblk1.lut0 (4 -> 0)
  Optimizing lut $abc$220651$lut$aiger220650$18054.genblk1.genblk1.genblk1.genblk1.genblk1.genblk1.genblk1.genblk1.lut0.genblk1.genblk1.genblk1.genblk1.genblk1.genblk1.genblk1.lut0.genblk1.genblk1.genblk1.genblk1.genblk1.genblk1.lut0.genblk1.genblk1.genblk1.genblk1.genblk1.lut0 (4 -> 0)
  Optimizing lut $abc$220651$lut$aiger220650$18054.genblk1.genblk1.genblk1.genblk1.genblk1.genblk1.genblk1.genblk1.lut0.genblk1.genblk1.genblk1.genblk1.genblk1.genblk1.genblk1.lut1.genblk1.genblk1.genblk1.genblk1.genblk1.genblk1.lut1.genblk1.genblk1.genblk1.genblk1.genblk1.lut0 (4 -> 0)
  Optimizing lut $abc$220651$lut$aiger220650$18054.genblk1.genblk1.genblk1.genblk1.genblk1.genblk1.genblk1.genblk1.lut0.genblk1.genblk1.genblk1.genblk1.genblk1.genblk1.genblk1.lut1.genblk1.genblk1.genblk1.genblk1.genblk1.genblk1.lut0.genblk1.genblk1.genblk1.genblk1.genblk1.lut0 (4 -> 0)
  Optimizing lut $auto$abc_ops_reintegrate.cc:611:reintegrate$221075.genblk1.genblk1.genblk1.genblk1.genblk1.genblk1.genblk1.genblk1.lut1.genblk1.genblk1.genblk1.genblk1.genblk1.genblk1.genblk1.lut0.genblk1.genblk1.genblk1.genblk1.genblk1.genblk1.lut1.genblk1.genblk1.genblk1.genblk1.genblk1.lut0 (4 -> 0)
  Optimizing lut $auto$abc_ops_reintegrate.cc:611:reintegrate$221075.genblk1.genblk1.genblk1.genblk1.genblk1.genblk1.genblk1.genblk1.lut1.genblk1.genblk1.genblk1.genblk1.genblk1.genblk1.genblk1.lut0.genblk1.genblk1.genblk1.genblk1.genblk1.genblk1.lut0.genblk1.genblk1.genblk1.genblk1.genblk1.lut0 (4 -> 1)
  Optimizing lut $auto$abc_ops_reintegrate.cc:611:reintegrate$221075.genblk1.genblk1.genblk1.genblk1.genblk1.genblk1.genblk1.genblk1.lut1.genblk1.genblk1.genblk1.genblk1.genblk1.genblk1.genblk1.lut1.genblk1.genblk1.genblk1.genblk1.genblk1.genblk1.lut1.genblk1.genblk1.genblk1.genblk1.genblk1.lut0 (4 -> 0)
  Optimizing lut $auto$abc_ops_reintegrate.cc:611:reintegrate$221075.genblk1.genblk1.genblk1.genblk1.genblk1.genblk1.genblk1.genblk1.lut1.genblk1.genblk1.genblk1.genblk1.genblk1.genblk1.genblk1.lut1.genblk1.genblk1.genblk1.genblk1.genblk1.genblk1.lut0.genblk1.genblk1.genblk1.genblk1.genblk1.lut0 (4 -> 2)
  Optimizing lut $auto$abc_ops_reintegrate.cc:611:reintegrate$221075.genblk1.genblk1.genblk1.genblk1.genblk1.genblk1.genblk1.genblk1.lut0.genblk1.genblk1.genblk1.genblk1.genblk1.genblk1.genblk1.lut0.genblk1.genblk1.genblk1.genblk1.genblk1.genblk1.lut1.genblk1.genblk1.genblk1.genblk1.genblk1.lut0 (4 -> 0)
  Optimizing lut $auto$abc_ops_reintegrate.cc:611:reintegrate$221075.genblk1.genblk1.genblk1.genblk1.genblk1.genblk1.genblk1.genblk1.lut0.genblk1.genblk1.genblk1.genblk1.genblk1.genblk1.genblk1.lut0.genblk1.genblk1.genblk1.genblk1.genblk1.genblk1.lut0.genblk1.genblk1.genblk1.genblk1.genblk1.lut0 (4 -> 1)
  Optimizing lut $auto$abc_ops_reintegrate.cc:611:reintegrate$221075.genblk1.genblk1.genblk1.genblk1.genblk1.genblk1.genblk1.genblk1.lut0.genblk1.genblk1.genblk1.genblk1.genblk1.genblk1.genblk1.lut1.genblk1.genblk1.genblk1.genblk1.genblk1.genblk1.lut1.genblk1.genblk1.genblk1.genblk1.genblk1.lut0 (4 -> 0)
  Optimizing lut $auto$abc_ops_reintegrate.cc:611:reintegrate$221075.genblk1.genblk1.genblk1.genblk1.genblk1.genblk1.genblk1.genblk1.lut0.genblk1.genblk1.genblk1.genblk1.genblk1.genblk1.genblk1.lut1.genblk1.genblk1.genblk1.genblk1.genblk1.genblk1.lut0.genblk1.genblk1.genblk1.genblk1.genblk1.lut0 (4 -> 2)
  Optimizing lut $auto$abc_ops_reintegrate.cc:611:reintegrate$221074.genblk1.genblk1.genblk1.genblk1.genblk1.genblk1.genblk1.genblk1.lut1.genblk1.genblk1.genblk1.genblk1.genblk1.genblk1.genblk1.lut0.genblk1.genblk1.genblk1.genblk1.genblk1.genblk1.lut1.genblk1.genblk1.genblk1.genblk1.genblk1.lut0 (4 -> 0)
  Optimizing lut $auto$abc_ops_reintegrate.cc:611:reintegrate$221074.genblk1.genblk1.genblk1.genblk1.genblk1.genblk1.genblk1.genblk1.lut1.genblk1.genblk1.genblk1.genblk1.genblk1.genblk1.genblk1.lut0.genblk1.genblk1.genblk1.genblk1.genblk1.genblk1.lut0.genblk1.genblk1.genblk1.genblk1.genblk1.lut0 (4 -> 1)
  Optimizing lut $auto$abc_ops_reintegrate.cc:611:reintegrate$221074.genblk1.genblk1.genblk1.genblk1.genblk1.genblk1.genblk1.genblk1.lut1.genblk1.genblk1.genblk1.genblk1.genblk1.genblk1.genblk1.lut1.genblk1.genblk1.genblk1.genblk1.genblk1.genblk1.lut1.genblk1.genblk1.genblk1.genblk1.genblk1.lut0 (4 -> 0)
  Optimizing lut $auto$abc_ops_reintegrate.cc:611:reintegrate$221074.genblk1.genblk1.genblk1.genblk1.genblk1.genblk1.genblk1.genblk1.lut1.genblk1.genblk1.genblk1.genblk1.genblk1.genblk1.genblk1.lut1.genblk1.genblk1.genblk1.genblk1.genblk1.genblk1.lut0.genblk1.genblk1.genblk1.genblk1.genblk1.lut0 (4 -> 2)
  Optimizing lut $auto$abc_ops_reintegrate.cc:611:reintegrate$221074.genblk1.genblk1.genblk1.genblk1.genblk1.genblk1.genblk1.genblk1.lut0.genblk1.genblk1.genblk1.genblk1.genblk1.genblk1.genblk1.lut0.genblk1.genblk1.genblk1.genblk1.genblk1.genblk1.lut1.genblk1.genblk1.genblk1.genblk1.genblk1.lut0 (4 -> 0)
  Optimizing lut $auto$abc_ops_reintegrate.cc:611:reintegrate$221074.genblk1.genblk1.genblk1.genblk1.genblk1.genblk1.genblk1.genblk1.lut0.genblk1.genblk1.genblk1.genblk1.genblk1.genblk1.genblk1.lut0.genblk1.genblk1.genblk1.genblk1.genblk1.genblk1.lut0.genblk1.genblk1.genblk1.genblk1.genblk1.lut0 (4 -> 1)
  Optimizing lut $auto$abc_ops_reintegrate.cc:611:reintegrate$221074.genblk1.genblk1.genblk1.genblk1.genblk1.genblk1.genblk1.genblk1.lut0.genblk1.genblk1.genblk1.genblk1.genblk1.genblk1.genblk1.lut1.genblk1.genblk1.genblk1.genblk1.genblk1.genblk1.lut1.genblk1.genblk1.genblk1.genblk1.genblk1.lut0 (4 -> 0)
  Optimizing lut $auto$abc_ops_reintegrate.cc:611:reintegrate$221074.genblk1.genblk1.genblk1.genblk1.genblk1.genblk1.genblk1.genblk1.lut0.genblk1.genblk1.genblk1.genblk1.genblk1.genblk1.genblk1.lut1.genblk1.genblk1.genblk1.genblk1.genblk1.genblk1.lut0.genblk1.genblk1.genblk1.genblk1.genblk1.lut0 (4 -> 2)
  Optimizing lut $abc$220651$lut$aiger220650$11975.genblk1.genblk1.genblk1.genblk1.genblk1.genblk1.genblk1.genblk1.lut1.genblk1.genblk1.genblk1.genblk1.genblk1.genblk1.genblk1.lut0.genblk1.genblk1.genblk1.genblk1.genblk1.genblk1.lut0.genblk1.genblk1.genblk1.genblk1.genblk1.lut0 (4 -> 0)
  Optimizing lut $abc$220651$lut$aiger220650$11975.genblk1.genblk1.genblk1.genblk1.genblk1.genblk1.genblk1.genblk1.lut1.genblk1.genblk1.genblk1.genblk1.genblk1.genblk1.genblk1.lut1.genblk1.genblk1.genblk1.genblk1.genblk1.genblk1.lut0.genblk1.genblk1.genblk1.genblk1.genblk1.lut0 (4 -> 0)
  Optimizing lut $abc$220651$lut$aiger220650$11975.genblk1.genblk1.genblk1.genblk1.genblk1.genblk1.genblk1.genblk1.lut0.genblk1.genblk1.genblk1.genblk1.genblk1.genblk1.genblk1.lut0.genblk1.genblk1.genblk1.genblk1.genblk1.genblk1.lut1.genblk1.genblk1.genblk1.genblk1.genblk1.lut0 (4 -> 0)
  Optimizing lut $abc$220651$lut$aiger220650$11975.genblk1.genblk1.genblk1.genblk1.genblk1.genblk1.genblk1.genblk1.lut0.genblk1.genblk1.genblk1.genblk1.genblk1.genblk1.genblk1.lut0.genblk1.genblk1.genblk1.genblk1.genblk1.genblk1.lut0.genblk1.genblk1.genblk1.genblk1.genblk1.lut0 (4 -> 0)
  Optimizing lut $abc$220651$lut$aiger220650$11975.genblk1.genblk1.genblk1.genblk1.genblk1.genblk1.genblk1.genblk1.lut0.genblk1.genblk1.genblk1.genblk1.genblk1.genblk1.genblk1.lut1.genblk1.genblk1.genblk1.genblk1.genblk1.genblk1.lut1.genblk1.genblk1.genblk1.genblk1.genblk1.lut0 (4 -> 0)
  Optimizing lut $abc$220651$lut$aiger220650$11975.genblk1.genblk1.genblk1.genblk1.genblk1.genblk1.genblk1.genblk1.lut0.genblk1.genblk1.genblk1.genblk1.genblk1.genblk1.genblk1.lut1.genblk1.genblk1.genblk1.genblk1.genblk1.genblk1.lut0.genblk1.genblk1.genblk1.genblk1.genblk1.lut0 (4 -> 0)
  Optimizing lut $auto$abc_ops_reintegrate.cc:611:reintegrate$220655.genblk1.genblk1.genblk1.genblk1.genblk1.genblk1.genblk1.genblk1.lut1.genblk1.genblk1.genblk1.genblk1.genblk1.genblk1.genblk1.lut0.genblk1.genblk1.genblk1.genblk1.genblk1.genblk1.lut1.genblk1.genblk1.genblk1.genblk1.genblk1.lut0 (4 -> 0)
  Optimizing lut $auto$abc_ops_reintegrate.cc:611:reintegrate$220655.genblk1.genblk1.genblk1.genblk1.genblk1.genblk1.genblk1.genblk1.lut1.genblk1.genblk1.genblk1.genblk1.genblk1.genblk1.genblk1.lut0.genblk1.genblk1.genblk1.genblk1.genblk1.genblk1.lut0.genblk1.genblk1.genblk1.genblk1.genblk1.lut0 (4 -> 1)
  Optimizing lut $auto$abc_ops_reintegrate.cc:611:reintegrate$220655.genblk1.genblk1.genblk1.genblk1.genblk1.genblk1.genblk1.genblk1.lut1.genblk1.genblk1.genblk1.genblk1.genblk1.genblk1.genblk1.lut1.genblk1.genblk1.genblk1.genblk1.genblk1.genblk1.lut1.genblk1.genblk1.genblk1.genblk1.genblk1.lut0 (4 -> 0)
  Optimizing lut $auto$abc_ops_reintegrate.cc:611:reintegrate$220655.genblk1.genblk1.genblk1.genblk1.genblk1.genblk1.genblk1.genblk1.lut1.genblk1.genblk1.genblk1.genblk1.genblk1.genblk1.genblk1.lut1.genblk1.genblk1.genblk1.genblk1.genblk1.genblk1.lut0.genblk1.genblk1.genblk1.genblk1.genblk1.lut0 (4 -> 2)
  Optimizing lut $auto$abc_ops_reintegrate.cc:611:reintegrate$220655.genblk1.genblk1.genblk1.genblk1.genblk1.genblk1.genblk1.genblk1.lut0.genblk1.genblk1.genblk1.genblk1.genblk1.genblk1.genblk1.lut0.genblk1.genblk1.genblk1.genblk1.genblk1.genblk1.lut1.genblk1.genblk1.genblk1.genblk1.genblk1.lut0 (4 -> 0)
  Optimizing lut $auto$abc_ops_reintegrate.cc:611:reintegrate$220655.genblk1.genblk1.genblk1.genblk1.genblk1.genblk1.genblk1.genblk1.lut0.genblk1.genblk1.genblk1.genblk1.genblk1.genblk1.genblk1.lut0.genblk1.genblk1.genblk1.genblk1.genblk1.genblk1.lut0.genblk1.genblk1.genblk1.genblk1.genblk1.lut0 (4 -> 1)
  Optimizing lut $auto$abc_ops_reintegrate.cc:611:reintegrate$220655.genblk1.genblk1.genblk1.genblk1.genblk1.genblk1.genblk1.genblk1.lut0.genblk1.genblk1.genblk1.genblk1.genblk1.genblk1.genblk1.lut1.genblk1.genblk1.genblk1.genblk1.genblk1.genblk1.lut1.genblk1.genblk1.genblk1.genblk1.genblk1.lut0 (4 -> 0)
  Optimizing lut $auto$abc_ops_reintegrate.cc:611:reintegrate$220655.genblk1.genblk1.genblk1.genblk1.genblk1.genblk1.genblk1.genblk1.lut0.genblk1.genblk1.genblk1.genblk1.genblk1.genblk1.genblk1.lut1.genblk1.genblk1.genblk1.genblk1.genblk1.genblk1.lut0.genblk1.genblk1.genblk1.genblk1.genblk1.lut0 (4 -> 2)
  Optimizing lut $abc$220651$lut$aiger$o2400.genblk1.genblk1.genblk1.genblk1.genblk1.genblk1.genblk1.genblk1.lut1.genblk1.genblk1.genblk1.genblk1.genblk1.genblk1.genblk1.lut0.genblk1.genblk1.genblk1.genblk1.genblk1.genblk1.lut0.genblk1.genblk1.genblk1.genblk1.genblk1.lut0 (4 -> 0)
  Optimizing lut $abc$220651$lut$aiger$o2400.genblk1.genblk1.genblk1.genblk1.genblk1.genblk1.genblk1.genblk1.lut1.genblk1.genblk1.genblk1.genblk1.genblk1.genblk1.genblk1.lut1.genblk1.genblk1.genblk1.genblk1.genblk1.genblk1.lut1.genblk1.genblk1.genblk1.genblk1.genblk1.lut0 (4 -> 0)
  Optimizing lut $abc$220651$lut$aiger$o2400.genblk1.genblk1.genblk1.genblk1.genblk1.genblk1.genblk1.genblk1.lut1.genblk1.genblk1.genblk1.genblk1.genblk1.genblk1.genblk1.lut1.genblk1.genblk1.genblk1.genblk1.genblk1.genblk1.lut0.genblk1.genblk1.genblk1.genblk1.genblk1.lut0 (4 -> 0)
  Optimizing lut $abc$220651$lut$aiger$o2400.genblk1.genblk1.genblk1.genblk1.genblk1.genblk1.genblk1.genblk1.lut0.genblk1.genblk1.genblk1.genblk1.genblk1.genblk1.genblk1.lut0.genblk1.genblk1.genblk1.genblk1.genblk1.genblk1.lut1.genblk1.genblk1.genblk1.genblk1.genblk1.lut0 (4 -> 2)
  Optimizing lut $abc$220651$lut$aiger$o2400.genblk1.genblk1.genblk1.genblk1.genblk1.genblk1.genblk1.genblk1.lut0.genblk1.genblk1.genblk1.genblk1.genblk1.genblk1.genblk1.lut0.genblk1.genblk1.genblk1.genblk1.genblk1.genblk1.lut0.genblk1.genblk1.genblk1.genblk1.genblk1.lut0 (4 -> 0)
  Optimizing lut $abc$220651$lut$aiger$o2400.genblk1.genblk1.genblk1.genblk1.genblk1.genblk1.genblk1.genblk1.lut0.genblk1.genblk1.genblk1.genblk1.genblk1.genblk1.genblk1.lut1.genblk1.genblk1.genblk1.genblk1.genblk1.genblk1.lut0.genblk1.genblk1.genblk1.genblk1.genblk1.lut0 (4 -> 0)
  Optimizing lut $abc$220651$lut$aiger$o1000.genblk1.genblk1.genblk1.genblk1.genblk1.genblk1.genblk1.genblk1.lut1.genblk1.genblk1.genblk1.genblk1.genblk1.genblk1.genblk1.lut0.genblk1.genblk1.genblk1.genblk1.genblk1.genblk1.lut1.genblk1.genblk1.genblk1.genblk1.genblk1.lut0 (4 -> 0)
  Optimizing lut $abc$220651$lut$aiger$o1000.genblk1.genblk1.genblk1.genblk1.genblk1.genblk1.genblk1.genblk1.lut1.genblk1.genblk1.genblk1.genblk1.genblk1.genblk1.genblk1.lut0.genblk1.genblk1.genblk1.genblk1.genblk1.genblk1.lut0.genblk1.genblk1.genblk1.genblk1.genblk1.lut0 (4 -> 0)
  Optimizing lut $abc$220651$lut$aiger$o1000.genblk1.genblk1.genblk1.genblk1.genblk1.genblk1.genblk1.genblk1.lut1.genblk1.genblk1.genblk1.genblk1.genblk1.genblk1.genblk1.lut1.genblk1.genblk1.genblk1.genblk1.genblk1.genblk1.lut1.genblk1.genblk1.genblk1.genblk1.genblk1.lut0 (4 -> 3)
  Optimizing lut $abc$220651$lut$aiger$o1000.genblk1.genblk1.genblk1.genblk1.genblk1.genblk1.genblk1.genblk1.lut1.genblk1.genblk1.genblk1.genblk1.genblk1.genblk1.genblk1.lut1.genblk1.genblk1.genblk1.genblk1.genblk1.genblk1.lut0.genblk1.genblk1.genblk1.genblk1.genblk1.lut0 (4 -> 3)
  Optimizing lut $abc$220651$lut$aiger$o1000.genblk1.genblk1.genblk1.genblk1.genblk1.genblk1.genblk1.genblk1.lut0.genblk1.genblk1.genblk1.genblk1.genblk1.genblk1.genblk1.lut0.genblk1.genblk1.genblk1.genblk1.genblk1.genblk1.lut1.genblk1.genblk1.genblk1.genblk1.genblk1.lut0 (4 -> 0)
  Optimizing lut $abc$220651$lut$aiger$o1000.genblk1.genblk1.genblk1.genblk1.genblk1.genblk1.genblk1.genblk1.lut0.genblk1.genblk1.genblk1.genblk1.genblk1.genblk1.genblk1.lut0.genblk1.genblk1.genblk1.genblk1.genblk1.genblk1.lut0.genblk1.genblk1.genblk1.genblk1.genblk1.lut0 (4 -> 0)
  Optimizing lut $abc$220651$lut$aiger$o1000.genblk1.genblk1.genblk1.genblk1.genblk1.genblk1.genblk1.genblk1.lut0.genblk1.genblk1.genblk1.genblk1.genblk1.genblk1.genblk1.lut1.genblk1.genblk1.genblk1.genblk1.genblk1.genblk1.lut1.genblk1.genblk1.genblk1.genblk1.genblk1.lut0 (4 -> 3)
  Optimizing lut $abc$220651$lut$aiger$o1000.genblk1.genblk1.genblk1.genblk1.genblk1.genblk1.genblk1.genblk1.lut0.genblk1.genblk1.genblk1.genblk1.genblk1.genblk1.genblk1.lut1.genblk1.genblk1.genblk1.genblk1.genblk1.genblk1.lut0.genblk1.genblk1.genblk1.genblk1.genblk1.lut0 (4 -> 3)
  Optimizing lut $abc$220651$lut$aiger$o2726.genblk1.genblk1.genblk1.genblk1.genblk1.genblk1.genblk1.genblk1.lut1.genblk1.genblk1.genblk1.genblk1.genblk1.genblk1.genblk1.lut0.genblk1.genblk1.genblk1.genblk1.genblk1.genblk1.lut1.genblk1.genblk1.genblk1.genblk1.genblk1.lut0 (4 -> 1)
  Optimizing lut $abc$220651$lut$aiger$o2726.genblk1.genblk1.genblk1.genblk1.genblk1.genblk1.genblk1.genblk1.lut1.genblk1.genblk1.genblk1.genblk1.genblk1.genblk1.genblk1.lut0.genblk1.genblk1.genblk1.genblk1.genblk1.genblk1.lut0.genblk1.genblk1.genblk1.genblk1.genblk1.lut0 (4 -> 1)
  Optimizing lut $abc$220651$lut$aiger$o2726.genblk1.genblk1.genblk1.genblk1.genblk1.genblk1.genblk1.genblk1.lut1.genblk1.genblk1.genblk1.genblk1.genblk1.genblk1.genblk1.lut1.genblk1.genblk1.genblk1.genblk1.genblk1.genblk1.lut1.genblk1.genblk1.genblk1.genblk1.genblk1.lut0 (4 -> 3)
  Optimizing lut $abc$220651$lut$aiger$o2726.genblk1.genblk1.genblk1.genblk1.genblk1.genblk1.genblk1.genblk1.lut1.genblk1.genblk1.genblk1.genblk1.genblk1.genblk1.genblk1.lut1.genblk1.genblk1.genblk1.genblk1.genblk1.genblk1.lut0.genblk1.genblk1.genblk1.genblk1.genblk1.lut0 (4 -> 3)
  Optimizing lut $abc$220651$lut$aiger$o2726.genblk1.genblk1.genblk1.genblk1.genblk1.genblk1.genblk1.genblk1.lut0.genblk1.genblk1.genblk1.genblk1.genblk1.genblk1.genblk1.lut0.genblk1.genblk1.genblk1.genblk1.genblk1.genblk1.lut1.genblk1.genblk1.genblk1.genblk1.genblk1.lut0 (4 -> 1)
  Optimizing lut $abc$220651$lut$aiger$o2726.genblk1.genblk1.genblk1.genblk1.genblk1.genblk1.genblk1.genblk1.lut0.genblk1.genblk1.genblk1.genblk1.genblk1.genblk1.genblk1.lut0.genblk1.genblk1.genblk1.genblk1.genblk1.genblk1.lut0.genblk1.genblk1.genblk1.genblk1.genblk1.lut0 (4 -> 1)
  Optimizing lut $abc$220651$lut$aiger$o2726.genblk1.genblk1.genblk1.genblk1.genblk1.genblk1.genblk1.genblk1.lut0.genblk1.genblk1.genblk1.genblk1.genblk1.genblk1.genblk1.lut1.genblk1.genblk1.genblk1.genblk1.genblk1.genblk1.lut1.genblk1.genblk1.genblk1.genblk1.genblk1.lut0 (4 -> 3)
  Optimizing lut $abc$220651$lut$aiger$o2726.genblk1.genblk1.genblk1.genblk1.genblk1.genblk1.genblk1.genblk1.lut0.genblk1.genblk1.genblk1.genblk1.genblk1.genblk1.genblk1.lut1.genblk1.genblk1.genblk1.genblk1.genblk1.genblk1.lut0.genblk1.genblk1.genblk1.genblk1.genblk1.lut0 (4 -> 3)
  Optimizing lut $abc$220651$lut$aiger$o322.genblk1.genblk1.genblk1.genblk1.genblk1.genblk1.lut0.genblk1.genblk1.genblk1.genblk1.genblk1.lut1 (4 -> 0)
  Optimizing lut $abc$220651$lut$aiger$o2726.genblk1.genblk1.genblk1.genblk1.genblk1.genblk1.genblk1.genblk1.lut1.genblk1.genblk1.genblk1.genblk1.genblk1.genblk1.genblk1.lut1.genblk1.genblk1.genblk1.genblk1.genblk1.genblk1.lut0.genblk1.genblk1.genblk1.genblk1.genblk1.lut1 (4 -> 3)
  Optimizing lut $abc$220651$lut$aiger$o2726.genblk1.genblk1.genblk1.genblk1.genblk1.genblk1.genblk1.genblk1.lut1.genblk1.genblk1.genblk1.genblk1.genblk1.genblk1.genblk1.lut0.genblk1.genblk1.genblk1.genblk1.genblk1.genblk1.lut0.genblk1.genblk1.genblk1.genblk1.genblk1.lut1 (4 -> 1)
  Optimizing lut $abc$220651$lut$aiger$o1000.genblk1.genblk1.genblk1.genblk1.genblk1.genblk1.genblk1.genblk1.lut0.genblk1.genblk1.genblk1.genblk1.genblk1.genblk1.genblk1.lut1.genblk1.genblk1.genblk1.genblk1.genblk1.genblk1.lut0.genblk1.genblk1.genblk1.genblk1.genblk1.lut1 (4 -> 3)
  Optimizing lut $abc$220651$lut$aiger$o330.genblk1.genblk1.genblk1.genblk1.genblk1.genblk1.lut0.genblk1.genblk1.genblk1.genblk1.genblk1.lut1 (4 -> 0)
  Optimizing lut $abc$220651$lut$aiger$o1000.genblk1.genblk1.genblk1.genblk1.genblk1.genblk1.genblk1.genblk1.lut1.genblk1.genblk1.genblk1.genblk1.genblk1.genblk1.genblk1.lut1.genblk1.genblk1.genblk1.genblk1.genblk1.genblk1.lut0.genblk1.genblk1.genblk1.genblk1.genblk1.lut1 (4 -> 3)
  Optimizing lut $abc$220651$lut$aiger$o1000.genblk1.genblk1.genblk1.genblk1.genblk1.genblk1.genblk1.genblk1.lut1.genblk1.genblk1.genblk1.genblk1.genblk1.genblk1.genblk1.lut0.genblk1.genblk1.genblk1.genblk1.genblk1.genblk1.lut0.genblk1.genblk1.genblk1.genblk1.genblk1.lut1 (4 -> 0)
  Optimizing lut $abc$220651$lut$aiger$o2400.genblk1.genblk1.genblk1.genblk1.genblk1.genblk1.genblk1.genblk1.lut0.genblk1.genblk1.genblk1.genblk1.genblk1.genblk1.genblk1.lut1.genblk1.genblk1.genblk1.genblk1.genblk1.genblk1.lut0.genblk1.genblk1.genblk1.genblk1.genblk1.lut1 (4 -> 0)
  Optimizing lut $abc$220651$lut$aiger$o2400.genblk1.genblk1.genblk1.genblk1.genblk1.genblk1.genblk1.genblk1.lut0.genblk1.genblk1.genblk1.genblk1.genblk1.genblk1.genblk1.lut0.genblk1.genblk1.genblk1.genblk1.genblk1.genblk1.lut0.genblk1.genblk1.genblk1.genblk1.genblk1.lut1 (4 -> 0)
  Optimizing lut $abc$220651$lut$aiger$o2400.genblk1.genblk1.genblk1.genblk1.genblk1.genblk1.genblk1.genblk1.lut1.genblk1.genblk1.genblk1.genblk1.genblk1.genblk1.genblk1.lut1.genblk1.genblk1.genblk1.genblk1.genblk1.genblk1.lut0.genblk1.genblk1.genblk1.genblk1.genblk1.lut1 (4 -> 0)
  Optimizing lut $abc$220651$lut$aiger$o2400.genblk1.genblk1.genblk1.genblk1.genblk1.genblk1.genblk1.genblk1.lut1.genblk1.genblk1.genblk1.genblk1.genblk1.genblk1.genblk1.lut0.genblk1.genblk1.genblk1.genblk1.genblk1.genblk1.lut0.genblk1.genblk1.genblk1.genblk1.genblk1.lut1 (4 -> 0)
  Optimizing lut $auto$abc_ops_reintegrate.cc:611:reintegrate$220655.genblk1.genblk1.genblk1.genblk1.genblk1.genblk1.genblk1.genblk1.lut0.genblk1.genblk1.genblk1.genblk1.genblk1.genblk1.genblk1.lut1.genblk1.genblk1.genblk1.genblk1.genblk1.genblk1.lut0.genblk1.genblk1.genblk1.genblk1.genblk1.lut1 (4 -> 2)
  Optimizing lut $abc$220651$lut$aiger220650$20047.genblk1.genblk1.genblk1.genblk1.genblk1.genblk1.lut0.genblk1.genblk1.genblk1.genblk1.genblk1.lut1 (4 -> 2)
  Optimizing lut $abc$220651$lut$aiger220650$20014.genblk1.genblk1.genblk1.genblk1.genblk1.genblk1.genblk1.lut0.genblk1.genblk1.genblk1.genblk1.genblk1.genblk1.lut0.genblk1.genblk1.genblk1.genblk1.genblk1.lut0 (4 -> 0)
  Optimizing lut $abc$220651$lut$aiger220650$20014.genblk1.genblk1.genblk1.genblk1.genblk1.genblk1.genblk1.lut1.genblk1.genblk1.genblk1.genblk1.genblk1.genblk1.lut1.genblk1.genblk1.genblk1.genblk1.genblk1.lut0 (4 -> 2)
  Optimizing lut $abc$220651$lut$aiger220650$20014.genblk1.genblk1.genblk1.genblk1.genblk1.genblk1.genblk1.lut1.genblk1.genblk1.genblk1.genblk1.genblk1.genblk1.lut0.genblk1.genblk1.genblk1.genblk1.genblk1.lut0 (4 -> 0)
  Optimizing lut $abc$220651$lut$aiger$o354.genblk1.genblk1.genblk1.genblk1.genblk1.genblk1.lut0.genblk1.genblk1.genblk1.genblk1.genblk1.lut1 (4 -> 0)
  Optimizing lut $auto$abc_ops_reintegrate.cc:611:reintegrate$220655.genblk1.genblk1.genblk1.genblk1.genblk1.genblk1.genblk1.genblk1.lut1.genblk1.genblk1.genblk1.genblk1.genblk1.genblk1.genblk1.lut1.genblk1.genblk1.genblk1.genblk1.genblk1.genblk1.lut0.genblk1.genblk1.genblk1.genblk1.genblk1.lut1 (4 -> 2)
  Optimizing lut $abc$220651$lut$aiger220650$11975.genblk1.genblk1.genblk1.genblk1.genblk1.genblk1.genblk1.genblk1.lut0.genblk1.genblk1.genblk1.genblk1.genblk1.genblk1.genblk1.lut1.genblk1.genblk1.genblk1.genblk1.genblk1.genblk1.lut0.genblk1.genblk1.genblk1.genblk1.genblk1.lut1 (4 -> 0)
  Optimizing lut $auto$abc_ops_reintegrate.cc:611:reintegrate$220685.genblk1.genblk1.genblk1.genblk1.genblk1.genblk1.lut0.genblk1.genblk1.genblk1.genblk1.genblk1.lut1 (4 -> 0)
  Optimizing lut $abc$220651$lut$aiger220650$11975.genblk1.genblk1.genblk1.genblk1.genblk1.genblk1.genblk1.genblk1.lut1.genblk1.genblk1.genblk1.genblk1.genblk1.genblk1.genblk1.lut1.genblk1.genblk1.genblk1.genblk1.genblk1.genblk1.lut0.genblk1.genblk1.genblk1.genblk1.genblk1.lut1 (4 -> 0)
  Optimizing lut $abc$220651$lut$aiger220650$11975.genblk1.genblk1.genblk1.genblk1.genblk1.genblk1.genblk1.genblk1.lut1.genblk1.genblk1.genblk1.genblk1.genblk1.genblk1.genblk1.lut0.genblk1.genblk1.genblk1.genblk1.genblk1.genblk1.lut0.genblk1.genblk1.genblk1.genblk1.genblk1.lut1 (4 -> 0)
  Optimizing lut $auto$abc_ops_reintegrate.cc:611:reintegrate$221074.genblk1.genblk1.genblk1.genblk1.genblk1.genblk1.genblk1.genblk1.lut0.genblk1.genblk1.genblk1.genblk1.genblk1.genblk1.genblk1.lut1.genblk1.genblk1.genblk1.genblk1.genblk1.genblk1.lut0.genblk1.genblk1.genblk1.genblk1.genblk1.lut1 (4 -> 2)
  Optimizing lut $abc$220651$lut$aiger220650$11916.genblk1.genblk1.genblk1.genblk1.genblk1.genblk1.lut0.genblk1.genblk1.genblk1.genblk1.genblk1.lut1 (4 -> 3)
  Optimizing lut $abc$220651$lut$aiger220650$11859.genblk1.genblk1.genblk1.genblk1.genblk1.genblk1.genblk1.lut0.genblk1.genblk1.genblk1.genblk1.genblk1.genblk1.lut0.genblk1.genblk1.genblk1.genblk1.genblk1.lut0 (4 -> 2)
  Optimizing lut $abc$220651$lut$aiger220650$11859.genblk1.genblk1.genblk1.genblk1.genblk1.genblk1.genblk1.lut1.genblk1.genblk1.genblk1.genblk1.genblk1.genblk1.lut1.genblk1.genblk1.genblk1.genblk1.genblk1.lut0 (4 -> 2)
  Optimizing lut $abc$220651$lut$aiger220650$11859.genblk1.genblk1.genblk1.genblk1.genblk1.genblk1.genblk1.lut1.genblk1.genblk1.genblk1.genblk1.genblk1.genblk1.lut0.genblk1.genblk1.genblk1.genblk1.genblk1.lut0 (4 -> 3)
  Optimizing lut $abc$220651$lut$aiger220650$11827.genblk1.genblk1.genblk1.genblk1.genblk1.genblk1.lut0.genblk1.genblk1.genblk1.genblk1.genblk1.lut1 (4 -> 3)
  Optimizing lut $auto$abc_ops_reintegrate.cc:611:reintegrate$221074.genblk1.genblk1.genblk1.genblk1.genblk1.genblk1.genblk1.genblk1.lut1.genblk1.genblk1.genblk1.genblk1.genblk1.genblk1.genblk1.lut1.genblk1.genblk1.genblk1.genblk1.genblk1.genblk1.lut0.genblk1.genblk1.genblk1.genblk1.genblk1.lut1 (4 -> 2)
  Optimizing lut $auto$abc_ops_reintegrate.cc:611:reintegrate$221075.genblk1.genblk1.genblk1.genblk1.genblk1.genblk1.genblk1.genblk1.lut0.genblk1.genblk1.genblk1.genblk1.genblk1.genblk1.genblk1.lut1.genblk1.genblk1.genblk1.genblk1.genblk1.genblk1.lut0.genblk1.genblk1.genblk1.genblk1.genblk1.lut1 (4 -> 2)
  Optimizing lut $auto$abc_ops_reintegrate.cc:611:reintegrate$221075.genblk1.genblk1.genblk1.genblk1.genblk1.genblk1.genblk1.genblk1.lut0.genblk1.genblk1.genblk1.genblk1.genblk1.genblk1.genblk1.lut0.genblk1.genblk1.genblk1.genblk1.genblk1.genblk1.lut0.genblk1.genblk1.genblk1.genblk1.genblk1.lut1 (4 -> 1)
  Optimizing lut $auto$abc_ops_reintegrate.cc:611:reintegrate$221075.genblk1.genblk1.genblk1.genblk1.genblk1.genblk1.genblk1.genblk1.lut1.genblk1.genblk1.genblk1.genblk1.genblk1.genblk1.genblk1.lut1.genblk1.genblk1.genblk1.genblk1.genblk1.genblk1.lut0.genblk1.genblk1.genblk1.genblk1.genblk1.lut1 (4 -> 2)
  Optimizing lut $abc$220651$lut$aiger220650$18054.genblk1.genblk1.genblk1.genblk1.genblk1.genblk1.genblk1.genblk1.lut0.genblk1.genblk1.genblk1.genblk1.genblk1.genblk1.genblk1.lut1.genblk1.genblk1.genblk1.genblk1.genblk1.genblk1.lut0.genblk1.genblk1.genblk1.genblk1.genblk1.lut1 (4 -> 0)
  Optimizing lut $abc$220651$lut$aiger220650$18054.genblk1.genblk1.genblk1.genblk1.genblk1.genblk1.genblk1.genblk1.lut0.genblk1.genblk1.genblk1.genblk1.genblk1.genblk1.genblk1.lut0.genblk1.genblk1.genblk1.genblk1.genblk1.genblk1.lut0.genblk1.genblk1.genblk1.genblk1.genblk1.lut1 (4 -> 0)
  Optimizing lut $abc$220651$lut$aiger220650$18054.genblk1.genblk1.genblk1.genblk1.genblk1.genblk1.genblk1.genblk1.lut1.genblk1.genblk1.genblk1.genblk1.genblk1.genblk1.genblk1.lut1.genblk1.genblk1.genblk1.genblk1.genblk1.genblk1.lut0.genblk1.genblk1.genblk1.genblk1.genblk1.lut1 (4 -> 0)
  Optimizing lut $abc$220651$lut$aiger220650$18054.genblk1.genblk1.genblk1.genblk1.genblk1.genblk1.genblk1.genblk1.lut1.genblk1.genblk1.genblk1.genblk1.genblk1.genblk1.genblk1.lut0.genblk1.genblk1.genblk1.genblk1.genblk1.genblk1.lut0.genblk1.genblk1.genblk1.genblk1.genblk1.lut1 (4 -> 0)
  Optimizing lut $abc$220651$lut$aiger220650$18007.genblk1.genblk1.genblk1.genblk1.genblk1.genblk1.genblk1.genblk1.lut0.genblk1.genblk1.genblk1.genblk1.genblk1.genblk1.genblk1.lut1.genblk1.genblk1.genblk1.genblk1.genblk1.genblk1.lut0.genblk1.genblk1.genblk1.genblk1.genblk1.lut1 (4 -> 0)
  Optimizing lut $abc$220651$lut$aiger220650$18047.genblk1.genblk1.genblk1.genblk1.genblk1.genblk1.genblk1.lut0.genblk1.genblk1.genblk1.genblk1.genblk1.genblk1.lut1.genblk1.genblk1.genblk1.genblk1.genblk1.lut0 (4 -> 0)
  Optimizing lut $abc$220651$lut$aiger220650$18047.genblk1.genblk1.genblk1.genblk1.genblk1.genblk1.genblk1.lut0.genblk1.genblk1.genblk1.genblk1.genblk1.genblk1.lut0.genblk1.genblk1.genblk1.genblk1.genblk1.lut0 (4 -> 0)
  Optimizing lut $abc$220651$lut$aiger220650$18047.genblk1.genblk1.genblk1.genblk1.genblk1.genblk1.genblk1.lut1.genblk1.genblk1.genblk1.genblk1.genblk1.genblk1.lut1.genblk1.genblk1.genblk1.genblk1.genblk1.lut0 (4 -> 0)
  Optimizing lut $abc$220651$lut$aiger220650$18047.genblk1.genblk1.genblk1.genblk1.genblk1.genblk1.genblk1.lut1.genblk1.genblk1.genblk1.genblk1.genblk1.genblk1.lut0.genblk1.genblk1.genblk1.genblk1.genblk1.lut0 (4 -> 0)
  Optimizing lut $abc$220651$lut$aiger220650$18007.genblk1.genblk1.genblk1.genblk1.genblk1.genblk1.genblk1.genblk1.lut0.genblk1.genblk1.genblk1.genblk1.genblk1.genblk1.genblk1.lut0.genblk1.genblk1.genblk1.genblk1.genblk1.genblk1.lut0.genblk1.genblk1.genblk1.genblk1.genblk1.lut1 (4 -> 0)
  Optimizing lut $abc$220651$lut$aiger220650$18007.genblk1.genblk1.genblk1.genblk1.genblk1.genblk1.genblk1.genblk1.lut1.genblk1.genblk1.genblk1.genblk1.genblk1.genblk1.genblk1.lut1.genblk1.genblk1.genblk1.genblk1.genblk1.genblk1.lut0.genblk1.genblk1.genblk1.genblk1.genblk1.lut1 (4 -> 0)
  Optimizing lut $abc$220651$lut$aiger220650$18007.genblk1.genblk1.genblk1.genblk1.genblk1.genblk1.genblk1.genblk1.lut1.genblk1.genblk1.genblk1.genblk1.genblk1.genblk1.genblk1.lut0.genblk1.genblk1.genblk1.genblk1.genblk1.genblk1.lut0.genblk1.genblk1.genblk1.genblk1.genblk1.lut1 (4 -> 0)
  Optimizing lut $abc$220651$lut$aiger220650$18064.genblk1.genblk1.genblk1.genblk1.genblk1.genblk1.genblk1.genblk1.lut0.genblk1.genblk1.genblk1.genblk1.genblk1.genblk1.genblk1.lut1.genblk1.genblk1.genblk1.genblk1.genblk1.genblk1.lut0.genblk1.genblk1.genblk1.genblk1.genblk1.lut1 (4 -> 0)
  Optimizing lut $abc$220651$lut$aiger220650$18064.genblk1.genblk1.genblk1.genblk1.genblk1.genblk1.genblk1.genblk1.lut0.genblk1.genblk1.genblk1.genblk1.genblk1.genblk1.genblk1.lut0.genblk1.genblk1.genblk1.genblk1.genblk1.genblk1.lut0.genblk1.genblk1.genblk1.genblk1.genblk1.lut1 (4 -> 0)
  Optimizing lut $abc$220651$lut$aiger220650$18064.genblk1.genblk1.genblk1.genblk1.genblk1.genblk1.genblk1.genblk1.lut1.genblk1.genblk1.genblk1.genblk1.genblk1.genblk1.genblk1.lut1.genblk1.genblk1.genblk1.genblk1.genblk1.genblk1.lut0.genblk1.genblk1.genblk1.genblk1.genblk1.lut1 (4 -> 0)
  Optimizing lut $abc$220651$lut$aiger220650$18064.genblk1.genblk1.genblk1.genblk1.genblk1.genblk1.genblk1.genblk1.lut1.genblk1.genblk1.genblk1.genblk1.genblk1.genblk1.genblk1.lut0.genblk1.genblk1.genblk1.genblk1.genblk1.genblk1.lut0.genblk1.genblk1.genblk1.genblk1.genblk1.lut1 (4 -> 0)
  Optimizing lut $abc$220651$lut$aiger220650$13567.genblk1.genblk1.genblk1.genblk1.genblk1.genblk1.genblk1.lut0.genblk1.genblk1.genblk1.genblk1.genblk1.genblk1.lut0.genblk1.genblk1.genblk1.genblk1.genblk1.lut0 (4 -> 0)
  Optimizing lut $abc$220651$lut$aiger220650$13567.genblk1.genblk1.genblk1.genblk1.genblk1.genblk1.genblk1.lut1.genblk1.genblk1.genblk1.genblk1.genblk1.genblk1.lut1.genblk1.genblk1.genblk1.genblk1.genblk1.lut0 (4 -> 3)
  Optimizing lut $abc$220651$lut$aiger220650$13567.genblk1.genblk1.genblk1.genblk1.genblk1.genblk1.genblk1.lut1.genblk1.genblk1.genblk1.genblk1.genblk1.genblk1.lut0.genblk1.genblk1.genblk1.genblk1.genblk1.lut0 (4 -> 1)
  Optimizing lut $abc$220651$lut$aiger220650$13860.genblk1.genblk1.genblk1.genblk1.genblk1.genblk1.genblk1.lut0.genblk1.genblk1.genblk1.genblk1.genblk1.genblk1.lut0.genblk1.genblk1.genblk1.genblk1.genblk1.lut0 (4 -> 0)
  Optimizing lut $abc$220651$lut$aiger220650$13860.genblk1.genblk1.genblk1.genblk1.genblk1.genblk1.genblk1.lut1.genblk1.genblk1.genblk1.genblk1.genblk1.genblk1.lut1.genblk1.genblk1.genblk1.genblk1.genblk1.lut0 (4 -> 3)
  Optimizing lut $abc$220651$lut$aiger220650$13860.genblk1.genblk1.genblk1.genblk1.genblk1.genblk1.genblk1.lut1.genblk1.genblk1.genblk1.genblk1.genblk1.genblk1.lut0.genblk1.genblk1.genblk1.genblk1.genblk1.lut0 (4 -> 1)
  Optimizing lut $abc$220651$lut$aiger220650$14198.genblk1.genblk1.genblk1.genblk1.genblk1.genblk1.genblk1.lut0.genblk1.genblk1.genblk1.genblk1.genblk1.genblk1.lut1.genblk1.genblk1.genblk1.genblk1.genblk1.lut0 (4 -> 1)
  Optimizing lut $abc$220651$lut$aiger220650$14198.genblk1.genblk1.genblk1.genblk1.genblk1.genblk1.genblk1.lut0.genblk1.genblk1.genblk1.genblk1.genblk1.genblk1.lut0.genblk1.genblk1.genblk1.genblk1.genblk1.lut0 (4 -> 0)
  Optimizing lut $abc$220651$lut$aiger220650$14198.genblk1.genblk1.genblk1.genblk1.genblk1.genblk1.genblk1.lut1.genblk1.genblk1.genblk1.genblk1.genblk1.genblk1.lut1.genblk1.genblk1.genblk1.genblk1.genblk1.lut0 (4 -> 3)
  Optimizing lut $abc$220651$lut$aiger220650$14198.genblk1.genblk1.genblk1.genblk1.genblk1.genblk1.genblk1.lut1.genblk1.genblk1.genblk1.genblk1.genblk1.genblk1.lut0.genblk1.genblk1.genblk1.genblk1.genblk1.lut0 (4 -> 1)
  Optimizing lut $abc$220651$lut$aiger220650$14643.genblk1.genblk1.genblk1.genblk1.genblk1.genblk1.lut0.genblk1.genblk1.genblk1.genblk1.genblk1.lut1 (4 -> 0)
  Optimizing lut $abc$220651$lut$aiger220650$15226.genblk1.genblk1.genblk1.genblk1.genblk1.genblk1.genblk1.lut0.genblk1.genblk1.genblk1.genblk1.genblk1.genblk1.lut0.genblk1.genblk1.genblk1.genblk1.genblk1.lut0 (4 -> 0)
  Optimizing lut $abc$220651$lut$aiger220650$15226.genblk1.genblk1.genblk1.genblk1.genblk1.genblk1.genblk1.lut1.genblk1.genblk1.genblk1.genblk1.genblk1.genblk1.lut1.genblk1.genblk1.genblk1.genblk1.genblk1.lut0 (4 -> 0)
  Optimizing lut $abc$220651$lut$aiger220650$15101.genblk1.genblk1.genblk1.genblk1.genblk1.genblk1.genblk1.genblk1.lut0.genblk1.genblk1.genblk1.genblk1.genblk1.genblk1.genblk1.lut0.genblk1.genblk1.genblk1.genblk1.genblk1.genblk1.lut0.genblk1.genblk1.genblk1.genblk1.genblk1.lut1 (4 -> 2)
  Optimizing lut $abc$220651$lut$aiger220650$15101.genblk1.genblk1.genblk1.genblk1.genblk1.genblk1.genblk1.genblk1.lut1.genblk1.genblk1.genblk1.genblk1.genblk1.genblk1.genblk1.lut0.genblk1.genblk1.genblk1.genblk1.genblk1.genblk1.lut0.genblk1.genblk1.genblk1.genblk1.genblk1.lut1 (4 -> 0)
  Optimizing lut $abc$220651$lut$aiger220650$15443.genblk1.genblk1.genblk1.genblk1.genblk1.genblk1.genblk1.lut0.genblk1.genblk1.genblk1.genblk1.genblk1.genblk1.lut0.genblk1.genblk1.genblk1.genblk1.genblk1.lut0 (4 -> 2)
  Optimizing lut $abc$220651$lut$aiger220650$15443.genblk1.genblk1.genblk1.genblk1.genblk1.genblk1.genblk1.lut1.genblk1.genblk1.genblk1.genblk1.genblk1.genblk1.lut0.genblk1.genblk1.genblk1.genblk1.genblk1.lut0 (4 -> 3)
  Optimizing lut $abc$220651$lut$aiger220650$15601.genblk1.genblk1.genblk1.genblk1.genblk1.genblk1.genblk1.genblk1.lut0.genblk1.genblk1.genblk1.genblk1.genblk1.genblk1.genblk1.lut0.genblk1.genblk1.genblk1.genblk1.genblk1.genblk1.lut0.genblk1.genblk1.genblk1.genblk1.genblk1.lut1 (4 -> 3)
  Optimizing lut $abc$220651$lut$aiger220650$15601.genblk1.genblk1.genblk1.genblk1.genblk1.genblk1.genblk1.genblk1.lut1.genblk1.genblk1.genblk1.genblk1.genblk1.genblk1.genblk1.lut0.genblk1.genblk1.genblk1.genblk1.genblk1.genblk1.lut0.genblk1.genblk1.genblk1.genblk1.genblk1.lut1 (4 -> 0)
  Optimizing lut $abc$220651$lut$aiger220650$15968.genblk1.genblk1.genblk1.genblk1.genblk1.genblk1.genblk1.lut0.genblk1.genblk1.genblk1.genblk1.genblk1.genblk1.lut1.genblk1.genblk1.genblk1.genblk1.genblk1.lut0 (4 -> 3)
  Optimizing lut $abc$220651$lut$aiger220650$15968.genblk1.genblk1.genblk1.genblk1.genblk1.genblk1.genblk1.lut0.genblk1.genblk1.genblk1.genblk1.genblk1.genblk1.lut0.genblk1.genblk1.genblk1.genblk1.genblk1.lut0 (4 -> 2)
  Optimizing lut $abc$220651$lut$aiger220650$15968.genblk1.genblk1.genblk1.genblk1.genblk1.genblk1.genblk1.lut1.genblk1.genblk1.genblk1.genblk1.genblk1.genblk1.lut1.genblk1.genblk1.genblk1.genblk1.genblk1.lut0 (4 -> 3)
  Optimizing lut $abc$220651$lut$aiger220650$15968.genblk1.genblk1.genblk1.genblk1.genblk1.genblk1.genblk1.lut1.genblk1.genblk1.genblk1.genblk1.genblk1.genblk1.lut0.genblk1.genblk1.genblk1.genblk1.genblk1.lut0 (4 -> 2)
  Optimizing lut $abc$220651$lut$aiger220650$15839.genblk1.genblk1.genblk1.genblk1.genblk1.genblk1.lut0.genblk1.genblk1.genblk1.genblk1.genblk1.lut1 (4 -> 3)
  Optimizing lut $abc$220651$lut$aiger220650$16080.genblk1.genblk1.genblk1.genblk1.genblk1.genblk1.genblk1.genblk1.lut1.genblk1.genblk1.genblk1.genblk1.genblk1.genblk1.genblk1.lut0.genblk1.genblk1.genblk1.genblk1.genblk1.genblk1.lut0.genblk1.genblk1.genblk1.genblk1.genblk1.lut1 (4 -> 0)
  Optimizing lut $abc$220651$lut$aiger220650$16449.genblk1.genblk1.genblk1.genblk1.genblk1.genblk1.genblk1.lut0.genblk1.genblk1.genblk1.genblk1.genblk1.genblk1.lut1.genblk1.genblk1.genblk1.genblk1.genblk1.lut0 (4 -> 3)
  Optimizing lut $abc$220651$lut$aiger220650$16449.genblk1.genblk1.genblk1.genblk1.genblk1.genblk1.genblk1.lut0.genblk1.genblk1.genblk1.genblk1.genblk1.genblk1.lut0.genblk1.genblk1.genblk1.genblk1.genblk1.lut0 (4 -> 2)
  Optimizing lut $abc$220651$lut$aiger220650$16449.genblk1.genblk1.genblk1.genblk1.genblk1.genblk1.genblk1.lut1.genblk1.genblk1.genblk1.genblk1.genblk1.genblk1.lut0.genblk1.genblk1.genblk1.genblk1.genblk1.lut0 (4 -> 2)
  Optimizing lut $abc$220651$lut$aiger220650$16320.genblk1.genblk1.genblk1.genblk1.genblk1.genblk1.lut0.genblk1.genblk1.genblk1.genblk1.genblk1.lut1 (4 -> 3)
  Optimizing lut $abc$220651$lut$aiger220650$16602.genblk1.genblk1.genblk1.genblk1.genblk1.genblk1.lut0.genblk1.genblk1.genblk1.genblk1.genblk1.lut1 (4 -> 3)
  Optimizing lut $abc$220651$lut$aiger220650$16593.genblk1.genblk1.genblk1.genblk1.genblk1.genblk1.genblk1.genblk1.lut1.genblk1.genblk1.genblk1.genblk1.genblk1.genblk1.genblk1.lut0.genblk1.genblk1.genblk1.genblk1.genblk1.genblk1.lut0.genblk1.genblk1.genblk1.genblk1.genblk1.lut1 (4 -> 0)
  Optimizing lut $abc$220651$lut$aiger220650$16978.genblk1.genblk1.genblk1.genblk1.genblk1.genblk1.genblk1.lut0.genblk1.genblk1.genblk1.genblk1.genblk1.genblk1.lut0.genblk1.genblk1.genblk1.genblk1.genblk1.lut0 (4 -> 2)
  Optimizing lut $abc$220651$lut$aiger220650$16978.genblk1.genblk1.genblk1.genblk1.genblk1.genblk1.genblk1.lut1.genblk1.genblk1.genblk1.genblk1.genblk1.genblk1.lut0.genblk1.genblk1.genblk1.genblk1.genblk1.lut0 (4 -> 2)
  Optimizing lut $abc$220651$lut$aiger220650$16849.genblk1.genblk1.genblk1.genblk1.genblk1.genblk1.lut0.genblk1.genblk1.genblk1.genblk1.genblk1.lut1 (4 -> 3)
  Optimizing lut $abc$220651$lut$aiger220650$16840.genblk1.genblk1.genblk1.genblk1.genblk1.genblk1.genblk1.genblk1.lut1.genblk1.genblk1.genblk1.genblk1.genblk1.genblk1.genblk1.lut0.genblk1.genblk1.genblk1.genblk1.genblk1.genblk1.lut0.genblk1.genblk1.genblk1.genblk1.genblk1.lut1 (4 -> 0)
  Optimizing lut $abc$220651$lut$aiger220650$17231.genblk1.genblk1.genblk1.genblk1.genblk1.genblk1.genblk1.lut0.genblk1.genblk1.genblk1.genblk1.genblk1.genblk1.lut1.genblk1.genblk1.genblk1.genblk1.genblk1.lut0 (4 -> 3)
  Optimizing lut $abc$220651$lut$aiger220650$17231.genblk1.genblk1.genblk1.genblk1.genblk1.genblk1.genblk1.lut0.genblk1.genblk1.genblk1.genblk1.genblk1.genblk1.lut0.genblk1.genblk1.genblk1.genblk1.genblk1.lut0 (4 -> 2)
  Optimizing lut $abc$220651$lut$aiger220650$17231.genblk1.genblk1.genblk1.genblk1.genblk1.genblk1.genblk1.lut1.genblk1.genblk1.genblk1.genblk1.genblk1.genblk1.lut0.genblk1.genblk1.genblk1.genblk1.genblk1.lut0 (4 -> 2)
  Optimizing lut $abc$220651$lut$aiger220650$17102.genblk1.genblk1.genblk1.genblk1.genblk1.genblk1.lut0.genblk1.genblk1.genblk1.genblk1.genblk1.lut1 (4 -> 3)
  Optimizing lut $abc$220651$lut$aiger220650$17314.genblk1.genblk1.genblk1.genblk1.genblk1.genblk1.lut0.genblk1.genblk1.genblk1.genblk1.genblk1.lut1 (4 -> 3)
  Optimizing lut $abc$220651$lut$aiger220650$17855.genblk1.genblk1.genblk1.genblk1.genblk1.genblk1.genblk1.genblk1.lut1.genblk1.genblk1.genblk1.genblk1.genblk1.genblk1.genblk1.lut0.genblk1.genblk1.genblk1.genblk1.genblk1.genblk1.lut0.genblk1.genblk1.genblk1.genblk1.genblk1.lut1 (4 -> 0)
  Optimizing lut $abc$220651$lut$aiger220650$17855.genblk1.genblk1.genblk1.genblk1.genblk1.genblk1.genblk1.genblk1.lut1.genblk1.genblk1.genblk1.genblk1.genblk1.genblk1.genblk1.lut0.genblk1.genblk1.genblk1.genblk1.genblk1.genblk1.lut1.genblk1.genblk1.genblk1.genblk1.genblk1.lut0 (4 -> 0)
  Optimizing lut $abc$220651$lut$aiger220650$17314.genblk1.genblk1.genblk1.genblk1.genblk1.genblk1.lut0.genblk1.genblk1.genblk1.genblk1.genblk1.lut0 (4 -> 0)
  Optimizing lut $abc$220651$lut$aiger220650$17069.genblk1.genblk1.genblk1.genblk1.genblk1.genblk1.lut0.genblk1.genblk1.genblk1.genblk1.genblk1.lut0 (4 -> 2)
  Optimizing lut $abc$220651$lut$aiger220650$17102.genblk1.genblk1.genblk1.genblk1.genblk1.genblk1.lut1.genblk1.genblk1.genblk1.genblk1.genblk1.lut0 (4 -> 3)
  Optimizing lut $abc$220651$lut$aiger220650$17102.genblk1.genblk1.genblk1.genblk1.genblk1.genblk1.lut0.genblk1.genblk1.genblk1.genblk1.genblk1.lut0 (4 -> 0)
  Optimizing lut $abc$220651$lut$aiger220650$17231.genblk1.genblk1.genblk1.genblk1.genblk1.genblk1.genblk1.lut0.genblk1.genblk1.genblk1.genblk1.genblk1.genblk1.lut0.genblk1.genblk1.genblk1.genblk1.genblk1.lut1 (4 -> 3)
  Optimizing lut $abc$220651$lut$aiger220650$16840.genblk1.genblk1.genblk1.genblk1.genblk1.genblk1.genblk1.genblk1.lut1.genblk1.genblk1.genblk1.genblk1.genblk1.genblk1.genblk1.lut0.genblk1.genblk1.genblk1.genblk1.genblk1.genblk1.lut1.genblk1.genblk1.genblk1.genblk1.genblk1.lut0 (4 -> 0)
  Optimizing lut $abc$220651$lut$aiger220650$16849.genblk1.genblk1.genblk1.genblk1.genblk1.genblk1.lut1.genblk1.genblk1.genblk1.genblk1.genblk1.lut0 (4 -> 3)
  Optimizing lut $abc$220651$lut$aiger220650$16849.genblk1.genblk1.genblk1.genblk1.genblk1.genblk1.lut0.genblk1.genblk1.genblk1.genblk1.genblk1.lut0 (4 -> 0)
  Optimizing lut $abc$220651$lut$aiger220650$16978.genblk1.genblk1.genblk1.genblk1.genblk1.genblk1.genblk1.lut0.genblk1.genblk1.genblk1.genblk1.genblk1.genblk1.lut0.genblk1.genblk1.genblk1.genblk1.genblk1.lut1 (4 -> 3)
  Optimizing lut $abc$220651$lut$aiger220650$16593.genblk1.genblk1.genblk1.genblk1.genblk1.genblk1.genblk1.genblk1.lut1.genblk1.genblk1.genblk1.genblk1.genblk1.genblk1.genblk1.lut0.genblk1.genblk1.genblk1.genblk1.genblk1.genblk1.lut1.genblk1.genblk1.genblk1.genblk1.genblk1.lut0 (4 -> 0)
  Optimizing lut $abc$220651$lut$aiger220650$16602.genblk1.genblk1.genblk1.genblk1.genblk1.genblk1.lut1.genblk1.genblk1.genblk1.genblk1.genblk1.lut0 (4 -> 3)
  Optimizing lut $abc$220651$lut$aiger220650$16602.genblk1.genblk1.genblk1.genblk1.genblk1.genblk1.lut0.genblk1.genblk1.genblk1.genblk1.genblk1.lut0 (4 -> 0)
  Optimizing lut $abc$220651$lut$aiger220650$16395.genblk1.genblk1.genblk1.genblk1.genblk1.genblk1.genblk1.genblk1.lut1.genblk1.genblk1.genblk1.genblk1.genblk1.genblk1.genblk1.lut0.genblk1.genblk1.genblk1.genblk1.genblk1.genblk1.lut1.genblk1.genblk1.genblk1.genblk1.genblk1.lut0 (4 -> 2)
  Optimizing lut $abc$220651$lut$aiger220650$16320.genblk1.genblk1.genblk1.genblk1.genblk1.genblk1.lut1.genblk1.genblk1.genblk1.genblk1.genblk1.lut0 (4 -> 3)
  Optimizing lut $abc$220651$lut$aiger220650$16320.genblk1.genblk1.genblk1.genblk1.genblk1.genblk1.lut0.genblk1.genblk1.genblk1.genblk1.genblk1.lut0 (4 -> 0)
  Optimizing lut $abc$220651$lut$aiger220650$16449.genblk1.genblk1.genblk1.genblk1.genblk1.genblk1.genblk1.lut0.genblk1.genblk1.genblk1.genblk1.genblk1.genblk1.lut0.genblk1.genblk1.genblk1.genblk1.genblk1.lut1 (4 -> 3)
  Optimizing lut $abc$220651$lut$aiger220650$16163.genblk1.genblk1.genblk1.genblk1.genblk1.genblk1.genblk1.genblk1.lut1.genblk1.genblk1.genblk1.genblk1.genblk1.genblk1.genblk1.lut0.genblk1.genblk1.genblk1.genblk1.genblk1.genblk1.lut1.genblk1.genblk1.genblk1.genblk1.genblk1.lut0 (4 -> 2)
  Optimizing lut $abc$220651$lut$aiger220650$15914.genblk1.genblk1.genblk1.genblk1.genblk1.genblk1.genblk1.genblk1.lut1.genblk1.genblk1.genblk1.genblk1.genblk1.genblk1.genblk1.lut0.genblk1.genblk1.genblk1.genblk1.genblk1.genblk1.lut1.genblk1.genblk1.genblk1.genblk1.genblk1.lut0 (4 -> 2)
  Optimizing lut $abc$220651$lut$aiger220650$15839.genblk1.genblk1.genblk1.genblk1.genblk1.genblk1.lut1.genblk1.genblk1.genblk1.genblk1.genblk1.lut0 (4 -> 3)
  Optimizing lut $abc$220651$lut$aiger220650$15839.genblk1.genblk1.genblk1.genblk1.genblk1.genblk1.lut0.genblk1.genblk1.genblk1.genblk1.genblk1.lut0 (4 -> 0)
  Optimizing lut $abc$220651$lut$aiger220650$15968.genblk1.genblk1.genblk1.genblk1.genblk1.genblk1.genblk1.lut0.genblk1.genblk1.genblk1.genblk1.genblk1.genblk1.lut0.genblk1.genblk1.genblk1.genblk1.genblk1.lut1 (4 -> 3)
  Optimizing lut $abc$220651$lut$aiger220650$15601.genblk1.genblk1.genblk1.genblk1.genblk1.genblk1.genblk1.genblk1.lut1.genblk1.genblk1.genblk1.genblk1.genblk1.genblk1.genblk1.lut0.genblk1.genblk1.genblk1.genblk1.genblk1.genblk1.lut1.genblk1.genblk1.genblk1.genblk1.genblk1.lut0 (4 -> 0)
  Optimizing lut $abc$220651$lut$aiger220650$15393.genblk1.genblk1.genblk1.genblk1.genblk1.genblk1.genblk1.genblk1.lut1.genblk1.genblk1.genblk1.genblk1.genblk1.genblk1.genblk1.lut0.genblk1.genblk1.genblk1.genblk1.genblk1.genblk1.lut1.genblk1.genblk1.genblk1.genblk1.genblk1.lut0 (4 -> 2)
  Optimizing lut $abc$220651$lut$aiger220650$15443.genblk1.genblk1.genblk1.genblk1.genblk1.genblk1.genblk1.lut0.genblk1.genblk1.genblk1.genblk1.genblk1.genblk1.lut0.genblk1.genblk1.genblk1.genblk1.genblk1.lut1 (4 -> 2)
  Optimizing lut $abc$220651$lut$aiger220650$15101.genblk1.genblk1.genblk1.genblk1.genblk1.genblk1.genblk1.genblk1.lut1.genblk1.genblk1.genblk1.genblk1.genblk1.genblk1.genblk1.lut0.genblk1.genblk1.genblk1.genblk1.genblk1.genblk1.lut1.genblk1.genblk1.genblk1.genblk1.genblk1.lut0 (4 -> 0)
  Optimizing lut $abc$220651$lut$aiger220650$14957.genblk1.genblk1.genblk1.genblk1.genblk1.lut1 (4 -> 2)
  Optimizing lut $abc$220651$lut$aiger220650$14726.genblk1.genblk1.genblk1.genblk1.genblk1.genblk1.genblk1.genblk1.lut1.genblk1.genblk1.genblk1.genblk1.genblk1.genblk1.genblk1.lut0.genblk1.genblk1.genblk1.genblk1.genblk1.genblk1.lut1.genblk1.genblk1.genblk1.genblk1.genblk1.lut0 (4 -> 2)
  Optimizing lut $abc$220651$lut$aiger220650$14198.genblk1.genblk1.genblk1.genblk1.genblk1.genblk1.genblk1.lut0.genblk1.genblk1.genblk1.genblk1.genblk1.genblk1.lut0.genblk1.genblk1.genblk1.genblk1.genblk1.lut1 (4 -> 1)
  Optimizing lut $abc$220651$lut$aiger220650$14521.genblk1.genblk1.genblk1.genblk1.genblk1.genblk1.genblk1.genblk1.lut1.genblk1.genblk1.genblk1.genblk1.genblk1.genblk1.genblk1.lut0.genblk1.genblk1.genblk1.genblk1.genblk1.genblk1.lut1.genblk1.genblk1.genblk1.genblk1.genblk1.lut0 (4 -> 2)
  Optimizing lut $abc$220651$lut$aiger220650$13435.genblk1.genblk1.genblk1.genblk1.genblk1.genblk1.genblk1.genblk1.lut1.genblk1.genblk1.genblk1.genblk1.genblk1.genblk1.genblk1.lut0.genblk1.genblk1.genblk1.genblk1.genblk1.genblk1.lut1.genblk1.genblk1.genblk1.genblk1.genblk1.lut0 (4 -> 2)
  Optimizing lut $abc$220651$lut$aiger220650$18064.genblk1.genblk1.genblk1.genblk1.genblk1.genblk1.genblk1.genblk1.lut0.genblk1.genblk1.genblk1.genblk1.genblk1.genblk1.genblk1.lut1.genblk1.genblk1.genblk1.genblk1.genblk1.genblk1.lut1.genblk1.genblk1.genblk1.genblk1.genblk1.lut1 (4 -> 0)
  Optimizing lut $abc$220651$lut$aiger220650$18007.genblk1.genblk1.genblk1.genblk1.genblk1.genblk1.genblk1.genblk1.lut0.genblk1.genblk1.genblk1.genblk1.genblk1.genblk1.genblk1.lut1.genblk1.genblk1.genblk1.genblk1.genblk1.genblk1.lut1.genblk1.genblk1.genblk1.genblk1.genblk1.lut1 (4 -> 0)
  Optimizing lut $abc$220651$lut$aiger220650$18054.genblk1.genblk1.genblk1.genblk1.genblk1.genblk1.genblk1.genblk1.lut1.genblk1.genblk1.genblk1.genblk1.genblk1.genblk1.genblk1.lut0.genblk1.genblk1.genblk1.genblk1.genblk1.genblk1.lut1.genblk1.genblk1.genblk1.genblk1.genblk1.lut0 (4 -> 0)
  Optimizing lut $abc$220651$lut$aiger220650$18054.genblk1.genblk1.genblk1.genblk1.genblk1.genblk1.genblk1.genblk1.lut1.genblk1.genblk1.genblk1.genblk1.genblk1.genblk1.genblk1.lut1.genblk1.genblk1.genblk1.genblk1.genblk1.genblk1.lut1.genblk1.genblk1.genblk1.genblk1.genblk1.lut1 (4 -> 0)
  Optimizing lut $abc$220651$lut$aiger220650$18054.genblk1.genblk1.genblk1.genblk1.genblk1.genblk1.genblk1.genblk1.lut0.genblk1.genblk1.genblk1.genblk1.genblk1.genblk1.genblk1.lut1.genblk1.genblk1.genblk1.genblk1.genblk1.genblk1.lut1.genblk1.genblk1.genblk1.genblk1.genblk1.lut1 (4 -> 0)
  Optimizing lut $auto$abc_ops_reintegrate.cc:611:reintegrate$221075.genblk1.genblk1.genblk1.genblk1.genblk1.genblk1.genblk1.genblk1.lut1.genblk1.genblk1.genblk1.genblk1.genblk1.genblk1.genblk1.lut1.genblk1.genblk1.genblk1.genblk1.genblk1.genblk1.lut1.genblk1.genblk1.genblk1.genblk1.genblk1.lut1 (4 -> 0)
  Optimizing lut $auto$abc_ops_reintegrate.cc:611:reintegrate$221075.genblk1.genblk1.genblk1.genblk1.genblk1.genblk1.genblk1.genblk1.lut0.genblk1.genblk1.genblk1.genblk1.genblk1.genblk1.genblk1.lut1.genblk1.genblk1.genblk1.genblk1.genblk1.genblk1.lut1.genblk1.genblk1.genblk1.genblk1.genblk1.lut1 (4 -> 0)
  Optimizing lut $auto$abc_ops_reintegrate.cc:611:reintegrate$221074.genblk1.genblk1.genblk1.genblk1.genblk1.genblk1.genblk1.genblk1.lut1.genblk1.genblk1.genblk1.genblk1.genblk1.genblk1.genblk1.lut1.genblk1.genblk1.genblk1.genblk1.genblk1.genblk1.lut1.genblk1.genblk1.genblk1.genblk1.genblk1.lut1 (4 -> 0)
  Optimizing lut $auto$abc_ops_reintegrate.cc:611:reintegrate$221074.genblk1.genblk1.genblk1.genblk1.genblk1.genblk1.genblk1.genblk1.lut0.genblk1.genblk1.genblk1.genblk1.genblk1.genblk1.genblk1.lut1.genblk1.genblk1.genblk1.genblk1.genblk1.genblk1.lut1.genblk1.genblk1.genblk1.genblk1.genblk1.lut1 (4 -> 0)
  Optimizing lut $abc$220651$lut$aiger220650$11842.genblk1.genblk1.genblk1.genblk1.genblk1.lut1 (4 -> 3)
  Optimizing lut $abc$220651$lut$aiger220650$11975.genblk1.genblk1.genblk1.genblk1.genblk1.genblk1.genblk1.genblk1.lut1.genblk1.genblk1.genblk1.genblk1.genblk1.genblk1.genblk1.lut0.genblk1.genblk1.genblk1.genblk1.genblk1.genblk1.lut1.genblk1.genblk1.genblk1.genblk1.genblk1.lut0 (4 -> 0)
  Optimizing lut $abc$220651$lut$aiger220650$11874.genblk1.genblk1.genblk1.genblk1.genblk1.lut1 (4 -> 3)
  Optimizing lut $abc$220651$lut$aiger220650$11975.genblk1.genblk1.genblk1.genblk1.genblk1.genblk1.genblk1.genblk1.lut1.genblk1.genblk1.genblk1.genblk1.genblk1.genblk1.genblk1.lut1.genblk1.genblk1.genblk1.genblk1.genblk1.genblk1.lut1.genblk1.genblk1.genblk1.genblk1.genblk1.lut1 (4 -> 3)
  Optimizing lut $abc$220651$lut$aiger220650$11975.genblk1.genblk1.genblk1.genblk1.genblk1.genblk1.genblk1.genblk1.lut0.genblk1.genblk1.genblk1.genblk1.genblk1.genblk1.genblk1.lut1.genblk1.genblk1.genblk1.genblk1.genblk1.genblk1.lut1.genblk1.genblk1.genblk1.genblk1.genblk1.lut1 (4 -> 0)
  Optimizing lut $auto$abc_ops_reintegrate.cc:611:reintegrate$220836.genblk1.genblk1.genblk1.genblk1.genblk1.genblk1.lut0.genblk1.genblk1.genblk1.genblk1.genblk1.lut0 (4 -> 0)
  Optimizing lut $auto$abc_ops_reintegrate.cc:611:reintegrate$220834.genblk1.genblk1.genblk1.genblk1.genblk1.genblk1.lut0.genblk1.genblk1.genblk1.genblk1.genblk1.lut0 (4 -> 0)
  Optimizing lut $auto$abc_ops_reintegrate.cc:611:reintegrate$220830.genblk1.genblk1.genblk1.genblk1.genblk1.genblk1.lut0.genblk1.genblk1.genblk1.genblk1.genblk1.lut0 (4 -> 0)
  Optimizing lut $auto$abc_ops_reintegrate.cc:611:reintegrate$220826.genblk1.genblk1.genblk1.genblk1.genblk1.genblk1.lut0.genblk1.genblk1.genblk1.genblk1.genblk1.lut0 (4 -> 0)
  Optimizing lut $auto$abc_ops_reintegrate.cc:611:reintegrate$220819.genblk1.genblk1.genblk1.genblk1.genblk1.genblk1.lut0.genblk1.genblk1.genblk1.genblk1.genblk1.lut0 (4 -> 0)
  Optimizing lut $auto$abc_ops_reintegrate.cc:611:reintegrate$220815.genblk1.genblk1.genblk1.genblk1.genblk1.genblk1.lut0.genblk1.genblk1.genblk1.genblk1.genblk1.lut0 (4 -> 0)
  Optimizing lut $auto$abc_ops_reintegrate.cc:611:reintegrate$220811.genblk1.genblk1.genblk1.genblk1.genblk1.genblk1.lut0.genblk1.genblk1.genblk1.genblk1.genblk1.lut0 (4 -> 0)
  Optimizing lut $auto$abc_ops_reintegrate.cc:611:reintegrate$220808.genblk1.genblk1.genblk1.genblk1.genblk1.genblk1.lut0.genblk1.genblk1.genblk1.genblk1.genblk1.lut0 (4 -> 0)
  Optimizing lut $auto$abc_ops_reintegrate.cc:611:reintegrate$220806.genblk1.genblk1.genblk1.genblk1.genblk1.genblk1.lut0.genblk1.genblk1.genblk1.genblk1.genblk1.lut0 (4 -> 0)
  Optimizing lut $auto$abc_ops_reintegrate.cc:611:reintegrate$220802.genblk1.genblk1.genblk1.genblk1.genblk1.genblk1.lut0.genblk1.genblk1.genblk1.genblk1.genblk1.lut0 (4 -> 0)
  Optimizing lut $auto$abc_ops_reintegrate.cc:611:reintegrate$220798.genblk1.genblk1.genblk1.genblk1.genblk1.genblk1.lut0.genblk1.genblk1.genblk1.genblk1.genblk1.lut0 (4 -> 0)
  Optimizing lut $auto$abc_ops_reintegrate.cc:611:reintegrate$220791.genblk1.genblk1.genblk1.genblk1.genblk1.genblk1.lut0.genblk1.genblk1.genblk1.genblk1.genblk1.lut0 (4 -> 0)
  Optimizing lut $auto$abc_ops_reintegrate.cc:611:reintegrate$220787.genblk1.genblk1.genblk1.genblk1.genblk1.genblk1.lut0.genblk1.genblk1.genblk1.genblk1.genblk1.lut0 (4 -> 0)
  Optimizing lut $auto$abc_ops_reintegrate.cc:611:reintegrate$220783.genblk1.genblk1.genblk1.genblk1.genblk1.genblk1.lut0.genblk1.genblk1.genblk1.genblk1.genblk1.lut0 (4 -> 0)
  Optimizing lut $auto$abc_ops_reintegrate.cc:611:reintegrate$220779.genblk1.genblk1.genblk1.genblk1.genblk1.genblk1.lut0.genblk1.genblk1.genblk1.genblk1.genblk1.lut0 (4 -> 0)
  Optimizing lut $auto$abc_ops_reintegrate.cc:611:reintegrate$220777.genblk1.genblk1.genblk1.genblk1.genblk1.genblk1.lut0.genblk1.genblk1.genblk1.genblk1.genblk1.lut0 (4 -> 0)
  Optimizing lut $auto$abc_ops_reintegrate.cc:611:reintegrate$220769.genblk1.genblk1.genblk1.genblk1.genblk1.genblk1.lut0.genblk1.genblk1.genblk1.genblk1.genblk1.lut0 (4 -> 0)
  Optimizing lut $auto$abc_ops_reintegrate.cc:611:reintegrate$220767.genblk1.genblk1.genblk1.genblk1.genblk1.genblk1.lut0.genblk1.genblk1.genblk1.genblk1.genblk1.lut0 (4 -> 0)
  Optimizing lut $auto$abc_ops_reintegrate.cc:611:reintegrate$220758.genblk1.genblk1.genblk1.genblk1.genblk1.genblk1.lut0.genblk1.genblk1.genblk1.genblk1.genblk1.lut0 (4 -> 0)
  Optimizing lut $auto$abc_ops_reintegrate.cc:611:reintegrate$220756.genblk1.genblk1.genblk1.genblk1.genblk1.genblk1.lut0.genblk1.genblk1.genblk1.genblk1.genblk1.lut0 (4 -> 0)
  Optimizing lut $auto$abc_ops_reintegrate.cc:611:reintegrate$220752.genblk1.genblk1.genblk1.genblk1.genblk1.genblk1.lut0.genblk1.genblk1.genblk1.genblk1.genblk1.lut0 (4 -> 0)
  Optimizing lut $auto$abc_ops_reintegrate.cc:611:reintegrate$220748.genblk1.genblk1.genblk1.genblk1.genblk1.genblk1.lut0.genblk1.genblk1.genblk1.genblk1.genblk1.lut0 (4 -> 0)
  Optimizing lut $auto$abc_ops_reintegrate.cc:611:reintegrate$220741.genblk1.genblk1.genblk1.genblk1.genblk1.genblk1.lut0.genblk1.genblk1.genblk1.genblk1.genblk1.lut0 (4 -> 0)
  Optimizing lut $auto$abc_ops_reintegrate.cc:611:reintegrate$220737.genblk1.genblk1.genblk1.genblk1.genblk1.genblk1.lut0.genblk1.genblk1.genblk1.genblk1.genblk1.lut0 (4 -> 0)
  Optimizing lut $auto$abc_ops_reintegrate.cc:611:reintegrate$220733.genblk1.genblk1.genblk1.genblk1.genblk1.genblk1.lut0.genblk1.genblk1.genblk1.genblk1.genblk1.lut0 (4 -> 0)
  Optimizing lut $auto$abc_ops_reintegrate.cc:611:reintegrate$220730.genblk1.genblk1.genblk1.genblk1.genblk1.genblk1.lut0.genblk1.genblk1.genblk1.genblk1.genblk1.lut0 (4 -> 0)
  Optimizing lut $auto$abc_ops_reintegrate.cc:611:reintegrate$220728.genblk1.genblk1.genblk1.genblk1.genblk1.genblk1.lut0.genblk1.genblk1.genblk1.genblk1.genblk1.lut0 (4 -> 0)
  Optimizing lut $auto$abc_ops_reintegrate.cc:611:reintegrate$220720.genblk1.genblk1.genblk1.genblk1.genblk1.genblk1.lut0.genblk1.genblk1.genblk1.genblk1.genblk1.lut0 (4 -> 0)
  Optimizing lut $auto$abc_ops_reintegrate.cc:611:reintegrate$220713.genblk1.genblk1.genblk1.genblk1.genblk1.genblk1.lut0.genblk1.genblk1.genblk1.genblk1.genblk1.lut0 (4 -> 0)
  Optimizing lut $auto$abc_ops_reintegrate.cc:611:reintegrate$220709.genblk1.genblk1.genblk1.genblk1.genblk1.genblk1.lut0.genblk1.genblk1.genblk1.genblk1.genblk1.lut0 (4 -> 0)
  Optimizing lut $auto$abc_ops_reintegrate.cc:611:reintegrate$220705.genblk1.genblk1.genblk1.genblk1.genblk1.genblk1.lut0.genblk1.genblk1.genblk1.genblk1.genblk1.lut0 (4 -> 0)
  Optimizing lut $auto$abc_ops_reintegrate.cc:611:reintegrate$220695.genblk1.genblk1.genblk1.genblk1.genblk1.genblk1.lut0.genblk1.genblk1.genblk1.genblk1.genblk1.lut0 (4 -> 0)
  Optimizing lut $auto$abc_ops_reintegrate.cc:611:reintegrate$220693.genblk1.genblk1.genblk1.genblk1.genblk1.genblk1.lut0.genblk1.genblk1.genblk1.genblk1.genblk1.lut0 (4 -> 0)
  Optimizing lut $auto$abc_ops_reintegrate.cc:611:reintegrate$220685.genblk1.genblk1.genblk1.genblk1.genblk1.genblk1.lut0.genblk1.genblk1.genblk1.genblk1.genblk1.lut0 (4 -> 0)
  Optimizing lut $auto$abc_ops_reintegrate.cc:611:reintegrate$220655.genblk1.genblk1.genblk1.genblk1.genblk1.genblk1.genblk1.genblk1.lut0.genblk1.genblk1.genblk1.genblk1.genblk1.genblk1.genblk1.lut1.genblk1.genblk1.genblk1.genblk1.genblk1.genblk1.lut1.genblk1.genblk1.genblk1.genblk1.genblk1.lut1 (4 -> 0)
  Optimizing lut $abc$220651$lut$aiger220650$12041.genblk1.genblk1.genblk1.genblk1.genblk1.lut1 (4 -> 0)
  Optimizing lut $abc$220651$lut$aiger$o2400.genblk1.genblk1.genblk1.genblk1.genblk1.genblk1.genblk1.genblk1.lut1.genblk1.genblk1.genblk1.genblk1.genblk1.genblk1.genblk1.lut0.genblk1.genblk1.genblk1.genblk1.genblk1.genblk1.lut1.genblk1.genblk1.genblk1.genblk1.genblk1.lut0 (4 -> 0)
  Optimizing lut $abc$220651$lut$aiger220650$20018.genblk1.genblk1.genblk1.genblk1.genblk1.lut1 (4 -> 1)
  Optimizing lut $abc$220651$lut$aiger220650$20023.genblk1.genblk1.genblk1.genblk1.genblk1.genblk1.lut0.genblk1.genblk1.genblk1.genblk1.genblk1.lut0 (4 -> 3)
  Optimizing lut $abc$220651$lut$aiger220650$20037.genblk1.genblk1.genblk1.genblk1.genblk1.genblk1.lut1.genblk1.genblk1.genblk1.genblk1.genblk1.lut0 (4 -> 3)
  Optimizing lut $abc$220651$lut$aiger220650$20037.genblk1.genblk1.genblk1.genblk1.genblk1.genblk1.lut0.genblk1.genblk1.genblk1.genblk1.genblk1.lut0 (4 -> 3)
  Optimizing lut $abc$220651$lut$aiger220650$20047.genblk1.genblk1.genblk1.genblk1.genblk1.genblk1.lut1.genblk1.genblk1.genblk1.genblk1.genblk1.lut0 (4 -> 2)
  Optimizing lut $abc$220651$lut$aiger220650$20047.genblk1.genblk1.genblk1.genblk1.genblk1.genblk1.lut0.genblk1.genblk1.genblk1.genblk1.genblk1.lut0 (4 -> 2)
  Optimizing lut $abc$220651$lut$aiger$o2400.genblk1.genblk1.genblk1.genblk1.genblk1.genblk1.genblk1.genblk1.lut1.genblk1.genblk1.genblk1.genblk1.genblk1.genblk1.genblk1.lut1.genblk1.genblk1.genblk1.genblk1.genblk1.genblk1.lut1.genblk1.genblk1.genblk1.genblk1.genblk1.lut1 (4 -> 0)
  Optimizing lut $abc$220651$lut$aiger$o2400.genblk1.genblk1.genblk1.genblk1.genblk1.genblk1.genblk1.genblk1.lut0.genblk1.genblk1.genblk1.genblk1.genblk1.genblk1.genblk1.lut1.genblk1.genblk1.genblk1.genblk1.genblk1.genblk1.lut1.genblk1.genblk1.genblk1.genblk1.genblk1.lut1 (4 -> 0)
  Optimizing lut $abc$220651$lut$aiger$o1000.genblk1.genblk1.genblk1.genblk1.genblk1.genblk1.genblk1.genblk1.lut1.genblk1.genblk1.genblk1.genblk1.genblk1.genblk1.genblk1.lut1.genblk1.genblk1.genblk1.genblk1.genblk1.genblk1.lut1.genblk1.genblk1.genblk1.genblk1.genblk1.lut1 (4 -> 3)
  Optimizing lut $abc$220651$lut$aiger$o1000.genblk1.genblk1.genblk1.genblk1.genblk1.genblk1.genblk1.genblk1.lut0.genblk1.genblk1.genblk1.genblk1.genblk1.genblk1.genblk1.lut1.genblk1.genblk1.genblk1.genblk1.genblk1.genblk1.lut1.genblk1.genblk1.genblk1.genblk1.genblk1.lut1 (4 -> 3)
  Optimizing lut $abc$220651$lut$aiger220650$20063.genblk1.genblk1.genblk1.genblk1.genblk1.lut1 (4 -> 0)
  Optimizing lut $abc$220651$lut$aiger$o2726.genblk1.genblk1.genblk1.genblk1.genblk1.genblk1.genblk1.genblk1.lut0.genblk1.genblk1.genblk1.genblk1.genblk1.genblk1.genblk1.lut1.genblk1.genblk1.genblk1.genblk1.genblk1.genblk1.lut1.genblk1.genblk1.genblk1.genblk1.genblk1.lut1 (4 -> 3)
  Optimizing lut $abc$220651$lut$aiger$o4905.genblk1.genblk1.genblk1.genblk1.genblk1.lut0 (4 -> 3)
  Optimizing lut $abc$220651$lut$aiger220650$20037.genblk1.genblk1.genblk1.genblk1.genblk1.genblk1.lut0.genblk1.genblk1.genblk1.genblk1.genblk1.lut1 (4 -> 3)
  Optimizing lut $abc$220651$lut$aiger220650$22077.genblk1.genblk1.genblk1.genblk1.genblk1.lut0 (4 -> 0)
  Optimizing lut $abc$220651$lut$aiger220650$22253.genblk1.genblk1.genblk1.genblk1.genblk1.lut0 (4 -> 0)
  Optimizing lut $abc$220651$lut$aiger220650$22212.genblk1.genblk1.genblk1.genblk1.genblk1.lut0 (4 -> 0)
  Optimizing lut $abc$220651$lut$aiger220650$19947.genblk1.genblk1.genblk1.genblk1.genblk1.lut0 (4 -> 0)
  Optimizing lut $abc$220651$lut$aiger220650$19939.genblk1.genblk1.genblk1.genblk1.genblk1.lut0 (4 -> 0)
  Optimizing lut $abc$220651$lut$aiger220650$19931.genblk1.genblk1.genblk1.genblk1.genblk1.lut0 (4 -> 0)
  Optimizing lut $abc$220651$lut$aiger220650$20144.genblk1.genblk1.genblk1.genblk1.genblk1.lut0 (4 -> 0)
  Optimizing lut $abc$220651$lut$aiger220650$18054.genblk1.genblk1.genblk1.genblk1.genblk1.genblk1.genblk1.genblk1.lut1.genblk1.genblk1.genblk1.genblk1.genblk1.genblk1.genblk1.lut0.genblk1.genblk1.genblk1.genblk1.genblk1.genblk1.lut1.genblk1.genblk1.genblk1.genblk1.genblk1.lut1 (4 -> 0)
  Optimizing lut $abc$220651$lut$aiger220650$18064.genblk1.genblk1.genblk1.genblk1.genblk1.genblk1.genblk1.genblk1.lut1.genblk1.genblk1.genblk1.genblk1.genblk1.genblk1.genblk1.lut0.genblk1.genblk1.genblk1.genblk1.genblk1.genblk1.lut1.genblk1.genblk1.genblk1.genblk1.genblk1.lut1 (4 -> 0)
  Optimizing lut $abc$220651$lut$aiger220650$14106.genblk1.genblk1.genblk1.genblk1.genblk1.genblk1.lut0.genblk1.genblk1.genblk1.genblk1.genblk1.lut1 (4 -> 0)
  Optimizing lut $abc$220651$lut$aiger220650$13860.genblk1.genblk1.genblk1.genblk1.genblk1.genblk1.genblk1.lut0.genblk1.genblk1.genblk1.genblk1.genblk1.genblk1.lut1.genblk1.genblk1.genblk1.genblk1.genblk1.lut0 (4 -> 1)
  Optimizing lut $abc$220651$lut$aiger220650$16593.genblk1.genblk1.genblk1.genblk1.genblk1.genblk1.genblk1.genblk1.lut0.genblk1.genblk1.genblk1.genblk1.genblk1.genblk1.genblk1.lut0.genblk1.genblk1.genblk1.genblk1.genblk1.genblk1.lut0.genblk1.genblk1.genblk1.genblk1.genblk1.lut1 (4 -> 3)
  Optimizing lut $abc$220651$lut$aiger220650$16840.genblk1.genblk1.genblk1.genblk1.genblk1.genblk1.genblk1.genblk1.lut0.genblk1.genblk1.genblk1.genblk1.genblk1.genblk1.genblk1.lut0.genblk1.genblk1.genblk1.genblk1.genblk1.genblk1.lut0.genblk1.genblk1.genblk1.genblk1.genblk1.lut1 (4 -> 3)
  Optimizing lut $abc$220651$lut$aiger220650$13567.genblk1.genblk1.genblk1.genblk1.genblk1.genblk1.genblk1.lut0.genblk1.genblk1.genblk1.genblk1.genblk1.genblk1.lut0.genblk1.genblk1.genblk1.genblk1.genblk1.lut1 (4 -> 1)
  Optimizing lut $abc$220651$lut$aiger220650$14198.genblk1.genblk1.genblk1.genblk1.genblk1.genblk1.genblk1.lut0.genblk1.genblk1.genblk1.genblk1.genblk1.genblk1.lut1.genblk1.genblk1.genblk1.genblk1.genblk1.lut1 (4 -> 3)
  Optimizing lut $abc$220651$lut$aiger220650$13585.genblk1.genblk1.genblk1.genblk1.genblk1.lut1 (4 -> 2)
  Optimizing lut $abc$220651$lut$aiger220650$14643.genblk1.genblk1.genblk1.genblk1.genblk1.genblk1.lut1.genblk1.genblk1.genblk1.genblk1.genblk1.lut1 (4 -> 2)
  Optimizing lut $auto$abc_ops_reintegrate.cc:611:reintegrate$220754.genblk1.genblk1.genblk1.genblk1.genblk1.lut0 (4 -> 1)
  Optimizing lut $auto$abc_ops_reintegrate.cc:611:reintegrate$220824.genblk1.genblk1.genblk1.genblk1.genblk1.lut0 (4 -> 1)
  Optimizing lut $auto$abc_ops_reintegrate.cc:611:reintegrate$220755.genblk1.genblk1.genblk1.genblk1.genblk1.lut0 (4 -> 1)
  Optimizing lut $abc$220651$lut$aiger220650$12931.genblk1.genblk1.genblk1.genblk1.genblk1.lut1 (4 -> 2)
  Optimizing lut $auto$abc_ops_reintegrate.cc:611:reintegrate$220825.genblk1.genblk1.genblk1.genblk1.genblk1.lut0 (4 -> 1)
  Optimizing lut $abc$220651$lut$aiger220650$12682.genblk1.genblk1.genblk1.genblk1.genblk1.lut1 (4 -> 2)
  Optimizing lut $abc$220651$lut$aiger220650$18064.genblk1.genblk1.genblk1.genblk1.genblk1.genblk1.genblk1.genblk1.lut0.genblk1.genblk1.genblk1.genblk1.genblk1.genblk1.genblk1.lut0.genblk1.genblk1.genblk1.genblk1.genblk1.genblk1.lut1.genblk1.genblk1.genblk1.genblk1.genblk1.lut1 (4 -> 0)
  Optimizing lut $auto$abc_ops_reintegrate.cc:611:reintegrate$220758.genblk1.genblk1.genblk1.genblk1.genblk1.genblk1.lut0.genblk1.genblk1.genblk1.genblk1.genblk1.lut1 (4 -> 0)
  Optimizing lut $auto$abc_ops_reintegrate.cc:611:reintegrate$220757.genblk1.genblk1.genblk1.genblk1.genblk1.lut0 (4 -> 1)
  Optimizing lut $abc$220651$lut$aiger220650$18068.genblk1.genblk1.genblk1.genblk1.genblk1.lut0 (4 -> 0)
  Optimizing lut $auto$abc_ops_reintegrate.cc:611:reintegrate$220845.genblk1.genblk1.genblk1.genblk1.genblk1.lut0 (4 -> 3)
  Optimizing lut $auto$abc_ops_reintegrate.cc:611:reintegrate$220767.genblk1.genblk1.genblk1.genblk1.genblk1.genblk1.lut0.genblk1.genblk1.genblk1.genblk1.genblk1.lut1 (4 -> 0)
  Optimizing lut $abc$220651$lut$aiger220650$16080.genblk1.genblk1.genblk1.genblk1.genblk1.genblk1.genblk1.genblk1.lut0.genblk1.genblk1.genblk1.genblk1.genblk1.genblk1.genblk1.lut0.genblk1.genblk1.genblk1.genblk1.genblk1.genblk1.lut0.genblk1.genblk1.genblk1.genblk1.genblk1.lut1 (4 -> 3)
  Optimizing lut $auto$abc_ops_reintegrate.cc:611:reintegrate$220655.genblk1.genblk1.genblk1.genblk1.genblk1.genblk1.genblk1.genblk1.lut0.genblk1.genblk1.genblk1.genblk1.genblk1.genblk1.genblk1.lut0.genblk1.genblk1.genblk1.genblk1.genblk1.genblk1.lut0.genblk1.genblk1.genblk1.genblk1.genblk1.lut1 (4 -> 1)
  Optimizing lut $auto$abc_ops_reintegrate.cc:611:reintegrate$220830.genblk1.genblk1.genblk1.genblk1.genblk1.genblk1.lut0.genblk1.genblk1.genblk1.genblk1.genblk1.lut1 (4 -> 0)
  Optimizing lut $abc$220651$lut$aiger220650$20457.genblk1.genblk1.genblk1.genblk1.genblk1.lut1 (4 -> 0)
  Optimizing lut $auto$abc_ops_reintegrate.cc:611:reintegrate$220827.genblk1.genblk1.genblk1.genblk1.genblk1.lut0 (4 -> 1)
  Optimizing lut $abc$220651$lut$aiger220650$20601.genblk1.genblk1.genblk1.genblk1.genblk1.lut1 (4 -> 0)
  Optimizing lut $auto$abc_ops_reintegrate.cc:611:reintegrate$220828.genblk1.genblk1.genblk1.genblk1.genblk1.lut0 (4 -> 1)
  Optimizing lut $auto$abc_ops_reintegrate.cc:611:reintegrate$220760.genblk1.genblk1.genblk1.genblk1.genblk1.lut0 (4 -> 1)
  Optimizing lut $abc$220651$lut$aiger220650$18132.genblk1.genblk1.genblk1.genblk1.genblk1.lut1 (4 -> 0)
  Optimizing lut $abc$220651$lut$aiger220650$18101.genblk1.genblk1.genblk1.genblk1.genblk1.lut0 (4 -> 0)
  Optimizing lut $abc$220651$lut$aiger220650$18064.genblk1.genblk1.genblk1.genblk1.genblk1.genblk1.genblk1.genblk1.lut1.genblk1.genblk1.genblk1.genblk1.genblk1.genblk1.genblk1.lut1.genblk1.genblk1.genblk1.genblk1.genblk1.genblk1.lut1.genblk1.genblk1.genblk1.genblk1.genblk1.lut1 (4 -> 0)
  Optimizing lut $auto$abc_ops_reintegrate.cc:611:reintegrate$221075.genblk1.genblk1.genblk1.genblk1.genblk1.genblk1.genblk1.genblk1.lut0.genblk1.genblk1.genblk1.genblk1.genblk1.genblk1.genblk1.lut0.genblk1.genblk1.genblk1.genblk1.genblk1.genblk1.lut1.genblk1.genblk1.genblk1.genblk1.genblk1.lut1 (4 -> 0)
  Optimizing lut $auto$abc_ops_reintegrate.cc:611:reintegrate$220829.genblk1.genblk1.genblk1.genblk1.genblk1.lut0 (4 -> 1)
  Optimizing lut $auto$abc_ops_reintegrate.cc:611:reintegrate$221074.genblk1.genblk1.genblk1.genblk1.genblk1.genblk1.genblk1.genblk1.lut0.genblk1.genblk1.genblk1.genblk1.genblk1.genblk1.genblk1.lut0.genblk1.genblk1.genblk1.genblk1.genblk1.genblk1.lut1.genblk1.genblk1.genblk1.genblk1.genblk1.lut1 (4 -> 0)
  Optimizing lut $auto$abc_ops_reintegrate.cc:611:reintegrate$220761.genblk1.genblk1.genblk1.genblk1.genblk1.lut0 (4 -> 1)
  Optimizing lut $auto$abc_ops_reintegrate.cc:611:reintegrate$220834.genblk1.genblk1.genblk1.genblk1.genblk1.genblk1.lut0.genblk1.genblk1.genblk1.genblk1.genblk1.lut1 (4 -> 0)
  Optimizing lut $abc$220651$lut$aiger220650$15101.genblk1.genblk1.genblk1.genblk1.genblk1.genblk1.genblk1.genblk1.lut1.genblk1.genblk1.genblk1.genblk1.genblk1.genblk1.genblk1.lut0.genblk1.genblk1.genblk1.genblk1.genblk1.genblk1.lut1.genblk1.genblk1.genblk1.genblk1.genblk1.lut1 (4 -> 3)
  Optimizing lut $auto$abc_ops_reintegrate.cc:611:reintegrate$220831.genblk1.genblk1.genblk1.genblk1.genblk1.lut0 (4 -> 1)
  Optimizing lut $abc$220651$lut$aiger220650$20214.genblk1.genblk1.genblk1.genblk1.genblk1.lut0 (4 -> 0)
  Optimizing lut $abc$220651$lut$aiger220650$18007.genblk1.genblk1.genblk1.genblk1.genblk1.genblk1.genblk1.genblk1.lut1.genblk1.genblk1.genblk1.genblk1.genblk1.genblk1.genblk1.lut1.genblk1.genblk1.genblk1.genblk1.genblk1.genblk1.lut1.genblk1.genblk1.genblk1.genblk1.genblk1.lut1 (4 -> 0)
  Optimizing lut $auto$abc_ops_reintegrate.cc:611:reintegrate$220762.genblk1.genblk1.genblk1.genblk1.genblk1.lut0 (4 -> 1)
  Optimizing lut $auto$abc_ops_reintegrate.cc:611:reintegrate$220832.genblk1.genblk1.genblk1.genblk1.genblk1.lut0 (4 -> 1)
  Optimizing lut $abc$220651$lut$aiger220650$15226.genblk1.genblk1.genblk1.genblk1.genblk1.genblk1.genblk1.lut0.genblk1.genblk1.genblk1.genblk1.genblk1.genblk1.lut0.genblk1.genblk1.genblk1.genblk1.genblk1.lut1 (4 -> 0)
  Optimizing lut $auto$abc_ops_reintegrate.cc:611:reintegrate$220833.genblk1.genblk1.genblk1.genblk1.genblk1.lut0 (4 -> 1)
  Optimizing lut $abc$220651$lut$aiger$o354.genblk1.genblk1.genblk1.genblk1.genblk1.genblk1.lut1.genblk1.genblk1.genblk1.genblk1.genblk1.lut0 (4 -> 0)
  Optimizing lut $abc$220651$lut$aiger220650$11975.genblk1.genblk1.genblk1.genblk1.genblk1.genblk1.genblk1.genblk1.lut0.genblk1.genblk1.genblk1.genblk1.genblk1.genblk1.genblk1.lut0.genblk1.genblk1.genblk1.genblk1.genblk1.genblk1.lut0.genblk1.genblk1.genblk1.genblk1.genblk1.lut1 (4 -> 0)
  Optimizing lut $auto$abc_ops_reintegrate.cc:611:reintegrate$220836.genblk1.genblk1.genblk1.genblk1.genblk1.genblk1.lut0.genblk1.genblk1.genblk1.genblk1.genblk1.lut1 (4 -> 0)
  Optimizing lut $auto$abc_ops_reintegrate.cc:611:reintegrate$220763.genblk1.genblk1.genblk1.genblk1.genblk1.lut0 (4 -> 1)
  Optimizing lut $abc$220651$lut$aiger$o318.genblk1.genblk1.genblk1.genblk1.genblk1.genblk1.lut0.genblk1.genblk1.genblk1.genblk1.genblk1.lut1 (4 -> 0)
  Optimizing lut $abc$220651$lut$aiger220650$21668.genblk1.genblk1.genblk1.genblk1.genblk1.lut0 (4 -> 0)
  Optimizing lut $abc$220651$lut$aiger220650$21658.genblk1.genblk1.genblk1.genblk1.genblk1.lut0 (4 -> 3)
  Optimizing lut $abc$220651$lut$aiger$o903.genblk1.genblk1.genblk1.genblk1.genblk1.lut0 (4 -> 0)
  Optimizing lut $auto$abc_ops_reintegrate.cc:611:reintegrate$221074.genblk1.genblk1.genblk1.genblk1.genblk1.genblk1.genblk1.genblk1.lut1.genblk1.genblk1.genblk1.genblk1.genblk1.genblk1.genblk1.lut0.genblk1.genblk1.genblk1.genblk1.genblk1.genblk1.lut1.genblk1.genblk1.genblk1.genblk1.genblk1.lut1 (4 -> 0)
  Optimizing lut $abc$220651$lut$aiger220650$20014.genblk1.genblk1.genblk1.genblk1.genblk1.genblk1.genblk1.lut0.genblk1.genblk1.genblk1.genblk1.genblk1.genblk1.lut0.genblk1.genblk1.genblk1.genblk1.genblk1.lut1 (4 -> 0)
  Optimizing lut $abc$220651$lut$aiger220650$18179.genblk1.genblk1.genblk1.genblk1.genblk1.lut0 (4 -> 0)
  Optimizing lut $abc$220651$lut$aiger$o2400.genblk1.genblk1.genblk1.genblk1.genblk1.genblk1.genblk1.genblk1.lut0.genblk1.genblk1.genblk1.genblk1.genblk1.genblk1.genblk1.lut0.genblk1.genblk1.genblk1.genblk1.genblk1.genblk1.lut1.genblk1.genblk1.genblk1.genblk1.genblk1.lut1 (4 -> 0)
  Optimizing lut $abc$220651$lut$aiger$o2400.genblk1.genblk1.genblk1.genblk1.genblk1.genblk1.genblk1.genblk1.lut1.genblk1.genblk1.genblk1.genblk1.genblk1.genblk1.genblk1.lut0.genblk1.genblk1.genblk1.genblk1.genblk1.genblk1.lut1.genblk1.genblk1.genblk1.genblk1.genblk1.lut1 (4 -> 0)
  Optimizing lut $abc$220651$lut$aiger$o1000.genblk1.genblk1.genblk1.genblk1.genblk1.genblk1.genblk1.genblk1.lut0.genblk1.genblk1.genblk1.genblk1.genblk1.genblk1.genblk1.lut0.genblk1.genblk1.genblk1.genblk1.genblk1.genblk1.lut1.genblk1.genblk1.genblk1.genblk1.genblk1.lut1 (4 -> 0)
  Optimizing lut $abc$220651$lut$aiger220650$20014.genblk1.genblk1.genblk1.genblk1.genblk1.genblk1.genblk1.lut1.genblk1.genblk1.genblk1.genblk1.genblk1.genblk1.lut1.genblk1.genblk1.genblk1.genblk1.genblk1.lut1 (4 -> 2)
  Optimizing lut $auto$abc_ops_reintegrate.cc:611:reintegrate$220844.genblk1.genblk1.genblk1.genblk1.genblk1.lut0 (4 -> 2)
  Optimizing lut $abc$220651$lut$aiger220650$20052.genblk1.genblk1.genblk1.genblk1.genblk1.lut1 (4 -> 3)
  Optimizing lut $auto$abc_ops_reintegrate.cc:611:reintegrate$220764.genblk1.genblk1.genblk1.genblk1.genblk1.lut0 (4 -> 1)
  Optimizing lut $abc$220651$lut$aiger220650$17069.genblk1.genblk1.genblk1.genblk1.genblk1.genblk1.lut1.genblk1.genblk1.genblk1.genblk1.genblk1.lut0 (4 -> 3)
  Optimizing lut $abc$220651$lut$aiger220650$15101.genblk1.genblk1.genblk1.genblk1.genblk1.genblk1.genblk1.genblk1.lut0.genblk1.genblk1.genblk1.genblk1.genblk1.genblk1.genblk1.lut0.genblk1.genblk1.genblk1.genblk1.genblk1.genblk1.lut1.genblk1.genblk1.genblk1.genblk1.genblk1.lut1 (4 -> 3)
  Optimizing lut $auto$abc_ops_reintegrate.cc:611:reintegrate$220765.genblk1.genblk1.genblk1.genblk1.genblk1.lut0 (4 -> 1)
  Optimizing lut $abc$220651$lut$aiger220650$20577.genblk1.genblk1.genblk1.genblk1.genblk1.lut1 (4 -> 0)
  Optimizing lut $auto$abc_ops_reintegrate.cc:611:reintegrate$220766.genblk1.genblk1.genblk1.genblk1.genblk1.lut0 (4 -> 1)
  Optimizing lut $auto$abc_ops_reintegrate.cc:611:reintegrate$220769.genblk1.genblk1.genblk1.genblk1.genblk1.genblk1.lut0.genblk1.genblk1.genblk1.genblk1.genblk1.lut1 (4 -> 0)
  Optimizing lut $auto$abc_ops_reintegrate.cc:611:reintegrate$220768.genblk1.genblk1.genblk1.genblk1.genblk1.lut0 (4 -> 1)
  Optimizing lut $auto$abc_ops_reintegrate.cc:611:reintegrate$220777.genblk1.genblk1.genblk1.genblk1.genblk1.genblk1.lut0.genblk1.genblk1.genblk1.genblk1.genblk1.lut1 (4 -> 0)
  Optimizing lut $auto$abc_ops_reintegrate.cc:611:reintegrate$220770.genblk1.genblk1.genblk1.genblk1.genblk1.lut0 (4 -> 1)
  Optimizing lut $abc$220651$lut$aiger220650$20014.genblk1.genblk1.genblk1.genblk1.genblk1.genblk1.genblk1.lut0.genblk1.genblk1.genblk1.genblk1.genblk1.genblk1.lut1.genblk1.genblk1.genblk1.genblk1.genblk1.lut1 (4 -> 2)
  Optimizing lut $abc$220651$lut$aiger$o330.genblk1.genblk1.genblk1.genblk1.genblk1.genblk1.lut1.genblk1.genblk1.genblk1.genblk1.genblk1.lut0 (4 -> 0)
  Optimizing lut $abc$220651$lut$aiger220650$20023.genblk1.genblk1.genblk1.genblk1.genblk1.genblk1.lut1.genblk1.genblk1.genblk1.genblk1.genblk1.lut0 (4 -> 3)
  Optimizing lut $abc$220651$lut$aiger220650$12020.genblk1.genblk1.genblk1.genblk1.genblk1.lut0 (4 -> 0)
  Optimizing lut $abc$220651$lut$aiger$o1000.genblk1.genblk1.genblk1.genblk1.genblk1.genblk1.genblk1.genblk1.lut0.genblk1.genblk1.genblk1.genblk1.genblk1.genblk1.genblk1.lut0.genblk1.genblk1.genblk1.genblk1.genblk1.genblk1.lut0.genblk1.genblk1.genblk1.genblk1.genblk1.lut1 (4 -> 0)
  Optimizing lut $abc$220651$lut$aiger220650$20244.genblk1.genblk1.genblk1.genblk1.genblk1.lut0 (4 -> 0)
  Optimizing lut $abc$220651$lut$aiger220650$22246.genblk1.genblk1.genblk1.genblk1.genblk1.lut0 (4 -> 3)
  Optimizing lut $abc$220651$lut$aiger$o2726.genblk1.genblk1.genblk1.genblk1.genblk1.genblk1.genblk1.genblk1.lut0.genblk1.genblk1.genblk1.genblk1.genblk1.genblk1.genblk1.lut0.genblk1.genblk1.genblk1.genblk1.genblk1.genblk1.lut1.genblk1.genblk1.genblk1.genblk1.genblk1.lut1 (4 -> 1)
  Optimizing lut $abc$220651$lut$aiger220650$24491.genblk1.genblk1.genblk1.genblk1.genblk1.lut1 (4 -> 3)
  Optimizing lut $abc$220651$lut$aiger$o2402.genblk1.genblk1.genblk1.genblk1.genblk1.lut0 (4 -> 0)
  Optimizing lut $abc$220651$lut$aiger220650$15443.genblk1.genblk1.genblk1.genblk1.genblk1.genblk1.genblk1.lut0.genblk1.genblk1.genblk1.genblk1.genblk1.genblk1.lut1.genblk1.genblk1.genblk1.genblk1.genblk1.lut0 (4 -> 3)
  Optimizing lut $auto$abc_ops_reintegrate.cc:611:reintegrate$220655.genblk1.genblk1.genblk1.genblk1.genblk1.genblk1.genblk1.genblk1.lut1.genblk1.genblk1.genblk1.genblk1.genblk1.genblk1.genblk1.lut1.genblk1.genblk1.genblk1.genblk1.genblk1.genblk1.lut1.genblk1.genblk1.genblk1.genblk1.genblk1.lut1 (4 -> 0)
  Optimizing lut $abc$220651$lut$aiger220650$22200.genblk1.genblk1.genblk1.genblk1.genblk1.lut0 (4 -> 0)
  Optimizing lut $abc$220651$lut$aiger220650$15226.genblk1.genblk1.genblk1.genblk1.genblk1.genblk1.genblk1.lut1.genblk1.genblk1.genblk1.genblk1.genblk1.genblk1.lut1.genblk1.genblk1.genblk1.genblk1.genblk1.lut1 (4 -> 0)
  Optimizing lut $abc$220651$lut$aiger220650$24491.genblk1.genblk1.genblk1.genblk1.genblk1.lut0 (4 -> 3)
  Optimizing lut $auto$abc_ops_reintegrate.cc:611:reintegrate$220772.genblk1.genblk1.genblk1.genblk1.genblk1.lut0 (4 -> 1)
  Optimizing lut $abc$220651$lut$aiger220650$22224.genblk1.genblk1.genblk1.genblk1.genblk1.lut0 (4 -> 0)
  Optimizing lut $abc$220651$lut$aiger$o2726.genblk1.genblk1.genblk1.genblk1.genblk1.genblk1.genblk1.genblk1.lut1.genblk1.genblk1.genblk1.genblk1.genblk1.genblk1.genblk1.lut1.genblk1.genblk1.genblk1.genblk1.genblk1.genblk1.lut1.genblk1.genblk1.genblk1.genblk1.genblk1.lut1 (4 -> 3)
  Optimizing lut $auto$abc_ops_reintegrate.cc:611:reintegrate$220773.genblk1.genblk1.genblk1.genblk1.genblk1.lut0 (4 -> 1)
  Optimizing lut $abc$220651$lut$aiger220650$21597.genblk1.genblk1.genblk1.genblk1.genblk1.lut1 (4 -> 0)
  Optimizing lut $abc$220651$lut$aiger220650$20553.genblk1.genblk1.genblk1.genblk1.genblk1.lut1 (4 -> 0)
  Optimizing lut $abc$220651$lut$aiger220650$21508.genblk1.genblk1.genblk1.genblk1.genblk1.lut0 (4 -> 0)
  Optimizing lut $auto$abc_ops_reintegrate.cc:611:reintegrate$220684.genblk1.genblk1.genblk1.genblk1.genblk1.lut0 (4 -> 1)
  Optimizing lut $auto$abc_ops_reintegrate.cc:611:reintegrate$220774.genblk1.genblk1.genblk1.genblk1.genblk1.lut0 (4 -> 1)
  Optimizing lut $auto$abc_ops_reintegrate.cc:611:reintegrate$220693.genblk1.genblk1.genblk1.genblk1.genblk1.genblk1.lut0.genblk1.genblk1.genblk1.genblk1.genblk1.lut1 (4 -> 0)
  Optimizing lut $auto$abc_ops_reintegrate.cc:611:reintegrate$220686.genblk1.genblk1.genblk1.genblk1.genblk1.lut0 (4 -> 1)
  Optimizing lut $auto$abc_ops_reintegrate.cc:611:reintegrate$220687.genblk1.genblk1.genblk1.genblk1.genblk1.lut0 (4 -> 1)
  Optimizing lut $auto$abc_ops_reintegrate.cc:611:reintegrate$220688.genblk1.genblk1.genblk1.genblk1.genblk1.lut0 (4 -> 1)
  Optimizing lut $abc$220651$lut$aiger$o1615.genblk1.genblk1.genblk1.genblk1.genblk1.lut0 (4 -> 3)
  Optimizing lut $abc$220651$lut$aiger220650$15443.genblk1.genblk1.genblk1.genblk1.genblk1.genblk1.genblk1.lut0.genblk1.genblk1.genblk1.genblk1.genblk1.genblk1.lut1.genblk1.genblk1.genblk1.genblk1.genblk1.lut1 (4 -> 1)
  Optimizing lut $abc$220651$lut$aiger220650$18381.genblk1.genblk1.genblk1.genblk1.genblk1.lut0 (4 -> 0)
  Optimizing lut $auto$abc_ops_reintegrate.cc:611:reintegrate$220775.genblk1.genblk1.genblk1.genblk1.genblk1.lut0 (4 -> 1)
  Optimizing lut $auto$abc_ops_reintegrate.cc:611:reintegrate$220776.genblk1.genblk1.genblk1.genblk1.genblk1.lut0 (4 -> 1)
  Optimizing lut $auto$abc_ops_reintegrate.cc:611:reintegrate$220779.genblk1.genblk1.genblk1.genblk1.genblk1.genblk1.lut0.genblk1.genblk1.genblk1.genblk1.genblk1.lut1 (4 -> 0)
  Optimizing lut $auto$abc_ops_reintegrate.cc:611:reintegrate$220778.genblk1.genblk1.genblk1.genblk1.genblk1.lut0 (4 -> 1)
  Optimizing lut $auto$abc_ops_reintegrate.cc:611:reintegrate$220692.genblk1.genblk1.genblk1.genblk1.genblk1.lut0 (4 -> 1)
  Optimizing lut $auto$abc_ops_reintegrate.cc:611:reintegrate$220783.genblk1.genblk1.genblk1.genblk1.genblk1.genblk1.lut0.genblk1.genblk1.genblk1.genblk1.genblk1.lut1 (4 -> 0)
  Optimizing lut $abc$220651$lut$aiger220650$16978.genblk1.genblk1.genblk1.genblk1.genblk1.genblk1.genblk1.lut0.genblk1.genblk1.genblk1.genblk1.genblk1.genblk1.lut1.genblk1.genblk1.genblk1.genblk1.genblk1.lut0 (4 -> 3)
  Optimizing lut $abc$220651$lut$aiger$o2726.genblk1.genblk1.genblk1.genblk1.genblk1.genblk1.genblk1.genblk1.lut0.genblk1.genblk1.genblk1.genblk1.genblk1.genblk1.genblk1.lut0.genblk1.genblk1.genblk1.genblk1.genblk1.genblk1.lut0.genblk1.genblk1.genblk1.genblk1.genblk1.lut1 (4 -> 1)
  Optimizing lut $abc$220651$lut$aiger220650$22081.genblk1.genblk1.genblk1.genblk1.genblk1.lut0 (4 -> 2)
  Optimizing lut $abc$220651$lut$aiger220650$22085.genblk1.genblk1.genblk1.genblk1.genblk1.lut0 (4 -> 0)
  Optimizing lut $auto$abc_ops_reintegrate.cc:611:reintegrate$220782.genblk1.genblk1.genblk1.genblk1.genblk1.lut0 (4 -> 1)
  Optimizing lut $abc$220651$lut$aiger220650$20529.genblk1.genblk1.genblk1.genblk1.genblk1.lut1 (4 -> 0)
  Optimizing lut $auto$abc_ops_reintegrate.cc:611:reintegrate$220655.genblk1.genblk1.genblk1.genblk1.genblk1.genblk1.genblk1.genblk1.lut1.genblk1.genblk1.genblk1.genblk1.genblk1.genblk1.genblk1.lut0.genblk1.genblk1.genblk1.genblk1.genblk1.genblk1.lut1.genblk1.genblk1.genblk1.genblk1.genblk1.lut1 (4 -> 0)
  Optimizing lut $auto$abc_ops_reintegrate.cc:611:reintegrate$220787.genblk1.genblk1.genblk1.genblk1.genblk1.genblk1.lut0.genblk1.genblk1.genblk1.genblk1.genblk1.lut1 (4 -> 0)
  Optimizing lut $auto$abc_ops_reintegrate.cc:611:reintegrate$220784.genblk1.genblk1.genblk1.genblk1.genblk1.lut0 (4 -> 1)
  Optimizing lut $abc$220651$lut$aiger$o346.genblk1.genblk1.genblk1.genblk1.genblk1.genblk1.lut1.genblk1.genblk1.genblk1.genblk1.genblk1.lut0 (4 -> 0)
  Optimizing lut $auto$abc_ops_reintegrate.cc:611:reintegrate$220785.genblk1.genblk1.genblk1.genblk1.genblk1.lut0 (4 -> 1)
  Optimizing lut $auto$abc_ops_reintegrate.cc:611:reintegrate$220843.genblk1.genblk1.genblk1.genblk1.genblk1.lut0 (4 -> 3)
  Optimizing lut $auto$abc_ops_reintegrate.cc:611:reintegrate$220786.genblk1.genblk1.genblk1.genblk1.genblk1.lut0 (4 -> 1)
  Optimizing lut $auto$abc_ops_reintegrate.cc:611:reintegrate$220791.genblk1.genblk1.genblk1.genblk1.genblk1.genblk1.lut0.genblk1.genblk1.genblk1.genblk1.genblk1.lut1 (4 -> 0)
  Optimizing lut $auto$abc_ops_reintegrate.cc:611:reintegrate$220788.genblk1.genblk1.genblk1.genblk1.genblk1.lut0 (4 -> 1)
  Optimizing lut $auto$abc_ops_reintegrate.cc:611:reintegrate$220789.genblk1.genblk1.genblk1.genblk1.genblk1.lut0 (4 -> 1)
  Optimizing lut $abc$220651$lut$aiger220650$17093.genblk1.genblk1.genblk1.genblk1.genblk1.genblk1.lut1.genblk1.genblk1.genblk1.genblk1.genblk1.lut0 (4 -> 0)
  Optimizing lut $auto$abc_ops_reintegrate.cc:611:reintegrate$220790.genblk1.genblk1.genblk1.genblk1.genblk1.lut0 (4 -> 1)
  Optimizing lut $auto$abc_ops_reintegrate.cc:611:reintegrate$220798.genblk1.genblk1.genblk1.genblk1.genblk1.genblk1.lut0.genblk1.genblk1.genblk1.genblk1.genblk1.lut1 (4 -> 0)
  Optimizing lut $auto$abc_ops_reintegrate.cc:611:reintegrate$220792.genblk1.genblk1.genblk1.genblk1.genblk1.lut0 (4 -> 1)
  Optimizing lut $auto$abc_ops_reintegrate.cc:611:reintegrate$220793.genblk1.genblk1.genblk1.genblk1.genblk1.lut0 (4 -> 1)
  Optimizing lut $abc$220651$lut$aiger$o4884.genblk1.genblk1.genblk1.genblk1.genblk1.lut0 (4 -> 0)
  Optimizing lut $abc$220651$lut$aiger$o342.genblk1.genblk1.genblk1.genblk1.genblk1.genblk1.lut1.genblk1.genblk1.genblk1.genblk1.genblk1.lut0 (4 -> 0)
  Optimizing lut $auto$abc_ops_reintegrate.cc:611:reintegrate$220695.genblk1.genblk1.genblk1.genblk1.genblk1.genblk1.lut0.genblk1.genblk1.genblk1.genblk1.genblk1.lut1 (4 -> 0)
  Optimizing lut $auto$abc_ops_reintegrate.cc:611:reintegrate$220694.genblk1.genblk1.genblk1.genblk1.genblk1.lut0 (4 -> 1)
  Optimizing lut $auto$abc_ops_reintegrate.cc:611:reintegrate$220794.genblk1.genblk1.genblk1.genblk1.genblk1.lut0 (4 -> 1)
  Optimizing lut $auto$abc_ops_reintegrate.cc:611:reintegrate$220705.genblk1.genblk1.genblk1.genblk1.genblk1.genblk1.lut0.genblk1.genblk1.genblk1.genblk1.genblk1.lut1 (4 -> 0)
  Optimizing lut $auto$abc_ops_reintegrate.cc:611:reintegrate$220795.genblk1.genblk1.genblk1.genblk1.genblk1.lut0 (4 -> 1)
  Optimizing lut $auto$abc_ops_reintegrate.cc:611:reintegrate$220836.genblk1.genblk1.genblk1.genblk1.genblk1.genblk1.lut1.genblk1.genblk1.genblk1.genblk1.genblk1.lut1 (4 -> 0)
  Optimizing lut $auto$abc_ops_reintegrate.cc:611:reintegrate$220834.genblk1.genblk1.genblk1.genblk1.genblk1.genblk1.lut1.genblk1.genblk1.genblk1.genblk1.genblk1.lut1 (4 -> 0)
  Optimizing lut $abc$220651$lut$aiger$o3275.genblk1.genblk1.genblk1.genblk1.genblk1.lut1 (4 -> 2)
  Optimizing lut $auto$abc_ops_reintegrate.cc:611:reintegrate$220830.genblk1.genblk1.genblk1.genblk1.genblk1.genblk1.lut1.genblk1.genblk1.genblk1.genblk1.genblk1.lut1 (4 -> 0)
  Optimizing lut $auto$abc_ops_reintegrate.cc:611:reintegrate$220826.genblk1.genblk1.genblk1.genblk1.genblk1.genblk1.lut1.genblk1.genblk1.genblk1.genblk1.genblk1.lut1 (4 -> 0)
  Optimizing lut $abc$220651$lut$aiger220650$22205.genblk1.genblk1.genblk1.genblk1.genblk1.lut1 (4 -> 0)
  Optimizing lut $auto$abc_ops_reintegrate.cc:611:reintegrate$220796.genblk1.genblk1.genblk1.genblk1.genblk1.lut0 (4 -> 1)
  Optimizing lut $auto$abc_ops_reintegrate.cc:611:reintegrate$220703.genblk1.genblk1.genblk1.genblk1.genblk1.lut0 (4 -> 1)
  Optimizing lut $abc$220651$lut$aiger220650$22356.genblk1.genblk1.genblk1.genblk1.genblk1.lut1 (4 -> 3)
  Optimizing lut $abc$220651$lut$aiger220650$17069.genblk1.genblk1.genblk1.genblk1.genblk1.genblk1.lut0.genblk1.genblk1.genblk1.genblk1.genblk1.lut1 (4 -> 3)
  Optimizing lut $abc$220651$lut$aiger$o3296.genblk1.genblk1.genblk1.genblk1.genblk1.genblk1.lut0.genblk1.genblk1.genblk1.genblk1.genblk1.lut1 (4 -> 1)
  Optimizing lut $auto$abc_ops_reintegrate.cc:611:reintegrate$220704.genblk1.genblk1.genblk1.genblk1.genblk1.lut0 (4 -> 1)
  Optimizing lut $auto$abc_ops_reintegrate.cc:611:reintegrate$220819.genblk1.genblk1.genblk1.genblk1.genblk1.genblk1.lut1.genblk1.genblk1.genblk1.genblk1.genblk1.lut1 (4 -> 0)
  Optimizing lut $auto$abc_ops_reintegrate.cc:611:reintegrate$220797.genblk1.genblk1.genblk1.genblk1.genblk1.lut0 (4 -> 1)
  Optimizing lut $auto$abc_ops_reintegrate.cc:611:reintegrate$220709.genblk1.genblk1.genblk1.genblk1.genblk1.genblk1.lut0.genblk1.genblk1.genblk1.genblk1.genblk1.lut1 (4 -> 0)
  Optimizing lut $abc$220651$lut$aiger$o346.genblk1.genblk1.genblk1.genblk1.genblk1.genblk1.lut0.genblk1.genblk1.genblk1.genblk1.genblk1.lut1 (4 -> 0)
  Optimizing lut $auto$abc_ops_reintegrate.cc:611:reintegrate$220815.genblk1.genblk1.genblk1.genblk1.genblk1.genblk1.lut1.genblk1.genblk1.genblk1.genblk1.genblk1.lut1 (4 -> 0)
  Optimizing lut $auto$abc_ops_reintegrate.cc:611:reintegrate$220706.genblk1.genblk1.genblk1.genblk1.genblk1.lut0 (4 -> 1)
  Optimizing lut $abc$220651$lut$aiger220650$21945.genblk1.genblk1.genblk1.genblk1.genblk1.lut0 (4 -> 0)
  Optimizing lut $auto$abc_ops_reintegrate.cc:611:reintegrate$220707.genblk1.genblk1.genblk1.genblk1.genblk1.lut0 (4 -> 1)
  Optimizing lut $auto$abc_ops_reintegrate.cc:611:reintegrate$220811.genblk1.genblk1.genblk1.genblk1.genblk1.genblk1.lut1.genblk1.genblk1.genblk1.genblk1.genblk1.lut1 (4 -> 0)
  Optimizing lut $auto$abc_ops_reintegrate.cc:611:reintegrate$220808.genblk1.genblk1.genblk1.genblk1.genblk1.genblk1.lut1.genblk1.genblk1.genblk1.genblk1.genblk1.lut1 (4 -> 0)
  Optimizing lut $auto$abc_ops_reintegrate.cc:611:reintegrate$220708.genblk1.genblk1.genblk1.genblk1.genblk1.lut0 (4 -> 1)
  Optimizing lut $auto$abc_ops_reintegrate.cc:611:reintegrate$220802.genblk1.genblk1.genblk1.genblk1.genblk1.genblk1.lut0.genblk1.genblk1.genblk1.genblk1.genblk1.lut1 (4 -> 0)
  Optimizing lut $auto$abc_ops_reintegrate.cc:611:reintegrate$220799.genblk1.genblk1.genblk1.genblk1.genblk1.lut0 (4 -> 1)
  Optimizing lut $auto$abc_ops_reintegrate.cc:611:reintegrate$220806.genblk1.genblk1.genblk1.genblk1.genblk1.genblk1.lut1.genblk1.genblk1.genblk1.genblk1.genblk1.lut1 (4 -> 0)
  Optimizing lut $auto$abc_ops_reintegrate.cc:611:reintegrate$220802.genblk1.genblk1.genblk1.genblk1.genblk1.genblk1.lut1.genblk1.genblk1.genblk1.genblk1.genblk1.lut1 (4 -> 0)
  Optimizing lut $auto$abc_ops_reintegrate.cc:611:reintegrate$220713.genblk1.genblk1.genblk1.genblk1.genblk1.genblk1.lut0.genblk1.genblk1.genblk1.genblk1.genblk1.lut1 (4 -> 0)
  Optimizing lut $auto$abc_ops_reintegrate.cc:611:reintegrate$220800.genblk1.genblk1.genblk1.genblk1.genblk1.lut0 (4 -> 1)
  Optimizing lut $auto$abc_ops_reintegrate.cc:611:reintegrate$220710.genblk1.genblk1.genblk1.genblk1.genblk1.lut0 (4 -> 1)
  Optimizing lut $auto$abc_ops_reintegrate.cc:611:reintegrate$220798.genblk1.genblk1.genblk1.genblk1.genblk1.genblk1.lut1.genblk1.genblk1.genblk1.genblk1.genblk1.lut1 (4 -> 0)
  Optimizing lut $auto$abc_ops_reintegrate.cc:611:reintegrate$220801.genblk1.genblk1.genblk1.genblk1.genblk1.lut0 (4 -> 1)
  Optimizing lut $auto$abc_ops_reintegrate.cc:611:reintegrate$220712.genblk1.genblk1.genblk1.genblk1.genblk1.lut0 (4 -> 1)
  Optimizing lut $auto$abc_ops_reintegrate.cc:611:reintegrate$220720.genblk1.genblk1.genblk1.genblk1.genblk1.genblk1.lut0.genblk1.genblk1.genblk1.genblk1.genblk1.lut1 (4 -> 0)
  Optimizing lut $auto$abc_ops_reintegrate.cc:611:reintegrate$220791.genblk1.genblk1.genblk1.genblk1.genblk1.genblk1.lut1.genblk1.genblk1.genblk1.genblk1.genblk1.lut1 (4 -> 0)
  Optimizing lut $auto$abc_ops_reintegrate.cc:611:reintegrate$220787.genblk1.genblk1.genblk1.genblk1.genblk1.genblk1.lut1.genblk1.genblk1.genblk1.genblk1.genblk1.lut1 (4 -> 0)
  Optimizing lut $auto$abc_ops_reintegrate.cc:611:reintegrate$220715.genblk1.genblk1.genblk1.genblk1.genblk1.lut0 (4 -> 1)
  Optimizing lut $auto$abc_ops_reintegrate.cc:611:reintegrate$220806.genblk1.genblk1.genblk1.genblk1.genblk1.genblk1.lut0.genblk1.genblk1.genblk1.genblk1.genblk1.lut1 (4 -> 0)
  Optimizing lut $abc$220651$lut$aiger220650$17855.genblk1.genblk1.genblk1.genblk1.genblk1.genblk1.genblk1.genblk1.lut0.genblk1.genblk1.genblk1.genblk1.genblk1.genblk1.genblk1.lut0.genblk1.genblk1.genblk1.genblk1.genblk1.genblk1.lut1.genblk1.genblk1.genblk1.genblk1.genblk1.lut1 (4 -> 3)
  Optimizing lut $auto$abc_ops_reintegrate.cc:611:reintegrate$220803.genblk1.genblk1.genblk1.genblk1.genblk1.lut0 (4 -> 1)
  Optimizing lut $auto$abc_ops_reintegrate.cc:611:reintegrate$220783.genblk1.genblk1.genblk1.genblk1.genblk1.genblk1.lut1.genblk1.genblk1.genblk1.genblk1.genblk1.lut1 (4 -> 0)
  Optimizing lut $auto$abc_ops_reintegrate.cc:611:reintegrate$220779.genblk1.genblk1.genblk1.genblk1.genblk1.genblk1.lut1.genblk1.genblk1.genblk1.genblk1.genblk1.lut1 (4 -> 0)
  Optimizing lut $auto$abc_ops_reintegrate.cc:611:reintegrate$220717.genblk1.genblk1.genblk1.genblk1.genblk1.lut0 (4 -> 1)
  Optimizing lut $auto$abc_ops_reintegrate.cc:611:reintegrate$220804.genblk1.genblk1.genblk1.genblk1.genblk1.lut0 (4 -> 1)
  Optimizing lut $auto$abc_ops_reintegrate.cc:611:reintegrate$220777.genblk1.genblk1.genblk1.genblk1.genblk1.genblk1.lut1.genblk1.genblk1.genblk1.genblk1.genblk1.lut1 (4 -> 0)
  Optimizing lut $abc$220651$lut$aiger$o322.genblk1.genblk1.genblk1.genblk1.genblk1.genblk1.lut1.genblk1.genblk1.genblk1.genblk1.genblk1.lut0 (4 -> 0)
  Optimizing lut $auto$abc_ops_reintegrate.cc:611:reintegrate$220805.genblk1.genblk1.genblk1.genblk1.genblk1.lut0 (4 -> 1)
  Optimizing lut $auto$abc_ops_reintegrate.cc:611:reintegrate$220718.genblk1.genblk1.genblk1.genblk1.genblk1.lut0 (4 -> 1)
  Optimizing lut $abc$220651$lut$aiger220650$20505.genblk1.genblk1.genblk1.genblk1.genblk1.lut1 (4 -> 0)
  Optimizing lut $auto$abc_ops_reintegrate.cc:611:reintegrate$220719.genblk1.genblk1.genblk1.genblk1.genblk1.lut0 (4 -> 1)
  Optimizing lut $auto$abc_ops_reintegrate.cc:611:reintegrate$220769.genblk1.genblk1.genblk1.genblk1.genblk1.genblk1.lut1.genblk1.genblk1.genblk1.genblk1.genblk1.lut1 (4 -> 0)
  Optimizing lut $auto$abc_ops_reintegrate.cc:611:reintegrate$220728.genblk1.genblk1.genblk1.genblk1.genblk1.genblk1.lut0.genblk1.genblk1.genblk1.genblk1.genblk1.lut1 (4 -> 0)
  Optimizing lut $auto$abc_ops_reintegrate.cc:611:reintegrate$220767.genblk1.genblk1.genblk1.genblk1.genblk1.genblk1.lut1.genblk1.genblk1.genblk1.genblk1.genblk1.lut1 (4 -> 0)
  Optimizing lut $auto$abc_ops_reintegrate.cc:611:reintegrate$220721.genblk1.genblk1.genblk1.genblk1.genblk1.lut0 (4 -> 1)
  Optimizing lut $auto$abc_ops_reintegrate.cc:611:reintegrate$220808.genblk1.genblk1.genblk1.genblk1.genblk1.genblk1.lut0.genblk1.genblk1.genblk1.genblk1.genblk1.lut1 (4 -> 0)
  Optimizing lut $abc$220651$lut$aiger$o342.genblk1.genblk1.genblk1.genblk1.genblk1.genblk1.lut0.genblk1.genblk1.genblk1.genblk1.genblk1.lut1 (4 -> 0)
  Optimizing lut $auto$abc_ops_reintegrate.cc:611:reintegrate$220807.genblk1.genblk1.genblk1.genblk1.genblk1.lut0 (4 -> 1)
  Optimizing lut $auto$abc_ops_reintegrate.cc:611:reintegrate$220722.genblk1.genblk1.genblk1.genblk1.genblk1.lut0 (4 -> 1)
  Optimizing lut $auto$abc_ops_reintegrate.cc:611:reintegrate$220811.genblk1.genblk1.genblk1.genblk1.genblk1.genblk1.lut0.genblk1.genblk1.genblk1.genblk1.genblk1.lut1 (4 -> 0)
  Optimizing lut $auto$abc_ops_reintegrate.cc:611:reintegrate$220758.genblk1.genblk1.genblk1.genblk1.genblk1.genblk1.lut1.genblk1.genblk1.genblk1.genblk1.genblk1.lut1 (4 -> 0)
  Optimizing lut $abc$220651$lut$aiger220650$20649.genblk1.genblk1.genblk1.genblk1.genblk1.lut1 (4 -> 0)
  Optimizing lut $auto$abc_ops_reintegrate.cc:611:reintegrate$220809.genblk1.genblk1.genblk1.genblk1.genblk1.lut0 (4 -> 1)
  Optimizing lut $auto$abc_ops_reintegrate.cc:611:reintegrate$220756.genblk1.genblk1.genblk1.genblk1.genblk1.genblk1.lut1.genblk1.genblk1.genblk1.genblk1.genblk1.lut1 (4 -> 0)
  Optimizing lut $auto$abc_ops_reintegrate.cc:611:reintegrate$220724.genblk1.genblk1.genblk1.genblk1.genblk1.lut0 (4 -> 1)
  Optimizing lut $auto$abc_ops_reintegrate.cc:611:reintegrate$220752.genblk1.genblk1.genblk1.genblk1.genblk1.genblk1.lut1.genblk1.genblk1.genblk1.genblk1.genblk1.lut1 (4 -> 0)
  Optimizing lut $auto$abc_ops_reintegrate.cc:611:reintegrate$220726.genblk1.genblk1.genblk1.genblk1.genblk1.lut0 (4 -> 1)
  Optimizing lut $auto$abc_ops_reintegrate.cc:611:reintegrate$220727.genblk1.genblk1.genblk1.genblk1.genblk1.lut0 (4 -> 1)
  Optimizing lut $auto$abc_ops_reintegrate.cc:611:reintegrate$220748.genblk1.genblk1.genblk1.genblk1.genblk1.genblk1.lut1.genblk1.genblk1.genblk1.genblk1.genblk1.lut1 (4 -> 0)
  Optimizing lut $auto$abc_ops_reintegrate.cc:611:reintegrate$220730.genblk1.genblk1.genblk1.genblk1.genblk1.genblk1.lut0.genblk1.genblk1.genblk1.genblk1.genblk1.lut1 (4 -> 0)
  Optimizing lut $auto$abc_ops_reintegrate.cc:611:reintegrate$220729.genblk1.genblk1.genblk1.genblk1.genblk1.lut0 (4 -> 1)
  Optimizing lut $auto$abc_ops_reintegrate.cc:611:reintegrate$220733.genblk1.genblk1.genblk1.genblk1.genblk1.genblk1.lut0.genblk1.genblk1.genblk1.genblk1.genblk1.lut1 (4 -> 0)
  Optimizing lut $auto$abc_ops_reintegrate.cc:611:reintegrate$220741.genblk1.genblk1.genblk1.genblk1.genblk1.genblk1.lut1.genblk1.genblk1.genblk1.genblk1.genblk1.lut1 (4 -> 0)
  Optimizing lut $auto$abc_ops_reintegrate.cc:611:reintegrate$220731.genblk1.genblk1.genblk1.genblk1.genblk1.lut0 (4 -> 1)
  Optimizing lut $abc$220651$lut$aiger$o6235.genblk1.genblk1.genblk1.genblk1.genblk1.lut1 (4 -> 2)
  Optimizing lut $abc$220651$lut$aiger220650$17422.genblk1.genblk1.genblk1.genblk1.genblk1.lut0 (4 -> 3)
  Optimizing lut $abc$220651$lut$aiger220650$15968.genblk1.genblk1.genblk1.genblk1.genblk1.genblk1.genblk1.lut0.genblk1.genblk1.genblk1.genblk1.genblk1.genblk1.lut1.genblk1.genblk1.genblk1.genblk1.genblk1.lut1 (4 -> 2)
  Optimizing lut $auto$abc_ops_reintegrate.cc:611:reintegrate$220737.genblk1.genblk1.genblk1.genblk1.genblk1.genblk1.lut1.genblk1.genblk1.genblk1.genblk1.genblk1.lut1 (4 -> 0)
  Optimizing lut $abc$220651$lut$aiger220650$20481.genblk1.genblk1.genblk1.genblk1.genblk1.lut1 (4 -> 0)
  Optimizing lut $abc$220651$lut$aiger$o6235.genblk1.genblk1.genblk1.genblk1.genblk1.lut0 (4 -> 3)
  Optimizing lut $auto$abc_ops_reintegrate.cc:611:reintegrate$220733.genblk1.genblk1.genblk1.genblk1.genblk1.genblk1.lut1.genblk1.genblk1.genblk1.genblk1.genblk1.lut1 (4 -> 0)
  Optimizing lut $abc$220651$lut$aiger220650$20014.genblk1.genblk1.genblk1.genblk1.genblk1.genblk1.genblk1.lut0.genblk1.genblk1.genblk1.genblk1.genblk1.genblk1.lut1.genblk1.genblk1.genblk1.genblk1.genblk1.lut0 (4 -> 2)
  Optimizing lut $auto$abc_ops_reintegrate.cc:611:reintegrate$220815.genblk1.genblk1.genblk1.genblk1.genblk1.genblk1.lut0.genblk1.genblk1.genblk1.genblk1.genblk1.lut1 (4 -> 0)
  Optimizing lut $auto$abc_ops_reintegrate.cc:611:reintegrate$220732.genblk1.genblk1.genblk1.genblk1.genblk1.lut0 (4 -> 1)
  Optimizing lut $auto$abc_ops_reintegrate.cc:611:reintegrate$220730.genblk1.genblk1.genblk1.genblk1.genblk1.genblk1.lut1.genblk1.genblk1.genblk1.genblk1.genblk1.lut1 (4 -> 0)
  Optimizing lut $auto$abc_ops_reintegrate.cc:611:reintegrate$220812.genblk1.genblk1.genblk1.genblk1.genblk1.lut0 (4 -> 1)
  Optimizing lut $auto$abc_ops_reintegrate.cc:611:reintegrate$220728.genblk1.genblk1.genblk1.genblk1.genblk1.genblk1.lut1.genblk1.genblk1.genblk1.genblk1.genblk1.lut1 (4 -> 0)
  Optimizing lut $auto$abc_ops_reintegrate.cc:611:reintegrate$220737.genblk1.genblk1.genblk1.genblk1.genblk1.genblk1.lut0.genblk1.genblk1.genblk1.genblk1.genblk1.lut1 (4 -> 0)
  Optimizing lut $auto$abc_ops_reintegrate.cc:611:reintegrate$220813.genblk1.genblk1.genblk1.genblk1.genblk1.lut0 (4 -> 1)
  Optimizing lut $auto$abc_ops_reintegrate.cc:611:reintegrate$220734.genblk1.genblk1.genblk1.genblk1.genblk1.lut0 (4 -> 1)
  Optimizing lut $auto$abc_ops_reintegrate.cc:611:reintegrate$220835.genblk1.genblk1.genblk1.genblk1.genblk1.lut0 (4 -> 1)
  Optimizing lut $auto$abc_ops_reintegrate.cc:611:reintegrate$220720.genblk1.genblk1.genblk1.genblk1.genblk1.genblk1.lut1.genblk1.genblk1.genblk1.genblk1.genblk1.lut1 (4 -> 0)
  Optimizing lut $auto$abc_ops_reintegrate.cc:611:reintegrate$220814.genblk1.genblk1.genblk1.genblk1.genblk1.lut0 (4 -> 1)
  Optimizing lut $auto$abc_ops_reintegrate.cc:611:reintegrate$220735.genblk1.genblk1.genblk1.genblk1.genblk1.lut0 (4 -> 1)
  Optimizing lut $abc$220651$lut$aiger220650$21784.genblk1.genblk1.genblk1.genblk1.genblk1.lut0 (4 -> 0)
  Optimizing lut $abc$220651$lut$aiger220650$20286.genblk1.genblk1.genblk1.genblk1.genblk1.lut0 (4 -> 0)
  Optimizing lut $auto$abc_ops_reintegrate.cc:611:reintegrate$220736.genblk1.genblk1.genblk1.genblk1.genblk1.lut0 (4 -> 1)
  Optimizing lut $auto$abc_ops_reintegrate.cc:611:reintegrate$220713.genblk1.genblk1.genblk1.genblk1.genblk1.genblk1.lut1.genblk1.genblk1.genblk1.genblk1.genblk1.lut1 (4 -> 0)
  Optimizing lut $auto$abc_ops_reintegrate.cc:611:reintegrate$220709.genblk1.genblk1.genblk1.genblk1.genblk1.genblk1.lut1.genblk1.genblk1.genblk1.genblk1.genblk1.lut1 (4 -> 0)
  Optimizing lut $auto$abc_ops_reintegrate.cc:611:reintegrate$220741.genblk1.genblk1.genblk1.genblk1.genblk1.genblk1.lut0.genblk1.genblk1.genblk1.genblk1.genblk1.lut1 (4 -> 0)
  Optimizing lut $abc$220651$lut$aiger$o5013.genblk1.genblk1.genblk1.genblk1.genblk1.lut0 (4 -> 0)
  Optimizing lut $auto$abc_ops_reintegrate.cc:611:reintegrate$220738.genblk1.genblk1.genblk1.genblk1.genblk1.lut0 (4 -> 1)
  Optimizing lut $auto$abc_ops_reintegrate.cc:611:reintegrate$220819.genblk1.genblk1.genblk1.genblk1.genblk1.genblk1.lut0.genblk1.genblk1.genblk1.genblk1.genblk1.lut1 (4 -> 0)
  Optimizing lut $auto$abc_ops_reintegrate.cc:611:reintegrate$220705.genblk1.genblk1.genblk1.genblk1.genblk1.genblk1.lut1.genblk1.genblk1.genblk1.genblk1.genblk1.lut1 (4 -> 0)
  Optimizing lut $auto$abc_ops_reintegrate.cc:611:reintegrate$220739.genblk1.genblk1.genblk1.genblk1.genblk1.lut0 (4 -> 1)
  Optimizing lut $auto$abc_ops_reintegrate.cc:611:reintegrate$220816.genblk1.genblk1.genblk1.genblk1.genblk1.lut0 (4 -> 1)
  Optimizing lut $abc$220651$lut$aiger220650$21799.genblk1.genblk1.genblk1.genblk1.genblk1.lut0 (4 -> 0)
  Optimizing lut $auto$abc_ops_reintegrate.cc:611:reintegrate$220740.genblk1.genblk1.genblk1.genblk1.genblk1.lut0 (4 -> 1)
  Optimizing lut $auto$abc_ops_reintegrate.cc:611:reintegrate$220817.genblk1.genblk1.genblk1.genblk1.genblk1.lut0 (4 -> 1)
  Optimizing lut $auto$abc_ops_reintegrate.cc:611:reintegrate$220844.genblk1.genblk1.genblk1.genblk1.genblk1.lut1 (4 -> 2)
  Optimizing lut $abc$220651$lut$aiger220650$17855.genblk1.genblk1.genblk1.genblk1.genblk1.genblk1.genblk1.genblk1.lut0.genblk1.genblk1.genblk1.genblk1.genblk1.genblk1.genblk1.lut0.genblk1.genblk1.genblk1.genblk1.genblk1.genblk1.lut0.genblk1.genblk1.genblk1.genblk1.genblk1.lut1 (4 -> 2)
  Optimizing lut $auto$abc_ops_reintegrate.cc:611:reintegrate$220748.genblk1.genblk1.genblk1.genblk1.genblk1.genblk1.lut0.genblk1.genblk1.genblk1.genblk1.genblk1.lut1 (4 -> 0)
  Optimizing lut $auto$abc_ops_reintegrate.cc:611:reintegrate$220695.genblk1.genblk1.genblk1.genblk1.genblk1.genblk1.lut1.genblk1.genblk1.genblk1.genblk1.genblk1.lut1 (4 -> 0)
  Optimizing lut $auto$abc_ops_reintegrate.cc:611:reintegrate$220693.genblk1.genblk1.genblk1.genblk1.genblk1.genblk1.lut1.genblk1.genblk1.genblk1.genblk1.genblk1.lut1 (4 -> 0)
  Optimizing lut $auto$abc_ops_reintegrate.cc:611:reintegrate$220742.genblk1.genblk1.genblk1.genblk1.genblk1.lut0 (4 -> 1)
  Optimizing lut $auto$abc_ops_reintegrate.cc:611:reintegrate$220691.genblk1.genblk1.genblk1.genblk1.genblk1.lut1 (4 -> 3)
  Optimizing lut $auto$abc_ops_reintegrate.cc:611:reintegrate$220818.genblk1.genblk1.genblk1.genblk1.genblk1.lut0 (4 -> 1)
  Optimizing lut $auto$abc_ops_reintegrate.cc:611:reintegrate$220690.genblk1.genblk1.genblk1.genblk1.genblk1.lut1 (4 -> 3)
  Optimizing lut $auto$abc_ops_reintegrate.cc:611:reintegrate$220689.genblk1.genblk1.genblk1.genblk1.genblk1.lut1 (4 -> 3)
  Optimizing lut $auto$abc_ops_reintegrate.cc:611:reintegrate$220743.genblk1.genblk1.genblk1.genblk1.genblk1.lut0 (4 -> 1)
  Optimizing lut $abc$220651$lut$aiger$o2282.genblk1.genblk1.genblk1.genblk1.genblk1.lut1 (4 -> 1)
  Optimizing lut $abc$220651$lut$aiger220650$20023.genblk1.genblk1.genblk1.genblk1.genblk1.genblk1.lut0.genblk1.genblk1.genblk1.genblk1.genblk1.lut1 (4 -> 3)
  Optimizing lut $auto$abc_ops_reintegrate.cc:611:reintegrate$220744.genblk1.genblk1.genblk1.genblk1.genblk1.lut0 (4 -> 1)
  Optimizing lut $abc$220651$lut$aiger220650$18007.genblk1.genblk1.genblk1.genblk1.genblk1.genblk1.genblk1.genblk1.lut0.genblk1.genblk1.genblk1.genblk1.genblk1.genblk1.genblk1.lut0.genblk1.genblk1.genblk1.genblk1.genblk1.genblk1.lut1.genblk1.genblk1.genblk1.genblk1.genblk1.lut1 (4 -> 0)
  Optimizing lut $auto$abc_ops_reintegrate.cc:611:reintegrate$220745.genblk1.genblk1.genblk1.genblk1.genblk1.lut0 (4 -> 1)
  Optimizing lut $auto$abc_ops_reintegrate.cc:611:reintegrate$220685.genblk1.genblk1.genblk1.genblk1.genblk1.genblk1.lut1.genblk1.genblk1.genblk1.genblk1.genblk1.lut1 (4 -> 0)
  Optimizing lut $abc$220651$lut$aiger220650$24541.genblk1.genblk1.genblk1.genblk1.genblk1.lut1 (4 -> 0)
  Optimizing lut $auto$abc_ops_reintegrate.cc:611:reintegrate$220683.genblk1.genblk1.genblk1.genblk1.genblk1.lut0 (4 -> 1)
  Optimizing lut $auto$abc_ops_reintegrate.cc:611:reintegrate$220826.genblk1.genblk1.genblk1.genblk1.genblk1.genblk1.lut0.genblk1.genblk1.genblk1.genblk1.genblk1.lut1 (4 -> 0)
  Optimizing lut $auto$abc_ops_reintegrate.cc:611:reintegrate$220820.genblk1.genblk1.genblk1.genblk1.genblk1.lut0 (4 -> 1)
  Optimizing lut $auto$abc_ops_reintegrate.cc:611:reintegrate$220746.genblk1.genblk1.genblk1.genblk1.genblk1.lut0 (4 -> 1)
  Optimizing lut $abc$220651$lut$aiger220650$20202.genblk1.genblk1.genblk1.genblk1.genblk1.lut0 (4 -> 0)
  Optimizing lut $auto$abc_ops_reintegrate.cc:611:reintegrate$220747.genblk1.genblk1.genblk1.genblk1.genblk1.lut0 (4 -> 1)
  Optimizing lut $auto$abc_ops_reintegrate.cc:611:reintegrate$220821.genblk1.genblk1.genblk1.genblk1.genblk1.lut0 (4 -> 1)
  Optimizing lut $abc$220651$lut$aiger$o2282.genblk1.genblk1.genblk1.genblk1.genblk1.lut0 (4 -> 3)
  Optimizing lut $auto$abc_ops_reintegrate.cc:611:reintegrate$220752.genblk1.genblk1.genblk1.genblk1.genblk1.genblk1.lut0.genblk1.genblk1.genblk1.genblk1.genblk1.lut1 (4 -> 0)
  Optimizing lut $auto$abc_ops_reintegrate.cc:611:reintegrate$220749.genblk1.genblk1.genblk1.genblk1.genblk1.lut0 (4 -> 1)
  Optimizing lut $auto$abc_ops_reintegrate.cc:611:reintegrate$220822.genblk1.genblk1.genblk1.genblk1.genblk1.lut0 (4 -> 1)
  Optimizing lut $auto$abc_ops_reintegrate.cc:611:reintegrate$220750.genblk1.genblk1.genblk1.genblk1.genblk1.lut0 (4 -> 1)
  Optimizing lut $auto$abc_ops_reintegrate.cc:611:reintegrate$220823.genblk1.genblk1.genblk1.genblk1.genblk1.lut0 (4 -> 1)
  Optimizing lut $abc$220651$lut$aiger220650$18047.genblk1.genblk1.genblk1.genblk1.genblk1.genblk1.genblk1.lut0.genblk1.genblk1.genblk1.genblk1.genblk1.genblk1.lut0.genblk1.genblk1.genblk1.genblk1.genblk1.lut1 (4 -> 0)
  Optimizing lut $auto$abc_ops_reintegrate.cc:611:reintegrate$220751.genblk1.genblk1.genblk1.genblk1.genblk1.lut0 (4 -> 1)
  Optimizing lut $abc$220651$lut$aiger$o318.genblk1.genblk1.genblk1.genblk1.genblk1.genblk1.lut1.genblk1.genblk1.genblk1.genblk1.genblk1.lut0 (4 -> 0)
  Optimizing lut $abc$220651$lut$aiger220650$18040.genblk1.genblk1.genblk1.genblk1.genblk1.lut0 (4 -> 0)
  Optimizing lut $auto$abc_ops_reintegrate.cc:611:reintegrate$220756.genblk1.genblk1.genblk1.genblk1.genblk1.genblk1.lut0.genblk1.genblk1.genblk1.genblk1.genblk1.lut1 (4 -> 0)
  Optimizing lut $auto$abc_ops_reintegrate.cc:611:reintegrate$220753.genblk1.genblk1.genblk1.genblk1.genblk1.lut0 (4 -> 1)
  Optimizing lut $abc$220651$lut$aiger220650$18047.genblk1.genblk1.genblk1.genblk1.genblk1.genblk1.genblk1.lut0.genblk1.genblk1.genblk1.genblk1.genblk1.genblk1.lut1.genblk1.genblk1.genblk1.genblk1.genblk1.lut1 (4 -> 0)
  Optimizing lut $auto$abc_ops_reintegrate.cc:611:reintegrate$220655.genblk1.genblk1.genblk1.genblk1.genblk1.genblk1.genblk1.genblk1.lut0.genblk1.genblk1.genblk1.genblk1.genblk1.genblk1.genblk1.lut0.genblk1.genblk1.genblk1.genblk1.genblk1.genblk1.lut1.genblk1.genblk1.genblk1.genblk1.genblk1.lut1 (4 -> 0)
  Optimizing lut $abc$220651$lut$aiger220650$18054.genblk1.genblk1.genblk1.genblk1.genblk1.genblk1.genblk1.genblk1.lut0.genblk1.genblk1.genblk1.genblk1.genblk1.genblk1.genblk1.lut0.genblk1.genblk1.genblk1.genblk1.genblk1.genblk1.lut1.genblk1.genblk1.genblk1.genblk1.genblk1.lut1 (4 -> 0)
  Optimizing lut $abc$220651$lut$aiger220650$12931.genblk1.genblk1.genblk1.genblk1.genblk1.lut0 (4 -> 2)
  Optimizing lut $abc$220651$lut$aiger220650$13567.genblk1.genblk1.genblk1.genblk1.genblk1.genblk1.genblk1.lut0.genblk1.genblk1.genblk1.genblk1.genblk1.genblk1.lut1.genblk1.genblk1.genblk1.genblk1.genblk1.lut0 (4 -> 1)
  Optimizing lut $abc$220651$lut$aiger220650$14106.genblk1.genblk1.genblk1.genblk1.genblk1.genblk1.lut1.genblk1.genblk1.genblk1.genblk1.genblk1.lut0 (4 -> 0)
  Optimizing lut $abc$220651$lut$aiger220650$13860.genblk1.genblk1.genblk1.genblk1.genblk1.genblk1.genblk1.lut0.genblk1.genblk1.genblk1.genblk1.genblk1.genblk1.lut0.genblk1.genblk1.genblk1.genblk1.genblk1.lut1 (4 -> 1)
  Optimizing lut $abc$220651$lut$aiger220650$13860.genblk1.genblk1.genblk1.genblk1.genblk1.genblk1.genblk1.lut0.genblk1.genblk1.genblk1.genblk1.genblk1.genblk1.lut1.genblk1.genblk1.genblk1.genblk1.genblk1.lut1 (4 -> 3)
  Optimizing lut $abc$220651$lut$aiger220650$20625.genblk1.genblk1.genblk1.genblk1.genblk1.lut1 (4 -> 0)
  Optimizing lut $abc$220651$lut$aiger220650$13567.genblk1.genblk1.genblk1.genblk1.genblk1.genblk1.genblk1.lut0.genblk1.genblk1.genblk1.genblk1.genblk1.genblk1.lut1.genblk1.genblk1.genblk1.genblk1.genblk1.lut1 (4 -> 3)
  Optimizing lut $abc$220651$lut$aiger220650$11916.genblk1.genblk1.genblk1.genblk1.genblk1.genblk1.lut1.genblk1.genblk1.genblk1.genblk1.genblk1.lut1 (4 -> 2)
  Optimizing lut $abc$220651$lut$aiger220650$11896.genblk1.genblk1.genblk1.genblk1.genblk1.lut0 (4 -> 3)
  Optimizing lut $abc$220651$lut$aiger220650$18007.genblk1.genblk1.genblk1.genblk1.genblk1.genblk1.genblk1.genblk1.lut1.genblk1.genblk1.genblk1.genblk1.genblk1.genblk1.genblk1.lut0.genblk1.genblk1.genblk1.genblk1.genblk1.genblk1.lut1.genblk1.genblk1.genblk1.genblk1.genblk1.lut1 (4 -> 0)
  Optimizing lut $abc$220651$lut$aiger220650$11639.genblk1.genblk1.genblk1.genblk1.genblk1.lut0 (4 -> 0)
  Optimizing lut $abc$220651$lut$aiger220650$11575.genblk1.genblk1.genblk1.genblk1.genblk1.lut0 (4 -> 0)
  Optimizing lut $abc$220651$lut$aiger220650$11811.genblk1.genblk1.genblk1.genblk1.genblk1.lut1 (4 -> 3)
  Optimizing lut $abc$220651$lut$aiger220650$11565.genblk1.genblk1.genblk1.genblk1.genblk1.lut0 (4 -> 3)
  Optimizing lut $abc$220651$lut$aiger220650$11663.genblk1.genblk1.genblk1.genblk1.genblk1.lut1 (4 -> 0)
  Optimizing lut $abc$220651$lut$aiger220650$11304.genblk1.genblk1.genblk1.genblk1.genblk1.lut1 (4 -> 0)
  Optimizing lut $abc$220651$lut$aiger220650$21521.genblk1.genblk1.genblk1.genblk1.genblk1.lut0 (4 -> 2)
  Optimizing lut $abc$220651$lut$aiger$o3254.genblk1.genblk1.genblk1.genblk1.genblk1.lut1 (4 -> 2)
  Optimizing lut $abc$220651$lut$aiger220650$11368.genblk1.genblk1.genblk1.genblk1.genblk1.lut0 (4 -> 1)
  Optimizing lut $abc$220651$lut$aiger220650$11437.genblk1.genblk1.genblk1.genblk1.genblk1.lut0 (4 -> 0)
  Optimizing lut $auto$abc_ops_reintegrate.cc:611:reintegrate$220810.genblk1.genblk1.genblk1.genblk1.genblk1.lut0 (4 -> 1)
  Optimizing lut $auto$abc_ops_reintegrate.cc:611:reintegrate$220781.genblk1.genblk1.genblk1.genblk1.genblk1.lut0 (4 -> 1)
  Optimizing lut $auto$abc_ops_reintegrate.cc:611:reintegrate$220771.genblk1.genblk1.genblk1.genblk1.genblk1.lut0 (4 -> 1)
  Optimizing lut $abc$220651$lut$aiger220650$17855.genblk1.genblk1.genblk1.genblk1.genblk1.genblk1.genblk1.genblk1.lut1.genblk1.genblk1.genblk1.genblk1.genblk1.genblk1.genblk1.lut0.genblk1.genblk1.genblk1.genblk1.genblk1.genblk1.lut1.genblk1.genblk1.genblk1.genblk1.genblk1.lut1 (4 -> 3)
  Optimizing lut $abc$220651$lut$aiger220650$11693.genblk1.genblk1.genblk1.genblk1.genblk1.lut1 (4 -> 0)
  Optimizing lut $abc$220651$lut$aiger220650$11704.genblk1.genblk1.genblk1.genblk1.genblk1.lut0 (4 -> 0)
  Optimizing lut $abc$220651$lut$aiger220650$18030.genblk1.genblk1.genblk1.genblk1.genblk1.lut0 (4 -> 0)
  Optimizing lut $auto$abc_ops_reintegrate.cc:611:reintegrate$221072.genblk1.genblk1.genblk1.genblk1.genblk1.lut0 (4 -> 3)
  Optimizing lut $auto$abc_ops_reintegrate.cc:611:reintegrate$221076.genblk1.genblk1.genblk1.genblk1.genblk1.lut1 (4 -> 2)
  Optimizing lut $abc$220651$lut$aiger220650$11811.genblk1.genblk1.genblk1.genblk1.genblk1.lut0 (4 -> 3)
  Optimizing lut $abc$220651$lut$aiger220650$11827.genblk1.genblk1.genblk1.genblk1.genblk1.genblk1.lut1.genblk1.genblk1.genblk1.genblk1.genblk1.lut1 (4 -> 3)
  Optimizing lut $auto$abc_ops_reintegrate.cc:611:reintegrate$221074.genblk1.genblk1.genblk1.genblk1.genblk1.genblk1.genblk1.genblk1.lut0.genblk1.genblk1.genblk1.genblk1.genblk1.genblk1.genblk1.lut0.genblk1.genblk1.genblk1.genblk1.genblk1.genblk1.lut0.genblk1.genblk1.genblk1.genblk1.genblk1.lut1 (4 -> 1)
  Optimizing lut $abc$220651$lut$aiger220650$11859.genblk1.genblk1.genblk1.genblk1.genblk1.genblk1.genblk1.lut0.genblk1.genblk1.genblk1.genblk1.genblk1.genblk1.lut0.genblk1.genblk1.genblk1.genblk1.genblk1.lut1 (4 -> 3)
  Optimizing lut $abc$220651$lut$aiger220650$11842.genblk1.genblk1.genblk1.genblk1.genblk1.lut0 (4 -> 3)
  Optimizing lut $abc$220651$lut$aiger220650$11859.genblk1.genblk1.genblk1.genblk1.genblk1.genblk1.genblk1.lut0.genblk1.genblk1.genblk1.genblk1.genblk1.genblk1.lut1.genblk1.genblk1.genblk1.genblk1.genblk1.lut1 (4 -> 2)
  Optimizing lut $abc$220651$lut$aiger220650$11859.genblk1.genblk1.genblk1.genblk1.genblk1.genblk1.genblk1.lut1.genblk1.genblk1.genblk1.genblk1.genblk1.genblk1.lut1.genblk1.genblk1.genblk1.genblk1.genblk1.lut1 (4 -> 3)
  Optimizing lut $abc$220651$lut$aiger220650$11896.genblk1.genblk1.genblk1.genblk1.genblk1.lut1 (4 -> 3)
  Optimizing lut $abc$220651$lut$aiger220650$11874.genblk1.genblk1.genblk1.genblk1.genblk1.lut0 (4 -> 3)
  Optimizing lut $abc$220651$lut$aiger220650$11916.genblk1.genblk1.genblk1.genblk1.genblk1.genblk1.lut1.genblk1.genblk1.genblk1.genblk1.genblk1.lut0 (4 -> 3)
  Optimizing lut $abc$220651$lut$aiger220650$11859.genblk1.genblk1.genblk1.genblk1.genblk1.genblk1.genblk1.lut0.genblk1.genblk1.genblk1.genblk1.genblk1.genblk1.lut1.genblk1.genblk1.genblk1.genblk1.genblk1.lut0 (4 -> 1)
  Optimizing lut $abc$220651$lut$aiger220650$11975.genblk1.genblk1.genblk1.genblk1.genblk1.genblk1.genblk1.genblk1.lut0.genblk1.genblk1.genblk1.genblk1.genblk1.genblk1.genblk1.lut0.genblk1.genblk1.genblk1.genblk1.genblk1.genblk1.lut1.genblk1.genblk1.genblk1.genblk1.genblk1.lut1 (4 -> 0)
  Optimizing lut $abc$220651$lut$aiger220650$11975.genblk1.genblk1.genblk1.genblk1.genblk1.genblk1.genblk1.genblk1.lut1.genblk1.genblk1.genblk1.genblk1.genblk1.genblk1.genblk1.lut0.genblk1.genblk1.genblk1.genblk1.genblk1.genblk1.lut1.genblk1.genblk1.genblk1.genblk1.genblk1.lut1 (4 -> 0)
  Optimizing lut $auto$abc_ops_reintegrate.cc:611:reintegrate$221075.genblk1.genblk1.genblk1.genblk1.genblk1.genblk1.genblk1.genblk1.lut1.genblk1.genblk1.genblk1.genblk1.genblk1.genblk1.genblk1.lut0.genblk1.genblk1.genblk1.genblk1.genblk1.genblk1.lut1.genblk1.genblk1.genblk1.genblk1.genblk1.lut1 (4 -> 0)
  Optimizing lut $abc$220651$lut$aiger220650$11544.genblk1.genblk1.genblk1.genblk1.genblk1.lut1 (4 -> 0)
  Optimizing lut $abc$220651$lut$aiger220650$17314.genblk1.genblk1.genblk1.genblk1.genblk1.genblk1.lut1.genblk1.genblk1.genblk1.genblk1.genblk1.lut0 (4 -> 3)
  Optimizing lut $abc$220651$lut$aiger220650$12590.genblk1.genblk1.genblk1.genblk1.genblk1.lut1 (4 -> 2)

5.42. Executing HILOMAP pass (mapping to constant drivers).
Removed 0 unused cells and 11606 unused wires.

5.43. Executing AUTONAME pass.
Renamed 15780 objects in module experiment_transactions.
<suppressed ~15780 debug messages>

5.44. Executing HIERARCHY pass (managing design hierarchy).
Attribute `top' found on module `experiment_transactions'. Setting top module to experiment_transactions.

5.44.1. Analyzing design hierarchy..
Top module:  \experiment_transactions

5.44.2. Analyzing design hierarchy..
Top module:  \experiment_transactions
Removed 0 unused modules.

5.45. Printing statistics.

=== experiment_transactions ===

        +----------Local Count, excluding submodules.
        | 
     5925 wires
    14710 wire bits
     5925 public wires
    14710 public wire bits
       54 ports
     1843 port bits
     7329 cells
        3   $scopeinfo
        1   GND
      656   IBUF
      464   LUT1
      770   LUT2
     1140   LUT3
     1930   LUT4
      841   MUX2_LUT5
      227   MUX2_LUT6
       78   MUX2_LUT7
       31   MUX2_LUT8
     1187   OBUF
        1   VCC
     2710 submodules
      497   ALU
      804   DFFE
      290   DFFR
     1117   DFFRE
        2   DFFSE

=== design hierarchy ===

        +----------Count including submodules.
        | 
     7329 experiment_transactions

        +----------Count including submodules.
        | 
     5925 wires
    14710 wire bits
     5925 public wires
    14710 public wire bits
       54 ports
     1843 port bits
        - memories
        - memory bits
        - processes
     7329 cells
        3   $scopeinfo
        1   GND
      656   IBUF
      464   LUT1
      770   LUT2
     1140   LUT3
     1930   LUT4
      841   MUX2_LUT5
      227   MUX2_LUT6
       78   MUX2_LUT7
       31   MUX2_LUT8
     1187   OBUF
        1   VCC
     2710 submodules
      497   ALU
      804   DFFE
      290   DFFR
     1117   DFFRE
        2   DFFSE

5.46. Executing CHECK pass (checking for obvious problems).
Checking module experiment_transactions...
Found and reported 0 problems.

5.47. Executing JSON backend.

6. Printing statistics.

=== experiment_transactions ===

        +----------Local Count, excluding submodules.
        | 
     5925 wires
    14710 wire bits
     5925 public wires
    14710 public wire bits
       54 ports
     1843 port bits
    10039 cells
        3   $scopeinfo
      497   ALU
      804   DFFE
      290   DFFR
     1117   DFFRE
        2   DFFSE
        1   GND
      656   IBUF
      464   LUT1
      770   LUT2
     1140   LUT3
     1930   LUT4
      841   MUX2_LUT5
      227   MUX2_LUT6
       78   MUX2_LUT7
       31   MUX2_LUT8
     1187   OBUF
        1   VCC

End of script. Logfile hash: 5d766d7cad, time: 24.59s, user: 8.86s, system: 0.73s, MEM: 369.60 MB peak
Yosys 0.68+40 (git sha1 0f2bcb94b-dirty, Release, Clang /usr/local/osxcross/target/bin/x86_64-apple-darwin25.5-clang++ 21.1.8)
Time spent: 62% 1x abc9_exe (16 sec), 5% 9x techmap (1 sec), ...
