smoothing 0.003 evaluation 20: force 19.9930, moment 4.4976, torque Some(0.3996479739606684)
smoothing 0.003 evaluation 40: force 19.9930, moment 4.4976, torque Some(0.39964822572225356)
smoothing 0.003 evaluation 60: force 19.9930, moment 4.4976, torque Some(0.3996479739606684)
smoothing 0.003 evaluation 80: force 19.9930, moment 4.4975, torque Some(0.3996476608867494)
smoothing 0.003 evaluation 100: force 19.9930, moment 4.4975, torque Some(0.3996479739606684)
smoothing 0.003 evaluation 120: force 19.9930, moment 4.4975, torque Some(0.3996501621374229)
smoothing 0.003 evaluation 140: force 19.9930, moment 4.4975, torque Some(0.3996479739606684)
smoothing 0.003 evaluation 160: force 19.9930, moment 4.4976, torque Some(0.3996479739606684)
smoothing 0.003 evaluation 180: force 19.9930, moment 4.4976, torque Some(0.3996479739606684)
smoothing 0.003 evaluation 200: force 19.9930, moment 4.4976, torque Some(0.3996479739606684)
smoothing 0.003 evaluation 220: force 19.9930, moment 4.4976, torque Some(0.3996479739606684)
smoothing 0.003 evaluation 240: force 19.9930, moment 4.4976, torque Some(0.3996479739606684)
smoothing 0.003 evaluation 260: force 19.9930, moment 4.4976, torque Some(0.3996479739606684)
smoothing 0.003 evaluation 280: force 19.9930, moment 4.4976, torque Some(0.3996479739606684)
smoothing 0.003 evaluation 300: force 11.8204, moment 3.5249, torque Some(-0.08806406520514432)
smoothing 0.003 evaluation 320: force 11.8204, moment 3.5249, torque Some(-0.08806406520514432)
smoothing 0.003 evaluation 340: force 11.8204, moment 3.5249, torque Some(-0.08806406520514432)
smoothing 0.003 evaluation 360: force 11.8204, moment 3.5249, torque Some(-0.08806406520514432)
smoothing 0.003 evaluation 380: force 11.8204, moment 3.5249, torque Some(-0.08806406520514432)
smoothing 0.003 evaluation 400: force 11.8204, moment 3.5249, torque Some(-0.08806406520514432)
smoothing 0.003 evaluation 420: force 11.8204, moment 3.5249, torque Some(-0.08806406520514432)
smoothing 0.003 evaluation 440: force 11.8204, moment 3.5249, torque Some(-0.08806406520514432)
smoothing 0.003 evaluation 460: force 11.8204, moment 3.5249, torque Some(-0.08806406520514432)
smoothing 0.003 evaluation 480: force 11.8204, moment 3.5249, torque Some(-0.08806406520514432)
smoothing 0.003 evaluation 500: force 11.8204, moment 3.5249, torque Some(-0.08806406520514432)
smoothing 0.003 evaluation 520: force 11.8205, moment 3.5249, torque Some(-0.08806406520514432)
smoothing 0.003 evaluation 540: force 11.8204, moment 3.5249, torque Some(-0.08806423027342647)
smoothing 0.003 evaluation 560: force 11.8205, moment 3.5249, torque Some(-0.08806410277941779)
smoothing 0.003 evaluation 580: force 18.6327, moment 4.2044, torque Some(-0.9925610707952479)
smoothing 0.003 evaluation 600: force 7.5871, moment 2.2794, torque Some(-0.09602472825020891)
smoothing 0.003 evaluation 620: force 7.5871, moment 2.2794, torque Some(-0.09602601723464255)
smoothing 0.003 evaluation 640: force 7.5871, moment 2.2794, torque Some(-0.09602617327688323)
smoothing 0.003 evaluation 660: force 7.5871, moment 2.2794, torque Some(-0.09602600160119468)
smoothing 0.003 evaluation 680: force 7.5871, moment 2.2794, torque Some(-0.09602617327688323)
smoothing 0.003 evaluation 700: force 7.5871, moment 2.2794, torque Some(-0.09602617327688323)
smoothing 0.003 evaluation 720: force 7.5871, moment 2.2794, torque Some(-0.09602617327688323)
smoothing 0.003 evaluation 740: force 7.5871, moment 2.2794, torque Some(-0.09602617327688323)
smoothing 0.003 evaluation 760: force 7.5871, moment 2.2794, torque Some(-0.09602617327688323)
smoothing 0.003 evaluation 780: force 7.5871, moment 2.2794, torque Some(-0.09602617327688323)
smoothing 0.003 evaluation 800: force 7.5871, moment 2.2794, torque Some(-0.09602617327688323)
smoothing 0.003 evaluation 820: force 7.5871, moment 2.2794, torque Some(-0.09602617327688323)
smoothing 0.003 evaluation 840: force 7.5871, moment 2.2794, torque Some(-0.09602570100886298)
smoothing 0.003 evaluation 860: force 7.5871, moment 2.2794, torque Some(-0.09602617327688323)
smoothing 0.003 evaluation 880: force 10.7133, moment 4.0789, torque Some(-0.03324552673308634)
smoothing 0.003 evaluation 900: force 10.7134, moment 4.0789, torque Some(-0.03324552673308634)
smoothing 0.003 evaluation 920: force 10.7134, moment 4.0789, torque Some(-0.03324552673308634)
smoothing 0.003 evaluation 940: force 10.7134, moment 4.0789, torque Some(-0.03324552673308634)
smoothing 0.003 evaluation 960: force 10.7134, moment 4.0789, torque Some(-0.03324552673308634)
smoothing 0.003 evaluation 980: force 10.7134, moment 4.0789, torque Some(-0.03324556447699307)
smoothing 0.003 evaluation 1000: force 10.7134, moment 4.0789, torque Some(-0.033245495724954055)
smoothing 0.003 evaluation 1020: force 10.7134, moment 4.0789, torque Some(-0.03324551560582278)
smoothing 0.003 evaluation 1040: force 10.7134, moment 4.0789, torque Some(-0.033245254870000136)
smoothing 0.003 evaluation 1060: force 10.7134, moment 4.0789, torque Some(-0.03324552673308634)
smoothing 0.003 evaluation 1080: force 10.7134, moment 4.0789, torque Some(-0.03324552673308634)
smoothing 0.003 evaluation 1100: force 10.7134, moment 4.0789, torque Some(-0.03324552673308634)
smoothing 0.003 evaluation 1120: force 10.7135, moment 4.0789, torque Some(-0.03324552673308634)
smoothing 0.003 evaluation 1140: force 10.7134, moment 4.0789, torque Some(-0.03324552673308634)
smoothing 0.003 evaluation 1160: force 5.7260, moment 1.6750, torque Some(-0.040000270747552934)
smoothing 0.003 evaluation 1180: force 5.7260, moment 1.6750, torque Some(-0.040000270747552934)
smoothing 0.003 evaluation 1200: force 5.7260, moment 1.6750, torque Some(-0.040000270747552934)
smoothing 0.003 evaluation 1220: force 5.7260, moment 1.6750, torque Some(-0.040000270747552934)
smoothing 0.003 evaluation 1240: force 5.7260, moment 1.6750, torque Some(-0.040000270747552934)
smoothing 0.003 evaluation 1260: force 5.7260, moment 1.6750, torque Some(-0.040000270747552934)
smoothing 0.003 evaluation 1280: force 5.7260, moment 1.6750, torque Some(-0.040000270747552934)
smoothing 0.003 evaluation 1300: force 5.7260, moment 1.6750, torque Some(-0.040000270747552934)
smoothing 0.003 evaluation 1320: force 5.7260, moment 1.6750, torque Some(-0.040000270747552934)
smoothing 0.003 evaluation 1340: force 5.7260, moment 1.6750, torque Some(-0.04000021320494347)
smoothing 0.003 evaluation 1360: force 5.7260, moment 1.6750, torque Some(-0.040000270747552934)
smoothing 0.003 evaluation 1380: force 5.7260, moment 1.6750, torque Some(-0.040000325772175806)
smoothing 0.003 evaluation 1400: force 5.7260, moment 1.6750, torque Some(-0.040000270747552934)
smoothing 0.003 evaluation 1420: force 5.7260, moment 1.6750, torque Some(-0.040000271493759273)
smoothing 0.003 evaluation 1440: force 5.7260, moment 1.6750, torque Some(-0.040000270747552934)
smoothing 0.003 evaluation 1460: force 4.1240, moment 1.1962, torque Some(-0.005985835468447442)
smoothing 0.003 evaluation 1480: force 4.1240, moment 1.1962, torque Some(-0.005985835468447442)
smoothing 0.003 evaluation 1500: force 4.1240, moment 1.1962, torque Some(-0.0059830972019419)
smoothing 0.003 evaluation 1520: force 4.1240, moment 1.1962, torque Some(-0.005985835468447442)
smoothing 0.003 evaluation 1540: force 4.1240, moment 1.1962, torque Some(-0.005985835468447442)
smoothing 0.003 evaluation 1560: force 4.1240, moment 1.1962, torque Some(-0.005985835468447442)
smoothing 0.003 evaluation 1580: force 4.1240, moment 1.1962, torque Some(-0.005985835468447442)
smoothing 0.003 evaluation 1600: force 4.1240, moment 1.1962, torque Some(-0.005985835468447442)
smoothing 0.003 evaluation 1620: force 4.1240, moment 1.1962, torque Some(-0.005985835468447442)
smoothing 0.003 evaluation 1640: force 4.1240, moment 1.1962, torque Some(-0.005985835468447442)
smoothing 0.003 evaluation 1660: force 4.1240, moment 1.1962, torque Some(-0.005985835468447442)
smoothing 0.003 evaluation 1680: force 4.1240, moment 1.1962, torque Some(-0.005985835468447442)
smoothing 0.003 evaluation 1700: force 4.1240, moment 1.1962, torque Some(-0.0059849623552912234)
smoothing 0.003 evaluation 1720: force 4.1240, moment 1.1962, torque Some(-0.005985705700312982)
smoothing 0.003 evaluation 1740: force 3.6506, moment 0.9130, torque Some(-0.0010981809354146492)
smoothing 0.003 evaluation 1760: force 3.6506, moment 0.9130, torque Some(-0.0010981809354146492)
smoothing 0.003 evaluation 1780: force 3.6506, moment 0.9130, torque Some(-0.0010981809354146492)
smoothing 0.003 evaluation 1800: force 3.6506, moment 0.9130, torque Some(-0.0010981809354146492)
smoothing 0.003 evaluation 1820: force 3.6506, moment 0.9130, torque Some(-0.0010981809354146492)
smoothing 0.003 evaluation 1840: force 3.6506, moment 0.9130, torque Some(-0.0010981809354146492)
smoothing 0.003 evaluation 1860: force 3.6506, moment 0.9130, torque Some(-0.0010981809354146492)
smoothing 0.003 evaluation 1880: force 3.6506, moment 0.9130, torque Some(-0.001098179194542916)
smoothing 0.003 evaluation 1900: force 3.6506, moment 0.9130, torque Some(-0.0010981809354146492)
smoothing 0.003 evaluation 1920: force 3.6506, moment 0.9130, torque Some(-0.001098232511144855)
smoothing 0.003 evaluation 1940: force 3.6506, moment 0.9130, torque Some(-0.0010981809354146492)
smoothing 0.003 evaluation 1960: force 3.6506, moment 0.9130, torque Some(-0.001098166727245914)
smoothing 0.003 evaluation 1980: force 3.6506, moment 0.9130, torque Some(-0.0010981809354146492)
smoothing 0.003 evaluation 2000: force 3.6506, moment 0.9130, torque Some(-0.0010981769657159857)
smoothing 0.003 evaluation 2020: force 3.6506, moment 0.9130, torque Some(-0.0010981809354146492)
smoothing 0.003 evaluation 2040: force 3.1826, moment 0.8242, torque Some(-0.0009871357511349842)
smoothing 0.003 evaluation 2060: force 3.1826, moment 0.8242, torque Some(-0.0009871357511349842)
smoothing 0.003 evaluation 2080: force 3.1826, moment 0.8242, torque Some(-0.0009871357511349842)
smoothing 0.003 evaluation 2100: force 3.1826, moment 0.8242, torque Some(-0.0009871357511349842)
smoothing 0.003 evaluation 2120: force 3.1826, moment 0.8242, torque Some(-0.0009871357511349842)
smoothing 0.003 evaluation 2140: force 3.1826, moment 0.8242, torque Some(-0.0009871357511349842)
smoothing 0.003 evaluation 2160: force 3.1826, moment 0.8242, torque Some(-0.0009871357511349842)
smoothing 0.003 evaluation 2180: force 3.1826, moment 0.8242, torque Some(-0.0009871352063900996)
smoothing 0.003 evaluation 2200: force 3.1826, moment 0.8242, torque Some(-0.0009871357511349842)
smoothing 0.003 evaluation 2220: force 3.1826, moment 0.8242, torque Some(-0.000987168727527684)
smoothing 0.003 evaluation 2240: force 3.1826, moment 0.8242, torque Some(-0.0009871357511349842)
smoothing 0.003 evaluation 2260: force 3.1826, moment 0.8242, torque Some(-0.0009871357511349842)
smoothing 0.003 evaluation 2280: force 3.1826, moment 0.8242, torque Some(-0.0009871594894959243)
smoothing 0.003 evaluation 2300: force 3.1826, moment 0.8242, torque Some(-0.0009871357511349842)
smoothing 0.003 evaluation 2320: force 2.6593, moment 0.6976, torque Some(-0.00011258910785204865)
smoothing 0.003 evaluation 2340: force 2.6593, moment 0.6977, torque Some(-0.00011258910785204865)
smoothing 0.003 evaluation 2360: force 2.6593, moment 0.6976, torque Some(-0.00011258910785204865)
smoothing 0.003 evaluation 2380: force 2.6593, moment 0.6976, torque Some(-0.00011258910785204865)
smoothing 0.003 evaluation 2400: force 2.6593, moment 0.6976, torque Some(-0.00011258910785204865)
smoothing 0.003 evaluation 2420: force 2.6593, moment 0.6976, torque Some(-0.00011258910785204865)
smoothing 0.003 evaluation 2440: force 2.6593, moment 0.6976, torque Some(-0.00011258910785204865)
smoothing 0.003 evaluation 2460: force 2.6593, moment 0.6976, torque Some(-0.00011256637127098979)
smoothing 0.003 evaluation 2480: force 2.6593, moment 0.6976, torque Some(-0.00011258910785204865)
smoothing 0.003 evaluation 2500: force 2.6593, moment 0.6976, torque Some(-0.00011251528917890575)
smoothing 0.003 evaluation 2520: force 2.6593, moment 0.6976, torque Some(-0.00011258910785204865)
smoothing 0.003 evaluation 2540: force 2.6593, moment 0.6976, torque Some(-0.00011258683943223208)
smoothing 0.003 evaluation 2560: force 2.6593, moment 0.6976, torque Some(-0.00011258910785204865)
smoothing 0.003 evaluation 2580: force 2.6593, moment 0.6976, torque Some(-0.00011183572149087682)
smoothing 0.003 evaluation 2600: force 2.6593, moment 0.6976, torque Some(-0.00011258910785204865)
smoothing 0.003 evaluation 2620: force 2.1149, moment 0.5219, torque Some(7.985756910643647e-5)
smoothing 0.003 evaluation 2640: force 2.1149, moment 0.5219, torque Some(7.985756910643647e-5)
smoothing 0.003 evaluation 2660: force 2.1149, moment 0.5219, torque Some(7.985756910643647e-5)
smoothing 0.003 evaluation 2680: force 2.1149, moment 0.5219, torque Some(7.985756910643647e-5)
smoothing 0.003 evaluation 2700: force 2.1149, moment 0.5219, torque Some(7.985756910643647e-5)
smoothing 0.003 evaluation 2720: force 2.1149, moment 0.5219, torque Some(7.985756910643647e-5)
smoothing 0.003 evaluation 2740: force 2.1149, moment 0.5219, torque Some(7.985756910643647e-5)
smoothing 0.003 evaluation 2760: force 2.1149, moment 0.5219, torque Some(7.986150917939534e-5)
smoothing 0.003 evaluation 2780: force 2.1149, moment 0.5219, torque Some(7.985756910643647e-5)
smoothing 0.003 evaluation 2800: force 2.1149, moment 0.5219, torque Some(7.970718009203334e-5)
smoothing 0.003 evaluation 2820: force 2.1149, moment 0.5219, torque Some(7.986122735503462e-5)
smoothing 0.003 evaluation 2840: force 2.1149, moment 0.5219, torque Some(7.985756910643647e-5)
smoothing 0.003 evaluation 2860: force 2.1149, moment 0.5219, torque Some(7.987558100567248e-5)
smoothing 0.003 evaluation 2880: force 2.1149, moment 0.5218, torque Some(7.985756910643647e-5)
smoothing 0.003 evaluation 2900: force 1.5299, moment 0.4487, torque Some(-0.010052296678649375)
smoothing 0.003 evaluation 2920: force 1.5298, moment 0.4487, torque Some(-0.010052296678649375)
smoothing 0.003 evaluation 2940: force 1.5299, moment 0.4487, torque Some(-0.010052296678649375)
smoothing 0.003 evaluation 2960: force 1.5299, moment 0.4487, torque Some(-0.010052296678649375)
smoothing 0.003 evaluation 2980: force 1.5299, moment 0.4487, torque Some(-0.010052296678649375)
smoothing 0.003 evaluation 3000: force 1.5299, moment 0.4487, torque Some(-0.010052296678649375)
smoothing 0.003 evaluation 3020: force 1.5299, moment 0.4487, torque Some(-0.010052296678649375)
smoothing 0.003 evaluation 3040: force 1.5299, moment 0.4487, torque Some(-0.010052299709178092)
smoothing 0.003 evaluation 3060: force 1.5299, moment 0.4487, torque Some(-0.010052296678649375)
smoothing 0.003 evaluation 3080: force 1.5299, moment 0.4487, torque Some(-0.010052134487031683)
smoothing 0.003 evaluation 3100: force 1.5299, moment 0.4487, torque Some(-0.010052296678649375)
smoothing 0.003 evaluation 3120: force 1.5299, moment 0.4487, torque Some(-0.010050606279817131)
smoothing 0.003 evaluation 3140: force 1.5299, moment 0.4487, torque Some(-0.010052296678649375)
smoothing 0.003 evaluation 3160: force 1.5299, moment 0.4487, torque Some(-0.010052295822771784)
smoothing 0.003 evaluation 3180: force 1.5299, moment 0.4487, torque Some(-0.010052296678649375)
smoothing 0.003 evaluation 3200: force 1.3533, moment 0.3549, torque Some(-0.0013581002162740274)
smoothing 0.003 evaluation 3220: force 1.3533, moment 0.3549, torque Some(-0.0013581002162740274)
smoothing 0.003 evaluation 3240: force 1.3533, moment 0.3549, torque Some(-0.0013581002162740274)
smoothing 0.003 evaluation 3260: force 1.3533, moment 0.3549, torque Some(-0.0013581002162740274)
smoothing 0.003 evaluation 3280: force 1.3533, moment 0.3549, torque Some(-0.0013581002162740274)
smoothing 0.003 evaluation 3300: force 1.3533, moment 0.3549, torque Some(-0.0013581002162740274)
smoothing 0.003 evaluation 3320: force 1.3533, moment 0.3549, torque Some(-0.0013581002162740274)
smoothing 0.003 evaluation 3340: force 1.3533, moment 0.3549, torque Some(-0.001358057348553654)
smoothing 0.003 evaluation 3360: force 1.3533, moment 0.3549, torque Some(-0.0013581002162740274)
smoothing 0.003 evaluation 3380: force 1.3533, moment 0.3549, torque Some(-0.0013581002162740274)
smoothing 0.003 evaluation 3400: force 1.3533, moment 0.3549, torque Some(-0.001358123977005521)
smoothing 0.003 evaluation 3420: force 1.3533, moment 0.3549, torque Some(-0.0013581002162740274)
smoothing 0.003 evaluation 3440: force 1.3533, moment 0.3549, torque Some(-0.0013581030390987792)
smoothing 0.003 evaluation 3460: force 1.3533, moment 0.3549, torque Some(-0.0013581002162740274)
smoothing 0.003 evaluation 3480: force 1.2419, moment 0.3401, torque Some(-0.0009616293306666801)
smoothing 0.003 evaluation 3500: force 1.2419, moment 0.3401, torque Some(-0.0009616293306666801)
smoothing 0.003 evaluation 3520: force 1.2419, moment 0.3401, torque Some(-0.0009616293306666801)
smoothing 0.003 evaluation 3540: force 1.2419, moment 0.3401, torque Some(-0.0009616293306666801)
smoothing 0.003 evaluation 3560: force 1.2419, moment 0.3401, torque Some(-0.0009616293306666801)
smoothing 0.003 evaluation 3580: force 1.2419, moment 0.3401, torque Some(-0.0009616293306666801)
smoothing 0.003 evaluation 3600: force 1.2419, moment 0.3401, torque Some(-0.0009616293306666801)
smoothing 0.003 evaluation 3620: force 1.2419, moment 0.3401, torque Some(-0.0009616241811374326)
smoothing 0.003 evaluation 3640: force 1.2419, moment 0.3401, torque Some(-0.0009616293306666801)
smoothing 0.003 evaluation 3660: force 1.2419, moment 0.3401, torque Some(-0.0009617941136612629)
smoothing 0.003 evaluation 3680: force 1.2419, moment 0.3401, torque Some(-0.0009616293306666801)
smoothing 0.003 evaluation 3700: force 1.2419, moment 0.3401, torque Some(-0.0009633224215143121)
smoothing 0.003 evaluation 3720: force 1.2419, moment 0.3401, torque Some(-0.0009616293306666801)
smoothing 0.003 evaluation 3740: force 1.2419, moment 0.3401, torque Some(-0.0009616303772128632)
smoothing 0.003 evaluation 3760: force 1.2419, moment 0.3401, torque Some(-0.0009616293306667911)
smoothing 0.003 evaluation 3780: force 1.0869, moment 0.3116, torque Some(-0.008107978587418463)
smoothing 0.003 evaluation 3800: force 1.0869, moment 0.3116, torque Some(-0.008110371224160876)
smoothing 0.003 evaluation 3820: force 1.0869, moment 0.3116, torque Some(-0.00811042230563018)
smoothing 0.003 evaluation 3840: force 1.0869, moment 0.3116, torque Some(-0.00811046130280317)
smoothing 0.003 evaluation 3860: force 1.0869, moment 0.3116, torque Some(-0.00811042230563018)
smoothing 0.003 evaluation 3880: force 1.0869, moment 0.3116, torque Some(-0.00811042230563018)
smoothing 0.003 evaluation 3900: force 1.0869, moment 0.3116, torque Some(-0.00811042230563018)
smoothing 0.003 evaluation 3920: force 1.0869, moment 0.3116, torque Some(-0.00811042230563018)
smoothing 0.003 evaluation 3940: force 1.0869, moment 0.3116, torque Some(-0.00811042230563018)
smoothing 0.003 evaluation 3960: force 1.0869, moment 0.3116, torque Some(-0.00811042230563018)
smoothing 0.003 evaluation 3980: force 1.0869, moment 0.3116, torque Some(-0.00811042230563018)
smoothing 0.003 evaluation 4000: force 1.0869, moment 0.3116, torque Some(-0.00811042230563018)
smoothing 0.003 evaluation 4020: force 1.0869, moment 0.3116, torque Some(-0.008110545590349724)
smoothing 0.003 evaluation 4040: force 1.0869, moment 0.3116, torque Some(-0.00811042230563018)
smoothing 0.003 evaluation 4060: force 0.8852, moment 0.2950, torque Some(-0.0025634681307418195)
smoothing 0.003 evaluation 4080: force 0.8852, moment 0.2950, torque Some(-0.0025634681307418195)
smoothing 0.003 evaluation 4100: force 0.8852, moment 0.2952, torque Some(-0.0025634681307418195)
smoothing 0.003 evaluation 4120: force 0.8852, moment 0.2950, torque Some(-0.0025634681307418195)
smoothing 0.003 evaluation 4140: force 0.8852, moment 0.2950, torque Some(-0.0025634681307418195)
smoothing 0.003 evaluation 4160: force 0.8852, moment 0.2950, torque Some(-0.0025634681307418195)
smoothing 0.003 evaluation 4180: force 0.8852, moment 0.2950, torque Some(-0.0025634681307418195)
smoothing 0.003 evaluation 4200: force 0.8852, moment 0.2950, torque Some(-0.0025634982624770375)
smoothing 0.003 evaluation 4220: force 0.8852, moment 0.2950, torque Some(-0.0025634681307418195)
smoothing 0.003 evaluation 4240: force 0.8852, moment 0.2950, torque Some(-0.0025629578442323275)
smoothing 0.003 evaluation 4260: force 0.8852, moment 0.2950, torque Some(-0.0025634681307418195)
smoothing 0.003 evaluation 4280: force 0.8852, moment 0.2950, torque Some(-0.002563480073308644)
smoothing 0.003 evaluation 4300: force 0.8852, moment 0.2950, torque Some(-0.0025634681307418195)
smoothing 0.003 evaluation 4320: force 0.8852, moment 0.2950, torque Some(-0.0025634681307418195)
smoothing 0.003 evaluation 4340: force 0.8852, moment 0.2952, torque Some(-0.0025634681307418195)
smoothing 0.003 evaluation 4360: force 0.7972, moment 0.4546, torque Some(-0.000507058948911121)
smoothing 0.003 evaluation 4380: force 0.7972, moment 0.4546, torque Some(-0.000507058948911121)
smoothing 0.003 evaluation 4400: force 0.7972, moment 0.4546, torque Some(-0.000507058948911121)
smoothing 0.003 evaluation 4420: force 0.7972, moment 0.4546, torque Some(-0.000507058948911121)
smoothing 0.003 evaluation 4440: force 0.7972, moment 0.4546, torque Some(-0.000507058948911121)
smoothing 0.003 evaluation 4460: force 0.7972, moment 0.4546, torque Some(-0.000507058948911121)
smoothing 0.003 evaluation 4480: force 0.7972, moment 0.4546, torque Some(-0.000507058948911121)
smoothing 0.003 evaluation 4500: force 0.7972, moment 0.4546, torque Some(-0.0005070995163450887)
smoothing 0.003 evaluation 4520: force 0.7972, moment 0.4546, torque Some(-0.00050632091181535)
smoothing 0.003 evaluation 4540: force 0.7972, moment 0.4546, torque Some(-0.000507058948911121)
smoothing 0.003 evaluation 4560: force 0.7972, moment 0.4546, torque Some(-0.0005069632550308567)
smoothing 0.003 evaluation 4580: force 0.7972, moment 0.4546, torque Some(-0.000507058948911121)
smoothing 0.003 evaluation 4600: force 0.7972, moment 0.4546, torque Some(-0.0005070253769469124)
smoothing 0.003 evaluation 4620: force 0.7972, moment 0.4546, torque Some(-0.000507058948911121)
smoothing 0.003 evaluation 4640: force 0.7942, moment 0.2500, torque Some(-0.0005449121338922946)
smoothing 0.003 evaluation 4660: force 0.7942, moment 0.2500, torque Some(-0.0005449121338922946)
smoothing 0.003 evaluation 4680: force 0.7942, moment 0.2503, torque Some(-0.0005449121338922946)
smoothing 0.003 evaluation 4700: force 0.7942, moment 0.2500, torque Some(-0.0005449121338922946)
smoothing 0.003 evaluation 4720: force 0.7942, moment 0.2500, torque Some(-0.0005449121338922946)
smoothing 0.003 evaluation 4740: force 0.7942, moment 0.2500, torque Some(-0.0005449121338922946)
smoothing 0.003 evaluation 4760: force 0.7942, moment 0.2500, torque Some(-0.0005449121338922946)
smoothing 0.003 evaluation 4780: force 0.7942, moment 0.2500, torque Some(-0.0005449431278407024)
smoothing 0.003 evaluation 4800: force 0.7942, moment 0.2500, torque Some(-0.0005449121338922946)
smoothing 0.003 evaluation 4820: force 0.7942, moment 0.2500, torque Some(-0.0005444016583801004)
smoothing 0.003 evaluation 4840: force 0.7942, moment 0.2500, torque Some(-0.0005449121338922946)
smoothing 0.003 evaluation 4860: force 0.7942, moment 0.2500, torque Some(-0.0005449261712278108)
smoothing 0.003 evaluation 4880: force 0.7942, moment 0.2500, torque Some(-0.0005449121338922946)
smoothing 0.003 evaluation 4900: force 0.7942, moment 0.2500, torque Some(-0.0005449121338922946)
smoothing 0.003 evaluation 4920: force 0.7942, moment 0.2502, torque Some(-0.0005449121338922946)
smoothing 0.003 evaluation 4940: force 0.8940, moment 0.2071, torque Some(-0.000509734747541124)
smoothing 0.003 evaluation 4960: force 0.8948, moment 0.2071, torque Some(-0.000509734747541124)
smoothing 0.003 evaluation 4980: force 0.8934, moment 0.2071, torque Some(-0.000509734747541124)
smoothing 0.003 evaluation 5000: force 0.8940, moment 0.2071, torque Some(-0.000509734747541124)
smoothing 0.003 evaluation 5020: force 0.8940, moment 0.2071, torque Some(-0.000509734747541124)
smoothing 0.003 evaluation 5040: force 0.8940, moment 0.2071, torque Some(-0.000509734747541124)
smoothing 0.003 evaluation 5060: force 0.8940, moment 0.2071, torque Some(-0.000509734747541124)
smoothing 0.003 evaluation 5080: force 0.8940, moment 0.2071, torque Some(-0.000509734747541124)
smoothing 0.003 evaluation 5100: force 0.8940, moment 0.2071, torque Some(-0.0005096575980259033)
smoothing 0.003 evaluation 5120: force 0.8940, moment 0.2071, torque Some(-0.000509734747541124)
smoothing 0.003 evaluation 5140: force 0.8940, moment 0.2071, torque Some(-0.0005095912317416573)
smoothing 0.003 evaluation 5160: force 0.8940, moment 0.2071, torque Some(-0.000509734747541124)
smoothing 0.003 evaluation 5180: force 0.8939, moment 0.2071, torque Some(-0.0005096335492035253)
smoothing 0.003 evaluation 5200: force 0.8940, moment 0.2071, torque Some(-0.000509734747541124)
smoothing 0.003 evaluation 5220: force 0.7577, moment 0.2595, torque Some(-0.009280072009393979)
smoothing 0.003 evaluation 5240: force 0.7578, moment 0.2595, torque Some(-0.009280072009393979)
smoothing 0.003 evaluation 5260: force 0.7578, moment 0.2595, torque Some(-0.009280072009393979)
smoothing 0.003 evaluation 5280: force 0.7578, moment 0.2595, torque Some(-0.009280072009393979)
smoothing 0.003 evaluation 5300: force 0.7578, moment 0.2595, torque Some(-0.009280072009393979)
smoothing 0.003 evaluation 5320: force 0.7578, moment 0.2595, torque Some(-0.009280072009393979)
smoothing 0.003 evaluation 5340: force 0.7578, moment 0.2595, torque Some(-0.009280072009393979)
smoothing 0.003 evaluation 5360: force 0.7578, moment 0.2595, torque Some(-0.009280068070207224)
smoothing 0.003 evaluation 5380: force 0.7578, moment 0.2595, torque Some(-0.009280092429186891)
smoothing 0.003 evaluation 5400: force 0.7578, moment 0.2595, torque Some(-0.009280072009393979)
smoothing 0.003 evaluation 5420: force 0.7578, moment 0.2595, torque Some(-0.009280072009393979)
smoothing 0.003 evaluation 5440: force 0.7578, moment 0.2595, torque Some(-0.009280072009393979)
smoothing 0.003 evaluation 5460: force 0.7578, moment 0.2595, torque Some(-0.009280075074085008)
smoothing 0.003 evaluation 5480: force 0.7578, moment 0.2595, torque Some(-0.009280072009393979)
smoothing 0.003 evaluation 5500: force 0.7393, moment 0.2642, torque Some(-0.0003440883532281891)
smoothing 0.003 evaluation 5520: force 0.7393, moment 0.2642, torque Some(-0.0003440883532281891)
smoothing 0.003 evaluation 5540: force 0.7393, moment 0.2643, torque Some(-0.0003440883532281891)
smoothing 0.003 evaluation 5560: force 0.7393, moment 0.2642, torque Some(-0.0003440883532281891)
smoothing 0.003 evaluation 5580: force 0.7393, moment 0.2642, torque Some(-0.0003440883532281891)
smoothing 0.003 evaluation 5600: force 0.7393, moment 0.2642, torque Some(-0.0003440883532281891)
smoothing 0.003 evaluation 5620: force 0.7393, moment 0.2642, torque Some(-0.0003440883532281891)
smoothing 0.003 evaluation 5640: force 0.7393, moment 0.2642, torque Some(-0.00034365421692761355)
smoothing 0.003 evaluation 5660: force 0.7393, moment 0.2642, torque Some(-0.0003440883532281891)
smoothing 0.003 evaluation 5680: force 0.7393, moment 0.2642, torque Some(-0.0003442901616731442)
smoothing 0.003 evaluation 5700: force 0.7393, moment 0.2642, torque Some(-0.0003440883532281891)
smoothing 0.003 evaluation 5720: force 0.7393, moment 0.2642, torque Some(-0.00034413699471802506)
smoothing 0.003 evaluation 5740: force 0.7393, moment 0.2642, torque Some(-0.0003440883532281891)
smoothing 0.003 evaluation 5760: force 0.7391, moment 0.2643, torque Some(-0.0003437932098969698)
smoothing 0.003 evaluation 5780: force 0.7393, moment 0.2642, torque Some(-0.0003440883532281891)
smoothing 0.003 evaluation 5800: force 0.7173, moment 0.2570, torque Some(-0.0002981299576216845)
smoothing 0.003 evaluation 5820: force 0.7172, moment 0.2570, torque Some(-0.0002981299576216845)
smoothing 0.003 evaluation 5840: force 0.7173, moment 0.2570, torque Some(-0.0002981299576216845)
smoothing 0.003 evaluation 5860: force 0.7172, moment 0.2570, torque Some(-0.0002981299576216845)
smoothing 0.003 evaluation 5880: force 0.7172, moment 0.2570, torque Some(-0.0002981299576216845)
smoothing 0.003 evaluation 5900: force 0.7172, moment 0.2570, torque Some(-0.0002981299576216845)
smoothing 0.003 evaluation 5920: force 0.7172, moment 0.2570, torque Some(-0.0002981299576216845)
smoothing 0.003 evaluation 5940: force 0.7172, moment 0.2570, torque Some(-0.00029843259733575156)
smoothing 0.003 evaluation 5960: force 0.7172, moment 0.2570, torque Some(-0.0002981299576216845)
smoothing 0.003 evaluation 5980: force 0.7172, moment 0.2570, torque Some(-0.00029837604658156103)
smoothing 0.003 evaluation 6000: force 0.7172, moment 0.2570, torque Some(-0.0002981299576216845)
smoothing 0.003 evaluation 6020: force 0.7173, moment 0.2570, torque Some(-0.0002981299576216845)
smoothing 0.003 evaluation 6040: force 0.7172, moment 0.2567, torque Some(-0.000298115794350684)
smoothing 0.003 evaluation 6060: force 0.7172, moment 0.2570, torque Some(-0.0002981299576216845)
smoothing 0.003 evaluation 6080: force 0.6817, moment 0.2412, torque Some(-0.00022961833115464625)
smoothing 0.003 evaluation 6100: force 0.6817, moment 0.2412, torque Some(-0.00022961833115464625)
smoothing 0.003 evaluation 6120: force 0.6817, moment 0.2412, torque Some(-0.00022961833115464625)
smoothing 0.003 evaluation 6140: force 0.6817, moment 0.2412, torque Some(-0.00022961833115464625)
smoothing 0.003 evaluation 6160: force 0.6817, moment 0.2412, torque Some(-0.00022961833115464625)
smoothing 0.003 evaluation 6180: force 0.6817, moment 0.2412, torque Some(-0.00022961833115464625)
smoothing 0.003 evaluation 6200: force 0.6817, moment 0.2412, torque Some(-0.00022961833115464625)
smoothing 0.003 evaluation 6220: force 0.6817, moment 0.2412, torque Some(-0.00022965077156045233)
smoothing 0.003 evaluation 6240: force 0.6817, moment 0.2412, torque Some(-0.00022961833115464625)
smoothing 0.003 evaluation 6260: force 0.6817, moment 0.2412, torque Some(-0.00022927398313898895)
smoothing 0.003 evaluation 6280: force 0.6817, moment 0.2412, torque Some(-0.00022961833115464625)
smoothing 0.003 evaluation 6300: force 0.6817, moment 0.2412, torque Some(-0.00022951842866425487)
smoothing 0.003 evaluation 6320: force 0.6817, moment 0.2412, torque Some(-0.00022961833115464625)
smoothing 0.003 evaluation 6340: force 0.6818, moment 0.2414, torque Some(-0.00022962095343237454)
smoothing 0.003 evaluation 6360: force 0.6817, moment 0.2412, torque Some(-0.00022961833115464625)
smoothing 0.003 evaluation 6380: force 0.5875, moment 0.2171, torque Some(-0.00042238518466892333)
smoothing 0.003 evaluation 6400: force 0.5875, moment 0.2171, torque Some(-0.00042238518466892333)
smoothing 0.003 evaluation 6420: force 0.5875, moment 0.2171, torque Some(-0.00042238518466892333)
smoothing 0.003 evaluation 6440: force 0.5875, moment 0.2171, torque Some(-0.00042238518466892333)
smoothing 0.003 evaluation 6460: force 0.5875, moment 0.2171, torque Some(-0.00042238518466892333)
smoothing 0.003 evaluation 6480: force 0.5875, moment 0.2171, torque Some(-0.00042238518466892333)
smoothing 0.003 evaluation 6500: force 0.5875, moment 0.2171, torque Some(-0.00042238518466892333)
smoothing 0.003 evaluation 6520: force 0.5875, moment 0.2171, torque Some(-0.00042238518466892333)
smoothing 0.003 evaluation 6540: force 0.5875, moment 0.2171, torque Some(-0.00042238518466892333)
smoothing 0.003 evaluation 6560: force 0.5875, moment 0.2171, torque Some(-0.00042238518466892333)
smoothing 0.003 evaluation 6580: force 0.5875, moment 0.2171, torque Some(-0.000422383046523013)
smoothing 0.003 evaluation 6600: force 0.5875, moment 0.2171, torque Some(-0.00042238518466892333)
smoothing 0.003 evaluation 6620: force 0.5875, moment 0.2171, torque Some(-0.00042236479901865825)
smoothing 0.003 evaluation 6640: force 0.5875, moment 0.2171, torque Some(-0.00042238337596071235)
smoothing 0.003 evaluation 6660: force 0.4485, moment 0.1893, torque Some(-0.005590819814228154)
smoothing 0.003 evaluation 6680: force 0.4485, moment 0.1893, torque Some(-0.005590819814228154)
smoothing 0.003 evaluation 6700: force 0.4485, moment 0.1892, torque Some(-0.005590819814228154)
smoothing 0.003 evaluation 6720: force 0.4485, moment 0.1893, torque Some(-0.005590819814228154)
smoothing 0.003 evaluation 6740: force 0.4485, moment 0.1893, torque Some(-0.005590819814228154)
smoothing 0.003 evaluation 6760: force 0.4485, moment 0.1893, torque Some(-0.005590819814228154)
smoothing 0.003 evaluation 6780: force 0.4485, moment 0.1893, torque Some(-0.005590819814228154)
smoothing 0.003 evaluation 6800: force 0.4485, moment 0.1893, torque Some(-0.005590825658778664)
smoothing 0.003 evaluation 6820: force 0.4485, moment 0.1893, torque Some(-0.005590819814228154)
smoothing 0.003 evaluation 6840: force 0.4485, moment 0.1893, torque Some(-0.005590654143694751)
smoothing 0.003 evaluation 6860: force 0.4485, moment 0.1893, torque Some(-0.005590819814228154)
smoothing 0.003 evaluation 6880: force 0.4485, moment 0.1893, torque Some(-0.005589125525294558)
smoothing 0.003 evaluation 6900: force 0.4485, moment 0.1893, torque Some(-0.005590819814228154)
smoothing 0.003 evaluation 6920: force 0.4485, moment 0.1893, torque Some(-0.005590818687995602)
smoothing 0.003 evaluation 6940: force 0.4485, moment 0.1893, torque Some(-0.005590819814228487)
smoothing 0.003 evaluation 6960: force 0.3941, moment 0.1801, torque Some(-9.745413999930758e-5)
smoothing 0.003 evaluation 6980: force 0.3932, moment 0.1800, torque Some(-9.745413999930758e-5)
smoothing 0.003 evaluation 7000: force 0.3941, moment 0.1801, torque Some(-9.745413999930758e-5)
smoothing 0.003 evaluation 7020: force 0.3941, moment 0.1801, torque Some(-9.745413999930758e-5)
smoothing 0.003 evaluation 7040: force 0.3941, moment 0.1800, torque Some(-9.745413999930758e-5)
smoothing 0.003 evaluation 7060: force 0.3941, moment 0.1801, torque Some(-9.745413999930758e-5)
smoothing 0.003 evaluation 7080: force 0.3941, moment 0.1801, torque Some(-9.745413999930758e-5)
smoothing 0.003 evaluation 7100: force 0.3941, moment 0.1801, torque Some(-9.745413999930758e-5)
smoothing 0.003 evaluation 7120: force 0.3941, moment 0.1801, torque Some(-9.745413999930758e-5)
smoothing 0.003 evaluation 7140: force 0.3941, moment 0.1801, torque Some(-9.745413999930758e-5)
smoothing 0.003 evaluation 7160: force 0.3941, moment 0.1801, torque Some(-9.746258829525928e-5)
smoothing 0.003 evaluation 7180: force 0.3941, moment 0.1801, torque Some(-9.745413999930758e-5)
smoothing 0.003 evaluation 7200: force 0.3948, moment 0.1801, torque Some(-9.740511790393841e-5)
smoothing 0.003 evaluation 7220: force 0.3934, moment 0.1801, torque Some(-9.821465226227816e-5)
smoothing 0.003 evaluation 7240: force 0.3872, moment 0.1656, torque Some(-0.00022922273164838192)
smoothing 0.003 evaluation 7260: force 0.3872, moment 0.1656, torque Some(-0.00022922273164838192)
smoothing 0.003 evaluation 7280: force 0.3879, moment 0.1656, torque Some(-0.00022922273164838192)
smoothing 0.003 evaluation 7300: force 0.3872, moment 0.1656, torque Some(-0.00022922273164838192)
smoothing 0.003 evaluation 7320: force 0.3872, moment 0.1656, torque Some(-0.00022922273164838192)
smoothing 0.003 evaluation 7340: force 0.3872, moment 0.1656, torque Some(-0.00022922273164838192)
smoothing 0.003 evaluation 7360: force 0.3872, moment 0.1656, torque Some(-0.00022922273164838192)
smoothing 0.003 evaluation 7380: force 0.3872, moment 0.1656, torque Some(-0.0002292085870366778)
smoothing 0.003 evaluation 7400: force 0.3872, moment 0.1656, torque Some(-0.00022922273164838192)
smoothing 0.003 evaluation 7420: force 0.3872, moment 0.1656, torque Some(-0.0002297308602050574)
smoothing 0.003 evaluation 7440: force 0.3872, moment 0.1656, torque Some(-0.00022922273164838192)
smoothing 0.003 evaluation 7460: force 0.3872, moment 0.1656, torque Some(-0.0002292489811639431)
smoothing 0.003 evaluation 7480: force 0.3872, moment 0.1657, torque Some(-0.00022922273164838192)
smoothing 0.003 evaluation 7500: force 0.3872, moment 0.1656, torque Some(-0.00022922273164838192)
smoothing 0.003 evaluation 7520: force 0.3878, moment 0.1656, torque Some(-0.00022922273164838192)
smoothing 0.003 evaluation 7540: force 0.3586, moment 0.1667, torque Some(1.054064682892708e-5)
smoothing 0.003 evaluation 7560: force 0.3586, moment 0.1667, torque Some(1.054064682892708e-5)
smoothing 0.003 evaluation 7580: force 0.3586, moment 0.1667, torque Some(1.054064682892708e-5)
smoothing 0.003 evaluation 7600: force 0.3586, moment 0.1667, torque Some(1.054064682892708e-5)
smoothing 0.003 evaluation 7620: force 0.3586, moment 0.1667, torque Some(1.054064682892708e-5)
smoothing 0.003 evaluation 7640: force 0.3586, moment 0.1667, torque Some(1.054064682892708e-5)
smoothing 0.003 evaluation 7660: force 0.3586, moment 0.1667, torque Some(1.054064682892708e-5)
smoothing 0.003 evaluation 7680: force 0.3586, moment 0.1667, torque Some(1.0515684695233674e-5)
smoothing 0.003 evaluation 7700: force 0.3586, moment 0.1667, torque Some(1.1276637250645649e-5)
smoothing 0.003 evaluation 7720: force 0.3586, moment 0.1667, torque Some(1.054064682892708e-5)
smoothing 0.003 evaluation 7740: force 0.3586, moment 0.1667, torque Some(1.0597096921527438e-5)
smoothing 0.003 evaluation 7760: force 0.3586, moment 0.1667, torque Some(1.054064682892708e-5)
smoothing 0.003 evaluation 7780: force 0.3586, moment 0.1667, torque Some(1.0573836557781213e-5)
smoothing 0.003 evaluation 7800: force 0.3586, moment 0.1667, torque Some(1.054064682892708e-5)
smoothing 0.003 evaluation 7820: force 0.3321, moment 0.1444, torque Some(-0.003469576968901378)
smoothing 0.003 evaluation 7840: force 0.3321, moment 0.1444, torque Some(-0.003469576968901378)
smoothing 0.003 evaluation 7860: force 0.3320, moment 0.1444, torque Some(-0.003469576968901378)
smoothing 0.003 evaluation 7880: force 0.3321, moment 0.1444, torque Some(-0.003469576968901378)
smoothing 0.003 evaluation 7900: force 0.3321, moment 0.1444, torque Some(-0.003469576968901378)
smoothing 0.003 evaluation 7920: force 0.3321, moment 0.1444, torque Some(-0.003469576968901378)
smoothing 0.003 evaluation 7940: force 0.3321, moment 0.1444, torque Some(-0.003469576968901378)
smoothing 0.003 evaluation 7960: force 0.3321, moment 0.1444, torque Some(-0.003469573097549805)
smoothing 0.003 evaluation 7980: force 0.3321, moment 0.1444, torque Some(-0.003469576968901378)
smoothing 0.003 evaluation 8000: force 0.3321, moment 0.1444, torque Some(-0.0034697402160051016)
smoothing 0.003 evaluation 8020: force 0.3321, moment 0.1444, torque Some(-0.003469576968901378)
smoothing 0.003 evaluation 8040: force 0.3321, moment 0.1444, torque Some(-0.0034712692934099065)
smoothing 0.003 evaluation 8060: force 0.3321, moment 0.1444, torque Some(-0.003469576968901378)
smoothing 0.003 evaluation 8080: force 0.3321, moment 0.1444, torque Some(-0.0034695779534189564)
smoothing 0.003 evaluation 8100: force 0.3321, moment 0.1444, torque Some(-0.0034695769689011557)
smoothing 0.003 evaluation 8120: force 0.3314, moment 0.1473, torque Some(-0.00029292250811974174)
smoothing 0.003 evaluation 8140: force 0.3314, moment 0.1473, torque Some(-0.00029292250811974174)
smoothing 0.003 evaluation 8160: force 0.3314, moment 0.1473, torque Some(-0.00029292250811974174)
smoothing 0.003 evaluation 8180: force 0.3314, moment 0.1473, torque Some(-0.00029292250811974174)
smoothing 0.003 evaluation 8200: force 0.3314, moment 0.1473, torque Some(-0.00029292250811974174)
smoothing 0.003 evaluation 8220: force 0.3314, moment 0.1473, torque Some(-0.00029292250811974174)
smoothing 0.003 evaluation 8240: force 0.3314, moment 0.1473, torque Some(-0.00029292250811974174)
smoothing 0.003 evaluation 8260: force 0.3314, moment 0.1473, torque Some(-0.00029289783935138036)
smoothing 0.003 evaluation 8280: force 0.3314, moment 0.1473, torque Some(-0.0002936584790115271)
smoothing 0.003 evaluation 8300: force 0.3314, moment 0.1473, torque Some(-0.00029292250811974174)
smoothing 0.003 evaluation 8320: force 0.3314, moment 0.1473, torque Some(-0.000292978231922425)
smoothing 0.003 evaluation 8340: force 0.3314, moment 0.1473, torque Some(-0.00029292250811974174)
smoothing 0.003 evaluation 8360: force 0.3314, moment 0.1473, torque Some(-0.0002929556925247434)
smoothing 0.003 evaluation 8380: force 0.3314, moment 0.1473, torque Some(-0.00029292250811974174)
smoothing 0.003 evaluation 8400: force 0.3313, moment 0.1472, torque Some(-0.00010171759590882345)
smoothing 0.003 evaluation 8420: force 0.3313, moment 0.1472, torque Some(-0.00010171759590882345)
smoothing 0.003 evaluation 8440: force 0.3321, moment 0.1472, torque Some(-0.00010171759590882345)
smoothing 0.003 evaluation 8460: force 0.3313, moment 0.1472, torque Some(-0.00010171759590882345)
smoothing 0.003 evaluation 8480: force 0.3313, moment 0.1472, torque Some(-0.00010171759590882345)
smoothing 0.003 evaluation 8500: force 0.3313, moment 0.1472, torque Some(-0.00010171759590882345)
smoothing 0.003 evaluation 8520: force 0.3313, moment 0.1472, torque Some(-0.00010171759590882345)
smoothing 0.003 evaluation 8540: force 0.3313, moment 0.1472, torque Some(-0.00010170322266511711)
smoothing 0.003 evaluation 8560: force 0.3313, moment 0.1472, torque Some(-0.00010171759590882345)
smoothing 0.003 evaluation 8580: force 0.3313, moment 0.1472, torque Some(-0.00010222611836918638)
smoothing 0.003 evaluation 8600: force 0.3313, moment 0.1472, torque Some(-0.00010171759590882345)
smoothing 0.003 evaluation 8620: force 0.3313, moment 0.1472, torque Some(-0.00010174379180627469)
smoothing 0.003 evaluation 8640: force 0.3313, moment 0.1472, torque Some(-0.00010171759590882345)
smoothing 0.003 evaluation 8660: force 0.3313, moment 0.1472, torque Some(-0.00010171759590882345)
smoothing 0.003 evaluation 8680: force 0.3319, moment 0.1472, torque Some(-0.00010171759590871243)
smoothing 0.003 evaluation 8700: force 0.3310, moment 0.1471, torque Some(-0.0010684959958734072)
smoothing 0.003 evaluation 8720: force 0.3310, moment 0.1471, torque Some(-0.0010684959958734072)
smoothing 0.003 evaluation 8740: force 0.3310, moment 0.1471, torque Some(-0.0010684959958734072)
smoothing 0.003 evaluation 8760: force 0.3310, moment 0.1471, torque Some(-0.0010684959958734072)
smoothing 0.003 evaluation 8780: force 0.3310, moment 0.1471, torque Some(-0.0010684959958734072)
smoothing 0.003 evaluation 8800: force 0.3310, moment 0.1471, torque Some(-0.0010684959958734072)
smoothing 0.003 evaluation 8820: force 0.3310, moment 0.1471, torque Some(-0.0010684959958734072)
smoothing 0.003 evaluation 8840: force 0.3310, moment 0.1471, torque Some(-0.0010684959958734072)
smoothing 0.003 evaluation 8860: force 0.3310, moment 0.1472, torque Some(-0.001068492777849428)
smoothing 0.003 evaluation 8880: force 0.3310, moment 0.1471, torque Some(-0.0010684959958734072)
smoothing 0.003 evaluation 8900: force 0.3310, moment 0.1471, torque Some(-0.0010683847581904465)
smoothing 0.003 evaluation 8920: force 0.3310, moment 0.1471, torque Some(-0.0010684962811542409)
smoothing 0.003 evaluation 8940: force 0.3309, moment 0.1472, torque Some(-0.0010684946953949115)
smoothing 0.003 evaluation 8960: force 0.3310, moment 0.1471, torque Some(-0.0010685199114556648)
smoothing 0.003 evaluation 8980: force 0.3308, moment 0.1472, torque Some(-9.399122281870953e-5)
smoothing 0.003 evaluation 9000: force 0.3308, moment 0.1472, torque Some(-9.399122281870953e-5)
smoothing 0.003 evaluation 9020: force 0.3308, moment 0.1472, torque Some(-9.399122281870953e-5)
smoothing 0.003 evaluation 9040: force 0.3308, moment 0.1472, torque Some(-9.399122281870953e-5)
smoothing 0.003 evaluation 9060: force 0.3308, moment 0.1472, torque Some(-9.399122281870953e-5)
smoothing 0.003 evaluation 9080: force 0.3308, moment 0.1472, torque Some(-9.399122281870953e-5)
smoothing 0.003 evaluation 9100: force 0.3308, moment 0.1472, torque Some(-9.399122281870953e-5)
smoothing 0.003 evaluation 9120: force 0.3308, moment 0.1472, torque Some(-9.399489395867794e-5)
smoothing 0.003 evaluation 9140: force 0.3308, moment 0.1472, torque Some(-9.3969366993997e-5)
smoothing 0.003 evaluation 9160: force 0.3308, moment 0.1472, torque Some(-9.399122281870953e-5)
smoothing 0.003 evaluation 9180: force 0.3308, moment 0.1472, torque Some(-9.399122281870953e-5)
smoothing 0.003 evaluation 9200: force 0.3308, moment 0.1472, torque Some(-9.399122281870953e-5)
smoothing 0.003 evaluation 9220: force 0.3308, moment 0.1473, torque Some(-9.398835240158332e-5)
smoothing 0.003 evaluation 9240: force 0.3308, moment 0.1472, torque Some(-9.399122281870953e-5)
smoothing 0.003 evaluation 9260: force 0.3305, moment 0.1469, torque Some(-3.4660458157032004e-5)
smoothing 0.003 evaluation 9280: force 0.3305, moment 0.1469, torque Some(-3.4660458157032004e-5)
smoothing 0.003 evaluation 9300: force 0.3297, moment 0.1469, torque Some(-3.4660458157032004e-5)
smoothing 0.003 evaluation 9320: force 0.3310, moment 0.1469, torque Some(-3.4660458157032004e-5)
smoothing 0.003 evaluation 9340: force 0.3305, moment 0.1469, torque Some(-3.4660458157032004e-5)
smoothing 0.003 evaluation 9360: force 0.3305, moment 0.1469, torque Some(-3.4660458157032004e-5)
smoothing 0.003 evaluation 9380: force 0.3305, moment 0.1469, torque Some(-3.4660458157032004e-5)
smoothing 0.003 evaluation 9400: force 0.3305, moment 0.1469, torque Some(-3.4660458157032004e-5)
smoothing 0.003 evaluation 9420: force 0.3305, moment 0.1469, torque Some(-3.4660458157032004e-5)
smoothing 0.003 evaluation 9440: force 0.3305, moment 0.1469, torque Some(-3.473596910263943e-5)
smoothing 0.003 evaluation 9460: force 0.3305, moment 0.1469, torque Some(-3.4660458157032004e-5)
smoothing 0.003 evaluation 9480: force 0.3305, moment 0.1469, torque Some(-3.47422286746113e-5)
smoothing 0.003 evaluation 9500: force 0.3305, moment 0.1469, torque Some(-3.4660458157032004e-5)
smoothing 0.003 evaluation 9520: force 0.3305, moment 0.1469, torque Some(-3.4761692442097925e-5)
smoothing 0.003 evaluation 9540: force 0.3305, moment 0.1469, torque Some(-3.4660458157032004e-5)
smoothing 0.003 evaluation 9560: force 0.3300, moment 0.1462, torque Some(-2.757518350327004e-5)
smoothing 0.003 evaluation 9580: force 0.3300, moment 0.1462, torque Some(-2.757518350327004e-5)
smoothing 0.003 evaluation 9600: force 0.3300, moment 0.1462, torque Some(-2.757518350327004e-5)
smoothing 0.003 evaluation 9620: force 0.3300, moment 0.1462, torque Some(-2.757518350327004e-5)
smoothing 0.003 evaluation 9640: force 0.3300, moment 0.1462, torque Some(-2.757518350327004e-5)
smoothing 0.003 evaluation 9660: force 0.3300, moment 0.1462, torque Some(-2.757518350327004e-5)
smoothing 0.003 evaluation 9680: force 0.3300, moment 0.1462, torque Some(-2.757518350327004e-5)
smoothing 0.003 evaluation 9700: force 0.3300, moment 0.1462, torque Some(-2.7269928500550655e-5)
smoothing 0.003 evaluation 9720: force 0.3300, moment 0.1462, torque Some(-2.757518350327004e-5)
smoothing 0.003 evaluation 9740: force 0.3300, moment 0.1462, torque Some(-2.7440126530442477e-5)
smoothing 0.003 evaluation 9760: force 0.3300, moment 0.1462, torque Some(-2.757518350327004e-5)
smoothing 0.003 evaluation 9780: force 0.3300, moment 0.1462, torque Some(-2.757518350327004e-5)
smoothing 0.003 evaluation 9800: force 0.3292, moment 0.1462, torque Some(-2.758951310000146e-5)
smoothing 0.003 evaluation 9820: force 0.3300, moment 0.1462, torque Some(-2.757518350327004e-5)
smoothing 0.003 evaluation 9840: force 0.3290, moment 0.1453, torque Some(-2.233258379569225e-5)
smoothing 0.003 evaluation 9860: force 0.3291, moment 0.1453, torque Some(-2.233258379569225e-5)
smoothing 0.003 evaluation 9880: force 0.3291, moment 0.1453, torque Some(-2.233258379569225e-5)
smoothing 0.003 evaluation 9900: force 0.3290, moment 0.1453, torque Some(-2.233258379569225e-5)
smoothing 0.003 evaluation 9920: force 0.3290, moment 0.1453, torque Some(-2.233258379569225e-5)
smoothing 0.003 evaluation 9940: force 0.3290, moment 0.1453, torque Some(-2.233258379569225e-5)
smoothing 0.003 evaluation 9960: force 0.3290, moment 0.1453, torque Some(-2.233258379569225e-5)
smoothing 0.003 evaluation 9980: force 0.3290, moment 0.1453, torque Some(-2.276898734410171e-5)
smoothing 0.003 evaluation 10000: force 0.3290, moment 0.1453, torque Some(-2.233258379569225e-5)
smoothing 0.003 evaluation 10020: force 0.3290, moment 0.1453, torque Some(-2.2211128057780805e-5)
smoothing 0.003 evaluation 10040: force 0.3290, moment 0.1453, torque Some(-2.233258379569225e-5)
smoothing 0.003 evaluation 10060: force 0.3290, moment 0.1453, torque Some(-2.228379375224243e-5)
smoothing 0.003 evaluation 10080: force 0.3290, moment 0.1453, torque Some(-2.233258379569225e-5)
smoothing 0.003 evaluation 10100: force 0.3292, moment 0.1453, torque Some(-2.262794486185271e-5)
smoothing 0.003 evaluation 10120: force 0.3290, moment 0.1453, torque Some(-2.233258379569225e-5)
smoothing 0.003 evaluation 10140: force 0.3259, moment 0.1451, torque Some(-2.092357855543181e-5)
smoothing 0.003 evaluation 10160: force 0.3260, moment 0.1451, torque Some(-2.092357855543181e-5)
smoothing 0.003 evaluation 10180: force 0.3259, moment 0.1451, torque Some(-2.092357855543181e-5)
smoothing 0.003 evaluation 10200: force 0.3259, moment 0.1451, torque Some(-2.092357855543181e-5)
smoothing 0.003 evaluation 10220: force 0.3259, moment 0.1451, torque Some(-2.092357855543181e-5)
smoothing 0.003 evaluation 10240: force 0.3259, moment 0.1451, torque Some(-2.092357855543181e-5)
smoothing 0.003 evaluation 10260: force 0.3259, moment 0.1451, torque Some(-2.092357855543181e-5)
smoothing 0.003 evaluation 10280: force 0.3259, moment 0.1451, torque Some(-2.088124965571314e-5)
smoothing 0.003 evaluation 10300: force 0.3259, moment 0.1451, torque Some(-2.092357855543181e-5)
smoothing 0.003 evaluation 10320: force 0.3259, moment 0.1451, torque Some(-2.0712230821118283e-5)
smoothing 0.003 evaluation 10340: force 0.3259, moment 0.1451, torque Some(-2.0770682490400816e-5)
smoothing 0.003 evaluation 10360: force 0.3259, moment 0.1451, torque Some(-2.092357855543181e-5)
smoothing 0.003 evaluation 10380: force 0.3259, moment 0.1451, torque Some(-2.0921333816814602e-5)
smoothing 0.003 evaluation 10400: force 0.3260, moment 0.1451, torque Some(-2.092357855543181e-5)
smoothing 0.003 evaluation 10420: force 0.3171, moment 0.1451, torque Some(-1.2126225899300458e-5)
smoothing 0.003 evaluation 10440: force 0.3171, moment 0.1451, torque Some(-1.2126225899300458e-5)
smoothing 0.003 evaluation 10460: force 0.3171, moment 0.1451, torque Some(-1.2126225899300458e-5)
smoothing 0.003 evaluation 10480: force 0.3171, moment 0.1451, torque Some(-1.2126225899300458e-5)
smoothing 0.003 evaluation 10500: force 0.3171, moment 0.1451, torque Some(-1.2126225899300458e-5)
smoothing 0.003 evaluation 10520: force 0.3171, moment 0.1451, torque Some(-1.2126225899300458e-5)
smoothing 0.003 evaluation 10540: force 0.3171, moment 0.1451, torque Some(-1.2126225899300458e-5)
smoothing 0.003 evaluation 10560: force 0.3171, moment 0.1451, torque Some(-1.2088803260756897e-5)
smoothing 0.003 evaluation 10580: force 0.3171, moment 0.1451, torque Some(-1.2126225899300458e-5)
smoothing 0.003 evaluation 10600: force 0.3171, moment 0.1451, torque Some(-1.2323548908788062e-5)
smoothing 0.003 evaluation 10620: force 0.3171, moment 0.1451, torque Some(-1.2126225899300458e-5)
smoothing 0.003 evaluation 10640: force 0.3171, moment 0.1451, torque Some(-1.2222301995379325e-5)
smoothing 0.003 evaluation 10660: force 0.3171, moment 0.1451, torque Some(-1.2126225899300458e-5)
smoothing 0.003 evaluation 10680: force 0.3179, moment 0.1451, torque Some(-1.2123629896554355e-5)
smoothing 0.003 evaluation 10700: force 0.3171, moment 0.1451, torque Some(-1.2126225899300458e-5)
smoothing 0.003 evaluation 10720: force 0.3022, moment 0.1444, torque Some(-3.460669510108039e-5)
smoothing 0.003 evaluation 10740: force 0.3030, moment 0.1444, torque Some(-3.460669510108039e-5)
smoothing 0.003 evaluation 10760: force 0.3022, moment 0.1444, torque Some(-3.460669510108039e-5)
smoothing 0.003 evaluation 10780: force 0.3022, moment 0.1444, torque Some(-3.460669510108039e-5)
smoothing 0.003 evaluation 10800: force 0.3022, moment 0.1444, torque Some(-3.460669510108039e-5)
smoothing 0.003 evaluation 10820: force 0.3022, moment 0.1444, torque Some(-3.460669510108039e-5)
smoothing 0.003 evaluation 10840: force 0.3022, moment 0.1444, torque Some(-3.460669510108039e-5)
smoothing 0.003 evaluation 10860: force 0.3022, moment 0.1444, torque Some(-3.460669510108039e-5)
smoothing 0.003 evaluation 10880: force 0.3022, moment 0.1444, torque Some(-3.460669510108039e-5)
smoothing 0.003 evaluation 10900: force 0.3022, moment 0.1444, torque Some(-3.460669510108039e-5)
smoothing 0.003 evaluation 10920: force 0.3022, moment 0.1444, torque Some(-3.459891839966561e-5)
smoothing 0.003 evaluation 10940: force 0.3022, moment 0.1444, torque Some(-3.460669510108039e-5)
smoothing 0.003 evaluation 10960: force 0.3014, moment 0.1444, torque Some(-3.46560019379924e-5)
smoothing 0.003 evaluation 10980: force 0.3027, moment 0.1444, torque Some(-3.3846045671658e-5)
smoothing 0.003 evaluation 11000: force 0.3046, moment 0.1443, torque Some(-0.00034403317416276114)
smoothing 0.003 evaluation 11020: force 0.3046, moment 0.1443, torque Some(-0.00034403317416276114)
smoothing 0.003 evaluation 11040: force 0.3046, moment 0.1443, torque Some(-0.00034403317416276114)
smoothing 0.003 evaluation 11060: force 0.3046, moment 0.1443, torque Some(-0.00034403317416276114)
smoothing 0.003 evaluation 11080: force 0.3046, moment 0.1443, torque Some(-0.00034403317416276114)
smoothing 0.003 evaluation 11100: force 0.3046, moment 0.1443, torque Some(-0.00034403317416276114)
smoothing 0.003 evaluation 11120: force 0.3046, moment 0.1443, torque Some(-0.00034403317416276114)
smoothing 0.003 evaluation 11140: force 0.3046, moment 0.1443, torque Some(-0.00034403656922477044)
smoothing 0.003 evaluation 11160: force 0.3046, moment 0.1443, torque Some(-0.00034403317416276114)
smoothing 0.003 evaluation 11180: force 0.3046, moment 0.1443, torque Some(-0.0003438693548666327)
smoothing 0.003 evaluation 11200: force 0.3046, moment 0.1443, torque Some(-0.00034403317416276114)
smoothing 0.003 evaluation 11220: force 0.3046, moment 0.1443, torque Some(-0.00034234313584724507)
smoothing 0.003 evaluation 11240: force 0.3046, moment 0.1443, torque Some(-0.00034403317416276114)
smoothing 0.003 evaluation 11260: force 0.3046, moment 0.1443, torque Some(-0.0003440322005472396)
smoothing 0.003 evaluation 11280: force 0.3046, moment 0.1443, torque Some(-0.0003440331741629832)
smoothing 0.003 evaluation 11300: force 0.3025, moment 0.1437, torque Some(-9.327699419664492e-6)
smoothing 0.003 evaluation 11320: force 0.3025, moment 0.1437, torque Some(-9.327699419664492e-6)
smoothing 0.003 evaluation 11340: force 0.3025, moment 0.1437, torque Some(-9.327699419664492e-6)
smoothing 0.003 evaluation 11360: force 0.3025, moment 0.1437, torque Some(-9.327699419664492e-6)
smoothing 0.003 evaluation 11380: force 0.3025, moment 0.1437, torque Some(-9.327699419664492e-6)
smoothing 0.003 evaluation 11400: force 0.3025, moment 0.1437, torque Some(-9.327699419664492e-6)
smoothing 0.003 evaluation 11420: force 0.3025, moment 0.1437, torque Some(-9.327699419664492e-6)
smoothing 0.003 evaluation 11440: force 0.3025, moment 0.1437, torque Some(-9.327699419664492e-6)
smoothing 0.003 evaluation 11460: force 0.3025, moment 0.1437, torque Some(-9.327699419664492e-6)
smoothing 0.003 evaluation 11480: force 0.3025, moment 0.1437, torque Some(-9.327699419664492e-6)
smoothing 0.003 evaluation 11500: force 0.3025, moment 0.1437, torque Some(-9.3347952331152e-6)
smoothing 0.003 evaluation 11520: force 0.3025, moment 0.1437, torque Some(-9.327699419664492e-6)
smoothing 0.003 evaluation 11540: force 0.3025, moment 0.1437, torque Some(-9.27782372903141e-6)
smoothing 0.003 evaluation 11560: force 0.3025, moment 0.1437, torque Some(-1.0088888220273484e-5)
stage 0.003: IterationLimit, planning tolerances false
smoothing 0.001 evaluation 20: force 61.5771, moment 7.5457, torque Some(-3.7899650500227793)
smoothing 0.001 evaluation 40: force 61.5771, moment 7.5457, torque Some(-3.789928982477335)
smoothing 0.001 evaluation 60: force 61.5770, moment 7.5457, torque Some(-3.7899650500227793)
smoothing 0.001 evaluation 80: force 61.5771, moment 7.5457, torque Some(-3.7899646959604087)
smoothing 0.001 evaluation 100: force 61.5771, moment 7.5457, torque Some(-3.7899650500227793)
smoothing 0.001 evaluation 120: force 61.5771, moment 7.5457, torque Some(-3.7899650500227793)
smoothing 0.001 evaluation 140: force 61.5771, moment 7.5457, torque Some(-3.7899650500227793)
smoothing 0.001 evaluation 160: force 61.5771, moment 7.5457, torque Some(-3.7899650500227793)
smoothing 0.001 evaluation 180: force 61.5771, moment 7.5457, torque Some(-3.7899650500227793)
smoothing 0.001 evaluation 200: force 61.5771, moment 7.5456, torque Some(-3.7899650500227793)
smoothing 0.001 evaluation 220: force 61.5771, moment 7.5457, torque Some(-3.7899650500227793)
smoothing 0.001 evaluation 240: force 61.5771, moment 7.5457, torque Some(-3.7899650500227793)
smoothing 0.001 evaluation 260: force 61.5771, moment 7.5457, torque Some(-3.78996509776824)
smoothing 0.001 evaluation 280: force 61.5771, moment 7.5457, torque Some(-3.7899650500227793)
smoothing 0.001 evaluation 300: force 59.3525, moment 22.4037, torque Some(-3.095628477094075)
smoothing 0.001 evaluation 320: force 59.3525, moment 22.4037, torque Some(-3.095628477094075)
smoothing 0.001 evaluation 340: force 59.3525, moment 22.4037, torque Some(-3.095628477094075)
smoothing 0.001 evaluation 360: force 59.3525, moment 22.4037, torque Some(-3.095628477094075)
smoothing 0.001 evaluation 380: force 59.3525, moment 22.4037, torque Some(-3.095628477094075)
smoothing 0.001 evaluation 400: force 59.3525, moment 22.4037, torque Some(-3.09562839489129)
smoothing 0.001 evaluation 420: force 59.3524, moment 22.4037, torque Some(-3.095628477094075)
smoothing 0.001 evaluation 440: force 59.3523, moment 22.4035, torque Some(-3.095602974206116)
smoothing 0.001 evaluation 460: force 59.3524, moment 22.4037, torque Some(-3.095628477094075)
smoothing 0.001 evaluation 480: force 59.3525, moment 22.4037, torque Some(-3.095628465265956)
smoothing 0.001 evaluation 500: force 59.3525, moment 22.4037, torque Some(-3.095628477094075)
smoothing 0.001 evaluation 520: force 59.3525, moment 22.4037, torque Some(-3.095628477094075)
smoothing 0.001 evaluation 540: force 59.3525, moment 22.4037, torque Some(-3.095628477094075)
smoothing 0.001 evaluation 560: force 59.3525, moment 22.4037, torque Some(-3.095628477094075)
smoothing 0.001 evaluation 580: force 59.3525, moment 22.4037, torque Some(-3.095628477094075)
smoothing 0.001 evaluation 600: force 24.4618, moment 9.7390, torque Some(-0.574042436773351)
smoothing 0.001 evaluation 620: force 24.4618, moment 9.7390, torque Some(-0.574042436773351)
smoothing 0.001 evaluation 640: force 24.4618, moment 9.7390, torque Some(-0.574042436773351)
smoothing 0.001 evaluation 660: force 24.4618, moment 9.7390, torque Some(-0.5740424571806495)
smoothing 0.001 evaluation 680: force 24.4618, moment 9.7390, torque Some(-0.574042436773351)
smoothing 0.001 evaluation 700: force 24.4618, moment 9.7389, torque Some(-0.5740395147765802)
smoothing 0.001 evaluation 720: force 24.4619, moment 9.7390, torque Some(-0.574042436773351)
smoothing 0.001 evaluation 740: force 24.4621, moment 9.7391, torque Some(-0.5740627168991437)
smoothing 0.001 evaluation 760: force 24.4618, moment 9.7389, torque Some(-0.5740424557114243)
smoothing 0.001 evaluation 780: force 24.4618, moment 9.7390, torque Some(-0.574042436773351)
smoothing 0.001 evaluation 800: force 24.4618, moment 9.7390, torque Some(-0.574042436773351)
smoothing 0.001 evaluation 820: force 24.4618, moment 9.7390, torque Some(-0.574042436773351)
smoothing 0.001 evaluation 840: force 24.4618, moment 9.7390, torque Some(-0.574042436773351)
smoothing 0.001 evaluation 860: force 24.4618, moment 9.7390, torque Some(-0.574042436773351)
smoothing 0.001 evaluation 880: force 13.2806, moment 6.1141, torque Some(-0.2759865830206414)
smoothing 0.001 evaluation 900: force 13.2806, moment 6.1142, torque Some(-0.2759865830206414)
smoothing 0.001 evaluation 920: force 13.2806, moment 6.1142, torque Some(-0.2759865830206414)
smoothing 0.001 evaluation 940: force 13.2806, moment 6.1142, torque Some(-0.2759864024926604)
smoothing 0.001 evaluation 960: force 13.2806, moment 6.1142, torque Some(-0.27598668388780045)
smoothing 0.001 evaluation 980: force 13.2806, moment 6.1142, torque Some(-0.2759865830206414)
smoothing 0.001 evaluation 1000: force 13.2806, moment 6.1142, torque Some(-0.2759865830206414)
smoothing 0.001 evaluation 1020: force 13.2806, moment 6.1142, torque Some(-0.2759865830206414)
smoothing 0.001 evaluation 1040: force 13.2806, moment 6.1142, torque Some(-0.2759865830206414)
smoothing 0.001 evaluation 1060: force 13.2806, moment 6.1142, torque Some(-0.2759865830206414)
smoothing 0.001 evaluation 1080: force 13.2806, moment 6.1142, torque Some(-0.2759865830206414)
smoothing 0.001 evaluation 1100: force 13.2806, moment 6.1142, torque Some(-0.2759865830206414)
smoothing 0.001 evaluation 1120: force 13.2806, moment 6.1142, torque Some(-0.2759865830206414)
smoothing 0.001 evaluation 1140: force 13.2806, moment 6.1142, torque Some(-0.2759865830206414)
smoothing 0.001 evaluation 1160: force 6.5623, moment 3.0815, torque Some(-0.28660039158345296)
smoothing 0.001 evaluation 1180: force 6.5623, moment 3.0815, torque Some(-0.28660039158345296)
smoothing 0.001 evaluation 1200: force 6.5626, moment 3.0817, torque Some(-0.28660039158345296)
smoothing 0.001 evaluation 1220: force 6.5617, moment 3.0815, torque Some(-0.28660039158345296)
smoothing 0.001 evaluation 1240: force 6.5623, moment 3.0815, torque Some(-0.28660039158345296)
smoothing 0.001 evaluation 1260: force 6.5623, moment 3.0815, torque Some(-0.28660039158345296)
smoothing 0.001 evaluation 1280: force 6.5623, moment 3.0815, torque Some(-0.28660039158345296)
smoothing 0.001 evaluation 1300: force 6.5623, moment 3.0815, torque Some(-0.28660039158345296)
smoothing 0.001 evaluation 1320: force 6.5623, moment 3.0815, torque Some(-0.28660039158345296)
smoothing 0.001 evaluation 1340: force 6.5623, moment 3.0815, torque Some(-0.2866001914788785)
smoothing 0.001 evaluation 1360: force 6.5623, moment 3.0815, torque Some(-0.28660039158345296)
smoothing 0.001 evaluation 1380: force 6.5623, moment 3.0815, torque Some(-0.28659939616692887)
smoothing 0.001 evaluation 1400: force 6.5623, moment 3.0815, torque Some(-0.2866011070124219)
smoothing 0.001 evaluation 1420: force 6.5622, moment 3.0815, torque Some(-0.28660039158345296)
smoothing 0.001 evaluation 1440: force 6.5623, moment 3.0815, torque Some(-0.28660039158345296)
smoothing 0.001 evaluation 1460: force 5.8050, moment 2.2590, torque Some(-0.03457288874281628)
smoothing 0.001 evaluation 1480: force 5.8050, moment 2.2589, torque Some(-0.03457288874281628)
smoothing 0.001 evaluation 1500: force 5.8050, moment 2.2589, torque Some(-0.03457288874281628)
smoothing 0.001 evaluation 1520: force 5.8050, moment 2.2589, torque Some(-0.03457288874281628)
smoothing 0.001 evaluation 1540: force 5.8050, moment 2.2589, torque Some(-0.03457288874281628)
smoothing 0.001 evaluation 1560: force 5.8050, moment 2.2589, torque Some(-0.03457288874281628)
smoothing 0.001 evaluation 1580: force 5.8050, moment 2.2589, torque Some(-0.03457288874281628)
smoothing 0.001 evaluation 1600: force 5.8050, moment 2.2589, torque Some(-0.0345732867287416)
smoothing 0.001 evaluation 1620: force 5.8050, moment 2.2589, torque Some(-0.03457288874281628)
smoothing 0.001 evaluation 1640: force 5.8050, moment 2.2589, torque Some(-0.03457288874281628)
smoothing 0.001 evaluation 1660: force 5.8050, moment 2.2589, torque Some(-0.03457288874281628)
smoothing 0.001 evaluation 1680: force 5.8050, moment 2.2589, torque Some(-0.03457288874281628)
smoothing 0.001 evaluation 1700: force 5.8046, moment 2.2587, torque Some(-0.03457288874281628)
smoothing 0.001 evaluation 1720: force 5.8050, moment 2.2589, torque Some(-0.03457288874281628)
smoothing 0.001 evaluation 1740: force 4.9067, moment 1.7735, torque Some(-0.0052902840621630795)
smoothing 0.001 evaluation 1760: force 4.9067, moment 1.7735, torque Some(-0.0052902840621630795)
smoothing 0.001 evaluation 1780: force 4.9068, moment 1.7734, torque Some(-0.0052902840621630795)
smoothing 0.001 evaluation 1800: force 4.9067, moment 1.7735, torque Some(-0.0052902840621630795)
smoothing 0.001 evaluation 1820: force 4.9067, moment 1.7735, torque Some(-0.0052902840621630795)
smoothing 0.001 evaluation 1840: force 4.9067, moment 1.7735, torque Some(-0.0052902840621630795)
smoothing 0.001 evaluation 1860: force 4.9067, moment 1.7735, torque Some(-0.0052902840621630795)
smoothing 0.001 evaluation 1880: force 4.9067, moment 1.7735, torque Some(-0.005290281795555851)
smoothing 0.001 evaluation 1900: force 4.9067, moment 1.7735, torque Some(-0.0052902840621630795)
smoothing 0.001 evaluation 1920: force 4.9067, moment 1.7735, torque Some(-0.005290724889408099)
smoothing 0.001 evaluation 1940: force 4.9067, moment 1.7735, torque Some(-0.0052902840621630795)
smoothing 0.001 evaluation 1960: force 4.9067, moment 1.7735, torque Some(-0.005290244934537919)
smoothing 0.001 evaluation 1980: force 4.9067, moment 1.7735, torque Some(-0.0052902840621630795)
smoothing 0.001 evaluation 2000: force 4.9068, moment 1.7735, torque Some(-0.005290283120823039)
smoothing 0.001 evaluation 2020: force 4.9067, moment 1.7735, torque Some(-0.0052902840621630795)
smoothing 0.001 evaluation 2040: force 2.4166, moment 0.9673, torque Some(-0.001870760127470561)
smoothing 0.001 evaluation 2060: force 2.4166, moment 0.9673, torque Some(-0.0018617826976812246)
smoothing 0.001 evaluation 2080: force 2.4166, moment 0.9673, torque Some(-0.0018617826976812246)
smoothing 0.001 evaluation 2100: force 2.4166, moment 0.9673, torque Some(-0.0018614952197890666)
smoothing 0.001 evaluation 2120: force 2.4166, moment 0.9673, torque Some(-0.0018617826976812246)
smoothing 0.001 evaluation 2140: force 2.4166, moment 0.9673, torque Some(-0.0018617826976812246)
smoothing 0.001 evaluation 2160: force 2.4166, moment 0.9673, torque Some(-0.0018617826976812246)
smoothing 0.001 evaluation 2180: force 2.4166, moment 0.9673, torque Some(-0.0018617826976812246)
smoothing 0.001 evaluation 2200: force 2.4166, moment 0.9673, torque Some(-0.0018617826976812246)
smoothing 0.001 evaluation 2220: force 2.4166, moment 0.9673, torque Some(-0.0018617826976812246)
smoothing 0.001 evaluation 2240: force 2.4167, moment 0.9673, torque Some(-0.0018617826976812246)
smoothing 0.001 evaluation 2260: force 2.4166, moment 0.9673, torque Some(-0.0018617826976812246)
smoothing 0.001 evaluation 2280: force 2.4166, moment 0.9673, torque Some(-0.001861814988518784)
smoothing 0.001 evaluation 2300: force 2.4166, moment 0.9673, torque Some(-0.0018617826976812246)
smoothing 0.001 evaluation 2320: force 2.5556, moment 0.8593, torque Some(-0.003459756990323956)
smoothing 0.001 evaluation 2340: force 2.5556, moment 0.8593, torque Some(-0.003459756990323956)
smoothing 0.001 evaluation 2360: force 2.5556, moment 0.8593, torque Some(-0.003459756990323956)
smoothing 0.001 evaluation 2380: force 2.5556, moment 0.8593, torque Some(-0.003459756990323956)
smoothing 0.001 evaluation 2400: force 2.5556, moment 0.8593, torque Some(-0.003459756990323956)
smoothing 0.001 evaluation 2420: force 2.5556, moment 0.8593, torque Some(-0.003459756990323956)
smoothing 0.001 evaluation 2440: force 2.5556, moment 0.8593, torque Some(-0.003459756990323956)
smoothing 0.001 evaluation 2460: force 2.5556, moment 0.8593, torque Some(-0.0034597746909531546)
smoothing 0.001 evaluation 2480: force 2.5556, moment 0.8593, torque Some(-0.003459756990323956)
smoothing 0.001 evaluation 2500: force 2.5556, moment 0.8593, torque Some(-0.003460962991311295)
smoothing 0.001 evaluation 2520: force 2.5556, moment 0.8593, torque Some(-0.003462448999531395)
smoothing 0.001 evaluation 2540: force 2.5556, moment 0.8593, torque Some(-0.0034597426304146667)
smoothing 0.001 evaluation 2560: force 2.5556, moment 0.8593, torque Some(-0.003459756990323956)
smoothing 0.001 evaluation 2580: force 2.5556, moment 0.8593, torque Some(-0.003459756990323956)
smoothing 0.001 evaluation 2600: force 2.5556, moment 0.8593, torque Some(-0.003459756990323956)
smoothing 0.001 evaluation 2620: force 2.1558, moment 0.8050, torque Some(-0.0005351629807566205)
smoothing 0.001 evaluation 2640: force 2.1558, moment 0.8050, torque Some(-0.0005250489677850467)
smoothing 0.001 evaluation 2660: force 2.1558, moment 0.8050, torque Some(-0.0005245308423735828)
smoothing 0.001 evaluation 2680: force 2.1558, moment 0.8050, torque Some(-0.0005230584149953366)
smoothing 0.001 evaluation 2700: force 2.1558, moment 0.8050, torque Some(-0.0005245308423735828)
smoothing 0.001 evaluation 2720: force 2.1558, moment 0.8050, torque Some(-0.0005245308423735828)
smoothing 0.001 evaluation 2740: force 2.1558, moment 0.8050, torque Some(-0.0005245308423735828)
smoothing 0.001 evaluation 2760: force 2.1558, moment 0.8050, torque Some(-0.0005245308423735828)
smoothing 0.001 evaluation 2780: force 2.1558, moment 0.8050, torque Some(-0.0005245308423735828)
smoothing 0.001 evaluation 2800: force 2.1558, moment 0.8050, torque Some(-0.0005245308423735828)
smoothing 0.001 evaluation 2820: force 2.1558, moment 0.8050, torque Some(-0.0005245308423735828)
smoothing 0.001 evaluation 2840: force 2.1558, moment 0.8050, torque Some(-0.0005245308423735828)
smoothing 0.001 evaluation 2860: force 2.1558, moment 0.8050, torque Some(-0.0005244716920378423)
smoothing 0.001 evaluation 2880: force 2.1558, moment 0.8050, torque Some(-0.0005245308423735828)
smoothing 0.001 evaluation 2900: force 1.8559, moment 0.6848, torque Some(-0.01866848535468746)
smoothing 0.001 evaluation 2920: force 1.8559, moment 0.6848, torque Some(-0.018669117750541364)
smoothing 0.001 evaluation 2940: force 1.8559, moment 0.6848, torque Some(-0.018670801524880876)
smoothing 0.001 evaluation 2960: force 1.8559, moment 0.6848, torque Some(-0.018669117750541364)
smoothing 0.001 evaluation 2980: force 1.8559, moment 0.6848, torque Some(-0.01866074446222754)
smoothing 0.001 evaluation 3000: force 1.8559, moment 0.6848, torque Some(-0.018669117750541364)
smoothing 0.001 evaluation 3020: force 1.8559, moment 0.6848, torque Some(-0.018669117750541364)
smoothing 0.001 evaluation 3040: force 1.8560, moment 0.6848, torque Some(-0.018669117750541364)
smoothing 0.001 evaluation 3060: force 1.8559, moment 0.6848, torque Some(-0.018669117750541364)
smoothing 0.001 evaluation 3080: force 1.8558, moment 0.6848, torque Some(-0.018669117750541364)
smoothing 0.001 evaluation 3100: force 1.8558, moment 0.6848, torque Some(-0.018669117750541364)
smoothing 0.001 evaluation 3120: force 1.8559, moment 0.6848, torque Some(-0.018669117750541364)
smoothing 0.001 evaluation 3140: force 1.8559, moment 0.6848, torque Some(-0.018669117750541364)
smoothing 0.001 evaluation 3160: force 1.8559, moment 0.6848, torque Some(-0.018669117750541364)
smoothing 0.001 evaluation 3180: force 1.8559, moment 0.6848, torque Some(-0.018669117750541364)
smoothing 0.001 evaluation 3200: force 1.7311, moment 0.6343, torque Some(-0.006780703009070521)
smoothing 0.001 evaluation 3220: force 1.7311, moment 0.6343, torque Some(-0.006780705030094314)
smoothing 0.001 evaluation 3240: force 1.7311, moment 0.6343, torque Some(-0.006780703009070521)
smoothing 0.001 evaluation 3260: force 1.7311, moment 0.6343, torque Some(-0.006775371543868758)
smoothing 0.001 evaluation 3280: force 1.7311, moment 0.6343, torque Some(-0.006780703009070521)
smoothing 0.001 evaluation 3300: force 1.7311, moment 0.6343, torque Some(-0.006780703009070521)
smoothing 0.001 evaluation 3320: force 1.7311, moment 0.6343, torque Some(-0.006780703009070521)
smoothing 0.001 evaluation 3340: force 1.7311, moment 0.6343, torque Some(-0.006780703009070521)
smoothing 0.001 evaluation 3360: force 1.7311, moment 0.6343, torque Some(-0.006780703009070521)
smoothing 0.001 evaluation 3380: force 1.7311, moment 0.6343, torque Some(-0.006780703009070521)
smoothing 0.001 evaluation 3400: force 1.7311, moment 0.6343, torque Some(-0.006780703009070521)
smoothing 0.001 evaluation 3420: force 1.7311, moment 0.6343, torque Some(-0.006780703009070521)
smoothing 0.001 evaluation 3440: force 1.7311, moment 0.6343, torque Some(-0.006780703009070521)
smoothing 0.001 evaluation 3460: force 1.7311, moment 0.6343, torque Some(-0.006780703009070521)
smoothing 0.001 evaluation 3480: force 1.5446, moment 0.5404, torque Some(-0.017003834461338574)
smoothing 0.001 evaluation 3500: force 1.5446, moment 0.5404, torque Some(-0.017003886852943628)
smoothing 0.001 evaluation 3520: force 1.5446, moment 0.5404, torque Some(-0.017003886852943628)
smoothing 0.001 evaluation 3540: force 1.5446, moment 0.5404, torque Some(-0.017003886852943628)
smoothing 0.001 evaluation 3560: force 1.5446, moment 0.5404, torque Some(-0.017003886852943628)
smoothing 0.001 evaluation 3580: force 1.5446, moment 0.5404, torque Some(-0.017003886852943628)
smoothing 0.001 evaluation 3600: force 1.5446, moment 0.5404, torque Some(-0.017003886852943628)
smoothing 0.001 evaluation 3620: force 1.5445, moment 0.5404, torque Some(-0.017003886852943628)
smoothing 0.001 evaluation 3640: force 1.5446, moment 0.5404, torque Some(-0.017003886852943628)
smoothing 0.001 evaluation 3660: force 1.5447, moment 0.5404, torque Some(-0.017003886852943628)
smoothing 0.001 evaluation 3680: force 1.5447, moment 0.5404, torque Some(-0.017003886852943628)
smoothing 0.001 evaluation 3700: force 1.5446, moment 0.5404, torque Some(-0.017003886852943628)
smoothing 0.001 evaluation 3720: force 1.5446, moment 0.5404, torque Some(-0.017003886852943628)
smoothing 0.001 evaluation 3740: force 1.5446, moment 0.5404, torque Some(-0.017003886852943628)
smoothing 0.001 evaluation 3760: force 1.5446, moment 0.5404, torque Some(-0.017003886852943628)
smoothing 0.001 evaluation 3780: force 1.5365, moment 0.5256, torque Some(-0.0031848714621414143)
smoothing 0.001 evaluation 3800: force 1.5365, moment 0.5256, torque Some(-0.0031870312039510296)
smoothing 0.001 evaluation 3820: force 1.5365, moment 0.5256, torque Some(-0.00318521418055151)
smoothing 0.001 evaluation 3840: force 1.5365, moment 0.5256, torque Some(-0.0031849067036164858)
smoothing 0.001 evaluation 3860: force 1.5365, moment 0.5256, torque Some(-0.0031852232412794557)
smoothing 0.001 evaluation 3880: force 1.5365, moment 0.5256, torque Some(-0.0031852232412794557)
smoothing 0.001 evaluation 3900: force 1.5365, moment 0.5256, torque Some(-0.0031852232412794557)
smoothing 0.001 evaluation 3920: force 1.5365, moment 0.5256, torque Some(-0.0031852232412794557)
smoothing 0.001 evaluation 3940: force 1.5365, moment 0.5256, torque Some(-0.0031852232412794557)
smoothing 0.001 evaluation 3960: force 1.5365, moment 0.5256, torque Some(-0.0031852232412794557)
smoothing 0.001 evaluation 3980: force 1.5365, moment 0.5256, torque Some(-0.0031852232412794557)
smoothing 0.001 evaluation 4000: force 1.5365, moment 0.5256, torque Some(-0.0031852232412794557)
smoothing 0.001 evaluation 4020: force 1.5365, moment 0.5256, torque Some(-0.0031852232412794557)
smoothing 0.001 evaluation 4040: force 1.5365, moment 0.5256, torque Some(-0.0031852232412794557)
smoothing 0.001 evaluation 4060: force 1.5137, moment 0.5057, torque Some(-0.001237219807854295)
smoothing 0.001 evaluation 4080: force 1.5137, moment 0.5057, torque Some(-0.0012365846257416102)
smoothing 0.001 evaluation 4100: force 1.5137, moment 0.5057, torque Some(-0.0012349156404765083)
smoothing 0.001 evaluation 4120: force 1.5137, moment 0.5057, torque Some(-0.0012365846257416102)
smoothing 0.001 evaluation 4140: force 1.5137, moment 0.5057, torque Some(-0.0012449510779273254)
smoothing 0.001 evaluation 4160: force 1.5137, moment 0.5057, torque Some(-0.0012365846257416102)
smoothing 0.001 evaluation 4180: force 1.5137, moment 0.5057, torque Some(-0.0012365846257416102)
smoothing 0.001 evaluation 4200: force 1.5137, moment 0.5057, torque Some(-0.0012365846257416102)
smoothing 0.001 evaluation 4220: force 1.5137, moment 0.5057, torque Some(-0.0012365846257416102)
smoothing 0.001 evaluation 4240: force 1.5137, moment 0.5057, torque Some(-0.0012365846257416102)
smoothing 0.001 evaluation 4260: force 1.5137, moment 0.5057, torque Some(-0.0012365846257416102)
smoothing 0.001 evaluation 4280: force 1.5137, moment 0.5057, torque Some(-0.0012365846257416102)
smoothing 0.001 evaluation 4300: force 1.5137, moment 0.5057, torque Some(-0.0012365846257416102)
smoothing 0.001 evaluation 4320: force 1.5137, moment 0.5057, torque Some(-0.0012365846257416102)
smoothing 0.001 evaluation 4340: force 1.5137, moment 0.5057, torque Some(-0.0012365846257416102)
smoothing 0.001 evaluation 4360: force 1.4786, moment 0.4779, torque Some(-0.0013610933934464775)
smoothing 0.001 evaluation 4380: force 1.4786, moment 0.4779, torque Some(-0.001374432412340365)
smoothing 0.001 evaluation 4400: force 1.4786, moment 0.4779, torque Some(-0.0013610933934464775)
smoothing 0.001 evaluation 4420: force 1.4786, moment 0.4779, torque Some(-0.0013609521652400147)
smoothing 0.001 evaluation 4440: force 1.4786, moment 0.4779, torque Some(-0.0013610933934464775)
smoothing 0.001 evaluation 4460: force 1.4786, moment 0.4779, torque Some(-0.0013610933934464775)
smoothing 0.001 evaluation 4480: force 1.4786, moment 0.4779, torque Some(-0.0013610933934464775)
smoothing 0.001 evaluation 4500: force 1.4786, moment 0.4779, torque Some(-0.0013610933934464775)
smoothing 0.001 evaluation 4520: force 1.4786, moment 0.4779, torque Some(-0.0013610933934464775)
smoothing 0.001 evaluation 4540: force 1.4785, moment 0.4779, torque Some(-0.0013610933934464775)
smoothing 0.001 evaluation 4560: force 1.4787, moment 0.4779, torque Some(-0.0013610933934464775)
smoothing 0.001 evaluation 4580: force 1.4786, moment 0.4779, torque Some(-0.0013610933934464775)
smoothing 0.001 evaluation 4600: force 1.4786, moment 0.4779, torque Some(-0.0013610933934464775)
smoothing 0.001 evaluation 4620: force 1.4786, moment 0.4779, torque Some(-0.0013610933934464775)
smoothing 0.001 evaluation 4640: force 1.3814, moment 0.4815, torque Some(-0.008098873614689861)
smoothing 0.001 evaluation 4660: force 1.3814, moment 0.4815, torque Some(-0.008099020467098761)
smoothing 0.001 evaluation 4680: force 1.3814, moment 0.4815, torque Some(-0.0081147266346413)
smoothing 0.001 evaluation 4700: force 1.3814, moment 0.4815, torque Some(-0.008099020467098761)
smoothing 0.001 evaluation 4720: force 1.3814, moment 0.4815, torque Some(-0.008099020467098761)
smoothing 0.001 evaluation 4740: force 1.3814, moment 0.4815, torque Some(-0.008099009707699167)
smoothing 0.001 evaluation 4760: force 1.3814, moment 0.4815, torque Some(-0.008099020467098761)
smoothing 0.001 evaluation 4780: force 1.3813, moment 0.4815, torque Some(-0.008099020467098761)
smoothing 0.001 evaluation 4800: force 1.3814, moment 0.4815, torque Some(-0.008099020467098761)
smoothing 0.001 evaluation 4820: force 1.3814, moment 0.4815, torque Some(-0.008099020467098761)
smoothing 0.001 evaluation 4840: force 1.3814, moment 0.4815, torque Some(-0.008099020467098761)
smoothing 0.001 evaluation 4860: force 1.3814, moment 0.4815, torque Some(-0.008099020467098761)
smoothing 0.001 evaluation 4880: force 1.3814, moment 0.4815, torque Some(-0.008099020467098761)
smoothing 0.001 evaluation 4900: force 1.3814, moment 0.4815, torque Some(-0.008099020467098761)
smoothing 0.001 evaluation 4920: force 1.3814, moment 0.4815, torque Some(-0.008099020467098761)
smoothing 0.001 evaluation 4940: force 1.2748, moment 0.5128, torque Some(-0.03711232110098783)
smoothing 0.001 evaluation 4960: force 1.2748, moment 0.5128, torque Some(-0.03711290064549799)
smoothing 0.001 evaluation 4980: force 1.2748, moment 0.5128, torque Some(-0.03711233149133264)
smoothing 0.001 evaluation 5000: force 1.2748, moment 0.5128, torque Some(-0.03711166029216728)
smoothing 0.001 evaluation 5020: force 1.2748, moment 0.5128, torque Some(-0.03711233149133264)
smoothing 0.001 evaluation 5040: force 1.2748, moment 0.5128, torque Some(-0.03711233149133264)
smoothing 0.001 evaluation 5060: force 1.2748, moment 0.5128, torque Some(-0.03711233149133264)
smoothing 0.001 evaluation 5080: force 1.2748, moment 0.5128, torque Some(-0.03711233149133264)
smoothing 0.001 evaluation 5100: force 1.2748, moment 0.5128, torque Some(-0.03711233149133264)
smoothing 0.001 evaluation 5120: force 1.2748, moment 0.5128, torque Some(-0.03711233149133264)
smoothing 0.001 evaluation 5140: force 1.2748, moment 0.5128, torque Some(-0.03711233149133264)
smoothing 0.001 evaluation 5160: force 1.2748, moment 0.5128, torque Some(-0.03711233149133264)
smoothing 0.001 evaluation 5180: force 1.2748, moment 0.5128, torque Some(-0.03711233149133264)
smoothing 0.001 evaluation 5200: force 1.2748, moment 0.5128, torque Some(-0.03711233149133264)
smoothing 0.001 evaluation 5220: force 1.2786, moment 0.5299, torque Some(-0.0012970234565710115)
smoothing 0.001 evaluation 5240: force 1.2786, moment 0.5299, torque Some(-0.001297233214631266)
smoothing 0.001 evaluation 5260: force 1.2786, moment 0.5299, torque Some(-0.0013145536720893247)
smoothing 0.001 evaluation 5280: force 1.2786, moment 0.5299, torque Some(-0.0012975993568069555)
smoothing 0.001 evaluation 5300: force 1.2786, moment 0.5299, torque Some(-0.001297233214631266)
smoothing 0.001 evaluation 5320: force 1.2786, moment 0.5299, torque Some(-0.001296776708564984)
smoothing 0.001 evaluation 5340: force 1.2786, moment 0.5299, torque Some(-0.001297233214631266)
smoothing 0.001 evaluation 5360: force 1.2786, moment 0.5299, torque Some(-0.001297233214631266)
smoothing 0.001 evaluation 5380: force 1.2786, moment 0.5299, torque Some(-0.001297233214631266)
smoothing 0.001 evaluation 5400: force 1.2786, moment 0.5299, torque Some(-0.001297233214631266)
smoothing 0.001 evaluation 5420: force 1.2786, moment 0.5299, torque Some(-0.001297233214631266)
smoothing 0.001 evaluation 5440: force 1.2786, moment 0.5299, torque Some(-0.001297233214631266)
smoothing 0.001 evaluation 5460: force 1.2786, moment 0.5299, torque Some(-0.001297233214631266)
smoothing 0.001 evaluation 5480: force 1.2786, moment 0.5299, torque Some(-0.001297233214631266)
smoothing 0.001 evaluation 5500: force 1.2821, moment 0.5319, torque Some(-0.10378150564490696)
smoothing 0.001 evaluation 5520: force 1.2817, moment 0.5295, torque Some(-0.001207199669444936)
smoothing 0.001 evaluation 5540: force 1.2817, moment 0.5295, torque Some(-0.001194858895849027)
smoothing 0.001 evaluation 5560: force 1.2817, moment 0.5295, torque Some(-0.001207199669444936)
smoothing 0.001 evaluation 5580: force 1.2817, moment 0.5295, torque Some(-0.001207543138712186)
smoothing 0.001 evaluation 5600: force 1.2817, moment 0.5295, torque Some(-0.001207199669444936)
smoothing 0.001 evaluation 5620: force 1.2817, moment 0.5295, torque Some(-0.0012072225373573886)
smoothing 0.001 evaluation 5640: force 1.2817, moment 0.5295, torque Some(-0.001207199669444936)
smoothing 0.001 evaluation 5660: force 1.2817, moment 0.5295, torque Some(-0.001207199669444936)
smoothing 0.001 evaluation 5680: force 1.2817, moment 0.5295, torque Some(-0.001207199669444936)
smoothing 0.001 evaluation 5700: force 1.2817, moment 0.5295, torque Some(-0.001207199669444936)
smoothing 0.001 evaluation 5720: force 1.2817, moment 0.5295, torque Some(-0.001207199669444936)
smoothing 0.001 evaluation 5740: force 1.2817, moment 0.5295, torque Some(-0.001207199669444936)
smoothing 0.001 evaluation 5760: force 1.2817, moment 0.5295, torque Some(-0.001207199669444936)
smoothing 0.001 evaluation 5780: force 1.2817, moment 0.5295, torque Some(-0.001207199669444936)
smoothing 0.001 evaluation 5800: force 1.2850, moment 0.5295, torque Some(-0.0013900500311012642)
smoothing 0.001 evaluation 5820: force 1.2850, moment 0.5295, torque Some(-0.0013895792037845744)
smoothing 0.001 evaluation 5840: force 1.2850, moment 0.5295, torque Some(-0.0013661426978921476)
smoothing 0.001 evaluation 5860: force 1.2850, moment 0.5295, torque Some(-0.0013892440475729018)
smoothing 0.001 evaluation 5880: force 1.2850, moment 0.5295, torque Some(-0.0013895792037845744)
smoothing 0.001 evaluation 5900: force 1.2850, moment 0.5295, torque Some(-0.0013896456430440018)
smoothing 0.001 evaluation 5920: force 1.2850, moment 0.5295, torque Some(-0.0013895792037845744)
smoothing 0.001 evaluation 5940: force 1.2850, moment 0.5295, torque Some(-0.0013895792037845744)
smoothing 0.001 evaluation 5960: force 1.2850, moment 0.5295, torque Some(-0.0013895792037845744)
smoothing 0.001 evaluation 5980: force 1.2850, moment 0.5295, torque Some(-0.0013895792037845744)
smoothing 0.001 evaluation 6000: force 1.2850, moment 0.5295, torque Some(-0.0013895792037845744)
smoothing 0.001 evaluation 6020: force 1.2850, moment 0.5295, torque Some(-0.0013895792037845744)
smoothing 0.001 evaluation 6040: force 1.2850, moment 0.5295, torque Some(-0.0013895792037845744)
smoothing 0.001 evaluation 6060: force 1.2850, moment 0.5295, torque Some(-0.0013895792037845744)
smoothing 0.001 evaluation 6080: force 1.2846, moment 0.5298, torque Some(-0.0015867403800768898)
smoothing 0.001 evaluation 6100: force 1.2846, moment 0.5298, torque Some(-0.0015867403800768898)
smoothing 0.001 evaluation 6120: force 1.2846, moment 0.5298, torque Some(-0.0016067710301932436)
smoothing 0.001 evaluation 6140: force 1.2846, moment 0.5298, torque Some(-0.0015867403800768898)
smoothing 0.001 evaluation 6160: force 1.2846, moment 0.5298, torque Some(-0.001586820536084499)
smoothing 0.001 evaluation 6180: force 1.2846, moment 0.5298, torque Some(-0.0015867403800768898)
smoothing 0.001 evaluation 6200: force 1.2846, moment 0.5298, torque Some(-0.0015868043108326901)
smoothing 0.001 evaluation 6220: force 1.2846, moment 0.5298, torque Some(-0.0015867403800768898)
smoothing 0.001 evaluation 6240: force 1.2846, moment 0.5298, torque Some(-0.0015867403800768898)
smoothing 0.001 evaluation 6260: force 1.2846, moment 0.5298, torque Some(-0.0015867403800768898)
smoothing 0.001 evaluation 6280: force 1.2846, moment 0.5298, torque Some(-0.0015867403800768898)
smoothing 0.001 evaluation 6300: force 1.2846, moment 0.5298, torque Some(-0.0015867403800768898)
smoothing 0.001 evaluation 6320: force 1.2846, moment 0.5298, torque Some(-0.0015867403800768898)
smoothing 0.001 evaluation 6340: force 1.2846, moment 0.5298, torque Some(-0.0015867403800768898)
smoothing 0.001 evaluation 6360: force 1.2846, moment 0.5298, torque Some(-0.0015867403800768898)
smoothing 0.001 evaluation 6380: force 1.2804, moment 0.5304, torque Some(-0.0016804125402378745)
smoothing 0.001 evaluation 6400: force 1.2804, moment 0.5304, torque Some(-0.0016823936067957845)
smoothing 0.001 evaluation 6420: force 1.2804, moment 0.5304, torque Some(-0.0016823936067957845)
smoothing 0.001 evaluation 6440: force 1.2804, moment 0.5304, torque Some(-0.001682648851306201)
smoothing 0.001 evaluation 6460: force 1.2804, moment 0.5304, torque Some(-0.0016823936067957845)
smoothing 0.001 evaluation 6480: force 1.2804, moment 0.5304, torque Some(-0.00168229762829597)
smoothing 0.001 evaluation 6500: force 1.2804, moment 0.5304, torque Some(-0.0016823936067957845)
smoothing 0.001 evaluation 6520: force 1.2804, moment 0.5304, torque Some(-0.0016823936067957845)
smoothing 0.001 evaluation 6540: force 1.2805, moment 0.5304, torque Some(-0.0016823936067957845)
smoothing 0.001 evaluation 6560: force 1.2805, moment 0.5304, torque Some(-0.0016823936067957845)
smoothing 0.001 evaluation 6580: force 1.2805, moment 0.5304, torque Some(-0.0016823936067957845)
smoothing 0.001 evaluation 6600: force 1.2805, moment 0.5304, torque Some(-0.0016823936067957845)
smoothing 0.001 evaluation 6620: force 1.2804, moment 0.5304, torque Some(-0.0016823936067957845)
smoothing 0.001 evaluation 6640: force 1.2804, moment 0.5304, torque Some(-0.0016823936067957845)
smoothing 0.001 evaluation 6660: force 1.2766, moment 0.5325, torque Some(-0.0015668302648865762)
smoothing 0.001 evaluation 6680: force 1.2766, moment 0.5325, torque Some(-0.0015682609296545635)
smoothing 0.001 evaluation 6700: force 1.2766, moment 0.5325, torque Some(-0.0015697322531300628)
smoothing 0.001 evaluation 6720: force 1.2766, moment 0.5325, torque Some(-0.0015682609296545635)
smoothing 0.001 evaluation 6740: force 1.2766, moment 0.5325, torque Some(-0.0015680244959135337)
smoothing 0.001 evaluation 6760: force 1.2766, moment 0.5325, torque Some(-0.0015682609296545635)
smoothing 0.001 evaluation 6780: force 1.2766, moment 0.5325, torque Some(-0.001568485131191455)
smoothing 0.001 evaluation 6800: force 1.2766, moment 0.5325, torque Some(-0.0015682609296545635)
smoothing 0.001 evaluation 6820: force 1.2766, moment 0.5325, torque Some(-0.0015682609296545635)
smoothing 0.001 evaluation 6840: force 1.2766, moment 0.5325, torque Some(-0.0015682609296545635)
smoothing 0.001 evaluation 6860: force 1.2766, moment 0.5325, torque Some(-0.0015682609296545635)
smoothing 0.001 evaluation 6880: force 1.2766, moment 0.5325, torque Some(-0.0015682609296545635)
smoothing 0.001 evaluation 6900: force 1.2766, moment 0.5325, torque Some(-0.0015682609296545635)
smoothing 0.001 evaluation 6920: force 1.2766, moment 0.5325, torque Some(-0.0015682609296545635)
smoothing 0.001 evaluation 6940: force 1.2766, moment 0.5325, torque Some(-0.0015682609296545635)
smoothing 0.001 evaluation 6960: force 1.2770, moment 0.5366, torque Some(-0.0017996831057653928)
smoothing 0.001 evaluation 6980: force 1.2770, moment 0.5366, torque Some(-0.0018005671404961454)
smoothing 0.001 evaluation 7000: force 1.2770, moment 0.5366, torque Some(-0.0018001716381368382)
smoothing 0.001 evaluation 7020: force 1.2770, moment 0.5366, torque Some(-0.0018099772592319319)
smoothing 0.001 evaluation 7040: force 1.2770, moment 0.5366, torque Some(-0.0018001716381368382)
smoothing 0.001 evaluation 7060: force 1.2770, moment 0.5366, torque Some(-0.0018002079694658946)
smoothing 0.001 evaluation 7080: force 1.2770, moment 0.5366, torque Some(-0.0018001716381368382)
smoothing 0.001 evaluation 7100: force 1.2770, moment 0.5366, torque Some(-0.0018001716381368382)
smoothing 0.001 evaluation 7120: force 1.2770, moment 0.5366, torque Some(-0.0018001716381368382)
smoothing 0.001 evaluation 7140: force 1.2770, moment 0.5366, torque Some(-0.0018001716381368382)
smoothing 0.001 evaluation 7160: force 1.2770, moment 0.5366, torque Some(-0.0018001716381368382)
smoothing 0.001 evaluation 7180: force 1.2770, moment 0.5366, torque Some(-0.0018001716381368382)
smoothing 0.001 evaluation 7200: force 1.2770, moment 0.5366, torque Some(-0.0018001716381368382)
smoothing 0.001 evaluation 7220: force 1.2770, moment 0.5366, torque Some(-0.0018001716381368382)
smoothing 0.001 evaluation 7240: force 1.2766, moment 0.5361, torque Some(-0.000947231104292387)
smoothing 0.001 evaluation 7260: force 1.2766, moment 0.5361, torque Some(-0.0009472581509461647)
smoothing 0.001 evaluation 7280: force 1.2766, moment 0.5361, torque Some(-0.0009472260298855201)
smoothing 0.001 evaluation 7300: force 1.2766, moment 0.5361, torque Some(-0.0009472581509461647)
smoothing 0.001 evaluation 7320: force 1.2766, moment 0.5361, torque Some(-0.0009472581509461647)
smoothing 0.001 evaluation 7340: force 1.2766, moment 0.5361, torque Some(-0.0009472581509461647)
smoothing 0.001 evaluation 7360: force 1.2766, moment 0.5361, torque Some(-0.0009472581509461647)
smoothing 0.001 evaluation 7380: force 1.2766, moment 0.5361, torque Some(-0.0009472581509461647)
smoothing 0.001 evaluation 7400: force 1.2765, moment 0.5361, torque Some(-0.0009472581509461647)
smoothing 0.001 evaluation 7420: force 1.2766, moment 0.5361, torque Some(-0.0009472581509461647)
smoothing 0.001 evaluation 7440: force 1.2766, moment 0.5361, torque Some(-0.0009472581509461647)
smoothing 0.001 evaluation 7460: force 1.2766, moment 0.5361, torque Some(-0.0009472581509461647)
smoothing 0.001 evaluation 7480: force 1.2766, moment 0.5361, torque Some(-0.0009472581509461647)
smoothing 0.001 evaluation 7500: force 1.2766, moment 0.5361, torque Some(-0.0009472581509461647)
smoothing 0.001 evaluation 7520: force 1.2766, moment 0.5361, torque Some(-0.0009472581509461647)
smoothing 0.001 evaluation 7540: force 1.2752, moment 0.5356, torque Some(-0.0007945213995146361)
smoothing 0.001 evaluation 7560: force 1.2752, moment 0.5356, torque Some(-0.0007925307126459558)
smoothing 0.001 evaluation 7580: force 1.2752, moment 0.5356, torque Some(-0.0007925307126459558)
smoothing 0.001 evaluation 7600: force 1.2752, moment 0.5356, torque Some(-0.0007922678285741114)
smoothing 0.001 evaluation 7620: force 1.2752, moment 0.5356, torque Some(-0.0007925307126459558)
smoothing 0.001 evaluation 7640: force 1.2752, moment 0.5356, torque Some(-0.0007926265808788635)
smoothing 0.001 evaluation 7660: force 1.2752, moment 0.5356, torque Some(-0.0007925307126459558)
smoothing 0.001 evaluation 7680: force 1.2752, moment 0.5356, torque Some(-0.0007925307126459558)
smoothing 0.001 evaluation 7700: force 1.2752, moment 0.5356, torque Some(-0.0007925307126459558)
smoothing 0.001 evaluation 7720: force 1.2752, moment 0.5356, torque Some(-0.0007925307126459558)
smoothing 0.001 evaluation 7740: force 1.2752, moment 0.5356, torque Some(-0.0007925307126459558)
smoothing 0.001 evaluation 7760: force 1.2752, moment 0.5356, torque Some(-0.0007925307126459558)
smoothing 0.001 evaluation 7780: force 1.2752, moment 0.5356, torque Some(-0.0007925307126459558)
smoothing 0.001 evaluation 7800: force 1.2752, moment 0.5356, torque Some(-0.0007925307126459558)
smoothing 0.001 evaluation 7820: force 1.2733, moment 0.5351, torque Some(-0.0009839129048927475)
smoothing 0.001 evaluation 7840: force 1.2733, moment 0.5351, torque Some(-0.0009863237894736088)
smoothing 0.001 evaluation 7860: force 1.2733, moment 0.5351, torque Some(-0.00098684941704974)
smoothing 0.001 evaluation 7880: force 1.2733, moment 0.5351, torque Some(-0.0009863237894736088)
smoothing 0.001 evaluation 7900: force 1.2733, moment 0.5351, torque Some(-0.000978547176793576)
smoothing 0.001 evaluation 7920: force 1.2733, moment 0.5351, torque Some(-0.0009863237894736088)
smoothing 0.001 evaluation 7940: force 1.2733, moment 0.5351, torque Some(-0.0009863237894736088)
smoothing 0.001 evaluation 7960: force 1.2732, moment 0.5351, torque Some(-0.0009863237894736088)
smoothing 0.001 evaluation 7980: force 1.2732, moment 0.5351, torque Some(-0.0009863237894736088)
smoothing 0.001 evaluation 8000: force 1.2733, moment 0.5351, torque Some(-0.0009863237894736088)
smoothing 0.001 evaluation 8020: force 1.2733, moment 0.5351, torque Some(-0.0009863237894736088)
smoothing 0.001 evaluation 8040: force 1.2733, moment 0.5351, torque Some(-0.0009863237894736088)
smoothing 0.001 evaluation 8060: force 1.2733, moment 0.5351, torque Some(-0.0009863237894736088)
smoothing 0.001 evaluation 8080: force 1.2733, moment 0.5351, torque Some(-0.0009863237894736088)
smoothing 0.001 evaluation 8100: force 1.2733, moment 0.5351, torque Some(-0.0009863237894736088)
smoothing 0.001 evaluation 8120: force 1.2709, moment 0.5346, torque Some(-0.0011583465622564404)
smoothing 0.001 evaluation 8140: force 1.2709, moment 0.5346, torque Some(-0.0011560885853119096)
smoothing 0.001 evaluation 8160: force 1.2709, moment 0.5346, torque Some(-0.0011563139144308288)
smoothing 0.001 evaluation 8180: force 1.2709, moment 0.5346, torque Some(-0.0011498089999122385)
smoothing 0.001 evaluation 8200: force 1.2709, moment 0.5346, torque Some(-0.0011563139144308288)
smoothing 0.001 evaluation 8220: force 1.2709, moment 0.5346, torque Some(-0.001156303686085547)
smoothing 0.001 evaluation 8240: force 1.2709, moment 0.5346, torque Some(-0.0011563139144308288)
smoothing 0.001 evaluation 8260: force 1.2709, moment 0.5346, torque Some(-0.0011563139144308288)
smoothing 0.001 evaluation 8280: force 1.2709, moment 0.5346, torque Some(-0.0011563139144308288)
smoothing 0.001 evaluation 8300: force 1.2709, moment 0.5346, torque Some(-0.0011563139144308288)
smoothing 0.001 evaluation 8320: force 1.2709, moment 0.5346, torque Some(-0.0011563139144308288)
smoothing 0.001 evaluation 8340: force 1.2709, moment 0.5346, torque Some(-0.0011563139144308288)
smoothing 0.001 evaluation 8360: force 1.2709, moment 0.5346, torque Some(-0.0011563139144308288)
smoothing 0.001 evaluation 8380: force 1.2709, moment 0.5346, torque Some(-0.0011563139144308288)
smoothing 0.001 evaluation 8400: force 1.2694, moment 0.5346, torque Some(-0.0012365113385355286)
smoothing 0.001 evaluation 8420: force 1.2694, moment 0.5346, torque Some(-0.001236804902791544)
smoothing 0.001 evaluation 8440: force 1.2694, moment 0.5346, torque Some(-0.0012389459345318876)
smoothing 0.001 evaluation 8460: force 1.2694, moment 0.5346, torque Some(-0.001236804902791544)
smoothing 0.001 evaluation 8480: force 1.2694, moment 0.5346, torque Some(-0.0012218912728965137)
smoothing 0.001 evaluation 8500: force 1.2694, moment 0.5346, torque Some(-0.0012367868671327997)
smoothing 0.001 evaluation 8520: force 1.2694, moment 0.5346, torque Some(-0.001236804902791544)
smoothing 0.001 evaluation 8540: force 1.2694, moment 0.5346, torque Some(-0.001236804902791544)
smoothing 0.001 evaluation 8560: force 1.2694, moment 0.5346, torque Some(-0.001236804902791544)
smoothing 0.001 evaluation 8580: force 1.2694, moment 0.5346, torque Some(-0.001236804902791544)
smoothing 0.001 evaluation 8600: force 1.2695, moment 0.5346, torque Some(-0.001236804902791544)
smoothing 0.001 evaluation 8620: force 1.2694, moment 0.5346, torque Some(-0.001236804902791544)
smoothing 0.001 evaluation 8640: force 1.2694, moment 0.5346, torque Some(-0.001236804902791544)
smoothing 0.001 evaluation 8660: force 1.2694, moment 0.5346, torque Some(-0.001236804902791544)
smoothing 0.001 evaluation 8680: force 1.2694, moment 0.5346, torque Some(-0.001236804902791544)
smoothing 0.001 evaluation 8700: force 1.2748, moment 0.5392, torque Some(-0.0009593570833201781)
smoothing 0.001 evaluation 8720: force 1.2748, moment 0.5392, torque Some(-0.0009595249294487296)
smoothing 0.001 evaluation 8740: force 1.2748, moment 0.5392, torque Some(-0.0009593570833201781)
smoothing 0.001 evaluation 8760: force 1.2748, moment 0.5392, torque Some(-0.000969599881727401)
smoothing 0.001 evaluation 8780: force 1.2748, moment 0.5392, torque Some(-0.0009593570833201781)
smoothing 0.001 evaluation 8800: force 1.2748, moment 0.5392, torque Some(-0.0009593698803329609)
smoothing 0.001 evaluation 8820: force 1.2748, moment 0.5392, torque Some(-0.0009593570833201781)
smoothing 0.001 evaluation 8840: force 1.2748, moment 0.5392, torque Some(-0.0009593570833201781)
smoothing 0.001 evaluation 8860: force 1.2748, moment 0.5392, torque Some(-0.0009593570833201781)
smoothing 0.001 evaluation 8880: force 1.2748, moment 0.5392, torque Some(-0.0009593570833201781)
smoothing 0.001 evaluation 8900: force 1.2748, moment 0.5392, torque Some(-0.0009593570833201781)
smoothing 0.001 evaluation 8920: force 1.2748, moment 0.5392, torque Some(-0.0009593570833201781)
smoothing 0.001 evaluation 8940: force 1.2748, moment 0.5392, torque Some(-0.0009593570833201781)
smoothing 0.001 evaluation 8960: force 1.2748, moment 0.5392, torque Some(-0.0009593570833201781)
smoothing 0.001 evaluation 8980: force 1.2734, moment 0.5439, torque Some(-0.0008154694051483169)
smoothing 0.001 evaluation 9000: force 1.2734, moment 0.5439, torque Some(-0.0008151697390639256)
smoothing 0.001 evaluation 9020: force 1.2734, moment 0.5439, torque Some(-0.0008130162372559369)
smoothing 0.001 evaluation 9040: force 1.2734, moment 0.5439, torque Some(-0.0008151697390639256)
smoothing 0.001 evaluation 9060: force 1.2734, moment 0.5439, torque Some(-0.0008300957232059147)
smoothing 0.001 evaluation 9080: force 1.2734, moment 0.5439, torque Some(-0.0008151884934788356)
smoothing 0.001 evaluation 9100: force 1.2734, moment 0.5439, torque Some(-0.0008151697390639256)
smoothing 0.001 evaluation 9120: force 1.2734, moment 0.5439, torque Some(-0.0008151697390639256)
smoothing 0.001 evaluation 9140: force 1.2734, moment 0.5439, torque Some(-0.0008151697390639256)
smoothing 0.001 evaluation 9160: force 1.2734, moment 0.5439, torque Some(-0.0008151697390639256)
smoothing 0.001 evaluation 9180: force 1.2734, moment 0.5439, torque Some(-0.0008151697390639256)
smoothing 0.001 evaluation 9200: force 1.2734, moment 0.5439, torque Some(-0.0008151697390639256)
smoothing 0.001 evaluation 9220: force 1.2734, moment 0.5439, torque Some(-0.0008151697390639256)
smoothing 0.001 evaluation 9240: force 1.2734, moment 0.5439, torque Some(-0.0008151697390639256)
smoothing 0.001 evaluation 9260: force 1.2734, moment 0.5439, torque Some(-0.0008151697390639256)
smoothing 0.001 evaluation 9280: force 1.2785, moment 0.5475, torque Some(-0.0008175061598674205)
smoothing 0.001 evaluation 9300: force 1.2785, moment 0.5475, torque Some(-0.0008176768703695991)
smoothing 0.001 evaluation 9320: force 1.2785, moment 0.5475, torque Some(-0.0008175061598674205)
smoothing 0.001 evaluation 9340: force 1.2785, moment 0.5475, torque Some(-0.0008277482636467326)
smoothing 0.001 evaluation 9360: force 1.2785, moment 0.5475, torque Some(-0.0008175061598674205)
smoothing 0.001 evaluation 9380: force 1.2785, moment 0.5475, torque Some(-0.0008175192628008254)
smoothing 0.001 evaluation 9400: force 1.2785, moment 0.5475, torque Some(-0.0008175061598674205)
smoothing 0.001 evaluation 9420: force 1.2785, moment 0.5475, torque Some(-0.0008175061598674205)
smoothing 0.001 evaluation 9440: force 1.2785, moment 0.5475, torque Some(-0.0008175061598674205)
smoothing 0.001 evaluation 9460: force 1.2785, moment 0.5475, torque Some(-0.0008175061598674205)
smoothing 0.001 evaluation 9480: force 1.2785, moment 0.5475, torque Some(-0.0008175061598674205)
smoothing 0.001 evaluation 9500: force 1.2785, moment 0.5475, torque Some(-0.0008175061598674205)
smoothing 0.001 evaluation 9520: force 1.2785, moment 0.5475, torque Some(-0.0008175061598674205)
smoothing 0.001 evaluation 9540: force 1.2785, moment 0.5475, torque Some(-0.0008175061598674205)
smoothing 0.001 evaluation 9560: force 1.2891, moment 0.5647, torque Some(-0.001880562638366265)
smoothing 0.001 evaluation 9580: force 1.2891, moment 0.5647, torque Some(-0.0018805645780065605)
smoothing 0.001 evaluation 9600: force 1.2891, moment 0.5647, torque Some(-0.0018805645780065605)
smoothing 0.001 evaluation 9620: force 1.2891, moment 0.5647, torque Some(-0.0018805645780065605)
smoothing 0.001 evaluation 9640: force 1.2891, moment 0.5647, torque Some(-0.0018806197577477396)
smoothing 0.001 evaluation 9660: force 1.2891, moment 0.5647, torque Some(-0.0018805699163394474)
smoothing 0.001 evaluation 9680: force 1.2891, moment 0.5647, torque Some(-0.001880595462050605)
smoothing 0.001 evaluation 9700: force 1.2890, moment 0.5647, torque Some(-0.0018805645780065605)
smoothing 0.001 evaluation 9720: force 1.2891, moment 0.5647, torque Some(-0.0018805645780065605)
smoothing 0.001 evaluation 9740: force 1.2891, moment 0.5647, torque Some(-0.0018805645780065605)
smoothing 0.001 evaluation 9760: force 1.2891, moment 0.5647, torque Some(-0.0018805645780065605)
smoothing 0.001 evaluation 9780: force 1.2891, moment 0.5647, torque Some(-0.0018805645780065605)
smoothing 0.001 evaluation 9800: force 1.2891, moment 0.5647, torque Some(-0.0018805645780065605)
smoothing 0.001 evaluation 9820: force 1.2891, moment 0.5647, torque Some(-0.0018805645780065605)
smoothing 0.001 evaluation 9840: force 1.2891, moment 0.5647, torque Some(-0.0018805645780065605)
smoothing 0.001 evaluation 9860: force 1.3017, moment 0.5863, torque Some(-0.0021353402535240207)
smoothing 0.001 evaluation 9880: force 1.3017, moment 0.5863, torque Some(-0.0021352275246298014)
smoothing 0.001 evaluation 9900: force 1.3017, moment 0.5863, torque Some(-0.0021352856407039766)
smoothing 0.001 evaluation 9920: force 1.3017, moment 0.5863, torque Some(-0.0021352427587240097)
smoothing 0.001 evaluation 9940: force 1.3017, moment 0.5863, torque Some(-0.0021352856407039766)
smoothing 0.001 evaluation 9960: force 1.3017, moment 0.5863, torque Some(-0.0021352856407039766)
smoothing 0.001 evaluation 9980: force 1.3017, moment 0.5863, torque Some(-0.0021352856407039766)
smoothing 0.001 evaluation 10000: force 1.3017, moment 0.5863, torque Some(-0.0021352856407039766)
smoothing 0.001 evaluation 10020: force 1.3017, moment 0.5863, torque Some(-0.0021352856407039766)
smoothing 0.001 evaluation 10040: force 1.3017, moment 0.5863, torque Some(-0.0021352856407039766)
smoothing 0.001 evaluation 10060: force 1.3017, moment 0.5863, torque Some(-0.0021352856407039766)
smoothing 0.001 evaluation 10080: force 1.3017, moment 0.5863, torque Some(-0.0021352856407039766)
smoothing 0.001 evaluation 10100: force 1.3017, moment 0.5863, torque Some(-0.0021352856407039766)
smoothing 0.001 evaluation 10120: force 1.3017, moment 0.5863, torque Some(-0.0021352856407039766)
smoothing 0.001 evaluation 10140: force 1.2990, moment 0.5914, torque Some(-0.0005581586995151433)
smoothing 0.001 evaluation 10160: force 1.2990, moment 0.5914, torque Some(-0.0005579215293320949)
smoothing 0.001 evaluation 10180: force 1.2990, moment 0.5914, torque Some(-0.0005404544690161828)
smoothing 0.001 evaluation 10200: force 1.2990, moment 0.5914, torque Some(-0.0005574827728378473)
smoothing 0.001 evaluation 10220: force 1.2990, moment 0.5914, torque Some(-0.0005579215293320949)
smoothing 0.001 evaluation 10240: force 1.2990, moment 0.5914, torque Some(-0.0005583813544718375)
smoothing 0.001 evaluation 10260: force 1.2990, moment 0.5914, torque Some(-0.0005579215293320949)
smoothing 0.001 evaluation 10280: force 1.2990, moment 0.5914, torque Some(-0.0005579215293320949)
smoothing 0.001 evaluation 10300: force 1.2991, moment 0.5914, torque Some(-0.0005579215293320949)
smoothing 0.001 evaluation 10320: force 1.2990, moment 0.5914, torque Some(-0.0005579215293320949)
smoothing 0.001 evaluation 10340: force 1.2991, moment 0.5914, torque Some(-0.0005579215293320949)
smoothing 0.001 evaluation 10360: force 1.2990, moment 0.5914, torque Some(-0.0005579215293320949)
smoothing 0.001 evaluation 10380: force 1.2990, moment 0.5914, torque Some(-0.0005579215293320949)
smoothing 0.001 evaluation 10400: force 1.2990, moment 0.5914, torque Some(-0.0005579215293320949)
smoothing 0.001 evaluation 10420: force 1.2953, moment 0.5756, torque Some(-0.18972904299881682)
smoothing 0.001 evaluation 10440: force 1.3044, moment 0.5928, torque Some(-0.0019765128684884475)
smoothing 0.001 evaluation 10460: force 1.3044, moment 0.5928, torque Some(-0.0019771062355399133)
smoothing 0.001 evaluation 10480: force 1.3044, moment 0.5928, torque Some(-0.0019771207489494708)
smoothing 0.001 evaluation 10500: force 1.3044, moment 0.5928, torque Some(-0.001977120494047399)
smoothing 0.001 evaluation 10520: force 1.3044, moment 0.5928, torque Some(-0.0019771207489494708)
smoothing 0.001 evaluation 10540: force 1.3044, moment 0.5928, torque Some(-0.0019771207489494708)
smoothing 0.001 evaluation 10560: force 1.3044, moment 0.5928, torque Some(-0.0019771207489494708)
smoothing 0.001 evaluation 10580: force 1.3044, moment 0.5928, torque Some(-0.0019771207489494708)
smoothing 0.001 evaluation 10600: force 1.3044, moment 0.5928, torque Some(-0.0019771207489494708)
smoothing 0.001 evaluation 10620: force 1.3044, moment 0.5928, torque Some(-0.0019771207489494708)
smoothing 0.001 evaluation 10640: force 1.3044, moment 0.5928, torque Some(-0.0019771207489494708)
smoothing 0.001 evaluation 10660: force 1.3044, moment 0.5928, torque Some(-0.0019771207489494708)
smoothing 0.001 evaluation 10680: force 1.3044, moment 0.5928, torque Some(-0.0019771207489494708)
smoothing 0.001 evaluation 10700: force 1.3044, moment 0.5928, torque Some(-0.0019771207489494708)
smoothing 0.001 evaluation 10720: force 1.3032, moment 0.5926, torque Some(-0.0007201614721643324)
smoothing 0.001 evaluation 10740: force 1.3032, moment 0.5926, torque Some(-0.0007201594750950169)
smoothing 0.001 evaluation 10760: force 1.3032, moment 0.5926, torque Some(-0.0007201594750950169)
smoothing 0.001 evaluation 10780: force 1.3032, moment 0.5926, torque Some(-0.0007201594750950169)
smoothing 0.001 evaluation 10800: force 1.3032, moment 0.5926, torque Some(-0.0007201043432020493)
smoothing 0.001 evaluation 10820: force 1.3032, moment 0.5926, torque Some(-0.0007201541693617614)
smoothing 0.001 evaluation 10840: force 1.3032, moment 0.5926, torque Some(-0.0007201276592805061)
smoothing 0.001 evaluation 10860: force 1.3032, moment 0.5926, torque Some(-0.0007201594750950169)
smoothing 0.001 evaluation 10880: force 1.3032, moment 0.5926, torque Some(-0.0007201594750950169)
smoothing 0.001 evaluation 10900: force 1.3032, moment 0.5926, torque Some(-0.0007201594750950169)
smoothing 0.001 evaluation 10920: force 1.3032, moment 0.5926, torque Some(-0.0007201594750950169)
smoothing 0.001 evaluation 10940: force 1.3032, moment 0.5926, torque Some(-0.0007201594750950169)
smoothing 0.001 evaluation 10960: force 1.3032, moment 0.5926, torque Some(-0.0007201594750950169)
smoothing 0.001 evaluation 10980: force 1.3032, moment 0.5926, torque Some(-0.0007201594750950169)
smoothing 0.001 evaluation 11000: force 1.3032, moment 0.5926, torque Some(-0.0007201594750950169)
smoothing 0.001 evaluation 11020: force 1.3008, moment 0.5925, torque Some(-0.0005094199637172281)
smoothing 0.001 evaluation 11040: force 1.3008, moment 0.5925, torque Some(-0.0004935951810765005)
smoothing 0.001 evaluation 11060: force 1.3008, moment 0.5925, torque Some(-0.0005094199637172281)
smoothing 0.001 evaluation 11080: force 1.3008, moment 0.5925, torque Some(-0.0005093827414972552)
smoothing 0.001 evaluation 11100: force 1.3008, moment 0.5925, torque Some(-0.0005094199637172281)
smoothing 0.001 evaluation 11120: force 1.3008, moment 0.5925, torque Some(-0.0005088918041749046)
smoothing 0.001 evaluation 11140: force 1.3008, moment 0.5925, torque Some(-0.0005094199637172281)
smoothing 0.001 evaluation 11160: force 1.3008, moment 0.5924, torque Some(-0.0005094199637172281)
smoothing 0.001 evaluation 11180: force 1.3008, moment 0.5925, torque Some(-0.0005094199637172281)
smoothing 0.001 evaluation 11200: force 1.3008, moment 0.5924, torque Some(-0.0005094199637172281)
smoothing 0.001 evaluation 11220: force 1.3008, moment 0.5925, torque Some(-0.0005094199637172281)
smoothing 0.001 evaluation 11240: force 1.3008, moment 0.5925, torque Some(-0.0005094199637172281)
smoothing 0.001 evaluation 11260: force 1.3008, moment 0.5925, torque Some(-0.0005094199637172281)
smoothing 0.001 evaluation 11280: force 1.3008, moment 0.5925, torque Some(-0.0005094199637172281)
smoothing 0.001 evaluation 11300: force 1.2980, moment 0.5927, torque Some(-0.0005234973819825406)
smoothing 0.001 evaluation 11320: force 1.2980, moment 0.5927, torque Some(-0.0005237340889885367)
smoothing 0.001 evaluation 11340: force 1.2980, moment 0.5927, torque Some(-0.000541201535819269)
smoothing 0.001 evaluation 11360: force 1.2980, moment 0.5927, torque Some(-0.0005241717126538425)
smoothing 0.001 evaluation 11380: force 1.2980, moment 0.5927, torque Some(-0.0005237340889885367)
smoothing 0.001 evaluation 11400: force 1.2980, moment 0.5927, torque Some(-0.0005232742596867901)
smoothing 0.001 evaluation 11420: force 1.2980, moment 0.5927, torque Some(-0.0005237340889885367)
smoothing 0.001 evaluation 11440: force 1.2980, moment 0.5927, torque Some(-0.0005237340889885367)
smoothing 0.001 evaluation 11460: force 1.2979, moment 0.5927, torque Some(-0.0005237340889885367)
smoothing 0.001 evaluation 11480: force 1.2980, moment 0.5927, torque Some(-0.0005237340889885367)
smoothing 0.001 evaluation 11500: force 1.2980, moment 0.5927, torque Some(-0.0005237340889885367)
smoothing 0.001 evaluation 11520: force 1.2980, moment 0.5927, torque Some(-0.0005237340889885367)
smoothing 0.001 evaluation 11540: force 1.2980, moment 0.5927, torque Some(-0.0005237340889885367)
smoothing 0.001 evaluation 11560: force 1.2980, moment 0.5927, torque Some(-0.0005237340889885367)
stage 0.001: IterationLimit, planning tolerances false
smoothing 0.0001 evaluation 20: force 43.4350, moment 2.1350, torque Some(-0.007435572476045968)
smoothing 0.0001 evaluation 40: force 43.4350, moment 2.1350, torque Some(-0.007435545584258074)
smoothing 0.0001 evaluation 60: force 43.4350, moment 2.1350, torque Some(-0.0074355385149657005)
smoothing 0.0001 evaluation 80: force 43.4350, moment 2.1350, torque Some(-0.00743555288306634)
smoothing 0.0001 evaluation 100: force 43.4350, moment 2.1350, torque Some(-0.0074355385149657005)
smoothing 0.0001 evaluation 120: force 43.4350, moment 2.1350, torque Some(-0.0074355385149657005)
smoothing 0.0001 evaluation 140: force 43.4350, moment 2.1350, torque Some(-0.0074355385149657005)
smoothing 0.0001 evaluation 160: force 43.4350, moment 2.1350, torque Some(-0.0074355385149657005)
smoothing 0.0001 evaluation 180: force 43.4350, moment 2.1350, torque Some(-0.0074355385149657005)
smoothing 0.0001 evaluation 200: force 43.4350, moment 2.1350, torque Some(-0.0074355385149657005)
smoothing 0.0001 evaluation 220: force 43.4350, moment 2.1350, torque Some(-0.0074355385149657005)
smoothing 0.0001 evaluation 240: force 43.4350, moment 2.1350, torque Some(-0.0074355385149657005)
smoothing 0.0001 evaluation 260: force 43.4350, moment 2.1350, torque Some(-0.0074355385149657005)
smoothing 0.0001 evaluation 280: force 43.4350, moment 2.1350, torque Some(-0.0074355385149657005)
smoothing 0.0001 evaluation 300: force 43.0994, moment 2.8695, torque Some(-0.007309079902451415)
smoothing 0.0001 evaluation 320: force 43.0994, moment 2.8695, torque Some(-0.007309072250686846)
smoothing 0.0001 evaluation 340: force 43.0994, moment 2.8695, torque Some(-0.0073090540872850635)
smoothing 0.0001 evaluation 360: force 43.0994, moment 2.8695, torque Some(-0.007309072250686846)
smoothing 0.0001 evaluation 380: force 43.0994, moment 2.8695, torque Some(-0.007309072250686846)
smoothing 0.0001 evaluation 400: force 43.0994, moment 2.8695, torque Some(-0.007309072250686846)
smoothing 0.0001 evaluation 420: force 43.0994, moment 2.8695, torque Some(-0.007309084177006139)
smoothing 0.0001 evaluation 440: force 43.0994, moment 2.8695, torque Some(-0.007309072250686846)
smoothing 0.0001 evaluation 460: force 43.0994, moment 2.8695, torque Some(-0.007309072250686846)
smoothing 0.0001 evaluation 480: force 43.0994, moment 2.8695, torque Some(-0.007309072250686846)
smoothing 0.0001 evaluation 500: force 43.0994, moment 2.8695, torque Some(-0.007309072250686846)
smoothing 0.0001 evaluation 520: force 43.0994, moment 2.8695, torque Some(-0.007309072250686846)
smoothing 0.0001 evaluation 540: force 43.0994, moment 2.8695, torque Some(-0.007309072250686846)
smoothing 0.0001 evaluation 560: force 43.0994, moment 2.8695, torque Some(-0.007309072250686846)
smoothing 0.0001 evaluation 580: force 43.0994, moment 2.8695, torque Some(-0.007309072250686846)
smoothing 0.0001 evaluation 600: force 41.4305, moment 6.6161, torque Some(-0.09175273542382412)
smoothing 0.0001 evaluation 620: force 41.4305, moment 6.6160, torque Some(-0.09174694035164732)
smoothing 0.0001 evaluation 640: force 41.4305, moment 6.6160, torque Some(-0.09174750819144695)
smoothing 0.0001 evaluation 660: force 41.4305, moment 6.6159, torque Some(-0.09168298690449728)
smoothing 0.0001 evaluation 680: force 41.4305, moment 6.6160, torque Some(-0.09174750819144695)
smoothing 0.0001 evaluation 700: force 41.4305, moment 6.6160, torque Some(-0.0917476297409836)
smoothing 0.0001 evaluation 720: force 41.4305, moment 6.6160, torque Some(-0.09174750819144695)
smoothing 0.0001 evaluation 740: force 41.4305, moment 6.6160, torque Some(-0.09174750819144695)
smoothing 0.0001 evaluation 760: force 41.4305, moment 6.6160, torque Some(-0.09174750819144695)
smoothing 0.0001 evaluation 780: force 41.4305, moment 6.6160, torque Some(-0.09174750819144695)
smoothing 0.0001 evaluation 800: force 41.4305, moment 6.6160, torque Some(-0.09174750819144695)
smoothing 0.0001 evaluation 820: force 41.4305, moment 6.6160, torque Some(-0.09174750819144695)
smoothing 0.0001 evaluation 840: force 41.4304, moment 6.6160, torque Some(-0.09174750819144695)
smoothing 0.0001 evaluation 860: force 41.4305, moment 6.6160, torque Some(-0.09174750819144695)
smoothing 0.0001 evaluation 880: force 40.9503, moment 7.1062, torque Some(-0.44147962190253454)
smoothing 0.0001 evaluation 900: force 40.9503, moment 7.1062, torque Some(-0.44149201746288025)
smoothing 0.0001 evaluation 920: force 40.9503, moment 7.1062, torque Some(-0.4414922017377596)
smoothing 0.0001 evaluation 940: force 40.9503, moment 7.1062, torque Some(-0.44149201746288025)
smoothing 0.0001 evaluation 960: force 40.9503, moment 7.1062, torque Some(-0.44149201746288025)
smoothing 0.0001 evaluation 980: force 40.9503, moment 7.1062, torque Some(-0.44149201746288025)
smoothing 0.0001 evaluation 1000: force 40.9503, moment 7.1062, torque Some(-0.44149201746288025)
smoothing 0.0001 evaluation 1020: force 40.9503, moment 7.1063, torque Some(-0.44149201746288025)
smoothing 0.0001 evaluation 1040: force 40.9503, moment 7.1062, torque Some(-0.44149201746288025)
smoothing 0.0001 evaluation 1060: force 40.9503, moment 7.1062, torque Some(-0.44149201746288025)
smoothing 0.0001 evaluation 1080: force 40.9503, moment 7.1062, torque Some(-0.44149201746288025)
smoothing 0.0001 evaluation 1100: force 40.9503, moment 7.1062, torque Some(-0.44149274566494867)
smoothing 0.0001 evaluation 1120: force 40.9503, moment 7.1062, torque Some(-0.44149201746288025)
smoothing 0.0001 evaluation 1140: force 40.9504, moment 7.1062, torque Some(-0.4413175419757045)
smoothing 0.0001 evaluation 1160: force 40.9503, moment 7.1062, torque Some(-0.44149135731501854)
smoothing 0.0001 evaluation 1180: force 37.9281, moment 6.8939, torque Some(-0.13508360275705056)
smoothing 0.0001 evaluation 1200: force 37.9281, moment 6.8939, torque Some(-0.13508363081836938)
smoothing 0.0001 evaluation 1220: force 37.9281, moment 6.8939, torque Some(-0.13508360275705056)
smoothing 0.0001 evaluation 1240: force 37.9281, moment 6.8939, torque Some(-0.1351339481885514)
smoothing 0.0001 evaluation 1260: force 37.9281, moment 6.8939, torque Some(-0.13508360275705056)
smoothing 0.0001 evaluation 1280: force 37.9281, moment 6.8939, torque Some(-0.13508043080236964)
smoothing 0.0001 evaluation 1300: force 37.9281, moment 6.8939, torque Some(-0.13508360275705056)
smoothing 0.0001 evaluation 1320: force 37.9281, moment 6.8939, torque Some(-0.1350921326278629)
smoothing 0.0001 evaluation 1340: force 37.9281, moment 6.8939, torque Some(-0.13508360275705056)
smoothing 0.0001 evaluation 1360: force 37.9281, moment 6.8939, torque Some(-0.13508360275705056)
smoothing 0.0001 evaluation 1380: force 37.9281, moment 6.8939, torque Some(-0.13508360275705056)
smoothing 0.0001 evaluation 1400: force 37.9280, moment 6.8944, torque Some(-0.13508360275705056)
smoothing 0.0001 evaluation 1420: force 37.9280, moment 6.8939, torque Some(-0.13508360275705056)
smoothing 0.0001 evaluation 1440: force 37.9281, moment 6.8939, torque Some(-0.13508360275705056)
smoothing 0.0001 evaluation 1460: force 17.3238, moment 8.4915, torque Some(-0.13666264977402953)
smoothing 0.0001 evaluation 1480: force 17.3238, moment 8.4915, torque Some(-0.1366615493390264)
smoothing 0.0001 evaluation 1500: force 17.3238, moment 8.4915, torque Some(-0.13666099814338217)
smoothing 0.0001 evaluation 1520: force 17.3238, moment 8.4915, torque Some(-0.1366615493390264)
smoothing 0.0001 evaluation 1540: force 17.3238, moment 8.4915, torque Some(-0.1366615493390264)
smoothing 0.0001 evaluation 1560: force 17.3238, moment 8.4915, torque Some(-0.1366615493390264)
smoothing 0.0001 evaluation 1580: force 17.3238, moment 8.4915, torque Some(-0.1366615493390264)
smoothing 0.0001 evaluation 1600: force 17.3238, moment 8.4915, torque Some(-0.1366615493390264)
smoothing 0.0001 evaluation 1620: force 17.3238, moment 8.4915, torque Some(-0.1366615493390264)
smoothing 0.0001 evaluation 1640: force 17.3238, moment 8.4916, torque Some(-0.1366615493390264)
smoothing 0.0001 evaluation 1660: force 17.3238, moment 8.4915, torque Some(-0.1366615493390264)
smoothing 0.0001 evaluation 1680: force 17.3242, moment 8.4916, torque Some(-0.1366474305093619)
smoothing 0.0001 evaluation 1700: force 17.3238, moment 8.4915, torque Some(-0.1366615493390264)
smoothing 0.0001 evaluation 1720: force 17.3238, moment 8.4915, torque Some(-0.1366615493390264)
smoothing 0.0001 evaluation 1740: force 17.3238, moment 8.4915, torque Some(-0.13666144862993912)
smoothing 0.0001 evaluation 1760: force 12.6074, moment 6.9558, torque Some(-0.093996294134302)
smoothing 0.0001 evaluation 1780: force 12.6073, moment 6.9558, torque Some(-0.09399675128255813)
smoothing 0.0001 evaluation 1800: force 12.6073, moment 6.9558, torque Some(-0.093996294134302)
smoothing 0.0001 evaluation 1820: force 12.6073, moment 6.9558, torque Some(-0.093996294134302)
smoothing 0.0001 evaluation 1840: force 12.6073, moment 6.9558, torque Some(-0.093996294134302)
smoothing 0.0001 evaluation 1860: force 12.6073, moment 6.9558, torque Some(-0.093996294134302)
smoothing 0.0001 evaluation 1880: force 12.6073, moment 6.9558, torque Some(-0.093996294134302)
smoothing 0.0001 evaluation 1900: force 12.6073, moment 6.9558, torque Some(-0.093996294134302)
smoothing 0.0001 evaluation 1920: force 12.6073, moment 6.9558, torque Some(-0.093996294134302)
smoothing 0.0001 evaluation 1940: force 12.6073, moment 6.9557, torque Some(-0.093996294134302)
smoothing 0.0001 evaluation 1960: force 12.6067, moment 6.9560, torque Some(-0.09400821951169602)
smoothing 0.0001 evaluation 1980: force 12.6073, moment 6.9558, torque Some(-0.093996294134302)
smoothing 0.0001 evaluation 2000: force 12.6081, moment 6.9556, torque Some(-0.09397989425603237)
smoothing 0.0001 evaluation 2020: force 12.6073, moment 6.9558, torque Some(-0.093996294134302)
smoothing 0.0001 evaluation 2040: force 10.0058, moment 5.7269, torque Some(-0.056404620900313285)
smoothing 0.0001 evaluation 2060: force 10.0058, moment 5.7269, torque Some(-0.056404620900313285)
smoothing 0.0001 evaluation 2080: force 10.0058, moment 5.7269, torque Some(-0.056404620900313285)
smoothing 0.0001 evaluation 2100: force 10.0058, moment 5.7269, torque Some(-0.056404620900313285)
smoothing 0.0001 evaluation 2120: force 10.0058, moment 5.7269, torque Some(-0.056404620900313285)
smoothing 0.0001 evaluation 2140: force 10.0058, moment 5.7269, torque Some(-0.05640462243323019)
smoothing 0.0001 evaluation 2160: force 10.0058, moment 5.7269, torque Some(-0.056404620900313285)
smoothing 0.0001 evaluation 2180: force 10.0058, moment 5.7267, torque Some(-0.056427944952157416)
smoothing 0.0001 evaluation 2200: force 10.0058, moment 5.7270, torque Some(-0.056404620900313285)
smoothing 0.0001 evaluation 2220: force 10.0058, moment 5.7269, torque Some(-0.056404620900313285)
smoothing 0.0001 evaluation 2240: force 10.0058, moment 5.7269, torque Some(-0.056404620900313285)
smoothing 0.0001 evaluation 2260: force 10.0054, moment 5.7269, torque Some(-0.056404620900313285)
smoothing 0.0001 evaluation 2280: force 10.0058, moment 5.7269, torque Some(-0.056404620900313285)
smoothing 0.0001 evaluation 2300: force 10.0059, moment 5.7269, torque Some(-0.056404620900313285)
smoothing 0.0001 evaluation 2320: force 10.0058, moment 5.7269, torque Some(-0.056404620900313285)
smoothing 0.0001 evaluation 2340: force 7.1674, moment 5.1503, torque Some(-0.3237792104775522)
smoothing 0.0001 evaluation 2360: force 7.1674, moment 5.1503, torque Some(-0.3237792104775522)
smoothing 0.0001 evaluation 2380: force 7.1674, moment 5.1503, torque Some(-0.3237792104775522)
smoothing 0.0001 evaluation 2400: force 7.1674, moment 5.1503, torque Some(-0.3237792104775522)
smoothing 0.0001 evaluation 2420: force 7.1674, moment 5.1503, torque Some(-0.3237792104775522)
smoothing 0.0001 evaluation 2440: force 7.1680, moment 5.1503, torque Some(-0.3237792104775522)
smoothing 0.0001 evaluation 2460: force 7.1674, moment 5.1503, torque Some(-0.3237792104775522)
smoothing 0.0001 evaluation 2480: force 7.1674, moment 5.1503, torque Some(-0.3237792104775522)
smoothing 0.0001 evaluation 2500: force 7.1674, moment 5.1503, torque Some(-0.3237790967832613)
smoothing 0.0001 evaluation 2520: force 7.1674, moment 5.1503, torque Some(-0.3237792104775522)
smoothing 0.0001 evaluation 2540: force 7.1674, moment 5.1503, torque Some(-0.32380152932334133)
smoothing 0.0001 evaluation 2560: force 7.1674, moment 5.1503, torque Some(-0.3237590162197135)
smoothing 0.0001 evaluation 2580: force 7.1674, moment 5.1503, torque Some(-0.3237791972766261)
smoothing 0.0001 evaluation 2600: force 7.1674, moment 5.1503, torque Some(-0.3237792104775522)
smoothing 0.0001 evaluation 2620: force 7.2412, moment 4.7041, torque Some(-0.2636840426046899)
smoothing 0.0001 evaluation 2640: force 7.2412, moment 4.7041, torque Some(-0.2636840426046899)
smoothing 0.0001 evaluation 2660: force 7.2412, moment 4.7041, torque Some(-0.2636840426046899)
smoothing 0.0001 evaluation 2680: force 7.2412, moment 4.7041, torque Some(-0.2636840426046899)
smoothing 0.0001 evaluation 2700: force 7.2412, moment 4.7041, torque Some(-0.2636840426046899)
smoothing 0.0001 evaluation 2720: force 7.2403, moment 4.7042, torque Some(-0.2636840426046899)
smoothing 0.0001 evaluation 2740: force 7.2413, moment 4.7041, torque Some(-0.2636840426046899)
smoothing 0.0001 evaluation 2760: force 7.2412, moment 4.7041, torque Some(-0.26368409172715657)
smoothing 0.0001 evaluation 2780: force 7.2412, moment 4.7038, torque Some(-0.2636829143886189)
smoothing 0.0001 evaluation 2800: force 7.2412, moment 4.7041, torque Some(-0.2636840426046899)
smoothing 0.0001 evaluation 2820: force 7.2412, moment 4.7041, torque Some(-0.2636840426046899)
smoothing 0.0001 evaluation 2840: force 7.2412, moment 4.7041, torque Some(-0.2636840426046899)
smoothing 0.0001 evaluation 2860: force 7.2412, moment 4.7041, torque Some(-0.2636840378925356)
smoothing 0.0001 evaluation 2880: force 7.2412, moment 4.7041, torque Some(-0.2636840426046899)
smoothing 0.0001 evaluation 2900: force 6.6640, moment 3.4876, torque Some(-0.25964425747102454)
smoothing 0.0001 evaluation 2920: force 6.6640, moment 3.4876, torque Some(-0.25964425747102454)
smoothing 0.0001 evaluation 2940: force 6.6639, moment 3.4876, torque Some(-0.25964425747102454)
smoothing 0.0001 evaluation 2960: force 6.6639, moment 3.4876, torque Some(-0.25964425747102454)
smoothing 0.0001 evaluation 2980: force 6.6640, moment 3.4876, torque Some(-0.25964425747102454)
smoothing 0.0001 evaluation 3000: force 6.6640, moment 3.4876, torque Some(-0.25964425747102454)
smoothing 0.0001 evaluation 3020: force 6.6635, moment 3.4876, torque Some(-0.25964425747102454)
smoothing 0.0001 evaluation 3040: force 6.6640, moment 3.4876, torque Some(-0.25964425747102454)
smoothing 0.0001 evaluation 3060: force 6.6640, moment 3.4876, torque Some(-0.25964425747102454)
smoothing 0.0001 evaluation 3080: force 6.6640, moment 3.4876, torque Some(-0.2596443638144275)
smoothing 0.0001 evaluation 3100: force 6.6640, moment 3.4876, torque Some(-0.25964425747102454)
smoothing 0.0001 evaluation 3120: force 6.6640, moment 3.4876, torque Some(-0.2596234300445269)
smoothing 0.0001 evaluation 3140: force 6.6640, moment 3.4876, torque Some(-0.2596633413027196)
smoothing 0.0001 evaluation 3160: force 6.6640, moment 3.4876, torque Some(-0.259644269542927)
smoothing 0.0001 evaluation 3180: force 6.6640, moment 3.4876, torque Some(-0.25964425747102454)
smoothing 0.0001 evaluation 3200: force 7.0548, moment 2.7217, torque Some(-0.2027810882568035)
smoothing 0.0001 evaluation 3220: force 7.0548, moment 2.7217, torque Some(-0.2027810882568035)
smoothing 0.0001 evaluation 3240: force 7.0548, moment 2.7217, torque Some(-0.2027810882568035)
smoothing 0.0001 evaluation 3260: force 7.0548, moment 2.7217, torque Some(-0.2027810882568035)
smoothing 0.0001 evaluation 3280: force 7.0547, moment 2.7217, torque Some(-0.2027810882568035)
smoothing 0.0001 evaluation 3300: force 7.0549, moment 2.7218, torque Some(-0.2027810882568035)
smoothing 0.0001 evaluation 3320: force 7.0550, moment 2.7216, torque Some(-0.2027810882568035)
smoothing 0.0001 evaluation 3340: force 7.0548, moment 2.7217, torque Some(-0.20278107300070838)
smoothing 0.0001 evaluation 3360: force 7.0548, moment 2.7217, torque Some(-0.2027810882568035)
smoothing 0.0001 evaluation 3380: force 7.0548, moment 2.7217, torque Some(-0.2027810882568035)
smoothing 0.0001 evaluation 3400: force 7.0548, moment 2.7217, torque Some(-0.2027810882568035)
smoothing 0.0001 evaluation 3420: force 7.0548, moment 2.7217, torque Some(-0.2027810882568035)
smoothing 0.0001 evaluation 3440: force 7.0548, moment 2.7217, torque Some(-0.20278112932109252)
smoothing 0.0001 evaluation 3460: force 7.0548, moment 2.7217, torque Some(-0.2027810882568035)
smoothing 0.0001 evaluation 3480: force 7.1547, moment 2.6042, torque Some(-0.18154762039346933)
smoothing 0.0001 evaluation 3500: force 7.1547, moment 2.6042, torque Some(-0.18154762039346933)
smoothing 0.0001 evaluation 3520: force 7.1546, moment 2.6042, torque Some(-0.18154762039346933)
smoothing 0.0001 evaluation 3540: force 7.1548, moment 2.6042, torque Some(-0.18154762039346933)
smoothing 0.0001 evaluation 3560: force 7.1545, moment 2.6042, torque Some(-0.18154762039346933)
smoothing 0.0001 evaluation 3580: force 7.1547, moment 2.6042, torque Some(-0.18154762039346933)
smoothing 0.0001 evaluation 3600: force 7.1553, moment 2.6042, torque Some(-0.18154762039346933)
smoothing 0.0001 evaluation 3620: force 7.1547, moment 2.6042, torque Some(-0.1815476182920462)
smoothing 0.0001 evaluation 3640: force 7.1547, moment 2.6041, torque Some(-0.18154762039346933)
smoothing 0.0001 evaluation 3660: force 7.1547, moment 2.6042, torque Some(-0.18156108909283913)
smoothing 0.0001 evaluation 3680: force 7.1547, moment 2.6042, torque Some(-0.18154602484254628)
smoothing 0.0001 evaluation 3700: force 7.1547, moment 2.6042, torque Some(-0.1815487224345273)
smoothing 0.0001 evaluation 3720: force 7.1547, moment 2.6042, torque Some(-0.18152060731283132)
smoothing 0.0001 evaluation 3740: force 7.1547, moment 2.6042, torque Some(-0.18154762039346933)
smoothing 0.0001 evaluation 3760: force 7.1547, moment 2.6042, torque Some(-0.18154762039346933)
smoothing 0.0001 evaluation 3780: force 6.0136, moment 2.4271, torque Some(-0.1355678380922691)
smoothing 0.0001 evaluation 3800: force 6.0136, moment 2.4271, torque Some(-0.1355678380922691)
smoothing 0.0001 evaluation 3820: force 6.0136, moment 2.4271, torque Some(-0.1355678380922691)
smoothing 0.0001 evaluation 3840: force 6.0136, moment 2.4271, torque Some(-0.1355678380922691)
smoothing 0.0001 evaluation 3860: force 6.0136, moment 2.4271, torque Some(-0.1355678380922691)
smoothing 0.0001 evaluation 3880: force 6.0135, moment 2.4270, torque Some(-0.1355678380922691)
smoothing 0.0001 evaluation 3900: force 6.0133, moment 2.4271, torque Some(-0.1355678380922691)
smoothing 0.0001 evaluation 3920: force 6.0136, moment 2.4271, torque Some(-0.13556785318552186)
smoothing 0.0001 evaluation 3940: force 6.0136, moment 2.4271, torque Some(-0.1355678380922691)
smoothing 0.0001 evaluation 3960: force 6.0136, moment 2.4271, torque Some(-0.1355678380922691)
smoothing 0.0001 evaluation 3980: force 6.0136, moment 2.4271, torque Some(-0.1355678380922691)
smoothing 0.0001 evaluation 4000: force 6.0136, moment 2.4271, torque Some(-0.1355678380922691)
smoothing 0.0001 evaluation 4020: force 6.0136, moment 2.4271, torque Some(-0.1355677973187415)
smoothing 0.0001 evaluation 4040: force 6.0136, moment 2.4271, torque Some(-0.1355678380922691)
smoothing 0.0001 evaluation 4060: force 6.7223, moment 2.6386, torque Some(-0.044710934181878326)
smoothing 0.0001 evaluation 4080: force 6.7223, moment 2.6386, torque Some(-0.044710934181878326)
smoothing 0.0001 evaluation 4100: force 6.7223, moment 2.6386, torque Some(-0.044710934181878326)
smoothing 0.0001 evaluation 4120: force 6.7223, moment 2.6386, torque Some(-0.044710934181878326)
smoothing 0.0001 evaluation 4140: force 6.7223, moment 2.6386, torque Some(-0.044710934181878326)
smoothing 0.0001 evaluation 4160: force 6.7223, moment 2.6386, torque Some(-0.044710934181878326)
smoothing 0.0001 evaluation 4180: force 6.7223, moment 2.6386, torque Some(-0.044710934181878326)
smoothing 0.0001 evaluation 4200: force 6.7223, moment 2.6386, torque Some(-0.04471094343069226)
smoothing 0.0001 evaluation 4220: force 6.7223, moment 2.6386, torque Some(-0.044710934181878326)
smoothing 0.0001 evaluation 4240: force 6.7223, moment 2.6387, torque Some(-0.044729365559855294)
smoothing 0.0001 evaluation 4260: force 6.7219, moment 2.6386, torque Some(-0.044700840683766535)
smoothing 0.0001 evaluation 4280: force 6.7223, moment 2.6386, torque Some(-0.044710634839743135)
smoothing 0.0001 evaluation 4300: force 6.7223, moment 2.6387, torque Some(-0.044710934181878326)
smoothing 0.0001 evaluation 4320: force 6.7222, moment 2.6386, torque Some(-0.044710934181878326)
smoothing 0.0001 evaluation 4340: force 6.7222, moment 2.6386, torque Some(-0.044710934181878326)
smoothing 0.0001 evaluation 4360: force 3.3249, moment 2.2449, torque Some(-0.03008725863813172)
smoothing 0.0001 evaluation 4380: force 3.3249, moment 2.2449, torque Some(-0.03008725863813172)
smoothing 0.0001 evaluation 4400: force 3.3249, moment 2.2449, torque Some(-0.03008725863813172)
smoothing 0.0001 evaluation 4420: force 3.3249, moment 2.2449, torque Some(-0.03008725863813172)
smoothing 0.0001 evaluation 4440: force 3.3249, moment 2.2449, torque Some(-0.03008725863813172)
smoothing 0.0001 evaluation 4460: force 3.3249, moment 2.2449, torque Some(-0.03008725863813172)
smoothing 0.0001 evaluation 4480: force 3.3249, moment 2.2450, torque Some(-0.03008725863813172)
smoothing 0.0001 evaluation 4500: force 3.3249, moment 2.2449, torque Some(-0.03008725863813172)
smoothing 0.0001 evaluation 4520: force 3.3249, moment 2.2449, torque Some(-0.03008725863813172)
smoothing 0.0001 evaluation 4540: force 3.3249, moment 2.2449, torque Some(-0.03008725863813172)
smoothing 0.0001 evaluation 4560: force 3.3249, moment 2.2449, torque Some(-0.03008726258418709)
smoothing 0.0001 evaluation 4580: force 3.3248, moment 2.2449, torque Some(-0.03008725863813172)
smoothing 0.0001 evaluation 4600: force 3.3247, moment 2.2449, torque Some(-0.0300867301382593)
smoothing 0.0001 evaluation 4620: force 3.3249, moment 2.2449, torque Some(-0.030087316355874694)
smoothing 0.0001 evaluation 4640: force 3.1155, moment 2.1801, torque Some(-0.016960183888791613)
smoothing 0.0001 evaluation 4660: force 3.1155, moment 2.1801, torque Some(-0.016960183888791613)
smoothing 0.0001 evaluation 4680: force 3.1155, moment 2.1801, torque Some(-0.016960183888791613)
smoothing 0.0001 evaluation 4700: force 3.1155, moment 2.1801, torque Some(-0.016960183888791613)
smoothing 0.0001 evaluation 4720: force 3.1155, moment 2.1801, torque Some(-0.01695079642440489)
smoothing 0.0001 evaluation 4740: force 3.1155, moment 2.1801, torque Some(-0.016960412588432172)
smoothing 0.0001 evaluation 4760: force 3.1155, moment 2.1801, torque Some(-0.016960183888791613)
smoothing 0.0001 evaluation 4780: force 3.1155, moment 2.1802, torque Some(-0.016984772747364874)
smoothing 0.0001 evaluation 4800: force 3.1155, moment 2.1801, torque Some(-0.016960183888791613)
smoothing 0.0001 evaluation 4820: force 3.1155, moment 2.1801, torque Some(-0.016960203568179066)
smoothing 0.0001 evaluation 4840: force 3.1155, moment 2.1801, torque Some(-0.016960183888791613)
smoothing 0.0001 evaluation 4860: force 3.1155, moment 2.1801, torque Some(-0.016960183888791613)
smoothing 0.0001 evaluation 4880: force 3.1155, moment 2.1801, torque Some(-0.016960183888791613)
smoothing 0.0001 evaluation 4900: force 3.1154, moment 2.1801, torque Some(-0.016960183888791613)
smoothing 0.0001 evaluation 4920: force 3.1155, moment 2.1801, torque Some(-0.016960183888791613)
smoothing 0.0001 evaluation 4940: force 2.6288, moment 2.0120, torque Some(-0.019571770598692195)
smoothing 0.0001 evaluation 4960: force 2.6288, moment 2.0120, torque Some(-0.019571770598692195)
smoothing 0.0001 evaluation 4980: force 2.6288, moment 2.0120, torque Some(-0.019571770598692195)
smoothing 0.0001 evaluation 5000: force 2.6288, moment 2.0120, torque Some(-0.019571770598692195)
smoothing 0.0001 evaluation 5020: force 2.6288, moment 2.0120, torque Some(-0.019571770598692195)
smoothing 0.0001 evaluation 5040: force 2.6288, moment 2.0121, torque Some(-0.019571260767027976)
smoothing 0.0001 evaluation 5060: force 2.6288, moment 2.0120, torque Some(-0.01956949533760799)
smoothing 0.0001 evaluation 5080: force 2.6288, moment 2.0120, torque Some(-0.019571770598692195)
smoothing 0.0001 evaluation 5100: force 2.6288, moment 2.0121, torque Some(-0.01967929209940178)
smoothing 0.0001 evaluation 5120: force 2.6288, moment 2.0120, torque Some(-0.019571770598692195)
smoothing 0.0001 evaluation 5140: force 2.6288, moment 2.0120, torque Some(-0.019571770598692195)
smoothing 0.0001 evaluation 5160: force 2.6287, moment 2.0120, torque Some(-0.019571770598692195)
smoothing 0.0001 evaluation 5180: force 2.6286, moment 2.0120, torque Some(-0.019571770598692195)
smoothing 0.0001 evaluation 5200: force 2.6289, moment 2.0120, torque Some(-0.019571770598692195)
smoothing 0.0001 evaluation 5220: force 2.2890, moment 1.9666, torque Some(-0.016022144858063747)
smoothing 0.0001 evaluation 5240: force 2.2890, moment 1.9666, torque Some(-0.01602208819151052)
smoothing 0.0001 evaluation 5260: force 2.2890, moment 1.9666, torque Some(-0.016013207339785396)
smoothing 0.0001 evaluation 5280: force 2.2890, moment 1.9666, torque Some(-0.01602208819151052)
smoothing 0.0001 evaluation 5300: force 2.2890, moment 1.9666, torque Some(-0.016175303221737103)
smoothing 0.0001 evaluation 5320: force 2.2890, moment 1.9666, torque Some(-0.01602242679877408)
smoothing 0.0001 evaluation 5340: force 2.2887, moment 1.9666, torque Some(-0.01602208819151052)
smoothing 0.0001 evaluation 5360: force 2.2903, moment 1.9665, torque Some(-0.01602208819151052)
smoothing 0.0001 evaluation 5380: force 2.2889, moment 1.9666, torque Some(-0.01602208819151052)
smoothing 0.0001 evaluation 5400: force 2.2890, moment 1.9666, torque Some(-0.01602208819151052)
smoothing 0.0001 evaluation 5420: force 2.2889, moment 1.9666, torque Some(-0.01602208819151052)
smoothing 0.0001 evaluation 5440: force 2.2890, moment 1.9666, torque Some(-0.01602208819151052)
smoothing 0.0001 evaluation 5460: force 2.2890, moment 1.9666, torque Some(-0.01602208819151052)
smoothing 0.0001 evaluation 5480: force 2.2890, moment 1.9666, torque Some(-0.01602208819151052)
smoothing 0.0001 evaluation 5500: force 2.2890, moment 1.9666, torque Some(-0.01602208819151052)
smoothing 0.0001 evaluation 5520: force 2.3017, moment 1.8593, torque Some(-0.016125785638491763)
smoothing 0.0001 evaluation 5540: force 2.3017, moment 1.8593, torque Some(-0.016165103497451483)
smoothing 0.0001 evaluation 5560: force 2.3017, moment 1.8593, torque Some(-0.016125785638491763)
smoothing 0.0001 evaluation 5580: force 2.3017, moment 1.8593, torque Some(-0.01612116509975925)
smoothing 0.0001 evaluation 5600: force 2.3017, moment 1.8593, torque Some(-0.016125785638491763)
smoothing 0.0001 evaluation 5620: force 2.3017, moment 1.8593, torque Some(-0.016126834336491758)
smoothing 0.0001 evaluation 5640: force 2.3019, moment 1.8593, torque Some(-0.016125785638491763)
smoothing 0.0001 evaluation 5660: force 2.3019, moment 1.8594, torque Some(-0.016125785638491763)
smoothing 0.0001 evaluation 5680: force 2.3017, moment 1.8593, torque Some(-0.016125785638491763)
smoothing 0.0001 evaluation 5700: force 2.3017, moment 1.8593, torque Some(-0.016125785638491763)
smoothing 0.0001 evaluation 5720: force 2.3017, moment 1.8593, torque Some(-0.016125785638491763)
smoothing 0.0001 evaluation 5740: force 2.3017, moment 1.8593, torque Some(-0.016125785638491763)
smoothing 0.0001 evaluation 5760: force 2.3017, moment 1.8593, torque Some(-0.016125785638491763)
smoothing 0.0001 evaluation 5780: force 2.3017, moment 1.8593, torque Some(-0.016125785638491763)
smoothing 0.0001 evaluation 5800: force 2.3045, moment 1.7985, torque Some(-0.017226708139223224)
smoothing 0.0001 evaluation 5820: force 2.3045, moment 1.7985, torque Some(-0.017226668368099052)
smoothing 0.0001 evaluation 5840: force 2.3045, moment 1.7985, torque Some(-0.017177330037642324)
smoothing 0.0001 evaluation 5860: force 2.3045, moment 1.7985, torque Some(-0.017226668368099052)
smoothing 0.0001 evaluation 5880: force 2.3045, moment 1.7985, torque Some(-0.017226668368099052)
smoothing 0.0001 evaluation 5900: force 2.3045, moment 1.7985, torque Some(-0.017226643026742483)
smoothing 0.0001 evaluation 5920: force 2.3047, moment 1.7985, torque Some(-0.017226668368099052)
smoothing 0.0001 evaluation 5940: force 2.3039, moment 1.7988, torque Some(-0.017226668368099052)
smoothing 0.0001 evaluation 5960: force 2.3050, moment 1.7984, torque Some(-0.017226668368099052)
smoothing 0.0001 evaluation 5980: force 2.3045, moment 1.7985, torque Some(-0.017226668368099052)
smoothing 0.0001 evaluation 6000: force 2.3045, moment 1.7985, torque Some(-0.017226668368099052)
smoothing 0.0001 evaluation 6020: force 2.3045, moment 1.7985, torque Some(-0.017226668368099052)
smoothing 0.0001 evaluation 6040: force 2.3045, moment 1.7985, torque Some(-0.017226668368099052)
smoothing 0.0001 evaluation 6060: force 2.3045, moment 1.7985, torque Some(-0.017226668368099052)
smoothing 0.0001 evaluation 6080: force 2.3045, moment 1.7985, torque Some(-0.017226668368099052)
smoothing 0.0001 evaluation 6100: force 2.2980, moment 1.7704, torque Some(-0.01711547968471372)
smoothing 0.0001 evaluation 6120: force 2.2980, moment 1.7704, torque Some(-0.017154781300734445)
smoothing 0.0001 evaluation 6140: force 2.2980, moment 1.7704, torque Some(-0.01711547968471372)
smoothing 0.0001 evaluation 6160: force 2.2980, moment 1.7704, torque Some(-0.017110849082691004)
smoothing 0.0001 evaluation 6180: force 2.2980, moment 1.7704, torque Some(-0.01711547968471372)
smoothing 0.0001 evaluation 6200: force 2.2980, moment 1.7704, torque Some(-0.017116546824297085)
smoothing 0.0001 evaluation 6220: force 2.2982, moment 1.7704, torque Some(-0.01711547968471372)
smoothing 0.0001 evaluation 6240: force 2.2982, moment 1.7705, torque Some(-0.01711547968471372)
smoothing 0.0001 evaluation 6260: force 2.2980, moment 1.7704, torque Some(-0.01711547968471372)
smoothing 0.0001 evaluation 6280: force 2.2981, moment 1.7704, torque Some(-0.01711547968471372)
smoothing 0.0001 evaluation 6300: force 2.2980, moment 1.7704, torque Some(-0.01711547968471372)
smoothing 0.0001 evaluation 6320: force 2.2980, moment 1.7704, torque Some(-0.01711547968471372)
smoothing 0.0001 evaluation 6340: force 2.2980, moment 1.7704, torque Some(-0.01711547968471372)
smoothing 0.0001 evaluation 6360: force 2.2980, moment 1.7704, torque Some(-0.01711547968471372)
smoothing 0.0001 evaluation 6380: force 2.2762, moment 1.7178, torque Some(-0.01763872383753018)
smoothing 0.0001 evaluation 6400: force 2.2762, moment 1.7178, torque Some(-0.01763876259510022)
smoothing 0.0001 evaluation 6420: force 2.2762, moment 1.7178, torque Some(-0.017688072432350488)
smoothing 0.0001 evaluation 6440: force 2.2762, moment 1.7178, torque Some(-0.01763876259510022)
smoothing 0.0001 evaluation 6460: force 2.2762, moment 1.7178, torque Some(-0.01763876259510022)
smoothing 0.0001 evaluation 6480: force 2.2762, moment 1.7178, torque Some(-0.017638788360591295)
smoothing 0.0001 evaluation 6500: force 2.2759, moment 1.7178, torque Some(-0.01763876259510022)
smoothing 0.0001 evaluation 6520: force 2.2768, moment 1.7175, torque Some(-0.01763876259510022)
smoothing 0.0001 evaluation 6540: force 2.2757, moment 1.7179, torque Some(-0.01763876259510022)
smoothing 0.0001 evaluation 6560: force 2.2762, moment 1.7178, torque Some(-0.01763876259510022)
smoothing 0.0001 evaluation 6580: force 2.2762, moment 1.7178, torque Some(-0.01763876259510022)
smoothing 0.0001 evaluation 6600: force 2.2762, moment 1.7178, torque Some(-0.01763876259510022)
smoothing 0.0001 evaluation 6620: force 2.2762, moment 1.7178, torque Some(-0.01763876259510022)
smoothing 0.0001 evaluation 6640: force 2.2762, moment 1.7178, torque Some(-0.01763876259510022)
smoothing 0.0001 evaluation 6660: force 2.2762, moment 1.7178, torque Some(-0.01763876259510022)
smoothing 0.0001 evaluation 6680: force 2.1727, moment 1.5995, torque Some(-0.019987440529175338)
smoothing 0.0001 evaluation 6700: force 2.1727, moment 1.5995, torque Some(-0.01992412497365148)
smoothing 0.0001 evaluation 6720: force 2.1727, moment 1.5995, torque Some(-0.019987440529175338)
smoothing 0.0001 evaluation 6740: force 2.1727, moment 1.5995, torque Some(-0.0199901049555109)
smoothing 0.0001 evaluation 6760: force 2.1727, moment 1.5995, torque Some(-0.019987440529175338)
smoothing 0.0001 evaluation 6780: force 2.1728, moment 1.5995, torque Some(-0.019976255554225553)
smoothing 0.0001 evaluation 6800: force 2.1731, moment 1.5994, torque Some(-0.019987440529175338)
smoothing 0.0001 evaluation 6820: force 2.1727, moment 1.5995, torque Some(-0.019987440529175338)
smoothing 0.0001 evaluation 6840: force 2.1727, moment 1.5995, torque Some(-0.019987440529175338)
smoothing 0.0001 evaluation 6860: force 2.1727, moment 1.5995, torque Some(-0.019987440529175338)
smoothing 0.0001 evaluation 6880: force 2.1727, moment 1.5995, torque Some(-0.019987440529175338)
smoothing 0.0001 evaluation 6900: force 2.1727, moment 1.5995, torque Some(-0.019987440529175338)
smoothing 0.0001 evaluation 6920: force 2.1727, moment 1.5995, torque Some(-0.019987440529175338)
smoothing 0.0001 evaluation 6940: force 2.1727, moment 1.5995, torque Some(-0.019987440529175338)
smoothing 0.0001 evaluation 6960: force 2.1494, moment 1.3527, torque Some(-0.015607075385014824)
smoothing 0.0001 evaluation 6980: force 2.1494, moment 1.3527, torque Some(-0.015607196773929743)
smoothing 0.0001 evaluation 7000: force 2.1494, moment 1.3527, torque Some(-0.01568291166061453)
smoothing 0.0001 evaluation 7020: force 2.1494, moment 1.3527, torque Some(-0.015607593778253825)
smoothing 0.0001 evaluation 7040: force 2.1494, moment 1.3527, torque Some(-0.015607196773929743)
smoothing 0.0001 evaluation 7060: force 2.1497, moment 1.3527, torque Some(-0.015598389205345065)
smoothing 0.0001 evaluation 7080: force 2.1494, moment 1.3527, torque Some(-0.015607196773929743)
smoothing 0.0001 evaluation 7100: force 2.1494, moment 1.3527, torque Some(-0.015607196773929743)
smoothing 0.0001 evaluation 7120: force 2.1493, moment 1.3529, torque Some(-0.015607196773929743)
smoothing 0.0001 evaluation 7140: force 2.1494, moment 1.3527, torque Some(-0.015607196773929743)
smoothing 0.0001 evaluation 7160: force 2.1494, moment 1.3527, torque Some(-0.015607196773929743)
smoothing 0.0001 evaluation 7180: force 2.1494, moment 1.3527, torque Some(-0.015607196773929743)
smoothing 0.0001 evaluation 7200: force 2.1494, moment 1.3527, torque Some(-0.015607196773929743)
smoothing 0.0001 evaluation 7220: force 2.1494, moment 1.3527, torque Some(-0.015607196773929743)
smoothing 0.0001 evaluation 7240: force 2.2411, moment 0.9707, torque Some(-0.01167211568112636)
smoothing 0.0001 evaluation 7260: force 2.2411, moment 0.9707, torque Some(-0.011671786008166318)
smoothing 0.0001 evaluation 7280: force 2.2411, moment 0.9707, torque Some(-0.011668570142943313)
smoothing 0.0001 evaluation 7300: force 2.2411, moment 0.9707, torque Some(-0.011671786008166318)
smoothing 0.0001 evaluation 7320: force 2.2412, moment 0.9707, torque Some(-0.011685705571289784)
smoothing 0.0001 evaluation 7340: force 2.2411, moment 0.9707, torque Some(-0.011671786008166318)
smoothing 0.0001 evaluation 7360: force 2.2414, moment 0.9707, torque Some(-0.01165352999849567)
smoothing 0.0001 evaluation 7380: force 2.2411, moment 0.9707, torque Some(-0.011671786008166318)
smoothing 0.0001 evaluation 7400: force 2.2411, moment 0.9709, torque Some(-0.011671786008166318)
smoothing 0.0001 evaluation 7420: force 2.2411, moment 0.9707, torque Some(-0.011671786008166318)
smoothing 0.0001 evaluation 7440: force 2.2411, moment 0.9707, torque Some(-0.011671786008166318)
smoothing 0.0001 evaluation 7460: force 2.2411, moment 0.9708, torque Some(-0.011671786008166318)
smoothing 0.0001 evaluation 7480: force 2.2411, moment 0.9707, torque Some(-0.011671786008166318)
smoothing 0.0001 evaluation 7500: force 2.2411, moment 0.9707, torque Some(-0.011671786008166318)
smoothing 0.0001 evaluation 7520: force 2.2411, moment 0.9707, torque Some(-0.011671786008166318)
smoothing 0.0001 evaluation 7540: force 2.2277, moment 0.9193, torque Some(-0.009826431244824185)
smoothing 0.0001 evaluation 7560: force 2.2277, moment 0.9193, torque Some(-0.009826833756752418)
smoothing 0.0001 evaluation 7580: force 2.2277, moment 0.9193, torque Some(-0.009826833756752418)
smoothing 0.0001 evaluation 7600: force 2.2277, moment 0.9193, torque Some(-0.009826760404655133)
smoothing 0.0001 evaluation 7620: force 2.2277, moment 0.9193, torque Some(-0.009826833756752418)
smoothing 0.0001 evaluation 7640: force 2.2276, moment 0.9194, torque Some(-0.0098126116120274)
smoothing 0.0001 evaluation 7660: force 2.2278, moment 0.9193, torque Some(-0.009826833756752418)
smoothing 0.0001 evaluation 7680: force 2.2276, moment 0.9194, torque Some(-0.009826833756752418)
smoothing 0.0001 evaluation 7700: force 2.2276, moment 0.9194, torque Some(-0.009826833756752418)
smoothing 0.0001 evaluation 7720: force 2.2277, moment 0.9193, torque Some(-0.009826833756752418)
smoothing 0.0001 evaluation 7740: force 2.2277, moment 0.9192, torque Some(-0.009826833756752418)
smoothing 0.0001 evaluation 7760: force 2.2277, moment 0.9193, torque Some(-0.009826833756752418)
smoothing 0.0001 evaluation 7780: force 2.2277, moment 0.9193, torque Some(-0.009826833756752418)
smoothing 0.0001 evaluation 7800: force 2.2277, moment 0.9193, torque Some(-0.009826833756752418)
smoothing 0.0001 evaluation 7820: force 2.1370, moment 0.8048, torque Some(-0.012671998861435885)
smoothing 0.0001 evaluation 7840: force 2.1370, moment 0.8048, torque Some(-0.012671998861435885)
smoothing 0.0001 evaluation 7860: force 2.1370, moment 0.8048, torque Some(-0.01267332289161871)
smoothing 0.0001 evaluation 7880: force 2.1370, moment 0.8048, torque Some(-0.012671998861435885)
smoothing 0.0001 evaluation 7900: force 2.1370, moment 0.8048, torque Some(-0.012654424694778399)
smoothing 0.0001 evaluation 7920: force 2.1370, moment 0.8048, torque Some(-0.012671998861435885)
smoothing 0.0001 evaluation 7940: force 2.1368, moment 0.8048, torque Some(-0.012712070939724374)
smoothing 0.0001 evaluation 7960: force 2.1370, moment 0.8048, torque Some(-0.012671998861435885)
smoothing 0.0001 evaluation 7980: force 2.1370, moment 0.8047, torque Some(-0.012671998861435885)
smoothing 0.0001 evaluation 8000: force 2.1370, moment 0.8048, torque Some(-0.012671998861435885)
smoothing 0.0001 evaluation 8020: force 2.1370, moment 0.8048, torque Some(-0.012671998861435885)
smoothing 0.0001 evaluation 8040: force 2.1370, moment 0.8048, torque Some(-0.012671998861435885)
smoothing 0.0001 evaluation 8060: force 2.1370, moment 0.8048, torque Some(-0.012671998861435885)
smoothing 0.0001 evaluation 8080: force 2.1370, moment 0.8048, torque Some(-0.012671998861435885)
smoothing 0.0001 evaluation 8100: force 2.1370, moment 0.8048, torque Some(-0.012671998861435885)
smoothing 0.0001 evaluation 8120: force 2.1133, moment 0.7670, torque Some(-0.005814454627546262)
smoothing 0.0001 evaluation 8140: force 2.1133, moment 0.7670, torque Some(-0.005758113099999296)
smoothing 0.0001 evaluation 8160: force 2.1133, moment 0.7670, torque Some(-0.005758113099999296)
smoothing 0.0001 evaluation 8180: force 2.1133, moment 0.7670, torque Some(-0.005758060033467238)
smoothing 0.0001 evaluation 8200: force 2.1133, moment 0.7670, torque Some(-0.005758113099999296)
smoothing 0.0001 evaluation 8220: force 2.1133, moment 0.7670, torque Some(-0.005758113099999296)
smoothing 0.0001 evaluation 8240: force 2.1131, moment 0.7670, torque Some(-0.005758113099999296)
smoothing 0.0001 evaluation 8260: force 2.1133, moment 0.7670, torque Some(-0.005758113099999296)
smoothing 0.0001 evaluation 8280: force 2.1133, moment 0.7670, torque Some(-0.005758113099999296)
smoothing 0.0001 evaluation 8300: force 2.1133, moment 0.7670, torque Some(-0.005758113099999296)
smoothing 0.0001 evaluation 8320: force 2.1133, moment 0.7672, torque Some(-0.005758113099999296)
smoothing 0.0001 evaluation 8340: force 2.1133, moment 0.7670, torque Some(-0.005758113099999296)
smoothing 0.0001 evaluation 8360: force 2.1133, moment 0.7670, torque Some(-0.005758119364744463)
smoothing 0.0001 evaluation 8380: force 2.1133, moment 0.7670, torque Some(-0.005758113099999296)
smoothing 0.0001 evaluation 8400: force 2.0133, moment 0.6789, torque Some(-0.005383811335571309)
smoothing 0.0001 evaluation 8420: force 2.0133, moment 0.6789, torque Some(-0.005455926512560438)
smoothing 0.0001 evaluation 8440: force 2.0133, moment 0.6789, torque Some(-0.005457626310792829)
smoothing 0.0001 evaluation 8460: force 2.0133, moment 0.6789, torque Some(-0.005455926512560438)
smoothing 0.0001 evaluation 8480: force 2.0133, moment 0.6789, torque Some(-0.005443413079734061)
smoothing 0.0001 evaluation 8500: force 2.0133, moment 0.6789, torque Some(-0.005455926512560438)
smoothing 0.0001 evaluation 8520: force 2.0133, moment 0.6789, torque Some(-0.005455926512560438)
smoothing 0.0001 evaluation 8540: force 2.0133, moment 0.6789, torque Some(-0.005455926512560438)
smoothing 0.0001 evaluation 8560: force 2.0133, moment 0.6791, torque Some(-0.005455926512560438)
smoothing 0.0001 evaluation 8580: force 2.0133, moment 0.6789, torque Some(-0.005455926512560438)
smoothing 0.0001 evaluation 8600: force 2.0133, moment 0.6789, torque Some(-0.005455926512560438)
smoothing 0.0001 evaluation 8620: force 2.0133, moment 0.6789, torque Some(-0.005455926512560438)
smoothing 0.0001 evaluation 8640: force 2.0133, moment 0.6789, torque Some(-0.005455926512560438)
smoothing 0.0001 evaluation 8660: force 2.0133, moment 0.6789, torque Some(-0.005455443000398574)
smoothing 0.0001 evaluation 8680: force 2.0133, moment 0.6789, torque Some(-0.005455926512560438)
smoothing 0.0001 evaluation 8700: force 1.9645, moment 0.6468, torque Some(-0.005429390405661483)
smoothing 0.0001 evaluation 8720: force 1.9645, moment 0.6468, torque Some(-0.0054297231565496595)
smoothing 0.0001 evaluation 8740: force 1.9645, moment 0.6468, torque Some(-0.005429390405661483)
smoothing 0.0001 evaluation 8760: force 1.9645, moment 0.6468, torque Some(-0.005507054575834225)
smoothing 0.0001 evaluation 8780: force 1.9646, moment 0.6468, torque Some(-0.005429390405661483)
smoothing 0.0001 evaluation 8800: force 1.9645, moment 0.6468, torque Some(-0.00542871903933051)
smoothing 0.0001 evaluation 8820: force 1.9648, moment 0.6468, torque Some(-0.005429390405661483)
smoothing 0.0001 evaluation 8840: force 1.9645, moment 0.6468, torque Some(-0.005429390405661483)
smoothing 0.0001 evaluation 8860: force 1.9645, moment 0.6468, torque Some(-0.005429390405661483)
smoothing 0.0001 evaluation 8880: force 1.9645, moment 0.6468, torque Some(-0.005429390405661483)
smoothing 0.0001 evaluation 8900: force 1.9645, moment 0.6468, torque Some(-0.005429390405661483)
smoothing 0.0001 evaluation 8920: force 1.9645, moment 0.6468, torque Some(-0.005429390405661483)
smoothing 0.0001 evaluation 8940: force 1.9645, moment 0.6468, torque Some(-0.005429390405661483)
smoothing 0.0001 evaluation 8960: force 1.9645, moment 0.6468, torque Some(-0.005429390405661483)
smoothing 0.0001 evaluation 8980: force 1.8537, moment 0.5989, torque Some(-0.0056002583969849695)
smoothing 0.0001 evaluation 9000: force 1.8537, moment 0.5989, torque Some(-0.0056002583969849695)
smoothing 0.0001 evaluation 9020: force 1.8537, moment 0.5989, torque Some(-0.005599089681291858)
smoothing 0.0001 evaluation 9040: force 1.8537, moment 0.5989, torque Some(-0.0056002583969849695)
smoothing 0.0001 evaluation 9060: force 1.8537, moment 0.5989, torque Some(-0.005698267026676973)
smoothing 0.0001 evaluation 9080: force 1.8537, moment 0.5989, torque Some(-0.0056002583969849695)
smoothing 0.0001 evaluation 9100: force 1.8537, moment 0.5989, torque Some(-0.0056002583969849695)
smoothing 0.0001 evaluation 9120: force 1.8536, moment 0.5989, torque Some(-0.0056002583969849695)
smoothing 0.0001 evaluation 9140: force 1.8537, moment 0.5990, torque Some(-0.0056002583969849695)
smoothing 0.0001 evaluation 9160: force 1.8537, moment 0.5989, torque Some(-0.0056002583969849695)
smoothing 0.0001 evaluation 9180: force 1.8537, moment 0.5989, torque Some(-0.0056002583969849695)
smoothing 0.0001 evaluation 9200: force 1.8537, moment 0.5989, torque Some(-0.0056002583969849695)
smoothing 0.0001 evaluation 9220: force 1.8537, moment 0.5989, torque Some(-0.0056002583969849695)
smoothing 0.0001 evaluation 9240: force 1.8537, moment 0.5989, torque Some(-0.0056002583969849695)
smoothing 0.0001 evaluation 9260: force 1.8537, moment 0.5989, torque Some(-0.0056002583969849695)
smoothing 0.0001 evaluation 9280: force 1.6019, moment 0.5073, torque Some(-0.005764050267871301)
smoothing 0.0001 evaluation 9300: force 1.6019, moment 0.5073, torque Some(-0.005764217827874507)
smoothing 0.0001 evaluation 9320: force 1.6019, moment 0.5073, torque Some(-0.005764050267871301)
smoothing 0.0001 evaluation 9340: force 1.6019, moment 0.5073, torque Some(-0.005638319277903481)
smoothing 0.0001 evaluation 9360: force 1.6019, moment 0.5073, torque Some(-0.005764050267871301)
smoothing 0.0001 evaluation 9380: force 1.6019, moment 0.5073, torque Some(-0.005764717755215365)
smoothing 0.0001 evaluation 9400: force 1.6019, moment 0.5073, torque Some(-0.005764050267871301)
smoothing 0.0001 evaluation 9420: force 1.6020, moment 0.5073, torque Some(-0.005764050267871301)
smoothing 0.0001 evaluation 9440: force 1.6019, moment 0.5073, torque Some(-0.005764050267871301)
smoothing 0.0001 evaluation 9460: force 1.6019, moment 0.5073, torque Some(-0.005764050267871301)
smoothing 0.0001 evaluation 9480: force 1.6019, moment 0.5073, torque Some(-0.005764050267871301)
smoothing 0.0001 evaluation 9500: force 1.6019, moment 0.5073, torque Some(-0.005764050267871301)
smoothing 0.0001 evaluation 9520: force 1.6019, moment 0.5073, torque Some(-0.005764050267871301)
smoothing 0.0001 evaluation 9540: force 1.6019, moment 0.5073, torque Some(-0.005764050267871301)
smoothing 0.0001 evaluation 9560: force 1.4941, moment 0.4423, torque Some(-0.006132890171725802)
smoothing 0.0001 evaluation 9580: force 1.4941, moment 0.4423, torque Some(-0.006132890171725802)
smoothing 0.0001 evaluation 9600: force 1.4941, moment 0.4423, torque Some(-0.006132890171725802)
smoothing 0.0001 evaluation 9620: force 1.4941, moment 0.4423, torque Some(-0.006132890171725802)
smoothing 0.0001 evaluation 9640: force 1.4941, moment 0.4423, torque Some(-0.006132890171725802)
smoothing 0.0001 evaluation 9660: force 1.4940, moment 0.4424, torque Some(-0.006132890171725802)
smoothing 0.0001 evaluation 9680: force 1.4940, moment 0.4423, torque Some(-0.006132890171725802)
smoothing 0.0001 evaluation 9700: force 1.4939, moment 0.4423, torque Some(-0.006130796342521783)
smoothing 0.0001 evaluation 9720: force 1.4940, moment 0.4423, torque Some(-0.006133043557822737)
smoothing 0.0001 evaluation 9740: force 1.4940, moment 0.4423, torque Some(-0.006129968018342091)
smoothing 0.0001 evaluation 9760: force 1.4941, moment 0.4423, torque Some(-0.006169548535777003)
smoothing 0.0001 evaluation 9780: force 1.4941, moment 0.4423, torque Some(-0.006132890171725802)
smoothing 0.0001 evaluation 9800: force 1.4941, moment 0.4423, torque Some(-0.006132890171725802)
smoothing 0.0001 evaluation 9820: force 1.4941, moment 0.4423, torque Some(-0.006132890171725802)
smoothing 0.0001 evaluation 9840: force 1.4941, moment 0.4423, torque Some(-0.006132890171725802)
smoothing 0.0001 evaluation 9860: force 1.5061, moment 0.4096, torque Some(-0.03951876078907786)
smoothing 0.0001 evaluation 9880: force 1.5061, moment 0.4096, torque Some(-0.03951893791071005)
smoothing 0.0001 evaluation 9900: force 1.5061, moment 0.4096, torque Some(-0.039520034998913336)
smoothing 0.0001 evaluation 9920: force 1.5061, moment 0.4096, torque Some(-0.0395210689087198)
smoothing 0.0001 evaluation 9940: force 1.5061, moment 0.4096, torque Some(-0.039520034998913336)
smoothing 0.0001 evaluation 9960: force 1.5062, moment 0.4097, torque Some(-0.039520034998913336)
smoothing 0.0001 evaluation 9980: force 1.5061, moment 0.4096, torque Some(-0.039520034998913336)
smoothing 0.0001 evaluation 10000: force 1.5060, moment 0.4094, torque Some(-0.039520034998913336)
smoothing 0.0001 evaluation 10020: force 1.5061, moment 0.4096, torque Some(-0.039520034998913336)
smoothing 0.0001 evaluation 10040: force 1.5061, moment 0.4096, torque Some(-0.039520034998913336)
smoothing 0.0001 evaluation 10060: force 1.5061, moment 0.4096, torque Some(-0.039520034998913336)
smoothing 0.0001 evaluation 10080: force 1.5061, moment 0.4096, torque Some(-0.039520034998913336)
smoothing 0.0001 evaluation 10100: force 1.5061, moment 0.4096, torque Some(-0.039520034998913336)
smoothing 0.0001 evaluation 10120: force 1.5061, moment 0.4096, torque Some(-0.039520034998913336)
smoothing 0.0001 evaluation 10140: force 1.3416, moment 0.4098, torque Some(-0.017615496808399245)
smoothing 0.0001 evaluation 10160: force 1.3416, moment 0.4098, torque Some(-0.017615496808399245)
smoothing 0.0001 evaluation 10180: force 1.3416, moment 0.4097, torque Some(-0.017615496808399245)
smoothing 0.0001 evaluation 10200: force 1.3416, moment 0.4098, torque Some(-0.017615496808399245)
smoothing 0.0001 evaluation 10220: force 1.3416, moment 0.4098, torque Some(-0.017615496808399245)
smoothing 0.0001 evaluation 10240: force 1.3416, moment 0.4098, torque Some(-0.017615496808399245)
smoothing 0.0001 evaluation 10260: force 1.3416, moment 0.4098, torque Some(-0.017615496808399245)
smoothing 0.0001 evaluation 10280: force 1.3415, moment 0.4098, torque Some(-0.017613440714795425)
smoothing 0.0001 evaluation 10300: force 1.3416, moment 0.4097, torque Some(-0.017615648595576627)
smoothing 0.0001 evaluation 10320: force 1.3416, moment 0.4098, torque Some(-0.01761267067691452)
smoothing 0.0001 evaluation 10340: force 1.3416, moment 0.4098, torque Some(-0.0176514897412251)
smoothing 0.0001 evaluation 10360: force 1.3416, moment 0.4098, torque Some(-0.017615496808399245)
smoothing 0.0001 evaluation 10380: force 1.3416, moment 0.4098, torque Some(-0.017615496808399245)
smoothing 0.0001 evaluation 10400: force 1.3416, moment 0.4098, torque Some(-0.017615496808399245)
smoothing 0.0001 evaluation 10420: force 1.3416, moment 0.4098, torque Some(-0.017615496808399467)
smoothing 0.0001 evaluation 10440: force 1.2902, moment 0.4144, torque Some(-0.0027282251746232333)
smoothing 0.0001 evaluation 10460: force 1.2902, moment 0.4144, torque Some(-0.002747652370536535)
smoothing 0.0001 evaluation 10480: force 1.2902, moment 0.4144, torque Some(-0.0027282251746232333)
smoothing 0.0001 evaluation 10500: force 1.2903, moment 0.4144, torque Some(-0.002724238157241654)
smoothing 0.0001 evaluation 10520: force 1.2902, moment 0.4144, torque Some(-0.0027282251746232333)
smoothing 0.0001 evaluation 10540: force 1.2903, moment 0.4142, torque Some(-0.0027321801729356388)
smoothing 0.0001 evaluation 10560: force 1.2902, moment 0.4143, torque Some(-0.0027282251746232333)
smoothing 0.0001 evaluation 10580: force 1.2901, moment 0.4144, torque Some(-0.0027282251746232333)
smoothing 0.0001 evaluation 10600: force 1.2902, moment 0.4144, torque Some(-0.0027282251746232333)
smoothing 0.0001 evaluation 10620: force 1.2902, moment 0.4144, torque Some(-0.0027282251746232333)
smoothing 0.0001 evaluation 10640: force 1.2902, moment 0.4144, torque Some(-0.0027282251746232333)
smoothing 0.0001 evaluation 10660: force 1.2902, moment 0.4144, torque Some(-0.0027282251746232333)
smoothing 0.0001 evaluation 10680: force 1.2902, moment 0.4144, torque Some(-0.0027282251746232333)
smoothing 0.0001 evaluation 10700: force 1.2902, moment 0.4144, torque Some(-0.0027282251746232333)
smoothing 0.0001 evaluation 10720: force 1.2231, moment 0.4073, torque Some(-0.0025024069388037695)
smoothing 0.0001 evaluation 10740: force 1.2231, moment 0.4073, torque Some(-0.0025024069388037695)
smoothing 0.0001 evaluation 10760: force 1.2231, moment 0.4073, torque Some(-0.002526564491897698)
smoothing 0.0001 evaluation 10780: force 1.2231, moment 0.4073, torque Some(-0.0025024069388037695)
smoothing 0.0001 evaluation 10800: force 1.2231, moment 0.4073, torque Some(-0.0025024069388037695)
smoothing 0.0001 evaluation 10820: force 1.2231, moment 0.4073, torque Some(-0.0025025568755947525)
smoothing 0.0001 evaluation 10840: force 1.2231, moment 0.4073, torque Some(-0.0025024069388037695)
smoothing 0.0001 evaluation 10860: force 1.2232, moment 0.4073, torque Some(-0.0025024069388037695)
smoothing 0.0001 evaluation 10880: force 1.2232, moment 0.4073, torque Some(-0.0025024069388037695)
smoothing 0.0001 evaluation 10900: force 1.2231, moment 0.4073, torque Some(-0.0025024069388037695)
smoothing 0.0001 evaluation 10920: force 1.2231, moment 0.4073, torque Some(-0.0025024069388037695)
smoothing 0.0001 evaluation 10940: force 1.2231, moment 0.4073, torque Some(-0.0025024069388037695)
smoothing 0.0001 evaluation 10960: force 1.2231, moment 0.4073, torque Some(-0.0025024069388037695)
smoothing 0.0001 evaluation 10980: force 1.2231, moment 0.4073, torque Some(-0.0025024069388037695)
smoothing 0.0001 evaluation 11000: force 1.2231, moment 0.4073, torque Some(-0.0025024069388037695)
smoothing 0.0001 evaluation 11020: force 1.1881, moment 0.4036, torque Some(-0.002311216643952285)
smoothing 0.0001 evaluation 11040: force 1.1881, moment 0.4036, torque Some(-0.002291791030348378)
smoothing 0.0001 evaluation 11060: force 1.1881, moment 0.4036, torque Some(-0.002311216643952285)
smoothing 0.0001 evaluation 11080: force 1.1881, moment 0.4036, torque Some(-0.0023152052719166427)
smoothing 0.0001 evaluation 11100: force 1.1881, moment 0.4036, torque Some(-0.002311216643952285)
smoothing 0.0001 evaluation 11120: force 1.1881, moment 0.4037, torque Some(-0.0023072773619539078)
smoothing 0.0001 evaluation 11140: force 1.1881, moment 0.4037, torque Some(-0.002311216643952285)
smoothing 0.0001 evaluation 11160: force 1.1882, moment 0.4036, torque Some(-0.002311216643952285)
smoothing 0.0001 evaluation 11180: force 1.1881, moment 0.4036, torque Some(-0.002311216643952285)
smoothing 0.0001 evaluation 11200: force 1.1881, moment 0.4036, torque Some(-0.002311216643952285)
smoothing 0.0001 evaluation 11220: force 1.1881, moment 0.4036, torque Some(-0.002311216643952285)
smoothing 0.0001 evaluation 11240: force 1.1881, moment 0.4036, torque Some(-0.002311216643952285)
smoothing 0.0001 evaluation 11260: force 1.1881, moment 0.4036, torque Some(-0.002311216643952285)
smoothing 0.0001 evaluation 11280: force 1.1881, moment 0.4036, torque Some(-0.002311216643952285)
smoothing 0.0001 evaluation 11300: force 1.1807, moment 0.3938, torque Some(-0.002048763087186156)
smoothing 0.0001 evaluation 11320: force 1.1807, moment 0.3938, torque Some(-0.002048763087186156)
smoothing 0.0001 evaluation 11340: force 1.1807, moment 0.3938, torque Some(-0.0020118714539325566)
smoothing 0.0001 evaluation 11360: force 1.1807, moment 0.3938, torque Some(-0.002048772653578279)
smoothing 0.0001 evaluation 11380: force 1.1807, moment 0.3938, torque Some(-0.002048763087186156)
smoothing 0.0001 evaluation 11400: force 1.1809, moment 0.3938, torque Some(-0.002068298545903069)
smoothing 0.0001 evaluation 11420: force 1.1807, moment 0.3938, torque Some(-0.002048763087186156)
smoothing 0.0001 evaluation 11440: force 1.1808, moment 0.3938, torque Some(-0.002048763087186156)
smoothing 0.0001 evaluation 11460: force 1.1806, moment 0.3938, torque Some(-0.002048763087186156)
smoothing 0.0001 evaluation 11480: force 1.1807, moment 0.3938, torque Some(-0.002048763087186156)
smoothing 0.0001 evaluation 11500: force 1.1807, moment 0.3938, torque Some(-0.002048763087186156)
smoothing 0.0001 evaluation 11520: force 1.1807, moment 0.3938, torque Some(-0.002048763087186156)
smoothing 0.0001 evaluation 11540: force 1.1807, moment 0.3938, torque Some(-0.002048763087186156)
smoothing 0.0001 evaluation 11560: force 1.1807, moment 0.3938, torque Some(-0.002048763087186156)
smoothing 0.0001 evaluation 11580: force 1.4137, moment 0.4364, torque Some(-0.010535465891309832)
stage 0.0001: IterationLimit, planning tolerances false
smoothing 0.00001 evaluation 20: force 85.5574, moment 9.8173, torque Some(-5.247826502292234)
smoothing 0.00001 evaluation 40: force 85.5574, moment 9.8173, torque Some(-5.247702645198686)
smoothing 0.00001 evaluation 60: force 85.5574, moment 9.8173, torque Some(-5.247826502292234)
smoothing 0.00001 evaluation 80: force 85.5574, moment 9.8173, torque Some(-5.247841316246346)
smoothing 0.00001 evaluation 100: force 85.5574, moment 9.8173, torque Some(-5.247826502292234)
smoothing 0.00001 evaluation 120: force 85.5534, moment 9.8173, torque Some(-5.247728626419921)
smoothing 0.00001 evaluation 140: force 85.5544, moment 9.8173, torque Some(-5.247826502292234)
smoothing 0.00001 evaluation 160: force 85.5574, moment 9.8173, torque Some(-5.247826502292234)
smoothing 0.00001 evaluation 180: force 85.5574, moment 9.8173, torque Some(-5.247826502292234)
smoothing 0.00001 evaluation 200: force 85.5574, moment 9.8162, torque Some(-5.247826502292234)
smoothing 0.00001 evaluation 220: force 85.5574, moment 9.8173, torque Some(-5.247826502292234)
smoothing 0.00001 evaluation 240: force 85.5574, moment 9.8173, torque Some(-5.247826502292234)
smoothing 0.00001 evaluation 260: force 85.5574, moment 9.8173, torque Some(-5.247826502292234)
smoothing 0.00001 evaluation 280: force 85.5574, moment 9.8173, torque Some(-5.247826502292234)
smoothing 0.00001 evaluation 300: force 109.0486, moment 36.4704, torque Some(-4.317326867569298)
smoothing 0.00001 evaluation 320: force 109.0486, moment 36.4704, torque Some(-4.317326867569298)
smoothing 0.00001 evaluation 340: force 109.0486, moment 36.4704, torque Some(-4.317326867569298)
smoothing 0.00001 evaluation 360: force 109.0486, moment 36.4704, torque Some(-4.317326867569298)
smoothing 0.00001 evaluation 380: force 109.0486, moment 36.4704, torque Some(-4.317326867569298)
smoothing 0.00001 evaluation 400: force 109.0486, moment 36.4704, torque Some(-4.3173268608806925)
smoothing 0.00001 evaluation 420: force 109.0486, moment 36.4704, torque Some(-4.317326867569298)
smoothing 0.00001 evaluation 440: force 109.0438, moment 36.4694, torque Some(-4.317125214491556)
smoothing 0.00001 evaluation 460: force 109.0486, moment 36.4704, torque Some(-4.317326867569298)
smoothing 0.00001 evaluation 480: force 109.0484, moment 36.4703, torque Some(-4.3173147165097205)
smoothing 0.00001 evaluation 500: force 109.0486, moment 36.4704, torque Some(-4.317326867569298)
smoothing 0.00001 evaluation 520: force 109.0485, moment 36.4704, torque Some(-4.317325283620038)
smoothing 0.00001 evaluation 540: force 109.0486, moment 36.4704, torque Some(-4.317326867569298)
smoothing 0.00001 evaluation 560: force 109.0486, moment 36.4704, torque Some(-4.317326867569298)
smoothing 0.00001 evaluation 580: force 109.0486, moment 36.4704, torque Some(-4.317326867569298)
smoothing 0.00001 evaluation 600: force 54.8899, moment 18.3479, torque Some(-0.9730319376151675)
smoothing 0.00001 evaluation 620: force 54.8899, moment 18.3479, torque Some(-0.9730319376151675)
smoothing 0.00001 evaluation 640: force 54.8899, moment 18.3479, torque Some(-0.9730319376151675)
smoothing 0.00001 evaluation 660: force 54.8899, moment 18.3479, torque Some(-0.9730319376151675)
smoothing 0.00001 evaluation 680: force 54.8899, moment 18.3479, torque Some(-0.9730319376151675)
smoothing 0.00001 evaluation 700: force 54.8899, moment 18.3479, torque Some(-0.9730316081699666)
smoothing 0.00001 evaluation 720: force 54.8899, moment 18.3479, torque Some(-0.9730319376151675)
smoothing 0.00001 evaluation 740: force 54.8928, moment 18.3491, torque Some(-0.9732892687305341)
smoothing 0.00001 evaluation 760: force 54.8922, moment 18.3479, torque Some(-0.9730319376151675)
smoothing 0.00001 evaluation 780: force 54.8901, moment 18.3479, torque Some(-0.9730319376151675)
smoothing 0.00001 evaluation 800: force 54.8899, moment 18.3479, torque Some(-0.9730319374602683)
smoothing 0.00001 evaluation 820: force 54.8900, moment 18.3479, torque Some(-0.9730319376151675)
smoothing 0.00001 evaluation 840: force 54.8899, moment 18.3479, torque Some(-0.9730319376151675)
smoothing 0.00001 evaluation 860: force 54.8899, moment 18.3479, torque Some(-0.9730319376151675)
smoothing 0.00001 evaluation 880: force 38.2154, moment 14.6482, torque Some(-0.34402966393806)
smoothing 0.00001 evaluation 900: force 38.2154, moment 14.6482, torque Some(-0.34402966393806)
smoothing 0.00001 evaluation 920: force 38.2154, moment 14.6482, torque Some(-0.34402966393806)
smoothing 0.00001 evaluation 940: force 38.2154, moment 14.6482, torque Some(-0.34402966393806)
smoothing 0.00001 evaluation 960: force 38.2154, moment 14.6482, torque Some(-0.34402966393806)
smoothing 0.00001 evaluation 980: force 38.2154, moment 14.6482, torque Some(-0.3440296646310248)
smoothing 0.00001 evaluation 1000: force 38.2154, moment 14.6481, torque Some(-0.34402966393806)
smoothing 0.00001 evaluation 1020: force 38.2154, moment 14.6473, torque Some(-0.3439187334356084)
smoothing 0.00001 evaluation 1040: force 38.2154, moment 14.6482, torque Some(-0.34402966393806)
smoothing 0.00001 evaluation 1060: force 38.2152, moment 14.6480, torque Some(-0.3440231148022965)
smoothing 0.00001 evaluation 1080: force 38.2162, moment 14.6481, torque Some(-0.34402966393806)
smoothing 0.00001 evaluation 1100: force 38.2152, moment 14.6481, torque Some(-0.34402879813113274)
smoothing 0.00001 evaluation 1120: force 38.2179, moment 14.6482, torque Some(-0.34402966393806)
smoothing 0.00001 evaluation 1140: force 38.2163, moment 14.6482, torque Some(-0.34402966393806)
smoothing 0.00001 evaluation 1160: force 38.2154, moment 14.6482, torque Some(-0.34402966393806)
smoothing 0.00001 evaluation 1180: force 42.8982, moment 14.2859, torque Some(-0.28486890423619693)
smoothing 0.00001 evaluation 1200: force 42.9013, moment 14.2870, torque Some(-0.285147292407943)
smoothing 0.00001 evaluation 1220: force 42.9010, moment 14.2869, torque Some(-0.28513759569047625)
smoothing 0.00001 evaluation 1240: force 42.9010, moment 14.2869, torque Some(-0.28513759569047625)
smoothing 0.00001 evaluation 1260: force 42.9010, moment 14.2869, torque Some(-0.28513759569047625)
smoothing 0.00001 evaluation 1280: force 42.9010, moment 14.2869, torque Some(-0.28513759569047625)
smoothing 0.00001 evaluation 1300: force 42.9010, moment 14.2869, torque Some(-0.28513759569047625)
smoothing 0.00001 evaluation 1320: force 42.9010, moment 14.2869, torque Some(-0.28513759569047625)
smoothing 0.00001 evaluation 1340: force 42.9010, moment 14.2869, torque Some(-0.28513759569047625)
smoothing 0.00001 evaluation 1360: force 42.9010, moment 14.2869, torque Some(-0.28513759569047625)
smoothing 0.00001 evaluation 1380: force 42.9012, moment 14.2870, torque Some(-0.2851472485855857)
smoothing 0.00001 evaluation 1400: force 42.9010, moment 14.2869, torque Some(-0.28513759569047625)
smoothing 0.00001 evaluation 1420: force 42.8970, moment 14.2856, torque Some(-0.2847860066739152)
smoothing 0.00001 evaluation 1440: force 42.8967, moment 14.2869, torque Some(-0.28513759569047625)
smoothing 0.00001 evaluation 1460: force 20.2250, moment 10.3716, torque Some(-0.02813737332424049)
smoothing 0.00001 evaluation 1480: force 20.2250, moment 10.3717, torque Some(-0.02813737332424049)
smoothing 0.00001 evaluation 1500: force 20.2251, moment 10.3717, torque Some(-0.02813737332424049)
smoothing 0.00001 evaluation 1520: force 20.2250, moment 10.3717, torque Some(-0.02813737332424049)
smoothing 0.00001 evaluation 1540: force 20.2250, moment 10.3717, torque Some(-0.02813737332424049)
smoothing 0.00001 evaluation 1560: force 20.2250, moment 10.3717, torque Some(-0.028137374495235123)
smoothing 0.00001 evaluation 1580: force 20.2250, moment 10.3717, torque Some(-0.02813737332424049)
smoothing 0.00001 evaluation 1600: force 20.2250, moment 10.3717, torque Some(-0.028197850885767206)
smoothing 0.00001 evaluation 1620: force 20.2250, moment 10.3717, torque Some(-0.02813737332424049)
smoothing 0.00001 evaluation 1640: force 20.2250, moment 10.3717, torque Some(-0.02813737332424049)
smoothing 0.00001 evaluation 1660: force 20.2250, moment 10.3717, torque Some(-0.02813737332424049)
smoothing 0.00001 evaluation 1680: force 20.2251, moment 10.3717, torque Some(-0.02813737332424049)
smoothing 0.00001 evaluation 1700: force 20.2250, moment 10.3717, torque Some(-0.02813737332424049)
smoothing 0.00001 evaluation 1720: force 20.2248, moment 10.3716, torque Some(-0.02813737332424049)
smoothing 0.00001 evaluation 1740: force 20.2250, moment 10.3717, torque Some(-0.02813737332424049)
smoothing 0.00001 evaluation 1760: force 12.6649, moment 3.7614, torque Some(-0.03698687722994731)
smoothing 0.00001 evaluation 1780: force 12.6674, moment 3.7614, torque Some(-0.03698687722994731)
smoothing 0.00001 evaluation 1800: force 12.6672, moment 3.7614, torque Some(-0.03698687722994731)
smoothing 0.00001 evaluation 1820: force 12.6673, moment 3.7614, torque Some(-0.03698687722994731)
smoothing 0.00001 evaluation 1840: force 12.6673, moment 3.7614, torque Some(-0.03698687722994731)
smoothing 0.00001 evaluation 1860: force 12.6673, moment 3.7614, torque Some(-0.03698687722994731)
smoothing 0.00001 evaluation 1880: force 12.6673, moment 3.7614, torque Some(-0.03698687722994731)
smoothing 0.00001 evaluation 1900: force 12.6673, moment 3.7615, torque Some(-0.03698687722994731)
smoothing 0.00001 evaluation 1920: force 12.6673, moment 3.7614, torque Some(-0.03698699600952593)
smoothing 0.00001 evaluation 1940: force 12.6673, moment 3.7616, torque Some(-0.03698687722994731)
smoothing 0.00001 evaluation 1960: force 12.6674, moment 3.7614, torque Some(-0.03704096795855283)
smoothing 0.00001 evaluation 1980: force 12.6672, moment 3.7615, torque Some(-0.036945928342322576)
smoothing 0.00001 evaluation 2000: force 12.6673, moment 3.7614, torque Some(-0.036986973386718414)
smoothing 0.00001 evaluation 2020: force 12.6673, moment 3.7614, torque Some(-0.03698687722994731)
smoothing 0.00001 evaluation 2040: force 6.4462, moment 2.8186, torque Some(2.6158381371682582e-5)
smoothing 0.00001 evaluation 2060: force 6.4462, moment 2.8186, torque Some(2.6158381371682582e-5)
smoothing 0.00001 evaluation 2080: force 6.4462, moment 2.8186, torque Some(2.6158381371682582e-5)
smoothing 0.00001 evaluation 2100: force 6.4462, moment 2.8186, torque Some(2.612963161827131e-5)
smoothing 0.00001 evaluation 2120: force 6.4462, moment 2.8186, torque Some(2.993139602969208e-5)
smoothing 0.00001 evaluation 2140: force 6.4461, moment 2.8183, torque Some(2.614577727907963e-5)
smoothing 0.00001 evaluation 2160: force 6.4461, moment 2.8186, torque Some(2.6158381371682582e-5)
smoothing 0.00001 evaluation 2180: force 6.4466, moment 2.8186, torque Some(2.6158381371682582e-5)
smoothing 0.00001 evaluation 2200: force 6.4453, moment 2.8193, torque Some(2.6158381371682582e-5)
smoothing 0.00001 evaluation 2220: force 6.4462, moment 2.8186, torque Some(2.6158381371682582e-5)
smoothing 0.00001 evaluation 2240: force 6.4462, moment 2.8186, torque Some(2.6158381371682582e-5)
smoothing 0.00001 evaluation 2260: force 6.4462, moment 2.8186, torque Some(2.6158381371682582e-5)
smoothing 0.00001 evaluation 2280: force 6.4462, moment 2.8186, torque Some(2.6158381371682582e-5)
smoothing 0.00001 evaluation 2300: force 6.4462, moment 2.8186, torque Some(2.6158381371682582e-5)
smoothing 0.00001 evaluation 2320: force 5.6043, moment 2.5084, torque Some(-0.024507495552678726)
smoothing 0.00001 evaluation 2340: force 5.6043, moment 2.5084, torque Some(-0.024507495552678726)
smoothing 0.00001 evaluation 2360: force 5.6045, moment 2.5084, torque Some(-0.024507495552678726)
smoothing 0.00001 evaluation 2380: force 5.6049, moment 2.5084, torque Some(-0.024507495552678726)
smoothing 0.00001 evaluation 2400: force 5.6047, moment 2.5084, torque Some(-0.024507495552678726)
smoothing 0.00001 evaluation 2420: force 5.6043, moment 2.5084, torque Some(-0.024506960428431812)
smoothing 0.00001 evaluation 2440: force 5.6043, moment 2.5084, torque Some(-0.024507495552678726)
smoothing 0.00001 evaluation 2460: force 5.6043, moment 2.5084, torque Some(-0.024507451075392206)
smoothing 0.00001 evaluation 2480: force 5.6043, moment 2.5081, torque Some(-0.024507495552678726)
smoothing 0.00001 evaluation 2500: force 5.6043, moment 2.5084, torque Some(-0.024523450165251592)
smoothing 0.00001 evaluation 2520: force 5.6043, moment 2.5084, torque Some(-0.024507495552678726)
smoothing 0.00001 evaluation 2540: force 5.6043, moment 2.5084, torque Some(-0.024507495552678726)
smoothing 0.00001 evaluation 2560: force 5.6043, moment 2.5084, torque Some(-0.024507495552678726)
smoothing 0.00001 evaluation 2580: force 5.6043, moment 2.5084, torque Some(-0.024507495552678726)
smoothing 0.00001 evaluation 2600: force 5.6043, moment 2.5084, torque Some(-0.024507495552678726)
smoothing 0.00001 evaluation 2620: force 4.8718, moment 2.0170, torque Some(-0.00807605152573787)
smoothing 0.00001 evaluation 2640: force 4.8718, moment 2.0170, torque Some(-0.00807605152573787)
smoothing 0.00001 evaluation 2660: force 4.8718, moment 2.0170, torque Some(-0.00807605152573787)
smoothing 0.00001 evaluation 2680: force 4.8720, moment 2.0170, torque Some(-0.008076056127639175)
smoothing 0.00001 evaluation 2700: force 4.8718, moment 2.0170, torque Some(-0.00807605152573787)
smoothing 0.00001 evaluation 2720: force 4.8719, moment 2.0166, torque Some(-0.008071735901345578)
smoothing 0.00001 evaluation 2740: force 4.8718, moment 2.0171, torque Some(-0.00807605152573787)
smoothing 0.00001 evaluation 2760: force 4.8718, moment 2.0170, torque Some(-0.008072137458296824)
smoothing 0.00001 evaluation 2780: force 4.8718, moment 2.0170, torque Some(-0.008058420715265191)
smoothing 0.00001 evaluation 2800: force 4.8718, moment 2.0170, torque Some(-0.00807605152573787)
smoothing 0.00001 evaluation 2820: force 4.8718, moment 2.0170, torque Some(-0.008108317688624744)
smoothing 0.00001 evaluation 2840: force 4.8718, moment 2.0170, torque Some(-0.00807605152573787)
smoothing 0.00001 evaluation 2860: force 4.8718, moment 2.0170, torque Some(-0.00807605152573787)
smoothing 0.00001 evaluation 2880: force 4.8718, moment 2.0170, torque Some(-0.00807605152573787)
smoothing 0.00001 evaluation 2900: force 4.3367, moment 1.4874, torque Some(-0.011079236163214379)
smoothing 0.00001 evaluation 2920: force 4.3339, moment 1.4874, torque Some(-0.011430078886811579)
smoothing 0.00001 evaluation 2940: force 4.3348, moment 1.4874, torque Some(-0.011434036995716212)
smoothing 0.00001 evaluation 2960: force 4.3347, moment 1.4874, torque Some(-0.011430078886811579)
smoothing 0.00001 evaluation 2980: force 4.3347, moment 1.4874, torque Some(-0.011418358646028803)
smoothing 0.00001 evaluation 3000: force 4.3347, moment 1.4874, torque Some(-0.011430078886811579)
smoothing 0.00001 evaluation 3020: force 4.3347, moment 1.4874, torque Some(-0.011430078886811579)
smoothing 0.00001 evaluation 3040: force 4.3347, moment 1.4874, torque Some(-0.011430078886811579)
smoothing 0.00001 evaluation 3060: force 4.3347, moment 1.4871, torque Some(-0.011430078886811579)
smoothing 0.00001 evaluation 3080: force 4.3347, moment 1.4875, torque Some(-0.011430078886811579)
smoothing 0.00001 evaluation 3100: force 4.3347, moment 1.4874, torque Some(-0.011430078886811579)
smoothing 0.00001 evaluation 3120: force 4.3347, moment 1.4874, torque Some(-0.011430078886811579)
smoothing 0.00001 evaluation 3140: force 4.3347, moment 1.4874, torque Some(-0.011430078886811579)
smoothing 0.00001 evaluation 3160: force 4.3352, moment 1.4874, torque Some(-0.011418164758290494)
smoothing 0.00001 evaluation 3180: force 4.3347, moment 1.4874, torque Some(-0.011430078886811579)
smoothing 0.00001 evaluation 3200: force 4.4230, moment 0.9650, torque Some(-0.04316004664007478)
smoothing 0.00001 evaluation 3220: force 4.4241, moment 0.9650, torque Some(-0.04316004664007478)
smoothing 0.00001 evaluation 3240: force 4.4242, moment 0.9650, torque Some(-0.04316004664007478)
smoothing 0.00001 evaluation 3260: force 4.4242, moment 0.9651, torque Some(-0.04316004664007478)
smoothing 0.00001 evaluation 3280: force 4.4242, moment 0.9651, torque Some(-0.04316004664007478)
smoothing 0.00001 evaluation 3300: force 4.4242, moment 0.9656, torque Some(-0.04310620116089847)
smoothing 0.00001 evaluation 3320: force 4.4242, moment 0.9654, torque Some(-0.04316004664007478)
smoothing 0.00001 evaluation 3340: force 4.4242, moment 0.9649, torque Some(-0.04316004664007478)
smoothing 0.00001 evaluation 3360: force 4.4242, moment 0.9649, torque Some(-0.043301409945622815)
smoothing 0.00001 evaluation 3380: force 4.4242, moment 0.9650, torque Some(-0.04316004664007478)
smoothing 0.00001 evaluation 3400: force 4.4242, moment 0.9650, torque Some(-0.04316004664007478)
smoothing 0.00001 evaluation 3420: force 4.4242, moment 0.9650, torque Some(-0.04316004664007478)
smoothing 0.00001 evaluation 3440: force 4.4241, moment 0.9650, torque Some(-0.04316004664007478)
smoothing 0.00001 evaluation 3460: force 4.4242, moment 0.9650, torque Some(-0.04316004664007478)
smoothing 0.00001 evaluation 3480: force 4.3826, moment 0.8319, torque Some(-0.011717735571842525)
smoothing 0.00001 evaluation 3500: force 4.3813, moment 0.8319, torque Some(-0.011717735571842525)
smoothing 0.00001 evaluation 3520: force 4.3827, moment 0.8319, torque Some(-0.011717735571842525)
smoothing 0.00001 evaluation 3540: force 4.3826, moment 0.8319, torque Some(-0.011717735571842525)
smoothing 0.00001 evaluation 3560: force 4.3826, moment 0.8319, torque Some(-0.011717735571842525)
smoothing 0.00001 evaluation 3580: force 4.3826, moment 0.8319, torque Some(-0.0117177529427539)
smoothing 0.00001 evaluation 3600: force 4.3826, moment 0.8319, torque Some(-0.011717735571842525)
smoothing 0.00001 evaluation 3620: force 4.3826, moment 0.8319, torque Some(-0.011868970957457758)
smoothing 0.00001 evaluation 3640: force 4.3826, moment 0.8319, torque Some(-0.011717735571842525)
smoothing 0.00001 evaluation 3660: force 4.3826, moment 0.8319, torque Some(-0.011771817475190849)
smoothing 0.00001 evaluation 3680: force 4.3826, moment 0.8319, torque Some(-0.011717735571842525)
smoothing 0.00001 evaluation 3700: force 4.3826, moment 0.8319, torque Some(-0.011717735571842525)
smoothing 0.00001 evaluation 3720: force 4.3826, moment 0.8319, torque Some(-0.011717735571842525)
smoothing 0.00001 evaluation 3740: force 4.3832, moment 0.8319, torque Some(-0.011717735571842525)
smoothing 0.00001 evaluation 3760: force 4.3827, moment 0.8319, torque Some(-0.011717735571842525)
smoothing 0.00001 evaluation 3780: force 4.0466, moment 1.0783, torque Some(-0.021941397810656516)
smoothing 0.00001 evaluation 3800: force 4.0466, moment 1.0783, torque Some(-0.021941397810656516)
smoothing 0.00001 evaluation 3820: force 4.0466, moment 1.0783, torque Some(-0.021941397810656516)
smoothing 0.00001 evaluation 3840: force 4.0466, moment 1.0783, torque Some(-0.021941397810656516)
smoothing 0.00001 evaluation 3860: force 4.0466, moment 1.0783, torque Some(-0.021941397810656516)
smoothing 0.00001 evaluation 3880: force 4.0466, moment 1.0784, torque Some(-0.021941397810656516)
smoothing 0.00001 evaluation 3900: force 4.0466, moment 1.0785, torque Some(-0.021941397810656516)
smoothing 0.00001 evaluation 3920: force 4.0466, moment 1.0783, torque Some(-0.021941420027656533)
smoothing 0.00001 evaluation 3940: force 4.0466, moment 1.0790, torque Some(-0.021941397810656516)
smoothing 0.00001 evaluation 3960: force 4.0466, moment 1.0783, torque Some(-0.021941397810656516)
smoothing 0.00001 evaluation 3980: force 4.0466, moment 1.0783, torque Some(-0.02194137924943873)
smoothing 0.00001 evaluation 4000: force 4.0466, moment 1.0783, torque Some(-0.021941397810656516)
smoothing 0.00001 evaluation 4020: force 4.0455, moment 1.0783, torque Some(-0.02194139313985466)
smoothing 0.00001 evaluation 4040: force 4.0470, moment 1.0783, torque Some(-0.021941397810656516)
smoothing 0.00001 evaluation 4060: force 3.7771, moment 0.7961, torque Some(-0.006157013680306411)
smoothing 0.00001 evaluation 4080: force 3.7771, moment 0.7961, torque Some(-0.006157013680306411)
smoothing 0.00001 evaluation 4100: force 3.7771, moment 0.7961, torque Some(-0.006157013680306411)
smoothing 0.00001 evaluation 4120: force 3.7771, moment 0.7961, torque Some(-0.006157013680306411)
smoothing 0.00001 evaluation 4140: force 3.7771, moment 0.7961, torque Some(-0.006157013680306411)
smoothing 0.00001 evaluation 4160: force 3.7771, moment 0.7961, torque Some(-0.0061569333864537334)
smoothing 0.00001 evaluation 4180: force 3.7771, moment 0.7961, torque Some(-0.006157013680306411)
smoothing 0.00001 evaluation 4200: force 3.7771, moment 0.7961, torque Some(-0.006163513218089056)
smoothing 0.00001 evaluation 4220: force 3.7771, moment 0.7961, torque Some(-0.006157013680306411)
smoothing 0.00001 evaluation 4240: force 3.7771, moment 0.7961, torque Some(-0.006158218928806525)
smoothing 0.00001 evaluation 4260: force 3.7771, moment 0.7961, torque Some(-0.006162685121106071)
smoothing 0.00001 evaluation 4280: force 3.7771, moment 0.7961, torque Some(-0.006157013680306411)
smoothing 0.00001 evaluation 4300: force 3.7771, moment 0.7961, torque Some(-0.006157013680306411)
smoothing 0.00001 evaluation 4320: force 3.7771, moment 0.7961, torque Some(-0.006157013680306411)
smoothing 0.00001 evaluation 4340: force 3.7770, moment 0.7961, torque Some(-0.006157013680306411)
smoothing 0.00001 evaluation 4360: force 3.6439, moment 0.8254, torque Some(-0.005549654454281461)
smoothing 0.00001 evaluation 4380: force 3.6439, moment 0.8254, torque Some(-0.005549654454281461)
smoothing 0.00001 evaluation 4400: force 3.6439, moment 0.8254, torque Some(-0.005549654454281461)
smoothing 0.00001 evaluation 4420: force 3.6439, moment 0.8254, torque Some(-0.005549654454281461)
smoothing 0.00001 evaluation 4440: force 3.6439, moment 0.8252, torque Some(-0.005549654454281461)
smoothing 0.00001 evaluation 4460: force 3.6439, moment 0.8254, torque Some(-0.005549654454281461)
smoothing 0.00001 evaluation 4480: force 3.6439, moment 0.8254, torque Some(-0.005514243023081455)
smoothing 0.00001 evaluation 4500: force 3.6439, moment 0.8254, torque Some(-0.005549654454281461)
smoothing 0.00001 evaluation 4520: force 3.6439, moment 0.8254, torque Some(-0.005549609967274272)
smoothing 0.00001 evaluation 4540: force 3.6439, moment 0.8254, torque Some(-0.005549654454281461)
smoothing 0.00001 evaluation 4560: force 3.6439, moment 0.8254, torque Some(-0.005549654454281461)
smoothing 0.00001 evaluation 4580: force 3.6439, moment 0.8254, torque Some(-0.005549654454281461)
smoothing 0.00001 evaluation 4600: force 3.6440, moment 0.8254, torque Some(-0.005549654454281461)
smoothing 0.00001 evaluation 4620: force 3.6432, moment 0.8254, torque Some(-0.005549654454281461)
smoothing 0.00001 evaluation 4640: force 3.6358, moment 0.8242, torque Some(-0.006710007115636962)
smoothing 0.00001 evaluation 4660: force 3.6358, moment 0.8242, torque Some(-0.006710007115636962)
smoothing 0.00001 evaluation 4680: force 3.6358, moment 0.8242, torque Some(-0.006710007115636962)
smoothing 0.00001 evaluation 4700: force 3.6358, moment 0.8242, torque Some(-0.006710007115636962)
smoothing 0.00001 evaluation 4720: force 3.6358, moment 0.8242, torque Some(-0.006710007115636962)
smoothing 0.00001 evaluation 4740: force 3.6358, moment 0.8242, torque Some(-0.006709926349174111)
smoothing 0.00001 evaluation 4760: force 3.6358, moment 0.8242, torque Some(-0.006710007115636962)
smoothing 0.00001 evaluation 4780: force 3.6358, moment 0.8242, torque Some(-0.006716526326281391)
smoothing 0.00001 evaluation 4800: force 3.6358, moment 0.8242, torque Some(-0.006710007115636962)
smoothing 0.00001 evaluation 4820: force 3.6358, moment 0.8242, torque Some(-0.0067112110921494494)
smoothing 0.00001 evaluation 4840: force 3.6358, moment 0.8242, torque Some(-0.006715673861247939)
smoothing 0.00001 evaluation 4860: force 3.6358, moment 0.8242, torque Some(-0.006710007115636962)
smoothing 0.00001 evaluation 4880: force 3.6358, moment 0.8242, torque Some(-0.006710007115636962)
smoothing 0.00001 evaluation 4900: force 3.6358, moment 0.8242, torque Some(-0.006710007115636962)
smoothing 0.00001 evaluation 4920: force 3.6358, moment 0.8242, torque Some(-0.006710007115636962)
smoothing 0.00001 evaluation 4940: force 3.6210, moment 0.8293, torque Some(-0.00687085571514201)
smoothing 0.00001 evaluation 4960: force 3.6210, moment 0.8292, torque Some(-0.00687085571514201)
smoothing 0.00001 evaluation 4980: force 3.6210, moment 0.8293, torque Some(-0.00687085571514201)
smoothing 0.00001 evaluation 5000: force 3.6210, moment 0.8293, torque Some(-0.00687085571514201)
smoothing 0.00001 evaluation 5020: force 3.6210, moment 0.8295, torque Some(-0.00687085571514201)
smoothing 0.00001 evaluation 5040: force 3.6210, moment 0.8293, torque Some(-0.00687085571514201)
smoothing 0.00001 evaluation 5060: force 3.6210, moment 0.8293, torque Some(-0.006906258480936289)
smoothing 0.00001 evaluation 5080: force 3.6210, moment 0.8293, torque Some(-0.00687085571514201)
smoothing 0.00001 evaluation 5100: force 3.6210, moment 0.8293, torque Some(-0.006870900286777282)
smoothing 0.00001 evaluation 5120: force 3.6210, moment 0.8293, torque Some(-0.00687085571514201)
smoothing 0.00001 evaluation 5140: force 3.6210, moment 0.8293, torque Some(-0.00687085571514201)
smoothing 0.00001 evaluation 5160: force 3.6210, moment 0.8293, torque Some(-0.00687085571514201)
smoothing 0.00001 evaluation 5180: force 3.6208, moment 0.8293, torque Some(-0.00687085571514201)
smoothing 0.00001 evaluation 5200: force 3.6216, moment 0.8293, torque Some(-0.00687085571514201)
smoothing 0.00001 evaluation 5220: force 3.5662, moment 0.8302, torque Some(-0.006350421431197351)
smoothing 0.00001 evaluation 5240: force 3.5661, moment 0.8302, torque Some(-0.006350421431197351)
smoothing 0.00001 evaluation 5260: force 3.5663, moment 0.8302, torque Some(-0.006350421431197351)
smoothing 0.00001 evaluation 5280: force 3.5661, moment 0.8302, torque Some(-0.006350421431197351)
smoothing 0.00001 evaluation 5300: force 3.5661, moment 0.8302, torque Some(-0.006350421431197351)
smoothing 0.00001 evaluation 5320: force 3.5661, moment 0.8303, torque Some(-0.006388276098521883)
smoothing 0.00001 evaluation 5340: force 3.5661, moment 0.8302, torque Some(-0.006350421431197351)
smoothing 0.00001 evaluation 5360: force 3.5661, moment 0.8302, torque Some(-0.006566196006269509)
smoothing 0.00001 evaluation 5380: force 3.5661, moment 0.8302, torque Some(-0.006350421431197351)
smoothing 0.00001 evaluation 5400: force 3.5661, moment 0.8302, torque Some(-0.006350421431197351)
smoothing 0.00001 evaluation 5420: force 3.5661, moment 0.8302, torque Some(-0.006314782773068073)
smoothing 0.00001 evaluation 5440: force 3.5661, moment 0.8302, torque Some(-0.006350421431197351)
smoothing 0.00001 evaluation 5460: force 3.5660, moment 0.8302, torque Some(-0.006350421431197351)
smoothing 0.00001 evaluation 5480: force 3.5661, moment 0.8302, torque Some(-0.006350421431197351)
smoothing 0.00001 evaluation 5500: force 3.3954, moment 0.8463, torque Some(-0.004992973904738962)
smoothing 0.00001 evaluation 5520: force 3.3954, moment 0.8463, torque Some(-0.004992973904738962)
smoothing 0.00001 evaluation 5540: force 3.3953, moment 0.8463, torque Some(-0.004992973904738962)
smoothing 0.00001 evaluation 5560: force 3.3955, moment 0.8463, torque Some(-0.004992973904738962)
smoothing 0.00001 evaluation 5580: force 3.3954, moment 0.8463, torque Some(-0.004992973904738962)
smoothing 0.00001 evaluation 5600: force 3.3954, moment 0.8463, torque Some(-0.004992973904738962)
smoothing 0.00001 evaluation 5620: force 3.3954, moment 0.8464, torque Some(-0.004992973904738962)
smoothing 0.00001 evaluation 5640: force 3.3954, moment 0.8463, torque Some(-0.005066755001252643)
smoothing 0.00001 evaluation 5660: force 3.3954, moment 0.8463, torque Some(-0.004992973904738962)
smoothing 0.00001 evaluation 5680: force 3.3954, moment 0.8463, torque Some(-0.004992879377540893)
smoothing 0.00001 evaluation 5700: force 3.3954, moment 0.8463, torque Some(-0.004992973904738962)
smoothing 0.00001 evaluation 5720: force 3.3954, moment 0.8463, torque Some(-0.004992973904738962)
smoothing 0.00001 evaluation 5740: force 3.3954, moment 0.8463, torque Some(-0.004992973904738962)
smoothing 0.00001 evaluation 5760: force 3.3955, moment 0.8463, torque Some(-0.004992973904738962)
smoothing 0.00001 evaluation 5780: force 3.3954, moment 0.8463, torque Some(-0.004992973904738962)
smoothing 0.00001 evaluation 5800: force 3.3740, moment 0.8401, torque Some(-0.005789459393838126)
smoothing 0.00001 evaluation 5820: force 3.3739, moment 0.8401, torque Some(-0.005789459393838126)
smoothing 0.00001 evaluation 5840: force 3.3740, moment 0.8400, torque Some(-0.005789459393838126)
smoothing 0.00001 evaluation 5860: force 3.3739, moment 0.8401, torque Some(-0.005789459393838126)
smoothing 0.00001 evaluation 5880: force 3.3739, moment 0.8401, torque Some(-0.005789459393838126)
smoothing 0.00001 evaluation 5900: force 3.3739, moment 0.8402, torque Some(-0.005827319180114143)
smoothing 0.00001 evaluation 5920: force 3.3739, moment 0.8400, torque Some(-0.005789459393838126)
smoothing 0.00001 evaluation 5940: force 3.3739, moment 0.8401, torque Some(-0.006005233523630027)
smoothing 0.00001 evaluation 5960: force 3.3739, moment 0.8401, torque Some(-0.005789459393838126)
smoothing 0.00001 evaluation 5980: force 3.3739, moment 0.8401, torque Some(-0.005789459393838126)
smoothing 0.00001 evaluation 6000: force 3.3739, moment 0.8401, torque Some(-0.005753823671616809)
smoothing 0.00001 evaluation 6020: force 3.3739, moment 0.8401, torque Some(-0.005789459393838126)
smoothing 0.00001 evaluation 6040: force 3.3737, moment 0.8401, torque Some(-0.005789459393838126)
smoothing 0.00001 evaluation 6060: force 3.3739, moment 0.8401, torque Some(-0.005789459393838126)
smoothing 0.00001 evaluation 6080: force 3.3554, moment 0.8368, torque Some(-0.00807923121529427)
smoothing 0.00001 evaluation 6100: force 3.3554, moment 0.8368, torque Some(-0.00807923121529427)
smoothing 0.00001 evaluation 6120: force 3.3552, moment 0.8368, torque Some(-0.008079231422272156)
smoothing 0.00001 evaluation 6140: force 3.3555, moment 0.8368, torque Some(-0.00807923121529427)
smoothing 0.00001 evaluation 6160: force 3.3554, moment 0.8368, torque Some(-0.008079227383917692)
smoothing 0.00001 evaluation 6180: force 3.3554, moment 0.8368, torque Some(-0.008079217479158513)
smoothing 0.00001 evaluation 6200: force 3.3554, moment 0.8369, torque Some(-0.00807923121529427)
smoothing 0.00001 evaluation 6220: force 3.3554, moment 0.8368, torque Some(-0.008079237354091927)
smoothing 0.00001 evaluation 6240: force 3.3554, moment 0.8368, torque Some(-0.00807923121529427)
smoothing 0.00001 evaluation 6260: force 3.3554, moment 0.8368, torque Some(-0.00807923121529427)
smoothing 0.00001 evaluation 6280: force 3.3554, moment 0.8368, torque Some(-0.00807923121529427)
smoothing 0.00001 evaluation 6300: force 3.3554, moment 0.8368, torque Some(-0.00807923121529427)
smoothing 0.00001 evaluation 6320: force 3.3554, moment 0.8368, torque Some(-0.00807923121529427)
smoothing 0.00001 evaluation 6340: force 3.3555, moment 0.8368, torque Some(-0.00807923121529427)
smoothing 0.00001 evaluation 6360: force 3.3554, moment 0.8368, torque Some(-0.00807923121529427)
smoothing 0.00001 evaluation 6380: force 3.3399, moment 0.8424, torque Some(-0.005316364200361301)
smoothing 0.00001 evaluation 6400: force 3.3393, moment 0.8424, torque Some(-0.005316364200361301)
smoothing 0.00001 evaluation 6420: force 3.3393, moment 0.8424, torque Some(-0.005316364200361301)
smoothing 0.00001 evaluation 6440: force 3.3393, moment 0.8424, torque Some(-0.005316364200361301)
smoothing 0.00001 evaluation 6460: force 3.3393, moment 0.8424, torque Some(-0.005316364200361301)
smoothing 0.00001 evaluation 6480: force 3.3393, moment 0.8424, torque Some(-0.005317987856657602)
smoothing 0.00001 evaluation 6500: force 3.3393, moment 0.8423, torque Some(-0.005316364200361301)
smoothing 0.00001 evaluation 6520: force 3.3393, moment 0.8424, torque Some(-0.005321390853123553)
smoothing 0.00001 evaluation 6540: force 3.3393, moment 0.8424, torque Some(-0.0053393985905922925)
smoothing 0.00001 evaluation 6560: force 3.3393, moment 0.8424, torque Some(-0.005316364200361301)
smoothing 0.00001 evaluation 6580: force 3.3393, moment 0.8424, torque Some(-0.005239492636861298)
smoothing 0.00001 evaluation 6600: force 3.3393, moment 0.8424, torque Some(-0.005316364200361301)
smoothing 0.00001 evaluation 6620: force 3.3394, moment 0.8424, torque Some(-0.005316364200361301)
smoothing 0.00001 evaluation 6640: force 3.3393, moment 0.8424, torque Some(-0.005316364200361301)
smoothing 0.00001 evaluation 6660: force 3.2917, moment 0.8412, torque Some(-0.005008968333705788)
smoothing 0.00001 evaluation 6680: force 3.2918, moment 0.8412, torque Some(-0.005008968333705788)
smoothing 0.00001 evaluation 6700: force 3.2918, moment 0.8412, torque Some(-0.005008968333705788)
smoothing 0.00001 evaluation 6720: force 3.2919, moment 0.8412, torque Some(-0.005008968333705788)
smoothing 0.00001 evaluation 6740: force 3.2917, moment 0.8411, torque Some(-0.005008968333705788)
smoothing 0.00001 evaluation 6760: force 3.2917, moment 0.8412, torque Some(-0.005008968333705788)
smoothing 0.00001 evaluation 6780: force 3.2917, moment 0.8413, torque Some(-0.005008968333705788)
smoothing 0.00001 evaluation 6800: force 3.2917, moment 0.8412, torque Some(-0.005008950392247691)
smoothing 0.00001 evaluation 6820: force 3.2917, moment 0.8412, torque Some(-0.005008968333705788)
smoothing 0.00001 evaluation 6840: force 3.2917, moment 0.8412, torque Some(-0.004971028616525208)
smoothing 0.00001 evaluation 6860: force 3.2917, moment 0.8412, torque Some(-0.005008968333705788)
smoothing 0.00001 evaluation 6880: force 3.2917, moment 0.8412, torque Some(-0.005008968333705788)
smoothing 0.00001 evaluation 6900: force 3.2917, moment 0.8412, torque Some(-0.005008968333705788)
smoothing 0.00001 evaluation 6920: force 3.2920, moment 0.8412, torque Some(-0.005008968333705788)
smoothing 0.00001 evaluation 6940: force 3.2917, moment 0.8412, torque Some(-0.005008968333705788)
smoothing 0.00001 evaluation 6960: force 3.2424, moment 0.8449, torque Some(-0.004321368495453504)
smoothing 0.00001 evaluation 6980: force 3.2414, moment 0.8450, torque Some(-0.004321368495453504)
smoothing 0.00001 evaluation 7000: force 3.2413, moment 0.8449, torque Some(-0.004321368495453504)
smoothing 0.00001 evaluation 7020: force 3.2413, moment 0.8452, torque Some(-0.004321368495453504)
smoothing 0.00001 evaluation 7040: force 3.2413, moment 0.8449, torque Some(-0.004321368495453504)
smoothing 0.00001 evaluation 7060: force 3.2413, moment 0.8450, torque Some(-0.004375293335949326)
smoothing 0.00001 evaluation 7080: force 3.2413, moment 0.8448, torque Some(-0.004321368495453504)
smoothing 0.00001 evaluation 7100: force 3.2413, moment 0.8449, torque Some(-0.004321368495453504)
smoothing 0.00001 evaluation 7120: force 3.2413, moment 0.8449, torque Some(-0.004179694107589338)
smoothing 0.00001 evaluation 7140: force 3.2413, moment 0.8449, torque Some(-0.004321368495453504)
smoothing 0.00001 evaluation 7160: force 3.2413, moment 0.8449, torque Some(-0.004321368495453504)
smoothing 0.00001 evaluation 7180: force 3.2413, moment 0.8449, torque Some(-0.004321368495453504)
smoothing 0.00001 evaluation 7200: force 3.2413, moment 0.8449, torque Some(-0.004321368495453504)
smoothing 0.00001 evaluation 7220: force 3.2413, moment 0.8449, torque Some(-0.004321368495453504)
smoothing 0.00001 evaluation 7240: force 3.1993, moment 0.8446, torque Some(-0.0046162468911119525)
smoothing 0.00001 evaluation 7260: force 3.2017, moment 0.8446, torque Some(-0.0046162468911119525)
smoothing 0.00001 evaluation 7280: force 3.2009, moment 0.8446, torque Some(-0.0046162468911119525)
smoothing 0.00001 evaluation 7300: force 3.2010, moment 0.8446, torque Some(-0.0046162468911119525)
smoothing 0.00001 evaluation 7320: force 3.2010, moment 0.8447, torque Some(-0.0046162468911119525)
smoothing 0.00001 evaluation 7340: force 3.2010, moment 0.8446, torque Some(-0.0046162468911119525)
smoothing 0.00001 evaluation 7360: force 3.2010, moment 0.8446, torque Some(-0.0046162468911119525)
smoothing 0.00001 evaluation 7380: force 3.2010, moment 0.8446, torque Some(-0.004616256283398457)
smoothing 0.00001 evaluation 7400: force 3.2010, moment 0.8446, torque Some(-0.0046162468911119525)
smoothing 0.00001 evaluation 7420: force 3.2010, moment 0.8446, torque Some(-0.004614422121279604)
smoothing 0.00001 evaluation 7440: force 3.2010, moment 0.8446, torque Some(-0.0046162468911119525)
smoothing 0.00001 evaluation 7460: force 3.2010, moment 0.8446, torque Some(-0.0046162468911119525)
smoothing 0.00001 evaluation 7480: force 3.2010, moment 0.8446, torque Some(-0.0046162468911119525)
smoothing 0.00001 evaluation 7500: force 3.2005, moment 0.8446, torque Some(-0.0046162468911119525)
smoothing 0.00001 evaluation 7520: force 3.2010, moment 0.8446, torque Some(-0.0046162468911119525)
smoothing 0.00001 evaluation 7540: force 3.0794, moment 0.8506, torque Some(-0.0036715015892150316)
smoothing 0.00001 evaluation 7560: force 3.0794, moment 0.8506, torque Some(-0.0036715015892150316)
smoothing 0.00001 evaluation 7580: force 3.0794, moment 0.8506, torque Some(-0.0036715015892150316)
smoothing 0.00001 evaluation 7600: force 3.0794, moment 0.8506, torque Some(-0.0036715015892150316)
smoothing 0.00001 evaluation 7620: force 3.0794, moment 0.8505, torque Some(-0.0036715015892150316)
smoothing 0.00001 evaluation 7640: force 3.0794, moment 0.8506, torque Some(-0.0036728161949763916)
smoothing 0.00001 evaluation 7660: force 3.0794, moment 0.8506, torque Some(-0.003677384972650133)
smoothing 0.00001 evaluation 7680: force 3.0794, moment 0.8506, torque Some(-0.0036715015892150316)
smoothing 0.00001 evaluation 7700: force 3.0794, moment 0.8506, torque Some(-0.0033706819837904245)
smoothing 0.00001 evaluation 7720: force 3.0794, moment 0.8506, torque Some(-0.0036715015892150316)
smoothing 0.00001 evaluation 7740: force 3.0794, moment 0.8506, torque Some(-0.0036715015892150316)
smoothing 0.00001 evaluation 7760: force 3.0794, moment 0.8506, torque Some(-0.0036715015892150316)
smoothing 0.00001 evaluation 7780: force 3.0804, moment 0.8506, torque Some(-0.0036715015892150316)
smoothing 0.00001 evaluation 7800: force 3.0791, moment 0.8506, torque Some(-0.0036715015892150316)
smoothing 0.00001 evaluation 7820: force 3.0643, moment 0.8436, torque Some(-0.00425499297577403)
smoothing 0.00001 evaluation 7840: force 3.0632, moment 0.8436, torque Some(-0.00425499297577403)
smoothing 0.00001 evaluation 7860: force 3.0644, moment 0.8436, torque Some(-0.00425499297577403)
smoothing 0.00001 evaluation 7880: force 3.0643, moment 0.8436, torque Some(-0.00425499297577403)
smoothing 0.00001 evaluation 7900: force 3.0643, moment 0.8433, torque Some(-0.00425499297577403)
smoothing 0.00001 evaluation 7920: force 3.0643, moment 0.8435, torque Some(-0.004255023569935457)
smoothing 0.00001 evaluation 7940: force 3.0643, moment 0.8436, torque Some(-0.00425499297577403)
smoothing 0.00001 evaluation 7960: force 3.0643, moment 0.8436, torque Some(-0.004406340295887823)
smoothing 0.00001 evaluation 7980: force 3.0643, moment 0.8436, torque Some(-0.00425499297577403)
smoothing 0.00001 evaluation 8000: force 3.0643, moment 0.8436, torque Some(-0.004309106554230668)
smoothing 0.00001 evaluation 8020: force 3.0643, moment 0.8436, torque Some(-0.00425499297577403)
smoothing 0.00001 evaluation 8040: force 3.0643, moment 0.8436, torque Some(-0.00425499297577403)
smoothing 0.00001 evaluation 8060: force 3.0643, moment 0.8436, torque Some(-0.00425499297577403)
smoothing 0.00001 evaluation 8080: force 3.0648, moment 0.8436, torque Some(-0.00425499297577403)
smoothing 0.00001 evaluation 8100: force 3.0644, moment 0.8436, torque Some(-0.00425499297577403)
smoothing 0.00001 evaluation 8120: force 3.0558, moment 0.8473, torque Some(-0.004045557580880654)
smoothing 0.00001 evaluation 8140: force 3.0557, moment 0.8473, torque Some(-0.004045557580880654)
smoothing 0.00001 evaluation 8160: force 3.0558, moment 0.8473, torque Some(-0.004045557580880654)
smoothing 0.00001 evaluation 8180: force 3.0558, moment 0.8473, torque Some(-0.004045557580880654)
smoothing 0.00001 evaluation 8200: force 3.0558, moment 0.8472, torque Some(-0.004045557580880654)
smoothing 0.00001 evaluation 8220: force 3.0558, moment 0.8473, torque Some(-0.004046872073061758)
smoothing 0.00001 evaluation 8240: force 3.0558, moment 0.8473, torque Some(-0.00405143872783964)
smoothing 0.00001 evaluation 8260: force 3.0558, moment 0.8473, torque Some(-0.004045557580880654)
smoothing 0.00001 evaluation 8280: force 3.0558, moment 0.8473, torque Some(-0.003772594233654675)
smoothing 0.00001 evaluation 8300: force 3.0558, moment 0.8473, torque Some(-0.004045557580880654)
smoothing 0.00001 evaluation 8320: force 3.0558, moment 0.8473, torque Some(-0.004045557580880654)
smoothing 0.00001 evaluation 8340: force 3.0558, moment 0.8473, torque Some(-0.004045557580880654)
smoothing 0.00001 evaluation 8360: force 3.0567, moment 0.8473, torque Some(-0.004045557580880654)
smoothing 0.00001 evaluation 8380: force 3.0554, moment 0.8473, torque Some(-0.004045557580880654)
smoothing 0.00001 evaluation 8400: force 3.0544, moment 0.8478, torque Some(-0.00412261861119112)
smoothing 0.00001 evaluation 8420: force 3.0555, moment 0.8478, torque Some(-0.00412261861119112)
smoothing 0.00001 evaluation 8440: force 3.0543, moment 0.8477, torque Some(-0.00412261861119112)
smoothing 0.00001 evaluation 8460: force 3.0544, moment 0.8478, torque Some(-0.00412261861119112)
smoothing 0.00001 evaluation 8480: force 3.0544, moment 0.8480, torque Some(-0.00412261861119112)
smoothing 0.00001 evaluation 8500: force 3.0544, moment 0.8478, torque Some(-0.004122587904901387)
smoothing 0.00001 evaluation 8520: force 3.0544, moment 0.8478, torque Some(-0.00412261861119112)
smoothing 0.00001 evaluation 8540: force 3.0544, moment 0.8478, torque Some(-0.003971265517541012)
smoothing 0.00001 evaluation 8560: force 3.0544, moment 0.8478, torque Some(-0.00412261861119112)
smoothing 0.00001 evaluation 8580: force 3.0544, moment 0.8478, torque Some(-0.004068503673106294)
smoothing 0.00001 evaluation 8600: force 3.0544, moment 0.8478, torque Some(-0.00412261861119112)
smoothing 0.00001 evaluation 8620: force 3.0544, moment 0.8478, torque Some(-0.00412261861119112)
smoothing 0.00001 evaluation 8640: force 3.0544, moment 0.8478, torque Some(-0.00412261861119112)
smoothing 0.00001 evaluation 8660: force 3.0538, moment 0.8478, torque Some(-0.00412261861119112)
smoothing 0.00001 evaluation 8680: force 3.0543, moment 0.8478, torque Some(-0.00412261861119112)
smoothing 0.00001 evaluation 8700: force 3.0450, moment 0.8506, torque Some(-0.004025150220814622)
smoothing 0.00001 evaluation 8720: force 3.0450, moment 0.8506, torque Some(-0.004025150220814622)
smoothing 0.00001 evaluation 8740: force 3.0450, moment 0.8506, torque Some(-0.004025150220814622)
smoothing 0.00001 evaluation 8760: force 3.0450, moment 0.8506, torque Some(-0.004025150220814622)
smoothing 0.00001 evaluation 8780: force 3.0450, moment 0.8504, torque Some(-0.004025150220814622)
smoothing 0.00001 evaluation 8800: force 3.0450, moment 0.8505, torque Some(-0.004025150220814622)
smoothing 0.00001 evaluation 8820: force 3.0450, moment 0.8506, torque Some(-0.003989816471386076)
smoothing 0.00001 evaluation 8840: force 3.0450, moment 0.8506, torque Some(-0.004025150220814622)
smoothing 0.00001 evaluation 8860: force 3.0450, moment 0.8506, torque Some(-0.004025101467569181)
smoothing 0.00001 evaluation 8880: force 3.0450, moment 0.8506, torque Some(-0.004025150220814622)
smoothing 0.00001 evaluation 8900: force 3.0450, moment 0.8506, torque Some(-0.004025150220814622)
smoothing 0.00001 evaluation 8920: force 3.0450, moment 0.8506, torque Some(-0.004025150220814622)
smoothing 0.00001 evaluation 8940: force 3.0451, moment 0.8506, torque Some(-0.004025150220814622)
smoothing 0.00001 evaluation 8960: force 3.0444, moment 0.8506, torque Some(-0.004025150220814622)
smoothing 0.00001 evaluation 8980: force 3.0150, moment 0.8542, torque Some(-0.0037883034749774946)
smoothing 0.00001 evaluation 9000: force 3.0151, moment 0.8542, torque Some(-0.0037883034749774946)
smoothing 0.00001 evaluation 9020: force 3.0151, moment 0.8542, torque Some(-0.0037883034749774946)
smoothing 0.00001 evaluation 9040: force 3.0151, moment 0.8542, torque Some(-0.0037883034749774946)
smoothing 0.00001 evaluation 9060: force 3.0151, moment 0.8542, torque Some(-0.0037883034749774946)
smoothing 0.00001 evaluation 9080: force 3.0151, moment 0.8542, torque Some(-0.0037883951963848528)
smoothing 0.00001 evaluation 9100: force 3.0151, moment 0.8542, torque Some(-0.0037883034749774946)
smoothing 0.00001 evaluation 9120: force 3.0151, moment 0.8542, torque Some(-0.0037812700857458026)
smoothing 0.00001 evaluation 9140: force 3.0151, moment 0.8542, torque Some(-0.0037883034749774946)
smoothing 0.00001 evaluation 9160: force 3.0151, moment 0.8542, torque Some(-0.0037871234271389387)
smoothing 0.00001 evaluation 9180: force 3.0151, moment 0.8542, torque Some(-0.003782736479022386)
smoothing 0.00001 evaluation 9200: force 3.0151, moment 0.8542, torque Some(-0.0037883034749774946)
smoothing 0.00001 evaluation 9220: force 3.0151, moment 0.8542, torque Some(-0.0037883034749774946)
smoothing 0.00001 evaluation 9240: force 3.0151, moment 0.8542, torque Some(-0.0037883034749774946)
smoothing 0.00001 evaluation 9260: force 3.0151, moment 0.8542, torque Some(-0.0037883034749774946)
smoothing 0.00001 evaluation 9280: force 2.9303, moment 0.8562, torque Some(-0.0032006774653492442)
smoothing 0.00001 evaluation 9300: force 2.9304, moment 0.8562, torque Some(-0.0032006774653492442)
smoothing 0.00001 evaluation 9320: force 2.9302, moment 0.8562, torque Some(-0.0032006774653492442)
smoothing 0.00001 evaluation 9340: force 2.9303, moment 0.8562, torque Some(-0.0032006774653492442)
smoothing 0.00001 evaluation 9360: force 2.9303, moment 0.8562, torque Some(-0.0032006774653492442)
smoothing 0.00001 evaluation 9380: force 2.9303, moment 0.8561, torque Some(-0.0032006774653492442)
smoothing 0.00001 evaluation 9400: force 2.9303, moment 0.8562, torque Some(-0.0031269174090293728)
smoothing 0.00001 evaluation 9420: force 2.9303, moment 0.8562, torque Some(-0.0032006774653492442)
smoothing 0.00001 evaluation 9440: force 2.9303, moment 0.8562, torque Some(-0.0032007793535153706)
smoothing 0.00001 evaluation 9460: force 2.9303, moment 0.8562, torque Some(-0.0032006774653492442)
smoothing 0.00001 evaluation 9480: force 2.9303, moment 0.8562, torque Some(-0.0032006774653492442)
smoothing 0.00001 evaluation 9500: force 2.9303, moment 0.8562, torque Some(-0.0032006774653492442)
smoothing 0.00001 evaluation 9520: force 2.9302, moment 0.8562, torque Some(-0.0032006774653492442)
smoothing 0.00001 evaluation 9540: force 2.9303, moment 0.8562, torque Some(-0.0032006774653492442)
smoothing 0.00001 evaluation 9560: force 2.8982, moment 0.8546, torque Some(-0.003226312908336304)
smoothing 0.00001 evaluation 9580: force 2.8981, moment 0.8546, torque Some(-0.003226312908336304)
smoothing 0.00001 evaluation 9600: force 2.8982, moment 0.8546, torque Some(-0.003226312908336304)
smoothing 0.00001 evaluation 9620: force 2.8981, moment 0.8546, torque Some(-0.003226312908336304)
smoothing 0.00001 evaluation 9640: force 2.8981, moment 0.8546, torque Some(-0.003226312908336304)
smoothing 0.00001 evaluation 9660: force 2.8981, moment 0.8547, torque Some(-0.003264163891764982)
smoothing 0.00001 evaluation 9680: force 2.8981, moment 0.8546, torque Some(-0.003226312908336304)
smoothing 0.00001 evaluation 9700: force 2.8981, moment 0.8546, torque Some(-0.0034418658425665605)
smoothing 0.00001 evaluation 9720: force 2.8981, moment 0.8546, torque Some(-0.003226312908336304)
smoothing 0.00001 evaluation 9740: force 2.8981, moment 0.8546, torque Some(-0.003226312908336304)
smoothing 0.00001 evaluation 9760: force 2.8981, moment 0.8546, torque Some(-0.003190746346036555)
smoothing 0.00001 evaluation 9780: force 2.8981, moment 0.8546, torque Some(-0.003226312908336304)
smoothing 0.00001 evaluation 9800: force 2.8979, moment 0.8546, torque Some(-0.003226312908336304)
smoothing 0.00001 evaluation 9820: force 2.8981, moment 0.8546, torque Some(-0.003226312908336304)
smoothing 0.00001 evaluation 9840: force 2.8355, moment 0.8565, torque Some(-0.0027125948543536005)
smoothing 0.00001 evaluation 9860: force 2.8355, moment 0.8565, torque Some(-0.0027125948543536005)
smoothing 0.00001 evaluation 9880: force 2.8353, moment 0.8565, torque Some(-0.0027125948543536005)
smoothing 0.00001 evaluation 9900: force 2.8356, moment 0.8565, torque Some(-0.0027125948543536005)
smoothing 0.00001 evaluation 9920: force 2.8355, moment 0.8565, torque Some(-0.0027125948543536005)
smoothing 0.00001 evaluation 9940: force 2.8355, moment 0.8565, torque Some(-0.0027125948543536005)
smoothing 0.00001 evaluation 9960: force 2.8355, moment 0.8566, torque Some(-0.0027125948543536005)
smoothing 0.00001 evaluation 9980: force 2.8355, moment 0.8565, torque Some(-0.002786349900387952)
smoothing 0.00001 evaluation 10000: force 2.8355, moment 0.8565, torque Some(-0.0027125948543536005)
smoothing 0.00001 evaluation 10020: force 2.8355, moment 0.8565, torque Some(-0.002712492915928566)
smoothing 0.00001 evaluation 10040: force 2.8355, moment 0.8565, torque Some(-0.0027125948543536005)
smoothing 0.00001 evaluation 10060: force 2.8355, moment 0.8565, torque Some(-0.0027125948543536005)
smoothing 0.00001 evaluation 10080: force 2.8355, moment 0.8565, torque Some(-0.0027125948543536005)
smoothing 0.00001 evaluation 10100: force 2.8356, moment 0.8565, torque Some(-0.0027125948543536005)
smoothing 0.00001 evaluation 10120: force 2.8355, moment 0.8565, torque Some(-0.0027125948543536005)
smoothing 0.00001 evaluation 10140: force 2.8272, moment 0.8538, torque Some(-0.0029740983779180663)
smoothing 0.00001 evaluation 10160: force 2.8271, moment 0.8538, torque Some(-0.0029740983779180663)
smoothing 0.00001 evaluation 10180: force 2.8272, moment 0.8538, torque Some(-0.0029740983779180663)
smoothing 0.00001 evaluation 10200: force 2.8271, moment 0.8538, torque Some(-0.0029740983779180663)
smoothing 0.00001 evaluation 10220: force 2.8271, moment 0.8538, torque Some(-0.0029740983779180663)
smoothing 0.00001 evaluation 10240: force 2.8271, moment 0.8539, torque Some(-0.0030119474291920856)
smoothing 0.00001 evaluation 10260: force 2.8271, moment 0.8538, torque Some(-0.0029740983779180663)
smoothing 0.00001 evaluation 10280: force 2.8271, moment 0.8538, torque Some(-0.0031896113033915707)
smoothing 0.00001 evaluation 10300: force 2.8271, moment 0.8538, torque Some(-0.0029740983779180663)
smoothing 0.00001 evaluation 10320: force 2.8271, moment 0.8538, torque Some(-0.0029740983779180663)
smoothing 0.00001 evaluation 10340: force 2.8271, moment 0.8538, torque Some(-0.0029385458375141837)
smoothing 0.00001 evaluation 10360: force 2.8271, moment 0.8538, torque Some(-0.0029740983779180663)
smoothing 0.00001 evaluation 10380: force 2.8270, moment 0.8538, torque Some(-0.0029740983779180663)
smoothing 0.00001 evaluation 10400: force 2.8271, moment 0.8538, torque Some(-0.0029740983779180663)
smoothing 0.00001 evaluation 10420: force 2.8173, moment 0.8516, torque Some(-0.002932128597321171)
smoothing 0.00001 evaluation 10440: force 2.8173, moment 0.8516, torque Some(-0.002932128597321171)
smoothing 0.00001 evaluation 10460: force 2.8172, moment 0.8516, torque Some(-0.002932128597321171)
smoothing 0.00001 evaluation 10480: force 2.8174, moment 0.8516, torque Some(-0.002932128597321171)
smoothing 0.00001 evaluation 10500: force 2.8173, moment 0.8516, torque Some(-0.002932128597321171)
smoothing 0.00001 evaluation 10520: force 2.8173, moment 0.8516, torque Some(-0.002932128597321171)
smoothing 0.00001 evaluation 10540: force 2.8173, moment 0.8517, torque Some(-0.002932128597321171)
smoothing 0.00001 evaluation 10560: force 2.8173, moment 0.8516, torque Some(-0.0030058772663774658)
smoothing 0.00001 evaluation 10580: force 2.8173, moment 0.8516, torque Some(-0.002932128597321171)
smoothing 0.00001 evaluation 10600: force 2.8173, moment 0.8516, torque Some(-0.0029320258347851347)
smoothing 0.00001 evaluation 10620: force 2.8173, moment 0.8516, torque Some(-0.002932128597321171)
smoothing 0.00001 evaluation 10640: force 2.8173, moment 0.8516, torque Some(-0.002932128597321171)
smoothing 0.00001 evaluation 10660: force 2.8173, moment 0.8516, torque Some(-0.002932128597321171)
smoothing 0.00001 evaluation 10680: force 2.8174, moment 0.8516, torque Some(-0.002932128597321171)
smoothing 0.00001 evaluation 10700: force 2.8173, moment 0.8516, torque Some(-0.002932128597321171)
smoothing 0.00001 evaluation 10720: force 2.8005, moment 0.8545, torque Some(-0.002759980690734798)
smoothing 0.00001 evaluation 10740: force 2.7999, moment 0.8545, torque Some(-0.002759980690734798)
smoothing 0.00001 evaluation 10760: force 2.7999, moment 0.8545, torque Some(-0.002759980690734798)
smoothing 0.00001 evaluation 10780: force 2.7999, moment 0.8545, torque Some(-0.002759980690734798)
smoothing 0.00001 evaluation 10800: force 2.7999, moment 0.8545, torque Some(-0.002759980690734798)
smoothing 0.00001 evaluation 10820: force 2.7999, moment 0.8545, torque Some(-0.0027616975689082057)
smoothing 0.00001 evaluation 10840: force 2.7999, moment 0.8544, torque Some(-0.002759980690734798)
smoothing 0.00001 evaluation 10860: force 2.7999, moment 0.8545, torque Some(-0.0027649579011534975)
smoothing 0.00001 evaluation 10880: force 2.7999, moment 0.8545, torque Some(-0.002782764991935638)
smoothing 0.00001 evaluation 10900: force 2.7999, moment 0.8545, torque Some(-0.002759980690734798)
smoothing 0.00001 evaluation 10920: force 2.7999, moment 0.8545, torque Some(-0.002683126861899643)
smoothing 0.00001 evaluation 10940: force 2.7999, moment 0.8545, torque Some(-0.002759980690734798)
smoothing 0.00001 evaluation 10960: force 2.8000, moment 0.8545, torque Some(-0.002759980690734798)
smoothing 0.00001 evaluation 10980: force 2.7999, moment 0.8545, torque Some(-0.002759980690734798)
smoothing 0.00001 evaluation 11000: force 2.7928, moment 0.8524, torque Some(-0.0027960121044197095)
smoothing 0.00001 evaluation 11020: force 2.7927, moment 0.8524, torque Some(-0.0027960121044197095)
smoothing 0.00001 evaluation 11040: force 2.7927, moment 0.8524, torque Some(-0.0027960121044197095)
smoothing 0.00001 evaluation 11060: force 2.7927, moment 0.8524, torque Some(-0.0027960121044197095)
smoothing 0.00001 evaluation 11080: force 2.7928, moment 0.8525, torque Some(-0.0027960121044197095)
smoothing 0.00001 evaluation 11100: force 2.7928, moment 0.8524, torque Some(-0.0027960121044197095)
smoothing 0.00001 evaluation 11120: force 2.7928, moment 0.8523, torque Some(-0.0027960121044197095)
smoothing 0.00001 evaluation 11140: force 2.7928, moment 0.8524, torque Some(-0.0027960301311213964)
smoothing 0.00001 evaluation 11160: force 2.7928, moment 0.8524, torque Some(-0.0027960121044197095)
smoothing 0.00001 evaluation 11180: force 2.7928, moment 0.8524, torque Some(-0.0028339453739854026)
smoothing 0.00001 evaluation 11200: force 2.7928, moment 0.8524, torque Some(-0.0027960121044197095)
smoothing 0.00001 evaluation 11220: force 2.7928, moment 0.8524, torque Some(-0.0027960121044197095)
smoothing 0.00001 evaluation 11240: force 2.7928, moment 0.8524, torque Some(-0.0027960121044197095)
smoothing 0.00001 evaluation 11260: force 2.7925, moment 0.8524, torque Some(-0.0027960121044197095)
smoothing 0.00001 evaluation 11280: force 2.7928, moment 0.8524, torque Some(-0.0027960121044197095)
smoothing 0.00001 evaluation 11300: force 2.7774, moment 0.8547, torque Some(-0.0026225927033496355)
smoothing 0.00001 evaluation 11320: force 2.7779, moment 0.8547, torque Some(-0.0026225927033496355)
smoothing 0.00001 evaluation 11340: force 2.7779, moment 0.8547, torque Some(-0.0026225927033496355)
smoothing 0.00001 evaluation 11360: force 2.7779, moment 0.8547, torque Some(-0.0026225927033496355)
smoothing 0.00001 evaluation 11380: force 2.7779, moment 0.8547, torque Some(-0.0026225927033496355)
smoothing 0.00001 evaluation 11400: force 2.7779, moment 0.8547, torque Some(-0.0026208716702482704)
smoothing 0.00001 evaluation 11420: force 2.7779, moment 0.8547, torque Some(-0.0026225927033496355)
smoothing 0.00001 evaluation 11440: force 2.7779, moment 0.8547, torque Some(-0.002617617541814665)
smoothing 0.00001 evaluation 11460: force 2.7779, moment 0.8547, torque Some(-0.002599818973886503)
smoothing 0.00001 evaluation 11480: force 2.7779, moment 0.8547, torque Some(-0.0026225927033496355)
smoothing 0.00001 evaluation 11500: force 2.7779, moment 0.8547, torque Some(-0.00269944466877603)
smoothing 0.00001 evaluation 11520: force 2.7779, moment 0.8547, torque Some(-0.0026225927033496355)
smoothing 0.00001 evaluation 11540: force 2.7778, moment 0.8547, torque Some(-0.0026225927033496355)
smoothing 0.00001 evaluation 11560: force 2.7779, moment 0.8547, torque Some(-0.0026225927033496355)
stage 0.00001: IterationLimit, planning tolerances false
