yosys -p "read_verilog src/uart_tx.v src/uart_rx.v src/bridge.v src/hx_safety.v src/button.v; chparam -set RELEASE_TX 1 -set SAFETY_ENABLE 1 -set SAFETY_FIRST_ID 1 -set SAFETY_COUNT 3 -set CALIBRATION 1 top; synth_gowin -nolutram -top top -json impl/bridge_calibration.json"

 /----------------------------------------------------------------------------\
 |  yosys -- Yosys Open SYnthesis Suite                                       |
 |  Copyright (C) 2012 - 2026  Claire Xenia Wolf <claire@yosyshq.com>         |
 |  Distributed under an ISC-like license, type "license" to see terms        |
 \----------------------------------------------------------------------------/
 Yosys 0.68+40 (git sha1 0f2bcb94b-dirty, Release, Clang /usr/local/osxcross/target/bin/x86_64-apple-darwin25.5-clang++ 21.1.8)

-- Running command `read_verilog src/uart_tx.v src/uart_rx.v src/bridge.v src/hx_safety.v src/button.v; chparam -set RELEASE_TX 1 -set SAFETY_ENABLE 1 -set SAFETY_FIRST_ID 1 -set SAFETY_COUNT 3 -set CALIBRATION 1 top; synth_gowin -nolutram -top top -json impl/bridge_calibration.json' --

1. Executing Verilog-2005 frontend: src/uart_tx.v
Parsing Verilog input from `src/uart_tx.v' to AST representation.
Generating RTLIL representation for module `\uart_tx'.
Successfully finished Verilog frontend.

2. Executing Verilog-2005 frontend: src/uart_rx.v
Parsing Verilog input from `src/uart_rx.v' to AST representation.
Generating RTLIL representation for module `\uart_rx'.
Successfully finished Verilog frontend.

3. Executing Verilog-2005 frontend: src/bridge.v
Parsing Verilog input from `src/bridge.v' to AST representation.
src/bridge.v:151: Warning: Yosys has only limited support for tri-state logic at the moment.
Generating RTLIL representation for module `\top'.
Warning: Replacing memory \local_buf with list of registers. See src/bridge.v:281
Successfully finished Verilog frontend.

4. Executing Verilog-2005 frontend: src/hx_safety.v
Parsing Verilog input from `src/hx_safety.v' to AST representation.
Generating RTLIL representation for module `\hx_safety'.
Successfully finished Verilog frontend.

5. Executing Verilog-2005 frontend: src/button.v
Parsing Verilog input from `src/button.v' to AST representation.
Generating RTLIL representation for module `\button'.
Successfully finished Verilog frontend.
Parameter \RELEASE_TX = 1
Parameter \SAFETY_ENABLE = 1
Parameter \SAFETY_FIRST_ID = 1
Parameter \SAFETY_COUNT = 3
Parameter \CALIBRATION = 1

6. Executing AST frontend in derive mode using pre-parsed AST for module `\top'.
Parameter \RELEASE_TX = 1
Parameter \SAFETY_ENABLE = 1
Parameter \SAFETY_FIRST_ID = 1
Parameter \SAFETY_COUNT = 3
Parameter \CALIBRATION = 1
Generating RTLIL representation for module `$paramod$3931d3907f01f93ae4f01749b25b0d8e37cc597d\top'.
Warning: Replacing memory \local_buf with list of registers. See src/bridge.v:281

7. Executing SYNTH_GOWIN pass.

7.1. Executing Verilog-2005 frontend: /Users/elliot/.local/opt/oss-cad-suite/libexec/../share/yosys/gowin/cells_sim.v
Parsing Verilog input from `/Users/elliot/.local/opt/oss-cad-suite/libexec/../share/yosys/gowin/cells_sim.v' to AST representation.
Generating RTLIL representation for module `\LUT1'.
Generating RTLIL representation for module `\LUT2'.
Generating RTLIL representation for module `\LUT3'.
Generating RTLIL representation for module `\LUT4'.
Generating RTLIL representation for module `\__APICULA_LUT5'.
Generating RTLIL representation for module `\__APICULA_LUT6'.
Generating RTLIL representation for module `\__APICULA_LUT7'.
Generating RTLIL representation for module `\__APICULA_LUT8'.
Generating RTLIL representation for module `\MUX2'.
Generating RTLIL representation for module `\MUX2_LUT5'.
Generating RTLIL representation for module `\MUX2_LUT6'.
Generating RTLIL representation for module `\MUX2_LUT7'.
Generating RTLIL representation for module `\MUX2_LUT8'.
Generating RTLIL representation for module `\DFF'.
Generating RTLIL representation for module `\DFFE'.
Generating RTLIL representation for module `\DFFS'.
Generating RTLIL representation for module `\DFFSE'.
Generating RTLIL representation for module `\DFFR'.
Generating RTLIL representation for module `\DFFRE'.
Generating RTLIL representation for module `\DFFP'.
Generating RTLIL representation for module `\DFFPE'.
Generating RTLIL representation for module `\DFFC'.
Generating RTLIL representation for module `\DFFCE'.
Generating RTLIL representation for module `\DFFN'.
Generating RTLIL representation for module `\DFFNE'.
Generating RTLIL representation for module `\DFFNS'.
Generating RTLIL representation for module `\DFFNSE'.
Generating RTLIL representation for module `\DFFNR'.
Generating RTLIL representation for module `\DFFNRE'.
Generating RTLIL representation for module `\DFFNP'.
Generating RTLIL representation for module `\DFFNPE'.
Generating RTLIL representation for module `\DFFNC'.
Generating RTLIL representation for module `\DFFNCE'.
Generating RTLIL representation for module `\DL'.
Generating RTLIL representation for module `\DLN'.
Generating RTLIL representation for module `\DLE'.
Generating RTLIL representation for module `\DLNE'.
Generating RTLIL representation for module `\DLC'.
Generating RTLIL representation for module `\DLCE'.
Generating RTLIL representation for module `\DLNC'.
Generating RTLIL representation for module `\DLNCE'.
Generating RTLIL representation for module `\DLP'.
Generating RTLIL representation for module `\DLPE'.
Generating RTLIL representation for module `\DLNP'.
Generating RTLIL representation for module `\DLNPE'.
Generating RTLIL representation for module `\VCC'.
Generating RTLIL representation for module `\GND'.
Generating RTLIL representation for module `\IBUF'.
Generating RTLIL representation for module `\OBUF'.
Generating RTLIL representation for module `\TBUF'.
Generating RTLIL representation for module `\IOBUF'.
Generating RTLIL representation for module `\ELVDS_OBUF'.
Generating RTLIL representation for module `\TLVDS_OBUF'.
Generating RTLIL representation for module `\OSER4'.
Generating RTLIL representation for module `\OSER4_MEM'.
Generating RTLIL representation for module `\OSER8'.
Generating RTLIL representation for module `\OSER10'.
Generating RTLIL representation for module `\OVIDEO'.
Generating RTLIL representation for module `\OSER16'.
Generating RTLIL representation for module `\IDES4'.
Generating RTLIL representation for module `\IDES4_MEM'.
Generating RTLIL representation for module `\IDES8'.
Generating RTLIL representation for module `\IDES10'.
Generating RTLIL representation for module `\IVIDEO'.
Generating RTLIL representation for module `\IDES16'.
Generating RTLIL representation for module `\IDDR'.
Generating RTLIL representation for module `\IDDRC'.
Generating RTLIL representation for module `\DQS'.
Generating RTLIL representation for module `\ODDR'.
Generating RTLIL representation for module `\ODDRC'.
Generating RTLIL representation for module `\GSR'.
Generating RTLIL representation for module `\BANDGAP'.
Generating RTLIL representation for module `\ALU'.
Generating RTLIL representation for module `\RAM16S1'.
Generating RTLIL representation for module `\RAM16S2'.
Generating RTLIL representation for module `\RAM16S4'.
Generating RTLIL representation for module `\RAM16SDP1'.
Generating RTLIL representation for module `\RAM16SDP2'.
Generating RTLIL representation for module `\RAM16SDP4'.
Generating RTLIL representation for module `\SP'.
Generating RTLIL representation for module `\SPX9'.
Generating RTLIL representation for module `\SDP'.
Generating RTLIL representation for module `\SDPX9'.
Generating RTLIL representation for module `\DP'.
Generating RTLIL representation for module `\DPX9'.
Generating RTLIL representation for module `\rPLL'.
Generating RTLIL representation for module `\PLLVR'.
Generating RTLIL representation for module `\OSC'.
Generating RTLIL representation for module `\OSCZ'.
Generating RTLIL representation for module `\OSCF'.
Generating RTLIL representation for module `\OSCH'.
Generating RTLIL representation for module `\OSCW'.
Generating RTLIL representation for module `\OSCO'.
Generating RTLIL representation for module `\EMCU'.
Successfully finished Verilog frontend.

7.2. Executing Verilog-2005 frontend: /Users/elliot/.local/opt/oss-cad-suite/libexec/../share/yosys/gowin/cells_xtra_gw1n.v
Parsing Verilog input from `/Users/elliot/.local/opt/oss-cad-suite/libexec/../share/yosys/gowin/cells_xtra_gw1n.v' to AST representation.
Generating RTLIL representation for module `\LUT5'.
Generating RTLIL representation for module `\LUT6'.
Generating RTLIL representation for module `\LUT7'.
Generating RTLIL representation for module `\LUT8'.
Generating RTLIL representation for module `\INV'.
Generating RTLIL representation for module `\IODELAY'.
Generating RTLIL representation for module `\IEM'.
Generating RTLIL representation for module `\ROM16'.
Generating RTLIL representation for module `\ROM'.
Generating RTLIL representation for module `\ROMX9'.
Generating RTLIL representation for module `\pROM'.
Generating RTLIL representation for module `\pROMX9'.
Generating RTLIL representation for module `\SDPB'.
Generating RTLIL representation for module `\SDPX9B'.
Generating RTLIL representation for module `\DPB'.
Generating RTLIL representation for module `\DPX9B'.
Generating RTLIL representation for module `\PADD18'.
Generating RTLIL representation for module `\PADD9'.
Generating RTLIL representation for module `\MULT9X9'.
Generating RTLIL representation for module `\MULT18X18'.
Generating RTLIL representation for module `\MULT36X36'.
Generating RTLIL representation for module `\MULTALU36X18'.
Generating RTLIL representation for module `\MULTADDALU18X18'.
Generating RTLIL representation for module `\MULTALU18X18'.
Generating RTLIL representation for module `\ALU54D'.
Generating RTLIL representation for module `\BUFG'.
Generating RTLIL representation for module `\BUFS'.
Generating RTLIL representation for module `\PLL'.
Generating RTLIL representation for module `\TLVDS_IBUF'.
Generating RTLIL representation for module `\TLVDS_TBUF'.
Generating RTLIL representation for module `\TLVDS_IOBUF'.
Generating RTLIL representation for module `\ELVDS_IBUF'.
Generating RTLIL representation for module `\ELVDS_TBUF'.
Generating RTLIL representation for module `\ELVDS_IOBUF'.
Generating RTLIL representation for module `\MIPI_IBUF'.
Generating RTLIL representation for module `\MIPI_IBUF_HS'.
Generating RTLIL representation for module `\MIPI_IBUF_LP'.
Generating RTLIL representation for module `\MIPI_OBUF'.
Generating RTLIL representation for module `\MIPI_OBUF_A'.
Generating RTLIL representation for module `\ELVDS_IBUF_MIPI'.
Generating RTLIL representation for module `\I3C_IOBUF'.
Generating RTLIL representation for module `\CLKDIV'.
Generating RTLIL representation for module `\DHCEN'.
Generating RTLIL representation for module `\DLLDLY'.
Generating RTLIL representation for module `\FLASH96K'.
Generating RTLIL representation for module `\FLASH256K'.
Generating RTLIL representation for module `\FLASH608K'.
Generating RTLIL representation for module `\DCS'.
Generating RTLIL representation for module `\DQCE'.
Generating RTLIL representation for module `\CLKDIV2'.
Generating RTLIL representation for module `\DHCENC'.
Generating RTLIL representation for module `\FLASH64K'.
Generating RTLIL representation for module `\FLASH64KZ'.
Successfully finished Verilog frontend.

7.3. Executing HIERARCHY pass (managing design hierarchy).

7.3.1. Analyzing design hierarchy..
Top module:  \top
Used module:     \uart_rx
Used module:     \uart_tx
Used module:     \button
Used module:     \hx_safety
Parameter \CLKS_PER_BIT = 434

7.3.2. Executing AST frontend in derive mode using pre-parsed AST for module `\uart_rx'.
Parameter \CLKS_PER_BIT = 434
Generating RTLIL representation for module `$paramod\uart_rx\CLKS_PER_BIT=s32'00000000000000000000000110110010'.
Parameter \CLKS_PER_BIT = 50

7.3.3. Executing AST frontend in derive mode using pre-parsed AST for module `\uart_tx'.
Parameter \CLKS_PER_BIT = 50
Generating RTLIL representation for module `$paramod\uart_tx\CLKS_PER_BIT=s32'00000000000000000000000000110010'.
Parameter \CLKS_PER_BIT = 50

7.3.4. Executing AST frontend in derive mode using pre-parsed AST for module `\uart_rx'.
Parameter \CLKS_PER_BIT = 50
Generating RTLIL representation for module `$paramod\uart_rx\CLKS_PER_BIT=s32'00000000000000000000000000110010'.
Parameter \CLKS_PER_BIT = 434

7.3.5. Executing AST frontend in derive mode using pre-parsed AST for module `\uart_tx'.
Parameter \CLKS_PER_BIT = 434
Generating RTLIL representation for module `$paramod\uart_tx\CLKS_PER_BIT=s32'00000000000000000000000110110010'.
Parameter \DEBOUNCE_CYC = 50000

7.3.6. Executing AST frontend in derive mode using pre-parsed AST for module `\button'.
Parameter \DEBOUNCE_CYC = 50000
Generating RTLIL representation for module `$paramod\button\DEBOUNCE_CYC=s32'00000000000000001100001101010000'.
Parameter \FIRST_ID = 1
Parameter \COUNT = 3
Parameter \CALIBRATION = 1
Parameter \FEEDBACK_TIMEOUT = 10000000
Parameter \COMMAND_TIMEOUT = 15000000
Parameter \STOP_REPEAT = 2500000

7.3.7. Executing AST frontend in derive mode using pre-parsed AST for module `\hx_safety'.
Parameter \FIRST_ID = 1
Parameter \COUNT = 3
Parameter \CALIBRATION = 1
Parameter \FEEDBACK_TIMEOUT = 10000000
Parameter \COMMAND_TIMEOUT = 15000000
Parameter \STOP_REPEAT = 2500000
Generating RTLIL representation for module `$paramod$b0ffb6208ded24bc31d92cae199041e2e8adce89\hx_safety'.

7.3.8. Analyzing design hierarchy..
Top module:  \top
Used module:     $paramod\uart_rx\CLKS_PER_BIT=s32'00000000000000000000000110110010
Used module:     $paramod\uart_tx\CLKS_PER_BIT=s32'00000000000000000000000000110010
Used module:     $paramod\uart_rx\CLKS_PER_BIT=s32'00000000000000000000000000110010
Used module:     $paramod\uart_tx\CLKS_PER_BIT=s32'00000000000000000000000110110010
Used module:     $paramod\button\DEBOUNCE_CYC=s32'00000000000000001100001101010000
Used module:     $paramod$b0ffb6208ded24bc31d92cae199041e2e8adce89\hx_safety

7.3.9. Analyzing design hierarchy..
Top module:  \top
Used module:     $paramod\uart_rx\CLKS_PER_BIT=s32'00000000000000000000000110110010
Used module:     $paramod\uart_tx\CLKS_PER_BIT=s32'00000000000000000000000000110010
Used module:     $paramod\uart_rx\CLKS_PER_BIT=s32'00000000000000000000000000110010
Used module:     $paramod\uart_tx\CLKS_PER_BIT=s32'00000000000000000000000110110010
Used module:     $paramod\button\DEBOUNCE_CYC=s32'00000000000000001100001101010000
Used module:     $paramod$b0ffb6208ded24bc31d92cae199041e2e8adce89\hx_safety
Removing unused module `\button'.
Removing unused module `\hx_safety'.
Removing unused module `\uart_rx'.
Removing unused module `\uart_tx'.
Removed 4 unused modules.

7.4. Executing PROC pass (convert processes to netlists).

7.4.1. Executing PROC_CLEAN pass (remove empty switches from decision trees).
Cleaned up 0 empty switches.

7.4.2. Executing PROC_RMDEAD pass (remove dead branches from decision trees).
Removed 1 dead cases from process $proc$src/uart_tx.v:45$4470 in module $paramod\uart_tx\CLKS_PER_BIT=s32'00000000000000000000000000110010.
Marked 6 switch rules as full_case in process $proc$src/uart_tx.v:45$4470 in module $paramod\uart_tx\CLKS_PER_BIT=s32'00000000000000000000000000110010.
Removed 1 dead cases from process $proc$src/uart_rx.v:49$4449 in module $paramod\uart_rx\CLKS_PER_BIT=s32'00000000000000000000000110110010.
Marked 8 switch rules as full_case in process $proc$src/uart_rx.v:49$4449 in module $paramod\uart_rx\CLKS_PER_BIT=s32'00000000000000000000000110110010.
Marked 1 switch rules as full_case in process $proc$src/uart_rx.v:38$4448 in module $paramod\uart_rx\CLKS_PER_BIT=s32'00000000000000000000000110110010.
Marked 28 switch rules as full_case in process $proc$src/hx_safety.v:208$5660 in module $paramod$b0ffb6208ded24bc31d92cae199041e2e8adce89\hx_safety.
Marked 15 switch rules as full_case in process $proc$src/hx_safety.v:188$5589 in module $paramod$b0ffb6208ded24bc31d92cae199041e2e8adce89\hx_safety.
Marked 14 switch rules as full_case in process $proc$src/hx_safety.v:146$5494 in module $paramod$b0ffb6208ded24bc31d92cae199041e2e8adce89\hx_safety.
Marked 59 switch rules as full_case in process $proc$src/hx_safety.v:90$4622 in module $paramod$b0ffb6208ded24bc31d92cae199041e2e8adce89\hx_safety.
Marked 1 switch rules as full_case in process $proc$src/button.v:52$4517 in module $paramod\button\DEBOUNCE_CYC=s32'00000000000000001100001101010000.
Marked 3 switch rules as full_case in process $proc$src/button.v:38$4513 in module $paramod\button\DEBOUNCE_CYC=s32'00000000000000001100001101010000.
Marked 1 switch rules as full_case in process $proc$src/button.v:33$4512 in module $paramod\button\DEBOUNCE_CYC=s32'00000000000000001100001101010000.
Marked 1 switch rules as full_case in process $proc$src/bridge.v:97$3833 in module top.
Marked 15 switch rules as full_case in process $proc$src/bridge.v:156$3875 in module top.
Marked 6 switch rules as full_case in process $proc$src/bridge.v:272$3976 in module top.
Marked 1 switch rules as full_case in process $proc$src/bridge.v:305$4020 in module top.
Removed 1 dead cases from process $proc$src/uart_tx.v:45$4502 in module $paramod\uart_tx\CLKS_PER_BIT=s32'00000000000000000000000110110010.
Marked 6 switch rules as full_case in process $proc$src/uart_tx.v:45$4502 in module $paramod\uart_tx\CLKS_PER_BIT=s32'00000000000000000000000110110010.
Removed 1 dead cases from process $proc$src/uart_rx.v:49$4481 in module $paramod\uart_rx\CLKS_PER_BIT=s32'00000000000000000000000000110010.
Marked 8 switch rules as full_case in process $proc$src/uart_rx.v:49$4481 in module $paramod\uart_rx\CLKS_PER_BIT=s32'00000000000000000000000000110010.
Marked 1 switch rules as full_case in process $proc$src/uart_rx.v:38$4480 in module $paramod\uart_rx\CLKS_PER_BIT=s32'00000000000000000000000000110010.
Removed a total of 4 dead cases.

7.4.3. Executing PROC_PRUNE pass (remove redundant assignments in processes).
Removed 13 redundant assignments.
Promoted 258 assignments to connections.

7.4.4. Executing PROC_INIT pass (extract init attributes).
Found init rule in `$paramod\uart_tx\CLKS_PER_BIT=s32'00000000000000000000000000110010.$proc$src/uart_tx.v:38$4479'.
  Set init value: \shifter = 8'00000000
Found init rule in `$paramod\uart_tx\CLKS_PER_BIT=s32'00000000000000000000000000110010.$proc$src/uart_tx.v:37$4478'.
  Set init value: \bit_idx = 3'000
Found init rule in `$paramod\uart_tx\CLKS_PER_BIT=s32'00000000000000000000000000110010.$proc$src/uart_tx.v:36$4477'.
  Set init value: \tick = 6'000000
Found init rule in `$paramod\uart_tx\CLKS_PER_BIT=s32'00000000000000000000000000110010.$proc$src/uart_tx.v:35$4476'.
  Set init value: \state = 2'00
Found init rule in `$paramod\uart_rx\CLKS_PER_BIT=s32'00000000000000000000000110110010.$proc$src/uart_rx.v:47$4466'.
  Set init value: \shifter = 8'00000000
Found init rule in `$paramod\uart_rx\CLKS_PER_BIT=s32'00000000000000000000000110110010.$proc$src/uart_rx.v:46$4465'.
  Set init value: \bit_idx = 3'000
Found init rule in `$paramod\uart_rx\CLKS_PER_BIT=s32'00000000000000000000000110110010.$proc$src/uart_rx.v:45$4464'.
  Set init value: \tick = 9'000000000
Found init rule in `$paramod\uart_rx\CLKS_PER_BIT=s32'00000000000000000000000110110010.$proc$src/uart_rx.v:44$4463'.
  Set init value: \state = 2'00
Found init rule in `$paramod\uart_rx\CLKS_PER_BIT=s32'00000000000000000000000110110010.$proc$src/uart_rx.v:37$4462'.
  Set init value: \sync = 2'11
Found init rule in `$paramod$b0ffb6208ded24bc31d92cae199041e2e8adce89\hx_safety.$proc$src/hx_safety.v:143$6264'.
  Set init value: \decoded_reason = 8'00000000
Found init rule in `$paramod$b0ffb6208ded24bc31d92cae199041e2e8adce89\hx_safety.$proc$src/hx_safety.v:143$6263'.
  Set init value: \sample_id = 8'00000000
Found init rule in `$paramod$b0ffb6208ded24bc31d92cae199041e2e8adce89\hx_safety.$proc$src/hx_safety.v:142$6262'.
  Set init value: \off_valid = 1'0
Found init rule in `$paramod$b0ffb6208ded24bc31d92cae199041e2e8adce89\hx_safety.$proc$src/hx_safety.v:142$6261'.
  Set init value: \packet_valid = 1'0
Found init rule in `$paramod$b0ffb6208ded24bc31d92cae199041e2e8adce89\hx_safety.$proc$src/hx_safety.v:142$6260'.
  Set init value: \sample_valid = 1'0
Found init rule in `$paramod$b0ffb6208ded24bc31d92cae199041e2e8adce89\hx_safety.$proc$src/hx_safety.v:141$6259'.
  Set init value: \rx_age = 16'0000000000000000
Found init rule in `$paramod$b0ffb6208ded24bc31d92cae199041e2e8adce89\hx_safety.$proc$src/hx_safety.v:139$6258'.
  Set init value: \rx_sum = 8'00000000
Found init rule in `$paramod$b0ffb6208ded24bc31d92cae199041e2e8adce89\hx_safety.$proc$src/hx_safety.v:138$6257'.
  Set init value: \rx_total = 7'0000000
Found init rule in `$paramod$b0ffb6208ded24bc31d92cae199041e2e8adce89\hx_safety.$proc$src/hx_safety.v:138$6256'.
  Set init value: \rx_count = 7'0000000
Found init rule in `$paramod$b0ffb6208ded24bc31d92cae199041e2e8adce89\hx_safety.$proc$src/hx_safety.v:137$6255'.
  Set init value: \rx_state = 2'00
Found init rule in `$paramod$b0ffb6208ded24bc31d92cae199041e2e8adce89\hx_safety.$proc$src/hx_safety.v:54$6254'.
  Set init value: \window_valid = 3'000
Found init rule in `$paramod$b0ffb6208ded24bc31d92cae199041e2e8adce89\hx_safety.$proc$src/hx_safety.v:37$6253'.
  Set init value: \stop_age = 22'0000000000000000000000
Found init rule in `$paramod$b0ffb6208ded24bc31d92cae199041e2e8adce89\hx_safety.$proc$src/hx_safety.v:33$6252'.
  Set init value: \expected_off = 3'000
Found init rule in `$paramod$b0ffb6208ded24bc31d92cae199041e2e8adce89\hx_safety.$proc$src/hx_safety.v:33$6251'.
  Set init value: \expected = 3'000
Found init rule in `$paramod$b0ffb6208ded24bc31d92cae199041e2e8adce89\hx_safety.$proc$src/hx_safety.v:33$6250'.
  Set init value: \healthy = 3'000
Found init rule in `$paramod$b0ffb6208ded24bc31d92cae199041e2e8adce89\hx_safety.$proc$src/hx_safety.v:33$6249'.
  Set init value: \seen = 3'000
Found init rule in `$paramod$b0ffb6208ded24bc31d92cae199041e2e8adce89\hx_safety.$proc$src/hx_safety.v:33$6248'.
  Set init value: \armed = 3'000
Found init rule in `$paramod$b0ffb6208ded24bc31d92cae199041e2e8adce89\hx_safety.$proc$src/hx_safety.v:29$6247'.
  Set init value: \fault_id = 8'11111110
Found init rule in `$paramod$b0ffb6208ded24bc31d92cae199041e2e8adce89\hx_safety.$proc$src/hx_safety.v:28$6246'.
  Set init value: \reason = 8'00000001
Found init rule in `$paramod$b0ffb6208ded24bc31d92cae199041e2e8adce89\hx_safety.$proc$src/hx_safety.v:27$6245'.
  Set init value: \latched = 1'1
Found init rule in `$paramod$b0ffb6208ded24bc31d92cae199041e2e8adce89\hx_safety.$proc$src/hx_safety.v:24$6244'.
  Set init value: \sample_sequences = 24'000000000000000000000000
Found init rule in `$paramod$b0ffb6208ded24bc31d92cae199041e2e8adce89\hx_safety.$proc$src/hx_safety.v:23$6243'.
  Set init value: \positions = 48'000000000000000000000000000000000000000000000000
Found init rule in `$paramod\button\DEBOUNCE_CYC=s32'00000000000000001100001101010000.$proc$src/button.v:51$4524'.
  Set init value: \state_d = 1'0
Found init rule in `$paramod\button\DEBOUNCE_CYC=s32'00000000000000001100001101010000.$proc$src/button.v:37$4523'.
  Set init value: \cnt = 16'0000000000000000
Found init rule in `$paramod\button\DEBOUNCE_CYC=s32'00000000000000001100001101010000.$proc$src/button.v:32$4522'.
  Set init value: \sync = 2'00
Found init rule in `\top.$proc$src/bridge.v:50$4091'.
  Set init value: \por = 4'0000
Found init rule in `\top.$proc$src/bridge.v:68$4092'.
  Set init value: \cstate = 3'000
Found init rule in `\top.$proc$src/bridge.v:70$4093'.
  Set init value: \pcnt = 7'0000000
Found init rule in `\top.$proc$src/bridge.v:71$4094'.
  Set init value: \ptot = 7'0000000
Found init rule in `\top.$proc$src/bridge.v:72$4095'.
  Set init value: \pidx = 7'0000000
Found init rule in `\top.$proc$src/bridge.v:73$4096'.
  Set init value: \packet_checksum = 8'00000000
Found init rule in `\top.$proc$src/bridge.v:90$4097'.
  Set init value: \stop_active = 1'0
Found init rule in `\top.$proc$src/bridge.v:91$4098'.
  Set init value: \stop_index = 5'00000
Found init rule in `\top.$proc$src/bridge.v:92$4099'.
  Set init value: \stop_accepted = 1'0
Found init rule in `\top.$proc$src/bridge.v:94$4100'.
  Set init value: \stop_gap = 17'00000000000000000
Found init rule in `\top.$proc$src/bridge.v:95$4101'.
  Set init value: \reply_wait = 17'00000000000000000
Found init rule in `\top.$proc$src/bridge.v:96$4102'.
  Set init value: \rx_quiet = 16'0000000000000000
Found init rule in `\top.$proc$src/bridge.v:153$4103'.
  Set init value: \guard = 7'0000000
Found init rule in `\top.$proc$src/bridge.v:249$4104'.
  Set init value: \wptr = 8'00000000
Found init rule in `\top.$proc$src/bridge.v:249$4105'.
  Set init value: \rptr = 8'00000000
Found init rule in `\top.$proc$src/bridge.v:252$4106'.
  Set init value: \local_pending = 1'0
Found init rule in `\top.$proc$src/bridge.v:255$4107'.
  Set init value: \local_index = 5'00000
Found init rule in `\top.$proc$src/bridge.v:304$4108'.
  Set init value: \act = 20'00000000000000000000
Found init rule in `\top.$proc$src/bridge.v:310$4109'.
  Set init value: \hb = 25'0000000000000000000000000
Found init rule in `$paramod\uart_tx\CLKS_PER_BIT=s32'00000000000000000000000110110010.$proc$src/uart_tx.v:38$4511'.
  Set init value: \shifter = 8'00000000
Found init rule in `$paramod\uart_tx\CLKS_PER_BIT=s32'00000000000000000000000110110010.$proc$src/uart_tx.v:37$4510'.
  Set init value: \bit_idx = 3'000
Found init rule in `$paramod\uart_tx\CLKS_PER_BIT=s32'00000000000000000000000110110010.$proc$src/uart_tx.v:36$4509'.
  Set init value: \tick = 9'000000000
Found init rule in `$paramod\uart_tx\CLKS_PER_BIT=s32'00000000000000000000000110110010.$proc$src/uart_tx.v:35$4508'.
  Set init value: \state = 2'00
Found init rule in `$paramod\uart_rx\CLKS_PER_BIT=s32'00000000000000000000000000110010.$proc$src/uart_rx.v:47$4498'.
  Set init value: \shifter = 8'00000000
Found init rule in `$paramod\uart_rx\CLKS_PER_BIT=s32'00000000000000000000000000110010.$proc$src/uart_rx.v:46$4497'.
  Set init value: \bit_idx = 3'000
Found init rule in `$paramod\uart_rx\CLKS_PER_BIT=s32'00000000000000000000000000110010.$proc$src/uart_rx.v:45$4496'.
  Set init value: \tick = 6'000000
Found init rule in `$paramod\uart_rx\CLKS_PER_BIT=s32'00000000000000000000000000110010.$proc$src/uart_rx.v:44$4495'.
  Set init value: \state = 2'00
Found init rule in `$paramod\uart_rx\CLKS_PER_BIT=s32'00000000000000000000000000110010.$proc$src/uart_rx.v:37$4494'.
  Set init value: \sync = 2'11

7.4.5. Executing PROC_ARST pass (detect async resets in processes).

7.4.6. Executing PROC_ROM pass (convert switches to ROMs).
Converted 2 switches.
<suppressed ~203 debug messages>

7.4.7. Executing PROC_MUX pass (convert decision trees to multiplexers).
Creating decoders for process `$paramod\uart_tx\CLKS_PER_BIT=s32'00000000000000000000000000110010.$proc$src/uart_tx.v:38$4479'.
Creating decoders for process `$paramod\uart_tx\CLKS_PER_BIT=s32'00000000000000000000000000110010.$proc$src/uart_tx.v:37$4478'.
Creating decoders for process `$paramod\uart_tx\CLKS_PER_BIT=s32'00000000000000000000000000110010.$proc$src/uart_tx.v:36$4477'.
Creating decoders for process `$paramod\uart_tx\CLKS_PER_BIT=s32'00000000000000000000000000110010.$proc$src/uart_tx.v:35$4476'.
Creating decoders for process `$paramod\uart_tx\CLKS_PER_BIT=s32'00000000000000000000000000110010.$proc$src/uart_tx.v:45$4470'.
     1/5: $0\tick[5:0]
     2/5: $0\tx[0:0]
     3/5: $0\shifter[7:0]
     4/5: $0\bit_idx[2:0]
     5/5: $0\state[1:0]
Creating decoders for process `$paramod\uart_rx\CLKS_PER_BIT=s32'00000000000000000000000110110010.$proc$src/uart_rx.v:47$4466'.
Creating decoders for process `$paramod\uart_rx\CLKS_PER_BIT=s32'00000000000000000000000110110010.$proc$src/uart_rx.v:46$4465'.
Creating decoders for process `$paramod\uart_rx\CLKS_PER_BIT=s32'00000000000000000000000110110010.$proc$src/uart_rx.v:45$4464'.
Creating decoders for process `$paramod\uart_rx\CLKS_PER_BIT=s32'00000000000000000000000110110010.$proc$src/uart_rx.v:44$4463'.
Creating decoders for process `$paramod\uart_rx\CLKS_PER_BIT=s32'00000000000000000000000110110010.$proc$src/uart_rx.v:37$4462'.
Creating decoders for process `$paramod\uart_rx\CLKS_PER_BIT=s32'00000000000000000000000110110010.$proc$src/uart_rx.v:49$4449'.
     1/6: $0\tick[8:0]
     2/6: $0\valid[0:0]
     3/6: $0\shifter[7:0]
     4/6: $0\bit_idx[2:0]
     5/6: $0\state[1:0]
     6/6: $0\data[7:0]
Creating decoders for process `$paramod\uart_rx\CLKS_PER_BIT=s32'00000000000000000000000110110010.$proc$src/uart_rx.v:38$4448'.
     1/1: $0\sync[1:0]
Creating decoders for process `$paramod$b0ffb6208ded24bc31d92cae199041e2e8adce89\hx_safety.$proc$src/hx_safety.v:143$6264'.
Creating decoders for process `$paramod$b0ffb6208ded24bc31d92cae199041e2e8adce89\hx_safety.$proc$src/hx_safety.v:143$6263'.
Creating decoders for process `$paramod$b0ffb6208ded24bc31d92cae199041e2e8adce89\hx_safety.$proc$src/hx_safety.v:142$6262'.
Creating decoders for process `$paramod$b0ffb6208ded24bc31d92cae199041e2e8adce89\hx_safety.$proc$src/hx_safety.v:142$6261'.
Creating decoders for process `$paramod$b0ffb6208ded24bc31d92cae199041e2e8adce89\hx_safety.$proc$src/hx_safety.v:142$6260'.
Creating decoders for process `$paramod$b0ffb6208ded24bc31d92cae199041e2e8adce89\hx_safety.$proc$src/hx_safety.v:141$6259'.
Creating decoders for process `$paramod$b0ffb6208ded24bc31d92cae199041e2e8adce89\hx_safety.$proc$src/hx_safety.v:139$6258'.
Creating decoders for process `$paramod$b0ffb6208ded24bc31d92cae199041e2e8adce89\hx_safety.$proc$src/hx_safety.v:138$6257'.
Creating decoders for process `$paramod$b0ffb6208ded24bc31d92cae199041e2e8adce89\hx_safety.$proc$src/hx_safety.v:138$6256'.
Creating decoders for process `$paramod$b0ffb6208ded24bc31d92cae199041e2e8adce89\hx_safety.$proc$src/hx_safety.v:137$6255'.
Creating decoders for process `$paramod$b0ffb6208ded24bc31d92cae199041e2e8adce89\hx_safety.$proc$src/hx_safety.v:54$6254'.
Creating decoders for process `$paramod$b0ffb6208ded24bc31d92cae199041e2e8adce89\hx_safety.$proc$src/hx_safety.v:37$6253'.
Creating decoders for process `$paramod$b0ffb6208ded24bc31d92cae199041e2e8adce89\hx_safety.$proc$src/hx_safety.v:33$6252'.
Creating decoders for process `$paramod$b0ffb6208ded24bc31d92cae199041e2e8adce89\hx_safety.$proc$src/hx_safety.v:33$6251'.
Creating decoders for process `$paramod$b0ffb6208ded24bc31d92cae199041e2e8adce89\hx_safety.$proc$src/hx_safety.v:33$6250'.
Creating decoders for process `$paramod$b0ffb6208ded24bc31d92cae199041e2e8adce89\hx_safety.$proc$src/hx_safety.v:33$6249'.
Creating decoders for process `$paramod$b0ffb6208ded24bc31d92cae199041e2e8adce89\hx_safety.$proc$src/hx_safety.v:33$6248'.
Creating decoders for process `$paramod$b0ffb6208ded24bc31d92cae199041e2e8adce89\hx_safety.$proc$src/hx_safety.v:29$6247'.
Creating decoders for process `$paramod$b0ffb6208ded24bc31d92cae199041e2e8adce89\hx_safety.$proc$src/hx_safety.v:28$6246'.
Creating decoders for process `$paramod$b0ffb6208ded24bc31d92cae199041e2e8adce89\hx_safety.$proc$src/hx_safety.v:27$6245'.
Creating decoders for process `$paramod$b0ffb6208ded24bc31d92cae199041e2e8adce89\hx_safety.$proc$src/hx_safety.v:24$6244'.
Creating decoders for process `$paramod$b0ffb6208ded24bc31d92cae199041e2e8adce89\hx_safety.$proc$src/hx_safety.v:23$6243'.
Creating decoders for process `$paramod$b0ffb6208ded24bc31d92cae199041e2e8adce89\hx_safety.$proc$src/hx_safety.v:208$5660'.
     1/298: $12$lookahead\armed$5658[2:0]$6235
     2/298: $10$bitselwrite$pos$src/hx_safety.v:275$4567[1:0]$6234
     3/298: $10$memwr$\command_age$src/hx_safety.v:273$4592_EN[23:0]$6226
     4/298: $10$memwr$\command_age$src/hx_safety.v:273$4591_EN[23:0]$6225
     5/298: $10$memwr$\command_age$src/hx_safety.v:273$4590_EN[23:0]$6224
     6/298: $9\i[31:0]
     7/298: $9$memwr$\command_age$src/hx_safety.v:273$4592_EN[23:0]$6222
     8/298: $9$memwr$\command_age$src/hx_safety.v:273$4591_EN[23:0]$6221
     9/298: $9$memwr$\command_age$src/hx_safety.v:273$4590_EN[23:0]$6220
    10/298: $11$lookahead\armed$5658[2:0]$6223
    11/298: $9$bitselwrite$pos$src/hx_safety.v:275$4567[1:0]$6219
    12/298: $9\known$func$src/hx_safety.v:274$4566.id[7:0]$6218
    13/298: $9\known$func$src/hx_safety.v:274$4566.$result[0:0]$6217
    14/298: $9$memwr$\command_age$src/hx_safety.v:269$4589_EN[23:0]$6204
    15/298: $9$memwr$\command_age$src/hx_safety.v:269$4589_ADDR[1:0]$6203
    16/298: $8$memwr$\command_age$src/hx_safety.v:269$4589_EN[23:0]$6197
    17/298: $8$memwr$\command_age$src/hx_safety.v:269$4589_ADDR[1:0]$6196
    18/298: $10$lookahead\armed$5658[2:0]$6201
    19/298: $8$memwr$\command_age$src/hx_safety.v:273$4592_EN[23:0]$6200
    20/298: $8$memwr$\command_age$src/hx_safety.v:273$4591_EN[23:0]$6199
    21/298: $8$memwr$\command_age$src/hx_safety.v:273$4590_EN[23:0]$6198
    22/298: $8$bitselwrite$pos$src/hx_safety.v:275$4567[1:0]$6195
    23/298: $8\known$func$src/hx_safety.v:274$4566.id[7:0]$6194
    24/298: $8\known$func$src/hx_safety.v:274$4566.$result[0:0]$6193
    25/298: $8\i[31:0]
    26/298: $8$memwr$\command_age$src/hx_safety.v:266$4588_EN[23:0]$6175
    27/298: $8$memwr$\command_age$src/hx_safety.v:266$4588_ADDR[1:0]$6174
    28/298: $9$lookahead\armed$5658[2:0]$6176
    29/298: $8$bitselwrite$pos$src/hx_safety.v:266$4564[1:0]$6173
    30/298: $8$lookahead\armed$5658[2:0]$6154
    31/298: $7$memwr$\command_age$src/hx_safety.v:266$4588_EN[23:0]$6148
    32/298: $7$memwr$\command_age$src/hx_safety.v:266$4588_ADDR[1:0]$6147
    33/298: $7$bitselwrite$pos$src/hx_safety.v:266$4564[1:0]$6141
    34/298: $7$memwr$\command_age$src/hx_safety.v:273$4592_EN[23:0]$6153
    35/298: $7$memwr$\command_age$src/hx_safety.v:273$4591_EN[23:0]$6152
    36/298: $7$memwr$\command_age$src/hx_safety.v:273$4590_EN[23:0]$6151
    37/298: $7$memwr$\command_age$src/hx_safety.v:269$4589_EN[23:0]$6150
    38/298: $7$memwr$\command_age$src/hx_safety.v:269$4589_ADDR[1:0]$6149
    39/298: $7$bitselwrite$pos$src/hx_safety.v:275$4567[1:0]$6146
    40/298: $7\known$func$src/hx_safety.v:274$4566.id[7:0]$6145
    41/298: $7\known$func$src/hx_safety.v:274$4566.$result[0:0]$6144
    42/298: $7\known$func$src/hx_safety.v:268$4565.id[7:0]$6143
    43/298: $7\known$func$src/hx_safety.v:268$4565.$result[0:0]$6142
    44/298: $7\i[31:0]
    45/298: $7$lookahead\armed$5658[2:0]$6133
    46/298: $6$memwr$\command_age$src/hx_safety.v:273$4592_EN[23:0]$6132
    47/298: $6$memwr$\command_age$src/hx_safety.v:273$4591_EN[23:0]$6131
    48/298: $6$memwr$\command_age$src/hx_safety.v:273$4590_EN[23:0]$6130
    49/298: $6$memwr$\command_age$src/hx_safety.v:269$4589_EN[23:0]$6129
    50/298: $6$memwr$\command_age$src/hx_safety.v:269$4589_ADDR[1:0]$6128
    51/298: $6$memwr$\command_age$src/hx_safety.v:266$4588_EN[23:0]$6127
    52/298: $6$memwr$\command_age$src/hx_safety.v:266$4588_ADDR[1:0]$6126
    53/298: $6$bitselwrite$pos$src/hx_safety.v:275$4567[1:0]$6125
    54/298: $6\known$func$src/hx_safety.v:274$4566.id[7:0]$6124
    55/298: $6\known$func$src/hx_safety.v:274$4566.$result[0:0]$6123
    56/298: $6\known$func$src/hx_safety.v:268$4565.id[7:0]$6122
    57/298: $6\known$func$src/hx_safety.v:268$4565.$result[0:0]$6121
    58/298: $6$bitselwrite$pos$src/hx_safety.v:266$4564[1:0]$6120
    59/298: $6\known$func$src/hx_safety.v:261$4563.id[7:0]$6119
    60/298: $6\known$func$src/hx_safety.v:261$4563.$result[0:0]$6118
    61/298: $6\i[31:0]
    62/298: $6$lookahead\window_valid$5659[2:0]$6100
    63/298: $6$bitselwrite$pos$src/hx_safety.v:257$4561[1:0]$6092
    64/298: $6$memwr$\upper$src/hx_safety.v:256$4587_EN[15:0]$6099
    65/298: $6$memwr$\upper$src/hx_safety.v:256$4587_DATA[15:0]$6098
    66/298: $6$memwr$\upper$src/hx_safety.v:256$4587_ADDR[1:0]$6097
    67/298: $6$memwr$\lower$src/hx_safety.v:256$4586_EN[15:0]$6096
    68/298: $6$memwr$\lower$src/hx_safety.v:256$4586_DATA[15:0]$6095
    69/298: $6$memwr$\lower$src/hx_safety.v:256$4586_ADDR[1:0]$6094
    70/298: $6$bitselwrite$pos$src/hx_safety.v:258$4562[1:0]$6093
    71/298: $5$lookahead\window_valid$5659[2:0]$6085
    72/298: $5$memwr$\upper$src/hx_safety.v:256$4587_EN[15:0]$6076
    73/298: $5$memwr$\upper$src/hx_safety.v:256$4587_DATA[15:0]$6075
    74/298: $5$memwr$\upper$src/hx_safety.v:256$4587_ADDR[1:0]$6074
    75/298: $5$memwr$\lower$src/hx_safety.v:256$4586_EN[15:0]$6073
    76/298: $5$memwr$\lower$src/hx_safety.v:256$4586_DATA[15:0]$6072
    77/298: $5$memwr$\lower$src/hx_safety.v:256$4586_ADDR[1:0]$6071
    78/298: $5$bitselwrite$pos$src/hx_safety.v:258$4562[1:0]$6062
    79/298: $5$bitselwrite$pos$src/hx_safety.v:257$4561[1:0]$6061
    80/298: $6$lookahead\armed$5658[2:0]$6084
    81/298: $5$memwr$\command_age$src/hx_safety.v:273$4592_EN[23:0]$6083
    82/298: $5$memwr$\command_age$src/hx_safety.v:273$4591_EN[23:0]$6082
    83/298: $5$memwr$\command_age$src/hx_safety.v:273$4590_EN[23:0]$6081
    84/298: $5$memwr$\command_age$src/hx_safety.v:269$4589_EN[23:0]$6080
    85/298: $5$memwr$\command_age$src/hx_safety.v:269$4589_ADDR[1:0]$6079
    86/298: $5$memwr$\command_age$src/hx_safety.v:266$4588_EN[23:0]$6078
    87/298: $5$memwr$\command_age$src/hx_safety.v:266$4588_ADDR[1:0]$6077
    88/298: $5$bitselwrite$pos$src/hx_safety.v:275$4567[1:0]$6070
    89/298: $5\known$func$src/hx_safety.v:274$4566.id[7:0]$6069
    90/298: $5\known$func$src/hx_safety.v:274$4566.$result[0:0]$6068
    91/298: $5\known$func$src/hx_safety.v:268$4565.id[7:0]$6067
    92/298: $5\known$func$src/hx_safety.v:268$4565.$result[0:0]$6066
    93/298: $5$bitselwrite$pos$src/hx_safety.v:266$4564[1:0]$6065
    94/298: $5\known$func$src/hx_safety.v:261$4563.id[7:0]$6064
    95/298: $5\known$func$src/hx_safety.v:261$4563.$result[0:0]$6063
    96/298: $5\i[31:0]
    97/298: $4$lookahead\window_valid$5659[2:0]$6050
    98/298: $5$lookahead\armed$5658[2:0]$6049
    99/298: $4$memwr$\command_age$src/hx_safety.v:273$4592_EN[23:0]$6048
   100/298: $4$memwr$\command_age$src/hx_safety.v:273$4591_EN[23:0]$6047
   101/298: $4$memwr$\command_age$src/hx_safety.v:273$4590_EN[23:0]$6046
   102/298: $4$memwr$\command_age$src/hx_safety.v:269$4589_EN[23:0]$6045
   103/298: $4$memwr$\command_age$src/hx_safety.v:269$4589_ADDR[1:0]$6044
   104/298: $4$memwr$\command_age$src/hx_safety.v:266$4588_EN[23:0]$6043
   105/298: $4$memwr$\command_age$src/hx_safety.v:266$4588_ADDR[1:0]$6042
   106/298: $4$memwr$\upper$src/hx_safety.v:256$4587_EN[15:0]$6041
   107/298: $4$memwr$\upper$src/hx_safety.v:256$4587_DATA[15:0]$6040
   108/298: $4$memwr$\upper$src/hx_safety.v:256$4587_ADDR[1:0]$6039
   109/298: $4$memwr$\lower$src/hx_safety.v:256$4586_EN[15:0]$6038
   110/298: $4$memwr$\lower$src/hx_safety.v:256$4586_DATA[15:0]$6037
   111/298: $4$memwr$\lower$src/hx_safety.v:256$4586_ADDR[1:0]$6036
   112/298: $4$bitselwrite$pos$src/hx_safety.v:275$4567[1:0]$6035
   113/298: $4\known$func$src/hx_safety.v:274$4566.id[7:0]$6034
   114/298: $4\known$func$src/hx_safety.v:274$4566.$result[0:0]$6033
   115/298: $4\known$func$src/hx_safety.v:268$4565.id[7:0]$6032
   116/298: $4\known$func$src/hx_safety.v:268$4565.$result[0:0]$6031
   117/298: $4$bitselwrite$pos$src/hx_safety.v:266$4564[1:0]$6030
   118/298: $4\known$func$src/hx_safety.v:261$4563.id[7:0]$6029
   119/298: $4\known$func$src/hx_safety.v:261$4563.$result[0:0]$6028
   120/298: $4$bitselwrite$pos$src/hx_safety.v:258$4562[1:0]$6027
   121/298: $4$bitselwrite$pos$src/hx_safety.v:257$4561[1:0]$6026
   122/298: $4\i[31:0]
   123/298: $4\known$func$src/hx_safety.v:252$4560.$result[0:0]$6024
   124/298: $4\known$func$src/hx_safety.v:252$4560.id[7:0]$6025
   125/298: $4$lookahead\armed$5658[2:0]$6021
   126/298: $3$lookahead\window_valid$5659[2:0]$6022
   127/298: $3$memwr$\command_age$src/hx_safety.v:273$4592_EN[23:0]$6020
   128/298: $3$memwr$\command_age$src/hx_safety.v:273$4591_EN[23:0]$6019
   129/298: $3$memwr$\command_age$src/hx_safety.v:273$4590_EN[23:0]$6018
   130/298: $3$memwr$\command_age$src/hx_safety.v:269$4589_EN[23:0]$6017
   131/298: $3$memwr$\command_age$src/hx_safety.v:269$4589_ADDR[1:0]$6016
   132/298: $3$memwr$\command_age$src/hx_safety.v:266$4588_EN[23:0]$6015
   133/298: $3$memwr$\command_age$src/hx_safety.v:266$4588_ADDR[1:0]$6014
   134/298: $3$memwr$\upper$src/hx_safety.v:256$4587_EN[15:0]$6013
   135/298: $3$memwr$\upper$src/hx_safety.v:256$4587_DATA[15:0]$6012
   136/298: $3$memwr$\upper$src/hx_safety.v:256$4587_ADDR[1:0]$6011
   137/298: $3$memwr$\lower$src/hx_safety.v:256$4586_EN[15:0]$6010
   138/298: $3$memwr$\lower$src/hx_safety.v:256$4586_DATA[15:0]$6009
   139/298: $3$memwr$\lower$src/hx_safety.v:256$4586_ADDR[1:0]$6008
   140/298: $3$bitselwrite$pos$src/hx_safety.v:275$4567[1:0]$6007
   141/298: $3\known$func$src/hx_safety.v:274$4566.id[7:0]$6006
   142/298: $3\known$func$src/hx_safety.v:274$4566.$result[0:0]$6005
   143/298: $3\known$func$src/hx_safety.v:268$4565.id[7:0]$6004
   144/298: $3\known$func$src/hx_safety.v:268$4565.$result[0:0]$6003
   145/298: $3$bitselwrite$pos$src/hx_safety.v:266$4564[1:0]$6002
   146/298: $3\known$func$src/hx_safety.v:261$4563.id[7:0]$6001
   147/298: $3\known$func$src/hx_safety.v:261$4563.$result[0:0]$6000
   148/298: $3$bitselwrite$pos$src/hx_safety.v:258$4562[1:0]$5999
   149/298: $3$bitselwrite$pos$src/hx_safety.v:257$4561[1:0]$5998
   150/298: $3\known$func$src/hx_safety.v:252$4560.id[7:0]$5997
   151/298: $3\known$func$src/hx_safety.v:252$4560.$result[0:0]$5996
   152/298: $3\i[31:0]
   153/298: $3$lookahead\armed$5658[2:0]$5989
   154/298: $2$lookahead\window_valid$5659[2:0]$5990
   155/298: $2$memwr$\command_age$src/hx_safety.v:273$4592_EN[23:0]$5988
   156/298: $2$memwr$\command_age$src/hx_safety.v:273$4591_EN[23:0]$5987
   157/298: $2$memwr$\command_age$src/hx_safety.v:273$4590_EN[23:0]$5986
   158/298: $2$memwr$\command_age$src/hx_safety.v:269$4589_EN[23:0]$5985
   159/298: $2$memwr$\command_age$src/hx_safety.v:269$4589_ADDR[1:0]$5984
   160/298: $2$memwr$\command_age$src/hx_safety.v:266$4588_EN[23:0]$5983
   161/298: $2$memwr$\command_age$src/hx_safety.v:266$4588_ADDR[1:0]$5982
   162/298: $2$memwr$\upper$src/hx_safety.v:256$4587_EN[15:0]$5981
   163/298: $2$memwr$\upper$src/hx_safety.v:256$4587_DATA[15:0]$5980
   164/298: $2$memwr$\upper$src/hx_safety.v:256$4587_ADDR[1:0]$5979
   165/298: $2$memwr$\lower$src/hx_safety.v:256$4586_EN[15:0]$5978
   166/298: $2$memwr$\lower$src/hx_safety.v:256$4586_DATA[15:0]$5977
   167/298: $2$memwr$\lower$src/hx_safety.v:256$4586_ADDR[1:0]$5976
   168/298: $2$bitselwrite$pos$src/hx_safety.v:275$4567[1:0]$5975
   169/298: $2\known$func$src/hx_safety.v:274$4566.id[7:0]$5974
   170/298: $2\known$func$src/hx_safety.v:274$4566.$result[0:0]$5973
   171/298: $2\known$func$src/hx_safety.v:268$4565.id[7:0]$5972
   172/298: $2\known$func$src/hx_safety.v:268$4565.$result[0:0]$5971
   173/298: $2$bitselwrite$pos$src/hx_safety.v:266$4564[1:0]$5970
   174/298: $2\known$func$src/hx_safety.v:261$4563.id[7:0]$5969
   175/298: $2\known$func$src/hx_safety.v:261$4563.$result[0:0]$5968
   176/298: $2$bitselwrite$pos$src/hx_safety.v:258$4562[1:0]$5967
   177/298: $2$bitselwrite$pos$src/hx_safety.v:257$4561[1:0]$5966
   178/298: $2\known$func$src/hx_safety.v:252$4560.id[7:0]$5965
   179/298: $2\known$func$src/hx_safety.v:252$4560.$result[0:0]$5964
   180/298: $2\i[31:0]
   181/298: $2$lookahead\armed$5658[2:0]$5955
   182/298: $2$bitselwrite$pos$src/hx_safety.v:245$4559[1:0]$5954
   183/298: $2$memwr$\feedback_age$src/hx_safety.v:240$4585_EN[23:0]$5908
   184/298: $2$memwr$\feedback_age$src/hx_safety.v:240$4585_ADDR[1:0]$5907
   185/298: $2$memwr$\sample_reason$src/hx_safety.v:239$4584_EN[7:0]$5906
   186/298: $2$memwr$\sample_reason$src/hx_safety.v:239$4584_DATA[7:0]$5905
   187/298: $2$memwr$\sample_reason$src/hx_safety.v:239$4584_ADDR[1:0]$5904
   188/298: $2$lookahead\healthy$5657[2:0]$5912
   189/298: $2$bitselwrite$pos$src/hx_safety.v:238$4558[1:0]$5903
   190/298: $2$lookahead\seen$5656[2:0]$5911
   191/298: $2$bitselwrite$pos$src/hx_safety.v:237$4557[1:0]$5902
   192/298: $2$lookahead\sample_sequences$5655[23:0]$5910
   193/298: $2$bitselwrite$pos$src/hx_safety.v:236$4556[31:0]$5901
   194/298: $2$lookahead\positions$5654[47:0]$5909
   195/298: $2$bitselwrite$pos$src/hx_safety.v:235$4555[31:0]$5900
   196/298: $5$lookahead\expected_off$5653[2:0]$5883
   197/298: $2$bitselwrite$pos$src/hx_safety.v:232$4554[1:0]$5881
   198/298: $5$lookahead\expected$5652[2:0]$5882
   199/298: $2$bitselwrite$pos$src/hx_safety.v:231$4553[1:0]$5880
   200/298: $4$lookahead\expected_off$5653[2:0]$5879
   201/298: $4$lookahead\expected$5652[2:0]$5878
   202/298: $3$lookahead\expected_off$5653[2:0]$5852
   203/298: $3$bitselwrite$pos$src/hx_safety.v:227$4552[1:0]$5850
   204/298: $3$lookahead\expected$5652[2:0]$5851
   205/298: $3$bitselwrite$pos$src/hx_safety.v:226$4551[1:0]$5849
   206/298: $2$lookahead\expected_off$5653[2:0]$5845
   207/298: $2$lookahead\expected$5652[2:0]$5844
   208/298: $2$bitselwrite$pos$src/hx_safety.v:227$4552[1:0]$5843
   209/298: $2$bitselwrite$pos$src/hx_safety.v:226$4551[1:0]$5842
   210/298: $2\known$func$src/hx_safety.v:225$4550.$result[0:0]$5840
   211/298: $2\known$func$src/hx_safety.v:225$4550.id[7:0]$5841
   212/298: $2$memwr$\command_age$src/hx_safety.v:220$4583_EN[23:0]$5836
   213/298: $2$memwr$\command_age$src/hx_safety.v:220$4583_DATA[23:0]$5835
   214/298: $2$memwr$\feedback_age$src/hx_safety.v:219$4582_EN[23:0]$5830
   215/298: $2$memwr$\feedback_age$src/hx_safety.v:219$4582_DATA[23:0]$5829
   216/298: $2$memwr$\command_age$src/hx_safety.v:220$4581_EN[23:0]$5824
   217/298: $2$memwr$\command_age$src/hx_safety.v:220$4581_DATA[23:0]$5823
   218/298: $2$memwr$\feedback_age$src/hx_safety.v:219$4580_EN[23:0]$5818
   219/298: $2$memwr$\feedback_age$src/hx_safety.v:219$4580_DATA[23:0]$5817
   220/298: $2$memwr$\command_age$src/hx_safety.v:220$4579_EN[23:0]$5812
   221/298: $2$memwr$\command_age$src/hx_safety.v:220$4579_DATA[23:0]$5811
   222/298: $2$memwr$\feedback_age$src/hx_safety.v:219$4578_EN[23:0]$5806
   223/298: $2$memwr$\feedback_age$src/hx_safety.v:219$4578_DATA[23:0]$5805
   224/298: $1\i[31:0]
   225/298: $1$memwr$\sample_reason$src/hx_safety.v:213$4577_EN[7:0]$5762
   226/298: $1$memwr$\command_age$src/hx_safety.v:213$4576_EN[23:0]$5761
   227/298: $1$memwr$\feedback_age$src/hx_safety.v:213$4575_EN[23:0]$5760
   228/298: $1$memwr$\sample_reason$src/hx_safety.v:213$4574_EN[7:0]$5759
   229/298: $1$memwr$\command_age$src/hx_safety.v:213$4573_EN[23:0]$5758
   230/298: $1$memwr$\feedback_age$src/hx_safety.v:213$4572_EN[23:0]$5757
   231/298: $1$memwr$\sample_reason$src/hx_safety.v:213$4571_EN[7:0]$5756
   232/298: $1$memwr$\command_age$src/hx_safety.v:213$4570_EN[23:0]$5755
   233/298: $1$memwr$\feedback_age$src/hx_safety.v:213$4569_EN[23:0]$5754
   234/298: $1$lookahead\expected_off$5653[2:0]$5794
   235/298: $1$lookahead\expected$5652[2:0]$5793
   236/298: $1$lookahead\healthy$5657[2:0]$5798
   237/298: $1$lookahead\seen$5656[2:0]$5797
   238/298: $1$lookahead\armed$5658[2:0]$5799
   239/298: $1$lookahead\window_valid$5659[2:0]$5800
   240/298: $1$lookahead\sample_sequences$5655[23:0]$5796
   241/298: $1$lookahead\positions$5654[47:0]$5795
   242/298: $1$memwr$\command_age$src/hx_safety.v:273$4592_EN[23:0]$5792
   243/298: $1$memwr$\command_age$src/hx_safety.v:273$4591_EN[23:0]$5791
   244/298: $1$memwr$\command_age$src/hx_safety.v:273$4590_EN[23:0]$5790
   245/298: $1$memwr$\command_age$src/hx_safety.v:269$4589_EN[23:0]$5789
   246/298: $1$memwr$\command_age$src/hx_safety.v:269$4589_ADDR[1:0]$5788
   247/298: $1$memwr$\command_age$src/hx_safety.v:266$4588_EN[23:0]$5787
   248/298: $1$memwr$\command_age$src/hx_safety.v:266$4588_ADDR[1:0]$5786
   249/298: $1$memwr$\upper$src/hx_safety.v:256$4587_EN[15:0]$5785
   250/298: $1$memwr$\upper$src/hx_safety.v:256$4587_DATA[15:0]$5784
   251/298: $1$memwr$\upper$src/hx_safety.v:256$4587_ADDR[1:0]$5783
   252/298: $1$memwr$\lower$src/hx_safety.v:256$4586_EN[15:0]$5782
   253/298: $1$memwr$\lower$src/hx_safety.v:256$4586_DATA[15:0]$5781
   254/298: $1$memwr$\lower$src/hx_safety.v:256$4586_ADDR[1:0]$5780
   255/298: $1$memwr$\feedback_age$src/hx_safety.v:240$4585_EN[23:0]$5779
   256/298: $1$memwr$\feedback_age$src/hx_safety.v:240$4585_ADDR[1:0]$5778
   257/298: $1$memwr$\sample_reason$src/hx_safety.v:239$4584_EN[7:0]$5777
   258/298: $1$memwr$\sample_reason$src/hx_safety.v:239$4584_DATA[7:0]$5776
   259/298: $1$memwr$\sample_reason$src/hx_safety.v:239$4584_ADDR[1:0]$5775
   260/298: $1$memwr$\command_age$src/hx_safety.v:220$4583_EN[23:0]$5774
   261/298: $1$memwr$\command_age$src/hx_safety.v:220$4583_DATA[23:0]$5773
   262/298: $1$memwr$\feedback_age$src/hx_safety.v:219$4582_EN[23:0]$5772
   263/298: $1$memwr$\feedback_age$src/hx_safety.v:219$4582_DATA[23:0]$5771
   264/298: $1$memwr$\command_age$src/hx_safety.v:220$4581_EN[23:0]$5770
   265/298: $1$memwr$\command_age$src/hx_safety.v:220$4581_DATA[23:0]$5769
   266/298: $1$memwr$\feedback_age$src/hx_safety.v:219$4580_EN[23:0]$5768
   267/298: $1$memwr$\feedback_age$src/hx_safety.v:219$4580_DATA[23:0]$5767
   268/298: $1$memwr$\command_age$src/hx_safety.v:220$4579_EN[23:0]$5766
   269/298: $1$memwr$\command_age$src/hx_safety.v:220$4579_DATA[23:0]$5765
   270/298: $1$memwr$\feedback_age$src/hx_safety.v:219$4578_EN[23:0]$5764
   271/298: $1$memwr$\feedback_age$src/hx_safety.v:219$4578_DATA[23:0]$5763
   272/298: $1$bitselwrite$pos$src/hx_safety.v:275$4567[1:0]$5753
   273/298: $1\known$func$src/hx_safety.v:274$4566.id[7:0]$5752
   274/298: $1\known$func$src/hx_safety.v:274$4566.$result[0:0]$5751
   275/298: $1\known$func$src/hx_safety.v:268$4565.id[7:0]$5750
   276/298: $1\known$func$src/hx_safety.v:268$4565.$result[0:0]$5749
   277/298: $1$bitselwrite$pos$src/hx_safety.v:266$4564[1:0]$5748
   278/298: $1\known$func$src/hx_safety.v:261$4563.id[7:0]$5747
   279/298: $1\known$func$src/hx_safety.v:261$4563.$result[0:0]$5746
   280/298: $1$bitselwrite$pos$src/hx_safety.v:258$4562[1:0]$5745
   281/298: $1$bitselwrite$pos$src/hx_safety.v:257$4561[1:0]$5744
   282/298: $1\known$func$src/hx_safety.v:252$4560.id[7:0]$5743
   283/298: $1\known$func$src/hx_safety.v:252$4560.$result[0:0]$5742
   284/298: $1$bitselwrite$pos$src/hx_safety.v:245$4559[1:0]$5741
   285/298: $1$bitselwrite$pos$src/hx_safety.v:238$4558[1:0]$5740
   286/298: $1$bitselwrite$pos$src/hx_safety.v:237$4557[1:0]$5739
   287/298: $1$bitselwrite$pos$src/hx_safety.v:236$4556[31:0]$5738
   288/298: $1$bitselwrite$pos$src/hx_safety.v:235$4555[31:0]$5737
   289/298: $1$bitselwrite$pos$src/hx_safety.v:232$4554[1:0]$5736
   290/298: $1$bitselwrite$pos$src/hx_safety.v:231$4553[1:0]$5735
   291/298: $1$bitselwrite$pos$src/hx_safety.v:227$4552[1:0]$5734
   292/298: $1$bitselwrite$pos$src/hx_safety.v:226$4551[1:0]$5733
   293/298: $1\known$func$src/hx_safety.v:225$4550.id[7:0]$5732
   294/298: $1\known$func$src/hx_safety.v:225$4550.$result[0:0]$5731
   295/298: $0\stop_age[21:0]
   296/298: $0\fault_id[7:0]
   297/298: $0\reason[7:0]
   298/298: $0\latched[0:0]
Creating decoders for process `$paramod$b0ffb6208ded24bc31d92cae199041e2e8adce89\hx_safety.$proc$src/hx_safety.v:188$5589'.
     1/30: $15\trip_id[7:0]
     2/30: $15\trip_reason[7:0]
     3/30: $14\trip_id[7:0]
     4/30: $14\trip_reason[7:0]
     5/30: $13\trip_id[7:0]
     6/30: $13\trip_reason[7:0]
     7/30: $12\trip_id[7:0]
     8/30: $12\trip_reason[7:0]
     9/30: $11\trip_id[7:0]
    10/30: $11\trip_reason[7:0]
    11/30: $10\trip_id[7:0]
    12/30: $10\trip_reason[7:0]
    13/30: $9\trip_id[7:0]
    14/30: $9\trip_reason[7:0]
    15/30: $8\trip_id[7:0]
    16/30: $8\trip_reason[7:0]
    17/30: $7\trip_id[7:0]
    18/30: $7\trip_reason[7:0]
    19/30: $6\trip_id[7:0]
    20/30: $6\trip_reason[7:0]
    21/30: $5\trip_id[7:0]
    22/30: $5\trip_reason[7:0]
    23/30: $4\trip_id[7:0]
    24/30: $4\trip_reason[7:0]
    25/30: $3\trip_id[7:0]
    26/30: $3\trip_reason[7:0]
    27/30: $2\trip_id[7:0]
    28/30: $2\trip_reason[7:0]
    29/30: $1\trip_id[7:0]
    30/30: $1\trip_reason[7:0]
Creating decoders for process `$paramod$b0ffb6208ded24bc31d92cae199041e2e8adce89\hx_safety.$proc$src/hx_safety.v:146$5494'.
     1/42: $5\known$func$src/hx_safety.v:169$4549.$result[0:0]$5548
     2/42: $5\known$func$src/hx_safety.v:169$4549.id[7:0]$5549
     3/42: $5\known$func$src/hx_safety.v:165$4548.$result[0:0]$5546
     4/42: $5\known$func$src/hx_safety.v:165$4548.id[7:0]$5547
     5/42: $4\known$func$src/hx_safety.v:169$4549.id[7:0]$5537
     6/42: $4\known$func$src/hx_safety.v:169$4549.$result[0:0]$5536
     7/42: $4\known$func$src/hx_safety.v:165$4548.id[7:0]$5535
     8/42: $4\known$func$src/hx_safety.v:165$4548.$result[0:0]$5534
     9/42: $4$memwr$\rb$src/hx_safety.v:158$4568_EN[7:0]$5531
    10/42: $4$memwr$\rb$src/hx_safety.v:158$4568_DATA[7:0]$5530
    11/42: $4$memwr$\rb$src/hx_safety.v:158$4568_ADDR[6:0]$5529
    12/42: $3$memwr$\rb$src/hx_safety.v:158$4568_EN[7:0]$5525
    13/42: $3$memwr$\rb$src/hx_safety.v:158$4568_DATA[7:0]$5524
    14/42: $3$memwr$\rb$src/hx_safety.v:158$4568_ADDR[6:0]$5523
    15/42: $3\known$func$src/hx_safety.v:169$4549.id[7:0]$5522
    16/42: $3\known$func$src/hx_safety.v:169$4549.$result[0:0]$5521
    17/42: $3\known$func$src/hx_safety.v:165$4548.id[7:0]$5520
    18/42: $3\known$func$src/hx_safety.v:165$4548.$result[0:0]$5519
    19/42: $2$memwr$\rb$src/hx_safety.v:158$4568_EN[7:0]$5518
    20/42: $2$memwr$\rb$src/hx_safety.v:158$4568_DATA[7:0]$5517
    21/42: $2$memwr$\rb$src/hx_safety.v:158$4568_ADDR[6:0]$5516
    22/42: $2\known$func$src/hx_safety.v:169$4549.id[7:0]$5515
    23/42: $2\known$func$src/hx_safety.v:169$4549.$result[0:0]$5514
    24/42: $2\known$func$src/hx_safety.v:165$4548.id[7:0]$5513
    25/42: $2\known$func$src/hx_safety.v:165$4548.$result[0:0]$5512
    26/42: $1$memwr$\rb$src/hx_safety.v:158$4568_EN[7:0]$5508
    27/42: $1$memwr$\rb$src/hx_safety.v:158$4568_DATA[7:0]$5507
    28/42: $1$memwr$\rb$src/hx_safety.v:158$4568_ADDR[6:0]$5506
    29/42: $1\known$func$src/hx_safety.v:169$4549.id[7:0]$5505
    30/42: $1\known$func$src/hx_safety.v:169$4549.$result[0:0]$5504
    31/42: $1\known$func$src/hx_safety.v:165$4548.id[7:0]$5503
    32/42: $1\known$func$src/hx_safety.v:165$4548.$result[0:0]$5502
    33/42: $0\off_valid[0:0]
    34/42: $0\packet_valid[0:0]
    35/42: $0\sample_valid[0:0]
    36/42: $0\decoded_reason[7:0]
    37/42: $0\sample_id[7:0]
    38/42: $0\rx_age[15:0]
    39/42: $0\rx_sum[7:0]
    40/42: $0\rx_total[6:0]
    41/42: $0\rx_count[6:0]
    42/42: $0\rx_state[1:0]
Creating decoders for process `$paramod$b0ffb6208ded24bc31d92cae199041e2e8adce89\hx_safety.$proc$src/hx_safety.v:90$4622'.
     1/546: $23\allow_forward[0:0]
     2/546: $22\allow_forward[0:0]
     3/546: $21\allow_forward[0:0]
     4/546: $20\allow_forward[0:0]
     5/546: $19\allow_forward[0:0]
     6/546: $18\allow_forward[0:0]
     7/546: $17\allow_forward[0:0]
     8/546: $16\allow_forward[0:0]
     9/546: $15\allow_forward[0:0]
    10/546: $14\allow_forward[0:0]
    11/546: $13\allow_forward[0:0]
    12/546: $1\known$func$src/hx_safety.v:116$4547.$result[0:0]$5448
    13/546: $1\known$func$src/hx_safety.v:116$4547.id[7:0]$5449
    14/546: $12\allow_forward[0:0]
    15/546: $11\write_ok$func$src/hx_safety.v:109$4544.$result[0:0]$5438
    16/546: $10\write_ok$func$src/hx_safety.v:109$4544.$result[0:0]$5428
    17/546: $10\known$func$src/hx_safety.v:71$4546.id[7:0]$5430
    18/546: $10\known$func$src/hx_safety.v:71$4546.$result[0:0]$5429
    19/546: $9\write_ok$func$src/hx_safety.v:109$4544.$result[0:0]$5422
    20/546: $9\known$func$src/hx_safety.v:71$4546.id[7:0]$5424
    21/546: $9\known$func$src/hx_safety.v:71$4546.$result[0:0]$5423
    22/546: $8\write_ok$func$src/hx_safety.v:109$4544.$result[0:0]$5416
    23/546: $8\known$func$src/hx_safety.v:71$4546.id[7:0]$5418
    24/546: $8\known$func$src/hx_safety.v:71$4546.$result[0:0]$5417
    25/546: $7\known$func$src/hx_safety.v:71$4546.id[7:0]$5412
    26/546: $7\known$func$src/hx_safety.v:71$4546.$result[0:0]$5411
    27/546: $7\write_ok$func$src/hx_safety.v:109$4544.$result[0:0]$5410
    28/546: $11\allow_forward[0:0]
    29/546: $11\write_ok$func$src/hx_safety.v:109$4541.$result[0:0]$5399
    30/546: $10\write_ok$func$src/hx_safety.v:109$4541.$result[0:0]$5389
    31/546: $10\known$func$src/hx_safety.v:71$4543.id[7:0]$5391
    32/546: $10\known$func$src/hx_safety.v:71$4543.$result[0:0]$5390
    33/546: $9\write_ok$func$src/hx_safety.v:109$4541.$result[0:0]$5383
    34/546: $9\known$func$src/hx_safety.v:71$4543.id[7:0]$5385
    35/546: $9\known$func$src/hx_safety.v:71$4543.$result[0:0]$5384
    36/546: $8\write_ok$func$src/hx_safety.v:109$4541.$result[0:0]$5377
    37/546: $8\known$func$src/hx_safety.v:71$4543.id[7:0]$5379
    38/546: $8\known$func$src/hx_safety.v:71$4543.$result[0:0]$5378
    39/546: $7\known$func$src/hx_safety.v:71$4543.id[7:0]$5373
    40/546: $7\known$func$src/hx_safety.v:71$4543.$result[0:0]$5372
    41/546: $7\write_ok$func$src/hx_safety.v:109$4541.$result[0:0]$5371
    42/546: $10\allow_forward[0:0]
    43/546: $11\write_ok$func$src/hx_safety.v:109$4538.$result[0:0]$5360
    44/546: $10\write_ok$func$src/hx_safety.v:109$4538.$result[0:0]$5350
    45/546: $10\known$func$src/hx_safety.v:71$4540.id[7:0]$5352
    46/546: $10\known$func$src/hx_safety.v:71$4540.$result[0:0]$5351
    47/546: $9\write_ok$func$src/hx_safety.v:109$4538.$result[0:0]$5344
    48/546: $9\known$func$src/hx_safety.v:71$4540.id[7:0]$5346
    49/546: $9\known$func$src/hx_safety.v:71$4540.$result[0:0]$5345
    50/546: $8\write_ok$func$src/hx_safety.v:109$4538.$result[0:0]$5338
    51/546: $8\known$func$src/hx_safety.v:71$4540.id[7:0]$5340
    52/546: $8\known$func$src/hx_safety.v:71$4540.$result[0:0]$5339
    53/546: $7\known$func$src/hx_safety.v:71$4540.id[7:0]$5334
    54/546: $7\known$func$src/hx_safety.v:71$4540.$result[0:0]$5333
    55/546: $7\write_ok$func$src/hx_safety.v:109$4538.$result[0:0]$5332
    56/546: $6\q[31:0]
    57/546: $9\allow_forward[0:0]
    58/546: $6\known$func$src/hx_safety.v:71$4546.id[7:0]$5324
    59/546: $6\known$func$src/hx_safety.v:71$4546.$result[0:0]$5323
    60/546: $6\write_ok$func$src/hx_safety.v:109$4544.$result[0:0]$5314
    61/546: $6\known$func$src/hx_safety.v:67$4545.$result[0:0]$5321
    62/546: $6\known$func$src/hx_safety.v:67$4545.id[7:0]$5322
    63/546: $6\write_ok$func$src/hx_safety.v:109$4544.motor_axis[1:0]$5320
    64/546: $6\write_ok$func$src/hx_safety.v:109$4544.zero[0:0]$5319
    65/546: $6\write_ok$func$src/hx_safety.v:109$4544.address[7:0]$5318
    66/546: $6\write_ok$func$src/hx_safety.v:109$4544.id[7:0]$5317
    67/546: $6\write_ok$func$src/hx_safety.v:109$4544.arm_mask[2:0]$5316
    68/546: $6\write_ok$func$src/hx_safety.v:109$4544.blocked[0:0]$5315
    69/546: $6\known$func$src/hx_safety.v:71$4543.id[7:0]$5313
    70/546: $6\known$func$src/hx_safety.v:71$4543.$result[0:0]$5312
    71/546: $6\write_ok$func$src/hx_safety.v:109$4541.$result[0:0]$5303
    72/546: $6\known$func$src/hx_safety.v:67$4542.$result[0:0]$5310
    73/546: $6\known$func$src/hx_safety.v:67$4542.id[7:0]$5311
    74/546: $6\write_ok$func$src/hx_safety.v:109$4541.motor_axis[1:0]$5309
    75/546: $6\write_ok$func$src/hx_safety.v:109$4541.zero[0:0]$5308
    76/546: $6\write_ok$func$src/hx_safety.v:109$4541.address[7:0]$5307
    77/546: $6\write_ok$func$src/hx_safety.v:109$4541.id[7:0]$5306
    78/546: $6\write_ok$func$src/hx_safety.v:109$4541.arm_mask[2:0]$5305
    79/546: $6\write_ok$func$src/hx_safety.v:109$4541.blocked[0:0]$5304
    80/546: $6\known$func$src/hx_safety.v:71$4540.id[7:0]$5302
    81/546: $6\known$func$src/hx_safety.v:71$4540.$result[0:0]$5301
    82/546: $6\write_ok$func$src/hx_safety.v:109$4538.$result[0:0]$5292
    83/546: $6\known$func$src/hx_safety.v:67$4539.$result[0:0]$5299
    84/546: $6\known$func$src/hx_safety.v:67$4539.id[7:0]$5300
    85/546: $6\write_ok$func$src/hx_safety.v:109$4538.motor_axis[1:0]$5298
    86/546: $6\write_ok$func$src/hx_safety.v:109$4538.zero[0:0]$5297
    87/546: $6\write_ok$func$src/hx_safety.v:109$4538.address[7:0]$5296
    88/546: $6\write_ok$func$src/hx_safety.v:109$4538.id[7:0]$5295
    89/546: $6\write_ok$func$src/hx_safety.v:109$4538.arm_mask[2:0]$5294
    90/546: $6\write_ok$func$src/hx_safety.v:109$4538.blocked[0:0]$5293
    91/546: $8\allow_forward[0:0]
    92/546: $10\write_ok$func$src/hx_safety.v:102$4535.$result[0:0]$5275
    93/546: $9\write_ok$func$src/hx_safety.v:102$4535.$result[0:0]$5265
    94/546: $9\known$func$src/hx_safety.v:71$4537.id[7:0]$5267
    95/546: $9\known$func$src/hx_safety.v:71$4537.$result[0:0]$5266
    96/546: $8\write_ok$func$src/hx_safety.v:102$4535.$result[0:0]$5259
    97/546: $8\known$func$src/hx_safety.v:71$4537.id[7:0]$5261
    98/546: $8\known$func$src/hx_safety.v:71$4537.$result[0:0]$5260
    99/546: $7\write_ok$func$src/hx_safety.v:102$4535.$result[0:0]$5253
   100/546: $7\known$func$src/hx_safety.v:71$4537.id[7:0]$5255
   101/546: $7\known$func$src/hx_safety.v:71$4537.$result[0:0]$5254
   102/546: $6\known$func$src/hx_safety.v:71$4537.id[7:0]$5249
   103/546: $6\known$func$src/hx_safety.v:71$4537.$result[0:0]$5248
   104/546: $6\write_ok$func$src/hx_safety.v:102$4535.$result[0:0]$5247
   105/546: $7\allow_forward[0:0]
   106/546: $10\write_ok$func$src/hx_safety.v:102$4532.$result[0:0]$5236
   107/546: $9\write_ok$func$src/hx_safety.v:102$4532.$result[0:0]$5226
   108/546: $9\known$func$src/hx_safety.v:71$4534.id[7:0]$5228
   109/546: $9\known$func$src/hx_safety.v:71$4534.$result[0:0]$5227
   110/546: $8\write_ok$func$src/hx_safety.v:102$4532.$result[0:0]$5220
   111/546: $8\known$func$src/hx_safety.v:71$4534.id[7:0]$5222
   112/546: $8\known$func$src/hx_safety.v:71$4534.$result[0:0]$5221
   113/546: $7\write_ok$func$src/hx_safety.v:102$4532.$result[0:0]$5214
   114/546: $7\known$func$src/hx_safety.v:71$4534.id[7:0]$5216
   115/546: $7\known$func$src/hx_safety.v:71$4534.$result[0:0]$5215
   116/546: $6\known$func$src/hx_safety.v:71$4534.id[7:0]$5210
   117/546: $6\known$func$src/hx_safety.v:71$4534.$result[0:0]$5209
   118/546: $6\write_ok$func$src/hx_safety.v:102$4532.$result[0:0]$5208
   119/546: $6\allow_forward[0:0]
   120/546: $10\write_ok$func$src/hx_safety.v:102$4529.$result[0:0]$5197
   121/546: $9\write_ok$func$src/hx_safety.v:102$4529.$result[0:0]$5187
   122/546: $9\known$func$src/hx_safety.v:71$4531.id[7:0]$5189
   123/546: $9\known$func$src/hx_safety.v:71$4531.$result[0:0]$5188
   124/546: $8\write_ok$func$src/hx_safety.v:102$4529.$result[0:0]$5181
   125/546: $8\known$func$src/hx_safety.v:71$4531.id[7:0]$5183
   126/546: $8\known$func$src/hx_safety.v:71$4531.$result[0:0]$5182
   127/546: $7\write_ok$func$src/hx_safety.v:102$4529.$result[0:0]$5175
   128/546: $7\known$func$src/hx_safety.v:71$4531.id[7:0]$5177
   129/546: $7\known$func$src/hx_safety.v:71$4531.$result[0:0]$5176
   130/546: $6\known$func$src/hx_safety.v:71$4531.id[7:0]$5171
   131/546: $6\known$func$src/hx_safety.v:71$4531.$result[0:0]$5170
   132/546: $6\write_ok$func$src/hx_safety.v:102$4529.$result[0:0]$5169
   133/546: $5\q[31:0]
   134/546: $5\allow_forward[0:0]
   135/546: $5\known$func$src/hx_safety.v:71$4537.id[7:0]$5128
   136/546: $5\known$func$src/hx_safety.v:71$4537.$result[0:0]$5127
   137/546: $5\write_ok$func$src/hx_safety.v:102$4535.$result[0:0]$5118
   138/546: $5\known$func$src/hx_safety.v:67$4536.$result[0:0]$5125
   139/546: $5\known$func$src/hx_safety.v:67$4536.id[7:0]$5126
   140/546: $5\write_ok$func$src/hx_safety.v:102$4535.motor_axis[1:0]$5124
   141/546: $5\write_ok$func$src/hx_safety.v:102$4535.zero[0:0]$5123
   142/546: $5\write_ok$func$src/hx_safety.v:102$4535.address[7:0]$5122
   143/546: $5\write_ok$func$src/hx_safety.v:102$4535.id[7:0]$5121
   144/546: $5\write_ok$func$src/hx_safety.v:102$4535.arm_mask[2:0]$5120
   145/546: $5\write_ok$func$src/hx_safety.v:102$4535.blocked[0:0]$5119
   146/546: $5\known$func$src/hx_safety.v:71$4534.id[7:0]$5117
   147/546: $5\known$func$src/hx_safety.v:71$4534.$result[0:0]$5116
   148/546: $5\write_ok$func$src/hx_safety.v:102$4532.$result[0:0]$5107
   149/546: $5\known$func$src/hx_safety.v:67$4533.$result[0:0]$5114
   150/546: $5\known$func$src/hx_safety.v:67$4533.id[7:0]$5115
   151/546: $5\write_ok$func$src/hx_safety.v:102$4532.motor_axis[1:0]$5113
   152/546: $5\write_ok$func$src/hx_safety.v:102$4532.zero[0:0]$5112
   153/546: $5\write_ok$func$src/hx_safety.v:102$4532.address[7:0]$5111
   154/546: $5\write_ok$func$src/hx_safety.v:102$4532.id[7:0]$5110
   155/546: $5\write_ok$func$src/hx_safety.v:102$4532.arm_mask[2:0]$5109
   156/546: $5\write_ok$func$src/hx_safety.v:102$4532.blocked[0:0]$5108
   157/546: $5\known$func$src/hx_safety.v:71$4531.id[7:0]$5106
   158/546: $5\known$func$src/hx_safety.v:71$4531.$result[0:0]$5105
   159/546: $5\write_ok$func$src/hx_safety.v:102$4529.$result[0:0]$5096
   160/546: $5\known$func$src/hx_safety.v:67$4530.$result[0:0]$5103
   161/546: $5\known$func$src/hx_safety.v:67$4530.id[7:0]$5104
   162/546: $5\write_ok$func$src/hx_safety.v:102$4529.motor_axis[1:0]$5102
   163/546: $5\write_ok$func$src/hx_safety.v:102$4529.zero[0:0]$5101
   164/546: $5\write_ok$func$src/hx_safety.v:102$4529.address[7:0]$5100
   165/546: $5\write_ok$func$src/hx_safety.v:102$4529.id[7:0]$5099
   166/546: $5\write_ok$func$src/hx_safety.v:102$4529.arm_mask[2:0]$5098
   167/546: $5\write_ok$func$src/hx_safety.v:102$4529.blocked[0:0]$5097
   168/546: $5\known$func$src/hx_safety.v:71$4546.id[7:0]$5161
   169/546: $5\known$func$src/hx_safety.v:71$4546.$result[0:0]$5160
   170/546: $5\known$func$src/hx_safety.v:67$4545.id[7:0]$5159
   171/546: $5\known$func$src/hx_safety.v:67$4545.$result[0:0]$5158
   172/546: $5\write_ok$func$src/hx_safety.v:109$4544.motor_axis[1:0]$5157
   173/546: $5\write_ok$func$src/hx_safety.v:109$4544.zero[0:0]$5156
   174/546: $5\write_ok$func$src/hx_safety.v:109$4544.address[7:0]$5155
   175/546: $5\write_ok$func$src/hx_safety.v:109$4544.id[7:0]$5154
   176/546: $5\write_ok$func$src/hx_safety.v:109$4544.arm_mask[2:0]$5153
   177/546: $5\write_ok$func$src/hx_safety.v:109$4544.blocked[0:0]$5152
   178/546: $5\write_ok$func$src/hx_safety.v:109$4544.$result[0:0]$5151
   179/546: $5\known$func$src/hx_safety.v:71$4543.id[7:0]$5150
   180/546: $5\known$func$src/hx_safety.v:71$4543.$result[0:0]$5149
   181/546: $5\known$func$src/hx_safety.v:67$4542.id[7:0]$5148
   182/546: $5\known$func$src/hx_safety.v:67$4542.$result[0:0]$5147
   183/546: $5\write_ok$func$src/hx_safety.v:109$4541.motor_axis[1:0]$5146
   184/546: $5\write_ok$func$src/hx_safety.v:109$4541.zero[0:0]$5145
   185/546: $5\write_ok$func$src/hx_safety.v:109$4541.address[7:0]$5144
   186/546: $5\write_ok$func$src/hx_safety.v:109$4541.id[7:0]$5143
   187/546: $5\write_ok$func$src/hx_safety.v:109$4541.arm_mask[2:0]$5142
   188/546: $5\write_ok$func$src/hx_safety.v:109$4541.blocked[0:0]$5141
   189/546: $5\write_ok$func$src/hx_safety.v:109$4541.$result[0:0]$5140
   190/546: $5\known$func$src/hx_safety.v:71$4540.id[7:0]$5139
   191/546: $5\known$func$src/hx_safety.v:71$4540.$result[0:0]$5138
   192/546: $5\known$func$src/hx_safety.v:67$4539.id[7:0]$5137
   193/546: $5\known$func$src/hx_safety.v:67$4539.$result[0:0]$5136
   194/546: $5\write_ok$func$src/hx_safety.v:109$4538.motor_axis[1:0]$5135
   195/546: $5\write_ok$func$src/hx_safety.v:109$4538.zero[0:0]$5134
   196/546: $5\write_ok$func$src/hx_safety.v:109$4538.address[7:0]$5133
   197/546: $5\write_ok$func$src/hx_safety.v:109$4538.id[7:0]$5132
   198/546: $5\write_ok$func$src/hx_safety.v:109$4538.arm_mask[2:0]$5131
   199/546: $5\write_ok$func$src/hx_safety.v:109$4538.blocked[0:0]$5130
   200/546: $5\write_ok$func$src/hx_safety.v:109$4538.$result[0:0]$5129
   201/546: $5\sync_word_length$func$src/hx_safety.v:98$4528.$result[0:0]$5083
   202/546: $9\write_ok$func$src/hx_safety.v:96$4525.$result[0:0]$5082
   203/546: $8\write_ok$func$src/hx_safety.v:96$4525.$result[0:0]$5072
   204/546: $8\known$func$src/hx_safety.v:71$4527.id[7:0]$5074
   205/546: $8\known$func$src/hx_safety.v:71$4527.$result[0:0]$5073
   206/546: $7\write_ok$func$src/hx_safety.v:96$4525.$result[0:0]$5065
   207/546: $7\known$func$src/hx_safety.v:71$4527.id[7:0]$5067
   208/546: $7\known$func$src/hx_safety.v:71$4527.$result[0:0]$5066
   209/546: $6\write_ok$func$src/hx_safety.v:96$4525.$result[0:0]$5056
   210/546: $6\known$func$src/hx_safety.v:71$4527.id[7:0]$5058
   211/546: $6\known$func$src/hx_safety.v:71$4527.$result[0:0]$5057
   212/546: $5\known$func$src/hx_safety.v:71$4527.id[7:0]$5051
   213/546: $5\known$func$src/hx_safety.v:71$4527.$result[0:0]$5050
   214/546: $5\write_ok$func$src/hx_safety.v:96$4525.$result[0:0]$5049
   215/546: $4\allow_forward[0:0]
   216/546: $4\known$func$src/hx_safety.v:71$4527.id[7:0]$4972
   217/546: $4\known$func$src/hx_safety.v:71$4527.$result[0:0]$4971
   218/546: $4\write_ok$func$src/hx_safety.v:96$4525.$result[0:0]$4960
   219/546: $4\known$func$src/hx_safety.v:67$4526.$result[0:0]$4969
   220/546: $4\known$func$src/hx_safety.v:67$4526.id[7:0]$4970
   221/546: $4\write_ok$func$src/hx_safety.v:96$4525.motor_axis[1:0]$4968
   222/546: $4\write_ok$func$src/hx_safety.v:96$4525.one[0:0]$4967
   223/546: $4\write_ok$func$src/hx_safety.v:96$4525.zero[0:0]$4966
   224/546: $4\write_ok$func$src/hx_safety.v:96$4525.width[31:0]$4965
   225/546: $4\write_ok$func$src/hx_safety.v:96$4525.address[7:0]$4964
   226/546: $4\write_ok$func$src/hx_safety.v:96$4525.id[7:0]$4963
   227/546: $4\write_ok$func$src/hx_safety.v:96$4525.arm_mask[2:0]$4962
   228/546: $4\write_ok$func$src/hx_safety.v:96$4525.blocked[0:0]$4961
   229/546: $4\known$func$src/hx_safety.v:71$4546.id[7:0]$5040
   230/546: $4\known$func$src/hx_safety.v:71$4546.$result[0:0]$5039
   231/546: $4\known$func$src/hx_safety.v:67$4545.id[7:0]$5038
   232/546: $4\known$func$src/hx_safety.v:67$4545.$result[0:0]$5037
   233/546: $4\write_ok$func$src/hx_safety.v:109$4544.motor_axis[1:0]$5036
   234/546: $4\write_ok$func$src/hx_safety.v:109$4544.zero[0:0]$5035
   235/546: $4\write_ok$func$src/hx_safety.v:109$4544.address[7:0]$5034
   236/546: $4\write_ok$func$src/hx_safety.v:109$4544.id[7:0]$5033
   237/546: $4\write_ok$func$src/hx_safety.v:109$4544.arm_mask[2:0]$5032
   238/546: $4\write_ok$func$src/hx_safety.v:109$4544.blocked[0:0]$5031
   239/546: $4\write_ok$func$src/hx_safety.v:109$4544.$result[0:0]$5030
   240/546: $4\known$func$src/hx_safety.v:71$4543.id[7:0]$5029
   241/546: $4\known$func$src/hx_safety.v:71$4543.$result[0:0]$5028
   242/546: $4\known$func$src/hx_safety.v:67$4542.id[7:0]$5027
   243/546: $4\known$func$src/hx_safety.v:67$4542.$result[0:0]$5026
   244/546: $4\write_ok$func$src/hx_safety.v:109$4541.motor_axis[1:0]$5025
   245/546: $4\write_ok$func$src/hx_safety.v:109$4541.zero[0:0]$5024
   246/546: $4\write_ok$func$src/hx_safety.v:109$4541.address[7:0]$5023
   247/546: $4\write_ok$func$src/hx_safety.v:109$4541.id[7:0]$5022
   248/546: $4\write_ok$func$src/hx_safety.v:109$4541.arm_mask[2:0]$5021
   249/546: $4\write_ok$func$src/hx_safety.v:109$4541.blocked[0:0]$5020
   250/546: $4\write_ok$func$src/hx_safety.v:109$4541.$result[0:0]$5019
   251/546: $4\known$func$src/hx_safety.v:71$4540.id[7:0]$5018
   252/546: $4\known$func$src/hx_safety.v:71$4540.$result[0:0]$5017
   253/546: $4\known$func$src/hx_safety.v:67$4539.id[7:0]$5016
   254/546: $4\known$func$src/hx_safety.v:67$4539.$result[0:0]$5015
   255/546: $4\write_ok$func$src/hx_safety.v:109$4538.motor_axis[1:0]$5014
   256/546: $4\write_ok$func$src/hx_safety.v:109$4538.zero[0:0]$5013
   257/546: $4\write_ok$func$src/hx_safety.v:109$4538.address[7:0]$5012
   258/546: $4\write_ok$func$src/hx_safety.v:109$4538.id[7:0]$5011
   259/546: $4\write_ok$func$src/hx_safety.v:109$4538.arm_mask[2:0]$5010
   260/546: $4\write_ok$func$src/hx_safety.v:109$4538.blocked[0:0]$5009
   261/546: $4\write_ok$func$src/hx_safety.v:109$4538.$result[0:0]$5008
   262/546: $4\known$func$src/hx_safety.v:71$4537.id[7:0]$5007
   263/546: $4\known$func$src/hx_safety.v:71$4537.$result[0:0]$5006
   264/546: $4\known$func$src/hx_safety.v:67$4536.id[7:0]$5005
   265/546: $4\known$func$src/hx_safety.v:67$4536.$result[0:0]$5004
   266/546: $4\write_ok$func$src/hx_safety.v:102$4535.motor_axis[1:0]$5003
   267/546: $4\write_ok$func$src/hx_safety.v:102$4535.zero[0:0]$5002
   268/546: $4\write_ok$func$src/hx_safety.v:102$4535.address[7:0]$5001
   269/546: $4\write_ok$func$src/hx_safety.v:102$4535.id[7:0]$5000
   270/546: $4\write_ok$func$src/hx_safety.v:102$4535.arm_mask[2:0]$4999
   271/546: $4\write_ok$func$src/hx_safety.v:102$4535.blocked[0:0]$4998
   272/546: $4\write_ok$func$src/hx_safety.v:102$4535.$result[0:0]$4997
   273/546: $4\known$func$src/hx_safety.v:71$4534.id[7:0]$4996
   274/546: $4\known$func$src/hx_safety.v:71$4534.$result[0:0]$4995
   275/546: $4\known$func$src/hx_safety.v:67$4533.id[7:0]$4994
   276/546: $4\known$func$src/hx_safety.v:67$4533.$result[0:0]$4993
   277/546: $4\write_ok$func$src/hx_safety.v:102$4532.motor_axis[1:0]$4992
   278/546: $4\write_ok$func$src/hx_safety.v:102$4532.zero[0:0]$4991
   279/546: $4\write_ok$func$src/hx_safety.v:102$4532.address[7:0]$4990
   280/546: $4\write_ok$func$src/hx_safety.v:102$4532.id[7:0]$4989
   281/546: $4\write_ok$func$src/hx_safety.v:102$4532.arm_mask[2:0]$4988
   282/546: $4\write_ok$func$src/hx_safety.v:102$4532.blocked[0:0]$4987
   283/546: $4\write_ok$func$src/hx_safety.v:102$4532.$result[0:0]$4986
   284/546: $4\known$func$src/hx_safety.v:71$4531.id[7:0]$4985
   285/546: $4\known$func$src/hx_safety.v:71$4531.$result[0:0]$4984
   286/546: $4\known$func$src/hx_safety.v:67$4530.id[7:0]$4983
   287/546: $4\known$func$src/hx_safety.v:67$4530.$result[0:0]$4982
   288/546: $4\write_ok$func$src/hx_safety.v:102$4529.motor_axis[1:0]$4981
   289/546: $4\write_ok$func$src/hx_safety.v:102$4529.zero[0:0]$4980
   290/546: $4\write_ok$func$src/hx_safety.v:102$4529.address[7:0]$4979
   291/546: $4\write_ok$func$src/hx_safety.v:102$4529.id[7:0]$4978
   292/546: $4\write_ok$func$src/hx_safety.v:102$4529.arm_mask[2:0]$4977
   293/546: $4\write_ok$func$src/hx_safety.v:102$4529.blocked[0:0]$4976
   294/546: $4\write_ok$func$src/hx_safety.v:102$4529.$result[0:0]$4975
   295/546: $4\sync_word_length$func$src/hx_safety.v:98$4528.length[6:0]$4974
   296/546: $4\sync_word_length$func$src/hx_safety.v:98$4528.$result[0:0]$4973
   297/546: $4\q[31:0]
   298/546: $3\allow_forward[0:0]
   299/546: $3\known$func$src/hx_safety.v:71$4546.id[7:0]$4956
   300/546: $3\known$func$src/hx_safety.v:71$4546.$result[0:0]$4955
   301/546: $3\known$func$src/hx_safety.v:67$4545.id[7:0]$4954
   302/546: $3\known$func$src/hx_safety.v:67$4545.$result[0:0]$4953
   303/546: $3\write_ok$func$src/hx_safety.v:109$4544.motor_axis[1:0]$4952
   304/546: $3\write_ok$func$src/hx_safety.v:109$4544.zero[0:0]$4951
   305/546: $3\write_ok$func$src/hx_safety.v:109$4544.address[7:0]$4950
   306/546: $3\write_ok$func$src/hx_safety.v:109$4544.id[7:0]$4949
   307/546: $3\write_ok$func$src/hx_safety.v:109$4544.arm_mask[2:0]$4948
   308/546: $3\write_ok$func$src/hx_safety.v:109$4544.blocked[0:0]$4947
   309/546: $3\write_ok$func$src/hx_safety.v:109$4544.$result[0:0]$4946
   310/546: $3\known$func$src/hx_safety.v:71$4543.id[7:0]$4945
   311/546: $3\known$func$src/hx_safety.v:71$4543.$result[0:0]$4944
   312/546: $3\known$func$src/hx_safety.v:67$4542.id[7:0]$4943
   313/546: $3\known$func$src/hx_safety.v:67$4542.$result[0:0]$4942
   314/546: $3\write_ok$func$src/hx_safety.v:109$4541.motor_axis[1:0]$4941
   315/546: $3\write_ok$func$src/hx_safety.v:109$4541.zero[0:0]$4940
   316/546: $3\write_ok$func$src/hx_safety.v:109$4541.address[7:0]$4939
   317/546: $3\write_ok$func$src/hx_safety.v:109$4541.id[7:0]$4938
   318/546: $3\write_ok$func$src/hx_safety.v:109$4541.arm_mask[2:0]$4937
   319/546: $3\write_ok$func$src/hx_safety.v:109$4541.blocked[0:0]$4936
   320/546: $3\write_ok$func$src/hx_safety.v:109$4541.$result[0:0]$4935
   321/546: $3\known$func$src/hx_safety.v:71$4540.id[7:0]$4934
   322/546: $3\known$func$src/hx_safety.v:71$4540.$result[0:0]$4933
   323/546: $3\known$func$src/hx_safety.v:67$4539.id[7:0]$4932
   324/546: $3\known$func$src/hx_safety.v:67$4539.$result[0:0]$4931
   325/546: $3\write_ok$func$src/hx_safety.v:109$4538.motor_axis[1:0]$4930
   326/546: $3\write_ok$func$src/hx_safety.v:109$4538.zero[0:0]$4929
   327/546: $3\write_ok$func$src/hx_safety.v:109$4538.address[7:0]$4928
   328/546: $3\write_ok$func$src/hx_safety.v:109$4538.id[7:0]$4927
   329/546: $3\write_ok$func$src/hx_safety.v:109$4538.arm_mask[2:0]$4926
   330/546: $3\write_ok$func$src/hx_safety.v:109$4538.blocked[0:0]$4925
   331/546: $3\write_ok$func$src/hx_safety.v:109$4538.$result[0:0]$4924
   332/546: $3\known$func$src/hx_safety.v:71$4537.id[7:0]$4923
   333/546: $3\known$func$src/hx_safety.v:71$4537.$result[0:0]$4922
   334/546: $3\known$func$src/hx_safety.v:67$4536.id[7:0]$4921
   335/546: $3\known$func$src/hx_safety.v:67$4536.$result[0:0]$4920
   336/546: $3\write_ok$func$src/hx_safety.v:102$4535.motor_axis[1:0]$4919
   337/546: $3\write_ok$func$src/hx_safety.v:102$4535.zero[0:0]$4918
   338/546: $3\write_ok$func$src/hx_safety.v:102$4535.address[7:0]$4917
   339/546: $3\write_ok$func$src/hx_safety.v:102$4535.id[7:0]$4916
   340/546: $3\write_ok$func$src/hx_safety.v:102$4535.arm_mask[2:0]$4915
   341/546: $3\write_ok$func$src/hx_safety.v:102$4535.blocked[0:0]$4914
   342/546: $3\write_ok$func$src/hx_safety.v:102$4535.$result[0:0]$4913
   343/546: $3\known$func$src/hx_safety.v:71$4534.id[7:0]$4912
   344/546: $3\known$func$src/hx_safety.v:71$4534.$result[0:0]$4911
   345/546: $3\known$func$src/hx_safety.v:67$4533.id[7:0]$4910
   346/546: $3\known$func$src/hx_safety.v:67$4533.$result[0:0]$4909
   347/546: $3\write_ok$func$src/hx_safety.v:102$4532.motor_axis[1:0]$4908
   348/546: $3\write_ok$func$src/hx_safety.v:102$4532.zero[0:0]$4907
   349/546: $3\write_ok$func$src/hx_safety.v:102$4532.address[7:0]$4906
   350/546: $3\write_ok$func$src/hx_safety.v:102$4532.id[7:0]$4905
   351/546: $3\write_ok$func$src/hx_safety.v:102$4532.arm_mask[2:0]$4904
   352/546: $3\write_ok$func$src/hx_safety.v:102$4532.blocked[0:0]$4903
   353/546: $3\write_ok$func$src/hx_safety.v:102$4532.$result[0:0]$4902
   354/546: $3\known$func$src/hx_safety.v:71$4531.id[7:0]$4901
   355/546: $3\known$func$src/hx_safety.v:71$4531.$result[0:0]$4900
   356/546: $3\known$func$src/hx_safety.v:67$4530.id[7:0]$4899
   357/546: $3\known$func$src/hx_safety.v:67$4530.$result[0:0]$4898
   358/546: $3\write_ok$func$src/hx_safety.v:102$4529.motor_axis[1:0]$4897
   359/546: $3\write_ok$func$src/hx_safety.v:102$4529.zero[0:0]$4896
   360/546: $3\write_ok$func$src/hx_safety.v:102$4529.address[7:0]$4895
   361/546: $3\write_ok$func$src/hx_safety.v:102$4529.id[7:0]$4894
   362/546: $3\write_ok$func$src/hx_safety.v:102$4529.arm_mask[2:0]$4893
   363/546: $3\write_ok$func$src/hx_safety.v:102$4529.blocked[0:0]$4892
   364/546: $3\write_ok$func$src/hx_safety.v:102$4529.$result[0:0]$4891
   365/546: $3\sync_word_length$func$src/hx_safety.v:98$4528.length[6:0]$4890
   366/546: $3\sync_word_length$func$src/hx_safety.v:98$4528.$result[0:0]$4889
   367/546: $3\known$func$src/hx_safety.v:71$4527.id[7:0]$4888
   368/546: $3\known$func$src/hx_safety.v:71$4527.$result[0:0]$4887
   369/546: $3\known$func$src/hx_safety.v:67$4526.id[7:0]$4886
   370/546: $3\known$func$src/hx_safety.v:67$4526.$result[0:0]$4885
   371/546: $3\write_ok$func$src/hx_safety.v:96$4525.motor_axis[1:0]$4884
   372/546: $3\write_ok$func$src/hx_safety.v:96$4525.one[0:0]$4883
   373/546: $3\write_ok$func$src/hx_safety.v:96$4525.zero[0:0]$4882
   374/546: $3\write_ok$func$src/hx_safety.v:96$4525.width[31:0]$4881
   375/546: $3\write_ok$func$src/hx_safety.v:96$4525.address[7:0]$4880
   376/546: $3\write_ok$func$src/hx_safety.v:96$4525.id[7:0]$4879
   377/546: $3\write_ok$func$src/hx_safety.v:96$4525.arm_mask[2:0]$4878
   378/546: $3\write_ok$func$src/hx_safety.v:96$4525.blocked[0:0]$4877
   379/546: $3\write_ok$func$src/hx_safety.v:96$4525.$result[0:0]$4876
   380/546: $3\q[31:0]
   381/546: $2\allow_forward[0:0]
   382/546: $2\known$func$src/hx_safety.v:71$4546.id[7:0]$4872
   383/546: $2\known$func$src/hx_safety.v:71$4546.$result[0:0]$4871
   384/546: $2\known$func$src/hx_safety.v:67$4545.id[7:0]$4870
   385/546: $2\known$func$src/hx_safety.v:67$4545.$result[0:0]$4869
   386/546: $2\write_ok$func$src/hx_safety.v:109$4544.motor_axis[1:0]$4868
   387/546: $2\write_ok$func$src/hx_safety.v:109$4544.zero[0:0]$4867
   388/546: $2\write_ok$func$src/hx_safety.v:109$4544.address[7:0]$4866
   389/546: $2\write_ok$func$src/hx_safety.v:109$4544.id[7:0]$4865
   390/546: $2\write_ok$func$src/hx_safety.v:109$4544.arm_mask[2:0]$4864
   391/546: $2\write_ok$func$src/hx_safety.v:109$4544.blocked[0:0]$4863
   392/546: $2\write_ok$func$src/hx_safety.v:109$4544.$result[0:0]$4862
   393/546: $2\known$func$src/hx_safety.v:71$4543.id[7:0]$4861
   394/546: $2\known$func$src/hx_safety.v:71$4543.$result[0:0]$4860
   395/546: $2\known$func$src/hx_safety.v:67$4542.id[7:0]$4859
   396/546: $2\known$func$src/hx_safety.v:67$4542.$result[0:0]$4858
   397/546: $2\write_ok$func$src/hx_safety.v:109$4541.motor_axis[1:0]$4857
   398/546: $2\write_ok$func$src/hx_safety.v:109$4541.zero[0:0]$4856
   399/546: $2\write_ok$func$src/hx_safety.v:109$4541.address[7:0]$4855
   400/546: $2\write_ok$func$src/hx_safety.v:109$4541.id[7:0]$4854
   401/546: $2\write_ok$func$src/hx_safety.v:109$4541.arm_mask[2:0]$4853
   402/546: $2\write_ok$func$src/hx_safety.v:109$4541.blocked[0:0]$4852
   403/546: $2\write_ok$func$src/hx_safety.v:109$4541.$result[0:0]$4851
   404/546: $2\known$func$src/hx_safety.v:71$4540.id[7:0]$4850
   405/546: $2\known$func$src/hx_safety.v:71$4540.$result[0:0]$4849
   406/546: $2\known$func$src/hx_safety.v:67$4539.id[7:0]$4848
   407/546: $2\known$func$src/hx_safety.v:67$4539.$result[0:0]$4847
   408/546: $2\write_ok$func$src/hx_safety.v:109$4538.motor_axis[1:0]$4846
   409/546: $2\write_ok$func$src/hx_safety.v:109$4538.zero[0:0]$4845
   410/546: $2\write_ok$func$src/hx_safety.v:109$4538.address[7:0]$4844
   411/546: $2\write_ok$func$src/hx_safety.v:109$4538.id[7:0]$4843
   412/546: $2\write_ok$func$src/hx_safety.v:109$4538.arm_mask[2:0]$4842
   413/546: $2\write_ok$func$src/hx_safety.v:109$4538.blocked[0:0]$4841
   414/546: $2\write_ok$func$src/hx_safety.v:109$4538.$result[0:0]$4840
   415/546: $2\known$func$src/hx_safety.v:71$4537.id[7:0]$4839
   416/546: $2\known$func$src/hx_safety.v:71$4537.$result[0:0]$4838
   417/546: $2\known$func$src/hx_safety.v:67$4536.id[7:0]$4837
   418/546: $2\known$func$src/hx_safety.v:67$4536.$result[0:0]$4836
   419/546: $2\write_ok$func$src/hx_safety.v:102$4535.motor_axis[1:0]$4835
   420/546: $2\write_ok$func$src/hx_safety.v:102$4535.zero[0:0]$4834
   421/546: $2\write_ok$func$src/hx_safety.v:102$4535.address[7:0]$4833
   422/546: $2\write_ok$func$src/hx_safety.v:102$4535.id[7:0]$4832
   423/546: $2\write_ok$func$src/hx_safety.v:102$4535.arm_mask[2:0]$4831
   424/546: $2\write_ok$func$src/hx_safety.v:102$4535.blocked[0:0]$4830
   425/546: $2\write_ok$func$src/hx_safety.v:102$4535.$result[0:0]$4829
   426/546: $2\known$func$src/hx_safety.v:71$4534.id[7:0]$4828
   427/546: $2\known$func$src/hx_safety.v:71$4534.$result[0:0]$4827
   428/546: $2\known$func$src/hx_safety.v:67$4533.id[7:0]$4826
   429/546: $2\known$func$src/hx_safety.v:67$4533.$result[0:0]$4825
   430/546: $2\write_ok$func$src/hx_safety.v:102$4532.motor_axis[1:0]$4824
   431/546: $2\write_ok$func$src/hx_safety.v:102$4532.zero[0:0]$4823
   432/546: $2\write_ok$func$src/hx_safety.v:102$4532.address[7:0]$4822
   433/546: $2\write_ok$func$src/hx_safety.v:102$4532.id[7:0]$4821
   434/546: $2\write_ok$func$src/hx_safety.v:102$4532.arm_mask[2:0]$4820
   435/546: $2\write_ok$func$src/hx_safety.v:102$4532.blocked[0:0]$4819
   436/546: $2\write_ok$func$src/hx_safety.v:102$4532.$result[0:0]$4818
   437/546: $2\known$func$src/hx_safety.v:71$4531.id[7:0]$4817
   438/546: $2\known$func$src/hx_safety.v:71$4531.$result[0:0]$4816
   439/546: $2\known$func$src/hx_safety.v:67$4530.id[7:0]$4815
   440/546: $2\known$func$src/hx_safety.v:67$4530.$result[0:0]$4814
   441/546: $2\write_ok$func$src/hx_safety.v:102$4529.motor_axis[1:0]$4813
   442/546: $2\write_ok$func$src/hx_safety.v:102$4529.zero[0:0]$4812
   443/546: $2\write_ok$func$src/hx_safety.v:102$4529.address[7:0]$4811
   444/546: $2\write_ok$func$src/hx_safety.v:102$4529.id[7:0]$4810
   445/546: $2\write_ok$func$src/hx_safety.v:102$4529.arm_mask[2:0]$4809
   446/546: $2\write_ok$func$src/hx_safety.v:102$4529.blocked[0:0]$4808
   447/546: $2\write_ok$func$src/hx_safety.v:102$4529.$result[0:0]$4807
   448/546: $2\sync_word_length$func$src/hx_safety.v:98$4528.length[6:0]$4806
   449/546: $2\sync_word_length$func$src/hx_safety.v:98$4528.$result[0:0]$4805
   450/546: $2\known$func$src/hx_safety.v:71$4527.id[7:0]$4804
   451/546: $2\known$func$src/hx_safety.v:71$4527.$result[0:0]$4803
   452/546: $2\known$func$src/hx_safety.v:67$4526.id[7:0]$4802
   453/546: $2\known$func$src/hx_safety.v:67$4526.$result[0:0]$4801
   454/546: $2\write_ok$func$src/hx_safety.v:96$4525.motor_axis[1:0]$4800
   455/546: $2\write_ok$func$src/hx_safety.v:96$4525.one[0:0]$4799
   456/546: $2\write_ok$func$src/hx_safety.v:96$4525.zero[0:0]$4798
   457/546: $2\write_ok$func$src/hx_safety.v:96$4525.width[31:0]$4797
   458/546: $2\write_ok$func$src/hx_safety.v:96$4525.address[7:0]$4796
   459/546: $2\write_ok$func$src/hx_safety.v:96$4525.id[7:0]$4795
   460/546: $2\write_ok$func$src/hx_safety.v:96$4525.arm_mask[2:0]$4794
   461/546: $2\write_ok$func$src/hx_safety.v:96$4525.blocked[0:0]$4793
   462/546: $2\write_ok$func$src/hx_safety.v:96$4525.$result[0:0]$4792
   463/546: $2\q[31:0]
   464/546: $1\known$func$src/hx_safety.v:71$4546.id[7:0]$4788
   465/546: $1\known$func$src/hx_safety.v:71$4546.$result[0:0]$4787
   466/546: $1\known$func$src/hx_safety.v:67$4545.id[7:0]$4786
   467/546: $1\known$func$src/hx_safety.v:67$4545.$result[0:0]$4785
   468/546: $1\write_ok$func$src/hx_safety.v:109$4544.motor_axis[1:0]$4784
   469/546: $1\write_ok$func$src/hx_safety.v:109$4544.zero[0:0]$4783
   470/546: $1\write_ok$func$src/hx_safety.v:109$4544.address[7:0]$4782
   471/546: $1\write_ok$func$src/hx_safety.v:109$4544.id[7:0]$4781
   472/546: $1\write_ok$func$src/hx_safety.v:109$4544.arm_mask[2:0]$4780
   473/546: $1\write_ok$func$src/hx_safety.v:109$4544.blocked[0:0]$4779
   474/546: $1\write_ok$func$src/hx_safety.v:109$4544.$result[0:0]$4778
   475/546: $1\known$func$src/hx_safety.v:71$4543.id[7:0]$4777
   476/546: $1\known$func$src/hx_safety.v:71$4543.$result[0:0]$4776
   477/546: $1\known$func$src/hx_safety.v:67$4542.id[7:0]$4775
   478/546: $1\known$func$src/hx_safety.v:67$4542.$result[0:0]$4774
   479/546: $1\write_ok$func$src/hx_safety.v:109$4541.motor_axis[1:0]$4773
   480/546: $1\write_ok$func$src/hx_safety.v:109$4541.zero[0:0]$4772
   481/546: $1\write_ok$func$src/hx_safety.v:109$4541.address[7:0]$4771
   482/546: $1\write_ok$func$src/hx_safety.v:109$4541.id[7:0]$4770
   483/546: $1\write_ok$func$src/hx_safety.v:109$4541.arm_mask[2:0]$4769
   484/546: $1\write_ok$func$src/hx_safety.v:109$4541.blocked[0:0]$4768
   485/546: $1\write_ok$func$src/hx_safety.v:109$4541.$result[0:0]$4767
   486/546: $1\known$func$src/hx_safety.v:71$4540.id[7:0]$4766
   487/546: $1\known$func$src/hx_safety.v:71$4540.$result[0:0]$4765
   488/546: $1\known$func$src/hx_safety.v:67$4539.id[7:0]$4764
   489/546: $1\known$func$src/hx_safety.v:67$4539.$result[0:0]$4763
   490/546: $1\write_ok$func$src/hx_safety.v:109$4538.motor_axis[1:0]$4762
   491/546: $1\write_ok$func$src/hx_safety.v:109$4538.zero[0:0]$4761
   492/546: $1\write_ok$func$src/hx_safety.v:109$4538.address[7:0]$4760
   493/546: $1\write_ok$func$src/hx_safety.v:109$4538.id[7:0]$4759
   494/546: $1\write_ok$func$src/hx_safety.v:109$4538.arm_mask[2:0]$4758
   495/546: $1\write_ok$func$src/hx_safety.v:109$4538.blocked[0:0]$4757
   496/546: $1\write_ok$func$src/hx_safety.v:109$4538.$result[0:0]$4756
   497/546: $1\known$func$src/hx_safety.v:71$4537.id[7:0]$4755
   498/546: $1\known$func$src/hx_safety.v:71$4537.$result[0:0]$4754
   499/546: $1\known$func$src/hx_safety.v:67$4536.id[7:0]$4753
   500/546: $1\known$func$src/hx_safety.v:67$4536.$result[0:0]$4752
   501/546: $1\write_ok$func$src/hx_safety.v:102$4535.motor_axis[1:0]$4751
   502/546: $1\write_ok$func$src/hx_safety.v:102$4535.zero[0:0]$4750
   503/546: $1\write_ok$func$src/hx_safety.v:102$4535.address[7:0]$4749
   504/546: $1\write_ok$func$src/hx_safety.v:102$4535.id[7:0]$4748
   505/546: $1\write_ok$func$src/hx_safety.v:102$4535.arm_mask[2:0]$4747
   506/546: $1\write_ok$func$src/hx_safety.v:102$4535.blocked[0:0]$4746
   507/546: $1\write_ok$func$src/hx_safety.v:102$4535.$result[0:0]$4745
   508/546: $1\known$func$src/hx_safety.v:71$4534.id[7:0]$4744
   509/546: $1\known$func$src/hx_safety.v:71$4534.$result[0:0]$4743
   510/546: $1\known$func$src/hx_safety.v:67$4533.id[7:0]$4742
   511/546: $1\known$func$src/hx_safety.v:67$4533.$result[0:0]$4741
   512/546: $1\write_ok$func$src/hx_safety.v:102$4532.motor_axis[1:0]$4740
   513/546: $1\write_ok$func$src/hx_safety.v:102$4532.zero[0:0]$4739
   514/546: $1\write_ok$func$src/hx_safety.v:102$4532.address[7:0]$4738
   515/546: $1\write_ok$func$src/hx_safety.v:102$4532.id[7:0]$4737
   516/546: $1\write_ok$func$src/hx_safety.v:102$4532.arm_mask[2:0]$4736
   517/546: $1\write_ok$func$src/hx_safety.v:102$4532.blocked[0:0]$4735
   518/546: $1\write_ok$func$src/hx_safety.v:102$4532.$result[0:0]$4734
   519/546: $1\known$func$src/hx_safety.v:71$4531.id[7:0]$4733
   520/546: $1\known$func$src/hx_safety.v:71$4531.$result[0:0]$4732
   521/546: $1\known$func$src/hx_safety.v:67$4530.id[7:0]$4731
   522/546: $1\known$func$src/hx_safety.v:67$4530.$result[0:0]$4730
   523/546: $1\write_ok$func$src/hx_safety.v:102$4529.motor_axis[1:0]$4729
   524/546: $1\write_ok$func$src/hx_safety.v:102$4529.zero[0:0]$4728
   525/546: $1\write_ok$func$src/hx_safety.v:102$4529.address[7:0]$4727
   526/546: $1\write_ok$func$src/hx_safety.v:102$4529.id[7:0]$4726
   527/546: $1\write_ok$func$src/hx_safety.v:102$4529.arm_mask[2:0]$4725
   528/546: $1\write_ok$func$src/hx_safety.v:102$4529.blocked[0:0]$4724
   529/546: $1\write_ok$func$src/hx_safety.v:102$4529.$result[0:0]$4723
   530/546: $1\sync_word_length$func$src/hx_safety.v:98$4528.length[6:0]$4722
   531/546: $1\sync_word_length$func$src/hx_safety.v:98$4528.$result[0:0]$4721
   532/546: $1\known$func$src/hx_safety.v:71$4527.id[7:0]$4720
   533/546: $1\known$func$src/hx_safety.v:71$4527.$result[0:0]$4719
   534/546: $1\known$func$src/hx_safety.v:67$4526.id[7:0]$4718
   535/546: $1\known$func$src/hx_safety.v:67$4526.$result[0:0]$4717
   536/546: $1\write_ok$func$src/hx_safety.v:96$4525.motor_axis[1:0]$4716
   537/546: $1\write_ok$func$src/hx_safety.v:96$4525.one[0:0]$4715
   538/546: $1\write_ok$func$src/hx_safety.v:96$4525.zero[0:0]$4714
   539/546: $1\write_ok$func$src/hx_safety.v:96$4525.width[31:0]$4713
   540/546: $1\write_ok$func$src/hx_safety.v:96$4525.address[7:0]$4712
   541/546: $1\write_ok$func$src/hx_safety.v:96$4525.id[7:0]$4711
   542/546: $1\write_ok$func$src/hx_safety.v:96$4525.arm_mask[2:0]$4710
   543/546: $1\write_ok$func$src/hx_safety.v:96$4525.blocked[0:0]$4709
   544/546: $1\write_ok$func$src/hx_safety.v:96$4525.$result[0:0]$4708
   545/546: $1\q[31:0]
   546/546: $1\allow_forward[0:0]
Creating decoders for process `$paramod\button\DEBOUNCE_CYC=s32'00000000000000001100001101010000.$proc$src/button.v:51$4524'.
Creating decoders for process `$paramod\button\DEBOUNCE_CYC=s32'00000000000000001100001101010000.$proc$src/button.v:37$4523'.
Creating decoders for process `$paramod\button\DEBOUNCE_CYC=s32'00000000000000001100001101010000.$proc$src/button.v:32$4522'.
Creating decoders for process `$paramod\button\DEBOUNCE_CYC=s32'00000000000000001100001101010000.$proc$src/button.v:52$4517'.
     1/1: $0\state_d[0:0]
Creating decoders for process `$paramod\button\DEBOUNCE_CYC=s32'00000000000000001100001101010000.$proc$src/button.v:38$4513'.
     1/2: $0\cnt[15:0]
     2/2: $0\state[0:0]
Creating decoders for process `$paramod\button\DEBOUNCE_CYC=s32'00000000000000001100001101010000.$proc$src/button.v:33$4512'.
     1/1: $0\sync[1:0]
Creating decoders for process `\top.$proc$src/bridge.v:52$3830'.
     1/1: $0\por[3:0]
Creating decoders for process `\top.$proc$src/bridge.v:97$3833'.
     1/1: $0\rx_quiet[15:0]
Creating decoders for process `\top.$proc$src/bridge.v:156$3875'.
     1/34: $3$memwr$\pbuf$src/bridge.v:202$3826_EN[7:0]$3921
     2/34: $3$memwr$\pbuf$src/bridge.v:202$3826_DATA[7:0]$3920
     3/34: $3$memwr$\pbuf$src/bridge.v:202$3826_ADDR[6:0]$3919
     4/34: $4$memwr$\pbuf$src/bridge.v:195$3825_EN[7:0]$3918
     5/34: $3$memwr$\pbuf$src/bridge.v:195$3825_EN[7:0]$3916
     6/34: $3$memwr$\pbuf$src/bridge.v:190$3824_EN[7:0]$3915
     7/34: $2$memwr$\pbuf$src/bridge.v:190$3824_EN[7:0]$3908
     8/34: $2$memwr$\pbuf$src/bridge.v:202$3826_EN[7:0]$3912
     9/34: $2$memwr$\pbuf$src/bridge.v:202$3826_DATA[7:0]$3911
    10/34: $2$memwr$\pbuf$src/bridge.v:202$3826_ADDR[6:0]$3910
    11/34: $2$memwr$\pbuf$src/bridge.v:195$3825_EN[7:0]$3909
    12/34: $3\stop_byte$func$src/bridge.v:180$3822.$result[7:0]$3902
    13/34: $2\stop_byte$func$src/bridge.v:180$3822.$result[7:0]$3900
    14/34: $2\stop_byte$func$src/bridge.v:180$3822.index[4:0]$3901
    15/34: $1$memwr$\pbuf$src/bridge.v:202$3826_EN[7:0]$3889
    16/34: $1$memwr$\pbuf$src/bridge.v:202$3826_DATA[7:0]$3888
    17/34: $1$memwr$\pbuf$src/bridge.v:202$3826_ADDR[6:0]$3887
    18/34: $1$memwr$\pbuf$src/bridge.v:195$3825_EN[7:0]$3886
    19/34: $1$memwr$\pbuf$src/bridge.v:190$3824_EN[7:0]$3885
    20/34: $1\stop_byte$func$src/bridge.v:180$3822.index[4:0]$3884
    21/34: $1\stop_byte$func$src/bridge.v:180$3822.$result[7:0]$3883
    22/34: $0\stop_accepted[0:0]
    23/34: $0\s_tx_start[0:0]
    24/34: $0\guard[6:0]
    25/34: $0\reply_wait[16:0]
    26/34: $0\stop_gap[16:0]
    27/34: $0\stop_index[4:0]
    28/34: $0\stop_active[0:0]
    29/34: $0\s_tx_data[7:0]
    30/34: $0\packet_checksum[7:0]
    31/34: $0\pidx[6:0]
    32/34: $0\ptot[6:0]
    33/34: $0\pcnt[6:0]
    34/34: $0\cstate[2:0]
Creating decoders for process `\top.$proc$src/bridge.v:258$3962'.
Creating decoders for process `\top.$proc$src/bridge.v:272$3976'.
     1/49: $4$mem2reg_rd$\local_buf$src/bridge.v:291$3823_DATA[7:0]$4009
     2/49: $3$memwr$\fifo$src/bridge.v:291$3828_EN[7:0]$4008
     3/49: $3$memwr$\fifo$src/bridge.v:291$3828_DATA[7:0]$4007
     4/49: $3$memwr$\fifo$src/bridge.v:291$3828_ADDR[7:0]$4006
     5/49: $3$mem2reg_rd$\local_buf$src/bridge.v:291$3823_DATA[7:0]$4005
     6/49: $3$mem2reg_rd$\local_buf$src/bridge.v:291$3823_ADDR[4:0]$4004
     7/49: $2$memwr$\fifo$src/bridge.v:288$3827_EN[7:0]$3999
     8/49: $2$memwr$\fifo$src/bridge.v:288$3827_DATA[7:0]$3998
     9/49: $2$memwr$\fifo$src/bridge.v:288$3827_ADDR[7:0]$3997
    10/49: $2$memwr$\fifo$src/bridge.v:291$3828_EN[7:0]$4002
    11/49: $2$memwr$\fifo$src/bridge.v:291$3828_DATA[7:0]$4001
    12/49: $2$memwr$\fifo$src/bridge.v:291$3828_ADDR[7:0]$4000
    13/49: $2$mem2reg_rd$\local_buf$src/bridge.v:291$3823_DATA[7:0]$3996
    14/49: $2$mem2reg_rd$\local_buf$src/bridge.v:291$3823_ADDR[4:0]$3995
    15/49: $2\li[31:0]
    16/49: $1$memwr$\fifo$src/bridge.v:291$3828_EN[7:0]$3992
    17/49: $1$memwr$\fifo$src/bridge.v:291$3828_DATA[7:0]$3991
    18/49: $1$memwr$\fifo$src/bridge.v:291$3828_ADDR[7:0]$3990
    19/49: $1$memwr$\fifo$src/bridge.v:288$3827_EN[7:0]$3989
    20/49: $1$memwr$\fifo$src/bridge.v:288$3827_DATA[7:0]$3988
    21/49: $1$memwr$\fifo$src/bridge.v:288$3827_ADDR[7:0]$3987
    22/49: $1$mem2reg_rd$\local_buf$src/bridge.v:291$3823_DATA[7:0]$3986
    23/49: $1$mem2reg_rd$\local_buf$src/bridge.v:291$3823_ADDR[4:0]$3985
    24/49: $1\li[31:0]
    25/49: $0\h_tx_start[0:0]
    26/49: $0\local_buf[18][7:0]
    27/49: $0\local_buf[17][7:0]
    28/49: $0\local_buf[16][7:0]
    29/49: $0\local_buf[15][7:0]
    30/49: $0\local_buf[14][7:0]
    31/49: $0\local_buf[13][7:0]
    32/49: $0\local_buf[12][7:0]
    33/49: $0\local_buf[11][7:0]
    34/49: $0\local_buf[10][7:0]
    35/49: $0\local_buf[9][7:0]
    36/49: $0\local_buf[8][7:0]
    37/49: $0\local_buf[7][7:0]
    38/49: $0\local_buf[6][7:0]
    39/49: $0\local_buf[5][7:0]
    40/49: $0\local_buf[4][7:0]
    41/49: $0\local_buf[3][7:0]
    42/49: $0\local_buf[2][7:0]
    43/49: $0\local_buf[1][7:0]
    44/49: $0\local_buf[0][7:0]
    45/49: $0\h_tx_data[7:0]
    46/49: $0\local_index[4:0]
    47/49: $0\local_pending[0:0]
    48/49: $0\rptr[7:0]
    49/49: $0\wptr[7:0]
Creating decoders for process `\top.$proc$src/bridge.v:305$4020'.
     1/1: $0\act[19:0]
Creating decoders for process `\top.$proc$src/bridge.v:311$4025'.
Creating decoders for process `\top.$proc$src/bridge.v:50$4091'.
Creating decoders for process `\top.$proc$src/bridge.v:68$4092'.
Creating decoders for process `\top.$proc$src/bridge.v:70$4093'.
Creating decoders for process `\top.$proc$src/bridge.v:71$4094'.
Creating decoders for process `\top.$proc$src/bridge.v:72$4095'.
Creating decoders for process `\top.$proc$src/bridge.v:73$4096'.
Creating decoders for process `\top.$proc$src/bridge.v:90$4097'.
Creating decoders for process `\top.$proc$src/bridge.v:91$4098'.
Creating decoders for process `\top.$proc$src/bridge.v:92$4099'.
Creating decoders for process `\top.$proc$src/bridge.v:94$4100'.
Creating decoders for process `\top.$proc$src/bridge.v:95$4101'.
Creating decoders for process `\top.$proc$src/bridge.v:96$4102'.
Creating decoders for process `\top.$proc$src/bridge.v:153$4103'.
Creating decoders for process `\top.$proc$src/bridge.v:249$4104'.
Creating decoders for process `\top.$proc$src/bridge.v:249$4105'.
Creating decoders for process `\top.$proc$src/bridge.v:252$4106'.
Creating decoders for process `\top.$proc$src/bridge.v:255$4107'.
Creating decoders for process `\top.$proc$src/bridge.v:304$4108'.
Creating decoders for process `\top.$proc$src/bridge.v:310$4109'.
Creating decoders for process `$paramod\uart_tx\CLKS_PER_BIT=s32'00000000000000000000000110110010.$proc$src/uart_tx.v:38$4511'.
Creating decoders for process `$paramod\uart_tx\CLKS_PER_BIT=s32'00000000000000000000000110110010.$proc$src/uart_tx.v:37$4510'.
Creating decoders for process `$paramod\uart_tx\CLKS_PER_BIT=s32'00000000000000000000000110110010.$proc$src/uart_tx.v:36$4509'.
Creating decoders for process `$paramod\uart_tx\CLKS_PER_BIT=s32'00000000000000000000000110110010.$proc$src/uart_tx.v:35$4508'.
Creating decoders for process `$paramod\uart_tx\CLKS_PER_BIT=s32'00000000000000000000000110110010.$proc$src/uart_tx.v:45$4502'.
     1/5: $0\tick[8:0]
     2/5: $0\tx[0:0]
     3/5: $0\shifter[7:0]
     4/5: $0\bit_idx[2:0]
     5/5: $0\state[1:0]
Creating decoders for process `$paramod\uart_rx\CLKS_PER_BIT=s32'00000000000000000000000000110010.$proc$src/uart_rx.v:47$4498'.
Creating decoders for process `$paramod\uart_rx\CLKS_PER_BIT=s32'00000000000000000000000000110010.$proc$src/uart_rx.v:46$4497'.
Creating decoders for process `$paramod\uart_rx\CLKS_PER_BIT=s32'00000000000000000000000000110010.$proc$src/uart_rx.v:45$4496'.
Creating decoders for process `$paramod\uart_rx\CLKS_PER_BIT=s32'00000000000000000000000000110010.$proc$src/uart_rx.v:44$4495'.
Creating decoders for process `$paramod\uart_rx\CLKS_PER_BIT=s32'00000000000000000000000000110010.$proc$src/uart_rx.v:37$4494'.
Creating decoders for process `$paramod\uart_rx\CLKS_PER_BIT=s32'00000000000000000000000000110010.$proc$src/uart_rx.v:49$4481'.
     1/6: $0\tick[5:0]
     2/6: $0\valid[0:0]
     3/6: $0\shifter[7:0]
     4/6: $0\bit_idx[2:0]
     5/6: $0\state[1:0]
     6/6: $0\data[7:0]
Creating decoders for process `$paramod\uart_rx\CLKS_PER_BIT=s32'00000000000000000000000000110010.$proc$src/uart_rx.v:38$4480'.
     1/1: $0\sync[1:0]

7.4.8. Executing PROC_DLATCH pass (convert process syncs to latches).
No latch inferred for signal `$paramod$b0ffb6208ded24bc31d92cae199041e2e8adce89\hx_safety.\trip_reason' from process `$paramod$b0ffb6208ded24bc31d92cae199041e2e8adce89\hx_safety.$proc$src/hx_safety.v:188$5589'.
No latch inferred for signal `$paramod$b0ffb6208ded24bc31d92cae199041e2e8adce89\hx_safety.\trip_id' from process `$paramod$b0ffb6208ded24bc31d92cae199041e2e8adce89\hx_safety.$proc$src/hx_safety.v:188$5589'.
No latch inferred for signal `$paramod$b0ffb6208ded24bc31d92cae199041e2e8adce89\hx_safety.\fresh' from process `$paramod$b0ffb6208ded24bc31d92cae199041e2e8adce89\hx_safety.$proc$src/hx_safety.v:188$5589'.
No latch inferred for signal `$paramod$b0ffb6208ded24bc31d92cae199041e2e8adce89\hx_safety.\n' from process `$paramod$b0ffb6208ded24bc31d92cae199041e2e8adce89\hx_safety.$proc$src/hx_safety.v:188$5589'.
No latch inferred for signal `$paramod$b0ffb6208ded24bc31d92cae199041e2e8adce89\hx_safety.\allow_forward' from process `$paramod$b0ffb6208ded24bc31d92cae199041e2e8adce89\hx_safety.$proc$src/hx_safety.v:90$4622'.
Warning: Latch inferred for signal `$paramod$b0ffb6208ded24bc31d92cae199041e2e8adce89\hx_safety.\q [0]' from process `$paramod$b0ffb6208ded24bc31d92cae199041e2e8adce89\hx_safety.$proc$src/hx_safety.v:90$4622': $auto$proc_dlatch.cc:547:proc_dlatch$18153
Warning: Latch inferred for signal `$paramod$b0ffb6208ded24bc31d92cae199041e2e8adce89\hx_safety.\q [1]' from process `$paramod$b0ffb6208ded24bc31d92cae199041e2e8adce89\hx_safety.$proc$src/hx_safety.v:90$4622': $auto$proc_dlatch.cc:543:proc_dlatch$18220
Warning: Latch inferred for signal `$paramod$b0ffb6208ded24bc31d92cae199041e2e8adce89\hx_safety.\q [4:2]' from process `$paramod$b0ffb6208ded24bc31d92cae199041e2e8adce89\hx_safety.$proc$src/hx_safety.v:90$4622': $auto$proc_dlatch.cc:547:proc_dlatch$18381
Warning: Latch inferred for signal `$paramod$b0ffb6208ded24bc31d92cae199041e2e8adce89\hx_safety.\q [31:5]' from process `$paramod$b0ffb6208ded24bc31d92cae199041e2e8adce89\hx_safety.$proc$src/hx_safety.v:90$4622': $auto$proc_dlatch.cc:543:proc_dlatch$18384
No latch inferred for signal `\top.\local_sum' from process `\top.$proc$src/bridge.v:258$3962'.
No latch inferred for signal `\top.\si' from process `\top.$proc$src/bridge.v:258$3962'.

7.4.9. Executing PROC_DFF pass (convert process syncs to FFs).
Creating register for signal `$paramod\uart_tx\CLKS_PER_BIT=s32'00000000000000000000000000110010.\tx' using process `$paramod\uart_tx\CLKS_PER_BIT=s32'00000000000000000000000000110010.$proc$src/uart_tx.v:45$4470'.
  created $dff cell `$procdff$18385' with positive edge clock.
Creating register for signal `$paramod\uart_tx\CLKS_PER_BIT=s32'00000000000000000000000000110010.\state' using process `$paramod\uart_tx\CLKS_PER_BIT=s32'00000000000000000000000000110010.$proc$src/uart_tx.v:45$4470'.
  created $dff cell `$procdff$18386' with positive edge clock.
Creating register for signal `$paramod\uart_tx\CLKS_PER_BIT=s32'00000000000000000000000000110010.\tick' using process `$paramod\uart_tx\CLKS_PER_BIT=s32'00000000000000000000000000110010.$proc$src/uart_tx.v:45$4470'.
  created $dff cell `$procdff$18387' with positive edge clock.
Creating register for signal `$paramod\uart_tx\CLKS_PER_BIT=s32'00000000000000000000000000110010.\bit_idx' using process `$paramod\uart_tx\CLKS_PER_BIT=s32'00000000000000000000000000110010.$proc$src/uart_tx.v:45$4470'.
  created $dff cell `$procdff$18388' with positive edge clock.
Creating register for signal `$paramod\uart_tx\CLKS_PER_BIT=s32'00000000000000000000000000110010.\shifter' using process `$paramod\uart_tx\CLKS_PER_BIT=s32'00000000000000000000000000110010.$proc$src/uart_tx.v:45$4470'.
  created $dff cell `$procdff$18389' with positive edge clock.
Creating register for signal `$paramod\uart_rx\CLKS_PER_BIT=s32'00000000000000000000000110110010.\data' using process `$paramod\uart_rx\CLKS_PER_BIT=s32'00000000000000000000000110110010.$proc$src/uart_rx.v:49$4449'.
  created $dff cell `$procdff$18390' with positive edge clock.
Creating register for signal `$paramod\uart_rx\CLKS_PER_BIT=s32'00000000000000000000000110110010.\state' using process `$paramod\uart_rx\CLKS_PER_BIT=s32'00000000000000000000000110110010.$proc$src/uart_rx.v:49$4449'.
  created $dff cell `$procdff$18391' with positive edge clock.
Creating register for signal `$paramod\uart_rx\CLKS_PER_BIT=s32'00000000000000000000000110110010.\tick' using process `$paramod\uart_rx\CLKS_PER_BIT=s32'00000000000000000000000110110010.$proc$src/uart_rx.v:49$4449'.
  created $dff cell `$procdff$18392' with positive edge clock.
Creating register for signal `$paramod\uart_rx\CLKS_PER_BIT=s32'00000000000000000000000110110010.\bit_idx' using process `$paramod\uart_rx\CLKS_PER_BIT=s32'00000000000000000000000110110010.$proc$src/uart_rx.v:49$4449'.
  created $dff cell `$procdff$18393' with positive edge clock.
Creating register for signal `$paramod\uart_rx\CLKS_PER_BIT=s32'00000000000000000000000110110010.\shifter' using process `$paramod\uart_rx\CLKS_PER_BIT=s32'00000000000000000000000110110010.$proc$src/uart_rx.v:49$4449'.
  created $dff cell `$procdff$18394' with positive edge clock.
Creating register for signal `$paramod\uart_rx\CLKS_PER_BIT=s32'00000000000000000000000110110010.\valid' using process `$paramod\uart_rx\CLKS_PER_BIT=s32'00000000000000000000000110110010.$proc$src/uart_rx.v:49$4449'.
  created $dff cell `$procdff$18395' with positive edge clock.
Creating register for signal `$paramod\uart_rx\CLKS_PER_BIT=s32'00000000000000000000000110110010.\sync' using process `$paramod\uart_rx\CLKS_PER_BIT=s32'00000000000000000000000110110010.$proc$src/uart_rx.v:38$4448'.
  created $dff cell `$procdff$18396' with positive edge clock.
Creating register for signal `$paramod$b0ffb6208ded24bc31d92cae199041e2e8adce89\hx_safety.\i' using process `$paramod$b0ffb6208ded24bc31d92cae199041e2e8adce89\hx_safety.$proc$src/hx_safety.v:208$5660'.
  created $dff cell `$procdff$18397' with positive edge clock.
Creating register for signal `$paramod$b0ffb6208ded24bc31d92cae199041e2e8adce89\hx_safety.\positions' using process `$paramod$b0ffb6208ded24bc31d92cae199041e2e8adce89\hx_safety.$proc$src/hx_safety.v:208$5660'.
  created $dff cell `$procdff$18398' with positive edge clock.
Creating register for signal `$paramod$b0ffb6208ded24bc31d92cae199041e2e8adce89\hx_safety.\sample_sequences' using process `$paramod$b0ffb6208ded24bc31d92cae199041e2e8adce89\hx_safety.$proc$src/hx_safety.v:208$5660'.
  created $dff cell `$procdff$18399' with positive edge clock.
Creating register for signal `$paramod$b0ffb6208ded24bc31d92cae199041e2e8adce89\hx_safety.\latched' using process `$paramod$b0ffb6208ded24bc31d92cae199041e2e8adce89\hx_safety.$proc$src/hx_safety.v:208$5660'.
  created $dff cell `$procdff$18400' with positive edge clock.
Creating register for signal `$paramod$b0ffb6208ded24bc31d92cae199041e2e8adce89\hx_safety.\reason' using process `$paramod$b0ffb6208ded24bc31d92cae199041e2e8adce89\hx_safety.$proc$src/hx_safety.v:208$5660'.
  created $dff cell `$procdff$18401' with positive edge clock.
Creating register for signal `$paramod$b0ffb6208ded24bc31d92cae199041e2e8adce89\hx_safety.\fault_id' using process `$paramod$b0ffb6208ded24bc31d92cae199041e2e8adce89\hx_safety.$proc$src/hx_safety.v:208$5660'.
  created $dff cell `$procdff$18402' with positive edge clock.
Creating register for signal `$paramod$b0ffb6208ded24bc31d92cae199041e2e8adce89\hx_safety.\armed' using process `$paramod$b0ffb6208ded24bc31d92cae199041e2e8adce89\hx_safety.$proc$src/hx_safety.v:208$5660'.
  created $dff cell `$procdff$18403' with positive edge clock.
Creating register for signal `$paramod$b0ffb6208ded24bc31d92cae199041e2e8adce89\hx_safety.\seen' using process `$paramod$b0ffb6208ded24bc31d92cae199041e2e8adce89\hx_safety.$proc$src/hx_safety.v:208$5660'.
  created $dff cell `$procdff$18404' with positive edge clock.
Creating register for signal `$paramod$b0ffb6208ded24bc31d92cae199041e2e8adce89\hx_safety.\healthy' using process `$paramod$b0ffb6208ded24bc31d92cae199041e2e8adce89\hx_safety.$proc$src/hx_safety.v:208$5660'.
  created $dff cell `$procdff$18405' with positive edge clock.
Creating register for signal `$paramod$b0ffb6208ded24bc31d92cae199041e2e8adce89\hx_safety.\expected' using process `$paramod$b0ffb6208ded24bc31d92cae199041e2e8adce89\hx_safety.$proc$src/hx_safety.v:208$5660'.
  created $dff cell `$procdff$18406' with positive edge clock.
Creating register for signal `$paramod$b0ffb6208ded24bc31d92cae199041e2e8adce89\hx_safety.\expected_off' using process `$paramod$b0ffb6208ded24bc31d92cae199041e2e8adce89\hx_safety.$proc$src/hx_safety.v:208$5660'.
  created $dff cell `$procdff$18407' with positive edge clock.
Creating register for signal `$paramod$b0ffb6208ded24bc31d92cae199041e2e8adce89\hx_safety.\stop_age' using process `$paramod$b0ffb6208ded24bc31d92cae199041e2e8adce89\hx_safety.$proc$src/hx_safety.v:208$5660'.
  created $dff cell `$procdff$18408' with positive edge clock.
Creating register for signal `$paramod$b0ffb6208ded24bc31d92cae199041e2e8adce89\hx_safety.\window_valid' using process `$paramod$b0ffb6208ded24bc31d92cae199041e2e8adce89\hx_safety.$proc$src/hx_safety.v:208$5660'.
  created $dff cell `$procdff$18409' with positive edge clock.
Creating register for signal `$paramod$b0ffb6208ded24bc31d92cae199041e2e8adce89\hx_safety.\known$func$src/hx_safety.v:225$4550.$result' using process `$paramod$b0ffb6208ded24bc31d92cae199041e2e8adce89\hx_safety.$proc$src/hx_safety.v:208$5660'.
  created $dff cell `$procdff$18410' with positive edge clock.
Creating register for signal `$paramod$b0ffb6208ded24bc31d92cae199041e2e8adce89\hx_safety.\known$func$src/hx_safety.v:225$4550.id' using process `$paramod$b0ffb6208ded24bc31d92cae199041e2e8adce89\hx_safety.$proc$src/hx_safety.v:208$5660'.
  created $dff cell `$procdff$18411' with positive edge clock.
Creating register for signal `$paramod$b0ffb6208ded24bc31d92cae199041e2e8adce89\hx_safety.$bitselwrite$pos$src/hx_safety.v:226$4551' using process `$paramod$b0ffb6208ded24bc31d92cae199041e2e8adce89\hx_safety.$proc$src/hx_safety.v:208$5660'.
  created $dff cell `$procdff$18412' with positive edge clock.
Creating register for signal `$paramod$b0ffb6208ded24bc31d92cae199041e2e8adce89\hx_safety.$bitselwrite$pos$src/hx_safety.v:227$4552' using process `$paramod$b0ffb6208ded24bc31d92cae199041e2e8adce89\hx_safety.$proc$src/hx_safety.v:208$5660'.
  created $dff cell `$procdff$18413' with positive edge clock.
Creating register for signal `$paramod$b0ffb6208ded24bc31d92cae199041e2e8adce89\hx_safety.$bitselwrite$pos$src/hx_safety.v:231$4553' using process `$paramod$b0ffb6208ded24bc31d92cae199041e2e8adce89\hx_safety.$proc$src/hx_safety.v:208$5660'.
  created $dff cell `$procdff$18414' with positive edge clock.
Creating register for signal `$paramod$b0ffb6208ded24bc31d92cae199041e2e8adce89\hx_safety.$bitselwrite$pos$src/hx_safety.v:232$4554' using process `$paramod$b0ffb6208ded24bc31d92cae199041e2e8adce89\hx_safety.$proc$src/hx_safety.v:208$5660'.
  created $dff cell `$procdff$18415' with positive edge clock.
Creating register for signal `$paramod$b0ffb6208ded24bc31d92cae199041e2e8adce89\hx_safety.$bitselwrite$pos$src/hx_safety.v:235$4555' using process `$paramod$b0ffb6208ded24bc31d92cae199041e2e8adce89\hx_safety.$proc$src/hx_safety.v:208$5660'.
  created $dff cell `$procdff$18416' with positive edge clock.
Creating register for signal `$paramod$b0ffb6208ded24bc31d92cae199041e2e8adce89\hx_safety.$bitselwrite$pos$src/hx_safety.v:236$4556' using process `$paramod$b0ffb6208ded24bc31d92cae199041e2e8adce89\hx_safety.$proc$src/hx_safety.v:208$5660'.
  created $dff cell `$procdff$18417' with positive edge clock.
Creating register for signal `$paramod$b0ffb6208ded24bc31d92cae199041e2e8adce89\hx_safety.$bitselwrite$pos$src/hx_safety.v:237$4557' using process `$paramod$b0ffb6208ded24bc31d92cae199041e2e8adce89\hx_safety.$proc$src/hx_safety.v:208$5660'.
  created $dff cell `$procdff$18418' with positive edge clock.
Creating register for signal `$paramod$b0ffb6208ded24bc31d92cae199041e2e8adce89\hx_safety.$bitselwrite$pos$src/hx_safety.v:238$4558' using process `$paramod$b0ffb6208ded24bc31d92cae199041e2e8adce89\hx_safety.$proc$src/hx_safety.v:208$5660'.
  created $dff cell `$procdff$18419' with positive edge clock.
Creating register for signal `$paramod$b0ffb6208ded24bc31d92cae199041e2e8adce89\hx_safety.$bitselwrite$pos$src/hx_safety.v:245$4559' using process `$paramod$b0ffb6208ded24bc31d92cae199041e2e8adce89\hx_safety.$proc$src/hx_safety.v:208$5660'.
  created $dff cell `$procdff$18420' with positive edge clock.
Creating register for signal `$paramod$b0ffb6208ded24bc31d92cae199041e2e8adce89\hx_safety.\known$func$src/hx_safety.v:252$4560.$result' using process `$paramod$b0ffb6208ded24bc31d92cae199041e2e8adce89\hx_safety.$proc$src/hx_safety.v:208$5660'.
  created $dff cell `$procdff$18421' with positive edge clock.
Creating register for signal `$paramod$b0ffb6208ded24bc31d92cae199041e2e8adce89\hx_safety.\known$func$src/hx_safety.v:252$4560.id' using process `$paramod$b0ffb6208ded24bc31d92cae199041e2e8adce89\hx_safety.$proc$src/hx_safety.v:208$5660'.
  created $dff cell `$procdff$18422' with positive edge clock.
Creating register for signal `$paramod$b0ffb6208ded24bc31d92cae199041e2e8adce89\hx_safety.$bitselwrite$pos$src/hx_safety.v:257$4561' using process `$paramod$b0ffb6208ded24bc31d92cae199041e2e8adce89\hx_safety.$proc$src/hx_safety.v:208$5660'.
  created $dff cell `$procdff$18423' with positive edge clock.
Creating register for signal `$paramod$b0ffb6208ded24bc31d92cae199041e2e8adce89\hx_safety.$bitselwrite$pos$src/hx_safety.v:258$4562' using process `$paramod$b0ffb6208ded24bc31d92cae199041e2e8adce89\hx_safety.$proc$src/hx_safety.v:208$5660'.
  created $dff cell `$procdff$18424' with positive edge clock.
Creating register for signal `$paramod$b0ffb6208ded24bc31d92cae199041e2e8adce89\hx_safety.\known$func$src/hx_safety.v:261$4563.$result' using process `$paramod$b0ffb6208ded24bc31d92cae199041e2e8adce89\hx_safety.$proc$src/hx_safety.v:208$5660'.
  created $dff cell `$procdff$18425' with positive edge clock.
Creating register for signal `$paramod$b0ffb6208ded24bc31d92cae199041e2e8adce89\hx_safety.\known$func$src/hx_safety.v:261$4563.id' using process `$paramod$b0ffb6208ded24bc31d92cae199041e2e8adce89\hx_safety.$proc$src/hx_safety.v:208$5660'.
  created $dff cell `$procdff$18426' with positive edge clock.
Creating register for signal `$paramod$b0ffb6208ded24bc31d92cae199041e2e8adce89\hx_safety.$bitselwrite$pos$src/hx_safety.v:266$4564' using process `$paramod$b0ffb6208ded24bc31d92cae199041e2e8adce89\hx_safety.$proc$src/hx_safety.v:208$5660'.
  created $dff cell `$procdff$18427' with positive edge clock.
Creating register for signal `$paramod$b0ffb6208ded24bc31d92cae199041e2e8adce89\hx_safety.\known$func$src/hx_safety.v:268$4565.$result' using process `$paramod$b0ffb6208ded24bc31d92cae199041e2e8adce89\hx_safety.$proc$src/hx_safety.v:208$5660'.
  created $dff cell `$procdff$18428' with positive edge clock.
Creating register for signal `$paramod$b0ffb6208ded24bc31d92cae199041e2e8adce89\hx_safety.\known$func$src/hx_safety.v:268$4565.id' using process `$paramod$b0ffb6208ded24bc31d92cae199041e2e8adce89\hx_safety.$proc$src/hx_safety.v:208$5660'.
  created $dff cell `$procdff$18429' with positive edge clock.
Creating register for signal `$paramod$b0ffb6208ded24bc31d92cae199041e2e8adce89\hx_safety.\known$func$src/hx_safety.v:274$4566.$result' using process `$paramod$b0ffb6208ded24bc31d92cae199041e2e8adce89\hx_safety.$proc$src/hx_safety.v:208$5660'.
  created $dff cell `$procdff$18430' with positive edge clock.
Creating register for signal `$paramod$b0ffb6208ded24bc31d92cae199041e2e8adce89\hx_safety.\known$func$src/hx_safety.v:274$4566.id' using process `$paramod$b0ffb6208ded24bc31d92cae199041e2e8adce89\hx_safety.$proc$src/hx_safety.v:208$5660'.
  created $dff cell `$procdff$18431' with positive edge clock.
Creating register for signal `$paramod$b0ffb6208ded24bc31d92cae199041e2e8adce89\hx_safety.$bitselwrite$pos$src/hx_safety.v:275$4567' using process `$paramod$b0ffb6208ded24bc31d92cae199041e2e8adce89\hx_safety.$proc$src/hx_safety.v:208$5660'.
  created $dff cell `$procdff$18432' with positive edge clock.
Creating register for signal `$paramod$b0ffb6208ded24bc31d92cae199041e2e8adce89\hx_safety.$memwr$\feedback_age$src/hx_safety.v:213$4569_EN' using process `$paramod$b0ffb6208ded24bc31d92cae199041e2e8adce89\hx_safety.$proc$src/hx_safety.v:208$5660'.
  created $dff cell `$procdff$18433' with positive edge clock.
Creating register for signal `$paramod$b0ffb6208ded24bc31d92cae199041e2e8adce89\hx_safety.$memwr$\command_age$src/hx_safety.v:213$4570_EN' using process `$paramod$b0ffb6208ded24bc31d92cae199041e2e8adce89\hx_safety.$proc$src/hx_safety.v:208$5660'.
  created $dff cell `$procdff$18434' with positive edge clock.
Creating register for signal `$paramod$b0ffb6208ded24bc31d92cae199041e2e8adce89\hx_safety.$memwr$\sample_reason$src/hx_safety.v:213$4571_EN' using process `$paramod$b0ffb6208ded24bc31d92cae199041e2e8adce89\hx_safety.$proc$src/hx_safety.v:208$5660'.
  created $dff cell `$procdff$18435' with positive edge clock.
Creating register for signal `$paramod$b0ffb6208ded24bc31d92cae199041e2e8adce89\hx_safety.$memwr$\feedback_age$src/hx_safety.v:213$4572_EN' using process `$paramod$b0ffb6208ded24bc31d92cae199041e2e8adce89\hx_safety.$proc$src/hx_safety.v:208$5660'.
  created $dff cell `$procdff$18436' with positive edge clock.
Creating register for signal `$paramod$b0ffb6208ded24bc31d92cae199041e2e8adce89\hx_safety.$memwr$\command_age$src/hx_safety.v:213$4573_EN' using process `$paramod$b0ffb6208ded24bc31d92cae199041e2e8adce89\hx_safety.$proc$src/hx_safety.v:208$5660'.
  created $dff cell `$procdff$18437' with positive edge clock.
Creating register for signal `$paramod$b0ffb6208ded24bc31d92cae199041e2e8adce89\hx_safety.$memwr$\sample_reason$src/hx_safety.v:213$4574_EN' using process `$paramod$b0ffb6208ded24bc31d92cae199041e2e8adce89\hx_safety.$proc$src/hx_safety.v:208$5660'.
  created $dff cell `$procdff$18438' with positive edge clock.
Creating register for signal `$paramod$b0ffb6208ded24bc31d92cae199041e2e8adce89\hx_safety.$memwr$\feedback_age$src/hx_safety.v:213$4575_EN' using process `$paramod$b0ffb6208ded24bc31d92cae199041e2e8adce89\hx_safety.$proc$src/hx_safety.v:208$5660'.
  created $dff cell `$procdff$18439' with positive edge clock.
Creating register for signal `$paramod$b0ffb6208ded24bc31d92cae199041e2e8adce89\hx_safety.$memwr$\command_age$src/hx_safety.v:213$4576_EN' using process `$paramod$b0ffb6208ded24bc31d92cae199041e2e8adce89\hx_safety.$proc$src/hx_safety.v:208$5660'.
  created $dff cell `$procdff$18440' with positive edge clock.
Creating register for signal `$paramod$b0ffb6208ded24bc31d92cae199041e2e8adce89\hx_safety.$memwr$\sample_reason$src/hx_safety.v:213$4577_EN' using process `$paramod$b0ffb6208ded24bc31d92cae199041e2e8adce89\hx_safety.$proc$src/hx_safety.v:208$5660'.
  created $dff cell `$procdff$18441' with positive edge clock.
Creating register for signal `$paramod$b0ffb6208ded24bc31d92cae199041e2e8adce89\hx_safety.$memwr$\feedback_age$src/hx_safety.v:219$4578_DATA' using process `$paramod$b0ffb6208ded24bc31d92cae199041e2e8adce89\hx_safety.$proc$src/hx_safety.v:208$5660'.
  created $dff cell `$procdff$18442' with positive edge clock.
Creating register for signal `$paramod$b0ffb6208ded24bc31d92cae199041e2e8adce89\hx_safety.$memwr$\feedback_age$src/hx_safety.v:219$4578_EN' using process `$paramod$b0ffb6208ded24bc31d92cae199041e2e8adce89\hx_safety.$proc$src/hx_safety.v:208$5660'.
  created $dff cell `$procdff$18443' with positive edge clock.
Creating register for signal `$paramod$b0ffb6208ded24bc31d92cae199041e2e8adce89\hx_safety.$memwr$\command_age$src/hx_safety.v:220$4579_DATA' using process `$paramod$b0ffb6208ded24bc31d92cae199041e2e8adce89\hx_safety.$proc$src/hx_safety.v:208$5660'.
  created $dff cell `$procdff$18444' with positive edge clock.
Creating register for signal `$paramod$b0ffb6208ded24bc31d92cae199041e2e8adce89\hx_safety.$memwr$\command_age$src/hx_safety.v:220$4579_EN' using process `$paramod$b0ffb6208ded24bc31d92cae199041e2e8adce89\hx_safety.$proc$src/hx_safety.v:208$5660'.
  created $dff cell `$procdff$18445' with positive edge clock.
Creating register for signal `$paramod$b0ffb6208ded24bc31d92cae199041e2e8adce89\hx_safety.$memwr$\feedback_age$src/hx_safety.v:219$4580_DATA' using process `$paramod$b0ffb6208ded24bc31d92cae199041e2e8adce89\hx_safety.$proc$src/hx_safety.v:208$5660'.
  created $dff cell `$procdff$18446' with positive edge clock.
Creating register for signal `$paramod$b0ffb6208ded24bc31d92cae199041e2e8adce89\hx_safety.$memwr$\feedback_age$src/hx_safety.v:219$4580_EN' using process `$paramod$b0ffb6208ded24bc31d92cae199041e2e8adce89\hx_safety.$proc$src/hx_safety.v:208$5660'.
  created $dff cell `$procdff$18447' with positive edge clock.
Creating register for signal `$paramod$b0ffb6208ded24bc31d92cae199041e2e8adce89\hx_safety.$memwr$\command_age$src/hx_safety.v:220$4581_DATA' using process `$paramod$b0ffb6208ded24bc31d92cae199041e2e8adce89\hx_safety.$proc$src/hx_safety.v:208$5660'.
  created $dff cell `$procdff$18448' with positive edge clock.
Creating register for signal `$paramod$b0ffb6208ded24bc31d92cae199041e2e8adce89\hx_safety.$memwr$\command_age$src/hx_safety.v:220$4581_EN' using process `$paramod$b0ffb6208ded24bc31d92cae199041e2e8adce89\hx_safety.$proc$src/hx_safety.v:208$5660'.
  created $dff cell `$procdff$18449' with positive edge clock.
Creating register for signal `$paramod$b0ffb6208ded24bc31d92cae199041e2e8adce89\hx_safety.$memwr$\feedback_age$src/hx_safety.v:219$4582_DATA' using process `$paramod$b0ffb6208ded24bc31d92cae199041e2e8adce89\hx_safety.$proc$src/hx_safety.v:208$5660'.
  created $dff cell `$procdff$18450' with positive edge clock.
Creating register for signal `$paramod$b0ffb6208ded24bc31d92cae199041e2e8adce89\hx_safety.$memwr$\feedback_age$src/hx_safety.v:219$4582_EN' using process `$paramod$b0ffb6208ded24bc31d92cae199041e2e8adce89\hx_safety.$proc$src/hx_safety.v:208$5660'.
  created $dff cell `$procdff$18451' with positive edge clock.
Creating register for signal `$paramod$b0ffb6208ded24bc31d92cae199041e2e8adce89\hx_safety.$memwr$\command_age$src/hx_safety.v:220$4583_DATA' using process `$paramod$b0ffb6208ded24bc31d92cae199041e2e8adce89\hx_safety.$proc$src/hx_safety.v:208$5660'.
  created $dff cell `$procdff$18452' with positive edge clock.
Creating register for signal `$paramod$b0ffb6208ded24bc31d92cae199041e2e8adce89\hx_safety.$memwr$\command_age$src/hx_safety.v:220$4583_EN' using process `$paramod$b0ffb6208ded24bc31d92cae199041e2e8adce89\hx_safety.$proc$src/hx_safety.v:208$5660'.
  created $dff cell `$procdff$18453' with positive edge clock.
Creating register for signal `$paramod$b0ffb6208ded24bc31d92cae199041e2e8adce89\hx_safety.$memwr$\sample_reason$src/hx_safety.v:239$4584_ADDR' using process `$paramod$b0ffb6208ded24bc31d92cae199041e2e8adce89\hx_safety.$proc$src/hx_safety.v:208$5660'.
  created $dff cell `$procdff$18454' with positive edge clock.
Creating register for signal `$paramod$b0ffb6208ded24bc31d92cae199041e2e8adce89\hx_safety.$memwr$\sample_reason$src/hx_safety.v:239$4584_DATA' using process `$paramod$b0ffb6208ded24bc31d92cae199041e2e8adce89\hx_safety.$proc$src/hx_safety.v:208$5660'.
  created $dff cell `$procdff$18455' with positive edge clock.
Creating register for signal `$paramod$b0ffb6208ded24bc31d92cae199041e2e8adce89\hx_safety.$memwr$\sample_reason$src/hx_safety.v:239$4584_EN' using process `$paramod$b0ffb6208ded24bc31d92cae199041e2e8adce89\hx_safety.$proc$src/hx_safety.v:208$5660'.
  created $dff cell `$procdff$18456' with positive edge clock.
Creating register for signal `$paramod$b0ffb6208ded24bc31d92cae199041e2e8adce89\hx_safety.$memwr$\feedback_age$src/hx_safety.v:240$4585_ADDR' using process `$paramod$b0ffb6208ded24bc31d92cae199041e2e8adce89\hx_safety.$proc$src/hx_safety.v:208$5660'.
  created $dff cell `$procdff$18457' with positive edge clock.
Creating register for signal `$paramod$b0ffb6208ded24bc31d92cae199041e2e8adce89\hx_safety.$memwr$\feedback_age$src/hx_safety.v:240$4585_EN' using process `$paramod$b0ffb6208ded24bc31d92cae199041e2e8adce89\hx_safety.$proc$src/hx_safety.v:208$5660'.
  created $dff cell `$procdff$18458' with positive edge clock.
Creating register for signal `$paramod$b0ffb6208ded24bc31d92cae199041e2e8adce89\hx_safety.$memwr$\lower$src/hx_safety.v:256$4586_ADDR' using process `$paramod$b0ffb6208ded24bc31d92cae199041e2e8adce89\hx_safety.$proc$src/hx_safety.v:208$5660'.
  created $dff cell `$procdff$18459' with positive edge clock.
Creating register for signal `$paramod$b0ffb6208ded24bc31d92cae199041e2e8adce89\hx_safety.$memwr$\lower$src/hx_safety.v:256$4586_DATA' using process `$paramod$b0ffb6208ded24bc31d92cae199041e2e8adce89\hx_safety.$proc$src/hx_safety.v:208$5660'.
  created $dff cell `$procdff$18460' with positive edge clock.
Creating register for signal `$paramod$b0ffb6208ded24bc31d92cae199041e2e8adce89\hx_safety.$memwr$\lower$src/hx_safety.v:256$4586_EN' using process `$paramod$b0ffb6208ded24bc31d92cae199041e2e8adce89\hx_safety.$proc$src/hx_safety.v:208$5660'.
  created $dff cell `$procdff$18461' with positive edge clock.
Creating register for signal `$paramod$b0ffb6208ded24bc31d92cae199041e2e8adce89\hx_safety.$memwr$\upper$src/hx_safety.v:256$4587_ADDR' using process `$paramod$b0ffb6208ded24bc31d92cae199041e2e8adce89\hx_safety.$proc$src/hx_safety.v:208$5660'.
  created $dff cell `$procdff$18462' with positive edge clock.
Creating register for signal `$paramod$b0ffb6208ded24bc31d92cae199041e2e8adce89\hx_safety.$memwr$\upper$src/hx_safety.v:256$4587_DATA' using process `$paramod$b0ffb6208ded24bc31d92cae199041e2e8adce89\hx_safety.$proc$src/hx_safety.v:208$5660'.
  created $dff cell `$procdff$18463' with positive edge clock.
Creating register for signal `$paramod$b0ffb6208ded24bc31d92cae199041e2e8adce89\hx_safety.$memwr$\upper$src/hx_safety.v:256$4587_EN' using process `$paramod$b0ffb6208ded24bc31d92cae199041e2e8adce89\hx_safety.$proc$src/hx_safety.v:208$5660'.
  created $dff cell `$procdff$18464' with positive edge clock.
Creating register for signal `$paramod$b0ffb6208ded24bc31d92cae199041e2e8adce89\hx_safety.$memwr$\command_age$src/hx_safety.v:266$4588_ADDR' using process `$paramod$b0ffb6208ded24bc31d92cae199041e2e8adce89\hx_safety.$proc$src/hx_safety.v:208$5660'.
  created $dff cell `$procdff$18465' with positive edge clock.
Creating register for signal `$paramod$b0ffb6208ded24bc31d92cae199041e2e8adce89\hx_safety.$memwr$\command_age$src/hx_safety.v:266$4588_EN' using process `$paramod$b0ffb6208ded24bc31d92cae199041e2e8adce89\hx_safety.$proc$src/hx_safety.v:208$5660'.
  created $dff cell `$procdff$18466' with positive edge clock.
Creating register for signal `$paramod$b0ffb6208ded24bc31d92cae199041e2e8adce89\hx_safety.$memwr$\command_age$src/hx_safety.v:269$4589_ADDR' using process `$paramod$b0ffb6208ded24bc31d92cae199041e2e8adce89\hx_safety.$proc$src/hx_safety.v:208$5660'.
  created $dff cell `$procdff$18467' with positive edge clock.
Creating register for signal `$paramod$b0ffb6208ded24bc31d92cae199041e2e8adce89\hx_safety.$memwr$\command_age$src/hx_safety.v:269$4589_EN' using process `$paramod$b0ffb6208ded24bc31d92cae199041e2e8adce89\hx_safety.$proc$src/hx_safety.v:208$5660'.
  created $dff cell `$procdff$18468' with positive edge clock.
Creating register for signal `$paramod$b0ffb6208ded24bc31d92cae199041e2e8adce89\hx_safety.$memwr$\command_age$src/hx_safety.v:273$4590_EN' using process `$paramod$b0ffb6208ded24bc31d92cae199041e2e8adce89\hx_safety.$proc$src/hx_safety.v:208$5660'.
  created $dff cell `$procdff$18469' with positive edge clock.
Creating register for signal `$paramod$b0ffb6208ded24bc31d92cae199041e2e8adce89\hx_safety.$memwr$\command_age$src/hx_safety.v:273$4591_EN' using process `$paramod$b0ffb6208ded24bc31d92cae199041e2e8adce89\hx_safety.$proc$src/hx_safety.v:208$5660'.
  created $dff cell `$procdff$18470' with positive edge clock.
Creating register for signal `$paramod$b0ffb6208ded24bc31d92cae199041e2e8adce89\hx_safety.$memwr$\command_age$src/hx_safety.v:273$4592_EN' using process `$paramod$b0ffb6208ded24bc31d92cae199041e2e8adce89\hx_safety.$proc$src/hx_safety.v:208$5660'.
  created $dff cell `$procdff$18471' with positive edge clock.
Creating register for signal `$paramod$b0ffb6208ded24bc31d92cae199041e2e8adce89\hx_safety.$lookahead\expected$5652' using process `$paramod$b0ffb6208ded24bc31d92cae199041e2e8adce89\hx_safety.$proc$src/hx_safety.v:208$5660'.
  created $dff cell `$procdff$18472' with positive edge clock.
Creating register for signal `$paramod$b0ffb6208ded24bc31d92cae199041e2e8adce89\hx_safety.$lookahead\expected_off$5653' using process `$paramod$b0ffb6208ded24bc31d92cae199041e2e8adce89\hx_safety.$proc$src/hx_safety.v:208$5660'.
  created $dff cell `$procdff$18473' with positive edge clock.
Creating register for signal `$paramod$b0ffb6208ded24bc31d92cae199041e2e8adce89\hx_safety.$lookahead\positions$5654' using process `$paramod$b0ffb6208ded24bc31d92cae199041e2e8adce89\hx_safety.$proc$src/hx_safety.v:208$5660'.
  created $dff cell `$procdff$18474' with positive edge clock.
Creating register for signal `$paramod$b0ffb6208ded24bc31d92cae199041e2e8adce89\hx_safety.$lookahead\sample_sequences$5655' using process `$paramod$b0ffb6208ded24bc31d92cae199041e2e8adce89\hx_safety.$proc$src/hx_safety.v:208$5660'.
  created $dff cell `$procdff$18475' with positive edge clock.
Creating register for signal `$paramod$b0ffb6208ded24bc31d92cae199041e2e8adce89\hx_safety.$lookahead\seen$5656' using process `$paramod$b0ffb6208ded24bc31d92cae199041e2e8adce89\hx_safety.$proc$src/hx_safety.v:208$5660'.
  created $dff cell `$procdff$18476' with positive edge clock.
Creating register for signal `$paramod$b0ffb6208ded24bc31d92cae199041e2e8adce89\hx_safety.$lookahead\healthy$5657' using process `$paramod$b0ffb6208ded24bc31d92cae199041e2e8adce89\hx_safety.$proc$src/hx_safety.v:208$5660'.
  created $dff cell `$procdff$18477' with positive edge clock.
Creating register for signal `$paramod$b0ffb6208ded24bc31d92cae199041e2e8adce89\hx_safety.$lookahead\armed$5658' using process `$paramod$b0ffb6208ded24bc31d92cae199041e2e8adce89\hx_safety.$proc$src/hx_safety.v:208$5660'.
  created $dff cell `$procdff$18478' with positive edge clock.
Creating register for signal `$paramod$b0ffb6208ded24bc31d92cae199041e2e8adce89\hx_safety.$lookahead\window_valid$5659' using process `$paramod$b0ffb6208ded24bc31d92cae199041e2e8adce89\hx_safety.$proc$src/hx_safety.v:208$5660'.
  created $dff cell `$procdff$18479' with positive edge clock.
Creating register for signal `$paramod$b0ffb6208ded24bc31d92cae199041e2e8adce89\hx_safety.\rx_state' using process `$paramod$b0ffb6208ded24bc31d92cae199041e2e8adce89\hx_safety.$proc$src/hx_safety.v:146$5494'.
  created $dff cell `$procdff$18480' with positive edge clock.
Creating register for signal `$paramod$b0ffb6208ded24bc31d92cae199041e2e8adce89\hx_safety.\rx_count' using process `$paramod$b0ffb6208ded24bc31d92cae199041e2e8adce89\hx_safety.$proc$src/hx_safety.v:146$5494'.
  created $dff cell `$procdff$18481' with positive edge clock.
Creating register for signal `$paramod$b0ffb6208ded24bc31d92cae199041e2e8adce89\hx_safety.\rx_total' using process `$paramod$b0ffb6208ded24bc31d92cae199041e2e8adce89\hx_safety.$proc$src/hx_safety.v:146$5494'.
  created $dff cell `$procdff$18482' with positive edge clock.
Creating register for signal `$paramod$b0ffb6208ded24bc31d92cae199041e2e8adce89\hx_safety.\rx_sum' using process `$paramod$b0ffb6208ded24bc31d92cae199041e2e8adce89\hx_safety.$proc$src/hx_safety.v:146$5494'.
  created $dff cell `$procdff$18483' with positive edge clock.
Creating register for signal `$paramod$b0ffb6208ded24bc31d92cae199041e2e8adce89\hx_safety.\rx_age' using process `$paramod$b0ffb6208ded24bc31d92cae199041e2e8adce89\hx_safety.$proc$src/hx_safety.v:146$5494'.
  created $dff cell `$procdff$18484' with positive edge clock.
Creating register for signal `$paramod$b0ffb6208ded24bc31d92cae199041e2e8adce89\hx_safety.\sample_valid' using process `$paramod$b0ffb6208ded24bc31d92cae199041e2e8adce89\hx_safety.$proc$src/hx_safety.v:146$5494'.
  created $dff cell `$procdff$18485' with positive edge clock.
Creating register for signal `$paramod$b0ffb6208ded24bc31d92cae199041e2e8adce89\hx_safety.\packet_valid' using process `$paramod$b0ffb6208ded24bc31d92cae199041e2e8adce89\hx_safety.$proc$src/hx_safety.v:146$5494'.
  created $dff cell `$procdff$18486' with positive edge clock.
Creating register for signal `$paramod$b0ffb6208ded24bc31d92cae199041e2e8adce89\hx_safety.\off_valid' using process `$paramod$b0ffb6208ded24bc31d92cae199041e2e8adce89\hx_safety.$proc$src/hx_safety.v:146$5494'.
  created $dff cell `$procdff$18487' with positive edge clock.
Creating register for signal `$paramod$b0ffb6208ded24bc31d92cae199041e2e8adce89\hx_safety.\sample_id' using process `$paramod$b0ffb6208ded24bc31d92cae199041e2e8adce89\hx_safety.$proc$src/hx_safety.v:146$5494'.
  created $dff cell `$procdff$18488' with positive edge clock.
Creating register for signal `$paramod$b0ffb6208ded24bc31d92cae199041e2e8adce89\hx_safety.\decoded_reason' using process `$paramod$b0ffb6208ded24bc31d92cae199041e2e8adce89\hx_safety.$proc$src/hx_safety.v:146$5494'.
  created $dff cell `$procdff$18489' with positive edge clock.
Creating register for signal `$paramod$b0ffb6208ded24bc31d92cae199041e2e8adce89\hx_safety.\known$func$src/hx_safety.v:165$4548.$result' using process `$paramod$b0ffb6208ded24bc31d92cae199041e2e8adce89\hx_safety.$proc$src/hx_safety.v:146$5494'.
  created $dff cell `$procdff$18490' with positive edge clock.
Creating register for signal `$paramod$b0ffb6208ded24bc31d92cae199041e2e8adce89\hx_safety.\known$func$src/hx_safety.v:165$4548.id' using process `$paramod$b0ffb6208ded24bc31d92cae199041e2e8adce89\hx_safety.$proc$src/hx_safety.v:146$5494'.
  created $dff cell `$procdff$18491' with positive edge clock.
Creating register for signal `$paramod$b0ffb6208ded24bc31d92cae199041e2e8adce89\hx_safety.\known$func$src/hx_safety.v:169$4549.$result' using process `$paramod$b0ffb6208ded24bc31d92cae199041e2e8adce89\hx_safety.$proc$src/hx_safety.v:146$5494'.
  created $dff cell `$procdff$18492' with positive edge clock.
Creating register for signal `$paramod$b0ffb6208ded24bc31d92cae199041e2e8adce89\hx_safety.\known$func$src/hx_safety.v:169$4549.id' using process `$paramod$b0ffb6208ded24bc31d92cae199041e2e8adce89\hx_safety.$proc$src/hx_safety.v:146$5494'.
  created $dff cell `$procdff$18493' with positive edge clock.
Creating register for signal `$paramod$b0ffb6208ded24bc31d92cae199041e2e8adce89\hx_safety.$memwr$\rb$src/hx_safety.v:158$4568_ADDR' using process `$paramod$b0ffb6208ded24bc31d92cae199041e2e8adce89\hx_safety.$proc$src/hx_safety.v:146$5494'.
  created $dff cell `$procdff$18494' with positive edge clock.
Creating register for signal `$paramod$b0ffb6208ded24bc31d92cae199041e2e8adce89\hx_safety.$memwr$\rb$src/hx_safety.v:158$4568_DATA' using process `$paramod$b0ffb6208ded24bc31d92cae199041e2e8adce89\hx_safety.$proc$src/hx_safety.v:146$5494'.
  created $dff cell `$procdff$18495' with positive edge clock.
Creating register for signal `$paramod$b0ffb6208ded24bc31d92cae199041e2e8adce89\hx_safety.$memwr$\rb$src/hx_safety.v:158$4568_EN' using process `$paramod$b0ffb6208ded24bc31d92cae199041e2e8adce89\hx_safety.$proc$src/hx_safety.v:146$5494'.
  created $dff cell `$procdff$18496' with positive edge clock.
Creating register for signal `$paramod\button\DEBOUNCE_CYC=s32'00000000000000001100001101010000.\state_d' using process `$paramod\button\DEBOUNCE_CYC=s32'00000000000000001100001101010000.$proc$src/button.v:52$4517'.
  created $dff cell `$procdff$18497' with positive edge clock.
Creating register for signal `$paramod\button\DEBOUNCE_CYC=s32'00000000000000001100001101010000.\state' using process `$paramod\button\DEBOUNCE_CYC=s32'00000000000000001100001101010000.$proc$src/button.v:38$4513'.
  created $dff cell `$procdff$18498' with positive edge clock.
Creating register for signal `$paramod\button\DEBOUNCE_CYC=s32'00000000000000001100001101010000.\cnt' using process `$paramod\button\DEBOUNCE_CYC=s32'00000000000000001100001101010000.$proc$src/button.v:38$4513'.
  created $dff cell `$procdff$18499' with positive edge clock.
Creating register for signal `$paramod\button\DEBOUNCE_CYC=s32'00000000000000001100001101010000.\sync' using process `$paramod\button\DEBOUNCE_CYC=s32'00000000000000001100001101010000.$proc$src/button.v:33$4512'.
  created $dff cell `$procdff$18500' with positive edge clock.
Creating register for signal `\top.\por' using process `\top.$proc$src/bridge.v:52$3830'.
  created $dff cell `$procdff$18501' with positive edge clock.
Creating register for signal `\top.\rx_quiet' using process `\top.$proc$src/bridge.v:97$3833'.
  created $dff cell `$procdff$18502' with positive edge clock.
Creating register for signal `\top.\cstate' using process `\top.$proc$src/bridge.v:156$3875'.
  created $dff cell `$procdff$18503' with positive edge clock.
Creating register for signal `\top.\pcnt' using process `\top.$proc$src/bridge.v:156$3875'.
  created $dff cell `$procdff$18504' with positive edge clock.
Creating register for signal `\top.\ptot' using process `\top.$proc$src/bridge.v:156$3875'.
  created $dff cell `$procdff$18505' with positive edge clock.
Creating register for signal `\top.\pidx' using process `\top.$proc$src/bridge.v:156$3875'.
  created $dff cell `$procdff$18506' with positive edge clock.
Creating register for signal `\top.\packet_checksum' using process `\top.$proc$src/bridge.v:156$3875'.
  created $dff cell `$procdff$18507' with positive edge clock.
Creating register for signal `\top.\s_tx_data' using process `\top.$proc$src/bridge.v:156$3875'.
  created $dff cell `$procdff$18508' with positive edge clock.
Creating register for signal `\top.\s_tx_start' using process `\top.$proc$src/bridge.v:156$3875'.
  created $dff cell `$procdff$18509' with positive edge clock.
Creating register for signal `\top.\stop_active' using process `\top.$proc$src/bridge.v:156$3875'.
  created $dff cell `$procdff$18510' with positive edge clock.
Creating register for signal `\top.\stop_index' using process `\top.$proc$src/bridge.v:156$3875'.
  created $dff cell `$procdff$18511' with positive edge clock.
Creating register for signal `\top.\stop_accepted' using process `\top.$proc$src/bridge.v:156$3875'.
  created $dff cell `$procdff$18512' with positive edge clock.
Creating register for signal `\top.\stop_gap' using process `\top.$proc$src/bridge.v:156$3875'.
  created $dff cell `$procdff$18513' with positive edge clock.
Creating register for signal `\top.\reply_wait' using process `\top.$proc$src/bridge.v:156$3875'.
  created $dff cell `$procdff$18514' with positive edge clock.
Creating register for signal `\top.\guard' using process `\top.$proc$src/bridge.v:156$3875'.
  created $dff cell `$procdff$18515' with positive edge clock.
Creating register for signal `\top.\stop_byte$func$src/bridge.v:180$3822.$result' using process `\top.$proc$src/bridge.v:156$3875'.
  created $dff cell `$procdff$18516' with positive edge clock.
Creating register for signal `\top.\stop_byte$func$src/bridge.v:180$3822.index' using process `\top.$proc$src/bridge.v:156$3875'.
  created $dff cell `$procdff$18517' with positive edge clock.
Creating register for signal `\top.$memwr$\pbuf$src/bridge.v:190$3824_EN' using process `\top.$proc$src/bridge.v:156$3875'.
  created $dff cell `$procdff$18518' with positive edge clock.
Creating register for signal `\top.$memwr$\pbuf$src/bridge.v:195$3825_EN' using process `\top.$proc$src/bridge.v:156$3875'.
  created $dff cell `$procdff$18519' with positive edge clock.
Creating register for signal `\top.$memwr$\pbuf$src/bridge.v:202$3826_ADDR' using process `\top.$proc$src/bridge.v:156$3875'.
  created $dff cell `$procdff$18520' with positive edge clock.
Creating register for signal `\top.$memwr$\pbuf$src/bridge.v:202$3826_DATA' using process `\top.$proc$src/bridge.v:156$3875'.
  created $dff cell `$procdff$18521' with positive edge clock.
Creating register for signal `\top.$memwr$\pbuf$src/bridge.v:202$3826_EN' using process `\top.$proc$src/bridge.v:156$3875'.
  created $dff cell `$procdff$18522' with positive edge clock.
Creating register for signal `\top.\wptr' using process `\top.$proc$src/bridge.v:272$3976'.
  created $dff cell `$procdff$18523' with positive edge clock.
Creating register for signal `\top.\rptr' using process `\top.$proc$src/bridge.v:272$3976'.
  created $dff cell `$procdff$18524' with positive edge clock.
Creating register for signal `\top.\local_pending' using process `\top.$proc$src/bridge.v:272$3976'.
  created $dff cell `$procdff$18525' with positive edge clock.
Creating register for signal `\top.\local_index' using process `\top.$proc$src/bridge.v:272$3976'.
  created $dff cell `$procdff$18526' with positive edge clock.
Creating register for signal `\top.\li' using process `\top.$proc$src/bridge.v:272$3976'.
  created $dff cell `$procdff$18527' with positive edge clock.
Creating register for signal `\top.\h_tx_data' using process `\top.$proc$src/bridge.v:272$3976'.
  created $dff cell `$procdff$18528' with positive edge clock.
Creating register for signal `\top.\h_tx_start' using process `\top.$proc$src/bridge.v:272$3976'.
  created $dff cell `$procdff$18529' with positive edge clock.
Creating register for signal `\top.\local_buf[0]' using process `\top.$proc$src/bridge.v:272$3976'.
  created $dff cell `$procdff$18530' with positive edge clock.
Creating register for signal `\top.\local_buf[1]' using process `\top.$proc$src/bridge.v:272$3976'.
  created $dff cell `$procdff$18531' with positive edge clock.
Creating register for signal `\top.\local_buf[2]' using process `\top.$proc$src/bridge.v:272$3976'.
  created $dff cell `$procdff$18532' with positive edge clock.
Creating register for signal `\top.\local_buf[3]' using process `\top.$proc$src/bridge.v:272$3976'.
  created $dff cell `$procdff$18533' with positive edge clock.
Creating register for signal `\top.\local_buf[4]' using process `\top.$proc$src/bridge.v:272$3976'.
  created $dff cell `$procdff$18534' with positive edge clock.
Creating register for signal `\top.\local_buf[5]' using process `\top.$proc$src/bridge.v:272$3976'.
  created $dff cell `$procdff$18535' with positive edge clock.
Creating register for signal `\top.\local_buf[6]' using process `\top.$proc$src/bridge.v:272$3976'.
  created $dff cell `$procdff$18536' with positive edge clock.
Creating register for signal `\top.\local_buf[7]' using process `\top.$proc$src/bridge.v:272$3976'.
  created $dff cell `$procdff$18537' with positive edge clock.
Creating register for signal `\top.\local_buf[8]' using process `\top.$proc$src/bridge.v:272$3976'.
  created $dff cell `$procdff$18538' with positive edge clock.
Creating register for signal `\top.\local_buf[9]' using process `\top.$proc$src/bridge.v:272$3976'.
  created $dff cell `$procdff$18539' with positive edge clock.
Creating register for signal `\top.\local_buf[10]' using process `\top.$proc$src/bridge.v:272$3976'.
  created $dff cell `$procdff$18540' with positive edge clock.
Creating register for signal `\top.\local_buf[11]' using process `\top.$proc$src/bridge.v:272$3976'.
  created $dff cell `$procdff$18541' with positive edge clock.
Creating register for signal `\top.\local_buf[12]' using process `\top.$proc$src/bridge.v:272$3976'.
  created $dff cell `$procdff$18542' with positive edge clock.
Creating register for signal `\top.\local_buf[13]' using process `\top.$proc$src/bridge.v:272$3976'.
  created $dff cell `$procdff$18543' with positive edge clock.
Creating register for signal `\top.\local_buf[14]' using process `\top.$proc$src/bridge.v:272$3976'.
  created $dff cell `$procdff$18544' with positive edge clock.
Creating register for signal `\top.\local_buf[15]' using process `\top.$proc$src/bridge.v:272$3976'.
  created $dff cell `$procdff$18545' with positive edge clock.
Creating register for signal `\top.\local_buf[16]' using process `\top.$proc$src/bridge.v:272$3976'.
  created $dff cell `$procdff$18546' with positive edge clock.
Creating register for signal `\top.\local_buf[17]' using process `\top.$proc$src/bridge.v:272$3976'.
  created $dff cell `$procdff$18547' with positive edge clock.
Creating register for signal `\top.\local_buf[18]' using process `\top.$proc$src/bridge.v:272$3976'.
  created $dff cell `$procdff$18548' with positive edge clock.
Creating register for signal `\top.$mem2reg_rd$\local_buf$src/bridge.v:291$3823_ADDR' using process `\top.$proc$src/bridge.v:272$3976'.
  created $dff cell `$procdff$18549' with positive edge clock.
Creating register for signal `\top.$mem2reg_rd$\local_buf$src/bridge.v:291$3823_DATA' using process `\top.$proc$src/bridge.v:272$3976'.
  created $dff cell `$procdff$18550' with positive edge clock.
Creating register for signal `\top.$memwr$\fifo$src/bridge.v:288$3827_ADDR' using process `\top.$proc$src/bridge.v:272$3976'.
  created $dff cell `$procdff$18551' with positive edge clock.
Creating register for signal `\top.$memwr$\fifo$src/bridge.v:288$3827_DATA' using process `\top.$proc$src/bridge.v:272$3976'.
  created $dff cell `$procdff$18552' with positive edge clock.
Creating register for signal `\top.$memwr$\fifo$src/bridge.v:288$3827_EN' using process `\top.$proc$src/bridge.v:272$3976'.
  created $dff cell `$procdff$18553' with positive edge clock.
Creating register for signal `\top.$memwr$\fifo$src/bridge.v:291$3828_ADDR' using process `\top.$proc$src/bridge.v:272$3976'.
  created $dff cell `$procdff$18554' with positive edge clock.
Creating register for signal `\top.$memwr$\fifo$src/bridge.v:291$3828_DATA' using process `\top.$proc$src/bridge.v:272$3976'.
  created $dff cell `$procdff$18555' with positive edge clock.
Creating register for signal `\top.$memwr$\fifo$src/bridge.v:291$3828_EN' using process `\top.$proc$src/bridge.v:272$3976'.
  created $dff cell `$procdff$18556' with positive edge clock.
Creating register for signal `\top.\act' using process `\top.$proc$src/bridge.v:305$4020'.
  created $dff cell `$procdff$18557' with positive edge clock.
Creating register for signal `\top.\hb' using process `\top.$proc$src/bridge.v:311$4025'.
  created $dff cell `$procdff$18558' with positive edge clock.
Creating register for signal `$paramod\uart_tx\CLKS_PER_BIT=s32'00000000000000000000000110110010.\tx' using process `$paramod\uart_tx\CLKS_PER_BIT=s32'00000000000000000000000110110010.$proc$src/uart_tx.v:45$4502'.
  created $dff cell `$procdff$18559' with positive edge clock.
Creating register for signal `$paramod\uart_tx\CLKS_PER_BIT=s32'00000000000000000000000110110010.\state' using process `$paramod\uart_tx\CLKS_PER_BIT=s32'00000000000000000000000110110010.$proc$src/uart_tx.v:45$4502'.
  created $dff cell `$procdff$18560' with positive edge clock.
Creating register for signal `$paramod\uart_tx\CLKS_PER_BIT=s32'00000000000000000000000110110010.\tick' using process `$paramod\uart_tx\CLKS_PER_BIT=s32'00000000000000000000000110110010.$proc$src/uart_tx.v:45$4502'.
  created $dff cell `$procdff$18561' with positive edge clock.
Creating register for signal `$paramod\uart_tx\CLKS_PER_BIT=s32'00000000000000000000000110110010.\bit_idx' using process `$paramod\uart_tx\CLKS_PER_BIT=s32'00000000000000000000000110110010.$proc$src/uart_tx.v:45$4502'.
  created $dff cell `$procdff$18562' with positive edge clock.
Creating register for signal `$paramod\uart_tx\CLKS_PER_BIT=s32'00000000000000000000000110110010.\shifter' using process `$paramod\uart_tx\CLKS_PER_BIT=s32'00000000000000000000000110110010.$proc$src/uart_tx.v:45$4502'.
  created $dff cell `$procdff$18563' with positive edge clock.
Creating register for signal `$paramod\uart_rx\CLKS_PER_BIT=s32'00000000000000000000000000110010.\data' using process `$paramod\uart_rx\CLKS_PER_BIT=s32'00000000000000000000000000110010.$proc$src/uart_rx.v:49$4481'.
  created $dff cell `$procdff$18564' with positive edge clock.
Creating register for signal `$paramod\uart_rx\CLKS_PER_BIT=s32'00000000000000000000000000110010.\state' using process `$paramod\uart_rx\CLKS_PER_BIT=s32'00000000000000000000000000110010.$proc$src/uart_rx.v:49$4481'.
  created $dff cell `$procdff$18565' with positive edge clock.
Creating register for signal `$paramod\uart_rx\CLKS_PER_BIT=s32'00000000000000000000000000110010.\tick' using process `$paramod\uart_rx\CLKS_PER_BIT=s32'00000000000000000000000000110010.$proc$src/uart_rx.v:49$4481'.
  created $dff cell `$procdff$18566' with positive edge clock.
Creating register for signal `$paramod\uart_rx\CLKS_PER_BIT=s32'00000000000000000000000000110010.\bit_idx' using process `$paramod\uart_rx\CLKS_PER_BIT=s32'00000000000000000000000000110010.$proc$src/uart_rx.v:49$4481'.
  created $dff cell `$procdff$18567' with positive edge clock.
Creating register for signal `$paramod\uart_rx\CLKS_PER_BIT=s32'00000000000000000000000000110010.\shifter' using process `$paramod\uart_rx\CLKS_PER_BIT=s32'00000000000000000000000000110010.$proc$src/uart_rx.v:49$4481'.
  created $dff cell `$procdff$18568' with positive edge clock.
Creating register for signal `$paramod\uart_rx\CLKS_PER_BIT=s32'00000000000000000000000000110010.\valid' using process `$paramod\uart_rx\CLKS_PER_BIT=s32'00000000000000000000000000110010.$proc$src/uart_rx.v:49$4481'.
  created $dff cell `$procdff$18569' with positive edge clock.
Creating register for signal `$paramod\uart_rx\CLKS_PER_BIT=s32'00000000000000000000000000110010.\sync' using process `$paramod\uart_rx\CLKS_PER_BIT=s32'00000000000000000000000000110010.$proc$src/uart_rx.v:38$4480'.
  created $dff cell `$procdff$18570' with positive edge clock.

7.4.10. Executing PROC_MEMWR pass (convert process memory writes to cells).

7.4.11. Executing PROC_CLEAN pass (remove empty switches from decision trees).
Removing empty process `$paramod\uart_tx\CLKS_PER_BIT=s32'00000000000000000000000000110010.$proc$src/uart_tx.v:38$4479'.
Removing empty process `$paramod\uart_tx\CLKS_PER_BIT=s32'00000000000000000000000000110010.$proc$src/uart_tx.v:37$4478'.
Removing empty process `$paramod\uart_tx\CLKS_PER_BIT=s32'00000000000000000000000000110010.$proc$src/uart_tx.v:36$4477'.
Removing empty process `$paramod\uart_tx\CLKS_PER_BIT=s32'00000000000000000000000000110010.$proc$src/uart_tx.v:35$4476'.
Found and cleaned up 7 empty switches in `$paramod\uart_tx\CLKS_PER_BIT=s32'00000000000000000000000000110010.$proc$src/uart_tx.v:45$4470'.
Removing empty process `$paramod\uart_tx\CLKS_PER_BIT=s32'00000000000000000000000000110010.$proc$src/uart_tx.v:45$4470'.
Removing empty process `$paramod\uart_rx\CLKS_PER_BIT=s32'00000000000000000000000110110010.$proc$src/uart_rx.v:47$4466'.
Removing empty process `$paramod\uart_rx\CLKS_PER_BIT=s32'00000000000000000000000110110010.$proc$src/uart_rx.v:46$4465'.
Removing empty process `$paramod\uart_rx\CLKS_PER_BIT=s32'00000000000000000000000110110010.$proc$src/uart_rx.v:45$4464'.
Removing empty process `$paramod\uart_rx\CLKS_PER_BIT=s32'00000000000000000000000110110010.$proc$src/uart_rx.v:44$4463'.
Removing empty process `$paramod\uart_rx\CLKS_PER_BIT=s32'00000000000000000000000110110010.$proc$src/uart_rx.v:37$4462'.
Found and cleaned up 10 empty switches in `$paramod\uart_rx\CLKS_PER_BIT=s32'00000000000000000000000110110010.$proc$src/uart_rx.v:49$4449'.
Removing empty process `$paramod\uart_rx\CLKS_PER_BIT=s32'00000000000000000000000110110010.$proc$src/uart_rx.v:49$4449'.
Found and cleaned up 1 empty switch in `$paramod\uart_rx\CLKS_PER_BIT=s32'00000000000000000000000110110010.$proc$src/uart_rx.v:38$4448'.
Removing empty process `$paramod\uart_rx\CLKS_PER_BIT=s32'00000000000000000000000110110010.$proc$src/uart_rx.v:38$4448'.
Removing empty process `$paramod$b0ffb6208ded24bc31d92cae199041e2e8adce89\hx_safety.$proc$src/hx_safety.v:143$6264'.
Removing empty process `$paramod$b0ffb6208ded24bc31d92cae199041e2e8adce89\hx_safety.$proc$src/hx_safety.v:143$6263'.
Removing empty process `$paramod$b0ffb6208ded24bc31d92cae199041e2e8adce89\hx_safety.$proc$src/hx_safety.v:142$6262'.
Removing empty process `$paramod$b0ffb6208ded24bc31d92cae199041e2e8adce89\hx_safety.$proc$src/hx_safety.v:142$6261'.
Removing empty process `$paramod$b0ffb6208ded24bc31d92cae199041e2e8adce89\hx_safety.$proc$src/hx_safety.v:142$6260'.
Removing empty process `$paramod$b0ffb6208ded24bc31d92cae199041e2e8adce89\hx_safety.$proc$src/hx_safety.v:141$6259'.
Removing empty process `$paramod$b0ffb6208ded24bc31d92cae199041e2e8adce89\hx_safety.$proc$src/hx_safety.v:139$6258'.
Removing empty process `$paramod$b0ffb6208ded24bc31d92cae199041e2e8adce89\hx_safety.$proc$src/hx_safety.v:138$6257'.
Removing empty process `$paramod$b0ffb6208ded24bc31d92cae199041e2e8adce89\hx_safety.$proc$src/hx_safety.v:138$6256'.
Removing empty process `$paramod$b0ffb6208ded24bc31d92cae199041e2e8adce89\hx_safety.$proc$src/hx_safety.v:137$6255'.
Removing empty process `$paramod$b0ffb6208ded24bc31d92cae199041e2e8adce89\hx_safety.$proc$src/hx_safety.v:54$6254'.
Removing empty process `$paramod$b0ffb6208ded24bc31d92cae199041e2e8adce89\hx_safety.$proc$src/hx_safety.v:37$6253'.
Removing empty process `$paramod$b0ffb6208ded24bc31d92cae199041e2e8adce89\hx_safety.$proc$src/hx_safety.v:33$6252'.
Removing empty process `$paramod$b0ffb6208ded24bc31d92cae199041e2e8adce89\hx_safety.$proc$src/hx_safety.v:33$6251'.
Removing empty process `$paramod$b0ffb6208ded24bc31d92cae199041e2e8adce89\hx_safety.$proc$src/hx_safety.v:33$6250'.
Removing empty process `$paramod$b0ffb6208ded24bc31d92cae199041e2e8adce89\hx_safety.$proc$src/hx_safety.v:33$6249'.
Removing empty process `$paramod$b0ffb6208ded24bc31d92cae199041e2e8adce89\hx_safety.$proc$src/hx_safety.v:33$6248'.
Removing empty process `$paramod$b0ffb6208ded24bc31d92cae199041e2e8adce89\hx_safety.$proc$src/hx_safety.v:29$6247'.
Removing empty process `$paramod$b0ffb6208ded24bc31d92cae199041e2e8adce89\hx_safety.$proc$src/hx_safety.v:28$6246'.
Removing empty process `$paramod$b0ffb6208ded24bc31d92cae199041e2e8adce89\hx_safety.$proc$src/hx_safety.v:27$6245'.
Removing empty process `$paramod$b0ffb6208ded24bc31d92cae199041e2e8adce89\hx_safety.$proc$src/hx_safety.v:24$6244'.
Removing empty process `$paramod$b0ffb6208ded24bc31d92cae199041e2e8adce89\hx_safety.$proc$src/hx_safety.v:23$6243'.
Found and cleaned up 31 empty switches in `$paramod$b0ffb6208ded24bc31d92cae199041e2e8adce89\hx_safety.$proc$src/hx_safety.v:208$5660'.
Removing empty process `$paramod$b0ffb6208ded24bc31d92cae199041e2e8adce89\hx_safety.$proc$src/hx_safety.v:208$5660'.
Found and cleaned up 15 empty switches in `$paramod$b0ffb6208ded24bc31d92cae199041e2e8adce89\hx_safety.$proc$src/hx_safety.v:188$5589'.
Removing empty process `$paramod$b0ffb6208ded24bc31d92cae199041e2e8adce89\hx_safety.$proc$src/hx_safety.v:188$5589'.
Found and cleaned up 20 empty switches in `$paramod$b0ffb6208ded24bc31d92cae199041e2e8adce89\hx_safety.$proc$src/hx_safety.v:146$5494'.
Removing empty process `$paramod$b0ffb6208ded24bc31d92cae199041e2e8adce89\hx_safety.$proc$src/hx_safety.v:146$5494'.
Found and cleaned up 59 empty switches in `$paramod$b0ffb6208ded24bc31d92cae199041e2e8adce89\hx_safety.$proc$src/hx_safety.v:90$4622'.
Removing empty process `$paramod$b0ffb6208ded24bc31d92cae199041e2e8adce89\hx_safety.$proc$src/hx_safety.v:90$4622'.
Removing empty process `$paramod\button\DEBOUNCE_CYC=s32'00000000000000001100001101010000.$proc$src/button.v:51$4524'.
Removing empty process `$paramod\button\DEBOUNCE_CYC=s32'00000000000000001100001101010000.$proc$src/button.v:37$4523'.
Removing empty process `$paramod\button\DEBOUNCE_CYC=s32'00000000000000001100001101010000.$proc$src/button.v:32$4522'.
Found and cleaned up 1 empty switch in `$paramod\button\DEBOUNCE_CYC=s32'00000000000000001100001101010000.$proc$src/button.v:52$4517'.
Removing empty process `$paramod\button\DEBOUNCE_CYC=s32'00000000000000001100001101010000.$proc$src/button.v:52$4517'.
Found and cleaned up 3 empty switches in `$paramod\button\DEBOUNCE_CYC=s32'00000000000000001100001101010000.$proc$src/button.v:38$4513'.
Removing empty process `$paramod\button\DEBOUNCE_CYC=s32'00000000000000001100001101010000.$proc$src/button.v:38$4513'.
Found and cleaned up 1 empty switch in `$paramod\button\DEBOUNCE_CYC=s32'00000000000000001100001101010000.$proc$src/button.v:33$4512'.
Removing empty process `$paramod\button\DEBOUNCE_CYC=s32'00000000000000001100001101010000.$proc$src/button.v:33$4512'.
Found and cleaned up 1 empty switch in `\top.$proc$src/bridge.v:52$3830'.
Removing empty process `top.$proc$src/bridge.v:52$3830'.
Found and cleaned up 2 empty switches in `\top.$proc$src/bridge.v:97$3833'.
Removing empty process `top.$proc$src/bridge.v:97$3833'.
Found and cleaned up 27 empty switches in `\top.$proc$src/bridge.v:156$3875'.
Removing empty process `top.$proc$src/bridge.v:156$3875'.
Removing empty process `top.$proc$src/bridge.v:258$3962'.
Found and cleaned up 7 empty switches in `\top.$proc$src/bridge.v:272$3976'.
Removing empty process `top.$proc$src/bridge.v:272$3976'.
Found and cleaned up 2 empty switches in `\top.$proc$src/bridge.v:305$4020'.
Removing empty process `top.$proc$src/bridge.v:305$4020'.
Removing empty process `top.$proc$src/bridge.v:311$4025'.
Removing empty process `top.$proc$src/bridge.v:50$4091'.
Removing empty process `top.$proc$src/bridge.v:68$4092'.
Removing empty process `top.$proc$src/bridge.v:70$4093'.
Removing empty process `top.$proc$src/bridge.v:71$4094'.
Removing empty process `top.$proc$src/bridge.v:72$4095'.
Removing empty process `top.$proc$src/bridge.v:73$4096'.
Removing empty process `top.$proc$src/bridge.v:90$4097'.
Removing empty process `top.$proc$src/bridge.v:91$4098'.
Removing empty process `top.$proc$src/bridge.v:92$4099'.
Removing empty process `top.$proc$src/bridge.v:94$4100'.
Removing empty process `top.$proc$src/bridge.v:95$4101'.
Removing empty process `top.$proc$src/bridge.v:96$4102'.
Removing empty process `top.$proc$src/bridge.v:153$4103'.
Removing empty process `top.$proc$src/bridge.v:249$4104'.
Removing empty process `top.$proc$src/bridge.v:249$4105'.
Removing empty process `top.$proc$src/bridge.v:252$4106'.
Removing empty process `top.$proc$src/bridge.v:255$4107'.
Removing empty process `top.$proc$src/bridge.v:304$4108'.
Removing empty process `top.$proc$src/bridge.v:310$4109'.
Removing empty process `$paramod\uart_tx\CLKS_PER_BIT=s32'00000000000000000000000110110010.$proc$src/uart_tx.v:38$4511'.
Removing empty process `$paramod\uart_tx\CLKS_PER_BIT=s32'00000000000000000000000110110010.$proc$src/uart_tx.v:37$4510'.
Removing empty process `$paramod\uart_tx\CLKS_PER_BIT=s32'00000000000000000000000110110010.$proc$src/uart_tx.v:36$4509'.
Removing empty process `$paramod\uart_tx\CLKS_PER_BIT=s32'00000000000000000000000110110010.$proc$src/uart_tx.v:35$4508'.
Found and cleaned up 7 empty switches in `$paramod\uart_tx\CLKS_PER_BIT=s32'00000000000000000000000110110010.$proc$src/uart_tx.v:45$4502'.
Removing empty process `$paramod\uart_tx\CLKS_PER_BIT=s32'00000000000000000000000110110010.$proc$src/uart_tx.v:45$4502'.
Removing empty process `$paramod\uart_rx\CLKS_PER_BIT=s32'00000000000000000000000000110010.$proc$src/uart_rx.v:47$4498'.
Removing empty process `$paramod\uart_rx\CLKS_PER_BIT=s32'00000000000000000000000000110010.$proc$src/uart_rx.v:46$4497'.
Removing empty process `$paramod\uart_rx\CLKS_PER_BIT=s32'00000000000000000000000000110010.$proc$src/uart_rx.v:45$4496'.
Removing empty process `$paramod\uart_rx\CLKS_PER_BIT=s32'00000000000000000000000000110010.$proc$src/uart_rx.v:44$4495'.
Removing empty process `$paramod\uart_rx\CLKS_PER_BIT=s32'00000000000000000000000000110010.$proc$src/uart_rx.v:37$4494'.
Found and cleaned up 10 empty switches in `$paramod\uart_rx\CLKS_PER_BIT=s32'00000000000000000000000000110010.$proc$src/uart_rx.v:49$4481'.
Removing empty process `$paramod\uart_rx\CLKS_PER_BIT=s32'00000000000000000000000000110010.$proc$src/uart_rx.v:49$4481'.
Found and cleaned up 1 empty switch in `$paramod\uart_rx\CLKS_PER_BIT=s32'00000000000000000000000000110010.$proc$src/uart_rx.v:38$4480'.
Removing empty process `$paramod\uart_rx\CLKS_PER_BIT=s32'00000000000000000000000000110010.$proc$src/uart_rx.v:38$4480'.
Cleaned up 205 empty switches.

7.4.12. Executing OPT_EXPR pass (perform const folding).
Optimizing module $paramod\uart_tx\CLKS_PER_BIT=s32'00000000000000000000000000110010.
<suppressed ~5 debug messages>
Optimizing module $paramod\uart_rx\CLKS_PER_BIT=s32'00000000000000000000000110110010.
<suppressed ~14 debug messages>
Optimizing module $paramod$b0ffb6208ded24bc31d92cae199041e2e8adce89\hx_safety.
<suppressed ~296 debug messages>
Optimizing module $paramod\button\DEBOUNCE_CYC=s32'00000000000000001100001101010000.
Optimizing module top.
<suppressed ~15 debug messages>
Optimizing module $paramod\uart_tx\CLKS_PER_BIT=s32'00000000000000000000000110110010.
<suppressed ~5 debug messages>
Optimizing module $paramod\uart_rx\CLKS_PER_BIT=s32'00000000000000000000000000110010.
<suppressed ~14 debug messages>

7.5. Executing CHECK pass (checking for obvious problems).
Checking module $paramod\uart_tx\CLKS_PER_BIT=s32'00000000000000000000000000110010...
Checking module $paramod\uart_rx\CLKS_PER_BIT=s32'00000000000000000000000110110010...
Checking module $paramod$b0ffb6208ded24bc31d92cae199041e2e8adce89\hx_safety...
Checking module $paramod\button\DEBOUNCE_CYC=s32'00000000000000001100001101010000...
Checking module top...
Checking module $paramod\uart_tx\CLKS_PER_BIT=s32'00000000000000000000000110110010...
Checking module $paramod\uart_rx\CLKS_PER_BIT=s32'00000000000000000000000000110010...
Found and reported 0 problems.

7.6. Executing FLATTEN pass (flatten design).
Deleting now unused module $paramod\uart_tx\CLKS_PER_BIT=s32'00000000000000000000000000110010.
Deleting now unused module $paramod\uart_rx\CLKS_PER_BIT=s32'00000000000000000000000110110010.
Deleting now unused module $paramod$b0ffb6208ded24bc31d92cae199041e2e8adce89\hx_safety.
Deleting now unused module $paramod\button\DEBOUNCE_CYC=s32'00000000000000001100001101010000.
Deleting now unused module $paramod\uart_tx\CLKS_PER_BIT=s32'00000000000000000000000110110010.
Deleting now unused module $paramod\uart_rx\CLKS_PER_BIT=s32'00000000000000000000000000110010.
<suppressed ~6 debug messages>

7.7. Executing TRIBUF pass.

7.8. Executing DEMINOUT pass (demote inout ports to input or output).

7.9. Executing OPT_EXPR pass (perform const folding).
Optimizing module top.
<suppressed ~31 debug messages>

7.10. Executing OPT_CLEAN pass (remove unused cells and wires).
Finding unused cells or wires in module \top..
Removed 2501 unused cells and 7948 unused wires.
<suppressed ~2526 debug messages>

7.11. Executing CHECK pass (checking for obvious problems).
Checking module top...
Found and reported 0 problems.

7.12. Executing OPT pass (performing simple optimizations).

7.12.1. Executing OPT_EXPR pass (perform const folding).
Optimizing module top.

7.12.2. Executing OPT_MERGE pass (detect identical cells).
Finding identical cells in module `\top'.
Computing hashes of 2561 cells of `\top'.
Finding duplicate cells in `\top'.
Computing hashes of 2325 cells of `\top'.
Finding duplicate cells in `\top'.
Computing hashes of 2290 cells of `\top'.
Finding duplicate cells in `\top'.
Computing hashes of 2281 cells of `\top'.
Finding duplicate cells in `\top'.
Computing hashes of 2279 cells of `\top'.
Finding duplicate cells in `\top'.
<suppressed ~846 debug messages>
Removed a total of 282 cells.

7.12.3. Executing OPT_MUXTREE pass (detect dead branches in mux trees).
Running muxtree optimizer on module \top..
  Creating internal representation of mux trees.
  Evaluating internal representation of mux trees.
  Analyzing evaluation results.
    dead port 1/2 on $mux $flatten\safety.supervisor.$procmux$10254.
    dead port 1/2 on $mux $flatten\safety.supervisor.$procmux$10260.
    dead port 1/2 on $mux $flatten\safety.supervisor.$procmux$10266.
    dead port 2/2 on $mux $flatten\safety.supervisor.$procmux$9825.
    dead port 2/2 on $mux $flatten\safety.supervisor.$procmux$9832.
    dead port 1/2 on $mux $flatten\safety.supervisor.$procmux$8565.
    dead port 1/2 on $mux $flatten\safety.supervisor.$procmux$8562.
    dead port 1/2 on $mux $flatten\safety.supervisor.$procmux$8559.
    dead port 1/2 on $mux $flatten\safety.supervisor.$procmux$8553.
    dead port 1/2 on $mux $flatten\safety.supervisor.$procmux$8550.
    dead port 1/2 on $mux $flatten\safety.supervisor.$procmux$8547.
    dead port 1/2 on $mux $flatten\safety.supervisor.$procmux$8541.
    dead port 1/2 on $mux $flatten\safety.supervisor.$procmux$8538.
    dead port 1/2 on $mux $flatten\safety.supervisor.$procmux$8535.
    dead port 1/2 on $mux $flatten\safety.supervisor.$procmux$8529.
    dead port 1/2 on $mux $flatten\safety.supervisor.$procmux$8526.
    dead port 1/2 on $mux $flatten\safety.supervisor.$procmux$8523.
    dead port 1/2 on $mux $flatten\safety.supervisor.$procmux$8517.
    dead port 1/2 on $mux $flatten\safety.supervisor.$procmux$8514.
    dead port 1/2 on $mux $flatten\safety.supervisor.$procmux$8511.
    dead port 1/2 on $mux $flatten\safety.supervisor.$procmux$8505.
    dead port 1/2 on $mux $flatten\safety.supervisor.$procmux$8502.
    dead port 1/2 on $mux $flatten\safety.supervisor.$procmux$8499.
    dead port 1/2 on $mux $flatten\safety.supervisor.$procmux$8493.
    dead port 1/2 on $mux $flatten\safety.supervisor.$procmux$8490.
    dead port 1/2 on $mux $flatten\safety.supervisor.$procmux$8487.
    dead port 1/2 on $mux $flatten\safety.supervisor.$procmux$8481.
    dead port 1/2 on $mux $flatten\safety.supervisor.$procmux$8478.
    dead port 1/2 on $mux $flatten\safety.supervisor.$procmux$8475.
    dead port 1/2 on $mux $flatten\safety.supervisor.$procmux$8469.
    dead port 1/2 on $mux $flatten\safety.supervisor.$procmux$8466.
    dead port 1/2 on $mux $flatten\safety.supervisor.$procmux$8463.
    dead port 1/2 on $mux $flatten\safety.supervisor.$procmux$8457.
    dead port 1/2 on $mux $flatten\safety.supervisor.$procmux$8454.
    dead port 1/2 on $mux $flatten\safety.supervisor.$procmux$8451.
    dead port 1/2 on $mux $flatten\safety.supervisor.$procmux$8445.
    dead port 1/2 on $mux $flatten\safety.supervisor.$procmux$8442.
    dead port 1/2 on $mux $flatten\safety.supervisor.$procmux$8439.
    dead port 1/2 on $mux $flatten\safety.supervisor.$procmux$8433.
    dead port 1/2 on $mux $flatten\safety.supervisor.$procmux$8430.
    dead port 1/2 on $mux $flatten\safety.supervisor.$procmux$8427.
    dead port 1/2 on $mux $flatten\safety.supervisor.$procmux$8421.
    dead port 1/2 on $mux $flatten\safety.supervisor.$procmux$8418.
    dead port 1/2 on $mux $flatten\safety.supervisor.$procmux$8415.
    dead port 1/2 on $mux $flatten\safety.supervisor.$procmux$8409.
    dead port 1/2 on $mux $flatten\safety.supervisor.$procmux$8406.
    dead port 1/2 on $mux $flatten\safety.supervisor.$procmux$8403.
    dead port 1/2 on $mux $flatten\safety.supervisor.$procmux$8397.
    dead port 1/2 on $mux $flatten\safety.supervisor.$procmux$8394.
    dead port 1/2 on $mux $flatten\safety.supervisor.$procmux$8391.
    dead port 2/2 on $mux $flatten\safety.supervisor.$procmux$9834.
    dead port 2/2 on $mux $flatten\safety.supervisor.$procmux$9841.
    dead port 2/2 on $mux $flatten\safety.supervisor.$procmux$9843.
    dead port 2/2 on $mux $flatten\safety.supervisor.$procmux$9849.
    dead port 2/2 on $mux $flatten\safety.supervisor.$procmux$12362.
    dead port 1/2 on $mux $flatten\safety.supervisor.$procmux$12365.
    dead port 1/2 on $mux $flatten\safety.supervisor.$procmux$12368.
    dead port 1/2 on $mux $flatten\safety.supervisor.$procmux$12371.
    dead port 2/2 on $mux $flatten\safety.supervisor.$procmux$12373.
    dead port 1/2 on $mux $flatten\safety.supervisor.$procmux$12385.
    dead port 2/2 on $mux $flatten\safety.supervisor.$procmux$12390.
    dead port 2/2 on $mux $flatten\safety.supervisor.$procmux$12392.
    dead port 1/2 on $mux $flatten\safety.supervisor.$procmux$12395.
    dead port 1/2 on $mux $flatten\safety.supervisor.$procmux$12398.
    dead port 1/2 on $mux $flatten\safety.supervisor.$procmux$12401.
    dead port 2/2 on $mux $flatten\safety.supervisor.$procmux$12403.
    dead port 1/2 on $mux $flatten\safety.supervisor.$procmux$12412.
    dead port 2/2 on $mux $flatten\safety.supervisor.$procmux$11238.
    dead port 2/2 on $mux $flatten\safety.supervisor.$procmux$12417.
    dead port 2/2 on $mux $flatten\safety.supervisor.$procmux$12419.
    dead port 1/2 on $mux $flatten\safety.supervisor.$procmux$12422.
    dead port 1/2 on $mux $flatten\safety.supervisor.$procmux$12425.
    dead port 1/2 on $mux $flatten\safety.supervisor.$procmux$12428.
    dead port 2/2 on $mux $flatten\safety.supervisor.$procmux$12430.
    dead port 2/2 on $mux $flatten\safety.supervisor.$procmux$11240.
    dead port 1/2 on $mux $flatten\safety.supervisor.$procmux$11243.
    dead port 2/2 on $mux $flatten\safety.supervisor.$procmux$12495.
    dead port 2/2 on $mux $flatten\safety.supervisor.$procmux$12497.
    dead port 1/2 on $mux $flatten\safety.supervisor.$procmux$12500.
    dead port 1/2 on $mux $flatten\safety.supervisor.$procmux$12503.
    dead port 1/2 on $mux $flatten\safety.supervisor.$procmux$12506.
    dead port 2/2 on $mux $flatten\safety.supervisor.$procmux$12508.
    dead port 1/2 on $mux $flatten\safety.supervisor.$procmux$8250.
    dead port 1/2 on $mux $flatten\safety.supervisor.$procmux$8247.
    dead port 1/2 on $mux $flatten\safety.supervisor.$procmux$8244.
    dead port 2/2 on $mux $flatten\safety.supervisor.$procmux$8241.
    dead port 1/2 on $mux $flatten\safety.supervisor.$procmux$8235.
    dead port 1/2 on $mux $flatten\safety.supervisor.$procmux$8232.
    dead port 1/2 on $mux $flatten\safety.supervisor.$procmux$8229.
    dead port 2/2 on $mux $flatten\safety.supervisor.$procmux$8226.
    dead port 1/2 on $mux $flatten\safety.supervisor.$procmux$8220.
    dead port 1/2 on $mux $flatten\safety.supervisor.$procmux$8217.
    dead port 2/2 on $mux $flatten\safety.supervisor.$procmux$12564.
    dead port 2/2 on $mux $flatten\safety.supervisor.$procmux$12566.
    dead port 1/2 on $mux $flatten\safety.supervisor.$procmux$12569.
    dead port 1/2 on $mux $flatten\safety.supervisor.$procmux$12572.
    dead port 1/2 on $mux $flatten\safety.supervisor.$procmux$12575.
    dead port 2/2 on $mux $flatten\safety.supervisor.$procmux$12577.
    dead port 1/2 on $mux $flatten\safety.supervisor.$procmux$8214.
    dead port 2/2 on $mux $flatten\safety.supervisor.$procmux$8211.
    dead port 1/2 on $mux $flatten\safety.supervisor.$procmux$8205.
    dead port 1/2 on $mux $flatten\safety.supervisor.$procmux$8202.
    dead port 1/2 on $mux $flatten\safety.supervisor.$procmux$8199.
    dead port 2/2 on $mux $flatten\safety.supervisor.$procmux$8196.
    dead port 1/2 on $mux $flatten\safety.supervisor.$procmux$8190.
    dead port 1/2 on $mux $flatten\safety.supervisor.$procmux$8187.
    dead port 1/2 on $mux $flatten\safety.supervisor.$procmux$8184.
    dead port 2/2 on $mux $flatten\safety.supervisor.$procmux$8181.
    dead port 1/2 on $mux $flatten\safety.supervisor.$procmux$8175.
    dead port 1/2 on $mux $flatten\safety.supervisor.$procmux$8172.
    dead port 1/2 on $mux $flatten\safety.supervisor.$procmux$8169.
    dead port 2/2 on $mux $flatten\safety.supervisor.$procmux$8166.
    dead port 1/2 on $mux $flatten\safety.supervisor.$procmux$8160.
    dead port 1/2 on $mux $flatten\safety.supervisor.$procmux$8157.
    dead port 1/2 on $mux $flatten\safety.supervisor.$procmux$8154.
    dead port 2/2 on $mux $flatten\safety.supervisor.$procmux$8151.
    dead port 1/2 on $mux $flatten\safety.supervisor.$procmux$8145.
    dead port 1/2 on $mux $flatten\safety.supervisor.$procmux$8142.
    dead port 1/2 on $mux $flatten\safety.supervisor.$procmux$8139.
    dead port 2/2 on $mux $flatten\safety.supervisor.$procmux$12680.
    dead port 1/2 on $mux $flatten\safety.supervisor.$procmux$12683.
    dead port 1/2 on $mux $flatten\safety.supervisor.$procmux$12686.
    dead port 1/2 on $mux $flatten\safety.supervisor.$procmux$12689.
    dead port 2/2 on $mux $flatten\safety.supervisor.$procmux$12691.
    dead port 2/2 on $mux $flatten\safety.supervisor.$procmux$8136.
    dead port 1/2 on $mux $flatten\safety.supervisor.$procmux$12703.
    dead port 2/2 on $mux $flatten\safety.supervisor.$procmux$12708.
    dead port 2/2 on $mux $flatten\safety.supervisor.$procmux$12710.
    dead port 1/2 on $mux $flatten\safety.supervisor.$procmux$12713.
    dead port 1/2 on $mux $flatten\safety.supervisor.$procmux$12716.
    dead port 1/2 on $mux $flatten\safety.supervisor.$procmux$12719.
    dead port 2/2 on $mux $flatten\safety.supervisor.$procmux$12721.
    dead port 1/2 on $mux $flatten\safety.supervisor.$procmux$12730.
    dead port 1/2 on $mux $flatten\safety.supervisor.$procmux$11246.
    dead port 2/2 on $mux $flatten\safety.supervisor.$procmux$12735.
    dead port 2/2 on $mux $flatten\safety.supervisor.$procmux$12737.
    dead port 1/2 on $mux $flatten\safety.supervisor.$procmux$12740.
    dead port 1/2 on $mux $flatten\safety.supervisor.$procmux$12743.
    dead port 1/2 on $mux $flatten\safety.supervisor.$procmux$12746.
    dead port 2/2 on $mux $flatten\safety.supervisor.$procmux$12748.
    dead port 1/2 on $mux $flatten\safety.supervisor.$procmux$11249.
    dead port 1/2 on $mux $flatten\safety.supervisor.$procmux$8100.
    dead port 1/2 on $mux $flatten\safety.supervisor.$procmux$8097.
    dead port 1/2 on $mux $flatten\safety.supervisor.$procmux$8094.
    dead port 2/2 on $mux $flatten\safety.supervisor.$procmux$8091.
    dead port 1/2 on $mux $flatten\safety.supervisor.$procmux$8085.
    dead port 1/2 on $mux $flatten\safety.supervisor.$procmux$8082.
    dead port 1/2 on $mux $flatten\safety.supervisor.$procmux$8079.
    dead port 2/2 on $mux $flatten\safety.supervisor.$procmux$12813.
    dead port 2/2 on $mux $flatten\safety.supervisor.$procmux$12815.
    dead port 1/2 on $mux $flatten\safety.supervisor.$procmux$12818.
    dead port 1/2 on $mux $flatten\safety.supervisor.$procmux$12821.
    dead port 1/2 on $mux $flatten\safety.supervisor.$procmux$12824.
    dead port 2/2 on $mux $flatten\safety.supervisor.$procmux$12826.
    dead port 2/2 on $mux $flatten\safety.supervisor.$procmux$8076.
    dead port 1/2 on $mux $flatten\safety.supervisor.$procmux$8070.
    dead port 1/2 on $mux $flatten\safety.supervisor.$procmux$8067.
    dead port 1/2 on $mux $flatten\safety.supervisor.$procmux$8064.
    dead port 2/2 on $mux $flatten\safety.supervisor.$procmux$8061.
    dead port 1/2 on $mux $flatten\safety.supervisor.$procmux$8055.
    dead port 1/2 on $mux $flatten\safety.supervisor.$procmux$8052.
    dead port 1/2 on $mux $flatten\safety.supervisor.$procmux$8049.
    dead port 2/2 on $mux $flatten\safety.supervisor.$procmux$8046.
    dead port 1/2 on $mux $flatten\safety.supervisor.$procmux$8040.
    dead port 1/2 on $mux $flatten\safety.supervisor.$procmux$8037.
    dead port 1/2 on $mux $flatten\safety.supervisor.$procmux$8034.
    dead port 2/2 on $mux $flatten\safety.supervisor.$procmux$8031.
    dead port 2/2 on $mux $flatten\safety.supervisor.$procmux$12882.
    dead port 2/2 on $mux $flatten\safety.supervisor.$procmux$12884.
    dead port 1/2 on $mux $flatten\safety.supervisor.$procmux$12887.
    dead port 1/2 on $mux $flatten\safety.supervisor.$procmux$12890.
    dead port 1/2 on $mux $flatten\safety.supervisor.$procmux$12893.
    dead port 2/2 on $mux $flatten\safety.supervisor.$procmux$12895.
    dead port 1/2 on $mux $flatten\safety.supervisor.$procmux$8025.
    dead port 1/2 on $mux $flatten\safety.supervisor.$procmux$8022.
    dead port 1/2 on $mux $flatten\safety.supervisor.$procmux$8019.
    dead port 2/2 on $mux $flatten\safety.supervisor.$procmux$8016.
    dead port 1/2 on $mux $flatten\safety.supervisor.$procmux$8010.
    dead port 1/2 on $mux $flatten\safety.supervisor.$procmux$8007.
    dead port 1/2 on $mux $flatten\safety.supervisor.$procmux$8004.
    dead port 2/2 on $mux $flatten\safety.supervisor.$procmux$8001.
    dead port 1/2 on $mux $flatten\safety.supervisor.$procmux$7977.
    dead port 1/2 on $mux $flatten\safety.supervisor.$procmux$7974.
    dead port 1/2 on $mux $flatten\safety.supervisor.$procmux$7971.
    dead port 2/2 on $mux $flatten\safety.supervisor.$procmux$7968.
    dead port 2/2 on $mux $flatten\safety.supervisor.$procmux$7966.
    dead port 1/2 on $mux $flatten\safety.supervisor.$procmux$7959.
    dead port 1/2 on $mux $flatten\safety.supervisor.$procmux$7956.
    dead port 1/2 on $mux $flatten\safety.supervisor.$procmux$7953.
    dead port 2/2 on $mux $flatten\safety.supervisor.$procmux$7950.
    dead port 2/2 on $mux $flatten\safety.supervisor.$procmux$12998.
    dead port 1/2 on $mux $flatten\safety.supervisor.$procmux$13001.
    dead port 1/2 on $mux $flatten\safety.supervisor.$procmux$13004.
    dead port 1/2 on $mux $flatten\safety.supervisor.$procmux$13007.
    dead port 2/2 on $mux $flatten\safety.supervisor.$procmux$13009.
    dead port 1/2 on $mux $flatten\safety.supervisor.$procmux$13021.
    dead port 2/2 on $mux $flatten\safety.supervisor.$procmux$13026.
    dead port 2/2 on $mux $flatten\safety.supervisor.$procmux$13028.
    dead port 1/2 on $mux $flatten\safety.supervisor.$procmux$13031.
    dead port 1/2 on $mux $flatten\safety.supervisor.$procmux$13034.
    dead port 1/2 on $mux $flatten\safety.supervisor.$procmux$13037.
    dead port 2/2 on $mux $flatten\safety.supervisor.$procmux$13039.
    dead port 1/2 on $mux $flatten\safety.supervisor.$procmux$13048.
    dead port 2/2 on $mux $flatten\safety.supervisor.$procmux$13053.
    dead port 2/2 on $mux $flatten\safety.supervisor.$procmux$13055.
    dead port 1/2 on $mux $flatten\safety.supervisor.$procmux$13058.
    dead port 1/2 on $mux $flatten\safety.supervisor.$procmux$13061.
    dead port 1/2 on $mux $flatten\safety.supervisor.$procmux$13064.
    dead port 2/2 on $mux $flatten\safety.supervisor.$procmux$13066.
    dead port 2/2 on $mux $flatten\safety.supervisor.$procmux$7948.
    dead port 1/2 on $mux $flatten\safety.supervisor.$procmux$7941.
    dead port 1/2 on $mux $flatten\safety.supervisor.$procmux$7938.
    dead port 1/2 on $mux $flatten\safety.supervisor.$procmux$7935.
    dead port 2/2 on $mux $flatten\safety.supervisor.$procmux$7932.
    dead port 2/2 on $mux $flatten\safety.supervisor.$procmux$7930.
    dead port 1/2 on $mux $flatten\safety.supervisor.$procmux$7923.
    dead port 1/2 on $mux $flatten\safety.supervisor.$procmux$7920.
    dead port 1/2 on $mux $flatten\safety.supervisor.$procmux$7917.
    dead port 2/2 on $mux $flatten\safety.supervisor.$procmux$7914.
    dead port 2/2 on $mux $flatten\safety.supervisor.$procmux$7912.
    dead port 1/2 on $mux $flatten\safety.supervisor.$procmux$7905.
    dead port 2/2 on $mux $flatten\safety.supervisor.$procmux$13131.
    dead port 2/2 on $mux $flatten\safety.supervisor.$procmux$13133.
    dead port 1/2 on $mux $flatten\safety.supervisor.$procmux$13136.
    dead port 1/2 on $mux $flatten\safety.supervisor.$procmux$13139.
    dead port 1/2 on $mux $flatten\safety.supervisor.$procmux$13142.
    dead port 2/2 on $mux $flatten\safety.supervisor.$procmux$13144.
    dead port 1/2 on $mux $flatten\safety.supervisor.$procmux$7902.
    dead port 1/2 on $mux $flatten\safety.supervisor.$procmux$7899.
    dead port 2/2 on $mux $flatten\safety.supervisor.$procmux$7896.
    dead port 2/2 on $mux $flatten\safety.supervisor.$procmux$7894.
    dead port 1/2 on $mux $flatten\safety.supervisor.$procmux$7887.
    dead port 1/2 on $mux $flatten\safety.supervisor.$procmux$7884.
    dead port 1/2 on $mux $flatten\safety.supervisor.$procmux$7881.
    dead port 2/2 on $mux $flatten\safety.supervisor.$procmux$7878.
    dead port 2/2 on $mux $flatten\safety.supervisor.$procmux$7876.
    dead port 1/2 on $mux $flatten\safety.supervisor.$procmux$11252.
    dead port 2/2 on $mux $flatten\safety.supervisor.$procmux$13200.
    dead port 2/2 on $mux $flatten\safety.supervisor.$procmux$13202.
    dead port 1/2 on $mux $flatten\safety.supervisor.$procmux$13205.
    dead port 1/2 on $mux $flatten\safety.supervisor.$procmux$13208.
    dead port 1/2 on $mux $flatten\safety.supervisor.$procmux$13211.
    dead port 2/2 on $mux $flatten\safety.supervisor.$procmux$13213.
    dead port 1/2 on $mux $flatten\safety.supervisor.$procmux$7851.
    dead port 1/2 on $mux $flatten\safety.supervisor.$procmux$7848.
    dead port 1/2 on $mux $flatten\safety.supervisor.$procmux$7845.
    dead port 2/2 on $mux $flatten\safety.supervisor.$procmux$7842.
    dead port 2/2 on $mux $flatten\safety.supervisor.$procmux$7840.
    dead port 2/2 on $mux $flatten\safety.supervisor.$procmux$11254.
    dead port 2/2 on $mux $flatten\safety.supervisor.$procmux$9945.
    dead port 1/2 on $mux $flatten\safety.supervisor.$procmux$9249.
    dead port 1/2 on $mux $flatten\safety.supervisor.$procmux$13331.
    dead port 1/2 on $mux $flatten\safety.supervisor.$procmux$13334.
    dead port 1/2 on $mux $flatten\safety.supervisor.$procmux$13337.
    dead port 2/2 on $mux $flatten\safety.supervisor.$procmux$13339.
    dead port 2/2 on $mux $flatten\safety.supervisor.$procmux$10505.
    dead port 1/2 on $mux $flatten\safety.supervisor.$procmux$10508.
    dead port 1/2 on $mux $flatten\safety.supervisor.$procmux$10511.
    dead port 1/2 on $mux $flatten\safety.supervisor.$procmux$10514.
    dead port 1/2 on $mux $flatten\safety.supervisor.$procmux$10517.
    dead port 2/2 on $mux $flatten\safety.supervisor.$procmux$10519.
    dead port 1/2 on $mux $flatten\safety.supervisor.$procmux$10526.
    dead port 1/2 on $mux $flatten\safety.supervisor.$procmux$10529.
    dead port 1/2 on $mux $flatten\safety.supervisor.$procmux$10532.
    dead port 1/2 on $mux $flatten\safety.supervisor.$procmux$10535.
    dead port 2/2 on $mux $flatten\safety.supervisor.$procmux$10537.
    dead port 2/2 on $mux $flatten\safety.supervisor.$procmux$10544.
    dead port 1/2 on $mux $flatten\safety.supervisor.$procmux$10547.
    dead port 1/2 on $mux $flatten\safety.supervisor.$procmux$10550.
    dead port 1/2 on $mux $flatten\safety.supervisor.$procmux$10553.
    dead port 2/2 on $mux $flatten\safety.supervisor.$procmux$10555.
    dead port 1/2 on $mux $flatten\safety.supervisor.$procmux$10562.
    dead port 1/2 on $mux $flatten\safety.supervisor.$procmux$10565.
    dead port 1/2 on $mux $flatten\safety.supervisor.$procmux$10568.
    dead port 2/2 on $mux $flatten\safety.supervisor.$procmux$10570.
    dead port 2/2 on $mux $flatten\safety.supervisor.$procmux$10577.
    dead port 1/2 on $mux $flatten\safety.supervisor.$procmux$10580.
    dead port 1/2 on $mux $flatten\safety.supervisor.$procmux$10583.
    dead port 2/2 on $mux $flatten\safety.supervisor.$procmux$10585.
    dead port 1/2 on $mux $flatten\safety.supervisor.$procmux$10592.
    dead port 1/2 on $mux $flatten\safety.supervisor.$procmux$10595.
    dead port 2/2 on $mux $flatten\safety.supervisor.$procmux$10597.
    dead port 2/2 on $mux $flatten\safety.supervisor.$procmux$10604.
    dead port 1/2 on $mux $flatten\safety.supervisor.$procmux$7671.
    dead port 1/2 on $mux $flatten\safety.supervisor.$procmux$7668.
    dead port 1/2 on $mux $flatten\safety.supervisor.$procmux$7665.
    dead port 2/2 on $mux $flatten\safety.supervisor.$procmux$7662.
    dead port 1/2 on $mux $flatten\safety.supervisor.$procmux$7660.
    dead port 1/2 on $mux $flatten\safety.supervisor.$procmux$7653.
    dead port 1/2 on $mux $flatten\safety.supervisor.$procmux$7650.
    dead port 1/2 on $mux $flatten\safety.supervisor.$procmux$7647.
    dead port 2/2 on $mux $flatten\safety.supervisor.$procmux$7644.
    dead port 1/2 on $mux $flatten\safety.supervisor.$procmux$7642.
    dead port 1/2 on $mux $flatten\safety.supervisor.$procmux$7635.
    dead port 1/2 on $mux $flatten\safety.supervisor.$procmux$7632.
    dead port 1/2 on $mux $flatten\safety.supervisor.$procmux$7629.
    dead port 2/2 on $mux $flatten\safety.supervisor.$procmux$7626.
    dead port 1/2 on $mux $flatten\safety.supervisor.$procmux$7624.
    dead port 1/2 on $mux $flatten\safety.supervisor.$procmux$7617.
    dead port 1/2 on $mux $flatten\safety.supervisor.$procmux$7614.
    dead port 1/2 on $mux $flatten\safety.supervisor.$procmux$7611.
    dead port 2/2 on $mux $flatten\safety.supervisor.$procmux$7608.
    dead port 1/2 on $mux $flatten\safety.supervisor.$procmux$7606.
    dead port 1/2 on $mux $flatten\safety.supervisor.$procmux$7599.
    dead port 1/2 on $mux $flatten\safety.supervisor.$procmux$7596.
    dead port 1/2 on $mux $flatten\safety.supervisor.$procmux$7593.
    dead port 2/2 on $mux $flatten\safety.supervisor.$procmux$7590.
    dead port 1/2 on $mux $flatten\safety.supervisor.$procmux$7588.
    dead port 1/2 on $mux $flatten\safety.supervisor.$procmux$7581.
    dead port 1/2 on $mux $flatten\safety.supervisor.$procmux$7578.
    dead port 1/2 on $mux $flatten\safety.supervisor.$procmux$7575.
    dead port 2/2 on $mux $flatten\safety.supervisor.$procmux$7572.
    dead port 1/2 on $mux $flatten\safety.supervisor.$procmux$7570.
    dead port 1/2 on $mux $flatten\safety.supervisor.$procmux$7563.
    dead port 1/2 on $mux $flatten\safety.supervisor.$procmux$7560.
    dead port 1/2 on $mux $flatten\safety.supervisor.$procmux$7557.
    dead port 2/2 on $mux $flatten\safety.supervisor.$procmux$7554.
    dead port 1/2 on $mux $flatten\safety.supervisor.$procmux$7552.
    dead port 1/2 on $mux $flatten\safety.supervisor.$procmux$7545.
    dead port 1/2 on $mux $flatten\safety.supervisor.$procmux$7542.
    dead port 1/2 on $mux $flatten\safety.supervisor.$procmux$7539.
    dead port 2/2 on $mux $flatten\safety.supervisor.$procmux$7536.
    dead port 1/2 on $mux $flatten\safety.supervisor.$procmux$7534.
    dead port 1/2 on $mux $flatten\safety.supervisor.$procmux$10607.
    dead port 2/2 on $mux $flatten\safety.supervisor.$procmux$10609.
    dead port 2/2 on $mux $flatten\safety.supervisor.$procmux$10616.
    dead port 1/2 on $mux $flatten\safety.supervisor.$procmux$10619.
    dead port 2/2 on $mux $flatten\safety.supervisor.$procmux$10621.
    dead port 1/2 on $mux $flatten\safety.supervisor.$procmux$10628.
    dead port 2/2 on $mux $flatten\safety.supervisor.$procmux$10630.
    dead port 2/2 on $mux $flatten\safety.supervisor.$procmux$10636.
    dead port 2/2 on $mux $flatten\safety.supervisor.$procmux$9855.
    dead port 2/2 on $mux $flatten\safety.supervisor.$procmux$10652.
    dead port 1/2 on $mux $flatten\safety.supervisor.$procmux$10655.
    dead port 1/2 on $mux $flatten\safety.supervisor.$procmux$10658.
    dead port 1/2 on $mux $flatten\safety.supervisor.$procmux$10661.
    dead port 1/2 on $mux $flatten\safety.supervisor.$procmux$10664.
    dead port 2/2 on $mux $flatten\safety.supervisor.$procmux$10666.
    dead port 1/2 on $mux $flatten\safety.supervisor.$procmux$10681.
    dead port 2/2 on $mux $flatten\safety.supervisor.$procmux$10683.
    dead port 2/2 on $mux $flatten\safety.supervisor.$procmux$10685.
    dead port 1/2 on $mux $flatten\safety.supervisor.$procmux$10688.
    dead port 1/2 on $mux $flatten\safety.supervisor.$procmux$10691.
    dead port 1/2 on $mux $flatten\safety.supervisor.$procmux$10694.
    dead port 1/2 on $mux $flatten\safety.supervisor.$procmux$10697.
    dead port 2/2 on $mux $flatten\safety.supervisor.$procmux$10699.
    dead port 1/2 on $mux $flatten\safety.supervisor.$procmux$9868.
    dead port 1/2 on $mux $flatten\safety.supervisor.$procmux$10711.
    dead port 2/2 on $mux $flatten\safety.supervisor.$procmux$10713.
    dead port 2/2 on $mux $flatten\safety.supervisor.$procmux$10715.
    dead port 1/2 on $mux $flatten\safety.supervisor.$procmux$10718.
    dead port 1/2 on $mux $flatten\safety.supervisor.$procmux$10721.
    dead port 1/2 on $mux $flatten\safety.supervisor.$procmux$10724.
    dead port 1/2 on $mux $flatten\safety.supervisor.$procmux$10727.
    dead port 2/2 on $mux $flatten\safety.supervisor.$procmux$10729.
    dead port 1/2 on $mux $flatten\safety.supervisor.$procmux$7401.
    dead port 1/2 on $mux $flatten\safety.supervisor.$procmux$7398.
    dead port 1/2 on $mux $flatten\safety.supervisor.$procmux$7395.
    dead port 2/2 on $mux $flatten\safety.supervisor.$procmux$7392.
    dead port 1/2 on $mux $flatten\safety.supervisor.$procmux$7390.
    dead port 1/2 on $mux $flatten\safety.supervisor.$procmux$7387.
    dead port 1/2 on $mux $flatten\safety.supervisor.$procmux$7380.
    dead port 1/2 on $mux $flatten\safety.supervisor.$procmux$7377.
    dead port 1/2 on $mux $flatten\safety.supervisor.$procmux$7374.
    dead port 2/2 on $mux $flatten\safety.supervisor.$procmux$7371.
    dead port 1/2 on $mux $flatten\safety.supervisor.$procmux$7369.
    dead port 1/2 on $mux $flatten\safety.supervisor.$procmux$7366.
    dead port 1/2 on $mux $flatten\safety.supervisor.$procmux$7359.
    dead port 1/2 on $mux $flatten\safety.supervisor.$procmux$7356.
    dead port 1/2 on $mux $flatten\safety.supervisor.$procmux$7353.
    dead port 2/2 on $mux $flatten\safety.supervisor.$procmux$7350.
    dead port 1/2 on $mux $flatten\safety.supervisor.$procmux$7348.
    dead port 1/2 on $mux $flatten\safety.supervisor.$procmux$7345.
    dead port 1/2 on $mux $flatten\safety.supervisor.$procmux$7338.
    dead port 1/2 on $mux $flatten\safety.supervisor.$procmux$7335.
    dead port 1/2 on $mux $flatten\safety.supervisor.$procmux$7332.
    dead port 2/2 on $mux $flatten\safety.supervisor.$procmux$7329.
    dead port 1/2 on $mux $flatten\safety.supervisor.$procmux$7327.
    dead port 1/2 on $mux $flatten\safety.supervisor.$procmux$7324.
    dead port 1/2 on $mux $flatten\safety.supervisor.$procmux$7317.
    dead port 1/2 on $mux $flatten\safety.supervisor.$procmux$7314.
    dead port 1/2 on $mux $flatten\safety.supervisor.$procmux$7311.
    dead port 2/2 on $mux $flatten\safety.supervisor.$procmux$7308.
    dead port 1/2 on $mux $flatten\safety.supervisor.$procmux$7306.
    dead port 1/2 on $mux $flatten\safety.supervisor.$procmux$7303.
    dead port 1/2 on $mux $flatten\safety.supervisor.$procmux$9871.
    dead port 2/2 on $mux $flatten\safety.supervisor.$procmux$9874.
    dead port 2/2 on $mux $flatten\safety.supervisor.$procmux$9876.
    dead port 1/2 on $mux $flatten\safety.supervisor.$procmux$9883.
    dead port 1/2 on $mux $flatten\safety.supervisor.$procmux$9886.
    dead port 2/2 on $mux $flatten\safety.supervisor.$procmux$9889.
    dead port 1/2 on $mux $flatten\safety.supervisor.$procmux$7275.
    dead port 1/2 on $mux $flatten\safety.supervisor.$procmux$7272.
    dead port 1/2 on $mux $flatten\safety.supervisor.$procmux$7269.
    dead port 2/2 on $mux $flatten\safety.supervisor.$procmux$7266.
    dead port 1/2 on $mux $flatten\safety.supervisor.$procmux$7264.
    dead port 1/2 on $mux $flatten\safety.supervisor.$procmux$7261.
    dead port 1/2 on $mux $flatten\safety.supervisor.$procmux$7254.
    dead port 1/2 on $mux $flatten\safety.supervisor.$procmux$7251.
    dead port 1/2 on $mux $flatten\safety.supervisor.$procmux$7248.
    dead port 2/2 on $mux $flatten\safety.supervisor.$procmux$7245.
    dead port 1/2 on $mux $flatten\safety.supervisor.$procmux$7243.
    dead port 1/2 on $mux $flatten\safety.supervisor.$procmux$7240.
    dead port 1/2 on $mux $flatten\safety.supervisor.$procmux$7233.
    dead port 1/2 on $mux $flatten\safety.supervisor.$procmux$7230.
    dead port 1/2 on $mux $flatten\safety.supervisor.$procmux$7227.
    dead port 2/2 on $mux $flatten\safety.supervisor.$procmux$7224.
    dead port 1/2 on $mux $flatten\safety.supervisor.$procmux$7222.
    dead port 1/2 on $mux $flatten\safety.supervisor.$procmux$7219.
    dead port 2/2 on $mux $flatten\safety.supervisor.$procmux$9891.
    dead port 1/2 on $mux $flatten\safety.supervisor.$procmux$7188.
    dead port 1/2 on $mux $flatten\safety.supervisor.$procmux$7185.
    dead port 1/2 on $mux $flatten\safety.supervisor.$procmux$7182.
    dead port 2/2 on $mux $flatten\safety.supervisor.$procmux$7179.
    dead port 1/2 on $mux $flatten\safety.supervisor.$procmux$7177.
    dead port 1/2 on $mux $flatten\safety.supervisor.$procmux$7174.
    dead port 2/2 on $mux $flatten\safety.supervisor.$procmux$7171.
    dead port 1/2 on $mux $flatten\safety.supervisor.$procmux$7164.
    dead port 1/2 on $mux $flatten\safety.supervisor.$procmux$7161.
    dead port 1/2 on $mux $flatten\safety.supervisor.$procmux$7158.
    dead port 2/2 on $mux $flatten\safety.supervisor.$procmux$7155.
    dead port 1/2 on $mux $flatten\safety.supervisor.$procmux$7153.
    dead port 1/2 on $mux $flatten\safety.supervisor.$procmux$7150.
    dead port 2/2 on $mux $flatten\safety.supervisor.$procmux$7147.
    dead port 1/2 on $mux $flatten\safety.supervisor.$procmux$7140.
    dead port 1/2 on $mux $flatten\safety.supervisor.$procmux$7137.
    dead port 1/2 on $mux $flatten\safety.supervisor.$procmux$7134.
    dead port 2/2 on $mux $flatten\safety.supervisor.$procmux$7131.
    dead port 1/2 on $mux $flatten\safety.supervisor.$procmux$7129.
    dead port 1/2 on $mux $flatten\safety.supervisor.$procmux$7126.
    dead port 2/2 on $mux $flatten\safety.supervisor.$procmux$7123.
    dead port 1/2 on $mux $flatten\safety.supervisor.$procmux$10798.
    dead port 2/2 on $mux $flatten\safety.supervisor.$procmux$10800.
    dead port 2/2 on $mux $flatten\safety.supervisor.$procmux$10802.
    dead port 1/2 on $mux $flatten\safety.supervisor.$procmux$10805.
    dead port 1/2 on $mux $flatten\safety.supervisor.$procmux$10808.
    dead port 1/2 on $mux $flatten\safety.supervisor.$procmux$10811.
    dead port 1/2 on $mux $flatten\safety.supervisor.$procmux$10814.
    dead port 2/2 on $mux $flatten\safety.supervisor.$procmux$10816.
    dead port 1/2 on $mux $flatten\safety.supervisor.$procmux$7020.
    dead port 1/2 on $mux $flatten\safety.supervisor.$procmux$7017.
    dead port 1/2 on $mux $flatten\safety.supervisor.$procmux$7014.
    dead port 2/2 on $mux $flatten\safety.supervisor.$procmux$7011.
    dead port 1/2 on $mux $flatten\safety.supervisor.$procmux$7009.
    dead port 1/2 on $mux $flatten\safety.supervisor.$procmux$7006.
    dead port 1/2 on $mux $flatten\safety.supervisor.$procmux$7003.
    dead port 1/2 on $mux $flatten\safety.supervisor.$procmux$6996.
    dead port 1/2 on $mux $flatten\safety.supervisor.$procmux$6993.
    dead port 1/2 on $mux $flatten\safety.supervisor.$procmux$6990.
    dead port 2/2 on $mux $flatten\safety.supervisor.$procmux$6987.
    dead port 1/2 on $mux $flatten\safety.supervisor.$procmux$6985.
    dead port 1/2 on $mux $flatten\safety.supervisor.$procmux$6982.
    dead port 1/2 on $mux $flatten\safety.supervisor.$procmux$6979.
    dead port 1/2 on $mux $flatten\safety.supervisor.$procmux$6972.
    dead port 1/2 on $mux $flatten\safety.supervisor.$procmux$6969.
    dead port 1/2 on $mux $flatten\safety.supervisor.$procmux$6966.
    dead port 2/2 on $mux $flatten\safety.supervisor.$procmux$6963.
    dead port 1/2 on $mux $flatten\safety.supervisor.$procmux$6961.
    dead port 1/2 on $mux $flatten\safety.supervisor.$procmux$6958.
    dead port 1/2 on $mux $flatten\safety.supervisor.$procmux$6955.
    dead port 1/2 on $mux $flatten\safety.supervisor.$procmux$6948.
    dead port 1/2 on $mux $flatten\safety.supervisor.$procmux$6945.
    dead port 1/2 on $mux $flatten\safety.supervisor.$procmux$6942.
    dead port 2/2 on $mux $flatten\safety.supervisor.$procmux$6939.
    dead port 1/2 on $mux $flatten\safety.supervisor.$procmux$6937.
    dead port 1/2 on $mux $flatten\safety.supervisor.$procmux$6934.
    dead port 1/2 on $mux $flatten\safety.supervisor.$procmux$6931.
    dead port 1/2 on $mux $flatten\safety.supervisor.$procmux$6924.
    dead port 1/2 on $mux $flatten\safety.supervisor.$procmux$6921.
    dead port 1/2 on $mux $flatten\safety.supervisor.$procmux$6918.
    dead port 2/2 on $mux $flatten\safety.supervisor.$procmux$6915.
    dead port 1/2 on $mux $flatten\safety.supervisor.$procmux$6913.
    dead port 1/2 on $mux $flatten\safety.supervisor.$procmux$6910.
    dead port 1/2 on $mux $flatten\safety.supervisor.$procmux$6907.
    dead port 1/2 on $mux $flatten\safety.supervisor.$procmux$6900.
    dead port 1/2 on $mux $flatten\safety.supervisor.$procmux$6897.
    dead port 1/2 on $mux $flatten\safety.supervisor.$procmux$6894.
    dead port 2/2 on $mux $flatten\safety.supervisor.$procmux$6891.
    dead port 1/2 on $mux $flatten\safety.supervisor.$procmux$6889.
    dead port 1/2 on $mux $flatten\safety.supervisor.$procmux$6886.
    dead port 1/2 on $mux $flatten\safety.supervisor.$procmux$6883.
    dead port 1/2 on $mux $flatten\safety.supervisor.$procmux$6876.
    dead port 1/2 on $mux $flatten\safety.supervisor.$procmux$6873.
    dead port 1/2 on $mux $flatten\safety.supervisor.$procmux$6870.
    dead port 2/2 on $mux $flatten\safety.supervisor.$procmux$6867.
    dead port 1/2 on $mux $flatten\safety.supervisor.$procmux$6865.
    dead port 1/2 on $mux $flatten\safety.supervisor.$procmux$6862.
    dead port 1/2 on $mux $flatten\safety.supervisor.$procmux$6859.
    dead port 2/2 on $mux $flatten\safety.supervisor.$procmux$6856.
    dead port 1/2 on $mux $flatten\safety.supervisor.$procmux$6849.
    dead port 1/2 on $mux $flatten\safety.supervisor.$procmux$6846.
    dead port 1/2 on $mux $flatten\safety.supervisor.$procmux$6843.
    dead port 2/2 on $mux $flatten\safety.supervisor.$procmux$6840.
    dead port 1/2 on $mux $flatten\safety.supervisor.$procmux$6838.
    dead port 1/2 on $mux $flatten\safety.supervisor.$procmux$6835.
    dead port 1/2 on $mux $flatten\safety.supervisor.$procmux$6832.
    dead port 2/2 on $mux $flatten\safety.supervisor.$procmux$6829.
    dead port 2/2 on $mux $flatten\safety.supervisor.$procmux$10878.
    dead port 2/2 on $mux $flatten\safety.supervisor.$procmux$10880.
    dead port 1/2 on $mux $flatten\safety.supervisor.$procmux$10883.
    dead port 1/2 on $mux $flatten\safety.supervisor.$procmux$10886.
    dead port 1/2 on $mux $flatten\safety.supervisor.$procmux$10889.
    dead port 1/2 on $mux $flatten\safety.supervisor.$procmux$10892.
    dead port 2/2 on $mux $flatten\safety.supervisor.$procmux$10894.
    dead port 1/2 on $mux $flatten\safety.supervisor.$procmux$14353.
    dead port 1/2 on $mux $flatten\safety.supervisor.$procmux$14356.
    dead port 1/2 on $mux $flatten\safety.supervisor.$procmux$14359.
    dead port 2/2 on $mux $flatten\safety.supervisor.$procmux$14361.
    dead port 2/2 on $mux $flatten\safety.supervisor.$procmux$14363.
    dead port 1/2 on $mux $flatten\safety.supervisor.$procmux$14366.
    dead port 1/2 on $mux $flatten\safety.supervisor.$procmux$14369.
    dead port 2/2 on $mux $flatten\safety.supervisor.$procmux$14371.
    dead port 1/2 on $mux $flatten\safety.supervisor.$procmux$14380.
    dead port 1/2 on $mux $flatten\safety.supervisor.$procmux$14383.
    dead port 2/2 on $mux $flatten\safety.supervisor.$procmux$14385.
    dead port 2/2 on $mux $flatten\safety.supervisor.$procmux$14387.
    dead port 1/2 on $mux $flatten\safety.supervisor.$procmux$14390.
    dead port 1/2 on $mux $flatten\safety.supervisor.$procmux$14393.
    dead port 2/2 on $mux $flatten\safety.supervisor.$procmux$14395.
    dead port 1/2 on $mux $flatten\safety.supervisor.$procmux$9898.
    dead port 1/2 on $mux $flatten\safety.supervisor.$procmux$9423.
    dead port 1/2 on $mux $flatten\safety.supervisor.$procmux$6741.
    dead port 1/2 on $mux $flatten\safety.supervisor.$procmux$6738.
    dead port 1/2 on $mux $flatten\safety.supervisor.$procmux$6735.
    dead port 1/2 on $mux $flatten\safety.supervisor.$procmux$14452.
    dead port 2/2 on $mux $flatten\safety.supervisor.$procmux$14454.
    dead port 2/2 on $mux $flatten\safety.supervisor.$procmux$14456.
    dead port 1/2 on $mux $flatten\safety.supervisor.$procmux$14459.
    dead port 1/2 on $mux $flatten\safety.supervisor.$procmux$14462.
    dead port 2/2 on $mux $flatten\safety.supervisor.$procmux$14464.
    dead port 2/2 on $mux $flatten\safety.supervisor.$procmux$6732.
    dead port 1/2 on $mux $flatten\safety.supervisor.$procmux$6730.
    dead port 1/2 on $mux $flatten\safety.supervisor.$procmux$6727.
    dead port 1/2 on $mux $flatten\safety.supervisor.$procmux$6724.
    dead port 1/2 on $mux $flatten\safety.supervisor.$procmux$6721.
    dead port 1/2 on $mux $flatten\safety.supervisor.$procmux$6714.
    dead port 1/2 on $mux $flatten\safety.supervisor.$procmux$6711.
    dead port 1/2 on $mux $flatten\safety.supervisor.$procmux$6708.
    dead port 2/2 on $mux $flatten\safety.supervisor.$procmux$6705.
    dead port 1/2 on $mux $flatten\safety.supervisor.$procmux$6703.
    dead port 1/2 on $mux $flatten\safety.supervisor.$procmux$6700.
    dead port 1/2 on $mux $flatten\safety.supervisor.$procmux$6697.
    dead port 1/2 on $mux $flatten\safety.supervisor.$procmux$6694.
    dead port 2/2 on $mux $flatten\safety.supervisor.$procmux$14514.
    dead port 2/2 on $mux $flatten\safety.supervisor.$procmux$14516.
    dead port 1/2 on $mux $flatten\safety.supervisor.$procmux$14519.
    dead port 1/2 on $mux $flatten\safety.supervisor.$procmux$14522.
    dead port 2/2 on $mux $flatten\safety.supervisor.$procmux$14524.
    dead port 1/2 on $mux $flatten\safety.supervisor.$procmux$6687.
    dead port 1/2 on $mux $flatten\safety.supervisor.$procmux$6684.
    dead port 1/2 on $mux $flatten\safety.supervisor.$procmux$6681.
    dead port 2/2 on $mux $flatten\safety.supervisor.$procmux$6678.
    dead port 1/2 on $mux $flatten\safety.supervisor.$procmux$6676.
    dead port 1/2 on $mux $flatten\safety.supervisor.$procmux$6673.
    dead port 1/2 on $mux $flatten\safety.supervisor.$procmux$6670.
    dead port 1/2 on $mux $flatten\safety.supervisor.$procmux$6667.
    dead port 1/2 on $mux $flatten\safety.supervisor.$procmux$6660.
    dead port 1/2 on $mux $flatten\safety.supervisor.$procmux$6657.
    dead port 1/2 on $mux $flatten\safety.supervisor.$procmux$6654.
    dead port 2/2 on $mux $flatten\safety.supervisor.$procmux$6651.
    dead port 1/2 on $mux $flatten\safety.supervisor.$procmux$6649.
    dead port 1/2 on $mux $flatten\safety.supervisor.$procmux$6646.
    dead port 1/2 on $mux $flatten\safety.supervisor.$procmux$6643.
    dead port 1/2 on $mux $flatten\safety.supervisor.$procmux$6640.
    dead port 1/2 on $mux $flatten\safety.supervisor.$procmux$9417.
    dead port 1/2 on $mux $flatten\safety.supervisor.$procmux$9411.
    dead port 2/2 on $mux $flatten\safety.supervisor.$procmux$14597.
    dead port 1/2 on $mux $flatten\safety.supervisor.$procmux$14600.
    dead port 1/2 on $mux $flatten\safety.supervisor.$procmux$14603.
    dead port 2/2 on $mux $flatten\safety.supervisor.$procmux$14605.
    dead port 1/2 on $mux $flatten\safety.supervisor.$procmux$14612.
    dead port 1/2 on $mux $flatten\safety.supervisor.$procmux$14615.
    dead port 2/2 on $mux $flatten\safety.supervisor.$procmux$14617.
    dead port 1/2 on $mux $flatten\safety.supervisor.$procmux$9405.
    dead port 1/2 on $mux $flatten\safety.supervisor.$procmux$9399.
    dead port 1/2 on $mux $flatten\safety.supervisor.$procmux$6607.
    dead port 1/2 on $mux $flatten\safety.supervisor.$procmux$6604.
    dead port 1/2 on $mux $flatten\safety.supervisor.$procmux$6601.
    dead port 2/2 on $mux $flatten\safety.supervisor.$procmux$6598.
    dead port 1/2 on $mux $flatten\safety.supervisor.$procmux$6596.
    dead port 1/2 on $mux $flatten\safety.supervisor.$procmux$6593.
    dead port 1/2 on $mux $flatten\safety.supervisor.$procmux$6590.
    dead port 1/2 on $mux $flatten\safety.supervisor.$procmux$6587.
    dead port 2/2 on $mux $flatten\safety.supervisor.$procmux$6584.
    dead port 1/2 on $mux $flatten\safety.supervisor.$procmux$6577.
    dead port 1/2 on $mux $flatten\safety.supervisor.$procmux$6574.
    dead port 1/2 on $mux $flatten\safety.supervisor.$procmux$6571.
    dead port 2/2 on $mux $flatten\safety.supervisor.$procmux$6568.
    dead port 1/2 on $mux $flatten\safety.supervisor.$procmux$6566.
    dead port 1/2 on $mux $flatten\safety.supervisor.$procmux$6563.
    dead port 1/2 on $mux $flatten\safety.supervisor.$procmux$6560.
    dead port 1/2 on $mux $flatten\safety.supervisor.$procmux$6557.
    dead port 2/2 on $mux $flatten\safety.supervisor.$procmux$6554.
    dead port 1/2 on $mux $flatten\safety.supervisor.$procmux$6547.
    dead port 1/2 on $mux $flatten\safety.supervisor.$procmux$6544.
    dead port 1/2 on $mux $flatten\safety.supervisor.$procmux$6541.
    dead port 2/2 on $mux $flatten\safety.supervisor.$procmux$6538.
    dead port 1/2 on $mux $flatten\safety.supervisor.$procmux$6536.
    dead port 1/2 on $mux $flatten\safety.supervisor.$procmux$6533.
    dead port 1/2 on $mux $flatten\safety.supervisor.$procmux$6530.
    dead port 1/2 on $mux $flatten\safety.supervisor.$procmux$6527.
    dead port 2/2 on $mux $flatten\safety.supervisor.$procmux$6524.
    dead port 1/2 on $mux $flatten\safety.supervisor.$procmux$9393.
    dead port 1/2 on $mux $flatten\safety.supervisor.$procmux$9387.
    dead port 1/2 on $mux $flatten\safety.supervisor.$procmux$6487.
    dead port 1/2 on $mux $flatten\safety.supervisor.$procmux$6484.
    dead port 1/2 on $mux $flatten\safety.supervisor.$procmux$6481.
    dead port 2/2 on $mux $flatten\safety.supervisor.$procmux$6478.
    dead port 1/2 on $mux $flatten\safety.supervisor.$procmux$6476.
    dead port 1/2 on $mux $flatten\safety.supervisor.$procmux$6473.
    dead port 1/2 on $mux $flatten\safety.supervisor.$procmux$6470.
    dead port 1/2 on $mux $flatten\safety.supervisor.$procmux$6467.
    dead port 1/2 on $mux $flatten\safety.supervisor.$procmux$6464.
    dead port 2/2 on $mux $flatten\safety.supervisor.$procmux$11012.
    dead port 1/2 on $mux $flatten\safety.supervisor.$procmux$11015.
    dead port 1/2 on $mux $flatten\safety.supervisor.$procmux$11018.
    dead port 1/2 on $mux $flatten\safety.supervisor.$procmux$11021.
    dead port 1/2 on $mux $flatten\safety.supervisor.$procmux$11024.
    dead port 2/2 on $mux $flatten\safety.supervisor.$procmux$11026.
    dead port 1/2 on $mux $flatten\safety.supervisor.$procmux$8766.
    dead port 1/2 on $mux $flatten\safety.supervisor.$procmux$9237.
    dead port 1/2 on $mux $flatten\safety.supervisor.$procmux$8763.
    dead port 1/2 on $mux $flatten\safety.supervisor.$procmux$9958.
    dead port 1/2 on $mux $flatten\safety.supervisor.$procmux$9225.
    dead port 1/2 on $mux $flatten\safety.supervisor.$procmux$9961.
    dead port 2/2 on $mux $flatten\safety.supervisor.$procmux$9964.
    dead port 1/2 on $mux $flatten\safety.supervisor.$procmux$8757.
    dead port 2/2 on $mux $flatten\safety.supervisor.$procmux$9966.
    dead port 1/2 on $mux $flatten\safety.supervisor.$procmux$8754.
    dead port 1/2 on $mux $flatten\safety.supervisor.$procmux$9973.
    dead port 1/2 on $mux $flatten\safety.supervisor.$procmux$9976.
    dead port 1/2 on $mux $flatten\safety.supervisor.$procmux$8748.
    dead port 1/2 on $mux $flatten\safety.supervisor.$procmux$9201.
    dead port 2/2 on $mux $flatten\safety.supervisor.$procmux$9979.
    dead port 2/2 on $mux $flatten\safety.supervisor.$procmux$9981.
    dead port 1/2 on $mux $flatten\safety.supervisor.$procmux$9189.
    dead port 1/2 on $mux $flatten\safety.supervisor.$procmux$8745.
    dead port 1/2 on $mux $flatten\safety.supervisor.$procmux$9183.
    dead port 2/2 on $mux $flatten\safety.supervisor.$procmux$10209.
    dead port 1/2 on $mux $flatten\safety.supervisor.$procmux$9381.
    dead port 1/2 on $mux $flatten\safety.supervisor.$procmux$11041.
    dead port 2/2 on $mux $flatten\safety.supervisor.$procmux$11043.
    dead port 2/2 on $mux $flatten\safety.supervisor.$procmux$11045.
    dead port 1/2 on $mux $flatten\safety.supervisor.$procmux$11048.
    dead port 1/2 on $mux $flatten\safety.supervisor.$procmux$11051.
    dead port 1/2 on $mux $flatten\safety.supervisor.$procmux$11054.
    dead port 1/2 on $mux $flatten\safety.supervisor.$procmux$11057.
    dead port 2/2 on $mux $flatten\safety.supervisor.$procmux$11059.
    dead port 1/2 on $mux $flatten\safety.supervisor.$procmux$9177.
    dead port 1/2 on $mux $flatten\safety.supervisor.$procmux$8739.
    dead port 1/2 on $mux $flatten\safety.supervisor.$procmux$10212.
    dead port 1/2 on $mux $flatten\safety.supervisor.$procmux$8736.
    dead port 1/2 on $mux $flatten\safety.supervisor.$procmux$9171.
    dead port 1/2 on $mux $flatten\safety.supervisor.$procmux$8730.
    dead port 1/2 on $mux $flatten\safety.supervisor.$procmux$8727.
    dead port 2/2 on $mux $flatten\safety.supervisor.$procmux$11372.
    dead port 1/2 on $mux $flatten\safety.supervisor.$procmux$11375.
    dead port 1/2 on $mux $flatten\safety.supervisor.$procmux$11378.
    dead port 1/2 on $mux $flatten\safety.supervisor.$procmux$11381.
    dead port 1/2 on $mux $flatten\safety.supervisor.$procmux$11384.
    dead port 2/2 on $mux $flatten\safety.supervisor.$procmux$11386.
    dead port 1/2 on $mux $flatten\safety.supervisor.$procmux$9165.
    dead port 1/2 on $mux $flatten\safety.supervisor.$procmux$9375.
    dead port 2/2 on $mux $flatten\safety.supervisor.$procmux$10158.
    dead port 1/2 on $mux $flatten\safety.supervisor.$procmux$15608.
    dead port 2/2 on $mux $flatten\safety.supervisor.$procmux$15610.
    dead port 1/2 on $mux $flatten\safety.supervisor.$procmux$11401.
    dead port 2/2 on $mux $flatten\safety.supervisor.$procmux$11403.
    dead port 1/2 on $mux $flatten\safety.supervisor.$procmux$11071.
    dead port 2/2 on $mux $flatten\safety.supervisor.$procmux$11073.
    dead port 2/2 on $mux $flatten\safety.supervisor.$procmux$11075.
    dead port 1/2 on $mux $flatten\safety.supervisor.$procmux$10161.
    dead port 2/2 on $mux $flatten\safety.supervisor.$procmux$11405.
    dead port 1/2 on $mux $flatten\safety.supervisor.$procmux$11408.
    dead port 1/2 on $mux $flatten\safety.supervisor.$procmux$11411.
    dead port 1/2 on $mux $flatten\safety.supervisor.$procmux$11414.
    dead port 1/2 on $mux $flatten\safety.supervisor.$procmux$11417.
    dead port 2/2 on $mux $flatten\safety.supervisor.$procmux$11419.
    dead port 2/2 on $mux $flatten\safety.supervisor.$procmux$10168.
    dead port 1/2 on $mux $flatten\safety.supervisor.$procmux$9159.
    dead port 1/2 on $mux $flatten\safety.supervisor.$procmux$11431.
    dead port 2/2 on $mux $flatten\safety.supervisor.$procmux$11433.
    dead port 2/2 on $mux $flatten\safety.supervisor.$procmux$11435.
    dead port 2/2 on $mux $flatten\safety.supervisor.$procmux$10170.
    dead port 1/2 on $mux $flatten\safety.supervisor.$procmux$11438.
    dead port 1/2 on $mux $flatten\safety.supervisor.$procmux$11441.
    dead port 1/2 on $mux $flatten\safety.supervisor.$procmux$11444.
    dead port 1/2 on $mux $flatten\safety.supervisor.$procmux$11447.
    dead port 2/2 on $mux $flatten\safety.supervisor.$procmux$11449.
    dead port 1/2 on $mux $flatten\safety.supervisor.$procmux$10173.
    dead port 1/2 on $mux $flatten\safety.supervisor.$procmux$9988.
    dead port 1/2 on $mux $flatten\safety.supervisor.$procmux$11078.
    dead port 1/2 on $mux $flatten\safety.supervisor.$procmux$11081.
    dead port 1/2 on $mux $flatten\safety.supervisor.$procmux$11084.
    dead port 1/2 on $mux $flatten\safety.supervisor.$procmux$11087.
    dead port 2/2 on $mux $flatten\safety.supervisor.$procmux$11089.
    dead port 1/2 on $mux $flatten\safety.supervisor.$procmux$9369.
    dead port 2/2 on $mux $flatten\safety.supervisor.$procmux$9991.
    dead port 2/2 on $mux $flatten\safety.supervisor.$procmux$9993.
    dead port 1/2 on $mux $flatten\safety.supervisor.$procmux$9363.
    dead port 1/2 on $mux $flatten\safety.supervisor.$procmux$9357.
    dead port 2/2 on $mux $flatten\safety.supervisor.$procmux$9901.
    dead port 2/2 on $mux $flatten\safety.supervisor.$procmux$9903.
    dead port 1/2 on $mux $flatten\safety.supervisor.$procmux$10000.
    dead port 1/2 on $mux $flatten\safety.supervisor.$procmux$9267.
    dead port 2/2 on $mux $flatten\safety.supervisor.$procmux$10003.
    dead port 2/2 on $mux $flatten\safety.supervisor.$procmux$10005.
    dead port 1/2 on $mux $flatten\safety.supervisor.$procmux$9910.
    dead port 2/2 on $mux $flatten\safety.supervisor.$procmux$9913.
    dead port 2/2 on $mux $flatten\safety.supervisor.$procmux$9915.
    dead port 2/2 on $mux $flatten\safety.supervisor.$procmux$9922.
    dead port 2/2 on $mux $flatten\safety.supervisor.$procmux$10012.
    dead port 2/2 on $mux $flatten\safety.supervisor.$procmux$10180.
    dead port 2/2 on $mux $flatten\safety.supervisor.$procmux$10014.
    dead port 2/2 on $mux $flatten\safety.supervisor.$procmux$10021.
    dead port 2/2 on $mux $flatten\safety.supervisor.$procmux$10023.
    dead port 2/2 on $mux $flatten\safety.supervisor.$procmux$10029.
    dead port 2/2 on $mux $flatten\safety.supervisor.$procmux$9924.
    dead port 1/2 on $mux $flatten\safety.supervisor.$procmux$11158.
    dead port 2/2 on $mux $flatten\safety.supervisor.$procmux$11160.
    dead port 2/2 on $mux $flatten\safety.supervisor.$procmux$10182.
    dead port 2/2 on $mux $flatten\safety.supervisor.$procmux$10035.
    dead port 2/2 on $mux $flatten\safety.supervisor.$procmux$16354.
    dead port 1/2 on $mux $flatten\safety.supervisor.$procmux$11518.
    dead port 2/2 on $mux $flatten\safety.supervisor.$procmux$11162.
    dead port 1/2 on $mux $flatten\safety.supervisor.$procmux$11165.
    dead port 1/2 on $mux $flatten\safety.supervisor.$procmux$11168.
    dead port 2/2 on $mux $flatten\safety.supervisor.$procmux$11520.
    dead port 1/2 on $mux $flatten\safety.supervisor.$procmux$11171.
    dead port 1/2 on $mux $flatten\safety.supervisor.$procmux$11174.
    dead port 1/2 on $mux $flatten\safety.supervisor.$procmux$10185.
    dead port 2/2 on $mux $flatten\safety.supervisor.$procmux$11522.
    dead port 1/2 on $mux $flatten\safety.supervisor.$procmux$11525.
    dead port 1/2 on $mux $flatten\safety.supervisor.$procmux$11528.
    dead port 2/2 on $mux $flatten\safety.supervisor.$procmux$9264.
    dead port 1/2 on $mux $flatten\safety.supervisor.$procmux$11531.
    dead port 1/2 on $mux $flatten\safety.supervisor.$procmux$11534.
    dead port 2/2 on $mux $flatten\safety.supervisor.$procmux$11536.
    dead port 2/2 on $mux $flatten\safety.supervisor.$procmux$11176.
    dead port 2/2 on $mux $flatten\safety.supervisor.$procmux$9931.
    dead port 1/2 on $mux $flatten\safety.supervisor.$procmux$9306.
    dead port 2/2 on $mux $flatten\safety.supervisor.$procmux$9823.
    dead port 2/2 on $mux $flatten\safety.supervisor.$procmux$10191.
    dead port 1/2 on $mux $flatten\safety.supervisor.$procmux$9820.
    dead port 2/2 on $mux $flatten\safety.supervisor.$procmux$9813.
    dead port 2/2 on $mux $flatten\safety.supervisor.$procmux$9811.
    dead port 1/2 on $mux $flatten\safety.supervisor.$procmux$10194.
    dead port 1/2 on $mux $flatten\safety.supervisor.$procmux$9808.
    dead port 2/2 on $mux $flatten\safety.supervisor.$procmux$9801.
    dead port 1/2 on $mux $flatten\safety.supervisor.$procmux$9262.
    dead port 1/2 on $mux $flatten\safety.supervisor.$procmux$9063.
    dead port 1/2 on $mux $flatten\safety.supervisor.$procmux$9057.
    dead port 1/2 on $mux $flatten\safety.supervisor.$procmux$9051.
    dead port 1/2 on $mux $flatten\safety.supervisor.$procmux$9045.
    dead port 1/2 on $mux $flatten\safety.supervisor.$procmux$9039.
    dead port 2/2 on $mux $flatten\safety.supervisor.$procmux$11598.
    dead port 2/2 on $mux $flatten\safety.supervisor.$procmux$11600.
    dead port 1/2 on $mux $flatten\safety.supervisor.$procmux$11603.
    dead port 1/2 on $mux $flatten\safety.supervisor.$procmux$11606.
    dead port 1/2 on $mux $flatten\safety.supervisor.$procmux$11609.
    dead port 1/2 on $mux $flatten\safety.supervisor.$procmux$11612.
    dead port 2/2 on $mux $flatten\safety.supervisor.$procmux$9303.
    dead port 2/2 on $mux $flatten\safety.supervisor.$procmux$9933.
    dead port 2/2 on $mux $flatten\safety.supervisor.$procmux$9939.
    dead port 1/2 on $mux $flatten\safety.supervisor.$procmux$9288.
    dead port 2/2 on $mux $flatten\safety.supervisor.$procmux$11614.
    dead port 1/2 on $mux $flatten\safety.supervisor.$procmux$9033.
    dead port 1/2 on $mux $flatten\safety.supervisor.$procmux$9027.
    dead port 1/2 on $mux $flatten\safety.supervisor.$procmux$9021.
    dead port 1/2 on $mux $flatten\safety.supervisor.$procmux$9015.
    dead port 1/2 on $mux $flatten\safety.supervisor.$procmux$9009.
    dead port 1/2 on $mux $flatten\safety.supervisor.$procmux$9003.
    dead port 1/2 on $mux $flatten\safety.supervisor.$procmux$8997.
    dead port 1/2 on $mux $flatten\safety.supervisor.$procmux$8991.
    dead port 1/2 on $mux $flatten\safety.supervisor.$procmux$8985.
    dead port 1/2 on $mux $flatten\safety.supervisor.$procmux$8979.
    dead port 2/2 on $mux $flatten\safety.supervisor.$procmux$9799.
    dead port 1/2 on $mux $flatten\safety.supervisor.$procmux$9796.
    dead port 1/2 on $mux $flatten\safety.supervisor.$procmux$9793.
    dead port 2/2 on $mux $flatten\safety.supervisor.$procmux$9285.
    dead port 2/2 on $mux $flatten\safety.supervisor.$procmux$9786.
    dead port 2/2 on $mux $flatten\safety.supervisor.$procmux$9784.
    dead port 1/2 on $mux $flatten\safety.supervisor.$procmux$9781.
    dead port 1/2 on $mux $flatten\safety.supervisor.$procmux$9778.
    dead port 1/2 on $mux $procmux$17651.
    dead port 1/2 on $mux $procmux$17645.
    dead port 1/2 on $mux $procmux$17639.
    dead port 1/2 on $mux $procmux$17633.
    dead port 1/2 on $mux $procmux$17627.
    dead port 1/2 on $mux $procmux$17621.
    dead port 1/2 on $mux $procmux$17597.
    dead port 1/2 on $mux $procmux$17594.
    dead port 1/2 on $mux $procmux$17588.
    dead port 1/2 on $mux $procmux$17585.
    dead port 1/2 on $mux $procmux$17579.
    dead port 1/2 on $mux $procmux$17576.
    dead port 1/2 on $mux $procmux$17570.
    dead port 1/2 on $mux $procmux$17567.
    dead port 2/2 on $mux $procmux$17564.
    dead port 1/2 on $mux $flatten\safety.supervisor.$procmux$11750.
    dead port 1/2 on $mux $flatten\safety.supervisor.$procmux$11753.
    dead port 1/2 on $mux $flatten\safety.supervisor.$procmux$11756.
    dead port 1/2 on $mux $flatten\safety.supervisor.$procmux$11759.
    dead port 2/2 on $mux $flatten\safety.supervisor.$procmux$11761.
    dead port 1/2 on $mux $procmux$17271.
    dead port 2/2 on $mux $procmux$17268.
    dead port 1/2 on $mux $procmux$17264.
    dead port 1/2 on $mux $procmux$17253.
    dead port 1/2 on $mux $procmux$17243.
    dead port 1/2 on $mux $procmux$17233.
    dead port 1/2 on $mux $procmux$17223.
    dead port 1/2 on $mux $procmux$17211.
    dead port 2/2 on $mux $procmux$17208.
    dead port 1/2 on $mux $procmux$17196.
    dead port 2/2 on $mux $procmux$17193.
    dead port 1/2 on $mux $procmux$17182.
    dead port 2/2 on $mux $procmux$17179.
    dead port 2/2 on $mux $procmux$17177.
    dead port 1/2 on $mux $procmux$17165.
    dead port 2/2 on $mux $procmux$17162.
    dead port 1/2 on $mux $procmux$17152.
    dead port 2/2 on $mux $procmux$17149.
    dead port 1/2 on $mux $procmux$17139.
    dead port 2/2 on $mux $procmux$17136.
    dead port 2/2 on $mux $flatten\safety.supervisor.$procmux$10156.
    dead port 1/2 on $mux $flatten\safety.supervisor.$procmux$8856.
    dead port 1/2 on $mux $flatten\safety.supervisor.$procmux$8853.
    dead port 1/2 on $mux $flatten\safety.supervisor.$procmux$8847.
    dead port 1/2 on $mux $flatten\safety.supervisor.$procmux$8844.
    dead port 1/2 on $mux $flatten\safety.supervisor.$procmux$8838.
    dead port 1/2 on $mux $flatten\safety.supervisor.$procmux$8835.
    dead port 1/2 on $mux $flatten\safety.supervisor.$procmux$8829.
    dead port 1/2 on $mux $flatten\safety.supervisor.$procmux$8826.
    dead port 2/2 on $mux $flatten\safety.supervisor.$procmux$10200.
    dead port 1/2 on $mux $flatten\safety.supervisor.$procmux$10203.
    dead port 1/2 on $mux $flatten\safety.supervisor.$procmux$9279.
    dead port 1/2 on $mux $flatten\safety.supervisor.$procmux$8820.
    dead port 1/2 on $mux $flatten\safety.supervisor.$procmux$8817.
    dead port 1/2 on $mux $flatten\safety.supervisor.$procmux$8811.
    dead port 1/2 on $mux $flatten\safety.supervisor.$procmux$8808.
    dead port 1/2 on $mux $flatten\safety.supervisor.$procmux$8802.
    dead port 1/2 on $mux $flatten\safety.supervisor.$procmux$8799.
    dead port 1/2 on $mux $flatten\safety.supervisor.$procmux$8793.
    dead port 2/2 on $mux $flatten\safety.supervisor.$procmux$9276.
    dead port 1/2 on $mux $flatten\safety.supervisor.$procmux$8790.
    dead port 1/2 on $mux $flatten\safety.supervisor.$procmux$8784.
    dead port 1/2 on $mux $flatten\safety.supervisor.$procmux$8781.
    dead port 1/2 on $mux $flatten\safety.supervisor.$procmux$8775.
    dead port 1/2 on $mux $flatten\safety.supervisor.$procmux$9274.
    dead port 1/2 on $mux $flatten\safety.supervisor.$procmux$8772.
Removed 850 multiplexer ports.
<suppressed ~2368 debug messages>

7.12.4. Executing OPT_REDUCE pass (consolidate $*mux and $reduce_* inputs).
  Optimizing cells in module \top.
    Consolidated identical input bits for $mux cell $flatten\safety.supervisor.$procmux$9402:
      Old ports: A=24'000000000000000000000000, B=24'111111111111111111111111, Y=$flatten\safety.supervisor.$procmux$9402_Y
      New ports: A=1'0, B=1'1, Y=$flatten\safety.supervisor.$procmux$9402_Y [0]
      New connections: $flatten\safety.supervisor.$procmux$9402_Y [23:1] = { $flatten\safety.supervisor.$procmux$9402_Y [0] $flatten\safety.supervisor.$procmux$9402_Y [0] $flatten\safety.supervisor.$procmux$9402_Y [0] $flatten\safety.supervisor.$procmux$9402_Y [0] $flatten\safety.supervisor.$procmux$9402_Y [0] $flatten\safety.supervisor.$procmux$9402_Y [0] $flatten\safety.supervisor.$procmux$9402_Y [0] $flatten\safety.supervisor.$procmux$9402_Y [0] $flatten\safety.supervisor.$procmux$9402_Y [0] $flatten\safety.supervisor.$procmux$9402_Y [0] $flatten\safety.supervisor.$procmux$9402_Y [0] $flatten\safety.supervisor.$procmux$9402_Y [0] $flatten\safety.supervisor.$procmux$9402_Y [0] $flatten\safety.supervisor.$procmux$9402_Y [0] $flatten\safety.supervisor.$procmux$9402_Y [0] $flatten\safety.supervisor.$procmux$9402_Y [0] $flatten\safety.supervisor.$procmux$9402_Y [0] $flatten\safety.supervisor.$procmux$9402_Y [0] $flatten\safety.supervisor.$procmux$9402_Y [0] $flatten\safety.supervisor.$procmux$9402_Y [0] $flatten\safety.supervisor.$procmux$9402_Y [0] $flatten\safety.supervisor.$procmux$9402_Y [0] $flatten\safety.supervisor.$procmux$9402_Y [0] }
    Consolidated identical input bits for $mux cell $flatten\safety.supervisor.$procmux$7874:
      Old ports: A=16'0000000000000000, B=16'1111111111111111, Y=$flatten\safety.supervisor.$procmux$7874_Y
      New ports: A=1'0, B=1'1, Y=$flatten\safety.supervisor.$procmux$7874_Y [0]
      New connections: $flatten\safety.supervisor.$procmux$7874_Y [15:1] = { $flatten\safety.supervisor.$procmux$7874_Y [0] $flatten\safety.supervisor.$procmux$7874_Y [0] $flatten\safety.supervisor.$procmux$7874_Y [0] $flatten\safety.supervisor.$procmux$7874_Y [0] $flatten\safety.supervisor.$procmux$7874_Y [0] $flatten\safety.supervisor.$procmux$7874_Y [0] $flatten\safety.supervisor.$procmux$7874_Y [0] $flatten\safety.supervisor.$procmux$7874_Y [0] $flatten\safety.supervisor.$procmux$7874_Y [0] $flatten\safety.supervisor.$procmux$7874_Y [0] $flatten\safety.supervisor.$procmux$7874_Y [0] $flatten\safety.supervisor.$procmux$7874_Y [0] $flatten\safety.supervisor.$procmux$7874_Y [0] $flatten\safety.supervisor.$procmux$7874_Y [0] $flatten\safety.supervisor.$procmux$7874_Y [0] }
    Consolidated identical input bits for $mux cell $flatten\safety.supervisor.$procmux$6582:
      Old ports: A=24'000000000000000000000000, B=24'111111111111111111111111, Y=$flatten\safety.supervisor.$procmux$6582_Y
      New ports: A=1'0, B=1'1, Y=$flatten\safety.supervisor.$procmux$6582_Y [0]
      New connections: $flatten\safety.supervisor.$procmux$6582_Y [23:1] = { $flatten\safety.supervisor.$procmux$6582_Y [0] $flatten\safety.supervisor.$procmux$6582_Y [0] $flatten\safety.supervisor.$procmux$6582_Y [0] $flatten\safety.supervisor.$procmux$6582_Y [0] $flatten\safety.supervisor.$procmux$6582_Y [0] $flatten\safety.supervisor.$procmux$6582_Y [0] $flatten\safety.supervisor.$procmux$6582_Y [0] $flatten\safety.supervisor.$procmux$6582_Y [0] $flatten\safety.supervisor.$procmux$6582_Y [0] $flatten\safety.supervisor.$procmux$6582_Y [0] $flatten\safety.supervisor.$procmux$6582_Y [0] $flatten\safety.supervisor.$procmux$6582_Y [0] $flatten\safety.supervisor.$procmux$6582_Y [0] $flatten\safety.supervisor.$procmux$6582_Y [0] $flatten\safety.supervisor.$procmux$6582_Y [0] $flatten\safety.supervisor.$procmux$6582_Y [0] $flatten\safety.supervisor.$procmux$6582_Y [0] $flatten\safety.supervisor.$procmux$6582_Y [0] $flatten\safety.supervisor.$procmux$6582_Y [0] $flatten\safety.supervisor.$procmux$6582_Y [0] $flatten\safety.supervisor.$procmux$6582_Y [0] $flatten\safety.supervisor.$procmux$6582_Y [0] $flatten\safety.supervisor.$procmux$6582_Y [0] }
    Consolidated identical input bits for $mux cell $flatten\safety.supervisor.$procmux$6552:
      Old ports: A=24'000000000000000000000000, B=24'111111111111111111111111, Y=$flatten\safety.supervisor.$procmux$6552_Y
      New ports: A=1'0, B=1'1, Y=$flatten\safety.supervisor.$procmux$6552_Y [0]
      New connections: $flatten\safety.supervisor.$procmux$6552_Y [23:1] = { $flatten\safety.supervisor.$procmux$6552_Y [0] $flatten\safety.supervisor.$procmux$6552_Y [0] $flatten\safety.supervisor.$procmux$6552_Y [0] $flatten\safety.supervisor.$procmux$6552_Y [0] $flatten\safety.supervisor.$procmux$6552_Y [0] $flatten\safety.supervisor.$procmux$6552_Y [0] $flatten\safety.supervisor.$procmux$6552_Y [0] $flatten\safety.supervisor.$procmux$6552_Y [0] $flatten\safety.supervisor.$procmux$6552_Y [0] $flatten\safety.supervisor.$procmux$6552_Y [0] $flatten\safety.supervisor.$procmux$6552_Y [0] $flatten\safety.supervisor.$procmux$6552_Y [0] $flatten\safety.supervisor.$procmux$6552_Y [0] $flatten\safety.supervisor.$procmux$6552_Y [0] $flatten\safety.supervisor.$procmux$6552_Y [0] $flatten\safety.supervisor.$procmux$6552_Y [0] $flatten\safety.supervisor.$procmux$6552_Y [0] $flatten\safety.supervisor.$procmux$6552_Y [0] $flatten\safety.supervisor.$procmux$6552_Y [0] $flatten\safety.supervisor.$procmux$6552_Y [0] $flatten\safety.supervisor.$procmux$6552_Y [0] $flatten\safety.supervisor.$procmux$6552_Y [0] $flatten\safety.supervisor.$procmux$6552_Y [0] }
    Consolidated identical input bits for $mux cell $flatten\safety.supervisor.$procmux$6522:
      Old ports: A=24'000000000000000000000000, B=24'111111111111111111111111, Y=$flatten\safety.supervisor.$procmux$6522_Y
      New ports: A=1'0, B=1'1, Y=$flatten\safety.supervisor.$procmux$6522_Y [0]
      New connections: $flatten\safety.supervisor.$procmux$6522_Y [23:1] = { $flatten\safety.supervisor.$procmux$6522_Y [0] $flatten\safety.supervisor.$procmux$6522_Y [0] $flatten\safety.supervisor.$procmux$6522_Y [0] $flatten\safety.supervisor.$procmux$6522_Y [0] $flatten\safety.supervisor.$procmux$6522_Y [0] $flatten\safety.supervisor.$procmux$6522_Y [0] $flatten\safety.supervisor.$procmux$6522_Y [0] $flatten\safety.supervisor.$procmux$6522_Y [0] $flatten\safety.supervisor.$procmux$6522_Y [0] $flatten\safety.supervisor.$procmux$6522_Y [0] $flatten\safety.supervisor.$procmux$6522_Y [0] $flatten\safety.supervisor.$procmux$6522_Y [0] $flatten\safety.supervisor.$procmux$6522_Y [0] $flatten\safety.supervisor.$procmux$6522_Y [0] $flatten\safety.supervisor.$procmux$6522_Y [0] $flatten\safety.supervisor.$procmux$6522_Y [0] $flatten\safety.supervisor.$procmux$6522_Y [0] $flatten\safety.supervisor.$procmux$6522_Y [0] $flatten\safety.supervisor.$procmux$6522_Y [0] $flatten\safety.supervisor.$procmux$6522_Y [0] $flatten\safety.supervisor.$procmux$6522_Y [0] $flatten\safety.supervisor.$procmux$6522_Y [0] $flatten\safety.supervisor.$procmux$6522_Y [0] }
    Consolidated identical input bits for $mux cell $flatten\safety.supervisor.$procmux$9390:
      Old ports: A=24'000000000000000000000000, B=24'111111111111111111111111, Y=$flatten\safety.supervisor.$procmux$9390_Y
      New ports: A=1'0, B=1'1, Y=$flatten\safety.supervisor.$procmux$9390_Y [0]
      New connections: $flatten\safety.supervisor.$procmux$9390_Y [23:1] = { $flatten\safety.supervisor.$procmux$9390_Y [0] $flatten\safety.supervisor.$procmux$9390_Y [0] $flatten\safety.supervisor.$procmux$9390_Y [0] $flatten\safety.supervisor.$procmux$9390_Y [0] $flatten\safety.supervisor.$procmux$9390_Y [0] $flatten\safety.supervisor.$procmux$9390_Y [0] $flatten\safety.supervisor.$procmux$9390_Y [0] $flatten\safety.supervisor.$procmux$9390_Y [0] $flatten\safety.supervisor.$procmux$9390_Y [0] $flatten\safety.supervisor.$procmux$9390_Y [0] $flatten\safety.supervisor.$procmux$9390_Y [0] $flatten\safety.supervisor.$procmux$9390_Y [0] $flatten\safety.supervisor.$procmux$9390_Y [0] $flatten\safety.supervisor.$procmux$9390_Y [0] $flatten\safety.supervisor.$procmux$9390_Y [0] $flatten\safety.supervisor.$procmux$9390_Y [0] $flatten\safety.supervisor.$procmux$9390_Y [0] $flatten\safety.supervisor.$procmux$9390_Y [0] $flatten\safety.supervisor.$procmux$9390_Y [0] $flatten\safety.supervisor.$procmux$9390_Y [0] $flatten\safety.supervisor.$procmux$9390_Y [0] $flatten\safety.supervisor.$procmux$9390_Y [0] $flatten\safety.supervisor.$procmux$9390_Y [0] }
    Consolidated identical input bits for $mux cell $flatten\safety.supervisor.$procmux$7121:
      Old ports: A=24'000000000000000000000000, B=24'111111111111111111111111, Y=$flatten\safety.supervisor.$procmux$7121_Y
      New ports: A=1'0, B=1'1, Y=$flatten\safety.supervisor.$procmux$7121_Y [0]
      New connections: $flatten\safety.supervisor.$procmux$7121_Y [23:1] = { $flatten\safety.supervisor.$procmux$7121_Y [0] $flatten\safety.supervisor.$procmux$7121_Y [0] $flatten\safety.supervisor.$procmux$7121_Y [0] $flatten\safety.supervisor.$procmux$7121_Y [0] $flatten\safety.supervisor.$procmux$7121_Y [0] $flatten\safety.supervisor.$procmux$7121_Y [0] $flatten\safety.supervisor.$procmux$7121_Y [0] $flatten\safety.supervisor.$procmux$7121_Y [0] $flatten\safety.supervisor.$procmux$7121_Y [0] $flatten\safety.supervisor.$procmux$7121_Y [0] $flatten\safety.supervisor.$procmux$7121_Y [0] $flatten\safety.supervisor.$procmux$7121_Y [0] $flatten\safety.supervisor.$procmux$7121_Y [0] $flatten\safety.supervisor.$procmux$7121_Y [0] $flatten\safety.supervisor.$procmux$7121_Y [0] $flatten\safety.supervisor.$procmux$7121_Y [0] $flatten\safety.supervisor.$procmux$7121_Y [0] $flatten\safety.supervisor.$procmux$7121_Y [0] $flatten\safety.supervisor.$procmux$7121_Y [0] $flatten\safety.supervisor.$procmux$7121_Y [0] $flatten\safety.supervisor.$procmux$7121_Y [0] $flatten\safety.supervisor.$procmux$7121_Y [0] $flatten\safety.supervisor.$procmux$7121_Y [0] }
    Consolidated identical input bits for $mux cell $flatten\safety.supervisor.$procmux$9168:
      Old ports: A=8'00000000, B=8'11111111, Y=$flatten\safety.supervisor.$procmux$9168_Y
      New ports: A=1'0, B=1'1, Y=$flatten\safety.supervisor.$procmux$9168_Y [0]
      New connections: $flatten\safety.supervisor.$procmux$9168_Y [7:1] = { $flatten\safety.supervisor.$procmux$9168_Y [0] $flatten\safety.supervisor.$procmux$9168_Y [0] $flatten\safety.supervisor.$procmux$9168_Y [0] $flatten\safety.supervisor.$procmux$9168_Y [0] $flatten\safety.supervisor.$procmux$9168_Y [0] $flatten\safety.supervisor.$procmux$9168_Y [0] $flatten\safety.supervisor.$procmux$9168_Y [0] }
    Consolidated identical input bits for $mux cell $flatten\safety.supervisor.$procmux$9378:
      Old ports: A=24'000000000000000000000000, B=24'111111111111111111111111, Y=$flatten\safety.supervisor.$procmux$9378_Y
      New ports: A=1'0, B=1'1, Y=$flatten\safety.supervisor.$procmux$9378_Y [0]
      New connections: $flatten\safety.supervisor.$procmux$9378_Y [23:1] = { $flatten\safety.supervisor.$procmux$9378_Y [0] $flatten\safety.supervisor.$procmux$9378_Y [0] $flatten\safety.supervisor.$procmux$9378_Y [0] $flatten\safety.supervisor.$procmux$9378_Y [0] $flatten\safety.supervisor.$procmux$9378_Y [0] $flatten\safety.supervisor.$procmux$9378_Y [0] $flatten\safety.supervisor.$procmux$9378_Y [0] $flatten\safety.supervisor.$procmux$9378_Y [0] $flatten\safety.supervisor.$procmux$9378_Y [0] $flatten\safety.supervisor.$procmux$9378_Y [0] $flatten\safety.supervisor.$procmux$9378_Y [0] $flatten\safety.supervisor.$procmux$9378_Y [0] $flatten\safety.supervisor.$procmux$9378_Y [0] $flatten\safety.supervisor.$procmux$9378_Y [0] $flatten\safety.supervisor.$procmux$9378_Y [0] $flatten\safety.supervisor.$procmux$9378_Y [0] $flatten\safety.supervisor.$procmux$9378_Y [0] $flatten\safety.supervisor.$procmux$9378_Y [0] $flatten\safety.supervisor.$procmux$9378_Y [0] $flatten\safety.supervisor.$procmux$9378_Y [0] $flatten\safety.supervisor.$procmux$9378_Y [0] $flatten\safety.supervisor.$procmux$9378_Y [0] $flatten\safety.supervisor.$procmux$9378_Y [0] }
    Consolidated identical input bits for $mux cell $flatten\safety.supervisor.$procmux$9156:
      Old ports: A=24'000000000000000000000000, B=24'111111111111111111111111, Y=$flatten\safety.supervisor.$procmux$9156_Y
      New ports: A=1'0, B=1'1, Y=$flatten\safety.supervisor.$procmux$9156_Y [0]
      New connections: $flatten\safety.supervisor.$procmux$9156_Y [23:1] = { $flatten\safety.supervisor.$procmux$9156_Y [0] $flatten\safety.supervisor.$procmux$9156_Y [0] $flatten\safety.supervisor.$procmux$9156_Y [0] $flatten\safety.supervisor.$procmux$9156_Y [0] $flatten\safety.supervisor.$procmux$9156_Y [0] $flatten\safety.supervisor.$procmux$9156_Y [0] $flatten\safety.supervisor.$procmux$9156_Y [0] $flatten\safety.supervisor.$procmux$9156_Y [0] $flatten\safety.supervisor.$procmux$9156_Y [0] $flatten\safety.supervisor.$procmux$9156_Y [0] $flatten\safety.supervisor.$procmux$9156_Y [0] $flatten\safety.supervisor.$procmux$9156_Y [0] $flatten\safety.supervisor.$procmux$9156_Y [0] $flatten\safety.supervisor.$procmux$9156_Y [0] $flatten\safety.supervisor.$procmux$9156_Y [0] $flatten\safety.supervisor.$procmux$9156_Y [0] $flatten\safety.supervisor.$procmux$9156_Y [0] $flatten\safety.supervisor.$procmux$9156_Y [0] $flatten\safety.supervisor.$procmux$9156_Y [0] $flatten\safety.supervisor.$procmux$9156_Y [0] $flatten\safety.supervisor.$procmux$9156_Y [0] $flatten\safety.supervisor.$procmux$9156_Y [0] $flatten\safety.supervisor.$procmux$9156_Y [0] }
    Consolidated identical input bits for $mux cell $flatten\safety.supervisor.$procmux$9366:
      Old ports: A=24'000000000000000000000000, B=24'111111111111111111111111, Y=$flatten\safety.supervisor.$procmux$9366_Y
      New ports: A=1'0, B=1'1, Y=$flatten\safety.supervisor.$procmux$9366_Y [0]
      New connections: $flatten\safety.supervisor.$procmux$9366_Y [23:1] = { $flatten\safety.supervisor.$procmux$9366_Y [0] $flatten\safety.supervisor.$procmux$9366_Y [0] $flatten\safety.supervisor.$procmux$9366_Y [0] $flatten\safety.supervisor.$procmux$9366_Y [0] $flatten\safety.supervisor.$procmux$9366_Y [0] $flatten\safety.supervisor.$procmux$9366_Y [0] $flatten\safety.supervisor.$procmux$9366_Y [0] $flatten\safety.supervisor.$procmux$9366_Y [0] $flatten\safety.supervisor.$procmux$9366_Y [0] $flatten\safety.supervisor.$procmux$9366_Y [0] $flatten\safety.supervisor.$procmux$9366_Y [0] $flatten\safety.supervisor.$procmux$9366_Y [0] $flatten\safety.supervisor.$procmux$9366_Y [0] $flatten\safety.supervisor.$procmux$9366_Y [0] $flatten\safety.supervisor.$procmux$9366_Y [0] $flatten\safety.supervisor.$procmux$9366_Y [0] $flatten\safety.supervisor.$procmux$9366_Y [0] $flatten\safety.supervisor.$procmux$9366_Y [0] $flatten\safety.supervisor.$procmux$9366_Y [0] $flatten\safety.supervisor.$procmux$9366_Y [0] $flatten\safety.supervisor.$procmux$9366_Y [0] $flatten\safety.supervisor.$procmux$9366_Y [0] $flatten\safety.supervisor.$procmux$9366_Y [0] }
    Consolidated identical input bits for $mux cell $flatten\safety.supervisor.$procmux$9354:
      Old ports: A=24'000000000000000000000000, B=24'111111111111111111111111, Y=$flatten\safety.supervisor.$procmux$9354_Y
      New ports: A=1'0, B=1'1, Y=$flatten\safety.supervisor.$procmux$9354_Y [0]
      New connections: $flatten\safety.supervisor.$procmux$9354_Y [23:1] = { $flatten\safety.supervisor.$procmux$9354_Y [0] $flatten\safety.supervisor.$procmux$9354_Y [0] $flatten\safety.supervisor.$procmux$9354_Y [0] $flatten\safety.supervisor.$procmux$9354_Y [0] $flatten\safety.supervisor.$procmux$9354_Y [0] $flatten\safety.supervisor.$procmux$9354_Y [0] $flatten\safety.supervisor.$procmux$9354_Y [0] $flatten\safety.supervisor.$procmux$9354_Y [0] $flatten\safety.supervisor.$procmux$9354_Y [0] $flatten\safety.supervisor.$procmux$9354_Y [0] $flatten\safety.supervisor.$procmux$9354_Y [0] $flatten\safety.supervisor.$procmux$9354_Y [0] $flatten\safety.supervisor.$procmux$9354_Y [0] $flatten\safety.supervisor.$procmux$9354_Y [0] $flatten\safety.supervisor.$procmux$9354_Y [0] $flatten\safety.supervisor.$procmux$9354_Y [0] $flatten\safety.supervisor.$procmux$9354_Y [0] $flatten\safety.supervisor.$procmux$9354_Y [0] $flatten\safety.supervisor.$procmux$9354_Y [0] $flatten\safety.supervisor.$procmux$9354_Y [0] $flatten\safety.supervisor.$procmux$9354_Y [0] $flatten\safety.supervisor.$procmux$9354_Y [0] $flatten\safety.supervisor.$procmux$9354_Y [0] }
    Consolidated identical input bits for $mux cell $flatten\safety.supervisor.$procmux$6827:
      Old ports: A=24'000000000000000000000000, B=24'111111111111111111111111, Y=$flatten\safety.supervisor.$procmux$6827_Y
      New ports: A=1'0, B=1'1, Y=$flatten\safety.supervisor.$procmux$6827_Y [0]
      New connections: $flatten\safety.supervisor.$procmux$6827_Y [23:1] = { $flatten\safety.supervisor.$procmux$6827_Y [0] $flatten\safety.supervisor.$procmux$6827_Y [0] $flatten\safety.supervisor.$procmux$6827_Y [0] $flatten\safety.supervisor.$procmux$6827_Y [0] $flatten\safety.supervisor.$procmux$6827_Y [0] $flatten\safety.supervisor.$procmux$6827_Y [0] $flatten\safety.supervisor.$procmux$6827_Y [0] $flatten\safety.supervisor.$procmux$6827_Y [0] $flatten\safety.supervisor.$procmux$6827_Y [0] $flatten\safety.supervisor.$procmux$6827_Y [0] $flatten\safety.supervisor.$procmux$6827_Y [0] $flatten\safety.supervisor.$procmux$6827_Y [0] $flatten\safety.supervisor.$procmux$6827_Y [0] $flatten\safety.supervisor.$procmux$6827_Y [0] $flatten\safety.supervisor.$procmux$6827_Y [0] $flatten\safety.supervisor.$procmux$6827_Y [0] $flatten\safety.supervisor.$procmux$6827_Y [0] $flatten\safety.supervisor.$procmux$6827_Y [0] $flatten\safety.supervisor.$procmux$6827_Y [0] $flatten\safety.supervisor.$procmux$6827_Y [0] $flatten\safety.supervisor.$procmux$6827_Y [0] $flatten\safety.supervisor.$procmux$6827_Y [0] $flatten\safety.supervisor.$procmux$6827_Y [0] }
    New ctrl vector for $pmux cell $flatten\u_htx.$procmux$17888: { $auto$opt_reduce.cc:137:opt_pmux$18610 $flatten\u_htx.$procmux$17935_CMP $flatten\u_htx.$procmux$17939_CMP }
    Consolidated identical input bits for $mux cell $flatten\safety.supervisor.$procmux$9453:
      Old ports: A=24'000000000000000000000000, B=24'111111111111111111111111, Y=$flatten\safety.supervisor.$0$memwr$\feedback_age$src/hx_safety.v:213$4569_EN[23:0]$5684
      New ports: A=1'0, B=1'1, Y=$flatten\safety.supervisor.$0$memwr$\feedback_age$src/hx_safety.v:213$4569_EN[23:0]$5684 [0]
      New connections: $flatten\safety.supervisor.$0$memwr$\feedback_age$src/hx_safety.v:213$4569_EN[23:0]$5684 [23:1] = { $flatten\safety.supervisor.$0$memwr$\feedback_age$src/hx_safety.v:213$4569_EN[23:0]$5684 [0] $flatten\safety.supervisor.$0$memwr$\feedback_age$src/hx_safety.v:213$4569_EN[23:0]$5684 [0] $flatten\safety.supervisor.$0$memwr$\feedback_age$src/hx_safety.v:213$4569_EN[23:0]$5684 [0] $flatten\safety.supervisor.$0$memwr$\feedback_age$src/hx_safety.v:213$4569_EN[23:0]$5684 [0] $flatten\safety.supervisor.$0$memwr$\feedback_age$src/hx_safety.v:213$4569_EN[23:0]$5684 [0] $flatten\safety.supervisor.$0$memwr$\feedback_age$src/hx_safety.v:213$4569_EN[23:0]$5684 [0] $flatten\safety.supervisor.$0$memwr$\feedback_age$src/hx_safety.v:213$4569_EN[23:0]$5684 [0] $flatten\safety.supervisor.$0$memwr$\feedback_age$src/hx_safety.v:213$4569_EN[23:0]$5684 [0] $flatten\safety.supervisor.$0$memwr$\feedback_age$src/hx_safety.v:213$4569_EN[23:0]$5684 [0] $flatten\safety.supervisor.$0$memwr$\feedback_age$src/hx_safety.v:213$4569_EN[23:0]$5684 [0] $flatten\safety.supervisor.$0$memwr$\feedback_age$src/hx_safety.v:213$4569_EN[23:0]$5684 [0] $flatten\safety.supervisor.$0$memwr$\feedback_age$src/hx_safety.v:213$4569_EN[23:0]$5684 [0] $flatten\safety.supervisor.$0$memwr$\feedback_age$src/hx_safety.v:213$4569_EN[23:0]$5684 [0] $flatten\safety.supervisor.$0$memwr$\feedback_age$src/hx_safety.v:213$4569_EN[23:0]$5684 [0] $flatten\safety.supervisor.$0$memwr$\feedback_age$src/hx_safety.v:213$4569_EN[23:0]$5684 [0] $flatten\safety.supervisor.$0$memwr$\feedback_age$src/hx_safety.v:213$4569_EN[23:0]$5684 [0] $flatten\safety.supervisor.$0$memwr$\feedback_age$src/hx_safety.v:213$4569_EN[23:0]$5684 [0] $flatten\safety.supervisor.$0$memwr$\feedback_age$src/hx_safety.v:213$4569_EN[23:0]$5684 [0] $flatten\safety.supervisor.$0$memwr$\feedback_age$src/hx_safety.v:213$4569_EN[23:0]$5684 [0] $flatten\safety.supervisor.$0$memwr$\feedback_age$src/hx_safety.v:213$4569_EN[23:0]$5684 [0] $flatten\safety.supervisor.$0$memwr$\feedback_age$src/hx_safety.v:213$4569_EN[23:0]$5684 [0] $flatten\safety.supervisor.$0$memwr$\feedback_age$src/hx_safety.v:213$4569_EN[23:0]$5684 [0] $flatten\safety.supervisor.$0$memwr$\feedback_age$src/hx_safety.v:213$4569_EN[23:0]$5684 [0] }
    Consolidated identical input bits for $mux cell $flatten\safety.supervisor.$procmux$9450:
      Old ports: A=24'000000000000000000000000, B=24'111111111111111111111111, Y=$flatten\safety.supervisor.$0$memwr$\command_age$src/hx_safety.v:213$4570_EN[23:0]$5685
      New ports: A=1'0, B=1'1, Y=$flatten\safety.supervisor.$0$memwr$\command_age$src/hx_safety.v:213$4570_EN[23:0]$5685 [0]
      New connections: $flatten\safety.supervisor.$0$memwr$\command_age$src/hx_safety.v:213$4570_EN[23:0]$5685 [23:1] = { $flatten\safety.supervisor.$0$memwr$\command_age$src/hx_safety.v:213$4570_EN[23:0]$5685 [0] $flatten\safety.supervisor.$0$memwr$\command_age$src/hx_safety.v:213$4570_EN[23:0]$5685 [0] $flatten\safety.supervisor.$0$memwr$\command_age$src/hx_safety.v:213$4570_EN[23:0]$5685 [0] $flatten\safety.supervisor.$0$memwr$\command_age$src/hx_safety.v:213$4570_EN[23:0]$5685 [0] $flatten\safety.supervisor.$0$memwr$\command_age$src/hx_safety.v:213$4570_EN[23:0]$5685 [0] $flatten\safety.supervisor.$0$memwr$\command_age$src/hx_safety.v:213$4570_EN[23:0]$5685 [0] $flatten\safety.supervisor.$0$memwr$\command_age$src/hx_safety.v:213$4570_EN[23:0]$5685 [0] $flatten\safety.supervisor.$0$memwr$\command_age$src/hx_safety.v:213$4570_EN[23:0]$5685 [0] $flatten\safety.supervisor.$0$memwr$\command_age$src/hx_safety.v:213$4570_EN[23:0]$5685 [0] $flatten\safety.supervisor.$0$memwr$\command_age$src/hx_safety.v:213$4570_EN[23:0]$5685 [0] $flatten\safety.supervisor.$0$memwr$\command_age$src/hx_safety.v:213$4570_EN[23:0]$5685 [0] $flatten\safety.supervisor.$0$memwr$\command_age$src/hx_safety.v:213$4570_EN[23:0]$5685 [0] $flatten\safety.supervisor.$0$memwr$\command_age$src/hx_safety.v:213$4570_EN[23:0]$5685 [0] $flatten\safety.supervisor.$0$memwr$\command_age$src/hx_safety.v:213$4570_EN[23:0]$5685 [0] $flatten\safety.supervisor.$0$memwr$\command_age$src/hx_safety.v:213$4570_EN[23:0]$5685 [0] $flatten\safety.supervisor.$0$memwr$\command_age$src/hx_safety.v:213$4570_EN[23:0]$5685 [0] $flatten\safety.supervisor.$0$memwr$\command_age$src/hx_safety.v:213$4570_EN[23:0]$5685 [0] $flatten\safety.supervisor.$0$memwr$\command_age$src/hx_safety.v:213$4570_EN[23:0]$5685 [0] $flatten\safety.supervisor.$0$memwr$\command_age$src/hx_safety.v:213$4570_EN[23:0]$5685 [0] $flatten\safety.supervisor.$0$memwr$\command_age$src/hx_safety.v:213$4570_EN[23:0]$5685 [0] $flatten\safety.supervisor.$0$memwr$\command_age$src/hx_safety.v:213$4570_EN[23:0]$5685 [0] $flatten\safety.supervisor.$0$memwr$\command_age$src/hx_safety.v:213$4570_EN[23:0]$5685 [0] $flatten\safety.supervisor.$0$memwr$\command_age$src/hx_safety.v:213$4570_EN[23:0]$5685 [0] }
    Consolidated identical input bits for $mux cell $flatten\safety.supervisor.$procmux$9447:
      Old ports: A=8'00000000, B=8'11111111, Y=$flatten\safety.supervisor.$0$memwr$\sample_reason$src/hx_safety.v:213$4571_EN[7:0]$5686
      New ports: A=1'0, B=1'1, Y=$flatten\safety.supervisor.$0$memwr$\sample_reason$src/hx_safety.v:213$4571_EN[7:0]$5686 [0]
      New connections: $flatten\safety.supervisor.$0$memwr$\sample_reason$src/hx_safety.v:213$4571_EN[7:0]$5686 [7:1] = { $flatten\safety.supervisor.$0$memwr$\sample_reason$src/hx_safety.v:213$4571_EN[7:0]$5686 [0] $flatten\safety.supervisor.$0$memwr$\sample_reason$src/hx_safety.v:213$4571_EN[7:0]$5686 [0] $flatten\safety.supervisor.$0$memwr$\sample_reason$src/hx_safety.v:213$4571_EN[7:0]$5686 [0] $flatten\safety.supervisor.$0$memwr$\sample_reason$src/hx_safety.v:213$4571_EN[7:0]$5686 [0] $flatten\safety.supervisor.$0$memwr$\sample_reason$src/hx_safety.v:213$4571_EN[7:0]$5686 [0] $flatten\safety.supervisor.$0$memwr$\sample_reason$src/hx_safety.v:213$4571_EN[7:0]$5686 [0] $flatten\safety.supervisor.$0$memwr$\sample_reason$src/hx_safety.v:213$4571_EN[7:0]$5686 [0] }
    Consolidated identical input bits for $mux cell $flatten\safety.supervisor.$procmux$9444:
      Old ports: A=24'000000000000000000000000, B=24'111111111111111111111111, Y=$flatten\safety.supervisor.$0$memwr$\feedback_age$src/hx_safety.v:213$4572_EN[23:0]$5687
      New ports: A=1'0, B=1'1, Y=$flatten\safety.supervisor.$0$memwr$\feedback_age$src/hx_safety.v:213$4572_EN[23:0]$5687 [0]
      New connections: $flatten\safety.supervisor.$0$memwr$\feedback_age$src/hx_safety.v:213$4572_EN[23:0]$5687 [23:1] = { $flatten\safety.supervisor.$0$memwr$\feedback_age$src/hx_safety.v:213$4572_EN[23:0]$5687 [0] $flatten\safety.supervisor.$0$memwr$\feedback_age$src/hx_safety.v:213$4572_EN[23:0]$5687 [0] $flatten\safety.supervisor.$0$memwr$\feedback_age$src/hx_safety.v:213$4572_EN[23:0]$5687 [0] $flatten\safety.supervisor.$0$memwr$\feedback_age$src/hx_safety.v:213$4572_EN[23:0]$5687 [0] $flatten\safety.supervisor.$0$memwr$\feedback_age$src/hx_safety.v:213$4572_EN[23:0]$5687 [0] $flatten\safety.supervisor.$0$memwr$\feedback_age$src/hx_safety.v:213$4572_EN[23:0]$5687 [0] $flatten\safety.supervisor.$0$memwr$\feedback_age$src/hx_safety.v:213$4572_EN[23:0]$5687 [0] $flatten\safety.supervisor.$0$memwr$\feedback_age$src/hx_safety.v:213$4572_EN[23:0]$5687 [0] $flatten\safety.supervisor.$0$memwr$\feedback_age$src/hx_safety.v:213$4572_EN[23:0]$5687 [0] $flatten\safety.supervisor.$0$memwr$\feedback_age$src/hx_safety.v:213$4572_EN[23:0]$5687 [0] $flatten\safety.supervisor.$0$memwr$\feedback_age$src/hx_safety.v:213$4572_EN[23:0]$5687 [0] $flatten\safety.supervisor.$0$memwr$\feedback_age$src/hx_safety.v:213$4572_EN[23:0]$5687 [0] $flatten\safety.supervisor.$0$memwr$\feedback_age$src/hx_safety.v:213$4572_EN[23:0]$5687 [0] $flatten\safety.supervisor.$0$memwr$\feedback_age$src/hx_safety.v:213$4572_EN[23:0]$5687 [0] $flatten\safety.supervisor.$0$memwr$\feedback_age$src/hx_safety.v:213$4572_EN[23:0]$5687 [0] $flatten\safety.supervisor.$0$memwr$\feedback_age$src/hx_safety.v:213$4572_EN[23:0]$5687 [0] $flatten\safety.supervisor.$0$memwr$\feedback_age$src/hx_safety.v:213$4572_EN[23:0]$5687 [0] $flatten\safety.supervisor.$0$memwr$\feedback_age$src/hx_safety.v:213$4572_EN[23:0]$5687 [0] $flatten\safety.supervisor.$0$memwr$\feedback_age$src/hx_safety.v:213$4572_EN[23:0]$5687 [0] $flatten\safety.supervisor.$0$memwr$\feedback_age$src/hx_safety.v:213$4572_EN[23:0]$5687 [0] $flatten\safety.supervisor.$0$memwr$\feedback_age$src/hx_safety.v:213$4572_EN[23:0]$5687 [0] $flatten\safety.supervisor.$0$memwr$\feedback_age$src/hx_safety.v:213$4572_EN[23:0]$5687 [0] $flatten\safety.supervisor.$0$memwr$\feedback_age$src/hx_safety.v:213$4572_EN[23:0]$5687 [0] }
    New ctrl vector for $pmux cell $flatten\u_stx.$procmux$6290: { $auto$opt_reduce.cc:137:opt_pmux$18612 $flatten\u_stx.$procmux$6337_CMP $flatten\u_stx.$procmux$6341_CMP }
    Consolidated identical input bits for $mux cell $flatten\safety.supervisor.$procmux$9441:
      Old ports: A=24'000000000000000000000000, B=24'111111111111111111111111, Y=$flatten\safety.supervisor.$0$memwr$\command_age$src/hx_safety.v:213$4573_EN[23:0]$5688
      New ports: A=1'0, B=1'1, Y=$flatten\safety.supervisor.$0$memwr$\command_age$src/hx_safety.v:213$4573_EN[23:0]$5688 [0]
      New connections: $flatten\safety.supervisor.$0$memwr$\command_age$src/hx_safety.v:213$4573_EN[23:0]$5688 [23:1] = { $flatten\safety.supervisor.$0$memwr$\command_age$src/hx_safety.v:213$4573_EN[23:0]$5688 [0] $flatten\safety.supervisor.$0$memwr$\command_age$src/hx_safety.v:213$4573_EN[23:0]$5688 [0] $flatten\safety.supervisor.$0$memwr$\command_age$src/hx_safety.v:213$4573_EN[23:0]$5688 [0] $flatten\safety.supervisor.$0$memwr$\command_age$src/hx_safety.v:213$4573_EN[23:0]$5688 [0] $flatten\safety.supervisor.$0$memwr$\command_age$src/hx_safety.v:213$4573_EN[23:0]$5688 [0] $flatten\safety.supervisor.$0$memwr$\command_age$src/hx_safety.v:213$4573_EN[23:0]$5688 [0] $flatten\safety.supervisor.$0$memwr$\command_age$src/hx_safety.v:213$4573_EN[23:0]$5688 [0] $flatten\safety.supervisor.$0$memwr$\command_age$src/hx_safety.v:213$4573_EN[23:0]$5688 [0] $flatten\safety.supervisor.$0$memwr$\command_age$src/hx_safety.v:213$4573_EN[23:0]$5688 [0] $flatten\safety.supervisor.$0$memwr$\command_age$src/hx_safety.v:213$4573_EN[23:0]$5688 [0] $flatten\safety.supervisor.$0$memwr$\command_age$src/hx_safety.v:213$4573_EN[23:0]$5688 [0] $flatten\safety.supervisor.$0$memwr$\command_age$src/hx_safety.v:213$4573_EN[23:0]$5688 [0] $flatten\safety.supervisor.$0$memwr$\command_age$src/hx_safety.v:213$4573_EN[23:0]$5688 [0] $flatten\safety.supervisor.$0$memwr$\command_age$src/hx_safety.v:213$4573_EN[23:0]$5688 [0] $flatten\safety.supervisor.$0$memwr$\command_age$src/hx_safety.v:213$4573_EN[23:0]$5688 [0] $flatten\safety.supervisor.$0$memwr$\command_age$src/hx_safety.v:213$4573_EN[23:0]$5688 [0] $flatten\safety.supervisor.$0$memwr$\command_age$src/hx_safety.v:213$4573_EN[23:0]$5688 [0] $flatten\safety.supervisor.$0$memwr$\command_age$src/hx_safety.v:213$4573_EN[23:0]$5688 [0] $flatten\safety.supervisor.$0$memwr$\command_age$src/hx_safety.v:213$4573_EN[23:0]$5688 [0] $flatten\safety.supervisor.$0$memwr$\command_age$src/hx_safety.v:213$4573_EN[23:0]$5688 [0] $flatten\safety.supervisor.$0$memwr$\command_age$src/hx_safety.v:213$4573_EN[23:0]$5688 [0] $flatten\safety.supervisor.$0$memwr$\command_age$src/hx_safety.v:213$4573_EN[23:0]$5688 [0] $flatten\safety.supervisor.$0$memwr$\command_age$src/hx_safety.v:213$4573_EN[23:0]$5688 [0] }
    Consolidated identical input bits for $mux cell $flatten\safety.supervisor.$procmux$9438:
      Old ports: A=8'00000000, B=8'11111111, Y=$flatten\safety.supervisor.$0$memwr$\sample_reason$src/hx_safety.v:213$4574_EN[7:0]$5689
      New ports: A=1'0, B=1'1, Y=$flatten\safety.supervisor.$0$memwr$\sample_reason$src/hx_safety.v:213$4574_EN[7:0]$5689 [0]
      New connections: $flatten\safety.supervisor.$0$memwr$\sample_reason$src/hx_safety.v:213$4574_EN[7:0]$5689 [7:1] = { $flatten\safety.supervisor.$0$memwr$\sample_reason$src/hx_safety.v:213$4574_EN[7:0]$5689 [0] $flatten\safety.supervisor.$0$memwr$\sample_reason$src/hx_safety.v:213$4574_EN[7:0]$5689 [0] $flatten\safety.supervisor.$0$memwr$\sample_reason$src/hx_safety.v:213$4574_EN[7:0]$5689 [0] $flatten\safety.supervisor.$0$memwr$\sample_reason$src/hx_safety.v:213$4574_EN[7:0]$5689 [0] $flatten\safety.supervisor.$0$memwr$\sample_reason$src/hx_safety.v:213$4574_EN[7:0]$5689 [0] $flatten\safety.supervisor.$0$memwr$\sample_reason$src/hx_safety.v:213$4574_EN[7:0]$5689 [0] $flatten\safety.supervisor.$0$memwr$\sample_reason$src/hx_safety.v:213$4574_EN[7:0]$5689 [0] }
    Consolidated identical input bits for $mux cell $flatten\safety.supervisor.$procmux$9435:
      Old ports: A=24'000000000000000000000000, B=24'111111111111111111111111, Y=$flatten\safety.supervisor.$0$memwr$\feedback_age$src/hx_safety.v:213$4575_EN[23:0]$5690
      New ports: A=1'0, B=1'1, Y=$flatten\safety.supervisor.$0$memwr$\feedback_age$src/hx_safety.v:213$4575_EN[23:0]$5690 [0]
      New connections: $flatten\safety.supervisor.$0$memwr$\feedback_age$src/hx_safety.v:213$4575_EN[23:0]$5690 [23:1] = { $flatten\safety.supervisor.$0$memwr$\feedback_age$src/hx_safety.v:213$4575_EN[23:0]$5690 [0] $flatten\safety.supervisor.$0$memwr$\feedback_age$src/hx_safety.v:213$4575_EN[23:0]$5690 [0] $flatten\safety.supervisor.$0$memwr$\feedback_age$src/hx_safety.v:213$4575_EN[23:0]$5690 [0] $flatten\safety.supervisor.$0$memwr$\feedback_age$src/hx_safety.v:213$4575_EN[23:0]$5690 [0] $flatten\safety.supervisor.$0$memwr$\feedback_age$src/hx_safety.v:213$4575_EN[23:0]$5690 [0] $flatten\safety.supervisor.$0$memwr$\feedback_age$src/hx_safety.v:213$4575_EN[23:0]$5690 [0] $flatten\safety.supervisor.$0$memwr$\feedback_age$src/hx_safety.v:213$4575_EN[23:0]$5690 [0] $flatten\safety.supervisor.$0$memwr$\feedback_age$src/hx_safety.v:213$4575_EN[23:0]$5690 [0] $flatten\safety.supervisor.$0$memwr$\feedback_age$src/hx_safety.v:213$4575_EN[23:0]$5690 [0] $flatten\safety.supervisor.$0$memwr$\feedback_age$src/hx_safety.v:213$4575_EN[23:0]$5690 [0] $flatten\safety.supervisor.$0$memwr$\feedback_age$src/hx_safety.v:213$4575_EN[23:0]$5690 [0] $flatten\safety.supervisor.$0$memwr$\feedback_age$src/hx_safety.v:213$4575_EN[23:0]$5690 [0] $flatten\safety.supervisor.$0$memwr$\feedback_age$src/hx_safety.v:213$4575_EN[23:0]$5690 [0] $flatten\safety.supervisor.$0$memwr$\feedback_age$src/hx_safety.v:213$4575_EN[23:0]$5690 [0] $flatten\safety.supervisor.$0$memwr$\feedback_age$src/hx_safety.v:213$4575_EN[23:0]$5690 [0] $flatten\safety.supervisor.$0$memwr$\feedback_age$src/hx_safety.v:213$4575_EN[23:0]$5690 [0] $flatten\safety.supervisor.$0$memwr$\feedback_age$src/hx_safety.v:213$4575_EN[23:0]$5690 [0] $flatten\safety.supervisor.$0$memwr$\feedback_age$src/hx_safety.v:213$4575_EN[23:0]$5690 [0] $flatten\safety.supervisor.$0$memwr$\feedback_age$src/hx_safety.v:213$4575_EN[23:0]$5690 [0] $flatten\safety.supervisor.$0$memwr$\feedback_age$src/hx_safety.v:213$4575_EN[23:0]$5690 [0] $flatten\safety.supervisor.$0$memwr$\feedback_age$src/hx_safety.v:213$4575_EN[23:0]$5690 [0] $flatten\safety.supervisor.$0$memwr$\feedback_age$src/hx_safety.v:213$4575_EN[23:0]$5690 [0] $flatten\safety.supervisor.$0$memwr$\feedback_age$src/hx_safety.v:213$4575_EN[23:0]$5690 [0] }
    Consolidated identical input bits for $mux cell $flatten\safety.supervisor.$procmux$9432:
      Old ports: A=24'000000000000000000000000, B=24'111111111111111111111111, Y=$flatten\safety.supervisor.$0$memwr$\command_age$src/hx_safety.v:213$4576_EN[23:0]$5691
      New ports: A=1'0, B=1'1, Y=$flatten\safety.supervisor.$0$memwr$\command_age$src/hx_safety.v:213$4576_EN[23:0]$5691 [0]
      New connections: $flatten\safety.supervisor.$0$memwr$\command_age$src/hx_safety.v:213$4576_EN[23:0]$5691 [23:1] = { $flatten\safety.supervisor.$0$memwr$\command_age$src/hx_safety.v:213$4576_EN[23:0]$5691 [0] $flatten\safety.supervisor.$0$memwr$\command_age$src/hx_safety.v:213$4576_EN[23:0]$5691 [0] $flatten\safety.supervisor.$0$memwr$\command_age$src/hx_safety.v:213$4576_EN[23:0]$5691 [0] $flatten\safety.supervisor.$0$memwr$\command_age$src/hx_safety.v:213$4576_EN[23:0]$5691 [0] $flatten\safety.supervisor.$0$memwr$\command_age$src/hx_safety.v:213$4576_EN[23:0]$5691 [0] $flatten\safety.supervisor.$0$memwr$\command_age$src/hx_safety.v:213$4576_EN[23:0]$5691 [0] $flatten\safety.supervisor.$0$memwr$\command_age$src/hx_safety.v:213$4576_EN[23:0]$5691 [0] $flatten\safety.supervisor.$0$memwr$\command_age$src/hx_safety.v:213$4576_EN[23:0]$5691 [0] $flatten\safety.supervisor.$0$memwr$\command_age$src/hx_safety.v:213$4576_EN[23:0]$5691 [0] $flatten\safety.supervisor.$0$memwr$\command_age$src/hx_safety.v:213$4576_EN[23:0]$5691 [0] $flatten\safety.supervisor.$0$memwr$\command_age$src/hx_safety.v:213$4576_EN[23:0]$5691 [0] $flatten\safety.supervisor.$0$memwr$\command_age$src/hx_safety.v:213$4576_EN[23:0]$5691 [0] $flatten\safety.supervisor.$0$memwr$\command_age$src/hx_safety.v:213$4576_EN[23:0]$5691 [0] $flatten\safety.supervisor.$0$memwr$\command_age$src/hx_safety.v:213$4576_EN[23:0]$5691 [0] $flatten\safety.supervisor.$0$memwr$\command_age$src/hx_safety.v:213$4576_EN[23:0]$5691 [0] $flatten\safety.supervisor.$0$memwr$\command_age$src/hx_safety.v:213$4576_EN[23:0]$5691 [0] $flatten\safety.supervisor.$0$memwr$\command_age$src/hx_safety.v:213$4576_EN[23:0]$5691 [0] $flatten\safety.supervisor.$0$memwr$\command_age$src/hx_safety.v:213$4576_EN[23:0]$5691 [0] $flatten\safety.supervisor.$0$memwr$\command_age$src/hx_safety.v:213$4576_EN[23:0]$5691 [0] $flatten\safety.supervisor.$0$memwr$\command_age$src/hx_safety.v:213$4576_EN[23:0]$5691 [0] $flatten\safety.supervisor.$0$memwr$\command_age$src/hx_safety.v:213$4576_EN[23:0]$5691 [0] $flatten\safety.supervisor.$0$memwr$\command_age$src/hx_safety.v:213$4576_EN[23:0]$5691 [0] $flatten\safety.supervisor.$0$memwr$\command_age$src/hx_safety.v:213$4576_EN[23:0]$5691 [0] }
    Consolidated identical input bits for $mux cell $flatten\safety.supervisor.$procmux$9429:
      Old ports: A=8'00000000, B=8'11111111, Y=$flatten\safety.supervisor.$0$memwr$\sample_reason$src/hx_safety.v:213$4577_EN[7:0]$5692
      New ports: A=1'0, B=1'1, Y=$flatten\safety.supervisor.$0$memwr$\sample_reason$src/hx_safety.v:213$4577_EN[7:0]$5692 [0]
      New connections: $flatten\safety.supervisor.$0$memwr$\sample_reason$src/hx_safety.v:213$4577_EN[7:0]$5692 [7:1] = { $flatten\safety.supervisor.$0$memwr$\sample_reason$src/hx_safety.v:213$4577_EN[7:0]$5692 [0] $flatten\safety.supervisor.$0$memwr$\sample_reason$src/hx_safety.v:213$4577_EN[7:0]$5692 [0] $flatten\safety.supervisor.$0$memwr$\sample_reason$src/hx_safety.v:213$4577_EN[7:0]$5692 [0] $flatten\safety.supervisor.$0$memwr$\sample_reason$src/hx_safety.v:213$4577_EN[7:0]$5692 [0] $flatten\safety.supervisor.$0$memwr$\sample_reason$src/hx_safety.v:213$4577_EN[7:0]$5692 [0] $flatten\safety.supervisor.$0$memwr$\sample_reason$src/hx_safety.v:213$4577_EN[7:0]$5692 [0] $flatten\safety.supervisor.$0$memwr$\sample_reason$src/hx_safety.v:213$4577_EN[7:0]$5692 [0] }
    Consolidated identical input bits for $mux cell $procmux$17618:
      Old ports: A=8'00000000, B=8'11111111, Y=$procmux$17618_Y
      New ports: A=1'0, B=1'1, Y=$procmux$17618_Y [0]
      New connections: $procmux$17618_Y [7:1] = { $procmux$17618_Y [0] $procmux$17618_Y [0] $procmux$17618_Y [0] $procmux$17618_Y [0] $procmux$17618_Y [0] $procmux$17618_Y [0] $procmux$17618_Y [0] }
    Consolidated identical input bits for $mux cell $procmux$17573:
      Old ports: A=8'00000000, B=8'11111111, Y=$procmux$17573_Y
      New ports: A=1'0, B=1'1, Y=$procmux$17573_Y [0]
      New connections: $procmux$17573_Y [7:1] = { $procmux$17573_Y [0] $procmux$17573_Y [0] $procmux$17573_Y [0] $procmux$17573_Y [0] $procmux$17573_Y [0] $procmux$17573_Y [0] $procmux$17573_Y [0] }
    Consolidated identical input bits for $mux cell $procmux$17206:
      Old ports: A=8'00000000, B=8'11111111, Y=$procmux$17206_Y
      New ports: A=1'0, B=1'1, Y=$procmux$17206_Y [0]
      New connections: $procmux$17206_Y [7:1] = { $procmux$17206_Y [0] $procmux$17206_Y [0] $procmux$17206_Y [0] $procmux$17206_Y [0] $procmux$17206_Y [0] $procmux$17206_Y [0] $procmux$17206_Y [0] }
    Consolidated identical input bits for $mux cell $flatten\safety.supervisor.$procmux$7928:
      Old ports: A=16'0000000000000000, B=16'1111111111111111, Y=$flatten\safety.supervisor.$procmux$7928_Y
      New ports: A=1'0, B=1'1, Y=$flatten\safety.supervisor.$procmux$7928_Y [0]
      New connections: $flatten\safety.supervisor.$procmux$7928_Y [15:1] = { $flatten\safety.supervisor.$procmux$7928_Y [0] $flatten\safety.supervisor.$procmux$7928_Y [0] $flatten\safety.supervisor.$procmux$7928_Y [0] $flatten\safety.supervisor.$procmux$7928_Y [0] $flatten\safety.supervisor.$procmux$7928_Y [0] $flatten\safety.supervisor.$procmux$7928_Y [0] $flatten\safety.supervisor.$procmux$7928_Y [0] $flatten\safety.supervisor.$procmux$7928_Y [0] $flatten\safety.supervisor.$procmux$7928_Y [0] $flatten\safety.supervisor.$procmux$7928_Y [0] $flatten\safety.supervisor.$procmux$7928_Y [0] $flatten\safety.supervisor.$procmux$7928_Y [0] $flatten\safety.supervisor.$procmux$7928_Y [0] $flatten\safety.supervisor.$procmux$7928_Y [0] $flatten\safety.supervisor.$procmux$7928_Y [0] }
    Consolidated identical input bits for $mux cell $procmux$17175:
      Old ports: A=8'00000000, B=8'11111111, Y=$procmux$17175_Y
      New ports: A=1'0, B=1'1, Y=$procmux$17175_Y [0]
      New connections: $procmux$17175_Y [7:1] = { $procmux$17175_Y [0] $procmux$17175_Y [0] $procmux$17175_Y [0] $procmux$17175_Y [0] $procmux$17175_Y [0] $procmux$17175_Y [0] $procmux$17175_Y [0] }
    Consolidated identical input bits for $mux cell $procmux$17134:
      Old ports: A=8'00000000, B=8'11111111, Y=$procmux$17134_Y
      New ports: A=1'0, B=1'1, Y=$procmux$17134_Y [0]
      New connections: $procmux$17134_Y [7:1] = { $procmux$17134_Y [0] $procmux$17134_Y [0] $procmux$17134_Y [0] $procmux$17134_Y [0] $procmux$17134_Y [0] $procmux$17134_Y [0] $procmux$17134_Y [0] }
    Consolidated identical input bits for $mux cell $flatten\safety.supervisor.$procmux$10154:
      Old ports: A=8'00000000, B=8'11111111, Y=$flatten\safety.supervisor.$procmux$10154_Y
      New ports: A=1'0, B=1'1, Y=$flatten\safety.supervisor.$procmux$10154_Y [0]
      New connections: $flatten\safety.supervisor.$procmux$10154_Y [7:1] = { $flatten\safety.supervisor.$procmux$10154_Y [0] $flatten\safety.supervisor.$procmux$10154_Y [0] $flatten\safety.supervisor.$procmux$10154_Y [0] $flatten\safety.supervisor.$procmux$10154_Y [0] $flatten\safety.supervisor.$procmux$10154_Y [0] $flatten\safety.supervisor.$procmux$10154_Y [0] $flatten\safety.supervisor.$procmux$10154_Y [0] }
    Consolidated identical input bits for $mux cell $flatten\safety.supervisor.$procmux$9414:
      Old ports: A=24'000000000000000000000000, B=24'111111111111111111111111, Y=$flatten\safety.supervisor.$procmux$9414_Y
      New ports: A=1'0, B=1'1, Y=$flatten\safety.supervisor.$procmux$9414_Y [0]
      New connections: $flatten\safety.supervisor.$procmux$9414_Y [23:1] = { $flatten\safety.supervisor.$procmux$9414_Y [0] $flatten\safety.supervisor.$procmux$9414_Y [0] $flatten\safety.supervisor.$procmux$9414_Y [0] $flatten\safety.supervisor.$procmux$9414_Y [0] $flatten\safety.supervisor.$procmux$9414_Y [0] $flatten\safety.supervisor.$procmux$9414_Y [0] $flatten\safety.supervisor.$procmux$9414_Y [0] $flatten\safety.supervisor.$procmux$9414_Y [0] $flatten\safety.supervisor.$procmux$9414_Y [0] $flatten\safety.supervisor.$procmux$9414_Y [0] $flatten\safety.supervisor.$procmux$9414_Y [0] $flatten\safety.supervisor.$procmux$9414_Y [0] $flatten\safety.supervisor.$procmux$9414_Y [0] $flatten\safety.supervisor.$procmux$9414_Y [0] $flatten\safety.supervisor.$procmux$9414_Y [0] $flatten\safety.supervisor.$procmux$9414_Y [0] $flatten\safety.supervisor.$procmux$9414_Y [0] $flatten\safety.supervisor.$procmux$9414_Y [0] $flatten\safety.supervisor.$procmux$9414_Y [0] $flatten\safety.supervisor.$procmux$9414_Y [0] $flatten\safety.supervisor.$procmux$9414_Y [0] $flatten\safety.supervisor.$procmux$9414_Y [0] $flatten\safety.supervisor.$procmux$9414_Y [0] }
  Optimizing cells in module \top.
    Consolidated identical input bits for $mux cell $flatten\safety.supervisor.$procmux$7237:
      Old ports: A=24'000000000000000000000000, B=$flatten\safety.supervisor.$8$memwr$\command_age$src/hx_safety.v:266$4588_EN[23:0]$6175, Y=$flatten\safety.supervisor.$procmux$7237_Y
      New ports: A=1'0, B=$flatten\safety.supervisor.$procmux$7121_Y [0], Y=$flatten\safety.supervisor.$procmux$7237_Y [0]
      New connections: $flatten\safety.supervisor.$procmux$7237_Y [23:1] = { $flatten\safety.supervisor.$procmux$7237_Y [0] $flatten\safety.supervisor.$procmux$7237_Y [0] $flatten\safety.supervisor.$procmux$7237_Y [0] $flatten\safety.supervisor.$procmux$7237_Y [0] $flatten\safety.supervisor.$procmux$7237_Y [0] $flatten\safety.supervisor.$procmux$7237_Y [0] $flatten\safety.supervisor.$procmux$7237_Y [0] $flatten\safety.supervisor.$procmux$7237_Y [0] $flatten\safety.supervisor.$procmux$7237_Y [0] $flatten\safety.supervisor.$procmux$7237_Y [0] $flatten\safety.supervisor.$procmux$7237_Y [0] $flatten\safety.supervisor.$procmux$7237_Y [0] $flatten\safety.supervisor.$procmux$7237_Y [0] $flatten\safety.supervisor.$procmux$7237_Y [0] $flatten\safety.supervisor.$procmux$7237_Y [0] $flatten\safety.supervisor.$procmux$7237_Y [0] $flatten\safety.supervisor.$procmux$7237_Y [0] $flatten\safety.supervisor.$procmux$7237_Y [0] $flatten\safety.supervisor.$procmux$7237_Y [0] $flatten\safety.supervisor.$procmux$7237_Y [0] $flatten\safety.supervisor.$procmux$7237_Y [0] $flatten\safety.supervisor.$procmux$7237_Y [0] $flatten\safety.supervisor.$procmux$7237_Y [0] }
    Consolidated identical input bits for $mux cell $flatten\safety.supervisor.$procmux$9564:
      Old ports: A=$flatten\safety.supervisor.$2$memwr$\feedback_age$src/hx_safety.v:219$4578_EN[23:0]$5806, B=24'000000000000000000000000, Y=$flatten\safety.supervisor.$0$memwr$\feedback_age$src/hx_safety.v:219$4578_EN[23:0]$5694
      New ports: A=$flatten\safety.supervisor.$procmux$9414_Y [0], B=1'0, Y=$flatten\safety.supervisor.$0$memwr$\feedback_age$src/hx_safety.v:219$4578_EN[23:0]$5694 [0]
      New connections: $flatten\safety.supervisor.$0$memwr$\feedback_age$src/hx_safety.v:219$4578_EN[23:0]$5694 [23:1] = { $flatten\safety.supervisor.$0$memwr$\feedback_age$src/hx_safety.v:219$4578_EN[23:0]$5694 [0] $flatten\safety.supervisor.$0$memwr$\feedback_age$src/hx_safety.v:219$4578_EN[23:0]$5694 [0] $flatten\safety.supervisor.$0$memwr$\feedback_age$src/hx_safety.v:219$4578_EN[23:0]$5694 [0] $flatten\safety.supervisor.$0$memwr$\feedback_age$src/hx_safety.v:219$4578_EN[23:0]$5694 [0] $flatten\safety.supervisor.$0$memwr$\feedback_age$src/hx_safety.v:219$4578_EN[23:0]$5694 [0] $flatten\safety.supervisor.$0$memwr$\feedback_age$src/hx_safety.v:219$4578_EN[23:0]$5694 [0] $flatten\safety.supervisor.$0$memwr$\feedback_age$src/hx_safety.v:219$4578_EN[23:0]$5694 [0] $flatten\safety.supervisor.$0$memwr$\feedback_age$src/hx_safety.v:219$4578_EN[23:0]$5694 [0] $flatten\safety.supervisor.$0$memwr$\feedback_age$src/hx_safety.v:219$4578_EN[23:0]$5694 [0] $flatten\safety.supervisor.$0$memwr$\feedback_age$src/hx_safety.v:219$4578_EN[23:0]$5694 [0] $flatten\safety.supervisor.$0$memwr$\feedback_age$src/hx_safety.v:219$4578_EN[23:0]$5694 [0] $flatten\safety.supervisor.$0$memwr$\feedback_age$src/hx_safety.v:219$4578_EN[23:0]$5694 [0] $flatten\safety.supervisor.$0$memwr$\feedback_age$src/hx_safety.v:219$4578_EN[23:0]$5694 [0] $flatten\safety.supervisor.$0$memwr$\feedback_age$src/hx_safety.v:219$4578_EN[23:0]$5694 [0] $flatten\safety.supervisor.$0$memwr$\feedback_age$src/hx_safety.v:219$4578_EN[23:0]$5694 [0] $flatten\safety.supervisor.$0$memwr$\feedback_age$src/hx_safety.v:219$4578_EN[23:0]$5694 [0] $flatten\safety.supervisor.$0$memwr$\feedback_age$src/hx_safety.v:219$4578_EN[23:0]$5694 [0] $flatten\safety.supervisor.$0$memwr$\feedback_age$src/hx_safety.v:219$4578_EN[23:0]$5694 [0] $flatten\safety.supervisor.$0$memwr$\feedback_age$src/hx_safety.v:219$4578_EN[23:0]$5694 [0] $flatten\safety.supervisor.$0$memwr$\feedback_age$src/hx_safety.v:219$4578_EN[23:0]$5694 [0] $flatten\safety.supervisor.$0$memwr$\feedback_age$src/hx_safety.v:219$4578_EN[23:0]$5694 [0] $flatten\safety.supervisor.$0$memwr$\feedback_age$src/hx_safety.v:219$4578_EN[23:0]$5694 [0] $flatten\safety.supervisor.$0$memwr$\feedback_age$src/hx_safety.v:219$4578_EN[23:0]$5694 [0] }
    Consolidated identical input bits for $mux cell $flatten\safety.supervisor.$procmux$9558:
      Old ports: A=$flatten\safety.supervisor.$2$memwr$\command_age$src/hx_safety.v:220$4579_EN[23:0]$5812, B=24'000000000000000000000000, Y=$flatten\safety.supervisor.$0$memwr$\command_age$src/hx_safety.v:220$4579_EN[23:0]$5696
      New ports: A=$flatten\safety.supervisor.$procmux$9402_Y [0], B=1'0, Y=$flatten\safety.supervisor.$0$memwr$\command_age$src/hx_safety.v:220$4579_EN[23:0]$5696 [0]
      New connections: $flatten\safety.supervisor.$0$memwr$\command_age$src/hx_safety.v:220$4579_EN[23:0]$5696 [23:1] = { $flatten\safety.supervisor.$0$memwr$\command_age$src/hx_safety.v:220$4579_EN[23:0]$5696 [0] $flatten\safety.supervisor.$0$memwr$\command_age$src/hx_safety.v:220$4579_EN[23:0]$5696 [0] $flatten\safety.supervisor.$0$memwr$\command_age$src/hx_safety.v:220$4579_EN[23:0]$5696 [0] $flatten\safety.supervisor.$0$memwr$\command_age$src/hx_safety.v:220$4579_EN[23:0]$5696 [0] $flatten\safety.supervisor.$0$memwr$\command_age$src/hx_safety.v:220$4579_EN[23:0]$5696 [0] $flatten\safety.supervisor.$0$memwr$\command_age$src/hx_safety.v:220$4579_EN[23:0]$5696 [0] $flatten\safety.supervisor.$0$memwr$\command_age$src/hx_safety.v:220$4579_EN[23:0]$5696 [0] $flatten\safety.supervisor.$0$memwr$\command_age$src/hx_safety.v:220$4579_EN[23:0]$5696 [0] $flatten\safety.supervisor.$0$memwr$\command_age$src/hx_safety.v:220$4579_EN[23:0]$5696 [0] $flatten\safety.supervisor.$0$memwr$\command_age$src/hx_safety.v:220$4579_EN[23:0]$5696 [0] $flatten\safety.supervisor.$0$memwr$\command_age$src/hx_safety.v:220$4579_EN[23:0]$5696 [0] $flatten\safety.supervisor.$0$memwr$\command_age$src/hx_safety.v:220$4579_EN[23:0]$5696 [0] $flatten\safety.supervisor.$0$memwr$\command_age$src/hx_safety.v:220$4579_EN[23:0]$5696 [0] $flatten\safety.supervisor.$0$memwr$\command_age$src/hx_safety.v:220$4579_EN[23:0]$5696 [0] $flatten\safety.supervisor.$0$memwr$\command_age$src/hx_safety.v:220$4579_EN[23:0]$5696 [0] $flatten\safety.supervisor.$0$memwr$\command_age$src/hx_safety.v:220$4579_EN[23:0]$5696 [0] $flatten\safety.supervisor.$0$memwr$\command_age$src/hx_safety.v:220$4579_EN[23:0]$5696 [0] $flatten\safety.supervisor.$0$memwr$\command_age$src/hx_safety.v:220$4579_EN[23:0]$5696 [0] $flatten\safety.supervisor.$0$memwr$\command_age$src/hx_safety.v:220$4579_EN[23:0]$5696 [0] $flatten\safety.supervisor.$0$memwr$\command_age$src/hx_safety.v:220$4579_EN[23:0]$5696 [0] $flatten\safety.supervisor.$0$memwr$\command_age$src/hx_safety.v:220$4579_EN[23:0]$5696 [0] $flatten\safety.supervisor.$0$memwr$\command_age$src/hx_safety.v:220$4579_EN[23:0]$5696 [0] $flatten\safety.supervisor.$0$memwr$\command_age$src/hx_safety.v:220$4579_EN[23:0]$5696 [0] }
    Consolidated identical input bits for $mux cell $flatten\safety.supervisor.$procmux$9552:
      Old ports: A=$flatten\safety.supervisor.$2$memwr$\feedback_age$src/hx_safety.v:219$4580_EN[23:0]$5818, B=24'000000000000000000000000, Y=$flatten\safety.supervisor.$0$memwr$\feedback_age$src/hx_safety.v:219$4580_EN[23:0]$5698
      New ports: A=$flatten\safety.supervisor.$procmux$9390_Y [0], B=1'0, Y=$flatten\safety.supervisor.$0$memwr$\feedback_age$src/hx_safety.v:219$4580_EN[23:0]$5698 [0]
      New connections: $flatten\safety.supervisor.$0$memwr$\feedback_age$src/hx_safety.v:219$4580_EN[23:0]$5698 [23:1] = { $flatten\safety.supervisor.$0$memwr$\feedback_age$src/hx_safety.v:219$4580_EN[23:0]$5698 [0] $flatten\safety.supervisor.$0$memwr$\feedback_age$src/hx_safety.v:219$4580_EN[23:0]$5698 [0] $flatten\safety.supervisor.$0$memwr$\feedback_age$src/hx_safety.v:219$4580_EN[23:0]$5698 [0] $flatten\safety.supervisor.$0$memwr$\feedback_age$src/hx_safety.v:219$4580_EN[23:0]$5698 [0] $flatten\safety.supervisor.$0$memwr$\feedback_age$src/hx_safety.v:219$4580_EN[23:0]$5698 [0] $flatten\safety.supervisor.$0$memwr$\feedback_age$src/hx_safety.v:219$4580_EN[23:0]$5698 [0] $flatten\safety.supervisor.$0$memwr$\feedback_age$src/hx_safety.v:219$4580_EN[23:0]$5698 [0] $flatten\safety.supervisor.$0$memwr$\feedback_age$src/hx_safety.v:219$4580_EN[23:0]$5698 [0] $flatten\safety.supervisor.$0$memwr$\feedback_age$src/hx_safety.v:219$4580_EN[23:0]$5698 [0] $flatten\safety.supervisor.$0$memwr$\feedback_age$src/hx_safety.v:219$4580_EN[23:0]$5698 [0] $flatten\safety.supervisor.$0$memwr$\feedback_age$src/hx_safety.v:219$4580_EN[23:0]$5698 [0] $flatten\safety.supervisor.$0$memwr$\feedback_age$src/hx_safety.v:219$4580_EN[23:0]$5698 [0] $flatten\safety.supervisor.$0$memwr$\feedback_age$src/hx_safety.v:219$4580_EN[23:0]$5698 [0] $flatten\safety.supervisor.$0$memwr$\feedback_age$src/hx_safety.v:219$4580_EN[23:0]$5698 [0] $flatten\safety.supervisor.$0$memwr$\feedback_age$src/hx_safety.v:219$4580_EN[23:0]$5698 [0] $flatten\safety.supervisor.$0$memwr$\feedback_age$src/hx_safety.v:219$4580_EN[23:0]$5698 [0] $flatten\safety.supervisor.$0$memwr$\feedback_age$src/hx_safety.v:219$4580_EN[23:0]$5698 [0] $flatten\safety.supervisor.$0$memwr$\feedback_age$src/hx_safety.v:219$4580_EN[23:0]$5698 [0] $flatten\safety.supervisor.$0$memwr$\feedback_age$src/hx_safety.v:219$4580_EN[23:0]$5698 [0] $flatten\safety.supervisor.$0$memwr$\feedback_age$src/hx_safety.v:219$4580_EN[23:0]$5698 [0] $flatten\safety.supervisor.$0$memwr$\feedback_age$src/hx_safety.v:219$4580_EN[23:0]$5698 [0] $flatten\safety.supervisor.$0$memwr$\feedback_age$src/hx_safety.v:219$4580_EN[23:0]$5698 [0] $flatten\safety.supervisor.$0$memwr$\feedback_age$src/hx_safety.v:219$4580_EN[23:0]$5698 [0] }
    Consolidated identical input bits for $mux cell $flatten\safety.supervisor.$procmux$9546:
      Old ports: A=$flatten\safety.supervisor.$2$memwr$\command_age$src/hx_safety.v:220$4581_EN[23:0]$5824, B=24'000000000000000000000000, Y=$flatten\safety.supervisor.$0$memwr$\command_age$src/hx_safety.v:220$4581_EN[23:0]$5700
      New ports: A=$flatten\safety.supervisor.$procmux$9378_Y [0], B=1'0, Y=$flatten\safety.supervisor.$0$memwr$\command_age$src/hx_safety.v:220$4581_EN[23:0]$5700 [0]
      New connections: $flatten\safety.supervisor.$0$memwr$\command_age$src/hx_safety.v:220$4581_EN[23:0]$5700 [23:1] = { $flatten\safety.supervisor.$0$memwr$\command_age$src/hx_safety.v:220$4581_EN[23:0]$5700 [0] $flatten\safety.supervisor.$0$memwr$\command_age$src/hx_safety.v:220$4581_EN[23:0]$5700 [0] $flatten\safety.supervisor.$0$memwr$\command_age$src/hx_safety.v:220$4581_EN[23:0]$5700 [0] $flatten\safety.supervisor.$0$memwr$\command_age$src/hx_safety.v:220$4581_EN[23:0]$5700 [0] $flatten\safety.supervisor.$0$memwr$\command_age$src/hx_safety.v:220$4581_EN[23:0]$5700 [0] $flatten\safety.supervisor.$0$memwr$\command_age$src/hx_safety.v:220$4581_EN[23:0]$5700 [0] $flatten\safety.supervisor.$0$memwr$\command_age$src/hx_safety.v:220$4581_EN[23:0]$5700 [0] $flatten\safety.supervisor.$0$memwr$\command_age$src/hx_safety.v:220$4581_EN[23:0]$5700 [0] $flatten\safety.supervisor.$0$memwr$\command_age$src/hx_safety.v:220$4581_EN[23:0]$5700 [0] $flatten\safety.supervisor.$0$memwr$\command_age$src/hx_safety.v:220$4581_EN[23:0]$5700 [0] $flatten\safety.supervisor.$0$memwr$\command_age$src/hx_safety.v:220$4581_EN[23:0]$5700 [0] $flatten\safety.supervisor.$0$memwr$\command_age$src/hx_safety.v:220$4581_EN[23:0]$5700 [0] $flatten\safety.supervisor.$0$memwr$\command_age$src/hx_safety.v:220$4581_EN[23:0]$5700 [0] $flatten\safety.supervisor.$0$memwr$\command_age$src/hx_safety.v:220$4581_EN[23:0]$5700 [0] $flatten\safety.supervisor.$0$memwr$\command_age$src/hx_safety.v:220$4581_EN[23:0]$5700 [0] $flatten\safety.supervisor.$0$memwr$\command_age$src/hx_safety.v:220$4581_EN[23:0]$5700 [0] $flatten\safety.supervisor.$0$memwr$\command_age$src/hx_safety.v:220$4581_EN[23:0]$5700 [0] $flatten\safety.supervisor.$0$memwr$\command_age$src/hx_safety.v:220$4581_EN[23:0]$5700 [0] $flatten\safety.supervisor.$0$memwr$\command_age$src/hx_safety.v:220$4581_EN[23:0]$5700 [0] $flatten\safety.supervisor.$0$memwr$\command_age$src/hx_safety.v:220$4581_EN[23:0]$5700 [0] $flatten\safety.supervisor.$0$memwr$\command_age$src/hx_safety.v:220$4581_EN[23:0]$5700 [0] $flatten\safety.supervisor.$0$memwr$\command_age$src/hx_safety.v:220$4581_EN[23:0]$5700 [0] $flatten\safety.supervisor.$0$memwr$\command_age$src/hx_safety.v:220$4581_EN[23:0]$5700 [0] }
    Consolidated identical input bits for $mux cell $flatten\safety.supervisor.$procmux$9540:
      Old ports: A=$flatten\safety.supervisor.$2$memwr$\feedback_age$src/hx_safety.v:219$4582_EN[23:0]$5830, B=24'000000000000000000000000, Y=$flatten\safety.supervisor.$0$memwr$\feedback_age$src/hx_safety.v:219$4582_EN[23:0]$5702
      New ports: A=$flatten\safety.supervisor.$procmux$9366_Y [0], B=1'0, Y=$flatten\safety.supervisor.$0$memwr$\feedback_age$src/hx_safety.v:219$4582_EN[23:0]$5702 [0]
      New connections: $flatten\safety.supervisor.$0$memwr$\feedback_age$src/hx_safety.v:219$4582_EN[23:0]$5702 [23:1] = { $flatten\safety.supervisor.$0$memwr$\feedback_age$src/hx_safety.v:219$4582_EN[23:0]$5702 [0] $flatten\safety.supervisor.$0$memwr$\feedback_age$src/hx_safety.v:219$4582_EN[23:0]$5702 [0] $flatten\safety.supervisor.$0$memwr$\feedback_age$src/hx_safety.v:219$4582_EN[23:0]$5702 [0] $flatten\safety.supervisor.$0$memwr$\feedback_age$src/hx_safety.v:219$4582_EN[23:0]$5702 [0] $flatten\safety.supervisor.$0$memwr$\feedback_age$src/hx_safety.v:219$4582_EN[23:0]$5702 [0] $flatten\safety.supervisor.$0$memwr$\feedback_age$src/hx_safety.v:219$4582_EN[23:0]$5702 [0] $flatten\safety.supervisor.$0$memwr$\feedback_age$src/hx_safety.v:219$4582_EN[23:0]$5702 [0] $flatten\safety.supervisor.$0$memwr$\feedback_age$src/hx_safety.v:219$4582_EN[23:0]$5702 [0] $flatten\safety.supervisor.$0$memwr$\feedback_age$src/hx_safety.v:219$4582_EN[23:0]$5702 [0] $flatten\safety.supervisor.$0$memwr$\feedback_age$src/hx_safety.v:219$4582_EN[23:0]$5702 [0] $flatten\safety.supervisor.$0$memwr$\feedback_age$src/hx_safety.v:219$4582_EN[23:0]$5702 [0] $flatten\safety.supervisor.$0$memwr$\feedback_age$src/hx_safety.v:219$4582_EN[23:0]$5702 [0] $flatten\safety.supervisor.$0$memwr$\feedback_age$src/hx_safety.v:219$4582_EN[23:0]$5702 [0] $flatten\safety.supervisor.$0$memwr$\feedback_age$src/hx_safety.v:219$4582_EN[23:0]$5702 [0] $flatten\safety.supervisor.$0$memwr$\feedback_age$src/hx_safety.v:219$4582_EN[23:0]$5702 [0] $flatten\safety.supervisor.$0$memwr$\feedback_age$src/hx_safety.v:219$4582_EN[23:0]$5702 [0] $flatten\safety.supervisor.$0$memwr$\feedback_age$src/hx_safety.v:219$4582_EN[23:0]$5702 [0] $flatten\safety.supervisor.$0$memwr$\feedback_age$src/hx_safety.v:219$4582_EN[23:0]$5702 [0] $flatten\safety.supervisor.$0$memwr$\feedback_age$src/hx_safety.v:219$4582_EN[23:0]$5702 [0] $flatten\safety.supervisor.$0$memwr$\feedback_age$src/hx_safety.v:219$4582_EN[23:0]$5702 [0] $flatten\safety.supervisor.$0$memwr$\feedback_age$src/hx_safety.v:219$4582_EN[23:0]$5702 [0] $flatten\safety.supervisor.$0$memwr$\feedback_age$src/hx_safety.v:219$4582_EN[23:0]$5702 [0] $flatten\safety.supervisor.$0$memwr$\feedback_age$src/hx_safety.v:219$4582_EN[23:0]$5702 [0] }
    Consolidated identical input bits for $mux cell $flatten\safety.supervisor.$procmux$9534:
      Old ports: A=$flatten\safety.supervisor.$2$memwr$\command_age$src/hx_safety.v:220$4583_EN[23:0]$5836, B=24'000000000000000000000000, Y=$flatten\safety.supervisor.$0$memwr$\command_age$src/hx_safety.v:220$4583_EN[23:0]$5704
      New ports: A=$flatten\safety.supervisor.$procmux$9354_Y [0], B=1'0, Y=$flatten\safety.supervisor.$0$memwr$\command_age$src/hx_safety.v:220$4583_EN[23:0]$5704 [0]
      New connections: $flatten\safety.supervisor.$0$memwr$\command_age$src/hx_safety.v:220$4583_EN[23:0]$5704 [23:1] = { $flatten\safety.supervisor.$0$memwr$\command_age$src/hx_safety.v:220$4583_EN[23:0]$5704 [0] $flatten\safety.supervisor.$0$memwr$\command_age$src/hx_safety.v:220$4583_EN[23:0]$5704 [0] $flatten\safety.supervisor.$0$memwr$\command_age$src/hx_safety.v:220$4583_EN[23:0]$5704 [0] $flatten\safety.supervisor.$0$memwr$\command_age$src/hx_safety.v:220$4583_EN[23:0]$5704 [0] $flatten\safety.supervisor.$0$memwr$\command_age$src/hx_safety.v:220$4583_EN[23:0]$5704 [0] $flatten\safety.supervisor.$0$memwr$\command_age$src/hx_safety.v:220$4583_EN[23:0]$5704 [0] $flatten\safety.supervisor.$0$memwr$\command_age$src/hx_safety.v:220$4583_EN[23:0]$5704 [0] $flatten\safety.supervisor.$0$memwr$\command_age$src/hx_safety.v:220$4583_EN[23:0]$5704 [0] $flatten\safety.supervisor.$0$memwr$\command_age$src/hx_safety.v:220$4583_EN[23:0]$5704 [0] $flatten\safety.supervisor.$0$memwr$\command_age$src/hx_safety.v:220$4583_EN[23:0]$5704 [0] $flatten\safety.supervisor.$0$memwr$\command_age$src/hx_safety.v:220$4583_EN[23:0]$5704 [0] $flatten\safety.supervisor.$0$memwr$\command_age$src/hx_safety.v:220$4583_EN[23:0]$5704 [0] $flatten\safety.supervisor.$0$memwr$\command_age$src/hx_safety.v:220$4583_EN[23:0]$5704 [0] $flatten\safety.supervisor.$0$memwr$\command_age$src/hx_safety.v:220$4583_EN[23:0]$5704 [0] $flatten\safety.supervisor.$0$memwr$\command_age$src/hx_safety.v:220$4583_EN[23:0]$5704 [0] $flatten\safety.supervisor.$0$memwr$\command_age$src/hx_safety.v:220$4583_EN[23:0]$5704 [0] $flatten\safety.supervisor.$0$memwr$\command_age$src/hx_safety.v:220$4583_EN[23:0]$5704 [0] $flatten\safety.supervisor.$0$memwr$\command_age$src/hx_safety.v:220$4583_EN[23:0]$5704 [0] $flatten\safety.supervisor.$0$memwr$\command_age$src/hx_safety.v:220$4583_EN[23:0]$5704 [0] $flatten\safety.supervisor.$0$memwr$\command_age$src/hx_safety.v:220$4583_EN[23:0]$5704 [0] $flatten\safety.supervisor.$0$memwr$\command_age$src/hx_safety.v:220$4583_EN[23:0]$5704 [0] $flatten\safety.supervisor.$0$memwr$\command_age$src/hx_safety.v:220$4583_EN[23:0]$5704 [0] $flatten\safety.supervisor.$0$memwr$\command_age$src/hx_safety.v:220$4583_EN[23:0]$5704 [0] }
    Consolidated identical input bits for $mux cell $flatten\safety.supervisor.$procmux$8059:
      Old ports: A=16'0000000000000000, B=$flatten\safety.supervisor.$6$memwr$\lower$src/hx_safety.v:256$4586_EN[15:0]$6096, Y=$flatten\safety.supervisor.$procmux$8059_Y
      New ports: A=1'0, B=$flatten\safety.supervisor.$procmux$7928_Y [0], Y=$flatten\safety.supervisor.$procmux$8059_Y [0]
      New connections: $flatten\safety.supervisor.$procmux$8059_Y [15:1] = { $flatten\safety.supervisor.$procmux$8059_Y [0] $flatten\safety.supervisor.$procmux$8059_Y [0] $flatten\safety.supervisor.$procmux$8059_Y [0] $flatten\safety.supervisor.$procmux$8059_Y [0] $flatten\safety.supervisor.$procmux$8059_Y [0] $flatten\safety.supervisor.$procmux$8059_Y [0] $flatten\safety.supervisor.$procmux$8059_Y [0] $flatten\safety.supervisor.$procmux$8059_Y [0] $flatten\safety.supervisor.$procmux$8059_Y [0] $flatten\safety.supervisor.$procmux$8059_Y [0] $flatten\safety.supervisor.$procmux$8059_Y [0] $flatten\safety.supervisor.$procmux$8059_Y [0] $flatten\safety.supervisor.$procmux$8059_Y [0] $flatten\safety.supervisor.$procmux$8059_Y [0] $flatten\safety.supervisor.$procmux$8059_Y [0] }
    Consolidated identical input bits for $mux cell $flatten\safety.supervisor.$procmux$9525:
      Old ports: A=$flatten\safety.supervisor.$2$memwr$\sample_reason$src/hx_safety.v:239$4584_EN[7:0]$5906, B=8'00000000, Y=$flatten\safety.supervisor.$0$memwr$\sample_reason$src/hx_safety.v:239$4584_EN[7:0]$5707
      New ports: A=$flatten\safety.supervisor.$procmux$9168_Y [0], B=1'0, Y=$flatten\safety.supervisor.$0$memwr$\sample_reason$src/hx_safety.v:239$4584_EN[7:0]$5707 [0]
      New connections: $flatten\safety.supervisor.$0$memwr$\sample_reason$src/hx_safety.v:239$4584_EN[7:0]$5707 [7:1] = { $flatten\safety.supervisor.$0$memwr$\sample_reason$src/hx_safety.v:239$4584_EN[7:0]$5707 [0] $flatten\safety.supervisor.$0$memwr$\sample_reason$src/hx_safety.v:239$4584_EN[7:0]$5707 [0] $flatten\safety.supervisor.$0$memwr$\sample_reason$src/hx_safety.v:239$4584_EN[7:0]$5707 [0] $flatten\safety.supervisor.$0$memwr$\sample_reason$src/hx_safety.v:239$4584_EN[7:0]$5707 [0] $flatten\safety.supervisor.$0$memwr$\sample_reason$src/hx_safety.v:239$4584_EN[7:0]$5707 [0] $flatten\safety.supervisor.$0$memwr$\sample_reason$src/hx_safety.v:239$4584_EN[7:0]$5707 [0] $flatten\safety.supervisor.$0$memwr$\sample_reason$src/hx_safety.v:239$4584_EN[7:0]$5707 [0] }
    Consolidated identical input bits for $mux cell $flatten\safety.supervisor.$procmux$9519:
      Old ports: A=$flatten\safety.supervisor.$2$memwr$\feedback_age$src/hx_safety.v:240$4585_EN[23:0]$5908, B=24'000000000000000000000000, Y=$flatten\safety.supervisor.$0$memwr$\feedback_age$src/hx_safety.v:240$4585_EN[23:0]$5709
      New ports: A=$flatten\safety.supervisor.$procmux$9156_Y [0], B=1'0, Y=$flatten\safety.supervisor.$0$memwr$\feedback_age$src/hx_safety.v:240$4585_EN[23:0]$5709 [0]
      New connections: $flatten\safety.supervisor.$0$memwr$\feedback_age$src/hx_safety.v:240$4585_EN[23:0]$5709 [23:1] = { $flatten\safety.supervisor.$0$memwr$\feedback_age$src/hx_safety.v:240$4585_EN[23:0]$5709 [0] $flatten\safety.supervisor.$0$memwr$\feedback_age$src/hx_safety.v:240$4585_EN[23:0]$5709 [0] $flatten\safety.supervisor.$0$memwr$\feedback_age$src/hx_safety.v:240$4585_EN[23:0]$5709 [0] $flatten\safety.supervisor.$0$memwr$\feedback_age$src/hx_safety.v:240$4585_EN[23:0]$5709 [0] $flatten\safety.supervisor.$0$memwr$\feedback_age$src/hx_safety.v:240$4585_EN[23:0]$5709 [0] $flatten\safety.supervisor.$0$memwr$\feedback_age$src/hx_safety.v:240$4585_EN[23:0]$5709 [0] $flatten\safety.supervisor.$0$memwr$\feedback_age$src/hx_safety.v:240$4585_EN[23:0]$5709 [0] $flatten\safety.supervisor.$0$memwr$\feedback_age$src/hx_safety.v:240$4585_EN[23:0]$5709 [0] $flatten\safety.supervisor.$0$memwr$\feedback_age$src/hx_safety.v:240$4585_EN[23:0]$5709 [0] $flatten\safety.supervisor.$0$memwr$\feedback_age$src/hx_safety.v:240$4585_EN[23:0]$5709 [0] $flatten\safety.supervisor.$0$memwr$\feedback_age$src/hx_safety.v:240$4585_EN[23:0]$5709 [0] $flatten\safety.supervisor.$0$memwr$\feedback_age$src/hx_safety.v:240$4585_EN[23:0]$5709 [0] $flatten\safety.supervisor.$0$memwr$\feedback_age$src/hx_safety.v:240$4585_EN[23:0]$5709 [0] $flatten\safety.supervisor.$0$memwr$\feedback_age$src/hx_safety.v:240$4585_EN[23:0]$5709 [0] $flatten\safety.supervisor.$0$memwr$\feedback_age$src/hx_safety.v:240$4585_EN[23:0]$5709 [0] $flatten\safety.supervisor.$0$memwr$\feedback_age$src/hx_safety.v:240$4585_EN[23:0]$5709 [0] $flatten\safety.supervisor.$0$memwr$\feedback_age$src/hx_safety.v:240$4585_EN[23:0]$5709 [0] $flatten\safety.supervisor.$0$memwr$\feedback_age$src/hx_safety.v:240$4585_EN[23:0]$5709 [0] $flatten\safety.supervisor.$0$memwr$\feedback_age$src/hx_safety.v:240$4585_EN[23:0]$5709 [0] $flatten\safety.supervisor.$0$memwr$\feedback_age$src/hx_safety.v:240$4585_EN[23:0]$5709 [0] $flatten\safety.supervisor.$0$memwr$\feedback_age$src/hx_safety.v:240$4585_EN[23:0]$5709 [0] $flatten\safety.supervisor.$0$memwr$\feedback_age$src/hx_safety.v:240$4585_EN[23:0]$5709 [0] $flatten\safety.supervisor.$0$memwr$\feedback_age$src/hx_safety.v:240$4585_EN[23:0]$5709 [0] }
    Consolidated identical input bits for $mux cell $flatten\safety.supervisor.$procmux$8014:
      Old ports: A=16'0000000000000000, B=$flatten\safety.supervisor.$6$memwr$\upper$src/hx_safety.v:256$4587_EN[15:0]$6099, Y=$flatten\safety.supervisor.$procmux$8014_Y
      New ports: A=1'0, B=$flatten\safety.supervisor.$procmux$7874_Y [0], Y=$flatten\safety.supervisor.$procmux$8014_Y [0]
      New connections: $flatten\safety.supervisor.$procmux$8014_Y [15:1] = { $flatten\safety.supervisor.$procmux$8014_Y [0] $flatten\safety.supervisor.$procmux$8014_Y [0] $flatten\safety.supervisor.$procmux$8014_Y [0] $flatten\safety.supervisor.$procmux$8014_Y [0] $flatten\safety.supervisor.$procmux$8014_Y [0] $flatten\safety.supervisor.$procmux$8014_Y [0] $flatten\safety.supervisor.$procmux$8014_Y [0] $flatten\safety.supervisor.$procmux$8014_Y [0] $flatten\safety.supervisor.$procmux$8014_Y [0] $flatten\safety.supervisor.$procmux$8014_Y [0] $flatten\safety.supervisor.$procmux$8014_Y [0] $flatten\safety.supervisor.$procmux$8014_Y [0] $flatten\safety.supervisor.$procmux$8014_Y [0] $flatten\safety.supervisor.$procmux$8014_Y [0] $flatten\safety.supervisor.$procmux$8014_Y [0] }
    Consolidated identical input bits for $mux cell $flatten\safety.supervisor.$procmux$6880:
      Old ports: A=24'000000000000000000000000, B=$flatten\safety.supervisor.$9$memwr$\command_age$src/hx_safety.v:269$4589_EN[23:0]$6204, Y=$flatten\safety.supervisor.$procmux$6880_Y
      New ports: A=1'0, B=$flatten\safety.supervisor.$procmux$6827_Y [0], Y=$flatten\safety.supervisor.$procmux$6880_Y [0]
      New connections: $flatten\safety.supervisor.$procmux$6880_Y [23:1] = { $flatten\safety.supervisor.$procmux$6880_Y [0] $flatten\safety.supervisor.$procmux$6880_Y [0] $flatten\safety.supervisor.$procmux$6880_Y [0] $flatten\safety.supervisor.$procmux$6880_Y [0] $flatten\safety.supervisor.$procmux$6880_Y [0] $flatten\safety.supervisor.$procmux$6880_Y [0] $flatten\safety.supervisor.$procmux$6880_Y [0] $flatten\safety.supervisor.$procmux$6880_Y [0] $flatten\safety.supervisor.$procmux$6880_Y [0] $flatten\safety.supervisor.$procmux$6880_Y [0] $flatten\safety.supervisor.$procmux$6880_Y [0] $flatten\safety.supervisor.$procmux$6880_Y [0] $flatten\safety.supervisor.$procmux$6880_Y [0] $flatten\safety.supervisor.$procmux$6880_Y [0] $flatten\safety.supervisor.$procmux$6880_Y [0] $flatten\safety.supervisor.$procmux$6880_Y [0] $flatten\safety.supervisor.$procmux$6880_Y [0] $flatten\safety.supervisor.$procmux$6880_Y [0] $flatten\safety.supervisor.$procmux$6880_Y [0] $flatten\safety.supervisor.$procmux$6880_Y [0] $flatten\safety.supervisor.$procmux$6880_Y [0] $flatten\safety.supervisor.$procmux$6880_Y [0] $flatten\safety.supervisor.$procmux$6880_Y [0] }
    Consolidated identical input bits for $mux cell $flatten\safety.supervisor.$procmux$10189:
      Old ports: A=8'00000000, B=$flatten\safety.supervisor.$4$memwr$\rb$src/hx_safety.v:158$4568_EN[7:0]$5531, Y=$flatten\safety.supervisor.$procmux$10189_Y
      New ports: A=1'0, B=$flatten\safety.supervisor.$procmux$10154_Y [0], Y=$flatten\safety.supervisor.$procmux$10189_Y [0]
      New connections: $flatten\safety.supervisor.$procmux$10189_Y [7:1] = { $flatten\safety.supervisor.$procmux$10189_Y [0] $flatten\safety.supervisor.$procmux$10189_Y [0] $flatten\safety.supervisor.$procmux$10189_Y [0] $flatten\safety.supervisor.$procmux$10189_Y [0] $flatten\safety.supervisor.$procmux$10189_Y [0] $flatten\safety.supervisor.$procmux$10189_Y [0] $flatten\safety.supervisor.$procmux$10189_Y [0] }
    Consolidated identical input bits for $mux cell $procmux$17681:
      Old ports: A=$2$memwr$\fifo$src/bridge.v:288$3827_EN[7:0]$3999, B=8'00000000, Y=$0$memwr$\fifo$src/bridge.v:288$3827_EN[7:0]$3981
      New ports: A=$procmux$17618_Y [0], B=1'0, Y=$0$memwr$\fifo$src/bridge.v:288$3827_EN[7:0]$3981 [0]
      New connections: $0$memwr$\fifo$src/bridge.v:288$3827_EN[7:0]$3981 [7:1] = { $0$memwr$\fifo$src/bridge.v:288$3827_EN[7:0]$3981 [0] $0$memwr$\fifo$src/bridge.v:288$3827_EN[7:0]$3981 [0] $0$memwr$\fifo$src/bridge.v:288$3827_EN[7:0]$3981 [0] $0$memwr$\fifo$src/bridge.v:288$3827_EN[7:0]$3981 [0] $0$memwr$\fifo$src/bridge.v:288$3827_EN[7:0]$3981 [0] $0$memwr$\fifo$src/bridge.v:288$3827_EN[7:0]$3981 [0] $0$memwr$\fifo$src/bridge.v:288$3827_EN[7:0]$3981 [0] }
    Consolidated identical input bits for $mux cell $procmux$17636:
      Old ports: A=$3$memwr$\fifo$src/bridge.v:291$3828_EN[7:0]$4008, B=8'00000000, Y=$procmux$17636_Y
      New ports: A=$procmux$17573_Y [0], B=1'0, Y=$procmux$17636_Y [0]
      New connections: $procmux$17636_Y [7:1] = { $procmux$17636_Y [0] $procmux$17636_Y [0] $procmux$17636_Y [0] $procmux$17636_Y [0] $procmux$17636_Y [0] $procmux$17636_Y [0] $procmux$17636_Y [0] }
    Consolidated identical input bits for $mux cell $procmux$17230:
      Old ports: A=8'00000000, B=$3$memwr$\pbuf$src/bridge.v:202$3826_EN[7:0]$3921, Y=$procmux$17230_Y
      New ports: A=1'0, B=$procmux$17134_Y [0], Y=$procmux$17230_Y [0]
      New connections: $procmux$17230_Y [7:1] = { $procmux$17230_Y [0] $procmux$17230_Y [0] $procmux$17230_Y [0] $procmux$17230_Y [0] $procmux$17230_Y [0] $procmux$17230_Y [0] $procmux$17230_Y [0] }
    Consolidated identical input bits for $mux cell $procmux$17220:
      Old ports: A=8'00000000, B=$3$memwr$\pbuf$src/bridge.v:190$3824_EN[7:0]$3915, Y=$procmux$17220_Y
      New ports: A=1'0, B=$procmux$17206_Y [0], Y=$procmux$17220_Y [0]
      New connections: $procmux$17220_Y [7:1] = { $procmux$17220_Y [0] $procmux$17220_Y [0] $procmux$17220_Y [0] $procmux$17220_Y [0] $procmux$17220_Y [0] $procmux$17220_Y [0] $procmux$17220_Y [0] }
    Consolidated identical input bits for $mux cell $procmux$17191:
      Old ports: A=8'00000000, B=$4$memwr$\pbuf$src/bridge.v:195$3825_EN[7:0]$3918, Y=$procmux$17191_Y
      New ports: A=1'0, B=$procmux$17175_Y [0], Y=$procmux$17191_Y [0]
      New connections: $procmux$17191_Y [7:1] = { $procmux$17191_Y [0] $procmux$17191_Y [0] $procmux$17191_Y [0] $procmux$17191_Y [0] $procmux$17191_Y [0] $procmux$17191_Y [0] $procmux$17191_Y [0] }
    Consolidated identical input bits for $mux cell $flatten\safety.supervisor.$procmux$6691:
      Old ports: A=24'000000000000000000000000, B=$flatten\safety.supervisor.$10$memwr$\command_age$src/hx_safety.v:273$4590_EN[23:0]$6224, Y=$flatten\safety.supervisor.$procmux$6691_Y
      New ports: A=1'0, B=$flatten\safety.supervisor.$procmux$6582_Y [0], Y=$flatten\safety.supervisor.$procmux$6691_Y [0]
      New connections: $flatten\safety.supervisor.$procmux$6691_Y [23:1] = { $flatten\safety.supervisor.$procmux$6691_Y [0] $flatten\safety.supervisor.$procmux$6691_Y [0] $flatten\safety.supervisor.$procmux$6691_Y [0] $flatten\safety.supervisor.$procmux$6691_Y [0] $flatten\safety.supervisor.$procmux$6691_Y [0] $flatten\safety.supervisor.$procmux$6691_Y [0] $flatten\safety.supervisor.$procmux$6691_Y [0] $flatten\safety.supervisor.$procmux$6691_Y [0] $flatten\safety.supervisor.$procmux$6691_Y [0] $flatten\safety.supervisor.$procmux$6691_Y [0] $flatten\safety.supervisor.$procmux$6691_Y [0] $flatten\safety.supervisor.$procmux$6691_Y [0] $flatten\safety.supervisor.$procmux$6691_Y [0] $flatten\safety.supervisor.$procmux$6691_Y [0] $flatten\safety.supervisor.$procmux$6691_Y [0] $flatten\safety.supervisor.$procmux$6691_Y [0] $flatten\safety.supervisor.$procmux$6691_Y [0] $flatten\safety.supervisor.$procmux$6691_Y [0] $flatten\safety.supervisor.$procmux$6691_Y [0] $flatten\safety.supervisor.$procmux$6691_Y [0] $flatten\safety.supervisor.$procmux$6691_Y [0] $flatten\safety.supervisor.$procmux$6691_Y [0] $flatten\safety.supervisor.$procmux$6691_Y [0] }
    Consolidated identical input bits for $mux cell $flatten\safety.supervisor.$procmux$6664:
      Old ports: A=24'000000000000000000000000, B=$flatten\safety.supervisor.$10$memwr$\command_age$src/hx_safety.v:273$4591_EN[23:0]$6225, Y=$flatten\safety.supervisor.$procmux$6664_Y
      New ports: A=1'0, B=$flatten\safety.supervisor.$procmux$6552_Y [0], Y=$flatten\safety.supervisor.$procmux$6664_Y [0]
      New connections: $flatten\safety.supervisor.$procmux$6664_Y [23:1] = { $flatten\safety.supervisor.$procmux$6664_Y [0] $flatten\safety.supervisor.$procmux$6664_Y [0] $flatten\safety.supervisor.$procmux$6664_Y [0] $flatten\safety.supervisor.$procmux$6664_Y [0] $flatten\safety.supervisor.$procmux$6664_Y [0] $flatten\safety.supervisor.$procmux$6664_Y [0] $flatten\safety.supervisor.$procmux$6664_Y [0] $flatten\safety.supervisor.$procmux$6664_Y [0] $flatten\safety.supervisor.$procmux$6664_Y [0] $flatten\safety.supervisor.$procmux$6664_Y [0] $flatten\safety.supervisor.$procmux$6664_Y [0] $flatten\safety.supervisor.$procmux$6664_Y [0] $flatten\safety.supervisor.$procmux$6664_Y [0] $flatten\safety.supervisor.$procmux$6664_Y [0] $flatten\safety.supervisor.$procmux$6664_Y [0] $flatten\safety.supervisor.$procmux$6664_Y [0] $flatten\safety.supervisor.$procmux$6664_Y [0] $flatten\safety.supervisor.$procmux$6664_Y [0] $flatten\safety.supervisor.$procmux$6664_Y [0] $flatten\safety.supervisor.$procmux$6664_Y [0] $flatten\safety.supervisor.$procmux$6664_Y [0] $flatten\safety.supervisor.$procmux$6664_Y [0] $flatten\safety.supervisor.$procmux$6664_Y [0] }
    Consolidated identical input bits for $mux cell $flatten\safety.supervisor.$procmux$6637:
      Old ports: A=24'000000000000000000000000, B=$flatten\safety.supervisor.$10$memwr$\command_age$src/hx_safety.v:273$4592_EN[23:0]$6226, Y=$flatten\safety.supervisor.$procmux$6637_Y
      New ports: A=1'0, B=$flatten\safety.supervisor.$procmux$6522_Y [0], Y=$flatten\safety.supervisor.$procmux$6637_Y [0]
      New connections: $flatten\safety.supervisor.$procmux$6637_Y [23:1] = { $flatten\safety.supervisor.$procmux$6637_Y [0] $flatten\safety.supervisor.$procmux$6637_Y [0] $flatten\safety.supervisor.$procmux$6637_Y [0] $flatten\safety.supervisor.$procmux$6637_Y [0] $flatten\safety.supervisor.$procmux$6637_Y [0] $flatten\safety.supervisor.$procmux$6637_Y [0] $flatten\safety.supervisor.$procmux$6637_Y [0] $flatten\safety.supervisor.$procmux$6637_Y [0] $flatten\safety.supervisor.$procmux$6637_Y [0] $flatten\safety.supervisor.$procmux$6637_Y [0] $flatten\safety.supervisor.$procmux$6637_Y [0] $flatten\safety.supervisor.$procmux$6637_Y [0] $flatten\safety.supervisor.$procmux$6637_Y [0] $flatten\safety.supervisor.$procmux$6637_Y [0] $flatten\safety.supervisor.$procmux$6637_Y [0] $flatten\safety.supervisor.$procmux$6637_Y [0] $flatten\safety.supervisor.$procmux$6637_Y [0] $flatten\safety.supervisor.$procmux$6637_Y [0] $flatten\safety.supervisor.$procmux$6637_Y [0] $flatten\safety.supervisor.$procmux$6637_Y [0] $flatten\safety.supervisor.$procmux$6637_Y [0] $flatten\safety.supervisor.$procmux$6637_Y [0] $flatten\safety.supervisor.$procmux$6637_Y [0] }
  Optimizing cells in module \top.
    Consolidated identical input bits for $mux cell $flatten\safety.supervisor.$procmux$10251:
      Old ports: A=8'00000000, B=$flatten\safety.supervisor.$3$memwr$\rb$src/hx_safety.v:158$4568_EN[7:0]$5525, Y=$flatten\safety.supervisor.$procmux$10251_Y
      New ports: A=1'0, B=$flatten\safety.supervisor.$procmux$10189_Y [0], Y=$flatten\safety.supervisor.$procmux$10251_Y [0]
      New connections: $flatten\safety.supervisor.$procmux$10251_Y [7:1] = { $flatten\safety.supervisor.$procmux$10251_Y [0] $flatten\safety.supervisor.$procmux$10251_Y [0] $flatten\safety.supervisor.$procmux$10251_Y [0] $flatten\safety.supervisor.$procmux$10251_Y [0] $flatten\safety.supervisor.$procmux$10251_Y [0] $flatten\safety.supervisor.$procmux$10251_Y [0] $flatten\safety.supervisor.$procmux$10251_Y [0] }
    Consolidated identical input bits for $mux cell $flatten\safety.supervisor.$procmux$7000:
      Old ports: A=$flatten\safety.supervisor.$9$memwr$\command_age$src/hx_safety.v:273$4590_EN[23:0]$6220, B=24'000000000000000000000000, Y=$flatten\safety.supervisor.$procmux$7000_Y
      New ports: A=$flatten\safety.supervisor.$procmux$6691_Y [0], B=1'0, Y=$flatten\safety.supervisor.$procmux$7000_Y [0]
      New connections: $flatten\safety.supervisor.$procmux$7000_Y [23:1] = { $flatten\safety.supervisor.$procmux$7000_Y [0] $flatten\safety.supervisor.$procmux$7000_Y [0] $flatten\safety.supervisor.$procmux$7000_Y [0] $flatten\safety.supervisor.$procmux$7000_Y [0] $flatten\safety.supervisor.$procmux$7000_Y [0] $flatten\safety.supervisor.$procmux$7000_Y [0] $flatten\safety.supervisor.$procmux$7000_Y [0] $flatten\safety.supervisor.$procmux$7000_Y [0] $flatten\safety.supervisor.$procmux$7000_Y [0] $flatten\safety.supervisor.$procmux$7000_Y [0] $flatten\safety.supervisor.$procmux$7000_Y [0] $flatten\safety.supervisor.$procmux$7000_Y [0] $flatten\safety.supervisor.$procmux$7000_Y [0] $flatten\safety.supervisor.$procmux$7000_Y [0] $flatten\safety.supervisor.$procmux$7000_Y [0] $flatten\safety.supervisor.$procmux$7000_Y [0] $flatten\safety.supervisor.$procmux$7000_Y [0] $flatten\safety.supervisor.$procmux$7000_Y [0] $flatten\safety.supervisor.$procmux$7000_Y [0] $flatten\safety.supervisor.$procmux$7000_Y [0] $flatten\safety.supervisor.$procmux$7000_Y [0] $flatten\safety.supervisor.$procmux$7000_Y [0] $flatten\safety.supervisor.$procmux$7000_Y [0] }
    Consolidated identical input bits for $mux cell $flatten\safety.supervisor.$procmux$6976:
      Old ports: A=$flatten\safety.supervisor.$9$memwr$\command_age$src/hx_safety.v:273$4591_EN[23:0]$6221, B=24'000000000000000000000000, Y=$flatten\safety.supervisor.$procmux$6976_Y
      New ports: A=$flatten\safety.supervisor.$procmux$6664_Y [0], B=1'0, Y=$flatten\safety.supervisor.$procmux$6976_Y [0]
      New connections: $flatten\safety.supervisor.$procmux$6976_Y [23:1] = { $flatten\safety.supervisor.$procmux$6976_Y [0] $flatten\safety.supervisor.$procmux$6976_Y [0] $flatten\safety.supervisor.$procmux$6976_Y [0] $flatten\safety.supervisor.$procmux$6976_Y [0] $flatten\safety.supervisor.$procmux$6976_Y [0] $flatten\safety.supervisor.$procmux$6976_Y [0] $flatten\safety.supervisor.$procmux$6976_Y [0] $flatten\safety.supervisor.$procmux$6976_Y [0] $flatten\safety.supervisor.$procmux$6976_Y [0] $flatten\safety.supervisor.$procmux$6976_Y [0] $flatten\safety.supervisor.$procmux$6976_Y [0] $flatten\safety.supervisor.$procmux$6976_Y [0] $flatten\safety.supervisor.$procmux$6976_Y [0] $flatten\safety.supervisor.$procmux$6976_Y [0] $flatten\safety.supervisor.$procmux$6976_Y [0] $flatten\safety.supervisor.$procmux$6976_Y [0] $flatten\safety.supervisor.$procmux$6976_Y [0] $flatten\safety.supervisor.$procmux$6976_Y [0] $flatten\safety.supervisor.$procmux$6976_Y [0] $flatten\safety.supervisor.$procmux$6976_Y [0] $flatten\safety.supervisor.$procmux$6976_Y [0] $flatten\safety.supervisor.$procmux$6976_Y [0] $flatten\safety.supervisor.$procmux$6976_Y [0] }
    Consolidated identical input bits for $mux cell $flatten\safety.supervisor.$procmux$6952:
      Old ports: A=$flatten\safety.supervisor.$9$memwr$\command_age$src/hx_safety.v:273$4592_EN[23:0]$6222, B=24'000000000000000000000000, Y=$flatten\safety.supervisor.$procmux$6952_Y
      New ports: A=$flatten\safety.supervisor.$procmux$6637_Y [0], B=1'0, Y=$flatten\safety.supervisor.$procmux$6952_Y [0]
      New connections: $flatten\safety.supervisor.$procmux$6952_Y [23:1] = { $flatten\safety.supervisor.$procmux$6952_Y [0] $flatten\safety.supervisor.$procmux$6952_Y [0] $flatten\safety.supervisor.$procmux$6952_Y [0] $flatten\safety.supervisor.$procmux$6952_Y [0] $flatten\safety.supervisor.$procmux$6952_Y [0] $flatten\safety.supervisor.$procmux$6952_Y [0] $flatten\safety.supervisor.$procmux$6952_Y [0] $flatten\safety.supervisor.$procmux$6952_Y [0] $flatten\safety.supervisor.$procmux$6952_Y [0] $flatten\safety.supervisor.$procmux$6952_Y [0] $flatten\safety.supervisor.$procmux$6952_Y [0] $flatten\safety.supervisor.$procmux$6952_Y [0] $flatten\safety.supervisor.$procmux$6952_Y [0] $flatten\safety.supervisor.$procmux$6952_Y [0] $flatten\safety.supervisor.$procmux$6952_Y [0] $flatten\safety.supervisor.$procmux$6952_Y [0] $flatten\safety.supervisor.$procmux$6952_Y [0] $flatten\safety.supervisor.$procmux$6952_Y [0] $flatten\safety.supervisor.$procmux$6952_Y [0] $flatten\safety.supervisor.$procmux$6952_Y [0] $flatten\safety.supervisor.$procmux$6952_Y [0] $flatten\safety.supervisor.$procmux$6952_Y [0] $flatten\safety.supervisor.$procmux$6952_Y [0] }
    Consolidated identical input bits for $mux cell $flatten\safety.supervisor.$procmux$8532:
      Old ports: A=16'0000000000000000, B=$flatten\safety.supervisor.$5$memwr$\lower$src/hx_safety.v:256$4586_EN[15:0]$6073, Y=$flatten\safety.supervisor.$procmux$8532_Y
      New ports: A=1'0, B=$flatten\safety.supervisor.$procmux$8059_Y [0], Y=$flatten\safety.supervisor.$procmux$8532_Y [0]
      New connections: $flatten\safety.supervisor.$procmux$8532_Y [15:1] = { $flatten\safety.supervisor.$procmux$8532_Y [0] $flatten\safety.supervisor.$procmux$8532_Y [0] $flatten\safety.supervisor.$procmux$8532_Y [0] $flatten\safety.supervisor.$procmux$8532_Y [0] $flatten\safety.supervisor.$procmux$8532_Y [0] $flatten\safety.supervisor.$procmux$8532_Y [0] $flatten\safety.supervisor.$procmux$8532_Y [0] $flatten\safety.supervisor.$procmux$8532_Y [0] $flatten\safety.supervisor.$procmux$8532_Y [0] $flatten\safety.supervisor.$procmux$8532_Y [0] $flatten\safety.supervisor.$procmux$8532_Y [0] $flatten\safety.supervisor.$procmux$8532_Y [0] $flatten\safety.supervisor.$procmux$8532_Y [0] $flatten\safety.supervisor.$procmux$8532_Y [0] $flatten\safety.supervisor.$procmux$8532_Y [0] }
    Consolidated identical input bits for $mux cell $flatten\safety.supervisor.$procmux$7639:
      Old ports: A=$flatten\safety.supervisor.$7$memwr$\command_age$src/hx_safety.v:266$4588_EN[23:0]$6148, B=24'000000000000000000000000, Y=$flatten\safety.supervisor.$procmux$7639_Y
      New ports: A=$flatten\safety.supervisor.$procmux$7237_Y [0], B=1'0, Y=$flatten\safety.supervisor.$procmux$7639_Y [0]
      New connections: $flatten\safety.supervisor.$procmux$7639_Y [23:1] = { $flatten\safety.supervisor.$procmux$7639_Y [0] $flatten\safety.supervisor.$procmux$7639_Y [0] $flatten\safety.supervisor.$procmux$7639_Y [0] $flatten\safety.supervisor.$procmux$7639_Y [0] $flatten\safety.supervisor.$procmux$7639_Y [0] $flatten\safety.supervisor.$procmux$7639_Y [0] $flatten\safety.supervisor.$procmux$7639_Y [0] $flatten\safety.supervisor.$procmux$7639_Y [0] $flatten\safety.supervisor.$procmux$7639_Y [0] $flatten\safety.supervisor.$procmux$7639_Y [0] $flatten\safety.supervisor.$procmux$7639_Y [0] $flatten\safety.supervisor.$procmux$7639_Y [0] $flatten\safety.supervisor.$procmux$7639_Y [0] $flatten\safety.supervisor.$procmux$7639_Y [0] $flatten\safety.supervisor.$procmux$7639_Y [0] $flatten\safety.supervisor.$procmux$7639_Y [0] $flatten\safety.supervisor.$procmux$7639_Y [0] $flatten\safety.supervisor.$procmux$7639_Y [0] $flatten\safety.supervisor.$procmux$7639_Y [0] $flatten\safety.supervisor.$procmux$7639_Y [0] $flatten\safety.supervisor.$procmux$7639_Y [0] $flatten\safety.supervisor.$procmux$7639_Y [0] $flatten\safety.supervisor.$procmux$7639_Y [0] }
    Consolidated identical input bits for $mux cell $procmux$17672:
      Old ports: A=$2$memwr$\fifo$src/bridge.v:291$3828_EN[7:0]$4002, B=8'00000000, Y=$0$memwr$\fifo$src/bridge.v:291$3828_EN[7:0]$3984
      New ports: A=$procmux$17636_Y [0], B=1'0, Y=$0$memwr$\fifo$src/bridge.v:291$3828_EN[7:0]$3984 [0]
      New connections: $0$memwr$\fifo$src/bridge.v:291$3828_EN[7:0]$3984 [7:1] = { $0$memwr$\fifo$src/bridge.v:291$3828_EN[7:0]$3984 [0] $0$memwr$\fifo$src/bridge.v:291$3828_EN[7:0]$3984 [0] $0$memwr$\fifo$src/bridge.v:291$3828_EN[7:0]$3984 [0] $0$memwr$\fifo$src/bridge.v:291$3828_EN[7:0]$3984 [0] $0$memwr$\fifo$src/bridge.v:291$3828_EN[7:0]$3984 [0] $0$memwr$\fifo$src/bridge.v:291$3828_EN[7:0]$3984 [0] $0$memwr$\fifo$src/bridge.v:291$3828_EN[7:0]$3984 [0] }
    Consolidated identical input bits for $mux cell $flatten\safety.supervisor.$procmux$8496:
      Old ports: A=16'0000000000000000, B=$flatten\safety.supervisor.$5$memwr$\upper$src/hx_safety.v:256$4587_EN[15:0]$6076, Y=$flatten\safety.supervisor.$procmux$8496_Y
      New ports: A=1'0, B=$flatten\safety.supervisor.$procmux$8014_Y [0], Y=$flatten\safety.supervisor.$procmux$8496_Y [0]
      New connections: $flatten\safety.supervisor.$procmux$8496_Y [15:1] = { $flatten\safety.supervisor.$procmux$8496_Y [0] $flatten\safety.supervisor.$procmux$8496_Y [0] $flatten\safety.supervisor.$procmux$8496_Y [0] $flatten\safety.supervisor.$procmux$8496_Y [0] $flatten\safety.supervisor.$procmux$8496_Y [0] $flatten\safety.supervisor.$procmux$8496_Y [0] $flatten\safety.supervisor.$procmux$8496_Y [0] $flatten\safety.supervisor.$procmux$8496_Y [0] $flatten\safety.supervisor.$procmux$8496_Y [0] $flatten\safety.supervisor.$procmux$8496_Y [0] $flatten\safety.supervisor.$procmux$8496_Y [0] $flatten\safety.supervisor.$procmux$8496_Y [0] $flatten\safety.supervisor.$procmux$8496_Y [0] $flatten\safety.supervisor.$procmux$8496_Y [0] $flatten\safety.supervisor.$procmux$8496_Y [0] }
    Consolidated identical input bits for $mux cell $procmux$17298:
      Old ports: A=$2$memwr$\pbuf$src/bridge.v:190$3824_EN[7:0]$3908, B=8'00000000, Y=$0$memwr$\pbuf$src/bridge.v:190$3824_EN[7:0]$3878
      New ports: A=$procmux$17220_Y [0], B=1'0, Y=$0$memwr$\pbuf$src/bridge.v:190$3824_EN[7:0]$3878 [0]
      New connections: $0$memwr$\pbuf$src/bridge.v:190$3824_EN[7:0]$3878 [7:1] = { $0$memwr$\pbuf$src/bridge.v:190$3824_EN[7:0]$3878 [0] $0$memwr$\pbuf$src/bridge.v:190$3824_EN[7:0]$3878 [0] $0$memwr$\pbuf$src/bridge.v:190$3824_EN[7:0]$3878 [0] $0$memwr$\pbuf$src/bridge.v:190$3824_EN[7:0]$3878 [0] $0$memwr$\pbuf$src/bridge.v:190$3824_EN[7:0]$3878 [0] $0$memwr$\pbuf$src/bridge.v:190$3824_EN[7:0]$3878 [0] $0$memwr$\pbuf$src/bridge.v:190$3824_EN[7:0]$3878 [0] }
    Consolidated identical input bits for $mux cell $procmux$17286:
      Old ports: A=$2$memwr$\pbuf$src/bridge.v:202$3826_EN[7:0]$3912, B=8'00000000, Y=$0$memwr$\pbuf$src/bridge.v:202$3826_EN[7:0]$3882
      New ports: A=$procmux$17230_Y [0], B=1'0, Y=$0$memwr$\pbuf$src/bridge.v:202$3826_EN[7:0]$3882 [0]
      New connections: $0$memwr$\pbuf$src/bridge.v:202$3826_EN[7:0]$3882 [7:1] = { $0$memwr$\pbuf$src/bridge.v:202$3826_EN[7:0]$3882 [0] $0$memwr$\pbuf$src/bridge.v:202$3826_EN[7:0]$3882 [0] $0$memwr$\pbuf$src/bridge.v:202$3826_EN[7:0]$3882 [0] $0$memwr$\pbuf$src/bridge.v:202$3826_EN[7:0]$3882 [0] $0$memwr$\pbuf$src/bridge.v:202$3826_EN[7:0]$3882 [0] $0$memwr$\pbuf$src/bridge.v:202$3826_EN[7:0]$3882 [0] $0$memwr$\pbuf$src/bridge.v:202$3826_EN[7:0]$3882 [0] }
    Consolidated identical input bits for $mux cell $procmux$17261:
      Old ports: A=8'00000000, B=$3$memwr$\pbuf$src/bridge.v:195$3825_EN[7:0]$3916, Y=$procmux$17261_Y
      New ports: A=1'0, B=$procmux$17191_Y [0], Y=$procmux$17261_Y [0]
      New connections: $procmux$17261_Y [7:1] = { $procmux$17261_Y [0] $procmux$17261_Y [0] $procmux$17261_Y [0] $procmux$17261_Y [0] $procmux$17261_Y [0] $procmux$17261_Y [0] $procmux$17261_Y [0] }
    Consolidated identical input bits for $mux cell $flatten\safety.supervisor.$procmux$7363:
      Old ports: A=$flatten\safety.supervisor.$8$memwr$\command_age$src/hx_safety.v:269$4589_EN[23:0]$6197, B=24'000000000000000000000000, Y=$flatten\safety.supervisor.$procmux$7363_Y
      New ports: A=$flatten\safety.supervisor.$procmux$6880_Y [0], B=1'0, Y=$flatten\safety.supervisor.$procmux$7363_Y [0]
      New connections: $flatten\safety.supervisor.$procmux$7363_Y [23:1] = { $flatten\safety.supervisor.$procmux$7363_Y [0] $flatten\safety.supervisor.$procmux$7363_Y [0] $flatten\safety.supervisor.$procmux$7363_Y [0] $flatten\safety.supervisor.$procmux$7363_Y [0] $flatten\safety.supervisor.$procmux$7363_Y [0] $flatten\safety.supervisor.$procmux$7363_Y [0] $flatten\safety.supervisor.$procmux$7363_Y [0] $flatten\safety.supervisor.$procmux$7363_Y [0] $flatten\safety.supervisor.$procmux$7363_Y [0] $flatten\safety.supervisor.$procmux$7363_Y [0] $flatten\safety.supervisor.$procmux$7363_Y [0] $flatten\safety.supervisor.$procmux$7363_Y [0] $flatten\safety.supervisor.$procmux$7363_Y [0] $flatten\safety.supervisor.$procmux$7363_Y [0] $flatten\safety.supervisor.$procmux$7363_Y [0] $flatten\safety.supervisor.$procmux$7363_Y [0] $flatten\safety.supervisor.$procmux$7363_Y [0] $flatten\safety.supervisor.$procmux$7363_Y [0] $flatten\safety.supervisor.$procmux$7363_Y [0] $flatten\safety.supervisor.$procmux$7363_Y [0] $flatten\safety.supervisor.$procmux$7363_Y [0] $flatten\safety.supervisor.$procmux$7363_Y [0] $flatten\safety.supervisor.$procmux$7363_Y [0] }
  Optimizing cells in module \top.
    Consolidated identical input bits for $mux cell $flatten\safety.supervisor.$procmux$7342:
      Old ports: A=$flatten\safety.supervisor.$8$memwr$\command_age$src/hx_safety.v:273$4590_EN[23:0]$6198, B=24'000000000000000000000000, Y=$flatten\safety.supervisor.$procmux$7342_Y
      New ports: A=$flatten\safety.supervisor.$procmux$7000_Y [0], B=1'0, Y=$flatten\safety.supervisor.$procmux$7342_Y [0]
      New connections: $flatten\safety.supervisor.$procmux$7342_Y [23:1] = { $flatten\safety.supervisor.$procmux$7342_Y [0] $flatten\safety.supervisor.$procmux$7342_Y [0] $flatten\safety.supervisor.$procmux$7342_Y [0] $flatten\safety.supervisor.$procmux$7342_Y [0] $flatten\safety.supervisor.$procmux$7342_Y [0] $flatten\safety.supervisor.$procmux$7342_Y [0] $flatten\safety.supervisor.$procmux$7342_Y [0] $flatten\safety.supervisor.$procmux$7342_Y [0] $flatten\safety.supervisor.$procmux$7342_Y [0] $flatten\safety.supervisor.$procmux$7342_Y [0] $flatten\safety.supervisor.$procmux$7342_Y [0] $flatten\safety.supervisor.$procmux$7342_Y [0] $flatten\safety.supervisor.$procmux$7342_Y [0] $flatten\safety.supervisor.$procmux$7342_Y [0] $flatten\safety.supervisor.$procmux$7342_Y [0] $flatten\safety.supervisor.$procmux$7342_Y [0] $flatten\safety.supervisor.$procmux$7342_Y [0] $flatten\safety.supervisor.$procmux$7342_Y [0] $flatten\safety.supervisor.$procmux$7342_Y [0] $flatten\safety.supervisor.$procmux$7342_Y [0] $flatten\safety.supervisor.$procmux$7342_Y [0] $flatten\safety.supervisor.$procmux$7342_Y [0] $flatten\safety.supervisor.$procmux$7342_Y [0] }
    Consolidated identical input bits for $mux cell $flatten\safety.supervisor.$procmux$7321:
      Old ports: A=$flatten\safety.supervisor.$8$memwr$\command_age$src/hx_safety.v:273$4591_EN[23:0]$6199, B=24'000000000000000000000000, Y=$flatten\safety.supervisor.$procmux$7321_Y
      New ports: A=$flatten\safety.supervisor.$procmux$6976_Y [0], B=1'0, Y=$flatten\safety.supervisor.$procmux$7321_Y [0]
      New connections: $flatten\safety.supervisor.$procmux$7321_Y [23:1] = { $flatten\safety.supervisor.$procmux$7321_Y [0] $flatten\safety.supervisor.$procmux$7321_Y [0] $flatten\safety.supervisor.$procmux$7321_Y [0] $flatten\safety.supervisor.$procmux$7321_Y [0] $flatten\safety.supervisor.$procmux$7321_Y [0] $flatten\safety.supervisor.$procmux$7321_Y [0] $flatten\safety.supervisor.$procmux$7321_Y [0] $flatten\safety.supervisor.$procmux$7321_Y [0] $flatten\safety.supervisor.$procmux$7321_Y [0] $flatten\safety.supervisor.$procmux$7321_Y [0] $flatten\safety.supervisor.$procmux$7321_Y [0] $flatten\safety.supervisor.$procmux$7321_Y [0] $flatten\safety.supervisor.$procmux$7321_Y [0] $flatten\safety.supervisor.$procmux$7321_Y [0] $flatten\safety.supervisor.$procmux$7321_Y [0] $flatten\safety.supervisor.$procmux$7321_Y [0] $flatten\safety.supervisor.$procmux$7321_Y [0] $flatten\safety.supervisor.$procmux$7321_Y [0] $flatten\safety.supervisor.$procmux$7321_Y [0] $flatten\safety.supervisor.$procmux$7321_Y [0] $flatten\safety.supervisor.$procmux$7321_Y [0] $flatten\safety.supervisor.$procmux$7321_Y [0] $flatten\safety.supervisor.$procmux$7321_Y [0] }
    Consolidated identical input bits for $mux cell $flatten\safety.supervisor.$procmux$7300:
      Old ports: A=$flatten\safety.supervisor.$8$memwr$\command_age$src/hx_safety.v:273$4592_EN[23:0]$6200, B=24'000000000000000000000000, Y=$flatten\safety.supervisor.$procmux$7300_Y
      New ports: A=$flatten\safety.supervisor.$procmux$6952_Y [0], B=1'0, Y=$flatten\safety.supervisor.$procmux$7300_Y [0]
      New connections: $flatten\safety.supervisor.$procmux$7300_Y [23:1] = { $flatten\safety.supervisor.$procmux$7300_Y [0] $flatten\safety.supervisor.$procmux$7300_Y [0] $flatten\safety.supervisor.$procmux$7300_Y [0] $flatten\safety.supervisor.$procmux$7300_Y [0] $flatten\safety.supervisor.$procmux$7300_Y [0] $flatten\safety.supervisor.$procmux$7300_Y [0] $flatten\safety.supervisor.$procmux$7300_Y [0] $flatten\safety.supervisor.$procmux$7300_Y [0] $flatten\safety.supervisor.$procmux$7300_Y [0] $flatten\safety.supervisor.$procmux$7300_Y [0] $flatten\safety.supervisor.$procmux$7300_Y [0] $flatten\safety.supervisor.$procmux$7300_Y [0] $flatten\safety.supervisor.$procmux$7300_Y [0] $flatten\safety.supervisor.$procmux$7300_Y [0] $flatten\safety.supervisor.$procmux$7300_Y [0] $flatten\safety.supervisor.$procmux$7300_Y [0] $flatten\safety.supervisor.$procmux$7300_Y [0] $flatten\safety.supervisor.$procmux$7300_Y [0] $flatten\safety.supervisor.$procmux$7300_Y [0] $flatten\safety.supervisor.$procmux$7300_Y [0] $flatten\safety.supervisor.$procmux$7300_Y [0] $flatten\safety.supervisor.$procmux$7300_Y [0] $flatten\safety.supervisor.$procmux$7300_Y [0] }
    Consolidated identical input bits for $mux cell $flatten\safety.supervisor.$procmux$10293:
      Old ports: A=$flatten\safety.supervisor.$2$memwr$\rb$src/hx_safety.v:158$4568_EN[7:0]$5518, B=8'00000000, Y=$flatten\safety.supervisor.$0$memwr$\rb$src/hx_safety.v:158$4568_EN[7:0]$5501
      New ports: A=$flatten\safety.supervisor.$procmux$10251_Y [0], B=1'0, Y=$flatten\safety.supervisor.$0$memwr$\rb$src/hx_safety.v:158$4568_EN[7:0]$5501 [0]
      New connections: $flatten\safety.supervisor.$0$memwr$\rb$src/hx_safety.v:158$4568_EN[7:0]$5501 [7:1] = { $flatten\safety.supervisor.$0$memwr$\rb$src/hx_safety.v:158$4568_EN[7:0]$5501 [0] $flatten\safety.supervisor.$0$memwr$\rb$src/hx_safety.v:158$4568_EN[7:0]$5501 [0] $flatten\safety.supervisor.$0$memwr$\rb$src/hx_safety.v:158$4568_EN[7:0]$5501 [0] $flatten\safety.supervisor.$0$memwr$\rb$src/hx_safety.v:158$4568_EN[7:0]$5501 [0] $flatten\safety.supervisor.$0$memwr$\rb$src/hx_safety.v:158$4568_EN[7:0]$5501 [0] $flatten\safety.supervisor.$0$memwr$\rb$src/hx_safety.v:158$4568_EN[7:0]$5501 [0] $flatten\safety.supervisor.$0$memwr$\rb$src/hx_safety.v:158$4568_EN[7:0]$5501 [0] }
    Consolidated identical input bits for $mux cell $flatten\safety.supervisor.$procmux$8224:
      Old ports: A=$flatten\safety.supervisor.$6$memwr$\command_age$src/hx_safety.v:266$4588_EN[23:0]$6127, B=24'000000000000000000000000, Y=$flatten\safety.supervisor.$procmux$8224_Y
      New ports: A=$flatten\safety.supervisor.$procmux$7639_Y [0], B=1'0, Y=$flatten\safety.supervisor.$procmux$8224_Y [0]
      New connections: $flatten\safety.supervisor.$procmux$8224_Y [23:1] = { $flatten\safety.supervisor.$procmux$8224_Y [0] $flatten\safety.supervisor.$procmux$8224_Y [0] $flatten\safety.supervisor.$procmux$8224_Y [0] $flatten\safety.supervisor.$procmux$8224_Y [0] $flatten\safety.supervisor.$procmux$8224_Y [0] $flatten\safety.supervisor.$procmux$8224_Y [0] $flatten\safety.supervisor.$procmux$8224_Y [0] $flatten\safety.supervisor.$procmux$8224_Y [0] $flatten\safety.supervisor.$procmux$8224_Y [0] $flatten\safety.supervisor.$procmux$8224_Y [0] $flatten\safety.supervisor.$procmux$8224_Y [0] $flatten\safety.supervisor.$procmux$8224_Y [0] $flatten\safety.supervisor.$procmux$8224_Y [0] $flatten\safety.supervisor.$procmux$8224_Y [0] $flatten\safety.supervisor.$procmux$8224_Y [0] $flatten\safety.supervisor.$procmux$8224_Y [0] $flatten\safety.supervisor.$procmux$8224_Y [0] $flatten\safety.supervisor.$procmux$8224_Y [0] $flatten\safety.supervisor.$procmux$8224_Y [0] $flatten\safety.supervisor.$procmux$8224_Y [0] $flatten\safety.supervisor.$procmux$8224_Y [0] $flatten\safety.supervisor.$procmux$8224_Y [0] $flatten\safety.supervisor.$procmux$8224_Y [0] }
    Consolidated identical input bits for $mux cell $flatten\safety.supervisor.$procmux$7603:
      Old ports: A=$flatten\safety.supervisor.$7$memwr$\command_age$src/hx_safety.v:269$4589_EN[23:0]$6150, B=24'000000000000000000000000, Y=$flatten\safety.supervisor.$procmux$7603_Y
      New ports: A=$flatten\safety.supervisor.$procmux$7363_Y [0], B=1'0, Y=$flatten\safety.supervisor.$procmux$7603_Y [0]
      New connections: $flatten\safety.supervisor.$procmux$7603_Y [23:1] = { $flatten\safety.supervisor.$procmux$7603_Y [0] $flatten\safety.supervisor.$procmux$7603_Y [0] $flatten\safety.supervisor.$procmux$7603_Y [0] $flatten\safety.supervisor.$procmux$7603_Y [0] $flatten\safety.supervisor.$procmux$7603_Y [0] $flatten\safety.supervisor.$procmux$7603_Y [0] $flatten\safety.supervisor.$procmux$7603_Y [0] $flatten\safety.supervisor.$procmux$7603_Y [0] $flatten\safety.supervisor.$procmux$7603_Y [0] $flatten\safety.supervisor.$procmux$7603_Y [0] $flatten\safety.supervisor.$procmux$7603_Y [0] $flatten\safety.supervisor.$procmux$7603_Y [0] $flatten\safety.supervisor.$procmux$7603_Y [0] $flatten\safety.supervisor.$procmux$7603_Y [0] $flatten\safety.supervisor.$procmux$7603_Y [0] $flatten\safety.supervisor.$procmux$7603_Y [0] $flatten\safety.supervisor.$procmux$7603_Y [0] $flatten\safety.supervisor.$procmux$7603_Y [0] $flatten\safety.supervisor.$procmux$7603_Y [0] $flatten\safety.supervisor.$procmux$7603_Y [0] $flatten\safety.supervisor.$procmux$7603_Y [0] $flatten\safety.supervisor.$procmux$7603_Y [0] $flatten\safety.supervisor.$procmux$7603_Y [0] }
    Consolidated identical input bits for $mux cell $procmux$17295:
      Old ports: A=$2$memwr$\pbuf$src/bridge.v:195$3825_EN[7:0]$3909, B=8'00000000, Y=$0$memwr$\pbuf$src/bridge.v:195$3825_EN[7:0]$3879
      New ports: A=$procmux$17261_Y [0], B=1'0, Y=$0$memwr$\pbuf$src/bridge.v:195$3825_EN[7:0]$3879 [0]
      New connections: $0$memwr$\pbuf$src/bridge.v:195$3825_EN[7:0]$3879 [7:1] = { $0$memwr$\pbuf$src/bridge.v:195$3825_EN[7:0]$3879 [0] $0$memwr$\pbuf$src/bridge.v:195$3825_EN[7:0]$3879 [0] $0$memwr$\pbuf$src/bridge.v:195$3825_EN[7:0]$3879 [0] $0$memwr$\pbuf$src/bridge.v:195$3825_EN[7:0]$3879 [0] $0$memwr$\pbuf$src/bridge.v:195$3825_EN[7:0]$3879 [0] $0$memwr$\pbuf$src/bridge.v:195$3825_EN[7:0]$3879 [0] $0$memwr$\pbuf$src/bridge.v:195$3825_EN[7:0]$3879 [0] }
    Consolidated identical input bits for $mux cell $flatten\safety.supervisor.$procmux$8832:
      Old ports: A=$flatten\safety.supervisor.$4$memwr$\lower$src/hx_safety.v:256$4586_EN[15:0]$6038, B=16'0000000000000000, Y=$flatten\safety.supervisor.$procmux$8832_Y
      New ports: A=$flatten\safety.supervisor.$procmux$8532_Y [0], B=1'0, Y=$flatten\safety.supervisor.$procmux$8832_Y [0]
      New connections: $flatten\safety.supervisor.$procmux$8832_Y [15:1] = { $flatten\safety.supervisor.$procmux$8832_Y [0] $flatten\safety.supervisor.$procmux$8832_Y [0] $flatten\safety.supervisor.$procmux$8832_Y [0] $flatten\safety.supervisor.$procmux$8832_Y [0] $flatten\safety.supervisor.$procmux$8832_Y [0] $flatten\safety.supervisor.$procmux$8832_Y [0] $flatten\safety.supervisor.$procmux$8832_Y [0] $flatten\safety.supervisor.$procmux$8832_Y [0] $flatten\safety.supervisor.$procmux$8832_Y [0] $flatten\safety.supervisor.$procmux$8832_Y [0] $flatten\safety.supervisor.$procmux$8832_Y [0] $flatten\safety.supervisor.$procmux$8832_Y [0] $flatten\safety.supervisor.$procmux$8832_Y [0] $flatten\safety.supervisor.$procmux$8832_Y [0] $flatten\safety.supervisor.$procmux$8832_Y [0] }
    Consolidated identical input bits for $mux cell $flatten\safety.supervisor.$procmux$8805:
      Old ports: A=$flatten\safety.supervisor.$4$memwr$\upper$src/hx_safety.v:256$4587_EN[15:0]$6041, B=16'0000000000000000, Y=$flatten\safety.supervisor.$procmux$8805_Y
      New ports: A=$flatten\safety.supervisor.$procmux$8496_Y [0], B=1'0, Y=$flatten\safety.supervisor.$procmux$8805_Y [0]
      New connections: $flatten\safety.supervisor.$procmux$8805_Y [15:1] = { $flatten\safety.supervisor.$procmux$8805_Y [0] $flatten\safety.supervisor.$procmux$8805_Y [0] $flatten\safety.supervisor.$procmux$8805_Y [0] $flatten\safety.supervisor.$procmux$8805_Y [0] $flatten\safety.supervisor.$procmux$8805_Y [0] $flatten\safety.supervisor.$procmux$8805_Y [0] $flatten\safety.supervisor.$procmux$8805_Y [0] $flatten\safety.supervisor.$procmux$8805_Y [0] $flatten\safety.supervisor.$procmux$8805_Y [0] $flatten\safety.supervisor.$procmux$8805_Y [0] $flatten\safety.supervisor.$procmux$8805_Y [0] $flatten\safety.supervisor.$procmux$8805_Y [0] $flatten\safety.supervisor.$procmux$8805_Y [0] $flatten\safety.supervisor.$procmux$8805_Y [0] $flatten\safety.supervisor.$procmux$8805_Y [0] }
  Optimizing cells in module \top.
    Consolidated identical input bits for $mux cell $flatten\safety.supervisor.$procmux$8472:
      Old ports: A=24'000000000000000000000000, B=$flatten\safety.supervisor.$5$memwr$\command_age$src/hx_safety.v:266$4588_EN[23:0]$6078, Y=$flatten\safety.supervisor.$procmux$8472_Y
      New ports: A=1'0, B=$flatten\safety.supervisor.$procmux$8224_Y [0], Y=$flatten\safety.supervisor.$procmux$8472_Y [0]
      New connections: $flatten\safety.supervisor.$procmux$8472_Y [23:1] = { $flatten\safety.supervisor.$procmux$8472_Y [0] $flatten\safety.supervisor.$procmux$8472_Y [0] $flatten\safety.supervisor.$procmux$8472_Y [0] $flatten\safety.supervisor.$procmux$8472_Y [0] $flatten\safety.supervisor.$procmux$8472_Y [0] $flatten\safety.supervisor.$procmux$8472_Y [0] $flatten\safety.supervisor.$procmux$8472_Y [0] $flatten\safety.supervisor.$procmux$8472_Y [0] $flatten\safety.supervisor.$procmux$8472_Y [0] $flatten\safety.supervisor.$procmux$8472_Y [0] $flatten\safety.supervisor.$procmux$8472_Y [0] $flatten\safety.supervisor.$procmux$8472_Y [0] $flatten\safety.supervisor.$procmux$8472_Y [0] $flatten\safety.supervisor.$procmux$8472_Y [0] $flatten\safety.supervisor.$procmux$8472_Y [0] $flatten\safety.supervisor.$procmux$8472_Y [0] $flatten\safety.supervisor.$procmux$8472_Y [0] $flatten\safety.supervisor.$procmux$8472_Y [0] $flatten\safety.supervisor.$procmux$8472_Y [0] $flatten\safety.supervisor.$procmux$8472_Y [0] $flatten\safety.supervisor.$procmux$8472_Y [0] $flatten\safety.supervisor.$procmux$8472_Y [0] $flatten\safety.supervisor.$procmux$8472_Y [0] }
    Consolidated identical input bits for $mux cell $flatten\safety.supervisor.$procmux$8194:
      Old ports: A=$flatten\safety.supervisor.$6$memwr$\command_age$src/hx_safety.v:269$4589_EN[23:0]$6129, B=24'000000000000000000000000, Y=$flatten\safety.supervisor.$procmux$8194_Y
      New ports: A=$flatten\safety.supervisor.$procmux$7603_Y [0], B=1'0, Y=$flatten\safety.supervisor.$procmux$8194_Y [0]
      New connections: $flatten\safety.supervisor.$procmux$8194_Y [23:1] = { $flatten\safety.supervisor.$procmux$8194_Y [0] $flatten\safety.supervisor.$procmux$8194_Y [0] $flatten\safety.supervisor.$procmux$8194_Y [0] $flatten\safety.supervisor.$procmux$8194_Y [0] $flatten\safety.supervisor.$procmux$8194_Y [0] $flatten\safety.supervisor.$procmux$8194_Y [0] $flatten\safety.supervisor.$procmux$8194_Y [0] $flatten\safety.supervisor.$procmux$8194_Y [0] $flatten\safety.supervisor.$procmux$8194_Y [0] $flatten\safety.supervisor.$procmux$8194_Y [0] $flatten\safety.supervisor.$procmux$8194_Y [0] $flatten\safety.supervisor.$procmux$8194_Y [0] $flatten\safety.supervisor.$procmux$8194_Y [0] $flatten\safety.supervisor.$procmux$8194_Y [0] $flatten\safety.supervisor.$procmux$8194_Y [0] $flatten\safety.supervisor.$procmux$8194_Y [0] $flatten\safety.supervisor.$procmux$8194_Y [0] $flatten\safety.supervisor.$procmux$8194_Y [0] $flatten\safety.supervisor.$procmux$8194_Y [0] $flatten\safety.supervisor.$procmux$8194_Y [0] $flatten\safety.supervisor.$procmux$8194_Y [0] $flatten\safety.supervisor.$procmux$8194_Y [0] $flatten\safety.supervisor.$procmux$8194_Y [0] }
    Consolidated identical input bits for $mux cell $flatten\safety.supervisor.$procmux$7585:
      Old ports: A=$flatten\safety.supervisor.$7$memwr$\command_age$src/hx_safety.v:273$4590_EN[23:0]$6151, B=24'000000000000000000000000, Y=$flatten\safety.supervisor.$procmux$7585_Y
      New ports: A=$flatten\safety.supervisor.$procmux$7342_Y [0], B=1'0, Y=$flatten\safety.supervisor.$procmux$7585_Y [0]
      New connections: $flatten\safety.supervisor.$procmux$7585_Y [23:1] = { $flatten\safety.supervisor.$procmux$7585_Y [0] $flatten\safety.supervisor.$procmux$7585_Y [0] $flatten\safety.supervisor.$procmux$7585_Y [0] $flatten\safety.supervisor.$procmux$7585_Y [0] $flatten\safety.supervisor.$procmux$7585_Y [0] $flatten\safety.supervisor.$procmux$7585_Y [0] $flatten\safety.supervisor.$procmux$7585_Y [0] $flatten\safety.supervisor.$procmux$7585_Y [0] $flatten\safety.supervisor.$procmux$7585_Y [0] $flatten\safety.supervisor.$procmux$7585_Y [0] $flatten\safety.supervisor.$procmux$7585_Y [0] $flatten\safety.supervisor.$procmux$7585_Y [0] $flatten\safety.supervisor.$procmux$7585_Y [0] $flatten\safety.supervisor.$procmux$7585_Y [0] $flatten\safety.supervisor.$procmux$7585_Y [0] $flatten\safety.supervisor.$procmux$7585_Y [0] $flatten\safety.supervisor.$procmux$7585_Y [0] $flatten\safety.supervisor.$procmux$7585_Y [0] $flatten\safety.supervisor.$procmux$7585_Y [0] $flatten\safety.supervisor.$procmux$7585_Y [0] $flatten\safety.supervisor.$procmux$7585_Y [0] $flatten\safety.supervisor.$procmux$7585_Y [0] $flatten\safety.supervisor.$procmux$7585_Y [0] }
    Consolidated identical input bits for $mux cell $flatten\safety.supervisor.$procmux$7567:
      Old ports: A=$flatten\safety.supervisor.$7$memwr$\command_age$src/hx_safety.v:273$4591_EN[23:0]$6152, B=24'000000000000000000000000, Y=$flatten\safety.supervisor.$procmux$7567_Y
      New ports: A=$flatten\safety.supervisor.$procmux$7321_Y [0], B=1'0, Y=$flatten\safety.supervisor.$procmux$7567_Y [0]
      New connections: $flatten\safety.supervisor.$procmux$7567_Y [23:1] = { $flatten\safety.supervisor.$procmux$7567_Y [0] $flatten\safety.supervisor.$procmux$7567_Y [0] $flatten\safety.supervisor.$procmux$7567_Y [0] $flatten\safety.supervisor.$procmux$7567_Y [0] $flatten\safety.supervisor.$procmux$7567_Y [0] $flatten\safety.supervisor.$procmux$7567_Y [0] $flatten\safety.supervisor.$procmux$7567_Y [0] $flatten\safety.supervisor.$procmux$7567_Y [0] $flatten\safety.supervisor.$procmux$7567_Y [0] $flatten\safety.supervisor.$procmux$7567_Y [0] $flatten\safety.supervisor.$procmux$7567_Y [0] $flatten\safety.supervisor.$procmux$7567_Y [0] $flatten\safety.supervisor.$procmux$7567_Y [0] $flatten\safety.supervisor.$procmux$7567_Y [0] $flatten\safety.supervisor.$procmux$7567_Y [0] $flatten\safety.supervisor.$procmux$7567_Y [0] $flatten\safety.supervisor.$procmux$7567_Y [0] $flatten\safety.supervisor.$procmux$7567_Y [0] $flatten\safety.supervisor.$procmux$7567_Y [0] $flatten\safety.supervisor.$procmux$7567_Y [0] $flatten\safety.supervisor.$procmux$7567_Y [0] $flatten\safety.supervisor.$procmux$7567_Y [0] $flatten\safety.supervisor.$procmux$7567_Y [0] }
    Consolidated identical input bits for $mux cell $flatten\safety.supervisor.$procmux$9048:
      Old ports: A=$flatten\safety.supervisor.$3$memwr$\lower$src/hx_safety.v:256$4586_EN[15:0]$6010, B=16'0000000000000000, Y=$flatten\safety.supervisor.$procmux$9048_Y
      New ports: A=$flatten\safety.supervisor.$procmux$8832_Y [0], B=1'0, Y=$flatten\safety.supervisor.$procmux$9048_Y [0]
      New connections: $flatten\safety.supervisor.$procmux$9048_Y [15:1] = { $flatten\safety.supervisor.$procmux$9048_Y [0] $flatten\safety.supervisor.$procmux$9048_Y [0] $flatten\safety.supervisor.$procmux$9048_Y [0] $flatten\safety.supervisor.$procmux$9048_Y [0] $flatten\safety.supervisor.$procmux$9048_Y [0] $flatten\safety.supervisor.$procmux$9048_Y [0] $flatten\safety.supervisor.$procmux$9048_Y [0] $flatten\safety.supervisor.$procmux$9048_Y [0] $flatten\safety.supervisor.$procmux$9048_Y [0] $flatten\safety.supervisor.$procmux$9048_Y [0] $flatten\safety.supervisor.$procmux$9048_Y [0] $flatten\safety.supervisor.$procmux$9048_Y [0] $flatten\safety.supervisor.$procmux$9048_Y [0] $flatten\safety.supervisor.$procmux$9048_Y [0] $flatten\safety.supervisor.$procmux$9048_Y [0] }
    Consolidated identical input bits for $mux cell $flatten\safety.supervisor.$procmux$7549:
      Old ports: A=$flatten\safety.supervisor.$7$memwr$\command_age$src/hx_safety.v:273$4592_EN[23:0]$6153, B=24'000000000000000000000000, Y=$flatten\safety.supervisor.$procmux$7549_Y
      New ports: A=$flatten\safety.supervisor.$procmux$7300_Y [0], B=1'0, Y=$flatten\safety.supervisor.$procmux$7549_Y [0]
      New connections: $flatten\safety.supervisor.$procmux$7549_Y [23:1] = { $flatten\safety.supervisor.$procmux$7549_Y [0] $flatten\safety.supervisor.$procmux$7549_Y [0] $flatten\safety.supervisor.$procmux$7549_Y [0] $flatten\safety.supervisor.$procmux$7549_Y [0] $flatten\safety.supervisor.$procmux$7549_Y [0] $flatten\safety.supervisor.$procmux$7549_Y [0] $flatten\safety.supervisor.$procmux$7549_Y [0] $flatten\safety.supervisor.$procmux$7549_Y [0] $flatten\safety.supervisor.$procmux$7549_Y [0] $flatten\safety.supervisor.$procmux$7549_Y [0] $flatten\safety.supervisor.$procmux$7549_Y [0] $flatten\safety.supervisor.$procmux$7549_Y [0] $flatten\safety.supervisor.$procmux$7549_Y [0] $flatten\safety.supervisor.$procmux$7549_Y [0] $flatten\safety.supervisor.$procmux$7549_Y [0] $flatten\safety.supervisor.$procmux$7549_Y [0] $flatten\safety.supervisor.$procmux$7549_Y [0] $flatten\safety.supervisor.$procmux$7549_Y [0] $flatten\safety.supervisor.$procmux$7549_Y [0] $flatten\safety.supervisor.$procmux$7549_Y [0] $flatten\safety.supervisor.$procmux$7549_Y [0] $flatten\safety.supervisor.$procmux$7549_Y [0] $flatten\safety.supervisor.$procmux$7549_Y [0] }
    Consolidated identical input bits for $mux cell $flatten\safety.supervisor.$procmux$9030:
      Old ports: A=$flatten\safety.supervisor.$3$memwr$\upper$src/hx_safety.v:256$4587_EN[15:0]$6013, B=16'0000000000000000, Y=$flatten\safety.supervisor.$procmux$9030_Y
      New ports: A=$flatten\safety.supervisor.$procmux$8805_Y [0], B=1'0, Y=$flatten\safety.supervisor.$procmux$9030_Y [0]
      New connections: $flatten\safety.supervisor.$procmux$9030_Y [15:1] = { $flatten\safety.supervisor.$procmux$9030_Y [0] $flatten\safety.supervisor.$procmux$9030_Y [0] $flatten\safety.supervisor.$procmux$9030_Y [0] $flatten\safety.supervisor.$procmux$9030_Y [0] $flatten\safety.supervisor.$procmux$9030_Y [0] $flatten\safety.supervisor.$procmux$9030_Y [0] $flatten\safety.supervisor.$procmux$9030_Y [0] $flatten\safety.supervisor.$procmux$9030_Y [0] $flatten\safety.supervisor.$procmux$9030_Y [0] $flatten\safety.supervisor.$procmux$9030_Y [0] $flatten\safety.supervisor.$procmux$9030_Y [0] $flatten\safety.supervisor.$procmux$9030_Y [0] $flatten\safety.supervisor.$procmux$9030_Y [0] $flatten\safety.supervisor.$procmux$9030_Y [0] $flatten\safety.supervisor.$procmux$9030_Y [0] }
  Optimizing cells in module \top.
    Consolidated identical input bits for $mux cell $flatten\safety.supervisor.$procmux$9510:
      Old ports: A=$flatten\safety.supervisor.$2$memwr$\lower$src/hx_safety.v:256$4586_EN[15:0]$5978, B=16'0000000000000000, Y=$flatten\safety.supervisor.$0$memwr$\lower$src/hx_safety.v:256$4586_EN[15:0]$5712
      New ports: A=$flatten\safety.supervisor.$procmux$9048_Y [0], B=1'0, Y=$flatten\safety.supervisor.$0$memwr$\lower$src/hx_safety.v:256$4586_EN[15:0]$5712 [0]
      New connections: $flatten\safety.supervisor.$0$memwr$\lower$src/hx_safety.v:256$4586_EN[15:0]$5712 [15:1] = { $flatten\safety.supervisor.$0$memwr$\lower$src/hx_safety.v:256$4586_EN[15:0]$5712 [0] $flatten\safety.supervisor.$0$memwr$\lower$src/hx_safety.v:256$4586_EN[15:0]$5712 [0] $flatten\safety.supervisor.$0$memwr$\lower$src/hx_safety.v:256$4586_EN[15:0]$5712 [0] $flatten\safety.supervisor.$0$memwr$\lower$src/hx_safety.v:256$4586_EN[15:0]$5712 [0] $flatten\safety.supervisor.$0$memwr$\lower$src/hx_safety.v:256$4586_EN[15:0]$5712 [0] $flatten\safety.supervisor.$0$memwr$\lower$src/hx_safety.v:256$4586_EN[15:0]$5712 [0] $flatten\safety.supervisor.$0$memwr$\lower$src/hx_safety.v:256$4586_EN[15:0]$5712 [0] $flatten\safety.supervisor.$0$memwr$\lower$src/hx_safety.v:256$4586_EN[15:0]$5712 [0] $flatten\safety.supervisor.$0$memwr$\lower$src/hx_safety.v:256$4586_EN[15:0]$5712 [0] $flatten\safety.supervisor.$0$memwr$\lower$src/hx_safety.v:256$4586_EN[15:0]$5712 [0] $flatten\safety.supervisor.$0$memwr$\lower$src/hx_safety.v:256$4586_EN[15:0]$5712 [0] $flatten\safety.supervisor.$0$memwr$\lower$src/hx_safety.v:256$4586_EN[15:0]$5712 [0] $flatten\safety.supervisor.$0$memwr$\lower$src/hx_safety.v:256$4586_EN[15:0]$5712 [0] $flatten\safety.supervisor.$0$memwr$\lower$src/hx_safety.v:256$4586_EN[15:0]$5712 [0] $flatten\safety.supervisor.$0$memwr$\lower$src/hx_safety.v:256$4586_EN[15:0]$5712 [0] }
    Consolidated identical input bits for $mux cell $flatten\safety.supervisor.$procmux$9501:
      Old ports: A=$flatten\safety.supervisor.$2$memwr$\upper$src/hx_safety.v:256$4587_EN[15:0]$5981, B=16'0000000000000000, Y=$flatten\safety.supervisor.$0$memwr$\upper$src/hx_safety.v:256$4587_EN[15:0]$5715
      New ports: A=$flatten\safety.supervisor.$procmux$9030_Y [0], B=1'0, Y=$flatten\safety.supervisor.$0$memwr$\upper$src/hx_safety.v:256$4587_EN[15:0]$5715 [0]
      New connections: $flatten\safety.supervisor.$0$memwr$\upper$src/hx_safety.v:256$4587_EN[15:0]$5715 [15:1] = { $flatten\safety.supervisor.$0$memwr$\upper$src/hx_safety.v:256$4587_EN[15:0]$5715 [0] $flatten\safety.supervisor.$0$memwr$\upper$src/hx_safety.v:256$4587_EN[15:0]$5715 [0] $flatten\safety.supervisor.$0$memwr$\upper$src/hx_safety.v:256$4587_EN[15:0]$5715 [0] $flatten\safety.supervisor.$0$memwr$\upper$src/hx_safety.v:256$4587_EN[15:0]$5715 [0] $flatten\safety.supervisor.$0$memwr$\upper$src/hx_safety.v:256$4587_EN[15:0]$5715 [0] $flatten\safety.supervisor.$0$memwr$\upper$src/hx_safety.v:256$4587_EN[15:0]$5715 [0] $flatten\safety.supervisor.$0$memwr$\upper$src/hx_safety.v:256$4587_EN[15:0]$5715 [0] $flatten\safety.supervisor.$0$memwr$\upper$src/hx_safety.v:256$4587_EN[15:0]$5715 [0] $flatten\safety.supervisor.$0$memwr$\upper$src/hx_safety.v:256$4587_EN[15:0]$5715 [0] $flatten\safety.supervisor.$0$memwr$\upper$src/hx_safety.v:256$4587_EN[15:0]$5715 [0] $flatten\safety.supervisor.$0$memwr$\upper$src/hx_safety.v:256$4587_EN[15:0]$5715 [0] $flatten\safety.supervisor.$0$memwr$\upper$src/hx_safety.v:256$4587_EN[15:0]$5715 [0] $flatten\safety.supervisor.$0$memwr$\upper$src/hx_safety.v:256$4587_EN[15:0]$5715 [0] $flatten\safety.supervisor.$0$memwr$\upper$src/hx_safety.v:256$4587_EN[15:0]$5715 [0] $flatten\safety.supervisor.$0$memwr$\upper$src/hx_safety.v:256$4587_EN[15:0]$5715 [0] }
    Consolidated identical input bits for $mux cell $flatten\safety.supervisor.$procmux$8179:
      Old ports: A=$flatten\safety.supervisor.$6$memwr$\command_age$src/hx_safety.v:273$4590_EN[23:0]$6130, B=24'000000000000000000000000, Y=$flatten\safety.supervisor.$procmux$8179_Y
      New ports: A=$flatten\safety.supervisor.$procmux$7585_Y [0], B=1'0, Y=$flatten\safety.supervisor.$procmux$8179_Y [0]
      New connections: $flatten\safety.supervisor.$procmux$8179_Y [23:1] = { $flatten\safety.supervisor.$procmux$8179_Y [0] $flatten\safety.supervisor.$procmux$8179_Y [0] $flatten\safety.supervisor.$procmux$8179_Y [0] $flatten\safety.supervisor.$procmux$8179_Y [0] $flatten\safety.supervisor.$procmux$8179_Y [0] $flatten\safety.supervisor.$procmux$8179_Y [0] $flatten\safety.supervisor.$procmux$8179_Y [0] $flatten\safety.supervisor.$procmux$8179_Y [0] $flatten\safety.supervisor.$procmux$8179_Y [0] $flatten\safety.supervisor.$procmux$8179_Y [0] $flatten\safety.supervisor.$procmux$8179_Y [0] $flatten\safety.supervisor.$procmux$8179_Y [0] $flatten\safety.supervisor.$procmux$8179_Y [0] $flatten\safety.supervisor.$procmux$8179_Y [0] $flatten\safety.supervisor.$procmux$8179_Y [0] $flatten\safety.supervisor.$procmux$8179_Y [0] $flatten\safety.supervisor.$procmux$8179_Y [0] $flatten\safety.supervisor.$procmux$8179_Y [0] $flatten\safety.supervisor.$procmux$8179_Y [0] $flatten\safety.supervisor.$procmux$8179_Y [0] $flatten\safety.supervisor.$procmux$8179_Y [0] $flatten\safety.supervisor.$procmux$8179_Y [0] $flatten\safety.supervisor.$procmux$8179_Y [0] }
    Consolidated identical input bits for $mux cell $flatten\safety.supervisor.$procmux$8448:
      Old ports: A=24'000000000000000000000000, B=$flatten\safety.supervisor.$5$memwr$\command_age$src/hx_safety.v:269$4589_EN[23:0]$6080, Y=$flatten\safety.supervisor.$procmux$8448_Y
      New ports: A=1'0, B=$flatten\safety.supervisor.$procmux$8194_Y [0], Y=$flatten\safety.supervisor.$procmux$8448_Y [0]
      New connections: $flatten\safety.supervisor.$procmux$8448_Y [23:1] = { $flatten\safety.supervisor.$procmux$8448_Y [0] $flatten\safety.supervisor.$procmux$8448_Y [0] $flatten\safety.supervisor.$procmux$8448_Y [0] $flatten\safety.supervisor.$procmux$8448_Y [0] $flatten\safety.supervisor.$procmux$8448_Y [0] $flatten\safety.supervisor.$procmux$8448_Y [0] $flatten\safety.supervisor.$procmux$8448_Y [0] $flatten\safety.supervisor.$procmux$8448_Y [0] $flatten\safety.supervisor.$procmux$8448_Y [0] $flatten\safety.supervisor.$procmux$8448_Y [0] $flatten\safety.supervisor.$procmux$8448_Y [0] $flatten\safety.supervisor.$procmux$8448_Y [0] $flatten\safety.supervisor.$procmux$8448_Y [0] $flatten\safety.supervisor.$procmux$8448_Y [0] $flatten\safety.supervisor.$procmux$8448_Y [0] $flatten\safety.supervisor.$procmux$8448_Y [0] $flatten\safety.supervisor.$procmux$8448_Y [0] $flatten\safety.supervisor.$procmux$8448_Y [0] $flatten\safety.supervisor.$procmux$8448_Y [0] $flatten\safety.supervisor.$procmux$8448_Y [0] $flatten\safety.supervisor.$procmux$8448_Y [0] $flatten\safety.supervisor.$procmux$8448_Y [0] $flatten\safety.supervisor.$procmux$8448_Y [0] }
    Consolidated identical input bits for $mux cell $flatten\safety.supervisor.$procmux$8164:
      Old ports: A=$flatten\safety.supervisor.$6$memwr$\command_age$src/hx_safety.v:273$4591_EN[23:0]$6131, B=24'000000000000000000000000, Y=$flatten\safety.supervisor.$procmux$8164_Y
      New ports: A=$flatten\safety.supervisor.$procmux$7567_Y [0], B=1'0, Y=$flatten\safety.supervisor.$procmux$8164_Y [0]
      New connections: $flatten\safety.supervisor.$procmux$8164_Y [23:1] = { $flatten\safety.supervisor.$procmux$8164_Y [0] $flatten\safety.supervisor.$procmux$8164_Y [0] $flatten\safety.supervisor.$procmux$8164_Y [0] $flatten\safety.supervisor.$procmux$8164_Y [0] $flatten\safety.supervisor.$procmux$8164_Y [0] $flatten\safety.supervisor.$procmux$8164_Y [0] $flatten\safety.supervisor.$procmux$8164_Y [0] $flatten\safety.supervisor.$procmux$8164_Y [0] $flatten\safety.supervisor.$procmux$8164_Y [0] $flatten\safety.supervisor.$procmux$8164_Y [0] $flatten\safety.supervisor.$procmux$8164_Y [0] $flatten\safety.supervisor.$procmux$8164_Y [0] $flatten\safety.supervisor.$procmux$8164_Y [0] $flatten\safety.supervisor.$procmux$8164_Y [0] $flatten\safety.supervisor.$procmux$8164_Y [0] $flatten\safety.supervisor.$procmux$8164_Y [0] $flatten\safety.supervisor.$procmux$8164_Y [0] $flatten\safety.supervisor.$procmux$8164_Y [0] $flatten\safety.supervisor.$procmux$8164_Y [0] $flatten\safety.supervisor.$procmux$8164_Y [0] $flatten\safety.supervisor.$procmux$8164_Y [0] $flatten\safety.supervisor.$procmux$8164_Y [0] $flatten\safety.supervisor.$procmux$8164_Y [0] }
    Consolidated identical input bits for $mux cell $flatten\safety.supervisor.$procmux$8149:
      Old ports: A=$flatten\safety.supervisor.$6$memwr$\command_age$src/hx_safety.v:273$4592_EN[23:0]$6132, B=24'000000000000000000000000, Y=$flatten\safety.supervisor.$procmux$8149_Y
      New ports: A=$flatten\safety.supervisor.$procmux$7549_Y [0], B=1'0, Y=$flatten\safety.supervisor.$procmux$8149_Y [0]
      New connections: $flatten\safety.supervisor.$procmux$8149_Y [23:1] = { $flatten\safety.supervisor.$procmux$8149_Y [0] $flatten\safety.supervisor.$procmux$8149_Y [0] $flatten\safety.supervisor.$procmux$8149_Y [0] $flatten\safety.supervisor.$procmux$8149_Y [0] $flatten\safety.supervisor.$procmux$8149_Y [0] $flatten\safety.supervisor.$procmux$8149_Y [0] $flatten\safety.supervisor.$procmux$8149_Y [0] $flatten\safety.supervisor.$procmux$8149_Y [0] $flatten\safety.supervisor.$procmux$8149_Y [0] $flatten\safety.supervisor.$procmux$8149_Y [0] $flatten\safety.supervisor.$procmux$8149_Y [0] $flatten\safety.supervisor.$procmux$8149_Y [0] $flatten\safety.supervisor.$procmux$8149_Y [0] $flatten\safety.supervisor.$procmux$8149_Y [0] $flatten\safety.supervisor.$procmux$8149_Y [0] $flatten\safety.supervisor.$procmux$8149_Y [0] $flatten\safety.supervisor.$procmux$8149_Y [0] $flatten\safety.supervisor.$procmux$8149_Y [0] $flatten\safety.supervisor.$procmux$8149_Y [0] $flatten\safety.supervisor.$procmux$8149_Y [0] $flatten\safety.supervisor.$procmux$8149_Y [0] $flatten\safety.supervisor.$procmux$8149_Y [0] $flatten\safety.supervisor.$procmux$8149_Y [0] }
    Consolidated identical input bits for $mux cell $flatten\safety.supervisor.$procmux$8787:
      Old ports: A=$flatten\safety.supervisor.$4$memwr$\command_age$src/hx_safety.v:266$4588_EN[23:0]$6043, B=24'000000000000000000000000, Y=$flatten\safety.supervisor.$procmux$8787_Y
      New ports: A=$flatten\safety.supervisor.$procmux$8472_Y [0], B=1'0, Y=$flatten\safety.supervisor.$procmux$8787_Y [0]
      New connections: $flatten\safety.supervisor.$procmux$8787_Y [23:1] = { $flatten\safety.supervisor.$procmux$8787_Y [0] $flatten\safety.supervisor.$procmux$8787_Y [0] $flatten\safety.supervisor.$procmux$8787_Y [0] $flatten\safety.supervisor.$procmux$8787_Y [0] $flatten\safety.supervisor.$procmux$8787_Y [0] $flatten\safety.supervisor.$procmux$8787_Y [0] $flatten\safety.supervisor.$procmux$8787_Y [0] $flatten\safety.supervisor.$procmux$8787_Y [0] $flatten\safety.supervisor.$procmux$8787_Y [0] $flatten\safety.supervisor.$procmux$8787_Y [0] $flatten\safety.supervisor.$procmux$8787_Y [0] $flatten\safety.supervisor.$procmux$8787_Y [0] $flatten\safety.supervisor.$procmux$8787_Y [0] $flatten\safety.supervisor.$procmux$8787_Y [0] $flatten\safety.supervisor.$procmux$8787_Y [0] $flatten\safety.supervisor.$procmux$8787_Y [0] $flatten\safety.supervisor.$procmux$8787_Y [0] $flatten\safety.supervisor.$procmux$8787_Y [0] $flatten\safety.supervisor.$procmux$8787_Y [0] $flatten\safety.supervisor.$procmux$8787_Y [0] $flatten\safety.supervisor.$procmux$8787_Y [0] $flatten\safety.supervisor.$procmux$8787_Y [0] $flatten\safety.supervisor.$procmux$8787_Y [0] }
  Optimizing cells in module \top.
    Consolidated identical input bits for $mux cell $flatten\safety.supervisor.$procmux$8436:
      Old ports: A=24'000000000000000000000000, B=$flatten\safety.supervisor.$5$memwr$\command_age$src/hx_safety.v:273$4590_EN[23:0]$6081, Y=$flatten\safety.supervisor.$procmux$8436_Y
      New ports: A=1'0, B=$flatten\safety.supervisor.$procmux$8179_Y [0], Y=$flatten\safety.supervisor.$procmux$8436_Y [0]
      New connections: $flatten\safety.supervisor.$procmux$8436_Y [23:1] = { $flatten\safety.supervisor.$procmux$8436_Y [0] $flatten\safety.supervisor.$procmux$8436_Y [0] $flatten\safety.supervisor.$procmux$8436_Y [0] $flatten\safety.supervisor.$procmux$8436_Y [0] $flatten\safety.supervisor.$procmux$8436_Y [0] $flatten\safety.supervisor.$procmux$8436_Y [0] $flatten\safety.supervisor.$procmux$8436_Y [0] $flatten\safety.supervisor.$procmux$8436_Y [0] $flatten\safety.supervisor.$procmux$8436_Y [0] $flatten\safety.supervisor.$procmux$8436_Y [0] $flatten\safety.supervisor.$procmux$8436_Y [0] $flatten\safety.supervisor.$procmux$8436_Y [0] $flatten\safety.supervisor.$procmux$8436_Y [0] $flatten\safety.supervisor.$procmux$8436_Y [0] $flatten\safety.supervisor.$procmux$8436_Y [0] $flatten\safety.supervisor.$procmux$8436_Y [0] $flatten\safety.supervisor.$procmux$8436_Y [0] $flatten\safety.supervisor.$procmux$8436_Y [0] $flatten\safety.supervisor.$procmux$8436_Y [0] $flatten\safety.supervisor.$procmux$8436_Y [0] $flatten\safety.supervisor.$procmux$8436_Y [0] $flatten\safety.supervisor.$procmux$8436_Y [0] $flatten\safety.supervisor.$procmux$8436_Y [0] }
    Consolidated identical input bits for $mux cell $flatten\safety.supervisor.$procmux$8424:
      Old ports: A=24'000000000000000000000000, B=$flatten\safety.supervisor.$5$memwr$\command_age$src/hx_safety.v:273$4591_EN[23:0]$6082, Y=$flatten\safety.supervisor.$procmux$8424_Y
      New ports: A=1'0, B=$flatten\safety.supervisor.$procmux$8164_Y [0], Y=$flatten\safety.supervisor.$procmux$8424_Y [0]
      New connections: $flatten\safety.supervisor.$procmux$8424_Y [23:1] = { $flatten\safety.supervisor.$procmux$8424_Y [0] $flatten\safety.supervisor.$procmux$8424_Y [0] $flatten\safety.supervisor.$procmux$8424_Y [0] $flatten\safety.supervisor.$procmux$8424_Y [0] $flatten\safety.supervisor.$procmux$8424_Y [0] $flatten\safety.supervisor.$procmux$8424_Y [0] $flatten\safety.supervisor.$procmux$8424_Y [0] $flatten\safety.supervisor.$procmux$8424_Y [0] $flatten\safety.supervisor.$procmux$8424_Y [0] $flatten\safety.supervisor.$procmux$8424_Y [0] $flatten\safety.supervisor.$procmux$8424_Y [0] $flatten\safety.supervisor.$procmux$8424_Y [0] $flatten\safety.supervisor.$procmux$8424_Y [0] $flatten\safety.supervisor.$procmux$8424_Y [0] $flatten\safety.supervisor.$procmux$8424_Y [0] $flatten\safety.supervisor.$procmux$8424_Y [0] $flatten\safety.supervisor.$procmux$8424_Y [0] $flatten\safety.supervisor.$procmux$8424_Y [0] $flatten\safety.supervisor.$procmux$8424_Y [0] $flatten\safety.supervisor.$procmux$8424_Y [0] $flatten\safety.supervisor.$procmux$8424_Y [0] $flatten\safety.supervisor.$procmux$8424_Y [0] $flatten\safety.supervisor.$procmux$8424_Y [0] }
    Consolidated identical input bits for $mux cell $flatten\safety.supervisor.$procmux$9018:
      Old ports: A=$flatten\safety.supervisor.$3$memwr$\command_age$src/hx_safety.v:266$4588_EN[23:0]$6015, B=24'000000000000000000000000, Y=$flatten\safety.supervisor.$procmux$9018_Y
      New ports: A=$flatten\safety.supervisor.$procmux$8787_Y [0], B=1'0, Y=$flatten\safety.supervisor.$procmux$9018_Y [0]
      New connections: $flatten\safety.supervisor.$procmux$9018_Y [23:1] = { $flatten\safety.supervisor.$procmux$9018_Y [0] $flatten\safety.supervisor.$procmux$9018_Y [0] $flatten\safety.supervisor.$procmux$9018_Y [0] $flatten\safety.supervisor.$procmux$9018_Y [0] $flatten\safety.supervisor.$procmux$9018_Y [0] $flatten\safety.supervisor.$procmux$9018_Y [0] $flatten\safety.supervisor.$procmux$9018_Y [0] $flatten\safety.supervisor.$procmux$9018_Y [0] $flatten\safety.supervisor.$procmux$9018_Y [0] $flatten\safety.supervisor.$procmux$9018_Y [0] $flatten\safety.supervisor.$procmux$9018_Y [0] $flatten\safety.supervisor.$procmux$9018_Y [0] $flatten\safety.supervisor.$procmux$9018_Y [0] $flatten\safety.supervisor.$procmux$9018_Y [0] $flatten\safety.supervisor.$procmux$9018_Y [0] $flatten\safety.supervisor.$procmux$9018_Y [0] $flatten\safety.supervisor.$procmux$9018_Y [0] $flatten\safety.supervisor.$procmux$9018_Y [0] $flatten\safety.supervisor.$procmux$9018_Y [0] $flatten\safety.supervisor.$procmux$9018_Y [0] $flatten\safety.supervisor.$procmux$9018_Y [0] $flatten\safety.supervisor.$procmux$9018_Y [0] $flatten\safety.supervisor.$procmux$9018_Y [0] }
    Consolidated identical input bits for $mux cell $flatten\safety.supervisor.$procmux$8412:
      Old ports: A=24'000000000000000000000000, B=$flatten\safety.supervisor.$5$memwr$\command_age$src/hx_safety.v:273$4592_EN[23:0]$6083, Y=$flatten\safety.supervisor.$procmux$8412_Y
      New ports: A=1'0, B=$flatten\safety.supervisor.$procmux$8149_Y [0], Y=$flatten\safety.supervisor.$procmux$8412_Y [0]
      New connections: $flatten\safety.supervisor.$procmux$8412_Y [23:1] = { $flatten\safety.supervisor.$procmux$8412_Y [0] $flatten\safety.supervisor.$procmux$8412_Y [0] $flatten\safety.supervisor.$procmux$8412_Y [0] $flatten\safety.supervisor.$procmux$8412_Y [0] $flatten\safety.supervisor.$procmux$8412_Y [0] $flatten\safety.supervisor.$procmux$8412_Y [0] $flatten\safety.supervisor.$procmux$8412_Y [0] $flatten\safety.supervisor.$procmux$8412_Y [0] $flatten\safety.supervisor.$procmux$8412_Y [0] $flatten\safety.supervisor.$procmux$8412_Y [0] $flatten\safety.supervisor.$procmux$8412_Y [0] $flatten\safety.supervisor.$procmux$8412_Y [0] $flatten\safety.supervisor.$procmux$8412_Y [0] $flatten\safety.supervisor.$procmux$8412_Y [0] $flatten\safety.supervisor.$procmux$8412_Y [0] $flatten\safety.supervisor.$procmux$8412_Y [0] $flatten\safety.supervisor.$procmux$8412_Y [0] $flatten\safety.supervisor.$procmux$8412_Y [0] $flatten\safety.supervisor.$procmux$8412_Y [0] $flatten\safety.supervisor.$procmux$8412_Y [0] $flatten\safety.supervisor.$procmux$8412_Y [0] $flatten\safety.supervisor.$procmux$8412_Y [0] $flatten\safety.supervisor.$procmux$8412_Y [0] }
    Consolidated identical input bits for $mux cell $flatten\safety.supervisor.$procmux$8769:
      Old ports: A=$flatten\safety.supervisor.$4$memwr$\command_age$src/hx_safety.v:269$4589_EN[23:0]$6045, B=24'000000000000000000000000, Y=$flatten\safety.supervisor.$procmux$8769_Y
      New ports: A=$flatten\safety.supervisor.$procmux$8448_Y [0], B=1'0, Y=$flatten\safety.supervisor.$procmux$8769_Y [0]
      New connections: $flatten\safety.supervisor.$procmux$8769_Y [23:1] = { $flatten\safety.supervisor.$procmux$8769_Y [0] $flatten\safety.supervisor.$procmux$8769_Y [0] $flatten\safety.supervisor.$procmux$8769_Y [0] $flatten\safety.supervisor.$procmux$8769_Y [0] $flatten\safety.supervisor.$procmux$8769_Y [0] $flatten\safety.supervisor.$procmux$8769_Y [0] $flatten\safety.supervisor.$procmux$8769_Y [0] $flatten\safety.supervisor.$procmux$8769_Y [0] $flatten\safety.supervisor.$procmux$8769_Y [0] $flatten\safety.supervisor.$procmux$8769_Y [0] $flatten\safety.supervisor.$procmux$8769_Y [0] $flatten\safety.supervisor.$procmux$8769_Y [0] $flatten\safety.supervisor.$procmux$8769_Y [0] $flatten\safety.supervisor.$procmux$8769_Y [0] $flatten\safety.supervisor.$procmux$8769_Y [0] $flatten\safety.supervisor.$procmux$8769_Y [0] $flatten\safety.supervisor.$procmux$8769_Y [0] $flatten\safety.supervisor.$procmux$8769_Y [0] $flatten\safety.supervisor.$procmux$8769_Y [0] $flatten\safety.supervisor.$procmux$8769_Y [0] $flatten\safety.supervisor.$procmux$8769_Y [0] $flatten\safety.supervisor.$procmux$8769_Y [0] $flatten\safety.supervisor.$procmux$8769_Y [0] }
  Optimizing cells in module \top.
    Consolidated identical input bits for $mux cell $flatten\safety.supervisor.$procmux$8760:
      Old ports: A=$flatten\safety.supervisor.$4$memwr$\command_age$src/hx_safety.v:273$4590_EN[23:0]$6046, B=24'000000000000000000000000, Y=$flatten\safety.supervisor.$procmux$8760_Y
      New ports: A=$flatten\safety.supervisor.$procmux$8436_Y [0], B=1'0, Y=$flatten\safety.supervisor.$procmux$8760_Y [0]
      New connections: $flatten\safety.supervisor.$procmux$8760_Y [23:1] = { $flatten\safety.supervisor.$procmux$8760_Y [0] $flatten\safety.supervisor.$procmux$8760_Y [0] $flatten\safety.supervisor.$procmux$8760_Y [0] $flatten\safety.supervisor.$procmux$8760_Y [0] $flatten\safety.supervisor.$procmux$8760_Y [0] $flatten\safety.supervisor.$procmux$8760_Y [0] $flatten\safety.supervisor.$procmux$8760_Y [0] $flatten\safety.supervisor.$procmux$8760_Y [0] $flatten\safety.supervisor.$procmux$8760_Y [0] $flatten\safety.supervisor.$procmux$8760_Y [0] $flatten\safety.supervisor.$procmux$8760_Y [0] $flatten\safety.supervisor.$procmux$8760_Y [0] $flatten\safety.supervisor.$procmux$8760_Y [0] $flatten\safety.supervisor.$procmux$8760_Y [0] $flatten\safety.supervisor.$procmux$8760_Y [0] $flatten\safety.supervisor.$procmux$8760_Y [0] $flatten\safety.supervisor.$procmux$8760_Y [0] $flatten\safety.supervisor.$procmux$8760_Y [0] $flatten\safety.supervisor.$procmux$8760_Y [0] $flatten\safety.supervisor.$procmux$8760_Y [0] $flatten\safety.supervisor.$procmux$8760_Y [0] $flatten\safety.supervisor.$procmux$8760_Y [0] $flatten\safety.supervisor.$procmux$8760_Y [0] }
    Consolidated identical input bits for $mux cell $flatten\safety.supervisor.$procmux$8751:
      Old ports: A=$flatten\safety.supervisor.$4$memwr$\command_age$src/hx_safety.v:273$4591_EN[23:0]$6047, B=24'000000000000000000000000, Y=$flatten\safety.supervisor.$procmux$8751_Y
      New ports: A=$flatten\safety.supervisor.$procmux$8424_Y [0], B=1'0, Y=$flatten\safety.supervisor.$procmux$8751_Y [0]
      New connections: $flatten\safety.supervisor.$procmux$8751_Y [23:1] = { $flatten\safety.supervisor.$procmux$8751_Y [0] $flatten\safety.supervisor.$procmux$8751_Y [0] $flatten\safety.supervisor.$procmux$8751_Y [0] $flatten\safety.supervisor.$procmux$8751_Y [0] $flatten\safety.supervisor.$procmux$8751_Y [0] $flatten\safety.supervisor.$procmux$8751_Y [0] $flatten\safety.supervisor.$procmux$8751_Y [0] $flatten\safety.supervisor.$procmux$8751_Y [0] $flatten\safety.supervisor.$procmux$8751_Y [0] $flatten\safety.supervisor.$procmux$8751_Y [0] $flatten\safety.supervisor.$procmux$8751_Y [0] $flatten\safety.supervisor.$procmux$8751_Y [0] $flatten\safety.supervisor.$procmux$8751_Y [0] $flatten\safety.supervisor.$procmux$8751_Y [0] $flatten\safety.supervisor.$procmux$8751_Y [0] $flatten\safety.supervisor.$procmux$8751_Y [0] $flatten\safety.supervisor.$procmux$8751_Y [0] $flatten\safety.supervisor.$procmux$8751_Y [0] $flatten\safety.supervisor.$procmux$8751_Y [0] $flatten\safety.supervisor.$procmux$8751_Y [0] $flatten\safety.supervisor.$procmux$8751_Y [0] $flatten\safety.supervisor.$procmux$8751_Y [0] $flatten\safety.supervisor.$procmux$8751_Y [0] }
    Consolidated identical input bits for $mux cell $flatten\safety.supervisor.$procmux$8742:
      Old ports: A=$flatten\safety.supervisor.$4$memwr$\command_age$src/hx_safety.v:273$4592_EN[23:0]$6048, B=24'000000000000000000000000, Y=$flatten\safety.supervisor.$procmux$8742_Y
      New ports: A=$flatten\safety.supervisor.$procmux$8412_Y [0], B=1'0, Y=$flatten\safety.supervisor.$procmux$8742_Y [0]
      New connections: $flatten\safety.supervisor.$procmux$8742_Y [23:1] = { $flatten\safety.supervisor.$procmux$8742_Y [0] $flatten\safety.supervisor.$procmux$8742_Y [0] $flatten\safety.supervisor.$procmux$8742_Y [0] $flatten\safety.supervisor.$procmux$8742_Y [0] $flatten\safety.supervisor.$procmux$8742_Y [0] $flatten\safety.supervisor.$procmux$8742_Y [0] $flatten\safety.supervisor.$procmux$8742_Y [0] $flatten\safety.supervisor.$procmux$8742_Y [0] $flatten\safety.supervisor.$procmux$8742_Y [0] $flatten\safety.supervisor.$procmux$8742_Y [0] $flatten\safety.supervisor.$procmux$8742_Y [0] $flatten\safety.supervisor.$procmux$8742_Y [0] $flatten\safety.supervisor.$procmux$8742_Y [0] $flatten\safety.supervisor.$procmux$8742_Y [0] $flatten\safety.supervisor.$procmux$8742_Y [0] $flatten\safety.supervisor.$procmux$8742_Y [0] $flatten\safety.supervisor.$procmux$8742_Y [0] $flatten\safety.supervisor.$procmux$8742_Y [0] $flatten\safety.supervisor.$procmux$8742_Y [0] $flatten\safety.supervisor.$procmux$8742_Y [0] $flatten\safety.supervisor.$procmux$8742_Y [0] $flatten\safety.supervisor.$procmux$8742_Y [0] $flatten\safety.supervisor.$procmux$8742_Y [0] }
    Consolidated identical input bits for $mux cell $flatten\safety.supervisor.$procmux$9495:
      Old ports: A=$flatten\safety.supervisor.$2$memwr$\command_age$src/hx_safety.v:266$4588_EN[23:0]$5983, B=24'000000000000000000000000, Y=$flatten\safety.supervisor.$0$memwr$\command_age$src/hx_safety.v:266$4588_EN[23:0]$5717
      New ports: A=$flatten\safety.supervisor.$procmux$9018_Y [0], B=1'0, Y=$flatten\safety.supervisor.$0$memwr$\command_age$src/hx_safety.v:266$4588_EN[23:0]$5717 [0]
      New connections: $flatten\safety.supervisor.$0$memwr$\command_age$src/hx_safety.v:266$4588_EN[23:0]$5717 [23:1] = { $flatten\safety.supervisor.$0$memwr$\command_age$src/hx_safety.v:266$4588_EN[23:0]$5717 [0] $flatten\safety.supervisor.$0$memwr$\command_age$src/hx_safety.v:266$4588_EN[23:0]$5717 [0] $flatten\safety.supervisor.$0$memwr$\command_age$src/hx_safety.v:266$4588_EN[23:0]$5717 [0] $flatten\safety.supervisor.$0$memwr$\command_age$src/hx_safety.v:266$4588_EN[23:0]$5717 [0] $flatten\safety.supervisor.$0$memwr$\command_age$src/hx_safety.v:266$4588_EN[23:0]$5717 [0] $flatten\safety.supervisor.$0$memwr$\command_age$src/hx_safety.v:266$4588_EN[23:0]$5717 [0] $flatten\safety.supervisor.$0$memwr$\command_age$src/hx_safety.v:266$4588_EN[23:0]$5717 [0] $flatten\safety.supervisor.$0$memwr$\command_age$src/hx_safety.v:266$4588_EN[23:0]$5717 [0] $flatten\safety.supervisor.$0$memwr$\command_age$src/hx_safety.v:266$4588_EN[23:0]$5717 [0] $flatten\safety.supervisor.$0$memwr$\command_age$src/hx_safety.v:266$4588_EN[23:0]$5717 [0] $flatten\safety.supervisor.$0$memwr$\command_age$src/hx_safety.v:266$4588_EN[23:0]$5717 [0] $flatten\safety.supervisor.$0$memwr$\command_age$src/hx_safety.v:266$4588_EN[23:0]$5717 [0] $flatten\safety.supervisor.$0$memwr$\command_age$src/hx_safety.v:266$4588_EN[23:0]$5717 [0] $flatten\safety.supervisor.$0$memwr$\command_age$src/hx_safety.v:266$4588_EN[23:0]$5717 [0] $flatten\safety.supervisor.$0$memwr$\command_age$src/hx_safety.v:266$4588_EN[23:0]$5717 [0] $flatten\safety.supervisor.$0$memwr$\command_age$src/hx_safety.v:266$4588_EN[23:0]$5717 [0] $flatten\safety.supervisor.$0$memwr$\command_age$src/hx_safety.v:266$4588_EN[23:0]$5717 [0] $flatten\safety.supervisor.$0$memwr$\command_age$src/hx_safety.v:266$4588_EN[23:0]$5717 [0] $flatten\safety.supervisor.$0$memwr$\command_age$src/hx_safety.v:266$4588_EN[23:0]$5717 [0] $flatten\safety.supervisor.$0$memwr$\command_age$src/hx_safety.v:266$4588_EN[23:0]$5717 [0] $flatten\safety.supervisor.$0$memwr$\command_age$src/hx_safety.v:266$4588_EN[23:0]$5717 [0] $flatten\safety.supervisor.$0$memwr$\command_age$src/hx_safety.v:266$4588_EN[23:0]$5717 [0] $flatten\safety.supervisor.$0$memwr$\command_age$src/hx_safety.v:266$4588_EN[23:0]$5717 [0] }
    Consolidated identical input bits for $mux cell $flatten\safety.supervisor.$procmux$9006:
      Old ports: A=$flatten\safety.supervisor.$3$memwr$\command_age$src/hx_safety.v:269$4589_EN[23:0]$6017, B=24'000000000000000000000000, Y=$flatten\safety.supervisor.$procmux$9006_Y
      New ports: A=$flatten\safety.supervisor.$procmux$8769_Y [0], B=1'0, Y=$flatten\safety.supervisor.$procmux$9006_Y [0]
      New connections: $flatten\safety.supervisor.$procmux$9006_Y [23:1] = { $flatten\safety.supervisor.$procmux$9006_Y [0] $flatten\safety.supervisor.$procmux$9006_Y [0] $flatten\safety.supervisor.$procmux$9006_Y [0] $flatten\safety.supervisor.$procmux$9006_Y [0] $flatten\safety.supervisor.$procmux$9006_Y [0] $flatten\safety.supervisor.$procmux$9006_Y [0] $flatten\safety.supervisor.$procmux$9006_Y [0] $flatten\safety.supervisor.$procmux$9006_Y [0] $flatten\safety.supervisor.$procmux$9006_Y [0] $flatten\safety.supervisor.$procmux$9006_Y [0] $flatten\safety.supervisor.$procmux$9006_Y [0] $flatten\safety.supervisor.$procmux$9006_Y [0] $flatten\safety.supervisor.$procmux$9006_Y [0] $flatten\safety.supervisor.$procmux$9006_Y [0] $flatten\safety.supervisor.$procmux$9006_Y [0] $flatten\safety.supervisor.$procmux$9006_Y [0] $flatten\safety.supervisor.$procmux$9006_Y [0] $flatten\safety.supervisor.$procmux$9006_Y [0] $flatten\safety.supervisor.$procmux$9006_Y [0] $flatten\safety.supervisor.$procmux$9006_Y [0] $flatten\safety.supervisor.$procmux$9006_Y [0] $flatten\safety.supervisor.$procmux$9006_Y [0] $flatten\safety.supervisor.$procmux$9006_Y [0] }
  Optimizing cells in module \top.
    Consolidated identical input bits for $mux cell $flatten\safety.supervisor.$procmux$9489:
      Old ports: A=$flatten\safety.supervisor.$2$memwr$\command_age$src/hx_safety.v:269$4589_EN[23:0]$5985, B=24'000000000000000000000000, Y=$flatten\safety.supervisor.$0$memwr$\command_age$src/hx_safety.v:269$4589_EN[23:0]$5719
      New ports: A=$flatten\safety.supervisor.$procmux$9006_Y [0], B=1'0, Y=$flatten\safety.supervisor.$0$memwr$\command_age$src/hx_safety.v:269$4589_EN[23:0]$5719 [0]
      New connections: $flatten\safety.supervisor.$0$memwr$\command_age$src/hx_safety.v:269$4589_EN[23:0]$5719 [23:1] = { $flatten\safety.supervisor.$0$memwr$\command_age$src/hx_safety.v:269$4589_EN[23:0]$5719 [0] $flatten\safety.supervisor.$0$memwr$\command_age$src/hx_safety.v:269$4589_EN[23:0]$5719 [0] $flatten\safety.supervisor.$0$memwr$\command_age$src/hx_safety.v:269$4589_EN[23:0]$5719 [0] $flatten\safety.supervisor.$0$memwr$\command_age$src/hx_safety.v:269$4589_EN[23:0]$5719 [0] $flatten\safety.supervisor.$0$memwr$\command_age$src/hx_safety.v:269$4589_EN[23:0]$5719 [0] $flatten\safety.supervisor.$0$memwr$\command_age$src/hx_safety.v:269$4589_EN[23:0]$5719 [0] $flatten\safety.supervisor.$0$memwr$\command_age$src/hx_safety.v:269$4589_EN[23:0]$5719 [0] $flatten\safety.supervisor.$0$memwr$\command_age$src/hx_safety.v:269$4589_EN[23:0]$5719 [0] $flatten\safety.supervisor.$0$memwr$\command_age$src/hx_safety.v:269$4589_EN[23:0]$5719 [0] $flatten\safety.supervisor.$0$memwr$\command_age$src/hx_safety.v:269$4589_EN[23:0]$5719 [0] $flatten\safety.supervisor.$0$memwr$\command_age$src/hx_safety.v:269$4589_EN[23:0]$5719 [0] $flatten\safety.supervisor.$0$memwr$\command_age$src/hx_safety.v:269$4589_EN[23:0]$5719 [0] $flatten\safety.supervisor.$0$memwr$\command_age$src/hx_safety.v:269$4589_EN[23:0]$5719 [0] $flatten\safety.supervisor.$0$memwr$\command_age$src/hx_safety.v:269$4589_EN[23:0]$5719 [0] $flatten\safety.supervisor.$0$memwr$\command_age$src/hx_safety.v:269$4589_EN[23:0]$5719 [0] $flatten\safety.supervisor.$0$memwr$\command_age$src/hx_safety.v:269$4589_EN[23:0]$5719 [0] $flatten\safety.supervisor.$0$memwr$\command_age$src/hx_safety.v:269$4589_EN[23:0]$5719 [0] $flatten\safety.supervisor.$0$memwr$\command_age$src/hx_safety.v:269$4589_EN[23:0]$5719 [0] $flatten\safety.supervisor.$0$memwr$\command_age$src/hx_safety.v:269$4589_EN[23:0]$5719 [0] $flatten\safety.supervisor.$0$memwr$\command_age$src/hx_safety.v:269$4589_EN[23:0]$5719 [0] $flatten\safety.supervisor.$0$memwr$\command_age$src/hx_safety.v:269$4589_EN[23:0]$5719 [0] $flatten\safety.supervisor.$0$memwr$\command_age$src/hx_safety.v:269$4589_EN[23:0]$5719 [0] $flatten\safety.supervisor.$0$memwr$\command_age$src/hx_safety.v:269$4589_EN[23:0]$5719 [0] }
    Consolidated identical input bits for $mux cell $flatten\safety.supervisor.$procmux$9000:
      Old ports: A=$flatten\safety.supervisor.$3$memwr$\command_age$src/hx_safety.v:273$4590_EN[23:0]$6018, B=24'000000000000000000000000, Y=$flatten\safety.supervisor.$procmux$9000_Y
      New ports: A=$flatten\safety.supervisor.$procmux$8760_Y [0], B=1'0, Y=$flatten\safety.supervisor.$procmux$9000_Y [0]
      New connections: $flatten\safety.supervisor.$procmux$9000_Y [23:1] = { $flatten\safety.supervisor.$procmux$9000_Y [0] $flatten\safety.supervisor.$procmux$9000_Y [0] $flatten\safety.supervisor.$procmux$9000_Y [0] $flatten\safety.supervisor.$procmux$9000_Y [0] $flatten\safety.supervisor.$procmux$9000_Y [0] $flatten\safety.supervisor.$procmux$9000_Y [0] $flatten\safety.supervisor.$procmux$9000_Y [0] $flatten\safety.supervisor.$procmux$9000_Y [0] $flatten\safety.supervisor.$procmux$9000_Y [0] $flatten\safety.supervisor.$procmux$9000_Y [0] $flatten\safety.supervisor.$procmux$9000_Y [0] $flatten\safety.supervisor.$procmux$9000_Y [0] $flatten\safety.supervisor.$procmux$9000_Y [0] $flatten\safety.supervisor.$procmux$9000_Y [0] $flatten\safety.supervisor.$procmux$9000_Y [0] $flatten\safety.supervisor.$procmux$9000_Y [0] $flatten\safety.supervisor.$procmux$9000_Y [0] $flatten\safety.supervisor.$procmux$9000_Y [0] $flatten\safety.supervisor.$procmux$9000_Y [0] $flatten\safety.supervisor.$procmux$9000_Y [0] $flatten\safety.supervisor.$procmux$9000_Y [0] $flatten\safety.supervisor.$procmux$9000_Y [0] $flatten\safety.supervisor.$procmux$9000_Y [0] }
    Consolidated identical input bits for $mux cell $flatten\safety.supervisor.$procmux$8994:
      Old ports: A=$flatten\safety.supervisor.$3$memwr$\command_age$src/hx_safety.v:273$4591_EN[23:0]$6019, B=24'000000000000000000000000, Y=$flatten\safety.supervisor.$procmux$8994_Y
      New ports: A=$flatten\safety.supervisor.$procmux$8751_Y [0], B=1'0, Y=$flatten\safety.supervisor.$procmux$8994_Y [0]
      New connections: $flatten\safety.supervisor.$procmux$8994_Y [23:1] = { $flatten\safety.supervisor.$procmux$8994_Y [0] $flatten\safety.supervisor.$procmux$8994_Y [0] $flatten\safety.supervisor.$procmux$8994_Y [0] $flatten\safety.supervisor.$procmux$8994_Y [0] $flatten\safety.supervisor.$procmux$8994_Y [0] $flatten\safety.supervisor.$procmux$8994_Y [0] $flatten\safety.supervisor.$procmux$8994_Y [0] $flatten\safety.supervisor.$procmux$8994_Y [0] $flatten\safety.supervisor.$procmux$8994_Y [0] $flatten\safety.supervisor.$procmux$8994_Y [0] $flatten\safety.supervisor.$procmux$8994_Y [0] $flatten\safety.supervisor.$procmux$8994_Y [0] $flatten\safety.supervisor.$procmux$8994_Y [0] $flatten\safety.supervisor.$procmux$8994_Y [0] $flatten\safety.supervisor.$procmux$8994_Y [0] $flatten\safety.supervisor.$procmux$8994_Y [0] $flatten\safety.supervisor.$procmux$8994_Y [0] $flatten\safety.supervisor.$procmux$8994_Y [0] $flatten\safety.supervisor.$procmux$8994_Y [0] $flatten\safety.supervisor.$procmux$8994_Y [0] $flatten\safety.supervisor.$procmux$8994_Y [0] $flatten\safety.supervisor.$procmux$8994_Y [0] $flatten\safety.supervisor.$procmux$8994_Y [0] }
    Consolidated identical input bits for $mux cell $flatten\safety.supervisor.$procmux$8988:
      Old ports: A=$flatten\safety.supervisor.$3$memwr$\command_age$src/hx_safety.v:273$4592_EN[23:0]$6020, B=24'000000000000000000000000, Y=$flatten\safety.supervisor.$procmux$8988_Y
      New ports: A=$flatten\safety.supervisor.$procmux$8742_Y [0], B=1'0, Y=$flatten\safety.supervisor.$procmux$8988_Y [0]
      New connections: $flatten\safety.supervisor.$procmux$8988_Y [23:1] = { $flatten\safety.supervisor.$procmux$8988_Y [0] $flatten\safety.supervisor.$procmux$8988_Y [0] $flatten\safety.supervisor.$procmux$8988_Y [0] $flatten\safety.supervisor.$procmux$8988_Y [0] $flatten\safety.supervisor.$procmux$8988_Y [0] $flatten\safety.supervisor.$procmux$8988_Y [0] $flatten\safety.supervisor.$procmux$8988_Y [0] $flatten\safety.supervisor.$procmux$8988_Y [0] $flatten\safety.supervisor.$procmux$8988_Y [0] $flatten\safety.supervisor.$procmux$8988_Y [0] $flatten\safety.supervisor.$procmux$8988_Y [0] $flatten\safety.supervisor.$procmux$8988_Y [0] $flatten\safety.supervisor.$procmux$8988_Y [0] $flatten\safety.supervisor.$procmux$8988_Y [0] $flatten\safety.supervisor.$procmux$8988_Y [0] $flatten\safety.supervisor.$procmux$8988_Y [0] $flatten\safety.supervisor.$procmux$8988_Y [0] $flatten\safety.supervisor.$procmux$8988_Y [0] $flatten\safety.supervisor.$procmux$8988_Y [0] $flatten\safety.supervisor.$procmux$8988_Y [0] $flatten\safety.supervisor.$procmux$8988_Y [0] $flatten\safety.supervisor.$procmux$8988_Y [0] $flatten\safety.supervisor.$procmux$8988_Y [0] }
  Optimizing cells in module \top.
    Consolidated identical input bits for $mux cell $flatten\safety.supervisor.$procmux$9486:
      Old ports: A=$flatten\safety.supervisor.$2$memwr$\command_age$src/hx_safety.v:273$4590_EN[23:0]$5986, B=24'000000000000000000000000, Y=$flatten\safety.supervisor.$0$memwr$\command_age$src/hx_safety.v:273$4590_EN[23:0]$5720
      New ports: A=$flatten\safety.supervisor.$procmux$9000_Y [0], B=1'0, Y=$flatten\safety.supervisor.$0$memwr$\command_age$src/hx_safety.v:273$4590_EN[23:0]$5720 [0]
      New connections: $flatten\safety.supervisor.$0$memwr$\command_age$src/hx_safety.v:273$4590_EN[23:0]$5720 [23:1] = { $flatten\safety.supervisor.$0$memwr$\command_age$src/hx_safety.v:273$4590_EN[23:0]$5720 [0] $flatten\safety.supervisor.$0$memwr$\command_age$src/hx_safety.v:273$4590_EN[23:0]$5720 [0] $flatten\safety.supervisor.$0$memwr$\command_age$src/hx_safety.v:273$4590_EN[23:0]$5720 [0] $flatten\safety.supervisor.$0$memwr$\command_age$src/hx_safety.v:273$4590_EN[23:0]$5720 [0] $flatten\safety.supervisor.$0$memwr$\command_age$src/hx_safety.v:273$4590_EN[23:0]$5720 [0] $flatten\safety.supervisor.$0$memwr$\command_age$src/hx_safety.v:273$4590_EN[23:0]$5720 [0] $flatten\safety.supervisor.$0$memwr$\command_age$src/hx_safety.v:273$4590_EN[23:0]$5720 [0] $flatten\safety.supervisor.$0$memwr$\command_age$src/hx_safety.v:273$4590_EN[23:0]$5720 [0] $flatten\safety.supervisor.$0$memwr$\command_age$src/hx_safety.v:273$4590_EN[23:0]$5720 [0] $flatten\safety.supervisor.$0$memwr$\command_age$src/hx_safety.v:273$4590_EN[23:0]$5720 [0] $flatten\safety.supervisor.$0$memwr$\command_age$src/hx_safety.v:273$4590_EN[23:0]$5720 [0] $flatten\safety.supervisor.$0$memwr$\command_age$src/hx_safety.v:273$4590_EN[23:0]$5720 [0] $flatten\safety.supervisor.$0$memwr$\command_age$src/hx_safety.v:273$4590_EN[23:0]$5720 [0] $flatten\safety.supervisor.$0$memwr$\command_age$src/hx_safety.v:273$4590_EN[23:0]$5720 [0] $flatten\safety.supervisor.$0$memwr$\command_age$src/hx_safety.v:273$4590_EN[23:0]$5720 [0] $flatten\safety.supervisor.$0$memwr$\command_age$src/hx_safety.v:273$4590_EN[23:0]$5720 [0] $flatten\safety.supervisor.$0$memwr$\command_age$src/hx_safety.v:273$4590_EN[23:0]$5720 [0] $flatten\safety.supervisor.$0$memwr$\command_age$src/hx_safety.v:273$4590_EN[23:0]$5720 [0] $flatten\safety.supervisor.$0$memwr$\command_age$src/hx_safety.v:273$4590_EN[23:0]$5720 [0] $flatten\safety.supervisor.$0$memwr$\command_age$src/hx_safety.v:273$4590_EN[23:0]$5720 [0] $flatten\safety.supervisor.$0$memwr$\command_age$src/hx_safety.v:273$4590_EN[23:0]$5720 [0] $flatten\safety.supervisor.$0$memwr$\command_age$src/hx_safety.v:273$4590_EN[23:0]$5720 [0] $flatten\safety.supervisor.$0$memwr$\command_age$src/hx_safety.v:273$4590_EN[23:0]$5720 [0] }
    Consolidated identical input bits for $mux cell $flatten\safety.supervisor.$procmux$9483:
      Old ports: A=$flatten\safety.supervisor.$2$memwr$\command_age$src/hx_safety.v:273$4591_EN[23:0]$5987, B=24'000000000000000000000000, Y=$flatten\safety.supervisor.$0$memwr$\command_age$src/hx_safety.v:273$4591_EN[23:0]$5721
      New ports: A=$flatten\safety.supervisor.$procmux$8994_Y [0], B=1'0, Y=$flatten\safety.supervisor.$0$memwr$\command_age$src/hx_safety.v:273$4591_EN[23:0]$5721 [0]
      New connections: $flatten\safety.supervisor.$0$memwr$\command_age$src/hx_safety.v:273$4591_EN[23:0]$5721 [23:1] = { $flatten\safety.supervisor.$0$memwr$\command_age$src/hx_safety.v:273$4591_EN[23:0]$5721 [0] $flatten\safety.supervisor.$0$memwr$\command_age$src/hx_safety.v:273$4591_EN[23:0]$5721 [0] $flatten\safety.supervisor.$0$memwr$\command_age$src/hx_safety.v:273$4591_EN[23:0]$5721 [0] $flatten\safety.supervisor.$0$memwr$\command_age$src/hx_safety.v:273$4591_EN[23:0]$5721 [0] $flatten\safety.supervisor.$0$memwr$\command_age$src/hx_safety.v:273$4591_EN[23:0]$5721 [0] $flatten\safety.supervisor.$0$memwr$\command_age$src/hx_safety.v:273$4591_EN[23:0]$5721 [0] $flatten\safety.supervisor.$0$memwr$\command_age$src/hx_safety.v:273$4591_EN[23:0]$5721 [0] $flatten\safety.supervisor.$0$memwr$\command_age$src/hx_safety.v:273$4591_EN[23:0]$5721 [0] $flatten\safety.supervisor.$0$memwr$\command_age$src/hx_safety.v:273$4591_EN[23:0]$5721 [0] $flatten\safety.supervisor.$0$memwr$\command_age$src/hx_safety.v:273$4591_EN[23:0]$5721 [0] $flatten\safety.supervisor.$0$memwr$\command_age$src/hx_safety.v:273$4591_EN[23:0]$5721 [0] $flatten\safety.supervisor.$0$memwr$\command_age$src/hx_safety.v:273$4591_EN[23:0]$5721 [0] $flatten\safety.supervisor.$0$memwr$\command_age$src/hx_safety.v:273$4591_EN[23:0]$5721 [0] $flatten\safety.supervisor.$0$memwr$\command_age$src/hx_safety.v:273$4591_EN[23:0]$5721 [0] $flatten\safety.supervisor.$0$memwr$\command_age$src/hx_safety.v:273$4591_EN[23:0]$5721 [0] $flatten\safety.supervisor.$0$memwr$\command_age$src/hx_safety.v:273$4591_EN[23:0]$5721 [0] $flatten\safety.supervisor.$0$memwr$\command_age$src/hx_safety.v:273$4591_EN[23:0]$5721 [0] $flatten\safety.supervisor.$0$memwr$\command_age$src/hx_safety.v:273$4591_EN[23:0]$5721 [0] $flatten\safety.supervisor.$0$memwr$\command_age$src/hx_safety.v:273$4591_EN[23:0]$5721 [0] $flatten\safety.supervisor.$0$memwr$\command_age$src/hx_safety.v:273$4591_EN[23:0]$5721 [0] $flatten\safety.supervisor.$0$memwr$\command_age$src/hx_safety.v:273$4591_EN[23:0]$5721 [0] $flatten\safety.supervisor.$0$memwr$\command_age$src/hx_safety.v:273$4591_EN[23:0]$5721 [0] $flatten\safety.supervisor.$0$memwr$\command_age$src/hx_safety.v:273$4591_EN[23:0]$5721 [0] }
    Consolidated identical input bits for $mux cell $flatten\safety.supervisor.$procmux$9480:
      Old ports: A=$flatten\safety.supervisor.$2$memwr$\command_age$src/hx_safety.v:273$4592_EN[23:0]$5988, B=24'000000000000000000000000, Y=$flatten\safety.supervisor.$0$memwr$\command_age$src/hx_safety.v:273$4592_EN[23:0]$5722
      New ports: A=$flatten\safety.supervisor.$procmux$8988_Y [0], B=1'0, Y=$flatten\safety.supervisor.$0$memwr$\command_age$src/hx_safety.v:273$4592_EN[23:0]$5722 [0]
      New connections: $flatten\safety.supervisor.$0$memwr$\command_age$src/hx_safety.v:273$4592_EN[23:0]$5722 [23:1] = { $flatten\safety.supervisor.$0$memwr$\command_age$src/hx_safety.v:273$4592_EN[23:0]$5722 [0] $flatten\safety.supervisor.$0$memwr$\command_age$src/hx_safety.v:273$4592_EN[23:0]$5722 [0] $flatten\safety.supervisor.$0$memwr$\command_age$src/hx_safety.v:273$4592_EN[23:0]$5722 [0] $flatten\safety.supervisor.$0$memwr$\command_age$src/hx_safety.v:273$4592_EN[23:0]$5722 [0] $flatten\safety.supervisor.$0$memwr$\command_age$src/hx_safety.v:273$4592_EN[23:0]$5722 [0] $flatten\safety.supervisor.$0$memwr$\command_age$src/hx_safety.v:273$4592_EN[23:0]$5722 [0] $flatten\safety.supervisor.$0$memwr$\command_age$src/hx_safety.v:273$4592_EN[23:0]$5722 [0] $flatten\safety.supervisor.$0$memwr$\command_age$src/hx_safety.v:273$4592_EN[23:0]$5722 [0] $flatten\safety.supervisor.$0$memwr$\command_age$src/hx_safety.v:273$4592_EN[23:0]$5722 [0] $flatten\safety.supervisor.$0$memwr$\command_age$src/hx_safety.v:273$4592_EN[23:0]$5722 [0] $flatten\safety.supervisor.$0$memwr$\command_age$src/hx_safety.v:273$4592_EN[23:0]$5722 [0] $flatten\safety.supervisor.$0$memwr$\command_age$src/hx_safety.v:273$4592_EN[23:0]$5722 [0] $flatten\safety.supervisor.$0$memwr$\command_age$src/hx_safety.v:273$4592_EN[23:0]$5722 [0] $flatten\safety.supervisor.$0$memwr$\command_age$src/hx_safety.v:273$4592_EN[23:0]$5722 [0] $flatten\safety.supervisor.$0$memwr$\command_age$src/hx_safety.v:273$4592_EN[23:0]$5722 [0] $flatten\safety.supervisor.$0$memwr$\command_age$src/hx_safety.v:273$4592_EN[23:0]$5722 [0] $flatten\safety.supervisor.$0$memwr$\command_age$src/hx_safety.v:273$4592_EN[23:0]$5722 [0] $flatten\safety.supervisor.$0$memwr$\command_age$src/hx_safety.v:273$4592_EN[23:0]$5722 [0] $flatten\safety.supervisor.$0$memwr$\command_age$src/hx_safety.v:273$4592_EN[23:0]$5722 [0] $flatten\safety.supervisor.$0$memwr$\command_age$src/hx_safety.v:273$4592_EN[23:0]$5722 [0] $flatten\safety.supervisor.$0$memwr$\command_age$src/hx_safety.v:273$4592_EN[23:0]$5722 [0] $flatten\safety.supervisor.$0$memwr$\command_age$src/hx_safety.v:273$4592_EN[23:0]$5722 [0] $flatten\safety.supervisor.$0$memwr$\command_age$src/hx_safety.v:273$4592_EN[23:0]$5722 [0] }
  Optimizing cells in module \top.
Performed a total of 105 changes.

7.12.5. Executing OPT_MERGE pass (detect identical cells).
Finding identical cells in module `\top'.
Computing hashes of 1431 cells of `\top'.
Finding duplicate cells in `\top'.
Computing hashes of 1411 cells of `\top'.
Finding duplicate cells in `\top'.
Computing hashes of 1407 cells of `\top'.
Finding duplicate cells in `\top'.
Computing hashes of 1405 cells of `\top'.
Finding duplicate cells in `\top'.
Computing hashes of 1403 cells of `\top'.
Finding duplicate cells in `\top'.
Computing hashes of 1401 cells of `\top'.
Finding duplicate cells in `\top'.
Computing hashes of 1399 cells of `\top'.
Finding duplicate cells in `\top'.
<suppressed ~96 debug messages>
Removed a total of 32 cells.

7.12.6. Executing OPT_DFF pass (perform DFF optimizations).

7.12.7. Executing OPT_CLEAN pass (remove unused cells and wires).
Finding unused cells or wires in module \top..
Removed 0 unused cells and 1164 unused wires.
<suppressed ~1 debug messages>

7.12.8. Executing OPT_EXPR pass (perform const folding).
Optimizing module top.

7.12.9. Rerunning OPT passes. (Maybe there is more to do..)

7.12.10. Executing OPT_MUXTREE pass (detect dead branches in mux trees).
Running muxtree optimizer on module \top..
  Creating internal representation of mux trees.
  Evaluating internal representation of mux trees.
  Analyzing evaluation results.
Removed 0 multiplexer ports.
<suppressed ~1037 debug messages>

7.12.11. Executing OPT_REDUCE pass (consolidate $*mux and $reduce_* inputs).
  Optimizing cells in module \top.
    New ctrl vector for $pmux cell $flatten\u_hrx.$procmux$6351: { $auto$opt_reduce.cc:137:opt_pmux$18614 $flatten\u_hrx.$procmux$6360_CMP $flatten\u_hrx.$procmux$6361_CMP }
    New ctrl vector for $pmux cell $flatten\u_htx.$procmux$17874: { $auto$opt_reduce.cc:137:opt_pmux$18616 $flatten\u_htx.$procmux$17884_CMP }
    New ctrl vector for $pmux cell $flatten\u_srx.$procmux$17949: { $auto$opt_reduce.cc:137:opt_pmux$18618 $flatten\u_srx.$procmux$17958_CMP $flatten\u_srx.$procmux$17959_CMP }
    New ctrl vector for $pmux cell $flatten\u_stx.$procmux$6276: { $auto$opt_reduce.cc:137:opt_pmux$18620 $flatten\u_stx.$procmux$6286_CMP }
  Optimizing cells in module \top.
Performed a total of 4 changes.

7.12.12. Executing OPT_MERGE pass (detect identical cells).
Finding identical cells in module `\top'.
Computing hashes of 1403 cells of `\top'.
Finding duplicate cells in `\top'.
Removed a total of 0 cells.

7.12.13. Executing OPT_DFF pass (perform DFF optimizations).

7.12.14. Executing OPT_CLEAN pass (remove unused cells and wires).
Finding unused cells or wires in module \top..

7.12.15. Executing OPT_EXPR pass (perform const folding).
Optimizing module top.

7.12.16. Rerunning OPT passes. (Maybe there is more to do..)

7.12.17. Executing OPT_MUXTREE pass (detect dead branches in mux trees).
Running muxtree optimizer on module \top..
  Creating internal representation of mux trees.
  Evaluating internal representation of mux trees.
  Analyzing evaluation results.
Removed 0 multiplexer ports.
<suppressed ~1023 debug messages>

7.12.18. Executing OPT_REDUCE pass (consolidate $*mux and $reduce_* inputs).
  Optimizing cells in module \top.
Performed a total of 0 changes.

7.12.19. Executing OPT_MERGE pass (detect identical cells).
Finding identical cells in module `\top'.
Computing hashes of 1403 cells of `\top'.
Finding duplicate cells in `\top'.
Removed a total of 0 cells.

7.12.20. Executing OPT_DFF pass (perform DFF optimizations).

7.12.21. Executing OPT_CLEAN pass (remove unused cells and wires).
Finding unused cells or wires in module \top..

7.12.22. Executing OPT_EXPR pass (perform const folding).
Optimizing module top.

7.12.23. Finished fast OPT passes. (There is nothing left to do.)

7.13. Executing FSM pass (extract and optimize FSM).

7.13.1. Executing FSM_DETECT pass (finding FSMs in design).
Not marking top.safety.supervisor.decoded_reason as FSM state register:
    Users of register don't seem to benefit from recoding.
    Register has an initialization value.
Not marking top.safety.supervisor.rx_state as FSM state register:
    Register has an initialization value.
Not marking top.u_htx.state as FSM state register:
    Users of register don't seem to benefit from recoding.
    Register has an initialization value.
Not marking top.u_srx.state as FSM state register:
    Register has an initialization value.
Not marking top.cstate as FSM state register:
    Register has an initialization value.
Not marking top.local_buf[0] as FSM state register:
    Users of register don't seem to benefit from recoding.
Not marking top.local_buf[1] as FSM state register:
    Users of register don't seem to benefit from recoding.
Not marking top.local_buf[2] as FSM state register:
    Users of register don't seem to benefit from recoding.
Not marking top.local_buf[3] as FSM state register:
    Users of register don't seem to benefit from recoding.
Not marking top.local_buf[4] as FSM state register:
    Users of register don't seem to benefit from recoding.
Not marking top.local_buf[5] as FSM state register:
    Users of register don't seem to benefit from recoding.
Not marking top.local_buf[10] as FSM state register:
    Users of register don't seem to benefit from recoding.
Not marking top.local_buf[12] as FSM state register:
    Users of register don't seem to benefit from recoding.
Not marking top.local_buf[13] as FSM state register:
    Users of register don't seem to benefit from recoding.
Not marking top.local_buf[14] as FSM state register:
    Users of register don't seem to benefit from recoding.
Not marking top.local_buf[15] as FSM state register:
    Users of register don't seem to benefit from recoding.
Not marking top.local_buf[16] as FSM state register:
    Users of register don't seem to benefit from recoding.
Not marking top.local_buf[17] as FSM state register:
    Users of register don't seem to benefit from recoding.
Not marking top.u_stx.state as FSM state register:
    Users of register don't seem to benefit from recoding.
    Register has an initialization value.
Not marking top.u_hrx.state as FSM state register:
    Register has an initialization value.

7.13.2. Executing FSM_EXTRACT pass (extracting FSM from design).

7.13.3. Executing FSM_OPT pass (simple optimizations of FSMs).

7.13.4. Executing OPT_CLEAN pass (remove unused cells and wires).
Finding unused cells or wires in module \top..

7.13.5. Executing FSM_OPT pass (simple optimizations of FSMs).

7.13.6. Executing FSM_RECODE pass (re-assigning FSM state encoding).

7.13.7. Executing FSM_INFO pass (dumping all available information on FSM cells).

7.13.8. Executing FSM_MAP pass (mapping FSMs to basic logic).

7.14. Executing OPT pass (performing simple optimizations).

7.14.1. Executing OPT_EXPR pass (perform const folding).
Optimizing module top.

7.14.2. Executing OPT_MERGE pass (detect identical cells).
Finding identical cells in module `\top'.
Computing hashes of 1403 cells of `\top'.
Finding duplicate cells in `\top'.
Removed a total of 0 cells.

7.14.3. Executing OPT_MUXTREE pass (detect dead branches in mux trees).
Running muxtree optimizer on module \top..
  Creating internal representation of mux trees.
  Evaluating internal representation of mux trees.
  Analyzing evaluation results.
Removed 0 multiplexer ports.
<suppressed ~1023 debug messages>

7.14.4. Executing OPT_REDUCE pass (consolidate $*mux and $reduce_* inputs).
  Optimizing cells in module \top.
Performed a total of 0 changes.

7.14.5. Executing OPT_MERGE pass (detect identical cells).
Finding identical cells in module `\top'.
Computing hashes of 1403 cells of `\top'.
Finding duplicate cells in `\top'.
Removed a total of 0 cells.

7.14.6. Executing OPT_DFF pass (perform DFF optimizations).
Adding SRST signal on $flatten\u_hrx.$procdff$18395 ($dff) from module top (D = $flatten\u_hrx.$procmux$6369_Y, Q = \u_hrx.valid, rval = 1'0).
Adding EN signal on $flatten\u_hrx.$procdff$18394 ($dff) from module top (D = { \u_hrx.sync [1] \u_hrx.shifter [7:1] }, Q = \u_hrx.shifter).
Adding EN signal on $flatten\u_hrx.$procdff$18393 ($dff) from module top (D = $flatten\u_hrx.$procmux$6400_Y, Q = \u_hrx.bit_idx).
Adding SRST signal on $flatten\u_hrx.$procdff$18392 ($dff) from module top (D = $flatten\u_hrx.$procmux$6351_Y, Q = \u_hrx.tick, rval = 9'000000000).
Adding SRST signal on $flatten\u_hrx.$procdff$18391 ($dff) from module top (D = $flatten\u_hrx.$procmux$6418_Y, Q = \u_hrx.state, rval = 2'00).
Adding EN signal on $auto$ff.cc:337:slice$18649 ($sdff) from module top (D = $flatten\u_hrx.$procmux$6418_Y, Q = \u_hrx.state).
Adding SRST signal on $flatten\u_hrx.$procdff$18390 ($dff) from module top (D = $flatten\u_hrx.$procmux$6448_Y, Q = \u_hrx.data, rval = 8'00000000).
Adding EN signal on $auto$ff.cc:337:slice$18665 ($sdff) from module top (D = \u_hrx.shifter, Q = \u_hrx.data).
Adding SRST signal on $flatten\safety.supervisor.$procdff$18485 ($dff) from module top (D = $flatten\safety.supervisor.$procmux$10352_Y, Q = \safety.supervisor.sample_valid, rval = 1'0).
Adding SRST signal on $flatten\safety.supervisor.$procdff$18401 ($dff) from module top (D = $flatten\safety.supervisor.$procmux$9735_Y, Q = \safety.supervisor.reason, rval = 8'00000001).
Adding EN signal on $auto$ff.cc:337:slice$18678 ($sdff) from module top (D = $flatten\safety.supervisor.$procmux$9735_Y, Q = \safety.supervisor.reason).
Adding EN signal on $flatten\safety.supervisor.$procdff$18488 ($dff) from module top (D = $flatten\safety.supervisor.$memrd$\rb$src/hx_safety.v:165$5550_DATA, Q = \safety.supervisor.sample_id).
Adding SRST signal on $flatten\safety.supervisor.$procdff$18402 ($dff) from module top (D = $flatten\safety.supervisor.$procmux$9699_Y, Q = \safety.supervisor.fault_id, rval = 8'11111110).
Adding EN signal on $auto$ff.cc:337:slice$18701 ($sdff) from module top (D = $flatten\safety.supervisor.$procmux$9699_Y, Q = \safety.supervisor.fault_id).
Adding SRST signal on $flatten\safety.supervisor.$procdff$18400 ($dff) from module top (D = $flatten\safety.supervisor.$procmux$9762_Y, Q = \safety.supervisor.latched, rval = 1'1).
Adding EN signal on $auto$ff.cc:337:slice$18719 ($sdff) from module top (D = $flatten\safety.supervisor.$procmux$9757_Y, Q = \safety.supervisor.latched).
Adding EN signal on $procdff$18501 ($dff) from module top (D = $add$src/bridge.v:53$3832_Y, Q = \por).
Adding SRST signal on $procdff$18502 ($dff) from module top (D = $procmux$17123_Y, Q = \rx_quiet, rval = 16'0000000000000000).
Adding EN signal on $auto$ff.cc:337:slice$18736 ($sdff) from module top (D = $add$src/bridge.v:99$3838_Y [15:0], Q = \rx_quiet).
Adding SRST signal on $procdff$18503 ($dff) from module top (D = $procmux$17500_Y, Q = \cstate, rval = 3'000).
Adding EN signal on $auto$ff.cc:337:slice$18738 ($sdff) from module top (D = $procmux$17500_Y, Q = \cstate).
Adding SRST signal on $procdff$18504 ($dff) from module top (D = $procmux$17458_Y, Q = \pcnt, rval = 7'0000000).
Adding EN signal on $auto$ff.cc:337:slice$18760 ($sdff) from module top (D = $procmux$17458_Y, Q = \pcnt).
Adding EN signal on $procdff$18505 ($dff) from module top (D = $add$src/bridge.v:206$3924_Y [6:0], Q = \ptot).
Adding EN signal on $procdff$18506 ($dff) from module top (D = $procmux$17416_Y, Q = \pidx).
Adding EN signal on $procdff$18507 ($dff) from module top (D = $procmux$17398_Y, Q = \packet_checksum).
Adding EN signal on $procdff$18508 ($dff) from module top (D = $procmux$17385_Y, Q = \s_tx_data).
Adding SRST signal on $procdff$18509 ($dff) from module top (D = $procmux$17317_Y, Q = \s_tx_start, rval = 1'0).
Adding SRST signal on $procdff$18510 ($dff) from module top (D = $procmux$17374_Y, Q = \stop_active, rval = 1'0).
Adding SRST signal on $procdff$18511 ($dff) from module top (D = $procmux$17363_Y, Q = \stop_index, rval = 5'00000).
Adding SRST signal on $procdff$18512 ($dff) from module top (D = $procmux$17306_Y, Q = \stop_accepted, rval = 1'0).
Adding SRST signal on $procdff$18513 ($dff) from module top (D = $procmux$17352_Y, Q = \stop_gap, rval = 17'00000000000000000).
Adding SRST signal on $procdff$18514 ($dff) from module top (D = $procmux$17342_Y, Q = \reply_wait, rval = 17'00000000000000000).
Adding SRST signal on $procdff$18515 ($dff) from module top (D = { $procmux$17325_Y [6:5] $procmux$17325_Y [2] }, Q = { \guard [6:5] \guard [2] }, rval = 3'000).
Adding SRST signal on $procdff$18515 ($dff) from module top (D = { $procmux$17322_Y [4:3] $procmux$17322_Y [1:0] }, Q = { \guard [4:3] \guard [1:0] }, rval = 4'0000).
Adding EN signal on $auto$ff.cc:337:slice$18835 ($sdff) from module top (D = { $sub$src/bridge.v:175$3895_Y [4:3] $sub$src/bridge.v:175$3895_Y [1:0] }, Q = { \guard [4:3] \guard [1:0] }).
Adding EN signal on $auto$ff.cc:337:slice$18834 ($sdff) from module top (D = { $procmux$17325_Y [6:5] $procmux$17325_Y [2] }, Q = { \guard [6:5] \guard [2] }).
Adding SRST signal on $procdff$18523 ($dff) from module top (D = $procmux$17861_Y, Q = \wptr, rval = 8'00000000).
Adding EN signal on $auto$ff.cc:337:slice$18842 ($sdff) from module top (D = $procmux$17861_Y, Q = \wptr).
Adding SRST signal on $procdff$18524 ($dff) from module top (D = $procmux$17852_Y, Q = \rptr, rval = 8'00000000).
Adding EN signal on $auto$ff.cc:337:slice$18846 ($sdff) from module top (D = $add$src/bridge.v:298$4019_Y, Q = \rptr).
Adding SRST signal on $procdff$18525 ($dff) from module top (D = $procmux$17847_Y, Q = \local_pending, rval = 1'0).
Adding SRST signal on $procdff$18526 ($dff) from module top (D = $procmux$17832_Y, Q = \local_index, rval = 5'00000).
Adding EN signal on $procdff$18528 ($dff) from module top (D = $memrd$\fifo$src/bridge.v:296$4018_DATA, Q = \h_tx_data).
Adding SRST signal on $procdff$18529 ($dff) from module top (D = $procmux$17698_Y, Q = \h_tx_start, rval = 1'0).
Adding EN signal on $procdff$18530 ($dff) from module top (D = 8'11111111, Q = \local_buf[0]).
Adding EN signal on $procdff$18531 ($dff) from module top (D = 8'11111111, Q = \local_buf[1]).
Adding EN signal on $procdff$18532 ($dff) from module top (D = 8'11111110, Q = \local_buf[2]).
Adding EN signal on $procdff$18533 ($dff) from module top (D = 8'00001111, Q = \local_buf[3]).
Adding EN signal on $procdff$18534 ($dff) from module top (D = 8'00000000, Q = \local_buf[4]).
Adding EN signal on $procdff$18535 ($dff) from module top (D = 8'00000011, Q = \local_buf[5]).
Adding EN signal on $procdff$18536 ($dff) from module top (D = { 7'0000000 \safety.supervisor.latched }, Q = \local_buf[6]).
Adding EN signal on $procdff$18537 ($dff) from module top (D = \safety.supervisor.reason, Q = \local_buf[7]).
Adding EN signal on $procdff$18538 ($dff) from module top (D = \safety.supervisor.fault_id, Q = \local_buf[8]).
Adding EN signal on $procdff$18539 ($dff) from module top (D = { 5'00000 \safety.supervisor.armed }, Q = \local_buf[9]).
Adding EN signal on $procdff$18540 ($dff) from module top (D = 8'00000000, Q = \local_buf[10]).
Adding EN signal on $procdff$18541 ($dff) from module top (D = { 5'00000 \safety.supervisor.fresh }, Q = \local_buf[11]).
Adding EN signal on $procdff$18542 ($dff) from module top (D = 8'00000000, Q = \local_buf[12]).
Adding EN signal on $procdff$18543 ($dff) from module top (D = 8'00111100, Q = \local_buf[13]).
Adding EN signal on $procdff$18544 ($dff) from module top (D = 8'01011010, Q = \local_buf[14]).
Adding EN signal on $procdff$18545 ($dff) from module top (D = 8'01111110, Q = \local_buf[15]).
Adding EN signal on $procdff$18546 ($dff) from module top (D = 8'11010000, Q = \local_buf[16]).
Adding EN signal on $procdff$18547 ($dff) from module top (D = 8'00000111, Q = \local_buf[17]).
Adding EN signal on $procdff$18548 ($dff) from module top (D = $not$src/bridge.v:284$3994_Y, Q = \local_buf[18]).
Adding SRST signal on $procdff$18557 ($dff) from module top (D = $procmux$17866_Y, Q = \act, rval = 20'11111111111111111111).
Adding EN signal on $auto$ff.cc:337:slice$18951 ($sdff) from module top (D = $sub$src/bridge.v:307$4022_Y, Q = \act).
Adding SRST signal on $flatten\u_stx.$procdff$18385 ($dff) from module top (D = $flatten\u_stx.$procmux$6290_Y, Q = \u_stx.tx, rval = 1'1).
Adding SRST signal on $flatten\u_stx.$procdff$18386 ($dff) from module top (D = $flatten\u_stx.$procmux$6329_Y, Q = \u_stx.state, rval = 2'00).
Adding EN signal on $auto$ff.cc:337:slice$18954 ($sdff) from module top (D = $flatten\u_stx.$procmux$6329_Y, Q = \u_stx.state).
Adding SRST signal on $flatten\u_stx.$procdff$18387 ($dff) from module top (D = $flatten\u_stx.$procmux$6276_Y, Q = \u_stx.tick, rval = 6'000000).
Adding SRST signal on $flatten\u_stx.$procdff$18388 ($dff) from module top (D = $flatten\u_stx.$procmux$6317_Y, Q = \u_stx.bit_idx, rval = 3'000).
Adding EN signal on $auto$ff.cc:337:slice$18971 ($sdff) from module top (D = $flatten\u_stx.$procmux$6317_Y, Q = \u_stx.bit_idx).
Adding EN signal on $flatten\u_stx.$procdff$18389 ($dff) from module top (D = $flatten\u_stx.$procmux$6302_Y, Q = \u_stx.shifter).
Adding SRST signal on $flatten\u_srx.$procdff$18570 ($dff) from module top (D = { \u_srx.sync [0] \servo_rx }, Q = \u_srx.sync, rval = 2'11).
Adding SRST signal on $flatten\safety.supervisor.$procdff$18403 ($dff) from module top (D = $flatten\safety.supervisor.$5$lookahead\armed$5658[2:0]$6049, Q = \safety.supervisor.armed, rval = 3'000).
Adding SRST signal on $flatten\safety.supervisor.$procdff$18480 ($dff) from module top (D = $flatten\safety.supervisor.$procmux$10495_Y, Q = \safety.supervisor.rx_state, rval = 2'00).
Adding EN signal on $flatten\safety.supervisor.$procdff$18481 ($dff) from module top (D = $flatten\safety.supervisor.$procmux$10462_Y, Q = \safety.supervisor.rx_count).
Adding EN signal on $flatten\safety.supervisor.$procdff$18482 ($dff) from module top (D = $flatten\safety.supervisor.$add$src/hx_safety.v:162$5541_Y [6:0], Q = \safety.supervisor.rx_total).
Adding EN signal on $flatten\safety.supervisor.$procdff$18483 ($dff) from module top (D = $flatten\safety.supervisor.$procmux$10425_Y, Q = \safety.supervisor.rx_sum).
Adding SRST signal on $flatten\safety.supervisor.$procdff$18486 ($dff) from module top (D = $flatten\safety.supervisor.$procmux$10335_Y, Q = \safety.supervisor.packet_valid, rval = 1'0).
Adding SRST signal on $flatten\safety.supervisor.$procdff$18487 ($dff) from module top (D = $flatten\safety.supervisor.$procmux$10316_Y, Q = \safety.supervisor.off_valid, rval = 1'0).
Adding SRST signal on $flatten\u_srx.$procdff$18564 ($dff) from module top (D = $flatten\u_srx.$procmux$18049_Y, Q = \u_srx.data, rval = 8'00000000).
Adding EN signal on $auto$ff.cc:337:slice$19048 ($sdff) from module top (D = \u_srx.shifter, Q = \u_srx.data).
Adding SRST signal on $flatten\u_srx.$procdff$18565 ($dff) from module top (D = $flatten\u_srx.$procmux$18016_Y, Q = \u_srx.state, rval = 2'00).
Adding EN signal on $auto$ff.cc:337:slice$19052 ($sdff) from module top (D = $flatten\u_srx.$procmux$18016_Y, Q = \u_srx.state).
Adding SRST signal on $flatten\u_srx.$procdff$18566 ($dff) from module top (D = $flatten\u_srx.$procmux$17949_Y, Q = \u_srx.tick, rval = 6'000000).
Adding EN signal on $flatten\u_srx.$procdff$18567 ($dff) from module top (D = $flatten\u_srx.$procmux$17998_Y, Q = \u_srx.bit_idx).
Adding EN signal on $flatten\u_srx.$procdff$18568 ($dff) from module top (D = { \u_srx.sync [1] \u_srx.shifter [7:1] }, Q = \u_srx.shifter).
Adding SRST signal on $flatten\u_srx.$procdff$18569 ($dff) from module top (D = $flatten\u_srx.$procmux$17967_Y, Q = \u_srx.valid, rval = 1'0).
Adding SRST signal on $flatten\safety.supervisor.$procdff$18404 ($dff) from module top (D = $flatten\safety.supervisor.$2$lookahead\seen$5656[2:0]$5911, Q = \safety.supervisor.seen, rval = 3'000).
Adding EN signal on $auto$ff.cc:337:slice$19106 ($sdff) from module top (D = $flatten\safety.supervisor.$or$src/hx_safety.v:237$5943_Y [2:0], Q = \safety.supervisor.seen).
Adding SRST signal on $flatten\u_htx.$procdff$18559 ($dff) from module top (D = $flatten\u_htx.$procmux$17888_Y, Q = \u_htx.tx, rval = 1'1).
Adding SRST signal on $flatten\u_htx.$procdff$18560 ($dff) from module top (D = $flatten\u_htx.$procmux$17927_Y, Q = \u_htx.state, rval = 2'00).
Adding EN signal on $auto$ff.cc:337:slice$19109 ($sdff) from module top (D = $flatten\u_htx.$procmux$17927_Y, Q = \u_htx.state).
Adding SRST signal on $flatten\u_htx.$procdff$18561 ($dff) from module top (D = $flatten\u_htx.$procmux$17874_Y, Q = \u_htx.tick, rval = 9'000000000).
Adding SRST signal on $flatten\u_htx.$procdff$18562 ($dff) from module top (D = $flatten\u_htx.$procmux$17915_Y, Q = \u_htx.bit_idx, rval = 3'000).
Adding EN signal on $auto$ff.cc:337:slice$19126 ($sdff) from module top (D = $flatten\u_htx.$procmux$17915_Y, Q = \u_htx.bit_idx).
Adding EN signal on $flatten\u_htx.$procdff$18563 ($dff) from module top (D = $flatten\u_htx.$procmux$17900_Y, Q = \u_htx.shifter).
Adding SRST signal on $flatten\safety.supervisor.$procdff$18405 ($dff) from module top (D = $flatten\safety.supervisor.$2$lookahead\healthy$5657[2:0]$5912, Q = \safety.supervisor.healthy, rval = 3'000).
Adding EN signal on $auto$ff.cc:337:slice$19149 ($sdff) from module top (D = $flatten\safety.supervisor.$or$src/hx_safety.v:238$5951_Y, Q = \safety.supervisor.healthy).
Adding SRST signal on $flatten\safety.stop_button.$procdff$18498 ($dff) from module top (D = $flatten\safety.stop_button.$procmux$17113_Y, Q = \safety.stop_button.state, rval = 1'0).
Adding EN signal on $auto$ff.cc:337:slice$19151 ($sdff) from module top (D = \safety.stop_button.sync [1], Q = \safety.stop_button.state).
Adding SRST signal on $flatten\safety.stop_button.$procdff$18499 ($dff) from module top (D = $flatten\safety.stop_button.$add$src/button.v:48$4516_Y, Q = \safety.stop_button.cnt, rval = 16'0000000000000000).
Adding SRST signal on $flatten\safety.stop_button.$procdff$18500 ($dff) from module top (D = { \safety.stop_button.sync [0] \key2 }, Q = \safety.stop_button.sync, rval = 2'00).
Adding SRST signal on $flatten\safety.supervisor.$procdff$18409 ($dff) from module top (D = $flatten\safety.supervisor.$2$lookahead\window_valid$5659[2:0]$5990, Q = \safety.supervisor.window_valid, rval = 3'000).
Adding EN signal on $auto$ff.cc:337:slice$19161 ($sdff) from module top (D = $flatten\safety.supervisor.$6$lookahead\window_valid$5659[2:0]$6100, Q = \safety.supervisor.window_valid).
Adding SRST signal on $flatten\safety.supervisor.$procdff$18408 ($dff) from module top (D = $flatten\safety.supervisor.$procmux$9669_Y, Q = \safety.supervisor.stop_age, rval = 22'0000000000000000000000).
Adding SRST signal on $flatten\safety.supervisor.$procdff$18407 ($dff) from module top (D = $flatten\safety.supervisor.$5$lookahead\expected_off$5653[2:0]$5883, Q = \safety.supervisor.expected_off, rval = 3'000).
Adding SRST signal on $flatten\safety.supervisor.$procdff$18406 ($dff) from module top (D = $flatten\safety.supervisor.$5$lookahead\expected$5652[2:0]$5882, Q = \safety.supervisor.expected, rval = 3'000).
Adding EN signal on $flatten\safety.supervisor.$procdff$18398 ($dff) from module top (D = $flatten\safety.supervisor.$or$src/hx_safety.v:235$5923_Y, Q = \safety.supervisor.positions).
Adding SRST signal on $flatten\safety.supervisor.$procdff$18484 ($dff) from module top (D = $flatten\safety.supervisor.$procmux$10415_Y, Q = \safety.supervisor.rx_age, rval = 16'0000000000000000).
Adding EN signal on $auto$ff.cc:337:slice$19177 ($sdff) from module top (D = $flatten\safety.supervisor.$add$src/hx_safety.v:151$5510_Y [15:0], Q = \safety.supervisor.rx_age).
Adding EN signal on $flatten\safety.supervisor.$procdff$18489 ($dff) from module top (D = $flatten\safety.supervisor.$procmux$10382_Y, Q = \safety.supervisor.decoded_reason).
Adding SRST signal on $auto$ff.cc:337:slice$19181 ($dffe) from module top (D = $flatten\safety.supervisor.$procmux$10370_Y [7:3], Q = \safety.supervisor.decoded_reason [7:3], rval = 5'00000).
Adding SRST signal on $auto$ff.cc:337:slice$19181 ($dffe) from module top (D = $flatten\safety.supervisor.$procmux$10376_Y [2:1], Q = \safety.supervisor.decoded_reason [2:1], rval = 2'01).
Adding SRST signal on $auto$ff.cc:337:slice$19181 ($dffe) from module top (D = $flatten\safety.supervisor.$procmux$10379_Y [0], Q = \safety.supervisor.decoded_reason [0], rval = 1'0).
Adding SRST signal on $flatten\u_hrx.$procdff$18396 ($dff) from module top (D = { \u_hrx.sync [0] \host_rx }, Q = \u_hrx.sync, rval = 2'11).
Setting constant 1-bit at position 0 on $auto$ff.cc:337:slice$18941 ($dffe) from module top.
Setting constant 1-bit at position 1 on $auto$ff.cc:337:slice$18941 ($dffe) from module top.
Setting constant 1-bit at position 2 on $auto$ff.cc:337:slice$18941 ($dffe) from module top.
Setting constant 0-bit at position 3 on $auto$ff.cc:337:slice$18941 ($dffe) from module top.
Setting constant 0-bit at position 4 on $auto$ff.cc:337:slice$18941 ($dffe) from module top.
Setting constant 0-bit at position 5 on $auto$ff.cc:337:slice$18941 ($dffe) from module top.
Setting constant 0-bit at position 6 on $auto$ff.cc:337:slice$18941 ($dffe) from module top.
Setting constant 0-bit at position 7 on $auto$ff.cc:337:slice$18941 ($dffe) from module top.
Setting constant 0-bit at position 0 on $auto$ff.cc:337:slice$18936 ($dffe) from module top.
Setting constant 0-bit at position 1 on $auto$ff.cc:337:slice$18936 ($dffe) from module top.
Setting constant 0-bit at position 2 on $auto$ff.cc:337:slice$18936 ($dffe) from module top.
Setting constant 0-bit at position 3 on $auto$ff.cc:337:slice$18936 ($dffe) from module top.
Setting constant 1-bit at position 4 on $auto$ff.cc:337:slice$18936 ($dffe) from module top.
Setting constant 0-bit at position 5 on $auto$ff.cc:337:slice$18936 ($dffe) from module top.
Setting constant 1-bit at position 6 on $auto$ff.cc:337:slice$18936 ($dffe) from module top.
Setting constant 1-bit at position 7 on $auto$ff.cc:337:slice$18936 ($dffe) from module top.
Setting constant 0-bit at position 0 on $auto$ff.cc:337:slice$18931 ($dffe) from module top.
Setting constant 1-bit at position 1 on $auto$ff.cc:337:slice$18931 ($dffe) from module top.
Setting constant 1-bit at position 2 on $auto$ff.cc:337:slice$18931 ($dffe) from module top.
Setting constant 1-bit at position 3 on $auto$ff.cc:337:slice$18931 ($dffe) from module top.
Setting constant 1-bit at position 4 on $auto$ff.cc:337:slice$18931 ($dffe) from module top.
Setting constant 1-bit at position 5 on $auto$ff.cc:337:slice$18931 ($dffe) from module top.
Setting constant 1-bit at position 6 on $auto$ff.cc:337:slice$18931 ($dffe) from module top.
Setting constant 0-bit at position 7 on $auto$ff.cc:337:slice$18931 ($dffe) from module top.
Setting constant 0-bit at position 0 on $auto$ff.cc:337:slice$18926 ($dffe) from module top.
Setting constant 1-bit at position 1 on $auto$ff.cc:337:slice$18926 ($dffe) from module top.
Setting constant 0-bit at position 2 on $auto$ff.cc:337:slice$18926 ($dffe) from module top.
Setting constant 1-bit at position 3 on $auto$ff.cc:337:slice$18926 ($dffe) from module top.
Setting constant 1-bit at position 4 on $auto$ff.cc:337:slice$18926 ($dffe) from module top.
Setting constant 0-bit at position 5 on $auto$ff.cc:337:slice$18926 ($dffe) from module top.
Setting constant 1-bit at position 6 on $auto$ff.cc:337:slice$18926 ($dffe) from module top.
Setting constant 0-bit at position 7 on $auto$ff.cc:337:slice$18926 ($dffe) from module top.
Setting constant 0-bit at position 0 on $auto$ff.cc:337:slice$18921 ($dffe) from module top.
Setting constant 0-bit at position 1 on $auto$ff.cc:337:slice$18921 ($dffe) from module top.
Setting constant 1-bit at position 2 on $auto$ff.cc:337:slice$18921 ($dffe) from module top.
Setting constant 1-bit at position 3 on $auto$ff.cc:337:slice$18921 ($dffe) from module top.
Setting constant 1-bit at position 4 on $auto$ff.cc:337:slice$18921 ($dffe) from module top.
Setting constant 1-bit at position 5 on $auto$ff.cc:337:slice$18921 ($dffe) from module top.
Setting constant 0-bit at position 6 on $auto$ff.cc:337:slice$18921 ($dffe) from module top.
Setting constant 0-bit at position 7 on $auto$ff.cc:337:slice$18921 ($dffe) from module top.
Setting constant 0-bit at position 0 on $auto$ff.cc:337:slice$18916 ($dffe) from module top.
Setting constant 0-bit at position 1 on $auto$ff.cc:337:slice$18916 ($dffe) from module top.
Setting constant 0-bit at position 2 on $auto$ff.cc:337:slice$18916 ($dffe) from module top.
Setting constant 0-bit at position 3 on $auto$ff.cc:337:slice$18916 ($dffe) from module top.
Setting constant 0-bit at position 4 on $auto$ff.cc:337:slice$18916 ($dffe) from module top.
Setting constant 0-bit at position 5 on $auto$ff.cc:337:slice$18916 ($dffe) from module top.
Setting constant 0-bit at position 6 on $auto$ff.cc:337:slice$18916 ($dffe) from module top.
Setting constant 0-bit at position 7 on $auto$ff.cc:337:slice$18916 ($dffe) from module top.
Setting constant 0-bit at position 3 on $auto$ff.cc:337:slice$18911 ($dffe) from module top.
Setting constant 0-bit at position 4 on $auto$ff.cc:337:slice$18911 ($dffe) from module top.
Setting constant 0-bit at position 5 on $auto$ff.cc:337:slice$18911 ($dffe) from module top.
Setting constant 0-bit at position 6 on $auto$ff.cc:337:slice$18911 ($dffe) from module top.
Setting constant 0-bit at position 7 on $auto$ff.cc:337:slice$18911 ($dffe) from module top.
Setting constant 0-bit at position 0 on $auto$ff.cc:337:slice$18906 ($dffe) from module top.
Setting constant 0-bit at position 1 on $auto$ff.cc:337:slice$18906 ($dffe) from module top.
Setting constant 0-bit at position 2 on $auto$ff.cc:337:slice$18906 ($dffe) from module top.
Setting constant 0-bit at position 3 on $auto$ff.cc:337:slice$18906 ($dffe) from module top.
Setting constant 0-bit at position 4 on $auto$ff.cc:337:slice$18906 ($dffe) from module top.
Setting constant 0-bit at position 5 on $auto$ff.cc:337:slice$18906 ($dffe) from module top.
Setting constant 0-bit at position 6 on $auto$ff.cc:337:slice$18906 ($dffe) from module top.
Setting constant 0-bit at position 7 on $auto$ff.cc:337:slice$18906 ($dffe) from module top.
Setting constant 0-bit at position 3 on $auto$ff.cc:337:slice$18901 ($dffe) from module top.
Setting constant 0-bit at position 4 on $auto$ff.cc:337:slice$18901 ($dffe) from module top.
Setting constant 0-bit at position 5 on $auto$ff.cc:337:slice$18901 ($dffe) from module top.
Setting constant 0-bit at position 6 on $auto$ff.cc:337:slice$18901 ($dffe) from module top.
Setting constant 0-bit at position 7 on $auto$ff.cc:337:slice$18901 ($dffe) from module top.
Setting constant 0-bit at position 1 on $auto$ff.cc:337:slice$18886 ($dffe) from module top.
Setting constant 0-bit at position 2 on $auto$ff.cc:337:slice$18886 ($dffe) from module top.
Setting constant 0-bit at position 3 on $auto$ff.cc:337:slice$18886 ($dffe) from module top.
Setting constant 0-bit at position 4 on $auto$ff.cc:337:slice$18886 ($dffe) from module top.
Setting constant 0-bit at position 5 on $auto$ff.cc:337:slice$18886 ($dffe) from module top.
Setting constant 0-bit at position 6 on $auto$ff.cc:337:slice$18886 ($dffe) from module top.
Setting constant 0-bit at position 7 on $auto$ff.cc:337:slice$18886 ($dffe) from module top.
Setting constant 1-bit at position 0 on $auto$ff.cc:337:slice$18881 ($dffe) from module top.
Setting constant 1-bit at position 1 on $auto$ff.cc:337:slice$18881 ($dffe) from module top.
Setting constant 0-bit at position 2 on $auto$ff.cc:337:slice$18881 ($dffe) from module top.
Setting constant 0-bit at position 3 on $auto$ff.cc:337:slice$18881 ($dffe) from module top.
Setting constant 0-bit at position 4 on $auto$ff.cc:337:slice$18881 ($dffe) from module top.
Setting constant 0-bit at position 5 on $auto$ff.cc:337:slice$18881 ($dffe) from module top.
Setting constant 0-bit at position 6 on $auto$ff.cc:337:slice$18881 ($dffe) from module top.
Setting constant 0-bit at position 7 on $auto$ff.cc:337:slice$18881 ($dffe) from module top.
Setting constant 0-bit at position 0 on $auto$ff.cc:337:slice$18876 ($dffe) from module top.
Setting constant 0-bit at position 1 on $auto$ff.cc:337:slice$18876 ($dffe) from module top.
Setting constant 0-bit at position 2 on $auto$ff.cc:337:slice$18876 ($dffe) from module top.
Setting constant 0-bit at position 3 on $auto$ff.cc:337:slice$18876 ($dffe) from module top.
Setting constant 0-bit at position 4 on $auto$ff.cc:337:slice$18876 ($dffe) from module top.
Setting constant 0-bit at position 5 on $auto$ff.cc:337:slice$18876 ($dffe) from module top.
Setting constant 0-bit at position 6 on $auto$ff.cc:337:slice$18876 ($dffe) from module top.
Setting constant 0-bit at position 7 on $auto$ff.cc:337:slice$18876 ($dffe) from module top.
Setting constant 1-bit at position 0 on $auto$ff.cc:337:slice$18871 ($dffe) from module top.
Setting constant 1-bit at position 1 on $auto$ff.cc:337:slice$18871 ($dffe) from module top.
Setting constant 1-bit at position 2 on $auto$ff.cc:337:slice$18871 ($dffe) from module top.
Setting constant 1-bit at position 3 on $auto$ff.cc:337:slice$18871 ($dffe) from module top.
Setting constant 0-bit at position 4 on $auto$ff.cc:337:slice$18871 ($dffe) from module top.
Setting constant 0-bit at position 5 on $auto$ff.cc:337:slice$18871 ($dffe) from module top.
Setting constant 0-bit at position 6 on $auto$ff.cc:337:slice$18871 ($dffe) from module top.
Setting constant 0-bit at position 7 on $auto$ff.cc:337:slice$18871 ($dffe) from module top.
Setting constant 0-bit at position 0 on $auto$ff.cc:337:slice$18866 ($dffe) from module top.
Setting constant 1-bit at position 1 on $auto$ff.cc:337:slice$18866 ($dffe) from module top.
Setting constant 1-bit at position 2 on $auto$ff.cc:337:slice$18866 ($dffe) from module top.
Setting constant 1-bit at position 3 on $auto$ff.cc:337:slice$18866 ($dffe) from module top.
Setting constant 1-bit at position 4 on $auto$ff.cc:337:slice$18866 ($dffe) from module top.
Setting constant 1-bit at position 5 on $auto$ff.cc:337:slice$18866 ($dffe) from module top.
Setting constant 1-bit at position 6 on $auto$ff.cc:337:slice$18866 ($dffe) from module top.
Setting constant 1-bit at position 7 on $auto$ff.cc:337:slice$18866 ($dffe) from module top.
Setting constant 1-bit at position 0 on $auto$ff.cc:337:slice$18861 ($dffe) from module top.
Setting constant 1-bit at position 1 on $auto$ff.cc:337:slice$18861 ($dffe) from module top.
Setting constant 1-bit at position 2 on $auto$ff.cc:337:slice$18861 ($dffe) from module top.
Setting constant 1-bit at position 3 on $auto$ff.cc:337:slice$18861 ($dffe) from module top.
Setting constant 1-bit at position 4 on $auto$ff.cc:337:slice$18861 ($dffe) from module top.
Setting constant 1-bit at position 5 on $auto$ff.cc:337:slice$18861 ($dffe) from module top.
Setting constant 1-bit at position 6 on $auto$ff.cc:337:slice$18861 ($dffe) from module top.
Setting constant 1-bit at position 7 on $auto$ff.cc:337:slice$18861 ($dffe) from module top.
Setting constant 1-bit at position 0 on $auto$ff.cc:337:slice$18856 ($dffe) from module top.
Setting constant 1-bit at position 1 on $auto$ff.cc:337:slice$18856 ($dffe) from module top.
Setting constant 1-bit at position 2 on $auto$ff.cc:337:slice$18856 ($dffe) from module top.
Setting constant 1-bit at position 3 on $auto$ff.cc:337:slice$18856 ($dffe) from module top.
Setting constant 1-bit at position 4 on $auto$ff.cc:337:slice$18856 ($dffe) from module top.
Setting constant 1-bit at position 5 on $auto$ff.cc:337:slice$18856 ($dffe) from module top.
Setting constant 1-bit at position 6 on $auto$ff.cc:337:slice$18856 ($dffe) from module top.
Setting constant 1-bit at position 7 on $auto$ff.cc:337:slice$18856 ($dffe) from module top.

7.14.7. Executing OPT_CLEAN pass (remove unused cells and wires).
Finding unused cells or wires in module \top..
Removed 211 unused cells and 211 unused wires.
<suppressed ~212 debug messages>

7.14.8. Executing OPT_EXPR pass (perform const folding).
Optimizing module top.
<suppressed ~22 debug messages>

7.14.9. Rerunning OPT passes. (Maybe there is more to do..)

7.14.10. Executing OPT_MUXTREE pass (detect dead branches in mux trees).
Running muxtree optimizer on module \top..
  Creating internal representation of mux trees.
  Evaluating internal representation of mux trees.
  Analyzing evaluation results.
Removed 0 multiplexer ports.
<suppressed ~800 debug messages>

7.14.11. Executing OPT_REDUCE pass (consolidate $*mux and $reduce_* inputs).
  Optimizing cells in module \top.
    New ctrl vector for $pmux cell $procmux$17544: { $eq$src/bridge.v:292$4011_Y $procmux$17546_CMP $procmux$17547_CMP $procmux$17548_CMP $procmux$17549_CMP $procmux$17550_CMP $auto$opt_reduce.cc:137:opt_pmux$19202 $procmux$17552_CMP $procmux$17554_CMP $procmux$17555_CMP $procmux$17556_CMP $procmux$17557_CMP $procmux$17558_CMP $procmux$17560_CMP $procmux$17561_CMP $auto$opt_reduce.cc:137:opt_pmux$19200 }
  Optimizing cells in module \top.
Performed a total of 1 changes.

7.14.12. Executing OPT_MERGE pass (detect identical cells).
Finding identical cells in module `\top'.
Computing hashes of 1413 cells of `\top'.
Finding duplicate cells in `\top'.
Computing hashes of 1355 cells of `\top'.
Finding duplicate cells in `\top'.
Computing hashes of 1348 cells of `\top'.
Finding duplicate cells in `\top'.
<suppressed ~195 debug messages>
Removed a total of 65 cells.

7.14.13. Executing OPT_DFF pass (perform DFF optimizations).

7.14.14. Executing OPT_CLEAN pass (remove unused cells and wires).
Finding unused cells or wires in module \top..
Removed 0 unused cells and 65 unused wires.
<suppressed ~1 debug messages>

7.14.15. Executing OPT_EXPR pass (perform const folding).
Optimizing module top.

7.14.16. Rerunning OPT passes. (Maybe there is more to do..)

7.14.17. Executing OPT_MUXTREE pass (detect dead branches in mux trees).
Running muxtree optimizer on module \top..
  Creating internal representation of mux trees.
  Evaluating internal representation of mux trees.
  Analyzing evaluation results.
Removed 0 multiplexer ports.
<suppressed ~800 debug messages>

7.14.18. Executing OPT_REDUCE pass (consolidate $*mux and $reduce_* inputs).
  Optimizing cells in module \top.
Performed a total of 0 changes.

7.14.19. Executing OPT_MERGE pass (detect identical cells).
Finding identical cells in module `\top'.
Computing hashes of 1348 cells of `\top'.
Finding duplicate cells in `\top'.
Removed a total of 0 cells.

7.14.20. Executing OPT_DFF pass (perform DFF optimizations).

7.14.21. Executing OPT_CLEAN pass (remove unused cells and wires).
Finding unused cells or wires in module \top..

7.14.22. Executing OPT_EXPR pass (perform const folding).
Optimizing module top.

7.14.23. Finished fast OPT passes. (There is nothing left to do.)

7.15. Executing WREDUCE pass (reducing word size of cells).
Removed top 30 address bits (of 32) from memory init port top.$flatten\safety.supervisor.$auto$proc_memwr.cc:45:proc_memwr$18580 (safety.supervisor.feedback_age).
Removed top 30 address bits (of 32) from memory init port top.$flatten\safety.supervisor.$auto$proc_memwr.cc:45:proc_memwr$18583 (safety.supervisor.command_age).
Removed top 30 address bits (of 32) from memory init port top.$flatten\safety.supervisor.$auto$proc_memwr.cc:45:proc_memwr$18584 (safety.supervisor.feedback_age).
Removed top 30 address bits (of 32) from memory init port top.$flatten\safety.supervisor.$auto$proc_memwr.cc:45:proc_memwr$18585 (safety.supervisor.command_age).
Removed top 27 address bits (of 32) from memory read port top.$flatten\safety.supervisor.$memrd$\rb$src/hx_safety.v:235$5920 (safety.supervisor.rb).
Removed top 27 address bits (of 32) from memory read port top.$flatten\safety.supervisor.$memrd$\rb$src/hx_safety.v:235$5919 (safety.supervisor.rb).
Removed top 30 address bits (of 32) from memory read port top.$flatten\safety.supervisor.$memrd$\command_age$src/hx_safety.v:220$5837 (safety.supervisor.command_age).
Removed top 30 address bits (of 32) from memory read port top.$flatten\safety.supervisor.$memrd$\feedback_age$src/hx_safety.v:219$5831 (safety.supervisor.feedback_age).
Removed top 30 address bits (of 32) from memory read port top.$flatten\safety.supervisor.$memrd$\command_age$src/hx_safety.v:220$5825 (safety.supervisor.command_age).
Removed top 30 address bits (of 32) from memory read port top.$flatten\safety.supervisor.$memrd$\feedback_age$src/hx_safety.v:219$5819 (safety.supervisor.feedback_age).
Removed top 30 address bits (of 32) from memory read port top.$flatten\safety.supervisor.$memrd$\command_age$src/hx_safety.v:220$5813 (safety.supervisor.command_age).
Removed top 30 address bits (of 32) from memory read port top.$flatten\safety.supervisor.$memrd$\feedback_age$src/hx_safety.v:219$5807 (safety.supervisor.feedback_age).
Removed top 30 address bits (of 32) from memory read port top.$flatten\safety.supervisor.$memrd$\upper$src/hx_safety.v:196$5644 (safety.supervisor.upper).
Removed top 30 address bits (of 32) from memory read port top.$flatten\safety.supervisor.$memrd$\lower$src/hx_safety.v:195$5641 (safety.supervisor.lower).
Removed top 30 address bits (of 32) from memory read port top.$flatten\safety.supervisor.$memrd$\sample_reason$src/hx_safety.v:193$5637 (safety.supervisor.sample_reason).
Removed top 30 address bits (of 32) from memory read port top.$flatten\safety.supervisor.$memrd$\upper$src/hx_safety.v:196$5624 (safety.supervisor.upper).
Removed top 30 address bits (of 32) from memory read port top.$flatten\safety.supervisor.$memrd$\lower$src/hx_safety.v:195$5621 (safety.supervisor.lower).
Removed top 30 address bits (of 32) from memory read port top.$flatten\safety.supervisor.$memrd$\sample_reason$src/hx_safety.v:193$5617 (safety.supervisor.sample_reason).
Removed top 30 address bits (of 32) from memory read port top.$flatten\safety.supervisor.$memrd$\upper$src/hx_safety.v:196$5604 (safety.supervisor.upper).
Removed top 30 address bits (of 32) from memory read port top.$flatten\safety.supervisor.$memrd$\lower$src/hx_safety.v:195$5601 (safety.supervisor.lower).
Removed top 30 address bits (of 32) from memory read port top.$flatten\safety.supervisor.$memrd$\sample_reason$src/hx_safety.v:193$5597 (safety.supervisor.sample_reason).
Removed top 27 address bits (of 32) from memory read port top.$flatten\safety.supervisor.$memrd$\rb$src/hx_safety.v:175$5585 (safety.supervisor.rb).
Removed top 27 address bits (of 32) from memory read port top.$flatten\safety.supervisor.$memrd$\rb$src/hx_safety.v:175$5583 (safety.supervisor.rb).
Removed top 27 address bits (of 32) from memory read port top.$flatten\safety.supervisor.$memrd$\rb$src/hx_safety.v:174$5581 (safety.supervisor.rb).
Removed top 27 address bits (of 32) from memory read port top.$flatten\safety.supervisor.$memrd$\rb$src/hx_safety.v:174$5580 (safety.supervisor.rb).
Removed top 27 address bits (of 32) from memory read port top.$flatten\safety.supervisor.$memrd$\rb$src/hx_safety.v:173$5578 (safety.supervisor.rb).
Removed top 27 address bits (of 32) from memory read port top.$flatten\safety.supervisor.$memrd$\rb$src/hx_safety.v:171$5574 (safety.supervisor.rb).
Removed top 27 address bits (of 32) from memory read port top.$flatten\safety.supervisor.$memrd$\rb$src/hx_safety.v:169$5565 (safety.supervisor.rb).
Removed top 30 address bits (of 32) from memory init port top.$flatten\safety.supervisor.$auto$proc_memwr.cc:45:proc_memwr$18577 (safety.supervisor.feedback_age).
Removed top 30 address bits (of 32) from memory init port top.$flatten\safety.supervisor.$auto$proc_memwr.cc:45:proc_memwr$18578 (safety.supervisor.command_age).
Removed top 30 address bits (of 32) from memory init port top.$flatten\safety.supervisor.$auto$proc_memwr.cc:45:proc_memwr$18592 (safety.supervisor.command_age).
Removed top 30 address bits (of 32) from memory init port top.$flatten\safety.supervisor.$auto$proc_memwr.cc:45:proc_memwr$18593 (safety.supervisor.command_age).
Removed top 30 address bits (of 32) from memory init port top.$flatten\safety.supervisor.$auto$proc_memwr.cc:45:proc_memwr$18594 (safety.supervisor.command_age).
Removed top 2 address bits (of 7) from memory init port top.$flatten\safety.supervisor.$auto$proc_memwr.cc:45:proc_memwr$18595 (safety.supervisor.rb).
Removed top 30 address bits (of 32) from memory init port top.$flatten\safety.supervisor.$auto$proc_memwr.cc:45:proc_memwr$18582 (safety.supervisor.feedback_age).
Removed top 30 address bits (of 32) from memory init port top.$flatten\safety.supervisor.$auto$proc_memwr.cc:45:proc_memwr$18581 (safety.supervisor.command_age).
Removed top 30 address bits (of 32) from memory init port top.$flatten\safety.supervisor.$auto$proc_memwr.cc:45:proc_memwr$18574 (safety.supervisor.feedback_age).
Removed top 30 address bits (of 32) from memory init port top.$flatten\safety.supervisor.$auto$proc_memwr.cc:45:proc_memwr$18573 (safety.supervisor.sample_reason).
Removed top 30 address bits (of 32) from memory init port top.$flatten\safety.supervisor.$auto$proc_memwr.cc:45:proc_memwr$18579 (safety.supervisor.sample_reason).
Removed top 1 address bits (of 7) from memory init port top.$auto$proc_memwr.cc:45:proc_memwr$18598 (pbuf).
Removed top 26 address bits (of 32) from memory init port top.$auto$proc_memwr.cc:45:proc_memwr$18597 (pbuf).
Removed top 26 address bits (of 32) from memory init port top.$auto$proc_memwr.cc:45:proc_memwr$18596 (pbuf).
Removed top 26 address bits (of 32) from memory init port top.$flatten\safety.supervisor.$auto$mem.cc:351:emit$6268 ($flatten\safety.supervisor.$auto$proc_rom.cc:155:do_switch$6266).
Removed top 30 address bits (of 32) from memory init port top.$flatten\safety.supervisor.$auto$proc_memwr.cc:45:proc_memwr$18571 (safety.supervisor.feedback_age).
Removed top 30 address bits (of 32) from memory init port top.$flatten\safety.supervisor.$auto$proc_memwr.cc:45:proc_memwr$18572 (safety.supervisor.command_age).
Removed top 30 address bits (of 32) from memory init port top.$flatten\safety.supervisor.$auto$proc_memwr.cc:45:proc_memwr$18575 (safety.supervisor.command_age).
Removed top 27 address bits (of 32) from memory init port top.$auto$mem.cc:351:emit$6272 ($auto$proc_rom.cc:155:do_switch$6270).
Removed top 1 address bits (of 7) from memory read port top.$memrd$\pbuf$src/bridge.v:227$3943 (pbuf).
Removed top 26 address bits (of 32) from memory read port top.$memrd$\pbuf$src/bridge.v:230$3946 (pbuf).
Removed top 26 address bits (of 32) from memory read port top.$memrd$\pbuf$src/bridge.v:232$3949 (pbuf).
Removed top 30 address bits (of 32) from memory init port top.$flatten\safety.supervisor.$auto$proc_memwr.cc:45:proc_memwr$18576 (safety.supervisor.sample_reason).
Removed top 26 address bits (of 32) from memory read port top.$memrd$\pbuf$src/bridge.v:84$4027 (pbuf).
Removed top 26 address bits (of 32) from memory read port top.$memrd$\pbuf$src/bridge.v:84$4028 (pbuf).
Removed top 26 address bits (of 32) from memory read port top.$memrd$\pbuf$src/bridge.v:84$4030 (pbuf).
Removed top 26 address bits (of 32) from memory read port top.$memrd$\pbuf$src/bridge.v:84$4032 (pbuf).
Removed top 26 address bits (of 32) from memory read port top.$memrd$\pbuf$src/bridge.v:84$4033 (pbuf).
Removed top 26 address bits (of 32) from memory read port top.$memrd$\pbuf$src/bridge.v:84$4034 (pbuf).
Removed top 26 address bits (of 32) from memory read port top.$memrd$\pbuf$src/bridge.v:84$4035 (pbuf).
Removed top 26 address bits (of 32) from memory read port top.$memrd$\pbuf$src/bridge.v:84$4036 (pbuf).
Removed top 26 address bits (of 32) from memory read port top.$memrd$\pbuf$src/bridge.v:84$4037 (pbuf).
Removed top 26 address bits (of 32) from memory read port top.$memrd$\pbuf$src/bridge.v:84$4038 (pbuf).
Removed top 26 address bits (of 32) from memory read port top.$memrd$\pbuf$src/bridge.v:84$4039 (pbuf).
Removed top 26 address bits (of 32) from memory read port top.$memrd$\pbuf$src/bridge.v:84$4040 (pbuf).
Removed top 26 address bits (of 32) from memory read port top.$memrd$\pbuf$src/bridge.v:84$4041 (pbuf).
Removed top 26 address bits (of 32) from memory read port top.$memrd$\pbuf$src/bridge.v:84$4042 (pbuf).
Removed top 1 bits (of 2) from port B of cell top.$auto$opt_dff.cc:351:make_patterns_logic$19122 ($ne).
Removed top 1 bits (of 2) from port B of cell top.$auto$opt_dff.cc:351:make_patterns_logic$19120 ($ne).
Removed top 1 bits (of 2) from port B of cell top.$auto$opt_dff.cc:351:make_patterns_logic$19118 ($ne).
Removed top 1 bits (of 2) from port B of cell top.$auto$opt_dff.cc:351:make_patterns_logic$19116 ($ne).
Removed top 1 bits (of 2) from port B of cell top.$auto$opt_dff.cc:351:make_patterns_logic$19069 ($ne).
Removed top 1 bits (of 2) from port B of cell top.$auto$opt_dff.cc:351:make_patterns_logic$19067 ($ne).
Removed top 1 bits (of 2) from port B of cell top.$auto$opt_dff.cc:351:make_patterns_logic$19065 ($ne).
Removed top 1 bits (of 2) from port B of cell top.$auto$opt_dff.cc:351:make_patterns_logic$19063 ($ne).
Removed top 1 bits (of 3) from port B of cell top.$auto$opt_dff.cc:351:make_patterns_logic$19005 ($ne).
Removed top 1 bits (of 2) from port B of cell top.$auto$opt_dff.cc:351:make_patterns_logic$19003 ($ne).
Removed top 1 bits (of 2) from port B of cell top.$auto$opt_dff.cc:351:make_patterns_logic$18967 ($ne).
Removed top 1 bits (of 2) from port B of cell top.$auto$opt_dff.cc:351:make_patterns_logic$18965 ($ne).
Removed top 1 bits (of 2) from port B of cell top.$auto$opt_dff.cc:351:make_patterns_logic$18963 ($ne).
Removed top 1 bits (of 2) from port B of cell top.$auto$opt_dff.cc:351:make_patterns_logic$18961 ($ne).
Removed top 1 bits (of 2) from port B of cell top.$auto$opt_dff.cc:351:make_patterns_logic$18822 ($ne).
Removed top 1 bits (of 2) from port B of cell top.$auto$opt_dff.cc:351:make_patterns_logic$18820 ($ne).
Removed top 1 bits (of 2) from port B of cell top.$auto$opt_dff.cc:351:make_patterns_logic$18799 ($ne).
Removed top 1 bits (of 2) from port B of cell top.$auto$opt_dff.cc:351:make_patterns_logic$18769 ($ne).
Removed top 1 bits (of 3) from port B of cell top.$auto$opt_dff.cc:351:make_patterns_logic$18730 ($ne).
Removed top 2 bits (of 3) from port B of cell top.$auto$opt_dff.cc:351:make_patterns_logic$18728 ($ne).
Removed top 2 bits (of 3) from port B of cell top.$auto$opt_dff.cc:351:make_patterns_logic$18726 ($ne).
Removed top 1 bits (of 2) from port B of cell top.$auto$opt_dff.cc:351:make_patterns_logic$18714 ($ne).
Removed top 2 bits (of 4) from port B of cell top.$auto$opt_dff.cc:351:make_patterns_logic$18712 ($ne).
Removed top 3 bits (of 4) from port B of cell top.$auto$opt_dff.cc:351:make_patterns_logic$18710 ($ne).
Removed top 3 bits (of 4) from port B of cell top.$auto$opt_dff.cc:351:make_patterns_logic$18708 ($ne).
Removed top 2 bits (of 3) from port B of cell top.$auto$opt_dff.cc:351:make_patterns_logic$18689 ($ne).
Removed top 3 bits (of 5) from port B of cell top.$auto$opt_dff.cc:351:make_patterns_logic$18687 ($ne).
Removed top 4 bits (of 5) from port B of cell top.$auto$opt_dff.cc:351:make_patterns_logic$18685 ($ne).
Removed top 4 bits (of 5) from port B of cell top.$auto$opt_dff.cc:351:make_patterns_logic$18683 ($ne).
Removed top 1 bits (of 2) from port B of cell top.$auto$opt_dff.cc:351:make_patterns_logic$18662 ($ne).
Removed top 1 bits (of 2) from port B of cell top.$auto$opt_dff.cc:351:make_patterns_logic$18660 ($ne).
Removed top 1 bits (of 2) from port B of cell top.$auto$opt_dff.cc:351:make_patterns_logic$18641 ($ne).
Removed top 1 bits (of 2) from port B of cell top.$auto$opt_dff.cc:351:make_patterns_logic$18637 ($ne).
Removed top 22 bits (of 32) from port B of cell top.$lt$src/bridge.v:99$3837 ($lt).
Removed top 31 bits (of 32) from port B of cell top.$add$src/bridge.v:99$3838 ($add).
Removed top 16 bits (of 32) from port Y of cell top.$add$src/bridge.v:99$3838 ($add).
Removed top 1 bits (of 3) from port B of cell top.$ne$src/bridge.v:102$3842 ($ne).
Removed top 22 bits (of 32) from port B of cell top.$ge$src/bridge.v:102$3850 ($ge).
Removed top 31 bits (of 32) from port B of cell top.$sub$src/bridge.v:169$3891 ($sub).
Removed top 15 bits (of 32) from port Y of cell top.$sub$src/bridge.v:169$3891 ($sub).
Removed top 31 bits (of 32) from port B of cell top.$sub$src/bridge.v:170$3893 ($sub).
Removed top 15 bits (of 32) from port Y of cell top.$sub$src/bridge.v:170$3893 ($sub).
Removed top 1 bits (of 5) from port B of cell top.$eq$src/bridge.v:183$3903 ($eq).
Removed top 31 bits (of 32) from port B of cell top.$add$src/bridge.v:185$3907 ($add).
Removed top 27 bits (of 32) from port Y of cell top.$add$src/bridge.v:185$3907 ($add).
Removed top 5 bits (of 7) from port B of cell top.$eq$src/bridge.v:205$3923 ($eq).
Removed top 4 bits (of 7) from port B of cell top.$add$src/bridge.v:206$3924 ($add).
Removed top 1 bits (of 8) from port Y of cell top.$add$src/bridge.v:206$3924 ($add).
Removed top 1 bits (of 8) from port A of cell top.$add$src/bridge.v:206$3924 ($add).
Removed top 30 bits (of 32) from port B of cell top.$lt$src/bridge.v:207$3925 ($lt).
Removed top 26 bits (of 32) from port B of cell top.$gt$src/bridge.v:207$3926 ($gt).
Removed top 5 bits (of 7) from port B of cell top.$ge$src/bridge.v:209$3929 ($ge).
Removed top 6 bits (of 7) from port B of cell top.$add$src/bridge.v:209$3930 ($add).
Removed top 5 bits (of 7) from port B of cell top.$ne$src/bridge.v:209$3933 ($ne).
Removed top 1 bits (of 7) from port B of cell top.$eq$src/bridge.v:212$3935 ($eq).
Removed top 6 bits (of 7) from port B of cell top.$add$src/bridge.v:229$3944 ($add).
Removed top 7 bits (of 8) from port B of cell top.$add$src/bridge.v:253$3956 ($add).
Removed top 3 bits (of 8) from port A of cell top.$add$src/bridge.v:260$3964 ($add).
Removed top 7 bits (of 8) from port B of cell top.$add$src/bridge.v:260$3964 ($add).
Removed top 2 bits (of 8) from port Y of cell top.$add$src/bridge.v:260$3964 ($add).
Removed top 2 bits (of 8) from port A of cell top.$add$src/bridge.v:260$3965 ($add).
Removed top 5 bits (of 8) from port B of cell top.$add$src/bridge.v:260$3967 ($add).
Removed top 5 bits (of 8) from port B of cell top.$add$src/bridge.v:260$3969 ($add).
Removed top 2 bits (of 8) from port B of cell top.$add$src/bridge.v:260$3971 ($add).
Removed top 1 bits (of 8) from port B of cell top.$add$src/bridge.v:260$3972 ($add).
Removed top 1 bits (of 8) from port B of cell top.$add$src/bridge.v:260$3973 ($add).
Removed top 5 bits (of 8) from port B of cell top.$add$src/bridge.v:260$3975 ($add).
Removed top 31 bits (of 32) from port B of cell top.$add$src/bridge.v:291$4010 ($add).
Removed top 24 bits (of 32) from port Y of cell top.$add$src/bridge.v:291$4010 ($add).
Removed top 31 bits (of 32) from port B of cell top.$add$src/bridge.v:293$4012 ($add).
Removed top 27 bits (of 32) from port Y of cell top.$add$src/bridge.v:293$4012 ($add).
Removed top 7 bits (of 8) from port B of cell top.$add$src/bridge.v:298$4019 ($add).
Removed top 1 bits (of 7) from mux cell top.$procmux$17292 ($mux).
Removed top 1 bits (of 3) from port B of cell top.$procmux$17501_CMP0 ($eq).
Removed top 1 bits (of 3) from mux cell top.$procmux$17506 ($mux).
Removed top 1 bits (of 3) from port B of cell top.$procmux$17527_CMP0 ($eq).
Removed top 1 bits (of 3) from mux cell top.$procmux$17530 ($mux).
Removed top 2 bits (of 3) from port B of cell top.$procmux$17534_CMP0 ($eq).
Removed top 1 bits (of 5) from port B of cell top.$procmux$17548_CMP0 ($eq).
Removed top 1 bits (of 5) from port B of cell top.$procmux$17549_CMP0 ($eq).
Removed top 1 bits (of 5) from port B of cell top.$procmux$17550_CMP0 ($eq).
Removed top 1 bits (of 5) from port B of cell top.$procmux$17551_CMP0 ($eq).
Removed top 1 bits (of 5) from port B of cell top.$procmux$17552_CMP0 ($eq).
Removed top 1 bits (of 5) from port B of cell top.$procmux$17553_CMP0 ($eq).
Removed top 1 bits (of 5) from port B of cell top.$procmux$17554_CMP0 ($eq).
Removed top 1 bits (of 5) from port B of cell top.$procmux$17555_CMP0 ($eq).
Removed top 2 bits (of 5) from port B of cell top.$procmux$17556_CMP0 ($eq).
Removed top 2 bits (of 5) from port B of cell top.$procmux$17557_CMP0 ($eq).
Removed top 2 bits (of 5) from port B of cell top.$procmux$17558_CMP0 ($eq).
Removed top 2 bits (of 5) from port B of cell top.$procmux$17559_CMP0 ($eq).
Removed top 3 bits (of 5) from port B of cell top.$procmux$17560_CMP0 ($eq).
Removed top 3 bits (of 5) from port B of cell top.$procmux$17561_CMP0 ($eq).
Removed top 4 bits (of 5) from port B of cell top.$procmux$17562_CMP0 ($eq).
Removed top 1 bits (of 2) from port B of cell top.$flatten\safety.supervisor.$procmux$10430_CMP0 ($eq).
Removed top 7 bits (of 8) from mux cell top.$flatten\safety.supervisor.$procmux$10379 ($mux).
Removed top 5 bits (of 8) from mux cell top.$flatten\safety.supervisor.$procmux$10376 ($mux).
Removed top 5 bits (of 8) from mux cell top.$flatten\safety.supervisor.$procmux$10373 ($mux).
Removed top 5 bits (of 8) from mux cell top.$flatten\safety.supervisor.$procmux$10370 ($mux).
Removed top 2 bits (of 7) from mux cell top.$flatten\safety.supervisor.$procmux$10299 ($mux).
Removed top 2 bits (of 7) from mux cell top.$flatten\safety.supervisor.$procmux$10263 ($mux).
Removed top 2 bits (of 7) from mux cell top.$flatten\safety.supervisor.$procmux$10207 ($mux).
Removed top 2 bits (of 7) from mux cell top.$flatten\safety.supervisor.$procmux$10178 ($mux).
Removed top 4 bits (of 8) from mux cell top.$flatten\safety.supervisor.$procmux$9970 ($mux).
Removed top 3 bits (of 7) from port B of cell top.$flatten\safety.supervisor.$eq$src/hx_safety.v:274$6231 ($eq).
Removed top 5 bits (of 8) from port B of cell top.$flatten\safety.supervisor.$eq$src/hx_safety.v:274$6230 ($eq).
Removed top 29 bits (of 32) from port B of cell top.$flatten\safety.supervisor.$lt$src/hx_safety.v:48$6228 ($lt).
Removed top 31 bits (of 32) from port B of cell top.$flatten\safety.supervisor.$ge$src/hx_safety.v:48$6227 ($ge).
Removed top 13 bits (of 16) from port B of cell top.$flatten\safety.supervisor.$and$src/hx_safety.v:271$6214 ($and).
Removed top 28 bits (of 32) from port B of cell top.$flatten\safety.supervisor.$lt$src/hx_safety.v:271$6212 ($lt).
Removed top 3 bits (of 7) from port B of cell top.$flatten\safety.supervisor.$eq$src/hx_safety.v:270$6206 ($eq).
Removed top 5 bits (of 8) from port B of cell top.$flatten\safety.supervisor.$eq$src/hx_safety.v:270$6205 ($eq).
Removed top 6 bits (of 8) from port B of cell top.$flatten\safety.supervisor.$eq$src/hx_safety.v:268$6187 ($eq).
Removed top 29 bits (of 32) from port Y of cell top.$flatten\safety.supervisor.$or$src/hx_safety.v:266$6183 ($or).
Removed top 29 bits (of 32) from port A of cell top.$flatten\safety.supervisor.$or$src/hx_safety.v:266$6183 ($or).
Removed top 29 bits (of 32) from port B of cell top.$flatten\safety.supervisor.$or$src/hx_safety.v:266$6183 ($or).
Converting cell top.$flatten\safety.supervisor.$neg$src/hx_safety.v:266$6181 ($neg) from signed to unsigned.
Removed top 1 bits (of 3) from port A of cell top.$flatten\safety.supervisor.$neg$src/hx_safety.v:266$6181 ($neg).
Removed top 29 bits (of 32) from port Y of cell top.$flatten\safety.supervisor.$and$src/hx_safety.v:266$6180 ($and).
Removed top 29 bits (of 32) from port B of cell top.$flatten\safety.supervisor.$and$src/hx_safety.v:266$6180 ($and).
Removed top 25 bits (of 32) from port B of cell top.$flatten\safety.supervisor.$shiftx$src/hx_safety.v:264$6167 ($shiftx).
Removed top 7 bits (of 8) from port B of cell top.$flatten\safety.supervisor.$eq$src/hx_safety.v:261$6137 ($eq).
Removed top 4 bits (of 7) from port B of cell top.$flatten\safety.supervisor.$eq$src/hx_safety.v:259$6116 ($eq).
Removed top 29 bits (of 32) from port Y of cell top.$flatten\safety.supervisor.$or$src/hx_safety.v:258$6114 ($or).
Removed top 29 bits (of 32) from port A of cell top.$flatten\safety.supervisor.$or$src/hx_safety.v:258$6114 ($or).
Removed top 29 bits (of 32) from port B of cell top.$flatten\safety.supervisor.$or$src/hx_safety.v:258$6114 ($or).
Removed top 29 bits (of 32) from port Y of cell top.$flatten\safety.supervisor.$shift$src/hx_safety.v:258$6113 ($shift).
Removed top 29 bits (of 32) from port Y of cell top.$flatten\safety.supervisor.$or$src/hx_safety.v:257$6107 ($or).
Removed top 29 bits (of 32) from port A of cell top.$flatten\safety.supervisor.$or$src/hx_safety.v:257$6107 ($or).
Removed top 29 bits (of 32) from port B of cell top.$flatten\safety.supervisor.$or$src/hx_safety.v:257$6107 ($or).
Removed top 26 bits (of 32) from port B of cell top.$flatten\safety.supervisor.$le$src/hx_safety.v:255$6090 ($le).
Removed top 15 bits (of 32) from port Y of cell top.$flatten\safety.supervisor.$sub$src/hx_safety.v:255$6089 ($sub).
Removed top 20 bits (of 32) from port B of cell top.$flatten\safety.supervisor.$le$src/hx_safety.v:254$6087 ($le).
Removed top 3 bits (of 7) from port B of cell top.$flatten\safety.supervisor.$eq$src/hx_safety.v:252$6056 ($eq).
Removed top 5 bits (of 8) from port B of cell top.$flatten\safety.supervisor.$eq$src/hx_safety.v:252$6054 ($eq).
Removed top 30 bits (of 32) from mux cell top.$flatten\safety.supervisor.$ternary$src/hx_safety.v:247$5991 ($mux).
Removed top 29 bits (of 32) from port Y of cell top.$flatten\safety.supervisor.$or$src/hx_safety.v:245$5962 ($or).
Removed top 29 bits (of 32) from port A of cell top.$flatten\safety.supervisor.$or$src/hx_safety.v:245$5962 ($or).
Removed top 29 bits (of 32) from port B of cell top.$flatten\safety.supervisor.$or$src/hx_safety.v:245$5962 ($or).
Converting cell top.$flatten\safety.supervisor.$neg$src/hx_safety.v:245$5960 ($neg) from signed to unsigned.
Removed top 1 bits (of 3) from port A of cell top.$flatten\safety.supervisor.$neg$src/hx_safety.v:245$5960 ($neg).
Removed top 29 bits (of 32) from port Y of cell top.$flatten\safety.supervisor.$and$src/hx_safety.v:245$5959 ($and).
Removed top 29 bits (of 32) from port B of cell top.$flatten\safety.supervisor.$and$src/hx_safety.v:245$5959 ($and).
Removed top 29 bits (of 32) from port Y of cell top.$flatten\safety.supervisor.$or$src/hx_safety.v:237$5943 ($or).
Removed top 29 bits (of 32) from port A of cell top.$flatten\safety.supervisor.$or$src/hx_safety.v:237$5943 ($or).
Removed top 29 bits (of 32) from port B of cell top.$flatten\safety.supervisor.$or$src/hx_safety.v:237$5943 ($or).
Removed top 29 bits (of 32) from port Y of cell top.$flatten\safety.supervisor.$and$src/hx_safety.v:237$5940 ($and).
Removed top 29 bits (of 32) from port B of cell top.$flatten\safety.supervisor.$and$src/hx_safety.v:237$5940 ($and).
Removed top 26 bits (of 33) from port A of cell top.$flatten\safety.supervisor.$neg$src/hx_safety.v:235$5921 ($neg).
Converting cell top.$flatten\safety.supervisor.$neg$src/hx_safety.v:235$5921 ($neg) from signed to unsigned.
Removed top 1 bits (of 7) from port A of cell top.$flatten\safety.supervisor.$neg$src/hx_safety.v:235$5921 ($neg).
Removed top 29 bits (of 32) from port Y of cell top.$flatten\safety.supervisor.$or$src/hx_safety.v:232$5897 ($or).
Removed top 29 bits (of 32) from port A of cell top.$flatten\safety.supervisor.$or$src/hx_safety.v:232$5897 ($or).
Removed top 29 bits (of 32) from port B of cell top.$flatten\safety.supervisor.$or$src/hx_safety.v:232$5897 ($or).
Removed top 29 bits (of 32) from port Y of cell top.$flatten\safety.supervisor.$and$src/hx_safety.v:232$5894 ($and).
Removed top 29 bits (of 32) from port B of cell top.$flatten\safety.supervisor.$and$src/hx_safety.v:232$5894 ($and).
Removed top 29 bits (of 32) from port Y of cell top.$flatten\safety.supervisor.$or$src/hx_safety.v:231$5890 ($or).
Removed top 29 bits (of 32) from port A of cell top.$flatten\safety.supervisor.$or$src/hx_safety.v:231$5890 ($or).
Removed top 29 bits (of 32) from port B of cell top.$flatten\safety.supervisor.$or$src/hx_safety.v:231$5890 ($or).
Removed top 29 bits (of 32) from port Y of cell top.$flatten\safety.supervisor.$and$src/hx_safety.v:231$5887 ($and).
Removed top 29 bits (of 32) from port B of cell top.$flatten\safety.supervisor.$and$src/hx_safety.v:231$5887 ($and).
Converting cell top.$flatten\safety.supervisor.$neg$src/hx_safety.v:227$5874 ($neg) from signed to unsigned.
Removed top 1 bits (of 3) from port A of cell top.$flatten\safety.supervisor.$neg$src/hx_safety.v:227$5874 ($neg).
Removed top 7 bits (of 8) from port B of cell top.$flatten\safety.supervisor.$eq$src/hx_safety.v:227$5872 ($eq).
Removed top 2 bits (of 8) from port B of cell top.$flatten\safety.supervisor.$eq$src/hx_safety.v:227$5870 ($eq).
Removed top 6 bits (of 8) from port B of cell top.$flatten\safety.supervisor.$eq$src/hx_safety.v:227$5869 ($eq).
Removed top 4 bits (of 8) from port B of cell top.$flatten\safety.supervisor.$eq$src/hx_safety.v:226$5860 ($eq).
Removed top 2 bits (of 8) from port B of cell top.$flatten\safety.supervisor.$eq$src/hx_safety.v:226$5858 ($eq).
Removed top 29 bits (of 32) from port B of cell top.$flatten\safety.supervisor.$lt$src/hx_safety.v:48$5847 ($lt).
Removed top 31 bits (of 32) from port B of cell top.$flatten\safety.supervisor.$ge$src/hx_safety.v:48$5846 ($ge).
Removed top 31 bits (of 32) from port B of cell top.$flatten\safety.supervisor.$add$src/hx_safety.v:220$5838 ($add).
Removed top 8 bits (of 32) from port Y of cell top.$flatten\safety.supervisor.$add$src/hx_safety.v:220$5838 ($add).
Removed top 8 bits (of 32) from port B of cell top.$flatten\safety.supervisor.$lt$src/hx_safety.v:220$5834 ($lt).
Removed top 31 bits (of 32) from port B of cell top.$flatten\safety.supervisor.$add$src/hx_safety.v:219$5832 ($add).
Removed top 8 bits (of 32) from port Y of cell top.$flatten\safety.supervisor.$add$src/hx_safety.v:219$5832 ($add).
Removed top 8 bits (of 32) from port B of cell top.$flatten\safety.supervisor.$lt$src/hx_safety.v:219$5828 ($lt).
Removed top 31 bits (of 32) from port B of cell top.$flatten\safety.supervisor.$add$src/hx_safety.v:220$5826 ($add).
Removed top 8 bits (of 32) from port Y of cell top.$flatten\safety.supervisor.$add$src/hx_safety.v:220$5826 ($add).
Removed top 8 bits (of 32) from port B of cell top.$flatten\safety.supervisor.$lt$src/hx_safety.v:220$5822 ($lt).
Removed top 31 bits (of 32) from port B of cell top.$flatten\safety.supervisor.$add$src/hx_safety.v:219$5820 ($add).
Removed top 8 bits (of 32) from port Y of cell top.$flatten\safety.supervisor.$add$src/hx_safety.v:219$5820 ($add).
Removed top 8 bits (of 32) from port B of cell top.$flatten\safety.supervisor.$lt$src/hx_safety.v:219$5816 ($lt).
Removed top 31 bits (of 32) from port B of cell top.$flatten\safety.supervisor.$add$src/hx_safety.v:220$5814 ($add).
Removed top 8 bits (of 32) from port Y of cell top.$flatten\safety.supervisor.$add$src/hx_safety.v:220$5814 ($add).
Removed top 8 bits (of 32) from port B of cell top.$flatten\safety.supervisor.$lt$src/hx_safety.v:220$5810 ($lt).
Removed top 31 bits (of 32) from port B of cell top.$flatten\safety.supervisor.$add$src/hx_safety.v:219$5808 ($add).
Removed top 8 bits (of 32) from port Y of cell top.$flatten\safety.supervisor.$add$src/hx_safety.v:219$5808 ($add).
Removed top 8 bits (of 32) from port B of cell top.$flatten\safety.supervisor.$lt$src/hx_safety.v:219$5804 ($lt).
Removed top 31 bits (of 32) from port B of cell top.$flatten\safety.supervisor.$sub$src/hx_safety.v:216$5802 ($sub).
Removed top 10 bits (of 32) from port Y of cell top.$flatten\safety.supervisor.$sub$src/hx_safety.v:216$5802 ($sub).
Removed top 8 bits (of 32) from port B of cell top.$flatten\safety.supervisor.$ge$src/hx_safety.v:197$5649 ($ge).
Removed top 8 bits (of 32) from port B of cell top.$flatten\safety.supervisor.$ge$src/hx_safety.v:194$5639 ($ge).
Removed top 8 bits (of 32) from port B of cell top.$flatten\safety.supervisor.$ge$src/hx_safety.v:197$5629 ($ge).
Removed top 8 bits (of 32) from port B of cell top.$flatten\safety.supervisor.$ge$src/hx_safety.v:194$5619 ($ge).
Removed top 8 bits (of 32) from port B of cell top.$flatten\safety.supervisor.$ge$src/hx_safety.v:197$5609 ($ge).
Removed top 8 bits (of 32) from port B of cell top.$flatten\safety.supervisor.$ge$src/hx_safety.v:194$5599 ($ge).
Removed top 31 bits (of 32) from port B of cell top.$flatten\safety.supervisor.$add$src/hx_safety.v:178$5588 ($add).
Removed top 24 bits (of 32) from port Y of cell top.$flatten\safety.supervisor.$add$src/hx_safety.v:178$5588 ($add).
Removed top 16 bits (of 32) from port A of cell top.$flatten\safety.supervisor.$ge$src/hx_safety.v:174$5582 ($ge).
Removed top 21 bits (of 32) from port B of cell top.$flatten\safety.supervisor.$ge$src/hx_safety.v:174$5582 ($ge).
Removed top 25 bits (of 32) from port B of cell top.$flatten\safety.supervisor.$gt$src/hx_safety.v:173$5579 ($gt).
Removed top 25 bits (of 32) from port B of cell top.$flatten\safety.supervisor.$lt$src/hx_safety.v:172$5577 ($lt).
Removed top 26 bits (of 32) from port B of cell top.$flatten\safety.supervisor.$ge$src/hx_safety.v:171$5575 ($ge).
Removed top 2 bits (of 7) from port B of cell top.$flatten\safety.supervisor.$eq$src/hx_safety.v:169$5569 ($eq).
Removed top 29 bits (of 32) from port B of cell top.$flatten\safety.supervisor.$lt$src/hx_safety.v:48$5567 ($lt).
Removed top 31 bits (of 32) from port B of cell top.$flatten\safety.supervisor.$ge$src/hx_safety.v:48$5566 ($ge).
Removed top 4 bits (of 7) from port B of cell top.$flatten\safety.supervisor.$eq$src/hx_safety.v:167$5558 ($eq).
Removed top 24 bits (of 32) from port A of cell top.$flatten\safety.supervisor.$eq$src/hx_safety.v:163$5544 ($eq).
Removed top 30 bits (of 32) from port B of cell top.$flatten\safety.supervisor.$gt$src/hx_safety.v:163$5542 ($gt).
Removed top 29 bits (of 32) from port B of cell top.$flatten\safety.supervisor.$add$src/hx_safety.v:162$5541 ($add).
Removed top 25 bits (of 32) from port Y of cell top.$flatten\safety.supervisor.$add$src/hx_safety.v:162$5541 ($add).
Removed top 1 bits (of 8) from port A of cell top.$flatten\safety.supervisor.$add$src/hx_safety.v:162$5541 ($add).
Removed top 26 bits (of 32) from port B of cell top.$flatten\safety.supervisor.$gt$src/hx_safety.v:161$5539 ($gt).
Removed top 30 bits (of 32) from port B of cell top.$flatten\safety.supervisor.$lt$src/hx_safety.v:161$5538 ($lt).
Removed top 5 bits (of 7) from port B of cell top.$flatten\safety.supervisor.$eq$src/hx_safety.v:160$5533 ($eq).
Removed top 27 bits (of 32) from port B of cell top.$flatten\safety.supervisor.$lt$src/hx_safety.v:158$5528 ($lt).
Removed top 16 bits (of 32) from port B of cell top.$flatten\safety.supervisor.$ge$src/hx_safety.v:152$5511 ($ge).
Removed top 31 bits (of 32) from port B of cell top.$flatten\safety.supervisor.$add$src/hx_safety.v:151$5510 ($add).
Removed top 16 bits (of 32) from port Y of cell top.$flatten\safety.supervisor.$add$src/hx_safety.v:151$5510 ($add).
Removed top 16 bits (of 32) from port B of cell top.$flatten\safety.supervisor.$lt$src/hx_safety.v:151$5509 ($lt).
Removed top 31 bits (of 32) from port B of cell top.$flatten\safety.supervisor.$sub$src/hx_safety.v:144$5493 ($sub).
Removed top 30 bits (of 32) from port Y of cell top.$flatten\safety.supervisor.$sub$src/hx_safety.v:144$5493 ($sub).
Removed top 6 bits (of 8) from port A of cell top.$flatten\safety.supervisor.$sub$src/hx_safety.v:144$5493 ($sub).
Removed top 6 bits (of 8) from port B of cell top.$flatten\safety.supervisor.$ne$src/hx_safety.v:129$5491 ($ne).
Removed top 3 bits (of 7) from port B of cell top.$flatten\safety.supervisor.$ne$src/hx_safety.v:129$5490 ($ne).
Removed top 2 bits (of 8) from port B of cell top.$flatten\safety.supervisor.$eq$src/hx_safety.v:128$5489 ($eq).
Removed top 31 bits (of 32) from port B of cell top.$flatten\safety.supervisor.$gt$src/hx_safety.v:127$5487 ($gt).
Removed top 2 bits (of 8) from port B of cell top.$flatten\safety.supervisor.$eq$src/hx_safety.v:126$5485 ($eq).
Removed top 25 bits (of 32) from port B of cell top.$flatten\safety.supervisor.$shiftx$src/hx_safety.v:122$5475 ($shiftx).
Removed top 25 bits (of 32) from port B of cell top.$flatten\safety.supervisor.$gt$src/hx_safety.v:118$5460 ($gt).
Removed top 3 bits (of 7) from port B of cell top.$flatten\safety.supervisor.$ne$src/hx_safety.v:118$5457 ($ne).
Removed top 2 bits (of 8) from port B of cell top.$flatten\safety.supervisor.$eq$src/hx_safety.v:117$5456 ($eq).
Removed top 6 bits (of 8) from port B of cell top.$flatten\safety.supervisor.$ne$src/hx_safety.v:116$5453 ($ne).
Removed top 6 bits (of 8) from port B of cell top.$flatten\safety.supervisor.$ne$src/hx_safety.v:115$5444 ($ne).
Removed top 7 bits (of 8) from port B of cell top.$flatten\safety.supervisor.$ne$src/hx_safety.v:115$5442 ($ne).
Removed top 28 bits (of 32) from port B of cell top.$flatten\safety.supervisor.$gt$src/hx_safety.v:109$5439 ($gt).
Removed top 29 bits (of 32) from port B of cell top.$flatten\safety.supervisor.$lt$src/hx_safety.v:48$5432 ($lt).
Removed top 31 bits (of 32) from port B of cell top.$flatten\safety.supervisor.$ge$src/hx_safety.v:48$5431 ($ge).
Removed top 31 bits (of 32) from port B of cell top.$flatten\safety.supervisor.$sub$src/hx_safety.v:65$5404 ($sub).
Removed top 30 bits (of 32) from port Y of cell top.$flatten\safety.supervisor.$sub$src/hx_safety.v:65$5404 ($sub).
Removed top 6 bits (of 8) from port A of cell top.$flatten\safety.supervisor.$sub$src/hx_safety.v:65$5404 ($sub).
Removed top 28 bits (of 32) from port B of cell top.$flatten\safety.supervisor.$gt$src/hx_safety.v:109$5400 ($gt).
Removed top 29 bits (of 32) from port B of cell top.$flatten\safety.supervisor.$lt$src/hx_safety.v:48$5393 ($lt).
Removed top 31 bits (of 32) from port B of cell top.$flatten\safety.supervisor.$ge$src/hx_safety.v:48$5392 ($ge).
Removed top 31 bits (of 32) from port B of cell top.$flatten\safety.supervisor.$sub$src/hx_safety.v:65$5365 ($sub).
Removed top 30 bits (of 32) from port Y of cell top.$flatten\safety.supervisor.$sub$src/hx_safety.v:65$5365 ($sub).
Removed top 6 bits (of 8) from port A of cell top.$flatten\safety.supervisor.$sub$src/hx_safety.v:65$5365 ($sub).
Removed top 28 bits (of 32) from port B of cell top.$flatten\safety.supervisor.$gt$src/hx_safety.v:109$5361 ($gt).
Removed top 29 bits (of 32) from port B of cell top.$flatten\safety.supervisor.$lt$src/hx_safety.v:48$5354 ($lt).
Removed top 31 bits (of 32) from port B of cell top.$flatten\safety.supervisor.$ge$src/hx_safety.v:48$5353 ($ge).
Removed top 31 bits (of 32) from port B of cell top.$flatten\safety.supervisor.$sub$src/hx_safety.v:65$5326 ($sub).
Removed top 30 bits (of 32) from port Y of cell top.$flatten\safety.supervisor.$sub$src/hx_safety.v:65$5326 ($sub).
Removed top 6 bits (of 8) from port A of cell top.$flatten\safety.supervisor.$sub$src/hx_safety.v:65$5326 ($sub).
Removed top 28 bits (of 32) from port B of cell top.$flatten\safety.supervisor.$le$src/hx_safety.v:106$5288 ($le).
Removed top 28 bits (of 32) from port B of cell top.$flatten\safety.supervisor.$ge$src/hx_safety.v:106$5286 ($ge).
Removed top 28 bits (of 32) from port B of cell top.$flatten\safety.supervisor.$gt$src/hx_safety.v:102$5276 ($gt).
Removed top 29 bits (of 32) from port B of cell top.$flatten\safety.supervisor.$lt$src/hx_safety.v:48$5269 ($lt).
Removed top 31 bits (of 32) from port B of cell top.$flatten\safety.supervisor.$ge$src/hx_safety.v:48$5268 ($ge).
Removed top 31 bits (of 32) from port B of cell top.$flatten\safety.supervisor.$sub$src/hx_safety.v:65$5241 ($sub).
Removed top 30 bits (of 32) from port Y of cell top.$flatten\safety.supervisor.$sub$src/hx_safety.v:65$5241 ($sub).
Removed top 6 bits (of 8) from port A of cell top.$flatten\safety.supervisor.$sub$src/hx_safety.v:65$5241 ($sub).
Removed top 28 bits (of 32) from port B of cell top.$flatten\safety.supervisor.$gt$src/hx_safety.v:102$5237 ($gt).
Removed top 29 bits (of 32) from port B of cell top.$flatten\safety.supervisor.$lt$src/hx_safety.v:48$5230 ($lt).
Removed top 31 bits (of 32) from port B of cell top.$flatten\safety.supervisor.$ge$src/hx_safety.v:48$5229 ($ge).
Removed top 31 bits (of 32) from port B of cell top.$flatten\safety.supervisor.$sub$src/hx_safety.v:65$5202 ($sub).
Removed top 30 bits (of 32) from port Y of cell top.$flatten\safety.supervisor.$sub$src/hx_safety.v:65$5202 ($sub).
Removed top 6 bits (of 8) from port A of cell top.$flatten\safety.supervisor.$sub$src/hx_safety.v:65$5202 ($sub).
Removed top 27 bits (of 32) from port B of cell top.$flatten\safety.supervisor.$le$src/hx_safety.v:99$5094 ($le).
Removed top 2 bits (of 8) from port B of cell top.$flatten\safety.supervisor.$eq$src/hx_safety.v:98$5089 ($eq).
Removed top 6 bits (of 8) from port B of cell top.$flatten\safety.supervisor.$eq$src/hx_safety.v:97$5087 ($eq).
Removed top 30 bits (of 32) from port B of cell top.$flatten\safety.supervisor.$eq$src/hx_safety.v:70$5069 ($eq).
Removed top 28 bits (of 32) from port B of cell top.$flatten\safety.supervisor.$eq$src/hx_safety.v:69$5061 ($eq).
Removed top 29 bits (of 32) from port B of cell top.$flatten\safety.supervisor.$eq$src/hx_safety.v:69$5060 ($eq).
Removed top 31 bits (of 32) from port B of cell top.$flatten\safety.supervisor.$sub$src/hx_safety.v:65$5043 ($sub).
Removed top 30 bits (of 32) from port Y of cell top.$flatten\safety.supervisor.$sub$src/hx_safety.v:65$5043 ($sub).
Removed top 6 bits (of 8) from port A of cell top.$flatten\safety.supervisor.$sub$src/hx_safety.v:65$5043 ($sub).
Removed top 29 bits (of 32) from port B of cell top.$flatten\safety.supervisor.$sub$src/hx_safety.v:96$5041 ($sub).
Removed top 24 bits (of 32) from port Y of cell top.$flatten\safety.supervisor.$sub$src/hx_safety.v:96$5041 ($sub).
Removed top 28 bits (of 32) from port B of cell top.$flatten\safety.supervisor.$ge$src/hx_safety.v:95$4958 ($ge).
Removed top 6 bits (of 8) from port B of cell top.$flatten\safety.supervisor.$eq$src/hx_safety.v:95$4957 ($eq).
Removed top 4 bits (of 7) from port B of cell top.$flatten\safety.supervisor.$eq$src/hx_safety.v:93$4790 ($eq).
Removed top 7 bits (of 8) from port B of cell top.$flatten\safety.supervisor.$eq$src/hx_safety.v:93$4789 ($eq).
Removed top 3 bits (of 7) from port B of cell top.$flatten\safety.supervisor.$eq$src/hx_safety.v:77$4618 ($eq).
Removed top 5 bits (of 8) from port B of cell top.$flatten\safety.supervisor.$add$src/hx_safety.v:51$4602 ($add).
Removed top 25 bits (of 32) from port B of cell top.$flatten\safety.supervisor.$le$src/hx_safety.v:50$4596 ($le).
Removed top 29 bits (of 32) from port B of cell top.$flatten\safety.supervisor.$ge$src/hx_safety.v:50$4595 ($ge).
Removed top 31 bits (of 32) from port B of cell top.$flatten\safety.supervisor.$sub$src/hx_safety.v:43$4594 ($sub).
Removed top 30 bits (of 32) from port Y of cell top.$flatten\safety.supervisor.$sub$src/hx_safety.v:43$4594 ($sub).
Removed top 6 bits (of 8) from port A of cell top.$flatten\safety.supervisor.$sub$src/hx_safety.v:43$4594 ($sub).
Removed top 1 bits (of 2) from port B of cell top.$flatten\u_htx.$procmux$17939_CMP0 ($eq).
Removed top 1 bits (of 2) from port B of cell top.$flatten\u_srx.$procmux$18031_CMP0 ($eq).
Removed top 1 bits (of 6) from port B of cell top.$flatten\u_srx.$eq$src/uart_rx.v:76$4484 ($eq).
Removed top 1 bits (of 2) from port B of cell top.$flatten\u_stx.$procmux$6341_CMP0 ($eq).
Removed top 1 bits (of 2) from port B of cell top.$flatten\u_hrx.$procmux$6360_CMP0 ($eq).
Removed top 1 bits (of 9) from port B of cell top.$flatten\u_hrx.$eq$src/uart_rx.v:76$4452 ($eq).
Removed top 6 bits (of 8) from FF cell top.$auto$ff.cc:337:slice$18694 ($dffe).
Removed top 1 bits (of 7) from mux cell top.$procmux$17250 ($mux).
Removed top 29 bits (of 32) from port Y of cell top.$flatten\safety.supervisor.$and$src/hx_safety.v:258$6111 ($and).
Removed top 29 bits (of 32) from port B of cell top.$flatten\safety.supervisor.$and$src/hx_safety.v:258$6111 ($and).
Removed top 29 bits (of 32) from port Y of cell top.$flatten\safety.supervisor.$shift$src/hx_safety.v:245$5961 ($shift).
Removed top 29 bits (of 32) from port Y of cell top.$flatten\safety.supervisor.$not$src/hx_safety.v:245$5958 ($not).
Removed top 29 bits (of 32) from port A of cell top.$flatten\safety.supervisor.$not$src/hx_safety.v:245$5958 ($not).
Removed top 29 bits (of 32) from port Y of cell top.$flatten\safety.supervisor.$shift$src/hx_safety.v:245$5957 ($shift).
Removed top 1 bits (of 7) from mux cell top.$procmux$17160 ($mux).
Removed top 29 bits (of 32) from port Y of cell top.$flatten\safety.supervisor.$not$src/hx_safety.v:266$6179 ($not).
Removed top 29 bits (of 32) from port A of cell top.$flatten\safety.supervisor.$not$src/hx_safety.v:266$6179 ($not).
Removed top 29 bits (of 32) from port Y of cell top.$flatten\safety.supervisor.$shift$src/hx_safety.v:266$6182 ($shift).
Removed top 5 bits (of 8) from wire top.$flatten\safety.supervisor.$procmux$10373_Y.
Removed top 7 bits (of 8) from wire top.$flatten\safety.supervisor.$procmux$10379_Y.
Removed top 30 bits (of 32) from wire top.$flatten\safety.supervisor.$sub$src/hx_safety.v:65$5163_Y.
Removed top 4 bits (of 8) from wire top.$flatten\safety.supervisor.$5\trip_reason[7:0].
Removed top 30 bits (of 32) from wire top.$flatten\safety.supervisor.$sub$src/hx_safety.v:65$5241_Y.
Removed top 30 bits (of 32) from wire top.$flatten\safety.supervisor.$sub$src/hx_safety.v:65$5404_Y.
Removed top 5 bits (of 8) from wire top.$flatten\safety.supervisor.$procmux$10370_Y.
Removed top 5 bits (of 8) from wire top.$flatten\safety.supervisor.$procmux$10376_Y.
Removed top 29 bits (of 32) from wire top.$flatten\safety.supervisor.$or$src/hx_safety.v:266$6183_Y.
Removed top 10 bits (of 32) from wire top.$flatten\safety.supervisor.$sub$src/hx_safety.v:216$5802_Y.
Removed top 29 bits (of 32) from wire top.$flatten\safety.supervisor.$and$src/hx_safety.v:266$6180_Y.
Removed top 8 bits (of 32) from wire top.$flatten\safety.supervisor.$add$src/hx_safety.v:219$5808_Y.
Removed top 8 bits (of 32) from wire top.$flatten\safety.supervisor.$add$src/hx_safety.v:220$5814_Y.
Removed top 8 bits (of 32) from wire top.$flatten\safety.supervisor.$add$src/hx_safety.v:219$5820_Y.
Removed top 8 bits (of 32) from wire top.$flatten\safety.supervisor.$add$src/hx_safety.v:220$5826_Y.
Removed top 24 bits (of 32) from wire top.$flatten\safety.supervisor.$add$src/hx_safety.v:163$5543_Y.
Removed top 8 bits (of 32) from wire top.$flatten\safety.supervisor.$add$src/hx_safety.v:219$5832_Y.
Removed top 25 bits (of 32) from wire top.$flatten\safety.supervisor.$add$src/hx_safety.v:162$5541_Y.
Removed top 8 bits (of 32) from wire top.$flatten\safety.supervisor.$add$src/hx_safety.v:220$5838_Y.
Removed top 1 bits (of 3) from wire top.$procmux$17530_Y.
Removed top 1 bits (of 3) from wire top.$procmux$17506_Y.
Removed top 29 bits (of 32) from wire top.$flatten\safety.supervisor.$shift$src/hx_safety.v:231$5885_Y.
Removed top 29 bits (of 32) from wire top.$flatten\safety.supervisor.$not$src/hx_safety.v:231$5886_Y.
Removed top 29 bits (of 32) from wire top.$flatten\safety.supervisor.$and$src/hx_safety.v:231$5887_Y.
Removed top 29 bits (of 32) from wire top.$flatten\safety.supervisor.$or$src/hx_safety.v:258$6114_Y.
Removed top 29 bits (of 32) from wire top.$flatten\safety.supervisor.$shift$src/hx_safety.v:231$5889_Y.
Removed top 29 bits (of 32) from wire top.$flatten\safety.supervisor.$shift$src/hx_safety.v:258$6113_Y.
Removed top 29 bits (of 32) from wire top.$flatten\safety.supervisor.$or$src/hx_safety.v:231$5890_Y.
Removed top 29 bits (of 32) from wire top.$flatten\safety.supervisor.$and$src/hx_safety.v:232$5894_Y.
Removed top 29 bits (of 32) from wire top.$flatten\safety.supervisor.$or$src/hx_safety.v:232$5897_Y.
Removed top 29 bits (of 32) from wire top.$flatten\safety.supervisor.$or$src/hx_safety.v:257$6107_Y.
Removed top 30 bits (of 32) from wire top.$flatten\safety.supervisor.$sub$src/hx_safety.v:65$5202_Y.
Removed top 29 bits (of 32) from wire top.$flatten\safety.supervisor.$and$src/hx_safety.v:257$6104_Y.
Removed top 29 bits (of 32) from wire top.$flatten\safety.supervisor.$not$src/hx_safety.v:257$6103_Y.
Removed top 29 bits (of 32) from wire top.$flatten\safety.supervisor.$shift$src/hx_safety.v:257$6102_Y.
Removed top 2 bits (of 7) from wire top.$flatten\safety.supervisor.$4$memwr$\rb$src/hx_safety.v:158$4568_ADDR[6:0]$5529.
Removed top 29 bits (of 32) from wire top.$flatten\safety.supervisor.$and$src/hx_safety.v:237$5940_Y.
Removed top 29 bits (of 32) from wire top.$flatten\safety.supervisor.$or$src/hx_safety.v:237$5943_Y.
Removed top 2 bits (of 7) from wire top.$flatten\safety.supervisor.$0$memwr$\rb$src/hx_safety.v:158$4568_ADDR[6:0]$5499.
Removed top 29 bits (of 32) from wire top.$flatten\safety.supervisor.$and$src/hx_safety.v:245$5959_Y.
Removed top 384 bits (of 512) from wire top.safety_packet.
Removed top 53 bits (of 104) from wire top.safety_status.
Removed top 7 bits (of 8) from wire top.local_buf[6].
Removed top 5 bits (of 8) from wire top.local_buf[9].
Removed top 5 bits (of 8) from wire top.local_buf[11].
Removed top 29 bits (of 32) from wire top.$flatten\safety.supervisor.$or$src/hx_safety.v:245$5962_Y.
Removed top 16 bits (of 32) from wire top.$add$src/bridge.v:99$3838_Y.
Removed top 30 bits (of 32) from wire top.$flatten\safety.supervisor.$sub$src/hx_safety.v:65$5365_Y.
Removed top 16 bits (of 32) from wire top.$flatten\safety.supervisor.$add$src/hx_safety.v:151$5510_Y.
Removed top 1 bits (of 7) from wire top.$0$memwr$\pbuf$src/bridge.v:202$3826_ADDR[6:0]$3880.
Removed top 15 bits (of 32) from wire top.$sub$src/bridge.v:169$3891_Y.
Removed top 15 bits (of 32) from wire top.$sub$src/bridge.v:170$3893_Y.
Removed top 27 bits (of 32) from wire top.$add$src/bridge.v:185$3907_Y.
Removed top 1 bits (of 7) from wire top.$2$memwr$\pbuf$src/bridge.v:202$3826_ADDR[6:0]$3910.
Removed top 1 bits (of 7) from wire top.$3$memwr$\pbuf$src/bridge.v:202$3826_ADDR[6:0]$3919.
Removed top 1 bits (of 8) from wire top.$add$src/bridge.v:206$3924_Y.
Removed top 30 bits (of 32) from wire top.$flatten\safety.supervisor.$ternary$src/hx_safety.v:247$5991_Y.
Removed top 2 bits (of 8) from wire top.$add$src/bridge.v:260$3964_Y.
Removed top 2 bits (of 7) from wire top.$flatten\safety.supervisor.$2$memwr$\rb$src/hx_safety.v:158$4568_ADDR[6:0]$5516.
Removed top 24 bits (of 32) from wire top.$add$src/bridge.v:291$4010_Y.
Removed top 27 bits (of 32) from wire top.$add$src/bridge.v:293$4012_Y.
Removed top 2 bits (of 7) from wire top.$flatten\safety.supervisor.$3$memwr$\rb$src/hx_safety.v:158$4568_ADDR[6:0]$5523.

7.16. Executing PEEPOPT pass (run peephole optimizers).
shiftpow2 pattern in top: shift=$flatten\safety.supervisor.$shiftx$src/hx_safety.v:264$6167, index=\safety.supervisor.command_axis, stride=16, width=16, ways=4
shiftpow2 pattern in top: shift=$flatten\safety.supervisor.$shiftx$src/hx_safety.v:122$5475, index=\safety.supervisor.host_axis, stride=16, width=16, ways=4

7.17. Executing OPT_CLEAN pass (remove unused cells and wires).
Finding unused cells or wires in module \top..
Removed 0 unused cells and 65 unused wires.
<suppressed ~1 debug messages>

7.18. Executing SHARE pass (SAT-based resource sharing).
Found 5 cells in module top that may be considered for resource sharing.
  Analyzing resource sharing options for $memrd$\pbuf$src/bridge.v:227$3943 ($memrd):
    Found 1 activation_patterns using ctrl signal { $eq$src/bridge.v:253$3959_Y $logic_and$src/bridge.v:225$3939_Y }.
    No candidates found.
  Analyzing resource sharing options for $auto$mem.cc:305:emit$6271 ($memrd_v2):
    Found 2 activation_patterns using ctrl signal { $eq$src/bridge.v:253$3959_Y $logic_and$src/bridge.v:225$3939_Y $logic_and$src/bridge.v:179$3899_Y }.
    No candidates found.
  Analyzing resource sharing options for $flatten\safety.supervisor.$auto$mem.cc:305:emit$6267 ($memrd_v2):
    Found 35 activation_patterns using ctrl signal { $flatten\safety.supervisor.$logic_and$src/hx_safety.v:102$5239_Y $flatten\safety.supervisor.$logic_and$src/hx_safety.v:102$5278_Y $flatten\safety.supervisor.$eq$src/hx_safety.v:105$5284_Y $flatten\safety.supervisor.$logic_and$src/hx_safety.v:109$5402_Y $flatten\safety.supervisor.$logic_and$src/hx_safety.v:109$5441_Y $flatten\safety.supervisor.$logic_and$src/hx_safety.v:115$5447_Y $flatten\safety.supervisor.$logic_or$src/hx_safety.v:116$5455_Y $flatten\safety.supervisor.$eq$src/hx_safety.v:117$5456_Y $flatten\safety.supervisor.$logic_or$src/hx_safety.v:118$5461_Y $flatten\safety.supervisor.$logic_and$src/hx_safety.v:120$5480_Y $flatten\safety.supervisor.$logic_or$src/hx_safety.v:125$5484_Y $flatten\safety.supervisor.$eq$src/hx_safety.v:126$5485_Y $flatten\safety.supervisor.$eq$src/hx_safety.v:128$5489_Y $flatten\safety.supervisor.$logic_or$src/hx_safety.v:129$5492_Y $flatten\safety.supervisor.$auto$rtlil.cc:3314:And$18111 $flatten\safety.supervisor.$auto$rtlil.cc:3314:And$18127 $flatten\safety.supervisor.$auto$rtlil.cc:3314:And$18141 $flatten\safety.supervisor.$auto$rtlil.cc:3314:And$18216 $flatten\safety.supervisor.$auto$rtlil.cc:3314:And$18242 $flatten\safety.supervisor.$auto$rtlil.cc:3271:ReduceOr$18258 \ptot [6] }.
    No candidates found.
  Analyzing resource sharing options for $flatten\safety.supervisor.$memrd$\lower$src/hx_safety.v:121$5468 ($memrd):
    Found 1 activation_patterns using ctrl signal { $flatten\safety.supervisor.$logic_and$src/hx_safety.v:115$5447_Y $flatten\safety.supervisor.$logic_or$src/hx_safety.v:116$5455_Y $flatten\safety.supervisor.$eq$src/hx_safety.v:117$5456_Y }.
    No candidates found.
  Analyzing resource sharing options for $flatten\safety.supervisor.$memrd$\upper$src/hx_safety.v:122$5476 ($memrd):
    Found 1 activation_patterns using ctrl signal { $flatten\safety.supervisor.$logic_and$src/hx_safety.v:115$5447_Y $flatten\safety.supervisor.$logic_or$src/hx_safety.v:116$5455_Y $flatten\safety.supervisor.$eq$src/hx_safety.v:117$5456_Y }.
    No candidates found.

7.19. Executing TECHMAP pass (map to technology primitives).

7.19.1. Executing Verilog-2005 frontend: /Users/elliot/.local/opt/oss-cad-suite/libexec/../share/yosys/mul2dsp.v
Parsing Verilog input from `/Users/elliot/.local/opt/oss-cad-suite/libexec/../share/yosys/mul2dsp.v' to AST representation.
Generating RTLIL representation for module `\_80_mul'.
Generating RTLIL representation for module `\_90_soft_mul'.
Successfully finished Verilog frontend.

7.19.2. Continuing TECHMAP pass.
No more expansions possible.
<suppressed ~4 debug messages>

7.20. Executing TECHMAP pass (map to technology primitives).

7.20.1. Executing Verilog-2005 frontend: /Users/elliot/.local/opt/oss-cad-suite/libexec/../share/yosys/mul2dsp.v
Parsing Verilog input from `/Users/elliot/.local/opt/oss-cad-suite/libexec/../share/yosys/mul2dsp.v' to AST representation.
Generating RTLIL representation for module `\_80_mul'.
Generating RTLIL representation for module `\_90_soft_mul'.
Successfully finished Verilog frontend.

7.20.2. Continuing TECHMAP pass.
No more expansions possible.
<suppressed ~4 debug messages>

7.21. Executing TECHMAP pass (map to technology primitives).

7.21.1. Executing Verilog-2005 frontend: /Users/elliot/.local/opt/oss-cad-suite/libexec/../share/yosys/mul2dsp.v
Parsing Verilog input from `/Users/elliot/.local/opt/oss-cad-suite/libexec/../share/yosys/mul2dsp.v' to AST representation.
Generating RTLIL representation for module `\_80_mul'.
Generating RTLIL representation for module `\_90_soft_mul'.
Successfully finished Verilog frontend.

7.21.2. Continuing TECHMAP pass.
No more expansions possible.
<suppressed ~4 debug messages>

7.22. Executing TECHMAP pass (map to technology primitives).

7.22.1. Executing Verilog-2005 frontend: /Users/elliot/.local/opt/oss-cad-suite/libexec/../share/yosys/mul2dsp.v
Parsing Verilog input from `/Users/elliot/.local/opt/oss-cad-suite/libexec/../share/yosys/mul2dsp.v' to AST representation.
Generating RTLIL representation for module `\_80_mul'.
Generating RTLIL representation for module `\_90_soft_mul'.
Successfully finished Verilog frontend.

7.22.2. Continuing TECHMAP pass.
No more expansions possible.
<suppressed ~4 debug messages>

7.23. Executing TECHMAP pass (map to technology primitives).

7.23.1. Executing Verilog-2005 frontend: /Users/elliot/.local/opt/oss-cad-suite/libexec/../share/yosys/gowin/dsp_map.v
Parsing Verilog input from `/Users/elliot/.local/opt/oss-cad-suite/libexec/../share/yosys/gowin/dsp_map.v' to AST representation.
Generating RTLIL representation for module `$__MUL9X9'.
Generating RTLIL representation for module `$__MUL18X18'.
Generating RTLIL representation for module `$__MUL36X36'.
Successfully finished Verilog frontend.

7.23.2. Continuing TECHMAP pass.
No more expansions possible.
<suppressed ~5 debug messages>

7.24. Executing ALUMACC pass (create $alu and $macc cells).
Extracting $alu and $macc cells in module top:
  creating $macc model for $flatten\safety.supervisor.$neg$src/hx_safety.v:266$6181 ($neg).
  creating $macc model for $flatten\safety.supervisor.$sub$src/hx_safety.v:255$6089 ($sub).
  creating $macc model for $flatten\safety.supervisor.$neg$src/hx_safety.v:245$5960 ($neg).
  creating $macc model for $flatten\safety.supervisor.$neg$src/hx_safety.v:235$5921 ($neg).
  creating $macc model for $flatten\u_hrx.$add$src/uart_rx.v:112$4461 ($add).
  creating $macc model for $flatten\safety.supervisor.$neg$src/hx_safety.v:227$5874 ($neg).
  creating $macc model for $flatten\safety.supervisor.$add$src/hx_safety.v:220$5838 ($add).
  creating $macc model for $flatten\safety.supervisor.$add$src/hx_safety.v:219$5832 ($add).
  creating $macc model for $flatten\safety.supervisor.$add$src/hx_safety.v:220$5826 ($add).
  creating $macc model for $flatten\safety.supervisor.$add$src/hx_safety.v:219$5820 ($add).
  creating $macc model for $flatten\safety.supervisor.$add$src/hx_safety.v:220$5814 ($add).
  creating $macc model for $flatten\safety.supervisor.$add$src/hx_safety.v:219$5808 ($add).
  creating $macc model for $flatten\safety.supervisor.$sub$src/hx_safety.v:216$5802 ($sub).
  creating $macc model for $flatten\safety.supervisor.$add$src/hx_safety.v:178$5588 ($add).
  creating $macc model for $flatten\safety.supervisor.$add$src/hx_safety.v:169$5570 ($add).
  creating $macc model for $flatten\safety.supervisor.$add$src/hx_safety.v:162$5541 ($add).
  creating $macc model for $flatten\safety.supervisor.$add$src/hx_safety.v:151$5510 ($add).
  creating $macc model for $flatten\safety.supervisor.$sub$src/hx_safety.v:144$5493 ($sub).
  creating $macc model for $flatten\u_hrx.$add$src/uart_rx.v:94$4457 ($add).
  creating $macc model for $flatten\safety.supervisor.$sub$src/hx_safety.v:65$5404 ($sub).
  creating $macc model for $flatten\safety.supervisor.$sub$src/hx_safety.v:65$5365 ($sub).
  creating $macc model for $flatten\safety.supervisor.$sub$src/hx_safety.v:65$5326 ($sub).
  creating $macc model for $flatten\safety.supervisor.$sub$src/hx_safety.v:65$5241 ($sub).
  creating $macc model for $flatten\safety.supervisor.$sub$src/hx_safety.v:65$5202 ($sub).
  creating $macc model for $flatten\safety.supervisor.$sub$src/hx_safety.v:65$5043 ($sub).
  creating $macc model for $flatten\safety.supervisor.$sub$src/hx_safety.v:96$5041 ($sub).
  creating $macc model for $flatten\safety.supervisor.$add$src/hx_safety.v:51$4602 ($add).
  creating $macc model for $flatten\safety.supervisor.$sub$src/hx_safety.v:43$4594 ($sub).
  creating $macc model for $flatten\safety.stop_button.$add$src/button.v:48$4516 ($add).
  creating $macc model for $flatten\u_htx.$add$src/uart_tx.v:91$4507 ($add).
  creating $macc model for $flatten\u_htx.$add$src/uart_tx.v:80$4505 ($add).
  creating $macc model for $flatten\u_srx.$add$src/uart_rx.v:112$4493 ($add).
  creating $macc model for $flatten\u_srx.$add$src/uart_rx.v:94$4489 ($add).
  creating $macc model for $flatten\u_stx.$add$src/uart_tx.v:91$4475 ($add).
  creating $macc model for $flatten\u_stx.$add$src/uart_tx.v:80$4473 ($add).
  creating $macc model for $add$src/bridge.v:53$3832 ($add).
  creating $macc model for $add$src/bridge.v:99$3838 ($add).
  creating $macc model for $sub$src/bridge.v:169$3891 ($sub).
  creating $macc model for $sub$src/bridge.v:170$3893 ($sub).
  creating $macc model for $sub$src/bridge.v:175$3895 ($sub).
  creating $macc model for $add$src/bridge.v:185$3907 ($add).
  creating $macc model for $add$src/bridge.v:203$3922 ($add).
  creating $macc model for $add$src/bridge.v:206$3924 ($add).
  creating $macc model for $add$src/bridge.v:209$3930 ($add).
  creating $macc model for $add$src/bridge.v:229$3944 ($add).
  creating $macc model for $add$src/bridge.v:253$3956 ($add).
  creating $macc model for $add$src/bridge.v:260$3964 ($add).
  creating $macc model for $add$src/bridge.v:260$3965 ($add).
  creating $macc model for $add$src/bridge.v:260$3966 ($add).
  creating $macc model for $add$src/bridge.v:260$3967 ($add).
  creating $macc model for $add$src/bridge.v:260$3969 ($add).
  creating $macc model for $add$src/bridge.v:260$3971 ($add).
  creating $macc model for $add$src/bridge.v:260$3972 ($add).
  creating $macc model for $add$src/bridge.v:260$3973 ($add).
  creating $macc model for $add$src/bridge.v:260$3974 ($add).
  creating $macc model for $add$src/bridge.v:260$3975 ($add).
  creating $macc model for $add$src/bridge.v:291$4010 ($add).
  creating $macc model for $add$src/bridge.v:293$4012 ($add).
  creating $macc model for $add$src/bridge.v:298$4019 ($add).
  creating $macc model for $sub$src/bridge.v:307$4022 ($sub).
  creating $macc model for $add$src/bridge.v:311$4026 ($add).
  merging $macc model for $add$src/bridge.v:260$3974 into $add$src/bridge.v:260$3975.
  merging $macc model for $add$src/bridge.v:260$3973 into $add$src/bridge.v:260$3975.
  merging $macc model for $add$src/bridge.v:260$3972 into $add$src/bridge.v:260$3975.
  merging $macc model for $add$src/bridge.v:260$3971 into $add$src/bridge.v:260$3975.
  merging $macc model for $add$src/bridge.v:260$3969 into $add$src/bridge.v:260$3975.
  merging $macc model for $add$src/bridge.v:260$3967 into $add$src/bridge.v:260$3975.
  merging $macc model for $add$src/bridge.v:260$3966 into $add$src/bridge.v:260$3975.
  merging $macc model for $add$src/bridge.v:260$3965 into $add$src/bridge.v:260$3975.
  merging $macc model for $add$src/bridge.v:260$3964 into $add$src/bridge.v:260$3975.
  creating $alu model for $macc $add$src/bridge.v:291$4010.
  creating $alu model for $macc $add$src/bridge.v:293$4012.
  creating $alu model for $macc $add$src/bridge.v:298$4019.
  creating $alu model for $macc $sub$src/bridge.v:307$4022.
  creating $alu model for $macc $add$src/bridge.v:311$4026.
  creating $alu model for $macc $add$src/bridge.v:253$3956.
  creating $alu model for $macc $add$src/bridge.v:229$3944.
  creating $alu model for $macc $add$src/bridge.v:209$3930.
  creating $alu model for $macc $add$src/bridge.v:206$3924.
  creating $alu model for $macc $add$src/bridge.v:203$3922.
  creating $alu model for $macc $add$src/bridge.v:185$3907.
  creating $alu model for $macc $sub$src/bridge.v:175$3895.
  creating $alu model for $macc $sub$src/bridge.v:170$3893.
  creating $alu model for $macc $sub$src/bridge.v:169$3891.
  creating $alu model for $macc $add$src/bridge.v:99$3838.
  creating $alu model for $macc $add$src/bridge.v:53$3832.
  creating $alu model for $macc $flatten\u_stx.$add$src/uart_tx.v:80$4473.
  creating $alu model for $macc $flatten\u_stx.$add$src/uart_tx.v:91$4475.
  creating $alu model for $macc $flatten\u_srx.$add$src/uart_rx.v:94$4489.
  creating $alu model for $macc $flatten\u_srx.$add$src/uart_rx.v:112$4493.
  creating $alu model for $macc $flatten\u_htx.$add$src/uart_tx.v:80$4505.
  creating $alu model for $macc $flatten\u_htx.$add$src/uart_tx.v:91$4507.
  creating $alu model for $macc $flatten\safety.stop_button.$add$src/button.v:48$4516.
  creating $alu model for $macc $flatten\safety.supervisor.$sub$src/hx_safety.v:43$4594.
  creating $alu model for $macc $flatten\safety.supervisor.$add$src/hx_safety.v:51$4602.
  creating $alu model for $macc $flatten\safety.supervisor.$sub$src/hx_safety.v:96$5041.
  creating $alu model for $macc $flatten\safety.supervisor.$sub$src/hx_safety.v:65$5043.
  creating $alu model for $macc $flatten\safety.supervisor.$sub$src/hx_safety.v:65$5202.
  creating $alu model for $macc $flatten\safety.supervisor.$sub$src/hx_safety.v:65$5241.
  creating $alu model for $macc $flatten\safety.supervisor.$sub$src/hx_safety.v:65$5326.
  creating $alu model for $macc $flatten\safety.supervisor.$sub$src/hx_safety.v:65$5365.
  creating $alu model for $macc $flatten\safety.supervisor.$sub$src/hx_safety.v:65$5404.
  creating $alu model for $macc $flatten\u_hrx.$add$src/uart_rx.v:94$4457.
  creating $alu model for $macc $flatten\safety.supervisor.$sub$src/hx_safety.v:144$5493.
  creating $alu model for $macc $flatten\safety.supervisor.$add$src/hx_safety.v:151$5510.
  creating $alu model for $macc $flatten\safety.supervisor.$add$src/hx_safety.v:162$5541.
  creating $alu model for $macc $flatten\safety.supervisor.$add$src/hx_safety.v:169$5570.
  creating $alu model for $macc $flatten\safety.supervisor.$add$src/hx_safety.v:178$5588.
  creating $alu model for $macc $flatten\safety.supervisor.$sub$src/hx_safety.v:216$5802.
  creating $alu model for $macc $flatten\safety.supervisor.$add$src/hx_safety.v:219$5808.
  creating $alu model for $macc $flatten\safety.supervisor.$add$src/hx_safety.v:220$5814.
  creating $alu model for $macc $flatten\safety.supervisor.$add$src/hx_safety.v:219$5820.
  creating $alu model for $macc $flatten\safety.supervisor.$add$src/hx_safety.v:220$5826.
  creating $alu model for $macc $flatten\safety.supervisor.$add$src/hx_safety.v:219$5832.
  creating $alu model for $macc $flatten\safety.supervisor.$add$src/hx_safety.v:220$5838.
  creating $alu model for $macc $flatten\safety.supervisor.$neg$src/hx_safety.v:227$5874.
  creating $alu model for $macc $flatten\u_hrx.$add$src/uart_rx.v:112$4461.
  creating $alu model for $macc $flatten\safety.supervisor.$neg$src/hx_safety.v:235$5921.
  creating $alu model for $macc $flatten\safety.supervisor.$neg$src/hx_safety.v:245$5960.
  creating $alu model for $macc $flatten\safety.supervisor.$sub$src/hx_safety.v:255$6089.
  creating $alu model for $macc $flatten\safety.supervisor.$neg$src/hx_safety.v:266$6181.
  creating $macc cell for $add$src/bridge.v:260$3975: $auto$alumacc.cc:399:replace_macc$19267
  creating $alu model for $flatten\safety.supervisor.$le$src/hx_safety.v:264$6169 ($le): new $alu
  creating $alu model for $flatten\safety.supervisor.$ge$src/hx_safety.v:263$6163 ($ge): new $alu
  creating $alu model for $flatten\safety.supervisor.$le$src/hx_safety.v:255$6090 ($le): new $alu
  creating $alu model for $flatten\safety.supervisor.$le$src/hx_safety.v:254$6087 ($le): new $alu
  creating $alu model for $flatten\safety.supervisor.$lt$src/hx_safety.v:254$6086 ($lt): merged with $flatten\safety.supervisor.$sub$src/hx_safety.v:255$6089.
  creating $alu model for $flatten\safety.supervisor.$lt$src/hx_safety.v:48$5847 ($lt): new $alu
  creating $alu model for $flatten\safety.supervisor.$ge$src/hx_safety.v:48$5846 ($ge): new $alu
  creating $alu model for $flatten\safety.supervisor.$lt$src/hx_safety.v:220$5834 ($lt): new $alu
  creating $alu model for $flatten\safety.supervisor.$lt$src/hx_safety.v:219$5828 ($lt): new $alu
  creating $alu model for $flatten\safety.supervisor.$lt$src/hx_safety.v:220$5822 ($lt): new $alu
  creating $alu model for $flatten\safety.supervisor.$lt$src/hx_safety.v:219$5816 ($lt): new $alu
  creating $alu model for $flatten\safety.supervisor.$lt$src/hx_safety.v:220$5810 ($lt): new $alu
  creating $alu model for $flatten\safety.supervisor.$lt$src/hx_safety.v:219$5804 ($lt): new $alu
  creating $alu model for $flatten\safety.supervisor.$ge$src/hx_safety.v:197$5649 ($ge): merged with $flatten\safety.supervisor.$lt$src/hx_safety.v:220$5834.
  creating $alu model for $flatten\safety.supervisor.$gt$src/hx_safety.v:196$5645 ($gt): new $alu
  creating $alu model for $flatten\safety.supervisor.$lt$src/hx_safety.v:195$5642 ($lt): new $alu
  creating $alu model for $flatten\safety.supervisor.$ge$src/hx_safety.v:194$5639 ($ge): merged with $flatten\safety.supervisor.$lt$src/hx_safety.v:219$5828.
  creating $alu model for $flatten\safety.supervisor.$ge$src/hx_safety.v:197$5629 ($ge): merged with $flatten\safety.supervisor.$lt$src/hx_safety.v:220$5822.
  creating $alu model for $flatten\safety.supervisor.$gt$src/hx_safety.v:196$5625 ($gt): new $alu
  creating $alu model for $flatten\safety.supervisor.$lt$src/hx_safety.v:195$5622 ($lt): new $alu
  creating $alu model for $flatten\safety.supervisor.$ge$src/hx_safety.v:194$5619 ($ge): merged with $flatten\safety.supervisor.$lt$src/hx_safety.v:219$5816.
  creating $alu model for $flatten\safety.supervisor.$ge$src/hx_safety.v:197$5609 ($ge): merged with $flatten\safety.supervisor.$lt$src/hx_safety.v:220$5810.
  creating $alu model for $flatten\safety.supervisor.$gt$src/hx_safety.v:196$5605 ($gt): new $alu
  creating $alu model for $flatten\safety.supervisor.$lt$src/hx_safety.v:195$5602 ($lt): new $alu
  creating $alu model for $flatten\safety.supervisor.$ge$src/hx_safety.v:194$5599 ($ge): merged with $flatten\safety.supervisor.$lt$src/hx_safety.v:219$5804.
  creating $alu model for $flatten\safety.supervisor.$ge$src/hx_safety.v:174$5582 ($ge): new $alu
  creating $alu model for $flatten\safety.supervisor.$gt$src/hx_safety.v:173$5579 ($gt): new $alu
  creating $alu model for $flatten\safety.supervisor.$lt$src/hx_safety.v:172$5577 ($lt): new $alu
  creating $alu model for $flatten\safety.supervisor.$ge$src/hx_safety.v:171$5575 ($ge): new $alu
  creating $alu model for $flatten\safety.supervisor.$lt$src/hx_safety.v:48$5567 ($lt): new $alu
  creating $alu model for $flatten\safety.supervisor.$ge$src/hx_safety.v:48$5566 ($ge): new $alu
  creating $alu model for $flatten\safety.supervisor.$gt$src/hx_safety.v:163$5542 ($gt): new $alu
  creating $alu model for $flatten\safety.supervisor.$gt$src/hx_safety.v:161$5539 ($gt): new $alu
  creating $alu model for $flatten\safety.supervisor.$lt$src/hx_safety.v:161$5538 ($lt): new $alu
  creating $alu model for $flatten\safety.supervisor.$lt$src/hx_safety.v:158$5528 ($lt): new $alu
  creating $alu model for $flatten\safety.supervisor.$ge$src/hx_safety.v:152$5511 ($ge): new $alu
  creating $alu model for $flatten\safety.supervisor.$lt$src/hx_safety.v:151$5509 ($lt): merged with $flatten\safety.supervisor.$ge$src/hx_safety.v:152$5511.
  creating $alu model for $flatten\safety.supervisor.$gt$src/hx_safety.v:127$5487 ($gt): new $alu
  creating $alu model for $flatten\safety.supervisor.$ge$src/hx_safety.v:122$5477 ($ge): new $alu
  creating $alu model for $flatten\safety.supervisor.$le$src/hx_safety.v:121$5469 ($le): new $alu
  creating $alu model for $flatten\safety.supervisor.$gt$src/hx_safety.v:118$5460 ($gt): new $alu
  creating $alu model for $flatten\safety.supervisor.$gt$src/hx_safety.v:109$5439 ($gt): new $alu
  creating $alu model for $flatten\safety.supervisor.$lt$src/hx_safety.v:48$5432 ($lt): new $alu
  creating $alu model for $flatten\safety.supervisor.$ge$src/hx_safety.v:48$5431 ($ge): new $alu
  creating $alu model for $flatten\safety.supervisor.$gt$src/hx_safety.v:109$5400 ($gt): new $alu
  creating $alu model for $flatten\safety.supervisor.$lt$src/hx_safety.v:48$5393 ($lt): new $alu
  creating $alu model for $flatten\safety.supervisor.$ge$src/hx_safety.v:48$5392 ($ge): new $alu
  creating $alu model for $flatten\safety.supervisor.$gt$src/hx_safety.v:109$5361 ($gt): new $alu
  creating $alu model for $flatten\safety.supervisor.$lt$src/hx_safety.v:48$5354 ($lt): new $alu
  creating $alu model for $flatten\safety.supervisor.$ge$src/hx_safety.v:48$5353 ($ge): new $alu
  creating $alu model for $flatten\safety.supervisor.$le$src/hx_safety.v:106$5288 ($le): new $alu
  creating $alu model for $flatten\safety.supervisor.$ge$src/hx_safety.v:106$5286 ($ge): merged with $flatten\safety.supervisor.$gt$src/hx_safety.v:109$5400.
  creating $alu model for $flatten\safety.supervisor.$gt$src/hx_safety.v:102$5276 ($gt): merged with $flatten\safety.supervisor.$le$src/hx_safety.v:106$5288.
  creating $alu model for $flatten\safety.supervisor.$lt$src/hx_safety.v:48$5269 ($lt): new $alu
  creating $alu model for $flatten\safety.supervisor.$ge$src/hx_safety.v:48$5268 ($ge): new $alu
  creating $alu model for $flatten\safety.supervisor.$gt$src/hx_safety.v:102$5237 ($gt): new $alu
  creating $alu model for $flatten\safety.supervisor.$lt$src/hx_safety.v:48$5230 ($lt): new $alu
  creating $alu model for $flatten\safety.supervisor.$ge$src/hx_safety.v:48$5229 ($ge): new $alu
  creating $alu model for $flatten\safety.supervisor.$le$src/hx_safety.v:99$5094 ($le): new $alu
  creating $alu model for $flatten\safety.supervisor.$ge$src/hx_safety.v:95$4958 ($ge): merged with $flatten\safety.supervisor.$gt$src/hx_safety.v:109$5361.
  creating $alu model for $flatten\safety.supervisor.$le$src/hx_safety.v:50$4596 ($le): new $alu
  creating $alu model for $flatten\safety.supervisor.$ge$src/hx_safety.v:50$4595 ($ge): new $alu
  creating $alu model for $flatten\safety.supervisor.$lt$src/hx_safety.v:271$6212 ($lt): new $alu
  creating $alu model for $lt$src/bridge.v:99$3837 ($lt): new $alu
  creating $alu model for $ge$src/bridge.v:102$3850 ($ge): merged with $lt$src/bridge.v:99$3837.
  creating $alu model for $lt$src/bridge.v:207$3925 ($lt): new $alu
  creating $alu model for $gt$src/bridge.v:207$3926 ($gt): new $alu
  creating $alu model for $ge$src/bridge.v:209$3929 ($ge): new $alu
  creating $alu model for $ge$src/bridge.v:209$3931 ($ge): new $alu
  creating $alu model for $flatten\safety.supervisor.$lt$src/hx_safety.v:48$6228 ($lt): new $alu
  creating $alu model for $flatten\safety.supervisor.$ge$src/hx_safety.v:48$6227 ($ge): merged with $flatten\safety.supervisor.$gt$src/hx_safety.v:127$5487.
  creating $alu model for $flatten\safety.supervisor.$eq$src/hx_safety.v:259$6116 ($eq): merged with $flatten\safety.supervisor.$sub$src/hx_safety.v:96$5041.
  creating $alu model for $flatten\safety.supervisor.$eq$src/hx_safety.v:252$6056 ($eq): merged with $flatten\safety.supervisor.$gt$src/hx_safety.v:109$5439.
  creating $alu model for $flatten\safety.supervisor.$eq$src/hx_safety.v:227$5872 ($eq): merged with $flatten\safety.supervisor.$gt$src/hx_safety.v:127$5487.
  creating $alu model for $flatten\safety.supervisor.$eq$src/hx_safety.v:160$5533 ($eq): merged with $flatten\safety.supervisor.$gt$src/hx_safety.v:163$5542.
  creating $alu model for $flatten\safety.supervisor.$ne$src/hx_safety.v:129$5490 ($ne): merged with $flatten\safety.supervisor.$gt$src/hx_safety.v:109$5361.
  creating $alu model for $flatten\safety.supervisor.$eq$src/hx_safety.v:93$4790 ($eq): merged with $flatten\safety.supervisor.$ge$src/hx_safety.v:50$4595.
  creating $alu model for $flatten\safety.supervisor.$eq$src/hx_safety.v:77$4618 ($eq): merged with $flatten\safety.supervisor.$gt$src/hx_safety.v:102$5237.
  creating $alu model for $eq$src/bridge.v:205$3923 ($eq): merged with $ge$src/bridge.v:209$3929.
  creating $alu model for $ne$src/bridge.v:209$3933 ($ne): merged with $ge$src/bridge.v:209$3929.
  creating $alu model for $flatten\safety.supervisor.$eq$src/hx_safety.v:274$6231 ($eq): merged with $flatten\safety.supervisor.$gt$src/hx_safety.v:109$5361.
  creating $alu cell for $flatten\safety.supervisor.$lt$src/hx_safety.v:48$6228: $auto$alumacc.cc:548:replace_alu$19326
  creating $alu cell for $ge$src/bridge.v:209$3931: $auto$alumacc.cc:548:replace_alu$19331
  creating $alu cell for $ge$src/bridge.v:209$3929, $eq$src/bridge.v:205$3923, $ne$src/bridge.v:209$3933: $auto$alumacc.cc:548:replace_alu$19344
  creating $alu cell for $gt$src/bridge.v:207$3926: $auto$alumacc.cc:548:replace_alu$19359
  creating $alu cell for $lt$src/bridge.v:207$3925: $auto$alumacc.cc:548:replace_alu$19370
  creating $alu cell for $lt$src/bridge.v:99$3837, $ge$src/bridge.v:102$3850: $auto$alumacc.cc:548:replace_alu$19375
  creating $alu cell for $flatten\safety.supervisor.$lt$src/hx_safety.v:271$6212: $auto$alumacc.cc:548:replace_alu$19388
  creating $alu cell for $flatten\safety.supervisor.$ge$src/hx_safety.v:50$4595, $flatten\safety.supervisor.$eq$src/hx_safety.v:93$4790: $auto$alumacc.cc:548:replace_alu$19393
  creating $alu cell for $flatten\safety.supervisor.$le$src/hx_safety.v:50$4596: $auto$alumacc.cc:548:replace_alu$19406
  creating $alu cell for $flatten\safety.supervisor.$le$src/hx_safety.v:99$5094: $auto$alumacc.cc:548:replace_alu$19415
  creating $alu cell for $flatten\safety.supervisor.$ge$src/hx_safety.v:48$5229: $auto$alumacc.cc:548:replace_alu$19424
  creating $alu cell for $flatten\safety.supervisor.$lt$src/hx_safety.v:48$5230: $auto$alumacc.cc:548:replace_alu$19437
  creating $alu cell for $flatten\safety.supervisor.$gt$src/hx_safety.v:102$5237, $flatten\safety.supervisor.$eq$src/hx_safety.v:77$4618: $auto$alumacc.cc:548:replace_alu$19442
  creating $alu cell for $flatten\safety.supervisor.$ge$src/hx_safety.v:48$5268: $auto$alumacc.cc:548:replace_alu$19453
  creating $alu cell for $flatten\safety.supervisor.$lt$src/hx_safety.v:48$5269: $auto$alumacc.cc:548:replace_alu$19466
  creating $alu cell for $flatten\safety.supervisor.$le$src/hx_safety.v:106$5288, $flatten\safety.supervisor.$gt$src/hx_safety.v:102$5276: $auto$alumacc.cc:548:replace_alu$19471
  creating $alu cell for $flatten\safety.supervisor.$ge$src/hx_safety.v:48$5353: $auto$alumacc.cc:548:replace_alu$19484
  creating $alu cell for $flatten\safety.supervisor.$lt$src/hx_safety.v:48$5354: $auto$alumacc.cc:548:replace_alu$19497
  creating $alu cell for $flatten\safety.supervisor.$gt$src/hx_safety.v:109$5361, $flatten\safety.supervisor.$ge$src/hx_safety.v:95$4958, $flatten\safety.supervisor.$ne$src/hx_safety.v:129$5490, $flatten\safety.supervisor.$eq$src/hx_safety.v:274$6231: $auto$alumacc.cc:548:replace_alu$19502
  creating $alu cell for $flatten\safety.supervisor.$ge$src/hx_safety.v:48$5392: $auto$alumacc.cc:548:replace_alu$19517
  creating $alu cell for $flatten\safety.supervisor.$lt$src/hx_safety.v:48$5393: $auto$alumacc.cc:548:replace_alu$19530
  creating $alu cell for $flatten\safety.supervisor.$gt$src/hx_safety.v:109$5400, $flatten\safety.supervisor.$ge$src/hx_safety.v:106$5286: $auto$alumacc.cc:548:replace_alu$19535
  creating $alu cell for $flatten\safety.supervisor.$ge$src/hx_safety.v:48$5431: $auto$alumacc.cc:548:replace_alu$19548
  creating $alu cell for $flatten\safety.supervisor.$lt$src/hx_safety.v:48$5432: $auto$alumacc.cc:548:replace_alu$19561
  creating $alu cell for $flatten\safety.supervisor.$gt$src/hx_safety.v:109$5439, $flatten\safety.supervisor.$eq$src/hx_safety.v:252$6056: $auto$alumacc.cc:548:replace_alu$19566
  creating $alu cell for $flatten\safety.supervisor.$gt$src/hx_safety.v:118$5460: $auto$alumacc.cc:548:replace_alu$19577
  creating $alu cell for $flatten\safety.supervisor.$le$src/hx_safety.v:121$5469: $auto$alumacc.cc:548:replace_alu$19588
  creating $alu cell for $flatten\safety.supervisor.$ge$src/hx_safety.v:122$5477: $auto$alumacc.cc:548:replace_alu$19597
  creating $alu cell for $flatten\safety.supervisor.$gt$src/hx_safety.v:127$5487, $flatten\safety.supervisor.$ge$src/hx_safety.v:48$6227, $flatten\safety.supervisor.$eq$src/hx_safety.v:227$5872: $auto$alumacc.cc:548:replace_alu$19610
  creating $alu cell for $flatten\safety.supervisor.$ge$src/hx_safety.v:152$5511, $flatten\safety.supervisor.$lt$src/hx_safety.v:151$5509: $auto$alumacc.cc:548:replace_alu$19623
  creating $alu cell for $flatten\safety.supervisor.$lt$src/hx_safety.v:158$5528: $auto$alumacc.cc:548:replace_alu$19636
  creating $alu cell for $flatten\safety.supervisor.$lt$src/hx_safety.v:161$5538: $auto$alumacc.cc:548:replace_alu$19641
  creating $alu cell for $flatten\safety.supervisor.$gt$src/hx_safety.v:161$5539: $auto$alumacc.cc:548:replace_alu$19646
  creating $alu cell for $flatten\safety.supervisor.$gt$src/hx_safety.v:163$5542, $flatten\safety.supervisor.$eq$src/hx_safety.v:160$5533: $auto$alumacc.cc:548:replace_alu$19657
  creating $alu cell for $flatten\safety.supervisor.$ge$src/hx_safety.v:48$5566: $auto$alumacc.cc:548:replace_alu$19668
  creating $alu cell for $flatten\safety.supervisor.$lt$src/hx_safety.v:48$5567: $auto$alumacc.cc:548:replace_alu$19681
  creating $alu cell for $flatten\safety.supervisor.$ge$src/hx_safety.v:171$5575: $auto$alumacc.cc:548:replace_alu$19686
  creating $alu cell for $flatten\safety.supervisor.$lt$src/hx_safety.v:172$5577: $auto$alumacc.cc:548:replace_alu$19699
  creating $alu cell for $flatten\safety.supervisor.$gt$src/hx_safety.v:173$5579: $auto$alumacc.cc:548:replace_alu$19704
  creating $alu cell for $flatten\safety.supervisor.$ge$src/hx_safety.v:174$5582: $auto$alumacc.cc:548:replace_alu$19715
  creating $alu cell for $flatten\safety.supervisor.$lt$src/hx_safety.v:195$5602: $auto$alumacc.cc:548:replace_alu$19728
  creating $alu cell for $flatten\safety.supervisor.$gt$src/hx_safety.v:196$5605: $auto$alumacc.cc:548:replace_alu$19733
  creating $alu cell for $flatten\safety.supervisor.$lt$src/hx_safety.v:195$5622: $auto$alumacc.cc:548:replace_alu$19744
  creating $alu cell for $flatten\safety.supervisor.$gt$src/hx_safety.v:196$5625: $auto$alumacc.cc:548:replace_alu$19749
  creating $alu cell for $flatten\safety.supervisor.$lt$src/hx_safety.v:195$5642: $auto$alumacc.cc:548:replace_alu$19760
  creating $alu cell for $flatten\safety.supervisor.$gt$src/hx_safety.v:196$5645: $auto$alumacc.cc:548:replace_alu$19765
  creating $alu cell for $flatten\safety.supervisor.$lt$src/hx_safety.v:219$5804, $flatten\safety.supervisor.$ge$src/hx_safety.v:194$5599: $auto$alumacc.cc:548:replace_alu$19776
  creating $alu cell for $flatten\safety.supervisor.$lt$src/hx_safety.v:220$5810, $flatten\safety.supervisor.$ge$src/hx_safety.v:197$5609: $auto$alumacc.cc:548:replace_alu$19789
  creating $alu cell for $flatten\safety.supervisor.$lt$src/hx_safety.v:219$5816, $flatten\safety.supervisor.$ge$src/hx_safety.v:194$5619: $auto$alumacc.cc:548:replace_alu$19802
  creating $alu cell for $flatten\safety.supervisor.$lt$src/hx_safety.v:220$5822, $flatten\safety.supervisor.$ge$src/hx_safety.v:197$5629: $auto$alumacc.cc:548:replace_alu$19815
  creating $alu cell for $flatten\safety.supervisor.$lt$src/hx_safety.v:219$5828, $flatten\safety.supervisor.$ge$src/hx_safety.v:194$5639: $auto$alumacc.cc:548:replace_alu$19828
  creating $alu cell for $flatten\safety.supervisor.$lt$src/hx_safety.v:220$5834, $flatten\safety.supervisor.$ge$src/hx_safety.v:197$5649: $auto$alumacc.cc:548:replace_alu$19841
  creating $alu cell for $flatten\safety.supervisor.$ge$src/hx_safety.v:48$5846: $auto$alumacc.cc:548:replace_alu$19854
  creating $alu cell for $flatten\safety.supervisor.$lt$src/hx_safety.v:48$5847: $auto$alumacc.cc:548:replace_alu$19867
  creating $alu cell for $flatten\safety.supervisor.$le$src/hx_safety.v:254$6087: $auto$alumacc.cc:548:replace_alu$19872
  creating $alu cell for $flatten\safety.supervisor.$le$src/hx_safety.v:255$6090: $auto$alumacc.cc:548:replace_alu$19881
  creating $alu cell for $flatten\safety.supervisor.$ge$src/hx_safety.v:263$6163: $auto$alumacc.cc:548:replace_alu$19890
  creating $alu cell for $flatten\safety.supervisor.$le$src/hx_safety.v:264$6169: $auto$alumacc.cc:548:replace_alu$19903
  creating $alu cell for $flatten\safety.supervisor.$neg$src/hx_safety.v:266$6181: $auto$alumacc.cc:548:replace_alu$19912
  creating $alu cell for $flatten\safety.supervisor.$sub$src/hx_safety.v:255$6089, $flatten\safety.supervisor.$lt$src/hx_safety.v:254$6086: $auto$alumacc.cc:548:replace_alu$19915
  creating $alu cell for $flatten\safety.supervisor.$neg$src/hx_safety.v:245$5960: $auto$alumacc.cc:548:replace_alu$19926
  creating $alu cell for $flatten\safety.supervisor.$neg$src/hx_safety.v:235$5921: $auto$alumacc.cc:548:replace_alu$19929
  creating $alu cell for $flatten\u_hrx.$add$src/uart_rx.v:112$4461: $auto$alumacc.cc:548:replace_alu$19932
  creating $alu cell for $flatten\safety.supervisor.$neg$src/hx_safety.v:227$5874: $auto$alumacc.cc:548:replace_alu$19935
  creating $alu cell for $flatten\safety.supervisor.$add$src/hx_safety.v:220$5838: $auto$alumacc.cc:548:replace_alu$19938
  creating $alu cell for $flatten\safety.supervisor.$add$src/hx_safety.v:219$5832: $auto$alumacc.cc:548:replace_alu$19941
  creating $alu cell for $flatten\safety.supervisor.$add$src/hx_safety.v:220$5826: $auto$alumacc.cc:548:replace_alu$19944
  creating $alu cell for $flatten\safety.supervisor.$add$src/hx_safety.v:219$5820: $auto$alumacc.cc:548:replace_alu$19947
  creating $alu cell for $flatten\safety.supervisor.$add$src/hx_safety.v:220$5814: $auto$alumacc.cc:548:replace_alu$19950
  creating $alu cell for $flatten\safety.supervisor.$add$src/hx_safety.v:219$5808: $auto$alumacc.cc:548:replace_alu$19953
  creating $alu cell for $flatten\safety.supervisor.$sub$src/hx_safety.v:216$5802: $auto$alumacc.cc:548:replace_alu$19956
  creating $alu cell for $flatten\safety.supervisor.$add$src/hx_safety.v:178$5588: $auto$alumacc.cc:548:replace_alu$19959
  creating $alu cell for $flatten\safety.supervisor.$add$src/hx_safety.v:169$5570: $auto$alumacc.cc:548:replace_alu$19962
  creating $alu cell for $flatten\safety.supervisor.$add$src/hx_safety.v:162$5541: $auto$alumacc.cc:548:replace_alu$19965
  creating $alu cell for $flatten\safety.supervisor.$add$src/hx_safety.v:151$5510: $auto$alumacc.cc:548:replace_alu$19968
  creating $alu cell for $flatten\safety.supervisor.$sub$src/hx_safety.v:144$5493: $auto$alumacc.cc:548:replace_alu$19971
  creating $alu cell for $flatten\u_hrx.$add$src/uart_rx.v:94$4457: $auto$alumacc.cc:548:replace_alu$19974
  creating $alu cell for $flatten\safety.supervisor.$sub$src/hx_safety.v:65$5404: $auto$alumacc.cc:548:replace_alu$19977
  creating $alu cell for $flatten\safety.supervisor.$sub$src/hx_safety.v:65$5365: $auto$alumacc.cc:548:replace_alu$19980
  creating $alu cell for $flatten\safety.supervisor.$sub$src/hx_safety.v:65$5326: $auto$alumacc.cc:548:replace_alu$19983
  creating $alu cell for $flatten\safety.supervisor.$sub$src/hx_safety.v:65$5241: $auto$alumacc.cc:548:replace_alu$19986
  creating $alu cell for $flatten\safety.supervisor.$sub$src/hx_safety.v:65$5202: $auto$alumacc.cc:548:replace_alu$19989
  creating $alu cell for $flatten\safety.supervisor.$sub$src/hx_safety.v:65$5043: $auto$alumacc.cc:548:replace_alu$19992
  creating $alu cell for $flatten\safety.supervisor.$sub$src/hx_safety.v:96$5041, $flatten\safety.supervisor.$eq$src/hx_safety.v:259$6116: $auto$alumacc.cc:548:replace_alu$19995
  creating $alu cell for $flatten\safety.supervisor.$add$src/hx_safety.v:51$4602: $auto$alumacc.cc:548:replace_alu$20000
  creating $alu cell for $flatten\safety.supervisor.$sub$src/hx_safety.v:43$4594: $auto$alumacc.cc:548:replace_alu$20003
  creating $alu cell for $flatten\safety.stop_button.$add$src/button.v:48$4516: $auto$alumacc.cc:548:replace_alu$20006
  creating $alu cell for $flatten\u_htx.$add$src/uart_tx.v:91$4507: $auto$alumacc.cc:548:replace_alu$20009
  creating $alu cell for $flatten\u_htx.$add$src/uart_tx.v:80$4505: $auto$alumacc.cc:548:replace_alu$20012
  creating $alu cell for $flatten\u_srx.$add$src/uart_rx.v:112$4493: $auto$alumacc.cc:548:replace_alu$20015
  creating $alu cell for $flatten\u_srx.$add$src/uart_rx.v:94$4489: $auto$alumacc.cc:548:replace_alu$20018
  creating $alu cell for $flatten\u_stx.$add$src/uart_tx.v:91$4475: $auto$alumacc.cc:548:replace_alu$20021
  creating $alu cell for $flatten\u_stx.$add$src/uart_tx.v:80$4473: $auto$alumacc.cc:548:replace_alu$20024
  creating $alu cell for $add$src/bridge.v:53$3832: $auto$alumacc.cc:548:replace_alu$20027
  creating $alu cell for $add$src/bridge.v:99$3838: $auto$alumacc.cc:548:replace_alu$20030
  creating $alu cell for $sub$src/bridge.v:169$3891: $auto$alumacc.cc:548:replace_alu$20033
  creating $alu cell for $sub$src/bridge.v:170$3893: $auto$alumacc.cc:548:replace_alu$20036
  creating $alu cell for $sub$src/bridge.v:175$3895: $auto$alumacc.cc:548:replace_alu$20039
  creating $alu cell for $add$src/bridge.v:185$3907: $auto$alumacc.cc:548:replace_alu$20042
  creating $alu cell for $add$src/bridge.v:203$3922: $auto$alumacc.cc:548:replace_alu$20045
  creating $alu cell for $add$src/bridge.v:206$3924: $auto$alumacc.cc:548:replace_alu$20048
  creating $alu cell for $add$src/bridge.v:209$3930: $auto$alumacc.cc:548:replace_alu$20051
  creating $alu cell for $add$src/bridge.v:229$3944: $auto$alumacc.cc:548:replace_alu$20054
  creating $alu cell for $add$src/bridge.v:311$4026: $auto$alumacc.cc:548:replace_alu$20057
  creating $alu cell for $sub$src/bridge.v:307$4022: $auto$alumacc.cc:548:replace_alu$20060
  creating $alu cell for $add$src/bridge.v:298$4019: $auto$alumacc.cc:548:replace_alu$20063
  creating $alu cell for $add$src/bridge.v:293$4012: $auto$alumacc.cc:548:replace_alu$20066
  creating $alu cell for $add$src/bridge.v:253$3956: $auto$alumacc.cc:548:replace_alu$20069
  creating $alu cell for $add$src/bridge.v:291$4010: $auto$alumacc.cc:548:replace_alu$20072
  created 109 $alu and 1 $macc cells.

7.25. Executing OPT pass (performing simple optimizations).

7.25.1. Executing OPT_EXPR pass (perform const folding).
Optimizing module top.
<suppressed ~19 debug messages>

7.25.2. Executing OPT_MERGE pass (detect identical cells).
Finding identical cells in module `\top'.
Computing hashes of 1536 cells of `\top'.
Finding duplicate cells in `\top'.
Computing hashes of 1534 cells of `\top'.
Finding duplicate cells in `\top'.
Computing hashes of 1533 cells of `\top'.
Finding duplicate cells in `\top'.
<suppressed ~11 debug messages>
Removed a total of 3 cells.

7.25.3. Executing OPT_MUXTREE pass (detect dead branches in mux trees).
Running muxtree optimizer on module \top..
  Creating internal representation of mux trees.
  Evaluating internal representation of mux trees.
  Analyzing evaluation results.
Removed 0 multiplexer ports.
<suppressed ~799 debug messages>

7.25.4. Executing OPT_REDUCE pass (consolidate $*mux and $reduce_* inputs).
  Optimizing cells in module \top.
    New input vector for $reduce_or cell $auto$opt_dff.cc:393:combine_resets$19193: { $auto$rtlil.cc:3270:ReduceAnd$19692 $auto$rtlil.cc:3267:Not$19696 $auto$rtlil.cc:3267:Not$19703 }
    New input vector for $reduce_or cell $auto$opt_dff.cc:393:combine_resets$19190: { $auto$rtlil.cc:3270:ReduceAnd$19692 $auto$rtlil.cc:3267:Not$19696 $auto$rtlil.cc:3267:Not$19703 $auto$rtlil.cc:3267:Not$19714 $auto$rtlil.cc:3270:ReduceAnd$19721 $auto$rtlil.cc:3267:Not$19725 }
    New input vector for $reduce_and cell $auto$opt_dff.cc:368:make_patterns_logic$19018: { \u_srx.valid $flatten\safety.supervisor.$procmux$10157_CMP $auto$rtlil.cc:3267:Not$18630 $auto$rtlil.cc:3267:Not$19016 $auto$alumacc.cc:564:replace_alu$19658 }
    New input vector for $reduce_and cell $auto$opt_dff.cc:368:make_patterns_logic$18792: { \u_hrx.valid $procmux$17137_CMP $auto$rtlil.cc:3267:Not$18630 $auto$alumacc.cc:564:replace_alu$19345 }
  Optimizing cells in module \top.
Performed a total of 4 changes.

7.25.5. Executing OPT_MERGE pass (detect identical cells).
Finding identical cells in module `\top'.
Computing hashes of 1533 cells of `\top'.
Finding duplicate cells in `\top'.
Removed a total of 0 cells.

7.25.6. Executing OPT_DFF pass (perform DFF optimizations).
Setting constant 0-bit at position 0 on $auto$ff.cc:337:slice$19188 ($sdffce) from module top.
Setting constant 0-bit at position 1 on $auto$ff.cc:337:slice$19188 ($sdffce) from module top.
Setting constant 0-bit at position 2 on $auto$ff.cc:337:slice$19188 ($sdffce) from module top.
Setting constant 0-bit at position 3 on $auto$ff.cc:337:slice$19188 ($sdffce) from module top.
Setting constant 0-bit at position 4 on $auto$ff.cc:337:slice$19188 ($sdffce) from module top.

7.25.7. Executing OPT_CLEAN pass (remove unused cells and wires).
Finding unused cells or wires in module \top..
Removed 12 unused cells and 98 unused wires.
<suppressed ~13 debug messages>

7.25.8. Executing OPT_EXPR pass (perform const folding).
Optimizing module top.

7.25.9. Rerunning OPT passes. (Maybe there is more to do..)

7.25.10. Executing OPT_MUXTREE pass (detect dead branches in mux trees).
Running muxtree optimizer on module \top..
  Creating internal representation of mux trees.
  Evaluating internal representation of mux trees.
  Analyzing evaluation results.
Removed 0 multiplexer ports.
<suppressed ~799 debug messages>

7.25.11. Executing OPT_REDUCE pass (consolidate $*mux and $reduce_* inputs).
  Optimizing cells in module \top.
Performed a total of 0 changes.

7.25.12. Executing OPT_MERGE pass (detect identical cells).
Finding identical cells in module `\top'.
Computing hashes of 1520 cells of `\top'.
Finding duplicate cells in `\top'.
Removed a total of 0 cells.

7.25.13. Executing OPT_DFF pass (perform DFF optimizations).

7.25.14. Executing OPT_CLEAN pass (remove unused cells and wires).
Finding unused cells or wires in module \top..

7.25.15. Executing OPT_EXPR pass (perform const folding).
Optimizing module top.

7.25.16. Finished fast OPT passes. (There is nothing left to do.)

7.26. Executing MEMORY pass.

7.26.1. Executing OPT_MEM pass (optimize memories).
Performed a total of 0 transformations.

7.26.2. Executing OPT_MEM_PRIORITY pass (removing unnecessary memory write priority relations).
Performed a total of 24 transformations.

7.26.3. Executing OPT_MEM_FEEDBACK pass (finding memory read-to-write feedback paths).
  Analyzing top.safety.supervisor.feedback_age write port 0.
  Analyzing top.safety.supervisor.feedback_age write port 1.
  Analyzing top.safety.supervisor.feedback_age write port 2.
  Analyzing top.safety.supervisor.feedback_age write port 3.
  Analyzing top.safety.supervisor.feedback_age write port 4.
  Analyzing top.safety.supervisor.feedback_age write port 5.
  Analyzing top.safety.supervisor.feedback_age write port 6.
  Analyzing top.safety.supervisor.command_age write port 0.
  Analyzing top.safety.supervisor.command_age write port 1.
  Analyzing top.safety.supervisor.command_age write port 2.
  Analyzing top.safety.supervisor.command_age write port 3.
  Analyzing top.safety.supervisor.command_age write port 4.
  Analyzing top.safety.supervisor.command_age write port 5.
  Analyzing top.safety.supervisor.command_age write port 6.
  Analyzing top.safety.supervisor.command_age write port 7.
  Analyzing top.safety.supervisor.command_age write port 8.
  Analyzing top.safety.supervisor.command_age write port 9.
  Analyzing top.safety.supervisor.command_age write port 10.
  Analyzing top.safety.supervisor.sample_reason write port 0.
  Analyzing top.safety.supervisor.sample_reason write port 1.
  Analyzing top.safety.supervisor.sample_reason write port 2.
  Analyzing top.safety.supervisor.sample_reason write port 3.
  Analyzing top.safety.supervisor.lower write port 0.
  Analyzing top.safety.supervisor.upper write port 0.
  Analyzing top.safety.supervisor.rb write port 0.
  Analyzing top.pbuf write port 0.
  Analyzing top.pbuf write port 1.
  Analyzing top.pbuf write port 2.
  Analyzing top.fifo write port 0.
  Analyzing top.fifo write port 1.

7.26.4. Executing MEMORY_BMUX2ROM pass (converting muxes to ROMs).

7.26.5. Executing MEMORY_DFF pass (merging $dff cells to $memrd).
Checking read port `\safety.supervisor.feedback_age'[0] in module `\top': no output FF found.
Checking read port `\safety.supervisor.feedback_age'[1] in module `\top': no output FF found.
Checking read port `\safety.supervisor.feedback_age'[2] in module `\top': no output FF found.
Checking read port `\safety.supervisor.command_age'[0] in module `\top': no output FF found.
Checking read port `\safety.supervisor.command_age'[1] in module `\top': no output FF found.
Checking read port `\safety.supervisor.command_age'[2] in module `\top': no output FF found.
Checking read port `\safety.supervisor.sample_reason'[0] in module `\top': no output FF found.
Checking read port `\safety.supervisor.sample_reason'[1] in module `\top': no output FF found.
Checking read port `\safety.supervisor.sample_reason'[2] in module `\top': no output FF found.
Checking read port `\safety.supervisor.lower'[0] in module `\top': no output FF found.
Checking read port `\safety.supervisor.lower'[1] in module `\top': no output FF found.
Checking read port `\safety.supervisor.lower'[2] in module `\top': no output FF found.
Checking read port `\safety.supervisor.lower'[3] in module `\top': no output FF found.
Checking read port `\safety.supervisor.lower'[4] in module `\top': no output FF found.
Checking read port `\safety.supervisor.upper'[0] in module `\top': no output FF found.
Checking read port `\safety.supervisor.upper'[1] in module `\top': no output FF found.
Checking read port `\safety.supervisor.upper'[2] in module `\top': no output FF found.
Checking read port `\safety.supervisor.upper'[3] in module `\top': no output FF found.
Checking read port `\safety.supervisor.upper'[4] in module `\top': no output FF found.
Checking read port `\safety.supervisor.rb'[0] in module `\top': no output FF found.
Checking read port `\safety.supervisor.rb'[1] in module `\top': no output FF found.
Checking read port `\safety.supervisor.rb'[2] in module `\top': no output FF found.
Checking read port `\safety.supervisor.rb'[3] in module `\top': no output FF found.
Checking read port `\safety.supervisor.rb'[4] in module `\top': no output FF found.
Checking read port `\safety.supervisor.rb'[5] in module `\top': no output FF found.
Checking read port `\safety.supervisor.rb'[6] in module `\top': no output FF found.
Checking read port `\safety.supervisor.rb'[7] in module `\top': no output FF found.
Checking read port `\safety.supervisor.rb'[8] in module `\top': no output FF found.
Checking read port `$flatten\safety.supervisor.$auto$proc_rom.cc:155:do_switch$6266'[0] in module `\top': no output FF found.
Checking read port `$auto$proc_rom.cc:155:do_switch$6270'[0] in module `\top': no output FF found.
Checking read port `\pbuf'[0] in module `\top': no output FF found.
Checking read port `\pbuf'[1] in module `\top': no output FF found.
Checking read port `\pbuf'[2] in module `\top': no output FF found.
Checking read port `\pbuf'[3] in module `\top': no output FF found.
Checking read port `\pbuf'[4] in module `\top': no output FF found.
Checking read port `\pbuf'[5] in module `\top': no output FF found.
Checking read port `\pbuf'[6] in module `\top': no output FF found.
Checking read port `\pbuf'[7] in module `\top': no output FF found.
Checking read port `\pbuf'[8] in module `\top': no output FF found.
Checking read port `\pbuf'[9] in module `\top': no output FF found.
Checking read port `\pbuf'[10] in module `\top': no output FF found.
Checking read port `\pbuf'[11] in module `\top': no output FF found.
Checking read port `\pbuf'[12] in module `\top': no output FF found.
Checking read port `\pbuf'[13] in module `\top': no output FF found.
Checking read port `\pbuf'[14] in module `\top': no output FF found.
Checking read port `\pbuf'[15] in module `\top': no output FF found.
Checking read port `\pbuf'[16] in module `\top': FF found, but with a mux select that doesn't seem to correspond to transparency logic.
Checking read port `\fifo'[0] in module `\top': merging output FF to cell.
    Write port 0: don't care on collision.
    Write port 1: don't care on collision.
Checking read port address `\safety.supervisor.feedback_age'[0] in module `\top': no address FF found.
Checking read port address `\safety.supervisor.feedback_age'[1] in module `\top': no address FF found.
Checking read port address `\safety.supervisor.feedback_age'[2] in module `\top': no address FF found.
Checking read port address `\safety.supervisor.command_age'[0] in module `\top': no address FF found.
Checking read port address `\safety.supervisor.command_age'[1] in module `\top': no address FF found.
Checking read port address `\safety.supervisor.command_age'[2] in module `\top': no address FF found.
Checking read port address `\safety.supervisor.sample_reason'[0] in module `\top': no address FF found.
Checking read port address `\safety.supervisor.sample_reason'[1] in module `\top': no address FF found.
Checking read port address `\safety.supervisor.sample_reason'[2] in module `\top': no address FF found.
Checking read port address `\safety.supervisor.lower'[0] in module `\top': no address FF found.
Checking read port address `\safety.supervisor.lower'[1] in module `\top': no address FF found.
Checking read port address `\safety.supervisor.lower'[2] in module `\top': no address FF found.
Checking read port address `\safety.supervisor.lower'[3] in module `\top': no address FF found.
Checking read port address `\safety.supervisor.lower'[4] in module `\top': no address FF found.
Checking read port address `\safety.supervisor.upper'[0] in module `\top': no address FF found.
Checking read port address `\safety.supervisor.upper'[1] in module `\top': no address FF found.
Checking read port address `\safety.supervisor.upper'[2] in module `\top': no address FF found.
Checking read port address `\safety.supervisor.upper'[3] in module `\top': no address FF found.
Checking read port address `\safety.supervisor.upper'[4] in module `\top': no address FF found.
Checking read port address `\safety.supervisor.rb'[0] in module `\top': no address FF found.
Checking read port address `\safety.supervisor.rb'[1] in module `\top': no address FF found.
Checking read port address `\safety.supervisor.rb'[2] in module `\top': no address FF found.
Checking read port address `\safety.supervisor.rb'[3] in module `\top': no address FF found.
Checking read port address `\safety.supervisor.rb'[4] in module `\top': no address FF found.
Checking read port address `\safety.supervisor.rb'[5] in module `\top': no address FF found.
Checking read port address `\safety.supervisor.rb'[6] in module `\top': no address FF found.
Checking read port address `\safety.supervisor.rb'[7] in module `\top': no address FF found.
Checking read port address `\safety.supervisor.rb'[8] in module `\top': no address FF found.
Checking read port address `$flatten\safety.supervisor.$auto$proc_rom.cc:155:do_switch$6266'[0] in module `\top': address FF has fully-defined init value, not supported.
Checking read port address `$auto$proc_rom.cc:155:do_switch$6270'[0] in module `\top': address FF has fully-defined init value, not supported.
Checking read port address `\pbuf'[0] in module `\top': no address FF found.
Checking read port address `\pbuf'[1] in module `\top': no address FF found.
Checking read port address `\pbuf'[2] in module `\top': no address FF found.
Checking read port address `\pbuf'[3] in module `\top': no address FF found.
Checking read port address `\pbuf'[4] in module `\top': no address FF found.
Checking read port address `\pbuf'[5] in module `\top': no address FF found.
Checking read port address `\pbuf'[6] in module `\top': no address FF found.
Checking read port address `\pbuf'[7] in module `\top': no address FF found.
Checking read port address `\pbuf'[8] in module `\top': no address FF found.
Checking read port address `\pbuf'[9] in module `\top': no address FF found.
Checking read port address `\pbuf'[10] in module `\top': no address FF found.
Checking read port address `\pbuf'[11] in module `\top': no address FF found.
Checking read port address `\pbuf'[12] in module `\top': no address FF found.
Checking read port address `\pbuf'[13] in module `\top': no address FF found.
Checking read port address `\pbuf'[14] in module `\top': no address FF found.
Checking read port address `\pbuf'[15] in module `\top': no address FF found.
Checking read port address `\pbuf'[16] in module `\top': address FF has fully-defined init value, not supported.

7.26.6. Executing OPT_CLEAN pass (remove unused cells and wires).
Finding unused cells or wires in module \top..
Removed 1 unused cells and 9 unused wires.
<suppressed ~2 debug messages>

7.26.7. Executing MEMORY_SHARE pass (consolidating $memrd/$memwr cells).
Consolidating read ports of memory top.safety.supervisor.feedback_age by address:
  Merging ports 0, 1 (address 2'00).
  Merging ports 0, 2 (address 2'00).
Consolidating write ports of memory top.safety.supervisor.feedback_age by address:
  Merging ports 0, 1 (address 2'00).
  Merging ports 0, 2 (address 2'00).
  Merging ports 3, 4 (address 2'00).
  Merging ports 3, 5 (address 2'00).
Consolidating write ports of memory top.safety.supervisor.feedback_age by address:
Consolidating read ports of memory top.safety.supervisor.command_age by address:
  Merging ports 0, 1 (address 2'00).
  Merging ports 0, 2 (address 2'00).
Consolidating write ports of memory top.safety.supervisor.command_age by address:
  Merging ports 0, 1 (address 2'00).
  Merging ports 0, 2 (address 2'00).
  Merging ports 3, 4 (address 2'00).
  Merging ports 3, 5 (address 2'00).
  Merging ports 6, 7 (address \safety.supervisor.command_axis).
  Merging ports 8, 9 (address 2'00).
  Merging ports 8, 10 (address 2'00).
Consolidating write ports of memory top.safety.supervisor.command_age by address:
Consolidating read ports of memory top.safety.supervisor.sample_reason by address:
  Merging ports 0, 1 (address 2'00).
  Merging ports 0, 2 (address 2'00).
Consolidating write ports of memory top.safety.supervisor.sample_reason by address:
  Merging ports 0, 1 (address 2'00).
  Merging ports 0, 2 (address 2'00).
Consolidating write ports of memory top.safety.supervisor.sample_reason by address:
Consolidating read ports of memory top.safety.supervisor.lower by address:
  Merging ports 1, 2 (address 2'00).
  Merging ports 1, 3 (address 2'00).
Consolidating read ports of memory top.safety.supervisor.lower by address:
Consolidating read ports of memory top.safety.supervisor.upper by address:
  Merging ports 1, 2 (address 2'00).
  Merging ports 1, 3 (address 2'00).
Consolidating read ports of memory top.safety.supervisor.upper by address:
Consolidating read ports of memory top.safety.supervisor.rb by address:
  Merging ports 3, 4 (address 5'10010).
  Merging ports 5, 7 (address 5'00100).
  Merging ports 5, 8 (address 5'00100).
Consolidating read ports of memory top.safety.supervisor.rb by address:
  Merging ports 0, 4 (address 5'00010).
  Merging ports 0, 5 (address 5'00000).
Consolidating read ports of memory top.safety.supervisor.rb by address:
  Merging ports 0, 1 (address 5'00000).
  Merging ports 0, 2 (address 5'00000).
  Merging ports 0, 3 (address 5'00000).
Consolidating read ports of memory top.pbuf by address:
  Merging ports 0, 1 (address 6'001111).
  Merging ports 0, 2 (address 6'001110).
  Merging ports 0, 3 (address 6'001100).
  Merging ports 0, 4 (address 6'001100).
  Merging ports 0, 5 (address 6'001000).
  Merging ports 0, 6 (address 6'001000).
  Merging ports 0, 7 (address 6'001000).
  Merging ports 0, 8 (address 6'001000).
  Merging ports 0, 9 (address 6'000000).
  Merging ports 0, 10 (address 6'000000).
  Merging ports 0, 11 (address 6'000000).
  Merging ports 0, 12 (address 6'000000).
  Merging ports 0, 13 (address 6'000000).
  Merging ports 0, 14 (address 6'000000).
  Merging ports 0, 15 (address 6'000000).
Consolidating read ports of memory top.pbuf by address:
Consolidating write ports of memory top.pbuf by address:
  Merging ports 0, 1 (address 6'000000).
Consolidating write ports of memory top.pbuf by address:
Consolidating write ports of memory top.fifo by address:
  Merging ports 0, 1 (address \wptr).
Consolidating write ports of memory top.safety.supervisor.feedback_age using sat-based resource sharing:
  Checking group clocked with posedge \clk, width 96: ports 0, 1.
  Common input cone for all EN signals: 11 cells.
  Size of unconstrained SAT problem: 1394 variables, 3573 clauses
  Merging port 1 into port 0.
Consolidating write ports of memory top.safety.supervisor.command_age using sat-based resource sharing:
  Checking group clocked with posedge \clk, width 96: ports 0, 1, 3.
  Common input cone for all EN signals: 232 cells.
  Size of unconstrained SAT problem: 8838 variables, 23028 clauses
  Merging port 1 into port 0.
  According to SAT solver sharing of port 0 with port 3 is not possible.
Consolidating write ports of memory top.safety.supervisor.sample_reason using sat-based resource sharing:
Consolidating write ports of memory top.pbuf using sat-based resource sharing:

7.26.8. Executing OPT_MEM_WIDEN pass (optimize memories where all ports are wide).
Performed a total of 0 transformations.

7.26.9. Executing OPT_CLEAN pass (remove unused cells and wires).
Finding unused cells or wires in module \top..
Removed 24 unused cells and 65 unused wires.
<suppressed ~25 debug messages>

7.26.10. Executing MEMORY_COLLECT pass (generating $mem cells).

7.27. Executing OPT_CLEAN pass (remove unused cells and wires).
Finding unused cells or wires in module \top..

7.28. Executing MEMORY_LIBMAP pass (mapping memories to cells).
using FF mapping for memory top.safety.supervisor.command_age
using FF mapping for memory top.safety.supervisor.feedback_age
using FF mapping for memory top.safety.supervisor.sample_reason
using FF mapping for memory top.safety.supervisor.rb
using FF mapping for memory top.safety.supervisor.upper
using FF mapping for memory top.safety.supervisor.lower
using FF mapping for memory top.$flatten\safety.supervisor.$auto$proc_rom.cc:155:do_switch$6266
using FF mapping for memory top.$auto$proc_rom.cc:155:do_switch$6270
mapping memory top.fifo via $__GOWIN_DP_
using FF mapping for memory top.pbuf
<suppressed ~568 debug messages>

7.29. Executing TECHMAP pass (map to technology primitives).

7.29.1. Executing Verilog-2005 frontend: /Users/elliot/.local/opt/oss-cad-suite/libexec/../share/yosys/gowin/lutrams_map.v
Parsing Verilog input from `/Users/elliot/.local/opt/oss-cad-suite/libexec/../share/yosys/gowin/lutrams_map.v' to AST representation.
Generating RTLIL representation for module `$__GOWIN_LUTRAM_'.
Successfully finished Verilog frontend.

7.29.2. Executing Verilog-2005 frontend: /Users/elliot/.local/opt/oss-cad-suite/libexec/../share/yosys/gowin/brams_map.v
Parsing Verilog input from `/Users/elliot/.local/opt/oss-cad-suite/libexec/../share/yosys/gowin/brams_map.v' to AST representation.
Generating RTLIL representation for module `$__GOWIN_SP_'.
Generating RTLIL representation for module `$__GOWIN_DP_'.
Generating RTLIL representation for module `$__GOWIN_SDP_'.
Successfully finished Verilog frontend.

7.29.3. Continuing TECHMAP pass.
Using template $paramod$7548bd16310fb138f374a81d2580786f44d367d5$__GOWIN_DP_ for cells of type $__GOWIN_DP_.
No more expansions possible.
<suppressed ~32 debug messages>

7.30. Executing OPT pass (performing simple optimizations).

7.30.1. Executing OPT_EXPR pass (perform const folding).
Optimizing module top.
<suppressed ~538 debug messages>

7.30.2. Executing OPT_MERGE pass (detect identical cells).
Finding identical cells in module `\top'.
Computing hashes of 1329 cells of `\top'.
Finding duplicate cells in `\top'.
Computing hashes of 1314 cells of `\top'.
Finding duplicate cells in `\top'.
<suppressed ~45 debug messages>
Removed a total of 15 cells.

7.30.3. Executing OPT_DFF pass (perform DFF optimizations).
Adding SRST signal on $auto$ff.cc:337:slice$18633 ($dffe) from module top (D = $flatten\u_hrx.$procmux$6398_Y, Q = \u_hrx.bit_idx, rval = 3'000).
Adding SRST signal on $auto$ff.cc:337:slice$18814 ($dffe) from module top (D = $procmux$17396_Y, Q = \packet_checksum, rval = 8'00000000).
Adding SRST signal on $auto$ff.cc:337:slice$18970 ($sdff) from module top (D = $flatten\u_stx.$add$src/uart_tx.v:69$4471_Y, Q = \u_stx.tick, rval = 6'000000).
Adding SRST signal on $auto$ff.cc:337:slice$18999 ($dffe) from module top (D = { $flatten\safety.supervisor.$procmux$10454_Y [6:3] $flatten\safety.supervisor.$procmux$10454_Y [0] }, Q = { \safety.supervisor.rx_count [6:3] \safety.supervisor.rx_count [0] }, rval = 5'00000).
Adding SRST signal on $auto$ff.cc:337:slice$18999 ($dffe) from module top (D = $flatten\safety.supervisor.$procmux$10460_Y [2:1], Q = \safety.supervisor.rx_count [2:1], rval = 2'01).
Adding SRST signal on $auto$ff.cc:337:slice$19019 ($dffe) from module top (D = $flatten\safety.supervisor.$add$src/hx_safety.v:159$5532_Y, Q = \safety.supervisor.rx_sum, rval = 8'00000000).
Adding SRST signal on $auto$ff.cc:337:slice$19077 ($dffe) from module top (D = $flatten\u_srx.$procmux$17996_Y, Q = \u_srx.bit_idx, rval = 3'000).
Adding SRST signal on $auto$ff.cc:337:slice$19125 ($sdff) from module top (D = $flatten\u_htx.$add$src/uart_tx.v:69$4503_Y, Q = \u_htx.tick, rval = 9'000000000).

7.30.4. Executing OPT_CLEAN pass (remove unused cells and wires).
Finding unused cells or wires in module \top..
Removed 30 unused cells and 350 unused wires.
<suppressed ~31 debug messages>

7.30.5. Rerunning OPT passes. (Removed registers in this run.)

7.30.6. Executing OPT_EXPR pass (perform const folding).
Optimizing module top.

7.30.7. Executing OPT_MERGE pass (detect identical cells).
Finding identical cells in module `\top'.
Computing hashes of 1289 cells of `\top'.
Finding duplicate cells in `\top'.
Computing hashes of 1288 cells of `\top'.
Finding duplicate cells in `\top'.
<suppressed ~3 debug messages>
Removed a total of 1 cells.

7.30.8. Executing OPT_DFF pass (perform DFF optimizations).
Adding SRST signal on $auto$ff.cc:337:slice$18983 ($dffe) from module top (D = \s_tx_data [7], Q = \u_stx.shifter [7], rval = 1'0).
Adding SRST signal on $auto$ff.cc:337:slice$19138 ($dffe) from module top (D = \h_tx_data [7], Q = \u_htx.shifter [7], rval = 1'0).

7.30.9. Executing OPT_CLEAN pass (remove unused cells and wires).
Finding unused cells or wires in module \top..
Removed 0 unused cells and 1 unused wires.
<suppressed ~1 debug messages>

7.30.10. Rerunning OPT passes. (Removed registers in this run.)

7.30.11. Executing OPT_EXPR pass (perform const folding).
Optimizing module top.

7.30.12. Executing OPT_MERGE pass (detect identical cells).
Finding identical cells in module `\top'.
Computing hashes of 1290 cells of `\top'.
Finding duplicate cells in `\top'.
Removed a total of 0 cells.

7.30.13. Executing OPT_DFF pass (perform DFF optimizations).

7.30.14. Executing OPT_CLEAN pass (remove unused cells and wires).
Finding unused cells or wires in module \top..

7.30.15. Finished fast OPT passes.

7.31. Executing MEMORY_MAP pass (converting memories to logic and flip-flops).
Mapping memory \safety.supervisor.command_age in module \top:
  created 4 $dff cells and 0 static cells of width 24.
  read interface: 0 $dff and 0 $mux cells.
  write interface: 12 write mux blocks.
Mapping memory \safety.supervisor.feedback_age in module \top:
  created 4 $dff cells and 0 static cells of width 24.
  read interface: 0 $dff and 0 $mux cells.
  write interface: 8 write mux blocks.
Mapping memory \safety.supervisor.sample_reason in module \top:
  created 4 $dff cells and 0 static cells of width 8.
  read interface: 0 $dff and 0 $mux cells.
  write interface: 8 write mux blocks.
Mapping memory \safety.supervisor.rb in module \top:
  created 32 $dff cells and 0 static cells of width 8.
  read interface: 0 $dff and 0 $mux cells.
  write interface: 32 write mux blocks.
Mapping memory \safety.supervisor.upper in module \top:
  created 4 $dff cells and 0 static cells of width 16.
  read interface: 0 $dff and 6 $mux cells.
  write interface: 4 write mux blocks.
Mapping memory \safety.supervisor.lower in module \top:
  created 4 $dff cells and 0 static cells of width 16.
  read interface: 0 $dff and 6 $mux cells.
  write interface: 4 write mux blocks.
Mapping memory $flatten\safety.supervisor.$auto$proc_rom.cc:155:do_switch$6266 in module \top:
  created 64 $dff cells and 0 static cells of width 1.
  read interface: 0 $dff and 63 $mux cells.
  write interface: 0 write mux blocks.
Mapping memory $auto$proc_rom.cc:155:do_switch$6270 in module \top:
  created 32 $dff cells and 0 static cells of width 8.
  read interface: 0 $dff and 31 $mux cells.
  write interface: 0 write mux blocks.
Mapping memory \pbuf in module \top:
  created 64 $dff cells and 0 static cells of width 8.
  read interface: 0 $dff and 66 $mux cells.
  write interface: 128 write mux blocks.

7.32. Executing OPT pass (performing simple optimizations).

7.32.1. Executing OPT_EXPR pass (perform const folding).
Optimizing module top.
<suppressed ~254 debug messages>

7.32.2. Executing OPT_MERGE pass (detect identical cells).
Finding identical cells in module `\top'.
Computing hashes of 1943 cells of `\top'.
Finding duplicate cells in `\top'.
Computing hashes of 1935 cells of `\top'.
Finding duplicate cells in `\top'.
<suppressed ~24 debug messages>
Removed a total of 8 cells.

7.32.3. Executing OPT_MUXTREE pass (detect dead branches in mux trees).
Running muxtree optimizer on module \top..
  Creating internal representation of mux trees.
  Evaluating internal representation of mux trees.
  Analyzing evaluation results.
Removed 0 multiplexer ports.
<suppressed ~958 debug messages>

7.32.4. Executing OPT_REDUCE pass (consolidate $*mux and $reduce_* inputs).
  Optimizing cells in module \top.
    New input vector for $reduce_or cell $auto$memory_share.cc:427:consolidate_wr_using_sat$20227: { $flatten\safety.supervisor.$0$memwr$\command_age$src/hx_safety.v:220$4579_EN[23:0]$5696 [0] $flatten\safety.supervisor.$0$memwr$\command_age$src/hx_safety.v:220$4581_EN[23:0]$5700 [0] $flatten\safety.supervisor.$0$memwr$\command_age$src/hx_safety.v:220$4583_EN[23:0]$5704 [0] }
    New input vector for $reduce_or cell $auto$memory_share.cc:427:consolidate_wr_using_sat$20219: { $flatten\safety.supervisor.$0$memwr$\feedback_age$src/hx_safety.v:219$4578_EN[23:0]$5694 [0] $flatten\safety.supervisor.$0$memwr$\feedback_age$src/hx_safety.v:219$4580_EN[23:0]$5698 [0] $flatten\safety.supervisor.$0$memwr$\feedback_age$src/hx_safety.v:219$4582_EN[23:0]$5702 [0] }
    Consolidated identical input bits for $mux cell $memory$auto$proc_rom.cc:155:do_switch$6270$rdmux[0][4][8]$21549:
      Old ports: A=8'11010010, B=8'00000000, Y=$memory$auto$proc_rom.cc:155:do_switch$6270$rdmux[0][3][4]$a$21514
      New ports: A=1'1, B=1'0, Y=$memory$auto$proc_rom.cc:155:do_switch$6270$rdmux[0][3][4]$a$21514 [1]
      New connections: { $memory$auto$proc_rom.cc:155:do_switch$6270$rdmux[0][3][4]$a$21514 [7:2] $memory$auto$proc_rom.cc:155:do_switch$6270$rdmux[0][3][4]$a$21514 [0] } = { $memory$auto$proc_rom.cc:155:do_switch$6270$rdmux[0][3][4]$a$21514 [1] $memory$auto$proc_rom.cc:155:do_switch$6270$rdmux[0][3][4]$a$21514 [1] 1'0 $memory$auto$proc_rom.cc:155:do_switch$6270$rdmux[0][3][4]$a$21514 [1] 3'000 }
    Consolidated identical input bits for $mux cell $memory$auto$proc_rom.cc:155:do_switch$6270$rdmux[0][4][7]$21546:
      Old ports: A=8'00101000, B=8'00000000, Y=$memory$auto$proc_rom.cc:155:do_switch$6270$rdmux[0][3][3]$b$21512
      New ports: A=1'1, B=1'0, Y=$memory$auto$proc_rom.cc:155:do_switch$6270$rdmux[0][3][3]$b$21512 [3]
      New connections: { $memory$auto$proc_rom.cc:155:do_switch$6270$rdmux[0][3][3]$b$21512 [7:4] $memory$auto$proc_rom.cc:155:do_switch$6270$rdmux[0][3][3]$b$21512 [2:0] } = { 2'00 $memory$auto$proc_rom.cc:155:do_switch$6270$rdmux[0][3][3]$b$21512 [3] 4'0000 }
    Consolidated identical input bits for $mux cell $memory$auto$proc_rom.cc:155:do_switch$6270$rdmux[0][4][6]$21543:
      Old ports: A=8'00000100, B=8'00000011, Y=$memory$auto$proc_rom.cc:155:do_switch$6270$rdmux[0][3][3]$a$21511
      New ports: A=2'10, B=2'01, Y={ $memory$auto$proc_rom.cc:155:do_switch$6270$rdmux[0][3][3]$a$21511 [2] $memory$auto$proc_rom.cc:155:do_switch$6270$rdmux[0][3][3]$a$21511 [0] }
      New connections: { $memory$auto$proc_rom.cc:155:do_switch$6270$rdmux[0][3][3]$a$21511 [7:3] $memory$auto$proc_rom.cc:155:do_switch$6270$rdmux[0][3][3]$a$21511 [1] } = { 5'00000 $memory$auto$proc_rom.cc:155:do_switch$6270$rdmux[0][3][3]$a$21511 [0] }
    Consolidated identical input bits for $mux cell $memory$auto$proc_rom.cc:155:do_switch$6270$rdmux[0][4][5]$21540:
      Old ports: A=8'11111111, B=8'11111110, Y=$memory$auto$proc_rom.cc:155:do_switch$6270$rdmux[0][3][2]$b$21509
      New ports: A=1'1, B=1'0, Y=$memory$auto$proc_rom.cc:155:do_switch$6270$rdmux[0][3][2]$b$21509 [0]
      New connections: $memory$auto$proc_rom.cc:155:do_switch$6270$rdmux[0][3][2]$b$21509 [7:1] = 7'1111111
    Consolidated identical input bits for $mux cell $memory$auto$proc_rom.cc:155:do_switch$6270$rdmux[0][4][4]$21537:
      Old ports: A=8'11001101, B=8'11111111, Y=$memory$auto$proc_rom.cc:155:do_switch$6270$rdmux[0][3][2]$a$21508
      New ports: A=1'0, B=1'1, Y=$memory$auto$proc_rom.cc:155:do_switch$6270$rdmux[0][3][2]$a$21508 [1]
      New connections: { $memory$auto$proc_rom.cc:155:do_switch$6270$rdmux[0][3][2]$a$21508 [7:2] $memory$auto$proc_rom.cc:155:do_switch$6270$rdmux[0][3][2]$a$21508 [0] } = { 2'11 $memory$auto$proc_rom.cc:155:do_switch$6270$rdmux[0][3][2]$a$21508 [1] $memory$auto$proc_rom.cc:155:do_switch$6270$rdmux[0][3][2]$a$21508 [1] 3'111 }
    Consolidated identical input bits for $mux cell $memory$auto$proc_rom.cc:155:do_switch$6270$rdmux[0][4][2]$21531:
      Old ports: A=8'00000011, B=8'00101100, Y=$memory$auto$proc_rom.cc:155:do_switch$6270$rdmux[0][3][1]$a$21505
      New ports: A=2'01, B=2'10, Y={ $memory$auto$proc_rom.cc:155:do_switch$6270$rdmux[0][3][1]$a$21505 [2] $memory$auto$proc_rom.cc:155:do_switch$6270$rdmux[0][3][1]$a$21505 [0] }
      New connections: { $memory$auto$proc_rom.cc:155:do_switch$6270$rdmux[0][3][1]$a$21505 [7:3] $memory$auto$proc_rom.cc:155:do_switch$6270$rdmux[0][3][1]$a$21505 [1] } = { 2'00 $memory$auto$proc_rom.cc:155:do_switch$6270$rdmux[0][3][1]$a$21505 [2] 1'0 $memory$auto$proc_rom.cc:155:do_switch$6270$rdmux[0][3][1]$a$21505 [2] $memory$auto$proc_rom.cc:155:do_switch$6270$rdmux[0][3][1]$a$21505 [0] }
    Consolidated identical input bits for $mux cell $memory$auto$proc_rom.cc:155:do_switch$6270$rdmux[0][4][1]$21528:
      Old ports: A=8'11111110, B=8'00000101, Y=$memory$auto$proc_rom.cc:155:do_switch$6270$rdmux[0][3][0]$b$21503
      New ports: A=2'10, B=2'01, Y=$memory$auto$proc_rom.cc:155:do_switch$6270$rdmux[0][3][0]$b$21503 [1:0]
      New connections: $memory$auto$proc_rom.cc:155:do_switch$6270$rdmux[0][3][0]$b$21503 [7:2] = { $memory$auto$proc_rom.cc:155:do_switch$6270$rdmux[0][3][0]$b$21503 [1] $memory$auto$proc_rom.cc:155:do_switch$6270$rdmux[0][3][0]$b$21503 [1] $memory$auto$proc_rom.cc:155:do_switch$6270$rdmux[0][3][0]$b$21503 [1] $memory$auto$proc_rom.cc:155:do_switch$6270$rdmux[0][3][0]$b$21503 [1] $memory$auto$proc_rom.cc:155:do_switch$6270$rdmux[0][3][0]$b$21503 [1] 1'1 }
    Consolidated identical input bits for $mux cell $auto$memory_share.cc:454:consolidate_wr_using_sat$20226:
      Old ports: A={ 1'0 \rst \rst \rst }, B={ 1'0 $flatten\safety.supervisor.$0$memwr$\feedback_age$src/hx_safety.v:219$4582_EN[23:0]$5702 [0] $flatten\safety.supervisor.$0$memwr$\feedback_age$src/hx_safety.v:219$4580_EN[23:0]$5698 [0] $flatten\safety.supervisor.$0$memwr$\feedback_age$src/hx_safety.v:219$4578_EN[23:0]$5694 [0] }, Y=$auto$memory_share.cc:441:consolidate_wr_using_sat$20225
      New ports: A={ \rst \rst \rst }, B={ $flatten\safety.supervisor.$0$memwr$\feedback_age$src/hx_safety.v:219$4582_EN[23:0]$5702 [0] $flatten\safety.supervisor.$0$memwr$\feedback_age$src/hx_safety.v:219$4580_EN[23:0]$5698 [0] $flatten\safety.supervisor.$0$memwr$\feedback_age$src/hx_safety.v:219$4578_EN[23:0]$5694 [0] }, Y=$auto$memory_share.cc:441:consolidate_wr_using_sat$20225 [2:0]
      New connections: $auto$memory_share.cc:441:consolidate_wr_using_sat$20225 [3] = 1'0
    Consolidated identical input bits for $mux cell $flatten\safety.supervisor.$ternary$src/hx_safety.v:247$5991:
      Old ports: A=2'11, B=2'01, Y=$auto$wreduce.cc:514:run$19259 [1:0]
      New ports: A=1'1, B=1'0, Y=$auto$wreduce.cc:514:run$19259 [1]
      New connections: $auto$wreduce.cc:514:run$19259 [0] = 1'1
    Consolidated identical input bits for $mux cell $flatten\safety.supervisor.$procmux$9997:
      Old ports: A={ 4'0000 $auto$wreduce.cc:514:run$19206 [3:0] }, B=8'00001100, Y=$flatten\safety.supervisor.$4\trip_reason[7:0]
      New ports: A=$auto$wreduce.cc:514:run$19206 [3:0], B=4'1100, Y=$flatten\safety.supervisor.$4\trip_reason[7:0] [3:0]
      New connections: $flatten\safety.supervisor.$4\trip_reason[7:0] [7:4] = 4'0000
    Consolidated identical input bits for $mux cell $flatten\u_srx.$procmux$18027:
      Old ports: A=2'10, B=2'00, Y=$flatten\u_srx.$procmux$18027_Y
      New ports: A=1'1, B=1'0, Y=$flatten\u_srx.$procmux$18027_Y [1]
      New connections: $flatten\u_srx.$procmux$18027_Y [0] = 1'0
    Consolidated identical input bits for $mux cell $auto$memory_share.cc:454:consolidate_wr_using_sat$20234:
      Old ports: A={ 1'0 \rst \rst \rst }, B={ 1'0 $flatten\safety.supervisor.$0$memwr$\command_age$src/hx_safety.v:220$4583_EN[23:0]$5704 [0] $flatten\safety.supervisor.$0$memwr$\command_age$src/hx_safety.v:220$4581_EN[23:0]$5700 [0] $flatten\safety.supervisor.$0$memwr$\command_age$src/hx_safety.v:220$4579_EN[23:0]$5696 [0] }, Y=$auto$memory_share.cc:441:consolidate_wr_using_sat$20233
      New ports: A={ \rst \rst \rst }, B={ $flatten\safety.supervisor.$0$memwr$\command_age$src/hx_safety.v:220$4583_EN[23:0]$5704 [0] $flatten\safety.supervisor.$0$memwr$\command_age$src/hx_safety.v:220$4581_EN[23:0]$5700 [0] $flatten\safety.supervisor.$0$memwr$\command_age$src/hx_safety.v:220$4579_EN[23:0]$5696 [0] }, Y=$auto$memory_share.cc:441:consolidate_wr_using_sat$20233 [2:0]
      New connections: $auto$memory_share.cc:441:consolidate_wr_using_sat$20233 [3] = 1'0
    Consolidated identical input bits for $mux cell $flatten\safety.supervisor.$procmux$9970:
      Old ports: A=4'0000, B=4'1000, Y=$auto$wreduce.cc:514:run$19206 [3:0]
      New ports: A=1'0, B=1'1, Y=$auto$wreduce.cc:514:run$19206 [3]
      New connections: $auto$wreduce.cc:514:run$19206 [2:0] = 3'000
    Consolidated identical input bits for $mux cell $auto$memory_share.cc:437:consolidate_wr_using_sat$20231:
      Old ports: A=96'xxxxxxxxxxxxxxxxxxxxxxxx111001001110000111000000111001001110000111000000111001001110000111000000, B={ 24'x $auto$wreduce.cc:514:run$19221 [23:0] $auto$wreduce.cc:514:run$19217 [23:0] $auto$wreduce.cc:514:run$19215 [23:0] }, Y=$auto$rtlil.cc:3402:Mux$20232
      New ports: A=72'111001001110000111000000111001001110000111000000111001001110000111000000, B={ $auto$wreduce.cc:514:run$19221 [23:0] $auto$wreduce.cc:514:run$19217 [23:0] $auto$wreduce.cc:514:run$19215 [23:0] }, Y=$auto$rtlil.cc:3402:Mux$20232 [71:0]
      New connections: $auto$rtlil.cc:3402:Mux$20232 [95:72] = 24'x
    Consolidated identical input bits for $mux cell $auto$memory_share.cc:437:consolidate_wr_using_sat$20223:
      Old ports: A=96'xxxxxxxxxxxxxxxxxxxxxxxx100110001001011010000000100110001001011010000000100110001001011010000000, B={ 24'x $auto$wreduce.cc:514:run$19219 [23:0] $auto$wreduce.cc:514:run$19216 [23:0] $auto$wreduce.cc:514:run$19214 [23:0] }, Y=$auto$rtlil.cc:3402:Mux$20224
      New ports: A=72'100110001001011010000000100110001001011010000000100110001001011010000000, B={ $auto$wreduce.cc:514:run$19219 [23:0] $auto$wreduce.cc:514:run$19216 [23:0] $auto$wreduce.cc:514:run$19214 [23:0] }, Y=$auto$rtlil.cc:3402:Mux$20224 [71:0]
      New connections: $auto$rtlil.cc:3402:Mux$20224 [95:72] = 24'x
    Consolidated identical input bits for $mux cell $procmux$17530:
      Old ports: A=2'00, B=2'10, Y=$auto$wreduce.cc:514:run$19222 [1:0]
      New ports: A=1'0, B=1'1, Y=$auto$wreduce.cc:514:run$19222 [1]
      New connections: $auto$wreduce.cc:514:run$19222 [0] = 1'0
    Consolidated identical input bits for $mux cell $procmux$17523:
      Old ports: A=3'000, B=3'100, Y=$procmux$17523_Y
      New ports: A=1'0, B=1'1, Y=$procmux$17523_Y [2]
      New connections: $procmux$17523_Y [1:0] = 2'00
    Consolidated identical input bits for $mux cell $procmux$17506:
      Old ports: A=2'00, B=2'11, Y=$auto$wreduce.cc:514:run$19223 [1:0]
      New ports: A=1'0, B=1'1, Y=$auto$wreduce.cc:514:run$19223 [0]
      New connections: $auto$wreduce.cc:514:run$19223 [1] = $auto$wreduce.cc:514:run$19223 [0]
    New ctrl vector for $pmux cell $procmux$17458: { $auto$opt_reduce.cc:137:opt_pmux$22704 $procmux$17137_CMP $procmux$17180_CMP }
    New ctrl vector for $pmux cell $procmux$17416: $eq$src/bridge.v:253$3959_Y
    Consolidated identical input bits for $mux cell $flatten\safety.supervisor.$procmux$9955:
      Old ports: A=8'11111110, B=8'00000001, Y=$flatten\safety.supervisor.$5\trip_id[7:0]
      New ports: A=2'10, B=2'01, Y=$flatten\safety.supervisor.$5\trip_id[7:0] [1:0]
      New connections: $flatten\safety.supervisor.$5\trip_id[7:0] [7:2] = { $flatten\safety.supervisor.$5\trip_id[7:0] [1] $flatten\safety.supervisor.$5\trip_id[7:0] [1] $flatten\safety.supervisor.$5\trip_id[7:0] [1] $flatten\safety.supervisor.$5\trip_id[7:0] [1] $flatten\safety.supervisor.$5\trip_id[7:0] [1] $flatten\safety.supervisor.$5\trip_id[7:0] [1] }
    Consolidated identical input bits for $mux cell $flatten\safety.supervisor.$procmux$9721:
      Old ports: A=8'00001010, B=8'00000000, Y=$flatten\safety.supervisor.$procmux$9721_Y
      New ports: A=1'1, B=1'0, Y=$flatten\safety.supervisor.$procmux$9721_Y [1]
      New connections: { $flatten\safety.supervisor.$procmux$9721_Y [7:2] $flatten\safety.supervisor.$procmux$9721_Y [0] } = { 4'0000 $flatten\safety.supervisor.$procmux$9721_Y [1] 2'00 }
    Consolidated identical input bits for $mux cell $flatten\safety.supervisor.$procmux$10489:
      Old ports: A=2'00, B=2'10, Y=$flatten\safety.supervisor.$procmux$10489_Y
      New ports: A=1'0, B=1'1, Y=$flatten\safety.supervisor.$procmux$10489_Y [1]
      New connections: $flatten\safety.supervisor.$procmux$10489_Y [0] = 1'0
    Consolidated identical input bits for $mux cell $flatten\safety.supervisor.$procmux$10370:
      Old ports: A=3'000, B=3'110, Y=$auto$wreduce.cc:514:run$19209 [2:0]
      New ports: A=1'0, B=1'1, Y=$auto$wreduce.cc:514:run$19209 [1]
      New connections: { $auto$wreduce.cc:514:run$19209 [2] $auto$wreduce.cc:514:run$19209 [0] } = { $auto$wreduce.cc:514:run$19209 [1] 1'0 }
    Consolidated identical input bits for $mux cell $ternary$src/bridge.v:232$3952:
      Old ports: A=3'000, B=3'110, Y=$procmux$17496_Y
      New ports: A=1'0, B=1'1, Y=$procmux$17496_Y [1]
      New connections: { $procmux$17496_Y [2] $procmux$17496_Y [0] } = { $procmux$17496_Y [1] 1'0 }
    Consolidated identical input bits for $mux cell $flatten\u_hrx.$procmux$6429:
      Old ports: A=2'10, B=2'00, Y=$flatten\u_hrx.$procmux$6429_Y
      New ports: A=1'1, B=1'0, Y=$flatten\u_hrx.$procmux$6429_Y [1]
      New connections: $flatten\u_hrx.$procmux$6429_Y [0] = 1'0
  Optimizing cells in module \top.
    Consolidated identical input bits for $mux cell $memory$auto$proc_rom.cc:155:do_switch$6270$rdmux[0][3][4]$21513:
      Old ports: A=$memory$auto$proc_rom.cc:155:do_switch$6270$rdmux[0][3][4]$a$21514, B=8'00000000, Y=$memory$auto$proc_rom.cc:155:do_switch$6270$rdmux[0][2][2]$a$21496
      New ports: A=$memory$auto$proc_rom.cc:155:do_switch$6270$rdmux[0][3][4]$a$21514 [1], B=1'0, Y=$memory$auto$proc_rom.cc:155:do_switch$6270$rdmux[0][2][2]$a$21496 [1]
      New connections: { $memory$auto$proc_rom.cc:155:do_switch$6270$rdmux[0][2][2]$a$21496 [7:2] $memory$auto$proc_rom.cc:155:do_switch$6270$rdmux[0][2][2]$a$21496 [0] } = { $memory$auto$proc_rom.cc:155:do_switch$6270$rdmux[0][2][2]$a$21496 [1] $memory$auto$proc_rom.cc:155:do_switch$6270$rdmux[0][2][2]$a$21496 [1] 1'0 $memory$auto$proc_rom.cc:155:do_switch$6270$rdmux[0][2][2]$a$21496 [1] 3'000 }
    Consolidated identical input bits for $mux cell $memory$auto$proc_rom.cc:155:do_switch$6270$rdmux[0][3][3]$21510:
      Old ports: A=$memory$auto$proc_rom.cc:155:do_switch$6270$rdmux[0][3][3]$a$21511, B=$memory$auto$proc_rom.cc:155:do_switch$6270$rdmux[0][3][3]$b$21512, Y=$memory$auto$proc_rom.cc:155:do_switch$6270$rdmux[0][2][1]$b$21494
      New ports: A={ 1'0 $memory$auto$proc_rom.cc:155:do_switch$6270$rdmux[0][3][3]$a$21511 [2] $memory$auto$proc_rom.cc:155:do_switch$6270$rdmux[0][3][3]$a$21511 [0] }, B={ $memory$auto$proc_rom.cc:155:do_switch$6270$rdmux[0][3][3]$b$21512 [3] 2'00 }, Y={ $memory$auto$proc_rom.cc:155:do_switch$6270$rdmux[0][2][1]$b$21494 [3:2] $memory$auto$proc_rom.cc:155:do_switch$6270$rdmux[0][2][1]$b$21494 [0] }
      New connections: { $memory$auto$proc_rom.cc:155:do_switch$6270$rdmux[0][2][1]$b$21494 [7:4] $memory$auto$proc_rom.cc:155:do_switch$6270$rdmux[0][2][1]$b$21494 [1] } = { 2'00 $memory$auto$proc_rom.cc:155:do_switch$6270$rdmux[0][2][1]$b$21494 [3] 1'0 $memory$auto$proc_rom.cc:155:do_switch$6270$rdmux[0][2][1]$b$21494 [0] }
    Consolidated identical input bits for $mux cell $memory$auto$proc_rom.cc:155:do_switch$6270$rdmux[0][3][2]$21507:
      Old ports: A=$memory$auto$proc_rom.cc:155:do_switch$6270$rdmux[0][3][2]$a$21508, B=$memory$auto$proc_rom.cc:155:do_switch$6270$rdmux[0][3][2]$b$21509, Y=$memory$auto$proc_rom.cc:155:do_switch$6270$rdmux[0][2][1]$a$21493
      New ports: A={ $memory$auto$proc_rom.cc:155:do_switch$6270$rdmux[0][3][2]$a$21508 [1] 1'1 }, B={ 1'1 $memory$auto$proc_rom.cc:155:do_switch$6270$rdmux[0][3][2]$b$21509 [0] }, Y=$memory$auto$proc_rom.cc:155:do_switch$6270$rdmux[0][2][1]$a$21493 [1:0]
      New connections: $memory$auto$proc_rom.cc:155:do_switch$6270$rdmux[0][2][1]$a$21493 [7:2] = { 2'11 $memory$auto$proc_rom.cc:155:do_switch$6270$rdmux[0][2][1]$a$21493 [1] $memory$auto$proc_rom.cc:155:do_switch$6270$rdmux[0][2][1]$a$21493 [1] 2'11 }
    Consolidated identical input bits for $mux cell $memory$auto$proc_rom.cc:155:do_switch$6270$rdmux[0][3][1]$21504:
      Old ports: A=$memory$auto$proc_rom.cc:155:do_switch$6270$rdmux[0][3][1]$a$21505, B=8'00000000, Y=$memory$auto$proc_rom.cc:155:do_switch$6270$rdmux[0][2][0]$b$21491
      New ports: A={ $memory$auto$proc_rom.cc:155:do_switch$6270$rdmux[0][3][1]$a$21505 [2] $memory$auto$proc_rom.cc:155:do_switch$6270$rdmux[0][3][1]$a$21505 [0] }, B=2'00, Y={ $memory$auto$proc_rom.cc:155:do_switch$6270$rdmux[0][2][0]$b$21491 [2] $memory$auto$proc_rom.cc:155:do_switch$6270$rdmux[0][2][0]$b$21491 [0] }
      New connections: { $memory$auto$proc_rom.cc:155:do_switch$6270$rdmux[0][2][0]$b$21491 [7:3] $memory$auto$proc_rom.cc:155:do_switch$6270$rdmux[0][2][0]$b$21491 [1] } = { 2'00 $memory$auto$proc_rom.cc:155:do_switch$6270$rdmux[0][2][0]$b$21491 [2] 1'0 $memory$auto$proc_rom.cc:155:do_switch$6270$rdmux[0][2][0]$b$21491 [2] $memory$auto$proc_rom.cc:155:do_switch$6270$rdmux[0][2][0]$b$21491 [0] }
    Consolidated identical input bits for $mux cell $memory$auto$proc_rom.cc:155:do_switch$6270$rdmux[0][3][0]$21501:
      Old ports: A=8'11111111, B=$memory$auto$proc_rom.cc:155:do_switch$6270$rdmux[0][3][0]$b$21503, Y=$memory$auto$proc_rom.cc:155:do_switch$6270$rdmux[0][2][0]$a$21490
      New ports: A=2'11, B=$memory$auto$proc_rom.cc:155:do_switch$6270$rdmux[0][3][0]$b$21503 [1:0], Y=$memory$auto$proc_rom.cc:155:do_switch$6270$rdmux[0][2][0]$a$21490 [1:0]
      New connections: $memory$auto$proc_rom.cc:155:do_switch$6270$rdmux[0][2][0]$a$21490 [7:2] = { $memory$auto$proc_rom.cc:155:do_switch$6270$rdmux[0][2][0]$a$21490 [1] $memory$auto$proc_rom.cc:155:do_switch$6270$rdmux[0][2][0]$a$21490 [1] $memory$auto$proc_rom.cc:155:do_switch$6270$rdmux[0][2][0]$a$21490 [1] $memory$auto$proc_rom.cc:155:do_switch$6270$rdmux[0][2][0]$a$21490 [1] $memory$auto$proc_rom.cc:155:do_switch$6270$rdmux[0][2][0]$a$21490 [1] 1'1 }
    Consolidated identical input bits for $mux cell $flatten\safety.supervisor.$procmux$9985:
      Old ports: A=$flatten\safety.supervisor.$5\trip_id[7:0], B=8'00000001, Y=$flatten\safety.supervisor.$4\trip_id[7:0]
      New ports: A=$flatten\safety.supervisor.$5\trip_id[7:0] [1:0], B=2'01, Y=$flatten\safety.supervisor.$4\trip_id[7:0] [1:0]
      New connections: $flatten\safety.supervisor.$4\trip_id[7:0] [7:2] = { $flatten\safety.supervisor.$4\trip_id[7:0] [1] $flatten\safety.supervisor.$4\trip_id[7:0] [1] $flatten\safety.supervisor.$4\trip_id[7:0] [1] $flatten\safety.supervisor.$4\trip_id[7:0] [1] $flatten\safety.supervisor.$4\trip_id[7:0] [1] $flatten\safety.supervisor.$4\trip_id[7:0] [1] }
    Consolidated identical input bits for $mux cell $flatten\safety.supervisor.$procmux$9997:
      Old ports: A=$auto$wreduce.cc:514:run$19206 [3:0], B=4'1100, Y=$flatten\safety.supervisor.$4\trip_reason[7:0] [3:0]
      New ports: A={ $auto$wreduce.cc:514:run$19206 [3] 1'0 }, B=2'11, Y=$flatten\safety.supervisor.$4\trip_reason[7:0] [3:2]
      New connections: $flatten\safety.supervisor.$4\trip_reason[7:0] [1:0] = 2'00
    Consolidated identical input bits for $mux cell $flatten\safety.supervisor.$procmux$10018:
      Old ports: A=$flatten\safety.supervisor.$4\trip_reason[7:0], B=8'00000111, Y=$flatten\safety.supervisor.$3\trip_reason[7:0]
      New ports: A=$flatten\safety.supervisor.$4\trip_reason[7:0] [3:0], B=4'0111, Y=$flatten\safety.supervisor.$3\trip_reason[7:0] [3:0]
      New connections: $flatten\safety.supervisor.$3\trip_reason[7:0] [7:4] = 4'0000
    Consolidated identical input bits for $mux cell $flatten\safety.supervisor.$procmux$9724:
      Old ports: A=$flatten\safety.supervisor.$procmux$9721_Y, B=8'00001010, Y=$flatten\safety.supervisor.$procmux$9724_Y
      New ports: A=$flatten\safety.supervisor.$procmux$9721_Y [1], B=1'1, Y=$flatten\safety.supervisor.$procmux$9724_Y [1]
      New connections: { $flatten\safety.supervisor.$procmux$9724_Y [7:2] $flatten\safety.supervisor.$procmux$9724_Y [0] } = { 4'0000 $flatten\safety.supervisor.$procmux$9724_Y [1] 2'00 }
  Optimizing cells in module \top.
    Consolidated identical input bits for $mux cell $memory$auto$proc_rom.cc:155:do_switch$6270$rdmux[0][2][2]$21495:
      Old ports: A=$memory$auto$proc_rom.cc:155:do_switch$6270$rdmux[0][2][2]$a$21496, B=8'00000000, Y=$memory$auto$proc_rom.cc:155:do_switch$6270$rdmux[0][1][1]$a$21487
      New ports: A=$memory$auto$proc_rom.cc:155:do_switch$6270$rdmux[0][2][2]$a$21496 [1], B=1'0, Y=$memory$auto$proc_rom.cc:155:do_switch$6270$rdmux[0][1][1]$a$21487 [1]
      New connections: { $memory$auto$proc_rom.cc:155:do_switch$6270$rdmux[0][1][1]$a$21487 [7:2] $memory$auto$proc_rom.cc:155:do_switch$6270$rdmux[0][1][1]$a$21487 [0] } = { $memory$auto$proc_rom.cc:155:do_switch$6270$rdmux[0][1][1]$a$21487 [1] $memory$auto$proc_rom.cc:155:do_switch$6270$rdmux[0][1][1]$a$21487 [1] 1'0 $memory$auto$proc_rom.cc:155:do_switch$6270$rdmux[0][1][1]$a$21487 [1] 3'000 }
    Consolidated identical input bits for $mux cell $memory$auto$proc_rom.cc:155:do_switch$6270$rdmux[0][2][1]$21492:
      Old ports: A=$memory$auto$proc_rom.cc:155:do_switch$6270$rdmux[0][2][1]$a$21493, B=$memory$auto$proc_rom.cc:155:do_switch$6270$rdmux[0][2][1]$b$21494, Y=$memory$auto$proc_rom.cc:155:do_switch$6270$rdmux[0][1][0]$b$21485
      New ports: A={ 1'1 $memory$auto$proc_rom.cc:155:do_switch$6270$rdmux[0][2][1]$a$21493 [1] $memory$auto$proc_rom.cc:155:do_switch$6270$rdmux[0][2][1]$a$21493 [1] 2'11 $memory$auto$proc_rom.cc:155:do_switch$6270$rdmux[0][2][1]$a$21493 [1:0] }, B={ 1'0 $memory$auto$proc_rom.cc:155:do_switch$6270$rdmux[0][2][1]$b$21494 [3] 1'0 $memory$auto$proc_rom.cc:155:do_switch$6270$rdmux[0][2][1]$b$21494 [3:2] $memory$auto$proc_rom.cc:155:do_switch$6270$rdmux[0][2][1]$b$21494 [0] $memory$auto$proc_rom.cc:155:do_switch$6270$rdmux[0][2][1]$b$21494 [0] }, Y=$memory$auto$proc_rom.cc:155:do_switch$6270$rdmux[0][1][0]$b$21485 [6:0]
      New connections: $memory$auto$proc_rom.cc:155:do_switch$6270$rdmux[0][1][0]$b$21485 [7] = $memory$auto$proc_rom.cc:155:do_switch$6270$rdmux[0][1][0]$b$21485 [6]
    Consolidated identical input bits for $mux cell $memory$auto$proc_rom.cc:155:do_switch$6270$rdmux[0][2][0]$21489:
      Old ports: A=$memory$auto$proc_rom.cc:155:do_switch$6270$rdmux[0][2][0]$a$21490, B=$memory$auto$proc_rom.cc:155:do_switch$6270$rdmux[0][2][0]$b$21491, Y=$memory$auto$proc_rom.cc:155:do_switch$6270$rdmux[0][1][0]$a$21484
      New ports: A={ $memory$auto$proc_rom.cc:155:do_switch$6270$rdmux[0][2][0]$a$21490 [1] $memory$auto$proc_rom.cc:155:do_switch$6270$rdmux[0][2][0]$a$21490 [1] 1'1 $memory$auto$proc_rom.cc:155:do_switch$6270$rdmux[0][2][0]$a$21490 [1:0] }, B={ 1'0 $memory$auto$proc_rom.cc:155:do_switch$6270$rdmux[0][2][0]$b$21491 [2] $memory$auto$proc_rom.cc:155:do_switch$6270$rdmux[0][2][0]$b$21491 [2] $memory$auto$proc_rom.cc:155:do_switch$6270$rdmux[0][2][0]$b$21491 [0] $memory$auto$proc_rom.cc:155:do_switch$6270$rdmux[0][2][0]$b$21491 [0] }, Y=$memory$auto$proc_rom.cc:155:do_switch$6270$rdmux[0][1][0]$a$21484 [4:0]
      New connections: $memory$auto$proc_rom.cc:155:do_switch$6270$rdmux[0][1][0]$a$21484 [7:5] = { $memory$auto$proc_rom.cc:155:do_switch$6270$rdmux[0][1][0]$a$21484 [4] $memory$auto$proc_rom.cc:155:do_switch$6270$rdmux[0][1][0]$a$21484 [4:3] }
    Consolidated identical input bits for $mux cell $flatten\safety.supervisor.$procmux$10009:
      Old ports: A=$flatten\safety.supervisor.$4\trip_id[7:0], B=8'00000001, Y=$flatten\safety.supervisor.$3\trip_id[7:0]
      New ports: A=$flatten\safety.supervisor.$4\trip_id[7:0] [1:0], B=2'01, Y=$flatten\safety.supervisor.$3\trip_id[7:0] [1:0]
      New connections: $flatten\safety.supervisor.$3\trip_id[7:0] [7:2] = { $flatten\safety.supervisor.$3\trip_id[7:0] [1] $flatten\safety.supervisor.$3\trip_id[7:0] [1] $flatten\safety.supervisor.$3\trip_id[7:0] [1] $flatten\safety.supervisor.$3\trip_id[7:0] [1] $flatten\safety.supervisor.$3\trip_id[7:0] [1] $flatten\safety.supervisor.$3\trip_id[7:0] [1] }
    Consolidated identical input bits for $mux cell $flatten\safety.supervisor.$procmux$10018:
      Old ports: A=$flatten\safety.supervisor.$4\trip_reason[7:0] [3:0], B=4'0111, Y=$flatten\safety.supervisor.$3\trip_reason[7:0] [3:0]
      New ports: A={ $flatten\safety.supervisor.$4\trip_reason[7:0] [3:2] 1'0 }, B=3'011, Y={ $flatten\safety.supervisor.$3\trip_reason[7:0] [3:2] $flatten\safety.supervisor.$3\trip_reason[7:0] [0] }
      New connections: $flatten\safety.supervisor.$3\trip_reason[7:0] [1] = $flatten\safety.supervisor.$3\trip_reason[7:0] [0]
  Optimizing cells in module \top.
    Consolidated identical input bits for $mux cell $memory$auto$proc_rom.cc:155:do_switch$6270$rdmux[0][1][1]$21486:
      Old ports: A=$memory$auto$proc_rom.cc:155:do_switch$6270$rdmux[0][1][1]$a$21487, B=8'00000000, Y=$memory$auto$proc_rom.cc:155:do_switch$6270$rdmux[0][0][0]$b$21482
      New ports: A=$memory$auto$proc_rom.cc:155:do_switch$6270$rdmux[0][1][1]$a$21487 [1], B=1'0, Y=$memory$auto$proc_rom.cc:155:do_switch$6270$rdmux[0][0][0]$b$21482 [1]
      New connections: { $memory$auto$proc_rom.cc:155:do_switch$6270$rdmux[0][0][0]$b$21482 [7:2] $memory$auto$proc_rom.cc:155:do_switch$6270$rdmux[0][0][0]$b$21482 [0] } = { $memory$auto$proc_rom.cc:155:do_switch$6270$rdmux[0][0][0]$b$21482 [1] $memory$auto$proc_rom.cc:155:do_switch$6270$rdmux[0][0][0]$b$21482 [1] 1'0 $memory$auto$proc_rom.cc:155:do_switch$6270$rdmux[0][0][0]$b$21482 [1] 3'000 }
    Consolidated identical input bits for $mux cell $memory$auto$proc_rom.cc:155:do_switch$6270$rdmux[0][1][0]$21483:
      Old ports: A=$memory$auto$proc_rom.cc:155:do_switch$6270$rdmux[0][1][0]$a$21484, B=$memory$auto$proc_rom.cc:155:do_switch$6270$rdmux[0][1][0]$b$21485, Y=$memory$auto$proc_rom.cc:155:do_switch$6270$rdmux[0][0][0]$a$21481
      New ports: A={ $memory$auto$proc_rom.cc:155:do_switch$6270$rdmux[0][1][0]$a$21484 [4:3] $memory$auto$proc_rom.cc:155:do_switch$6270$rdmux[0][1][0]$a$21484 [4:0] }, B=$memory$auto$proc_rom.cc:155:do_switch$6270$rdmux[0][1][0]$b$21485 [6:0], Y=$memory$auto$proc_rom.cc:155:do_switch$6270$rdmux[0][0][0]$a$21481 [6:0]
      New connections: $memory$auto$proc_rom.cc:155:do_switch$6270$rdmux[0][0][0]$a$21481 [7] = $memory$auto$proc_rom.cc:155:do_switch$6270$rdmux[0][0][0]$a$21481 [6]
    Consolidated identical input bits for $mux cell $flatten\safety.supervisor.$procmux$10027:
      Old ports: A=8'00000001, B=$flatten\safety.supervisor.$3\trip_id[7:0], Y=$flatten\safety.supervisor.$2\trip_id[7:0]
      New ports: A=2'01, B=$flatten\safety.supervisor.$3\trip_id[7:0] [1:0], Y=$flatten\safety.supervisor.$2\trip_id[7:0] [1:0]
      New connections: $flatten\safety.supervisor.$2\trip_id[7:0] [7:2] = { $flatten\safety.supervisor.$2\trip_id[7:0] [1] $flatten\safety.supervisor.$2\trip_id[7:0] [1] $flatten\safety.supervisor.$2\trip_id[7:0] [1] $flatten\safety.supervisor.$2\trip_id[7:0] [1] $flatten\safety.supervisor.$2\trip_id[7:0] [1] $flatten\safety.supervisor.$2\trip_id[7:0] [1] }
  Optimizing cells in module \top.
    Consolidated identical input bits for $mux cell $memory$auto$proc_rom.cc:155:do_switch$6270$rdmux[0][0][0]$21480:
      Old ports: A=$memory$auto$proc_rom.cc:155:do_switch$6270$rdmux[0][0][0]$a$21481, B=$memory$auto$proc_rom.cc:155:do_switch$6270$rdmux[0][0][0]$b$21482, Y=$3\stop_byte$func$src/bridge.v:180$3822.$result[7:0]$3902
      New ports: A=$memory$auto$proc_rom.cc:155:do_switch$6270$rdmux[0][0][0]$a$21481 [6:0], B={ $memory$auto$proc_rom.cc:155:do_switch$6270$rdmux[0][0][0]$b$21482 [1] 1'0 $memory$auto$proc_rom.cc:155:do_switch$6270$rdmux[0][0][0]$b$21482 [1] 2'00 $memory$auto$proc_rom.cc:155:do_switch$6270$rdmux[0][0][0]$b$21482 [1] 1'0 }, Y=$3\stop_byte$func$src/bridge.v:180$3822.$result[7:0]$3902 [6:0]
      New connections: $3\stop_byte$func$src/bridge.v:180$3822.$result[7:0]$3902 [7] = $3\stop_byte$func$src/bridge.v:180$3822.$result[7:0]$3902 [6]
    Consolidated identical input bits for $mux cell $flatten\safety.supervisor.$procmux$10038:
      Old ports: A=8'11111110, B=$flatten\safety.supervisor.$2\trip_id[7:0], Y=$flatten\safety.supervisor.$1\trip_id[7:0]
      New ports: A=2'10, B=$flatten\safety.supervisor.$2\trip_id[7:0] [1:0], Y=$flatten\safety.supervisor.$1\trip_id[7:0] [1:0]
      New connections: $flatten\safety.supervisor.$1\trip_id[7:0] [7:2] = { $flatten\safety.supervisor.$1\trip_id[7:0] [1] $flatten\safety.supervisor.$1\trip_id[7:0] [1] $flatten\safety.supervisor.$1\trip_id[7:0] [1] $flatten\safety.supervisor.$1\trip_id[7:0] [1] $flatten\safety.supervisor.$1\trip_id[7:0] [1] $flatten\safety.supervisor.$1\trip_id[7:0] [1] }
  Optimizing cells in module \top.
    Consolidated identical input bits for $mux cell $flatten\safety.supervisor.$procmux$9865:
      Old ports: A=$flatten\safety.supervisor.$1\trip_id[7:0], B=8'00000010, Y=$flatten\safety.supervisor.$10\trip_id[7:0]
      New ports: A={ $flatten\safety.supervisor.$1\trip_id[7:0] [1] $flatten\safety.supervisor.$1\trip_id[7:0] [1:0] }, B=3'010, Y=$flatten\safety.supervisor.$10\trip_id[7:0] [2:0]
      New connections: $flatten\safety.supervisor.$10\trip_id[7:0] [7:3] = { $flatten\safety.supervisor.$10\trip_id[7:0] [2] $flatten\safety.supervisor.$10\trip_id[7:0] [2] $flatten\safety.supervisor.$10\trip_id[7:0] [2] $flatten\safety.supervisor.$10\trip_id[7:0] [2] $flatten\safety.supervisor.$10\trip_id[7:0] [2] }
  Optimizing cells in module \top.
    Consolidated identical input bits for $mux cell $flatten\safety.supervisor.$procmux$9895:
      Old ports: A=$flatten\safety.supervisor.$10\trip_id[7:0], B=8'00000010, Y=$flatten\safety.supervisor.$9\trip_id[7:0]
      New ports: A=$flatten\safety.supervisor.$10\trip_id[7:0] [2:0], B=3'010, Y=$flatten\safety.supervisor.$9\trip_id[7:0] [2:0]
      New connections: $flatten\safety.supervisor.$9\trip_id[7:0] [7:3] = { $flatten\safety.supervisor.$9\trip_id[7:0] [2] $flatten\safety.supervisor.$9\trip_id[7:0] [2] $flatten\safety.supervisor.$9\trip_id[7:0] [2] $flatten\safety.supervisor.$9\trip_id[7:0] [2] $flatten\safety.supervisor.$9\trip_id[7:0] [2] }
  Optimizing cells in module \top.
    Consolidated identical input bits for $mux cell $flatten\safety.supervisor.$procmux$9919:
      Old ports: A=$flatten\safety.supervisor.$9\trip_id[7:0], B=8'00000010, Y=$flatten\safety.supervisor.$8\trip_id[7:0]
      New ports: A=$flatten\safety.supervisor.$9\trip_id[7:0] [2:0], B=3'010, Y=$flatten\safety.supervisor.$8\trip_id[7:0] [2:0]
      New connections: $flatten\safety.supervisor.$8\trip_id[7:0] [7:3] = { $flatten\safety.supervisor.$8\trip_id[7:0] [2] $flatten\safety.supervisor.$8\trip_id[7:0] [2] $flatten\safety.supervisor.$8\trip_id[7:0] [2] $flatten\safety.supervisor.$8\trip_id[7:0] [2] $flatten\safety.supervisor.$8\trip_id[7:0] [2] }
  Optimizing cells in module \top.
    Consolidated identical input bits for $mux cell $flatten\safety.supervisor.$procmux$9937:
      Old ports: A=8'00000010, B=$flatten\safety.supervisor.$8\trip_id[7:0], Y=$flatten\safety.supervisor.$7\trip_id[7:0]
      New ports: A=3'010, B=$flatten\safety.supervisor.$8\trip_id[7:0] [2:0], Y=$flatten\safety.supervisor.$7\trip_id[7:0] [2:0]
      New connections: $flatten\safety.supervisor.$7\trip_id[7:0] [7:3] = { $flatten\safety.supervisor.$7\trip_id[7:0] [2] $flatten\safety.supervisor.$7\trip_id[7:0] [2] $flatten\safety.supervisor.$7\trip_id[7:0] [2] $flatten\safety.supervisor.$7\trip_id[7:0] [2] $flatten\safety.supervisor.$7\trip_id[7:0] [2] }
  Optimizing cells in module \top.
    Consolidated identical input bits for $mux cell $flatten\safety.supervisor.$procmux$9948:
      Old ports: A=$flatten\safety.supervisor.$1\trip_id[7:0], B=$flatten\safety.supervisor.$7\trip_id[7:0], Y=$flatten\safety.supervisor.$6\trip_id[7:0]
      New ports: A={ $flatten\safety.supervisor.$1\trip_id[7:0] [1] $flatten\safety.supervisor.$1\trip_id[7:0] [1:0] }, B=$flatten\safety.supervisor.$7\trip_id[7:0] [2:0], Y=$flatten\safety.supervisor.$6\trip_id[7:0] [2:0]
      New connections: $flatten\safety.supervisor.$6\trip_id[7:0] [7:3] = { $flatten\safety.supervisor.$6\trip_id[7:0] [2] $flatten\safety.supervisor.$6\trip_id[7:0] [2] $flatten\safety.supervisor.$6\trip_id[7:0] [2] $flatten\safety.supervisor.$6\trip_id[7:0] [2] $flatten\safety.supervisor.$6\trip_id[7:0] [2] }
  Optimizing cells in module \top.
    Consolidated identical input bits for $mux cell $flatten\safety.supervisor.$procmux$9775:
      Old ports: A=$flatten\safety.supervisor.$6\trip_id[7:0], B=8'00000011, Y=$flatten\safety.supervisor.$15\trip_id[7:0]
      New ports: A=$flatten\safety.supervisor.$6\trip_id[7:0] [2:0], B=3'011, Y=$flatten\safety.supervisor.$15\trip_id[7:0] [2:0]
      New connections: $flatten\safety.supervisor.$15\trip_id[7:0] [7:3] = { $flatten\safety.supervisor.$15\trip_id[7:0] [2] $flatten\safety.supervisor.$15\trip_id[7:0] [2] $flatten\safety.supervisor.$15\trip_id[7:0] [2] $flatten\safety.supervisor.$15\trip_id[7:0] [2] $flatten\safety.supervisor.$15\trip_id[7:0] [2] }
  Optimizing cells in module \top.
    Consolidated identical input bits for $mux cell $flatten\safety.supervisor.$procmux$9805:
      Old ports: A=$flatten\safety.supervisor.$15\trip_id[7:0], B=8'00000011, Y=$flatten\safety.supervisor.$14\trip_id[7:0]
      New ports: A=$flatten\safety.supervisor.$15\trip_id[7:0] [2:0], B=3'011, Y=$flatten\safety.supervisor.$14\trip_id[7:0] [2:0]
      New connections: $flatten\safety.supervisor.$14\trip_id[7:0] [7:3] = { $flatten\safety.supervisor.$14\trip_id[7:0] [2] $flatten\safety.supervisor.$14\trip_id[7:0] [2] $flatten\safety.supervisor.$14\trip_id[7:0] [2] $flatten\safety.supervisor.$14\trip_id[7:0] [2] $flatten\safety.supervisor.$14\trip_id[7:0] [2] }
  Optimizing cells in module \top.
    Consolidated identical input bits for $mux cell $flatten\safety.supervisor.$procmux$9829:
      Old ports: A=$flatten\safety.supervisor.$14\trip_id[7:0], B=8'00000011, Y=$flatten\safety.supervisor.$13\trip_id[7:0]
      New ports: A=$flatten\safety.supervisor.$14\trip_id[7:0] [2:0], B=3'011, Y=$flatten\safety.supervisor.$13\trip_id[7:0] [2:0]
      New connections: $flatten\safety.supervisor.$13\trip_id[7:0] [7:3] = { $flatten\safety.supervisor.$13\trip_id[7:0] [2] $flatten\safety.supervisor.$13\trip_id[7:0] [2] $flatten\safety.supervisor.$13\trip_id[7:0] [2] $flatten\safety.supervisor.$13\trip_id[7:0] [2] $flatten\safety.supervisor.$13\trip_id[7:0] [2] }
  Optimizing cells in module \top.
    Consolidated identical input bits for $mux cell $flatten\safety.supervisor.$procmux$9847:
      Old ports: A=8'00000011, B=$flatten\safety.supervisor.$13\trip_id[7:0], Y=$flatten\safety.supervisor.$12\trip_id[7:0]
      New ports: A=3'011, B=$flatten\safety.supervisor.$13\trip_id[7:0] [2:0], Y=$flatten\safety.supervisor.$12\trip_id[7:0] [2:0]
      New connections: $flatten\safety.supervisor.$12\trip_id[7:0] [7:3] = { $flatten\safety.supervisor.$12\trip_id[7:0] [2] $flatten\safety.supervisor.$12\trip_id[7:0] [2] $flatten\safety.supervisor.$12\trip_id[7:0] [2] $flatten\safety.supervisor.$12\trip_id[7:0] [2] $flatten\safety.supervisor.$12\trip_id[7:0] [2] }
  Optimizing cells in module \top.
    Consolidated identical input bits for $mux cell $flatten\safety.supervisor.$procmux$9858:
      Old ports: A=$flatten\safety.supervisor.$6\trip_id[7:0], B=$flatten\safety.supervisor.$12\trip_id[7:0], Y=\safety.supervisor.trip_id
      New ports: A=$flatten\safety.supervisor.$6\trip_id[7:0] [2:0], B=$flatten\safety.supervisor.$12\trip_id[7:0] [2:0], Y=\safety.supervisor.trip_id [2:0]
      New connections: \safety.supervisor.trip_id [7:3] = { \safety.supervisor.trip_id [2] \safety.supervisor.trip_id [2] \safety.supervisor.trip_id [2] \safety.supervisor.trip_id [2] \safety.supervisor.trip_id [2] }
  Optimizing cells in module \top.
Performed a total of 57 changes.

7.32.5. Executing OPT_MERGE pass (detect identical cells).
Finding identical cells in module `\top'.
Computing hashes of 1936 cells of `\top'.
Finding duplicate cells in `\top'.
Computing hashes of 1916 cells of `\top'.
Finding duplicate cells in `\top'.
Computing hashes of 1905 cells of `\top'.
Finding duplicate cells in `\top'.
Computing hashes of 1902 cells of `\top'.
Finding duplicate cells in `\top'.
<suppressed ~102 debug messages>
Removed a total of 34 cells.

7.32.6. Executing OPT_DFF pass (perform DFF optimizations).
Adding SRST signal on $auto$ff.cc:337:slice$18793 ($dffe) from module top (D = $add$src/bridge.v:229$3944_Y, Q = \pidx, rval = 7'0000000).

7.32.7. Executing OPT_CLEAN pass (remove unused cells and wires).
Finding unused cells or wires in module \top..
Removed 108 unused cells and 700 unused wires.
<suppressed ~135 debug messages>

7.32.8. Executing OPT_EXPR pass (perform const folding).
Optimizing module top.

7.32.9. Rerunning OPT passes. (Maybe there is more to do..)

7.32.10. Executing OPT_MUXTREE pass (detect dead branches in mux trees).
Running muxtree optimizer on module \top..
  Creating internal representation of mux trees.
  Evaluating internal representation of mux trees.
  Analyzing evaluation results.
Removed 0 multiplexer ports.
<suppressed ~936 debug messages>

7.32.11. Executing OPT_REDUCE pass (consolidate $*mux and $reduce_* inputs).
  Optimizing cells in module \top.
Performed a total of 0 changes.

7.32.12. Executing OPT_MERGE pass (detect identical cells).
Finding identical cells in module `\top'.
Computing hashes of 1794 cells of `\top'.
Finding duplicate cells in `\top'.
Removed a total of 0 cells.

7.32.13. Executing OPT_DFF pass (perform DFF optimizations).
Adding SRST signal on $memory\safety.supervisor.command_age[0]$20729 ($dff) from module top (D = $memory\safety.supervisor.command_age$wrmux[0][0][0]$y$20742, Q = \safety.supervisor.command_age[0], rval = 24'000000000000000000000000).
Adding EN signal on $auto$ff.cc:337:slice$22706 ($sdff) from module top (D = $auto$rtlil.cc:3402:Mux$20232 [23:0], Q = \safety.supervisor.command_age[0]).
Adding SRST signal on $memory\safety.supervisor.command_age[1]$20731 ($dff) from module top (D = $memory\safety.supervisor.command_age$wrmux[1][0][0]$y$20760, Q = \safety.supervisor.command_age[1], rval = 24'000000000000000000000000).
Adding EN signal on $auto$ff.cc:337:slice$22710 ($sdff) from module top (D = $auto$rtlil.cc:3402:Mux$20232 [47:24], Q = \safety.supervisor.command_age[1]).
Adding SRST signal on $memory\safety.supervisor.command_age[2]$20733 ($dff) from module top (D = $memory\safety.supervisor.command_age$wrmux[2][0][0]$y$20776, Q = \safety.supervisor.command_age[2], rval = 24'000000000000000000000000).
Adding EN signal on $auto$ff.cc:337:slice$22714 ($sdff) from module top (D = $auto$rtlil.cc:3402:Mux$20232 [71:48], Q = \safety.supervisor.command_age[2]).
Adding SRST signal on $memory\safety.supervisor.feedback_age[0]$20803 ($dff) from module top (D = $memory\safety.supervisor.feedback_age$wrmux[0][0][0]$y$20814, Q = \safety.supervisor.feedback_age[0], rval = 24'000000000000000000000000).
Adding EN signal on $auto$ff.cc:337:slice$22718 ($sdff) from module top (D = $auto$rtlil.cc:3402:Mux$20224 [23:0], Q = \safety.supervisor.feedback_age[0]).
Adding SRST signal on $memory\safety.supervisor.feedback_age[1]$20805 ($dff) from module top (D = $memory\safety.supervisor.feedback_age$wrmux[1][0][0]$y$20828, Q = \safety.supervisor.feedback_age[1], rval = 24'000000000000000000000000).
Adding EN signal on $auto$ff.cc:337:slice$22720 ($sdff) from module top (D = $auto$rtlil.cc:3402:Mux$20224 [47:24], Q = \safety.supervisor.feedback_age[1]).
Adding SRST signal on $memory\safety.supervisor.feedback_age[2]$20807 ($dff) from module top (D = $memory\safety.supervisor.feedback_age$wrmux[2][0][0]$y$20840, Q = \safety.supervisor.feedback_age[2], rval = 24'000000000000000000000000).
Adding EN signal on $auto$ff.cc:337:slice$22722 ($sdff) from module top (D = $auto$rtlil.cc:3402:Mux$20224 [71:48], Q = \safety.supervisor.feedback_age[2]).
Adding SRST signal on $memory\safety.supervisor.sample_reason[0]$20859 ($dff) from module top (D = $memory\safety.supervisor.sample_reason$wrmux[0][0][0]$y$20870 [7:3], Q = \safety.supervisor.sample_reason[0] [7:3], rval = 5'00000).
Adding EN signal on $memory\safety.supervisor.sample_reason[0]$20859 ($dff) from module top (D = $memory\safety.supervisor.sample_reason$wrmux[0][1][0]$y$20874 [2:0], Q = \safety.supervisor.sample_reason[0] [2:0]).
Adding EN signal on $auto$ff.cc:337:slice$22724 ($sdff) from module top (D = 5'00000, Q = \safety.supervisor.sample_reason[0] [7:3]).
Adding SRST signal on $memory\safety.supervisor.sample_reason[1]$20861 ($dff) from module top (D = $memory\safety.supervisor.sample_reason$wrmux[1][0][0]$y$20878 [7:3], Q = \safety.supervisor.sample_reason[1] [7:3], rval = 5'00000).
Adding EN signal on $memory\safety.supervisor.sample_reason[1]$20861 ($dff) from module top (D = $memory\safety.supervisor.sample_reason$wrmux[1][1][0]$y$20882 [2:0], Q = \safety.supervisor.sample_reason[1] [2:0]).
Adding EN signal on $auto$ff.cc:337:slice$22730 ($sdff) from module top (D = 5'00000, Q = \safety.supervisor.sample_reason[1] [7:3]).
Adding SRST signal on $memory\safety.supervisor.sample_reason[2]$20863 ($dff) from module top (D = $memory\safety.supervisor.sample_reason$wrmux[2][0][0]$y$20886 [7:3], Q = \safety.supervisor.sample_reason[2] [7:3], rval = 5'00000).
Adding EN signal on $memory\safety.supervisor.sample_reason[2]$20863 ($dff) from module top (D = $memory\safety.supervisor.sample_reason$wrmux[2][1][0]$y$20890 [2:0], Q = \safety.supervisor.sample_reason[2] [2:0]).
Adding EN signal on $auto$ff.cc:337:slice$22736 ($sdff) from module top (D = 5'00000, Q = \safety.supervisor.sample_reason[2] [7:3]).
Adding EN signal on $memory\safety.supervisor.rb[2]$20903 ($dff) from module top (D = \u_srx.data, Q = \safety.supervisor.rb[2]).
Adding EN signal on $memory\safety.supervisor.rb[4]$20907 ($dff) from module top (D = \u_srx.data, Q = \safety.supervisor.rb[4]).
Adding EN signal on $memory\safety.supervisor.rb[5]$20909 ($dff) from module top (D = \u_srx.data, Q = \safety.supervisor.rb[5]).
Adding EN signal on $memory\safety.supervisor.rb[6]$20911 ($dff) from module top (D = \u_srx.data, Q = \safety.supervisor.rb[6]).
Adding EN signal on $memory\safety.supervisor.rb[11]$20921 ($dff) from module top (D = \u_srx.data, Q = \safety.supervisor.rb[11]).
Adding EN signal on $memory\safety.supervisor.rb[12]$20923 ($dff) from module top (D = \u_srx.data, Q = \safety.supervisor.rb[12]).
Adding EN signal on $memory\safety.supervisor.rb[14]$20927 ($dff) from module top (D = \u_srx.data, Q = \safety.supervisor.rb[14]).
Adding EN signal on $memory\safety.supervisor.rb[18]$20935 ($dff) from module top (D = \u_srx.data, Q = \safety.supervisor.rb[18]).
Adding EN signal on $memory\safety.supervisor.rb[19]$20937 ($dff) from module top (D = \u_srx.data, Q = \safety.supervisor.rb[19]).
Adding EN signal on $memory\safety.supervisor.upper[0]$21207 ($dff) from module top (D = { \pbuf[10] \pbuf[9] }, Q = \safety.supervisor.upper[0]).
Adding EN signal on $memory\safety.supervisor.upper[1]$21209 ($dff) from module top (D = { \pbuf[10] \pbuf[9] }, Q = \safety.supervisor.upper[1]).
Adding EN signal on $memory\safety.supervisor.upper[2]$21211 ($dff) from module top (D = { \pbuf[10] \pbuf[9] }, Q = \safety.supervisor.upper[2]).
Adding EN signal on $memory\safety.supervisor.upper[3]$21213 ($dff) from module top (D = { \pbuf[10] \pbuf[9] }, Q = \safety.supervisor.upper[3]).
Adding EN signal on $memory\safety.supervisor.lower[0]$21249 ($dff) from module top (D = { \pbuf[8] \pbuf[7] }, Q = \safety.supervisor.lower[0]).
Adding EN signal on $memory\safety.supervisor.lower[1]$21251 ($dff) from module top (D = { \pbuf[8] \pbuf[7] }, Q = \safety.supervisor.lower[1]).
Adding EN signal on $memory\safety.supervisor.lower[2]$21253 ($dff) from module top (D = { \pbuf[8] \pbuf[7] }, Q = \safety.supervisor.lower[2]).
Adding EN signal on $memory\safety.supervisor.lower[3]$21255 ($dff) from module top (D = { \pbuf[8] \pbuf[7] }, Q = \safety.supervisor.lower[3]).
Adding EN signal on $memory\pbuf[0]$21573 ($dff) from module top (D = $memory\pbuf$wrmux[0][1][0]$y$21936, Q = \pbuf[0]).
Adding EN signal on $memory\pbuf[1]$21575 ($dff) from module top (D = $memory\pbuf$wrmux[1][1][0]$y$21950, Q = \pbuf[1]).
Adding EN signal on $memory\pbuf[2]$21577 ($dff) from module top (D = \u_hrx.data, Q = \pbuf[2]).
Adding EN signal on $memory\pbuf[3]$21579 ($dff) from module top (D = \u_hrx.data, Q = \pbuf[3]).
Adding EN signal on $memory\pbuf[4]$21581 ($dff) from module top (D = \u_hrx.data, Q = \pbuf[4]).
Adding EN signal on $memory\pbuf[5]$21583 ($dff) from module top (D = \u_hrx.data, Q = \pbuf[5]).
Adding EN signal on $memory\pbuf[6]$21585 ($dff) from module top (D = \u_hrx.data, Q = \pbuf[6]).
Adding EN signal on $memory\pbuf[7]$21587 ($dff) from module top (D = \u_hrx.data, Q = \pbuf[7]).
Adding EN signal on $memory\pbuf[8]$21589 ($dff) from module top (D = \u_hrx.data, Q = \pbuf[8]).
Adding EN signal on $memory\pbuf[9]$21591 ($dff) from module top (D = \u_hrx.data, Q = \pbuf[9]).
Adding EN signal on $memory\pbuf[10]$21593 ($dff) from module top (D = \u_hrx.data, Q = \pbuf[10]).
Adding EN signal on $memory\pbuf[11]$21595 ($dff) from module top (D = \u_hrx.data, Q = \pbuf[11]).
Adding EN signal on $memory\pbuf[12]$21597 ($dff) from module top (D = \u_hrx.data, Q = \pbuf[12]).
Adding EN signal on $memory\pbuf[13]$21599 ($dff) from module top (D = \u_hrx.data, Q = \pbuf[13]).
Adding EN signal on $memory\pbuf[14]$21601 ($dff) from module top (D = \u_hrx.data, Q = \pbuf[14]).
Adding EN signal on $memory\pbuf[15]$21603 ($dff) from module top (D = \u_hrx.data, Q = \pbuf[15]).
Adding EN signal on $memory\pbuf[16]$21605 ($dff) from module top (D = \u_hrx.data, Q = \pbuf[16]).
Adding EN signal on $memory\pbuf[17]$21607 ($dff) from module top (D = \u_hrx.data, Q = \pbuf[17]).
Adding EN signal on $memory\pbuf[18]$21609 ($dff) from module top (D = \u_hrx.data, Q = \pbuf[18]).
Adding EN signal on $memory\pbuf[19]$21611 ($dff) from module top (D = \u_hrx.data, Q = \pbuf[19]).
Adding EN signal on $memory\pbuf[20]$21613 ($dff) from module top (D = \u_hrx.data, Q = \pbuf[20]).
Adding EN signal on $memory\pbuf[21]$21615 ($dff) from module top (D = \u_hrx.data, Q = \pbuf[21]).
Adding EN signal on $memory\pbuf[22]$21617 ($dff) from module top (D = \u_hrx.data, Q = \pbuf[22]).
Adding EN signal on $memory\pbuf[23]$21619 ($dff) from module top (D = \u_hrx.data, Q = \pbuf[23]).
Adding EN signal on $memory\pbuf[24]$21621 ($dff) from module top (D = \u_hrx.data, Q = \pbuf[24]).
Adding EN signal on $memory\pbuf[25]$21623 ($dff) from module top (D = \u_hrx.data, Q = \pbuf[25]).
Adding EN signal on $memory\pbuf[26]$21625 ($dff) from module top (D = \u_hrx.data, Q = \pbuf[26]).
Adding EN signal on $memory\pbuf[27]$21627 ($dff) from module top (D = \u_hrx.data, Q = \pbuf[27]).
Adding EN signal on $memory\pbuf[28]$21629 ($dff) from module top (D = \u_hrx.data, Q = \pbuf[28]).
Adding EN signal on $memory\pbuf[29]$21631 ($dff) from module top (D = \u_hrx.data, Q = \pbuf[29]).
Adding EN signal on $memory\pbuf[30]$21633 ($dff) from module top (D = \u_hrx.data, Q = \pbuf[30]).
Adding EN signal on $memory\pbuf[31]$21635 ($dff) from module top (D = \u_hrx.data, Q = \pbuf[31]).
Adding EN signal on $memory\pbuf[32]$21637 ($dff) from module top (D = \u_hrx.data, Q = \pbuf[32]).
Adding EN signal on $memory\pbuf[33]$21639 ($dff) from module top (D = \u_hrx.data, Q = \pbuf[33]).
Adding EN signal on $memory\pbuf[34]$21641 ($dff) from module top (D = \u_hrx.data, Q = \pbuf[34]).
Adding EN signal on $memory\pbuf[35]$21643 ($dff) from module top (D = \u_hrx.data, Q = \pbuf[35]).
Adding EN signal on $memory\pbuf[36]$21645 ($dff) from module top (D = \u_hrx.data, Q = \pbuf[36]).
Adding EN signal on $memory\pbuf[37]$21647 ($dff) from module top (D = \u_hrx.data, Q = \pbuf[37]).
Adding EN signal on $memory\pbuf[38]$21649 ($dff) from module top (D = \u_hrx.data, Q = \pbuf[38]).
Adding EN signal on $memory\pbuf[39]$21651 ($dff) from module top (D = \u_hrx.data, Q = \pbuf[39]).
Adding EN signal on $memory\pbuf[40]$21653 ($dff) from module top (D = \u_hrx.data, Q = \pbuf[40]).
Adding EN signal on $memory\pbuf[41]$21655 ($dff) from module top (D = \u_hrx.data, Q = \pbuf[41]).
Adding EN signal on $memory\pbuf[42]$21657 ($dff) from module top (D = \u_hrx.data, Q = \pbuf[42]).
Adding EN signal on $memory\pbuf[43]$21659 ($dff) from module top (D = \u_hrx.data, Q = \pbuf[43]).
Adding EN signal on $memory\pbuf[44]$21661 ($dff) from module top (D = \u_hrx.data, Q = \pbuf[44]).
Adding EN signal on $memory\pbuf[45]$21663 ($dff) from module top (D = \u_hrx.data, Q = \pbuf[45]).
Adding EN signal on $memory\pbuf[46]$21665 ($dff) from module top (D = \u_hrx.data, Q = \pbuf[46]).
Adding EN signal on $memory\pbuf[47]$21667 ($dff) from module top (D = \u_hrx.data, Q = \pbuf[47]).
Adding EN signal on $memory\pbuf[48]$21669 ($dff) from module top (D = \u_hrx.data, Q = \pbuf[48]).
Adding EN signal on $memory\pbuf[49]$21671 ($dff) from module top (D = \u_hrx.data, Q = \pbuf[49]).
Adding EN signal on $memory\pbuf[50]$21673 ($dff) from module top (D = \u_hrx.data, Q = \pbuf[50]).
Adding EN signal on $memory\pbuf[51]$21675 ($dff) from module top (D = \u_hrx.data, Q = \pbuf[51]).
Adding EN signal on $memory\pbuf[52]$21677 ($dff) from module top (D = \u_hrx.data, Q = \pbuf[52]).
Adding EN signal on $memory\pbuf[53]$21679 ($dff) from module top (D = \u_hrx.data, Q = \pbuf[53]).
Adding EN signal on $memory\pbuf[54]$21681 ($dff) from module top (D = \u_hrx.data, Q = \pbuf[54]).
Adding EN signal on $memory\pbuf[55]$21683 ($dff) from module top (D = \u_hrx.data, Q = \pbuf[55]).
Adding EN signal on $memory\pbuf[56]$21685 ($dff) from module top (D = \u_hrx.data, Q = \pbuf[56]).
Adding EN signal on $memory\pbuf[57]$21687 ($dff) from module top (D = \u_hrx.data, Q = \pbuf[57]).
Adding EN signal on $memory\pbuf[58]$21689 ($dff) from module top (D = \u_hrx.data, Q = \pbuf[58]).
Adding EN signal on $memory\pbuf[59]$21691 ($dff) from module top (D = \u_hrx.data, Q = \pbuf[59]).
Adding EN signal on $memory\pbuf[60]$21693 ($dff) from module top (D = \u_hrx.data, Q = \pbuf[60]).
Adding EN signal on $memory\pbuf[61]$21695 ($dff) from module top (D = \u_hrx.data, Q = \pbuf[61]).
Adding EN signal on $memory\pbuf[62]$21697 ($dff) from module top (D = \u_hrx.data, Q = \pbuf[62]).
Adding EN signal on $memory\pbuf[63]$21699 ($dff) from module top (D = \u_hrx.data, Q = \pbuf[63]).
Setting constant 0-bit at position 0 on $auto$ff.cc:337:slice$22741 ($sdffe) from module top.
Setting constant 0-bit at position 1 on $auto$ff.cc:337:slice$22741 ($sdffe) from module top.
Setting constant 0-bit at position 2 on $auto$ff.cc:337:slice$22741 ($sdffe) from module top.
Setting constant 0-bit at position 3 on $auto$ff.cc:337:slice$22741 ($sdffe) from module top.
Setting constant 0-bit at position 4 on $auto$ff.cc:337:slice$22741 ($sdffe) from module top.
Setting constant 0-bit at position 0 on $auto$ff.cc:337:slice$22735 ($sdffe) from module top.
Setting constant 0-bit at position 1 on $auto$ff.cc:337:slice$22735 ($sdffe) from module top.
Setting constant 0-bit at position 2 on $auto$ff.cc:337:slice$22735 ($sdffe) from module top.
Setting constant 0-bit at position 3 on $auto$ff.cc:337:slice$22735 ($sdffe) from module top.
Setting constant 0-bit at position 4 on $auto$ff.cc:337:slice$22735 ($sdffe) from module top.
Setting constant 0-bit at position 0 on $auto$ff.cc:337:slice$22729 ($sdffe) from module top.
Setting constant 0-bit at position 1 on $auto$ff.cc:337:slice$22729 ($sdffe) from module top.
Setting constant 0-bit at position 2 on $auto$ff.cc:337:slice$22729 ($sdffe) from module top.
Setting constant 0-bit at position 3 on $auto$ff.cc:337:slice$22729 ($sdffe) from module top.
Setting constant 0-bit at position 4 on $auto$ff.cc:337:slice$22729 ($sdffe) from module top.

7.32.14. Executing OPT_CLEAN pass (remove unused cells and wires).
Finding unused cells or wires in module \top..
Removed 94 unused cells and 94 unused wires.
<suppressed ~95 debug messages>

7.32.15. Executing OPT_EXPR pass (perform const folding).
Optimizing module top.
<suppressed ~5 debug messages>

7.32.16. Rerunning OPT passes. (Maybe there is more to do..)

7.32.17. Executing OPT_MUXTREE pass (detect dead branches in mux trees).
Running muxtree optimizer on module \top..
  Creating internal representation of mux trees.
  Evaluating internal representation of mux trees.
  Analyzing evaluation results.
Removed 0 multiplexer ports.
<suppressed ~751 debug messages>

7.32.18. Executing OPT_REDUCE pass (consolidate $*mux and $reduce_* inputs).
  Optimizing cells in module \top.
    Consolidated identical input bits for $mux cell $memory\safety.supervisor.sample_reason$wrmux[2][0][0]$20885:
      Old ports: A=8'00000xxx, B=8'00000111, Y=$memory\safety.supervisor.sample_reason$wrmux[2][0][0]$y$20886
      New ports: A=1'x, B=1'1, Y=$memory\safety.supervisor.sample_reason$wrmux[2][0][0]$y$20886 [0]
      New connections: $memory\safety.supervisor.sample_reason$wrmux[2][0][0]$y$20886 [7:1] = { 5'00000 $memory\safety.supervisor.sample_reason$wrmux[2][0][0]$y$20886 [0] $memory\safety.supervisor.sample_reason$wrmux[2][0][0]$y$20886 [0] }
    Consolidated identical input bits for $mux cell $memory\safety.supervisor.sample_reason$wrmux[1][0][0]$20877:
      Old ports: A=8'00000xxx, B=8'00000111, Y=$memory\safety.supervisor.sample_reason$wrmux[1][0][0]$y$20878
      New ports: A=1'x, B=1'1, Y=$memory\safety.supervisor.sample_reason$wrmux[1][0][0]$y$20878 [0]
      New connections: $memory\safety.supervisor.sample_reason$wrmux[1][0][0]$y$20878 [7:1] = { 5'00000 $memory\safety.supervisor.sample_reason$wrmux[1][0][0]$y$20878 [0] $memory\safety.supervisor.sample_reason$wrmux[1][0][0]$y$20878 [0] }
    Consolidated identical input bits for $mux cell $memory\safety.supervisor.sample_reason$wrmux[0][0][0]$20869:
      Old ports: A=8'00000xxx, B=8'00000111, Y=$memory\safety.supervisor.sample_reason$wrmux[0][0][0]$y$20870
      New ports: A=1'x, B=1'1, Y=$memory\safety.supervisor.sample_reason$wrmux[0][0][0]$y$20870 [0]
      New connections: $memory\safety.supervisor.sample_reason$wrmux[0][0][0]$y$20870 [7:1] = { 5'00000 $memory\safety.supervisor.sample_reason$wrmux[0][0][0]$y$20870 [0] $memory\safety.supervisor.sample_reason$wrmux[0][0][0]$y$20870 [0] }
    Consolidated identical input bits for $mux cell $memory\pbuf$wrmux[1][0][0]$21939:
      Old ports: A=8'x, B=8'11111111, Y=$memory\pbuf$wrmux[1][0][0]$y$21940
      New ports: A=1'x, B=1'1, Y=$memory\pbuf$wrmux[1][0][0]$y$21940 [0]
      New connections: $memory\pbuf$wrmux[1][0][0]$y$21940 [7:1] = { $memory\pbuf$wrmux[1][0][0]$y$21940 [0] $memory\pbuf$wrmux[1][0][0]$y$21940 [0] $memory\pbuf$wrmux[1][0][0]$y$21940 [0] $memory\pbuf$wrmux[1][0][0]$y$21940 [0] $memory\pbuf$wrmux[1][0][0]$y$21940 [0] $memory\pbuf$wrmux[1][0][0]$y$21940 [0] $memory\pbuf$wrmux[1][0][0]$y$21940 [0] }
    Consolidated identical input bits for $mux cell $memory\pbuf$wrmux[0][0][0]$21909:
      Old ports: A=8'x, B=8'11111111, Y=$memory\pbuf$wrmux[0][0][0]$y$21910
      New ports: A=1'x, B=1'1, Y=$memory\pbuf$wrmux[0][0][0]$y$21910 [0]
      New connections: $memory\pbuf$wrmux[0][0][0]$y$21910 [7:1] = { $memory\pbuf$wrmux[0][0][0]$y$21910 [0] $memory\pbuf$wrmux[0][0][0]$y$21910 [0] $memory\pbuf$wrmux[0][0][0]$y$21910 [0] $memory\pbuf$wrmux[0][0][0]$y$21910 [0] $memory\pbuf$wrmux[0][0][0]$y$21910 [0] $memory\pbuf$wrmux[0][0][0]$y$21910 [0] $memory\pbuf$wrmux[0][0][0]$y$21910 [0] }
    Consolidated identical input bits for $mux cell $flatten\safety.supervisor.$procmux$10033:
      Old ports: A={ 5'00000 \safety.supervisor.sample_reason[0] [2:0] }, B={ 4'0000 $flatten\safety.supervisor.$3\trip_reason[7:0] [3:2] $flatten\safety.supervisor.$3\trip_reason[7:0] [0] $flatten\safety.supervisor.$3\trip_reason[7:0] [0] }, Y=$flatten\safety.supervisor.$2\trip_reason[7:0]
      New ports: A={ 1'0 \safety.supervisor.sample_reason[0] [2:0] }, B={ $flatten\safety.supervisor.$3\trip_reason[7:0] [3:2] $flatten\safety.supervisor.$3\trip_reason[7:0] [0] $flatten\safety.supervisor.$3\trip_reason[7:0] [0] }, Y=$flatten\safety.supervisor.$2\trip_reason[7:0] [3:0]
      New connections: $flatten\safety.supervisor.$2\trip_reason[7:0] [7:4] = 4'0000
  Optimizing cells in module \top.
    Consolidated identical input bits for $mux cell $memory\safety.supervisor.sample_reason$wrmux[2][1][0]$20889:
      Old ports: A=$memory\safety.supervisor.sample_reason$wrmux[2][0][0]$y$20886, B={ 5'00000 \safety.supervisor.decoded_reason [2:0] }, Y=$memory\safety.supervisor.sample_reason$wrmux[2][1][0]$y$20890
      New ports: A={ $memory\safety.supervisor.sample_reason$wrmux[2][0][0]$y$20886 [0] $memory\safety.supervisor.sample_reason$wrmux[2][0][0]$y$20886 [0] $memory\safety.supervisor.sample_reason$wrmux[2][0][0]$y$20886 [0] }, B=\safety.supervisor.decoded_reason [2:0], Y=$memory\safety.supervisor.sample_reason$wrmux[2][1][0]$y$20890 [2:0]
      New connections: $memory\safety.supervisor.sample_reason$wrmux[2][1][0]$y$20890 [7:3] = 5'00000
    Consolidated identical input bits for $mux cell $memory\safety.supervisor.sample_reason$wrmux[1][1][0]$20881:
      Old ports: A=$memory\safety.supervisor.sample_reason$wrmux[1][0][0]$y$20878, B={ 5'00000 \safety.supervisor.decoded_reason [2:0] }, Y=$memory\safety.supervisor.sample_reason$wrmux[1][1][0]$y$20882
      New ports: A={ $memory\safety.supervisor.sample_reason$wrmux[1][0][0]$y$20878 [0] $memory\safety.supervisor.sample_reason$wrmux[1][0][0]$y$20878 [0] $memory\safety.supervisor.sample_reason$wrmux[1][0][0]$y$20878 [0] }, B=\safety.supervisor.decoded_reason [2:0], Y=$memory\safety.supervisor.sample_reason$wrmux[1][1][0]$y$20882 [2:0]
      New connections: $memory\safety.supervisor.sample_reason$wrmux[1][1][0]$y$20882 [7:3] = 5'00000
    Consolidated identical input bits for $mux cell $memory\safety.supervisor.sample_reason$wrmux[0][1][0]$20873:
      Old ports: A=$memory\safety.supervisor.sample_reason$wrmux[0][0][0]$y$20870, B={ 5'00000 \safety.supervisor.decoded_reason [2:0] }, Y=$memory\safety.supervisor.sample_reason$wrmux[0][1][0]$y$20874
      New ports: A={ $memory\safety.supervisor.sample_reason$wrmux[0][0][0]$y$20870 [0] $memory\safety.supervisor.sample_reason$wrmux[0][0][0]$y$20870 [0] $memory\safety.supervisor.sample_reason$wrmux[0][0][0]$y$20870 [0] }, B=\safety.supervisor.decoded_reason [2:0], Y=$memory\safety.supervisor.sample_reason$wrmux[0][1][0]$y$20874 [2:0]
      New connections: $memory\safety.supervisor.sample_reason$wrmux[0][1][0]$y$20874 [7:3] = 5'00000
    Consolidated identical input bits for $mux cell $flatten\safety.supervisor.$procmux$10041:
      Old ports: A=8'00000000, B=$flatten\safety.supervisor.$2\trip_reason[7:0], Y=$flatten\safety.supervisor.$1\trip_reason[7:0]
      New ports: A=4'0000, B=$flatten\safety.supervisor.$2\trip_reason[7:0] [3:0], Y=$flatten\safety.supervisor.$1\trip_reason[7:0] [3:0]
      New connections: $flatten\safety.supervisor.$1\trip_reason[7:0] [7:4] = 4'0000
  Optimizing cells in module \top.
    Consolidated identical input bits for $mux cell $flatten\safety.supervisor.$procmux$9880:
      Old ports: A=$flatten\safety.supervisor.$1\trip_reason[7:0], B=8'00001000, Y=$flatten\safety.supervisor.$10\trip_reason[7:0]
      New ports: A=$flatten\safety.supervisor.$1\trip_reason[7:0] [3:0], B=4'1000, Y=$flatten\safety.supervisor.$10\trip_reason[7:0] [3:0]
      New connections: $flatten\safety.supervisor.$10\trip_reason[7:0] [7:4] = 4'0000
  Optimizing cells in module \top.
    Consolidated identical input bits for $mux cell $flatten\safety.supervisor.$procmux$9907:
      Old ports: A=$flatten\safety.supervisor.$10\trip_reason[7:0], B=8'00001100, Y=$flatten\safety.supervisor.$9\trip_reason[7:0]
      New ports: A=$flatten\safety.supervisor.$10\trip_reason[7:0] [3:0], B=4'1100, Y=$flatten\safety.supervisor.$9\trip_reason[7:0] [3:0]
      New connections: $flatten\safety.supervisor.$9\trip_reason[7:0] [7:4] = 4'0000
  Optimizing cells in module \top.
    Consolidated identical input bits for $mux cell $flatten\safety.supervisor.$procmux$9928:
      Old ports: A=$flatten\safety.supervisor.$9\trip_reason[7:0], B=8'00000111, Y=$flatten\safety.supervisor.$8\trip_reason[7:0]
      New ports: A=$flatten\safety.supervisor.$9\trip_reason[7:0] [3:0], B=4'0111, Y=$flatten\safety.supervisor.$8\trip_reason[7:0] [3:0]
      New connections: $flatten\safety.supervisor.$8\trip_reason[7:0] [7:4] = 4'0000
  Optimizing cells in module \top.
    Consolidated identical input bits for $mux cell $flatten\safety.supervisor.$procmux$9943:
      Old ports: A={ 5'00000 \safety.supervisor.sample_reason[1] [2:0] }, B=$flatten\safety.supervisor.$8\trip_reason[7:0], Y=$flatten\safety.supervisor.$7\trip_reason[7:0]
      New ports: A={ 1'0 \safety.supervisor.sample_reason[1] [2:0] }, B=$flatten\safety.supervisor.$8\trip_reason[7:0] [3:0], Y=$flatten\safety.supervisor.$7\trip_reason[7:0] [3:0]
      New connections: $flatten\safety.supervisor.$7\trip_reason[7:0] [7:4] = 4'0000
  Optimizing cells in module \top.
    Consolidated identical input bits for $mux cell $flatten\safety.supervisor.$procmux$9951:
      Old ports: A=$flatten\safety.supervisor.$1\trip_reason[7:0], B=$flatten\safety.supervisor.$7\trip_reason[7:0], Y=$flatten\safety.supervisor.$6\trip_reason[7:0]
      New ports: A=$flatten\safety.supervisor.$1\trip_reason[7:0] [3:0], B=$flatten\safety.supervisor.$7\trip_reason[7:0] [3:0], Y=$flatten\safety.supervisor.$6\trip_reason[7:0] [3:0]
      New connections: $flatten\safety.supervisor.$6\trip_reason[7:0] [7:4] = 4'0000
  Optimizing cells in module \top.
    Consolidated identical input bits for $mux cell $flatten\safety.supervisor.$procmux$9790:
      Old ports: A=$flatten\safety.supervisor.$6\trip_reason[7:0], B=8'00001000, Y=$flatten\safety.supervisor.$15\trip_reason[7:0]
      New ports: A=$flatten\safety.supervisor.$6\trip_reason[7:0] [3:0], B=4'1000, Y=$flatten\safety.supervisor.$15\trip_reason[7:0] [3:0]
      New connections: $flatten\safety.supervisor.$15\trip_reason[7:0] [7:4] = 4'0000
  Optimizing cells in module \top.
    Consolidated identical input bits for $mux cell $flatten\safety.supervisor.$procmux$9817:
      Old ports: A=$flatten\safety.supervisor.$15\trip_reason[7:0], B=8'00001100, Y=$flatten\safety.supervisor.$14\trip_reason[7:0]
      New ports: A=$flatten\safety.supervisor.$15\trip_reason[7:0] [3:0], B=4'1100, Y=$flatten\safety.supervisor.$14\trip_reason[7:0] [3:0]
      New connections: $flatten\safety.supervisor.$14\trip_reason[7:0] [7:4] = 4'0000
  Optimizing cells in module \top.
    Consolidated identical input bits for $mux cell $flatten\safety.supervisor.$procmux$9838:
      Old ports: A=$flatten\safety.supervisor.$14\trip_reason[7:0], B=8'00000111, Y=$flatten\safety.supervisor.$13\trip_reason[7:0]
      New ports: A=$flatten\safety.supervisor.$14\trip_reason[7:0] [3:0], B=4'0111, Y=$flatten\safety.supervisor.$13\trip_reason[7:0] [3:0]
      New connections: $flatten\safety.supervisor.$13\trip_reason[7:0] [7:4] = 4'0000
  Optimizing cells in module \top.
    Consolidated identical input bits for $mux cell $flatten\safety.supervisor.$procmux$9853:
      Old ports: A={ 5'00000 \safety.supervisor.sample_reason[2] [2:0] }, B=$flatten\safety.supervisor.$13\trip_reason[7:0], Y=$flatten\safety.supervisor.$12\trip_reason[7:0]
      New ports: A={ 1'0 \safety.supervisor.sample_reason[2] [2:0] }, B=$flatten\safety.supervisor.$13\trip_reason[7:0] [3:0], Y=$flatten\safety.supervisor.$12\trip_reason[7:0] [3:0]
      New connections: $flatten\safety.supervisor.$12\trip_reason[7:0] [7:4] = 4'0000
  Optimizing cells in module \top.
    Consolidated identical input bits for $mux cell $flatten\safety.supervisor.$procmux$9861:
      Old ports: A=$flatten\safety.supervisor.$6\trip_reason[7:0], B=$flatten\safety.supervisor.$12\trip_reason[7:0], Y=\safety.supervisor.trip_reason
      New ports: A=$flatten\safety.supervisor.$6\trip_reason[7:0] [3:0], B=$flatten\safety.supervisor.$12\trip_reason[7:0] [3:0], Y=\safety.supervisor.trip_reason [3:0]
      New connections: \safety.supervisor.trip_reason [7:4] = 4'0000
  Optimizing cells in module \top.
    Consolidated identical input bits for $mux cell $flatten\safety.supervisor.$procmux$9732:
      Old ports: A={ 4'0000 $flatten\safety.supervisor.$procmux$9724_Y [1] 1'0 $flatten\safety.supervisor.$procmux$9724_Y [1] 1'0 }, B=\safety.supervisor.trip_reason, Y=$flatten\safety.supervisor.$procmux$9732_Y
      New ports: A={ $flatten\safety.supervisor.$procmux$9724_Y [1] 1'0 $flatten\safety.supervisor.$procmux$9724_Y [1] 1'0 }, B=\safety.supervisor.trip_reason [3:0], Y=$flatten\safety.supervisor.$procmux$9732_Y [3:0]
      New connections: $flatten\safety.supervisor.$procmux$9732_Y [7:4] = 4'0000
  Optimizing cells in module \top.
    Consolidated identical input bits for $mux cell $flatten\safety.supervisor.$procmux$9735:
      Old ports: A=$flatten\safety.supervisor.$procmux$9732_Y, B={ 6'000010 $auto$wreduce.cc:514:run$19259 [1] 1'1 }, Y=$flatten\safety.supervisor.$procmux$9735_Y
      New ports: A=$flatten\safety.supervisor.$procmux$9732_Y [3:0], B={ 2'10 $auto$wreduce.cc:514:run$19259 [1] 1'1 }, Y=$flatten\safety.supervisor.$procmux$9735_Y [3:0]
      New connections: $flatten\safety.supervisor.$procmux$9735_Y [7:4] = 4'0000
  Optimizing cells in module \top.
Performed a total of 22 changes.

7.32.19. Executing OPT_MERGE pass (detect identical cells).
Finding identical cells in module `\top'.
Computing hashes of 1708 cells of `\top'.
Finding duplicate cells in `\top'.
Computing hashes of 1706 cells of `\top'.
Finding duplicate cells in `\top'.
<suppressed ~6 debug messages>
Removed a total of 2 cells.

7.32.20. Executing OPT_DFF pass (perform DFF optimizations).

7.32.21. Executing OPT_CLEAN pass (remove unused cells and wires).
Finding unused cells or wires in module \top..
Removed 0 unused cells and 2 unused wires.
<suppressed ~1 debug messages>

7.32.22. Executing OPT_EXPR pass (perform const folding).
Optimizing module top.
<suppressed ~3 debug messages>

7.32.23. Rerunning OPT passes. (Maybe there is more to do..)

7.32.24. Executing OPT_MUXTREE pass (detect dead branches in mux trees).
Running muxtree optimizer on module \top..
  Creating internal representation of mux trees.
  Evaluating internal representation of mux trees.
  Analyzing evaluation results.
Removed 0 multiplexer ports.
<suppressed ~753 debug messages>

7.32.25. Executing OPT_REDUCE pass (consolidate $*mux and $reduce_* inputs).
  Optimizing cells in module \top.
Performed a total of 0 changes.

7.32.26. Executing OPT_MERGE pass (detect identical cells).
Finding identical cells in module `\top'.
Computing hashes of 1706 cells of `\top'.
Finding duplicate cells in `\top'.
Removed a total of 0 cells.

7.32.27. Executing OPT_DFF pass (perform DFF optimizations).
Setting constant 0-bit at position 4 on $auto$ff.cc:337:slice$18679 ($sdffe) from module top.
Setting constant 0-bit at position 5 on $auto$ff.cc:337:slice$18679 ($sdffe) from module top.
Setting constant 0-bit at position 6 on $auto$ff.cc:337:slice$18679 ($sdffe) from module top.
Setting constant 0-bit at position 7 on $auto$ff.cc:337:slice$18679 ($sdffe) from module top.

7.32.28. Executing OPT_CLEAN pass (remove unused cells and wires).
Finding unused cells or wires in module \top..

7.32.29. Executing OPT_EXPR pass (perform const folding).
Optimizing module top.

7.32.30. Rerunning OPT passes. (Maybe there is more to do..)

7.32.31. Executing OPT_MUXTREE pass (detect dead branches in mux trees).
Running muxtree optimizer on module \top..
  Creating internal representation of mux trees.
  Evaluating internal representation of mux trees.
  Analyzing evaluation results.
Removed 0 multiplexer ports.
<suppressed ~753 debug messages>

7.32.32. Executing OPT_REDUCE pass (consolidate $*mux and $reduce_* inputs).
  Optimizing cells in module \top.
Performed a total of 0 changes.

7.32.33. Executing OPT_MERGE pass (detect identical cells).
Finding identical cells in module `\top'.
Computing hashes of 1706 cells of `\top'.
Finding duplicate cells in `\top'.
Removed a total of 0 cells.

7.32.34. Executing OPT_DFF pass (perform DFF optimizations).
Setting constant 0-bit at position 4 on $auto$ff.cc:337:slice$18891 ($dffe) from module top.
Setting constant 0-bit at position 5 on $auto$ff.cc:337:slice$18891 ($dffe) from module top.
Setting constant 0-bit at position 6 on $auto$ff.cc:337:slice$18891 ($dffe) from module top.
Setting constant 0-bit at position 7 on $auto$ff.cc:337:slice$18891 ($dffe) from module top.

7.32.35. Executing OPT_CLEAN pass (remove unused cells and wires).
Finding unused cells or wires in module \top..

7.32.36. Executing OPT_EXPR pass (perform const folding).
Optimizing module top.

7.32.37. Rerunning OPT passes. (Maybe there is more to do..)

7.32.38. Executing OPT_MUXTREE pass (detect dead branches in mux trees).
Running muxtree optimizer on module \top..
  Creating internal representation of mux trees.
  Evaluating internal representation of mux trees.
  Analyzing evaluation results.
Removed 0 multiplexer ports.
<suppressed ~753 debug messages>

7.32.39. Executing OPT_REDUCE pass (consolidate $*mux and $reduce_* inputs).
  Optimizing cells in module \top.
Performed a total of 0 changes.

7.32.40. Executing OPT_MERGE pass (detect identical cells).
Finding identical cells in module `\top'.
Computing hashes of 1706 cells of `\top'.
Finding duplicate cells in `\top'.
Removed a total of 0 cells.

7.32.41. Executing OPT_DFF pass (perform DFF optimizations).

7.32.42. Executing OPT_CLEAN pass (remove unused cells and wires).
Finding unused cells or wires in module \top..

7.32.43. Executing OPT_EXPR pass (perform const folding).
Optimizing module top.

7.32.44. Finished fast OPT passes. (There is nothing left to do.)

7.33. Executing TECHMAP pass (map to technology primitives).

7.33.1. Executing Verilog-2005 frontend: /Users/elliot/.local/opt/oss-cad-suite/libexec/../share/yosys/techmap.v
Parsing Verilog input from `/Users/elliot/.local/opt/oss-cad-suite/libexec/../share/yosys/techmap.v' to AST representation.
Generating RTLIL representation for module `\_90_simplemap_bool_ops'.
Generating RTLIL representation for module `\_90_simplemap_reduce_ops'.
Generating RTLIL representation for module `\_90_simplemap_logic_ops'.
Generating RTLIL representation for module `\_90_simplemap_compare_ops'.
Generating RTLIL representation for module `\_90_simplemap_various'.
Generating RTLIL representation for module `\_90_simplemap_registers'.
Generating RTLIL representation for module `\_90_shift_ops_shr_shl_sshl_sshr'.
Generating RTLIL representation for module `\_90_shift_shiftx'.
Generating RTLIL representation for module `\_90_fa'.
Generating RTLIL representation for module `\_90_lcu_brent_kung'.
Generating RTLIL representation for module `\_90_alu'.
Generating RTLIL representation for module `\_90_macc'.
Generating RTLIL representation for module `\_90_alumacc'.
Generating RTLIL representation for module `$__div_mod_u'.
Generating RTLIL representation for module `$__div_mod_trunc'.
Generating RTLIL representation for module `\_90_div'.
Generating RTLIL representation for module `\_90_mod'.
Generating RTLIL representation for module `$__div_mod_floor'.
Generating RTLIL representation for module `\_90_divfloor'.
Generating RTLIL representation for module `\_90_modfloor'.
Generating RTLIL representation for module `\_90_pow'.
Generating RTLIL representation for module `\_90_demux'.
Generating RTLIL representation for module `\_90_lut'.
Generating RTLIL representation for module `$connect'.
Generating RTLIL representation for module `$input_port'.
Successfully finished Verilog frontend.

7.33.2. Executing Verilog-2005 frontend: /Users/elliot/.local/opt/oss-cad-suite/libexec/../share/yosys/gowin/arith_map.v
Parsing Verilog input from `/Users/elliot/.local/opt/oss-cad-suite/libexec/../share/yosys/gowin/arith_map.v' to AST representation.
Generating RTLIL representation for module `\_80_gw1n_alu'.
Successfully finished Verilog frontend.

7.33.3. Continuing TECHMAP pass.
Using extmapper simplemap for cells of type $dffe.
Using extmapper simplemap for cells of type $sdffe.
Using extmapper simplemap for cells of type $reduce_bool.
Using extmapper simplemap for cells of type $reduce_or.
Using extmapper simplemap for cells of type $sdffce.
Using extmapper simplemap for cells of type $and.
Using extmapper simplemap for cells of type $not.
Using extmapper simplemap for cells of type $sdff.
Using extmapper simplemap for cells of type $mux.
Using extmapper simplemap for cells of type $or.
Using template $paramod$c3cd1564c35d873179656addd6052d7ea8b6d991\_80_gw1n_alu for cells of type $alu.
Using template $paramod$672a140277c71df8314410f22acc08d55222c3c7\_80_gw1n_alu for cells of type $alu.
Using template $paramod$d8458b3c47920e79a4e96c2be935e3ae586a4c76\_80_gw1n_alu for cells of type $alu.
Using template $paramod$c6885379b74fbbf6906b35106e386e521d86cbb2\_80_gw1n_alu for cells of type $alu.
Using template $paramod$103b4016182df467cceab67bcf3e18e6361ec0fd\_80_gw1n_alu for cells of type $alu.
Using template $paramod$a1bc51c02ce12ac21eb18988e83292af48ed7d72\_80_gw1n_alu for cells of type $alu.
Using template $paramod$10ed987432f06055e5279101f9ec60a49861b43c\_80_gw1n_alu for cells of type $alu.
Using template $paramod$b52bd7d9c9f7528eea96dbf9fa48ed18ac637bc8\_80_gw1n_alu for cells of type $alu.
Using template $paramod$2af30114e9bd4ccb04dad757b3f0a8f6bf0615b0\_80_gw1n_alu for cells of type $alu.
Using template $paramod$32a7b7b86c07519b7537abc18e96f0331f97914d\_80_gw1n_alu for cells of type $alu.
Using template $paramod$3ef7d3dd227da7627a99c5e5a6a4deb817573e39\_80_gw1n_alu for cells of type $alu.
Using template $paramod$32efbfac1c4dc57230cf86180788fdfd12e3b511\_80_gw1n_alu for cells of type $alu.
Using template $paramod$53700bbee849b2010ad0b60a61ccd204a10e24ca\_80_gw1n_alu for cells of type $alu.
Using template $paramod$ba698a254f9a5947e85cbe7beae6b161eefc5386\_90_alu for cells of type $alu.
Using extmapper simplemap for cells of type $reduce_and.
Using template $paramod$8a62ded8d652be76033db56ea9a2bbb5ea1d4453\_80_gw1n_alu for cells of type $alu.
Using template $paramod$0a77e3c00010cb33e399decd813a7380c6e25cba\_80_gw1n_alu for cells of type $alu.
Using template $paramod$336b1fb79b1d6be5a93bb9daed6b253aadd9b6ea\_80_gw1n_alu for cells of type $alu.
Using template $paramod$79aa992f2eb7f354d4aaf651790713cf239111fa\_80_gw1n_alu for cells of type $alu.
Using template $paramod$ef8fb1849064cca7dc908988762d3374786d9fdb\_80_gw1n_alu for cells of type $alu.
Using template $paramod$3ef274a4ad1e446c08416d1cf6cb5ab03146d407\_80_gw1n_alu for cells of type $alu.
Using template $paramod$081ba1a4a7201ecdb44563d3c3bd7013d1ebf4eb\_80_gw1n_alu for cells of type $alu.
Using template $paramod$6df0329addda9228fcc2546de2aaf14ad26c98e1\_80_gw1n_alu for cells of type $alu.
Using template $paramod$d90c3448203144d55644b597072d6cf1b3e54430\_80_gw1n_alu for cells of type $alu.
Using template $paramod$a9c900cfac70fce03c31ed9e1b8decb8a10ccec8\_80_gw1n_alu for cells of type $alu.
Using template $paramod$a04dd9d4d8b430140c4ff94b50470fb380fda2a0\_80_gw1n_alu for cells of type $alu.
Using template $paramod$403a3c2fa431a154c52a6a5429d7a6260b5d144f\_80_gw1n_alu for cells of type $alu.
Using template $paramod$12350b8c8422a70d10b7db4eaae1202a7148b784\_80_gw1n_alu for cells of type $alu.
Using template $paramod$3bb72ad0665cdca279bbc49ed6a39f403f16497f\_80_gw1n_alu for cells of type $alu.
Using template $paramod$fe4061330a3f6272d217d473f5639492135d6151\_80_gw1n_alu for cells of type $alu.
Using template $paramod$d597a1d02e4b78ac244cbe0a6bc64f098a6f19e7\_80_gw1n_alu for cells of type $alu.
Using template $paramod$ed40eaed6d7865a5f6e873e7da3aa6067d71cfbb\_80_gw1n_alu for cells of type $alu.
Using template $paramod$403e3b916c6203cefc86d5db164f41811de6a0e8\_80_gw1n_alu for cells of type $alu.
Using template $paramod$5042debdcb1fbd120a67f55dfe5b3afe2a9f08e5\_80_gw1n_alu for cells of type $alu.
Using template $paramod$ee3d784672cdb1cb32d9a801a3af776716f16b74\_80_gw1n_alu for cells of type $alu.
Using template $paramod$5d2e07eca6b9fbd538aff231e6f05d9604b7a77e\_80_gw1n_alu for cells of type $alu.
Using template $paramod$eae5c6d909a05153739c7821f34da2cbc0422532\_80_gw1n_alu for cells of type $alu.
Using template $paramod$68eb2ee261b49d479fb9d9ec0659e1d20891082b\_80_gw1n_alu for cells of type $alu.
Using template $paramod$8742280fdebca84e1c87f2a86ed84f62d558f4cc\_80_gw1n_alu for cells of type $alu.
Using template $paramod$15a3b70ea5534c0cc298fa6d405a538b5f71cb9e\_80_gw1n_alu for cells of type $alu.
Using template $paramod$fc972a7a46956c1788f3cb5257b53c8f1df2d0cc\_90_alu for cells of type $alu.
Using template $paramod$75108d6e8d490ab2eec24aee458e87cb2a6c124c\_80_gw1n_alu for cells of type $alu.
Using template $paramod$c15aee48e26a714a5f3d013cd387ce60c26c192c\_80_gw1n_alu for cells of type $alu.
Using template $paramod$39ecbf3297ae3eb0bd20be0a7560eb0e9def46b7\_80_gw1n_alu for cells of type $alu.
Using template $paramod$dbcdc7e8aa1a4080cea2deda6fdc8772064f4d90\_80_gw1n_alu for cells of type $alu.
Using extmapper maccmap for cells of type $macc_v2.
  add \safety.supervisor.fresh (3 bits, unsigned)
  add \safety.supervisor.armed (3 bits, unsigned)
  add \safety.supervisor.fault_id (8 bits, unsigned)
  add { 4'0000 \safety.supervisor.reason [3:0] } (8 bits, unsigned)
  add \safety.supervisor.latched (1 bits, unsigned)
  add 8'11111011 (8 bits, unsigned)
  packed 1 (1) bits / 1 words into adder tree
Using extmapper simplemap for cells of type $bmux.
Using extmapper simplemap for cells of type $ne.
Using extmapper simplemap for cells of type $logic_or.
Using extmapper simplemap for cells of type $logic_not.
Using extmapper simplemap for cells of type $logic_and.
Using extmapper simplemap for cells of type $tribuf.
Using extmapper simplemap for cells of type $eq.
Using extmapper simplemap for cells of type $pmux.
Using extmapper simplemap for cells of type $dff.
Using template $paramod$constmap:59e8383a086c4a34fb16cc9ee68058de97b1dd4d$paramod$9290ef72b911a04ef685a1df2b9ccc7a5d09435b\_90_shift_shiftx for cells of type $shiftx.
Using template $paramod$constmap:c1c86bbd18ef30332af39bfa3127ca8eae6bcd85$paramod$f73bfc6b121826e6b6ee8096fa5ec0d90d9000b7\_90_shift_shiftx for cells of type $shift.
Analyzing pattern of constant bits for this cell:
  Constant input on bit 0 of port A: 1'0
Creating constmapped module `$paramod$constmap:b35cd5aa76a6f25caed4746d9532198718e94669$paramod$f73bfc6b121826e6b6ee8096fa5ec0d90d9000b7\_90_shift_shiftx'.

7.33.104. Executing OPT_MUXTREE pass (detect dead branches in mux trees).
Running muxtree optimizer on module $paramod$constmap:b35cd5aa76a6f25caed4746d9532198718e94669$paramod$f73bfc6b121826e6b6ee8096fa5ec0d90d9000b7\_90_shift_shiftx..
  Creating internal representation of mux trees.
  Evaluating internal representation of mux trees.
  Analyzing evaluation results.
    dead port 2/2 on $mux $procmux$30133.
    dead port 2/2 on $mux $procmux$30139.
Removed 2 multiplexer ports.
<suppressed ~2594 debug messages>

7.33.105. Executing OPT_EXPR pass (perform const folding).
Optimizing module $paramod$constmap:b35cd5aa76a6f25caed4746d9532198718e94669$paramod$f73bfc6b121826e6b6ee8096fa5ec0d90d9000b7\_90_shift_shiftx.
<suppressed ~5 debug messages>
Removed 0 unused cells and 11 unused wires.
Using template $paramod$constmap:b35cd5aa76a6f25caed4746d9532198718e94669$paramod$f73bfc6b121826e6b6ee8096fa5ec0d90d9000b7\_90_shift_shiftx for cells of type $shift.
Analyzing pattern of constant bits for this cell:
Creating constmapped module `$paramod$constmap:c7483927314fed2266e5ebad8d0be88dc06e9416$paramod$f73bfc6b121826e6b6ee8096fa5ec0d90d9000b7\_90_shift_shiftx'.

7.33.106. Executing OPT_MUXTREE pass (detect dead branches in mux trees).
Running muxtree optimizer on module $paramod$constmap:c7483927314fed2266e5ebad8d0be88dc06e9416$paramod$f73bfc6b121826e6b6ee8096fa5ec0d90d9000b7\_90_shift_shiftx..
  Creating internal representation of mux trees.
  Evaluating internal representation of mux trees.
  Analyzing evaluation results.
    dead port 2/2 on $mux $procmux$30133.
    dead port 2/2 on $mux $procmux$30139.
Removed 2 multiplexer ports.
<suppressed ~44 debug messages>

7.33.107. Executing OPT_EXPR pass (perform const folding).
Optimizing module $paramod$constmap:c7483927314fed2266e5ebad8d0be88dc06e9416$paramod$f73bfc6b121826e6b6ee8096fa5ec0d90d9000b7\_90_shift_shiftx.
<suppressed ~2 debug messages>
Removed 0 unused cells and 8 unused wires.
Using template $paramod$constmap:c7483927314fed2266e5ebad8d0be88dc06e9416$paramod$f73bfc6b121826e6b6ee8096fa5ec0d90d9000b7\_90_shift_shiftx for cells of type $shift.
Using template $paramod$constmap:f96bbb50a8c73a675176d255d50a8e92ecdb7879$paramod$fea84aa6e9b623d9cd292d645e68bccdae28aca3\_90_shift_shiftx for cells of type $shift.
Analyzing pattern of constant bits for this cell:
  Constant input on bit 0 of port A: 1'1
  Constant input on bit 1 of port A: 1'1
  Constant input on bit 2 of port A: 1'1
  Constant input on bit 3 of port A: 1'1
  Constant input on bit 4 of port A: 1'1
  Constant input on bit 5 of port A: 1'1
  Constant input on bit 6 of port A: 1'1
  Constant input on bit 7 of port A: 1'1
  Constant input on bit 8 of port A: 1'1
  Constant input on bit 9 of port A: 1'1
  Constant input on bit 10 of port A: 1'1
  Constant input on bit 11 of port A: 1'1
  Constant input on bit 12 of port A: 1'1
  Constant input on bit 13 of port A: 1'1
  Constant input on bit 14 of port A: 1'1
  Constant input on bit 15 of port A: 1'1
Creating constmapped module `$paramod$constmap:ca1e29e5faf6b7117cf567b9209383bdbaf66d32$paramod$fea84aa6e9b623d9cd292d645e68bccdae28aca3\_90_shift_shiftx'.

7.33.113. Executing OPT_MUXTREE pass (detect dead branches in mux trees).
Running muxtree optimizer on module $paramod$constmap:ca1e29e5faf6b7117cf567b9209383bdbaf66d32$paramod$fea84aa6e9b623d9cd292d645e68bccdae28aca3\_90_shift_shiftx..
  Creating internal representation of mux trees.
  Evaluating internal representation of mux trees.
  Analyzing evaluation results.
    dead port 2/2 on $mux $procmux$30370.
    dead port 2/2 on $mux $procmux$30376.
    dead port 2/2 on $mux $procmux$30382.
    dead port 2/2 on $mux $procmux$30388.
    dead port 2/2 on $mux $procmux$30394.
    dead port 2/2 on $mux $procmux$30400.
    dead port 2/2 on $mux $procmux$30406.
Removed 7 multiplexer ports.
<suppressed ~484 debug messages>

7.33.114. Executing OPT_EXPR pass (perform const folding).
Optimizing module $paramod$constmap:ca1e29e5faf6b7117cf567b9209383bdbaf66d32$paramod$fea84aa6e9b623d9cd292d645e68bccdae28aca3\_90_shift_shiftx.
<suppressed ~27 debug messages>
Removed 0 unused cells and 12 unused wires.
Using template $paramod$constmap:ca1e29e5faf6b7117cf567b9209383bdbaf66d32$paramod$fea84aa6e9b623d9cd292d645e68bccdae28aca3\_90_shift_shiftx for cells of type $shift.
Using template $paramod\_90_fa\WIDTH=32'00000000000000000000000000001000 for cells of type $fa.
Using extmapper simplemap for cells of type $pos.
Using extmapper simplemap for cells of type $xor.
Using template $paramod\_90_fa\WIDTH=32'00000000000000000000000000000001 for cells of type $fa.
Using template $paramod\_90_lcu_brent_kung\WIDTH=32'00000000000000000000000000000001 for cells of type $lcu.
Using template $paramod\_90_fa\WIDTH=32'00000000000000000000000000000010 for cells of type $fa.
Using template $paramod\_90_lcu_brent_kung\WIDTH=32'00000000000000000000000000000010 for cells of type $lcu.
No more expansions possible.
<suppressed ~2376 debug messages>

7.34. Executing OPT pass (performing simple optimizations).

7.34.1. Executing OPT_EXPR pass (perform const folding).
Optimizing module top.
<suppressed ~7277 debug messages>

7.34.2. Executing OPT_MERGE pass (detect identical cells).
Finding identical cells in module `\top'.
Computing hashes of 9856 cells of `\top'.
Finding duplicate cells in `\top'.
Computing hashes of 9178 cells of `\top'.
Finding duplicate cells in `\top'.
Computing hashes of 8997 cells of `\top'.
Finding duplicate cells in `\top'.
Computing hashes of 8920 cells of `\top'.
Finding duplicate cells in `\top'.
Computing hashes of 8882 cells of `\top'.
Finding duplicate cells in `\top'.
Computing hashes of 8862 cells of `\top'.
Finding duplicate cells in `\top'.
Computing hashes of 8861 cells of `\top'.
Finding duplicate cells in `\top'.
Computing hashes of 8860 cells of `\top'.
Finding duplicate cells in `\top'.
Computing hashes of 8859 cells of `\top'.
Finding duplicate cells in `\top'.
Computing hashes of 8858 cells of `\top'.
Finding duplicate cells in `\top'.
Computing hashes of 8857 cells of `\top'.
Finding duplicate cells in `\top'.
Computing hashes of 8856 cells of `\top'.
Finding duplicate cells in `\top'.
Computing hashes of 8855 cells of `\top'.
Finding duplicate cells in `\top'.
Computing hashes of 8854 cells of `\top'.
Finding duplicate cells in `\top'.
Computing hashes of 8853 cells of `\top'.
Finding duplicate cells in `\top'.
Computing hashes of 8852 cells of `\top'.
Finding duplicate cells in `\top'.
Computing hashes of 8851 cells of `\top'.
Finding duplicate cells in `\top'.
Computing hashes of 8850 cells of `\top'.
Finding duplicate cells in `\top'.
Computing hashes of 8849 cells of `\top'.
Finding duplicate cells in `\top'.
Computing hashes of 8848 cells of `\top'.
Finding duplicate cells in `\top'.
Computing hashes of 8847 cells of `\top'.
Finding duplicate cells in `\top'.
Computing hashes of 8846 cells of `\top'.
Finding duplicate cells in `\top'.
Computing hashes of 8845 cells of `\top'.
Finding duplicate cells in `\top'.
Computing hashes of 8844 cells of `\top'.
Finding duplicate cells in `\top'.
Computing hashes of 8843 cells of `\top'.
Finding duplicate cells in `\top'.
Computing hashes of 8842 cells of `\top'.
Finding duplicate cells in `\top'.
<suppressed ~3042 debug messages>
Removed a total of 1014 cells.

7.34.3. Executing OPT_DFF pass (perform DFF optimizations).
Adding SRST signal on $auto$ff.cc:337:slice$26333 ($_SDFF_PP1_) from module top (D = $auto$simplemap.cc:189:logic_reduce$32627, Q = \u_stx.tx, rval = 1'1).
Adding SRST signal on $auto$ff.cc:337:slice$26046 ($_SDFF_PP1_) from module top (D = $auto$simplemap.cc:189:logic_reduce$32295, Q = \u_htx.tx, rval = 1'1).

7.34.4. Executing OPT_CLEAN pass (remove unused cells and wires).
Finding unused cells or wires in module \top..
Removed 631 unused cells and 5222 unused wires.
<suppressed ~633 debug messages>

7.34.5. Rerunning OPT passes. (Removed registers in this run.)

7.34.6. Executing OPT_EXPR pass (perform const folding).
Optimizing module top.
<suppressed ~12 debug messages>

7.34.7. Executing OPT_MERGE pass (detect identical cells).
Finding identical cells in module `\top'.
Computing hashes of 8203 cells of `\top'.
Finding duplicate cells in `\top'.
Removed a total of 0 cells.

7.34.8. Executing OPT_DFF pass (perform DFF optimizations).

7.34.9. Executing OPT_CLEAN pass (remove unused cells and wires).
Finding unused cells or wires in module \top..
Removed 0 unused cells and 1 unused wires.
<suppressed ~1 debug messages>

7.34.10. Finished fast OPT passes.

7.35. Executing IOPADMAP pass (mapping inputs/outputs to IO-PAD cells).
Mapping port top.servo_tx[0] using TBUF.
Mapping port top.clk using IBUF.
Mapping port top.host_rx using IBUF.
Mapping port top.host_tx using OBUF.
Mapping port top.servo_rx using IBUF.
Mapping port top.key2 using IBUF.
Mapping port top.led_done using OBUF.
Mapping port top.led_ready using OBUF.

7.36. Executing OPT_CLEAN pass (remove unused cells and wires).
Finding unused cells or wires in module \top..
Removed 0 unused cells and 7 unused wires.
<suppressed ~1 debug messages>

7.37. Executing DFFLEGALIZE pass (convert FFs to types supported by the target).

7.38. Executing TECHMAP pass (map to technology primitives).

7.38.1. Executing Verilog-2005 frontend: /Users/elliot/.local/opt/oss-cad-suite/libexec/../share/yosys/gowin/cells_map.v
Parsing Verilog input from `/Users/elliot/.local/opt/oss-cad-suite/libexec/../share/yosys/gowin/cells_map.v' to AST representation.
Generating RTLIL representation for module `$_DFF_N_'.
Generating RTLIL representation for module `$_DFF_P_'.
Generating RTLIL representation for module `$_DFFE_PP_'.
Generating RTLIL representation for module `$_DFFE_NP_'.
Generating RTLIL representation for module `$_SDFF_PP0_'.
Generating RTLIL representation for module `$_SDFF_NP0_'.
Generating RTLIL representation for module `$_SDFFE_PP0P_'.
Generating RTLIL representation for module `$_SDFFE_NP0P_'.
Generating RTLIL representation for module `$_SDFF_PP1_'.
Generating RTLIL representation for module `$_SDFF_NP1_'.
Generating RTLIL representation for module `$_SDFFE_PP1P_'.
Generating RTLIL representation for module `$_SDFFE_NP1P_'.
Generating RTLIL representation for module `$_DFF_PP1_'.
Generating RTLIL representation for module `$_DFF_NP1_'.
Generating RTLIL representation for module `$_DFF_PP0_'.
Generating RTLIL representation for module `$_DFF_NP0_'.
Generating RTLIL representation for module `$_DFFE_PP1P_'.
Generating RTLIL representation for module `$_DFFE_NP1P_'.
Generating RTLIL representation for module `$_DFFE_PP0P_'.
Generating RTLIL representation for module `$_DFFE_NP0P_'.
Generating RTLIL representation for module `$lut'.
Successfully finished Verilog frontend.

7.38.2. Continuing TECHMAP pass.
Using template $_SDFF_PP1_ for cells of type $_SDFF_PP1_.
Using template $_DFF_P_ for cells of type $_DFF_P_.
Using template $_SDFF_PP0_ for cells of type $_SDFF_PP0_.
Using template $_DFFE_PP_ for cells of type $_DFFE_PP_.
Using template $_SDFFE_PP0P_ for cells of type $_SDFFE_PP0P_.
Using template $_SDFFE_PP1P_ for cells of type $_SDFFE_PP1P_.
No more expansions possible.
<suppressed ~1366 debug messages>

7.39. Executing TECHMAP pass (map to technology primitives).

7.39.1. Executing Verilog-2005 frontend: /Users/elliot/.local/opt/oss-cad-suite/libexec/../share/yosys/gowin/cells_latch.v
Parsing Verilog input from `/Users/elliot/.local/opt/oss-cad-suite/libexec/../share/yosys/gowin/cells_latch.v' to AST representation.
Generating RTLIL representation for module `$_DLATCH_P_'.
Generating RTLIL representation for module `$_DLATCH_N_'.
Generating RTLIL representation for module `$_DLATCH_PP0_'.
Generating RTLIL representation for module `$_DLATCH_NP0_'.
Generating RTLIL representation for module `$_DLATCH_PP1_'.
Generating RTLIL representation for module `$_DLATCH_NP1_'.
Successfully finished Verilog frontend.

7.39.2. Continuing TECHMAP pass.
No more expansions possible.
<suppressed ~8 debug messages>

7.40. Executing OPT_EXPR pass (perform const folding).
Optimizing module top.
<suppressed ~52 debug messages>

7.41. Executing SIMPLEMAP pass (map simple cells to gate primitives).

7.42. Executing SORT pass.

7.43. Executing Verilog-2005 frontend: /Users/elliot/.local/opt/oss-cad-suite/libexec/../share/yosys/abc9_model.v
Parsing Verilog input from `/Users/elliot/.local/opt/oss-cad-suite/libexec/../share/yosys/abc9_model.v' to AST representation.
Generating RTLIL representation for module `$__ABC9_DELAY'.
Generating RTLIL representation for module `$__ABC9_SCC_BREAKER'.
Generating RTLIL representation for module `$__DFF_N__$abc9_flop'.
Generating RTLIL representation for module `$__DFF_P__$abc9_flop'.
Successfully finished Verilog frontend.

7.44. Executing ABC9 pass.

7.44.1. Executing ABC9_OPS pass (helper functions for ABC9).

7.44.2. Executing ABC9_OPS pass (helper functions for ABC9).

7.44.3. Executing PROC pass (convert processes to netlists).

7.44.3.1. Executing PROC_CLEAN pass (remove empty switches from decision trees).
Found and cleaned up 1 empty switch in `$paramod\ALU\ALU_MODE=s32'00000000000000000000000000000010.$proc$/Users/elliot/.local/opt/oss-cad-suite/libexec/../share/yosys/gowin/cells_sim.v:1064$44304'.
Cleaned up 1 empty switch.

7.44.3.2. Executing PROC_RMDEAD pass (remove dead branches from decision trees).
Removed a total of 0 dead cases.

7.44.3.3. Executing PROC_PRUNE pass (remove redundant assignments in processes).
Removed 0 redundant assignments.
Promoted 4 assignments to connections.

7.44.3.4. Executing PROC_INIT pass (extract init attributes).

7.44.3.5. Executing PROC_ARST pass (detect async resets in processes).

7.44.3.6. Executing PROC_ROM pass (convert switches to ROMs).
Converted 0 switches.

7.44.3.7. Executing PROC_MUX pass (convert decision trees to multiplexers).
Creating decoders for process `$paramod\ALU\ALU_MODE=s32'00000000000000000000000000000010.$proc$/Users/elliot/.local/opt/oss-cad-suite/libexec/../share/yosys/gowin/cells_sim.v:1064$44304'.

7.44.3.8. Executing PROC_DLATCH pass (convert process syncs to latches).
No latch inferred for signal `$paramod\ALU\ALU_MODE=s32'00000000000000000000000000000010.\C' from process `$paramod\ALU\ALU_MODE=s32'00000000000000000000000000000010.$proc$/Users/elliot/.local/opt/oss-cad-suite/libexec/../share/yosys/gowin/cells_sim.v:1064$44304'.
No latch inferred for signal `$paramod\ALU\ALU_MODE=s32'00000000000000000000000000000010.\S' from process `$paramod\ALU\ALU_MODE=s32'00000000000000000000000000000010.$proc$/Users/elliot/.local/opt/oss-cad-suite/libexec/../share/yosys/gowin/cells_sim.v:1064$44304'.

7.44.3.9. Executing PROC_DFF pass (convert process syncs to FFs).

7.44.3.10. Executing PROC_MEMWR pass (convert process memory writes to cells).

7.44.3.11. Executing PROC_CLEAN pass (remove empty switches from decision trees).
Removing empty process `$paramod\ALU\ALU_MODE=s32'00000000000000000000000000000010.$proc$/Users/elliot/.local/opt/oss-cad-suite/libexec/../share/yosys/gowin/cells_sim.v:1064$44304'.
Cleaned up 0 empty switches.

7.44.4. Executing SCC pass (detecting logic loops).
Found 0 SCCs in module top.
Found 0 SCCs.

7.44.5. Executing ABC9_OPS pass (helper functions for ABC9).

7.44.6. Executing TECHMAP pass (map to technology primitives).

7.44.6.1. Executing Verilog-2005 frontend: /Users/elliot/.local/opt/oss-cad-suite/libexec/../share/yosys/techmap.v
Parsing Verilog input from `/Users/elliot/.local/opt/oss-cad-suite/libexec/../share/yosys/techmap.v' to AST representation.
Generating RTLIL representation for module `\_90_simplemap_bool_ops'.
Generating RTLIL representation for module `\_90_simplemap_reduce_ops'.
Generating RTLIL representation for module `\_90_simplemap_logic_ops'.
Generating RTLIL representation for module `\_90_simplemap_compare_ops'.
Generating RTLIL representation for module `\_90_simplemap_various'.
Generating RTLIL representation for module `\_90_simplemap_registers'.
Generating RTLIL representation for module `\_90_shift_ops_shr_shl_sshl_sshr'.
Generating RTLIL representation for module `\_90_shift_shiftx'.
Generating RTLIL representation for module `\_90_fa'.
Generating RTLIL representation for module `\_90_lcu_brent_kung'.
Generating RTLIL representation for module `\_90_alu'.
Generating RTLIL representation for module `\_90_macc'.
Generating RTLIL representation for module `\_90_alumacc'.
Generating RTLIL representation for module `$__div_mod_u'.
Generating RTLIL representation for module `$__div_mod_trunc'.
Generating RTLIL representation for module `\_90_div'.
Generating RTLIL representation for module `\_90_mod'.
Generating RTLIL representation for module `$__div_mod_floor'.
Generating RTLIL representation for module `\_90_divfloor'.
Generating RTLIL representation for module `\_90_modfloor'.
Generating RTLIL representation for module `\_90_pow'.
Generating RTLIL representation for module `\_90_demux'.
Generating RTLIL representation for module `\_90_lut'.
Generating RTLIL representation for module `$connect'.
Generating RTLIL representation for module `$input_port'.
Successfully finished Verilog frontend.

7.44.6.2. Continuing TECHMAP pass.
No more expansions possible.
<suppressed ~230 debug messages>

7.44.7. Executing OPT pass (performing simple optimizations).

7.44.7.1. Executing OPT_EXPR pass (perform const folding).

7.44.7.2. Executing OPT_MERGE pass (detect identical cells).
Removed a total of 0 cells.

7.44.7.3. Executing OPT_MUXTREE pass (detect dead branches in mux trees).
Removed 0 multiplexer ports.

7.44.7.4. Executing OPT_REDUCE pass (consolidate $*mux and $reduce_* inputs).
Performed a total of 0 changes.

7.44.7.5. Executing OPT_MERGE pass (detect identical cells).
Removed a total of 0 cells.

7.44.7.6. Executing OPT_DFF pass (perform DFF optimizations).

7.44.7.7. Executing OPT_CLEAN pass (remove unused cells and wires).

7.44.7.8. Executing OPT_EXPR pass (perform const folding).

7.44.7.9. Finished fast OPT passes. (There is nothing left to do.)

7.44.8. Executing TECHMAP pass (map to technology primitives).

7.44.8.1. Executing Verilog-2005 frontend: /Users/elliot/.local/opt/oss-cad-suite/libexec/../share/yosys/abc9_map.v
Parsing Verilog input from `/Users/elliot/.local/opt/oss-cad-suite/libexec/../share/yosys/abc9_map.v' to AST representation.
Successfully finished Verilog frontend.

7.44.8.2. Continuing TECHMAP pass.
No more expansions possible.
<suppressed ~2 debug messages>

7.44.9. Executing Verilog-2005 frontend: /Users/elliot/.local/opt/oss-cad-suite/libexec/../share/yosys/abc9_model.v
Parsing Verilog input from `/Users/elliot/.local/opt/oss-cad-suite/libexec/../share/yosys/abc9_model.v' to AST representation.
Replacing existing blackbox module `$__ABC9_DELAY' at /Users/elliot/.local/opt/oss-cad-suite/libexec/../share/yosys/abc9_model.v:2.1-7.10.
Generating RTLIL representation for module `$__ABC9_DELAY'.
Replacing existing blackbox module `$__ABC9_SCC_BREAKER' at /Users/elliot/.local/opt/oss-cad-suite/libexec/../share/yosys/abc9_model.v:9.1-11.10.
Generating RTLIL representation for module `$__ABC9_SCC_BREAKER'.
Replacing existing module `$__DFF_N__$abc9_flop' at /Users/elliot/.local/opt/oss-cad-suite/libexec/../share/yosys/abc9_model.v:14.1-20.10.
Generating RTLIL representation for module `$__DFF_N__$abc9_flop'.
Replacing existing module `$__DFF_P__$abc9_flop' at /Users/elliot/.local/opt/oss-cad-suite/libexec/../share/yosys/abc9_model.v:23.1-29.10.
Generating RTLIL representation for module `$__DFF_P__$abc9_flop'.
Successfully finished Verilog frontend.

7.44.10. Executing ABC9_OPS pass (helper functions for ABC9).
<suppressed ~2944 debug messages>

7.44.11. Executing ABC9_OPS pass (helper functions for ABC9).

7.44.12. Executing ABC9_OPS pass (helper functions for ABC9).
<suppressed ~2 debug messages>

7.44.13. Executing TECHMAP pass (map to technology primitives).

7.44.13.1. Executing Verilog-2005 frontend: /Users/elliot/.local/opt/oss-cad-suite/libexec/../share/yosys/techmap.v
Parsing Verilog input from `/Users/elliot/.local/opt/oss-cad-suite/libexec/../share/yosys/techmap.v' to AST representation.
Generating RTLIL representation for module `\_90_simplemap_bool_ops'.
Generating RTLIL representation for module `\_90_simplemap_reduce_ops'.
Generating RTLIL representation for module `\_90_simplemap_logic_ops'.
Generating RTLIL representation for module `\_90_simplemap_compare_ops'.
Generating RTLIL representation for module `\_90_simplemap_various'.
Generating RTLIL representation for module `\_90_simplemap_registers'.
Generating RTLIL representation for module `\_90_shift_ops_shr_shl_sshl_sshr'.
Generating RTLIL representation for module `\_90_shift_shiftx'.
Generating RTLIL representation for module `\_90_fa'.
Generating RTLIL representation for module `\_90_lcu_brent_kung'.
Generating RTLIL representation for module `\_90_alu'.
Generating RTLIL representation for module `\_90_macc'.
Generating RTLIL representation for module `\_90_alumacc'.
Generating RTLIL representation for module `$__div_mod_u'.
Generating RTLIL representation for module `$__div_mod_trunc'.
Generating RTLIL representation for module `\_90_div'.
Generating RTLIL representation for module `\_90_mod'.
Generating RTLIL representation for module `$__div_mod_floor'.
Generating RTLIL representation for module `\_90_divfloor'.
Generating RTLIL representation for module `\_90_modfloor'.
Generating RTLIL representation for module `\_90_pow'.
Generating RTLIL representation for module `\_90_demux'.
Generating RTLIL representation for module `\_90_lut'.
Generating RTLIL representation for module `$connect'.
Generating RTLIL representation for module `$input_port'.
Successfully finished Verilog frontend.

7.44.13.2. Continuing TECHMAP pass.
Using template $paramod\ALU\ALU_MODE=s32'00000000000000000000000000000010 for cells of type $paramod\ALU\ALU_MODE=s32'00000000000000000000000000000010.
Using extmapper simplemap for cells of type $xor.
Using extmapper simplemap for cells of type $mux.
Using extmapper simplemap for cells of type $not.
No more expansions possible.
<suppressed ~239 debug messages>

7.44.14. Executing OPT pass (performing simple optimizations).

7.44.14.1. Executing OPT_EXPR pass (perform const folding).
Optimizing module top.

7.44.14.2. Executing OPT_MERGE pass (detect identical cells).
Finding identical cells in module `\top'.
Computing hashes of 14 cells of `\top'.
Finding duplicate cells in `\top'.
Removed a total of 0 cells.

7.44.14.3. Executing OPT_MUXTREE pass (detect dead branches in mux trees).
Running muxtree optimizer on module \top..
  Creating internal representation of mux trees.
  No muxes found in this module.
Removed 0 multiplexer ports.

7.44.14.4. Executing OPT_REDUCE pass (consolidate $*mux and $reduce_* inputs).
  Optimizing cells in module \top.
Performed a total of 0 changes.

7.44.14.5. Executing OPT_MERGE pass (detect identical cells).
Finding identical cells in module `\top'.
Computing hashes of 14 cells of `\top'.
Finding duplicate cells in `\top'.
Removed a total of 0 cells.

7.44.14.6. Executing OPT_DFF pass (perform DFF optimizations).

7.44.14.7. Executing OPT_CLEAN pass (remove unused cells and wires).
Finding unused cells or wires in module \top..
Removed 0 unused cells and 16 unused wires.
<suppressed ~1 debug messages>

7.44.14.8. Executing OPT_EXPR pass (perform const folding).
Optimizing module top.

7.44.14.9. Rerunning OPT passes. (Maybe there is more to do..)

7.44.14.10. Executing OPT_MUXTREE pass (detect dead branches in mux trees).
Running muxtree optimizer on module \top..
  Creating internal representation of mux trees.
  No muxes found in this module.
Removed 0 multiplexer ports.

7.44.14.11. Executing OPT_REDUCE pass (consolidate $*mux and $reduce_* inputs).
  Optimizing cells in module \top.
Performed a total of 0 changes.

7.44.14.12. Executing OPT_MERGE pass (detect identical cells).
Finding identical cells in module `\top'.
Computing hashes of 14 cells of `\top'.
Finding duplicate cells in `\top'.
Removed a total of 0 cells.

7.44.14.13. Executing OPT_DFF pass (perform DFF optimizations).

7.44.14.14. Executing OPT_CLEAN pass (remove unused cells and wires).
Finding unused cells or wires in module \top..

7.44.14.15. Executing OPT_EXPR pass (perform const folding).
Optimizing module top.

7.44.14.16. Finished fast OPT passes. (There is nothing left to do.)

7.44.15. Executing AIGMAP pass (map logic to AIG).
Module top: replaced 5 cells with 35 new cells, skipped 9 cells.
  replaced 2 cell types:
       2 $_MUX_
       3 $_XOR_
  not replaced 2 cell types:
       1 $_NOT_
       8 $specify2

7.44.16. Executing AIGMAP pass (map logic to AIG).
Module top: replaced 3852 cells with 23910 new cells, skipped 7401 cells.
  replaced 4 cell types:
    2610 $_MUX_
      30 $_ORNOT_
     978 $_OR_
     234 $_XOR_
  not replaced 16 cell types:
    1111 $_AND_
     896 $_NOT_
       6 $scopeinfo
      45 DFF
       4 IBUF
     856 DFFE
       6 DFFS
       9 DFFSE
     135 DFFR
     292 DFFRE
       3 OBUF
       1 TBUF
       1 DPX9B
    1094 $paramod\ALU\ALU_MODE=s32'00000000000000000000000000000010
    1343 $paramod$__ABC9_DELAY\DELAY=32'00000000000000000000001001000000
    1599 $paramod$__ABC9_DELAY\DELAY=32'00000000000000000000000000111111

7.44.16.1. Executing ABC9_OPS pass (helper functions for ABC9).

7.44.16.2. Executing ABC9_OPS pass (helper functions for ABC9).

7.44.16.3. Executing XAIGER backend.
<suppressed ~1354 debug messages>
Extracted 10651 AND gates and 33075 wires from module `top' to a netlist network with 1363 inputs and 2978 outputs.

7.44.16.4. Executing ABC9_EXE pass (technology mapping using ABC9).

7.44.16.5. Executing ABC9.
Running ABC command: "<yosys-exe-dir>/yosys-abc" -s -f <abc-temp-dir>/abc.script 2>&1
ABC: ======== ABC command line "source <abc-temp-dir>/abc.script"
ABC: + read_lut <abc-temp-dir>/input.lut 
ABC: + read_box <abc-temp-dir>/input.box 
ABC: + &read <abc-temp-dir>/input.xaig 
ABC: + &ps 
ABC: <abc-temp-dir>/input : i/o =   1363/   2978  and =    8471  lev =   41 (2.25)  mem = 0.35 MB  box = 4036  bb = 2942
ABC: Warning: AIG with boxes has internal fanout in 0 complex flops and 32 carries.
ABC: + &scorr 
ABC: Warning: The network is combinational.
ABC: + &sweep 
ABC: + &dc2 
ABC: + &dch -f -r 
ABC: + &ps 
ABC: <abc-temp-dir>/input : i/o =   1363/   2978  and =    9377  lev =   28 (1.53)  mem = 0.36 MB  ch = 1305  box = 3971  bb = 2942
ABC: cst =       0  cls =   1164  lit =    1305  unused =   13271  proof =     0
ABC: Warning: AIG with boxes has internal fanout in 0 complex flops and 32 carries.
ABC: + &if -W 500 -v 
ABC: K = 8. Memory (bytes): Truth =    0. Cut =   80. Obj =  160. Set =  816. CutMin = no
ABC: Node =    9377.  Ch =  1164.  Total mem =    4.33 MB. Peak cut mem =    0.13 MB.
ABC: P:  Del = 15518.00.  Ar =   12332.0.  Edge =     9277.  Cut =    94751.  T =     0.03 sec
ABC: P:  Del = 15450.00.  Ar =   12506.0.  Edge =     9384.  Cut =    94258.  T =     0.03 sec
ABC: P:  Del = 15450.00.  Ar =    3590.0.  Edge =     7681.  Cut =   176942.  T =     0.05 sec
ABC: F:  Del = 15428.00.  Ar =    2799.0.  Edge =     7014.  Cut =   161651.  T =     0.04 sec
ABC: A:  Del = 15411.00.  Ar =    2345.0.  Edge =     6458.  Cut =   158568.  T =     0.07 sec
ABC: A:  Del = 15368.00.  Ar =    2328.0.  Edge =     6443.  Cut =   162195.  T =     0.07 sec
ABC: Total time =     0.29 sec
ABC: + &write -n <abc-temp-dir>/output.aig 
ABC: + &mfs 
ABC: + &ps -l 
ABC: <abc-temp-dir>/input : i/o =   1363/   2978  and =    5439  lev =   29 (1.69)  mem = 0.30 MB  box = 3859  bb = 2942
ABC: Mapping (K=8)  :  lut =   1645  edge =    5844  lev =   11 (0.98)  levB =   36  mem = 0.12 MB
ABC: LUT = 1645 : 2=341 20.7 %  3=377 22.9 %  4=652 39.6 %  5=243 14.8 %  6=22 1.3 %  7=4 0.2 %  8=6 0.4 %  Ave = 3.55
ABC: Warning: AIG with boxes has internal fanout in 0 complex flops and 32 carries.
ABC: + &write -n <abc-temp-dir>/output.aig 
ABC: + &verify 
ABC: Networks are equivalent.  Time =     0.64 sec
ABC: + time 
ABC: elapse: 3.58 seconds, total: 3.58 seconds

7.44.16.6. Executing AIGER frontend.
<suppressed ~11 debug messages>
Removed 8302 unused cells and 24006 unused wires.

7.44.16.7. Executing ABC_OPS_REINTEGRATE pass (reintegrate ABC mapped design into module).
ABC RESULTS:              $lut cells:     1675
ABC RESULTS:   $paramod\ALU\ALU_MODE=s32'00000000000000000000000000000010 cells:      917
ABC RESULTS:           input signals:      152
ABC RESULTS:          output signals:     2957
<suppressed ~8859 debug messages>
Removing temp directory.

7.44.17. Executing TECHMAP pass (map to technology primitives).

7.44.17.1. Executing Verilog-2005 frontend: /Users/elliot/.local/opt/oss-cad-suite/libexec/../share/yosys/abc9_unmap.v
Parsing Verilog input from `/Users/elliot/.local/opt/oss-cad-suite/libexec/../share/yosys/abc9_unmap.v' to AST representation.
Generating RTLIL representation for module `$__DFF_x__$abc9_flop'.
Generating RTLIL representation for module `$__ABC9_SCC_BREAKER'.
Successfully finished Verilog frontend.

7.44.17.2. Continuing TECHMAP pass.
Using template $paramod\ALU\ALU_MODE=s32'00000000000000000000000000000010 for cells of type $paramod\ALU\ALU_MODE=s32'00000000000000000000000000000010.
No more expansions possible.
<suppressed ~923 debug messages>
Removed 198 unused cells and 46626 unused wires.

7.45. Executing TECHMAP pass (map to technology primitives).

7.45.1. Executing Verilog-2005 frontend: /Users/elliot/.local/opt/oss-cad-suite/libexec/../share/yosys/gowin/cells_map.v
Parsing Verilog input from `/Users/elliot/.local/opt/oss-cad-suite/libexec/../share/yosys/gowin/cells_map.v' to AST representation.
Generating RTLIL representation for module `$_DFF_N_'.
Generating RTLIL representation for module `$_DFF_P_'.
Generating RTLIL representation for module `$_DFFE_PP_'.
Generating RTLIL representation for module `$_DFFE_NP_'.
Generating RTLIL representation for module `$_SDFF_PP0_'.
Generating RTLIL representation for module `$_SDFF_NP0_'.
Generating RTLIL representation for module `$_SDFFE_PP0P_'.
Generating RTLIL representation for module `$_SDFFE_NP0P_'.
Generating RTLIL representation for module `$_SDFF_PP1_'.
Generating RTLIL representation for module `$_SDFF_NP1_'.
Generating RTLIL representation for module `$_SDFFE_PP1P_'.
Generating RTLIL representation for module `$_SDFFE_NP1P_'.
Generating RTLIL representation for module `$_DFF_PP1_'.
Generating RTLIL representation for module `$_DFF_NP1_'.
Generating RTLIL representation for module `$_DFF_PP0_'.
Generating RTLIL representation for module `$_DFF_NP0_'.
Generating RTLIL representation for module `$_DFFE_PP1P_'.
Generating RTLIL representation for module `$_DFFE_NP1P_'.
Generating RTLIL representation for module `$_DFFE_PP0P_'.
Generating RTLIL representation for module `$_DFFE_NP0P_'.
Generating RTLIL representation for module `$lut'.
Successfully finished Verilog frontend.

7.45.2. Continuing TECHMAP pass.
Using template $paramod$lut\WIDTH=32'00000000000000000000000000000010\LUT=4'0010 for cells of type $lut.
Using template $paramod$lut\WIDTH=32'00000000000000000000000000000010\LUT=4'1000 for cells of type $lut.
Using template $paramod$lut\WIDTH=32'00000000000000000000000000000010\LUT=4'1001 for cells of type $lut.
Using template $paramod$fd904e9e35cfd343a9df248824bd3f1408724879$lut for cells of type $lut.
Using template $paramod$lut\WIDTH=32'00000000000000000000000000000011\LUT=8'11101000 for cells of type $lut.
Using template $paramod$lut\WIDTH=32'00000000000000000000000000000010\LUT=4'0001 for cells of type $lut.
Using template $paramod$lut\WIDTH=32'00000000000000000000000000000011\LUT=8'01101001 for cells of type $lut.
Using template $paramod$4282def8dbd6df3d1248ad282c629bee684502c2$lut for cells of type $lut.
Using template $paramod$61af77eed7f358aa49c13132fc0b60ac3ba6c211$lut for cells of type $lut.
Using template $paramod$lut\WIDTH=32'00000000000000000000000000000011\LUT=8'00011110 for cells of type $lut.
Using template $paramod$c932cb819d5ae2efe49a66858ab2e320baefeeb4$lut for cells of type $lut.
Using template $paramod$e211c3929b7c4a5a9666180a7619ec6dc9c22584$lut for cells of type $lut.
Using template $paramod$lut\WIDTH=32'00000000000000000000000000000011\LUT=8'10101001 for cells of type $lut.
Using template $paramod$658b9ed803f0d3d335616d3858b53e0a2522f1e8$lut for cells of type $lut.
Using template $paramod$eba7de026ff587370e320127e266317dae097a89$lut for cells of type $lut.
Using template $paramod$571404c0889eaf57f492cb5e37f8acb5df5852f9$lut for cells of type $lut.
Using template $paramod$lut\WIDTH=32'00000000000000000000000000000011\LUT=8'10101110 for cells of type $lut.
Using template $paramod$lut\WIDTH=32'00000000000000000000000000000011\LUT=8'11001101 for cells of type $lut.
Using template $paramod$lut\WIDTH=32'00000000000000000000000000000011\LUT=8'00000001 for cells of type $lut.
Using template $paramod$lut\WIDTH=32'00000000000000000000000000000010\LUT=4'0100 for cells of type $lut.
Using template $paramod$lut\WIDTH=32'00000000000000000000000000000011\LUT=8'00010000 for cells of type $lut.
Using template $paramod$lut\WIDTH=32'00000000000000000000000000000011\LUT=8'01000000 for cells of type $lut.
Using template $paramod$lut\WIDTH=32'00000000000000000000000000000011\LUT=8'10000000 for cells of type $lut.
Using template $paramod$6d6beead1425af15cf78b27fd9b11b41b5d4bce8$lut for cells of type $lut.
Using template $paramod$lut\WIDTH=32'00000000000000000000000000000010\LUT=4'0110 for cells of type $lut.
Using template $paramod$d4440c9420587a47399b00ace5c2dcd079c36b00$lut for cells of type $lut.
Using template $paramod$d9922e15eb5da1acc26e937540cc16b16c2ad42c$lut for cells of type $lut.
Using template $paramod$66caeb00a39d236782a97659e3bd99621b74681b$lut for cells of type $lut.
Using template $paramod$cf652acbfbf67d2248e3045cd0f09c58ca55886c$lut for cells of type $lut.
Using template $paramod$272652f6c6fbe9a75eff76e45cc7e2788835518b$lut for cells of type $lut.
Using template $paramod$lut\WIDTH=32'00000000000000000000000000000011\LUT=8'00000010 for cells of type $lut.
Using template $paramod$d6ca727e39f31d51d29072e0f33aa09c65e37336$lut for cells of type $lut.
Using template $paramod$251994398653c4cf8de320f1e306e535d5d2d624$lut for cells of type $lut.
Using template $paramod$47a8214374025465e226fa66bee690ff33268a25$lut for cells of type $lut.
Using template $paramod$8d7a8d6e3356de09670738ba85f2c6b874f6b06d$lut for cells of type $lut.
Using template $paramod$dbdbcb07b9994e498bb1324e5c006c6aa08a7a37$lut for cells of type $lut.
Using template $paramod$85b779ce5ab505dbf25e5e046fb43ca2b76b878b$lut for cells of type $lut.
Using template $paramod$364c9ffbffac467d60dfec81bba4e18476c15602$lut for cells of type $lut.
Using template $paramod$lut\WIDTH=32'00000000000000000000000000000011\LUT=8'10010000 for cells of type $lut.
Using template $paramod$lut\WIDTH=32'00000000000000000000000000000010\LUT=4'0111 for cells of type $lut.
Using template $paramod$lut\WIDTH=32'00000000000000000000000000000011\LUT=8'11011000 for cells of type $lut.
Using template $paramod$fc529edbc71a004b65c9955f02c9b8bcfef67f84$lut for cells of type $lut.
Using template $paramod$05fcf858dd0b908940cb641538dd7b70ee398afc$lut for cells of type $lut.
Using template $paramod$lut\WIDTH=32'00000000000000000000000000000011\LUT=8'11100100 for cells of type $lut.
Using template $paramod$d5a9679fba7c57b2aab43e04d37389000bd8f342$lut for cells of type $lut.
Using template $paramod$b26fbfdb68e98cf016d61a8611b449e9f4a30f3c$lut for cells of type $lut.
Using template $paramod$beae4210b922fc9ba2fcc4008a7474b475e38c50$lut for cells of type $lut.
Using template $paramod$6e238df02989b317f10820a22773676e71120644$lut for cells of type $lut.
Using template $paramod$64b84593fae19d6c4d7d26333a195e5cc6b30160$lut for cells of type $lut.
Using template $paramod$52953750219effadf43093a566baf492fdd6b6c8$lut for cells of type $lut.
Using template $paramod$332a399730bfc61adea04021a76b1c4e4030f37d$lut for cells of type $lut.
Using template $paramod$lut\WIDTH=32'00000000000000000000000000000011\LUT=8'00000100 for cells of type $lut.
Using template $paramod$lut\WIDTH=32'00000000000000000000000000000011\LUT=8'00100000 for cells of type $lut.
Using template $paramod$4c792f78fc6a6e936e043a82fbc9b4ae424c5f56$lut for cells of type $lut.
Using template $paramod$1632c1c0242796acfc963a05742c4acd2f475c4e$lut for cells of type $lut.
Using template $paramod$0f681c95c13da6ed9d8fc90ad7d68cd0262278d6$lut for cells of type $lut.
Using template $paramod$91660d479af349302e1fa789fb7e6830888ea99e$lut for cells of type $lut.
Using template $paramod$2f7deae5fb594b0c70bb82efd4d3682a7baaa352$lut for cells of type $lut.
Using template $paramod$e3e4230bb990723642112b292aa705ee0cbad0d4$lut for cells of type $lut.
Using template $paramod$1b24100b2fd4c673c0fb73caa29fa7c0e2a28808$lut for cells of type $lut.
Using template $paramod$lut\WIDTH=32'00000000000000000000000000000011\LUT=8'11000100 for cells of type $lut.
Using template $paramod$lut\WIDTH=32'00000000000000000000000000000011\LUT=8'00001101 for cells of type $lut.
Using template $paramod$b7b5732ff97365a70f7ac96079ce67ace8395dda$lut for cells of type $lut.
Using template $paramod$0db96f8a3b2307a295c64b92c563831c85a118e2$lut for cells of type $lut.
Using template $paramod$lut\WIDTH=32'00000000000000000000000000000011\LUT=8'01111111 for cells of type $lut.
Using template $paramod$lut\WIDTH=32'00000000000000000000000000000011\LUT=8'00011100 for cells of type $lut.
Using template $paramod$30305e55a780880b9c824fe3509a4d981acb0f2b$lut for cells of type $lut.
Using template $paramod$bff60da521de773f8caf46fbc0845c3d7d3e2310$lut for cells of type $lut.
Using template $paramod$lut\WIDTH=32'00000000000000000000000000000011\LUT=8'11101010 for cells of type $lut.
Using template $paramod$lut\WIDTH=32'00000000000000000000000000000011\LUT=8'11001110 for cells of type $lut.
Using template $paramod$lut\WIDTH=32'00000000000000000000000000000011\LUT=8'11011100 for cells of type $lut.
Using template $paramod$e51a8a571bee774247b38f52d6e85fd62ae52cea$lut for cells of type $lut.
Using template $paramod$5e9374f44a27c3f8a1c38af244ec43ceb4fb8d4f$lut for cells of type $lut.
Using template $paramod$48e93d71ece4668acab70865235e8699a78d5c50$lut for cells of type $lut.
Using template $paramod$e42425d41feedb80c7029637d29afab932d646d3$lut for cells of type $lut.
Using template $paramod$lut\WIDTH=32'00000000000000000000000000000011\LUT=8'11100010 for cells of type $lut.
Using template $paramod$lut\WIDTH=32'00000000000000000000000000000011\LUT=8'11100000 for cells of type $lut.
Using template $paramod$lut\WIDTH=32'00000000000000000000000000000011\LUT=8'11101111 for cells of type $lut.
Using template $paramod$f07e8a9c88f9f5be8f1c8e37472aa1d47f52231b$lut for cells of type $lut.
Using template $paramod$lut\WIDTH=32'00000000000000000000000000000011\LUT=8'01011101 for cells of type $lut.
Using template $paramod$lut\WIDTH=32'00000000000000000000000000000011\LUT=8'00001110 for cells of type $lut.
Using template $paramod$a15fd389a2f54cb7b94707b25934d226e68d9e2e$lut for cells of type $lut.
Using template $paramod$lut\WIDTH=32'00000000000000000000000000000011\LUT=8'00001000 for cells of type $lut.
Using template $paramod$lut\WIDTH=32'00000000000000000000000000000010\LUT=4'1110 for cells of type $lut.
Using template $paramod$lut\WIDTH=32'00000000000000000000000000000010\LUT=4'1101 for cells of type $lut.
Using template $paramod$8512f4fb47fa9596f76cdbe5b407a5b54df368e7$lut for cells of type $lut.
Using template $paramod$857512ea84a5fe5464efcd374b77666399ea78e1$lut for cells of type $lut.
Using template $paramod$lut\WIDTH=32'00000000000000000000000000000011\LUT=8'10000100 for cells of type $lut.
Using template $paramod$df196ed0a1da5c4a58c5e08a1dac304fd3fccaab$lut for cells of type $lut.
Using template $paramod$3a0a392069bc969f34c65c546a8c56fbbb67e282$lut for cells of type $lut.
Using template $paramod$lut\WIDTH=32'00000000000000000000000000000010\LUT=4'1011 for cells of type $lut.
Using template $paramod$b287726797d0722f64e731f1134f7c05af8f1578$lut for cells of type $lut.
Using template $paramod$e5761adfcc530461835be17350166b9d43dfadee$lut for cells of type $lut.
Using template $paramod$daac9b1e7bb2ac018f7132a3fbe0026ddd7b1a71$lut for cells of type $lut.
Using template $paramod$b4f85a6321a00b090afc4e21d68e7b99eb94d149$lut for cells of type $lut.
Using template $paramod$101238f3d8d49ab12a9b49a2f01cd503b26e9c61$lut for cells of type $lut.
Using template $paramod$b86b68a00733dbecb31d58a14a13683475a2002a$lut for cells of type $lut.
Using template $paramod$50ae037bea16070af222263fc6c06efd57346ae1$lut for cells of type $lut.
Using template $paramod$a4e9377ea4e07cb7b0fcd78d848fa30ef4dacad7$lut for cells of type $lut.
Using template $paramod$f84092b7de0c47d5c6987a3d2a28da613ab5ed79$lut for cells of type $lut.
Using template $paramod$lut\WIDTH=32'00000000000000000000000000000011\LUT=8'10101000 for cells of type $lut.
Using template $paramod$a091d640cff3469c6180838391f64531d4ab0ee0$lut for cells of type $lut.
Using template $paramod$13caa797f9204188208579865e8a63f743d9eed1$lut for cells of type $lut.
Using template $paramod$8025fa1293089e026e8754c28e6e68c20a8d2537$lut for cells of type $lut.
Using template $paramod$6c3a3a951448f3e2df9cc174e1ac330d885bc00d$lut for cells of type $lut.
Using template $paramod$8cac5452d526045503c5864c3a1dac0121c7053e$lut for cells of type $lut.
Using template $paramod$lut\WIDTH=32'00000000000000000000000000000011\LUT=8'00010011 for cells of type $lut.
Using template $paramod$68df9e7356872aae1b716020387bd50e2881ea4a$lut for cells of type $lut.
Using template $paramod$5bbc8d49c3fc31cf6661312d1516e2aaafe308a4$lut for cells of type $lut.
Using template $paramod$53e3462453d571d93686de391da8175710cf9197$lut for cells of type $lut.
Using template $paramod$b999b59c3f6f87309050a7bb338be12877ec0679$lut for cells of type $lut.
Using template $paramod$b37f3a6b1e7657973fc5c538fb8d86994cfcbea1$lut for cells of type $lut.
Using template $paramod$a70825d50f28de349800ac5737bd8a5477c211f2$lut for cells of type $lut.
Using template $paramod$5abffa82cfebcacf4d0fc108f12fba3fb3653e96$lut for cells of type $lut.
Using template $paramod$38d7f76f98ebc0da1c88fda7af3b38ed28c4f5cf$lut for cells of type $lut.
Using template $paramod$a6597eda4608f36e684c1dd07ed552fcbec112b2$lut for cells of type $lut.
Using template $paramod$fca001e3e0b52158a872e76e56c01ec10dfbb1de$lut for cells of type $lut.
Using template $paramod$9bdc414229f06e785dc8fd97a243faa9336e164a$lut for cells of type $lut.
Using template $paramod$8b29e5e50b360cf70b610134b09eab12143aa71b$lut for cells of type $lut.
Using template $paramod$107f54823c052b40252e032cb9ebacbf162b38f1$lut for cells of type $lut.
Using template $paramod$ff20d1f80c7d87ba22b06e8f25a674735bb3b882$lut for cells of type $lut.
Using template $paramod$7bb6a37e65823eeb4b38c370fec30ab082759a14$lut for cells of type $lut.
Using template $paramod$a56a39c0f6a5a7dc6beed165205ecc9aaf916f10$lut for cells of type $lut.
Using template $paramod$8adf7fbd410d2cc654c288d5be5f7508ee8809b0$lut for cells of type $lut.
Using template $paramod$b7f67d55e063ac779d0a8f51faa0a07de2e16a2b$lut for cells of type $lut.
Using template $paramod$20235ca863361fbc253329cfc7eeea38c77404dc$lut for cells of type $lut.
Using template $paramod$b8c881666b2f9b5136f53ceaccb0929b24bb1552$lut for cells of type $lut.
Using template $paramod$8a3f7ab5a138d065dda26f5ef8bcec75c0d53cb4$lut for cells of type $lut.
Using template $paramod$lut\WIDTH=32'00000000000000000000000000000011\LUT=8'11111000 for cells of type $lut.
Using template $paramod$238768b4e458888d568a599df3b40405977cf862$lut for cells of type $lut.
Using template $paramod$lut\WIDTH=32'00000000000000000000000000000011\LUT=8'11111101 for cells of type $lut.
Using template $paramod$lut\WIDTH=32'00000000000000000000000000000011\LUT=8'00110111 for cells of type $lut.
Using template $paramod$25212df622bb33ee0fc71343297194aa8a91e88f$lut for cells of type $lut.
Using template $paramod$eb764785a67ae0903625e17df40813438d0457e8$lut for cells of type $lut.
Using template $paramod$6e4a86e6f1a5dc8f826898a131e83cdba4a4fc9e$lut for cells of type $lut.
Using template $paramod$1b53a9695a0f80de7517b50863b438fd2b7f56da$lut for cells of type $lut.
Using template $paramod$lut\WIDTH=32'00000000000000000000000000000011\LUT=8'11111011 for cells of type $lut.
Using template $paramod$lut\WIDTH=32'00000000000000000000000000000011\LUT=8'00110101 for cells of type $lut.
Using template $paramod$044e8b1893c94f717651c5cd428e71c892566f52$lut for cells of type $lut.
Using template $paramod$dc8eb389b2fc3ec6a78d93ff9b548b7fd27b6950$lut for cells of type $lut.
Using template $paramod$fda6887b37f599177ed9cb69271d882b63df7e66$lut for cells of type $lut.
Using template $paramod$lut\WIDTH=32'00000000000000000000000000000011\LUT=8'00000111 for cells of type $lut.
Using template $paramod$f04e2780b2ea93f47d2a353e3515bc44f499339b$lut for cells of type $lut.
Using template $paramod$82b4a585d1edcb5c6e755dc9bd3392228a1c1304$lut for cells of type $lut.
Using template $paramod$b297295e19b03521716155b85537bbe86d6a9ae6$lut for cells of type $lut.
Using template $paramod$193d365ba3260f56de4ca734b1cedcf9dc72302b$lut for cells of type $lut.
Using template $paramod$c741af6e8b531ba1bf427fba6a94cec47712f45c$lut for cells of type $lut.
Using template $paramod$826d4fba61f8b6b8d18c13232c0323a45a626066$lut for cells of type $lut.
Using template $paramod$df2642f05f5a74776850200bc94ea206bfacf03d$lut for cells of type $lut.
Using template $paramod$7f8dcbbcc0931c3398304053d9bb53ce1acb1b1f$lut for cells of type $lut.
Using template $paramod$3b56205e0e57b3ea26d80fc7983017f83663129e$lut for cells of type $lut.
Using template $paramod$lut\WIDTH=32'00000000000000000000000000000011\LUT=8'10101100 for cells of type $lut.
Using template $paramod$0c822c65361ce832091b6c90f1a02f1ee0b109d4$lut for cells of type $lut.
Using template $paramod$fcff9a7b1687e357a40264efcefe8443c8b2971a$lut for cells of type $lut.
Using template $paramod$4b9b235bc4444ff899bef0c648e4109b26737f1a$lut for cells of type $lut.
Using template $paramod$068092ddede495d8462ffe530e6d91711913edbc$lut for cells of type $lut.
Using template $paramod$b2192df6f90569fea4015d0a6658bdc192199f95$lut for cells of type $lut.
Using template $paramod$38f9bf4dd2329347b8471f0a98443dd323386889$lut for cells of type $lut.
Using template $paramod$eec22efc31481e6a2706a92743e67f4f90bad45a$lut for cells of type $lut.
Using template $paramod$6be53ab59e0a69757fc32adb071ddcb64e8c87b6$lut for cells of type $lut.
Using template $paramod$edfe6773e2ae95f1f17ad5bea62c0e1b079fa667$lut for cells of type $lut.
Using template $paramod$e6a488add0b5a2d742e2ae29f62ce7616e04271d$lut for cells of type $lut.
Using template $paramod$lut\WIDTH=32'00000000000000000000000000000011\LUT=8'11001010 for cells of type $lut.
Using template $paramod$4f09540800ac966d6e31a7ccf5f32a559a8ce57a$lut for cells of type $lut.
Using template $paramod$e2d96f36ef28053ecd27167cd95b944485ac3146$lut for cells of type $lut.
Using template $paramod$891d17c049ef97ffbed57a5d4edf3f9e83d4f776$lut for cells of type $lut.
Using template $paramod$18368a3da11a7221c7fb674ec80ee0d0bd64b883$lut for cells of type $lut.
Using template $paramod$c8f16510db975553c8b0be1064e8f5234175f8a8$lut for cells of type $lut.
Using template $paramod$fb70c3d5b41964c59b53bf4c7859d251dcfd9795$lut for cells of type $lut.
Using template $paramod$fdcae86fcfd036c1880a04306ae771a9d7579c31$lut for cells of type $lut.
Using template $paramod$2ea69c779d6c1b79ac5a87b0d1523c67d5628dba$lut for cells of type $lut.
Using template $paramod$1ec3fb8fd1fa98216cb96b4422de32c4ba5f6c9c$lut for cells of type $lut.
Using template $paramod$694c95659b447cef99dd4cdbd49b87dfd5f6c806$lut for cells of type $lut.
Using template $paramod$703a13a751e631ef123f38f7d2125aeabec0f94c$lut for cells of type $lut.
Using template $paramod$19f568890ed784cb1efc3ce1b67eed20a6c54d9a$lut for cells of type $lut.
Using template $paramod$4853050665c020c8d21fb1a749196950a09d9df8$lut for cells of type $lut.
Using template $paramod$3ae9f1cda205b669870c653a21d45eee50078e98$lut for cells of type $lut.
Using template $paramod$022d34662aa4c66efd4b887ff1897f814a1d942f$lut for cells of type $lut.
Using template $paramod$64f43dc318f4c77b4186c3ebcba0aa7863e84359$lut for cells of type $lut.
Using template $paramod$47d363ae7b1a0e81207e02fe31af85b6bf36a2ac$lut for cells of type $lut.
Using template $paramod$bcf806f026bcc357a407c8daa61fd98188ac6d5b$lut for cells of type $lut.
Using template $paramod$df23d368a6ae8908771963811f5ab56f622887ca$lut for cells of type $lut.
Using template $paramod$633ea4e924c3cee46c4996099b701ece3907518d$lut for cells of type $lut.
Using template $paramod$e5759512db67494ff77fbdfc66dff4006376568f$lut for cells of type $lut.
Using template $paramod$a7c07944e10969b2e1fd563a5b72f89493cb3705$lut for cells of type $lut.
Using template $paramod$085cb83d0db09780ae5aa544a0f286ba9445143f$lut for cells of type $lut.
Using template $paramod$e019cb14313283ce60b57907d30cf3eefa00a93d$lut for cells of type $lut.
Using template $paramod$58df2c605746858c7e53492c8f57d6f1fafa12d2$lut for cells of type $lut.
Using template $paramod$b009a26b33c3ca109c016cf968a774c0d66687bb$lut for cells of type $lut.
Using template $paramod$5c276264bd0b8a28b2ebac6fcc532f1dafc9d3c5$lut for cells of type $lut.
Using template $paramod$5321e04f7ce32c091123c3570ab562efb1c81402$lut for cells of type $lut.
Using template $paramod$728af64da11d42500d51a71dd7007ac25b15b46a$lut for cells of type $lut.
Using template $paramod$a9fd3e978a1424ced9c420e5fd59a9af2c5d597b$lut for cells of type $lut.
Using template $paramod$lut\WIDTH=32'00000000000000000000000000000011\LUT=8'01000110 for cells of type $lut.
Using template $paramod$lut\WIDTH=32'00000000000000000000000000000011\LUT=8'11110010 for cells of type $lut.
Using template $paramod$a47d3f6fd9a7aebdb1b556bc977da3380a17c8cf$lut for cells of type $lut.
Using template $paramod$lut\WIDTH=32'00000000000000000000000000000011\LUT=8'00101111 for cells of type $lut.
Using template $paramod$d35161d1d7976dcc02e7c7d51172431be85143b4$lut for cells of type $lut.
Using template $paramod$178e17061ff21a872fbad7d518c9c0df28b050d6$lut for cells of type $lut.
Using template $paramod$ef6e25b2e5ab52308b0a22382a7b253727e9446b$lut for cells of type $lut.
Using template $paramod$b1b347bc8ad6a4d7f49658ba06c4afa19e3518c3$lut for cells of type $lut.
Using template $paramod$fa9784a59786a6c527dc2216e5cee7492a7b05ee$lut for cells of type $lut.
Using template $paramod$lut\WIDTH=32'00000000000000000000000000000001\LUT=2'01 for cells of type $lut.
Using template $paramod$f8f63b209b7230e81958663ff24fef1613156af7$lut for cells of type $lut.
Using template $paramod$a50bbaf70b48eb6d78317eddf4f7e11e8988acec$lut for cells of type $lut.
Using template $paramod$be48d952fcad8a16b8d84daa4c48a3065f343e5e$lut for cells of type $lut.
Using template $paramod$153c6cdaaddbc43e6ef3facd06aa851de33910ae$lut for cells of type $lut.
Using template $paramod$bba54c1ef87367812b4c15f4aed5ac70773df775$lut for cells of type $lut.
Using template $paramod$2d07c1a6c53c7b878509360922c4fa5ebedc3011$lut for cells of type $lut.
Using template $paramod$c3a2f7f275763d08ebfa628b02996740080889c0$lut for cells of type $lut.
Using template $paramod$79364b9974cfc81fb54c164d10340bf9c7bccd7f$lut for cells of type $lut.
Using template $paramod$lut\WIDTH=32'00000000000000000000000000000011\LUT=8'01001110 for cells of type $lut.
Using template $paramod$8e44661def013b6bf9fe6f8b049ef2c838d749f9$lut for cells of type $lut.
Using template $paramod$fafd85568cbdef835ba90ecab42f8e864a8bffbb$lut for cells of type $lut.
Using template $paramod$e322ac6b495f387f1d09caf5685ac163b1432d78$lut for cells of type $lut.
Using template $paramod$lut\WIDTH=32'00000000000000000000000000000011\LUT=8'00001011 for cells of type $lut.
Using template $paramod$3e0733327b192638a939147fb67b19dd19ac637a$lut for cells of type $lut.
Using template $paramod$e3122072ab9f5c744c0ae46f13158c57216442e6$lut for cells of type $lut.
Using template $paramod$dd3fb0b6061f2daaaedd5e300347a303c89566f9$lut for cells of type $lut.
Using template $paramod$8b1fe93ea35e15760a8cd65d2ae0c08165ba328c$lut for cells of type $lut.
Using template $paramod$lut\WIDTH=32'00000000000000000000000000000011\LUT=8'01010100 for cells of type $lut.
Using template $paramod$dd7c1583fe0ade167c7826c594e5d16b758a72fe$lut for cells of type $lut.
Using template $paramod$183ec76ed3429a430a8be24b57f3de734985f568$lut for cells of type $lut.
Using template $paramod$a4640096cbef09c4ef8613155a589c40164ac034$lut for cells of type $lut.
Using template $paramod$16a5c6c96fa45657b79dc8372b8fb7ad71a4d2e0$lut for cells of type $lut.
Using template $paramod$lut\WIDTH=32'00000000000000000000000000000011\LUT=8'01110110 for cells of type $lut.
Using template $paramod$f9813472aa48e533b3838c6f2316dc2e78c66111$lut for cells of type $lut.
Using template $paramod$efe95b56f945eca5e9ce5ca834d2af9ee32ab072$lut for cells of type $lut.
Using template $paramod$6a54fb8858164b46507fd3b043b7b2a276cccaa7$lut for cells of type $lut.
Using template $paramod$lut\WIDTH=32'00000000000000000000000000000011\LUT=8'01110000 for cells of type $lut.
Using template $paramod$c599eef0def9fade9ee78a076b523d1bdbbf719a$lut for cells of type $lut.
Using template $paramod$8f8f3ed0dfbd822273417c0b66ef033f29ee6b95$lut for cells of type $lut.
Using template $paramod$cbea2d4d520f64cae694e02ff7f67ddafd2047d5$lut for cells of type $lut.
Using template $paramod$f3ada871809f362efd8eb0c4fb952bb5c98f0750$lut for cells of type $lut.
Using template $paramod$0acc8d601702e9b60288baa3d5cf1d38d4f22457$lut for cells of type $lut.
Using template $paramod$d6fad69df4b6793100fda03bb83504fe9b335c70$lut for cells of type $lut.
Using template $paramod$lut\WIDTH=32'00000000000000000000000000000011\LUT=8'01010001 for cells of type $lut.
Using template $paramod$90eedb6ba49112cb9e4bc84b51ea984c00b2c939$lut for cells of type $lut.
Using template $paramod$lut\WIDTH=32'00000000000000000000000000000011\LUT=8'00110010 for cells of type $lut.
Using template $paramod$865395c0228487a64a8e4011cecafc2c64b79f2b$lut for cells of type $lut.
Using template $paramod$83bd1d2ee212578d6a0d71c253943e6aa8112b1e$lut for cells of type $lut.
Using template $paramod$8b24407096beec47292ddeb1567a058197a320b9$lut for cells of type $lut.
Using template $paramod$8fd8efe0a495790cc9ddc97266933ea8a8cd7b45$lut for cells of type $lut.
Using template $paramod$b52010f063b8951dc50323c8a96a2fc8c2634e23$lut for cells of type $lut.
Using template $paramod$aabefd8ce42fa6ef54dde64d2f0654be3dc29cf7$lut for cells of type $lut.
Using template $paramod$6ebe39e237ce06008225aadb90a1c46e196fcf9f$lut for cells of type $lut.
Using template $paramod$044cf326e9ea7689028577b719787d68fa2df2f8$lut for cells of type $lut.
Using template $paramod$5b5755730b9a53f6c50cca29ba2f99d7e0bc0fe6$lut for cells of type $lut.
Using template $paramod$56e6d8a28a52006bb4e50e077743f0a2163235af$lut for cells of type $lut.
Using template $paramod$ba7f31f246a278c41fa0648a6e0512f63185dec0$lut for cells of type $lut.
Using template $paramod$4045162732ff1ef3063f7c74bcf446c45645f6c6$lut for cells of type $lut.
Using template $paramod$c35492cebda5b908d10e5976bd14d50fda8ce5fd$lut for cells of type $lut.
Using template $paramod$e84e4a245515000cd6930e0f4535753ed485f71e$lut for cells of type $lut.
Using template $paramod$ddace04fba544e6adc4cdda6a50048ddd7c111af$lut for cells of type $lut.
Using template $paramod$9c6e6a10ea00e5b0682f6243b802d7839a398197$lut for cells of type $lut.
Using template $paramod$e5e9da8fed769f971686eed8c5eea50e61f73aaa$lut for cells of type $lut.
Using template $paramod$a197ef6f3b51d411ae3e5b42b5d77a606c4fb11a$lut for cells of type $lut.
Using template $paramod$36ec4cbe8b3311024dc0c199dee45a92d6aa7e37$lut for cells of type $lut.
Using template $paramod$29fb0dcbea7e19908c494ce4a8a756b15e2a78b6$lut for cells of type $lut.
Using template $paramod$84c5cfa8d7481774250caab0fcdd6d249a376a31$lut for cells of type $lut.
Using template $paramod$lut\WIDTH=32'00000000000000000000000000000011\LUT=8'00101110 for cells of type $lut.
Using template $paramod$54b261655eed7cc4382a01bd7259b2f714a79ede$lut for cells of type $lut.
Using template $paramod$a50be0e6fa3a01511bb234559cb74fb8bd3e2061$lut for cells of type $lut.
Using template $paramod$lut\WIDTH=32'00000000000000000000000000000011\LUT=8'00110001 for cells of type $lut.
Using template $paramod$07fa566ffe66274d6eecb2c02c73c1c3e9408ae9$lut for cells of type $lut.
Using template $paramod$a03ef989f8f4e1878ce2f5c4e0e3d2dfb54307ef$lut for cells of type $lut.
Using template $paramod$lut\WIDTH=32'00000000000000000000000000000011\LUT=8'11001000 for cells of type $lut.
Using template $paramod$2d78c17e9ba4d9fcd062b051e847c707eab8c86d$lut for cells of type $lut.
Using template $paramod$75d5c453cca75cc7a7ca320c4fb7be0932b6aaa7$lut for cells of type $lut.
Using template $paramod$000fa2164e1f538c16460571efee2b6209a086cc$lut for cells of type $lut.
Using template $paramod$e4ce17fcded6e264148ce0a4c0df3ed1b1b269a4$lut for cells of type $lut.
Using template $paramod$24b67fade1852074c0ac6a4c585dd4228e286f08$lut for cells of type $lut.
Using template $paramod$c28a8b7ce0535d090c4cfb52e9c74affd52b110c$lut for cells of type $lut.
Using template $paramod$239081b1531d84a8a5bcf44e8905df542d8d240e$lut for cells of type $lut.
Using template $paramod$72043e0aa7fa64cb454e3c2ca3dbe1636171896a$lut for cells of type $lut.
Using template $paramod$e87f431398fe61dc3cef677df705fdf1c11aa0f7$lut for cells of type $lut.
Using template $paramod$9eaa8ec8337ef7465839ecf5d97b8fe2d459c423$lut for cells of type $lut.
Using template $paramod$fccccf8bb2add7667329c686feec7546eb9a3ae3$lut for cells of type $lut.
Using template $paramod$76be5a5900f80a135961ac09b0cf70ec8308af2c$lut for cells of type $lut.
Using template $paramod$0c5a54c406cdb1ed108583f5d43071050a5e4d5c$lut for cells of type $lut.
Using template $paramod$7bcf5f70986487920c848507d659d29b9546545c$lut for cells of type $lut.
Using template $paramod$bf213c6f210460c86bb883320b87f74551d49001$lut for cells of type $lut.
Using template $paramod$af08867fe0bde4918ae8f1ec2010b6efc74a2fdc$lut for cells of type $lut.
Using template $paramod$acf49cb7bd2805dee4b4ebb218aa5924b1be7704$lut for cells of type $lut.
Using template $paramod$2ca5a8bf2a853a223fe0e0148e443d1b7e1e37b1$lut for cells of type $lut.
Using template $paramod$6337d791ebe1bf835b4af513b3e8425c18851628$lut for cells of type $lut.
Using template $paramod$0397a04659c00318ae76496d241f1d2991537883$lut for cells of type $lut.
Using template $paramod$lut\WIDTH=32'00000000000000000000000000000011\LUT=8'00011011 for cells of type $lut.
Using template $paramod$6a287ae7d17331227995d6856aab3d7bdb5126a9$lut for cells of type $lut.
Using template $paramod$lut\WIDTH=32'00000000000000000000000000000011\LUT=8'10110000 for cells of type $lut.
Using template $paramod$d5c7dda3e544463bf43ed73dadb51262f5dcf2fe$lut for cells of type $lut.
Using template $paramod$6c131dbd3189e961f911209363392f5174acab62$lut for cells of type $lut.
Using template $paramod$ebe302cf675f04f2cc698a4f6888fe67d7e9866d$lut for cells of type $lut.
Using template $paramod$7491e7206ae8c682d288373efe06a43b67c277cf$lut for cells of type $lut.
Using template $paramod$9c10e17a0a1ecd0e2664d222f0eb0cb2cf52c224$lut for cells of type $lut.
Using template $paramod$5b73c08255f77439cddbeec811dc84c62dffa18f$lut for cells of type $lut.
Using template $paramod$973818279bc95792902f3c09371fd2407d04a2a5$lut for cells of type $lut.
Using template $paramod$e1735d0804484e51215b022408880d9924ceca39$lut for cells of type $lut.
Using template $paramod$4385b611926e5c0509dba4de58311d325da0ff0d$lut for cells of type $lut.
Using template $paramod$e0e156917ccf3b4ca0ea13d0bf13aba811501dfd$lut for cells of type $lut.
Using template $paramod$104ac93c1bdacfff7733d2592cb03bdefd68757d$lut for cells of type $lut.
Using template $paramod$b1680225cc6a5792caa95f54b8b3218fae21705d$lut for cells of type $lut.
Using template $paramod$81d8a60fd95b1a9f9ef71c12a774ae6988cb9fd5$lut for cells of type $lut.
Using template $paramod$lut\WIDTH=32'00000000000000000000000000000011\LUT=8'01100000 for cells of type $lut.
Using template $paramod$lut\WIDTH=32'00000000000000000000000000000011\LUT=8'10111000 for cells of type $lut.
Using template $paramod$9e394303e290a474880b56f98766417009256d93$lut for cells of type $lut.
Using template $paramod$2ef40d966d2bcfbfb80349005120d3c7ebf3979a$lut for cells of type $lut.
Using template $paramod$2c5744b1140d1bffcfbc5b3a5098e5a9ebbec559$lut for cells of type $lut.
Using template $paramod$16894c241be5ea1f024e9339dea788b4dbe184ae$lut for cells of type $lut.
Using template $paramod$664db79a3ae1b7b32ccccad035c13c8e82cb8256$lut for cells of type $lut.
Using template $paramod$369624b024132c6d54ca5ca0dec0683515f4f203$lut for cells of type $lut.
Using template $paramod$10a6d42c84663fca6c1622800fdec61acbd34667$lut for cells of type $lut.
Using template $paramod$6bf2caa40fb1acb49d1a3518d072e0f81faf3832$lut for cells of type $lut.
Using template $paramod$b76eeafe3553c6220aebff28fb37e7d4bf1fb01a$lut for cells of type $lut.
Using template $paramod$b4d0f4738a5ce50c7f36c2aa2ecc09cfb874f2b6$lut for cells of type $lut.
Using template $paramod$2955ab75367a3dc9d6f50d3655eebcd4f615031f$lut for cells of type $lut.
Using template $paramod$fb4ed309581bcd972f41afa8566ae8b9812c7f6c$lut for cells of type $lut.
Using template $paramod$c5479cb3b02237832e868d4808b3a7f1be08f618$lut for cells of type $lut.
Using template $paramod$8563a43529547b87395a365348943b9479993a27$lut for cells of type $lut.
Using template $paramod$1816ab9d89d34338423e92baed3cee854d70815a$lut for cells of type $lut.
Using template $paramod$3702268f692b8bf258e428f65d3bca4e1f76d98b$lut for cells of type $lut.
Using template $paramod$21eec977c2ba62e532de58d602e74bf0a3c778ba$lut for cells of type $lut.
Using template $paramod$1c8aea8d15a8caa53bcd106d813c48ea86657836$lut for cells of type $lut.
Using template $paramod$cd6c4b4da6d8737b72fd2dc8f5d83d8967445809$lut for cells of type $lut.
Using template $paramod$b7d5a1d13a95755f80d49e78f7fe57dd63a6cfbe$lut for cells of type $lut.
Using template $paramod$lut\WIDTH=32'00000000000000000000000000000011\LUT=8'00100111 for cells of type $lut.
Using template $paramod$8cd5a5f75f43fffe243164dff2e5d4f1454af19a$lut for cells of type $lut.
Using template $paramod$48b6973617d6bac01c58f52550db271240ae1818$lut for cells of type $lut.
Using template $paramod$4d1a00bf0dedcfcb4e11c82804e7c12721583e78$lut for cells of type $lut.
Using template $paramod$002ef4812abba10d09f44a86355c446638ce1303$lut for cells of type $lut.
Using template $paramod$71de6f83f5811e221ec6b5aebe948222eeaabee3$lut for cells of type $lut.
Using template $paramod$a613b9fef3cc9774cac6b23709fb15a5abfb223a$lut for cells of type $lut.
Using template $paramod$bb792d4d6dc7d7f78458e0a50eb9890873680855$lut for cells of type $lut.
Using template $paramod$9664483609d9e726df9697364de1aad825ad3979$lut for cells of type $lut.
Using template $paramod$4413121ee105ce55f0061069eefef0c095c61b72$lut for cells of type $lut.
Using template $paramod$3ae70c96a303dcfa2adae6cd3477fe1febd9310d$lut for cells of type $lut.
Using template $paramod$4815e73be92b2abc2908b81a5c4253c0898e54e3$lut for cells of type $lut.
Using template $paramod$a08b8f6f5b69437a3b962f270b31f7a256e244cc$lut for cells of type $lut.
Using template $paramod$922c9d51250447408e4eb21c37593ddfd4cdfd12$lut for cells of type $lut.
Using template $paramod$26418e4cc847f26c2ea3cf281110dcc7e350dcca$lut for cells of type $lut.
Using template $paramod$d0a770e4418cc1bd55c5894d620cd74c1d6344a1$lut for cells of type $lut.
Using template $paramod$4efd1b47743553d2acd3bf9d6f9320a0d69e4d5a$lut for cells of type $lut.
Using template $paramod$cc07ab514b971880119f9fe9b1aa7ceb19c26d08$lut for cells of type $lut.
Using template $paramod$b0921904cd0556b160571789093bb927ff74536c$lut for cells of type $lut.
Using template $paramod$564742131a7388af2fdb3db30298811191acf468$lut for cells of type $lut.
Using template $paramod$06fc2007402bd8374714ba45b03265cdb5b17eb9$lut for cells of type $lut.
Using template $paramod$18eab81ab3e0b01a59f50c831daa854ed4a9569d$lut for cells of type $lut.
Using template $paramod$7295debd28ca7bd8548522cef0d55ab875381a62$lut for cells of type $lut.
Using template $paramod$3cc64e9bae4233ed791b1508ede2137bfefa38c1$lut for cells of type $lut.
Using template $paramod$a16ef64d6d0664d46dcbce9c923ddd5f4ba0354b$lut for cells of type $lut.
Using template $paramod$0fa0005fbbcd9b5ec7e2186d3c5adfba1c5d51ea$lut for cells of type $lut.
Using template $paramod$76fab1a38138764359bfaaaccd7d53e7b4f030bc$lut for cells of type $lut.
Using template $paramod$85185c21693979a4a8aed0e39b9a280afa41b15e$lut for cells of type $lut.
Using template $paramod$98ea2a50a3ce5cc32ae7342411658e8dd20deb67$lut for cells of type $lut.
Using template $paramod$4d8d0e1369b6478e4945e1fe89a75301c8874c83$lut for cells of type $lut.
Using template $paramod$dadff75c617cf87bb5b8cfe47ca6c69fb6925370$lut for cells of type $lut.
Using template $paramod$c6529463e1f83a5679f24f38f745dd95e9b4635b$lut for cells of type $lut.
Using template $paramod$1508212f3a9b85ac6927422cfeb20341c3f77087$lut for cells of type $lut.
Using template $paramod$e732117b7e48e9f8ec8c1dd91718baab668ae2e8$lut for cells of type $lut.
Using template $paramod$196e959213b04d7687e4ded97ea7d526c69c8d5a$lut for cells of type $lut.
Using template $paramod$d05798ff87240e4135d7ea9179e479f41c7781cf$lut for cells of type $lut.
Using template $paramod$45b781be2d3e3c12da03451bf43ad36bf1ed767b$lut for cells of type $lut.
Using template $paramod$f1bdf5268949b7a35eadbfacdb53293543d36a3a$lut for cells of type $lut.
Using template $paramod$8bd7995d67c09322929eb14db302d53fb108f84a$lut for cells of type $lut.
Using template $paramod$9036055576466ef18e0fa72a5c6095b624258ec7$lut for cells of type $lut.
Using template $paramod$ec635a55c7b99695ce163d6a416b9281d0d801c4$lut for cells of type $lut.
Using template $paramod$64892fa03b94e3b43f3ace48226dbcde5907812b$lut for cells of type $lut.
Using template $paramod$6ad186b2f286159073808731cac5377c83bae84a$lut for cells of type $lut.
Using template $paramod$77f46c92077c4898aa79269c69eb757287b496ce$lut for cells of type $lut.
Using template $paramod$f372a11579ac341dce79938c1da48825fcca05c0$lut for cells of type $lut.
Using template $paramod$f72ab1cd6d48c28fcd925c87c733e066426b1f78$lut for cells of type $lut.
Using template $paramod$29be9ccca573c8cbad6422f587ef42d997171483$lut for cells of type $lut.
Using template $paramod$3a32a7587b9f95b908af04fb9b75cd3eae00b58e$lut for cells of type $lut.
Using template $paramod$6dfbf2b16544eed6d57b22f5b0b28575863de8fd$lut for cells of type $lut.
Using template $paramod$2065213dd010d0794b163e93bef5a769682d68d1$lut for cells of type $lut.
Using template $paramod$c752a0971580a1d5f5f00b3edb1f28530f8a180b$lut for cells of type $lut.
Using template $paramod$95dae71d66cfc754a1edf34daedcb33e29a90d1b$lut for cells of type $lut.
Using template $paramod$eb3bfdab96b39943604c18d6f25fc7f0606bf679$lut for cells of type $lut.
Using template $paramod$6e676de68048e17a8c2bb3b145e787e46ad8d947$lut for cells of type $lut.
Using template $paramod$48c6f0229dd0abb53aa76bd284e0b155e3150c34$lut for cells of type $lut.
Using template $paramod$ea1acb810d0bf25ed94fa9aa8b6557b77b087f8a$lut for cells of type $lut.
Using template $paramod$82a48e5f5771a531ca9edba4cc6af5165f5035d5$lut for cells of type $lut.
Using template $paramod$995ba512a447d27709010e6e3906195ddd4dff0a$lut for cells of type $lut.
Using template $paramod$a95aeb58822b83840ad0d33221e28b316b409b83$lut for cells of type $lut.
Using template $paramod$4fecd6f048c13201e253aa7a8c8071b66ae8f69c$lut for cells of type $lut.
Using template $paramod$7b6dba9da7b24ba15cc91d483adc1cbb42ec924c$lut for cells of type $lut.
Using template $paramod$059a18b83f440098c69d0c68999bb03d1f1b1ff8$lut for cells of type $lut.
Using template $paramod$d37db2c0c9df4fcb75e59631a4d3bbccad09a10c$lut for cells of type $lut.
Using template $paramod$e36e4a5dfcafbc1f7dc82d7324afd3ce66209d9c$lut for cells of type $lut.
Using template $paramod$0a2b3b5914dcd335002863722b012502007c4124$lut for cells of type $lut.
Using template $paramod$cc32a05866f608aca38637d6c7ba9e5d077e8484$lut for cells of type $lut.
Using template $paramod$f076961b89f8f6554aa12b9fdf31e079becec60a$lut for cells of type $lut.
Using template $paramod$5f86834f47cab57ab5e38c28a4f06dff6dbadd8e$lut for cells of type $lut.
Using template $paramod$82e41d0cb65b7e6a7cec2c2bdbff883dc152630c$lut for cells of type $lut.
Using template $paramod$61bc98ece8c76bffd4acdf40e5f231340cba90fc$lut for cells of type $lut.
Using template $paramod$966e76fb04955541c79e1ad0af554f74cd1e7045$lut for cells of type $lut.
Using template $paramod$e4e18a282b54ce442edf790f695d9cad89378eaf$lut for cells of type $lut.
Using template $paramod$d76e5d9b7309edd6bc6de5c1b8f2b6ed217f0bd9$lut for cells of type $lut.
Using template $paramod$9563b1e5d1e5447ba20a65a4f5e60fe57ff2de9b$lut for cells of type $lut.
Using template $paramod$9aba0729667ba4f6231a549350f0cdc6f103a060$lut for cells of type $lut.
Using template $paramod$794e69ee7fb9c104e5ac7388547d0dcf1128e1d5$lut for cells of type $lut.
Using template $paramod$f998c0b0e21e8136317fcc1c439a8f7a6af2e2a1$lut for cells of type $lut.
Using template $paramod$5adc0744972d412a87bad377fc9b6173013074e5$lut for cells of type $lut.
Using template $paramod$95109a62fea23d1738324748c3fbb67f85edd1de$lut for cells of type $lut.
Using template $paramod$1988702369d004101daa49bbca08cc4510c07e06$lut for cells of type $lut.
Using template $paramod$d6c1fc082cd90cd2d6891c8cdf00852e1c858ca2$lut for cells of type $lut.
Using template $paramod$e17e7057f4bce124f3e5489c743179c183102e18$lut for cells of type $lut.
Using template $paramod$a86065a7e9fa1cf963f48c861b0aa8690c5585f3$lut for cells of type $lut.
Using template $paramod$15da76c52c6d108b70872a7ef8fd4279d6acf01a$lut for cells of type $lut.
Using template $paramod$ca260995b172aa4c9c5dd2cfd96abcb790c4fdd6$lut for cells of type $lut.
Using template $paramod$0e0d0a50c076c6e43814ab08673d3d78af70b343$lut for cells of type $lut.
Using template $paramod$e4996425890d2fa44a13025cf4f05bbd75e9fb11$lut for cells of type $lut.
Using template $paramod$11cf833a0ec79f2317b7cba791c0642159351046$lut for cells of type $lut.
Using template $paramod$9860859c065cdba53450984813d75036f670492e$lut for cells of type $lut.
Using template $paramod$6c07a0be3b7e660009c9244d0ada1abd9bf45357$lut for cells of type $lut.
Using template $paramod$bd3276a3cd03e45d1ee4a15114e9e4d299b8148b$lut for cells of type $lut.
Using template $paramod$82ff6a29af9c62178ae37f321e6f59ae905f1f2c$lut for cells of type $lut.
Using template $paramod$734cb5d7d83659ae4da13abb9e04fafa8dc19119$lut for cells of type $lut.
Using template $paramod$847e50ba7e4af06b3bfce682c09757ce4608c79c$lut for cells of type $lut.
Using template $paramod$692927e279b3d5c42ee4aacb287247c0b34943ed$lut for cells of type $lut.
Using template $paramod$ab3b0f7aea5114869accbc4a0cf65a2c54581261$lut for cells of type $lut.
Using template $paramod$20862e56d1384afd698ea1cfc1b9cefab1c34fac$lut for cells of type $lut.
Using template $paramod$c76b226d90ca4fee65f34894adc4a15264ea6fa6$lut for cells of type $lut.
Using template $paramod$a18212e4c69c1b4423e6af37bcdfe4a6fac94dd3$lut for cells of type $lut.
Using template $paramod$449331e86a9bec24777c85c2bd7db060366f3821$lut for cells of type $lut.
Using template $paramod$a0cc8948118cd32e85266e4d5c5218f32bdde281$lut for cells of type $lut.
Using template $paramod$4e372a6769c7ebc008474f1cfaa315fd2d78b46f$lut for cells of type $lut.
Using template $paramod$e9b4f410e094e3a41de9af3bb499f619f29a8138$lut for cells of type $lut.
Using template $paramod$e9041da5452ec96c83b72143a35f4eb7dfb72f80$lut for cells of type $lut.
Using template $paramod$a423a990ee0dcb2870e2370a3183eded43ae3b0d$lut for cells of type $lut.
Using template $paramod$f67f6eaf83594bcd0bf5560cdb7faa1114e3afdc$lut for cells of type $lut.
Using template $paramod$c2834ace32ddef6ae98dab25bd9cee3c6ac54d69$lut for cells of type $lut.
Using template $paramod$9c94cd10677cd4a481f14f2bfcd4a394bf46b2e1$lut for cells of type $lut.
Using template $paramod$2a4d597a9e4d2ef18aa7081617868fe787351230$lut for cells of type $lut.
Using template $paramod$1a0e2b41b703e4f9a4473c978be3fcac3e4019a9$lut for cells of type $lut.
Using template $paramod$a2b4ddfa3906001b2ef9f2414d79c3048f2a3a6e$lut for cells of type $lut.
Using template $paramod$42ff3211519d11bbee4297b7bb2e0cd37b894c84$lut for cells of type $lut.
Using template $paramod$9c155c08b930856254825e62c473bef89f4d4a1d$lut for cells of type $lut.
Using template $paramod$a91ab0998802a694b7e3fe4495042b9f6c0f6bc4$lut for cells of type $lut.
Using template $paramod$669b0b701dd9d770a9b1d2ed821d282d85e0bfbd$lut for cells of type $lut.
Using template $paramod$761da5d9036b26bd0b27666a8a934782820b5f0a$lut for cells of type $lut.
Using template $paramod$23714db890d712bfa5e027da952c7918b126024b$lut for cells of type $lut.
Using template $paramod$f9da5880d5f74882cb4f039c6b8c8504fc7d9713$lut for cells of type $lut.
Using template $paramod$ece5f0aa54f324e91de202207972350503145222$lut for cells of type $lut.
Using template $paramod$6216eedf1c5f2bdf0973f7aa817f2cd29f0d2d79$lut for cells of type $lut.
Using template $paramod$a964f8ed466638f11766930007624f9261481a37$lut for cells of type $lut.
Using template $paramod$14e43aa8ed508a352a5b89f279c471e6a354bff7$lut for cells of type $lut.
Using template $paramod$9fe7dda0c077b6190dd484b09afa03cbee4d48c8$lut for cells of type $lut.
Using template $paramod$c45576938a9b58d891a9ccf0c10041ea33e86e1d$lut for cells of type $lut.
Using template $paramod$6dd6ab8afd537ab2e2616e40c5238418d90ba59f$lut for cells of type $lut.
Using template $paramod$94ef98c398266da9aef961e72aca702ff95ef1e6$lut for cells of type $lut.
Using template $paramod$0efbbd839d16c04decfc990a1c0fa03accb5a20f$lut for cells of type $lut.
Using template $paramod$bf0d0292861bdee659ef5cbc5e58b330ac5871f9$lut for cells of type $lut.
Using template $paramod$6cf278edf76e8e24bd9edd156afdb0c79e56495b$lut for cells of type $lut.
Using template $paramod$8b42c3cfc59ed14a12e922f8e2a8ff911b1be8a0$lut for cells of type $lut.
Using template $paramod$195079014a44e37830f4034cab7369381ed794b4$lut for cells of type $lut.
Using template $paramod$17d996f5ecbed134a464134830b0adb6d0597ee5$lut for cells of type $lut.
Using template $paramod$de628dcfa59ddd8ec679d819924f70f3637e4b16$lut for cells of type $lut.
Using template $paramod$37591515a6b26596b8f79693031c4dfba5bd0bdb$lut for cells of type $lut.
Using template $paramod$8d1bc698c8905a964b2f4f9fae07304e310d58f5$lut for cells of type $lut.
Using template $paramod$b4b564c8e0d55f1a39a6f0984a7c1f4f51d81747$lut for cells of type $lut.
Using template $paramod$158cea312d1de871ffbc1a703751bf541f19e288$lut for cells of type $lut.
Using template $paramod$62833cfa9d458ca6338a3ecb0d29e3e9c92a8b51$lut for cells of type $lut.
Using template $paramod$e653efcdb0b4dad531d4a8bc51bdcd542cc04bbc$lut for cells of type $lut.
Using template $paramod$0442e8335420d0d4801b2c0e6e2550c08f586920$lut for cells of type $lut.
Using template $paramod$dbba8138803557534f7e48e3cb5817598aaf2527$lut for cells of type $lut.
Using template $paramod$fe2ccc9771c7f3621af3392ea69c0322e13310d4$lut for cells of type $lut.
Using template $paramod$56bc6c7126af2750083548d1b588c7d678a81ea0$lut for cells of type $lut.
Using template $paramod$58e3794db9784db7f7da245c995662426c35db2d$lut for cells of type $lut.
Using template $paramod$cb927d7e5294c588e8f1481b5aba0126f8d004d8$lut for cells of type $lut.
Using template $paramod$7f3617f4b24dd2e899782b88617aab9578e70e0f$lut for cells of type $lut.
Using template $paramod$19ecf3c3d7d7e75334d62d29e2c7498a0ad8b54a$lut for cells of type $lut.
Using template $paramod$a6486c959d4248a95ea4a68b28e721d2c1eb7c23$lut for cells of type $lut.
Using template $paramod$ad1f9a1d8e6e57b3c3dea0511a5a28745cf9d503$lut for cells of type $lut.
Using template $paramod$64c7885e4c5f0feffd2447bcbd830563256d9e9e$lut for cells of type $lut.
Using template $paramod$2acc56796dae1e7bbd8d34441a24f749523f3d30$lut for cells of type $lut.
Using template $paramod$536e4a936d8991cae004161ef411c98860151f5f$lut for cells of type $lut.
Using template $paramod$8ef1de51523906a2555df789ab9bc19002c546de$lut for cells of type $lut.
Using template $paramod$bfd6eb77c28f4181107381c781be777796ec90b8$lut for cells of type $lut.
Using template $paramod$8cea2e51d6074badc912821df03edfd397a5d046$lut for cells of type $lut.
Using template $paramod$3c9e451c36a346dd62585611dcc55da6d71c6eda$lut for cells of type $lut.
Using template $paramod$de7198773f80d4a8cf45948fab3dfc806b6fb4fc$lut for cells of type $lut.
Using template $paramod$d0aa56d7e5f0612117103a14e1f50325c5864fad$lut for cells of type $lut.
Using template $paramod$05a326b3ca877650e2a20bc5ed6f2ffd85715a54$lut for cells of type $lut.
Using template $paramod$e44b47941473f731c5b853bd1c29ab39039dd6a3$lut for cells of type $lut.
Using template $paramod$e764b86a795e4b2dc8a59f635db796fcd23949ac$lut for cells of type $lut.
Using template $paramod$55f7f08666253b6bdec6bf4d194618bf23eae7a1$lut for cells of type $lut.
Using template $paramod$6c666888e6ac0032cfbfbdcc85a75fcfd59f94c3$lut for cells of type $lut.
Using template $paramod$2bba1ee4cc55f3679db28d57243906cc1fe702e9$lut for cells of type $lut.
Using template $paramod$8a502c25d19c332f0051d0bcbf4247cc5866668b$lut for cells of type $lut.
Using template $paramod$243a3132cd148eeee35f61e8004d99fe09b69cca$lut for cells of type $lut.
Using template $paramod$26593507c6263c6b4e55b0a4a1c1787f15e2a014$lut for cells of type $lut.
Using template $paramod$a8bd02a7e5ce01918f902c876189fe753369e4f7$lut for cells of type $lut.
Using template $paramod$2a7dfa30843c47ed00503cf112bef567a17c896b$lut for cells of type $lut.
Using template $paramod$d1753b1145dd81674b772b6c0e41c88ea50cbbbc$lut for cells of type $lut.
Using template $paramod$5f42255d0f3c94182def37f18603fd1afdc023cc$lut for cells of type $lut.
Using template $paramod$58389980c63f3235c8f8122d952d60e88e8ccdf8$lut for cells of type $lut.
Using template $paramod$e57eefc62bca1f37b8a2bcb17c5bddda0e8370c6$lut for cells of type $lut.
Using template $paramod$673efda7cf44a4b6d45e0ebc2f03e84a40f7777f$lut for cells of type $lut.
Using template $paramod$ef351e37a29b3e65917837043f0a38176283538b$lut for cells of type $lut.
Using template $paramod$ad333e63f712bdb887b1029efee6e57bf7a0f59c$lut for cells of type $lut.
Using template $paramod$9728486d945212460dc34b4d76cd17f99282d7b1$lut for cells of type $lut.
Using template $paramod$77ad5b5a13077339c889d22d77e93cfd4da9d15f$lut for cells of type $lut.
Using template $paramod$c6a3089aeba8d23c85a6dd15f3a52a02058d3f83$lut for cells of type $lut.
Using template $paramod$aff766d51bfd6300c845683283a4e6e3ffed8b12$lut for cells of type $lut.
Using template $paramod$7a36951baf95cd2183bd59cb8867efd49cdcf08c$lut for cells of type $lut.
Using template $paramod$552e3322e4b067f4d534291d7d7f0fa4db22b890$lut for cells of type $lut.
Using template $paramod$1987f59cf217be80abbc97df201045b2769abf5a$lut for cells of type $lut.
Using template $paramod$cacf3cf7584436df24633636eaae0da04641748b$lut for cells of type $lut.
Using template $paramod$04ae10f7d848c17f6abdd4c00ba30939b2cb4eb5$lut for cells of type $lut.
Using template $paramod$ea0a4ee26eb9aa2c03283f4bfb761fc3543b5b69$lut for cells of type $lut.
No more expansions possible.
<suppressed ~9199 debug messages>

7.46. Executing OPT_LUT_INS pass (discard unused LUT inputs).
Optimizing LUTs in top.
  Optimizing lut $abc$98238$lut$aiger98237$7065.genblk1.genblk1.genblk1.genblk1.genblk1.genblk1.genblk1.genblk1.lut0.genblk1.genblk1.genblk1.genblk1.genblk1.genblk1.genblk1.lut1.genblk1.genblk1.genblk1.genblk1.genblk1.genblk1.lut0.genblk1.genblk1.genblk1.genblk1.genblk1.lut1 (4 -> 2)
  Optimizing lut $abc$98238$lut$aiger98237$6860.genblk1.genblk1.genblk1.genblk1.genblk1.genblk1.genblk1.genblk1.lut1.genblk1.genblk1.genblk1.genblk1.genblk1.genblk1.genblk1.lut0.genblk1.genblk1.genblk1.genblk1.genblk1.genblk1.lut0.genblk1.genblk1.genblk1.genblk1.genblk1.lut0 (4 -> 0)
  Optimizing lut $abc$98238$lut$aiger98237$6860.genblk1.genblk1.genblk1.genblk1.genblk1.genblk1.genblk1.genblk1.lut1.genblk1.genblk1.genblk1.genblk1.genblk1.genblk1.genblk1.lut1.genblk1.genblk1.genblk1.genblk1.genblk1.genblk1.lut1.genblk1.genblk1.genblk1.genblk1.genblk1.lut0 (4 -> 0)
  Optimizing lut $abc$98238$lut$aiger98237$6860.genblk1.genblk1.genblk1.genblk1.genblk1.genblk1.genblk1.genblk1.lut1.genblk1.genblk1.genblk1.genblk1.genblk1.genblk1.genblk1.lut1.genblk1.genblk1.genblk1.genblk1.genblk1.genblk1.lut0.genblk1.genblk1.genblk1.genblk1.genblk1.lut0 (4 -> 0)
  Optimizing lut $abc$98238$lut$aiger98237$6860.genblk1.genblk1.genblk1.genblk1.genblk1.genblk1.genblk1.genblk1.lut0.genblk1.genblk1.genblk1.genblk1.genblk1.genblk1.genblk1.lut0.genblk1.genblk1.genblk1.genblk1.genblk1.genblk1.lut1.genblk1.genblk1.genblk1.genblk1.genblk1.lut0 (4 -> 0)
  Optimizing lut $abc$98238$lut$aiger98237$6860.genblk1.genblk1.genblk1.genblk1.genblk1.genblk1.genblk1.genblk1.lut0.genblk1.genblk1.genblk1.genblk1.genblk1.genblk1.genblk1.lut1.genblk1.genblk1.genblk1.genblk1.genblk1.genblk1.lut1.genblk1.genblk1.genblk1.genblk1.genblk1.lut0 (4 -> 0)
  Optimizing lut $abc$98238$lut$aiger98237$6860.genblk1.genblk1.genblk1.genblk1.genblk1.genblk1.genblk1.genblk1.lut0.genblk1.genblk1.genblk1.genblk1.genblk1.genblk1.genblk1.lut1.genblk1.genblk1.genblk1.genblk1.genblk1.genblk1.lut0.genblk1.genblk1.genblk1.genblk1.genblk1.lut0 (4 -> 0)
  Optimizing lut $abc$98238$lut$aiger98237$6867.genblk1.genblk1.genblk1.genblk1.genblk1.genblk1.genblk1.genblk1.lut1.genblk1.genblk1.genblk1.genblk1.genblk1.genblk1.genblk1.lut0.genblk1.genblk1.genblk1.genblk1.genblk1.genblk1.lut1.genblk1.genblk1.genblk1.genblk1.genblk1.lut0 (4 -> 0)
  Optimizing lut $abc$98238$lut$aiger98237$6867.genblk1.genblk1.genblk1.genblk1.genblk1.genblk1.genblk1.genblk1.lut1.genblk1.genblk1.genblk1.genblk1.genblk1.genblk1.genblk1.lut0.genblk1.genblk1.genblk1.genblk1.genblk1.genblk1.lut0.genblk1.genblk1.genblk1.genblk1.genblk1.lut0 (4 -> 0)
  Optimizing lut $abc$98238$lut$aiger98237$6867.genblk1.genblk1.genblk1.genblk1.genblk1.genblk1.genblk1.genblk1.lut1.genblk1.genblk1.genblk1.genblk1.genblk1.genblk1.genblk1.lut1.genblk1.genblk1.genblk1.genblk1.genblk1.genblk1.lut1.genblk1.genblk1.genblk1.genblk1.genblk1.lut0 (4 -> 2)
  Optimizing lut $abc$98238$lut$aiger98237$6867.genblk1.genblk1.genblk1.genblk1.genblk1.genblk1.genblk1.genblk1.lut1.genblk1.genblk1.genblk1.genblk1.genblk1.genblk1.genblk1.lut1.genblk1.genblk1.genblk1.genblk1.genblk1.genblk1.lut0.genblk1.genblk1.genblk1.genblk1.genblk1.lut0 (4 -> 0)
  Optimizing lut $abc$98238$lut$aiger98237$6867.genblk1.genblk1.genblk1.genblk1.genblk1.genblk1.genblk1.genblk1.lut0.genblk1.genblk1.genblk1.genblk1.genblk1.genblk1.genblk1.lut0.genblk1.genblk1.genblk1.genblk1.genblk1.genblk1.lut1.genblk1.genblk1.genblk1.genblk1.genblk1.lut0 (4 -> 0)
  Optimizing lut $abc$98238$lut$aiger98237$6867.genblk1.genblk1.genblk1.genblk1.genblk1.genblk1.genblk1.genblk1.lut0.genblk1.genblk1.genblk1.genblk1.genblk1.genblk1.genblk1.lut0.genblk1.genblk1.genblk1.genblk1.genblk1.genblk1.lut0.genblk1.genblk1.genblk1.genblk1.genblk1.lut0 (4 -> 0)
  Optimizing lut $abc$98238$lut$aiger98237$6867.genblk1.genblk1.genblk1.genblk1.genblk1.genblk1.genblk1.genblk1.lut0.genblk1.genblk1.genblk1.genblk1.genblk1.genblk1.genblk1.lut1.genblk1.genblk1.genblk1.genblk1.genblk1.genblk1.lut1.genblk1.genblk1.genblk1.genblk1.genblk1.lut0 (4 -> 2)
  Optimizing lut $abc$98238$lut$aiger98237$6867.genblk1.genblk1.genblk1.genblk1.genblk1.genblk1.genblk1.genblk1.lut0.genblk1.genblk1.genblk1.genblk1.genblk1.genblk1.genblk1.lut1.genblk1.genblk1.genblk1.genblk1.genblk1.genblk1.lut0.genblk1.genblk1.genblk1.genblk1.genblk1.lut0 (4 -> 0)
  Optimizing lut $abc$98238$lut$aiger98237$6888.genblk1.genblk1.genblk1.genblk1.genblk1.genblk1.genblk1.genblk1.lut1.genblk1.genblk1.genblk1.genblk1.genblk1.genblk1.genblk1.lut0.genblk1.genblk1.genblk1.genblk1.genblk1.genblk1.lut1.genblk1.genblk1.genblk1.genblk1.genblk1.lut0 (4 -> 1)
  Optimizing lut $abc$98238$lut$aiger98237$6888.genblk1.genblk1.genblk1.genblk1.genblk1.genblk1.genblk1.genblk1.lut1.genblk1.genblk1.genblk1.genblk1.genblk1.genblk1.genblk1.lut0.genblk1.genblk1.genblk1.genblk1.genblk1.genblk1.lut0.genblk1.genblk1.genblk1.genblk1.genblk1.lut0 (4 -> 1)
  Optimizing lut $abc$98238$lut$aiger98237$6888.genblk1.genblk1.genblk1.genblk1.genblk1.genblk1.genblk1.genblk1.lut1.genblk1.genblk1.genblk1.genblk1.genblk1.genblk1.genblk1.lut1.genblk1.genblk1.genblk1.genblk1.genblk1.genblk1.lut1.genblk1.genblk1.genblk1.genblk1.genblk1.lut0 (4 -> 2)
  Optimizing lut $abc$98238$lut$aiger98237$6888.genblk1.genblk1.genblk1.genblk1.genblk1.genblk1.genblk1.genblk1.lut1.genblk1.genblk1.genblk1.genblk1.genblk1.genblk1.genblk1.lut1.genblk1.genblk1.genblk1.genblk1.genblk1.genblk1.lut0.genblk1.genblk1.genblk1.genblk1.genblk1.lut0 (4 -> 1)
  Optimizing lut $abc$98238$lut$aiger98237$6888.genblk1.genblk1.genblk1.genblk1.genblk1.genblk1.genblk1.genblk1.lut0.genblk1.genblk1.genblk1.genblk1.genblk1.genblk1.genblk1.lut0.genblk1.genblk1.genblk1.genblk1.genblk1.genblk1.lut1.genblk1.genblk1.genblk1.genblk1.genblk1.lut0 (4 -> 1)
  Optimizing lut $abc$98238$lut$aiger98237$6888.genblk1.genblk1.genblk1.genblk1.genblk1.genblk1.genblk1.genblk1.lut0.genblk1.genblk1.genblk1.genblk1.genblk1.genblk1.genblk1.lut0.genblk1.genblk1.genblk1.genblk1.genblk1.genblk1.lut0.genblk1.genblk1.genblk1.genblk1.genblk1.lut0 (4 -> 1)
  Optimizing lut $abc$98238$lut$aiger98237$6888.genblk1.genblk1.genblk1.genblk1.genblk1.genblk1.genblk1.genblk1.lut0.genblk1.genblk1.genblk1.genblk1.genblk1.genblk1.genblk1.lut1.genblk1.genblk1.genblk1.genblk1.genblk1.genblk1.lut1.genblk1.genblk1.genblk1.genblk1.genblk1.lut0 (4 -> 2)
  Optimizing lut $abc$98238$lut$aiger98237$6888.genblk1.genblk1.genblk1.genblk1.genblk1.genblk1.genblk1.genblk1.lut0.genblk1.genblk1.genblk1.genblk1.genblk1.genblk1.genblk1.lut1.genblk1.genblk1.genblk1.genblk1.genblk1.genblk1.lut0.genblk1.genblk1.genblk1.genblk1.genblk1.lut0 (4 -> 1)
  Optimizing lut $abc$98238$lut$aiger98237$6968.genblk1.genblk1.genblk1.genblk1.genblk1.genblk1.genblk1.genblk1.lut1.genblk1.genblk1.genblk1.genblk1.genblk1.genblk1.genblk1.lut0.genblk1.genblk1.genblk1.genblk1.genblk1.genblk1.lut1.genblk1.genblk1.genblk1.genblk1.genblk1.lut0 (4 -> 3)
  Optimizing lut $abc$98238$lut$aiger98237$6968.genblk1.genblk1.genblk1.genblk1.genblk1.genblk1.genblk1.genblk1.lut1.genblk1.genblk1.genblk1.genblk1.genblk1.genblk1.genblk1.lut0.genblk1.genblk1.genblk1.genblk1.genblk1.genblk1.lut0.genblk1.genblk1.genblk1.genblk1.genblk1.lut0 (4 -> 3)
  Optimizing lut $abc$98238$lut$aiger98237$6968.genblk1.genblk1.genblk1.genblk1.genblk1.genblk1.genblk1.genblk1.lut1.genblk1.genblk1.genblk1.genblk1.genblk1.genblk1.genblk1.lut1.genblk1.genblk1.genblk1.genblk1.genblk1.genblk1.lut0.genblk1.genblk1.genblk1.genblk1.genblk1.lut0 (4 -> 3)
  Optimizing lut $abc$98238$lut$aiger98237$6968.genblk1.genblk1.genblk1.genblk1.genblk1.genblk1.genblk1.genblk1.lut0.genblk1.genblk1.genblk1.genblk1.genblk1.genblk1.genblk1.lut0.genblk1.genblk1.genblk1.genblk1.genblk1.genblk1.lut1.genblk1.genblk1.genblk1.genblk1.genblk1.lut0 (4 -> 2)
  Optimizing lut $abc$98238$lut$aiger98237$6968.genblk1.genblk1.genblk1.genblk1.genblk1.genblk1.genblk1.genblk1.lut0.genblk1.genblk1.genblk1.genblk1.genblk1.genblk1.genblk1.lut0.genblk1.genblk1.genblk1.genblk1.genblk1.genblk1.lut0.genblk1.genblk1.genblk1.genblk1.genblk1.lut0 (4 -> 2)
  Optimizing lut $abc$98238$lut$aiger98237$6968.genblk1.genblk1.genblk1.genblk1.genblk1.genblk1.genblk1.genblk1.lut0.genblk1.genblk1.genblk1.genblk1.genblk1.genblk1.genblk1.lut1.genblk1.genblk1.genblk1.genblk1.genblk1.genblk1.lut1.genblk1.genblk1.genblk1.genblk1.genblk1.lut0 (4 -> 2)
  Optimizing lut $abc$98238$lut$aiger98237$6968.genblk1.genblk1.genblk1.genblk1.genblk1.genblk1.genblk1.genblk1.lut0.genblk1.genblk1.genblk1.genblk1.genblk1.genblk1.genblk1.lut1.genblk1.genblk1.genblk1.genblk1.genblk1.genblk1.lut0.genblk1.genblk1.genblk1.genblk1.genblk1.lut0 (4 -> 2)
  Optimizing lut $abc$98238$lut$aiger98237$6974.genblk1.genblk1.genblk1.genblk1.genblk1.genblk1.genblk1.lut1.genblk1.genblk1.genblk1.genblk1.genblk1.genblk1.lut0.genblk1.genblk1.genblk1.genblk1.genblk1.lut1 (4 -> 0)
  Optimizing lut $abc$98238$lut$aiger98237$7065.genblk1.genblk1.genblk1.genblk1.genblk1.genblk1.genblk1.genblk1.lut1.genblk1.genblk1.genblk1.genblk1.genblk1.genblk1.genblk1.lut0.genblk1.genblk1.genblk1.genblk1.genblk1.genblk1.lut0.genblk1.genblk1.genblk1.genblk1.genblk1.lut0 (4 -> 1)
  Optimizing lut $abc$98238$lut$aiger98237$7065.genblk1.genblk1.genblk1.genblk1.genblk1.genblk1.genblk1.genblk1.lut1.genblk1.genblk1.genblk1.genblk1.genblk1.genblk1.genblk1.lut1.genblk1.genblk1.genblk1.genblk1.genblk1.genblk1.lut1.genblk1.genblk1.genblk1.genblk1.genblk1.lut0 (4 -> 1)
  Optimizing lut $abc$98238$lut$aiger98237$7065.genblk1.genblk1.genblk1.genblk1.genblk1.genblk1.genblk1.genblk1.lut1.genblk1.genblk1.genblk1.genblk1.genblk1.genblk1.genblk1.lut1.genblk1.genblk1.genblk1.genblk1.genblk1.genblk1.lut0.genblk1.genblk1.genblk1.genblk1.genblk1.lut0 (4 -> 1)
  Optimizing lut $abc$98238$lut$aiger98237$7065.genblk1.genblk1.genblk1.genblk1.genblk1.genblk1.genblk1.genblk1.lut0.genblk1.genblk1.genblk1.genblk1.genblk1.genblk1.genblk1.lut0.genblk1.genblk1.genblk1.genblk1.genblk1.genblk1.lut1.genblk1.genblk1.genblk1.genblk1.genblk1.lut0 (4 -> 1)
  Optimizing lut $abc$98238$lut$aiger98237$7065.genblk1.genblk1.genblk1.genblk1.genblk1.genblk1.genblk1.genblk1.lut0.genblk1.genblk1.genblk1.genblk1.genblk1.genblk1.genblk1.lut0.genblk1.genblk1.genblk1.genblk1.genblk1.genblk1.lut0.genblk1.genblk1.genblk1.genblk1.genblk1.lut0 (4 -> 1)
  Optimizing lut $abc$98238$lut$aiger98237$7065.genblk1.genblk1.genblk1.genblk1.genblk1.genblk1.genblk1.genblk1.lut0.genblk1.genblk1.genblk1.genblk1.genblk1.genblk1.genblk1.lut1.genblk1.genblk1.genblk1.genblk1.genblk1.genblk1.lut1.genblk1.genblk1.genblk1.genblk1.genblk1.lut0 (4 -> 1)
  Optimizing lut $abc$98238$lut$aiger98237$7065.genblk1.genblk1.genblk1.genblk1.genblk1.genblk1.genblk1.genblk1.lut0.genblk1.genblk1.genblk1.genblk1.genblk1.genblk1.genblk1.lut1.genblk1.genblk1.genblk1.genblk1.genblk1.genblk1.lut0.genblk1.genblk1.genblk1.genblk1.genblk1.lut0 (4 -> 1)
  Optimizing lut $abc$98238$lut$aiger98237$7074.genblk1.genblk1.genblk1.genblk1.genblk1.genblk1.genblk1.lut1.genblk1.genblk1.genblk1.genblk1.genblk1.genblk1.lut0.genblk1.genblk1.genblk1.genblk1.genblk1.lut1 (4 -> 1)
  Optimizing lut $abc$98238$lut$aiger98237$7074.genblk1.genblk1.genblk1.genblk1.genblk1.genblk1.genblk1.lut0.genblk1.genblk1.genblk1.genblk1.genblk1.genblk1.lut0.genblk1.genblk1.genblk1.genblk1.genblk1.lut0 (4 -> 1)
  Optimizing lut $abc$98238$lut$aiger98237$7074.genblk1.genblk1.genblk1.genblk1.genblk1.genblk1.genblk1.lut1.genblk1.genblk1.genblk1.genblk1.genblk1.genblk1.lut1.genblk1.genblk1.genblk1.genblk1.genblk1.lut0 (4 -> 1)
  Optimizing lut $abc$98238$lut$aiger98237$7074.genblk1.genblk1.genblk1.genblk1.genblk1.genblk1.genblk1.lut1.genblk1.genblk1.genblk1.genblk1.genblk1.genblk1.lut0.genblk1.genblk1.genblk1.genblk1.genblk1.lut0 (4 -> 1)
  Optimizing lut $abc$98238$lut$aiger98237$7065.genblk1.genblk1.genblk1.genblk1.genblk1.genblk1.genblk1.genblk1.lut0.genblk1.genblk1.genblk1.genblk1.genblk1.genblk1.genblk1.lut0.genblk1.genblk1.genblk1.genblk1.genblk1.genblk1.lut0.genblk1.genblk1.genblk1.genblk1.genblk1.lut1 (4 -> 2)
  Optimizing lut $abc$98238$lut$aiger98237$7065.genblk1.genblk1.genblk1.genblk1.genblk1.genblk1.genblk1.genblk1.lut1.genblk1.genblk1.genblk1.genblk1.genblk1.genblk1.genblk1.lut1.genblk1.genblk1.genblk1.genblk1.genblk1.genblk1.lut0.genblk1.genblk1.genblk1.genblk1.genblk1.lut1 (4 -> 2)
  Optimizing lut $abc$98238$lut$aiger98237$7065.genblk1.genblk1.genblk1.genblk1.genblk1.genblk1.genblk1.genblk1.lut1.genblk1.genblk1.genblk1.genblk1.genblk1.genblk1.genblk1.lut0.genblk1.genblk1.genblk1.genblk1.genblk1.genblk1.lut0.genblk1.genblk1.genblk1.genblk1.genblk1.lut1 (4 -> 2)
  Optimizing lut $abc$98238$lut$aiger98237$6968.genblk1.genblk1.genblk1.genblk1.genblk1.genblk1.genblk1.genblk1.lut0.genblk1.genblk1.genblk1.genblk1.genblk1.genblk1.genblk1.lut1.genblk1.genblk1.genblk1.genblk1.genblk1.genblk1.lut0.genblk1.genblk1.genblk1.genblk1.genblk1.lut1 (4 -> 2)
  Optimizing lut $abc$98238$lut$aiger98237$6987.genblk1.genblk1.genblk1.genblk1.genblk1.genblk1.genblk1.lut0.genblk1.genblk1.genblk1.genblk1.genblk1.genblk1.lut1.genblk1.genblk1.genblk1.genblk1.genblk1.lut0 (4 -> 0)
  Optimizing lut $abc$98238$lut$aiger98237$6987.genblk1.genblk1.genblk1.genblk1.genblk1.genblk1.genblk1.lut0.genblk1.genblk1.genblk1.genblk1.genblk1.genblk1.lut0.genblk1.genblk1.genblk1.genblk1.genblk1.lut0 (4 -> 0)
  Optimizing lut $abc$98238$lut$aiger98237$6987.genblk1.genblk1.genblk1.genblk1.genblk1.genblk1.genblk1.lut1.genblk1.genblk1.genblk1.genblk1.genblk1.genblk1.lut1.genblk1.genblk1.genblk1.genblk1.genblk1.lut0 (4 -> 0)
  Optimizing lut $abc$98238$lut$aiger98237$6987.genblk1.genblk1.genblk1.genblk1.genblk1.genblk1.genblk1.lut1.genblk1.genblk1.genblk1.genblk1.genblk1.genblk1.lut0.genblk1.genblk1.genblk1.genblk1.genblk1.lut0 (4 -> 0)
  Optimizing lut $abc$98238$lut$aiger98237$6974.genblk1.genblk1.genblk1.genblk1.genblk1.genblk1.genblk1.lut0.genblk1.genblk1.genblk1.genblk1.genblk1.genblk1.lut1.genblk1.genblk1.genblk1.genblk1.genblk1.lut0 (4 -> 0)
  Optimizing lut $abc$98238$lut$aiger98237$6974.genblk1.genblk1.genblk1.genblk1.genblk1.genblk1.genblk1.lut0.genblk1.genblk1.genblk1.genblk1.genblk1.genblk1.lut0.genblk1.genblk1.genblk1.genblk1.genblk1.lut0 (4 -> 0)
  Optimizing lut $abc$98238$lut$aiger98237$6974.genblk1.genblk1.genblk1.genblk1.genblk1.genblk1.genblk1.lut1.genblk1.genblk1.genblk1.genblk1.genblk1.genblk1.lut1.genblk1.genblk1.genblk1.genblk1.genblk1.lut0 (4 -> 0)
  Optimizing lut $abc$98238$lut$aiger98237$6974.genblk1.genblk1.genblk1.genblk1.genblk1.genblk1.genblk1.lut1.genblk1.genblk1.genblk1.genblk1.genblk1.genblk1.lut0.genblk1.genblk1.genblk1.genblk1.genblk1.lut0 (4 -> 0)
  Optimizing lut $abc$98238$lut$aiger98237$6968.genblk1.genblk1.genblk1.genblk1.genblk1.genblk1.genblk1.genblk1.lut0.genblk1.genblk1.genblk1.genblk1.genblk1.genblk1.genblk1.lut0.genblk1.genblk1.genblk1.genblk1.genblk1.genblk1.lut0.genblk1.genblk1.genblk1.genblk1.genblk1.lut1 (4 -> 2)
  Optimizing lut $abc$98238$lut$aiger98237$6968.genblk1.genblk1.genblk1.genblk1.genblk1.genblk1.genblk1.genblk1.lut1.genblk1.genblk1.genblk1.genblk1.genblk1.genblk1.genblk1.lut1.genblk1.genblk1.genblk1.genblk1.genblk1.genblk1.lut0.genblk1.genblk1.genblk1.genblk1.genblk1.lut1 (4 -> 2)
  Optimizing lut $abc$98238$lut$aiger98237$6968.genblk1.genblk1.genblk1.genblk1.genblk1.genblk1.genblk1.genblk1.lut1.genblk1.genblk1.genblk1.genblk1.genblk1.genblk1.genblk1.lut0.genblk1.genblk1.genblk1.genblk1.genblk1.genblk1.lut0.genblk1.genblk1.genblk1.genblk1.genblk1.lut1 (4 -> 2)
  Optimizing lut $abc$98238$lut$aiger98237$6888.genblk1.genblk1.genblk1.genblk1.genblk1.genblk1.genblk1.genblk1.lut0.genblk1.genblk1.genblk1.genblk1.genblk1.genblk1.genblk1.lut1.genblk1.genblk1.genblk1.genblk1.genblk1.genblk1.lut0.genblk1.genblk1.genblk1.genblk1.genblk1.lut1 (4 -> 1)
  Optimizing lut $abc$98238$lut$aiger98237$6902.genblk1.genblk1.genblk1.genblk1.genblk1.genblk1.genblk1.lut0.genblk1.genblk1.genblk1.genblk1.genblk1.genblk1.lut1.genblk1.genblk1.genblk1.genblk1.genblk1.lut0 (4 -> 0)
  Optimizing lut $abc$98238$lut$aiger98237$6902.genblk1.genblk1.genblk1.genblk1.genblk1.genblk1.genblk1.lut0.genblk1.genblk1.genblk1.genblk1.genblk1.genblk1.lut0.genblk1.genblk1.genblk1.genblk1.genblk1.lut0 (4 -> 3)
  Optimizing lut $abc$98238$lut$aiger98237$6902.genblk1.genblk1.genblk1.genblk1.genblk1.genblk1.genblk1.lut1.genblk1.genblk1.genblk1.genblk1.genblk1.genblk1.lut1.genblk1.genblk1.genblk1.genblk1.genblk1.lut0 (4 -> 0)
  Optimizing lut $abc$98238$lut$aiger98237$6888.genblk1.genblk1.genblk1.genblk1.genblk1.genblk1.genblk1.genblk1.lut0.genblk1.genblk1.genblk1.genblk1.genblk1.genblk1.genblk1.lut0.genblk1.genblk1.genblk1.genblk1.genblk1.genblk1.lut0.genblk1.genblk1.genblk1.genblk1.genblk1.lut1 (4 -> 1)
  Optimizing lut $abc$98238$lut$aiger98237$6888.genblk1.genblk1.genblk1.genblk1.genblk1.genblk1.genblk1.genblk1.lut1.genblk1.genblk1.genblk1.genblk1.genblk1.genblk1.genblk1.lut1.genblk1.genblk1.genblk1.genblk1.genblk1.genblk1.lut0.genblk1.genblk1.genblk1.genblk1.genblk1.lut1 (4 -> 1)
  Optimizing lut $abc$98238$lut$aiger98237$6888.genblk1.genblk1.genblk1.genblk1.genblk1.genblk1.genblk1.genblk1.lut1.genblk1.genblk1.genblk1.genblk1.genblk1.genblk1.genblk1.lut0.genblk1.genblk1.genblk1.genblk1.genblk1.genblk1.lut0.genblk1.genblk1.genblk1.genblk1.genblk1.lut1 (4 -> 1)
  Optimizing lut $abc$98238$lut$aiger98237$6867.genblk1.genblk1.genblk1.genblk1.genblk1.genblk1.genblk1.genblk1.lut0.genblk1.genblk1.genblk1.genblk1.genblk1.genblk1.genblk1.lut1.genblk1.genblk1.genblk1.genblk1.genblk1.genblk1.lut0.genblk1.genblk1.genblk1.genblk1.genblk1.lut1 (4 -> 0)
  Optimizing lut $abc$98238$lut$aiger98237$6867.genblk1.genblk1.genblk1.genblk1.genblk1.genblk1.genblk1.genblk1.lut0.genblk1.genblk1.genblk1.genblk1.genblk1.genblk1.genblk1.lut0.genblk1.genblk1.genblk1.genblk1.genblk1.genblk1.lut0.genblk1.genblk1.genblk1.genblk1.genblk1.lut1 (4 -> 0)
  Optimizing lut $abc$98238$lut$aiger98237$6867.genblk1.genblk1.genblk1.genblk1.genblk1.genblk1.genblk1.genblk1.lut1.genblk1.genblk1.genblk1.genblk1.genblk1.genblk1.genblk1.lut1.genblk1.genblk1.genblk1.genblk1.genblk1.genblk1.lut0.genblk1.genblk1.genblk1.genblk1.genblk1.lut1 (4 -> 0)
  Optimizing lut $abc$98238$lut$aiger98237$6867.genblk1.genblk1.genblk1.genblk1.genblk1.genblk1.genblk1.genblk1.lut1.genblk1.genblk1.genblk1.genblk1.genblk1.genblk1.genblk1.lut0.genblk1.genblk1.genblk1.genblk1.genblk1.genblk1.lut0.genblk1.genblk1.genblk1.genblk1.genblk1.lut1 (4 -> 0)
  Optimizing lut $abc$98238$lut$aiger98237$6860.genblk1.genblk1.genblk1.genblk1.genblk1.genblk1.genblk1.genblk1.lut0.genblk1.genblk1.genblk1.genblk1.genblk1.genblk1.genblk1.lut1.genblk1.genblk1.genblk1.genblk1.genblk1.genblk1.lut0.genblk1.genblk1.genblk1.genblk1.genblk1.lut1 (4 -> 0)
  Optimizing lut $abc$98238$lut$aiger98237$6860.genblk1.genblk1.genblk1.genblk1.genblk1.genblk1.genblk1.genblk1.lut0.genblk1.genblk1.genblk1.genblk1.genblk1.genblk1.genblk1.lut0.genblk1.genblk1.genblk1.genblk1.genblk1.genblk1.lut0.genblk1.genblk1.genblk1.genblk1.genblk1.lut1 (4 -> 0)
  Optimizing lut $abc$98238$lut$aiger98237$6860.genblk1.genblk1.genblk1.genblk1.genblk1.genblk1.genblk1.genblk1.lut1.genblk1.genblk1.genblk1.genblk1.genblk1.genblk1.genblk1.lut1.genblk1.genblk1.genblk1.genblk1.genblk1.genblk1.lut0.genblk1.genblk1.genblk1.genblk1.genblk1.lut1 (4 -> 0)
  Optimizing lut $abc$98238$lut$aiger98237$6860.genblk1.genblk1.genblk1.genblk1.genblk1.genblk1.genblk1.genblk1.lut1.genblk1.genblk1.genblk1.genblk1.genblk1.genblk1.genblk1.lut0.genblk1.genblk1.genblk1.genblk1.genblk1.genblk1.lut0.genblk1.genblk1.genblk1.genblk1.genblk1.lut1 (4 -> 0)
  Optimizing lut $abc$98238$lut$aiger98237$6860.genblk1.genblk1.genblk1.genblk1.genblk1.genblk1.genblk1.genblk1.lut1.genblk1.genblk1.genblk1.genblk1.genblk1.genblk1.genblk1.lut0.genblk1.genblk1.genblk1.genblk1.genblk1.genblk1.lut1.genblk1.genblk1.genblk1.genblk1.genblk1.lut0 (4 -> 0)
  Optimizing lut $abc$98238$lut$aiger98237$6860.genblk1.genblk1.genblk1.genblk1.genblk1.genblk1.genblk1.genblk1.lut0.genblk1.genblk1.genblk1.genblk1.genblk1.genblk1.genblk1.lut1.genblk1.genblk1.genblk1.genblk1.genblk1.genblk1.lut1.genblk1.genblk1.genblk1.genblk1.genblk1.lut1 (4 -> 0)
  Optimizing lut $abc$98238$lut$aiger98237$6867.genblk1.genblk1.genblk1.genblk1.genblk1.genblk1.genblk1.genblk1.lut0.genblk1.genblk1.genblk1.genblk1.genblk1.genblk1.genblk1.lut1.genblk1.genblk1.genblk1.genblk1.genblk1.genblk1.lut1.genblk1.genblk1.genblk1.genblk1.genblk1.lut1 (4 -> 2)
  Optimizing lut $abc$98238$lut$aiger98237$6888.genblk1.genblk1.genblk1.genblk1.genblk1.genblk1.genblk1.genblk1.lut0.genblk1.genblk1.genblk1.genblk1.genblk1.genblk1.genblk1.lut1.genblk1.genblk1.genblk1.genblk1.genblk1.genblk1.lut1.genblk1.genblk1.genblk1.genblk1.genblk1.lut1 (4 -> 2)
  Optimizing lut $abc$98238$lut$aiger98237$6871.genblk1.genblk1.genblk1.genblk1.genblk1.lut1 (4 -> 1)
  Optimizing lut $abc$98238$lut$aiger98237$6968.genblk1.genblk1.genblk1.genblk1.genblk1.genblk1.genblk1.genblk1.lut0.genblk1.genblk1.genblk1.genblk1.genblk1.genblk1.genblk1.lut1.genblk1.genblk1.genblk1.genblk1.genblk1.genblk1.lut1.genblk1.genblk1.genblk1.genblk1.genblk1.lut1 (4 -> 2)
  Optimizing lut $abc$98238$lut$aiger98237$6981.genblk1.genblk1.genblk1.genblk1.genblk1.lut1 (4 -> 3)
  Optimizing lut $abc$98238$lut$aiger98237$7065.genblk1.genblk1.genblk1.genblk1.genblk1.genblk1.genblk1.genblk1.lut1.genblk1.genblk1.genblk1.genblk1.genblk1.genblk1.genblk1.lut0.genblk1.genblk1.genblk1.genblk1.genblk1.genblk1.lut1.genblk1.genblk1.genblk1.genblk1.genblk1.lut0 (4 -> 3)
  Optimizing lut $abc$98238$lut$aiger98237$7065.genblk1.genblk1.genblk1.genblk1.genblk1.genblk1.genblk1.genblk1.lut0.genblk1.genblk1.genblk1.genblk1.genblk1.genblk1.genblk1.lut1.genblk1.genblk1.genblk1.genblk1.genblk1.genblk1.lut1.genblk1.genblk1.genblk1.genblk1.genblk1.lut1 (4 -> 2)
  Optimizing lut $abc$98238$lut$aiger98237$7074.genblk1.genblk1.genblk1.genblk1.genblk1.genblk1.genblk1.lut0.genblk1.genblk1.genblk1.genblk1.genblk1.genblk1.lut0.genblk1.genblk1.genblk1.genblk1.genblk1.lut1 (4 -> 1)
  Optimizing lut $abc$98238$lut$aiger98237$7513.genblk1.genblk1.genblk1.genblk1.genblk1.lut1 (4 -> 0)
  Optimizing lut $abc$98238$lut$aiger98237$8040.genblk1.genblk1.genblk1.genblk1.genblk1.genblk1.lut0.genblk1.genblk1.genblk1.genblk1.genblk1.lut0 (4 -> 2)
  Optimizing lut $abc$98238$lut$aiger$o5190.genblk1.genblk1.genblk1.genblk1.genblk1.lut1 (4 -> 3)
  Optimizing lut $abc$98238$lut$aiger98237$10541.genblk1.genblk1.genblk1.genblk1.genblk1.genblk1.lut1.genblk1.genblk1.genblk1.genblk1.genblk1.lut0 (4 -> 1)
  Optimizing lut $abc$98238$lut$aiger98237$8647.genblk1.genblk1.genblk1.genblk1.genblk1.lut1 (4 -> 3)
  Optimizing lut $abc$98238$lut$aiger98237$9471.genblk1.genblk1.genblk1.genblk1.genblk1.lut1 (4 -> 3)
  Optimizing lut $abc$98238$lut$aiger$o5124.genblk1.genblk1.genblk1.genblk1.genblk1.lut1 (4 -> 3)
  Optimizing lut $abc$98238$lut$aiger$o5142.genblk1.genblk1.genblk1.genblk1.genblk1.lut1 (4 -> 3)
  Optimizing lut $abc$98238$lut$aiger$o5166.genblk1.genblk1.genblk1.genblk1.genblk1.lut1 (4 -> 3)
  Optimizing lut $abc$98238$lut$aiger$o9563.genblk1.genblk1.genblk1.genblk1.genblk1.lut0 (4 -> 2)
  Optimizing lut $abc$98238$lut$aiger$o6354.genblk1.genblk1.genblk1.genblk1.genblk1.lut0 (4 -> 2)
  Optimizing lut $abc$98238$lut$aiger98237$7995.genblk1.genblk1.genblk1.genblk1.genblk1.lut0 (4 -> 3)
  Optimizing lut $abc$98238$lut$aiger$o4042.genblk1.genblk1.genblk1.genblk1.genblk1.lut0 (4 -> 3)
  Optimizing lut $abc$98238$lut$aiger$o4034.genblk1.genblk1.genblk1.genblk1.genblk1.lut0 (4 -> 3)
  Optimizing lut $abc$98238$lut$aiger$o4026.genblk1.genblk1.genblk1.genblk1.genblk1.lut0 (4 -> 3)
  Optimizing lut $abc$98238$lut$aiger$o4054.genblk1.genblk1.genblk1.genblk1.genblk1.lut0 (4 -> 3)
  Optimizing lut $abc$98238$lut$aiger$o4014.genblk1.genblk1.genblk1.genblk1.genblk1.lut0 (4 -> 3)
  Optimizing lut $abc$98238$lut$aiger$o4010.genblk1.genblk1.genblk1.genblk1.genblk1.lut0 (4 -> 3)
  Optimizing lut $abc$98238$lut$aiger$o4030.genblk1.genblk1.genblk1.genblk1.genblk1.lut0 (4 -> 3)
  Optimizing lut $abc$98238$lut$aiger$o4006.genblk1.genblk1.genblk1.genblk1.genblk1.lut0 (4 -> 3)
  Optimizing lut $abc$98238$lut$aiger$o3998.genblk1.genblk1.genblk1.genblk1.genblk1.lut0 (4 -> 3)
  Optimizing lut $abc$98238$lut$aiger$o4002.genblk1.genblk1.genblk1.genblk1.genblk1.lut0 (4 -> 3)
  Optimizing lut $abc$98238$lut$aiger98237$6987.genblk1.genblk1.genblk1.genblk1.genblk1.genblk1.genblk1.lut1.genblk1.genblk1.genblk1.genblk1.genblk1.genblk1.lut1.genblk1.genblk1.genblk1.genblk1.genblk1.lut1 (4 -> 0)
  Optimizing lut $abc$98238$lut$aiger98237$6968.genblk1.genblk1.genblk1.genblk1.genblk1.genblk1.genblk1.genblk1.lut1.genblk1.genblk1.genblk1.genblk1.genblk1.genblk1.genblk1.lut0.genblk1.genblk1.genblk1.genblk1.genblk1.genblk1.lut1.genblk1.genblk1.genblk1.genblk1.genblk1.lut1 (4 -> 2)
  Optimizing lut $abc$98238$lut$aiger98237$6961.genblk1.genblk1.genblk1.genblk1.genblk1.lut0 (4 -> 0)
  Optimizing lut $abc$98238$lut$aiger98237$6934.genblk1.genblk1.genblk1.genblk1.genblk1.lut0 (4 -> 0)
  Optimizing lut $abc$98238$lut$aiger98237$6902.genblk1.genblk1.genblk1.genblk1.genblk1.genblk1.genblk1.lut1.genblk1.genblk1.genblk1.genblk1.genblk1.genblk1.lut1.genblk1.genblk1.genblk1.genblk1.genblk1.lut1 (4 -> 0)
  Optimizing lut $abc$98238$lut$aiger98237$6860.genblk1.genblk1.genblk1.genblk1.genblk1.genblk1.genblk1.genblk1.lut1.genblk1.genblk1.genblk1.genblk1.genblk1.genblk1.genblk1.lut0.genblk1.genblk1.genblk1.genblk1.genblk1.genblk1.lut1.genblk1.genblk1.genblk1.genblk1.genblk1.lut1 (4 -> 0)
  Optimizing lut $auto$abc_ops_reintegrate.cc:611:reintegrate$98405.genblk1.genblk1.genblk1.genblk1.genblk1.lut0 (4 -> 3)
  Optimizing lut $abc$98238$lut$aiger98237$7319.genblk1.genblk1.genblk1.genblk1.genblk1.lut0 (4 -> 0)
  Optimizing lut $abc$98238$lut$aiger98237$10140.genblk1.genblk1.genblk1.genblk1.genblk1.lut0 (4 -> 0)
  Optimizing lut $abc$98238$lut$aiger98237$10128.genblk1.genblk1.genblk1.genblk1.genblk1.lut0 (4 -> 0)
  Optimizing lut $abc$98238$lut$aiger$o1029.genblk1.genblk1.genblk1.genblk1.genblk1.lut0 (4 -> 3)
  Optimizing lut $abc$98238$lut$aiger$o1013.genblk1.genblk1.genblk1.genblk1.genblk1.lut0 (4 -> 3)
  Optimizing lut $abc$98238$lut$aiger$o1005.genblk1.genblk1.genblk1.genblk1.genblk1.lut0 (4 -> 3)
  Optimizing lut $abc$98238$lut$aiger$o1021.genblk1.genblk1.genblk1.genblk1.genblk1.lut0 (4 -> 3)
  Optimizing lut $abc$98238$lut$aiger$o1017.genblk1.genblk1.genblk1.genblk1.genblk1.lut0 (4 -> 3)
  Optimizing lut $abc$98238$lut$aiger$o1037.genblk1.genblk1.genblk1.genblk1.genblk1.lut0 (4 -> 3)
  Optimizing lut $abc$98238$lut$aiger98237$10541.genblk1.genblk1.genblk1.genblk1.genblk1.genblk1.lut1.genblk1.genblk1.genblk1.genblk1.genblk1.lut1 (4 -> 1)
  Optimizing lut $abc$98238$lut$aiger98237$10519.genblk1.genblk1.genblk1.genblk1.genblk1.genblk1.lut1.genblk1.genblk1.genblk1.genblk1.genblk1.lut0 (4 -> 1)
  Optimizing lut $abc$98238$lut$aiger98237$10541.genblk1.genblk1.genblk1.genblk1.genblk1.genblk1.lut0.genblk1.genblk1.genblk1.genblk1.genblk1.lut1 (4 -> 1)
  Optimizing lut $abc$98238$lut$aiger98237$9078.genblk1.genblk1.genblk1.genblk1.genblk1.lut1 (4 -> 3)
  Optimizing lut $abc$98238$lut$aiger98237$10591.genblk1.genblk1.genblk1.genblk1.genblk1.genblk1.lut0.genblk1.genblk1.genblk1.genblk1.genblk1.lut1 (4 -> 1)
  Optimizing lut $abc$98238$lut$aiger98237$7448.genblk1.genblk1.genblk1.genblk1.genblk1.lut0 (4 -> 0)
  Optimizing lut $abc$98238$lut$aiger98237$10519.genblk1.genblk1.genblk1.genblk1.genblk1.genblk1.lut1.genblk1.genblk1.genblk1.genblk1.genblk1.lut1 (4 -> 1)
  Optimizing lut $abc$98238$lut$aiger98237$9309.genblk1.genblk1.genblk1.genblk1.genblk1.lut0 (4 -> 0)
  Optimizing lut $abc$98238$lut$aiger98237$10519.genblk1.genblk1.genblk1.genblk1.genblk1.genblk1.lut0.genblk1.genblk1.genblk1.genblk1.genblk1.lut1 (4 -> 1)
  Optimizing lut $auto$abc_ops_reintegrate.cc:611:reintegrate$98362.genblk1.genblk1.genblk1.genblk1.genblk1.lut1 (4 -> 3)
  Optimizing lut $abc$98238$lut$aiger$o5094.genblk1.genblk1.genblk1.genblk1.genblk1.lut1 (4 -> 3)
  Optimizing lut $auto$abc_ops_reintegrate.cc:611:reintegrate$98268.genblk1.genblk1.genblk1.genblk1.genblk1.lut1 (4 -> 0)
  Optimizing lut $auto$abc_ops_reintegrate.cc:611:reintegrate$98374.genblk1.genblk1.genblk1.genblk1.genblk1.lut1 (4 -> 3)
  Optimizing lut $abc$98238$lut$aiger98237$9691.genblk1.genblk1.genblk1.genblk1.genblk1.lut1 (4 -> 3)
  Optimizing lut $auto$abc_ops_reintegrate.cc:611:reintegrate$98270.genblk1.genblk1.genblk1.genblk1.genblk1.lut0 (4 -> 0)
  Optimizing lut $abc$98238$lut$aiger98237$11005.genblk1.genblk1.genblk1.genblk1.genblk1.lut1 (4 -> 1)
  Optimizing lut $abc$98238$lut$aiger$o5106.genblk1.genblk1.genblk1.genblk1.genblk1.lut1 (4 -> 3)
  Optimizing lut $abc$98238$lut$aiger98237$10160.genblk1.genblk1.genblk1.genblk1.genblk1.lut0 (4 -> 0)
  Optimizing lut $abc$98238$lut$aiger98237$9492.genblk1.genblk1.genblk1.genblk1.genblk1.lut1 (4 -> 3)
  Optimizing lut $abc$98238$lut$aiger98237$10999.genblk1.genblk1.genblk1.genblk1.genblk1.lut0 (4 -> 0)
  Optimizing lut $abc$98238$lut$aiger98237$10062.genblk1.genblk1.genblk1.genblk1.genblk1.lut0 (4 -> 2)
  Optimizing lut $auto$abc_ops_reintegrate.cc:611:reintegrate$98386.genblk1.genblk1.genblk1.genblk1.genblk1.lut1 (4 -> 3)
  Optimizing lut $auto$abc_ops_reintegrate.cc:611:reintegrate$98406.genblk1.genblk1.genblk1.genblk1.genblk1.lut0 (4 -> 2)
  Optimizing lut $abc$98238$lut$aiger98237$9501.genblk1.genblk1.genblk1.genblk1.genblk1.lut1 (4 -> 3)
  Optimizing lut $abc$98238$lut$aiger98237$10270.genblk1.genblk1.genblk1.genblk1.genblk1.lut1 (4 -> 0)
  Optimizing lut $abc$98238$lut$aiger$o5112.genblk1.genblk1.genblk1.genblk1.genblk1.lut1 (4 -> 3)
  Optimizing lut $auto$abc_ops_reintegrate.cc:611:reintegrate$98406.genblk1.genblk1.genblk1.genblk1.genblk1.lut1 (4 -> 3)
  Optimizing lut $auto$abc_ops_reintegrate.cc:611:reintegrate$98241.genblk1.genblk1.genblk1.genblk1.genblk1.lut1 (4 -> 1)
  Optimizing lut $abc$98238$lut$aiger$o1001.genblk1.genblk1.genblk1.genblk1.genblk1.lut1 (4 -> 1)
  Optimizing lut $abc$98238$lut$aiger$o9576.genblk1.genblk1.genblk1.genblk1.genblk1.lut0 (4 -> 2)
  Optimizing lut $auto$abc_ops_reintegrate.cc:611:reintegrate$98407.genblk1.genblk1.genblk1.genblk1.genblk1.lut1 (4 -> 3)
  Optimizing lut $abc$98238$lut$aiger98237$11525.genblk1.genblk1.genblk1.genblk1.genblk1.lut0 (4 -> 0)
  Optimizing lut $abc$98238$lut$aiger98237$10190.genblk1.genblk1.genblk1.genblk1.genblk1.lut0 (4 -> 0)
  Optimizing lut $abc$98238$lut$aiger98237$7046.genblk1.genblk1.genblk1.genblk1.genblk1.lut0 (4 -> 0)
  Optimizing lut $abc$98238$lut$aiger98237$7053.genblk1.genblk1.genblk1.genblk1.genblk1.lut0 (4 -> 3)
  Optimizing lut $abc$98238$lut$aiger$o9582.genblk1.genblk1.genblk1.genblk1.genblk1.lut0 (4 -> 2)
  Optimizing lut $abc$98238$lut$aiger98237$11549.genblk1.genblk1.genblk1.genblk1.genblk1.lut0 (4 -> 0)
  Optimizing lut $abc$98238$lut$aiger$o4022.genblk1.genblk1.genblk1.genblk1.genblk1.lut1 (4 -> 1)
  Optimizing lut $abc$98238$lut$aiger$o4042.genblk1.genblk1.genblk1.genblk1.genblk1.lut1 (4 -> 1)
  Optimizing lut $abc$98238$lut$aiger$o4046.genblk1.genblk1.genblk1.genblk1.genblk1.lut1 (4 -> 1)
  Optimizing lut $abc$98238$lut$aiger98237$9400.genblk1.genblk1.genblk1.genblk1.genblk1.lut1 (4 -> 3)
  Optimizing lut $abc$98238$lut$aiger98237$10219.genblk1.genblk1.genblk1.genblk1.genblk1.lut0 (4 -> 2)
  Optimizing lut $abc$98238$lut$aiger$o1049.genblk1.genblk1.genblk1.genblk1.genblk1.lut0 (4 -> 3)
  Optimizing lut $abc$98238$lut$aiger98237$9533.genblk1.genblk1.genblk1.genblk1.genblk1.lut0 (4 -> 1)
  Optimizing lut $abc$98238$lut$aiger98237$6987.genblk1.genblk1.genblk1.genblk1.genblk1.genblk1.genblk1.lut0.genblk1.genblk1.genblk1.genblk1.genblk1.genblk1.lut0.genblk1.genblk1.genblk1.genblk1.genblk1.lut1 (4 -> 0)
  Optimizing lut $abc$98238$lut$aiger$o6351.genblk1.genblk1.genblk1.genblk1.genblk1.lut0 (4 -> 2)
  Optimizing lut $abc$98238$lut$aiger98237$8258.genblk1.genblk1.genblk1.genblk1.genblk1.lut1 (4 -> 3)
  Optimizing lut $abc$98238$lut$aiger98237$7452.genblk1.genblk1.genblk1.genblk1.genblk1.lut0 (4 -> 3)
  Optimizing lut $abc$98238$lut$aiger98237$7505.genblk1.genblk1.genblk1.genblk1.genblk1.lut0 (4 -> 0)
  Optimizing lut $abc$98238$lut$aiger98237$6968.genblk1.genblk1.genblk1.genblk1.genblk1.genblk1.genblk1.genblk1.lut1.genblk1.genblk1.genblk1.genblk1.genblk1.genblk1.genblk1.lut1.genblk1.genblk1.genblk1.genblk1.genblk1.genblk1.lut1.genblk1.genblk1.genblk1.genblk1.genblk1.lut1 (4 -> 2)
  Optimizing lut $abc$98238$lut$aiger98237$11029.genblk1.genblk1.genblk1.genblk1.genblk1.lut1 (4 -> 0)
  Optimizing lut $abc$98238$lut$aiger98237$6968.genblk1.genblk1.genblk1.genblk1.genblk1.genblk1.genblk1.genblk1.lut0.genblk1.genblk1.genblk1.genblk1.genblk1.genblk1.genblk1.lut0.genblk1.genblk1.genblk1.genblk1.genblk1.genblk1.lut1.genblk1.genblk1.genblk1.genblk1.genblk1.lut1 (4 -> 2)
  Optimizing lut $abc$98238$lut$aiger98237$6974.genblk1.genblk1.genblk1.genblk1.genblk1.genblk1.genblk1.lut1.genblk1.genblk1.genblk1.genblk1.genblk1.genblk1.lut1.genblk1.genblk1.genblk1.genblk1.genblk1.lut1 (4 -> 0)
  Optimizing lut $abc$98238$lut$aiger98237$6974.genblk1.genblk1.genblk1.genblk1.genblk1.genblk1.genblk1.lut0.genblk1.genblk1.genblk1.genblk1.genblk1.genblk1.lut1.genblk1.genblk1.genblk1.genblk1.genblk1.lut1 (4 -> 0)
  Optimizing lut $abc$98238$lut$aiger$o4002.genblk1.genblk1.genblk1.genblk1.genblk1.lut1 (4 -> 1)
  Optimizing lut $abc$98238$lut$aiger98237$7620.genblk1.genblk1.genblk1.genblk1.genblk1.lut0 (4 -> 0)
  Optimizing lut $abc$98238$lut$aiger$o3998.genblk1.genblk1.genblk1.genblk1.genblk1.lut1 (4 -> 1)
  Optimizing lut $abc$98238$lut$aiger$o4006.genblk1.genblk1.genblk1.genblk1.genblk1.lut1 (4 -> 1)
  Optimizing lut $abc$98238$lut$aiger$o4022.genblk1.genblk1.genblk1.genblk1.genblk1.lut0 (4 -> 3)
  Optimizing lut $abc$98238$lut$aiger$o4030.genblk1.genblk1.genblk1.genblk1.genblk1.lut1 (4 -> 1)
  Optimizing lut $abc$98238$lut$aiger$o4046.genblk1.genblk1.genblk1.genblk1.genblk1.lut0 (4 -> 3)
  Optimizing lut $abc$98238$lut$aiger$o4050.genblk1.genblk1.genblk1.genblk1.genblk1.lut1 (4 -> 1)
  Optimizing lut $abc$98238$lut$aiger$o4050.genblk1.genblk1.genblk1.genblk1.genblk1.lut0 (4 -> 3)
  Optimizing lut $abc$98238$lut$aiger$o4018.genblk1.genblk1.genblk1.genblk1.genblk1.lut1 (4 -> 1)
  Optimizing lut $abc$98238$lut$aiger$o4018.genblk1.genblk1.genblk1.genblk1.genblk1.lut0 (4 -> 3)
  Optimizing lut $abc$98238$lut$aiger98237$7194.genblk1.genblk1.genblk1.genblk1.genblk1.lut1 (4 -> 3)
  Optimizing lut $abc$98238$lut$aiger$o4038.genblk1.genblk1.genblk1.genblk1.genblk1.lut1 (4 -> 1)
  Optimizing lut $abc$98238$lut$aiger98237$7752.genblk1.genblk1.genblk1.genblk1.genblk1.lut0 (4 -> 0)
  Optimizing lut $abc$98238$lut$aiger$o4038.genblk1.genblk1.genblk1.genblk1.genblk1.lut0 (4 -> 3)
  Optimizing lut $abc$98238$lut$aiger$o4034.genblk1.genblk1.genblk1.genblk1.genblk1.lut1 (4 -> 1)
  Optimizing lut $abc$98238$lut$aiger$o3994.genblk1.genblk1.genblk1.genblk1.genblk1.lut0 (4 -> 3)
  Optimizing lut $abc$98238$lut$aiger98237$7827.genblk1.genblk1.genblk1.genblk1.genblk1.lut0 (4 -> 0)
  Optimizing lut $auto$abc_ops_reintegrate.cc:611:reintegrate$98271.genblk1.genblk1.genblk1.genblk1.genblk1.lut0 (4 -> 0)
  Optimizing lut $abc$98238$lut$aiger98237$8000.genblk1.genblk1.genblk1.genblk1.genblk1.lut1 (4 -> 3)
  Optimizing lut $abc$98238$lut$aiger98237$8040.genblk1.genblk1.genblk1.genblk1.genblk1.genblk1.lut1.genblk1.genblk1.genblk1.genblk1.genblk1.lut0 (4 -> 2)
  Optimizing lut $abc$98238$lut$aiger98237$8040.genblk1.genblk1.genblk1.genblk1.genblk1.genblk1.lut1.genblk1.genblk1.genblk1.genblk1.genblk1.lut1 (4 -> 3)
  Optimizing lut $abc$98238$lut$aiger98237$11005.genblk1.genblk1.genblk1.genblk1.genblk1.lut0 (4 -> 3)
  Optimizing lut $abc$98238$lut$aiger98237$7074.genblk1.genblk1.genblk1.genblk1.genblk1.genblk1.genblk1.lut0.genblk1.genblk1.genblk1.genblk1.genblk1.genblk1.lut1.genblk1.genblk1.genblk1.genblk1.genblk1.lut0 (4 -> 1)
  Optimizing lut $abc$98238$lut$aiger98237$8279.genblk1.genblk1.genblk1.genblk1.genblk1.lut1 (4 -> 3)
  Optimizing lut $abc$98238$lut$aiger98237$8455.genblk1.genblk1.genblk1.genblk1.genblk1.lut0 (4 -> 1)
  Optimizing lut $abc$98238$lut$aiger98237$6987.genblk1.genblk1.genblk1.genblk1.genblk1.genblk1.genblk1.lut0.genblk1.genblk1.genblk1.genblk1.genblk1.genblk1.lut1.genblk1.genblk1.genblk1.genblk1.genblk1.lut1 (4 -> 0)
  Optimizing lut $abc$98238$lut$aiger$o4014.genblk1.genblk1.genblk1.genblk1.genblk1.lut1 (4 -> 1)
  Optimizing lut $abc$98238$lut$aiger$o4054.genblk1.genblk1.genblk1.genblk1.genblk1.lut1 (4 -> 1)
  Optimizing lut $auto$abc_ops_reintegrate.cc:611:reintegrate$98407.genblk1.genblk1.genblk1.genblk1.genblk1.lut0 (4 -> 2)
  Optimizing lut $abc$98238$lut$aiger98237$6194.genblk1.genblk1.genblk1.genblk1.genblk1.lut0 (4 -> 0)
  Optimizing lut $abc$98238$lut$aiger98237$8058.genblk1.genblk1.genblk1.genblk1.genblk1.lut1 (4 -> 3)
  Optimizing lut $abc$98238$lut$aiger98237$7293.genblk1.genblk1.genblk1.genblk1.genblk1.lut1 (4 -> 0)
  Optimizing lut $abc$98238$lut$aiger$o3994.genblk1.genblk1.genblk1.genblk1.genblk1.lut1 (4 -> 1)
  Optimizing lut $auto$abc_ops_reintegrate.cc:611:reintegrate$98244.genblk1.genblk1.genblk1.genblk1.genblk1.lut1 (4 -> 3)
  Optimizing lut $abc$98238$lut$aiger98237$7423.genblk1.genblk1.genblk1.genblk1.genblk1.lut0 (4 -> 0)
  Optimizing lut $abc$98238$lut$aiger98237$7107.genblk1.genblk1.genblk1.genblk1.genblk1.lut0 (4 -> 0)
  Optimizing lut $abc$98238$lut$aiger98237$6860.genblk1.genblk1.genblk1.genblk1.genblk1.genblk1.genblk1.genblk1.lut1.genblk1.genblk1.genblk1.genblk1.genblk1.genblk1.genblk1.lut1.genblk1.genblk1.genblk1.genblk1.genblk1.genblk1.lut1.genblk1.genblk1.genblk1.genblk1.genblk1.lut1 (4 -> 0)
  Optimizing lut $abc$98238$lut$aiger$o6351.genblk1.genblk1.genblk1.genblk1.genblk1.lut1 (4 -> 2)
  Optimizing lut $abc$98238$lut$aiger98237$7327.genblk1.genblk1.genblk1.genblk1.genblk1.lut0 (4 -> 0)
  Optimizing lut $abc$98238$lut$aiger98237$7995.genblk1.genblk1.genblk1.genblk1.genblk1.lut1 (4 -> 1)
  Optimizing lut $abc$98238$lut$aiger98237$7058.genblk1.genblk1.genblk1.genblk1.genblk1.lut1 (4 -> 3)
  Optimizing lut $abc$98238$lut$aiger98237$7007.genblk1.genblk1.genblk1.genblk1.genblk1.lut0 (4 -> 0)
  Optimizing lut $abc$98238$lut$aiger98237$7074.genblk1.genblk1.genblk1.genblk1.genblk1.genblk1.genblk1.lut0.genblk1.genblk1.genblk1.genblk1.genblk1.genblk1.lut1.genblk1.genblk1.genblk1.genblk1.genblk1.lut1 (4 -> 1)
  Optimizing lut $abc$98238$lut$aiger98237$7065.genblk1.genblk1.genblk1.genblk1.genblk1.genblk1.genblk1.genblk1.lut0.genblk1.genblk1.genblk1.genblk1.genblk1.genblk1.genblk1.lut0.genblk1.genblk1.genblk1.genblk1.genblk1.genblk1.lut1.genblk1.genblk1.genblk1.genblk1.genblk1.lut1 (4 -> 2)
  Optimizing lut $abc$98238$lut$aiger98237$7065.genblk1.genblk1.genblk1.genblk1.genblk1.genblk1.genblk1.genblk1.lut1.genblk1.genblk1.genblk1.genblk1.genblk1.genblk1.genblk1.lut1.genblk1.genblk1.genblk1.genblk1.genblk1.genblk1.lut1.genblk1.genblk1.genblk1.genblk1.genblk1.lut1 (4 -> 2)
  Optimizing lut $abc$98238$lut$aiger98237$7220.genblk1.genblk1.genblk1.genblk1.genblk1.lut0 (4 -> 0)
  Optimizing lut $abc$98238$lut$aiger$o6404.genblk1.genblk1.genblk1.genblk1.genblk1.lut0 (4 -> 0)
  Optimizing lut $abc$98238$lut$aiger$o6354.genblk1.genblk1.genblk1.genblk1.genblk1.lut1 (4 -> 2)
  Optimizing lut $abc$98238$lut$aiger$o5172.genblk1.genblk1.genblk1.genblk1.genblk1.lut1 (4 -> 3)
  Optimizing lut $abc$98238$lut$aiger$o4010.genblk1.genblk1.genblk1.genblk1.genblk1.lut1 (4 -> 1)
  Optimizing lut $abc$98238$lut$aiger98237$11540.genblk1.genblk1.genblk1.genblk1.genblk1.lut0 (4 -> 0)
  Optimizing lut $abc$98238$lut$aiger98237$6867.genblk1.genblk1.genblk1.genblk1.genblk1.genblk1.genblk1.genblk1.lut1.genblk1.genblk1.genblk1.genblk1.genblk1.genblk1.genblk1.lut0.genblk1.genblk1.genblk1.genblk1.genblk1.genblk1.lut1.genblk1.genblk1.genblk1.genblk1.genblk1.lut1 (4 -> 0)
  Optimizing lut $abc$98238$lut$aiger98237$6867.genblk1.genblk1.genblk1.genblk1.genblk1.genblk1.genblk1.genblk1.lut0.genblk1.genblk1.genblk1.genblk1.genblk1.genblk1.genblk1.lut0.genblk1.genblk1.genblk1.genblk1.genblk1.genblk1.lut1.genblk1.genblk1.genblk1.genblk1.genblk1.lut1 (4 -> 0)
  Optimizing lut $abc$98238$lut$aiger98237$10604.genblk1.genblk1.genblk1.genblk1.genblk1.genblk1.lut0.genblk1.genblk1.genblk1.genblk1.genblk1.lut1 (4 -> 1)
  Optimizing lut $abc$98238$lut$aiger98237$11553.genblk1.genblk1.genblk1.genblk1.genblk1.lut0 (4 -> 0)
  Optimizing lut $abc$98238$lut$aiger$o9567.genblk1.genblk1.genblk1.genblk1.genblk1.lut0 (4 -> 2)
  Optimizing lut $abc$98238$lut$aiger98237$8386.genblk1.genblk1.genblk1.genblk1.genblk1.lut1 (4 -> 3)
  Optimizing lut $abc$98238$lut$aiger$o1001.genblk1.genblk1.genblk1.genblk1.genblk1.lut0 (4 -> 3)
  Optimizing lut $auto$abc_ops_reintegrate.cc:611:reintegrate$98408.genblk1.genblk1.genblk1.genblk1.genblk1.lut1 (4 -> 3)
  Optimizing lut $abc$98238$lut$aiger$o1045.genblk1.genblk1.genblk1.genblk1.genblk1.lut1 (4 -> 1)
  Optimizing lut $abc$98238$lut$aiger98237$10604.genblk1.genblk1.genblk1.genblk1.genblk1.genblk1.lut1.genblk1.genblk1.genblk1.genblk1.genblk1.lut1 (4 -> 1)
  Optimizing lut $abc$98238$lut$aiger$o1045.genblk1.genblk1.genblk1.genblk1.genblk1.lut0 (4 -> 3)
  Optimizing lut $abc$98238$lut$aiger$o5403.genblk1.genblk1.genblk1.genblk1.genblk1.lut0 (4 -> 0)
  Optimizing lut $abc$98238$lut$aiger98237$11498.genblk1.genblk1.genblk1.genblk1.genblk1.lut0 (4 -> 3)
  Optimizing lut $abc$98238$lut$aiger98237$6902.genblk1.genblk1.genblk1.genblk1.genblk1.genblk1.genblk1.lut0.genblk1.genblk1.genblk1.genblk1.genblk1.genblk1.lut1.genblk1.genblk1.genblk1.genblk1.genblk1.lut1 (4 -> 0)
  Optimizing lut $abc$98238$lut$aiger98237$10591.genblk1.genblk1.genblk1.genblk1.genblk1.genblk1.lut1.genblk1.genblk1.genblk1.genblk1.genblk1.lut0 (4 -> 1)
  Optimizing lut $abc$98238$lut$aiger$o1029.genblk1.genblk1.genblk1.genblk1.genblk1.lut1 (4 -> 1)
  Optimizing lut $abc$98238$lut$aiger$o1061.genblk1.genblk1.genblk1.genblk1.genblk1.lut0 (4 -> 3)
  Optimizing lut $abc$98238$lut$aiger98237$6888.genblk1.genblk1.genblk1.genblk1.genblk1.genblk1.genblk1.genblk1.lut0.genblk1.genblk1.genblk1.genblk1.genblk1.genblk1.genblk1.lut0.genblk1.genblk1.genblk1.genblk1.genblk1.genblk1.lut1.genblk1.genblk1.genblk1.genblk1.genblk1.lut1 (4 -> 1)
  Optimizing lut $abc$98238$lut$aiger98237$6888.genblk1.genblk1.genblk1.genblk1.genblk1.genblk1.genblk1.genblk1.lut1.genblk1.genblk1.genblk1.genblk1.genblk1.genblk1.genblk1.lut0.genblk1.genblk1.genblk1.genblk1.genblk1.genblk1.lut1.genblk1.genblk1.genblk1.genblk1.genblk1.lut1 (4 -> 1)
  Optimizing lut $abc$98238$lut$aiger$o1049.genblk1.genblk1.genblk1.genblk1.genblk1.lut1 (4 -> 1)
  Optimizing lut $abc$98238$lut$aiger$o1009.genblk1.genblk1.genblk1.genblk1.genblk1.lut0 (4 -> 3)
  Optimizing lut $abc$98238$lut$aiger98237$10571.genblk1.genblk1.genblk1.genblk1.genblk1.genblk1.lut1.genblk1.genblk1.genblk1.genblk1.genblk1.lut0 (4 -> 1)
  Optimizing lut $abc$98238$lut$aiger$o1037.genblk1.genblk1.genblk1.genblk1.genblk1.lut1 (4 -> 1)
  Optimizing lut $abc$98238$lut$aiger$o1053.genblk1.genblk1.genblk1.genblk1.genblk1.lut1 (4 -> 1)
  Optimizing lut $abc$98238$lut$aiger$o1053.genblk1.genblk1.genblk1.genblk1.genblk1.lut0 (4 -> 3)
  Optimizing lut $abc$98238$lut$aiger$o1033.genblk1.genblk1.genblk1.genblk1.genblk1.lut1 (4 -> 1)
  Optimizing lut $abc$98238$lut$aiger$o1017.genblk1.genblk1.genblk1.genblk1.genblk1.lut1 (4 -> 1)
  Optimizing lut $abc$98238$lut$aiger98237$10604.genblk1.genblk1.genblk1.genblk1.genblk1.genblk1.lut1.genblk1.genblk1.genblk1.genblk1.genblk1.lut0 (4 -> 1)
  Optimizing lut $abc$98238$lut$aiger$o1041.genblk1.genblk1.genblk1.genblk1.genblk1.lut0 (4 -> 3)
  Optimizing lut $abc$98238$lut$aiger98237$6992.genblk1.genblk1.genblk1.genblk1.genblk1.lut0 (4 -> 1)
  Optimizing lut $abc$98238$lut$aiger98237$10571.genblk1.genblk1.genblk1.genblk1.genblk1.genblk1.lut1.genblk1.genblk1.genblk1.genblk1.genblk1.lut1 (4 -> 1)
  Optimizing lut $abc$98238$lut$aiger98237$10556.genblk1.genblk1.genblk1.genblk1.genblk1.genblk1.lut1.genblk1.genblk1.genblk1.genblk1.genblk1.lut0 (4 -> 1)
  Optimizing lut $abc$98238$lut$aiger98237$10571.genblk1.genblk1.genblk1.genblk1.genblk1.genblk1.lut0.genblk1.genblk1.genblk1.genblk1.genblk1.lut1 (4 -> 1)
  Optimizing lut $abc$98238$lut$aiger98237$6170.genblk1.genblk1.genblk1.genblk1.genblk1.lut0 (4 -> 0)
  Optimizing lut $abc$98238$lut$aiger$o1057.genblk1.genblk1.genblk1.genblk1.genblk1.lut1 (4 -> 1)
  Optimizing lut $abc$98238$lut$aiger$o1005.genblk1.genblk1.genblk1.genblk1.genblk1.lut1 (4 -> 1)
  Optimizing lut $abc$98238$lut$aiger$o1033.genblk1.genblk1.genblk1.genblk1.genblk1.lut0 (4 -> 3)
  Optimizing lut $abc$98238$lut$aiger98237$10556.genblk1.genblk1.genblk1.genblk1.genblk1.genblk1.lut1.genblk1.genblk1.genblk1.genblk1.genblk1.lut1 (4 -> 1)
  Optimizing lut $abc$98238$lut$aiger$o1025.genblk1.genblk1.genblk1.genblk1.genblk1.lut1 (4 -> 1)
  Optimizing lut $abc$98238$lut$aiger$o1021.genblk1.genblk1.genblk1.genblk1.genblk1.lut1 (4 -> 1)
  Optimizing lut $abc$98238$lut$aiger98237$11103.genblk1.genblk1.genblk1.genblk1.genblk1.lut1 (4 -> 0)
  Optimizing lut $abc$98238$lut$aiger98237$6212.genblk1.genblk1.genblk1.genblk1.genblk1.lut0 (4 -> 0)
  Optimizing lut $abc$98238$lut$aiger98237$9267.genblk1.genblk1.genblk1.genblk1.genblk1.lut1 (4 -> 3)
  Optimizing lut $abc$98238$lut$aiger98237$6265.genblk1.genblk1.genblk1.genblk1.genblk1.lut0 (4 -> 0)
  Optimizing lut $abc$98238$lut$aiger98237$11070.genblk1.genblk1.genblk1.genblk1.genblk1.lut1 (4 -> 0)
  Optimizing lut $abc$98238$lut$aiger98237$6303.genblk1.genblk1.genblk1.genblk1.genblk1.lut0 (4 -> 0)
  Optimizing lut $abc$98238$lut$aiger98237$10591.genblk1.genblk1.genblk1.genblk1.genblk1.genblk1.lut1.genblk1.genblk1.genblk1.genblk1.genblk1.lut1 (4 -> 1)
  Optimizing lut $abc$98238$lut$aiger98237$9599.genblk1.genblk1.genblk1.genblk1.genblk1.lut1 (4 -> 3)
  Optimizing lut $abc$98238$lut$aiger98237$10556.genblk1.genblk1.genblk1.genblk1.genblk1.genblk1.lut0.genblk1.genblk1.genblk1.genblk1.genblk1.lut1 (4 -> 1)
  Optimizing lut $abc$98238$lut$aiger$o1025.genblk1.genblk1.genblk1.genblk1.genblk1.lut0 (4 -> 3)
  Optimizing lut $abc$98238$lut$aiger98237$9057.genblk1.genblk1.genblk1.genblk1.genblk1.lut1 (4 -> 3)
  Optimizing lut $abc$98238$lut$aiger$o1041.genblk1.genblk1.genblk1.genblk1.genblk1.lut1 (4 -> 1)
  Optimizing lut $abc$98238$lut$aiger$o1009.genblk1.genblk1.genblk1.genblk1.genblk1.lut1 (4 -> 1)
  Optimizing lut $abc$98238$lut$aiger98237$9425.genblk1.genblk1.genblk1.genblk1.genblk1.lut1 (4 -> 3)
  Optimizing lut $abc$98238$lut$aiger98237$8668.genblk1.genblk1.genblk1.genblk1.genblk1.lut1 (4 -> 3)
  Optimizing lut $abc$98238$lut$aiger98237$9670.genblk1.genblk1.genblk1.genblk1.genblk1.lut1 (4 -> 3)
  Optimizing lut $abc$98238$lut$aiger98237$9288.genblk1.genblk1.genblk1.genblk1.genblk1.lut1 (4 -> 3)
  Optimizing lut $abc$98238$lut$aiger$o1057.genblk1.genblk1.genblk1.genblk1.genblk1.lut0 (4 -> 3)
  Optimizing lut $abc$98238$lut$aiger98237$10225.genblk1.genblk1.genblk1.genblk1.genblk1.lut1 (4 -> 0)
  Optimizing lut $abc$98238$lut$aiger$o1013.genblk1.genblk1.genblk1.genblk1.genblk1.lut1 (4 -> 1)
  Optimizing lut $abc$98238$lut$aiger$o1061.genblk1.genblk1.genblk1.genblk1.genblk1.lut1 (4 -> 1)
  Optimizing lut $abc$98238$lut$aiger98237$11569.genblk1.genblk1.genblk1.genblk1.genblk1.lut0 (4 -> 0)
  Optimizing lut $abc$98238$lut$aiger98237$9379.genblk1.genblk1.genblk1.genblk1.genblk1.lut1 (4 -> 3)
  Optimizing lut $abc$98238$lut$aiger$o4026.genblk1.genblk1.genblk1.genblk1.genblk1.lut1 (4 -> 1)

7.47. Executing HILOMAP pass (mapping to constant drivers).
Removed 0 unused cells and 5609 unused wires.

7.48. Executing AUTONAME pass.
Renamed 8620 objects in module top.
<suppressed ~8620 debug messages>

7.49. Executing HIERARCHY pass (managing design hierarchy).
Attribute `top' found on module `top'. Setting top module to top.

7.49.1. Analyzing design hierarchy..
Top module:  \top

7.49.2. Analyzing design hierarchy..
Top module:  \top
Removed 0 unused modules.

7.50. Printing statistics.

=== top ===

        +----------Local Count, excluding submodules.
        | 
     4115 wires
     8868 wire bits
     4115 public wires
     8868 public wire bits
        8 ports
        8 port bits
     2550 cells
        6   $scopeinfo
        1   DPX9B
        1   GND
        4   IBUF
      199   LUT1
      381   LUT2
      459   LUT3
     1067   LUT4
      351   MUX2_LUT5
       54   MUX2_LUT6
       16   MUX2_LUT7
        6   MUX2_LUT8
        3   OBUF
        1   TBUF
        1   VCC
     2254 submodules
      917   ALU
       45   DFF
      850   DFFE
      135   DFFR
      292   DFFRE
        6   DFFS
        9   DFFSE

=== design hierarchy ===

        +----------Count including submodules.
        | 
     2550 top

        +----------Count including submodules.
        | 
     4115 wires
     8868 wire bits
     4115 public wires
     8868 public wire bits
        8 ports
        8 port bits
        - memories
        - memory bits
        - processes
     2550 cells
        6   $scopeinfo
        1   DPX9B
        1   GND
        4   IBUF
      199   LUT1
      381   LUT2
      459   LUT3
     1067   LUT4
      351   MUX2_LUT5
       54   MUX2_LUT6
       16   MUX2_LUT7
        6   MUX2_LUT8
        3   OBUF
        1   TBUF
        1   VCC
     2254 submodules
      917   ALU
       45   DFF
      850   DFFE
      135   DFFR
      292   DFFRE
        6   DFFS
        9   DFFSE

7.51. Executing CHECK pass (checking for obvious problems).
Checking module top...
Found and reported 0 problems.

7.52. Executing JSON backend.

Warnings: 6 unique messages, 7 total
End of script. Logfile hash: 6ffbd2fef8, time: 11.06s, user: 7.10s, system: 0.60s, MEM: 209.53 MB peak
Yosys 0.68+40 (git sha1 0f2bcb94b-dirty, Release, Clang /usr/local/osxcross/target/bin/x86_64-apple-darwin25.5-clang++ 21.1.8)
Time spent: 30% 1x abc9_exe (3 sec), 9% 44x opt_expr (1 sec), ...
nextpnr-himbaechel --json impl/bridge_calibration.json --write impl/bridge_calibration_pnr.json --device "GW5A-LV25MG121NC1/I0" --vopt cst=src/bridge_safety.cst --vopt sspi_as_gpio --freq 50
Info: Using uarch 'gowin' for device 'GW5A-LV25MG121NC1/I0'

Info: Reading constraints...
Info: Create constant nets...
Info: Modify LUTs...
Info: Pack IOBs...
Info: Pack I3C IOs...
Info: Pack MIPI IOs...
Info: Pack diff IOBs...
Info: Pack FFs into IO cells...
Info: Pack IODELAY...
Info: Pack Input Edge Monitors...
Info: Pack IO logic...
Info: Pack DESER16 logic...
Info: Pack GSR...
Info: Pack PINCFG...
Info: Pack HCLK cells...
Info: Pack DLLDLYs...
Info: Pack wide LUTs...
Info: Packed MUX2_LUT8:6, MUX2_LU7:4, MUX2_LUT6:22, MUX2_LUT5:243
Info: Pack ALUs...
Info: Pack SSRAMs...
Info: Constrained 407 LUTFF pairs.
Info: Pack PLL...
Info: Pack ADC...
Info: Pack BSRAMs...
Info: Pack DSP...
Info: Pack INV...
Info: Pack buffered nets...
Info: Pack EMCU and UserFlash cells...
Info: Pack UserFlash cells...
Info: Pack DQCE cells...
Info: Pack DCS cells...
Info: Checksum: 0x7e6096de

Info: Device utilisation:
Info: 	                 VCC:       1/      1   100%
Info: 	                 IOB:       7/    240     2%
Info: 	                LUT4:    3108/  23040    13%
Info: 	            IOLOGICI:       0/    230     0%
Info: 	            IOLOGICO:       0/    230     0%
Info: 	           MUX2_LUT5:     351/  11520     3%
Info: 	           MUX2_LUT6:      54/   5760     0%
Info: 	           MUX2_LUT7:      16/   2880     0%
Info: 	           MUX2_LUT8:       6/   2880     0%
Info: 	                 ALU:    1002/  17280     5%
Info: 	                 GND:       1/      1   100%
Info: 	                 DFF:    1337/  23040     5%
Info: 	               BSRAM:       1/     56     1%
Info: 	           MULT12X12:       0/     56     0%
Info: 	        MULTALU27X18:       0/     28     0%
Info: 	     MULTADDALU12X12:       0/     28     0%
Info: 	                 GSR:       1/      1   100%
Info: 	              PINCFG:       1/      1   100%
Info: 	                OSCA:       0/      1     0%
Info: 	                PLLA:       0/      6     0%
Info: 	                 ADC:       0/      1     0%
Info: 	                BUFG:       0/     18     0%
Info: 	                 DCS:       0/      8     0%
Info: 	              CLKDIV:       0/     16     0%
Info: 	             CLKDIV2:       0/     16     0%

Info: Running custom HCLK placer...
Info: Placed 0 cells based on constraints.
Info: Creating initial analytic placement for 2688 cells, random placement wirelen = 173977.
Info:     at initial placer iter 0, wirelen = 1771
Info:     at initial placer iter 1, wirelen = 1397
Info:     at initial placer iter 2, wirelen = 1336
Info:     at initial placer iter 3, wirelen = 1238
Info: Running main analytical placer, max placement attempts per cell = 4332096.
Info:     at iteration #1, type ALL: wirelen solved = 1191, spread = 22829, legal = 44607; time = 0.67s
Info:     at iteration #2, type ALL: wirelen solved = 2486, spread = 16606, legal = 33847; time = 0.68s
Info:     at iteration #3, type ALL: wirelen solved = 3753, spread = 16992, legal = 29769; time = 0.52s
Info:     at iteration #4, type ALL: wirelen solved = 4426, spread = 14148, legal = 28153; time = 0.41s
Info:     at iteration #5, type ALL: wirelen solved = 4749, spread = 14202, legal = 27398; time = 0.37s
Info:     at iteration #6, type ALL: wirelen solved = 5468, spread = 17423, legal = 26320; time = 0.41s
Info:     at iteration #7, type ALL: wirelen solved = 6029, spread = 14108, legal = 22183; time = 0.23s
Info:     at iteration #8, type ALL: wirelen solved = 6226, spread = 13474, legal = 20842; time = 0.22s
Info:     at iteration #9, type ALL: wirelen solved = 6624, spread = 14439, legal = 20288; time = 0.19s
Info:     at iteration #10, type ALL: wirelen solved = 7079, spread = 15247, legal = 20348; time = 0.19s
Info:     at iteration #11, type ALL: wirelen solved = 7421, spread = 13804, legal = 18431; time = 0.17s
Info:     at iteration #12, type ALL: wirelen solved = 7512, spread = 15261, legal = 19220; time = 0.20s
Info:     at iteration #13, type ALL: wirelen solved = 8043, spread = 14970, legal = 19881; time = 0.17s
Info:     at iteration #14, type ALL: wirelen solved = 8366, spread = 14204, legal = 19466; time = 0.17s
Info:     at iteration #15, type ALL: wirelen solved = 8556, spread = 13247, legal = 18474; time = 0.16s
Info:     at iteration #16, type ALL: wirelen solved = 8740, spread = 14387, legal = 18830; time = 0.15s
Info: HeAP Placer Time: 5.62s
Info:   of which solving equations: 1.35s
Info:   of which spreading cells: 0.22s
Info:   of which strict legalisation: 3.60s

Info: Running simulated annealing placer for refinement.
Info:   at iteration #1: temp = 0.000000, timing cost = 153, wirelen = 18431
Info:   at iteration #5: temp = 0.000000, timing cost = 77, wirelen = 15020
Info:   at iteration #10: temp = 0.000000, timing cost = 69, wirelen = 13661
Info:   at iteration #15: temp = 0.000000, timing cost = 70, wirelen = 13073
Info:   at iteration #20: temp = 0.000000, timing cost = 67, wirelen = 12630
Info:   at iteration #25: temp = 0.000000, timing cost = 67, wirelen = 12293
Info:   at iteration #30: temp = 0.000000, timing cost = 67, wirelen = 12173
Info:   at iteration #35: temp = 0.000000, timing cost = 66, wirelen = 12103
Info:   at iteration #38: temp = 0.000000, timing cost = 66, wirelen = 12083 
Info: SA placement time 15.18s

Info: Max frequency for clock 'u_hrx.clk': 84.93 MHz (PASS at 50.00 MHz)

Info: Slack histogram:
Info:  legend: * represents 9 endpoint(s)
Info:          + represents [1,9) endpoint(s)
Info: [  8225,   8801) |**+
Info: [  8801,   9377) |**+
Info: [  9377,   9953) |******+
Info: [  9953,  10529) |***+
Info: [ 10529,  11105) |+
Info: [ 11105,  11681) |*+
Info: [ 11681,  12257) |*+
Info: [ 12257,  12833) |**+
Info: [ 12833,  13409) |+
Info: [ 13409,  13985) |**+
Info: [ 13985,  14561) |+
Info: [ 14561,  15137) |*+
Info: [ 15137,  15713) |******+
Info: [ 15713,  16289) |**********+
Info: [ 16289,  16865) |***************+
Info: [ 16865,  17441) |**********************+
Info: [ 17441,  18017) |*********************+
Info: [ 18017,  18593) |*****************************+
Info: [ 18593,  19169) |****************************+
Info: [ 19169,  19745) |************************************************************ 
Info: Checksum: 0x2ecb8b87
Info: Routing globals...
Info:     'u_hrx.clk' net was routed using global resources only.

Info: Routing..
Info: Setting up routing queue.
Info: Routing 14290 arcs.
Info:            |   (re-)routed arcs  |   delta    | remaining|       time spent     |
Info:    IterCnt |  w/ripup   wo/ripup |  w/r  wo/r |      arcs| batch(sec) total(sec)|
Info:       1000 |       61        938 |   61   938 |     13363|       0.62       0.62|
Info:       2000 |      158       1569 |   97   631 |     12469|       0.36       0.98|
Info:       3000 |      175       2315 |   17   746 |     11486|       0.36       1.34|
Info:       4000 |      206       3069 |   31   754 |     10524|       0.34       1.69|
Info:       5000 |      223       3967 |   17   898 |      9551|       0.40       2.08|
Info:       6000 |      228       4867 |    5   900 |      8557|       0.40       2.48|
Info:       7000 |      246       5757 |   18   890 |      7581|       0.48       2.97|
Info:       8000 |      260       6638 |   14   881 |      6598|       0.53       3.50|
Info:       9000 |      275       7525 |   15   887 |      5615|       0.55       4.04|
Info:      10000 |      301       8401 |   26   876 |      4646|       0.64       4.68|
Info:      11000 |      346       9265 |   45   864 |      3707|       0.77       5.45|
Info:      12000 |      411      10126 |   65   861 |      2798|       0.92       6.37|
Info:      13000 |      514      10954 |  103   828 |      1977|       1.07       7.44|
Info:      14000 |      616      11750 |  102   796 |      1138|       1.09       8.54|
Info:      15000 |      719      12577 |  103   827 |       359|       1.19       9.73|
Info:      15476 |      787      12956 |   68   379 |         0|       0.64      10.37|
Info: Routing complete.
Info: Router1 time 10.37s
Info: Checksum: 0xa96c21b4

Info: Critical path report for clock 'u_hrx.clk' (posedge -> posedge):
Info:       type curr  total name
Info:   clk-to-q  0.23  0.23 Source safety.supervisor.positions_DFFE_Q_30.Q
Info:    routing  0.95  1.18 Net safety.supervisor.positions[17] (38,8) -> (38,8)
Info:                          Sink safety.supervisor.window_valid_LUT2_I0_F_ALU_SUM_COUT_ALU_CIN.I0
Info:                          Defined in:
Info:                               src/hx_safety.v:23.31-23.40
Info:      logic  0.55  1.73 Source safety.supervisor.window_valid_LUT2_I0_F_ALU_SUM_COUT_ALU_CIN.COUT
Info:    routing  0.00  1.73 Net safety.supervisor.window_valid_LUT2_I0_F_ALU_SUM_COUT_ALU_CIN_COUT (38,8) -> (38,8)
Info:                          Sink safety.supervisor.window_valid_LUT2_I0_F_ALU_SUM_COUT_ALU_CIN_COUT_ALU_CIN.CIN
Info:                          Defined in:
Info:                               src/hx_safety.v:196.24-196.54
Info:                               /Users/elliot/.local/opt/oss-cad-suite/libexec/../share/yosys/gowin/arith_map.v:57.7-63.5
Info:                               /Users/elliot/.local/opt/oss-cad-suite/libexec/../share/yosys/gowin/cells_sim.v:1033.25-1033.29
Info:      logic  0.04  1.76 Source safety.supervisor.window_valid_LUT2_I0_F_ALU_SUM_COUT_ALU_CIN_COUT_ALU_CIN.COUT
Info:    routing  0.00  1.76 Net safety.supervisor.window_valid_LUT2_I0_F_ALU_SUM_COUT_ALU_CIN_COUT_ALU_CIN_COUT (38,8) -> (38,8)
Info:                          Sink safety.supervisor.window_valid_LUT2_I0_F_ALU_SUM_COUT_ALU_CIN_COUT_ALU_CIN_COUT_ALU_CIN.CIN
Info:                          Defined in:
Info:                               src/hx_safety.v:196.24-196.54
Info:                               /Users/elliot/.local/opt/oss-cad-suite/libexec/../share/yosys/gowin/arith_map.v:57.7-63.5
Info:                               /Users/elliot/.local/opt/oss-cad-suite/libexec/../share/yosys/gowin/cells_sim.v:1033.25-1033.29
Info:      logic  0.04  1.80 Source safety.supervisor.window_valid_LUT2_I0_F_ALU_SUM_COUT_ALU_CIN_COUT_ALU_CIN_COUT_ALU_CIN.COUT
Info:    routing  0.00  1.80 Net safety.supervisor.window_valid_LUT2_I0_F_ALU_SUM_COUT_ALU_CIN_COUT_ALU_CIN_COUT_ALU_CIN_COUT (38,8) -> (38,8)
Info:                          Sink safety.supervisor.window_valid_LUT2_I0_F_ALU_SUM_COUT_ALU_CIN_COUT_ALU_CIN_COUT_ALU_CIN_COUT_ALU_CIN.CIN
Info:                          Defined in:
Info:                               src/hx_safety.v:196.24-196.54
Info:                               /Users/elliot/.local/opt/oss-cad-suite/libexec/../share/yosys/gowin/arith_map.v:57.7-63.5
Info:                               /Users/elliot/.local/opt/oss-cad-suite/libexec/../share/yosys/gowin/cells_sim.v:1033.25-1033.29
Info:      logic  0.04  1.83 Source safety.supervisor.window_valid_LUT2_I0_F_ALU_SUM_COUT_ALU_CIN_COUT_ALU_CIN_COUT_ALU_CIN_COUT_ALU_CIN.COUT
Info:    routing  0.00  1.83 Net safety.supervisor.window_valid_LUT2_I0_F_ALU_SUM_COUT_ALU_CIN_COUT_ALU_CIN_COUT_ALU_CIN_COUT_ALU_CIN_COUT (38,8) -> (38,8)
Info:                          Sink safety.supervisor.window_valid_LUT2_I0_F_ALU_SUM_COUT_ALU_CIN_COUT_ALU_CIN_COUT_ALU_CIN_COUT_ALU_CIN_COUT_ALU_CIN.CIN
Info:                          Defined in:
Info:                               src/hx_safety.v:196.24-196.54
Info:                               /Users/elliot/.local/opt/oss-cad-suite/libexec/../share/yosys/gowin/arith_map.v:57.7-63.5
Info:                               /Users/elliot/.local/opt/oss-cad-suite/libexec/../share/yosys/gowin/cells_sim.v:1033.25-1033.29
Info:      logic  0.04  1.87 Source safety.supervisor.window_valid_LUT2_I0_F_ALU_SUM_COUT_ALU_CIN_COUT_ALU_CIN_COUT_ALU_CIN_COUT_ALU_CIN_COUT_ALU_CIN.COUT
Info:    routing  0.00  1.87 Net safety.supervisor.window_valid_LUT2_I0_F_ALU_SUM_COUT_ALU_CIN_COUT_ALU_CIN_COUT_ALU_CIN_COUT_ALU_CIN_COUT_ALU_CIN_COUT (38,8) -> (39,8)
Info:                          Sink safety.supervisor.window_valid_LUT2_I0_F_ALU_SUM_COUT_ALU_CIN_COUT_ALU_CIN_COUT_ALU_CIN_COUT_ALU_CIN_COUT_ALU_CIN_COUT_ALU_CIN.CIN
Info:                          Defined in:
Info:                               src/hx_safety.v:196.24-196.54
Info:                               /Users/elliot/.local/opt/oss-cad-suite/libexec/../share/yosys/gowin/arith_map.v:57.7-63.5
Info:                               /Users/elliot/.local/opt/oss-cad-suite/libexec/../share/yosys/gowin/cells_sim.v:1033.25-1033.29
Info:      logic  0.04  1.90 Source safety.supervisor.window_valid_LUT2_I0_F_ALU_SUM_COUT_ALU_CIN_COUT_ALU_CIN_COUT_ALU_CIN_COUT_ALU_CIN_COUT_ALU_CIN_COUT_ALU_CIN.COUT
Info:    routing  0.00  1.90 Net safety.supervisor.window_valid_LUT2_I0_F_ALU_SUM_COUT_ALU_CIN_COUT_ALU_CIN_COUT_ALU_CIN_COUT_ALU_CIN_COUT_ALU_CIN_COUT_ALU_CIN_COUT (39,8) -> (39,8)
Info:                          Sink safety.supervisor.window_valid_LUT2_I0_F_ALU_SUM_COUT_ALU_CIN_COUT_ALU_CIN_COUT_ALU_CIN_COUT_ALU_CIN_COUT_ALU_CIN_COUT_ALU_CIN_COUT_ALU_CIN.CIN
Info:                          Defined in:
Info:                               src/hx_safety.v:196.24-196.54
Info:                               /Users/elliot/.local/opt/oss-cad-suite/libexec/../share/yosys/gowin/arith_map.v:57.7-63.5
Info:                               /Users/elliot/.local/opt/oss-cad-suite/libexec/../share/yosys/gowin/cells_sim.v:1033.25-1033.29
Info:      logic  0.04  1.94 Source safety.supervisor.window_valid_LUT2_I0_F_ALU_SUM_COUT_ALU_CIN_COUT_ALU_CIN_COUT_ALU_CIN_COUT_ALU_CIN_COUT_ALU_CIN_COUT_ALU_CIN_COUT_ALU_CIN.COUT
Info:    routing  0.00  1.94 Net safety.supervisor.window_valid_LUT2_I0_F_ALU_SUM_COUT_ALU_CIN_COUT_ALU_CIN_COUT_ALU_CIN_COUT_ALU_CIN_COUT_ALU_CIN_COUT_ALU_CIN_COUT_ALU_CIN_COUT (39,8) -> (39,8)
Info:                          Sink safety.supervisor.window_valid_LUT2_I0_F_ALU_COUT_2_CIN_ALU_COUT_CIN_ALU_COUT_CIN_ALU_COUT_CIN_ALU_COUT_CIN_ALU_COUT_CIN_ALU_COUT_CIN_ALU_COUT.CIN
Info:                          Defined in:
Info:                               src/hx_safety.v:196.24-196.54
Info:                               /Users/elliot/.local/opt/oss-cad-suite/libexec/../share/yosys/gowin/arith_map.v:57.7-63.5
Info:                               /Users/elliot/.local/opt/oss-cad-suite/libexec/../share/yosys/gowin/cells_sim.v:1033.25-1033.29
Info:      logic  0.04  1.97 Source safety.supervisor.window_valid_LUT2_I0_F_ALU_COUT_2_CIN_ALU_COUT_CIN_ALU_COUT_CIN_ALU_COUT_CIN_ALU_COUT_CIN_ALU_COUT_CIN_ALU_COUT_CIN_ALU_COUT.COUT
Info:    routing  0.00  1.97 Net safety.supervisor.window_valid_LUT2_I0_F_ALU_COUT_2_CIN_ALU_COUT_CIN_ALU_COUT_CIN_ALU_COUT_CIN_ALU_COUT_CIN_ALU_COUT_CIN_ALU_COUT_CIN (39,8) -> (39,8)
Info:                          Sink safety.supervisor.window_valid_LUT2_I0_F_ALU_COUT_2_CIN_ALU_COUT_CIN_ALU_COUT_CIN_ALU_COUT_CIN_ALU_COUT_CIN_ALU_COUT_CIN_ALU_COUT.CIN
Info:                          Defined in:
Info:                               src/hx_safety.v:196.24-196.54
Info:                               /Users/elliot/.local/opt/oss-cad-suite/libexec/../share/yosys/gowin/arith_map.v:57.7-63.5
Info:                               /Users/elliot/.local/opt/oss-cad-suite/libexec/../share/yosys/gowin/cells_sim.v:1033.25-1033.29
Info:      logic  0.04  2.01 Source safety.supervisor.window_valid_LUT2_I0_F_ALU_COUT_2_CIN_ALU_COUT_CIN_ALU_COUT_CIN_ALU_COUT_CIN_ALU_COUT_CIN_ALU_COUT_CIN_ALU_COUT.COUT
Info:    routing  0.00  2.01 Net safety.supervisor.window_valid_LUT2_I0_F_ALU_COUT_2_CIN_ALU_COUT_CIN_ALU_COUT_CIN_ALU_COUT_CIN_ALU_COUT_CIN_ALU_COUT_CIN (39,8) -> (39,8)
Info:                          Sink safety.supervisor.window_valid_LUT2_I0_F_ALU_COUT_2_CIN_ALU_COUT_CIN_ALU_COUT_CIN_ALU_COUT_CIN_ALU_COUT_CIN_ALU_COUT.CIN
Info:                          Defined in:
Info:                               src/hx_safety.v:196.24-196.54
Info:                               /Users/elliot/.local/opt/oss-cad-suite/libexec/../share/yosys/gowin/arith_map.v:57.7-63.5
Info:                               /Users/elliot/.local/opt/oss-cad-suite/libexec/../share/yosys/gowin/cells_sim.v:1033.25-1033.29
Info:      logic  0.04  2.04 Source safety.supervisor.window_valid_LUT2_I0_F_ALU_COUT_2_CIN_ALU_COUT_CIN_ALU_COUT_CIN_ALU_COUT_CIN_ALU_COUT_CIN_ALU_COUT.COUT
Info:    routing  0.00  2.04 Net safety.supervisor.window_valid_LUT2_I0_F_ALU_COUT_2_CIN_ALU_COUT_CIN_ALU_COUT_CIN_ALU_COUT_CIN_ALU_COUT_CIN (39,8) -> (39,8)
Info:                          Sink safety.supervisor.window_valid_LUT2_I0_F_ALU_COUT_2_CIN_ALU_COUT_CIN_ALU_COUT_CIN_ALU_COUT_CIN_ALU_COUT.CIN
Info:                          Defined in:
Info:                               src/hx_safety.v:196.24-196.54
Info:                               /Users/elliot/.local/opt/oss-cad-suite/libexec/../share/yosys/gowin/arith_map.v:57.7-63.5
Info:                               /Users/elliot/.local/opt/oss-cad-suite/libexec/../share/yosys/gowin/cells_sim.v:1033.25-1033.29
Info:      logic  0.04  2.08 Source safety.supervisor.window_valid_LUT2_I0_F_ALU_COUT_2_CIN_ALU_COUT_CIN_ALU_COUT_CIN_ALU_COUT_CIN_ALU_COUT.COUT
Info:    routing  0.00  2.08 Net safety.supervisor.window_valid_LUT2_I0_F_ALU_COUT_2_CIN_ALU_COUT_CIN_ALU_COUT_CIN_ALU_COUT_CIN (39,8) -> (40,8)
Info:                          Sink safety.supervisor.window_valid_LUT2_I0_F_ALU_COUT_2_CIN_ALU_COUT_CIN_ALU_COUT_CIN_ALU_COUT.CIN
Info:                          Defined in:
Info:                               src/hx_safety.v:196.24-196.54
Info:                               /Users/elliot/.local/opt/oss-cad-suite/libexec/../share/yosys/gowin/arith_map.v:57.7-63.5
Info:                               /Users/elliot/.local/opt/oss-cad-suite/libexec/../share/yosys/gowin/cells_sim.v:1033.25-1033.29
Info:      logic  0.04  2.11 Source safety.supervisor.window_valid_LUT2_I0_F_ALU_COUT_2_CIN_ALU_COUT_CIN_ALU_COUT_CIN_ALU_COUT.COUT
Info:    routing  0.00  2.11 Net safety.supervisor.window_valid_LUT2_I0_F_ALU_COUT_2_CIN_ALU_COUT_CIN_ALU_COUT_CIN (40,8) -> (40,8)
Info:                          Sink safety.supervisor.window_valid_LUT2_I0_F_ALU_COUT_2_CIN_ALU_COUT_CIN_ALU_COUT.CIN
Info:                          Defined in:
Info:                               src/hx_safety.v:196.24-196.54
Info:                               /Users/elliot/.local/opt/oss-cad-suite/libexec/../share/yosys/gowin/arith_map.v:57.7-63.5
Info:                               /Users/elliot/.local/opt/oss-cad-suite/libexec/../share/yosys/gowin/cells_sim.v:1033.25-1033.29
Info:      logic  0.04  2.15 Source safety.supervisor.window_valid_LUT2_I0_F_ALU_COUT_2_CIN_ALU_COUT_CIN_ALU_COUT.COUT
Info:    routing  0.00  2.15 Net safety.supervisor.window_valid_LUT2_I0_F_ALU_COUT_2_CIN_ALU_COUT_CIN (40,8) -> (40,8)
Info:                          Sink safety.supervisor.window_valid_LUT2_I0_F_ALU_COUT_2_CIN_ALU_COUT.CIN
Info:                          Defined in:
Info:                               src/hx_safety.v:196.24-196.54
Info:                               /Users/elliot/.local/opt/oss-cad-suite/libexec/../share/yosys/gowin/arith_map.v:57.7-63.5
Info:                               /Users/elliot/.local/opt/oss-cad-suite/libexec/../share/yosys/gowin/cells_sim.v:1033.25-1033.29
Info:      logic  0.04  2.18 Source safety.supervisor.window_valid_LUT2_I0_F_ALU_COUT_2_CIN_ALU_COUT.COUT
Info:    routing  0.00  2.18 Net safety.supervisor.window_valid_LUT2_I0_F_ALU_COUT_2_CIN (40,8) -> (40,8)
Info:                          Sink safety.supervisor.window_valid_LUT2_I0_F_ALU_COUT_2.CIN
Info:                          Defined in:
Info:                               src/hx_safety.v:196.24-196.54
Info:                               /Users/elliot/.local/opt/oss-cad-suite/libexec/../share/yosys/gowin/arith_map.v:57.7-63.5
Info:                               /Users/elliot/.local/opt/oss-cad-suite/libexec/../share/yosys/gowin/cells_sim.v:1033.25-1033.29
Info:      logic  0.04  2.22 Source safety.supervisor.window_valid_LUT2_I0_F_ALU_COUT_2.COUT
Info:    routing  0.00  2.22 Net safety.supervisor.window_valid_LUT2_I0_F_ALU_COUT_2_TAIL_ALULC (40,8) -> (40,8)
Info:                          Sink safety.supervisor.window_valid_LUT2_I0_F_ALU_COUT_2_TAIL_ALULC.CIN
Info:      logic  0.47  2.69 Source safety.supervisor.window_valid_LUT2_I0_F_ALU_COUT_2_TAIL_ALULC.SUM
Info:    routing  0.88  3.57 Net safety.supervisor.sample_reason[1]_LUT2_I0_F[1] (40,8) -> (41,3)
Info:                          Sink safety.supervisor.sample_reason[1]_LUT3_I1_F_LUT2_F_I1_LUT3_I1_F_MUX2_LUT7_O_1_I1_MUX2_LUT6_O_I0_MUX2_LUT5_O_S0_MUX2_LUT8_O_I1_MUX2_LUT7_O_I1_MUX2_LUT6_O_I1_MUX2_LUT5_O_I0_LUT4_F.I3
Info:                          Defined in:
Info:                               /Users/elliot/.local/opt/oss-cad-suite/libexec/../share/yosys/gowin/cells_map.v:130.20-130.21
Info:      logic  0.37  3.94 Source safety.supervisor.sample_reason[1]_LUT3_I1_F_LUT2_F_I1_LUT3_I1_F_MUX2_LUT7_O_1_I1_MUX2_LUT6_O_I0_MUX2_LUT5_O_S0_MUX2_LUT8_O_I1_MUX2_LUT7_O_I1_MUX2_LUT6_O_I1_MUX2_LUT5_O_I0_LUT4_F.F
Info:    routing  0.00  3.94 Net safety.supervisor.sample_reason[1]_LUT3_I1_F_LUT2_F_I1_LUT3_I1_F_MUX2_LUT7_O_1_I1_MUX2_LUT6_O_I0_MUX2_LUT5_O_S0_MUX2_LUT8_O_I1_MUX2_LUT7_O_I1_MUX2_LUT6_O_I1_MUX2_LUT5_O_I0 (41,3) -> (41,3)
Info:                          Sink safety.supervisor.sample_reason[1]_LUT3_I1_F_LUT2_F_I1_LUT3_I1_F_MUX2_LUT7_O_1_I1_MUX2_LUT6_O_I0_MUX2_LUT5_O_S0_MUX2_LUT8_O_I1_MUX2_LUT7_O_I1_MUX2_LUT6_O_I1_MUX2_LUT5_O.I0
Info:                          Defined in:
Info:                               /Users/elliot/.local/opt/oss-cad-suite/libexec/../share/yosys/gowin/cells_map.v:171.43-171.68
Info:                               /Users/elliot/.local/opt/oss-cad-suite/libexec/../share/yosys/gowin/cells_map.v:165.42-165.67
Info:                               /Users/elliot/.local/opt/oss-cad-suite/libexec/../share/yosys/gowin/cells_map.v:159.41-159.66
Info:                               /Users/elliot/.local/opt/oss-cad-suite/libexec/../share/yosys/gowin/cells_map.v:151.9-151.11
Info:      logic  0.27  4.21 Source safety.supervisor.sample_reason[1]_LUT3_I1_F_LUT2_F_I1_LUT3_I1_F_MUX2_LUT7_O_1_I1_MUX2_LUT6_O_I0_MUX2_LUT5_O_S0_MUX2_LUT8_O_I1_MUX2_LUT7_O_I1_MUX2_LUT6_O_I1_MUX2_LUT5_O.O
Info:    routing  0.00  4.21 Net safety.supervisor.sample_reason[1]_LUT3_I1_F_LUT2_F_I1_LUT3_I1_F_MUX2_LUT7_O_1_I1_MUX2_LUT6_O_I0_MUX2_LUT5_O_S0_MUX2_LUT8_O_I1_MUX2_LUT7_O_I1_MUX2_LUT6_O_I1 (41,3) -> (41,3)
Info:                          Sink safety.supervisor.sample_reason[1]_LUT3_I1_F_LUT2_F_I1_LUT3_I1_F_MUX2_LUT7_O_1_I1_MUX2_LUT6_O_I0_MUX2_LUT5_O_S0_MUX2_LUT8_O_I1_MUX2_LUT7_O_I1_MUX2_LUT6_O.I1
Info:                          Defined in:
Info:                               /Users/elliot/.local/opt/oss-cad-suite/libexec/../share/yosys/gowin/cells_map.v:171.43-171.68
Info:                               /Users/elliot/.local/opt/oss-cad-suite/libexec/../share/yosys/gowin/cells_map.v:165.42-165.67
Info:                               /Users/elliot/.local/opt/oss-cad-suite/libexec/../share/yosys/gowin/cells_map.v:157.13-157.15
Info:      logic  0.27  4.47 Source safety.supervisor.sample_reason[1]_LUT3_I1_F_LUT2_F_I1_LUT3_I1_F_MUX2_LUT7_O_1_I1_MUX2_LUT6_O_I0_MUX2_LUT5_O_S0_MUX2_LUT8_O_I1_MUX2_LUT7_O_I1_MUX2_LUT6_O.O
Info:    routing  0.00  4.47 Net safety.supervisor.sample_reason[1]_LUT3_I1_F_LUT2_F_I1_LUT3_I1_F_MUX2_LUT7_O_1_I1_MUX2_LUT6_O_I0_MUX2_LUT5_O_S0_MUX2_LUT8_O_I1_MUX2_LUT7_O_I1 (41,3) -> (41,3)
Info:                          Sink safety.supervisor.sample_reason[1]_LUT3_I1_F_LUT2_F_I1_LUT3_I1_F_MUX2_LUT7_O_1_I1_MUX2_LUT6_O_I0_MUX2_LUT5_O_S0_MUX2_LUT8_O_I1_MUX2_LUT7_O.I1
Info:                          Defined in:
Info:                               /Users/elliot/.local/opt/oss-cad-suite/libexec/../share/yosys/gowin/cells_map.v:171.43-171.68
Info:                               /Users/elliot/.local/opt/oss-cad-suite/libexec/../share/yosys/gowin/cells_map.v:163.13-163.15
Info:      logic  0.27  4.74 Source safety.supervisor.sample_reason[1]_LUT3_I1_F_LUT2_F_I1_LUT3_I1_F_MUX2_LUT7_O_1_I1_MUX2_LUT6_O_I0_MUX2_LUT5_O_S0_MUX2_LUT8_O_I1_MUX2_LUT7_O.O
Info:    routing  0.00  4.74 Net safety.supervisor.sample_reason[1]_LUT3_I1_F_LUT2_F_I1_LUT3_I1_F_MUX2_LUT7_O_1_I1_MUX2_LUT6_O_I0_MUX2_LUT5_O_S0_MUX2_LUT8_O_I1 (41,3) -> (41,3)
Info:                          Sink safety.supervisor.sample_reason[1]_LUT3_I1_F_LUT2_F_I1_LUT3_I1_F_MUX2_LUT7_O_1_I1_MUX2_LUT6_O_I0_MUX2_LUT5_O_S0_MUX2_LUT8_O.I1
Info:                          Defined in:
Info:                               /Users/elliot/.local/opt/oss-cad-suite/libexec/../share/yosys/gowin/cells_map.v:169.13-169.15
Info:      logic  0.27  5.01 Source safety.supervisor.sample_reason[1]_LUT3_I1_F_LUT2_F_I1_LUT3_I1_F_MUX2_LUT7_O_1_I1_MUX2_LUT6_O_I0_MUX2_LUT5_O_S0_MUX2_LUT8_O.O
Info:    routing  0.38  5.39 Net safety.supervisor.sample_reason[1]_LUT3_I1_F_LUT2_F_I1_LUT3_I1_F_MUX2_LUT7_O_1_I1_MUX2_LUT6_O_I0_MUX2_LUT5_O_S0[4] (41,3) -> (41,2)
Info:                          Sink safety.supervisor.sample_reason[1]_LUT3_I1_F_LUT2_F_I1_LUT3_I1_F_MUX2_LUT7_O_1_I0_MUX2_LUT6_O_I0_MUX2_LUT5_O.S0
Info:                          Defined in:
Info:                               /Users/elliot/.local/opt/oss-cad-suite/libexec/../share/yosys/gowin/cells_map.v:130.20-130.21
Info:      logic  0.10  5.49 Source safety.supervisor.sample_reason[1]_LUT3_I1_F_LUT2_F_I1_LUT3_I1_F_MUX2_LUT7_O_1_I0_MUX2_LUT6_O_I0_MUX2_LUT5_O.O
Info:    routing  0.00  5.49 Net safety.supervisor.sample_reason[1]_LUT3_I1_F_LUT2_F_I1_LUT3_I1_F_MUX2_LUT7_O_1_I0_MUX2_LUT6_O_I0 (41,2) -> (41,2)
Info:                          Sink safety.supervisor.sample_reason[1]_LUT3_I1_F_LUT2_F_I1_LUT3_I1_F_MUX2_LUT7_O_1_I0_MUX2_LUT6_O.I0
Info:                          Defined in:
Info:                               /Users/elliot/.local/opt/oss-cad-suite/libexec/../share/yosys/gowin/cells_map.v:164.41-164.66
Info:                               /Users/elliot/.local/opt/oss-cad-suite/libexec/../share/yosys/gowin/cells_map.v:157.9-157.11
Info:      logic  0.27  5.76 Source safety.supervisor.sample_reason[1]_LUT3_I1_F_LUT2_F_I1_LUT3_I1_F_MUX2_LUT7_O_1_I0_MUX2_LUT6_O.O
Info:    routing  0.00  5.76 Net safety.supervisor.sample_reason[1]_LUT3_I1_F_LUT2_F_I1_LUT3_I1_F_MUX2_LUT7_O_1_I0 (41,2) -> (41,2)
Info:                          Sink safety.supervisor.sample_reason[1]_LUT3_I1_F_LUT2_F_I1_LUT3_I1_F_MUX2_LUT7_O_1.I0
Info:                          Defined in:
Info:                               /Users/elliot/.local/opt/oss-cad-suite/libexec/../share/yosys/gowin/cells_map.v:163.9-163.11
Info:      logic  0.27  6.03 Source safety.supervisor.sample_reason[1]_LUT3_I1_F_LUT2_F_I1_LUT3_I1_F_MUX2_LUT7_O_1.O
Info:    routing  0.38  6.41 Net safety.supervisor.sample_reason[1]_LUT3_I1_F_LUT2_F_I1_LUT3_I1_F[4] (41,2) -> (42,2)
Info:                          Sink safety.supervisor.sample_reason[0]_LUT4_I3_F_MUX2_LUT5_I0_O_LUT4_I1_F_MUX2_LUT7_O_I0_MUX2_LUT6_O_I0_MUX2_LUT5_O.S0
Info:                          Defined in:
Info:                               /Users/elliot/.local/opt/oss-cad-suite/libexec/../share/yosys/gowin/cells_map.v:130.20-130.21
Info:      logic  0.10  6.51 Source safety.supervisor.sample_reason[0]_LUT4_I3_F_MUX2_LUT5_I0_O_LUT4_I1_F_MUX2_LUT7_O_I0_MUX2_LUT6_O_I0_MUX2_LUT5_O.O
Info:    routing  0.00  6.51 Net safety.supervisor.sample_reason[0]_LUT4_I3_F_MUX2_LUT5_I0_O_LUT4_I1_F_MUX2_LUT7_O_I0_MUX2_LUT6_O_I0 (42,2) -> (42,2)
Info:                          Sink safety.supervisor.sample_reason[0]_LUT4_I3_F_MUX2_LUT5_I0_O_LUT4_I1_F_MUX2_LUT7_O_I0_MUX2_LUT6_O.I0
Info:                          Defined in:
Info:                               /Users/elliot/.local/opt/oss-cad-suite/libexec/../share/yosys/gowin/cells_map.v:164.41-164.66
Info:                               /Users/elliot/.local/opt/oss-cad-suite/libexec/../share/yosys/gowin/cells_map.v:157.9-157.11
Info:      logic  0.27  6.78 Source safety.supervisor.sample_reason[0]_LUT4_I3_F_MUX2_LUT5_I0_O_LUT4_I1_F_MUX2_LUT7_O_I0_MUX2_LUT6_O.O
Info:    routing  0.00  6.78 Net safety.supervisor.sample_reason[0]_LUT4_I3_F_MUX2_LUT5_I0_O_LUT4_I1_F_MUX2_LUT7_O_I0 (42,2) -> (42,2)
Info:                          Sink safety.supervisor.sample_reason[0]_LUT4_I3_F_MUX2_LUT5_I0_O_LUT4_I1_F_MUX2_LUT7_O.I0
Info:                          Defined in:
Info:                               /Users/elliot/.local/opt/oss-cad-suite/libexec/../share/yosys/gowin/cells_map.v:163.9-163.11
Info:      logic  0.27  7.05 Source safety.supervisor.sample_reason[0]_LUT4_I3_F_MUX2_LUT5_I0_O_LUT4_I1_F_MUX2_LUT7_O.O
Info:    routing  0.17  7.22 Net safety.supervisor.sample_reason[0]_LUT4_I3_F_MUX2_LUT5_I0_O_LUT4_I1_F[3] (42,2) -> (43,2)
Info:                          Sink safety.supervisor.sample_reason[2]_LUT3_I1_F_MUX2_LUT5_O_1_I1_LUT4_F.I0
Info:                          Defined in:
Info:                               /Users/elliot/.local/opt/oss-cad-suite/libexec/../share/yosys/gowin/cells_map.v:130.20-130.21
Info:      logic  0.55  7.76 Source safety.supervisor.sample_reason[2]_LUT3_I1_F_MUX2_LUT5_O_1_I1_LUT4_F.F
Info:    routing  0.00  7.76 Net safety.supervisor.sample_reason[2]_LUT3_I1_F_MUX2_LUT5_O_1_I1 (43,2) -> (43,2)
Info:                          Sink safety.supervisor.sample_reason[2]_LUT3_I1_F_MUX2_LUT5_O_1.I1
Info:                          Defined in:
Info:                               /Users/elliot/.local/opt/oss-cad-suite/libexec/../share/yosys/gowin/cells_map.v:151.13-151.15
Info:      logic  0.27  8.03 Source safety.supervisor.sample_reason[2]_LUT3_I1_F_MUX2_LUT5_O_1.O
Info:    routing  0.55  8.58 Net safety.supervisor.sample_reason[2]_LUT3_I1_F[5] (43,2) -> (46,2)
Info:                          Sink safety.supervisor.latched_DFFSE_Q_CE_LUT4_F_I1_LUT2_I0_F_MUX2_LUT7_O_I0_MUX2_LUT6_O.S0
Info:                          Defined in:
Info:                               /Users/elliot/.local/opt/oss-cad-suite/libexec/../share/yosys/gowin/cells_map.v:130.20-130.21
Info:      logic  0.10  8.68 Source safety.supervisor.latched_DFFSE_Q_CE_LUT4_F_I1_LUT2_I0_F_MUX2_LUT7_O_I0_MUX2_LUT6_O.O
Info:    routing  0.00  8.68 Net safety.supervisor.latched_DFFSE_Q_CE_LUT4_F_I1_LUT2_I0_F_MUX2_LUT7_O_I0 (46,2) -> (46,2)
Info:                          Sink safety.supervisor.latched_DFFSE_Q_CE_LUT4_F_I1_LUT2_I0_F_MUX2_LUT7_O.I0
Info:                          Defined in:
Info:                               /Users/elliot/.local/opt/oss-cad-suite/libexec/../share/yosys/gowin/cells_map.v:163.9-163.11
Info:      logic  0.27  8.95 Source safety.supervisor.latched_DFFSE_Q_CE_LUT4_F_I1_LUT2_I0_F_MUX2_LUT7_O.O
Info:    routing  1.14  10.10 Net reply_wait_DFFR_Q_1_D_LUT3_F_I0_ALU_SUM_COUT_ALU_CIN_SUM_LUT3_F_I0_LUT3_I2_F_LUT2_I0_F_LUT2_I0_F[4] (46,2) -> (36,6)
Info:                          Sink reply_wait_DFFR_Q_1_D_LUT3_F_I0_ALU_SUM_COUT_ALU_CIN_SUM_LUT3_F_I0_LUT3_I2_F_LUT2_I0_F_LUT4_I2_F_LUT3_I0_F_LUT4_I2_1_I3_MUX2_LUT5_O.S0
Info:                          Defined in:
Info:                               /Users/elliot/.local/opt/oss-cad-suite/libexec/../share/yosys/gowin/cells_map.v:130.20-130.21
Info:      logic  0.10  10.20 Source reply_wait_DFFR_Q_1_D_LUT3_F_I0_ALU_SUM_COUT_ALU_CIN_SUM_LUT3_F_I0_LUT3_I2_F_LUT2_I0_F_LUT4_I2_F_LUT3_I0_F_LUT4_I2_1_I3_MUX2_LUT5_O.O
Info:    routing  0.47  10.67 Net reply_wait_DFFR_Q_1_D_LUT3_F_I0_ALU_SUM_COUT_ALU_CIN_SUM_LUT3_F_I0_LUT3_I2_F_LUT2_I0_F_LUT4_I2_F_LUT3_I0_F_LUT4_I2_1_I3[3] (36,6) -> (32,6)
Info:                          Sink reply_wait_DFFR_Q_1_D_LUT3_F_I0_ALU_SUM_COUT_ALU_CIN_SUM_LUT3_F_I0_LUT3_I2_F_LUT2_I0_F_LUT4_I2_F_LUT3_I0_F_LUT4_I2_1.I3
Info:                          Defined in:
Info:                               /Users/elliot/.local/opt/oss-cad-suite/libexec/../share/yosys/gowin/cells_map.v:130.20-130.21
Info:      logic  0.37  11.04 Source reply_wait_DFFR_Q_1_D_LUT3_F_I0_ALU_SUM_COUT_ALU_CIN_SUM_LUT3_F_I0_LUT3_I2_F_LUT2_I0_F_LUT4_I2_F_LUT3_I0_F_LUT4_I2_1.F
Info:    routing  0.00  11.04 Net reply_wait_DFFR_Q_1_D_LUT3_F_I0_ALU_SUM_COUT_ALU_CIN_SUM_LUT3_F_I0_LUT3_I2_F_LUT2_I0_F_LUT4_I2_F_LUT3_I0_F_LUT4_I2_1_F (32,6) -> (32,6)
Info:                          Sink reply_wait_DFFR_Q_1_D_LUT3_F_I0_ALU_SUM_COUT_ALU_CIN_SUM_LUT3_F_I0_LUT3_I2_F_LUT2_I0_F_LUT4_I2_F_LUT3_I0_F_LUT4_I2_1_F_MUX2_LUT5_I0.I0
Info:                          Defined in:
Info:                               /Users/elliot/.local/opt/oss-cad-suite/libexec/../share/yosys/gowin/cells_map.v:151.9-151.11
Info:      logic  0.27  11.31 Source reply_wait_DFFR_Q_1_D_LUT3_F_I0_ALU_SUM_COUT_ALU_CIN_SUM_LUT3_F_I0_LUT3_I2_F_LUT2_I0_F_LUT4_I2_F_LUT3_I0_F_LUT4_I2_1_F_MUX2_LUT5_I0.O
Info:    routing  0.88  12.19 Net reply_wait_DFFR_Q_1_D_LUT3_F_I0_ALU_SUM_COUT_ALU_CIN_SUM_LUT3_F_I0_LUT3_I2_F_LUT2_I0_F_LUT4_I2_F_LUT3_I0_F_LUT4_I2_1_F_MUX2_LUT5_I0_O (32,6) -> (32,6)
Info:                          Sink safety.supervisor.command_age[0]_DFFRE_Q_2.RESET
Info:      setup  0.04  12.22 Source safety.supervisor.command_age[0]_DFFRE_Q_2.RESET
Info: 6.43 ns logic, 5.80 ns routing

Info: Max frequency for clock 'u_hrx.clk': 81.81 MHz (PASS at 50.00 MHz)

Info: Slack histogram:
Info:  legend: * represents 6 endpoint(s)
Info:          + represents [1,6) endpoint(s)
Info: [  7776,   8366) |***+
Info: [  8366,   8956) |****+
Info: [  8956,   9546) |**+
Info: [  9546,  10136) |+
Info: [ 10136,  10726) | 
Info: [ 10726,  11316) |+
Info: [ 11316,  11906) |******+
Info: [ 11906,  12496) |*********+
Info: [ 12496,  13086) | 
Info: [ 13086,  13676) | 
Info: [ 13676,  14266) |+
Info: [ 14266,  14856) |*+
Info: [ 14856,  15446) |+
Info: [ 15446,  16036) |******+
Info: [ 16036,  16626) |******+
Info: [ 16626,  17216) |************************+
Info: [ 17216,  17806) |************************************************************ 
Info: [ 17806,  18396) |*************************************+
Info: [ 18396,  18986) |********+
Info: [ 18986,  19576) |*+

Info: Program finished normally.
gowin_pack -d GW5A-25A -o impl/bridge_calibration.fs --sspi_as_gpio --done_as_gpio --ready_as_gpio impl/bridge_calibration_pnr.json
/Users/elliot/.local/opt/oss-cad-suite/lib/python3.11/site-packages/apycula/bitmatrix.py:60: UserWarning: Numpy is not available, performance will be degraded.
  warnings.warn("Numpy is not available, performance will be degraded.")
/Users/elliot/.local/opt/oss-cad-suite/lib/python3.11/site-packages/apycula/chipdb.py:241: UserWarning: Msgspec is not available, performance will be degraded.
  warnings.warn("Msgspec is not available, performance will be degraded.")
/Users/elliot/.local/opt/oss-cad-suite/lib/python3.11/site-packages/apycula/crc16.py:19: UserWarning: fastcrc is not available, performance will be degraded.
  warnings.warn("fastcrc is not available, performance will be degraded.")
Enable spine SPINE16 <- BBDHCLK1 (19, 44) by 5A_PCLK_ENABLE_16 at (18, 44)
Enable spine SPINE8 <- BBDHCLK1 (19, 45) by 5A_PCLK_ENABLE_08 at (18, 45)
Enable spine SPINE0 <- BBDHCLK1 (19, 48) by 5A_PCLK_ENABLE_00 at (18, 46)
