trial,id,phase,drive_counts,request_s,completion_s,position_raw,speed_rad_s,voltage_v,temperature_c,current_raw,status,segment_index,torque_enabled,position_unwrapped_counts
0,4,pulse,25,0.816891372,0.822943604,1204,0.000000000,12.100,48,0,0,0,true,1204
0,4,pulse,25,0.828896788,0.835063780,1204,0.000000000,12.100,48,0,0,0,true,1204
0,4,pulse,25,0.840859644,0.846921301,1205,0.076699039,12.100,48,0,0,0,true,1205
0,4,pulse,25,0.852950308,0.858911328,1205,0.000000000,12.100,48,0,0,0,true,1205
0,4,pulse,25,0.865003718,0.870875058,1205,0.000000000,12.100,48,0,0,0,true,1205
0,4,pulse,25,0.876757406,0.882843513,1206,0.076699039,12.100,48,0,0,0,true,1206
0,4,pulse,25,0.888944153,0.895090409,1206,0.000000000,12.100,48,0,0,0,true,1206
0,4,pulse,25,0.901187268,0.907058333,1207,0.153398079,12.100,48,0,0,0,true,1207
0,4,rest,0,0.919159390,0.925029134,1207,0.000000000,12.100,48,0,0,1,true,1207
0,4,rest,0,0.931189164,0.937295087,1207,0.000000000,12.100,48,0,0,1,true,1207
0,4,rest,0,0.943027007,0.949048283,1207,0.000000000,12.100,48,0,0,1,true,1207
0,4,rest,0,0.955128867,0.960851931,1207,0.000000000,12.100,48,0,0,1,true,1207
0,4,rest,0,0.967211352,0.973122435,1207,0.000000000,12.100,48,0,0,1,true,1207
0,4,rest,0,0.978904333,0.984895758,1208,0.153398079,12.100,48,0,0,1,true,1208
0,4,rest,0,0.990977073,0.997046707,1208,0.000000000,12.100,48,0,0,1,true,1208
0,4,rest,0,1.002867917,1.008953981,1208,0.000000000,12.100,48,0,0,1,true,1208
0,4,rest,0,1.014755094,1.020894524,1208,0.000000000,12.100,48,0,0,1,true,1208
0,4,rest,0,1.026977521,1.033077305,1208,0.000000000,12.100,48,0,0,1,true,1208
0,4,rest,0,1.038830974,1.044980348,1208,0.000000000,12.100,48,0,0,1,true,1208
0,4,rest,0,1.050872005,1.056938965,1208,0.000000000,12.100,48,0,0,1,true,1208
0,4,rest,0,1.062891407,1.068964361,1208,0.000000000,12.100,48,0,0,1,true,1208
0,4,rest,0,1.074950380,1.081066592,1208,0.000000000,12.100,48,0,0,1,true,1208
0,4,rest,0,1.086821989,1.092756268,1208,0.000000000,12.100,48,0,0,1,true,1208
0,4,rest,0,1.098930885,1.104747106,1208,0.000000000,12.100,48,0,0,1,true,1208
0,4,rest,0,1.110982458,1.116804199,1208,0.000000000,12.100,48,0,0,1,true,1208
0,4,rest,0,1.122919634,1.128772523,1208,0.000000000,12.100,48,0,0,1,true,1208
0,4,rest,0,1.134930796,1.140926838,1208,0.000000000,12.100,48,0,0,1,true,1208
0,4,rest,0,1.146897070,1.152889680,1208,0.000000000,12.100,48,0,0,1,true,1208
0,4,rest,0,1.158818607,1.164729118,1208,0.000000000,12.100,48,0,0,1,true,1208
0,4,rest,0,1.171032332,1.176777537,1208,0.000000000,12.100,48,0,0,1,true,1208
0,4,rest,0,1.182961093,1.188873963,1208,0.000000000,12.100,48,0,0,1,true,1208
0,4,rest,0,1.194792457,1.200867100,1208,0.000000000,12.100,48,0,0,1,true,1208
0,4,rest,0,1.206878261,1.212912363,1208,0.000000000,12.100,48,0,0,1,true,1208
0,4,rest,0,1.218725228,1.224847895,1208,0.000000000,12.100,48,0,0,1,true,1208
0,4,rest,0,1.230730782,1.236763289,1208,0.000000000,12.100,48,0,0,1,true,1208
0,4,rest,0,1.242821738,1.248859797,1208,0.000000000,12.100,48,0,0,1,true,1208
0,4,rest,0,1.254665671,1.260829017,1208,0.000000000,12.100,48,0,0,1,true,1208
0,4,rest,0,1.266749492,1.272896897,1208,0.000000000,12.100,48,0,0,1,true,1208
0,4,rest,0,1.278903839,1.284718133,1208,0.000000000,12.100,48,0,0,1,true,1208
0,4,rest,0,1.290776345,1.296783781,1208,0.000000000,12.100,48,0,0,1,true,1208
0,4,rest,0,1.302726444,1.308949861,1208,0.000000000,12.100,48,0,0,1,true,1208
0,4,rest,0,1.314926959,1.320808272,1208,0.000000000,12.100,48,0,0,1,true,1208
0,4,rest,0,1.326832443,1.332822168,1208,0.000000000,12.100,48,0,0,1,true,1208
0,4,rest,0,1.338790874,1.344763981,1208,0.000000000,12.100,48,0,0,1,true,1208
0,4,rest,0,1.350930836,1.356741376,1208,0.000000000,12.100,48,0,0,1,true,1208
0,4,rest,0,1.362837297,1.368881381,1208,0.000000000,12.100,48,0,0,1,true,1208
0,4,rest,0,1.374970939,1.380933559,1208,0.000000000,12.100,48,0,0,1,true,1208
0,4,rest,0,1.386961216,1.392868347,1208,0.000000000,12.100,48,0,0,1,true,1208
0,4,rest,0,1.398732287,1.404802123,1208,0.000000000,12.100,48,0,0,1,true,1208
0,4,rest,0,1.410713881,1.416803407,1208,0.000000000,12.100,48,0,0,1,true,1208
0,4,rest,0,1.422843261,1.428907602,1208,0.000000000,12.100,48,0,0,1,true,1208
0,4,rest,0,1.434844463,1.440814703,1208,0.000000000,12.100,48,0,0,1,true,1208
0,4,rest,0,1.446695338,1.452721250,1208,0.000000000,12.100,48,0,0,1,true,1208
0,4,rest,0,1.458862393,1.464879985,1208,0.000000000,12.100,48,0,0,1,true,1208
0,4,rest,0,1.470728430,1.476906985,1208,0.000000000,12.100,48,0,0,1,true,1208
0,4,rest,0,1.482817004,1.488943453,1208,0.000000000,12.100,48,0,0,1,true,1208
0,4,rest,0,1.494880252,1.500889285,1208,0.000000000,12.100,48,0,0,1,true,1208
0,4,rest,0,1.506864011,1.512969365,1208,0.000000000,12.100,48,0,0,1,true,1208
1,4,pulse,-25,1.602761222,1.608713825,1208,0.000000000,12.100,48,0,0,0,true,1208
1,4,pulse,-25,1.614789222,1.620926323,1208,0.000000000,12.100,48,0,0,0,true,1208
1,4,pulse,-25,1.626840381,1.632876906,1208,0.000000000,12.100,48,0,0,0,true,1208
1,4,pulse,-25,1.639015862,1.644759937,1208,0.000000000,12.100,48,0,0,0,true,1208
1,4,pulse,-25,1.650841708,1.656739485,1208,0.000000000,12.100,48,0,0,0,true,1208
1,4,pulse,-25,1.662717173,1.668926232,1208,0.000000000,12.100,48,0,0,0,true,1208
1,4,pulse,-25,1.674902952,1.681109709,1208,0.000000000,12.100,48,0,0,0,true,1208
1,4,pulse,-25,1.686735235,1.692877188,1208,0.000000000,12.100,48,0,0,0,true,1208
1,4,rest,0,1.704905036,1.710715309,1208,0.000000000,12.100,48,0,0,1,true,1208
1,4,rest,0,1.716859774,1.722785488,1208,0.000000000,12.100,48,0,0,1,true,1208
1,4,rest,0,1.728793018,1.734618076,1208,0.000000000,12.100,48,0,0,1,true,1208
1,4,rest,0,1.740623650,1.746786866,1208,0.000000000,12.100,48,0,0,1,true,1208
1,4,rest,0,1.752644567,1.758590266,1208,0.000000000,12.100,48,0,0,1,true,1208
1,4,rest,0,1.764551826,1.770756148,1208,0.000000000,12.100,48,0,0,1,true,1208
1,4,rest,0,1.777102751,1.783089591,1208,0.000000000,12.100,48,0,0,1,true,1208
1,4,rest,0,1.788702205,1.794653081,1208,0.000000000,12.100,48,0,0,1,true,1208
1,4,rest,0,1.800830249,1.806892228,1208,0.000000000,12.100,48,0,0,1,true,1208
1,4,rest,0,1.812782767,1.818952241,1208,0.000000000,12.100,48,0,0,1,true,1208
1,4,rest,0,1.824785508,1.830694731,1208,0.000000000,12.100,48,0,0,1,true,1208
1,4,rest,0,1.836637330,1.842639956,1208,0.000000000,12.100,48,0,0,1,true,1208
1,4,rest,0,1.848700753,1.854749066,1208,0.000000000,12.100,48,0,0,1,true,1208
1,4,rest,0,1.860666741,1.866769365,1208,0.000000000,12.100,48,0,0,1,true,1208
1,4,rest,0,1.872929899,1.878849673,1208,0.000000000,12.100,48,0,0,1,true,1208
1,4,rest,0,1.884886347,1.890920373,1208,0.000000000,12.100,48,0,0,1,true,1208
1,4,rest,0,1.896616765,1.902883812,1208,0.000000000,12.100,48,0,0,1,true,1208
1,4,rest,0,1.908812917,1.914903325,1208,0.000000000,12.100,48,0,0,1,true,1208
1,4,rest,0,1.920927674,1.926919863,1208,0.000000000,12.100,48,0,0,1,true,1208
1,4,rest,0,1.932792193,1.938839334,1208,0.000000000,12.100,48,0,0,1,true,1208
1,4,rest,0,1.944903392,1.950894482,1208,0.000000000,12.100,48,0,0,1,true,1208
1,4,rest,0,1.956812418,1.962819034,1208,0.000000000,12.100,48,0,0,1,true,1208
1,4,rest,0,1.968752634,1.974808499,1208,0.000000000,12.100,48,0,0,1,true,1208
1,4,rest,0,1.980699892,1.986756111,1208,0.000000000,12.100,48,0,0,1,true,1208
1,4,rest,0,1.992961631,1.998857148,1208,0.000000000,12.100,48,0,0,1,true,1208
1,4,rest,0,2.004774656,2.010814855,1208,0.000000000,12.100,48,0,0,1,true,1208
1,4,rest,0,2.016900767,2.022730790,1208,0.000000000,12.100,48,0,0,1,true,1208
1,4,rest,0,2.028647345,2.034712197,1208,0.000000000,12.100,48,0,0,1,true,1208
1,4,rest,0,2.040663680,2.046700305,1208,0.000000000,12.100,48,0,0,1,true,1208
1,4,rest,0,2.052576382,2.058821251,1208,0.000000000,12.100,48,0,0,1,true,1208
1,4,rest,0,2.064646794,2.070624288,1208,0.000000000,12.100,48,0,0,1,true,1208
1,4,rest,0,2.076810475,2.082834992,1208,0.000000000,12.100,48,0,0,1,true,1208
1,4,rest,0,2.088596111,2.094676753,1208,0.000000000,12.100,48,0,0,1,true,1208
1,4,rest,0,2.100599559,2.106914322,1208,0.000000000,12.100,48,0,0,1,true,1208
1,4,rest,0,2.112607092,2.118750483,1208,0.000000000,12.100,48,0,0,1,true,1208
1,4,rest,0,2.124786834,2.130847453,1208,0.000000000,12.100,48,0,0,1,true,1208
1,4,rest,0,2.136654216,2.142693849,1208,0.000000000,12.100,48,0,0,1,true,1208
1,4,rest,0,2.148770595,2.154779526,1208,0.000000000,12.100,48,0,0,1,true,1208
1,4,rest,0,2.160609695,2.166756479,1208,0.000000000,12.100,48,0,0,1,true,1208
1,4,rest,0,2.172861172,2.178732235,1208,0.000000000,12.100,48,0,0,1,true,1208
1,4,rest,0,2.184778631,2.190667891,1208,0.000000000,12.100,48,0,0,1,true,1208
1,4,rest,0,2.196660215,2.202758530,1208,0.000000000,12.100,48,0,0,1,true,1208
1,4,rest,0,2.208691233,2.214764902,1208,0.000000000,12.100,48,0,0,1,true,1208
1,4,rest,0,2.220646697,2.226879304,1208,0.000000000,12.100,48,0,0,1,true,1208
1,4,rest,0,2.232772949,2.238756422,1208,0.000000000,12.100,48,0,0,1,true,1208
1,4,rest,0,2.244854893,2.250854441,1208,0.000000000,12.100,48,0,0,1,true,1208
1,4,rest,0,2.256862472,2.262696960,1208,0.000000000,12.100,48,0,0,1,true,1208
1,4,rest,0,2.268825290,2.274895598,1208,0.000000000,12.100,48,0,0,1,true,1208
1,4,rest,0,2.280808077,2.286818055,1208,0.000000000,12.100,48,0,0,1,true,1208
1,4,rest,0,2.292631152,2.298679602,1208,0.000000000,12.100,48,0,0,1,true,1208
2,4,pulse,25,2.388760035,2.394873520,1208,0.000000000,12.100,48,0,0,0,true,1208
2,4,pulse,25,2.400674920,2.406916930,1208,0.000000000,12.100,48,0,0,0,true,1208
2,4,pulse,25,2.412711161,2.418755661,1208,0.000000000,12.100,48,0,0,0,true,1208
2,4,pulse,25,2.424736371,2.430698233,1208,0.000000000,12.100,48,0,0,0,true,1208
2,4,pulse,25,2.436861783,2.442688252,1208,0.000000000,12.100,48,0,0,0,true,1208
2,4,pulse,25,2.448755762,2.454680328,1208,0.000000000,12.100,48,0,0,0,true,1208
2,4,pulse,25,2.460788300,2.466638872,1208,0.000000000,12.100,48,0,0,0,true,1208
2,4,pulse,25,2.473171722,2.478628524,1208,0.000000000,12.100,48,0,0,0,true,1208
2,4,rest,0,2.490950446,2.497257332,1208,0.000000000,12.100,48,0,0,1,true,1208
2,4,rest,0,2.502819643,2.508838223,1208,0.000000000,12.100,48,0,0,1,true,1208
2,4,rest,0,2.514865019,2.520748967,1208,0.000000000,12.100,48,0,0,1,true,1208
2,4,rest,0,2.526747356,2.532731645,1208,0.000000000,12.100,48,0,0,1,true,1208
2,4,rest,0,2.538893295,2.544946766,1208,0.000000000,12.100,48,0,0,1,true,1208
2,4,rest,0,2.550701545,2.556751705,1208,0.000000000,12.100,48,0,0,1,true,1208
2,4,rest,0,2.562809294,2.568774885,1208,0.000000000,12.100,48,0,0,1,true,1208
2,4,rest,0,2.574742414,2.580672884,1208,0.000000000,12.100,48,0,0,1,true,1208
2,4,rest,0,2.586923800,2.592679553,1208,0.000000000,12.100,48,0,0,1,true,1208
2,4,rest,0,2.598920397,2.604874399,1208,0.000000000,12.100,48,0,0,1,true,1208
2,4,rest,0,2.610849640,2.616877715,1208,0.000000000,12.100,48,0,0,1,true,1208
2,4,rest,0,2.622695841,2.628924495,1208,0.000000000,12.100,48,0,0,1,true,1208
2,4,rest,0,2.634760903,2.640629368,1208,0.000000000,12.100,48,0,0,1,true,1208
2,4,rest,0,2.646826567,2.652627230,1208,0.000000000,12.100,48,0,0,1,true,1208
2,4,rest,0,2.658659510,2.664734446,1208,0.000000000,12.100,48,0,0,1,true,1208
2,4,rest,0,2.671161535,2.677077467,1208,0.000000000,12.100,48,0,0,1,true,1208
2,4,rest,0,2.682719873,2.688684752,1208,0.000000000,12.100,48,0,0,1,true,1208
2,4,rest,0,2.694842989,2.700866870,1208,0.000000000,12.100,48,0,0,1,true,1208
2,4,rest,0,2.706797328,2.712818084,1208,0.000000000,12.100,48,0,0,1,true,1208
2,4,rest,0,2.718898422,2.725237896,1208,0.000000000,12.100,48,0,0,1,true,1208
2,4,rest,0,2.730772561,2.737117070,1208,0.000000000,12.100,48,0,0,1,true,1208
2,4,rest,0,2.742642511,2.749061659,1208,0.000000000,12.100,48,0,0,1,true,1208
2,4,rest,0,2.754782339,2.760853744,1208,0.000000000,12.100,48,0,0,1,true,1208
2,4,rest,0,2.767239259,2.772824492,1208,0.000000000,12.100,48,0,0,1,true,1208
2,4,rest,0,2.778927833,2.784817554,1208,0.000000000,12.100,48,0,0,1,true,1208
2,4,rest,0,2.790668794,2.796664154,1208,0.000000000,12.100,48,0,0,1,true,1208
2,4,rest,0,2.802830140,2.808777118,1208,0.000000000,12.100,48,0,0,1,true,1208
2,4,rest,0,2.814786956,2.820880453,1208,0.000000000,12.100,48,0,0,1,true,1208
2,4,rest,0,2.826709464,2.832655033,1208,0.000000000,12.100,48,0,0,1,true,1208
2,4,rest,0,2.838790658,2.844742674,1208,0.000000000,12.100,48,0,0,1,true,1208
2,4,rest,0,2.850678572,2.857035398,1208,0.000000000,12.100,48,0,0,1,true,1208
2,4,rest,0,2.862831413,2.868751759,1208,0.000000000,12.100,48,0,0,1,true,1208
2,4,rest,0,2.874777220,2.880813324,1208,0.000000000,12.100,48,0,0,1,true,1208
2,4,rest,0,2.886713854,2.892807911,1208,0.000000000,12.100,48,0,0,1,true,1208
2,4,rest,0,2.898615478,2.904667624,1208,0.000000000,12.100,48,0,0,1,true,1208
2,4,rest,0,2.910543587,2.916501125,1208,0.000000000,12.100,48,0,0,1,true,1208
2,4,rest,0,2.922841244,2.928588259,1208,0.000000000,12.100,48,0,0,1,true,1208
2,4,rest,0,2.934765324,2.940866223,1208,0.000000000,12.100,48,0,0,1,true,1208
2,4,rest,0,2.946648944,2.952717338,1208,0.000000000,12.100,48,0,0,1,true,1208
2,4,rest,0,2.958690820,2.964918022,1208,0.000000000,12.100,48,0,0,1,true,1208
2,4,rest,0,2.970750854,2.976657353,1208,0.000000000,12.100,48,0,0,1,true,1208
2,4,rest,0,2.982875313,2.988823822,1208,0.000000000,12.100,48,0,0,1,true,1208
2,4,rest,0,2.994884201,3.000856319,1208,0.000000000,12.100,48,0,0,1,true,1208
2,4,rest,0,3.006637907,3.012797650,1208,0.000000000,12.100,48,0,0,1,true,1208
2,4,rest,0,3.018643784,3.024944072,1208,0.000000000,12.100,48,0,0,1,true,1208
2,4,rest,0,3.030988106,3.036719349,1208,0.000000000,12.100,48,0,0,1,true,1208
2,4,rest,0,3.042656900,3.048878658,1208,0.000000000,12.100,48,0,0,1,true,1208
2,4,rest,0,3.055004378,3.061661139,1208,0.000000000,12.100,48,0,0,1,true,1208
2,4,rest,0,3.068042245,3.073459243,1208,0.000000000,12.100,48,0,0,1,true,1208
2,4,rest,0,3.079199880,3.086110732,1208,0.000000000,12.100,48,0,0,1,true,1208
3,4,pulse,-25,3.176031987,3.181692464,1208,0.000000000,12.100,48,0,0,0,true,1208
3,4,pulse,-25,3.187195790,3.193153392,1208,0.000000000,12.100,48,0,0,0,true,1208
3,4,pulse,-25,3.198965433,3.205039573,1208,0.000000000,12.100,48,0,0,0,true,1208
3,4,pulse,-25,3.211075789,3.216955267,1208,0.000000000,12.100,48,0,0,0,true,1208
3,4,pulse,-25,3.223016240,3.229089703,1208,0.000000000,12.100,48,0,0,0,true,1208
3,4,pulse,-25,3.234926018,3.241137593,1208,0.000000000,12.100,48,0,0,0,true,1208
3,4,pulse,-25,3.246981428,3.252994159,1208,0.000000000,12.100,48,0,0,0,true,1208
3,4,pulse,-25,3.259041338,3.265029367,1208,0.000000000,12.100,48,0,0,0,true,1208
3,4,rest,0,3.276890704,3.283051508,1208,0.000000000,12.100,48,0,0,1,true,1208
3,4,rest,0,3.289069838,3.294955578,1208,0.000000000,12.100,48,0,0,1,true,1208
3,4,rest,0,3.300901409,3.306938317,1208,0.000000000,12.100,48,0,0,1,true,1208
3,4,rest,0,3.313546456,3.319233463,1208,0.000000000,12.100,48,0,0,1,true,1208
3,4,rest,0,3.325429571,3.331811796,1208,0.000000000,12.100,48,0,0,1,true,1208
3,4,rest,0,3.337432029,3.343005853,1208,0.000000000,12.100,48,0,0,1,true,1208
3,4,rest,0,3.349066515,3.355389613,1208,0.000000000,12.100,48,0,0,1,true,1208
3,4,rest,0,3.361150285,3.367293216,1208,0.000000000,12.100,48,0,0,1,true,1208
3,4,rest,0,3.373395179,3.379280828,1208,0.000000000,12.100,48,0,0,1,true,1208
3,4,rest,0,3.385550467,3.391318484,1208,0.000000000,12.100,48,0,0,1,true,1208
3,4,rest,0,3.397582248,3.403169913,1208,0.000000000,12.100,48,0,0,1,true,1208
3,4,rest,0,3.409332543,3.415217853,1208,0.000000000,12.100,48,0,0,1,true,1208
3,4,rest,0,3.420854146,3.427124597,1208,0.000000000,12.100,48,0,0,1,true,1208
3,4,rest,0,3.434027103,3.439267063,1208,0.000000000,12.100,48,0,0,1,true,1208
3,4,rest,0,3.445047062,3.451331603,1208,0.000000000,12.100,48,0,0,1,true,1208
3,4,rest,0,3.476794878,3.481086343,1208,0.000000000,12.100,48,0,0,1,true,1208
3,4,rest,0,3.487268261,3.493055491,1208,0.000000000,12.100,48,0,0,1,true,1208
3,4,rest,0,3.498988030,3.505553950,1208,0.000000000,12.100,48,0,0,1,true,1208
3,4,rest,0,3.511255287,3.517540318,1208,0.000000000,12.100,48,0,0,1,true,1208
3,4,rest,0,3.524670370,3.528916979,1208,0.000000000,12.100,48,0,0,1,true,1208
3,4,rest,0,3.535021929,3.541435350,1208,0.000000000,12.100,48,0,0,1,true,1208
3,4,rest,0,3.547131363,3.552856800,1208,0.000000000,12.100,48,0,0,1,true,1208
3,4,rest,0,3.559218418,3.566395415,1208,0.000000000,12.100,48,0,0,1,true,1208
3,4,rest,0,3.571110116,3.576942419,1208,0.000000000,12.100,48,0,0,1,true,1208
3,4,rest,0,3.583130155,3.588877161,1208,0.000000000,12.100,48,0,0,1,true,1208
3,4,rest,0,3.595434405,3.600919602,1208,0.000000000,12.100,48,0,0,1,true,1208
3,4,rest,0,3.607433782,3.613042427,1208,0.000000000,12.100,48,0,0,1,true,1208
3,4,rest,0,3.619669708,3.624985293,1208,0.000000000,12.100,48,0,0,1,true,1208
3,4,rest,0,3.630855859,3.636679995,1208,0.000000000,12.100,48,0,0,1,true,1208
3,4,rest,0,3.642906561,3.648720816,1208,0.000000000,12.100,48,0,0,1,true,1208
3,4,rest,0,3.654804396,3.660766459,1208,0.000000000,12.100,48,0,0,1,true,1208
3,4,rest,0,3.666753746,3.672806083,1208,0.000000000,12.100,48,0,0,1,true,1208
3,4,rest,0,3.678804564,3.684832047,1208,0.000000000,12.100,48,0,0,1,true,1208
3,4,rest,0,3.690934133,3.696734297,1208,0.000000000,12.100,48,0,0,1,true,1208
3,4,rest,0,3.703534258,3.708794548,1208,0.000000000,12.100,48,0,0,1,true,1208
3,4,rest,0,3.714691681,3.721192878,1208,0.000000000,12.100,48,0,0,1,true,1208
3,4,rest,0,3.726925012,3.732657022,1208,0.000000000,12.100,48,0,0,1,true,1208
3,4,rest,0,3.738793768,3.744651767,1208,0.000000000,12.100,48,0,0,1,true,1208
3,4,rest,0,3.750730165,3.756603301,1208,0.000000000,12.100,48,0,0,1,true,1208
3,4,rest,0,3.762905802,3.768654334,1208,0.000000000,12.100,48,0,0,1,true,1208
3,4,rest,0,3.774679793,3.780627760,1208,0.000000000,12.100,48,0,0,1,true,1208
3,4,rest,0,3.786547202,3.792684797,1208,0.000000000,12.100,48,0,0,1,true,1208
3,4,rest,0,3.798645772,3.804707019,1208,0.000000000,12.100,48,0,0,1,true,1208
3,4,rest,0,3.810636507,3.816694530,1208,0.000000000,12.100,48,0,0,1,true,1208
3,4,rest,0,3.822690455,3.828583739,1208,0.000000000,12.100,48,0,0,1,true,1208
3,4,rest,0,3.834542067,3.840517917,1208,0.000000000,12.100,48,0,0,1,true,1208
3,4,rest,0,3.846610399,3.852531587,1208,0.000000000,12.100,48,0,0,1,true,1208
3,4,rest,0,3.858648816,3.864791213,1208,0.000000000,12.100,48,0,0,1,true,1208
3,4,rest,0,3.870914155,3.876679933,1208,0.000000000,12.100,48,0,0,1,true,1208
4,4,pulse,25,3.966653860,3.972813402,1208,0.000000000,12.100,48,0,0,0,true,1208
4,4,pulse,25,3.978542870,3.984577003,1208,0.000000000,12.100,48,0,0,0,true,1208
4,4,pulse,25,3.990639544,3.996587851,1208,0.000000000,12.100,48,0,0,0,true,1208
4,4,pulse,25,4.002572163,4.008722985,1208,0.000000000,12.100,48,0,0,0,true,1208
4,4,pulse,25,4.014436091,4.020848863,1208,0.000000000,12.100,48,0,0,0,true,1208
4,4,pulse,25,4.026505201,4.032544893,1208,0.000000000,12.100,48,0,0,0,true,1208
4,4,pulse,25,4.038683233,4.044527434,1208,0.000000000,12.100,48,0,0,0,true,1208
4,4,pulse,25,4.050434974,4.056720734,1208,0.000000000,12.100,48,0,0,0,true,1208
4,4,rest,0,4.068659437,4.074668016,1208,0.000000000,12.100,48,0,0,1,true,1208
4,4,rest,0,4.080861381,4.086684992,1208,0.000000000,12.100,48,0,0,1,true,1208
4,4,rest,0,4.092697728,4.098731428,1208,0.000000000,12.100,48,0,0,1,true,1208
4,4,rest,0,4.104712764,4.110626937,1208,0.000000000,12.100,48,0,0,1,true,1208
4,4,rest,0,4.116612089,4.122930987,1208,0.000000000,12.100,48,0,0,1,true,1208
4,4,rest,0,4.128629211,4.134619297,1208,0.000000000,12.100,48,0,0,1,true,1208
4,4,rest,0,4.140488949,4.146732496,1208,0.000000000,12.100,48,0,0,1,true,1208
4,4,rest,0,4.152603542,4.158671984,1208,0.000000000,12.100,48,0,0,1,true,1208
4,4,rest,0,4.164588403,4.170675245,1208,0.000000000,12.100,48,0,0,1,true,1208
4,4,rest,0,4.176961107,4.182640091,1208,0.000000000,12.100,48,0,0,1,true,1208
4,4,rest,0,4.188533615,4.194722461,1208,0.000000000,12.100,48,0,0,1,true,1208
4,4,rest,0,4.200403863,4.206600428,1208,0.000000000,12.100,48,0,0,1,true,1208
4,4,rest,0,4.212500835,4.218488303,1208,0.000000000,12.100,48,0,0,1,true,1208
4,4,rest,0,4.224435982,4.230383989,1208,0.000000000,12.100,48,0,0,1,true,1208
4,4,rest,0,4.236397537,4.242538585,1208,0.000000000,12.100,48,0,0,1,true,1208
4,4,rest,0,4.248409414,4.254702407,1208,0.000000000,12.100,48,0,0,1,true,1208
4,4,rest,0,4.260565276,4.266807025,1208,0.000000000,12.100,48,0,0,1,true,1208
4,4,rest,0,4.272696921,4.278603464,1208,0.000000000,12.100,48,0,0,1,true,1208
4,4,rest,0,4.284477625,4.290464314,1208,0.000000000,12.100,48,0,0,1,true,1208
4,4,rest,0,4.296505292,4.302657981,1208,0.000000000,12.100,48,0,0,1,true,1208
4,4,rest,0,4.308342703,4.314618020,1208,0.000000000,12.100,48,0,0,1,true,1208
4,4,rest,0,4.320590471,4.326625246,1208,0.000000000,12.100,48,0,0,1,true,1208
4,4,rest,0,4.332613257,4.338571835,1208,0.000000000,12.100,48,0,0,1,true,1208
4,4,rest,0,4.344451435,4.350535794,1208,0.000000000,12.100,48,0,0,1,true,1208
4,4,rest,0,4.356500346,4.362579527,1208,0.000000000,12.100,48,0,0,1,true,1208
4,4,rest,0,4.368454635,4.374702048,1208,0.000000000,12.100,48,0,0,1,true,1208
4,4,rest,0,4.380435215,4.386750268,1208,0.000000000,12.100,48,0,0,1,true,1208
4,4,rest,0,4.392659192,4.398590155,1208,0.000000000,12.100,48,0,0,1,true,1208
4,4,rest,0,4.404718525,4.410564068,1208,0.000000000,12.100,48,0,0,1,true,1208
4,4,rest,0,4.416478615,4.422975165,1208,0.000000000,12.100,48,0,0,1,true,1208
4,4,rest,0,4.428541594,4.434415341,1208,0.000000000,12.100,48,0,0,1,true,1208
4,4,rest,0,4.440555884,4.446379045,1208,0.000000000,12.100,48,0,0,1,true,1208
4,4,rest,0,4.452435200,4.458561830,1208,0.000000000,12.100,48,0,0,1,true,1208
4,4,rest,0,4.464404321,4.470583860,1208,0.000000000,12.100,48,0,0,1,true,1208
4,4,rest,0,4.476439368,4.482547218,1208,0.000000000,12.100,48,0,0,1,true,1208
4,4,rest,0,4.488412172,4.494488376,1208,0.000000000,12.100,48,0,0,1,true,1208
4,4,rest,0,4.500539112,4.506674530,1208,0.000000000,12.100,48,0,0,1,true,1208
4,4,rest,0,4.512720302,4.518717997,1208,0.000000000,12.100,48,0,0,1,true,1208
4,4,rest,0,4.524633605,4.530415702,1208,0.000000000,12.100,48,0,0,1,true,1208
4,4,rest,0,4.536447348,4.542495206,1208,0.000000000,12.100,48,0,0,1,true,1208
4,4,rest,0,4.548575010,4.554614600,1208,0.000000000,12.100,48,0,0,1,true,1208
4,4,rest,0,4.560585519,4.566489215,1208,0.000000000,12.100,48,0,0,1,true,1208
4,4,rest,0,4.572543875,4.578552815,1208,0.000000000,12.100,48,0,0,1,true,1208
4,4,rest,0,4.584645587,4.590645321,1208,0.000000000,12.100,48,0,0,1,true,1208
4,4,rest,0,4.596592817,4.602629907,1208,0.000000000,12.100,48,0,0,1,true,1208
4,4,rest,0,4.608528162,4.614507372,1208,0.000000000,12.100,48,0,0,1,true,1208
4,4,rest,0,4.620626825,4.626657709,1208,0.000000000,12.100,48,0,0,1,true,1208
4,4,rest,0,4.632679789,4.638641814,1208,0.000000000,12.100,48,0,0,1,true,1208
4,4,rest,0,4.644573190,4.650653396,1208,0.000000000,12.100,48,0,0,1,true,1208
4,4,rest,0,4.656405026,4.662448063,1208,0.000000000,12.100,48,0,0,1,true,1208
5,4,pulse,-25,4.752508883,4.758704903,1208,0.000000000,12.100,48,0,0,0,true,1208
5,4,pulse,-25,4.764657666,4.770588470,1208,0.000000000,12.100,48,0,0,0,true,1208
5,4,pulse,-25,4.777208205,4.782514164,1208,0.000000000,12.100,48,0,0,0,true,1208
5,4,pulse,-25,4.788675126,4.794739290,1208,0.000000000,12.100,48,0,0,0,true,1208
5,4,pulse,-25,4.800658518,4.806568213,1208,0.000000000,12.100,48,0,0,0,true,1208
5,4,pulse,-25,4.812564535,4.818588868,1208,0.000000000,12.100,48,0,0,0,true,1208
5,4,pulse,-25,4.824484028,4.830491499,1208,0.000000000,12.100,48,0,0,0,true,1208
5,4,pulse,-25,4.836504535,4.842622449,1208,0.000000000,12.100,48,0,0,0,true,1208
5,4,rest,0,4.854614564,4.860597820,1208,0.000000000,12.100,48,0,0,1,true,1208
5,4,rest,0,4.866368218,4.872335614,1208,0.000000000,12.100,48,0,0,1,true,1208
5,4,rest,0,4.878647756,4.884607092,1208,0.000000000,12.100,48,0,0,1,true,1208
5,4,rest,0,4.890528839,4.896436629,1208,0.000000000,12.100,48,0,0,1,true,1208
5,4,rest,0,4.902573446,4.908587230,1208,0.000000000,12.100,48,0,0,1,true,1208
5,4,rest,0,4.914422315,4.920632162,1208,0.000000000,12.100,48,0,0,1,true,1208
5,4,rest,0,4.926391914,4.932607007,1208,0.000000000,12.100,48,0,0,1,true,1208
5,4,rest,0,4.938367159,4.944378095,1208,0.000000000,12.100,48,0,0,1,true,1208
5,4,rest,0,4.950588145,4.956345505,1208,0.000000000,12.100,48,0,0,1,true,1208
5,4,rest,0,4.962345642,4.968331810,1208,0.000000000,12.100,48,0,0,1,true,1208
5,4,rest,0,4.974511113,4.980662540,1208,0.000000000,12.100,48,0,0,1,true,1208
5,4,rest,0,4.986525385,4.992644751,1208,0.000000000,12.100,48,0,0,1,true,1208
5,4,rest,0,4.998424739,5.004483741,1208,0.000000000,12.100,48,0,0,1,true,1208
5,4,rest,0,5.010587250,5.016586579,1208,0.000000000,12.100,48,0,0,1,true,1208
5,4,rest,0,5.022503704,5.028365411,1208,0.000000000,12.100,48,0,0,1,true,1208
5,4,rest,0,5.034546500,5.040362284,1208,0.000000000,12.100,48,0,0,1,true,1208
5,4,rest,0,5.046442649,5.052527672,1208,0.000000000,12.100,49,0,0,1,true,1208
5,4,rest,0,5.058411292,5.064444204,1208,0.000000000,12.100,48,0,0,1,true,1208
5,4,rest,0,5.070611009,5.076504879,1208,0.000000000,12.100,48,0,0,1,true,1208
5,4,rest,0,5.082487543,5.088544224,1208,0.000000000,12.100,48,0,0,1,true,1208
5,4,rest,0,5.094555704,5.100586368,1208,0.000000000,12.100,48,0,0,1,true,1208
5,4,rest,0,5.106496963,5.112580015,1208,0.000000000,12.100,48,0,0,1,true,1208
5,4,rest,0,5.118514609,5.124399726,1208,0.000000000,12.100,48,0,0,1,true,1208
5,4,rest,0,5.130647141,5.136656454,1208,0.000000000,12.100,48,0,0,1,true,1208
5,4,rest,0,5.142664869,5.148517446,1208,0.000000000,12.100,48,0,0,1,true,1208
5,4,rest,0,5.154579174,5.160447442,1208,0.000000000,12.100,48,0,0,1,true,1208
5,4,rest,0,5.166617230,5.172516829,1208,0.000000000,12.100,48,0,0,1,true,1208
5,4,rest,0,5.178848173,5.184721327,1208,0.000000000,12.100,48,0,0,1,true,1208
5,4,rest,0,5.190559974,5.196568261,1208,0.000000000,12.100,48,0,0,1,true,1208
5,4,rest,0,5.202537894,5.208494744,1208,0.000000000,12.100,48,0,0,1,true,1208
5,4,rest,0,5.214581874,5.220474523,1208,0.000000000,12.100,49,0,0,1,true,1208
5,4,rest,0,5.226523817,5.232565303,1208,0.000000000,12.100,48,0,0,1,true,1208
5,4,rest,0,5.238482859,5.244515718,1208,0.000000000,12.100,48,0,0,1,true,1208
5,4,rest,0,5.250461947,5.256397594,1208,0.000000000,12.100,48,0,0,1,true,1208
5,4,rest,0,5.262451099,5.268514675,1208,0.000000000,12.100,48,0,0,1,true,1208
5,4,rest,0,5.274449263,5.280581091,1208,0.000000000,12.100,48,0,0,1,true,1208
5,4,rest,0,5.286576931,5.292609076,1208,0.000000000,12.100,48,0,0,1,true,1208
5,4,rest,0,5.298519249,5.304325800,1208,0.000000000,12.100,48,0,0,1,true,1208
5,4,rest,0,5.310568857,5.316504310,1208,0.000000000,12.100,49,0,0,1,true,1208
5,4,rest,0,5.322341577,5.328353013,1208,0.000000000,12.100,49,0,0,1,true,1208
5,4,rest,0,5.334410717,5.340570872,1208,0.000000000,12.100,49,0,0,1,true,1208
5,4,rest,0,5.346302223,5.352667794,1208,0.000000000,12.100,49,0,0,1,true,1208
5,4,rest,0,5.358403100,5.364498256,1208,0.000000000,12.100,49,0,0,1,true,1208
5,4,rest,0,5.370392971,5.376424195,1208,0.000000000,12.100,48,0,0,1,true,1208
5,4,rest,0,5.382566323,5.388371231,1208,0.000000000,12.100,48,0,0,1,true,1208
5,4,rest,0,5.394324871,5.400442619,1208,0.000000000,12.100,49,0,0,1,true,1208
5,4,rest,0,5.406345637,5.412405339,1208,0.000000000,12.100,49,0,0,1,true,1208
5,4,rest,0,5.418521036,5.424523067,1208,0.000000000,12.100,48,0,0,1,true,1208
5,4,rest,0,5.430384134,5.436409357,1208,0.000000000,12.100,49,0,0,1,true,1208
5,4,rest,0,5.442320788,5.448373110,1208,0.000000000,12.100,48,0,0,1,true,1208
6,4,pulse,50,5.538427445,5.544378749,1208,0.000000000,12.100,49,0,0,0,true,1208
6,4,pulse,50,5.550514065,5.556470256,1208,0.000000000,12.100,49,0,0,0,true,1208
6,4,pulse,50,5.562283296,5.568424042,1209,0.153398079,12.100,49,0,0,0,true,1209
6,4,pulse,50,5.574337178,5.580537435,1210,0.076699039,12.100,49,0,0,0,true,1210
6,4,pulse,50,5.586398583,5.592404882,1211,0.076699039,12.100,49,0,0,0,true,1211
6,4,pulse,50,5.598320154,5.604383613,1212,0.153398079,12.100,49,0,0,0,true,1212
6,4,pulse,50,5.610296714,5.616395120,1214,0.153398079,12.100,49,0,0,0,true,1214
6,4,pulse,50,5.622538735,5.628433106,1215,0.153398079,12.100,49,0,0,0,true,1215
6,4,rest,0,5.640469154,5.646353808,1217,0.153398079,12.100,49,0,0,1,true,1217
6,4,rest,0,5.652326917,5.658341882,1218,0.076699039,12.100,49,0,0,1,true,1218
6,4,rest,0,5.664256445,5.670395626,1218,0.000000000,12.100,49,0,0,1,true,1218
6,4,rest,0,5.676469773,5.682534009,1218,0.000000000,12.100,49,0,0,1,true,1218
6,4,rest,0,5.688252855,5.694522343,1218,0.000000000,12.100,49,0,0,1,true,1218
6,4,rest,0,5.700339153,5.706483763,1218,0.000000000,12.100,49,0,0,1,true,1218
6,4,rest,0,5.712427918,5.718283813,1218,0.000000000,12.100,49,0,0,1,true,1218
6,4,rest,0,5.724415938,5.730437987,1218,0.000000000,12.100,49,0,0,1,true,1218
6,4,rest,0,5.736232984,5.742319125,1218,0.000000000,12.100,49,0,0,1,true,1218
6,4,rest,0,5.748444150,5.754523708,1218,0.000000000,12.100,49,0,0,1,true,1218
6,4,rest,0,5.760565050,5.766385680,1218,0.000000000,12.100,48,0,0,1,true,1218
6,4,rest,0,5.772282817,5.778346467,1218,0.000000000,12.100,49,0,0,1,true,1218
6,4,rest,0,5.784400912,5.790536017,1218,0.000000000,12.100,49,0,0,1,true,1218
6,4,rest,0,5.796280782,5.802406982,1218,0.000000000,12.100,49,0,0,1,true,1218
6,4,rest,0,5.808402012,5.814496279,1218,0.000000000,12.100,49,0,0,1,true,1218
6,4,rest,0,5.820410906,5.826387114,1218,0.000000000,12.100,49,0,0,1,true,1218
6,4,rest,0,5.832326862,5.838795723,1218,0.000000000,12.100,49,0,0,1,true,1218
6,4,rest,0,5.844157746,5.850673262,1218,0.000000000,12.100,49,0,0,1,true,1218
6,4,rest,0,5.856519021,5.862461819,1218,0.000000000,12.100,49,0,0,1,true,1218
6,4,rest,0,5.868470048,5.874418080,1218,0.000000000,12.100,49,0,0,1,true,1218
6,4,rest,0,5.880455010,5.886419159,1218,0.000000000,12.100,49,0,0,1,true,1218
6,4,rest,0,5.892226615,5.898259868,1218,0.000000000,12.100,49,0,0,1,true,1218
6,4,rest,0,5.904554952,5.910488742,1218,0.000000000,12.100,49,0,0,1,true,1218
6,4,rest,0,5.916380737,5.922568942,1218,0.000000000,12.100,49,0,0,1,true,1218
6,4,rest,0,5.928275352,5.934456128,1218,0.000000000,12.100,49,0,0,1,true,1218
6,4,rest,0,5.940361430,5.946394074,1218,0.000000000,12.100,49,0,0,1,true,1218
6,4,rest,0,5.952478620,5.958346117,1218,0.000000000,12.100,49,0,0,1,true,1218
6,4,rest,0,5.964326873,5.970495185,1218,0.000000000,12.100,49,0,0,1,true,1218
6,4,rest,0,5.976267437,5.982391939,1218,0.000000000,12.100,49,0,0,1,true,1218
6,4,rest,0,5.988741279,5.994847607,1218,0.000000000,12.100,49,0,0,1,true,1218
6,4,rest,0,6.000373777,6.006342553,1218,0.000000000,12.100,49,0,0,1,true,1218
6,4,rest,0,6.012590352,6.019069697,1218,0.000000000,12.100,49,0,0,1,true,1218
6,4,rest,0,6.024427251,6.030961883,1218,0.000000000,12.100,49,0,0,1,true,1218
6,4,rest,0,6.037128533,6.043093144,1218,0.000000000,12.100,49,0,0,1,true,1218
6,4,rest,0,6.048868930,6.054819247,1218,0.000000000,12.100,49,0,0,1,true,1218
6,4,rest,0,6.060476202,6.066468767,1218,0.000000000,12.100,49,0,0,1,true,1218
6,4,rest,0,6.072317812,6.078366573,1218,0.000000000,12.100,49,0,0,1,true,1218
6,4,rest,0,6.084416767,6.090254156,1218,0.000000000,12.100,49,0,0,1,true,1218
6,4,rest,0,6.096259167,6.102379169,1218,0.000000000,12.100,49,0,0,1,true,1218
6,4,rest,0,6.108269626,6.114310787,1218,0.000000000,12.100,49,0,0,1,true,1218
6,4,rest,0,6.120402507,6.126279371,1218,0.000000000,12.100,49,0,0,1,true,1218
6,4,rest,0,6.132368001,6.138456507,1218,0.000000000,12.100,49,0,0,1,true,1218
6,4,rest,0,6.144310059,6.150412041,1218,0.000000000,12.100,49,0,0,1,true,1218
6,4,rest,0,6.156393187,6.162341165,1218,0.000000000,12.100,49,0,0,1,true,1218
6,4,rest,0,6.168236548,6.174485570,1218,0.000000000,12.100,49,0,0,1,true,1218
6,4,rest,0,6.180247255,6.186476422,1218,0.000000000,12.100,49,0,0,1,true,1218
6,4,rest,0,6.192413216,6.198317364,1218,0.000000000,12.100,49,0,0,1,true,1218
6,4,rest,0,6.204273141,6.210443020,1218,0.000000000,12.100,49,0,0,1,true,1218
6,4,rest,0,6.216304255,6.222502804,1218,0.000000000,12.100,49,0,0,1,true,1218
6,4,rest,0,6.228410823,6.234353750,1218,0.000000000,12.100,49,0,0,1,true,1218
7,4,pulse,-50,6.324314495,6.330287075,1218,0.000000000,12.100,49,0,0,0,true,1218
7,4,pulse,-50,6.336383906,6.342351691,1218,0.000000000,12.100,49,0,0,0,true,1218
7,4,pulse,-50,6.348204665,6.354493443,1217,-0.153398079,12.100,49,0,0,0,true,1217
7,4,pulse,-50,6.360551573,6.366385105,1215,-0.076699039,12.100,49,0,0,0,true,1215
7,4,pulse,-50,6.372646851,6.378363809,1214,-0.153398079,12.100,49,0,0,0,true,1214
7,4,pulse,-50,6.384232446,6.390225947,1213,-0.153398079,12.100,49,0,0,0,true,1213
7,4,pulse,-50,6.396339251,6.402277103,1212,-0.153398079,12.100,49,0,0,0,true,1212
7,4,pulse,-50,6.408318881,6.414255215,1210,-0.230097118,12.100,49,0,0,0,true,1210
7,4,rest,0,6.426259590,6.432204365,1208,-0.153398079,12.100,49,0,0,1,true,1208
7,4,rest,0,6.438248024,6.444184356,1208,-0.076699039,12.100,49,0,0,1,true,1208
7,4,rest,0,6.450324671,6.456332976,1208,0.000000000,12.100,49,0,0,1,true,1208
7,4,rest,0,6.462264516,6.468303641,1208,0.000000000,12.100,49,0,0,1,true,1208
7,4,rest,0,6.474421212,6.480251756,1208,0.000000000,12.100,49,0,0,1,true,1208
7,4,rest,0,6.486338172,6.492177690,1208,0.000000000,12.100,49,0,0,1,true,1208
7,4,rest,0,6.498359162,6.504512485,1208,0.000000000,12.100,49,0,0,1,true,1208
7,4,rest,0,6.510271634,6.516242357,1208,0.000000000,12.100,49,0,0,1,true,1208
7,4,rest,0,6.522215394,6.528222481,1208,0.000000000,12.100,49,0,0,1,true,1208
7,4,rest,0,6.534274652,6.540250697,1208,0.000000000,12.100,49,0,0,1,true,1208
7,4,rest,0,6.546319982,6.552319225,1208,0.000000000,12.100,49,0,0,1,true,1208
7,4,rest,0,6.558456020,6.564517205,1208,0.000000000,12.100,49,0,0,1,true,1208
7,4,rest,0,6.570237002,6.576292716,1208,0.000000000,12.100,49,0,0,1,true,1208
7,4,rest,0,6.582412767,6.588334278,1208,0.000000000,12.100,49,0,0,1,true,1208
7,4,rest,0,6.594294266,6.600333140,1208,0.000000000,12.100,49,0,0,1,true,1208
7,4,rest,0,6.606326568,6.612376304,1208,0.000000000,12.100,49,0,0,1,true,1208
7,4,rest,0,6.618289732,6.624353966,1208,0.000000000,12.100,49,0,0,1,true,1208
7,4,rest,0,6.630338818,6.636330048,1208,0.000000000,12.100,49,0,0,1,true,1208
7,4,rest,0,6.642284545,6.648423282,1208,0.000000000,12.100,49,0,0,1,true,1208
7,4,rest,0,6.654433994,6.660401677,1208,0.000000000,12.100,49,0,0,1,true,1208
7,4,rest,0,6.666295763,6.672548045,1208,0.000000000,12.100,49,0,0,1,true,1208
7,4,rest,0,6.678424009,6.684205841,1208,0.000000000,12.100,49,0,0,1,true,1208
7,4,rest,0,6.690404584,6.696356803,1208,0.000000000,12.100,49,0,0,1,true,1208
7,4,rest,0,6.702211038,6.708244808,1208,0.000000000,12.100,49,0,0,1,true,1208
7,4,rest,0,6.714186981,6.720215627,1208,0.000000000,12.100,49,0,0,1,true,1208
7,4,rest,0,6.726473326,6.732303555,1208,0.000000000,12.100,49,0,0,1,true,1208
7,4,rest,0,6.738167214,6.744226195,1208,0.000000000,12.100,49,0,0,1,true,1208
7,4,rest,0,6.750406804,6.756405422,1208,0.000000000,12.100,49,0,0,1,true,1208
7,4,rest,0,6.762455135,6.768215140,1208,0.000000000,12.100,49,0,0,1,true,1208
7,4,rest,0,6.774443316,6.780386614,1208,0.000000000,12.100,49,0,0,1,true,1208
7,4,rest,0,6.786305729,6.792324916,1208,0.000000000,12.100,49,0,0,1,true,1208
7,4,rest,0,6.798261460,6.804316856,1208,0.000000000,12.100,49,0,0,1,true,1208
7,4,rest,0,6.810347541,6.816340610,1208,0.000000000,12.100,49,0,0,1,true,1208
7,4,rest,0,6.822250185,6.828346614,1208,0.000000000,12.100,49,0,0,1,true,1208
7,4,rest,0,6.834199099,6.840325318,1208,0.000000000,12.100,49,0,0,1,true,1208
7,4,rest,0,6.846350578,6.852350097,1208,0.000000000,12.100,49,0,0,1,true,1208
7,4,rest,0,6.858340671,6.864410078,1208,0.000000000,12.100,49,0,0,1,true,1208
7,4,rest,0,6.870417306,6.876320658,1208,0.000000000,12.100,49,0,0,1,true,1208
7,4,rest,0,6.882193735,6.888437960,1208,0.000000000,12.100,49,0,0,1,true,1208
7,4,rest,0,6.894238660,6.900418637,1208,0.000000000,12.100,49,0,0,1,true,1208
7,4,rest,0,6.906164168,6.912296070,1208,0.000000000,12.100,49,0,0,1,true,1208
7,4,rest,0,6.918200686,6.924463701,1208,0.000000000,12.100,49,0,0,1,true,1208
7,4,rest,0,6.930405316,6.936179200,1208,0.000000000,12.100,49,0,0,1,true,1208
7,4,rest,0,6.942225243,6.948163157,1208,0.000000000,12.100,49,0,0,1,true,1208
7,4,rest,0,6.954493517,6.960405075,1208,0.000000000,12.100,49,0,0,1,true,1208
7,4,rest,0,6.966301045,6.973065220,1208,0.000000000,12.100,49,0,0,1,true,1208
7,4,rest,0,6.978350437,6.984398202,1208,0.000000000,12.100,49,0,0,1,true,1208
7,4,rest,0,6.990369957,6.996140710,1208,0.000000000,12.100,49,0,0,1,true,1208
7,4,rest,0,7.002407118,7.008222172,1208,0.000000000,12.100,49,0,0,1,true,1208
7,4,rest,0,7.014379412,7.020367559,1208,0.000000000,12.100,49,0,0,1,true,1208
8,4,pulse,50,7.110330329,7.116360558,1208,0.000000000,12.100,49,0,0,0,true,1208
8,4,pulse,50,7.122283286,7.128374611,1209,0.000000000,12.100,49,0,0,0,true,1209
8,4,pulse,50,7.134306341,7.140164684,1210,0.076699039,12.100,49,0,0,0,true,1210
8,4,pulse,50,7.146241539,7.152179849,1211,0.153398079,12.100,49,0,0,0,true,1211
8,4,pulse,50,7.158225116,7.164315439,1212,0.153398079,12.100,49,0,0,0,true,1212
8,4,pulse,50,7.170341119,7.176232934,1213,0.076699039,12.100,49,0,0,0,true,1213
8,4,pulse,50,7.182174638,7.188143671,1214,0.153398079,12.100,49,0,0,0,true,1214
8,4,pulse,50,7.194223858,7.200279548,1216,0.230097118,12.100,49,0,0,0,true,1216
8,4,rest,0,7.212265629,7.218291826,1218,0.230097118,12.100,49,0,0,1,true,1218
8,4,rest,0,7.224194940,7.230377362,1218,0.000000000,12.100,49,0,0,1,true,1218
8,4,rest,0,7.236214504,7.242181174,1218,0.000000000,12.100,49,0,0,1,true,1218
8,4,rest,0,7.248127086,7.254381367,1218,0.000000000,12.100,49,0,0,1,true,1218
8,4,rest,0,7.260259844,7.266526184,1218,0.000000000,12.100,49,0,0,1,true,1218
8,4,rest,0,7.272227044,7.278214318,1218,0.000000000,12.100,49,0,0,1,true,1218
8,4,rest,0,7.284224762,7.290221666,1218,0.000000000,12.100,49,0,0,1,true,1218
8,4,rest,0,7.296354273,7.302318979,1218,0.000000000,12.100,49,0,0,1,true,1218
8,4,rest,0,7.308142472,7.314184963,1218,0.000000000,12.100,49,0,0,1,true,1218
8,4,rest,0,7.320193862,7.326312706,1218,0.000000000,12.100,49,0,0,1,true,1218
8,4,rest,0,7.332190543,7.338387037,1218,0.000000000,12.100,49,0,0,1,true,1218
8,4,rest,0,7.344148959,7.350123342,1218,0.000000000,12.100,49,0,0,1,true,1218
8,4,rest,0,7.356256414,7.362301534,1218,0.000000000,12.100,49,0,0,1,true,1218
8,4,rest,0,7.368369520,7.374293398,1218,0.000000000,12.100,49,0,0,1,true,1218
8,4,rest,0,7.380184563,7.386308544,1218,0.000000000,12.100,49,0,0,1,true,1218
8,4,rest,0,7.392219179,7.398147009,1218,0.000000000,12.100,49,0,0,1,true,1218
8,4,rest,0,7.404317919,7.410291478,1218,0.000000000,12.100,49,0,0,1,true,1218
8,4,rest,0,7.416155380,7.422095010,1218,0.000000000,12.100,49,0,0,1,true,1218
8,4,rest,0,7.428140109,7.434421173,1218,0.000000000,12.100,49,0,0,1,true,1218
8,4,rest,0,7.440226505,7.446171804,1218,0.000000000,12.100,49,0,0,1,true,1218
8,4,rest,0,7.452368563,7.458268414,1218,0.000000000,12.100,49,0,0,1,true,1218
8,4,rest,0,7.464486214,7.470162707,1218,0.000000000,12.100,49,0,0,1,true,1218
8,4,rest,0,7.476213614,7.482245697,1218,0.000000000,12.100,49,0,0,1,true,1218
8,4,rest,0,7.488150799,7.494304797,1218,0.000000000,12.100,49,0,0,1,true,1218
8,4,rest,0,7.500354405,7.506206824,1218,0.000000000,12.100,49,0,0,1,true,1218
8,4,rest,0,7.512139104,7.518220934,1218,0.000000000,12.100,49,0,0,1,true,1218
8,4,rest,0,7.524127126,7.530307079,1218,0.000000000,12.100,49,0,0,1,true,1218
8,4,rest,0,7.536120403,7.542339134,1218,0.000000000,12.100,49,0,0,1,true,1218
8,4,rest,0,7.548271987,7.554229047,1218,0.000000000,12.100,49,0,0,1,true,1218
8,4,rest,0,7.560264301,7.566196851,1218,0.000000000,12.100,49,0,0,1,true,1218
8,4,rest,0,7.572148323,7.578300248,1218,0.000000000,12.100,49,0,0,1,true,1218
8,4,rest,0,7.584151426,7.590299274,1218,0.000000000,12.100,49,0,0,1,true,1218
8,4,rest,0,7.596197103,7.602247334,1218,0.000000000,12.100,49,0,0,1,true,1218
8,4,rest,0,7.608323772,7.614247864,1218,0.000000000,12.100,49,0,0,1,true,1218
8,4,rest,0,7.620167572,7.626335594,1218,0.000000000,12.100,49,0,0,1,true,1218
8,4,rest,0,7.632237067,7.638336564,1218,0.000000000,12.100,49,0,0,1,true,1218
8,4,rest,0,7.644282217,7.650269520,1218,0.000000000,12.100,49,0,0,1,true,1218
8,4,rest,0,7.656194015,7.662123733,1218,0.000000000,12.100,49,0,0,1,true,1218
8,4,rest,0,7.668354978,7.674343353,1218,0.000000000,12.100,49,0,0,1,true,1218
8,4,rest,0,7.680159078,7.686195428,1218,0.000000000,12.100,49,0,0,1,true,1218
8,4,rest,0,7.692316789,7.698345663,1218,0.000000000,12.100,49,0,0,1,true,1218
8,4,rest,0,7.704113111,7.710220124,1218,0.000000000,12.100,49,0,0,1,true,1218
8,4,rest,0,7.716042273,7.722242058,1218,0.000000000,12.100,49,0,0,1,true,1218
8,4,rest,0,7.728120087,7.734156956,1218,0.000000000,12.100,49,0,0,1,true,1218
8,4,rest,0,7.740218452,7.746150343,1218,0.000000000,12.100,49,0,0,1,true,1218
8,4,rest,0,7.752215670,7.758155348,1218,0.000000000,12.100,49,0,0,1,true,1218
8,4,rest,0,7.764109362,7.770571265,1218,0.000000000,12.100,49,0,0,1,true,1218
8,4,rest,0,7.776107170,7.782041433,1218,0.000000000,12.100,49,0,0,1,true,1218
8,4,rest,0,7.788175522,7.794358318,1218,0.000000000,12.100,49,0,0,1,true,1218
8,4,rest,0,7.800309871,7.806149003,1218,0.000000000,12.100,49,0,0,1,true,1218
9,4,pulse,-50,7.896292288,7.902365088,1218,0.000000000,12.100,49,0,0,0,true,1218
9,4,pulse,-50,7.908448905,7.914329868,1218,0.000000000,12.100,49,0,0,0,true,1218
9,4,pulse,-50,7.920385704,7.926141273,1217,-0.153398079,12.100,49,0,0,0,true,1217
9,4,pulse,-50,7.932287741,7.938317830,1216,-0.153398079,12.100,49,0,0,0,true,1216
9,4,pulse,-50,7.944249063,7.950277556,1214,-0.153398079,12.100,49,0,0,0,true,1214
9,4,pulse,-50,7.956183607,7.962208984,1213,-0.153398079,12.100,49,0,0,0,true,1213
9,4,pulse,-50,7.968295322,7.974129341,1212,-0.153398079,12.100,49,0,0,0,true,1212
9,4,pulse,-50,7.980335709,7.986108552,1210,-0.153398079,12.100,49,0,0,0,true,1210
9,4,rest,0,7.998221973,8.004355489,1208,-0.230097118,12.100,49,0,0,1,true,1208
9,4,rest,0,8.010206472,8.016249672,1208,-0.153398079,12.100,49,0,0,1,true,1208
9,4,rest,0,8.022331686,8.028037200,1208,0.000000000,12.100,49,0,0,1,true,1208
9,4,rest,0,8.034196327,8.040248277,1208,0.000000000,12.100,49,0,0,1,true,1208
9,4,rest,0,8.046152354,8.052181447,1208,0.000000000,12.100,49,0,0,1,true,1208
9,4,rest,0,8.058106784,8.064191419,1208,0.000000000,12.100,49,0,0,1,true,1208
9,4,rest,0,8.070235516,8.076406581,1208,0.000000000,12.100,49,0,0,1,true,1208
9,4,rest,0,8.082333717,8.088265448,1208,0.000000000,12.100,49,0,0,1,true,1208
9,4,rest,0,8.094286857,8.100129531,1208,0.000000000,12.100,49,0,0,1,true,1208
9,4,rest,0,8.106239910,8.112269176,1208,0.000000000,12.100,49,0,0,1,true,1208
9,4,rest,0,8.118261965,8.124248820,1208,0.000000000,12.100,49,0,0,1,true,1208
9,4,rest,0,8.130155116,8.136198181,1208,0.000000000,12.100,49,0,0,1,true,1208
9,4,rest,0,8.142287835,8.148219116,1208,0.000000000,12.100,49,0,0,1,true,1208
9,4,rest,0,8.154274345,8.160260773,1208,0.000000000,12.100,49,0,0,1,true,1208
9,4,rest,0,8.166012022,8.172182365,1208,0.000000000,12.100,49,0,0,1,true,1208
9,4,rest,0,8.178244277,8.184237096,1208,0.000000000,12.100,49,0,0,1,true,1208
9,4,rest,0,8.190210778,8.196165181,1208,0.000000000,12.100,49,0,0,1,true,1208
9,4,rest,0,8.202039031,8.208100277,1208,0.000000000,12.100,49,0,0,1,true,1208
9,4,rest,0,8.214079302,8.220148117,1208,0.000000000,12.100,49,0,0,1,true,1208
9,4,rest,0,8.244216055,8.250130013,1208,0.000000000,12.100,49,0,0,1,true,1208
9,4,rest,0,8.256192495,8.262195431,1208,0.000000000,12.100,49,0,0,1,true,1208
9,4,rest,0,8.268033985,8.274256242,1208,0.000000000,12.100,49,0,0,1,true,1208
9,4,rest,0,8.280143877,8.286170442,1208,0.000000000,12.100,49,0,0,1,true,1208
9,4,rest,0,8.292167838,8.298146947,1208,0.000000000,12.100,49,0,0,1,true,1208
9,4,rest,0,8.304058612,8.310168204,1208,0.000000000,12.100,49,0,0,1,true,1208
9,4,rest,0,8.316190552,8.322276788,1208,0.000000000,12.100,49,0,0,1,true,1208
9,4,rest,0,8.328038547,8.334082839,1208,0.000000000,12.100,49,0,0,1,true,1208
9,4,rest,0,8.340107406,8.346125862,1208,0.000000000,12.100,49,0,0,1,true,1208
9,4,rest,0,8.352071121,8.358021537,1208,0.000000000,12.100,49,0,0,1,true,1208
9,4,rest,0,8.364197617,8.370221752,1208,0.000000000,12.100,49,0,0,1,true,1208
9,4,rest,0,8.376071964,8.382067071,1208,0.000000000,12.100,49,0,0,1,true,1208
9,4,rest,0,8.388366771,8.394017542,1208,0.000000000,12.100,49,0,0,1,true,1208
9,4,rest,0,8.400032206,8.406150924,1208,0.000000000,12.100,49,0,0,1,true,1208
9,4,rest,0,8.412057847,8.418259068,1208,0.000000000,12.100,49,0,0,1,true,1208
9,4,rest,0,8.424177302,8.430194351,1208,0.000000000,12.100,49,0,0,1,true,1208
9,4,rest,0,8.436106510,8.442239121,1208,0.000000000,12.100,49,0,0,1,true,1208
9,4,rest,0,8.448175004,8.454002981,1208,0.000000000,12.100,49,0,0,1,true,1208
9,4,rest,0,8.460093121,8.466120861,1208,0.000000000,12.100,49,0,0,1,true,1208
9,4,rest,0,8.472496510,8.478188674,1208,0.000000000,12.100,49,0,0,1,true,1208
9,4,rest,0,8.484205527,8.490241068,1208,0.000000000,12.100,49,0,0,1,true,1208
9,4,rest,0,8.496076642,8.502151726,1208,0.000000000,12.100,49,0,0,1,true,1208
9,4,rest,0,8.508124536,8.514179812,1208,0.000000000,12.100,49,0,0,1,true,1208
9,4,rest,0,8.520270086,8.526086033,1208,0.000000000,12.100,49,0,0,1,true,1208
9,4,rest,0,8.532138927,8.538178806,1208,0.000000000,12.100,49,0,0,1,true,1208
9,4,rest,0,8.544101447,8.550127528,1208,0.000000000,12.100,49,0,0,1,true,1208
9,4,rest,0,8.556019761,8.562013360,1208,0.000000000,12.100,49,0,0,1,true,1208
9,4,rest,0,8.568085546,8.574041269,1208,0.000000000,12.100,49,0,0,1,true,1208
9,4,rest,0,8.580242471,8.586193401,1208,0.000000000,12.100,49,0,0,1,true,1208
10,4,pulse,50,8.676200035,8.682218829,1208,0.000000000,12.100,49,0,0,0,true,1208
10,4,pulse,50,8.688130302,8.694060944,1209,0.153398079,12.100,49,0,0,0,true,1209
10,4,pulse,50,8.700046229,8.706146137,1210,0.000000000,12.100,49,0,0,0,true,1210
10,4,pulse,50,8.712202782,8.718095964,1211,0.153398079,12.100,49,0,0,0,true,1211
10,4,pulse,50,8.724142143,8.730157479,1212,0.076699039,12.100,49,0,0,0,true,1212
10,4,pulse,50,8.736007655,8.742000702,1213,0.230097118,12.100,49,0,0,0,true,1213
10,4,pulse,50,8.747997046,8.754261409,1214,0.153398079,12.100,49,0,0,0,true,1214
10,4,pulse,50,8.760053481,8.766163026,1216,0.153398079,12.100,49,0,0,0,true,1216
10,4,rest,0,8.778101651,8.784360646,1218,0.230097118,12.100,49,0,0,1,true,1218
10,4,rest,0,8.790155981,8.796182922,1218,0.153398079,12.100,49,0,0,1,true,1218
10,4,rest,0,8.802090743,8.808251139,1218,0.000000000,12.100,49,0,0,1,true,1218
10,4,rest,0,8.814069896,8.820233831,1218,0.000000000,12.100,49,0,0,1,true,1218
10,4,rest,0,8.826210004,8.831992153,1218,0.000000000,12.100,49,0,0,1,true,1218
10,4,rest,0,8.838198867,8.844234187,1218,0.000000000,12.100,49,0,0,1,true,1218
10,4,rest,0,8.850154565,8.856105825,1218,0.000000000,12.100,49,0,0,1,true,1218
10,4,rest,0,8.861979290,8.868015800,1218,0.000000000,12.100,49,0,0,1,true,1218
10,4,rest,0,8.874045498,8.880144864,1218,0.000000000,12.100,49,0,0,1,true,1218
10,4,rest,0,8.886043737,8.892198787,1218,0.000000000,12.100,49,0,0,1,true,1218
10,4,rest,0,8.897938489,8.904024674,1218,0.000000000,12.100,49,0,0,1,true,1218
10,4,rest,0,8.910054340,8.916172457,1218,0.000000000,12.100,49,0,0,1,true,1218
10,4,rest,0,8.922222360,8.928098699,1218,0.000000000,12.100,49,0,0,1,true,1218
10,4,rest,0,8.933995850,8.940186198,1218,0.000000000,12.100,49,0,0,1,true,1218
10,4,rest,0,8.946215890,8.952270300,1218,0.000000000,12.100,49,0,0,1,true,1218
10,4,rest,0,8.958141301,8.964192611,1218,0.000000000,12.100,49,0,0,1,true,1218
10,4,rest,0,8.970185473,8.975983292,1218,0.000000000,12.100,49,0,0,1,true,1218
10,4,rest,0,8.982083442,8.988150054,1218,0.000000000,12.100,49,0,0,1,true,1218
10,4,rest,0,8.994021876,8.999998848,1218,0.000000000,12.100,49,0,0,1,true,1218
10,4,rest,0,9.006161874,9.012244446,1218,0.000000000,12.100,49,0,0,1,true,1218
10,4,rest,0,9.017993248,9.024010191,1218,0.000000000,12.100,49,0,0,1,true,1218
10,4,rest,0,9.030080042,9.036111058,1218,0.000000000,12.100,49,0,0,1,true,1218
10,4,rest,0,9.041954515,9.048237766,1218,0.000000000,12.100,49,0,0,1,true,1218
10,4,rest,0,9.054111626,9.060149907,1218,0.000000000,12.100,49,0,0,1,true,1218
10,4,rest,0,9.066129687,9.072004531,1218,0.000000000,12.100,49,0,0,1,true,1218
10,4,rest,0,9.077959370,9.083985500,1218,0.000000000,12.100,49,0,0,1,true,1218
10,4,rest,0,9.090144315,9.096126745,1218,0.000000000,12.100,49,0,0,1,true,1218
10,4,rest,0,9.102030496,9.108151447,1218,0.000000000,12.100,49,0,0,1,true,1218
10,4,rest,0,9.114064236,9.120063340,1218,0.000000000,12.100,49,0,0,1,true,1218
10,4,rest,0,9.125954265,9.132145094,1218,0.000000000,12.100,49,0,0,1,true,1218
10,4,rest,0,9.138108311,9.144117873,1218,0.000000000,12.100,49,0,0,1,true,1218
10,4,rest,0,9.150172189,9.156301822,1218,0.000000000,12.100,49,0,0,1,true,1218
10,4,rest,0,9.162104014,9.168036080,1218,0.000000000,12.100,49,0,0,1,true,1218
10,4,rest,0,9.174020534,9.180096824,1218,0.000000000,12.100,49,0,0,1,true,1218
10,4,rest,0,9.186070585,9.192075865,1218,0.000000000,12.100,49,0,0,1,true,1218
10,4,rest,0,9.198076494,9.204206082,1218,0.000000000,12.100,49,0,0,1,true,1218
10,4,rest,0,9.209929851,9.215991980,1218,0.000000000,12.100,49,0,0,1,true,1218
10,4,rest,0,9.221976695,9.228155315,1218,0.000000000,12.100,49,0,0,1,true,1218
10,4,rest,0,9.234066525,9.240009875,1218,0.000000000,12.100,49,0,0,1,true,1218
10,4,rest,0,9.246055345,9.252294471,1218,0.000000000,12.100,49,0,0,1,true,1218
10,4,rest,0,9.258270396,9.264104218,1218,0.000000000,12.100,49,0,0,1,true,1218
10,4,rest,0,9.269997005,9.276042592,1218,0.000000000,12.100,49,0,0,1,true,1218
10,4,rest,0,9.281982306,9.288018193,1218,0.000000000,12.100,49,0,0,1,true,1218
10,4,rest,0,9.294177384,9.300109875,1218,0.000000000,12.100,49,0,0,1,true,1218
10,4,rest,0,9.306054385,9.311958187,1218,0.000000000,12.100,49,0,0,1,true,1218
10,4,rest,0,9.318031318,9.323962060,1218,0.000000000,12.100,49,0,0,1,true,1218
10,4,rest,0,9.330005799,9.335937914,1218,0.000000000,12.100,49,0,0,1,true,1218
10,4,rest,0,9.342034054,9.347847111,1218,0.000000000,12.100,49,0,0,1,true,1218
10,4,rest,0,9.353999238,9.360279541,1218,0.000000000,12.100,49,0,0,1,true,1218
10,4,rest,0,9.366407607,9.372075628,1218,0.000000000,12.100,49,0,0,1,true,1218
11,4,pulse,-50,9.462097141,9.467999434,1218,0.000000000,12.100,49,0,0,0,true,1218
11,4,pulse,-50,9.474200955,9.480061639,1218,0.000000000,12.100,49,0,0,0,true,1218
11,4,pulse,-50,9.486136974,9.492094364,1217,0.000000000,12.100,49,0,0,0,true,1217
11,4,pulse,-50,9.498008213,9.504011634,1216,-0.230097118,12.100,49,0,0,0,true,1216
11,4,pulse,-50,9.510058392,9.516163051,1214,-0.153398079,12.100,49,0,0,0,true,1214
11,4,pulse,-50,9.522262651,9.527922379,1213,-0.153398079,12.100,49,0,0,0,true,1213
11,4,pulse,-50,9.533853112,9.540082275,1212,-0.153398079,12.100,49,0,0,0,true,1212
11,4,pulse,-50,9.545976290,9.552323348,1210,-0.230097118,12.100,49,0,0,0,true,1210
11,4,rest,0,9.564289629,9.570223251,1208,-0.230097118,12.100,49,0,0,1,true,1208
11,4,rest,0,9.575995577,9.582110479,1208,0.000000000,12.100,49,0,0,1,true,1208
11,4,rest,0,9.588031807,9.594029699,1208,0.000000000,12.100,49,0,0,1,true,1208
11,4,rest,0,9.600096782,9.605978765,1208,0.000000000,12.100,49,0,0,1,true,1208
11,4,rest,0,9.612146562,9.618086884,1208,0.000000000,12.100,49,0,0,1,true,1208
11,4,rest,0,9.623943260,9.630000797,1208,0.000000000,12.100,49,0,0,1,true,1208
11,4,rest,0,9.636063759,9.641914933,1208,0.000000000,12.100,49,0,0,1,true,1208
11,4,rest,0,9.647808574,9.654159607,1208,0.000000000,12.100,49,0,0,1,true,1208
11,4,rest,0,9.659918799,9.665876565,1208,0.000000000,12.100,49,0,0,1,true,1208
11,4,rest,0,9.671999339,9.678184052,1208,0.000000000,12.100,49,0,0,1,true,1208
11,4,rest,0,9.684115787,9.690153204,1208,0.000000000,12.100,49,0,0,1,true,1208
11,4,rest,0,9.696087441,9.701972720,1208,0.000000000,12.100,49,0,0,1,true,1208
11,4,rest,0,9.707959969,9.714126739,1208,0.000000000,12.100,49,0,0,1,true,1208
11,4,rest,0,9.720084320,9.726143740,1208,0.000000000,12.100,49,0,0,1,true,1208
11,4,rest,0,9.731948204,9.738127520,1208,0.000000000,12.100,49,0,0,1,true,1208
11,4,rest,0,9.744065789,9.749802305,1208,0.000000000,12.100,49,0,0,1,true,1208
11,4,rest,0,9.756171028,9.761998517,1208,0.000000000,12.100,49,0,0,1,true,1208
11,4,rest,0,9.768135757,9.773978069,1208,0.000000000,12.100,49,0,0,1,true,1208
11,4,rest,0,9.779892476,9.786098992,1208,0.000000000,12.100,49,0,0,1,true,1208
11,4,rest,0,9.791958447,9.798037881,1208,0.000000000,12.100,49,0,0,1,true,1208
11,4,rest,0,9.804031437,9.810066887,1208,0.000000000,12.100,49,0,0,1,true,1208
11,4,rest,0,9.815972825,9.822096967,1208,0.000000000,12.100,49,0,0,1,true,1208
11,4,rest,0,9.828003203,9.833916432,1208,0.000000000,12.100,49,0,0,1,true,1208
11,4,rest,0,9.839995411,9.845930325,1208,0.000000000,12.100,49,0,0,1,true,1208
11,4,rest,0,9.852040713,9.858109207,1208,0.000000000,12.100,49,0,0,1,true,1208
11,4,rest,0,9.863913558,9.869905716,1208,0.000000000,12.100,49,0,0,1,true,1208
11,4,rest,0,9.875994514,9.881948476,1208,0.000000000,12.100,49,0,0,1,true,1208
11,4,rest,0,9.887993228,9.894211198,1208,0.000000000,12.100,49,0,0,1,true,1208
11,4,rest,0,9.899962944,9.906160893,1208,0.000000000,12.100,49,0,0,1,true,1208
11,4,rest,0,9.912151972,9.917902404,1208,0.000000000,12.100,49,0,0,1,true,1208
11,4,rest,0,9.924074213,9.929937068,1208,0.000000000,12.100,49,0,0,1,true,1208
11,4,rest,0,9.936004713,9.941835289,1208,0.000000000,12.100,49,0,0,1,true,1208
11,4,rest,0,9.947877035,9.954116041,1208,0.000000000,12.100,49,0,0,1,true,1208
11,4,rest,0,9.960324311,9.965876695,1208,0.000000000,12.100,49,0,0,1,true,1208
11,4,rest,0,9.972044198,9.978015100,1208,0.000000000,12.100,49,0,0,1,true,1208
11,4,rest,0,9.983965291,9.990074000,1208,0.000000000,12.100,49,0,0,1,true,1208
11,4,rest,0,9.995846630,10.001980003,1208,0.000000000,12.100,49,0,0,1,true,1208
11,4,rest,0,10.007987472,10.013933814,1208,0.000000000,12.100,49,0,0,1,true,1208
11,4,rest,0,10.019864307,10.025907913,1208,0.000000000,12.100,49,0,0,1,true,1208
11,4,rest,0,10.031800082,10.038107781,1208,0.000000000,12.100,49,0,0,1,true,1208
11,4,rest,0,10.043996823,10.049906899,1208,0.000000000,12.100,49,0,0,1,true,1208
11,4,rest,0,10.056030663,10.062062434,1208,0.000000000,12.100,49,0,0,1,true,1208
11,4,rest,0,10.068015695,10.074079510,1208,0.000000000,12.100,49,0,0,1,true,1208
11,4,rest,0,10.080049188,10.086025572,1208,0.000000000,12.100,49,0,0,1,true,1208
11,4,rest,0,10.092084302,10.098061554,1208,0.000000000,12.100,49,0,0,1,true,1208
11,4,rest,0,10.104066418,10.110067736,1208,0.000000000,12.100,49,0,0,1,true,1208
11,4,rest,0,10.115988075,10.122116635,1208,0.000000000,12.100,49,0,0,1,true,1208
11,4,rest,0,10.127977919,10.134047727,1208,0.000000000,12.100,49,0,0,1,true,1208
11,4,rest,0,10.140077183,10.145840270,1208,0.000000000,12.100,49,0,0,1,true,1208
11,4,rest,0,10.151913108,10.158012937,1208,0.000000000,12.100,49,0,0,1,true,1208
12,5,pulse,25,10.247967954,10.253905357,2816,0.000000000,12.200,48,0,0,0,true,2816
12,5,pulse,25,10.260091486,10.266079050,2816,0.000000000,12.200,48,0,0,0,true,2816
12,5,pulse,25,10.271931017,10.278203832,2816,0.000000000,12.200,48,0,0,0,true,2816
12,5,pulse,25,10.283927572,10.289961996,2816,0.000000000,12.200,48,0,0,0,true,2816
12,5,pulse,25,10.296031050,10.301903692,2816,0.000000000,12.200,48,0,0,0,true,2816
12,5,pulse,25,10.307932441,10.313972078,2816,0.000000000,12.200,48,0,0,0,true,2816
12,5,pulse,25,10.319872279,10.326098012,2816,0.000000000,12.200,48,0,0,0,true,2816
12,5,pulse,25,10.332005156,10.338073049,2816,0.000000000,12.200,48,0,0,0,true,2816
12,5,rest,0,10.350044202,10.355921095,2816,0.000000000,12.200,48,0,0,1,true,2816
12,5,rest,0,10.362031615,10.367920542,2816,0.000000000,12.200,48,0,0,1,true,2816
12,5,rest,0,10.374047238,10.379928353,2816,0.000000000,12.200,48,0,0,1,true,2816
12,5,rest,0,10.385800167,10.392081064,2816,0.000000000,12.200,48,0,0,1,true,2816
12,5,rest,0,10.398008203,10.404045024,2816,0.000000000,12.200,48,0,0,1,true,2816
12,5,rest,0,10.409953800,10.415974922,2816,0.000000000,12.200,48,0,0,1,true,2816
12,5,rest,0,10.421877784,10.427925016,2816,0.000000000,12.200,48,0,0,1,true,2816
12,5,rest,0,10.434022724,10.439919705,2816,0.000000000,12.200,48,0,0,1,true,2816
12,5,rest,0,10.446052884,10.452097467,2816,0.000000000,12.200,48,0,0,1,true,2816
12,5,rest,0,10.458043165,10.463918251,2816,0.000000000,12.200,48,0,0,1,true,2816
12,5,rest,0,10.470084145,10.475933442,2816,0.000000000,12.200,48,0,0,1,true,2816
12,5,rest,0,10.481811407,10.487867758,2816,0.000000000,12.200,48,0,0,1,true,2816
12,5,rest,0,10.493936855,10.499991009,2816,0.000000000,12.200,48,0,0,1,true,2816
12,5,rest,0,10.505955232,10.511982246,2816,0.000000000,12.200,48,0,0,1,true,2816
12,5,rest,0,10.517884816,10.523917642,2816,0.000000000,12.200,48,0,0,1,true,2816
12,5,rest,0,10.529840977,10.536054774,2816,0.000000000,12.200,48,0,0,1,true,2816
12,5,rest,0,10.541964139,10.547995655,2816,0.000000000,12.200,48,0,0,1,true,2816
12,5,rest,0,10.553899384,10.559928225,2816,0.000000000,12.200,48,0,0,1,true,2816
12,5,rest,0,10.565861165,10.572139819,2816,0.000000000,12.200,48,0,0,1,true,2816
12,5,rest,0,10.577903548,10.583997908,2816,0.000000000,12.200,48,0,0,1,true,2816
12,5,rest,0,10.590411947,10.596081873,2816,0.000000000,12.200,48,0,0,1,true,2816
12,5,rest,0,10.601804580,10.607891814,2816,0.000000000,12.200,48,0,0,1,true,2816
12,5,rest,0,10.613830677,10.619856696,2816,0.000000000,12.200,48,0,0,1,true,2816
12,5,rest,0,10.625831156,10.632022464,2816,0.000000000,12.200,48,0,0,1,true,2816
12,5,rest,0,10.637955066,10.643898796,2816,0.000000000,12.200,48,0,0,1,true,2816
12,5,rest,0,10.649973232,10.655799533,2816,0.000000000,12.200,48,0,0,1,true,2816
12,5,rest,0,10.662023711,10.668020536,2816,0.000000000,12.200,48,0,0,1,true,2816
12,5,rest,0,10.673780336,10.679880606,2816,0.000000000,12.200,48,0,0,1,true,2816
12,5,rest,0,10.685872471,10.691902035,2816,0.000000000,12.200,48,0,0,1,true,2816
12,5,rest,0,10.698035426,10.703922246,2816,0.000000000,12.200,48,0,0,1,true,2816
12,5,rest,0,10.709811171,10.715797753,2816,0.000000000,12.200,48,0,0,1,true,2816
12,5,rest,0,10.721999254,10.728028567,2816,0.000000000,12.200,48,0,0,1,true,2816
12,5,rest,0,10.733945055,10.739980574,2816,0.000000000,12.200,48,0,0,1,true,2816
12,5,rest,0,10.745885466,10.751912016,2816,0.000000000,12.200,48,0,0,1,true,2816
12,5,rest,0,10.757742716,10.763834185,2816,0.000000000,12.200,48,0,0,1,true,2816
12,5,rest,0,10.769838116,10.775780608,2816,0.000000000,12.200,48,0,0,1,true,2816
12,5,rest,0,10.781925945,10.788043040,2816,0.000000000,12.200,48,0,0,1,true,2816
12,5,rest,0,10.794075649,10.799929746,2816,0.000000000,12.200,48,0,0,1,true,2816
12,5,rest,0,10.805885674,10.811830908,2816,0.000000000,12.200,48,0,0,1,true,2816
12,5,rest,0,10.817985118,10.823847808,2816,0.000000000,12.200,48,0,0,1,true,2816
12,5,rest,0,10.829795333,10.836031511,2816,0.000000000,12.200,48,0,0,1,true,2816
12,5,rest,0,10.841978734,10.847759485,2816,0.000000000,12.200,48,0,0,1,true,2816
12,5,rest,0,10.853921893,10.860016166,2816,0.000000000,12.200,48,0,0,1,true,2816
12,5,rest,0,10.865863745,10.872189016,2816,0.000000000,12.200,48,0,0,1,true,2816
12,5,rest,0,10.878094503,10.883876408,2816,0.000000000,12.200,48,0,0,1,true,2816
12,5,rest,0,10.890077772,10.895980366,2816,0.000000000,12.200,48,0,0,1,true,2816
12,5,rest,0,10.901868530,10.907924464,2816,0.000000000,12.200,48,0,0,1,true,2816
12,5,rest,0,10.913887877,10.919920799,2816,0.000000000,12.200,48,0,0,1,true,2816
12,5,rest,0,10.925878826,10.931912698,2816,0.000000000,12.200,48,0,0,1,true,2816
12,5,rest,0,10.937782057,10.943811736,2816,0.000000000,12.200,48,0,0,1,true,2816
13,5,pulse,-25,11.033942801,11.039986843,2816,0.000000000,12.200,48,0,0,0,true,2816
13,5,pulse,-25,11.045920655,11.051952800,2816,0.000000000,12.200,48,0,0,0,true,2816
13,5,pulse,-25,11.057865628,11.063965446,2816,0.000000000,12.200,48,0,0,0,true,2816
13,5,pulse,-25,11.069846959,11.076005612,2816,0.000000000,12.200,48,0,0,0,true,2816
13,5,pulse,-25,11.081838736,11.087848741,2816,0.000000000,12.200,48,0,0,0,true,2816
13,5,pulse,-25,11.093843891,11.099938816,2816,0.000000000,12.200,48,0,0,0,true,2816
13,5,pulse,-25,11.105826085,11.111886884,2816,0.000000000,12.200,48,0,0,0,true,2816
13,5,pulse,-25,11.117900359,11.123921756,2816,0.000000000,12.200,48,0,0,0,true,2816
13,5,rest,0,11.135975610,11.141836793,2816,0.000000000,12.200,48,0,0,1,true,2816
13,5,rest,0,11.147967800,11.153819755,2816,0.000000000,12.200,48,0,0,1,true,2816
13,5,rest,0,11.159995250,11.165908805,2816,0.000000000,12.200,48,0,0,1,true,2816
13,5,rest,0,11.171916383,11.178020551,2816,0.000000000,12.200,48,0,0,1,true,2816
13,5,rest,0,11.183779530,11.189811655,2816,0.000000000,12.200,48,0,0,1,true,2816
13,5,rest,0,11.195927766,11.202052488,2816,0.000000000,12.200,48,0,0,1,true,2816
13,5,rest,0,11.207993347,11.213805367,2816,0.000000000,12.200,48,0,0,1,true,2816
13,5,rest,0,11.219842016,11.226005135,2816,0.000000000,12.200,48,0,0,1,true,2816
13,5,rest,0,11.231909285,11.237945781,2816,0.000000000,12.200,48,0,0,1,true,2816
13,5,rest,0,11.243857246,11.249897073,2816,0.000000000,12.200,48,0,0,1,true,2816
13,5,rest,0,11.255931480,11.261953943,2816,0.000000000,12.200,48,0,0,1,true,2816
13,5,rest,0,11.267888213,11.273998720,2816,0.000000000,12.200,48,0,0,1,true,2816
13,5,rest,0,11.279946815,11.286065900,2816,0.000000000,12.200,48,0,0,1,true,2816
13,5,rest,0,11.291953407,11.298004897,2816,0.000000000,12.200,48,0,0,1,true,2816
13,5,rest,0,11.303931797,11.310011778,2816,0.000000000,12.200,48,0,0,1,true,2816
13,5,rest,0,11.315773550,11.321780395,2816,0.000000000,12.200,48,0,0,1,true,2816
13,5,rest,0,11.327889535,11.333952231,2816,0.000000000,12.200,48,0,0,1,true,2816
13,5,rest,0,11.339996985,11.345865315,2816,0.000000000,12.200,48,0,0,1,true,2816
13,5,rest,0,11.351795695,11.357796245,2816,0.000000000,12.200,48,0,0,1,true,2816
13,5,rest,0,11.363982771,11.370085089,2816,0.000000000,12.200,48,0,0,1,true,2816
13,5,rest,0,11.375987172,11.381923029,2816,0.000000000,12.200,48,0,0,1,true,2816
13,5,rest,0,11.387896117,11.394047189,2816,0.000000000,12.200,48,0,0,1,true,2816
13,5,rest,0,11.399762542,11.405850508,2816,0.000000000,12.200,48,0,0,1,true,2816
13,5,rest,0,11.411925974,11.417931655,2816,0.000000000,12.200,48,0,0,1,true,2816
13,5,rest,0,11.423827996,11.430054417,2816,0.000000000,12.200,48,0,0,1,true,2816
13,5,rest,0,11.435729390,11.441928454,2816,0.000000000,12.200,48,0,0,1,true,2816
13,5,rest,0,11.447733380,11.453689370,2816,0.000000000,12.200,48,0,0,1,true,2816
13,5,rest,0,11.459842464,11.466409182,2816,0.000000000,12.200,48,0,0,1,true,2816
13,5,rest,0,11.471820805,11.477867620,2816,0.000000000,12.200,48,0,0,1,true,2816
13,5,rest,0,11.483786586,11.490029163,2816,0.000000000,12.200,48,0,0,1,true,2816
13,5,rest,0,11.495731362,11.501797600,2816,0.000000000,12.200,48,0,0,1,true,2816
13,5,rest,0,11.507921835,11.513937620,2816,0.000000000,12.200,48,0,0,1,true,2816
13,5,rest,0,11.519758750,11.525813690,2816,0.000000000,12.200,48,0,0,1,true,2816
13,5,rest,0,11.531926262,11.538062850,2816,0.000000000,12.200,48,0,0,1,true,2816
13,5,rest,0,11.543931648,11.549841220,2816,0.000000000,12.200,48,0,0,1,true,2816
13,5,rest,0,11.555937444,11.561857374,2816,0.000000000,12.200,48,0,0,1,true,2816
13,5,rest,0,11.567978059,11.573978788,2816,0.000000000,12.200,48,0,0,1,true,2816
13,5,rest,0,11.579845667,11.585925299,2816,0.000000000,12.200,48,0,0,1,true,2816
13,5,rest,0,11.591934095,11.597865497,2816,0.000000000,12.200,48,0,0,1,true,2816
13,5,rest,0,11.603859345,11.609848859,2816,0.000000000,12.200,48,0,0,1,true,2816
13,5,rest,0,11.615736529,11.621790201,2816,0.000000000,12.200,48,0,0,1,true,2816
13,5,rest,0,11.627905242,11.633706115,2816,0.000000000,12.200,48,0,0,1,true,2816
13,5,rest,0,11.639875061,11.645720155,2816,0.000000000,12.200,48,0,0,1,true,2816
13,5,rest,0,11.651953676,11.657931273,2816,0.000000000,12.200,48,0,0,1,true,2816
13,5,rest,0,11.663940251,11.669886242,2816,0.000000000,12.200,48,0,0,1,true,2816
13,5,rest,0,11.675966557,11.681951084,2816,0.000000000,12.200,48,0,0,1,true,2816
13,5,rest,0,11.687943064,11.693837683,2816,0.000000000,12.200,48,0,0,1,true,2816
13,5,rest,0,11.699754960,11.705821973,2816,0.000000000,12.200,48,0,0,1,true,2816
13,5,rest,0,11.711717558,11.717727453,2816,0.000000000,12.200,48,0,0,1,true,2816
13,5,rest,0,11.723906934,11.729718442,2816,0.000000000,12.200,48,0,0,1,true,2816
14,5,pulse,25,11.819949419,11.825830890,2816,0.000000000,12.200,48,0,0,0,true,2816
14,5,pulse,25,11.831803360,11.837862621,2816,0.000000000,12.200,48,0,0,0,true,2816
14,5,pulse,25,11.843662468,11.849696768,2816,0.000000000,12.200,48,0,0,0,true,2816
14,5,pulse,25,11.855861325,11.861960306,2816,0.000000000,12.200,48,0,0,0,true,2816
14,5,pulse,25,11.867950482,11.873924664,2816,0.000000000,12.200,48,0,0,0,true,2816
14,5,pulse,25,11.879790107,11.885889818,2816,0.000000000,12.200,48,0,0,0,true,2816
14,5,pulse,25,11.891746684,11.897926815,2816,0.000000000,12.200,48,0,0,0,true,2816
14,5,pulse,25,11.903924854,11.909904421,2816,0.000000000,12.200,48,0,0,0,true,2816
14,5,rest,0,11.921759985,11.927870924,2816,0.000000000,12.200,48,0,0,1,true,2816
14,5,rest,0,11.933749484,11.939740431,2816,0.000000000,12.200,48,0,0,1,true,2816
14,5,rest,0,11.945898148,11.951740268,2816,0.000000000,12.200,48,0,0,1,true,2816
14,5,rest,0,11.957793754,11.964393537,2816,0.000000000,12.200,48,0,0,1,true,2816
14,5,rest,0,11.969997057,11.975775494,2816,0.000000000,12.200,48,0,0,1,true,2816
14,5,rest,0,11.981777261,11.987986030,2816,0.000000000,12.200,48,0,0,1,true,2816
14,5,rest,0,11.993858842,12.000014513,2816,0.000000000,12.200,48,0,0,1,true,2816
14,5,rest,0,12.006020850,12.011802781,2816,0.000000000,12.200,48,0,0,1,true,2816
14,5,rest,0,12.017729891,12.023766104,2816,0.000000000,12.200,48,0,0,1,true,2816
14,5,rest,0,12.029768036,12.035746448,2816,0.000000000,12.200,48,0,0,1,true,2816
14,5,rest,0,12.041684516,12.047702301,2816,0.000000000,12.200,48,0,0,1,true,2816
14,5,rest,0,12.053856307,12.059675716,2816,0.000000000,12.200,48,0,0,1,true,2816
14,5,rest,0,12.065755498,12.071945958,2816,0.000000000,12.200,48,0,0,1,true,2816
14,5,rest,0,12.077985993,12.083942214,2816,0.000000000,12.200,48,0,0,1,true,2816
14,5,rest,0,12.089907791,12.095817556,2816,0.000000000,12.200,48,0,0,1,true,2816
14,5,rest,0,12.101658301,12.107865093,2816,0.000000000,12.200,48,0,0,1,true,2816
14,5,rest,0,12.113737816,12.119833058,2816,0.000000000,12.200,48,0,0,1,true,2816
14,5,rest,0,12.125777694,12.131859994,2816,0.000000000,12.200,48,0,0,1,true,2816
14,5,rest,0,12.137815822,12.143866366,2816,0.000000000,12.200,48,0,0,1,true,2816
14,5,rest,0,12.149727983,12.155680823,2816,0.000000000,12.200,48,0,0,1,true,2816
14,5,rest,0,12.161820128,12.168031418,2816,0.000000000,12.200,48,0,0,1,true,2816
14,5,rest,0,12.173924374,12.179696889,2816,0.000000000,12.200,48,0,0,1,true,2816
14,5,rest,0,12.185751480,12.191652577,2816,0.000000000,12.200,48,0,0,1,true,2816
14,5,rest,0,12.197732400,12.203730363,2816,0.000000000,12.200,48,0,0,1,true,2816
14,5,rest,0,12.209895164,12.215853666,2816,0.000000000,12.200,48,0,0,1,true,2816
14,5,rest,0,12.221767169,12.228035900,2816,0.000000000,12.200,48,0,0,1,true,2816
14,5,rest,0,12.233842423,12.239800555,2816,0.000000000,12.200,48,0,0,1,true,2816
14,5,rest,0,12.245922053,12.251796222,2816,0.000000000,12.200,48,0,0,1,true,2816
14,5,rest,0,12.257873826,12.263925539,2816,0.000000000,12.200,48,0,0,1,true,2816
14,5,rest,0,12.269798135,12.275921652,2816,0.000000000,12.200,48,0,0,1,true,2816
14,5,rest,0,12.281823070,12.287973838,2816,0.000000000,12.200,48,0,0,1,true,2816
14,5,rest,0,12.293811125,12.299810085,2816,0.000000000,12.200,48,0,0,1,true,2816
14,5,rest,0,12.305809928,12.311910053,2816,0.000000000,12.200,48,0,0,1,true,2816
14,5,rest,0,12.317885358,12.323958075,2816,0.000000000,12.200,48,0,0,1,true,2816
14,5,rest,0,12.329863003,12.335706946,2816,0.000000000,12.200,48,0,0,1,true,2816
14,5,rest,0,12.341848686,12.347902953,2816,0.000000000,12.200,48,0,0,1,true,2816
14,5,rest,0,12.353660943,12.359705804,2816,0.000000000,12.200,48,0,0,1,true,2816
14,5,rest,0,12.365820916,12.371828568,2816,0.000000000,12.200,48,0,0,1,true,2816
14,5,rest,0,12.377860707,12.383737098,2816,0.000000000,12.200,48,0,0,1,true,2816
14,5,rest,0,12.389745665,12.395719863,2816,0.000000000,12.200,48,0,0,1,true,2816
14,5,rest,0,12.401691868,12.407848653,2816,0.000000000,12.200,48,0,0,1,true,2816
14,5,rest,0,12.413757872,12.419790237,2816,0.000000000,12.200,48,0,0,1,true,2816
14,5,rest,0,12.425745305,12.431744703,2816,0.000000000,12.200,48,0,0,1,true,2816
14,5,rest,0,12.437675551,12.443640713,2816,0.000000000,12.200,48,0,0,1,true,2816
14,5,rest,0,12.449647787,12.455575962,2816,0.000000000,12.200,48,0,0,1,true,2816
14,5,rest,0,12.461619264,12.467943641,2816,0.000000000,12.200,48,0,0,1,true,2816
14,5,rest,0,12.473705684,12.479625678,2816,0.000000000,12.200,48,0,0,1,true,2816
14,5,rest,0,12.485680762,12.491778217,2816,0.000000000,12.200,48,0,0,1,true,2816
14,5,rest,0,12.497666985,12.503817208,2816,0.000000000,12.200,48,0,0,1,true,2816
14,5,rest,0,12.509865399,12.515875522,2816,0.000000000,12.200,48,0,0,1,true,2816
15,5,pulse,-25,12.605612766,12.611898498,2816,0.000000000,12.200,48,0,0,0,true,2816
15,5,pulse,-25,12.617823607,12.623869270,2816,0.000000000,12.200,48,0,0,0,true,2816
15,5,pulse,-25,12.629864917,12.635840994,2816,0.000000000,12.200,48,0,0,0,true,2816
15,5,pulse,-25,12.641638837,12.647622395,2816,0.000000000,12.200,48,0,0,0,true,2816
15,5,pulse,-25,12.653802000,12.659908325,2816,0.000000000,12.200,48,0,0,0,true,2816
15,5,pulse,-25,12.665837667,12.671813367,2816,0.000000000,12.200,48,0,0,0,true,2816
15,5,pulse,-25,12.677994818,12.683794727,2816,0.000000000,12.200,48,0,0,0,true,2816
15,5,pulse,-25,12.689667528,12.695647052,2816,0.000000000,12.200,48,0,0,0,true,2816
15,5,rest,0,12.707638884,12.713763851,2816,0.000000000,12.200,48,0,0,1,true,2816
15,5,rest,0,12.719759244,12.725813288,2816,0.000000000,12.200,48,0,0,1,true,2816
15,5,rest,0,12.731567267,12.737800303,2816,0.000000000,12.200,48,0,0,1,true,2816
15,5,rest,0,12.743726659,12.749758900,2816,0.000000000,12.200,48,0,0,1,true,2816
15,5,rest,0,12.755663132,12.761653212,2816,0.000000000,12.200,48,0,0,1,true,2816
15,5,rest,0,12.767579750,12.773625197,2816,0.000000000,12.200,48,0,0,1,true,2816
15,5,rest,0,12.779894710,12.785735693,2816,0.000000000,12.200,48,0,0,1,true,2816
15,5,rest,0,12.791716202,12.797633135,2816,0.000000000,12.200,48,0,0,1,true,2816
15,5,rest,0,12.803763764,12.809773292,2816,0.000000000,12.200,48,0,0,1,true,2816
15,5,rest,0,12.815682363,12.821961057,2816,0.000000000,12.200,48,0,0,1,true,2816
15,5,rest,0,12.827814639,12.833693784,2816,0.000000000,12.200,48,0,0,1,true,2816
15,5,rest,0,12.839816832,12.845814945,2816,0.000000000,12.200,48,0,0,1,true,2816
15,5,rest,0,12.851733912,12.857706420,2816,0.000000000,12.200,48,0,0,1,true,2816
15,5,rest,0,12.863742468,12.869625883,2816,0.000000000,12.200,48,0,0,1,true,2816
15,5,rest,0,12.875727280,12.881642474,2816,0.000000000,12.200,48,0,0,1,true,2816
15,5,rest,0,12.887761373,12.893794811,2816,0.000000000,12.200,48,0,0,1,true,2816
15,5,rest,0,12.899633838,12.905629671,2816,0.000000000,12.200,48,0,0,1,true,2816
15,5,rest,0,12.911708878,12.917858203,2816,0.000000000,12.200,48,0,0,1,true,2816
15,5,rest,0,12.923963711,12.929941180,2816,0.000000000,12.200,48,0,0,1,true,2816
15,5,rest,0,12.935836959,12.941790247,2816,0.000000000,12.200,48,0,0,1,true,2816
15,5,rest,0,12.947937096,12.953852701,2816,0.000000000,12.200,48,0,0,1,true,2816
15,5,rest,0,12.959868606,12.965969115,2816,0.000000000,12.200,48,0,0,1,true,2816
15,5,rest,0,12.971886941,12.977841329,2816,0.000000000,12.200,48,0,0,1,true,2816
15,5,rest,0,12.983765901,12.989680130,2816,0.000000000,12.200,48,0,0,1,true,2816
15,5,rest,0,12.995796948,13.001824669,2816,0.000000000,12.200,48,0,0,1,true,2816
15,5,rest,0,13.007744728,13.013848066,2816,0.000000000,12.200,48,0,0,1,true,2816
15,5,rest,0,13.019669838,13.025618666,2816,0.000000000,12.200,48,0,0,1,true,2816
15,5,rest,0,13.031537656,13.037686476,2816,0.000000000,12.200,48,0,0,1,true,2816
15,5,rest,0,13.043799426,13.049754306,2816,0.000000000,12.200,48,0,0,1,true,2816
15,5,rest,0,13.055691679,13.061816915,2816,0.000000000,12.200,48,0,0,1,true,2816
15,5,rest,0,13.067955924,13.073903016,2816,0.000000000,12.200,48,0,0,1,true,2816
15,5,rest,0,13.079827554,13.085939455,2816,0.000000000,12.200,48,0,0,1,true,2816
15,5,rest,0,13.091817795,13.097854205,2816,0.000000000,12.200,48,0,0,1,true,2816
15,5,rest,0,13.103928173,13.109839030,2816,0.000000000,12.200,48,0,0,1,true,2816
15,5,rest,0,13.115939494,13.121803898,2816,0.000000000,12.200,48,0,0,1,true,2816
15,5,rest,0,13.127851309,13.133650546,2816,0.000000000,12.200,48,0,0,1,true,2816
15,5,rest,0,13.139673853,13.145712078,2816,0.000000000,12.200,48,0,0,1,true,2816
15,5,rest,0,13.152129710,13.157739947,2816,0.000000000,12.200,48,0,0,1,true,2816
15,5,rest,0,13.163819883,13.169750900,2816,0.000000000,12.200,48,0,0,1,true,2816
15,5,rest,0,13.175755681,13.181655930,2816,0.000000000,12.200,48,0,0,1,true,2816
15,5,rest,0,13.187819924,13.193734302,2816,0.000000000,12.200,48,0,0,1,true,2816
15,5,rest,0,13.199829467,13.205830193,2816,0.000000000,12.200,48,0,0,1,true,2816
15,5,rest,0,13.211760374,13.217560860,2816,0.000000000,12.200,48,0,0,1,true,2816
15,5,rest,0,13.223556566,13.229598232,2816,0.000000000,12.200,48,0,0,1,true,2816
15,5,rest,0,13.235731336,13.241680112,2816,0.000000000,12.200,48,0,0,1,true,2816
15,5,rest,0,13.247697221,13.253798391,2816,0.000000000,12.200,48,0,0,1,true,2816
15,5,rest,0,13.259718967,13.265594930,2816,0.000000000,12.200,48,0,0,1,true,2816
15,5,rest,0,13.271772186,13.277769926,2816,0.000000000,12.200,48,0,0,1,true,2816
15,5,rest,0,13.283575647,13.289715221,2816,0.000000000,12.200,48,0,0,1,true,2816
15,5,rest,0,13.295740590,13.301760779,2816,0.000000000,12.200,48,0,0,1,true,2816
16,5,pulse,25,13.391765075,13.397643775,2816,0.000000000,12.200,48,0,0,0,true,2816
16,5,pulse,25,13.403811330,13.409788045,2816,0.000000000,12.200,48,0,0,0,true,2816
16,5,pulse,25,13.415697690,13.421626259,2816,0.000000000,12.200,48,0,0,0,true,2816
16,5,pulse,25,13.427727199,13.433768529,2816,0.000000000,12.200,48,0,0,0,true,2816
16,5,pulse,25,13.439566466,13.445647302,2816,0.000000000,12.200,48,0,0,0,true,2816
16,5,pulse,25,13.451541944,13.457560090,2816,0.000000000,12.200,48,0,0,0,true,2816
16,5,pulse,25,13.463726218,13.469499028,2816,0.000000000,12.200,48,0,0,0,true,2816
16,5,pulse,25,13.475732791,13.481689211,2816,0.000000000,12.200,48,0,0,0,true,2816
16,5,rest,0,13.493704271,13.499735285,2816,0.000000000,12.200,48,0,0,1,true,2816
16,5,rest,0,13.505753514,13.511817884,2816,0.000000000,12.200,48,0,0,1,true,2816
16,5,rest,0,13.517614160,13.523734586,2816,0.000000000,12.200,48,0,0,1,true,2816
16,5,rest,0,13.529739480,13.535746454,2816,0.000000000,12.200,48,0,0,1,true,2816
16,5,rest,0,13.541524445,13.547605385,2816,0.000000000,12.200,48,0,0,1,true,2816
16,5,rest,0,13.553550621,13.559601501,2816,0.000000000,12.200,48,0,0,1,true,2816
16,5,rest,0,13.565775855,13.571766048,2816,0.000000000,12.200,48,0,0,1,true,2816
16,5,rest,0,13.577773255,13.583935377,2816,0.000000000,12.200,48,0,0,1,true,2816
16,5,rest,0,13.589871825,13.595761689,2816,0.000000000,12.200,48,0,0,1,true,2816
16,5,rest,0,13.601893019,13.607642822,2816,0.000000000,12.200,48,0,0,1,true,2816
16,5,rest,0,13.613884213,13.619714176,2816,0.000000000,12.200,48,0,0,1,true,2816
16,5,rest,0,13.625702475,13.631728988,2816,0.000000000,12.200,48,0,0,1,true,2816
16,5,rest,0,13.637643239,13.643717041,2816,0.000000000,12.200,48,0,0,1,true,2816
16,5,rest,0,13.649557908,13.655715000,2816,0.000000000,12.200,48,0,0,1,true,2816
16,5,rest,0,13.661639441,13.667688595,2816,0.000000000,12.200,48,0,0,1,true,2816
16,5,rest,0,13.673995875,13.679651646,2816,0.000000000,12.200,48,0,0,1,true,2816
16,5,rest,0,13.685808947,13.691867628,2816,0.000000000,12.200,48,0,0,1,true,2816
16,5,rest,0,13.697634012,13.703663039,2816,0.000000000,12.200,48,0,0,1,true,2816
16,5,rest,0,13.709596077,13.715642775,2816,0.000000000,12.200,48,0,0,1,true,2816
16,5,rest,0,13.721545661,13.727802585,2816,0.000000000,12.200,48,0,0,1,true,2816
16,5,rest,0,13.733764558,13.739735991,2816,0.000000000,12.200,48,0,0,1,true,2816
16,5,rest,0,13.745784796,13.751829610,2816,0.000000000,12.200,48,0,0,1,true,2816
16,5,rest,0,13.757719740,13.763553946,2816,0.000000000,12.200,48,0,0,1,true,2816
16,5,rest,0,13.769601390,13.775757455,2816,0.000000000,12.200,48,0,0,1,true,2816
16,5,rest,0,13.781818489,13.787763827,2816,0.000000000,12.200,48,0,0,1,true,2816
16,5,rest,0,13.793722526,13.799583216,2816,0.000000000,12.200,48,0,0,1,true,2816
16,5,rest,0,13.805475644,13.811503132,2816,0.000000000,12.200,48,0,0,1,true,2816
16,5,rest,0,13.817710789,13.823717399,2816,0.000000000,12.200,48,0,0,1,true,2816
16,5,rest,0,13.829617861,13.835640748,2816,0.000000000,12.200,48,0,0,1,true,2816
16,5,rest,0,13.841625500,13.847619364,2816,0.000000000,12.200,48,0,0,1,true,2816
16,5,rest,0,13.853387204,13.859572774,2816,0.000000000,12.200,48,0,0,1,true,2816
16,5,rest,0,13.865621513,13.871415842,2816,0.000000000,12.200,48,0,0,1,true,2816
16,5,rest,0,13.877842531,13.883712333,2816,0.000000000,12.200,48,0,0,1,true,2816
16,5,rest,0,13.889704089,13.895567184,2816,0.000000000,12.200,48,0,0,1,true,2816
16,5,rest,0,13.901609314,13.907504715,2816,0.000000000,12.200,48,0,0,1,true,2816
16,5,rest,0,13.913623006,13.919589595,2816,0.000000000,12.200,48,0,0,1,true,2816
16,5,rest,0,13.925432184,13.931654774,2816,0.000000000,12.200,48,0,0,1,true,2816
16,5,rest,0,13.937419529,13.943641377,2816,0.000000000,12.200,48,0,0,1,true,2816
16,5,rest,0,13.949582249,13.955583057,2816,0.000000000,12.200,48,0,0,1,true,2816
16,5,rest,0,13.961759556,13.967574417,2816,0.000000000,12.200,48,0,0,1,true,2816
16,5,rest,0,13.974028446,13.979877562,2816,0.000000000,12.200,48,0,0,1,true,2816
16,5,rest,0,13.985596935,13.991628544,2816,0.000000000,12.200,48,0,0,1,true,2816
16,5,rest,0,13.997618904,14.003601050,2816,0.000000000,12.200,48,0,0,1,true,2816
16,5,rest,0,14.009498629,14.015774014,2816,0.000000000,12.200,48,0,0,1,true,2816
16,5,rest,0,14.021723844,14.027654959,2816,0.000000000,12.200,48,0,0,1,true,2816
16,5,rest,0,14.033474870,14.039570847,2816,0.000000000,12.200,48,0,0,1,true,2816
16,5,rest,0,14.045611944,14.051550713,2816,0.000000000,12.200,48,0,0,1,true,2816
16,5,rest,0,14.057636169,14.063484662,2816,0.000000000,12.200,48,0,0,1,true,2816
16,5,rest,0,14.069540892,14.076038881,2816,0.000000000,12.200,48,0,0,1,true,2816
16,5,rest,0,14.081575057,14.087923879,2816,0.000000000,12.200,48,0,0,1,true,2816
17,5,pulse,-25,14.177835960,14.183675409,2816,0.000000000,12.200,48,0,0,0,true,2816
17,5,pulse,-25,14.189610879,14.195567747,2816,0.000000000,12.200,48,0,0,0,true,2816
17,5,pulse,-25,14.201626949,14.207767906,2816,0.000000000,12.200,48,0,0,0,true,2816
17,5,pulse,-25,14.213411433,14.219511144,2816,0.000000000,12.200,48,0,0,0,true,2816
17,5,pulse,-25,14.225414930,14.231585972,2816,0.000000000,12.200,48,0,0,0,true,2816
17,5,pulse,-25,14.237952426,14.243597201,2816,0.000000000,12.200,48,0,0,0,true,2816
17,5,pulse,-25,14.249990268,14.255437818,2816,0.000000000,12.200,48,0,0,0,true,2816
17,5,pulse,-25,14.261527418,14.267465730,2816,0.000000000,12.200,48,0,0,0,true,2816
17,5,rest,0,14.279658838,14.285554829,2816,0.000000000,12.200,48,0,0,1,true,2816
17,5,rest,0,14.291557138,14.297473989,2816,0.000000000,12.200,48,0,0,1,true,2816
17,5,rest,0,14.303448276,14.309351098,2816,0.000000000,12.200,48,0,0,1,true,2816
17,5,rest,0,14.315617833,14.321558294,2816,0.000000000,12.200,48,0,0,1,true,2816
17,5,rest,0,14.327437214,14.333520812,2816,0.000000000,12.200,48,0,0,1,true,2816
17,5,rest,0,14.339563115,14.345465636,2816,0.000000000,12.200,48,0,0,1,true,2816
17,5,rest,0,14.351791978,14.357706839,2816,0.000000000,12.200,48,0,0,1,true,2816
17,5,rest,0,14.363569748,14.369689888,2816,0.000000000,12.200,48,0,0,1,true,2816
17,5,rest,0,14.375597260,14.381650803,2816,0.000000000,12.200,48,0,0,1,true,2816
17,5,rest,0,14.387469423,14.393406255,2816,0.000000000,12.200,48,0,0,1,true,2816
17,5,rest,0,14.399437518,14.405845060,2816,0.000000000,12.200,48,0,0,1,true,2816
17,5,rest,0,14.411511230,14.417523216,2816,0.000000000,12.200,48,0,0,1,true,2816
17,5,rest,0,14.423567120,14.429669466,2816,0.000000000,12.200,48,0,0,1,true,2816
17,5,rest,0,14.435488254,14.441451141,2816,0.000000000,12.200,48,0,0,1,true,2816
17,5,rest,0,14.447617160,14.453675445,2816,0.000000000,12.200,48,0,0,1,true,2816
17,5,rest,0,14.459587040,14.465522065,2816,0.000000000,12.200,48,0,0,1,true,2816
17,5,rest,0,14.471512727,14.477936164,2816,0.000000000,12.200,48,0,0,1,true,2816
17,5,rest,0,14.484065742,14.489669954,2816,0.000000000,12.200,48,0,0,1,true,2816
17,5,rest,0,14.495477613,14.501527570,2816,0.000000000,12.200,48,0,0,1,true,2816
17,5,rest,0,14.507649028,14.513344569,2816,0.000000000,12.200,48,0,0,1,true,2816
17,5,rest,0,14.519414576,14.525621388,2816,0.000000000,12.200,48,0,0,1,true,2816
17,5,rest,0,14.531413943,14.537433047,2816,0.000000000,12.200,48,0,0,1,true,2816
17,5,rest,0,14.543674510,14.549631231,2816,0.000000000,12.200,48,0,0,1,true,2816
17,5,rest,0,14.555714579,14.561475691,2816,0.000000000,12.200,48,0,0,1,true,2816
17,5,rest,0,14.567575506,14.573732790,2816,0.000000000,12.200,48,0,0,1,true,2816
17,5,rest,0,14.579667642,14.585834793,2816,0.000000000,12.200,48,0,0,1,true,2816
17,5,rest,0,14.591544323,14.597736727,2816,0.000000000,12.200,48,0,0,1,true,2816
17,5,rest,0,14.603689138,14.609621147,2816,0.000000000,12.200,48,0,0,1,true,2816
17,5,rest,0,14.615519620,14.621723977,2816,0.000000000,12.200,48,0,0,1,true,2816
17,5,rest,0,14.627556106,14.633632129,2816,0.000000000,12.200,48,0,0,1,true,2816
17,5,rest,0,14.639506615,14.645697463,2816,0.000000000,12.200,48,0,0,1,true,2816
17,5,rest,0,14.651467289,14.657611439,2816,0.000000000,12.200,48,0,0,1,true,2816
17,5,rest,0,14.663601276,14.669631413,2816,0.000000000,12.200,48,0,0,1,true,2816
17,5,rest,0,14.675514565,14.681543897,2816,0.000000000,12.200,48,0,0,1,true,2816
17,5,rest,0,14.687697917,14.693581686,2816,0.000000000,12.200,48,0,0,1,true,2816
17,5,rest,0,14.699520136,14.705678063,2816,0.000000000,12.200,48,0,0,1,true,2816
17,5,rest,0,14.711579301,14.717623495,2816,0.000000000,12.200,48,0,0,1,true,2816
17,5,rest,0,14.723515764,14.729694579,2816,0.000000000,12.200,48,0,0,1,true,2816
17,5,rest,0,14.735674814,14.741634732,2816,0.000000000,12.200,48,0,0,1,true,2816
17,5,rest,0,14.747531404,14.753517754,2816,0.000000000,12.200,48,0,0,1,true,2816
17,5,rest,0,14.759456572,14.765629994,2816,0.000000000,12.200,48,0,0,1,true,2816
17,5,rest,0,14.771541662,14.777599777,2816,0.000000000,12.200,48,0,0,1,true,2816
17,5,rest,0,14.783529262,14.789486307,2816,0.000000000,12.200,48,0,0,1,true,2816
17,5,rest,0,14.795456736,14.801560523,2816,0.000000000,12.200,48,0,0,1,true,2816
17,5,rest,0,14.807462078,14.813460320,2816,0.000000000,12.200,48,0,0,1,true,2816
17,5,rest,0,14.819690576,14.825563634,2816,0.000000000,12.200,48,0,0,1,true,2816
17,5,rest,0,14.831479295,14.837510114,2816,0.000000000,12.200,48,0,0,1,true,2816
17,5,rest,0,14.843519276,14.849497273,2816,0.000000000,12.200,48,0,0,1,true,2816
17,5,rest,0,14.855637485,14.861663627,2816,0.000000000,12.200,48,0,0,1,true,2816
17,5,rest,0,14.867582892,14.873450399,2816,0.000000000,12.200,48,0,0,1,true,2816
18,5,pulse,50,14.963432858,14.969467324,2816,0.000000000,12.200,48,2,0,0,true,2816
18,5,pulse,50,14.975417819,14.981560690,2816,0.000000000,12.200,48,2,0,0,true,2816
18,5,pulse,50,14.987626030,14.993705399,2817,0.000000000,12.200,48,2,0,0,true,2817
18,5,pulse,50,14.999528405,15.005627154,2817,0.153398079,12.200,48,2,0,0,true,2817
18,5,pulse,50,15.011602231,15.017457274,2818,0.000000000,12.200,48,1,0,0,true,2818
18,5,pulse,50,15.023586948,15.029367428,2820,0.153398079,12.200,48,1,0,0,true,2820
18,5,pulse,50,15.035523039,15.041550107,2821,0.153398079,12.200,48,1,0,0,true,2821
18,5,pulse,50,15.047466604,15.053442887,2822,0.153398079,12.200,48,1,0,0,true,2822
18,5,rest,0,15.065460811,15.071509727,2824,0.230097118,12.200,48,0,0,1,true,2824
18,5,rest,0,15.077451058,15.083418264,2825,0.153398079,12.200,48,0,0,1,true,2825
18,5,rest,0,15.089583173,15.095642575,2825,0.000000000,12.200,48,0,0,1,true,2825
18,5,rest,0,15.101487968,15.107467151,2825,0.000000000,12.200,48,0,0,1,true,2825
18,5,rest,0,15.113382055,15.119619490,2825,0.000000000,12.200,48,0,0,1,true,2825
18,5,rest,0,15.125544640,15.131564407,2825,0.000000000,12.200,48,0,0,1,true,2825
18,5,rest,0,15.137390734,15.143586701,2825,0.000000000,12.200,48,0,0,1,true,2825
18,5,rest,0,15.149496258,15.155445499,2825,0.000000000,12.200,48,0,0,1,true,2825
18,5,rest,0,15.161429019,15.167435309,2825,0.000000000,12.200,48,0,0,1,true,2825
18,5,rest,0,15.173617402,15.179543422,2825,0.000000000,12.200,48,0,0,1,true,2825
18,5,rest,0,15.185505791,15.191607806,2825,0.000000000,12.200,48,0,0,1,true,2825
18,5,rest,0,15.197403308,15.203646098,2825,0.000000000,12.200,48,0,0,1,true,2825
18,5,rest,0,15.209551665,15.215598880,2825,0.000000000,12.200,48,0,0,1,true,2825
18,5,rest,0,15.221574951,15.227388443,2825,0.000000000,12.200,48,0,0,1,true,2825
18,5,rest,0,15.233597595,15.239567677,2825,0.000000000,12.200,48,0,0,1,true,2825
18,5,rest,0,15.245384226,15.251592011,2825,0.000000000,12.200,48,0,0,1,true,2825
18,5,rest,0,15.257438028,15.263480718,2825,0.000000000,12.200,48,0,0,1,true,2825
18,5,rest,0,15.269376421,15.275632522,2825,0.000000000,12.200,48,0,0,1,true,2825
18,5,rest,0,15.281617758,15.287632161,2825,0.000000000,12.200,48,0,0,1,true,2825
18,5,rest,0,15.293419591,15.299453995,2825,0.000000000,12.200,48,0,0,1,true,2825
18,5,rest,0,15.305529591,15.311552458,2825,0.000000000,12.200,48,0,0,1,true,2825
18,5,rest,0,15.317471607,15.323552402,2825,0.000000000,12.200,48,0,0,1,true,2825
18,5,rest,0,15.329603889,15.335412026,2825,0.000000000,12.200,48,0,0,1,true,2825
18,5,rest,0,15.341386285,15.347407486,2825,0.000000000,12.200,48,0,0,1,true,2825
18,5,rest,0,15.353465312,15.359670226,2825,0.000000000,12.200,48,0,0,1,true,2825
18,5,rest,0,15.365574912,15.371500591,2825,0.000000000,12.200,48,0,0,1,true,2825
18,5,rest,0,15.377438977,15.383457849,2825,0.000000000,12.200,48,0,0,1,true,2825
18,5,rest,0,15.389359341,15.395523657,2825,0.000000000,12.200,48,0,0,1,true,2825
18,5,rest,0,15.401417114,15.407523935,2825,0.000000000,12.200,48,0,0,1,true,2825
18,5,rest,0,15.413582254,15.419627136,2825,0.000000000,12.200,48,0,0,1,true,2825
18,5,rest,0,15.425460988,15.431565745,2825,0.000000000,12.200,48,0,0,1,true,2825
18,5,rest,0,15.437327450,15.443420326,2825,0.000000000,12.200,48,0,0,1,true,2825
18,5,rest,0,15.449392549,15.455565054,2825,0.000000000,12.200,48,0,0,1,true,2825
18,5,rest,0,15.461523687,15.467567969,2825,0.000000000,12.200,48,0,0,1,true,2825
18,5,rest,0,15.473568276,15.479330348,2825,0.000000000,12.200,48,0,0,1,true,2825
18,5,rest,0,15.485526883,15.491514912,2825,0.000000000,12.200,48,0,0,1,true,2825
18,5,rest,0,15.497554169,15.503362349,2825,0.000000000,12.200,48,0,0,1,true,2825
18,5,rest,0,15.509333130,15.515533142,2825,0.000000000,12.200,48,0,0,1,true,2825
18,5,rest,0,15.521455695,15.527484796,2825,0.000000000,12.200,48,0,0,1,true,2825
18,5,rest,0,15.533546550,15.539576282,2825,0.000000000,12.200,48,0,0,1,true,2825
18,5,rest,0,15.545409477,15.551414390,2825,0.000000000,12.200,48,0,0,1,true,2825
18,5,rest,0,15.557458501,15.563530749,2825,0.000000000,12.200,48,0,0,1,true,2825
18,5,rest,0,15.569333767,15.575366832,2825,0.000000000,12.200,48,0,0,1,true,2825
18,5,rest,0,15.581491678,15.587543648,2825,0.000000000,12.200,48,0,0,1,true,2825
18,5,rest,0,15.593420244,15.599614784,2825,0.000000000,12.200,48,0,0,1,true,2825
18,5,rest,0,15.605568810,15.611322052,2825,0.000000000,12.200,48,0,0,1,true,2825
18,5,rest,0,15.617507043,15.623325274,2825,0.000000000,12.200,48,0,0,1,true,2825
18,5,rest,0,15.629441429,15.635551174,2825,0.000000000,12.200,48,0,0,1,true,2825
18,5,rest,0,15.641430553,15.647593350,2825,0.000000000,12.200,48,0,0,1,true,2825
18,5,rest,0,15.653472336,15.659513008,2825,0.000000000,12.200,48,0,0,1,true,2825
19,5,pulse,-50,15.749464944,15.755544904,2825,0.000000000,12.200,48,0,0,0,true,2825
19,5,pulse,-50,15.761533385,15.767515816,2825,0.000000000,12.200,48,1,0,0,true,2825
19,5,pulse,-50,15.773372428,15.779391750,2825,0.000000000,12.200,48,2,0,0,true,2825
19,5,pulse,-50,15.785590275,15.791630505,2824,-0.153398079,12.200,48,1,0,0,true,2824
19,5,pulse,-50,15.797478592,15.803487629,2823,-0.153398079,12.200,48,1,0,0,true,2823
19,5,pulse,-50,15.809475843,15.815294745,2822,-0.153398079,12.200,48,1,0,0,true,2822
19,5,pulse,-50,15.821542053,15.827520495,2820,-0.153398079,12.200,48,1,0,0,true,2820
19,5,pulse,-50,15.833432996,15.839558278,2819,-0.153398079,12.200,48,0,0,0,true,2819
19,5,rest,0,15.851431875,15.857558749,2817,-0.230097118,12.200,48,0,0,1,true,2817
19,5,rest,0,15.863456191,15.869489429,2816,-0.153398079,12.200,48,0,0,1,true,2816
19,5,rest,0,15.875421553,15.881580951,2816,-0.153398079,12.200,48,0,0,1,true,2816
19,5,rest,0,15.887374640,15.893357877,2816,0.000000000,12.200,48,0,0,1,true,2816
19,5,rest,0,15.899354473,15.905440672,2816,0.000000000,12.200,48,0,0,1,true,2816
19,5,rest,0,15.911584123,15.917320860,2816,0.000000000,12.200,48,0,0,1,true,2816
19,5,rest,0,15.923472390,15.929501994,2816,0.000000000,12.200,48,0,0,1,true,2816
19,5,rest,0,15.935556675,15.941563982,2816,0.000000000,12.200,48,0,0,1,true,2816
19,5,rest,0,15.947462431,15.953497616,2816,0.000000000,12.200,48,0,0,1,true,2816
19,5,rest,0,15.959418618,15.965363985,2816,0.000000000,12.200,48,0,0,1,true,2816
19,5,rest,0,15.971576750,15.977507132,2816,0.000000000,12.200,48,0,0,1,true,2816
19,5,rest,0,15.983424985,15.989597865,2816,0.000000000,12.200,48,0,0,1,true,2816
19,5,rest,0,15.995429177,16.001580950,2816,0.000000000,12.200,48,0,0,1,true,2816
19,5,rest,0,16.007553020,16.013389894,2816,0.000000000,12.200,48,0,0,1,true,2816
19,5,rest,0,16.019402249,16.025585594,2816,0.000000000,12.200,48,0,0,1,true,2816
19,5,rest,0,16.031328534,16.037366405,2816,0.000000000,12.200,48,0,0,1,true,2816
19,5,rest,0,16.043558102,16.049511114,2816,0.000000000,12.200,48,0,0,1,true,2816
19,5,rest,0,16.055423684,16.061567654,2816,0.000000000,12.200,48,0,0,1,true,2816
19,5,rest,0,16.067268574,16.073467206,2816,0.000000000,12.200,48,0,0,1,true,2816
19,5,rest,0,16.079441872,16.085553993,2816,0.000000000,12.200,48,0,0,1,true,2816
19,5,rest,0,16.091456579,16.097493534,2816,0.000000000,12.200,48,0,0,1,true,2816
19,5,rest,0,16.103532080,16.109322261,2816,0.000000000,12.200,48,0,0,1,true,2816
19,5,rest,0,16.115488667,16.121421994,2816,0.000000000,12.200,48,0,0,1,true,2816
19,5,rest,0,16.127390889,16.133411667,2816,0.000000000,12.200,48,0,0,1,true,2816
19,5,rest,0,16.139440201,16.145320544,2816,0.000000000,12.200,48,0,0,1,true,2816
19,5,rest,0,16.151485176,16.157543301,2816,0.000000000,12.200,48,0,0,1,true,2816
19,5,rest,0,16.163436681,16.169380318,2816,0.000000000,12.200,48,0,0,1,true,2816
19,5,rest,0,16.175490140,16.181495114,2816,0.000000000,12.200,48,0,0,1,true,2816
19,5,rest,0,16.187521173,16.193400175,2816,0.000000000,12.200,48,0,0,1,true,2816
19,5,rest,0,16.199372198,16.205550417,2816,0.000000000,12.200,48,0,0,1,true,2816
19,5,rest,0,16.211251976,16.217262375,2816,0.000000000,12.200,48,0,0,1,true,2816
19,5,rest,0,16.223437836,16.229373282,2816,0.000000000,12.200,48,0,0,1,true,2816
19,5,rest,0,16.235435734,16.241463836,2816,0.000000000,12.200,48,0,0,1,true,2816
19,5,rest,0,16.247260005,16.253470950,2816,0.000000000,12.200,48,0,0,1,true,2816
19,5,rest,0,16.259466260,16.265476814,2816,0.000000000,12.200,48,0,0,1,true,2816
19,5,rest,0,16.271433610,16.277546667,2816,0.000000000,12.200,48,0,0,1,true,2816
19,5,rest,0,16.283453018,16.289417502,2816,0.000000000,12.200,48,0,0,1,true,2816
19,5,rest,0,16.295359909,16.301424301,2816,0.000000000,12.200,48,0,0,1,true,2816
19,5,rest,0,16.307380495,16.313386593,2816,0.000000000,12.200,48,0,0,1,true,2816
19,5,rest,0,16.319295368,16.325345424,2816,0.000000000,12.200,48,0,0,1,true,2816
19,5,rest,0,16.331266633,16.337426659,2816,0.000000000,12.200,48,0,0,1,true,2816
19,5,rest,0,16.343521189,16.349424561,2816,0.000000000,12.200,48,0,0,1,true,2816
19,5,rest,0,16.355522914,16.361602242,2816,0.000000000,12.200,48,0,0,1,true,2816
19,5,rest,0,16.367580126,16.373570766,2816,0.000000000,12.200,48,0,0,1,true,2816
19,5,rest,0,16.379569131,16.385481844,2816,0.000000000,12.200,48,0,0,1,true,2816
19,5,rest,0,16.391466882,16.397413846,2816,0.000000000,12.200,48,0,0,1,true,2816
19,5,rest,0,16.403475184,16.409368843,2816,0.000000000,12.200,48,0,0,1,true,2816
19,5,rest,0,16.415353697,16.421407003,2816,0.000000000,12.200,48,0,0,1,true,2816
19,5,rest,0,16.427503117,16.433437487,2816,0.000000000,12.200,48,0,0,1,true,2816
19,5,rest,0,16.439404014,16.445327487,2816,0.000000000,12.200,48,0,0,1,true,2816
20,5,pulse,50,16.535506378,16.541443291,2816,0.000000000,12.200,48,2,0,0,true,2816
20,5,pulse,50,16.547366935,16.553393911,2816,0.000000000,12.200,48,3,0,0,true,2816
20,5,pulse,50,16.559253897,16.565417905,2817,0.000000000,12.200,48,2,0,0,true,2817
20,5,pulse,50,16.571477240,16.577482813,2818,0.076699039,12.200,48,2,0,0,true,2818
20,5,pulse,50,16.583445538,16.589506863,2819,0.076699039,12.200,48,1,0,0,true,2819
20,5,pulse,50,16.595319171,16.601281147,2820,0.153398079,12.200,48,1,0,0,true,2820
20,5,pulse,50,16.607388670,16.613378457,2821,0.076699039,12.200,48,1,0,0,true,2821
20,5,pulse,50,16.619300934,16.625441623,2823,0.076699039,12.200,48,0,0,0,true,2823
20,5,rest,0,16.637355468,16.643263601,2824,0.230097118,12.200,48,1,0,1,true,2824
20,5,rest,0,16.649434780,16.655238319,2825,0.153398079,12.200,48,0,0,1,true,2825
20,5,rest,0,16.661360296,16.667528606,2825,0.000000000,12.200,48,0,0,1,true,2825
20,5,rest,0,16.673374252,16.679262725,2825,0.000000000,12.200,48,0,0,1,true,2825
20,5,rest,0,16.685271856,16.691286444,2825,0.000000000,12.200,48,0,0,1,true,2825
20,5,rest,0,16.697513922,16.703358950,2825,0.000000000,12.200,48,0,0,1,true,2825
20,5,rest,0,16.709475924,16.715462458,2825,0.000000000,12.200,48,0,0,1,true,2825
20,5,rest,0,16.721474003,16.727414370,2825,0.000000000,12.200,48,0,0,1,true,2825
20,5,rest,0,16.733401431,16.739401320,2825,0.000000000,12.200,48,0,0,1,true,2825
20,5,rest,0,16.745297788,16.751317813,2825,0.000000000,12.200,48,0,0,1,true,2825
20,5,rest,0,16.757368323,16.763237684,2825,0.000000000,12.200,48,0,0,1,true,2825
20,5,rest,0,16.769343225,16.775310984,2825,0.000000000,12.200,48,0,0,1,true,2825
20,5,rest,0,16.781230999,16.787257488,2825,0.000000000,12.200,48,0,0,1,true,2825
20,5,rest,0,16.793454478,16.799343264,2825,0.000000000,12.200,48,0,0,1,true,2825
20,5,rest,0,16.805277683,16.811333047,2825,0.000000000,12.200,48,0,0,1,true,2825
20,5,rest,0,16.817307402,16.823238603,2825,0.000000000,12.200,48,0,0,1,true,2825
20,5,rest,0,16.829272430,16.835250836,2825,0.000000000,12.200,48,0,0,1,true,2825
20,5,rest,0,16.841411377,16.847389460,2825,0.000000000,12.200,48,0,0,1,true,2825
20,5,rest,0,16.853291266,16.859483031,2825,0.000000000,12.200,48,0,0,1,true,2825
20,5,rest,0,16.865493268,16.871372547,2825,0.000000000,12.200,48,0,0,1,true,2825
20,5,rest,0,16.877349743,16.883380085,2825,0.000000000,12.200,48,0,0,1,true,2825
20,5,rest,0,16.889212406,16.895304534,2825,0.000000000,12.200,48,0,0,1,true,2825
20,5,rest,0,16.901237958,16.907277498,2825,0.000000000,12.200,48,0,0,1,true,2825
20,5,rest,0,16.913408578,16.919401332,2825,0.000000000,12.200,48,0,0,1,true,2825
20,5,rest,0,16.925304657,16.931245031,2825,0.000000000,12.200,48,0,0,1,true,2825
20,5,rest,0,16.937479744,16.943450255,2825,0.000000000,12.200,48,0,0,1,true,2825
20,5,rest,0,16.949361852,16.955394209,2825,0.000000000,12.200,48,0,0,1,true,2825
20,5,rest,0,16.961295302,16.967505362,2825,0.000000000,12.200,48,0,0,1,true,2825
20,5,rest,0,16.973436924,16.979499008,2825,0.000000000,12.200,48,0,0,1,true,2825
20,5,rest,0,16.985520537,16.991395787,2825,0.000000000,12.200,48,0,0,1,true,2825
20,5,rest,0,16.997437552,17.003319010,2825,0.000000000,12.200,48,0,0,1,true,2825
20,5,rest,0,17.009379994,17.015322591,2825,0.000000000,12.200,48,0,0,1,true,2825
20,5,rest,0,17.021378838,17.027358813,2825,0.000000000,12.200,48,0,0,1,true,2825
20,5,rest,0,17.033185347,17.039299329,2825,0.000000000,12.200,48,0,0,1,true,2825
20,5,rest,0,17.045438661,17.051218340,2825,0.000000000,12.200,48,0,0,1,true,2825
20,5,rest,0,17.057270452,17.063321946,2825,0.000000000,12.200,48,0,0,1,true,2825
20,5,rest,0,17.069463682,17.075412621,2825,0.000000000,12.200,48,0,0,1,true,2825
20,5,rest,0,17.081482356,17.087259317,2825,0.000000000,12.200,48,0,0,1,true,2825
20,5,rest,0,17.093402167,17.099284895,2825,0.000000000,12.200,48,0,0,1,true,2825
20,5,rest,0,17.105349293,17.111397980,2825,0.000000000,12.200,48,0,0,1,true,2825
20,5,rest,0,17.117301397,17.123343819,2825,0.000000000,12.200,48,0,0,1,true,2825
20,5,rest,0,17.129392612,17.135352451,2825,0.000000000,12.200,48,0,0,1,true,2825
20,5,rest,0,17.141302949,17.147330726,2825,0.000000000,12.200,48,0,0,1,true,2825
20,5,rest,0,17.153317869,17.159279609,2825,0.000000000,12.200,48,0,0,1,true,2825
20,5,rest,0,17.165296897,17.171250040,2825,0.000000000,12.200,48,0,0,1,true,2825
20,5,rest,0,17.177442077,17.183371692,2825,0.000000000,12.200,48,0,0,1,true,2825
20,5,rest,0,17.189445052,17.195323726,2825,0.000000000,12.200,48,0,0,1,true,2825
20,5,rest,0,17.201279975,17.207347190,2825,0.000000000,12.200,48,0,0,1,true,2825
20,5,rest,0,17.213274552,17.219275615,2825,0.000000000,12.200,48,0,0,1,true,2825
20,5,rest,0,17.225247847,17.231287942,2825,0.000000000,12.200,48,0,0,1,true,2825
21,5,pulse,-50,17.321281867,17.327354587,2825,0.000000000,12.200,48,0,0,0,true,2825
21,5,pulse,-50,17.333264685,17.339401577,2825,0.000000000,12.200,48,2,0,0,true,2825
21,5,pulse,-50,17.345201177,17.351139467,2825,0.000000000,12.200,48,2,0,0,true,2825
21,5,pulse,-50,17.357300955,17.363358004,2824,-0.153398079,12.200,48,1,0,0,true,2824
21,5,pulse,-50,17.369254034,17.375301306,2823,-0.153398079,12.200,48,1,0,0,true,2823
21,5,pulse,-50,17.381404188,17.387349947,2821,-0.153398079,12.200,48,1,0,0,true,2821
21,5,pulse,-50,17.393245041,17.399280344,2820,-0.153398079,12.200,48,0,0,0,true,2820
21,5,pulse,-50,17.405273044,17.411292788,2819,-0.076699039,12.200,48,0,0,0,true,2819
21,5,rest,0,17.423385807,17.429410752,2817,-0.230097118,12.200,48,0,0,1,true,2817
21,5,rest,0,17.435231221,17.441375501,2817,-0.153398079,12.200,48,0,0,1,true,2817
21,5,rest,0,17.447179835,17.453175420,2817,0.000000000,12.200,48,0,0,1,true,2817
21,5,rest,0,17.459331649,17.465264497,2817,0.000000000,12.200,48,0,0,1,true,2817
21,5,rest,0,17.471199714,17.477351610,2817,0.000000000,12.200,48,0,0,1,true,2817
21,5,rest,0,17.483348596,17.489491157,2817,0.000000000,12.200,48,0,0,1,true,2817
21,5,rest,0,17.495254003,17.501346582,2817,0.000000000,12.200,48,0,0,1,true,2817
21,5,rest,0,17.507136531,17.513250570,2817,0.000000000,12.200,48,0,0,1,true,2817
21,5,rest,0,17.519142752,17.525192551,2817,0.000000000,12.200,48,0,0,1,true,2817
21,5,rest,0,17.531328913,17.537211331,2817,0.000000000,12.200,48,0,0,1,true,2817
21,5,rest,0,17.543256245,17.549214712,2817,0.000000000,12.200,48,0,0,1,true,2817
21,5,rest,0,17.555292510,17.561343378,2817,0.000000000,12.200,48,0,0,1,true,2817
21,5,rest,0,17.567270745,17.573269496,2817,0.000000000,12.200,48,0,0,1,true,2817
21,5,rest,0,17.579434181,17.585231279,2817,0.000000000,12.200,48,0,0,1,true,2817
21,5,rest,0,17.591275244,17.597213446,2817,0.000000000,12.200,48,0,0,1,true,2817
21,5,rest,0,17.603261640,17.609223066,2817,0.000000000,12.200,48,0,0,1,true,2817
21,5,rest,0,17.615159801,17.621509392,2817,0.000000000,12.200,48,0,0,1,true,2817
21,5,rest,0,17.627280823,17.633315128,2817,0.000000000,12.200,48,0,0,1,true,2817
21,5,rest,0,17.639201393,17.645266813,2817,0.000000000,12.200,48,0,0,1,true,2817
21,5,rest,0,17.651257476,17.657431528,2817,0.000000000,12.200,48,0,0,1,true,2817
21,5,rest,0,17.663402875,17.669407606,2817,0.000000000,12.200,48,0,0,1,true,2817
21,5,rest,0,17.675314062,17.681362371,2817,0.000000000,12.200,48,0,0,1,true,2817
21,5,rest,0,17.687452572,17.693318918,2817,0.000000000,12.200,48,0,0,1,true,2817
21,5,rest,0,17.699285825,17.705249143,2817,0.000000000,12.200,48,0,0,1,true,2817
21,5,rest,0,17.711336155,17.717299486,2817,0.000000000,12.200,48,0,0,1,true,2817
21,5,rest,0,17.723202888,17.729289097,2817,0.000000000,12.200,48,0,0,1,true,2817
21,5,rest,0,17.735197956,17.741181407,2817,0.000000000,12.200,48,0,0,1,true,2817
21,5,rest,0,17.747157475,17.753247895,2817,0.000000000,12.200,48,0,0,1,true,2817
21,5,rest,0,17.759094432,17.765083733,2817,0.000000000,12.200,48,0,0,1,true,2817
21,5,rest,0,17.771391597,17.777245415,2817,0.000000000,12.200,48,0,0,1,true,2817
21,5,rest,0,17.783386548,17.789197382,2817,0.000000000,12.200,48,0,0,1,true,2817
21,5,rest,0,17.795127321,17.801225372,2817,0.000000000,12.200,48,0,0,1,true,2817
21,5,rest,0,17.807338311,17.813172881,2817,0.000000000,12.200,48,0,0,1,true,2817
21,5,rest,0,17.819165320,17.825194514,2817,0.000000000,12.200,48,0,0,1,true,2817
21,5,rest,0,17.831379282,17.837225489,2817,0.000000000,12.200,48,0,0,1,true,2817
21,5,rest,0,17.843290556,17.849342761,2817,0.000000000,12.200,48,0,0,1,true,2817
21,5,rest,0,17.855280707,17.861342627,2817,0.000000000,12.200,48,0,0,1,true,2817
21,5,rest,0,17.867132621,17.873435639,2817,0.000000000,12.200,48,0,0,1,true,2817
21,5,rest,0,17.879385140,17.885324136,2817,0.000000000,12.200,48,0,0,1,true,2817
21,5,rest,0,17.891228412,17.897345076,2817,0.000000000,12.200,48,0,0,1,true,2817
21,5,rest,0,17.903354266,17.909261014,2817,0.000000000,12.200,48,0,0,1,true,2817
21,5,rest,0,17.915239545,17.921423453,2817,0.000000000,12.200,48,0,0,1,true,2817
21,5,rest,0,17.927434249,17.933397340,2817,0.000000000,12.200,48,0,0,1,true,2817
21,5,rest,0,17.939255407,17.945282805,2817,0.000000000,12.200,48,0,0,1,true,2817
21,5,rest,0,17.951369699,17.957269495,2817,0.000000000,12.200,48,0,0,1,true,2817
21,5,rest,0,17.963325393,17.969481180,2817,0.000000000,12.200,48,0,0,1,true,2817
21,5,rest,0,17.975265573,17.981460069,2817,0.000000000,12.200,48,0,0,1,true,2817
21,5,rest,0,17.987229099,17.993507104,2817,0.000000000,12.200,48,0,0,1,true,2817
21,5,rest,0,17.999265722,18.005305692,2817,0.000000000,12.200,48,0,0,1,true,2817
21,5,rest,0,18.011204030,18.017204228,2817,0.000000000,12.200,48,0,0,1,true,2817
22,5,pulse,50,18.107295385,18.113369858,2817,0.000000000,12.200,48,2,0,0,true,2817
22,5,pulse,50,18.119321008,18.125405550,2817,0.000000000,12.200,48,3,0,0,true,2817
22,5,pulse,50,18.131318924,18.137363763,2817,0.000000000,12.200,48,3,0,0,true,2817
22,5,pulse,50,18.143158490,18.149253105,2818,0.000000000,12.200,48,2,0,0,true,2818
22,5,pulse,50,18.155195561,18.161203310,2819,0.153398079,12.200,48,1,0,0,true,2819
22,5,pulse,50,18.167112599,18.173283530,2820,0.153398079,12.200,48,1,0,0,true,2820
22,5,pulse,50,18.179309362,18.185291880,2821,0.076699039,12.200,48,1,0,0,true,2821
22,5,pulse,50,18.191378434,18.197124284,2822,0.076699039,12.200,48,1,0,0,true,2822
22,5,rest,0,18.209168275,18.215427783,2824,0.230097118,12.200,48,1,0,1,true,2824
22,5,rest,0,18.221355098,18.227387875,2824,0.000000000,12.200,48,0,0,1,true,2824
22,5,rest,0,18.233331738,18.239199915,2825,0.153398079,12.200,48,0,0,1,true,2825
22,5,rest,0,18.245219592,18.251305680,2825,0.000000000,12.200,48,0,0,1,true,2825
22,5,rest,0,18.257285783,18.263176288,2825,0.000000000,12.200,48,0,0,1,true,2825
22,5,rest,0,18.269315877,18.275275640,2825,0.000000000,12.200,48,0,0,1,true,2825
22,5,rest,0,18.281254951,18.287355165,2825,0.000000000,12.200,48,0,0,1,true,2825
22,5,rest,0,18.293451918,18.299114613,2825,0.000000000,12.200,48,0,0,1,true,2825
22,5,rest,0,18.305186746,18.311343547,2825,0.000000000,12.200,48,0,0,1,true,2825
22,5,rest,0,18.317208219,18.323235691,2825,0.000000000,12.200,48,0,0,1,true,2825
22,5,rest,0,18.329181243,18.335232921,2825,0.000000000,12.200,48,0,0,1,true,2825
22,5,rest,0,18.341317015,18.347170003,2825,0.000000000,12.200,48,0,0,1,true,2825
22,5,rest,0,18.353125748,18.359311516,2825,0.000000000,12.200,48,0,0,1,true,2825
22,5,rest,0,18.365030472,18.371259879,2825,0.000000000,12.200,48,0,0,1,true,2825
22,5,rest,0,18.377354493,18.383108603,2825,0.000000000,12.200,48,0,0,1,true,2825
22,5,rest,0,18.389332594,18.395200913,2825,0.000000000,12.200,48,0,0,1,true,2825
22,5,rest,0,18.401131166,18.407210466,2825,0.000000000,12.200,48,0,0,1,true,2825
22,5,rest,0,18.413169172,18.419214351,2825,0.000000000,12.200,48,0,0,1,true,2825
22,5,rest,0,18.425331439,18.431116589,2825,0.000000000,12.200,48,0,0,1,true,2825
22,5,rest,0,18.437376371,18.443282702,2825,0.000000000,12.200,48,0,0,1,true,2825
22,5,rest,0,18.449194840,18.455226312,2825,0.000000000,12.200,48,0,0,1,true,2825
22,5,rest,0,18.461075957,18.467080127,2825,0.000000000,12.200,48,0,0,1,true,2825
22,5,rest,0,18.473251447,18.479222175,2825,0.000000000,12.200,48,0,0,1,true,2825
22,5,rest,0,18.485287925,18.491132196,2825,0.000000000,12.200,48,0,0,1,true,2825
22,5,rest,0,18.497299144,18.503338036,2825,0.000000000,12.200,48,0,0,1,true,2825
22,5,rest,0,18.509241233,18.515313115,2825,0.000000000,12.200,48,0,0,1,true,2825
22,5,rest,0,18.521465461,18.527189153,2825,0.000000000,12.200,48,0,0,1,true,2825
22,5,rest,0,18.533131772,18.539291903,2825,0.000000000,12.200,48,0,0,1,true,2825
22,5,rest,0,18.545231779,18.551230869,2825,0.000000000,12.200,48,0,0,1,true,2825
22,5,rest,0,18.557085533,18.563207123,2825,0.000000000,12.200,48,0,0,1,true,2825
22,5,rest,0,18.569279272,18.575356719,2825,0.000000000,12.200,49,0,0,1,true,2825
22,5,rest,0,18.581234064,18.587239879,2825,0.000000000,12.200,48,0,0,1,true,2825
22,5,rest,0,18.593158856,18.599141712,2825,0.000000000,12.200,48,0,0,1,true,2825
22,5,rest,0,18.605303066,18.611325282,2825,0.000000000,12.200,48,0,0,1,true,2825
22,5,rest,0,18.617272904,18.623188809,2825,0.000000000,12.200,48,0,0,1,true,2825
22,5,rest,0,18.629114984,18.635241663,2825,0.000000000,12.200,48,0,0,1,true,2825
22,5,rest,0,18.641087104,18.647010674,2825,0.000000000,12.200,49,0,0,1,true,2825
22,5,rest,0,18.653128599,18.659270612,2825,0.000000000,12.200,48,0,0,1,true,2825
22,5,rest,0,18.665185260,18.671240191,2825,0.000000000,12.200,48,0,0,1,true,2825
22,5,rest,0,18.677529588,18.683080853,2825,0.000000000,12.200,48,0,0,1,true,2825
22,5,rest,0,18.689718232,18.695165364,2825,0.000000000,12.200,48,0,0,1,true,2825
22,5,rest,0,18.701236646,18.707222952,2825,0.000000000,12.200,48,0,0,1,true,2825
22,5,rest,0,18.713097126,18.719344267,2825,0.000000000,12.200,48,0,0,1,true,2825
22,5,rest,0,18.725148922,18.731221813,2825,0.000000000,12.200,48,0,0,1,true,2825
22,5,rest,0,18.737329082,18.743260853,2825,0.000000000,12.200,48,0,0,1,true,2825
22,5,rest,0,18.749187983,18.755308618,2825,0.000000000,12.200,48,0,0,1,true,2825
22,5,rest,0,18.761338612,18.767225753,2825,0.000000000,12.200,48,0,0,1,true,2825
22,5,rest,0,18.773378970,18.779190868,2825,0.000000000,12.200,48,0,0,1,true,2825
22,5,rest,0,18.785250973,18.791317952,2825,0.000000000,12.200,48,0,0,1,true,2825
22,5,rest,0,18.797169720,18.803354033,2825,0.000000000,12.200,48,0,0,1,true,2825
23,5,pulse,-50,18.893097978,18.899296403,2825,0.000000000,12.200,49,0,0,0,true,2825
23,5,pulse,-50,18.905089042,18.911175213,2825,0.000000000,12.200,48,2,0,0,true,2825
23,5,pulse,-50,18.917106336,18.923251552,2825,0.000000000,12.200,48,2,0,0,true,2825
23,5,pulse,-50,18.929218369,18.935280871,2824,-0.153398079,12.200,48,1,0,0,true,2824
23,5,pulse,-50,18.941180325,18.947253467,2823,-0.153398079,12.200,49,1,0,0,true,2823
23,5,pulse,-50,18.953219882,18.959304284,2821,-0.153398079,12.200,49,0,0,0,true,2821
23,5,pulse,-50,18.965278333,18.971201501,2820,-0.076699039,12.200,49,1,0,0,true,2820
23,5,pulse,-50,18.977230163,18.983107390,2819,-0.076699039,12.200,49,0,0,0,true,2819
23,5,rest,0,18.995233585,19.001321036,2817,-0.153398079,12.200,48,0,0,1,true,2817
23,5,rest,0,19.007097688,19.013223468,2817,-0.153398079,12.200,48,0,0,1,true,2817
23,5,rest,0,19.019236565,19.025175308,2817,0.000000000,12.200,48,0,0,1,true,2817
23,5,rest,0,19.031114518,19.037172705,2817,0.000000000,12.200,48,0,0,1,true,2817
23,5,rest,0,19.043242374,19.049210178,2817,0.000000000,12.200,48,0,0,1,true,2817
23,5,rest,0,19.055248492,19.061133761,2817,0.000000000,12.200,48,0,0,1,true,2817
23,5,rest,0,19.067231945,19.073359000,2817,0.000000000,12.200,49,0,0,1,true,2817
23,5,rest,0,19.079337577,19.085312850,2817,0.000000000,12.200,49,0,0,1,true,2817
23,5,rest,0,19.091155288,19.097172218,2817,0.000000000,12.200,49,0,0,1,true,2817
23,5,rest,0,19.103091968,19.109059231,2817,0.000000000,12.200,48,0,0,1,true,2817
23,5,rest,0,19.115014618,19.121224015,2817,0.000000000,12.200,49,0,0,1,true,2817
23,5,rest,0,19.127251946,19.133050011,2817,0.000000000,12.200,49,0,0,1,true,2817
23,5,rest,0,19.139319942,19.145233403,2817,0.000000000,12.200,48,0,0,1,true,2817
23,5,rest,0,19.151316795,19.157188609,2817,0.000000000,12.200,49,0,0,1,true,2817
23,5,rest,0,19.163230170,19.169076884,2817,0.000000000,12.200,49,0,0,1,true,2817
23,5,rest,0,19.175189502,19.181305502,2817,0.000000000,12.200,49,0,0,1,true,2817
23,5,rest,0,19.187220652,19.193317776,2817,0.000000000,12.200,49,0,0,1,true,2817
23,5,rest,0,19.199125841,19.205181895,2817,0.000000000,12.200,49,0,0,1,true,2817
23,5,rest,0,19.211127626,19.217471952,2817,0.000000000,12.200,48,0,0,1,true,2817
23,5,rest,0,19.223150629,19.229094803,2817,0.000000000,12.200,49,0,0,1,true,2817
23,5,rest,0,19.235013996,19.241211867,2817,0.000000000,12.200,49,0,0,1,true,2817
23,5,rest,0,19.247003105,19.253275007,2817,0.000000000,12.200,49,0,0,1,true,2817
23,5,rest,0,19.259301225,19.265109019,2817,0.000000000,12.200,48,0,0,1,true,2817
23,5,rest,0,19.270961866,19.277265537,2817,0.000000000,12.200,49,0,0,1,true,2817
23,5,rest,0,19.283059879,19.289494413,2817,0.000000000,12.200,49,0,0,1,true,2817
23,5,rest,0,19.295229229,19.301150356,2817,0.000000000,12.200,48,0,0,1,true,2817
23,5,rest,0,19.307041588,19.313259539,2817,0.000000000,12.200,49,0,0,1,true,2817
23,5,rest,0,19.319156248,19.325394677,2817,0.000000000,12.200,49,0,0,1,true,2817
23,5,rest,0,19.330951047,19.337269283,2817,0.000000000,12.200,49,0,0,1,true,2817
23,5,rest,0,19.343143557,19.349168729,2817,0.000000000,12.200,49,0,0,1,true,2817
23,5,rest,0,19.355225200,19.361270927,2817,0.000000000,12.200,49,0,0,1,true,2817
23,5,rest,0,19.367148932,19.373308307,2817,0.000000000,12.200,49,0,0,1,true,2817
23,5,rest,0,19.379438853,19.385457946,2817,0.000000000,12.200,49,0,0,1,true,2817
23,5,rest,0,19.391304324,19.397131314,2817,0.000000000,12.200,49,0,0,1,true,2817
23,5,rest,0,19.403167832,19.409101546,2817,0.000000000,12.200,49,0,0,1,true,2817
23,5,rest,0,19.415028349,19.421266785,2817,0.000000000,12.200,49,0,0,1,true,2817
23,5,rest,0,19.427191832,19.433053244,2817,0.000000000,12.200,49,0,0,1,true,2817
23,5,rest,0,19.439373613,19.445239751,2817,0.000000000,12.200,49,0,0,1,true,2817
23,5,rest,0,19.451270918,19.457263979,2817,0.000000000,12.200,49,0,0,1,true,2817
23,5,rest,0,19.463195715,19.469292213,2817,0.000000000,12.200,49,0,0,1,true,2817
23,5,rest,0,19.475143863,19.481380867,2817,0.000000000,12.200,49,0,0,1,true,2817
23,5,rest,0,19.487269959,19.493126197,2817,0.000000000,12.200,49,0,0,1,true,2817
23,5,rest,0,19.499082527,19.505142619,2817,0.000000000,12.200,49,0,0,1,true,2817
23,5,rest,0,19.511311141,19.517172393,2817,0.000000000,12.200,49,0,0,1,true,2817
23,5,rest,0,19.523182140,19.529085877,2817,0.000000000,12.200,49,0,0,1,true,2817
23,5,rest,0,19.535138936,19.541043322,2817,0.000000000,12.200,49,0,0,1,true,2817
23,5,rest,0,19.547067845,19.553177054,2817,0.000000000,12.200,49,0,0,1,true,2817
23,5,rest,0,19.559058689,19.565210037,2817,0.000000000,12.200,49,0,0,1,true,2817
23,5,rest,0,19.571061942,19.577149369,2817,0.000000000,12.200,49,0,0,1,true,2817
23,5,rest,0,19.583124400,19.589295347,2817,0.000000000,12.200,49,0,0,1,true,2817
24,6,pulse,25,19.679157488,19.685211692,1724,0.000000000,12.000,48,12,0,0,true,1724
24,6,pulse,25,19.691176397,19.697250707,1724,0.000000000,12.000,48,14,0,0,true,1724
24,6,pulse,25,19.703142760,19.709070698,1724,0.000000000,12.000,48,15,0,0,true,1724
24,6,pulse,25,19.715109835,19.721419469,1724,0.000000000,12.000,48,15,0,0,true,1724
24,6,pulse,25,19.727246981,19.733210788,1724,0.000000000,12.000,48,15,0,0,true,1724
24,6,pulse,25,19.739088100,19.745203872,1724,0.000000000,12.000,48,15,0,0,true,1724
24,6,pulse,25,19.750996686,19.757139491,1724,0.000000000,12.000,48,15,0,0,true,1724
24,6,pulse,25,19.762953326,19.769262464,1724,0.000000000,12.000,48,16,0,0,true,1724
24,6,rest,0,19.781164417,19.787165090,1724,0.000000000,12.000,48,15,0,1,true,1724
24,6,rest,0,19.793148189,19.799071559,1724,0.000000000,12.000,48,13,0,1,true,1724
24,6,rest,0,19.805168689,19.811168036,1724,0.000000000,12.000,48,12,0,1,true,1724
24,6,rest,0,19.817153888,19.823309178,1724,0.000000000,12.000,48,12,0,1,true,1724
24,6,rest,0,19.828960579,19.835089110,1724,0.000000000,12.000,48,12,0,1,true,1724
24,6,rest,0,19.841254681,19.847194139,1724,0.000000000,12.000,48,11,0,1,true,1724
24,6,rest,0,19.853097181,19.859120214,1724,0.000000000,12.000,48,11,0,1,true,1724
24,6,rest,0,19.865010704,19.871117430,1724,0.000000000,12.000,48,11,0,1,true,1724
24,6,rest,0,19.877115249,19.883081330,1724,0.000000000,12.000,48,11,0,1,true,1724
24,6,rest,0,19.889488531,19.895194795,1724,0.000000000,12.000,48,11,0,1,true,1724
24,6,rest,0,19.901177818,19.907172038,1724,0.000000000,12.000,48,11,0,1,true,1724
24,6,rest,0,19.913252205,19.919146203,1724,0.000000000,12.000,48,11,0,1,true,1724
24,6,rest,0,19.925092336,19.931174943,1724,0.000000000,12.000,48,11,0,1,true,1724
24,6,rest,0,19.937294461,19.943041796,1724,0.000000000,12.100,48,11,0,1,true,1724
24,6,rest,0,19.949178428,19.955112406,1724,0.000000000,12.100,48,11,0,1,true,1724
24,6,rest,0,19.961119113,19.967134559,1724,0.000000000,12.100,48,11,0,1,true,1724
24,6,rest,0,19.973024446,19.979118456,1724,0.000000000,12.100,48,11,0,1,true,1724
24,6,rest,0,19.985321809,19.991125804,1724,0.000000000,12.100,48,11,0,1,true,1724
24,6,rest,0,19.997014937,20.003149138,1724,0.000000000,12.100,48,11,0,1,true,1724
24,6,rest,0,20.009116677,20.014986168,1724,0.000000000,12.100,48,11,0,1,true,1724
24,6,rest,0,20.021004503,20.027484051,1724,0.000000000,12.100,48,12,0,1,true,1724
24,6,rest,0,20.033072969,20.039101202,1724,0.000000000,12.100,48,11,0,1,true,1724
24,6,rest,0,20.045131801,20.051124427,1724,0.000000000,12.100,48,12,0,1,true,1724
24,6,rest,0,20.057189007,20.062938345,1724,0.000000000,12.100,48,12,0,1,true,1724
24,6,rest,0,20.069178965,20.075047024,1724,0.000000000,12.100,48,11,0,1,true,1724
24,6,rest,0,20.081082622,20.087167195,1724,0.000000000,12.100,48,12,0,1,true,1724
24,6,rest,0,20.092976714,20.099157584,1724,0.000000000,12.100,48,12,0,1,true,1724
24,6,rest,0,20.105257015,20.111135903,1724,0.000000000,12.100,48,11,0,1,true,1724
24,6,rest,0,20.117299950,20.123128599,1724,0.000000000,12.100,48,11,0,1,true,1724
24,6,rest,0,20.129039780,20.135140204,1724,0.000000000,12.100,48,11,0,1,true,1724
24,6,rest,0,20.141068657,20.147205875,1724,0.000000000,12.100,48,11,0,1,true,1724
24,6,rest,0,20.153209855,20.159021029,1724,0.000000000,12.100,48,11,0,1,true,1724
24,6,rest,0,20.165237648,20.171289627,1724,0.000000000,12.100,48,11,0,1,true,1724
24,6,rest,0,20.177182200,20.183254080,1724,0.000000000,12.100,48,11,0,1,true,1724
24,6,rest,0,20.189212141,20.195059613,1724,0.000000000,12.100,48,12,0,1,true,1724
24,6,rest,0,20.201094528,20.207068624,1724,0.000000000,12.100,48,12,0,1,true,1724
24,6,rest,0,20.213134013,20.219206940,1724,0.000000000,12.100,48,11,0,1,true,1724
24,6,rest,0,20.225175149,20.231491549,1724,0.000000000,12.100,48,11,0,1,true,1724
24,6,rest,0,20.237038504,20.242999919,1724,0.000000000,12.100,48,11,0,1,true,1724
24,6,rest,0,20.249173104,20.255180427,1724,0.000000000,12.000,48,11,0,1,true,1724
24,6,rest,0,20.261087278,20.267158720,1724,0.000000000,12.000,48,11,0,1,true,1724
24,6,rest,0,20.273285094,20.279149897,1724,0.000000000,12.000,48,11,0,1,true,1724
24,6,rest,0,20.285275438,20.291129140,1724,0.000000000,12.000,48,11,0,1,true,1724
24,6,rest,0,20.297178566,20.303111395,1724,0.000000000,12.000,48,11,0,1,true,1724
24,6,rest,0,20.309109656,20.315255535,1724,0.000000000,12.100,48,11,0,1,true,1724
24,6,rest,0,20.321271558,20.327290813,1724,0.000000000,12.100,48,11,0,1,true,1724
24,6,rest,0,20.333014178,20.339272135,1724,0.000000000,12.100,48,11,0,1,true,1724
24,6,rest,0,20.345156840,20.351238661,1724,0.000000000,12.100,48,11,0,1,true,1724
24,6,rest,0,20.357510800,20.363120491,1724,0.000000000,12.100,48,11,0,1,true,1724
24,6,rest,0,20.369327230,20.375262205,1724,0.000000000,12.100,48,11,0,1,true,1724
25,6,pulse,-25,20.465125260,20.471182598,1724,0.000000000,12.100,48,10,0,0,true,1724
25,6,pulse,-25,20.477333180,20.483116616,1724,0.000000000,12.100,48,15,0,0,true,1724
25,6,pulse,-25,20.489211247,20.495116479,1724,0.000000000,12.100,48,16,0,0,true,1724
25,6,pulse,-25,20.501071351,20.507116209,1724,0.000000000,12.000,48,16,0,0,true,1724
25,6,pulse,-25,20.513024643,20.519207020,1724,0.000000000,12.100,48,16,0,0,true,1724
25,6,pulse,-25,20.525047757,20.531010988,1724,0.000000000,12.000,48,17,0,0,true,1724
25,6,pulse,-25,20.537278100,20.543081114,1724,0.000000000,12.000,48,17,0,0,true,1724
25,6,pulse,-25,20.549062697,20.555169113,1724,0.000000000,12.000,48,17,0,0,true,1724
25,6,rest,0,20.566997814,20.573162489,1724,0.000000000,12.000,48,14,0,1,true,1724
25,6,rest,0,20.579070332,20.585105562,1724,0.000000000,12.000,48,12,0,1,true,1724
25,6,rest,0,20.591117484,20.596994322,1724,0.000000000,12.100,48,12,0,1,true,1724
25,6,rest,0,20.603079657,20.609202220,1724,0.000000000,12.100,48,11,0,1,true,1724
25,6,rest,0,20.615122494,20.621267132,1724,0.000000000,12.100,48,11,0,1,true,1724
25,6,rest,0,20.626970609,20.633208274,1724,0.000000000,12.100,48,11,0,1,true,1724
25,6,rest,0,20.639122251,20.645075947,1724,0.000000000,12.000,48,11,0,1,true,1724
25,6,rest,0,20.651134875,20.657374689,1724,0.000000000,12.000,48,11,0,1,true,1724
25,6,rest,0,20.663115942,20.669119480,1724,0.000000000,12.100,48,11,0,1,true,1724
25,6,rest,0,20.675143031,20.681226412,1724,0.000000000,12.100,48,11,0,1,true,1724
25,6,rest,0,20.687326999,20.693244655,1724,0.000000000,12.100,48,11,0,1,true,1724
25,6,rest,0,20.698963386,20.705204657,1724,0.000000000,12.100,48,11,0,1,true,1724
25,6,rest,0,20.711079218,20.717231539,1724,0.000000000,12.100,48,11,0,1,true,1724
25,6,rest,0,20.722948942,20.729183727,1724,0.000000000,12.100,48,11,0,1,true,1724
25,6,rest,0,20.735089552,20.741096344,1724,0.000000000,12.100,48,11,0,1,true,1724
25,6,rest,0,20.747048978,20.753242399,1724,0.000000000,12.100,48,11,0,1,true,1724
25,6,rest,0,20.759160555,20.765267309,1724,0.000000000,12.100,48,11,0,1,true,1724
25,6,rest,0,20.771118474,20.777381609,1724,0.000000000,12.100,48,11,0,1,true,1724
25,6,rest,0,20.783161797,20.789131678,1724,0.000000000,12.100,48,11,0,1,true,1724
25,6,rest,0,20.795108878,20.801046006,1724,0.000000000,12.100,48,11,0,1,true,1724
25,6,rest,0,20.807077907,20.813141193,1724,0.000000000,12.100,48,12,0,1,true,1724
25,6,rest,0,20.818947039,20.825137505,1724,0.000000000,12.100,48,11,0,1,true,1724
25,6,rest,0,20.831052394,20.836928507,1724,0.000000000,12.100,48,11,0,1,true,1724
25,6,rest,0,20.843091424,20.849147454,1724,0.000000000,12.100,48,11,0,1,true,1724
25,6,rest,0,20.855057401,20.861472351,1724,0.000000000,12.100,48,11,0,1,true,1724
25,6,rest,0,20.867119372,20.873470647,1724,0.000000000,12.100,48,11,0,1,true,1724
25,6,rest,0,20.879177569,20.885137349,1724,0.000000000,12.100,48,11,0,1,true,1724
25,6,rest,0,20.891045524,20.897485220,1724,0.000000000,12.100,48,11,0,1,true,1724
25,6,rest,0,20.903056974,20.909445164,1724,0.000000000,12.100,48,11,0,1,true,1724
25,6,rest,0,20.915130760,20.921117454,1724,0.000000000,12.100,48,11,0,1,true,1724
25,6,rest,0,20.927550604,20.932989934,1724,0.000000000,12.100,48,11,0,1,true,1724
25,6,rest,0,20.939127942,20.944944773,1724,0.000000000,12.100,48,11,0,1,true,1724
25,6,rest,0,20.951466078,20.957042565,1724,0.000000000,12.100,48,11,0,1,true,1724
25,6,rest,0,20.962919548,20.969129438,1724,0.000000000,12.100,48,11,0,1,true,1724
25,6,rest,0,20.975073554,20.981218446,1724,0.000000000,12.100,48,11,0,1,true,1724
25,6,rest,0,20.987119642,20.993263730,1724,0.000000000,12.100,48,11,0,1,true,1724
25,6,rest,0,20.999096432,21.005403757,1724,0.000000000,12.100,48,11,0,1,true,1724
25,6,rest,0,21.011471249,21.017304225,1724,0.000000000,12.100,48,11,0,1,true,1724
25,6,rest,0,21.023419313,21.029059508,1724,0.000000000,12.100,48,11,0,1,true,1724
25,6,rest,0,21.035106437,21.041118313,1724,0.000000000,12.100,48,11,0,1,true,1724
25,6,rest,0,21.047174538,21.053054315,1724,0.000000000,12.100,48,11,0,1,true,1724
25,6,rest,0,21.059005992,21.065109986,1724,0.000000000,12.100,48,11,0,1,true,1724
25,6,rest,0,21.071094590,21.077244438,1724,0.000000000,12.100,48,11,0,1,true,1724
25,6,rest,0,21.083202438,21.089361531,1724,0.000000000,12.100,48,11,0,1,true,1724
25,6,rest,0,21.095479548,21.101103770,1724,0.000000000,12.100,48,11,0,1,true,1724
25,6,rest,0,21.107374459,21.112935468,1724,0.000000000,12.100,48,11,0,1,true,1724
25,6,rest,0,21.119394529,21.125214497,1724,0.000000000,12.100,48,11,0,1,true,1724
25,6,rest,0,21.131258236,21.137124933,1724,0.000000000,12.100,48,11,0,1,true,1724
25,6,rest,0,21.143230208,21.149377659,1724,0.000000000,12.100,48,11,0,1,true,1724
25,6,rest,0,21.154907255,21.160933076,1724,0.000000000,12.100,48,11,0,1,true,1724
26,6,pulse,25,21.251102022,21.256965317,1724,0.000000000,12.100,48,12,0,0,true,1724
26,6,pulse,25,21.262872802,21.269378562,1724,0.000000000,12.100,48,13,0,0,true,1724
26,6,pulse,25,21.275344928,21.281449545,1724,0.000000000,12.100,48,14,0,0,true,1724
26,6,pulse,25,21.287100888,21.293004763,1724,0.000000000,12.000,48,15,0,0,true,1724
26,6,pulse,25,21.299091693,21.305252418,1724,0.000000000,12.000,48,15,0,0,true,1724
26,6,pulse,25,21.311639950,21.317316831,1724,0.000000000,12.000,48,15,0,0,true,1724
26,6,pulse,25,21.323243823,21.329015952,1724,0.000000000,12.000,48,16,0,0,true,1724
26,6,pulse,25,21.335687297,21.341528744,1724,0.000000000,12.000,48,15,0,0,true,1724
26,6,rest,0,21.353399231,21.359167643,1724,0.000000000,12.000,48,13,0,1,true,1724
26,6,rest,0,21.365086768,21.371010653,1724,0.000000000,12.000,48,13,0,1,true,1724
26,6,rest,0,21.377547288,21.383536616,1724,0.000000000,12.100,48,12,0,1,true,1724
26,6,rest,0,21.389480247,21.395216964,1724,0.000000000,12.000,48,11,0,1,true,1724
26,6,rest,0,21.401225981,21.407381424,1724,0.000000000,12.000,48,11,0,1,true,1724
26,6,rest,0,21.412912307,21.419092167,1724,0.000000000,12.000,48,11,0,1,true,1724
26,6,rest,0,21.424954295,21.431080624,1724,0.000000000,12.100,48,11,0,1,true,1724
26,6,rest,0,21.437377943,21.443073432,1724,0.000000000,12.000,48,11,0,1,true,1724
26,6,rest,0,21.449301792,21.455435229,1724,0.000000000,12.000,48,11,0,1,true,1724
26,6,rest,0,21.461019397,21.467072212,1724,0.000000000,12.000,48,11,0,1,true,1724
26,6,rest,0,21.473421406,21.478993224,1724,0.000000000,12.000,48,11,0,1,true,1724
26,6,rest,0,21.485083634,21.491071094,1724,0.000000000,12.000,48,11,0,1,true,1724
26,6,rest,0,21.497380770,21.502871701,1724,0.000000000,12.000,48,11,0,1,true,1724
26,6,rest,0,21.509090740,21.514899312,1724,0.000000000,12.000,48,11,0,1,true,1724
26,6,rest,0,21.521428022,21.526884820,1724,0.000000000,12.000,48,12,0,1,true,1724
26,6,rest,0,21.533162281,21.539365871,1724,0.000000000,12.000,48,11,0,1,true,1724
26,6,rest,0,21.545243192,21.551078675,1724,0.000000000,12.100,48,11,0,1,true,1724
26,6,rest,0,21.557299927,21.563120375,1724,0.000000000,12.100,48,12,0,1,true,1724
26,6,rest,0,21.569407735,21.575082699,1724,0.000000000,12.100,48,11,0,1,true,1724
26,6,rest,0,21.581060935,21.587097653,1724,0.000000000,12.100,48,11,0,1,true,1724
26,6,rest,0,21.593041875,21.599415055,1724,0.000000000,12.100,48,11,0,1,true,1724
26,6,rest,0,21.605300010,21.610895828,1724,0.000000000,12.000,48,11,0,1,true,1724
26,6,rest,0,21.617521252,21.623484322,1724,0.000000000,12.000,48,11,0,1,true,1724
26,6,rest,0,21.628965152,21.635402713,1724,0.000000000,12.000,48,11,0,1,true,1724
26,6,rest,0,21.641186552,21.647311114,1724,0.000000000,12.000,48,11,0,1,true,1724
26,6,rest,0,21.652921477,21.659353866,1724,0.000000000,12.000,48,11,0,1,true,1724
26,6,rest,0,21.665199832,21.671285557,1724,0.000000000,12.000,48,11,0,1,true,1724
26,6,rest,0,21.677431393,21.683320370,1724,0.000000000,12.000,48,11,0,1,true,1724
26,6,rest,0,21.689432488,21.695272657,1724,0.000000000,12.100,48,11,0,1,true,1724
26,6,rest,0,21.701136863,21.707138877,1724,0.000000000,12.000,48,11,0,1,true,1724
26,6,rest,0,21.713287503,21.719203800,1724,0.000000000,12.000,48,11,0,1,true,1724
26,6,rest,0,21.725144981,21.731435102,1724,0.000000000,12.000,48,11,0,1,true,1724
26,6,rest,0,21.736876812,21.743224408,1724,0.000000000,12.000,48,11,0,1,true,1724
26,6,rest,0,21.749033958,21.754861919,1724,0.000000000,12.000,48,11,0,1,true,1724
26,6,rest,0,21.760872358,21.767178339,1724,0.000000000,12.000,48,11,0,1,true,1724
26,6,rest,0,21.773129600,21.779405323,1724,0.000000000,12.000,48,11,0,1,true,1724
26,6,rest,0,21.784916605,21.791238593,1724,0.000000000,12.000,48,11,0,1,true,1724
26,6,rest,0,21.797265655,21.803168275,1724,0.000000000,12.000,48,11,0,1,true,1724
26,6,rest,0,21.808951971,21.815331292,1724,0.000000000,12.000,48,11,0,1,true,1724
26,6,rest,0,21.821226567,21.827120035,1724,0.000000000,12.100,48,11,0,1,true,1724
26,6,rest,0,21.832947480,21.839165511,1724,0.000000000,12.000,48,11,0,1,true,1724
26,6,rest,0,21.845331678,21.850863105,1724,0.000000000,12.000,48,11,0,1,true,1724
26,6,rest,0,21.856866680,21.862953226,1724,0.000000000,12.000,48,11,0,1,true,1724
26,6,rest,0,21.869238890,21.874938499,1724,0.000000000,12.000,48,11,0,1,true,1724
26,6,rest,0,21.881104781,21.887196386,1724,0.000000000,12.000,48,11,0,1,true,1724
26,6,rest,0,21.892859020,21.899061888,1724,0.000000000,12.000,48,11,0,1,true,1724
26,6,rest,0,21.904882445,21.911022573,1724,0.000000000,12.000,48,11,0,1,true,1724
26,6,rest,0,21.917263601,21.922904787,1724,0.000000000,12.000,48,11,0,1,true,1724
26,6,rest,0,21.928833370,21.935125416,1724,0.000000000,12.000,48,11,0,1,true,1724
26,6,rest,0,21.941230226,21.947415568,1724,0.000000000,12.000,48,11,0,1,true,1724
27,6,pulse,-25,22.036962143,22.043143590,1724,0.000000000,12.100,48,10,0,0,true,1724
27,6,pulse,-25,22.048931456,22.055296581,1724,0.000000000,12.100,48,13,0,0,true,1724
27,6,pulse,-25,22.061496994,22.067282000,1724,0.000000000,12.000,48,16,0,0,true,1724
27,6,pulse,-25,22.073135131,22.079212090,1724,0.000000000,12.000,48,16,0,0,true,1724
27,6,pulse,-25,22.085445584,22.091426990,1724,0.000000000,12.000,48,17,0,0,true,1724
27,6,pulse,-25,22.097288541,22.103389193,1724,0.000000000,12.000,48,17,0,0,true,1724
27,6,pulse,-25,22.109155726,22.115249390,1724,0.000000000,12.000,48,17,0,0,true,1724
27,6,pulse,-25,22.121011524,22.126860090,1724,0.000000000,12.000,48,17,0,0,true,1724
27,6,rest,0,22.139111343,22.145266020,1724,0.000000000,12.000,48,14,0,1,true,1724
27,6,rest,0,22.150864643,22.157282139,1724,0.000000000,12.000,48,12,0,1,true,1724
27,6,rest,0,22.163511887,22.169246040,1724,0.000000000,12.000,48,12,0,1,true,1724
27,6,rest,0,22.175268836,22.181427697,1724,0.000000000,12.000,48,11,0,1,true,1724
27,6,rest,0,22.187525840,22.193232096,1724,0.000000000,12.000,48,11,0,1,true,1724
27,6,rest,0,22.198923956,22.205063616,1724,0.000000000,12.000,48,11,0,1,true,1724
27,6,rest,0,22.211028991,22.217103591,1724,0.000000000,12.000,48,11,0,1,true,1724
27,6,rest,0,22.223345440,22.229437797,1724,0.000000000,12.000,48,11,0,1,true,1724
27,6,rest,0,22.234897120,22.241499137,1724,0.000000000,12.000,48,11,0,1,true,1724
27,6,rest,0,22.247260966,22.253521233,1724,0.000000000,12.000,48,11,0,1,true,1724
27,6,rest,0,22.259245559,22.265356441,1724,0.000000000,12.000,48,11,0,1,true,1724
27,6,rest,0,22.271299769,22.277044821,1724,0.000000000,12.000,48,11,0,1,true,1724
27,6,rest,0,22.283202088,22.289224681,1724,0.000000000,12.000,48,11,0,1,true,1724
27,6,rest,0,22.295132123,22.301313817,1724,0.000000000,12.000,48,11,0,1,true,1724
27,6,rest,0,22.307069443,22.313068392,1724,0.000000000,12.000,48,11,0,1,true,1724
27,6,rest,0,22.319159237,22.324953090,1724,0.000000000,12.000,48,11,0,1,true,1724
27,6,rest,0,22.331236650,22.337363353,1724,0.000000000,12.000,48,11,0,1,true,1724
27,6,rest,0,22.343210573,22.349391518,1724,0.000000000,12.000,48,11,0,1,true,1724
27,6,rest,0,22.354800798,22.361217383,1724,0.000000000,12.000,48,11,0,1,true,1724
27,6,rest,0,22.367213251,22.373134589,1724,0.000000000,12.000,48,11,0,1,true,1724
27,6,rest,0,22.379196686,22.385203198,1724,0.000000000,12.000,48,11,0,1,true,1724
27,6,rest,0,22.391176225,22.397279856,1724,0.000000000,12.000,48,11,0,1,true,1724
27,6,rest,0,22.403331491,22.409259711,1724,0.000000000,12.100,48,11,0,1,true,1724
27,6,rest,0,22.415177722,22.421302429,1724,0.000000000,12.100,48,11,0,1,true,1724
27,6,rest,0,22.427195328,22.433359372,1724,0.000000000,12.100,48,11,0,1,true,1724
27,6,rest,0,22.438842095,22.445196999,1724,0.000000000,12.100,48,11,0,1,true,1724
27,6,rest,0,22.450956959,22.457304827,1724,0.000000000,12.100,48,11,0,1,true,1724
27,6,rest,0,22.462792648,22.469072444,1724,0.000000000,12.100,48,11,0,1,true,1724
27,6,rest,0,22.475075998,22.481254985,1724,0.000000000,12.100,48,11,0,1,true,1724
27,6,rest,0,22.487056455,22.493041336,1724,0.000000000,12.100,48,11,0,1,true,1724
27,6,rest,0,22.499120985,22.505260650,1724,0.000000000,12.100,48,11,0,1,true,1724
27,6,rest,0,22.511366438,22.517261329,1724,0.000000000,12.100,48,11,0,1,true,1724
27,6,rest,0,22.523347760,22.529274335,1724,0.000000000,12.100,48,11,0,1,true,1724
27,6,rest,0,22.535178036,22.541340387,1724,0.000000000,12.100,48,11,0,1,true,1724
27,6,rest,0,22.547131768,22.552912995,1724,0.000000000,12.100,48,11,0,1,true,1724
27,6,rest,0,22.559178727,22.564787443,1724,0.000000000,12.100,48,12,0,1,true,1724
27,6,rest,0,22.571301618,22.577158203,1724,0.000000000,12.100,48,11,0,1,true,1724
27,6,rest,0,22.583255520,22.588970787,1724,0.000000000,12.100,48,11,0,1,true,1724
27,6,rest,0,22.595212410,22.601331741,1724,0.000000000,12.100,48,12,0,1,true,1724
27,6,rest,0,22.607202915,22.613351539,1724,0.000000000,12.100,48,11,0,1,true,1724
27,6,rest,0,22.619230927,22.625151941,1724,0.000000000,12.100,48,11,0,1,true,1724
27,6,rest,0,22.631327598,22.637257860,1724,0.000000000,12.100,48,11,0,1,true,1724
27,6,rest,0,22.643166736,22.649359795,1724,0.000000000,12.100,48,11,0,1,true,1724
27,6,rest,0,22.655198652,22.661337686,1724,0.000000000,12.100,48,11,0,1,true,1724
27,6,rest,0,22.666880706,22.673259349,1724,0.000000000,12.100,48,11,0,1,true,1724
27,6,rest,0,22.679101783,22.685251532,1724,0.000000000,12.100,48,11,0,1,true,1724
27,6,rest,0,22.691124953,22.697363009,1724,0.000000000,12.100,48,11,0,1,true,1724
27,6,rest,0,22.703124642,22.709308968,1724,0.000000000,12.100,48,11,0,1,true,1724
27,6,rest,0,22.715155090,22.721224783,1724,0.000000000,12.100,48,11,0,1,true,1724
27,6,rest,0,22.727146005,22.733337217,1724,0.000000000,12.100,48,11,0,1,true,1724
28,6,pulse,25,22.823039434,22.829101821,1724,0.000000000,12.100,48,12,0,0,true,1724
28,6,pulse,25,22.835212150,22.841300674,1724,0.000000000,12.100,48,13,0,0,true,1724
28,6,pulse,25,22.847001656,22.853292828,1724,0.000000000,12.100,48,15,0,0,true,1724
28,6,pulse,25,22.859061709,22.865271524,1724,0.000000000,12.100,48,15,0,0,true,1724
28,6,pulse,25,22.871036596,22.877162769,1724,0.000000000,12.100,48,16,0,0,true,1724
28,6,pulse,25,22.883196453,22.888913762,1724,0.000000000,12.100,48,15,0,0,true,1724
28,6,pulse,25,22.894930312,22.900823041,1724,0.000000000,12.100,48,15,0,0,true,1724
28,6,pulse,25,22.907238706,22.912798333,1724,0.000000000,12.100,48,16,0,0,true,1724
28,6,rest,0,22.925127661,22.930944451,1724,0.000000000,12.100,48,13,0,1,true,1724
28,6,rest,0,22.937148924,22.943320367,1724,0.000000000,12.100,48,12,0,1,true,1724
28,6,rest,0,22.949110498,22.955325575,1724,0.000000000,12.100,48,12,0,1,true,1724
28,6,rest,0,22.961182519,22.967325026,1724,0.000000000,12.100,48,11,0,1,true,1724
28,6,rest,0,22.973178759,22.979340585,1724,0.000000000,12.000,48,11,0,1,true,1724
28,6,rest,0,22.985254944,22.991168639,1724,0.000000000,12.000,48,12,0,1,true,1724
28,6,rest,0,22.997120464,23.003302198,1724,0.000000000,12.000,48,11,0,1,true,1724
28,6,rest,0,23.009137434,23.015067689,1724,0.000000000,12.000,48,11,0,1,true,1724
28,6,rest,0,23.021171915,23.027036024,1724,0.000000000,12.000,48,11,0,1,true,1724
28,6,rest,0,23.033186653,23.038770462,1724,0.000000000,12.000,48,11,0,1,true,1724
28,6,rest,0,23.044767530,23.051345141,1724,0.000000000,12.000,48,11,0,1,true,1724
28,6,rest,0,23.057190384,23.063118684,1724,0.000000000,12.000,48,11,0,1,true,1724
28,6,rest,0,23.069140209,23.075278137,1724,0.000000000,12.000,48,11,0,1,true,1724
28,6,rest,0,23.081182332,23.086970511,1724,0.000000000,12.000,48,11,0,1,true,1724
28,6,rest,0,23.093325808,23.098930946,1724,0.000000000,12.000,48,11,0,1,true,1724
28,6,rest,0,23.105288918,23.111166996,1724,0.000000000,12.000,48,11,0,1,true,1724
28,6,rest,0,23.116872904,23.123189296,1724,0.000000000,12.000,48,11,0,1,true,1724
28,6,rest,0,23.129282702,23.135170453,1724,0.000000000,12.000,48,11,0,1,true,1724
28,6,rest,0,23.141072151,23.146887821,1724,0.000000000,12.000,48,11,0,1,true,1724
28,6,rest,0,23.152963264,23.159204045,1724,0.000000000,12.000,48,11,0,1,true,1724
28,6,rest,0,23.165262301,23.171220099,1724,0.000000000,12.000,48,11,0,1,true,1724
28,6,rest,0,23.177049363,23.183123951,1724,0.000000000,12.000,48,11,0,1,true,1724
28,6,rest,0,23.189093028,23.195260613,1724,0.000000000,12.000,48,11,0,1,true,1724
28,6,rest,0,23.201219282,23.207132886,1724,0.000000000,12.000,48,11,0,1,true,1724
28,6,rest,0,23.213135709,23.219414843,1724,0.000000000,12.000,48,12,0,1,true,1724
28,6,rest,0,23.225289657,23.231237278,1724,0.000000000,12.000,48,11,0,1,true,1724
28,6,rest,0,23.237064672,23.243243587,1724,0.000000000,12.000,48,11,0,1,true,1724
28,6,rest,0,23.249096973,23.255124279,1724,0.000000000,12.100,48,11,0,1,true,1724
28,6,rest,0,23.261567821,23.267744246,1724,0.000000000,12.100,48,11,0,1,true,1724
28,6,rest,0,23.274363079,23.279136958,1724,0.000000000,12.100,48,11,0,1,true,1724
28,6,rest,0,23.286828048,23.291189548,1724,0.000000000,12.100,48,11,0,1,true,1724
28,6,rest,0,23.297033036,23.303772828,1724,0.000000000,12.100,48,11,0,1,true,1724
28,6,rest,0,23.309282001,23.315240228,1724,0.000000000,12.100,48,11,0,1,true,1724
28,6,rest,0,23.321031954,23.327328793,1724,0.000000000,12.100,48,11,0,1,true,1724
28,6,rest,0,23.333038883,23.339143937,1724,0.000000000,12.100,48,11,0,1,true,1724
28,6,rest,0,23.345217686,23.351168148,1724,0.000000000,12.100,48,11,0,1,true,1724
28,6,rest,0,23.357131073,23.363041303,1724,0.000000000,12.100,48,11,0,1,true,1724
28,6,rest,0,23.369240210,23.376383493,1724,0.000000000,12.100,48,12,0,1,true,1724
28,6,rest,0,23.381853468,23.387206187,1724,0.000000000,12.100,48,11,0,1,true,1724
28,6,rest,0,23.393054404,23.399226473,1724,0.000000000,12.100,48,11,0,1,true,1724
28,6,rest,0,23.405042158,23.411211432,1724,0.000000000,12.100,48,11,0,1,true,1724
28,6,rest,0,23.417143953,23.423402075,1724,0.000000000,12.100,48,11,0,1,true,1724
28,6,rest,0,23.429068773,23.435248227,1724,0.000000000,12.100,48,11,0,1,true,1724
28,6,rest,0,23.441058008,23.447187032,1724,0.000000000,12.100,48,11,0,1,true,1724
28,6,rest,0,23.453342754,23.459199817,1724,0.000000000,12.100,48,11,0,1,true,1724
28,6,rest,0,23.465279473,23.471420536,1724,0.000000000,12.100,48,11,0,1,true,1724
28,6,rest,0,23.477283533,23.483326483,1724,0.000000000,12.100,48,11,0,1,true,1724
28,6,rest,0,23.489053213,23.495425439,1724,0.000000000,12.100,48,11,0,1,true,1724
28,6,rest,0,23.501248178,23.507210828,1724,0.000000000,12.100,48,11,0,1,true,1724
28,6,rest,0,23.513294906,23.520139765,1724,0.000000000,12.100,48,11,0,1,true,1724
29,6,pulse,-25,23.610747090,23.615287321,1724,0.000000000,12.100,48,13,0,0,true,1724
29,6,pulse,-25,23.621333322,23.627252589,1724,0.000000000,12.100,48,15,0,0,true,1724
29,6,pulse,-25,23.633154567,23.639411963,1724,0.000000000,12.100,48,16,0,0,true,1724
29,6,pulse,-25,23.645273885,23.651307279,1724,0.000000000,12.100,48,17,0,0,true,1724
29,6,pulse,-25,23.657231699,23.663335081,1724,0.000000000,12.100,48,17,0,0,true,1724
29,6,pulse,-25,23.669213277,23.675352424,1724,0.000000000,12.000,48,17,0,0,true,1724
29,6,pulse,-25,23.681374737,23.687358582,1724,0.000000000,12.100,48,17,0,0,true,1724
29,6,pulse,-25,23.693259672,23.699261957,1724,0.000000000,12.100,48,17,0,0,true,1724
29,6,rest,0,23.711236603,23.718443397,1724,0.000000000,12.000,48,14,0,1,true,1724
29,6,rest,0,23.725894777,23.735657629,1724,0.000000000,12.000,48,13,0,1,true,1724
29,6,rest,0,23.741678210,23.747882547,1724,0.000000000,12.000,48,12,0,1,true,1724
29,6,rest,0,23.753690019,23.761529158,1724,0.000000000,12.000,48,11,0,1,true,1724
29,6,rest,0,23.771408543,23.778893492,1724,0.000000000,12.000,48,11,0,1,true,1724
29,6,rest,0,23.784429517,23.790047289,1724,0.000000000,12.100,48,11,0,1,true,1724
29,6,rest,0,23.795576566,23.801591785,1724,0.000000000,12.000,48,11,0,1,true,1724
29,6,rest,0,23.807565894,23.813650143,1724,0.000000000,12.000,48,11,0,1,true,1724
29,6,rest,0,23.820552144,23.825800433,1724,0.000000000,12.000,48,11,0,1,true,1724
29,6,rest,0,23.831678639,23.837981957,1724,0.000000000,12.000,48,11,0,1,true,1724
29,6,rest,0,23.843746402,23.856017882,1724,0.000000000,12.000,48,11,0,1,true,1724
29,6,rest,0,23.861584518,23.867611418,1724,0.000000000,12.000,48,11,0,1,true,1724
29,6,rest,0,23.873588762,23.879673602,1724,0.000000000,12.000,48,11,0,1,true,1724
29,6,rest,0,23.885600810,23.891618135,1724,0.000000000,12.000,48,11,0,1,true,1724
29,6,rest,0,23.897546172,23.904103250,1724,0.000000000,12.000,48,11,0,1,true,1724
29,6,rest,0,23.909516399,23.915291112,1724,0.000000000,12.000,48,11,0,1,true,1724
29,6,rest,0,23.921597647,23.927433359,1724,0.000000000,12.000,48,11,0,1,true,1724
29,6,rest,0,23.933158506,23.939576076,1724,0.000000000,12.000,48,11,0,1,true,1724
29,6,rest,0,23.945612218,23.951345966,1724,0.000000000,12.000,48,11,0,1,true,1724
29,6,rest,0,23.956842206,23.963226846,1724,0.000000000,12.000,48,11,0,1,true,1724
29,6,rest,0,23.969715475,23.975088347,1724,0.000000000,12.000,48,11,0,1,true,1724
29,6,rest,0,23.981097532,23.987192617,1724,0.000000000,12.000,48,11,0,1,true,1724
29,6,rest,0,23.993177913,23.999257238,1724,0.000000000,12.000,48,12,0,1,true,1724
29,6,rest,0,24.005366908,24.011368106,1724,0.000000000,12.000,48,11,0,1,true,1724
29,6,rest,0,24.017325909,24.023853762,1724,0.000000000,12.000,48,11,0,1,true,1724
29,6,rest,0,24.029353777,24.034795858,1724,0.000000000,12.000,48,11,0,1,true,1724
29,6,rest,0,24.041347717,24.047072790,1724,0.000000000,12.000,48,11,0,1,true,1724
29,6,rest,0,24.053295865,24.059388959,1724,0.000000000,12.000,48,11,0,1,true,1724
29,6,rest,0,24.065282377,24.071118390,1724,0.000000000,12.000,48,11,0,1,true,1724
29,6,rest,0,24.077134625,24.083362635,1724,0.000000000,12.000,48,11,0,1,true,1724
29,6,rest,0,24.089254687,24.095249135,1724,0.000000000,12.000,48,11,0,1,true,1724
29,6,rest,0,24.101258761,24.107209655,1724,0.000000000,12.000,48,11,0,1,true,1724
29,6,rest,0,24.113092074,24.119248304,1724,0.000000000,12.100,48,12,0,1,true,1724
29,6,rest,0,24.125275302,24.131307566,1724,0.000000000,12.000,48,11,0,1,true,1724
29,6,rest,0,24.137224574,24.143339929,1724,0.000000000,12.000,48,11,0,1,true,1724
29,6,rest,0,24.149275525,24.155258098,1724,0.000000000,12.000,48,11,0,1,true,1724
29,6,rest,0,24.161388320,24.167184429,1724,0.000000000,12.000,48,11,0,1,true,1724
29,6,rest,0,24.173125143,24.178774035,1724,0.000000000,12.100,48,11,0,1,true,1724
29,6,rest,0,24.185293553,24.191535836,1724,0.000000000,12.100,48,11,0,1,true,1724
29,6,rest,0,24.197251604,24.203308723,1724,0.000000000,12.000,48,11,0,1,true,1724
29,6,rest,0,24.208893181,24.215225561,1724,0.000000000,12.000,48,11,0,1,true,1724
29,6,rest,0,24.221284691,24.227305950,1724,0.000000000,12.000,48,11,0,1,true,1724
29,6,rest,0,24.233134926,24.239404421,1724,0.000000000,12.000,48,11,0,1,true,1724
29,6,rest,0,24.245142899,24.250815157,1724,0.000000000,12.000,48,11,0,1,true,1724
29,6,rest,0,24.257224114,24.263217105,1724,0.000000000,12.000,48,11,0,1,true,1724
29,6,rest,0,24.269115112,24.275193954,1724,0.000000000,12.000,48,11,0,1,true,1724
29,6,rest,0,24.281196276,24.287338358,1724,0.000000000,12.000,48,11,0,1,true,1724
29,6,rest,0,24.293043806,24.299186866,1724,0.000000000,12.000,48,11,0,1,true,1724
30,6,pulse,50,24.389265061,24.395283943,1724,0.000000000,12.100,48,15,0,0,true,1724
30,6,pulse,50,24.401218120,24.407025449,1724,0.000000000,12.100,48,18,0,0,true,1724
30,6,pulse,50,24.413012326,24.418871381,1724,0.000000000,12.100,48,18,0,0,true,1724
30,6,pulse,50,24.425110332,24.430884890,1724,0.000000000,12.000,48,20,0,0,true,1724
30,6,pulse,50,24.436770048,24.443210689,1724,0.000000000,12.000,48,20,0,0,true,1724
30,6,pulse,50,24.448684987,24.454715412,1725,0.000000000,12.000,48,19,0,0,true,1725
30,6,pulse,50,24.460694846,24.467131164,1725,0.076699039,12.000,48,19,0,0,true,1725
30,6,pulse,50,24.472887867,24.478769655,1726,0.153398079,12.000,48,19,0,0,true,1726
30,6,rest,0,24.491252008,24.497047081,1728,0.153398079,12.000,48,15,0,1,true,1728
30,6,rest,0,24.503335026,24.509137401,1728,0.000000000,12.000,48,13,0,1,true,1728
30,6,rest,0,24.514849963,24.521115108,1728,0.000000000,12.000,48,12,0,1,true,1728
30,6,rest,0,24.526668341,24.532903120,1728,0.000000000,12.000,48,12,0,1,true,1728
30,6,rest,0,24.538997335,24.545087024,1728,0.000000000,12.000,48,11,0,1,true,1728
30,6,rest,0,24.551103607,24.557106252,1728,0.000000000,12.000,48,11,0,1,true,1728
30,6,rest,0,24.562668476,24.568921044,1728,0.000000000,12.000,48,11,0,1,true,1728
30,6,rest,0,24.575083541,24.580720875,1728,0.000000000,12.000,48,11,0,1,true,1728
30,6,rest,0,24.586936363,24.593144689,1728,0.000000000,12.000,48,11,0,1,true,1728
30,6,rest,0,24.599031834,24.605269464,1728,0.000000000,12.000,48,11,0,1,true,1728
30,6,rest,0,24.611175018,24.617084017,1728,0.000000000,12.000,48,11,0,1,true,1728
30,6,rest,0,24.622755530,24.629063747,1728,0.000000000,12.000,48,11,0,1,true,1728
30,6,rest,0,24.634708749,24.641202337,1728,0.000000000,12.000,48,12,0,1,true,1728
30,6,rest,0,24.646830314,24.652983759,1728,0.000000000,12.000,48,11,0,1,true,1728
30,6,rest,0,24.659207629,24.665233129,1728,0.000000000,12.000,48,11,0,1,true,1728
30,6,rest,0,24.671269830,24.676707997,1728,0.000000000,12.000,48,11,0,1,true,1728
30,6,rest,0,24.683129555,24.689278274,1728,0.000000000,12.000,48,11,0,1,true,1728
30,6,rest,0,24.695101720,24.700840752,1728,0.000000000,12.000,48,11,0,1,true,1728
30,6,rest,0,24.706911523,24.713222030,1728,0.000000000,12.000,48,11,0,1,true,1728
30,6,rest,0,24.719388387,24.725115554,1728,0.000000000,12.000,48,11,0,1,true,1728
30,6,rest,0,24.730848261,24.737129853,1728,0.000000000,12.000,48,11,0,1,true,1728
30,6,rest,0,24.743105650,24.748859114,1728,0.000000000,12.000,48,11,0,1,true,1728
30,6,rest,0,24.754942521,24.761241767,1728,0.000000000,12.000,48,11,0,1,true,1728
30,6,rest,0,24.767015780,24.773129090,1728,0.000000000,12.000,48,11,0,1,true,1728
30,6,rest,0,24.779110120,24.785291340,1728,0.000000000,12.000,48,11,0,1,true,1728
30,6,rest,0,24.790784953,24.797166914,1728,0.000000000,12.000,48,11,0,1,true,1728
30,6,rest,0,24.803135353,24.809176003,1728,0.000000000,12.000,48,11,0,1,true,1728
30,6,rest,0,24.815030915,24.821063642,1728,0.000000000,12.000,48,11,0,1,true,1728
30,6,rest,0,24.826844098,24.833120304,1728,0.000000000,12.000,48,11,0,1,true,1728
30,6,rest,0,24.839057675,24.845203834,1728,0.000000000,12.000,48,11,0,1,true,1728
30,6,rest,0,24.850806601,24.856670574,1728,0.000000000,12.000,48,11,0,1,true,1728
30,6,rest,0,24.862966276,24.869306745,1728,0.000000000,12.000,48,12,0,1,true,1728
30,6,rest,0,24.875077206,24.881216918,1728,0.000000000,12.000,48,11,0,1,true,1728
30,6,rest,0,24.887222175,24.893277230,1728,0.000000000,12.000,48,11,0,1,true,1728
30,6,rest,0,24.899184372,24.905188619,1728,0.000000000,12.000,48,11,0,1,true,1728
30,6,rest,0,24.910655270,24.917057268,1728,0.000000000,12.000,48,11,0,1,true,1728
30,6,rest,0,24.922662090,24.929234057,1728,0.000000000,12.000,48,11,0,1,true,1728
30,6,rest,0,24.934694317,24.941049770,1728,0.000000000,12.000,48,11,0,1,true,1728
30,6,rest,0,24.947147556,24.952863872,1728,0.000000000,12.100,48,11,0,1,true,1728
30,6,rest,0,24.959230990,24.964939071,1728,0.000000000,12.100,48,11,0,1,true,1728
30,6,rest,0,24.970848845,24.977126754,1728,0.000000000,12.100,48,11,0,1,true,1728
30,6,rest,0,24.983026241,24.989052860,1728,0.000000000,12.100,48,11,0,1,true,1728
30,6,rest,0,24.995242107,25.000714745,1728,0.000000000,12.100,48,11,0,1,true,1728
30,6,rest,0,25.006880221,25.013328658,1728,0.000000000,12.100,48,11,0,1,true,1728
30,6,rest,0,25.019046489,25.024901494,1728,0.000000000,12.100,48,11,0,1,true,1728
30,6,rest,0,25.031165165,25.037210393,1728,0.000000000,12.100,48,11,0,1,true,1728
30,6,rest,0,25.043070047,25.048938365,1728,0.000000000,12.100,48,11,0,1,true,1728
30,6,rest,0,25.055335989,25.061238963,1728,0.000000000,12.100,48,11,0,1,true,1728
30,6,rest,0,25.066945154,25.072959291,1728,0.000000000,12.100,48,11,0,1,true,1728
30,6,rest,0,25.079037316,25.085199531,1728,0.000000000,12.000,48,12,0,1,true,1728
31,6,pulse,-50,25.175214653,25.181051282,1728,0.000000000,12.100,48,16,0,0,true,1728
31,6,pulse,-50,25.187068102,25.192993657,1728,0.000000000,12.100,48,20,0,0,true,1728
31,6,pulse,-50,25.198569004,25.205200916,1728,0.000000000,12.100,48,22,0,0,true,1728
31,6,pulse,-50,25.211078519,25.216984917,1728,0.000000000,12.100,48,23,0,0,true,1728
31,6,pulse,-50,25.222806413,25.228994883,1728,0.000000000,12.100,48,23,0,0,true,1728
31,6,pulse,-50,25.235084787,25.240583625,1728,0.000000000,12.000,48,24,0,0,true,1728
31,6,pulse,-50,25.246798766,25.252962602,1728,0.000000000,12.000,48,22,0,0,true,1728
31,6,pulse,-50,25.258516144,25.264889244,1728,0.000000000,12.000,48,21,0,0,true,1728
31,6,rest,0,25.276829520,25.282926435,1726,-0.153398079,12.000,48,21,0,1,true,1726
31,6,rest,0,25.288860128,25.294891294,1726,0.000000000,12.000,48,16,0,1,true,1726
31,6,rest,0,25.300497182,25.306535364,1726,0.000000000,12.000,48,14,0,1,true,1726
31,6,rest,0,25.312828987,25.318971729,1726,0.000000000,12.100,48,12,0,1,true,1726
31,6,rest,0,25.324701976,25.331073115,1726,0.000000000,12.000,48,12,0,1,true,1726
31,6,rest,0,25.336865774,25.342605647,1726,0.000000000,12.100,48,11,0,1,true,1726
31,6,rest,0,25.349107534,25.355234606,1726,0.000000000,12.100,48,11,0,1,true,1726
31,6,rest,0,25.360922101,25.366896345,1726,0.000000000,12.100,48,11,0,1,true,1726
31,6,rest,0,25.373031037,25.379110770,1726,0.000000000,12.100,48,11,0,1,true,1726
31,6,rest,0,25.385074376,25.391131661,1726,0.000000000,12.100,48,11,0,1,true,1726
31,6,rest,0,25.397085749,25.403047720,1726,0.000000000,12.100,48,11,0,1,true,1726
31,6,rest,0,25.409050884,25.414770925,1726,0.000000000,12.100,48,11,0,1,true,1726
31,6,rest,0,25.420657148,25.427037413,1726,0.000000000,12.100,48,11,0,1,true,1726
31,6,rest,0,25.432977047,25.438783943,1726,0.000000000,12.100,48,11,0,1,true,1726
31,6,rest,0,25.444635813,25.451091580,1726,0.000000000,12.100,48,11,0,1,true,1726
31,6,rest,0,25.456974648,25.463221864,1726,0.000000000,12.100,48,11,0,1,true,1726
31,6,rest,0,25.468788088,25.475098545,1726,0.000000000,12.100,48,11,0,1,true,1726
31,6,rest,0,25.480907882,25.486601589,1726,0.000000000,12.100,48,11,0,1,true,1726
31,6,rest,0,25.493149417,25.499187327,1726,0.000000000,12.100,48,11,0,1,true,1726
31,6,rest,0,25.505081230,25.510986132,1726,0.000000000,12.100,48,11,0,1,true,1726
31,6,rest,0,25.517162630,25.523106038,1726,0.000000000,12.100,48,11,0,1,true,1726
31,6,rest,0,25.528908766,25.535033673,1726,0.000000000,12.100,48,11,0,1,true,1726
31,6,rest,0,25.540892690,25.547060022,1726,0.000000000,12.100,48,11,0,1,true,1726
31,6,rest,0,25.553073233,25.558964353,1726,0.000000000,12.100,48,11,0,1,true,1726
31,6,rest,0,25.564552396,25.571038254,1726,0.000000000,12.100,48,11,0,1,true,1726
31,6,rest,0,25.576834901,25.583101208,1726,0.000000000,12.100,48,11,0,1,true,1726
31,6,rest,0,25.589018053,25.594926233,1726,0.000000000,12.000,48,11,0,1,true,1726
31,6,rest,0,25.600964018,25.607157819,1726,0.000000000,12.000,48,11,0,1,true,1726
31,6,rest,0,25.613162820,25.619329481,1726,0.000000000,12.000,48,11,0,1,true,1726
31,6,rest,0,25.624635370,25.631120978,1726,0.000000000,12.100,48,11,0,1,true,1726
31,6,rest,0,25.636654841,25.642741568,1726,0.000000000,12.100,48,11,0,1,true,1726
31,6,rest,0,25.648771706,25.655084607,1726,0.000000000,12.000,48,11,0,1,true,1726
31,6,rest,0,25.661110598,25.667052543,1726,0.000000000,12.000,48,11,0,1,true,1726
31,6,rest,0,25.673030638,25.678787272,1726,0.000000000,12.000,48,11,0,1,true,1726
31,6,rest,0,25.685221027,25.691210690,1726,0.000000000,12.100,48,11,0,1,true,1726
31,6,rest,0,25.696942998,25.702769494,1726,0.000000000,12.000,48,11,0,1,true,1726
31,6,rest,0,25.709148784,25.714688815,1726,0.000000000,12.100,48,12,0,1,true,1726
31,6,rest,0,25.720735268,25.726832253,1726,0.000000000,12.100,48,12,0,1,true,1726
31,6,rest,0,25.732991453,25.739035525,1726,0.000000000,12.100,48,11,0,1,true,1726
31,6,rest,0,25.744928048,25.750828426,1726,0.000000000,12.100,48,11,0,1,true,1726
31,6,rest,0,25.756891434,25.763176067,1726,0.000000000,12.100,48,11,0,1,true,1726
31,6,rest,0,25.768970343,25.775118955,1726,0.000000000,12.100,48,11,0,1,true,1726
31,6,rest,0,25.780839476,25.786760583,1726,0.000000000,12.100,48,11,0,1,true,1726
31,6,rest,0,25.792735993,25.799008130,1726,0.000000000,12.100,48,11,0,1,true,1726
31,6,rest,0,25.804900557,25.811191948,1726,0.000000000,12.100,48,11,0,1,true,1726
31,6,rest,0,25.817213245,25.823035933,1726,0.000000000,12.100,48,11,0,1,true,1726
31,6,rest,0,25.828665138,25.834556829,1726,0.000000000,12.100,48,11,0,1,true,1726
31,6,rest,0,25.840695007,25.846710618,1726,0.000000000,12.100,48,11,0,1,true,1726
31,6,rest,0,25.853069330,25.858867940,1726,0.000000000,12.100,48,11,0,1,true,1726
31,6,rest,0,25.865146559,25.870846858,1726,0.000000000,12.100,48,11,0,1,true,1726
32,6,pulse,50,25.961085083,25.966824759,1726,0.000000000,12.100,48,16,0,0,true,1726
32,6,pulse,50,25.972764017,25.978545502,1726,0.000000000,12.100,48,16,0,0,true,1726
32,6,pulse,50,25.984543848,25.990721901,1726,0.000000000,12.100,48,19,0,0,true,1726
32,6,pulse,50,25.996657732,26.002597076,1726,0.000000000,12.100,48,21,0,0,true,1726
32,6,pulse,50,26.008506992,26.014534482,1726,0.000000000,12.100,48,22,0,0,true,1726
32,6,pulse,50,26.020518688,26.026576618,1726,0.000000000,12.100,48,23,0,0,true,1726
32,6,pulse,50,26.032666847,26.038528972,1726,0.000000000,12.100,48,23,0,0,true,1726
32,6,pulse,50,26.044811144,26.050633121,1726,0.000000000,12.100,48,23,0,0,true,1726
32,6,rest,0,26.062579720,26.068738784,1726,0.000000000,12.100,48,17,0,1,true,1726
32,6,rest,0,26.074468472,26.080636022,1726,0.000000000,12.100,48,14,0,1,true,1726
32,6,rest,0,26.086592053,26.092671624,1726,0.000000000,12.100,48,12,0,1,true,1726
32,6,rest,0,26.098723782,26.104829754,1726,0.000000000,12.100,48,12,0,1,true,1726
32,6,rest,0,26.110804655,26.116771722,1726,0.000000000,12.100,48,11,0,1,true,1726
32,6,rest,0,26.122616882,26.128694817,1726,0.000000000,12.100,48,11,0,1,true,1726
32,6,rest,0,26.135021441,26.140565638,1726,0.000000000,12.100,48,11,0,1,true,1726
32,6,rest,0,26.146527098,26.152780633,1726,0.000000000,12.100,48,11,0,1,true,1726
32,6,rest,0,26.158929864,26.164840037,1726,0.000000000,12.100,48,11,0,1,true,1726
32,6,rest,0,26.170732082,26.176464192,1726,0.000000000,12.100,48,11,0,1,true,1726
32,6,rest,0,26.182748019,26.188613133,1726,0.000000000,12.100,48,11,0,1,true,1726
32,6,rest,0,26.194730547,26.200631952,1726,0.000000000,12.100,48,11,0,1,true,1726
32,6,rest,0,26.206796230,26.212726197,1726,0.000000000,12.100,48,11,0,1,true,1726
32,6,rest,0,26.218498165,26.224559257,1726,0.000000000,12.100,48,11,0,1,true,1726
32,6,rest,0,26.230698844,26.236653993,1726,0.000000000,12.100,48,11,0,1,true,1726
32,6,rest,0,26.242475411,26.248540363,1726,0.000000000,12.100,48,11,0,1,true,1726
32,6,rest,0,26.254789857,26.260905571,1726,0.000000000,12.100,48,11,0,1,true,1726
32,6,rest,0,26.266754896,26.272782086,1726,0.000000000,12.100,48,11,0,1,true,1726
32,6,rest,0,26.278441312,26.284857152,1726,0.000000000,12.100,48,11,0,1,true,1726
32,6,rest,0,26.290619903,26.296790107,1726,0.000000000,12.100,48,11,0,1,true,1726
32,6,rest,0,26.302660446,26.308664057,1726,0.000000000,12.100,48,11,0,1,true,1726
32,6,rest,0,26.314714528,26.320643958,1726,0.000000000,12.100,48,11,0,1,true,1726
32,6,rest,0,26.326808231,26.332496605,1726,0.000000000,12.000,48,11,0,1,true,1726
32,6,rest,0,26.338570133,26.344566486,1726,0.000000000,12.000,48,11,0,1,true,1726
32,6,rest,0,26.350595721,26.356856346,1726,0.000000000,12.000,48,11,0,1,true,1726
32,6,rest,0,26.362866275,26.368511503,1726,0.000000000,12.000,48,11,0,1,true,1726
32,6,rest,0,26.374436231,26.380655758,1726,0.000000000,12.000,48,11,0,1,true,1726
32,6,rest,0,26.386572878,26.392634177,1726,0.000000000,12.000,48,11,0,1,true,1726
32,6,rest,0,26.398573802,26.404866047,1726,0.000000000,12.000,48,11,0,1,true,1726
32,6,rest,0,26.410648611,26.416662256,1726,0.000000000,12.000,48,11,0,1,true,1726
32,6,rest,0,26.422712676,26.428683091,1726,0.000000000,12.000,48,11,0,1,true,1726
32,6,rest,0,26.434537811,26.440681415,1726,0.000000000,12.000,48,11,0,1,true,1726
32,6,rest,0,26.446611496,26.452608536,1726,0.000000000,12.000,48,11,0,1,true,1726
32,6,rest,0,26.458785313,26.464598727,1726,0.000000000,12.000,48,11,0,1,true,1726
32,6,rest,0,26.470503490,26.476468889,1726,0.000000000,12.000,48,11,0,1,true,1726
32,6,rest,0,26.482572952,26.488562996,1726,0.000000000,12.000,48,11,0,1,true,1726
32,6,rest,0,26.494539651,26.500568974,1726,0.000000000,12.000,48,11,0,1,true,1726
32,6,rest,0,26.506353656,26.512751316,1726,0.000000000,12.000,48,11,0,1,true,1726
32,6,rest,0,26.518845781,26.524486585,1726,0.000000000,12.000,48,11,0,1,true,1726
32,6,rest,0,26.530611867,26.536460466,1726,0.000000000,12.000,48,11,0,1,true,1726
32,6,rest,0,26.542902494,26.548393253,1726,0.000000000,12.000,48,11,0,1,true,1726
32,6,rest,0,26.554467068,26.560577370,1726,0.000000000,12.000,48,11,0,1,true,1726
32,6,rest,0,26.566570927,26.572540278,1726,0.000000000,12.000,48,11,0,1,true,1726
32,6,rest,0,26.578384489,26.584411419,1726,0.000000000,12.000,48,11,0,1,true,1726
32,6,rest,0,26.590468800,26.596554855,1726,0.000000000,12.000,48,11,0,1,true,1726
32,6,rest,0,26.602450183,26.608599975,1726,0.000000000,12.000,48,11,0,1,true,1726
32,6,rest,0,26.614584935,26.620631972,1726,0.000000000,12.000,48,11,0,1,true,1726
32,6,rest,0,26.626363625,26.632473701,1726,0.000000000,12.000,48,11,0,1,true,1726
32,6,rest,0,26.638380093,26.644554210,1726,0.000000000,12.000,48,11,0,1,true,1726
32,6,rest,0,26.650549895,26.656469988,1726,0.000000000,12.000,48,11,0,1,true,1726
33,6,pulse,-50,26.746655783,26.752394799,1726,0.000000000,12.100,48,16,0,0,true,1726
33,6,pulse,-50,26.758605332,26.764434690,1726,0.000000000,12.100,48,20,0,0,true,1726
33,6,pulse,-50,26.770424620,26.776543147,1726,0.000000000,12.000,49,22,0,0,true,1726
33,6,pulse,-50,26.782646761,26.788483081,1726,0.000000000,12.000,48,24,0,0,true,1726
33,6,pulse,-50,26.794575235,26.800394321,1726,0.000000000,12.000,48,24,0,0,true,1726
33,6,pulse,-50,26.806740668,26.812386195,1726,0.000000000,12.000,48,24,0,0,true,1726
33,6,pulse,-50,26.818765188,26.824521436,1726,0.000000000,12.000,48,24,0,0,true,1726
33,6,pulse,-50,26.830498544,26.836770771,1726,0.000000000,12.000,49,24,0,0,true,1726
33,6,rest,0,26.848474775,26.854602371,1726,0.000000000,12.000,48,24,0,1,true,1726
33,6,rest,0,26.860574755,26.866496580,1726,0.000000000,12.000,49,17,0,1,true,1726
33,6,rest,0,26.872461690,26.878571853,1726,0.000000000,12.000,48,14,0,1,true,1726
33,6,rest,0,26.884460165,26.890589962,1726,0.000000000,12.000,48,13,0,1,true,1726
33,6,rest,0,26.896650280,26.902498201,1726,0.000000000,12.000,48,12,0,1,true,1726
33,6,rest,0,26.908559026,26.914624826,1726,0.000000000,12.000,48,11,0,1,true,1726
33,6,rest,0,26.920800645,26.926500110,1726,0.000000000,12.000,48,11,0,1,true,1726
33,6,rest,0,26.932488901,26.938540545,1726,0.000000000,12.000,48,11,0,1,true,1726
33,6,rest,0,26.944559810,26.950493240,1726,0.000000000,12.000,49,11,0,1,true,1726
33,6,rest,0,26.956512824,26.962379409,1726,0.000000000,12.000,48,11,0,1,true,1726
33,6,rest,0,26.968403793,26.974380144,1726,0.000000000,12.000,48,11,0,1,true,1726
33,6,rest,0,26.980486070,26.986413188,1726,0.000000000,12.000,48,11,0,1,true,1726
33,6,rest,0,26.992559926,26.998464960,1726,0.000000000,12.000,48,11,0,1,true,1726
33,6,rest,0,27.004407676,27.010546698,1726,0.000000000,12.000,49,11,0,1,true,1726
33,6,rest,0,27.016300948,27.022655835,1726,0.000000000,12.000,49,12,0,1,true,1726
33,6,rest,0,27.028353200,27.034379003,1726,0.000000000,12.000,49,11,0,1,true,1726
33,6,rest,0,27.040388606,27.046422624,1726,0.000000000,12.000,49,11,0,1,true,1726
33,6,rest,0,27.052523685,27.058644510,1726,0.000000000,12.000,48,11,0,1,true,1726
33,6,rest,0,27.064413540,27.070779579,1726,0.000000000,12.000,48,11,0,1,true,1726
33,6,rest,0,27.076631466,27.082525905,1726,0.000000000,12.000,48,11,0,1,true,1726
33,6,rest,0,27.088367980,27.094411707,1726,0.000000000,12.000,48,11,0,1,true,1726
33,6,rest,0,27.100522200,27.106569183,1726,0.000000000,12.000,49,11,0,1,true,1726
33,6,rest,0,27.112289245,27.118459212,1726,0.000000000,12.000,49,11,0,1,true,1726
33,6,rest,0,27.124456235,27.130470918,1726,0.000000000,12.000,49,11,0,1,true,1726
33,6,rest,0,27.136702682,27.143126080,1726,0.000000000,12.000,49,11,0,1,true,1726
33,6,rest,0,27.148534635,27.154601050,1726,0.000000000,12.000,49,11,0,1,true,1726
33,6,rest,0,27.160502037,27.166503120,1726,0.000000000,12.000,48,11,0,1,true,1726
33,6,rest,0,27.172546494,27.178566546,1726,0.000000000,12.000,48,11,0,1,true,1726
33,6,rest,0,27.184378031,27.190494190,1726,0.000000000,12.000,49,11,0,1,true,1726
33,6,rest,0,27.196328548,27.202466858,1726,0.000000000,12.000,49,11,0,1,true,1726
33,6,rest,0,27.208587361,27.214397428,1726,0.000000000,12.000,49,11,0,1,true,1726
33,6,rest,0,27.220493824,27.227181667,1726,0.000000000,12.000,49,11,0,1,true,1726
33,6,rest,0,27.232356006,27.238314853,1726,0.000000000,12.000,49,11,0,1,true,1726
33,6,rest,0,27.244505245,27.250556254,1726,0.000000000,12.000,49,11,0,1,true,1726
33,6,rest,0,27.256669744,27.262595001,1726,0.000000000,12.000,49,11,0,1,true,1726
33,6,rest,0,27.268265883,27.274428131,1726,0.000000000,12.000,49,11,0,1,true,1726
33,6,rest,0,27.280559019,27.286573472,1726,0.000000000,12.000,49,11,0,1,true,1726
33,6,rest,0,27.292576248,27.298535372,1726,0.000000000,12.000,49,11,0,1,true,1726
33,6,rest,0,27.304675706,27.310318974,1726,0.000000000,12.000,49,11,0,1,true,1726
33,6,rest,0,27.316476254,27.322643004,1726,0.000000000,12.000,49,11,0,1,true,1726
33,6,rest,0,27.328543246,27.334523633,1726,0.000000000,12.000,49,11,0,1,true,1726
33,6,rest,0,27.340522511,27.346311190,1726,0.000000000,12.000,49,11,0,1,true,1726
33,6,rest,0,27.352603634,27.358569569,1726,0.000000000,12.000,49,11,0,1,true,1726
33,6,rest,0,27.364347336,27.370417364,1726,0.000000000,12.000,48,11,0,1,true,1726
33,6,rest,0,27.376631749,27.382552249,1726,0.000000000,12.000,49,11,0,1,true,1726
33,6,rest,0,27.388519188,27.394355675,1726,0.000000000,12.000,49,11,0,1,true,1726
33,6,rest,0,27.400571809,27.406657205,1726,0.000000000,12.000,49,11,0,1,true,1726
33,6,rest,0,27.412381869,27.418455287,1726,0.000000000,12.000,49,11,0,1,true,1726
33,6,rest,0,27.424611563,27.430374309,1726,0.000000000,12.000,49,11,0,1,true,1726
33,6,rest,0,27.436599103,27.442542724,1726,0.000000000,12.000,49,11,0,1,true,1726
34,6,pulse,50,27.532417208,27.538510557,1726,0.000000000,12.100,49,10,0,0,true,1726
34,6,pulse,50,27.544502703,27.550442807,1726,0.000000000,12.100,49,16,0,0,true,1726
34,6,pulse,50,27.556509227,27.562520588,1726,0.000000000,12.100,49,19,0,0,true,1726
34,6,pulse,50,27.568480274,27.574469974,1726,0.000000000,12.000,49,21,0,0,true,1726
34,6,pulse,50,27.580283384,27.586493258,1726,0.000000000,12.000,49,22,0,0,true,1726
34,6,pulse,50,27.592294390,27.598327184,1726,0.000000000,12.000,49,22,0,0,true,1726
34,6,pulse,50,27.604369333,27.610404350,1726,0.000000000,12.000,49,23,0,0,true,1726
34,6,pulse,50,27.616424005,27.622422284,1726,0.000000000,12.000,49,23,0,0,true,1726
34,6,rest,0,27.634234867,27.640428137,1726,0.000000000,12.000,49,17,0,1,true,1726
34,6,rest,0,27.646287684,27.652403191,1726,0.000000000,12.000,49,14,0,1,true,1726
34,6,rest,0,27.658326747,27.664283268,1726,0.000000000,12.000,49,13,0,1,true,1726
34,6,rest,0,27.670379988,27.676331138,1726,0.000000000,12.000,49,12,0,1,true,1726
34,6,rest,0,27.682183066,27.688237867,1726,0.000000000,12.000,49,11,0,1,true,1726
34,6,rest,0,27.694406993,27.700386023,1726,0.000000000,12.100,49,11,0,1,true,1726
34,6,rest,0,27.706439488,27.712391763,1726,0.000000000,12.100,49,11,0,1,true,1726
34,6,rest,0,27.718435466,27.724529390,1726,0.000000000,12.100,49,11,0,1,true,1726
34,6,rest,0,27.730210935,27.736368013,1726,0.000000000,12.100,49,11,0,1,true,1726
34,6,rest,0,27.742602118,27.748514869,1726,0.000000000,12.100,49,12,0,1,true,1726
34,6,rest,0,27.754542803,27.760488851,1726,0.000000000,12.100,49,12,0,1,true,1726
34,6,rest,0,27.766400432,27.772455895,1726,0.000000000,12.100,49,11,0,1,true,1726
34,6,rest,0,27.778303826,27.784477071,1726,0.000000000,12.100,49,11,0,1,true,1726
34,6,rest,0,27.790377073,27.796484298,1726,0.000000000,12.100,49,12,0,1,true,1726
34,6,rest,0,27.802302882,27.808452578,1726,0.000000000,12.100,49,11,0,1,true,1726
34,6,rest,0,27.814469559,27.820481623,1726,0.000000000,12.100,49,11,0,1,true,1726
34,6,rest,0,27.826337768,27.832608502,1726,0.000000000,12.100,49,11,0,1,true,1726
34,6,rest,0,27.838793557,27.844778133,1726,0.000000000,12.100,49,11,0,1,true,1726
34,6,rest,0,27.851361244,27.856747693,1726,0.000000000,12.100,49,11,0,1,true,1726
34,6,rest,0,27.862548938,27.869120258,1726,0.000000000,12.100,49,11,0,1,true,1726
34,6,rest,0,27.876478968,27.881527548,1726,0.000000000,12.100,49,11,0,1,true,1726
34,6,rest,0,27.887539979,27.892722538,1726,0.000000000,12.100,49,11,0,1,true,1726
34,6,rest,0,27.898533630,27.905811513,1726,0.000000000,12.100,49,11,0,1,true,1726
34,6,rest,0,27.910501991,27.922810011,1726,0.000000000,12.100,49,11,0,1,true,1726
34,6,rest,0,27.928503189,27.935480598,1726,0.000000000,12.000,49,11,0,1,true,1726
34,6,rest,0,27.940525388,27.947023521,1726,0.000000000,12.000,49,11,0,1,true,1726
34,6,rest,0,27.952516983,27.958717878,1726,0.000000000,12.000,49,11,0,1,true,1726
34,6,rest,0,27.964781286,27.970834088,1726,0.000000000,12.000,49,11,0,1,true,1726
34,6,rest,0,27.976559733,27.982737543,1726,0.000000000,12.000,49,11,0,1,true,1726
34,6,rest,0,27.988777916,27.994683753,1726,0.000000000,12.000,49,11,0,1,true,1726
34,6,rest,0,28.000700386,28.006806320,1726,0.000000000,12.100,49,12,0,1,true,1726
34,6,rest,0,28.012773126,28.018797486,1726,0.000000000,12.100,49,11,0,1,true,1726
34,6,rest,0,28.024746055,28.034816397,1726,0.000000000,12.000,49,11,0,1,true,1726
34,6,rest,0,28.046016713,28.054632450,1726,0.000000000,12.000,49,11,0,1,true,1726
34,6,rest,0,28.060754524,28.066607055,1726,0.000000000,12.000,49,11,0,1,true,1726
34,6,rest,0,28.072746533,28.078737860,1726,0.000000000,12.000,49,11,0,1,true,1726
34,6,rest,0,28.085561668,28.091378670,1726,0.000000000,12.000,49,12,0,1,true,1726
34,6,rest,0,28.097005216,28.102751981,1726,0.000000000,12.000,49,11,0,1,true,1726
34,6,rest,0,28.109430867,28.114699281,1726,0.000000000,12.000,49,11,0,1,true,1726
34,6,rest,0,28.120674842,28.126918166,1726,0.000000000,12.000,49,11,0,1,true,1726
34,6,rest,0,28.132546334,28.138565851,1726,0.000000000,12.000,49,11,0,1,true,1726
34,6,rest,0,28.145667519,28.150764531,1726,0.000000000,12.000,49,11,0,1,true,1726
34,6,rest,0,28.157555687,28.162750016,1726,0.000000000,12.000,49,11,0,1,true,1726
34,6,rest,0,28.169180902,28.175040034,1726,0.000000000,12.000,49,11,0,1,true,1726
34,6,rest,0,28.180946996,28.188206199,1726,0.000000000,12.000,49,11,0,1,true,1726
34,6,rest,0,28.192657130,28.199703843,1726,0.000000000,12.000,49,11,0,1,true,1726
34,6,rest,0,28.204780894,28.210528429,1726,0.000000000,12.000,49,11,0,1,true,1726
34,6,rest,0,28.216777375,28.222787244,1726,0.000000000,12.000,49,11,0,1,true,1726
35,6,pulse,-50,28.312861704,28.319047897,1726,0.000000000,12.100,49,10,0,0,true,1726
35,6,pulse,-50,28.324850209,28.330775165,1726,0.000000000,12.100,49,16,0,0,true,1726
35,6,pulse,-50,28.336531028,28.342981542,1726,0.000000000,12.000,49,20,0,0,true,1726
35,6,pulse,-50,28.348495101,28.354869537,1726,0.000000000,12.000,49,22,0,0,true,1726
35,6,pulse,-50,28.360650556,28.366586253,1726,0.000000000,12.000,49,23,0,0,true,1726
35,6,pulse,-50,28.372595238,28.378846281,1726,0.000000000,12.000,49,23,0,0,true,1726
35,6,pulse,-50,28.384544466,28.390830655,1726,0.000000000,12.000,49,24,0,0,true,1726
35,6,pulse,-50,28.398036722,28.402550203,1726,0.000000000,12.000,49,24,0,0,true,1726
35,6,rest,0,28.414650977,28.421701636,1726,0.000000000,12.000,49,18,0,1,true,1726
35,6,rest,0,28.426568502,28.432626853,1726,0.000000000,12.000,49,14,0,1,true,1726
35,6,rest,0,28.438690594,28.444673547,1726,0.000000000,12.000,49,13,0,1,true,1726
35,6,rest,0,28.450664223,28.456667732,1726,0.000000000,12.100,49,12,0,1,true,1726
35,6,rest,0,28.462681672,28.468557824,1726,0.000000000,12.100,49,11,0,1,true,1726
35,6,rest,0,28.474586697,28.480679474,1726,0.000000000,12.100,49,11,0,1,true,1726
35,6,rest,0,28.486600258,28.493888532,1726,0.000000000,12.100,49,11,0,1,true,1726
35,6,rest,0,28.498618023,28.504481316,1726,0.000000000,12.100,49,11,0,1,true,1726
35,6,rest,0,28.510693168,28.517063750,1726,0.000000000,12.100,49,11,0,1,true,1726
35,6,rest,0,28.522670561,28.528679822,1726,0.000000000,12.100,49,11,0,1,true,1726
35,6,rest,0,28.534732166,28.540835773,1726,0.000000000,12.100,49,11,0,1,true,1726
35,6,rest,0,28.546526209,28.552593916,1726,0.000000000,12.100,49,11,0,1,true,1726
35,6,rest,0,28.558553556,28.564632974,1726,0.000000000,12.100,49,11,0,1,true,1726
35,6,rest,0,28.570479201,28.576715723,1726,0.000000000,12.100,49,11,0,1,true,1726
35,6,rest,0,28.582738336,28.588544461,1726,0.000000000,12.100,49,11,0,1,true,1726
35,6,rest,0,28.594698942,28.600607582,1726,0.000000000,12.100,49,11,0,1,true,1726
35,6,rest,0,28.606763449,28.612609246,1726,0.000000000,12.100,49,11,0,1,true,1726
35,6,rest,0,28.618713713,28.624639527,1726,0.000000000,12.100,49,12,0,1,true,1726
35,6,rest,0,28.630659461,28.636684956,1726,0.000000000,12.100,49,11,0,1,true,1726
35,6,rest,0,28.642664170,28.648601899,1726,0.000000000,12.100,49,12,0,1,true,1726
35,6,rest,0,28.654643586,28.660603497,1726,0.000000000,12.100,49,11,0,1,true,1726
35,6,rest,0,28.666599019,28.672504152,1726,0.000000000,12.100,49,11,0,1,true,1726
35,6,rest,0,28.678624074,28.684486169,1726,0.000000000,12.100,49,11,0,1,true,1726
35,6,rest,0,28.690661623,28.696853040,1726,0.000000000,12.100,49,11,0,1,true,1726
35,6,rest,0,28.702512530,28.708638316,1726,0.000000000,12.100,49,11,0,1,true,1726
35,6,rest,0,28.714677281,28.720560029,1726,0.000000000,12.100,49,11,0,1,true,1726
35,6,rest,0,28.726604592,28.732545284,1726,0.000000000,12.100,49,11,0,1,true,1726
35,6,rest,0,28.738513796,28.744550949,1726,0.000000000,12.100,49,11,0,1,true,1726
35,6,rest,0,28.750688868,28.756564080,1726,0.000000000,12.000,49,12,0,1,true,1726
35,6,rest,0,28.762492026,28.768777711,1726,0.000000000,12.100,49,11,0,1,true,1726
35,6,rest,0,28.774622312,28.780719551,1726,0.000000000,12.100,49,11,0,1,true,1726
35,6,rest,0,28.786482736,28.792586053,1726,0.000000000,12.100,49,11,0,1,true,1726
35,6,rest,0,28.798653339,28.804793600,1726,0.000000000,12.000,49,11,0,1,true,1726
35,6,rest,0,28.810569702,28.816751250,1726,0.000000000,12.000,49,11,0,1,true,1726
35,6,rest,0,28.822670305,28.828551369,1726,0.000000000,12.000,49,11,0,1,true,1726
35,6,rest,0,28.834696292,28.840611826,1726,0.000000000,12.000,49,11,0,1,true,1726
35,6,rest,0,28.846724165,28.852689964,1726,0.000000000,12.100,49,11,0,1,true,1726
35,6,rest,0,28.858506581,28.864655240,1726,0.000000000,12.100,49,11,0,1,true,1726
35,6,rest,0,28.870712676,28.876567459,1726,0.000000000,12.100,49,11,0,1,true,1726
35,6,rest,0,28.882754306,28.888698614,1726,0.000000000,12.000,49,12,0,1,true,1726
35,6,rest,0,28.894868136,28.900786965,1726,0.000000000,12.000,49,11,0,1,true,1726
35,6,rest,0,28.906866981,28.912690864,1726,0.000000000,12.000,49,12,0,1,true,1726
35,6,rest,0,28.918661956,28.924682001,1726,0.000000000,12.000,49,11,0,1,true,1726
35,6,rest,0,28.930575376,28.936555156,1726,0.000000000,12.000,49,11,0,1,true,1726
35,6,rest,0,28.942624225,28.948746203,1726,0.000000000,12.000,49,11,0,1,true,1726
35,6,rest,0,28.954550653,28.960629361,1726,0.000000000,12.000,49,11,0,1,true,1726
35,6,rest,0,28.966533379,28.972777194,1726,0.000000000,12.000,49,11,0,1,true,1726
35,6,rest,0,28.978708007,28.984609551,1726,0.000000000,12.000,49,11,0,1,true,1726
35,6,rest,0,28.990585904,28.996706950,1726,0.000000000,12.000,49,11,0,1,true,1726
35,6,rest,0,29.002635177,29.008889736,1726,0.000000000,12.000,49,11,0,1,true,1726
36,7,pulse,25,29.104836182,29.110883805,1885,0.000000000,12.200,48,0,0,0,true,1885
36,7,pulse,25,29.116607619,29.122758502,1885,0.000000000,12.200,48,0,0,0,true,1885
36,7,pulse,25,29.128700797,29.134719303,1885,0.000000000,12.200,48,0,0,0,true,1885
36,7,pulse,25,29.140568834,29.146622019,1885,0.000000000,12.200,48,0,0,0,true,1885
36,7,pulse,25,29.152729474,29.158938341,1885,0.000000000,12.200,48,0,0,0,true,1885
36,7,pulse,25,29.164444385,29.171207110,1885,0.000000000,12.200,48,0,0,0,true,1885
36,7,pulse,25,29.176722825,29.182480465,1885,0.000000000,12.200,48,0,0,0,true,1885
36,7,pulse,25,29.188595833,29.194569743,1885,0.000000000,12.200,48,0,0,0,true,1885
36,7,rest,0,29.206460031,29.212629627,1885,0.000000000,12.200,48,0,0,1,true,1885
36,7,rest,0,29.218721485,29.224730750,1885,0.000000000,12.200,48,0,0,1,true,1885
36,7,rest,0,29.230799469,29.236659266,1885,0.000000000,12.200,48,0,0,1,true,1885
36,7,rest,0,29.242630173,29.248754855,1885,0.000000000,12.200,48,0,0,1,true,1885
36,7,rest,0,29.254998132,29.260587554,1885,0.000000000,12.200,48,0,0,1,true,1885
36,7,rest,0,29.266925518,29.272516110,1885,0.000000000,12.200,48,0,0,1,true,1885
36,7,rest,0,29.278653899,29.284609803,1885,0.000000000,12.200,48,0,0,1,true,1885
36,7,rest,0,29.290689305,29.296718899,1885,0.000000000,12.200,48,0,0,1,true,1885
36,7,rest,0,29.302656710,29.308890399,1885,0.000000000,12.200,48,0,0,1,true,1885
36,7,rest,0,29.315738259,29.320772328,1885,0.000000000,12.200,48,0,0,1,true,1885
36,7,rest,0,29.326656870,29.332497045,1885,0.000000000,12.200,48,0,0,1,true,1885
36,7,rest,0,29.338606530,29.344613033,1885,0.000000000,12.200,48,0,0,1,true,1885
36,7,rest,0,29.350649807,29.356631283,1885,0.000000000,12.200,48,0,0,1,true,1885
36,7,rest,0,29.362708170,29.369492187,1885,0.000000000,12.200,48,0,0,1,true,1885
36,7,rest,0,29.374832073,29.381187872,1885,0.000000000,12.200,48,0,0,1,true,1885
36,7,rest,0,29.386953629,29.392502725,1885,0.000000000,12.200,48,0,0,1,true,1885
36,7,rest,0,29.398836460,29.404836773,1885,0.000000000,12.200,48,0,0,1,true,1885
36,7,rest,0,29.410828724,29.416634240,1885,0.000000000,12.200,48,0,0,1,true,1885
36,7,rest,0,29.422752387,29.428561149,1885,0.000000000,12.200,48,0,0,1,true,1885
36,7,rest,0,29.434596285,29.440655747,1885,0.000000000,12.200,48,0,0,1,true,1885
36,7,rest,0,29.446677180,29.452688259,1885,0.000000000,12.200,48,0,0,1,true,1885
36,7,rest,0,29.458703089,29.464798660,1885,0.000000000,12.200,48,0,0,1,true,1885
36,7,rest,0,29.470616370,29.476647770,1885,0.000000000,12.200,48,0,0,1,true,1885
36,7,rest,0,29.482709825,29.488816556,1885,0.000000000,12.200,48,0,0,1,true,1885
36,7,rest,0,29.494773615,29.500941176,1885,0.000000000,12.200,48,0,0,1,true,1885
36,7,rest,0,29.506653314,29.512626854,1885,0.000000000,12.200,48,0,0,1,true,1885
36,7,rest,0,29.519420881,29.525341990,1885,0.000000000,12.200,48,0,0,1,true,1885
36,7,rest,0,29.530500497,29.536835082,1885,0.000000000,12.200,48,0,0,1,true,1885
36,7,rest,0,29.542705917,29.548621184,1885,0.000000000,12.200,48,0,0,1,true,1885
36,7,rest,0,29.554637480,29.560672350,1885,0.000000000,12.200,48,0,0,1,true,1885
36,7,rest,0,29.566800179,29.573344379,1885,0.000000000,12.200,48,0,0,1,true,1885
36,7,rest,0,29.581100704,29.592208782,1885,0.000000000,12.200,48,0,0,1,true,1885
36,7,rest,0,29.598714048,29.609383898,1885,0.000000000,12.200,48,0,0,1,true,1885
36,7,rest,0,29.614400397,29.620928269,1885,0.000000000,12.200,48,0,0,1,true,1885
36,7,rest,0,29.626821123,29.632512136,1885,0.000000000,12.200,48,0,0,1,true,1885
36,7,rest,0,29.639286904,29.645190937,1885,0.000000000,12.200,48,0,0,1,true,1885
36,7,rest,0,29.650385022,29.656531637,1885,0.000000000,12.200,48,0,0,1,true,1885
36,7,rest,0,29.663245355,29.668470669,1885,0.000000000,12.200,48,0,0,1,true,1885
36,7,rest,0,29.674943019,29.680880278,1885,0.000000000,12.200,48,0,0,1,true,1885
36,7,rest,0,29.686415579,29.692588177,1885,0.000000000,12.200,48,0,0,1,true,1885
36,7,rest,0,29.698739777,29.704670969,1885,0.000000000,12.200,48,0,0,1,true,1885
36,7,rest,0,29.710654365,29.716439379,1885,0.000000000,12.200,48,0,0,1,true,1885
36,7,rest,0,29.722514627,29.728677926,1885,0.000000000,12.200,48,0,0,1,true,1885
36,7,rest,0,29.734613824,29.740485166,1885,0.000000000,12.200,48,0,0,1,true,1885
36,7,rest,0,29.746555294,29.752809217,1885,0.000000000,12.100,48,0,0,1,true,1885
36,7,rest,0,29.758759434,29.765023446,1885,0.000000000,12.200,48,0,0,1,true,1885
36,7,rest,0,29.771080374,29.776601141,1885,0.000000000,12.200,48,0,0,1,true,1885
36,7,rest,0,29.783550227,29.788808145,1885,0.000000000,12.200,48,0,0,1,true,1885
36,7,rest,0,29.794619144,29.800610700,1885,0.000000000,12.200,48,0,0,1,true,1885
37,7,pulse,-25,29.890346682,29.896908255,1885,0.000000000,12.200,48,0,0,0,true,1885
37,7,pulse,-25,29.902763663,29.908667833,1885,0.000000000,12.200,48,0,0,0,true,1885
37,7,pulse,-25,29.914656113,29.920807227,1885,0.000000000,12.200,48,0,0,0,true,1885
37,7,pulse,-25,29.926527777,29.932605855,1885,0.000000000,12.200,48,0,0,0,true,1885
37,7,pulse,-25,29.938631847,29.944532407,1885,0.000000000,12.200,48,0,0,0,true,1885
37,7,pulse,-25,29.951444410,29.956527803,1885,0.000000000,12.200,48,0,0,0,true,1885
37,7,pulse,-25,29.962699613,29.969467073,1885,0.000000000,12.200,48,0,0,0,true,1885
37,7,pulse,-25,29.975311708,29.980892010,1885,0.000000000,12.200,48,0,0,0,true,1885
37,7,rest,0,29.992810882,29.998558038,1885,0.000000000,12.200,48,0,0,1,true,1885
37,7,rest,0,30.004550378,30.010964785,1885,0.000000000,12.200,48,0,0,1,true,1885
37,7,rest,0,30.017581433,30.022406471,1885,0.000000000,12.200,48,0,0,1,true,1885
37,7,rest,0,30.028497498,30.036134257,1885,0.000000000,12.200,48,0,0,1,true,1885
37,7,rest,0,30.041063425,30.046771212,1885,0.000000000,12.200,48,0,0,1,true,1885
37,7,rest,0,30.052609948,30.058574632,1885,0.000000000,12.200,48,0,0,1,true,1885
37,7,rest,0,30.064935612,30.070585253,1885,0.000000000,12.200,48,0,0,1,true,1885
37,7,rest,0,30.076324711,30.082493508,1885,0.000000000,12.200,48,0,0,1,true,1885
37,7,rest,0,30.088575377,30.094572886,1885,0.000000000,12.200,48,0,0,1,true,1885
37,7,rest,0,30.101014381,30.106483313,1885,0.000000000,12.200,48,0,0,1,true,1885
37,7,rest,0,30.112570430,30.118488328,1885,0.000000000,12.200,48,0,0,1,true,1885
37,7,rest,0,30.124794931,30.131212667,1885,0.000000000,12.200,48,0,0,1,true,1885
37,7,rest,0,30.136351200,30.142501844,1885,0.000000000,12.200,48,0,0,1,true,1885
37,7,rest,0,30.149035303,30.155165609,1885,0.000000000,12.200,48,0,0,1,true,1885
37,7,rest,0,30.160541021,30.167091372,1885,0.000000000,12.200,48,0,0,1,true,1885
37,7,rest,0,30.172697891,30.179362869,1885,0.000000000,12.200,48,0,0,1,true,1885
37,7,rest,0,30.184430129,30.190558647,1885,0.000000000,12.200,48,0,0,1,true,1885
37,7,rest,0,30.198268903,30.202708568,1885,0.000000000,12.200,48,0,0,1,true,1885
37,7,rest,0,30.209169573,30.215275103,1885,0.000000000,12.200,48,0,0,1,true,1885
37,7,rest,0,30.220647857,30.226531121,1885,0.000000000,12.200,48,0,0,1,true,1885
37,7,rest,0,30.233045815,30.238628633,1885,0.000000000,12.200,48,0,0,1,true,1885
37,7,rest,0,30.244673618,30.250689477,1885,0.000000000,12.200,48,0,0,1,true,1885
37,7,rest,0,30.256742788,30.263394002,1885,0.000000000,12.200,48,0,0,1,true,1885
37,7,rest,0,30.269027419,30.275205991,1885,0.000000000,12.200,48,0,0,1,true,1885
37,7,rest,0,30.280502842,30.286376711,1885,0.000000000,12.200,48,0,0,1,true,1885
37,7,rest,0,30.292636395,30.298824573,1885,0.000000000,12.200,48,0,0,1,true,1885
37,7,rest,0,30.304486711,30.310708572,1885,0.000000000,12.200,48,0,0,1,true,1885
37,7,rest,0,30.317007507,30.322531427,1885,0.000000000,12.200,48,0,0,1,true,1885
37,7,rest,0,30.329188543,30.335532109,1885,0.000000000,12.200,48,0,0,1,true,1885
37,7,rest,0,30.340777511,30.346400651,1885,0.000000000,12.200,48,0,0,1,true,1885
37,7,rest,0,30.352661562,30.358820365,1885,0.000000000,12.200,48,0,0,1,true,1885
37,7,rest,0,30.364480992,30.370931627,1885,0.000000000,12.200,48,0,0,1,true,1885
37,7,rest,0,30.376941506,30.382712941,1885,0.000000000,12.200,48,0,0,1,true,1885
37,7,rest,0,30.388416795,30.394601847,1885,0.000000000,12.200,48,0,0,1,true,1885
37,7,rest,0,30.402785578,30.412479557,1885,0.000000000,12.200,48,0,0,1,true,1885
37,7,rest,0,30.418382714,30.424813233,1885,0.000000000,12.200,48,0,0,1,true,1885
37,7,rest,0,30.430635552,30.436401595,1885,0.000000000,12.200,48,0,0,1,true,1885
37,7,rest,0,30.442731327,30.448773557,1885,0.000000000,12.200,48,0,0,1,true,1885
37,7,rest,0,30.454431612,30.460697912,1885,0.000000000,12.200,48,0,0,1,true,1885
37,7,rest,0,30.467905217,30.472599093,1885,0.000000000,12.200,48,0,0,1,true,1885
37,7,rest,0,30.478836207,30.485290307,1885,0.000000000,12.200,48,0,0,1,true,1885
37,7,rest,0,30.490495762,30.496806887,1885,0.000000000,12.200,48,0,0,1,true,1885
37,7,rest,0,30.502742297,30.509583313,1885,0.000000000,12.200,48,0,0,1,true,1885
37,7,rest,0,30.514448678,30.521480310,1885,0.000000000,12.200,48,0,0,1,true,1885
37,7,rest,0,30.527155400,30.534216197,1885,0.000000000,12.200,48,0,0,1,true,1885
37,7,rest,0,30.538873338,30.546036242,1885,0.000000000,12.200,48,0,0,1,true,1885
37,7,rest,0,30.550532060,30.556630222,1885,0.000000000,12.200,48,0,0,1,true,1885
37,7,rest,0,30.562719237,30.569475370,1885,0.000000000,12.200,48,0,0,1,true,1885
37,7,rest,0,30.575137487,30.580612835,1885,0.000000000,12.200,48,0,0,1,true,1885
37,7,rest,0,30.586385285,30.592658088,1885,0.000000000,12.200,48,0,0,1,true,1885
38,7,pulse,25,30.683107423,30.688444087,1885,0.000000000,12.200,48,0,0,0,true,1885
38,7,pulse,25,30.694479840,30.701245111,1885,0.000000000,12.200,48,0,0,0,true,1885
38,7,pulse,25,30.706551324,30.712788860,1885,0.000000000,12.200,48,0,0,0,true,1885
38,7,pulse,25,30.719439373,30.724557897,1885,0.000000000,12.200,48,0,0,0,true,1885
38,7,pulse,25,30.730382358,30.736645959,1885,0.000000000,12.200,48,0,0,0,true,1885
38,7,pulse,25,30.742341487,30.748993097,1885,0.000000000,12.200,48,0,0,0,true,1885
38,7,pulse,25,30.754630467,30.760501265,1885,0.000000000,12.200,48,0,0,0,true,1885
38,7,pulse,25,30.766517644,30.772373108,1885,0.000000000,12.200,48,0,0,0,true,1885
38,7,rest,0,30.785214648,30.790539158,1885,0.000000000,12.200,48,0,0,1,true,1885
38,7,rest,0,30.796459381,30.802762666,1885,0.000000000,12.200,48,0,0,1,true,1885
38,7,rest,0,30.808842256,30.814456930,1885,0.000000000,12.200,48,0,0,1,true,1885
38,7,rest,0,30.821352903,30.826865259,1885,0.000000000,12.200,48,0,0,1,true,1885
38,7,rest,0,30.832767213,30.838697313,1885,0.000000000,12.200,48,0,0,1,true,1885
38,7,rest,0,30.845261714,30.850529257,1885,0.000000000,12.200,48,0,0,1,true,1885
38,7,rest,0,30.856897955,30.862495701,1885,0.000000000,12.200,48,0,0,1,true,1885
38,7,rest,0,30.869348903,30.875578465,1885,0.000000000,12.200,48,0,0,1,true,1885
38,7,rest,0,30.880676396,30.886377202,1885,0.000000000,12.200,48,0,0,1,true,1885
38,7,rest,0,30.892599106,30.898931595,1885,0.000000000,12.200,48,0,0,1,true,1885
38,7,rest,0,30.904644706,30.911844613,1885,0.000000000,12.200,48,0,0,1,true,1885
38,7,rest,0,30.917138489,30.922743205,1885,0.000000000,12.200,48,0,0,1,true,1885
38,7,rest,0,30.928534188,30.934588672,1885,0.000000000,12.200,48,0,0,1,true,1885
38,7,rest,0,30.944236520,30.952763633,1885,0.000000000,12.200,48,0,0,1,true,1885
38,7,rest,0,30.958682487,30.964752281,1885,0.000000000,12.200,48,0,0,1,true,1885
38,7,rest,0,30.970491810,30.976484256,1885,0.000000000,12.200,48,0,0,1,true,1885
38,7,rest,0,30.983076420,30.988341156,1885,0.000000000,12.200,48,0,0,1,true,1885
38,7,rest,0,30.994276228,31.002838030,1885,0.000000000,12.200,48,0,0,1,true,1885
38,7,rest,0,31.012489305,31.018729356,1885,0.000000000,12.200,48,0,0,1,true,1885
38,7,rest,0,31.024727162,31.030462201,1885,0.000000000,12.200,48,0,0,1,true,1885
38,7,rest,0,31.036845529,31.042665625,1885,0.000000000,12.200,48,0,0,1,true,1885
38,7,rest,0,31.048576248,31.054606213,1885,0.000000000,12.200,48,0,0,1,true,1885
38,7,rest,0,31.060268201,31.066310917,1885,0.000000000,12.200,48,0,0,1,true,1885
38,7,rest,0,31.072545065,31.078407342,1885,0.000000000,12.200,48,0,0,1,true,1885
38,7,rest,0,31.084354143,31.090425865,1885,0.000000000,12.200,48,0,0,1,true,1885
38,7,rest,0,31.097351631,31.102410703,1885,0.000000000,12.200,48,0,0,1,true,1885
38,7,rest,0,31.108780317,31.114394870,1885,0.000000000,12.200,48,0,0,1,true,1885
38,7,rest,0,31.120758801,31.127219991,1885,0.000000000,12.200,48,0,0,1,true,1885
38,7,rest,0,31.132355320,31.138748108,1885,0.000000000,12.200,48,0,0,1,true,1885
38,7,rest,0,31.144372811,31.150328096,1885,0.000000000,12.200,48,0,0,1,true,1885
38,7,rest,0,31.158048703,31.163429256,1885,0.000000000,12.200,48,0,0,1,true,1885
38,7,rest,0,31.168898215,31.174816476,1885,0.000000000,12.200,48,0,0,1,true,1885
38,7,rest,0,31.180276716,31.186428586,1885,0.000000000,12.200,48,0,0,1,true,1885
38,7,rest,0,31.193926086,31.198672096,1885,0.000000000,12.200,48,0,0,1,true,1885
38,7,rest,0,31.204887625,31.214636090,1885,0.000000000,12.200,48,0,0,1,true,1885
38,7,rest,0,31.222852371,31.228656455,1885,0.000000000,12.200,48,0,0,1,true,1885
38,7,rest,0,31.235575884,31.240501905,1885,0.000000000,12.200,48,0,0,1,true,1885
38,7,rest,0,31.246358625,31.252761707,1885,0.000000000,12.200,48,0,0,1,true,1885
38,7,rest,0,31.259073575,31.264632855,1885,0.000000000,12.200,48,0,0,1,true,1885
38,7,rest,0,31.270469494,31.276525571,1885,0.000000000,12.200,48,0,0,1,true,1885
38,7,rest,0,31.282455205,31.288765591,1885,0.000000000,12.200,48,0,0,1,true,1885
38,7,rest,0,31.295259165,31.300301745,1885,0.000000000,12.200,48,0,0,1,true,1885
38,7,rest,0,31.307628821,31.312455848,1885,0.000000000,12.200,48,0,0,1,true,1885
38,7,rest,0,31.318691317,31.324468781,1885,0.000000000,12.200,48,0,0,1,true,1885
38,7,rest,0,31.330290795,31.336683091,1885,0.000000000,12.200,48,0,0,1,true,1885
38,7,rest,0,31.342303363,31.348560730,1885,0.000000000,12.200,48,0,0,1,true,1885
38,7,rest,0,31.354813064,31.360443798,1885,0.000000000,12.200,48,0,0,1,true,1885
38,7,rest,0,31.366546265,31.372429943,1885,0.000000000,12.200,48,0,0,1,true,1885
39,7,pulse,-25,31.468846378,31.474538944,1885,0.000000000,12.200,48,0,0,0,true,1885
39,7,pulse,-25,31.481225958,31.486237650,1885,0.000000000,12.200,48,0,0,0,true,1885
39,7,pulse,-25,31.492552802,31.499076314,1885,0.000000000,12.200,48,0,0,0,true,1885
39,7,pulse,-25,31.504345300,31.510551276,1885,0.000000000,12.200,48,0,0,0,true,1885
39,7,pulse,-25,31.516967813,31.523754211,1885,0.000000000,12.200,48,0,0,0,true,1885
39,7,pulse,-25,31.528455456,31.535322443,1885,0.000000000,12.200,48,0,0,0,true,1885
39,7,pulse,-25,31.541103693,31.546554885,1885,0.000000000,12.200,48,0,0,0,true,1885
39,7,pulse,-25,31.552560326,31.558921010,1885,0.000000000,12.200,48,0,0,0,true,1885
39,7,rest,0,31.570572848,31.576593346,1885,0.000000000,12.200,48,0,0,1,true,1885
39,7,rest,0,31.582989378,31.588442048,1885,0.000000000,12.200,48,0,0,1,true,1885
39,7,rest,0,31.594370724,31.600606191,1885,0.000000000,12.200,48,0,0,1,true,1885
39,7,rest,0,31.606270373,31.614094398,1885,0.000000000,12.200,48,0,0,1,true,1885
39,7,rest,0,31.621577456,31.630361304,1885,0.000000000,12.200,48,0,0,1,true,1885
39,7,rest,0,31.636188044,31.642956266,1885,0.000000000,12.200,48,0,0,1,true,1885
39,7,rest,0,31.651717235,31.661978922,1885,0.000000000,12.200,48,0,0,1,true,1885
39,7,rest,0,31.666915092,31.672518675,1885,0.000000000,12.200,48,0,0,1,true,1885
39,7,rest,0,31.678211980,31.685343590,1885,0.000000000,12.200,48,0,0,1,true,1885
39,7,rest,0,31.690226266,31.696211775,1885,0.000000000,12.200,48,0,0,1,true,1885
39,7,rest,0,31.702745016,31.709708543,1885,0.000000000,12.200,48,0,0,1,true,1885
39,7,rest,0,31.714455718,31.720419353,1885,0.000000000,12.200,48,0,0,1,true,1885
39,7,rest,0,31.726429343,31.733308794,1885,0.000000000,12.200,48,0,0,1,true,1885
39,7,rest,0,31.738702158,31.744550905,1885,0.000000000,12.200,48,0,0,1,true,1885
39,7,rest,0,31.750614181,31.756669847,1885,0.000000000,12.200,48,0,0,1,true,1885
39,7,rest,0,31.762330003,31.768473194,1885,0.000000000,12.200,48,0,0,1,true,1885
39,7,rest,0,31.774413362,31.780445339,1885,0.000000000,12.200,48,0,0,1,true,1885
39,7,rest,0,31.786234449,31.792997607,1885,0.000000000,12.200,48,0,0,1,true,1885
39,7,rest,0,31.799390209,31.806048213,1885,0.000000000,12.200,48,0,0,1,true,1885
39,7,rest,0,31.810251149,31.816928013,1885,0.000000000,12.200,48,0,0,1,true,1885
39,7,rest,0,31.822446116,31.829171061,1885,0.000000000,12.200,48,0,0,1,true,1885
39,7,rest,0,31.834325367,31.840367496,1885,0.000000000,12.200,48,0,0,1,true,1885
39,7,rest,0,31.847588249,31.852544816,1885,0.000000000,12.200,48,0,0,1,true,1885
39,7,rest,0,31.860078913,31.864883706,1885,0.000000000,12.200,48,0,0,1,true,1885
39,7,rest,0,31.870782674,31.876897399,1885,0.000000000,12.200,48,0,0,1,true,1885
39,7,rest,0,31.882195304,31.888404601,1885,0.000000000,12.200,48,0,0,1,true,1885
39,7,rest,0,31.894668527,31.900858179,1885,0.000000000,12.200,48,0,0,1,true,1885
39,7,rest,0,31.907253898,31.912364163,1885,0.000000000,12.200,48,0,0,1,true,1885
39,7,rest,0,31.918389668,31.924335874,1885,0.000000000,12.200,48,0,0,1,true,1885
39,7,rest,0,31.930365196,31.936265772,1885,0.000000000,12.200,48,0,0,1,true,1885
39,7,rest,0,31.942994624,31.951218432,1885,0.000000000,12.200,48,0,0,1,true,1885
39,7,rest,0,31.961963426,31.966541040,1885,0.000000000,12.200,48,0,0,1,true,1885
39,7,rest,0,31.972434199,31.978271854,1885,0.000000000,12.200,48,0,0,1,true,1885
39,7,rest,0,31.984741438,31.990848741,1885,0.000000000,12.200,48,0,0,1,true,1885
39,7,rest,0,31.996430866,32.002892979,1885,0.000000000,12.200,48,0,0,1,true,1885
39,7,rest,0,32.008838641,32.014776839,1885,0.000000000,12.200,48,0,0,1,true,1885
39,7,rest,0,32.020233434,32.026651329,1885,0.000000000,12.200,48,0,0,1,true,1885
39,7,rest,0,32.033460944,32.038325471,1885,0.000000000,12.200,48,0,0,1,true,1885
39,7,rest,0,32.045002011,32.050683343,1885,0.000000000,12.200,48,0,0,1,true,1885
39,7,rest,0,32.056843168,32.062538789,1885,0.000000000,12.200,48,0,0,1,true,1885
39,7,rest,0,32.068835309,32.074343868,1885,0.000000000,12.200,48,0,0,1,true,1885
39,7,rest,0,32.080342972,32.086407786,1885,0.000000000,12.200,48,0,0,1,true,1885
39,7,rest,0,32.092327268,32.098330108,1885,0.000000000,12.200,48,0,0,1,true,1885
39,7,rest,0,32.104181611,32.110346236,1885,0.000000000,12.200,48,0,0,1,true,1885
39,7,rest,0,32.116318497,32.122846002,1885,0.000000000,12.200,48,0,0,1,true,1885
39,7,rest,0,32.129222869,32.134337688,1885,0.000000000,12.200,48,0,0,1,true,1885
39,7,rest,0,32.140318342,32.146684846,1885,0.000000000,12.200,48,0,0,1,true,1885
39,7,rest,0,32.152599187,32.158880903,1885,0.000000000,12.200,48,0,0,1,true,1885
39,7,rest,0,32.164352262,32.170358377,1885,0.000000000,12.200,48,0,0,1,true,1885
40,7,pulse,25,32.260308830,32.266415531,1885,0.000000000,12.200,48,0,0,0,true,1885
40,7,pulse,25,32.272232980,32.278639397,1885,0.000000000,12.200,48,0,0,0,true,1885
40,7,pulse,25,32.285127133,32.290188710,1885,0.000000000,12.200,48,0,0,0,true,1885
40,7,pulse,25,32.297149769,32.302799261,1885,0.000000000,12.200,48,0,0,0,true,1885
40,7,pulse,25,32.308256976,32.315482543,1885,0.000000000,12.200,48,0,0,0,true,1885
40,7,pulse,25,32.320408861,32.327181557,1885,0.000000000,12.200,48,0,0,0,true,1885
40,7,pulse,25,32.332417250,32.338384163,1885,0.000000000,12.200,48,0,0,0,true,1885
40,7,pulse,25,32.344953119,32.350449968,1885,0.000000000,12.200,48,0,0,0,true,1885
40,7,rest,0,32.362369643,32.368430609,1885,0.000000000,12.200,48,0,0,1,true,1885
40,7,rest,0,32.374276614,32.380374588,1885,0.000000000,12.200,48,0,0,1,true,1885
40,7,rest,0,32.386318950,32.392526107,1885,0.000000000,12.200,48,0,0,1,true,1885
40,7,rest,0,32.398768954,32.404265763,1885,0.000000000,12.200,48,0,0,1,true,1885
40,7,rest,0,32.412133756,32.416499553,1885,0.000000000,12.200,48,0,0,1,true,1885
40,7,rest,0,32.423115133,32.428177403,1885,0.000000000,12.200,48,0,0,1,true,1885
40,7,rest,0,32.434610457,32.441945293,1885,0.000000000,12.200,48,0,0,1,true,1885
40,7,rest,0,32.446422000,32.452828456,1885,0.000000000,12.200,48,0,0,1,true,1885
40,7,rest,0,32.458507408,32.464419573,1885,0.000000000,12.100,48,0,0,1,true,1885
40,7,rest,0,32.471386101,32.476654491,1885,0.000000000,12.200,48,0,0,1,true,1885
40,7,rest,0,32.484218818,32.488532023,1885,0.000000000,12.200,48,0,0,1,true,1885
40,7,rest,0,32.494267491,32.500964805,1885,0.000000000,12.200,48,0,0,1,true,1885
40,7,rest,0,32.506206691,32.512789736,1885,0.000000000,12.200,48,0,0,1,true,1885
40,7,rest,0,32.518419197,32.524274428,1885,0.000000000,12.200,48,0,0,1,true,1885
40,7,rest,0,32.530379564,32.536331896,1885,0.000000000,12.200,48,0,0,1,true,1885
40,7,rest,0,32.542596926,32.548374144,1885,0.000000000,12.200,48,0,0,1,true,1885
40,7,rest,0,32.555050373,32.561721033,1885,0.000000000,12.200,48,0,0,1,true,1885
40,7,rest,0,32.566332175,32.572519748,1885,0.000000000,12.200,48,0,0,1,true,1885
40,7,rest,0,32.578872569,32.584926719,1885,0.000000000,12.200,48,0,0,1,true,1885
40,7,rest,0,32.590315161,32.596313087,1885,0.000000000,12.200,48,0,0,1,true,1885
40,7,rest,0,32.602701786,32.608239942,1885,0.000000000,12.200,48,0,0,1,true,1885
40,7,rest,0,32.614356662,32.620432964,1885,0.000000000,12.200,48,0,0,1,true,1885
40,7,rest,0,32.626465859,32.632192044,1885,0.000000000,12.200,48,0,0,1,true,1885
40,7,rest,0,32.638294877,32.644549163,1885,0.000000000,12.200,48,0,0,1,true,1885
40,7,rest,0,32.652091716,32.656506452,1885,0.000000000,12.200,48,0,0,1,true,1885
40,7,rest,0,32.662551497,32.668284924,1885,0.000000000,12.200,48,0,0,1,true,1885
40,7,rest,0,32.674442149,32.680171024,1885,0.000000000,12.200,48,0,0,1,true,1885
40,7,rest,0,32.686707245,32.693564317,1885,0.000000000,12.200,48,0,0,1,true,1885
40,7,rest,0,32.699874311,32.704286042,1885,0.000000000,12.200,48,0,0,1,true,1885
40,7,rest,0,32.710470727,32.716230363,1885,0.000000000,12.200,48,0,0,1,true,1885
40,7,rest,0,32.724466306,32.734476201,1885,0.000000000,12.200,48,0,0,1,true,1885
40,7,rest,0,32.740238772,32.746331334,1885,0.000000000,12.200,48,0,0,1,true,1885
40,7,rest,0,32.752378696,32.758353399,1885,0.000000000,12.200,48,0,0,1,true,1885
40,7,rest,0,32.764999777,32.770964151,1885,0.000000000,12.200,48,0,0,1,true,1885
40,7,rest,0,32.776685089,32.782796520,1885,0.000000000,12.200,48,0,0,1,true,1885
40,7,rest,0,32.788031563,32.794373942,1885,0.000000000,12.200,48,0,0,1,true,1885
40,7,rest,0,32.800132057,32.806307697,1885,0.000000000,12.200,48,0,0,1,true,1885
40,7,rest,0,32.812311432,32.818315704,1885,0.000000000,12.200,48,0,0,1,true,1885
40,7,rest,0,32.824477533,32.831145125,1885,0.000000000,12.200,48,0,0,1,true,1885
40,7,rest,0,32.836621678,32.842310815,1885,0.000000000,12.200,48,0,0,1,true,1885
40,7,rest,0,32.848708507,32.855063006,1885,0.000000000,12.200,48,0,0,1,true,1885
40,7,rest,0,32.860109949,32.866316149,1885,0.000000000,12.200,48,0,0,1,true,1885
40,7,rest,0,32.872259477,32.878269492,1885,0.000000000,12.200,48,0,0,1,true,1885
40,7,rest,0,32.885169162,32.890327276,1885,0.000000000,12.200,48,0,0,1,true,1885
40,7,rest,0,32.896338710,32.902167945,1885,0.000000000,12.200,48,0,0,1,true,1885
40,7,rest,0,32.908320556,32.914680801,1885,0.000000000,12.200,48,0,0,1,true,1885
40,7,rest,0,32.921036231,32.926554861,1885,0.000000000,12.200,48,0,0,1,true,1885
40,7,rest,0,32.932556561,32.938255819,1885,0.000000000,12.200,48,0,0,1,true,1885
40,7,rest,0,32.944396397,32.950840921,1885,0.000000000,12.200,48,0,0,1,true,1885
41,7,pulse,-25,33.046270914,33.052803710,1885,0.000000000,12.200,48,0,0,0,true,1885
41,7,pulse,-25,33.058572185,33.064809129,1885,0.000000000,12.200,48,0,0,0,true,1885
41,7,pulse,-25,33.070980035,33.076154704,1885,0.000000000,12.200,48,0,0,0,true,1885
41,7,pulse,-25,33.083051715,33.088307628,1885,0.000000000,12.200,48,0,0,0,true,1885
41,7,pulse,-25,33.094676856,33.101807483,1885,0.000000000,12.200,48,0,0,0,true,1885
41,7,pulse,-25,33.106286241,33.112123146,1885,0.000000000,12.200,48,0,0,0,true,1885
41,7,pulse,-25,33.118396438,33.125775176,1885,0.000000000,12.200,48,0,0,0,true,1885
41,7,pulse,-25,33.130254706,33.136882086,1885,0.000000000,12.200,48,0,0,0,true,1885
41,7,rest,0,33.148818989,33.155975021,1885,0.000000000,12.200,48,0,0,1,true,1885
41,7,rest,0,33.160183552,33.166906642,1885,0.000000000,12.200,48,0,0,1,true,1885
41,7,rest,0,33.172270295,33.178400081,1885,0.000000000,12.200,48,0,0,1,true,1885
41,7,rest,0,33.184825369,33.190633094,1885,0.000000000,12.200,48,0,0,1,true,1885
41,7,rest,0,33.198704842,33.208831084,1885,0.000000000,12.200,48,0,0,1,true,1885
41,7,rest,0,33.214090872,33.220125931,1885,0.000000000,12.200,48,0,0,1,true,1885
41,7,rest,0,33.225992471,33.232135487,1885,0.000000000,12.200,48,0,0,1,true,1885
41,7,rest,0,33.238116204,33.244138894,1885,0.000000000,12.200,48,0,0,1,true,1885
41,7,rest,0,33.250153261,33.256298472,1885,0.000000000,12.200,48,0,0,1,true,1885
41,7,rest,0,33.262612320,33.271736822,1885,0.000000000,12.200,48,0,0,1,true,1885
41,7,rest,0,33.280161977,33.287877728,1885,0.000000000,12.200,48,0,0,1,true,1885
41,7,rest,0,33.292408198,33.299385414,1885,0.000000000,12.200,48,0,0,1,true,1885
41,7,rest,0,33.304068607,33.310176956,1885,0.000000000,12.200,48,0,0,1,true,1885
41,7,rest,0,33.316085571,33.322143771,1885,0.000000000,12.200,48,0,0,1,true,1885
41,7,rest,0,33.328232130,33.335233615,1885,0.000000000,12.200,48,0,0,1,true,1885
41,7,rest,0,33.341353418,33.346113648,1885,0.000000000,12.200,48,0,0,1,true,1885
41,7,rest,0,33.352185149,33.358885085,1885,0.000000000,12.200,48,0,0,1,true,1885
41,7,rest,0,33.365555026,33.372053147,1885,0.000000000,12.200,48,0,0,1,true,1885
41,7,rest,0,33.376277781,33.383399114,1885,0.000000000,12.200,48,0,0,1,true,1885
41,7,rest,0,33.388630057,33.394582166,1885,0.000000000,12.200,48,0,0,1,true,1885
41,7,rest,0,33.400589626,33.406280999,1885,0.000000000,12.200,48,0,0,1,true,1885
41,7,rest,0,33.414829420,33.426134391,1885,0.000000000,12.200,48,0,0,1,true,1885
41,7,rest,0,33.436563037,33.442284424,1885,0.000000000,12.200,48,0,0,1,true,1885
41,7,rest,0,33.448046721,33.455149931,1885,0.000000000,12.200,48,0,0,1,true,1885
41,7,rest,0,33.460323611,33.466263854,1885,0.000000000,12.200,48,0,0,1,true,1885
41,7,rest,0,33.472422568,33.478267919,1885,0.000000000,12.200,48,0,0,1,true,1885
41,7,rest,0,33.484779764,33.491766882,1885,0.000000000,12.200,48,0,0,1,true,1885
41,7,rest,0,33.496045353,33.502652655,1885,0.000000000,12.200,48,0,0,1,true,1885
41,7,rest,0,33.508417140,33.514071520,1885,0.000000000,12.200,48,0,0,1,true,1885
41,7,rest,0,33.522094901,33.527057049,1885,0.000000000,12.200,48,0,0,1,true,1885
41,7,rest,0,33.532625554,33.538077821,1885,0.000000000,12.200,48,0,0,1,true,1885
41,7,rest,0,33.544989469,33.550465541,1885,0.000000000,12.200,48,0,0,1,true,1885
41,7,rest,0,33.556115195,33.562277181,1885,0.000000000,12.200,48,0,0,1,true,1885
41,7,rest,0,33.568375855,33.574308246,1885,0.000000000,12.200,48,0,0,1,true,1885
41,7,rest,0,33.580029184,33.586248515,1885,0.000000000,12.200,48,0,0,1,true,1885
41,7,rest,0,33.592425757,33.598138301,1885,0.000000000,12.200,48,0,0,1,true,1885
41,7,rest,0,33.604954979,33.610476194,1885,0.000000000,12.200,48,0,0,1,true,1885
41,7,rest,0,33.616304364,33.624114090,1885,0.000000000,12.200,48,0,0,1,true,1885
41,7,rest,0,33.634701831,33.640605103,1885,0.000000000,12.200,48,0,0,1,true,1885
41,7,rest,0,33.646545050,33.652497065,1885,0.000000000,12.200,48,0,0,1,true,1885
41,7,rest,0,33.658183097,33.664281834,1885,0.000000000,12.200,48,0,0,1,true,1885
41,7,rest,0,33.670478813,33.676212607,1885,0.000000000,12.200,48,0,0,1,true,1885
41,7,rest,0,33.682341999,33.688172936,1885,0.000000000,12.200,48,0,0,1,true,1885
41,7,rest,0,33.694272764,33.700694020,1885,0.000000000,12.200,48,0,0,1,true,1885
41,7,rest,0,33.707313540,33.712387900,1885,0.000000000,12.200,48,0,0,1,true,1885
41,7,rest,0,33.718588909,33.724297534,1885,0.000000000,12.200,48,0,0,1,true,1885
41,7,rest,0,33.730267117,33.736200780,1885,0.000000000,12.200,48,0,0,1,true,1885
41,7,rest,0,33.742395765,33.748761358,1885,0.000000000,12.200,48,0,0,1,true,1885
42,7,pulse,50,33.844530157,33.850805166,1885,0.000000000,12.200,48,0,0,0,true,1885
42,7,pulse,50,33.856429464,33.862323746,1885,0.000000000,12.200,48,0,0,0,true,1885
42,7,pulse,50,33.868190410,33.874043659,1885,0.000000000,12.200,48,0,0,0,true,1885
42,7,pulse,50,33.880489043,33.886257345,1885,0.000000000,12.200,48,0,0,0,true,1885
42,7,pulse,50,33.892248408,33.898123787,1886,0.153398079,12.200,48,0,0,0,true,1886
42,7,pulse,50,33.904544380,33.910752219,1887,0.153398079,12.200,48,0,0,0,true,1887
42,7,pulse,50,33.916011306,33.922624908,1889,0.153398079,12.200,48,0,0,0,true,1889
42,7,pulse,50,33.928218959,33.934255164,1890,0.153398079,12.200,48,0,0,0,true,1890
42,7,rest,0,33.948164002,33.958198054,1892,0.153398079,12.200,48,0,0,1,true,1892
42,7,rest,0,33.964663395,33.970319401,1892,0.000000000,12.200,48,0,0,1,true,1892
42,7,rest,0,33.976460959,33.982679558,1892,0.000000000,12.200,48,0,0,1,true,1892
42,7,rest,0,33.988612025,33.994900584,1893,0.000000000,12.200,48,0,0,1,true,1893
42,7,rest,0,34.000454414,34.006611596,1893,0.076699039,12.200,48,0,0,1,true,1893
42,7,rest,0,34.012011754,34.019468798,1893,0.000000000,12.200,48,0,0,1,true,1893
42,7,rest,0,34.024135955,34.030242603,1893,0.000000000,12.200,48,0,0,1,true,1893
42,7,rest,0,34.036060195,34.042205850,1893,0.000000000,12.200,48,0,0,1,true,1893
42,7,rest,0,34.048444164,34.054178564,1893,0.000000000,12.200,48,0,0,1,true,1893
42,7,rest,0,34.061037465,34.066038744,1893,0.000000000,12.200,48,0,0,1,true,1893
42,7,rest,0,34.072666418,34.078569854,1893,0.000000000,12.200,48,0,0,1,true,1893
42,7,rest,0,34.083994972,34.090178494,1893,0.000000000,12.200,48,0,0,1,true,1893
42,7,rest,0,34.097768750,34.102136924,1893,0.000000000,12.200,48,0,0,1,true,1893
42,7,rest,0,34.108925423,34.114069519,1893,0.000000000,12.200,48,0,0,1,true,1893
42,7,rest,0,34.120582107,34.126065699,1893,0.000000000,12.200,48,0,0,1,true,1893
42,7,rest,0,34.133171862,34.139612344,1893,0.000000000,12.200,48,0,0,1,true,1893
42,7,rest,0,34.144064489,34.150094349,1893,0.000000000,12.200,48,0,0,1,true,1893
42,7,rest,0,34.156053025,34.162885909,1893,0.000000000,12.200,48,0,0,1,true,1893
42,7,rest,0,34.169710668,34.174402619,1893,0.000000000,12.200,48,0,0,1,true,1893
42,7,rest,0,34.180508940,34.186090767,1893,0.000000000,12.200,48,0,0,1,true,1893
42,7,rest,0,34.193145640,34.198111852,1893,0.000000000,12.200,48,0,0,1,true,1893
42,7,rest,0,34.204001419,34.210493793,1893,0.000000000,12.200,48,0,0,1,true,1893
42,7,rest,0,34.216134522,34.222319322,1893,0.000000000,12.200,48,0,0,1,true,1893
42,7,rest,0,34.228462864,34.234229612,1893,0.000000000,12.200,48,0,0,1,true,1893
42,7,rest,0,34.240215082,34.246438708,1893,0.000000000,12.200,48,0,0,1,true,1893
42,7,rest,0,34.252267724,34.257938889,1893,0.000000000,12.200,48,0,0,1,true,1893
42,7,rest,0,34.265033147,34.270972488,1893,0.000000000,12.200,48,0,0,1,true,1893
42,7,rest,0,34.276081180,34.283546988,1893,0.000000000,12.200,48,0,0,1,true,1893
42,7,rest,0,34.288200617,34.295524929,1893,0.000000000,12.200,48,0,0,1,true,1893
42,7,rest,0,34.301041039,34.306285727,1893,0.000000000,12.200,48,0,0,1,true,1893
42,7,rest,0,34.313663508,34.318277459,1893,0.000000000,12.200,48,0,0,1,true,1893
42,7,rest,0,34.323986265,34.330004129,1893,0.000000000,12.200,48,0,0,1,true,1893
42,7,rest,0,34.336114235,34.342338394,1893,0.000000000,12.200,48,0,0,1,true,1893
42,7,rest,0,34.349387916,34.354214954,1893,0.000000000,12.200,48,0,0,1,true,1893
42,7,rest,0,34.361870538,34.366945213,1893,0.000000000,12.200,48,0,0,1,true,1893
42,7,rest,0,34.372217758,34.378275358,1893,0.000000000,12.200,48,0,0,1,true,1893
42,7,rest,0,34.384737947,34.390041030,1893,0.000000000,12.200,48,0,0,1,true,1893
42,7,rest,0,34.396231494,34.402366533,1893,0.000000000,12.200,48,0,0,1,true,1893
42,7,rest,0,34.408420314,34.415525533,1893,0.000000000,12.200,48,0,0,1,true,1893
42,7,rest,0,34.420450777,34.427106450,1893,0.000000000,12.200,48,0,0,1,true,1893
42,7,rest,0,34.432215233,34.439190310,1893,0.000000000,12.200,48,0,0,1,true,1893
42,7,rest,0,34.444533048,34.450393773,1893,0.000000000,12.200,48,0,0,1,true,1893
42,7,rest,0,34.456207949,34.462385930,1893,0.000000000,12.200,48,0,0,1,true,1893
42,7,rest,0,34.468233943,34.474559843,1893,0.000000000,12.200,48,0,0,1,true,1893
42,7,rest,0,34.480501923,34.485993571,1893,0.000000000,12.200,48,0,0,1,true,1893
42,7,rest,0,34.493007676,34.499452408,1893,0.000000000,12.200,48,0,0,1,true,1893
42,7,rest,0,34.504198189,34.510643387,1893,0.000000000,12.200,48,0,0,1,true,1893
42,7,rest,0,34.516174968,34.522267688,1893,0.000000000,12.200,48,0,0,1,true,1893
42,7,rest,0,34.528287550,34.535050401,1893,0.000000000,12.200,48,0,0,1,true,1893
43,7,pulse,-50,34.632693056,34.642360546,1893,0.000000000,12.200,48,0,0,0,true,1893
43,7,pulse,-50,34.648044493,34.654272908,1893,0.000000000,12.200,48,0,0,0,true,1893
43,7,pulse,-50,34.660870573,34.666331910,1893,0.000000000,12.200,48,0,0,0,true,1893
43,7,pulse,-50,34.672913439,34.678093937,1893,0.000000000,12.100,48,0,0,0,true,1893
43,7,pulse,-50,34.684098749,34.690313047,1891,-0.153398079,12.100,48,0,0,0,true,1891
43,7,pulse,-50,34.696184915,34.702923303,1890,-0.153398079,12.100,48,0,0,0,true,1890
43,7,pulse,-50,34.708340875,34.715986673,1889,-0.153398079,12.100,48,0,0,0,true,1889
43,7,rest,0,34.733090098,34.738212203,1886,-0.076699039,12.100,48,0,0,1,true,1886
43,7,rest,0,34.744166411,34.750540220,1886,-0.076699039,12.100,48,0,0,1,true,1886
43,7,rest,0,34.756295581,34.762327159,1886,0.000000000,12.200,48,0,0,1,true,1886
43,7,rest,0,34.768352218,34.775125984,1886,0.000000000,12.200,48,0,0,1,true,1886
43,7,rest,0,34.780052348,34.786257148,1886,0.000000000,12.200,48,0,0,1,true,1886
43,7,rest,0,34.792202807,34.798133477,1886,0.000000000,12.100,48,0,0,1,true,1886
43,7,rest,0,34.804128460,34.810258054,1886,0.000000000,12.200,48,0,0,1,true,1886
43,7,rest,0,34.816696548,34.822424322,1886,0.000000000,12.200,48,0,0,1,true,1886
43,7,rest,0,34.828288185,34.834370982,1886,0.000000000,12.200,48,0,0,1,true,1886
43,7,rest,0,34.841845900,34.846053882,1886,0.000000000,12.200,48,0,0,1,true,1886
43,7,rest,0,34.852395176,34.858588944,1886,0.000000000,12.200,48,0,0,1,true,1886
43,7,rest,0,34.864319441,34.870468071,1886,0.000000000,12.200,48,0,0,1,true,1886
43,7,rest,0,34.876028697,34.882024622,1886,0.000000000,12.200,48,0,0,1,true,1886
43,7,rest,0,34.888468164,34.894052847,1886,0.000000000,12.200,48,0,0,1,true,1886
43,7,rest,0,34.900343892,34.906336144,1886,0.000000000,12.100,48,0,0,1,true,1886
43,7,rest,0,34.912015159,34.919587279,1886,0.000000000,12.100,48,0,0,1,true,1886
43,7,rest,0,34.924079461,34.931399061,1886,0.000000000,12.100,48,0,0,1,true,1886
43,7,rest,0,34.936203196,34.942187292,1886,0.000000000,12.200,48,0,0,1,true,1886
43,7,rest,0,34.950143844,34.960052169,1886,0.000000000,12.200,48,0,0,1,true,1886
43,7,rest,0,34.966350798,34.972512452,1886,0.000000000,12.100,48,0,0,1,true,1886
43,7,rest,0,34.978715857,34.984276211,1886,0.000000000,12.100,48,0,0,1,true,1886
43,7,rest,0,34.990279463,34.996262616,1886,0.000000000,12.100,48,0,0,1,true,1886
43,7,rest,0,35.002225320,35.008192401,1886,0.000000000,12.100,48,0,0,1,true,1886
43,7,rest,0,35.014438501,35.020280521,1886,0.000000000,12.100,48,0,0,1,true,1886
43,7,rest,0,35.025984113,35.032426964,1886,0.000000000,12.200,48,0,0,1,true,1886
43,7,rest,0,35.038336859,35.044418954,1886,0.000000000,12.200,48,0,0,1,true,1886
43,7,rest,0,35.050180857,35.056240544,1886,0.000000000,12.200,48,0,0,1,true,1886
43,7,rest,0,35.062021923,35.068319600,1886,0.000000000,12.200,48,0,0,1,true,1886
43,7,rest,0,35.074158830,35.080760894,1886,0.000000000,12.200,48,0,0,1,true,1886
43,7,rest,0,35.086164440,35.092193655,1886,0.000000000,12.100,48,0,0,1,true,1886
43,7,rest,0,35.098133551,35.104886961,1886,0.000000000,12.200,48,0,0,1,true,1886
43,7,rest,0,35.110411004,35.116916236,1886,0.000000000,12.100,48,0,0,1,true,1886
43,7,rest,0,35.122287238,35.128785011,1886,0.000000000,12.200,48,0,0,1,true,1886
43,7,rest,0,35.135772869,35.141055311,1886,0.000000000,12.200,48,0,0,1,true,1886
43,7,rest,0,35.146281002,35.152251090,1886,0.000000000,12.200,48,0,0,1,true,1886
43,7,rest,0,35.158264146,35.164622518,1886,0.000000000,12.200,48,0,0,1,true,1886
43,7,rest,0,35.169994932,35.176874887,1886,0.000000000,12.200,48,0,0,1,true,1886
43,7,rest,0,35.182336558,35.188572782,1886,0.000000000,12.200,48,0,0,1,true,1886
43,7,rest,0,35.194169370,35.200493347,1886,0.000000000,12.200,48,0,0,1,true,1886
43,7,rest,0,35.206177789,35.212289710,1886,0.000000000,12.200,48,0,0,1,true,1886
43,7,rest,0,35.219236389,35.224734703,1886,0.000000000,12.200,48,0,0,1,true,1886
43,7,rest,0,35.230649804,35.236301390,1886,0.000000000,12.200,48,0,0,1,true,1886
43,7,rest,0,35.242071233,35.249318232,1886,0.000000000,12.200,48,0,0,1,true,1886
43,7,rest,0,35.254576125,35.260135890,1886,0.000000000,12.200,48,0,0,1,true,1886
43,7,rest,0,35.266192824,35.272554382,1886,0.000000000,12.200,48,0,0,1,true,1886
43,7,rest,0,35.278153187,35.284894766,1886,0.000000000,12.200,48,0,0,1,true,1886
43,7,rest,0,35.290397870,35.296103983,1886,0.000000000,12.200,48,0,0,1,true,1886
43,7,rest,0,35.302908243,35.308672014,1886,0.000000000,12.200,48,0,0,1,true,1886
43,7,rest,0,35.316140061,35.326287416,1886,0.000000000,12.200,48,0,0,1,true,1886
44,7,pulse,50,35.422383800,35.428279719,1886,0.000000000,12.200,48,0,0,0,true,1886
44,7,pulse,50,35.435771523,35.441400786,1886,0.000000000,12.200,48,0,0,0,true,1886
44,7,pulse,50,35.446247724,35.452361413,1886,0.000000000,12.200,48,0,0,0,true,1886
44,7,pulse,50,35.458394271,35.464428059,1886,0.000000000,12.200,48,0,0,0,true,1886
44,7,pulse,50,35.470018355,35.476493845,1887,0.000000000,12.200,48,0,0,0,true,1887
44,7,pulse,50,35.483354801,35.488083466,1888,0.153398079,12.200,48,0,0,0,true,1888
44,7,pulse,50,35.494545089,35.500469298,1889,0.153398079,12.200,48,0,0,0,true,1889
44,7,pulse,50,35.509767923,35.518280585,1891,0.230097118,12.200,48,0,0,0,true,1891
44,7,rest,0,35.530028154,35.536125843,1893,0.153398079,12.200,48,0,0,1,true,1893
44,7,rest,0,35.542098134,35.548095535,1893,0.076699039,12.200,48,0,0,1,true,1893
44,7,rest,0,35.554799534,35.561987988,1893,0.000000000,12.200,48,0,0,1,true,1893
44,7,rest,0,35.573872644,35.578434084,1893,0.000000000,12.200,48,0,0,1,true,1893
44,7,rest,0,35.585396094,35.590174118,1893,0.000000000,12.200,48,0,0,1,true,1893
44,7,rest,0,35.596389851,35.602478719,1893,0.000000000,12.200,48,0,0,1,true,1893
44,7,rest,0,35.608000630,35.613992190,1893,0.000000000,12.100,48,0,0,1,true,1893
44,7,rest,0,35.620114269,35.627385117,1893,0.000000000,12.200,48,0,0,1,true,1893
44,7,rest,0,35.632501481,35.638428062,1893,0.000000000,12.100,48,0,0,1,true,1893
44,7,rest,0,35.644308216,35.650586198,1893,0.000000000,12.200,48,0,0,1,true,1893
44,7,rest,0,35.656161264,35.663057226,1893,0.000000000,12.200,48,0,0,1,true,1893
44,7,rest,0,35.668028416,35.674163038,1893,0.000000000,12.200,48,0,0,1,true,1893
44,7,rest,0,35.680822575,35.686138052,1893,0.000000000,12.200,48,0,0,1,true,1893
44,7,rest,0,35.693179588,35.699034608,1893,0.000000000,12.200,48,0,0,1,true,1893
44,7,rest,0,35.704383609,35.710432667,1893,0.000000000,12.200,48,0,0,1,true,1893
44,7,rest,0,35.716272240,35.722199708,1893,0.000000000,12.200,48,0,0,1,true,1893
44,7,rest,0,35.728140485,35.734199134,1893,0.000000000,12.200,48,0,0,1,true,1893
44,7,rest,0,35.740282018,35.746519177,1893,0.000000000,12.200,48,0,0,1,true,1893
44,7,rest,0,35.752248992,35.759621942,1893,0.000000000,12.200,48,0,0,1,true,1893
44,7,rest,0,35.764171739,35.770429419,1893,0.000000000,12.100,48,0,0,1,true,1893
44,7,rest,0,35.776090226,35.783331381,1893,0.000000000,12.100,48,0,0,1,true,1893
44,7,rest,0,35.788117014,35.794571581,1893,0.000000000,12.200,48,0,0,1,true,1893
44,7,rest,0,35.800889265,35.806369213,1893,0.000000000,12.100,48,0,0,1,true,1893
44,7,rest,0,35.811968134,35.818281261,1893,0.000000000,12.100,48,0,0,1,true,1893
44,7,rest,0,35.824075147,35.830042281,1893,0.000000000,12.200,48,0,0,1,true,1893
44,7,rest,0,35.836259729,35.843076450,1893,0.000000000,12.200,48,0,0,1,true,1893
44,7,rest,0,35.848169646,35.854545286,1893,0.000000000,12.100,48,0,0,1,true,1893
44,7,rest,0,35.861956388,35.872390534,1893,0.000000000,12.200,48,0,0,1,true,1893
44,7,rest,0,35.878648415,35.884480130,1893,0.000000000,12.200,48,0,0,1,true,1893
44,7,rest,0,35.890115010,35.896160754,1893,0.000000000,12.200,48,0,0,1,true,1893
44,7,rest,0,35.902910153,35.908324123,1893,0.000000000,12.200,48,0,0,1,true,1893
44,7,rest,0,35.914652617,35.921956553,1893,0.000000000,12.200,48,0,0,1,true,1893
44,7,rest,0,35.932831068,35.938137743,1893,0.000000000,12.200,48,0,0,1,true,1893
44,7,rest,0,35.944038766,35.951307714,1893,0.000000000,12.200,48,0,0,1,true,1893
44,7,rest,0,35.956297019,35.962939627,1893,0.000000000,12.200,48,0,0,1,true,1893
44,7,rest,0,35.968846819,35.974213773,1893,0.000000000,12.200,48,0,0,1,true,1893
44,7,rest,0,35.980723364,35.986291968,1893,0.000000000,12.200,48,0,0,1,true,1893
44,7,rest,0,35.993141322,36.001104842,1893,0.000000000,12.200,48,0,0,1,true,1893
44,7,rest,0,36.011312526,36.016388072,1893,0.000000000,12.200,48,0,0,1,true,1893
44,7,rest,0,36.022096370,36.028380886,1893,0.000000000,12.200,48,0,0,1,true,1893
44,7,rest,0,36.033941782,36.040229465,1893,0.000000000,12.200,48,0,0,1,true,1893
44,7,rest,0,36.046212201,36.052981770,1893,0.000000000,12.200,48,0,0,1,true,1893
44,7,rest,0,36.058373410,36.064649555,1893,0.000000000,12.200,48,0,0,1,true,1893
44,7,rest,0,36.070016420,36.076587427,1893,0.000000000,12.200,48,0,0,1,true,1893
44,7,rest,0,36.082508113,36.088368496,1893,0.000000000,12.200,48,0,0,1,true,1893
44,7,rest,0,36.094101321,36.100171365,1893,0.000000000,12.200,48,0,0,1,true,1893
44,7,rest,0,36.106348796,36.114127583,1893,0.000000000,12.200,48,0,0,1,true,1893
44,7,rest,0,36.124124065,36.130155229,1894,0.076699039,12.200,48,0,0,1,true,1894
44,7,rest,0,36.136149333,36.142515840,1894,0.000000000,12.200,48,0,0,1,true,1894
44,7,rest,0,36.147970282,36.154145951,1894,0.000000000,12.200,48,0,0,1,true,1894
44,7,rest,0,36.160200117,36.166447172,1894,0.000000000,12.200,48,0,0,1,true,1894
44,7,rest,0,36.172164324,36.178265309,1894,0.000000000,12.200,48,0,0,1,true,1894
44,7,rest,0,36.184111246,36.190235980,1894,0.000000000,12.200,48,0,0,1,true,1894
44,7,rest,0,36.196124842,36.202355036,1894,0.000000000,12.200,48,0,0,1,true,1894
44,7,rest,0,36.208762902,36.214647405,1894,0.000000000,12.200,48,0,0,1,true,1894
44,7,rest,0,36.220594054,36.226400570,1894,0.000000000,12.200,48,0,0,1,true,1894
44,7,rest,0,36.232086578,36.238388326,1894,0.000000000,12.200,48,0,0,1,true,1894
44,7,rest,0,36.245440695,36.250640356,1894,0.000000000,12.200,48,0,0,1,true,1894
44,7,rest,0,36.255944751,36.262227746,1894,0.000000000,12.200,48,0,0,1,true,1894
44,7,rest,0,36.268085236,36.274083450,1894,0.000000000,12.200,48,0,0,1,true,1894
44,7,rest,0,36.280061547,36.286252054,1894,0.000000000,12.200,48,0,0,1,true,1894
44,7,rest,0,36.292152913,36.297970817,1894,0.000000000,12.200,48,0,0,1,true,1894
45,7,pulse,-50,36.400168399,36.405956552,1894,0.000000000,12.200,48,0,0,0,true,1894
45,7,pulse,-50,36.412480938,36.418758408,1894,0.000000000,12.200,48,0,0,0,true,1894
45,7,pulse,-50,36.425322926,36.430217174,1894,0.000000000,12.200,48,0,0,0,true,1894
45,7,pulse,-50,36.436227395,36.442195629,1893,-0.153398079,12.200,48,0,0,0,true,1893
45,7,pulse,-50,36.448142241,36.454216207,1892,-0.153398079,12.200,48,0,0,0,true,1892
45,7,pulse,-50,36.460389518,36.467794474,1890,-0.153398079,12.200,48,0,0,0,true,1890
45,7,pulse,-50,36.472430328,36.479089781,1889,-0.230097118,12.200,48,0,0,0,true,1889
45,7,pulse,-50,36.484583145,36.490258601,1887,-0.153398079,12.200,48,0,0,0,true,1887
45,7,rest,0,36.502066056,36.508112475,1885,-0.153398079,12.200,48,0,0,1,true,1885
45,7,rest,0,36.514109935,36.520311653,1885,-0.153398079,12.200,48,0,0,1,true,1885
45,7,rest,0,36.526657621,36.532453969,1885,0.000000000,12.200,48,0,0,1,true,1885
45,7,rest,0,36.538572851,36.544276010,1885,0.000000000,12.200,48,0,0,1,true,1885
45,7,rest,0,36.550380328,36.556368793,1885,0.000000000,12.200,48,0,0,1,true,1885
45,7,rest,0,36.562246409,36.568728170,1885,0.000000000,12.200,48,0,0,1,true,1885
45,7,rest,0,36.575296381,36.580079912,1885,0.000000000,12.200,48,0,0,1,true,1885
45,7,rest,0,36.585963208,36.592136560,1885,0.000000000,12.200,48,0,0,1,true,1885
45,7,rest,0,36.597967428,36.604657997,1885,0.000000000,12.200,48,0,0,1,true,1885
45,7,rest,0,36.610955556,36.616359041,1885,0.000000000,12.200,48,0,0,1,true,1885
45,7,rest,0,36.622713538,36.629446115,1885,0.000000000,12.200,48,0,0,1,true,1885
45,7,rest,0,36.634042488,36.639969103,1885,0.000000000,12.200,48,0,0,1,true,1885
45,7,rest,0,36.646114665,36.652203841,1885,0.000000000,12.200,48,0,0,1,true,1885
45,7,rest,0,36.658242199,36.664292773,1885,0.000000000,12.200,48,0,0,1,true,1885
45,7,rest,0,36.669855248,36.676139903,1885,0.000000000,12.200,48,0,0,1,true,1885
45,7,rest,0,36.682265562,36.688427727,1885,0.000000000,12.200,48,0,0,1,true,1885
45,7,rest,0,36.694411093,36.700069528,1885,0.000000000,12.200,48,0,0,1,true,1885
45,7,rest,0,36.706344248,36.712145452,1885,0.000000000,12.200,48,0,0,1,true,1885
45,7,rest,0,36.718037683,36.723883021,1885,0.000000000,12.200,48,0,0,1,true,1885
45,7,rest,0,36.730242283,36.736014395,1885,0.000000000,12.200,48,0,0,1,true,1885
45,7,rest,0,36.742119178,36.748113051,1885,0.000000000,12.200,48,0,0,1,true,1885
45,7,rest,0,36.754480486,36.760368144,1885,0.000000000,12.200,48,0,0,1,true,1885
45,7,rest,0,36.766656078,36.772110783,1885,0.000000000,12.200,48,0,0,1,true,1885
45,7,rest,0,36.778297530,36.784073338,1885,0.000000000,12.200,48,0,0,1,true,1885
45,7,rest,0,36.789958174,36.795992305,1885,0.000000000,12.200,48,0,0,1,true,1885
45,7,rest,0,36.802121288,36.808025949,1885,0.000000000,12.200,48,0,0,1,true,1885
45,7,rest,0,36.814068761,36.819909292,1885,0.000000000,12.200,48,0,0,1,true,1885
45,7,rest,0,36.826142833,36.833048733,1885,0.000000000,12.200,48,0,0,1,true,1885
45,7,rest,0,36.838549095,36.844894244,1885,0.000000000,12.200,48,0,0,1,true,1885
45,7,rest,0,36.850983904,36.855973298,1885,0.000000000,12.200,48,0,0,1,true,1885
45,7,rest,0,36.862005505,36.868317041,1885,0.000000000,12.200,48,0,0,1,true,1885
45,7,rest,0,36.877920678,36.886456519,1885,0.000000000,12.200,48,0,0,1,true,1885
45,7,rest,0,36.892671843,36.898124059,1885,0.000000000,12.200,48,0,0,1,true,1885
45,7,rest,0,36.904056584,36.910764215,1885,0.000000000,12.200,48,0,0,1,true,1885
45,7,rest,0,36.917501408,36.922306413,1885,0.000000000,12.200,48,0,0,1,true,1885
45,7,rest,0,36.927897404,36.934051017,1885,0.000000000,12.200,48,0,0,1,true,1885
45,7,rest,0,36.939978433,36.945946791,1885,0.000000000,12.200,48,0,0,1,true,1885
45,7,rest,0,36.951899713,36.959810305,1885,0.000000000,12.200,48,0,0,1,true,1885
45,7,rest,0,36.970125433,36.976281216,1885,0.000000000,12.200,48,0,0,1,true,1885
45,7,rest,0,36.982028184,36.988061812,1885,0.000000000,12.200,48,0,0,1,true,1885
45,7,rest,0,36.994076753,37.000110135,1885,0.000000000,12.200,48,0,0,1,true,1885
45,7,rest,0,37.006266855,37.011859666,1885,0.000000000,12.200,48,0,0,1,true,1885
45,7,rest,0,37.018330017,37.024032968,1885,0.000000000,12.200,48,0,0,1,true,1885
45,7,rest,0,37.030350789,37.036062349,1885,0.000000000,12.200,48,0,0,1,true,1885
45,7,rest,0,37.042358706,37.049756168,1885,0.000000000,12.200,48,0,0,1,true,1885
45,7,rest,0,37.054342432,37.060711314,1885,0.000000000,12.200,48,0,0,1,true,1885
45,7,rest,0,37.066598081,37.072272505,1885,0.000000000,12.200,48,0,0,1,true,1885
45,7,rest,0,37.077959304,37.083959319,1885,0.000000000,12.200,48,0,0,1,true,1885
45,7,rest,0,37.090016280,37.095922368,1885,0.000000000,12.200,48,0,0,1,true,1885
46,7,pulse,50,37.192139107,37.198289217,1885,0.000000000,12.200,48,0,0,0,true,1885
46,7,pulse,50,37.204146627,37.210034849,1885,0.000000000,12.200,48,0,0,0,true,1885
46,7,pulse,50,37.216310593,37.223342601,1885,0.000000000,12.200,48,0,0,0,true,1885
46,7,pulse,50,37.228036382,37.235170892,1886,0.000000000,12.200,48,0,0,0,true,1886
46,7,pulse,50,37.239840748,37.246949546,1887,0.076699039,12.200,48,0,0,0,true,1887
46,7,pulse,50,37.252046044,37.258425804,1888,0.153398079,12.200,48,0,0,0,true,1888
46,7,pulse,50,37.264826498,37.269787526,1890,0.153398079,12.200,48,0,0,0,true,1890
46,7,pulse,50,37.275951403,37.282261378,1891,0.153398079,12.200,48,0,0,0,true,1891
46,7,rest,0,37.294045719,37.300105524,1893,0.230097118,12.200,48,0,0,1,true,1893
46,7,rest,0,37.306296892,37.312164779,1893,0.153398079,12.200,48,0,0,1,true,1893
46,7,rest,0,37.318446733,37.323880691,1893,0.000000000,12.200,48,0,0,1,true,1893
46,7,rest,0,37.330986396,37.336158280,1893,0.000000000,12.200,48,0,0,1,true,1893
46,7,rest,0,37.341913501,37.347933567,1893,0.000000000,12.200,48,0,0,1,true,1893
46,7,rest,0,37.354369523,37.363257162,1893,0.000000000,12.200,48,0,0,1,true,1893
46,7,rest,0,37.374887667,37.383939484,1893,0.000000000,12.200,48,0,0,1,true,1893
46,7,rest,0,37.390146092,37.396581323,1893,0.000000000,12.200,48,0,0,1,true,1893
46,7,rest,0,37.404746720,37.415769702,1893,0.000000000,12.100,48,0,0,1,true,1893
46,7,rest,0,37.419771492,37.426357164,1893,0.000000000,12.100,48,0,0,1,true,1893
46,7,rest,0,37.431891037,37.437892728,1893,0.000000000,12.100,48,0,0,1,true,1893
46,7,rest,0,37.443946404,37.451596838,1893,0.000000000,12.100,48,0,0,1,true,1893
46,7,rest,0,37.456451848,37.463349915,1893,0.000000000,12.200,48,0,0,1,true,1893
46,7,rest,0,37.468253147,37.473919197,1893,0.000000000,12.200,48,0,0,1,true,1893
46,7,rest,0,37.482027247,37.492059118,1893,0.000000000,12.200,48,0,0,1,true,1893
46,7,rest,0,37.498058272,37.503910131,1893,0.000000000,12.200,48,0,0,1,true,1893
46,7,rest,0,37.511894666,37.522255953,1893,0.000000000,12.200,48,0,0,1,true,1893
46,7,rest,0,37.528123983,37.534457228,1893,0.000000000,12.200,48,0,0,1,true,1893
46,7,rest,0,37.540460229,37.546318123,1893,0.000000000,12.200,48,0,0,1,true,1893
46,7,rest,0,37.552709122,37.558274969,1893,0.000000000,12.200,48,0,0,1,true,1893
46,7,rest,0,37.564482646,37.569822167,1893,0.000000000,12.100,48,0,0,1,true,1893
46,7,rest,0,37.576114482,37.582385532,1893,0.000000000,12.200,48,0,0,1,true,1893
46,7,rest,0,37.587936745,37.593961483,1893,0.000000000,12.200,48,0,0,1,true,1893
46,7,rest,0,37.599978105,37.606329597,1893,0.000000000,12.200,48,0,0,1,true,1893
46,7,rest,0,37.612975688,37.618968854,1893,0.000000000,12.200,48,0,0,1,true,1893
46,7,rest,0,37.624354491,37.630355272,1893,0.000000000,12.200,48,0,0,1,true,1893
46,7,rest,0,37.636223145,37.642828563,1893,0.000000000,12.200,48,0,0,1,true,1893
46,7,rest,0,37.648955436,37.653796708,1893,0.000000000,12.200,48,0,0,1,true,1893
46,7,rest,0,37.660092519,37.667053016,1893,0.000000000,12.200,48,0,0,1,true,1893
46,7,rest,0,37.672399375,37.678177011,1893,0.000000000,12.200,48,0,0,1,true,1893
46,7,rest,0,37.684439201,37.689799496,1893,0.000000000,12.200,48,0,0,1,true,1893
46,7,rest,0,37.695961096,37.702084580,1893,0.000000000,12.200,48,0,0,1,true,1893
46,7,rest,0,37.707835872,37.714215349,1893,0.000000000,12.200,48,0,0,1,true,1893
46,7,rest,0,37.720265361,37.726011673,1893,0.000000000,12.200,48,0,0,1,true,1893
46,7,rest,0,37.731741496,37.738336148,1893,0.000000000,12.200,48,0,0,1,true,1893
46,7,rest,0,37.744922903,37.751198211,1893,0.000000000,12.200,48,0,0,1,true,1893
46,7,rest,0,37.756259791,37.763561576,1893,0.000000000,12.200,48,0,0,1,true,1893
46,7,rest,0,37.768516311,37.774051676,1893,0.000000000,12.200,48,0,0,1,true,1893
46,7,rest,0,37.780018474,37.786255395,1893,0.000000000,12.200,48,0,0,1,true,1893
46,7,rest,0,37.792258100,37.797811996,1893,0.000000000,12.200,48,0,0,1,true,1893
46,7,rest,0,37.804429859,37.810351801,1893,0.000000000,12.200,48,0,0,1,true,1893
46,7,rest,0,37.816318636,37.822635591,1893,0.000000000,12.200,48,0,0,1,true,1893
46,7,rest,0,37.827758613,37.834144475,1893,0.000000000,12.200,48,0,0,1,true,1893
46,7,rest,0,37.839846365,37.846288213,1893,0.000000000,12.200,48,0,0,1,true,1893
46,7,rest,0,37.852879146,37.857945451,1893,0.000000000,12.200,48,0,0,1,true,1893
46,7,rest,0,37.863735671,37.869893972,1893,0.000000000,12.200,48,0,0,1,true,1893
46,7,rest,0,37.875832223,37.883247255,1893,0.000000000,12.200,48,0,0,1,true,1893
47,7,pulse,-50,37.978018508,37.984215472,1893,0.000000000,12.200,48,0,0,0,true,1893
47,7,pulse,-50,37.990016165,37.995913853,1893,0.000000000,12.200,48,0,0,0,true,1893
47,7,pulse,-50,38.001983618,38.007959978,1893,0.000000000,12.200,48,0,0,0,true,1893
47,7,pulse,-50,38.014582075,38.019917670,1893,0.000000000,12.200,48,0,0,0,true,1893
47,7,pulse,-50,38.026037250,38.032365675,1892,0.000000000,12.200,48,0,0,0,true,1892
47,7,pulse,-50,38.037936086,38.043774281,1891,-0.153398079,12.200,48,0,0,0,true,1891
47,7,pulse,-50,38.050205722,38.056335410,1889,-0.153398079,12.200,48,0,0,0,true,1889
47,7,pulse,-50,38.062168106,38.068556240,1888,-0.230097118,12.200,48,0,0,0,true,1888
47,7,rest,0,38.079977406,38.085899124,1886,-0.153398079,12.200,49,0,0,1,true,1886
47,7,rest,0,38.092029883,38.098113787,1886,-0.076699039,12.200,48,0,0,1,true,1886
47,7,rest,0,38.104102860,38.110019162,1886,0.000000000,12.200,48,0,0,1,true,1886
47,7,rest,0,38.116346238,38.123609672,1886,0.000000000,12.200,48,0,0,1,true,1886
47,7,rest,0,38.127863010,38.133834670,1886,0.000000000,12.200,48,0,0,1,true,1886
47,7,rest,0,38.139686583,38.146579925,1886,0.000000000,12.200,48,0,0,1,true,1886
47,7,rest,0,38.151731930,38.157946125,1886,0.000000000,12.200,48,0,0,1,true,1886
47,7,rest,0,38.164143485,38.169859771,1886,0.000000000,12.200,48,0,0,1,true,1886
47,7,rest,0,38.175870953,38.181999557,1886,0.000000000,12.200,48,0,0,1,true,1886
47,7,rest,0,38.188478220,38.194438652,1886,0.000000000,12.200,48,0,0,1,true,1886
47,7,rest,0,38.199989805,38.205793727,1886,0.000000000,12.200,48,0,0,1,true,1886
47,7,rest,0,38.212053030,38.217840992,1886,0.000000000,12.200,48,0,0,1,true,1886
47,7,rest,0,38.224273040,38.230632870,1886,0.000000000,12.200,48,0,0,1,true,1886
47,7,rest,0,38.236034608,38.242340708,1886,0.000000000,12.200,48,0,0,1,true,1886
47,7,rest,0,38.248285855,38.254077085,1886,0.000000000,12.200,48,0,0,1,true,1886
47,7,rest,0,38.260128085,38.266223233,1886,0.000000000,12.200,48,0,0,1,true,1886
47,7,rest,0,38.272279564,38.277838315,1886,0.000000000,12.200,48,0,0,1,true,1886
47,7,rest,0,38.284871951,38.289817135,1886,0.000000000,12.200,48,0,0,1,true,1886
47,7,rest,0,38.296378508,38.302833777,1886,0.000000000,12.200,48,0,0,1,true,1886
47,7,rest,0,38.307899687,38.315277010,1886,0.000000000,12.200,48,0,0,1,true,1886
47,7,rest,0,38.319828901,38.325846539,1886,0.000000000,12.200,48,0,0,1,true,1886
47,7,rest,0,38.331692520,38.339088476,1886,0.000000000,12.200,48,0,0,1,true,1886
47,7,rest,0,38.344004026,38.349890512,1886,0.000000000,12.200,48,0,0,1,true,1886
47,7,rest,0,38.356266857,38.361998049,1886,0.000000000,12.200,48,0,0,1,true,1886
47,7,rest,0,38.368614237,38.373995132,1886,0.000000000,12.200,48,0,0,1,true,1886
47,7,rest,0,38.379661110,38.386207892,1886,0.000000000,12.200,48,0,0,1,true,1886
47,7,rest,0,38.391694689,38.398499164,1886,0.000000000,12.200,49,0,0,1,true,1886
47,7,rest,0,38.404191347,38.410114928,1886,0.000000000,12.200,48,0,0,1,true,1886
47,7,rest,0,38.415851679,38.422090982,1886,0.000000000,12.200,49,0,0,1,true,1886
47,7,rest,0,38.428263223,38.434537247,1886,0.000000000,12.200,49,0,0,1,true,1886
47,7,rest,0,38.440285294,38.445801909,1886,0.000000000,12.200,48,0,0,1,true,1886
47,7,rest,0,38.452296244,38.457869468,1886,0.000000000,12.200,48,0,0,1,true,1886
47,7,rest,0,38.463918184,38.470952517,1886,0.000000000,12.200,48,0,0,1,true,1886
47,7,rest,0,38.477275364,38.482003733,1886,0.000000000,12.200,48,0,0,1,true,1886
47,7,rest,0,38.488250702,38.494211884,1886,0.000000000,12.200,49,0,0,1,true,1886
47,7,rest,0,38.499797777,38.505860313,1886,0.000000000,12.200,48,0,0,1,true,1886
47,7,rest,0,38.512450029,38.518365970,1886,0.000000000,12.200,49,0,0,1,true,1886
47,7,rest,0,38.523982129,38.529804848,1886,0.000000000,12.200,49,0,0,1,true,1886
47,7,rest,0,38.535814294,38.541847233,1886,0.000000000,12.200,49,0,0,1,true,1886
47,7,rest,0,38.547877960,38.554346284,1886,0.000000000,12.200,49,0,0,1,true,1886
47,7,rest,0,38.559876994,38.566052760,1886,0.000000000,12.200,49,0,0,1,true,1886
47,7,rest,0,38.572213903,38.577979556,1886,0.000000000,12.200,48,0,0,1,true,1886
47,7,rest,0,38.584415619,38.590075841,1886,0.000000000,12.200,48,0,0,1,true,1886
47,7,rest,0,38.595827954,38.601664474,1886,0.000000000,12.200,49,0,0,1,true,1886
47,7,rest,0,38.608124874,38.614486189,1886,0.000000000,12.200,49,0,0,1,true,1886
47,7,rest,0,38.619982453,38.626186034,1886,0.000000000,12.200,49,0,0,1,true,1886
47,7,rest,0,38.631857950,38.637834896,1886,0.000000000,12.200,49,0,0,1,true,1886
47,7,rest,0,38.643838527,38.650552510,1886,0.000000000,12.200,49,0,0,1,true,1886
47,7,rest,0,38.656219375,38.661992135,1886,0.000000000,12.200,49,0,0,1,true,1886
47,7,rest,0,38.667973519,38.673767266,1886,0.000000000,12.200,49,0,0,1,true,1886
48,8,pulse,25,38.770511109,38.775794052,2095,0.000000000,12.300,47,41,0,0,true,2095
48,8,pulse,25,38.781953966,38.787901236,2095,0.000000000,12.300,47,44,0,0,true,2095
48,8,pulse,25,38.794385952,38.800697726,2095,0.000000000,12.300,47,45,0,0,true,2095
48,8,pulse,25,38.805941698,38.812110702,2095,0.000000000,12.300,47,46,0,0,true,2095
48,8,pulse,25,38.817842064,38.823785147,2095,0.000000000,12.300,47,46,0,0,true,2095
48,8,pulse,25,38.830402434,38.835637044,2095,0.000000000,12.300,47,46,0,0,true,2095
48,8,pulse,25,38.841840847,38.848058010,2095,0.000000000,12.300,47,46,0,0,true,2095
48,8,pulse,25,38.853542914,38.860717628,2095,0.000000000,12.200,47,47,0,0,true,2095
48,8,rest,0,38.871894363,38.878209098,2095,0.000000000,12.200,47,46,0,1,true,2095
48,8,rest,0,38.883737748,38.889630289,2095,0.000000000,12.200,47,44,0,1,true,2095
48,8,rest,0,38.896992953,38.901688549,2095,0.000000000,12.300,47,42,0,1,true,2095
48,8,rest,0,38.907774233,38.913832661,2095,0.000000000,12.300,47,42,0,1,true,2095
48,8,rest,0,38.919781913,38.925935014,2095,0.000000000,12.300,47,42,0,1,true,2095
48,8,rest,0,38.932208190,38.937908010,2095,0.000000000,12.300,47,41,0,1,true,2095
48,8,rest,0,38.943913018,38.949877436,2095,0.000000000,12.300,47,41,0,1,true,2095
48,8,rest,0,38.955680781,38.962585804,2095,0.000000000,12.200,47,41,0,1,true,2095
48,8,rest,0,38.967867641,38.974446464,2095,0.000000000,12.200,47,41,0,1,true,2095
48,8,rest,0,38.979817181,38.986047004,2095,0.000000000,12.200,47,41,0,1,true,2095
48,8,rest,0,38.991827561,38.997861288,2095,0.000000000,12.200,47,41,0,1,true,2095
48,8,rest,0,39.003820102,39.009820198,2095,0.000000000,12.200,47,41,0,1,true,2095
48,8,rest,0,39.016395200,39.022188368,2095,0.000000000,12.200,47,41,0,1,true,2095
48,8,rest,0,39.028500309,39.033768608,2095,0.000000000,12.200,47,41,0,1,true,2095
48,8,rest,0,39.039603034,39.045801661,2095,0.000000000,12.200,47,41,0,1,true,2095
48,8,rest,0,39.052279528,39.057587377,2095,0.000000000,12.200,47,41,0,1,true,2095
48,8,rest,0,39.063857047,39.069733618,2095,0.000000000,12.200,47,41,0,1,true,2095
48,8,rest,0,39.075598744,39.081808897,2095,0.000000000,12.200,47,42,0,1,true,2095
48,8,rest,0,39.088365155,39.093767476,2095,0.000000000,12.200,47,40,0,1,true,2095
48,8,rest,0,39.102598999,39.113176480,2095,0.000000000,12.200,47,41,0,1,true,2095
48,8,rest,0,39.117589203,39.123735540,2095,0.000000000,12.200,47,41,0,1,true,2095
48,8,rest,0,39.129918253,39.135678069,2095,0.000000000,12.200,47,41,0,1,true,2095
48,8,rest,0,39.141544814,39.148063627,2095,0.000000000,12.200,47,41,0,1,true,2095
48,8,rest,0,39.154225769,39.159620656,2095,0.000000000,12.200,47,41,0,1,true,2095
48,8,rest,0,39.165630495,39.172158420,2095,0.000000000,12.200,47,41,0,1,true,2095
48,8,rest,0,39.177580718,39.183645750,2095,0.000000000,12.200,47,41,0,1,true,2095
48,8,rest,0,39.189573024,39.195697098,2095,0.000000000,12.200,47,40,0,1,true,2095
48,8,rest,0,39.202203023,39.209491201,2095,0.000000000,12.200,47,41,0,1,true,2095
48,8,rest,0,39.213571756,39.219709572,2095,0.000000000,12.200,47,40,0,1,true,2095
48,8,rest,0,39.225847973,39.231919416,2095,0.000000000,12.200,47,41,0,1,true,2095
48,8,rest,0,39.237799311,39.243881546,2095,0.000000000,12.200,47,42,0,1,true,2095
48,8,rest,0,39.249902318,39.255953060,2095,0.000000000,12.200,47,41,0,1,true,2095
48,8,rest,0,39.262507760,39.267694080,2095,0.000000000,12.200,47,41,0,1,true,2095
48,8,rest,0,39.274684452,39.280231525,2095,0.000000000,12.200,47,41,0,1,true,2095
48,8,rest,0,39.286057437,39.291734899,2095,0.000000000,12.200,47,41,0,1,true,2095
48,8,rest,0,39.298463542,39.303758454,2095,0.000000000,12.200,47,41,0,1,true,2095
48,8,rest,0,39.309813796,39.316890483,2095,0.000000000,12.200,47,41,0,1,true,2095
48,8,rest,0,39.321654169,39.327838569,2095,0.000000000,12.200,47,41,0,1,true,2095
48,8,rest,0,39.334430034,39.339582610,2095,0.000000000,12.200,47,41,0,1,true,2095
48,8,rest,0,39.345962655,39.351759327,2095,0.000000000,12.200,47,41,0,1,true,2095
48,8,rest,0,39.357885933,39.363775362,2095,0.000000000,12.200,47,41,0,1,true,2095
48,8,rest,0,39.369792773,39.376704166,2095,0.000000000,12.200,47,41,0,1,true,2095
48,8,rest,0,39.382023411,39.387974917,2095,0.000000000,12.200,47,41,0,1,true,2095
48,8,rest,0,39.393765820,39.399626880,2095,0.000000000,12.200,47,41,0,1,true,2095
48,8,rest,0,39.405584873,39.412217454,2095,0.000000000,12.200,47,41,0,1,true,2095
48,8,rest,0,39.419521419,39.423668070,2095,0.000000000,12.200,47,41,0,1,true,2095
48,8,rest,0,39.430702303,39.435996419,2095,0.000000000,12.200,47,41,0,1,true,2095
48,8,rest,0,39.442239411,39.447587031,2095,0.000000000,12.200,47,41,0,1,true,2095
48,8,rest,0,39.453823334,39.459754713,2095,0.000000000,12.200,47,41,0,1,true,2095
48,8,rest,0,39.466433793,39.472461187,2095,0.000000000,12.200,47,40,0,1,true,2095
49,8,pulse,-25,39.568367537,39.574090656,2095,0.000000000,12.300,47,41,0,0,true,2095
49,8,pulse,-25,39.579924669,39.585546299,2095,0.000000000,12.300,47,41,0,0,true,2095
49,8,pulse,-25,39.592073286,39.598326046,2095,0.000000000,12.200,47,42,0,0,true,2095
49,8,pulse,-25,39.604671021,39.609830112,2095,0.000000000,12.200,47,43,0,0,true,2095
49,8,pulse,-25,39.615982927,39.621864128,2095,0.000000000,12.200,47,43,0,0,true,2095
49,8,pulse,-25,39.628905601,39.634904277,2095,0.000000000,12.200,47,43,0,0,true,2095
49,8,pulse,-25,39.639780789,39.646117092,2095,0.000000000,12.200,47,43,0,0,true,2095
49,8,pulse,-25,39.652708707,39.658419040,2095,0.000000000,12.200,47,43,0,0,true,2095
49,8,rest,0,39.670113496,39.675754790,2095,0.000000000,12.200,47,42,0,1,true,2095
49,8,rest,0,39.681945832,39.688380603,2095,0.000000000,12.200,47,41,0,1,true,2095
49,8,rest,0,39.693694130,39.701356889,2095,0.000000000,12.200,47,41,0,1,true,2095
49,8,rest,0,39.705726122,39.712467107,2095,0.000000000,12.200,47,40,0,1,true,2095
49,8,rest,0,39.718226900,39.723927026,2095,0.000000000,12.200,47,41,0,1,true,2095
49,8,rest,0,39.731801751,39.741881072,2095,0.000000000,12.200,47,41,0,1,true,2095
49,8,rest,0,39.749360299,39.753820889,2095,0.000000000,12.200,47,40,0,1,true,2095
49,8,rest,0,39.759777921,39.766869203,2095,0.000000000,12.200,47,40,0,1,true,2095
49,8,rest,0,39.772223461,39.777596100,2095,0.000000000,12.200,47,40,0,1,true,2095
49,8,rest,0,39.784102100,39.789682787,2095,0.000000000,12.200,47,40,0,1,true,2095
49,8,rest,0,39.796210867,39.801819866,2095,0.000000000,12.200,47,40,0,1,true,2095
49,8,rest,0,39.807713352,39.814797650,2095,0.000000000,12.200,47,40,0,1,true,2095
49,8,rest,0,39.820003145,39.825973681,2095,0.000000000,12.200,47,40,0,1,true,2095
49,8,rest,0,39.832171072,39.837670976,2095,0.000000000,12.200,47,41,0,1,true,2095
49,8,rest,0,39.845799081,39.855992132,2095,0.000000000,12.200,47,41,0,1,true,2095
49,8,rest,0,39.861999641,39.868525796,2095,0.000000000,12.200,47,41,0,1,true,2095
49,8,rest,0,39.873784930,39.881109097,2095,0.000000000,12.200,47,40,0,1,true,2095
49,8,rest,0,39.885811229,39.891770079,2095,0.000000000,12.200,47,40,0,1,true,2095
49,8,rest,0,39.897852208,39.903511385,2095,0.000000000,12.200,47,40,0,1,true,2095
49,8,rest,0,39.909890525,39.916329466,2095,0.000000000,12.200,47,41,0,1,true,2095
49,8,rest,0,39.921622991,39.928215147,2095,0.000000000,12.200,47,41,0,1,true,2095
49,8,rest,0,39.933729314,39.939715707,2095,0.000000000,12.200,47,41,0,1,true,2095
49,8,rest,0,39.945745463,39.951858988,2095,0.000000000,12.200,47,40,0,1,true,2095
49,8,rest,0,39.957995034,39.963889701,2095,0.000000000,12.200,47,41,0,1,true,2095
49,8,rest,0,39.970009624,39.976304952,2095,0.000000000,12.200,47,40,0,1,true,2095
49,8,rest,0,39.982286876,39.987698146,2095,0.000000000,12.200,47,41,0,1,true,2095
49,8,rest,0,39.994867236,39.999778334,2095,0.000000000,12.200,47,40,0,1,true,2095
49,8,rest,0,40.005789643,40.012031535,2095,0.000000000,12.200,47,40,0,1,true,2095
49,8,rest,0,40.018660046,40.024381293,2095,0.000000000,12.200,47,41,0,1,true,2095
49,8,rest,0,40.029680760,40.036201096,2095,0.000000000,12.200,47,41,0,1,true,2095
49,8,rest,0,40.042263716,40.047844963,2095,0.000000000,12.200,47,41,0,1,true,2095
49,8,rest,0,40.054433454,40.059772365,2095,0.000000000,12.200,47,40,0,1,true,2095
49,8,rest,0,40.065539514,40.072305250,2095,0.000000000,12.200,47,40,0,1,true,2095
49,8,rest,0,40.077657435,40.084675896,2095,0.000000000,12.200,47,40,0,1,true,2095
49,8,rest,0,40.089896093,40.095771856,2095,0.000000000,12.200,47,40,0,1,true,2095
49,8,rest,0,40.101601106,40.107447966,2095,0.000000000,12.200,47,41,0,1,true,2095
49,8,rest,0,40.113862545,40.119979301,2095,0.000000000,12.200,47,41,0,1,true,2095
49,8,rest,0,40.125729878,40.131674017,2095,0.000000000,12.200,47,41,0,1,true,2095
49,8,rest,0,40.137632176,40.143607286,2095,0.000000000,12.200,47,41,0,1,true,2095
49,8,rest,0,40.151599205,40.162157266,2095,0.000000000,12.200,47,41,0,1,true,2095
49,8,rest,0,40.167650888,40.173967686,2095,0.000000000,12.200,47,40,0,1,true,2095
49,8,rest,0,40.179673720,40.186193665,2095,0.000000000,12.200,47,41,0,1,true,2095
49,8,rest,0,40.191595540,40.198241110,2095,0.000000000,12.200,47,40,0,1,true,2095
49,8,rest,0,40.204111128,40.209749806,2095,0.000000000,12.200,47,41,0,1,true,2095
49,8,rest,0,40.215654343,40.221645098,2095,0.000000000,12.200,47,41,0,1,true,2095
49,8,rest,0,40.229281377,40.233763196,2095,0.000000000,12.200,47,41,0,1,true,2095
49,8,rest,0,40.240060520,40.245678740,2095,0.000000000,12.200,47,41,0,1,true,2095
49,8,rest,0,40.251739804,40.257622638,2095,0.000000000,12.200,47,41,0,1,true,2095
49,8,rest,0,40.263704425,40.269846859,2095,0.000000000,12.200,47,41,0,1,true,2095
50,8,pulse,25,40.365474247,40.372471490,2095,0.000000000,12.300,47,42,0,0,true,2095
50,8,pulse,25,40.377809711,40.384085360,2095,0.000000000,12.300,47,44,0,0,true,2095
50,8,pulse,25,40.389755820,40.395749641,2095,0.000000000,12.200,47,45,0,0,true,2095
50,8,pulse,25,40.402880225,40.408051447,2095,0.000000000,12.300,47,45,0,0,true,2095
50,8,pulse,25,40.413684398,40.419900877,2095,0.000000000,12.200,47,46,0,0,true,2095
50,8,pulse,25,40.425943351,40.432050638,2095,0.000000000,12.200,47,46,0,0,true,2095
50,8,pulse,25,40.438691294,40.444322699,2095,0.000000000,12.200,47,46,0,0,true,2095
50,8,pulse,25,40.449686680,40.455704851,2095,0.000000000,12.200,47,46,0,0,true,2095
50,8,rest,0,40.468552725,40.475127625,2095,0.000000000,12.200,47,44,0,1,true,2095
50,8,rest,0,40.479902433,40.485509111,2095,0.000000000,12.200,47,44,0,1,true,2095
50,8,rest,0,40.491735363,40.497531020,2095,0.000000000,12.200,47,43,0,1,true,2095
50,8,rest,0,40.503815534,40.509603155,2095,0.000000000,12.200,47,42,0,1,true,2095
50,8,rest,0,40.517020560,40.521667328,2095,0.000000000,12.200,47,42,0,1,true,2095
50,8,rest,0,40.527853685,40.533526118,2095,0.000000000,12.300,47,42,0,1,true,2095
50,8,rest,0,40.539699455,40.545753137,2095,0.000000000,12.200,47,42,0,1,true,2095
50,8,rest,0,40.551705055,40.558856560,2095,0.000000000,12.200,47,41,0,1,true,2095
50,8,rest,0,40.563532805,40.570003444,2095,0.000000000,12.200,47,41,0,1,true,2095
50,8,rest,0,40.576794845,40.582653878,2095,0.000000000,12.200,47,41,0,1,true,2095
50,8,rest,0,40.587437000,40.595068953,2095,0.000000000,12.200,47,41,0,1,true,2095
50,8,rest,0,40.599872165,40.605958338,2095,0.000000000,12.200,47,40,0,1,true,2095
50,8,rest,0,40.611813412,40.617811018,2095,0.000000000,12.200,47,41,0,1,true,2095
50,8,rest,0,40.623907385,40.630033316,2095,0.000000000,12.200,47,41,0,1,true,2095
50,8,rest,0,40.636159159,40.641942237,2095,0.000000000,12.200,47,41,0,1,true,2095
50,8,rest,0,40.649313894,40.653791676,2095,0.000000000,12.200,47,40,0,1,true,2095
50,8,rest,0,40.660249145,40.666036027,2095,0.000000000,12.200,47,40,0,1,true,2095
50,8,rest,0,40.671721391,40.678520740,2095,0.000000000,12.200,47,40,0,1,true,2095
50,8,rest,0,40.683529312,40.689690557,2095,0.000000000,12.200,47,41,0,1,true,2095
50,8,rest,0,40.695836364,40.702859565,2095,0.000000000,12.200,47,41,0,1,true,2095
50,8,rest,0,40.707756649,40.713854478,2095,0.000000000,12.200,47,41,0,1,true,2095
50,8,rest,0,40.720725815,40.725950340,2095,0.000000000,12.200,47,41,0,1,true,2095
50,8,rest,0,40.731625812,40.737959965,2095,0.000000000,12.200,47,41,0,1,true,2095
50,8,rest,0,40.743670588,40.749684472,2095,0.000000000,12.200,47,41,0,1,true,2095
50,8,rest,0,40.755527237,40.761695083,2095,0.000000000,12.200,47,41,0,1,true,2095
50,8,rest,0,40.768351093,40.773493204,2095,0.000000000,12.200,47,41,0,1,true,2095
50,8,rest,0,40.779402840,40.785861092,2095,0.000000000,12.200,47,41,0,1,true,2095
50,8,rest,0,40.792453951,40.797707334,2095,0.000000000,12.200,47,40,0,1,true,2095
50,8,rest,0,40.803569071,40.809586937,2095,0.000000000,12.200,47,40,0,1,true,2095
50,8,rest,0,40.815644183,40.822289114,2095,0.000000000,12.200,47,40,0,1,true,2095
50,8,rest,0,40.827867299,40.833454419,2095,0.000000000,12.200,47,41,0,1,true,2095
50,8,rest,0,40.839474255,40.846233312,2095,0.000000000,12.200,47,40,0,1,true,2095
50,8,rest,0,40.852854318,40.857799330,2095,0.000000000,12.200,47,41,0,1,true,2095
50,8,rest,0,40.864950489,40.869451675,2095,0.000000000,12.200,47,41,0,1,true,2095
50,8,rest,0,40.875432046,40.881580836,2095,0.000000000,12.200,47,41,0,1,true,2095
50,8,rest,0,40.887491959,40.893620078,2095,0.000000000,12.200,47,41,0,1,true,2095
50,8,rest,0,40.899594295,40.905610963,2095,0.000000000,12.200,47,40,0,1,true,2095
50,8,rest,0,40.911503513,40.918164599,2095,0.000000000,12.200,47,40,0,1,true,2095
50,8,rest,0,40.924068021,40.929770019,2095,0.000000000,12.200,47,40,0,1,true,2095
50,8,rest,0,40.935523138,40.941996390,2095,0.000000000,12.200,47,40,0,1,true,2095
50,8,rest,0,40.948428419,40.953786116,2095,0.000000000,12.200,47,40,0,1,true,2095
50,8,rest,0,40.959888240,40.965803983,2095,0.000000000,12.200,47,40,0,1,true,2095
50,8,rest,0,40.971692152,40.979198701,2095,0.000000000,12.200,47,41,0,1,true,2095
50,8,rest,0,40.983556597,40.989549030,2095,0.000000000,12.200,47,41,0,1,true,2095
50,8,rest,0,41.003232989,41.007761209,2095,0.000000000,12.200,47,40,0,1,true,2095
50,8,rest,0,41.013573279,41.019535133,2095,0.000000000,12.200,47,41,0,1,true,2095
50,8,rest,0,41.025431685,41.031893674,2095,0.000000000,12.200,47,41,0,1,true,2095
50,8,rest,0,41.037961736,41.043974720,2095,0.000000000,12.200,47,41,0,1,true,2095
50,8,rest,0,41.049987130,41.055665139,2095,0.000000000,12.200,47,41,0,1,true,2095
50,8,rest,0,41.062508204,41.068095943,2095,0.000000000,12.200,47,40,0,1,true,2095
51,8,pulse,-25,41.164079542,41.170244085,2095,0.000000000,12.300,47,39,0,0,true,2095
51,8,pulse,-25,41.177309628,41.181830867,2095,0.000000000,12.300,47,42,0,0,true,2095
51,8,pulse,-25,41.188793244,41.193658759,2095,0.000000000,12.300,47,43,0,0,true,2095
51,8,pulse,-25,41.201324809,41.205524567,2095,0.000000000,12.300,47,43,0,0,true,2095
51,8,pulse,-25,41.211586328,41.218029133,2095,0.000000000,12.300,47,43,0,0,true,2095
51,8,pulse,-25,41.223919048,41.230426328,2095,0.000000000,12.300,47,43,0,0,true,2095
51,8,pulse,-25,41.236053844,41.241631969,2095,0.000000000,12.300,47,43,0,0,true,2095
51,8,pulse,-25,41.248002346,41.253685918,2095,0.000000000,12.300,47,43,0,0,true,2095
51,8,rest,0,41.266885258,41.271598113,2095,0.000000000,12.300,47,43,0,1,true,2095
51,8,rest,0,41.277593342,41.283548046,2095,0.000000000,12.300,47,42,0,1,true,2095
51,8,rest,0,41.289510430,41.295921625,2095,0.000000000,12.300,47,41,0,1,true,2095
51,8,rest,0,41.301716158,41.307630812,2095,0.000000000,12.200,47,41,0,1,true,2095
51,8,rest,0,41.315780409,41.325805558,2095,0.000000000,12.200,47,41,0,1,true,2095
51,8,rest,0,41.331344028,41.337366632,2095,0.000000000,12.200,47,42,0,1,true,2095
51,8,rest,0,41.343729269,41.349777876,2095,0.000000000,12.300,47,41,0,1,true,2095
51,8,rest,0,41.356958181,41.362097199,2095,0.000000000,12.300,47,42,0,1,true,2095
51,8,rest,0,41.367880388,41.373902073,2095,0.000000000,12.300,47,42,0,1,true,2095
51,8,rest,0,41.379618158,41.386200153,2095,0.000000000,12.300,47,41,0,1,true,2095
51,8,rest,0,41.391382608,41.397543598,2095,0.000000000,12.300,47,42,0,1,true,2095
51,8,rest,0,41.406259036,41.416565887,2095,0.000000000,12.300,47,41,0,1,true,2095
51,8,rest,0,41.422029078,41.427359444,2095,0.000000000,12.300,47,41,0,1,true,2095
51,8,rest,0,41.433454057,41.439716799,2095,0.000000000,12.300,47,40,0,1,true,2095
51,8,rest,0,41.445556036,41.451615058,2095,0.000000000,12.300,47,40,0,1,true,2095
51,8,rest,0,41.459388709,41.463164013,2095,0.000000000,12.200,47,40,0,1,true,2095
51,8,rest,0,41.469093948,41.475324128,2095,0.000000000,12.200,47,40,0,1,true,2095
51,8,rest,0,41.481139031,41.487250887,2095,0.000000000,12.200,47,41,0,1,true,2095
51,8,rest,0,41.493184795,41.499172550,2095,0.000000000,12.200,47,41,0,1,true,2095
51,8,rest,0,41.505174624,41.511160653,2095,0.000000000,12.200,47,41,0,1,true,2095
51,8,rest,0,41.517245824,41.523095072,2095,0.000000000,12.200,47,41,0,1,true,2095
51,8,rest,0,41.528976960,41.535135797,2095,0.000000000,12.200,47,41,0,1,true,2095
51,8,rest,0,41.540993702,41.547109739,2095,0.000000000,12.200,47,41,0,1,true,2095
51,8,rest,0,41.553104127,41.559059377,2095,0.000000000,12.200,47,41,0,1,true,2095
51,8,rest,0,41.565114667,41.571198017,2095,0.000000000,12.200,47,41,0,1,true,2095
51,8,rest,0,41.576994467,41.583055687,2095,0.000000000,12.200,47,41,0,1,true,2095
51,8,rest,0,41.589201888,41.595080526,2095,0.000000000,12.200,47,41,0,1,true,2095
51,8,rest,0,41.600921438,41.606989651,2095,0.000000000,12.200,47,42,0,1,true,2095
51,8,rest,0,41.613088647,41.618969699,2095,0.000000000,12.200,47,41,0,1,true,2095
51,8,rest,0,41.624924827,41.630981642,2095,0.000000000,12.200,47,41,0,1,true,2095
51,8,rest,0,41.637082286,41.643154468,2095,0.000000000,12.200,47,41,0,1,true,2095
51,8,rest,0,41.649165328,41.655075540,2095,0.000000000,12.200,47,41,0,1,true,2095
51,8,rest,0,41.660956463,41.667074192,2095,0.000000000,12.200,47,42,0,1,true,2095
51,8,rest,0,41.673038575,41.679156837,2095,0.000000000,12.200,47,41,0,1,true,2095
51,8,rest,0,41.684941702,41.691171348,2095,0.000000000,12.200,47,41,0,1,true,2095
51,8,rest,0,41.696935302,41.703109854,2095,0.000000000,12.200,47,40,0,1,true,2095
51,8,rest,0,41.708952604,41.715088368,2095,0.000000000,12.200,47,41,0,1,true,2095
51,8,rest,0,41.721101592,41.726915007,2095,0.000000000,12.200,47,41,0,1,true,2095
51,8,rest,0,41.732901198,41.739090471,2095,0.000000000,12.200,47,41,0,1,true,2095
51,8,rest,0,41.745058984,41.751067604,2095,0.000000000,12.200,47,41,0,1,true,2095
51,8,rest,0,41.756843978,41.763054202,2095,0.000000000,12.200,47,41,0,1,true,2095
51,8,rest,0,41.768961427,41.774939532,2095,0.000000000,12.200,47,40,0,1,true,2095
51,8,rest,0,41.781067277,41.786922362,2095,0.000000000,12.200,47,41,0,1,true,2095
51,8,rest,0,41.793157410,41.798991070,2095,0.000000000,12.200,47,41,0,1,true,2095
51,8,rest,0,41.804997883,41.811117532,2095,0.000000000,12.200,47,41,0,1,true,2095
51,8,rest,0,41.816841393,41.823051269,2095,0.000000000,12.200,47,41,0,1,true,2095
51,8,rest,0,41.828987717,41.834868608,2095,0.000000000,12.200,47,40,0,1,true,2095
51,8,rest,0,41.840978707,41.846949513,2095,0.000000000,12.200,47,41,0,1,true,2095
51,8,rest,0,41.852944979,41.859038575,2095,0.000000000,12.200,47,40,0,1,true,2095
52,8,pulse,25,41.948833273,41.955169487,2095,0.000000000,12.200,47,41,0,0,true,2095
52,8,pulse,25,41.960872182,41.966894821,2095,0.000000000,12.200,47,44,0,0,true,2095
52,8,pulse,25,41.972956636,41.978845186,2095,0.000000000,12.200,47,45,0,0,true,2095
52,8,pulse,25,41.985051184,41.991077023,2095,0.000000000,12.200,47,45,0,0,true,2095
52,8,pulse,25,41.997068126,42.002980549,2095,0.000000000,12.200,47,46,0,0,true,2095
52,8,pulse,25,42.008871079,42.015053976,2095,0.000000000,12.200,47,46,0,0,true,2095
52,8,pulse,25,42.020950978,42.027051147,2095,0.000000000,12.200,47,46,0,0,true,2095
52,8,pulse,25,42.033022368,42.038834859,2095,0.000000000,12.200,47,46,0,0,true,2095
52,8,rest,0,42.050966418,42.057108243,2095,0.000000000,12.200,47,46,0,1,true,2095
52,8,rest,0,42.062862384,42.068963671,2095,0.000000000,12.200,47,43,0,1,true,2095
52,8,rest,0,42.075004566,42.080852621,2095,0.000000000,12.200,47,42,0,1,true,2095
52,8,rest,0,42.086954296,42.093001662,2095,0.000000000,12.200,47,41,0,1,true,2095
52,8,rest,0,42.098980097,42.104981766,2095,0.000000000,12.200,47,40,0,1,true,2095
52,8,rest,0,42.110807783,42.117012930,2095,0.000000000,12.200,47,40,0,1,true,2095
52,8,rest,0,42.122963871,42.128873063,2095,0.000000000,12.200,47,41,0,1,true,2095
52,8,rest,0,42.134815633,42.140862595,2095,0.000000000,12.200,47,41,0,1,true,2095
52,8,rest,0,42.146850360,42.153100586,2095,0.000000000,12.200,47,41,0,1,true,2095
52,8,rest,0,42.158964450,42.165021602,2095,0.000000000,12.200,47,41,0,1,true,2095
52,8,rest,0,42.171060662,42.176907701,2095,0.000000000,12.200,47,40,0,1,true,2095
52,8,rest,0,42.182924421,42.189092126,2095,0.000000000,12.200,47,41,0,1,true,2095
52,8,rest,0,42.194915722,42.201025476,2095,0.000000000,12.200,47,40,0,1,true,2095
52,8,rest,0,42.206783757,42.212891366,2095,0.000000000,12.200,47,41,0,1,true,2095
52,8,rest,0,42.218930740,42.225047974,2095,0.000000000,12.200,47,41,0,1,true,2095
52,8,rest,0,42.230804914,42.236904966,2095,0.000000000,12.200,47,40,0,1,true,2095
52,8,rest,0,42.242832876,42.248883101,2095,0.000000000,12.200,47,41,0,1,true,2095
52,8,rest,0,42.254935495,42.260971044,2095,0.000000000,12.200,47,40,0,1,true,2095
52,8,rest,0,42.266824716,42.273080964,2095,0.000000000,12.200,47,40,0,1,true,2095
52,8,rest,0,42.278875572,42.284911277,2095,0.000000000,12.200,47,41,0,1,true,2095
52,8,rest,0,42.290813856,42.296940926,2095,0.000000000,12.200,47,41,0,1,true,2095
52,8,rest,0,42.302879556,42.308843811,2095,0.000000000,12.200,48,41,0,1,true,2095
52,8,rest,0,42.314742635,42.320818467,2095,0.000000000,12.200,48,41,0,1,true,2095
52,8,rest,0,42.326855144,42.332768986,2095,0.000000000,12.200,47,40,0,1,true,2095
52,8,rest,0,42.338992436,42.345054891,2095,0.000000000,12.200,47,41,0,1,true,2095
52,8,rest,0,42.350781209,42.356828636,2095,0.000000000,12.200,48,41,0,1,true,2095
52,8,rest,0,42.362904330,42.368957741,2095,0.000000000,12.200,47,41,0,1,true,2095
52,8,rest,0,42.375020460,42.380833412,2095,0.000000000,12.200,47,42,0,1,true,2095
52,8,rest,0,42.387044003,42.393044771,2095,0.000000000,12.200,48,41,0,1,true,2095
52,8,rest,0,42.398751946,42.404881389,2095,0.000000000,12.200,47,41,0,1,true,2095
52,8,rest,0,42.410997400,42.416877475,2095,0.000000000,12.200,48,41,0,1,true,2095
52,8,rest,0,42.422881327,42.429028515,2095,0.000000000,12.200,48,41,0,1,true,2095
52,8,rest,0,42.434928010,42.440837934,2095,0.000000000,12.200,47,41,0,1,true,2095
52,8,rest,0,42.447026060,42.452858966,2095,0.000000000,12.200,48,42,0,1,true,2095
52,8,rest,0,42.458878456,42.465076622,2095,0.000000000,12.200,48,41,0,1,true,2095
52,8,rest,0,42.471044871,42.477041445,2095,0.000000000,12.200,48,41,0,1,true,2095
52,8,rest,0,42.482828260,42.488886760,2095,0.000000000,12.200,47,42,0,1,true,2095
52,8,rest,0,42.494985993,42.500886773,2095,0.000000000,12.200,48,42,0,1,true,2095
52,8,rest,0,42.507007425,42.512924135,2095,0.000000000,12.200,48,42,0,1,true,2095
52,8,rest,0,42.518799235,42.524948300,2095,0.000000000,12.200,47,41,0,1,true,2095
52,8,rest,0,42.530874318,42.536904720,2095,0.000000000,12.200,47,41,0,1,true,2095
52,8,rest,0,42.542768513,42.548801840,2095,0.000000000,12.200,48,41,0,1,true,2095
52,8,rest,0,42.554816581,42.561057060,2095,0.000000000,12.200,48,41,0,1,true,2095
52,8,rest,0,42.567008970,42.573053256,2095,0.000000000,12.200,47,41,0,1,true,2095
52,8,rest,0,42.579025204,42.584803557,2095,0.000000000,12.200,48,41,0,1,true,2095
52,8,rest,0,42.590936432,42.596779865,2095,0.000000000,12.200,48,41,0,1,true,2095
52,8,rest,0,42.602959845,42.608840682,2095,0.000000000,12.200,48,41,0,1,true,2095
52,8,rest,0,42.614870029,42.621052745,2095,0.000000000,12.200,48,41,0,1,true,2095
52,8,rest,0,42.626756945,42.632773362,2095,0.000000000,12.200,48,41,0,1,true,2095
52,8,rest,0,42.638803359,42.644885540,2095,0.000000000,12.200,48,41,0,1,true,2095
53,8,pulse,-25,42.734844203,42.740839195,2095,0.000000000,12.200,48,39,0,0,true,2095
53,8,pulse,-25,42.746740070,42.752833892,2095,0.000000000,12.200,48,41,0,0,true,2095
53,8,pulse,-25,42.758873401,42.764958976,2095,0.000000000,12.200,48,42,0,0,true,2095
53,8,pulse,-25,42.770992800,42.776996007,2095,0.000000000,12.200,48,43,0,0,true,2095
53,8,pulse,-25,42.782815831,42.788872760,2095,0.000000000,12.200,48,43,0,0,true,2095
53,8,pulse,-25,42.794927478,42.800722240,2095,0.000000000,12.200,48,43,0,0,true,2095
53,8,pulse,-25,42.806937198,42.812810974,2095,0.000000000,12.200,48,43,0,0,true,2095
53,8,pulse,-25,42.818746456,42.824955095,2095,0.000000000,12.200,48,43,0,0,true,2095
53,8,rest,0,42.836833986,42.842855710,2095,0.000000000,12.200,48,42,0,1,true,2095
53,8,rest,0,42.848829370,42.854999698,2095,0.000000000,12.200,48,42,0,1,true,2095
53,8,rest,0,42.860876483,42.866925723,2095,0.000000000,12.200,48,41,0,1,true,2095
53,8,rest,0,42.873120476,42.878720934,2095,0.000000000,12.200,48,41,0,1,true,2095
53,8,rest,0,42.884927096,42.890815049,2095,0.000000000,12.200,48,41,0,1,true,2095
53,8,rest,0,42.896843083,42.902899362,2095,0.000000000,12.200,48,41,0,1,true,2095
53,8,rest,0,42.908866022,42.914882497,2095,0.000000000,12.200,48,41,0,1,true,2095
53,8,rest,0,42.920880618,42.926826829,2095,0.000000000,12.200,48,40,0,1,true,2095
53,8,rest,0,42.932714726,42.938735358,2095,0.000000000,12.200,48,40,0,1,true,2095
53,8,rest,0,42.944839273,42.950874357,2095,0.000000000,12.200,48,41,0,1,true,2095
53,8,rest,0,42.957086470,42.962791108,2095,0.000000000,12.200,48,41,0,1,true,2095
53,8,rest,0,42.968910239,42.974834631,2095,0.000000000,12.200,48,41,0,1,true,2095
53,8,rest,0,42.980995828,42.986925970,2095,0.000000000,12.200,48,41,0,1,true,2095
53,8,rest,0,42.992842619,42.998905744,2095,0.000000000,12.300,48,41,0,1,true,2095
53,8,rest,0,43.004775001,43.010867476,2095,0.000000000,12.200,48,41,0,1,true,2095
53,8,rest,0,43.016768684,43.022913363,2095,0.000000000,12.200,48,42,0,1,true,2095
53,8,rest,0,43.028834845,43.034903912,2095,0.000000000,12.300,48,41,0,1,true,2095
53,8,rest,0,43.040821125,43.046864781,2095,0.000000000,12.300,48,41,0,1,true,2095
53,8,rest,0,43.052864313,43.058805986,2095,0.000000000,12.300,48,40,0,1,true,2095
53,8,rest,0,43.064874026,43.070977107,2095,0.000000000,12.200,48,41,0,1,true,2095
53,8,rest,0,43.076877734,43.082741443,2095,0.000000000,12.200,48,40,0,1,true,2095
53,8,rest,0,43.088957974,43.095087237,2095,0.000000000,12.200,48,40,0,1,true,2095
53,8,rest,0,43.100953620,43.106803969,2095,0.000000000,12.200,48,40,0,1,true,2095
53,8,rest,0,43.112897568,43.118917069,2095,0.000000000,12.200,48,41,0,1,true,2095
53,8,rest,0,43.124972296,43.130768504,2095,0.000000000,12.200,48,41,0,1,true,2095
53,8,rest,0,43.137041734,43.142978149,2095,0.000000000,12.200,48,41,0,1,true,2095
53,8,rest,0,43.148978849,43.155023952,2095,0.000000000,12.200,48,41,0,1,true,2095
53,8,rest,0,43.160915140,43.166717250,2095,0.000000000,12.200,48,40,0,1,true,2095
53,8,rest,0,43.172951022,43.178780456,2095,0.000000000,12.200,48,41,0,1,true,2095
53,8,rest,0,43.185115219,43.190835109,2095,0.000000000,12.200,48,40,0,1,true,2095
53,8,rest,0,43.197152222,43.202783747,2095,0.000000000,12.200,48,41,0,1,true,2095
53,8,rest,0,43.208954249,43.214824024,2095,0.000000000,12.200,48,41,0,1,true,2095
53,8,rest,0,43.220847921,43.226954395,2095,0.000000000,12.200,48,41,0,1,true,2095
53,8,rest,0,43.232903036,43.238832119,2095,0.000000000,12.200,48,41,0,1,true,2095
53,8,rest,0,43.244856953,43.250877460,2095,0.000000000,12.200,48,41,0,1,true,2095
53,8,rest,0,43.256913437,43.262955779,2095,0.000000000,12.200,48,41,0,1,true,2095
53,8,rest,0,43.268677577,43.274856973,2095,0.000000000,12.200,48,41,0,1,true,2095
53,8,rest,0,43.280669437,43.286667057,2095,0.000000000,12.200,48,41,0,1,true,2095
53,8,rest,0,43.292814002,43.298814149,2095,0.000000000,12.200,48,41,0,1,true,2095
53,8,rest,0,43.304723414,43.310714699,2095,0.000000000,12.200,48,41,0,1,true,2095
53,8,rest,0,43.316862726,43.322744248,2095,0.000000000,12.200,48,42,0,1,true,2095
53,8,rest,0,43.328723605,43.334737694,2095,0.000000000,12.200,48,41,0,1,true,2095
53,8,rest,0,43.340747593,43.346914595,2095,0.000000000,12.200,48,42,0,1,true,2095
53,8,rest,0,43.352832065,43.358945427,2095,0.000000000,12.200,48,41,0,1,true,2095
53,8,rest,0,43.364672892,43.370989526,2095,0.000000000,12.200,48,41,0,1,true,2095
53,8,rest,0,43.376704095,43.382881316,2095,0.000000000,12.200,48,41,0,1,true,2095
53,8,rest,0,43.388729775,43.394929630,2095,0.000000000,12.200,48,41,0,1,true,2095
53,8,rest,0,43.400831611,43.406773731,2095,0.000000000,12.200,48,41,0,1,true,2095
53,8,rest,0,43.412672471,43.418646813,2095,0.000000000,12.200,48,41,0,1,true,2095
53,8,rest,0,43.424845601,43.430856332,2095,0.000000000,12.200,48,41,0,1,true,2095
54,8,pulse,50,43.520721888,43.526886837,2095,0.000000000,12.200,48,46,0,0,true,2095
54,8,pulse,50,43.532847581,43.538786015,2095,0.000000000,12.200,48,50,0,0,true,2095
54,8,pulse,50,43.544644079,43.550748438,2095,0.000000000,12.200,48,51,0,0,true,2095
54,8,pulse,50,43.556825233,43.562695544,2095,0.000000000,12.200,48,52,0,0,true,2095
54,8,pulse,50,43.568762044,43.574847713,2095,0.000000000,12.200,48,53,0,0,true,2095
54,8,pulse,50,43.580666456,43.586643789,2095,0.000000000,12.200,48,52,0,0,true,2095
54,8,pulse,50,43.592785411,43.598669037,2095,0.000000000,12.200,48,51,0,0,true,2095
54,8,pulse,50,43.605095072,43.610802037,2096,0.000000000,12.200,48,51,0,0,true,2096
54,8,rest,0,43.622983488,43.628712568,2098,0.076699039,12.200,48,50,0,1,true,2098
54,8,rest,0,43.634590472,43.640656495,2098,0.076699039,12.200,48,45,0,1,true,2098
54,8,rest,0,43.646719995,43.652683035,2098,0.000000000,12.200,48,43,0,1,true,2098
54,8,rest,0,43.658725721,43.664854735,2098,0.000000000,12.200,48,43,0,1,true,2098
54,8,rest,0,43.670716284,43.676897735,2098,0.000000000,12.200,48,42,0,1,true,2098
54,8,rest,0,43.682686376,43.688672652,2098,0.000000000,12.200,48,41,0,1,true,2098
54,8,rest,0,43.694606321,43.700735383,2098,0.000000000,12.200,48,41,0,1,true,2098
54,8,rest,0,43.706687666,43.712624311,2098,0.000000000,12.200,48,40,0,1,true,2098
54,8,rest,0,43.718670012,43.724986507,2098,0.000000000,12.200,48,41,0,1,true,2098
54,8,rest,0,43.730671334,43.736666013,2098,0.000000000,12.200,48,41,0,1,true,2098
54,8,rest,0,43.742605907,43.748657933,2098,0.000000000,12.200,48,41,0,1,true,2098
54,8,rest,0,43.754737057,43.760824936,2098,0.000000000,12.200,48,41,0,1,true,2098
54,8,rest,0,43.766901162,43.772676128,2098,0.000000000,12.200,48,40,0,1,true,2098
54,8,rest,0,43.778736489,43.784700059,2098,0.000000000,12.200,48,41,0,1,true,2098
54,8,rest,0,43.790764015,43.796554537,2098,0.000000000,12.200,48,40,0,1,true,2098
54,8,rest,0,43.802638237,43.808613971,2098,0.000000000,12.300,48,41,0,1,true,2098
54,8,rest,0,43.814699746,43.820633259,2098,0.000000000,12.300,48,41,0,1,true,2098
54,8,rest,0,43.826771137,43.832582946,2098,0.000000000,12.300,48,40,0,1,true,2098
54,8,rest,0,43.838750162,43.844709771,2098,0.000000000,12.300,48,40,0,1,true,2098
54,8,rest,0,43.850529082,43.856776372,2098,0.000000000,12.300,48,40,0,1,true,2098
54,8,rest,0,43.862667223,43.868692661,2098,0.000000000,12.300,48,41,0,1,true,2098
54,8,rest,0,43.874893173,43.880742371,2098,0.000000000,12.300,48,41,0,1,true,2098
54,8,rest,0,43.886797853,43.892635195,2098,0.000000000,12.300,48,41,0,1,true,2098
54,8,rest,0,43.898869489,43.904984912,2098,0.000000000,12.300,48,41,0,1,true,2098
54,8,rest,0,43.910761152,43.916692568,2098,0.000000000,12.300,48,41,0,1,true,2098
54,8,rest,0,43.922786574,43.928807298,2098,0.000000000,12.300,48,41,0,1,true,2098
54,8,rest,0,43.934533826,43.940650512,2098,0.000000000,12.300,48,40,0,1,true,2098
54,8,rest,0,43.946530082,43.952780292,2098,0.000000000,12.300,48,40,0,1,true,2098
54,8,rest,0,43.958688207,43.964789412,2098,0.000000000,12.300,48,41,0,1,true,2098
54,8,rest,0,43.970961165,43.976871432,2098,0.000000000,12.300,48,41,0,1,true,2098
54,8,rest,0,43.982691548,43.989061738,2098,0.000000000,12.300,48,40,0,1,true,2098
54,8,rest,0,43.994583077,44.000659908,2098,0.000000000,12.300,48,41,0,1,true,2098
54,8,rest,0,44.006654866,44.012673434,2098,0.000000000,12.300,48,41,0,1,true,2098
54,8,rest,0,44.018641320,44.024753072,2098,0.000000000,12.300,48,41,0,1,true,2098
54,8,rest,0,44.030793032,44.036732311,2098,0.000000000,12.300,48,41,0,1,true,2098
54,8,rest,0,44.042799168,44.048635041,2098,0.000000000,12.300,48,41,0,1,true,2098
54,8,rest,0,44.054671246,44.060769135,2098,0.000000000,12.300,48,41,0,1,true,2098
54,8,rest,0,44.066755247,44.072987693,2098,0.000000000,12.200,48,41,0,1,true,2098
54,8,rest,0,44.078865563,44.084905717,2098,0.000000000,12.200,48,42,0,1,true,2098
54,8,rest,0,44.090725792,44.096690787,2098,0.000000000,12.200,48,42,0,1,true,2098
54,8,rest,0,44.102808131,44.108548265,2098,0.000000000,12.200,48,42,0,1,true,2098
54,8,rest,0,44.114591728,44.120544549,2098,0.000000000,12.300,48,41,0,1,true,2098
54,8,rest,0,44.126814482,44.132549788,2098,0.000000000,12.200,48,41,0,1,true,2098
54,8,rest,0,44.138668927,44.144618123,2098,0.000000000,12.300,48,42,0,1,true,2098
54,8,rest,0,44.150673945,44.156646746,2098,0.000000000,12.300,48,41,0,1,true,2098
54,8,rest,0,44.162804767,44.168938480,2098,0.000000000,12.200,48,41,0,1,true,2098
54,8,rest,0,44.174794817,44.180789375,2098,0.000000000,12.200,48,41,0,1,true,2098
54,8,rest,0,44.186765044,44.192632977,2098,0.000000000,12.200,48,41,0,1,true,2098
54,8,rest,0,44.198710650,44.204680357,2098,0.000000000,12.200,48,42,0,1,true,2098
54,8,rest,0,44.210655120,44.216633391,2098,0.000000000,12.200,48,41,0,1,true,2098
55,8,pulse,-50,44.306831515,44.312677529,2098,0.000000000,12.300,48,42,0,0,true,2098
55,8,pulse,-50,44.318684987,44.324842428,2098,0.000000000,12.200,48,46,0,0,true,2098
55,8,pulse,-50,44.330780593,44.336919664,2098,0.000000000,12.200,48,47,0,0,true,2098
55,8,pulse,-50,44.342693007,44.348811892,2098,0.000000000,12.200,48,48,0,0,true,2098
55,8,pulse,-50,44.354475687,44.360813917,2098,0.000000000,12.200,48,47,0,0,true,2098
55,8,pulse,-50,44.366787810,44.372626955,2097,-0.153398079,12.200,48,47,0,0,true,2097
55,8,pulse,-50,44.378876975,44.384657311,2096,-0.153398079,12.200,48,47,0,0,true,2096
55,8,pulse,-50,44.390709623,44.396607683,2094,-0.153398079,12.200,48,46,0,0,true,2094
55,8,rest,0,44.408792495,44.414689975,2093,-0.076699039,12.200,48,44,0,1,true,2093
55,8,rest,0,44.420645163,44.426759833,2092,-0.153398079,12.200,48,42,0,1,true,2092
55,8,rest,0,44.432647358,44.438761763,2092,0.000000000,12.200,48,42,0,1,true,2092
55,8,rest,0,44.444673726,44.450635876,2092,0.000000000,12.200,48,41,0,1,true,2092
55,8,rest,0,44.456691107,44.462552752,2092,0.000000000,12.200,48,42,0,1,true,2092
55,8,rest,0,44.468817811,44.474716135,2092,0.000000000,12.200,48,42,0,1,true,2092
55,8,rest,0,44.480756137,44.486649012,2092,0.000000000,12.200,48,41,0,1,true,2092
55,8,rest,0,44.492613126,44.498699481,2092,0.000000000,12.200,48,41,0,1,true,2092
55,8,rest,0,44.504652735,44.510818414,2092,0.000000000,12.200,48,41,0,1,true,2092
55,8,rest,0,44.516652872,44.522822179,2092,0.000000000,12.200,48,41,0,1,true,2092
55,8,rest,0,44.528765373,44.534614988,2092,0.000000000,12.200,48,41,0,1,true,2092
55,8,rest,0,44.540571687,44.546645485,2092,0.000000000,12.200,48,40,0,1,true,2092
55,8,rest,0,44.552534131,44.558584310,2092,0.000000000,12.200,48,41,0,1,true,2092
55,8,rest,0,44.564755195,44.570810255,2092,0.000000000,12.200,48,40,0,1,true,2092
55,8,rest,0,44.576696445,44.582742861,2092,0.000000000,12.200,48,40,0,1,true,2092
55,8,rest,0,44.588731297,44.594705933,2092,0.000000000,12.200,48,40,0,1,true,2092
55,8,rest,0,44.600912501,44.606879288,2092,0.000000000,12.200,48,41,0,1,true,2092
55,8,rest,0,44.612825277,44.618894761,2092,0.000000000,12.200,48,40,0,1,true,2092
55,8,rest,0,44.624694887,44.630946290,2092,0.000000000,12.200,48,40,0,1,true,2092
55,8,rest,0,44.636775788,44.642652686,2092,0.000000000,12.200,48,41,0,1,true,2092
55,8,rest,0,44.648662505,44.654798195,2092,0.000000000,12.200,48,40,0,1,true,2092
55,8,rest,0,44.660603045,44.666663421,2092,0.000000000,12.200,48,40,0,1,true,2092
55,8,rest,0,44.672756260,44.678733554,2092,0.000000000,12.200,48,40,0,1,true,2092
55,8,rest,0,44.684654255,44.690725559,2092,0.000000000,12.200,48,40,0,1,true,2092
55,8,rest,0,44.696839830,44.702822478,2092,0.000000000,12.200,48,40,0,1,true,2092
55,8,rest,0,44.708732975,44.714843727,2092,0.000000000,12.200,48,40,0,1,true,2092
55,8,rest,0,44.720721144,44.726843368,2092,0.000000000,12.200,48,41,0,1,true,2092
55,8,rest,0,44.732634598,44.738650298,2092,0.000000000,12.200,48,41,0,1,true,2092
55,8,rest,0,44.744722350,44.750610530,2092,0.000000000,12.200,48,41,0,1,true,2092
55,8,rest,0,44.756804806,44.762770984,2092,0.000000000,12.200,48,41,0,1,true,2092
55,8,rest,0,44.768855390,44.774751098,2092,0.000000000,12.200,48,41,0,1,true,2092
55,8,rest,0,44.780722872,44.786697962,2092,0.000000000,12.200,48,41,0,1,true,2092
55,8,rest,0,44.792774159,44.798722091,2092,0.000000000,12.200,48,41,0,1,true,2092
55,8,rest,0,44.804643704,44.810924504,2092,0.000000000,12.200,48,40,0,1,true,2092
55,8,rest,0,44.816839187,44.822964754,2092,0.000000000,12.200,48,40,0,1,true,2092
55,8,rest,0,44.828947356,44.834999029,2092,0.000000000,12.200,48,40,0,1,true,2092
55,8,rest,0,44.840945030,44.846734648,2092,0.000000000,12.200,48,40,0,1,true,2092
55,8,rest,0,44.852855956,44.858780326,2092,0.000000000,12.200,48,41,0,1,true,2092
55,8,rest,0,44.864827442,44.870804079,2092,0.000000000,12.200,48,40,0,1,true,2092
55,8,rest,0,44.876830680,44.882804958,2092,0.000000000,12.200,48,41,0,1,true,2092
55,8,rest,0,44.888845688,44.894778766,2092,0.000000000,12.200,48,40,0,1,true,2092
55,8,rest,0,44.900624888,44.906672159,2092,0.000000000,12.200,48,41,0,1,true,2092
55,8,rest,0,44.912728902,44.918800609,2092,0.000000000,12.200,48,40,0,1,true,2092
55,8,rest,0,44.924866022,44.930755450,2092,0.000000000,12.200,48,40,0,1,true,2092
55,8,rest,0,44.936834605,44.942714900,2092,0.000000000,12.200,48,41,0,1,true,2092
55,8,rest,0,44.948783990,44.954693632,2092,0.000000000,12.200,48,41,0,1,true,2092
55,8,rest,0,44.960675515,44.966604158,2092,0.000000000,12.200,48,41,0,1,true,2092
55,8,rest,0,44.972822627,44.978734159,2092,0.000000000,12.200,48,41,0,1,true,2092
55,8,rest,0,44.984646168,44.990917230,2092,0.000000000,12.200,48,41,0,1,true,2092
55,8,rest,0,44.996778319,45.002664751,2092,0.000000000,12.200,48,41,0,1,true,2092
56,8,pulse,50,45.092664354,45.098494832,2092,0.000000000,12.200,48,45,0,0,true,2092
56,8,pulse,50,45.104672736,45.110465386,2092,0.000000000,12.200,48,49,0,0,true,2092
56,8,pulse,50,45.116458197,45.122566730,2092,0.000000000,12.200,48,50,0,0,true,2092
56,8,pulse,50,45.128742529,45.134460603,2092,0.000000000,12.200,48,52,0,0,true,2092
56,8,pulse,50,45.140519910,45.146644284,2092,0.000000000,12.200,48,51,0,0,true,2092
56,8,pulse,50,45.152477444,45.158592270,2093,0.000000000,12.200,48,50,0,0,true,2093
56,8,pulse,50,45.164461364,45.170506544,2094,0.153398079,12.200,48,50,0,0,true,2094
56,8,pulse,50,45.176505209,45.182749818,2095,0.153398079,12.200,48,49,0,0,true,2095
56,8,rest,0,45.194530016,45.200590937,2097,0.153398079,12.200,48,50,0,1,true,2097
56,8,rest,0,45.206771325,45.212763161,2097,0.000000000,12.200,48,46,0,1,true,2097
56,8,rest,0,45.218531979,45.224642233,2097,0.000000000,12.200,48,43,0,1,true,2097
56,8,rest,0,45.230605699,45.236724834,2098,0.153398079,12.200,48,42,0,1,true,2098
56,8,rest,0,45.242653083,45.248626043,2098,0.000000000,12.200,48,41,0,1,true,2098
56,8,rest,0,45.254576355,45.260485828,2098,0.000000000,12.200,48,41,0,1,true,2098
56,8,rest,0,45.266754804,45.272499639,2098,0.000000000,12.200,48,41,0,1,true,2098
56,8,rest,0,45.278723108,45.284645038,2098,0.000000000,12.200,48,41,0,1,true,2098
56,8,rest,0,45.290794624,45.296556873,2098,0.000000000,12.200,48,41,0,1,true,2098
56,8,rest,0,45.302765650,45.308689746,2098,0.000000000,12.200,48,41,0,1,true,2098
56,8,rest,0,45.314660201,45.320541789,2098,0.000000000,12.200,48,40,0,1,true,2098
56,8,rest,0,45.326689135,45.332518383,2098,0.000000000,12.200,48,40,0,1,true,2098
56,8,rest,0,45.338672629,45.344826894,2098,0.000000000,12.200,48,41,0,1,true,2098
56,8,rest,0,45.350715478,45.356770924,2098,0.000000000,12.200,48,41,0,1,true,2098
56,8,rest,0,45.362609645,45.368732200,2098,0.000000000,12.200,48,41,0,1,true,2098
56,8,rest,0,45.374651463,45.380837640,2098,0.000000000,12.200,48,41,0,1,true,2098
56,8,rest,0,45.386737562,45.392749975,2098,0.000000000,12.200,48,41,0,1,true,2098
56,8,rest,0,45.398842746,45.404694329,2098,0.000000000,12.200,48,41,0,1,true,2098
56,8,rest,0,45.410765118,45.416918617,2098,0.000000000,12.200,48,41,0,1,true,2098
56,8,rest,0,45.422639108,45.428514761,2098,0.000000000,12.200,48,41,0,1,true,2098
56,8,rest,0,45.434692209,45.440537815,2098,0.000000000,12.200,48,41,0,1,true,2098
56,8,rest,0,45.446634363,45.452750972,2098,0.000000000,12.200,48,41,0,1,true,2098
56,8,rest,0,45.458510313,45.464606736,2098,0.000000000,12.200,48,41,0,1,true,2098
56,8,rest,0,45.470479511,45.476478295,2098,0.000000000,12.200,48,41,0,1,true,2098
56,8,rest,0,45.482563554,45.488632972,2098,0.000000000,12.200,48,41,0,1,true,2098
56,8,rest,0,45.494533451,45.500687906,2098,0.000000000,12.200,48,41,0,1,true,2098
56,8,rest,0,45.506599305,45.512503629,2098,0.000000000,12.200,48,42,0,1,true,2098
56,8,rest,0,45.518618969,45.524504732,2098,0.000000000,12.200,48,42,0,1,true,2098
56,8,rest,0,45.530633999,45.536579825,2098,0.000000000,12.200,48,42,0,1,true,2098
56,8,rest,0,45.542532089,45.548687303,2098,0.000000000,12.200,48,42,0,1,true,2098
56,8,rest,0,45.554549270,45.560675658,2098,0.000000000,12.200,48,41,0,1,true,2098
56,8,rest,0,45.566564859,45.572511628,2098,0.000000000,12.200,48,42,0,1,true,2098
56,8,rest,0,45.578639395,45.584724089,2098,0.000000000,12.200,48,41,0,1,true,2098
56,8,rest,0,45.590481280,45.596450908,2098,0.000000000,12.200,48,42,0,1,true,2098
56,8,rest,0,45.602580093,45.608664097,2098,0.000000000,12.200,48,42,0,1,true,2098
56,8,rest,0,45.614576228,45.620577232,2098,0.000000000,12.200,48,41,0,1,true,2098
56,8,rest,0,45.626606090,45.632560830,2098,0.000000000,12.200,48,41,0,1,true,2098
56,8,rest,0,45.638644651,45.644531416,2098,0.000000000,12.200,48,40,0,1,true,2098
56,8,rest,0,45.650628511,45.656598478,2098,0.000000000,12.200,48,41,0,1,true,2098
56,8,rest,0,45.662662646,45.668450853,2098,0.000000000,12.300,48,41,0,1,true,2098
56,8,rest,0,45.674451561,45.680733363,2098,0.000000000,12.300,48,41,0,1,true,2098
56,8,rest,0,45.687116278,45.692605443,2098,0.000000000,12.300,48,42,0,1,true,2098
56,8,rest,0,45.698766984,45.704951113,2098,0.000000000,12.300,48,41,0,1,true,2098
56,8,rest,0,45.710869878,45.716604038,2098,0.000000000,12.300,48,41,0,1,true,2098
56,8,rest,0,45.722950116,45.728703963,2098,0.000000000,12.300,48,41,0,1,true,2098
56,8,rest,0,45.734639107,45.740824519,2098,0.000000000,12.300,48,41,0,1,true,2098
56,8,rest,0,45.746807021,45.752919088,2098,0.000000000,12.200,48,41,0,1,true,2098
56,8,rest,0,45.758910594,45.764746049,2098,0.000000000,12.200,48,41,0,1,true,2098
56,8,rest,0,45.770561740,45.776640776,2098,0.000000000,12.200,48,40,0,1,true,2098
56,8,rest,0,45.783005113,45.788801169,2098,0.000000000,12.200,48,41,0,1,true,2098
57,8,pulse,-50,45.896710427,45.902932365,2098,0.000000000,12.300,48,44,0,0,true,2098
57,8,pulse,-50,45.910925663,45.917358201,2098,0.000000000,12.300,48,47,0,0,true,2098
57,8,pulse,-50,45.928632048,45.932868573,2098,0.000000000,12.200,48,48,0,0,true,2098
57,8,pulse,-50,45.938836939,45.945131439,2098,0.000000000,12.200,48,48,0,0,true,2098
57,8,pulse,-50,45.950694749,45.956807390,2097,0.000000000,12.200,48,47,0,0,true,2097
57,8,pulse,-50,45.962523344,45.968941151,2096,-0.153398079,12.200,48,47,0,0,true,2096
57,8,pulse,-50,45.975062256,45.981130563,2095,-0.153398079,12.200,48,47,0,0,true,2095
57,8,rest,0,45.998840458,46.004854965,2093,-0.153398079,12.200,48,47,0,1,true,2093
57,8,rest,0,46.010697821,46.016764492,2092,-0.153398079,12.200,48,45,0,1,true,2092
57,8,rest,0,46.023039852,46.028662826,2092,0.000000000,12.200,48,43,0,1,true,2092
57,8,rest,0,46.034873746,46.041017306,2092,0.000000000,12.200,48,42,0,1,true,2092
57,8,rest,0,46.046752040,46.053094400,2092,0.000000000,12.200,48,42,0,1,true,2092
57,8,rest,0,46.058757907,46.064827812,2092,0.000000000,12.200,48,41,0,1,true,2092
57,8,rest,0,46.071110381,46.076984885,2092,0.000000000,12.200,48,42,0,1,true,2092
57,8,rest,0,46.082885885,46.088743343,2092,0.000000000,12.200,48,42,0,1,true,2092
57,8,rest,0,46.094596810,46.100696877,2092,0.000000000,12.200,48,41,0,1,true,2092
57,8,rest,0,46.106691431,46.112714195,2092,0.000000000,12.200,48,42,0,1,true,2092
57,8,rest,0,46.118714257,46.124710597,2092,0.000000000,12.200,48,42,0,1,true,2092
57,8,rest,0,46.130744642,46.136828391,2092,0.000000000,12.200,48,42,0,1,true,2092
57,8,rest,0,46.142802076,46.148842915,2092,0.000000000,12.200,48,41,0,1,true,2092
57,8,rest,0,46.154661912,46.160795996,2092,0.000000000,12.200,48,41,0,1,true,2092
57,8,rest,0,46.166691469,46.172904457,2092,0.000000000,12.200,48,42,0,1,true,2092
57,8,rest,0,46.178611249,46.184511827,2092,0.000000000,12.200,48,41,0,1,true,2092
57,8,rest,0,46.190644932,46.196485942,2092,0.000000000,12.200,48,42,0,1,true,2092
57,8,rest,0,46.202506181,46.208922418,2092,0.000000000,12.200,48,42,0,1,true,2092
57,8,rest,0,46.214697383,46.220509074,2092,0.000000000,12.200,48,41,0,1,true,2092
57,8,rest,0,46.226720792,46.232723889,2092,0.000000000,12.200,48,42,0,1,true,2092
57,8,rest,0,46.239014357,46.244898973,2092,0.000000000,12.200,48,41,0,1,true,2092
57,8,rest,0,46.251091287,46.256972801,2092,0.000000000,12.200,48,41,0,1,true,2092
57,8,rest,0,46.262809796,46.268841797,2092,0.000000000,12.200,48,41,0,1,true,2092
57,8,rest,0,46.274945583,46.282567591,2092,0.000000000,12.200,48,41,0,1,true,2092
57,8,rest,0,46.289413991,46.298936699,2092,0.000000000,12.200,48,42,0,1,true,2092
57,8,rest,0,46.305062429,46.311202230,2092,0.000000000,12.200,48,41,0,1,true,2092
57,8,rest,0,46.317049092,46.323402542,2092,0.000000000,12.200,48,41,0,1,true,2092
57,8,rest,0,46.328908736,46.335100436,2092,0.000000000,12.200,48,41,0,1,true,2092
57,8,rest,0,46.341090617,46.347464267,2092,0.000000000,12.200,48,41,0,1,true,2092
57,8,rest,0,46.352803849,46.358984834,2092,0.000000000,12.200,48,41,0,1,true,2092
57,8,rest,0,46.364908596,46.371040637,2092,0.000000000,12.200,48,41,0,1,true,2092
57,8,rest,0,46.376943202,46.383067467,2092,0.000000000,12.300,48,40,0,1,true,2092
57,8,rest,0,46.388946326,46.395049922,2092,0.000000000,12.300,48,41,0,1,true,2092
57,8,rest,0,46.400856153,46.406964896,2092,0.000000000,12.300,48,41,0,1,true,2092
57,8,rest,0,46.412854367,46.419117227,2092,0.000000000,12.300,48,41,0,1,true,2092
57,8,rest,0,46.424964896,46.430837462,2092,0.000000000,12.300,48,41,0,1,true,2092
57,8,rest,0,46.436947719,46.442911519,2092,0.000000000,12.300,48,42,0,1,true,2092
57,8,rest,0,46.449075671,46.454948111,2092,0.000000000,12.300,48,41,0,1,true,2092
57,8,rest,0,46.460798696,46.466959274,2092,0.000000000,12.300,48,41,0,1,true,2092
57,8,rest,0,46.472876713,46.479187420,2092,0.000000000,12.300,48,41,0,1,true,2092
57,8,rest,0,46.485112879,46.492990816,2092,0.000000000,12.300,48,40,0,1,true,2092
57,8,rest,0,46.503080860,46.509210016,2092,0.000000000,12.300,48,40,0,1,true,2092
57,8,rest,0,46.515512968,46.521741581,2092,0.000000000,12.300,48,41,0,1,true,2092
57,8,rest,0,46.527186442,46.533750291,2092,0.000000000,12.300,48,41,0,1,true,2092
57,8,rest,0,46.539040646,46.545046532,2092,0.000000000,12.300,48,40,0,1,true,2092
57,8,rest,0,46.551238281,46.556980032,2092,0.000000000,12.300,48,41,0,1,true,2092
57,8,rest,0,46.562972226,46.568764166,2092,0.000000000,12.300,48,41,0,1,true,2092
57,8,rest,0,46.575577371,46.583222031,2092,0.000000000,12.300,48,41,0,1,true,2092
57,8,rest,0,46.592962399,46.599020352,2092,0.000000000,12.300,48,42,0,1,true,2092
58,8,pulse,50,46.694925837,46.701597308,2092,0.000000000,12.300,48,39,0,0,true,2092
58,8,pulse,50,46.707138018,46.713599926,2092,0.000000000,12.200,48,46,0,0,true,2092
58,8,pulse,50,46.719074668,46.725089266,2092,0.000000000,12.200,48,50,0,0,true,2092
58,8,pulse,50,46.731265476,46.737514062,2092,0.000000000,12.200,48,51,0,0,true,2092
58,8,pulse,50,46.743271687,46.748994762,2092,0.000000000,12.200,48,50,0,0,true,2092
58,8,pulse,50,46.754963393,46.761180374,2093,0.153398079,12.200,48,50,0,0,true,2093
58,8,pulse,50,46.768292252,46.775509436,2094,0.153398079,12.200,48,50,0,0,true,2094
58,8,rest,0,46.797979661,46.802918596,2097,0.153398079,12.200,48,45,0,1,true,2097
58,8,rest,0,46.808718846,46.815065457,2097,0.153398079,12.200,48,43,0,1,true,2097
58,8,rest,0,46.822688732,46.827231584,2097,0.000000000,12.200,48,42,0,1,true,2097
58,8,rest,0,46.832843846,46.839290132,2097,0.000000000,12.200,48,42,0,1,true,2097
58,8,rest,0,46.844963437,46.851040286,2097,0.000000000,12.200,48,42,0,1,true,2097
58,8,rest,0,46.857873541,46.863259129,2098,0.076699039,12.200,48,42,0,1,true,2098
58,8,rest,0,46.869479563,46.874950097,2098,0.000000000,12.200,48,42,0,1,true,2098
58,8,rest,0,46.880953256,46.886969977,2098,0.000000000,12.200,48,42,0,1,true,2098
58,8,rest,0,46.892778480,46.898759850,2098,0.000000000,12.200,48,42,0,1,true,2098
58,8,rest,0,46.904886982,46.911678307,2098,0.000000000,12.200,48,42,0,1,true,2098
58,8,rest,0,46.917056029,46.923903365,2098,0.000000000,12.200,48,41,0,1,true,2098
58,8,rest,0,46.929496785,46.936139409,2098,0.000000000,12.200,48,42,0,1,true,2098
58,8,rest,0,46.941706165,46.947460515,2098,0.000000000,12.200,48,41,0,1,true,2098
58,8,rest,0,46.952833740,46.959016365,2098,0.000000000,12.200,48,42,0,1,true,2098
58,8,rest,0,46.965181078,46.971072753,2098,0.000000000,12.200,48,41,0,1,true,2098
58,8,rest,0,46.977245557,46.983227895,2098,0.000000000,12.200,48,41,0,1,true,2098
58,8,rest,0,46.988854296,46.995925776,2098,0.000000000,12.200,48,42,0,1,true,2098
58,8,rest,0,47.001186837,47.006935815,2098,0.000000000,12.200,48,41,0,1,true,2098
58,8,rest,0,47.013138535,47.019218365,2098,0.000000000,12.200,48,41,0,1,true,2098
58,8,rest,0,47.024828137,47.031219003,2098,0.000000000,12.200,48,42,0,1,true,2098
58,8,rest,0,47.038276921,47.043107100,2098,0.000000000,12.200,48,41,0,1,true,2098
58,8,rest,0,47.050930162,47.062017750,2098,0.000000000,12.200,48,41,0,1,true,2098
58,8,rest,0,47.067639830,47.073999562,2098,0.000000000,12.200,48,42,0,1,true,2098
58,8,rest,0,47.078970900,47.085126551,2098,0.000000000,12.200,48,41,0,1,true,2098
58,8,rest,0,47.090943975,47.097418660,2098,0.000000000,12.200,48,41,0,1,true,2098
58,8,rest,0,47.103254729,47.109504569,2098,0.000000000,12.200,48,41,0,1,true,2098
58,8,rest,0,47.115557035,47.122220065,2098,0.000000000,12.200,48,42,0,1,true,2098
58,8,rest,0,47.127272194,47.133162722,2098,0.000000000,12.200,48,41,0,1,true,2098
58,8,rest,0,47.139058077,47.145400685,2098,0.000000000,12.200,48,41,0,1,true,2098
58,8,rest,0,47.152033122,47.156965361,2098,0.000000000,12.200,48,41,0,1,true,2098
58,8,rest,0,47.163750406,47.169200627,2098,0.000000000,12.200,48,41,0,1,true,2098
58,8,rest,0,47.174757524,47.181508822,2098,0.000000000,12.200,48,41,0,1,true,2098
58,8,rest,0,47.187021305,47.192967923,2098,0.000000000,12.200,48,41,0,1,true,2098
58,8,rest,0,47.199728005,47.205506650,2098,0.000000000,12.200,48,41,0,1,true,2098
58,8,rest,0,47.210867602,47.217330149,2098,0.000000000,12.200,48,41,0,1,true,2098
58,8,rest,0,47.223424368,47.229187775,2098,0.000000000,12.200,48,41,0,1,true,2098
58,8,rest,0,47.234784318,47.240967356,2098,0.000000000,12.200,48,41,0,1,true,2098
58,8,rest,0,47.248910093,47.259833093,2098,0.000000000,12.200,48,41,0,1,true,2098
58,8,rest,0,47.265170002,47.270863224,2098,0.000000000,12.200,48,42,0,1,true,2098
58,8,rest,0,47.277207971,47.282811363,2098,0.000000000,12.200,48,42,0,1,true,2098
58,8,rest,0,47.288938095,47.295198126,2098,0.000000000,12.200,48,41,0,1,true,2098
58,8,rest,0,47.301900580,47.306789661,2098,0.000000000,12.200,48,42,0,1,true,2098
58,8,rest,0,47.313237597,47.319108928,2098,0.000000000,12.200,48,42,0,1,true,2098
58,8,rest,0,47.325106168,47.330719837,2098,0.000000000,12.200,48,42,0,1,true,2098
58,8,rest,0,47.337138579,47.342830903,2098,0.000000000,12.200,48,42,0,1,true,2098
58,8,rest,0,47.348830773,47.355176653,2098,0.000000000,12.200,48,41,0,1,true,2098
58,8,rest,0,47.361615711,47.367015739,2098,0.000000000,12.200,48,41,0,1,true,2098
58,8,rest,0,47.372873253,47.378944438,2098,0.000000000,12.200,48,42,0,1,true,2098
58,8,rest,0,47.385106779,47.390932290,2098,0.000000000,12.200,48,42,0,1,true,2098
59,8,pulse,-50,47.487179605,47.493295413,2098,0.000000000,12.200,48,40,0,0,true,2098
59,8,pulse,-50,47.499006473,47.505009144,2098,0.000000000,12.200,48,45,0,0,true,2098
59,8,pulse,-50,47.511002937,47.517007532,2098,0.000000000,12.200,48,47,0,0,true,2098
59,8,pulse,-50,47.522997550,47.528939225,2098,0.000000000,12.200,48,48,0,0,true,2098
59,8,pulse,-50,47.536206220,47.541454894,2098,0.000000000,12.200,48,48,0,0,true,2098
59,8,pulse,-50,47.546794667,47.552911677,2098,0.000000000,12.200,48,48,0,0,true,2098
59,8,pulse,-50,47.560549064,47.565439539,2096,-0.153398079,12.200,48,47,0,0,true,2096
59,8,pulse,-50,47.571304392,47.577195097,2095,-0.153398079,12.200,48,47,0,0,true,2095
59,8,rest,0,47.588964534,47.594773119,2094,-0.076699039,12.200,48,44,0,1,true,2094
59,8,rest,0,47.601412966,47.606810926,2094,-0.076699039,12.200,48,43,0,1,true,2094
59,8,rest,0,47.613240750,47.619631110,2094,0.000000000,12.200,48,42,0,1,true,2094
59,8,rest,0,47.625318518,47.631095238,2094,0.000000000,12.200,48,42,0,1,true,2094
59,8,rest,0,47.636909249,47.642895355,2094,0.000000000,12.200,48,41,0,1,true,2094
59,8,rest,0,47.649478928,47.654838278,2094,0.000000000,12.200,48,42,0,1,true,2094
59,8,rest,0,47.660804987,47.666945546,2094,0.000000000,12.200,48,42,0,1,true,2094
59,8,rest,0,47.673367603,47.679046354,2094,0.000000000,12.200,48,41,0,1,true,2094
59,8,rest,0,47.684910497,47.692158188,2094,0.000000000,12.200,48,41,0,1,true,2094
59,8,rest,0,47.699383975,47.709147414,2094,0.000000000,12.200,48,42,0,1,true,2094
59,8,rest,0,47.714689399,47.721559868,2094,0.000000000,12.200,48,42,0,1,true,2094
59,8,rest,0,47.727072803,47.733480539,2094,0.000000000,12.200,48,42,0,1,true,2094
59,8,rest,0,47.739766496,47.745417762,2094,0.000000000,12.200,48,42,0,1,true,2094
59,8,rest,0,47.750723352,47.756892220,2094,0.000000000,12.200,48,42,0,1,true,2094
59,8,rest,0,47.763472528,47.769020028,2094,0.000000000,12.200,48,42,0,1,true,2094
59,8,rest,0,47.774931257,47.781323474,2094,0.000000000,12.200,48,42,0,1,true,2094
59,8,rest,0,47.786920520,47.793173883,2094,0.000000000,12.200,48,42,0,1,true,2094
59,8,rest,0,47.799383748,47.804803034,2094,0.000000000,12.200,48,41,0,1,true,2094
59,8,rest,0,47.810905821,47.817315595,2094,0.000000000,12.200,48,42,0,1,true,2094
59,8,rest,0,47.823124914,47.828815500,2094,0.000000000,12.200,48,42,0,1,true,2094
59,8,rest,0,47.835509770,47.841445633,2094,0.000000000,12.200,48,41,0,1,true,2094
59,8,rest,0,47.847348398,47.853542663,2094,0.000000000,12.200,48,42,0,1,true,2094
59,8,rest,0,47.859207105,47.865065732,2094,0.000000000,12.200,48,41,0,1,true,2094
59,8,rest,0,47.871481106,47.877233759,2094,0.000000000,12.200,48,42,0,1,true,2094
59,8,rest,0,47.883194473,47.889264722,2094,0.000000000,12.200,48,41,0,1,true,2094
59,8,rest,0,47.894966943,47.900935173,2094,0.000000000,12.200,48,41,0,1,true,2094
59,8,rest,0,47.906911124,47.913758061,2094,0.000000000,12.200,48,42,0,1,true,2094
59,8,rest,0,47.918667415,47.924824402,2094,0.000000000,12.200,48,42,0,1,true,2094
59,8,rest,0,47.930672526,47.936742169,2094,0.000000000,12.200,48,42,0,1,true,2094
59,8,rest,0,47.942999188,47.948843272,2094,0.000000000,12.200,48,42,0,1,true,2094
59,8,rest,0,47.955135495,47.961456573,2094,0.000000000,12.200,48,42,0,1,true,2094
59,8,rest,0,47.966617908,47.973108396,2094,0.000000000,12.200,48,42,0,1,true,2094
59,8,rest,0,47.978667529,47.985902108,2094,0.000000000,12.200,48,41,0,1,true,2094
59,8,rest,0,47.990955719,47.996979074,2094,0.000000000,12.200,48,41,0,1,true,2094
59,8,rest,0,48.002753382,48.008864869,2094,0.000000000,12.200,48,42,0,1,true,2094
59,8,rest,0,48.014831403,48.043382318,2094,0.000000000,12.200,48,41,0,1,true,2094
59,8,rest,0,48.050755320,48.056780090,2094,0.000000000,12.200,48,41,0,1,true,2094
59,8,rest,0,48.063246048,48.069107426,2094,0.000000000,12.200,48,42,0,1,true,2094
59,8,rest,0,48.074862557,48.080728988,2094,0.000000000,12.200,48,41,0,1,true,2094
59,8,rest,0,48.087630881,48.093065788,2094,0.000000000,12.200,48,41,0,1,true,2094
59,8,rest,0,48.099393249,48.104675172,2094,0.000000000,12.200,48,42,0,1,true,2094
59,8,rest,0,48.110823052,48.117989782,2094,0.000000000,12.200,48,41,0,1,true,2094
59,8,rest,0,48.148076225,48.153473894,2094,0.000000000,12.200,48,42,0,1,true,2094
59,8,rest,0,48.159234769,48.165472473,2094,0.000000000,12.300,48,42,0,1,true,2094
59,8,rest,0,48.172387941,48.177234002,2094,0.000000000,12.200,48,42,0,1,true,2094
60,9,pulse,25,48.279693423,48.284896577,2144,0.000000000,12.200,48,36,0,0,true,2144
60,9,pulse,25,48.291328368,48.297824317,2144,0.000000000,12.200,48,40,0,0,true,2144
60,9,pulse,25,48.302937719,48.308812292,2144,0.000000000,12.200,48,41,0,0,true,2144
60,9,pulse,25,48.314703415,48.321174940,2144,0.000000000,12.200,48,41,0,0,true,2144
60,9,pulse,25,48.327185212,48.333259776,2144,0.000000000,12.200,48,42,0,0,true,2144
60,9,pulse,25,48.343887694,48.350711341,2144,0.000000000,12.200,48,43,0,0,true,2144
60,9,pulse,25,48.356896690,48.363153256,2144,0.000000000,12.200,48,43,0,0,true,2144
60,9,rest,0,48.381055787,48.386831847,2144,0.000000000,12.200,48,40,0,1,true,2144
60,9,rest,0,48.392612463,48.398917104,2144,0.000000000,12.200,48,38,0,1,true,2144
60,9,rest,0,48.404957365,48.410761581,2144,0.000000000,12.200,48,38,0,1,true,2144
60,9,rest,0,48.416797705,48.422697923,2144,0.000000000,12.200,48,38,0,1,true,2144
60,9,rest,0,48.428660607,48.434759482,2144,0.000000000,12.200,48,37,0,1,true,2144
60,9,rest,0,48.440517618,48.450459433,2144,0.000000000,12.200,48,37,0,1,true,2144
60,9,rest,0,48.460475817,48.465399247,2144,0.000000000,12.200,48,38,0,1,true,2144
60,9,rest,0,48.499062106,48.508386524,2144,0.000000000,12.200,48,37,0,1,true,2144
60,9,rest,0,48.512822913,48.519411426,2144,0.000000000,12.200,48,38,0,1,true,2144
60,9,rest,0,48.524872057,48.531051345,2144,0.000000000,12.200,48,38,0,1,true,2144
60,9,rest,0,48.536721965,48.543061199,2144,0.000000000,12.200,48,38,0,1,true,2144
60,9,rest,0,48.548863576,48.554820759,2144,0.000000000,12.200,48,37,0,1,true,2144
60,9,rest,0,48.561849748,48.566633194,2144,0.000000000,12.200,48,37,0,1,true,2144
60,9,rest,0,48.573592365,48.579242138,2144,0.000000000,12.200,48,38,0,1,true,2144
60,9,rest,0,48.585080052,48.591872484,2144,0.000000000,12.200,48,37,0,1,true,2144
60,9,rest,0,48.596610502,48.602797557,2144,0.000000000,12.200,48,38,0,1,true,2144
60,9,rest,0,48.609203715,48.615255550,2144,0.000000000,12.200,48,38,0,1,true,2144
60,9,rest,0,48.622066797,48.626903890,2144,0.000000000,12.200,48,38,0,1,true,2144
60,9,rest,0,48.633621501,48.639013466,2144,0.000000000,12.200,48,38,0,1,true,2144
60,9,rest,0,48.645103761,48.650940213,2144,0.000000000,12.200,48,37,0,1,true,2144
60,9,rest,0,48.657313450,48.662911003,2144,0.000000000,12.200,48,38,0,1,true,2144
60,9,rest,0,48.669324975,48.674894827,2144,0.000000000,12.200,48,38,0,1,true,2144
60,9,rest,0,48.680719623,48.686972920,2144,0.000000000,12.200,48,38,0,1,true,2144
60,9,rest,0,48.692571091,48.698351257,2144,0.000000000,12.200,48,39,0,1,true,2144
60,9,rest,0,48.706608711,48.710489794,2144,0.000000000,12.200,48,38,0,1,true,2144
60,9,rest,0,48.716493523,48.722662252,2144,0.000000000,12.200,48,38,0,1,true,2144
60,9,rest,0,48.728610101,48.734739439,2144,0.000000000,12.200,48,38,0,1,true,2144
60,9,rest,0,48.740688451,48.746570586,2144,0.000000000,12.200,48,37,0,1,true,2144
60,9,rest,0,48.752458647,48.758499894,2144,0.000000000,12.200,48,38,0,1,true,2144
60,9,rest,0,48.764729271,48.770376933,2144,0.000000000,12.200,48,38,0,1,true,2144
60,9,rest,0,48.776703301,48.782362737,2144,0.000000000,12.200,48,38,0,1,true,2144
60,9,rest,0,48.788402107,48.794494845,2144,0.000000000,12.200,48,38,0,1,true,2144
60,9,rest,0,48.800452990,48.806753906,2144,0.000000000,12.200,48,38,0,1,true,2144
60,9,rest,0,48.812440278,48.818407370,2144,0.000000000,12.200,48,38,0,1,true,2144
60,9,rest,0,48.824427548,48.830296708,2144,0.000000000,12.200,48,37,0,1,true,2144
60,9,rest,0,48.836321481,48.842425901,2144,0.000000000,12.200,48,38,0,1,true,2144
60,9,rest,0,48.848383422,48.854351449,2144,0.000000000,12.200,48,38,0,1,true,2144
60,9,rest,0,48.860345651,48.866222751,2144,0.000000000,12.200,48,38,0,1,true,2144
60,9,rest,0,48.872158585,48.878343325,2144,0.000000000,12.200,48,38,0,1,true,2144
60,9,rest,0,48.884223846,48.890294023,2144,0.000000000,12.200,48,38,0,1,true,2144
60,9,rest,0,48.896332271,48.902215866,2144,0.000000000,12.200,48,38,0,1,true,2144
60,9,rest,0,48.908407202,48.914212333,2144,0.000000000,12.200,48,38,0,1,true,2144
60,9,rest,0,48.920265960,48.926248091,2144,0.000000000,12.200,48,38,0,1,true,2144
60,9,rest,0,48.932383516,48.938401634,2144,0.000000000,12.200,48,38,0,1,true,2144
60,9,rest,0,48.944200644,48.950291341,2144,0.000000000,12.200,48,38,0,1,true,2144
60,9,rest,0,48.956213482,48.962258427,2144,0.000000000,12.200,48,38,0,1,true,2144
60,9,rest,0,48.968199227,48.974412845,2144,0.000000000,12.200,48,38,0,1,true,2144
61,9,pulse,-25,49.064312081,49.070351394,2144,0.000000000,12.200,48,40,0,0,true,2144
61,9,pulse,-25,49.076238129,49.082411049,2144,0.000000000,12.200,48,41,0,0,true,2144
61,9,pulse,-25,49.088535463,49.094284714,2144,0.000000000,12.200,48,42,0,0,true,2144
61,9,pulse,-25,49.100193308,49.106288861,2144,0.000000000,12.200,48,43,0,0,true,2144
61,9,pulse,-25,49.112322196,49.118200504,2144,0.000000000,12.200,48,43,0,0,true,2144
61,9,pulse,-25,49.124334756,49.130312773,2144,0.000000000,12.200,48,43,0,0,true,2144
61,9,pulse,-25,49.136264505,49.142309878,2144,0.000000000,12.200,48,43,0,0,true,2144
61,9,rest,0,49.173393479,49.178577625,2144,0.000000000,12.200,48,39,0,1,true,2144
61,9,rest,0,49.184518204,49.190362741,2144,0.000000000,12.200,48,38,0,1,true,2144
61,9,rest,0,49.196309861,49.202336293,2144,0.000000000,12.200,48,38,0,1,true,2144
61,9,rest,0,49.209472649,49.214467963,2144,0.000000000,12.200,48,39,0,1,true,2144
61,9,rest,0,49.220449266,49.226348879,2144,0.000000000,12.200,48,38,0,1,true,2144
61,9,rest,0,49.232247868,49.238374449,2144,0.000000000,12.200,48,38,0,1,true,2144
61,9,rest,0,49.244470500,49.250824176,2144,0.000000000,12.200,48,39,0,1,true,2144
61,9,rest,0,49.256575176,49.262395105,2144,0.000000000,12.200,48,38,0,1,true,2144
61,9,rest,0,49.268530806,49.274571341,2144,0.000000000,12.200,48,38,0,1,true,2144
61,9,rest,0,49.280506075,49.286337847,2144,0.000000000,12.200,48,38,0,1,true,2144
61,9,rest,0,49.292344778,49.298657471,2144,0.000000000,12.200,48,38,0,1,true,2144
61,9,rest,0,49.304268730,49.310225615,2144,0.000000000,12.200,48,38,0,1,true,2144
61,9,rest,0,49.316204573,49.322284960,2144,0.000000000,12.200,48,38,0,1,true,2144
61,9,rest,0,49.328145138,49.334394778,2144,0.000000000,12.200,48,37,0,1,true,2144
61,9,rest,0,49.340381956,49.346728059,2144,0.000000000,12.200,48,37,0,1,true,2144
61,9,rest,0,49.352648170,49.362534771,2144,0.000000000,12.200,48,38,0,1,true,2144
61,9,rest,0,49.370347760,49.376200397,2144,0.000000000,12.200,48,38,0,1,true,2144
61,9,rest,0,49.382260420,49.388275451,2144,0.000000000,12.200,48,38,0,1,true,2144
61,9,rest,0,49.394327240,49.400102676,2144,0.000000000,12.200,48,38,0,1,true,2144
61,9,rest,0,49.406508475,49.412154120,2144,0.000000000,12.200,48,38,0,1,true,2144
61,9,rest,0,49.418314876,49.424484620,2144,0.000000000,12.200,48,37,0,1,true,2144
61,9,rest,0,49.430264205,49.436347265,2144,0.000000000,12.200,48,37,0,1,true,2144
61,9,rest,0,49.442389817,49.448692549,2144,0.000000000,12.200,48,38,0,1,true,2144
61,9,rest,0,49.454273510,49.460353334,2144,0.000000000,12.200,48,38,0,1,true,2144
61,9,rest,0,49.466422680,49.472506446,2144,0.000000000,12.200,48,37,0,1,true,2144
61,9,rest,0,49.478486915,49.484407488,2144,0.000000000,12.200,48,38,0,1,true,2144
61,9,rest,0,49.490320830,49.496432306,2144,0.000000000,12.200,48,37,0,1,true,2144
61,9,rest,0,49.502220360,49.508493376,2144,0.000000000,12.200,48,37,0,1,true,2144
61,9,rest,0,49.514151348,49.520383857,2144,0.000000000,12.200,48,38,0,1,true,2144
61,9,rest,0,49.526198424,49.532214935,2144,0.000000000,12.200,48,38,0,1,true,2144
61,9,rest,0,49.538253765,49.544094825,2144,0.000000000,12.200,48,38,0,1,true,2144
61,9,rest,0,49.550210541,49.556278884,2144,0.000000000,12.200,48,38,0,1,true,2144
61,9,rest,0,49.562204976,49.568339222,2144,0.000000000,12.200,48,38,0,1,true,2144
61,9,rest,0,49.574215593,49.580285384,2144,0.000000000,12.200,48,37,0,1,true,2144
61,9,rest,0,49.586030489,49.592142974,2144,0.000000000,12.200,48,37,0,1,true,2144
61,9,rest,0,49.598079380,49.604092534,2144,0.000000000,12.200,48,37,0,1,true,2144
61,9,rest,0,49.610106573,49.616100704,2144,0.000000000,12.200,48,38,0,1,true,2144
61,9,rest,0,49.622424057,49.628215516,2144,0.000000000,12.200,48,37,0,1,true,2144
61,9,rest,0,49.634134751,49.640101664,2144,0.000000000,12.200,48,37,0,1,true,2144
61,9,rest,0,49.646250125,49.652196489,2144,0.000000000,12.200,48,38,0,1,true,2144
61,9,rest,0,49.658115294,49.664129776,2144,0.000000000,12.200,48,38,0,1,true,2144
61,9,rest,0,49.670255848,49.676124972,2144,0.000000000,12.200,48,37,0,1,true,2144
61,9,rest,0,49.682282248,49.688305545,2144,0.000000000,12.200,48,37,0,1,true,2144
61,9,rest,0,49.694244639,49.700228842,2144,0.000000000,12.200,48,37,0,1,true,2144
61,9,rest,0,49.706389628,49.712220407,2144,0.000000000,12.200,48,38,0,1,true,2144
61,9,rest,0,49.718229414,49.724299910,2144,0.000000000,12.200,48,39,0,1,true,2144
61,9,rest,0,49.730181171,49.736173396,2144,0.000000000,12.200,48,38,0,1,true,2144
61,9,rest,0,49.742265719,49.748070009,2144,0.000000000,12.200,48,38,0,1,true,2144
61,9,rest,0,49.754094831,49.760232724,2144,0.000000000,12.200,48,38,0,1,true,2144
62,9,pulse,25,49.856307219,49.862245324,2144,0.000000000,12.200,48,40,0,0,true,2144
62,9,pulse,25,49.868098813,49.874141904,2144,0.000000000,12.200,48,41,0,0,true,2144
62,9,pulse,25,49.880312574,49.886125169,2144,0.000000000,12.200,48,42,0,0,true,2144
62,9,pulse,25,49.892116428,49.898306927,2144,0.000000000,12.200,48,43,0,0,true,2144
62,9,pulse,25,49.904326826,49.910162271,2144,0.000000000,12.200,48,43,0,0,true,2144
62,9,pulse,25,49.916321459,49.922305799,2144,0.000000000,12.200,48,43,0,0,true,2144
62,9,pulse,25,49.928439972,49.934445019,2144,0.000000000,12.200,48,43,0,0,true,2144
62,9,pulse,25,49.940261347,49.946281279,2144,0.000000000,12.200,48,43,0,0,true,2144
62,9,rest,0,49.958204906,49.964383299,2144,0.000000000,12.200,48,40,0,1,true,2144
62,9,rest,0,49.970410241,49.976492069,2144,0.000000000,12.200,48,39,0,1,true,2144
62,9,rest,0,49.982255664,49.988235418,2144,0.000000000,12.200,48,38,0,1,true,2144
62,9,rest,0,49.994300765,50.000108122,2144,0.000000000,12.200,48,38,0,1,true,2144
62,9,rest,0,50.006097393,50.012267761,2144,0.000000000,12.200,48,39,0,1,true,2144
62,9,rest,0,50.018239070,50.024352573,2144,0.000000000,12.200,48,38,0,1,true,2144
62,9,rest,0,50.030134055,50.036127851,2144,0.000000000,12.200,48,38,0,1,true,2144
62,9,rest,0,50.042042912,50.048254099,2144,0.000000000,12.200,48,39,0,1,true,2144
62,9,rest,0,50.054148144,50.060195486,2144,0.000000000,12.200,48,38,0,1,true,2144
62,9,rest,0,50.066144208,50.072078920,2144,0.000000000,12.200,48,38,0,1,true,2144
62,9,rest,0,50.078258463,50.084234383,2144,0.000000000,12.200,48,38,0,1,true,2144
62,9,rest,0,50.090082722,50.096193239,2144,0.000000000,12.200,48,37,0,1,true,2144
62,9,rest,0,50.102125612,50.108261380,2144,0.000000000,12.200,48,38,0,1,true,2144
62,9,rest,0,50.114035474,50.119972069,2144,0.000000000,12.200,48,37,0,1,true,2144
62,9,rest,0,50.126116540,50.132182684,2144,0.000000000,12.200,48,38,0,1,true,2144
62,9,rest,0,50.138291416,50.144233623,2144,0.000000000,12.200,48,38,0,1,true,2144
62,9,rest,0,50.150189845,50.156618828,2144,0.000000000,12.200,48,37,0,1,true,2144
62,9,rest,0,50.162025847,50.168102798,2144,0.000000000,12.200,48,37,0,1,true,2144
62,9,rest,0,50.174074859,50.180081054,2144,0.000000000,12.200,48,38,0,1,true,2144
62,9,rest,0,50.186046197,50.192106839,2144,0.000000000,12.200,48,38,0,1,true,2144
62,9,rest,0,50.198049613,50.204049023,2144,0.000000000,12.200,48,38,0,1,true,2144
62,9,rest,0,50.210122487,50.216077177,2144,0.000000000,12.200,48,37,0,1,true,2144
62,9,rest,0,50.222016706,50.228079906,2144,0.000000000,12.200,48,37,0,1,true,2144
62,9,rest,0,50.234153914,50.240037264,2144,0.000000000,12.200,48,38,0,1,true,2144
62,9,rest,0,50.246142883,50.252207493,2144,0.000000000,12.200,48,38,0,1,true,2144
62,9,rest,0,50.258123700,50.263898799,2144,0.000000000,12.200,48,37,0,1,true,2144
62,9,rest,0,50.269946980,50.276186132,2144,0.000000000,12.200,48,38,0,1,true,2144
62,9,rest,0,50.282511953,50.288178805,2144,0.000000000,12.200,48,38,0,1,true,2144
62,9,rest,0,50.293977183,50.300149018,2144,0.000000000,12.200,48,38,0,1,true,2144
62,9,rest,0,50.306006765,50.311991159,2144,0.000000000,12.200,48,37,0,1,true,2144
62,9,rest,0,50.317974810,50.324118594,2144,0.000000000,12.200,48,37,0,1,true,2144
62,9,rest,0,50.329865422,50.336066607,2144,0.000000000,12.200,48,37,0,1,true,2144
62,9,rest,0,50.341914517,50.348223246,2144,0.000000000,12.200,48,38,0,1,true,2144
62,9,rest,0,50.354375338,50.360195334,2144,0.000000000,12.200,48,37,0,1,true,2144
62,9,rest,0,50.366212217,50.371961711,2144,0.000000000,12.200,48,38,0,1,true,2144
62,9,rest,0,50.378040789,50.383947991,2144,0.000000000,12.200,48,37,0,1,true,2144
62,9,rest,0,50.390132308,50.396094922,2144,0.000000000,12.200,48,37,0,1,true,2144
62,9,rest,0,50.402408034,50.408067005,2144,0.000000000,12.200,48,38,0,1,true,2144
62,9,rest,0,50.413994562,50.420109916,2144,0.000000000,12.200,48,38,0,1,true,2144
62,9,rest,0,50.426039621,50.432045932,2144,0.000000000,12.200,48,37,0,1,true,2144
62,9,rest,0,50.438108027,50.444133866,2144,0.000000000,12.200,48,38,0,1,true,2144
62,9,rest,0,50.450301080,50.456284105,2144,0.000000000,12.200,48,37,0,1,true,2144
62,9,rest,0,50.462151830,50.468218256,2144,0.000000000,12.200,48,38,0,1,true,2144
62,9,rest,0,50.474082962,50.479997951,2144,0.000000000,12.200,48,38,0,1,true,2144
62,9,rest,0,50.486256067,50.492164577,2144,0.000000000,12.200,48,37,0,1,true,2144
62,9,rest,0,50.498183290,50.504058372,2144,0.000000000,12.200,48,38,0,1,true,2144
62,9,rest,0,50.509987114,50.516102678,2144,0.000000000,12.200,48,38,0,1,true,2144
62,9,rest,0,50.522211385,50.528171202,2144,0.000000000,12.200,48,38,0,1,true,2144
62,9,rest,0,50.534056828,50.540029388,2144,0.000000000,12.200,48,39,0,1,true,2144
62,9,rest,0,50.545902768,50.552069871,2144,0.000000000,12.200,48,38,0,1,true,2144
63,9,pulse,-25,50.641846806,50.648141586,2144,0.000000000,12.200,48,38,0,0,true,2144
63,9,pulse,-25,50.654011932,50.660139818,2144,0.000000000,12.200,48,41,0,0,true,2144
63,9,pulse,-25,50.665942713,50.672187362,2144,0.000000000,12.200,48,42,0,0,true,2144
63,9,pulse,-25,50.678391832,50.684081363,2144,0.000000000,12.200,48,43,0,0,true,2144
63,9,pulse,-25,50.690123097,50.695959961,2144,0.000000000,12.200,48,43,0,0,true,2144
63,9,pulse,-25,50.701946944,50.707981680,2144,0.000000000,12.200,48,43,0,0,true,2144
63,9,pulse,-25,50.714049953,50.720122263,2144,0.000000000,12.200,48,43,0,0,true,2144
63,9,pulse,-25,50.726034486,50.732112161,2144,0.000000000,12.200,48,43,0,0,true,2144
63,9,rest,0,50.744156333,50.750149700,2144,0.000000000,12.200,48,40,0,1,true,2144
63,9,rest,0,50.756040017,50.762100672,2144,0.000000000,12.200,48,39,0,1,true,2144
63,9,rest,0,50.792398790,50.798312200,2144,0.000000000,12.200,48,38,0,1,true,2144
63,9,rest,0,50.804082950,50.810023771,2144,0.000000000,12.200,48,38,0,1,true,2144
63,9,rest,0,50.815867160,50.822066282,2144,0.000000000,12.200,48,38,0,1,true,2144
63,9,rest,0,50.828010032,50.834066788,2144,0.000000000,12.200,48,38,0,1,true,2144
63,9,rest,0,50.839918894,50.846099644,2144,0.000000000,12.200,48,37,0,1,true,2144
63,9,rest,0,50.852034763,50.857932767,2144,0.000000000,12.200,48,37,0,1,true,2144
63,9,rest,0,50.864141214,50.869959435,2144,0.000000000,12.200,48,38,0,1,true,2144
63,9,rest,0,50.876093635,50.882199577,2144,0.000000000,12.200,48,38,0,1,true,2144
63,9,rest,0,50.888352526,50.894214481,2144,0.000000000,12.200,48,38,0,1,true,2144
63,9,rest,0,50.900061563,50.906384495,2144,0.000000000,12.200,48,37,0,1,true,2144
63,9,rest,0,50.912086296,50.918081187,2144,0.000000000,12.200,48,37,0,1,true,2144
63,9,rest,0,50.923883757,50.930171304,2144,0.000000000,12.200,48,37,0,1,true,2144
63,9,rest,0,50.936063216,50.942070390,2144,0.000000000,12.200,48,38,0,1,true,2144
63,9,rest,0,50.948024388,50.953930875,2144,0.000000000,12.200,48,38,0,1,true,2144
63,9,rest,0,50.960202431,50.966129026,2144,0.000000000,12.200,48,37,0,1,true,2144
63,9,rest,0,50.972142597,50.978032457,2144,0.000000000,12.200,48,38,0,1,true,2144
63,9,rest,0,50.984176775,50.989978685,2144,0.000000000,12.200,48,38,0,1,true,2144
63,9,rest,0,50.995914932,51.002169852,2144,0.000000000,12.200,48,38,0,1,true,2144
63,9,rest,0,51.008238185,51.014072205,2144,0.000000000,12.200,48,37,0,1,true,2144
63,9,rest,0,51.020228298,51.026386841,2144,0.000000000,12.200,48,38,0,1,true,2144
63,9,rest,0,51.032180969,51.037946029,2144,0.000000000,12.200,48,37,0,1,true,2144
63,9,rest,0,51.044151066,51.050163341,2144,0.000000000,12.200,48,38,0,1,true,2144
63,9,rest,0,51.056010626,51.062141849,2144,0.000000000,12.200,48,37,0,1,true,2144
63,9,rest,0,51.067920321,51.073952498,2144,0.000000000,12.200,48,38,0,1,true,2144
63,9,rest,0,51.080100558,51.086211803,2144,0.000000000,12.200,48,38,0,1,true,2144
63,9,rest,0,51.092114090,51.098113755,2144,0.000000000,12.200,48,38,0,1,true,2144
63,9,rest,0,51.104123901,51.110375971,2144,0.000000000,12.200,48,38,0,1,true,2144
63,9,rest,0,51.116271946,51.122076372,2144,0.000000000,12.200,48,37,0,1,true,2144
63,9,rest,0,51.128023346,51.134147981,2144,0.000000000,12.200,48,38,0,1,true,2144
63,9,rest,0,51.139968373,51.146134874,2144,0.000000000,12.200,48,38,0,1,true,2144
63,9,rest,0,51.152137182,51.158187672,2144,0.000000000,12.200,48,37,0,1,true,2144
63,9,rest,0,51.164202841,51.170246968,2144,0.000000000,12.200,48,37,0,1,true,2144
63,9,rest,0,51.175952776,51.182012096,2144,0.000000000,12.200,48,38,0,1,true,2144
63,9,rest,0,51.187991108,51.194025012,2144,0.000000000,12.200,48,37,0,1,true,2144
63,9,rest,0,51.200233089,51.206080013,2144,0.000000000,12.200,48,38,0,1,true,2144
63,9,rest,0,51.212052003,51.218112692,2144,0.000000000,12.200,48,37,0,1,true,2144
63,9,rest,0,51.224103601,51.229929477,2144,0.000000000,12.200,48,37,0,1,true,2144
63,9,rest,0,51.236103257,51.242085081,2144,0.000000000,12.200,48,38,0,1,true,2144
63,9,rest,0,51.248014934,51.254029554,2144,0.000000000,12.200,48,38,0,1,true,2144
63,9,rest,0,51.259998822,51.266193364,2144,0.000000000,12.200,48,38,0,1,true,2144
63,9,rest,0,51.272031801,51.278018558,2144,0.000000000,12.200,48,38,0,1,true,2144
63,9,rest,0,51.283956600,51.289853631,2144,0.000000000,12.200,48,38,0,1,true,2144
63,9,rest,0,51.295905122,51.301964231,2144,0.000000000,12.200,49,38,0,1,true,2144
63,9,rest,0,51.307988588,51.313972596,2144,0.000000000,12.200,48,38,0,1,true,2144
63,9,rest,0,51.320264907,51.325929474,2144,0.000000000,12.200,48,38,0,1,true,2144
63,9,rest,0,51.332351207,51.338261304,2144,0.000000000,12.200,48,38,0,1,true,2144
64,9,pulse,25,51.427969565,51.434220995,2144,0.000000000,12.200,48,39,0,0,true,2144
64,9,pulse,25,51.440023659,51.445858356,2144,0.000000000,12.200,49,41,0,0,true,2144
64,9,pulse,25,51.451924725,51.457955985,2144,0.000000000,12.200,48,42,0,0,true,2144
64,9,pulse,25,51.464167465,51.470061423,2144,0.000000000,12.200,48,42,0,0,true,2144
64,9,pulse,25,51.475939335,51.482111713,2144,0.000000000,12.200,48,43,0,0,true,2144
64,9,pulse,25,51.487819134,51.493993807,2144,0.000000000,12.200,48,43,0,0,true,2144
64,9,pulse,25,51.500119901,51.506307543,2144,0.000000000,12.200,49,43,0,0,true,2144
64,9,pulse,25,51.512164218,51.518198843,2144,0.000000000,12.200,48,43,0,0,true,2144
64,9,rest,0,51.530246993,51.536190691,2144,0.000000000,12.200,49,40,0,1,true,2144
64,9,rest,0,51.542062795,51.547980439,2144,0.000000000,12.200,49,38,0,1,true,2144
64,9,rest,0,51.553884530,51.560075933,2144,0.000000000,12.200,48,38,0,1,true,2144
64,9,rest,0,51.566109196,51.572045572,2144,0.000000000,12.200,49,38,0,1,true,2144
64,9,rest,0,51.578223113,51.583940855,2144,0.000000000,12.200,49,38,0,1,true,2144
64,9,rest,0,51.589923117,51.596063937,2144,0.000000000,12.200,48,38,0,1,true,2144
64,9,rest,0,51.601945431,51.607869740,2144,0.000000000,12.200,49,37,0,1,true,2144
64,9,rest,0,51.613969525,51.619969969,2144,0.000000000,12.200,49,37,0,1,true,2144
64,9,rest,0,51.625826421,51.631872505,2144,0.000000000,12.200,48,38,0,1,true,2144
64,9,rest,0,51.637924216,51.644082530,2144,0.000000000,12.200,49,37,0,1,true,2144
64,9,rest,0,51.649964917,51.655967928,2144,0.000000000,12.200,48,37,0,1,true,2144
64,9,rest,0,51.662158428,51.668214343,2144,0.000000000,12.200,49,37,0,1,true,2144
64,9,rest,0,51.673929787,51.680030199,2144,0.000000000,12.200,48,37,0,1,true,2144
64,9,rest,0,51.685883250,51.692103237,2144,0.000000000,12.200,49,37,0,1,true,2144
64,9,rest,0,51.698139815,51.704182111,2144,0.000000000,12.200,49,37,0,1,true,2144
64,9,rest,0,51.710287448,51.716215265,2144,0.000000000,12.200,49,37,0,1,true,2144
64,9,rest,0,51.722308280,51.728143935,2144,0.000000000,12.200,49,38,0,1,true,2144
64,9,rest,0,51.733914240,51.740042456,2144,0.000000000,12.200,48,37,0,1,true,2144
64,9,rest,0,51.745977165,51.752043840,2144,0.000000000,12.200,48,37,0,1,true,2144
64,9,rest,0,51.758033928,51.763960550,2144,0.000000000,12.200,49,38,0,1,true,2144
64,9,rest,0,51.770037327,51.776044254,2144,0.000000000,12.200,49,38,0,1,true,2144
64,9,rest,0,51.781974877,51.787901407,2144,0.000000000,12.200,49,38,0,1,true,2144
64,9,rest,0,51.793996100,51.800092290,2144,0.000000000,12.200,49,37,0,1,true,2144
64,9,rest,0,51.806195475,51.812127004,2144,0.000000000,12.200,49,38,0,1,true,2144
64,9,rest,0,51.817904129,51.824096838,2144,0.000000000,12.200,49,37,0,1,true,2144
64,9,rest,0,51.829946580,51.835925943,2144,0.000000000,12.200,48,38,0,1,true,2144
64,9,rest,0,51.841788567,51.848022311,2144,0.000000000,12.200,49,37,0,1,true,2144
64,9,rest,0,51.853885062,51.859951536,2144,0.000000000,12.200,49,38,0,1,true,2144
64,9,rest,0,51.865997737,51.871871728,2144,0.000000000,12.200,49,37,0,1,true,2144
64,9,rest,0,51.878132742,51.884062607,2144,0.000000000,12.200,49,37,0,1,true,2144
64,9,rest,0,51.890361910,51.896292172,2144,0.000000000,12.200,49,37,0,1,true,2144
64,9,rest,0,51.902204595,51.908206720,2144,0.000000000,12.200,49,38,0,1,true,2144
64,9,rest,0,51.913882214,51.919782723,2144,0.000000000,12.200,49,38,0,1,true,2144
64,9,rest,0,51.925841884,51.931862470,2144,0.000000000,12.200,48,39,0,1,true,2144
64,9,rest,0,51.937856369,51.943786811,2144,0.000000000,12.200,49,38,0,1,true,2144
64,9,rest,0,51.949861169,51.955857925,2144,0.000000000,12.200,49,38,0,1,true,2144
64,9,rest,0,51.961965825,51.967903585,2144,0.000000000,12.200,49,37,0,1,true,2144
64,9,rest,0,51.973980745,51.979876669,2144,0.000000000,12.200,49,37,0,1,true,2144
64,9,rest,0,51.985935200,51.991969489,2144,0.000000000,12.200,49,38,0,1,true,2144
64,9,rest,0,51.997990295,52.004053237,2144,0.000000000,12.200,49,37,0,1,true,2144
64,9,rest,0,52.009846589,52.016034828,2144,0.000000000,12.200,49,38,0,1,true,2144
64,9,rest,0,52.022032335,52.027991707,2144,0.000000000,12.200,49,37,0,1,true,2144
64,9,rest,0,52.033963985,52.039911514,2144,0.000000000,12.200,49,37,0,1,true,2144
64,9,rest,0,52.045980701,52.051973930,2144,0.000000000,12.200,49,37,0,1,true,2144
64,9,rest,0,52.058126924,52.064295435,2144,0.000000000,12.200,49,37,0,1,true,2144
64,9,rest,0,52.070032932,52.076129535,2144,0.000000000,12.200,49,37,0,1,true,2144
64,9,rest,0,52.082195778,52.088564319,2144,0.000000000,12.200,49,38,0,1,true,2144
64,9,rest,0,52.093840307,52.100003434,2144,0.000000000,12.200,49,37,0,1,true,2144
64,9,rest,0,52.106169338,52.111811219,2144,0.000000000,12.200,49,37,0,1,true,2144
64,9,rest,0,52.117927413,52.124052054,2144,0.000000000,12.200,49,38,0,1,true,2144
65,9,pulse,-25,52.213821054,52.219930034,2144,0.000000000,12.200,49,38,0,0,true,2144
65,9,pulse,-25,52.225802269,52.231757547,2144,0.000000000,12.200,49,40,0,0,true,2144
65,9,pulse,-25,52.238008284,52.243960502,2144,0.000000000,12.200,49,42,0,0,true,2144
65,9,pulse,-25,52.250136739,52.256189233,2144,0.000000000,12.200,49,43,0,0,true,2144
65,9,pulse,-25,52.262203204,52.268238887,2144,0.000000000,12.200,49,43,0,0,true,2144
65,9,pulse,-25,52.273900078,52.279975618,2144,0.000000000,12.200,49,43,0,0,true,2144
65,9,pulse,-25,52.285785913,52.292006427,2144,0.000000000,12.200,49,43,0,0,true,2144
65,9,pulse,-25,52.297874394,52.304157087,2144,0.000000000,12.200,49,43,0,0,true,2144
65,9,rest,0,52.315985779,52.322312529,2144,0.000000000,12.200,49,40,0,1,true,2144
65,9,rest,0,52.327816007,52.333779110,2144,0.000000000,12.200,49,39,0,1,true,2144
65,9,rest,0,52.339807586,52.346057821,2144,0.000000000,12.200,49,38,0,1,true,2144
65,9,rest,0,52.351953501,52.357960807,2144,0.000000000,12.200,49,37,0,1,true,2144
65,9,rest,0,52.363804471,52.369839438,2144,0.000000000,12.200,49,38,0,1,true,2144
65,9,rest,0,52.375871973,52.381898145,2144,0.000000000,12.200,49,38,0,1,true,2144
65,9,rest,0,52.387967383,52.394333738,2144,0.000000000,12.200,49,37,0,1,true,2144
65,9,rest,0,52.399970348,52.406163903,2144,0.000000000,12.200,49,38,0,1,true,2144
65,9,rest,0,52.411883791,52.417989268,2144,0.000000000,12.200,49,39,0,1,true,2144
65,9,rest,0,52.424167273,52.430072005,2144,0.000000000,12.200,49,38,0,1,true,2144
65,9,rest,0,52.435974863,52.442117324,2144,0.000000000,12.200,49,38,0,1,true,2144
65,9,rest,0,52.447998060,52.453805147,2144,0.000000000,12.200,49,38,0,1,true,2144
65,9,rest,0,52.459881815,52.465959737,2144,0.000000000,12.200,49,37,0,1,true,2144
65,9,rest,0,52.471974575,52.477966388,2144,0.000000000,12.200,49,38,0,1,true,2144
65,9,rest,0,52.483918226,52.490387492,2144,0.000000000,12.200,49,38,0,1,true,2144
65,9,rest,0,52.495783818,52.501839772,2144,0.000000000,12.200,49,38,0,1,true,2144
65,9,rest,0,52.507772672,52.513925632,2144,0.000000000,12.200,49,37,0,1,true,2144
65,9,rest,0,52.519783783,52.525766823,2144,0.000000000,12.200,49,37,0,1,true,2144
65,9,rest,0,52.531848192,52.537970651,2144,0.000000000,12.200,49,38,0,1,true,2144
65,9,rest,0,52.543940790,52.549925893,2144,0.000000000,12.200,49,37,0,1,true,2144
65,9,rest,0,52.555779176,52.561768888,2144,0.000000000,12.200,49,37,0,1,true,2144
65,9,rest,0,52.567967303,52.573885422,2144,0.000000000,12.200,49,38,0,1,true,2144
65,9,rest,0,52.579980848,52.586001300,2144,0.000000000,12.200,49,38,0,1,true,2144
65,9,rest,0,52.591932803,52.597830585,2144,0.000000000,12.200,49,38,0,1,true,2144
65,9,rest,0,52.603766399,52.610291382,2144,0.000000000,12.200,49,38,0,1,true,2144
65,9,rest,0,52.616036409,52.622198868,2144,0.000000000,12.200,49,37,0,1,true,2144
65,9,rest,0,52.628141643,52.634022845,2144,0.000000000,12.200,49,38,0,1,true,2144
65,9,rest,0,52.639914809,52.645962993,2144,0.000000000,12.200,49,38,0,1,true,2144
65,9,rest,0,52.651925088,52.657827338,2144,0.000000000,12.200,49,37,0,1,true,2144
65,9,rest,0,52.663922480,52.669769069,2144,0.000000000,12.200,49,38,0,1,true,2144
65,9,rest,0,52.675983322,52.681947668,2144,0.000000000,12.200,49,38,0,1,true,2144
65,9,rest,0,52.687913557,52.694043589,2144,0.000000000,12.200,49,39,0,1,true,2144
65,9,rest,0,52.699967185,52.706031201,2144,0.000000000,12.200,49,38,0,1,true,2144
65,9,rest,0,52.712068456,52.718018479,2144,0.000000000,12.200,49,38,0,1,true,2144
65,9,rest,0,52.723907183,52.729901720,2144,0.000000000,12.200,49,38,0,1,true,2144
65,9,rest,0,52.735860696,52.741901953,2144,0.000000000,12.200,49,37,0,1,true,2144
65,9,rest,0,52.747881231,52.753933335,2144,0.000000000,12.200,49,38,0,1,true,2144
65,9,rest,0,52.759855492,52.766020396,2144,0.000000000,12.200,49,38,0,1,true,2144
65,9,rest,0,52.771910902,52.778078358,2144,0.000000000,12.200,49,38,0,1,true,2144
65,9,rest,0,52.783781613,52.789938412,2144,0.000000000,12.200,49,37,0,1,true,2144
65,9,rest,0,52.795906794,52.802000223,2144,0.000000000,12.200,49,37,0,1,true,2144
65,9,rest,0,52.807978085,52.813935472,2144,0.000000000,12.200,49,38,0,1,true,2144
65,9,rest,0,52.820091984,52.826103702,2144,0.000000000,12.200,49,38,0,1,true,2144
65,9,rest,0,52.831862632,52.837852779,2144,0.000000000,12.200,49,39,0,1,true,2144
65,9,rest,0,52.843914914,52.849892551,2144,0.000000000,12.200,49,39,0,1,true,2144
65,9,rest,0,52.855772592,52.861878381,2144,0.000000000,12.200,49,38,0,1,true,2144
65,9,rest,0,52.867738500,52.873892934,2144,0.000000000,12.200,49,37,0,1,true,2144
65,9,rest,0,52.879926352,52.885919726,2144,0.000000000,12.200,49,38,0,1,true,2144
65,9,rest,0,52.892001607,52.897828772,2144,0.000000000,12.200,49,37,0,1,true,2144
65,9,rest,0,52.903802549,52.909963900,2144,0.000000000,12.200,49,37,0,1,true,2144
66,9,pulse,50,53.000131267,53.006189804,2144,0.000000000,12.200,49,43,0,0,true,2144
66,9,pulse,50,53.012054446,53.017927708,2144,0.000000000,12.200,49,46,0,0,true,2144
66,9,pulse,50,53.023957505,53.029771677,2144,0.000000000,12.200,49,48,0,0,true,2144
66,9,pulse,50,53.035838470,53.041658115,2144,0.000000000,12.200,49,48,0,0,true,2144
66,9,pulse,50,53.047932355,53.053910315,2144,0.000000000,12.200,49,47,0,0,true,2144
66,9,pulse,50,53.059741877,53.066001598,2145,0.153398079,12.200,49,46,0,0,true,2145
66,9,pulse,50,53.071812470,53.077966912,2146,0.076699039,12.200,49,46,0,0,true,2146
66,9,pulse,50,53.083808726,53.089994481,2147,0.153398079,12.200,49,47,0,0,true,2147
66,9,rest,0,53.101765881,53.108014388,2149,0.076699039,12.200,49,42,0,1,true,2149
66,9,rest,0,53.113790907,53.119781753,2149,0.000000000,12.200,49,40,0,1,true,2149
66,9,rest,0,53.125892372,53.131917885,2149,0.000000000,12.200,49,39,0,1,true,2149
66,9,rest,0,53.137920012,53.143793110,2149,0.000000000,12.200,49,38,0,1,true,2149
66,9,rest,0,53.149892980,53.155982546,2149,0.000000000,12.200,49,38,0,1,true,2149
66,9,rest,0,53.161702756,53.167981308,2149,0.000000000,12.200,49,38,0,1,true,2149
66,9,rest,0,53.173917058,53.180049902,2149,0.000000000,12.200,49,37,0,1,true,2149
66,9,rest,0,53.185866326,53.192025431,2149,0.000000000,12.200,49,37,0,1,true,2149
66,9,rest,0,53.198098639,53.203826329,2149,0.000000000,12.200,49,37,0,1,true,2149
66,9,rest,0,53.210266201,53.216109112,2149,0.000000000,12.200,49,37,0,1,true,2149
66,9,rest,0,53.222088123,53.227840145,2149,0.000000000,12.200,49,38,0,1,true,2149
66,9,rest,0,53.233767995,53.239991634,2149,0.000000000,12.200,49,38,0,1,true,2149
66,9,rest,0,53.245777475,53.251913055,2149,0.000000000,12.200,49,38,0,1,true,2149
66,9,rest,0,53.257867152,53.263863154,2149,0.000000000,12.200,49,37,0,1,true,2149
66,9,rest,0,53.269806263,53.275848854,2149,0.000000000,12.200,49,38,0,1,true,2149
66,9,rest,0,53.281872583,53.287822526,2149,0.000000000,12.200,49,37,0,1,true,2149
66,9,rest,0,53.293749648,53.299810831,2149,0.000000000,12.200,49,38,0,1,true,2149
66,9,rest,0,53.305866098,53.311910001,2149,0.000000000,12.200,49,37,0,1,true,2149
66,9,rest,0,53.317929493,53.323925155,2149,0.000000000,12.200,49,38,0,1,true,2149
66,9,rest,0,53.329929218,53.335811621,2149,0.000000000,12.200,49,38,0,1,true,2149
66,9,rest,0,53.341821083,53.347895133,2149,0.000000000,12.200,49,38,0,1,true,2149
66,9,rest,0,53.353795641,53.359865616,2149,0.000000000,12.200,49,38,0,1,true,2149
66,9,rest,0,53.365763260,53.371880185,2149,0.000000000,12.200,49,38,0,1,true,2149
66,9,rest,0,53.378137410,53.383859197,2149,0.000000000,12.200,49,37,0,1,true,2149
66,9,rest,0,53.390196131,53.395919828,2149,0.000000000,12.200,49,38,0,1,true,2149
66,9,rest,0,53.402100216,53.407876761,2149,0.000000000,12.200,49,37,0,1,true,2149
66,9,rest,0,53.413809847,53.419818898,2149,0.000000000,12.200,49,37,0,1,true,2149
66,9,rest,0,53.425988406,53.431730935,2149,0.000000000,12.200,49,38,0,1,true,2149
66,9,rest,0,53.437953025,53.443790584,2149,0.000000000,12.200,49,38,0,1,true,2149
66,9,rest,0,53.449680857,53.455935116,2149,0.000000000,12.200,49,37,0,1,true,2149
66,9,rest,0,53.461883226,53.467674110,2149,0.000000000,12.200,49,38,0,1,true,2149
66,9,rest,0,53.473804842,53.479851926,2149,0.000000000,12.200,49,37,0,1,true,2149
66,9,rest,0,53.485884371,53.491870905,2149,0.000000000,12.200,49,38,0,1,true,2149
66,9,rest,0,53.497802701,53.503758288,2149,0.000000000,12.200,49,37,0,1,true,2149
66,9,rest,0,53.509703461,53.515922980,2149,0.000000000,12.200,49,38,0,1,true,2149
66,9,rest,0,53.521944197,53.527824123,2149,0.000000000,12.200,49,37,0,1,true,2149
66,9,rest,0,53.533761482,53.539807830,2149,0.000000000,12.200,49,38,0,1,true,2149
66,9,rest,0,53.545940411,53.551905260,2149,0.000000000,12.200,49,37,0,1,true,2149
66,9,rest,0,53.557853926,53.563952414,2149,0.000000000,12.200,49,38,0,1,true,2149
66,9,rest,0,53.569795224,53.575986828,2149,0.000000000,12.200,49,37,0,1,true,2149
66,9,rest,0,53.582038073,53.587813868,2149,0.000000000,12.200,49,38,0,1,true,2149
66,9,rest,0,53.593801150,53.599770906,2149,0.000000000,12.200,49,38,0,1,true,2149
66,9,rest,0,53.605796228,53.611831340,2149,0.000000000,12.200,49,38,0,1,true,2149
66,9,rest,0,53.617756768,53.623872750,2149,0.000000000,12.200,49,37,0,1,true,2149
66,9,rest,0,53.629882774,53.635848955,2149,0.000000000,12.200,49,37,0,1,true,2149
66,9,rest,0,53.641875273,53.647816620,2149,0.000000000,12.200,49,37,0,1,true,2149
66,9,rest,0,53.653751875,53.659806875,2149,0.000000000,12.200,49,37,0,1,true,2149
66,9,rest,0,53.665740776,53.671794611,2149,0.000000000,12.200,49,38,0,1,true,2149
66,9,rest,0,53.677679960,53.683889783,2149,0.000000000,12.200,49,37,0,1,true,2149
66,9,rest,0,53.690038759,53.695838275,2149,0.000000000,12.200,49,37,0,1,true,2149
67,9,pulse,-50,53.786124757,53.792101768,2149,0.000000000,12.200,49,40,0,0,true,2149
67,9,pulse,-50,53.798343728,53.804140649,2149,0.000000000,12.200,49,45,0,0,true,2149
67,9,pulse,-50,53.810074164,53.817484845,2149,0.000000000,12.200,49,47,0,0,true,2149
67,9,pulse,-50,53.840926214,53.846082950,2149,0.000000000,12.200,49,47,0,0,true,2149
67,9,pulse,-50,53.851950939,53.858072850,2149,0.000000000,12.200,49,48,0,0,true,2149
67,9,pulse,-50,53.863836485,53.869923326,2147,-0.153398079,12.200,49,47,0,0,true,2147
67,9,rest,0,53.887849945,53.893990496,2145,-0.153398079,12.200,49,42,0,1,true,2145
67,9,rest,0,53.899863527,53.906021095,2145,-0.153398079,12.200,49,40,0,1,true,2145
67,9,rest,0,53.911973721,53.917969257,2145,0.000000000,12.200,49,38,0,1,true,2145
67,9,rest,0,53.923885779,53.929815291,2145,0.000000000,12.200,49,38,0,1,true,2145
67,9,rest,0,53.936040935,53.942102483,2145,0.000000000,12.200,49,38,0,1,true,2145
67,9,rest,0,53.948088156,53.953915510,2145,0.000000000,12.200,49,37,0,1,true,2145
67,9,rest,0,53.960109293,53.966076022,2145,0.000000000,12.200,49,37,0,1,true,2145
67,9,rest,0,53.971875191,53.978162523,2145,0.000000000,12.200,49,37,0,1,true,2145
67,9,rest,0,53.984183457,53.990286834,2145,0.000000000,12.200,49,37,0,1,true,2145
67,9,rest,0,53.996011690,54.002076070,2145,0.000000000,12.200,49,37,0,1,true,2145
67,9,rest,0,54.007806097,54.014027988,2145,0.000000000,12.200,49,37,0,1,true,2145
67,9,rest,0,54.020519841,54.026542479,2145,0.000000000,12.200,49,37,0,1,true,2145
67,9,rest,0,54.032302395,54.039158709,2145,0.000000000,12.200,49,37,0,1,true,2145
67,9,rest,0,54.044217784,54.050596471,2145,0.000000000,12.200,49,37,0,1,true,2145
67,9,rest,0,54.056027670,54.061861036,2145,0.000000000,12.200,49,38,0,1,true,2145
67,9,rest,0,54.067796714,54.073975523,2145,0.000000000,12.200,49,38,0,1,true,2145
67,9,rest,0,54.079840495,54.086107674,2145,0.000000000,12.200,49,38,0,1,true,2145
67,9,rest,0,54.092082589,54.098004791,2145,0.000000000,12.200,49,38,0,1,true,2145
67,9,rest,0,54.103825064,54.110035677,2145,0.000000000,12.200,49,37,0,1,true,2145
67,9,rest,0,54.116044024,54.122140223,2145,0.000000000,12.200,49,38,0,1,true,2145
67,9,rest,0,54.128102541,54.134105383,2145,0.000000000,12.200,49,38,0,1,true,2145
67,9,rest,0,54.139862646,54.145971213,2145,0.000000000,12.200,49,38,0,1,true,2145
67,9,rest,0,54.151747927,54.157955705,2145,0.000000000,12.200,49,38,0,1,true,2145
67,9,rest,0,54.163827700,54.169973571,2145,0.000000000,12.200,49,38,0,1,true,2145
67,9,rest,0,54.176133479,54.182461714,2145,0.000000000,12.200,49,38,0,1,true,2145
67,9,rest,0,54.188398964,54.193926084,2145,0.000000000,12.200,49,37,0,1,true,2145
67,9,rest,0,54.200111403,54.206127508,2145,0.000000000,12.200,49,37,0,1,true,2145
67,9,rest,0,54.211804649,54.218015802,2145,0.000000000,12.200,49,37,0,1,true,2145
67,9,rest,0,54.223768223,54.230021826,2145,0.000000000,12.200,49,37,0,1,true,2145
67,9,rest,0,54.236016374,54.242076359,2145,0.000000000,12.200,49,37,0,1,true,2145
67,9,rest,0,54.247874111,54.253967396,2145,0.000000000,12.200,49,37,0,1,true,2145
67,9,rest,0,54.259932511,54.265927783,2145,0.000000000,12.200,49,37,0,1,true,2145
67,9,rest,0,54.271761415,54.277869217,2145,0.000000000,12.200,49,38,0,1,true,2145
67,9,rest,0,54.284022528,54.290079009,2145,0.000000000,12.200,49,38,0,1,true,2145
67,9,rest,0,54.295744114,54.301799224,2145,0.000000000,12.200,49,38,0,1,true,2145
67,9,rest,0,54.307827482,54.314034012,2145,0.000000000,12.200,49,38,0,1,true,2145
67,9,rest,0,54.319843502,54.325980370,2145,0.000000000,12.200,49,38,0,1,true,2145
67,9,rest,0,54.331893643,54.337808973,2145,0.000000000,12.200,49,38,0,1,true,2145
67,9,rest,0,54.344049206,54.350034068,2145,0.000000000,12.200,49,38,0,1,true,2145
67,9,rest,0,54.356278409,54.362082795,2145,0.000000000,12.200,49,37,0,1,true,2145
67,9,rest,0,54.368210445,54.374065222,2145,0.000000000,12.200,49,38,0,1,true,2145
67,9,rest,0,54.379909703,54.386158751,2145,0.000000000,12.200,49,37,0,1,true,2145
67,9,rest,0,54.392035665,54.398264420,2145,0.000000000,12.200,49,38,0,1,true,2145
67,9,rest,0,54.403855376,54.409805529,2145,0.000000000,12.200,49,37,0,1,true,2145
67,9,rest,0,54.415827465,54.421943044,2145,0.000000000,12.200,49,38,0,1,true,2145
67,9,rest,0,54.427745874,54.434023416,2145,0.000000000,12.200,49,37,0,1,true,2145
67,9,rest,0,54.439983889,54.445903773,2145,0.000000000,12.200,49,37,0,1,true,2145
67,9,rest,0,54.452000288,54.458153306,2145,0.000000000,12.200,49,38,0,1,true,2145
67,9,rest,0,54.463825475,54.469778468,2145,0.000000000,12.200,49,37,0,1,true,2145
67,9,rest,0,54.475872314,54.482000673,2145,0.000000000,12.200,49,37,0,1,true,2145
68,9,pulse,50,54.571856908,54.578048300,2145,0.000000000,12.200,49,43,0,0,true,2145
68,9,pulse,50,54.583922692,54.589968181,2145,0.000000000,12.200,49,45,0,0,true,2145
68,9,pulse,50,54.595939703,54.601794793,2145,0.000000000,12.200,49,46,0,0,true,2145
68,9,pulse,50,54.607979955,54.613809921,2145,0.000000000,12.200,49,46,0,0,true,2145
68,9,pulse,50,54.619893803,54.625838123,2145,0.000000000,12.200,49,46,0,0,true,2145
68,9,pulse,50,54.631703158,54.637735319,2146,0.000000000,12.200,49,47,0,0,true,2146
68,9,pulse,50,54.643727226,54.649893683,2147,0.076699039,12.200,49,46,0,0,true,2147
68,9,pulse,50,54.655932301,54.661869528,2148,0.076699039,12.200,49,46,0,0,true,2148
68,9,rest,0,54.674107833,54.680129856,2150,0.076699039,12.200,49,42,0,1,true,2150
68,9,rest,0,54.685870858,54.691822473,2150,0.153398079,12.200,49,40,0,1,true,2150
68,9,rest,0,54.697821365,54.703721039,2150,0.000000000,12.200,49,39,0,1,true,2150
68,9,rest,0,54.709807047,54.715907617,2150,0.000000000,12.200,49,38,0,1,true,2150
68,9,rest,0,54.721740817,54.727890313,2150,0.000000000,12.200,49,38,0,1,true,2150
68,9,rest,0,54.733701325,54.739894958,2150,0.000000000,12.200,49,37,0,1,true,2150
68,9,rest,0,54.745714643,54.751909121,2150,0.000000000,12.200,49,37,0,1,true,2150
68,9,rest,0,54.758108022,54.763875630,2150,0.000000000,12.200,49,37,0,1,true,2150
68,9,rest,0,54.769716475,54.775808729,2150,0.000000000,12.200,49,37,0,1,true,2150
68,9,rest,0,54.781917960,54.787791979,2150,0.000000000,12.200,49,37,0,1,true,2150
68,9,rest,0,54.793923147,54.799738763,2150,0.000000000,12.200,49,38,0,1,true,2150
68,9,rest,0,54.805940932,54.811991126,2150,0.000000000,12.200,49,37,0,1,true,2150
68,9,rest,0,54.818172348,54.824085573,2150,0.000000000,12.200,49,37,0,1,true,2150
68,9,rest,0,54.829997501,54.836089575,2150,0.000000000,12.200,49,38,0,1,true,2150
68,9,rest,0,54.841907859,54.848042392,2150,0.000000000,12.200,49,38,0,1,true,2150
68,9,rest,0,54.853785236,54.859807413,2150,0.000000000,12.200,49,38,0,1,true,2150
68,9,rest,0,54.865840787,54.871840637,2150,0.000000000,12.200,49,38,0,1,true,2150
68,9,rest,0,54.878135227,54.883824998,2150,0.000000000,12.200,49,38,0,1,true,2150
68,9,rest,0,54.889678487,54.895700934,2150,0.000000000,12.200,49,38,0,1,true,2150
68,9,rest,0,54.901645137,54.907749648,2150,0.000000000,12.200,49,37,0,1,true,2150
68,9,rest,0,54.913718510,54.919982768,2150,0.000000000,12.200,49,37,0,1,true,2150
68,9,rest,0,54.925942203,54.931897558,2150,0.000000000,12.200,49,37,0,1,true,2150
68,9,rest,0,54.937641845,54.943710893,2150,0.000000000,12.200,49,37,0,1,true,2150
68,9,rest,0,54.949896225,54.955917818,2150,0.000000000,12.200,49,38,0,1,true,2150
68,9,rest,0,54.961707276,54.967695400,2150,0.000000000,12.200,49,37,0,1,true,2150
68,9,rest,0,54.974022740,54.979757328,2150,0.000000000,12.200,49,37,0,1,true,2150
68,9,rest,0,54.985922526,54.992201687,2150,0.000000000,12.200,49,37,0,1,true,2150
68,9,rest,0,54.997930063,55.004171142,2150,0.000000000,12.200,49,37,0,1,true,2150
68,9,rest,0,55.009872427,55.015869080,2150,0.000000000,12.200,49,38,0,1,true,2150
68,9,rest,0,55.021859174,55.027982901,2150,0.000000000,12.200,49,38,0,1,true,2150
68,9,rest,0,55.033866362,55.039789595,2150,0.000000000,12.200,49,38,0,1,true,2150
68,9,rest,0,55.045816179,55.051784445,2150,0.000000000,12.200,49,37,0,1,true,2150
68,9,rest,0,55.057872777,55.063839573,2150,0.000000000,12.200,49,38,0,1,true,2150
68,9,rest,0,55.069802834,55.075732671,2150,0.000000000,12.200,49,38,0,1,true,2150
68,9,rest,0,55.081894887,55.087885797,2150,0.000000000,12.200,49,37,0,1,true,2150
68,9,rest,0,55.093869538,55.099700593,2150,0.000000000,12.200,49,38,0,1,true,2150
68,9,rest,0,55.105883742,55.111839902,2150,0.000000000,12.200,49,38,0,1,true,2150
68,9,rest,0,55.117601580,55.123640429,2150,0.000000000,12.200,49,37,0,1,true,2150
68,9,rest,0,55.129671247,55.135769741,2150,0.000000000,12.200,49,37,0,1,true,2150
68,9,rest,0,55.141819513,55.147627840,2150,0.000000000,12.200,49,38,0,1,true,2150
68,9,rest,0,55.153790434,55.159889608,2150,0.000000000,12.200,49,38,0,1,true,2150
68,9,rest,0,55.165819592,55.172129748,2150,0.000000000,12.200,49,38,0,1,true,2150
68,9,rest,0,55.178087871,55.183992996,2150,0.000000000,12.200,49,38,0,1,true,2150
68,9,rest,0,55.190103497,55.195986803,2150,0.000000000,12.200,49,37,0,1,true,2150
68,9,rest,0,55.201715470,55.207791363,2150,0.000000000,12.200,49,38,0,1,true,2150
68,9,rest,0,55.213896421,55.219766419,2150,0.000000000,12.200,49,38,0,1,true,2150
68,9,rest,0,55.225874219,55.231668055,2150,0.000000000,12.200,49,38,0,1,true,2150
68,9,rest,0,55.237815082,55.243743097,2150,0.000000000,12.200,49,38,0,1,true,2150
68,9,rest,0,55.249892985,55.255809797,2150,0.000000000,12.200,49,38,0,1,true,2150
68,9,rest,0,55.261596506,55.267759970,2150,0.000000000,12.200,49,38,0,1,true,2150
69,9,pulse,-50,55.357685422,55.363594108,2150,0.000000000,12.200,49,40,0,0,true,2150
69,9,pulse,-50,55.369697393,55.375609490,2150,0.000000000,12.200,49,45,0,0,true,2150
69,9,pulse,-50,55.381889934,55.388305174,2150,0.000000000,12.200,49,47,0,0,true,2150
69,9,pulse,-50,55.393719857,55.399638551,2150,0.000000000,12.200,49,49,0,0,true,2150
69,9,pulse,-50,55.406208785,55.411750624,2150,0.000000000,12.200,49,47,0,0,true,2150
69,9,pulse,-50,55.417751974,55.423689023,2150,0.000000000,12.200,49,47,0,0,true,2150
69,9,pulse,-50,55.429682501,55.435583196,2148,-0.153398079,12.200,49,47,0,0,true,2148
69,9,pulse,-50,55.441729182,55.447683763,2147,-0.076699039,12.200,49,47,0,0,true,2147
69,9,rest,0,55.459765962,55.465634360,2146,-0.153398079,12.200,49,42,0,1,true,2146
69,9,rest,0,55.471793067,55.477728808,2145,-0.076699039,12.200,49,40,0,1,true,2145
69,9,rest,0,55.483747112,55.490093081,2145,0.000000000,12.200,49,39,0,1,true,2145
69,9,rest,0,55.495804368,55.501840322,2145,0.000000000,12.200,49,38,0,1,true,2145
69,9,rest,0,55.507899611,55.513807180,2145,0.000000000,12.200,49,38,0,1,true,2145
69,9,rest,0,55.519775803,55.525909395,2145,0.000000000,12.200,49,38,0,1,true,2145
69,9,rest,0,55.531883365,55.537935781,2145,0.000000000,12.200,49,38,0,1,true,2145
69,9,rest,0,55.543872642,55.549845251,2145,0.000000000,12.200,49,38,0,1,true,2145
69,9,rest,0,55.555821277,55.561668567,2145,0.000000000,12.200,49,38,0,1,true,2145
69,9,rest,0,55.567799196,55.573784750,2145,0.000000000,12.200,49,38,0,1,true,2145
69,9,rest,0,55.579642066,55.585738455,2145,0.000000000,12.200,49,38,0,1,true,2145
69,9,rest,0,55.591747184,55.597820956,2145,0.000000000,12.200,49,38,0,1,true,2145
69,9,rest,0,55.603766361,55.609679479,2145,0.000000000,12.200,49,37,0,1,true,2145
69,9,rest,0,55.615868565,55.621767749,2145,0.000000000,12.200,49,37,0,1,true,2145
69,9,rest,0,55.627917724,55.633690131,2145,0.000000000,12.200,49,38,0,1,true,2145
69,9,rest,0,55.639807063,55.645658473,2145,0.000000000,12.200,49,38,0,1,true,2145
69,9,rest,0,55.651649581,55.657704042,2145,0.000000000,12.200,49,38,0,1,true,2145
69,9,rest,0,55.663683230,55.669760781,2145,0.000000000,12.200,49,37,0,1,true,2145
69,9,rest,0,55.675568327,55.681857022,2145,0.000000000,12.200,49,37,0,1,true,2145
69,9,rest,0,55.687753697,55.693897840,2145,0.000000000,12.200,49,37,0,1,true,2145
69,9,rest,0,55.699753981,55.705702109,2145,0.000000000,12.200,49,38,0,1,true,2145
69,9,rest,0,55.711710120,55.717710678,2145,0.000000000,12.200,49,38,0,1,true,2145
69,9,rest,0,55.723718835,55.729735702,2145,0.000000000,12.200,49,38,0,1,true,2145
69,9,rest,0,55.735595610,55.741688126,2145,0.000000000,12.200,49,37,0,1,true,2145
69,9,rest,0,55.747619540,55.753729344,2145,0.000000000,12.200,49,38,0,1,true,2145
69,9,rest,0,55.759757637,55.765651888,2145,0.000000000,12.200,49,37,0,1,true,2145
69,9,rest,0,55.771572311,55.777895116,2145,0.000000000,12.200,49,37,0,1,true,2145
69,9,rest,0,55.783793110,55.790225667,2145,0.000000000,12.200,49,38,0,1,true,2145
69,9,rest,0,55.795750007,55.801760404,2145,0.000000000,12.200,49,38,0,1,true,2145
69,9,rest,0,55.807705393,55.813716611,2145,0.000000000,12.200,49,38,0,1,true,2145
69,9,rest,0,55.819682455,55.825939969,2145,0.000000000,12.200,49,38,0,1,true,2145
69,9,rest,0,55.831588832,55.837871106,2145,0.000000000,12.200,49,38,0,1,true,2145
69,9,rest,0,55.843651124,55.849612795,2145,0.000000000,12.200,49,39,0,1,true,2145
69,9,rest,0,55.855479773,55.861681277,2145,0.000000000,12.200,49,38,0,1,true,2145
69,9,rest,0,55.867527889,55.873565849,2145,0.000000000,12.200,49,37,0,1,true,2145
69,9,rest,0,55.879733468,55.885745355,2145,0.000000000,12.200,49,37,0,1,true,2145
69,9,rest,0,55.891616791,55.897702098,2145,0.000000000,12.200,49,38,0,1,true,2145
69,9,rest,0,55.903783677,55.909708359,2145,0.000000000,12.200,49,38,0,1,true,2145
69,9,rest,0,55.915674244,55.921964277,2145,0.000000000,12.200,49,38,0,1,true,2145
69,9,rest,0,55.927664815,55.933771178,2145,0.000000000,12.200,49,38,0,1,true,2145
69,9,rest,0,55.939721054,55.945854080,2145,0.000000000,12.200,49,38,0,1,true,2145
69,9,rest,0,55.951705125,55.957672271,2145,0.000000000,12.200,49,37,0,1,true,2145
69,9,rest,0,55.963803189,55.969561423,2145,0.000000000,12.200,49,37,0,1,true,2145
69,9,rest,0,55.975662344,55.981785433,2145,0.000000000,12.200,49,38,0,1,true,2145
69,9,rest,0,55.988070560,55.993818200,2145,0.000000000,12.200,49,37,0,1,true,2145
69,9,rest,0,55.999607943,56.005790182,2145,0.000000000,12.200,49,37,0,1,true,2145
69,9,rest,0,56.011843395,56.017809353,2145,0.000000000,12.200,49,37,0,1,true,2145
69,9,rest,0,56.023806982,56.029851314,2145,0.000000000,12.200,49,37,0,1,true,2145
69,9,rest,0,56.035649085,56.041894807,2145,0.000000000,12.200,49,37,0,1,true,2145
69,9,rest,0,56.047699744,56.053786705,2145,0.000000000,12.200,49,38,0,1,true,2145
70,9,pulse,50,56.143931969,56.150035664,2145,0.000000000,12.200,49,43,0,0,true,2145
70,9,pulse,50,56.155943450,56.161877194,2145,0.000000000,12.200,49,46,0,0,true,2145
70,9,pulse,50,56.167762172,56.173799278,2145,0.000000000,12.200,49,47,0,0,true,2145
70,9,pulse,50,56.179753827,56.185934615,2145,0.000000000,12.200,49,48,0,0,true,2145
70,9,pulse,50,56.191873860,56.197872783,2145,0.000000000,12.200,49,49,0,0,true,2145
70,9,pulse,50,56.203883539,56.210282430,2145,0.000000000,12.200,49,48,0,0,true,2145
70,9,pulse,50,56.215832478,56.222061782,2145,0.000000000,12.200,49,47,0,0,true,2145
70,9,pulse,50,56.228251285,56.234189528,2146,0.000000000,12.200,49,46,0,0,true,2146
70,9,rest,0,56.245885402,56.251902150,2147,0.153398079,12.200,49,42,0,1,true,2147
70,9,rest,0,56.258275865,56.264243270,2147,0.000000000,12.200,49,41,0,1,true,2147
70,9,rest,0,56.270008330,56.275830590,2147,0.000000000,12.200,49,39,0,1,true,2147
70,9,rest,0,56.282197472,56.288393201,2147,0.000000000,12.200,49,39,0,1,true,2147
70,9,rest,0,56.294429610,56.299829232,2147,0.000000000,12.200,49,38,0,1,true,2147
70,9,rest,0,56.306091674,56.312064975,2147,0.000000000,12.200,49,38,0,1,true,2147
70,9,rest,0,56.318289492,56.323693089,2147,0.000000000,12.200,49,38,0,1,true,2147
70,9,rest,0,56.329860272,56.335954010,2147,0.000000000,12.200,49,38,0,1,true,2147
70,9,rest,0,56.341634047,56.348185306,2147,0.000000000,12.200,49,38,0,1,true,2147
70,9,rest,0,56.354066016,56.360162732,2147,0.000000000,12.200,49,39,0,1,true,2147
70,9,rest,0,56.365792659,56.371913464,2147,0.000000000,12.200,49,38,0,1,true,2147
70,9,rest,0,56.378575925,56.384130211,2147,0.000000000,12.200,49,38,0,1,true,2147
70,9,rest,0,56.389856287,56.395880429,2147,0.000000000,12.200,49,38,0,1,true,2147
70,9,rest,0,56.402101354,56.408199560,2147,0.000000000,12.200,49,38,0,1,true,2147
70,9,rest,0,56.414231562,56.419764428,2147,0.000000000,12.200,49,38,0,1,true,2147
70,9,rest,0,56.426050864,56.431934295,2147,0.000000000,12.200,49,38,0,1,true,2147
70,9,rest,0,56.437882449,56.444138675,2147,0.000000000,12.200,49,39,0,1,true,2147
70,9,rest,0,56.450313191,56.455884732,2147,0.000000000,12.200,49,38,0,1,true,2147
70,9,rest,0,56.461898699,56.467724224,2147,0.000000000,12.200,49,38,0,1,true,2147
70,9,rest,0,56.473773882,56.479833074,2147,0.000000000,12.200,49,38,0,1,true,2147
70,9,rest,0,56.485770109,56.491764206,2147,0.000000000,12.200,49,38,0,1,true,2147
70,9,rest,0,56.497639521,56.503816469,2147,0.000000000,12.200,49,37,0,1,true,2147
70,9,rest,0,56.509742319,56.515636512,2147,0.000000000,12.200,49,38,0,1,true,2147
70,9,rest,0,56.521868658,56.527654876,2147,0.000000000,12.200,49,37,0,1,true,2147
70,9,rest,0,56.533699714,56.539773069,2147,0.000000000,12.200,49,38,0,1,true,2147
70,9,rest,0,56.545554232,56.551606505,2147,0.000000000,12.200,49,38,0,1,true,2147
70,9,rest,0,56.557706364,56.563585775,2147,0.000000000,12.200,49,37,0,1,true,2147
70,9,rest,0,56.569528096,56.575658403,2147,0.000000000,12.200,49,38,0,1,true,2147
70,9,rest,0,56.581725531,56.587506743,2147,0.000000000,12.200,49,38,0,1,true,2147
70,9,rest,0,56.593682020,56.599576143,2147,0.000000000,12.200,49,37,0,1,true,2147
70,9,rest,0,56.605646859,56.611536841,2147,0.000000000,12.200,49,37,0,1,true,2147
70,9,rest,0,56.617711094,56.623689881,2147,0.000000000,12.200,49,38,0,1,true,2147
70,9,rest,0,56.629640667,56.635707834,2147,0.000000000,12.200,49,38,0,1,true,2147
70,9,rest,0,56.641692121,56.647669592,2147,0.000000000,12.200,49,38,0,1,true,2147
70,9,rest,0,56.653614524,56.659835962,2147,0.000000000,12.200,49,38,0,1,true,2147
70,9,rest,0,56.666101164,56.672952150,2147,0.000000000,12.200,49,38,0,1,true,2147
70,9,rest,0,56.682948484,56.693099284,2147,0.000000000,12.200,49,37,0,1,true,2147
70,9,rest,0,56.702867833,56.709254344,2147,0.000000000,12.200,49,37,0,1,true,2147
70,9,rest,0,56.714145254,56.723235600,2147,0.000000000,12.200,49,38,0,1,true,2147
70,9,rest,0,56.732070144,56.739194303,2147,0.000000000,12.200,49,38,0,1,true,2147
70,9,rest,0,56.744060127,56.750184861,2147,0.000000000,12.200,49,38,0,1,true,2147
70,9,rest,0,56.756306132,56.762111803,2147,0.000000000,12.200,49,38,0,1,true,2147
70,9,rest,0,56.768245027,56.774218727,2147,0.000000000,12.200,49,38,0,1,true,2147
70,9,rest,0,56.780167691,56.786308082,2147,0.000000000,12.200,49,38,0,1,true,2147
70,9,rest,0,56.792196933,56.798208857,2147,0.000000000,12.200,49,37,0,1,true,2147
70,9,rest,0,56.804221477,56.810237078,2147,0.000000000,12.200,49,38,0,1,true,2147
70,9,rest,0,56.816220468,56.822193086,2147,0.000000000,12.200,49,38,0,1,true,2147
70,9,rest,0,56.828169669,56.834170213,2147,0.000000000,12.200,49,38,0,1,true,2147
70,9,rest,0,56.840360926,56.846388012,2147,0.000000000,12.200,49,38,0,1,true,2147
71,9,pulse,-50,56.943087454,56.948897147,2147,0.000000000,12.200,49,40,0,0,true,2147
71,9,pulse,-50,56.954917633,56.960317383,2147,0.000000000,12.200,49,46,0,0,true,2147
71,9,pulse,-50,56.966301755,56.972272756,2147,0.000000000,12.200,49,47,0,0,true,2147
71,9,pulse,-50,56.979843406,56.984110563,2147,0.000000000,12.200,49,48,0,0,true,2147
71,9,pulse,-50,56.990107063,56.996456299,2147,0.000000000,12.200,49,48,0,0,true,2147
71,9,pulse,-50,57.003557398,57.008214655,2147,0.000000000,12.200,49,47,0,0,true,2147
71,9,pulse,-50,57.014277754,57.019667484,2146,0.000000000,12.200,49,47,0,0,true,2146
71,9,pulse,-50,57.025610475,57.031709437,2145,-0.153398079,12.200,49,47,0,0,true,2145
71,9,rest,0,57.043648690,57.049648393,2144,-0.153398079,12.200,49,43,0,1,true,2144
71,9,rest,0,57.055666325,57.061583872,2143,0.000000000,12.200,49,40,0,1,true,2143
71,9,rest,0,57.067518638,57.073573731,2143,-0.153398079,12.200,49,40,0,1,true,2143
71,9,rest,0,57.079750436,57.085560053,2143,0.000000000,12.200,49,38,0,1,true,2143
71,9,rest,0,57.091696047,57.097727153,2143,0.000000000,12.200,49,38,0,1,true,2143
71,9,rest,0,57.103694128,57.109599669,2143,0.000000000,12.200,49,37,0,1,true,2143
71,9,rest,0,57.115681548,57.122096756,2143,0.000000000,12.200,49,37,0,1,true,2143
71,9,rest,0,57.128207433,57.134272358,2143,0.000000000,12.200,49,37,0,1,true,2143
71,9,rest,0,57.140021517,57.145580868,2143,0.000000000,12.200,49,38,0,1,true,2143
71,9,rest,0,57.151565397,57.157695177,2143,0.000000000,12.200,49,37,0,1,true,2143
71,9,rest,0,57.163568162,57.169583876,2143,0.000000000,12.200,49,37,0,1,true,2143
71,9,rest,0,57.175711473,57.181937397,2143,0.000000000,12.200,49,37,0,1,true,2143
71,9,rest,0,57.188168203,57.193741313,2143,0.000000000,12.200,49,37,0,1,true,2143
71,9,rest,0,57.199552334,57.205976632,2143,0.000000000,12.200,49,37,0,1,true,2143
71,9,rest,0,57.211549844,57.217572199,2143,0.000000000,12.200,49,37,0,1,true,2143
71,9,rest,0,57.223566792,57.230033297,2143,0.000000000,12.200,49,37,0,1,true,2143
71,9,rest,0,57.235951193,57.241529066,2143,0.000000000,12.200,49,37,0,1,true,2143
71,9,rest,0,57.247604777,57.253664194,2143,0.000000000,12.200,49,38,0,1,true,2143
71,9,rest,0,57.259674936,57.265646983,2143,0.000000000,12.200,49,37,0,1,true,2143
71,9,rest,0,57.271751198,57.277774324,2143,0.000000000,12.200,49,37,0,1,true,2143
71,9,rest,0,57.283750735,57.289783505,2143,0.000000000,12.200,49,37,0,1,true,2143
71,9,rest,0,57.295687093,57.301733736,2143,0.000000000,12.200,49,38,0,1,true,2143
71,9,rest,0,57.307709385,57.313698177,2143,0.000000000,12.200,49,37,0,1,true,2143
71,9,rest,0,57.319619633,57.325714617,2143,0.000000000,12.200,49,37,0,1,true,2143
71,9,rest,0,57.331517582,57.337439347,2143,0.000000000,12.200,49,38,0,1,true,2143
71,9,rest,0,57.343646049,57.349594826,2143,0.000000000,12.200,49,37,0,1,true,2143
71,9,rest,0,57.355546757,57.361468862,2143,0.000000000,12.200,49,38,0,1,true,2143
71,9,rest,0,57.367605985,57.373544877,2143,0.000000000,12.200,49,37,0,1,true,2143
71,9,rest,0,57.380008523,57.385795501,2143,0.000000000,12.200,49,37,0,1,true,2143
71,9,rest,0,57.392004799,57.397575641,2143,0.000000000,12.200,49,38,0,1,true,2143
71,9,rest,0,57.403493933,57.409645562,2143,0.000000000,12.200,49,38,0,1,true,2143
71,9,rest,0,57.415644013,57.421534100,2143,0.000000000,12.200,49,39,0,1,true,2143
71,9,rest,0,57.427624559,57.433649852,2143,0.000000000,12.200,49,39,0,1,true,2143
71,9,rest,0,57.439948762,57.445577587,2143,0.000000000,12.200,49,38,0,1,true,2143
71,9,rest,0,57.451535558,57.457483129,2143,0.000000000,12.200,49,38,0,1,true,2143
71,9,rest,0,57.463512986,57.469651417,2143,0.000000000,12.200,49,38,0,1,true,2143
71,9,rest,0,57.475472381,57.481766222,2143,0.000000000,12.200,49,37,0,1,true,2143
71,9,rest,0,57.487585542,57.493599180,2143,0.000000000,12.200,49,37,0,1,true,2143
71,9,rest,0,57.499497359,57.505566330,2143,0.000000000,12.200,49,38,0,1,true,2143
71,9,rest,0,57.511443292,57.517394432,2143,0.000000000,12.200,49,37,0,1,true,2143
71,9,rest,0,57.523342385,57.529615301,2143,0.000000000,12.200,49,38,0,1,true,2143
71,9,rest,0,57.535829436,57.541582297,2143,0.000000000,12.200,49,38,0,1,true,2143
71,9,rest,0,57.547462277,57.553570803,2143,0.000000000,12.200,49,38,0,1,true,2143
71,9,rest,0,57.559583939,57.565463028,2143,0.000000000,12.200,49,37,0,1,true,2143
71,9,rest,0,57.571482700,57.577685096,2143,0.000000000,12.200,49,38,0,1,true,2143
71,9,rest,0,57.584052189,57.589581052,2143,0.000000000,12.200,49,37,0,1,true,2143
71,9,rest,0,57.595567693,57.601394832,2143,0.000000000,12.200,49,37,0,1,true,2143
71,9,rest,0,57.607653268,57.613474083,2143,0.000000000,12.200,49,37,0,1,true,2143
71,9,rest,0,57.619532485,57.625588788,2143,0.000000000,12.200,49,37,0,1,true,2143
71,9,rest,0,57.631885751,57.637565362,2143,0.000000000,12.200,49,37,0,1,true,2143
72,10,pulse,25,57.727399287,57.733531264,2342,0.000000000,12.200,48,0,0,0,true,2342
72,10,pulse,25,57.739465442,57.745518848,2342,0.000000000,12.100,48,0,0,0,true,2342
72,10,pulse,25,57.751483735,57.757594447,2342,0.000000000,12.100,48,0,0,0,true,2342
72,10,pulse,25,57.763429928,57.769440843,2342,0.000000000,12.100,48,0,0,0,true,2342
72,10,pulse,25,57.775426515,57.781645877,2342,0.000000000,12.100,48,0,0,0,true,2342
72,10,pulse,25,57.787711435,57.793623286,2342,0.000000000,12.100,48,0,0,0,true,2342
72,10,pulse,25,57.799517292,57.806085091,2342,0.000000000,12.100,48,0,0,0,true,2342
72,10,pulse,25,57.811533745,57.817628777,2342,0.000000000,12.100,48,0,0,0,true,2342
72,10,rest,0,57.829378406,57.835468385,2342,0.000000000,12.100,48,0,0,1,true,2342
72,10,rest,0,57.841561703,57.847418543,2342,0.000000000,12.100,48,0,0,1,true,2342
72,10,rest,0,57.853340102,57.859418724,2342,0.000000000,12.100,48,0,0,1,true,2342
72,10,rest,0,57.865401527,57.871527336,2342,0.000000000,12.100,48,0,0,1,true,2342
72,10,rest,0,57.877581415,57.883760226,2342,0.000000000,12.100,48,0,0,1,true,2342
72,10,rest,0,57.890169840,57.895443982,2342,0.000000000,12.100,48,0,0,1,true,2342
72,10,rest,0,57.901443573,57.907715700,2342,0.000000000,12.100,48,0,0,1,true,2342
72,10,rest,0,57.913622591,57.919492381,2342,0.000000000,12.100,48,0,0,1,true,2342
72,10,rest,0,57.925561601,57.931386924,2342,0.000000000,12.100,48,0,0,1,true,2342
72,10,rest,0,57.937338996,57.943573749,2342,0.000000000,12.100,48,0,0,1,true,2342
72,10,rest,0,57.949335468,57.955585380,2342,0.000000000,12.100,48,0,0,1,true,2342
72,10,rest,0,57.961333655,57.967537206,2342,0.000000000,12.100,48,0,0,1,true,2342
72,10,rest,0,57.973501608,57.979497747,2342,0.000000000,12.100,48,0,0,1,true,2342
72,10,rest,0,57.985420982,57.991619367,2342,0.000000000,12.100,48,0,0,1,true,2342
72,10,rest,0,57.997384080,58.003507978,2342,0.000000000,12.100,48,0,0,1,true,2342
72,10,rest,0,58.009842710,58.015551161,2342,0.000000000,12.100,48,0,0,1,true,2342
72,10,rest,0,58.022116246,58.027381250,2342,0.000000000,12.100,48,0,0,1,true,2342
72,10,rest,0,58.033677624,58.039630285,2342,0.000000000,12.100,48,0,0,1,true,2342
72,10,rest,0,58.045346402,58.051547784,2342,0.000000000,12.100,48,0,0,1,true,2342
72,10,rest,0,58.057529722,58.063525693,2342,0.000000000,12.100,48,0,0,1,true,2342
72,10,rest,0,58.069619525,58.075656898,2342,0.000000000,12.100,48,0,0,1,true,2342
72,10,rest,0,58.081566972,58.087680181,2342,0.000000000,12.100,48,0,0,1,true,2342
72,10,rest,0,58.093555598,58.099377877,2342,0.000000000,12.100,48,0,0,1,true,2342
72,10,rest,0,58.105519319,58.111546033,2342,0.000000000,12.100,48,0,0,1,true,2342
72,10,rest,0,58.117589025,58.123540701,2342,0.000000000,12.100,48,0,0,1,true,2342
72,10,rest,0,58.129632745,58.135631886,2342,0.000000000,12.100,48,0,0,1,true,2342
72,10,rest,0,58.141520020,58.147976428,2342,0.000000000,12.100,48,0,0,1,true,2342
72,10,rest,0,58.154566000,58.160041476,2342,0.000000000,12.100,48,0,0,1,true,2342
72,10,rest,0,58.165850901,58.171805241,2342,0.000000000,12.100,48,0,0,1,true,2342
72,10,rest,0,58.177723866,58.183624655,2342,0.000000000,12.100,48,0,0,1,true,2342
72,10,rest,0,58.189663506,58.195519543,2342,0.000000000,12.100,48,0,0,1,true,2342
72,10,rest,0,58.201771210,58.207567352,2342,0.000000000,12.100,48,0,0,1,true,2342
72,10,rest,0,58.213726390,58.219629277,2342,0.000000000,12.100,48,0,0,1,true,2342
72,10,rest,0,58.225846916,58.231562065,2342,0.000000000,12.100,48,0,0,1,true,2342
72,10,rest,0,58.237746656,58.243870952,2342,0.000000000,12.100,48,0,0,1,true,2342
72,10,rest,0,58.249763097,58.255752554,2342,0.000000000,12.100,48,0,0,1,true,2342
72,10,rest,0,58.261698311,58.267583530,2342,0.000000000,12.100,48,0,0,1,true,2342
72,10,rest,0,58.274607727,58.279595430,2342,0.000000000,12.100,48,0,0,1,true,2342
72,10,rest,0,58.285829021,58.291726868,2342,0.000000000,12.100,48,0,0,1,true,2342
72,10,rest,0,58.297467897,58.303750400,2342,0.000000000,12.100,48,0,0,1,true,2342
72,10,rest,0,58.309742543,58.315721987,2342,0.000000000,12.100,48,0,0,1,true,2342
72,10,rest,0,58.321672498,58.327484367,2342,0.000000000,12.100,48,0,0,1,true,2342
72,10,rest,0,58.333720606,58.339753324,2342,0.000000000,12.100,48,0,0,1,true,2342
72,10,rest,0,58.345615963,58.351643940,2342,0.000000000,12.100,48,0,0,1,true,2342
72,10,rest,0,58.357412851,58.363450363,2342,0.000000000,12.100,48,0,0,1,true,2342
72,10,rest,0,58.369505385,58.375536076,2342,0.000000000,12.100,48,0,0,1,true,2342
72,10,rest,0,58.381541842,58.387689660,2342,0.000000000,12.100,48,0,0,1,true,2342
72,10,rest,0,58.393632458,58.399527225,2342,0.000000000,12.100,48,0,0,1,true,2342
72,10,rest,0,58.405867908,58.411551208,2342,0.000000000,12.100,48,0,0,1,true,2342
72,10,rest,0,58.417513335,58.423505650,2342,0.000000000,12.100,48,0,0,1,true,2342
73,10,pulse,-25,58.513601233,58.519629630,2342,0.000000000,12.200,48,0,0,0,true,2342
73,10,pulse,-25,58.525453520,58.531531704,2342,0.000000000,12.200,48,0,0,0,true,2342
73,10,pulse,-25,58.537344616,58.543476675,2342,0.000000000,12.200,48,0,0,0,true,2342
73,10,pulse,-25,58.549545737,58.555327321,2342,0.000000000,12.100,48,0,0,0,true,2342
73,10,pulse,-25,58.561465920,58.567453489,2342,0.000000000,12.100,48,0,0,0,true,2342
73,10,pulse,-25,58.573691551,58.579344076,2342,0.000000000,12.100,48,0,0,0,true,2342
73,10,pulse,-25,58.591424407,58.597327584,2342,0.000000000,12.100,48,0,0,0,true,2342
73,10,rest,0,58.615372792,58.621520221,2342,0.000000000,12.100,48,0,0,1,true,2342
73,10,rest,0,58.627237151,58.633350482,2342,0.000000000,12.100,48,0,0,1,true,2342
73,10,rest,0,58.639352567,58.645330920,2342,0.000000000,12.100,48,0,0,1,true,2342
73,10,rest,0,58.651510014,58.657525976,2342,0.000000000,12.100,48,0,0,1,true,2342
73,10,rest,0,58.663457939,58.669416330,2342,0.000000000,12.100,48,0,0,1,true,2342
73,10,rest,0,58.675307435,58.681510168,2342,0.000000000,12.100,48,0,0,1,true,2342
73,10,rest,0,58.687455507,58.693320631,2342,0.000000000,12.100,48,0,0,1,true,2342
73,10,rest,0,58.699403049,58.705737452,2342,0.000000000,12.100,48,0,0,1,true,2342
73,10,rest,0,58.711480898,58.717356264,2342,0.000000000,12.100,48,0,0,1,true,2342
73,10,rest,0,58.723289664,58.729443566,2342,0.000000000,12.100,48,0,0,1,true,2342
73,10,rest,0,58.735417413,58.741486630,2342,0.000000000,12.100,48,0,0,1,true,2342
73,10,rest,0,58.747244735,58.753430529,2342,0.000000000,12.100,48,0,0,1,true,2342
73,10,rest,0,58.759660737,58.765437844,2342,0.000000000,12.100,48,0,0,1,true,2342
73,10,rest,0,58.771327064,58.777343864,2342,0.000000000,12.100,48,0,0,1,true,2342
73,10,rest,0,58.783288108,58.789300055,2342,0.000000000,12.100,48,0,0,1,true,2342
73,10,rest,0,58.795117809,58.801046584,2342,0.000000000,12.100,48,0,0,1,true,2342
73,10,rest,0,58.807234645,58.813209510,2342,0.000000000,12.100,48,0,0,1,true,2342
73,10,rest,0,58.819307408,58.825256504,2342,0.000000000,12.100,48,0,0,1,true,2342
73,10,rest,0,58.831341051,58.837366034,2342,0.000000000,12.100,48,0,0,1,true,2342
73,10,rest,0,58.843272438,58.849826562,2342,0.000000000,12.100,48,0,0,1,true,2342
73,10,rest,0,58.855379033,58.861398818,2342,0.000000000,12.100,48,0,0,1,true,2342
73,10,rest,0,58.867430956,58.873511810,2342,0.000000000,12.100,48,0,0,1,true,2342
73,10,rest,0,58.879180519,58.885364879,2342,0.000000000,12.100,48,0,0,1,true,2342
73,10,rest,0,58.891316574,58.897401133,2342,0.000000000,12.100,48,0,0,1,true,2342
73,10,rest,0,58.903518968,58.909351315,2342,0.000000000,12.100,48,0,0,1,true,2342
73,10,rest,0,58.915494225,58.921730565,2342,0.000000000,12.100,48,0,0,1,true,2342
73,10,rest,0,58.927732987,58.933576158,2342,0.000000000,12.100,48,0,0,1,true,2342
73,10,rest,0,58.939567872,58.945971093,2342,0.000000000,12.100,48,0,0,1,true,2342
73,10,rest,0,58.951803387,58.957611848,2342,0.000000000,12.100,48,0,0,1,true,2342
73,10,rest,0,58.963742505,58.969393619,2342,0.000000000,12.100,48,0,0,1,true,2342
73,10,rest,0,58.975158166,58.981406061,2342,0.000000000,12.100,48,0,0,1,true,2342
73,10,rest,0,58.987250080,58.993435359,2342,0.000000000,12.100,48,0,0,1,true,2342
73,10,rest,0,58.999457303,59.005236845,2342,0.000000000,12.100,48,0,0,1,true,2342
73,10,rest,0,59.011446866,59.017348463,2342,0.000000000,12.100,48,0,0,1,true,2342
73,10,rest,0,59.023280922,59.029370656,2342,0.000000000,12.100,48,0,0,1,true,2342
73,10,rest,0,59.035411934,59.041291009,2342,0.000000000,12.100,48,0,0,1,true,2342
73,10,rest,0,59.047505627,59.053335782,2342,0.000000000,12.100,48,0,0,1,true,2342
73,10,rest,0,59.059316557,59.065604515,2342,0.000000000,12.100,48,0,0,1,true,2342
73,10,rest,0,59.071504512,59.077174413,2342,0.000000000,12.100,48,0,0,1,true,2342
73,10,rest,0,59.083362835,59.089310933,2342,0.000000000,12.100,48,0,0,1,true,2342
73,10,rest,0,59.095304560,59.101411153,2342,0.000000000,12.100,48,0,0,1,true,2342
73,10,rest,0,59.107312589,59.113324476,2342,0.000000000,12.100,48,0,0,1,true,2342
73,10,rest,0,59.119272621,59.125405348,2342,0.000000000,12.100,48,0,0,1,true,2342
73,10,rest,0,59.131391105,59.137604197,2342,0.000000000,12.100,48,0,0,1,true,2342
73,10,rest,0,59.143273767,59.149454563,2342,0.000000000,12.100,48,0,0,1,true,2342
73,10,rest,0,59.155484633,59.161486331,2342,0.000000000,12.100,48,0,0,1,true,2342
73,10,rest,0,59.167412640,59.173342850,2342,0.000000000,12.100,48,0,0,1,true,2342
73,10,rest,0,59.179188659,59.185266424,2342,0.000000000,12.100,48,0,0,1,true,2342
73,10,rest,0,59.191284613,59.197306495,2342,0.000000000,12.100,48,0,0,1,true,2342
73,10,rest,0,59.203351548,59.209278893,2342,0.000000000,12.100,48,0,0,1,true,2342
74,10,pulse,25,59.299335363,59.305342899,2342,0.000000000,12.200,48,0,0,0,true,2342
74,10,pulse,25,59.311337023,59.317278248,2342,0.000000000,12.200,48,0,0,0,true,2342
74,10,pulse,25,59.323346727,59.329147799,2342,0.000000000,12.200,48,0,0,0,true,2342
74,10,pulse,25,59.335233666,59.341299651,2342,0.000000000,12.100,48,0,0,0,true,2342
74,10,pulse,25,59.347361384,59.353141428,2342,0.000000000,12.100,48,0,0,0,true,2342
74,10,pulse,25,59.359267268,59.365279272,2342,0.000000000,12.100,48,0,0,0,true,2342
74,10,pulse,25,59.371262805,59.377388739,2342,0.000000000,12.100,48,0,0,0,true,2342
74,10,pulse,25,59.383289067,59.389102169,2342,0.000000000,12.100,48,0,0,0,true,2342
74,10,rest,0,59.401338503,59.407136003,2342,0.000000000,12.100,48,0,0,1,true,2342
74,10,rest,0,59.413107973,59.419150927,2342,0.000000000,12.100,48,0,0,1,true,2342
74,10,rest,0,59.425364926,59.431223777,2342,0.000000000,12.100,48,0,0,1,true,2342
74,10,rest,0,59.437148046,59.443192830,2342,0.000000000,12.100,48,0,0,1,true,2342
74,10,rest,0,59.449202113,59.455276248,2342,0.000000000,12.100,48,0,0,1,true,2342
74,10,rest,0,59.461195342,59.467142333,2342,0.000000000,12.100,48,0,0,1,true,2342
74,10,rest,0,59.473354564,59.479170777,2342,0.000000000,12.100,48,0,0,1,true,2342
74,10,rest,0,59.485159686,59.491214952,2342,0.000000000,12.100,48,0,0,1,true,2342
74,10,rest,0,59.497120595,59.503159694,2342,0.000000000,12.100,48,0,0,1,true,2342
74,10,rest,0,59.509110565,59.515354172,2342,0.000000000,12.100,48,0,0,1,true,2342
74,10,rest,0,59.521168534,59.527199004,2342,0.000000000,12.100,48,0,0,1,true,2342
74,10,rest,0,59.533168623,59.539317625,2342,0.000000000,12.100,48,0,0,1,true,2342
74,10,rest,0,59.545267261,59.551367785,2342,0.000000000,12.100,48,0,0,1,true,2342
74,10,rest,0,59.557304534,59.563164336,2342,0.000000000,12.100,48,0,0,1,true,2342
74,10,rest,0,59.569154572,59.575226892,2342,0.000000000,12.100,48,0,0,1,true,2342
74,10,rest,0,59.581274183,59.587230342,2342,0.000000000,12.100,48,0,0,1,true,2342
74,10,rest,0,59.593239243,59.599304944,2342,0.000000000,12.100,48,0,0,1,true,2342
74,10,rest,0,59.605209381,59.611310421,2342,0.000000000,12.100,48,0,0,1,true,2342
74,10,rest,0,59.617195924,59.623202511,2342,0.000000000,12.100,48,0,0,1,true,2342
74,10,rest,0,59.629178325,59.635346682,2342,0.000000000,12.100,49,0,0,1,true,2342
74,10,rest,0,59.641296984,59.647331936,2342,0.000000000,12.100,48,0,0,1,true,2342
74,10,rest,0,59.653235690,59.659263063,2342,0.000000000,12.100,48,0,0,1,true,2342
74,10,rest,0,59.665150050,59.671243853,2342,0.000000000,12.100,48,0,0,1,true,2342
74,10,rest,0,59.677162087,59.683341161,2342,0.000000000,12.100,48,0,0,1,true,2342
74,10,rest,0,59.689385328,59.695147567,2342,0.000000000,12.100,48,0,0,1,true,2342
74,10,rest,0,59.701373286,59.707104188,2342,0.000000000,12.100,48,0,0,1,true,2342
74,10,rest,0,59.713089428,59.719311639,2342,0.000000000,12.100,48,0,0,1,true,2342
74,10,rest,0,59.725453611,59.731193600,2342,0.000000000,12.100,48,0,0,1,true,2342
74,10,rest,0,59.737228961,59.743238811,2342,0.000000000,12.100,48,0,0,1,true,2342
74,10,rest,0,59.749312979,59.755283535,2342,0.000000000,12.100,48,0,0,1,true,2342
74,10,rest,0,59.761264606,59.767381435,2342,0.000000000,12.100,48,0,0,1,true,2342
74,10,rest,0,59.773411422,59.779234619,2342,0.000000000,12.100,48,0,0,1,true,2342
74,10,rest,0,59.785148797,59.791189730,2342,0.000000000,12.100,48,0,0,1,true,2342
74,10,rest,0,59.797193362,59.803259404,2342,0.000000000,12.100,48,0,0,1,true,2342
74,10,rest,0,59.809142192,59.815179172,2342,0.000000000,12.100,48,0,0,1,true,2342
74,10,rest,0,59.821153449,59.827101362,2342,0.000000000,12.100,48,0,0,1,true,2342
74,10,rest,0,59.833248575,59.839296459,2342,0.000000000,12.100,48,0,0,1,true,2342
74,10,rest,0,59.845214938,59.851249832,2342,0.000000000,12.100,48,0,0,1,true,2342
74,10,rest,0,59.857208451,59.863445553,2342,0.000000000,12.100,48,0,0,1,true,2342
74,10,rest,0,59.869202095,59.875259191,2342,0.000000000,12.100,48,0,0,1,true,2342
74,10,rest,0,59.881323471,59.887104594,2342,0.000000000,12.100,48,0,0,1,true,2342
74,10,rest,0,59.893083214,59.899094871,2342,0.000000000,12.100,48,0,0,1,true,2342
74,10,rest,0,59.905259028,59.911276594,2342,0.000000000,12.100,48,0,0,1,true,2342
74,10,rest,0,59.917257566,59.923296104,2342,0.000000000,12.100,48,0,0,1,true,2342
74,10,rest,0,59.929218192,59.935256347,2342,0.000000000,12.100,48,0,0,1,true,2342
74,10,rest,0,59.941173016,59.947337571,2342,0.000000000,12.100,48,0,0,1,true,2342
74,10,rest,0,59.953301261,59.959172884,2342,0.000000000,12.100,48,0,0,1,true,2342
74,10,rest,0,59.965221312,59.971344556,2342,0.000000000,12.100,48,0,0,1,true,2342
74,10,rest,0,59.977142104,59.983330329,2342,0.000000000,12.100,48,0,0,1,true,2342
74,10,rest,0,59.989171905,59.995412582,2342,0.000000000,12.100,48,0,0,1,true,2342
75,10,pulse,-25,60.085242317,60.091164400,2342,0.000000000,12.100,48,0,0,0,true,2342
75,10,pulse,-25,60.097191358,60.103229374,2342,0.000000000,12.100,48,0,0,0,true,2342
75,10,pulse,-25,60.109152527,60.115174930,2342,0.000000000,12.100,48,0,0,0,true,2342
75,10,pulse,-25,60.121119425,60.127193301,2342,0.000000000,12.100,48,0,0,0,true,2342
75,10,pulse,-25,60.134037179,60.139518278,2342,0.000000000,12.100,48,0,0,0,true,2342
75,10,pulse,-25,60.145481029,60.151106257,2342,0.000000000,12.100,48,0,0,0,true,2342
75,10,pulse,-25,60.157237161,60.163241481,2342,0.000000000,12.100,48,0,0,0,true,2342
75,10,pulse,-25,60.169423112,60.175232795,2342,0.000000000,12.100,49,0,0,0,true,2342
75,10,rest,0,60.187268524,60.193296973,2342,0.000000000,12.100,49,0,0,1,true,2342
75,10,rest,0,60.199292070,60.205309851,2342,0.000000000,12.100,48,0,0,1,true,2342
75,10,rest,0,60.211370250,60.218071821,2342,0.000000000,12.100,48,0,0,1,true,2342
75,10,rest,0,60.223558504,60.229783378,2342,0.000000000,12.100,48,0,0,1,true,2342
75,10,rest,0,60.235614984,60.241469630,2342,0.000000000,12.100,48,0,0,1,true,2342
75,10,rest,0,60.247299998,60.253341581,2342,0.000000000,12.100,49,0,0,1,true,2342
75,10,rest,0,60.259263162,60.265307593,2342,0.000000000,12.100,49,0,0,1,true,2342
75,10,rest,0,60.271552371,60.277317417,2342,0.000000000,12.100,49,0,0,1,true,2342
75,10,rest,0,60.283086331,60.289133308,2342,0.000000000,12.100,48,0,0,1,true,2342
75,10,rest,0,60.295051120,60.301220681,2342,0.000000000,12.100,48,0,0,1,true,2342
75,10,rest,0,60.307137698,60.313027389,2342,0.000000000,12.100,49,0,0,1,true,2342
75,10,rest,0,60.319201405,60.325115145,2342,0.000000000,12.100,48,0,0,1,true,2342
75,10,rest,0,60.331041767,60.337060810,2342,0.000000000,12.100,49,0,0,1,true,2342
75,10,rest,0,60.343169384,60.349179475,2342,0.000000000,12.100,48,0,0,1,true,2342
75,10,rest,0,60.355183780,60.361119948,2342,0.000000000,12.100,48,0,0,1,true,2342
75,10,rest,0,60.367016157,60.373132166,2342,0.000000000,12.100,49,0,0,1,true,2342
75,10,rest,0,60.379590755,60.385331188,2342,0.000000000,12.100,48,0,0,1,true,2342
75,10,rest,0,60.391514545,60.397031748,2342,0.000000000,12.100,48,0,0,1,true,2342
75,10,rest,0,60.403136664,60.409752304,2342,0.000000000,12.100,49,0,0,1,true,2342
75,10,rest,0,60.414906288,60.420977898,2342,0.000000000,12.100,49,0,0,1,true,2342
75,10,rest,0,60.427464060,60.433216460,2342,0.000000000,12.100,49,0,0,1,true,2342
75,10,rest,0,60.439591506,60.445361459,2342,0.000000000,12.100,49,0,0,1,true,2342
75,10,rest,0,60.451055594,60.456922329,2342,0.000000000,12.100,49,0,0,1,true,2342
75,10,rest,0,60.463080346,60.468991962,2342,0.000000000,12.100,49,0,0,1,true,2342
75,10,rest,0,60.475011450,60.481179180,2342,0.000000000,12.100,48,0,0,1,true,2342
75,10,rest,0,60.487051175,60.493335301,2342,0.000000000,12.100,49,0,0,1,true,2342
75,10,rest,0,60.498990557,60.505105297,2342,0.000000000,12.100,49,0,0,1,true,2342
75,10,rest,0,60.511134137,60.516990208,2342,0.000000000,12.100,49,0,0,1,true,2342
75,10,rest,0,60.523095688,60.529040075,2342,0.000000000,12.100,49,0,0,1,true,2342
75,10,rest,0,60.535113385,60.541107745,2342,0.000000000,12.100,49,0,0,1,true,2342
75,10,rest,0,60.547148223,60.553132728,2342,0.000000000,12.100,49,0,0,1,true,2342
75,10,rest,0,60.559272346,60.565383689,2342,0.000000000,12.100,49,0,0,1,true,2342
75,10,rest,0,60.571133817,60.577281465,2342,0.000000000,12.100,48,0,0,1,true,2342
75,10,rest,0,60.583278553,60.589116981,2342,0.000000000,12.100,49,0,0,1,true,2342
75,10,rest,0,60.595090952,60.601080956,2342,0.000000000,12.100,49,0,0,1,true,2342
75,10,rest,0,60.607152398,60.613235260,2342,0.000000000,12.100,49,0,0,1,true,2342
75,10,rest,0,60.619118304,60.625291497,2342,0.000000000,12.100,49,0,0,1,true,2342
75,10,rest,0,60.631434154,60.637152590,2342,0.000000000,12.100,49,0,0,1,true,2342
75,10,rest,0,60.643054772,60.649174811,2342,0.000000000,12.100,49,0,0,1,true,2342
75,10,rest,0,60.654976083,60.661089924,2342,0.000000000,12.100,49,0,0,1,true,2342
75,10,rest,0,60.667253530,60.673224553,2342,0.000000000,12.100,49,0,0,1,true,2342
75,10,rest,0,60.679124850,60.685163973,2342,0.000000000,12.100,49,0,0,1,true,2342
75,10,rest,0,60.691138214,60.697002361,2342,0.000000000,12.100,49,0,0,1,true,2342
75,10,rest,0,60.703247469,60.709263590,2342,0.000000000,12.100,49,0,0,1,true,2342
75,10,rest,0,60.715254815,60.721274160,2342,0.000000000,12.100,49,0,0,1,true,2342
75,10,rest,0,60.727175087,60.734092139,2342,0.000000000,12.100,49,0,0,1,true,2342
75,10,rest,0,60.739800019,60.745627184,2342,0.000000000,12.100,49,0,0,1,true,2342
75,10,rest,0,60.751015464,60.757381344,2342,0.000000000,12.100,49,0,0,1,true,2342
75,10,rest,0,60.763184340,60.769296102,2342,0.000000000,12.100,49,0,0,1,true,2342
75,10,rest,0,60.775315801,60.781459279,2342,0.000000000,12.100,49,0,0,1,true,2342
76,10,pulse,25,60.871160330,60.877258047,2342,0.000000000,12.100,49,0,0,0,true,2342
76,10,pulse,25,60.883058092,60.889231792,2342,0.000000000,12.100,49,0,0,0,true,2342
76,10,pulse,25,60.895125806,60.901213280,2342,0.000000000,12.100,49,0,0,0,true,2342
76,10,pulse,25,60.907126382,60.913200212,2342,0.000000000,12.100,49,0,0,0,true,2342
76,10,pulse,25,60.919105940,60.925168554,2342,0.000000000,12.100,49,0,0,0,true,2342
76,10,pulse,25,60.931330868,60.937143522,2342,0.000000000,12.100,49,0,0,0,true,2342
76,10,pulse,25,60.943046686,60.949141103,2342,0.000000000,12.100,49,0,0,0,true,2342
76,10,pulse,25,60.955110925,60.961149871,2342,0.000000000,12.100,49,0,0,0,true,2342
76,10,rest,0,60.973148614,60.979207991,2342,0.000000000,12.100,49,0,0,1,true,2342
76,10,rest,0,60.985302109,60.991137952,2342,0.000000000,12.100,49,0,0,1,true,2342
76,10,rest,0,60.997211404,61.003058995,2342,0.000000000,12.100,49,0,0,1,true,2342
76,10,rest,0,61.009096279,61.015221446,2342,0.000000000,12.100,49,0,0,1,true,2342
76,10,rest,0,61.021227120,61.027111524,2342,0.000000000,12.100,49,0,0,1,true,2342
76,10,rest,0,61.033131520,61.039376654,2342,0.000000000,12.100,49,0,0,1,true,2342
76,10,rest,0,61.045149315,61.051267896,2342,0.000000000,12.100,49,0,0,1,true,2342
76,10,rest,0,61.057032054,61.063935557,2342,0.000000000,12.100,49,0,0,1,true,2342
76,10,rest,0,61.069448128,61.075258844,2342,0.000000000,12.100,49,0,0,1,true,2342
76,10,rest,0,61.081179854,61.087290668,2342,0.000000000,12.100,49,0,0,1,true,2342
76,10,rest,0,61.093095411,61.099732316,2342,0.000000000,12.100,49,0,0,1,true,2342
76,10,rest,0,61.105488649,61.111452317,2342,0.000000000,12.100,49,0,0,1,true,2342
76,10,rest,0,61.117223297,61.123266455,2342,0.000000000,12.100,49,0,0,1,true,2342
76,10,rest,0,61.129531660,61.135566293,2342,0.000000000,12.100,49,0,0,1,true,2342
76,10,rest,0,61.141624952,61.147544914,2342,0.000000000,12.100,49,0,0,1,true,2342
76,10,rest,0,61.153204974,61.159198204,2342,0.000000000,12.100,49,0,0,1,true,2342
76,10,rest,0,61.165149323,61.171148019,2342,0.000000000,12.100,49,0,0,1,true,2342
76,10,rest,0,61.177128384,61.183090319,2342,0.000000000,12.100,49,0,0,1,true,2342
76,10,rest,0,61.189106129,61.195324744,2342,0.000000000,12.100,49,0,0,1,true,2342
76,10,rest,0,61.201192179,61.207331264,2342,0.000000000,12.100,49,0,0,1,true,2342
76,10,rest,0,61.213434368,61.219446060,2342,0.000000000,12.100,49,0,0,1,true,2342
76,10,rest,0,61.225363905,61.231407933,2342,0.000000000,12.100,49,0,0,1,true,2342
76,10,rest,0,61.237991593,61.243634365,2342,0.000000000,12.100,49,0,0,1,true,2342
76,10,rest,0,61.249153726,61.255052899,2342,0.000000000,12.100,49,0,0,1,true,2342
76,10,rest,0,61.261326449,61.267294173,2342,0.000000000,12.100,49,0,0,1,true,2342
76,10,rest,0,61.273143396,61.279172205,2342,0.000000000,12.100,49,0,0,1,true,2342
76,10,rest,0,61.285197301,61.290977341,2342,0.000000000,12.100,49,0,0,1,true,2342
76,10,rest,0,61.297308530,61.303146253,2342,0.000000000,12.100,49,0,0,1,true,2342
76,10,rest,0,61.309183763,61.315067423,2342,0.000000000,12.100,49,0,0,1,true,2342
76,10,rest,0,61.321107318,61.327078648,2342,0.000000000,12.100,49,0,0,1,true,2342
76,10,rest,0,61.332967093,61.339241907,2342,0.000000000,12.100,49,0,0,1,true,2342
76,10,rest,0,61.345220436,61.351253655,2342,0.000000000,12.100,49,0,0,1,true,2342
76,10,rest,0,61.357102059,61.363201649,2342,0.000000000,12.100,49,0,0,1,true,2342
76,10,rest,0,61.369158901,61.375099221,2342,0.000000000,12.100,49,0,0,1,true,2342
76,10,rest,0,61.381129281,61.387206172,2342,0.000000000,12.100,49,0,0,1,true,2342
76,10,rest,0,61.393242406,61.399506576,2342,0.000000000,12.100,49,0,0,1,true,2342
76,10,rest,0,61.405211246,61.411105824,2342,0.000000000,12.100,49,0,0,1,true,2342
76,10,rest,0,61.417190928,61.423444350,2342,0.000000000,12.100,49,0,0,1,true,2342
76,10,rest,0,61.429435943,61.435496719,2342,0.000000000,12.100,49,0,0,1,true,2342
76,10,rest,0,61.441183256,61.447235454,2342,0.000000000,12.100,49,0,0,1,true,2342
76,10,rest,0,61.453376162,61.459244471,2342,0.000000000,12.100,49,0,0,1,true,2342
76,10,rest,0,61.465048475,61.471132873,2342,0.000000000,12.100,49,0,0,1,true,2342
76,10,rest,0,61.477005110,61.483037167,2342,0.000000000,12.100,49,0,0,1,true,2342
76,10,rest,0,61.489090199,61.495178402,2342,0.000000000,12.100,49,0,0,1,true,2342
76,10,rest,0,61.501010568,61.507247697,2342,0.000000000,12.100,49,0,0,1,true,2342
76,10,rest,0,61.513275763,61.519444892,2342,0.000000000,12.100,49,0,0,1,true,2342
76,10,rest,0,61.525439703,61.531183278,2342,0.000000000,12.100,49,0,0,1,true,2342
76,10,rest,0,61.537130257,61.543172647,2342,0.000000000,12.100,49,0,0,1,true,2342
76,10,rest,0,61.549094624,61.555271388,2342,0.000000000,12.100,49,0,0,1,true,2342
76,10,rest,0,61.561165998,61.567338034,2342,0.000000000,12.100,49,0,0,1,true,2342
77,10,pulse,-25,61.657072895,61.663020384,2342,0.000000000,12.200,49,0,0,0,true,2342
77,10,pulse,-25,61.669412016,61.674981829,2342,0.000000000,12.200,49,0,0,0,true,2342
77,10,pulse,-25,61.681236242,61.687097664,2342,0.000000000,12.100,49,0,0,0,true,2342
77,10,pulse,-25,61.693197626,61.698908887,2342,0.000000000,12.100,49,0,0,0,true,2342
77,10,pulse,-25,61.705022395,61.711076540,2342,0.000000000,12.100,49,0,0,0,true,2342
77,10,pulse,-25,61.716949939,61.723206352,2342,0.000000000,12.100,49,0,0,0,true,2342
77,10,pulse,-25,61.729184758,61.735222956,2342,0.000000000,12.100,49,0,0,0,true,2342
77,10,pulse,-25,61.740840392,61.746875703,2342,0.000000000,12.100,49,0,0,0,true,2342
77,10,rest,0,61.758905567,61.764969437,2342,0.000000000,12.100,49,0,0,1,true,2342
77,10,rest,0,61.771064998,61.776923480,2342,0.000000000,12.100,49,0,0,1,true,2342
77,10,rest,0,61.783153878,61.789106245,2342,0.000000000,12.100,49,0,0,1,true,2342
77,10,rest,0,61.795048036,61.801062485,2342,0.000000000,12.100,49,0,0,1,true,2342
77,10,rest,0,61.806988489,61.813035150,2342,0.000000000,12.100,49,0,0,1,true,2342
77,10,rest,0,61.818921844,61.825119378,2342,0.000000000,12.100,49,0,0,1,true,2342
77,10,rest,0,61.831010485,61.837161282,2342,0.000000000,12.100,49,0,0,1,true,2342
77,10,rest,0,61.843286689,61.849316632,2342,0.000000000,12.100,49,0,0,1,true,2342
77,10,rest,0,61.855127542,61.861113752,2342,0.000000000,12.100,49,0,0,1,true,2342
77,10,rest,0,61.867913991,61.873225126,2342,0.000000000,12.100,49,0,0,1,true,2342
77,10,rest,0,61.879403203,61.885236402,2342,0.000000000,12.100,49,0,0,1,true,2342
77,10,rest,0,61.891068881,61.897243692,2342,0.000000000,12.100,49,0,0,1,true,2342
77,10,rest,0,61.903206324,61.909237842,2342,0.000000000,12.100,49,0,0,1,true,2342
77,10,rest,0,61.915060768,61.921248653,2342,0.000000000,12.100,49,0,0,1,true,2342
77,10,rest,0,61.927270069,61.933065567,2342,0.000000000,12.100,49,0,0,1,true,2342
77,10,rest,0,61.939289261,61.945528307,2342,0.000000000,12.100,49,0,0,1,true,2342
77,10,rest,0,61.951340758,61.956970093,2342,0.000000000,12.100,49,0,0,1,true,2342
77,10,rest,0,61.963059673,61.969020512,2342,0.000000000,12.100,49,0,0,1,true,2342
77,10,rest,0,61.975137560,61.981004378,2342,0.000000000,12.100,49,0,0,1,true,2342
77,10,rest,0,61.986976148,61.992908065,2342,0.000000000,12.100,49,0,0,1,true,2342
77,10,rest,0,61.998890767,62.004943921,2342,0.000000000,12.100,49,0,0,1,true,2342
77,10,rest,0,62.010875452,62.017293447,2342,0.000000000,12.100,49,0,0,1,true,2342
77,10,rest,0,62.023026999,62.029013197,2342,0.000000000,12.100,49,0,0,1,true,2342
77,10,rest,0,62.035435461,62.041453323,2342,0.000000000,12.100,49,0,0,1,true,2342
77,10,rest,0,62.047453752,62.053244566,2342,0.000000000,12.100,49,0,0,1,true,2342
77,10,rest,0,62.059083528,62.064937498,2342,0.000000000,12.100,49,0,0,1,true,2342
77,10,rest,0,62.070878960,62.077151777,2342,0.000000000,12.100,49,0,0,1,true,2342
77,10,rest,0,62.083011197,62.089102352,2342,0.000000000,12.100,49,0,0,1,true,2342
77,10,rest,0,62.095288662,62.101186681,2342,0.000000000,12.100,49,0,0,1,true,2342
77,10,rest,0,62.107149227,62.113064033,2342,0.000000000,12.100,49,0,0,1,true,2342
77,10,rest,0,62.119096173,62.124997834,2342,0.000000000,12.100,49,0,0,1,true,2342
77,10,rest,0,62.131044617,62.137229969,2342,0.000000000,12.100,49,0,0,1,true,2342
77,10,rest,0,62.143104047,62.149000155,2342,0.000000000,12.100,49,0,0,1,true,2342
77,10,rest,0,62.155125113,62.160943011,2342,0.000000000,12.100,49,0,0,1,true,2342
77,10,rest,0,62.166835903,62.173078055,2342,0.000000000,12.100,49,0,0,1,true,2342
77,10,rest,0,62.179006872,62.185075761,2342,0.000000000,12.100,49,0,0,1,true,2342
77,10,rest,0,62.191013989,62.197117050,2342,0.000000000,12.100,49,0,0,1,true,2342
77,10,rest,0,62.203130396,62.208994388,2342,0.000000000,12.100,49,0,0,1,true,2342
77,10,rest,0,62.215963751,62.220932774,2342,0.000000000,12.100,49,0,0,1,true,2342
77,10,rest,0,62.226969541,62.233149940,2342,0.000000000,12.100,49,0,0,1,true,2342
77,10,rest,0,62.239163891,62.245040431,2342,0.000000000,12.100,49,0,0,1,true,2342
77,10,rest,0,62.250980297,62.256895079,2342,0.000000000,12.100,49,0,0,1,true,2342
77,10,rest,0,62.262925977,62.268956574,2342,0.000000000,12.100,49,0,0,1,true,2342
77,10,rest,0,62.274922539,62.280965766,2342,0.000000000,12.100,49,0,0,1,true,2342
77,10,rest,0,62.286966459,62.292941891,2342,0.000000000,12.100,49,0,0,1,true,2342
77,10,rest,0,62.298855926,62.304973345,2342,0.000000000,12.100,49,0,0,1,true,2342
77,10,rest,0,62.310958022,62.317081406,2342,0.000000000,12.100,49,0,0,1,true,2342
77,10,rest,0,62.323161520,62.328914150,2342,0.000000000,12.100,49,0,0,1,true,2342
77,10,rest,0,62.335060639,62.341045741,2342,0.000000000,12.100,49,0,0,1,true,2342
77,10,rest,0,62.346991049,62.352926906,2342,0.000000000,12.100,49,0,0,1,true,2342
78,10,pulse,50,62.442937047,62.449072721,2342,0.000000000,12.100,49,0,0,0,true,2342
78,10,pulse,50,62.454976255,62.460959056,2342,0.000000000,12.100,49,0,0,0,true,2342
78,10,pulse,50,62.467070718,62.472950824,2342,0.000000000,12.100,49,0,0,0,true,2342
78,10,pulse,50,62.478855173,62.485029871,2342,0.000000000,12.100,49,0,0,0,true,2342
78,10,pulse,50,62.490953738,62.496959728,2343,0.000000000,12.100,49,0,0,0,true,2343
78,10,pulse,50,62.503121591,62.509053034,2345,0.076699039,12.100,49,0,0,0,true,2345
78,10,pulse,50,62.514993207,62.521060846,2346,0.230097118,12.100,49,0,0,0,true,2346
78,10,pulse,50,62.526930870,62.532985528,2347,0.153398079,12.100,49,0,0,0,true,2347
78,10,rest,0,62.544929896,62.551183517,2349,0.230097118,12.100,49,0,0,1,true,2349
78,10,rest,0,62.557039789,62.563079770,2349,0.000000000,12.100,49,0,0,1,true,2349
78,10,rest,0,62.569012476,62.574997688,2350,0.153398079,12.100,49,0,0,1,true,2350
78,10,rest,0,62.580867471,62.586854855,2350,0.000000000,12.100,49,0,0,1,true,2350
78,10,rest,0,62.593037593,62.599011336,2350,0.000000000,12.100,49,0,0,1,true,2350
78,10,rest,0,62.604888227,62.610947874,2350,0.000000000,12.100,49,0,0,1,true,2350
78,10,rest,0,62.617007696,62.623092017,2350,0.000000000,12.100,49,0,0,1,true,2350
78,10,rest,0,62.629011077,62.635063818,2350,0.000000000,12.100,49,0,0,1,true,2350
78,10,rest,0,62.640976280,62.647133514,2350,0.000000000,12.100,49,0,0,1,true,2350
78,10,rest,0,62.653172340,62.659005580,2350,0.000000000,12.100,49,0,0,1,true,2350
78,10,rest,0,62.664902863,62.671079304,2350,0.000000000,12.100,49,0,0,1,true,2350
78,10,rest,0,62.676883489,62.683133349,2350,0.000000000,12.100,49,0,0,1,true,2350
78,10,rest,0,62.688812413,62.694885425,2350,0.000000000,12.100,49,0,0,1,true,2350
78,10,rest,0,62.701024120,62.707051549,2350,0.000000000,12.100,49,0,0,1,true,2350
78,10,rest,0,62.713016499,62.719088677,2350,0.000000000,12.100,49,0,0,1,true,2350
78,10,rest,0,62.725011508,62.731817457,2350,0.000000000,12.100,49,0,0,1,true,2350
78,10,rest,0,62.737200997,62.743232660,2350,0.000000000,12.100,49,0,0,1,true,2350
78,10,rest,0,62.749009131,62.755034900,2350,0.000000000,12.100,49,0,0,1,true,2350
78,10,rest,0,62.760981602,62.766847210,2350,0.000000000,12.100,49,0,0,1,true,2350
78,10,rest,0,62.773021889,62.779097056,2350,0.000000000,12.100,49,0,0,1,true,2350
78,10,rest,0,62.784802860,62.790844720,2350,0.000000000,12.100,49,0,0,1,true,2350
78,10,rest,0,62.797054065,62.803000645,2350,0.000000000,12.100,49,0,0,1,true,2350
78,10,rest,0,62.809013550,62.815026778,2350,0.000000000,12.100,49,0,0,1,true,2350
78,10,rest,0,62.820984608,62.827047545,2350,0.000000000,12.100,49,0,0,1,true,2350
78,10,rest,0,62.833012104,62.838999292,2350,0.000000000,12.100,49,0,0,1,true,2350
78,10,rest,0,62.844917183,62.850967597,2350,0.000000000,12.100,49,0,0,1,true,2350
78,10,rest,0,62.856980534,62.862982557,2350,0.000000000,12.100,49,0,0,1,true,2350
78,10,rest,0,62.868748550,62.874946442,2350,0.000000000,12.100,49,0,0,1,true,2350
78,10,rest,0,62.880855180,62.886955954,2350,0.000000000,12.100,49,0,0,1,true,2350
78,10,rest,0,62.892957865,62.898832080,2350,0.000000000,12.100,49,0,0,1,true,2350
78,10,rest,0,62.904805950,62.910910172,2350,0.000000000,12.100,49,0,0,1,true,2350
78,10,rest,0,62.917053734,62.922928870,2350,0.000000000,12.100,49,0,0,1,true,2350
78,10,rest,0,62.928959935,62.935026293,2350,0.000000000,12.100,49,0,0,1,true,2350
78,10,rest,0,62.941052446,62.946906109,2350,0.000000000,12.100,49,0,0,1,true,2350
78,10,rest,0,62.953101770,62.958897601,2350,0.000000000,12.100,49,0,0,1,true,2350
78,10,rest,0,62.965169096,62.971062170,2350,0.000000000,12.100,49,0,0,1,true,2350
78,10,rest,0,62.976951805,62.982928210,2350,0.000000000,12.100,49,0,0,1,true,2350
78,10,rest,0,62.988938035,62.994859319,2350,0.000000000,12.100,49,0,0,1,true,2350
78,10,rest,0,63.001090058,63.007027120,2350,0.000000000,12.100,49,0,0,1,true,2350
78,10,rest,0,63.013004336,63.019028628,2350,0.000000000,12.100,49,0,0,1,true,2350
78,10,rest,0,63.025204612,63.031216016,2350,0.000000000,12.100,49,0,0,1,true,2350
78,10,rest,0,63.037729234,63.043374094,2350,0.000000000,12.100,49,0,0,1,true,2350
78,10,rest,0,63.049454059,63.054997119,2350,0.000000000,12.100,49,0,0,1,true,2350
78,10,rest,0,63.060874346,63.066931094,2350,0.000000000,12.100,49,0,0,1,true,2350
78,10,rest,0,63.072829272,63.079111789,2350,0.000000000,12.100,49,0,0,1,true,2350
78,10,rest,0,63.085066569,63.090996372,2350,0.000000000,12.100,49,0,0,1,true,2350
78,10,rest,0,63.097155909,63.103065764,2350,0.000000000,12.100,49,0,0,1,true,2350
78,10,rest,0,63.109037168,63.114871708,2350,0.000000000,12.100,49,0,0,1,true,2350
78,10,rest,0,63.121024029,63.126949674,2350,0.000000000,12.100,49,0,0,1,true,2350
78,10,rest,0,63.132973115,63.139262169,2350,0.000000000,12.100,49,0,0,1,true,2350
79,10,pulse,-50,63.229249453,63.234985409,2350,0.000000000,12.100,49,0,0,0,true,2350
79,10,pulse,-50,63.240975460,63.246983221,2350,0.000000000,12.100,49,0,0,0,true,2350
79,10,pulse,-50,63.253055260,63.258905929,2350,0.000000000,12.100,49,0,0,0,true,2350
79,10,pulse,-50,63.264977131,63.270891914,2350,0.000000000,12.100,49,0,0,0,true,2350
79,10,pulse,-50,63.276982979,63.282859430,2349,-0.153398079,12.100,49,0,0,0,true,2349
79,10,pulse,-50,63.288902599,63.294997926,2348,-0.153398079,12.100,49,0,0,0,true,2348
79,10,pulse,-50,63.300988028,63.307043368,2347,-0.153398079,12.100,49,0,0,0,true,2347
79,10,pulse,-50,63.312862534,63.319121547,2345,-0.153398079,12.100,49,0,0,0,true,2345
79,10,rest,0,63.331258725,63.337339770,2344,-0.076699039,12.100,49,0,0,1,true,2344
79,10,rest,0,63.343173951,63.349240432,2344,-0.076699039,12.100,49,0,0,1,true,2344
79,10,rest,0,63.354955424,63.361082584,2344,0.000000000,12.100,49,0,0,1,true,2344
79,10,rest,0,63.367586194,63.372971525,2344,0.000000000,12.100,49,0,0,1,true,2344
79,10,rest,0,63.379089241,63.385152815,2343,0.000000000,12.100,49,0,0,1,true,2343
79,10,rest,0,63.391032664,63.397053014,2343,-0.153398079,12.100,49,0,0,1,true,2343
79,10,rest,0,63.402836172,63.408878172,2343,0.000000000,12.100,49,0,0,1,true,2343
79,10,rest,0,63.414930492,63.420984299,2343,0.000000000,12.100,49,0,0,1,true,2343
79,10,rest,0,63.427054719,63.433015749,2343,0.000000000,12.100,49,0,0,1,true,2343
79,10,rest,0,63.439007822,63.444940379,2343,0.000000000,12.100,49,0,0,1,true,2343
79,10,rest,0,63.451095392,63.456824591,2343,0.000000000,12.100,49,0,0,1,true,2343
79,10,rest,0,63.462838492,63.468938474,2343,0.000000000,12.100,49,0,0,1,true,2343
79,10,rest,0,63.474799676,63.481068149,2343,0.000000000,12.100,49,0,0,1,true,2343
79,10,rest,0,63.487036708,63.492933150,2343,0.000000000,12.100,49,0,0,1,true,2343
79,10,rest,0,63.498940123,63.504957469,2343,0.000000000,12.100,49,0,0,1,true,2343
79,10,rest,0,63.511348499,63.516964978,2343,0.000000000,12.100,49,0,0,1,true,2343
79,10,rest,0,63.523231347,63.529325875,2343,0.000000000,12.100,49,0,0,1,true,2343
79,10,rest,0,63.535204148,63.541173553,2343,0.000000000,12.100,49,0,0,1,true,2343
79,10,rest,0,63.547110061,63.553147610,2343,0.000000000,12.100,49,0,0,1,true,2343
79,10,rest,0,63.558965968,63.564834674,2343,0.000000000,12.100,49,0,0,1,true,2343
79,10,rest,0,63.570911651,63.577061981,2343,0.000000000,12.100,49,0,0,1,true,2343
79,10,rest,0,63.582801678,63.589396118,2343,0.000000000,12.100,49,0,0,1,true,2343
79,10,rest,0,63.595061883,63.601230785,2343,0.000000000,12.100,49,0,0,1,true,2343
79,10,rest,0,63.606897516,63.612985507,2343,0.000000000,12.100,49,0,0,1,true,2343
79,10,rest,0,63.619059463,63.624991170,2343,0.000000000,12.100,49,0,0,1,true,2343
79,10,rest,0,63.630796558,63.636994987,2343,0.000000000,12.100,49,0,0,1,true,2343
79,10,rest,0,63.642959247,63.648817383,2343,0.000000000,12.100,49,0,0,1,true,2343
79,10,rest,0,63.654995758,63.660790722,2343,0.000000000,12.100,49,0,0,1,true,2343
79,10,rest,0,63.666846462,63.673020434,2343,0.000000000,12.100,49,0,0,1,true,2343
79,10,rest,0,63.678950770,63.684847124,2343,0.000000000,12.100,49,0,0,1,true,2343
79,10,rest,0,63.690809897,63.696795951,2343,0.000000000,12.100,49,0,0,1,true,2343
79,10,rest,0,63.703055049,63.708846479,2343,0.000000000,12.100,49,0,0,1,true,2343
79,10,rest,0,63.714888413,63.720875966,2343,0.000000000,12.100,49,0,0,1,true,2343
79,10,rest,0,63.726970656,63.733070991,2343,0.000000000,12.100,49,0,0,1,true,2343
79,10,rest,0,63.738795033,63.744920728,2343,0.000000000,12.100,49,0,0,1,true,2343
79,10,rest,0,63.751003718,63.756833986,2343,0.000000000,12.100,49,0,0,1,true,2343
79,10,rest,0,63.762895350,63.768954245,2343,0.000000000,12.100,49,0,0,1,true,2343
79,10,rest,0,63.774690003,63.780712740,2343,0.000000000,12.100,49,0,0,1,true,2343
79,10,rest,0,63.786939429,63.792742218,2343,0.000000000,12.100,49,0,0,1,true,2343
79,10,rest,0,63.798832469,63.804786477,2343,0.000000000,12.100,49,0,0,1,true,2343
79,10,rest,0,63.810896523,63.816958115,2343,0.000000000,12.100,49,0,0,1,true,2343
79,10,rest,0,63.822864300,63.828720909,2343,0.000000000,12.100,49,0,0,1,true,2343
79,10,rest,0,63.834679415,63.840740530,2343,0.000000000,12.100,49,0,0,1,true,2343
79,10,rest,0,63.846938861,63.852859223,2343,0.000000000,12.100,49,0,0,1,true,2343
79,10,rest,0,63.858851330,63.864856948,2343,0.000000000,12.100,49,0,0,1,true,2343
79,10,rest,0,63.870925709,63.876806178,2343,0.000000000,12.100,49,0,0,1,true,2343
79,10,rest,0,63.882969281,63.888707283,2343,0.000000000,12.100,49,0,0,1,true,2343
79,10,rest,0,63.894763671,63.900753444,2343,0.000000000,12.100,49,0,0,1,true,2343
79,10,rest,0,63.906645185,63.912868767,2343,0.000000000,12.100,49,0,0,1,true,2343
79,10,rest,0,63.918775235,63.924893606,2343,0.000000000,12.100,49,0,0,1,true,2343
80,10,pulse,50,64.014959240,64.020809458,2343,0.000000000,12.100,49,0,0,0,true,2343
80,10,pulse,50,64.026888050,64.032959258,2343,0.000000000,12.100,49,0,0,0,true,2343
80,10,pulse,50,64.038691556,64.044869358,2344,0.000000000,12.100,49,0,0,0,true,2344
80,10,pulse,50,64.050953971,64.056828077,2345,0.076699039,12.100,49,0,0,0,true,2345
80,10,pulse,50,64.062702679,64.068903612,2346,0.076699039,12.100,49,0,0,0,true,2346
80,10,pulse,50,64.074681071,64.080752589,2348,0.153398079,12.100,49,0,0,0,true,2348
80,10,pulse,50,64.086638752,64.092721026,2349,0.230097118,12.100,49,0,0,0,true,2349
80,10,pulse,50,64.098738834,64.104735489,2350,0.153398079,12.100,49,0,0,0,true,2350
80,10,rest,0,64.116755852,64.122788352,2352,0.153398079,12.100,49,0,0,1,true,2352
80,10,rest,0,64.128775411,64.134857890,2352,0.000000000,12.100,49,0,0,1,true,2352
80,10,rest,0,64.140889417,64.147167380,2352,0.000000000,12.100,49,0,0,1,true,2352
80,10,rest,0,64.152956522,64.158775598,2352,0.000000000,12.100,49,0,0,1,true,2352
80,10,rest,0,64.164866327,64.170737106,2352,0.000000000,12.100,49,0,0,1,true,2352
80,10,rest,0,64.176956510,64.182820576,2352,0.000000000,12.100,49,0,0,1,true,2352
80,10,rest,0,64.188935507,64.194821076,2352,0.000000000,12.100,49,0,0,1,true,2352
80,10,rest,0,64.200863195,64.207184467,2352,0.000000000,12.100,49,0,0,1,true,2352
80,10,rest,0,64.212817090,64.219133972,2352,0.000000000,12.100,49,0,0,1,true,2352
80,10,rest,0,64.224709040,64.230734169,2352,0.000000000,12.100,49,0,0,1,true,2352
80,10,rest,0,64.236671098,64.242720808,2352,0.000000000,12.100,49,0,0,1,true,2352
80,10,rest,0,64.248853635,64.255271739,2352,0.000000000,12.100,49,0,0,1,true,2352
80,10,rest,0,64.260661020,64.266685410,2352,0.000000000,12.100,49,0,0,1,true,2352
80,10,rest,0,64.272923109,64.278788312,2352,0.000000000,12.100,49,0,0,1,true,2352
80,10,rest,0,64.284617406,64.290828626,2352,0.000000000,12.100,49,0,0,1,true,2352
80,10,rest,0,64.296752606,64.302945667,2352,0.000000000,12.100,49,0,0,1,true,2352
80,10,rest,0,64.308832943,64.314918214,2352,0.000000000,12.100,49,0,0,1,true,2352
80,10,rest,0,64.320801381,64.326626268,2352,0.000000000,12.100,49,0,0,1,true,2352
80,10,rest,0,64.332832125,64.338756817,2352,0.000000000,12.100,49,0,0,1,true,2352
80,10,rest,0,64.344929502,64.350957208,2352,0.000000000,12.100,49,0,0,1,true,2352
80,10,rest,0,64.356790532,64.362867164,2352,0.000000000,12.100,49,0,0,1,true,2352
80,10,rest,0,64.368996522,64.374902116,2352,0.000000000,12.100,49,0,0,1,true,2352
80,10,rest,0,64.381172586,64.386683271,2352,0.000000000,12.100,49,0,0,1,true,2352
80,10,rest,0,64.392885265,64.398643361,2352,0.000000000,12.100,49,0,0,1,true,2352
80,10,rest,0,64.404691252,64.410706467,2352,0.000000000,12.100,49,0,0,1,true,2352
80,10,rest,0,64.416937244,64.422706551,2352,0.000000000,12.100,49,0,0,1,true,2352
80,10,rest,0,64.428620237,64.434996296,2352,0.000000000,12.100,49,0,0,1,true,2352
80,10,rest,0,64.440733147,64.446853586,2352,0.000000000,12.100,49,0,0,1,true,2352
80,10,rest,0,64.453007495,64.458906728,2352,0.000000000,12.200,49,0,0,1,true,2352
80,10,rest,0,64.464725982,64.470893207,2352,0.000000000,12.200,49,0,0,1,true,2352
80,10,rest,0,64.476710356,64.482767350,2352,0.000000000,12.200,49,0,0,1,true,2352
80,10,rest,0,64.488664666,64.494804975,2352,0.000000000,12.100,49,0,0,1,true,2352
80,10,rest,0,64.500843178,64.506651425,2352,0.000000000,12.100,49,0,0,1,true,2352
80,10,rest,0,64.512840495,64.518708871,2352,0.000000000,12.100,49,0,0,1,true,2352
80,10,rest,0,64.524885522,64.530826728,2352,0.000000000,12.100,49,0,0,1,true,2352
80,10,rest,0,64.537031631,64.542798506,2352,0.000000000,12.100,49,0,0,1,true,2352
80,10,rest,0,64.548735674,64.555325671,2352,0.000000000,12.100,49,0,0,1,true,2352
80,10,rest,0,64.561293621,64.566874228,2352,0.000000000,12.100,49,0,0,1,true,2352
80,10,rest,0,64.572897021,64.578729781,2352,0.000000000,12.100,49,0,0,1,true,2352
80,10,rest,0,64.584825405,64.590663846,2352,0.000000000,12.100,49,0,0,1,true,2352
80,10,rest,0,64.596780706,64.602985996,2352,0.000000000,12.100,49,0,0,1,true,2352
80,10,rest,0,64.608873243,64.614799213,2352,0.000000000,12.100,49,0,0,1,true,2352
80,10,rest,0,64.620857576,64.626841387,2352,0.000000000,12.100,49,0,0,1,true,2352
80,10,rest,0,64.632815595,64.638720999,2352,0.000000000,12.100,49,0,0,1,true,2352
80,10,rest,0,64.644717061,64.650999723,2352,0.000000000,12.100,49,0,0,1,true,2352
80,10,rest,0,64.656933646,64.662752042,2352,0.000000000,12.100,49,0,0,1,true,2352
80,10,rest,0,64.668837541,64.674838546,2352,0.000000000,12.100,49,0,0,1,true,2352
80,10,rest,0,64.680905614,64.686770421,2352,0.000000000,12.100,49,0,0,1,true,2352
80,10,rest,0,64.692814111,64.698927555,2352,0.000000000,12.100,49,0,0,1,true,2352
80,10,rest,0,64.704707061,64.711462781,2352,0.000000000,12.100,49,0,0,1,true,2352
81,10,pulse,-50,64.800620766,64.806824465,2352,0.000000000,12.100,49,0,0,0,true,2352
81,10,pulse,-50,64.812884560,64.819616847,2352,0.000000000,12.100,49,0,0,0,true,2352
81,10,pulse,-50,64.824808165,64.830675645,2352,0.000000000,12.100,49,0,0,0,true,2352
81,10,pulse,-50,64.836677179,64.842800455,2352,0.000000000,12.100,49,0,0,0,true,2352
81,10,pulse,-50,64.848718027,64.854653039,2351,-0.153398079,12.100,49,0,0,0,true,2351
81,10,pulse,-50,64.860791950,64.866696272,2349,-0.153398079,12.100,49,0,0,0,true,2349
81,10,pulse,-50,64.872822068,64.878665716,2348,-0.153398079,12.100,49,0,0,0,true,2348
81,10,pulse,-50,64.884619555,64.890684290,2347,-0.230097118,12.100,49,0,0,0,true,2347
81,10,rest,0,64.902659825,64.908900607,2345,-0.230097118,12.100,49,0,0,1,true,2345
81,10,rest,0,64.914781440,64.920736270,2344,0.000000000,12.100,49,0,0,1,true,2344
81,10,rest,0,64.926967801,64.932732519,2344,-0.076699039,12.100,49,0,0,1,true,2344
81,10,rest,0,64.938888740,64.944826247,2344,0.000000000,12.100,49,0,0,1,true,2344
81,10,rest,0,64.950867926,64.956937895,2344,0.000000000,12.100,49,0,0,1,true,2344
81,10,rest,0,64.962814931,64.968669495,2344,0.000000000,12.100,49,0,0,1,true,2344
81,10,rest,0,64.974636415,64.980665791,2344,0.000000000,12.100,49,0,0,1,true,2344
81,10,rest,0,64.986527558,64.992801930,2344,0.000000000,12.100,49,0,0,1,true,2344
81,10,rest,0,64.998758070,65.004771268,2344,0.000000000,12.100,49,0,0,1,true,2344
81,10,rest,0,65.010692960,65.016747888,2344,0.000000000,12.100,49,0,0,1,true,2344
81,10,rest,0,65.022773846,65.028700845,2344,0.000000000,12.100,49,0,0,1,true,2344
81,10,rest,0,65.034995577,65.040766665,2344,0.000000000,12.100,49,0,0,1,true,2344
81,10,rest,0,65.046729248,65.053535575,2344,0.000000000,12.100,49,0,0,1,true,2344
81,10,rest,0,65.059633627,65.065130550,2344,0.000000000,12.100,49,0,0,1,true,2344
81,10,rest,0,65.070825145,65.076909887,2344,0.000000000,12.100,49,0,0,1,true,2344
81,10,rest,0,65.082672121,65.088848165,2344,0.000000000,12.100,49,0,0,1,true,2344
81,10,rest,0,65.094846055,65.100712085,2344,0.000000000,12.100,49,0,0,1,true,2344
81,10,rest,0,65.106758833,65.112861703,2344,0.000000000,12.100,49,0,0,1,true,2344
81,10,rest,0,65.118956461,65.124898667,2344,0.000000000,12.100,49,0,0,1,true,2344
81,10,rest,0,65.130826443,65.136794930,2344,0.000000000,12.100,49,0,0,1,true,2344
81,10,rest,0,65.143034461,65.148907765,2344,0.000000000,12.100,49,0,0,1,true,2344
81,10,rest,0,65.154782746,65.160869713,2344,0.000000000,12.100,49,0,0,1,true,2344
81,10,rest,0,65.166660835,65.172803821,2344,0.000000000,12.100,49,0,0,1,true,2344
81,10,rest,0,65.178736144,65.184743915,2344,0.000000000,12.100,49,0,0,1,true,2344
81,10,rest,0,65.190560821,65.196774946,2344,0.000000000,12.100,49,0,0,1,true,2344
81,10,rest,0,65.202870630,65.208684848,2344,0.000000000,12.100,49,0,0,1,true,2344
81,10,rest,0,65.214595516,65.220656300,2344,0.000000000,12.100,49,0,0,1,true,2344
81,10,rest,0,65.226862479,65.232728384,2344,0.000000000,12.100,49,0,0,1,true,2344
81,10,rest,0,65.238699724,65.244742720,2344,0.000000000,12.100,49,0,0,1,true,2344
81,10,rest,0,65.250778376,65.256923005,2344,0.000000000,12.100,49,0,0,1,true,2344
81,10,rest,0,65.262582493,65.268685840,2344,0.000000000,12.100,49,0,0,1,true,2344
81,10,rest,0,65.274655564,65.280782085,2344,0.000000000,12.100,49,0,0,1,true,2344
81,10,rest,0,65.286641679,65.292710290,2344,0.000000000,12.100,49,0,0,1,true,2344
81,10,rest,0,65.298751128,65.304636539,2344,0.000000000,12.100,49,0,0,1,true,2344
81,10,rest,0,65.310675826,65.316915472,2344,0.000000000,12.100,49,0,0,1,true,2344
81,10,rest,0,65.323424979,65.329810857,2344,0.000000000,12.100,49,0,0,1,true,2344
81,10,rest,0,65.335101901,65.341149113,2344,0.000000000,12.100,49,0,0,1,true,2344
81,10,rest,0,65.346914987,65.353700434,2344,0.000000000,12.100,49,0,0,1,true,2344
81,10,rest,0,65.358794029,65.365550244,2344,0.000000000,12.100,49,0,0,1,true,2344
81,10,rest,0,65.370940274,65.376744538,2344,0.000000000,12.100,49,0,0,1,true,2344
81,10,rest,0,65.382740144,65.388729702,2344,0.000000000,12.100,49,0,0,1,true,2344
81,10,rest,0,65.394638715,65.400851404,2344,0.000000000,12.100,49,0,0,1,true,2344
81,10,rest,0,65.406718925,65.412914914,2344,0.000000000,12.100,49,0,0,1,true,2344
81,10,rest,0,65.418717680,65.424611777,2344,0.000000000,12.100,49,0,0,1,true,2344
81,10,rest,0,65.430701450,65.437173056,2344,0.000000000,12.100,49,0,0,1,true,2344
81,10,rest,0,65.443040956,65.448827220,2344,0.000000000,12.100,49,0,0,1,true,2344
81,10,rest,0,65.454791508,65.460745735,2344,0.000000000,12.100,49,0,0,1,true,2344
81,10,rest,0,65.466693774,65.472846124,2344,0.000000000,12.100,49,0,0,1,true,2344
81,10,rest,0,65.478840549,65.484741989,2344,0.000000000,12.100,49,0,0,1,true,2344
81,10,rest,0,65.490982459,65.497560986,2344,0.000000000,12.100,49,0,0,1,true,2344
82,10,pulse,50,65.586520649,65.592791009,2344,0.000000000,12.100,49,0,0,0,true,2344
82,10,pulse,50,65.598851267,65.604824884,2344,0.000000000,12.100,49,0,0,0,true,2344
82,10,pulse,50,65.610957216,65.616798111,2344,0.000000000,12.100,49,0,0,0,true,2344
82,10,pulse,50,65.623022733,65.628785560,2345,0.000000000,12.100,49,0,0,0,true,2345
82,10,pulse,50,65.634681154,65.640678603,2346,0.076699039,12.100,49,0,0,0,true,2346
82,10,pulse,50,65.646950621,65.652913605,2347,0.153398079,12.100,49,0,0,0,true,2347
82,10,pulse,50,65.658990144,65.665012209,2348,0.153398079,12.100,49,0,0,0,true,2348
82,10,pulse,50,65.670911271,65.676760044,2350,0.230097118,12.100,49,0,0,0,true,2350
82,10,rest,0,65.688550577,65.694589243,2352,0.153398079,12.100,49,0,0,1,true,2352
82,10,rest,0,65.700584063,65.706798803,2352,0.000000000,12.100,49,0,0,1,true,2352
82,10,rest,0,65.712642332,65.718823937,2352,0.000000000,12.100,49,0,0,1,true,2352
82,10,rest,0,65.724616374,65.730661568,2352,0.000000000,12.100,49,0,0,1,true,2352
82,10,rest,0,65.736637656,65.742641933,2352,0.000000000,12.100,49,0,0,1,true,2352
82,10,rest,0,65.748559615,65.754570544,2352,0.000000000,12.100,49,0,0,1,true,2352
82,10,rest,0,65.760723747,65.766702753,2352,0.000000000,12.100,49,0,0,1,true,2352
82,10,rest,0,65.772575794,65.778821936,2352,0.000000000,12.100,49,0,0,1,true,2352
82,10,rest,0,65.784527081,65.790610797,2352,0.000000000,12.100,49,0,0,1,true,2352
82,10,rest,0,65.796558748,65.802587038,2352,0.000000000,12.100,49,0,0,1,true,2352
82,10,rest,0,65.808665622,65.814726948,2352,0.000000000,12.100,49,0,0,1,true,2352
82,10,rest,0,65.820441524,65.826711405,2352,0.000000000,12.100,49,0,0,1,true,2352
82,10,rest,0,65.832620525,65.838632158,2352,0.000000000,12.100,49,0,0,1,true,2352
82,10,rest,0,65.844558946,65.850813930,2352,0.000000000,12.100,49,0,0,1,true,2352
82,10,rest,0,65.856608826,65.862747145,2352,0.000000000,12.100,49,0,0,1,true,2352
82,10,rest,0,65.868660550,65.874775623,2352,0.000000000,12.100,49,0,0,1,true,2352
82,10,rest,0,65.880704878,65.886517125,2352,0.000000000,12.100,49,0,0,1,true,2352
82,10,rest,0,65.892667170,65.898743179,2352,0.000000000,12.100,49,0,0,1,true,2352
82,10,rest,0,65.904583428,65.910592414,2352,0.000000000,12.100,49,0,0,1,true,2352
82,10,rest,0,65.916808123,65.922694547,2352,0.000000000,12.100,49,0,0,1,true,2352
82,10,rest,0,65.928609683,65.934610422,2352,0.000000000,12.100,49,0,0,1,true,2352
82,10,rest,0,65.940817457,65.946686148,2352,0.000000000,12.100,49,0,0,1,true,2352
82,10,rest,0,65.952717227,65.958642582,2352,0.000000000,12.100,49,0,0,1,true,2352
82,10,rest,0,65.964893233,65.971099062,2352,0.000000000,12.100,49,0,0,1,true,2352
82,10,rest,0,65.976740341,65.982894387,2352,0.000000000,12.100,49,0,0,1,true,2352
82,10,rest,0,65.988787203,65.994732510,2352,0.000000000,12.100,49,0,0,1,true,2352
82,10,rest,0,66.000755824,66.006799493,2352,0.000000000,12.100,49,0,0,1,true,2352
82,10,rest,0,66.012655823,66.018602016,2352,0.000000000,12.100,49,0,0,1,true,2352
82,10,rest,0,66.024488423,66.030704391,2352,0.000000000,12.100,49,0,0,1,true,2352
82,10,rest,0,66.036744901,66.042668173,2352,0.000000000,12.100,49,0,0,1,true,2352
82,10,rest,0,66.048682533,66.054722112,2352,0.000000000,12.100,49,0,0,1,true,2352
82,10,rest,0,66.060943971,66.066599127,2352,0.000000000,12.100,49,0,0,1,true,2352
82,10,rest,0,66.072753387,66.078749743,2352,0.000000000,12.100,49,0,0,1,true,2352
82,10,rest,0,66.084683047,66.090587095,2352,0.000000000,12.100,49,0,0,1,true,2352
82,10,rest,0,66.096746926,66.102554215,2352,0.000000000,12.100,49,0,0,1,true,2352
82,10,rest,0,66.108701333,66.114769543,2352,0.000000000,12.100,49,0,0,1,true,2352
82,10,rest,0,66.120623000,66.126804592,2352,0.000000000,12.100,49,0,0,1,true,2352
82,10,rest,0,66.132509423,66.138818490,2352,0.000000000,12.100,49,0,0,1,true,2352
82,10,rest,0,66.144905081,66.150859946,2352,0.000000000,12.100,49,0,0,1,true,2352
82,10,rest,0,66.156645867,66.162547616,2352,0.000000000,12.100,49,0,0,1,true,2352
82,10,rest,0,66.168578149,66.174561052,2352,0.000000000,12.100,49,0,0,1,true,2352
82,10,rest,0,66.180779017,66.186607234,2352,0.000000000,12.100,49,0,0,1,true,2352
82,10,rest,0,66.192512707,66.198521350,2352,0.000000000,12.100,49,0,0,1,true,2352
82,10,rest,0,66.204437958,66.210476110,2352,0.000000000,12.100,49,0,0,1,true,2352
82,10,rest,0,66.216665665,66.222537541,2352,0.000000000,12.100,49,0,0,1,true,2352
82,10,rest,0,66.228485965,66.234913935,2352,0.000000000,12.100,49,0,0,1,true,2352
82,10,rest,0,66.240634609,66.246663905,2352,0.000000000,12.100,49,0,0,1,true,2352
82,10,rest,0,66.252874090,66.258904917,2352,0.000000000,12.100,49,0,0,1,true,2352
82,10,rest,0,66.264716169,66.270800920,2352,0.000000000,12.100,49,0,0,1,true,2352
82,10,rest,0,66.276623988,66.282792100,2352,0.000000000,12.100,49,0,0,1,true,2352
83,10,pulse,-50,66.372552958,66.378609613,2352,0.000000000,12.100,49,0,0,0,true,2352
83,10,pulse,-50,66.384608327,66.390482172,2352,0.000000000,12.100,49,0,0,0,true,2352
83,10,pulse,-50,66.396629499,66.402704517,2352,0.000000000,12.100,49,0,0,0,true,2352
83,10,pulse,-50,66.408511650,66.414565122,2351,0.000000000,12.100,49,0,0,0,true,2351
83,10,pulse,-50,66.420519398,66.426485697,2350,-0.076699039,12.100,49,0,0,0,true,2350
83,10,pulse,-50,66.432747602,66.438528523,2349,-0.153398079,12.100,49,0,0,0,true,2349
83,10,pulse,-50,66.444492547,66.450869162,2348,-0.230097118,12.100,49,0,0,0,true,2348
83,10,pulse,-50,66.456419217,66.462462716,2346,-0.153398079,12.100,49,0,0,0,true,2346
83,10,rest,0,66.474838754,66.480610637,2345,-0.230097118,12.100,49,0,0,1,true,2345
83,10,rest,0,66.486683690,66.492577343,2344,-0.153398079,12.100,49,0,0,1,true,2344
83,10,rest,0,66.499243804,66.504758193,2344,0.000000000,12.100,49,0,0,1,true,2344
83,10,rest,0,66.510475491,66.516529397,2344,0.000000000,12.100,49,0,0,1,true,2344
83,10,rest,0,66.522657051,66.528411712,2344,0.000000000,12.100,49,0,0,1,true,2344
83,10,rest,0,66.534656022,66.540644527,2344,0.000000000,12.100,49,0,0,1,true,2344
83,10,rest,0,66.546679532,66.552737587,2344,0.000000000,12.100,49,0,0,1,true,2344
83,10,rest,0,66.558475919,66.564487310,2344,0.000000000,12.100,49,0,0,1,true,2344
83,10,rest,0,66.570719496,66.576604649,2344,0.000000000,12.100,49,0,0,1,true,2344
83,10,rest,0,66.582540175,66.588524041,2344,0.000000000,12.100,49,0,0,1,true,2344
83,10,rest,0,66.594588065,66.600664129,2344,0.000000000,12.100,49,0,0,1,true,2344
83,10,rest,0,66.606465499,66.612592426,2344,0.000000000,12.100,49,0,0,1,true,2344
83,10,rest,0,66.618416773,66.624442626,2344,0.000000000,12.100,49,0,0,1,true,2344
83,10,rest,0,66.630605262,66.636378881,2344,0.000000000,12.100,49,0,0,1,true,2344
83,10,rest,0,66.642540736,66.648579648,2344,0.000000000,12.100,49,0,0,1,true,2344
83,10,rest,0,66.654463401,66.660778241,2344,0.000000000,12.100,49,0,0,1,true,2344
83,10,rest,0,66.666439102,66.672466368,2344,0.000000000,12.100,49,0,0,1,true,2344
83,10,rest,0,66.678446526,66.684505976,2344,0.000000000,12.100,49,0,0,1,true,2344
83,10,rest,0,66.690594846,66.696454670,2344,0.000000000,12.100,49,0,0,1,true,2344
83,10,rest,0,66.702610546,66.708588818,2344,0.000000000,12.100,49,0,0,1,true,2344
83,10,rest,0,66.714441583,66.720674581,2344,0.000000000,12.100,49,0,0,1,true,2344
83,10,rest,0,66.726814186,66.732621197,2344,0.000000000,12.100,49,0,0,1,true,2344
83,10,rest,0,66.738658698,66.744704211,2344,0.000000000,12.100,49,0,0,1,true,2344
83,10,rest,0,66.751397809,66.756637971,2344,0.000000000,12.100,49,0,0,1,true,2344
83,10,rest,0,66.762612846,66.768584366,2344,0.000000000,12.100,49,0,0,1,true,2344
83,10,rest,0,66.774499300,66.780643116,2344,0.000000000,12.100,49,0,0,1,true,2344
83,10,rest,0,66.786426691,66.792528974,2344,0.000000000,12.100,49,0,0,1,true,2344
83,10,rest,0,66.798655086,66.804566811,2344,0.000000000,12.100,49,0,0,1,true,2344
83,10,rest,0,66.810377158,66.816416851,2344,0.000000000,12.100,49,0,0,1,true,2344
83,10,rest,0,66.822538076,66.828433761,2344,0.000000000,12.100,49,0,0,1,true,2344
83,10,rest,0,66.834403381,66.840617342,2344,0.000000000,12.100,49,0,0,1,true,2344
83,10,rest,0,66.846596476,66.852619125,2344,0.000000000,12.100,49,0,0,1,true,2344
83,10,rest,0,66.858799355,66.864729648,2344,0.000000000,12.100,49,0,0,1,true,2344
83,10,rest,0,66.870775564,66.876652726,2344,0.000000000,12.100,49,0,0,1,true,2344
83,10,rest,0,66.882449676,66.888461957,2344,0.000000000,12.100,49,0,0,1,true,2344
83,10,rest,0,66.894540321,66.900590786,2344,0.000000000,12.100,49,0,0,1,true,2344
83,10,rest,0,66.906482420,66.912773154,2344,0.000000000,12.100,49,0,0,1,true,2344
83,10,rest,0,66.918765208,66.924477241,2344,0.000000000,12.100,49,0,0,1,true,2344
83,10,rest,0,66.930505602,66.936463401,2344,0.000000000,12.100,49,0,0,1,true,2344
83,10,rest,0,66.942466239,66.948609464,2344,0.000000000,12.100,49,0,0,1,true,2344
83,10,rest,0,66.954519489,66.960679684,2344,0.000000000,12.100,49,0,0,1,true,2344
83,10,rest,0,66.966495061,66.972616087,2344,0.000000000,12.100,49,0,0,1,true,2344
83,10,rest,0,66.978706341,66.984466216,2344,0.000000000,12.100,49,0,0,1,true,2344
83,10,rest,0,66.990559791,66.996461941,2344,0.000000000,12.100,49,0,0,1,true,2344
83,10,rest,0,67.002670347,67.008452168,2344,0.000000000,12.200,49,0,0,1,true,2344
83,10,rest,0,67.014638219,67.020618073,2344,0.000000000,12.200,49,0,0,1,true,2344
83,10,rest,0,67.026650688,67.032533059,2344,0.000000000,12.100,49,0,0,1,true,2344
83,10,rest,0,67.038459080,67.044432317,2344,0.000000000,12.100,49,0,0,1,true,2344
83,10,rest,0,67.051361146,67.056585769,2344,0.000000000,12.100,49,0,0,1,true,2344
83,10,rest,0,67.062448802,67.068529187,2344,0.000000000,12.100,49,0,0,1,true,2344
84,11,pulse,25,67.158580200,67.164349770,2524,0.000000000,12.300,48,38,0,0,true,2524
84,11,pulse,25,67.170509750,67.176574694,2524,0.000000000,12.300,48,39,0,0,true,2524
84,11,pulse,25,67.182474908,67.188574880,2524,0.000000000,12.300,48,41,0,0,true,2524
84,11,pulse,25,67.194553195,67.200525812,2524,0.000000000,12.300,48,41,0,0,true,2524
84,11,pulse,25,67.206594797,67.212372470,2524,0.000000000,12.300,48,41,0,0,true,2524
84,11,pulse,25,67.218626977,67.224551319,2524,0.000000000,12.300,48,42,0,0,true,2524
84,11,pulse,25,67.230632609,67.236456838,2524,0.000000000,12.300,48,42,0,0,true,2524
84,11,pulse,25,67.242590591,67.248370505,2524,0.000000000,12.300,48,41,0,0,true,2524
84,11,rest,0,67.260474255,67.266493980,2524,0.000000000,12.300,48,39,0,1,true,2524
84,11,rest,0,67.272416044,67.278694357,2524,0.000000000,12.300,48,38,0,1,true,2524
84,11,rest,0,67.284616925,67.290365286,2524,0.000000000,12.300,48,38,0,1,true,2524
84,11,rest,0,67.296351945,67.302626537,2524,0.000000000,12.300,48,38,0,1,true,2524
84,11,rest,0,67.308436661,67.314290631,2524,0.000000000,12.300,48,37,0,1,true,2524
84,11,rest,0,67.320298220,67.326524069,2524,0.000000000,12.300,48,37,0,1,true,2524
84,11,rest,0,67.332329394,67.338341006,2524,0.000000000,12.300,48,37,0,1,true,2524
84,11,rest,0,67.344569897,67.350530719,2524,0.000000000,12.300,48,38,0,1,true,2524
84,11,rest,0,67.356414704,67.362361135,2524,0.000000000,12.300,48,37,0,1,true,2524
84,11,rest,0,67.368357751,67.374453010,2524,0.000000000,12.300,48,37,0,1,true,2524
84,11,rest,0,67.380586354,67.386396149,2524,0.000000000,12.300,48,37,0,1,true,2524
84,11,rest,0,67.392436416,67.398468685,2524,0.000000000,12.300,48,38,0,1,true,2524
84,11,rest,0,67.404662479,67.410618397,2524,0.000000000,12.300,48,37,0,1,true,2524
84,11,rest,0,67.416722627,67.422604785,2524,0.000000000,12.300,48,38,0,1,true,2524
84,11,rest,0,67.428460512,67.434676436,2524,0.000000000,12.300,48,37,0,1,true,2524
84,11,rest,0,67.440537610,67.446613593,2524,0.000000000,12.300,48,37,0,1,true,2524
84,11,rest,0,67.452589404,67.458519668,2524,0.000000000,12.300,48,37,0,1,true,2524
84,11,rest,0,67.464464435,67.470493601,2524,0.000000000,12.300,48,37,0,1,true,2524
84,11,rest,0,67.476401553,67.482637360,2524,0.000000000,12.300,48,38,0,1,true,2524
84,11,rest,0,67.488646146,67.494562164,2524,0.000000000,12.300,48,38,0,1,true,2524
84,11,rest,0,67.500595082,67.506605034,2524,0.000000000,12.300,48,38,0,1,true,2524
84,11,rest,0,67.512696550,67.519020173,2524,0.000000000,12.300,48,37,0,1,true,2524
84,11,rest,0,67.524878781,67.531367524,2524,0.000000000,12.300,48,37,0,1,true,2524
84,11,rest,0,67.536751756,67.542817014,2524,0.000000000,12.300,48,37,0,1,true,2524
84,11,rest,0,67.548692645,67.554564506,2524,0.000000000,12.300,48,38,0,1,true,2524
84,11,rest,0,67.560680814,67.566597236,2524,0.000000000,12.300,48,37,0,1,true,2524
84,11,rest,0,67.572591764,67.578633744,2524,0.000000000,12.300,48,37,0,1,true,2524
84,11,rest,0,67.584505344,67.590512651,2524,0.000000000,12.300,48,37,0,1,true,2524
84,11,rest,0,67.596483675,67.602661989,2524,0.000000000,12.300,48,37,0,1,true,2524
84,11,rest,0,67.608413265,67.614546069,2524,0.000000000,12.300,48,37,0,1,true,2524
84,11,rest,0,67.620589094,67.626453677,2524,0.000000000,12.300,48,38,0,1,true,2524
84,11,rest,0,67.632518726,67.638467990,2524,0.000000000,12.300,48,37,0,1,true,2524
84,11,rest,0,67.644496496,67.650562052,2524,0.000000000,12.300,48,37,0,1,true,2524
84,11,rest,0,67.656594245,67.662389419,2524,0.000000000,12.300,48,37,0,1,true,2524
84,11,rest,0,67.668480442,67.674614860,2524,0.000000000,12.300,48,37,0,1,true,2524
84,11,rest,0,67.680307129,67.686547086,2524,0.000000000,12.300,48,37,0,1,true,2524
84,11,rest,0,67.692348064,67.698503021,2524,0.000000000,12.300,48,37,0,1,true,2524
84,11,rest,0,67.704490822,67.710557451,2524,0.000000000,12.300,48,37,0,1,true,2524
84,11,rest,0,67.716503097,67.722364724,2524,0.000000000,12.300,48,37,0,1,true,2524
84,11,rest,0,67.728552525,67.734344126,2524,0.000000000,12.300,48,37,0,1,true,2524
84,11,rest,0,67.740480574,67.746606891,2524,0.000000000,12.300,48,37,0,1,true,2524
84,11,rest,0,67.752527012,67.758352889,2524,0.000000000,12.300,48,38,0,1,true,2524
84,11,rest,0,67.764516100,67.770265447,2524,0.000000000,12.300,48,38,0,1,true,2524
84,11,rest,0,67.776346101,67.782448398,2524,0.000000000,12.300,48,37,0,1,true,2524
84,11,rest,0,67.788306932,67.794591975,2524,0.000000000,12.300,48,37,0,1,true,2524
84,11,rest,0,67.800526869,67.806523689,2524,0.000000000,12.300,48,37,0,1,true,2524
84,11,rest,0,67.812483455,67.818363584,2524,0.000000000,12.300,48,37,0,1,true,2524
84,11,rest,0,67.824469442,67.830254483,2524,0.000000000,12.300,48,37,0,1,true,2524
84,11,rest,0,67.836374205,67.842535261,2524,0.000000000,12.300,48,37,0,1,true,2524
84,11,rest,0,67.848403251,67.854377265,2524,0.000000000,12.300,48,37,0,1,true,2524
85,11,pulse,-25,67.944602075,67.950675697,2524,0.000000000,12.300,48,38,0,0,true,2524
85,11,pulse,-25,67.956397343,67.962314062,2524,0.000000000,12.300,48,40,0,0,true,2524
85,11,pulse,-25,67.968323109,67.974505696,2524,0.000000000,12.300,48,41,0,0,true,2524
85,11,pulse,-25,67.980447201,67.986522742,2524,0.000000000,12.300,48,42,0,0,true,2524
85,11,pulse,-25,67.992490966,67.998417279,2524,0.000000000,12.300,48,43,0,0,true,2524
85,11,pulse,-25,68.004582423,68.010353673,2524,0.000000000,12.300,48,43,0,0,true,2524
85,11,pulse,-25,68.016357955,68.022589624,2524,0.000000000,12.300,48,43,0,0,true,2524
85,11,pulse,-25,68.028374382,68.034498858,2524,0.000000000,12.300,48,43,0,0,true,2524
85,11,rest,0,68.046461705,68.052463768,2524,0.000000000,12.300,48,40,0,1,true,2524
85,11,rest,0,68.058252929,68.064281102,2524,0.000000000,12.300,48,38,0,1,true,2524
85,11,rest,0,68.070491041,68.076421139,2524,0.000000000,12.300,48,38,0,1,true,2524
85,11,rest,0,68.082354162,68.088345888,2524,0.000000000,12.300,48,38,0,1,true,2524
85,11,rest,0,68.094465897,68.100534138,2524,0.000000000,12.300,48,38,0,1,true,2524
85,11,rest,0,68.106478292,68.112503260,2524,0.000000000,12.300,48,37,0,1,true,2524
85,11,rest,0,68.118617108,68.124423470,2524,0.000000000,12.300,48,38,0,1,true,2524
85,11,rest,0,68.130360073,68.136592200,2524,0.000000000,12.300,48,38,0,1,true,2524
85,11,rest,0,68.142295438,68.148475135,2524,0.000000000,12.300,48,37,0,1,true,2524
85,11,rest,0,68.154486858,68.160325923,2524,0.000000000,12.300,48,38,0,1,true,2524
85,11,rest,0,68.166480420,68.172538274,2524,0.000000000,12.300,48,38,0,1,true,2524
85,11,rest,0,68.178429388,68.184500016,2524,0.000000000,12.300,48,37,0,1,true,2524
85,11,rest,0,68.190411097,68.196558466,2524,0.000000000,12.300,48,37,0,1,true,2524
85,11,rest,0,68.202513598,68.208327203,2524,0.000000000,12.300,48,37,0,1,true,2524
85,11,rest,0,68.214571256,68.220659067,2524,0.000000000,12.300,48,37,0,1,true,2524
85,11,rest,0,68.226403130,68.232543593,2524,0.000000000,12.300,48,38,0,1,true,2524
85,11,rest,0,68.239166622,68.244752874,2524,0.000000000,12.300,48,37,0,1,true,2524
85,11,rest,0,68.250740048,68.256388854,2524,0.000000000,12.300,48,37,0,1,true,2524
85,11,rest,0,68.262456327,68.268387004,2524,0.000000000,12.300,48,37,0,1,true,2524
85,11,rest,0,68.274361411,68.280389052,2524,0.000000000,12.300,48,37,0,1,true,2524
85,11,rest,0,68.286414109,68.292253131,2524,0.000000000,12.300,48,37,0,1,true,2524
85,11,rest,0,68.298476653,68.304357348,2524,0.000000000,12.300,48,37,0,1,true,2524
85,11,rest,0,68.310363835,68.316389487,2524,0.000000000,12.300,48,37,0,1,true,2524
85,11,rest,0,68.322298901,68.328331513,2524,0.000000000,12.300,48,37,0,1,true,2524
85,11,rest,0,68.334442544,68.340331393,2524,0.000000000,12.300,48,37,0,1,true,2524
85,11,rest,0,68.346284596,68.352464154,2524,0.000000000,12.300,48,37,0,1,true,2524
85,11,rest,0,68.358482061,68.364524480,2524,0.000000000,12.300,48,37,0,1,true,2524
85,11,rest,0,68.370434854,68.376507662,2524,0.000000000,12.300,48,37,0,1,true,2524
85,11,rest,0,68.382439041,68.388263573,2524,0.000000000,12.300,48,37,0,1,true,2524
85,11,rest,0,68.394400557,68.400434261,2524,0.000000000,12.300,48,37,0,1,true,2524
85,11,rest,0,68.406376933,68.412440533,2524,0.000000000,12.300,48,37,0,1,true,2524
85,11,rest,0,68.418440067,68.424355973,2524,0.000000000,12.300,48,37,0,1,true,2524
85,11,rest,0,68.430321321,68.436248464,2524,0.000000000,12.300,48,37,0,1,true,2524
85,11,rest,0,68.442357794,68.448399182,2524,0.000000000,12.300,48,37,0,1,true,2524
85,11,rest,0,68.454470724,68.460330115,2524,0.000000000,12.300,48,38,0,1,true,2524
85,11,rest,0,68.466397083,68.472479196,2524,0.000000000,12.300,48,37,0,1,true,2524
85,11,rest,0,68.478520987,68.484419822,2524,0.000000000,12.300,48,37,0,1,true,2524
85,11,rest,0,68.490354897,68.496493700,2524,0.000000000,12.300,48,38,0,1,true,2524
85,11,rest,0,68.502512129,68.508474468,2524,0.000000000,12.300,48,37,0,1,true,2524
85,11,rest,0,68.514586064,68.520422512,2524,0.000000000,12.300,48,38,0,1,true,2524
85,11,rest,0,68.526421533,68.532678961,2524,0.000000000,12.300,48,38,0,1,true,2524
85,11,rest,0,68.538443447,68.544581164,2524,0.000000000,12.300,48,37,0,1,true,2524
85,11,rest,0,68.550405563,68.556493918,2524,0.000000000,12.300,48,37,0,1,true,2524
85,11,rest,0,68.562456234,68.568685807,2524,0.000000000,12.300,48,37,0,1,true,2524
85,11,rest,0,68.574428440,68.580564327,2524,0.000000000,12.300,48,37,0,1,true,2524
85,11,rest,0,68.586400397,68.592629143,2524,0.000000000,12.300,48,38,0,1,true,2524
85,11,rest,0,68.598388455,68.604475275,2524,0.000000000,12.300,48,38,0,1,true,2524
85,11,rest,0,68.610446736,68.616555347,2524,0.000000000,12.300,48,37,0,1,true,2524
85,11,rest,0,68.622549486,68.628525797,2524,0.000000000,12.300,48,37,0,1,true,2524
85,11,rest,0,68.634410800,68.641200363,2524,0.000000000,12.300,48,37,0,1,true,2524
86,11,pulse,25,68.730534450,68.736471775,2524,0.000000000,12.300,48,38,0,0,true,2524
86,11,pulse,25,68.742397156,68.748454513,2524,0.000000000,12.300,48,40,0,0,true,2524
86,11,pulse,25,68.754597864,68.760281782,2524,0.000000000,12.300,48,40,0,0,true,2524
86,11,pulse,25,68.766316686,68.772362165,2524,0.000000000,12.300,48,41,0,0,true,2524
86,11,pulse,25,68.778305987,68.784353372,2524,0.000000000,12.300,48,41,0,0,true,2524
86,11,pulse,25,68.790345856,68.796400427,2524,0.000000000,12.300,48,41,0,0,true,2524
86,11,pulse,25,68.802298500,68.808231895,2524,0.000000000,12.300,48,42,0,0,true,2524
86,11,pulse,25,68.814382003,68.820229431,2524,0.000000000,12.300,48,41,0,0,true,2524
86,11,rest,0,68.832661379,68.838427990,2524,0.000000000,12.300,48,39,0,1,true,2524
86,11,rest,0,68.845166888,68.850667285,2524,0.000000000,12.300,48,39,0,1,true,2524
86,11,rest,0,68.856598120,68.862462355,2524,0.000000000,12.300,48,38,0,1,true,2524
86,11,rest,0,68.869033277,68.874444104,2524,0.000000000,12.300,48,38,0,1,true,2524
86,11,rest,0,68.880307427,68.887101742,2524,0.000000000,12.300,48,37,0,1,true,2524
86,11,rest,0,68.892457155,68.898413116,2524,0.000000000,12.300,48,38,0,1,true,2524
86,11,rest,0,68.904323143,68.910562376,2524,0.000000000,12.300,48,37,0,1,true,2524
86,11,rest,0,68.916393327,68.922292235,2524,0.000000000,12.300,48,37,0,1,true,2524
86,11,rest,0,68.928345617,68.935142668,2524,0.000000000,12.300,48,37,0,1,true,2524
86,11,rest,0,68.940768087,68.947305954,2524,0.000000000,12.300,48,37,0,1,true,2524
86,11,rest,0,68.953003660,68.958461024,2524,0.000000000,12.300,48,38,0,1,true,2524
86,11,rest,0,68.964467626,68.970467071,2524,0.000000000,12.300,48,37,0,1,true,2524
86,11,rest,0,68.976282612,68.982406969,2524,0.000000000,12.300,48,37,0,1,true,2524
86,11,rest,0,68.988452956,68.994352857,2524,0.000000000,12.300,48,37,0,1,true,2524
86,11,rest,0,69.000373942,69.006484116,2524,0.000000000,12.300,48,37,0,1,true,2524
86,11,rest,0,69.012948291,69.018931664,2524,0.000000000,12.300,48,38,0,1,true,2524
86,11,rest,0,69.024456053,69.030465172,2524,0.000000000,12.300,48,37,0,1,true,2524
86,11,rest,0,69.036464716,69.042609124,2524,0.000000000,12.300,48,37,0,1,true,2524
86,11,rest,0,69.048631451,69.054435757,2524,0.000000000,12.300,48,37,0,1,true,2524
86,11,rest,0,69.060522773,69.066396992,2524,0.000000000,12.300,48,37,0,1,true,2524
86,11,rest,0,69.072592100,69.078449854,2524,0.000000000,12.300,48,37,0,1,true,2524
86,11,rest,0,69.084489946,69.090238411,2524,0.000000000,12.300,48,37,0,1,true,2524
86,11,rest,0,69.096230926,69.102485484,2524,0.000000000,12.300,48,37,0,1,true,2524
86,11,rest,0,69.108288419,69.114393666,2524,0.000000000,12.300,48,37,0,1,true,2524
86,11,rest,0,69.120402685,69.126566531,2524,0.000000000,12.300,48,37,0,1,true,2524
86,11,rest,0,69.132349613,69.138462267,2524,0.000000000,12.300,48,37,0,1,true,2524
86,11,rest,0,69.144470168,69.150634263,2524,0.000000000,12.300,48,37,0,1,true,2524
86,11,rest,0,69.156424507,69.162422706,2524,0.000000000,12.300,48,36,0,1,true,2524
86,11,rest,0,69.168557763,69.174331426,2524,0.000000000,12.300,48,37,0,1,true,2524
86,11,rest,0,69.180421973,69.186476214,2524,0.000000000,12.300,48,36,0,1,true,2524
86,11,rest,0,69.192299556,69.198298046,2524,0.000000000,12.300,48,37,0,1,true,2524
86,11,rest,0,69.204246025,69.210321521,2524,0.000000000,12.300,48,38,0,1,true,2524
86,11,rest,0,69.216222555,69.222427185,2524,0.000000000,12.300,48,38,0,1,true,2524
86,11,rest,0,69.228812121,69.234598510,2524,0.000000000,12.300,48,37,0,1,true,2524
86,11,rest,0,69.240882225,69.246858701,2524,0.000000000,12.300,48,37,0,1,true,2524
86,11,rest,0,69.252712553,69.258571163,2524,0.000000000,12.300,48,37,0,1,true,2524
86,11,rest,0,69.264391157,69.270284235,2524,0.000000000,12.300,48,37,0,1,true,2524
86,11,rest,0,69.276319334,69.282369703,2524,0.000000000,12.300,48,37,0,1,true,2524
86,11,rest,0,69.288322011,69.294319534,2524,0.000000000,12.300,48,37,0,1,true,2524
86,11,rest,0,69.300196519,69.306138620,2524,0.000000000,12.300,48,37,0,1,true,2524
86,11,rest,0,69.312270097,69.318323180,2524,0.000000000,12.300,48,37,0,1,true,2524
86,11,rest,0,69.324474410,69.330491516,2524,0.000000000,12.300,48,37,0,1,true,2524
86,11,rest,0,69.336411657,69.342626460,2524,0.000000000,12.300,48,38,0,1,true,2524
86,11,rest,0,69.349099994,69.354815980,2524,0.000000000,12.300,48,38,0,1,true,2524
86,11,rest,0,69.360350642,69.366456851,2524,0.000000000,12.300,48,37,0,1,true,2524
86,11,rest,0,69.372440823,69.378282967,2524,0.000000000,12.300,48,38,0,1,true,2524
86,11,rest,0,69.385070040,69.390486906,2524,0.000000000,12.300,48,38,0,1,true,2524
86,11,rest,0,69.396495852,69.402243525,2524,0.000000000,12.300,48,37,0,1,true,2524
86,11,rest,0,69.408458032,69.414319591,2524,0.000000000,12.300,48,37,0,1,true,2524
86,11,rest,0,69.420636315,69.426779685,2524,0.000000000,12.300,48,37,0,1,true,2524
87,11,pulse,-25,69.516184993,69.522452064,2524,0.000000000,12.400,48,38,0,0,true,2524
87,11,pulse,-25,69.528239475,69.534266836,2524,0.000000000,12.300,48,40,0,0,true,2524
87,11,pulse,-25,69.540274987,69.546367847,2524,0.000000000,12.300,48,42,0,0,true,2524
87,11,pulse,-25,69.552143071,69.558319560,2524,0.000000000,12.300,48,42,0,0,true,2524
87,11,pulse,-25,69.564116360,69.570209685,2524,0.000000000,12.300,48,43,0,0,true,2524
87,11,pulse,-25,69.576193749,69.582235086,2524,0.000000000,12.300,48,43,0,0,true,2524
87,11,pulse,-25,69.588179201,69.594189656,2524,0.000000000,12.300,48,43,0,0,true,2524
87,11,pulse,-25,69.600328418,69.606296505,2524,0.000000000,12.300,48,43,0,0,true,2524
87,11,rest,0,69.618279605,69.624162979,2524,0.000000000,12.300,48,40,0,1,true,2524
87,11,rest,0,69.630142905,69.636203562,2524,0.000000000,12.300,48,39,0,1,true,2524
87,11,rest,0,69.642288413,69.648337365,2524,0.000000000,12.300,48,38,0,1,true,2524
87,11,rest,0,69.654260310,69.660320898,2524,0.000000000,12.300,48,38,0,1,true,2524
87,11,rest,0,69.666354245,69.672575128,2524,0.000000000,12.300,48,37,0,1,true,2524
87,11,rest,0,69.678156130,69.684415979,2524,0.000000000,12.300,48,38,0,1,true,2524
87,11,rest,0,69.690259311,69.696316614,2524,0.000000000,12.300,48,37,0,1,true,2524
87,11,rest,0,69.702298968,69.708359992,2524,0.000000000,12.300,48,37,0,1,true,2524
87,11,rest,0,69.714120019,69.720178610,2524,0.000000000,12.300,48,37,0,1,true,2524
87,11,rest,0,69.726359212,69.732132466,2524,0.000000000,12.300,48,37,0,1,true,2524
87,11,rest,0,69.738124656,69.744340797,2524,0.000000000,12.300,48,37,0,1,true,2524
87,11,rest,0,69.751013193,69.757033429,2524,0.000000000,12.300,48,37,0,1,true,2524
87,11,rest,0,69.762287066,69.768500229,2524,0.000000000,12.300,48,37,0,1,true,2524
87,11,rest,0,69.774327965,69.780375951,2524,0.000000000,12.300,48,37,0,1,true,2524
87,11,rest,0,69.786293059,69.792154584,2524,0.000000000,12.300,48,38,0,1,true,2524
87,11,rest,0,69.798334819,69.804272815,2524,0.000000000,12.300,48,38,0,1,true,2524
87,11,rest,0,69.810319489,69.816405844,2524,0.000000000,12.300,48,37,0,1,true,2524
87,11,rest,0,69.822438031,69.828122594,2524,0.000000000,12.300,48,37,0,1,true,2524
87,11,rest,0,69.834389159,69.840179863,2524,0.000000000,12.300,48,37,0,1,true,2524
87,11,rest,0,69.846409854,69.852349870,2524,0.000000000,12.300,48,37,0,1,true,2524
87,11,rest,0,69.858326427,69.864170918,2524,0.000000000,12.300,48,37,0,1,true,2524
87,11,rest,0,69.870285602,69.876339774,2524,0.000000000,12.300,48,37,0,1,true,2524
87,11,rest,0,69.882295018,69.888193694,2524,0.000000000,12.300,48,37,0,1,true,2524
87,11,rest,0,69.894283087,69.900206196,2524,0.000000000,12.300,48,37,0,1,true,2524
87,11,rest,0,69.906126394,69.912167657,2524,0.000000000,12.300,48,37,0,1,true,2524
87,11,rest,0,69.918139845,69.924273785,2524,0.000000000,12.300,48,37,0,1,true,2524
87,11,rest,0,69.930817601,69.936719009,2524,0.000000000,12.300,48,37,0,1,true,2524
87,11,rest,0,69.942699393,69.948685113,2524,0.000000000,12.300,48,37,0,1,true,2524
87,11,rest,0,69.954550299,69.960863194,2524,0.000000000,12.300,48,38,0,1,true,2524
87,11,rest,0,69.966308625,69.972256322,2524,0.000000000,12.300,48,37,0,1,true,2524
87,11,rest,0,69.978345725,69.984218605,2524,0.000000000,12.300,48,37,0,1,true,2524
87,11,rest,0,69.990378120,69.996243379,2524,0.000000000,12.300,48,37,0,1,true,2524
87,11,rest,0,70.002144101,70.008371568,2524,0.000000000,12.300,48,38,0,1,true,2524
87,11,rest,0,70.014390645,70.020184009,2524,0.000000000,12.300,48,37,0,1,true,2524
87,11,rest,0,70.026298309,70.032070235,2524,0.000000000,12.300,48,37,0,1,true,2524
87,11,rest,0,70.039021974,70.044394291,2524,0.000000000,12.300,48,37,0,1,true,2524
87,11,rest,0,70.050261698,70.056162895,2524,0.000000000,12.300,48,37,0,1,true,2524
87,11,rest,0,70.062192228,70.068357664,2524,0.000000000,12.300,48,38,0,1,true,2524
87,11,rest,0,70.074375515,70.080591845,2524,0.000000000,12.300,48,37,0,1,true,2524
87,11,rest,0,70.086347317,70.092418074,2524,0.000000000,12.300,48,37,0,1,true,2524
87,11,rest,0,70.098392877,70.104512250,2524,0.000000000,12.300,48,38,0,1,true,2524
87,11,rest,0,70.110271768,70.116427474,2524,0.000000000,12.300,48,37,0,1,true,2524
87,11,rest,0,70.122342669,70.128174718,2524,0.000000000,12.300,48,38,0,1,true,2524
87,11,rest,0,70.134200937,70.140410478,2524,0.000000000,12.300,48,37,0,1,true,2524
87,11,rest,0,70.146393893,70.152422621,2524,0.000000000,12.300,48,37,0,1,true,2524
87,11,rest,0,70.158295656,70.164310123,2524,0.000000000,12.300,48,37,0,1,true,2524
87,11,rest,0,70.170235288,70.176281230,2524,0.000000000,12.300,48,37,0,1,true,2524
87,11,rest,0,70.182240457,70.188210218,2524,0.000000000,12.300,48,37,0,1,true,2524
87,11,rest,0,70.194303369,70.200151136,2524,0.000000000,12.300,48,37,0,1,true,2524
87,11,rest,0,70.206173627,70.212236329,2524,0.000000000,12.300,48,37,0,1,true,2524
88,11,pulse,25,70.302361951,70.308402456,2524,0.000000000,12.300,48,38,0,0,true,2524
88,11,pulse,25,70.314137638,70.320231355,2524,0.000000000,12.300,48,40,0,0,true,2524
88,11,pulse,25,70.326158411,70.332310010,2524,0.000000000,12.300,48,41,0,0,true,2524
88,11,pulse,25,70.338363836,70.344139453,2524,0.000000000,12.300,48,42,0,0,true,2524
88,11,pulse,25,70.350959718,70.356711133,2524,0.000000000,12.300,48,41,0,0,true,2524
88,11,pulse,25,70.362557708,70.368202045,2524,0.000000000,12.300,48,42,0,0,true,2524
88,11,pulse,25,70.374278669,70.380357193,2524,0.000000000,12.300,48,42,0,0,true,2524
88,11,pulse,25,70.386360973,70.392292792,2524,0.000000000,12.300,48,42,0,0,true,2524
88,11,rest,0,70.404233212,70.410083850,2524,0.000000000,12.300,48,39,0,1,true,2524
88,11,rest,0,70.416245652,70.422059383,2524,0.000000000,12.300,48,38,0,1,true,2524
88,11,rest,0,70.428234653,70.434232931,2524,0.000000000,12.300,48,38,0,1,true,2524
88,11,rest,0,70.440550570,70.446456498,2524,0.000000000,12.300,48,38,0,1,true,2524
88,11,rest,0,70.452694328,70.458638872,2524,0.000000000,12.300,48,38,0,1,true,2524
88,11,rest,0,70.464501863,70.470389957,2524,0.000000000,12.300,48,37,0,1,true,2524
88,11,rest,0,70.476234012,70.482180688,2524,0.000000000,12.300,48,37,0,1,true,2524
88,11,rest,0,70.488056293,70.494098553,2524,0.000000000,12.300,48,37,0,1,true,2524
88,11,rest,0,70.500279318,70.506281198,2524,0.000000000,12.300,48,37,0,1,true,2524
88,11,rest,0,70.512093157,70.518493701,2524,0.000000000,12.300,48,37,0,1,true,2524
88,11,rest,0,70.524450562,70.530431912,2524,0.000000000,12.300,48,38,0,1,true,2524
88,11,rest,0,70.536963310,70.542627005,2524,0.000000000,12.300,48,37,0,1,true,2524
88,11,rest,0,70.548786456,70.554608083,2524,0.000000000,12.300,48,37,0,1,true,2524
88,11,rest,0,70.560512771,70.566606628,2524,0.000000000,12.300,48,37,0,1,true,2524
88,11,rest,0,70.572206658,70.578373228,2524,0.000000000,12.300,48,37,0,1,true,2524
88,11,rest,0,70.584180760,70.590239299,2524,0.000000000,12.300,48,37,0,1,true,2524
88,11,rest,0,70.596122489,70.602185686,2524,0.000000000,12.300,48,37,0,1,true,2524
88,11,rest,0,70.608262212,70.614006391,2524,0.000000000,12.300,48,37,0,1,true,2524
88,11,rest,0,70.620052682,70.626065555,2524,0.000000000,12.300,48,37,0,1,true,2524
88,11,rest,0,70.631985092,70.638025659,2524,0.000000000,12.300,48,37,0,1,true,2524
88,11,rest,0,70.644234977,70.650264737,2524,0.000000000,12.300,48,37,0,1,true,2524
88,11,rest,0,70.656077826,70.661997832,2524,0.000000000,12.300,48,37,0,1,true,2524
88,11,rest,0,70.668055767,70.674170610,2524,0.000000000,12.300,48,37,0,1,true,2524
88,11,rest,0,70.679996766,70.686324872,2524,0.000000000,12.300,48,37,0,1,true,2524
88,11,rest,0,70.691996525,70.698008259,2524,0.000000000,12.300,48,37,0,1,true,2524
88,11,rest,0,70.704245601,70.710152198,2524,0.000000000,12.300,48,37,0,1,true,2524
88,11,rest,0,70.716099931,70.722103014,2524,0.000000000,12.300,48,37,0,1,true,2524
88,11,rest,0,70.728078065,70.734221481,2524,0.000000000,12.300,48,37,0,1,true,2524
88,11,rest,0,70.740046757,70.746241087,2524,0.000000000,12.300,48,37,0,1,true,2524
88,11,rest,0,70.752193220,70.758049867,2524,0.000000000,12.300,48,37,0,1,true,2524
88,11,rest,0,70.764263437,70.770253930,2524,0.000000000,12.300,48,37,0,1,true,2524
88,11,rest,0,70.776005514,70.781990437,2524,0.000000000,12.300,48,38,0,1,true,2524
88,11,rest,0,70.787989357,70.794276408,2524,0.000000000,12.300,48,37,0,1,true,2524
88,11,rest,0,70.800121095,70.806028494,2524,0.000000000,12.300,48,37,0,1,true,2524
88,11,rest,0,70.812029896,70.818063909,2524,0.000000000,12.300,48,37,0,1,true,2524
88,11,rest,0,70.824023417,70.830041677,2524,0.000000000,12.300,48,37,0,1,true,2524
88,11,rest,0,70.836051076,70.842056244,2524,0.000000000,12.300,48,37,0,1,true,2524
88,11,rest,0,70.848269920,70.854257117,2524,0.000000000,12.300,48,37,0,1,true,2524
88,11,rest,0,70.860227952,70.866274877,2524,0.000000000,12.300,48,37,0,1,true,2524
88,11,rest,0,70.872100948,70.878030945,2524,0.000000000,12.300,48,38,0,1,true,2524
88,11,rest,0,70.884074775,70.890517175,2524,0.000000000,12.300,48,38,0,1,true,2524
88,11,rest,0,70.895984692,70.902376894,2524,0.000000000,12.300,48,38,0,1,true,2524
88,11,rest,0,70.908828500,70.914408032,2524,0.000000000,12.300,48,38,0,1,true,2524
88,11,rest,0,70.920049890,70.926063123,2524,0.000000000,12.300,48,37,0,1,true,2524
88,11,rest,0,70.932243657,70.938246412,2524,0.000000000,12.300,48,37,0,1,true,2524
88,11,rest,0,70.944131795,70.950144543,2524,0.000000000,12.300,48,38,0,1,true,2524
88,11,rest,0,70.956081847,70.962272727,2524,0.000000000,12.300,48,37,0,1,true,2524
88,11,rest,0,70.968249112,70.974248191,2524,0.000000000,12.300,48,37,0,1,true,2524
88,11,rest,0,70.980130757,70.986212275,2524,0.000000000,12.300,48,37,0,1,true,2524
88,11,rest,0,70.991950727,70.998272467,2524,0.000000000,12.300,48,37,0,1,true,2524
89,11,pulse,-25,71.088269953,71.094080129,2524,0.000000000,12.300,48,38,0,0,true,2524
89,11,pulse,-25,71.100042725,71.106049338,2524,0.000000000,12.300,48,40,0,0,true,2524
89,11,pulse,-25,71.112380786,71.118288201,2524,0.000000000,12.300,48,41,0,0,true,2524
89,11,pulse,-25,71.124076354,71.130168301,2524,0.000000000,12.300,48,42,0,0,true,2524
89,11,pulse,-25,71.136070581,71.142424624,2524,0.000000000,12.300,48,42,0,0,true,2524
89,11,pulse,-25,71.149019889,71.154616806,2524,0.000000000,12.300,48,42,0,0,true,2524
89,11,pulse,-25,71.160605934,71.166721273,2524,0.000000000,12.300,48,42,0,0,true,2524
89,11,pulse,-25,71.172253226,71.178203851,2524,0.000000000,12.300,48,43,0,0,true,2524
89,11,rest,0,71.190170034,71.196153734,2524,0.000000000,12.300,48,40,0,1,true,2524
89,11,rest,0,71.202430076,71.208429306,2524,0.000000000,12.300,48,38,0,1,true,2524
89,11,rest,0,71.214083911,71.220159637,2524,0.000000000,12.300,48,38,0,1,true,2524
89,11,rest,0,71.226260241,71.232393367,2524,0.000000000,12.300,48,38,0,1,true,2524
89,11,rest,0,71.238309859,71.244389755,2524,0.000000000,12.300,48,37,0,1,true,2524
89,11,rest,0,71.250392691,71.256700195,2524,0.000000000,12.300,48,37,0,1,true,2524
89,11,rest,0,71.262515185,71.268196656,2524,0.000000000,12.300,48,37,0,1,true,2524
89,11,rest,0,71.274274211,71.280126013,2524,0.000000000,12.300,48,36,0,1,true,2524
89,11,rest,0,71.285936796,71.292138139,2524,0.000000000,12.300,48,37,0,1,true,2524
89,11,rest,0,71.298173312,71.304160329,2524,0.000000000,12.300,48,36,0,1,true,2524
89,11,rest,0,71.310205090,71.316249498,2524,0.000000000,12.300,48,36,0,1,true,2524
89,11,rest,0,71.322040484,71.328090767,2524,0.000000000,12.300,48,37,0,1,true,2524
89,11,rest,0,71.334043298,71.340115656,2524,0.000000000,12.300,48,38,0,1,true,2524
89,11,rest,0,71.345993520,71.352046083,2524,0.000000000,12.300,48,37,0,1,true,2524
89,11,rest,0,71.358265515,71.363975561,2524,0.000000000,12.300,48,37,0,1,true,2524
89,11,rest,0,71.370057700,71.376163287,2524,0.000000000,12.300,48,37,0,1,true,2524
89,11,rest,0,71.382091341,71.388228326,2524,0.000000000,12.300,48,37,0,1,true,2524
89,11,rest,0,71.394084501,71.400069647,2524,0.000000000,12.300,48,37,0,1,true,2524
89,11,rest,0,71.406216788,71.412249096,2524,0.000000000,12.300,48,37,0,1,true,2524
89,11,rest,0,71.418031553,71.424133098,2524,0.000000000,12.300,48,37,0,1,true,2524
89,11,rest,0,71.430039676,71.436081241,2524,0.000000000,12.300,48,36,0,1,true,2524
89,11,rest,0,71.441970164,71.448008867,2524,0.000000000,12.300,48,37,0,1,true,2524
89,11,rest,0,71.453966945,71.460194601,2524,0.000000000,12.300,48,37,0,1,true,2524
89,11,rest,0,71.466103386,71.472168176,2524,0.000000000,12.300,48,37,0,1,true,2524
89,11,rest,0,71.478090337,71.484172271,2524,0.000000000,12.300,48,37,0,1,true,2524
89,11,rest,0,71.490024032,71.496009266,2524,0.000000000,12.300,48,37,0,1,true,2524
89,11,rest,0,71.502177901,71.508219483,2524,0.000000000,12.300,48,37,0,1,true,2524
89,11,rest,0,71.514172344,71.520238393,2524,0.000000000,12.300,48,37,0,1,true,2524
89,11,rest,0,71.526214623,71.532008355,2524,0.000000000,12.300,48,37,0,1,true,2524
89,11,rest,0,71.538051148,71.544874690,2524,0.000000000,12.300,48,37,0,1,true,2524
89,11,rest,0,71.550808476,71.556567656,2524,0.000000000,12.300,48,37,0,1,true,2524
89,11,rest,0,71.562383390,71.568399839,2524,0.000000000,12.300,48,37,0,1,true,2524
89,11,rest,0,71.573970568,71.580291315,2524,0.000000000,12.300,48,37,0,1,true,2524
89,11,rest,0,71.586179988,71.592111143,2524,0.000000000,12.300,48,37,0,1,true,2524
89,11,rest,0,71.598032494,71.604096039,2524,0.000000000,12.300,48,37,0,1,true,2524
89,11,rest,0,71.610027180,71.616167375,2524,0.000000000,12.300,48,37,0,1,true,2524
89,11,rest,0,71.621978165,71.628149810,2524,0.000000000,12.300,48,37,0,1,true,2524
89,11,rest,0,71.634069626,71.640399719,2524,0.000000000,12.300,48,37,0,1,true,2524
89,11,rest,0,71.646389320,71.652373385,2524,0.000000000,12.300,48,37,0,1,true,2524
89,11,rest,0,71.658324645,71.664946086,2524,0.000000000,12.300,48,37,0,1,true,2524
89,11,rest,0,71.670344829,71.676211135,2524,0.000000000,12.300,48,37,0,1,true,2524
89,11,rest,0,71.682208943,71.688237180,2524,0.000000000,12.300,48,37,0,1,true,2524
89,11,rest,0,71.694229648,71.700525326,2524,0.000000000,12.300,48,37,0,1,true,2524
89,11,rest,0,71.706276975,71.712238686,2524,0.000000000,12.300,48,37,0,1,true,2524
89,11,rest,0,71.718249628,71.724065890,2524,0.000000000,12.300,48,37,0,1,true,2524
89,11,rest,0,71.730115178,71.736028173,2524,0.000000000,12.300,48,37,0,1,true,2524
89,11,rest,0,71.742035914,71.748172458,2524,0.000000000,12.300,48,37,0,1,true,2524
89,11,rest,0,71.754943670,71.760242450,2524,0.000000000,12.300,48,38,0,1,true,2524
89,11,rest,0,71.766205650,71.772153905,2524,0.000000000,12.300,48,37,0,1,true,2524
89,11,rest,0,71.778337812,71.784147615,2524,0.000000000,12.300,48,37,0,1,true,2524
90,11,pulse,50,71.874374777,71.880324283,2524,0.000000000,12.300,48,42,0,0,true,2524
90,11,pulse,50,71.886191273,71.892099288,2524,0.000000000,12.300,48,45,0,0,true,2524
90,11,pulse,50,71.898047422,71.904165809,2524,0.000000000,12.300,48,46,0,0,true,2524
90,11,pulse,50,71.910410898,71.916453177,2524,0.000000000,12.300,48,45,0,0,true,2524
90,11,pulse,50,71.922322469,71.928341790,2525,0.000000000,12.300,48,45,0,0,true,2525
90,11,pulse,50,71.934451257,71.940490057,2526,0.153398079,12.300,48,45,0,0,true,2526
90,11,pulse,50,71.946463175,71.952514270,2528,0.153398079,12.300,48,46,0,0,true,2528
90,11,pulse,50,71.958449424,71.964369442,2529,0.153398079,12.300,48,45,0,0,true,2529
90,11,rest,0,71.976281098,71.982337296,2531,0.230097118,12.300,48,41,0,1,true,2531
90,11,rest,0,71.988173658,71.994320231,2531,0.000000000,12.300,48,40,0,1,true,2531
90,11,rest,0,72.000308763,72.006343744,2531,0.000000000,12.300,48,38,0,1,true,2531
90,11,rest,0,72.012273689,72.018116384,2531,0.000000000,12.300,48,37,0,1,true,2531
90,11,rest,0,72.024625574,72.030113442,2531,0.000000000,12.300,48,38,0,1,true,2531
90,11,rest,0,72.036171695,72.042149413,2531,0.000000000,12.300,48,37,0,1,true,2531
90,11,rest,0,72.048199708,72.054080663,2531,0.000000000,12.300,48,37,0,1,true,2531
90,11,rest,0,72.060111766,72.066040959,2531,0.000000000,12.300,48,37,0,1,true,2531
90,11,rest,0,72.072121939,72.078128764,2531,0.000000000,12.300,48,37,0,1,true,2531
90,11,rest,0,72.084069436,72.089915814,2531,0.000000000,12.300,48,37,0,1,true,2531
90,11,rest,0,72.096192345,72.102065801,2531,0.000000000,12.300,48,37,0,1,true,2531
90,11,rest,0,72.108143388,72.114193783,2531,0.000000000,12.300,48,38,0,1,true,2531
90,11,rest,0,72.120095368,72.126065380,2531,0.000000000,12.300,48,37,0,1,true,2531
90,11,rest,0,72.131984174,72.138197090,2531,0.000000000,12.300,48,37,0,1,true,2531
90,11,rest,0,72.144012674,72.150180461,2531,0.000000000,12.300,48,38,0,1,true,2531
90,11,rest,0,72.156019008,72.162033387,2531,0.000000000,12.300,48,37,0,1,true,2531
90,11,rest,0,72.168122526,72.173952202,2531,0.000000000,12.300,48,37,0,1,true,2531
90,11,rest,0,72.179958280,72.186230239,2531,0.000000000,12.300,48,37,0,1,true,2531
90,11,rest,0,72.192133812,72.198699713,2531,0.000000000,12.300,48,36,0,1,true,2531
90,11,rest,0,72.204384584,72.210145952,2531,0.000000000,12.300,48,37,0,1,true,2531
90,11,rest,0,72.216074814,72.221908841,2531,0.000000000,12.300,48,37,0,1,true,2531
90,11,rest,0,72.227817044,72.234064486,2531,0.000000000,12.300,48,37,0,1,true,2531
90,11,rest,0,72.240069768,72.245981982,2531,0.000000000,12.300,48,37,0,1,true,2531
90,11,rest,0,72.252329338,72.258406129,2531,0.000000000,12.300,48,37,0,1,true,2531
90,11,rest,0,72.264394710,72.270470121,2531,0.000000000,12.300,48,37,0,1,true,2531
90,11,rest,0,72.276283763,72.282064474,2531,0.000000000,12.300,48,37,0,1,true,2531
90,11,rest,0,72.288004588,72.294134686,2531,0.000000000,12.300,48,37,0,1,true,2531
90,11,rest,0,72.299909501,72.306147994,2531,0.000000000,12.300,48,37,0,1,true,2531
90,11,rest,0,72.312226481,72.317946256,2531,0.000000000,12.300,48,37,0,1,true,2531
90,11,rest,0,72.324059529,72.329951969,2531,0.000000000,12.300,48,38,0,1,true,2531
90,11,rest,0,72.335967619,72.342172341,2531,0.000000000,12.300,48,38,0,1,true,2531
90,11,rest,0,72.348225958,72.354391684,2531,0.000000000,12.300,48,37,0,1,true,2531
90,11,rest,0,72.360317085,72.366282198,2531,0.000000000,12.300,48,37,0,1,true,2531
90,11,rest,0,72.372280296,72.378060403,2531,0.000000000,12.300,48,37,0,1,true,2531
90,11,rest,0,72.384008662,72.390040714,2531,0.000000000,12.300,48,37,0,1,true,2531
90,11,rest,0,72.395972138,72.402000822,2531,0.000000000,12.300,48,37,0,1,true,2531
90,11,rest,0,72.407953753,72.413992126,2531,0.000000000,12.300,48,37,0,1,true,2531
90,11,rest,0,72.419908924,72.426330939,2531,0.000000000,12.300,48,37,0,1,true,2531
90,11,rest,0,72.432087974,72.438105202,2531,0.000000000,12.300,48,37,0,1,true,2531
90,11,rest,0,72.444864356,72.450418387,2531,0.000000000,12.300,48,37,0,1,true,2531
90,11,rest,0,72.456542141,72.462486729,2531,0.000000000,12.300,48,37,0,1,true,2531
90,11,rest,0,72.468308963,72.474272129,2531,0.000000000,12.300,48,38,0,1,true,2531
90,11,rest,0,72.480101960,72.486052752,2531,0.000000000,12.300,48,37,0,1,true,2531
90,11,rest,0,72.492169108,72.498013993,2531,0.000000000,12.300,48,37,0,1,true,2531
90,11,rest,0,72.504090067,72.509994135,2531,0.000000000,12.300,48,37,0,1,true,2531
90,11,rest,0,72.516095436,72.522052992,2531,0.000000000,12.300,48,37,0,1,true,2531
90,11,rest,0,72.528047559,72.533918787,2531,0.000000000,12.300,48,37,0,1,true,2531
90,11,rest,0,72.539909477,72.546004135,2531,0.000000000,12.300,48,37,0,1,true,2531
90,11,rest,0,72.552244131,72.558571789,2531,0.000000000,12.300,48,37,0,1,true,2531
90,11,rest,0,72.564507267,72.570283732,2531,0.000000000,12.300,48,37,0,1,true,2531
91,11,pulse,-50,72.659997738,72.666451863,2531,0.000000000,12.300,48,41,0,0,true,2531
91,11,pulse,-50,72.672222068,72.678261679,2531,0.000000000,12.300,48,45,0,0,true,2531
91,11,pulse,-50,72.683965712,72.689940588,2531,0.000000000,12.300,48,47,0,0,true,2531
91,11,pulse,-50,72.695914215,72.702004078,2530,0.000000000,12.300,48,47,0,0,true,2530
91,11,pulse,-50,72.708000111,72.714073835,2530,-0.076699039,12.300,48,46,0,0,true,2530
91,11,pulse,-50,72.719843364,72.725846859,2529,-0.153398079,12.300,48,46,0,0,true,2529
91,11,pulse,-50,72.732033295,72.738079385,2528,-0.153398079,12.300,48,46,0,0,true,2528
91,11,pulse,-50,72.744043317,72.749877655,2527,-0.153398079,12.300,48,46,0,0,true,2527
91,11,rest,0,72.762097519,72.768891138,2525,-0.076699039,12.300,48,42,0,1,true,2525
91,11,rest,0,72.774429731,72.780268678,2524,-0.076699039,12.300,48,39,0,1,true,2524
91,11,rest,0,72.786090092,72.792013548,2524,-0.153398079,12.300,48,38,0,1,true,2524
91,11,rest,0,72.797954439,72.804102278,2524,0.000000000,12.300,48,38,0,1,true,2524
91,11,rest,0,72.810185533,72.816226832,2524,0.000000000,12.300,48,37,0,1,true,2524
91,11,rest,0,72.821976414,72.828062131,2524,0.000000000,12.300,48,37,0,1,true,2524
91,11,rest,0,72.834108541,72.840123839,2524,0.000000000,12.300,48,38,0,1,true,2524
91,11,rest,0,72.845941335,72.852087602,2524,0.000000000,12.300,48,37,0,1,true,2524
91,11,rest,0,72.858117409,72.864238032,2524,0.000000000,12.300,48,37,0,1,true,2524
91,11,rest,0,72.869988636,72.875871622,2524,0.000000000,12.300,48,37,0,1,true,2524
91,11,rest,0,72.882084757,72.888086693,2524,0.000000000,12.300,48,37,0,1,true,2524
91,11,rest,0,72.893885942,72.899953283,2524,0.000000000,12.300,48,37,0,1,true,2524
91,11,rest,0,72.905877287,72.912013626,2524,0.000000000,12.300,48,38,0,1,true,2524
91,11,rest,0,72.917890899,72.923860908,2524,0.000000000,12.300,48,37,0,1,true,2524
91,11,rest,0,72.929743749,72.935757486,2524,0.000000000,12.300,48,37,0,1,true,2524
91,11,rest,0,72.941997504,72.948067160,2524,0.000000000,12.300,48,37,0,1,true,2524
91,11,rest,0,72.953886817,72.960028242,2524,0.000000000,12.300,48,37,0,1,true,2524
91,11,rest,0,72.966063467,72.972120605,2524,0.000000000,12.300,48,37,0,1,true,2524
91,11,rest,0,72.978024538,72.984077887,2524,0.000000000,12.300,48,37,0,1,true,2524
91,11,rest,0,72.989936798,72.995952414,2524,0.000000000,12.300,48,37,0,1,true,2524
91,11,rest,0,73.001917498,73.008189717,2524,0.000000000,12.300,48,37,0,1,true,2524
91,11,rest,0,73.013913148,73.019881768,2524,0.000000000,12.300,48,38,0,1,true,2524
91,11,rest,0,73.026101672,73.031942691,2524,0.000000000,12.300,48,37,0,1,true,2524
91,11,rest,0,73.037949133,73.044001617,2524,0.000000000,12.300,48,37,0,1,true,2524
91,11,rest,0,73.050011526,73.056106012,2524,0.000000000,12.300,48,37,0,1,true,2524
91,11,rest,0,73.062057423,73.067869360,2524,0.000000000,12.300,48,37,0,1,true,2524
91,11,rest,0,73.073997042,73.079911763,2524,0.000000000,12.300,48,37,0,1,true,2524
91,11,rest,0,73.085844312,73.091955210,2524,0.000000000,12.300,48,37,0,1,true,2524
91,11,rest,0,73.098128631,73.104105309,2524,0.000000000,12.300,48,37,0,1,true,2524
91,11,rest,0,73.109910217,73.115857004,2524,0.000000000,12.300,48,37,0,1,true,2524
91,11,rest,0,73.122021247,73.128056258,2524,0.000000000,12.300,48,37,0,1,true,2524
91,11,rest,0,73.134012316,73.140056748,2524,0.000000000,12.300,48,37,0,1,true,2524
91,11,rest,0,73.146184874,73.151971655,2524,0.000000000,12.300,48,37,0,1,true,2524
91,11,rest,0,73.158118645,73.164164948,2524,0.000000000,12.300,48,37,0,1,true,2524
91,11,rest,0,73.169872548,73.175899942,2524,0.000000000,12.300,48,37,0,1,true,2524
91,11,rest,0,73.181970601,73.187913795,2524,0.000000000,12.300,48,37,0,1,true,2524
91,11,rest,0,73.194000170,73.200771177,2524,0.000000000,12.300,48,37,0,1,true,2524
91,11,rest,0,73.206360085,73.212033615,2524,0.000000000,12.300,48,37,0,1,true,2524
91,11,rest,0,73.218279037,73.224738999,2524,0.000000000,12.300,48,37,0,1,true,2524
91,11,rest,0,73.230395212,73.236382096,2524,0.000000000,12.300,48,36,0,1,true,2524
91,11,rest,0,73.242439963,73.248448379,2524,0.000000000,12.300,48,37,0,1,true,2524
91,11,rest,0,73.253916502,73.260072563,2524,0.000000000,12.300,48,37,0,1,true,2524
91,11,rest,0,73.265882697,73.271865058,2524,0.000000000,12.300,48,37,0,1,true,2524
91,11,rest,0,73.277855662,73.283938212,2524,0.000000000,12.300,48,37,0,1,true,2524
91,11,rest,0,73.289951867,73.296059546,2524,0.000000000,12.300,48,37,0,1,true,2524
91,11,rest,0,73.302189845,73.308126585,2524,0.000000000,12.300,48,37,0,1,true,2524
91,11,rest,0,73.314002297,73.320000712,2524,0.000000000,12.300,48,37,0,1,true,2524
91,11,rest,0,73.325976007,73.332227186,2524,0.000000000,12.300,48,37,0,1,true,2524
91,11,rest,0,73.338420952,73.344444304,2524,0.000000000,12.300,48,37,0,1,true,2524
91,11,rest,0,73.350102274,73.356021748,2524,0.000000000,12.300,48,38,0,1,true,2524
92,11,pulse,50,73.445917383,73.451886566,2524,0.000000000,12.300,48,41,0,0,true,2524
92,11,pulse,50,73.457976552,73.463731528,2524,0.000000000,12.300,48,45,0,0,true,2524
92,11,pulse,50,73.470133350,73.476113666,2524,0.000000000,12.300,49,45,0,0,true,2524
92,11,pulse,50,73.481862152,73.487962052,2525,0.000000000,12.300,48,46,0,0,true,2525
92,11,pulse,50,73.494077206,73.500004497,2526,0.076699039,12.300,48,45,0,0,true,2526
92,11,pulse,50,73.505935941,73.512018110,2527,0.153398079,12.300,48,45,0,0,true,2527
92,11,pulse,50,73.518174556,73.524612401,2528,0.153398079,12.300,48,45,0,0,true,2528
92,11,pulse,50,73.530464213,73.536813863,2530,0.153398079,12.300,48,46,0,0,true,2530
92,11,rest,0,73.548043187,73.553824096,2532,0.076699039,12.300,48,41,0,1,true,2532
92,11,rest,0,73.559970629,73.565777696,2532,0.076699039,12.300,48,39,0,1,true,2532
92,11,rest,0,73.571904381,73.577986060,2532,0.000000000,12.300,48,38,0,1,true,2532
92,11,rest,0,73.584029692,73.589915554,2532,0.000000000,12.300,49,37,0,1,true,2532
92,11,rest,0,73.595820722,73.601794271,2532,0.000000000,12.300,48,37,0,1,true,2532
92,11,rest,0,73.607929056,73.614016163,2532,0.000000000,12.300,48,37,0,1,true,2532
92,11,rest,0,73.620057481,73.625884294,2532,0.000000000,12.300,48,37,0,1,true,2532
92,11,rest,0,73.632245125,73.638120116,2532,0.000000000,12.300,48,37,0,1,true,2532
92,11,rest,0,73.644218127,73.650120005,2532,0.000000000,12.300,48,38,0,1,true,2532
92,11,rest,0,73.656010333,73.661848238,2532,0.000000000,12.300,48,38,0,1,true,2532
92,11,rest,0,73.667856981,73.673982421,2532,0.000000000,12.300,48,37,0,1,true,2532
92,11,rest,0,73.679900580,73.685767128,2532,0.000000000,12.300,48,37,0,1,true,2532
92,11,rest,0,73.691929050,73.698010539,2532,0.000000000,12.300,49,37,0,1,true,2532
92,11,rest,0,73.704748862,73.710055021,2532,0.000000000,12.300,49,37,0,1,true,2532
92,11,rest,0,73.715992736,73.722004944,2532,0.000000000,12.300,48,37,0,1,true,2532
92,11,rest,0,73.728020311,73.734149504,2532,0.000000000,12.300,49,37,0,1,true,2532
92,11,rest,0,73.740162855,73.745919270,2532,0.000000000,12.300,49,37,0,1,true,2532
92,11,rest,0,73.752145998,73.757912299,2532,0.000000000,12.300,49,37,0,1,true,2532
92,11,rest,0,73.764025852,73.770050891,2532,0.000000000,12.300,49,37,0,1,true,2532
92,11,rest,0,73.775923598,73.782004053,2532,0.000000000,12.300,48,37,0,1,true,2532
92,11,rest,0,73.787748351,73.793928133,2532,0.000000000,12.300,48,37,0,1,true,2532
92,11,rest,0,73.799786540,73.805821386,2532,0.000000000,12.300,49,37,0,1,true,2532
92,11,rest,0,73.811744145,73.817746055,2532,0.000000000,12.300,48,37,0,1,true,2532
92,11,rest,0,73.823904124,73.830141632,2532,0.000000000,12.300,48,37,0,1,true,2532
92,11,rest,0,73.835924524,73.841974935,2532,0.000000000,12.300,48,38,0,1,true,2532
92,11,rest,0,73.847920092,73.853758132,2532,0.000000000,12.300,49,37,0,1,true,2532
92,11,rest,0,73.859794201,73.865898692,2532,0.000000000,12.300,48,37,0,1,true,2532
92,11,rest,0,73.871835711,73.877676505,2532,0.000000000,12.300,49,37,0,1,true,2532
92,11,rest,0,73.883890147,73.889770653,2532,0.000000000,12.300,49,37,0,1,true,2532
92,11,rest,0,73.895908892,73.901933641,2532,0.000000000,12.300,49,37,0,1,true,2532
92,11,rest,0,73.907901317,73.914003337,2532,0.000000000,12.300,48,37,0,1,true,2532
92,11,rest,0,73.919782500,73.925888422,2532,0.000000000,12.300,49,37,0,1,true,2532
92,11,rest,0,73.931928109,73.938015970,2532,0.000000000,12.300,49,37,0,1,true,2532
92,11,rest,0,73.943878482,73.949784470,2532,0.000000000,12.300,48,37,0,1,true,2532
92,11,rest,0,73.956129543,73.961853116,2532,0.000000000,12.300,49,38,0,1,true,2532
92,11,rest,0,73.967884757,73.973597842,2532,0.000000000,12.300,49,37,0,1,true,2532
92,11,rest,0,73.979622200,73.985753044,2532,0.000000000,12.300,49,37,0,1,true,2532
92,11,rest,0,73.991737823,73.998043916,2532,0.000000000,12.300,49,37,0,1,true,2532
92,11,rest,0,74.003775229,74.009918344,2532,0.000000000,12.300,49,37,0,1,true,2532
92,11,rest,0,74.015935418,74.022021449,2532,0.000000000,12.300,49,37,0,1,true,2532
92,11,rest,0,74.027785010,74.034006417,2532,0.000000000,12.300,49,37,0,1,true,2532
92,11,rest,0,74.039784448,74.046040543,2532,0.000000000,12.300,49,37,0,1,true,2532
92,11,rest,0,74.051803020,74.057710978,2532,0.000000000,12.300,49,37,0,1,true,2532
92,11,rest,0,74.063898924,74.070021995,2532,0.000000000,12.300,49,38,0,1,true,2532
92,11,rest,0,74.075975564,74.081789229,2532,0.000000000,12.300,49,37,0,1,true,2532
92,11,rest,0,74.087822095,74.093938808,2532,0.000000000,12.300,49,37,0,1,true,2532
92,11,rest,0,74.100009321,74.105853251,2532,0.000000000,12.300,49,37,0,1,true,2532
92,11,rest,0,74.111866461,74.118194787,2532,0.000000000,12.300,49,37,0,1,true,2532
92,11,rest,0,74.123864361,74.130180881,2532,0.000000000,12.300,49,37,0,1,true,2532
92,11,rest,0,74.135956766,74.142051940,2532,0.000000000,12.300,49,37,0,1,true,2532
93,11,pulse,-50,74.232293329,74.237985307,2532,0.000000000,12.300,49,42,0,0,true,2532
93,11,pulse,-50,74.244208837,74.250237744,2532,0.000000000,12.300,49,45,0,0,true,2532
93,11,pulse,-50,74.255756479,74.261815852,2531,-0.076699039,12.300,49,46,0,0,true,2531
93,11,pulse,-50,74.267999791,74.273903026,2531,0.000000000,12.300,49,47,0,0,true,2531
93,11,pulse,-50,74.279877964,74.285857283,2530,-0.076699039,12.300,49,47,0,0,true,2530
93,11,pulse,-50,74.291725436,74.297875504,2529,-0.153398079,12.300,49,47,0,0,true,2529
93,11,pulse,-50,74.303787401,74.309777097,2528,-0.153398079,12.300,49,46,0,0,true,2528
93,11,pulse,-50,74.315679109,74.321962596,2526,-0.153398079,12.300,49,46,0,0,true,2526
93,11,rest,0,74.333690654,74.339715454,2525,-0.076699039,12.300,49,42,0,1,true,2525
93,11,rest,0,74.345893598,74.351783734,2524,-0.076699039,12.300,49,39,0,1,true,2524
93,11,rest,0,74.357848639,74.363748000,2524,-0.153398079,12.300,49,38,0,1,true,2524
93,11,rest,0,74.369635763,74.375891440,2524,0.000000000,12.300,49,38,0,1,true,2524
93,11,rest,0,74.381759096,74.387905274,2524,0.000000000,12.300,49,38,0,1,true,2524
93,11,rest,0,74.393861654,74.399901526,2524,0.000000000,12.300,49,37,0,1,true,2524
93,11,rest,0,74.405710812,74.412476308,2524,0.000000000,12.300,49,37,0,1,true,2524
93,11,rest,0,74.418621723,74.424211004,2524,0.000000000,12.300,49,37,0,1,true,2524
93,11,rest,0,74.430195957,74.436161261,2524,0.000000000,12.300,49,37,0,1,true,2524
93,11,rest,0,74.442329069,74.448519154,2524,0.000000000,12.300,49,37,0,1,true,2524
93,11,rest,0,74.454026399,74.459731592,2524,0.000000000,12.300,49,37,0,1,true,2524
93,11,rest,0,74.465670596,74.471741007,2524,0.000000000,12.300,49,37,0,1,true,2524
93,11,rest,0,74.478376631,74.483669935,2524,0.000000000,12.300,49,37,0,1,true,2524
93,11,rest,0,74.489624844,74.495924030,2524,0.000000000,12.300,49,37,0,1,true,2524
93,11,rest,0,74.501879120,74.507891402,2524,0.000000000,12.300,49,37,0,1,true,2524
93,11,rest,0,74.513812354,74.519867701,2524,0.000000000,12.300,49,37,0,1,true,2524
93,11,rest,0,74.525724270,74.531808278,2524,0.000000000,12.300,49,37,0,1,true,2524
93,11,rest,0,74.537709473,74.543747573,2524,0.000000000,12.300,49,37,0,1,true,2524
93,11,rest,0,74.549786052,74.555756273,2524,0.000000000,12.300,49,37,0,1,true,2524
93,11,rest,0,74.561867391,74.567729119,2524,0.000000000,12.300,49,37,0,1,true,2524
93,11,rest,0,74.573661573,74.579917982,2524,0.000000000,12.300,49,36,0,1,true,2524
93,11,rest,0,74.585821263,74.591826444,2524,0.000000000,12.300,49,37,0,1,true,2524
93,11,rest,0,74.597802785,74.603843645,2524,0.000000000,12.300,49,37,0,1,true,2524
93,11,rest,0,74.609717003,74.615911869,2524,0.000000000,12.300,49,37,0,1,true,2524
93,11,rest,0,74.621598812,74.627636598,2524,0.000000000,12.300,49,37,0,1,true,2524
93,11,rest,0,74.633817077,74.639957448,2524,0.000000000,12.300,49,37,0,1,true,2524
93,11,rest,0,74.645814118,74.651880067,2524,0.000000000,12.300,49,37,0,1,true,2524
93,11,rest,0,74.657773582,74.663924945,2524,0.000000000,12.300,49,37,0,1,true,2524
93,11,rest,0,74.670131009,74.675972354,2524,0.000000000,12.300,49,37,0,1,true,2524
93,11,rest,0,74.681989682,74.687815628,2524,0.000000000,12.300,49,38,0,1,true,2524
93,11,rest,0,74.693843750,74.699858978,2524,0.000000000,12.300,49,37,0,1,true,2524
93,11,rest,0,74.705798364,74.711871949,2524,0.000000000,12.300,49,37,0,1,true,2524
93,11,rest,0,74.717674847,74.723745707,2524,0.000000000,12.300,49,37,0,1,true,2524
93,11,rest,0,74.729727675,74.735819898,2524,0.000000000,12.300,49,37,0,1,true,2524
93,11,rest,0,74.741657473,74.747938502,2524,0.000000000,12.300,49,38,0,1,true,2524
93,11,rest,0,74.753766252,74.759779408,2524,0.000000000,12.300,49,37,0,1,true,2524
93,11,rest,0,74.765821745,74.771689761,2524,0.000000000,12.300,49,37,0,1,true,2524
93,11,rest,0,74.777700233,74.783750178,2524,0.000000000,12.300,49,37,0,1,true,2524
93,11,rest,0,74.789736610,74.795692326,2524,0.000000000,12.300,49,38,0,1,true,2524
93,11,rest,0,74.801743958,74.807724080,2524,0.000000000,12.300,49,37,0,1,true,2524
93,11,rest,0,74.813615990,74.819932755,2524,0.000000000,12.300,49,37,0,1,true,2524
93,11,rest,0,74.825934691,74.831707424,2524,0.000000000,12.300,49,37,0,1,true,2524
93,11,rest,0,74.837836929,74.843680148,2524,0.000000000,12.300,49,37,0,1,true,2524
93,11,rest,0,74.850050862,74.856028343,2524,0.000000000,12.300,49,37,0,1,true,2524
93,11,rest,0,74.861679274,74.867891732,2524,0.000000000,12.300,49,37,0,1,true,2524
93,11,rest,0,74.873912128,74.879700708,2524,0.000000000,12.300,49,37,0,1,true,2524
93,11,rest,0,74.885896352,74.891827102,2524,0.000000000,12.300,49,38,0,1,true,2524
93,11,rest,0,74.897765768,74.903889798,2524,0.000000000,12.300,49,38,0,1,true,2524
93,11,rest,0,74.909852122,74.915894733,2524,0.000000000,12.300,49,38,0,1,true,2524
93,11,rest,0,74.921825110,74.928653639,2524,0.000000000,12.300,49,37,0,1,true,2524
94,11,pulse,50,75.017758118,75.023912620,2524,0.000000000,12.300,49,42,0,0,true,2524
94,11,pulse,50,75.029872489,75.035864122,2524,0.000000000,12.300,49,45,0,0,true,2524
94,11,pulse,50,75.041806883,75.047822145,2524,0.000000000,12.300,49,45,0,0,true,2524
94,11,pulse,50,75.054109528,75.059763344,2525,0.076699039,12.300,49,46,0,0,true,2525
94,11,pulse,50,75.066131080,75.071966007,2526,0.000000000,12.300,49,46,0,0,true,2526
94,11,pulse,50,75.077797287,75.083836485,2527,0.153398079,12.300,49,46,0,0,true,2527
94,11,pulse,50,75.089722892,75.095823585,2528,0.153398079,12.300,49,45,0,0,true,2528
94,11,pulse,50,75.101865288,75.107806353,2530,0.153398079,12.300,49,45,0,0,true,2530
94,11,rest,0,75.119657253,75.125879894,2531,0.153398079,12.300,49,41,0,1,true,2531
94,11,rest,0,75.131761828,75.137909132,2531,0.000000000,12.300,49,39,0,1,true,2531
94,11,rest,0,75.143708406,75.149547872,2531,0.000000000,12.300,49,38,0,1,true,2531
94,11,rest,0,75.155857029,75.161795962,2531,0.000000000,12.300,49,38,0,1,true,2531
94,11,rest,0,75.167731487,75.173878690,2531,0.000000000,12.300,49,37,0,1,true,2531
94,11,rest,0,75.179563008,75.185762458,2531,0.000000000,12.300,49,37,0,1,true,2531
94,11,rest,0,75.191759803,75.197562425,2531,0.000000000,12.300,49,37,0,1,true,2531
94,11,rest,0,75.203566533,75.209833111,2531,0.000000000,12.300,49,37,0,1,true,2531
94,11,rest,0,75.215741614,75.221786457,2531,0.000000000,12.300,49,37,0,1,true,2531
94,11,rest,0,75.227657652,75.233663253,2531,0.000000000,12.300,49,37,0,1,true,2531
94,11,rest,0,75.239876922,75.245888524,2531,0.000000000,12.300,49,37,0,1,true,2531
94,11,rest,0,75.251817017,75.257590183,2531,0.000000000,12.300,49,37,0,1,true,2531
94,11,rest,0,75.263819004,75.269829003,2531,0.000000000,12.300,49,37,0,1,true,2531
94,11,rest,0,75.275726605,75.281758097,2531,0.000000000,12.300,49,37,0,1,true,2531
94,11,rest,0,75.287656424,75.293758892,2531,0.000000000,12.300,49,37,0,1,true,2531
94,11,rest,0,75.299616726,75.305634976,2531,0.000000000,12.300,49,37,0,1,true,2531
94,11,rest,0,75.311830245,75.317862034,2531,0.000000000,12.300,49,37,0,1,true,2531
94,11,rest,0,75.323817485,75.329679942,2531,0.000000000,12.300,49,37,0,1,true,2531
94,11,rest,0,75.335796531,75.341802489,2531,0.000000000,12.300,49,37,0,1,true,2531
94,11,rest,0,75.347713352,75.353838756,2531,0.000000000,12.300,49,37,0,1,true,2531
94,11,rest,0,75.359624077,75.365727377,2531,0.000000000,12.300,49,37,0,1,true,2531
94,11,rest,0,75.371644366,75.377761882,2531,0.000000000,12.300,49,37,0,1,true,2531
94,11,rest,0,75.383617667,75.389662117,2531,0.000000000,12.300,49,37,0,1,true,2531
94,11,rest,0,75.395580147,75.401897569,2531,0.000000000,12.300,49,37,0,1,true,2531
94,11,rest,0,75.407625840,75.413736446,2531,0.000000000,12.300,49,37,0,1,true,2531
94,11,rest,0,75.419584347,75.425595102,2531,0.000000000,12.300,49,38,0,1,true,2531
94,11,rest,0,75.431666722,75.437966260,2531,0.000000000,12.300,49,37,0,1,true,2531
94,11,rest,0,75.443745209,75.449859652,2531,0.000000000,12.300,49,37,0,1,true,2531
94,11,rest,0,75.455762967,75.461653467,2531,0.000000000,12.300,49,37,0,1,true,2531
94,11,rest,0,75.467784157,75.473685247,2531,0.000000000,12.300,49,37,0,1,true,2531
94,11,rest,0,75.479553791,75.485880432,2531,0.000000000,12.300,49,37,0,1,true,2531
94,11,rest,0,75.491851404,75.497793761,2531,0.000000000,12.300,49,37,0,1,true,2531
94,11,rest,0,75.503844285,75.509761327,2531,0.000000000,12.300,49,38,0,1,true,2531
94,11,rest,0,75.515959416,75.521899755,2531,0.000000000,12.300,49,37,0,1,true,2531
94,11,rest,0,75.527986221,75.534267687,2531,0.000000000,12.300,49,37,0,1,true,2531
94,11,rest,0,75.539849116,75.545852190,2531,0.000000000,12.300,49,37,0,1,true,2531
94,11,rest,0,75.551764408,75.558129524,2531,0.000000000,12.300,49,37,0,1,true,2531
94,11,rest,0,75.563857487,75.569837180,2531,0.000000000,12.300,49,37,0,1,true,2531
94,11,rest,0,75.575813695,75.581546161,2531,0.000000000,12.300,49,37,0,1,true,2531
94,11,rest,0,75.587746136,75.593787042,2531,0.000000000,12.300,49,37,0,1,true,2531
94,11,rest,0,75.599684340,75.605773040,2531,0.000000000,12.300,49,37,0,1,true,2531
94,11,rest,0,75.611780836,75.617653021,2531,0.000000000,12.300,49,37,0,1,true,2531
94,11,rest,0,75.623665766,75.629813233,2531,0.000000000,12.300,49,37,0,1,true,2531
94,11,rest,0,75.635796621,75.641684243,2531,0.000000000,12.300,49,37,0,1,true,2531
94,11,rest,0,75.647879400,75.653915468,2531,0.000000000,12.300,49,38,0,1,true,2531
94,11,rest,0,75.659781504,75.665825467,2531,0.000000000,12.300,49,37,0,1,true,2531
94,11,rest,0,75.671801722,75.677598378,2531,0.000000000,12.300,49,38,0,1,true,2531
94,11,rest,0,75.683523089,75.689784741,2531,0.000000000,12.300,49,37,0,1,true,2531
94,11,rest,0,75.695605536,75.701689823,2531,0.000000000,12.300,49,37,0,1,true,2531
94,11,rest,0,75.707689527,75.713587089,2531,0.000000000,12.300,49,38,0,1,true,2531
95,11,pulse,-50,75.809790205,75.815609970,2531,0.000000000,12.300,49,42,0,0,true,2531
95,11,pulse,-50,75.821703111,75.827567523,2531,0.000000000,12.300,49,45,0,0,true,2531
95,11,pulse,-50,75.833588080,75.839599443,2531,0.000000000,12.300,49,46,0,0,true,2531
95,11,pulse,-50,75.845501291,75.852268866,2531,0.000000000,12.300,49,46,0,0,true,2531
95,11,pulse,-50,75.857893628,75.863657034,2530,-0.153398079,12.300,49,46,0,0,true,2530
95,11,pulse,-50,75.869649604,75.875627076,2529,-0.076699039,12.300,49,46,0,0,true,2529
95,11,pulse,-50,75.881591581,75.887828990,2528,-0.153398079,12.300,49,46,0,0,true,2528
95,11,pulse,-50,75.893774595,75.899978315,2527,-0.153398079,12.300,49,45,0,0,true,2527
95,11,rest,0,75.911728973,75.917776290,2525,-0.153398079,12.300,49,41,0,1,true,2525
95,11,rest,0,75.923640698,75.929907292,2524,-0.153398079,12.300,49,39,0,1,true,2524
95,11,rest,0,75.935847014,75.941716312,2524,0.000000000,12.300,49,38,0,1,true,2524
95,11,rest,0,75.947652384,75.954066147,2524,0.000000000,12.300,49,37,0,1,true,2524
95,11,rest,0,75.960149527,75.965796550,2524,0.000000000,12.300,49,37,0,1,true,2524
95,11,rest,0,75.971818305,75.977699706,2524,0.000000000,12.300,49,37,0,1,true,2524
95,11,rest,0,75.983643213,75.989588410,2524,0.000000000,12.300,49,37,0,1,true,2524
95,11,rest,0,75.995677357,76.001773268,2524,0.000000000,12.300,49,37,0,1,true,2524
95,11,rest,0,76.007735386,76.013811139,2524,0.000000000,12.300,49,37,0,1,true,2524
95,11,rest,0,76.019648743,76.025672640,2524,0.000000000,12.300,49,37,0,1,true,2524
95,11,rest,0,76.031775738,76.037641537,2524,0.000000000,12.300,49,37,0,1,true,2524
95,11,rest,0,76.043667238,76.049742295,2524,0.000000000,12.300,49,37,0,1,true,2524
95,11,rest,0,76.055769936,76.061781743,2524,0.000000000,12.300,49,37,0,1,true,2524
95,11,rest,0,76.067604430,76.073640740,2524,0.000000000,12.300,49,37,0,1,true,2524
95,11,rest,0,76.079584811,76.085683259,2524,0.000000000,12.300,49,37,0,1,true,2524
95,11,rest,0,76.092000019,76.097782949,2524,0.000000000,12.300,49,37,0,1,true,2524
95,11,rest,0,76.103548035,76.109560580,2524,0.000000000,12.300,49,37,0,1,true,2524
95,11,rest,0,76.115866130,76.121823652,2524,0.000000000,12.300,49,37,0,1,true,2524
95,11,rest,0,76.127972461,76.133805341,2524,0.000000000,12.300,49,37,0,1,true,2524
95,11,rest,0,76.139672616,76.145967074,2524,0.000000000,12.300,49,37,0,1,true,2524
95,11,rest,0,76.152095647,76.158138754,2524,0.000000000,12.300,49,37,0,1,true,2524
95,11,rest,0,76.163887848,76.169922812,2524,0.000000000,12.300,49,37,0,1,true,2524
95,11,rest,0,76.175536496,76.181648119,2524,0.000000000,12.300,49,37,0,1,true,2524
95,11,rest,0,76.187559224,76.193613077,2524,0.000000000,12.300,49,37,0,1,true,2524
95,11,rest,0,76.199752744,76.205756449,2524,0.000000000,12.300,49,37,0,1,true,2524
95,11,rest,0,76.211645506,76.217671710,2524,0.000000000,12.300,49,37,0,1,true,2524
95,11,rest,0,76.223610526,76.229511514,2524,0.000000000,12.300,49,37,0,1,true,2524
95,11,rest,0,76.235689670,76.241666212,2524,0.000000000,12.300,49,37,0,1,true,2524
95,11,rest,0,76.247546028,76.253708815,2524,0.000000000,12.300,49,37,0,1,true,2524
95,11,rest,0,76.259526049,76.265679260,2524,0.000000000,12.300,49,37,0,1,true,2524
95,11,rest,0,76.271622507,76.277671885,2524,0.000000000,12.300,49,37,0,1,true,2524
95,11,rest,0,76.283590487,76.289732069,2524,0.000000000,12.300,49,37,0,1,true,2524
95,11,rest,0,76.295489125,76.301522236,2524,0.000000000,12.300,49,37,0,1,true,2524
95,11,rest,0,76.307580440,76.313606443,2524,0.000000000,12.300,49,37,0,1,true,2524
95,11,rest,0,76.319771409,76.325781990,2524,0.000000000,12.300,49,37,0,1,true,2524
95,11,rest,0,76.331571633,76.337835354,2524,0.000000000,12.300,49,37,0,1,true,2524
95,11,rest,0,76.343763798,76.349977746,2524,0.000000000,12.300,49,37,0,1,true,2524
95,11,rest,0,76.355744708,76.361760905,2524,0.000000000,12.300,49,37,0,1,true,2524
95,11,rest,0,76.367700902,76.373591285,2524,0.000000000,12.300,49,37,0,1,true,2524
95,11,rest,0,76.379485614,76.385731870,2524,0.000000000,12.300,49,37,0,1,true,2524
95,11,rest,0,76.391579000,76.397819237,2524,0.000000000,12.300,49,37,0,1,true,2524
95,11,rest,0,76.403641742,76.409617610,2524,0.000000000,12.300,49,37,0,1,true,2524
95,11,rest,0,76.415662925,76.421537729,2524,0.000000000,12.300,49,37,0,1,true,2524
95,11,rest,0,76.427782689,76.433818668,2524,0.000000000,12.300,49,37,0,1,true,2524
95,11,rest,0,76.439719648,76.445632673,2524,0.000000000,12.300,49,37,0,1,true,2524
95,11,rest,0,76.451726951,76.457584747,2524,0.000000000,12.300,49,37,0,1,true,2524
95,11,rest,0,76.463623219,76.469611912,2524,0.000000000,12.300,49,37,0,1,true,2524
95,11,rest,0,76.475515719,76.481619714,2524,0.000000000,12.300,49,36,0,1,true,2524
95,11,rest,0,76.487521391,76.493634451,2524,0.000000000,12.300,49,37,0,1,true,2524
95,11,rest,0,76.499731387,76.505592105,2524,0.000000000,12.300,49,37,0,1,true,2524
96,12,pulse,25,76.595639245,76.601699194,1107,0.000000000,12.200,47,0,0,0,true,1107
96,12,pulse,25,76.607733314,76.613722941,1107,0.000000000,12.200,47,0,0,0,true,1107
96,12,pulse,25,76.619468391,76.625691794,1107,0.000000000,12.200,47,0,0,0,true,1107
96,12,pulse,25,76.631686591,76.637523474,1107,0.000000000,12.200,47,0,0,0,true,1107
96,12,pulse,25,76.644325290,76.650076616,1107,0.000000000,12.100,47,0,0,0,true,1107
96,12,pulse,25,76.655845014,76.662018376,1107,0.000000000,12.100,47,0,0,0,true,1107
96,12,pulse,25,76.667799361,76.673516038,1107,0.000000000,12.100,47,0,0,0,true,1107
96,12,pulse,25,76.679564384,76.685862944,1107,0.000000000,12.100,47,0,0,0,true,1107
96,12,rest,0,76.697481695,76.703585061,1107,0.000000000,12.100,47,0,0,1,true,1107
96,12,rest,0,76.709649074,76.715657700,1107,0.000000000,12.100,47,0,0,1,true,1107
96,12,rest,0,76.721580710,76.727734185,1107,0.000000000,12.100,47,0,0,1,true,1107
96,12,rest,0,76.733713439,76.739777272,1107,0.000000000,12.200,47,0,0,1,true,1107
96,12,rest,0,76.745782693,76.751655954,1107,0.000000000,12.200,47,0,0,1,true,1107
96,12,rest,0,76.757700771,76.763924809,1107,0.000000000,12.200,47,0,0,1,true,1107
96,12,rest,0,76.769657459,76.775564939,1107,0.000000000,12.200,47,0,0,1,true,1107
96,12,rest,0,76.782257135,76.787713524,1107,0.000000000,12.100,47,0,0,1,true,1107
96,12,rest,0,76.793551434,76.799648792,1107,0.000000000,12.100,47,0,0,1,true,1107
96,12,rest,0,76.805681401,76.811633394,1107,0.000000000,12.100,47,0,0,1,true,1107
96,12,rest,0,76.817557224,76.823744635,1107,0.000000000,12.100,47,0,0,1,true,1107
96,12,rest,0,76.829573765,76.835668735,1107,0.000000000,12.100,47,0,0,1,true,1107
96,12,rest,0,76.841620117,76.847519240,1107,0.000000000,12.100,47,0,0,1,true,1107
96,12,rest,0,76.853619269,76.859560593,1107,0.000000000,12.100,47,0,0,1,true,1107
96,12,rest,0,76.865611273,76.871631029,1107,0.000000000,12.100,47,0,0,1,true,1107
96,12,rest,0,76.877509487,76.884313898,1107,0.000000000,12.200,47,0,0,1,true,1107
96,12,rest,0,76.889851564,76.895658823,1107,0.000000000,12.200,47,0,0,1,true,1107
96,12,rest,0,76.901765993,76.907803513,1107,0.000000000,12.200,47,0,0,1,true,1107
96,12,rest,0,76.913756408,76.919788472,1107,0.000000000,12.200,47,0,0,1,true,1107
96,12,rest,0,76.925746083,76.931719854,1107,0.000000000,12.200,47,0,0,1,true,1107
96,12,rest,0,76.937667881,76.943679293,1107,0.000000000,12.200,47,0,0,1,true,1107
96,12,rest,0,76.949884557,76.956076875,1107,0.000000000,12.100,47,0,0,1,true,1107
96,12,rest,0,76.961693429,76.967651253,1107,0.000000000,12.100,47,0,0,1,true,1107
96,12,rest,0,76.973589377,76.979567552,1107,0.000000000,12.100,47,0,0,1,true,1107
96,12,rest,0,76.985402992,76.992319978,1107,0.000000000,12.100,47,0,0,1,true,1107
96,12,rest,0,76.997561684,77.003881240,1107,0.000000000,12.200,47,0,0,1,true,1107
96,12,rest,0,77.009813198,77.015856468,1107,0.000000000,12.100,47,0,0,1,true,1107
96,12,rest,0,77.021604415,77.027747979,1107,0.000000000,12.200,47,0,0,1,true,1107
96,12,rest,0,77.033906482,77.040099185,1107,0.000000000,12.200,47,0,0,1,true,1107
96,12,rest,0,77.046108471,77.052289484,1107,0.000000000,12.200,47,0,0,1,true,1107
96,12,rest,0,77.058149533,77.063994808,1107,0.000000000,12.200,47,0,0,1,true,1107
96,12,rest,0,77.069896345,77.075713748,1107,0.000000000,12.100,47,0,0,1,true,1107
96,12,rest,0,77.081587332,77.087781862,1107,0.000000000,12.100,47,0,0,1,true,1107
96,12,rest,0,77.093542430,77.099579084,1107,0.000000000,12.100,47,0,0,1,true,1107
96,12,rest,0,77.105410212,77.112006741,1107,0.000000000,12.200,47,0,0,1,true,1107
96,12,rest,0,77.117829506,77.123658058,1107,0.000000000,12.100,47,0,0,1,true,1107
96,12,rest,0,77.129731630,77.135631056,1107,0.000000000,12.200,47,0,0,1,true,1107
96,12,rest,0,77.141420945,77.147551012,1107,0.000000000,12.200,47,0,0,1,true,1107
96,12,rest,0,77.153460097,77.159492895,1107,0.000000000,12.200,47,0,0,1,true,1107
96,12,rest,0,77.165746008,77.171651553,1107,0.000000000,12.200,47,0,0,1,true,1107
96,12,rest,0,77.177440655,77.183540768,1107,0.000000000,12.200,47,0,0,1,true,1107
96,12,rest,0,77.189422686,77.195513456,1107,0.000000000,12.200,47,0,0,1,true,1107
96,12,rest,0,77.201571682,77.207592360,1107,0.000000000,12.200,47,0,0,1,true,1107
96,12,rest,0,77.213485753,77.219513712,1107,0.000000000,12.200,47,0,0,1,true,1107
96,12,rest,0,77.225476237,77.231691599,1107,0.000000000,12.200,47,0,0,1,true,1107
96,12,rest,0,77.237759946,77.243848218,1107,0.000000000,12.200,47,0,0,1,true,1107
96,12,rest,0,77.249517762,77.255639925,1107,0.000000000,12.200,47,0,0,1,true,1107
96,12,rest,0,77.261594292,77.267594868,1107,0.000000000,12.200,47,0,0,1,true,1107
96,12,rest,0,77.273494858,77.279715453,1107,0.000000000,12.200,47,0,0,1,true,1107
96,12,rest,0,77.285769274,77.291587188,1107,0.000000000,12.200,47,0,0,1,true,1107
97,12,pulse,-25,77.387556121,77.393654577,1107,0.000000000,12.200,47,0,0,0,true,1107
97,12,pulse,-25,77.399421823,77.405555366,1107,0.000000000,12.200,47,0,0,0,true,1107
97,12,pulse,-25,77.411547585,77.417600171,1107,0.000000000,12.200,47,0,0,0,true,1107
97,12,pulse,-25,77.423486047,77.429548127,1107,0.000000000,12.200,47,0,0,0,true,1107
97,12,pulse,-25,77.435594267,77.441500287,1107,0.000000000,12.200,47,0,0,0,true,1107
97,12,pulse,-25,77.447532088,77.453609738,1107,0.000000000,12.200,47,0,0,0,true,1107
97,12,pulse,-25,77.459521723,77.465649137,1107,0.000000000,12.100,47,0,0,0,true,1107
97,12,pulse,-25,77.471511618,77.477382994,1107,0.000000000,12.100,47,0,0,0,true,1107
97,12,rest,0,77.489427300,77.495577865,1107,0.000000000,12.100,47,0,0,1,true,1107
97,12,rest,0,77.501460537,77.507552532,1107,0.000000000,12.100,47,0,0,1,true,1107
97,12,rest,0,77.513584030,77.519685441,1107,0.000000000,12.100,47,0,0,1,true,1107
97,12,rest,0,77.525688531,77.531547006,1107,0.000000000,12.100,47,0,0,1,true,1107
97,12,rest,0,77.537621597,77.543740544,1107,0.000000000,12.100,47,0,0,1,true,1107
97,12,rest,0,77.549634648,77.555738533,1107,0.000000000,12.100,47,0,0,1,true,1107
97,12,rest,0,77.561821552,77.567602294,1107,0.000000000,12.100,47,0,0,1,true,1107
97,12,rest,0,77.573618271,77.579548226,1107,0.000000000,12.100,47,0,0,1,true,1107
97,12,rest,0,77.585569741,77.591419709,1107,0.000000000,12.100,47,0,0,1,true,1107
97,12,rest,0,77.597652988,77.603551591,1107,0.000000000,12.100,47,0,0,1,true,1107
97,12,rest,0,77.609465952,77.615420557,1107,0.000000000,12.100,47,0,0,1,true,1107
97,12,rest,0,77.621571347,77.627473142,1107,0.000000000,12.100,47,0,0,1,true,1107
97,12,rest,0,77.634324406,77.639842936,1107,0.000000000,12.100,47,0,0,1,true,1107
97,12,rest,0,77.646424927,77.651853779,1107,0.000000000,12.100,47,0,0,1,true,1107
97,12,rest,0,77.657827920,77.663862982,1107,0.000000000,12.100,47,0,0,1,true,1107
97,12,rest,0,77.669902196,77.675784909,1107,0.000000000,12.100,47,0,0,1,true,1107
97,12,rest,0,77.681510625,77.687668549,1107,0.000000000,12.100,47,0,0,1,true,1107
97,12,rest,0,77.693405497,77.699738349,1107,0.000000000,12.100,47,0,0,1,true,1107
97,12,rest,0,77.705634822,77.711831952,1107,0.000000000,12.100,47,0,0,1,true,1107
97,12,rest,0,77.717752701,77.723667821,1107,0.000000000,12.100,47,0,0,1,true,1107
97,12,rest,0,77.729647578,77.735853434,1107,0.000000000,12.100,47,0,0,1,true,1107
97,12,rest,0,77.741642905,77.747512217,1107,0.000000000,12.100,47,0,0,1,true,1107
97,12,rest,0,77.753730109,77.759774540,1107,0.000000000,12.100,47,0,0,1,true,1107
97,12,rest,0,77.766365034,77.771668464,1107,0.000000000,12.100,47,0,0,1,true,1107
97,12,rest,0,77.777585895,77.783505271,1107,0.000000000,12.100,47,0,0,1,true,1107
97,12,rest,0,77.789565629,77.795611736,1107,0.000000000,12.100,47,0,0,1,true,1107
97,12,rest,0,77.801521446,77.807601425,1107,0.000000000,12.100,47,0,0,1,true,1107
97,12,rest,0,77.813534470,77.819362841,1107,0.000000000,12.100,47,0,0,1,true,1107
97,12,rest,0,77.825475218,77.831597301,1107,0.000000000,12.100,47,0,0,1,true,1107
97,12,rest,0,77.837339590,77.843485365,1107,0.000000000,12.100,47,0,0,1,true,1107
97,12,rest,0,77.850248992,77.855784844,1107,0.000000000,12.100,47,0,0,1,true,1107
97,12,rest,0,77.861899779,77.868377976,1107,0.000000000,12.100,47,0,0,1,true,1107
97,12,rest,0,77.873770856,77.879634970,1107,0.000000000,12.100,47,0,0,1,true,1107
97,12,rest,0,77.885643411,77.891630226,1107,0.000000000,12.100,47,0,0,1,true,1107
97,12,rest,0,77.897644241,77.903464355,1107,0.000000000,12.100,47,0,0,1,true,1107
97,12,rest,0,77.909449998,77.915433457,1107,0.000000000,12.100,47,0,0,1,true,1107
97,12,rest,0,77.921608348,77.927552651,1107,0.000000000,12.100,47,0,0,1,true,1107
97,12,rest,0,77.933623002,77.939545903,1107,0.000000000,12.100,47,0,0,1,true,1107
97,12,rest,0,77.945562775,77.951640161,1107,0.000000000,12.100,47,0,0,1,true,1107
97,12,rest,0,77.957479370,77.963452189,1107,0.000000000,12.100,47,0,0,1,true,1107
97,12,rest,0,77.969335061,77.975383727,1107,0.000000000,12.100,47,0,0,1,true,1107
97,12,rest,0,77.981354947,77.987651431,1107,0.000000000,12.100,47,0,0,1,true,1107
97,12,rest,0,77.993671238,77.999423167,1107,0.000000000,12.100,47,0,0,1,true,1107
97,12,rest,0,78.005516019,78.011545886,1107,0.000000000,12.100,47,0,0,1,true,1107
97,12,rest,0,78.017355697,78.023545498,1107,0.000000000,12.100,47,0,0,1,true,1107
97,12,rest,0,78.029450721,78.035447276,1107,0.000000000,12.100,47,0,0,1,true,1107
97,12,rest,0,78.041396150,78.047486256,1107,0.000000000,12.100,47,0,0,1,true,1107
97,12,rest,0,78.053538332,78.059381859,1107,0.000000000,12.100,47,0,0,1,true,1107
97,12,rest,0,78.065414984,78.071375187,1107,0.000000000,12.100,47,0,0,1,true,1107
97,12,rest,0,78.077424091,78.083507216,1107,0.000000000,12.100,47,0,0,1,true,1107
98,12,pulse,25,78.173481954,78.179628681,1107,0.000000000,12.200,47,0,0,0,true,1107
98,12,pulse,25,78.185485658,78.191472622,1107,0.000000000,12.100,47,0,0,0,true,1107
98,12,pulse,25,78.197439204,78.203535173,1107,0.000000000,12.100,47,0,0,0,true,1107
98,12,pulse,25,78.209500335,78.215351783,1107,0.000000000,12.100,47,0,0,0,true,1107
98,12,pulse,25,78.221386925,78.227428836,1107,0.000000000,12.100,47,0,0,0,true,1107
98,12,pulse,25,78.233398610,78.239550005,1107,0.000000000,12.100,47,0,0,0,true,1107
98,12,pulse,25,78.245584296,78.251471884,1107,0.000000000,12.100,47,0,0,0,true,1107
98,12,pulse,25,78.257371825,78.263672093,1107,0.000000000,12.100,47,0,0,0,true,1107
98,12,rest,0,78.275488345,78.281454403,1107,0.000000000,12.100,47,0,0,1,true,1107
98,12,rest,0,78.287449677,78.293456787,1107,0.000000000,12.100,47,0,0,1,true,1107
98,12,rest,0,78.299403130,78.305455691,1107,0.000000000,12.100,47,0,0,1,true,1107
98,12,rest,0,78.311489312,78.317312412,1107,0.000000000,12.100,47,0,0,1,true,1107
98,12,rest,0,78.323302804,78.329342429,1107,0.000000000,12.100,47,0,0,1,true,1107
98,12,rest,0,78.335557420,78.341496394,1107,0.000000000,12.100,47,0,0,1,true,1107
98,12,rest,0,78.347376976,78.353421240,1107,0.000000000,12.100,47,0,0,1,true,1107
98,12,rest,0,78.359334106,78.365329093,1107,0.000000000,12.100,47,0,0,1,true,1107
98,12,rest,0,78.371487742,78.377563070,1107,0.000000000,12.100,47,0,0,1,true,1107
98,12,rest,0,78.383241490,78.389641454,1107,0.000000000,12.100,47,0,0,1,true,1107
98,12,rest,0,78.395337191,78.401267680,1107,0.000000000,12.100,47,0,0,1,true,1107
98,12,rest,0,78.407433575,78.413243087,1107,0.000000000,12.100,47,0,0,1,true,1107
98,12,rest,0,78.419571001,78.425317984,1107,0.000000000,12.100,47,0,0,1,true,1107
98,12,rest,0,78.431521280,78.437491284,1107,0.000000000,12.100,47,0,0,1,true,1107
98,12,rest,0,78.443367493,78.449402265,1107,0.000000000,12.100,47,0,0,1,true,1107
98,12,rest,0,78.455286576,78.461273906,1107,0.000000000,12.100,47,0,0,1,true,1107
98,12,rest,0,78.467419707,78.473427963,1107,0.000000000,12.100,47,0,0,1,true,1107
98,12,rest,0,78.479412681,78.485493096,1107,0.000000000,12.100,47,0,0,1,true,1107
98,12,rest,0,78.491320932,78.497356345,1107,0.000000000,12.100,47,0,0,1,true,1107
98,12,rest,0,78.503349863,78.509262802,1107,0.000000000,12.100,47,0,0,1,true,1107
98,12,rest,0,78.515542079,78.521262590,1107,0.000000000,12.100,47,0,0,1,true,1107
98,12,rest,0,78.527396248,78.533441407,1107,0.000000000,12.100,47,0,0,1,true,1107
98,12,rest,0,78.539361550,78.545545445,1107,0.000000000,12.100,47,0,0,1,true,1107
98,12,rest,0,78.551462158,78.557522226,1107,0.000000000,12.100,47,0,0,1,true,1107
98,12,rest,0,78.563264750,78.569351697,1107,0.000000000,12.200,47,0,0,1,true,1107
98,12,rest,0,78.575371091,78.581429536,1107,0.000000000,12.100,47,0,0,1,true,1107
98,12,rest,0,78.587352076,78.593292556,1107,0.000000000,12.100,47,0,0,1,true,1107
98,12,rest,0,78.599299635,78.605389901,1107,0.000000000,12.100,47,0,0,1,true,1107
98,12,rest,0,78.611474700,78.617324855,1107,0.000000000,12.100,47,0,0,1,true,1107
98,12,rest,0,78.623469067,78.629430818,1107,0.000000000,12.100,47,0,0,1,true,1107
98,12,rest,0,78.635199798,78.641339878,1107,0.000000000,12.100,47,0,0,1,true,1107
98,12,rest,0,78.647523147,78.653487005,1107,0.000000000,12.100,47,0,0,1,true,1107
98,12,rest,0,78.659411034,78.665248080,1107,0.000000000,12.100,47,0,0,1,true,1107
98,12,rest,0,78.671328297,78.677569232,1107,0.000000000,12.200,47,0,0,1,true,1107
98,12,rest,0,78.683479314,78.689395752,1107,0.000000000,12.200,47,0,0,1,true,1107
98,12,rest,0,78.695455076,78.701320770,1107,0.000000000,12.200,47,0,0,1,true,1107
98,12,rest,0,78.707421213,78.713371098,1107,0.000000000,12.200,47,0,0,1,true,1107
98,12,rest,0,78.719414532,78.725375414,1107,0.000000000,12.200,47,0,0,1,true,1107
98,12,rest,0,78.731315468,78.737637885,1107,0.000000000,12.200,47,0,0,1,true,1107
98,12,rest,0,78.743450638,78.749684881,1107,0.000000000,12.100,47,0,0,1,true,1107
98,12,rest,0,78.755629078,78.762196354,1107,0.000000000,12.100,47,0,0,1,true,1107
98,12,rest,0,78.767713573,78.773528239,1107,0.000000000,12.100,47,0,0,1,true,1107
98,12,rest,0,78.779429261,78.785592498,1107,0.000000000,12.100,47,0,0,1,true,1107
98,12,rest,0,78.791499874,78.797640941,1107,0.000000000,12.100,47,0,0,1,true,1107
98,12,rest,0,78.803428014,78.809399060,1107,0.000000000,12.100,47,0,0,1,true,1107
98,12,rest,0,78.815301280,78.821445212,1107,0.000000000,12.100,47,0,0,1,true,1107
98,12,rest,0,78.827418451,78.834299059,1107,0.000000000,12.100,47,0,0,1,true,1107
98,12,rest,0,78.839531651,78.845546112,1107,0.000000000,12.200,47,0,0,1,true,1107
98,12,rest,0,78.851474792,78.857798650,1107,0.000000000,12.200,47,0,0,1,true,1107
98,12,rest,0,78.863433319,78.869551846,1107,0.000000000,12.200,47,0,0,1,true,1107
99,12,pulse,-25,78.959489140,78.965651284,1107,0.000000000,12.200,47,0,0,0,true,1107
99,12,pulse,-25,78.971402491,78.977437812,1107,0.000000000,12.200,47,0,0,0,true,1107
99,12,pulse,-25,78.983378844,78.989439651,1107,0.000000000,12.200,47,0,0,0,true,1107
99,12,pulse,-25,78.995417750,79.001164940,1107,0.000000000,12.200,47,0,0,0,true,1107
99,12,pulse,-25,79.007173667,79.013396259,1107,0.000000000,12.200,47,0,0,0,true,1107
99,12,pulse,-25,79.019339554,79.025506621,1107,0.000000000,12.200,47,0,0,0,true,1107
99,12,pulse,-25,79.031332173,79.037529971,1107,0.000000000,12.200,47,0,0,0,true,1107
99,12,pulse,-25,79.044112723,79.049542835,1107,0.000000000,12.200,47,0,0,0,true,1107
99,12,rest,0,79.062076379,79.067802779,1107,0.000000000,12.200,47,0,0,1,true,1107
99,12,rest,0,79.073772998,79.079613000,1107,0.000000000,12.200,47,0,0,1,true,1107
99,12,rest,0,79.085344259,79.091280774,1107,0.000000000,12.100,47,0,0,1,true,1107
99,12,rest,0,79.097517126,79.103456313,1107,0.000000000,12.200,47,0,0,1,true,1107
99,12,rest,0,79.109541690,79.115364490,1107,0.000000000,12.100,47,0,0,1,true,1107
99,12,rest,0,79.121443565,79.127292952,1107,0.000000000,12.100,47,0,0,1,true,1107
99,12,rest,0,79.133440336,79.139723590,1107,0.000000000,12.100,47,0,0,1,true,1107
99,12,rest,0,79.145615088,79.151739450,1107,0.000000000,12.100,47,0,0,1,true,1107
99,12,rest,0,79.157905960,79.163665488,1107,0.000000000,12.100,47,0,0,1,true,1107
99,12,rest,0,79.169747412,79.175608061,1107,0.000000000,12.200,47,0,0,1,true,1107
99,12,rest,0,79.181360545,79.187513208,1107,0.000000000,12.200,47,0,0,1,true,1107
99,12,rest,0,79.193147090,79.199487491,1107,0.000000000,12.200,47,0,0,1,true,1107
99,12,rest,0,79.205420192,79.211357603,1107,0.000000000,12.200,47,0,0,1,true,1107
99,12,rest,0,79.217286093,79.223302236,1107,0.000000000,12.200,47,0,0,1,true,1107
99,12,rest,0,79.229556767,79.235339663,1107,0.000000000,12.200,47,0,0,1,true,1107
99,12,rest,0,79.241367856,79.247388185,1107,0.000000000,12.200,47,0,0,1,true,1107
99,12,rest,0,79.253309521,79.259319210,1107,0.000000000,12.200,47,0,0,1,true,1107
99,12,rest,0,79.265264999,79.272093253,1107,0.000000000,12.100,47,0,0,1,true,1107
99,12,rest,0,79.277214858,79.283269138,1107,0.000000000,12.100,47,0,0,1,true,1107
99,12,rest,0,79.289223600,79.295191157,1107,0.000000000,12.100,47,0,0,1,true,1107
99,12,rest,0,79.301369454,79.307163505,1107,0.000000000,12.100,47,0,0,1,true,1107
99,12,rest,0,79.313283621,79.319327659,1107,0.000000000,12.100,47,0,0,1,true,1107
99,12,rest,0,79.325290063,79.331397478,1107,0.000000000,12.100,47,0,0,1,true,1107
99,12,rest,0,79.337405237,79.343725773,1107,0.000000000,12.100,47,0,0,1,true,1107
99,12,rest,0,79.349833127,79.355730938,1107,0.000000000,12.100,47,0,0,1,true,1107
99,12,rest,0,79.361828044,79.367945700,1107,0.000000000,12.100,47,0,0,1,true,1107
99,12,rest,0,79.373792505,79.379362996,1107,0.000000000,12.200,47,0,0,1,true,1107
99,12,rest,0,79.385317962,79.391359058,1107,0.000000000,12.200,47,0,0,1,true,1107
99,12,rest,0,79.397450960,79.403291223,1107,0.000000000,12.100,47,0,0,1,true,1107
99,12,rest,0,79.409483801,79.415265964,1107,0.000000000,12.100,47,0,0,1,true,1107
99,12,rest,0,79.421270508,79.427372405,1107,0.000000000,12.100,47,0,0,1,true,1107
99,12,rest,0,79.433240114,79.439476898,1107,0.000000000,12.200,47,0,0,1,true,1107
99,12,rest,0,79.445206595,79.452075753,1107,0.000000000,12.200,47,0,0,1,true,1107
99,12,rest,0,79.457502338,79.463875635,1107,0.000000000,12.200,47,0,0,1,true,1107
99,12,rest,0,79.469741502,79.475893222,1107,0.000000000,12.200,47,0,0,1,true,1107
99,12,rest,0,79.481337007,79.487432945,1107,0.000000000,12.200,47,0,0,1,true,1107
99,12,rest,0,79.493538662,79.499470916,1107,0.000000000,12.100,47,0,0,1,true,1107
99,12,rest,0,79.505347841,79.511421247,1107,0.000000000,12.200,47,0,0,1,true,1107
99,12,rest,0,79.517592802,79.523609851,1107,0.000000000,12.200,47,0,0,1,true,1107
99,12,rest,0,79.530145713,79.535792673,1107,0.000000000,12.200,47,0,0,1,true,1107
99,12,rest,0,79.541900537,79.547481352,1107,0.000000000,12.100,47,0,0,1,true,1107
99,12,rest,0,79.553524717,79.559642937,1107,0.000000000,12.100,47,0,0,1,true,1107
99,12,rest,0,79.565390569,79.571401547,1107,0.000000000,12.200,47,0,0,1,true,1107
99,12,rest,0,79.577449029,79.583171670,1107,0.000000000,12.200,47,0,0,1,true,1107
99,12,rest,0,79.589267269,79.595318083,1107,0.000000000,12.200,47,0,0,1,true,1107
99,12,rest,0,79.601273583,79.607280259,1107,0.000000000,12.100,47,0,0,1,true,1107
99,12,rest,0,79.613264643,79.619344063,1107,0.000000000,12.200,47,0,0,1,true,1107
99,12,rest,0,79.625218824,79.631296462,1107,0.000000000,12.200,47,0,0,1,true,1107
99,12,rest,0,79.637207232,79.643329839,1107,0.000000000,12.200,47,0,0,1,true,1107
99,12,rest,0,79.649298958,79.655331145,1107,0.000000000,12.200,47,0,0,1,true,1107
100,12,pulse,25,79.745233142,79.751342393,1107,0.000000000,12.200,47,0,0,0,true,1107
100,12,pulse,25,79.757429467,79.763386882,1107,0.000000000,12.200,47,0,0,0,true,1107
100,12,pulse,25,79.769400947,79.775327868,1107,0.000000000,12.200,47,0,0,0,true,1107
100,12,pulse,25,79.781204716,79.787363366,1107,0.000000000,12.200,47,0,0,0,true,1107
100,12,pulse,25,79.793291539,79.799351099,1107,0.000000000,12.200,47,0,0,0,true,1107
100,12,pulse,25,79.805411852,79.811198889,1107,0.000000000,12.200,47,0,0,0,true,1107
100,12,pulse,25,79.817408997,79.823274043,1107,0.000000000,12.200,47,0,0,0,true,1107
100,12,pulse,25,79.829196597,79.835191609,1107,0.000000000,12.200,47,0,0,0,true,1107
100,12,rest,0,79.847272503,79.854081939,1107,0.000000000,12.200,47,0,0,1,true,1107
100,12,rest,0,79.860185442,79.866363247,1107,0.000000000,12.200,47,0,0,1,true,1107
100,12,rest,0,79.871683379,79.877574085,1107,0.000000000,12.200,47,0,0,1,true,1107
100,12,rest,0,79.883678114,79.889578529,1107,0.000000000,12.200,47,0,0,1,true,1107
100,12,rest,0,79.895523668,79.901646406,1107,0.000000000,12.200,47,0,0,1,true,1107
100,12,rest,0,79.907483449,79.913484831,1107,0.000000000,12.200,47,0,0,1,true,1107
100,12,rest,0,79.919453252,79.925397640,1107,0.000000000,12.200,47,0,0,1,true,1107
100,12,rest,0,79.931453477,79.937340298,1107,0.000000000,12.200,47,0,0,1,true,1107
100,12,rest,0,79.943465947,79.949211172,1107,0.000000000,12.200,47,0,0,1,true,1107
100,12,rest,0,79.955581119,79.961417461,1107,0.000000000,12.200,47,0,0,1,true,1107
100,12,rest,0,79.967364820,79.973485821,1107,0.000000000,12.100,47,0,0,1,true,1107
100,12,rest,0,79.979545697,79.985153304,1107,0.000000000,12.200,47,0,0,1,true,1107
100,12,rest,0,79.991309377,79.997369402,1107,0.000000000,12.100,47,0,0,1,true,1107
100,12,rest,0,80.003237611,80.009329230,1107,0.000000000,12.200,47,0,0,1,true,1107
100,12,rest,0,80.015297764,80.021244304,1107,0.000000000,12.200,47,0,0,1,true,1107
100,12,rest,0,80.027225358,80.033268290,1107,0.000000000,12.200,47,0,0,1,true,1107
100,12,rest,0,80.039224447,80.045117281,1107,0.000000000,12.100,47,0,0,1,true,1107
100,12,rest,0,80.051236301,80.057301463,1107,0.000000000,12.200,47,0,0,1,true,1107
100,12,rest,0,80.063249176,80.069328413,1107,0.000000000,12.200,47,0,0,1,true,1107
100,12,rest,0,80.075109651,80.081362710,1107,0.000000000,12.200,47,0,0,1,true,1107
100,12,rest,0,80.087350986,80.093304703,1107,0.000000000,12.200,47,0,0,1,true,1107
100,12,rest,0,80.099226323,80.105372926,1107,0.000000000,12.200,47,0,0,1,true,1107
100,12,rest,0,80.111087356,80.117155882,1107,0.000000000,12.100,47,0,0,1,true,1107
100,12,rest,0,80.123215897,80.129237551,1107,0.000000000,12.200,47,0,0,1,true,1107
100,12,rest,0,80.135451797,80.141454866,1107,0.000000000,12.100,47,0,0,1,true,1107
100,12,rest,0,80.147160734,80.153234075,1107,0.000000000,12.100,47,0,0,1,true,1107
100,12,rest,0,80.159096921,80.165159073,1107,0.000000000,12.100,47,0,0,1,true,1107
100,12,rest,0,80.171355022,80.177188001,1107,0.000000000,12.100,47,0,0,1,true,1107
100,12,rest,0,80.183099254,80.189328108,1107,0.000000000,12.100,47,0,0,1,true,1107
100,12,rest,0,80.195163224,80.201249391,1107,0.000000000,12.100,47,0,0,1,true,1107
100,12,rest,0,80.207206442,80.213253440,1107,0.000000000,12.100,47,0,0,1,true,1107
100,12,rest,0,80.219222685,80.225137454,1107,0.000000000,12.100,47,0,0,1,true,1107
100,12,rest,0,80.231214627,80.237244160,1107,0.000000000,12.100,47,0,0,1,true,1107
100,12,rest,0,80.243556516,80.250056283,1107,0.000000000,12.100,47,0,0,1,true,1107
100,12,rest,0,80.255611619,80.261376932,1107,0.000000000,12.100,47,0,0,1,true,1107
100,12,rest,0,80.267899736,80.273617509,1107,0.000000000,12.100,47,0,0,1,true,1107
100,12,rest,0,80.279508095,80.285215974,1107,0.000000000,12.100,47,0,0,1,true,1107
100,12,rest,0,80.291226453,80.297289459,1107,0.000000000,12.100,47,0,0,1,true,1107
100,12,rest,0,80.303377237,80.309213799,1107,0.000000000,12.100,47,0,0,1,true,1107
100,12,rest,0,80.315415508,80.321356825,1107,0.000000000,12.100,47,0,0,1,true,1107
100,12,rest,0,80.327138914,80.333259851,1107,0.000000000,12.100,47,0,0,1,true,1107
100,12,rest,0,80.339442153,80.345286487,1107,0.000000000,12.100,47,0,0,1,true,1107
100,12,rest,0,80.351225429,80.357216171,1107,0.000000000,12.100,47,0,0,1,true,1107
100,12,rest,0,80.363165466,80.369212371,1107,0.000000000,12.100,47,0,0,1,true,1107
100,12,rest,0,80.375271932,80.381387986,1107,0.000000000,12.100,47,0,0,1,true,1107
100,12,rest,0,80.387270290,80.393133673,1107,0.000000000,12.100,47,0,0,1,true,1107
100,12,rest,0,80.399358893,80.405196288,1107,0.000000000,12.100,47,0,0,1,true,1107
100,12,rest,0,80.411163134,80.417202638,1107,0.000000000,12.100,47,0,0,1,true,1107
100,12,rest,0,80.423327316,80.429113756,1107,0.000000000,12.100,47,0,0,1,true,1107
100,12,rest,0,80.435294426,80.441322836,1107,0.000000000,12.100,47,0,0,1,true,1107
101,12,pulse,-25,80.531179755,80.537234573,1107,0.000000000,12.200,47,0,0,0,true,1107
101,12,pulse,-25,80.543062366,80.549109261,1107,0.000000000,12.200,47,0,0,0,true,1107
101,12,pulse,-25,80.555060494,80.561429450,1107,0.000000000,12.200,47,0,0,0,true,1107
101,12,pulse,-25,80.567461300,80.573443065,1107,0.000000000,12.200,47,0,0,0,true,1107
101,12,pulse,-25,80.579154168,80.585295923,1107,0.000000000,12.200,47,0,0,0,true,1107
101,12,pulse,-25,80.591329181,80.597322525,1107,0.000000000,12.200,47,0,0,0,true,1107
101,12,pulse,-25,80.603617876,80.609603215,1107,0.000000000,12.200,47,0,0,0,true,1107
101,12,pulse,-25,80.616051700,80.621656568,1107,0.000000000,12.200,47,0,0,0,true,1107
101,12,rest,0,80.633778278,80.639760719,1107,0.000000000,12.200,47,0,0,1,true,1107
101,12,rest,0,80.645596520,80.651764245,1107,0.000000000,12.100,47,0,0,1,true,1107
101,12,rest,0,80.657279462,80.663468191,1107,0.000000000,12.100,47,0,0,1,true,1107
101,12,rest,0,80.669508720,80.675252770,1107,0.000000000,12.100,47,0,0,1,true,1107
101,12,rest,0,80.681161073,80.687282737,1107,0.000000000,12.100,47,0,0,1,true,1107
101,12,rest,0,80.693241040,80.699231227,1107,0.000000000,12.100,47,0,0,1,true,1107
101,12,rest,0,80.705366800,80.711249797,1107,0.000000000,12.100,47,0,0,1,true,1107
101,12,rest,0,80.717165527,80.723266621,1107,0.000000000,12.100,47,0,0,1,true,1107
101,12,rest,0,80.729321216,80.735208746,1107,0.000000000,12.100,47,0,0,1,true,1107
101,12,rest,0,80.741342553,80.747239849,1107,0.000000000,12.100,47,0,0,1,true,1107
101,12,rest,0,80.753286907,80.759165224,1107,0.000000000,12.100,47,0,0,1,true,1107
101,12,rest,0,80.765342816,80.771434377,1107,0.000000000,12.100,47,0,0,1,true,1107
101,12,rest,0,80.777149756,80.783433587,1107,0.000000000,12.100,47,0,0,1,true,1107
101,12,rest,0,80.789340855,80.795377056,1107,0.000000000,12.100,47,0,0,1,true,1107
101,12,rest,0,80.801426739,80.807468575,1107,0.000000000,12.100,47,0,0,1,true,1107
101,12,rest,0,80.813456505,80.819566385,1107,0.000000000,12.100,47,0,0,1,true,1107
101,12,rest,0,80.825371250,80.831393487,1107,0.000000000,12.100,47,0,0,1,true,1107
101,12,rest,0,80.837374380,80.843419558,1107,0.000000000,12.100,47,0,0,1,true,1107
101,12,rest,0,80.849348100,80.855347593,1107,0.000000000,12.100,47,0,0,1,true,1107
101,12,rest,0,80.861337230,80.867229001,1107,0.000000000,12.100,47,0,0,1,true,1107
101,12,rest,0,80.873344076,80.879241694,1107,0.000000000,12.100,47,0,0,1,true,1107
101,12,rest,0,80.885245465,80.891462598,1107,0.000000000,12.100,47,0,0,1,true,1107
101,12,rest,0,80.897257078,80.903276127,1107,0.000000000,12.100,47,0,0,1,true,1107
101,12,rest,0,80.909163914,80.915990072,1107,0.000000000,12.100,47,0,0,1,true,1107
101,12,rest,0,80.921557151,80.927625078,1107,0.000000000,12.100,47,0,0,1,true,1107
101,12,rest,0,80.933668599,80.939671996,1107,0.000000000,12.100,47,0,0,1,true,1107
101,12,rest,0,80.945767890,80.951807965,1107,0.000000000,12.100,47,0,0,1,true,1107
101,12,rest,0,80.957576060,80.963393804,1107,0.000000000,12.100,47,0,0,1,true,1107
101,12,rest,0,80.969305324,80.975394890,1107,0.000000000,12.100,47,0,0,1,true,1107
101,12,rest,0,80.981093613,80.987176934,1107,0.000000000,12.100,47,0,0,1,true,1107
101,12,rest,0,80.993137144,80.999294994,1107,0.000000000,12.100,47,0,0,1,true,1107
101,12,rest,0,81.005152611,81.011150557,1107,0.000000000,12.100,47,0,0,1,true,1107
101,12,rest,0,81.017413305,81.023896076,1107,0.000000000,12.100,47,0,0,1,true,1107
101,12,rest,0,81.029394349,81.035462322,1107,0.000000000,12.100,47,0,0,1,true,1107
101,12,rest,0,81.041888354,81.047683344,1107,0.000000000,12.100,47,0,0,1,true,1107
101,12,rest,0,81.053559024,81.059623281,1107,0.000000000,12.100,47,0,0,1,true,1107
101,12,rest,0,81.065180247,81.071160509,1107,0.000000000,12.100,47,0,0,1,true,1107
101,12,rest,0,81.077858622,81.083641484,1107,0.000000000,12.100,47,0,0,1,true,1107
101,12,rest,0,81.089467757,81.095350059,1107,0.000000000,12.100,47,0,0,1,true,1107
101,12,rest,0,81.101359919,81.107298398,1107,0.000000000,12.100,47,0,0,1,true,1107
101,12,rest,0,81.113106385,81.119575609,1107,0.000000000,12.100,47,0,0,1,true,1107
101,12,rest,0,81.125211748,81.131321104,1107,0.000000000,12.100,47,0,0,1,true,1107
101,12,rest,0,81.137400424,81.143472225,1107,0.000000000,12.100,47,0,0,1,true,1107
101,12,rest,0,81.149405228,81.155518128,1107,0.000000000,12.100,47,0,0,1,true,1107
101,12,rest,0,81.161132652,81.167146920,1107,0.000000000,12.100,47,0,0,1,true,1107
101,12,rest,0,81.173105974,81.179543186,1107,0.000000000,12.100,47,0,0,1,true,1107
101,12,rest,0,81.185231147,81.191330428,1107,0.000000000,12.100,47,0,0,1,true,1107
101,12,rest,0,81.197141615,81.203283109,1107,0.000000000,12.100,47,0,0,1,true,1107
101,12,rest,0,81.209293208,81.215441994,1107,0.000000000,12.100,47,0,0,1,true,1107
101,12,rest,0,81.221233104,81.227170877,1107,0.000000000,12.100,47,0,0,1,true,1107
102,12,pulse,50,81.317103687,81.323298574,1107,0.000000000,12.200,47,0,0,0,true,1107
102,12,pulse,50,81.329162007,81.335659262,1107,0.000000000,12.200,47,0,0,0,true,1107
102,12,pulse,50,81.340997246,81.347217263,1107,0.000000000,12.100,47,0,0,0,true,1107
102,12,pulse,50,81.353180017,81.359288751,1108,0.076699039,12.100,47,0,0,0,true,1108
102,12,pulse,50,81.364946889,81.371158876,1109,0.153398079,12.100,47,0,0,0,true,1109
102,12,pulse,50,81.376953492,81.383085220,1111,0.153398079,12.100,47,0,0,0,true,1111
102,12,pulse,50,81.389158521,81.395279138,1112,0.153398079,12.200,47,0,0,0,true,1112
102,12,pulse,50,81.401385207,81.407192755,1113,0.153398079,12.100,47,0,0,0,true,1113
102,12,rest,0,81.419254264,81.424996843,1115,0.076699039,12.100,47,0,0,1,true,1115
102,12,rest,0,81.431106374,81.437109382,1115,0.076699039,12.200,47,0,0,1,true,1115
102,12,rest,0,81.443371918,81.449364018,1115,0.000000000,12.200,47,0,0,1,true,1115
102,12,rest,0,81.455293547,81.461311958,1115,0.000000000,12.200,47,0,0,1,true,1115
102,12,rest,0,81.467184488,81.473199730,1115,0.000000000,12.200,47,0,0,1,true,1115
102,12,rest,0,81.479172209,81.485254403,1115,0.000000000,12.200,47,0,0,1,true,1115
102,12,rest,0,81.491121528,81.497135983,1115,0.000000000,12.200,47,0,0,1,true,1115
102,12,rest,0,81.503330762,81.509267682,1115,0.000000000,12.200,47,0,0,1,true,1115
102,12,rest,0,81.515101253,81.521107802,1115,0.000000000,12.200,47,0,0,1,true,1115
102,12,rest,0,81.527122214,81.532936302,1115,0.000000000,12.200,47,0,0,1,true,1115
102,12,rest,0,81.539810520,81.545622158,1115,0.000000000,12.200,47,0,0,1,true,1115
102,12,rest,0,81.551667475,81.557407428,1115,0.000000000,12.200,47,0,0,1,true,1115
102,12,rest,0,81.563375631,81.569198858,1115,0.000000000,12.200,47,0,0,1,true,1115
102,12,rest,0,81.575056616,81.581181175,1115,0.000000000,12.200,47,0,0,1,true,1115
102,12,rest,0,81.587355323,81.593306817,1115,0.000000000,12.200,47,0,0,1,true,1115
102,12,rest,0,81.599072733,81.605180218,1115,0.000000000,12.200,47,0,0,1,true,1115
102,12,rest,0,81.611194188,81.617354474,1115,0.000000000,12.200,47,0,0,1,true,1115
102,12,rest,0,81.623148908,81.629078876,1115,0.000000000,12.200,47,0,0,1,true,1115
102,12,rest,0,81.635069931,81.641186746,1115,0.000000000,12.200,47,0,0,1,true,1115
102,12,rest,0,81.647254184,81.653421797,1115,0.000000000,12.200,47,0,0,1,true,1115
102,12,rest,0,81.659142938,81.665294798,1115,0.000000000,12.200,47,0,0,1,true,1115
102,12,rest,0,81.671304979,81.677288161,1115,0.000000000,12.200,47,0,0,1,true,1115
102,12,rest,0,81.683071625,81.689156084,1115,0.000000000,12.200,47,0,0,1,true,1115
102,12,rest,0,81.695112484,81.701183095,1115,0.000000000,12.200,47,0,0,1,true,1115
102,12,rest,0,81.706991588,81.713046222,1115,0.000000000,12.200,47,0,0,1,true,1115
102,12,rest,0,81.719078757,81.725173578,1115,0.000000000,12.200,47,0,0,1,true,1115
102,12,rest,0,81.731218601,81.737002027,1115,0.000000000,12.200,47,0,0,1,true,1115
102,12,rest,0,81.743033904,81.749161635,1115,0.000000000,12.200,47,0,0,1,true,1115
102,12,rest,0,81.754970218,81.761150815,1115,0.000000000,12.100,47,0,0,1,true,1115
102,12,rest,0,81.767879449,81.773627933,1115,0.000000000,12.100,47,0,0,1,true,1115
102,12,rest,0,81.779430964,81.785427930,1115,0.000000000,12.200,47,0,0,1,true,1115
102,12,rest,0,81.791094993,81.797144107,1115,0.000000000,12.200,47,0,0,1,true,1115
102,12,rest,0,81.803048756,81.809175151,1115,0.000000000,12.100,47,0,0,1,true,1115
102,12,rest,0,81.815065452,81.821068463,1115,0.000000000,12.200,47,0,0,1,true,1115
102,12,rest,0,81.827156927,81.833244918,1115,0.000000000,12.200,47,0,0,1,true,1115
102,12,rest,0,81.838904162,81.844916982,1115,0.000000000,12.100,47,0,0,1,true,1115
102,12,rest,0,81.851126641,81.857290916,1115,0.000000000,12.100,47,0,0,1,true,1115
102,12,rest,0,81.863224154,81.869083662,1115,0.000000000,12.200,47,0,0,1,true,1115
102,12,rest,0,81.875109346,81.881861371,1115,0.000000000,12.100,47,0,0,1,true,1115
102,12,rest,0,81.887002972,81.893213831,1115,0.000000000,12.200,47,0,0,1,true,1115
102,12,rest,0,81.898947258,81.904955280,1115,0.000000000,12.200,47,0,0,1,true,1115
102,12,rest,0,81.911044989,81.917106315,1115,0.000000000,12.100,47,0,0,1,true,1115
102,12,rest,0,81.922967214,81.929232534,1115,0.000000000,12.100,47,0,0,1,true,1115
102,12,rest,0,81.935176999,81.941234343,1115,0.000000000,12.100,47,0,0,1,true,1115
102,12,rest,0,81.947229862,81.953282192,1115,0.000000000,12.100,47,0,0,1,true,1115
102,12,rest,0,81.958956241,81.965127821,1115,0.000000000,12.100,47,0,0,1,true,1115
102,12,rest,0,81.971041783,81.977017172,1115,0.000000000,12.100,47,0,0,1,true,1115
102,12,rest,0,81.982993491,81.989101865,1115,0.000000000,12.100,47,0,0,1,true,1115
102,12,rest,0,81.994998732,82.001339889,1115,0.000000000,12.100,47,0,0,1,true,1115
102,12,rest,0,82.007052809,82.012976495,1115,0.000000000,12.100,47,0,0,1,true,1115
103,12,pulse,-50,82.108894777,82.114913221,1115,0.000000000,12.200,47,0,0,0,true,1115
103,12,pulse,-50,82.120940226,82.127218927,1115,0.000000000,12.200,47,0,0,0,true,1115
103,12,pulse,-50,82.133130010,82.139282706,1114,0.000000000,12.200,47,0,0,0,true,1114
103,12,pulse,-50,82.145236592,82.151237577,1113,-0.076699039,12.200,47,0,0,0,true,1113
103,12,pulse,-50,82.157022857,82.163049487,1113,-0.153398079,12.200,47,0,0,0,true,1113
103,12,pulse,-50,82.169070081,82.175096652,1112,0.000000000,12.100,47,0,0,0,true,1112
103,12,pulse,-50,82.181163636,82.187035269,1111,-0.076699039,12.100,47,0,0,0,true,1111
103,12,pulse,-50,82.193113988,82.198954317,1109,-0.153398079,12.100,47,0,0,0,true,1109
103,12,rest,0,82.211059170,82.217053612,1108,-0.153398079,12.100,47,0,0,1,true,1108
103,12,rest,0,82.222962351,82.228995053,1107,-0.076699039,12.100,47,0,0,1,true,1107
103,12,rest,0,82.235133762,82.241188233,1107,0.000000000,12.100,47,0,0,1,true,1107
103,12,rest,0,82.247130622,82.253144388,1107,0.000000000,12.200,47,0,0,1,true,1107
103,12,rest,0,82.259163848,82.265838907,1107,0.000000000,12.200,47,0,0,1,true,1107
103,12,rest,0,82.271570058,82.277319301,1107,0.000000000,12.200,47,0,0,1,true,1107
103,12,rest,0,82.283330106,82.289146377,1107,0.000000000,12.200,47,0,0,1,true,1107
103,12,rest,0,82.295191922,82.301114241,1107,0.000000000,12.200,47,0,0,1,true,1107
103,12,rest,0,82.306909964,82.313066590,1107,0.000000000,12.200,47,0,0,1,true,1107
103,12,rest,0,82.318892554,82.325113615,1107,0.000000000,12.200,47,0,0,1,true,1107
103,12,rest,0,82.331232709,82.337029605,1107,0.000000000,12.200,47,0,0,1,true,1107
103,12,rest,0,82.343039069,82.349005376,1107,0.000000000,12.200,47,0,0,1,true,1107
103,12,rest,0,82.355077482,82.360978844,1107,0.000000000,12.200,47,0,0,1,true,1107
103,12,rest,0,82.367241808,82.373057886,1107,0.000000000,12.200,47,0,0,1,true,1107
103,12,rest,0,82.379104803,82.385066134,1107,0.000000000,12.200,48,0,0,1,true,1107
103,12,rest,0,82.391051521,82.397291977,1107,0.000000000,12.200,47,0,0,1,true,1107
103,12,rest,0,82.403362178,82.409275592,1107,0.000000000,12.200,47,0,0,1,true,1107
103,12,rest,0,82.415256748,82.421110943,1107,0.000000000,12.200,47,0,0,1,true,1107
103,12,rest,0,82.427459251,82.433464816,1107,0.000000000,12.200,48,0,0,1,true,1107
103,12,rest,0,82.439483966,82.446067742,1107,0.000000000,12.200,47,0,0,1,true,1107
103,12,rest,0,82.451175740,82.457180503,1107,0.000000000,12.200,47,0,0,1,true,1107
103,12,rest,0,82.463193169,82.469142796,1107,0.000000000,12.100,47,0,0,1,true,1107
103,12,rest,0,82.475109750,82.481103394,1107,0.000000000,12.100,47,0,0,1,true,1107
103,12,rest,0,82.487131227,82.493007362,1107,0.000000000,12.200,47,0,0,1,true,1107
103,12,rest,0,82.498987571,82.505030206,1107,0.000000000,12.200,48,0,0,1,true,1107
103,12,rest,0,82.511124066,82.517110281,1107,0.000000000,12.200,48,0,0,1,true,1107
103,12,rest,0,82.522914001,82.529031869,1107,0.000000000,12.200,48,0,0,1,true,1107
103,12,rest,0,82.535046861,82.541205821,1107,0.000000000,12.200,47,0,0,1,true,1107
103,12,rest,0,82.546970021,82.553020833,1107,0.000000000,12.100,47,0,0,1,true,1107
103,12,rest,0,82.559098467,82.565121706,1107,0.000000000,12.200,47,0,0,1,true,1107
103,12,rest,0,82.571131412,82.577212608,1107,0.000000000,12.200,47,0,0,1,true,1107
103,12,rest,0,82.583290020,82.589061122,1107,0.000000000,12.100,48,0,0,1,true,1107
103,12,rest,0,82.595083147,82.601114937,1107,0.000000000,12.200,47,0,0,1,true,1107
103,12,rest,0,82.607249366,82.613291680,1107,0.000000000,12.200,47,0,0,1,true,1107
103,12,rest,0,82.619323814,82.625128176,1107,0.000000000,12.200,48,0,0,1,true,1107
103,12,rest,0,82.631080196,82.637305831,1107,0.000000000,12.100,48,0,0,1,true,1107
103,12,rest,0,82.643384856,82.649351939,1107,0.000000000,12.100,47,0,0,1,true,1107
103,12,rest,0,82.655024501,82.660922370,1107,0.000000000,12.100,48,0,0,1,true,1107
103,12,rest,0,82.667142579,82.672924278,1107,0.000000000,12.200,48,0,0,1,true,1107
103,12,rest,0,82.679039848,82.685126039,1107,0.000000000,12.100,47,0,0,1,true,1107
103,12,rest,0,82.691003289,82.697146242,1107,0.000000000,12.200,48,0,0,1,true,1107
103,12,rest,0,82.703228013,82.709089097,1107,0.000000000,12.100,48,0,0,1,true,1107
103,12,rest,0,82.715131883,82.720984989,1107,0.000000000,12.100,47,0,0,1,true,1107
103,12,rest,0,82.726989195,82.733115111,1107,0.000000000,12.100,48,0,0,1,true,1107
103,12,rest,0,82.738948468,82.745070016,1107,0.000000000,12.200,48,0,0,1,true,1107
103,12,rest,0,82.751086980,82.757055018,1107,0.000000000,12.200,48,0,0,1,true,1107
103,12,rest,0,82.762880640,82.769010335,1107,0.000000000,12.100,48,0,0,1,true,1107
103,12,rest,0,82.775028863,82.780879238,1107,0.000000000,12.200,48,0,0,1,true,1107
103,12,rest,0,82.786823579,82.793092429,1107,0.000000000,12.200,48,0,0,1,true,1107
103,12,rest,0,82.798962745,82.805351647,1107,0.000000000,12.200,48,0,0,1,true,1107
104,12,pulse,50,82.901059636,82.907144835,1107,0.000000000,12.200,48,0,0,0,true,1107
104,12,pulse,50,82.913232573,82.918987811,1107,0.000000000,12.200,48,0,0,0,true,1107
104,12,pulse,50,82.924999825,82.931240090,1107,0.000000000,12.100,48,0,0,0,true,1107
104,12,pulse,50,82.936909094,82.943757550,1107,0.000000000,12.100,48,0,0,0,true,1107
104,12,pulse,50,82.949502053,82.955170675,1108,0.076699039,12.100,48,0,0,0,true,1108
104,12,pulse,50,82.960982598,82.967285465,1110,0.153398079,12.100,48,0,0,0,true,1110
104,12,pulse,50,82.973113417,82.978969510,1111,0.153398079,12.100,48,0,0,0,true,1111
104,12,pulse,50,82.985043574,82.991099310,1112,0.153398079,12.100,48,0,0,0,true,1112
104,12,rest,0,83.002809176,83.009078724,1114,0.230097118,12.100,48,0,0,1,true,1114
104,12,rest,0,83.014987135,83.021015207,1114,0.000000000,12.100,48,0,0,1,true,1114
104,12,rest,0,83.026897056,83.032885042,1114,0.000000000,12.100,48,0,0,1,true,1114
104,12,rest,0,83.039045430,83.045110085,1114,0.000000000,12.100,48,0,0,1,true,1114
104,12,rest,0,83.050983344,83.056882970,1114,0.000000000,12.100,48,0,0,1,true,1114
104,12,rest,0,83.063099860,83.068835704,1114,0.000000000,12.100,48,0,0,1,true,1114
104,12,rest,0,83.075007554,83.080786133,1114,0.000000000,12.100,48,0,0,1,true,1114
104,12,rest,0,83.086883900,83.093174977,1114,0.000000000,12.100,48,0,0,1,true,1114
104,12,rest,0,83.099009790,83.105130011,1114,0.000000000,12.100,48,0,0,1,true,1114
104,12,rest,0,83.149239904,83.189595141,1114,0.000000000,12.100,48,0,0,1,true,1114
104,12,rest,0,83.195023341,83.201092964,1114,0.000000000,12.100,48,0,0,1,true,1114
104,12,rest,0,83.207198111,83.212922486,1114,0.000000000,12.100,48,0,0,1,true,1114
104,12,rest,0,83.219000306,83.224982228,1114,0.000000000,12.100,48,0,0,1,true,1114
104,12,rest,0,83.231710542,83.237298045,1114,0.000000000,12.100,48,0,0,1,true,1114
104,12,rest,0,83.243472492,83.249345433,1114,0.000000000,12.100,48,0,0,1,true,1114
104,12,rest,0,83.255179519,83.260984684,1114,0.000000000,12.100,48,0,0,1,true,1114
104,12,rest,0,83.267028937,83.272834617,1114,0.000000000,12.100,48,0,0,1,true,1114
104,12,rest,0,83.278962380,83.285034539,1114,0.000000000,12.100,48,0,0,1,true,1114
104,12,rest,0,83.290876191,83.296894745,1114,0.000000000,12.100,48,0,0,1,true,1114
104,12,rest,0,83.302748051,83.308795774,1114,0.000000000,12.100,48,0,0,1,true,1114
104,12,rest,0,83.314714676,83.321079026,1114,0.000000000,12.100,48,0,0,1,true,1114
104,12,rest,0,83.327147949,83.333155372,1114,0.000000000,12.100,48,0,0,1,true,1114
104,12,rest,0,83.338970277,83.345244539,1114,0.000000000,12.100,48,0,0,1,true,1114
104,12,rest,0,83.351637012,83.357081499,1114,0.000000000,12.100,48,0,0,1,true,1114
104,12,rest,0,83.362954972,83.369340330,1114,0.000000000,12.100,48,0,0,1,true,1114
104,12,rest,0,83.374801213,83.380887150,1114,0.000000000,12.100,48,0,0,1,true,1114
104,12,rest,0,83.386888650,83.392861584,1114,0.000000000,12.100,48,0,0,1,true,1114
104,12,rest,0,83.398811256,83.404958617,1114,0.000000000,12.100,48,0,0,1,true,1114
104,12,rest,0,83.410992118,83.417197300,1114,0.000000000,12.100,48,0,0,1,true,1114
104,12,rest,0,83.423303579,83.429445415,1114,0.000000000,12.100,48,0,0,1,true,1114
104,12,rest,0,83.435250896,83.441213069,1114,0.000000000,12.200,48,0,0,1,true,1114
104,12,rest,0,83.447450268,83.453280295,1114,0.000000000,12.100,48,0,0,1,true,1114
104,12,rest,0,83.458939504,83.465079394,1114,0.000000000,12.100,48,0,0,1,true,1114
104,12,rest,0,83.471007184,83.477113849,1114,0.000000000,12.100,48,0,0,1,true,1114
104,12,rest,0,83.482753213,83.489138185,1114,0.000000000,12.100,48,0,0,1,true,1114
104,12,rest,0,83.495017980,83.500876651,1114,0.000000000,12.100,48,0,0,1,true,1114
104,12,rest,0,83.507001369,83.512814911,1114,0.000000000,12.100,48,0,0,1,true,1114
104,12,rest,0,83.518885221,83.525038766,1114,0.000000000,12.100,48,0,0,1,true,1114
104,12,rest,0,83.530935941,83.537151657,1114,0.000000000,12.200,48,0,0,1,true,1114
104,12,rest,0,83.543004405,83.548992112,1114,0.000000000,12.100,48,0,0,1,true,1114
104,12,rest,0,83.555069774,83.560904852,1114,0.000000000,12.100,48,0,0,1,true,1114
104,12,rest,0,83.567062834,83.572971198,1114,0.000000000,12.100,48,0,0,1,true,1114
104,12,rest,0,83.578914967,83.585569329,1114,0.000000000,12.100,48,0,0,1,true,1114
104,12,rest,0,83.591357587,83.597433733,1114,0.000000000,12.100,48,0,0,1,true,1114
105,12,pulse,-50,83.692902942,83.698728038,1114,0.000000000,12.100,48,0,0,0,true,1114
105,12,pulse,-50,83.704876628,83.710816735,1114,0.000000000,12.100,48,0,0,0,true,1114
105,12,pulse,-50,83.716945287,83.722857700,1114,0.000000000,12.100,48,0,0,0,true,1114
105,12,pulse,-50,83.728774457,83.735408017,1113,0.000000000,12.100,48,0,0,0,true,1113
105,12,pulse,-50,83.741309154,83.747460789,1113,-0.153398079,12.100,48,0,0,0,true,1113
105,12,pulse,-50,83.753533229,83.759032039,1112,0.000000000,12.100,48,0,0,0,true,1112
105,12,pulse,-50,83.765076823,83.771052836,1111,-0.076699039,12.100,48,0,0,0,true,1111
105,12,pulse,-50,83.777945211,83.782939869,1109,-0.153398079,12.100,48,0,0,0,true,1109
105,12,rest,0,83.794940766,83.801034419,1108,-0.153398079,12.100,48,0,0,1,true,1108
105,12,rest,0,83.806976715,83.812894349,1107,-0.153398079,12.100,48,0,0,1,true,1107
105,12,rest,0,83.818856822,83.824887733,1107,0.000000000,12.100,48,0,0,1,true,1107
105,12,rest,0,83.850131150,83.856732801,1107,0.000000000,12.100,48,0,0,1,true,1107
105,12,rest,0,83.861380552,83.867070535,1107,0.000000000,12.100,48,0,0,1,true,1107
105,12,rest,0,83.872964073,83.879568267,1107,0.000000000,12.100,48,0,0,1,true,1107
105,12,rest,0,83.885588222,83.890969308,1107,0.000000000,12.100,48,0,0,1,true,1107
105,12,rest,0,83.897293064,83.903022991,1107,0.000000000,12.100,48,0,0,1,true,1107
105,12,rest,0,83.909163373,83.915348413,1107,0.000000000,12.100,48,0,0,1,true,1107
105,12,rest,0,83.921104058,83.927475260,1107,0.000000000,12.100,48,0,0,1,true,1107
105,12,rest,0,83.933255031,83.939192438,1107,0.000000000,12.100,48,0,0,1,true,1107
105,12,rest,0,83.945239851,83.951068051,1107,0.000000000,12.100,48,0,0,1,true,1107
105,12,rest,0,83.956958752,83.963082423,1107,0.000000000,12.200,48,0,0,1,true,1107
105,12,rest,0,83.969019903,83.975031628,1107,0.000000000,12.200,48,0,0,1,true,1107
105,12,rest,0,83.981209240,83.987065078,1107,0.000000000,12.100,48,0,0,1,true,1107
105,12,rest,0,83.992958307,83.999039513,1107,0.000000000,12.100,48,0,0,1,true,1107
105,12,rest,0,84.004999817,84.012134146,1107,0.000000000,12.200,48,0,0,1,true,1107
105,12,rest,0,84.017063678,84.023039100,1107,0.000000000,12.200,48,0,0,1,true,1107
105,12,rest,0,84.028915248,84.035311853,1107,0.000000000,12.200,48,0,0,1,true,1107
105,12,rest,0,84.041083019,84.048016162,1107,0.000000000,12.200,48,0,0,1,true,1107
105,12,rest,0,84.053315095,84.059614413,1107,0.000000000,12.200,48,0,0,1,true,1107
105,12,rest,0,84.065087027,84.070899380,1107,0.000000000,12.200,48,0,0,1,true,1107
105,12,rest,0,84.077111704,84.083010236,1107,0.000000000,12.200,48,0,0,1,true,1107
105,12,rest,0,84.089158646,84.095057127,1107,0.000000000,12.200,48,0,0,1,true,1107
105,12,rest,0,84.101073125,84.106951763,1107,0.000000000,12.200,48,0,0,1,true,1107
105,12,rest,0,84.113156331,84.119121692,1107,0.000000000,12.200,48,0,0,1,true,1107
105,12,rest,0,84.126005844,84.131655584,1107,0.000000000,12.100,48,0,0,1,true,1107
105,12,rest,0,84.137621706,84.143565180,1107,0.000000000,12.100,48,0,0,1,true,1107
105,12,rest,0,84.149804338,84.155694571,1107,0.000000000,12.100,48,0,0,1,true,1107
105,12,rest,0,84.161392526,84.167228855,1107,0.000000000,12.100,48,0,0,1,true,1107
105,12,rest,0,84.173011136,84.179006859,1107,0.000000000,12.100,48,0,0,1,true,1107
105,12,rest,0,84.184944794,84.191180175,1107,0.000000000,12.100,48,0,0,1,true,1107
105,12,rest,0,84.197012481,84.202980828,1107,0.000000000,12.200,48,0,0,1,true,1107
105,12,rest,0,84.208906908,84.215071179,1107,0.000000000,12.200,48,0,0,1,true,1107
105,12,rest,0,84.220865232,84.227026624,1107,0.000000000,12.200,48,0,0,1,true,1107
105,12,rest,0,84.232958665,84.239010127,1107,0.000000000,12.200,48,0,0,1,true,1107
105,12,rest,0,84.244867885,84.251238554,1107,0.000000000,12.200,48,0,0,1,true,1107
105,12,rest,0,84.257497386,84.263316934,1107,0.000000000,12.200,48,0,0,1,true,1107
105,12,rest,0,84.269158789,84.275064527,1107,0.000000000,12.200,48,0,0,1,true,1107
105,12,rest,0,84.281143653,84.287051876,1107,0.000000000,12.200,48,0,0,1,true,1107
105,12,rest,0,84.293158925,84.299101207,1107,0.000000000,12.200,48,0,0,1,true,1107
105,12,rest,0,84.305108711,84.311099904,1107,0.000000000,12.100,48,0,0,1,true,1107
105,12,rest,0,84.317037165,84.323061617,1107,0.000000000,12.100,48,0,0,1,true,1107
105,12,rest,0,84.329240081,84.335156452,1107,0.000000000,12.100,48,0,0,1,true,1107
105,12,rest,0,84.341289563,84.347922555,1107,0.000000000,12.100,48,0,0,1,true,1107
105,12,rest,0,84.353673945,84.359706837,1107,0.000000000,12.100,48,0,0,1,true,1107
105,12,rest,0,84.365314348,84.371191702,1107,0.000000000,12.200,48,0,0,1,true,1107
105,12,rest,0,84.376997462,84.383164756,1107,0.000000000,12.200,48,0,0,1,true,1107
106,12,pulse,50,84.479077483,84.485169705,1107,0.000000000,12.200,48,0,0,0,true,1107
106,12,pulse,50,84.491329927,84.497200913,1107,0.000000000,12.200,48,0,0,0,true,1107
106,12,pulse,50,84.502992696,84.509018758,1107,0.000000000,12.200,48,0,0,0,true,1107
106,12,pulse,50,84.515293356,84.521388590,1108,0.000000000,12.100,48,0,0,0,true,1108
106,12,pulse,50,84.527362568,84.533212766,1109,0.076699039,12.100,48,0,0,0,true,1109
106,12,pulse,50,84.539186636,84.545416822,1110,0.153398079,12.100,48,0,0,0,true,1110
106,12,pulse,50,84.551339300,84.557152206,1111,0.153398079,12.100,48,0,0,0,true,1111
106,12,pulse,50,84.563424146,84.569209646,1112,0.230097118,12.100,48,0,0,0,true,1112
106,12,rest,0,84.581070511,84.586932976,1114,0.153398079,12.100,48,0,0,1,true,1114
106,12,rest,0,84.593081913,84.598939386,1114,0.076699039,12.100,48,0,0,1,true,1114
106,12,rest,0,84.604949884,84.611122198,1114,0.000000000,12.100,48,0,0,1,true,1114
106,12,rest,0,84.617225318,84.622937281,1114,0.000000000,12.100,48,0,0,1,true,1114
106,12,rest,0,84.629186858,84.634978142,1114,0.000000000,12.100,48,0,0,1,true,1114
106,12,rest,0,84.641377174,84.647526751,1114,0.000000000,12.100,48,0,0,1,true,1114
106,12,rest,0,84.653141321,84.659182883,1114,0.000000000,12.100,48,0,0,1,true,1114
106,12,rest,0,84.665374794,84.670991649,1114,0.000000000,12.100,48,0,0,1,true,1114
106,12,rest,0,84.676817853,84.683161989,1114,0.000000000,12.100,48,0,0,1,true,1114
106,12,rest,0,84.688883152,84.695010594,1114,0.000000000,12.200,48,0,0,1,true,1114
106,12,rest,0,84.700945922,84.707461146,1114,0.000000000,12.200,48,0,0,1,true,1114
106,12,rest,0,84.713463075,84.719477136,1114,0.000000000,12.200,48,0,0,1,true,1114
106,12,rest,0,84.725187807,84.731253626,1114,0.000000000,12.200,48,0,0,1,true,1114
106,12,rest,0,84.737213322,84.743254295,1114,0.000000000,12.200,48,0,0,1,true,1114
106,12,rest,0,84.749281959,84.755377540,1114,0.000000000,12.200,48,0,0,1,true,1114
106,12,rest,0,84.761920432,84.767369285,1114,0.000000000,12.200,48,0,0,1,true,1114
106,12,rest,0,84.773084011,84.779086136,1114,0.000000000,12.200,48,0,0,1,true,1114
106,12,rest,0,84.784996971,84.791073511,1114,0.000000000,12.200,48,0,0,1,true,1114
106,12,rest,0,84.796986496,84.802847551,1114,0.000000000,12.200,48,0,0,1,true,1114
106,12,rest,0,84.809014726,84.815053928,1114,0.000000000,12.200,48,0,0,1,true,1114
106,12,rest,0,84.821123969,84.827051084,1114,0.000000000,12.200,48,0,0,1,true,1114
106,12,rest,0,84.832972894,84.839499941,1114,0.000000000,12.100,48,0,0,1,true,1114
106,12,rest,0,84.845048211,84.851113188,1114,0.000000000,12.100,48,0,0,1,true,1114
106,12,rest,0,84.857218845,84.863020493,1114,0.000000000,12.200,48,0,0,1,true,1114
106,12,rest,0,84.869086157,84.874920864,1114,0.000000000,12.200,48,0,0,1,true,1114
106,12,rest,0,84.880795004,84.887000327,1114,0.000000000,12.200,48,0,0,1,true,1114
106,12,rest,0,84.892915459,84.898862156,1114,0.000000000,12.200,48,0,0,1,true,1114
106,12,rest,0,84.905021641,84.911023515,1114,0.000000000,12.200,48,0,0,1,true,1114
106,12,rest,0,84.916966242,84.922914318,1114,0.000000000,12.200,48,0,0,1,true,1114
106,12,rest,0,84.929058417,84.934925366,1114,0.000000000,12.200,48,0,0,1,true,1114
106,12,rest,0,84.940972624,84.947117083,1114,0.000000000,12.200,48,0,0,1,true,1114
106,12,rest,0,84.952992831,84.959110203,1114,0.000000000,12.200,48,0,0,1,true,1114
106,12,rest,0,84.965146892,84.971312702,1114,0.000000000,12.200,48,0,0,1,true,1114
106,12,rest,0,84.977286636,84.982978430,1114,0.000000000,12.200,48,0,0,1,true,1114
106,12,rest,0,84.989061095,84.995171790,1114,0.000000000,12.200,48,0,0,1,true,1114
106,12,rest,0,85.000971065,85.006858248,1114,0.000000000,12.200,48,0,0,1,true,1114
106,12,rest,0,85.013047377,85.018988570,1114,0.000000000,12.200,48,0,0,1,true,1114
106,12,rest,0,85.024999003,85.030825173,1114,0.000000000,12.200,48,0,0,1,true,1114
106,12,rest,0,85.037003040,85.042925415,1114,0.000000000,12.200,48,0,0,1,true,1114
106,12,rest,0,85.049017845,85.054872314,1114,0.000000000,12.200,48,0,0,1,true,1114
106,12,rest,0,85.060857938,85.066690597,1114,0.000000000,12.200,48,0,0,1,true,1114
106,12,rest,0,85.073077222,85.078891471,1114,0.000000000,12.200,48,0,0,1,true,1114
106,12,rest,0,85.085134814,85.091094375,1114,0.000000000,12.200,48,0,0,1,true,1114
106,12,rest,0,85.096800114,85.102790947,1114,0.000000000,12.200,48,0,0,1,true,1114
106,12,rest,0,85.108743291,85.114994519,1114,0.000000000,12.200,48,0,0,1,true,1114
106,12,rest,0,85.120906605,85.126845950,1114,0.000000000,12.200,48,0,0,1,true,1114
106,12,rest,0,85.132818482,85.138845919,1114,0.000000000,12.200,48,0,0,1,true,1114
106,12,rest,0,85.144844364,85.150853830,1114,0.000000000,12.200,48,0,0,1,true,1114
106,12,rest,0,85.156885349,85.163015559,1114,0.000000000,12.100,48,0,0,1,true,1114
106,12,rest,0,85.168797311,85.174894671,1114,0.000000000,12.100,48,0,0,1,true,1114
107,12,pulse,-50,85.264840699,85.270832950,1114,0.000000000,12.200,48,0,0,0,true,1114
107,12,pulse,-50,85.276845551,85.283122887,1114,0.000000000,12.100,48,0,0,0,true,1114
107,12,pulse,-50,85.289033053,85.294850780,1114,0.000000000,12.100,48,0,0,0,true,1114
107,12,pulse,-50,85.300862012,85.307046580,1113,0.000000000,12.100,48,0,0,0,true,1113
107,12,pulse,-50,85.312929685,85.318869037,1113,-0.153398079,12.100,48,0,0,0,true,1113
107,12,pulse,-50,85.324815384,85.331024065,1112,0.000000000,12.100,48,0,0,0,true,1112
107,12,pulse,-50,85.336877190,85.342921787,1111,-0.153398079,12.100,48,0,0,0,true,1111
107,12,pulse,-50,85.348692579,85.354790594,1109,-0.230097118,12.100,48,0,0,0,true,1109
107,12,rest,0,85.366992004,85.373057437,1108,-0.153398079,12.100,48,0,0,1,true,1108
107,12,rest,0,85.378723674,85.384774849,1107,-0.153398079,12.100,48,0,0,1,true,1107
107,12,rest,0,85.390858413,85.396698717,1107,0.000000000,12.100,48,0,0,1,true,1107
107,12,rest,0,85.402760764,85.408886574,1107,0.000000000,12.100,48,0,0,1,true,1107
107,12,rest,0,85.414687187,85.420997461,1107,0.000000000,12.100,48,0,0,1,true,1107
107,12,rest,0,85.426668043,85.432827445,1107,0.000000000,12.100,48,0,0,1,true,1107
107,12,rest,0,85.438820889,85.444850716,1107,0.000000000,12.100,48,0,0,1,true,1107
107,12,rest,0,85.450743767,85.457207526,1107,0.000000000,12.100,48,0,0,1,true,1107
107,12,rest,0,85.462750496,85.468993913,1107,0.000000000,12.100,48,0,0,1,true,1107
107,12,rest,0,85.474945974,85.481048223,1107,0.000000000,12.100,48,0,0,1,true,1107
107,12,rest,0,85.486784436,85.492986761,1107,0.000000000,12.200,48,0,0,1,true,1107
107,12,rest,0,85.498719394,85.504905474,1107,0.000000000,12.200,48,0,0,1,true,1107
107,12,rest,0,85.510820916,85.516930556,1107,0.000000000,12.200,48,0,0,1,true,1107
107,12,rest,0,85.522842364,85.528934999,1107,0.000000000,12.200,48,0,0,1,true,1107
107,12,rest,0,85.534847262,85.540825736,1107,0.000000000,12.200,48,0,0,1,true,1107
107,12,rest,0,85.546795780,85.552753021,1107,0.000000000,12.200,48,0,0,1,true,1107
107,12,rest,0,85.558824730,85.564951533,1107,0.000000000,12.200,48,0,0,1,true,1107
107,12,rest,0,85.570932568,85.576917192,1107,0.000000000,12.200,48,0,0,1,true,1107
107,12,rest,0,85.583035404,85.589048419,1107,0.000000000,12.200,48,0,0,1,true,1107
107,12,rest,0,85.594584985,85.600942559,1107,0.000000000,12.200,48,0,0,1,true,1107
107,12,rest,0,85.606835200,85.612714760,1107,0.000000000,12.200,48,0,0,1,true,1107
107,12,rest,0,85.618723813,85.625043183,1107,0.000000000,12.200,48,0,0,1,true,1107
107,12,rest,0,85.630621378,85.636976170,1107,0.000000000,12.200,48,0,0,1,true,1107
107,12,rest,0,85.642595613,85.648693519,1107,0.000000000,12.200,48,0,0,1,true,1107
107,12,rest,0,85.654655802,85.660906505,1107,0.000000000,12.200,48,0,0,1,true,1107
107,12,rest,0,85.666926036,85.673297938,1107,0.000000000,12.200,48,0,0,1,true,1107
107,12,rest,0,85.678697839,85.684893055,1107,0.000000000,12.200,48,0,0,1,true,1107
107,12,rest,0,85.690652467,85.696742351,1107,0.000000000,12.100,48,0,0,1,true,1107
107,12,rest,0,85.702741063,85.709122412,1107,0.000000000,12.200,48,0,0,1,true,1107
107,12,rest,0,85.714762533,85.720674668,1107,0.000000000,12.100,48,0,0,1,true,1107
107,12,rest,0,85.726922099,85.732759968,1107,0.000000000,12.200,48,0,0,1,true,1107
107,12,rest,0,85.738710610,85.744757929,1107,0.000000000,12.200,48,0,0,1,true,1107
107,12,rest,0,85.750678224,85.756804719,1107,0.000000000,12.100,48,0,0,1,true,1107
107,12,rest,0,85.762671053,85.768872079,1107,0.000000000,12.200,48,0,0,1,true,1107
107,12,rest,0,85.774906456,85.780973065,1107,0.000000000,12.100,48,0,0,1,true,1107
107,12,rest,0,85.787002653,85.792813394,1107,0.000000000,12.100,48,0,0,1,true,1107
107,12,rest,0,85.798816221,85.804918185,1107,0.000000000,12.200,48,0,0,1,true,1107
107,12,rest,0,85.810909139,85.816892286,1107,0.000000000,12.200,48,0,0,1,true,1107
107,12,rest,0,85.822966532,85.828802627,1107,0.000000000,12.100,48,0,0,1,true,1107
107,12,rest,0,85.834938877,85.840787967,1107,0.000000000,12.100,48,0,0,1,true,1107
107,12,rest,0,85.846673276,85.852786666,1107,0.000000000,12.100,48,0,0,1,true,1107
107,12,rest,0,85.859016442,85.864826244,1107,0.000000000,12.100,48,0,0,1,true,1107
107,12,rest,0,85.871031834,85.877062268,1107,0.000000000,12.100,48,0,0,1,true,1107
107,12,rest,0,85.882820233,85.888911149,1107,0.000000000,12.100,48,0,0,1,true,1107
107,12,rest,0,85.894782409,85.900703346,1107,0.000000000,12.100,48,0,0,1,true,1107
107,12,rest,0,85.906784906,85.912763006,1107,0.000000000,12.100,48,0,0,1,true,1107
107,12,rest,0,85.918947843,85.924859019,1107,0.000000000,12.100,48,0,0,1,true,1107
107,12,rest,0,85.931342058,85.937143357,1107,0.000000000,12.200,48,0,0,1,true,1107
107,12,rest,0,85.942601562,85.948660963,1107,0.000000000,12.100,48,0,0,1,true,1107
107,12,rest,0,85.954810714,85.960816971,1107,0.000000000,12.100,48,0,0,1,true,1107
