
-- Running command `read_verilog -noautowire src/experiment_frame_log.v; synth_gowin -family gw5a -strict-gw5a-dffs -nodsp -nolutram -nowidelut -noalu -top experiment_frame_log; check -assert; stat' --

1. Executing Verilog-2005 frontend: src/experiment_frame_log.v
Parsing Verilog input from `src/experiment_frame_log.v' to AST representation.
Generating RTLIL representation for module `\experiment_frame_log'.
Successfully finished Verilog frontend.

2. Executing SYNTH_GOWIN pass.

2.1. Executing Verilog-2005 frontend: /Users/elliot/.local/opt/oss-cad-suite/libexec/../share/yosys/gowin/cells_sim.v
Parsing Verilog input from `/Users/elliot/.local/opt/oss-cad-suite/libexec/../share/yosys/gowin/cells_sim.v' to AST representation.
Generating RTLIL representation for module `\LUT1'.
Generating RTLIL representation for module `\LUT2'.
Generating RTLIL representation for module `\LUT3'.
Generating RTLIL representation for module `\LUT4'.
Generating RTLIL representation for module `\__APICULA_LUT5'.
Generating RTLIL representation for module `\__APICULA_LUT6'.
Generating RTLIL representation for module `\__APICULA_LUT7'.
Generating RTLIL representation for module `\__APICULA_LUT8'.
Generating RTLIL representation for module `\MUX2'.
Generating RTLIL representation for module `\MUX2_LUT5'.
Generating RTLIL representation for module `\MUX2_LUT6'.
Generating RTLIL representation for module `\MUX2_LUT7'.
Generating RTLIL representation for module `\MUX2_LUT8'.
Generating RTLIL representation for module `\DFF'.
Generating RTLIL representation for module `\DFFE'.
Generating RTLIL representation for module `\DFFS'.
Generating RTLIL representation for module `\DFFSE'.
Generating RTLIL representation for module `\DFFR'.
Generating RTLIL representation for module `\DFFRE'.
Generating RTLIL representation for module `\DFFP'.
Generating RTLIL representation for module `\DFFPE'.
Generating RTLIL representation for module `\DFFC'.
Generating RTLIL representation for module `\DFFCE'.
Generating RTLIL representation for module `\DFFN'.
Generating RTLIL representation for module `\DFFNE'.
Generating RTLIL representation for module `\DFFNS'.
Generating RTLIL representation for module `\DFFNSE'.
Generating RTLIL representation for module `\DFFNR'.
Generating RTLIL representation for module `\DFFNRE'.
Generating RTLIL representation for module `\DFFNP'.
Generating RTLIL representation for module `\DFFNPE'.
Generating RTLIL representation for module `\DFFNC'.
Generating RTLIL representation for module `\DFFNCE'.
Generating RTLIL representation for module `\DL'.
Generating RTLIL representation for module `\DLN'.
Generating RTLIL representation for module `\DLE'.
Generating RTLIL representation for module `\DLNE'.
Generating RTLIL representation for module `\DLC'.
Generating RTLIL representation for module `\DLCE'.
Generating RTLIL representation for module `\DLNC'.
Generating RTLIL representation for module `\DLNCE'.
Generating RTLIL representation for module `\DLP'.
Generating RTLIL representation for module `\DLPE'.
Generating RTLIL representation for module `\DLNP'.
Generating RTLIL representation for module `\DLNPE'.
Generating RTLIL representation for module `\VCC'.
Generating RTLIL representation for module `\GND'.
Generating RTLIL representation for module `\IBUF'.
Generating RTLIL representation for module `\OBUF'.
Generating RTLIL representation for module `\TBUF'.
Generating RTLIL representation for module `\IOBUF'.
Generating RTLIL representation for module `\ELVDS_OBUF'.
Generating RTLIL representation for module `\TLVDS_OBUF'.
Generating RTLIL representation for module `\OSER4'.
Generating RTLIL representation for module `\OSER4_MEM'.
Generating RTLIL representation for module `\OSER8'.
Generating RTLIL representation for module `\OSER10'.
Generating RTLIL representation for module `\OVIDEO'.
Generating RTLIL representation for module `\OSER16'.
Generating RTLIL representation for module `\IDES4'.
Generating RTLIL representation for module `\IDES4_MEM'.
Generating RTLIL representation for module `\IDES8'.
Generating RTLIL representation for module `\IDES10'.
Generating RTLIL representation for module `\IVIDEO'.
Generating RTLIL representation for module `\IDES16'.
Generating RTLIL representation for module `\IDDR'.
Generating RTLIL representation for module `\IDDRC'.
Generating RTLIL representation for module `\DQS'.
Generating RTLIL representation for module `\ODDR'.
Generating RTLIL representation for module `\ODDRC'.
Generating RTLIL representation for module `\GSR'.
Generating RTLIL representation for module `\BANDGAP'.
Generating RTLIL representation for module `\ALU'.
Generating RTLIL representation for module `\RAM16S1'.
Generating RTLIL representation for module `\RAM16S2'.
Generating RTLIL representation for module `\RAM16S4'.
Generating RTLIL representation for module `\RAM16SDP1'.
Generating RTLIL representation for module `\RAM16SDP2'.
Generating RTLIL representation for module `\RAM16SDP4'.
Generating RTLIL representation for module `\SP'.
Generating RTLIL representation for module `\SPX9'.
Generating RTLIL representation for module `\SDP'.
Generating RTLIL representation for module `\SDPX9'.
Generating RTLIL representation for module `\DP'.
Generating RTLIL representation for module `\DPX9'.
Generating RTLIL representation for module `\rPLL'.
Generating RTLIL representation for module `\PLLVR'.
Generating RTLIL representation for module `\OSC'.
Generating RTLIL representation for module `\OSCZ'.
Generating RTLIL representation for module `\OSCF'.
Generating RTLIL representation for module `\OSCH'.
Generating RTLIL representation for module `\OSCW'.
Generating RTLIL representation for module `\OSCO'.
Generating RTLIL representation for module `\EMCU'.
Successfully finished Verilog frontend.

2.2. Executing Verilog-2005 frontend: /Users/elliot/.local/opt/oss-cad-suite/libexec/../share/yosys/gowin/cells_xtra_gw5a.v
Parsing Verilog input from `/Users/elliot/.local/opt/oss-cad-suite/libexec/../share/yosys/gowin/cells_xtra_gw5a.v' to AST representation.
Generating RTLIL representation for module `\LUT5'.
Generating RTLIL representation for module `\LUT6'.
Generating RTLIL representation for module `\LUT7'.
Generating RTLIL representation for module `\LUT8'.
Generating RTLIL representation for module `\ROM16'.
Generating RTLIL representation for module `\INV'.
Generating RTLIL representation for module `\TLVDS_IBUF'.
Generating RTLIL representation for module `\TLVDS_TBUF'.
Generating RTLIL representation for module `\TLVDS_IOBUF'.
Generating RTLIL representation for module `\ELVDS_TBUF'.
Generating RTLIL representation for module `\ELVDS_IOBUF'.
Generating RTLIL representation for module `\MIPI_IBUF'.
Generating RTLIL representation for module `\MIPI_OBUF_A'.
Generating RTLIL representation for module `\ELVDS_IOBUF_R'.
Generating RTLIL representation for module `\I3C_IOBUF'.
Generating RTLIL representation for module `\TLVDS_IBUF_ADC'.
Generating RTLIL representation for module `\MIPI_CPHY_IBUF'.
Generating RTLIL representation for module `\MIPI_CPHY_OBUF'.
Generating RTLIL representation for module `\SDPB'.
Generating RTLIL representation for module `\SDPX9B'.
Generating RTLIL representation for module `\DPB'.
Generating RTLIL representation for module `\DPX9B'.
Generating RTLIL representation for module `\pROM'.
Generating RTLIL representation for module `\pROMX9'.
Generating RTLIL representation for module `\SDP36KE'.
Generating RTLIL representation for module `\SDP136K'.
Generating RTLIL representation for module `\MULTADDALU12X12'.
Generating RTLIL representation for module `\MULTALU27X18'.
Generating RTLIL representation for module `\MULT12X12'.
Generating RTLIL representation for module `\MULT27X36'.
Generating RTLIL representation for module `\MULTACC'.
Generating RTLIL representation for module `\IDDR_MEM'.
Generating RTLIL representation for module `\ODDR_MEM'.
Replacing existing blackbox module `\IDES4_MEM' at /Users/elliot/.local/opt/oss-cad-suite/libexec/../share/yosys/gowin/cells_xtra_gw5a.v:1033.1-1038.10.
Generating RTLIL representation for module `\IDES4_MEM'.
Generating RTLIL representation for module `\IDES8_MEM'.
Generating RTLIL representation for module `\IDES14'.
Generating RTLIL representation for module `\IDES32'.
Replacing existing blackbox module `\OSER4_MEM' at /Users/elliot/.local/opt/oss-cad-suite/libexec/../share/yosys/gowin/cells_xtra_gw5a.v:1062.1-1070.10.
Generating RTLIL representation for module `\OSER4_MEM'.
Generating RTLIL representation for module `\OSER8_MEM'.
Generating RTLIL representation for module `\OSER14'.
Generating RTLIL representation for module `\IODELAY'.
Generating RTLIL representation for module `\OSIDES32'.
Generating RTLIL representation for module `\OSIDES64'.
Generating RTLIL representation for module `\DCE'.
Generating RTLIL representation for module `\DCS'.
Generating RTLIL representation for module `\DDRDLL'.
Generating RTLIL representation for module `\DLLDLY'.
Generating RTLIL representation for module `\CLKDIV'.
Generating RTLIL representation for module `\CLKDIV2'.
Generating RTLIL representation for module `\DHCE'.
Generating RTLIL representation for module `\OSCA'.
Generating RTLIL representation for module `\OSCB'.
Generating RTLIL representation for module `\PLL'.
Generating RTLIL representation for module `\PLLA'.
Generating RTLIL representation for module `\AE350_SOC'.
Generating RTLIL representation for module `\AE350_RAM'.
Generating RTLIL representation for module `\SAMB'.
Generating RTLIL representation for module `\OTP'.
Generating RTLIL representation for module `\CMSER'.
Generating RTLIL representation for module `\CMSERA'.
Generating RTLIL representation for module `\CMSERB'.
Generating RTLIL representation for module `\SAMBA'.
Generating RTLIL representation for module `\LICD'.
Generating RTLIL representation for module `\MIPI_DPHY'.
Generating RTLIL representation for module `\MIPI_DPHYA'.
Generating RTLIL representation for module `\MIPI_CPHY'.
Generating RTLIL representation for module `\GTR12_QUAD'.
Generating RTLIL representation for module `\GTR12_UPAR'.
Generating RTLIL representation for module `\GTR12_PMAC'.
Generating RTLIL representation for module `\GTR12_QUADA'.
Generating RTLIL representation for module `\GTR12_UPARA'.
Generating RTLIL representation for module `\GTR12_PMACA'.
Generating RTLIL representation for module `\GTR12_QUADB'.
Replacing existing blackbox module `\DQS' at /Users/elliot/.local/opt/oss-cad-suite/libexec/../share/yosys/gowin/cells_xtra_gw5a.v:2512.1-2527.10.
Generating RTLIL representation for module `\DQS'.
Generating RTLIL representation for module `\ADCLRC'.
Generating RTLIL representation for module `\ADCULC'.
Generating RTLIL representation for module `\ADC'.
Generating RTLIL representation for module `\ADC_SAR'.
Generating RTLIL representation for module `\ADCA'.
Successfully finished Verilog frontend.

2.3. Executing HIERARCHY pass (managing design hierarchy).

2.3.1. Analyzing design hierarchy..
Top module:  \experiment_frame_log

2.3.2. Analyzing design hierarchy..
Top module:  \experiment_frame_log
Removed 0 unused modules.

2.4. Executing PROC pass (convert processes to netlists).

2.4.1. Executing PROC_CLEAN pass (remove empty switches from decision trees).
Cleaned up 0 empty switches.

2.4.2. Executing PROC_RMDEAD pass (remove dead branches from decision trees).
Marked 34 switch rules as full_case in process $proc$src/experiment_frame_log.v:103$104 in module experiment_frame_log.
Marked 4 switch rules as full_case in process $proc$src/experiment_frame_log.v:81$81 in module experiment_frame_log.
Marked 2 switch rules as full_case in process $proc$src/experiment_frame_log.v:72$56 in module experiment_frame_log.
Removed a total of 0 dead cases.

2.4.3. Executing PROC_PRUNE pass (remove redundant assignments in processes).
Removed 0 redundant assignments.
Promoted 76 assignments to connections.

2.4.4. Executing PROC_INIT pass (extract init attributes).
Found init rule in `\experiment_frame_log.$proc$src/experiment_frame_log.v:66$565'.
  Set init value: \checksum = 8'00000000
Found init rule in `\experiment_frame_log.$proc$src/experiment_frame_log.v:64$564'.
  Set init value: \build_index = 9'000000000
Found init rule in `\experiment_frame_log.$proc$src/experiment_frame_log.v:63$563'.
  Set init value: \build_wait = 1'0
Found init rule in `\experiment_frame_log.$proc$src/experiment_frame_log.v:63$562'.
  Set init value: \build_done = 1'0
Found init rule in `\experiment_frame_log.$proc$src/experiment_frame_log.v:63$561'.
  Set init value: \building = 1'0
Found init rule in `\experiment_frame_log.$proc$src/experiment_frame_log.v:39$560'.
  Set init value: \mask = 9'000000000
Found init rule in `\experiment_frame_log.$proc$src/experiment_frame_log.v:38$559'.
  Set init value: \frame = 16'0000000000000000
Found init rule in `\experiment_frame_log.$proc$src/experiment_frame_log.v:37$558'.
  Set init value: \base = 64'0000000000000000000000000000000000000000000000000000000000000000
Found init rule in `\experiment_frame_log.$proc$src/experiment_frame_log.v:36$557'.
  Set init value: \period = 0
Found init rule in `\experiment_frame_log.$proc$src/experiment_frame_log.v:36$556'.
  Set init value: \run = 0
Found init rule in `\experiment_frame_log.$proc$src/experiment_frame_log.v:35$555'.
  Set init value: \dropped = 16'0000000000000000
Found init rule in `\experiment_frame_log.$proc$src/experiment_frame_log.v:34$554'.
  Set init value: \event_count = 8'00000000
Found init rule in `\experiment_frame_log.$proc$src/experiment_frame_log.v:34$553'.
  Set init value: \metadata_count = 8'00000000
Found init rule in `\experiment_frame_log.$proc$src/experiment_frame_log.v:34$552'.
  Set init value: \raw_end_capture = 8'00000000
Found init rule in `\experiment_frame_log.$proc$src/experiment_frame_log.v:34$551'.
  Set init value: \raw_count = 8'00000000
Found init rule in `\experiment_frame_log.$proc$src/experiment_frame_log.v:30$550'.
  Set init value: \copy_length = 5'00000
Found init rule in `\experiment_frame_log.$proc$src/experiment_frame_log.v:30$549'.
  Set init value: \copy_index = 5'00000
Found init rule in `\experiment_frame_log.$proc$src/experiment_frame_log.v:29$548'.
  Set init value: \event_record = 152'00000000000000000000000000000000000000000000000000000000000000000000000000000000000000000000000000000000000000000000000000000000000000000000000000000000
Found init rule in `\experiment_frame_log.$proc$src/experiment_frame_log.v:28$547'.
  Set init value: \last_audit_copy = 1'0
Found init rule in `\experiment_frame_log.$proc$src/experiment_frame_log.v:28$546'.
  Set init value: \copying_event = 1'0
Found init rule in `\experiment_frame_log.$proc$src/experiment_frame_log.v:27$545'.
  Set init value: \partial = 1'0
Found init rule in `\experiment_frame_log.$proc$src/experiment_frame_log.v:27$544'.
  Set init value: \flush_pending = 1'0
Found init rule in `\experiment_frame_log.$proc$src/experiment_frame_log.v:27$543'.
  Set init value: \opened = 1'0
Found init rule in `\experiment_frame_log.$proc$src/experiment_frame_log.v:26$542'.
  Set init value: \boundary_index = 7'0000000
Found init rule in `\experiment_frame_log.$proc$src/experiment_frame_log.v:26$541'.
  Set init value: \boundary_length = 7'0000000
Found init rule in `\experiment_frame_log.$proc$src/experiment_frame_log.v:25$540'.
  Set init value: \boundary_packet = 512'00000000000000000000000000000000000000000000000000000000000000000000000000000000000000000000000000000000000000000000000000000000000000000000000000000000000000000000000000000000000000000000000000000000000000000000000000000000000000000000000000000000000000000000000000000000000000000000000000000000000000000000000000000000000000000000000000000000000000000000000000000000000000000000000000000000000000000000000000000000000000000000000000000000000000000000000000000000000000000000000000000000000000000000000000000000
Found init rule in `\experiment_frame_log.$proc$src/experiment_frame_log.v:24$539'.
  Set init value: \copying_boundary = 1'0
Found init rule in `\experiment_frame_log.$proc$src/experiment_frame_log.v:23$538'.
  Set init value: \count = 3'000
Found init rule in `\experiment_frame_log.$proc$src/experiment_frame_log.v:22$537'.
  Set init value: \tail = 2'00
Found init rule in `\experiment_frame_log.$proc$src/experiment_frame_log.v:22$536'.
  Set init value: \head = 2'00
Found init rule in `\experiment_frame_log.$proc$src/experiment_frame_log.v:17$535'.
  Set init value: \fault = 1'0

2.4.5. Executing PROC_ARST pass (detect async resets in processes).

2.4.6. Executing PROC_ROM pass (convert switches to ROMs).
Converted 0 switches.
<suppressed ~51 debug messages>

2.4.7. Executing PROC_MUX pass (convert decision trees to multiplexers).
Creating decoders for process `\experiment_frame_log.$proc$src/experiment_frame_log.v:66$565'.
Creating decoders for process `\experiment_frame_log.$proc$src/experiment_frame_log.v:64$564'.
Creating decoders for process `\experiment_frame_log.$proc$src/experiment_frame_log.v:63$563'.
Creating decoders for process `\experiment_frame_log.$proc$src/experiment_frame_log.v:63$562'.
Creating decoders for process `\experiment_frame_log.$proc$src/experiment_frame_log.v:63$561'.
Creating decoders for process `\experiment_frame_log.$proc$src/experiment_frame_log.v:39$560'.
Creating decoders for process `\experiment_frame_log.$proc$src/experiment_frame_log.v:38$559'.
Creating decoders for process `\experiment_frame_log.$proc$src/experiment_frame_log.v:37$558'.
Creating decoders for process `\experiment_frame_log.$proc$src/experiment_frame_log.v:36$557'.
Creating decoders for process `\experiment_frame_log.$proc$src/experiment_frame_log.v:36$556'.
Creating decoders for process `\experiment_frame_log.$proc$src/experiment_frame_log.v:35$555'.
Creating decoders for process `\experiment_frame_log.$proc$src/experiment_frame_log.v:34$554'.
Creating decoders for process `\experiment_frame_log.$proc$src/experiment_frame_log.v:34$553'.
Creating decoders for process `\experiment_frame_log.$proc$src/experiment_frame_log.v:34$552'.
Creating decoders for process `\experiment_frame_log.$proc$src/experiment_frame_log.v:34$551'.
Creating decoders for process `\experiment_frame_log.$proc$src/experiment_frame_log.v:30$550'.
Creating decoders for process `\experiment_frame_log.$proc$src/experiment_frame_log.v:30$549'.
Creating decoders for process `\experiment_frame_log.$proc$src/experiment_frame_log.v:29$548'.
Creating decoders for process `\experiment_frame_log.$proc$src/experiment_frame_log.v:28$547'.
Creating decoders for process `\experiment_frame_log.$proc$src/experiment_frame_log.v:28$546'.
Creating decoders for process `\experiment_frame_log.$proc$src/experiment_frame_log.v:27$545'.
Creating decoders for process `\experiment_frame_log.$proc$src/experiment_frame_log.v:27$544'.
Creating decoders for process `\experiment_frame_log.$proc$src/experiment_frame_log.v:27$543'.
Creating decoders for process `\experiment_frame_log.$proc$src/experiment_frame_log.v:26$542'.
Creating decoders for process `\experiment_frame_log.$proc$src/experiment_frame_log.v:26$541'.
Creating decoders for process `\experiment_frame_log.$proc$src/experiment_frame_log.v:25$540'.
Creating decoders for process `\experiment_frame_log.$proc$src/experiment_frame_log.v:24$539'.
Creating decoders for process `\experiment_frame_log.$proc$src/experiment_frame_log.v:23$538'.
Creating decoders for process `\experiment_frame_log.$proc$src/experiment_frame_log.v:22$537'.
Creating decoders for process `\experiment_frame_log.$proc$src/experiment_frame_log.v:22$536'.
Creating decoders for process `\experiment_frame_log.$proc$src/experiment_frame_log.v:17$535'.
Creating decoders for process `\experiment_frame_log.$proc$src/experiment_frame_log.v:103$104'.
     1/265: $15\final_id$func$src/experiment_frame_log.v:167$15.$result[7:0]$521
     2/265: $14\final_id$func$src/experiment_frame_log.v:167$15.$result[7:0]$520
     3/265: $13\final_id$func$src/experiment_frame_log.v:167$15.$result[7:0]$519
     4/265: $12\final_id$func$src/experiment_frame_log.v:167$15.$result[7:0]$518
     5/265: $11\final_id$func$src/experiment_frame_log.v:167$15.$result[7:0]$517
     6/265: $10\final_id$func$src/experiment_frame_log.v:167$15.$result[7:0]$516
     7/265: $9\final_id$func$src/experiment_frame_log.v:167$15.$result[7:0]$515
     8/265: $8\final_id$func$src/experiment_frame_log.v:167$15.$result[7:0]$514
     9/265: $7\final_id$func$src/experiment_frame_log.v:167$15.$result[7:0]$513
    10/265: $16\index[31:0]
    11/265: $16$lookahead\event_record$103[151:0]$500
    12/265: $8$bitselwrite$pos$src/experiment_frame_log.v:164$14[31:0]$499
    13/265: $15\index[31:0]
    14/265: $15$lookahead\event_record$103[151:0]$487
    15/265: $8$bitselwrite$pos$src/experiment_frame_log.v:164$13[31:0]$486
    16/265: $14\index[31:0]
    17/265: $14$lookahead\event_record$103[151:0]$474
    18/265: $8$bitselwrite$pos$src/experiment_frame_log.v:164$12[31:0]$473
    19/265: $13\index[31:0]
    20/265: $13$lookahead\event_record$103[151:0]$461
    21/265: $8$bitselwrite$pos$src/experiment_frame_log.v:164$11[31:0]$460
    22/265: $12\index[31:0]
    23/265: $12$lookahead\event_record$103[151:0]$448
    24/265: $8$bitselwrite$pos$src/experiment_frame_log.v:164$10[31:0]$447
    25/265: $11\index[31:0]
    26/265: $11$lookahead\event_record$103[151:0]$435
    27/265: $8$bitselwrite$pos$src/experiment_frame_log.v:164$9[31:0]$434
    28/265: $10\index[31:0]
    29/265: $10$lookahead\event_record$103[151:0]$422
    30/265: $8$bitselwrite$pos$src/experiment_frame_log.v:164$8[31:0]$421
    31/265: $9\index[31:0]
    32/265: $9$lookahead\event_record$103[151:0]$409
    33/265: $8$bitselwrite$pos$src/experiment_frame_log.v:164$7[31:0]$408
    34/265: $8\index[31:0]
    35/265: $8$lookahead\event_record$103[151:0]$396
    36/265: $8$bitselwrite$pos$src/experiment_frame_log.v:164$6[31:0]$395
    37/265: $7\j[31:0]
    38/265: $7$lookahead\event_record$103[151:0]$394
    39/265: $7$bitselwrite$pos$src/experiment_frame_log.v:164$14[31:0]$393
    40/265: $7\index[31:0]
    41/265: $7$bitselwrite$pos$src/experiment_frame_log.v:164$13[31:0]$392
    42/265: $7$bitselwrite$pos$src/experiment_frame_log.v:164$12[31:0]$391
    43/265: $7$bitselwrite$pos$src/experiment_frame_log.v:164$11[31:0]$390
    44/265: $7$bitselwrite$pos$src/experiment_frame_log.v:164$10[31:0]$389
    45/265: $7$bitselwrite$pos$src/experiment_frame_log.v:164$9[31:0]$388
    46/265: $7$bitselwrite$pos$src/experiment_frame_log.v:164$8[31:0]$387
    47/265: $7$bitselwrite$pos$src/experiment_frame_log.v:164$7[31:0]$386
    48/265: $7$bitselwrite$pos$src/experiment_frame_log.v:164$6[31:0]$385
    49/265: $6\final_id$func$src/experiment_frame_log.v:167$15.k[31:0]$382
    50/265: $6\final_id$func$src/experiment_frame_log.v:167$15.$result[7:0]$380
    51/265: $6\final_id$func$src/experiment_frame_log.v:167$15.value[8:0]$381
    52/265: $6$lookahead\event_record$103[151:0]$383
    53/265: $6$bitselwrite$pos$src/experiment_frame_log.v:164$14[31:0]$379
    54/265: $6$bitselwrite$pos$src/experiment_frame_log.v:164$13[31:0]$378
    55/265: $6$bitselwrite$pos$src/experiment_frame_log.v:164$12[31:0]$377
    56/265: $6$bitselwrite$pos$src/experiment_frame_log.v:164$11[31:0]$376
    57/265: $6$bitselwrite$pos$src/experiment_frame_log.v:164$10[31:0]$375
    58/265: $6$bitselwrite$pos$src/experiment_frame_log.v:164$9[31:0]$374
    59/265: $6$bitselwrite$pos$src/experiment_frame_log.v:164$8[31:0]$373
    60/265: $6$bitselwrite$pos$src/experiment_frame_log.v:164$7[31:0]$372
    61/265: $6$bitselwrite$pos$src/experiment_frame_log.v:164$6[31:0]$371
    62/265: $6\j[31:0]
    63/265: $6\index[31:0]
    64/265: $6\selected_count$func$src/experiment_frame_log.v:153$5.k[31:0]$333
    65/265: $6\selected_count$func$src/experiment_frame_log.v:153$5.$result[3:0]$331
    66/265: $6\selected_count$func$src/experiment_frame_log.v:153$5.value[8:0]$332
    67/265: $6\selected_count$func$src/experiment_frame_log.v:153$4.k[31:0]$330
    68/265: $6\selected_count$func$src/experiment_frame_log.v:153$4.$result[3:0]$328
    69/265: $6\selected_count$func$src/experiment_frame_log.v:153$4.value[8:0]$329
    70/265: $5\selected_count$func$src/experiment_frame_log.v:153$5.k[31:0]$313
    71/265: $5\selected_count$func$src/experiment_frame_log.v:153$5.value[8:0]$312
    72/265: $5\selected_count$func$src/experiment_frame_log.v:153$5.$result[3:0]$311
    73/265: $5\selected_count$func$src/experiment_frame_log.v:153$4.k[31:0]$310
    74/265: $5\selected_count$func$src/experiment_frame_log.v:153$4.value[8:0]$309
    75/265: $5\selected_count$func$src/experiment_frame_log.v:153$4.$result[3:0]$308
    76/265: $5$lookahead\event_record$103[151:0]$326
    77/265: $5\final_id$func$src/experiment_frame_log.v:167$15.k[31:0]$325
    78/265: $5\final_id$func$src/experiment_frame_log.v:167$15.value[8:0]$324
    79/265: $5\final_id$func$src/experiment_frame_log.v:167$15.$result[7:0]$323
    80/265: $5$bitselwrite$pos$src/experiment_frame_log.v:164$14[31:0]$322
    81/265: $5$bitselwrite$pos$src/experiment_frame_log.v:164$13[31:0]$321
    82/265: $5$bitselwrite$pos$src/experiment_frame_log.v:164$12[31:0]$320
    83/265: $5$bitselwrite$pos$src/experiment_frame_log.v:164$11[31:0]$319
    84/265: $5$bitselwrite$pos$src/experiment_frame_log.v:164$10[31:0]$318
    85/265: $5$bitselwrite$pos$src/experiment_frame_log.v:164$9[31:0]$317
    86/265: $5$bitselwrite$pos$src/experiment_frame_log.v:164$8[31:0]$316
    87/265: $5$bitselwrite$pos$src/experiment_frame_log.v:164$7[31:0]$315
    88/265: $5$bitselwrite$pos$src/experiment_frame_log.v:164$6[31:0]$314
    89/265: $5\j[31:0]
    90/265: $5\index[31:0]
    91/265: $4$lookahead\event_record$103[151:0]$304
    92/265: $4\final_id$func$src/experiment_frame_log.v:167$15.k[31:0]$303
    93/265: $4\final_id$func$src/experiment_frame_log.v:167$15.value[8:0]$302
    94/265: $4\final_id$func$src/experiment_frame_log.v:167$15.$result[7:0]$301
    95/265: $4$bitselwrite$pos$src/experiment_frame_log.v:164$14[31:0]$300
    96/265: $4$bitselwrite$pos$src/experiment_frame_log.v:164$13[31:0]$299
    97/265: $4$bitselwrite$pos$src/experiment_frame_log.v:164$12[31:0]$298
    98/265: $4$bitselwrite$pos$src/experiment_frame_log.v:164$11[31:0]$297
    99/265: $4$bitselwrite$pos$src/experiment_frame_log.v:164$10[31:0]$296
   100/265: $4$bitselwrite$pos$src/experiment_frame_log.v:164$9[31:0]$295
   101/265: $4$bitselwrite$pos$src/experiment_frame_log.v:164$8[31:0]$294
   102/265: $4$bitselwrite$pos$src/experiment_frame_log.v:164$7[31:0]$293
   103/265: $4$bitselwrite$pos$src/experiment_frame_log.v:164$6[31:0]$292
   104/265: $4\selected_count$func$src/experiment_frame_log.v:153$5.k[31:0]$291
   105/265: $4\selected_count$func$src/experiment_frame_log.v:153$5.value[8:0]$290
   106/265: $4\selected_count$func$src/experiment_frame_log.v:153$5.$result[3:0]$289
   107/265: $4\selected_count$func$src/experiment_frame_log.v:153$4.k[31:0]$288
   108/265: $4\selected_count$func$src/experiment_frame_log.v:153$4.value[8:0]$287
   109/265: $4\selected_count$func$src/experiment_frame_log.v:153$4.$result[3:0]$286
   110/265: $4\j[31:0]
   111/265: $4\index[31:0]
   112/265: $7$memwr$\queue$src/experiment_frame_log.v:134$20_EN[7:0]$274
   113/265: $7$memwr$\queue$src/experiment_frame_log.v:134$20_DATA[7:0]$273
   114/265: $7$memwr$\queue$src/experiment_frame_log.v:134$20_ADDR[9:0]$272
   115/265: $6$memwr$\queue$src/experiment_frame_log.v:134$20_EN[7:0]$267
   116/265: $6$memwr$\queue$src/experiment_frame_log.v:134$20_DATA[7:0]$266
   117/265: $6$memwr$\queue$src/experiment_frame_log.v:134$20_ADDR[9:0]$265
   118/265: $6$memwr$\lengths$src/experiment_frame_log.v:140$21_EN[8:0]$270
   119/265: $6$memwr$\lengths$src/experiment_frame_log.v:140$21_DATA[8:0]$269
   120/265: $6$memwr$\lengths$src/experiment_frame_log.v:140$21_ADDR[1:0]$268
   121/265: $7\push[0:0]
   122/265: $5$memwr$\lengths$src/experiment_frame_log.v:140$21_EN[8:0]$263
   123/265: $5$memwr$\lengths$src/experiment_frame_log.v:140$21_DATA[8:0]$262
   124/265: $5$memwr$\lengths$src/experiment_frame_log.v:140$21_ADDR[1:0]$261
   125/265: $5$memwr$\queue$src/experiment_frame_log.v:134$20_EN[7:0]$260
   126/265: $5$memwr$\queue$src/experiment_frame_log.v:134$20_DATA[7:0]$259
   127/265: $5$memwr$\queue$src/experiment_frame_log.v:134$20_ADDR[9:0]$258
   128/265: $6\push[0:0]
   129/265: $4$memwr$\lengths$src/experiment_frame_log.v:140$21_EN[8:0]$256
   130/265: $4$memwr$\lengths$src/experiment_frame_log.v:140$21_DATA[8:0]$255
   131/265: $4$memwr$\lengths$src/experiment_frame_log.v:140$21_ADDR[1:0]$254
   132/265: $4$memwr$\queue$src/experiment_frame_log.v:134$20_EN[7:0]$253
   133/265: $4$memwr$\queue$src/experiment_frame_log.v:134$20_DATA[7:0]$252
   134/265: $4$memwr$\queue$src/experiment_frame_log.v:134$20_ADDR[9:0]$251
   135/265: $5\push[0:0]
   136/265: $3$memwr$\lengths$src/experiment_frame_log.v:140$21_EN[8:0]$248
   137/265: $3$memwr$\lengths$src/experiment_frame_log.v:140$21_DATA[8:0]$247
   138/265: $3$memwr$\lengths$src/experiment_frame_log.v:140$21_ADDR[1:0]$246
   139/265: $3$memwr$\queue$src/experiment_frame_log.v:134$20_EN[7:0]$245
   140/265: $3$memwr$\queue$src/experiment_frame_log.v:134$20_DATA[7:0]$244
   141/265: $3$memwr$\queue$src/experiment_frame_log.v:134$20_ADDR[9:0]$243
   142/265: $4\push[0:0]
   143/265: $3$lookahead\event_record$103[151:0]$249
   144/265: $3\final_id$func$src/experiment_frame_log.v:167$15.k[31:0]$242
   145/265: $3\final_id$func$src/experiment_frame_log.v:167$15.value[8:0]$241
   146/265: $3\final_id$func$src/experiment_frame_log.v:167$15.$result[7:0]$240
   147/265: $3$bitselwrite$pos$src/experiment_frame_log.v:164$14[31:0]$239
   148/265: $3$bitselwrite$pos$src/experiment_frame_log.v:164$13[31:0]$238
   149/265: $3$bitselwrite$pos$src/experiment_frame_log.v:164$12[31:0]$237
   150/265: $3$bitselwrite$pos$src/experiment_frame_log.v:164$11[31:0]$236
   151/265: $3$bitselwrite$pos$src/experiment_frame_log.v:164$10[31:0]$235
   152/265: $3$bitselwrite$pos$src/experiment_frame_log.v:164$9[31:0]$234
   153/265: $3$bitselwrite$pos$src/experiment_frame_log.v:164$8[31:0]$233
   154/265: $3$bitselwrite$pos$src/experiment_frame_log.v:164$7[31:0]$232
   155/265: $3$bitselwrite$pos$src/experiment_frame_log.v:164$6[31:0]$231
   156/265: $3\selected_count$func$src/experiment_frame_log.v:153$5.k[31:0]$230
   157/265: $3\selected_count$func$src/experiment_frame_log.v:153$5.value[8:0]$229
   158/265: $3\selected_count$func$src/experiment_frame_log.v:153$5.$result[3:0]$228
   159/265: $3\selected_count$func$src/experiment_frame_log.v:153$4.k[31:0]$227
   160/265: $3\selected_count$func$src/experiment_frame_log.v:153$4.value[8:0]$226
   161/265: $3\selected_count$func$src/experiment_frame_log.v:153$4.$result[3:0]$225
   162/265: $3\j[31:0]
   163/265: $3\index[31:0]
   164/265: $3\push[0:0]
   165/265: $3$memwr$\lengths$src/experiment_frame_log.v:125$19_EN[8:0]$219
   166/265: $3$memwr$\lengths$src/experiment_frame_log.v:125$19_DATA[8:0]$218
   167/265: $3$memwr$\lengths$src/experiment_frame_log.v:125$19_ADDR[1:0]$217
   168/265: $2$memwr$\lengths$src/experiment_frame_log.v:125$19_EN[8:0]$204
   169/265: $2$memwr$\lengths$src/experiment_frame_log.v:125$19_DATA[8:0]$203
   170/265: $2$memwr$\lengths$src/experiment_frame_log.v:125$19_ADDR[1:0]$202
   171/265: $2\push[0:0]
   172/265: $2$memwr$\queue$src/experiment_frame_log.v:123$18_EN[7:0]$201
   173/265: $2$memwr$\queue$src/experiment_frame_log.v:123$18_DATA[7:0]$200
   174/265: $2$memwr$\queue$src/experiment_frame_log.v:123$18_ADDR[9:0]$199
   175/265: $2$lookahead\event_record$103[151:0]$211
   176/265: $2$memwr$\lengths$src/experiment_frame_log.v:140$21_EN[8:0]$210
   177/265: $2$memwr$\lengths$src/experiment_frame_log.v:140$21_DATA[8:0]$209
   178/265: $2$memwr$\lengths$src/experiment_frame_log.v:140$21_ADDR[1:0]$208
   179/265: $2$memwr$\queue$src/experiment_frame_log.v:134$20_EN[7:0]$207
   180/265: $2$memwr$\queue$src/experiment_frame_log.v:134$20_DATA[7:0]$206
   181/265: $2$memwr$\queue$src/experiment_frame_log.v:134$20_ADDR[9:0]$205
   182/265: $2\final_id$func$src/experiment_frame_log.v:167$15.k[31:0]$198
   183/265: $2\final_id$func$src/experiment_frame_log.v:167$15.value[8:0]$197
   184/265: $2\final_id$func$src/experiment_frame_log.v:167$15.$result[7:0]$196
   185/265: $2$bitselwrite$pos$src/experiment_frame_log.v:164$14[31:0]$195
   186/265: $2$bitselwrite$pos$src/experiment_frame_log.v:164$13[31:0]$194
   187/265: $2$bitselwrite$pos$src/experiment_frame_log.v:164$12[31:0]$193
   188/265: $2$bitselwrite$pos$src/experiment_frame_log.v:164$11[31:0]$192
   189/265: $2$bitselwrite$pos$src/experiment_frame_log.v:164$10[31:0]$191
   190/265: $2$bitselwrite$pos$src/experiment_frame_log.v:164$9[31:0]$190
   191/265: $2$bitselwrite$pos$src/experiment_frame_log.v:164$8[31:0]$189
   192/265: $2$bitselwrite$pos$src/experiment_frame_log.v:164$7[31:0]$188
   193/265: $2$bitselwrite$pos$src/experiment_frame_log.v:164$6[31:0]$187
   194/265: $2\selected_count$func$src/experiment_frame_log.v:153$5.k[31:0]$186
   195/265: $2\selected_count$func$src/experiment_frame_log.v:153$5.value[8:0]$185
   196/265: $2\selected_count$func$src/experiment_frame_log.v:153$5.$result[3:0]$184
   197/265: $2\selected_count$func$src/experiment_frame_log.v:153$4.k[31:0]$183
   198/265: $2\selected_count$func$src/experiment_frame_log.v:153$4.value[8:0]$182
   199/265: $2\selected_count$func$src/experiment_frame_log.v:153$4.$result[3:0]$181
   200/265: $2\j[31:0]
   201/265: $2\index[31:0]
   202/265: $1$lookahead\event_record$103[151:0]$166
   203/265: $1$memwr$\lengths$src/experiment_frame_log.v:140$21_EN[8:0]$165
   204/265: $1$memwr$\lengths$src/experiment_frame_log.v:140$21_DATA[8:0]$164
   205/265: $1$memwr$\lengths$src/experiment_frame_log.v:140$21_ADDR[1:0]$163
   206/265: $1$memwr$\queue$src/experiment_frame_log.v:134$20_EN[7:0]$162
   207/265: $1$memwr$\queue$src/experiment_frame_log.v:134$20_DATA[7:0]$161
   208/265: $1$memwr$\queue$src/experiment_frame_log.v:134$20_ADDR[9:0]$160
   209/265: $1$memwr$\lengths$src/experiment_frame_log.v:125$19_EN[8:0]$159
   210/265: $1$memwr$\lengths$src/experiment_frame_log.v:125$19_DATA[8:0]$158
   211/265: $1$memwr$\lengths$src/experiment_frame_log.v:125$19_ADDR[1:0]$157
   212/265: $1$memwr$\queue$src/experiment_frame_log.v:123$18_EN[7:0]$156
   213/265: $1$memwr$\queue$src/experiment_frame_log.v:123$18_DATA[7:0]$155
   214/265: $1$memwr$\queue$src/experiment_frame_log.v:123$18_ADDR[9:0]$154
   215/265: $1\final_id$func$src/experiment_frame_log.v:167$15.k[31:0]$153
   216/265: $1\final_id$func$src/experiment_frame_log.v:167$15.value[8:0]$152
   217/265: $1\final_id$func$src/experiment_frame_log.v:167$15.$result[7:0]$151
   218/265: $1$bitselwrite$pos$src/experiment_frame_log.v:164$14[31:0]$150
   219/265: $1$bitselwrite$pos$src/experiment_frame_log.v:164$13[31:0]$149
   220/265: $1$bitselwrite$pos$src/experiment_frame_log.v:164$12[31:0]$148
   221/265: $1$bitselwrite$pos$src/experiment_frame_log.v:164$11[31:0]$147
   222/265: $1$bitselwrite$pos$src/experiment_frame_log.v:164$10[31:0]$146
   223/265: $1$bitselwrite$pos$src/experiment_frame_log.v:164$9[31:0]$145
   224/265: $1$bitselwrite$pos$src/experiment_frame_log.v:164$8[31:0]$144
   225/265: $1$bitselwrite$pos$src/experiment_frame_log.v:164$7[31:0]$143
   226/265: $1$bitselwrite$pos$src/experiment_frame_log.v:164$6[31:0]$142
   227/265: $1\selected_count$func$src/experiment_frame_log.v:153$5.k[31:0]$141
   228/265: $1\selected_count$func$src/experiment_frame_log.v:153$5.value[8:0]$140
   229/265: $1\selected_count$func$src/experiment_frame_log.v:153$5.$result[3:0]$139
   230/265: $1\selected_count$func$src/experiment_frame_log.v:153$4.k[31:0]$138
   231/265: $1\selected_count$func$src/experiment_frame_log.v:153$4.value[8:0]$137
   232/265: $1\selected_count$func$src/experiment_frame_log.v:153$4.$result[3:0]$136
   233/265: $1\j[31:0]
   234/265: $1\push[0:0]
   235/265: $1\index[31:0]
   236/265: $0\checksum[7:0]
   237/265: $0\build_index[8:0]
   238/265: $0\build_wait[0:0]
   239/265: $0\build_done[0:0]
   240/265: $0\building[0:0]
   241/265: $0\mask[8:0]
   242/265: $0\frame[15:0]
   243/265: $0\base[63:0]
   244/265: $0\period[31:0]
   245/265: $0\run[31:0]
   246/265: $0\dropped[15:0]
   247/265: $0\event_count[7:0]
   248/265: $0\metadata_count[7:0]
   249/265: $0\raw_end_capture[7:0]
   250/265: $0\raw_count[7:0]
   251/265: $0\copy_length[4:0]
   252/265: $0\copy_index[4:0]
   253/265: $0\last_audit_copy[0:0]
   254/265: $0\copying_event[0:0]
   255/265: $0\partial[0:0]
   256/265: $0\flush_pending[0:0]
   257/265: $0\opened[0:0]
   258/265: $0\boundary_index[6:0]
   259/265: $0\boundary_length[6:0]
   260/265: $0\boundary_packet[511:0]
   261/265: $0\copying_boundary[0:0]
   262/265: $0\count[2:0]
   263/265: $0\tail[1:0]
   264/265: $0\head[1:0]
   265/265: $0\fault[0:0]
Creating decoders for process `\experiment_frame_log.$proc$src/experiment_frame_log.v:81$81'.
     1/4: $4\build_byte[7:0]
     2/4: $3\build_byte[7:0]
     3/4: $2\build_byte[7:0]
     4/4: $1\build_byte[7:0]
Creating decoders for process `\experiment_frame_log.$proc$src/experiment_frame_log.v:72$56'.
     1/6: $1$memwr$\metadata$src/experiment_frame_log.v:74$17_EN[7:0]$75
     2/6: $1$memwr$\metadata$src/experiment_frame_log.v:74$17_DATA[7:0]$74
     3/6: $1$memwr$\metadata$src/experiment_frame_log.v:74$17_ADDR[6:0]$73
     4/6: $1$memwr$\raw$src/experiment_frame_log.v:73$16_EN[7:0]$70
     5/6: $1$memwr$\raw$src/experiment_frame_log.v:73$16_DATA[7:0]$69
     6/6: $1$memwr$\raw$src/experiment_frame_log.v:73$16_ADDR[6:0]$68
Creating decoders for process `\experiment_frame_log.$proc$src/experiment_frame_log.v:51$43'.

2.4.8. Executing PROC_DLATCH pass (convert process syncs to latches).
No latch inferred for signal `\experiment_frame_log.\build_byte' from process `\experiment_frame_log.$proc$src/experiment_frame_log.v:81$81'.

2.4.9. Executing PROC_DFF pass (convert process syncs to FFs).
Creating register for signal `\experiment_frame_log.\fault' using process `\experiment_frame_log.$proc$src/experiment_frame_log.v:103$104'.
  created $dff cell `$procdff$4623' with positive edge clock.
Creating register for signal `\experiment_frame_log.\head' using process `\experiment_frame_log.$proc$src/experiment_frame_log.v:103$104'.
  created $dff cell `$procdff$4624' with positive edge clock.
Creating register for signal `\experiment_frame_log.\tail' using process `\experiment_frame_log.$proc$src/experiment_frame_log.v:103$104'.
  created $dff cell `$procdff$4625' with positive edge clock.
Creating register for signal `\experiment_frame_log.\count' using process `\experiment_frame_log.$proc$src/experiment_frame_log.v:103$104'.
  created $dff cell `$procdff$4626' with positive edge clock.
Creating register for signal `\experiment_frame_log.\copying_boundary' using process `\experiment_frame_log.$proc$src/experiment_frame_log.v:103$104'.
  created $dff cell `$procdff$4627' with positive edge clock.
Creating register for signal `\experiment_frame_log.\boundary_packet' using process `\experiment_frame_log.$proc$src/experiment_frame_log.v:103$104'.
  created $dff cell `$procdff$4628' with positive edge clock.
Creating register for signal `\experiment_frame_log.\boundary_length' using process `\experiment_frame_log.$proc$src/experiment_frame_log.v:103$104'.
  created $dff cell `$procdff$4629' with positive edge clock.
Creating register for signal `\experiment_frame_log.\boundary_index' using process `\experiment_frame_log.$proc$src/experiment_frame_log.v:103$104'.
  created $dff cell `$procdff$4630' with positive edge clock.
Creating register for signal `\experiment_frame_log.\opened' using process `\experiment_frame_log.$proc$src/experiment_frame_log.v:103$104'.
  created $dff cell `$procdff$4631' with positive edge clock.
Creating register for signal `\experiment_frame_log.\flush_pending' using process `\experiment_frame_log.$proc$src/experiment_frame_log.v:103$104'.
  created $dff cell `$procdff$4632' with positive edge clock.
Creating register for signal `\experiment_frame_log.\partial' using process `\experiment_frame_log.$proc$src/experiment_frame_log.v:103$104'.
  created $dff cell `$procdff$4633' with positive edge clock.
Creating register for signal `\experiment_frame_log.\copying_event' using process `\experiment_frame_log.$proc$src/experiment_frame_log.v:103$104'.
  created $dff cell `$procdff$4634' with positive edge clock.
Creating register for signal `\experiment_frame_log.\last_audit_copy' using process `\experiment_frame_log.$proc$src/experiment_frame_log.v:103$104'.
  created $dff cell `$procdff$4635' with positive edge clock.
Creating register for signal `\experiment_frame_log.\event_record' using process `\experiment_frame_log.$proc$src/experiment_frame_log.v:103$104'.
  created $dff cell `$procdff$4636' with positive edge clock.
Creating register for signal `\experiment_frame_log.\copy_index' using process `\experiment_frame_log.$proc$src/experiment_frame_log.v:103$104'.
  created $dff cell `$procdff$4637' with positive edge clock.
Creating register for signal `\experiment_frame_log.\copy_length' using process `\experiment_frame_log.$proc$src/experiment_frame_log.v:103$104'.
  created $dff cell `$procdff$4638' with positive edge clock.
Creating register for signal `\experiment_frame_log.\raw_count' using process `\experiment_frame_log.$proc$src/experiment_frame_log.v:103$104'.
  created $dff cell `$procdff$4639' with positive edge clock.
Creating register for signal `\experiment_frame_log.\raw_end_capture' using process `\experiment_frame_log.$proc$src/experiment_frame_log.v:103$104'.
  created $dff cell `$procdff$4640' with positive edge clock.
Creating register for signal `\experiment_frame_log.\metadata_count' using process `\experiment_frame_log.$proc$src/experiment_frame_log.v:103$104'.
  created $dff cell `$procdff$4641' with positive edge clock.
Creating register for signal `\experiment_frame_log.\event_count' using process `\experiment_frame_log.$proc$src/experiment_frame_log.v:103$104'.
  created $dff cell `$procdff$4642' with positive edge clock.
Creating register for signal `\experiment_frame_log.\dropped' using process `\experiment_frame_log.$proc$src/experiment_frame_log.v:103$104'.
  created $dff cell `$procdff$4643' with positive edge clock.
Creating register for signal `\experiment_frame_log.\run' using process `\experiment_frame_log.$proc$src/experiment_frame_log.v:103$104'.
  created $dff cell `$procdff$4644' with positive edge clock.
Creating register for signal `\experiment_frame_log.\period' using process `\experiment_frame_log.$proc$src/experiment_frame_log.v:103$104'.
  created $dff cell `$procdff$4645' with positive edge clock.
Creating register for signal `\experiment_frame_log.\base' using process `\experiment_frame_log.$proc$src/experiment_frame_log.v:103$104'.
  created $dff cell `$procdff$4646' with positive edge clock.
Creating register for signal `\experiment_frame_log.\frame' using process `\experiment_frame_log.$proc$src/experiment_frame_log.v:103$104'.
  created $dff cell `$procdff$4647' with positive edge clock.
Creating register for signal `\experiment_frame_log.\mask' using process `\experiment_frame_log.$proc$src/experiment_frame_log.v:103$104'.
  created $dff cell `$procdff$4648' with positive edge clock.
Creating register for signal `\experiment_frame_log.\building' using process `\experiment_frame_log.$proc$src/experiment_frame_log.v:103$104'.
  created $dff cell `$procdff$4649' with positive edge clock.
Creating register for signal `\experiment_frame_log.\build_done' using process `\experiment_frame_log.$proc$src/experiment_frame_log.v:103$104'.
  created $dff cell `$procdff$4650' with positive edge clock.
Creating register for signal `\experiment_frame_log.\build_wait' using process `\experiment_frame_log.$proc$src/experiment_frame_log.v:103$104'.
  created $dff cell `$procdff$4651' with positive edge clock.
Creating register for signal `\experiment_frame_log.\build_index' using process `\experiment_frame_log.$proc$src/experiment_frame_log.v:103$104'.
  created $dff cell `$procdff$4652' with positive edge clock.
Creating register for signal `\experiment_frame_log.\checksum' using process `\experiment_frame_log.$proc$src/experiment_frame_log.v:103$104'.
  created $dff cell `$procdff$4653' with positive edge clock.
Creating register for signal `\experiment_frame_log.\index' using process `\experiment_frame_log.$proc$src/experiment_frame_log.v:103$104'.
  created $dff cell `$procdff$4654' with positive edge clock.
Creating register for signal `\experiment_frame_log.\push' using process `\experiment_frame_log.$proc$src/experiment_frame_log.v:103$104'.
  created $dff cell `$procdff$4655' with positive edge clock.
Creating register for signal `\experiment_frame_log.\j' using process `\experiment_frame_log.$proc$src/experiment_frame_log.v:103$104'.
  created $dff cell `$procdff$4656' with positive edge clock.
Creating register for signal `\experiment_frame_log.\selected_count$func$src/experiment_frame_log.v:153$4.$result' using process `\experiment_frame_log.$proc$src/experiment_frame_log.v:103$104'.
  created $dff cell `$procdff$4657' with positive edge clock.
Creating register for signal `\experiment_frame_log.\selected_count$func$src/experiment_frame_log.v:153$4.value' using process `\experiment_frame_log.$proc$src/experiment_frame_log.v:103$104'.
  created $dff cell `$procdff$4658' with positive edge clock.
Creating register for signal `\experiment_frame_log.\selected_count$func$src/experiment_frame_log.v:153$4.k' using process `\experiment_frame_log.$proc$src/experiment_frame_log.v:103$104'.
  created $dff cell `$procdff$4659' with positive edge clock.
Creating register for signal `\experiment_frame_log.\selected_count$func$src/experiment_frame_log.v:153$5.$result' using process `\experiment_frame_log.$proc$src/experiment_frame_log.v:103$104'.
  created $dff cell `$procdff$4660' with positive edge clock.
Creating register for signal `\experiment_frame_log.\selected_count$func$src/experiment_frame_log.v:153$5.value' using process `\experiment_frame_log.$proc$src/experiment_frame_log.v:103$104'.
  created $dff cell `$procdff$4661' with positive edge clock.
Creating register for signal `\experiment_frame_log.\selected_count$func$src/experiment_frame_log.v:153$5.k' using process `\experiment_frame_log.$proc$src/experiment_frame_log.v:103$104'.
  created $dff cell `$procdff$4662' with positive edge clock.
Creating register for signal `\experiment_frame_log.$bitselwrite$pos$src/experiment_frame_log.v:164$6' using process `\experiment_frame_log.$proc$src/experiment_frame_log.v:103$104'.
  created $dff cell `$procdff$4663' with positive edge clock.
Creating register for signal `\experiment_frame_log.$bitselwrite$pos$src/experiment_frame_log.v:164$7' using process `\experiment_frame_log.$proc$src/experiment_frame_log.v:103$104'.
  created $dff cell `$procdff$4664' with positive edge clock.
Creating register for signal `\experiment_frame_log.$bitselwrite$pos$src/experiment_frame_log.v:164$8' using process `\experiment_frame_log.$proc$src/experiment_frame_log.v:103$104'.
  created $dff cell `$procdff$4665' with positive edge clock.
Creating register for signal `\experiment_frame_log.$bitselwrite$pos$src/experiment_frame_log.v:164$9' using process `\experiment_frame_log.$proc$src/experiment_frame_log.v:103$104'.
  created $dff cell `$procdff$4666' with positive edge clock.
Creating register for signal `\experiment_frame_log.$bitselwrite$pos$src/experiment_frame_log.v:164$10' using process `\experiment_frame_log.$proc$src/experiment_frame_log.v:103$104'.
  created $dff cell `$procdff$4667' with positive edge clock.
Creating register for signal `\experiment_frame_log.$bitselwrite$pos$src/experiment_frame_log.v:164$11' using process `\experiment_frame_log.$proc$src/experiment_frame_log.v:103$104'.
  created $dff cell `$procdff$4668' with positive edge clock.
Creating register for signal `\experiment_frame_log.$bitselwrite$pos$src/experiment_frame_log.v:164$12' using process `\experiment_frame_log.$proc$src/experiment_frame_log.v:103$104'.
  created $dff cell `$procdff$4669' with positive edge clock.
Creating register for signal `\experiment_frame_log.$bitselwrite$pos$src/experiment_frame_log.v:164$13' using process `\experiment_frame_log.$proc$src/experiment_frame_log.v:103$104'.
  created $dff cell `$procdff$4670' with positive edge clock.
Creating register for signal `\experiment_frame_log.$bitselwrite$pos$src/experiment_frame_log.v:164$14' using process `\experiment_frame_log.$proc$src/experiment_frame_log.v:103$104'.
  created $dff cell `$procdff$4671' with positive edge clock.
Creating register for signal `\experiment_frame_log.\final_id$func$src/experiment_frame_log.v:167$15.$result' using process `\experiment_frame_log.$proc$src/experiment_frame_log.v:103$104'.
  created $dff cell `$procdff$4672' with positive edge clock.
Creating register for signal `\experiment_frame_log.\final_id$func$src/experiment_frame_log.v:167$15.value' using process `\experiment_frame_log.$proc$src/experiment_frame_log.v:103$104'.
  created $dff cell `$procdff$4673' with positive edge clock.
Creating register for signal `\experiment_frame_log.\final_id$func$src/experiment_frame_log.v:167$15.k' using process `\experiment_frame_log.$proc$src/experiment_frame_log.v:103$104'.
  created $dff cell `$procdff$4674' with positive edge clock.
Creating register for signal `\experiment_frame_log.$memwr$\queue$src/experiment_frame_log.v:123$18_ADDR' using process `\experiment_frame_log.$proc$src/experiment_frame_log.v:103$104'.
  created $dff cell `$procdff$4675' with positive edge clock.
Creating register for signal `\experiment_frame_log.$memwr$\queue$src/experiment_frame_log.v:123$18_DATA' using process `\experiment_frame_log.$proc$src/experiment_frame_log.v:103$104'.
  created $dff cell `$procdff$4676' with positive edge clock.
Creating register for signal `\experiment_frame_log.$memwr$\queue$src/experiment_frame_log.v:123$18_EN' using process `\experiment_frame_log.$proc$src/experiment_frame_log.v:103$104'.
  created $dff cell `$procdff$4677' with positive edge clock.
Creating register for signal `\experiment_frame_log.$memwr$\lengths$src/experiment_frame_log.v:125$19_ADDR' using process `\experiment_frame_log.$proc$src/experiment_frame_log.v:103$104'.
  created $dff cell `$procdff$4678' with positive edge clock.
Creating register for signal `\experiment_frame_log.$memwr$\lengths$src/experiment_frame_log.v:125$19_DATA' using process `\experiment_frame_log.$proc$src/experiment_frame_log.v:103$104'.
  created $dff cell `$procdff$4679' with positive edge clock.
Creating register for signal `\experiment_frame_log.$memwr$\lengths$src/experiment_frame_log.v:125$19_EN' using process `\experiment_frame_log.$proc$src/experiment_frame_log.v:103$104'.
  created $dff cell `$procdff$4680' with positive edge clock.
Creating register for signal `\experiment_frame_log.$memwr$\queue$src/experiment_frame_log.v:134$20_ADDR' using process `\experiment_frame_log.$proc$src/experiment_frame_log.v:103$104'.
  created $dff cell `$procdff$4681' with positive edge clock.
Creating register for signal `\experiment_frame_log.$memwr$\queue$src/experiment_frame_log.v:134$20_DATA' using process `\experiment_frame_log.$proc$src/experiment_frame_log.v:103$104'.
  created $dff cell `$procdff$4682' with positive edge clock.
Creating register for signal `\experiment_frame_log.$memwr$\queue$src/experiment_frame_log.v:134$20_EN' using process `\experiment_frame_log.$proc$src/experiment_frame_log.v:103$104'.
  created $dff cell `$procdff$4683' with positive edge clock.
Creating register for signal `\experiment_frame_log.$memwr$\lengths$src/experiment_frame_log.v:140$21_ADDR' using process `\experiment_frame_log.$proc$src/experiment_frame_log.v:103$104'.
  created $dff cell `$procdff$4684' with positive edge clock.
Creating register for signal `\experiment_frame_log.$memwr$\lengths$src/experiment_frame_log.v:140$21_DATA' using process `\experiment_frame_log.$proc$src/experiment_frame_log.v:103$104'.
  created $dff cell `$procdff$4685' with positive edge clock.
Creating register for signal `\experiment_frame_log.$memwr$\lengths$src/experiment_frame_log.v:140$21_EN' using process `\experiment_frame_log.$proc$src/experiment_frame_log.v:103$104'.
  created $dff cell `$procdff$4686' with positive edge clock.
Creating register for signal `\experiment_frame_log.$lookahead\event_record$103' using process `\experiment_frame_log.$proc$src/experiment_frame_log.v:103$104'.
  created $dff cell `$procdff$4687' with positive edge clock.
Creating register for signal `\experiment_frame_log.\raw_read_data' using process `\experiment_frame_log.$proc$src/experiment_frame_log.v:72$56'.
  created $dff cell `$procdff$4688' with positive edge clock.
Creating register for signal `\experiment_frame_log.\metadata_read_data' using process `\experiment_frame_log.$proc$src/experiment_frame_log.v:72$56'.
  created $dff cell `$procdff$4689' with positive edge clock.
Creating register for signal `\experiment_frame_log.$memwr$\raw$src/experiment_frame_log.v:73$16_ADDR' using process `\experiment_frame_log.$proc$src/experiment_frame_log.v:72$56'.
  created $dff cell `$procdff$4690' with positive edge clock.
Creating register for signal `\experiment_frame_log.$memwr$\raw$src/experiment_frame_log.v:73$16_DATA' using process `\experiment_frame_log.$proc$src/experiment_frame_log.v:72$56'.
  created $dff cell `$procdff$4691' with positive edge clock.
Creating register for signal `\experiment_frame_log.$memwr$\raw$src/experiment_frame_log.v:73$16_EN' using process `\experiment_frame_log.$proc$src/experiment_frame_log.v:72$56'.
  created $dff cell `$procdff$4692' with positive edge clock.
Creating register for signal `\experiment_frame_log.$memwr$\metadata$src/experiment_frame_log.v:74$17_ADDR' using process `\experiment_frame_log.$proc$src/experiment_frame_log.v:72$56'.
  created $dff cell `$procdff$4693' with positive edge clock.
Creating register for signal `\experiment_frame_log.$memwr$\metadata$src/experiment_frame_log.v:74$17_DATA' using process `\experiment_frame_log.$proc$src/experiment_frame_log.v:72$56'.
  created $dff cell `$procdff$4694' with positive edge clock.
Creating register for signal `\experiment_frame_log.$memwr$\metadata$src/experiment_frame_log.v:74$17_EN' using process `\experiment_frame_log.$proc$src/experiment_frame_log.v:72$56'.
  created $dff cell `$procdff$4695' with positive edge clock.
Creating register for signal `\experiment_frame_log.\read_data' using process `\experiment_frame_log.$proc$src/experiment_frame_log.v:51$43'.
  created $dff cell `$procdff$4696' with positive edge clock.

2.4.10. Executing PROC_MEMWR pass (convert process memory writes to cells).

2.4.11. Executing PROC_CLEAN pass (remove empty switches from decision trees).
Removing empty process `experiment_frame_log.$proc$src/experiment_frame_log.v:66$565'.
Removing empty process `experiment_frame_log.$proc$src/experiment_frame_log.v:64$564'.
Removing empty process `experiment_frame_log.$proc$src/experiment_frame_log.v:63$563'.
Removing empty process `experiment_frame_log.$proc$src/experiment_frame_log.v:63$562'.
Removing empty process `experiment_frame_log.$proc$src/experiment_frame_log.v:63$561'.
Removing empty process `experiment_frame_log.$proc$src/experiment_frame_log.v:39$560'.
Removing empty process `experiment_frame_log.$proc$src/experiment_frame_log.v:38$559'.
Removing empty process `experiment_frame_log.$proc$src/experiment_frame_log.v:37$558'.
Removing empty process `experiment_frame_log.$proc$src/experiment_frame_log.v:36$557'.
Removing empty process `experiment_frame_log.$proc$src/experiment_frame_log.v:36$556'.
Removing empty process `experiment_frame_log.$proc$src/experiment_frame_log.v:35$555'.
Removing empty process `experiment_frame_log.$proc$src/experiment_frame_log.v:34$554'.
Removing empty process `experiment_frame_log.$proc$src/experiment_frame_log.v:34$553'.
Removing empty process `experiment_frame_log.$proc$src/experiment_frame_log.v:34$552'.
Removing empty process `experiment_frame_log.$proc$src/experiment_frame_log.v:34$551'.
Removing empty process `experiment_frame_log.$proc$src/experiment_frame_log.v:30$550'.
Removing empty process `experiment_frame_log.$proc$src/experiment_frame_log.v:30$549'.
Removing empty process `experiment_frame_log.$proc$src/experiment_frame_log.v:29$548'.
Removing empty process `experiment_frame_log.$proc$src/experiment_frame_log.v:28$547'.
Removing empty process `experiment_frame_log.$proc$src/experiment_frame_log.v:28$546'.
Removing empty process `experiment_frame_log.$proc$src/experiment_frame_log.v:27$545'.
Removing empty process `experiment_frame_log.$proc$src/experiment_frame_log.v:27$544'.
Removing empty process `experiment_frame_log.$proc$src/experiment_frame_log.v:27$543'.
Removing empty process `experiment_frame_log.$proc$src/experiment_frame_log.v:26$542'.
Removing empty process `experiment_frame_log.$proc$src/experiment_frame_log.v:26$541'.
Removing empty process `experiment_frame_log.$proc$src/experiment_frame_log.v:25$540'.
Removing empty process `experiment_frame_log.$proc$src/experiment_frame_log.v:24$539'.
Removing empty process `experiment_frame_log.$proc$src/experiment_frame_log.v:23$538'.
Removing empty process `experiment_frame_log.$proc$src/experiment_frame_log.v:22$537'.
Removing empty process `experiment_frame_log.$proc$src/experiment_frame_log.v:22$536'.
Removing empty process `experiment_frame_log.$proc$src/experiment_frame_log.v:17$535'.
Found and cleaned up 45 empty switches in `\experiment_frame_log.$proc$src/experiment_frame_log.v:103$104'.
Removing empty process `experiment_frame_log.$proc$src/experiment_frame_log.v:103$104'.
Found and cleaned up 4 empty switches in `\experiment_frame_log.$proc$src/experiment_frame_log.v:81$81'.
Removing empty process `experiment_frame_log.$proc$src/experiment_frame_log.v:81$81'.
Found and cleaned up 2 empty switches in `\experiment_frame_log.$proc$src/experiment_frame_log.v:72$56'.
Removing empty process `experiment_frame_log.$proc$src/experiment_frame_log.v:72$56'.
Removing empty process `experiment_frame_log.$proc$src/experiment_frame_log.v:51$43'.
Cleaned up 51 empty switches.

2.4.12. Executing OPT_EXPR pass (perform const folding).
Optimizing module experiment_frame_log.
<suppressed ~82 debug messages>

2.5. Executing CHECK pass (checking for obvious problems).
Checking module experiment_frame_log...
Found and reported 0 problems.

2.6. Executing FLATTEN pass (flatten design).

2.7. Executing TRIBUF pass.

2.8. Executing DEMINOUT pass (demote inout ports to input or output).

2.9. Executing OPT_EXPR pass (perform const folding).
Optimizing module experiment_frame_log.
<suppressed ~41 debug messages>

2.10. Executing OPT_CLEAN pass (remove unused cells and wires).
Finding unused cells or wires in module \experiment_frame_log..
Removed 606 unused cells and 2228 unused wires.
<suppressed ~632 debug messages>

2.11. Executing CHECK pass (checking for obvious problems).
Checking module experiment_frame_log...
Found and reported 0 problems.

2.12. Executing OPT pass (performing simple optimizations).

2.12.1. Executing OPT_EXPR pass (perform const folding).
Optimizing module experiment_frame_log.

2.12.2. Executing OPT_MERGE pass (detect identical cells).
Finding identical cells in module `\experiment_frame_log'.
Computing hashes of 1027 cells of `\experiment_frame_log'.
Finding duplicate cells in `\experiment_frame_log'.
Computing hashes of 943 cells of `\experiment_frame_log'.
Finding duplicate cells in `\experiment_frame_log'.
Computing hashes of 932 cells of `\experiment_frame_log'.
Finding duplicate cells in `\experiment_frame_log'.
Computing hashes of 931 cells of `\experiment_frame_log'.
Finding duplicate cells in `\experiment_frame_log'.
Computing hashes of 930 cells of `\experiment_frame_log'.
Finding duplicate cells in `\experiment_frame_log'.
Computing hashes of 929 cells of `\experiment_frame_log'.
Finding duplicate cells in `\experiment_frame_log'.
Computing hashes of 928 cells of `\experiment_frame_log'.
Finding duplicate cells in `\experiment_frame_log'.
Computing hashes of 927 cells of `\experiment_frame_log'.
Finding duplicate cells in `\experiment_frame_log'.
Computing hashes of 926 cells of `\experiment_frame_log'.
Finding duplicate cells in `\experiment_frame_log'.
<suppressed ~303 debug messages>
Removed a total of 101 cells.

2.12.3. Executing OPT_MUXTREE pass (detect dead branches in mux trees).
Running muxtree optimizer on module \experiment_frame_log..
  Creating internal representation of mux trees.
  Evaluating internal representation of mux trees.
      Replacing known input bits on port A of cell $procmux$4329: \copying_event -> 1'0
      Replacing known input bits on port A of cell $procmux$4327: \copying_event -> 1'1
      Replacing known input bits on port A of cell $procmux$4482: \copying_boundary -> 1'1
      Replacing known input bits on port B of cell $procmux$4478: \copying_boundary -> 1'0
      Replacing known input bits on port A of cell $procmux$4475: \copying_boundary -> 1'0
      Replacing known input bits on port A of cell $procmux$4473: \copying_boundary -> 1'0
  Analyzing evaluation results.
    dead port 1/2 on $mux $procmux$3608.
    dead port 1/2 on $mux $procmux$3614.
    dead port 1/2 on $mux $procmux$3620.
    dead port 1/2 on $mux $procmux$3632.
    dead port 1/2 on $mux $procmux$3638.
    dead port 1/2 on $mux $procmux$3644.
    dead port 1/2 on $mux $procmux$3650.
    dead port 1/2 on $mux $procmux$3656.
    dead port 1/2 on $mux $procmux$3662.
    dead port 1/2 on $mux $procmux$3668.
    dead port 1/2 on $mux $procmux$3674.
    dead port 1/2 on $mux $procmux$3680.
    dead port 1/2 on $mux $procmux$3686.
    dead port 1/2 on $mux $procmux$3386.
    dead port 1/2 on $mux $procmux$3383.
    dead port 1/2 on $mux $procmux$3377.
    dead port 1/2 on $mux $procmux$3374.
    dead port 1/2 on $mux $procmux$3368.
    dead port 1/2 on $mux $procmux$3365.
    dead port 1/2 on $mux $procmux$3359.
    dead port 1/2 on $mux $procmux$3356.
    dead port 1/2 on $mux $procmux$3350.
    dead port 1/2 on $mux $procmux$3347.
    dead port 1/2 on $mux $procmux$3341.
    dead port 1/2 on $mux $procmux$3338.
    dead port 1/2 on $mux $procmux$3332.
    dead port 1/2 on $mux $procmux$3329.
    dead port 1/2 on $mux $procmux$2696.
    dead port 1/2 on $mux $procmux$2693.
    dead port 1/2 on $mux $procmux$2690.
    dead port 1/2 on $mux $procmux$2474.
    dead port 1/2 on $mux $procmux$2471.
    dead port 1/2 on $mux $procmux$2468.
    dead port 2/2 on $mux $procmux$2465.
    dead port 1/2 on $mux $procmux$2063.
    dead port 1/2 on $mux $procmux$2060.
    dead port 1/2 on $mux $procmux$2057.
    dead port 2/2 on $mux $procmux$2054.
    dead port 1/2 on $mux $procmux$2052.
    dead port 1/2 on $mux $procmux$4543.
    dead port 1/18 on $pmux $procmux$4546.
    dead port 2/18 on $pmux $procmux$4546.
    dead port 3/18 on $pmux $procmux$4546.
    dead port 4/18 on $pmux $procmux$4546.
    dead port 5/18 on $pmux $procmux$4546.
    dead port 6/18 on $pmux $procmux$4546.
    dead port 7/18 on $pmux $procmux$4546.
    dead port 8/18 on $pmux $procmux$4546.
    dead port 9/18 on $pmux $procmux$4546.
    dead port 10/18 on $pmux $procmux$4546.
    dead port 11/18 on $pmux $procmux$4546.
    dead port 12/18 on $pmux $procmux$4546.
    dead port 13/18 on $pmux $procmux$4546.
    dead port 14/18 on $pmux $procmux$4546.
    dead port 15/18 on $pmux $procmux$4546.
    dead port 16/18 on $pmux $procmux$4546.
    dead port 17/18 on $pmux $procmux$4546.
    dead port 1/18 on $pmux $procmux$4568.
    dead port 2/18 on $pmux $procmux$4568.
    dead port 3/18 on $pmux $procmux$4568.
    dead port 4/18 on $pmux $procmux$4568.
    dead port 5/18 on $pmux $procmux$4568.
    dead port 6/18 on $pmux $procmux$4568.
    dead port 7/18 on $pmux $procmux$4568.
    dead port 8/18 on $pmux $procmux$4568.
    dead port 9/18 on $pmux $procmux$4568.
    dead port 10/18 on $pmux $procmux$4568.
    dead port 11/18 on $pmux $procmux$4568.
    dead port 12/18 on $pmux $procmux$4568.
    dead port 13/18 on $pmux $procmux$4568.
    dead port 14/18 on $pmux $procmux$4568.
    dead port 15/18 on $pmux $procmux$4568.
    dead port 16/18 on $pmux $procmux$4568.
    dead port 17/18 on $pmux $procmux$4568.
    dead port 1/2 on $mux $procmux$3200.
    dead port 1/2 on $mux $procmux$3197.
    dead port 2/2 on $mux $procmux$3194.
    dead port 1/2 on $mux $procmux$3192.
    dead port 1/2 on $mux $procmux$3185.
    dead port 1/2 on $mux $procmux$3182.
    dead port 2/2 on $mux $procmux$3179.
    dead port 1/2 on $mux $procmux$3177.
    dead port 1/2 on $mux $procmux$3170.
    dead port 1/2 on $mux $procmux$3167.
    dead port 2/2 on $mux $procmux$3164.
    dead port 1/2 on $mux $procmux$3162.
    dead port 2/2 on $mux $procmux$2951.
    dead port 1/2 on $mux $procmux$3155.
    dead port 1/2 on $mux $procmux$2949.
    dead port 1/2 on $mux $procmux$3152.
    dead port 2/2 on $mux $procmux$3149.
    dead port 1/2 on $mux $procmux$3147.
    dead port 2/2 on $mux $procmux$2946.
    dead port 1/2 on $mux $procmux$3140.
    dead port 1/2 on $mux $procmux$3137.
    dead port 2/2 on $mux $procmux$3134.
    dead port 1/2 on $mux $procmux$3132.
    dead port 1/2 on $mux $procmux$3125.
    dead port 1/2 on $mux $procmux$3122.
    dead port 2/2 on $mux $procmux$3119.
    dead port 1/2 on $mux $procmux$2943.
    dead port 1/2 on $mux $procmux$1781.
    dead port 1/2 on $mux $procmux$1778.
    dead port 1/2 on $mux $procmux$1775.
    dead port 2/2 on $mux $procmux$1772.
    dead port 1/2 on $mux $procmux$1770.
    dead port 2/2 on $mux $procmux$1767.
    dead port 1/2 on $mux $procmux$3117.
    dead port 2/2 on $mux $procmux$3114.
    dead port 1/2 on $mux $procmux$3107.
    dead port 1/2 on $mux $procmux$3104.
    dead port 2/2 on $mux $procmux$3101.
    dead port 1/2 on $mux $procmux$3099.
    dead port 2/2 on $mux $procmux$3096.
    dead port 1/2 on $mux $procmux$3089.
    dead port 1/2 on $mux $procmux$3086.
    dead port 2/2 on $mux $procmux$3083.
    dead port 1/2 on $mux $procmux$3081.
    dead port 2/2 on $mux $procmux$3078.
    dead port 1/2 on $mux $procmux$3071.
    dead port 1/2 on $mux $procmux$3068.
    dead port 2/2 on $mux $procmux$3065.
    dead port 1/2 on $mux $procmux$3063.
    dead port 2/2 on $mux $procmux$3060.
    dead port 2/2 on $mux $procmux$3572.
    dead port 1/2 on $mux $procmux$3053.
    dead port 1/2 on $mux $procmux$3050.
    dead port 2/2 on $mux $procmux$3047.
    dead port 1/2 on $mux $procmux$3045.
    dead port 2/2 on $mux $procmux$3042.
    dead port 1/2 on $mux $procmux$3035.
    dead port 1/2 on $mux $procmux$3032.
    dead port 1/2 on $mux $procmux$3575.
    dead port 1/2 on $mux $procmux$3323.
    dead port 1/2 on $mux $procmux$3320.
    dead port 1/2 on $mux $procmux$3314.
    dead port 1/2 on $mux $procmux$3311.
    dead port 2/2 on $mux $procmux$3308.
    dead port 1/2 on $mux $procmux$3302.
    dead port 1/2 on $mux $procmux$1139.
    dead port 1/2 on $mux $procmux$1136.
    dead port 1/2 on $mux $procmux$1133.
    dead port 2/2 on $mux $procmux$1130.
    dead port 1/2 on $mux $procmux$1128.
    dead port 2/2 on $mux $procmux$1125.
    dead port 2/2 on $mux $procmux$1123.
    dead port 1/2 on $mux $procmux$1115.
    dead port 1/2 on $mux $procmux$1112.
    dead port 1/2 on $mux $procmux$1109.
    dead port 2/2 on $mux $procmux$1106.
    dead port 1/2 on $mux $procmux$1104.
    dead port 2/2 on $mux $procmux$1101.
    dead port 2/2 on $mux $procmux$1099.
    dead port 1/2 on $mux $procmux$1091.
    dead port 1/2 on $mux $procmux$1088.
    dead port 1/2 on $mux $procmux$1085.
    dead port 2/2 on $mux $procmux$1082.
    dead port 1/2 on $mux $procmux$1080.
    dead port 2/2 on $mux $procmux$1077.
    dead port 1/2 on $mux $procmux$1070.
    dead port 1/2 on $mux $procmux$1067.
    dead port 1/2 on $mux $procmux$1064.
    dead port 2/2 on $mux $procmux$1061.
    dead port 1/2 on $mux $procmux$1059.
    dead port 2/2 on $mux $procmux$1056.
    dead port 1/2 on $mux $procmux$1049.
    dead port 1/2 on $mux $procmux$1046.
    dead port 1/2 on $mux $procmux$1043.
    dead port 2/2 on $mux $procmux$1040.
    dead port 1/2 on $mux $procmux$1038.
    dead port 2/2 on $mux $procmux$1035.
    dead port 1/2 on $mux $procmux$1028.
    dead port 1/2 on $mux $procmux$1025.
    dead port 1/2 on $mux $procmux$1022.
    dead port 2/2 on $mux $procmux$1019.
    dead port 1/2 on $mux $procmux$1017.
    dead port 2/2 on $mux $procmux$1014.
    dead port 1/2 on $mux $procmux$1007.
    dead port 1/2 on $mux $procmux$1004.
    dead port 1/2 on $mux $procmux$1001.
    dead port 2/2 on $mux $procmux$998.
    dead port 1/2 on $mux $procmux$996.
    dead port 2/2 on $mux $procmux$993.
    dead port 1/2 on $mux $procmux$986.
    dead port 1/2 on $mux $procmux$983.
    dead port 1/2 on $mux $procmux$980.
    dead port 2/2 on $mux $procmux$977.
    dead port 1/2 on $mux $procmux$975.
    dead port 2/2 on $mux $procmux$972.
    dead port 1/2 on $mux $procmux$965.
    dead port 1/2 on $mux $procmux$962.
    dead port 1/2 on $mux $procmux$959.
    dead port 2/2 on $mux $procmux$956.
    dead port 1/2 on $mux $procmux$954.
    dead port 2/2 on $mux $procmux$951.
    dead port 1/2 on $mux $procmux$944.
    dead port 1/2 on $mux $procmux$941.
    dead port 1/2 on $mux $procmux$938.
    dead port 2/2 on $mux $procmux$935.
    dead port 1/2 on $mux $procmux$933.
    dead port 2/2 on $mux $procmux$930.
    dead port 2/2 on $mux $procmux$3029.
    dead port 1/2 on $mux $procmux$3027.
    dead port 2/2 on $mux $procmux$3024.
    dead port 2/2 on $mux $procmux$3248.
    dead port 1/2 on $mux $procmux$3251.
    dead port 1/2 on $mux $procmux$3242.
    dead port 1/2 on $mux $procmux$3017.
    dead port 1/2 on $mux $procmux$3254.
    dead port 1/2 on $mux $procmux$3239.
    dead port 1/2 on $mux $procmux$3014.
    dead port 2/2 on $mux $procmux$3236.
    dead port 2/2 on $mux $procmux$3011.
    dead port 2/2 on $mux $procmux$3260.
    dead port 1/2 on $mux $procmux$3009.
    dead port 1/2 on $mux $procmux$3263.
    dead port 1/2 on $mux $procmux$3230.
    dead port 2/2 on $mux $procmux$3006.
    dead port 1/2 on $mux $procmux$3266.
    dead port 1/2 on $mux $procmux$3227.
    dead port 2/2 on $mux $procmux$3224.
    dead port 1/2 on $mux $procmux$3212.
    dead port 2/2 on $mux $procmux$3209.
    dead port 1/2 on $mux $procmux$3207.
    dead port 1/2 on $mux $procmux$2999.
    dead port 2/2 on $mux $procmux$3272.
    dead port 1/2 on $mux $procmux$3602.
    dead port 2/2 on $mux $procmux$3599.
    dead port 1/2 on $mux $procmux$3593.
    dead port 2/2 on $mux $procmux$3590.
    dead port 1/2 on $mux $procmux$2996.
    dead port 1/2 on $mux $procmux$3275.
    dead port 2/2 on $mux $procmux$2993.
    dead port 1/2 on $mux $procmux$2991.
    dead port 1/2 on $mux $procmux$3299.
    dead port 2/2 on $mux $procmux$3296.
    dead port 2/2 on $mux $procmux$2988.
    dead port 1/2 on $mux $procmux$3278.
    dead port 1/2 on $mux $procmux$2985.
    dead port 2/2 on $mux $procmux$3581.
    dead port 1/2 on $mux $procmux$3584.
    dead port 1/2 on $mux $procmux$2978.
    dead port 2/2 on $mux $procmux$3284.
    dead port 1/2 on $mux $procmux$3222.
    dead port 1/2 on $mux $procmux$3287.
    dead port 1/2 on $mux $procmux$3290.
    dead port 1/2 on $mux $procmux$3215.
    dead port 1/2 on $mux $procmux$2975.
    dead port 2/2 on $mux $procmux$2972.
    dead port 1/2 on $mux $procmux$2970.
    dead port 2/2 on $mux $procmux$2967.
    dead port 1/2 on $mux $procmux$2964.
    dead port 1/2 on $mux $procmux$2957.
    dead port 1/2 on $mux $procmux$2954.
Removed 254 multiplexer ports.
<suppressed ~894 debug messages>

2.12.4. Executing OPT_REDUCE pass (consolidate $*mux and $reduce_* inputs).
  Optimizing cells in module \experiment_frame_log.
    Consolidated identical input bits for $mux cell $procmux$3629:
      Old ports: A=8'00000000, B=8'11111111, Y=$procmux$3629_Y
      New ports: A=1'0, B=1'1, Y=$procmux$3629_Y [0]
      New connections: $procmux$3629_Y [7:1] = { $procmux$3629_Y [0] $procmux$3629_Y [0] $procmux$3629_Y [0] $procmux$3629_Y [0] $procmux$3629_Y [0] $procmux$3629_Y [0] $procmux$3629_Y [0] }
    Consolidated identical input bits for $mux cell $procmux$2941:
      Old ports: A=8'00000000, B=8'11111111, Y=$procmux$2941_Y
      New ports: A=1'0, B=1'1, Y=$procmux$2941_Y [0]
      New connections: $procmux$2941_Y [7:1] = { $procmux$2941_Y [0] $procmux$2941_Y [0] $procmux$2941_Y [0] $procmux$2941_Y [0] $procmux$2941_Y [0] $procmux$2941_Y [0] $procmux$2941_Y [0] }
    Consolidated identical input bits for $mux cell $procmux$3057:
      Old ports: A=9'000000000, B=9'111111111, Y=$procmux$3057_Y
      New ports: A=1'0, B=1'1, Y=$procmux$3057_Y [0]
      New connections: $procmux$3057_Y [8:1] = { $procmux$3057_Y [0] $procmux$3057_Y [0] $procmux$3057_Y [0] $procmux$3057_Y [0] $procmux$3057_Y [0] $procmux$3057_Y [0] $procmux$3057_Y [0] $procmux$3057_Y [0] }
    Consolidated identical input bits for $mux cell $procmux$4606:
      Old ports: A=8'00000000, B=8'11111111, Y=$0$memwr$\metadata$src/experiment_frame_log.v:74$17_EN[7:0]$62
      New ports: A=1'0, B=1'1, Y=$0$memwr$\metadata$src/experiment_frame_log.v:74$17_EN[7:0]$62 [0]
      New connections: $0$memwr$\metadata$src/experiment_frame_log.v:74$17_EN[7:0]$62 [7:1] = { $0$memwr$\metadata$src/experiment_frame_log.v:74$17_EN[7:0]$62 [0] $0$memwr$\metadata$src/experiment_frame_log.v:74$17_EN[7:0]$62 [0] $0$memwr$\metadata$src/experiment_frame_log.v:74$17_EN[7:0]$62 [0] $0$memwr$\metadata$src/experiment_frame_log.v:74$17_EN[7:0]$62 [0] $0$memwr$\metadata$src/experiment_frame_log.v:74$17_EN[7:0]$62 [0] $0$memwr$\metadata$src/experiment_frame_log.v:74$17_EN[7:0]$62 [0] $0$memwr$\metadata$src/experiment_frame_log.v:74$17_EN[7:0]$62 [0] }
    Consolidated identical input bits for $mux cell $procmux$4615:
      Old ports: A=8'00000000, B=8'11111111, Y=$0$memwr$\raw$src/experiment_frame_log.v:73$16_EN[7:0]$59
      New ports: A=1'0, B=1'1, Y=$0$memwr$\raw$src/experiment_frame_log.v:73$16_EN[7:0]$59 [0]
      New connections: $0$memwr$\raw$src/experiment_frame_log.v:73$16_EN[7:0]$59 [7:1] = { $0$memwr$\raw$src/experiment_frame_log.v:73$16_EN[7:0]$59 [0] $0$memwr$\raw$src/experiment_frame_log.v:73$16_EN[7:0]$59 [0] $0$memwr$\raw$src/experiment_frame_log.v:73$16_EN[7:0]$59 [0] $0$memwr$\raw$src/experiment_frame_log.v:73$16_EN[7:0]$59 [0] $0$memwr$\raw$src/experiment_frame_log.v:73$16_EN[7:0]$59 [0] $0$memwr$\raw$src/experiment_frame_log.v:73$16_EN[7:0]$59 [0] $0$memwr$\raw$src/experiment_frame_log.v:73$16_EN[7:0]$59 [0] }
    Consolidated identical input bits for $mux cell $procmux$3579:
      Old ports: A=9'000000000, B=9'111111111, Y=$procmux$3579_Y
      New ports: A=1'0, B=1'1, Y=$procmux$3579_Y [0]
      New connections: $procmux$3579_Y [8:1] = { $procmux$3579_Y [0] $procmux$3579_Y [0] $procmux$3579_Y [0] $procmux$3579_Y [0] $procmux$3579_Y [0] $procmux$3579_Y [0] $procmux$3579_Y [0] $procmux$3579_Y [0] }
  Optimizing cells in module \experiment_frame_log.
    Consolidated identical input bits for $mux cell $procmux$3839:
      Old ports: A=$2$memwr$\queue$src/experiment_frame_log.v:123$18_EN[7:0]$201, B=8'00000000, Y=$0$memwr$\queue$src/experiment_frame_log.v:123$18_EN[7:0]$125
      New ports: A=$procmux$3629_Y [0], B=1'0, Y=$0$memwr$\queue$src/experiment_frame_log.v:123$18_EN[7:0]$125 [0]
      New connections: $0$memwr$\queue$src/experiment_frame_log.v:123$18_EN[7:0]$125 [7:1] = { $0$memwr$\queue$src/experiment_frame_log.v:123$18_EN[7:0]$125 [0] $0$memwr$\queue$src/experiment_frame_log.v:123$18_EN[7:0]$125 [0] $0$memwr$\queue$src/experiment_frame_log.v:123$18_EN[7:0]$125 [0] $0$memwr$\queue$src/experiment_frame_log.v:123$18_EN[7:0]$125 [0] $0$memwr$\queue$src/experiment_frame_log.v:123$18_EN[7:0]$125 [0] $0$memwr$\queue$src/experiment_frame_log.v:123$18_EN[7:0]$125 [0] $0$memwr$\queue$src/experiment_frame_log.v:123$18_EN[7:0]$125 [0] }
    Consolidated identical input bits for $mux cell $procmux$3605:
      Old ports: A=9'000000000, B=$3$memwr$\lengths$src/experiment_frame_log.v:125$19_EN[8:0]$219, Y=$procmux$3605_Y
      New ports: A=1'0, B=$procmux$3579_Y [0], Y=$procmux$3605_Y [0]
      New connections: $procmux$3605_Y [8:1] = { $procmux$3605_Y [0] $procmux$3605_Y [0] $procmux$3605_Y [0] $procmux$3605_Y [0] $procmux$3605_Y [0] $procmux$3605_Y [0] $procmux$3605_Y [0] $procmux$3605_Y [0] }
    Consolidated identical input bits for $mux cell $procmux$3129:
      Old ports: A=9'000000000, B=$6$memwr$\lengths$src/experiment_frame_log.v:140$21_EN[8:0]$270, Y=$procmux$3129_Y
      New ports: A=1'0, B=$procmux$3057_Y [0], Y=$procmux$3129_Y [0]
      New connections: $procmux$3129_Y [8:1] = { $procmux$3129_Y [0] $procmux$3129_Y [0] $procmux$3129_Y [0] $procmux$3129_Y [0] $procmux$3129_Y [0] $procmux$3129_Y [0] $procmux$3129_Y [0] $procmux$3129_Y [0] }
    Consolidated identical input bits for $mux cell $procmux$3003:
      Old ports: A=$7$memwr$\queue$src/experiment_frame_log.v:134$20_EN[7:0]$274, B=8'00000000, Y=$procmux$3003_Y
      New ports: A=$procmux$2941_Y [0], B=1'0, Y=$procmux$3003_Y [0]
      New connections: $procmux$3003_Y [7:1] = { $procmux$3003_Y [0] $procmux$3003_Y [0] $procmux$3003_Y [0] $procmux$3003_Y [0] $procmux$3003_Y [0] $procmux$3003_Y [0] $procmux$3003_Y [0] }
  Optimizing cells in module \experiment_frame_log.
    Consolidated identical input bits for $mux cell $procmux$3830:
      Old ports: A=$2$memwr$\lengths$src/experiment_frame_log.v:125$19_EN[8:0]$204, B=9'000000000, Y=$0$memwr$\lengths$src/experiment_frame_log.v:125$19_EN[8:0]$128
      New ports: A=$procmux$3605_Y [0], B=1'0, Y=$0$memwr$\lengths$src/experiment_frame_log.v:125$19_EN[8:0]$128 [0]
      New connections: $0$memwr$\lengths$src/experiment_frame_log.v:125$19_EN[8:0]$128 [8:1] = { $0$memwr$\lengths$src/experiment_frame_log.v:125$19_EN[8:0]$128 [0] $0$memwr$\lengths$src/experiment_frame_log.v:125$19_EN[8:0]$128 [0] $0$memwr$\lengths$src/experiment_frame_log.v:125$19_EN[8:0]$128 [0] $0$memwr$\lengths$src/experiment_frame_log.v:125$19_EN[8:0]$128 [0] $0$memwr$\lengths$src/experiment_frame_log.v:125$19_EN[8:0]$128 [0] $0$memwr$\lengths$src/experiment_frame_log.v:125$19_EN[8:0]$128 [0] $0$memwr$\lengths$src/experiment_frame_log.v:125$19_EN[8:0]$128 [0] $0$memwr$\lengths$src/experiment_frame_log.v:125$19_EN[8:0]$128 [0] }
    Consolidated identical input bits for $mux cell $procmux$3174:
      Old ports: A=8'00000000, B=$6$memwr$\queue$src/experiment_frame_log.v:134$20_EN[7:0]$267, Y=$procmux$3174_Y
      New ports: A=1'0, B=$procmux$3003_Y [0], Y=$procmux$3174_Y [0]
      New connections: $procmux$3174_Y [7:1] = { $procmux$3174_Y [0] $procmux$3174_Y [0] $procmux$3174_Y [0] $procmux$3174_Y [0] $procmux$3174_Y [0] $procmux$3174_Y [0] $procmux$3174_Y [0] }
    Consolidated identical input bits for $mux cell $procmux$3234:
      Old ports: A=$5$memwr$\lengths$src/experiment_frame_log.v:140$21_EN[8:0]$263, B=9'000000000, Y=$procmux$3234_Y
      New ports: A=$procmux$3129_Y [0], B=1'0, Y=$procmux$3234_Y [0]
      New connections: $procmux$3234_Y [8:1] = { $procmux$3234_Y [0] $procmux$3234_Y [0] $procmux$3234_Y [0] $procmux$3234_Y [0] $procmux$3234_Y [0] $procmux$3234_Y [0] $procmux$3234_Y [0] $procmux$3234_Y [0] }
  Optimizing cells in module \experiment_frame_log.
    Consolidated identical input bits for $mux cell $procmux$3317:
      Old ports: A=9'000000000, B=$4$memwr$\lengths$src/experiment_frame_log.v:140$21_EN[8:0]$256, Y=$procmux$3317_Y
      New ports: A=1'0, B=$procmux$3234_Y [0], Y=$procmux$3317_Y [0]
      New connections: $procmux$3317_Y [8:1] = { $procmux$3317_Y [0] $procmux$3317_Y [0] $procmux$3317_Y [0] $procmux$3317_Y [0] $procmux$3317_Y [0] $procmux$3317_Y [0] $procmux$3317_Y [0] $procmux$3317_Y [0] }
    Consolidated identical input bits for $mux cell $procmux$3270:
      Old ports: A=$5$memwr$\queue$src/experiment_frame_log.v:134$20_EN[7:0]$260, B=8'00000000, Y=$procmux$3270_Y
      New ports: A=$procmux$3174_Y [0], B=1'0, Y=$procmux$3270_Y [0]
      New connections: $procmux$3270_Y [7:1] = { $procmux$3270_Y [0] $procmux$3270_Y [0] $procmux$3270_Y [0] $procmux$3270_Y [0] $procmux$3270_Y [0] $procmux$3270_Y [0] $procmux$3270_Y [0] }
  Optimizing cells in module \experiment_frame_log.
    Consolidated identical input bits for $mux cell $procmux$3653:
      Old ports: A=$3$memwr$\lengths$src/experiment_frame_log.v:140$21_EN[8:0]$248, B=9'000000000, Y=$procmux$3653_Y
      New ports: A=$procmux$3317_Y [0], B=1'0, Y=$procmux$3653_Y [0]
      New connections: $procmux$3653_Y [8:1] = { $procmux$3653_Y [0] $procmux$3653_Y [0] $procmux$3653_Y [0] $procmux$3653_Y [0] $procmux$3653_Y [0] $procmux$3653_Y [0] $procmux$3653_Y [0] $procmux$3653_Y [0] }
    Consolidated identical input bits for $mux cell $procmux$3344:
      Old ports: A=8'00000000, B=$4$memwr$\queue$src/experiment_frame_log.v:134$20_EN[7:0]$253, Y=$procmux$3344_Y
      New ports: A=1'0, B=$procmux$3270_Y [0], Y=$procmux$3344_Y [0]
      New connections: $procmux$3344_Y [7:1] = { $procmux$3344_Y [0] $procmux$3344_Y [0] $procmux$3344_Y [0] $procmux$3344_Y [0] $procmux$3344_Y [0] $procmux$3344_Y [0] $procmux$3344_Y [0] }
  Optimizing cells in module \experiment_frame_log.
    Consolidated identical input bits for $mux cell $procmux$3671:
      Old ports: A=$3$memwr$\queue$src/experiment_frame_log.v:134$20_EN[7:0]$245, B=8'00000000, Y=$procmux$3671_Y
      New ports: A=$procmux$3344_Y [0], B=1'0, Y=$procmux$3671_Y [0]
      New connections: $procmux$3671_Y [7:1] = { $procmux$3671_Y [0] $procmux$3671_Y [0] $procmux$3671_Y [0] $procmux$3671_Y [0] $procmux$3671_Y [0] $procmux$3671_Y [0] $procmux$3671_Y [0] }
    Consolidated identical input bits for $mux cell $procmux$3812:
      Old ports: A=$2$memwr$\lengths$src/experiment_frame_log.v:140$21_EN[8:0]$210, B=9'000000000, Y=$0$memwr$\lengths$src/experiment_frame_log.v:140$21_EN[8:0]$134
      New ports: A=$procmux$3653_Y [0], B=1'0, Y=$0$memwr$\lengths$src/experiment_frame_log.v:140$21_EN[8:0]$134 [0]
      New connections: $0$memwr$\lengths$src/experiment_frame_log.v:140$21_EN[8:0]$134 [8:1] = { $0$memwr$\lengths$src/experiment_frame_log.v:140$21_EN[8:0]$134 [0] $0$memwr$\lengths$src/experiment_frame_log.v:140$21_EN[8:0]$134 [0] $0$memwr$\lengths$src/experiment_frame_log.v:140$21_EN[8:0]$134 [0] $0$memwr$\lengths$src/experiment_frame_log.v:140$21_EN[8:0]$134 [0] $0$memwr$\lengths$src/experiment_frame_log.v:140$21_EN[8:0]$134 [0] $0$memwr$\lengths$src/experiment_frame_log.v:140$21_EN[8:0]$134 [0] $0$memwr$\lengths$src/experiment_frame_log.v:140$21_EN[8:0]$134 [0] $0$memwr$\lengths$src/experiment_frame_log.v:140$21_EN[8:0]$134 [0] }
  Optimizing cells in module \experiment_frame_log.
    Consolidated identical input bits for $mux cell $procmux$3821:
      Old ports: A=$2$memwr$\queue$src/experiment_frame_log.v:134$20_EN[7:0]$207, B=8'00000000, Y=$0$memwr$\queue$src/experiment_frame_log.v:134$20_EN[7:0]$131
      New ports: A=$procmux$3671_Y [0], B=1'0, Y=$0$memwr$\queue$src/experiment_frame_log.v:134$20_EN[7:0]$131 [0]
      New connections: $0$memwr$\queue$src/experiment_frame_log.v:134$20_EN[7:0]$131 [7:1] = { $0$memwr$\queue$src/experiment_frame_log.v:134$20_EN[7:0]$131 [0] $0$memwr$\queue$src/experiment_frame_log.v:134$20_EN[7:0]$131 [0] $0$memwr$\queue$src/experiment_frame_log.v:134$20_EN[7:0]$131 [0] $0$memwr$\queue$src/experiment_frame_log.v:134$20_EN[7:0]$131 [0] $0$memwr$\queue$src/experiment_frame_log.v:134$20_EN[7:0]$131 [0] $0$memwr$\queue$src/experiment_frame_log.v:134$20_EN[7:0]$131 [0] $0$memwr$\queue$src/experiment_frame_log.v:134$20_EN[7:0]$131 [0] }
  Optimizing cells in module \experiment_frame_log.
Performed a total of 20 changes.

2.12.5. Executing OPT_MERGE pass (detect identical cells).
Finding identical cells in module `\experiment_frame_log'.
Computing hashes of 704 cells of `\experiment_frame_log'.
Finding duplicate cells in `\experiment_frame_log'.
Computing hashes of 702 cells of `\experiment_frame_log'.
Finding duplicate cells in `\experiment_frame_log'.
Computing hashes of 701 cells of `\experiment_frame_log'.
Finding duplicate cells in `\experiment_frame_log'.
Computing hashes of 700 cells of `\experiment_frame_log'.
Finding duplicate cells in `\experiment_frame_log'.
Computing hashes of 699 cells of `\experiment_frame_log'.
Finding duplicate cells in `\experiment_frame_log'.
<suppressed ~15 debug messages>
Removed a total of 5 cells.

2.12.6. Executing OPT_DFF pass (perform DFF optimizations).

2.12.7. Executing OPT_CLEAN pass (remove unused cells and wires).
Finding unused cells or wires in module \experiment_frame_log..
Removed 0 unused cells and 304 unused wires.
<suppressed ~1 debug messages>

2.12.8. Executing OPT_EXPR pass (perform const folding).
Optimizing module experiment_frame_log.

2.12.9. Rerunning OPT passes. (Maybe there is more to do..)

2.12.10. Executing OPT_MUXTREE pass (detect dead branches in mux trees).
Running muxtree optimizer on module \experiment_frame_log..
  Creating internal representation of mux trees.
  Evaluating internal representation of mux trees.
  Analyzing evaluation results.
Removed 0 multiplexer ports.
<suppressed ~679 debug messages>

2.12.11. Executing OPT_REDUCE pass (consolidate $*mux and $reduce_* inputs).
  Optimizing cells in module \experiment_frame_log.
Performed a total of 0 changes.

2.12.12. Executing OPT_MERGE pass (detect identical cells).
Finding identical cells in module `\experiment_frame_log'.
Computing hashes of 699 cells of `\experiment_frame_log'.
Finding duplicate cells in `\experiment_frame_log'.
Removed a total of 0 cells.

2.12.13. Executing OPT_DFF pass (perform DFF optimizations).

2.12.14. Executing OPT_CLEAN pass (remove unused cells and wires).
Finding unused cells or wires in module \experiment_frame_log..

2.12.15. Executing OPT_EXPR pass (perform const folding).
Optimizing module experiment_frame_log.

2.12.16. Finished fast OPT passes. (There is nothing left to do.)

2.13. Executing FSM pass (extract and optimize FSM).

2.13.1. Executing FSM_DETECT pass (finding FSMs in design).

2.13.2. Executing FSM_EXTRACT pass (extracting FSM from design).

2.13.3. Executing FSM_OPT pass (simple optimizations of FSMs).

2.13.4. Executing OPT_CLEAN pass (remove unused cells and wires).
Finding unused cells or wires in module \experiment_frame_log..

2.13.5. Executing FSM_OPT pass (simple optimizations of FSMs).

2.13.6. Executing FSM_RECODE pass (re-assigning FSM state encoding).

2.13.7. Executing FSM_INFO pass (dumping all available information on FSM cells).

2.13.8. Executing FSM_MAP pass (mapping FSMs to basic logic).

2.14. Executing OPT pass (performing simple optimizations).

2.14.1. Executing OPT_EXPR pass (perform const folding).
Optimizing module experiment_frame_log.

2.14.2. Executing OPT_MERGE pass (detect identical cells).
Finding identical cells in module `\experiment_frame_log'.
Computing hashes of 699 cells of `\experiment_frame_log'.
Finding duplicate cells in `\experiment_frame_log'.
Removed a total of 0 cells.

2.14.3. Executing OPT_MUXTREE pass (detect dead branches in mux trees).
Running muxtree optimizer on module \experiment_frame_log..
  Creating internal representation of mux trees.
  Evaluating internal representation of mux trees.
  Analyzing evaluation results.
Removed 0 multiplexer ports.
<suppressed ~679 debug messages>

2.14.4. Executing OPT_REDUCE pass (consolidate $*mux and $reduce_* inputs).
  Optimizing cells in module \experiment_frame_log.
Performed a total of 0 changes.

2.14.5. Executing OPT_MERGE pass (detect identical cells).
Finding identical cells in module `\experiment_frame_log'.
Computing hashes of 699 cells of `\experiment_frame_log'.
Finding duplicate cells in `\experiment_frame_log'.
Removed a total of 0 cells.

2.14.6. Executing OPT_DFF pass (perform DFF optimizations).
Adding EN signal on $procdff$4653 ($dff) from module experiment_frame_log (D = $procmux$3920_Y, Q = \checksum).
Adding SRST signal on $auto$ff.cc:337:slice$4703 ($dffe) from module experiment_frame_log (D = $procmux$3917_Y, Q = \checksum, rval = 8'00000000).
Adding EN signal on $procdff$4652 ($dff) from module experiment_frame_log (D = $procmux$3944_Y, Q = \build_index).
Adding SRST signal on $auto$ff.cc:337:slice$4719 ($dffe) from module experiment_frame_log (D = $procmux$3941_Y, Q = \build_index, rval = 9'000000000).
Adding SRST signal on $procdff$4651 ($dff) from module experiment_frame_log (D = $procmux$3973_Y, Q = \build_wait, rval = 1'0).
Adding EN signal on $auto$ff.cc:337:slice$4735 ($sdff) from module experiment_frame_log (D = $procmux$3965_Y, Q = \build_wait).
Adding SRST signal on $procdff$4650 ($dff) from module experiment_frame_log (D = $procmux$3999_Y, Q = \build_done, rval = 1'0).
Adding SRST signal on $procdff$4649 ($dff) from module experiment_frame_log (D = $procmux$4019_Y, Q = \building, rval = 1'0).
Adding EN signal on $procdff$4648 ($dff) from module experiment_frame_log (D = \input_packet [328:320], Q = \mask).
Adding EN signal on $procdff$4647 ($dff) from module experiment_frame_log (D = $procmux$4061_Y, Q = \frame).
Adding EN signal on $procdff$4646 ($dff) from module experiment_frame_log (D = $procmux$4088_Y, Q = \base).
Adding EN signal on $procdff$4645 ($dff) from module experiment_frame_log (D = \input_packet [383:352], Q = \period).
Adding EN signal on $procdff$4644 ($dff) from module experiment_frame_log (D = \input_packet [95:64], Q = \run).
Adding SRST signal on $procdff$4643 ($dff) from module experiment_frame_log (D = $procmux$4161_Y, Q = \dropped, rval = 16'0000000000000000).
Adding SRST signal on $procdff$4642 ($dff) from module experiment_frame_log (D = $procmux$4193_Y, Q = \event_count, rval = 8'00000000).
Adding SRST signal on $procdff$4641 ($dff) from module experiment_frame_log (D = $procmux$4225_Y, Q = \metadata_count, rval = 8'00000000).
Adding EN signal on $procdff$4640 ($dff) from module experiment_frame_log (D = $add$src/experiment_frame_log.v:109$168_Y [7:0], Q = \raw_end_capture).
Adding SRST signal on $procdff$4639 ($dff) from module experiment_frame_log (D = $procmux$4262_Y, Q = \raw_count, rval = 8'00000000).
Adding EN signal on $procdff$4638 ($dff) from module experiment_frame_log (D = $add$src/experiment_frame_log.v:166$512_Y [4:0], Q = \copy_length).
Adding EN signal on $procdff$4637 ($dff) from module experiment_frame_log (D = $procmux$4303_Y, Q = \copy_index).
Adding EN signal on $procdff$4636 ($dff) from module experiment_frame_log (D = $7$lookahead\event_record$103[151:0]$394, Q = \event_record).
Adding SRST signal on $auto$ff.cc:337:slice$4833 ($dffe) from module experiment_frame_log (D = $16$lookahead\event_record$103[151:0]$500 [151:104], Q = \event_record [151:104], rval = 48'000000000000000000000000000000000000000000000000).
Adding EN signal on $procdff$4635 ($dff) from module experiment_frame_log (D = $logic_and$src/experiment_frame_log.v:167$524_Y, Q = \last_audit_copy).
Adding SRST signal on $procdff$4634 ($dff) from module experiment_frame_log (D = $procmux$4344_Y, Q = \copying_event, rval = 1'0).
Adding SRST signal on $procdff$4633 ($dff) from module experiment_frame_log (D = $procmux$4373_Y, Q = \partial, rval = 1'0).
Adding SRST signal on $procdff$4632 ($dff) from module experiment_frame_log (D = $procmux$4400_Y, Q = \flush_pending, rval = 1'0).
Adding SRST signal on $procdff$4631 ($dff) from module experiment_frame_log (D = $procmux$4418_Y, Q = \opened, rval = 1'0).
Adding EN signal on $auto$ff.cc:337:slice$4860 ($sdff) from module experiment_frame_log (D = $procmux$4408_Y, Q = \opened).
Adding EN signal on $procdff$4630 ($dff) from module experiment_frame_log (D = $procmux$4436_Y, Q = \boundary_index).
Adding EN signal on $procdff$4629 ($dff) from module experiment_frame_log (D = \input_length, Q = \boundary_length).
Adding EN signal on $procdff$4628 ($dff) from module experiment_frame_log (D = \input_packet, Q = \boundary_packet).
Adding SRST signal on $procdff$4627 ($dff) from module experiment_frame_log (D = $procmux$4484_Y, Q = \copying_boundary, rval = 1'0).
Adding SRST signal on $procdff$4626 ($dff) from module experiment_frame_log (D = $procmux$4489_Y, Q = \count, rval = 3'000).
Adding EN signal on $auto$ff.cc:337:slice$4900 ($sdff) from module experiment_frame_log (D = $procmux$4489_Y, Q = \count).
Adding SRST signal on $procdff$4625 ($dff) from module experiment_frame_log (D = $procmux$4495_Y, Q = \tail, rval = 2'00).
Adding EN signal on $auto$ff.cc:337:slice$4904 ($sdff) from module experiment_frame_log (D = $ternary$src/experiment_frame_log.v:170$528_Y [1:0], Q = \tail).
Adding SRST signal on $procdff$4624 ($dff) from module experiment_frame_log (D = $procmux$4500_Y, Q = \head, rval = 2'00).
Adding EN signal on $auto$ff.cc:337:slice$4906 ($sdff) from module experiment_frame_log (D = $ternary$src/experiment_frame_log.v:171$532_Y [1:0], Q = \head).
Adding SRST signal on $procdff$4623 ($dff) from module experiment_frame_log (D = $procmux$4531_Y, Q = \fault, rval = 1'0).

2.14.7. Executing OPT_CLEAN pass (remove unused cells and wires).
Finding unused cells or wires in module \experiment_frame_log..
Removed 89 unused cells and 89 unused wires.
<suppressed ~90 debug messages>

2.14.8. Executing OPT_EXPR pass (perform const folding).
Optimizing module experiment_frame_log.
<suppressed ~9 debug messages>

2.14.9. Rerunning OPT passes. (Maybe there is more to do..)

2.14.10. Executing OPT_MUXTREE pass (detect dead branches in mux trees).
Running muxtree optimizer on module \experiment_frame_log..
  Creating internal representation of mux trees.
  Evaluating internal representation of mux trees.
  Analyzing evaluation results.
Removed 0 multiplexer ports.
<suppressed ~583 debug messages>

2.14.11. Executing OPT_REDUCE pass (consolidate $*mux and $reduce_* inputs).
  Optimizing cells in module \experiment_frame_log.
Performed a total of 0 changes.

2.14.12. Executing OPT_MERGE pass (detect identical cells).
Finding identical cells in module `\experiment_frame_log'.
Computing hashes of 694 cells of `\experiment_frame_log'.
Finding duplicate cells in `\experiment_frame_log'.
Computing hashes of 647 cells of `\experiment_frame_log'.
Finding duplicate cells in `\experiment_frame_log'.
Computing hashes of 641 cells of `\experiment_frame_log'.
Finding duplicate cells in `\experiment_frame_log'.
<suppressed ~159 debug messages>
Removed a total of 53 cells.

2.14.13. Executing OPT_DFF pass (perform DFF optimizations).

2.14.14. Executing OPT_CLEAN pass (remove unused cells and wires).
Finding unused cells or wires in module \experiment_frame_log..
Removed 0 unused cells and 53 unused wires.
<suppressed ~1 debug messages>

2.14.15. Executing OPT_EXPR pass (perform const folding).
Optimizing module experiment_frame_log.

2.14.16. Rerunning OPT passes. (Maybe there is more to do..)

2.14.17. Executing OPT_MUXTREE pass (detect dead branches in mux trees).
Running muxtree optimizer on module \experiment_frame_log..
  Creating internal representation of mux trees.
  Evaluating internal representation of mux trees.
  Analyzing evaluation results.
Removed 0 multiplexer ports.
<suppressed ~583 debug messages>

2.14.18. Executing OPT_REDUCE pass (consolidate $*mux and $reduce_* inputs).
  Optimizing cells in module \experiment_frame_log.
Performed a total of 0 changes.

2.14.19. Executing OPT_MERGE pass (detect identical cells).
Finding identical cells in module `\experiment_frame_log'.
Computing hashes of 641 cells of `\experiment_frame_log'.
Finding duplicate cells in `\experiment_frame_log'.
Removed a total of 0 cells.

2.14.20. Executing OPT_DFF pass (perform DFF optimizations).

2.14.21. Executing OPT_CLEAN pass (remove unused cells and wires).
Finding unused cells or wires in module \experiment_frame_log..

2.14.22. Executing OPT_EXPR pass (perform const folding).
Optimizing module experiment_frame_log.

2.14.23. Finished fast OPT passes. (There is nothing left to do.)

2.15. Executing WREDUCE pass (reducing word size of cells).
Removed top 1 bits (of 2) from port B of cell experiment_frame_log.$auto$opt_dff.cc:351:make_patterns_logic$4723 ($ne).
Removed top 1 bits (of 2) from port B of cell experiment_frame_log.$auto$opt_dff.cc:351:make_patterns_logic$4709 ($ne).
Removed top 27 bits (of 32) from port A of cell experiment_frame_log.$add$src/experiment_frame_log.v:65$50 ($add).
Removed top 23 bits (of 32) from port Y of cell experiment_frame_log.$add$src/experiment_frame_log.v:65$50 ($add).
Removed top 23 bits (of 32) from port A of cell experiment_frame_log.$add$src/experiment_frame_log.v:65$51 ($add).
Removed top 23 bits (of 32) from port Y of cell experiment_frame_log.$add$src/experiment_frame_log.v:65$51 ($add).
Removed top 27 bits (of 32) from port B of cell experiment_frame_log.$sub$src/experiment_frame_log.v:68$53 ($sub).
Removed top 22 bits (of 32) from port Y of cell experiment_frame_log.$sub$src/experiment_frame_log.v:68$53 ($sub).
Removed top 25 bits (of 32) from port Y of cell experiment_frame_log.$sub$src/experiment_frame_log.v:68$54 ($sub).
Removed top 25 bits (of 32) from port A of cell experiment_frame_log.$sub$src/experiment_frame_log.v:68$54 ($sub).
Removed top 1 bits (of 8) from port B of cell experiment_frame_log.$sub$src/experiment_frame_log.v:68$54 ($sub).
Removed top 1 bits (of 8) from port Y of cell experiment_frame_log.$add$src/experiment_frame_log.v:69$55 ($add).
Removed top 1 bits (of 8) from port A of cell experiment_frame_log.$add$src/experiment_frame_log.v:69$55 ($add).
Removed top 23 bits (of 32) from port B of cell experiment_frame_log.$shiftx$src/experiment_frame_log.v:74$78 ($shiftx).
Removed top 29 bits (of 32) from port B of cell experiment_frame_log.$sub$src/experiment_frame_log.v:85$82 ($sub).
Removed top 24 bits (of 32) from port Y of cell experiment_frame_log.$sub$src/experiment_frame_log.v:85$82 ($sub).
Removed top 1 bits (of 9) from port A of cell experiment_frame_log.$sub$src/experiment_frame_log.v:85$82 ($sub).
Removed top 28 bits (of 32) from port B of cell experiment_frame_log.$sub$src/experiment_frame_log.v:87$83 ($sub).
Removed top 22 bits (of 32) from port Y of cell experiment_frame_log.$sub$src/experiment_frame_log.v:87$83 ($sub).
Removed top 19 bits (of 32) from port B of cell experiment_frame_log.$shiftx$src/experiment_frame_log.v:87$86 ($shiftx).
Removed top 28 bits (of 32) from port B of cell experiment_frame_log.$sub$src/experiment_frame_log.v:88$87 ($sub).
Removed top 22 bits (of 32) from port Y of cell experiment_frame_log.$sub$src/experiment_frame_log.v:88$87 ($sub).
Removed top 19 bits (of 32) from port B of cell experiment_frame_log.$shiftx$src/experiment_frame_log.v:88$90 ($shiftx).
Removed top 28 bits (of 32) from port B of cell experiment_frame_log.$sub$src/experiment_frame_log.v:89$91 ($sub).
Removed top 22 bits (of 32) from port Y of cell experiment_frame_log.$sub$src/experiment_frame_log.v:89$91 ($sub).
Removed top 19 bits (of 32) from port B of cell experiment_frame_log.$shiftx$src/experiment_frame_log.v:89$94 ($shiftx).
Removed top 27 bits (of 32) from port A of cell experiment_frame_log.$add$src/experiment_frame_log.v:95$96 ($add).
Removed top 23 bits (of 32) from port Y of cell experiment_frame_log.$add$src/experiment_frame_log.v:95$96 ($add).
Removed top 23 bits (of 32) from port B of cell experiment_frame_log.$lt$src/experiment_frame_log.v:95$97 ($lt).
Removed top 31 bits (of 32) from mux cell experiment_frame_log.$ternary$src/experiment_frame_log.v:109$167 ($mux).
Removed top 31 bits (of 32) from port B of cell experiment_frame_log.$add$src/experiment_frame_log.v:109$168 ($add).
Removed top 24 bits (of 32) from port Y of cell experiment_frame_log.$add$src/experiment_frame_log.v:109$168 ($add).
Removed top 24 bits (of 32) from port B of cell experiment_frame_log.$lt$src/experiment_frame_log.v:112$170 ($lt).
Removed top 31 bits (of 32) from port B of cell experiment_frame_log.$add$src/experiment_frame_log.v:112$171 ($add).
Removed top 24 bits (of 32) from port Y of cell experiment_frame_log.$add$src/experiment_frame_log.v:112$171 ($add).
Removed top 31 bits (of 32) from port B of cell experiment_frame_log.$add$src/experiment_frame_log.v:113$173 ($add).
Removed top 16 bits (of 32) from port Y of cell experiment_frame_log.$add$src/experiment_frame_log.v:113$173 ($add).
Removed top 31 bits (of 32) from port B of cell experiment_frame_log.$add$src/experiment_frame_log.v:118$179 ($add).
Removed top 24 bits (of 32) from port Y of cell experiment_frame_log.$add$src/experiment_frame_log.v:118$179 ($add).
Removed top 31 bits (of 32) from port B of cell experiment_frame_log.$add$src/experiment_frame_log.v:120$180 ($add).
Removed top 26 bits (of 32) from port Y of cell experiment_frame_log.$add$src/experiment_frame_log.v:120$180 ($add).
Removed top 21 bits (of 32) from port B of cell experiment_frame_log.$shiftx$src/experiment_frame_log.v:123$214 ($shiftx).
Removed top 31 bits (of 32) from port B of cell experiment_frame_log.$add$src/experiment_frame_log.v:126$220 ($add).
Removed top 24 bits (of 32) from port Y of cell experiment_frame_log.$add$src/experiment_frame_log.v:126$220 ($add).
Removed top 29 bits (of 32) from port B of cell experiment_frame_log.$lt$src/experiment_frame_log.v:127$221 ($lt).
Removed top 24 bits (of 32) from port B of cell experiment_frame_log.$gt$src/experiment_frame_log.v:128$250 ($gt).
Removed top 30 bits (of 32) from port B of cell experiment_frame_log.$ge$src/experiment_frame_log.v:135$275 ($ge).
Removed top 31 bits (of 32) from port B of cell experiment_frame_log.$sub$src/experiment_frame_log.v:136$280 ($sub).
Removed top 22 bits (of 32) from port Y of cell experiment_frame_log.$sub$src/experiment_frame_log.v:136$280 ($sub).
Removed top 31 bits (of 32) from port B of cell experiment_frame_log.$add$src/experiment_frame_log.v:136$282 ($add).
Removed top 23 bits (of 32) from port Y of cell experiment_frame_log.$add$src/experiment_frame_log.v:136$282 ($add).
Removed top 31 bits (of 32) from port B of cell experiment_frame_log.$add$src/experiment_frame_log.v:142$283 ($add).
Removed top 16 bits (of 32) from port Y of cell experiment_frame_log.$add$src/experiment_frame_log.v:142$283 ($add).
Removed top 5 bits (of 8) from port B of cell experiment_frame_log.$eq$src/experiment_frame_log.v:146$306 ($eq).
Removed top 3 bits (of 4) from port A of cell experiment_frame_log.$add$src/experiment_frame_log.v:57$344 ($add).
Removed top 2 bits (of 4) from port Y of cell experiment_frame_log.$add$src/experiment_frame_log.v:57$344 ($add).
Removed top 2 bits (of 4) from port A of cell experiment_frame_log.$add$src/experiment_frame_log.v:57$345 ($add).
Removed top 1 bits (of 4) from port Y of cell experiment_frame_log.$add$src/experiment_frame_log.v:57$345 ($add).
Removed top 1 bits (of 4) from port A of cell experiment_frame_log.$add$src/experiment_frame_log.v:57$346 ($add).
Removed top 30 bits (of 32) from port B of cell experiment_frame_log.$gt$src/experiment_frame_log.v:153$353 ($gt).
Removed top 31 bits (of 32) from port B of cell experiment_frame_log.$ge$src/experiment_frame_log.v:155$355 ($ge).
Removed top 30 bits (of 32) from port B of cell experiment_frame_log.$le$src/experiment_frame_log.v:155$356 ($le).
Removed top 29 bits (of 32) from port B of cell experiment_frame_log.$lt$src/experiment_frame_log.v:156$361 ($lt).
Removed top 7 bits (of 32) from port B of cell experiment_frame_log.$lt$src/experiment_frame_log.v:156$363 ($lt).
Removed top 7 bits (of 32) from port B of cell experiment_frame_log.$lt$src/experiment_frame_log.v:156$365 ($lt).
Removed top 6 bits (of 8) from port B of cell experiment_frame_log.$eq$src/experiment_frame_log.v:163$384 ($eq).
Removed top 48 bits (of 152) from port A of cell experiment_frame_log.$or$src/experiment_frame_log.v:164$406 ($or).
Removed top 32 bits (of 152) from port B of cell experiment_frame_log.$or$src/experiment_frame_log.v:164$406 ($or).
Removed top 32 bits (of 152) from port Y of cell experiment_frame_log.$or$src/experiment_frame_log.v:164$406 ($or).
Removed top 24 bits (of 32) from port A of cell experiment_frame_log.$add$src/experiment_frame_log.v:164$411 ($add).
Removed top 1 bits (of 33) from port A of cell experiment_frame_log.$neg$src/experiment_frame_log.v:164$417 ($neg).
Removed top 29 bits (of 32) from port B of cell experiment_frame_log.$add$src/experiment_frame_log.v:164$420 ($add).
Removed top 24 bits (of 32) from port A of cell experiment_frame_log.$add$src/experiment_frame_log.v:164$424 ($add).
Removed top 1 bits (of 33) from port A of cell experiment_frame_log.$neg$src/experiment_frame_log.v:164$430 ($neg).
Removed top 29 bits (of 32) from port B of cell experiment_frame_log.$add$src/experiment_frame_log.v:164$433 ($add).
Removed top 24 bits (of 32) from port A of cell experiment_frame_log.$add$src/experiment_frame_log.v:164$437 ($add).
Removed top 1 bits (of 33) from port A of cell experiment_frame_log.$neg$src/experiment_frame_log.v:164$443 ($neg).
Removed top 29 bits (of 32) from port B of cell experiment_frame_log.$add$src/experiment_frame_log.v:164$446 ($add).
Removed top 24 bits (of 32) from port A of cell experiment_frame_log.$add$src/experiment_frame_log.v:164$450 ($add).
Removed top 1 bits (of 33) from port A of cell experiment_frame_log.$neg$src/experiment_frame_log.v:164$456 ($neg).
Removed top 29 bits (of 32) from port B of cell experiment_frame_log.$add$src/experiment_frame_log.v:164$459 ($add).
Removed top 24 bits (of 32) from port A of cell experiment_frame_log.$add$src/experiment_frame_log.v:164$463 ($add).
Removed top 1 bits (of 33) from port A of cell experiment_frame_log.$neg$src/experiment_frame_log.v:164$469 ($neg).
Removed top 29 bits (of 32) from port B of cell experiment_frame_log.$add$src/experiment_frame_log.v:164$472 ($add).
Removed top 24 bits (of 32) from port A of cell experiment_frame_log.$add$src/experiment_frame_log.v:164$476 ($add).
Removed top 1 bits (of 33) from port A of cell experiment_frame_log.$neg$src/experiment_frame_log.v:164$482 ($neg).
Removed top 29 bits (of 32) from port B of cell experiment_frame_log.$add$src/experiment_frame_log.v:164$485 ($add).
Removed top 24 bits (of 32) from port A of cell experiment_frame_log.$add$src/experiment_frame_log.v:164$489 ($add).
Removed top 1 bits (of 33) from port A of cell experiment_frame_log.$neg$src/experiment_frame_log.v:164$495 ($neg).
Removed top 29 bits (of 32) from port B of cell experiment_frame_log.$add$src/experiment_frame_log.v:164$498 ($add).
Removed top 24 bits (of 32) from port A of cell experiment_frame_log.$add$src/experiment_frame_log.v:164$502 ($add).
Removed top 1 bits (of 33) from port A of cell experiment_frame_log.$neg$src/experiment_frame_log.v:164$508 ($neg).
Removed top 29 bits (of 32) from port B of cell experiment_frame_log.$add$src/experiment_frame_log.v:164$511 ($add).
Removed top 27 bits (of 32) from port A of cell experiment_frame_log.$add$src/experiment_frame_log.v:166$512 ($add).
Removed top 27 bits (of 32) from port Y of cell experiment_frame_log.$add$src/experiment_frame_log.v:166$512 ($add).
Removed top 27 bits (of 32) from port B of cell experiment_frame_log.$add$src/experiment_frame_log.v:166$512 ($add).
Removed top 6 bits (of 8) from port B of cell experiment_frame_log.$eq$src/experiment_frame_log.v:167$522 ($eq).
Removed top 29 bits (of 32) from port B of cell experiment_frame_log.$eq$src/experiment_frame_log.v:170$526 ($eq).
Removed top 31 bits (of 32) from port B of cell experiment_frame_log.$add$src/experiment_frame_log.v:170$527 ($add).
Removed top 29 bits (of 32) from port Y of cell experiment_frame_log.$add$src/experiment_frame_log.v:170$527 ($add).
Removed top 30 bits (of 32) from mux cell experiment_frame_log.$ternary$src/experiment_frame_log.v:170$528 ($mux).
Removed top 29 bits (of 32) from port B of cell experiment_frame_log.$eq$src/experiment_frame_log.v:171$530 ($eq).
Removed top 31 bits (of 32) from port B of cell experiment_frame_log.$add$src/experiment_frame_log.v:171$531 ($add).
Removed top 29 bits (of 32) from port Y of cell experiment_frame_log.$add$src/experiment_frame_log.v:171$531 ($add).
Removed top 30 bits (of 32) from mux cell experiment_frame_log.$ternary$src/experiment_frame_log.v:171$532 ($mux).
Removed top 31 bits (of 32) from port B of cell experiment_frame_log.$add$src/experiment_frame_log.v:172$533 ($add).
Removed top 29 bits (of 32) from port Y of cell experiment_frame_log.$add$src/experiment_frame_log.v:172$533 ($add).
Removed top 31 bits (of 32) from port B of cell experiment_frame_log.$sub$src/experiment_frame_log.v:172$534 ($sub).
Removed top 29 bits (of 32) from port Y of cell experiment_frame_log.$sub$src/experiment_frame_log.v:172$534 ($sub).
Removed top 5 bits (of 8) from mux cell experiment_frame_log.$procmux$1075 ($mux).
Removed top 30 bits (of 32) from mux cell experiment_frame_log.$procmux$1673 ($mux).
Removed top 32 bits (of 152) from mux cell experiment_frame_log.$procmux$1697 ($mux).
Removed top 48 bits (of 152) from mux cell experiment_frame_log.$procmux$1765 ($mux).
Removed top 27 bits (of 32) from mux cell experiment_frame_log.$procmux$1823 ($mux).
Removed top 1 bits (of 2) from port B of cell experiment_frame_log.$procmux$4490_CMP0 ($eq).
Removed top 4 bits (of 9) from port B of cell experiment_frame_log.$procmux$4547_CMP0 ($eq).
Removed top 4 bits (of 9) from port B of cell experiment_frame_log.$procmux$4548_CMP0 ($eq).
Removed top 4 bits (of 9) from port B of cell experiment_frame_log.$procmux$4549_CMP0 ($eq).
Removed top 4 bits (of 9) from port B of cell experiment_frame_log.$procmux$4550_CMP0 ($eq).
Removed top 4 bits (of 9) from port B of cell experiment_frame_log.$procmux$4551_CMP0 ($eq).
Removed top 4 bits (of 9) from port B of cell experiment_frame_log.$procmux$4552_CMP0 ($eq).
Removed top 4 bits (of 9) from port B of cell experiment_frame_log.$procmux$4553_CMP0 ($eq).
Removed top 5 bits (of 9) from port B of cell experiment_frame_log.$procmux$4554_CMP0 ($eq).
Removed top 5 bits (of 9) from port B of cell experiment_frame_log.$procmux$4554_CMP1 ($eq).
Removed top 4 bits (of 9) from port B of cell experiment_frame_log.$procmux$4554_CMP2 ($eq).
Removed top 4 bits (of 9) from port B of cell experiment_frame_log.$procmux$4554_CMP3 ($eq).
Removed top 4 bits (of 9) from port B of cell experiment_frame_log.$procmux$4554_CMP4 ($eq).
Removed top 4 bits (of 9) from port B of cell experiment_frame_log.$procmux$4554_CMP5 ($eq).
Removed top 4 bits (of 9) from port B of cell experiment_frame_log.$procmux$4554_CMP6 ($eq).
Removed top 4 bits (of 9) from port B of cell experiment_frame_log.$procmux$4554_CMP7 ($eq).
Removed top 5 bits (of 9) from port B of cell experiment_frame_log.$procmux$4555_CMP0 ($eq).
Removed top 5 bits (of 9) from port B of cell experiment_frame_log.$procmux$4555_CMP1 ($eq).
Removed top 5 bits (of 9) from port B of cell experiment_frame_log.$procmux$4556_CMP0 ($eq).
Removed top 5 bits (of 9) from port B of cell experiment_frame_log.$procmux$4556_CMP1 ($eq).
Removed top 5 bits (of 9) from port B of cell experiment_frame_log.$procmux$4556_CMP2 ($eq).
Removed top 5 bits (of 9) from port B of cell experiment_frame_log.$procmux$4556_CMP3 ($eq).
Removed top 6 bits (of 9) from port B of cell experiment_frame_log.$procmux$4557_CMP0 ($eq).
Removed top 6 bits (of 9) from port B of cell experiment_frame_log.$procmux$4558_CMP0 ($eq).
Removed top 6 bits (of 9) from port B of cell experiment_frame_log.$procmux$4559_CMP0 ($eq).
Removed top 6 bits (of 9) from port B of cell experiment_frame_log.$procmux$4560_CMP0 ($eq).
Removed top 7 bits (of 9) from port B of cell experiment_frame_log.$procmux$4561_CMP0 ($eq).
Removed top 7 bits (of 9) from port B of cell experiment_frame_log.$procmux$4562_CMP0 ($eq).
Removed top 8 bits (of 9) from port B of cell experiment_frame_log.$procmux$4563_CMP1 ($eq).
Removed top 3 bits (of 10) from port Y of cell experiment_frame_log.$sub$src/experiment_frame_log.v:68$53 ($sub).
Removed top 2 bits (of 9) from port A of cell experiment_frame_log.$sub$src/experiment_frame_log.v:68$53 ($sub).
Removed top 29 bits (of 32) from port A of cell experiment_frame_log.$eq$src/experiment_frame_log.v:170$526 ($eq).
Removed top 29 bits (of 32) from port A of cell experiment_frame_log.$eq$src/experiment_frame_log.v:171$530 ($eq).
Removed top 27 bits (of 32) from mux cell experiment_frame_log.$procmux$1820 ($mux).
Removed top 27 bits (of 32) from mux cell experiment_frame_log.$procmux$1817 ($mux).
Removed top 27 bits (of 32) from mux cell experiment_frame_log.$procmux$1814 ($mux).
Removed top 27 bits (of 32) from mux cell experiment_frame_log.$procmux$1812 ($mux).
Removed top 27 bits (of 32) from mux cell experiment_frame_log.$procmux$1809 ($mux).
Removed top 27 bits (of 32) from mux cell experiment_frame_log.$procmux$1807 ($mux).
Removed top 27 bits (of 32) from mux cell experiment_frame_log.$procmux$1097 ($mux).
Removed top 27 bits (of 32) from port Y of cell experiment_frame_log.$add$src/experiment_frame_log.v:164$511 ($add).
Removed top 27 bits (of 32) from port A of cell experiment_frame_log.$add$src/experiment_frame_log.v:164$511 ($add).
Removed top 3 bits (of 32) from mux cell experiment_frame_log.$procmux$1187 ($mux).
Removed top 3 bits (of 32) from mux cell experiment_frame_log.$procmux$1184 ($mux).
Removed top 3 bits (of 32) from mux cell experiment_frame_log.$procmux$1181 ($mux).
Removed top 3 bits (of 32) from mux cell experiment_frame_log.$procmux$1178 ($mux).
Removed top 3 bits (of 32) from mux cell experiment_frame_log.$procmux$1176 ($mux).
Removed top 3 bits (of 32) from mux cell experiment_frame_log.$procmux$1173 ($mux).
Removed top 3 bits (of 32) from mux cell experiment_frame_log.$procmux$1171 ($mux).
Removed top 3 bits (of 32) from mux cell experiment_frame_log.$procmux$1169 ($mux).
Removed top 3 bits (of 32) from port Y of cell experiment_frame_log.$add$src/experiment_frame_log.v:164$498 ($add).
Removed top 3 bits (of 32) from port A of cell experiment_frame_log.$add$src/experiment_frame_log.v:164$498 ($add).
Removed top 3 bits (of 32) from mux cell experiment_frame_log.$procmux$1259 ($mux).
Removed top 3 bits (of 32) from mux cell experiment_frame_log.$procmux$1256 ($mux).
Removed top 3 bits (of 32) from mux cell experiment_frame_log.$procmux$1253 ($mux).
Removed top 3 bits (of 32) from mux cell experiment_frame_log.$procmux$1250 ($mux).
Removed top 3 bits (of 32) from mux cell experiment_frame_log.$procmux$1248 ($mux).
Removed top 3 bits (of 32) from mux cell experiment_frame_log.$procmux$1245 ($mux).
Removed top 3 bits (of 32) from mux cell experiment_frame_log.$procmux$1243 ($mux).
Removed top 3 bits (of 32) from mux cell experiment_frame_log.$procmux$1241 ($mux).
Removed top 3 bits (of 32) from port Y of cell experiment_frame_log.$add$src/experiment_frame_log.v:164$485 ($add).
Removed top 3 bits (of 32) from port A of cell experiment_frame_log.$add$src/experiment_frame_log.v:164$485 ($add).
Removed top 3 bits (of 32) from mux cell experiment_frame_log.$procmux$1331 ($mux).
Removed top 3 bits (of 32) from mux cell experiment_frame_log.$procmux$1328 ($mux).
Removed top 3 bits (of 32) from mux cell experiment_frame_log.$procmux$1325 ($mux).
Removed top 3 bits (of 32) from mux cell experiment_frame_log.$procmux$1322 ($mux).
Removed top 3 bits (of 32) from mux cell experiment_frame_log.$procmux$1320 ($mux).
Removed top 3 bits (of 32) from mux cell experiment_frame_log.$procmux$1317 ($mux).
Removed top 3 bits (of 32) from mux cell experiment_frame_log.$procmux$1315 ($mux).
Removed top 3 bits (of 32) from mux cell experiment_frame_log.$procmux$1313 ($mux).
Removed top 3 bits (of 32) from port Y of cell experiment_frame_log.$add$src/experiment_frame_log.v:164$472 ($add).
Removed top 3 bits (of 32) from port A of cell experiment_frame_log.$add$src/experiment_frame_log.v:164$472 ($add).
Removed top 3 bits (of 32) from mux cell experiment_frame_log.$procmux$1403 ($mux).
Removed top 3 bits (of 32) from mux cell experiment_frame_log.$procmux$1400 ($mux).
Removed top 3 bits (of 32) from mux cell experiment_frame_log.$procmux$1397 ($mux).
Removed top 3 bits (of 32) from mux cell experiment_frame_log.$procmux$1394 ($mux).
Removed top 3 bits (of 32) from mux cell experiment_frame_log.$procmux$1392 ($mux).
Removed top 3 bits (of 32) from mux cell experiment_frame_log.$procmux$1389 ($mux).
Removed top 3 bits (of 32) from mux cell experiment_frame_log.$procmux$1387 ($mux).
Removed top 3 bits (of 32) from mux cell experiment_frame_log.$procmux$1385 ($mux).
Removed top 3 bits (of 32) from port Y of cell experiment_frame_log.$add$src/experiment_frame_log.v:164$459 ($add).
Removed top 3 bits (of 32) from port A of cell experiment_frame_log.$add$src/experiment_frame_log.v:164$459 ($add).
Removed top 3 bits (of 32) from mux cell experiment_frame_log.$procmux$1475 ($mux).
Removed top 3 bits (of 32) from mux cell experiment_frame_log.$procmux$1472 ($mux).
Removed top 3 bits (of 32) from mux cell experiment_frame_log.$procmux$1469 ($mux).
Removed top 3 bits (of 32) from mux cell experiment_frame_log.$procmux$1466 ($mux).
Removed top 3 bits (of 32) from mux cell experiment_frame_log.$procmux$1464 ($mux).
Removed top 3 bits (of 32) from mux cell experiment_frame_log.$procmux$1461 ($mux).
Removed top 3 bits (of 32) from mux cell experiment_frame_log.$procmux$1459 ($mux).
Removed top 3 bits (of 32) from mux cell experiment_frame_log.$procmux$1457 ($mux).
Removed top 3 bits (of 32) from port Y of cell experiment_frame_log.$add$src/experiment_frame_log.v:164$446 ($add).
Removed top 3 bits (of 32) from port A of cell experiment_frame_log.$add$src/experiment_frame_log.v:164$446 ($add).
Removed top 3 bits (of 32) from mux cell experiment_frame_log.$procmux$1547 ($mux).
Removed top 3 bits (of 32) from mux cell experiment_frame_log.$procmux$1544 ($mux).
Removed top 3 bits (of 32) from mux cell experiment_frame_log.$procmux$1541 ($mux).
Removed top 3 bits (of 32) from mux cell experiment_frame_log.$procmux$1538 ($mux).
Removed top 3 bits (of 32) from mux cell experiment_frame_log.$procmux$1536 ($mux).
Removed top 3 bits (of 32) from mux cell experiment_frame_log.$procmux$1533 ($mux).
Removed top 3 bits (of 32) from mux cell experiment_frame_log.$procmux$1531 ($mux).
Removed top 3 bits (of 32) from mux cell experiment_frame_log.$procmux$1529 ($mux).
Removed top 3 bits (of 32) from port Y of cell experiment_frame_log.$add$src/experiment_frame_log.v:164$433 ($add).
Removed top 3 bits (of 32) from port A of cell experiment_frame_log.$add$src/experiment_frame_log.v:164$433 ($add).
Removed top 3 bits (of 32) from mux cell experiment_frame_log.$procmux$1619 ($mux).
Removed top 3 bits (of 32) from mux cell experiment_frame_log.$procmux$1616 ($mux).
Removed top 3 bits (of 32) from mux cell experiment_frame_log.$procmux$1613 ($mux).
Removed top 3 bits (of 32) from mux cell experiment_frame_log.$procmux$1610 ($mux).
Removed top 3 bits (of 32) from mux cell experiment_frame_log.$procmux$1608 ($mux).
Removed top 3 bits (of 32) from mux cell experiment_frame_log.$procmux$1605 ($mux).
Removed top 3 bits (of 32) from mux cell experiment_frame_log.$procmux$1603 ($mux).
Removed top 3 bits (of 32) from mux cell experiment_frame_log.$procmux$1601 ($mux).
Removed top 3 bits (of 32) from port Y of cell experiment_frame_log.$add$src/experiment_frame_log.v:164$420 ($add).
Removed top 3 bits (of 32) from port A of cell experiment_frame_log.$add$src/experiment_frame_log.v:164$420 ($add).
Removed top 3 bits (of 32) from mux cell experiment_frame_log.$procmux$1691 ($mux).
Removed top 3 bits (of 32) from mux cell experiment_frame_log.$procmux$1688 ($mux).
Removed top 3 bits (of 32) from mux cell experiment_frame_log.$procmux$1685 ($mux).
Removed top 3 bits (of 32) from mux cell experiment_frame_log.$procmux$1682 ($mux).
Removed top 3 bits (of 32) from mux cell experiment_frame_log.$procmux$1680 ($mux).
Removed top 3 bits (of 32) from mux cell experiment_frame_log.$procmux$1677 ($mux).
Removed top 3 bits (of 32) from mux cell experiment_frame_log.$procmux$1675 ($mux).
Removed top 3 bits (of 32) from wire experiment_frame_log.$procmux$1531_Y.
Removed top 3 bits (of 32) from wire experiment_frame_log.$15\index[31:0].
Removed top 3 bits (of 32) from wire experiment_frame_log.$add$src/experiment_frame_log.v:164$485_Y.
Removed top 3 bits (of 32) from wire experiment_frame_log.$procmux$1601_Y.
Removed top 3 bits (of 32) from wire experiment_frame_log.$procmux$1529_Y.
Removed top 3 bits (of 32) from wire experiment_frame_log.$14\index[31:0].
Removed top 3 bits (of 32) from wire experiment_frame_log.$add$src/experiment_frame_log.v:164$472_Y.
Removed top 3 bits (of 32) from wire experiment_frame_log.$13\index[31:0].
Removed top 3 bits (of 32) from wire experiment_frame_log.$add$src/experiment_frame_log.v:164$459_Y.
Removed top 3 bits (of 32) from wire experiment_frame_log.$12\index[31:0].
Removed top 3 bits (of 32) from wire experiment_frame_log.$add$src/experiment_frame_log.v:164$446_Y.
Removed top 3 bits (of 32) from wire experiment_frame_log.$11\index[31:0].
Removed top 3 bits (of 32) from wire experiment_frame_log.$add$src/experiment_frame_log.v:164$433_Y.
Removed top 3 bits (of 32) from wire experiment_frame_log.$procmux$1610_Y.
Removed top 3 bits (of 32) from wire experiment_frame_log.$10\index[31:0].
Removed top 3 bits (of 32) from wire experiment_frame_log.$add$src/experiment_frame_log.v:164$420_Y.
Removed top 3 bits (of 32) from wire experiment_frame_log.$procmux$1613_Y.
Removed top 3 bits (of 32) from wire experiment_frame_log.$9\index[31:0].
Removed top 32 bits (of 152) from wire experiment_frame_log.$or$src/experiment_frame_log.v:164$406_Y.
Removed top 27 bits (of 32) from wire experiment_frame_log.$procmux$1820_Y.
Removed top 27 bits (of 32) from wire experiment_frame_log.$procmux$1817_Y.
Removed top 27 bits (of 32) from wire experiment_frame_log.$procmux$1814_Y.
Removed top 3 bits (of 32) from wire experiment_frame_log.$add$src/experiment_frame_log.v:164$498_Y.
Removed top 3 bits (of 32) from wire experiment_frame_log.$8\index[31:0].
Removed top 48 bits (of 152) from wire experiment_frame_log.$7$lookahead\event_record$103[151:0]$394.
Removed top 27 bits (of 32) from wire experiment_frame_log.$procmux$1812_Y.
Removed top 27 bits (of 32) from wire experiment_frame_log.$16\index[31:0].
Removed top 27 bits (of 32) from wire experiment_frame_log.$procmux$1809_Y.
Removed top 27 bits (of 32) from wire experiment_frame_log.$procmux$1807_Y.
Removed top 27 bits (of 32) from wire experiment_frame_log.$7\index[31:0].
Removed top 1 bits (of 4) from wire experiment_frame_log.$add$src/experiment_frame_log.v:57$336_Y.
Removed top 2 bits (of 4) from wire experiment_frame_log.$add$src/experiment_frame_log.v:57$335_Y.
Removed top 3 bits (of 32) from wire experiment_frame_log.$procmux$1169_Y.
Removed top 3 bits (of 32) from wire experiment_frame_log.$procmux$1171_Y.
Removed top 3 bits (of 32) from wire experiment_frame_log.$procmux$1472_Y.
Removed top 3 bits (of 32) from wire experiment_frame_log.$procmux$1173_Y.
Removed top 3 bits (of 32) from wire experiment_frame_log.$procmux$1469_Y.
Removed top 3 bits (of 32) from wire experiment_frame_log.$procmux$1466_Y.
Removed top 3 bits (of 32) from wire experiment_frame_log.$procmux$1176_Y.
Removed top 3 bits (of 32) from wire experiment_frame_log.$procmux$1464_Y.
Removed top 3 bits (of 32) from wire experiment_frame_log.$procmux$1461_Y.
Removed top 3 bits (of 32) from wire experiment_frame_log.$procmux$1533_Y.
Removed top 3 bits (of 32) from wire experiment_frame_log.$procmux$1459_Y.
Removed top 3 bits (of 32) from wire experiment_frame_log.$procmux$1178_Y.
Removed top 3 bits (of 32) from wire experiment_frame_log.$procmux$1457_Y.
Removed top 3 bits (of 32) from wire experiment_frame_log.$procmux$1181_Y.
Removed top 3 bits (of 32) from wire experiment_frame_log.$procmux$1616_Y.
Removed top 3 bits (of 32) from wire experiment_frame_log.$procmux$1184_Y.
Removed top 16 bits (of 32) from wire experiment_frame_log.$add$src/experiment_frame_log.v:142$283_Y.
Removed top 23 bits (of 32) from wire experiment_frame_log.$add$src/experiment_frame_log.v:136$282_Y.
Removed top 3 bits (of 32) from wire experiment_frame_log.$procmux$1605_Y.
Removed top 24 bits (of 32) from wire experiment_frame_log.$add$src/experiment_frame_log.v:124$215_Y.
Removed top 27 bits (of 32) from wire experiment_frame_log.$add$src/experiment_frame_log.v:164$511_Y.
Removed top 27 bits (of 32) from wire experiment_frame_log.$add$src/experiment_frame_log.v:166$512_Y.
Removed top 30 bits (of 32) from wire experiment_frame_log.$procmux$1673_Y.
Removed top 5 bits (of 8) from wire experiment_frame_log.$7\final_id$func$src/experiment_frame_log.v:167$15.$result[7:0]$513.
Removed top 3 bits (of 32) from wire experiment_frame_log.$procmux$1675_Y.
Removed top 24 bits (of 32) from wire experiment_frame_log.$add$src/experiment_frame_log.v:118$179_Y.
Removed top 26 bits (of 32) from wire experiment_frame_log.$add$src/experiment_frame_log.v:117$176_Y.
Removed top 16 bits (of 32) from wire experiment_frame_log.$add$src/experiment_frame_log.v:113$173_Y.
Removed top 24 bits (of 32) from wire experiment_frame_log.$add$src/experiment_frame_log.v:112$171_Y.
Removed top 24 bits (of 32) from wire experiment_frame_log.$add$src/experiment_frame_log.v:109$168_Y.
Removed top 31 bits (of 32) from wire experiment_frame_log.$ternary$src/experiment_frame_log.v:109$167_Y.
Removed top 3 bits (of 32) from wire experiment_frame_log.$procmux$1400_Y.
Removed top 3 bits (of 32) from wire experiment_frame_log.$procmux$1677_Y.
Removed top 3 bits (of 32) from wire experiment_frame_log.$procmux$1397_Y.
Removed top 3 bits (of 32) from wire experiment_frame_log.$procmux$1394_Y.
Removed top 3 bits (of 32) from wire experiment_frame_log.$procmux$1392_Y.
Removed top 3 bits (of 32) from wire experiment_frame_log.$procmux$1389_Y.
Removed top 3 bits (of 32) from wire experiment_frame_log.$procmux$1241_Y.
Removed top 3 bits (of 32) from wire experiment_frame_log.$procmux$1387_Y.
Removed top 3 bits (of 32) from wire experiment_frame_log.$procmux$1385_Y.
Removed top 3 bits (of 32) from wire experiment_frame_log.$procmux$1243_Y.
Removed top 3 bits (of 32) from wire experiment_frame_log.$procmux$1680_Y.
Removed top 3 bits (of 32) from wire experiment_frame_log.$procmux$1245_Y.
Removed top 3 bits (of 32) from wire experiment_frame_log.$procmux$1248_Y.
Removed top 3 bits (of 32) from wire experiment_frame_log.$procmux$1250_Y.
Removed top 29 bits (of 32) from wire experiment_frame_log.$add$src/experiment_frame_log.v:170$525_Y.
Removed top 30 bits (of 32) from wire experiment_frame_log.$ternary$src/experiment_frame_log.v:170$528_Y.
Removed top 29 bits (of 32) from wire experiment_frame_log.$add$src/experiment_frame_log.v:171$529_Y.
Removed top 3 bits (of 32) from wire experiment_frame_log.$procmux$1603_Y.
Removed top 30 bits (of 32) from wire experiment_frame_log.$ternary$src/experiment_frame_log.v:171$532_Y.
Removed top 29 bits (of 32) from wire experiment_frame_log.$add$src/experiment_frame_log.v:172$533_Y.
Removed top 29 bits (of 32) from wire experiment_frame_log.$sub$src/experiment_frame_log.v:172$534_Y.
Removed top 3 bits (of 32) from wire experiment_frame_log.$procmux$1536_Y.
Removed top 3 bits (of 32) from wire experiment_frame_log.$procmux$1608_Y.
Removed top 3 bits (of 32) from wire experiment_frame_log.$procmux$1538_Y.
Removed top 3 bits (of 32) from wire experiment_frame_log.$procmux$1253_Y.
Removed top 3 bits (of 32) from wire experiment_frame_log.$procmux$1682_Y.
Removed top 3 bits (of 32) from wire experiment_frame_log.$procmux$1256_Y.
Removed top 23 bits (of 32) from wire experiment_frame_log.$add$src/experiment_frame_log.v:95$96_Y.
Removed top 3 bits (of 32) from wire experiment_frame_log.$sub$src/experiment_frame_log.v:89$91_Y.
Removed top 3 bits (of 32) from wire experiment_frame_log.$sub$src/experiment_frame_log.v:88$87_Y.
Removed top 3 bits (of 32) from wire experiment_frame_log.$sub$src/experiment_frame_log.v:87$83_Y.
Removed top 24 bits (of 32) from wire experiment_frame_log.$sub$src/experiment_frame_log.v:85$82_Y.
Removed top 3 bits (of 32) from wire experiment_frame_log.$procmux$1685_Y.
Removed top 3 bits (of 32) from wire experiment_frame_log.$procmux$1688_Y.
Removed top 23 bits (of 32) from wire experiment_frame_log.$add$src/experiment_frame_log.v:65$50_Y.
Removed top 32 bits (of 152) from wire experiment_frame_log.$procmux$1697_Y.
Removed top 3 bits (of 32) from wire experiment_frame_log.$procmux$1541_Y.
Removed top 3 bits (of 32) from wire experiment_frame_log.$procmux$1313_Y.
Removed top 3 bits (of 32) from wire experiment_frame_log.$procmux$1315_Y.
Removed top 3 bits (of 32) from wire experiment_frame_log.$procmux$1317_Y.
Removed top 3 bits (of 32) from wire experiment_frame_log.$procmux$1320_Y.
Removed top 3 bits (of 32) from wire experiment_frame_log.$procmux$1322_Y.
Removed top 3 bits (of 32) from wire experiment_frame_log.$procmux$1325_Y.
Removed top 3 bits (of 32) from wire experiment_frame_log.$procmux$1328_Y.
Removed top 3 bits (of 32) from wire experiment_frame_log.$procmux$1544_Y.

2.16. Executing PEEPOPT pass (run peephole optimizers).
shiftpow2 pattern in experiment_frame_log: shift=$shiftx$src/experiment_frame_log.v:123$214, index=\boundary_index, stride=8, width=8, ways=128
shiftpow2 pattern in experiment_frame_log: shift=$shiftx$src/experiment_frame_log.v:74$78, index=\copy_index, stride=8, width=8, ways=32

2.17. Executing OPT_CLEAN pass (remove unused cells and wires).
Finding unused cells or wires in module \experiment_frame_log..
Removed 0 unused cells and 115 unused wires.
<suppressed ~1 debug messages>

2.18. Executing SHARE pass (SAT-based resource sharing).

2.19. Executing ALUMACC pass (create $alu and $macc cells).
Extracting $alu and $macc cells in module experiment_frame_log:
  creating $macc model for $sub$src/experiment_frame_log.v:172$534 ($sub).
  creating $macc model for $add$src/experiment_frame_log.v:172$533 ($add).
  creating $macc model for $add$src/experiment_frame_log.v:171$531 ($add).
  creating $macc model for $add$src/experiment_frame_log.v:170$527 ($add).
  creating $macc model for $add$src/experiment_frame_log.v:166$512 ($add).
  creating $macc model for $add$src/experiment_frame_log.v:164$511 ($add).
  creating $macc model for $neg$src/experiment_frame_log.v:164$508 ($neg).
  creating $macc model for $add$src/experiment_frame_log.v:164$502 ($add).
  creating $macc model for $add$src/experiment_frame_log.v:164$498 ($add).
  creating $macc model for $neg$src/experiment_frame_log.v:164$495 ($neg).
  creating $macc model for $add$src/experiment_frame_log.v:164$489 ($add).
  creating $macc model for $add$src/experiment_frame_log.v:164$485 ($add).
  creating $macc model for $neg$src/experiment_frame_log.v:164$482 ($neg).
  creating $macc model for $add$src/experiment_frame_log.v:164$476 ($add).
  creating $macc model for $add$src/experiment_frame_log.v:164$472 ($add).
  creating $macc model for $neg$src/experiment_frame_log.v:164$469 ($neg).
  creating $macc model for $add$src/experiment_frame_log.v:164$463 ($add).
  creating $macc model for $add$src/experiment_frame_log.v:164$459 ($add).
  creating $macc model for $neg$src/experiment_frame_log.v:164$456 ($neg).
  creating $macc model for $add$src/experiment_frame_log.v:164$450 ($add).
  creating $macc model for $add$src/experiment_frame_log.v:164$446 ($add).
  creating $macc model for $neg$src/experiment_frame_log.v:164$443 ($neg).
  creating $macc model for $add$src/experiment_frame_log.v:164$437 ($add).
  creating $macc model for $add$src/experiment_frame_log.v:164$433 ($add).
  creating $macc model for $neg$src/experiment_frame_log.v:164$430 ($neg).
  creating $macc model for $add$src/experiment_frame_log.v:164$424 ($add).
  creating $macc model for $add$src/experiment_frame_log.v:164$420 ($add).
  creating $macc model for $neg$src/experiment_frame_log.v:164$417 ($neg).
  creating $macc model for $add$src/experiment_frame_log.v:164$411 ($add).
  creating $macc model for $add$src/experiment_frame_log.v:57$351 ($add).
  creating $macc model for $add$src/experiment_frame_log.v:57$350 ($add).
  creating $macc model for $add$src/experiment_frame_log.v:57$349 ($add).
  creating $macc model for $add$src/experiment_frame_log.v:57$348 ($add).
  creating $macc model for $add$src/experiment_frame_log.v:57$347 ($add).
  creating $macc model for $add$src/experiment_frame_log.v:57$346 ($add).
  creating $macc model for $add$src/experiment_frame_log.v:57$345 ($add).
  creating $macc model for $add$src/experiment_frame_log.v:57$344 ($add).
  creating $macc model for $add$src/experiment_frame_log.v:142$284 ($add).
  creating $macc model for $add$src/experiment_frame_log.v:142$283 ($add).
  creating $macc model for $add$src/experiment_frame_log.v:136$282 ($add).
  creating $macc model for $sub$src/experiment_frame_log.v:136$280 ($sub).
  creating $macc model for $add$src/experiment_frame_log.v:135$279 ($add).
  creating $macc model for $add$src/experiment_frame_log.v:126$220 ($add).
  creating $macc model for $add$src/experiment_frame_log.v:120$180 ($add).
  creating $macc model for $add$src/experiment_frame_log.v:118$179 ($add).
  creating $macc model for $add$src/experiment_frame_log.v:118$178 ($add).
  creating $macc model for $add$src/experiment_frame_log.v:113$173 ($add).
  creating $macc model for $add$src/experiment_frame_log.v:112$171 ($add).
  creating $macc model for $add$src/experiment_frame_log.v:109$168 ($add).
  creating $macc model for $add$src/experiment_frame_log.v:95$96 ($add).
  creating $macc model for $sub$src/experiment_frame_log.v:89$91 ($sub).
  creating $macc model for $sub$src/experiment_frame_log.v:88$87 ($sub).
  creating $macc model for $sub$src/experiment_frame_log.v:87$83 ($sub).
  creating $macc model for $sub$src/experiment_frame_log.v:85$82 ($sub).
  creating $macc model for $add$src/experiment_frame_log.v:69$55 ($add).
  creating $macc model for $sub$src/experiment_frame_log.v:68$54 ($sub).
  creating $macc model for $sub$src/experiment_frame_log.v:68$53 ($sub).
  creating $macc model for $add$src/experiment_frame_log.v:65$51 ($add).
  creating $macc model for $add$src/experiment_frame_log.v:65$50 ($add).
  creating $macc model for $sub$src/experiment_frame_log.v:46$23 ($sub).
  creating $macc model for $sub$src/experiment_frame_log.v:46$22 ($sub).
  merging $macc model for $add$src/experiment_frame_log.v:65$50 into $add$src/experiment_frame_log.v:65$51.
  merging $macc model for $add$src/experiment_frame_log.v:57$344 into $add$src/experiment_frame_log.v:57$345.
  merging $macc model for $add$src/experiment_frame_log.v:57$345 into $add$src/experiment_frame_log.v:57$346.
  merging $macc model for $add$src/experiment_frame_log.v:57$346 into $add$src/experiment_frame_log.v:57$347.
  merging $macc model for $add$src/experiment_frame_log.v:57$347 into $add$src/experiment_frame_log.v:57$348.
  merging $macc model for $add$src/experiment_frame_log.v:57$348 into $add$src/experiment_frame_log.v:57$349.
  merging $macc model for $add$src/experiment_frame_log.v:57$349 into $add$src/experiment_frame_log.v:57$350.
  merging $macc model for $add$src/experiment_frame_log.v:57$350 into $add$src/experiment_frame_log.v:57$351.
  creating $alu model for $macc $sub$src/experiment_frame_log.v:87$83.
  creating $alu model for $macc $sub$src/experiment_frame_log.v:88$87.
  creating $alu model for $macc $sub$src/experiment_frame_log.v:89$91.
  creating $alu model for $macc $add$src/experiment_frame_log.v:95$96.
  creating $alu model for $macc $add$src/experiment_frame_log.v:109$168.
  creating $alu model for $macc $add$src/experiment_frame_log.v:112$171.
  creating $alu model for $macc $add$src/experiment_frame_log.v:113$173.
  creating $alu model for $macc $add$src/experiment_frame_log.v:118$178.
  creating $alu model for $macc $add$src/experiment_frame_log.v:118$179.
  creating $alu model for $macc $add$src/experiment_frame_log.v:120$180.
  creating $alu model for $macc $add$src/experiment_frame_log.v:126$220.
  creating $alu model for $macc $add$src/experiment_frame_log.v:135$279.
  creating $alu model for $macc $sub$src/experiment_frame_log.v:136$280.
  creating $alu model for $macc $add$src/experiment_frame_log.v:136$282.
  creating $alu model for $macc $add$src/experiment_frame_log.v:142$283.
  creating $alu model for $macc $add$src/experiment_frame_log.v:142$284.
  creating $alu model for $macc $add$src/experiment_frame_log.v:69$55.
  creating $alu model for $macc $sub$src/experiment_frame_log.v:68$54.
  creating $alu model for $macc $sub$src/experiment_frame_log.v:68$53.
  creating $alu model for $macc $sub$src/experiment_frame_log.v:85$82.
  creating $alu model for $macc $sub$src/experiment_frame_log.v:46$23.
  creating $alu model for $macc $sub$src/experiment_frame_log.v:46$22.
  creating $alu model for $macc $add$src/experiment_frame_log.v:164$411.
  creating $alu model for $macc $add$src/experiment_frame_log.v:164$420.
  creating $alu model for $macc $add$src/experiment_frame_log.v:164$424.
  creating $alu model for $macc $add$src/experiment_frame_log.v:164$433.
  creating $alu model for $macc $add$src/experiment_frame_log.v:164$437.
  creating $alu model for $macc $add$src/experiment_frame_log.v:164$446.
  creating $alu model for $macc $add$src/experiment_frame_log.v:164$450.
  creating $alu model for $macc $add$src/experiment_frame_log.v:164$459.
  creating $alu model for $macc $add$src/experiment_frame_log.v:164$463.
  creating $alu model for $macc $add$src/experiment_frame_log.v:164$472.
  creating $alu model for $macc $add$src/experiment_frame_log.v:164$476.
  creating $alu model for $macc $add$src/experiment_frame_log.v:164$485.
  creating $alu model for $macc $add$src/experiment_frame_log.v:164$489.
  creating $alu model for $macc $add$src/experiment_frame_log.v:164$498.
  creating $alu model for $macc $add$src/experiment_frame_log.v:164$502.
  creating $alu model for $macc $add$src/experiment_frame_log.v:164$511.
  creating $alu model for $macc $add$src/experiment_frame_log.v:166$512.
  creating $alu model for $macc $add$src/experiment_frame_log.v:170$527.
  creating $alu model for $macc $add$src/experiment_frame_log.v:171$531.
  creating $alu model for $macc $add$src/experiment_frame_log.v:172$533.
  creating $alu model for $macc $sub$src/experiment_frame_log.v:172$534.
  creating $macc cell for $neg$src/experiment_frame_log.v:164$495: $auto$alumacc.cc:399:replace_macc$5019
  creating $macc cell for $neg$src/experiment_frame_log.v:164$417: $auto$alumacc.cc:399:replace_macc$5020
  creating $macc cell for $add$src/experiment_frame_log.v:65$51: $auto$alumacc.cc:399:replace_macc$5021
  creating $macc cell for $neg$src/experiment_frame_log.v:164$508: $auto$alumacc.cc:399:replace_macc$5022
  creating $macc cell for $neg$src/experiment_frame_log.v:164$469: $auto$alumacc.cc:399:replace_macc$5023
  creating $macc cell for $neg$src/experiment_frame_log.v:164$443: $auto$alumacc.cc:399:replace_macc$5024
  creating $macc cell for $add$src/experiment_frame_log.v:57$351: $auto$alumacc.cc:399:replace_macc$5025
  creating $macc cell for $neg$src/experiment_frame_log.v:164$482: $auto$alumacc.cc:399:replace_macc$5026
  creating $macc cell for $neg$src/experiment_frame_log.v:164$430: $auto$alumacc.cc:399:replace_macc$5027
  creating $macc cell for $neg$src/experiment_frame_log.v:164$456: $auto$alumacc.cc:399:replace_macc$5028
  creating $alu model for $le$src/experiment_frame_log.v:157$368 ($le): new $alu
  creating $alu model for $lt$src/experiment_frame_log.v:156$365 ($lt): new $alu
  creating $alu model for $lt$src/experiment_frame_log.v:156$363 ($lt): new $alu
  creating $alu model for $lt$src/experiment_frame_log.v:156$361 ($lt): new $alu
  creating $alu model for $le$src/experiment_frame_log.v:155$356 ($le): new $alu
  creating $alu model for $ge$src/experiment_frame_log.v:155$355 ($ge): new $alu
  creating $alu model for $gt$src/experiment_frame_log.v:153$353 ($gt): new $alu
  creating $alu model for $lt$src/experiment_frame_log.v:135$277 ($lt): new $alu
  creating $alu model for $ge$src/experiment_frame_log.v:135$275 ($ge): new $alu
  creating $alu model for $gt$src/experiment_frame_log.v:128$250 ($gt): new $alu
  creating $alu model for $lt$src/experiment_frame_log.v:127$221 ($lt): new $alu
  creating $alu model for $lt$src/experiment_frame_log.v:112$170 ($lt): new $alu
  creating $alu model for $lt$src/experiment_frame_log.v:95$97 ($lt): new $alu
  creating $alu model for $procmux$4554_CMP0 ($eq): merged with $sub$src/experiment_frame_log.v:89$91.
  creating $alu model for $procmux$4555_CMP0 ($eq): merged with $sub$src/experiment_frame_log.v:88$87.
  creating $alu model for $procmux$4556_CMP0 ($eq): merged with $sub$src/experiment_frame_log.v:87$83.
  creating $alu model for $procmux$4562_CMP0 ($eq): merged with $ge$src/experiment_frame_log.v:135$275.
  creating $alu model for $eq$src/experiment_frame_log.v:167$522 ($eq): merged with $le$src/experiment_frame_log.v:155$356.
  creating $alu model for $eq$src/experiment_frame_log.v:136$281 ($eq): merged with $lt$src/experiment_frame_log.v:135$277.
  creating $alu cell for $lt$src/experiment_frame_log.v:95$97: $auto$alumacc.cc:548:replace_alu$5042
  creating $alu cell for $lt$src/experiment_frame_log.v:112$170: $auto$alumacc.cc:548:replace_alu$5047
  creating $alu cell for $lt$src/experiment_frame_log.v:127$221: $auto$alumacc.cc:548:replace_alu$5052
  creating $alu cell for $gt$src/experiment_frame_log.v:128$250: $auto$alumacc.cc:548:replace_alu$5057
  creating $alu cell for $ge$src/experiment_frame_log.v:135$275, $procmux$4562_CMP0: $auto$alumacc.cc:548:replace_alu$5068
  creating $alu cell for $lt$src/experiment_frame_log.v:135$277, $eq$src/experiment_frame_log.v:136$281: $auto$alumacc.cc:548:replace_alu$5081
  creating $alu cell for $gt$src/experiment_frame_log.v:153$353: $auto$alumacc.cc:548:replace_alu$5088
  creating $alu cell for $ge$src/experiment_frame_log.v:155$355: $auto$alumacc.cc:548:replace_alu$5099
  creating $alu cell for $le$src/experiment_frame_log.v:155$356, $eq$src/experiment_frame_log.v:167$522: $auto$alumacc.cc:548:replace_alu$5112
  creating $alu cell for $lt$src/experiment_frame_log.v:156$361: $auto$alumacc.cc:548:replace_alu$5121
  creating $alu cell for $lt$src/experiment_frame_log.v:156$363: $auto$alumacc.cc:548:replace_alu$5126
  creating $alu cell for $lt$src/experiment_frame_log.v:156$365: $auto$alumacc.cc:548:replace_alu$5131
  creating $alu cell for $le$src/experiment_frame_log.v:157$368: $auto$alumacc.cc:548:replace_alu$5136
  creating $alu cell for $sub$src/experiment_frame_log.v:172$534: $auto$alumacc.cc:548:replace_alu$5145
  creating $alu cell for $add$src/experiment_frame_log.v:172$533: $auto$alumacc.cc:548:replace_alu$5148
  creating $alu cell for $add$src/experiment_frame_log.v:171$531: $auto$alumacc.cc:548:replace_alu$5151
  creating $alu cell for $add$src/experiment_frame_log.v:170$527: $auto$alumacc.cc:548:replace_alu$5154
  creating $alu cell for $add$src/experiment_frame_log.v:166$512: $auto$alumacc.cc:548:replace_alu$5157
  creating $alu cell for $add$src/experiment_frame_log.v:164$511: $auto$alumacc.cc:548:replace_alu$5160
  creating $alu cell for $add$src/experiment_frame_log.v:164$502: $auto$alumacc.cc:548:replace_alu$5163
  creating $alu cell for $add$src/experiment_frame_log.v:164$498: $auto$alumacc.cc:548:replace_alu$5166
  creating $alu cell for $add$src/experiment_frame_log.v:164$489: $auto$alumacc.cc:548:replace_alu$5169
  creating $alu cell for $add$src/experiment_frame_log.v:164$485: $auto$alumacc.cc:548:replace_alu$5172
  creating $alu cell for $add$src/experiment_frame_log.v:164$476: $auto$alumacc.cc:548:replace_alu$5175
  creating $alu cell for $add$src/experiment_frame_log.v:164$472: $auto$alumacc.cc:548:replace_alu$5178
  creating $alu cell for $add$src/experiment_frame_log.v:164$463: $auto$alumacc.cc:548:replace_alu$5181
  creating $alu cell for $add$src/experiment_frame_log.v:164$459: $auto$alumacc.cc:548:replace_alu$5184
  creating $alu cell for $add$src/experiment_frame_log.v:164$450: $auto$alumacc.cc:548:replace_alu$5187
  creating $alu cell for $add$src/experiment_frame_log.v:164$446: $auto$alumacc.cc:548:replace_alu$5190
  creating $alu cell for $add$src/experiment_frame_log.v:164$437: $auto$alumacc.cc:548:replace_alu$5193
  creating $alu cell for $add$src/experiment_frame_log.v:164$433: $auto$alumacc.cc:548:replace_alu$5196
  creating $alu cell for $add$src/experiment_frame_log.v:164$424: $auto$alumacc.cc:548:replace_alu$5199
  creating $alu cell for $add$src/experiment_frame_log.v:164$420: $auto$alumacc.cc:548:replace_alu$5202
  creating $alu cell for $add$src/experiment_frame_log.v:164$411: $auto$alumacc.cc:548:replace_alu$5205
  creating $alu cell for $sub$src/experiment_frame_log.v:46$22: $auto$alumacc.cc:548:replace_alu$5208
  creating $alu cell for $sub$src/experiment_frame_log.v:46$23: $auto$alumacc.cc:548:replace_alu$5211
  creating $alu cell for $sub$src/experiment_frame_log.v:85$82: $auto$alumacc.cc:548:replace_alu$5214
  creating $alu cell for $sub$src/experiment_frame_log.v:68$53: $auto$alumacc.cc:548:replace_alu$5217
  creating $alu cell for $sub$src/experiment_frame_log.v:68$54: $auto$alumacc.cc:548:replace_alu$5220
  creating $alu cell for $add$src/experiment_frame_log.v:69$55: $auto$alumacc.cc:548:replace_alu$5223
  creating $alu cell for $add$src/experiment_frame_log.v:142$284: $auto$alumacc.cc:548:replace_alu$5226
  creating $alu cell for $add$src/experiment_frame_log.v:142$283: $auto$alumacc.cc:548:replace_alu$5229
  creating $alu cell for $add$src/experiment_frame_log.v:136$282: $auto$alumacc.cc:548:replace_alu$5232
  creating $alu cell for $sub$src/experiment_frame_log.v:136$280: $auto$alumacc.cc:548:replace_alu$5235
  creating $alu cell for $add$src/experiment_frame_log.v:135$279: $auto$alumacc.cc:548:replace_alu$5238
  creating $alu cell for $add$src/experiment_frame_log.v:126$220: $auto$alumacc.cc:548:replace_alu$5241
  creating $alu cell for $add$src/experiment_frame_log.v:120$180: $auto$alumacc.cc:548:replace_alu$5244
  creating $alu cell for $add$src/experiment_frame_log.v:118$179: $auto$alumacc.cc:548:replace_alu$5247
  creating $alu cell for $add$src/experiment_frame_log.v:118$178: $auto$alumacc.cc:548:replace_alu$5250
  creating $alu cell for $add$src/experiment_frame_log.v:113$173: $auto$alumacc.cc:548:replace_alu$5253
  creating $alu cell for $add$src/experiment_frame_log.v:112$171: $auto$alumacc.cc:548:replace_alu$5256
  creating $alu cell for $add$src/experiment_frame_log.v:109$168: $auto$alumacc.cc:548:replace_alu$5259
  creating $alu cell for $add$src/experiment_frame_log.v:95$96: $auto$alumacc.cc:548:replace_alu$5262
  creating $alu cell for $sub$src/experiment_frame_log.v:89$91, $procmux$4554_CMP0: $auto$alumacc.cc:548:replace_alu$5265
  creating $alu cell for $sub$src/experiment_frame_log.v:88$87, $procmux$4555_CMP0: $auto$alumacc.cc:548:replace_alu$5270
  creating $alu cell for $sub$src/experiment_frame_log.v:87$83, $procmux$4556_CMP0: $auto$alumacc.cc:548:replace_alu$5275
  created 56 $alu and 10 $macc cells.

2.20. Executing OPT pass (performing simple optimizations).

2.20.1. Executing OPT_EXPR pass (perform const folding).
Optimizing module experiment_frame_log.
<suppressed ~23 debug messages>

2.20.2. Executing OPT_MERGE pass (detect identical cells).
Finding identical cells in module `\experiment_frame_log'.
Computing hashes of 669 cells of `\experiment_frame_log'.
Finding duplicate cells in `\experiment_frame_log'.
Removed a total of 0 cells.

2.20.3. Executing OPT_MUXTREE pass (detect dead branches in mux trees).
Running muxtree optimizer on module \experiment_frame_log..
  Creating internal representation of mux trees.
  Evaluating internal representation of mux trees.
  Analyzing evaluation results.
Removed 0 multiplexer ports.
<suppressed ~583 debug messages>

2.20.4. Executing OPT_REDUCE pass (consolidate $*mux and $reduce_* inputs).
  Optimizing cells in module \experiment_frame_log.
Performed a total of 0 changes.

2.20.5. Executing OPT_MERGE pass (detect identical cells).
Finding identical cells in module `\experiment_frame_log'.
Computing hashes of 669 cells of `\experiment_frame_log'.
Finding duplicate cells in `\experiment_frame_log'.
Removed a total of 0 cells.

2.20.6. Executing OPT_DFF pass (perform DFF optimizations).

2.20.7. Executing OPT_CLEAN pass (remove unused cells and wires).
Finding unused cells or wires in module \experiment_frame_log..
Removed 9 unused cells and 26 unused wires.
<suppressed ~10 debug messages>

2.20.8. Executing OPT_EXPR pass (perform const folding).
Optimizing module experiment_frame_log.

2.20.9. Rerunning OPT passes. (Maybe there is more to do..)

2.20.10. Executing OPT_MUXTREE pass (detect dead branches in mux trees).
Running muxtree optimizer on module \experiment_frame_log..
  Creating internal representation of mux trees.
  Evaluating internal representation of mux trees.
  Analyzing evaluation results.
Removed 0 multiplexer ports.
<suppressed ~583 debug messages>

2.20.11. Executing OPT_REDUCE pass (consolidate $*mux and $reduce_* inputs).
  Optimizing cells in module \experiment_frame_log.
Performed a total of 0 changes.

2.20.12. Executing OPT_MERGE pass (detect identical cells).
Finding identical cells in module `\experiment_frame_log'.
Computing hashes of 660 cells of `\experiment_frame_log'.
Finding duplicate cells in `\experiment_frame_log'.
Removed a total of 0 cells.

2.20.13. Executing OPT_DFF pass (perform DFF optimizations).

2.20.14. Executing OPT_CLEAN pass (remove unused cells and wires).
Finding unused cells or wires in module \experiment_frame_log..

2.20.15. Executing OPT_EXPR pass (perform const folding).
Optimizing module experiment_frame_log.

2.20.16. Finished fast OPT passes. (There is nothing left to do.)

2.21. Executing MEMORY pass.

2.21.1. Executing OPT_MEM pass (optimize memories).
Performed a total of 0 transformations.

2.21.2. Executing OPT_MEM_PRIORITY pass (removing unnecessary memory write priority relations).
Performed a total of 0 transformations.

2.21.3. Executing OPT_MEM_FEEDBACK pass (finding memory read-to-write feedback paths).
  Analyzing experiment_frame_log.metadata write port 0.
  Analyzing experiment_frame_log.raw write port 0.
  Analyzing experiment_frame_log.lengths write port 0.
  Analyzing experiment_frame_log.lengths write port 1.
  Analyzing experiment_frame_log.queue write port 0.
  Analyzing experiment_frame_log.queue write port 1.

2.21.4. Executing MEMORY_BMUX2ROM pass (converting muxes to ROMs).

2.21.5. Executing MEMORY_DFF pass (merging $dff cells to $memrd).
Checking read port `\metadata'[0] in module `\experiment_frame_log': merging output FF to cell.
    Write port 0: non-transparent.
Checking read port `\raw'[0] in module `\experiment_frame_log': merging output FF to cell.
    Write port 0: non-transparent.
Checking read port `\lengths'[0] in module `\experiment_frame_log': no output FF found.
Checking read port `\queue'[0] in module `\experiment_frame_log': merging output FF to cell.
    Write port 0: non-transparent.
    Write port 1: non-transparent.
Checking read port address `\lengths'[0] in module `\experiment_frame_log': address FF has fully-defined init value, not supported.

2.21.6. Executing OPT_CLEAN pass (remove unused cells and wires).
Finding unused cells or wires in module \experiment_frame_log..
Removed 3 unused cells and 27 unused wires.
<suppressed ~4 debug messages>

2.21.7. Executing MEMORY_SHARE pass (consolidating $memrd/$memwr cells).
Consolidating write ports of memory experiment_frame_log.lengths by address:
  Merging ports 0, 1 (address \tail).
Consolidating write ports of memory experiment_frame_log.queue by address:
Consolidating write ports of memory experiment_frame_log.queue using sat-based resource sharing:
  Checking group clocked with posedge \clk, width 8: ports 0, 1.
  Common input cone for all EN signals: 18 cells.
  Size of unconstrained SAT problem: 326 variables, 830 clauses
  Merging port 1 into port 0.

2.21.8. Executing OPT_MEM_WIDEN pass (optimize memories where all ports are wide).
Performed a total of 0 transformations.

2.21.9. Executing OPT_CLEAN pass (remove unused cells and wires).
Finding unused cells or wires in module \experiment_frame_log..
Removed 9 unused cells and 9 unused wires.
<suppressed ~10 debug messages>

2.21.10. Executing MEMORY_COLLECT pass (generating $mem cells).

2.22. Executing OPT_CLEAN pass (remove unused cells and wires).
Finding unused cells or wires in module \experiment_frame_log..

2.23. Executing MEMORY_LIBMAP pass (mapping memories to cells).
mapping memory experiment_frame_log.metadata via $__GOWIN_DP_
mapping memory experiment_frame_log.raw via $__GOWIN_DP_
using FF mapping for memory experiment_frame_log.lengths
mapping memory experiment_frame_log.queue via $__GOWIN_DP_
<suppressed ~770 debug messages>

2.24. Executing TECHMAP pass (map to technology primitives).

2.24.1. Executing Verilog-2005 frontend: /Users/elliot/.local/opt/oss-cad-suite/libexec/../share/yosys/gowin/lutrams_map.v
Parsing Verilog input from `/Users/elliot/.local/opt/oss-cad-suite/libexec/../share/yosys/gowin/lutrams_map.v' to AST representation.
Generating RTLIL representation for module `$__GOWIN_LUTRAM_'.
Successfully finished Verilog frontend.

2.24.2. Executing Verilog-2005 frontend: /Users/elliot/.local/opt/oss-cad-suite/libexec/../share/yosys/gowin/brams_map_gw5a.v
Parsing Verilog input from `/Users/elliot/.local/opt/oss-cad-suite/libexec/../share/yosys/gowin/brams_map_gw5a.v' to AST representation.
Generating RTLIL representation for module `$__GOWIN_SP_'.
Generating RTLIL representation for module `$__GOWIN_DP_'.
Generating RTLIL representation for module `$__GOWIN_SDP_'.
Successfully finished Verilog frontend.

2.24.3. Continuing TECHMAP pass.
Using template $paramod$7548bd16310fb138f374a81d2580786f44d367d5$__GOWIN_DP_ for cells of type $__GOWIN_DP_.
No more expansions possible.
<suppressed ~34 debug messages>

2.25. Executing OPT pass (performing simple optimizations).

2.25.1. Executing OPT_EXPR pass (perform const folding).
Optimizing module experiment_frame_log.
<suppressed ~434 debug messages>

2.25.2. Executing OPT_MERGE pass (detect identical cells).
Finding identical cells in module `\experiment_frame_log'.
Computing hashes of 548 cells of `\experiment_frame_log'.
Finding duplicate cells in `\experiment_frame_log'.
Computing hashes of 544 cells of `\experiment_frame_log'.
Finding duplicate cells in `\experiment_frame_log'.
<suppressed ~12 debug messages>
Removed a total of 4 cells.

2.25.3. Executing OPT_DFF pass (perform DFF optimizations).
Removing always-active EN on $auto$mem.cc:1169:emulate_transparency$5328 ($dffe) from module experiment_frame_log.
Adding SRST signal on $auto$ff.cc:337:slice$4756 ($dffe) from module experiment_frame_log (D = $procmux$4059_Y, Q = \frame, rval = 16'0000000000000000).
Adding SRST signal on $auto$ff.cc:337:slice$4868 ($dffe) from module experiment_frame_log (D = $procmux$4434_Y, Q = \boundary_index, rval = 7'0000000).
Removing always-active EN on $auto$mem.cc:1169:emulate_transparency$5368 ($dffe) from module experiment_frame_log.
Removing always-active EN on $auto$mem.cc:1169:emulate_transparency$5348 ($dffe) from module experiment_frame_log.

2.25.4. Executing OPT_CLEAN pass (remove unused cells and wires).
Finding unused cells or wires in module \experiment_frame_log..
Removed 61 unused cells and 386 unused wires.
<suppressed ~62 debug messages>

2.25.5. Rerunning OPT passes. (Removed registers in this run.)

2.25.6. Executing OPT_EXPR pass (perform const folding).
Optimizing module experiment_frame_log.

2.25.7. Executing OPT_MERGE pass (detect identical cells).
Finding identical cells in module `\experiment_frame_log'.
Computing hashes of 483 cells of `\experiment_frame_log'.
Finding duplicate cells in `\experiment_frame_log'.
Removed a total of 0 cells.

2.25.8. Executing OPT_DFF pass (perform DFF optimizations).
Adding SRST signal on $auto$mem.cc:1647:emulate_read_first$5365 ($dff) from module experiment_frame_log (D = \build_index [7], Q = $auto$mem.cc:1643:emulate_read_first$5362 [7], rval = 1'0).

2.25.9. Executing OPT_CLEAN pass (remove unused cells and wires).
Finding unused cells or wires in module \experiment_frame_log..

2.25.10. Rerunning OPT passes. (Removed registers in this run.)

2.25.11. Executing OPT_EXPR pass (perform const folding).
Optimizing module experiment_frame_log.

2.25.12. Executing OPT_MERGE pass (detect identical cells).
Finding identical cells in module `\experiment_frame_log'.
Computing hashes of 484 cells of `\experiment_frame_log'.
Finding duplicate cells in `\experiment_frame_log'.
Removed a total of 0 cells.

2.25.13. Executing OPT_DFF pass (perform DFF optimizations).

2.25.14. Executing OPT_CLEAN pass (remove unused cells and wires).
Finding unused cells or wires in module \experiment_frame_log..

2.25.15. Finished fast OPT passes.

2.26. Executing MEMORY_MAP pass (converting memories to logic and flip-flops).
Mapping memory \lengths in module \experiment_frame_log:
  created 4 $dff cells and 0 static cells of width 9.
  read interface: 0 $dff and 3 $mux cells.
  write interface: 4 write mux blocks.

2.27. Executing OPT pass (performing simple optimizations).

2.27.1. Executing OPT_EXPR pass (perform const folding).
Optimizing module experiment_frame_log.
<suppressed ~4 debug messages>

2.27.2. Executing OPT_MERGE pass (detect identical cells).
Finding identical cells in module `\experiment_frame_log'.
Computing hashes of 504 cells of `\experiment_frame_log'.
Finding duplicate cells in `\experiment_frame_log'.
Removed a total of 0 cells.

2.27.3. Executing OPT_MUXTREE pass (detect dead branches in mux trees).
Running muxtree optimizer on module \experiment_frame_log..
  Creating internal representation of mux trees.
  Evaluating internal representation of mux trees.
      Replacing known input bits on port B of cell $auto$memory_share.cc:454:consolidate_wr_using_sat$5320: $0$memwr$\queue$src/experiment_frame_log.v:134$20_EN[7:0]$131 [0] -> 1'1
  Analyzing evaluation results.
Removed 0 multiplexer ports.
<suppressed ~385 debug messages>

2.27.4. Executing OPT_REDUCE pass (consolidate $*mux and $reduce_* inputs).
  Optimizing cells in module \experiment_frame_log.
    Consolidated identical input bits for $mux cell $procmux$1673:
      Old ports: A=2'00, B=2'10, Y=$8\index[31:0] [1:0]
      New ports: A=1'0, B=1'1, Y=$8\index[31:0] [1]
      New connections: $8\index[31:0] [0] = 1'0
    Consolidated identical input bits for $mux cell $procmux$1529:
      Old ports: A=$9\index[31:0], B={ $add$src/experiment_frame_log.v:164$433_Y [28:1] $9\index[31:0] [0] }, Y=$10\index[31:0]
      New ports: A=$9\index[31:0] [28:1], B=$add$src/experiment_frame_log.v:164$433_Y [28:1], Y=$10\index[31:0] [28:1]
      New connections: $10\index[31:0] [0] = $9\index[31:0] [0]
    Consolidated identical input bits for $mux cell $auto$memory_share.cc:434:consolidate_wr_using_sat$5315:
      Old ports: A={ \tail 1'0 \boundary_index }, B={ \tail \build_index [7:0] }, Y=$auto$rtlil.cc:3402:Mux$5316
      New ports: A={ 1'0 \boundary_index }, B=\build_index [7:0], Y=$auto$rtlil.cc:3402:Mux$5316 [7:0]
      New connections: $auto$rtlil.cc:3402:Mux$5316 [9:8] = \tail
    Consolidated identical input bits for $mux cell $procmux$1457:
      Old ports: A=$10\index[31:0], B={ $add$src/experiment_frame_log.v:164$446_Y [28:1] $10\index[31:0] [0] }, Y=$11\index[31:0]
      New ports: A=$10\index[31:0] [28:1], B=$add$src/experiment_frame_log.v:164$446_Y [28:1], Y=$11\index[31:0] [28:1]
      New connections: $11\index[31:0] [0] = $10\index[31:0] [0]
    Consolidated identical input bits for $mux cell $procmux$1385:
      Old ports: A=$11\index[31:0], B={ $add$src/experiment_frame_log.v:164$459_Y [28:1] $11\index[31:0] [0] }, Y=$12\index[31:0]
      New ports: A=$11\index[31:0] [28:1], B=$add$src/experiment_frame_log.v:164$459_Y [28:1], Y=$12\index[31:0] [28:1]
      New connections: $12\index[31:0] [0] = $11\index[31:0] [0]
    Consolidated identical input bits for $mux cell $procmux$1601:
      Old ports: A={ 27'000000000000000000000000000 $8\index[31:0] [1:0] }, B={ 26'00000000000000000000000000 $add$src/experiment_frame_log.v:164$420_Y [2:1] $8\index[31:0] [0] }, Y=$9\index[31:0]
      New ports: A={ 1'0 $8\index[31:0] [1] }, B=$add$src/experiment_frame_log.v:164$420_Y [2:1], Y=$9\index[31:0] [2:1]
      New connections: { $9\index[31:0] [28:3] $9\index[31:0] [0] } = { 26'00000000000000000000000000 $8\index[31:0] [0] }
    Consolidated identical input bits for $mux cell $procmux$1313:
      Old ports: A=$12\index[31:0], B={ $add$src/experiment_frame_log.v:164$472_Y [28:1] $12\index[31:0] [0] }, Y=$13\index[31:0]
      New ports: A=$12\index[31:0] [28:1], B=$add$src/experiment_frame_log.v:164$472_Y [28:1], Y=$13\index[31:0] [28:1]
      New connections: $13\index[31:0] [0] = $12\index[31:0] [0]
    Consolidated identical input bits for $mux cell $procmux$1241:
      Old ports: A=$13\index[31:0], B={ $add$src/experiment_frame_log.v:164$485_Y [28:1] $13\index[31:0] [0] }, Y=$14\index[31:0]
      New ports: A=$13\index[31:0] [28:1], B=$add$src/experiment_frame_log.v:164$485_Y [28:1], Y=$14\index[31:0] [28:1]
      New connections: $14\index[31:0] [0] = $13\index[31:0] [0]
    Consolidated identical input bits for $mux cell $procmux$1169:
      Old ports: A=$14\index[31:0], B={ $add$src/experiment_frame_log.v:164$498_Y [28:1] $14\index[31:0] [0] }, Y=$15\index[31:0]
      New ports: A=$14\index[31:0] [28:1], B=$add$src/experiment_frame_log.v:164$498_Y [28:1], Y=$15\index[31:0] [28:1]
      New connections: $15\index[31:0] [0] = $14\index[31:0] [0]
    Consolidated identical input bits for $mux cell $procmux$1097:
      Old ports: A=$15\index[31:0] [4:0], B={ $add$src/experiment_frame_log.v:164$511_Y [4:1] $15\index[31:0] [0] }, Y=$16\index[31:0]
      New ports: A=$15\index[31:0] [4:1], B=$add$src/experiment_frame_log.v:164$511_Y [4:1], Y=$16\index[31:0] [4:1]
      New connections: $16\index[31:0] [0] = $15\index[31:0] [0]
    Consolidated identical input bits for $mux cell $procmux$1075:
      Old ports: A=3'000, B=3'100, Y=$7\final_id$func$src/experiment_frame_log.v:167$15.$result[7:0]$513
      New ports: A=1'0, B=1'1, Y=$7\final_id$func$src/experiment_frame_log.v:167$15.$result[7:0]$513 [2]
      New connections: $7\final_id$func$src/experiment_frame_log.v:167$15.$result[7:0]$513 [1:0] = 2'00
    Consolidated identical input bits for $mux cell $procmux$1054:
      Old ports: A={ 5'00000 $7\final_id$func$src/experiment_frame_log.v:167$15.$result[7:0]$513 }, B=8'00000101, Y=$8\final_id$func$src/experiment_frame_log.v:167$15.$result[7:0]$514
      New ports: A=$7\final_id$func$src/experiment_frame_log.v:167$15.$result[7:0]$513, B=3'101, Y=$8\final_id$func$src/experiment_frame_log.v:167$15.$result[7:0]$514 [2:0]
      New connections: $8\final_id$func$src/experiment_frame_log.v:167$15.$result[7:0]$514 [7:3] = 5'00000
  Optimizing cells in module \experiment_frame_log.
    Consolidated identical input bits for $mux cell $procmux$1807:
      Old ports: A=5'00000, B=$16\index[31:0], Y=$7\index[31:0]
      New ports: A=4'0000, B=$16\index[31:0] [4:1], Y=$7\index[31:0] [4:1]
      New connections: $7\index[31:0] [0] = 1'0
    Consolidated identical input bits for $mux cell $procmux$1054:
      Old ports: A=$7\final_id$func$src/experiment_frame_log.v:167$15.$result[7:0]$513, B=3'101, Y=$8\final_id$func$src/experiment_frame_log.v:167$15.$result[7:0]$514 [2:0]
      New ports: A={ $7\final_id$func$src/experiment_frame_log.v:167$15.$result[7:0]$513 [2] 1'0 }, B=2'11, Y={ $8\final_id$func$src/experiment_frame_log.v:167$15.$result[7:0]$514 [2] $8\final_id$func$src/experiment_frame_log.v:167$15.$result[7:0]$514 [0] }
      New connections: $8\final_id$func$src/experiment_frame_log.v:167$15.$result[7:0]$514 [1] = 1'0
    Consolidated identical input bits for $mux cell $procmux$1033:
      Old ports: A=$8\final_id$func$src/experiment_frame_log.v:167$15.$result[7:0]$514, B=8'00000110, Y=$9\final_id$func$src/experiment_frame_log.v:167$15.$result[7:0]$515
      New ports: A=$8\final_id$func$src/experiment_frame_log.v:167$15.$result[7:0]$514 [2:0], B=3'110, Y=$9\final_id$func$src/experiment_frame_log.v:167$15.$result[7:0]$515 [2:0]
      New connections: $9\final_id$func$src/experiment_frame_log.v:167$15.$result[7:0]$515 [7:3] = 5'00000
  Optimizing cells in module \experiment_frame_log.
    Consolidated identical input bits for $mux cell $procmux$1012:
      Old ports: A=$9\final_id$func$src/experiment_frame_log.v:167$15.$result[7:0]$515, B=8'00000111, Y=$10\final_id$func$src/experiment_frame_log.v:167$15.$result[7:0]$516
      New ports: A=$9\final_id$func$src/experiment_frame_log.v:167$15.$result[7:0]$515 [2:0], B=3'111, Y=$10\final_id$func$src/experiment_frame_log.v:167$15.$result[7:0]$516 [2:0]
      New connections: $10\final_id$func$src/experiment_frame_log.v:167$15.$result[7:0]$516 [7:3] = 5'00000
  Optimizing cells in module \experiment_frame_log.
    Consolidated identical input bits for $mux cell $procmux$991:
      Old ports: A=$10\final_id$func$src/experiment_frame_log.v:167$15.$result[7:0]$516, B=8'00001000, Y=$11\final_id$func$src/experiment_frame_log.v:167$15.$result[7:0]$517
      New ports: A={ 1'0 $10\final_id$func$src/experiment_frame_log.v:167$15.$result[7:0]$516 [2:0] }, B=4'1000, Y=$11\final_id$func$src/experiment_frame_log.v:167$15.$result[7:0]$517 [3:0]
      New connections: $11\final_id$func$src/experiment_frame_log.v:167$15.$result[7:0]$517 [7:4] = 4'0000
  Optimizing cells in module \experiment_frame_log.
    Consolidated identical input bits for $mux cell $procmux$970:
      Old ports: A=$11\final_id$func$src/experiment_frame_log.v:167$15.$result[7:0]$517, B=8'00001001, Y=$12\final_id$func$src/experiment_frame_log.v:167$15.$result[7:0]$518
      New ports: A=$11\final_id$func$src/experiment_frame_log.v:167$15.$result[7:0]$517 [3:0], B=4'1001, Y=$12\final_id$func$src/experiment_frame_log.v:167$15.$result[7:0]$518 [3:0]
      New connections: $12\final_id$func$src/experiment_frame_log.v:167$15.$result[7:0]$518 [7:4] = 4'0000
  Optimizing cells in module \experiment_frame_log.
    Consolidated identical input bits for $mux cell $procmux$949:
      Old ports: A=$12\final_id$func$src/experiment_frame_log.v:167$15.$result[7:0]$518, B=8'00001010, Y=$13\final_id$func$src/experiment_frame_log.v:167$15.$result[7:0]$519
      New ports: A=$12\final_id$func$src/experiment_frame_log.v:167$15.$result[7:0]$518 [3:0], B=4'1010, Y=$13\final_id$func$src/experiment_frame_log.v:167$15.$result[7:0]$519 [3:0]
      New connections: $13\final_id$func$src/experiment_frame_log.v:167$15.$result[7:0]$519 [7:4] = 4'0000
  Optimizing cells in module \experiment_frame_log.
    Consolidated identical input bits for $mux cell $procmux$928:
      Old ports: A=$13\final_id$func$src/experiment_frame_log.v:167$15.$result[7:0]$519, B=8'00001011, Y=$14\final_id$func$src/experiment_frame_log.v:167$15.$result[7:0]$520
      New ports: A=$13\final_id$func$src/experiment_frame_log.v:167$15.$result[7:0]$519 [3:0], B=4'1011, Y=$14\final_id$func$src/experiment_frame_log.v:167$15.$result[7:0]$520 [3:0]
      New connections: $14\final_id$func$src/experiment_frame_log.v:167$15.$result[7:0]$520 [7:4] = 4'0000
  Optimizing cells in module \experiment_frame_log.
    Consolidated identical input bits for $mux cell $procmux$907:
      Old ports: A=$14\final_id$func$src/experiment_frame_log.v:167$15.$result[7:0]$520, B=8'00001100, Y=$15\final_id$func$src/experiment_frame_log.v:167$15.$result[7:0]$521
      New ports: A=$14\final_id$func$src/experiment_frame_log.v:167$15.$result[7:0]$520 [3:0], B=4'1100, Y=$15\final_id$func$src/experiment_frame_log.v:167$15.$result[7:0]$521 [3:0]
      New connections: $15\final_id$func$src/experiment_frame_log.v:167$15.$result[7:0]$521 [7:4] = 4'0000
  Optimizing cells in module \experiment_frame_log.
Performed a total of 21 changes.

2.27.5. Executing OPT_MERGE pass (detect identical cells).
Finding identical cells in module `\experiment_frame_log'.
Computing hashes of 504 cells of `\experiment_frame_log'.
Finding duplicate cells in `\experiment_frame_log'.
Computing hashes of 503 cells of `\experiment_frame_log'.
Finding duplicate cells in `\experiment_frame_log'.
<suppressed ~3 debug messages>
Removed a total of 1 cells.

2.27.6. Executing OPT_DFF pass (perform DFF optimizations).
Adding SRST signal on $auto$mem.cc:1648:emulate_read_first$5366 ($dff) from module experiment_frame_log (D = $0$memwr$\queue$src/experiment_frame_log.v:123$18_EN[7:0]$125 [0], Q = $techmap5646\queue.0.0.PORT_A_WR_BE, rval = 1'1).

2.27.7. Executing OPT_CLEAN pass (remove unused cells and wires).
Finding unused cells or wires in module \experiment_frame_log..
Removed 1 unused cells and 12 unused wires.
<suppressed ~2 debug messages>

2.27.8. Executing OPT_EXPR pass (perform const folding).
Optimizing module experiment_frame_log.
<suppressed ~209 debug messages>

2.27.9. Rerunning OPT passes. (Maybe there is more to do..)

2.27.10. Executing OPT_MUXTREE pass (detect dead branches in mux trees).
Running muxtree optimizer on module \experiment_frame_log..
  Creating internal representation of mux trees.
  Evaluating internal representation of mux trees.
  Analyzing evaluation results.
Removed 0 multiplexer ports.
<suppressed ~383 debug messages>

2.27.11. Executing OPT_REDUCE pass (consolidate $*mux and $reduce_* inputs).
  Optimizing cells in module \experiment_frame_log.
    Consolidated identical input bits for $mux cell $procmux$1529:
      Old ports: A={ 26'00000000000000000000000000 $9\index[31:0] [2:1] }, B=$add$src/experiment_frame_log.v:164$433_Y [28:1], Y=$10\index[31:0] [28:1]
      New ports: A={ 1'0 $9\index[31:0] [2:1] }, B=$add$src/experiment_frame_log.v:164$433_Y [3:1], Y=$10\index[31:0] [3:1]
      New connections: $10\index[31:0] [28:4] = 25'0000000000000000000000000
  Optimizing cells in module \experiment_frame_log.
Performed a total of 1 changes.

2.27.12. Executing OPT_MERGE pass (detect identical cells).
Finding identical cells in module `\experiment_frame_log'.
Computing hashes of 501 cells of `\experiment_frame_log'.
Finding duplicate cells in `\experiment_frame_log'.
Removed a total of 0 cells.

2.27.13. Executing OPT_DFF pass (perform DFF optimizations).
Adding EN signal on $memory\lengths[0]$5896 ($dff) from module experiment_frame_log (D = $auto$rtlil.cc:3402:Mux$5310, Q = \lengths[0]).
Adding EN signal on $memory\lengths[1]$5898 ($dff) from module experiment_frame_log (D = $auto$rtlil.cc:3402:Mux$5310, Q = \lengths[1]).
Adding EN signal on $memory\lengths[2]$5900 ($dff) from module experiment_frame_log (D = $auto$rtlil.cc:3402:Mux$5310, Q = \lengths[2]).
Adding EN signal on $memory\lengths[3]$5902 ($dff) from module experiment_frame_log (D = $auto$rtlil.cc:3402:Mux$5310, Q = \lengths[3]).

2.27.14. Executing OPT_CLEAN pass (remove unused cells and wires).
Finding unused cells or wires in module \experiment_frame_log..
Removed 4 unused cells and 57 unused wires.
<suppressed ~5 debug messages>

2.27.15. Executing OPT_EXPR pass (perform const folding).
Optimizing module experiment_frame_log.
<suppressed ~194 debug messages>

2.27.16. Rerunning OPT passes. (Maybe there is more to do..)

2.27.17. Executing OPT_MUXTREE pass (detect dead branches in mux trees).
Running muxtree optimizer on module \experiment_frame_log..
  Creating internal representation of mux trees.
  Evaluating internal representation of mux trees.
  Analyzing evaluation results.
Removed 0 multiplexer ports.
<suppressed ~371 debug messages>

2.27.18. Executing OPT_REDUCE pass (consolidate $*mux and $reduce_* inputs).
  Optimizing cells in module \experiment_frame_log.
    Consolidated identical input bits for $mux cell $procmux$1457:
      Old ports: A={ 25'0000000000000000000000000 $10\index[31:0] [3:1] }, B=$add$src/experiment_frame_log.v:164$446_Y [28:1], Y=$11\index[31:0] [28:1]
      New ports: A={ 1'0 $10\index[31:0] [3:1] }, B=$add$src/experiment_frame_log.v:164$446_Y [4:1], Y=$11\index[31:0] [4:1]
      New connections: $11\index[31:0] [28:5] = 24'000000000000000000000000
  Optimizing cells in module \experiment_frame_log.
Performed a total of 1 changes.

2.27.19. Executing OPT_MERGE pass (detect identical cells).
Finding identical cells in module `\experiment_frame_log'.
Computing hashes of 497 cells of `\experiment_frame_log'.
Finding duplicate cells in `\experiment_frame_log'.
Removed a total of 0 cells.

2.27.20. Executing OPT_DFF pass (perform DFF optimizations).
Adding SRST signal on $auto$ff.cc:337:slice$4821 ($dffe) from module experiment_frame_log (D = $16\index[31:0] [1], Q = \copy_length [1], rval = 1'0).

2.27.21. Executing OPT_CLEAN pass (remove unused cells and wires).
Finding unused cells or wires in module \experiment_frame_log..
Removed 0 unused cells and 48 unused wires.
<suppressed ~1 debug messages>

2.27.22. Executing OPT_EXPR pass (perform const folding).
Optimizing module experiment_frame_log.
<suppressed ~186 debug messages>

2.27.23. Rerunning OPT passes. (Maybe there is more to do..)

2.27.24. Executing OPT_MUXTREE pass (detect dead branches in mux trees).
Running muxtree optimizer on module \experiment_frame_log..
  Creating internal representation of mux trees.
  Evaluating internal representation of mux trees.
  Analyzing evaluation results.
Removed 0 multiplexer ports.
<suppressed ~372 debug messages>

2.27.25. Executing OPT_REDUCE pass (consolidate $*mux and $reduce_* inputs).
  Optimizing cells in module \experiment_frame_log.
    Consolidated identical input bits for $mux cell $procmux$1385:
      Old ports: A={ 24'000000000000000000000000 $11\index[31:0] [4:1] }, B=$add$src/experiment_frame_log.v:164$459_Y [28:1], Y=$12\index[31:0] [28:1]
      New ports: A={ 1'0 $11\index[31:0] [4:1] }, B=$add$src/experiment_frame_log.v:164$459_Y [5:1], Y=$12\index[31:0] [5:1]
      New connections: $12\index[31:0] [28:6] = 23'00000000000000000000000
  Optimizing cells in module \experiment_frame_log.
Performed a total of 1 changes.

2.27.26. Executing OPT_MERGE pass (detect identical cells).
Finding identical cells in module `\experiment_frame_log'.
Computing hashes of 498 cells of `\experiment_frame_log'.
Finding duplicate cells in `\experiment_frame_log'.
Removed a total of 0 cells.

2.27.27. Executing OPT_DFF pass (perform DFF optimizations).

2.27.28. Executing OPT_CLEAN pass (remove unused cells and wires).
Finding unused cells or wires in module \experiment_frame_log..
Removed 0 unused cells and 46 unused wires.
<suppressed ~1 debug messages>

2.27.29. Executing OPT_EXPR pass (perform const folding).
Optimizing module experiment_frame_log.
<suppressed ~178 debug messages>

2.27.30. Rerunning OPT passes. (Maybe there is more to do..)

2.27.31. Executing OPT_MUXTREE pass (detect dead branches in mux trees).
Running muxtree optimizer on module \experiment_frame_log..
  Creating internal representation of mux trees.
  Evaluating internal representation of mux trees.
  Analyzing evaluation results.
Removed 0 multiplexer ports.
<suppressed ~372 debug messages>

2.27.32. Executing OPT_REDUCE pass (consolidate $*mux and $reduce_* inputs).
  Optimizing cells in module \experiment_frame_log.
    Consolidated identical input bits for $mux cell $procmux$1313:
      Old ports: A={ 23'00000000000000000000000 $12\index[31:0] [5:1] }, B=$add$src/experiment_frame_log.v:164$472_Y [28:1], Y=$13\index[31:0] [28:1]
      New ports: A={ 1'0 $12\index[31:0] [5:1] }, B=$add$src/experiment_frame_log.v:164$472_Y [6:1], Y=$13\index[31:0] [6:1]
      New connections: $13\index[31:0] [28:7] = 22'0000000000000000000000
  Optimizing cells in module \experiment_frame_log.
Performed a total of 1 changes.

2.27.33. Executing OPT_MERGE pass (detect identical cells).
Finding identical cells in module `\experiment_frame_log'.
Computing hashes of 498 cells of `\experiment_frame_log'.
Finding duplicate cells in `\experiment_frame_log'.
Removed a total of 0 cells.

2.27.34. Executing OPT_DFF pass (perform DFF optimizations).

2.27.35. Executing OPT_CLEAN pass (remove unused cells and wires).
Finding unused cells or wires in module \experiment_frame_log..
Removed 0 unused cells and 44 unused wires.
<suppressed ~1 debug messages>

2.27.36. Executing OPT_EXPR pass (perform const folding).
Optimizing module experiment_frame_log.
<suppressed ~170 debug messages>

2.27.37. Rerunning OPT passes. (Maybe there is more to do..)

2.27.38. Executing OPT_MUXTREE pass (detect dead branches in mux trees).
Running muxtree optimizer on module \experiment_frame_log..
  Creating internal representation of mux trees.
  Evaluating internal representation of mux trees.
  Analyzing evaluation results.
Removed 0 multiplexer ports.
<suppressed ~372 debug messages>

2.27.39. Executing OPT_REDUCE pass (consolidate $*mux and $reduce_* inputs).
  Optimizing cells in module \experiment_frame_log.
    Consolidated identical input bits for $mux cell $procmux$1241:
      Old ports: A={ 22'0000000000000000000000 $13\index[31:0] [6:1] }, B=$add$src/experiment_frame_log.v:164$485_Y [28:1], Y=$14\index[31:0] [28:1]
      New ports: A={ 1'0 $13\index[31:0] [6:1] }, B=$add$src/experiment_frame_log.v:164$485_Y [7:1], Y=$14\index[31:0] [7:1]
      New connections: $14\index[31:0] [28:8] = 21'000000000000000000000
  Optimizing cells in module \experiment_frame_log.
Performed a total of 1 changes.

2.27.40. Executing OPT_MERGE pass (detect identical cells).
Finding identical cells in module `\experiment_frame_log'.
Computing hashes of 498 cells of `\experiment_frame_log'.
Finding duplicate cells in `\experiment_frame_log'.
Removed a total of 0 cells.

2.27.41. Executing OPT_DFF pass (perform DFF optimizations).

2.27.42. Executing OPT_CLEAN pass (remove unused cells and wires).
Finding unused cells or wires in module \experiment_frame_log..
Removed 0 unused cells and 42 unused wires.
<suppressed ~1 debug messages>

2.27.43. Executing OPT_EXPR pass (perform const folding).
Optimizing module experiment_frame_log.
<suppressed ~162 debug messages>

2.27.44. Rerunning OPT passes. (Maybe there is more to do..)

2.27.45. Executing OPT_MUXTREE pass (detect dead branches in mux trees).
Running muxtree optimizer on module \experiment_frame_log..
  Creating internal representation of mux trees.
  Evaluating internal representation of mux trees.
  Analyzing evaluation results.
Removed 0 multiplexer ports.
<suppressed ~372 debug messages>

2.27.46. Executing OPT_REDUCE pass (consolidate $*mux and $reduce_* inputs).
  Optimizing cells in module \experiment_frame_log.
    Consolidated identical input bits for $mux cell $procmux$1169:
      Old ports: A={ 21'000000000000000000000 $14\index[31:0] [7:1] }, B=$add$src/experiment_frame_log.v:164$498_Y [28:1], Y=$15\index[31:0] [28:1]
      New ports: A={ 1'0 $14\index[31:0] [7:1] }, B=$add$src/experiment_frame_log.v:164$498_Y [8:1], Y=$15\index[31:0] [8:1]
      New connections: $15\index[31:0] [28:9] = 20'00000000000000000000
  Optimizing cells in module \experiment_frame_log.
Performed a total of 1 changes.

2.27.47. Executing OPT_MERGE pass (detect identical cells).
Finding identical cells in module `\experiment_frame_log'.
Computing hashes of 498 cells of `\experiment_frame_log'.
Finding duplicate cells in `\experiment_frame_log'.
Removed a total of 0 cells.

2.27.48. Executing OPT_DFF pass (perform DFF optimizations).

2.27.49. Executing OPT_CLEAN pass (remove unused cells and wires).
Finding unused cells or wires in module \experiment_frame_log..
Removed 0 unused cells and 40 unused wires.
<suppressed ~1 debug messages>

2.27.50. Executing OPT_EXPR pass (perform const folding).
Optimizing module experiment_frame_log.
<suppressed ~77 debug messages>

2.27.51. Rerunning OPT passes. (Maybe there is more to do..)

2.27.52. Executing OPT_MUXTREE pass (detect dead branches in mux trees).
Running muxtree optimizer on module \experiment_frame_log..
  Creating internal representation of mux trees.
  Evaluating internal representation of mux trees.
  Analyzing evaluation results.
Removed 0 multiplexer ports.
<suppressed ~372 debug messages>

2.27.53. Executing OPT_REDUCE pass (consolidate $*mux and $reduce_* inputs).
  Optimizing cells in module \experiment_frame_log.
Performed a total of 0 changes.

2.27.54. Executing OPT_MERGE pass (detect identical cells).
Finding identical cells in module `\experiment_frame_log'.
Computing hashes of 498 cells of `\experiment_frame_log'.
Finding duplicate cells in `\experiment_frame_log'.
Removed a total of 0 cells.

2.27.55. Executing OPT_DFF pass (perform DFF optimizations).

2.27.56. Executing OPT_CLEAN pass (remove unused cells and wires).
Finding unused cells or wires in module \experiment_frame_log..
Removed 0 unused cells and 19 unused wires.
<suppressed ~1 debug messages>

2.27.57. Executing OPT_EXPR pass (perform const folding).
Optimizing module experiment_frame_log.

2.27.58. Rerunning OPT passes. (Maybe there is more to do..)

2.27.59. Executing OPT_MUXTREE pass (detect dead branches in mux trees).
Running muxtree optimizer on module \experiment_frame_log..
  Creating internal representation of mux trees.
  Evaluating internal representation of mux trees.
  Analyzing evaluation results.
Removed 0 multiplexer ports.
<suppressed ~372 debug messages>

2.27.60. Executing OPT_REDUCE pass (consolidate $*mux and $reduce_* inputs).
  Optimizing cells in module \experiment_frame_log.
Performed a total of 0 changes.

2.27.61. Executing OPT_MERGE pass (detect identical cells).
Finding identical cells in module `\experiment_frame_log'.
Computing hashes of 498 cells of `\experiment_frame_log'.
Finding duplicate cells in `\experiment_frame_log'.
Removed a total of 0 cells.

2.27.62. Executing OPT_DFF pass (perform DFF optimizations).

2.27.63. Executing OPT_CLEAN pass (remove unused cells and wires).
Finding unused cells or wires in module \experiment_frame_log..

2.27.64. Executing OPT_EXPR pass (perform const folding).
Optimizing module experiment_frame_log.

2.27.65. Finished fast OPT passes. (There is nothing left to do.)

2.28. Executing TECHMAP pass (map to technology primitives).

2.28.1. Executing Verilog-2005 frontend: /Users/elliot/.local/opt/oss-cad-suite/libexec/../share/yosys/techmap.v
Parsing Verilog input from `/Users/elliot/.local/opt/oss-cad-suite/libexec/../share/yosys/techmap.v' to AST representation.
Generating RTLIL representation for module `\_90_simplemap_bool_ops'.
Generating RTLIL representation for module `\_90_simplemap_reduce_ops'.
Generating RTLIL representation for module `\_90_simplemap_logic_ops'.
Generating RTLIL representation for module `\_90_simplemap_compare_ops'.
Generating RTLIL representation for module `\_90_simplemap_various'.
Generating RTLIL representation for module `\_90_simplemap_registers'.
Generating RTLIL representation for module `\_90_shift_ops_shr_shl_sshl_sshr'.
Generating RTLIL representation for module `\_90_shift_shiftx'.
Generating RTLIL representation for module `\_90_fa'.
Generating RTLIL representation for module `\_90_lcu_brent_kung'.
Generating RTLIL representation for module `\_90_alu'.
Generating RTLIL representation for module `\_90_macc'.
Generating RTLIL representation for module `\_90_alumacc'.
Generating RTLIL representation for module `$__div_mod_u'.
Generating RTLIL representation for module `$__div_mod_trunc'.
Generating RTLIL representation for module `\_90_div'.
Generating RTLIL representation for module `\_90_mod'.
Generating RTLIL representation for module `$__div_mod_floor'.
Generating RTLIL representation for module `\_90_divfloor'.
Generating RTLIL representation for module `\_90_modfloor'.
Generating RTLIL representation for module `\_90_pow'.
Generating RTLIL representation for module `\_90_demux'.
Generating RTLIL representation for module `\_90_lut'.
Generating RTLIL representation for module `$connect'.
Generating RTLIL representation for module `$input_port'.
Successfully finished Verilog frontend.

2.28.2. Continuing TECHMAP pass.
Using template $paramod$a1bc51c02ce12ac21eb18988e83292af48ed7d72\_90_alu for cells of type $alu.
Using template $paramod$dbcdc7e8aa1a4080cea2deda6fdc8772064f4d90\_90_alu for cells of type $alu.
Using template $paramod$00298f3f8094950cb9a5ff2fda48d0d8bde8806c\_90_alu for cells of type $alu.
Using template $paramod$b18e16801adf491a64caa0542270798e5d4ac6b6\_90_alu for cells of type $alu.
Using template $paramod$740b056ede97228d3eae64ea2fdc81f0a33e0fe7\_90_alu for cells of type $alu.
Using extmapper simplemap for cells of type $dffe.
Using extmapper simplemap for cells of type $sdffce.
Using template $paramod$78e969f2586efcf3a5b0b0440bcca0db83d5cca2\_90_alu for cells of type $alu.
Using extmapper simplemap for cells of type $sdff.
Using extmapper simplemap for cells of type $and.
Using extmapper simplemap for cells of type $not.
Using extmapper simplemap for cells of type $dff.
Using extmapper simplemap for cells of type $or.
Using template $paramod$7e708ae28ab761f11d0fb59d3ffc72f6a4baf5d9\_90_alu for cells of type $alu.
Using extmapper simplemap for cells of type $mux.
Using extmapper simplemap for cells of type $eq.
Using extmapper simplemap for cells of type $reduce_and.
Using template $paramod$ac45afa5bcd8e16ca475cce13f9d19bb109f1516\_90_alu for cells of type $alu.
Using template $paramod$6eda0ef91434b0a63b1504b3097de136b7a9d5d5\_90_alu for cells of type $alu.
Using template $paramod$6dfd24bfd3b8a216c41b6b35cbd5462641f010e0\_90_alu for cells of type $alu.
Using template $paramod$d78cca788ba412cf660d1859c68648428b17fe97\_90_alu for cells of type $alu.
Using template $paramod$c3cd1564c35d873179656addd6052d7ea8b6d991\_90_alu for cells of type $alu.
Using template $paramod$2af30114e9bd4ccb04dad757b3f0a8f6bf0615b0\_90_alu for cells of type $alu.
Using template $paramod$cc48387a3f2cae79a81035f3d5a9b4758cb77854\_90_alu for cells of type $alu.
Using template $paramod$5e23d2e0f07f5403e3d2c5b606bab0c16e4174c1\_90_alu for cells of type $alu.
Using template $paramod$0a77e3c00010cb33e399decd813a7380c6e25cba\_90_alu for cells of type $alu.
Using template $paramod$8d7f98f10ed0231647041eea72c2a8a293a33560\_90_alu for cells of type $alu.
Using template $paramod$53700bbee849b2010ad0b60a61ccd204a10e24ca\_90_alu for cells of type $alu.
Using template $paramod$2126a3039e9678f6a4bd73d35a1f58ee2616afb2\_90_alu for cells of type $alu.
Using template $paramod$d0e4c797aa680bb54c964a262954ce9f5bfee2c5\_90_alu for cells of type $alu.
Using template $paramod$5042debdcb1fbd120a67f55dfe5b3afe2a9f08e5\_90_alu for cells of type $alu.
Using template $paramod$a04dd9d4d8b430140c4ff94b50470fb380fda2a0\_90_alu for cells of type $alu.
Using template $paramod$039520c137afc9cd69dd56c3fb11a4e1fbe5f664\_90_alu for cells of type $alu.
Using template $paramod$b68c83d65b53df4a22df31900ec7ed06cdd69e29\_90_alu for cells of type $alu.
Using template $paramod$619a7e60d42ca0996ea4b1b41bb5412f6a52141d\_90_alu for cells of type $alu.
Using template $paramod$b3c20b05d9b1fc2c940ef2f6c917486aead042e8\_90_alu for cells of type $alu.
Using template $paramod$3ef7d3dd227da7627a99c5e5a6a4deb817573e39\_90_alu for cells of type $alu.
Using template $paramod$b8c0a997bce700f23568a5ada79cc6781d1f5ca0\_90_alu for cells of type $alu.
Using extmapper simplemap for cells of type $reduce_or.
Using template $paramod$5d92917758d56f9b5a6b06ecadf230be319633d9\_90_alu for cells of type $alu.
Using template $paramod$4504179771182265d0fe43701f70377fc04ca361\_90_alu for cells of type $alu.
Using template $paramod$65af072f6065f0ed27ad80c8089003dcba6e1c40\_90_alu for cells of type $alu.
Using template $paramod$403a3c2fa431a154c52a6a5429d7a6260b5d144f\_90_alu for cells of type $alu.
Using template $paramod$5ccf584370207a3ccc3032757a8e590623d4de56\_90_alu for cells of type $alu.
Using template $paramod$403d74038787d91c0514bba9bf1032f6fa919203\_90_alu for cells of type $alu.
Using template $paramod$cd54e322aa4265ca236096fe4bb634aaec4e39b4\_90_alu for cells of type $alu.
Using template $paramod$fc972a7a46956c1788f3cb5257b53c8f1df2d0cc\_90_alu for cells of type $alu.
Using template $paramod$d2fa05d38998afabc6d4f34471305d0af4b8b2df\_90_alu for cells of type $alu.
Using extmapper maccmap for cells of type $macc_v2.
  sub { 23'00000000000000000000000 $add$src/experiment_frame_log.v:164$450_Y [8:5] $11\index[31:0] [1] 4'1000 } (32 bits, signed)
  sub { 24'000000000000000000000000 $add$src/experiment_frame_log.v:164$424_Y [7:5] $9\index[31:0] [1] 4'1000 } (32 bits, signed)
  sub { 21'000000000000000000000 $add$src/experiment_frame_log.v:164$476_Y [10:5] $13\index[31:0] [1] 4'1000 } (32 bits, signed)
  add \input_packet [320] (1 bits, unsigned)
  add \input_packet [328] (1 bits, unsigned)
  add \input_packet [327] (1 bits, unsigned)
  add \input_packet [326] (1 bits, unsigned)
  add \input_packet [325] (1 bits, unsigned)
  add \input_packet [324] (1 bits, unsigned)
  add \input_packet [323] (1 bits, unsigned)
  add \input_packet [322] (1 bits, unsigned)
  add \input_packet [321] (1 bits, unsigned)
  packed 4 (4) bits / 4 words into adder tree
  sub { 24'000000000000000000000000 $add$src/experiment_frame_log.v:164$437_Y [7:5] $10\index[31:0] [1] 4'1000 } (32 bits, signed)
  sub { 22'0000000000000000000000 $add$src/experiment_frame_log.v:164$463_Y [9:5] $12\index[31:0] [1] 4'1000 } (32 bits, signed)
  sub { 19'0000000000000000000 $add$src/experiment_frame_log.v:164$502_Y [12:5] $15\index[31:0] [1] 4'1000 } (32 bits, signed)
  add \metadata_count (8 bits, unsigned)
  add \raw_count (8 bits, unsigned)
  add 9'000011110 (9 bits, unsigned)
  sub { 27'000000000000000000000000011 $7\final_id$func$src/experiment_frame_log.v:167$15.$result[7:0]$513 [2] 4'1000 } (32 bits, signed)
  sub { 20'00000000000000000000 $add$src/experiment_frame_log.v:164$489_Y [11:5] $14\index[31:0] [1] 4'1000 } (32 bits, signed)
Using extmapper simplemap for cells of type $bmux.
Using extmapper simplemap for cells of type $sdffe.
Using extmapper simplemap for cells of type $reduce_bool.
Using extmapper simplemap for cells of type $ne.
Using extmapper simplemap for cells of type $logic_and.
Using extmapper simplemap for cells of type $logic_or.
Using extmapper simplemap for cells of type $logic_not.
Using template $paramod$constmap:a0b6c2253a9a2c438275c36770f03f22facf7e1b$paramod$9e55aa8aca53ab6438a8671eadbeafe7160974a0\_90_shift_shiftx for cells of type $shiftx.
Using template $paramod$constmap:0a73c43b80f44be0b702f989956eec1342dfcbae$paramod$f7e44ef23b446d8ec4146ee9551b0acd0d17c23d\_90_shift_shiftx for cells of type $shiftx.
Using template $paramod$constmap:71d8626c2b841544c84aeb151bfc2f8497c13f45$paramod$c764075068cca9b3770bc89997ef4333b8d36e04\_90_shift_shiftx for cells of type $shiftx.
Using template $paramod$constmap:d4574b10a48615c01f5c9e450b87bbe805e939a5$paramod$3a9e739b888ef6ca2a56e5f8985de46f4d82696b\_90_shift_shiftx for cells of type $shift.
Analyzing pattern of constant bits for this cell:
Creating constmapped module `$paramod$constmap:53426fbbe036148b72b62cac212230a64a64dfa0$paramod$3a9e739b888ef6ca2a56e5f8985de46f4d82696b\_90_shift_shiftx'.

2.28.97. Executing OPT_MUXTREE pass (detect dead branches in mux trees).
Running muxtree optimizer on module $paramod$constmap:53426fbbe036148b72b62cac212230a64a64dfa0$paramod$3a9e739b888ef6ca2a56e5f8985de46f4d82696b\_90_shift_shiftx..
  Creating internal representation of mux trees.
  Evaluating internal representation of mux trees.
  Analyzing evaluation results.
    dead port 2/2 on $mux $procmux$10436.
    dead port 2/2 on $mux $procmux$10442.
    dead port 2/2 on $mux $procmux$10448.
    dead port 2/2 on $mux $procmux$10454.
    dead port 2/2 on $mux $procmux$10460.
    dead port 2/2 on $mux $procmux$10466.
    dead port 2/2 on $mux $procmux$10472.
    dead port 2/2 on $mux $procmux$10478.
    dead port 2/2 on $mux $procmux$10484.
Removed 9 multiplexer ports.
<suppressed ~2284 debug messages>

2.28.98. Executing OPT_EXPR pass (perform const folding).
Optimizing module $paramod$constmap:53426fbbe036148b72b62cac212230a64a64dfa0$paramod$3a9e739b888ef6ca2a56e5f8985de46f4d82696b\_90_shift_shiftx.
<suppressed ~25 debug messages>
Removed 0 unused cells and 14 unused wires.
Using template $paramod$constmap:53426fbbe036148b72b62cac212230a64a64dfa0$paramod$3a9e739b888ef6ca2a56e5f8985de46f4d82696b\_90_shift_shiftx for cells of type $shift.
Using extmapper simplemap for cells of type $pmux.
Using template $paramod$cc6a978c1b57cdb49efcec348c88d8e28bf1a01f\_90_alu for cells of type $alu.
Using template $paramod\_90_fa\WIDTH=32'00000000000000000000000000001000 for cells of type $fa.
Using template $paramod\_90_fa\WIDTH=32'00000000000000000000000000000001 for cells of type $fa.
Using template $paramod\_90_fa\WIDTH=32'00000000000000000000000000000010 for cells of type $fa.
Using template $paramod\_90_fa\WIDTH=32'00000000000000000000000000000011 for cells of type $fa.
Using extmapper simplemap for cells of type $pos.
Using template $paramod\_90_lcu_brent_kung\WIDTH=32'00000000000000000000000000000011 for cells of type $lcu.
Using extmapper simplemap for cells of type $xor.
Using template $paramod\_90_fa\WIDTH=32'00000000000000000000000000000100 for cells of type $fa.
Using template $paramod\_90_lcu_brent_kung\WIDTH=32'00000000000000000000000000000100 for cells of type $lcu.
Using template $paramod\_90_fa\WIDTH=32'00000000000000000000000000000101 for cells of type $fa.
Using template $paramod\_90_lcu_brent_kung\WIDTH=32'00000000000000000000000000000101 for cells of type $lcu.
Using template $paramod\_90_lcu_brent_kung\WIDTH=32'00000000000000000000000000001000 for cells of type $lcu.
Using template $paramod\_90_fa\WIDTH=32'00000000000000000000000000000110 for cells of type $fa.
Using template $paramod\_90_lcu_brent_kung\WIDTH=32'00000000000000000000000000000110 for cells of type $lcu.
Using template $paramod\_90_fa\WIDTH=32'00000000000000000000000001000000 for cells of type $fa.
Using template $paramod\_90_lcu_brent_kung\WIDTH=32'00000000000000000000000001000000 for cells of type $lcu.
Using template $paramod\_90_fa\WIDTH=32'00000000000000000000000000000111 for cells of type $fa.
Using template $paramod\_90_lcu_brent_kung\WIDTH=32'00000000000000000000000000000111 for cells of type $lcu.
Using template $paramod\_90_fa\WIDTH=32'00000000000000000000000000010000 for cells of type $fa.
Using template $paramod\_90_lcu_brent_kung\WIDTH=32'00000000000000000000000000010000 for cells of type $lcu.
Using template $paramod\_90_fa\WIDTH=32'00000000000000000000000000001001 for cells of type $fa.
Using template $paramod\_90_lcu_brent_kung\WIDTH=32'00000000000000000000000000001001 for cells of type $lcu.
Using template $paramod\_90_fa\WIDTH=32'00000000000000000000000000001010 for cells of type $fa.
Using template $paramod\_90_lcu_brent_kung\WIDTH=32'00000000000000000000000000001010 for cells of type $lcu.
Using template $paramod\_90_lcu_brent_kung\WIDTH=32'00000000000000000000000000000001 for cells of type $lcu.
Using template $paramod\_90_fa\WIDTH=32'00000000000000000000000000100000 for cells of type $fa.
Using template $paramod\_90_lcu_brent_kung\WIDTH=32'00000000000000000000000000100000 for cells of type $lcu.
Using template $paramod\_90_lcu_brent_kung\WIDTH=32'00000000000000000000000000000010 for cells of type $lcu.
Using template $paramod\_90_fa\WIDTH=32'00000000000000000000000000101000 for cells of type $fa.
Using template $paramod\_90_lcu_brent_kung\WIDTH=32'00000000000000000000000000101000 for cells of type $lcu.
Using template $paramod\_90_fa\WIDTH=32'00000000000000000000000000100001 for cells of type $fa.
Using template $paramod\_90_lcu_brent_kung\WIDTH=32'00000000000000000000000000100001 for cells of type $lcu.
No more expansions possible.
<suppressed ~7605 debug messages>

2.29. Executing OPT pass (performing simple optimizations).

2.29.1. Executing OPT_EXPR pass (perform const folding).
Optimizing module experiment_frame_log.
<suppressed ~176750 debug messages>

2.29.2. Executing OPT_MERGE pass (detect identical cells).
Finding identical cells in module `\experiment_frame_log'.
Computing hashes of 25212 cells of `\experiment_frame_log'.
Finding duplicate cells in `\experiment_frame_log'.
Computing hashes of 24477 cells of `\experiment_frame_log'.
Finding duplicate cells in `\experiment_frame_log'.
Computing hashes of 23969 cells of `\experiment_frame_log'.
Finding duplicate cells in `\experiment_frame_log'.
Computing hashes of 23236 cells of `\experiment_frame_log'.
Finding duplicate cells in `\experiment_frame_log'.
Computing hashes of 22241 cells of `\experiment_frame_log'.
Finding duplicate cells in `\experiment_frame_log'.
Computing hashes of 21278 cells of `\experiment_frame_log'.
Finding duplicate cells in `\experiment_frame_log'.
Computing hashes of 20212 cells of `\experiment_frame_log'.
Finding duplicate cells in `\experiment_frame_log'.
Computing hashes of 18261 cells of `\experiment_frame_log'.
Finding duplicate cells in `\experiment_frame_log'.
Computing hashes of 17690 cells of `\experiment_frame_log'.
Finding duplicate cells in `\experiment_frame_log'.
Computing hashes of 17687 cells of `\experiment_frame_log'.
Finding duplicate cells in `\experiment_frame_log'.
Computing hashes of 17684 cells of `\experiment_frame_log'.
Finding duplicate cells in `\experiment_frame_log'.
Computing hashes of 17681 cells of `\experiment_frame_log'.
Finding duplicate cells in `\experiment_frame_log'.
Computing hashes of 17678 cells of `\experiment_frame_log'.
Finding duplicate cells in `\experiment_frame_log'.
Computing hashes of 17675 cells of `\experiment_frame_log'.
Finding duplicate cells in `\experiment_frame_log'.
Computing hashes of 17672 cells of `\experiment_frame_log'.
Finding duplicate cells in `\experiment_frame_log'.
Computing hashes of 17669 cells of `\experiment_frame_log'.
Finding duplicate cells in `\experiment_frame_log'.
Computing hashes of 17666 cells of `\experiment_frame_log'.
Finding duplicate cells in `\experiment_frame_log'.
Computing hashes of 17663 cells of `\experiment_frame_log'.
Finding duplicate cells in `\experiment_frame_log'.
Computing hashes of 17660 cells of `\experiment_frame_log'.
Finding duplicate cells in `\experiment_frame_log'.
Computing hashes of 17657 cells of `\experiment_frame_log'.
Finding duplicate cells in `\experiment_frame_log'.
Computing hashes of 17654 cells of `\experiment_frame_log'.
Finding duplicate cells in `\experiment_frame_log'.
Computing hashes of 17651 cells of `\experiment_frame_log'.
Finding duplicate cells in `\experiment_frame_log'.
Computing hashes of 17648 cells of `\experiment_frame_log'.
Finding duplicate cells in `\experiment_frame_log'.
Computing hashes of 17645 cells of `\experiment_frame_log'.
Finding duplicate cells in `\experiment_frame_log'.
<suppressed ~22701 debug messages>
Removed a total of 7567 cells.

2.29.3. Executing OPT_DFF pass (perform DFF optimizations).

2.29.4. Executing OPT_CLEAN pass (remove unused cells and wires).
Finding unused cells or wires in module \experiment_frame_log..
Removed 4459 unused cells and 6501 unused wires.
<suppressed ~4460 debug messages>

2.29.5. Finished fast OPT passes.

2.30. Executing IOPADMAP pass (mapping inputs/outputs to IO-PAD cells).
Mapping port experiment_frame_log.fault using OBUF.
Mapping port experiment_frame_log.capture_active using OBUF.
Mapping port experiment_frame_log.busy using OBUF.
Mapping port experiment_frame_log.output_length using OBUF.
Mapping port experiment_frame_log.read_data using OBUF.
Mapping port experiment_frame_log.read_index using IBUF.
Mapping port experiment_frame_log.output_ready using IBUF.
Mapping port experiment_frame_log.output_valid using OBUF.
Mapping port experiment_frame_log.input_length using IBUF.
Mapping port experiment_frame_log.input_packet using IBUF.
Mapping port experiment_frame_log.input_ready using OBUF.
Mapping port experiment_frame_log.input_valid using IBUF.
Mapping port experiment_frame_log.event_pulse using IBUF.
Mapping port experiment_frame_log.raw_data using IBUF.
Mapping port experiment_frame_log.raw_valid using IBUF.
Mapping port experiment_frame_log.rst using IBUF.
Mapping port experiment_frame_log.clk using IBUF.

2.31. Executing OPT_CLEAN pass (remove unused cells and wires).
Finding unused cells or wires in module \experiment_frame_log..
Removed 0 unused cells and 1 unused wires.
<suppressed ~1 debug messages>

2.32. Executing DFFLEGALIZE pass (convert FFs to types supported by the target).

2.33. Executing TECHMAP pass (map to technology primitives).

2.33.1. Executing Verilog-2005 frontend: /Users/elliot/.local/opt/oss-cad-suite/libexec/../share/yosys/gowin/cells_map.v
Parsing Verilog input from `/Users/elliot/.local/opt/oss-cad-suite/libexec/../share/yosys/gowin/cells_map.v' to AST representation.
Generating RTLIL representation for module `$_DFF_N_'.
Generating RTLIL representation for module `$_DFF_P_'.
Generating RTLIL representation for module `$_DFFE_PP_'.
Generating RTLIL representation for module `$_DFFE_NP_'.
Generating RTLIL representation for module `$_SDFF_PP0_'.
Generating RTLIL representation for module `$_SDFF_NP0_'.
Generating RTLIL representation for module `$_SDFFE_PP0P_'.
Generating RTLIL representation for module `$_SDFFE_NP0P_'.
Generating RTLIL representation for module `$_SDFF_PP1_'.
Generating RTLIL representation for module `$_SDFF_NP1_'.
Generating RTLIL representation for module `$_SDFFE_PP1P_'.
Generating RTLIL representation for module `$_SDFFE_NP1P_'.
Generating RTLIL representation for module `$_DFF_PP1_'.
Generating RTLIL representation for module `$_DFF_NP1_'.
Generating RTLIL representation for module `$_DFF_PP0_'.
Generating RTLIL representation for module `$_DFF_NP0_'.
Generating RTLIL representation for module `$_DFFE_PP1P_'.
Generating RTLIL representation for module `$_DFFE_NP1P_'.
Generating RTLIL representation for module `$_DFFE_PP0P_'.
Generating RTLIL representation for module `$_DFFE_NP0P_'.
Generating RTLIL representation for module `$lut'.
Successfully finished Verilog frontend.

2.33.2. Continuing TECHMAP pass.
Using template $_SDFFE_PP0P_ for cells of type $_SDFFE_PP0P_.
Using template $_SDFFE_PP1P_ for cells of type $_SDFFE_PP1P_.
No more expansions possible.
<suppressed ~1060 debug messages>

2.34. Executing TECHMAP pass (map to technology primitives).

2.34.1. Executing Verilog-2005 frontend: /Users/elliot/.local/opt/oss-cad-suite/libexec/../share/yosys/gowin/cells_latch.v
Parsing Verilog input from `/Users/elliot/.local/opt/oss-cad-suite/libexec/../share/yosys/gowin/cells_latch.v' to AST representation.
Generating RTLIL representation for module `$_DLATCH_P_'.
Generating RTLIL representation for module `$_DLATCH_N_'.
Generating RTLIL representation for module `$_DLATCH_PP0_'.
Generating RTLIL representation for module `$_DLATCH_NP0_'.
Generating RTLIL representation for module `$_DLATCH_PP1_'.
Generating RTLIL representation for module `$_DLATCH_NP1_'.
Successfully finished Verilog frontend.

2.34.2. Continuing TECHMAP pass.
No more expansions possible.
<suppressed ~8 debug messages>

2.35. Executing OPT_EXPR pass (perform const folding).
Optimizing module experiment_frame_log.
<suppressed ~169 debug messages>

2.36. Executing SIMPLEMAP pass (map simple cells to gate primitives).

2.37. Executing SORT pass.

2.38. Executing Verilog-2005 frontend: /Users/elliot/.local/opt/oss-cad-suite/libexec/../share/yosys/abc9_model.v
Parsing Verilog input from `/Users/elliot/.local/opt/oss-cad-suite/libexec/../share/yosys/abc9_model.v' to AST representation.
Generating RTLIL representation for module `$__ABC9_DELAY'.
Generating RTLIL representation for module `$__ABC9_SCC_BREAKER'.
Generating RTLIL representation for module `$__DFF_N__$abc9_flop'.
Generating RTLIL representation for module `$__DFF_P__$abc9_flop'.
Successfully finished Verilog frontend.

2.39. Executing ABC9 pass.

2.39.1. Executing ABC9_OPS pass (helper functions for ABC9).

2.39.2. Executing ABC9_OPS pass (helper functions for ABC9).

2.39.3. Executing SCC pass (detecting logic loops).
Found 0 SCCs in module experiment_frame_log.
Found 0 SCCs.

2.39.4. Executing ABC9_OPS pass (helper functions for ABC9).

2.39.5. Executing TECHMAP pass (map to technology primitives).

2.39.5.1. Executing Verilog-2005 frontend: /Users/elliot/.local/opt/oss-cad-suite/libexec/../share/yosys/techmap.v
Parsing Verilog input from `/Users/elliot/.local/opt/oss-cad-suite/libexec/../share/yosys/techmap.v' to AST representation.
Generating RTLIL representation for module `\_90_simplemap_bool_ops'.
Generating RTLIL representation for module `\_90_simplemap_reduce_ops'.
Generating RTLIL representation for module `\_90_simplemap_logic_ops'.
Generating RTLIL representation for module `\_90_simplemap_compare_ops'.
Generating RTLIL representation for module `\_90_simplemap_various'.
Generating RTLIL representation for module `\_90_simplemap_registers'.
Generating RTLIL representation for module `\_90_shift_ops_shr_shl_sshl_sshr'.
Generating RTLIL representation for module `\_90_shift_shiftx'.
Generating RTLIL representation for module `\_90_fa'.
Generating RTLIL representation for module `\_90_lcu_brent_kung'.
Generating RTLIL representation for module `\_90_alu'.
Generating RTLIL representation for module `\_90_macc'.
Generating RTLIL representation for module `\_90_alumacc'.
Generating RTLIL representation for module `$__div_mod_u'.
Generating RTLIL representation for module `$__div_mod_trunc'.
Generating RTLIL representation for module `\_90_div'.
Generating RTLIL representation for module `\_90_mod'.
Generating RTLIL representation for module `$__div_mod_floor'.
Generating RTLIL representation for module `\_90_divfloor'.
Generating RTLIL representation for module `\_90_modfloor'.
Generating RTLIL representation for module `\_90_pow'.
Generating RTLIL representation for module `\_90_demux'.
Generating RTLIL representation for module `\_90_lut'.
Generating RTLIL representation for module `$connect'.
Generating RTLIL representation for module `$input_port'.
Successfully finished Verilog frontend.

2.39.5.2. Continuing TECHMAP pass.
No more expansions possible.
<suppressed ~252 debug messages>

2.39.6. Executing OPT pass (performing simple optimizations).

2.39.6.1. Executing OPT_EXPR pass (perform const folding).

2.39.6.2. Executing OPT_MERGE pass (detect identical cells).
Removed a total of 0 cells.

2.39.6.3. Executing OPT_MUXTREE pass (detect dead branches in mux trees).
Removed 0 multiplexer ports.

2.39.6.4. Executing OPT_REDUCE pass (consolidate $*mux and $reduce_* inputs).
Performed a total of 0 changes.

2.39.6.5. Executing OPT_MERGE pass (detect identical cells).
Removed a total of 0 cells.

2.39.6.6. Executing OPT_DFF pass (perform DFF optimizations).

2.39.6.7. Executing OPT_CLEAN pass (remove unused cells and wires).

2.39.6.8. Executing OPT_EXPR pass (perform const folding).

2.39.6.9. Finished fast OPT passes. (There is nothing left to do.)

2.39.7. Executing TECHMAP pass (map to technology primitives).

2.39.7.1. Executing Verilog-2005 frontend: /Users/elliot/.local/opt/oss-cad-suite/libexec/../share/yosys/abc9_map.v
Parsing Verilog input from `/Users/elliot/.local/opt/oss-cad-suite/libexec/../share/yosys/abc9_map.v' to AST representation.
Successfully finished Verilog frontend.

2.39.7.2. Continuing TECHMAP pass.
No more expansions possible.
<suppressed ~2 debug messages>

2.39.8. Executing Verilog-2005 frontend: /Users/elliot/.local/opt/oss-cad-suite/libexec/../share/yosys/abc9_model.v
Parsing Verilog input from `/Users/elliot/.local/opt/oss-cad-suite/libexec/../share/yosys/abc9_model.v' to AST representation.
Replacing existing blackbox module `$__ABC9_DELAY' at /Users/elliot/.local/opt/oss-cad-suite/libexec/../share/yosys/abc9_model.v:2.1-7.10.
Generating RTLIL representation for module `$__ABC9_DELAY'.
Replacing existing blackbox module `$__ABC9_SCC_BREAKER' at /Users/elliot/.local/opt/oss-cad-suite/libexec/../share/yosys/abc9_model.v:9.1-11.10.
Generating RTLIL representation for module `$__ABC9_SCC_BREAKER'.
Replacing existing module `$__DFF_N__$abc9_flop' at /Users/elliot/.local/opt/oss-cad-suite/libexec/../share/yosys/abc9_model.v:14.1-20.10.
Generating RTLIL representation for module `$__DFF_N__$abc9_flop'.
Replacing existing module `$__DFF_P__$abc9_flop' at /Users/elliot/.local/opt/oss-cad-suite/libexec/../share/yosys/abc9_model.v:23.1-29.10.
Generating RTLIL representation for module `$__DFF_P__$abc9_flop'.
Successfully finished Verilog frontend.

2.39.9. Executing ABC9_OPS pass (helper functions for ABC9).
<suppressed ~3113 debug messages>

2.39.10. Executing ABC9_OPS pass (helper functions for ABC9).

2.39.11. Executing ABC9_OPS pass (helper functions for ABC9).
<suppressed ~2 debug messages>

2.39.12. Executing TECHMAP pass (map to technology primitives).

2.39.12.1. Executing Verilog-2005 frontend: /Users/elliot/.local/opt/oss-cad-suite/libexec/../share/yosys/techmap.v
Parsing Verilog input from `/Users/elliot/.local/opt/oss-cad-suite/libexec/../share/yosys/techmap.v' to AST representation.
Generating RTLIL representation for module `\_90_simplemap_bool_ops'.
Generating RTLIL representation for module `\_90_simplemap_reduce_ops'.
Generating RTLIL representation for module `\_90_simplemap_logic_ops'.
Generating RTLIL representation for module `\_90_simplemap_compare_ops'.
Generating RTLIL representation for module `\_90_simplemap_various'.
Generating RTLIL representation for module `\_90_simplemap_registers'.
Generating RTLIL representation for module `\_90_shift_ops_shr_shl_sshl_sshr'.
Generating RTLIL representation for module `\_90_shift_shiftx'.
Generating RTLIL representation for module `\_90_fa'.
Generating RTLIL representation for module `\_90_lcu_brent_kung'.
Generating RTLIL representation for module `\_90_alu'.
Generating RTLIL representation for module `\_90_macc'.
Generating RTLIL representation for module `\_90_alumacc'.
Generating RTLIL representation for module `$__div_mod_u'.
Generating RTLIL representation for module `$__div_mod_trunc'.
Generating RTLIL representation for module `\_90_div'.
Generating RTLIL representation for module `\_90_mod'.
Generating RTLIL representation for module `$__div_mod_floor'.
Generating RTLIL representation for module `\_90_divfloor'.
Generating RTLIL representation for module `\_90_modfloor'.
Generating RTLIL representation for module `\_90_pow'.
Generating RTLIL representation for module `\_90_demux'.
Generating RTLIL representation for module `\_90_lut'.
Generating RTLIL representation for module `$connect'.
Generating RTLIL representation for module `$input_port'.
Successfully finished Verilog frontend.

2.39.12.2. Continuing TECHMAP pass.
No more expansions possible.
<suppressed ~254 debug messages>

2.39.13. Executing OPT pass (performing simple optimizations).

2.39.13.1. Executing OPT_EXPR pass (perform const folding).
Optimizing module experiment_frame_log.

2.39.13.2. Executing OPT_MERGE pass (detect identical cells).
Finding identical cells in module `\experiment_frame_log'.
Computing hashes of 0 cells of `\experiment_frame_log'.
Finding duplicate cells in `\experiment_frame_log'.
Removed a total of 0 cells.

2.39.13.3. Executing OPT_MUXTREE pass (detect dead branches in mux trees).
Running muxtree optimizer on module \experiment_frame_log..
  Creating internal representation of mux trees.
  No muxes found in this module.
Removed 0 multiplexer ports.

2.39.13.4. Executing OPT_REDUCE pass (consolidate $*mux and $reduce_* inputs).
  Optimizing cells in module \experiment_frame_log.
Performed a total of 0 changes.

2.39.13.5. Executing OPT_MERGE pass (detect identical cells).
Finding identical cells in module `\experiment_frame_log'.
Computing hashes of 0 cells of `\experiment_frame_log'.
Finding duplicate cells in `\experiment_frame_log'.
Removed a total of 0 cells.

2.39.13.6. Executing OPT_DFF pass (perform DFF optimizations).

2.39.13.7. Executing OPT_CLEAN pass (remove unused cells and wires).
Finding unused cells or wires in module \experiment_frame_log..

2.39.13.8. Executing OPT_EXPR pass (perform const folding).
Optimizing module experiment_frame_log.

2.39.13.9. Finished fast OPT passes. (There is nothing left to do.)

2.39.14. Executing AIGMAP pass (map logic to AIG).

2.39.15. Executing AIGMAP pass (map logic to AIG).
Module experiment_frame_log: replaced 9273 cells with 58714 new cells, skipped 7602 cells.
  replaced 4 cell types:
    6564 $_MUX_
      89 $_ORNOT_
    1947 $_OR_
     673 $_XOR_
  not replaced 9 cell types:
    2398 $_AND_
     490 $_NOT_
     541 IBUF
       1 DFFSE
    1036 DFFRE
      22 OBUF
       3 DPX9B
    1037 $paramod$__ABC9_DELAY\DELAY=32'00000000000000000000001001000000
    2074 $paramod$__ABC9_DELAY\DELAY=32'00000000000000000000000000111111

2.39.15.1. Executing ABC9_OPS pass (helper functions for ABC9).

2.39.15.2. Executing ABC9_OPS pass (helper functions for ABC9).

2.39.15.3. Executing XAIGER backend.
<suppressed ~1048 debug messages>
Extracted 26145 AND gates and 67244 wires from module `experiment_frame_log' to a netlist network with 2165 inputs and 3231 outputs.

2.39.15.4. Executing ABC9_EXE pass (technology mapping using ABC9).

2.39.15.5. Executing ABC9.
Running ABC command: "<yosys-exe-dir>/yosys-abc" -s -f <abc-temp-dir>/abc.script 2>&1
ABC: ======== ABC command line "source <abc-temp-dir>/abc.script"
ABC: + read_lut <abc-temp-dir>/input.lut 
ABC: + read_box <abc-temp-dir>/input.box 
ABC: + &read <abc-temp-dir>/input.xaig 
ABC: + &ps 
ABC: <abc-temp-dir>/input : i/o =   2165/   3231  and =   17379  lev =   73 (5.57)  mem = 0.38 MB  box = 3111  bb = 3111
ABC: + &scorr 
ABC: Warning: The network is combinational.
ABC: + &sweep 
ABC: + &dc2 
ABC: + &dch -f -r 
ABC: + &ps 
ABC: <abc-temp-dir>/input : i/o =   2165/   3231  and =   10148  lev =  112 (6.83)  mem = 0.29 MB  ch = 1237  box = 3111  bb = 3111
ABC: cst =       0  cls =   1102  lit =    1237  unused =   13085  proof =     0
ABC: + &if -W 500 -v 
ABC: K = 4. Memory (bytes): Truth =    0. Cut =   64. Obj =  144. Set =  672. CutMin = no
ABC: Node =   10148.  Ch =  1102.  Total mem =    3.32 MB. Peak cut mem =    0.26 MB.
ABC: P:  Del = 55378.00.  Ar =    2854.0.  Edge =    10103.  Cut =    63550.  T =     0.02 sec
ABC: P:  Del = 55378.00.  Ar =    2831.0.  Edge =    10206.  Cut =    61378.  T =     0.02 sec
ABC: P:  Del = 55378.00.  Ar =    2753.0.  Edge =     9292.  Cut =    65485.  T =     0.02 sec
ABC: F:  Del = 55378.00.  Ar =    2493.0.  Edge =     8598.  Cut =    64440.  T =     0.02 sec
ABC: A:  Del = 55378.00.  Ar =    2388.0.  Edge =     7935.  Cut =    65250.  T =     0.05 sec
ABC: A:  Del = 55378.00.  Ar =    2336.0.  Edge =     7867.  Cut =    65186.  T =     0.05 sec
ABC: Total time =     0.18 sec
ABC: + &write -n <abc-temp-dir>/output.aig 
ABC: + &mfs 
ABC: + &ps -l 
ABC: <abc-temp-dir>/input : i/o =   2165/   3231  and =    7981  lev =   98 (6.59)  mem = 0.27 MB  box = 3111  bb = 3111
ABC: Mapping (K=4)  :  lut =   2313  edge =    7764  lev =   38 (3.09)  levB =   39  mem = 0.12 MB
ABC: LUT = 2313 : 2=364 15.7 %  3=760 32.9 %  4=1189 51.4 %  Ave = 3.36
ABC: + &write -n <abc-temp-dir>/output.aig 
ABC: + &verify 
ABC: Networks are equivalent.  Time =     0.92 sec
ABC: + time 
ABC: elapse: 4.06 seconds, total: 4.06 seconds

2.39.15.6. Executing AIGER frontend.
<suppressed ~11 debug messages>
Removed 12273 unused cells and 23806 unused wires.

2.39.15.7. Executing ABC_OPS_REINTEGRATE pass (reintegrate ABC mapped design into module).
ABC RESULTS:              $lut cells:     2320
ABC RESULTS:           input signals:       65
ABC RESULTS:          output signals:     3139
<suppressed ~10792 debug messages>
Removing temp directory.

2.39.16. Executing TECHMAP pass (map to technology primitives).

2.39.16.1. Executing Verilog-2005 frontend: /Users/elliot/.local/opt/oss-cad-suite/libexec/../share/yosys/abc9_unmap.v
Parsing Verilog input from `/Users/elliot/.local/opt/oss-cad-suite/libexec/../share/yosys/abc9_unmap.v' to AST representation.
Generating RTLIL representation for module `$__DFF_x__$abc9_flop'.
Generating RTLIL representation for module `$__ABC9_SCC_BREAKER'.
Successfully finished Verilog frontend.

2.39.16.2. Continuing TECHMAP pass.
No more expansions possible.
<suppressed ~5 debug messages>
Removed 193 unused cells and 75491 unused wires.

2.40. Executing TECHMAP pass (map to technology primitives).

2.40.1. Executing Verilog-2005 frontend: /Users/elliot/.local/opt/oss-cad-suite/libexec/../share/yosys/gowin/cells_map.v
Parsing Verilog input from `/Users/elliot/.local/opt/oss-cad-suite/libexec/../share/yosys/gowin/cells_map.v' to AST representation.
Generating RTLIL representation for module `$_DFF_N_'.
Generating RTLIL representation for module `$_DFF_P_'.
Generating RTLIL representation for module `$_DFFE_PP_'.
Generating RTLIL representation for module `$_DFFE_NP_'.
Generating RTLIL representation for module `$_SDFF_PP0_'.
Generating RTLIL representation for module `$_SDFF_NP0_'.
Generating RTLIL representation for module `$_SDFFE_PP0P_'.
Generating RTLIL representation for module `$_SDFFE_NP0P_'.
Generating RTLIL representation for module `$_SDFF_PP1_'.
Generating RTLIL representation for module `$_SDFF_NP1_'.
Generating RTLIL representation for module `$_SDFFE_PP1P_'.
Generating RTLIL representation for module `$_SDFFE_NP1P_'.
Generating RTLIL representation for module `$_DFF_PP1_'.
Generating RTLIL representation for module `$_DFF_NP1_'.
Generating RTLIL representation for module `$_DFF_PP0_'.
Generating RTLIL representation for module `$_DFF_NP0_'.
Generating RTLIL representation for module `$_DFFE_PP1P_'.
Generating RTLIL representation for module `$_DFFE_NP1P_'.
Generating RTLIL representation for module `$_DFFE_PP0P_'.
Generating RTLIL representation for module `$_DFFE_NP0P_'.
Generating RTLIL representation for module `$lut'.
Successfully finished Verilog frontend.

2.40.2. Continuing TECHMAP pass.
Using template $paramod$lut\WIDTH=32'00000000000000000000000000000011\LUT=8'01101001 for cells of type $lut.
Using template $paramod$4282def8dbd6df3d1248ad282c629bee684502c2$lut for cells of type $lut.
Using template $paramod$lut\WIDTH=32'00000000000000000000000000000010\LUT=4'1001 for cells of type $lut.
Using template $paramod$lut\WIDTH=32'00000000000000000000000000000010\LUT=4'0110 for cells of type $lut.
Using template $paramod$lut\WIDTH=32'00000000000000000000000000000010\LUT=4'0010 for cells of type $lut.
Using template $paramod$lut\WIDTH=32'00000000000000000000000000000011\LUT=8'00101000 for cells of type $lut.
Using template $paramod$lut\WIDTH=32'00000000000000000000000000000010\LUT=4'1000 for cells of type $lut.
Using template $paramod$lut\WIDTH=32'00000000000000000000000000000010\LUT=4'0001 for cells of type $lut.
Using template $paramod$041aa1dcdd60d3c4ff6eb6326c9e544a0334c607$lut for cells of type $lut.
Using template $paramod$0b3dae0cf9ba4ff0f31b6a740f162807f52296cf$lut for cells of type $lut.
Using template $paramod$7b42ee40460c24015b6f7a9841dbd2579367da0f$lut for cells of type $lut.
Using template $paramod$lut\WIDTH=32'00000000000000000000000000000011\LUT=8'01011100 for cells of type $lut.
Using template $paramod$1b53a9695a0f80de7517b50863b438fd2b7f56da$lut for cells of type $lut.
Using template $paramod$30305e55a780880b9c824fe3509a4d981acb0f2b$lut for cells of type $lut.
Using template $paramod$571404c0889eaf57f492cb5e37f8acb5df5852f9$lut for cells of type $lut.
Using template $paramod$24ced899438e172604a424008974634c832673b7$lut for cells of type $lut.
Using template $paramod$lut\WIDTH=32'00000000000000000000000000000010\LUT=4'0100 for cells of type $lut.
Using template $paramod$658b9ed803f0d3d335616d3858b53e0a2522f1e8$lut for cells of type $lut.
Using template $paramod$lut\WIDTH=32'00000000000000000000000000000011\LUT=8'10000000 for cells of type $lut.
Using template $paramod$e51a8a571bee774247b38f52d6e85fd62ae52cea$lut for cells of type $lut.
Using template $paramod$e57bcb018bfe8170bc04f13a73befe2def28cdf3$lut for cells of type $lut.
Using template $paramod$lut\WIDTH=32'00000000000000000000000000000011\LUT=8'00000010 for cells of type $lut.
Using template $paramod$6b0849254d6c87461fb93e37cc18f089f61eb912$lut for cells of type $lut.
Using template $paramod$0de052767abdccc3aefc818722bdc3c7850d25d6$lut for cells of type $lut.
Using template $paramod$c5f3c57a6d466a2f42208bafb8985b96ce884440$lut for cells of type $lut.
Using template $paramod$82b4a585d1edcb5c6e755dc9bd3392228a1c1304$lut for cells of type $lut.
Using template $paramod$52953750219effadf43093a566baf492fdd6b6c8$lut for cells of type $lut.
Using template $paramod$lut\WIDTH=32'00000000000000000000000000000011\LUT=8'00000100 for cells of type $lut.
Using template $paramod$66658cbed86a8310f9b7ba1190d35eff90ee749b$lut for cells of type $lut.
Using template $paramod$a5516fc31d1e552de2435200bb732b4d4ad63a9c$lut for cells of type $lut.
Using template $paramod$lut\WIDTH=32'00000000000000000000000000000011\LUT=8'00001000 for cells of type $lut.
Using template $paramod$c217e185eb8e6463ca272982ba8c5940fa90d81f$lut for cells of type $lut.
Using template $paramod$35369ee2661bc6f22afa7fd33e082ebba93672ba$lut for cells of type $lut.
Using template $paramod$lut\WIDTH=32'00000000000000000000000000000010\LUT=4'1011 for cells of type $lut.
Using template $paramod$ce57c8604805f80ab07a0434d106bb987e82ae6c$lut for cells of type $lut.
Using template $paramod$11ec7271d8e6e5aeaace08c13e4c601f10e31038$lut for cells of type $lut.
Using template $paramod$1be3a10aca64bc8b3d140a9dcfb9bac7a6744be9$lut for cells of type $lut.
Using template $paramod$37c9af120c85145419565a9ccf4ceb7397fbbe92$lut for cells of type $lut.
Using template $paramod$849d013d096d73269ca4beb768f8e399745d37f2$lut for cells of type $lut.
Using template $paramod$ec37958480699d8ec4c44f21f7d809daea40b1a4$lut for cells of type $lut.
Using template $paramod$96fc790ea1a29edc883104621d804fc27b319b43$lut for cells of type $lut.
Using template $paramod$92766cdac81438edcf135ba36ac2accafbf1349b$lut for cells of type $lut.
Using template $paramod$d7f944af2b35df3f42510000c7ca890e7f478a75$lut for cells of type $lut.
Using template $paramod$2f927054f797a5706e69053a974d4b702d1f3194$lut for cells of type $lut.
Using template $paramod$01c90452d4d04d178ef3ca3be8d1ce3312f0b4d8$lut for cells of type $lut.
Using template $paramod$cd8975dc11fa0a0f43767c66f462c08cafafa82c$lut for cells of type $lut.
Using template $paramod$lut\WIDTH=32'00000000000000000000000000000011\LUT=8'10110010 for cells of type $lut.
Using template $paramod$2ed94d1dfad155e72d4a62c9181d5bf3f66bed65$lut for cells of type $lut.
Using template $paramod$286d6b18e782cb14d345c8422500571fedf77570$lut for cells of type $lut.
Using template $paramod$f43bf15400946f565ec15cd72d115c6878b68aca$lut for cells of type $lut.
Using template $paramod$a7defd4f918862a5b442f9ecbddab049665c36c4$lut for cells of type $lut.
Using template $paramod$lut\WIDTH=32'00000000000000000000000000000011\LUT=8'10010110 for cells of type $lut.
Using template $paramod$6e238df02989b317f10820a22773676e71120644$lut for cells of type $lut.
Using template $paramod$6d6beead1425af15cf78b27fd9b11b41b5d4bce8$lut for cells of type $lut.
Using template $paramod$lut\WIDTH=32'00000000000000000000000000000011\LUT=8'01001100 for cells of type $lut.
Using template $paramod$lut\WIDTH=32'00000000000000000000000000000011\LUT=8'11010100 for cells of type $lut.
Using template $paramod$lut\WIDTH=32'00000000000000000000000000000011\LUT=8'01001101 for cells of type $lut.
Using template $paramod$3fab8baa1c40642c6ce02de569e73c2b304e652c$lut for cells of type $lut.
Using template $paramod$2ebd9f87a0703976af6b989bfcc694db962140ee$lut for cells of type $lut.
Using template $paramod$lut\WIDTH=32'00000000000000000000000000000011\LUT=8'00001101 for cells of type $lut.
Using template $paramod$lut\WIDTH=32'00000000000000000000000000000011\LUT=8'00010000 for cells of type $lut.
Using template $paramod$lut\WIDTH=32'00000000000000000000000000000011\LUT=8'00100000 for cells of type $lut.
Using template $paramod$a23abd5573f0b1eda1acce323f6ae8f8e92a28a1$lut for cells of type $lut.
Using template $paramod$c5b694ec89d7629b942ccf6a9be1d39e24f8edec$lut for cells of type $lut.
Using template $paramod$7d35f3eb4056e6484203c99fe42cfcf1dfaba704$lut for cells of type $lut.
Using template $paramod$ba7c22fadfbf9ee7abcb895a21403114111dd201$lut for cells of type $lut.
Using template $paramod$fca001e3e0b52158a872e76e56c01ec10dfbb1de$lut for cells of type $lut.
Using template $paramod$1241d759e3df4cac11dc7c99c36b0d1b07f7a673$lut for cells of type $lut.
Using template $paramod$8d7a8d6e3356de09670738ba85f2c6b874f6b06d$lut for cells of type $lut.
Using template $paramod$b4d0f4738a5ce50c7f36c2aa2ecc09cfb874f2b6$lut for cells of type $lut.
Using template $paramod$lut\WIDTH=32'00000000000000000000000000000011\LUT=8'00000110 for cells of type $lut.
Using template $paramod$lut\WIDTH=32'00000000000000000000000000000011\LUT=8'10110000 for cells of type $lut.
Using template $paramod$272652f6c6fbe9a75eff76e45cc7e2788835518b$lut for cells of type $lut.
Using template $paramod$lut\WIDTH=32'00000000000000000000000000000011\LUT=8'00001001 for cells of type $lut.
Using template $paramod$4853050665c020c8d21fb1a749196950a09d9df8$lut for cells of type $lut.
Using template $paramod$19e5b38cca183d8b6b3a15d20dc995c09cd71893$lut for cells of type $lut.
Using template $paramod$f405ee362848dd1a47c58160f854302f6ecf95ff$lut for cells of type $lut.
Using template $paramod$faf5c2c9fdf17df0223c495a78075ff8c1240429$lut for cells of type $lut.
Using template $paramod$f29e032f258073bb3745250ba87f3492c18ae173$lut for cells of type $lut.
Using template $paramod$fba2e4f6f8ab1bc181fa350d2e7f12d4e9c80f0b$lut for cells of type $lut.
Using template $paramod$60df41bdd0251b7575680c03bcafbc4940dd7115$lut for cells of type $lut.
Using template $paramod$364c9ffbffac467d60dfec81bba4e18476c15602$lut for cells of type $lut.
Using template $paramod$5696a47bc454fd52a8f7de8c0dc67806adfe531a$lut for cells of type $lut.
Using template $paramod$4f32aeb0f34bfcaf9a20a9a4cf912254f20815fe$lut for cells of type $lut.
Using template $paramod$65d910cfbd7cd509e4ab703ce172894eed7d27ec$lut for cells of type $lut.
Using template $paramod$4834046533425f54583d6bd31e49deb63455e1a5$lut for cells of type $lut.
Using template $paramod$lut\WIDTH=32'00000000000000000000000000000011\LUT=8'00001011 for cells of type $lut.
Using template $paramod$79432275bae6ba3c8cd1f392a278d15c8c6d8c77$lut for cells of type $lut.
Using template $paramod$c97e738df958f490eb8461efe944668c310ecac5$lut for cells of type $lut.
Using template $paramod$8614da24b3846fe751594d00fba789cfcb7b874c$lut for cells of type $lut.
Using template $paramod$lut\WIDTH=32'00000000000000000000000000000011\LUT=8'00110001 for cells of type $lut.
Using template $paramod$6e31e154394022d60d3e439eb72df8a2ea9b871b$lut for cells of type $lut.
Using template $paramod$0392318cefd9d15f572622bd5a88290120220d9c$lut for cells of type $lut.
Using template $paramod$lut\WIDTH=32'00000000000000000000000000000011\LUT=8'11001000 for cells of type $lut.
Using template $paramod$ff74d3b36221c7c7b417c242545ab45c7d96a8ff$lut for cells of type $lut.
Using template $paramod$2e9c0bf0429591504aa195fb7d6791900bc2c103$lut for cells of type $lut.
Using template $paramod$517625bf4a7b846fd553901d881a35fcc8afe4c4$lut for cells of type $lut.
Using template $paramod$9aaf4b372e04ab3d0ad800f237c4b5bae7dadda8$lut for cells of type $lut.
Using template $paramod$lut\WIDTH=32'00000000000000000000000000000011\LUT=8'01110010 for cells of type $lut.
Using template $paramod$0ba7af985ab6722cb3547ad68305a7e9455a49a5$lut for cells of type $lut.
Using template $paramod$c6458c4a02ccc8141565827868954e03fd3748cc$lut for cells of type $lut.
Using template $paramod$afb8959a93937986ded51b1cddcab9e31c6ea2ed$lut for cells of type $lut.
Using template $paramod$f4c640ab60ad160388bbc71b56173ddf9879f8c4$lut for cells of type $lut.
Using template $paramod$47a8214374025465e226fa66bee690ff33268a25$lut for cells of type $lut.
Using template $paramod$b8c12e9f20286ec99dd92b2fd58c920f7e7cec0f$lut for cells of type $lut.
Using template $paramod$lut\WIDTH=32'00000000000000000000000000000011\LUT=8'01100000 for cells of type $lut.
Using template $paramod$89f931611b66d827751f4a175a88569d5ab95376$lut for cells of type $lut.
Using template $paramod$9e1755e3954600257bb9b9ab192e2c0243b0f35a$lut for cells of type $lut.
Using template $paramod$4fb097c46f1981f1ecabb8e70546de22f98a7599$lut for cells of type $lut.
Using template $paramod$8702d826849a5d8af6dd5fde2d287a6443f7d076$lut for cells of type $lut.
Using template $paramod$066c8b79539c6cc144c5af6a60f411ebf4e1a8d9$lut for cells of type $lut.
Using template $paramod$9c7a967a5dd69d8b7070c7493295b0c7b420660f$lut for cells of type $lut.
Using template $paramod$04267eca9a1305561f0ee8fd48e41678851fb56b$lut for cells of type $lut.
Using template $paramod$66b5016d49b8000f3491cb9fb88ac46073e4f723$lut for cells of type $lut.
Using template $paramod$a8372e175876cbb66e220516f0b094622c6ad591$lut for cells of type $lut.
Using template $paramod$4fb542dafaef532c8214deaf90e436d4d9f5a7e3$lut for cells of type $lut.
Using template $paramod$f161aaaec63d3025347c7c44cd22424e8361a264$lut for cells of type $lut.
Using template $paramod$lut\WIDTH=32'00000000000000000000000000000011\LUT=8'10101000 for cells of type $lut.
Using template $paramod$25a66df1c899a239d27a330744228a9a7a119528$lut for cells of type $lut.
Using template $paramod$lut\WIDTH=32'00000000000000000000000000000011\LUT=8'10110100 for cells of type $lut.
Using template $paramod$c28a8b7ce0535d090c4cfb52e9c74affd52b110c$lut for cells of type $lut.
Using template $paramod$671431332e08a4736e0ae1fd51c7d67891ddaf60$lut for cells of type $lut.
Using template $paramod$lut\WIDTH=32'00000000000000000000000000000011\LUT=8'01000000 for cells of type $lut.
Using template $paramod$6c51c1ba6c39f0c09b896d52432b366f116bd3c1$lut for cells of type $lut.
Using template $paramod$lut\WIDTH=32'00000000000000000000000000000011\LUT=8'00010011 for cells of type $lut.
Using template $paramod$b6eecf849c5a98bf00510bf3f29853ad41a7af03$lut for cells of type $lut.
Using template $paramod$lut\WIDTH=32'00000000000000000000000000000011\LUT=8'01101110 for cells of type $lut.
Using template $paramod$ebf441c3cd10357b2cd1dd190830adbf8e408104$lut for cells of type $lut.
Using template $paramod$1114d560ed98e9182fe073c9893577168d869f6b$lut for cells of type $lut.
Using template $paramod$lut\WIDTH=32'00000000000000000000000000000011\LUT=8'01110000 for cells of type $lut.
Using template $paramod$4133fe00eb18442862a284ccc67a95f8194d041c$lut for cells of type $lut.
Using template $paramod$cd6c4b4da6d8737b72fd2dc8f5d83d8967445809$lut for cells of type $lut.
Using template $paramod$0717022de3178f1feaa6b3c552945445c686a8bb$lut for cells of type $lut.
Using template $paramod$668297d993c890b0d9927f2698cd4fde1ac9009c$lut for cells of type $lut.
Using template $paramod$lut\WIDTH=32'00000000000000000000000000000011\LUT=8'00101011 for cells of type $lut.
Using template $paramod$da0bd4497fb93e498d26d00a194b2edd2fee49f3$lut for cells of type $lut.
Using template $paramod$b009a0fae8aa5fc053a3b4418ccbf60a5eb404de$lut for cells of type $lut.
Using template $paramod$27f92e7a58c747968161a2252bb2adc6ac4d8fa4$lut for cells of type $lut.
Using template $paramod$f857bdfd499f2d260fec7676092360e160d92149$lut for cells of type $lut.
Using template $paramod$384ca820697864e5f2b9b7570e4569b99724b771$lut for cells of type $lut.
Using template $paramod$85b779ce5ab505dbf25e5e046fb43ca2b76b878b$lut for cells of type $lut.
Using template $paramod$lut\WIDTH=32'00000000000000000000000000000010\LUT=4'1110 for cells of type $lut.
Using template $paramod$30fa2c74d6b51a9c985df92e1def0601e9f9ec66$lut for cells of type $lut.
Using template $paramod$911e8bddf80c393772dc8439bb3da5e408723ef2$lut for cells of type $lut.
Using template $paramod$ad823946862e656cf7f96d606b18b8f972dc6d6c$lut for cells of type $lut.
Using template $paramod$df196ed0a1da5c4a58c5e08a1dac304fd3fccaab$lut for cells of type $lut.
Using template $paramod$ff018f8118c9d0c954d62f1fec3ad144d393db1f$lut for cells of type $lut.
Using template $paramod$5829f5d2a4c5757263ee6385c6142d3c7cf9e5be$lut for cells of type $lut.
Using template $paramod$b2077130d89736f5191d0d24f7f6ffd3bddb0a2d$lut for cells of type $lut.
Using template $paramod$69f20e0703606f2ffd2ee27cd26f815bd5eeb6e9$lut for cells of type $lut.
Using template $paramod$8cb076bfea770182ba7c4af8605d73ad565be16b$lut for cells of type $lut.
Using template $paramod$5badc8ca96de1b551f459a4d2ca5dede8edf58ca$lut for cells of type $lut.
Using template $paramod$323dbb47a6d14615772fecb6fe7c4bec277e6c6b$lut for cells of type $lut.
Using template $paramod$lut\WIDTH=32'00000000000000000000000000000011\LUT=8'10001110 for cells of type $lut.
Using template $paramod$4adb41216162ad4c68ce9ea5c48385c753262ac3$lut for cells of type $lut.
Using template $paramod$fd904e9e35cfd343a9df248824bd3f1408724879$lut for cells of type $lut.
Using template $paramod$lut\WIDTH=32'00000000000000000000000000000011\LUT=8'11101000 for cells of type $lut.
Using template $paramod$b26fbfdb68e98cf016d61a8611b449e9f4a30f3c$lut for cells of type $lut.
Using template $paramod$fbed19fb84ee7c8a884778d28a96daea96245184$lut for cells of type $lut.
Using template $paramod$lut\WIDTH=32'00000000000000000000000000000011\LUT=8'01110001 for cells of type $lut.
Using template $paramod$9916cc51bf12f190168610dd1c58d28ca4d9de1c$lut for cells of type $lut.
Using template $paramod$6be53ab59e0a69757fc32adb071ddcb64e8c87b6$lut for cells of type $lut.
Using template $paramod$abdfe362b820bff93cdae6634bf4b8cc07f658ef$lut for cells of type $lut.
Using template $paramod$cb92beff9eab733e7181d891fbc8c3950b9abc0a$lut for cells of type $lut.
Using template $paramod$dcfc23e7d6bcd26b82233688fdfbe92480ddfdcf$lut for cells of type $lut.
Using template $paramod$589a3f982da79fa8946e49d2903c90d62ebf1752$lut for cells of type $lut.
Using template $paramod$cd32cfde602a94b80aa21c2c24adfaee74ee23f3$lut for cells of type $lut.
Using template $paramod$c103e61fa97cfdb02781a884049de4a90be6dcfe$lut for cells of type $lut.
Using template $paramod$dc49096963428cfbc07739b6a212e07ad5030b62$lut for cells of type $lut.
Using template $paramod$lut\WIDTH=32'00000000000000000000000000000011\LUT=8'10010101 for cells of type $lut.
Using template $paramod$c13d7a6f284c43367c58103ea3f1adfc868fcb0d$lut for cells of type $lut.
Using template $paramod$6c15da6150ce36eeff7fb8c09f7ef22f5448d679$lut for cells of type $lut.
Using template $paramod$9c1670359a2ba245562201086b4b298e0f6af6de$lut for cells of type $lut.
Using template $paramod$lut\WIDTH=32'00000000000000000000000000000011\LUT=8'01100011 for cells of type $lut.
Using template $paramod$lut\WIDTH=32'00000000000000000000000000000011\LUT=8'01010110 for cells of type $lut.
Using template $paramod$lut\WIDTH=32'00000000000000000000000000000011\LUT=8'10000010 for cells of type $lut.
Using template $paramod$lut\WIDTH=32'00000000000000000000000000000011\LUT=8'00010100 for cells of type $lut.
Using template $paramod$41326ad8644342a66dfb051d050f2b6fbf15015b$lut for cells of type $lut.
Using template $paramod$lut\WIDTH=32'00000000000000000000000000000011\LUT=8'10010000 for cells of type $lut.
Using template $paramod$46a40d1505df104922d5fcce55edb8e8ea24c26a$lut for cells of type $lut.
Using template $paramod$c9994e2a733aa21e4bfe57075af37a9c5257c791$lut for cells of type $lut.
Using template $paramod$9583ab40db57ba76ead4c869be5b61dc3f252411$lut for cells of type $lut.
Using template $paramod$94e8d2a4d6fd5b672124fee293dd5ac51669ca89$lut for cells of type $lut.
Using template $paramod$lut\WIDTH=32'00000000000000000000000000000011\LUT=8'11101001 for cells of type $lut.
Using template $paramod$8512f4fb47fa9596f76cdbe5b407a5b54df368e7$lut for cells of type $lut.
Using template $paramod$f9813472aa48e533b3838c6f2316dc2e78c66111$lut for cells of type $lut.
Using template $paramod$c600b4b1adc22857e1c1ba3b6aeb516fabe09da0$lut for cells of type $lut.
Using template $paramod$1ff2cfd851d3875b1f119ae5392dc5cb29cc491a$lut for cells of type $lut.
Using template $paramod$c627e7fc36fd5f8fca16a74816d11be60e4b9470$lut for cells of type $lut.
Using template $paramod$1aa890db73e05db53ccb0cc33ba9f1a6be83a5f9$lut for cells of type $lut.
Using template $paramod$lut\WIDTH=32'00000000000000000000000000000011\LUT=8'00000001 for cells of type $lut.
Using template $paramod$lut\WIDTH=32'00000000000000000000000000000011\LUT=8'10101001 for cells of type $lut.
Using template $paramod$578af87c6f6541596e87cee3013de254bce80eef$lut for cells of type $lut.
Using template $paramod$5ddfd1ea4f5227b248c326983159684afd6d7d86$lut for cells of type $lut.
Using template $paramod$ec731ba0b03f9a8c2f9a148aad53e934d7e8d215$lut for cells of type $lut.
Using template $paramod$e5759512db67494ff77fbdfc66dff4006376568f$lut for cells of type $lut.
Using template $paramod$00370e1cd7d3404539a1931e052556c5edf61b9a$lut for cells of type $lut.
Using template $paramod$lut\WIDTH=32'00000000000000000000000000000011\LUT=8'01000001 for cells of type $lut.
Using template $paramod$9a509867dd686d83fbc2b8f52c9463381a3df8cf$lut for cells of type $lut.
Using template $paramod$60e4e011fe8c17f168d8d707a87aa073aa9dba09$lut for cells of type $lut.
Using template $paramod$2252638bfb676b5224f8728ad5e6729b3364fc76$lut for cells of type $lut.
Using template $paramod$lut\WIDTH=32'00000000000000000000000000000011\LUT=8'00110101 for cells of type $lut.
Using template $paramod$48ed08ac863093cb81be5bfb1a860b60659d37e0$lut for cells of type $lut.
Using template $paramod$2ea69c779d6c1b79ac5a87b0d1523c67d5628dba$lut for cells of type $lut.
Using template $paramod$fdcae86fcfd036c1880a04306ae771a9d7579c31$lut for cells of type $lut.
Using template $paramod$lut\WIDTH=32'00000000000000000000000000000011\LUT=8'11100000 for cells of type $lut.
Using template $paramod$lut\WIDTH=32'00000000000000000000000000000011\LUT=8'00000111 for cells of type $lut.
Using template $paramod$bba54c1ef87367812b4c15f4aed5ac70773df775$lut for cells of type $lut.
Using template $paramod$8d9053ccebb944d7c1e277e211f2781f04c14904$lut for cells of type $lut.
Using template $paramod$179512a187da069f3b79ef6612a41e494e7d54b6$lut for cells of type $lut.
Using template $paramod$037be5c00d8a02858cdb1ab049b58a0133287ff1$lut for cells of type $lut.
Using template $paramod$4b9b91f332596bdae451efb1c22513ed9fb3e27c$lut for cells of type $lut.
Using template $paramod$873c285bdccf0ac2b60d2304ea5cd14bf211d2a6$lut for cells of type $lut.
Using template $paramod$c1a19a87ccbbb03d43a72335db63f692ddf82cc1$lut for cells of type $lut.
Using template $paramod$ea79e410ad0f4fc3326666c891e1f3992816d636$lut for cells of type $lut.
Using template $paramod$b2192df6f90569fea4015d0a6658bdc192199f95$lut for cells of type $lut.
Using template $paramod$9a6965d4f53d69e345bd8d48283856520a30225e$lut for cells of type $lut.
Using template $paramod$baa939b0bd5b3e0c8760492528669bd58f640542$lut for cells of type $lut.
Using template $paramod$e5e9da8fed769f971686eed8c5eea50e61f73aaa$lut for cells of type $lut.
Using template $paramod$lut\WIDTH=32'00000000000000000000000000000011\LUT=8'10001100 for cells of type $lut.
Using template $paramod$a197ef6f3b51d411ae3e5b42b5d77a606c4fb11a$lut for cells of type $lut.
Using template $paramod$338ce46cf7ff44b9974887dd2adee6c4e0530bed$lut for cells of type $lut.
Using template $paramod$94ac66a11090dca84889e55fcf03297912a5b7ec$lut for cells of type $lut.
Using template $paramod$lut\WIDTH=32'00000000000000000000000000000011\LUT=8'00100011 for cells of type $lut.
Using template $paramod$b61592988ab1e135761653be3cf83c6aa216aa9a$lut for cells of type $lut.
Using template $paramod$6375ab94b303a3f3c8d7ca6946328cb3c0b443a7$lut for cells of type $lut.
Using template $paramod$7e8d331d1e06632d29fbdf6c3afc2de1856d3c67$lut for cells of type $lut.
Using template $paramod$b287726797d0722f64e731f1134f7c05af8f1578$lut for cells of type $lut.
Using template $paramod$47d363ae7b1a0e81207e02fe31af85b6bf36a2ac$lut for cells of type $lut.
Using template $paramod$990b9781cfe6d5b6aa2d7ece352f761f63aeb93e$lut for cells of type $lut.
Using template $paramod$703a13a751e631ef123f38f7d2125aeabec0f94c$lut for cells of type $lut.
Using template $paramod$58df2c605746858c7e53492c8f57d6f1fafa12d2$lut for cells of type $lut.
Using template $paramod$12879138d1e376f344e47ea40be66b776233be75$lut for cells of type $lut.
Using template $paramod$lut\WIDTH=32'00000000000000000000000000000011\LUT=8'01110100 for cells of type $lut.
Using template $paramod$e49f6e3576ef1a6d2f58c54414dbb786af8cc869$lut for cells of type $lut.
Using template $paramod$b45e5cb971154e30a797eecb0461619c3eeae12d$lut for cells of type $lut.
Using template $paramod$9c65fdfac74256c2eb67dd209b598e25d1f0a099$lut for cells of type $lut.
Using template $paramod$74190755306950a81a07803293f7549508f6f157$lut for cells of type $lut.
Using template $paramod$238ce1c123ccd5620a61157a2c5350ee6fc4d4ff$lut for cells of type $lut.
Using template $paramod$e1e279874cd3ba0fcde0e86300bfc14cc6df3ee6$lut for cells of type $lut.
Using template $paramod$097592bb16245531f0716c5ddb18d7090f9c7d9d$lut for cells of type $lut.
Using template $paramod$lut\WIDTH=32'00000000000000000000000000000011\LUT=8'00101010 for cells of type $lut.
Using template $paramod$5e9374f44a27c3f8a1c38af244ec43ceb4fb8d4f$lut for cells of type $lut.
Using template $paramod$c8f16510db975553c8b0be1064e8f5234175f8a8$lut for cells of type $lut.
Using template $paramod$619b7c9a4d44585e10b42f7fb79b16304cca97c5$lut for cells of type $lut.
Using template $paramod$lut\WIDTH=32'00000000000000000000000000000011\LUT=8'01101010 for cells of type $lut.
Using template $paramod$800ad51c173ef1531dc8c2197ac409be85e8cb0a$lut for cells of type $lut.
Using template $paramod$10b7b810a6a6f18bc62789393bbe16e6a166c87b$lut for cells of type $lut.
Using template $paramod$26b4187bc2a8f813ac73878d439d78ebfbaa3769$lut for cells of type $lut.
Using template $paramod$lut\WIDTH=32'00000000000000000000000000000011\LUT=8'11111110 for cells of type $lut.
Using template $paramod$359fe4e746656bf9c72aecaff84fc7bdea9f55a5$lut for cells of type $lut.
Using template $paramod$lut\WIDTH=32'00000000000000000000000000000011\LUT=8'00011101 for cells of type $lut.
Using template $paramod$4976b5f7a7b9f6e596e742c7d9dd919d8c62448f$lut for cells of type $lut.
Using template $paramod$b1128151ad1a1d3b0b61e932075d017c41a15255$lut for cells of type $lut.
Using template $paramod$e85b6eba0dacefc5f73f8748159b8b9599212afc$lut for cells of type $lut.
Using template $paramod$6a85ea31e7c8b0d2eb955ab669a63b0500fb7482$lut for cells of type $lut.
Using template $paramod$498daa9936ffa1c0b12d774cacc95a35d14b818e$lut for cells of type $lut.
Using template $paramod$4888f2121a1fba4d507203534ae54782bc81e02e$lut for cells of type $lut.
Using template $paramod$f3e1547c4b47e64c590e75cf09078b2507c8cc75$lut for cells of type $lut.
Using template $paramod$c11eeba0072ab4e115bc29f020a28df5b304b8b9$lut for cells of type $lut.
Using template $paramod$9e45b1a8f5d89c07bcbb75a2bb1c598231b04feb$lut for cells of type $lut.
Using template $paramod$406ccfec1588b900f2f68fd2db90e0395512e7dc$lut for cells of type $lut.
Using template $paramod$b4410865e8124402796f9dfbf73ef8d279fdbd08$lut for cells of type $lut.
Using template $paramod$lut\WIDTH=32'00000000000000000000000000000011\LUT=8'10101101 for cells of type $lut.
Using template $paramod$lut\WIDTH=32'00000000000000000000000000000011\LUT=8'11100010 for cells of type $lut.
Using template $paramod$6b7c9c56fc2a32a479d463d5f3b0d3f4673b67f1$lut for cells of type $lut.
Using template $paramod$a1cfe99817bd6d57a83efd5e1c3fc26a743b692f$lut for cells of type $lut.
Using template $paramod$4c9a5298b405856ce2aab0b79b714e91893693fe$lut for cells of type $lut.
Using template $paramod$lut\WIDTH=32'00000000000000000000000000000011\LUT=8'10000100 for cells of type $lut.
Using template $paramod$c4c148354f86d2131dbfed31e2e01cbbb5aefda7$lut for cells of type $lut.
Using template $paramod$f8f63b209b7230e81958663ff24fef1613156af7$lut for cells of type $lut.
Using template $paramod$f05ffa15979baa83e94246f846f0891d755192a2$lut for cells of type $lut.
Using template $paramod$lut\WIDTH=32'00000000000000000000000000000011\LUT=8'11101010 for cells of type $lut.
Using template $paramod$lut\WIDTH=32'00000000000000000000000000000011\LUT=8'00010111 for cells of type $lut.
Using template $paramod$88e7d7e2025d8ea17ed81362ddfc960bdb390881$lut for cells of type $lut.
Using template $paramod$3424fabeece44d50dc08b094e0e18cdd1ab2e035$lut for cells of type $lut.
Using template $paramod$lut\WIDTH=32'00000000000000000000000000000011\LUT=8'00101110 for cells of type $lut.
Using template $paramod$6e98fea82e288eb70fa7833e8442d9b57c9d67e7$lut for cells of type $lut.
Using template $paramod$lut\WIDTH=32'00000000000000000000000000000011\LUT=8'11110010 for cells of type $lut.
Using template $paramod$310dc7912bb5756ab08137f6868c0abbecf66466$lut for cells of type $lut.
Using template $paramod$lut\WIDTH=32'00000000000000000000000000000011\LUT=8'01101100 for cells of type $lut.
Using template $paramod$lut\WIDTH=32'00000000000000000000000000000011\LUT=8'11011011 for cells of type $lut.
Using template $paramod$lut\WIDTH=32'00000000000000000000000000000011\LUT=8'11111011 for cells of type $lut.
Using template $paramod$608f40069c27841a5b3bdf03643a34bdc8974072$lut for cells of type $lut.
Using template $paramod$daac9b1e7bb2ac018f7132a3fbe0026ddd7b1a71$lut for cells of type $lut.
Using template $paramod$4fd3428c4b8b1accf8f8fb4bb88555a2b5fa688d$lut for cells of type $lut.
Using template $paramod$lut\WIDTH=32'00000000000000000000000000000011\LUT=8'10001111 for cells of type $lut.
Using template $paramod$18df3812bc12364e5ebcb6c3ed05c0294e4c26fc$lut for cells of type $lut.
Using template $paramod$d7856980c8e3df62f97c26ab34037f33a9e831b5$lut for cells of type $lut.
Using template $paramod$66cfa457f3bf0a90e11a4f3cf9336b993db8c18a$lut for cells of type $lut.
Using template $paramod$lut\WIDTH=32'00000000000000000000000000000001\LUT=2'01 for cells of type $lut.
Using template $paramod$lut\WIDTH=32'00000000000000000000000000000011\LUT=8'00110010 for cells of type $lut.
Using template $paramod$lut\WIDTH=32'00000000000000000000000000000011\LUT=8'00111010 for cells of type $lut.
Using template $paramod$lut\WIDTH=32'00000000000000000000000000000011\LUT=8'11011000 for cells of type $lut.
Using template $paramod$lut\WIDTH=32'00000000000000000000000000000011\LUT=8'11001010 for cells of type $lut.
Using template $paramod$lut\WIDTH=32'00000000000000000000000000000011\LUT=8'10101100 for cells of type $lut.
Using template $paramod$f9e708165edb4b3bfbacbb5e91e59cd33ec05724$lut for cells of type $lut.
Using template $paramod$eec22efc31481e6a2706a92743e67f4f90bad45a$lut for cells of type $lut.
Using template $paramod$lut\WIDTH=32'00000000000000000000000000000011\LUT=8'01010011 for cells of type $lut.
Using template $paramod$4b9b235bc4444ff899bef0c648e4109b26737f1a$lut for cells of type $lut.
Using template $paramod$8384e66d408d22ab39dfb451efb7879731befeb8$lut for cells of type $lut.
Using template $paramod$515ef3a9b5e42bd5d7533bdf444ebd44fa8b3ff0$lut for cells of type $lut.
Using template $paramod$e6a488add0b5a2d742e2ae29f62ce7616e04271d$lut for cells of type $lut.
Using template $paramod$16894c241be5ea1f024e9339dea788b4dbe184ae$lut for cells of type $lut.
Using template $paramod$9d65a3530a0c54a9611b149a2a5bd69c99184f7d$lut for cells of type $lut.
Using template $paramod$61c387311e0b7b1481f282cf3d339bc22e86cf60$lut for cells of type $lut.
Using template $paramod$325e90edf97670f9dea57833ae1f51a5e8bcddea$lut for cells of type $lut.
Using template $paramod$ba7f31f246a278c41fa0648a6e0512f63185dec0$lut for cells of type $lut.
Using template $paramod$2955ab75367a3dc9d6f50d3655eebcd4f615031f$lut for cells of type $lut.
Using template $paramod$lut\WIDTH=32'00000000000000000000000000000011\LUT=8'00011011 for cells of type $lut.
Using template $paramod$5183b4454493323aca6310872659274580528fcf$lut for cells of type $lut.
Using template $paramod$d5c7dda3e544463bf43ed73dadb51262f5dcf2fe$lut for cells of type $lut.
Using template $paramod$b1680225cc6a5792caa95f54b8b3218fae21705d$lut for cells of type $lut.
Using template $paramod$5c9071a0bf37c85ca961861ffdee39b7243f0648$lut for cells of type $lut.
Using template $paramod$33631921643a1280a00dcca5a3c4780e3104a3a3$lut for cells of type $lut.
Using template $paramod$31f0a66a4b242b524303bfb4ac95c05ad74158f8$lut for cells of type $lut.
Using template $paramod$b9d8b7e91a2c68da033af948ea0bd8bdebbaf6b2$lut for cells of type $lut.
Using template $paramod$9e394303e290a474880b56f98766417009256d93$lut for cells of type $lut.
Using template $paramod$lut\WIDTH=32'00000000000000000000000000000011\LUT=8'10111000 for cells of type $lut.
Using template $paramod$lut\WIDTH=32'00000000000000000000000000000011\LUT=8'10001101 for cells of type $lut.
Using template $paramod$da2f95476331ffa2143f8212db8aff730de806a0$lut for cells of type $lut.
Using template $paramod$5c7d886f3b88971ac55fed4bca034a87bf180f7d$lut for cells of type $lut.
Using template $paramod$lut\WIDTH=32'00000000000000000000000000000011\LUT=8'11010000 for cells of type $lut.
Using template $paramod$020891e1d0ac33328f282166d4b3613860c709b5$lut for cells of type $lut.
Using template $paramod$c1fb529d4c7062138a3eb24bdd225005a2bb75d8$lut for cells of type $lut.
Using template $paramod$fcce5d284ca65bea69b62c5c7687dae6f5215d2f$lut for cells of type $lut.
Using template $paramod$5f9d8597a69a2a9b5e5f3deee041f8c236d41220$lut for cells of type $lut.
Using template $paramod$82a00bf0f959a345aaec45c197de61b70ee9c703$lut for cells of type $lut.
Using template $paramod$23da582b86241546eace0c8bedadb42614eea4c1$lut for cells of type $lut.
Using template $paramod$5a621b016c894274d07edef48c49b401a15fd796$lut for cells of type $lut.
Using template $paramod$3702268f692b8bf258e428f65d3bca4e1f76d98b$lut for cells of type $lut.
Using template $paramod$9cf83e29ae1c8f8c5630302af14d44e670567a7f$lut for cells of type $lut.
Using template $paramod$8cc3490ab42a63312b8ab36121eb7c9227093866$lut for cells of type $lut.
Using template $paramod$902ed43dcaa6101b2d051ad26600288d910a8996$lut for cells of type $lut.
Using template $paramod$lut\WIDTH=32'00000000000000000000000000000011\LUT=8'11100100 for cells of type $lut.
Using template $paramod$be48d952fcad8a16b8d84daa4c48a3065f343e5e$lut for cells of type $lut.
Using template $paramod$7c1f6afe503c0a9d86df3082e3bb8088dcf2d22b$lut for cells of type $lut.
Using template $paramod$lut\WIDTH=32'00000000000000000000000000000011\LUT=8'00001110 for cells of type $lut.
Using template $paramod$5efbc789e8effa64fa44be8eedb807b89ec95787$lut for cells of type $lut.
Using template $paramod$82ac4228e04c92c7b8c133bfa256dd480e0cef1d$lut for cells of type $lut.
Using template $paramod$52acd744af558b1acd7f06b0e1d721506b042b9b$lut for cells of type $lut.
Using template $paramod$df2642f05f5a74776850200bc94ea206bfacf03d$lut for cells of type $lut.
Using template $paramod$cb32832b462590ba6b4bda2fe4ab0e2da1abc198$lut for cells of type $lut.
Using template $paramod$0042c16071728068d63cebc712cf75f9f9544f9b$lut for cells of type $lut.
Using template $paramod$6cb6cfc5f937bb5d613c8e54e0a837ccad8e6f3d$lut for cells of type $lut.
Using template $paramod$94c825e41f37d46cf7c2d350574cf8c68e7acb65$lut for cells of type $lut.
Using template $paramod$9874d41a6d078d6fd13f927119794935a4fde51f$lut for cells of type $lut.
Using template $paramod$0ca7aafd7432b4e10e23ee8f2ff5490a652bc833$lut for cells of type $lut.
Using template $paramod$583294f05aaec818beb341e1ee966bc090a0a81c$lut for cells of type $lut.
No more expansions possible.
<suppressed ~6883 debug messages>

2.41. Executing OPT_LUT_INS pass (discard unused LUT inputs).
Optimizing LUTs in experiment_frame_log.

2.42. Executing HILOMAP pass (mapping to constant drivers).
Removed 0 unused cells and 5513 unused wires.

2.43. Executing AUTONAME pass.
Renamed 5777 objects in module experiment_frame_log.
<suppressed ~5777 debug messages>

2.44. Executing HIERARCHY pass (managing design hierarchy).
Attribute `top' found on module `experiment_frame_log'. Setting top module to experiment_frame_log.

2.44.1. Analyzing design hierarchy..
Top module:  \experiment_frame_log

2.44.2. Analyzing design hierarchy..
Top module:  \experiment_frame_log
Removed 0 unused modules.

2.45. Printing statistics.

=== experiment_frame_log ===

        +----------Local Count, excluding submodules.
        | 
     1910 wires
     7079 wire bits
     1910 public wires
     7079 public wire bits
       17 ports
      563 port bits
     2891 cells
        3   DPX9B
        1   GND
      541   IBUF
        7   LUT1
      366   LUT2
      760   LUT3
     1190   LUT4
       22   OBUF
        1   VCC
     1037 submodules
     1036   DFFRE
        1   DFFSE

=== design hierarchy ===

        +----------Count including submodules.
        | 
     2891 experiment_frame_log

        +----------Count including submodules.
        | 
     1910 wires
     7079 wire bits
     1910 public wires
     7079 public wire bits
       17 ports
      563 port bits
        - memories
        - memory bits
        - processes
     2891 cells
        3   DPX9B
        1   GND
      541   IBUF
        7   LUT1
      366   LUT2
      760   LUT3
     1190   LUT4
       22   OBUF
        1   VCC
     1037 submodules
     1036   DFFRE
        1   DFFSE

2.46. Executing CHECK pass (checking for obvious problems).
Checking module experiment_frame_log...
Found and reported 0 problems.

3. Executing CHECK pass (checking for obvious problems).
Checking module experiment_frame_log...
Found and reported 0 problems.

4. Printing statistics.

=== experiment_frame_log ===

        +----------Local Count, excluding submodules.
        | 
     1910 wires
     7079 wire bits
     1910 public wires
     7079 public wire bits
       17 ports
      563 port bits
     3928 cells
     1036   DFFRE
        1   DFFSE
        3   DPX9B
        1   GND
      541   IBUF
        7   LUT1
      366   LUT2
      760   LUT3
     1190   LUT4
       22   OBUF
        1   VCC

End of script. Logfile hash: 099e880477, time: 15.52s, user: 11.67s, system: 1.23s, MEM: 488.75 MB peak
Yosys 0.68+40 (git sha1 0f2bcb94b-dirty, Release, Clang /usr/local/osxcross/target/bin/x86_64-apple-darwin25.5-clang++ 21.1.8)
Time spent: 24% 1x abc9_exe (4 sec), 18% 70x opt_expr (3 sec), ...
