iverilog -g2005 -s experiment_event_packet_tb -o impl/experiment_event_packet_tb.vvp tb/experiment_event_packet_tb.v src/experiment_event_packet.v
vvp impl/experiment_event_packet_tb.vvp
PASS event serializer: 3 groups; 59 complete-run packets, 64-bit clocks, signed audits, error widths, stable backpressure and invalid-record rejection
tb/experiment_event_packet_tb.v:85: $finish called at 36650000 (1ps)
yosys -Q -p "read_verilog src/experiment_event_packet.v; synth_gowin -nodsp -nolutram -top experiment_event_packet -json impl/experiment_event_packet.json; stat"

-- Running command `read_verilog src/experiment_event_packet.v; synth_gowin -nodsp -nolutram -top experiment_event_packet -json impl/experiment_event_packet.json; stat' --

1. Executing Verilog-2005 frontend: src/experiment_event_packet.v
Parsing Verilog input from `src/experiment_event_packet.v' to AST representation.
Generating RTLIL representation for module `\experiment_event_packet'.
Successfully finished Verilog frontend.

2. Executing SYNTH_GOWIN pass.

2.1. Executing Verilog-2005 frontend: /Users/elliot/.local/opt/oss-cad-suite/libexec/../share/yosys/gowin/cells_sim.v
Parsing Verilog input from `/Users/elliot/.local/opt/oss-cad-suite/libexec/../share/yosys/gowin/cells_sim.v' to AST representation.
Generating RTLIL representation for module `\LUT1'.
Generating RTLIL representation for module `\LUT2'.
Generating RTLIL representation for module `\LUT3'.
Generating RTLIL representation for module `\LUT4'.
Generating RTLIL representation for module `\__APICULA_LUT5'.
Generating RTLIL representation for module `\__APICULA_LUT6'.
Generating RTLIL representation for module `\__APICULA_LUT7'.
Generating RTLIL representation for module `\__APICULA_LUT8'.
Generating RTLIL representation for module `\MUX2'.
Generating RTLIL representation for module `\MUX2_LUT5'.
Generating RTLIL representation for module `\MUX2_LUT6'.
Generating RTLIL representation for module `\MUX2_LUT7'.
Generating RTLIL representation for module `\MUX2_LUT8'.
Generating RTLIL representation for module `\DFF'.
Generating RTLIL representation for module `\DFFE'.
Generating RTLIL representation for module `\DFFS'.
Generating RTLIL representation for module `\DFFSE'.
Generating RTLIL representation for module `\DFFR'.
Generating RTLIL representation for module `\DFFRE'.
Generating RTLIL representation for module `\DFFP'.
Generating RTLIL representation for module `\DFFPE'.
Generating RTLIL representation for module `\DFFC'.
Generating RTLIL representation for module `\DFFCE'.
Generating RTLIL representation for module `\DFFN'.
Generating RTLIL representation for module `\DFFNE'.
Generating RTLIL representation for module `\DFFNS'.
Generating RTLIL representation for module `\DFFNSE'.
Generating RTLIL representation for module `\DFFNR'.
Generating RTLIL representation for module `\DFFNRE'.
Generating RTLIL representation for module `\DFFNP'.
Generating RTLIL representation for module `\DFFNPE'.
Generating RTLIL representation for module `\DFFNC'.
Generating RTLIL representation for module `\DFFNCE'.
Generating RTLIL representation for module `\DL'.
Generating RTLIL representation for module `\DLN'.
Generating RTLIL representation for module `\DLE'.
Generating RTLIL representation for module `\DLNE'.
Generating RTLIL representation for module `\DLC'.
Generating RTLIL representation for module `\DLCE'.
Generating RTLIL representation for module `\DLNC'.
Generating RTLIL representation for module `\DLNCE'.
Generating RTLIL representation for module `\DLP'.
Generating RTLIL representation for module `\DLPE'.
Generating RTLIL representation for module `\DLNP'.
Generating RTLIL representation for module `\DLNPE'.
Generating RTLIL representation for module `\VCC'.
Generating RTLIL representation for module `\GND'.
Generating RTLIL representation for module `\IBUF'.
Generating RTLIL representation for module `\OBUF'.
Generating RTLIL representation for module `\TBUF'.
Generating RTLIL representation for module `\IOBUF'.
Generating RTLIL representation for module `\ELVDS_OBUF'.
Generating RTLIL representation for module `\TLVDS_OBUF'.
Generating RTLIL representation for module `\OSER4'.
Generating RTLIL representation for module `\OSER4_MEM'.
Generating RTLIL representation for module `\OSER8'.
Generating RTLIL representation for module `\OSER10'.
Generating RTLIL representation for module `\OVIDEO'.
Generating RTLIL representation for module `\OSER16'.
Generating RTLIL representation for module `\IDES4'.
Generating RTLIL representation for module `\IDES4_MEM'.
Generating RTLIL representation for module `\IDES8'.
Generating RTLIL representation for module `\IDES10'.
Generating RTLIL representation for module `\IVIDEO'.
Generating RTLIL representation for module `\IDES16'.
Generating RTLIL representation for module `\IDDR'.
Generating RTLIL representation for module `\IDDRC'.
Generating RTLIL representation for module `\DQS'.
Generating RTLIL representation for module `\ODDR'.
Generating RTLIL representation for module `\ODDRC'.
Generating RTLIL representation for module `\GSR'.
Generating RTLIL representation for module `\BANDGAP'.
Generating RTLIL representation for module `\ALU'.
Generating RTLIL representation for module `\RAM16S1'.
Generating RTLIL representation for module `\RAM16S2'.
Generating RTLIL representation for module `\RAM16S4'.
Generating RTLIL representation for module `\RAM16SDP1'.
Generating RTLIL representation for module `\RAM16SDP2'.
Generating RTLIL representation for module `\RAM16SDP4'.
Generating RTLIL representation for module `\SP'.
Generating RTLIL representation for module `\SPX9'.
Generating RTLIL representation for module `\SDP'.
Generating RTLIL representation for module `\SDPX9'.
Generating RTLIL representation for module `\DP'.
Generating RTLIL representation for module `\DPX9'.
Generating RTLIL representation for module `\rPLL'.
Generating RTLIL representation for module `\PLLVR'.
Generating RTLIL representation for module `\OSC'.
Generating RTLIL representation for module `\OSCZ'.
Generating RTLIL representation for module `\OSCF'.
Generating RTLIL representation for module `\OSCH'.
Generating RTLIL representation for module `\OSCW'.
Generating RTLIL representation for module `\OSCO'.
Generating RTLIL representation for module `\EMCU'.
Successfully finished Verilog frontend.

2.2. Executing Verilog-2005 frontend: /Users/elliot/.local/opt/oss-cad-suite/libexec/../share/yosys/gowin/cells_xtra_gw1n.v
Parsing Verilog input from `/Users/elliot/.local/opt/oss-cad-suite/libexec/../share/yosys/gowin/cells_xtra_gw1n.v' to AST representation.
Generating RTLIL representation for module `\LUT5'.
Generating RTLIL representation for module `\LUT6'.
Generating RTLIL representation for module `\LUT7'.
Generating RTLIL representation for module `\LUT8'.
Generating RTLIL representation for module `\INV'.
Generating RTLIL representation for module `\IODELAY'.
Generating RTLIL representation for module `\IEM'.
Generating RTLIL representation for module `\ROM16'.
Generating RTLIL representation for module `\ROM'.
Generating RTLIL representation for module `\ROMX9'.
Generating RTLIL representation for module `\pROM'.
Generating RTLIL representation for module `\pROMX9'.
Generating RTLIL representation for module `\SDPB'.
Generating RTLIL representation for module `\SDPX9B'.
Generating RTLIL representation for module `\DPB'.
Generating RTLIL representation for module `\DPX9B'.
Generating RTLIL representation for module `\PADD18'.
Generating RTLIL representation for module `\PADD9'.
Generating RTLIL representation for module `\MULT9X9'.
Generating RTLIL representation for module `\MULT18X18'.
Generating RTLIL representation for module `\MULT36X36'.
Generating RTLIL representation for module `\MULTALU36X18'.
Generating RTLIL representation for module `\MULTADDALU18X18'.
Generating RTLIL representation for module `\MULTALU18X18'.
Generating RTLIL representation for module `\ALU54D'.
Generating RTLIL representation for module `\BUFG'.
Generating RTLIL representation for module `\BUFS'.
Generating RTLIL representation for module `\PLL'.
Generating RTLIL representation for module `\TLVDS_IBUF'.
Generating RTLIL representation for module `\TLVDS_TBUF'.
Generating RTLIL representation for module `\TLVDS_IOBUF'.
Generating RTLIL representation for module `\ELVDS_IBUF'.
Generating RTLIL representation for module `\ELVDS_TBUF'.
Generating RTLIL representation for module `\ELVDS_IOBUF'.
Generating RTLIL representation for module `\MIPI_IBUF'.
Generating RTLIL representation for module `\MIPI_IBUF_HS'.
Generating RTLIL representation for module `\MIPI_IBUF_LP'.
Generating RTLIL representation for module `\MIPI_OBUF'.
Generating RTLIL representation for module `\MIPI_OBUF_A'.
Generating RTLIL representation for module `\ELVDS_IBUF_MIPI'.
Generating RTLIL representation for module `\I3C_IOBUF'.
Generating RTLIL representation for module `\CLKDIV'.
Generating RTLIL representation for module `\DHCEN'.
Generating RTLIL representation for module `\DLLDLY'.
Generating RTLIL representation for module `\FLASH96K'.
Generating RTLIL representation for module `\FLASH256K'.
Generating RTLIL representation for module `\FLASH608K'.
Generating RTLIL representation for module `\DCS'.
Generating RTLIL representation for module `\DQCE'.
Generating RTLIL representation for module `\CLKDIV2'.
Generating RTLIL representation for module `\DHCENC'.
Generating RTLIL representation for module `\FLASH64K'.
Generating RTLIL representation for module `\FLASH64KZ'.
Successfully finished Verilog frontend.

2.3. Executing HIERARCHY pass (managing design hierarchy).

2.3.1. Analyzing design hierarchy..
Top module:  \experiment_event_packet

2.3.2. Analyzing design hierarchy..
Top module:  \experiment_event_packet
Removed 0 unused modules.

2.4. Executing PROC pass (convert processes to netlists).

2.4.1. Executing PROC_CLEAN pass (remove empty switches from decision trees).
Cleaned up 0 empty switches.

2.4.2. Executing PROC_RMDEAD pass (remove dead branches from decision trees).
Marked 32 switch rules as full_case in process $proc$src/experiment_event_packet.v:49$103 in module experiment_event_packet.
Removed a total of 0 dead cases.

2.4.3. Executing PROC_PRUNE pass (remove redundant assignments in processes).
Removed 0 redundant assignments.
Promoted 10 assignments to connections.

2.4.4. Executing PROC_INIT pass (extract init attributes).
Found init rule in `\experiment_event_packet.$proc$src/experiment_event_packet.v:25$193'.
  Set init value: \sum = 8'00000000
Found init rule in `\experiment_event_packet.$proc$src/experiment_event_packet.v:24$192'.
  Set init value: \index = 7'0000000
Found init rule in `\experiment_event_packet.$proc$src/experiment_event_packet.v:23$191'.
  Set init value: \state = 2'00
Found init rule in `\experiment_event_packet.$proc$src/experiment_event_packet.v:20$190'.
  Set init value: \fault = 1'0
Found init rule in `\experiment_event_packet.$proc$src/experiment_event_packet.v:19$189'.
  Set init value: \packet_length = 7'0000000
Found init rule in `\experiment_event_packet.$proc$src/experiment_event_packet.v:18$188'.
  Set init value: \packet = 512'00000000000000000000000000000000000000000000000000000000000000000000000000000000000000000000000000000000000000000000000000000000000000000000000000000000000000000000000000000000000000000000000000000000000000000000000000000000000000000000000000000000000000000000000000000000000000000000000000000000000000000000000000000000000000000000000000000000000000000000000000000000000000000000000000000000000000000000000000000000000000000000000000000000000000000000000000000000000000000000000000000000000000000000000000000000

2.4.5. Executing PROC_ARST pass (detect async resets in processes).

2.4.6. Executing PROC_ROM pass (convert switches to ROMs).
Converted 0 switches.
<suppressed ~33 debug messages>

2.4.7. Executing PROC_MUX pass (convert decision trees to multiplexers).
Creating decoders for process `\experiment_event_packet.$proc$src/experiment_event_packet.v:25$193'.
Creating decoders for process `\experiment_event_packet.$proc$src/experiment_event_packet.v:24$192'.
Creating decoders for process `\experiment_event_packet.$proc$src/experiment_event_packet.v:23$191'.
Creating decoders for process `\experiment_event_packet.$proc$src/experiment_event_packet.v:20$190'.
Creating decoders for process `\experiment_event_packet.$proc$src/experiment_event_packet.v:19$189'.
Creating decoders for process `\experiment_event_packet.$proc$src/experiment_event_packet.v:18$188'.
Creating decoders for process `\experiment_event_packet.$proc$src/experiment_event_packet.v:49$103'.
     1/72: $32$lookahead\packet$102[511:0]$172
     2/72: $3$bitselwrite$pos$src/experiment_event_packet.v:68$2[31:0]$171
     3/72: $31$lookahead\packet$102[503:496]$167
     4/72: $30$lookahead\packet$102[495:488]$165
     5/72: $29$lookahead\packet$102[487:480]$163
     6/72: $28$lookahead\packet$102[479:472]$161
     7/72: $27$lookahead\packet$102[471:464]$159
     8/72: $26$lookahead\packet$102[463:456]$157
     9/72: $25$lookahead\packet$102[455:448]$155
    10/72: $24$lookahead\packet$102[447:440]$153
    11/72: $23$lookahead\packet$102[439:432]$151
    12/72: $22$lookahead\packet$102[431:424]$149
    13/72: $21$lookahead\packet$102[423:416]$147
    14/72: $20$lookahead\packet$102[415:408]$145
    15/72: $19$lookahead\packet$102[407:400]$143
    16/72: $18$lookahead\packet$102[399:392]$141
    17/72: $17$lookahead\packet$102[391:384]$139
    18/72: $16$lookahead\packet$102[383:376]$137
    19/72: $15$lookahead\packet$102[375:368]$135
    20/72: $14$lookahead\packet$102[367:360]$133
    21/72: $13$lookahead\packet$102[359:352]$131
    22/72: $12$lookahead\packet$102[351:344]$129
    23/72: $11$lookahead\packet$102[343:336]$127
    24/72: $10$lookahead\packet$102[335:328]$125
    25/72: $9$lookahead\packet$102[327:320]$123
    26/72: $8$lookahead\packet$102[319:312]$121
    27/72: $7$lookahead\packet$102[311:304]$119
    28/72: $6$lookahead\packet$102[303:296]$117
    29/72: $5$lookahead\packet$102[295:288]$115
    30/72: $4$lookahead\packet$102[511:0]$112 [503:496]
    31/72: $4$lookahead\packet$102[511:0]$112 [495:488]
    32/72: $4$lookahead\packet$102[511:0]$112 [487:480]
    33/72: $4$lookahead\packet$102[511:0]$112 [479:472]
    34/72: $4$lookahead\packet$102[511:0]$112 [471:464]
    35/72: $4$lookahead\packet$102[511:0]$112 [463:456]
    36/72: $4$lookahead\packet$102[511:0]$112 [455:448]
    37/72: $4$lookahead\packet$102[511:0]$112 [447:440]
    38/72: $4$lookahead\packet$102[511:0]$112 [439:432]
    39/72: $4$lookahead\packet$102[511:0]$112 [431:424]
    40/72: $4$lookahead\packet$102[511:0]$112 [423:416]
    41/72: $4$lookahead\packet$102[511:0]$112 [415:408]
    42/72: $4$lookahead\packet$102[511:0]$112 [407:400]
    43/72: $4$lookahead\packet$102[511:0]$112 [399:392]
    44/72: $4$lookahead\packet$102[511:0]$112 [391:384]
    45/72: $4$lookahead\packet$102[511:0]$112 [383:376]
    46/72: $4$lookahead\packet$102[511:0]$112 [375:368]
    47/72: $4$lookahead\packet$102[511:0]$112 [367:360]
    48/72: $4$lookahead\packet$102[511:0]$112 [359:352]
    49/72: $4$lookahead\packet$102[511:0]$112 [351:344]
    50/72: $4$lookahead\packet$102[511:0]$112 [343:336]
    51/72: $4$lookahead\packet$102[511:0]$112 [335:328]
    52/72: $4$lookahead\packet$102[511:0]$112 [327:320]
    53/72: $4$lookahead\packet$102[511:0]$112 [319:312]
    54/72: $4$lookahead\packet$102[511:0]$112 [311:304]
    55/72: $4$lookahead\packet$102[511:0]$112 [303:296]
    56/72: $4$lookahead\packet$102[511:0]$112 [295:288]
    57/72: $4$lookahead\packet$102[511:0]$112 [511:504]
    58/72: $4$lookahead\packet$102[511:0]$112 [287:0]
    59/72: $4\i[31:0]
    60/72: $3$lookahead\packet$102[511:0]$110
    61/72: $3\i[31:0]
    62/72: $2$lookahead\packet$102[511:0]$109
    63/72: $2\i[31:0]
    64/72: $2$bitselwrite$pos$src/experiment_event_packet.v:68$2[31:0]$108
    65/72: $1$lookahead\packet$102[511:0]$107
    66/72: $1$bitselwrite$pos$src/experiment_event_packet.v:68$2[31:0]$106
    67/72: $1\i[31:0]
    68/72: $0\fault[0:0]
    69/72: $0\sum[7:0]
    70/72: $0\index[6:0]
    71/72: $0\state[1:0]
    72/72: $0\packet_length[6:0]

2.4.8. Executing PROC_DLATCH pass (convert process syncs to latches).

2.4.9. Executing PROC_DFF pass (convert process syncs to FFs).
Creating register for signal `\experiment_event_packet.\i' using process `\experiment_event_packet.$proc$src/experiment_event_packet.v:49$103'.
  created $dff cell `$procdff$1566' with positive edge clock.
Creating register for signal `\experiment_event_packet.\packet' using process `\experiment_event_packet.$proc$src/experiment_event_packet.v:49$103'.
  created $dff cell `$procdff$1567' with positive edge clock.
Creating register for signal `\experiment_event_packet.\packet_length' using process `\experiment_event_packet.$proc$src/experiment_event_packet.v:49$103'.
  created $dff cell `$procdff$1568' with positive edge clock.
Creating register for signal `\experiment_event_packet.\fault' using process `\experiment_event_packet.$proc$src/experiment_event_packet.v:49$103'.
  created $dff cell `$procdff$1569' with positive edge clock.
Creating register for signal `\experiment_event_packet.\state' using process `\experiment_event_packet.$proc$src/experiment_event_packet.v:49$103'.
  created $dff cell `$procdff$1570' with positive edge clock.
Creating register for signal `\experiment_event_packet.\index' using process `\experiment_event_packet.$proc$src/experiment_event_packet.v:49$103'.
  created $dff cell `$procdff$1571' with positive edge clock.
Creating register for signal `\experiment_event_packet.\sum' using process `\experiment_event_packet.$proc$src/experiment_event_packet.v:49$103'.
  created $dff cell `$procdff$1572' with positive edge clock.
Creating register for signal `\experiment_event_packet.$bitselwrite$pos$src/experiment_event_packet.v:68$2' using process `\experiment_event_packet.$proc$src/experiment_event_packet.v:49$103'.
  created $dff cell `$procdff$1573' with positive edge clock.
Creating register for signal `\experiment_event_packet.$lookahead\packet$102' using process `\experiment_event_packet.$proc$src/experiment_event_packet.v:49$103'.
  created $dff cell `$procdff$1574' with positive edge clock.

2.4.10. Executing PROC_MEMWR pass (convert process memory writes to cells).

2.4.11. Executing PROC_CLEAN pass (remove empty switches from decision trees).
Removing empty process `experiment_event_packet.$proc$src/experiment_event_packet.v:25$193'.
Removing empty process `experiment_event_packet.$proc$src/experiment_event_packet.v:24$192'.
Removing empty process `experiment_event_packet.$proc$src/experiment_event_packet.v:23$191'.
Removing empty process `experiment_event_packet.$proc$src/experiment_event_packet.v:20$190'.
Removing empty process `experiment_event_packet.$proc$src/experiment_event_packet.v:19$189'.
Removing empty process `experiment_event_packet.$proc$src/experiment_event_packet.v:18$188'.
Found and cleaned up 33 empty switches in `\experiment_event_packet.$proc$src/experiment_event_packet.v:49$103'.
Removing empty process `experiment_event_packet.$proc$src/experiment_event_packet.v:49$103'.
Cleaned up 33 empty switches.

2.4.12. Executing OPT_EXPR pass (perform const folding).
Optimizing module experiment_event_packet.
<suppressed ~143 debug messages>

2.5. Executing CHECK pass (checking for obvious problems).
Checking module experiment_event_packet...
Found and reported 0 problems.

2.6. Executing FLATTEN pass (flatten design).

2.7. Executing TRIBUF pass.

2.8. Executing DEMINOUT pass (demote inout ports to input or output).

2.9. Executing OPT_EXPR pass (perform const folding).
Optimizing module experiment_event_packet.
<suppressed ~6 debug messages>

2.10. Executing OPT_CLEAN pass (remove unused cells and wires).
Finding unused cells or wires in module \experiment_event_packet..
Removed 25 unused cells and 348 unused wires.
<suppressed ~30 debug messages>

2.11. Executing CHECK pass (checking for obvious problems).
Checking module experiment_event_packet...
Found and reported 0 problems.

2.12. Executing OPT pass (performing simple optimizations).

2.12.1. Executing OPT_EXPR pass (perform const folding).
Optimizing module experiment_event_packet.

2.12.2. Executing OPT_MERGE pass (detect identical cells).
Finding identical cells in module `\experiment_event_packet'.
Computing hashes of 499 cells of `\experiment_event_packet'.
Finding duplicate cells in `\experiment_event_packet'.
Computing hashes of 419 cells of `\experiment_event_packet'.
Finding duplicate cells in `\experiment_event_packet'.
<suppressed ~240 debug messages>
Removed a total of 80 cells.

2.12.3. Executing OPT_MUXTREE pass (detect dead branches in mux trees).
Running muxtree optimizer on module \experiment_event_packet..
  Creating internal representation of mux trees.
  Evaluating internal representation of mux trees.
  Analyzing evaluation results.
    dead port 2/2 on $mux $procmux$1298.
    dead port 1/2 on $mux $procmux$1289.
    dead port 2/2 on $mux $procmux$1286.
    dead port 2/2 on $mux $procmux$1284.
    dead port 1/2 on $mux $procmux$1275.
    dead port 2/2 on $mux $procmux$1272.
    dead port 2/2 on $mux $procmux$1270.
    dead port 1/2 on $mux $procmux$1261.
    dead port 2/2 on $mux $procmux$1258.
    dead port 2/2 on $mux $procmux$1256.
    dead port 1/2 on $mux $procmux$1247.
    dead port 2/2 on $mux $procmux$1244.
    dead port 2/2 on $mux $procmux$1242.
    dead port 1/2 on $mux $procmux$1233.
    dead port 2/2 on $mux $procmux$1230.
    dead port 1/2 on $mux $procmux$1459.
    dead port 2/2 on $mux $procmux$1228.
    dead port 1/2 on $mux $procmux$1219.
    dead port 2/2 on $mux $procmux$1216.
    dead port 2/2 on $mux $procmux$1214.
    dead port 1/2 on $mux $procmux$1205.
    dead port 2/2 on $mux $procmux$1202.
    dead port 2/2 on $mux $procmux$1200.
    dead port 1/2 on $mux $procmux$1191.
    dead port 2/2 on $mux $procmux$1188.
    dead port 2/2 on $mux $procmux$1186.
    dead port 1/2 on $mux $procmux$1177.
    dead port 2/2 on $mux $procmux$1174.
    dead port 2/2 on $mux $procmux$1172.
    dead port 1/2 on $mux $procmux$1163.
    dead port 2/2 on $mux $procmux$1160.
    dead port 2/2 on $mux $procmux$1158.
    dead port 1/2 on $mux $procmux$1149.
    dead port 2/2 on $mux $procmux$1146.
    dead port 2/2 on $mux $procmux$1144.
    dead port 1/2 on $mux $procmux$1135.
    dead port 2/2 on $mux $procmux$1132.
    dead port 2/2 on $mux $procmux$1130.
    dead port 1/2 on $mux $procmux$1121.
    dead port 2/2 on $mux $procmux$1118.
    dead port 1/2 on $mux $procmux$1440.
    dead port 2/2 on $mux $procmux$1116.
    dead port 1/2 on $mux $procmux$1107.
    dead port 2/2 on $mux $procmux$1104.
    dead port 2/2 on $mux $procmux$1437.
    dead port 2/2 on $mux $procmux$1102.
    dead port 1/2 on $mux $procmux$1093.
    dead port 2/2 on $mux $procmux$1090.
    dead port 2/2 on $mux $procmux$1088.
    dead port 1/2 on $mux $procmux$1079.
    dead port 2/2 on $mux $procmux$1076.
    dead port 2/2 on $mux $procmux$1074.
    dead port 1/2 on $mux $procmux$1065.
    dead port 2/2 on $mux $procmux$1062.
    dead port 2/2 on $mux $procmux$1060.
    dead port 1/2 on $mux $procmux$1051.
    dead port 2/2 on $mux $procmux$1048.
    dead port 2/2 on $mux $procmux$1046.
    dead port 1/2 on $mux $procmux$1037.
    dead port 2/2 on $mux $procmux$1034.
    dead port 2/2 on $mux $procmux$1032.
    dead port 1/2 on $mux $procmux$1023.
    dead port 2/2 on $mux $procmux$1020.
    dead port 2/2 on $mux $procmux$1018.
    dead port 1/2 on $mux $procmux$1009.
    dead port 2/2 on $mux $procmux$1006.
    dead port 2/2 on $mux $procmux$1004.
    dead port 2/2 on $mux $procmux$1002.
    dead port 1/2 on $mux $procmux$992.
    dead port 2/2 on $mux $procmux$989.
    dead port 1/2 on $mux $procmux$1415.
    dead port 2/2 on $mux $procmux$987.
    dead port 2/2 on $mux $procmux$985.
    dead port 1/2 on $mux $procmux$975.
    dead port 2/2 on $mux $procmux$972.
    dead port 2/2 on $mux $procmux$1412.
    dead port 2/2 on $mux $procmux$970.
    dead port 2/2 on $mux $procmux$968.
    dead port 1/2 on $mux $procmux$958.
    dead port 2/2 on $mux $procmux$955.
    dead port 2/2 on $mux $procmux$953.
    dead port 2/2 on $mux $procmux$951.
    dead port 1/2 on $mux $procmux$941.
    dead port 2/2 on $mux $procmux$938.
    dead port 2/2 on $mux $procmux$1410.
    dead port 2/2 on $mux $procmux$936.
    dead port 2/2 on $mux $procmux$934.
    dead port 1/2 on $mux $procmux$924.
    dead port 2/2 on $mux $procmux$921.
    dead port 2/2 on $mux $procmux$919.
    dead port 2/2 on $mux $procmux$917.
    dead port 1/2 on $mux $procmux$907.
    dead port 2/2 on $mux $procmux$904.
    dead port 1/2 on $mux $procmux$1401.
    dead port 2/2 on $mux $procmux$902.
    dead port 2/2 on $mux $procmux$900.
    dead port 1/2 on $mux $procmux$890.
    dead port 2/2 on $mux $procmux$887.
    dead port 2/2 on $mux $procmux$1398.
    dead port 2/2 on $mux $procmux$885.
    dead port 2/2 on $mux $procmux$883.
    dead port 1/2 on $mux $procmux$873.
    dead port 2/2 on $mux $procmux$870.
    dead port 2/2 on $mux $procmux$868.
    dead port 2/2 on $mux $procmux$866.
    dead port 1/2 on $mux $procmux$856.
    dead port 2/2 on $mux $procmux$853.
    dead port 2/2 on $mux $procmux$1396.
    dead port 2/2 on $mux $procmux$851.
    dead port 2/2 on $mux $procmux$849.
    dead port 1/2 on $mux $procmux$839.
    dead port 2/2 on $mux $procmux$836.
    dead port 2/2 on $mux $procmux$834.
    dead port 2/2 on $mux $procmux$832.
    dead port 1/2 on $mux $procmux$822.
    dead port 2/2 on $mux $procmux$819.
    dead port 1/2 on $mux $procmux$1387.
    dead port 2/2 on $mux $procmux$817.
    dead port 2/2 on $mux $procmux$815.
    dead port 1/2 on $mux $procmux$805.
    dead port 2/2 on $mux $procmux$802.
    dead port 2/2 on $mux $procmux$1384.
    dead port 2/2 on $mux $procmux$800.
    dead port 2/2 on $mux $procmux$798.
    dead port 1/2 on $mux $procmux$788.
    dead port 2/2 on $mux $procmux$785.
    dead port 2/2 on $mux $procmux$783.
    dead port 2/2 on $mux $procmux$781.
    dead port 1/2 on $mux $procmux$771.
    dead port 2/2 on $mux $procmux$768.
    dead port 2/2 on $mux $procmux$1382.
    dead port 2/2 on $mux $procmux$766.
    dead port 2/2 on $mux $procmux$764.
    dead port 1/2 on $mux $procmux$754.
    dead port 2/2 on $mux $procmux$751.
    dead port 2/2 on $mux $procmux$749.
    dead port 2/2 on $mux $procmux$747.
    dead port 1/2 on $mux $procmux$737.
    dead port 2/2 on $mux $procmux$734.
    dead port 1/2 on $mux $procmux$1373.
    dead port 2/2 on $mux $procmux$732.
    dead port 2/2 on $mux $procmux$730.
    dead port 1/2 on $mux $procmux$720.
    dead port 2/2 on $mux $procmux$717.
    dead port 2/2 on $mux $procmux$1370.
    dead port 2/2 on $mux $procmux$715.
    dead port 2/2 on $mux $procmux$713.
    dead port 1/2 on $mux $procmux$703.
    dead port 2/2 on $mux $procmux$700.
    dead port 2/2 on $mux $procmux$698.
    dead port 2/2 on $mux $procmux$696.
    dead port 1/2 on $mux $procmux$686.
    dead port 2/2 on $mux $procmux$683.
    dead port 2/2 on $mux $procmux$1368.
    dead port 2/2 on $mux $procmux$681.
    dead port 2/2 on $mux $procmux$679.
    dead port 1/2 on $mux $procmux$669.
    dead port 2/2 on $mux $procmux$666.
    dead port 2/2 on $mux $procmux$664.
    dead port 2/2 on $mux $procmux$662.
    dead port 1/2 on $mux $procmux$652.
    dead port 2/2 on $mux $procmux$649.
    dead port 1/2 on $mux $procmux$1359.
    dead port 2/2 on $mux $procmux$647.
    dead port 2/2 on $mux $procmux$645.
    dead port 1/2 on $mux $procmux$635.
    dead port 2/2 on $mux $procmux$632.
    dead port 2/2 on $mux $procmux$1356.
    dead port 2/2 on $mux $procmux$630.
    dead port 2/2 on $mux $procmux$628.
    dead port 1/2 on $mux $procmux$618.
    dead port 2/2 on $mux $procmux$615.
    dead port 2/2 on $mux $procmux$613.
    dead port 2/2 on $mux $procmux$611.
    dead port 1/2 on $mux $procmux$601.
    dead port 2/2 on $mux $procmux$598.
    dead port 2/2 on $mux $procmux$1354.
    dead port 2/2 on $mux $procmux$596.
    dead port 2/2 on $mux $procmux$594.
    dead port 1/2 on $mux $procmux$584.
    dead port 2/2 on $mux $procmux$581.
    dead port 2/2 on $mux $procmux$579.
    dead port 2/2 on $mux $procmux$577.
    dead port 1/2 on $mux $procmux$567.
    dead port 2/2 on $mux $procmux$564.
    dead port 1/2 on $mux $procmux$1345.
    dead port 2/2 on $mux $procmux$562.
    dead port 2/2 on $mux $procmux$560.
    dead port 1/2 on $mux $procmux$540.
    dead port 2/2 on $mux $procmux$537.
    dead port 2/2 on $mux $procmux$1342.
    dead port 2/2 on $mux $procmux$1340.
    dead port 1/2 on $mux $procmux$1331.
    dead port 2/2 on $mux $procmux$1328.
    dead port 2/2 on $mux $procmux$1326.
    dead port 1/2 on $mux $procmux$1317.
    dead port 2/2 on $mux $procmux$1314.
    dead port 2/2 on $mux $procmux$1312.
    dead port 1/2 on $mux $procmux$1303.
    dead port 2/2 on $mux $procmux$1300.
Removed 200 multiplexer ports.
<suppressed ~306 debug messages>

2.12.4. Executing OPT_REDUCE pass (consolidate $*mux and $reduce_* inputs).
  Optimizing cells in module \experiment_event_packet.
Performed a total of 0 changes.

2.12.5. Executing OPT_MERGE pass (detect identical cells).
Finding identical cells in module `\experiment_event_packet'.
Computing hashes of 219 cells of `\experiment_event_packet'.
Finding duplicate cells in `\experiment_event_packet'.
Removed a total of 0 cells.

2.12.6. Executing OPT_DFF pass (perform DFF optimizations).

2.12.7. Executing OPT_CLEAN pass (remove unused cells and wires).
Finding unused cells or wires in module \experiment_event_packet..
Removed 0 unused cells and 280 unused wires.
<suppressed ~1 debug messages>

2.12.8. Executing OPT_EXPR pass (perform const folding).
Optimizing module experiment_event_packet.

2.12.9. Rerunning OPT passes. (Maybe there is more to do..)

2.12.10. Executing OPT_MUXTREE pass (detect dead branches in mux trees).
Running muxtree optimizer on module \experiment_event_packet..
  Creating internal representation of mux trees.
  Evaluating internal representation of mux trees.
  Analyzing evaluation results.
Removed 0 multiplexer ports.
<suppressed ~106 debug messages>

2.12.11. Executing OPT_REDUCE pass (consolidate $*mux and $reduce_* inputs).
  Optimizing cells in module \experiment_event_packet.
Performed a total of 0 changes.

2.12.12. Executing OPT_MERGE pass (detect identical cells).
Finding identical cells in module `\experiment_event_packet'.
Computing hashes of 219 cells of `\experiment_event_packet'.
Finding duplicate cells in `\experiment_event_packet'.
Removed a total of 0 cells.

2.12.13. Executing OPT_DFF pass (perform DFF optimizations).

2.12.14. Executing OPT_CLEAN pass (remove unused cells and wires).
Finding unused cells or wires in module \experiment_event_packet..

2.12.15. Executing OPT_EXPR pass (perform const folding).
Optimizing module experiment_event_packet.

2.12.16. Finished fast OPT passes. (There is nothing left to do.)

2.13. Executing FSM pass (extract and optimize FSM).

2.13.1. Executing FSM_DETECT pass (finding FSMs in design).
Not marking experiment_event_packet.state as FSM state register:
    Register has an initialization value.

2.13.2. Executing FSM_EXTRACT pass (extracting FSM from design).

2.13.3. Executing FSM_OPT pass (simple optimizations of FSMs).

2.13.4. Executing OPT_CLEAN pass (remove unused cells and wires).
Finding unused cells or wires in module \experiment_event_packet..

2.13.5. Executing FSM_OPT pass (simple optimizations of FSMs).

2.13.6. Executing FSM_RECODE pass (re-assigning FSM state encoding).

2.13.7. Executing FSM_INFO pass (dumping all available information on FSM cells).

2.13.8. Executing FSM_MAP pass (mapping FSMs to basic logic).

2.14. Executing OPT pass (performing simple optimizations).

2.14.1. Executing OPT_EXPR pass (perform const folding).
Optimizing module experiment_event_packet.

2.14.2. Executing OPT_MERGE pass (detect identical cells).
Finding identical cells in module `\experiment_event_packet'.
Computing hashes of 219 cells of `\experiment_event_packet'.
Finding duplicate cells in `\experiment_event_packet'.
Removed a total of 0 cells.

2.14.3. Executing OPT_MUXTREE pass (detect dead branches in mux trees).
Running muxtree optimizer on module \experiment_event_packet..
  Creating internal representation of mux trees.
  Evaluating internal representation of mux trees.
  Analyzing evaluation results.
Removed 0 multiplexer ports.
<suppressed ~106 debug messages>

2.14.4. Executing OPT_REDUCE pass (consolidate $*mux and $reduce_* inputs).
  Optimizing cells in module \experiment_event_packet.
Performed a total of 0 changes.

2.14.5. Executing OPT_MERGE pass (detect identical cells).
Finding identical cells in module `\experiment_event_packet'.
Computing hashes of 219 cells of `\experiment_event_packet'.
Finding duplicate cells in `\experiment_event_packet'.
Removed a total of 0 cells.

2.14.6. Executing OPT_DFF pass (perform DFF optimizations).
Adding SRST signal on $procdff$1570 ($dff) from module experiment_event_packet (D = $procmux$1536_Y, Q = \state, rval = 2'00).
Adding EN signal on $auto$ff.cc:337:slice$1575 ($sdff) from module experiment_event_packet (D = $procmux$1536_Y, Q = \state).
Adding SRST signal on $procdff$1569 ($dff) from module experiment_event_packet (D = $procmux$1490_Y, Q = \fault, rval = 1'0).
Adding SRST signal on $procdff$1571 ($dff) from module experiment_event_packet (D = $procmux$1521_Y, Q = \index, rval = 7'0000000).
Adding EN signal on $auto$ff.cc:337:slice$1594 ($sdff) from module experiment_event_packet (D = $procmux$1521_Y, Q = \index).
Adding EN signal on $procdff$1572 ($dff) from module experiment_event_packet (D = $procmux$1504_Y, Q = \sum).
Adding SRST signal on $procdff$1568 ($dff) from module experiment_event_packet (D = $procmux$1561_Y, Q = \packet_length, rval = 7'0000000).
Adding EN signal on $auto$ff.cc:337:slice$1619 ($sdff) from module experiment_event_packet (D = $add$src/experiment_event_packet.v:63$168_Y, Q = \packet_length).
Adding SRST signal on $procdff$1567 ($dff) from module experiment_event_packet (D = $2$lookahead\packet$102[511:0]$109, Q = \packet, rval = 512'00000000000000000000000000000000000000000000000000000000000000000000000000000000000000000000000000000000000000000000000000000000000000000000000000000000000000000000000000000000000000000000000000000000000000000000000000000000000000000000000000000000000000000000000000000000000000000000000000000000000000000000000000000000000000000000000000000000000000000000000000000000000000000000000000000000000000000000000000000000000000000000000000000000000000000000000000000000000000000000000000000000000000000000000000000000).
Adding EN signal on $auto$ff.cc:337:slice$1623 ($sdff) from module experiment_event_packet (D = $2$lookahead\packet$102[511:0]$109, Q = \packet).

2.14.7. Executing OPT_CLEAN pass (remove unused cells and wires).
Finding unused cells or wires in module \experiment_event_packet..
Removed 11 unused cells and 11 unused wires.
<suppressed ~12 debug messages>

2.14.8. Executing OPT_EXPR pass (perform const folding).
Optimizing module experiment_event_packet.
<suppressed ~3 debug messages>

2.14.9. Rerunning OPT passes. (Maybe there is more to do..)

2.14.10. Executing OPT_MUXTREE pass (detect dead branches in mux trees).
Running muxtree optimizer on module \experiment_event_packet..
  Creating internal representation of mux trees.
  Evaluating internal representation of mux trees.
  Analyzing evaluation results.
Removed 0 multiplexer ports.
<suppressed ~94 debug messages>

2.14.11. Executing OPT_REDUCE pass (consolidate $*mux and $reduce_* inputs).
  Optimizing cells in module \experiment_event_packet.
Performed a total of 0 changes.

2.14.12. Executing OPT_MERGE pass (detect identical cells).
Finding identical cells in module `\experiment_event_packet'.
Computing hashes of 233 cells of `\experiment_event_packet'.
Finding duplicate cells in `\experiment_event_packet'.
Computing hashes of 222 cells of `\experiment_event_packet'.
Finding duplicate cells in `\experiment_event_packet'.
<suppressed ~33 debug messages>
Removed a total of 11 cells.

2.14.13. Executing OPT_DFF pass (perform DFF optimizations).

2.14.14. Executing OPT_CLEAN pass (remove unused cells and wires).
Finding unused cells or wires in module \experiment_event_packet..
Removed 0 unused cells and 11 unused wires.
<suppressed ~1 debug messages>

2.14.15. Executing OPT_EXPR pass (perform const folding).
Optimizing module experiment_event_packet.

2.14.16. Rerunning OPT passes. (Maybe there is more to do..)

2.14.17. Executing OPT_MUXTREE pass (detect dead branches in mux trees).
Running muxtree optimizer on module \experiment_event_packet..
  Creating internal representation of mux trees.
  Evaluating internal representation of mux trees.
  Analyzing evaluation results.
Removed 0 multiplexer ports.
<suppressed ~96 debug messages>

2.14.18. Executing OPT_REDUCE pass (consolidate $*mux and $reduce_* inputs).
  Optimizing cells in module \experiment_event_packet.
Performed a total of 0 changes.

2.14.19. Executing OPT_MERGE pass (detect identical cells).
Finding identical cells in module `\experiment_event_packet'.
Computing hashes of 222 cells of `\experiment_event_packet'.
Finding duplicate cells in `\experiment_event_packet'.
Removed a total of 0 cells.

2.14.20. Executing OPT_DFF pass (perform DFF optimizations).

2.14.21. Executing OPT_CLEAN pass (remove unused cells and wires).
Finding unused cells or wires in module \experiment_event_packet..

2.14.22. Executing OPT_EXPR pass (perform const folding).
Optimizing module experiment_event_packet.

2.14.23. Finished fast OPT passes. (There is nothing left to do.)

2.15. Executing WREDUCE pass (reducing word size of cells).
Removed top 1 bits (of 2) from port B of cell experiment_event_packet.$auto$opt_dff.cc:351:make_patterns_logic$1601 ($ne).
Removed top 1 bits (of 2) from port B of cell experiment_event_packet.$auto$opt_dff.cc:351:make_patterns_logic$1582 ($ne).
Removed top 1 bits (of 3) from port B of cell experiment_event_packet.$eq$src/experiment_event_packet.v:28$10 ($eq).
Removed top 28 bits (of 32) from port B of cell experiment_event_packet.$gt$src/experiment_event_packet.v:29$12 ($gt).
Removed top 26 bits (of 32) from mux cell experiment_event_packet.$ternary$src/experiment_event_packet.v:29$14 ($mux).
Removed top 26 bits (of 32) from mux cell experiment_event_packet.$ternary$src/experiment_event_packet.v:29$15 ($mux).
Removed top 26 bits (of 32) from mux cell experiment_event_packet.$ternary$src/experiment_event_packet.v:28$16 ($mux).
Removed top 26 bits (of 32) from mux cell experiment_event_packet.$ternary$src/experiment_event_packet.v:28$17 ($mux).
Removed top 26 bits (of 32) from mux cell experiment_event_packet.$ternary$src/experiment_event_packet.v:28$18 ($mux).
Removed top 31 bits (of 32) from port B of cell experiment_event_packet.$le$src/experiment_event_packet.v:31$24 ($le).
Removed top 30 bits (of 32) from port B of cell experiment_event_packet.$le$src/experiment_event_packet.v:33$28 ($le).
Removed top 7 bits (of 8) from port B of cell experiment_event_packet.$eq$src/experiment_event_packet.v:34$33 ($eq).
Removed top 29 bits (of 32) from port B of cell experiment_event_packet.$ge$src/experiment_event_packet.v:34$35 ($ge).
Removed top 28 bits (of 32) from port B of cell experiment_event_packet.$le$src/experiment_event_packet.v:34$36 ($le).
Removed top 29 bits (of 32) from port B of cell experiment_event_packet.$le$src/experiment_event_packet.v:36$46 ($le).
Removed top 29 bits (of 32) from port B of cell experiment_event_packet.$ge$src/experiment_event_packet.v:38$58 ($ge).
Removed top 28 bits (of 32) from port B of cell experiment_event_packet.$le$src/experiment_event_packet.v:38$59 ($le).
Removed top 2 bits (of 3) from port B of cell experiment_event_packet.$eq$src/experiment_event_packet.v:39$63 ($eq).
Removed top 26 bits (of 32) from port B of cell experiment_event_packet.$le$src/experiment_event_packet.v:41$70 ($le).
Removed top 31 bits (of 32) from port B of cell experiment_event_packet.$le$src/experiment_event_packet.v:41$71 ($le).
Removed top 3 bits (of 6) from port B of cell experiment_event_packet.$eq$src/experiment_event_packet.v:42$74 ($eq).
Removed top 28 bits (of 32) from port B of cell experiment_event_packet.$le$src/experiment_event_packet.v:44$85 ($le).
Removed top 1 bits (of 3) from port B of cell experiment_event_packet.$eq$src/experiment_event_packet.v:44$86 ($eq).
Removed top 2 bits (of 8) from port A of cell experiment_event_packet.$add$src/experiment_event_packet.v:59$113 ($add).
Removed top 3 bits (of 8) from port B of cell experiment_event_packet.$add$src/experiment_event_packet.v:59$113 ($add).
Removed top 1 bits (of 8) from port Y of cell experiment_event_packet.$add$src/experiment_event_packet.v:59$113 ($add).
Removed top 31 bits (of 32) from port A of cell experiment_event_packet.$ge$src/experiment_event_packet.v:62$114 ($ge).
Removed top 31 bits (of 32) from port A of cell experiment_event_packet.$ge$src/experiment_event_packet.v:62$116 ($ge).
Removed top 30 bits (of 32) from port A of cell experiment_event_packet.$ge$src/experiment_event_packet.v:62$118 ($ge).
Removed top 30 bits (of 32) from port A of cell experiment_event_packet.$ge$src/experiment_event_packet.v:62$120 ($ge).
Removed top 29 bits (of 32) from port A of cell experiment_event_packet.$ge$src/experiment_event_packet.v:62$122 ($ge).
Removed top 29 bits (of 32) from port A of cell experiment_event_packet.$ge$src/experiment_event_packet.v:62$124 ($ge).
Removed top 29 bits (of 32) from port A of cell experiment_event_packet.$ge$src/experiment_event_packet.v:62$126 ($ge).
Removed top 29 bits (of 32) from port A of cell experiment_event_packet.$ge$src/experiment_event_packet.v:62$128 ($ge).
Removed top 28 bits (of 32) from port A of cell experiment_event_packet.$ge$src/experiment_event_packet.v:62$130 ($ge).
Removed top 28 bits (of 32) from port A of cell experiment_event_packet.$ge$src/experiment_event_packet.v:62$132 ($ge).
Removed top 28 bits (of 32) from port A of cell experiment_event_packet.$ge$src/experiment_event_packet.v:62$134 ($ge).
Removed top 28 bits (of 32) from port A of cell experiment_event_packet.$ge$src/experiment_event_packet.v:62$136 ($ge).
Removed top 28 bits (of 32) from port A of cell experiment_event_packet.$ge$src/experiment_event_packet.v:62$138 ($ge).
Removed top 28 bits (of 32) from port A of cell experiment_event_packet.$ge$src/experiment_event_packet.v:62$140 ($ge).
Removed top 28 bits (of 32) from port A of cell experiment_event_packet.$ge$src/experiment_event_packet.v:62$142 ($ge).
Removed top 28 bits (of 32) from port A of cell experiment_event_packet.$ge$src/experiment_event_packet.v:62$144 ($ge).
Removed top 27 bits (of 32) from port A of cell experiment_event_packet.$ge$src/experiment_event_packet.v:62$146 ($ge).
Removed top 27 bits (of 32) from port A of cell experiment_event_packet.$ge$src/experiment_event_packet.v:62$148 ($ge).
Removed top 27 bits (of 32) from port A of cell experiment_event_packet.$ge$src/experiment_event_packet.v:62$150 ($ge).
Removed top 27 bits (of 32) from port A of cell experiment_event_packet.$ge$src/experiment_event_packet.v:62$152 ($ge).
Removed top 27 bits (of 32) from port A of cell experiment_event_packet.$ge$src/experiment_event_packet.v:62$154 ($ge).
Removed top 27 bits (of 32) from port A of cell experiment_event_packet.$ge$src/experiment_event_packet.v:62$156 ($ge).
Removed top 27 bits (of 32) from port A of cell experiment_event_packet.$ge$src/experiment_event_packet.v:62$158 ($ge).
Removed top 27 bits (of 32) from port A of cell experiment_event_packet.$ge$src/experiment_event_packet.v:62$160 ($ge).
Removed top 27 bits (of 32) from port A of cell experiment_event_packet.$ge$src/experiment_event_packet.v:62$162 ($ge).
Removed top 27 bits (of 32) from port A of cell experiment_event_packet.$ge$src/experiment_event_packet.v:62$164 ($ge).
Removed top 27 bits (of 32) from port A of cell experiment_event_packet.$ge$src/experiment_event_packet.v:62$166 ($ge).
Removed top 1 bits (of 7) from port A of cell experiment_event_packet.$add$src/experiment_event_packet.v:63$168 ($add).
Removed top 22 bits (of 33) from port A of cell experiment_event_packet.$neg$src/experiment_event_packet.v:68$180 ($neg).
Converting cell experiment_event_packet.$neg$src/experiment_event_packet.v:68$180 ($neg) from signed to unsigned.
Removed top 1 bits (of 11) from port A of cell experiment_event_packet.$neg$src/experiment_event_packet.v:68$180 ($neg).
Removed top 21 bits (of 32) from port B of cell experiment_event_packet.$shiftx$src/experiment_event_packet.v:69$185 ($shiftx).
Removed top 1 bits (of 2) from port B of cell experiment_event_packet.$procmux$1505_CMP0 ($eq).
Removed top 1 bits (of 8) from wire experiment_event_packet.$add$src/experiment_event_packet.v:59$113_Y.
Removed top 26 bits (of 32) from wire experiment_event_packet.$ternary$src/experiment_event_packet.v:28$17_Y.
Removed top 26 bits (of 32) from wire experiment_event_packet.$ternary$src/experiment_event_packet.v:28$16_Y.
Removed top 26 bits (of 32) from wire experiment_event_packet.$ternary$src/experiment_event_packet.v:29$15_Y.
Removed top 26 bits (of 32) from wire experiment_event_packet.$ternary$src/experiment_event_packet.v:29$14_Y.

2.16. Executing PEEPOPT pass (run peephole optimizers).
shiftpow2 pattern in experiment_event_packet: shift=$shiftx$src/experiment_event_packet.v:69$185, index=\index, stride=8, width=8, ways=128

2.17. Executing OPT_CLEAN pass (remove unused cells and wires).
Finding unused cells or wires in module \experiment_event_packet..
Removed 0 unused cells and 6 unused wires.
<suppressed ~1 debug messages>

2.18. Executing SHARE pass (SAT-based resource sharing).

2.19. Executing ALUMACC pass (create $alu and $macc cells).
Extracting $alu and $macc cells in module experiment_event_packet:
  creating $macc model for $add$src/experiment_event_packet.v:69$187 ($add).
  creating $macc model for $add$src/experiment_event_packet.v:69$186 ($add).
  creating $macc model for $neg$src/experiment_event_packet.v:68$180 ($neg).
  creating $macc model for $sub$src/experiment_event_packet.v:67$169 ($sub).
  creating $macc model for $add$src/experiment_event_packet.v:63$168 ($add).
  creating $macc model for $add$src/experiment_event_packet.v:59$113 ($add).
  creating $alu model for $macc $add$src/experiment_event_packet.v:59$113.
  creating $alu model for $macc $add$src/experiment_event_packet.v:63$168.
  creating $alu model for $macc $sub$src/experiment_event_packet.v:67$169.
  creating $alu model for $macc $neg$src/experiment_event_packet.v:68$180.
  creating $alu model for $macc $add$src/experiment_event_packet.v:69$186.
  creating $alu model for $macc $add$src/experiment_event_packet.v:69$187.
  creating $alu model for $ge$src/experiment_event_packet.v:62$166 ($ge): new $alu
  creating $alu model for $ge$src/experiment_event_packet.v:62$164 ($ge): new $alu
  creating $alu model for $ge$src/experiment_event_packet.v:62$162 ($ge): new $alu
  creating $alu model for $ge$src/experiment_event_packet.v:62$160 ($ge): new $alu
  creating $alu model for $ge$src/experiment_event_packet.v:62$158 ($ge): new $alu
  creating $alu model for $ge$src/experiment_event_packet.v:62$156 ($ge): new $alu
  creating $alu model for $ge$src/experiment_event_packet.v:62$154 ($ge): new $alu
  creating $alu model for $ge$src/experiment_event_packet.v:62$152 ($ge): new $alu
  creating $alu model for $ge$src/experiment_event_packet.v:62$150 ($ge): new $alu
  creating $alu model for $ge$src/experiment_event_packet.v:62$148 ($ge): new $alu
  creating $alu model for $ge$src/experiment_event_packet.v:62$146 ($ge): new $alu
  creating $alu model for $ge$src/experiment_event_packet.v:62$144 ($ge): new $alu
  creating $alu model for $ge$src/experiment_event_packet.v:62$142 ($ge): new $alu
  creating $alu model for $ge$src/experiment_event_packet.v:62$140 ($ge): new $alu
  creating $alu model for $ge$src/experiment_event_packet.v:62$138 ($ge): new $alu
  creating $alu model for $ge$src/experiment_event_packet.v:62$136 ($ge): new $alu
  creating $alu model for $ge$src/experiment_event_packet.v:62$134 ($ge): new $alu
  creating $alu model for $ge$src/experiment_event_packet.v:62$132 ($ge): new $alu
  creating $alu model for $ge$src/experiment_event_packet.v:62$130 ($ge): new $alu
  creating $alu model for $ge$src/experiment_event_packet.v:62$128 ($ge): new $alu
  creating $alu model for $ge$src/experiment_event_packet.v:62$126 ($ge): new $alu
  creating $alu model for $ge$src/experiment_event_packet.v:62$124 ($ge): new $alu
  creating $alu model for $ge$src/experiment_event_packet.v:62$122 ($ge): new $alu
  creating $alu model for $ge$src/experiment_event_packet.v:62$120 ($ge): new $alu
  creating $alu model for $ge$src/experiment_event_packet.v:62$118 ($ge): new $alu
  creating $alu model for $ge$src/experiment_event_packet.v:62$116 ($ge): new $alu
  creating $alu model for $ge$src/experiment_event_packet.v:62$114 ($ge): new $alu
  creating $alu model for $le$src/experiment_event_packet.v:44$85 ($le): new $alu
  creating $alu model for $le$src/experiment_event_packet.v:41$71 ($le): new $alu
  creating $alu model for $le$src/experiment_event_packet.v:41$70 ($le): new $alu
  creating $alu model for $le$src/experiment_event_packet.v:38$59 ($le): new $alu
  creating $alu model for $ge$src/experiment_event_packet.v:38$58 ($ge): new $alu
  creating $alu model for $gt$src/experiment_event_packet.v:37$54 ($gt): new $alu
  creating $alu model for $ge$src/experiment_event_packet.v:36$49 ($ge): merged with $gt$src/experiment_event_packet.v:37$54.
  creating $alu model for $le$src/experiment_event_packet.v:36$46 ($le): new $alu
  creating $alu model for $le$src/experiment_event_packet.v:34$36 ($le): new $alu
  creating $alu model for $ge$src/experiment_event_packet.v:34$35 ($ge): new $alu
  creating $alu model for $le$src/experiment_event_packet.v:33$31 ($le): new $alu
  creating $alu model for $ge$src/experiment_event_packet.v:33$29 ($ge): new $alu
  creating $alu model for $le$src/experiment_event_packet.v:33$28 ($le): new $alu
  creating $alu model for $le$src/experiment_event_packet.v:31$24 ($le): new $alu
  creating $alu model for $ge$src/experiment_event_packet.v:30$20 ($ge): new $alu
  creating $alu model for $ge$src/experiment_event_packet.v:30$19 ($ge): new $alu
  creating $alu model for $gt$src/experiment_event_packet.v:29$12 ($gt): new $alu
  creating $alu model for $ne$src/experiment_event_packet.v:46$97 ($ne): merged with $le$src/experiment_event_packet.v:36$46.
  creating $alu model for $eq$src/experiment_event_packet.v:45$93 ($eq): merged with $gt$src/experiment_event_packet.v:37$54.
  creating $alu model for $eq$src/experiment_event_packet.v:44$84 ($eq): merged with $le$src/experiment_event_packet.v:36$46.
  creating $alu cell for $gt$src/experiment_event_packet.v:29$12: $auto$alumacc.cc:548:replace_alu$1684
  creating $alu cell for $ge$src/experiment_event_packet.v:30$19: $auto$alumacc.cc:548:replace_alu$1695
  creating $alu cell for $ge$src/experiment_event_packet.v:30$20: $auto$alumacc.cc:548:replace_alu$1708
  creating $alu cell for $le$src/experiment_event_packet.v:31$24: $auto$alumacc.cc:548:replace_alu$1721
  creating $alu cell for $le$src/experiment_event_packet.v:33$28: $auto$alumacc.cc:548:replace_alu$1730
  creating $alu cell for $ge$src/experiment_event_packet.v:33$29: $auto$alumacc.cc:548:replace_alu$1739
  creating $alu cell for $le$src/experiment_event_packet.v:33$31: $auto$alumacc.cc:548:replace_alu$1752
  creating $alu cell for $ge$src/experiment_event_packet.v:34$35: $auto$alumacc.cc:548:replace_alu$1761
  creating $alu cell for $le$src/experiment_event_packet.v:34$36: $auto$alumacc.cc:548:replace_alu$1774
  creating $alu cell for $le$src/experiment_event_packet.v:36$46, $ne$src/experiment_event_packet.v:46$97, $eq$src/experiment_event_packet.v:44$84: $auto$alumacc.cc:548:replace_alu$1783
  creating $alu cell for $gt$src/experiment_event_packet.v:37$54, $ge$src/experiment_event_packet.v:36$49, $eq$src/experiment_event_packet.v:45$93: $auto$alumacc.cc:548:replace_alu$1794
  creating $alu cell for $ge$src/experiment_event_packet.v:38$58: $auto$alumacc.cc:548:replace_alu$1807
  creating $alu cell for $le$src/experiment_event_packet.v:38$59: $auto$alumacc.cc:548:replace_alu$1820
  creating $alu cell for $le$src/experiment_event_packet.v:41$70: $auto$alumacc.cc:548:replace_alu$1829
  creating $alu cell for $le$src/experiment_event_packet.v:41$71: $auto$alumacc.cc:548:replace_alu$1838
  creating $alu cell for $le$src/experiment_event_packet.v:44$85: $auto$alumacc.cc:548:replace_alu$1847
  creating $alu cell for $ge$src/experiment_event_packet.v:62$114: $auto$alumacc.cc:548:replace_alu$1856
  creating $alu cell for $ge$src/experiment_event_packet.v:62$116: $auto$alumacc.cc:548:replace_alu$1869
  creating $alu cell for $ge$src/experiment_event_packet.v:62$118: $auto$alumacc.cc:548:replace_alu$1882
  creating $alu cell for $ge$src/experiment_event_packet.v:62$120: $auto$alumacc.cc:548:replace_alu$1895
  creating $alu cell for $ge$src/experiment_event_packet.v:62$122: $auto$alumacc.cc:548:replace_alu$1908
  creating $alu cell for $ge$src/experiment_event_packet.v:62$124: $auto$alumacc.cc:548:replace_alu$1921
  creating $alu cell for $ge$src/experiment_event_packet.v:62$126: $auto$alumacc.cc:548:replace_alu$1934
  creating $alu cell for $ge$src/experiment_event_packet.v:62$128: $auto$alumacc.cc:548:replace_alu$1947
  creating $alu cell for $ge$src/experiment_event_packet.v:62$130: $auto$alumacc.cc:548:replace_alu$1960
  creating $alu cell for $ge$src/experiment_event_packet.v:62$132: $auto$alumacc.cc:548:replace_alu$1973
  creating $alu cell for $ge$src/experiment_event_packet.v:62$134: $auto$alumacc.cc:548:replace_alu$1986
  creating $alu cell for $ge$src/experiment_event_packet.v:62$136: $auto$alumacc.cc:548:replace_alu$1999
  creating $alu cell for $ge$src/experiment_event_packet.v:62$138: $auto$alumacc.cc:548:replace_alu$2012
  creating $alu cell for $ge$src/experiment_event_packet.v:62$140: $auto$alumacc.cc:548:replace_alu$2025
  creating $alu cell for $ge$src/experiment_event_packet.v:62$142: $auto$alumacc.cc:548:replace_alu$2038
  creating $alu cell for $ge$src/experiment_event_packet.v:62$144: $auto$alumacc.cc:548:replace_alu$2051
  creating $alu cell for $ge$src/experiment_event_packet.v:62$146: $auto$alumacc.cc:548:replace_alu$2064
  creating $alu cell for $ge$src/experiment_event_packet.v:62$148: $auto$alumacc.cc:548:replace_alu$2077
  creating $alu cell for $ge$src/experiment_event_packet.v:62$150: $auto$alumacc.cc:548:replace_alu$2090
  creating $alu cell for $ge$src/experiment_event_packet.v:62$152: $auto$alumacc.cc:548:replace_alu$2103
  creating $alu cell for $ge$src/experiment_event_packet.v:62$154: $auto$alumacc.cc:548:replace_alu$2116
  creating $alu cell for $ge$src/experiment_event_packet.v:62$156: $auto$alumacc.cc:548:replace_alu$2129
  creating $alu cell for $ge$src/experiment_event_packet.v:62$158: $auto$alumacc.cc:548:replace_alu$2142
  creating $alu cell for $ge$src/experiment_event_packet.v:62$160: $auto$alumacc.cc:548:replace_alu$2155
  creating $alu cell for $ge$src/experiment_event_packet.v:62$162: $auto$alumacc.cc:548:replace_alu$2168
  creating $alu cell for $ge$src/experiment_event_packet.v:62$164: $auto$alumacc.cc:548:replace_alu$2181
  creating $alu cell for $ge$src/experiment_event_packet.v:62$166: $auto$alumacc.cc:548:replace_alu$2194
  creating $alu cell for $add$src/experiment_event_packet.v:69$187: $auto$alumacc.cc:548:replace_alu$2207
  creating $alu cell for $add$src/experiment_event_packet.v:69$186: $auto$alumacc.cc:548:replace_alu$2210
  creating $alu cell for $neg$src/experiment_event_packet.v:68$180: $auto$alumacc.cc:548:replace_alu$2213
  creating $alu cell for $sub$src/experiment_event_packet.v:67$169: $auto$alumacc.cc:548:replace_alu$2216
  creating $alu cell for $add$src/experiment_event_packet.v:63$168: $auto$alumacc.cc:548:replace_alu$2219
  creating $alu cell for $add$src/experiment_event_packet.v:59$113: $auto$alumacc.cc:548:replace_alu$2222
  created 49 $alu and 0 $macc cells.

2.20. Executing OPT pass (performing simple optimizations).

2.20.1. Executing OPT_EXPR pass (perform const folding).
Optimizing module experiment_event_packet.
<suppressed ~1 debug messages>

2.20.2. Executing OPT_MERGE pass (detect identical cells).
Finding identical cells in module `\experiment_event_packet'.
Computing hashes of 415 cells of `\experiment_event_packet'.
Finding duplicate cells in `\experiment_event_packet'.
Removed a total of 0 cells.

2.20.3. Executing OPT_MUXTREE pass (detect dead branches in mux trees).
Running muxtree optimizer on module \experiment_event_packet..
  Creating internal representation of mux trees.
  Evaluating internal representation of mux trees.
  Analyzing evaluation results.
Removed 0 multiplexer ports.
<suppressed ~96 debug messages>

2.20.4. Executing OPT_REDUCE pass (consolidate $*mux and $reduce_* inputs).
  Optimizing cells in module \experiment_event_packet.
Performed a total of 0 changes.

2.20.5. Executing OPT_MERGE pass (detect identical cells).
Finding identical cells in module `\experiment_event_packet'.
Computing hashes of 415 cells of `\experiment_event_packet'.
Finding duplicate cells in `\experiment_event_packet'.
Removed a total of 0 cells.

2.20.6. Executing OPT_DFF pass (perform DFF optimizations).

2.20.7. Executing OPT_CLEAN pass (remove unused cells and wires).
Finding unused cells or wires in module \experiment_event_packet..
Removed 1 unused cells and 48 unused wires.
<suppressed ~2 debug messages>

2.20.8. Executing OPT_EXPR pass (perform const folding).
Optimizing module experiment_event_packet.

2.20.9. Rerunning OPT passes. (Maybe there is more to do..)

2.20.10. Executing OPT_MUXTREE pass (detect dead branches in mux trees).
Running muxtree optimizer on module \experiment_event_packet..
  Creating internal representation of mux trees.
  Evaluating internal representation of mux trees.
  Analyzing evaluation results.
Removed 0 multiplexer ports.
<suppressed ~96 debug messages>

2.20.11. Executing OPT_REDUCE pass (consolidate $*mux and $reduce_* inputs).
  Optimizing cells in module \experiment_event_packet.
Performed a total of 0 changes.

2.20.12. Executing OPT_MERGE pass (detect identical cells).
Finding identical cells in module `\experiment_event_packet'.
Computing hashes of 414 cells of `\experiment_event_packet'.
Finding duplicate cells in `\experiment_event_packet'.
Removed a total of 0 cells.

2.20.13. Executing OPT_DFF pass (perform DFF optimizations).

2.20.14. Executing OPT_CLEAN pass (remove unused cells and wires).
Finding unused cells or wires in module \experiment_event_packet..

2.20.15. Executing OPT_EXPR pass (perform const folding).
Optimizing module experiment_event_packet.

2.20.16. Finished fast OPT passes. (There is nothing left to do.)

2.21. Executing MEMORY pass.

2.21.1. Executing OPT_MEM pass (optimize memories).
Performed a total of 0 transformations.

2.21.2. Executing OPT_MEM_PRIORITY pass (removing unnecessary memory write priority relations).
Performed a total of 0 transformations.

2.21.3. Executing OPT_MEM_FEEDBACK pass (finding memory read-to-write feedback paths).

2.21.4. Executing MEMORY_BMUX2ROM pass (converting muxes to ROMs).

2.21.5. Executing MEMORY_DFF pass (merging $dff cells to $memrd).

2.21.6. Executing OPT_CLEAN pass (remove unused cells and wires).
Finding unused cells or wires in module \experiment_event_packet..

2.21.7. Executing MEMORY_SHARE pass (consolidating $memrd/$memwr cells).

2.21.8. Executing OPT_MEM_WIDEN pass (optimize memories where all ports are wide).
Performed a total of 0 transformations.

2.21.9. Executing OPT_CLEAN pass (remove unused cells and wires).
Finding unused cells or wires in module \experiment_event_packet..

2.21.10. Executing MEMORY_COLLECT pass (generating $mem cells).

2.22. Executing OPT_CLEAN pass (remove unused cells and wires).
Finding unused cells or wires in module \experiment_event_packet..

2.23. Executing MEMORY_LIBMAP pass (mapping memories to cells).

2.24. Executing TECHMAP pass (map to technology primitives).

2.24.1. Executing Verilog-2005 frontend: /Users/elliot/.local/opt/oss-cad-suite/libexec/../share/yosys/gowin/lutrams_map.v
Parsing Verilog input from `/Users/elliot/.local/opt/oss-cad-suite/libexec/../share/yosys/gowin/lutrams_map.v' to AST representation.
Generating RTLIL representation for module `$__GOWIN_LUTRAM_'.
Successfully finished Verilog frontend.

2.24.2. Executing Verilog-2005 frontend: /Users/elliot/.local/opt/oss-cad-suite/libexec/../share/yosys/gowin/brams_map.v
Parsing Verilog input from `/Users/elliot/.local/opt/oss-cad-suite/libexec/../share/yosys/gowin/brams_map.v' to AST representation.
Generating RTLIL representation for module `$__GOWIN_SP_'.
Generating RTLIL representation for module `$__GOWIN_DP_'.
Generating RTLIL representation for module `$__GOWIN_SDP_'.
Successfully finished Verilog frontend.

2.24.3. Continuing TECHMAP pass.
No more expansions possible.
<suppressed ~6 debug messages>

2.25. Executing OPT pass (performing simple optimizations).

2.25.1. Executing OPT_EXPR pass (perform const folding).
Optimizing module experiment_event_packet.
<suppressed ~64 debug messages>

2.25.2. Executing OPT_MERGE pass (detect identical cells).
Finding identical cells in module `\experiment_event_packet'.
Computing hashes of 412 cells of `\experiment_event_packet'.
Finding duplicate cells in `\experiment_event_packet'.
Computing hashes of 389 cells of `\experiment_event_packet'.
Finding duplicate cells in `\experiment_event_packet'.
<suppressed ~69 debug messages>
Removed a total of 23 cells.

2.25.3. Executing OPT_DFF pass (perform DFF optimizations).
Adding SRST signal on $auto$ff.cc:337:slice$1606 ($dffe) from module experiment_event_packet (D = $procmux$1502_Y, Q = \sum, rval = 8'00000000).

2.25.4. Executing OPT_CLEAN pass (remove unused cells and wires).
Finding unused cells or wires in module \experiment_event_packet..
Removed 5 unused cells and 58 unused wires.
<suppressed ~6 debug messages>

2.25.5. Rerunning OPT passes. (Removed registers in this run.)

2.25.6. Executing OPT_EXPR pass (perform const folding).
Optimizing module experiment_event_packet.

2.25.7. Executing OPT_MERGE pass (detect identical cells).
Finding identical cells in module `\experiment_event_packet'.
Computing hashes of 384 cells of `\experiment_event_packet'.
Finding duplicate cells in `\experiment_event_packet'.
Removed a total of 0 cells.

2.25.8. Executing OPT_DFF pass (perform DFF optimizations).

2.25.9. Executing OPT_CLEAN pass (remove unused cells and wires).
Finding unused cells or wires in module \experiment_event_packet..

2.25.10. Finished fast OPT passes.

2.26. Executing MEMORY_MAP pass (converting memories to logic and flip-flops).

2.27. Executing OPT pass (performing simple optimizations).

2.27.1. Executing OPT_EXPR pass (perform const folding).
Optimizing module experiment_event_packet.

2.27.2. Executing OPT_MERGE pass (detect identical cells).
Finding identical cells in module `\experiment_event_packet'.
Computing hashes of 384 cells of `\experiment_event_packet'.
Finding duplicate cells in `\experiment_event_packet'.
Removed a total of 0 cells.

2.27.3. Executing OPT_MUXTREE pass (detect dead branches in mux trees).
Running muxtree optimizer on module \experiment_event_packet..
  Creating internal representation of mux trees.
  Evaluating internal representation of mux trees.
  Analyzing evaluation results.
Removed 0 multiplexer ports.
<suppressed ~51 debug messages>

2.27.4. Executing OPT_REDUCE pass (consolidate $*mux and $reduce_* inputs).
  Optimizing cells in module \experiment_event_packet.
    New ctrl vector for $pmux cell $procmux$1536: { $procmux$1456_CMP \record_ready }
  Optimizing cells in module \experiment_event_packet.
Performed a total of 1 changes.

2.27.5. Executing OPT_MERGE pass (detect identical cells).
Finding identical cells in module `\experiment_event_packet'.
Computing hashes of 384 cells of `\experiment_event_packet'.
Finding duplicate cells in `\experiment_event_packet'.
Removed a total of 0 cells.

2.27.6. Executing OPT_DFF pass (perform DFF optimizations).

2.27.7. Executing OPT_CLEAN pass (remove unused cells and wires).
Finding unused cells or wires in module \experiment_event_packet..

2.27.8. Executing OPT_EXPR pass (perform const folding).
Optimizing module experiment_event_packet.

2.27.9. Rerunning OPT passes. (Maybe there is more to do..)

2.27.10. Executing OPT_MUXTREE pass (detect dead branches in mux trees).
Running muxtree optimizer on module \experiment_event_packet..
  Creating internal representation of mux trees.
  Evaluating internal representation of mux trees.
  Analyzing evaluation results.
Removed 0 multiplexer ports.
<suppressed ~51 debug messages>

2.27.11. Executing OPT_REDUCE pass (consolidate $*mux and $reduce_* inputs).
  Optimizing cells in module \experiment_event_packet.
Performed a total of 0 changes.

2.27.12. Executing OPT_MERGE pass (detect identical cells).
Finding identical cells in module `\experiment_event_packet'.
Computing hashes of 384 cells of `\experiment_event_packet'.
Finding duplicate cells in `\experiment_event_packet'.
Removed a total of 0 cells.

2.27.13. Executing OPT_DFF pass (perform DFF optimizations).

2.27.14. Executing OPT_CLEAN pass (remove unused cells and wires).
Finding unused cells or wires in module \experiment_event_packet..

2.27.15. Executing OPT_EXPR pass (perform const folding).
Optimizing module experiment_event_packet.

2.27.16. Finished fast OPT passes. (There is nothing left to do.)

2.28. Executing TECHMAP pass (map to technology primitives).

2.28.1. Executing Verilog-2005 frontend: /Users/elliot/.local/opt/oss-cad-suite/libexec/../share/yosys/techmap.v
Parsing Verilog input from `/Users/elliot/.local/opt/oss-cad-suite/libexec/../share/yosys/techmap.v' to AST representation.
Generating RTLIL representation for module `\_90_simplemap_bool_ops'.
Generating RTLIL representation for module `\_90_simplemap_reduce_ops'.
Generating RTLIL representation for module `\_90_simplemap_logic_ops'.
Generating RTLIL representation for module `\_90_simplemap_compare_ops'.
Generating RTLIL representation for module `\_90_simplemap_various'.
Generating RTLIL representation for module `\_90_simplemap_registers'.
Generating RTLIL representation for module `\_90_shift_ops_shr_shl_sshl_sshr'.
Generating RTLIL representation for module `\_90_shift_shiftx'.
Generating RTLIL representation for module `\_90_fa'.
Generating RTLIL representation for module `\_90_lcu_brent_kung'.
Generating RTLIL representation for module `\_90_alu'.
Generating RTLIL representation for module `\_90_macc'.
Generating RTLIL representation for module `\_90_alumacc'.
Generating RTLIL representation for module `$__div_mod_u'.
Generating RTLIL representation for module `$__div_mod_trunc'.
Generating RTLIL representation for module `\_90_div'.
Generating RTLIL representation for module `\_90_mod'.
Generating RTLIL representation for module `$__div_mod_floor'.
Generating RTLIL representation for module `\_90_divfloor'.
Generating RTLIL representation for module `\_90_modfloor'.
Generating RTLIL representation for module `\_90_pow'.
Generating RTLIL representation for module `\_90_demux'.
Generating RTLIL representation for module `\_90_lut'.
Generating RTLIL representation for module `$connect'.
Generating RTLIL representation for module `$input_port'.
Successfully finished Verilog frontend.

2.28.2. Executing Verilog-2005 frontend: /Users/elliot/.local/opt/oss-cad-suite/libexec/../share/yosys/gowin/arith_map.v
Parsing Verilog input from `/Users/elliot/.local/opt/oss-cad-suite/libexec/../share/yosys/gowin/arith_map.v' to AST representation.
Generating RTLIL representation for module `\_80_gw1n_alu'.
Successfully finished Verilog frontend.

2.28.3. Continuing TECHMAP pass.
Using extmapper simplemap for cells of type $sdffce.
Using extmapper simplemap for cells of type $not.
Using template $paramod$85346e2bb785dcf893ec7ec8ecc1994519d951c8\_80_gw1n_alu for cells of type $alu.
Using template $paramod$10ed987432f06055e5279101f9ec60a49861b43c\_80_gw1n_alu for cells of type $alu.
Using template $paramod$40ec39fdbb40e313957832362e47914160e3dfcb\_80_gw1n_alu for cells of type $alu.
Using template $paramod$a1bc51c02ce12ac21eb18988e83292af48ed7d72\_80_gw1n_alu for cells of type $alu.
Using template $paramod$103b4016182df467cceab67bcf3e18e6361ec0fd\_80_gw1n_alu for cells of type $alu.
Using extmapper simplemap for cells of type $reduce_or.
Using extmapper simplemap for cells of type $or.
Using extmapper simplemap for cells of type $reduce_and.
Using template $paramod$b18e16801adf491a64caa0542270798e5d4ac6b6\_80_gw1n_alu for cells of type $alu.
Using template $paramod$740b056ede97228d3eae64ea2fdc81f0a33e0fe7\_80_gw1n_alu for cells of type $alu.
Using template $paramod$7e708ae28ab761f11d0fb59d3ffc72f6a4baf5d9\_90_alu for cells of type $alu.
Using template $paramod$78e969f2586efcf3a5b0b0440bcca0db83d5cca2\_80_gw1n_alu for cells of type $alu.
Using template $paramod$adbaf76fa5a3091a329503792521395f8ff4d1a4\_90_alu for cells of type $alu.
Using template $paramod$83dd457849c736323edf2edb15923eb27f99c683\_80_gw1n_alu for cells of type $alu.
Using template $paramod$1a3a0c35c4a4896fbfd612699525c057298e72d2\_80_gw1n_alu for cells of type $alu.
Using template $paramod$79fc7abbb3333dbd5736999d565fd903198fb1eb\_80_gw1n_alu for cells of type $alu.
Using template $paramod$d1615bf4e5e328245ffd1550e5fe105901cda77b\_90_alu for cells of type $alu.
Using template $paramod$03eba0cdd46566f6651a3011e0b5671fa6b5e494\_80_gw1n_alu for cells of type $alu.
Using template $paramod$f85408ed1aa3d09e465edae8a7bf590332ae9f7b\_80_gw1n_alu for cells of type $alu.
Using template $paramod$7af24cf7f572852703f08ef7a936c59efa2c57af\_80_gw1n_alu for cells of type $alu.
Using template $paramod$3ac6e4268d0279df14823f25676acf685165517e\_80_gw1n_alu for cells of type $alu.
Using template $paramod$6b90a16b6f3b57b9c9d958838204f952a01dc262\_80_gw1n_alu for cells of type $alu.
Using template $paramod$672a140277c71df8314410f22acc08d55222c3c7\_80_gw1n_alu for cells of type $alu.
Using template $paramod$dc04b7d98e503a7bab16fce2df70e6e2c5ca34d6\_80_gw1n_alu for cells of type $alu.
Using template $paramod$403a3c2fa431a154c52a6a5429d7a6260b5d144f\_80_gw1n_alu for cells of type $alu.
Using template $paramod$75108d6e8d490ab2eec24aee458e87cb2a6c124c\_80_gw1n_alu for cells of type $alu.
Using template $paramod$a04dd9d4d8b430140c4ff94b50470fb380fda2a0\_80_gw1n_alu for cells of type $alu.
Using template $paramod$039520c137afc9cd69dd56c3fb11a4e1fbe5f664\_80_gw1n_alu for cells of type $alu.
Using template $paramod$fc972a7a46956c1788f3cb5257b53c8f1df2d0cc\_90_alu for cells of type $alu.
Using template $paramod$ed40eaed6d7865a5f6e873e7da3aa6067d71cfbb\_80_gw1n_alu for cells of type $alu.
Using extmapper simplemap for cells of type $bmux.
Using extmapper simplemap for cells of type $sdffe.
Using extmapper simplemap for cells of type $ne.
Using extmapper simplemap for cells of type $reduce_bool.
Using extmapper simplemap for cells of type $sdff.
Using extmapper simplemap for cells of type $logic_or.
Using extmapper simplemap for cells of type $eq.
Using extmapper simplemap for cells of type $mux.
Using extmapper simplemap for cells of type $logic_and.
Using extmapper simplemap for cells of type $logic_not.
Using template $paramod$constmap:cd60aba434edd453c45ccf214f4b52ee3936d62e$paramod$729053c34d920e18d2192295dbd881988fd62a6c\_90_shift_shiftx for cells of type $shift.
Using extmapper simplemap for cells of type $and.
Analyzing pattern of constant bits for this cell:
Creating constmapped module `$paramod$constmap:b91c81247bc485e1b204a74411b951929304bbb5$paramod$729053c34d920e18d2192295dbd881988fd62a6c\_90_shift_shiftx'.

2.28.67. Executing OPT_MUXTREE pass (detect dead branches in mux trees).
Running muxtree optimizer on module $paramod$constmap:b91c81247bc485e1b204a74411b951929304bbb5$paramod$729053c34d920e18d2192295dbd881988fd62a6c\_90_shift_shiftx..
  Creating internal representation of mux trees.
  Evaluating internal representation of mux trees.
  Analyzing evaluation results.
    dead port 2/2 on $mux $procmux$5917.
    dead port 2/2 on $mux $procmux$5923.
    dead port 2/2 on $mux $procmux$5929.
    dead port 2/2 on $mux $procmux$5935.
    dead port 2/2 on $mux $procmux$5941.
    dead port 2/2 on $mux $procmux$5947.
    dead port 2/2 on $mux $procmux$5953.
    dead port 2/2 on $mux $procmux$5959.
    dead port 2/2 on $mux $procmux$5965.
    dead port 2/2 on $mux $procmux$5971.
Removed 10 multiplexer ports.
<suppressed ~1574 debug messages>

2.28.68. Executing OPT_EXPR pass (perform const folding).
Optimizing module $paramod$constmap:b91c81247bc485e1b204a74411b951929304bbb5$paramod$729053c34d920e18d2192295dbd881988fd62a6c\_90_shift_shiftx.
<suppressed ~24 debug messages>
Removed 0 unused cells and 15 unused wires.
Using template $paramod$constmap:b91c81247bc485e1b204a74411b951929304bbb5$paramod$729053c34d920e18d2192295dbd881988fd62a6c\_90_shift_shiftx for cells of type $shift.
Using extmapper simplemap for cells of type $pmux.
Using extmapper simplemap for cells of type $pos.
Using extmapper simplemap for cells of type $xor.
Using template $paramod\_90_fa\WIDTH=32'00000000000000000000000000000010 for cells of type $fa.
Using template $paramod\_90_lcu_brent_kung\WIDTH=32'00000000000000000000000000000010 for cells of type $lcu.
Using template $paramod\_90_fa\WIDTH=32'00000000000000000000000000000001 for cells of type $fa.
Using template $paramod\_90_lcu_brent_kung\WIDTH=32'00000000000000000000000000000001 for cells of type $lcu.
No more expansions possible.
<suppressed ~1184 debug messages>

2.29. Executing OPT pass (performing simple optimizations).

2.29.1. Executing OPT_EXPR pass (perform const folding).
Optimizing module experiment_event_packet.
<suppressed ~35020 debug messages>

2.29.2. Executing OPT_MERGE pass (detect identical cells).
Finding identical cells in module `\experiment_event_packet'.
Computing hashes of 10366 cells of `\experiment_event_packet'.
Finding duplicate cells in `\experiment_event_packet'.
Computing hashes of 10161 cells of `\experiment_event_packet'.
Finding duplicate cells in `\experiment_event_packet'.
Computing hashes of 10100 cells of `\experiment_event_packet'.
Finding duplicate cells in `\experiment_event_packet'.
Computing hashes of 10079 cells of `\experiment_event_packet'.
Finding duplicate cells in `\experiment_event_packet'.
Computing hashes of 10070 cells of `\experiment_event_packet'.
Finding duplicate cells in `\experiment_event_packet'.
Computing hashes of 10069 cells of `\experiment_event_packet'.
Finding duplicate cells in `\experiment_event_packet'.
Computing hashes of 10068 cells of `\experiment_event_packet'.
Finding duplicate cells in `\experiment_event_packet'.
Computing hashes of 10067 cells of `\experiment_event_packet'.
Finding duplicate cells in `\experiment_event_packet'.
Computing hashes of 10066 cells of `\experiment_event_packet'.
Finding duplicate cells in `\experiment_event_packet'.
Computing hashes of 10065 cells of `\experiment_event_packet'.
Finding duplicate cells in `\experiment_event_packet'.
Computing hashes of 10064 cells of `\experiment_event_packet'.
Finding duplicate cells in `\experiment_event_packet'.
Computing hashes of 10063 cells of `\experiment_event_packet'.
Finding duplicate cells in `\experiment_event_packet'.
Computing hashes of 10062 cells of `\experiment_event_packet'.
Finding duplicate cells in `\experiment_event_packet'.
Computing hashes of 10061 cells of `\experiment_event_packet'.
Finding duplicate cells in `\experiment_event_packet'.
Computing hashes of 10060 cells of `\experiment_event_packet'.
Finding duplicate cells in `\experiment_event_packet'.
Computing hashes of 10059 cells of `\experiment_event_packet'.
Finding duplicate cells in `\experiment_event_packet'.
Computing hashes of 10058 cells of `\experiment_event_packet'.
Finding duplicate cells in `\experiment_event_packet'.
Computing hashes of 10057 cells of `\experiment_event_packet'.
Finding duplicate cells in `\experiment_event_packet'.
Computing hashes of 10056 cells of `\experiment_event_packet'.
Finding duplicate cells in `\experiment_event_packet'.
Computing hashes of 10055 cells of `\experiment_event_packet'.
Finding duplicate cells in `\experiment_event_packet'.
Computing hashes of 10054 cells of `\experiment_event_packet'.
Finding duplicate cells in `\experiment_event_packet'.
Computing hashes of 10053 cells of `\experiment_event_packet'.
Finding duplicate cells in `\experiment_event_packet'.
Computing hashes of 10052 cells of `\experiment_event_packet'.
Finding duplicate cells in `\experiment_event_packet'.
<suppressed ~942 debug messages>
Removed a total of 314 cells.

2.29.3. Executing OPT_DFF pass (perform DFF optimizations).

2.29.4. Executing OPT_CLEAN pass (remove unused cells and wires).
Finding unused cells or wires in module \experiment_event_packet..
Removed 1084 unused cells and 2236 unused wires.
<suppressed ~1085 debug messages>

2.29.5. Finished fast OPT passes.

2.30. Executing IOPADMAP pass (mapping inputs/outputs to IO-PAD cells).
Mapping port experiment_event_packet.fault using OBUF.
Mapping port experiment_event_packet.packet_length using OBUF.
Mapping port experiment_event_packet.packet using OBUF.
Mapping port experiment_event_packet.packet_ready using IBUF.
Mapping port experiment_event_packet.packet_valid using OBUF.
Mapping port experiment_event_packet.data using IBUF.
Mapping port experiment_event_packet.stored_width using IBUF.
Mapping port experiment_event_packet.reported_width using IBUF.
Mapping port experiment_event_packet.completion_ticks using IBUF.
Mapping port experiment_event_packet.request_ticks using IBUF.
Mapping port experiment_event_packet.device_error using IBUF.
Mapping port experiment_event_packet.sequence using IBUF.
Mapping port experiment_event_packet.outcome using IBUF.
Mapping port experiment_event_packet.motor_id using IBUF.
Mapping port experiment_event_packet.frame using IBUF.
Mapping port experiment_event_packet.run_id using IBUF.
Mapping port experiment_event_packet.kind using IBUF.
Mapping port experiment_event_packet.record_ready using OBUF.
Mapping port experiment_event_packet.record_valid using IBUF.
Mapping port experiment_event_packet.rst using IBUF.
Mapping port experiment_event_packet.clk using IBUF.

2.31. Executing OPT_CLEAN pass (remove unused cells and wires).
Finding unused cells or wires in module \experiment_event_packet..
Removed 0 unused cells and 11 unused wires.
<suppressed ~1 debug messages>

2.32. Executing DFFLEGALIZE pass (convert FFs to types supported by the target).

2.33. Executing TECHMAP pass (map to technology primitives).

2.33.1. Executing Verilog-2005 frontend: /Users/elliot/.local/opt/oss-cad-suite/libexec/../share/yosys/gowin/cells_map.v
Parsing Verilog input from `/Users/elliot/.local/opt/oss-cad-suite/libexec/../share/yosys/gowin/cells_map.v' to AST representation.
Generating RTLIL representation for module `$_DFF_N_'.
Generating RTLIL representation for module `$_DFF_P_'.
Generating RTLIL representation for module `$_DFFE_PP_'.
Generating RTLIL representation for module `$_DFFE_NP_'.
Generating RTLIL representation for module `$_SDFF_PP0_'.
Generating RTLIL representation for module `$_SDFF_NP0_'.
Generating RTLIL representation for module `$_SDFFE_PP0P_'.
Generating RTLIL representation for module `$_SDFFE_NP0P_'.
Generating RTLIL representation for module `$_SDFF_PP1_'.
Generating RTLIL representation for module `$_SDFF_NP1_'.
Generating RTLIL representation for module `$_SDFFE_PP1P_'.
Generating RTLIL representation for module `$_SDFFE_NP1P_'.
Generating RTLIL representation for module `$_DFF_PP1_'.
Generating RTLIL representation for module `$_DFF_NP1_'.
Generating RTLIL representation for module `$_DFF_PP0_'.
Generating RTLIL representation for module `$_DFF_NP0_'.
Generating RTLIL representation for module `$_DFFE_PP1P_'.
Generating RTLIL representation for module `$_DFFE_NP1P_'.
Generating RTLIL representation for module `$_DFFE_PP0P_'.
Generating RTLIL representation for module `$_DFFE_NP0P_'.
Generating RTLIL representation for module `$lut'.
Successfully finished Verilog frontend.

2.33.2. Continuing TECHMAP pass.
Using template $_SDFFE_PP0P_ for cells of type $_SDFFE_PP0P_.
Using template $_SDFF_PP0_ for cells of type $_SDFF_PP0_.
No more expansions possible.
<suppressed ~560 debug messages>

2.34. Executing TECHMAP pass (map to technology primitives).

2.34.1. Executing Verilog-2005 frontend: /Users/elliot/.local/opt/oss-cad-suite/libexec/../share/yosys/gowin/cells_latch.v
Parsing Verilog input from `/Users/elliot/.local/opt/oss-cad-suite/libexec/../share/yosys/gowin/cells_latch.v' to AST representation.
Generating RTLIL representation for module `$_DLATCH_P_'.
Generating RTLIL representation for module `$_DLATCH_N_'.
Generating RTLIL representation for module `$_DLATCH_PP0_'.
Generating RTLIL representation for module `$_DLATCH_NP0_'.
Generating RTLIL representation for module `$_DLATCH_PP1_'.
Generating RTLIL representation for module `$_DLATCH_NP1_'.
Successfully finished Verilog frontend.

2.34.2. Continuing TECHMAP pass.
No more expansions possible.
<suppressed ~8 debug messages>

2.35. Executing OPT_EXPR pass (perform const folding).
Optimizing module experiment_event_packet.
<suppressed ~14 debug messages>

2.36. Executing SIMPLEMAP pass (map simple cells to gate primitives).

2.37. Executing SORT pass.

2.38. Executing Verilog-2005 frontend: /Users/elliot/.local/opt/oss-cad-suite/libexec/../share/yosys/abc9_model.v
Parsing Verilog input from `/Users/elliot/.local/opt/oss-cad-suite/libexec/../share/yosys/abc9_model.v' to AST representation.
Generating RTLIL representation for module `$__ABC9_DELAY'.
Generating RTLIL representation for module `$__ABC9_SCC_BREAKER'.
Generating RTLIL representation for module `$__DFF_N__$abc9_flop'.
Generating RTLIL representation for module `$__DFF_P__$abc9_flop'.
Successfully finished Verilog frontend.

2.39. Executing ABC9 pass.

2.39.1. Executing ABC9_OPS pass (helper functions for ABC9).

2.39.2. Executing ABC9_OPS pass (helper functions for ABC9).

2.39.3. Executing PROC pass (convert processes to netlists).

2.39.3.1. Executing PROC_CLEAN pass (remove empty switches from decision trees).
Found and cleaned up 1 empty switch in `$paramod\ALU\ALU_MODE=s32'00000000000000000000000000000010.$proc$/Users/elliot/.local/opt/oss-cad-suite/libexec/../share/yosys/gowin/cells_sim.v:1064$48987'.
Cleaned up 1 empty switch.

2.39.3.2. Executing PROC_RMDEAD pass (remove dead branches from decision trees).
Removed a total of 0 dead cases.

2.39.3.3. Executing PROC_PRUNE pass (remove redundant assignments in processes).
Removed 0 redundant assignments.
Promoted 4 assignments to connections.

2.39.3.4. Executing PROC_INIT pass (extract init attributes).

2.39.3.5. Executing PROC_ARST pass (detect async resets in processes).

2.39.3.6. Executing PROC_ROM pass (convert switches to ROMs).
Converted 0 switches.

2.39.3.7. Executing PROC_MUX pass (convert decision trees to multiplexers).
Creating decoders for process `$paramod\ALU\ALU_MODE=s32'00000000000000000000000000000010.$proc$/Users/elliot/.local/opt/oss-cad-suite/libexec/../share/yosys/gowin/cells_sim.v:1064$48987'.

2.39.3.8. Executing PROC_DLATCH pass (convert process syncs to latches).
No latch inferred for signal `$paramod\ALU\ALU_MODE=s32'00000000000000000000000000000010.\C' from process `$paramod\ALU\ALU_MODE=s32'00000000000000000000000000000010.$proc$/Users/elliot/.local/opt/oss-cad-suite/libexec/../share/yosys/gowin/cells_sim.v:1064$48987'.
No latch inferred for signal `$paramod\ALU\ALU_MODE=s32'00000000000000000000000000000010.\S' from process `$paramod\ALU\ALU_MODE=s32'00000000000000000000000000000010.$proc$/Users/elliot/.local/opt/oss-cad-suite/libexec/../share/yosys/gowin/cells_sim.v:1064$48987'.

2.39.3.9. Executing PROC_DFF pass (convert process syncs to FFs).

2.39.3.10. Executing PROC_MEMWR pass (convert process memory writes to cells).

2.39.3.11. Executing PROC_CLEAN pass (remove empty switches from decision trees).
Removing empty process `$paramod\ALU\ALU_MODE=s32'00000000000000000000000000000010.$proc$/Users/elliot/.local/opt/oss-cad-suite/libexec/../share/yosys/gowin/cells_sim.v:1064$48987'.
Cleaned up 0 empty switches.

2.39.4. Executing SCC pass (detecting logic loops).
Found 0 SCCs in module experiment_event_packet.
Found 0 SCCs.

2.39.5. Executing ABC9_OPS pass (helper functions for ABC9).

2.39.6. Executing TECHMAP pass (map to technology primitives).

2.39.6.1. Executing Verilog-2005 frontend: /Users/elliot/.local/opt/oss-cad-suite/libexec/../share/yosys/techmap.v
Parsing Verilog input from `/Users/elliot/.local/opt/oss-cad-suite/libexec/../share/yosys/techmap.v' to AST representation.
Generating RTLIL representation for module `\_90_simplemap_bool_ops'.
Generating RTLIL representation for module `\_90_simplemap_reduce_ops'.
Generating RTLIL representation for module `\_90_simplemap_logic_ops'.
Generating RTLIL representation for module `\_90_simplemap_compare_ops'.
Generating RTLIL representation for module `\_90_simplemap_various'.
Generating RTLIL representation for module `\_90_simplemap_registers'.
Generating RTLIL representation for module `\_90_shift_ops_shr_shl_sshl_sshr'.
Generating RTLIL representation for module `\_90_shift_shiftx'.
Generating RTLIL representation for module `\_90_fa'.
Generating RTLIL representation for module `\_90_lcu_brent_kung'.
Generating RTLIL representation for module `\_90_alu'.
Generating RTLIL representation for module `\_90_macc'.
Generating RTLIL representation for module `\_90_alumacc'.
Generating RTLIL representation for module `$__div_mod_u'.
Generating RTLIL representation for module `$__div_mod_trunc'.
Generating RTLIL representation for module `\_90_div'.
Generating RTLIL representation for module `\_90_mod'.
Generating RTLIL representation for module `$__div_mod_floor'.
Generating RTLIL representation for module `\_90_divfloor'.
Generating RTLIL representation for module `\_90_modfloor'.
Generating RTLIL representation for module `\_90_pow'.
Generating RTLIL representation for module `\_90_demux'.
Generating RTLIL representation for module `\_90_lut'.
Generating RTLIL representation for module `$connect'.
Generating RTLIL representation for module `$input_port'.
Successfully finished Verilog frontend.

2.39.6.2. Continuing TECHMAP pass.
No more expansions possible.
<suppressed ~230 debug messages>

2.39.7. Executing OPT pass (performing simple optimizations).

2.39.7.1. Executing OPT_EXPR pass (perform const folding).

2.39.7.2. Executing OPT_MERGE pass (detect identical cells).
Removed a total of 0 cells.

2.39.7.3. Executing OPT_MUXTREE pass (detect dead branches in mux trees).
Removed 0 multiplexer ports.

2.39.7.4. Executing OPT_REDUCE pass (consolidate $*mux and $reduce_* inputs).
Performed a total of 0 changes.

2.39.7.5. Executing OPT_MERGE pass (detect identical cells).
Removed a total of 0 cells.

2.39.7.6. Executing OPT_DFF pass (perform DFF optimizations).

2.39.7.7. Executing OPT_CLEAN pass (remove unused cells and wires).

2.39.7.8. Executing OPT_EXPR pass (perform const folding).

2.39.7.9. Finished fast OPT passes. (There is nothing left to do.)

2.39.8. Executing TECHMAP pass (map to technology primitives).

2.39.8.1. Executing Verilog-2005 frontend: /Users/elliot/.local/opt/oss-cad-suite/libexec/../share/yosys/abc9_map.v
Parsing Verilog input from `/Users/elliot/.local/opt/oss-cad-suite/libexec/../share/yosys/abc9_map.v' to AST representation.
Successfully finished Verilog frontend.

2.39.8.2. Continuing TECHMAP pass.
No more expansions possible.
<suppressed ~2 debug messages>

2.39.9. Executing Verilog-2005 frontend: /Users/elliot/.local/opt/oss-cad-suite/libexec/../share/yosys/abc9_model.v
Parsing Verilog input from `/Users/elliot/.local/opt/oss-cad-suite/libexec/../share/yosys/abc9_model.v' to AST representation.
Replacing existing blackbox module `$__ABC9_DELAY' at /Users/elliot/.local/opt/oss-cad-suite/libexec/../share/yosys/abc9_model.v:2.1-7.10.
Generating RTLIL representation for module `$__ABC9_DELAY'.
Replacing existing blackbox module `$__ABC9_SCC_BREAKER' at /Users/elliot/.local/opt/oss-cad-suite/libexec/../share/yosys/abc9_model.v:9.1-11.10.
Generating RTLIL representation for module `$__ABC9_SCC_BREAKER'.
Replacing existing module `$__DFF_N__$abc9_flop' at /Users/elliot/.local/opt/oss-cad-suite/libexec/../share/yosys/abc9_model.v:14.1-20.10.
Generating RTLIL representation for module `$__DFF_N__$abc9_flop'.
Replacing existing module `$__DFF_P__$abc9_flop' at /Users/elliot/.local/opt/oss-cad-suite/libexec/../share/yosys/abc9_model.v:23.1-29.10.
Generating RTLIL representation for module `$__DFF_P__$abc9_flop'.
Successfully finished Verilog frontend.

2.39.10. Executing ABC9_OPS pass (helper functions for ABC9).
<suppressed ~1612 debug messages>

2.39.11. Executing ABC9_OPS pass (helper functions for ABC9).

2.39.12. Executing ABC9_OPS pass (helper functions for ABC9).
<suppressed ~2 debug messages>

2.39.13. Executing TECHMAP pass (map to technology primitives).

2.39.13.1. Executing Verilog-2005 frontend: /Users/elliot/.local/opt/oss-cad-suite/libexec/../share/yosys/techmap.v
Parsing Verilog input from `/Users/elliot/.local/opt/oss-cad-suite/libexec/../share/yosys/techmap.v' to AST representation.
Generating RTLIL representation for module `\_90_simplemap_bool_ops'.
Generating RTLIL representation for module `\_90_simplemap_reduce_ops'.
Generating RTLIL representation for module `\_90_simplemap_logic_ops'.
Generating RTLIL representation for module `\_90_simplemap_compare_ops'.
Generating RTLIL representation for module `\_90_simplemap_various'.
Generating RTLIL representation for module `\_90_simplemap_registers'.
Generating RTLIL representation for module `\_90_shift_ops_shr_shl_sshl_sshr'.
Generating RTLIL representation for module `\_90_shift_shiftx'.
Generating RTLIL representation for module `\_90_fa'.
Generating RTLIL representation for module `\_90_lcu_brent_kung'.
Generating RTLIL representation for module `\_90_alu'.
Generating RTLIL representation for module `\_90_macc'.
Generating RTLIL representation for module `\_90_alumacc'.
Generating RTLIL representation for module `$__div_mod_u'.
Generating RTLIL representation for module `$__div_mod_trunc'.
Generating RTLIL representation for module `\_90_div'.
Generating RTLIL representation for module `\_90_mod'.
Generating RTLIL representation for module `$__div_mod_floor'.
Generating RTLIL representation for module `\_90_divfloor'.
Generating RTLIL representation for module `\_90_modfloor'.
Generating RTLIL representation for module `\_90_pow'.
Generating RTLIL representation for module `\_90_demux'.
Generating RTLIL representation for module `\_90_lut'.
Generating RTLIL representation for module `$connect'.
Generating RTLIL representation for module `$input_port'.
Successfully finished Verilog frontend.

2.39.13.2. Continuing TECHMAP pass.
Using template $paramod\ALU\ALU_MODE=s32'00000000000000000000000000000010 for cells of type $paramod\ALU\ALU_MODE=s32'00000000000000000000000000000010.
Using extmapper simplemap for cells of type $mux.
Using extmapper simplemap for cells of type $xor.
Using extmapper simplemap for cells of type $not.
No more expansions possible.
<suppressed ~239 debug messages>

2.39.14. Executing OPT pass (performing simple optimizations).

2.39.14.1. Executing OPT_EXPR pass (perform const folding).
Optimizing module experiment_event_packet.

2.39.14.2. Executing OPT_MERGE pass (detect identical cells).
Finding identical cells in module `\experiment_event_packet'.
Computing hashes of 14 cells of `\experiment_event_packet'.
Finding duplicate cells in `\experiment_event_packet'.
Removed a total of 0 cells.

2.39.14.3. Executing OPT_MUXTREE pass (detect dead branches in mux trees).
Running muxtree optimizer on module \experiment_event_packet..
  Creating internal representation of mux trees.
  No muxes found in this module.
Removed 0 multiplexer ports.

2.39.14.4. Executing OPT_REDUCE pass (consolidate $*mux and $reduce_* inputs).
  Optimizing cells in module \experiment_event_packet.
Performed a total of 0 changes.

2.39.14.5. Executing OPT_MERGE pass (detect identical cells).
Finding identical cells in module `\experiment_event_packet'.
Computing hashes of 14 cells of `\experiment_event_packet'.
Finding duplicate cells in `\experiment_event_packet'.
Removed a total of 0 cells.

2.39.14.6. Executing OPT_DFF pass (perform DFF optimizations).

2.39.14.7. Executing OPT_CLEAN pass (remove unused cells and wires).
Finding unused cells or wires in module \experiment_event_packet..
Removed 0 unused cells and 16 unused wires.
<suppressed ~1 debug messages>

2.39.14.8. Executing OPT_EXPR pass (perform const folding).
Optimizing module experiment_event_packet.

2.39.14.9. Rerunning OPT passes. (Maybe there is more to do..)

2.39.14.10. Executing OPT_MUXTREE pass (detect dead branches in mux trees).
Running muxtree optimizer on module \experiment_event_packet..
  Creating internal representation of mux trees.
  No muxes found in this module.
Removed 0 multiplexer ports.

2.39.14.11. Executing OPT_REDUCE pass (consolidate $*mux and $reduce_* inputs).
  Optimizing cells in module \experiment_event_packet.
Performed a total of 0 changes.

2.39.14.12. Executing OPT_MERGE pass (detect identical cells).
Finding identical cells in module `\experiment_event_packet'.
Computing hashes of 14 cells of `\experiment_event_packet'.
Finding duplicate cells in `\experiment_event_packet'.
Removed a total of 0 cells.

2.39.14.13. Executing OPT_DFF pass (perform DFF optimizations).

2.39.14.14. Executing OPT_CLEAN pass (remove unused cells and wires).
Finding unused cells or wires in module \experiment_event_packet..

2.39.14.15. Executing OPT_EXPR pass (perform const folding).
Optimizing module experiment_event_packet.

2.39.14.16. Finished fast OPT passes. (There is nothing left to do.)

2.39.15. Executing AIGMAP pass (map logic to AIG).
Module experiment_event_packet: replaced 5 cells with 35 new cells, skipped 9 cells.
  replaced 2 cell types:
       2 $_MUX_
       3 $_XOR_
  not replaced 2 cell types:
       1 $_NOT_
       8 $specify2

2.39.16. Executing AIGMAP pass (map logic to AIG).
Module experiment_event_packet: replaced 5885 cells with 38598 new cells, skipped 5652 cells.
  replaced 4 cell types:
    4598 $_MUX_
       8 $_ORNOT_
     855 $_OR_
     424 $_XOR_
  not replaced 9 cell types:
     988 $_AND_
    1001 $_NOT_
     435 IBUF
       1 DFFR
     536 DFFRE
     522 OBUF
     559 $paramod\ALU\ALU_MODE=s32'00000000000000000000000000000010
     537 $paramod$__ABC9_DELAY\DELAY=32'00000000000000000000001001000000
    1073 $paramod$__ABC9_DELAY\DELAY=32'00000000000000000000000000111111

2.39.16.1. Executing ABC9_OPS pass (helper functions for ABC9).

2.39.16.2. Executing ABC9_OPS pass (helper functions for ABC9).

2.39.16.3. Executing XAIGER backend.
<suppressed ~548 debug messages>
Extracted 16917 AND gates and 45776 wires from module `experiment_event_packet' to a netlist network with 1929 inputs and 2655 outputs.

2.39.16.4. Executing ABC9_EXE pass (technology mapping using ABC9).

2.39.16.5. Executing ABC9.
Running ABC command: "<yosys-exe-dir>/yosys-abc" -s -f <abc-temp-dir>/abc.script 2>&1
ABC: ======== ABC command line "source <abc-temp-dir>/abc.script"
ABC: + read_lut <abc-temp-dir>/input.lut 
ABC: + read_box <abc-temp-dir>/input.box 
ABC: + &read <abc-temp-dir>/input.xaig 
ABC: + &ps 
ABC: <abc-temp-dir>/input : i/o =   1929/   2655  and =    9913  lev =   42 (5.65)  mem = 0.28 MB  box = 2169  bb = 1610
ABC: + &scorr 
ABC: Warning: The network is combinational.
ABC: + &sweep 
ABC: + &dc2 
ABC: + &dch -f -r 
ABC: + &ps 
ABC: <abc-temp-dir>/input : i/o =   1929/   2655  and =   11883  lev =   20 (2.18)  mem = 0.30 MB  ch = 1457  box = 2138  bb = 1610
ABC: cst =       0  cls =   1427  lit =    1457  unused =   13594  proof =     0
ABC: Warning: AIG with boxes has internal fanout in 0 complex flops and 2 carries.
ABC: + &if -W 500 -v 
ABC: K = 8. Memory (bytes): Truth =    0. Cut =   80. Obj =  160. Set =  816. CutMin = no
ABC: Node =   11883.  Ch =  1427.  Total mem =    3.84 MB. Peak cut mem =    0.12 MB.
ABC: P:  Del = 12849.00.  Ar =   14134.0.  Edge =     9090.  Cut =   119596.  T =     0.02 sec
ABC: P:  Del = 11838.00.  Ar =   13990.0.  Edge =     9010.  Cut =   118919.  T =     0.02 sec
ABC: P:  Del = 11838.00.  Ar =    4053.0.  Edge =     6980.  Cut =   244090.  T =     0.04 sec
ABC: F:  Del = 11822.00.  Ar =    2108.0.  Edge =     6299.  Cut =   223649.  T =     0.04 sec
ABC: A:  Del = 11822.00.  Ar =    2020.0.  Edge =     5927.  Cut =   221609.  T =     0.06 sec
ABC: A:  Del = 11822.00.  Ar =    2002.0.  Edge =     5925.  Cut =   220916.  T =     0.06 sec
ABC: Total time =     0.24 sec
ABC: + &write -n <abc-temp-dir>/output.aig 
ABC: + &mfs 
ABC: + &ps -l 
ABC: <abc-temp-dir>/input : i/o =   1929/   2655  and =    6002  lev =   26 (2.82)  mem = 0.24 MB  box = 2126  bb = 1610
ABC: Mapping (K=8)  :  lut =   1480  edge =    5823  lev =    9 (1.10)  levB =   69  mem = 0.10 MB
ABC: LUT = 1480 : 2=87 5.9 %  3=312 21.1 %  4=722 48.8 %  5=346 23.4 %  6=2 0.1 %  7=5 0.3 %  8=6 0.4 %  Ave = 3.93
ABC: Warning: AIG with boxes has internal fanout in 0 complex flops and 2 carries.
ABC: + &write -n <abc-temp-dir>/output.aig 
ABC: + &verify 
ABC: Networks are equivalent.  Time =     0.20 sec
ABC: + time 
ABC: elapse: 2.35 seconds, total: 2.35 seconds

2.39.16.6. Executing AIGER frontend.
<suppressed ~11 debug messages>
Removed 9720 unused cells and 19578 unused wires.

2.39.16.7. Executing ABC_OPS_REINTEGRATE pass (reintegrate ABC mapped design into module).
ABC RESULTS:              $lut cells:     1483
ABC RESULTS:   $paramod\ALU\ALU_MODE=s32'00000000000000000000000000000010 cells:      516
ABC RESULTS:           input signals:       31
ABC RESULTS:          output signals:     1621
<suppressed ~9211 debug messages>
Removing temp directory.

2.39.17. Executing TECHMAP pass (map to technology primitives).

2.39.17.1. Executing Verilog-2005 frontend: /Users/elliot/.local/opt/oss-cad-suite/libexec/../share/yosys/abc9_unmap.v
Parsing Verilog input from `/Users/elliot/.local/opt/oss-cad-suite/libexec/../share/yosys/abc9_unmap.v' to AST representation.
Generating RTLIL representation for module `$__DFF_x__$abc9_flop'.
Generating RTLIL representation for module `$__ABC9_SCC_BREAKER'.
Successfully finished Verilog frontend.

2.39.17.2. Continuing TECHMAP pass.
Using template $paramod\ALU\ALU_MODE=s32'00000000000000000000000000000010 for cells of type $paramod\ALU\ALU_MODE=s32'00000000000000000000000000000010.
No more expansions possible.
<suppressed ~522 debug messages>
Removed 447 unused cells and 51766 unused wires.

2.40. Executing TECHMAP pass (map to technology primitives).

2.40.1. Executing Verilog-2005 frontend: /Users/elliot/.local/opt/oss-cad-suite/libexec/../share/yosys/gowin/cells_map.v
Parsing Verilog input from `/Users/elliot/.local/opt/oss-cad-suite/libexec/../share/yosys/gowin/cells_map.v' to AST representation.
Generating RTLIL representation for module `$_DFF_N_'.
Generating RTLIL representation for module `$_DFF_P_'.
Generating RTLIL representation for module `$_DFFE_PP_'.
Generating RTLIL representation for module `$_DFFE_NP_'.
Generating RTLIL representation for module `$_SDFF_PP0_'.
Generating RTLIL representation for module `$_SDFF_NP0_'.
Generating RTLIL representation for module `$_SDFFE_PP0P_'.
Generating RTLIL representation for module `$_SDFFE_NP0P_'.
Generating RTLIL representation for module `$_SDFF_PP1_'.
Generating RTLIL representation for module `$_SDFF_NP1_'.
Generating RTLIL representation for module `$_SDFFE_PP1P_'.
Generating RTLIL representation for module `$_SDFFE_NP1P_'.
Generating RTLIL representation for module `$_DFF_PP1_'.
Generating RTLIL representation for module `$_DFF_NP1_'.
Generating RTLIL representation for module `$_DFF_PP0_'.
Generating RTLIL representation for module `$_DFF_NP0_'.
Generating RTLIL representation for module `$_DFFE_PP1P_'.
Generating RTLIL representation for module `$_DFFE_NP1P_'.
Generating RTLIL representation for module `$_DFFE_PP0P_'.
Generating RTLIL representation for module `$_DFFE_NP0P_'.
Generating RTLIL representation for module `$lut'.
Successfully finished Verilog frontend.

2.40.2. Continuing TECHMAP pass.
Using template $paramod$lut\WIDTH=32'00000000000000000000000000000011\LUT=8'10101100 for cells of type $lut.
Using template $paramod$369624b024132c6d54ca5ca0dec0683515f4f203$lut for cells of type $lut.
Using template $paramod$703a13a751e631ef123f38f7d2125aeabec0f94c$lut for cells of type $lut.
Using template $paramod$b2192df6f90569fea4015d0a6658bdc192199f95$lut for cells of type $lut.
Using template $paramod$9e394303e290a474880b56f98766417009256d93$lut for cells of type $lut.
Using template $paramod$lut\WIDTH=32'00000000000000000000000000000011\LUT=8'11100100 for cells of type $lut.
Using template $paramod$a197ef6f3b51d411ae3e5b42b5d77a606c4fb11a$lut for cells of type $lut.
Using template $paramod$e5e9da8fed769f971686eed8c5eea50e61f73aaa$lut for cells of type $lut.
Using template $paramod$b1680225cc6a5792caa95f54b8b3218fae21705d$lut for cells of type $lut.
Using template $paramod$4853050665c020c8d21fb1a749196950a09d9df8$lut for cells of type $lut.
Using template $paramod$c1a19a87ccbbb03d43a72335db63f692ddf82cc1$lut for cells of type $lut.
Using template $paramod$6b7c9c56fc2a32a479d463d5f3b0d3f4673b67f1$lut for cells of type $lut.
Using template $paramod$47d363ae7b1a0e81207e02fe31af85b6bf36a2ac$lut for cells of type $lut.
Using template $paramod$ab8bb87959c5d7cfa27886cee1355b38e054a61a$lut for cells of type $lut.
Using template $paramod$df23d368a6ae8908771963811f5ab56f622887ca$lut for cells of type $lut.
Using template $paramod$33b72718c79847c9c03c134c7bec663dbf06983b$lut for cells of type $lut.
Using template $paramod$e50929688d8319f8cd7bdd627065cd59d2e91fe4$lut for cells of type $lut.
Using template $paramod$83c6eff55442cc0819a058e27df89c49f568fa27$lut for cells of type $lut.
Using template $paramod$lut\WIDTH=32'00000000000000000000000000000011\LUT=8'00000010 for cells of type $lut.
Using template $paramod$153c6cdaaddbc43e6ef3facd06aa851de33910ae$lut for cells of type $lut.
Using template $paramod$cad45b6c9da81941161a13849773fe2ed4bc1c6f$lut for cells of type $lut.
Using template $paramod$c8f16510db975553c8b0be1064e8f5234175f8a8$lut for cells of type $lut.
Using template $paramod$383937d21a28172b345409fac698db2f2097b514$lut for cells of type $lut.
Using template $paramod$68fe50ee5a60a0bed36b1b1843c805d7bc807f41$lut for cells of type $lut.
Using template $paramod$ddc960e7b255a41102f1c73f6576ac2147a9e5b6$lut for cells of type $lut.
Using template $paramod$262a2182e7bd84a2ac9e91db8ab2eabfc61d56a5$lut for cells of type $lut.
Using template $paramod$5a621b016c894274d07edef48c49b401a15fd796$lut for cells of type $lut.
Using template $paramod$b37e62d0dd2269ea691d26c59bccb55e4d588045$lut for cells of type $lut.
Using template $paramod$7a0b348a7069d0c8f44afe945e212fcf3f3fd64c$lut for cells of type $lut.
Using template $paramod$a03ef989f8f4e1878ce2f5c4e0e3d2dfb54307ef$lut for cells of type $lut.
Using template $paramod$6b9f0e5953284ab5bb5bc752e0ae5566e28c0a79$lut for cells of type $lut.
Using template $paramod$lut\WIDTH=32'00000000000000000000000000000011\LUT=8'11011000 for cells of type $lut.
Using template $paramod$ea5280fce2698f0f291737e66fca69a1d9d058e1$lut for cells of type $lut.
Using template $paramod$988d75c4f83eaf7f11370a225ee2eec991f936fe$lut for cells of type $lut.
Using template $paramod$58df2c605746858c7e53492c8f57d6f1fafa12d2$lut for cells of type $lut.
Using template $paramod$18368a3da11a7221c7fb674ec80ee0d0bd64b883$lut for cells of type $lut.
Using template $paramod$3702268f692b8bf258e428f65d3bca4e1f76d98b$lut for cells of type $lut.
Using template $paramod$6a506945530bc6ebdb9debf23f5e329bef85d63e$lut for cells of type $lut.
Using template $paramod$eec22efc31481e6a2706a92743e67f4f90bad45a$lut for cells of type $lut.
Using template $paramod$6be53ab59e0a69757fc32adb071ddcb64e8c87b6$lut for cells of type $lut.
Using template $paramod$387af08f62809d1df13368ad3a230b72ccfa375f$lut for cells of type $lut.
Using template $paramod$0a60b4fe10de3d0a09473c6417a6c06a96ba7cb8$lut for cells of type $lut.
Using template $paramod$lut\WIDTH=32'00000000000000000000000000000011\LUT=8'00000001 for cells of type $lut.
Using template $paramod$771f11f2d93b6fa235c15c96d08e26b1ab84cc2c$lut for cells of type $lut.
Using template $paramod$lut\WIDTH=32'00000000000000000000000000000011\LUT=8'00011011 for cells of type $lut.
Using template $paramod$lut\WIDTH=32'00000000000000000000000000000010\LUT=4'0100 for cells of type $lut.
Using template $paramod$lut\WIDTH=32'00000000000000000000000000000010\LUT=4'1000 for cells of type $lut.
Using template $paramod$272652f6c6fbe9a75eff76e45cc7e2788835518b$lut for cells of type $lut.
Using template $paramod$6e1d69ccb613791be1ebdadbc4890ab1c24be6b9$lut for cells of type $lut.
Using template $paramod$a5516fc31d1e552de2435200bb732b4d4ad63a9c$lut for cells of type $lut.
Using template $paramod$lut\WIDTH=32'00000000000000000000000000000011\LUT=8'01000000 for cells of type $lut.
Using template $paramod$9411ab5f327581bfd24ad527703788c82debb01f$lut for cells of type $lut.
Using template $paramod$lut\WIDTH=32'00000000000000000000000000000011\LUT=8'00000100 for cells of type $lut.
Using template $paramod$e51a8a571bee774247b38f52d6e85fd62ae52cea$lut for cells of type $lut.
Using template $paramod$lut\WIDTH=32'00000000000000000000000000000011\LUT=8'00010000 for cells of type $lut.
Using template $paramod$f9813472aa48e533b3838c6f2316dc2e78c66111$lut for cells of type $lut.
Using template $paramod$d6ca727e39f31d51d29072e0f33aa09c65e37336$lut for cells of type $lut.
Using template $paramod$47a8214374025465e226fa66bee690ff33268a25$lut for cells of type $lut.
Using template $paramod$30305e55a780880b9c824fe3509a4d981acb0f2b$lut for cells of type $lut.
Using template $paramod$lut\WIDTH=32'00000000000000000000000000000011\LUT=8'11000101 for cells of type $lut.
Using template $paramod$6069bd1aae3bd46f0a8d5a3eae1ac313f6cb701d$lut for cells of type $lut.
Using template $paramod$lut\WIDTH=32'00000000000000000000000000000010\LUT=4'0001 for cells of type $lut.
Using template $paramod$f3e1547c4b47e64c590e75cf09078b2507c8cc75$lut for cells of type $lut.
Using template $paramod$7d35f3eb4056e6484203c99fe42cfcf1dfaba704$lut for cells of type $lut.
Using template $paramod$658b9ed803f0d3d335616d3858b53e0a2522f1e8$lut for cells of type $lut.
Using template $paramod$eba7de026ff587370e320127e266317dae097a89$lut for cells of type $lut.
Using template $paramod$fd0566d504e66381d4a13c3e75b68f0d9ee3a8b4$lut for cells of type $lut.
Using template $paramod$bba54c1ef87367812b4c15f4aed5ac70773df775$lut for cells of type $lut.
Using template $paramod$5321e04f7ce32c091123c3570ab562efb1c81402$lut for cells of type $lut.
Using template $paramod$75582c06ce72521c40cf0d2792d249e310e72014$lut for cells of type $lut.
Using template $paramod$30caa5615ac52efdf43dfbf1b1a633232eb131b1$lut for cells of type $lut.
Using template $paramod$488b99f4df98fbd86095ff4d3731736704e87daf$lut for cells of type $lut.
Using template $paramod$571404c0889eaf57f492cb5e37f8acb5df5852f9$lut for cells of type $lut.
Using template $paramod$1769b870d47911d7a8ec3b7224a7974dbc5fe069$lut for cells of type $lut.
Using template $paramod$c388bdf5bc34e848632d723db494e9a79bee28dd$lut for cells of type $lut.
Using template $paramod$lut\WIDTH=32'00000000000000000000000000000010\LUT=4'0010 for cells of type $lut.
Using template $paramod$549a24c0b77071744eefd28bf11342e15d6bc181$lut for cells of type $lut.
Using template $paramod$8d7a8d6e3356de09670738ba85f2c6b874f6b06d$lut for cells of type $lut.
Using template $paramod$b5babc618720ace64bafddb303d6f59fd10af395$lut for cells of type $lut.
Using template $paramod$c0b24172d263163a8e6b59024cdb9dfb57b52d61$lut for cells of type $lut.
Using template $paramod$1241d759e3df4cac11dc7c99c36b0d1b07f7a673$lut for cells of type $lut.
Using template $paramod$lut\WIDTH=32'00000000000000000000000000000010\LUT=4'1001 for cells of type $lut.
Using template $paramod$251994398653c4cf8de320f1e306e535d5d2d624$lut for cells of type $lut.
Using template $paramod$fca001e3e0b52158a872e76e56c01ec10dfbb1de$lut for cells of type $lut.
Using template $paramod$lut\WIDTH=32'00000000000000000000000000000011\LUT=8'10010000 for cells of type $lut.
Using template $paramod$234fd643079033ba0cbc98ff572df9b7b7a0dc86$lut for cells of type $lut.
Using template $paramod$df196ed0a1da5c4a58c5e08a1dac304fd3fccaab$lut for cells of type $lut.
Using template $paramod$lut\WIDTH=32'00000000000000000000000000000011\LUT=8'10000000 for cells of type $lut.
Using template $paramod$a6597eda4608f36e684c1dd07ed552fcbec112b2$lut for cells of type $lut.
Using template $paramod$8f8dc162b887d52b83e5151ac53aec77083a5f6b$lut for cells of type $lut.
Using template $paramod$61e71a6b219041f218388451735d309581e08c5a$lut for cells of type $lut.
Using template $paramod$f1254dd8ac92e86dd1071aa7aa03b25c6fddf225$lut for cells of type $lut.
Using template $paramod$b587e1dcd8f8a9800d395e4aeecac52c55d6f585$lut for cells of type $lut.
Using template $paramod$lut\WIDTH=32'00000000000000000000000000000011\LUT=8'00001001 for cells of type $lut.
Using template $paramod$6d6beead1425af15cf78b27fd9b11b41b5d4bce8$lut for cells of type $lut.
Using template $paramod$0fcb06ed76df01e8d45bc2b9e6c8a9b43fa42cb4$lut for cells of type $lut.
Using template $paramod$c71ed138d834112b80a85f4478e2e21f72e5c48b$lut for cells of type $lut.
Using template $paramod$b26fbfdb68e98cf016d61a8611b449e9f4a30f3c$lut for cells of type $lut.
Using template $paramod$19e5b38cca183d8b6b3a15d20dc995c09cd71893$lut for cells of type $lut.
Using template $paramod$lut\WIDTH=32'00000000000000000000000000000011\LUT=8'11010000 for cells of type $lut.
Using template $paramod$2a16bace1436d06be3dc2451d4c0b85429a40bed$lut for cells of type $lut.
Using template $paramod$f7e1c022cf3290e1b6da0c50a89a7be2d10a5fcf$lut for cells of type $lut.
Using template $paramod$74c0f3179b5cebe485563ea55e9b637e7ee5c0c3$lut for cells of type $lut.
Using template $paramod$4cf1c4e519a4f51f0317a1f01b174d54ceb94dd5$lut for cells of type $lut.
Using template $paramod$lut\WIDTH=32'00000000000000000000000000000010\LUT=4'0110 for cells of type $lut.
Using template $paramod$8adf7fbd410d2cc654c288d5be5f7508ee8809b0$lut for cells of type $lut.
Using template $paramod$b45308ffeb4031bc5d55ef31b149afd94d3d7565$lut for cells of type $lut.
Using template $paramod$f45429e380905f064bb0bad3a8bdb941708e63a7$lut for cells of type $lut.
Using template $paramod$c6c26b8047ec0055d6d594b2e68a8e9ce96dc14e$lut for cells of type $lut.
Using template $paramod$9bdc414229f06e785dc8fd97a243faa9336e164a$lut for cells of type $lut.
Using template $paramod$b4410865e8124402796f9dfbf73ef8d279fdbd08$lut for cells of type $lut.
Using template $paramod$525425bfbe66d72ee88210d059d9a74f55ab8de8$lut for cells of type $lut.
Using template $paramod$lut\WIDTH=32'00000000000000000000000000000011\LUT=8'00100000 for cells of type $lut.
Using template $paramod$lut\WIDTH=32'00000000000000000000000000000011\LUT=8'00001011 for cells of type $lut.
Using template $paramod$5c7d886f3b88971ac55fed4bca034a87bf180f7d$lut for cells of type $lut.
Using template $paramod$9c6e6a10ea00e5b0682f6243b802d7839a398197$lut for cells of type $lut.
Using template $paramod$6e889bf4525f9e0a6208740f1a145fd19cc9b31e$lut for cells of type $lut.
Using template $paramod$5183b4454493323aca6310872659274580528fcf$lut for cells of type $lut.
Using template $paramod$6e238df02989b317f10820a22773676e71120644$lut for cells of type $lut.
Using template $paramod$f05c2e7ec2912bace32c57bad90cfa7f67dbc529$lut for cells of type $lut.
Using template $paramod$c28a8b7ce0535d090c4cfb52e9c74affd52b110c$lut for cells of type $lut.
Using template $paramod$1be3a10aca64bc8b3d140a9dcfb9bac7a6744be9$lut for cells of type $lut.
Using template $paramod$9f23b2222d090ab2f77e0575821a85aeaf9e1f3f$lut for cells of type $lut.
Using template $paramod$7bb6a37e65823eeb4b38c370fec30ab082759a14$lut for cells of type $lut.
Using template $paramod$lut\WIDTH=32'00000000000000000000000000000011\LUT=8'00001110 for cells of type $lut.
Using template $paramod$fab7a9bb98038f49c053cd2cc324774d84c060fb$lut for cells of type $lut.
Using template $paramod$73fa23c363b3028e3ec3e47bc0cb572635efd0a4$lut for cells of type $lut.
Using template $paramod$ad95e8550c09d5c30841bd39e97bc03e1669e522$lut for cells of type $lut.
Using template $paramod$15ab5c60c875d49b42e4fd905001d6b2b46ccfee$lut for cells of type $lut.
Using template $paramod$1ff74ebb273b2e223db69cc8ea4714866d2c6440$lut for cells of type $lut.
Using template $paramod$cba3910bbaf82ca9f35deb374997d5bc544fecd1$lut for cells of type $lut.
Using template $paramod$364c9ffbffac467d60dfec81bba4e18476c15602$lut for cells of type $lut.
Using template $paramod$ad0740bc0b87ef8156bfe4f2c377988aef680d46$lut for cells of type $lut.
Using template $paramod$576843ec5da9d065ef43831af18f1bac63825d80$lut for cells of type $lut.
Using template $paramod$42631b28d876be4534929a15be8a630efb8befa4$lut for cells of type $lut.
Using template $paramod$lut\WIDTH=32'00000000000000000000000000000011\LUT=8'11011111 for cells of type $lut.
Using template $paramod$edc5a73130589b9210f4bdf92e14bdcacac8945d$lut for cells of type $lut.
Using template $paramod$e3e4230bb990723642112b292aa705ee0cbad0d4$lut for cells of type $lut.
Using template $paramod$8512f4fb47fa9596f76cdbe5b407a5b54df368e7$lut for cells of type $lut.
Using template $paramod$586c733dbc02946b45f42f2c47b72245f8e1ca79$lut for cells of type $lut.
Using template $paramod$lut\WIDTH=32'00000000000000000000000000000010\LUT=4'1101 for cells of type $lut.
Using template $paramod$lut\WIDTH=32'00000000000000000000000000000011\LUT=8'00110101 for cells of type $lut.
Using template $paramod$dd5bc4862287e52520240cd470d8393dc638de60$lut for cells of type $lut.
Using template $paramod$72d04cda0ad63fcea17225ad4256bc664683b513$lut for cells of type $lut.
Using template $paramod$121f66828c71d3c18a58c99e9f44b94525cfca81$lut for cells of type $lut.
Using template $paramod$lut\WIDTH=32'00000000000000000000000000000011\LUT=8'00111010 for cells of type $lut.
Using template $paramod$c2ec04e79a837992e22a44516a441e33767962c2$lut for cells of type $lut.
Using template $paramod$70b7026af658017024bc4002c981d206302f7012$lut for cells of type $lut.
Using template $paramod$0d4235a4f1ac9449d32b34ac4ec6c061ea2cf29f$lut for cells of type $lut.
Using template $paramod$lut\WIDTH=32'00000000000000000000000000000001\LUT=2'01 for cells of type $lut.
Using template $paramod$07e2669a050d310fc245939355fa8d880bedf340$lut for cells of type $lut.
Using template $paramod$e088891b1d0aa2ce76381fffa0dc3f31607f4330$lut for cells of type $lut.
Using template $paramod$aee1389b9a0cc49a72f58d395bbc8bc4882a5da6$lut for cells of type $lut.
Using template $paramod$eadb13be54e66843b6c98e8011ab5d4ba7c56eee$lut for cells of type $lut.
Using template $paramod$be4cc8ef1e7d914f8286e8299e7fe1e35c3dc59d$lut for cells of type $lut.
Using template $paramod$lut\WIDTH=32'00000000000000000000000000000011\LUT=8'00001000 for cells of type $lut.
Using template $paramod$7bb8bcb6df1814f0f27b8e3b9d986798af16e5f5$lut for cells of type $lut.
Using template $paramod$afdefd64f115cbb578c1cd4bf8426ecfef85ae91$lut for cells of type $lut.
Using template $paramod$13d8c528055b4bd8e59672497a5af329b5b0f277$lut for cells of type $lut.
Using template $paramod$5ef3e6f547567fe989ff9536a9265d065906cb92$lut for cells of type $lut.
Using template $paramod$ad4713b363bceddf24d3cbfecb8eff691677860d$lut for cells of type $lut.
Using template $paramod$ecc8f136f6aed415e047a0ef706f98ca5d1ce334$lut for cells of type $lut.
Using template $paramod$2ed24b91dcfa8490f0509beac039251f3420996c$lut for cells of type $lut.
Using template $paramod$f0e242f93bdcf05fab8dc769c34695f5c243e9b3$lut for cells of type $lut.
Using template $paramod$bd8b130ccd436ee87bc41f5cb8e6938d45df95ee$lut for cells of type $lut.
Using template $paramod$4615a4dc702783d2e6016bfdb4052d98dd95976d$lut for cells of type $lut.
Using template $paramod$bc032035edc82ddbb2ea5ec3b24fab3b6355c8e7$lut for cells of type $lut.
Using template $paramod$a2bd6d95ea990255230f029a8c6404e8fe51f10e$lut for cells of type $lut.
Using template $paramod$772d88dc355852a30ef075257708b9f8f1fdf6a4$lut for cells of type $lut.
Using template $paramod$06002e521709b3cfe5988996e3ffecfb74bae0ed$lut for cells of type $lut.
Using template $paramod$01f6e836b70c0df99a24bbb2f2fd201f96dac8e1$lut for cells of type $lut.
Using template $paramod$d366dd683aaa48d2f7ead84584ea275c53185351$lut for cells of type $lut.
Using template $paramod$6c0eac97e66c9725954bc32216bf6a076fb652cb$lut for cells of type $lut.
Using template $paramod$738daacac7a6d80a89b2d97109b90db9b2708a27$lut for cells of type $lut.
Using template $paramod$d324c92023c30339049c6bfd8f3976f91297aa03$lut for cells of type $lut.
Using template $paramod$a2b4ddfa3906001b2ef9f2414d79c3048f2a3a6e$lut for cells of type $lut.
Using template $paramod$ddbabb544fe2544767b6d57dfbeaede8e9bc0fca$lut for cells of type $lut.
Using template $paramod$9664483609d9e726df9697364de1aad825ad3979$lut for cells of type $lut.
Using template $paramod$3a32a7587b9f95b908af04fb9b75cd3eae00b58e$lut for cells of type $lut.
Using template $paramod$9f06e3fd9e9d3ab760d2f9ec52845a31ca60fdfe$lut for cells of type $lut.
Using template $paramod$2acc56796dae1e7bbd8d34441a24f749523f3d30$lut for cells of type $lut.
Using template $paramod$1fd136cb67ddf0b4020c55020691193d11931bb3$lut for cells of type $lut.
Using template $paramod$23a2459225cf47e5b5282c530ad7e5a819a841d7$lut for cells of type $lut.
Using template $paramod$f8f99dc9393cdebbd10f029aca59b8816c23a9f8$lut for cells of type $lut.
Using template $paramod$b3061d9cff9ac0faf92016df7ea19c306825644e$lut for cells of type $lut.
Using template $paramod$38d393e46ccafda7d2339279be9f9a713cf861af$lut for cells of type $lut.
Using template $paramod$d2fde27f30900c73d9e7bb8e7a87c9ad8c0f6946$lut for cells of type $lut.
Using template $paramod$4c4df23de8605ae7ba7900a878d2ccf4ed93662b$lut for cells of type $lut.
Using template $paramod$c315fd171a22ad0b563d890e3adda172ea240769$lut for cells of type $lut.
Using template $paramod$815b82bb894230e5574096c67ba7067339d19314$lut for cells of type $lut.
Using template $paramod$e30f6c9559056477485bfe0443e3be7a4b28f3ca$lut for cells of type $lut.
Using template $paramod$cb9389d3bcc7824cbc8eb11c8ac4986b2acbae18$lut for cells of type $lut.
Using template $paramod$65cb9b7dbbcaad2f92b7664961dac3a4a9154d1d$lut for cells of type $lut.
Using template $paramod$0f3cd03474d2dbef31fca7adff5a242501ac22dc$lut for cells of type $lut.
Using template $paramod$ec59abb0665d29e63e3613617bbafc453a42647a$lut for cells of type $lut.
Using template $paramod$c47926b620a7a571f1b184651fedecf06cd766eb$lut for cells of type $lut.
Using template $paramod$8cea2e51d6074badc912821df03edfd397a5d046$lut for cells of type $lut.
Using template $paramod$550e018cb755d79f7ac98aa2903b15129a907e37$lut for cells of type $lut.
Using template $paramod$692927e279b3d5c42ee4aacb287247c0b34943ed$lut for cells of type $lut.
Using template $paramod$fced1e4a68a3ccd8a77f0172a7a27e31013c73a7$lut for cells of type $lut.
Using template $paramod$36f2765f15abc8ca04df65304af4014eade2b51f$lut for cells of type $lut.
Using template $paramod$809c329b3dde5db547225c84c38757af393b6149$lut for cells of type $lut.
Using template $paramod$944fd62bf8d16f83b6b8dfca00a7f872b12e1dd6$lut for cells of type $lut.
Using template $paramod$bf0d0292861bdee659ef5cbc5e58b330ac5871f9$lut for cells of type $lut.
Using template $paramod$ca0ad3e54fe16c82992ad5c9028a79c5d2f7514d$lut for cells of type $lut.
Using template $paramod$83369b8324c2c841ca35e17f5b2f9f76a40eed65$lut for cells of type $lut.
Using template $paramod$a546b0533fa17e475da50d80ad9a05300b7b4fc1$lut for cells of type $lut.
Using template $paramod$78a55afec9c526921dde0c25202d36fb925fa376$lut for cells of type $lut.
Using template $paramod$04a149ac819ebfe8793fabe24e9fa951a2222ef7$lut for cells of type $lut.
Using template $paramod$f9da5880d5f74882cb4f039c6b8c8504fc7d9713$lut for cells of type $lut.
Using template $paramod$4d1a00bf0dedcfcb4e11c82804e7c12721583e78$lut for cells of type $lut.
Using template $paramod$86da1f9662c69dcabf229e0e70211a6020a15f10$lut for cells of type $lut.
Using template $paramod$5973a2246dd67c43a8467d9eb353ae7f0eaf7428$lut for cells of type $lut.
Using template $paramod$05ebf658742d14dfede2ef28f3010a9f1bc37c2d$lut for cells of type $lut.
Using template $paramod$d0a770e4418cc1bd55c5894d620cd74c1d6344a1$lut for cells of type $lut.
Using template $paramod$1706b00b743d7f4daed2f7a3e9978687fc956d62$lut for cells of type $lut.
Using template $paramod$08d43428d750404de41df2064d245172b350958b$lut for cells of type $lut.
Using template $paramod$2fe61bd19dd607eff1437f8cb0772c174d60ce19$lut for cells of type $lut.
Using template $paramod$e4e96a5dece796d779288739da28d0f9a19e7c8a$lut for cells of type $lut.
Using template $paramod$230701394986a87e1089bef60971c0055da7fd6c$lut for cells of type $lut.
Using template $paramod$53f12c95ac336b34337beace0e085d789dff2029$lut for cells of type $lut.
Using template $paramod$de8f577f1e8af1dadfbd6f5a185b3cc1c26b641c$lut for cells of type $lut.
Using template $paramod$4efd1b47743553d2acd3bf9d6f9320a0d69e4d5a$lut for cells of type $lut.
Using template $paramod$52cfdf4ae2f84c4e0c15de1cf70bc56119c9a30b$lut for cells of type $lut.
Using template $paramod$14f4d6a66380c9286334926bdadbfe2f69de104d$lut for cells of type $lut.
Using template $paramod$21e503f23718652c4cfde44b9de165f400d6649a$lut for cells of type $lut.
Using template $paramod$ff046df60bf087231a02e8b70f2403f4b8f24ca0$lut for cells of type $lut.
Using template $paramod$5b5d345894426de4217b41280b399abb4e323347$lut for cells of type $lut.
Using template $paramod$8af715df6cb2eaa2016368c7857cd3bb00d17b8c$lut for cells of type $lut.
Using template $paramod$083fc6831645f6534b408111e3097a391fb92f3d$lut for cells of type $lut.
Using template $paramod$0c96fe396f77de1aba3b3d3cde65feaed39983d3$lut for cells of type $lut.
Using template $paramod$e15e3f1632754f4da6757c938bf2f4e524addc80$lut for cells of type $lut.
Using template $paramod$1342b400e63a0f75398680f9457f9a204279d331$lut for cells of type $lut.
Using template $paramod$b57e6ec3eb28898d1897fa0a774f26c970a33299$lut for cells of type $lut.
Using template $paramod$b15f36eb3f343ee85e3cc20994a1b7fbfa85015a$lut for cells of type $lut.
Using template $paramod$47013e8a5c5dfcc98e60c52ed3c8273a5ce020c7$lut for cells of type $lut.
Using template $paramod$bfed80fff028d6a9c1a598c204ceb33fe4527111$lut for cells of type $lut.
Using template $paramod$700f16dd15e47fa4bc48c86aae53eeec77235752$lut for cells of type $lut.
Using template $paramod$42fd86394004644f8b65f45319623d3257d5fd71$lut for cells of type $lut.
Using template $paramod$01fab74e0ea02d8cb54fc4a33460d38a1e791014$lut for cells of type $lut.
Using template $paramod$6301bb0419ba71bb23ce137db953df77bb291348$lut for cells of type $lut.
Using template $paramod$4d098087e181271d24fdd51092cfa2d8314f0b68$lut for cells of type $lut.
Using template $paramod$b731db1cf8e5282c008d26b57eebf4c110aeb139$lut for cells of type $lut.
Using template $paramod$3d12aacc507a1c09fe033bf931b5db44f3a5f966$lut for cells of type $lut.
Using template $paramod$4dcd1827f1b9ec5791beb58e953fb4529183eb0f$lut for cells of type $lut.
Using template $paramod$a7cbfc1abbc9dc19fb3fd2fbeae8a414f9868098$lut for cells of type $lut.
Using template $paramod$eef67f122282323cd274d937d123a6dea0e161d2$lut for cells of type $lut.
Using template $paramod$8489772951ef6c1b5fd8343bf4534f78988ec434$lut for cells of type $lut.
Using template $paramod$6f7df4cdbaa23744d18a7919b712878d0d2166ef$lut for cells of type $lut.
Using template $paramod$bb1698a54f2af1f70d935d29babf40b059cb881d$lut for cells of type $lut.
Using template $paramod$03fbf64e28b7e6b764a46decb06e09da1c5fde82$lut for cells of type $lut.
Using template $paramod$eb30cee3491628f854cddbd7be49026bb1391039$lut for cells of type $lut.
Using template $paramod$5ac046ed9951703bd230736048726f971be2e2f9$lut for cells of type $lut.
Using template $paramod$b2877656b18ea0107dd5d2b1352167e4d881c795$lut for cells of type $lut.
Using template $paramod$fb1a1ca74e644ac91dd61d34a063681fdfd94120$lut for cells of type $lut.
Using template $paramod$74b4c18a87c512f627effc67236b0c95c748b3e8$lut for cells of type $lut.
Using template $paramod$5660976bed834f4cff3ce3e688751a0f3851fe26$lut for cells of type $lut.
Using template $paramod$7d37549e415148eb41a01b5a20803e7969ca8f65$lut for cells of type $lut.
Using template $paramod$c4860e387d8f4e7e250b4b3c8dd9a6080ccd9065$lut for cells of type $lut.
Using template $paramod$c45576938a9b58d891a9ccf0c10041ea33e86e1d$lut for cells of type $lut.
Using template $paramod$b46896b2fbf9786cbd6f080e3ddc8cc5508f2d3a$lut for cells of type $lut.
Using template $paramod$80f26cd97fd6971f20b64c2325be8e7d6e40bf29$lut for cells of type $lut.
Using template $paramod$217d114340474702e91687c3c31a847f20bb5bc8$lut for cells of type $lut.
Using template $paramod$07435e1d9525c63d40298b9414e20f2e7955c97e$lut for cells of type $lut.
Using template $paramod$905381b7ac9f5432c09ff06a1fb23da89d2307c2$lut for cells of type $lut.
Using template $paramod$278278da8d76ea5cbd78cd718b45f52986d1194a$lut for cells of type $lut.
Using template $paramod$f644ddcff3faca1e06317ce23ad75da191c29523$lut for cells of type $lut.
Using template $paramod$203719e7bf4ff47b8f7eac5283fd2541f24552a8$lut for cells of type $lut.
Using template $paramod$671ae0ec937c63ea10b2c8b130070a1800d9ebbe$lut for cells of type $lut.
Using template $paramod$d6bc4701df1286671e7eeed396ee2bcd356487a1$lut for cells of type $lut.
Using template $paramod$70c24b70f479d54585223338808e49f59fe7647d$lut for cells of type $lut.
Using template $paramod$b7a113a9054579dc3a166dc3bf83ec00f1ed9dbc$lut for cells of type $lut.
Using template $paramod$8267ec720a9cf605539f59363f3fba930214686f$lut for cells of type $lut.
Using template $paramod$fe2ccc9771c7f3621af3392ea69c0322e13310d4$lut for cells of type $lut.
Using template $paramod$73dbc3d9125ed9d591c2fbbfbd63806d6f74bef7$lut for cells of type $lut.
Using template $paramod$1b7fb65f44d05c4a48d206074591a448ed6093a8$lut for cells of type $lut.
Using template $paramod$60e5a5282b3e47e139f81382737ef8192942acf3$lut for cells of type $lut.
Using template $paramod$5fc2ba054e9a6986ddc031b522acda03d019b2f0$lut for cells of type $lut.
Using template $paramod$61bc98ece8c76bffd4acdf40e5f231340cba90fc$lut for cells of type $lut.
Using template $paramod$f5a14f7ebf424b7a62a8ef673fe208f3e210950e$lut for cells of type $lut.
Using template $paramod$f1bdf5268949b7a35eadbfacdb53293543d36a3a$lut for cells of type $lut.
Using template $paramod$0d476e906a5eb7a0ddf2bf1c43551b0efc3063c2$lut for cells of type $lut.
Using template $paramod$52415cba5ad0b754dede4c8a1f7a805b1215d3af$lut for cells of type $lut.
Using template $paramod$0832fe92b930662ba59b9d4cd99902bc6dab2bdc$lut for cells of type $lut.
Using template $paramod$381fbf6199ee072858149d34baeeca601f2a0220$lut for cells of type $lut.
Using template $paramod$1658a7ca654570fc47aea73fbd7ac4880a0a7fa6$lut for cells of type $lut.
Using template $paramod$dadff75c617cf87bb5b8cfe47ca6c69fb6925370$lut for cells of type $lut.
Using template $paramod$6affed971e2a2f95ba06e5688bdf9ebd5dd13094$lut for cells of type $lut.
Using template $paramod$5014323bc25efe9dc5e87761c7b8a059a61e0168$lut for cells of type $lut.
Using template $paramod$5b75da83ac7a1974960c1232880751d4288a09c0$lut for cells of type $lut.
Using template $paramod$164a540533edbb7f1cb23dfdcb511f551216d7e2$lut for cells of type $lut.
Using template $paramod$1673e5c722c4cd4d125382ea6f2176eb91336522$lut for cells of type $lut.
Using template $paramod$635fe4a6c982fd4aa1bfc2982c64d5c2ca89d26e$lut for cells of type $lut.
Using template $paramod$31f05e4015d9b6c2e0924af86a3b6d4284c2f62c$lut for cells of type $lut.
Using template $paramod$bd6adc215bd5ad6cf8ce0ed4bbb1cdb94e065bf5$lut for cells of type $lut.
Using template $paramod$54a26c9060ded5436a02145add4602d44435f348$lut for cells of type $lut.
Using template $paramod$2547c97f8526eb5fec58cae09d573e53f4e77b8c$lut for cells of type $lut.
Using template $paramod$cc6f168b93470fcc711df6312603d46c5e4b0e07$lut for cells of type $lut.
Using template $paramod$601d4d17c7f3177f57730b97e995be3c90705633$lut for cells of type $lut.
Using template $paramod$71d6d3d7653dd35f0f0d8d3740edf95dfe9e8e8e$lut for cells of type $lut.
Using template $paramod$01f259270bf50b82cd342c2217aa220d2ccaa309$lut for cells of type $lut.
Using template $paramod$04ae10f7d848c17f6abdd4c00ba30939b2cb4eb5$lut for cells of type $lut.
Using template $paramod$afee4e404b706683ac3777552a7f54dbb1a55d4b$lut for cells of type $lut.
Using template $paramod$65785d44c0b97e9d12da643ba0d6a9f702e89568$lut for cells of type $lut.
Using template $paramod$c6c81a46dc38a09494066e9147dcb95949e82c98$lut for cells of type $lut.
Using template $paramod$b761d5365a2ec6798bd3cf6d287ad5afa6ec1ca3$lut for cells of type $lut.
Using template $paramod$0e4be09e10ac0512b8fd945210e2278ca8bb394f$lut for cells of type $lut.
Using template $paramod$6767d935144e11fbe3cd14fe67efb93bc3bb8930$lut for cells of type $lut.
Using template $paramod$4db71d10ba8e2563085ab62db1bc51f7f70bf23e$lut for cells of type $lut.
Using template $paramod$cc6e013842972b67eec5ea7114f22a2cce729262$lut for cells of type $lut.
Using template $paramod$201268293ddb0089f9299adf5271c0ee69cac61e$lut for cells of type $lut.
Using template $paramod$b6e5abe0e8cb90c7553e1c7e2f2b4178a865fdc8$lut for cells of type $lut.
Using template $paramod$8be77b83659d5edc2a24977a9b6b431ad5241ec8$lut for cells of type $lut.
Using template $paramod$275da76fc43754d2f8b3d2a3e1c9e7257d03e925$lut for cells of type $lut.
Using template $paramod$c9d7c2b2201eb88f086e54d158f6a8067985dd57$lut for cells of type $lut.
Using template $paramod$1a6522c452c26f33223e531d7645d76e7892a78a$lut for cells of type $lut.
Using template $paramod$6407bf2219282f0ea67b5acbd949caceea8acd03$lut for cells of type $lut.
Using template $paramod$fe7222db48a75b728b2e201c63f4d8159a5801fa$lut for cells of type $lut.
Using template $paramod$1987f59cf217be80abbc97df201045b2769abf5a$lut for cells of type $lut.
Using template $paramod$4ec2b2dcee981ecef741caeff32abd12340bbfde$lut for cells of type $lut.
Using template $paramod$b6baf71ad9814632ed49ddd27b8de4b6fbb39f17$lut for cells of type $lut.
Using template $paramod$1698bb7350a5ea3a06024e84bfe74a9a89c07fad$lut for cells of type $lut.
Using template $paramod$f6e75ed41e5b6cb282c631d0423f6c3497136b05$lut for cells of type $lut.
Using template $paramod$a8bd02a7e5ce01918f902c876189fe753369e4f7$lut for cells of type $lut.
Using template $paramod$ae750a7f595e858fbf55f7f70bd3009d52e20d4c$lut for cells of type $lut.
Using template $paramod$2971f26e7d6eb12537fb1deda8fe498f1486915d$lut for cells of type $lut.
Using template $paramod$0cfbdc8c2ae8f4901c5d7d51052b724b3ad1a808$lut for cells of type $lut.
Using template $paramod$a68b76d999404c18b082a15eb96802324fdb7540$lut for cells of type $lut.
Using template $paramod$ff3b04fc04a5df84a70499147f6a962e56652ac9$lut for cells of type $lut.
Using template $paramod$8f415751b8ac0433f85ef5460b147a631a40dc45$lut for cells of type $lut.
Using template $paramod$606e114f622c315629d77f4ce120a24586b5559d$lut for cells of type $lut.
Using template $paramod$b0d24dc938761655187bb7048f4cee74153ef3ee$lut for cells of type $lut.
Using template $paramod$7b6dba9da7b24ba15cc91d483adc1cbb42ec924c$lut for cells of type $lut.
Using template $paramod$0ddc9a2fdaea69b5659283d88d831e2026e3c9c9$lut for cells of type $lut.
Using template $paramod$2fce62c67413630166512ed5ea867e4dc08dc814$lut for cells of type $lut.
Using template $paramod$501758cdc1c70e8bd616cb019cc1e097ee21ae86$lut for cells of type $lut.
Using template $paramod$46cb1a47f280f01232b3482347cbdc2c7514d98c$lut for cells of type $lut.
Using template $paramod$40614bc945b57aab95fbc31af093a3fc79ada1f6$lut for cells of type $lut.
Using template $paramod$9990385a5b65fb7bbe9ee6d458c1e4d044897dca$lut for cells of type $lut.
Using template $paramod$77ad5b5a13077339c889d22d77e93cfd4da9d15f$lut for cells of type $lut.
Using template $paramod$94b41e0de2d265a68b387c3bf49fffa8cacbac8a$lut for cells of type $lut.
Using template $paramod$2f6e960aae4aea19fb536fb0ff6d962ec56f57c0$lut for cells of type $lut.
Using template $paramod$f8bf7ce2cfc03a2fcdba016d95c65c16f5a9e768$lut for cells of type $lut.
Using template $paramod$92700b029e5c61b2931ca541517099a0f4331eed$lut for cells of type $lut.
Using template $paramod$f639c2c66689453f3f77d0d513e3a0b61371ca0b$lut for cells of type $lut.
Using template $paramod$e3d029cabf2b7c68afa8400b9084ee4ecf1e95b8$lut for cells of type $lut.
Using template $paramod$556c69dc46ef4798e751bb353ac057129ae20bb0$lut for cells of type $lut.
Using template $paramod$8461a38da2644081983cd5b082d7f6c55a8dc5b7$lut for cells of type $lut.
No more expansions possible.
<suppressed ~6984 debug messages>

2.41. Executing OPT_LUT_INS pass (discard unused LUT inputs).
Optimizing LUTs in experiment_event_packet.
  Optimizing lut $abc$129633$lut$aiger129632$5587.genblk1.genblk1.genblk1.genblk1.genblk1.genblk1.genblk1.genblk1.lut0.genblk1.genblk1.genblk1.genblk1.genblk1.genblk1.genblk1.lut1.genblk1.genblk1.genblk1.genblk1.genblk1.genblk1.lut0.genblk1.genblk1.genblk1.genblk1.genblk1.lut1 (4 -> 0)
  Optimizing lut $auto$abc_ops_reintegrate.cc:611:reintegrate$130081.genblk1.genblk1.genblk1.genblk1.genblk1.genblk1.genblk1.genblk1.lut1.genblk1.genblk1.genblk1.genblk1.genblk1.genblk1.genblk1.lut1.genblk1.genblk1.genblk1.genblk1.genblk1.genblk1.lut1.genblk1.genblk1.genblk1.genblk1.genblk1.lut0 (4 -> 3)
  Optimizing lut $auto$abc_ops_reintegrate.cc:611:reintegrate$130081.genblk1.genblk1.genblk1.genblk1.genblk1.genblk1.genblk1.genblk1.lut0.genblk1.genblk1.genblk1.genblk1.genblk1.genblk1.genblk1.lut0.genblk1.genblk1.genblk1.genblk1.genblk1.genblk1.lut1.genblk1.genblk1.genblk1.genblk1.genblk1.lut0 (4 -> 3)
  Optimizing lut $auto$abc_ops_reintegrate.cc:611:reintegrate$130081.genblk1.genblk1.genblk1.genblk1.genblk1.genblk1.genblk1.genblk1.lut0.genblk1.genblk1.genblk1.genblk1.genblk1.genblk1.genblk1.lut1.genblk1.genblk1.genblk1.genblk1.genblk1.genblk1.lut1.genblk1.genblk1.genblk1.genblk1.genblk1.lut0 (4 -> 3)
  Optimizing lut $auto$abc_ops_reintegrate.cc:611:reintegrate$130079.genblk1.genblk1.genblk1.genblk1.genblk1.genblk1.genblk1.lut1.genblk1.genblk1.genblk1.genblk1.genblk1.genblk1.lut0.genblk1.genblk1.genblk1.genblk1.genblk1.lut1 (4 -> 1)
  Optimizing lut $abc$129633$lut$aiger129632$5580.genblk1.genblk1.genblk1.genblk1.genblk1.genblk1.genblk1.genblk1.lut1.genblk1.genblk1.genblk1.genblk1.genblk1.genblk1.genblk1.lut0.genblk1.genblk1.genblk1.genblk1.genblk1.genblk1.lut0.genblk1.genblk1.genblk1.genblk1.genblk1.lut0 (4 -> 1)
  Optimizing lut $abc$129633$lut$aiger129632$5580.genblk1.genblk1.genblk1.genblk1.genblk1.genblk1.genblk1.genblk1.lut1.genblk1.genblk1.genblk1.genblk1.genblk1.genblk1.genblk1.lut1.genblk1.genblk1.genblk1.genblk1.genblk1.genblk1.lut1.genblk1.genblk1.genblk1.genblk1.genblk1.lut0 (4 -> 1)
  Optimizing lut $abc$129633$lut$aiger129632$5580.genblk1.genblk1.genblk1.genblk1.genblk1.genblk1.genblk1.genblk1.lut1.genblk1.genblk1.genblk1.genblk1.genblk1.genblk1.genblk1.lut1.genblk1.genblk1.genblk1.genblk1.genblk1.genblk1.lut0.genblk1.genblk1.genblk1.genblk1.genblk1.lut0 (4 -> 1)
  Optimizing lut $abc$129633$lut$aiger129632$5580.genblk1.genblk1.genblk1.genblk1.genblk1.genblk1.genblk1.genblk1.lut0.genblk1.genblk1.genblk1.genblk1.genblk1.genblk1.genblk1.lut0.genblk1.genblk1.genblk1.genblk1.genblk1.genblk1.lut1.genblk1.genblk1.genblk1.genblk1.genblk1.lut0 (4 -> 1)
  Optimizing lut $abc$129633$lut$aiger129632$5580.genblk1.genblk1.genblk1.genblk1.genblk1.genblk1.genblk1.genblk1.lut0.genblk1.genblk1.genblk1.genblk1.genblk1.genblk1.genblk1.lut0.genblk1.genblk1.genblk1.genblk1.genblk1.genblk1.lut0.genblk1.genblk1.genblk1.genblk1.genblk1.lut0 (4 -> 1)
  Optimizing lut $abc$129633$lut$aiger129632$5580.genblk1.genblk1.genblk1.genblk1.genblk1.genblk1.genblk1.genblk1.lut0.genblk1.genblk1.genblk1.genblk1.genblk1.genblk1.genblk1.lut1.genblk1.genblk1.genblk1.genblk1.genblk1.genblk1.lut1.genblk1.genblk1.genblk1.genblk1.genblk1.lut0 (4 -> 0)
  Optimizing lut $abc$129633$lut$aiger129632$5580.genblk1.genblk1.genblk1.genblk1.genblk1.genblk1.genblk1.genblk1.lut0.genblk1.genblk1.genblk1.genblk1.genblk1.genblk1.genblk1.lut1.genblk1.genblk1.genblk1.genblk1.genblk1.genblk1.lut0.genblk1.genblk1.genblk1.genblk1.genblk1.lut0 (4 -> 1)
  Optimizing lut $abc$129633$lut$aiger129632$4850.genblk1.genblk1.genblk1.genblk1.genblk1.genblk1.genblk1.lut1.genblk1.genblk1.genblk1.genblk1.genblk1.genblk1.lut0.genblk1.genblk1.genblk1.genblk1.genblk1.lut1 (4 -> 0)
  Optimizing lut $abc$129633$lut$aiger129632$4928.genblk1.genblk1.genblk1.genblk1.genblk1.genblk1.genblk1.genblk1.lut1.genblk1.genblk1.genblk1.genblk1.genblk1.genblk1.genblk1.lut0.genblk1.genblk1.genblk1.genblk1.genblk1.genblk1.lut0.genblk1.genblk1.genblk1.genblk1.genblk1.lut0 (4 -> 0)
  Optimizing lut $abc$129633$lut$aiger129632$4928.genblk1.genblk1.genblk1.genblk1.genblk1.genblk1.genblk1.genblk1.lut1.genblk1.genblk1.genblk1.genblk1.genblk1.genblk1.genblk1.lut1.genblk1.genblk1.genblk1.genblk1.genblk1.genblk1.lut1.genblk1.genblk1.genblk1.genblk1.genblk1.lut0 (4 -> 0)
  Optimizing lut $abc$129633$lut$aiger129632$4928.genblk1.genblk1.genblk1.genblk1.genblk1.genblk1.genblk1.genblk1.lut1.genblk1.genblk1.genblk1.genblk1.genblk1.genblk1.genblk1.lut1.genblk1.genblk1.genblk1.genblk1.genblk1.genblk1.lut0.genblk1.genblk1.genblk1.genblk1.genblk1.lut0 (4 -> 0)
  Optimizing lut $abc$129633$lut$aiger129632$4928.genblk1.genblk1.genblk1.genblk1.genblk1.genblk1.genblk1.genblk1.lut0.genblk1.genblk1.genblk1.genblk1.genblk1.genblk1.genblk1.lut0.genblk1.genblk1.genblk1.genblk1.genblk1.genblk1.lut1.genblk1.genblk1.genblk1.genblk1.genblk1.lut0 (4 -> 0)
  Optimizing lut $abc$129633$lut$aiger129632$4928.genblk1.genblk1.genblk1.genblk1.genblk1.genblk1.genblk1.genblk1.lut0.genblk1.genblk1.genblk1.genblk1.genblk1.genblk1.genblk1.lut0.genblk1.genblk1.genblk1.genblk1.genblk1.genblk1.lut0.genblk1.genblk1.genblk1.genblk1.genblk1.lut0 (4 -> 0)
  Optimizing lut $abc$129633$lut$aiger129632$4928.genblk1.genblk1.genblk1.genblk1.genblk1.genblk1.genblk1.genblk1.lut0.genblk1.genblk1.genblk1.genblk1.genblk1.genblk1.genblk1.lut1.genblk1.genblk1.genblk1.genblk1.genblk1.genblk1.lut1.genblk1.genblk1.genblk1.genblk1.genblk1.lut0 (4 -> 0)
  Optimizing lut $abc$129633$lut$aiger129632$4928.genblk1.genblk1.genblk1.genblk1.genblk1.genblk1.genblk1.genblk1.lut0.genblk1.genblk1.genblk1.genblk1.genblk1.genblk1.genblk1.lut1.genblk1.genblk1.genblk1.genblk1.genblk1.genblk1.lut0.genblk1.genblk1.genblk1.genblk1.genblk1.lut0 (4 -> 0)
  Optimizing lut $abc$129633$lut$aiger129632$4986.genblk1.genblk1.genblk1.genblk1.genblk1.genblk1.genblk1.genblk1.lut1.genblk1.genblk1.genblk1.genblk1.genblk1.genblk1.genblk1.lut0.genblk1.genblk1.genblk1.genblk1.genblk1.genblk1.lut1.genblk1.genblk1.genblk1.genblk1.genblk1.lut0 (4 -> 0)
  Optimizing lut $abc$129633$lut$aiger129632$4986.genblk1.genblk1.genblk1.genblk1.genblk1.genblk1.genblk1.genblk1.lut1.genblk1.genblk1.genblk1.genblk1.genblk1.genblk1.genblk1.lut0.genblk1.genblk1.genblk1.genblk1.genblk1.genblk1.lut0.genblk1.genblk1.genblk1.genblk1.genblk1.lut0 (4 -> 2)
  Optimizing lut $abc$129633$lut$aiger129632$4986.genblk1.genblk1.genblk1.genblk1.genblk1.genblk1.genblk1.genblk1.lut1.genblk1.genblk1.genblk1.genblk1.genblk1.genblk1.genblk1.lut1.genblk1.genblk1.genblk1.genblk1.genblk1.genblk1.lut1.genblk1.genblk1.genblk1.genblk1.genblk1.lut0 (4 -> 0)
  Optimizing lut $abc$129633$lut$aiger129632$4986.genblk1.genblk1.genblk1.genblk1.genblk1.genblk1.genblk1.genblk1.lut1.genblk1.genblk1.genblk1.genblk1.genblk1.genblk1.genblk1.lut1.genblk1.genblk1.genblk1.genblk1.genblk1.genblk1.lut0.genblk1.genblk1.genblk1.genblk1.genblk1.lut0 (4 -> 0)
  Optimizing lut $abc$129633$lut$aiger129632$4986.genblk1.genblk1.genblk1.genblk1.genblk1.genblk1.genblk1.genblk1.lut0.genblk1.genblk1.genblk1.genblk1.genblk1.genblk1.genblk1.lut0.genblk1.genblk1.genblk1.genblk1.genblk1.genblk1.lut1.genblk1.genblk1.genblk1.genblk1.genblk1.lut0 (4 -> 0)
  Optimizing lut $abc$129633$lut$aiger129632$4986.genblk1.genblk1.genblk1.genblk1.genblk1.genblk1.genblk1.genblk1.lut0.genblk1.genblk1.genblk1.genblk1.genblk1.genblk1.genblk1.lut0.genblk1.genblk1.genblk1.genblk1.genblk1.genblk1.lut0.genblk1.genblk1.genblk1.genblk1.genblk1.lut0 (4 -> 1)
  Optimizing lut $abc$129633$lut$aiger129632$4986.genblk1.genblk1.genblk1.genblk1.genblk1.genblk1.genblk1.genblk1.lut0.genblk1.genblk1.genblk1.genblk1.genblk1.genblk1.genblk1.lut1.genblk1.genblk1.genblk1.genblk1.genblk1.genblk1.lut1.genblk1.genblk1.genblk1.genblk1.genblk1.lut0 (4 -> 0)
  Optimizing lut $abc$129633$lut$aiger129632$4986.genblk1.genblk1.genblk1.genblk1.genblk1.genblk1.genblk1.genblk1.lut0.genblk1.genblk1.genblk1.genblk1.genblk1.genblk1.genblk1.lut1.genblk1.genblk1.genblk1.genblk1.genblk1.genblk1.lut0.genblk1.genblk1.genblk1.genblk1.genblk1.lut0 (4 -> 0)
  Optimizing lut $auto$abc_ops_reintegrate.cc:611:reintegrate$129979.genblk1.genblk1.genblk1.genblk1.genblk1.genblk1.genblk1.lut1.genblk1.genblk1.genblk1.genblk1.genblk1.genblk1.lut0.genblk1.genblk1.genblk1.genblk1.genblk1.lut1 (4 -> 2)
  Optimizing lut $abc$129633$lut$aiger129632$5587.genblk1.genblk1.genblk1.genblk1.genblk1.genblk1.genblk1.genblk1.lut1.genblk1.genblk1.genblk1.genblk1.genblk1.genblk1.genblk1.lut0.genblk1.genblk1.genblk1.genblk1.genblk1.genblk1.lut0.genblk1.genblk1.genblk1.genblk1.genblk1.lut0 (4 -> 0)
  Optimizing lut $abc$129633$lut$aiger129632$5587.genblk1.genblk1.genblk1.genblk1.genblk1.genblk1.genblk1.genblk1.lut1.genblk1.genblk1.genblk1.genblk1.genblk1.genblk1.genblk1.lut1.genblk1.genblk1.genblk1.genblk1.genblk1.genblk1.lut1.genblk1.genblk1.genblk1.genblk1.genblk1.lut0 (4 -> 0)
  Optimizing lut $abc$129633$lut$aiger129632$5587.genblk1.genblk1.genblk1.genblk1.genblk1.genblk1.genblk1.genblk1.lut1.genblk1.genblk1.genblk1.genblk1.genblk1.genblk1.genblk1.lut1.genblk1.genblk1.genblk1.genblk1.genblk1.genblk1.lut0.genblk1.genblk1.genblk1.genblk1.genblk1.lut0 (4 -> 0)
  Optimizing lut $abc$129633$lut$aiger129632$5587.genblk1.genblk1.genblk1.genblk1.genblk1.genblk1.genblk1.genblk1.lut0.genblk1.genblk1.genblk1.genblk1.genblk1.genblk1.genblk1.lut0.genblk1.genblk1.genblk1.genblk1.genblk1.genblk1.lut1.genblk1.genblk1.genblk1.genblk1.genblk1.lut0 (4 -> 0)
  Optimizing lut $abc$129633$lut$aiger129632$5587.genblk1.genblk1.genblk1.genblk1.genblk1.genblk1.genblk1.genblk1.lut0.genblk1.genblk1.genblk1.genblk1.genblk1.genblk1.genblk1.lut0.genblk1.genblk1.genblk1.genblk1.genblk1.genblk1.lut0.genblk1.genblk1.genblk1.genblk1.genblk1.lut0 (4 -> 0)
  Optimizing lut $abc$129633$lut$aiger129632$5587.genblk1.genblk1.genblk1.genblk1.genblk1.genblk1.genblk1.genblk1.lut0.genblk1.genblk1.genblk1.genblk1.genblk1.genblk1.genblk1.lut1.genblk1.genblk1.genblk1.genblk1.genblk1.genblk1.lut1.genblk1.genblk1.genblk1.genblk1.genblk1.lut0 (4 -> 0)
  Optimizing lut $abc$129633$lut$aiger129632$5587.genblk1.genblk1.genblk1.genblk1.genblk1.genblk1.genblk1.genblk1.lut0.genblk1.genblk1.genblk1.genblk1.genblk1.genblk1.genblk1.lut1.genblk1.genblk1.genblk1.genblk1.genblk1.genblk1.lut0.genblk1.genblk1.genblk1.genblk1.genblk1.lut0 (4 -> 0)
  Optimizing lut $abc$129633$lut$aiger129632$5587.genblk1.genblk1.genblk1.genblk1.genblk1.genblk1.genblk1.genblk1.lut0.genblk1.genblk1.genblk1.genblk1.genblk1.genblk1.genblk1.lut0.genblk1.genblk1.genblk1.genblk1.genblk1.genblk1.lut0.genblk1.genblk1.genblk1.genblk1.genblk1.lut1 (4 -> 0)
  Optimizing lut $abc$129633$lut$aiger129632$5587.genblk1.genblk1.genblk1.genblk1.genblk1.genblk1.genblk1.genblk1.lut1.genblk1.genblk1.genblk1.genblk1.genblk1.genblk1.genblk1.lut0.genblk1.genblk1.genblk1.genblk1.genblk1.genblk1.lut0.genblk1.genblk1.genblk1.genblk1.genblk1.lut1 (4 -> 2)
  Optimizing lut $abc$129633$lut$aiger129632$4986.genblk1.genblk1.genblk1.genblk1.genblk1.genblk1.genblk1.genblk1.lut0.genblk1.genblk1.genblk1.genblk1.genblk1.genblk1.genblk1.lut1.genblk1.genblk1.genblk1.genblk1.genblk1.genblk1.lut0.genblk1.genblk1.genblk1.genblk1.genblk1.lut1 (4 -> 0)
  Optimizing lut $auto$abc_ops_reintegrate.cc:611:reintegrate$129979.genblk1.genblk1.genblk1.genblk1.genblk1.genblk1.genblk1.lut0.genblk1.genblk1.genblk1.genblk1.genblk1.genblk1.lut1.genblk1.genblk1.genblk1.genblk1.genblk1.lut0 (4 -> 0)
  Optimizing lut $auto$abc_ops_reintegrate.cc:611:reintegrate$129979.genblk1.genblk1.genblk1.genblk1.genblk1.genblk1.genblk1.lut0.genblk1.genblk1.genblk1.genblk1.genblk1.genblk1.lut0.genblk1.genblk1.genblk1.genblk1.genblk1.lut0 (4 -> 0)
  Optimizing lut $auto$abc_ops_reintegrate.cc:611:reintegrate$129979.genblk1.genblk1.genblk1.genblk1.genblk1.genblk1.genblk1.lut1.genblk1.genblk1.genblk1.genblk1.genblk1.genblk1.lut0.genblk1.genblk1.genblk1.genblk1.genblk1.lut0 (4 -> 2)
  Optimizing lut $abc$129633$lut$aiger129632$4986.genblk1.genblk1.genblk1.genblk1.genblk1.genblk1.genblk1.genblk1.lut0.genblk1.genblk1.genblk1.genblk1.genblk1.genblk1.genblk1.lut0.genblk1.genblk1.genblk1.genblk1.genblk1.genblk1.lut0.genblk1.genblk1.genblk1.genblk1.genblk1.lut1 (4 -> 2)
  Optimizing lut $abc$129633$lut$aiger129632$4986.genblk1.genblk1.genblk1.genblk1.genblk1.genblk1.genblk1.genblk1.lut1.genblk1.genblk1.genblk1.genblk1.genblk1.genblk1.genblk1.lut1.genblk1.genblk1.genblk1.genblk1.genblk1.genblk1.lut0.genblk1.genblk1.genblk1.genblk1.genblk1.lut1 (4 -> 0)
  Optimizing lut $abc$129633$lut$aiger129632$4986.genblk1.genblk1.genblk1.genblk1.genblk1.genblk1.genblk1.genblk1.lut1.genblk1.genblk1.genblk1.genblk1.genblk1.genblk1.genblk1.lut0.genblk1.genblk1.genblk1.genblk1.genblk1.genblk1.lut0.genblk1.genblk1.genblk1.genblk1.genblk1.lut1 (4 -> 2)
  Optimizing lut $abc$129633$lut$aiger129632$4928.genblk1.genblk1.genblk1.genblk1.genblk1.genblk1.genblk1.genblk1.lut0.genblk1.genblk1.genblk1.genblk1.genblk1.genblk1.genblk1.lut1.genblk1.genblk1.genblk1.genblk1.genblk1.genblk1.lut0.genblk1.genblk1.genblk1.genblk1.genblk1.lut1 (4 -> 0)
  Optimizing lut $abc$129633$lut$aiger129632$4928.genblk1.genblk1.genblk1.genblk1.genblk1.genblk1.genblk1.genblk1.lut0.genblk1.genblk1.genblk1.genblk1.genblk1.genblk1.genblk1.lut0.genblk1.genblk1.genblk1.genblk1.genblk1.genblk1.lut0.genblk1.genblk1.genblk1.genblk1.genblk1.lut1 (4 -> 0)
  Optimizing lut $abc$129633$lut$aiger129632$4928.genblk1.genblk1.genblk1.genblk1.genblk1.genblk1.genblk1.genblk1.lut1.genblk1.genblk1.genblk1.genblk1.genblk1.genblk1.genblk1.lut1.genblk1.genblk1.genblk1.genblk1.genblk1.genblk1.lut0.genblk1.genblk1.genblk1.genblk1.genblk1.lut1 (4 -> 0)
  Optimizing lut $abc$129633$lut$aiger129632$4928.genblk1.genblk1.genblk1.genblk1.genblk1.genblk1.genblk1.genblk1.lut1.genblk1.genblk1.genblk1.genblk1.genblk1.genblk1.genblk1.lut0.genblk1.genblk1.genblk1.genblk1.genblk1.genblk1.lut0.genblk1.genblk1.genblk1.genblk1.genblk1.lut1 (4 -> 0)
  Optimizing lut $abc$129633$lut$aiger129632$5580.genblk1.genblk1.genblk1.genblk1.genblk1.genblk1.genblk1.genblk1.lut0.genblk1.genblk1.genblk1.genblk1.genblk1.genblk1.genblk1.lut1.genblk1.genblk1.genblk1.genblk1.genblk1.genblk1.lut0.genblk1.genblk1.genblk1.genblk1.genblk1.lut1 (4 -> 1)
  Optimizing lut $abc$129633$lut$aiger129632$4850.genblk1.genblk1.genblk1.genblk1.genblk1.genblk1.genblk1.lut0.genblk1.genblk1.genblk1.genblk1.genblk1.genblk1.lut1.genblk1.genblk1.genblk1.genblk1.genblk1.lut0 (4 -> 0)
  Optimizing lut $abc$129633$lut$aiger129632$4850.genblk1.genblk1.genblk1.genblk1.genblk1.genblk1.genblk1.lut0.genblk1.genblk1.genblk1.genblk1.genblk1.genblk1.lut0.genblk1.genblk1.genblk1.genblk1.genblk1.lut0 (4 -> 0)
  Optimizing lut $abc$129633$lut$aiger129632$4850.genblk1.genblk1.genblk1.genblk1.genblk1.genblk1.genblk1.lut1.genblk1.genblk1.genblk1.genblk1.genblk1.genblk1.lut1.genblk1.genblk1.genblk1.genblk1.genblk1.lut0 (4 -> 0)
  Optimizing lut $abc$129633$lut$aiger129632$4850.genblk1.genblk1.genblk1.genblk1.genblk1.genblk1.genblk1.lut1.genblk1.genblk1.genblk1.genblk1.genblk1.genblk1.lut0.genblk1.genblk1.genblk1.genblk1.genblk1.lut0 (4 -> 0)
  Optimizing lut $abc$129633$lut$aiger129632$4623.genblk1.genblk1.genblk1.genblk1.genblk1.genblk1.lut0.genblk1.genblk1.genblk1.genblk1.genblk1.lut1 (4 -> 2)
  Optimizing lut $abc$129633$lut$aiger129632$5580.genblk1.genblk1.genblk1.genblk1.genblk1.genblk1.genblk1.genblk1.lut1.genblk1.genblk1.genblk1.genblk1.genblk1.genblk1.genblk1.lut1.genblk1.genblk1.genblk1.genblk1.genblk1.genblk1.lut0.genblk1.genblk1.genblk1.genblk1.genblk1.lut1 (4 -> 1)
  Optimizing lut $abc$129633$lut$aiger129632$5580.genblk1.genblk1.genblk1.genblk1.genblk1.genblk1.genblk1.genblk1.lut1.genblk1.genblk1.genblk1.genblk1.genblk1.genblk1.genblk1.lut0.genblk1.genblk1.genblk1.genblk1.genblk1.genblk1.lut0.genblk1.genblk1.genblk1.genblk1.genblk1.lut1 (4 -> 1)
  Optimizing lut $auto$abc_ops_reintegrate.cc:611:reintegrate$130080.genblk1.genblk1.genblk1.genblk1.genblk1.genblk1.genblk1.genblk1.lut0.genblk1.genblk1.genblk1.genblk1.genblk1.genblk1.genblk1.lut1.genblk1.genblk1.genblk1.genblk1.genblk1.genblk1.lut0.genblk1.genblk1.genblk1.genblk1.genblk1.lut1 (4 -> 2)
  Optimizing lut $auto$abc_ops_reintegrate.cc:611:reintegrate$130080.genblk1.genblk1.genblk1.genblk1.genblk1.genblk1.genblk1.genblk1.lut0.genblk1.genblk1.genblk1.genblk1.genblk1.genblk1.genblk1.lut0.genblk1.genblk1.genblk1.genblk1.genblk1.genblk1.lut0.genblk1.genblk1.genblk1.genblk1.genblk1.lut1 (4 -> 2)
  Optimizing lut $auto$abc_ops_reintegrate.cc:611:reintegrate$130080.genblk1.genblk1.genblk1.genblk1.genblk1.genblk1.genblk1.genblk1.lut1.genblk1.genblk1.genblk1.genblk1.genblk1.genblk1.genblk1.lut1.genblk1.genblk1.genblk1.genblk1.genblk1.genblk1.lut0.genblk1.genblk1.genblk1.genblk1.genblk1.lut1 (4 -> 2)
  Optimizing lut $auto$abc_ops_reintegrate.cc:611:reintegrate$130080.genblk1.genblk1.genblk1.genblk1.genblk1.genblk1.genblk1.genblk1.lut1.genblk1.genblk1.genblk1.genblk1.genblk1.genblk1.genblk1.lut0.genblk1.genblk1.genblk1.genblk1.genblk1.genblk1.lut0.genblk1.genblk1.genblk1.genblk1.genblk1.lut1 (4 -> 1)
  Optimizing lut $auto$abc_ops_reintegrate.cc:611:reintegrate$130081.genblk1.genblk1.genblk1.genblk1.genblk1.genblk1.genblk1.genblk1.lut0.genblk1.genblk1.genblk1.genblk1.genblk1.genblk1.genblk1.lut1.genblk1.genblk1.genblk1.genblk1.genblk1.genblk1.lut0.genblk1.genblk1.genblk1.genblk1.genblk1.lut1 (4 -> 3)
  Optimizing lut $auto$abc_ops_reintegrate.cc:611:reintegrate$130081.genblk1.genblk1.genblk1.genblk1.genblk1.genblk1.genblk1.genblk1.lut0.genblk1.genblk1.genblk1.genblk1.genblk1.genblk1.genblk1.lut0.genblk1.genblk1.genblk1.genblk1.genblk1.genblk1.lut0.genblk1.genblk1.genblk1.genblk1.genblk1.lut1 (4 -> 3)
  Optimizing lut $auto$abc_ops_reintegrate.cc:611:reintegrate$130081.genblk1.genblk1.genblk1.genblk1.genblk1.genblk1.genblk1.genblk1.lut1.genblk1.genblk1.genblk1.genblk1.genblk1.genblk1.genblk1.lut1.genblk1.genblk1.genblk1.genblk1.genblk1.genblk1.lut0.genblk1.genblk1.genblk1.genblk1.genblk1.lut1 (4 -> 3)
  Optimizing lut $auto$abc_ops_reintegrate.cc:611:reintegrate$130081.genblk1.genblk1.genblk1.genblk1.genblk1.genblk1.genblk1.genblk1.lut1.genblk1.genblk1.genblk1.genblk1.genblk1.genblk1.genblk1.lut0.genblk1.genblk1.genblk1.genblk1.genblk1.genblk1.lut0.genblk1.genblk1.genblk1.genblk1.genblk1.lut1 (4 -> 3)
  Optimizing lut $auto$abc_ops_reintegrate.cc:611:reintegrate$130081.genblk1.genblk1.genblk1.genblk1.genblk1.genblk1.genblk1.genblk1.lut1.genblk1.genblk1.genblk1.genblk1.genblk1.genblk1.genblk1.lut0.genblk1.genblk1.genblk1.genblk1.genblk1.genblk1.lut1.genblk1.genblk1.genblk1.genblk1.genblk1.lut0 (4 -> 3)
  Optimizing lut $auto$abc_ops_reintegrate.cc:611:reintegrate$130081.genblk1.genblk1.genblk1.genblk1.genblk1.genblk1.genblk1.genblk1.lut0.genblk1.genblk1.genblk1.genblk1.genblk1.genblk1.genblk1.lut1.genblk1.genblk1.genblk1.genblk1.genblk1.genblk1.lut1.genblk1.genblk1.genblk1.genblk1.genblk1.lut1 (4 -> 2)
  Optimizing lut $auto$abc_ops_reintegrate.cc:611:reintegrate$130080.genblk1.genblk1.genblk1.genblk1.genblk1.genblk1.genblk1.genblk1.lut0.genblk1.genblk1.genblk1.genblk1.genblk1.genblk1.genblk1.lut1.genblk1.genblk1.genblk1.genblk1.genblk1.genblk1.lut1.genblk1.genblk1.genblk1.genblk1.genblk1.lut1 (4 -> 2)
  Optimizing lut $abc$129633$lut$aiger129632$6041.genblk1.genblk1.genblk1.genblk1.genblk1.lut1 (4 -> 3)
  Optimizing lut $abc$129633$lut$aiger129632$5580.genblk1.genblk1.genblk1.genblk1.genblk1.genblk1.genblk1.genblk1.lut1.genblk1.genblk1.genblk1.genblk1.genblk1.genblk1.genblk1.lut0.genblk1.genblk1.genblk1.genblk1.genblk1.genblk1.lut1.genblk1.genblk1.genblk1.genblk1.genblk1.lut0 (4 -> 1)
  Optimizing lut $abc$129633$lut$aiger129632$5580.genblk1.genblk1.genblk1.genblk1.genblk1.genblk1.genblk1.genblk1.lut0.genblk1.genblk1.genblk1.genblk1.genblk1.genblk1.genblk1.lut1.genblk1.genblk1.genblk1.genblk1.genblk1.genblk1.lut1.genblk1.genblk1.genblk1.genblk1.genblk1.lut1 (4 -> 0)
  Optimizing lut $abc$129633$lut$aiger129632$4613.genblk1.genblk1.genblk1.genblk1.genblk1.genblk1.lut0.genblk1.genblk1.genblk1.genblk1.genblk1.lut0 (4 -> 0)
  Optimizing lut $abc$129633$lut$aiger129632$4618.genblk1.genblk1.genblk1.genblk1.genblk1.lut1 (4 -> 0)
  Optimizing lut $abc$129633$lut$aiger129632$4623.genblk1.genblk1.genblk1.genblk1.genblk1.genblk1.lut0.genblk1.genblk1.genblk1.genblk1.genblk1.lut0 (4 -> 3)
  Optimizing lut $abc$129633$lut$aiger129632$4928.genblk1.genblk1.genblk1.genblk1.genblk1.genblk1.genblk1.genblk1.lut1.genblk1.genblk1.genblk1.genblk1.genblk1.genblk1.genblk1.lut0.genblk1.genblk1.genblk1.genblk1.genblk1.genblk1.lut1.genblk1.genblk1.genblk1.genblk1.genblk1.lut0 (4 -> 0)
  Optimizing lut $abc$129633$lut$aiger129632$4897.genblk1.genblk1.genblk1.genblk1.genblk1.lut1 (4 -> 3)
  Optimizing lut $abc$129633$lut$aiger129632$4928.genblk1.genblk1.genblk1.genblk1.genblk1.genblk1.genblk1.genblk1.lut0.genblk1.genblk1.genblk1.genblk1.genblk1.genblk1.genblk1.lut1.genblk1.genblk1.genblk1.genblk1.genblk1.genblk1.lut1.genblk1.genblk1.genblk1.genblk1.genblk1.lut1 (4 -> 3)
  Optimizing lut $abc$129633$lut$aiger129632$4986.genblk1.genblk1.genblk1.genblk1.genblk1.genblk1.genblk1.genblk1.lut1.genblk1.genblk1.genblk1.genblk1.genblk1.genblk1.genblk1.lut1.genblk1.genblk1.genblk1.genblk1.genblk1.genblk1.lut1.genblk1.genblk1.genblk1.genblk1.genblk1.lut1 (4 -> 3)
  Optimizing lut $abc$129633$lut$aiger129632$4986.genblk1.genblk1.genblk1.genblk1.genblk1.genblk1.genblk1.genblk1.lut0.genblk1.genblk1.genblk1.genblk1.genblk1.genblk1.genblk1.lut1.genblk1.genblk1.genblk1.genblk1.genblk1.genblk1.lut1.genblk1.genblk1.genblk1.genblk1.genblk1.lut1 (4 -> 0)
  Optimizing lut $abc$129633$lut$aiger129632$4990.genblk1.genblk1.genblk1.genblk1.genblk1.lut1 (4 -> 0)
  Optimizing lut $abc$129633$lut$aiger129632$5587.genblk1.genblk1.genblk1.genblk1.genblk1.genblk1.genblk1.genblk1.lut1.genblk1.genblk1.genblk1.genblk1.genblk1.genblk1.genblk1.lut0.genblk1.genblk1.genblk1.genblk1.genblk1.genblk1.lut1.genblk1.genblk1.genblk1.genblk1.genblk1.lut0 (4 -> 0)
  Optimizing lut $auto$abc_ops_reintegrate.cc:611:reintegrate$129955.genblk1.genblk1.genblk1.genblk1.genblk1.lut1 (4 -> 3)
  Optimizing lut $abc$129633$lut$aiger129632$5587.genblk1.genblk1.genblk1.genblk1.genblk1.genblk1.genblk1.genblk1.lut0.genblk1.genblk1.genblk1.genblk1.genblk1.genblk1.genblk1.lut1.genblk1.genblk1.genblk1.genblk1.genblk1.genblk1.lut1.genblk1.genblk1.genblk1.genblk1.genblk1.lut1 (4 -> 0)
  Optimizing lut $abc$129633$lut$aiger$o1920.genblk1.genblk1.genblk1.genblk1.genblk1.lut0 (4 -> 3)
  Optimizing lut $abc$129633$lut$aiger$o1722.genblk1.genblk1.genblk1.genblk1.genblk1.lut0 (4 -> 2)
  Optimizing lut $abc$129633$lut$aiger$o1719.genblk1.genblk1.genblk1.genblk1.genblk1.lut0 (4 -> 2)
  Optimizing lut $abc$129633$lut$aiger$o1914.genblk1.genblk1.genblk1.genblk1.genblk1.lut0 (4 -> 3)
  Optimizing lut $abc$129633$lut$aiger$o1716.genblk1.genblk1.genblk1.genblk1.genblk1.lut0 (4 -> 2)
  Optimizing lut $abc$129633$lut$aiger$o1713.genblk1.genblk1.genblk1.genblk1.genblk1.lut0 (4 -> 2)
  Optimizing lut $abc$129633$lut$aiger$o1911.genblk1.genblk1.genblk1.genblk1.genblk1.lut0 (4 -> 3)
  Optimizing lut $abc$129633$lut$aiger$o1905.genblk1.genblk1.genblk1.genblk1.genblk1.lut0 (4 -> 3)
  Optimizing lut $abc$129633$lut$aiger$o2013.genblk1.genblk1.genblk1.genblk1.genblk1.lut0 (4 -> 3)
  Optimizing lut $abc$129633$lut$aiger$o1971.genblk1.genblk1.genblk1.genblk1.genblk1.lut0 (4 -> 3)
  Optimizing lut $abc$129633$lut$aiger$o1827.genblk1.genblk1.genblk1.genblk1.genblk1.lut0 (4 -> 3)
  Optimizing lut $abc$129633$lut$aiger$o1824.genblk1.genblk1.genblk1.genblk1.genblk1.lut0 (4 -> 3)
  Optimizing lut $abc$129633$lut$aiger$o2010.genblk1.genblk1.genblk1.genblk1.genblk1.lut0 (4 -> 3)
  Optimizing lut $abc$129633$lut$aiger$o1965.genblk1.genblk1.genblk1.genblk1.genblk1.lut0 (4 -> 3)
  Optimizing lut $abc$129633$lut$aiger$o1818.genblk1.genblk1.genblk1.genblk1.genblk1.lut0 (4 -> 3)
  Optimizing lut $abc$129633$lut$aiger$o2007.genblk1.genblk1.genblk1.genblk1.genblk1.lut0 (4 -> 3)
  Optimizing lut $abc$129633$lut$aiger$o1812.genblk1.genblk1.genblk1.genblk1.genblk1.lut0 (4 -> 3)
  Optimizing lut $abc$129633$lut$aiger$o2466.genblk1.genblk1.genblk1.genblk1.genblk1.lut0 (4 -> 3)
  Optimizing lut $abc$129633$lut$aiger$o1806.genblk1.genblk1.genblk1.genblk1.genblk1.lut0 (4 -> 3)
  Optimizing lut $abc$129633$lut$aiger$o2454.genblk1.genblk1.genblk1.genblk1.genblk1.lut0 (4 -> 3)
  Optimizing lut $abc$129633$lut$aiger$o2433.genblk1.genblk1.genblk1.genblk1.genblk1.lut0 (4 -> 3)
  Optimizing lut $abc$129633$lut$aiger$o1489.genblk1.genblk1.genblk1.genblk1.genblk1.lut0 (4 -> 2)
  Optimizing lut $abc$129633$lut$aiger129632$5587.genblk1.genblk1.genblk1.genblk1.genblk1.genblk1.genblk1.genblk1.lut1.genblk1.genblk1.genblk1.genblk1.genblk1.genblk1.genblk1.lut0.genblk1.genblk1.genblk1.genblk1.genblk1.genblk1.lut1.genblk1.genblk1.genblk1.genblk1.genblk1.lut1 (4 -> 2)
  Optimizing lut $abc$129633$lut$aiger129632$5004.genblk1.genblk1.genblk1.genblk1.genblk1.lut0 (4 -> 0)
  Optimizing lut $auto$abc_ops_reintegrate.cc:611:reintegrate$129636.genblk1.genblk1.genblk1.genblk1.genblk1.lut0 (4 -> 3)
  Optimizing lut $auto$abc_ops_reintegrate.cc:611:reintegrate$129637.genblk1.genblk1.genblk1.genblk1.genblk1.lut0 (4 -> 3)
  Optimizing lut $auto$abc_ops_reintegrate.cc:611:reintegrate$129638.genblk1.genblk1.genblk1.genblk1.genblk1.lut0 (4 -> 3)
  Optimizing lut $auto$abc_ops_reintegrate.cc:611:reintegrate$129639.genblk1.genblk1.genblk1.genblk1.genblk1.lut0 (4 -> 3)
  Optimizing lut $auto$abc_ops_reintegrate.cc:611:reintegrate$129640.genblk1.genblk1.genblk1.genblk1.genblk1.lut0 (4 -> 3)
  Optimizing lut $auto$abc_ops_reintegrate.cc:611:reintegrate$129641.genblk1.genblk1.genblk1.genblk1.genblk1.lut0 (4 -> 3)
  Optimizing lut $auto$abc_ops_reintegrate.cc:611:reintegrate$129642.genblk1.genblk1.genblk1.genblk1.genblk1.lut0 (4 -> 3)
  Optimizing lut $auto$abc_ops_reintegrate.cc:611:reintegrate$129643.genblk1.genblk1.genblk1.genblk1.genblk1.lut0 (4 -> 3)
  Optimizing lut $auto$abc_ops_reintegrate.cc:611:reintegrate$129644.genblk1.genblk1.genblk1.genblk1.genblk1.lut0 (4 -> 3)
  Optimizing lut $auto$abc_ops_reintegrate.cc:611:reintegrate$129645.genblk1.genblk1.genblk1.genblk1.genblk1.lut0 (4 -> 3)
  Optimizing lut $auto$abc_ops_reintegrate.cc:611:reintegrate$129646.genblk1.genblk1.genblk1.genblk1.genblk1.lut0 (4 -> 3)
  Optimizing lut $auto$abc_ops_reintegrate.cc:611:reintegrate$129647.genblk1.genblk1.genblk1.genblk1.genblk1.lut0 (4 -> 3)
  Optimizing lut $auto$abc_ops_reintegrate.cc:611:reintegrate$129648.genblk1.genblk1.genblk1.genblk1.genblk1.lut0 (4 -> 3)
  Optimizing lut $auto$abc_ops_reintegrate.cc:611:reintegrate$129650.genblk1.genblk1.genblk1.genblk1.genblk1.lut0 (4 -> 3)
  Optimizing lut $auto$abc_ops_reintegrate.cc:611:reintegrate$129651.genblk1.genblk1.genblk1.genblk1.genblk1.lut0 (4 -> 3)
  Optimizing lut $auto$abc_ops_reintegrate.cc:611:reintegrate$129652.genblk1.genblk1.genblk1.genblk1.genblk1.lut0 (4 -> 3)
  Optimizing lut $auto$abc_ops_reintegrate.cc:611:reintegrate$129653.genblk1.genblk1.genblk1.genblk1.genblk1.lut0 (4 -> 3)
  Optimizing lut $auto$abc_ops_reintegrate.cc:611:reintegrate$129655.genblk1.genblk1.genblk1.genblk1.genblk1.lut0 (4 -> 3)
  Optimizing lut $auto$abc_ops_reintegrate.cc:611:reintegrate$129656.genblk1.genblk1.genblk1.genblk1.genblk1.lut0 (4 -> 3)
  Optimizing lut $auto$abc_ops_reintegrate.cc:611:reintegrate$129877.genblk1.genblk1.genblk1.genblk1.genblk1.lut0 (4 -> 3)
  Optimizing lut $auto$abc_ops_reintegrate.cc:611:reintegrate$129878.genblk1.genblk1.genblk1.genblk1.genblk1.lut0 (4 -> 3)
  Optimizing lut $auto$abc_ops_reintegrate.cc:611:reintegrate$129879.genblk1.genblk1.genblk1.genblk1.genblk1.lut0 (4 -> 3)
  Optimizing lut $auto$abc_ops_reintegrate.cc:611:reintegrate$129880.genblk1.genblk1.genblk1.genblk1.genblk1.lut0 (4 -> 3)
  Optimizing lut $auto$abc_ops_reintegrate.cc:611:reintegrate$129881.genblk1.genblk1.genblk1.genblk1.genblk1.lut0 (4 -> 3)
  Optimizing lut $auto$abc_ops_reintegrate.cc:611:reintegrate$129882.genblk1.genblk1.genblk1.genblk1.genblk1.lut0 (4 -> 3)
  Optimizing lut $auto$abc_ops_reintegrate.cc:611:reintegrate$129883.genblk1.genblk1.genblk1.genblk1.genblk1.lut0 (4 -> 3)
  Optimizing lut $auto$abc_ops_reintegrate.cc:611:reintegrate$129884.genblk1.genblk1.genblk1.genblk1.genblk1.lut0 (4 -> 3)
  Optimizing lut $auto$abc_ops_reintegrate.cc:611:reintegrate$129885.genblk1.genblk1.genblk1.genblk1.genblk1.lut0 (4 -> 3)
  Optimizing lut $auto$abc_ops_reintegrate.cc:611:reintegrate$129886.genblk1.genblk1.genblk1.genblk1.genblk1.lut0 (4 -> 3)
  Optimizing lut $auto$abc_ops_reintegrate.cc:611:reintegrate$129887.genblk1.genblk1.genblk1.genblk1.genblk1.lut0 (4 -> 3)
  Optimizing lut $auto$abc_ops_reintegrate.cc:611:reintegrate$129889.genblk1.genblk1.genblk1.genblk1.genblk1.lut0 (4 -> 3)
  Optimizing lut $auto$abc_ops_reintegrate.cc:611:reintegrate$129890.genblk1.genblk1.genblk1.genblk1.genblk1.lut0 (4 -> 3)
  Optimizing lut $auto$abc_ops_reintegrate.cc:611:reintegrate$129891.genblk1.genblk1.genblk1.genblk1.genblk1.lut0 (4 -> 3)
  Optimizing lut $auto$abc_ops_reintegrate.cc:611:reintegrate$129892.genblk1.genblk1.genblk1.genblk1.genblk1.lut0 (4 -> 3)
  Optimizing lut $auto$abc_ops_reintegrate.cc:611:reintegrate$129893.genblk1.genblk1.genblk1.genblk1.genblk1.lut0 (4 -> 3)
  Optimizing lut $auto$abc_ops_reintegrate.cc:611:reintegrate$129894.genblk1.genblk1.genblk1.genblk1.genblk1.lut0 (4 -> 3)
  Optimizing lut $auto$abc_ops_reintegrate.cc:611:reintegrate$129895.genblk1.genblk1.genblk1.genblk1.genblk1.lut0 (4 -> 3)
  Optimizing lut $auto$abc_ops_reintegrate.cc:611:reintegrate$129897.genblk1.genblk1.genblk1.genblk1.genblk1.lut0 (4 -> 3)
  Optimizing lut $auto$abc_ops_reintegrate.cc:611:reintegrate$129898.genblk1.genblk1.genblk1.genblk1.genblk1.lut0 (4 -> 3)
  Optimizing lut $auto$abc_ops_reintegrate.cc:611:reintegrate$129899.genblk1.genblk1.genblk1.genblk1.genblk1.lut0 (4 -> 3)
  Optimizing lut $auto$abc_ops_reintegrate.cc:611:reintegrate$129900.genblk1.genblk1.genblk1.genblk1.genblk1.lut0 (4 -> 3)
  Optimizing lut $auto$abc_ops_reintegrate.cc:611:reintegrate$129901.genblk1.genblk1.genblk1.genblk1.genblk1.lut0 (4 -> 3)
  Optimizing lut $auto$abc_ops_reintegrate.cc:611:reintegrate$129902.genblk1.genblk1.genblk1.genblk1.genblk1.lut0 (4 -> 3)
  Optimizing lut $auto$abc_ops_reintegrate.cc:611:reintegrate$129903.genblk1.genblk1.genblk1.genblk1.genblk1.lut0 (4 -> 3)
  Optimizing lut $auto$abc_ops_reintegrate.cc:611:reintegrate$129906.genblk1.genblk1.genblk1.genblk1.genblk1.lut0 (4 -> 3)
  Optimizing lut $auto$abc_ops_reintegrate.cc:611:reintegrate$129907.genblk1.genblk1.genblk1.genblk1.genblk1.lut0 (4 -> 3)
  Optimizing lut $auto$abc_ops_reintegrate.cc:611:reintegrate$129908.genblk1.genblk1.genblk1.genblk1.genblk1.lut0 (4 -> 3)
  Optimizing lut $auto$abc_ops_reintegrate.cc:611:reintegrate$129909.genblk1.genblk1.genblk1.genblk1.genblk1.lut0 (4 -> 3)
  Optimizing lut $auto$abc_ops_reintegrate.cc:611:reintegrate$129910.genblk1.genblk1.genblk1.genblk1.genblk1.lut0 (4 -> 3)
  Optimizing lut $auto$abc_ops_reintegrate.cc:611:reintegrate$129911.genblk1.genblk1.genblk1.genblk1.genblk1.lut0 (4 -> 3)
  Optimizing lut $auto$abc_ops_reintegrate.cc:611:reintegrate$129912.genblk1.genblk1.genblk1.genblk1.genblk1.lut0 (4 -> 3)
  Optimizing lut $auto$abc_ops_reintegrate.cc:611:reintegrate$129914.genblk1.genblk1.genblk1.genblk1.genblk1.lut0 (4 -> 3)
  Optimizing lut $auto$abc_ops_reintegrate.cc:611:reintegrate$129915.genblk1.genblk1.genblk1.genblk1.genblk1.lut0 (4 -> 3)
  Optimizing lut $auto$abc_ops_reintegrate.cc:611:reintegrate$129916.genblk1.genblk1.genblk1.genblk1.genblk1.lut0 (4 -> 3)
  Optimizing lut $auto$abc_ops_reintegrate.cc:611:reintegrate$129917.genblk1.genblk1.genblk1.genblk1.genblk1.lut0 (4 -> 3)
  Optimizing lut $auto$abc_ops_reintegrate.cc:611:reintegrate$129920.genblk1.genblk1.genblk1.genblk1.genblk1.lut0 (4 -> 3)
  Optimizing lut $auto$abc_ops_reintegrate.cc:611:reintegrate$129921.genblk1.genblk1.genblk1.genblk1.genblk1.lut0 (4 -> 3)
  Optimizing lut $auto$abc_ops_reintegrate.cc:611:reintegrate$129922.genblk1.genblk1.genblk1.genblk1.genblk1.lut0 (4 -> 3)
  Optimizing lut $auto$abc_ops_reintegrate.cc:611:reintegrate$129923.genblk1.genblk1.genblk1.genblk1.genblk1.lut0 (4 -> 3)
  Optimizing lut $auto$abc_ops_reintegrate.cc:611:reintegrate$129924.genblk1.genblk1.genblk1.genblk1.genblk1.lut0 (4 -> 3)
  Optimizing lut $auto$abc_ops_reintegrate.cc:611:reintegrate$129925.genblk1.genblk1.genblk1.genblk1.genblk1.lut0 (4 -> 3)
  Optimizing lut $auto$abc_ops_reintegrate.cc:611:reintegrate$129926.genblk1.genblk1.genblk1.genblk1.genblk1.lut0 (4 -> 3)
  Optimizing lut $auto$abc_ops_reintegrate.cc:611:reintegrate$129928.genblk1.genblk1.genblk1.genblk1.genblk1.lut0 (4 -> 3)
  Optimizing lut $auto$abc_ops_reintegrate.cc:611:reintegrate$129929.genblk1.genblk1.genblk1.genblk1.genblk1.lut0 (4 -> 3)
  Optimizing lut $auto$abc_ops_reintegrate.cc:611:reintegrate$129930.genblk1.genblk1.genblk1.genblk1.genblk1.lut0 (4 -> 3)
  Optimizing lut $auto$abc_ops_reintegrate.cc:611:reintegrate$129931.genblk1.genblk1.genblk1.genblk1.genblk1.lut0 (4 -> 3)
  Optimizing lut $auto$abc_ops_reintegrate.cc:611:reintegrate$129933.genblk1.genblk1.genblk1.genblk1.genblk1.lut0 (4 -> 3)
  Optimizing lut $auto$abc_ops_reintegrate.cc:611:reintegrate$129934.genblk1.genblk1.genblk1.genblk1.genblk1.lut0 (4 -> 3)
  Optimizing lut $auto$abc_ops_reintegrate.cc:611:reintegrate$129935.genblk1.genblk1.genblk1.genblk1.genblk1.lut0 (4 -> 3)
  Optimizing lut $auto$abc_ops_reintegrate.cc:611:reintegrate$129936.genblk1.genblk1.genblk1.genblk1.genblk1.lut0 (4 -> 3)
  Optimizing lut $auto$abc_ops_reintegrate.cc:611:reintegrate$129937.genblk1.genblk1.genblk1.genblk1.genblk1.lut0 (4 -> 3)
  Optimizing lut $auto$abc_ops_reintegrate.cc:611:reintegrate$129938.genblk1.genblk1.genblk1.genblk1.genblk1.lut0 (4 -> 3)
  Optimizing lut $auto$abc_ops_reintegrate.cc:611:reintegrate$129939.genblk1.genblk1.genblk1.genblk1.genblk1.lut0 (4 -> 3)
  Optimizing lut $auto$abc_ops_reintegrate.cc:611:reintegrate$129941.genblk1.genblk1.genblk1.genblk1.genblk1.lut0 (4 -> 3)
  Optimizing lut $auto$abc_ops_reintegrate.cc:611:reintegrate$129943.genblk1.genblk1.genblk1.genblk1.genblk1.lut0 (4 -> 3)
  Optimizing lut $auto$abc_ops_reintegrate.cc:611:reintegrate$129944.genblk1.genblk1.genblk1.genblk1.genblk1.lut0 (4 -> 3)
  Optimizing lut $auto$abc_ops_reintegrate.cc:611:reintegrate$129951.genblk1.genblk1.genblk1.genblk1.genblk1.lut0 (4 -> 3)
  Optimizing lut $auto$abc_ops_reintegrate.cc:611:reintegrate$129952.genblk1.genblk1.genblk1.genblk1.genblk1.lut0 (4 -> 3)
  Optimizing lut $auto$abc_ops_reintegrate.cc:611:reintegrate$129953.genblk1.genblk1.genblk1.genblk1.genblk1.lut0 (4 -> 3)
  Optimizing lut $auto$abc_ops_reintegrate.cc:611:reintegrate$129954.genblk1.genblk1.genblk1.genblk1.genblk1.lut0 (4 -> 3)
  Optimizing lut $auto$abc_ops_reintegrate.cc:611:reintegrate$129955.genblk1.genblk1.genblk1.genblk1.genblk1.lut0 (4 -> 3)
  Optimizing lut $abc$129633$lut$aiger129632$4986.genblk1.genblk1.genblk1.genblk1.genblk1.genblk1.genblk1.genblk1.lut1.genblk1.genblk1.genblk1.genblk1.genblk1.genblk1.genblk1.lut0.genblk1.genblk1.genblk1.genblk1.genblk1.genblk1.lut1.genblk1.genblk1.genblk1.genblk1.genblk1.lut1 (4 -> 3)
  Optimizing lut $abc$129633$lut$aiger129632$4844.genblk1.genblk1.genblk1.genblk1.genblk1.lut0 (4 -> 0)
  Optimizing lut $abc$129633$lut$aiger129632$4782.genblk1.genblk1.genblk1.genblk1.genblk1.lut0 (4 -> 0)
  Optimizing lut $abc$129633$lut$aiger129632$4951.genblk1.genblk1.genblk1.genblk1.genblk1.lut0 (4 -> 3)
  Optimizing lut $auto$abc_ops_reintegrate.cc:611:reintegrate$129983.genblk1.genblk1.genblk1.genblk1.genblk1.lut0 (4 -> 3)
  Optimizing lut $auto$abc_ops_reintegrate.cc:611:reintegrate$129984.genblk1.genblk1.genblk1.genblk1.genblk1.lut0 (4 -> 3)
  Optimizing lut $auto$abc_ops_reintegrate.cc:611:reintegrate$129986.genblk1.genblk1.genblk1.genblk1.genblk1.lut0 (4 -> 3)
  Optimizing lut $auto$abc_ops_reintegrate.cc:611:reintegrate$129987.genblk1.genblk1.genblk1.genblk1.genblk1.lut0 (4 -> 3)
  Optimizing lut $auto$abc_ops_reintegrate.cc:611:reintegrate$129988.genblk1.genblk1.genblk1.genblk1.genblk1.lut0 (4 -> 3)
  Optimizing lut $auto$abc_ops_reintegrate.cc:611:reintegrate$129989.genblk1.genblk1.genblk1.genblk1.genblk1.lut0 (4 -> 3)
  Optimizing lut $auto$abc_ops_reintegrate.cc:611:reintegrate$129990.genblk1.genblk1.genblk1.genblk1.genblk1.lut0 (4 -> 3)
  Optimizing lut $auto$abc_ops_reintegrate.cc:611:reintegrate$129991.genblk1.genblk1.genblk1.genblk1.genblk1.lut0 (4 -> 3)
  Optimizing lut $auto$abc_ops_reintegrate.cc:611:reintegrate$129992.genblk1.genblk1.genblk1.genblk1.genblk1.lut0 (4 -> 3)
  Optimizing lut $auto$abc_ops_reintegrate.cc:611:reintegrate$129994.genblk1.genblk1.genblk1.genblk1.genblk1.lut0 (4 -> 3)
  Optimizing lut $auto$abc_ops_reintegrate.cc:611:reintegrate$129995.genblk1.genblk1.genblk1.genblk1.genblk1.lut0 (4 -> 3)
  Optimizing lut $auto$abc_ops_reintegrate.cc:611:reintegrate$129996.genblk1.genblk1.genblk1.genblk1.genblk1.lut0 (4 -> 3)
  Optimizing lut $auto$abc_ops_reintegrate.cc:611:reintegrate$129997.genblk1.genblk1.genblk1.genblk1.genblk1.lut0 (4 -> 3)
  Optimizing lut $auto$abc_ops_reintegrate.cc:611:reintegrate$129998.genblk1.genblk1.genblk1.genblk1.genblk1.lut0 (4 -> 3)
  Optimizing lut $auto$abc_ops_reintegrate.cc:611:reintegrate$129999.genblk1.genblk1.genblk1.genblk1.genblk1.lut0 (4 -> 3)
  Optimizing lut $auto$abc_ops_reintegrate.cc:611:reintegrate$130000.genblk1.genblk1.genblk1.genblk1.genblk1.lut0 (4 -> 3)
  Optimizing lut $auto$abc_ops_reintegrate.cc:611:reintegrate$130002.genblk1.genblk1.genblk1.genblk1.genblk1.lut0 (4 -> 3)
  Optimizing lut $auto$abc_ops_reintegrate.cc:611:reintegrate$130003.genblk1.genblk1.genblk1.genblk1.genblk1.lut0 (4 -> 3)
  Optimizing lut $auto$abc_ops_reintegrate.cc:611:reintegrate$130004.genblk1.genblk1.genblk1.genblk1.genblk1.lut0 (4 -> 3)
  Optimizing lut $auto$abc_ops_reintegrate.cc:611:reintegrate$130005.genblk1.genblk1.genblk1.genblk1.genblk1.lut0 (4 -> 3)
  Optimizing lut $auto$abc_ops_reintegrate.cc:611:reintegrate$130006.genblk1.genblk1.genblk1.genblk1.genblk1.lut0 (4 -> 3)
  Optimizing lut $auto$abc_ops_reintegrate.cc:611:reintegrate$130007.genblk1.genblk1.genblk1.genblk1.genblk1.lut0 (4 -> 3)
  Optimizing lut $auto$abc_ops_reintegrate.cc:611:reintegrate$130008.genblk1.genblk1.genblk1.genblk1.genblk1.lut0 (4 -> 3)
  Optimizing lut $auto$abc_ops_reintegrate.cc:611:reintegrate$130010.genblk1.genblk1.genblk1.genblk1.genblk1.lut0 (4 -> 3)
  Optimizing lut $auto$abc_ops_reintegrate.cc:611:reintegrate$130011.genblk1.genblk1.genblk1.genblk1.genblk1.lut0 (4 -> 3)
  Optimizing lut $auto$abc_ops_reintegrate.cc:611:reintegrate$130012.genblk1.genblk1.genblk1.genblk1.genblk1.lut0 (4 -> 3)
  Optimizing lut $auto$abc_ops_reintegrate.cc:611:reintegrate$130013.genblk1.genblk1.genblk1.genblk1.genblk1.lut0 (4 -> 3)
  Optimizing lut $auto$abc_ops_reintegrate.cc:611:reintegrate$130014.genblk1.genblk1.genblk1.genblk1.genblk1.lut0 (4 -> 3)
  Optimizing lut $auto$abc_ops_reintegrate.cc:611:reintegrate$130015.genblk1.genblk1.genblk1.genblk1.genblk1.lut0 (4 -> 3)
  Optimizing lut $auto$abc_ops_reintegrate.cc:611:reintegrate$130016.genblk1.genblk1.genblk1.genblk1.genblk1.lut0 (4 -> 3)
  Optimizing lut $auto$abc_ops_reintegrate.cc:611:reintegrate$130018.genblk1.genblk1.genblk1.genblk1.genblk1.lut0 (4 -> 3)
  Optimizing lut $auto$abc_ops_reintegrate.cc:611:reintegrate$130019.genblk1.genblk1.genblk1.genblk1.genblk1.lut0 (4 -> 3)
  Optimizing lut $auto$abc_ops_reintegrate.cc:611:reintegrate$130020.genblk1.genblk1.genblk1.genblk1.genblk1.lut0 (4 -> 3)
  Optimizing lut $auto$abc_ops_reintegrate.cc:611:reintegrate$130021.genblk1.genblk1.genblk1.genblk1.genblk1.lut0 (4 -> 3)
  Optimizing lut $auto$abc_ops_reintegrate.cc:611:reintegrate$130022.genblk1.genblk1.genblk1.genblk1.genblk1.lut0 (4 -> 3)
  Optimizing lut $auto$abc_ops_reintegrate.cc:611:reintegrate$130023.genblk1.genblk1.genblk1.genblk1.genblk1.lut0 (4 -> 3)
  Optimizing lut $auto$abc_ops_reintegrate.cc:611:reintegrate$130024.genblk1.genblk1.genblk1.genblk1.genblk1.lut0 (4 -> 3)
  Optimizing lut $auto$abc_ops_reintegrate.cc:611:reintegrate$130026.genblk1.genblk1.genblk1.genblk1.genblk1.lut0 (4 -> 3)
  Optimizing lut $auto$abc_ops_reintegrate.cc:611:reintegrate$130027.genblk1.genblk1.genblk1.genblk1.genblk1.lut0 (4 -> 3)
  Optimizing lut $auto$abc_ops_reintegrate.cc:611:reintegrate$130028.genblk1.genblk1.genblk1.genblk1.genblk1.lut0 (4 -> 3)
  Optimizing lut $auto$abc_ops_reintegrate.cc:611:reintegrate$130029.genblk1.genblk1.genblk1.genblk1.genblk1.lut0 (4 -> 3)
  Optimizing lut $auto$abc_ops_reintegrate.cc:611:reintegrate$130030.genblk1.genblk1.genblk1.genblk1.genblk1.lut0 (4 -> 3)
  Optimizing lut $auto$abc_ops_reintegrate.cc:611:reintegrate$130031.genblk1.genblk1.genblk1.genblk1.genblk1.lut0 (4 -> 3)
  Optimizing lut $auto$abc_ops_reintegrate.cc:611:reintegrate$130032.genblk1.genblk1.genblk1.genblk1.genblk1.lut0 (4 -> 3)
  Optimizing lut $auto$abc_ops_reintegrate.cc:611:reintegrate$130034.genblk1.genblk1.genblk1.genblk1.genblk1.lut0 (4 -> 3)
  Optimizing lut $auto$abc_ops_reintegrate.cc:611:reintegrate$130035.genblk1.genblk1.genblk1.genblk1.genblk1.lut0 (4 -> 3)
  Optimizing lut $auto$abc_ops_reintegrate.cc:611:reintegrate$130036.genblk1.genblk1.genblk1.genblk1.genblk1.lut0 (4 -> 3)
  Optimizing lut $auto$abc_ops_reintegrate.cc:611:reintegrate$130037.genblk1.genblk1.genblk1.genblk1.genblk1.lut0 (4 -> 3)
  Optimizing lut $auto$abc_ops_reintegrate.cc:611:reintegrate$130038.genblk1.genblk1.genblk1.genblk1.genblk1.lut0 (4 -> 3)
  Optimizing lut $auto$abc_ops_reintegrate.cc:611:reintegrate$130039.genblk1.genblk1.genblk1.genblk1.genblk1.lut0 (4 -> 3)
  Optimizing lut $auto$abc_ops_reintegrate.cc:611:reintegrate$130040.genblk1.genblk1.genblk1.genblk1.genblk1.lut0 (4 -> 3)
  Optimizing lut $auto$abc_ops_reintegrate.cc:611:reintegrate$130042.genblk1.genblk1.genblk1.genblk1.genblk1.lut0 (4 -> 3)
  Optimizing lut $auto$abc_ops_reintegrate.cc:611:reintegrate$130043.genblk1.genblk1.genblk1.genblk1.genblk1.lut0 (4 -> 3)
  Optimizing lut $auto$abc_ops_reintegrate.cc:611:reintegrate$130044.genblk1.genblk1.genblk1.genblk1.genblk1.lut0 (4 -> 3)
  Optimizing lut $auto$abc_ops_reintegrate.cc:611:reintegrate$130045.genblk1.genblk1.genblk1.genblk1.genblk1.lut0 (4 -> 3)
  Optimizing lut $auto$abc_ops_reintegrate.cc:611:reintegrate$130046.genblk1.genblk1.genblk1.genblk1.genblk1.lut0 (4 -> 3)
  Optimizing lut $auto$abc_ops_reintegrate.cc:611:reintegrate$130047.genblk1.genblk1.genblk1.genblk1.genblk1.lut0 (4 -> 3)
  Optimizing lut $auto$abc_ops_reintegrate.cc:611:reintegrate$130048.genblk1.genblk1.genblk1.genblk1.genblk1.lut0 (4 -> 3)
  Optimizing lut $auto$abc_ops_reintegrate.cc:611:reintegrate$130050.genblk1.genblk1.genblk1.genblk1.genblk1.lut0 (4 -> 3)
  Optimizing lut $auto$abc_ops_reintegrate.cc:611:reintegrate$130051.genblk1.genblk1.genblk1.genblk1.genblk1.lut0 (4 -> 3)
  Optimizing lut $auto$abc_ops_reintegrate.cc:611:reintegrate$130052.genblk1.genblk1.genblk1.genblk1.genblk1.lut0 (4 -> 3)
  Optimizing lut $auto$abc_ops_reintegrate.cc:611:reintegrate$130053.genblk1.genblk1.genblk1.genblk1.genblk1.lut0 (4 -> 3)
  Optimizing lut $auto$abc_ops_reintegrate.cc:611:reintegrate$130054.genblk1.genblk1.genblk1.genblk1.genblk1.lut0 (4 -> 3)
  Optimizing lut $auto$abc_ops_reintegrate.cc:611:reintegrate$130055.genblk1.genblk1.genblk1.genblk1.genblk1.lut0 (4 -> 3)
  Optimizing lut $auto$abc_ops_reintegrate.cc:611:reintegrate$130056.genblk1.genblk1.genblk1.genblk1.genblk1.lut0 (4 -> 3)
  Optimizing lut $auto$abc_ops_reintegrate.cc:611:reintegrate$130058.genblk1.genblk1.genblk1.genblk1.genblk1.lut0 (4 -> 3)
  Optimizing lut $auto$abc_ops_reintegrate.cc:611:reintegrate$130059.genblk1.genblk1.genblk1.genblk1.genblk1.lut0 (4 -> 3)
  Optimizing lut $auto$abc_ops_reintegrate.cc:611:reintegrate$130060.genblk1.genblk1.genblk1.genblk1.genblk1.lut0 (4 -> 3)
  Optimizing lut $auto$abc_ops_reintegrate.cc:611:reintegrate$130061.genblk1.genblk1.genblk1.genblk1.genblk1.lut0 (4 -> 3)
  Optimizing lut $auto$abc_ops_reintegrate.cc:611:reintegrate$130062.genblk1.genblk1.genblk1.genblk1.genblk1.lut0 (4 -> 3)
  Optimizing lut $auto$abc_ops_reintegrate.cc:611:reintegrate$130063.genblk1.genblk1.genblk1.genblk1.genblk1.lut0 (4 -> 3)
  Optimizing lut $auto$abc_ops_reintegrate.cc:611:reintegrate$130064.genblk1.genblk1.genblk1.genblk1.genblk1.lut0 (4 -> 3)
  Optimizing lut $abc$129633$lut$aiger129632$5580.genblk1.genblk1.genblk1.genblk1.genblk1.genblk1.genblk1.genblk1.lut0.genblk1.genblk1.genblk1.genblk1.genblk1.genblk1.genblk1.lut0.genblk1.genblk1.genblk1.genblk1.genblk1.genblk1.lut0.genblk1.genblk1.genblk1.genblk1.genblk1.lut1 (4 -> 1)
  Optimizing lut $abc$129633$lut$aiger129632$4623.genblk1.genblk1.genblk1.genblk1.genblk1.genblk1.lut1.genblk1.genblk1.genblk1.genblk1.genblk1.lut1 (4 -> 3)
  Optimizing lut $abc$129633$lut$aiger129632$4613.genblk1.genblk1.genblk1.genblk1.genblk1.genblk1.lut0.genblk1.genblk1.genblk1.genblk1.genblk1.lut1 (4 -> 0)
  Optimizing lut $abc$129633$lut$aiger129632$4655.genblk1.genblk1.genblk1.genblk1.genblk1.lut1 (4 -> 0)
  Optimizing lut $abc$129633$lut$aiger129632$4708.genblk1.genblk1.genblk1.genblk1.genblk1.lut1 (4 -> 0)
  Optimizing lut $abc$129633$lut$aiger129632$4720.genblk1.genblk1.genblk1.genblk1.genblk1.lut1 (4 -> 0)
  Optimizing lut $abc$129633$lut$aiger129632$4725.genblk1.genblk1.genblk1.genblk1.genblk1.lut0 (4 -> 0)
  Optimizing lut $abc$129633$lut$aiger129632$4736.genblk1.genblk1.genblk1.genblk1.genblk1.lut0 (4 -> 0)
  Optimizing lut $auto$abc_ops_reintegrate.cc:611:reintegrate$130081.genblk1.genblk1.genblk1.genblk1.genblk1.genblk1.genblk1.genblk1.lut0.genblk1.genblk1.genblk1.genblk1.genblk1.genblk1.genblk1.lut0.genblk1.genblk1.genblk1.genblk1.genblk1.genblk1.lut1.genblk1.genblk1.genblk1.genblk1.genblk1.lut1 (4 -> 1)
  Optimizing lut $abc$129633$lut$aiger129632$4804.genblk1.genblk1.genblk1.genblk1.genblk1.lut1 (4 -> 0)
  Optimizing lut $abc$129633$lut$aiger129632$4797.genblk1.genblk1.genblk1.genblk1.genblk1.lut0 (4 -> 0)
  Optimizing lut $abc$129633$lut$aiger129632$4835.genblk1.genblk1.genblk1.genblk1.genblk1.lut0 (4 -> 0)
  Optimizing lut $abc$129633$lut$aiger129632$4850.genblk1.genblk1.genblk1.genblk1.genblk1.genblk1.genblk1.lut0.genblk1.genblk1.genblk1.genblk1.genblk1.genblk1.lut0.genblk1.genblk1.genblk1.genblk1.genblk1.lut1 (4 -> 0)
  Optimizing lut $abc$129633$lut$aiger129632$4938.genblk1.genblk1.genblk1.genblk1.genblk1.lut0 (4 -> 0)
  Optimizing lut $auto$abc_ops_reintegrate.cc:611:reintegrate$129980.genblk1.genblk1.genblk1.genblk1.genblk1.lut0 (4 -> 3)
  Optimizing lut $abc$129633$lut$aiger129632$4944.genblk1.genblk1.genblk1.genblk1.genblk1.lut1 (4 -> 3)
  Optimizing lut $abc$129633$lut$aiger129632$4944.genblk1.genblk1.genblk1.genblk1.genblk1.lut0 (4 -> 3)
  Optimizing lut $abc$129633$lut$aiger129632$4967.genblk1.genblk1.genblk1.genblk1.genblk1.lut1 (4 -> 3)
  Optimizing lut $abc$129633$lut$aiger129632$4955.genblk1.genblk1.genblk1.genblk1.genblk1.lut0 (4 -> 0)
  Optimizing lut $abc$129633$lut$aiger129632$4928.genblk1.genblk1.genblk1.genblk1.genblk1.genblk1.genblk1.genblk1.lut1.genblk1.genblk1.genblk1.genblk1.genblk1.genblk1.genblk1.lut0.genblk1.genblk1.genblk1.genblk1.genblk1.genblk1.lut1.genblk1.genblk1.genblk1.genblk1.genblk1.lut1 (4 -> 0)
  Optimizing lut $abc$129633$lut$aiger129632$5000.genblk1.genblk1.genblk1.genblk1.genblk1.lut1 (4 -> 3)
  Optimizing lut $abc$129633$lut$aiger129632$5587.genblk1.genblk1.genblk1.genblk1.genblk1.genblk1.genblk1.genblk1.lut1.genblk1.genblk1.genblk1.genblk1.genblk1.genblk1.genblk1.lut1.genblk1.genblk1.genblk1.genblk1.genblk1.genblk1.lut1.genblk1.genblk1.genblk1.genblk1.genblk1.lut1 (4 -> 2)
  Optimizing lut $abc$129633$lut$aiger129632$5090.genblk1.genblk1.genblk1.genblk1.genblk1.lut1 (4 -> 0)
  Optimizing lut $abc$129633$lut$aiger129632$5097.genblk1.genblk1.genblk1.genblk1.genblk1.lut1 (4 -> 0)
  Optimizing lut $abc$129633$lut$aiger129632$5104.genblk1.genblk1.genblk1.genblk1.genblk1.lut1 (4 -> 0)
  Optimizing lut $abc$129633$lut$aiger129632$5121.genblk1.genblk1.genblk1.genblk1.genblk1.lut1 (4 -> 0)
  Optimizing lut $abc$129633$lut$aiger129632$5136.genblk1.genblk1.genblk1.genblk1.genblk1.lut1 (4 -> 0)
  Optimizing lut $abc$129633$lut$aiger129632$5129.genblk1.genblk1.genblk1.genblk1.genblk1.lut0 (4 -> 0)
  Optimizing lut $abc$129633$lut$aiger129632$5168.genblk1.genblk1.genblk1.genblk1.genblk1.lut1 (4 -> 0)
  Optimizing lut $abc$129633$lut$aiger129632$5146.genblk1.genblk1.genblk1.genblk1.genblk1.lut0 (4 -> 0)
  Optimizing lut $abc$129633$lut$aiger129632$5183.genblk1.genblk1.genblk1.genblk1.genblk1.lut1 (4 -> 0)
  Optimizing lut $abc$129633$lut$aiger129632$5210.genblk1.genblk1.genblk1.genblk1.genblk1.lut0 (4 -> 0)
  Optimizing lut $abc$129633$lut$aiger129632$5340.genblk1.genblk1.genblk1.genblk1.genblk1.lut1 (4 -> 3)
  Optimizing lut $abc$129633$lut$aiger129632$5319.genblk1.genblk1.genblk1.genblk1.genblk1.lut0 (4 -> 0)
  Optimizing lut $abc$129633$lut$aiger129632$5350.genblk1.genblk1.genblk1.genblk1.genblk1.lut0 (4 -> 0)
  Optimizing lut $abc$129633$lut$aiger129632$5378.genblk1.genblk1.genblk1.genblk1.genblk1.lut1 (4 -> 0)
  Optimizing lut $abc$129633$lut$aiger129632$5366.genblk1.genblk1.genblk1.genblk1.genblk1.lut0 (4 -> 0)
  Optimizing lut $abc$129633$lut$aiger129632$5385.genblk1.genblk1.genblk1.genblk1.genblk1.lut1 (4 -> 0)
  Optimizing lut $abc$129633$lut$aiger129632$5402.genblk1.genblk1.genblk1.genblk1.genblk1.lut1 (4 -> 0)
  Optimizing lut $abc$129633$lut$aiger129632$5413.genblk1.genblk1.genblk1.genblk1.genblk1.lut0 (4 -> 0)
  Optimizing lut $abc$129633$lut$aiger129632$5493.genblk1.genblk1.genblk1.genblk1.genblk1.lut1 (4 -> 0)
  Optimizing lut $abc$129633$lut$aiger129632$5426.genblk1.genblk1.genblk1.genblk1.genblk1.lut0 (4 -> 0)
  Optimizing lut $abc$129633$lut$aiger129632$5587.genblk1.genblk1.genblk1.genblk1.genblk1.genblk1.genblk1.genblk1.lut0.genblk1.genblk1.genblk1.genblk1.genblk1.genblk1.genblk1.lut0.genblk1.genblk1.genblk1.genblk1.genblk1.genblk1.lut1.genblk1.genblk1.genblk1.genblk1.genblk1.lut1 (4 -> 0)
  Optimizing lut $auto$abc_ops_reintegrate.cc:611:reintegrate$129802.genblk1.genblk1.genblk1.genblk1.genblk1.lut1 (4 -> 3)
  Optimizing lut $abc$129633$lut$aiger129632$5602.genblk1.genblk1.genblk1.genblk1.genblk1.lut0 (4 -> 0)
  Optimizing lut $abc$129633$lut$aiger129632$9636.genblk1.genblk1.genblk1.genblk1.genblk1.lut0 (4 -> 1)
  Optimizing lut $abc$129633$lut$aiger$o1917.genblk1.genblk1.genblk1.genblk1.genblk1.lut0 (4 -> 3)
  Optimizing lut $abc$129633$lut$aiger$o1917.genblk1.genblk1.genblk1.genblk1.genblk1.lut1 (4 -> 3)
  Optimizing lut $auto$abc_ops_reintegrate.cc:611:reintegrate$129640.genblk1.genblk1.genblk1.genblk1.genblk1.lut1 (4 -> 3)
  Optimizing lut $auto$abc_ops_reintegrate.cc:611:reintegrate$129645.genblk1.genblk1.genblk1.genblk1.genblk1.lut1 (4 -> 3)
  Optimizing lut $abc$129633$lut$aiger129632$9761.genblk1.genblk1.genblk1.genblk1.genblk1.lut0 (4 -> 1)
  Optimizing lut $auto$abc_ops_reintegrate.cc:611:reintegrate$129648.genblk1.genblk1.genblk1.genblk1.genblk1.lut1 (4 -> 3)
  Optimizing lut $abc$129633$lut$aiger129632$9669.genblk1.genblk1.genblk1.genblk1.genblk1.lut0 (4 -> 1)
  Optimizing lut $abc$129633$lut$aiger129632$6797.genblk1.genblk1.genblk1.genblk1.genblk1.lut1 (4 -> 1)
  Optimizing lut $auto$abc_ops_reintegrate.cc:611:reintegrate$130072.genblk1.genblk1.genblk1.genblk1.genblk1.lut1 (4 -> 3)
  Optimizing lut $auto$abc_ops_reintegrate.cc:611:reintegrate$130071.genblk1.genblk1.genblk1.genblk1.genblk1.lut1 (4 -> 3)
  Optimizing lut $auto$abc_ops_reintegrate.cc:611:reintegrate$130070.genblk1.genblk1.genblk1.genblk1.genblk1.lut1 (4 -> 3)
  Optimizing lut $auto$abc_ops_reintegrate.cc:611:reintegrate$130069.genblk1.genblk1.genblk1.genblk1.genblk1.lut1 (4 -> 3)
  Optimizing lut $abc$129633$lut$aiger$o1767.genblk1.genblk1.genblk1.genblk1.genblk1.lut0 (4 -> 2)
  Optimizing lut $auto$abc_ops_reintegrate.cc:611:reintegrate$130068.genblk1.genblk1.genblk1.genblk1.genblk1.lut1 (4 -> 3)
  Optimizing lut $auto$abc_ops_reintegrate.cc:611:reintegrate$130067.genblk1.genblk1.genblk1.genblk1.genblk1.lut1 (4 -> 3)
  Optimizing lut $auto$abc_ops_reintegrate.cc:611:reintegrate$130066.genblk1.genblk1.genblk1.genblk1.genblk1.lut1 (4 -> 3)
  Optimizing lut $auto$abc_ops_reintegrate.cc:611:reintegrate$130065.genblk1.genblk1.genblk1.genblk1.genblk1.lut1 (4 -> 3)
  Optimizing lut $auto$abc_ops_reintegrate.cc:611:reintegrate$130064.genblk1.genblk1.genblk1.genblk1.genblk1.lut1 (4 -> 3)
  Optimizing lut $auto$abc_ops_reintegrate.cc:611:reintegrate$130063.genblk1.genblk1.genblk1.genblk1.genblk1.lut1 (4 -> 3)
  Optimizing lut $abc$129633$lut$aiger$o1869.genblk1.genblk1.genblk1.genblk1.genblk1.lut1 (4 -> 3)
  Optimizing lut $auto$abc_ops_reintegrate.cc:611:reintegrate$130062.genblk1.genblk1.genblk1.genblk1.genblk1.lut1 (4 -> 3)
  Optimizing lut $auto$abc_ops_reintegrate.cc:611:reintegrate$130061.genblk1.genblk1.genblk1.genblk1.genblk1.lut1 (4 -> 3)
  Optimizing lut $auto$abc_ops_reintegrate.cc:611:reintegrate$130060.genblk1.genblk1.genblk1.genblk1.genblk1.lut1 (4 -> 3)
  Optimizing lut $auto$abc_ops_reintegrate.cc:611:reintegrate$130059.genblk1.genblk1.genblk1.genblk1.genblk1.lut1 (4 -> 3)
  Optimizing lut $abc$129633$lut$aiger129632$5000.genblk1.genblk1.genblk1.genblk1.genblk1.lut0 (4 -> 3)
  Optimizing lut $auto$abc_ops_reintegrate.cc:611:reintegrate$130058.genblk1.genblk1.genblk1.genblk1.genblk1.lut1 (4 -> 3)
  Optimizing lut $auto$abc_ops_reintegrate.cc:611:reintegrate$130057.genblk1.genblk1.genblk1.genblk1.genblk1.lut1 (4 -> 3)
  Optimizing lut $auto$abc_ops_reintegrate.cc:611:reintegrate$130056.genblk1.genblk1.genblk1.genblk1.genblk1.lut1 (4 -> 3)
  Optimizing lut $auto$abc_ops_reintegrate.cc:611:reintegrate$130055.genblk1.genblk1.genblk1.genblk1.genblk1.lut1 (4 -> 3)
  Optimizing lut $auto$abc_ops_reintegrate.cc:611:reintegrate$130054.genblk1.genblk1.genblk1.genblk1.genblk1.lut1 (4 -> 3)
  Optimizing lut $auto$abc_ops_reintegrate.cc:611:reintegrate$130053.genblk1.genblk1.genblk1.genblk1.genblk1.lut1 (4 -> 3)
  Optimizing lut $abc$129633$lut$aiger$o1770.genblk1.genblk1.genblk1.genblk1.genblk1.lut0 (4 -> 2)
  Optimizing lut $auto$abc_ops_reintegrate.cc:611:reintegrate$130052.genblk1.genblk1.genblk1.genblk1.genblk1.lut1 (4 -> 3)
  Optimizing lut $auto$abc_ops_reintegrate.cc:611:reintegrate$130051.genblk1.genblk1.genblk1.genblk1.genblk1.lut1 (4 -> 3)
  Optimizing lut $auto$abc_ops_reintegrate.cc:611:reintegrate$129905.genblk1.genblk1.genblk1.genblk1.genblk1.lut0 (4 -> 3)
  Optimizing lut $auto$abc_ops_reintegrate.cc:611:reintegrate$130050.genblk1.genblk1.genblk1.genblk1.genblk1.lut1 (4 -> 3)
  Optimizing lut $auto$abc_ops_reintegrate.cc:611:reintegrate$130049.genblk1.genblk1.genblk1.genblk1.genblk1.lut1 (4 -> 3)
  Optimizing lut $auto$abc_ops_reintegrate.cc:611:reintegrate$130048.genblk1.genblk1.genblk1.genblk1.genblk1.lut1 (4 -> 3)
  Optimizing lut $auto$abc_ops_reintegrate.cc:611:reintegrate$130047.genblk1.genblk1.genblk1.genblk1.genblk1.lut1 (4 -> 3)
  Optimizing lut $auto$abc_ops_reintegrate.cc:611:reintegrate$130046.genblk1.genblk1.genblk1.genblk1.genblk1.lut1 (4 -> 3)
  Optimizing lut $auto$abc_ops_reintegrate.cc:611:reintegrate$130045.genblk1.genblk1.genblk1.genblk1.genblk1.lut1 (4 -> 3)
  Optimizing lut $auto$abc_ops_reintegrate.cc:611:reintegrate$130044.genblk1.genblk1.genblk1.genblk1.genblk1.lut1 (4 -> 3)
  Optimizing lut $auto$abc_ops_reintegrate.cc:611:reintegrate$130043.genblk1.genblk1.genblk1.genblk1.genblk1.lut1 (4 -> 3)
  Optimizing lut $abc$129633$lut$aiger$o1869.genblk1.genblk1.genblk1.genblk1.genblk1.lut0 (4 -> 3)
  Optimizing lut $auto$abc_ops_reintegrate.cc:611:reintegrate$130042.genblk1.genblk1.genblk1.genblk1.genblk1.lut1 (4 -> 3)
  Optimizing lut $auto$abc_ops_reintegrate.cc:611:reintegrate$130041.genblk1.genblk1.genblk1.genblk1.genblk1.lut1 (4 -> 3)
  Optimizing lut $auto$abc_ops_reintegrate.cc:611:reintegrate$130040.genblk1.genblk1.genblk1.genblk1.genblk1.lut1 (4 -> 3)
  Optimizing lut $abc$129633$lut$aiger$o1545.genblk1.genblk1.genblk1.genblk1.genblk1.lut1 (4 -> 3)
  Optimizing lut $auto$abc_ops_reintegrate.cc:611:reintegrate$130039.genblk1.genblk1.genblk1.genblk1.genblk1.lut1 (4 -> 3)
  Optimizing lut $abc$129633$lut$aiger$o1776.genblk1.genblk1.genblk1.genblk1.genblk1.lut0 (4 -> 2)
  Optimizing lut $abc$129633$lut$aiger$o1875.genblk1.genblk1.genblk1.genblk1.genblk1.lut1 (4 -> 3)
  Optimizing lut $auto$abc_ops_reintegrate.cc:611:reintegrate$130038.genblk1.genblk1.genblk1.genblk1.genblk1.lut1 (4 -> 3)
  Optimizing lut $auto$abc_ops_reintegrate.cc:611:reintegrate$130037.genblk1.genblk1.genblk1.genblk1.genblk1.lut1 (4 -> 3)
  Optimizing lut $auto$abc_ops_reintegrate.cc:611:reintegrate$130036.genblk1.genblk1.genblk1.genblk1.genblk1.lut1 (4 -> 3)
  Optimizing lut $auto$abc_ops_reintegrate.cc:611:reintegrate$130035.genblk1.genblk1.genblk1.genblk1.genblk1.lut1 (4 -> 3)
  Optimizing lut $auto$abc_ops_reintegrate.cc:611:reintegrate$130009.genblk1.genblk1.genblk1.genblk1.genblk1.lut0 (4 -> 3)
  Optimizing lut $auto$abc_ops_reintegrate.cc:611:reintegrate$130034.genblk1.genblk1.genblk1.genblk1.genblk1.lut1 (4 -> 3)
  Optimizing lut $auto$abc_ops_reintegrate.cc:611:reintegrate$130033.genblk1.genblk1.genblk1.genblk1.genblk1.lut1 (4 -> 3)
  Optimizing lut $auto$abc_ops_reintegrate.cc:611:reintegrate$130032.genblk1.genblk1.genblk1.genblk1.genblk1.lut1 (4 -> 3)
  Optimizing lut $auto$abc_ops_reintegrate.cc:611:reintegrate$130031.genblk1.genblk1.genblk1.genblk1.genblk1.lut1 (4 -> 3)
  Optimizing lut $auto$abc_ops_reintegrate.cc:611:reintegrate$130030.genblk1.genblk1.genblk1.genblk1.genblk1.lut1 (4 -> 3)
  Optimizing lut $auto$abc_ops_reintegrate.cc:611:reintegrate$130029.genblk1.genblk1.genblk1.genblk1.genblk1.lut1 (4 -> 3)
  Optimizing lut $abc$129633$lut$aiger129632$5971.genblk1.genblk1.genblk1.genblk1.genblk1.lut1 (4 -> 1)
  Optimizing lut $auto$abc_ops_reintegrate.cc:611:reintegrate$130028.genblk1.genblk1.genblk1.genblk1.genblk1.lut1 (4 -> 3)
  Optimizing lut $auto$abc_ops_reintegrate.cc:611:reintegrate$130027.genblk1.genblk1.genblk1.genblk1.genblk1.lut1 (4 -> 3)
  Optimizing lut $auto$abc_ops_reintegrate.cc:611:reintegrate$130026.genblk1.genblk1.genblk1.genblk1.genblk1.lut1 (4 -> 3)
  Optimizing lut $auto$abc_ops_reintegrate.cc:611:reintegrate$130025.genblk1.genblk1.genblk1.genblk1.genblk1.lut1 (4 -> 3)
  Optimizing lut $auto$abc_ops_reintegrate.cc:611:reintegrate$130024.genblk1.genblk1.genblk1.genblk1.genblk1.lut1 (4 -> 3)
  Optimizing lut $auto$abc_ops_reintegrate.cc:611:reintegrate$130023.genblk1.genblk1.genblk1.genblk1.genblk1.lut1 (4 -> 3)
  Optimizing lut $auto$abc_ops_reintegrate.cc:611:reintegrate$130022.genblk1.genblk1.genblk1.genblk1.genblk1.lut1 (4 -> 3)
  Optimizing lut $auto$abc_ops_reintegrate.cc:611:reintegrate$130021.genblk1.genblk1.genblk1.genblk1.genblk1.lut1 (4 -> 3)
  Optimizing lut $auto$abc_ops_reintegrate.cc:611:reintegrate$130020.genblk1.genblk1.genblk1.genblk1.genblk1.lut1 (4 -> 3)
  Optimizing lut $auto$abc_ops_reintegrate.cc:611:reintegrate$130019.genblk1.genblk1.genblk1.genblk1.genblk1.lut1 (4 -> 3)
  Optimizing lut $auto$abc_ops_reintegrate.cc:611:reintegrate$130018.genblk1.genblk1.genblk1.genblk1.genblk1.lut1 (4 -> 3)
  Optimizing lut $auto$abc_ops_reintegrate.cc:611:reintegrate$130017.genblk1.genblk1.genblk1.genblk1.genblk1.lut1 (4 -> 3)
  Optimizing lut $auto$abc_ops_reintegrate.cc:611:reintegrate$130016.genblk1.genblk1.genblk1.genblk1.genblk1.lut1 (4 -> 3)
  Optimizing lut $abc$129633$lut$aiger$o1950.genblk1.genblk1.genblk1.genblk1.genblk1.lut1 (4 -> 3)
  Optimizing lut $auto$abc_ops_reintegrate.cc:611:reintegrate$130015.genblk1.genblk1.genblk1.genblk1.genblk1.lut1 (4 -> 3)
  Optimizing lut $auto$abc_ops_reintegrate.cc:611:reintegrate$130014.genblk1.genblk1.genblk1.genblk1.genblk1.lut1 (4 -> 3)
  Optimizing lut $auto$abc_ops_reintegrate.cc:611:reintegrate$130041.genblk1.genblk1.genblk1.genblk1.genblk1.lut0 (4 -> 3)
  Optimizing lut $auto$abc_ops_reintegrate.cc:611:reintegrate$130013.genblk1.genblk1.genblk1.genblk1.genblk1.lut1 (4 -> 3)
  Optimizing lut $auto$abc_ops_reintegrate.cc:611:reintegrate$130012.genblk1.genblk1.genblk1.genblk1.genblk1.lut1 (4 -> 3)
  Optimizing lut $auto$abc_ops_reintegrate.cc:611:reintegrate$130011.genblk1.genblk1.genblk1.genblk1.genblk1.lut1 (4 -> 3)
  Optimizing lut $abc$129633$lut$aiger$o1875.genblk1.genblk1.genblk1.genblk1.genblk1.lut0 (4 -> 3)
  Optimizing lut $auto$abc_ops_reintegrate.cc:611:reintegrate$130010.genblk1.genblk1.genblk1.genblk1.genblk1.lut1 (4 -> 3)
  Optimizing lut $auto$abc_ops_reintegrate.cc:611:reintegrate$130009.genblk1.genblk1.genblk1.genblk1.genblk1.lut1 (4 -> 3)
  Optimizing lut $auto$abc_ops_reintegrate.cc:611:reintegrate$130008.genblk1.genblk1.genblk1.genblk1.genblk1.lut1 (4 -> 3)
  Optimizing lut $auto$abc_ops_reintegrate.cc:611:reintegrate$130007.genblk1.genblk1.genblk1.genblk1.genblk1.lut1 (4 -> 3)
  Optimizing lut $auto$abc_ops_reintegrate.cc:611:reintegrate$130006.genblk1.genblk1.genblk1.genblk1.genblk1.lut1 (4 -> 3)
  Optimizing lut $auto$abc_ops_reintegrate.cc:611:reintegrate$130005.genblk1.genblk1.genblk1.genblk1.genblk1.lut1 (4 -> 3)
  Optimizing lut $auto$abc_ops_reintegrate.cc:611:reintegrate$130004.genblk1.genblk1.genblk1.genblk1.genblk1.lut1 (4 -> 3)
  Optimizing lut $auto$abc_ops_reintegrate.cc:611:reintegrate$130003.genblk1.genblk1.genblk1.genblk1.genblk1.lut1 (4 -> 3)
  Optimizing lut $abc$129633$lut$aiger129632$6469.genblk1.genblk1.genblk1.genblk1.genblk1.lut1 (4 -> 3)
  Optimizing lut $auto$abc_ops_reintegrate.cc:611:reintegrate$129918.genblk1.genblk1.genblk1.genblk1.genblk1.lut0 (4 -> 3)
  Optimizing lut $auto$abc_ops_reintegrate.cc:611:reintegrate$130002.genblk1.genblk1.genblk1.genblk1.genblk1.lut1 (4 -> 3)
  Optimizing lut $auto$abc_ops_reintegrate.cc:611:reintegrate$130001.genblk1.genblk1.genblk1.genblk1.genblk1.lut1 (4 -> 3)
  Optimizing lut $auto$abc_ops_reintegrate.cc:611:reintegrate$130000.genblk1.genblk1.genblk1.genblk1.genblk1.lut1 (4 -> 3)
  Optimizing lut $auto$abc_ops_reintegrate.cc:611:reintegrate$129999.genblk1.genblk1.genblk1.genblk1.genblk1.lut1 (4 -> 3)
  Optimizing lut $auto$abc_ops_reintegrate.cc:611:reintegrate$129998.genblk1.genblk1.genblk1.genblk1.genblk1.lut1 (4 -> 3)
  Optimizing lut $auto$abc_ops_reintegrate.cc:611:reintegrate$129997.genblk1.genblk1.genblk1.genblk1.genblk1.lut1 (4 -> 3)
  Optimizing lut $auto$abc_ops_reintegrate.cc:611:reintegrate$129996.genblk1.genblk1.genblk1.genblk1.genblk1.lut1 (4 -> 3)
  Optimizing lut $auto$abc_ops_reintegrate.cc:611:reintegrate$129995.genblk1.genblk1.genblk1.genblk1.genblk1.lut1 (4 -> 3)
  Optimizing lut $auto$abc_ops_reintegrate.cc:611:reintegrate$129994.genblk1.genblk1.genblk1.genblk1.genblk1.lut1 (4 -> 3)
  Optimizing lut $auto$abc_ops_reintegrate.cc:611:reintegrate$129927.genblk1.genblk1.genblk1.genblk1.genblk1.lut0 (4 -> 3)
  Optimizing lut $auto$abc_ops_reintegrate.cc:611:reintegrate$129993.genblk1.genblk1.genblk1.genblk1.genblk1.lut1 (4 -> 3)
  Optimizing lut $auto$abc_ops_reintegrate.cc:611:reintegrate$129992.genblk1.genblk1.genblk1.genblk1.genblk1.lut1 (4 -> 3)
  Optimizing lut $auto$abc_ops_reintegrate.cc:611:reintegrate$129991.genblk1.genblk1.genblk1.genblk1.genblk1.lut1 (4 -> 3)
  Optimizing lut $auto$abc_ops_reintegrate.cc:611:reintegrate$129990.genblk1.genblk1.genblk1.genblk1.genblk1.lut1 (4 -> 3)
  Optimizing lut $auto$abc_ops_reintegrate.cc:611:reintegrate$129989.genblk1.genblk1.genblk1.genblk1.genblk1.lut1 (4 -> 3)
  Optimizing lut $auto$abc_ops_reintegrate.cc:611:reintegrate$129988.genblk1.genblk1.genblk1.genblk1.genblk1.lut1 (4 -> 3)
  Optimizing lut $auto$abc_ops_reintegrate.cc:611:reintegrate$129987.genblk1.genblk1.genblk1.genblk1.genblk1.lut1 (4 -> 3)
  Optimizing lut $auto$abc_ops_reintegrate.cc:611:reintegrate$129986.genblk1.genblk1.genblk1.genblk1.genblk1.lut1 (4 -> 3)
  Optimizing lut $auto$abc_ops_reintegrate.cc:611:reintegrate$129985.genblk1.genblk1.genblk1.genblk1.genblk1.lut1 (4 -> 3)
  Optimizing lut $auto$abc_ops_reintegrate.cc:611:reintegrate$129984.genblk1.genblk1.genblk1.genblk1.genblk1.lut1 (4 -> 3)
  Optimizing lut $auto$abc_ops_reintegrate.cc:611:reintegrate$129983.genblk1.genblk1.genblk1.genblk1.genblk1.lut1 (4 -> 3)
  Optimizing lut $auto$abc_ops_reintegrate.cc:611:reintegrate$129982.genblk1.genblk1.genblk1.genblk1.genblk1.lut1 (4 -> 3)
  Optimizing lut $auto$abc_ops_reintegrate.cc:611:reintegrate$129980.genblk1.genblk1.genblk1.genblk1.genblk1.lut1 (4 -> 3)
  Optimizing lut $auto$abc_ops_reintegrate.cc:611:reintegrate$130066.genblk1.genblk1.genblk1.genblk1.genblk1.lut0 (4 -> 3)
  Optimizing lut $auto$abc_ops_reintegrate.cc:611:reintegrate$129979.genblk1.genblk1.genblk1.genblk1.genblk1.genblk1.genblk1.lut0.genblk1.genblk1.genblk1.genblk1.genblk1.genblk1.lut1.genblk1.genblk1.genblk1.genblk1.genblk1.lut1 (4 -> 0)
  Optimizing lut $auto$abc_ops_reintegrate.cc:611:reintegrate$129979.genblk1.genblk1.genblk1.genblk1.genblk1.genblk1.genblk1.lut1.genblk1.genblk1.genblk1.genblk1.genblk1.genblk1.lut1.genblk1.genblk1.genblk1.genblk1.genblk1.lut1 (4 -> 2)
  Optimizing lut $auto$abc_ops_reintegrate.cc:611:reintegrate$129649.genblk1.genblk1.genblk1.genblk1.genblk1.lut0 (4 -> 3)
  Optimizing lut $abc$129633$lut$aiger$o2433.genblk1.genblk1.genblk1.genblk1.genblk1.lut1 (4 -> 3)
  Optimizing lut $abc$129633$lut$aiger$o1950.genblk1.genblk1.genblk1.genblk1.genblk1.lut0 (4 -> 3)
  Optimizing lut $auto$abc_ops_reintegrate.cc:611:reintegrate$130067.genblk1.genblk1.genblk1.genblk1.genblk1.lut0 (4 -> 3)
  Optimizing lut $abc$129633$lut$aiger$o1998.genblk1.genblk1.genblk1.genblk1.genblk1.lut1 (4 -> 3)
  Optimizing lut $abc$129633$lut$aiger$o2001.genblk1.genblk1.genblk1.genblk1.genblk1.lut1 (4 -> 3)
  Optimizing lut $abc$129633$lut$aiger129632$6494.genblk1.genblk1.genblk1.genblk1.genblk1.lut1 (4 -> 3)
  Optimizing lut $abc$129633$lut$aiger$o1998.genblk1.genblk1.genblk1.genblk1.genblk1.lut0 (4 -> 3)
  Optimizing lut $auto$abc_ops_reintegrate.cc:611:reintegrate$130068.genblk1.genblk1.genblk1.genblk1.genblk1.lut0 (4 -> 3)
  Optimizing lut $auto$abc_ops_reintegrate.cc:611:reintegrate$129954.genblk1.genblk1.genblk1.genblk1.genblk1.lut1 (4 -> 3)
  Optimizing lut $auto$abc_ops_reintegrate.cc:611:reintegrate$130069.genblk1.genblk1.genblk1.genblk1.genblk1.lut0 (4 -> 3)
  Optimizing lut $auto$abc_ops_reintegrate.cc:611:reintegrate$129953.genblk1.genblk1.genblk1.genblk1.genblk1.lut1 (4 -> 3)
  Optimizing lut $auto$abc_ops_reintegrate.cc:611:reintegrate$129952.genblk1.genblk1.genblk1.genblk1.genblk1.lut1 (4 -> 3)
  Optimizing lut $auto$abc_ops_reintegrate.cc:611:reintegrate$129951.genblk1.genblk1.genblk1.genblk1.genblk1.lut1 (4 -> 3)
  Optimizing lut $auto$abc_ops_reintegrate.cc:611:reintegrate$129950.genblk1.genblk1.genblk1.genblk1.genblk1.lut1 (4 -> 3)
  Optimizing lut $auto$abc_ops_reintegrate.cc:611:reintegrate$129944.genblk1.genblk1.genblk1.genblk1.genblk1.lut1 (4 -> 3)
  Optimizing lut $auto$abc_ops_reintegrate.cc:611:reintegrate$130080.genblk1.genblk1.genblk1.genblk1.genblk1.genblk1.genblk1.genblk1.lut1.genblk1.genblk1.genblk1.genblk1.genblk1.genblk1.genblk1.lut1.genblk1.genblk1.genblk1.genblk1.genblk1.genblk1.lut1.genblk1.genblk1.genblk1.genblk1.genblk1.lut1 (4 -> 1)
  Optimizing lut $auto$abc_ops_reintegrate.cc:611:reintegrate$130070.genblk1.genblk1.genblk1.genblk1.genblk1.lut0 (4 -> 3)
  Optimizing lut $auto$abc_ops_reintegrate.cc:611:reintegrate$129943.genblk1.genblk1.genblk1.genblk1.genblk1.lut1 (4 -> 3)
  Optimizing lut $auto$abc_ops_reintegrate.cc:611:reintegrate$129942.genblk1.genblk1.genblk1.genblk1.genblk1.lut1 (4 -> 3)
  Optimizing lut $auto$abc_ops_reintegrate.cc:611:reintegrate$129941.genblk1.genblk1.genblk1.genblk1.genblk1.lut1 (4 -> 3)
  Optimizing lut $auto$abc_ops_reintegrate.cc:611:reintegrate$130017.genblk1.genblk1.genblk1.genblk1.genblk1.lut0 (4 -> 3)
  Optimizing lut $auto$abc_ops_reintegrate.cc:611:reintegrate$129940.genblk1.genblk1.genblk1.genblk1.genblk1.lut1 (4 -> 3)
  Optimizing lut $auto$abc_ops_reintegrate.cc:611:reintegrate$129939.genblk1.genblk1.genblk1.genblk1.genblk1.lut1 (4 -> 3)
  Optimizing lut $auto$abc_ops_reintegrate.cc:611:reintegrate$129938.genblk1.genblk1.genblk1.genblk1.genblk1.lut1 (4 -> 3)
  Optimizing lut $auto$abc_ops_reintegrate.cc:611:reintegrate$130071.genblk1.genblk1.genblk1.genblk1.genblk1.lut0 (4 -> 3)
  Optimizing lut $abc$129633$lut$aiger$o2454.genblk1.genblk1.genblk1.genblk1.genblk1.lut1 (4 -> 3)
  Optimizing lut $abc$129633$lut$aiger129632$6515.genblk1.genblk1.genblk1.genblk1.genblk1.lut1 (4 -> 3)
  Optimizing lut $auto$abc_ops_reintegrate.cc:611:reintegrate$129937.genblk1.genblk1.genblk1.genblk1.genblk1.lut1 (4 -> 3)
  Optimizing lut $auto$abc_ops_reintegrate.cc:611:reintegrate$129936.genblk1.genblk1.genblk1.genblk1.genblk1.lut1 (4 -> 3)
  Optimizing lut $auto$abc_ops_reintegrate.cc:611:reintegrate$129935.genblk1.genblk1.genblk1.genblk1.genblk1.lut1 (4 -> 3)
  Optimizing lut $auto$abc_ops_reintegrate.cc:611:reintegrate$129934.genblk1.genblk1.genblk1.genblk1.genblk1.lut1 (4 -> 3)
  Optimizing lut $auto$abc_ops_reintegrate.cc:611:reintegrate$129933.genblk1.genblk1.genblk1.genblk1.genblk1.lut1 (4 -> 3)
  Optimizing lut $auto$abc_ops_reintegrate.cc:611:reintegrate$129932.genblk1.genblk1.genblk1.genblk1.genblk1.lut1 (4 -> 3)
  Optimizing lut $auto$abc_ops_reintegrate.cc:611:reintegrate$129931.genblk1.genblk1.genblk1.genblk1.genblk1.lut1 (4 -> 3)
  Optimizing lut $abc$129633$lut$aiger$o2001.genblk1.genblk1.genblk1.genblk1.genblk1.lut0 (4 -> 3)
  Optimizing lut $auto$abc_ops_reintegrate.cc:611:reintegrate$129930.genblk1.genblk1.genblk1.genblk1.genblk1.lut1 (4 -> 3)
  Optimizing lut $auto$abc_ops_reintegrate.cc:611:reintegrate$130072.genblk1.genblk1.genblk1.genblk1.genblk1.lut0 (4 -> 3)
  Optimizing lut $auto$abc_ops_reintegrate.cc:611:reintegrate$129929.genblk1.genblk1.genblk1.genblk1.genblk1.lut1 (4 -> 3)
  Optimizing lut $auto$abc_ops_reintegrate.cc:611:reintegrate$129654.genblk1.genblk1.genblk1.genblk1.genblk1.lut0 (4 -> 3)
  Optimizing lut $auto$abc_ops_reintegrate.cc:611:reintegrate$129928.genblk1.genblk1.genblk1.genblk1.genblk1.lut1 (4 -> 3)
  Optimizing lut $auto$abc_ops_reintegrate.cc:611:reintegrate$129927.genblk1.genblk1.genblk1.genblk1.genblk1.lut1 (4 -> 3)
  Optimizing lut $auto$abc_ops_reintegrate.cc:611:reintegrate$129926.genblk1.genblk1.genblk1.genblk1.genblk1.lut1 (4 -> 3)
  Optimizing lut $auto$abc_ops_reintegrate.cc:611:reintegrate$129925.genblk1.genblk1.genblk1.genblk1.genblk1.lut1 (4 -> 3)
  Optimizing lut $auto$abc_ops_reintegrate.cc:611:reintegrate$130080.genblk1.genblk1.genblk1.genblk1.genblk1.genblk1.genblk1.genblk1.lut1.genblk1.genblk1.genblk1.genblk1.genblk1.genblk1.genblk1.lut0.genblk1.genblk1.genblk1.genblk1.genblk1.genblk1.lut1.genblk1.genblk1.genblk1.genblk1.genblk1.lut1 (4 -> 2)
  Optimizing lut $abc$129633$lut$aiger$o1806.genblk1.genblk1.genblk1.genblk1.genblk1.lut1 (4 -> 3)
  Optimizing lut $auto$abc_ops_reintegrate.cc:611:reintegrate$129942.genblk1.genblk1.genblk1.genblk1.genblk1.lut0 (4 -> 3)
  Optimizing lut $auto$abc_ops_reintegrate.cc:611:reintegrate$129924.genblk1.genblk1.genblk1.genblk1.genblk1.lut1 (4 -> 3)
  Optimizing lut $auto$abc_ops_reintegrate.cc:611:reintegrate$129923.genblk1.genblk1.genblk1.genblk1.genblk1.lut1 (4 -> 3)
  Optimizing lut $auto$abc_ops_reintegrate.cc:611:reintegrate$129922.genblk1.genblk1.genblk1.genblk1.genblk1.lut1 (4 -> 3)
  Optimizing lut $auto$abc_ops_reintegrate.cc:611:reintegrate$129921.genblk1.genblk1.genblk1.genblk1.genblk1.lut1 (4 -> 3)
  Optimizing lut $auto$abc_ops_reintegrate.cc:611:reintegrate$129920.genblk1.genblk1.genblk1.genblk1.genblk1.lut1 (4 -> 3)
  Optimizing lut $auto$abc_ops_reintegrate.cc:611:reintegrate$130033.genblk1.genblk1.genblk1.genblk1.genblk1.lut0 (4 -> 3)
  Optimizing lut $auto$abc_ops_reintegrate.cc:611:reintegrate$129919.genblk1.genblk1.genblk1.genblk1.genblk1.lut1 (4 -> 3)
  Optimizing lut $auto$abc_ops_reintegrate.cc:611:reintegrate$129918.genblk1.genblk1.genblk1.genblk1.genblk1.lut1 (4 -> 3)
  Optimizing lut $auto$abc_ops_reintegrate.cc:611:reintegrate$129917.genblk1.genblk1.genblk1.genblk1.genblk1.lut1 (4 -> 3)
  Optimizing lut $abc$129633$lut$aiger129632$6540.genblk1.genblk1.genblk1.genblk1.genblk1.lut1 (4 -> 3)
  Optimizing lut $auto$abc_ops_reintegrate.cc:611:reintegrate$129916.genblk1.genblk1.genblk1.genblk1.genblk1.lut1 (4 -> 3)
  Optimizing lut $auto$abc_ops_reintegrate.cc:611:reintegrate$129915.genblk1.genblk1.genblk1.genblk1.genblk1.lut1 (4 -> 3)
  Optimizing lut $auto$abc_ops_reintegrate.cc:611:reintegrate$129914.genblk1.genblk1.genblk1.genblk1.genblk1.lut1 (4 -> 3)
  Optimizing lut $auto$abc_ops_reintegrate.cc:611:reintegrate$129913.genblk1.genblk1.genblk1.genblk1.genblk1.lut1 (4 -> 3)
  Optimizing lut $auto$abc_ops_reintegrate.cc:611:reintegrate$129912.genblk1.genblk1.genblk1.genblk1.genblk1.lut1 (4 -> 3)
  Optimizing lut $auto$abc_ops_reintegrate.cc:611:reintegrate$129911.genblk1.genblk1.genblk1.genblk1.genblk1.lut1 (4 -> 3)
  Optimizing lut $auto$abc_ops_reintegrate.cc:611:reintegrate$129910.genblk1.genblk1.genblk1.genblk1.genblk1.lut1 (4 -> 3)
  Optimizing lut $auto$abc_ops_reintegrate.cc:611:reintegrate$129909.genblk1.genblk1.genblk1.genblk1.genblk1.lut1 (4 -> 3)
  Optimizing lut $auto$abc_ops_reintegrate.cc:611:reintegrate$129908.genblk1.genblk1.genblk1.genblk1.genblk1.lut1 (4 -> 3)
  Optimizing lut $abc$129633$lut$aiger$o2466.genblk1.genblk1.genblk1.genblk1.genblk1.lut1 (4 -> 3)
  Optimizing lut $auto$abc_ops_reintegrate.cc:611:reintegrate$129907.genblk1.genblk1.genblk1.genblk1.genblk1.lut1 (4 -> 3)
  Optimizing lut $auto$abc_ops_reintegrate.cc:611:reintegrate$129906.genblk1.genblk1.genblk1.genblk1.genblk1.lut1 (4 -> 3)
  Optimizing lut $abc$129633$lut$aiger$o2004.genblk1.genblk1.genblk1.genblk1.genblk1.lut1 (4 -> 3)
  Optimizing lut $auto$abc_ops_reintegrate.cc:611:reintegrate$129905.genblk1.genblk1.genblk1.genblk1.genblk1.lut1 (4 -> 3)
  Optimizing lut $abc$129633$lut$aiger$o1812.genblk1.genblk1.genblk1.genblk1.genblk1.lut1 (4 -> 3)
  Optimizing lut $auto$abc_ops_reintegrate.cc:611:reintegrate$129904.genblk1.genblk1.genblk1.genblk1.genblk1.lut1 (4 -> 3)
  Optimizing lut $auto$abc_ops_reintegrate.cc:611:reintegrate$129903.genblk1.genblk1.genblk1.genblk1.genblk1.lut1 (4 -> 3)
  Optimizing lut $auto$abc_ops_reintegrate.cc:611:reintegrate$129902.genblk1.genblk1.genblk1.genblk1.genblk1.lut1 (4 -> 3)
  Optimizing lut $abc$129633$lut$aiger$o2004.genblk1.genblk1.genblk1.genblk1.genblk1.lut0 (4 -> 3)
  Optimizing lut $auto$abc_ops_reintegrate.cc:611:reintegrate$129901.genblk1.genblk1.genblk1.genblk1.genblk1.lut1 (4 -> 3)
  Optimizing lut $auto$abc_ops_reintegrate.cc:611:reintegrate$129900.genblk1.genblk1.genblk1.genblk1.genblk1.lut1 (4 -> 3)
  Optimizing lut $auto$abc_ops_reintegrate.cc:611:reintegrate$129899.genblk1.genblk1.genblk1.genblk1.genblk1.lut1 (4 -> 3)
  Optimizing lut $auto$abc_ops_reintegrate.cc:611:reintegrate$129898.genblk1.genblk1.genblk1.genblk1.genblk1.lut1 (4 -> 3)
  Optimizing lut $auto$abc_ops_reintegrate.cc:611:reintegrate$129897.genblk1.genblk1.genblk1.genblk1.genblk1.lut1 (4 -> 3)
  Optimizing lut $auto$abc_ops_reintegrate.cc:611:reintegrate$129896.genblk1.genblk1.genblk1.genblk1.genblk1.lut1 (4 -> 3)
  Optimizing lut $auto$abc_ops_reintegrate.cc:611:reintegrate$129895.genblk1.genblk1.genblk1.genblk1.genblk1.lut1 (4 -> 3)
  Optimizing lut $abc$129633$lut$aiger129632$6041.genblk1.genblk1.genblk1.genblk1.genblk1.lut0 (4 -> 3)
  Optimizing lut $auto$abc_ops_reintegrate.cc:611:reintegrate$129894.genblk1.genblk1.genblk1.genblk1.genblk1.lut1 (4 -> 3)
  Optimizing lut $auto$abc_ops_reintegrate.cc:611:reintegrate$129893.genblk1.genblk1.genblk1.genblk1.genblk1.lut1 (4 -> 3)
  Optimizing lut $abc$129633$lut$aiger129632$6561.genblk1.genblk1.genblk1.genblk1.genblk1.lut1 (4 -> 3)
  Optimizing lut $auto$abc_ops_reintegrate.cc:611:reintegrate$129892.genblk1.genblk1.genblk1.genblk1.genblk1.lut1 (4 -> 3)
  Optimizing lut $auto$abc_ops_reintegrate.cc:611:reintegrate$129891.genblk1.genblk1.genblk1.genblk1.genblk1.lut1 (4 -> 3)
  Optimizing lut $auto$abc_ops_reintegrate.cc:611:reintegrate$129890.genblk1.genblk1.genblk1.genblk1.genblk1.lut1 (4 -> 3)
  Optimizing lut $auto$abc_ops_reintegrate.cc:611:reintegrate$129889.genblk1.genblk1.genblk1.genblk1.genblk1.lut1 (4 -> 3)
  Optimizing lut $auto$abc_ops_reintegrate.cc:611:reintegrate$129888.genblk1.genblk1.genblk1.genblk1.genblk1.lut1 (4 -> 3)
  Optimizing lut $auto$abc_ops_reintegrate.cc:611:reintegrate$129887.genblk1.genblk1.genblk1.genblk1.genblk1.lut1 (4 -> 3)
  Optimizing lut $auto$abc_ops_reintegrate.cc:611:reintegrate$129886.genblk1.genblk1.genblk1.genblk1.genblk1.lut1 (4 -> 3)
  Optimizing lut $auto$abc_ops_reintegrate.cc:611:reintegrate$129885.genblk1.genblk1.genblk1.genblk1.genblk1.lut1 (4 -> 3)
  Optimizing lut $auto$abc_ops_reintegrate.cc:611:reintegrate$129884.genblk1.genblk1.genblk1.genblk1.genblk1.lut1 (4 -> 3)
  Optimizing lut $auto$abc_ops_reintegrate.cc:611:reintegrate$129883.genblk1.genblk1.genblk1.genblk1.genblk1.lut1 (4 -> 3)
  Optimizing lut $auto$abc_ops_reintegrate.cc:611:reintegrate$129882.genblk1.genblk1.genblk1.genblk1.genblk1.lut1 (4 -> 3)
  Optimizing lut $abc$129633$lut$aiger$o2007.genblk1.genblk1.genblk1.genblk1.genblk1.lut1 (4 -> 3)
  Optimizing lut $auto$abc_ops_reintegrate.cc:611:reintegrate$129881.genblk1.genblk1.genblk1.genblk1.genblk1.lut1 (4 -> 3)
  Optimizing lut $auto$abc_ops_reintegrate.cc:611:reintegrate$129880.genblk1.genblk1.genblk1.genblk1.genblk1.lut1 (4 -> 3)
  Optimizing lut $auto$abc_ops_reintegrate.cc:611:reintegrate$129656.genblk1.genblk1.genblk1.genblk1.genblk1.lut1 (4 -> 3)
  Optimizing lut $auto$abc_ops_reintegrate.cc:611:reintegrate$129879.genblk1.genblk1.genblk1.genblk1.genblk1.lut1 (4 -> 3)
  Optimizing lut $auto$abc_ops_reintegrate.cc:611:reintegrate$129878.genblk1.genblk1.genblk1.genblk1.genblk1.lut1 (4 -> 3)
  Optimizing lut $auto$abc_ops_reintegrate.cc:611:reintegrate$129877.genblk1.genblk1.genblk1.genblk1.genblk1.lut1 (4 -> 3)
  Optimizing lut $auto$abc_ops_reintegrate.cc:611:reintegrate$129876.genblk1.genblk1.genblk1.genblk1.genblk1.lut1 (4 -> 3)
  Optimizing lut $abc$129633$lut$aiger$o1818.genblk1.genblk1.genblk1.genblk1.genblk1.lut1 (4 -> 3)
  Optimizing lut $auto$abc_ops_reintegrate.cc:611:reintegrate$130077.genblk1.genblk1.genblk1.genblk1.genblk1.lut1 (4 -> 3)
  Optimizing lut $abc$129633$lut$aiger129632$6102.genblk1.genblk1.genblk1.genblk1.genblk1.lut1 (4 -> 0)
  Optimizing lut $abc$129633$lut$aiger$o1965.genblk1.genblk1.genblk1.genblk1.genblk1.lut1 (4 -> 3)
  Optimizing lut $abc$129633$lut$aiger$o2010.genblk1.genblk1.genblk1.genblk1.genblk1.lut1 (4 -> 3)
  Optimizing lut $auto$abc_ops_reintegrate.cc:611:reintegrate$129888.genblk1.genblk1.genblk1.genblk1.genblk1.lut0 (4 -> 3)
  Optimizing lut $abc$129633$lut$aiger$o1821.genblk1.genblk1.genblk1.genblk1.genblk1.lut1 (4 -> 3)
  Optimizing lut $abc$129633$lut$aiger$o1824.genblk1.genblk1.genblk1.genblk1.genblk1.lut1 (4 -> 3)
  Optimizing lut $auto$abc_ops_reintegrate.cc:611:reintegrate$129896.genblk1.genblk1.genblk1.genblk1.genblk1.lut0 (4 -> 3)
  Optimizing lut $abc$129633$lut$aiger$o1821.genblk1.genblk1.genblk1.genblk1.genblk1.lut0 (4 -> 3)
  Optimizing lut $auto$abc_ops_reintegrate.cc:611:reintegrate$130073.genblk1.genblk1.genblk1.genblk1.genblk1.lut1 (4 -> 3)
  Optimizing lut $auto$abc_ops_reintegrate.cc:611:reintegrate$130079.genblk1.genblk1.genblk1.genblk1.genblk1.genblk1.genblk1.lut0.genblk1.genblk1.genblk1.genblk1.genblk1.genblk1.lut0.genblk1.genblk1.genblk1.genblk1.genblk1.lut1 (4 -> 2)
  Optimizing lut $abc$129633$lut$aiger$o1827.genblk1.genblk1.genblk1.genblk1.genblk1.lut1 (4 -> 3)
  Optimizing lut $abc$129633$lut$aiger$o1971.genblk1.genblk1.genblk1.genblk1.genblk1.lut1 (4 -> 3)
  Optimizing lut $abc$129633$lut$aiger$o1902.genblk1.genblk1.genblk1.genblk1.genblk1.lut1 (4 -> 3)
  Optimizing lut $auto$abc_ops_reintegrate.cc:611:reintegrate$130025.genblk1.genblk1.genblk1.genblk1.genblk1.lut0 (4 -> 3)
  Optimizing lut $abc$129633$lut$aiger$o2013.genblk1.genblk1.genblk1.genblk1.genblk1.lut1 (4 -> 3)
  Optimizing lut $auto$abc_ops_reintegrate.cc:611:reintegrate$130073.genblk1.genblk1.genblk1.genblk1.genblk1.lut0 (4 -> 3)
  Optimizing lut $abc$129633$lut$aiger$o1902.genblk1.genblk1.genblk1.genblk1.genblk1.lut0 (4 -> 3)
  Optimizing lut $abc$129633$lut$aiger$o1905.genblk1.genblk1.genblk1.genblk1.genblk1.lut1 (4 -> 3)
  Optimizing lut $auto$abc_ops_reintegrate.cc:611:reintegrate$129940.genblk1.genblk1.genblk1.genblk1.genblk1.lut0 (4 -> 3)
  Optimizing lut $abc$129633$lut$aiger$o1704.genblk1.genblk1.genblk1.genblk1.genblk1.lut1 (4 -> 3)
  Optimizing lut $auto$abc_ops_reintegrate.cc:611:reintegrate$129913.genblk1.genblk1.genblk1.genblk1.genblk1.lut0 (4 -> 3)
  Optimizing lut $abc$129633$lut$aiger$o1908.genblk1.genblk1.genblk1.genblk1.genblk1.lut1 (4 -> 3)
  Optimizing lut $abc$129633$lut$aiger$o1704.genblk1.genblk1.genblk1.genblk1.genblk1.lut0 (4 -> 3)
  Optimizing lut $auto$abc_ops_reintegrate.cc:611:reintegrate$130049.genblk1.genblk1.genblk1.genblk1.genblk1.lut0 (4 -> 3)
  Optimizing lut $auto$abc_ops_reintegrate.cc:611:reintegrate$129985.genblk1.genblk1.genblk1.genblk1.genblk1.lut0 (4 -> 3)
  Optimizing lut $abc$129633$lut$aiger$o2019.genblk1.genblk1.genblk1.genblk1.genblk1.lut1 (4 -> 3)
  Optimizing lut $abc$129633$lut$aiger$o1908.genblk1.genblk1.genblk1.genblk1.genblk1.lut0 (4 -> 3)
  Optimizing lut $abc$129633$lut$aiger$o2019.genblk1.genblk1.genblk1.genblk1.genblk1.lut0 (4 -> 3)
  Optimizing lut $abc$129633$lut$aiger$o1911.genblk1.genblk1.genblk1.genblk1.genblk1.lut1 (4 -> 3)
  Optimizing lut $abc$129633$lut$aiger$o1914.genblk1.genblk1.genblk1.genblk1.genblk1.lut1 (4 -> 3)
  Optimizing lut $abc$129633$lut$aiger129632$6729.genblk1.genblk1.genblk1.genblk1.genblk1.lut1 (4 -> 3)
  Optimizing lut $auto$abc_ops_reintegrate.cc:611:reintegrate$129904.genblk1.genblk1.genblk1.genblk1.genblk1.lut0 (4 -> 3)
  Optimizing lut $abc$129633$lut$aiger$o1920.genblk1.genblk1.genblk1.genblk1.genblk1.lut1 (4 -> 3)
  Optimizing lut $abc$129633$lut$aiger129632$9592.genblk1.genblk1.genblk1.genblk1.genblk1.lut0 (4 -> 1)
  Optimizing lut $abc$129633$lut$aiger$o1728.genblk1.genblk1.genblk1.genblk1.genblk1.lut0 (4 -> 2)
  Optimizing lut $auto$abc_ops_reintegrate.cc:611:reintegrate$129876.genblk1.genblk1.genblk1.genblk1.genblk1.lut0 (4 -> 3)
  Optimizing lut $auto$abc_ops_reintegrate.cc:611:reintegrate$129993.genblk1.genblk1.genblk1.genblk1.genblk1.lut0 (4 -> 3)
  Optimizing lut $auto$abc_ops_reintegrate.cc:611:reintegrate$129950.genblk1.genblk1.genblk1.genblk1.genblk1.lut0 (4 -> 3)
  Optimizing lut $abc$129633$lut$aiger$o1923.genblk1.genblk1.genblk1.genblk1.genblk1.lut1 (4 -> 3)
  Optimizing lut $abc$129633$lut$aiger$o1854.genblk1.genblk1.genblk1.genblk1.genblk1.lut1 (4 -> 3)
  Optimizing lut $auto$abc_ops_reintegrate.cc:611:reintegrate$130057.genblk1.genblk1.genblk1.genblk1.genblk1.lut0 (4 -> 3)
  Optimizing lut $abc$129633$lut$aiger129632$6750.genblk1.genblk1.genblk1.genblk1.genblk1.lut1 (4 -> 3)
  Optimizing lut $abc$129633$lut$aiger$o1923.genblk1.genblk1.genblk1.genblk1.genblk1.lut0 (4 -> 3)
  Optimizing lut $auto$abc_ops_reintegrate.cc:611:reintegrate$129932.genblk1.genblk1.genblk1.genblk1.genblk1.lut0 (4 -> 3)
  Optimizing lut $auto$abc_ops_reintegrate.cc:611:reintegrate$129919.genblk1.genblk1.genblk1.genblk1.genblk1.lut0 (4 -> 3)
  Optimizing lut $abc$129633$lut$aiger129632$5784.genblk1.genblk1.genblk1.genblk1.genblk1.lut1 (4 -> 0)
  Optimizing lut $auto$abc_ops_reintegrate.cc:611:reintegrate$130076.genblk1.genblk1.genblk1.genblk1.genblk1.lut1 (4 -> 3)
  Optimizing lut $abc$129633$lut$aiger$o1854.genblk1.genblk1.genblk1.genblk1.genblk1.lut0 (4 -> 3)
  Optimizing lut $abc$129633$lut$aiger129632$9603.genblk1.genblk1.genblk1.genblk1.genblk1.lut0 (4 -> 1)
  Optimizing lut $abc$129633$lut$aiger129632$9614.genblk1.genblk1.genblk1.genblk1.genblk1.lut0 (4 -> 1)
  Optimizing lut $abc$129633$lut$aiger129632$9625.genblk1.genblk1.genblk1.genblk1.genblk1.lut0 (4 -> 1)
  Optimizing lut $abc$129633$lut$aiger129632$9647.genblk1.genblk1.genblk1.genblk1.genblk1.lut0 (4 -> 1)
  Optimizing lut $abc$129633$lut$aiger129632$9658.genblk1.genblk1.genblk1.genblk1.genblk1.lut0 (4 -> 1)
  Optimizing lut $auto$abc_ops_reintegrate.cc:611:reintegrate$130079.genblk1.genblk1.genblk1.genblk1.genblk1.genblk1.genblk1.lut1.genblk1.genblk1.genblk1.genblk1.genblk1.genblk1.lut1.genblk1.genblk1.genblk1.genblk1.genblk1.lut1 (4 -> 2)
  Optimizing lut $abc$129633$lut$aiger129632$9739.genblk1.genblk1.genblk1.genblk1.genblk1.lut0 (4 -> 1)
  Optimizing lut $abc$129633$lut$aiger129632$9750.genblk1.genblk1.genblk1.genblk1.genblk1.lut0 (4 -> 1)
  Optimizing lut $auto$abc_ops_reintegrate.cc:611:reintegrate$130081.genblk1.genblk1.genblk1.genblk1.genblk1.genblk1.genblk1.genblk1.lut1.genblk1.genblk1.genblk1.genblk1.genblk1.genblk1.genblk1.lut0.genblk1.genblk1.genblk1.genblk1.genblk1.genblk1.lut1.genblk1.genblk1.genblk1.genblk1.genblk1.lut1 (4 -> 2)
  Optimizing lut $abc$129633$lut$aiger129632$9772.genblk1.genblk1.genblk1.genblk1.genblk1.lut0 (4 -> 1)
  Optimizing lut $abc$129633$lut$aiger129632$9794.genblk1.genblk1.genblk1.genblk1.genblk1.lut0 (4 -> 1)
  Optimizing lut $abc$129633$lut$aiger129632$9805.genblk1.genblk1.genblk1.genblk1.genblk1.lut0 (4 -> 1)
  Optimizing lut $abc$129633$lut$aiger129632$9816.genblk1.genblk1.genblk1.genblk1.genblk1.lut0 (4 -> 1)
  Optimizing lut $auto$abc_ops_reintegrate.cc:611:reintegrate$129655.genblk1.genblk1.genblk1.genblk1.genblk1.lut1 (4 -> 3)
  Optimizing lut $abc$129633$lut$aiger129632$9783.genblk1.genblk1.genblk1.genblk1.genblk1.lut0 (4 -> 1)
  Optimizing lut $auto$abc_ops_reintegrate.cc:611:reintegrate$130079.genblk1.genblk1.genblk1.genblk1.genblk1.genblk1.genblk1.lut0.genblk1.genblk1.genblk1.genblk1.genblk1.genblk1.lut1.genblk1.genblk1.genblk1.genblk1.genblk1.lut1 (4 -> 0)
  Optimizing lut $auto$abc_ops_reintegrate.cc:611:reintegrate$129654.genblk1.genblk1.genblk1.genblk1.genblk1.lut1 (4 -> 3)
  Optimizing lut $auto$abc_ops_reintegrate.cc:611:reintegrate$129653.genblk1.genblk1.genblk1.genblk1.genblk1.lut1 (4 -> 3)
  Optimizing lut $auto$abc_ops_reintegrate.cc:611:reintegrate$129652.genblk1.genblk1.genblk1.genblk1.genblk1.lut1 (4 -> 3)
  Optimizing lut $auto$abc_ops_reintegrate.cc:611:reintegrate$129651.genblk1.genblk1.genblk1.genblk1.genblk1.lut1 (4 -> 3)
  Optimizing lut $auto$abc_ops_reintegrate.cc:611:reintegrate$129650.genblk1.genblk1.genblk1.genblk1.genblk1.lut1 (4 -> 3)
  Optimizing lut $auto$abc_ops_reintegrate.cc:611:reintegrate$129649.genblk1.genblk1.genblk1.genblk1.genblk1.lut1 (4 -> 3)
  Optimizing lut $auto$abc_ops_reintegrate.cc:611:reintegrate$129642.genblk1.genblk1.genblk1.genblk1.genblk1.lut1 (4 -> 3)
  Optimizing lut $auto$abc_ops_reintegrate.cc:611:reintegrate$129647.genblk1.genblk1.genblk1.genblk1.genblk1.lut1 (4 -> 3)
  Optimizing lut $auto$abc_ops_reintegrate.cc:611:reintegrate$129646.genblk1.genblk1.genblk1.genblk1.genblk1.lut1 (4 -> 3)
  Optimizing lut $auto$abc_ops_reintegrate.cc:611:reintegrate$130081.genblk1.genblk1.genblk1.genblk1.genblk1.genblk1.genblk1.genblk1.lut1.genblk1.genblk1.genblk1.genblk1.genblk1.genblk1.genblk1.lut1.genblk1.genblk1.genblk1.genblk1.genblk1.genblk1.lut1.genblk1.genblk1.genblk1.genblk1.genblk1.lut1 (4 -> 0)
  Optimizing lut $auto$abc_ops_reintegrate.cc:611:reintegrate$129644.genblk1.genblk1.genblk1.genblk1.genblk1.lut1 (4 -> 3)
  Optimizing lut $auto$abc_ops_reintegrate.cc:611:reintegrate$129802.genblk1.genblk1.genblk1.genblk1.genblk1.lut0 (4 -> 3)
  Optimizing lut $auto$abc_ops_reintegrate.cc:611:reintegrate$129643.genblk1.genblk1.genblk1.genblk1.genblk1.lut1 (4 -> 3)
  Optimizing lut $auto$abc_ops_reintegrate.cc:611:reintegrate$129641.genblk1.genblk1.genblk1.genblk1.genblk1.lut1 (4 -> 3)
  Optimizing lut $abc$129633$lut$aiger$o1764.genblk1.genblk1.genblk1.genblk1.genblk1.lut0 (4 -> 2)
  Optimizing lut $auto$abc_ops_reintegrate.cc:611:reintegrate$129639.genblk1.genblk1.genblk1.genblk1.genblk1.lut1 (4 -> 3)
  Optimizing lut $auto$abc_ops_reintegrate.cc:611:reintegrate$129638.genblk1.genblk1.genblk1.genblk1.genblk1.lut1 (4 -> 3)
  Optimizing lut $auto$abc_ops_reintegrate.cc:611:reintegrate$129637.genblk1.genblk1.genblk1.genblk1.genblk1.lut1 (4 -> 3)
  Optimizing lut $auto$abc_ops_reintegrate.cc:611:reintegrate$129636.genblk1.genblk1.genblk1.genblk1.genblk1.lut1 (4 -> 3)
  Optimizing lut $auto$abc_ops_reintegrate.cc:611:reintegrate$129635.genblk1.genblk1.genblk1.genblk1.genblk1.lut1 (4 -> 3)
  Optimizing lut $abc$129633$lut$aiger129632$5026.genblk1.genblk1.genblk1.genblk1.genblk1.lut0 (4 -> 0)
  Optimizing lut $auto$abc_ops_reintegrate.cc:611:reintegrate$129979.genblk1.genblk1.genblk1.genblk1.genblk1.genblk1.genblk1.lut0.genblk1.genblk1.genblk1.genblk1.genblk1.genblk1.lut0.genblk1.genblk1.genblk1.genblk1.genblk1.lut1 (4 -> 0)
  Optimizing lut $abc$129633$lut$aiger129632$4986.genblk1.genblk1.genblk1.genblk1.genblk1.genblk1.genblk1.genblk1.lut0.genblk1.genblk1.genblk1.genblk1.genblk1.genblk1.genblk1.lut0.genblk1.genblk1.genblk1.genblk1.genblk1.genblk1.lut1.genblk1.genblk1.genblk1.genblk1.genblk1.lut1 (4 -> 0)
  Optimizing lut $abc$129633$lut$aiger129632$4928.genblk1.genblk1.genblk1.genblk1.genblk1.genblk1.genblk1.genblk1.lut0.genblk1.genblk1.genblk1.genblk1.genblk1.genblk1.genblk1.lut0.genblk1.genblk1.genblk1.genblk1.genblk1.genblk1.lut1.genblk1.genblk1.genblk1.genblk1.genblk1.lut1 (4 -> 0)
  Optimizing lut $abc$129633$lut$aiger129632$4850.genblk1.genblk1.genblk1.genblk1.genblk1.genblk1.genblk1.lut0.genblk1.genblk1.genblk1.genblk1.genblk1.genblk1.lut1.genblk1.genblk1.genblk1.genblk1.genblk1.lut1 (4 -> 0)
  Optimizing lut $abc$129633$lut$aiger129632$4815.genblk1.genblk1.genblk1.genblk1.genblk1.lut0 (4 -> 0)
  Optimizing lut $abc$129633$lut$aiger129632$4788.genblk1.genblk1.genblk1.genblk1.genblk1.lut0 (4 -> 0)
  Optimizing lut $abc$129633$lut$aiger129632$4756.genblk1.genblk1.genblk1.genblk1.genblk1.lut0 (4 -> 0)
  Optimizing lut $abc$129633$lut$aiger129632$4663.genblk1.genblk1.genblk1.genblk1.genblk1.lut0 (4 -> 0)
  Optimizing lut $abc$129633$lut$aiger129632$4633.genblk1.genblk1.genblk1.genblk1.genblk1.lut0 (4 -> 0)
  Optimizing lut $auto$abc_ops_reintegrate.cc:611:reintegrate$130080.genblk1.genblk1.genblk1.genblk1.genblk1.genblk1.genblk1.genblk1.lut0.genblk1.genblk1.genblk1.genblk1.genblk1.genblk1.genblk1.lut0.genblk1.genblk1.genblk1.genblk1.genblk1.genblk1.lut1.genblk1.genblk1.genblk1.genblk1.genblk1.lut1 (4 -> 0)
  Optimizing lut $abc$129633$lut$aiger129632$4613.genblk1.genblk1.genblk1.genblk1.genblk1.genblk1.lut1.genblk1.genblk1.genblk1.genblk1.genblk1.lut1 (4 -> 0)
  Optimizing lut $abc$129633$lut$aiger129632$5580.genblk1.genblk1.genblk1.genblk1.genblk1.genblk1.genblk1.genblk1.lut1.genblk1.genblk1.genblk1.genblk1.genblk1.genblk1.genblk1.lut0.genblk1.genblk1.genblk1.genblk1.genblk1.genblk1.lut1.genblk1.genblk1.genblk1.genblk1.genblk1.lut1 (4 -> 1)
  Optimizing lut $abc$129633$lut$aiger129632$5580.genblk1.genblk1.genblk1.genblk1.genblk1.genblk1.genblk1.genblk1.lut0.genblk1.genblk1.genblk1.genblk1.genblk1.genblk1.genblk1.lut0.genblk1.genblk1.genblk1.genblk1.genblk1.genblk1.lut1.genblk1.genblk1.genblk1.genblk1.genblk1.lut1 (4 -> 1)
  Optimizing lut $auto$abc_ops_reintegrate.cc:611:reintegrate$129635.genblk1.genblk1.genblk1.genblk1.genblk1.lut0 (4 -> 3)
  Optimizing lut $auto$abc_ops_reintegrate.cc:611:reintegrate$130065.genblk1.genblk1.genblk1.genblk1.genblk1.lut0 (4 -> 3)
  Optimizing lut $auto$abc_ops_reintegrate.cc:611:reintegrate$130001.genblk1.genblk1.genblk1.genblk1.genblk1.lut0 (4 -> 3)
  Optimizing lut $auto$abc_ops_reintegrate.cc:611:reintegrate$129982.genblk1.genblk1.genblk1.genblk1.genblk1.lut0 (4 -> 3)

2.42. Executing HILOMAP pass (mapping to constant drivers).
Removed 0 unused cells and 5387 unused wires.

2.43. Executing AUTONAME pass.
Renamed 7940 objects in module experiment_event_packet.
<suppressed ~7940 debug messages>

2.44. Executing HIERARCHY pass (managing design hierarchy).
Attribute `top' found on module `experiment_event_packet'. Setting top module to experiment_event_packet.

2.44.1. Analyzing design hierarchy..
Top module:  \experiment_event_packet

2.44.2. Analyzing design hierarchy..
Top module:  \experiment_event_packet
Removed 0 unused modules.

2.45. Printing statistics.

=== experiment_event_packet ===

        +----------Local Count, excluding submodules.
        | 
     3515 wires
     8161 wire bits
     3515 public wires
     8161 public wire bits
       21 ports
      957 port bits
     3396 cells
        1   GND
      435   IBUF
      137   LUT1
      116   LUT2
      789   LUT3
      918   LUT4
      418   MUX2_LUT5
       36   MUX2_LUT6
       17   MUX2_LUT7
        6   MUX2_LUT8
      522   OBUF
        1   VCC
     1053 submodules
      516   ALU
        1   DFFR
      536   DFFRE

=== design hierarchy ===

        +----------Count including submodules.
        | 
     3396 experiment_event_packet

        +----------Count including submodules.
        | 
     3515 wires
     8161 wire bits
     3515 public wires
     8161 public wire bits
       21 ports
      957 port bits
        - memories
        - memory bits
        - processes
     3396 cells
        1   GND
      435   IBUF
      137   LUT1
      116   LUT2
      789   LUT3
      918   LUT4
      418   MUX2_LUT5
       36   MUX2_LUT6
       17   MUX2_LUT7
        6   MUX2_LUT8
      522   OBUF
        1   VCC
     1053 submodules
      516   ALU
        1   DFFR
      536   DFFRE

2.46. Executing CHECK pass (checking for obvious problems).
Checking module experiment_event_packet...
Found and reported 0 problems.

2.47. Executing JSON backend.

3. Printing statistics.

=== experiment_event_packet ===

        +----------Local Count, excluding submodules.
        | 
     3515 wires
     8161 wire bits
     3515 public wires
     8161 public wire bits
       21 ports
      957 port bits
     4449 cells
      516   ALU
        1   DFFR
      536   DFFRE
        1   GND
      435   IBUF
      137   LUT1
      116   LUT2
      789   LUT3
      918   LUT4
      418   MUX2_LUT5
       36   MUX2_LUT6
       17   MUX2_LUT7
        6   MUX2_LUT8
      522   OBUF
        1   VCC

End of script. Logfile hash: 2a7a32e26a, time: 5.66s, user: 3.41s, system: 0.28s, MEM: 226.99 MB peak
Yosys 0.68+40 (git sha1 0f2bcb94b-dirty, Release, Clang /usr/local/osxcross/target/bin/x86_64-apple-darwin25.5-clang++ 21.1.8)
Time spent: 39% 1x abc9_exe (2 sec), 10% 9x techmap (0 sec), ...
