iverilog -g2005 -s experiment_event_stream_tb -o impl/experiment_event_stream_tb.vvp tb/experiment_event_stream_tb.v src/experiment_event_stream.v src/experiment_event_packet.v
vvp impl/experiment_event_stream_tb.vvp
PASS event stream: 3 groups; start/event/terminal retention, host backpressure, immutable run identity, terminal drain and ownership rejection
tb/experiment_event_stream_tb.v:56: $finish called at 3850000 (1ps)
yosys -Q -p "read_verilog src/experiment_event_stream.v src/experiment_event_packet.v; synth_gowin -nodsp -nolutram -top experiment_event_stream -json impl/experiment_event_stream.json; stat"

-- Running command `read_verilog src/experiment_event_stream.v src/experiment_event_packet.v; synth_gowin -nodsp -nolutram -top experiment_event_stream -json impl/experiment_event_stream.json; stat' --

1. Executing Verilog-2005 frontend: src/experiment_event_stream.v
Parsing Verilog input from `src/experiment_event_stream.v' to AST representation.
Generating RTLIL representation for module `\experiment_event_stream'.
Successfully finished Verilog frontend.

2. Executing Verilog-2005 frontend: src/experiment_event_packet.v
Parsing Verilog input from `src/experiment_event_packet.v' to AST representation.
Generating RTLIL representation for module `\experiment_event_packet'.
Successfully finished Verilog frontend.

3. Executing SYNTH_GOWIN pass.

3.1. Executing Verilog-2005 frontend: /Users/elliot/.local/opt/oss-cad-suite/libexec/../share/yosys/gowin/cells_sim.v
Parsing Verilog input from `/Users/elliot/.local/opt/oss-cad-suite/libexec/../share/yosys/gowin/cells_sim.v' to AST representation.
Generating RTLIL representation for module `\LUT1'.
Generating RTLIL representation for module `\LUT2'.
Generating RTLIL representation for module `\LUT3'.
Generating RTLIL representation for module `\LUT4'.
Generating RTLIL representation for module `\__APICULA_LUT5'.
Generating RTLIL representation for module `\__APICULA_LUT6'.
Generating RTLIL representation for module `\__APICULA_LUT7'.
Generating RTLIL representation for module `\__APICULA_LUT8'.
Generating RTLIL representation for module `\MUX2'.
Generating RTLIL representation for module `\MUX2_LUT5'.
Generating RTLIL representation for module `\MUX2_LUT6'.
Generating RTLIL representation for module `\MUX2_LUT7'.
Generating RTLIL representation for module `\MUX2_LUT8'.
Generating RTLIL representation for module `\DFF'.
Generating RTLIL representation for module `\DFFE'.
Generating RTLIL representation for module `\DFFS'.
Generating RTLIL representation for module `\DFFSE'.
Generating RTLIL representation for module `\DFFR'.
Generating RTLIL representation for module `\DFFRE'.
Generating RTLIL representation for module `\DFFP'.
Generating RTLIL representation for module `\DFFPE'.
Generating RTLIL representation for module `\DFFC'.
Generating RTLIL representation for module `\DFFCE'.
Generating RTLIL representation for module `\DFFN'.
Generating RTLIL representation for module `\DFFNE'.
Generating RTLIL representation for module `\DFFNS'.
Generating RTLIL representation for module `\DFFNSE'.
Generating RTLIL representation for module `\DFFNR'.
Generating RTLIL representation for module `\DFFNRE'.
Generating RTLIL representation for module `\DFFNP'.
Generating RTLIL representation for module `\DFFNPE'.
Generating RTLIL representation for module `\DFFNC'.
Generating RTLIL representation for module `\DFFNCE'.
Generating RTLIL representation for module `\DL'.
Generating RTLIL representation for module `\DLN'.
Generating RTLIL representation for module `\DLE'.
Generating RTLIL representation for module `\DLNE'.
Generating RTLIL representation for module `\DLC'.
Generating RTLIL representation for module `\DLCE'.
Generating RTLIL representation for module `\DLNC'.
Generating RTLIL representation for module `\DLNCE'.
Generating RTLIL representation for module `\DLP'.
Generating RTLIL representation for module `\DLPE'.
Generating RTLIL representation for module `\DLNP'.
Generating RTLIL representation for module `\DLNPE'.
Generating RTLIL representation for module `\VCC'.
Generating RTLIL representation for module `\GND'.
Generating RTLIL representation for module `\IBUF'.
Generating RTLIL representation for module `\OBUF'.
Generating RTLIL representation for module `\TBUF'.
Generating RTLIL representation for module `\IOBUF'.
Generating RTLIL representation for module `\ELVDS_OBUF'.
Generating RTLIL representation for module `\TLVDS_OBUF'.
Generating RTLIL representation for module `\OSER4'.
Generating RTLIL representation for module `\OSER4_MEM'.
Generating RTLIL representation for module `\OSER8'.
Generating RTLIL representation for module `\OSER10'.
Generating RTLIL representation for module `\OVIDEO'.
Generating RTLIL representation for module `\OSER16'.
Generating RTLIL representation for module `\IDES4'.
Generating RTLIL representation for module `\IDES4_MEM'.
Generating RTLIL representation for module `\IDES8'.
Generating RTLIL representation for module `\IDES10'.
Generating RTLIL representation for module `\IVIDEO'.
Generating RTLIL representation for module `\IDES16'.
Generating RTLIL representation for module `\IDDR'.
Generating RTLIL representation for module `\IDDRC'.
Generating RTLIL representation for module `\DQS'.
Generating RTLIL representation for module `\ODDR'.
Generating RTLIL representation for module `\ODDRC'.
Generating RTLIL representation for module `\GSR'.
Generating RTLIL representation for module `\BANDGAP'.
Generating RTLIL representation for module `\ALU'.
Generating RTLIL representation for module `\RAM16S1'.
Generating RTLIL representation for module `\RAM16S2'.
Generating RTLIL representation for module `\RAM16S4'.
Generating RTLIL representation for module `\RAM16SDP1'.
Generating RTLIL representation for module `\RAM16SDP2'.
Generating RTLIL representation for module `\RAM16SDP4'.
Generating RTLIL representation for module `\SP'.
Generating RTLIL representation for module `\SPX9'.
Generating RTLIL representation for module `\SDP'.
Generating RTLIL representation for module `\SDPX9'.
Generating RTLIL representation for module `\DP'.
Generating RTLIL representation for module `\DPX9'.
Generating RTLIL representation for module `\rPLL'.
Generating RTLIL representation for module `\PLLVR'.
Generating RTLIL representation for module `\OSC'.
Generating RTLIL representation for module `\OSCZ'.
Generating RTLIL representation for module `\OSCF'.
Generating RTLIL representation for module `\OSCH'.
Generating RTLIL representation for module `\OSCW'.
Generating RTLIL representation for module `\OSCO'.
Generating RTLIL representation for module `\EMCU'.
Successfully finished Verilog frontend.

3.2. Executing Verilog-2005 frontend: /Users/elliot/.local/opt/oss-cad-suite/libexec/../share/yosys/gowin/cells_xtra_gw1n.v
Parsing Verilog input from `/Users/elliot/.local/opt/oss-cad-suite/libexec/../share/yosys/gowin/cells_xtra_gw1n.v' to AST representation.
Generating RTLIL representation for module `\LUT5'.
Generating RTLIL representation for module `\LUT6'.
Generating RTLIL representation for module `\LUT7'.
Generating RTLIL representation for module `\LUT8'.
Generating RTLIL representation for module `\INV'.
Generating RTLIL representation for module `\IODELAY'.
Generating RTLIL representation for module `\IEM'.
Generating RTLIL representation for module `\ROM16'.
Generating RTLIL representation for module `\ROM'.
Generating RTLIL representation for module `\ROMX9'.
Generating RTLIL representation for module `\pROM'.
Generating RTLIL representation for module `\pROMX9'.
Generating RTLIL representation for module `\SDPB'.
Generating RTLIL representation for module `\SDPX9B'.
Generating RTLIL representation for module `\DPB'.
Generating RTLIL representation for module `\DPX9B'.
Generating RTLIL representation for module `\PADD18'.
Generating RTLIL representation for module `\PADD9'.
Generating RTLIL representation for module `\MULT9X9'.
Generating RTLIL representation for module `\MULT18X18'.
Generating RTLIL representation for module `\MULT36X36'.
Generating RTLIL representation for module `\MULTALU36X18'.
Generating RTLIL representation for module `\MULTADDALU18X18'.
Generating RTLIL representation for module `\MULTALU18X18'.
Generating RTLIL representation for module `\ALU54D'.
Generating RTLIL representation for module `\BUFG'.
Generating RTLIL representation for module `\BUFS'.
Generating RTLIL representation for module `\PLL'.
Generating RTLIL representation for module `\TLVDS_IBUF'.
Generating RTLIL representation for module `\TLVDS_TBUF'.
Generating RTLIL representation for module `\TLVDS_IOBUF'.
Generating RTLIL representation for module `\ELVDS_IBUF'.
Generating RTLIL representation for module `\ELVDS_TBUF'.
Generating RTLIL representation for module `\ELVDS_IOBUF'.
Generating RTLIL representation for module `\MIPI_IBUF'.
Generating RTLIL representation for module `\MIPI_IBUF_HS'.
Generating RTLIL representation for module `\MIPI_IBUF_LP'.
Generating RTLIL representation for module `\MIPI_OBUF'.
Generating RTLIL representation for module `\MIPI_OBUF_A'.
Generating RTLIL representation for module `\ELVDS_IBUF_MIPI'.
Generating RTLIL representation for module `\I3C_IOBUF'.
Generating RTLIL representation for module `\CLKDIV'.
Generating RTLIL representation for module `\DHCEN'.
Generating RTLIL representation for module `\DLLDLY'.
Generating RTLIL representation for module `\FLASH96K'.
Generating RTLIL representation for module `\FLASH256K'.
Generating RTLIL representation for module `\FLASH608K'.
Generating RTLIL representation for module `\DCS'.
Generating RTLIL representation for module `\DQCE'.
Generating RTLIL representation for module `\CLKDIV2'.
Generating RTLIL representation for module `\DHCENC'.
Generating RTLIL representation for module `\FLASH64K'.
Generating RTLIL representation for module `\FLASH64KZ'.
Successfully finished Verilog frontend.

3.3. Executing HIERARCHY pass (managing design hierarchy).

3.3.1. Analyzing design hierarchy..
Top module:  \experiment_event_stream
Used module:     \experiment_event_packet

3.3.2. Analyzing design hierarchy..
Top module:  \experiment_event_stream
Used module:     \experiment_event_packet
Removed 0 unused modules.

3.4. Executing PROC pass (convert processes to netlists).

3.4.1. Executing PROC_CLEAN pass (remove empty switches from decision trees).
Cleaned up 0 empty switches.

3.4.2. Executing PROC_RMDEAD pass (remove dead branches from decision trees).
Marked 32 switch rules as full_case in process $proc$src/experiment_event_packet.v:49$179 in module experiment_event_packet.
Marked 4 switch rules as full_case in process $proc$src/experiment_event_stream.v:60$48 in module experiment_event_stream.
Removed a total of 0 dead cases.

3.4.3. Executing PROC_PRUNE pass (remove redundant assignments in processes).
Removed 0 redundant assignments.
Promoted 22 assignments to connections.

3.4.4. Executing PROC_INIT pass (extract init attributes).
Found init rule in `\experiment_event_packet.$proc$src/experiment_event_packet.v:25$269'.
  Set init value: \sum = 8'00000000
Found init rule in `\experiment_event_packet.$proc$src/experiment_event_packet.v:24$268'.
  Set init value: \index = 7'0000000
Found init rule in `\experiment_event_packet.$proc$src/experiment_event_packet.v:23$267'.
  Set init value: \state = 2'00
Found init rule in `\experiment_event_packet.$proc$src/experiment_event_packet.v:20$266'.
  Set init value: \fault = 1'0
Found init rule in `\experiment_event_packet.$proc$src/experiment_event_packet.v:19$265'.
  Set init value: \packet_length = 7'0000000
Found init rule in `\experiment_event_packet.$proc$src/experiment_event_packet.v:18$264'.
  Set init value: \packet = 512'00000000000000000000000000000000000000000000000000000000000000000000000000000000000000000000000000000000000000000000000000000000000000000000000000000000000000000000000000000000000000000000000000000000000000000000000000000000000000000000000000000000000000000000000000000000000000000000000000000000000000000000000000000000000000000000000000000000000000000000000000000000000000000000000000000000000000000000000000000000000000000000000000000000000000000000000000000000000000000000000000000000000000000000000000000000
Found init rule in `\experiment_event_stream.$proc$src/experiment_event_stream.v:41$76'.
  Set init value: \saved_result = 8'00000000
Found init rule in `\experiment_event_stream.$proc$src/experiment_event_stream.v:40$75'.
  Set init value: \saved_frame = 9'000000000
Found init rule in `\experiment_event_stream.$proc$src/experiment_event_stream.v:39$74'.
  Set init value: \terminal_data = 216'000000000000000000000000000000000000000000000000000000000000000000000000000000000000000000000000000000000000000000000000000000000000000000000000000000000000000000000000000000000000000000000000000000000000000000000000
Found init rule in `\experiment_event_stream.$proc$src/experiment_event_stream.v:38$73'.
  Set init value: \start_data = 128'00000000000000000000000000000000000000000000000000000000000000000000000000000000000000000000000000000000000000000000000000000000
Found init rule in `\experiment_event_stream.$proc$src/experiment_event_stream.v:37$72'.
  Set init value: \saved_done = 64'0000000000000000000000000000000000000000000000000000000000000000
Found init rule in `\experiment_event_stream.$proc$src/experiment_event_stream.v:37$71'.
  Set init value: \saved_start = 64'0000000000000000000000000000000000000000000000000000000000000000
Found init rule in `\experiment_event_stream.$proc$src/experiment_event_stream.v:36$70'.
  Set init value: \saved_run = 0
Found init rule in `\experiment_event_stream.$proc$src/experiment_event_stream.v:35$69'.
  Set init value: \ownership_fault = 1'0
Found init rule in `\experiment_event_stream.$proc$src/experiment_event_stream.v:34$68'.
  Set init value: \sending_terminal = 1'0
Found init rule in `\experiment_event_stream.$proc$src/experiment_event_stream.v:34$67'.
  Set init value: \terminal_pending = 1'0
Found init rule in `\experiment_event_stream.$proc$src/experiment_event_stream.v:34$66'.
  Set init value: \start_pending = 1'0
Found init rule in `\experiment_event_stream.$proc$src/experiment_event_stream.v:34$65'.
  Set init value: \open = 1'0

3.4.5. Executing PROC_ARST pass (detect async resets in processes).

3.4.6. Executing PROC_ROM pass (convert switches to ROMs).
Converted 0 switches.
<suppressed ~43 debug messages>

3.4.7. Executing PROC_MUX pass (convert decision trees to multiplexers).
Creating decoders for process `\experiment_event_packet.$proc$src/experiment_event_packet.v:25$269'.
Creating decoders for process `\experiment_event_packet.$proc$src/experiment_event_packet.v:24$268'.
Creating decoders for process `\experiment_event_packet.$proc$src/experiment_event_packet.v:23$267'.
Creating decoders for process `\experiment_event_packet.$proc$src/experiment_event_packet.v:20$266'.
Creating decoders for process `\experiment_event_packet.$proc$src/experiment_event_packet.v:19$265'.
Creating decoders for process `\experiment_event_packet.$proc$src/experiment_event_packet.v:18$264'.
Creating decoders for process `\experiment_event_packet.$proc$src/experiment_event_packet.v:49$179'.
     1/72: $32$lookahead\packet$178[511:0]$248
     2/72: $3$bitselwrite$pos$src/experiment_event_packet.v:68$78[31:0]$247
     3/72: $31$lookahead\packet$178[503:496]$243
     4/72: $30$lookahead\packet$178[495:488]$241
     5/72: $29$lookahead\packet$178[487:480]$239
     6/72: $28$lookahead\packet$178[479:472]$237
     7/72: $27$lookahead\packet$178[471:464]$235
     8/72: $26$lookahead\packet$178[463:456]$233
     9/72: $25$lookahead\packet$178[455:448]$231
    10/72: $24$lookahead\packet$178[447:440]$229
    11/72: $23$lookahead\packet$178[439:432]$227
    12/72: $22$lookahead\packet$178[431:424]$225
    13/72: $21$lookahead\packet$178[423:416]$223
    14/72: $20$lookahead\packet$178[415:408]$221
    15/72: $19$lookahead\packet$178[407:400]$219
    16/72: $18$lookahead\packet$178[399:392]$217
    17/72: $17$lookahead\packet$178[391:384]$215
    18/72: $16$lookahead\packet$178[383:376]$213
    19/72: $15$lookahead\packet$178[375:368]$211
    20/72: $14$lookahead\packet$178[367:360]$209
    21/72: $13$lookahead\packet$178[359:352]$207
    22/72: $12$lookahead\packet$178[351:344]$205
    23/72: $11$lookahead\packet$178[343:336]$203
    24/72: $10$lookahead\packet$178[335:328]$201
    25/72: $9$lookahead\packet$178[327:320]$199
    26/72: $8$lookahead\packet$178[319:312]$197
    27/72: $7$lookahead\packet$178[311:304]$195
    28/72: $6$lookahead\packet$178[303:296]$193
    29/72: $5$lookahead\packet$178[295:288]$191
    30/72: $4$lookahead\packet$178[511:0]$188 [503:496]
    31/72: $4$lookahead\packet$178[511:0]$188 [495:488]
    32/72: $4$lookahead\packet$178[511:0]$188 [487:480]
    33/72: $4$lookahead\packet$178[511:0]$188 [479:472]
    34/72: $4$lookahead\packet$178[511:0]$188 [471:464]
    35/72: $4$lookahead\packet$178[511:0]$188 [463:456]
    36/72: $4$lookahead\packet$178[511:0]$188 [455:448]
    37/72: $4$lookahead\packet$178[511:0]$188 [447:440]
    38/72: $4$lookahead\packet$178[511:0]$188 [439:432]
    39/72: $4$lookahead\packet$178[511:0]$188 [431:424]
    40/72: $4$lookahead\packet$178[511:0]$188 [423:416]
    41/72: $4$lookahead\packet$178[511:0]$188 [415:408]
    42/72: $4$lookahead\packet$178[511:0]$188 [407:400]
    43/72: $4$lookahead\packet$178[511:0]$188 [399:392]
    44/72: $4$lookahead\packet$178[511:0]$188 [391:384]
    45/72: $4$lookahead\packet$178[511:0]$188 [383:376]
    46/72: $4$lookahead\packet$178[511:0]$188 [375:368]
    47/72: $4$lookahead\packet$178[511:0]$188 [367:360]
    48/72: $4$lookahead\packet$178[511:0]$188 [359:352]
    49/72: $4$lookahead\packet$178[511:0]$188 [351:344]
    50/72: $4$lookahead\packet$178[511:0]$188 [343:336]
    51/72: $4$lookahead\packet$178[511:0]$188 [335:328]
    52/72: $4$lookahead\packet$178[511:0]$188 [327:320]
    53/72: $4$lookahead\packet$178[511:0]$188 [319:312]
    54/72: $4$lookahead\packet$178[511:0]$188 [311:304]
    55/72: $4$lookahead\packet$178[511:0]$188 [303:296]
    56/72: $4$lookahead\packet$178[511:0]$188 [295:288]
    57/72: $4$lookahead\packet$178[511:0]$188 [511:504]
    58/72: $4$lookahead\packet$178[511:0]$188 [287:0]
    59/72: $4\i[31:0]
    60/72: $3$lookahead\packet$178[511:0]$186
    61/72: $3\i[31:0]
    62/72: $2$lookahead\packet$178[511:0]$185
    63/72: $2\i[31:0]
    64/72: $2$bitselwrite$pos$src/experiment_event_packet.v:68$78[31:0]$184
    65/72: $1$lookahead\packet$178[511:0]$183
    66/72: $1$bitselwrite$pos$src/experiment_event_packet.v:68$78[31:0]$182
    67/72: $1\i[31:0]
    68/72: $0\fault[0:0]
    69/72: $0\sum[7:0]
    70/72: $0\index[6:0]
    71/72: $0\state[1:0]
    72/72: $0\packet_length[6:0]
Creating decoders for process `\experiment_event_stream.$proc$src/experiment_event_stream.v:41$76'.
Creating decoders for process `\experiment_event_stream.$proc$src/experiment_event_stream.v:40$75'.
Creating decoders for process `\experiment_event_stream.$proc$src/experiment_event_stream.v:39$74'.
Creating decoders for process `\experiment_event_stream.$proc$src/experiment_event_stream.v:38$73'.
Creating decoders for process `\experiment_event_stream.$proc$src/experiment_event_stream.v:37$72'.
Creating decoders for process `\experiment_event_stream.$proc$src/experiment_event_stream.v:37$71'.
Creating decoders for process `\experiment_event_stream.$proc$src/experiment_event_stream.v:36$70'.
Creating decoders for process `\experiment_event_stream.$proc$src/experiment_event_stream.v:35$69'.
Creating decoders for process `\experiment_event_stream.$proc$src/experiment_event_stream.v:34$68'.
Creating decoders for process `\experiment_event_stream.$proc$src/experiment_event_stream.v:34$67'.
Creating decoders for process `\experiment_event_stream.$proc$src/experiment_event_stream.v:34$66'.
Creating decoders for process `\experiment_event_stream.$proc$src/experiment_event_stream.v:34$65'.
Creating decoders for process `\experiment_event_stream.$proc$src/experiment_event_stream.v:60$48'.
     1/12: $0\ownership_fault[0:0]
     2/12: $0\saved_result[7:0]
     3/12: $0\saved_frame[8:0]
     4/12: $0\terminal_data[215:0]
     5/12: $0\start_data[127:0]
     6/12: $0\saved_done[63:0]
     7/12: $0\saved_start[63:0]
     8/12: $0\saved_run[31:0]
     9/12: $0\sending_terminal[0:0]
    10/12: $0\terminal_pending[0:0]
    11/12: $0\start_pending[0:0]
    12/12: $0\open[0:0]

3.4.8. Executing PROC_DLATCH pass (convert process syncs to latches).

3.4.9. Executing PROC_DFF pass (convert process syncs to FFs).
Creating register for signal `\experiment_event_packet.\i' using process `\experiment_event_packet.$proc$src/experiment_event_packet.v:49$179'.
  created $dff cell `$procdff$1763' with positive edge clock.
Creating register for signal `\experiment_event_packet.\packet' using process `\experiment_event_packet.$proc$src/experiment_event_packet.v:49$179'.
  created $dff cell `$procdff$1764' with positive edge clock.
Creating register for signal `\experiment_event_packet.\packet_length' using process `\experiment_event_packet.$proc$src/experiment_event_packet.v:49$179'.
  created $dff cell `$procdff$1765' with positive edge clock.
Creating register for signal `\experiment_event_packet.\fault' using process `\experiment_event_packet.$proc$src/experiment_event_packet.v:49$179'.
  created $dff cell `$procdff$1766' with positive edge clock.
Creating register for signal `\experiment_event_packet.\state' using process `\experiment_event_packet.$proc$src/experiment_event_packet.v:49$179'.
  created $dff cell `$procdff$1767' with positive edge clock.
Creating register for signal `\experiment_event_packet.\index' using process `\experiment_event_packet.$proc$src/experiment_event_packet.v:49$179'.
  created $dff cell `$procdff$1768' with positive edge clock.
Creating register for signal `\experiment_event_packet.\sum' using process `\experiment_event_packet.$proc$src/experiment_event_packet.v:49$179'.
  created $dff cell `$procdff$1769' with positive edge clock.
Creating register for signal `\experiment_event_packet.$bitselwrite$pos$src/experiment_event_packet.v:68$78' using process `\experiment_event_packet.$proc$src/experiment_event_packet.v:49$179'.
  created $dff cell `$procdff$1770' with positive edge clock.
Creating register for signal `\experiment_event_packet.$lookahead\packet$178' using process `\experiment_event_packet.$proc$src/experiment_event_packet.v:49$179'.
  created $dff cell `$procdff$1771' with positive edge clock.
Creating register for signal `\experiment_event_stream.\open' using process `\experiment_event_stream.$proc$src/experiment_event_stream.v:60$48'.
  created $dff cell `$procdff$1772' with positive edge clock.
Creating register for signal `\experiment_event_stream.\start_pending' using process `\experiment_event_stream.$proc$src/experiment_event_stream.v:60$48'.
  created $dff cell `$procdff$1773' with positive edge clock.
Creating register for signal `\experiment_event_stream.\terminal_pending' using process `\experiment_event_stream.$proc$src/experiment_event_stream.v:60$48'.
  created $dff cell `$procdff$1774' with positive edge clock.
Creating register for signal `\experiment_event_stream.\sending_terminal' using process `\experiment_event_stream.$proc$src/experiment_event_stream.v:60$48'.
  created $dff cell `$procdff$1775' with positive edge clock.
Creating register for signal `\experiment_event_stream.\ownership_fault' using process `\experiment_event_stream.$proc$src/experiment_event_stream.v:60$48'.
  created $dff cell `$procdff$1776' with positive edge clock.
Creating register for signal `\experiment_event_stream.\saved_run' using process `\experiment_event_stream.$proc$src/experiment_event_stream.v:60$48'.
  created $dff cell `$procdff$1777' with positive edge clock.
Creating register for signal `\experiment_event_stream.\saved_start' using process `\experiment_event_stream.$proc$src/experiment_event_stream.v:60$48'.
  created $dff cell `$procdff$1778' with positive edge clock.
Creating register for signal `\experiment_event_stream.\saved_done' using process `\experiment_event_stream.$proc$src/experiment_event_stream.v:60$48'.
  created $dff cell `$procdff$1779' with positive edge clock.
Creating register for signal `\experiment_event_stream.\start_data' using process `\experiment_event_stream.$proc$src/experiment_event_stream.v:60$48'.
  created $dff cell `$procdff$1780' with positive edge clock.
Creating register for signal `\experiment_event_stream.\terminal_data' using process `\experiment_event_stream.$proc$src/experiment_event_stream.v:60$48'.
  created $dff cell `$procdff$1781' with positive edge clock.
Creating register for signal `\experiment_event_stream.\saved_frame' using process `\experiment_event_stream.$proc$src/experiment_event_stream.v:60$48'.
  created $dff cell `$procdff$1782' with positive edge clock.
Creating register for signal `\experiment_event_stream.\saved_result' using process `\experiment_event_stream.$proc$src/experiment_event_stream.v:60$48'.
  created $dff cell `$procdff$1783' with positive edge clock.

3.4.10. Executing PROC_MEMWR pass (convert process memory writes to cells).

3.4.11. Executing PROC_CLEAN pass (remove empty switches from decision trees).
Removing empty process `experiment_event_packet.$proc$src/experiment_event_packet.v:25$269'.
Removing empty process `experiment_event_packet.$proc$src/experiment_event_packet.v:24$268'.
Removing empty process `experiment_event_packet.$proc$src/experiment_event_packet.v:23$267'.
Removing empty process `experiment_event_packet.$proc$src/experiment_event_packet.v:20$266'.
Removing empty process `experiment_event_packet.$proc$src/experiment_event_packet.v:19$265'.
Removing empty process `experiment_event_packet.$proc$src/experiment_event_packet.v:18$264'.
Found and cleaned up 33 empty switches in `\experiment_event_packet.$proc$src/experiment_event_packet.v:49$179'.
Removing empty process `experiment_event_packet.$proc$src/experiment_event_packet.v:49$179'.
Removing empty process `experiment_event_stream.$proc$src/experiment_event_stream.v:41$76'.
Removing empty process `experiment_event_stream.$proc$src/experiment_event_stream.v:40$75'.
Removing empty process `experiment_event_stream.$proc$src/experiment_event_stream.v:39$74'.
Removing empty process `experiment_event_stream.$proc$src/experiment_event_stream.v:38$73'.
Removing empty process `experiment_event_stream.$proc$src/experiment_event_stream.v:37$72'.
Removing empty process `experiment_event_stream.$proc$src/experiment_event_stream.v:37$71'.
Removing empty process `experiment_event_stream.$proc$src/experiment_event_stream.v:36$70'.
Removing empty process `experiment_event_stream.$proc$src/experiment_event_stream.v:35$69'.
Removing empty process `experiment_event_stream.$proc$src/experiment_event_stream.v:34$68'.
Removing empty process `experiment_event_stream.$proc$src/experiment_event_stream.v:34$67'.
Removing empty process `experiment_event_stream.$proc$src/experiment_event_stream.v:34$66'.
Removing empty process `experiment_event_stream.$proc$src/experiment_event_stream.v:34$65'.
Found and cleaned up 10 empty switches in `\experiment_event_stream.$proc$src/experiment_event_stream.v:60$48'.
Removing empty process `experiment_event_stream.$proc$src/experiment_event_stream.v:60$48'.
Cleaned up 43 empty switches.

3.4.12. Executing OPT_EXPR pass (perform const folding).
Optimizing module experiment_event_packet.
<suppressed ~143 debug messages>
Optimizing module experiment_event_stream.
<suppressed ~6 debug messages>

3.5. Executing CHECK pass (checking for obvious problems).
Checking module experiment_event_packet...
Checking module experiment_event_stream...
Found and reported 0 problems.

3.6. Executing FLATTEN pass (flatten design).
Deleting now unused module experiment_event_packet.
<suppressed ~1 debug messages>

3.7. Executing TRIBUF pass.

3.8. Executing DEMINOUT pass (demote inout ports to input or output).

3.9. Executing OPT_EXPR pass (perform const folding).
Optimizing module experiment_event_stream.
<suppressed ~6 debug messages>

3.10. Executing OPT_CLEAN pass (remove unused cells and wires).
Finding unused cells or wires in module \experiment_event_stream..
Removed 26 unused cells and 435 unused wires.
<suppressed ~36 debug messages>

3.11. Executing CHECK pass (checking for obvious problems).
Checking module experiment_event_stream...
Found and reported 0 problems.

3.12. Executing OPT pass (performing simple optimizations).

3.12.1. Executing OPT_EXPR pass (perform const folding).
Optimizing module experiment_event_stream.

3.12.2. Executing OPT_MERGE pass (detect identical cells).
Finding identical cells in module `\experiment_event_stream'.
Computing hashes of 616 cells of `\experiment_event_stream'.
Finding duplicate cells in `\experiment_event_stream'.
Computing hashes of 531 cells of `\experiment_event_stream'.
Finding duplicate cells in `\experiment_event_stream'.
<suppressed ~255 debug messages>
Removed a total of 85 cells.

3.12.3. Executing OPT_MUXTREE pass (detect dead branches in mux trees).
Running muxtree optimizer on module \experiment_event_stream..
  Creating internal representation of mux trees.
  Evaluating internal representation of mux trees.
  Analyzing evaluation results.
    dead port 2/2 on $mux $flatten\encoder.$procmux$613.
    dead port 1/2 on $mux $flatten\encoder.$procmux$616.
    dead port 2/2 on $mux $flatten\encoder.$procmux$636.
    dead port 2/2 on $mux $flatten\encoder.$procmux$638.
    dead port 2/2 on $mux $flatten\encoder.$procmux$640.
    dead port 1/2 on $mux $flatten\encoder.$procmux$643.
    dead port 2/2 on $mux $flatten\encoder.$procmux$653.
    dead port 2/2 on $mux $flatten\encoder.$procmux$655.
    dead port 2/2 on $mux $flatten\encoder.$procmux$657.
    dead port 1/2 on $mux $flatten\encoder.$procmux$660.
    dead port 2/2 on $mux $flatten\encoder.$procmux$670.
    dead port 2/2 on $mux $flatten\encoder.$procmux$672.
    dead port 2/2 on $mux $flatten\encoder.$procmux$674.
    dead port 1/2 on $mux $flatten\encoder.$procmux$677.
    dead port 2/2 on $mux $flatten\encoder.$procmux$687.
    dead port 2/2 on $mux $flatten\encoder.$procmux$689.
    dead port 2/2 on $mux $flatten\encoder.$procmux$691.
    dead port 1/2 on $mux $flatten\encoder.$procmux$694.
    dead port 2/2 on $mux $flatten\encoder.$procmux$704.
    dead port 2/2 on $mux $flatten\encoder.$procmux$706.
    dead port 2/2 on $mux $flatten\encoder.$procmux$708.
    dead port 1/2 on $mux $flatten\encoder.$procmux$711.
    dead port 2/2 on $mux $flatten\encoder.$procmux$721.
    dead port 2/2 on $mux $flatten\encoder.$procmux$723.
    dead port 2/2 on $mux $flatten\encoder.$procmux$725.
    dead port 1/2 on $mux $flatten\encoder.$procmux$728.
    dead port 2/2 on $mux $flatten\encoder.$procmux$738.
    dead port 2/2 on $mux $flatten\encoder.$procmux$740.
    dead port 2/2 on $mux $flatten\encoder.$procmux$742.
    dead port 1/2 on $mux $flatten\encoder.$procmux$745.
    dead port 2/2 on $mux $flatten\encoder.$procmux$755.
    dead port 2/2 on $mux $flatten\encoder.$procmux$757.
    dead port 2/2 on $mux $flatten\encoder.$procmux$759.
    dead port 1/2 on $mux $flatten\encoder.$procmux$762.
    dead port 2/2 on $mux $flatten\encoder.$procmux$772.
    dead port 2/2 on $mux $flatten\encoder.$procmux$774.
    dead port 2/2 on $mux $flatten\encoder.$procmux$776.
    dead port 1/2 on $mux $flatten\encoder.$procmux$779.
    dead port 2/2 on $mux $flatten\encoder.$procmux$789.
    dead port 2/2 on $mux $flatten\encoder.$procmux$791.
    dead port 2/2 on $mux $flatten\encoder.$procmux$793.
    dead port 1/2 on $mux $flatten\encoder.$procmux$796.
    dead port 2/2 on $mux $flatten\encoder.$procmux$806.
    dead port 2/2 on $mux $flatten\encoder.$procmux$808.
    dead port 2/2 on $mux $flatten\encoder.$procmux$810.
    dead port 1/2 on $mux $flatten\encoder.$procmux$813.
    dead port 2/2 on $mux $flatten\encoder.$procmux$823.
    dead port 2/2 on $mux $flatten\encoder.$procmux$825.
    dead port 2/2 on $mux $flatten\encoder.$procmux$827.
    dead port 1/2 on $mux $flatten\encoder.$procmux$830.
    dead port 2/2 on $mux $flatten\encoder.$procmux$840.
    dead port 2/2 on $mux $flatten\encoder.$procmux$842.
    dead port 2/2 on $mux $flatten\encoder.$procmux$844.
    dead port 1/2 on $mux $flatten\encoder.$procmux$847.
    dead port 2/2 on $mux $flatten\encoder.$procmux$857.
    dead port 2/2 on $mux $flatten\encoder.$procmux$859.
    dead port 2/2 on $mux $flatten\encoder.$procmux$861.
    dead port 1/2 on $mux $flatten\encoder.$procmux$864.
    dead port 2/2 on $mux $flatten\encoder.$procmux$874.
    dead port 2/2 on $mux $flatten\encoder.$procmux$876.
    dead port 2/2 on $mux $flatten\encoder.$procmux$878.
    dead port 1/2 on $mux $flatten\encoder.$procmux$881.
    dead port 2/2 on $mux $flatten\encoder.$procmux$891.
    dead port 2/2 on $mux $flatten\encoder.$procmux$893.
    dead port 2/2 on $mux $flatten\encoder.$procmux$895.
    dead port 1/2 on $mux $flatten\encoder.$procmux$898.
    dead port 2/2 on $mux $flatten\encoder.$procmux$908.
    dead port 2/2 on $mux $flatten\encoder.$procmux$910.
    dead port 2/2 on $mux $flatten\encoder.$procmux$912.
    dead port 1/2 on $mux $flatten\encoder.$procmux$915.
    dead port 2/2 on $mux $flatten\encoder.$procmux$925.
    dead port 2/2 on $mux $flatten\encoder.$procmux$927.
    dead port 2/2 on $mux $flatten\encoder.$procmux$929.
    dead port 1/2 on $mux $flatten\encoder.$procmux$932.
    dead port 2/2 on $mux $flatten\encoder.$procmux$942.
    dead port 2/2 on $mux $flatten\encoder.$procmux$944.
    dead port 2/2 on $mux $flatten\encoder.$procmux$946.
    dead port 1/2 on $mux $flatten\encoder.$procmux$949.
    dead port 2/2 on $mux $flatten\encoder.$procmux$959.
    dead port 2/2 on $mux $flatten\encoder.$procmux$961.
    dead port 2/2 on $mux $flatten\encoder.$procmux$963.
    dead port 1/2 on $mux $flatten\encoder.$procmux$966.
    dead port 2/2 on $mux $flatten\encoder.$procmux$976.
    dead port 2/2 on $mux $flatten\encoder.$procmux$978.
    dead port 2/2 on $mux $flatten\encoder.$procmux$980.
    dead port 1/2 on $mux $flatten\encoder.$procmux$983.
    dead port 2/2 on $mux $flatten\encoder.$procmux$993.
    dead port 2/2 on $mux $flatten\encoder.$procmux$995.
    dead port 2/2 on $mux $flatten\encoder.$procmux$997.
    dead port 1/2 on $mux $flatten\encoder.$procmux$1000.
    dead port 2/2 on $mux $flatten\encoder.$procmux$1010.
    dead port 2/2 on $mux $flatten\encoder.$procmux$1012.
    dead port 2/2 on $mux $flatten\encoder.$procmux$1014.
    dead port 1/2 on $mux $flatten\encoder.$procmux$1017.
    dead port 2/2 on $mux $flatten\encoder.$procmux$1027.
    dead port 2/2 on $mux $flatten\encoder.$procmux$1029.
    dead port 2/2 on $mux $flatten\encoder.$procmux$1031.
    dead port 1/2 on $mux $flatten\encoder.$procmux$1034.
    dead port 2/2 on $mux $flatten\encoder.$procmux$1044.
    dead port 2/2 on $mux $flatten\encoder.$procmux$1046.
    dead port 2/2 on $mux $flatten\encoder.$procmux$1048.
    dead port 1/2 on $mux $flatten\encoder.$procmux$1051.
    dead port 2/2 on $mux $flatten\encoder.$procmux$1061.
    dead port 2/2 on $mux $flatten\encoder.$procmux$1063.
    dead port 2/2 on $mux $flatten\encoder.$procmux$1065.
    dead port 1/2 on $mux $flatten\encoder.$procmux$1068.
    dead port 2/2 on $mux $flatten\encoder.$procmux$1078.
    dead port 2/2 on $mux $flatten\encoder.$procmux$1080.
    dead port 2/2 on $mux $flatten\encoder.$procmux$1082.
    dead port 1/2 on $mux $flatten\encoder.$procmux$1085.
    dead port 2/2 on $mux $flatten\encoder.$procmux$1094.
    dead port 2/2 on $mux $flatten\encoder.$procmux$1096.
    dead port 1/2 on $mux $flatten\encoder.$procmux$1099.
    dead port 2/2 on $mux $flatten\encoder.$procmux$1108.
    dead port 2/2 on $mux $flatten\encoder.$procmux$1110.
    dead port 1/2 on $mux $flatten\encoder.$procmux$1113.
    dead port 2/2 on $mux $flatten\encoder.$procmux$1122.
    dead port 2/2 on $mux $flatten\encoder.$procmux$1124.
    dead port 1/2 on $mux $flatten\encoder.$procmux$1127.
    dead port 2/2 on $mux $flatten\encoder.$procmux$1136.
    dead port 2/2 on $mux $flatten\encoder.$procmux$1138.
    dead port 1/2 on $mux $flatten\encoder.$procmux$1141.
    dead port 2/2 on $mux $flatten\encoder.$procmux$1150.
    dead port 2/2 on $mux $flatten\encoder.$procmux$1152.
    dead port 1/2 on $mux $flatten\encoder.$procmux$1155.
    dead port 2/2 on $mux $flatten\encoder.$procmux$1164.
    dead port 2/2 on $mux $flatten\encoder.$procmux$1166.
    dead port 1/2 on $mux $flatten\encoder.$procmux$1169.
    dead port 2/2 on $mux $flatten\encoder.$procmux$1178.
    dead port 2/2 on $mux $flatten\encoder.$procmux$1180.
    dead port 1/2 on $mux $flatten\encoder.$procmux$1183.
    dead port 2/2 on $mux $flatten\encoder.$procmux$1192.
    dead port 2/2 on $mux $flatten\encoder.$procmux$1194.
    dead port 1/2 on $mux $flatten\encoder.$procmux$1197.
    dead port 2/2 on $mux $flatten\encoder.$procmux$1206.
    dead port 2/2 on $mux $flatten\encoder.$procmux$1208.
    dead port 1/2 on $mux $flatten\encoder.$procmux$1211.
    dead port 2/2 on $mux $flatten\encoder.$procmux$1220.
    dead port 2/2 on $mux $flatten\encoder.$procmux$1222.
    dead port 1/2 on $mux $flatten\encoder.$procmux$1225.
    dead port 2/2 on $mux $flatten\encoder.$procmux$1234.
    dead port 2/2 on $mux $flatten\encoder.$procmux$1236.
    dead port 1/2 on $mux $flatten\encoder.$procmux$1239.
    dead port 2/2 on $mux $flatten\encoder.$procmux$1248.
    dead port 2/2 on $mux $flatten\encoder.$procmux$1250.
    dead port 1/2 on $mux $flatten\encoder.$procmux$1253.
    dead port 2/2 on $mux $flatten\encoder.$procmux$1262.
    dead port 2/2 on $mux $flatten\encoder.$procmux$1264.
    dead port 1/2 on $mux $flatten\encoder.$procmux$1267.
    dead port 2/2 on $mux $flatten\encoder.$procmux$1276.
    dead port 2/2 on $mux $flatten\encoder.$procmux$1278.
    dead port 1/2 on $mux $flatten\encoder.$procmux$1281.
    dead port 2/2 on $mux $flatten\encoder.$procmux$1290.
    dead port 2/2 on $mux $flatten\encoder.$procmux$1292.
    dead port 1/2 on $mux $flatten\encoder.$procmux$1295.
    dead port 2/2 on $mux $flatten\encoder.$procmux$1304.
    dead port 2/2 on $mux $flatten\encoder.$procmux$1306.
    dead port 1/2 on $mux $flatten\encoder.$procmux$1309.
    dead port 2/2 on $mux $flatten\encoder.$procmux$1318.
    dead port 2/2 on $mux $flatten\encoder.$procmux$1320.
    dead port 1/2 on $mux $flatten\encoder.$procmux$1323.
    dead port 2/2 on $mux $flatten\encoder.$procmux$1332.
    dead port 2/2 on $mux $flatten\encoder.$procmux$1334.
    dead port 1/2 on $mux $flatten\encoder.$procmux$1337.
    dead port 2/2 on $mux $flatten\encoder.$procmux$1346.
    dead port 2/2 on $mux $flatten\encoder.$procmux$1348.
    dead port 1/2 on $mux $flatten\encoder.$procmux$1351.
    dead port 2/2 on $mux $flatten\encoder.$procmux$1360.
    dead port 2/2 on $mux $flatten\encoder.$procmux$1362.
    dead port 1/2 on $mux $flatten\encoder.$procmux$1365.
    dead port 2/2 on $mux $flatten\encoder.$procmux$1374.
    dead port 2/2 on $mux $flatten\encoder.$procmux$1376.
    dead port 1/2 on $mux $flatten\encoder.$procmux$1379.
    dead port 2/2 on $mux $flatten\encoder.$procmux$1388.
    dead port 2/2 on $mux $flatten\encoder.$procmux$1390.
    dead port 1/2 on $mux $flatten\encoder.$procmux$1393.
    dead port 2/2 on $mux $flatten\encoder.$procmux$1402.
    dead port 2/2 on $mux $flatten\encoder.$procmux$1404.
    dead port 1/2 on $mux $flatten\encoder.$procmux$1407.
    dead port 2/2 on $mux $flatten\encoder.$procmux$1416.
    dead port 2/2 on $mux $flatten\encoder.$procmux$1418.
    dead port 1/2 on $mux $flatten\encoder.$procmux$1421.
    dead port 2/2 on $mux $flatten\encoder.$procmux$1430.
    dead port 2/2 on $mux $flatten\encoder.$procmux$1432.
    dead port 1/2 on $mux $flatten\encoder.$procmux$1435.
    dead port 2/2 on $mux $flatten\encoder.$procmux$1444.
    dead port 2/2 on $mux $flatten\encoder.$procmux$1446.
    dead port 1/2 on $mux $flatten\encoder.$procmux$1449.
    dead port 2/2 on $mux $flatten\encoder.$procmux$1458.
    dead port 2/2 on $mux $flatten\encoder.$procmux$1460.
    dead port 1/2 on $mux $flatten\encoder.$procmux$1463.
    dead port 2/2 on $mux $flatten\encoder.$procmux$1472.
    dead port 2/2 on $mux $flatten\encoder.$procmux$1474.
    dead port 1/2 on $mux $flatten\encoder.$procmux$1477.
    dead port 2/2 on $mux $flatten\encoder.$procmux$1486.
    dead port 2/2 on $mux $flatten\encoder.$procmux$1488.
    dead port 1/2 on $mux $flatten\encoder.$procmux$1491.
    dead port 2/2 on $mux $flatten\encoder.$procmux$1513.
    dead port 1/2 on $mux $flatten\encoder.$procmux$1516.
    dead port 1/2 on $mux $flatten\encoder.$procmux$1535.
Removed 200 multiplexer ports.
<suppressed ~416 debug messages>

3.12.4. Executing OPT_REDUCE pass (consolidate $*mux and $reduce_* inputs).
  Optimizing cells in module \experiment_event_stream.
Performed a total of 0 changes.

3.12.5. Executing OPT_MERGE pass (detect identical cells).
Finding identical cells in module `\experiment_event_stream'.
Computing hashes of 331 cells of `\experiment_event_stream'.
Finding duplicate cells in `\experiment_event_stream'.
Removed a total of 0 cells.

3.12.6. Executing OPT_DFF pass (perform DFF optimizations).

3.12.7. Executing OPT_CLEAN pass (remove unused cells and wires).
Finding unused cells or wires in module \experiment_event_stream..
Removed 0 unused cells and 285 unused wires.
<suppressed ~1 debug messages>

3.12.8. Executing OPT_EXPR pass (perform const folding).
Optimizing module experiment_event_stream.

3.12.9. Rerunning OPT passes. (Maybe there is more to do..)

3.12.10. Executing OPT_MUXTREE pass (detect dead branches in mux trees).
Running muxtree optimizer on module \experiment_event_stream..
  Creating internal representation of mux trees.
  Evaluating internal representation of mux trees.
  Analyzing evaluation results.
Removed 0 multiplexer ports.
<suppressed ~216 debug messages>

3.12.11. Executing OPT_REDUCE pass (consolidate $*mux and $reduce_* inputs).
  Optimizing cells in module \experiment_event_stream.
Performed a total of 0 changes.

3.12.12. Executing OPT_MERGE pass (detect identical cells).
Finding identical cells in module `\experiment_event_stream'.
Computing hashes of 331 cells of `\experiment_event_stream'.
Finding duplicate cells in `\experiment_event_stream'.
Removed a total of 0 cells.

3.12.13. Executing OPT_DFF pass (perform DFF optimizations).

3.12.14. Executing OPT_CLEAN pass (remove unused cells and wires).
Finding unused cells or wires in module \experiment_event_stream..

3.12.15. Executing OPT_EXPR pass (perform const folding).
Optimizing module experiment_event_stream.

3.12.16. Finished fast OPT passes. (There is nothing left to do.)

3.13. Executing FSM pass (extract and optimize FSM).

3.13.1. Executing FSM_DETECT pass (finding FSMs in design).
Not marking experiment_event_stream.encoder.state as FSM state register:
    Register has an initialization value.

3.13.2. Executing FSM_EXTRACT pass (extracting FSM from design).

3.13.3. Executing FSM_OPT pass (simple optimizations of FSMs).

3.13.4. Executing OPT_CLEAN pass (remove unused cells and wires).
Finding unused cells or wires in module \experiment_event_stream..

3.13.5. Executing FSM_OPT pass (simple optimizations of FSMs).

3.13.6. Executing FSM_RECODE pass (re-assigning FSM state encoding).

3.13.7. Executing FSM_INFO pass (dumping all available information on FSM cells).

3.13.8. Executing FSM_MAP pass (mapping FSMs to basic logic).

3.14. Executing OPT pass (performing simple optimizations).

3.14.1. Executing OPT_EXPR pass (perform const folding).
Optimizing module experiment_event_stream.

3.14.2. Executing OPT_MERGE pass (detect identical cells).
Finding identical cells in module `\experiment_event_stream'.
Computing hashes of 331 cells of `\experiment_event_stream'.
Finding duplicate cells in `\experiment_event_stream'.
Removed a total of 0 cells.

3.14.3. Executing OPT_MUXTREE pass (detect dead branches in mux trees).
Running muxtree optimizer on module \experiment_event_stream..
  Creating internal representation of mux trees.
  Evaluating internal representation of mux trees.
  Analyzing evaluation results.
Removed 0 multiplexer ports.
<suppressed ~216 debug messages>

3.14.4. Executing OPT_REDUCE pass (consolidate $*mux and $reduce_* inputs).
  Optimizing cells in module \experiment_event_stream.
Performed a total of 0 changes.

3.14.5. Executing OPT_MERGE pass (detect identical cells).
Finding identical cells in module `\experiment_event_stream'.
Computing hashes of 331 cells of `\experiment_event_stream'.
Finding duplicate cells in `\experiment_event_stream'.
Removed a total of 0 cells.

3.14.6. Executing OPT_DFF pass (perform DFF optimizations).
Adding SRST signal on $procdff$1772 ($dff) from module experiment_event_stream (D = $procmux$1756_Y, Q = \open, rval = 1'0).
Adding EN signal on $auto$ff.cc:337:slice$1785 ($sdff) from module experiment_event_stream (D = 1'1, Q = \open).
Adding SRST signal on $procdff$1773 ($dff) from module experiment_event_stream (D = $procmux$1748_Y, Q = \start_pending, rval = 1'0).
Adding SRST signal on $procdff$1774 ($dff) from module experiment_event_stream (D = $procmux$1735_Y, Q = \terminal_pending, rval = 1'0).
Adding SRST signal on $procdff$1775 ($dff) from module experiment_event_stream (D = $procmux$1718_Y, Q = \sending_terminal, rval = 1'0).
Adding EN signal on $auto$ff.cc:337:slice$1793 ($sdff) from module experiment_event_stream (D = 1'1, Q = \sending_terminal).
Adding SRST signal on $procdff$1776 ($dff) from module experiment_event_stream (D = $procmux$1652_Y, Q = \ownership_fault, rval = 1'0).
Adding EN signal on $procdff$1777 ($dff) from module experiment_event_stream (D = \run_id, Q = \saved_run).
Adding EN signal on $procdff$1778 ($dff) from module experiment_event_stream (D = \start_ticks, Q = \saved_start).
Adding EN signal on $procdff$1779 ($dff) from module experiment_event_stream (D = \stop_pair_ticks, Q = \saved_done).
Adding EN signal on $procdff$1780 ($dff) from module experiment_event_stream (D = { 32'00000010111110101111000010000000 \period 7'0000000 \frames 7'0000000 \mask \plan_crc }, Q = \start_data).
Adding EN signal on $procdff$1781 ($dff) from module experiment_event_stream (D = { 7'0000000 \interrupted_request $ternary$src/experiment_event_stream.v:76$55_Y $ternary$src/experiment_event_stream.v:77$54_Y $ternary$src/experiment_event_stream.v:78$53_Y \stop_pair_ticks \stop_ticks }, Q = \terminal_data).
Adding SRST signal on $auto$ff.cc:337:slice$1824 ($dffe) from module experiment_event_stream (D = { \interrupted_id \interrupted_kind \interrupted_request_ticks }, Q = { \terminal_data [207:200] \terminal_data [193:128] }, rval = 74'00000000000000000000000000000000000000000000000000000000000000000000000000).
Adding EN signal on $procdff$1782 ($dff) from module experiment_event_stream (D = \terminal_frame, Q = \saved_frame).
Adding EN signal on $procdff$1783 ($dff) from module experiment_event_stream (D = \result, Q = \saved_result).
Adding EN signal on $flatten\encoder.$procdff$1769 ($dff) from module experiment_event_stream (D = $flatten\encoder.$procmux$1580_Y, Q = \encoder.sum).
Adding SRST signal on $flatten\encoder.$procdff$1768 ($dff) from module experiment_event_stream (D = $flatten\encoder.$procmux$1597_Y, Q = \encoder.index, rval = 7'0000000).
Adding EN signal on $auto$ff.cc:337:slice$1860 ($sdff) from module experiment_event_stream (D = $flatten\encoder.$procmux$1597_Y, Q = \encoder.index).
Adding SRST signal on $flatten\encoder.$procdff$1767 ($dff) from module experiment_event_stream (D = $flatten\encoder.$procmux$1612_Y, Q = \encoder.state, rval = 2'00).
Adding EN signal on $auto$ff.cc:337:slice$1872 ($sdff) from module experiment_event_stream (D = $flatten\encoder.$procmux$1612_Y, Q = \encoder.state).
Adding SRST signal on $flatten\encoder.$procdff$1766 ($dff) from module experiment_event_stream (D = $flatten\encoder.$procmux$1566_Y, Q = \encoder.fault, rval = 1'0).
Adding SRST signal on $flatten\encoder.$procdff$1765 ($dff) from module experiment_event_stream (D = $flatten\encoder.$procmux$1637_Y, Q = \encoder.packet_length, rval = 7'0000000).
Adding EN signal on $auto$ff.cc:337:slice$1891 ($sdff) from module experiment_event_stream (D = $flatten\encoder.$add$src/experiment_event_packet.v:63$244_Y, Q = \encoder.packet_length).
Adding SRST signal on $flatten\encoder.$procdff$1764 ($dff) from module experiment_event_stream (D = $flatten\encoder.$2$lookahead\packet$178[511:0]$185, Q = \encoder.packet, rval = 512'00000000000000000000000000000000000000000000000000000000000000000000000000000000000000000000000000000000000000000000000000000000000000000000000000000000000000000000000000000000000000000000000000000000000000000000000000000000000000000000000000000000000000000000000000000000000000000000000000000000000000000000000000000000000000000000000000000000000000000000000000000000000000000000000000000000000000000000000000000000000000000000000000000000000000000000000000000000000000000000000000000000000000000000000000000000).
Adding EN signal on $auto$ff.cc:337:slice$1895 ($sdff) from module experiment_event_stream (D = $flatten\encoder.$2$lookahead\packet$178[511:0]$185, Q = \encoder.packet).
Setting constant 0-bit at position 135 on $auto$ff.cc:337:slice$1832 ($dffe) from module experiment_event_stream.
Setting constant 0-bit at position 136 on $auto$ff.cc:337:slice$1832 ($dffe) from module experiment_event_stream.
Setting constant 0-bit at position 137 on $auto$ff.cc:337:slice$1832 ($dffe) from module experiment_event_stream.
Setting constant 0-bit at position 138 on $auto$ff.cc:337:slice$1832 ($dffe) from module experiment_event_stream.
Setting constant 0-bit at position 139 on $auto$ff.cc:337:slice$1832 ($dffe) from module experiment_event_stream.
Setting constant 0-bit at position 140 on $auto$ff.cc:337:slice$1832 ($dffe) from module experiment_event_stream.
Setting constant 0-bit at position 141 on $auto$ff.cc:337:slice$1832 ($dffe) from module experiment_event_stream.
Setting constant 0-bit at position 41 on $auto$ff.cc:337:slice$1819 ($dffe) from module experiment_event_stream.
Setting constant 0-bit at position 42 on $auto$ff.cc:337:slice$1819 ($dffe) from module experiment_event_stream.
Setting constant 0-bit at position 43 on $auto$ff.cc:337:slice$1819 ($dffe) from module experiment_event_stream.
Setting constant 0-bit at position 44 on $auto$ff.cc:337:slice$1819 ($dffe) from module experiment_event_stream.
Setting constant 0-bit at position 45 on $auto$ff.cc:337:slice$1819 ($dffe) from module experiment_event_stream.
Setting constant 0-bit at position 46 on $auto$ff.cc:337:slice$1819 ($dffe) from module experiment_event_stream.
Setting constant 0-bit at position 47 on $auto$ff.cc:337:slice$1819 ($dffe) from module experiment_event_stream.
Setting constant 0-bit at position 57 on $auto$ff.cc:337:slice$1819 ($dffe) from module experiment_event_stream.
Setting constant 0-bit at position 58 on $auto$ff.cc:337:slice$1819 ($dffe) from module experiment_event_stream.
Setting constant 0-bit at position 59 on $auto$ff.cc:337:slice$1819 ($dffe) from module experiment_event_stream.
Setting constant 0-bit at position 60 on $auto$ff.cc:337:slice$1819 ($dffe) from module experiment_event_stream.
Setting constant 0-bit at position 61 on $auto$ff.cc:337:slice$1819 ($dffe) from module experiment_event_stream.
Setting constant 0-bit at position 62 on $auto$ff.cc:337:slice$1819 ($dffe) from module experiment_event_stream.
Setting constant 0-bit at position 63 on $auto$ff.cc:337:slice$1819 ($dffe) from module experiment_event_stream.
Setting constant 0-bit at position 96 on $auto$ff.cc:337:slice$1819 ($dffe) from module experiment_event_stream.
Setting constant 0-bit at position 97 on $auto$ff.cc:337:slice$1819 ($dffe) from module experiment_event_stream.
Setting constant 0-bit at position 98 on $auto$ff.cc:337:slice$1819 ($dffe) from module experiment_event_stream.
Setting constant 0-bit at position 99 on $auto$ff.cc:337:slice$1819 ($dffe) from module experiment_event_stream.
Setting constant 0-bit at position 100 on $auto$ff.cc:337:slice$1819 ($dffe) from module experiment_event_stream.
Setting constant 0-bit at position 101 on $auto$ff.cc:337:slice$1819 ($dffe) from module experiment_event_stream.
Setting constant 0-bit at position 102 on $auto$ff.cc:337:slice$1819 ($dffe) from module experiment_event_stream.
Setting constant 0-bit at position 104 on $auto$ff.cc:337:slice$1819 ($dffe) from module experiment_event_stream.
Setting constant 0-bit at position 105 on $auto$ff.cc:337:slice$1819 ($dffe) from module experiment_event_stream.
Setting constant 0-bit at position 106 on $auto$ff.cc:337:slice$1819 ($dffe) from module experiment_event_stream.
Setting constant 0-bit at position 107 on $auto$ff.cc:337:slice$1819 ($dffe) from module experiment_event_stream.
Setting constant 0-bit at position 112 on $auto$ff.cc:337:slice$1819 ($dffe) from module experiment_event_stream.
Setting constant 0-bit at position 114 on $auto$ff.cc:337:slice$1819 ($dffe) from module experiment_event_stream.
Setting constant 0-bit at position 120 on $auto$ff.cc:337:slice$1819 ($dffe) from module experiment_event_stream.
Setting constant 0-bit at position 122 on $auto$ff.cc:337:slice$1819 ($dffe) from module experiment_event_stream.
Setting constant 0-bit at position 123 on $auto$ff.cc:337:slice$1819 ($dffe) from module experiment_event_stream.
Setting constant 0-bit at position 124 on $auto$ff.cc:337:slice$1819 ($dffe) from module experiment_event_stream.
Setting constant 0-bit at position 125 on $auto$ff.cc:337:slice$1819 ($dffe) from module experiment_event_stream.
Setting constant 0-bit at position 126 on $auto$ff.cc:337:slice$1819 ($dffe) from module experiment_event_stream.
Setting constant 0-bit at position 127 on $auto$ff.cc:337:slice$1819 ($dffe) from module experiment_event_stream.

3.14.7. Executing OPT_CLEAN pass (remove unused cells and wires).
Finding unused cells or wires in module \experiment_event_stream..
Removed 46 unused cells and 46 unused wires.
<suppressed ~47 debug messages>

3.14.8. Executing OPT_EXPR pass (perform const folding).
Optimizing module experiment_event_stream.
<suppressed ~3 debug messages>

3.14.9. Rerunning OPT passes. (Maybe there is more to do..)

3.14.10. Executing OPT_MUXTREE pass (detect dead branches in mux trees).
Running muxtree optimizer on module \experiment_event_stream..
  Creating internal representation of mux trees.
  Evaluating internal representation of mux trees.
  Analyzing evaluation results.
Removed 0 multiplexer ports.
<suppressed ~161 debug messages>

3.14.11. Executing OPT_REDUCE pass (consolidate $*mux and $reduce_* inputs).
  Optimizing cells in module \experiment_event_stream.
Performed a total of 0 changes.

3.14.12. Executing OPT_MERGE pass (detect identical cells).
Finding identical cells in module `\experiment_event_stream'.
Computing hashes of 334 cells of `\experiment_event_stream'.
Finding duplicate cells in `\experiment_event_stream'.
Computing hashes of 312 cells of `\experiment_event_stream'.
Finding duplicate cells in `\experiment_event_stream'.
Computing hashes of 307 cells of `\experiment_event_stream'.
Finding duplicate cells in `\experiment_event_stream'.
<suppressed ~81 debug messages>
Removed a total of 27 cells.

3.14.13. Executing OPT_DFF pass (perform DFF optimizations).

3.14.14. Executing OPT_CLEAN pass (remove unused cells and wires).
Finding unused cells or wires in module \experiment_event_stream..
Removed 0 unused cells and 27 unused wires.
<suppressed ~1 debug messages>

3.14.15. Executing OPT_EXPR pass (perform const folding).
Optimizing module experiment_event_stream.

3.14.16. Rerunning OPT passes. (Maybe there is more to do..)

3.14.17. Executing OPT_MUXTREE pass (detect dead branches in mux trees).
Running muxtree optimizer on module \experiment_event_stream..
  Creating internal representation of mux trees.
  Evaluating internal representation of mux trees.
  Analyzing evaluation results.
Removed 0 multiplexer ports.
<suppressed ~163 debug messages>

3.14.18. Executing OPT_REDUCE pass (consolidate $*mux and $reduce_* inputs).
  Optimizing cells in module \experiment_event_stream.
Performed a total of 0 changes.

3.14.19. Executing OPT_MERGE pass (detect identical cells).
Finding identical cells in module `\experiment_event_stream'.
Computing hashes of 307 cells of `\experiment_event_stream'.
Finding duplicate cells in `\experiment_event_stream'.
Removed a total of 0 cells.

3.14.20. Executing OPT_DFF pass (perform DFF optimizations).

3.14.21. Executing OPT_CLEAN pass (remove unused cells and wires).
Finding unused cells or wires in module \experiment_event_stream..

3.14.22. Executing OPT_EXPR pass (perform const folding).
Optimizing module experiment_event_stream.

3.14.23. Finished fast OPT passes. (There is nothing left to do.)

3.15. Executing WREDUCE pass (reducing word size of cells).
Removed top 11 bits (of 94) from FF cell experiment_event_stream.$auto$ff.cc:337:slice$1907 ($dffe).
Removed top 1 bits (of 2) from port B of cell experiment_event_stream.$auto$opt_dff.cc:351:make_patterns_logic$1881 ($ne).
Removed top 1 bits (of 2) from port B of cell experiment_event_stream.$auto$opt_dff.cc:351:make_patterns_logic$1875 ($ne).
Removed top 1 bits (of 2) from port B of cell experiment_event_stream.$auto$opt_dff.cc:351:make_patterns_logic$1853 ($ne).
Removed top 1 bits (of 2) from port B of cell experiment_event_stream.$auto$opt_dff.cc:351:make_patterns_logic$1851 ($ne).
Removed top 30 bits (of 32) from port A of cell experiment_event_stream.$add$src/experiment_event_stream.v:46$12 ($add).
Removed top 2 bits (of 3) from port B of cell experiment_event_stream.$add$src/experiment_event_stream.v:46$12 ($add).
Removed top 29 bits (of 32) from port Y of cell experiment_event_stream.$add$src/experiment_event_stream.v:46$12 ($add).
Removed top 29 bits (of 32) from mux cell experiment_event_stream.$ternary$src/experiment_event_stream.v:46$13 ($mux).
Removed top 29 bits (of 32) from mux cell experiment_event_stream.$ternary$src/experiment_event_stream.v:46$14 ($mux).
Removed top 23 bits (of 32) from mux cell experiment_event_stream.$ternary$src/experiment_event_stream.v:47$16 ($mux).
Removed top 24 bits (of 32) from mux cell experiment_event_stream.$ternary$src/experiment_event_stream.v:48$18 ($mux).
Removed top 31 bits (of 32) from mux cell experiment_event_stream.$ternary$src/experiment_event_stream.v:49$19 ($mux).
Removed top 24 bits (of 32) from mux cell experiment_event_stream.$ternary$src/experiment_event_stream.v:49$21 ($mux).
Removed top 24 bits (of 32) from mux cell experiment_event_stream.$ternary$src/experiment_event_stream.v:49$22 ($mux).
Removed top 24 bits (of 32) from mux cell experiment_event_stream.$ternary$src/experiment_event_stream.v:50$24 ($mux).
Removed top 26 bits (of 32) from mux cell experiment_event_stream.$ternary$src/experiment_event_stream.v:53$29 ($mux).
Removed top 26 bits (of 32) from mux cell experiment_event_stream.$ternary$src/experiment_event_stream.v:53$30 ($mux).
Removed top 28 bits (of 32) from port B of cell experiment_event_stream.$gt$src/experiment_event_stream.v:54$32 ($gt).
Removed top 27 bits (of 32) from mux cell experiment_event_stream.$ternary$src/experiment_event_stream.v:54$35 ($mux).
Removed top 27 bits (of 32) from mux cell experiment_event_stream.$ternary$src/experiment_event_stream.v:54$36 ($mux).
Removed top 27 bits (of 32) from mux cell experiment_event_stream.$ternary$src/experiment_event_stream.v:54$37 ($mux).
Removed top 7 bits (of 216) from mux cell experiment_event_stream.$ternary$src/experiment_event_stream.v:55$38 ($mux).
Removed top 7 bits (of 216) from mux cell experiment_event_stream.$ternary$src/experiment_event_stream.v:55$39 ($mux).
Removed cell experiment_event_stream.$ternary$src/experiment_event_stream.v:77$54 ($mux).
Removed top 7 bits (of 8) from mux cell experiment_event_stream.$flatten\encoder.$procmux$633 ($mux).
Removed top 1 bits (of 2) from port B of cell experiment_event_stream.$flatten\encoder.$procmux$614_CMP0 ($eq).
Removed top 21 bits (of 32) from port B of cell experiment_event_stream.$flatten\encoder.$shiftx$src/experiment_event_packet.v:69$261 ($shiftx).
Removed top 22 bits (of 33) from port A of cell experiment_event_stream.$flatten\encoder.$neg$src/experiment_event_packet.v:68$251 ($neg).
Converting cell experiment_event_stream.$flatten\encoder.$neg$src/experiment_event_packet.v:68$251 ($neg) from signed to unsigned.
Removed top 1 bits (of 11) from port A of cell experiment_event_stream.$flatten\encoder.$neg$src/experiment_event_packet.v:68$251 ($neg).
Removed top 1 bits (of 7) from port A of cell experiment_event_stream.$flatten\encoder.$add$src/experiment_event_packet.v:63$244 ($add).
Removed top 27 bits (of 32) from port A of cell experiment_event_stream.$flatten\encoder.$ge$src/experiment_event_packet.v:62$242 ($ge).
Removed top 27 bits (of 32) from port A of cell experiment_event_stream.$flatten\encoder.$ge$src/experiment_event_packet.v:62$240 ($ge).
Removed top 27 bits (of 32) from port A of cell experiment_event_stream.$flatten\encoder.$ge$src/experiment_event_packet.v:62$238 ($ge).
Removed top 27 bits (of 32) from port A of cell experiment_event_stream.$flatten\encoder.$ge$src/experiment_event_packet.v:62$236 ($ge).
Removed top 27 bits (of 32) from port A of cell experiment_event_stream.$flatten\encoder.$ge$src/experiment_event_packet.v:62$234 ($ge).
Removed top 27 bits (of 32) from port A of cell experiment_event_stream.$flatten\encoder.$ge$src/experiment_event_packet.v:62$232 ($ge).
Removed top 27 bits (of 32) from port A of cell experiment_event_stream.$flatten\encoder.$ge$src/experiment_event_packet.v:62$230 ($ge).
Removed top 27 bits (of 32) from port A of cell experiment_event_stream.$flatten\encoder.$ge$src/experiment_event_packet.v:62$228 ($ge).
Removed top 27 bits (of 32) from port A of cell experiment_event_stream.$flatten\encoder.$ge$src/experiment_event_packet.v:62$226 ($ge).
Removed top 27 bits (of 32) from port A of cell experiment_event_stream.$flatten\encoder.$ge$src/experiment_event_packet.v:62$224 ($ge).
Removed top 27 bits (of 32) from port A of cell experiment_event_stream.$flatten\encoder.$ge$src/experiment_event_packet.v:62$222 ($ge).
Removed top 28 bits (of 32) from port A of cell experiment_event_stream.$flatten\encoder.$ge$src/experiment_event_packet.v:62$220 ($ge).
Removed top 28 bits (of 32) from port A of cell experiment_event_stream.$flatten\encoder.$ge$src/experiment_event_packet.v:62$218 ($ge).
Removed top 28 bits (of 32) from port A of cell experiment_event_stream.$flatten\encoder.$ge$src/experiment_event_packet.v:62$216 ($ge).
Removed top 28 bits (of 32) from port A of cell experiment_event_stream.$flatten\encoder.$ge$src/experiment_event_packet.v:62$214 ($ge).
Removed top 28 bits (of 32) from port A of cell experiment_event_stream.$flatten\encoder.$ge$src/experiment_event_packet.v:62$212 ($ge).
Removed top 28 bits (of 32) from port A of cell experiment_event_stream.$flatten\encoder.$ge$src/experiment_event_packet.v:62$210 ($ge).
Removed top 28 bits (of 32) from port A of cell experiment_event_stream.$flatten\encoder.$ge$src/experiment_event_packet.v:62$208 ($ge).
Removed top 28 bits (of 32) from port A of cell experiment_event_stream.$flatten\encoder.$ge$src/experiment_event_packet.v:62$206 ($ge).
Removed top 29 bits (of 32) from port A of cell experiment_event_stream.$flatten\encoder.$ge$src/experiment_event_packet.v:62$204 ($ge).
Removed top 29 bits (of 32) from port A of cell experiment_event_stream.$flatten\encoder.$ge$src/experiment_event_packet.v:62$202 ($ge).
Removed top 29 bits (of 32) from port A of cell experiment_event_stream.$flatten\encoder.$ge$src/experiment_event_packet.v:62$200 ($ge).
Removed top 29 bits (of 32) from port A of cell experiment_event_stream.$flatten\encoder.$ge$src/experiment_event_packet.v:62$198 ($ge).
Removed top 30 bits (of 32) from port A of cell experiment_event_stream.$flatten\encoder.$ge$src/experiment_event_packet.v:62$196 ($ge).
Removed top 30 bits (of 32) from port A of cell experiment_event_stream.$flatten\encoder.$ge$src/experiment_event_packet.v:62$194 ($ge).
Removed top 31 bits (of 32) from port A of cell experiment_event_stream.$flatten\encoder.$ge$src/experiment_event_packet.v:62$192 ($ge).
Removed top 31 bits (of 32) from port A of cell experiment_event_stream.$flatten\encoder.$ge$src/experiment_event_packet.v:62$190 ($ge).
Removed top 2 bits (of 8) from port A of cell experiment_event_stream.$flatten\encoder.$add$src/experiment_event_packet.v:59$189 ($add).
Removed top 3 bits (of 8) from port B of cell experiment_event_stream.$flatten\encoder.$add$src/experiment_event_packet.v:59$189 ($add).
Removed top 1 bits (of 8) from port Y of cell experiment_event_stream.$flatten\encoder.$add$src/experiment_event_packet.v:59$189 ($add).
Removed top 28 bits (of 32) from port B of cell experiment_event_stream.$flatten\encoder.$le$src/experiment_event_packet.v:44$161 ($le).
Removed top 3 bits (of 6) from port B of cell experiment_event_stream.$flatten\encoder.$eq$src/experiment_event_packet.v:42$150 ($eq).
Removed top 31 bits (of 32) from port B of cell experiment_event_stream.$flatten\encoder.$le$src/experiment_event_packet.v:41$147 ($le).
Removed top 26 bits (of 32) from port B of cell experiment_event_stream.$flatten\encoder.$le$src/experiment_event_packet.v:41$146 ($le).
Removed top 1 bits (of 3) from port B of cell experiment_event_stream.$flatten\encoder.$eq$src/experiment_event_packet.v:41$145 ($eq).
Removed top 2 bits (of 3) from port B of cell experiment_event_stream.$flatten\encoder.$eq$src/experiment_event_packet.v:39$139 ($eq).
Removed top 28 bits (of 32) from port B of cell experiment_event_stream.$flatten\encoder.$le$src/experiment_event_packet.v:38$135 ($le).
Removed top 29 bits (of 32) from port B of cell experiment_event_stream.$flatten\encoder.$ge$src/experiment_event_packet.v:38$134 ($ge).
Removed top 29 bits (of 32) from port B of cell experiment_event_stream.$flatten\encoder.$le$src/experiment_event_packet.v:36$122 ($le).
Removed top 28 bits (of 32) from port B of cell experiment_event_stream.$flatten\encoder.$le$src/experiment_event_packet.v:34$112 ($le).
Removed top 29 bits (of 32) from port B of cell experiment_event_stream.$flatten\encoder.$ge$src/experiment_event_packet.v:34$111 ($ge).
Removed top 7 bits (of 8) from port B of cell experiment_event_stream.$flatten\encoder.$eq$src/experiment_event_packet.v:34$109 ($eq).
Removed top 30 bits (of 32) from port B of cell experiment_event_stream.$flatten\encoder.$le$src/experiment_event_packet.v:33$104 ($le).
Removed top 7 bits (of 8) from port A of cell experiment_event_stream.$flatten\encoder.$le$src/experiment_event_packet.v:31$100 ($le).
Removed top 31 bits (of 32) from port B of cell experiment_event_stream.$flatten\encoder.$le$src/experiment_event_packet.v:31$100 ($le).
Removed top 26 bits (of 32) from mux cell experiment_event_stream.$flatten\encoder.$ternary$src/experiment_event_packet.v:28$94 ($mux).
Removed top 26 bits (of 32) from mux cell experiment_event_stream.$flatten\encoder.$ternary$src/experiment_event_packet.v:28$93 ($mux).
Removed top 26 bits (of 32) from mux cell experiment_event_stream.$flatten\encoder.$ternary$src/experiment_event_packet.v:28$92 ($mux).
Removed top 26 bits (of 32) from mux cell experiment_event_stream.$flatten\encoder.$ternary$src/experiment_event_packet.v:29$91 ($mux).
Removed top 26 bits (of 32) from mux cell experiment_event_stream.$flatten\encoder.$ternary$src/experiment_event_packet.v:29$90 ($mux).
Removed top 28 bits (of 32) from port B of cell experiment_event_stream.$flatten\encoder.$gt$src/experiment_event_packet.v:29$88 ($gt).
Removed top 1 bits (of 3) from port B of cell experiment_event_stream.$flatten\encoder.$eq$src/experiment_event_packet.v:27$80 ($eq).
Removed top 1 bits (of 8) from wire experiment_event_stream.$flatten\encoder.$add$src/experiment_event_packet.v:59$189_Y.
Removed top 26 bits (of 32) from wire experiment_event_stream.$flatten\encoder.$ternary$src/experiment_event_packet.v:28$93_Y.
Removed top 26 bits (of 32) from wire experiment_event_stream.$flatten\encoder.$ternary$src/experiment_event_packet.v:28$92_Y.
Removed top 26 bits (of 32) from wire experiment_event_stream.$flatten\encoder.$ternary$src/experiment_event_packet.v:29$91_Y.
Removed top 26 bits (of 32) from wire experiment_event_stream.$flatten\encoder.$ternary$src/experiment_event_packet.v:29$90_Y.
Removed top 7 bits (of 8) from wire experiment_event_stream.$flatten\encoder.$31$lookahead\packet$178[503:496]$243.
Removed top 7 bits (of 216) from wire experiment_event_stream.$ternary$src/experiment_event_stream.v:55$38_Y.
Removed top 27 bits (of 32) from wire experiment_event_stream.$ternary$src/experiment_event_stream.v:54$36_Y.
Removed top 27 bits (of 32) from wire experiment_event_stream.$ternary$src/experiment_event_stream.v:54$35_Y.
Removed top 26 bits (of 32) from wire experiment_event_stream.$ternary$src/experiment_event_stream.v:53$29_Y.
Removed top 24 bits (of 32) from wire experiment_event_stream.$ternary$src/experiment_event_stream.v:49$21_Y.
Removed top 31 bits (of 32) from wire experiment_event_stream.$ternary$src/experiment_event_stream.v:49$19_Y.
Removed top 29 bits (of 32) from wire experiment_event_stream.$ternary$src/experiment_event_stream.v:46$13_Y.
Removed top 29 bits (of 32) from wire experiment_event_stream.$add$src/experiment_event_stream.v:46$12_Y.
Removed top 7 bits (of 216) from wire experiment_event_stream.data.

3.16. Executing PEEPOPT pass (run peephole optimizers).
shiftpow2 pattern in experiment_event_stream: shift=$flatten\encoder.$shiftx$src/experiment_event_packet.v:69$261, index=\encoder.index, stride=8, width=8, ways=128

3.17. Executing OPT_CLEAN pass (remove unused cells and wires).
Finding unused cells or wires in module \experiment_event_stream..
Removed 0 unused cells and 24 unused wires.
<suppressed ~1 debug messages>

3.18. Executing SHARE pass (SAT-based resource sharing).

3.19. Executing ALUMACC pass (create $alu and $macc cells).
Extracting $alu and $macc cells in module experiment_event_stream:
  creating $macc model for $flatten\encoder.$add$src/experiment_event_packet.v:69$262 ($add).
  creating $macc model for $flatten\encoder.$add$src/experiment_event_packet.v:69$263 ($add).
  creating $macc model for $flatten\encoder.$add$src/experiment_event_packet.v:63$244 ($add).
  creating $macc model for $flatten\encoder.$sub$src/experiment_event_packet.v:67$245 ($sub).
  creating $macc model for $flatten\encoder.$neg$src/experiment_event_packet.v:68$251 ($neg).
  creating $macc model for $flatten\encoder.$add$src/experiment_event_packet.v:59$189 ($add).
  creating $macc model for $add$src/experiment_event_stream.v:46$12 ($add).
  creating $alu model for $macc $add$src/experiment_event_stream.v:46$12.
  creating $alu model for $macc $flatten\encoder.$add$src/experiment_event_packet.v:59$189.
  creating $alu model for $macc $flatten\encoder.$neg$src/experiment_event_packet.v:68$251.
  creating $alu model for $macc $flatten\encoder.$sub$src/experiment_event_packet.v:67$245.
  creating $alu model for $macc $flatten\encoder.$add$src/experiment_event_packet.v:63$244.
  creating $alu model for $macc $flatten\encoder.$add$src/experiment_event_packet.v:69$263.
  creating $alu model for $macc $flatten\encoder.$add$src/experiment_event_packet.v:69$262.
  creating $alu model for $flatten\encoder.$ge$src/experiment_event_packet.v:62$230 ($ge): new $alu
  creating $alu model for $flatten\encoder.$ge$src/experiment_event_packet.v:62$232 ($ge): new $alu
  creating $alu model for $flatten\encoder.$le$src/experiment_event_packet.v:34$112 ($le): new $alu
  creating $alu model for $flatten\encoder.$ge$src/experiment_event_packet.v:34$111 ($ge): new $alu
  creating $alu model for $flatten\encoder.$le$src/experiment_event_packet.v:44$161 ($le): new $alu
  creating $alu model for $flatten\encoder.$ge$src/experiment_event_packet.v:62$234 ($ge): new $alu
  creating $alu model for $flatten\encoder.$ge$src/experiment_event_packet.v:62$236 ($ge): new $alu
  creating $alu model for $flatten\encoder.$ge$src/experiment_event_packet.v:62$238 ($ge): new $alu
  creating $alu model for $flatten\encoder.$ge$src/experiment_event_packet.v:62$240 ($ge): new $alu
  creating $alu model for $flatten\encoder.$gt$src/experiment_event_packet.v:37$130 ($gt): new $alu
  creating $alu model for $flatten\encoder.$ge$src/experiment_event_packet.v:62$242 ($ge): new $alu
  creating $alu model for $flatten\encoder.$le$src/experiment_event_packet.v:36$122 ($le): new $alu
  creating $alu model for $flatten\encoder.$le$src/experiment_event_packet.v:41$146 ($le): new $alu
  creating $alu model for $flatten\encoder.$le$src/experiment_event_packet.v:41$147 ($le): new $alu
  creating $alu model for $flatten\encoder.$le$src/experiment_event_packet.v:33$107 ($le): new $alu
  creating $alu model for $flatten\encoder.$ge$src/experiment_event_packet.v:33$105 ($ge): new $alu
  creating $alu model for $flatten\encoder.$le$src/experiment_event_packet.v:33$104 ($le): new $alu
  creating $alu model for $flatten\encoder.$ge$src/experiment_event_packet.v:62$190 ($ge): new $alu
  creating $alu model for $flatten\encoder.$le$src/experiment_event_packet.v:31$100 ($le): new $alu
  creating $alu model for $flatten\encoder.$ge$src/experiment_event_packet.v:30$96 ($ge): new $alu
  creating $alu model for $flatten\encoder.$ge$src/experiment_event_packet.v:30$95 ($ge): new $alu
  creating $alu model for $flatten\encoder.$ge$src/experiment_event_packet.v:62$192 ($ge): new $alu
  creating $alu model for $flatten\encoder.$ge$src/experiment_event_packet.v:62$194 ($ge): new $alu
  creating $alu model for $flatten\encoder.$ge$src/experiment_event_packet.v:62$196 ($ge): new $alu
  creating $alu model for $flatten\encoder.$ge$src/experiment_event_packet.v:62$198 ($ge): new $alu
  creating $alu model for $flatten\encoder.$ge$src/experiment_event_packet.v:62$200 ($ge): new $alu
  creating $alu model for $flatten\encoder.$ge$src/experiment_event_packet.v:62$202 ($ge): new $alu
  creating $alu model for $flatten\encoder.$ge$src/experiment_event_packet.v:62$204 ($ge): new $alu
  creating $alu model for $flatten\encoder.$ge$src/experiment_event_packet.v:62$206 ($ge): new $alu
  creating $alu model for $flatten\encoder.$ge$src/experiment_event_packet.v:62$208 ($ge): new $alu
  creating $alu model for $flatten\encoder.$ge$src/experiment_event_packet.v:38$134 ($ge): new $alu
  creating $alu model for $flatten\encoder.$le$src/experiment_event_packet.v:38$135 ($le): new $alu
  creating $alu model for $flatten\encoder.$ge$src/experiment_event_packet.v:36$125 ($ge): merged with $flatten\encoder.$gt$src/experiment_event_packet.v:37$130.
  creating $alu model for $flatten\encoder.$ge$src/experiment_event_packet.v:62$210 ($ge): new $alu
  creating $alu model for $flatten\encoder.$ge$src/experiment_event_packet.v:62$212 ($ge): new $alu
  creating $alu model for $flatten\encoder.$ge$src/experiment_event_packet.v:62$214 ($ge): new $alu
  creating $alu model for $flatten\encoder.$ge$src/experiment_event_packet.v:62$216 ($ge): new $alu
  creating $alu model for $gt$src/experiment_event_stream.v:54$32 ($gt): new $alu
  creating $alu model for $flatten\encoder.$ge$src/experiment_event_packet.v:62$218 ($ge): new $alu
  creating $alu model for $flatten\encoder.$ge$src/experiment_event_packet.v:62$220 ($ge): new $alu
  creating $alu model for $flatten\encoder.$ge$src/experiment_event_packet.v:62$222 ($ge): new $alu
  creating $alu model for $flatten\encoder.$gt$src/experiment_event_packet.v:29$88 ($gt): new $alu
  creating $alu model for $flatten\encoder.$ge$src/experiment_event_packet.v:62$224 ($ge): new $alu
  creating $alu model for $flatten\encoder.$ge$src/experiment_event_packet.v:62$226 ($ge): new $alu
  creating $alu model for $flatten\encoder.$ge$src/experiment_event_packet.v:62$228 ($ge): new $alu
  creating $alu model for $flatten\encoder.$eq$src/experiment_event_packet.v:37$128 ($eq): merged with $flatten\encoder.$le$src/experiment_event_packet.v:36$122.
  creating $alu model for $flatten\encoder.$eq$src/experiment_event_packet.v:45$169 ($eq): merged with $flatten\encoder.$gt$src/experiment_event_packet.v:37$130.
  creating $alu model for $flatten\encoder.$ne$src/experiment_event_packet.v:46$173 ($ne): merged with $flatten\encoder.$le$src/experiment_event_packet.v:36$122.
  creating $alu cell for $flatten\encoder.$ge$src/experiment_event_packet.v:62$228: $auto$alumacc.cc:548:replace_alu$1969
  creating $alu cell for $flatten\encoder.$ge$src/experiment_event_packet.v:62$226: $auto$alumacc.cc:548:replace_alu$1982
  creating $alu cell for $flatten\encoder.$ge$src/experiment_event_packet.v:62$224: $auto$alumacc.cc:548:replace_alu$1995
  creating $alu cell for $flatten\encoder.$gt$src/experiment_event_packet.v:29$88: $auto$alumacc.cc:548:replace_alu$2008
  creating $alu cell for $flatten\encoder.$ge$src/experiment_event_packet.v:62$222: $auto$alumacc.cc:548:replace_alu$2019
  creating $alu cell for $flatten\encoder.$ge$src/experiment_event_packet.v:62$220: $auto$alumacc.cc:548:replace_alu$2032
  creating $alu cell for $flatten\encoder.$ge$src/experiment_event_packet.v:62$218: $auto$alumacc.cc:548:replace_alu$2045
  creating $alu cell for $gt$src/experiment_event_stream.v:54$32: $auto$alumacc.cc:548:replace_alu$2058
  creating $alu cell for $flatten\encoder.$ge$src/experiment_event_packet.v:62$216: $auto$alumacc.cc:548:replace_alu$2069
  creating $alu cell for $flatten\encoder.$ge$src/experiment_event_packet.v:62$214: $auto$alumacc.cc:548:replace_alu$2082
  creating $alu cell for $flatten\encoder.$ge$src/experiment_event_packet.v:62$212: $auto$alumacc.cc:548:replace_alu$2095
  creating $alu cell for $flatten\encoder.$ge$src/experiment_event_packet.v:62$210: $auto$alumacc.cc:548:replace_alu$2108
  creating $alu cell for $flatten\encoder.$le$src/experiment_event_packet.v:38$135: $auto$alumacc.cc:548:replace_alu$2121
  creating $alu cell for $flatten\encoder.$ge$src/experiment_event_packet.v:38$134: $auto$alumacc.cc:548:replace_alu$2130
  creating $alu cell for $flatten\encoder.$ge$src/experiment_event_packet.v:62$208: $auto$alumacc.cc:548:replace_alu$2143
  creating $alu cell for $flatten\encoder.$ge$src/experiment_event_packet.v:62$206: $auto$alumacc.cc:548:replace_alu$2156
  creating $alu cell for $flatten\encoder.$ge$src/experiment_event_packet.v:62$204: $auto$alumacc.cc:548:replace_alu$2169
  creating $alu cell for $flatten\encoder.$ge$src/experiment_event_packet.v:62$202: $auto$alumacc.cc:548:replace_alu$2182
  creating $alu cell for $flatten\encoder.$ge$src/experiment_event_packet.v:62$200: $auto$alumacc.cc:548:replace_alu$2195
  creating $alu cell for $flatten\encoder.$ge$src/experiment_event_packet.v:62$198: $auto$alumacc.cc:548:replace_alu$2208
  creating $alu cell for $flatten\encoder.$ge$src/experiment_event_packet.v:62$196: $auto$alumacc.cc:548:replace_alu$2221
  creating $alu cell for $flatten\encoder.$ge$src/experiment_event_packet.v:62$194: $auto$alumacc.cc:548:replace_alu$2234
  creating $alu cell for $flatten\encoder.$ge$src/experiment_event_packet.v:62$192: $auto$alumacc.cc:548:replace_alu$2247
  creating $alu cell for $flatten\encoder.$ge$src/experiment_event_packet.v:30$95: $auto$alumacc.cc:548:replace_alu$2260
  creating $alu cell for $flatten\encoder.$ge$src/experiment_event_packet.v:30$96: $auto$alumacc.cc:548:replace_alu$2273
  creating $alu cell for $flatten\encoder.$le$src/experiment_event_packet.v:31$100: $auto$alumacc.cc:548:replace_alu$2286
  creating $alu cell for $flatten\encoder.$ge$src/experiment_event_packet.v:62$190: $auto$alumacc.cc:548:replace_alu$2295
  creating $alu cell for $flatten\encoder.$le$src/experiment_event_packet.v:33$104: $auto$alumacc.cc:548:replace_alu$2308
  creating $alu cell for $flatten\encoder.$ge$src/experiment_event_packet.v:33$105: $auto$alumacc.cc:548:replace_alu$2317
  creating $alu cell for $flatten\encoder.$le$src/experiment_event_packet.v:33$107: $auto$alumacc.cc:548:replace_alu$2330
  creating $alu cell for $flatten\encoder.$le$src/experiment_event_packet.v:41$147: $auto$alumacc.cc:548:replace_alu$2339
  creating $alu cell for $flatten\encoder.$le$src/experiment_event_packet.v:41$146: $auto$alumacc.cc:548:replace_alu$2348
  creating $alu cell for $flatten\encoder.$le$src/experiment_event_packet.v:36$122, $flatten\encoder.$eq$src/experiment_event_packet.v:37$128, $flatten\encoder.$ne$src/experiment_event_packet.v:46$173: $auto$alumacc.cc:548:replace_alu$2357
  creating $alu cell for $flatten\encoder.$ge$src/experiment_event_packet.v:62$242: $auto$alumacc.cc:548:replace_alu$2368
  creating $alu cell for $flatten\encoder.$gt$src/experiment_event_packet.v:37$130, $flatten\encoder.$ge$src/experiment_event_packet.v:36$125, $flatten\encoder.$eq$src/experiment_event_packet.v:45$169: $auto$alumacc.cc:548:replace_alu$2381
  creating $alu cell for $flatten\encoder.$ge$src/experiment_event_packet.v:62$240: $auto$alumacc.cc:548:replace_alu$2394
  creating $alu cell for $flatten\encoder.$ge$src/experiment_event_packet.v:62$238: $auto$alumacc.cc:548:replace_alu$2407
  creating $alu cell for $flatten\encoder.$ge$src/experiment_event_packet.v:62$236: $auto$alumacc.cc:548:replace_alu$2420
  creating $alu cell for $flatten\encoder.$ge$src/experiment_event_packet.v:62$234: $auto$alumacc.cc:548:replace_alu$2433
  creating $alu cell for $flatten\encoder.$le$src/experiment_event_packet.v:44$161: $auto$alumacc.cc:548:replace_alu$2446
  creating $alu cell for $flatten\encoder.$ge$src/experiment_event_packet.v:34$111: $auto$alumacc.cc:548:replace_alu$2455
  creating $alu cell for $flatten\encoder.$le$src/experiment_event_packet.v:34$112: $auto$alumacc.cc:548:replace_alu$2468
  creating $alu cell for $flatten\encoder.$ge$src/experiment_event_packet.v:62$232: $auto$alumacc.cc:548:replace_alu$2477
  creating $alu cell for $flatten\encoder.$ge$src/experiment_event_packet.v:62$230: $auto$alumacc.cc:548:replace_alu$2490
  creating $alu cell for $flatten\encoder.$add$src/experiment_event_packet.v:69$262: $auto$alumacc.cc:548:replace_alu$2503
  creating $alu cell for $flatten\encoder.$add$src/experiment_event_packet.v:69$263: $auto$alumacc.cc:548:replace_alu$2506
  creating $alu cell for $flatten\encoder.$add$src/experiment_event_packet.v:63$244: $auto$alumacc.cc:548:replace_alu$2509
  creating $alu cell for $flatten\encoder.$sub$src/experiment_event_packet.v:67$245: $auto$alumacc.cc:548:replace_alu$2512
  creating $alu cell for $flatten\encoder.$neg$src/experiment_event_packet.v:68$251: $auto$alumacc.cc:548:replace_alu$2515
  creating $alu cell for $flatten\encoder.$add$src/experiment_event_packet.v:59$189: $auto$alumacc.cc:548:replace_alu$2518
  creating $alu cell for $add$src/experiment_event_stream.v:46$12: $auto$alumacc.cc:548:replace_alu$2521
  created 51 $alu and 0 $macc cells.

3.20. Executing OPT pass (performing simple optimizations).

3.20.1. Executing OPT_EXPR pass (perform const folding).
Optimizing module experiment_event_stream.
<suppressed ~2 debug messages>

3.20.2. Executing OPT_MERGE pass (detect identical cells).
Finding identical cells in module `\experiment_event_stream'.
Computing hashes of 502 cells of `\experiment_event_stream'.
Finding duplicate cells in `\experiment_event_stream'.
Removed a total of 0 cells.

3.20.3. Executing OPT_MUXTREE pass (detect dead branches in mux trees).
Running muxtree optimizer on module \experiment_event_stream..
  Creating internal representation of mux trees.
  Evaluating internal representation of mux trees.
  Analyzing evaluation results.
Removed 0 multiplexer ports.
<suppressed ~161 debug messages>

3.20.4. Executing OPT_REDUCE pass (consolidate $*mux and $reduce_* inputs).
  Optimizing cells in module \experiment_event_stream.
Performed a total of 0 changes.

3.20.5. Executing OPT_MERGE pass (detect identical cells).
Finding identical cells in module `\experiment_event_stream'.
Computing hashes of 502 cells of `\experiment_event_stream'.
Finding duplicate cells in `\experiment_event_stream'.
Removed a total of 0 cells.

3.20.6. Executing OPT_DFF pass (perform DFF optimizations).
Setting constant 0-bit at position 128 on $auto$ff.cc:337:slice$1908 ($dffe) from module experiment_event_stream.
Setting constant 0-bit at position 129 on $auto$ff.cc:337:slice$1908 ($dffe) from module experiment_event_stream.
Setting constant 0-bit at position 130 on $auto$ff.cc:337:slice$1908 ($dffe) from module experiment_event_stream.
Setting constant 0-bit at position 131 on $auto$ff.cc:337:slice$1908 ($dffe) from module experiment_event_stream.
Setting constant 0-bit at position 132 on $auto$ff.cc:337:slice$1908 ($dffe) from module experiment_event_stream.
Setting constant 0-bit at position 133 on $auto$ff.cc:337:slice$1908 ($dffe) from module experiment_event_stream.

3.20.7. Executing OPT_CLEAN pass (remove unused cells and wires).
Finding unused cells or wires in module \experiment_event_stream..
Removed 1 unused cells and 50 unused wires.
<suppressed ~2 debug messages>

3.20.8. Executing OPT_EXPR pass (perform const folding).
Optimizing module experiment_event_stream.

3.20.9. Rerunning OPT passes. (Maybe there is more to do..)

3.20.10. Executing OPT_MUXTREE pass (detect dead branches in mux trees).
Running muxtree optimizer on module \experiment_event_stream..
  Creating internal representation of mux trees.
  Evaluating internal representation of mux trees.
  Analyzing evaluation results.
Removed 0 multiplexer ports.
<suppressed ~161 debug messages>

3.20.11. Executing OPT_REDUCE pass (consolidate $*mux and $reduce_* inputs).
  Optimizing cells in module \experiment_event_stream.
Performed a total of 0 changes.

3.20.12. Executing OPT_MERGE pass (detect identical cells).
Finding identical cells in module `\experiment_event_stream'.
Computing hashes of 501 cells of `\experiment_event_stream'.
Finding duplicate cells in `\experiment_event_stream'.
Removed a total of 0 cells.

3.20.13. Executing OPT_DFF pass (perform DFF optimizations).

3.20.14. Executing OPT_CLEAN pass (remove unused cells and wires).
Finding unused cells or wires in module \experiment_event_stream..

3.20.15. Executing OPT_EXPR pass (perform const folding).
Optimizing module experiment_event_stream.

3.20.16. Finished fast OPT passes. (There is nothing left to do.)

3.21. Executing MEMORY pass.

3.21.1. Executing OPT_MEM pass (optimize memories).
Performed a total of 0 transformations.

3.21.2. Executing OPT_MEM_PRIORITY pass (removing unnecessary memory write priority relations).
Performed a total of 0 transformations.

3.21.3. Executing OPT_MEM_FEEDBACK pass (finding memory read-to-write feedback paths).

3.21.4. Executing MEMORY_BMUX2ROM pass (converting muxes to ROMs).

3.21.5. Executing MEMORY_DFF pass (merging $dff cells to $memrd).

3.21.6. Executing OPT_CLEAN pass (remove unused cells and wires).
Finding unused cells or wires in module \experiment_event_stream..

3.21.7. Executing MEMORY_SHARE pass (consolidating $memrd/$memwr cells).

3.21.8. Executing OPT_MEM_WIDEN pass (optimize memories where all ports are wide).
Performed a total of 0 transformations.

3.21.9. Executing OPT_CLEAN pass (remove unused cells and wires).
Finding unused cells or wires in module \experiment_event_stream..

3.21.10. Executing MEMORY_COLLECT pass (generating $mem cells).

3.22. Executing OPT_CLEAN pass (remove unused cells and wires).
Finding unused cells or wires in module \experiment_event_stream..

3.23. Executing MEMORY_LIBMAP pass (mapping memories to cells).

3.24. Executing TECHMAP pass (map to technology primitives).

3.24.1. Executing Verilog-2005 frontend: /Users/elliot/.local/opt/oss-cad-suite/libexec/../share/yosys/gowin/lutrams_map.v
Parsing Verilog input from `/Users/elliot/.local/opt/oss-cad-suite/libexec/../share/yosys/gowin/lutrams_map.v' to AST representation.
Generating RTLIL representation for module `$__GOWIN_LUTRAM_'.
Successfully finished Verilog frontend.

3.24.2. Executing Verilog-2005 frontend: /Users/elliot/.local/opt/oss-cad-suite/libexec/../share/yosys/gowin/brams_map.v
Parsing Verilog input from `/Users/elliot/.local/opt/oss-cad-suite/libexec/../share/yosys/gowin/brams_map.v' to AST representation.
Generating RTLIL representation for module `$__GOWIN_SP_'.
Generating RTLIL representation for module `$__GOWIN_DP_'.
Generating RTLIL representation for module `$__GOWIN_SDP_'.
Successfully finished Verilog frontend.

3.24.3. Continuing TECHMAP pass.
No more expansions possible.
<suppressed ~6 debug messages>

3.25. Executing OPT pass (performing simple optimizations).

3.25.1. Executing OPT_EXPR pass (perform const folding).
Optimizing module experiment_event_stream.
<suppressed ~66 debug messages>

3.25.2. Executing OPT_MERGE pass (detect identical cells).
Finding identical cells in module `\experiment_event_stream'.
Computing hashes of 499 cells of `\experiment_event_stream'.
Finding duplicate cells in `\experiment_event_stream'.
Computing hashes of 476 cells of `\experiment_event_stream'.
Finding duplicate cells in `\experiment_event_stream'.
<suppressed ~69 debug messages>
Removed a total of 23 cells.

3.25.3. Executing OPT_DFF pass (perform DFF optimizations).
Adding SRST signal on $auto$ff.cc:337:slice$1847 ($dffe) from module experiment_event_stream (D = $flatten\encoder.$procmux$1578_Y, Q = \encoder.sum, rval = 8'00000000).

3.25.4. Executing OPT_CLEAN pass (remove unused cells and wires).
Finding unused cells or wires in module \experiment_event_stream..
Removed 5 unused cells and 56 unused wires.
<suppressed ~6 debug messages>

3.25.5. Rerunning OPT passes. (Removed registers in this run.)

3.25.6. Executing OPT_EXPR pass (perform const folding).
Optimizing module experiment_event_stream.

3.25.7. Executing OPT_MERGE pass (detect identical cells).
Finding identical cells in module `\experiment_event_stream'.
Computing hashes of 471 cells of `\experiment_event_stream'.
Finding duplicate cells in `\experiment_event_stream'.
Removed a total of 0 cells.

3.25.8. Executing OPT_DFF pass (perform DFF optimizations).

3.25.9. Executing OPT_CLEAN pass (remove unused cells and wires).
Finding unused cells or wires in module \experiment_event_stream..

3.25.10. Finished fast OPT passes.

3.26. Executing MEMORY_MAP pass (converting memories to logic and flip-flops).

3.27. Executing OPT pass (performing simple optimizations).

3.27.1. Executing OPT_EXPR pass (perform const folding).
Optimizing module experiment_event_stream.

3.27.2. Executing OPT_MERGE pass (detect identical cells).
Finding identical cells in module `\experiment_event_stream'.
Computing hashes of 471 cells of `\experiment_event_stream'.
Finding duplicate cells in `\experiment_event_stream'.
Removed a total of 0 cells.

3.27.3. Executing OPT_MUXTREE pass (detect dead branches in mux trees).
Running muxtree optimizer on module \experiment_event_stream..
  Creating internal representation of mux trees.
  Evaluating internal representation of mux trees.
  Analyzing evaluation results.
Removed 0 multiplexer ports.
<suppressed ~116 debug messages>

3.27.4. Executing OPT_REDUCE pass (consolidate $*mux and $reduce_* inputs).
  Optimizing cells in module \experiment_event_stream.
    New ctrl vector for $pmux cell $flatten\encoder.$procmux$1612: { $flatten\encoder.$procmux$1532_CMP \encoder_ready }
    Consolidated identical input bits for $mux cell $ternary$src/experiment_event_stream.v:55$38:
      Old ports: A={ \terminal_data [208:200] 6'000000 \terminal_data [193:0] }, B={ 65'00000000000000000000000000000000000000000000000000000000000000000 \event_data }, Y=$auto$wreduce.cc:514:run$1915 [208:0]
      New ports: A={ \terminal_data [208:200] \terminal_data [193:0] }, B={ 59'00000000000000000000000000000000000000000000000000000000000 \event_data }, Y={ $auto$wreduce.cc:514:run$1915 [208:200] $auto$wreduce.cc:514:run$1915 [193:0] }
      New connections: $auto$wreduce.cc:514:run$1915 [199:194] = 6'000000
  Optimizing cells in module \experiment_event_stream.
    Consolidated identical input bits for $mux cell $ternary$src/experiment_event_stream.v:55$39:
      Old ports: A=$auto$wreduce.cc:514:run$1915 [208:0], B={ 87'000000000000000000000000000000000000000000000000000000000000000000000000000000000000000 \start_data [103] 1'0 \start_data [103] \start_data [103] \start_data [103] \start_data [103] \start_data [103] 1'0 \start_data [103] 1'0 \start_data [103] \start_data [103] \start_data [103] \start_data [103] 4'0000 \start_data [103] 7'0000000 \start_data [95:64] 7'0000000 \start_data [56:48] 7'0000000 \start_data [40:0] }, Y=\data
      New ports: A={ $auto$wreduce.cc:514:run$1915 [208:200] $auto$wreduce.cc:514:run$1915 [193:0] }, B={ 81'000000000000000000000000000000000000000000000000000000000000000000000000000000000 \start_data [103] 1'0 \start_data [103] \start_data [103] \start_data [103] \start_data [103] \start_data [103] 1'0 \start_data [103] 1'0 \start_data [103] \start_data [103] \start_data [103] \start_data [103] 4'0000 \start_data [103] 7'0000000 \start_data [95:64] 7'0000000 \start_data [56:48] 7'0000000 \start_data [40:0] }, Y={ \data [208:200] \data [193:0] }
      New connections: \data [199:194] = 6'000000
  Optimizing cells in module \experiment_event_stream.
    Consolidated identical input bits for $mux cell $flatten\encoder.$procmux$667:
      Old ports: A=\data [199:192], B=8'00000000, Y=$flatten\encoder.$29$lookahead\packet$178[487:480]$239
      New ports: A=\data [193:192], B=2'00, Y=$flatten\encoder.$29$lookahead\packet$178[487:480]$239 [1:0]
      New connections: $flatten\encoder.$29$lookahead\packet$178[487:480]$239 [7:2] = 6'000000
  Optimizing cells in module \experiment_event_stream.
Performed a total of 4 changes.

3.27.5. Executing OPT_MERGE pass (detect identical cells).
Finding identical cells in module `\experiment_event_stream'.
Computing hashes of 471 cells of `\experiment_event_stream'.
Finding duplicate cells in `\experiment_event_stream'.
Removed a total of 0 cells.

3.27.6. Executing OPT_DFF pass (perform DFF optimizations).

3.27.7. Executing OPT_CLEAN pass (remove unused cells and wires).
Finding unused cells or wires in module \experiment_event_stream..

3.27.8. Executing OPT_EXPR pass (perform const folding).
Optimizing module experiment_event_stream.
<suppressed ~1 debug messages>

3.27.9. Rerunning OPT passes. (Maybe there is more to do..)

3.27.10. Executing OPT_MUXTREE pass (detect dead branches in mux trees).
Running muxtree optimizer on module \experiment_event_stream..
  Creating internal representation of mux trees.
  Evaluating internal representation of mux trees.
  Analyzing evaluation results.
Removed 0 multiplexer ports.
<suppressed ~116 debug messages>

3.27.11. Executing OPT_REDUCE pass (consolidate $*mux and $reduce_* inputs).
  Optimizing cells in module \experiment_event_stream.
Performed a total of 0 changes.

3.27.12. Executing OPT_MERGE pass (detect identical cells).
Finding identical cells in module `\experiment_event_stream'.
Computing hashes of 471 cells of `\experiment_event_stream'.
Finding duplicate cells in `\experiment_event_stream'.
Removed a total of 0 cells.

3.27.13. Executing OPT_DFF pass (perform DFF optimizations).

3.27.14. Executing OPT_CLEAN pass (remove unused cells and wires).
Finding unused cells or wires in module \experiment_event_stream..

3.27.15. Executing OPT_EXPR pass (perform const folding).
Optimizing module experiment_event_stream.

3.27.16. Finished fast OPT passes. (There is nothing left to do.)

3.28. Executing TECHMAP pass (map to technology primitives).

3.28.1. Executing Verilog-2005 frontend: /Users/elliot/.local/opt/oss-cad-suite/libexec/../share/yosys/techmap.v
Parsing Verilog input from `/Users/elliot/.local/opt/oss-cad-suite/libexec/../share/yosys/techmap.v' to AST representation.
Generating RTLIL representation for module `\_90_simplemap_bool_ops'.
Generating RTLIL representation for module `\_90_simplemap_reduce_ops'.
Generating RTLIL representation for module `\_90_simplemap_logic_ops'.
Generating RTLIL representation for module `\_90_simplemap_compare_ops'.
Generating RTLIL representation for module `\_90_simplemap_various'.
Generating RTLIL representation for module `\_90_simplemap_registers'.
Generating RTLIL representation for module `\_90_shift_ops_shr_shl_sshl_sshr'.
Generating RTLIL representation for module `\_90_shift_shiftx'.
Generating RTLIL representation for module `\_90_fa'.
Generating RTLIL representation for module `\_90_lcu_brent_kung'.
Generating RTLIL representation for module `\_90_alu'.
Generating RTLIL representation for module `\_90_macc'.
Generating RTLIL representation for module `\_90_alumacc'.
Generating RTLIL representation for module `$__div_mod_u'.
Generating RTLIL representation for module `$__div_mod_trunc'.
Generating RTLIL representation for module `\_90_div'.
Generating RTLIL representation for module `\_90_mod'.
Generating RTLIL representation for module `$__div_mod_floor'.
Generating RTLIL representation for module `\_90_divfloor'.
Generating RTLIL representation for module `\_90_modfloor'.
Generating RTLIL representation for module `\_90_pow'.
Generating RTLIL representation for module `\_90_demux'.
Generating RTLIL representation for module `\_90_lut'.
Generating RTLIL representation for module `$connect'.
Generating RTLIL representation for module `$input_port'.
Successfully finished Verilog frontend.

3.28.2. Executing Verilog-2005 frontend: /Users/elliot/.local/opt/oss-cad-suite/libexec/../share/yosys/gowin/arith_map.v
Parsing Verilog input from `/Users/elliot/.local/opt/oss-cad-suite/libexec/../share/yosys/gowin/arith_map.v' to AST representation.
Generating RTLIL representation for module `\_80_gw1n_alu'.
Successfully finished Verilog frontend.

3.28.3. Continuing TECHMAP pass.
Using extmapper simplemap for cells of type $sdffce.
Using extmapper simplemap for cells of type $not.
Using extmapper simplemap for cells of type $dffe.
Using template $paramod$b3c20b05d9b1fc2c940ef2f6c917486aead042e8\_80_gw1n_alu for cells of type $alu.
Using template $paramod$85346e2bb785dcf893ec7ec8ecc1994519d951c8\_80_gw1n_alu for cells of type $alu.
Using template $paramod$40ec39fdbb40e313957832362e47914160e3dfcb\_80_gw1n_alu for cells of type $alu.
Using template $paramod$10ed987432f06055e5279101f9ec60a49861b43c\_80_gw1n_alu for cells of type $alu.
Using template $paramod$103b4016182df467cceab67bcf3e18e6361ec0fd\_80_gw1n_alu for cells of type $alu.
Using template $paramod$a1bc51c02ce12ac21eb18988e83292af48ed7d72\_80_gw1n_alu for cells of type $alu.
Using extmapper simplemap for cells of type $reduce_or.
Using extmapper simplemap for cells of type $or.
Using extmapper simplemap for cells of type $reduce_and.
Using template $paramod$b18e16801adf491a64caa0542270798e5d4ac6b6\_80_gw1n_alu for cells of type $alu.
Using template $paramod$740b056ede97228d3eae64ea2fdc81f0a33e0fe7\_80_gw1n_alu for cells of type $alu.
Using template $paramod$75108d6e8d490ab2eec24aee458e87cb2a6c124c\_80_gw1n_alu for cells of type $alu.
Using template $paramod$a04dd9d4d8b430140c4ff94b50470fb380fda2a0\_80_gw1n_alu for cells of type $alu.
Using template $paramod$dc04b7d98e503a7bab16fce2df70e6e2c5ca34d6\_80_gw1n_alu for cells of type $alu.
Using template $paramod$7e708ae28ab761f11d0fb59d3ffc72f6a4baf5d9\_90_alu for cells of type $alu.
Using template $paramod$039520c137afc9cd69dd56c3fb11a4e1fbe5f664\_80_gw1n_alu for cells of type $alu.
Using template $paramod$fc972a7a46956c1788f3cb5257b53c8f1df2d0cc\_90_alu for cells of type $alu.
Using template $paramod$403a3c2fa431a154c52a6a5429d7a6260b5d144f\_80_gw1n_alu for cells of type $alu.
Using template $paramod$672a140277c71df8314410f22acc08d55222c3c7\_80_gw1n_alu for cells of type $alu.
Using template $paramod$6b90a16b6f3b57b9c9d958838204f952a01dc262\_80_gw1n_alu for cells of type $alu.
Using template $paramod$3ac6e4268d0279df14823f25676acf685165517e\_80_gw1n_alu for cells of type $alu.
Using template $paramod$7af24cf7f572852703f08ef7a936c59efa2c57af\_80_gw1n_alu for cells of type $alu.
Using template $paramod$03eba0cdd46566f6651a3011e0b5671fa6b5e494\_80_gw1n_alu for cells of type $alu.
Using template $paramod$f85408ed1aa3d09e465edae8a7bf590332ae9f7b\_80_gw1n_alu for cells of type $alu.
Using template $paramod$d1615bf4e5e328245ffd1550e5fe105901cda77b\_90_alu for cells of type $alu.
Using template $paramod$83dd457849c736323edf2edb15923eb27f99c683\_80_gw1n_alu for cells of type $alu.
Using template $paramod$1a3a0c35c4a4896fbfd612699525c057298e72d2\_80_gw1n_alu for cells of type $alu.
Using template $paramod$79fc7abbb3333dbd5736999d565fd903198fb1eb\_80_gw1n_alu for cells of type $alu.
Using template $paramod$ed40eaed6d7865a5f6e873e7da3aa6067d71cfbb\_80_gw1n_alu for cells of type $alu.
Using template $paramod$adbaf76fa5a3091a329503792521395f8ff4d1a4\_90_alu for cells of type $alu.
Using template $paramod$78e969f2586efcf3a5b0b0440bcca0db83d5cca2\_80_gw1n_alu for cells of type $alu.
Using extmapper simplemap for cells of type $bmux.
Using extmapper simplemap for cells of type $sdffe.
Using extmapper simplemap for cells of type $sdff.
Using extmapper simplemap for cells of type $ne.
Using extmapper simplemap for cells of type $reduce_bool.
Using extmapper simplemap for cells of type $logic_and.
Using extmapper simplemap for cells of type $logic_not.
Using extmapper simplemap for cells of type $logic_or.
Using extmapper simplemap for cells of type $mux.
Using extmapper simplemap for cells of type $eq.
Using extmapper simplemap for cells of type $pmux.
Using template $paramod$constmap:b91c81247bc485e1b204a74411b951929304bbb5$paramod$729053c34d920e18d2192295dbd881988fd62a6c\_90_shift_shiftx for cells of type $shift.
Using extmapper simplemap for cells of type $and.
Analyzing pattern of constant bits for this cell:
  Constant input on bit 0 of port A: 1'1
  Constant input on bit 1 of port A: 1'1
  Constant input on bit 2 of port A: 1'1
  Constant input on bit 3 of port A: 1'1
  Constant input on bit 4 of port A: 1'1
  Constant input on bit 5 of port A: 1'1
  Constant input on bit 6 of port A: 1'1
  Constant input on bit 7 of port A: 1'1
Creating constmapped module `$paramod$constmap:cd60aba434edd453c45ccf214f4b52ee3936d62e$paramod$729053c34d920e18d2192295dbd881988fd62a6c\_90_shift_shiftx'.

3.28.69. Executing OPT_MUXTREE pass (detect dead branches in mux trees).
Running muxtree optimizer on module $paramod$constmap:cd60aba434edd453c45ccf214f4b52ee3936d62e$paramod$729053c34d920e18d2192295dbd881988fd62a6c\_90_shift_shiftx..
  Creating internal representation of mux trees.
  Evaluating internal representation of mux trees.
  Analyzing evaluation results.
    dead port 2/2 on $mux $procmux$8153.
    dead port 2/2 on $mux $procmux$8159.
    dead port 2/2 on $mux $procmux$8165.
    dead port 2/2 on $mux $procmux$8171.
    dead port 2/2 on $mux $procmux$8177.
    dead port 2/2 on $mux $procmux$8183.
    dead port 2/2 on $mux $procmux$8189.
    dead port 2/2 on $mux $procmux$8195.
    dead port 2/2 on $mux $procmux$8201.
    dead port 2/2 on $mux $procmux$8207.
Removed 10 multiplexer ports.
<suppressed ~1638 debug messages>

3.28.70. Executing OPT_EXPR pass (perform const folding).
Optimizing module $paramod$constmap:cd60aba434edd453c45ccf214f4b52ee3936d62e$paramod$729053c34d920e18d2192295dbd881988fd62a6c\_90_shift_shiftx.
<suppressed ~24 debug messages>
Removed 0 unused cells and 15 unused wires.
Using template $paramod$constmap:cd60aba434edd453c45ccf214f4b52ee3936d62e$paramod$729053c34d920e18d2192295dbd881988fd62a6c\_90_shift_shiftx for cells of type $shift.
Using extmapper simplemap for cells of type $pos.
Using extmapper simplemap for cells of type $xor.
Using template $paramod\_90_fa\WIDTH=32'00000000000000000000000000000001 for cells of type $fa.
Using template $paramod\_90_lcu_brent_kung\WIDTH=32'00000000000000000000000000000001 for cells of type $lcu.
Using template $paramod\_90_fa\WIDTH=32'00000000000000000000000000000010 for cells of type $fa.
Using template $paramod\_90_lcu_brent_kung\WIDTH=32'00000000000000000000000000000010 for cells of type $lcu.
No more expansions possible.
<suppressed ~1236 debug messages>

3.29. Executing OPT pass (performing simple optimizations).

3.29.1. Executing OPT_EXPR pass (perform const folding).
Optimizing module experiment_event_stream.
<suppressed ~35042 debug messages>

3.29.2. Executing OPT_MERGE pass (detect identical cells).
Finding identical cells in module `\experiment_event_stream'.
Computing hashes of 11537 cells of `\experiment_event_stream'.
Finding duplicate cells in `\experiment_event_stream'.
Computing hashes of 11264 cells of `\experiment_event_stream'.
Finding duplicate cells in `\experiment_event_stream'.
Computing hashes of 11203 cells of `\experiment_event_stream'.
Finding duplicate cells in `\experiment_event_stream'.
Computing hashes of 11182 cells of `\experiment_event_stream'.
Finding duplicate cells in `\experiment_event_stream'.
Computing hashes of 11173 cells of `\experiment_event_stream'.
Finding duplicate cells in `\experiment_event_stream'.
Computing hashes of 11172 cells of `\experiment_event_stream'.
Finding duplicate cells in `\experiment_event_stream'.
Computing hashes of 11171 cells of `\experiment_event_stream'.
Finding duplicate cells in `\experiment_event_stream'.
Computing hashes of 11170 cells of `\experiment_event_stream'.
Finding duplicate cells in `\experiment_event_stream'.
Computing hashes of 11169 cells of `\experiment_event_stream'.
Finding duplicate cells in `\experiment_event_stream'.
Computing hashes of 11168 cells of `\experiment_event_stream'.
Finding duplicate cells in `\experiment_event_stream'.
Computing hashes of 11167 cells of `\experiment_event_stream'.
Finding duplicate cells in `\experiment_event_stream'.
Computing hashes of 11166 cells of `\experiment_event_stream'.
Finding duplicate cells in `\experiment_event_stream'.
Computing hashes of 11165 cells of `\experiment_event_stream'.
Finding duplicate cells in `\experiment_event_stream'.
Computing hashes of 11164 cells of `\experiment_event_stream'.
Finding duplicate cells in `\experiment_event_stream'.
Computing hashes of 11163 cells of `\experiment_event_stream'.
Finding duplicate cells in `\experiment_event_stream'.
Computing hashes of 11162 cells of `\experiment_event_stream'.
Finding duplicate cells in `\experiment_event_stream'.
Computing hashes of 11161 cells of `\experiment_event_stream'.
Finding duplicate cells in `\experiment_event_stream'.
Computing hashes of 11160 cells of `\experiment_event_stream'.
Finding duplicate cells in `\experiment_event_stream'.
Computing hashes of 11159 cells of `\experiment_event_stream'.
Finding duplicate cells in `\experiment_event_stream'.
Computing hashes of 11158 cells of `\experiment_event_stream'.
Finding duplicate cells in `\experiment_event_stream'.
Computing hashes of 11157 cells of `\experiment_event_stream'.
Finding duplicate cells in `\experiment_event_stream'.
Computing hashes of 11156 cells of `\experiment_event_stream'.
Finding duplicate cells in `\experiment_event_stream'.
Computing hashes of 11155 cells of `\experiment_event_stream'.
Finding duplicate cells in `\experiment_event_stream'.
<suppressed ~1146 debug messages>
Removed a total of 382 cells.

3.29.3. Executing OPT_DFF pass (perform DFF optimizations).

3.29.4. Executing OPT_CLEAN pass (remove unused cells and wires).
Finding unused cells or wires in module \experiment_event_stream..
Removed 1087 unused cells and 2307 unused wires.
<suppressed ~1088 debug messages>

3.29.5. Finished fast OPT passes.

3.30. Executing IOPADMAP pass (mapping inputs/outputs to IO-PAD cells).
Mapping port experiment_event_stream.fault using OBUF.
Mapping port experiment_event_stream.busy using OBUF.
Mapping port experiment_event_stream.packet_length using OBUF.
Mapping port experiment_event_stream.packet using OBUF.
Mapping port experiment_event_stream.packet_ready using IBUF.
Mapping port experiment_event_stream.packet_valid using OBUF.
Mapping port experiment_event_stream.interrupted_request_ticks using IBUF.
Mapping port experiment_event_stream.interrupted_id using IBUF.
Mapping port experiment_event_stream.interrupted_kind using IBUF.
Mapping port experiment_event_stream.interrupted_request using IBUF.
Mapping port experiment_event_stream.stop_pair_ticks using IBUF.
Mapping port experiment_event_stream.stop_ticks using IBUF.
Mapping port experiment_event_stream.terminal_frame using IBUF.
Mapping port experiment_event_stream.result using IBUF.
Mapping port experiment_event_stream.terminal using IBUF.
Mapping port experiment_event_stream.event_width using IBUF.
Mapping port experiment_event_stream.event_data using IBUF.
Mapping port experiment_event_stream.event_completion_ticks using IBUF.
Mapping port experiment_event_stream.event_request_ticks using IBUF.
Mapping port experiment_event_stream.event_frame using IBUF.
Mapping port experiment_event_stream.event_error using IBUF.
Mapping port experiment_event_stream.event_sequence using IBUF.
Mapping port experiment_event_stream.event_id using IBUF.
Mapping port experiment_event_stream.event_ok using IBUF.
Mapping port experiment_event_stream.event_kind using IBUF.
Mapping port experiment_event_stream.event_ready using OBUF.
Mapping port experiment_event_stream.event_valid using IBUF.
Mapping port experiment_event_stream.start_ticks using IBUF.
Mapping port experiment_event_stream.frames using IBUF.
Mapping port experiment_event_stream.mask using IBUF.
Mapping port experiment_event_stream.period using IBUF.
Mapping port experiment_event_stream.plan_crc using IBUF.
Mapping port experiment_event_stream.run_id using IBUF.
Mapping port experiment_event_stream.start_ready using OBUF.
Mapping port experiment_event_stream.start using IBUF.
Mapping port experiment_event_stream.rst using IBUF.
Mapping port experiment_event_stream.clk using IBUF.

3.31. Executing OPT_CLEAN pass (remove unused cells and wires).
Finding unused cells or wires in module \experiment_event_stream..
Removed 0 unused cells and 7 unused wires.
<suppressed ~1 debug messages>

3.32. Executing DFFLEGALIZE pass (convert FFs to types supported by the target).

3.33. Executing TECHMAP pass (map to technology primitives).

3.33.1. Executing Verilog-2005 frontend: /Users/elliot/.local/opt/oss-cad-suite/libexec/../share/yosys/gowin/cells_map.v
Parsing Verilog input from `/Users/elliot/.local/opt/oss-cad-suite/libexec/../share/yosys/gowin/cells_map.v' to AST representation.
Generating RTLIL representation for module `$_DFF_N_'.
Generating RTLIL representation for module `$_DFF_P_'.
Generating RTLIL representation for module `$_DFFE_PP_'.
Generating RTLIL representation for module `$_DFFE_NP_'.
Generating RTLIL representation for module `$_SDFF_PP0_'.
Generating RTLIL representation for module `$_SDFF_NP0_'.
Generating RTLIL representation for module `$_SDFFE_PP0P_'.
Generating RTLIL representation for module `$_SDFFE_NP0P_'.
Generating RTLIL representation for module `$_SDFF_PP1_'.
Generating RTLIL representation for module `$_SDFF_NP1_'.
Generating RTLIL representation for module `$_SDFFE_PP1P_'.
Generating RTLIL representation for module `$_SDFFE_NP1P_'.
Generating RTLIL representation for module `$_DFF_PP1_'.
Generating RTLIL representation for module `$_DFF_NP1_'.
Generating RTLIL representation for module `$_DFF_PP0_'.
Generating RTLIL representation for module `$_DFF_NP0_'.
Generating RTLIL representation for module `$_DFFE_PP1P_'.
Generating RTLIL representation for module `$_DFFE_NP1P_'.
Generating RTLIL representation for module `$_DFFE_PP0P_'.
Generating RTLIL representation for module `$_DFFE_NP0P_'.
Generating RTLIL representation for module `$lut'.
Successfully finished Verilog frontend.

3.33.2. Continuing TECHMAP pass.
Using template $_SDFFE_PP0P_ for cells of type $_SDFFE_PP0P_.
Using template $_SDFF_PP0_ for cells of type $_SDFF_PP0_.
Using template $_DFFE_PP_ for cells of type $_DFFE_PP_.
No more expansions possible.
<suppressed ~964 debug messages>

3.34. Executing TECHMAP pass (map to technology primitives).

3.34.1. Executing Verilog-2005 frontend: /Users/elliot/.local/opt/oss-cad-suite/libexec/../share/yosys/gowin/cells_latch.v
Parsing Verilog input from `/Users/elliot/.local/opt/oss-cad-suite/libexec/../share/yosys/gowin/cells_latch.v' to AST representation.
Generating RTLIL representation for module `$_DLATCH_P_'.
Generating RTLIL representation for module `$_DLATCH_N_'.
Generating RTLIL representation for module `$_DLATCH_PP0_'.
Generating RTLIL representation for module `$_DLATCH_NP0_'.
Generating RTLIL representation for module `$_DLATCH_PP1_'.
Generating RTLIL representation for module `$_DLATCH_NP1_'.
Successfully finished Verilog frontend.

3.34.2. Continuing TECHMAP pass.
No more expansions possible.
<suppressed ~8 debug messages>

3.35. Executing OPT_EXPR pass (perform const folding).
Optimizing module experiment_event_stream.
<suppressed ~14 debug messages>

3.36. Executing SIMPLEMAP pass (map simple cells to gate primitives).

3.37. Executing SORT pass.

3.38. Executing Verilog-2005 frontend: /Users/elliot/.local/opt/oss-cad-suite/libexec/../share/yosys/abc9_model.v
Parsing Verilog input from `/Users/elliot/.local/opt/oss-cad-suite/libexec/../share/yosys/abc9_model.v' to AST representation.
Generating RTLIL representation for module `$__ABC9_DELAY'.
Generating RTLIL representation for module `$__ABC9_SCC_BREAKER'.
Generating RTLIL representation for module `$__DFF_N__$abc9_flop'.
Generating RTLIL representation for module `$__DFF_P__$abc9_flop'.
Successfully finished Verilog frontend.

3.39. Executing ABC9 pass.

3.39.1. Executing ABC9_OPS pass (helper functions for ABC9).

3.39.2. Executing ABC9_OPS pass (helper functions for ABC9).

3.39.3. Executing PROC pass (convert processes to netlists).

3.39.3.1. Executing PROC_CLEAN pass (remove empty switches from decision trees).
Found and cleaned up 1 empty switch in `$paramod\ALU\ALU_MODE=s32'00000000000000000000000000000010.$proc$/Users/elliot/.local/opt/oss-cad-suite/libexec/../share/yosys/gowin/cells_sim.v:1064$51199'.
Cleaned up 1 empty switch.

3.39.3.2. Executing PROC_RMDEAD pass (remove dead branches from decision trees).
Removed a total of 0 dead cases.

3.39.3.3. Executing PROC_PRUNE pass (remove redundant assignments in processes).
Removed 0 redundant assignments.
Promoted 4 assignments to connections.

3.39.3.4. Executing PROC_INIT pass (extract init attributes).

3.39.3.5. Executing PROC_ARST pass (detect async resets in processes).

3.39.3.6. Executing PROC_ROM pass (convert switches to ROMs).
Converted 0 switches.

3.39.3.7. Executing PROC_MUX pass (convert decision trees to multiplexers).
Creating decoders for process `$paramod\ALU\ALU_MODE=s32'00000000000000000000000000000010.$proc$/Users/elliot/.local/opt/oss-cad-suite/libexec/../share/yosys/gowin/cells_sim.v:1064$51199'.

3.39.3.8. Executing PROC_DLATCH pass (convert process syncs to latches).
No latch inferred for signal `$paramod\ALU\ALU_MODE=s32'00000000000000000000000000000010.\C' from process `$paramod\ALU\ALU_MODE=s32'00000000000000000000000000000010.$proc$/Users/elliot/.local/opt/oss-cad-suite/libexec/../share/yosys/gowin/cells_sim.v:1064$51199'.
No latch inferred for signal `$paramod\ALU\ALU_MODE=s32'00000000000000000000000000000010.\S' from process `$paramod\ALU\ALU_MODE=s32'00000000000000000000000000000010.$proc$/Users/elliot/.local/opt/oss-cad-suite/libexec/../share/yosys/gowin/cells_sim.v:1064$51199'.

3.39.3.9. Executing PROC_DFF pass (convert process syncs to FFs).

3.39.3.10. Executing PROC_MEMWR pass (convert process memory writes to cells).

3.39.3.11. Executing PROC_CLEAN pass (remove empty switches from decision trees).
Removing empty process `$paramod\ALU\ALU_MODE=s32'00000000000000000000000000000010.$proc$/Users/elliot/.local/opt/oss-cad-suite/libexec/../share/yosys/gowin/cells_sim.v:1064$51199'.
Cleaned up 0 empty switches.

3.39.4. Executing SCC pass (detecting logic loops).
Found 0 SCCs in module experiment_event_stream.
Found 0 SCCs.

3.39.5. Executing ABC9_OPS pass (helper functions for ABC9).

3.39.6. Executing TECHMAP pass (map to technology primitives).

3.39.6.1. Executing Verilog-2005 frontend: /Users/elliot/.local/opt/oss-cad-suite/libexec/../share/yosys/techmap.v
Parsing Verilog input from `/Users/elliot/.local/opt/oss-cad-suite/libexec/../share/yosys/techmap.v' to AST representation.
Generating RTLIL representation for module `\_90_simplemap_bool_ops'.
Generating RTLIL representation for module `\_90_simplemap_reduce_ops'.
Generating RTLIL representation for module `\_90_simplemap_logic_ops'.
Generating RTLIL representation for module `\_90_simplemap_compare_ops'.
Generating RTLIL representation for module `\_90_simplemap_various'.
Generating RTLIL representation for module `\_90_simplemap_registers'.
Generating RTLIL representation for module `\_90_shift_ops_shr_shl_sshl_sshr'.
Generating RTLIL representation for module `\_90_shift_shiftx'.
Generating RTLIL representation for module `\_90_fa'.
Generating RTLIL representation for module `\_90_lcu_brent_kung'.
Generating RTLIL representation for module `\_90_alu'.
Generating RTLIL representation for module `\_90_macc'.
Generating RTLIL representation for module `\_90_alumacc'.
Generating RTLIL representation for module `$__div_mod_u'.
Generating RTLIL representation for module `$__div_mod_trunc'.
Generating RTLIL representation for module `\_90_div'.
Generating RTLIL representation for module `\_90_mod'.
Generating RTLIL representation for module `$__div_mod_floor'.
Generating RTLIL representation for module `\_90_divfloor'.
Generating RTLIL representation for module `\_90_modfloor'.
Generating RTLIL representation for module `\_90_pow'.
Generating RTLIL representation for module `\_90_demux'.
Generating RTLIL representation for module `\_90_lut'.
Generating RTLIL representation for module `$connect'.
Generating RTLIL representation for module `$input_port'.
Successfully finished Verilog frontend.

3.39.6.2. Continuing TECHMAP pass.
No more expansions possible.
<suppressed ~230 debug messages>

3.39.7. Executing OPT pass (performing simple optimizations).

3.39.7.1. Executing OPT_EXPR pass (perform const folding).

3.39.7.2. Executing OPT_MERGE pass (detect identical cells).
Removed a total of 0 cells.

3.39.7.3. Executing OPT_MUXTREE pass (detect dead branches in mux trees).
Removed 0 multiplexer ports.

3.39.7.4. Executing OPT_REDUCE pass (consolidate $*mux and $reduce_* inputs).
Performed a total of 0 changes.

3.39.7.5. Executing OPT_MERGE pass (detect identical cells).
Removed a total of 0 cells.

3.39.7.6. Executing OPT_DFF pass (perform DFF optimizations).

3.39.7.7. Executing OPT_CLEAN pass (remove unused cells and wires).

3.39.7.8. Executing OPT_EXPR pass (perform const folding).

3.39.7.9. Finished fast OPT passes. (There is nothing left to do.)

3.39.8. Executing TECHMAP pass (map to technology primitives).

3.39.8.1. Executing Verilog-2005 frontend: /Users/elliot/.local/opt/oss-cad-suite/libexec/../share/yosys/abc9_map.v
Parsing Verilog input from `/Users/elliot/.local/opt/oss-cad-suite/libexec/../share/yosys/abc9_map.v' to AST representation.
Successfully finished Verilog frontend.

3.39.8.2. Continuing TECHMAP pass.
No more expansions possible.
<suppressed ~2 debug messages>

3.39.9. Executing Verilog-2005 frontend: /Users/elliot/.local/opt/oss-cad-suite/libexec/../share/yosys/abc9_model.v
Parsing Verilog input from `/Users/elliot/.local/opt/oss-cad-suite/libexec/../share/yosys/abc9_model.v' to AST representation.
Replacing existing blackbox module `$__ABC9_DELAY' at /Users/elliot/.local/opt/oss-cad-suite/libexec/../share/yosys/abc9_model.v:2.1-7.10.
Generating RTLIL representation for module `$__ABC9_DELAY'.
Replacing existing blackbox module `$__ABC9_SCC_BREAKER' at /Users/elliot/.local/opt/oss-cad-suite/libexec/../share/yosys/abc9_model.v:9.1-11.10.
Generating RTLIL representation for module `$__ABC9_SCC_BREAKER'.
Replacing existing module `$__DFF_N__$abc9_flop' at /Users/elliot/.local/opt/oss-cad-suite/libexec/../share/yosys/abc9_model.v:14.1-20.10.
Generating RTLIL representation for module `$__DFF_N__$abc9_flop'.
Replacing existing module `$__DFF_P__$abc9_flop' at /Users/elliot/.local/opt/oss-cad-suite/libexec/../share/yosys/abc9_model.v:23.1-29.10.
Generating RTLIL representation for module `$__DFF_P__$abc9_flop'.
Successfully finished Verilog frontend.

3.39.10. Executing ABC9_OPS pass (helper functions for ABC9).
<suppressed ~2496 debug messages>

3.39.11. Executing ABC9_OPS pass (helper functions for ABC9).

3.39.12. Executing ABC9_OPS pass (helper functions for ABC9).
<suppressed ~2 debug messages>

3.39.13. Executing TECHMAP pass (map to technology primitives).

3.39.13.1. Executing Verilog-2005 frontend: /Users/elliot/.local/opt/oss-cad-suite/libexec/../share/yosys/techmap.v
Parsing Verilog input from `/Users/elliot/.local/opt/oss-cad-suite/libexec/../share/yosys/techmap.v' to AST representation.
Generating RTLIL representation for module `\_90_simplemap_bool_ops'.
Generating RTLIL representation for module `\_90_simplemap_reduce_ops'.
Generating RTLIL representation for module `\_90_simplemap_logic_ops'.
Generating RTLIL representation for module `\_90_simplemap_compare_ops'.
Generating RTLIL representation for module `\_90_simplemap_various'.
Generating RTLIL representation for module `\_90_simplemap_registers'.
Generating RTLIL representation for module `\_90_shift_ops_shr_shl_sshl_sshr'.
Generating RTLIL representation for module `\_90_shift_shiftx'.
Generating RTLIL representation for module `\_90_fa'.
Generating RTLIL representation for module `\_90_lcu_brent_kung'.
Generating RTLIL representation for module `\_90_alu'.
Generating RTLIL representation for module `\_90_macc'.
Generating RTLIL representation for module `\_90_alumacc'.
Generating RTLIL representation for module `$__div_mod_u'.
Generating RTLIL representation for module `$__div_mod_trunc'.
Generating RTLIL representation for module `\_90_div'.
Generating RTLIL representation for module `\_90_mod'.
Generating RTLIL representation for module `$__div_mod_floor'.
Generating RTLIL representation for module `\_90_divfloor'.
Generating RTLIL representation for module `\_90_modfloor'.
Generating RTLIL representation for module `\_90_pow'.
Generating RTLIL representation for module `\_90_demux'.
Generating RTLIL representation for module `\_90_lut'.
Generating RTLIL representation for module `$connect'.
Generating RTLIL representation for module `$input_port'.
Successfully finished Verilog frontend.

3.39.13.2. Continuing TECHMAP pass.
Using template $paramod\ALU\ALU_MODE=s32'00000000000000000000000000000010 for cells of type $paramod\ALU\ALU_MODE=s32'00000000000000000000000000000010.
Using extmapper simplemap for cells of type $mux.
Using extmapper simplemap for cells of type $xor.
Using extmapper simplemap for cells of type $not.
No more expansions possible.
<suppressed ~239 debug messages>

3.39.14. Executing OPT pass (performing simple optimizations).

3.39.14.1. Executing OPT_EXPR pass (perform const folding).
Optimizing module experiment_event_stream.

3.39.14.2. Executing OPT_MERGE pass (detect identical cells).
Finding identical cells in module `\experiment_event_stream'.
Computing hashes of 14 cells of `\experiment_event_stream'.
Finding duplicate cells in `\experiment_event_stream'.
Removed a total of 0 cells.

3.39.14.3. Executing OPT_MUXTREE pass (detect dead branches in mux trees).
Running muxtree optimizer on module \experiment_event_stream..
  Creating internal representation of mux trees.
  No muxes found in this module.
Removed 0 multiplexer ports.

3.39.14.4. Executing OPT_REDUCE pass (consolidate $*mux and $reduce_* inputs).
  Optimizing cells in module \experiment_event_stream.
Performed a total of 0 changes.

3.39.14.5. Executing OPT_MERGE pass (detect identical cells).
Finding identical cells in module `\experiment_event_stream'.
Computing hashes of 14 cells of `\experiment_event_stream'.
Finding duplicate cells in `\experiment_event_stream'.
Removed a total of 0 cells.

3.39.14.6. Executing OPT_DFF pass (perform DFF optimizations).

3.39.14.7. Executing OPT_CLEAN pass (remove unused cells and wires).
Finding unused cells or wires in module \experiment_event_stream..
Removed 0 unused cells and 16 unused wires.
<suppressed ~1 debug messages>

3.39.14.8. Executing OPT_EXPR pass (perform const folding).
Optimizing module experiment_event_stream.

3.39.14.9. Rerunning OPT passes. (Maybe there is more to do..)

3.39.14.10. Executing OPT_MUXTREE pass (detect dead branches in mux trees).
Running muxtree optimizer on module \experiment_event_stream..
  Creating internal representation of mux trees.
  No muxes found in this module.
Removed 0 multiplexer ports.

3.39.14.11. Executing OPT_REDUCE pass (consolidate $*mux and $reduce_* inputs).
  Optimizing cells in module \experiment_event_stream.
Performed a total of 0 changes.

3.39.14.12. Executing OPT_MERGE pass (detect identical cells).
Finding identical cells in module `\experiment_event_stream'.
Computing hashes of 14 cells of `\experiment_event_stream'.
Finding duplicate cells in `\experiment_event_stream'.
Removed a total of 0 cells.

3.39.14.13. Executing OPT_DFF pass (perform DFF optimizations).

3.39.14.14. Executing OPT_CLEAN pass (remove unused cells and wires).
Finding unused cells or wires in module \experiment_event_stream..

3.39.14.15. Executing OPT_EXPR pass (perform const folding).
Optimizing module experiment_event_stream.

3.39.14.16. Finished fast OPT passes. (There is nothing left to do.)

3.39.15. Executing AIGMAP pass (map logic to AIG).
Module experiment_event_stream: replaced 5 cells with 35 new cells, skipped 9 cells.
  replaced 2 cell types:
       2 $_MUX_
       3 $_XOR_
  not replaced 2 cell types:
       1 $_NOT_
       8 $specify2

3.39.16. Executing AIGMAP pass (map logic to AIG).
Module experiment_event_stream: replaced 6643 cells with 43623 new cells, skipped 7311 cells.
  replaced 4 cell types:
    5287 $_MUX_
      82 $_ORNOT_
     850 $_OR_
     424 $_XOR_
  not replaced 11 cell types:
     997 $_AND_
    1076 $_NOT_
       1 $scopeinfo
     718 IBUF
     325 DFFE
       4 DFFR
     612 DFFRE
     524 OBUF
     560 $paramod\ALU\ALU_MODE=s32'00000000000000000000000000000010
     941 $paramod$__ABC9_DELAY\DELAY=32'00000000000000000000001001000000
    1553 $paramod$__ABC9_DELAY\DELAY=32'00000000000000000000000000111111

3.39.16.1. Executing ABC9_OPS pass (helper functions for ABC9).

3.39.16.2. Executing ABC9_OPS pass (helper functions for ABC9).

3.39.16.3. Executing XAIGER backend.
<suppressed ~952 debug messages>
Extracted 19062 AND gates and 53036 wires from module `experiment_event_stream' to a netlist network with 2901 inputs and 3543 outputs.

3.39.16.4. Executing ABC9_EXE pass (technology mapping using ABC9).

3.39.16.5. Executing ABC9.
Running ABC command: "<yosys-exe-dir>/yosys-abc" -s -f <abc-temp-dir>/abc.script 2>&1
ABC: ======== ABC command line "source <abc-temp-dir>/abc.script"
ABC: + read_lut <abc-temp-dir>/input.lut 
ABC: + read_box <abc-temp-dir>/input.box 
ABC: + &read <abc-temp-dir>/input.xaig 
ABC: + &ps 
ABC: <abc-temp-dir>/input : i/o =   2901/   3543  and =   11433  lev =   42 (5.53)  mem = 0.36 MB  box = 3054  bb = 2494
ABC: + &scorr 
ABC: Warning: The network is combinational.
ABC: + &sweep 
ABC: + &dc2 
ABC: + &dch -f -r 
ABC: + &ps 
ABC: <abc-temp-dir>/input : i/o =   2901/   3543  and =   12670  lev =   23 (2.70)  mem = 0.36 MB  ch = 1478  box = 2979  bb = 2494
ABC: cst =       0  cls =   1446  lit =    1478  unused =   16111  proof =     0
ABC: Warning: AIG with boxes has internal fanout in 0 complex flops and 2 carries.
ABC: + &if -W 500 -v 
ABC: K = 8. Memory (bytes): Truth =    0. Cut =   80. Obj =  160. Set =  816. CutMin = no
ABC: Node =   12670.  Ch =  1446.  Total mem =    4.53 MB. Peak cut mem =    0.48 MB.
ABC: P:  Del = 13290.00.  Ar =   17924.0.  Edge =    12866.  Cut =   179926.  T =     0.03 sec
ABC: P:  Del = 13189.00.  Ar =   17959.0.  Edge =    12836.  Cut =   179025.  T =     0.03 sec
ABC: P:  Del = 13189.00.  Ar =    5698.0.  Edge =    10121.  Cut =   352636.  T =     0.06 sec
ABC: F:  Del = 13189.00.  Ar =    4286.0.  Edge =     9578.  Cut =   277317.  T =     0.05 sec
ABC: A:  Del = 13188.00.  Ar =    4026.0.  Edge =     8732.  Cut =   271963.  T =     0.07 sec
ABC: A:  Del = 13188.00.  Ar =    3968.0.  Edge =     8689.  Cut =   266092.  T =     0.07 sec
ABC: Total time =     0.31 sec
ABC: + &write -n <abc-temp-dir>/output.aig 
ABC: + &mfs 
ABC: + &ps -l 
ABC: <abc-temp-dir>/input : i/o =   2901/   3543  and =    8100  lev =   31 (3.26)  mem = 0.31 MB  box = 2979  bb = 2494
ABC: Mapping (K=8)  :  lut =   2037  edge =    8134  lev =    9 (1.24)  levB =   69  mem = 0.13 MB
ABC: LUT = 2037 : 2=207 10.2 %  3=355 17.4 %  4=899 44.1 %  5=465 22.8 %  6=57 2.8 %  7=40 2.0 %  8=14 0.7 %  Ave = 3.99
ABC: Warning: AIG with boxes has internal fanout in 0 complex flops and 2 carries.
ABC: + &write -n <abc-temp-dir>/output.aig 
ABC: + &verify 
ABC: Networks are equivalent.  Time =     0.28 sec
ABC: + time 
ABC: elapse: 3.45 seconds, total: 3.45 seconds

3.39.16.6. Executing AIGER frontend.
<suppressed ~11 debug messages>
Removed 13009 unused cells and 26307 unused wires.

3.39.16.7. Executing ABC_OPS_REINTEGRATE pass (reintegrate ABC mapped design into module).
ABC RESULTS:              $lut cells:     2039
ABC RESULTS:   $paramod\ALU\ALU_MODE=s32'00000000000000000000000000000010 cells:      485
ABC RESULTS:           input signals:       75
ABC RESULTS:          output signals:     2509
<suppressed ~12963 debug messages>
Removing temp directory.

3.39.17. Executing TECHMAP pass (map to technology primitives).

3.39.17.1. Executing Verilog-2005 frontend: /Users/elliot/.local/opt/oss-cad-suite/libexec/../share/yosys/abc9_unmap.v
Parsing Verilog input from `/Users/elliot/.local/opt/oss-cad-suite/libexec/../share/yosys/abc9_unmap.v' to AST representation.
Generating RTLIL representation for module `$__DFF_x__$abc9_flop'.
Generating RTLIL representation for module `$__ABC9_SCC_BREAKER'.
Successfully finished Verilog frontend.

3.39.17.2. Continuing TECHMAP pass.
Using template $paramod\ALU\ALU_MODE=s32'00000000000000000000000000000010 for cells of type $paramod\ALU\ALU_MODE=s32'00000000000000000000000000000010.
No more expansions possible.
<suppressed ~491 debug messages>
Removed 477 unused cells and 61877 unused wires.

3.40. Executing TECHMAP pass (map to technology primitives).

3.40.1. Executing Verilog-2005 frontend: /Users/elliot/.local/opt/oss-cad-suite/libexec/../share/yosys/gowin/cells_map.v
Parsing Verilog input from `/Users/elliot/.local/opt/oss-cad-suite/libexec/../share/yosys/gowin/cells_map.v' to AST representation.
Generating RTLIL representation for module `$_DFF_N_'.
Generating RTLIL representation for module `$_DFF_P_'.
Generating RTLIL representation for module `$_DFFE_PP_'.
Generating RTLIL representation for module `$_DFFE_NP_'.
Generating RTLIL representation for module `$_SDFF_PP0_'.
Generating RTLIL representation for module `$_SDFF_NP0_'.
Generating RTLIL representation for module `$_SDFFE_PP0P_'.
Generating RTLIL representation for module `$_SDFFE_NP0P_'.
Generating RTLIL representation for module `$_SDFF_PP1_'.
Generating RTLIL representation for module `$_SDFF_NP1_'.
Generating RTLIL representation for module `$_SDFFE_PP1P_'.
Generating RTLIL representation for module `$_SDFFE_NP1P_'.
Generating RTLIL representation for module `$_DFF_PP1_'.
Generating RTLIL representation for module `$_DFF_NP1_'.
Generating RTLIL representation for module `$_DFF_PP0_'.
Generating RTLIL representation for module `$_DFF_NP0_'.
Generating RTLIL representation for module `$_DFFE_PP1P_'.
Generating RTLIL representation for module `$_DFFE_NP1P_'.
Generating RTLIL representation for module `$_DFFE_PP0P_'.
Generating RTLIL representation for module `$_DFFE_NP0P_'.
Generating RTLIL representation for module `$lut'.
Successfully finished Verilog frontend.

3.40.2. Continuing TECHMAP pass.
Using template $paramod$lut\WIDTH=32'00000000000000000000000000000010\LUT=4'0001 for cells of type $lut.
Using template $paramod$a5516fc31d1e552de2435200bb732b4d4ad63a9c$lut for cells of type $lut.
Using template $paramod$lut\WIDTH=32'00000000000000000000000000000010\LUT=4'0010 for cells of type $lut.
Using template $paramod$lut\WIDTH=32'00000000000000000000000000000011\LUT=8'00100011 for cells of type $lut.
Using template $paramod$lut\WIDTH=32'00000000000000000000000000000010\LUT=4'1110 for cells of type $lut.
Using template $paramod$lut\WIDTH=32'00000000000000000000000000000011\LUT=8'00000010 for cells of type $lut.
Using template $paramod$lut\WIDTH=32'00000000000000000000000000000010\LUT=4'1000 for cells of type $lut.
Using template $paramod$lut\WIDTH=32'00000000000000000000000000000011\LUT=8'11111000 for cells of type $lut.
Using template $paramod$lut\WIDTH=32'00000000000000000000000000000010\LUT=4'1011 for cells of type $lut.
Using template $paramod$3bd65621b3fceaf4b45a2824c0a9263829d07ddd$lut for cells of type $lut.
Using template $paramod$0f99f6e00ba5a9528d4e64eec0e603ea7d2a2f34$lut for cells of type $lut.
Using template $paramod$8cac5452d526045503c5864c3a1dac0121c7053e$lut for cells of type $lut.
Using template $paramod$34ccb0403abd26609d9a7a8ea9a44b40cc4b3caf$lut for cells of type $lut.
Using template $paramod$9d12c15405e25608417ce779d7fe1b86619365f9$lut for cells of type $lut.
Using template $paramod$lut\WIDTH=32'00000000000000000000000000000011\LUT=8'00001101 for cells of type $lut.
Using template $paramod$fc7a3c10db1213c3e7b040e486bf2f7b501c3847$lut for cells of type $lut.
Using template $paramod$f8f63b209b7230e81958663ff24fef1613156af7$lut for cells of type $lut.
Using template $paramod$lut\WIDTH=32'00000000000000000000000000000011\LUT=8'10001111 for cells of type $lut.
Using template $paramod$873c285bdccf0ac2b60d2304ea5cd14bf211d2a6$lut for cells of type $lut.
Using template $paramod$0d3ac82cf5b8a192d5ff4c23e3143360366ae882$lut for cells of type $lut.
Using template $paramod$7c085cdbf0919cd3ad402d9495d97f0d71e4db93$lut for cells of type $lut.
Using template $paramod$9ea238b3c4036add2bd96e5aaac8768e1ad77c5a$lut for cells of type $lut.
Using template $paramod$19f4fa446d94767b8a3977abee599cf6b53b2330$lut for cells of type $lut.
Using template $paramod$5fe98bdbd0a7dc7289207af7b6422d6e3571835c$lut for cells of type $lut.
Using template $paramod$lut\WIDTH=32'00000000000000000000000000000010\LUT=4'1101 for cells of type $lut.
Using template $paramod$4d6e761a7a62dc9cc597aef6e1d49cac6bdc495b$lut for cells of type $lut.
Using template $paramod$lut\WIDTH=32'00000000000000000000000000000011\LUT=8'11101100 for cells of type $lut.
Using template $paramod$5dc745bb48e2cf535179547ba13f0fe5364d6d54$lut for cells of type $lut.
Using template $paramod$lut\WIDTH=32'00000000000000000000000000000011\LUT=8'00010011 for cells of type $lut.
Using template $paramod$36d3b31afe9402bc755c50d6bca565ef1559997f$lut for cells of type $lut.
Using template $paramod$lut\WIDTH=32'00000000000000000000000000000011\LUT=8'10110011 for cells of type $lut.
Using template $paramod$5a05aceb4b3a5e65f91bcffb0fccca72a8307af8$lut for cells of type $lut.
Using template $paramod$lut\WIDTH=32'00000000000000000000000000000011\LUT=8'11111110 for cells of type $lut.
Using template $paramod$a197ef6f3b51d411ae3e5b42b5d77a606c4fb11a$lut for cells of type $lut.
Using template $paramod$703a13a751e631ef123f38f7d2125aeabec0f94c$lut for cells of type $lut.
Using template $paramod$b2192df6f90569fea4015d0a6658bdc192199f95$lut for cells of type $lut.
Using template $paramod$e5e9da8fed769f971686eed8c5eea50e61f73aaa$lut for cells of type $lut.
Using template $paramod$18368a3da11a7221c7fb674ec80ee0d0bd64b883$lut for cells of type $lut.
Using template $paramod$0a60b4fe10de3d0a09473c6417a6c06a96ba7cb8$lut for cells of type $lut.
Using template $paramod$a7e5ecd791f4c92e8b2c2d34c1f8f9b0f6d98094$lut for cells of type $lut.
Using template $paramod$c8f16510db975553c8b0be1064e8f5234175f8a8$lut for cells of type $lut.
Using template $paramod$lut\WIDTH=32'00000000000000000000000000000011\LUT=8'10101100 for cells of type $lut.
Using template $paramod$369624b024132c6d54ca5ca0dec0683515f4f203$lut for cells of type $lut.
Using template $paramod$9e394303e290a474880b56f98766417009256d93$lut for cells of type $lut.
Using template $paramod$lut\WIDTH=32'00000000000000000000000000000011\LUT=8'10111000 for cells of type $lut.
Using template $paramod$lut\WIDTH=32'00000000000000000000000000000011\LUT=8'11100100 for cells of type $lut.
Using template $paramod$56e6d8a28a52006bb4e50e077743f0a2163235af$lut for cells of type $lut.
Using template $paramod$68fe50ee5a60a0bed36b1b1843c805d7bc807f41$lut for cells of type $lut.
Using template $paramod$6b7c9c56fc2a32a479d463d5f3b0d3f4673b67f1$lut for cells of type $lut.
Using template $paramod$c1a19a87ccbbb03d43a72335db63f692ddf82cc1$lut for cells of type $lut.
Using template $paramod$e019cb14313283ce60b57907d30cf3eefa00a93d$lut for cells of type $lut.
Using template $paramod$7a0b348a7069d0c8f44afe945e212fcf3f3fd64c$lut for cells of type $lut.
Using template $paramod$9238b4f918408168668f80b2f347ff8fe515d0e4$lut for cells of type $lut.
Using template $paramod$b1680225cc6a5792caa95f54b8b3218fae21705d$lut for cells of type $lut.
Using template $paramod$4853050665c020c8d21fb1a749196950a09d9df8$lut for cells of type $lut.
Using template $paramod$153c6cdaaddbc43e6ef3facd06aa851de33910ae$lut for cells of type $lut.
Using template $paramod$lut\WIDTH=32'00000000000000000000000000000011\LUT=8'00011011 for cells of type $lut.
Using template $paramod$ea5280fce2698f0f291737e66fca69a1d9d058e1$lut for cells of type $lut.
Using template $paramod$ab8bb87959c5d7cfa27886cee1355b38e054a61a$lut for cells of type $lut.
Using template $paramod$3702268f692b8bf258e428f65d3bca4e1f76d98b$lut for cells of type $lut.
Using template $paramod$58df2c605746858c7e53492c8f57d6f1fafa12d2$lut for cells of type $lut.
Using template $paramod$068092ddede495d8462ffe530e6d91711913edbc$lut for cells of type $lut.
Using template $paramod$8c0aa4283e004d7e549a2fa42300002224408629$lut for cells of type $lut.
Using template $paramod$lut\WIDTH=32'00000000000000000000000000000011\LUT=8'00000001 for cells of type $lut.
Using template $paramod$2955ab75367a3dc9d6f50d3655eebcd4f615031f$lut for cells of type $lut.
Using template $paramod$lut\WIDTH=32'00000000000000000000000000000011\LUT=8'11011000 for cells of type $lut.
Using template $paramod$5acd13a84d91acd3eb33eb8a5b2661bd9d07c019$lut for cells of type $lut.
Using template $paramod$5a621b016c894274d07edef48c49b401a15fd796$lut for cells of type $lut.
Using template $paramod$c6a234b1fd9b047d8452094c01e2bc4b0dcb4298$lut for cells of type $lut.
Using template $paramod$0b63e97eced3280c448b19f071cf5590523c6c1a$lut for cells of type $lut.
Using template $paramod$19457468c03b53ec09024ada785c6816b7d0407d$lut for cells of type $lut.
Using template $paramod$lut\WIDTH=32'00000000000000000000000000000010\LUT=4'0100 for cells of type $lut.
Using template $paramod$15ab5c60c875d49b42e4fd905001d6b2b46ccfee$lut for cells of type $lut.
Using template $paramod$ad95e8550c09d5c30841bd39e97bc03e1669e522$lut for cells of type $lut.
Using template $paramod$571404c0889eaf57f492cb5e37f8acb5df5852f9$lut for cells of type $lut.
Using template $paramod$lut\WIDTH=32'00000000000000000000000000000011\LUT=8'10000000 for cells of type $lut.
Using template $paramod$1ff74ebb273b2e223db69cc8ea4714866d2c6440$lut for cells of type $lut.
Using template $paramod$lut\WIDTH=32'00000000000000000000000000000011\LUT=8'01000000 for cells of type $lut.
Using template $paramod$cba3910bbaf82ca9f35deb374997d5bc544fecd1$lut for cells of type $lut.
Using template $paramod$364c9ffbffac467d60dfec81bba4e18476c15602$lut for cells of type $lut.
Using template $paramod$046080ef57bcf84885ce1b45837b658e7b450e54$lut for cells of type $lut.
Using template $paramod$2713208c8364adbd0af661a2a44fb5c0ddb61fdf$lut for cells of type $lut.
Using template $paramod$30305e55a780880b9c824fe3509a4d981acb0f2b$lut for cells of type $lut.
Using template $paramod$lut\WIDTH=32'00000000000000000000000000000011\LUT=8'00000100 for cells of type $lut.
Using template $paramod$47a8214374025465e226fa66bee690ff33268a25$lut for cells of type $lut.
Using template $paramod$42631b28d876be4534929a15be8a630efb8befa4$lut for cells of type $lut.
Using template $paramod$lut\WIDTH=32'00000000000000000000000000000011\LUT=8'00110101 for cells of type $lut.
Using template $paramod$3af90af0a9b4c985f808affa612afb51285a109a$lut for cells of type $lut.
Using template $paramod$a988852add2bdce7c1dfac786401ba7c7bc832c1$lut for cells of type $lut.
Using template $paramod$29e6d4598488760861f6b73d2b7f65cb302fdcde$lut for cells of type $lut.
Using template $paramod$4385b611926e5c0509dba4de58311d325da0ff0d$lut for cells of type $lut.
Using template $paramod$60096d1cdb5f7f55fdf4ed3aab322b5c7375f61e$lut for cells of type $lut.
Using template $paramod$lut\WIDTH=32'00000000000000000000000000000011\LUT=8'10110000 for cells of type $lut.
Using template $paramod$e51a8a571bee774247b38f52d6e85fd62ae52cea$lut for cells of type $lut.
Using template $paramod$f9813472aa48e533b3838c6f2316dc2e78c66111$lut for cells of type $lut.
Using template $paramod$d6ca727e39f31d51d29072e0f33aa09c65e37336$lut for cells of type $lut.
Using template $paramod$1c55ac717e4e88cda9a9c0568f2c301a44ddb4cc$lut for cells of type $lut.
Using template $paramod$72d04cda0ad63fcea17225ad4256bc664683b513$lut for cells of type $lut.
Using template $paramod$fb5496753f4cd235e71c284b2ffee9d41a960ca2$lut for cells of type $lut.
Using template $paramod$lut\WIDTH=32'00000000000000000000000000000011\LUT=8'00010000 for cells of type $lut.
Using template $paramod$7bb8bcb6df1814f0f27b8e3b9d986798af16e5f5$lut for cells of type $lut.
Using template $paramod$lut\WIDTH=32'00000000000000000000000000000011\LUT=8'01110000 for cells of type $lut.
Using template $paramod$d4fae2c0d9ad2966369cd4e39b81c71bcd1327c9$lut for cells of type $lut.
Using template $paramod$lut\WIDTH=32'00000000000000000000000000000011\LUT=8'00111010 for cells of type $lut.
Using template $paramod$5d2a75dcd2d4c90fca15a1510e937941a10741dd$lut for cells of type $lut.
Using template $paramod$d708e7d815c6286f926bd8c3af062319e37a6ce1$lut for cells of type $lut.
Using template $paramod$b0eb7d9cf94dd67e6ed143182f84280935dc2f9e$lut for cells of type $lut.
Using template $paramod$ea6551864f583b4607cdcc1e5ab3efdedbd426f5$lut for cells of type $lut.
Using template $paramod$bd5439b060cb27ad982d6b213e16da5766401699$lut for cells of type $lut.
Using template $paramod$0d071d27f3877011b8f57bb192a0c9818b7c9cac$lut for cells of type $lut.
Using template $paramod$2ea69c779d6c1b79ac5a87b0d1523c67d5628dba$lut for cells of type $lut.
Using template $paramod$b287726797d0722f64e731f1134f7c05af8f1578$lut for cells of type $lut.
Using template $paramod$338ce46cf7ff44b9974887dd2adee6c4e0530bed$lut for cells of type $lut.
Using template $paramod$7d35f3eb4056e6484203c99fe42cfcf1dfaba704$lut for cells of type $lut.
Using template $paramod$a2354b7c592366934a8c0c9a4ccb351dbbfe3122$lut for cells of type $lut.
Using template $paramod$lut\WIDTH=32'00000000000000000000000000000011\LUT=8'10001011 for cells of type $lut.
Using template $paramod$2d5bc20486d975ad93935a66efca425d6df3f432$lut for cells of type $lut.
Using template $paramod$09452af5ff446506ce6933e409a1fd44c0b602cf$lut for cells of type $lut.
Using template $paramod$c471af5667a682bd131a5b479e58e470d1b2b7cd$lut for cells of type $lut.
Using template $paramod$ff1dc5e3601b41e07b8974202a4b2b242ec8188b$lut for cells of type $lut.
Using template $paramod$9d6e3cab137df81187bce67ea963eaacb0b7059f$lut for cells of type $lut.
Using template $paramod$2b5b19f2706fa1c1d6e4d7b568f61a63a9e399ea$lut for cells of type $lut.
Using template $paramod$ea02682c7aa20681260ec8e14ebacc5a7cb55724$lut for cells of type $lut.
Using template $paramod$8b048e0d349a5918730d232b20e6c8698bfc8162$lut for cells of type $lut.
Using template $paramod$55c8b41162bae9ccba9478b8f5fd17695513cc6c$lut for cells of type $lut.
Using template $paramod$13d8c528055b4bd8e59672497a5af329b5b0f277$lut for cells of type $lut.
Using template $paramod$32dee08328e8b29c9284c987432b771d306144c4$lut for cells of type $lut.
Using template $paramod$576843ec5da9d065ef43831af18f1bac63825d80$lut for cells of type $lut.
Using template $paramod$d617ab9eddb681746998134b59fdee1b967c4dca$lut for cells of type $lut.
Using template $paramod$0e952722f323b81001ce146b19b05d4288468578$lut for cells of type $lut.
Using template $paramod$8512f4fb47fa9596f76cdbe5b407a5b54df368e7$lut for cells of type $lut.
Using template $paramod$94c1a9fa7e56986bccbad5ea3b71a96c4a266c41$lut for cells of type $lut.
Using template $paramod$df53275f74d09da5569dcedaaa3cc1a1ab10e022$lut for cells of type $lut.
Using template $paramod$052b215f42caefcda7374ae410fcd9d29886a42b$lut for cells of type $lut.
Using template $paramod$005a84f0f93aa974a44d1cdeb63d0cf565d14a22$lut for cells of type $lut.
Using template $paramod$3170cf03349b88b5635e6c1c2df644e450ae489d$lut for cells of type $lut.
Using template $paramod$02008c14e6c33c63d13bc748d47312a2256ee64a$lut for cells of type $lut.
Using template $paramod$lut\WIDTH=32'00000000000000000000000000000011\LUT=8'00001011 for cells of type $lut.
Using template $paramod$fef639961010220782cb5dc187da065d88f69127$lut for cells of type $lut.
Using template $paramod$d21d214a5aa271f2d9da3f90f22432c0ecee130f$lut for cells of type $lut.
Using template $paramod$bba54c1ef87367812b4c15f4aed5ac70773df775$lut for cells of type $lut.
Using template $paramod$fca001e3e0b52158a872e76e56c01ec10dfbb1de$lut for cells of type $lut.
Using template $paramod$ddace04fba544e6adc4cdda6a50048ddd7c111af$lut for cells of type $lut.
Using template $paramod$93ce664d5d916d32395cab0b762b23aa3a340627$lut for cells of type $lut.
Using template $paramod$lut\WIDTH=32'00000000000000000000000000000011\LUT=8'00001001 for cells of type $lut.
Using template $paramod$968d72da71008b9f4bd5b8c3a3fb0fb58d28c807$lut for cells of type $lut.
Using template $paramod$lut\WIDTH=32'00000000000000000000000000000011\LUT=8'10010000 for cells of type $lut.
Using template $paramod$decd7d44aed8170c3826b15dbafe01496fe539f9$lut for cells of type $lut.
Using template $paramod$81d8a60fd95b1a9f9ef71c12a774ae6988cb9fd5$lut for cells of type $lut.
Using template $paramod$078e8f0958a8f2e5afab74a6ccd293d9b962aca3$lut for cells of type $lut.
Using template $paramod$lut\WIDTH=32'00000000000000000000000000000011\LUT=8'00110010 for cells of type $lut.
Using template $paramod$196726579edb85d4e8c2a3c2adef21de907fee25$lut for cells of type $lut.
Using template $paramod$e925587bf4ecdf62d2a413e634f9a9d20254e99c$lut for cells of type $lut.
Using template $paramod$779a912c2e61b008e2ba6da235f91f694eb7e6d7$lut for cells of type $lut.
Using template $paramod$cc202cd4ed7f8ba20dfee8c908983ce507207549$lut for cells of type $lut.
Using template $paramod$lut\WIDTH=32'00000000000000000000000000000011\LUT=8'01010100 for cells of type $lut.
Using template $paramod$a7dad16c080c08c1647c7e1b9706a59a123d8bcd$lut for cells of type $lut.
Using template $paramod$ba5a6ebb5cc0a96e88ac8f9aecc59b8b188b14c4$lut for cells of type $lut.
Using template $paramod$c96be6028d3be8714f6ef902b217f7ba73d77a72$lut for cells of type $lut.
Using template $paramod$6d6beead1425af15cf78b27fd9b11b41b5d4bce8$lut for cells of type $lut.
Using template $paramod$cad8f5c808e91f937dcf797b89e646787b39867a$lut for cells of type $lut.
Using template $paramod$lut\WIDTH=32'00000000000000000000000000000010\LUT=4'0110 for cells of type $lut.
Using template $paramod$bbc7d12b42996e342dc74b2731ce064394aff90c$lut for cells of type $lut.
Using template $paramod$fb7785bc4642a571e51e0aa0a4ed0c5af674b3b5$lut for cells of type $lut.
Using template $paramod$e89d087606f62300726eb9898d00f11e71618dbe$lut for cells of type $lut.
Using template $paramod$0331e023d83b8009e60defb446ce9fa640b122c7$lut for cells of type $lut.
Using template $paramod$967e361216f8e8b51bd4cfde3ef2353f13d1c89f$lut for cells of type $lut.
Using template $paramod$525425bfbe66d72ee88210d059d9a74f55ab8de8$lut for cells of type $lut.
Using template $paramod$1073b2fdf6fe04905d8e294b9de2601011a112f4$lut for cells of type $lut.
Using template $paramod$cdc5bba2585477f1744fd1f869bebc8beb23d707$lut for cells of type $lut.
Using template $paramod$a4ecc0089d61fc8f876259ae40ba112fe3ee302a$lut for cells of type $lut.
Using template $paramod$add29d13a7645bf902cff6299fdab7a10f57f3a3$lut for cells of type $lut.
Using template $paramod$8d7a8d6e3356de09670738ba85f2c6b874f6b06d$lut for cells of type $lut.
Using template $paramod$lut\WIDTH=32'00000000000000000000000000000011\LUT=8'11100000 for cells of type $lut.
Using template $paramod$fe89c52e83c5b0456317806a3190c48a5e8494e5$lut for cells of type $lut.
Using template $paramod$cd05caaf261e4148f336c0ecc488c806e4433d99$lut for cells of type $lut.
Using template $paramod$e4c85b83a9ae22f432b0ba1f1ee640cc97e8a876$lut for cells of type $lut.
Using template $paramod$lut\WIDTH=32'00000000000000000000000000000010\LUT=4'1001 for cells of type $lut.
Using template $paramod$lut\WIDTH=32'00000000000000000000000000000011\LUT=8'01111000 for cells of type $lut.
Using template $paramod$857512ea84a5fe5464efcd374b77666399ea78e1$lut for cells of type $lut.
Using template $paramod$06460b6c98d865d9ab43ed50895620409150113e$lut for cells of type $lut.
Using template $paramod$4ddd86098fad1da5f963cac660b91a6d5f8ce442$lut for cells of type $lut.
Using template $paramod$df196ed0a1da5c4a58c5e08a1dac304fd3fccaab$lut for cells of type $lut.
Using template $paramod$4af8674c866ba94025f6c1c55949434af92b1c7c$lut for cells of type $lut.
Using template $paramod$lut\WIDTH=32'00000000000000000000000000000011\LUT=8'11000100 for cells of type $lut.
Using template $paramod$097592bb16245531f0716c5ddb18d7090f9c7d9d$lut for cells of type $lut.
Using template $paramod$660a72f63d46a844bb0ddab189b65027c878fc6b$lut for cells of type $lut.
Using template $paramod$70e649cff31ac39ffa7544751d17e54df9788341$lut for cells of type $lut.
Using template $paramod$8f2fcf44ecb3880f7625fb39452eeed244caa059$lut for cells of type $lut.
Using template $paramod$64e7ae8c666352483cab76a225d6cb16a28a421e$lut for cells of type $lut.
Using template $paramod$028a9af456fc64261ec781a0f52de8afa7fb8df0$lut for cells of type $lut.
Using template $paramod$a30fedd2bde46f1147632c99bfbbaaafefbb209d$lut for cells of type $lut.
Using template $paramod$c9259688dfaffa396aaff58d59279135aa54dabb$lut for cells of type $lut.
Using template $paramod$d7ebeaef7104bab98c2de3262f04b026b127e6ce$lut for cells of type $lut.
Using template $paramod$b4f85a6321a00b090afc4e21d68e7b99eb94d149$lut for cells of type $lut.
Using template $paramod$e6fb771c4c8566932ef9751124ee6380e06f2455$lut for cells of type $lut.
Using template $paramod$8978a50f5df90502bf54627f72a174fb54e6a760$lut for cells of type $lut.
Using template $paramod$228f21f258d966dbe340b96efeb7f8a01e97418c$lut for cells of type $lut.
Using template $paramod$e0ced1f71d4392939664525b1562e52b24ac7e98$lut for cells of type $lut.
Using template $paramod$0edeb36cb64579a0f5c1bd83ad3dcf944d359318$lut for cells of type $lut.
Using template $paramod$f35b1b5525d388ebe55e5ae618df1ffae60996a2$lut for cells of type $lut.
Using template $paramod$2af40fd4ffb77dbd29437ea0cec316849622ba50$lut for cells of type $lut.
Using template $paramod$288b77e4fc8f800b506954b1ed42a7f51a58edcd$lut for cells of type $lut.
Using template $paramod$8cc1cfa7fb4903f15d364ea010ef6bf89e6983b8$lut for cells of type $lut.
Using template $paramod$1b1cc5fd1db364d1169f7be6040d60bf6fcda5af$lut for cells of type $lut.
Using template $paramod$a4170ef031fcb48b17b7a76444566f74495a729f$lut for cells of type $lut.
Using template $paramod$011998c9bc40e79d3b9378981668ce5683b7cfe4$lut for cells of type $lut.
Using template $paramod$lut\WIDTH=32'00000000000000000000000000000011\LUT=8'10000010 for cells of type $lut.
Using template $paramod$b888b70a5f7e5362c3d8df906c5f324feaeffd36$lut for cells of type $lut.
Using template $paramod$7d813eb49700f971f2635a434700eafdfa816bc3$lut for cells of type $lut.
Using template $paramod$6e9834eb4ac7ebc041fbb61092f4f21d9e6ba2b2$lut for cells of type $lut.
Using template $paramod$a64732f582ea8289cbced924e0b49666f5719dd7$lut for cells of type $lut.
Using template $paramod$53e00db2cc5908bb746f91144c3bc1c63798300c$lut for cells of type $lut.
Using template $paramod$03ec605eea503710a1874fb53753dfa110da0f59$lut for cells of type $lut.
Using template $paramod$a4df2b5be2b644499880e088a11556935f22b401$lut for cells of type $lut.
Using template $paramod$91cb247fb056e6a0bcdf498d3ff87dc4f22bd5a5$lut for cells of type $lut.
Using template $paramod$becc259aced11a050e3612af530e60a56a668068$lut for cells of type $lut.
Using template $paramod$37432c536d9ea97ec345226172f53b3e3a878c3d$lut for cells of type $lut.
Using template $paramod$070074c2e7d5551aa7425c747bcd3615b8ca1929$lut for cells of type $lut.
Using template $paramod$c363a2f3ae03f6d5b7b4288a2d7ab8dd4c1366e9$lut for cells of type $lut.
Using template $paramod$e9444eb41ca42563dd7e114c15bd541cb72521a5$lut for cells of type $lut.
Using template $paramod$33e58adf67c6b686a154c9ce8ebbc4b04b8cabc5$lut for cells of type $lut.
Using template $paramod$658b9ed803f0d3d335616d3858b53e0a2522f1e8$lut for cells of type $lut.
Using template $paramod$6e238df02989b317f10820a22773676e71120644$lut for cells of type $lut.
Using template $paramod$9bdc414229f06e785dc8fd97a243faa9336e164a$lut for cells of type $lut.
Using template $paramod$eba7de026ff587370e320127e266317dae097a89$lut for cells of type $lut.
Using template $paramod$7bb6a37e65823eeb4b38c370fec30ab082759a14$lut for cells of type $lut.
Using template $paramod$cdd736957d6a44d5da01888d64c2500dc7e904fa$lut for cells of type $lut.
Using template $paramod$c6fd174d88feab374186ff0aaa12437cb15cebf6$lut for cells of type $lut.
Using template $paramod$50ac9a51bc64f31e0f95478e9b42624d9ac22a06$lut for cells of type $lut.
Using template $paramod$4a683b4be10c1a6d5525b89916ea998cfa2aa662$lut for cells of type $lut.
Using template $paramod$ac69c7710708541f8d0406cf0e9c9f15667c806a$lut for cells of type $lut.
Using template $paramod$lut\WIDTH=32'00000000000000000000000000000011\LUT=8'00000110 for cells of type $lut.
Using template $paramod$ba7c22fadfbf9ee7abcb895a21403114111dd201$lut for cells of type $lut.
Using template $paramod$ebf53599c0ab0a1245fc2fe4b250f6577ff63610$lut for cells of type $lut.
Using template $paramod$839cf958db0f02a3a55a0253d9a88ecc2feceb0a$lut for cells of type $lut.
Using template $paramod$a6597eda4608f36e684c1dd07ed552fcbec112b2$lut for cells of type $lut.
Using template $paramod$8b08c8a55167887b1910cc7337b95d7a7dedc737$lut for cells of type $lut.
Using template $paramod$a8b2b0f3a3fd7b01c99e8d61bb72f602bd41af54$lut for cells of type $lut.
Using template $paramod$e3e4230bb990723642112b292aa705ee0cbad0d4$lut for cells of type $lut.
Using template $paramod$2d584d8ff7c6466c0efcf0ec90c578b4929314ab$lut for cells of type $lut.
Using template $paramod$2ffb6a1f60ca8386c60389baa38ddd66ea93ccf9$lut for cells of type $lut.
Using template $paramod$117141c62729363a761e182d637a831faedef3ac$lut for cells of type $lut.
Using template $paramod$4b1e538a5a768b51cd887ae9c85b10ca33c86260$lut for cells of type $lut.
Using template $paramod$1fbaed838921b17ed1403fbecea175caeed6c6a7$lut for cells of type $lut.
Using template $paramod$eced46750b43aa9efabd63e9db30cd976a863157$lut for cells of type $lut.
Using template $paramod$b9f1cc075fd5e1dc13f6aa9fc152bf79a0f71ef7$lut for cells of type $lut.
Using template $paramod$251994398653c4cf8de320f1e306e535d5d2d624$lut for cells of type $lut.
Using template $paramod$7ac360c7357a343cd5794d0ddfc14c48b1fce592$lut for cells of type $lut.
Using template $paramod$ace4b73721a12573dd45076b228e2f421be021be$lut for cells of type $lut.
Using template $paramod$5f64c6cf792d6716f4c1bc6f910eff7b0ea94e5c$lut for cells of type $lut.
Using template $paramod$0943d214e94b82db56b306e6f0ce160a38dea5b1$lut for cells of type $lut.
Using template $paramod$b98e3c2b1f36d3f13c9f8ac4b78c46669d5a36fc$lut for cells of type $lut.
Using template $paramod$73fc8499588c8698566967a1fe4350fd5ac24a04$lut for cells of type $lut.
Using template $paramod$74a12c4d30e035eeda2d34c53b77373f2b2df37a$lut for cells of type $lut.
Using template $paramod$fbed19fb84ee7c8a884778d28a96daea96245184$lut for cells of type $lut.
Using template $paramod$1b53a9695a0f80de7517b50863b438fd2b7f56da$lut for cells of type $lut.
Using template $paramod$3a0a392069bc969f34c65c546a8c56fbbb67e282$lut for cells of type $lut.
Using template $paramod$lut\WIDTH=32'00000000000000000000000000000011\LUT=8'11000111 for cells of type $lut.
Using template $paramod$lut\WIDTH=32'00000000000000000000000000000011\LUT=8'10101101 for cells of type $lut.
Using template $paramod$lut\WIDTH=32'00000000000000000000000000000011\LUT=8'01001000 for cells of type $lut.
Using template $paramod$da8506f47f742e881b922814186ffb6479b7a435$lut for cells of type $lut.
Using template $paramod$3a95875b6f09b9e975367a1e70670ec3e24b4b57$lut for cells of type $lut.
Using template $paramod$11ec7271d8e6e5aeaace08c13e4c601f10e31038$lut for cells of type $lut.
Using template $paramod$8adf7fbd410d2cc654c288d5be5f7508ee8809b0$lut for cells of type $lut.
Using template $paramod$7e9df0afb32b76fe5fce0691b8752aca650057fa$lut for cells of type $lut.
Using template $paramod$c4dc22e3781e31da25f26f5d503973e185723ec9$lut for cells of type $lut.
Using template $paramod$lut\WIDTH=32'00000000000000000000000000000011\LUT=8'00100111 for cells of type $lut.
Using template $paramod$7ce0749dbdeaa9ce252070de7eddd4abe2c0fca3$lut for cells of type $lut.
Using template $paramod$de0cfbf042671e74ccda8afd309cd5db894ca1a6$lut for cells of type $lut.
Using template $paramod$1570189312c8638b993342ee2f0fd5cfcb73dfe9$lut for cells of type $lut.
Using template $paramod$47711b14234ef4c56de3d4ee29e9259ada231330$lut for cells of type $lut.
Using template $paramod$ad787399fbb013a0c9eb924dec491de366677622$lut for cells of type $lut.
Using template $paramod$lut\WIDTH=32'00000000000000000000000000000001\LUT=2'01 for cells of type $lut.
Using template $paramod$eadb13be54e66843b6c98e8011ab5d4ba7c56eee$lut for cells of type $lut.
Using template $paramod$edc5a73130589b9210f4bdf92e14bdcacac8945d$lut for cells of type $lut.
Using template $paramod$733f55a5531d9375efc406ec64b57604c3ff67d5$lut for cells of type $lut.
Using template $paramod$b7dc4b42dccf8f040dbe94e0c50a9dae5369b418$lut for cells of type $lut.
Using template $paramod$36b7d8209200ca95c844934f9e4add2d5121b073$lut for cells of type $lut.
Using template $paramod$lut\WIDTH=32'00000000000000000000000000000011\LUT=8'00001000 for cells of type $lut.
Using template $paramod$lut\WIDTH=32'00000000000000000000000000000011\LUT=8'00001110 for cells of type $lut.
Using template $paramod$33c68c20e167baa698adc6628f5d5091c5a5925a$lut for cells of type $lut.
Using template $paramod$9d6f10107f18c4024325f1d95de2e1922b695700$lut for cells of type $lut.
Using template $paramod$lut\WIDTH=32'00000000000000000000000000000011\LUT=8'00100000 for cells of type $lut.
Using template $paramod$0b8d6fc791fa7aabae7ac8a1db71a7d15d45f7f4$lut for cells of type $lut.
Using template $paramod$ead26af0461da77b9db218ef141d053c9996871d$lut for cells of type $lut.
Using template $paramod$af1ef731f566b3541481a4cd51a8a39a9c0807e9$lut for cells of type $lut.
Using template $paramod$f9df0bb8fc3cbb332d575e165ec04d3cfd4c90ca$lut for cells of type $lut.
Using template $paramod$e6c1489ef76c6ed65a7d2b1397df50749feb7ffe$lut for cells of type $lut.
Using template $paramod$e4d6589c1d5731f0086729f21d1792362b9e4247$lut for cells of type $lut.
Using template $paramod$272652f6c6fbe9a75eff76e45cc7e2788835518b$lut for cells of type $lut.
Using template $paramod$51584f63136af673e9f20306b10726dad4bfcd2c$lut for cells of type $lut.
Using template $paramod$4524bab5c88f273f135daac5cecae6f8791c3e5f$lut for cells of type $lut.
Using template $paramod$ad4713b363bceddf24d3cbfecb8eff691677860d$lut for cells of type $lut.
Using template $paramod$cc778a82fd81ea9185402656ce1c9108e4328ce0$lut for cells of type $lut.
Using template $paramod$9bfa1906c9d8616548d31ed8afdeb10880dc4712$lut for cells of type $lut.
Using template $paramod$88bbf73d3bae4dce6ae37a3f9903995c7026b6eb$lut for cells of type $lut.
Using template $paramod$3c3b0af8e2eac0d23bb7d317e5e5990bf4c55081$lut for cells of type $lut.
Using template $paramod$059a18b83f440098c69d0c68999bb03d1f1b1ff8$lut for cells of type $lut.
Using template $paramod$59ffe52bab897387925001b1e3f9a4683865bc3e$lut for cells of type $lut.
Using template $paramod$1f919769262ca1c3a6f02d4aeaaa84c7c1023b08$lut for cells of type $lut.
Using template $paramod$9c83190cb7e48bb3a6ae53b261370c80c7b95001$lut for cells of type $lut.
Using template $paramod$02f28906c94a4e8938050076e1459fd9dea6e9e8$lut for cells of type $lut.
Using template $paramod$995ba512a447d27709010e6e3906195ddd4dff0a$lut for cells of type $lut.
Using template $paramod$5adc0744972d412a87bad377fc9b6173013074e5$lut for cells of type $lut.
Using template $paramod$7f603d05c5c43cfec03c5560870e2fac756459fd$lut for cells of type $lut.
Using template $paramod$9c155c08b930856254825e62c473bef89f4d4a1d$lut for cells of type $lut.
Using template $paramod$db3cc515e6967efc802249619c7772e9ca1c5c71$lut for cells of type $lut.
Using template $paramod$9664483609d9e726df9697364de1aad825ad3979$lut for cells of type $lut.
Using template $paramod$6d750ee364e5cb02208039f7320c0ba93cf35228$lut for cells of type $lut.
Using template $paramod$452f15f8c706f3c04afc42f217b2da610692a306$lut for cells of type $lut.
Using template $paramod$627d10d8b052c70601e52f24362b739cbfb0c392$lut for cells of type $lut.
Using template $paramod$3616f0f744d6e708165dd0ba1923a3a43d0a85df$lut for cells of type $lut.
Using template $paramod$e4e96a5dece796d779288739da28d0f9a19e7c8a$lut for cells of type $lut.
Using template $paramod$e989d887530e0ca14378b2659637cf766c348b90$lut for cells of type $lut.
Using template $paramod$3cc3d2730305c4b500c08750781441940f1eccb8$lut for cells of type $lut.
Using template $paramod$eac7ee502612457d62e471974b70426d3c28f7fd$lut for cells of type $lut.
Using template $paramod$f1963838c86ac46d9ce58267bb39205c68783b17$lut for cells of type $lut.
Using template $paramod$bd9c5ccb4e8b571f1f7871ba52786ae0a4537314$lut for cells of type $lut.
Using template $paramod$7125b224d5920c893c2dd3de98a266451c2ebe7d$lut for cells of type $lut.
Using template $paramod$42ea5333bd4b374e59bbb5d9562de1e761737d5d$lut for cells of type $lut.
Using template $paramod$c00ed77689922a7ad0acc1e9a004399b33d5ae39$lut for cells of type $lut.
Using template $paramod$a2b4ddfa3906001b2ef9f2414d79c3048f2a3a6e$lut for cells of type $lut.
Using template $paramod$fb23c52a754960eda71d5342711a769fcdad54db$lut for cells of type $lut.
Using template $paramod$347284e1f8d9eddcf6cb61d737ed388f75a44f2e$lut for cells of type $lut.
Using template $paramod$9ab788494b19b3275a195a6b8bbbbc5b8625e651$lut for cells of type $lut.
Using template $paramod$6b91293bed43caa104a13f7dddcb1f798bda655d$lut for cells of type $lut.
Using template $paramod$c3cff174e4ffd896b902866ce17be8cd1ac2aa6f$lut for cells of type $lut.
Using template $paramod$5b0bbbd2744428ba23243eb014684303584c8fc5$lut for cells of type $lut.
Using template $paramod$2ac049f4c5104860b933a794fb85361017dd1d30$lut for cells of type $lut.
Using template $paramod$692927e279b3d5c42ee4aacb287247c0b34943ed$lut for cells of type $lut.
Using template $paramod$2fdce42f8186e5f0c670be1c96c9f274ef12ce6d$lut for cells of type $lut.
Using template $paramod$5efdaa000f7c79524b13ade2f46c0dec4aa68845$lut for cells of type $lut.
Using template $paramod$770c0999b6e8b537b207902b79c4a004412d2ab1$lut for cells of type $lut.
Using template $paramod$ecb7876578e6a5ec5330ebc2686f32c741a81b84$lut for cells of type $lut.
Using template $paramod$dfcbf9b3056751f707846e1c1c93b9d8ed0006b4$lut for cells of type $lut.
Using template $paramod$5f6b72baf078fc35c13bbe56eff27bb52c9105cb$lut for cells of type $lut.
Using template $paramod$22816cac831a495a5bb65faf1cd7c2195e68a733$lut for cells of type $lut.
Using template $paramod$a537917993317fadb09291d8d620332d8a3c57f8$lut for cells of type $lut.
Using template $paramod$6671e8413b70e10d54db77f156a1a89efea42c73$lut for cells of type $lut.
Using template $paramod$c6f5ddcae50a5f39babe6dd1b2294cb41698b66e$lut for cells of type $lut.
Using template $paramod$d3664c9567e2c19ab7f06a2ac7ce87cc72c3bf27$lut for cells of type $lut.
Using template $paramod$8acd02114b97467e01ff153e9edbd0ef36d09c5b$lut for cells of type $lut.
Using template $paramod$5357deb75a2e73091c268527416d3012f861ef56$lut for cells of type $lut.
Using template $paramod$b4f5409c9cfb293b0244348822a7c71e0a93a590$lut for cells of type $lut.
Using template $paramod$bf0d0292861bdee659ef5cbc5e58b330ac5871f9$lut for cells of type $lut.
Using template $paramod$51c499568be41a3244e3e7973247c2c19c93b38b$lut for cells of type $lut.
Using template $paramod$962b8b2265713721f4d566341aea7fcb978a83af$lut for cells of type $lut.
Using template $paramod$9afcfb23005e10afcaa240137a22b12c097d26a0$lut for cells of type $lut.
Using template $paramod$15e465e947aa87c07d3af9c64951debe4d4f6075$lut for cells of type $lut.
Using template $paramod$8dde6f2fafa18acfc59793d377a7ea3af33db6e9$lut for cells of type $lut.
Using template $paramod$581d5f67d05f12263ad793a5919aec9db5859e3b$lut for cells of type $lut.
Using template $paramod$032f8b008e9977f31c4cb43b52aa0a1926e1e430$lut for cells of type $lut.
Using template $paramod$5ecac0a4c46102ced9218c4e871960a84e3675ea$lut for cells of type $lut.
Using template $paramod$734cb5d7d83659ae4da13abb9e04fafa8dc19119$lut for cells of type $lut.
Using template $paramod$6af023d04780a6b54e8dd53dc6126bcf1a45e79b$lut for cells of type $lut.
Using template $paramod$7b6dba9da7b24ba15cc91d483adc1cbb42ec924c$lut for cells of type $lut.
Using template $paramod$5f42255d0f3c94182def37f18603fd1afdc023cc$lut for cells of type $lut.
Using template $paramod$79332405731e8d3f040aaeaa03377babebaa21a9$lut for cells of type $lut.
Using template $paramod$cc32a05866f608aca38637d6c7ba9e5d077e8484$lut for cells of type $lut.
Using template $paramod$b1e05d7bc14c6f8a082c300eadb011507bce19c1$lut for cells of type $lut.
Using template $paramod$fc2b5519b242fc4878a114aaab3e1ba68f7448bc$lut for cells of type $lut.
Using template $paramod$f7defcd573066404c868253de2933d1a602e19fd$lut for cells of type $lut.
Using template $paramod$ba5bb10bc18bf31757705d42a10758be7949c367$lut for cells of type $lut.
Using template $paramod$9e59c5d219363f480ed59c38c2d654c6e80338f8$lut for cells of type $lut.
Using template $paramod$c2c9c8603a8c8636fb1aca6f48702f18e972b715$lut for cells of type $lut.
Using template $paramod$817cbd088ff1669d7c8c485662f66b1127ec0eb4$lut for cells of type $lut.
Using template $paramod$19b5b3a6c957443688412684ef2a09e71f695ae5$lut for cells of type $lut.
Using template $paramod$f27396ebd3716bbc1d5b94c032011d48b4cc96a8$lut for cells of type $lut.
Using template $paramod$1ad95fb0e990181553de8eb1ec526935576ff579$lut for cells of type $lut.
Using template $paramod$d9c681e8a362984a78e5cdf312e2f4f877d8fd28$lut for cells of type $lut.
Using template $paramod$8317234c4ac8c48e196b8dd0d345ac3c7ea0ecb8$lut for cells of type $lut.
Using template $paramod$f14219c0c9840f1cb82e4989451a835bbc60a1b2$lut for cells of type $lut.
Using template $paramod$662aa0a39b9e25110115bde1c02f46570201d4f7$lut for cells of type $lut.
Using template $paramod$b0921904cd0556b160571789093bb927ff74536c$lut for cells of type $lut.
Using template $paramod$8772664992c00271d612671bb60cef06eca74d05$lut for cells of type $lut.
Using template $paramod$69a91b5816c77fa74612c7b5cdb6e0e30952a836$lut for cells of type $lut.
Using template $paramod$cf53b80a997cb8c02978326fb9edba2c99ea3ab5$lut for cells of type $lut.
Using template $paramod$d3a3a520c2e088385439cb38d1ec8fc8a8b0b041$lut for cells of type $lut.
Using template $paramod$b00911e1d9bff0f8103e6c1a936ccd397928b397$lut for cells of type $lut.
Using template $paramod$da9d6eb00307d15292e014cd59e5b9098c71b3b1$lut for cells of type $lut.
Using template $paramod$affdcf911a5f32d27b72301293b89b1f8970a36d$lut for cells of type $lut.
Using template $paramod$aaac7bc9a97fab276249c9df107979ad175e4c45$lut for cells of type $lut.
Using template $paramod$c2e739c6b26649728f1e2a289bc97156d6a32652$lut for cells of type $lut.
Using template $paramod$0b4c0743ffaa8028d0fda6409a374ae9c43df3d3$lut for cells of type $lut.
Using template $paramod$913e68623eaf337fb812e300913df01cca0831ee$lut for cells of type $lut.
Using template $paramod$241f0c898d4b79af3feaf433d3f27e38f403f6a7$lut for cells of type $lut.
Using template $paramod$e71acd1fd0d505c5322a040014ca4f2fbd36a053$lut for cells of type $lut.
Using template $paramod$7be5ba6537bbd61f594c56628aabac8a2fd8927a$lut for cells of type $lut.
Using template $paramod$ae8bdbccefad64723ccfd923e56b93f87f8ac25f$lut for cells of type $lut.
Using template $paramod$65f25c13bff80188d94778aaee01349724eb3451$lut for cells of type $lut.
Using template $paramod$69f06ba6ef763a0239c71c9d239daeb9f16a762a$lut for cells of type $lut.
Using template $paramod$3aac200b1ee408e2209f36da43590d012f3b4c43$lut for cells of type $lut.
Using template $paramod$713e70bc35ebe37238fac44d7ebbb9eb79163671$lut for cells of type $lut.
Using template $paramod$87112c7d511269df645aa80f0e41752d7498bc47$lut for cells of type $lut.
Using template $paramod$855f23e45a7beea2204f9e477a9aed1518323e04$lut for cells of type $lut.
Using template $paramod$721ad480d7f1076f4ac37802e4e1a67a4b1ce32c$lut for cells of type $lut.
Using template $paramod$2deeedb1528ea956f165e2d47e86b8f32c5d412d$lut for cells of type $lut.
Using template $paramod$afa5cc7ea02a0d78eb9b9c5845e7d58bfc9b0205$lut for cells of type $lut.
Using template $paramod$766ac8d0332072ec7fb0b71699183e1b8159f5b4$lut for cells of type $lut.
Using template $paramod$2fd25723acc35adc692e1774019eaa1e6c3a93b8$lut for cells of type $lut.
Using template $paramod$76b3f1439204b9c71813d0825ba65beb2eb6b91d$lut for cells of type $lut.
Using template $paramod$b1de712bfd9f31d117a52d2fd354d42d0e8e3cad$lut for cells of type $lut.
Using template $paramod$6a9e6a7be18da3b2738a3c440c25aefc246735de$lut for cells of type $lut.
Using template $paramod$f9d45911d7c1a8dc9688595f2a0ad0b7e1cc70d2$lut for cells of type $lut.
Using template $paramod$78bc1f1d5b89819758a8884877f1bb5a1dd9c0b9$lut for cells of type $lut.
Using template $paramod$902cb4aefab433d1aec2e8009e92d6081b05168c$lut for cells of type $lut.
Using template $paramod$1bd71b46a7a4a522c6864d06700f02080c055e89$lut for cells of type $lut.
Using template $paramod$1fc24f04c9d167ae205e81437168472c81ec935a$lut for cells of type $lut.
Using template $paramod$39e8ac067194e566fce4da06d1ab14ed9313f623$lut for cells of type $lut.
Using template $paramod$8bebc43e708ed769a833e42ffb0ba598bbdeb36d$lut for cells of type $lut.
Using template $paramod$92fed3a8af61a0631d25286e6352f80af542078f$lut for cells of type $lut.
Using template $paramod$0629b9990bd91d8d30cc23f7ba021ad4742e3f13$lut for cells of type $lut.
Using template $paramod$9b831af1b4b24aa63977beba33cb118a7449afa2$lut for cells of type $lut.
Using template $paramod$ecc8f136f6aed415e047a0ef706f98ca5d1ce334$lut for cells of type $lut.
Using template $paramod$b3061d9cff9ac0faf92016df7ea19c306825644e$lut for cells of type $lut.
Using template $paramod$38d393e46ccafda7d2339279be9f9a713cf861af$lut for cells of type $lut.
Using template $paramod$61bc98ece8c76bffd4acdf40e5f231340cba90fc$lut for cells of type $lut.
Using template $paramod$4615a4dc702783d2e6016bfdb4052d98dd95976d$lut for cells of type $lut.
Using template $paramod$bc032035edc82ddbb2ea5ec3b24fab3b6355c8e7$lut for cells of type $lut.
Using template $paramod$23a2459225cf47e5b5282c530ad7e5a819a841d7$lut for cells of type $lut.
Using template $paramod$f8f99dc9393cdebbd10f029aca59b8816c23a9f8$lut for cells of type $lut.
Using template $paramod$ef7f1e65df746b0baa248bc34b422614333608b7$lut for cells of type $lut.
Using template $paramod$1e9c23a1f582f4194cd094d288ff22a37b78b670$lut for cells of type $lut.
Using template $paramod$e579ee3a5eda4293b6535029723306ea34c4730b$lut for cells of type $lut.
Using template $paramod$149f41c146f3d7df72799e86c14a5edee10b80ab$lut for cells of type $lut.
Using template $paramod$82a48e5f5771a531ca9edba4cc6af5165f5035d5$lut for cells of type $lut.
Using template $paramod$8dc1823b2e894fcefe5c5b8d70ddce52eef662a8$lut for cells of type $lut.
Using template $paramod$b8df18b38b0d592c3661f46e595de74a6f3b06cd$lut for cells of type $lut.
Using template $paramod$0b72ed9354606aa696f8aeb31940da5721b1eab7$lut for cells of type $lut.
Using template $paramod$952099544d42f056d561099eb1f057582fd51547$lut for cells of type $lut.
Using template $paramod$8f7c3c1319641f181cc4e0b6119e0bb41352823e$lut for cells of type $lut.
Using template $paramod$6e8aea9bd01f98770f98de8432efda074f4662ee$lut for cells of type $lut.
Using template $paramod$1387b8cea9990b8b1f0b9cb678763f05f0283b85$lut for cells of type $lut.
Using template $paramod$2971f26e7d6eb12537fb1deda8fe498f1486915d$lut for cells of type $lut.
Using template $paramod$d0a770e4418cc1bd55c5894d620cd74c1d6344a1$lut for cells of type $lut.
Using template $paramod$de8f577f1e8af1dadfbd6f5a185b3cc1c26b641c$lut for cells of type $lut.
Using template $paramod$4efd1b47743553d2acd3bf9d6f9320a0d69e4d5a$lut for cells of type $lut.
Using template $paramod$cda6c38f304375d98bf175a7ee219705dc34d5ba$lut for cells of type $lut.
Using template $paramod$2fe61bd19dd607eff1437f8cb0772c174d60ce19$lut for cells of type $lut.
Using template $paramod$995fec10570631a7eef1af94ec4b92ce260d46a6$lut for cells of type $lut.
Using template $paramod$73d896dd56a06beec25ea39be5d78d77a7deaa28$lut for cells of type $lut.
Using template $paramod$c6529463e1f83a5679f24f38f745dd95e9b4635b$lut for cells of type $lut.
Using template $paramod$b57e6ec3eb28898d1897fa0a774f26c970a33299$lut for cells of type $lut.
Using template $paramod$6ad186b2f286159073808731cac5377c83bae84a$lut for cells of type $lut.
Using template $paramod$895470d58cc5fc21e15b695c4e620ac7b8aad888$lut for cells of type $lut.
Using template $paramod$69d07534b4ff5d0739178b60bdab154221c516a5$lut for cells of type $lut.
Using template $paramod$27af436a4436bbefc8f1ed9df1277823fdcafb1c$lut for cells of type $lut.
Using template $paramod$2acc56796dae1e7bbd8d34441a24f749523f3d30$lut for cells of type $lut.
Using template $paramod$72955665f8ce24645d548f7d38c193e48893f64c$lut for cells of type $lut.
Using template $paramod$09a7aba071ac90fd65cd7ec44461dbfa320e363f$lut for cells of type $lut.
Using template $paramod$922c9d51250447408e4eb21c37593ddfd4cdfd12$lut for cells of type $lut.
Using template $paramod$f79e0cfc318fb810af0a53e3431e315e8ea34f8f$lut for cells of type $lut.
Using template $paramod$6d392ad7c3e46d40e5f8e1f1294b21455baf2d59$lut for cells of type $lut.
Using template $paramod$b8e43e3f5a5b3a3d02880fc0e8ef6c7a00e7bca5$lut for cells of type $lut.
Using template $paramod$a2bd6d95ea990255230f029a8c6404e8fe51f10e$lut for cells of type $lut.
Using template $paramod$3a32a7587b9f95b908af04fb9b75cd3eae00b58e$lut for cells of type $lut.
Using template $paramod$e3003bb1ac3340ee11c452d30f9c1ba9ab98f3c4$lut for cells of type $lut.
Using template $paramod$10f9ec10907e3614f4091bb6c69006195a5f5733$lut for cells of type $lut.
Using template $paramod$9d381611f51a64472e91647a8adf34417956bdca$lut for cells of type $lut.
Using template $paramod$b585b421d8b8a2155e4dc343595c78cad45729cb$lut for cells of type $lut.
Using template $paramod$6ac63e260ac9358393ce55a25a74c7e990c673c3$lut for cells of type $lut.
Using template $paramod$00bfd4312a6e2cf84cc1e65de1e873114e2f5246$lut for cells of type $lut.
Using template $paramod$7e7baa52dc3c679b09d931ea4baa6b8636b1b4f6$lut for cells of type $lut.
Using template $paramod$1d9c3fc404944f0dd76dc88dd8311d65830d87a8$lut for cells of type $lut.
Using template $paramod$5d92d6837338e845fdad22a18caed2f7b909193d$lut for cells of type $lut.
Using template $paramod$a964f8ed466638f11766930007624f9261481a37$lut for cells of type $lut.
Using template $paramod$cc3f8776d3dd29fbb012f350cf5002581584a085$lut for cells of type $lut.
Using template $paramod$e2e047be69f4854ec2f0c41e716c8cb5175b3bd8$lut for cells of type $lut.
Using template $paramod$2fe49bb1034f785960779606ebb9ff36f95aa8d7$lut for cells of type $lut.
Using template $paramod$cd314de8da258fb1a84e58c95daad846335c04b5$lut for cells of type $lut.
Using template $paramod$945cab9ce60589356c1e9d1fdd2318f963774c59$lut for cells of type $lut.
Using template $paramod$3068fc9d9825fd6ed7a0da71e30dad90b081caaf$lut for cells of type $lut.
Using template $paramod$39bdbce863dc2cb54b679b8d21cfe609c207e4ef$lut for cells of type $lut.
Using template $paramod$eadd23e50114f5f15e4bf0fa888d3d5704eff8a5$lut for cells of type $lut.
Using template $paramod$b7999cccf07e64a426eff857b5a6c42b7ee00b07$lut for cells of type $lut.
Using template $paramod$738daacac7a6d80a89b2d97109b90db9b2708a27$lut for cells of type $lut.
Using template $paramod$5a3320f9df77a9c484815fcbe8b180a2e97c559a$lut for cells of type $lut.
Using template $paramod$49631bc0294c32afeeb944bb440a93ab0ea8c5b0$lut for cells of type $lut.
Using template $paramod$115ece11f22283f153873127fbb557d75405e229$lut for cells of type $lut.
Using template $paramod$c30d0cc751ef8253ecf34690ec0110f0f538f1f4$lut for cells of type $lut.
Using template $paramod$ed647fb13d298a1776a5f62ba3576a326ff46dd9$lut for cells of type $lut.
Using template $paramod$78a8c8dc8db3b461c2d57e9ae02cfc78c33103aa$lut for cells of type $lut.
Using template $paramod$90444483e96769e40af05ec8eb74a4042f9714b2$lut for cells of type $lut.
Using template $paramod$73baa2833534e74cb98ca96b995d2dfaa6d416ad$lut for cells of type $lut.
Using template $paramod$5233401f2aa7fc36981f93c7d3cd4418f7382ab2$lut for cells of type $lut.
Using template $paramod$fe2ccc9771c7f3621af3392ea69c0322e13310d4$lut for cells of type $lut.
Using template $paramod$dc2d8a75b93012d151e4b83bf5cb258e1b71b02d$lut for cells of type $lut.
Using template $paramod$9f9bccefbe36f0a912631b1848709a201ebe63a1$lut for cells of type $lut.
Using template $paramod$8ed29749fc9e612424f889ab7686a48a21c69190$lut for cells of type $lut.
Using template $paramod$4bdad0332a86a3ad9603adab99b6618789032d2a$lut for cells of type $lut.
Using template $paramod$4952fda64fd2d91f30c1db757cb9f74b54a6bff9$lut for cells of type $lut.
Using template $paramod$2ad28eaf887c645598b6b2ca0bbbd471c87260e5$lut for cells of type $lut.
Using template $paramod$458b1cecdb3d4504a1ba8125c1191503a534a8eb$lut for cells of type $lut.
Using template $paramod$143387754cf669c2c7df477b15be996903d8eb6e$lut for cells of type $lut.
Using template $paramod$077d1e1731c8e6d174f00b6e17a1cf702285584e$lut for cells of type $lut.
Using template $paramod$8645c3b27d07d41b22e696ffb81aa97faccec2d1$lut for cells of type $lut.
Using template $paramod$c83dcb227e5a0ead33a9ea4e862ef40ada1c7d6f$lut for cells of type $lut.
Using template $paramod$9cf8fc62b0f6647c9fa843f9974985f786488e06$lut for cells of type $lut.
Using template $paramod$97b575ed346fa50aee38ac0c9fe931d28e42eace$lut for cells of type $lut.
Using template $paramod$ca260995b172aa4c9c5dd2cfd96abcb790c4fdd6$lut for cells of type $lut.
Using template $paramod$09985f0d042bb8542e850d5bba0e3b0e90795516$lut for cells of type $lut.
Using template $paramod$846adda456f8880ef795af03667eab6d7d0d5bd5$lut for cells of type $lut.
Using template $paramod$4dd15ddb8a2b9f6d96921e3e53b5624f1f8dd3d5$lut for cells of type $lut.
Using template $paramod$71ed179ecd1008a69a7e9961e80c38ad2a270dd2$lut for cells of type $lut.
Using template $paramod$cc1408f1f2ce3cca8eaa251fd93afe298ad20881$lut for cells of type $lut.
Using template $paramod$1273a85283c450d76416ec1ef870b844e89c445b$lut for cells of type $lut.
Using template $paramod$95eb8c232fafd58418d7f156f9ee116933fa92da$lut for cells of type $lut.
Using template $paramod$f908325c8e6c24199717065c1be88178d31e988f$lut for cells of type $lut.
Using template $paramod$7a61dfee951841bc0c6205db3fbcd020d250a4c9$lut for cells of type $lut.
Using template $paramod$ae6486b211e4dd9af19a56e09aa2fe34aa789cce$lut for cells of type $lut.
Using template $paramod$8a7f9dd63e1af443a79adb6df6f64dee6a20c292$lut for cells of type $lut.
Using template $paramod$c315fd171a22ad0b563d890e3adda172ea240769$lut for cells of type $lut.
Using template $paramod$39846f78af0dde5ea11997b14ae9cc8f25192ddc$lut for cells of type $lut.
Using template $paramod$4b5fb0fb42af92b62f7b8c1c0a87042f991c79c6$lut for cells of type $lut.
Using template $paramod$28e7e732dfd4a70a2bc25fd98ad846b2de68c521$lut for cells of type $lut.
Using template $paramod$aa87e476f1dd88ef4aaa2d929073c0dc243b03fd$lut for cells of type $lut.
Using template $paramod$efa664ab2800ac2a1595167f179f32b918322e46$lut for cells of type $lut.
Using template $paramod$bcd3c27282e5e8672587e2166ad10363f6ecbe0f$lut for cells of type $lut.
Using template $paramod$01f6e836b70c0df99a24bbb2f2fd201f96dac8e1$lut for cells of type $lut.
Using template $paramod$f6ec731cfba7f7206ec53dd50e32131f7f25ccb4$lut for cells of type $lut.
Using template $paramod$2ced5f8aa72bf888004ad71def0ecace1b10163a$lut for cells of type $lut.
Using template $paramod$347592e059075c4d5d10cc8ef46f00baadd10807$lut for cells of type $lut.
Using template $paramod$842f786bce09241018c189771c28a98a02d241eb$lut for cells of type $lut.
Using template $paramod$12d76b0019c10a7880869278bf5763cadd437f49$lut for cells of type $lut.
Using template $paramod$e8b1c7f7e97023479849e8b398552a9d35174a82$lut for cells of type $lut.
Using template $paramod$e850e331a832baae6cada680feb9f6c0ddb67955$lut for cells of type $lut.
Using template $paramod$cc7e55477086472a94728c80d5f0956d301e8786$lut for cells of type $lut.
Using template $paramod$7a44d7a29e658f79fded008243c8ec59cc1f7cff$lut for cells of type $lut.
Using template $paramod$23233f7b1a85eaeba5bbd027f13e9d7fff48f2b7$lut for cells of type $lut.
Using template $paramod$7f3617f4b24dd2e899782b88617aab9578e70e0f$lut for cells of type $lut.
Using template $paramod$2ff553d5ecaa439e70412bbe731390a373539a77$lut for cells of type $lut.
Using template $paramod$4fecd6f048c13201e253aa7a8c8071b66ae8f69c$lut for cells of type $lut.
Using template $paramod$7887409b46e7ae454ea2537f124d936cde26032f$lut for cells of type $lut.
Using template $paramod$cb6de90789b1a3a6cab070e5efbd946c1b512cd2$lut for cells of type $lut.
Using template $paramod$d8ce67cd4489b02c4ed7256c47f4a3db429cd3eb$lut for cells of type $lut.
Using template $paramod$4ffc9c1b861b4422389f7152c45020a8aff79770$lut for cells of type $lut.
Using template $paramod$5c3507832405a8e01bcdbe3b26e7167bcab50109$lut for cells of type $lut.
Using template $paramod$3240f9d722853cca895205282938e122cb5fea6c$lut for cells of type $lut.
Using template $paramod$6431c688476747c9362502cacfebfbd13cbdb9aa$lut for cells of type $lut.
Using template $paramod$35c57873920eba13532dc5e01a428ff1c2ae8a65$lut for cells of type $lut.
Using template $paramod$00a06682c4fd2387dc9b4747bbeb900a400adc8f$lut for cells of type $lut.
Using template $paramod$d0f743345c085911ef483aecfdc07b4d1dff3a1b$lut for cells of type $lut.
Using template $paramod$c39333ec8f8f74bd18efd1c105adba8a36ed6f4f$lut for cells of type $lut.
Using template $paramod$ac5104b0f31e073ac445859404a5ecbcf6edcff5$lut for cells of type $lut.
Using template $paramod$fd6ae6e93958dc5bd894a5e9a2b2d301adf295a2$lut for cells of type $lut.
Using template $paramod$92ed8719347afa3f5a81614d14478cf8ab82f960$lut for cells of type $lut.
Using template $paramod$8461a38da2644081983cd5b082d7f6c55a8dc5b7$lut for cells of type $lut.
Using template $paramod$8aa7355c65d0ab92d94b00b583bddbda255a261c$lut for cells of type $lut.
Using template $paramod$4d135227c001b0fd4217b3033f10f5c65d228efa$lut for cells of type $lut.
Using template $paramod$fb1d285a9bdb272e510787d2d32e99d5f92f7092$lut for cells of type $lut.
Using template $paramod$235ac5b240c334dc34a49d771618866987c926a2$lut for cells of type $lut.
Using template $paramod$c9eff09c2df8103fd922420703396464fed362ba$lut for cells of type $lut.
Using template $paramod$5c97462ac7cef9d0a394e161d6b421d2d29291bd$lut for cells of type $lut.
Using template $paramod$3485e4d5ea0b67eaa2ac59501f6c3ebdc00a47b5$lut for cells of type $lut.
Using template $paramod$0983c26432ee5f338d2a1d71ff3fc97bb478890c$lut for cells of type $lut.
Using template $paramod$7c900154ac38a314ba8a3cbd7382c6421f6c2b67$lut for cells of type $lut.
Using template $paramod$66a313451d4ea5a589dd3957862541dcdb5d7098$lut for cells of type $lut.
No more expansions possible.
<suppressed ~11569 debug messages>

3.41. Executing OPT_LUT_INS pass (discard unused LUT inputs).
Optimizing LUTs in experiment_event_stream.
  Optimizing lut $auto$abc_ops_reintegrate.cc:611:reintegrate$143665.genblk1.genblk1.genblk1.genblk1.genblk1.genblk1.genblk1.genblk1.lut0.genblk1.genblk1.genblk1.genblk1.genblk1.genblk1.genblk1.lut1.genblk1.genblk1.genblk1.genblk1.genblk1.genblk1.lut0.genblk1.genblk1.genblk1.genblk1.genblk1.lut1 (4 -> 3)
  Optimizing lut $abc$143663$lut$aiger143662$7297.genblk1.genblk1.genblk1.genblk1.genblk1.genblk1.genblk1.genblk1.lut1.genblk1.genblk1.genblk1.genblk1.genblk1.genblk1.genblk1.lut0.genblk1.genblk1.genblk1.genblk1.genblk1.genblk1.lut0.genblk1.genblk1.genblk1.genblk1.genblk1.lut0 (4 -> 0)
  Optimizing lut $abc$143663$lut$aiger143662$7297.genblk1.genblk1.genblk1.genblk1.genblk1.genblk1.genblk1.genblk1.lut1.genblk1.genblk1.genblk1.genblk1.genblk1.genblk1.genblk1.lut1.genblk1.genblk1.genblk1.genblk1.genblk1.genblk1.lut1.genblk1.genblk1.genblk1.genblk1.genblk1.lut0 (4 -> 0)
  Optimizing lut $abc$143663$lut$aiger143662$7297.genblk1.genblk1.genblk1.genblk1.genblk1.genblk1.genblk1.genblk1.lut1.genblk1.genblk1.genblk1.genblk1.genblk1.genblk1.genblk1.lut1.genblk1.genblk1.genblk1.genblk1.genblk1.genblk1.lut0.genblk1.genblk1.genblk1.genblk1.genblk1.lut0 (4 -> 0)
  Optimizing lut $abc$143663$lut$aiger143662$7297.genblk1.genblk1.genblk1.genblk1.genblk1.genblk1.genblk1.genblk1.lut0.genblk1.genblk1.genblk1.genblk1.genblk1.genblk1.genblk1.lut1.genblk1.genblk1.genblk1.genblk1.genblk1.genblk1.lut1.genblk1.genblk1.genblk1.genblk1.genblk1.lut0 (4 -> 1)
  Optimizing lut $abc$143663$lut$aiger143662$7297.genblk1.genblk1.genblk1.genblk1.genblk1.genblk1.genblk1.genblk1.lut0.genblk1.genblk1.genblk1.genblk1.genblk1.genblk1.genblk1.lut1.genblk1.genblk1.genblk1.genblk1.genblk1.genblk1.lut0.genblk1.genblk1.genblk1.genblk1.genblk1.lut0 (4 -> 1)
  Optimizing lut $abc$143663$lut$aiger143662$7303.genblk1.genblk1.genblk1.genblk1.genblk1.genblk1.genblk1.lut1.genblk1.genblk1.genblk1.genblk1.genblk1.genblk1.lut0.genblk1.genblk1.genblk1.genblk1.genblk1.lut1 (4 -> 0)
  Optimizing lut $abc$143663$lut$aiger143662$7357.genblk1.genblk1.genblk1.genblk1.genblk1.genblk1.genblk1.genblk1.lut1.genblk1.genblk1.genblk1.genblk1.genblk1.genblk1.genblk1.lut0.genblk1.genblk1.genblk1.genblk1.genblk1.genblk1.lut0.genblk1.genblk1.genblk1.genblk1.genblk1.lut0 (4 -> 0)
  Optimizing lut $abc$143663$lut$aiger143662$7357.genblk1.genblk1.genblk1.genblk1.genblk1.genblk1.genblk1.genblk1.lut1.genblk1.genblk1.genblk1.genblk1.genblk1.genblk1.genblk1.lut1.genblk1.genblk1.genblk1.genblk1.genblk1.genblk1.lut1.genblk1.genblk1.genblk1.genblk1.genblk1.lut0 (4 -> 0)
  Optimizing lut $abc$143663$lut$aiger143662$7357.genblk1.genblk1.genblk1.genblk1.genblk1.genblk1.genblk1.genblk1.lut1.genblk1.genblk1.genblk1.genblk1.genblk1.genblk1.genblk1.lut1.genblk1.genblk1.genblk1.genblk1.genblk1.genblk1.lut0.genblk1.genblk1.genblk1.genblk1.genblk1.lut0 (4 -> 0)
  Optimizing lut $abc$143663$lut$aiger143662$7357.genblk1.genblk1.genblk1.genblk1.genblk1.genblk1.genblk1.genblk1.lut0.genblk1.genblk1.genblk1.genblk1.genblk1.genblk1.genblk1.lut1.genblk1.genblk1.genblk1.genblk1.genblk1.genblk1.lut1.genblk1.genblk1.genblk1.genblk1.genblk1.lut0 (4 -> 1)
  Optimizing lut $abc$143663$lut$aiger143662$7357.genblk1.genblk1.genblk1.genblk1.genblk1.genblk1.genblk1.genblk1.lut0.genblk1.genblk1.genblk1.genblk1.genblk1.genblk1.genblk1.lut1.genblk1.genblk1.genblk1.genblk1.genblk1.genblk1.lut0.genblk1.genblk1.genblk1.genblk1.genblk1.lut0 (4 -> 1)
  Optimizing lut $abc$143663$lut$aiger143662$7372.genblk1.genblk1.genblk1.genblk1.genblk1.genblk1.genblk1.lut1.genblk1.genblk1.genblk1.genblk1.genblk1.genblk1.lut0.genblk1.genblk1.genblk1.genblk1.genblk1.lut1 (4 -> 1)
  Optimizing lut $abc$143663$lut$aiger143662$7383.genblk1.genblk1.genblk1.genblk1.genblk1.genblk1.genblk1.genblk1.lut1.genblk1.genblk1.genblk1.genblk1.genblk1.genblk1.genblk1.lut0.genblk1.genblk1.genblk1.genblk1.genblk1.genblk1.lut0.genblk1.genblk1.genblk1.genblk1.genblk1.lut0 (4 -> 0)
  Optimizing lut $abc$143663$lut$aiger143662$7383.genblk1.genblk1.genblk1.genblk1.genblk1.genblk1.genblk1.genblk1.lut1.genblk1.genblk1.genblk1.genblk1.genblk1.genblk1.genblk1.lut1.genblk1.genblk1.genblk1.genblk1.genblk1.genblk1.lut1.genblk1.genblk1.genblk1.genblk1.genblk1.lut0 (4 -> 0)
  Optimizing lut $abc$143663$lut$aiger143662$7383.genblk1.genblk1.genblk1.genblk1.genblk1.genblk1.genblk1.genblk1.lut1.genblk1.genblk1.genblk1.genblk1.genblk1.genblk1.genblk1.lut1.genblk1.genblk1.genblk1.genblk1.genblk1.genblk1.lut0.genblk1.genblk1.genblk1.genblk1.genblk1.lut0 (4 -> 0)
  Optimizing lut $abc$143663$lut$aiger143662$7383.genblk1.genblk1.genblk1.genblk1.genblk1.genblk1.genblk1.genblk1.lut0.genblk1.genblk1.genblk1.genblk1.genblk1.genblk1.genblk1.lut0.genblk1.genblk1.genblk1.genblk1.genblk1.genblk1.lut1.genblk1.genblk1.genblk1.genblk1.genblk1.lut0 (4 -> 0)
  Optimizing lut $abc$143663$lut$aiger143662$7383.genblk1.genblk1.genblk1.genblk1.genblk1.genblk1.genblk1.genblk1.lut0.genblk1.genblk1.genblk1.genblk1.genblk1.genblk1.genblk1.lut0.genblk1.genblk1.genblk1.genblk1.genblk1.genblk1.lut0.genblk1.genblk1.genblk1.genblk1.genblk1.lut0 (4 -> 0)
  Optimizing lut $abc$143663$lut$aiger143662$7383.genblk1.genblk1.genblk1.genblk1.genblk1.genblk1.genblk1.genblk1.lut0.genblk1.genblk1.genblk1.genblk1.genblk1.genblk1.genblk1.lut1.genblk1.genblk1.genblk1.genblk1.genblk1.genblk1.lut1.genblk1.genblk1.genblk1.genblk1.genblk1.lut0 (4 -> 0)
  Optimizing lut $abc$143663$lut$aiger143662$7383.genblk1.genblk1.genblk1.genblk1.genblk1.genblk1.genblk1.genblk1.lut0.genblk1.genblk1.genblk1.genblk1.genblk1.genblk1.genblk1.lut1.genblk1.genblk1.genblk1.genblk1.genblk1.genblk1.lut0.genblk1.genblk1.genblk1.genblk1.genblk1.lut0 (4 -> 0)
  Optimizing lut $abc$143663$lut$aiger143662$7430.genblk1.genblk1.genblk1.genblk1.genblk1.genblk1.genblk1.lut1.genblk1.genblk1.genblk1.genblk1.genblk1.genblk1.lut0.genblk1.genblk1.genblk1.genblk1.genblk1.lut1 (4 -> 0)
  Optimizing lut $abc$143663$lut$aiger143662$7504.genblk1.genblk1.genblk1.genblk1.genblk1.genblk1.genblk1.genblk1.lut1.genblk1.genblk1.genblk1.genblk1.genblk1.genblk1.genblk1.lut0.genblk1.genblk1.genblk1.genblk1.genblk1.genblk1.lut0.genblk1.genblk1.genblk1.genblk1.genblk1.lut0 (4 -> 0)
  Optimizing lut $abc$143663$lut$aiger143662$7504.genblk1.genblk1.genblk1.genblk1.genblk1.genblk1.genblk1.genblk1.lut1.genblk1.genblk1.genblk1.genblk1.genblk1.genblk1.genblk1.lut1.genblk1.genblk1.genblk1.genblk1.genblk1.genblk1.lut1.genblk1.genblk1.genblk1.genblk1.genblk1.lut0 (4 -> 0)
  Optimizing lut $abc$143663$lut$aiger143662$7504.genblk1.genblk1.genblk1.genblk1.genblk1.genblk1.genblk1.genblk1.lut1.genblk1.genblk1.genblk1.genblk1.genblk1.genblk1.genblk1.lut1.genblk1.genblk1.genblk1.genblk1.genblk1.genblk1.lut0.genblk1.genblk1.genblk1.genblk1.genblk1.lut0 (4 -> 0)
  Optimizing lut $abc$143663$lut$aiger143662$7504.genblk1.genblk1.genblk1.genblk1.genblk1.genblk1.genblk1.genblk1.lut0.genblk1.genblk1.genblk1.genblk1.genblk1.genblk1.genblk1.lut1.genblk1.genblk1.genblk1.genblk1.genblk1.genblk1.lut1.genblk1.genblk1.genblk1.genblk1.genblk1.lut0 (4 -> 1)
  Optimizing lut $abc$143663$lut$aiger143662$7504.genblk1.genblk1.genblk1.genblk1.genblk1.genblk1.genblk1.genblk1.lut0.genblk1.genblk1.genblk1.genblk1.genblk1.genblk1.genblk1.lut1.genblk1.genblk1.genblk1.genblk1.genblk1.genblk1.lut0.genblk1.genblk1.genblk1.genblk1.genblk1.lut0 (4 -> 1)
  Optimizing lut $abc$143663$lut$aiger143662$7523.genblk1.genblk1.genblk1.genblk1.genblk1.genblk1.genblk1.genblk1.lut1.genblk1.genblk1.genblk1.genblk1.genblk1.genblk1.genblk1.lut0.genblk1.genblk1.genblk1.genblk1.genblk1.genblk1.lut1.genblk1.genblk1.genblk1.genblk1.genblk1.lut0 (4 -> 0)
  Optimizing lut $abc$143663$lut$aiger143662$7523.genblk1.genblk1.genblk1.genblk1.genblk1.genblk1.genblk1.genblk1.lut1.genblk1.genblk1.genblk1.genblk1.genblk1.genblk1.genblk1.lut0.genblk1.genblk1.genblk1.genblk1.genblk1.genblk1.lut0.genblk1.genblk1.genblk1.genblk1.genblk1.lut0 (4 -> 0)
  Optimizing lut $abc$143663$lut$aiger143662$7523.genblk1.genblk1.genblk1.genblk1.genblk1.genblk1.genblk1.genblk1.lut1.genblk1.genblk1.genblk1.genblk1.genblk1.genblk1.genblk1.lut1.genblk1.genblk1.genblk1.genblk1.genblk1.genblk1.lut1.genblk1.genblk1.genblk1.genblk1.genblk1.lut0 (4 -> 0)
  Optimizing lut $abc$143663$lut$aiger143662$7523.genblk1.genblk1.genblk1.genblk1.genblk1.genblk1.genblk1.genblk1.lut1.genblk1.genblk1.genblk1.genblk1.genblk1.genblk1.genblk1.lut1.genblk1.genblk1.genblk1.genblk1.genblk1.genblk1.lut0.genblk1.genblk1.genblk1.genblk1.genblk1.lut0 (4 -> 0)
  Optimizing lut $abc$143663$lut$aiger143662$7523.genblk1.genblk1.genblk1.genblk1.genblk1.genblk1.genblk1.genblk1.lut0.genblk1.genblk1.genblk1.genblk1.genblk1.genblk1.genblk1.lut1.genblk1.genblk1.genblk1.genblk1.genblk1.genblk1.lut1.genblk1.genblk1.genblk1.genblk1.genblk1.lut0 (4 -> 1)
  Optimizing lut $abc$143663$lut$aiger143662$7523.genblk1.genblk1.genblk1.genblk1.genblk1.genblk1.genblk1.genblk1.lut0.genblk1.genblk1.genblk1.genblk1.genblk1.genblk1.genblk1.lut1.genblk1.genblk1.genblk1.genblk1.genblk1.genblk1.lut0.genblk1.genblk1.genblk1.genblk1.genblk1.lut0 (4 -> 1)
  Optimizing lut $abc$143663$lut$aiger143662$7591.genblk1.genblk1.genblk1.genblk1.genblk1.genblk1.genblk1.lut1.genblk1.genblk1.genblk1.genblk1.genblk1.genblk1.lut0.genblk1.genblk1.genblk1.genblk1.genblk1.lut1 (4 -> 0)
  Optimizing lut $abc$143663$lut$aiger143662$7649.genblk1.genblk1.genblk1.genblk1.genblk1.genblk1.genblk1.genblk1.lut1.genblk1.genblk1.genblk1.genblk1.genblk1.genblk1.genblk1.lut0.genblk1.genblk1.genblk1.genblk1.genblk1.genblk1.lut0.genblk1.genblk1.genblk1.genblk1.genblk1.lut0 (4 -> 0)
  Optimizing lut $abc$143663$lut$aiger143662$7649.genblk1.genblk1.genblk1.genblk1.genblk1.genblk1.genblk1.genblk1.lut1.genblk1.genblk1.genblk1.genblk1.genblk1.genblk1.genblk1.lut1.genblk1.genblk1.genblk1.genblk1.genblk1.genblk1.lut1.genblk1.genblk1.genblk1.genblk1.genblk1.lut0 (4 -> 0)
  Optimizing lut $abc$143663$lut$aiger143662$7649.genblk1.genblk1.genblk1.genblk1.genblk1.genblk1.genblk1.genblk1.lut1.genblk1.genblk1.genblk1.genblk1.genblk1.genblk1.genblk1.lut1.genblk1.genblk1.genblk1.genblk1.genblk1.genblk1.lut0.genblk1.genblk1.genblk1.genblk1.genblk1.lut0 (4 -> 0)
  Optimizing lut $abc$143663$lut$aiger143662$7649.genblk1.genblk1.genblk1.genblk1.genblk1.genblk1.genblk1.genblk1.lut0.genblk1.genblk1.genblk1.genblk1.genblk1.genblk1.genblk1.lut0.genblk1.genblk1.genblk1.genblk1.genblk1.genblk1.lut1.genblk1.genblk1.genblk1.genblk1.genblk1.lut0 (4 -> 0)
  Optimizing lut $abc$143663$lut$aiger143662$7649.genblk1.genblk1.genblk1.genblk1.genblk1.genblk1.genblk1.genblk1.lut0.genblk1.genblk1.genblk1.genblk1.genblk1.genblk1.genblk1.lut0.genblk1.genblk1.genblk1.genblk1.genblk1.genblk1.lut0.genblk1.genblk1.genblk1.genblk1.genblk1.lut0 (4 -> 0)
  Optimizing lut $abc$143663$lut$aiger143662$7649.genblk1.genblk1.genblk1.genblk1.genblk1.genblk1.genblk1.genblk1.lut0.genblk1.genblk1.genblk1.genblk1.genblk1.genblk1.genblk1.lut1.genblk1.genblk1.genblk1.genblk1.genblk1.genblk1.lut1.genblk1.genblk1.genblk1.genblk1.genblk1.lut0 (4 -> 0)
  Optimizing lut $abc$143663$lut$aiger143662$7649.genblk1.genblk1.genblk1.genblk1.genblk1.genblk1.genblk1.genblk1.lut0.genblk1.genblk1.genblk1.genblk1.genblk1.genblk1.genblk1.lut1.genblk1.genblk1.genblk1.genblk1.genblk1.genblk1.lut0.genblk1.genblk1.genblk1.genblk1.genblk1.lut0 (4 -> 0)
  Optimizing lut $abc$143663$lut$aiger143662$8451.genblk1.genblk1.genblk1.genblk1.genblk1.genblk1.genblk1.lut1.genblk1.genblk1.genblk1.genblk1.genblk1.genblk1.lut0.genblk1.genblk1.genblk1.genblk1.genblk1.lut1 (4 -> 0)
  Optimizing lut $abc$143663$lut$aiger143662$8891.genblk1.genblk1.genblk1.genblk1.genblk1.genblk1.genblk1.genblk1.lut1.genblk1.genblk1.genblk1.genblk1.genblk1.genblk1.genblk1.lut0.genblk1.genblk1.genblk1.genblk1.genblk1.genblk1.lut0.genblk1.genblk1.genblk1.genblk1.genblk1.lut0 (4 -> 1)
  Optimizing lut $abc$143663$lut$aiger143662$8891.genblk1.genblk1.genblk1.genblk1.genblk1.genblk1.genblk1.genblk1.lut1.genblk1.genblk1.genblk1.genblk1.genblk1.genblk1.genblk1.lut1.genblk1.genblk1.genblk1.genblk1.genblk1.genblk1.lut1.genblk1.genblk1.genblk1.genblk1.genblk1.lut0 (4 -> 1)
  Optimizing lut $abc$143663$lut$aiger143662$8891.genblk1.genblk1.genblk1.genblk1.genblk1.genblk1.genblk1.genblk1.lut1.genblk1.genblk1.genblk1.genblk1.genblk1.genblk1.genblk1.lut1.genblk1.genblk1.genblk1.genblk1.genblk1.genblk1.lut0.genblk1.genblk1.genblk1.genblk1.genblk1.lut0 (4 -> 1)
  Optimizing lut $abc$143663$lut$aiger143662$8891.genblk1.genblk1.genblk1.genblk1.genblk1.genblk1.genblk1.genblk1.lut0.genblk1.genblk1.genblk1.genblk1.genblk1.genblk1.genblk1.lut0.genblk1.genblk1.genblk1.genblk1.genblk1.genblk1.lut1.genblk1.genblk1.genblk1.genblk1.genblk1.lut0 (4 -> 1)
  Optimizing lut $abc$143663$lut$aiger143662$8891.genblk1.genblk1.genblk1.genblk1.genblk1.genblk1.genblk1.genblk1.lut0.genblk1.genblk1.genblk1.genblk1.genblk1.genblk1.genblk1.lut0.genblk1.genblk1.genblk1.genblk1.genblk1.genblk1.lut0.genblk1.genblk1.genblk1.genblk1.genblk1.lut0 (4 -> 1)
  Optimizing lut $abc$143663$lut$aiger143662$8891.genblk1.genblk1.genblk1.genblk1.genblk1.genblk1.genblk1.genblk1.lut0.genblk1.genblk1.genblk1.genblk1.genblk1.genblk1.genblk1.lut1.genblk1.genblk1.genblk1.genblk1.genblk1.genblk1.lut1.genblk1.genblk1.genblk1.genblk1.genblk1.lut0 (4 -> 1)
  Optimizing lut $abc$143663$lut$aiger143662$8891.genblk1.genblk1.genblk1.genblk1.genblk1.genblk1.genblk1.genblk1.lut0.genblk1.genblk1.genblk1.genblk1.genblk1.genblk1.genblk1.lut1.genblk1.genblk1.genblk1.genblk1.genblk1.genblk1.lut0.genblk1.genblk1.genblk1.genblk1.genblk1.lut0 (4 -> 1)
  Optimizing lut $abc$143663$lut$aiger143662$8952.genblk1.genblk1.genblk1.genblk1.genblk1.genblk1.genblk1.lut1.genblk1.genblk1.genblk1.genblk1.genblk1.genblk1.lut0.genblk1.genblk1.genblk1.genblk1.genblk1.lut1 (4 -> 1)
  Optimizing lut $abc$143663$lut$aiger143662$9240.genblk1.genblk1.genblk1.genblk1.genblk1.genblk1.genblk1.genblk1.lut1.genblk1.genblk1.genblk1.genblk1.genblk1.genblk1.genblk1.lut0.genblk1.genblk1.genblk1.genblk1.genblk1.genblk1.lut0.genblk1.genblk1.genblk1.genblk1.genblk1.lut0 (4 -> 0)
  Optimizing lut $abc$143663$lut$aiger143662$9240.genblk1.genblk1.genblk1.genblk1.genblk1.genblk1.genblk1.genblk1.lut1.genblk1.genblk1.genblk1.genblk1.genblk1.genblk1.genblk1.lut1.genblk1.genblk1.genblk1.genblk1.genblk1.genblk1.lut1.genblk1.genblk1.genblk1.genblk1.genblk1.lut0 (4 -> 0)
  Optimizing lut $abc$143663$lut$aiger143662$9240.genblk1.genblk1.genblk1.genblk1.genblk1.genblk1.genblk1.genblk1.lut1.genblk1.genblk1.genblk1.genblk1.genblk1.genblk1.genblk1.lut1.genblk1.genblk1.genblk1.genblk1.genblk1.genblk1.lut0.genblk1.genblk1.genblk1.genblk1.genblk1.lut0 (4 -> 0)
  Optimizing lut $abc$143663$lut$aiger143662$9240.genblk1.genblk1.genblk1.genblk1.genblk1.genblk1.genblk1.genblk1.lut0.genblk1.genblk1.genblk1.genblk1.genblk1.genblk1.genblk1.lut0.genblk1.genblk1.genblk1.genblk1.genblk1.genblk1.lut1.genblk1.genblk1.genblk1.genblk1.genblk1.lut0 (4 -> 0)
  Optimizing lut $abc$143663$lut$aiger143662$9240.genblk1.genblk1.genblk1.genblk1.genblk1.genblk1.genblk1.genblk1.lut0.genblk1.genblk1.genblk1.genblk1.genblk1.genblk1.genblk1.lut0.genblk1.genblk1.genblk1.genblk1.genblk1.genblk1.lut0.genblk1.genblk1.genblk1.genblk1.genblk1.lut0 (4 -> 0)
  Optimizing lut $abc$143663$lut$aiger143662$9240.genblk1.genblk1.genblk1.genblk1.genblk1.genblk1.genblk1.genblk1.lut0.genblk1.genblk1.genblk1.genblk1.genblk1.genblk1.genblk1.lut1.genblk1.genblk1.genblk1.genblk1.genblk1.genblk1.lut1.genblk1.genblk1.genblk1.genblk1.genblk1.lut0 (4 -> 0)
  Optimizing lut $abc$143663$lut$aiger143662$9240.genblk1.genblk1.genblk1.genblk1.genblk1.genblk1.genblk1.genblk1.lut0.genblk1.genblk1.genblk1.genblk1.genblk1.genblk1.genblk1.lut1.genblk1.genblk1.genblk1.genblk1.genblk1.genblk1.lut0.genblk1.genblk1.genblk1.genblk1.genblk1.lut0 (4 -> 0)
  Optimizing lut $abc$143663$lut$aiger143662$7708.genblk1.genblk1.genblk1.genblk1.genblk1.genblk1.genblk1.lut1.genblk1.genblk1.genblk1.genblk1.genblk1.genblk1.lut0.genblk1.genblk1.genblk1.genblk1.genblk1.lut1 (4 -> 0)
  Optimizing lut $abc$143663$lut$aiger143662$7736.genblk1.genblk1.genblk1.genblk1.genblk1.genblk1.genblk1.genblk1.lut1.genblk1.genblk1.genblk1.genblk1.genblk1.genblk1.genblk1.lut0.genblk1.genblk1.genblk1.genblk1.genblk1.genblk1.lut0.genblk1.genblk1.genblk1.genblk1.genblk1.lut0 (4 -> 2)
  Optimizing lut $abc$143663$lut$aiger143662$7736.genblk1.genblk1.genblk1.genblk1.genblk1.genblk1.genblk1.genblk1.lut1.genblk1.genblk1.genblk1.genblk1.genblk1.genblk1.genblk1.lut1.genblk1.genblk1.genblk1.genblk1.genblk1.genblk1.lut1.genblk1.genblk1.genblk1.genblk1.genblk1.lut0 (4 -> 0)
  Optimizing lut $abc$143663$lut$aiger143662$7736.genblk1.genblk1.genblk1.genblk1.genblk1.genblk1.genblk1.genblk1.lut1.genblk1.genblk1.genblk1.genblk1.genblk1.genblk1.genblk1.lut1.genblk1.genblk1.genblk1.genblk1.genblk1.genblk1.lut0.genblk1.genblk1.genblk1.genblk1.genblk1.lut0 (4 -> 0)
  Optimizing lut $abc$143663$lut$aiger143662$7736.genblk1.genblk1.genblk1.genblk1.genblk1.genblk1.genblk1.genblk1.lut0.genblk1.genblk1.genblk1.genblk1.genblk1.genblk1.genblk1.lut0.genblk1.genblk1.genblk1.genblk1.genblk1.genblk1.lut1.genblk1.genblk1.genblk1.genblk1.genblk1.lut0 (4 -> 0)
  Optimizing lut $abc$143663$lut$aiger143662$7736.genblk1.genblk1.genblk1.genblk1.genblk1.genblk1.genblk1.genblk1.lut0.genblk1.genblk1.genblk1.genblk1.genblk1.genblk1.genblk1.lut0.genblk1.genblk1.genblk1.genblk1.genblk1.genblk1.lut0.genblk1.genblk1.genblk1.genblk1.genblk1.lut0 (4 -> 0)
  Optimizing lut $abc$143663$lut$aiger143662$7736.genblk1.genblk1.genblk1.genblk1.genblk1.genblk1.genblk1.genblk1.lut0.genblk1.genblk1.genblk1.genblk1.genblk1.genblk1.genblk1.lut1.genblk1.genblk1.genblk1.genblk1.genblk1.genblk1.lut1.genblk1.genblk1.genblk1.genblk1.genblk1.lut0 (4 -> 0)
  Optimizing lut $abc$143663$lut$aiger143662$7736.genblk1.genblk1.genblk1.genblk1.genblk1.genblk1.genblk1.genblk1.lut0.genblk1.genblk1.genblk1.genblk1.genblk1.genblk1.genblk1.lut1.genblk1.genblk1.genblk1.genblk1.genblk1.genblk1.lut0.genblk1.genblk1.genblk1.genblk1.genblk1.lut0 (4 -> 0)
  Optimizing lut $abc$143663$lut$aiger143662$7752.genblk1.genblk1.genblk1.genblk1.genblk1.genblk1.genblk1.lut1.genblk1.genblk1.genblk1.genblk1.genblk1.genblk1.lut0.genblk1.genblk1.genblk1.genblk1.genblk1.lut1 (4 -> 0)
  Optimizing lut $abc$143663$lut$aiger143662$8002.genblk1.genblk1.genblk1.genblk1.genblk1.genblk1.genblk1.genblk1.lut1.genblk1.genblk1.genblk1.genblk1.genblk1.genblk1.genblk1.lut0.genblk1.genblk1.genblk1.genblk1.genblk1.genblk1.lut0.genblk1.genblk1.genblk1.genblk1.genblk1.lut0 (4 -> 2)
  Optimizing lut $abc$143663$lut$aiger143662$8002.genblk1.genblk1.genblk1.genblk1.genblk1.genblk1.genblk1.genblk1.lut1.genblk1.genblk1.genblk1.genblk1.genblk1.genblk1.genblk1.lut1.genblk1.genblk1.genblk1.genblk1.genblk1.genblk1.lut1.genblk1.genblk1.genblk1.genblk1.genblk1.lut0 (4 -> 0)
  Optimizing lut $abc$143663$lut$aiger143662$8002.genblk1.genblk1.genblk1.genblk1.genblk1.genblk1.genblk1.genblk1.lut1.genblk1.genblk1.genblk1.genblk1.genblk1.genblk1.genblk1.lut1.genblk1.genblk1.genblk1.genblk1.genblk1.genblk1.lut0.genblk1.genblk1.genblk1.genblk1.genblk1.lut0 (4 -> 0)
  Optimizing lut $abc$143663$lut$aiger143662$8002.genblk1.genblk1.genblk1.genblk1.genblk1.genblk1.genblk1.genblk1.lut0.genblk1.genblk1.genblk1.genblk1.genblk1.genblk1.genblk1.lut0.genblk1.genblk1.genblk1.genblk1.genblk1.genblk1.lut1.genblk1.genblk1.genblk1.genblk1.genblk1.lut0 (4 -> 0)
  Optimizing lut $abc$143663$lut$aiger143662$8002.genblk1.genblk1.genblk1.genblk1.genblk1.genblk1.genblk1.genblk1.lut0.genblk1.genblk1.genblk1.genblk1.genblk1.genblk1.genblk1.lut0.genblk1.genblk1.genblk1.genblk1.genblk1.genblk1.lut0.genblk1.genblk1.genblk1.genblk1.genblk1.lut0 (4 -> 0)
  Optimizing lut $abc$143663$lut$aiger143662$8002.genblk1.genblk1.genblk1.genblk1.genblk1.genblk1.genblk1.genblk1.lut0.genblk1.genblk1.genblk1.genblk1.genblk1.genblk1.genblk1.lut1.genblk1.genblk1.genblk1.genblk1.genblk1.genblk1.lut1.genblk1.genblk1.genblk1.genblk1.genblk1.lut0 (4 -> 0)
  Optimizing lut $abc$143663$lut$aiger143662$8002.genblk1.genblk1.genblk1.genblk1.genblk1.genblk1.genblk1.genblk1.lut0.genblk1.genblk1.genblk1.genblk1.genblk1.genblk1.genblk1.lut1.genblk1.genblk1.genblk1.genblk1.genblk1.genblk1.lut0.genblk1.genblk1.genblk1.genblk1.genblk1.lut0 (4 -> 0)
  Optimizing lut $abc$143663$lut$aiger143662$8008.genblk1.genblk1.genblk1.genblk1.genblk1.genblk1.genblk1.lut1.genblk1.genblk1.genblk1.genblk1.genblk1.genblk1.lut0.genblk1.genblk1.genblk1.genblk1.genblk1.lut1 (4 -> 0)
  Optimizing lut $abc$143663$lut$aiger143662$8031.genblk1.genblk1.genblk1.genblk1.genblk1.genblk1.genblk1.genblk1.lut1.genblk1.genblk1.genblk1.genblk1.genblk1.genblk1.genblk1.lut0.genblk1.genblk1.genblk1.genblk1.genblk1.genblk1.lut0.genblk1.genblk1.genblk1.genblk1.genblk1.lut0 (4 -> 0)
  Optimizing lut $abc$143663$lut$aiger143662$8031.genblk1.genblk1.genblk1.genblk1.genblk1.genblk1.genblk1.genblk1.lut1.genblk1.genblk1.genblk1.genblk1.genblk1.genblk1.genblk1.lut1.genblk1.genblk1.genblk1.genblk1.genblk1.genblk1.lut1.genblk1.genblk1.genblk1.genblk1.genblk1.lut0 (4 -> 0)
  Optimizing lut $abc$143663$lut$aiger143662$8031.genblk1.genblk1.genblk1.genblk1.genblk1.genblk1.genblk1.genblk1.lut1.genblk1.genblk1.genblk1.genblk1.genblk1.genblk1.genblk1.lut1.genblk1.genblk1.genblk1.genblk1.genblk1.genblk1.lut0.genblk1.genblk1.genblk1.genblk1.genblk1.lut0 (4 -> 0)
  Optimizing lut $abc$143663$lut$aiger143662$8031.genblk1.genblk1.genblk1.genblk1.genblk1.genblk1.genblk1.genblk1.lut0.genblk1.genblk1.genblk1.genblk1.genblk1.genblk1.genblk1.lut0.genblk1.genblk1.genblk1.genblk1.genblk1.genblk1.lut1.genblk1.genblk1.genblk1.genblk1.genblk1.lut0 (4 -> 2)
  Optimizing lut $abc$143663$lut$aiger143662$8031.genblk1.genblk1.genblk1.genblk1.genblk1.genblk1.genblk1.genblk1.lut0.genblk1.genblk1.genblk1.genblk1.genblk1.genblk1.genblk1.lut0.genblk1.genblk1.genblk1.genblk1.genblk1.genblk1.lut0.genblk1.genblk1.genblk1.genblk1.genblk1.lut0 (4 -> 2)
  Optimizing lut $abc$143663$lut$aiger143662$8031.genblk1.genblk1.genblk1.genblk1.genblk1.genblk1.genblk1.genblk1.lut0.genblk1.genblk1.genblk1.genblk1.genblk1.genblk1.genblk1.lut1.genblk1.genblk1.genblk1.genblk1.genblk1.genblk1.lut1.genblk1.genblk1.genblk1.genblk1.genblk1.lut0 (4 -> 0)
  Optimizing lut $abc$143663$lut$aiger143662$8031.genblk1.genblk1.genblk1.genblk1.genblk1.genblk1.genblk1.genblk1.lut0.genblk1.genblk1.genblk1.genblk1.genblk1.genblk1.genblk1.lut1.genblk1.genblk1.genblk1.genblk1.genblk1.genblk1.lut0.genblk1.genblk1.genblk1.genblk1.genblk1.lut0 (4 -> 0)
  Optimizing lut $abc$143663$lut$aiger143662$8067.genblk1.genblk1.genblk1.genblk1.genblk1.genblk1.genblk1.lut1.genblk1.genblk1.genblk1.genblk1.genblk1.genblk1.lut0.genblk1.genblk1.genblk1.genblk1.genblk1.lut1 (4 -> 0)
  Optimizing lut $abc$143663$lut$aiger143662$8335.genblk1.genblk1.genblk1.genblk1.genblk1.genblk1.genblk1.genblk1.lut1.genblk1.genblk1.genblk1.genblk1.genblk1.genblk1.genblk1.lut0.genblk1.genblk1.genblk1.genblk1.genblk1.genblk1.lut0.genblk1.genblk1.genblk1.genblk1.genblk1.lut0 (4 -> 0)
  Optimizing lut $abc$143663$lut$aiger143662$8335.genblk1.genblk1.genblk1.genblk1.genblk1.genblk1.genblk1.genblk1.lut1.genblk1.genblk1.genblk1.genblk1.genblk1.genblk1.genblk1.lut1.genblk1.genblk1.genblk1.genblk1.genblk1.genblk1.lut1.genblk1.genblk1.genblk1.genblk1.genblk1.lut0 (4 -> 0)
  Optimizing lut $abc$143663$lut$aiger143662$8335.genblk1.genblk1.genblk1.genblk1.genblk1.genblk1.genblk1.genblk1.lut1.genblk1.genblk1.genblk1.genblk1.genblk1.genblk1.genblk1.lut1.genblk1.genblk1.genblk1.genblk1.genblk1.genblk1.lut0.genblk1.genblk1.genblk1.genblk1.genblk1.lut0 (4 -> 0)
  Optimizing lut $abc$143663$lut$aiger143662$8335.genblk1.genblk1.genblk1.genblk1.genblk1.genblk1.genblk1.genblk1.lut0.genblk1.genblk1.genblk1.genblk1.genblk1.genblk1.genblk1.lut0.genblk1.genblk1.genblk1.genblk1.genblk1.genblk1.lut1.genblk1.genblk1.genblk1.genblk1.genblk1.lut0 (4 -> 0)
  Optimizing lut $abc$143663$lut$aiger143662$8335.genblk1.genblk1.genblk1.genblk1.genblk1.genblk1.genblk1.genblk1.lut0.genblk1.genblk1.genblk1.genblk1.genblk1.genblk1.genblk1.lut0.genblk1.genblk1.genblk1.genblk1.genblk1.genblk1.lut0.genblk1.genblk1.genblk1.genblk1.genblk1.lut0 (4 -> 0)
  Optimizing lut $abc$143663$lut$aiger143662$8335.genblk1.genblk1.genblk1.genblk1.genblk1.genblk1.genblk1.genblk1.lut0.genblk1.genblk1.genblk1.genblk1.genblk1.genblk1.genblk1.lut1.genblk1.genblk1.genblk1.genblk1.genblk1.genblk1.lut1.genblk1.genblk1.genblk1.genblk1.genblk1.lut0 (4 -> 0)
  Optimizing lut $abc$143663$lut$aiger143662$8335.genblk1.genblk1.genblk1.genblk1.genblk1.genblk1.genblk1.genblk1.lut0.genblk1.genblk1.genblk1.genblk1.genblk1.genblk1.genblk1.lut1.genblk1.genblk1.genblk1.genblk1.genblk1.genblk1.lut0.genblk1.genblk1.genblk1.genblk1.genblk1.lut0 (4 -> 0)
  Optimizing lut $abc$143663$lut$aiger143662$8433.genblk1.genblk1.genblk1.genblk1.genblk1.genblk1.genblk1.genblk1.lut1.genblk1.genblk1.genblk1.genblk1.genblk1.genblk1.genblk1.lut0.genblk1.genblk1.genblk1.genblk1.genblk1.genblk1.lut1.genblk1.genblk1.genblk1.genblk1.genblk1.lut0 (4 -> 0)
  Optimizing lut $abc$143663$lut$aiger143662$8433.genblk1.genblk1.genblk1.genblk1.genblk1.genblk1.genblk1.genblk1.lut1.genblk1.genblk1.genblk1.genblk1.genblk1.genblk1.genblk1.lut0.genblk1.genblk1.genblk1.genblk1.genblk1.genblk1.lut0.genblk1.genblk1.genblk1.genblk1.genblk1.lut0 (4 -> 0)
  Optimizing lut $abc$143663$lut$aiger143662$8433.genblk1.genblk1.genblk1.genblk1.genblk1.genblk1.genblk1.genblk1.lut1.genblk1.genblk1.genblk1.genblk1.genblk1.genblk1.genblk1.lut1.genblk1.genblk1.genblk1.genblk1.genblk1.genblk1.lut1.genblk1.genblk1.genblk1.genblk1.genblk1.lut0 (4 -> 0)
  Optimizing lut $abc$143663$lut$aiger143662$8433.genblk1.genblk1.genblk1.genblk1.genblk1.genblk1.genblk1.genblk1.lut1.genblk1.genblk1.genblk1.genblk1.genblk1.genblk1.genblk1.lut1.genblk1.genblk1.genblk1.genblk1.genblk1.genblk1.lut0.genblk1.genblk1.genblk1.genblk1.genblk1.lut0 (4 -> 0)
  Optimizing lut $abc$143663$lut$aiger143662$8433.genblk1.genblk1.genblk1.genblk1.genblk1.genblk1.genblk1.genblk1.lut0.genblk1.genblk1.genblk1.genblk1.genblk1.genblk1.genblk1.lut0.genblk1.genblk1.genblk1.genblk1.genblk1.genblk1.lut1.genblk1.genblk1.genblk1.genblk1.genblk1.lut0 (4 -> 0)
  Optimizing lut $abc$143663$lut$aiger143662$8433.genblk1.genblk1.genblk1.genblk1.genblk1.genblk1.genblk1.genblk1.lut0.genblk1.genblk1.genblk1.genblk1.genblk1.genblk1.genblk1.lut0.genblk1.genblk1.genblk1.genblk1.genblk1.genblk1.lut0.genblk1.genblk1.genblk1.genblk1.genblk1.lut0 (4 -> 0)
  Optimizing lut $abc$143663$lut$aiger143662$8433.genblk1.genblk1.genblk1.genblk1.genblk1.genblk1.genblk1.genblk1.lut0.genblk1.genblk1.genblk1.genblk1.genblk1.genblk1.genblk1.lut1.genblk1.genblk1.genblk1.genblk1.genblk1.genblk1.lut1.genblk1.genblk1.genblk1.genblk1.genblk1.lut0 (4 -> 0)
  Optimizing lut $abc$143663$lut$aiger143662$8433.genblk1.genblk1.genblk1.genblk1.genblk1.genblk1.genblk1.genblk1.lut0.genblk1.genblk1.genblk1.genblk1.genblk1.genblk1.genblk1.lut1.genblk1.genblk1.genblk1.genblk1.genblk1.genblk1.lut0.genblk1.genblk1.genblk1.genblk1.genblk1.lut0 (4 -> 0)
  Optimizing lut $auto$abc_ops_reintegrate.cc:611:reintegrate$143665.genblk1.genblk1.genblk1.genblk1.genblk1.genblk1.genblk1.genblk1.lut1.genblk1.genblk1.genblk1.genblk1.genblk1.genblk1.genblk1.lut0.genblk1.genblk1.genblk1.genblk1.genblk1.genblk1.lut1.genblk1.genblk1.genblk1.genblk1.genblk1.lut0 (4 -> 0)
  Optimizing lut $auto$abc_ops_reintegrate.cc:611:reintegrate$143665.genblk1.genblk1.genblk1.genblk1.genblk1.genblk1.genblk1.genblk1.lut1.genblk1.genblk1.genblk1.genblk1.genblk1.genblk1.genblk1.lut0.genblk1.genblk1.genblk1.genblk1.genblk1.genblk1.lut0.genblk1.genblk1.genblk1.genblk1.genblk1.lut0 (4 -> 0)
  Optimizing lut $auto$abc_ops_reintegrate.cc:611:reintegrate$143665.genblk1.genblk1.genblk1.genblk1.genblk1.genblk1.genblk1.genblk1.lut1.genblk1.genblk1.genblk1.genblk1.genblk1.genblk1.genblk1.lut1.genblk1.genblk1.genblk1.genblk1.genblk1.genblk1.lut1.genblk1.genblk1.genblk1.genblk1.genblk1.lut0 (4 -> 3)
  Optimizing lut $auto$abc_ops_reintegrate.cc:611:reintegrate$143665.genblk1.genblk1.genblk1.genblk1.genblk1.genblk1.genblk1.genblk1.lut1.genblk1.genblk1.genblk1.genblk1.genblk1.genblk1.genblk1.lut1.genblk1.genblk1.genblk1.genblk1.genblk1.genblk1.lut0.genblk1.genblk1.genblk1.genblk1.genblk1.lut0 (4 -> 3)
  Optimizing lut $auto$abc_ops_reintegrate.cc:611:reintegrate$143665.genblk1.genblk1.genblk1.genblk1.genblk1.genblk1.genblk1.genblk1.lut0.genblk1.genblk1.genblk1.genblk1.genblk1.genblk1.genblk1.lut0.genblk1.genblk1.genblk1.genblk1.genblk1.genblk1.lut1.genblk1.genblk1.genblk1.genblk1.genblk1.lut0 (4 -> 0)
  Optimizing lut $auto$abc_ops_reintegrate.cc:611:reintegrate$143665.genblk1.genblk1.genblk1.genblk1.genblk1.genblk1.genblk1.genblk1.lut0.genblk1.genblk1.genblk1.genblk1.genblk1.genblk1.genblk1.lut0.genblk1.genblk1.genblk1.genblk1.genblk1.genblk1.lut0.genblk1.genblk1.genblk1.genblk1.genblk1.lut0 (4 -> 0)
  Optimizing lut $auto$abc_ops_reintegrate.cc:611:reintegrate$143665.genblk1.genblk1.genblk1.genblk1.genblk1.genblk1.genblk1.genblk1.lut0.genblk1.genblk1.genblk1.genblk1.genblk1.genblk1.genblk1.lut1.genblk1.genblk1.genblk1.genblk1.genblk1.genblk1.lut1.genblk1.genblk1.genblk1.genblk1.genblk1.lut0 (4 -> 3)
  Optimizing lut $auto$abc_ops_reintegrate.cc:611:reintegrate$143665.genblk1.genblk1.genblk1.genblk1.genblk1.genblk1.genblk1.genblk1.lut0.genblk1.genblk1.genblk1.genblk1.genblk1.genblk1.genblk1.lut1.genblk1.genblk1.genblk1.genblk1.genblk1.genblk1.lut0.genblk1.genblk1.genblk1.genblk1.genblk1.lut0 (4 -> 3)
  Optimizing lut $abc$143663$lut$aiger$o1152.genblk1.genblk1.genblk1.genblk1.genblk1.genblk1.lut0.genblk1.genblk1.genblk1.genblk1.genblk1.lut1 (4 -> 1)
  Optimizing lut $auto$abc_ops_reintegrate.cc:611:reintegrate$143665.genblk1.genblk1.genblk1.genblk1.genblk1.genblk1.genblk1.genblk1.lut1.genblk1.genblk1.genblk1.genblk1.genblk1.genblk1.genblk1.lut1.genblk1.genblk1.genblk1.genblk1.genblk1.genblk1.lut0.genblk1.genblk1.genblk1.genblk1.genblk1.lut1 (4 -> 3)
  Optimizing lut $auto$abc_ops_reintegrate.cc:611:reintegrate$143665.genblk1.genblk1.genblk1.genblk1.genblk1.genblk1.genblk1.genblk1.lut1.genblk1.genblk1.genblk1.genblk1.genblk1.genblk1.genblk1.lut0.genblk1.genblk1.genblk1.genblk1.genblk1.genblk1.lut0.genblk1.genblk1.genblk1.genblk1.genblk1.lut1 (4 -> 0)
  Optimizing lut $abc$143663$lut$aiger143662$8433.genblk1.genblk1.genblk1.genblk1.genblk1.genblk1.genblk1.genblk1.lut0.genblk1.genblk1.genblk1.genblk1.genblk1.genblk1.genblk1.lut1.genblk1.genblk1.genblk1.genblk1.genblk1.genblk1.lut0.genblk1.genblk1.genblk1.genblk1.genblk1.lut1 (4 -> 0)
  Optimizing lut $abc$143663$lut$aiger143662$8433.genblk1.genblk1.genblk1.genblk1.genblk1.genblk1.genblk1.genblk1.lut0.genblk1.genblk1.genblk1.genblk1.genblk1.genblk1.genblk1.lut0.genblk1.genblk1.genblk1.genblk1.genblk1.genblk1.lut0.genblk1.genblk1.genblk1.genblk1.genblk1.lut1 (4 -> 2)
  Optimizing lut $abc$143663$lut$aiger143662$8433.genblk1.genblk1.genblk1.genblk1.genblk1.genblk1.genblk1.genblk1.lut1.genblk1.genblk1.genblk1.genblk1.genblk1.genblk1.genblk1.lut1.genblk1.genblk1.genblk1.genblk1.genblk1.genblk1.lut0.genblk1.genblk1.genblk1.genblk1.genblk1.lut1 (4 -> 0)
  Optimizing lut $abc$143663$lut$aiger143662$8335.genblk1.genblk1.genblk1.genblk1.genblk1.genblk1.genblk1.genblk1.lut0.genblk1.genblk1.genblk1.genblk1.genblk1.genblk1.genblk1.lut1.genblk1.genblk1.genblk1.genblk1.genblk1.genblk1.lut0.genblk1.genblk1.genblk1.genblk1.genblk1.lut1 (4 -> 0)
  Optimizing lut $abc$143663$lut$aiger143662$8335.genblk1.genblk1.genblk1.genblk1.genblk1.genblk1.genblk1.genblk1.lut0.genblk1.genblk1.genblk1.genblk1.genblk1.genblk1.genblk1.lut0.genblk1.genblk1.genblk1.genblk1.genblk1.genblk1.lut0.genblk1.genblk1.genblk1.genblk1.genblk1.lut1 (4 -> 0)
  Optimizing lut $abc$143663$lut$aiger143662$8335.genblk1.genblk1.genblk1.genblk1.genblk1.genblk1.genblk1.genblk1.lut1.genblk1.genblk1.genblk1.genblk1.genblk1.genblk1.genblk1.lut1.genblk1.genblk1.genblk1.genblk1.genblk1.genblk1.lut0.genblk1.genblk1.genblk1.genblk1.genblk1.lut1 (4 -> 0)
  Optimizing lut $abc$143663$lut$aiger143662$8335.genblk1.genblk1.genblk1.genblk1.genblk1.genblk1.genblk1.genblk1.lut1.genblk1.genblk1.genblk1.genblk1.genblk1.genblk1.genblk1.lut0.genblk1.genblk1.genblk1.genblk1.genblk1.genblk1.lut0.genblk1.genblk1.genblk1.genblk1.genblk1.lut1 (4 -> 0)
  Optimizing lut $abc$143663$lut$aiger143662$8031.genblk1.genblk1.genblk1.genblk1.genblk1.genblk1.genblk1.genblk1.lut0.genblk1.genblk1.genblk1.genblk1.genblk1.genblk1.genblk1.lut1.genblk1.genblk1.genblk1.genblk1.genblk1.genblk1.lut0.genblk1.genblk1.genblk1.genblk1.genblk1.lut1 (4 -> 0)
  Optimizing lut $abc$143663$lut$aiger143662$8260.genblk1.genblk1.genblk1.genblk1.genblk1.genblk1.genblk1.lut0.genblk1.genblk1.genblk1.genblk1.genblk1.genblk1.lut1.genblk1.genblk1.genblk1.genblk1.genblk1.lut0 (4 -> 0)
  Optimizing lut $abc$143663$lut$aiger143662$8260.genblk1.genblk1.genblk1.genblk1.genblk1.genblk1.genblk1.lut0.genblk1.genblk1.genblk1.genblk1.genblk1.genblk1.lut0.genblk1.genblk1.genblk1.genblk1.genblk1.lut0 (4 -> 3)
  Optimizing lut $abc$143663$lut$aiger143662$8260.genblk1.genblk1.genblk1.genblk1.genblk1.genblk1.genblk1.lut1.genblk1.genblk1.genblk1.genblk1.genblk1.genblk1.lut1.genblk1.genblk1.genblk1.genblk1.genblk1.lut0 (4 -> 0)
  Optimizing lut $abc$143663$lut$aiger143662$8260.genblk1.genblk1.genblk1.genblk1.genblk1.genblk1.genblk1.lut1.genblk1.genblk1.genblk1.genblk1.genblk1.genblk1.lut0.genblk1.genblk1.genblk1.genblk1.genblk1.lut0 (4 -> 0)
  Optimizing lut $abc$143663$lut$aiger143662$8204.genblk1.genblk1.genblk1.genblk1.genblk1.genblk1.genblk1.lut0.genblk1.genblk1.genblk1.genblk1.genblk1.genblk1.lut1.genblk1.genblk1.genblk1.genblk1.genblk1.lut0 (4 -> 0)
  Optimizing lut $abc$143663$lut$aiger143662$8204.genblk1.genblk1.genblk1.genblk1.genblk1.genblk1.genblk1.lut1.genblk1.genblk1.genblk1.genblk1.genblk1.genblk1.lut1.genblk1.genblk1.genblk1.genblk1.genblk1.lut0 (4 -> 0)
  Optimizing lut $abc$143663$lut$aiger143662$8204.genblk1.genblk1.genblk1.genblk1.genblk1.genblk1.genblk1.lut1.genblk1.genblk1.genblk1.genblk1.genblk1.genblk1.lut0.genblk1.genblk1.genblk1.genblk1.genblk1.lut0 (4 -> 0)
  Optimizing lut $abc$143663$lut$aiger143662$8120.genblk1.genblk1.genblk1.genblk1.genblk1.genblk1.genblk1.lut0.genblk1.genblk1.genblk1.genblk1.genblk1.genblk1.lut1.genblk1.genblk1.genblk1.genblk1.genblk1.lut0 (4 -> 1)
  Optimizing lut $abc$143663$lut$aiger143662$8120.genblk1.genblk1.genblk1.genblk1.genblk1.genblk1.genblk1.lut1.genblk1.genblk1.genblk1.genblk1.genblk1.genblk1.lut1.genblk1.genblk1.genblk1.genblk1.genblk1.lut0 (4 -> 0)
  Optimizing lut $abc$143663$lut$aiger143662$8120.genblk1.genblk1.genblk1.genblk1.genblk1.genblk1.genblk1.lut1.genblk1.genblk1.genblk1.genblk1.genblk1.genblk1.lut0.genblk1.genblk1.genblk1.genblk1.genblk1.lut0 (4 -> 0)
  Optimizing lut $abc$143663$lut$aiger$o1160.genblk1.genblk1.genblk1.genblk1.genblk1.genblk1.lut0.genblk1.genblk1.genblk1.genblk1.genblk1.lut1 (4 -> 1)
  Optimizing lut $abc$143663$lut$aiger143662$8067.genblk1.genblk1.genblk1.genblk1.genblk1.genblk1.genblk1.lut1.genblk1.genblk1.genblk1.genblk1.genblk1.genblk1.lut1.genblk1.genblk1.genblk1.genblk1.genblk1.lut0 (4 -> 0)
  Optimizing lut $abc$143663$lut$aiger143662$8067.genblk1.genblk1.genblk1.genblk1.genblk1.genblk1.genblk1.lut1.genblk1.genblk1.genblk1.genblk1.genblk1.genblk1.lut0.genblk1.genblk1.genblk1.genblk1.genblk1.lut0 (4 -> 0)
  Optimizing lut $abc$143663$lut$aiger$o1144.genblk1.genblk1.genblk1.genblk1.genblk1.genblk1.lut0.genblk1.genblk1.genblk1.genblk1.genblk1.lut1 (4 -> 1)
  Optimizing lut $abc$143663$lut$aiger143662$8031.genblk1.genblk1.genblk1.genblk1.genblk1.genblk1.genblk1.genblk1.lut1.genblk1.genblk1.genblk1.genblk1.genblk1.genblk1.genblk1.lut1.genblk1.genblk1.genblk1.genblk1.genblk1.genblk1.lut0.genblk1.genblk1.genblk1.genblk1.genblk1.lut1 (4 -> 0)
  Optimizing lut $abc$143663$lut$aiger143662$8031.genblk1.genblk1.genblk1.genblk1.genblk1.genblk1.genblk1.genblk1.lut1.genblk1.genblk1.genblk1.genblk1.genblk1.genblk1.genblk1.lut0.genblk1.genblk1.genblk1.genblk1.genblk1.genblk1.lut0.genblk1.genblk1.genblk1.genblk1.genblk1.lut1 (4 -> 0)
  Optimizing lut $abc$143663$lut$aiger143662$8002.genblk1.genblk1.genblk1.genblk1.genblk1.genblk1.genblk1.genblk1.lut0.genblk1.genblk1.genblk1.genblk1.genblk1.genblk1.genblk1.lut1.genblk1.genblk1.genblk1.genblk1.genblk1.genblk1.lut0.genblk1.genblk1.genblk1.genblk1.genblk1.lut1 (4 -> 0)
  Optimizing lut $abc$143663$lut$aiger$o1168.genblk1.genblk1.genblk1.genblk1.genblk1.genblk1.lut0.genblk1.genblk1.genblk1.genblk1.genblk1.lut1 (4 -> 1)
  Optimizing lut $abc$143663$lut$aiger143662$8008.genblk1.genblk1.genblk1.genblk1.genblk1.genblk1.genblk1.lut0.genblk1.genblk1.genblk1.genblk1.genblk1.genblk1.lut0.genblk1.genblk1.genblk1.genblk1.genblk1.lut0 (4 -> 0)
  Optimizing lut $abc$143663$lut$aiger143662$8008.genblk1.genblk1.genblk1.genblk1.genblk1.genblk1.genblk1.lut1.genblk1.genblk1.genblk1.genblk1.genblk1.genblk1.lut1.genblk1.genblk1.genblk1.genblk1.genblk1.lut0 (4 -> 0)
  Optimizing lut $abc$143663$lut$aiger143662$8008.genblk1.genblk1.genblk1.genblk1.genblk1.genblk1.genblk1.lut1.genblk1.genblk1.genblk1.genblk1.genblk1.genblk1.lut0.genblk1.genblk1.genblk1.genblk1.genblk1.lut0 (4 -> 0)
  Optimizing lut $abc$143663$lut$aiger143662$8002.genblk1.genblk1.genblk1.genblk1.genblk1.genblk1.genblk1.genblk1.lut0.genblk1.genblk1.genblk1.genblk1.genblk1.genblk1.genblk1.lut0.genblk1.genblk1.genblk1.genblk1.genblk1.genblk1.lut0.genblk1.genblk1.genblk1.genblk1.genblk1.lut1 (4 -> 0)
  Optimizing lut $abc$143663$lut$aiger143662$8002.genblk1.genblk1.genblk1.genblk1.genblk1.genblk1.genblk1.genblk1.lut1.genblk1.genblk1.genblk1.genblk1.genblk1.genblk1.genblk1.lut1.genblk1.genblk1.genblk1.genblk1.genblk1.genblk1.lut0.genblk1.genblk1.genblk1.genblk1.genblk1.lut1 (4 -> 0)
  Optimizing lut $abc$143663$lut$aiger143662$8002.genblk1.genblk1.genblk1.genblk1.genblk1.genblk1.genblk1.genblk1.lut1.genblk1.genblk1.genblk1.genblk1.genblk1.genblk1.genblk1.lut0.genblk1.genblk1.genblk1.genblk1.genblk1.genblk1.lut0.genblk1.genblk1.genblk1.genblk1.genblk1.lut1 (4 -> 0)
  Optimizing lut $abc$143663$lut$aiger143662$7736.genblk1.genblk1.genblk1.genblk1.genblk1.genblk1.genblk1.genblk1.lut0.genblk1.genblk1.genblk1.genblk1.genblk1.genblk1.genblk1.lut1.genblk1.genblk1.genblk1.genblk1.genblk1.genblk1.lut0.genblk1.genblk1.genblk1.genblk1.genblk1.lut1 (4 -> 0)
  Optimizing lut $abc$143663$lut$aiger143662$7975.genblk1.genblk1.genblk1.genblk1.genblk1.genblk1.genblk1.lut0.genblk1.genblk1.genblk1.genblk1.genblk1.genblk1.lut1.genblk1.genblk1.genblk1.genblk1.genblk1.lut0 (4 -> 1)
  Optimizing lut $abc$143663$lut$aiger143662$7975.genblk1.genblk1.genblk1.genblk1.genblk1.genblk1.genblk1.lut1.genblk1.genblk1.genblk1.genblk1.genblk1.genblk1.lut1.genblk1.genblk1.genblk1.genblk1.genblk1.lut0 (4 -> 0)
  Optimizing lut $abc$143663$lut$aiger143662$7975.genblk1.genblk1.genblk1.genblk1.genblk1.genblk1.genblk1.lut1.genblk1.genblk1.genblk1.genblk1.genblk1.genblk1.lut0.genblk1.genblk1.genblk1.genblk1.genblk1.lut0 (4 -> 0)
  Optimizing lut $abc$143663$lut$aiger143662$7963.genblk1.genblk1.genblk1.genblk1.genblk1.genblk1.genblk1.lut0.genblk1.genblk1.genblk1.genblk1.genblk1.genblk1.lut1.genblk1.genblk1.genblk1.genblk1.genblk1.lut0 (4 -> 0)
  Optimizing lut $abc$143663$lut$aiger143662$7963.genblk1.genblk1.genblk1.genblk1.genblk1.genblk1.genblk1.lut0.genblk1.genblk1.genblk1.genblk1.genblk1.genblk1.lut0.genblk1.genblk1.genblk1.genblk1.genblk1.lut0 (4 -> 0)
  Optimizing lut $abc$143663$lut$aiger143662$7963.genblk1.genblk1.genblk1.genblk1.genblk1.genblk1.genblk1.lut1.genblk1.genblk1.genblk1.genblk1.genblk1.genblk1.lut1.genblk1.genblk1.genblk1.genblk1.genblk1.lut0 (4 -> 2)
  Optimizing lut $abc$143663$lut$aiger143662$7963.genblk1.genblk1.genblk1.genblk1.genblk1.genblk1.genblk1.lut1.genblk1.genblk1.genblk1.genblk1.genblk1.genblk1.lut0.genblk1.genblk1.genblk1.genblk1.genblk1.lut0 (4 -> 0)
  Optimizing lut $abc$143663$lut$aiger143662$7944.genblk1.genblk1.genblk1.genblk1.genblk1.genblk1.genblk1.lut0.genblk1.genblk1.genblk1.genblk1.genblk1.genblk1.lut1.genblk1.genblk1.genblk1.genblk1.genblk1.lut0 (4 -> 1)
  Optimizing lut $abc$143663$lut$aiger143662$7944.genblk1.genblk1.genblk1.genblk1.genblk1.genblk1.genblk1.lut1.genblk1.genblk1.genblk1.genblk1.genblk1.genblk1.lut1.genblk1.genblk1.genblk1.genblk1.genblk1.lut0 (4 -> 0)
  Optimizing lut $abc$143663$lut$aiger143662$7944.genblk1.genblk1.genblk1.genblk1.genblk1.genblk1.genblk1.lut1.genblk1.genblk1.genblk1.genblk1.genblk1.genblk1.lut0.genblk1.genblk1.genblk1.genblk1.genblk1.lut0 (4 -> 0)
  Optimizing lut $abc$143663$lut$aiger$o1164.genblk1.genblk1.genblk1.genblk1.genblk1.genblk1.lut0.genblk1.genblk1.genblk1.genblk1.genblk1.lut1 (4 -> 1)
  Optimizing lut $abc$143663$lut$aiger143662$7904.genblk1.genblk1.genblk1.genblk1.genblk1.genblk1.genblk1.lut1.genblk1.genblk1.genblk1.genblk1.genblk1.genblk1.lut1.genblk1.genblk1.genblk1.genblk1.genblk1.lut0 (4 -> 0)
  Optimizing lut $abc$143663$lut$aiger143662$7904.genblk1.genblk1.genblk1.genblk1.genblk1.genblk1.genblk1.lut1.genblk1.genblk1.genblk1.genblk1.genblk1.genblk1.lut0.genblk1.genblk1.genblk1.genblk1.genblk1.lut0 (4 -> 0)
  Optimizing lut $abc$143663$lut$aiger143662$7887.genblk1.genblk1.genblk1.genblk1.genblk1.genblk1.genblk1.lut0.genblk1.genblk1.genblk1.genblk1.genblk1.genblk1.lut1.genblk1.genblk1.genblk1.genblk1.genblk1.lut0 (4 -> 1)
  Optimizing lut $abc$143663$lut$aiger143662$7887.genblk1.genblk1.genblk1.genblk1.genblk1.genblk1.genblk1.lut1.genblk1.genblk1.genblk1.genblk1.genblk1.genblk1.lut1.genblk1.genblk1.genblk1.genblk1.genblk1.lut0 (4 -> 0)
  Optimizing lut $abc$143663$lut$aiger143662$7887.genblk1.genblk1.genblk1.genblk1.genblk1.genblk1.genblk1.lut1.genblk1.genblk1.genblk1.genblk1.genblk1.genblk1.lut0.genblk1.genblk1.genblk1.genblk1.genblk1.lut0 (4 -> 0)
  Optimizing lut $abc$143663$lut$aiger143662$7869.genblk1.genblk1.genblk1.genblk1.genblk1.genblk1.genblk1.lut0.genblk1.genblk1.genblk1.genblk1.genblk1.genblk1.lut1.genblk1.genblk1.genblk1.genblk1.genblk1.lut0 (4 -> 1)
  Optimizing lut $abc$143663$lut$aiger143662$7869.genblk1.genblk1.genblk1.genblk1.genblk1.genblk1.genblk1.lut1.genblk1.genblk1.genblk1.genblk1.genblk1.genblk1.lut1.genblk1.genblk1.genblk1.genblk1.genblk1.lut0 (4 -> 0)
  Optimizing lut $abc$143663$lut$aiger143662$7869.genblk1.genblk1.genblk1.genblk1.genblk1.genblk1.genblk1.lut1.genblk1.genblk1.genblk1.genblk1.genblk1.genblk1.lut0.genblk1.genblk1.genblk1.genblk1.genblk1.lut0 (4 -> 0)
  Optimizing lut $abc$143663$lut$aiger143662$7857.genblk1.genblk1.genblk1.genblk1.genblk1.genblk1.genblk1.lut0.genblk1.genblk1.genblk1.genblk1.genblk1.genblk1.lut1.genblk1.genblk1.genblk1.genblk1.genblk1.lut0 (4 -> 0)
  Optimizing lut $abc$143663$lut$aiger143662$7857.genblk1.genblk1.genblk1.genblk1.genblk1.genblk1.genblk1.lut0.genblk1.genblk1.genblk1.genblk1.genblk1.genblk1.lut0.genblk1.genblk1.genblk1.genblk1.genblk1.lut0 (4 -> 3)
  Optimizing lut $abc$143663$lut$aiger143662$7857.genblk1.genblk1.genblk1.genblk1.genblk1.genblk1.genblk1.lut1.genblk1.genblk1.genblk1.genblk1.genblk1.genblk1.lut1.genblk1.genblk1.genblk1.genblk1.genblk1.lut0 (4 -> 0)
  Optimizing lut $abc$143663$lut$aiger143662$7857.genblk1.genblk1.genblk1.genblk1.genblk1.genblk1.genblk1.lut1.genblk1.genblk1.genblk1.genblk1.genblk1.genblk1.lut0.genblk1.genblk1.genblk1.genblk1.genblk1.lut0 (4 -> 0)
  Optimizing lut $abc$143663$lut$aiger143662$7815.genblk1.genblk1.genblk1.genblk1.genblk1.genblk1.genblk1.lut0.genblk1.genblk1.genblk1.genblk1.genblk1.genblk1.lut1.genblk1.genblk1.genblk1.genblk1.genblk1.lut0 (4 -> 1)
  Optimizing lut $abc$143663$lut$aiger143662$7815.genblk1.genblk1.genblk1.genblk1.genblk1.genblk1.genblk1.lut1.genblk1.genblk1.genblk1.genblk1.genblk1.genblk1.lut1.genblk1.genblk1.genblk1.genblk1.genblk1.lut0 (4 -> 0)
  Optimizing lut $abc$143663$lut$aiger143662$7815.genblk1.genblk1.genblk1.genblk1.genblk1.genblk1.genblk1.lut1.genblk1.genblk1.genblk1.genblk1.genblk1.genblk1.lut0.genblk1.genblk1.genblk1.genblk1.genblk1.lut0 (4 -> 0)
  Optimizing lut $abc$143663$lut$aiger143662$7781.genblk1.genblk1.genblk1.genblk1.genblk1.genblk1.genblk1.lut0.genblk1.genblk1.genblk1.genblk1.genblk1.genblk1.lut1.genblk1.genblk1.genblk1.genblk1.genblk1.lut0 (4 -> 1)
  Optimizing lut $abc$143663$lut$aiger143662$7781.genblk1.genblk1.genblk1.genblk1.genblk1.genblk1.genblk1.lut1.genblk1.genblk1.genblk1.genblk1.genblk1.genblk1.lut1.genblk1.genblk1.genblk1.genblk1.genblk1.lut0 (4 -> 0)
  Optimizing lut $abc$143663$lut$aiger143662$7781.genblk1.genblk1.genblk1.genblk1.genblk1.genblk1.genblk1.lut1.genblk1.genblk1.genblk1.genblk1.genblk1.genblk1.lut0.genblk1.genblk1.genblk1.genblk1.genblk1.lut0 (4 -> 0)
  Optimizing lut $abc$143663$lut$aiger143662$7752.genblk1.genblk1.genblk1.genblk1.genblk1.genblk1.genblk1.lut0.genblk1.genblk1.genblk1.genblk1.genblk1.genblk1.lut1.genblk1.genblk1.genblk1.genblk1.genblk1.lut0 (4 -> 1)
  Optimizing lut $abc$143663$lut$aiger143662$7752.genblk1.genblk1.genblk1.genblk1.genblk1.genblk1.genblk1.lut1.genblk1.genblk1.genblk1.genblk1.genblk1.genblk1.lut1.genblk1.genblk1.genblk1.genblk1.genblk1.lut0 (4 -> 0)
  Optimizing lut $abc$143663$lut$aiger143662$7752.genblk1.genblk1.genblk1.genblk1.genblk1.genblk1.genblk1.lut1.genblk1.genblk1.genblk1.genblk1.genblk1.genblk1.lut0.genblk1.genblk1.genblk1.genblk1.genblk1.lut0 (4 -> 0)
  Optimizing lut $abc$143663$lut$aiger143662$7736.genblk1.genblk1.genblk1.genblk1.genblk1.genblk1.genblk1.genblk1.lut0.genblk1.genblk1.genblk1.genblk1.genblk1.genblk1.genblk1.lut0.genblk1.genblk1.genblk1.genblk1.genblk1.genblk1.lut0.genblk1.genblk1.genblk1.genblk1.genblk1.lut1 (4 -> 0)
  Optimizing lut $abc$143663$lut$aiger143662$7736.genblk1.genblk1.genblk1.genblk1.genblk1.genblk1.genblk1.genblk1.lut1.genblk1.genblk1.genblk1.genblk1.genblk1.genblk1.genblk1.lut1.genblk1.genblk1.genblk1.genblk1.genblk1.genblk1.lut0.genblk1.genblk1.genblk1.genblk1.genblk1.lut1 (4 -> 0)
  Optimizing lut $abc$143663$lut$aiger143662$7736.genblk1.genblk1.genblk1.genblk1.genblk1.genblk1.genblk1.genblk1.lut1.genblk1.genblk1.genblk1.genblk1.genblk1.genblk1.genblk1.lut0.genblk1.genblk1.genblk1.genblk1.genblk1.genblk1.lut0.genblk1.genblk1.genblk1.genblk1.genblk1.lut1 (4 -> 0)
  Optimizing lut $abc$143663$lut$aiger143662$9240.genblk1.genblk1.genblk1.genblk1.genblk1.genblk1.genblk1.genblk1.lut0.genblk1.genblk1.genblk1.genblk1.genblk1.genblk1.genblk1.lut1.genblk1.genblk1.genblk1.genblk1.genblk1.genblk1.lut0.genblk1.genblk1.genblk1.genblk1.genblk1.lut1 (4 -> 0)
  Optimizing lut $abc$143663$lut$aiger143662$7724.genblk1.genblk1.genblk1.genblk1.genblk1.genblk1.genblk1.lut0.genblk1.genblk1.genblk1.genblk1.genblk1.genblk1.lut1.genblk1.genblk1.genblk1.genblk1.genblk1.lut0 (4 -> 1)
  Optimizing lut $abc$143663$lut$aiger143662$7724.genblk1.genblk1.genblk1.genblk1.genblk1.genblk1.genblk1.lut1.genblk1.genblk1.genblk1.genblk1.genblk1.genblk1.lut1.genblk1.genblk1.genblk1.genblk1.genblk1.lut0 (4 -> 0)
  Optimizing lut $abc$143663$lut$aiger143662$7724.genblk1.genblk1.genblk1.genblk1.genblk1.genblk1.genblk1.lut1.genblk1.genblk1.genblk1.genblk1.genblk1.genblk1.lut0.genblk1.genblk1.genblk1.genblk1.genblk1.lut0 (4 -> 0)
  Optimizing lut $abc$143663$lut$aiger143662$7708.genblk1.genblk1.genblk1.genblk1.genblk1.genblk1.genblk1.lut0.genblk1.genblk1.genblk1.genblk1.genblk1.genblk1.lut1.genblk1.genblk1.genblk1.genblk1.genblk1.lut0 (4 -> 1)
  Optimizing lut $abc$143663$lut$aiger143662$7708.genblk1.genblk1.genblk1.genblk1.genblk1.genblk1.genblk1.lut1.genblk1.genblk1.genblk1.genblk1.genblk1.genblk1.lut1.genblk1.genblk1.genblk1.genblk1.genblk1.lut0 (4 -> 0)
  Optimizing lut $abc$143663$lut$aiger143662$7708.genblk1.genblk1.genblk1.genblk1.genblk1.genblk1.genblk1.lut1.genblk1.genblk1.genblk1.genblk1.genblk1.genblk1.lut0.genblk1.genblk1.genblk1.genblk1.genblk1.lut0 (4 -> 0)
  Optimizing lut $abc$143663$lut$aiger143662$9240.genblk1.genblk1.genblk1.genblk1.genblk1.genblk1.genblk1.genblk1.lut0.genblk1.genblk1.genblk1.genblk1.genblk1.genblk1.genblk1.lut0.genblk1.genblk1.genblk1.genblk1.genblk1.genblk1.lut0.genblk1.genblk1.genblk1.genblk1.genblk1.lut1 (4 -> 0)
  Optimizing lut $abc$143663$lut$aiger143662$9240.genblk1.genblk1.genblk1.genblk1.genblk1.genblk1.genblk1.genblk1.lut1.genblk1.genblk1.genblk1.genblk1.genblk1.genblk1.genblk1.lut1.genblk1.genblk1.genblk1.genblk1.genblk1.genblk1.lut0.genblk1.genblk1.genblk1.genblk1.genblk1.lut1 (4 -> 0)
  Optimizing lut $abc$143663$lut$aiger143662$9240.genblk1.genblk1.genblk1.genblk1.genblk1.genblk1.genblk1.genblk1.lut1.genblk1.genblk1.genblk1.genblk1.genblk1.genblk1.genblk1.lut0.genblk1.genblk1.genblk1.genblk1.genblk1.genblk1.lut0.genblk1.genblk1.genblk1.genblk1.genblk1.lut1 (4 -> 0)
  Optimizing lut $abc$143663$lut$aiger143662$8891.genblk1.genblk1.genblk1.genblk1.genblk1.genblk1.genblk1.genblk1.lut0.genblk1.genblk1.genblk1.genblk1.genblk1.genblk1.genblk1.lut1.genblk1.genblk1.genblk1.genblk1.genblk1.genblk1.lut0.genblk1.genblk1.genblk1.genblk1.genblk1.lut1 (4 -> 1)
  Optimizing lut $abc$143663$lut$aiger143662$9079.genblk1.genblk1.genblk1.genblk1.genblk1.genblk1.lut0.genblk1.genblk1.genblk1.genblk1.genblk1.lut1 (4 -> 0)
  Optimizing lut $abc$143663$lut$aiger143662$9060.genblk1.genblk1.genblk1.genblk1.genblk1.genblk1.genblk1.lut0.genblk1.genblk1.genblk1.genblk1.genblk1.genblk1.lut0.genblk1.genblk1.genblk1.genblk1.genblk1.lut0 (4 -> 3)
  Optimizing lut $abc$143663$lut$aiger143662$9060.genblk1.genblk1.genblk1.genblk1.genblk1.genblk1.genblk1.lut1.genblk1.genblk1.genblk1.genblk1.genblk1.genblk1.lut1.genblk1.genblk1.genblk1.genblk1.genblk1.lut0 (4 -> 1)
  Optimizing lut $abc$143663$lut$aiger143662$9060.genblk1.genblk1.genblk1.genblk1.genblk1.genblk1.genblk1.lut1.genblk1.genblk1.genblk1.genblk1.genblk1.genblk1.lut0.genblk1.genblk1.genblk1.genblk1.genblk1.lut0 (4 -> 1)
  Optimizing lut $abc$143663$lut$aiger143662$9032.genblk1.genblk1.genblk1.genblk1.genblk1.genblk1.genblk1.lut0.genblk1.genblk1.genblk1.genblk1.genblk1.genblk1.lut1.genblk1.genblk1.genblk1.genblk1.genblk1.lut0 (4 -> 0)
  Optimizing lut $abc$143663$lut$aiger143662$9032.genblk1.genblk1.genblk1.genblk1.genblk1.genblk1.genblk1.lut0.genblk1.genblk1.genblk1.genblk1.genblk1.genblk1.lut0.genblk1.genblk1.genblk1.genblk1.genblk1.lut0 (4 -> 3)
  Optimizing lut $abc$143663$lut$aiger143662$9032.genblk1.genblk1.genblk1.genblk1.genblk1.genblk1.genblk1.lut1.genblk1.genblk1.genblk1.genblk1.genblk1.genblk1.lut1.genblk1.genblk1.genblk1.genblk1.genblk1.lut0 (4 -> 1)
  Optimizing lut $abc$143663$lut$aiger143662$9032.genblk1.genblk1.genblk1.genblk1.genblk1.genblk1.genblk1.lut1.genblk1.genblk1.genblk1.genblk1.genblk1.genblk1.lut0.genblk1.genblk1.genblk1.genblk1.genblk1.lut0 (4 -> 1)
  Optimizing lut $abc$143663$lut$aiger143662$8952.genblk1.genblk1.genblk1.genblk1.genblk1.genblk1.genblk1.lut0.genblk1.genblk1.genblk1.genblk1.genblk1.genblk1.lut1.genblk1.genblk1.genblk1.genblk1.genblk1.lut0 (4 -> 0)
  Optimizing lut $abc$143663$lut$aiger143662$8952.genblk1.genblk1.genblk1.genblk1.genblk1.genblk1.genblk1.lut0.genblk1.genblk1.genblk1.genblk1.genblk1.genblk1.lut0.genblk1.genblk1.genblk1.genblk1.genblk1.lut0 (4 -> 3)
  Optimizing lut $abc$143663$lut$aiger143662$8952.genblk1.genblk1.genblk1.genblk1.genblk1.genblk1.genblk1.lut1.genblk1.genblk1.genblk1.genblk1.genblk1.genblk1.lut1.genblk1.genblk1.genblk1.genblk1.genblk1.lut0 (4 -> 1)
  Optimizing lut $abc$143663$lut$aiger143662$8952.genblk1.genblk1.genblk1.genblk1.genblk1.genblk1.genblk1.lut1.genblk1.genblk1.genblk1.genblk1.genblk1.genblk1.lut0.genblk1.genblk1.genblk1.genblk1.genblk1.lut0 (4 -> 1)
  Optimizing lut $abc$143663$lut$aiger143662$8911.genblk1.genblk1.genblk1.genblk1.genblk1.genblk1.lut0.genblk1.genblk1.genblk1.genblk1.genblk1.lut1 (4 -> 0)
  Optimizing lut $abc$143663$lut$aiger143662$8891.genblk1.genblk1.genblk1.genblk1.genblk1.genblk1.genblk1.genblk1.lut1.genblk1.genblk1.genblk1.genblk1.genblk1.genblk1.genblk1.lut1.genblk1.genblk1.genblk1.genblk1.genblk1.genblk1.lut0.genblk1.genblk1.genblk1.genblk1.genblk1.lut1 (4 -> 1)
  Optimizing lut $abc$143663$lut$aiger143662$8891.genblk1.genblk1.genblk1.genblk1.genblk1.genblk1.genblk1.genblk1.lut1.genblk1.genblk1.genblk1.genblk1.genblk1.genblk1.genblk1.lut0.genblk1.genblk1.genblk1.genblk1.genblk1.genblk1.lut0.genblk1.genblk1.genblk1.genblk1.genblk1.lut1 (4 -> 1)
  Optimizing lut $abc$143663$lut$aiger143662$7649.genblk1.genblk1.genblk1.genblk1.genblk1.genblk1.genblk1.genblk1.lut0.genblk1.genblk1.genblk1.genblk1.genblk1.genblk1.genblk1.lut1.genblk1.genblk1.genblk1.genblk1.genblk1.genblk1.lut0.genblk1.genblk1.genblk1.genblk1.genblk1.lut1 (4 -> 0)
  Optimizing lut $abc$143663$lut$aiger143662$8820.genblk1.genblk1.genblk1.genblk1.genblk1.genblk1.lut0.genblk1.genblk1.genblk1.genblk1.genblk1.lut1 (4 -> 0)
  Optimizing lut $abc$143663$lut$aiger143662$8728.genblk1.genblk1.genblk1.genblk1.genblk1.genblk1.genblk1.lut0.genblk1.genblk1.genblk1.genblk1.genblk1.genblk1.lut0.genblk1.genblk1.genblk1.genblk1.genblk1.lut0 (4 -> 0)
  Optimizing lut $abc$143663$lut$aiger143662$8728.genblk1.genblk1.genblk1.genblk1.genblk1.genblk1.genblk1.lut1.genblk1.genblk1.genblk1.genblk1.genblk1.genblk1.lut1.genblk1.genblk1.genblk1.genblk1.genblk1.lut0 (4 -> 2)
  Optimizing lut $abc$143663$lut$aiger143662$8728.genblk1.genblk1.genblk1.genblk1.genblk1.genblk1.genblk1.lut1.genblk1.genblk1.genblk1.genblk1.genblk1.genblk1.lut0.genblk1.genblk1.genblk1.genblk1.genblk1.lut0 (4 -> 0)
  Optimizing lut $abc$143663$lut$aiger143662$8683.genblk1.genblk1.genblk1.genblk1.genblk1.genblk1.lut0.genblk1.genblk1.genblk1.genblk1.genblk1.lut1 (4 -> 0)
  Optimizing lut $abc$143663$lut$aiger143662$8641.genblk1.genblk1.genblk1.genblk1.genblk1.genblk1.genblk1.lut0.genblk1.genblk1.genblk1.genblk1.genblk1.genblk1.lut0.genblk1.genblk1.genblk1.genblk1.genblk1.lut0 (4 -> 0)
  Optimizing lut $abc$143663$lut$aiger143662$8641.genblk1.genblk1.genblk1.genblk1.genblk1.genblk1.genblk1.lut1.genblk1.genblk1.genblk1.genblk1.genblk1.genblk1.lut0.genblk1.genblk1.genblk1.genblk1.genblk1.lut0 (4 -> 2)
  Optimizing lut $abc$143663$lut$aiger143662$8630.genblk1.genblk1.genblk1.genblk1.genblk1.genblk1.genblk1.lut0.genblk1.genblk1.genblk1.genblk1.genblk1.genblk1.lut1.genblk1.genblk1.genblk1.genblk1.genblk1.lut0 (4 -> 0)
  Optimizing lut $abc$143663$lut$aiger143662$8630.genblk1.genblk1.genblk1.genblk1.genblk1.genblk1.genblk1.lut0.genblk1.genblk1.genblk1.genblk1.genblk1.genblk1.lut0.genblk1.genblk1.genblk1.genblk1.genblk1.lut0 (4 -> 3)
  Optimizing lut $abc$143663$lut$aiger143662$8630.genblk1.genblk1.genblk1.genblk1.genblk1.genblk1.genblk1.lut1.genblk1.genblk1.genblk1.genblk1.genblk1.genblk1.lut1.genblk1.genblk1.genblk1.genblk1.genblk1.lut0 (4 -> 1)
  Optimizing lut $abc$143663$lut$aiger143662$8630.genblk1.genblk1.genblk1.genblk1.genblk1.genblk1.genblk1.lut1.genblk1.genblk1.genblk1.genblk1.genblk1.genblk1.lut0.genblk1.genblk1.genblk1.genblk1.genblk1.lut0 (4 -> 1)
  Optimizing lut $abc$143663$lut$aiger143662$8619.genblk1.genblk1.genblk1.genblk1.genblk1.genblk1.genblk1.lut0.genblk1.genblk1.genblk1.genblk1.genblk1.genblk1.lut1.genblk1.genblk1.genblk1.genblk1.genblk1.lut0 (4 -> 0)
  Optimizing lut $abc$143663$lut$aiger143662$8619.genblk1.genblk1.genblk1.genblk1.genblk1.genblk1.genblk1.lut0.genblk1.genblk1.genblk1.genblk1.genblk1.genblk1.lut0.genblk1.genblk1.genblk1.genblk1.genblk1.lut0 (4 -> 0)
  Optimizing lut $abc$143663$lut$aiger143662$8619.genblk1.genblk1.genblk1.genblk1.genblk1.genblk1.genblk1.lut1.genblk1.genblk1.genblk1.genblk1.genblk1.genblk1.lut1.genblk1.genblk1.genblk1.genblk1.genblk1.lut0 (4 -> 0)
  Optimizing lut $abc$143663$lut$aiger143662$8619.genblk1.genblk1.genblk1.genblk1.genblk1.genblk1.genblk1.lut1.genblk1.genblk1.genblk1.genblk1.genblk1.genblk1.lut0.genblk1.genblk1.genblk1.genblk1.genblk1.lut0 (4 -> 0)
  Optimizing lut $abc$143663$lut$aiger143662$8608.genblk1.genblk1.genblk1.genblk1.genblk1.genblk1.genblk1.lut0.genblk1.genblk1.genblk1.genblk1.genblk1.genblk1.lut1.genblk1.genblk1.genblk1.genblk1.genblk1.lut0 (4 -> 0)
  Optimizing lut $abc$143663$lut$aiger143662$8608.genblk1.genblk1.genblk1.genblk1.genblk1.genblk1.genblk1.lut0.genblk1.genblk1.genblk1.genblk1.genblk1.genblk1.lut0.genblk1.genblk1.genblk1.genblk1.genblk1.lut0 (4 -> 3)
  Optimizing lut $abc$143663$lut$aiger143662$8608.genblk1.genblk1.genblk1.genblk1.genblk1.genblk1.genblk1.lut1.genblk1.genblk1.genblk1.genblk1.genblk1.genblk1.lut1.genblk1.genblk1.genblk1.genblk1.genblk1.lut0 (4 -> 0)
  Optimizing lut $abc$143663$lut$aiger143662$8608.genblk1.genblk1.genblk1.genblk1.genblk1.genblk1.genblk1.lut1.genblk1.genblk1.genblk1.genblk1.genblk1.genblk1.lut0.genblk1.genblk1.genblk1.genblk1.genblk1.lut0 (4 -> 0)
  Optimizing lut $abc$143663$lut$aiger143662$8598.genblk1.genblk1.genblk1.genblk1.genblk1.genblk1.genblk1.lut0.genblk1.genblk1.genblk1.genblk1.genblk1.genblk1.lut1.genblk1.genblk1.genblk1.genblk1.genblk1.lut0 (4 -> 2)
  Optimizing lut $abc$143663$lut$aiger143662$8598.genblk1.genblk1.genblk1.genblk1.genblk1.genblk1.genblk1.lut0.genblk1.genblk1.genblk1.genblk1.genblk1.genblk1.lut0.genblk1.genblk1.genblk1.genblk1.genblk1.lut0 (4 -> 0)
  Optimizing lut $abc$143663$lut$aiger143662$8598.genblk1.genblk1.genblk1.genblk1.genblk1.genblk1.genblk1.lut1.genblk1.genblk1.genblk1.genblk1.genblk1.genblk1.lut1.genblk1.genblk1.genblk1.genblk1.genblk1.lut0 (4 -> 0)
  Optimizing lut $abc$143663$lut$aiger143662$8598.genblk1.genblk1.genblk1.genblk1.genblk1.genblk1.genblk1.lut1.genblk1.genblk1.genblk1.genblk1.genblk1.genblk1.lut0.genblk1.genblk1.genblk1.genblk1.genblk1.lut0 (4 -> 0)
  Optimizing lut $abc$143663$lut$aiger143662$8591.genblk1.genblk1.genblk1.genblk1.genblk1.genblk1.lut0.genblk1.genblk1.genblk1.genblk1.genblk1.lut1 (4 -> 1)
  Optimizing lut $abc$143663$lut$aiger143662$8575.genblk1.genblk1.genblk1.genblk1.genblk1.genblk1.genblk1.lut0.genblk1.genblk1.genblk1.genblk1.genblk1.genblk1.lut0.genblk1.genblk1.genblk1.genblk1.genblk1.lut0 (4 -> 3)
  Optimizing lut $abc$143663$lut$aiger143662$8575.genblk1.genblk1.genblk1.genblk1.genblk1.genblk1.genblk1.lut1.genblk1.genblk1.genblk1.genblk1.genblk1.genblk1.lut1.genblk1.genblk1.genblk1.genblk1.genblk1.lut0 (4 -> 1)
  Optimizing lut $abc$143663$lut$aiger143662$8575.genblk1.genblk1.genblk1.genblk1.genblk1.genblk1.genblk1.lut1.genblk1.genblk1.genblk1.genblk1.genblk1.genblk1.lut0.genblk1.genblk1.genblk1.genblk1.genblk1.lut0 (4 -> 1)
  Optimizing lut $abc$143663$lut$aiger143662$8563.genblk1.genblk1.genblk1.genblk1.genblk1.genblk1.lut0.genblk1.genblk1.genblk1.genblk1.genblk1.lut1 (4 -> 2)
  Optimizing lut $abc$143663$lut$aiger143662$8509.genblk1.genblk1.genblk1.genblk1.genblk1.genblk1.genblk1.lut0.genblk1.genblk1.genblk1.genblk1.genblk1.genblk1.lut0.genblk1.genblk1.genblk1.genblk1.genblk1.lut0 (4 -> 0)
  Optimizing lut $abc$143663$lut$aiger143662$8509.genblk1.genblk1.genblk1.genblk1.genblk1.genblk1.genblk1.lut1.genblk1.genblk1.genblk1.genblk1.genblk1.genblk1.lut1.genblk1.genblk1.genblk1.genblk1.genblk1.lut0 (4 -> 2)
  Optimizing lut $abc$143663$lut$aiger143662$8509.genblk1.genblk1.genblk1.genblk1.genblk1.genblk1.genblk1.lut1.genblk1.genblk1.genblk1.genblk1.genblk1.genblk1.lut0.genblk1.genblk1.genblk1.genblk1.genblk1.lut0 (4 -> 0)
  Optimizing lut $abc$143663$lut$aiger143662$8502.genblk1.genblk1.genblk1.genblk1.genblk1.genblk1.genblk1.lut0.genblk1.genblk1.genblk1.genblk1.genblk1.genblk1.lut1.genblk1.genblk1.genblk1.genblk1.genblk1.lut0 (4 -> 0)
  Optimizing lut $abc$143663$lut$aiger143662$8502.genblk1.genblk1.genblk1.genblk1.genblk1.genblk1.genblk1.lut0.genblk1.genblk1.genblk1.genblk1.genblk1.genblk1.lut0.genblk1.genblk1.genblk1.genblk1.genblk1.lut0 (4 -> 3)
  Optimizing lut $abc$143663$lut$aiger143662$8502.genblk1.genblk1.genblk1.genblk1.genblk1.genblk1.genblk1.lut1.genblk1.genblk1.genblk1.genblk1.genblk1.genblk1.lut1.genblk1.genblk1.genblk1.genblk1.genblk1.lut0 (4 -> 0)
  Optimizing lut $abc$143663$lut$aiger143662$8502.genblk1.genblk1.genblk1.genblk1.genblk1.genblk1.genblk1.lut1.genblk1.genblk1.genblk1.genblk1.genblk1.genblk1.lut0.genblk1.genblk1.genblk1.genblk1.genblk1.lut0 (4 -> 0)
  Optimizing lut $abc$143663$lut$aiger143662$8495.genblk1.genblk1.genblk1.genblk1.genblk1.genblk1.lut0.genblk1.genblk1.genblk1.genblk1.genblk1.lut1 (4 -> 0)
  Optimizing lut $abc$143663$lut$aiger143662$8486.genblk1.genblk1.genblk1.genblk1.genblk1.genblk1.genblk1.lut0.genblk1.genblk1.genblk1.genblk1.genblk1.genblk1.lut0.genblk1.genblk1.genblk1.genblk1.genblk1.lut0 (4 -> 3)
  Optimizing lut $abc$143663$lut$aiger143662$8486.genblk1.genblk1.genblk1.genblk1.genblk1.genblk1.genblk1.lut1.genblk1.genblk1.genblk1.genblk1.genblk1.genblk1.lut1.genblk1.genblk1.genblk1.genblk1.genblk1.lut0 (4 -> 1)
  Optimizing lut $abc$143663$lut$aiger143662$8486.genblk1.genblk1.genblk1.genblk1.genblk1.genblk1.genblk1.lut1.genblk1.genblk1.genblk1.genblk1.genblk1.genblk1.lut0.genblk1.genblk1.genblk1.genblk1.genblk1.lut0 (4 -> 1)
  Optimizing lut $abc$143663$lut$aiger$o1156.genblk1.genblk1.genblk1.genblk1.genblk1.genblk1.lut0.genblk1.genblk1.genblk1.genblk1.genblk1.lut1 (4 -> 1)
  Optimizing lut $abc$143663$lut$aiger143662$8451.genblk1.genblk1.genblk1.genblk1.genblk1.genblk1.genblk1.lut0.genblk1.genblk1.genblk1.genblk1.genblk1.genblk1.lut0.genblk1.genblk1.genblk1.genblk1.genblk1.lut0 (4 -> 3)
  Optimizing lut $abc$143663$lut$aiger143662$8451.genblk1.genblk1.genblk1.genblk1.genblk1.genblk1.genblk1.lut1.genblk1.genblk1.genblk1.genblk1.genblk1.genblk1.lut1.genblk1.genblk1.genblk1.genblk1.genblk1.lut0 (4 -> 1)
  Optimizing lut $abc$143663$lut$aiger143662$8451.genblk1.genblk1.genblk1.genblk1.genblk1.genblk1.genblk1.lut1.genblk1.genblk1.genblk1.genblk1.genblk1.genblk1.lut0.genblk1.genblk1.genblk1.genblk1.genblk1.lut0 (4 -> 1)
  Optimizing lut $abc$143663$lut$aiger$o1148.genblk1.genblk1.genblk1.genblk1.genblk1.genblk1.lut0.genblk1.genblk1.genblk1.genblk1.genblk1.lut1 (4 -> 1)
  Optimizing lut $abc$143663$lut$aiger143662$7649.genblk1.genblk1.genblk1.genblk1.genblk1.genblk1.genblk1.genblk1.lut1.genblk1.genblk1.genblk1.genblk1.genblk1.genblk1.genblk1.lut1.genblk1.genblk1.genblk1.genblk1.genblk1.genblk1.lut0.genblk1.genblk1.genblk1.genblk1.genblk1.lut1 (4 -> 0)
  Optimizing lut $abc$143663$lut$aiger143662$7649.genblk1.genblk1.genblk1.genblk1.genblk1.genblk1.genblk1.genblk1.lut1.genblk1.genblk1.genblk1.genblk1.genblk1.genblk1.genblk1.lut0.genblk1.genblk1.genblk1.genblk1.genblk1.genblk1.lut0.genblk1.genblk1.genblk1.genblk1.genblk1.lut1 (4 -> 0)
  Optimizing lut $abc$143663$lut$aiger143662$7523.genblk1.genblk1.genblk1.genblk1.genblk1.genblk1.genblk1.genblk1.lut0.genblk1.genblk1.genblk1.genblk1.genblk1.genblk1.genblk1.lut1.genblk1.genblk1.genblk1.genblk1.genblk1.genblk1.lut0.genblk1.genblk1.genblk1.genblk1.genblk1.lut1 (4 -> 1)
  Optimizing lut $abc$143663$lut$aiger143662$7606.genblk1.genblk1.genblk1.genblk1.genblk1.genblk1.genblk1.lut0.genblk1.genblk1.genblk1.genblk1.genblk1.genblk1.lut1.genblk1.genblk1.genblk1.genblk1.genblk1.lut0 (4 -> 1)
  Optimizing lut $abc$143663$lut$aiger143662$7606.genblk1.genblk1.genblk1.genblk1.genblk1.genblk1.genblk1.lut1.genblk1.genblk1.genblk1.genblk1.genblk1.genblk1.lut1.genblk1.genblk1.genblk1.genblk1.genblk1.lut0 (4 -> 0)
  Optimizing lut $abc$143663$lut$aiger143662$7606.genblk1.genblk1.genblk1.genblk1.genblk1.genblk1.genblk1.lut1.genblk1.genblk1.genblk1.genblk1.genblk1.genblk1.lut0.genblk1.genblk1.genblk1.genblk1.genblk1.lut0 (4 -> 0)
  Optimizing lut $abc$143663$lut$aiger143662$7597.genblk1.genblk1.genblk1.genblk1.genblk1.genblk1.genblk1.lut0.genblk1.genblk1.genblk1.genblk1.genblk1.genblk1.lut1.genblk1.genblk1.genblk1.genblk1.genblk1.lut0 (4 -> 0)
  Optimizing lut $abc$143663$lut$aiger143662$7597.genblk1.genblk1.genblk1.genblk1.genblk1.genblk1.genblk1.lut0.genblk1.genblk1.genblk1.genblk1.genblk1.genblk1.lut0.genblk1.genblk1.genblk1.genblk1.genblk1.lut0 (4 -> 0)
  Optimizing lut $abc$143663$lut$aiger143662$7597.genblk1.genblk1.genblk1.genblk1.genblk1.genblk1.genblk1.lut1.genblk1.genblk1.genblk1.genblk1.genblk1.genblk1.lut1.genblk1.genblk1.genblk1.genblk1.genblk1.lut0 (4 -> 0)
  Optimizing lut $abc$143663$lut$aiger143662$7597.genblk1.genblk1.genblk1.genblk1.genblk1.genblk1.genblk1.lut1.genblk1.genblk1.genblk1.genblk1.genblk1.genblk1.lut0.genblk1.genblk1.genblk1.genblk1.genblk1.lut0 (4 -> 0)
  Optimizing lut $abc$143663$lut$aiger143662$7591.genblk1.genblk1.genblk1.genblk1.genblk1.genblk1.genblk1.lut0.genblk1.genblk1.genblk1.genblk1.genblk1.genblk1.lut1.genblk1.genblk1.genblk1.genblk1.genblk1.lut0 (4 -> 2)
  Optimizing lut $abc$143663$lut$aiger143662$7591.genblk1.genblk1.genblk1.genblk1.genblk1.genblk1.genblk1.lut1.genblk1.genblk1.genblk1.genblk1.genblk1.genblk1.lut1.genblk1.genblk1.genblk1.genblk1.genblk1.lut0 (4 -> 0)
  Optimizing lut $abc$143663$lut$aiger143662$7591.genblk1.genblk1.genblk1.genblk1.genblk1.genblk1.genblk1.lut1.genblk1.genblk1.genblk1.genblk1.genblk1.genblk1.lut0.genblk1.genblk1.genblk1.genblk1.genblk1.lut0 (4 -> 0)
  Optimizing lut $abc$143663$lut$aiger143662$7565.genblk1.genblk1.genblk1.genblk1.genblk1.genblk1.lut0.genblk1.genblk1.genblk1.genblk1.genblk1.lut1 (4 -> 0)
  Optimizing lut $abc$143663$lut$aiger143662$7523.genblk1.genblk1.genblk1.genblk1.genblk1.genblk1.genblk1.genblk1.lut1.genblk1.genblk1.genblk1.genblk1.genblk1.genblk1.genblk1.lut1.genblk1.genblk1.genblk1.genblk1.genblk1.genblk1.lut0.genblk1.genblk1.genblk1.genblk1.genblk1.lut1 (4 -> 0)
  Optimizing lut $abc$143663$lut$aiger143662$7523.genblk1.genblk1.genblk1.genblk1.genblk1.genblk1.genblk1.genblk1.lut1.genblk1.genblk1.genblk1.genblk1.genblk1.genblk1.genblk1.lut0.genblk1.genblk1.genblk1.genblk1.genblk1.genblk1.lut0.genblk1.genblk1.genblk1.genblk1.genblk1.lut1 (4 -> 0)
  Optimizing lut $abc$143663$lut$aiger143662$7504.genblk1.genblk1.genblk1.genblk1.genblk1.genblk1.genblk1.genblk1.lut0.genblk1.genblk1.genblk1.genblk1.genblk1.genblk1.genblk1.lut1.genblk1.genblk1.genblk1.genblk1.genblk1.genblk1.lut0.genblk1.genblk1.genblk1.genblk1.genblk1.lut1 (4 -> 1)
  Optimizing lut $abc$143663$lut$aiger143662$7509.genblk1.genblk1.genblk1.genblk1.genblk1.genblk1.lut0.genblk1.genblk1.genblk1.genblk1.genblk1.lut1 (4 -> 0)
  Optimizing lut $abc$143663$lut$aiger143662$7504.genblk1.genblk1.genblk1.genblk1.genblk1.genblk1.genblk1.genblk1.lut1.genblk1.genblk1.genblk1.genblk1.genblk1.genblk1.genblk1.lut1.genblk1.genblk1.genblk1.genblk1.genblk1.genblk1.lut0.genblk1.genblk1.genblk1.genblk1.genblk1.lut1 (4 -> 0)
  Optimizing lut $abc$143663$lut$aiger143662$7504.genblk1.genblk1.genblk1.genblk1.genblk1.genblk1.genblk1.genblk1.lut1.genblk1.genblk1.genblk1.genblk1.genblk1.genblk1.genblk1.lut0.genblk1.genblk1.genblk1.genblk1.genblk1.genblk1.lut0.genblk1.genblk1.genblk1.genblk1.genblk1.lut1 (4 -> 0)
  Optimizing lut $abc$143663$lut$aiger143662$7383.genblk1.genblk1.genblk1.genblk1.genblk1.genblk1.genblk1.genblk1.lut0.genblk1.genblk1.genblk1.genblk1.genblk1.genblk1.genblk1.lut1.genblk1.genblk1.genblk1.genblk1.genblk1.genblk1.lut0.genblk1.genblk1.genblk1.genblk1.genblk1.lut1 (4 -> 0)
  Optimizing lut $abc$143663$lut$aiger143662$7486.genblk1.genblk1.genblk1.genblk1.genblk1.genblk1.lut0.genblk1.genblk1.genblk1.genblk1.genblk1.lut1 (4 -> 0)
  Optimizing lut $abc$143663$lut$aiger143662$7452.genblk1.genblk1.genblk1.genblk1.genblk1.genblk1.genblk1.lut0.genblk1.genblk1.genblk1.genblk1.genblk1.genblk1.lut0.genblk1.genblk1.genblk1.genblk1.genblk1.lut0 (4 -> 3)
  Optimizing lut $abc$143663$lut$aiger143662$7452.genblk1.genblk1.genblk1.genblk1.genblk1.genblk1.genblk1.lut1.genblk1.genblk1.genblk1.genblk1.genblk1.genblk1.lut1.genblk1.genblk1.genblk1.genblk1.genblk1.lut0 (4 -> 1)
  Optimizing lut $abc$143663$lut$aiger143662$7452.genblk1.genblk1.genblk1.genblk1.genblk1.genblk1.genblk1.lut1.genblk1.genblk1.genblk1.genblk1.genblk1.genblk1.lut0.genblk1.genblk1.genblk1.genblk1.genblk1.lut0 (4 -> 1)
  Optimizing lut $abc$143663$lut$aiger143662$7430.genblk1.genblk1.genblk1.genblk1.genblk1.genblk1.genblk1.lut0.genblk1.genblk1.genblk1.genblk1.genblk1.genblk1.lut1.genblk1.genblk1.genblk1.genblk1.genblk1.lut0 (4 -> 2)
  Optimizing lut $abc$143663$lut$aiger143662$7430.genblk1.genblk1.genblk1.genblk1.genblk1.genblk1.genblk1.lut1.genblk1.genblk1.genblk1.genblk1.genblk1.genblk1.lut1.genblk1.genblk1.genblk1.genblk1.genblk1.lut0 (4 -> 0)
  Optimizing lut $abc$143663$lut$aiger143662$7430.genblk1.genblk1.genblk1.genblk1.genblk1.genblk1.genblk1.lut1.genblk1.genblk1.genblk1.genblk1.genblk1.genblk1.lut0.genblk1.genblk1.genblk1.genblk1.genblk1.lut0 (4 -> 0)
  Optimizing lut $abc$143663$lut$aiger143662$7419.genblk1.genblk1.genblk1.genblk1.genblk1.genblk1.lut0.genblk1.genblk1.genblk1.genblk1.genblk1.lut1 (4 -> 2)
  Optimizing lut $abc$143663$lut$aiger143662$7383.genblk1.genblk1.genblk1.genblk1.genblk1.genblk1.genblk1.genblk1.lut1.genblk1.genblk1.genblk1.genblk1.genblk1.genblk1.genblk1.lut1.genblk1.genblk1.genblk1.genblk1.genblk1.genblk1.lut0.genblk1.genblk1.genblk1.genblk1.genblk1.lut1 (4 -> 0)
  Optimizing lut $abc$143663$lut$aiger143662$7383.genblk1.genblk1.genblk1.genblk1.genblk1.genblk1.genblk1.genblk1.lut1.genblk1.genblk1.genblk1.genblk1.genblk1.genblk1.genblk1.lut0.genblk1.genblk1.genblk1.genblk1.genblk1.genblk1.lut0.genblk1.genblk1.genblk1.genblk1.genblk1.lut1 (4 -> 0)
  Optimizing lut $abc$143663$lut$aiger143662$7357.genblk1.genblk1.genblk1.genblk1.genblk1.genblk1.genblk1.genblk1.lut0.genblk1.genblk1.genblk1.genblk1.genblk1.genblk1.genblk1.lut1.genblk1.genblk1.genblk1.genblk1.genblk1.genblk1.lut0.genblk1.genblk1.genblk1.genblk1.genblk1.lut1 (4 -> 1)
  Optimizing lut $abc$143663$lut$aiger143662$7372.genblk1.genblk1.genblk1.genblk1.genblk1.genblk1.genblk1.lut0.genblk1.genblk1.genblk1.genblk1.genblk1.genblk1.lut1.genblk1.genblk1.genblk1.genblk1.genblk1.lut0 (4 -> 1)
  Optimizing lut $abc$143663$lut$aiger143662$7372.genblk1.genblk1.genblk1.genblk1.genblk1.genblk1.genblk1.lut0.genblk1.genblk1.genblk1.genblk1.genblk1.genblk1.lut0.genblk1.genblk1.genblk1.genblk1.genblk1.lut0 (4 -> 3)
  Optimizing lut $abc$143663$lut$aiger143662$7372.genblk1.genblk1.genblk1.genblk1.genblk1.genblk1.genblk1.lut1.genblk1.genblk1.genblk1.genblk1.genblk1.genblk1.lut1.genblk1.genblk1.genblk1.genblk1.genblk1.lut0 (4 -> 1)
  Optimizing lut $abc$143663$lut$aiger143662$7372.genblk1.genblk1.genblk1.genblk1.genblk1.genblk1.genblk1.lut1.genblk1.genblk1.genblk1.genblk1.genblk1.genblk1.lut0.genblk1.genblk1.genblk1.genblk1.genblk1.lut0 (4 -> 1)
  Optimizing lut $abc$143663$lut$aiger143662$7357.genblk1.genblk1.genblk1.genblk1.genblk1.genblk1.genblk1.genblk1.lut1.genblk1.genblk1.genblk1.genblk1.genblk1.genblk1.genblk1.lut1.genblk1.genblk1.genblk1.genblk1.genblk1.genblk1.lut0.genblk1.genblk1.genblk1.genblk1.genblk1.lut1 (4 -> 0)
  Optimizing lut $abc$143663$lut$aiger143662$7357.genblk1.genblk1.genblk1.genblk1.genblk1.genblk1.genblk1.genblk1.lut1.genblk1.genblk1.genblk1.genblk1.genblk1.genblk1.genblk1.lut0.genblk1.genblk1.genblk1.genblk1.genblk1.genblk1.lut0.genblk1.genblk1.genblk1.genblk1.genblk1.lut1 (4 -> 0)
  Optimizing lut $abc$143663$lut$aiger143662$7297.genblk1.genblk1.genblk1.genblk1.genblk1.genblk1.genblk1.genblk1.lut0.genblk1.genblk1.genblk1.genblk1.genblk1.genblk1.genblk1.lut1.genblk1.genblk1.genblk1.genblk1.genblk1.genblk1.lut0.genblk1.genblk1.genblk1.genblk1.genblk1.lut1 (4 -> 1)
  Optimizing lut $abc$143663$lut$aiger143662$7333.genblk1.genblk1.genblk1.genblk1.genblk1.genblk1.genblk1.lut0.genblk1.genblk1.genblk1.genblk1.genblk1.genblk1.lut1.genblk1.genblk1.genblk1.genblk1.genblk1.lut0 (4 -> 2)
  Optimizing lut $abc$143663$lut$aiger143662$7333.genblk1.genblk1.genblk1.genblk1.genblk1.genblk1.genblk1.lut1.genblk1.genblk1.genblk1.genblk1.genblk1.genblk1.lut1.genblk1.genblk1.genblk1.genblk1.genblk1.lut0 (4 -> 0)
  Optimizing lut $abc$143663$lut$aiger143662$7333.genblk1.genblk1.genblk1.genblk1.genblk1.genblk1.genblk1.lut1.genblk1.genblk1.genblk1.genblk1.genblk1.genblk1.lut0.genblk1.genblk1.genblk1.genblk1.genblk1.lut0 (4 -> 0)
  Optimizing lut $abc$143663$lut$aiger143662$7303.genblk1.genblk1.genblk1.genblk1.genblk1.genblk1.genblk1.lut0.genblk1.genblk1.genblk1.genblk1.genblk1.genblk1.lut1.genblk1.genblk1.genblk1.genblk1.genblk1.lut0 (4 -> 2)
  Optimizing lut $abc$143663$lut$aiger143662$7303.genblk1.genblk1.genblk1.genblk1.genblk1.genblk1.genblk1.lut0.genblk1.genblk1.genblk1.genblk1.genblk1.genblk1.lut0.genblk1.genblk1.genblk1.genblk1.genblk1.lut0 (4 -> 0)
  Optimizing lut $abc$143663$lut$aiger143662$7303.genblk1.genblk1.genblk1.genblk1.genblk1.genblk1.genblk1.lut1.genblk1.genblk1.genblk1.genblk1.genblk1.genblk1.lut0.genblk1.genblk1.genblk1.genblk1.genblk1.lut0 (4 -> 0)
  Optimizing lut $abc$143663$lut$aiger143662$7297.genblk1.genblk1.genblk1.genblk1.genblk1.genblk1.genblk1.genblk1.lut1.genblk1.genblk1.genblk1.genblk1.genblk1.genblk1.genblk1.lut1.genblk1.genblk1.genblk1.genblk1.genblk1.genblk1.lut0.genblk1.genblk1.genblk1.genblk1.genblk1.lut1 (4 -> 0)
  Optimizing lut $abc$143663$lut$aiger143662$7297.genblk1.genblk1.genblk1.genblk1.genblk1.genblk1.genblk1.genblk1.lut1.genblk1.genblk1.genblk1.genblk1.genblk1.genblk1.genblk1.lut0.genblk1.genblk1.genblk1.genblk1.genblk1.genblk1.lut0.genblk1.genblk1.genblk1.genblk1.genblk1.lut1 (4 -> 0)
  Optimizing lut $abc$143663$lut$aiger143662$7283.genblk1.genblk1.genblk1.genblk1.genblk1.genblk1.genblk1.lut1.genblk1.genblk1.genblk1.genblk1.genblk1.genblk1.lut0.genblk1.genblk1.genblk1.genblk1.genblk1.lut1 (4 -> 0)
  Optimizing lut $abc$143663$lut$aiger143662$7283.genblk1.genblk1.genblk1.genblk1.genblk1.genblk1.genblk1.lut0.genblk1.genblk1.genblk1.genblk1.genblk1.genblk1.lut1.genblk1.genblk1.genblk1.genblk1.genblk1.lut0 (4 -> 2)
  Optimizing lut $abc$143663$lut$aiger143662$7283.genblk1.genblk1.genblk1.genblk1.genblk1.genblk1.genblk1.lut1.genblk1.genblk1.genblk1.genblk1.genblk1.genblk1.lut1.genblk1.genblk1.genblk1.genblk1.genblk1.lut0 (4 -> 0)
  Optimizing lut $abc$143663$lut$aiger143662$7283.genblk1.genblk1.genblk1.genblk1.genblk1.genblk1.genblk1.lut1.genblk1.genblk1.genblk1.genblk1.genblk1.genblk1.lut0.genblk1.genblk1.genblk1.genblk1.genblk1.lut0 (4 -> 0)
  Optimizing lut $abc$143663$lut$aiger$o1112.genblk1.genblk1.genblk1.genblk1.genblk1.genblk1.lut0.genblk1.genblk1.genblk1.genblk1.genblk1.lut1 (4 -> 0)
  Optimizing lut $auto$abc_ops_reintegrate.cc:611:reintegrate$144132.genblk1.genblk1.genblk1.genblk1.genblk1.genblk1.lut0.genblk1.genblk1.genblk1.genblk1.genblk1.lut0 (4 -> 3)
  Optimizing lut $auto$abc_ops_reintegrate.cc:611:reintegrate$144131.genblk1.genblk1.genblk1.genblk1.genblk1.genblk1.lut1.genblk1.genblk1.genblk1.genblk1.genblk1.lut0 (4 -> 1)
  Optimizing lut $auto$abc_ops_reintegrate.cc:611:reintegrate$144131.genblk1.genblk1.genblk1.genblk1.genblk1.genblk1.lut0.genblk1.genblk1.genblk1.genblk1.genblk1.lut0 (4 -> 3)
  Optimizing lut $auto$abc_ops_reintegrate.cc:611:reintegrate$144130.genblk1.genblk1.genblk1.genblk1.genblk1.genblk1.lut1.genblk1.genblk1.genblk1.genblk1.genblk1.lut0 (4 -> 1)
  Optimizing lut $auto$abc_ops_reintegrate.cc:611:reintegrate$144130.genblk1.genblk1.genblk1.genblk1.genblk1.genblk1.lut0.genblk1.genblk1.genblk1.genblk1.genblk1.lut0 (4 -> 3)
  Optimizing lut $auto$abc_ops_reintegrate.cc:611:reintegrate$144127.genblk1.genblk1.genblk1.genblk1.genblk1.lut1 (4 -> 1)
  Optimizing lut $abc$143663$lut$aiger$o52.genblk1.genblk1.genblk1.genblk1.genblk1.genblk1.lut0.genblk1.genblk1.genblk1.genblk1.genblk1.lut0 (4 -> 3)
  Optimizing lut $abc$143663$lut$aiger$o48.genblk1.genblk1.genblk1.genblk1.genblk1.genblk1.lut1.genblk1.genblk1.genblk1.genblk1.genblk1.lut0 (4 -> 1)
  Optimizing lut $abc$143663$lut$aiger$o48.genblk1.genblk1.genblk1.genblk1.genblk1.genblk1.lut0.genblk1.genblk1.genblk1.genblk1.genblk1.lut0 (4 -> 3)
  Optimizing lut $abc$143663$lut$aiger$o44.genblk1.genblk1.genblk1.genblk1.genblk1.genblk1.lut1.genblk1.genblk1.genblk1.genblk1.genblk1.lut0 (4 -> 1)
  Optimizing lut $abc$143663$lut$aiger$o44.genblk1.genblk1.genblk1.genblk1.genblk1.genblk1.lut0.genblk1.genblk1.genblk1.genblk1.genblk1.lut0 (4 -> 3)
  Optimizing lut $abc$143663$lut$aiger$o40.genblk1.genblk1.genblk1.genblk1.genblk1.genblk1.lut1.genblk1.genblk1.genblk1.genblk1.genblk1.lut0 (4 -> 1)
  Optimizing lut $abc$143663$lut$aiger$o40.genblk1.genblk1.genblk1.genblk1.genblk1.genblk1.lut0.genblk1.genblk1.genblk1.genblk1.genblk1.lut0 (4 -> 3)
  Optimizing lut $abc$143663$lut$aiger$o36.genblk1.genblk1.genblk1.genblk1.genblk1.genblk1.lut1.genblk1.genblk1.genblk1.genblk1.genblk1.lut0 (4 -> 1)
  Optimizing lut $abc$143663$lut$aiger$o36.genblk1.genblk1.genblk1.genblk1.genblk1.genblk1.lut0.genblk1.genblk1.genblk1.genblk1.genblk1.lut0 (4 -> 3)
  Optimizing lut $abc$143663$lut$aiger$o32.genblk1.genblk1.genblk1.genblk1.genblk1.genblk1.lut1.genblk1.genblk1.genblk1.genblk1.genblk1.lut0 (4 -> 1)
  Optimizing lut $abc$143663$lut$aiger$o32.genblk1.genblk1.genblk1.genblk1.genblk1.genblk1.lut0.genblk1.genblk1.genblk1.genblk1.genblk1.lut0 (4 -> 3)
  Optimizing lut $abc$143663$lut$aiger$o28.genblk1.genblk1.genblk1.genblk1.genblk1.genblk1.lut1.genblk1.genblk1.genblk1.genblk1.genblk1.lut0 (4 -> 1)
  Optimizing lut $abc$143663$lut$aiger$o28.genblk1.genblk1.genblk1.genblk1.genblk1.genblk1.lut0.genblk1.genblk1.genblk1.genblk1.genblk1.lut0 (4 -> 3)
  Optimizing lut $abc$143663$lut$aiger$o253.genblk1.genblk1.genblk1.genblk1.genblk1.lut1 (4 -> 2)
  Optimizing lut $abc$143663$lut$aiger$o352.genblk1.genblk1.genblk1.genblk1.genblk1.genblk1.lut0.genblk1.genblk1.genblk1.genblk1.genblk1.lut0 (4 -> 3)
  Optimizing lut $abc$143663$lut$aiger$o348.genblk1.genblk1.genblk1.genblk1.genblk1.genblk1.lut1.genblk1.genblk1.genblk1.genblk1.genblk1.lut0 (4 -> 1)
  Optimizing lut $abc$143663$lut$aiger$o348.genblk1.genblk1.genblk1.genblk1.genblk1.genblk1.lut0.genblk1.genblk1.genblk1.genblk1.genblk1.lut0 (4 -> 3)
  Optimizing lut $abc$143663$lut$aiger$o344.genblk1.genblk1.genblk1.genblk1.genblk1.lut1 (4 -> 1)
  Optimizing lut $abc$143663$lut$aiger$o340.genblk1.genblk1.genblk1.genblk1.genblk1.genblk1.lut0.genblk1.genblk1.genblk1.genblk1.genblk1.lut0 (4 -> 3)
  Optimizing lut $abc$143663$lut$aiger$o336.genblk1.genblk1.genblk1.genblk1.genblk1.genblk1.lut1.genblk1.genblk1.genblk1.genblk1.genblk1.lut0 (4 -> 1)
  Optimizing lut $abc$143663$lut$aiger$o336.genblk1.genblk1.genblk1.genblk1.genblk1.genblk1.lut0.genblk1.genblk1.genblk1.genblk1.genblk1.lut0 (4 -> 3)
  Optimizing lut $abc$143663$lut$aiger$o328.genblk1.genblk1.genblk1.genblk1.genblk1.genblk1.lut1.genblk1.genblk1.genblk1.genblk1.genblk1.lut0 (4 -> 1)
  Optimizing lut $abc$143663$lut$aiger$o328.genblk1.genblk1.genblk1.genblk1.genblk1.genblk1.lut0.genblk1.genblk1.genblk1.genblk1.genblk1.lut0 (4 -> 3)
  Optimizing lut $abc$143663$lut$aiger$o324.genblk1.genblk1.genblk1.genblk1.genblk1.lut1 (4 -> 3)
  Optimizing lut $abc$143663$lut$aiger$o320.genblk1.genblk1.genblk1.genblk1.genblk1.genblk1.lut0.genblk1.genblk1.genblk1.genblk1.genblk1.lut0 (4 -> 3)
  Optimizing lut $abc$143663$lut$aiger$o316.genblk1.genblk1.genblk1.genblk1.genblk1.genblk1.lut1.genblk1.genblk1.genblk1.genblk1.genblk1.lut0 (4 -> 1)
  Optimizing lut $abc$143663$lut$aiger$o316.genblk1.genblk1.genblk1.genblk1.genblk1.genblk1.lut0.genblk1.genblk1.genblk1.genblk1.genblk1.lut0 (4 -> 3)
  Optimizing lut $abc$143663$lut$aiger$o312.genblk1.genblk1.genblk1.genblk1.genblk1.genblk1.lut1.genblk1.genblk1.genblk1.genblk1.genblk1.lut0 (4 -> 1)
  Optimizing lut $abc$143663$lut$aiger$o312.genblk1.genblk1.genblk1.genblk1.genblk1.genblk1.lut0.genblk1.genblk1.genblk1.genblk1.genblk1.lut0 (4 -> 3)
  Optimizing lut $abc$143663$lut$aiger$o300.genblk1.genblk1.genblk1.genblk1.genblk1.genblk1.lut1.genblk1.genblk1.genblk1.genblk1.genblk1.lut0 (4 -> 1)
  Optimizing lut $abc$143663$lut$aiger$o300.genblk1.genblk1.genblk1.genblk1.genblk1.genblk1.lut0.genblk1.genblk1.genblk1.genblk1.genblk1.lut0 (4 -> 3)
  Optimizing lut $abc$143663$lut$aiger$o296.genblk1.genblk1.genblk1.genblk1.genblk1.genblk1.lut1.genblk1.genblk1.genblk1.genblk1.genblk1.lut0 (4 -> 1)
  Optimizing lut $abc$143663$lut$aiger$o296.genblk1.genblk1.genblk1.genblk1.genblk1.genblk1.lut0.genblk1.genblk1.genblk1.genblk1.genblk1.lut0 (4 -> 3)
  Optimizing lut $abc$143663$lut$aiger$o292.genblk1.genblk1.genblk1.genblk1.genblk1.genblk1.lut1.genblk1.genblk1.genblk1.genblk1.genblk1.lut0 (4 -> 1)
  Optimizing lut $abc$143663$lut$aiger$o292.genblk1.genblk1.genblk1.genblk1.genblk1.genblk1.lut0.genblk1.genblk1.genblk1.genblk1.genblk1.lut0 (4 -> 3)
  Optimizing lut $abc$143663$lut$aiger$o288.genblk1.genblk1.genblk1.genblk1.genblk1.genblk1.lut1.genblk1.genblk1.genblk1.genblk1.genblk1.lut0 (4 -> 1)
  Optimizing lut $abc$143663$lut$aiger$o288.genblk1.genblk1.genblk1.genblk1.genblk1.genblk1.lut0.genblk1.genblk1.genblk1.genblk1.genblk1.lut0 (4 -> 3)
  Optimizing lut $auto$abc_ops_reintegrate.cc:611:reintegrate$143792.genblk1.genblk1.genblk1.genblk1.genblk1.lut1 (4 -> 3)
  Optimizing lut $abc$143663$lut$aiger$o1200.genblk1.genblk1.genblk1.genblk1.genblk1.genblk1.lut0.genblk1.genblk1.genblk1.genblk1.genblk1.lut0 (4 -> 3)
  Optimizing lut $auto$abc_ops_reintegrate.cc:611:reintegrate$143763.genblk1.genblk1.genblk1.genblk1.genblk1.lut1 (4 -> 3)
  Optimizing lut $abc$143663$lut$aiger$o1192.genblk1.genblk1.genblk1.genblk1.genblk1.genblk1.lut0.genblk1.genblk1.genblk1.genblk1.genblk1.lut0 (4 -> 3)
  Optimizing lut $auto$abc_ops_reintegrate.cc:611:reintegrate$143761.genblk1.genblk1.genblk1.genblk1.genblk1.lut1 (4 -> 3)
  Optimizing lut $abc$143663$lut$aiger$o1140.genblk1.genblk1.genblk1.genblk1.genblk1.genblk1.lut0.genblk1.genblk1.genblk1.genblk1.genblk1.lut0 (4 -> 3)
  Optimizing lut $auto$abc_ops_reintegrate.cc:611:reintegrate$143756.genblk1.genblk1.genblk1.genblk1.genblk1.lut1 (4 -> 3)
  Optimizing lut $abc$143663$lut$aiger$o1136.genblk1.genblk1.genblk1.genblk1.genblk1.genblk1.lut0.genblk1.genblk1.genblk1.genblk1.genblk1.lut0 (4 -> 3)
  Optimizing lut $auto$abc_ops_reintegrate.cc:611:reintegrate$143755.genblk1.genblk1.genblk1.genblk1.genblk1.lut1 (4 -> 3)
  Optimizing lut $abc$143663$lut$aiger$o1132.genblk1.genblk1.genblk1.genblk1.genblk1.genblk1.lut0.genblk1.genblk1.genblk1.genblk1.genblk1.lut0 (4 -> 3)
  Optimizing lut $auto$abc_ops_reintegrate.cc:611:reintegrate$143754.genblk1.genblk1.genblk1.genblk1.genblk1.lut1 (4 -> 3)
  Optimizing lut $abc$143663$lut$aiger$o1128.genblk1.genblk1.genblk1.genblk1.genblk1.genblk1.lut0.genblk1.genblk1.genblk1.genblk1.genblk1.lut0 (4 -> 3)
  Optimizing lut $auto$abc_ops_reintegrate.cc:611:reintegrate$143753.genblk1.genblk1.genblk1.genblk1.genblk1.lut1 (4 -> 3)
  Optimizing lut $abc$143663$lut$aiger$o1124.genblk1.genblk1.genblk1.genblk1.genblk1.genblk1.lut0.genblk1.genblk1.genblk1.genblk1.genblk1.lut0 (4 -> 3)
  Optimizing lut $auto$abc_ops_reintegrate.cc:611:reintegrate$143752.genblk1.genblk1.genblk1.genblk1.genblk1.lut1 (4 -> 3)
  Optimizing lut $abc$143663$lut$aiger$o1120.genblk1.genblk1.genblk1.genblk1.genblk1.genblk1.lut0.genblk1.genblk1.genblk1.genblk1.genblk1.lut0 (4 -> 3)
  Optimizing lut $auto$abc_ops_reintegrate.cc:611:reintegrate$143751.genblk1.genblk1.genblk1.genblk1.genblk1.lut1 (4 -> 3)
  Optimizing lut $abc$143663$lut$aiger$o1116.genblk1.genblk1.genblk1.genblk1.genblk1.genblk1.lut0.genblk1.genblk1.genblk1.genblk1.genblk1.lut0 (4 -> 3)
  Optimizing lut $auto$abc_ops_reintegrate.cc:611:reintegrate$143750.genblk1.genblk1.genblk1.genblk1.genblk1.lut1 (4 -> 3)
  Optimizing lut $auto$abc_ops_reintegrate.cc:611:reintegrate$143749.genblk1.genblk1.genblk1.genblk1.genblk1.lut1 (4 -> 3)
  Optimizing lut $abc$143663$lut$aiger143662$7297.genblk1.genblk1.genblk1.genblk1.genblk1.genblk1.genblk1.genblk1.lut1.genblk1.genblk1.genblk1.genblk1.genblk1.genblk1.genblk1.lut0.genblk1.genblk1.genblk1.genblk1.genblk1.genblk1.lut1.genblk1.genblk1.genblk1.genblk1.genblk1.lut0 (4 -> 0)
  Optimizing lut $abc$143663$lut$aiger143662$7297.genblk1.genblk1.genblk1.genblk1.genblk1.genblk1.genblk1.genblk1.lut1.genblk1.genblk1.genblk1.genblk1.genblk1.genblk1.genblk1.lut1.genblk1.genblk1.genblk1.genblk1.genblk1.genblk1.lut1.genblk1.genblk1.genblk1.genblk1.genblk1.lut1 (4 -> 0)
  Optimizing lut $abc$143663$lut$aiger143662$7297.genblk1.genblk1.genblk1.genblk1.genblk1.genblk1.genblk1.genblk1.lut0.genblk1.genblk1.genblk1.genblk1.genblk1.genblk1.genblk1.lut1.genblk1.genblk1.genblk1.genblk1.genblk1.genblk1.lut1.genblk1.genblk1.genblk1.genblk1.genblk1.lut1 (4 -> 1)
  Optimizing lut $abc$143663$lut$aiger143662$7303.genblk1.genblk1.genblk1.genblk1.genblk1.genblk1.genblk1.lut0.genblk1.genblk1.genblk1.genblk1.genblk1.genblk1.lut0.genblk1.genblk1.genblk1.genblk1.genblk1.lut1 (4 -> 0)
  Optimizing lut $abc$143663$lut$aiger143662$7333.genblk1.genblk1.genblk1.genblk1.genblk1.genblk1.genblk1.lut1.genblk1.genblk1.genblk1.genblk1.genblk1.genblk1.lut0.genblk1.genblk1.genblk1.genblk1.genblk1.lut1 (4 -> 0)
  Optimizing lut $abc$143663$lut$aiger143662$7307.genblk1.genblk1.genblk1.genblk1.genblk1.lut1 (4 -> 0)
  Optimizing lut $abc$143663$lut$aiger143662$7357.genblk1.genblk1.genblk1.genblk1.genblk1.genblk1.genblk1.genblk1.lut1.genblk1.genblk1.genblk1.genblk1.genblk1.genblk1.genblk1.lut0.genblk1.genblk1.genblk1.genblk1.genblk1.genblk1.lut1.genblk1.genblk1.genblk1.genblk1.genblk1.lut0 (4 -> 0)
  Optimizing lut $abc$143663$lut$aiger143662$7357.genblk1.genblk1.genblk1.genblk1.genblk1.genblk1.genblk1.genblk1.lut0.genblk1.genblk1.genblk1.genblk1.genblk1.genblk1.genblk1.lut1.genblk1.genblk1.genblk1.genblk1.genblk1.genblk1.lut1.genblk1.genblk1.genblk1.genblk1.genblk1.lut1 (4 -> 1)
  Optimizing lut $abc$143663$lut$aiger143662$7372.genblk1.genblk1.genblk1.genblk1.genblk1.genblk1.genblk1.lut0.genblk1.genblk1.genblk1.genblk1.genblk1.genblk1.lut0.genblk1.genblk1.genblk1.genblk1.genblk1.lut1 (4 -> 3)
  Optimizing lut $abc$143663$lut$aiger143662$7383.genblk1.genblk1.genblk1.genblk1.genblk1.genblk1.genblk1.genblk1.lut1.genblk1.genblk1.genblk1.genblk1.genblk1.genblk1.genblk1.lut0.genblk1.genblk1.genblk1.genblk1.genblk1.genblk1.lut1.genblk1.genblk1.genblk1.genblk1.genblk1.lut0 (4 -> 0)
  Optimizing lut $abc$143663$lut$aiger143662$7383.genblk1.genblk1.genblk1.genblk1.genblk1.genblk1.genblk1.genblk1.lut0.genblk1.genblk1.genblk1.genblk1.genblk1.genblk1.genblk1.lut1.genblk1.genblk1.genblk1.genblk1.genblk1.genblk1.lut1.genblk1.genblk1.genblk1.genblk1.genblk1.lut1 (4 -> 0)
  Optimizing lut $abc$143663$lut$aiger143662$7387.genblk1.genblk1.genblk1.genblk1.genblk1.lut1 (4 -> 0)
  Optimizing lut $abc$143663$lut$aiger143662$7452.genblk1.genblk1.genblk1.genblk1.genblk1.genblk1.genblk1.lut1.genblk1.genblk1.genblk1.genblk1.genblk1.genblk1.lut0.genblk1.genblk1.genblk1.genblk1.genblk1.lut1 (4 -> 1)
  Optimizing lut $abc$143663$lut$aiger143662$7434.genblk1.genblk1.genblk1.genblk1.genblk1.lut1 (4 -> 0)
  Optimizing lut $abc$143663$lut$aiger143662$7504.genblk1.genblk1.genblk1.genblk1.genblk1.genblk1.genblk1.genblk1.lut1.genblk1.genblk1.genblk1.genblk1.genblk1.genblk1.genblk1.lut0.genblk1.genblk1.genblk1.genblk1.genblk1.genblk1.lut1.genblk1.genblk1.genblk1.genblk1.genblk1.lut0 (4 -> 0)
  Optimizing lut $abc$143663$lut$aiger143662$7462.genblk1.genblk1.genblk1.genblk1.genblk1.genblk1.lut1.genblk1.genblk1.genblk1.genblk1.genblk1.lut0 (4 -> 0)
  Optimizing lut $abc$143663$lut$aiger143662$7462.genblk1.genblk1.genblk1.genblk1.genblk1.genblk1.lut0.genblk1.genblk1.genblk1.genblk1.genblk1.lut0 (4 -> 0)
  Optimizing lut $abc$143663$lut$aiger143662$7472.genblk1.genblk1.genblk1.genblk1.genblk1.lut1 (4 -> 0)
  Optimizing lut $abc$143663$lut$aiger143662$7486.genblk1.genblk1.genblk1.genblk1.genblk1.genblk1.lut0.genblk1.genblk1.genblk1.genblk1.genblk1.lut0 (4 -> 2)
  Optimizing lut $abc$143663$lut$aiger143662$7490.genblk1.genblk1.genblk1.genblk1.genblk1.lut1 (4 -> 0)
  Optimizing lut $abc$143663$lut$aiger143662$7504.genblk1.genblk1.genblk1.genblk1.genblk1.genblk1.genblk1.genblk1.lut0.genblk1.genblk1.genblk1.genblk1.genblk1.genblk1.genblk1.lut1.genblk1.genblk1.genblk1.genblk1.genblk1.genblk1.lut1.genblk1.genblk1.genblk1.genblk1.genblk1.lut1 (4 -> 1)
  Optimizing lut $abc$143663$lut$aiger143662$7509.genblk1.genblk1.genblk1.genblk1.genblk1.genblk1.lut0.genblk1.genblk1.genblk1.genblk1.genblk1.lut0 (4 -> 1)
  Optimizing lut $abc$143663$lut$aiger143662$7523.genblk1.genblk1.genblk1.genblk1.genblk1.genblk1.genblk1.genblk1.lut1.genblk1.genblk1.genblk1.genblk1.genblk1.genblk1.genblk1.lut1.genblk1.genblk1.genblk1.genblk1.genblk1.genblk1.lut1.genblk1.genblk1.genblk1.genblk1.genblk1.lut1 (4 -> 0)
  Optimizing lut $abc$143663$lut$aiger143662$7523.genblk1.genblk1.genblk1.genblk1.genblk1.genblk1.genblk1.genblk1.lut0.genblk1.genblk1.genblk1.genblk1.genblk1.genblk1.genblk1.lut1.genblk1.genblk1.genblk1.genblk1.genblk1.genblk1.lut1.genblk1.genblk1.genblk1.genblk1.genblk1.lut1 (4 -> 1)
  Optimizing lut $abc$143663$lut$aiger143662$7534.genblk1.genblk1.genblk1.genblk1.genblk1.lut1 (4 -> 0)
  Optimizing lut $abc$143663$lut$aiger143662$7565.genblk1.genblk1.genblk1.genblk1.genblk1.genblk1.lut0.genblk1.genblk1.genblk1.genblk1.genblk1.lut0 (4 -> 2)
  Optimizing lut $abc$143663$lut$aiger143662$7597.genblk1.genblk1.genblk1.genblk1.genblk1.genblk1.genblk1.lut1.genblk1.genblk1.genblk1.genblk1.genblk1.genblk1.lut0.genblk1.genblk1.genblk1.genblk1.genblk1.lut1 (4 -> 0)
  Optimizing lut $abc$143663$lut$aiger143662$7597.genblk1.genblk1.genblk1.genblk1.genblk1.genblk1.genblk1.lut0.genblk1.genblk1.genblk1.genblk1.genblk1.genblk1.lut0.genblk1.genblk1.genblk1.genblk1.genblk1.lut1 (4 -> 0)
  Optimizing lut $abc$143663$lut$aiger143662$7606.genblk1.genblk1.genblk1.genblk1.genblk1.genblk1.genblk1.lut1.genblk1.genblk1.genblk1.genblk1.genblk1.genblk1.lut0.genblk1.genblk1.genblk1.genblk1.genblk1.lut1 (4 -> 0)
  Optimizing lut $abc$143663$lut$aiger143662$7606.genblk1.genblk1.genblk1.genblk1.genblk1.genblk1.genblk1.lut0.genblk1.genblk1.genblk1.genblk1.genblk1.genblk1.lut0.genblk1.genblk1.genblk1.genblk1.genblk1.lut1 (4 -> 3)
  Optimizing lut $abc$143663$lut$aiger143662$7649.genblk1.genblk1.genblk1.genblk1.genblk1.genblk1.genblk1.genblk1.lut1.genblk1.genblk1.genblk1.genblk1.genblk1.genblk1.genblk1.lut0.genblk1.genblk1.genblk1.genblk1.genblk1.genblk1.lut1.genblk1.genblk1.genblk1.genblk1.genblk1.lut0 (4 -> 0)
  Optimizing lut $abc$143663$lut$aiger143662$7620.genblk1.genblk1.genblk1.genblk1.genblk1.lut1 (4 -> 1)
  Optimizing lut $abc$143663$lut$aiger143662$7649.genblk1.genblk1.genblk1.genblk1.genblk1.genblk1.genblk1.genblk1.lut0.genblk1.genblk1.genblk1.genblk1.genblk1.genblk1.genblk1.lut1.genblk1.genblk1.genblk1.genblk1.genblk1.genblk1.lut1.genblk1.genblk1.genblk1.genblk1.genblk1.lut1 (4 -> 0)
  Optimizing lut $abc$143663$lut$aiger143662$7696.genblk1.genblk1.genblk1.genblk1.genblk1.genblk1.lut0.genblk1.genblk1.genblk1.genblk1.genblk1.lut0 (4 -> 1)
  Optimizing lut $abc$143663$lut$aiger$o1148.genblk1.genblk1.genblk1.genblk1.genblk1.genblk1.lut1.genblk1.genblk1.genblk1.genblk1.genblk1.lut0 (4 -> 1)
  Optimizing lut $abc$143663$lut$aiger$o1148.genblk1.genblk1.genblk1.genblk1.genblk1.genblk1.lut0.genblk1.genblk1.genblk1.genblk1.genblk1.lut0 (4 -> 3)
  Optimizing lut $abc$143663$lut$aiger143662$9193.genblk1.genblk1.genblk1.genblk1.genblk1.lut1 (4 -> 2)
  Optimizing lut $abc$143663$lut$aiger143662$8486.genblk1.genblk1.genblk1.genblk1.genblk1.genblk1.genblk1.lut1.genblk1.genblk1.genblk1.genblk1.genblk1.genblk1.lut0.genblk1.genblk1.genblk1.genblk1.genblk1.lut1 (4 -> 1)
  Optimizing lut $abc$143663$lut$aiger$o1156.genblk1.genblk1.genblk1.genblk1.genblk1.genblk1.lut1.genblk1.genblk1.genblk1.genblk1.genblk1.lut0 (4 -> 1)
  Optimizing lut $abc$143663$lut$aiger$o1156.genblk1.genblk1.genblk1.genblk1.genblk1.genblk1.lut0.genblk1.genblk1.genblk1.genblk1.genblk1.lut0 (4 -> 3)
  Optimizing lut $abc$143663$lut$aiger143662$8469.genblk1.genblk1.genblk1.genblk1.genblk1.lut1 (4 -> 0)
  Optimizing lut $abc$143663$lut$aiger143662$8502.genblk1.genblk1.genblk1.genblk1.genblk1.genblk1.genblk1.lut1.genblk1.genblk1.genblk1.genblk1.genblk1.genblk1.lut0.genblk1.genblk1.genblk1.genblk1.genblk1.lut1 (4 -> 1)
  Optimizing lut $abc$143663$lut$aiger143662$8490.genblk1.genblk1.genblk1.genblk1.genblk1.lut1 (4 -> 0)
  Optimizing lut $abc$143663$lut$aiger143662$8495.genblk1.genblk1.genblk1.genblk1.genblk1.genblk1.lut0.genblk1.genblk1.genblk1.genblk1.genblk1.lut0 (4 -> 0)
  Optimizing lut $abc$143663$lut$aiger143662$8502.genblk1.genblk1.genblk1.genblk1.genblk1.genblk1.genblk1.lut0.genblk1.genblk1.genblk1.genblk1.genblk1.genblk1.lut0.genblk1.genblk1.genblk1.genblk1.genblk1.lut1 (4 -> 3)
  Optimizing lut $abc$143663$lut$aiger143662$8509.genblk1.genblk1.genblk1.genblk1.genblk1.genblk1.genblk1.lut1.genblk1.genblk1.genblk1.genblk1.genblk1.genblk1.lut0.genblk1.genblk1.genblk1.genblk1.genblk1.lut1 (4 -> 2)
  Optimizing lut $abc$143663$lut$aiger143662$8509.genblk1.genblk1.genblk1.genblk1.genblk1.genblk1.genblk1.lut0.genblk1.genblk1.genblk1.genblk1.genblk1.genblk1.lut0.genblk1.genblk1.genblk1.genblk1.genblk1.lut1 (4 -> 0)
  Optimizing lut $abc$143663$lut$aiger143662$8575.genblk1.genblk1.genblk1.genblk1.genblk1.genblk1.genblk1.lut1.genblk1.genblk1.genblk1.genblk1.genblk1.genblk1.lut0.genblk1.genblk1.genblk1.genblk1.genblk1.lut1 (4 -> 1)
  Optimizing lut $abc$143663$lut$aiger143662$8518.genblk1.genblk1.genblk1.genblk1.genblk1.lut1 (4 -> 2)
  Optimizing lut $abc$143663$lut$aiger143662$8557.genblk1.genblk1.genblk1.genblk1.genblk1.genblk1.lut0.genblk1.genblk1.genblk1.genblk1.genblk1.lut0 (4 -> 0)
  Optimizing lut $abc$143663$lut$aiger143662$8563.genblk1.genblk1.genblk1.genblk1.genblk1.genblk1.lut1.genblk1.genblk1.genblk1.genblk1.genblk1.lut0 (4 -> 2)
  Optimizing lut $abc$143663$lut$aiger143662$8563.genblk1.genblk1.genblk1.genblk1.genblk1.genblk1.lut0.genblk1.genblk1.genblk1.genblk1.genblk1.lut0 (4 -> 0)
  Optimizing lut $abc$143663$lut$aiger143662$8575.genblk1.genblk1.genblk1.genblk1.genblk1.genblk1.genblk1.lut0.genblk1.genblk1.genblk1.genblk1.genblk1.genblk1.lut0.genblk1.genblk1.genblk1.genblk1.genblk1.lut1 (4 -> 3)
  Optimizing lut $abc$143663$lut$aiger143662$8598.genblk1.genblk1.genblk1.genblk1.genblk1.genblk1.genblk1.lut1.genblk1.genblk1.genblk1.genblk1.genblk1.genblk1.lut0.genblk1.genblk1.genblk1.genblk1.genblk1.lut1 (4 -> 0)
  Optimizing lut $abc$143663$lut$aiger$o1228.genblk1.genblk1.genblk1.genblk1.genblk1.genblk1.lut0.genblk1.genblk1.genblk1.genblk1.genblk1.lut0 (4 -> 3)
  Optimizing lut $abc$143663$lut$aiger143662$8591.genblk1.genblk1.genblk1.genblk1.genblk1.genblk1.lut1.genblk1.genblk1.genblk1.genblk1.genblk1.lut0 (4 -> 0)
  Optimizing lut $abc$143663$lut$aiger143662$8591.genblk1.genblk1.genblk1.genblk1.genblk1.genblk1.lut0.genblk1.genblk1.genblk1.genblk1.genblk1.lut0 (4 -> 3)
  Optimizing lut $abc$143663$lut$aiger143662$8598.genblk1.genblk1.genblk1.genblk1.genblk1.genblk1.genblk1.lut0.genblk1.genblk1.genblk1.genblk1.genblk1.genblk1.lut0.genblk1.genblk1.genblk1.genblk1.genblk1.lut1 (4 -> 2)
  Optimizing lut $abc$143663$lut$aiger143662$8608.genblk1.genblk1.genblk1.genblk1.genblk1.genblk1.genblk1.lut1.genblk1.genblk1.genblk1.genblk1.genblk1.genblk1.lut0.genblk1.genblk1.genblk1.genblk1.genblk1.lut1 (4 -> 1)
  Optimizing lut $abc$143663$lut$aiger143662$8608.genblk1.genblk1.genblk1.genblk1.genblk1.genblk1.genblk1.lut0.genblk1.genblk1.genblk1.genblk1.genblk1.genblk1.lut0.genblk1.genblk1.genblk1.genblk1.genblk1.lut1 (4 -> 3)
  Optimizing lut $abc$143663$lut$aiger143662$8619.genblk1.genblk1.genblk1.genblk1.genblk1.genblk1.genblk1.lut1.genblk1.genblk1.genblk1.genblk1.genblk1.genblk1.lut0.genblk1.genblk1.genblk1.genblk1.genblk1.lut1 (4 -> 0)
  Optimizing lut $abc$143663$lut$aiger143662$8613.genblk1.genblk1.genblk1.genblk1.genblk1.lut1 (4 -> 1)
  Optimizing lut $abc$143663$lut$aiger143662$8630.genblk1.genblk1.genblk1.genblk1.genblk1.genblk1.genblk1.lut1.genblk1.genblk1.genblk1.genblk1.genblk1.genblk1.lut0.genblk1.genblk1.genblk1.genblk1.genblk1.lut1 (4 -> 1)
  Optimizing lut $abc$143663$lut$aiger143662$8630.genblk1.genblk1.genblk1.genblk1.genblk1.genblk1.genblk1.lut0.genblk1.genblk1.genblk1.genblk1.genblk1.genblk1.lut0.genblk1.genblk1.genblk1.genblk1.genblk1.lut1 (4 -> 3)
  Optimizing lut $abc$143663$lut$aiger143662$8641.genblk1.genblk1.genblk1.genblk1.genblk1.genblk1.genblk1.lut1.genblk1.genblk1.genblk1.genblk1.genblk1.genblk1.lut0.genblk1.genblk1.genblk1.genblk1.genblk1.lut1 (4 -> 2)
  Optimizing lut $abc$143663$lut$aiger143662$8641.genblk1.genblk1.genblk1.genblk1.genblk1.genblk1.genblk1.lut0.genblk1.genblk1.genblk1.genblk1.genblk1.genblk1.lut0.genblk1.genblk1.genblk1.genblk1.genblk1.lut1 (4 -> 0)
  Optimizing lut $abc$143663$lut$aiger143662$8728.genblk1.genblk1.genblk1.genblk1.genblk1.genblk1.genblk1.lut1.genblk1.genblk1.genblk1.genblk1.genblk1.genblk1.lut0.genblk1.genblk1.genblk1.genblk1.genblk1.lut1 (4 -> 2)
  Optimizing lut $abc$143663$lut$aiger143662$8650.genblk1.genblk1.genblk1.genblk1.genblk1.genblk1.lut1.genblk1.genblk1.genblk1.genblk1.genblk1.lut0 (4 -> 1)
  Optimizing lut $abc$143663$lut$aiger143662$8650.genblk1.genblk1.genblk1.genblk1.genblk1.genblk1.lut0.genblk1.genblk1.genblk1.genblk1.genblk1.lut0 (4 -> 3)
  Optimizing lut $abc$143663$lut$aiger143662$8668.genblk1.genblk1.genblk1.genblk1.genblk1.genblk1.lut1.genblk1.genblk1.genblk1.genblk1.genblk1.lut0 (4 -> 1)
  Optimizing lut $abc$143663$lut$aiger143662$8668.genblk1.genblk1.genblk1.genblk1.genblk1.genblk1.lut0.genblk1.genblk1.genblk1.genblk1.genblk1.lut0 (4 -> 3)
  Optimizing lut $abc$143663$lut$aiger143662$8683.genblk1.genblk1.genblk1.genblk1.genblk1.genblk1.lut1.genblk1.genblk1.genblk1.genblk1.genblk1.lut0 (4 -> 1)
  Optimizing lut $abc$143663$lut$aiger143662$8683.genblk1.genblk1.genblk1.genblk1.genblk1.genblk1.lut0.genblk1.genblk1.genblk1.genblk1.genblk1.lut0 (4 -> 3)
  Optimizing lut $abc$143663$lut$aiger143662$8708.genblk1.genblk1.genblk1.genblk1.genblk1.lut1 (4 -> 0)
  Optimizing lut $abc$143663$lut$aiger143662$8891.genblk1.genblk1.genblk1.genblk1.genblk1.genblk1.genblk1.genblk1.lut1.genblk1.genblk1.genblk1.genblk1.genblk1.genblk1.genblk1.lut0.genblk1.genblk1.genblk1.genblk1.genblk1.genblk1.lut1.genblk1.genblk1.genblk1.genblk1.genblk1.lut0 (4 -> 1)
  Optimizing lut $abc$143663$lut$aiger143662$8735.genblk1.genblk1.genblk1.genblk1.genblk1.lut1 (4 -> 0)
  Optimizing lut $abc$143663$lut$aiger143662$8820.genblk1.genblk1.genblk1.genblk1.genblk1.genblk1.lut0.genblk1.genblk1.genblk1.genblk1.genblk1.lut0 (4 -> 0)
  Optimizing lut $abc$143663$lut$aiger143662$8891.genblk1.genblk1.genblk1.genblk1.genblk1.genblk1.genblk1.genblk1.lut0.genblk1.genblk1.genblk1.genblk1.genblk1.genblk1.genblk1.lut1.genblk1.genblk1.genblk1.genblk1.genblk1.genblk1.lut1.genblk1.genblk1.genblk1.genblk1.genblk1.lut1 (4 -> 1)
  Optimizing lut $abc$143663$lut$aiger143662$8911.genblk1.genblk1.genblk1.genblk1.genblk1.genblk1.lut1.genblk1.genblk1.genblk1.genblk1.genblk1.lut0 (4 -> 1)
  Optimizing lut $abc$143663$lut$aiger143662$8911.genblk1.genblk1.genblk1.genblk1.genblk1.genblk1.lut0.genblk1.genblk1.genblk1.genblk1.genblk1.lut0 (4 -> 3)
  Optimizing lut $abc$143663$lut$aiger143662$8952.genblk1.genblk1.genblk1.genblk1.genblk1.genblk1.genblk1.lut0.genblk1.genblk1.genblk1.genblk1.genblk1.genblk1.lut0.genblk1.genblk1.genblk1.genblk1.genblk1.lut1 (4 -> 3)
  Optimizing lut $abc$143663$lut$aiger143662$9032.genblk1.genblk1.genblk1.genblk1.genblk1.genblk1.genblk1.lut1.genblk1.genblk1.genblk1.genblk1.genblk1.genblk1.lut0.genblk1.genblk1.genblk1.genblk1.genblk1.lut1 (4 -> 1)
  Optimizing lut $abc$143663$lut$aiger143662$9032.genblk1.genblk1.genblk1.genblk1.genblk1.genblk1.genblk1.lut0.genblk1.genblk1.genblk1.genblk1.genblk1.genblk1.lut0.genblk1.genblk1.genblk1.genblk1.genblk1.lut1 (4 -> 3)
  Optimizing lut $abc$143663$lut$aiger143662$9060.genblk1.genblk1.genblk1.genblk1.genblk1.genblk1.genblk1.lut1.genblk1.genblk1.genblk1.genblk1.genblk1.genblk1.lut0.genblk1.genblk1.genblk1.genblk1.genblk1.lut1 (4 -> 1)
  Optimizing lut $abc$143663$lut$aiger143662$9060.genblk1.genblk1.genblk1.genblk1.genblk1.genblk1.genblk1.lut0.genblk1.genblk1.genblk1.genblk1.genblk1.genblk1.lut0.genblk1.genblk1.genblk1.genblk1.genblk1.lut1 (4 -> 3)
  Optimizing lut $abc$143663$lut$aiger143662$9240.genblk1.genblk1.genblk1.genblk1.genblk1.genblk1.genblk1.genblk1.lut1.genblk1.genblk1.genblk1.genblk1.genblk1.genblk1.genblk1.lut0.genblk1.genblk1.genblk1.genblk1.genblk1.genblk1.lut1.genblk1.genblk1.genblk1.genblk1.genblk1.lut0 (4 -> 0)
  Optimizing lut $abc$143663$lut$aiger143662$9079.genblk1.genblk1.genblk1.genblk1.genblk1.genblk1.lut1.genblk1.genblk1.genblk1.genblk1.genblk1.lut0 (4 -> 0)
  Optimizing lut $abc$143663$lut$aiger143662$9079.genblk1.genblk1.genblk1.genblk1.genblk1.genblk1.lut0.genblk1.genblk1.genblk1.genblk1.genblk1.lut0 (4 -> 0)
  Optimizing lut $abc$143663$lut$aiger143662$9240.genblk1.genblk1.genblk1.genblk1.genblk1.genblk1.genblk1.genblk1.lut1.genblk1.genblk1.genblk1.genblk1.genblk1.genblk1.genblk1.lut1.genblk1.genblk1.genblk1.genblk1.genblk1.genblk1.lut1.genblk1.genblk1.genblk1.genblk1.genblk1.lut1 (4 -> 0)
  Optimizing lut $abc$143663$lut$aiger143662$9240.genblk1.genblk1.genblk1.genblk1.genblk1.genblk1.genblk1.genblk1.lut0.genblk1.genblk1.genblk1.genblk1.genblk1.genblk1.genblk1.lut1.genblk1.genblk1.genblk1.genblk1.genblk1.genblk1.lut1.genblk1.genblk1.genblk1.genblk1.genblk1.lut1 (4 -> 0)
  Optimizing lut $abc$143663$lut$aiger143662$7724.genblk1.genblk1.genblk1.genblk1.genblk1.genblk1.genblk1.lut1.genblk1.genblk1.genblk1.genblk1.genblk1.genblk1.lut0.genblk1.genblk1.genblk1.genblk1.genblk1.lut1 (4 -> 0)
  Optimizing lut $abc$143663$lut$aiger143662$7736.genblk1.genblk1.genblk1.genblk1.genblk1.genblk1.genblk1.genblk1.lut1.genblk1.genblk1.genblk1.genblk1.genblk1.genblk1.genblk1.lut0.genblk1.genblk1.genblk1.genblk1.genblk1.genblk1.lut1.genblk1.genblk1.genblk1.genblk1.genblk1.lut0 (4 -> 2)
  Optimizing lut $abc$143663$lut$aiger143662$7736.genblk1.genblk1.genblk1.genblk1.genblk1.genblk1.genblk1.genblk1.lut1.genblk1.genblk1.genblk1.genblk1.genblk1.genblk1.genblk1.lut1.genblk1.genblk1.genblk1.genblk1.genblk1.genblk1.lut1.genblk1.genblk1.genblk1.genblk1.genblk1.lut1 (4 -> 0)
  Optimizing lut $abc$143663$lut$aiger143662$7736.genblk1.genblk1.genblk1.genblk1.genblk1.genblk1.genblk1.genblk1.lut0.genblk1.genblk1.genblk1.genblk1.genblk1.genblk1.genblk1.lut1.genblk1.genblk1.genblk1.genblk1.genblk1.genblk1.lut1.genblk1.genblk1.genblk1.genblk1.genblk1.lut1 (4 -> 0)
  Optimizing lut $abc$143663$lut$aiger143662$7781.genblk1.genblk1.genblk1.genblk1.genblk1.genblk1.genblk1.lut1.genblk1.genblk1.genblk1.genblk1.genblk1.genblk1.lut0.genblk1.genblk1.genblk1.genblk1.genblk1.lut1 (4 -> 0)
  Optimizing lut $abc$143663$lut$aiger143662$7815.genblk1.genblk1.genblk1.genblk1.genblk1.genblk1.genblk1.lut1.genblk1.genblk1.genblk1.genblk1.genblk1.genblk1.lut0.genblk1.genblk1.genblk1.genblk1.genblk1.lut1 (4 -> 0)
  Optimizing lut $abc$143663$lut$aiger143662$7796.genblk1.genblk1.genblk1.genblk1.genblk1.lut1 (4 -> 0)
  Optimizing lut $abc$143663$lut$aiger143662$7857.genblk1.genblk1.genblk1.genblk1.genblk1.genblk1.genblk1.lut1.genblk1.genblk1.genblk1.genblk1.genblk1.genblk1.lut0.genblk1.genblk1.genblk1.genblk1.genblk1.lut1 (4 -> 0)
  Optimizing lut $abc$143663$lut$aiger143662$7869.genblk1.genblk1.genblk1.genblk1.genblk1.genblk1.genblk1.lut1.genblk1.genblk1.genblk1.genblk1.genblk1.genblk1.lut0.genblk1.genblk1.genblk1.genblk1.genblk1.lut1 (4 -> 0)
  Optimizing lut $abc$143663$lut$aiger143662$7887.genblk1.genblk1.genblk1.genblk1.genblk1.genblk1.genblk1.lut1.genblk1.genblk1.genblk1.genblk1.genblk1.genblk1.lut0.genblk1.genblk1.genblk1.genblk1.genblk1.lut1 (4 -> 0)
  Optimizing lut $abc$143663$lut$aiger143662$7904.genblk1.genblk1.genblk1.genblk1.genblk1.genblk1.genblk1.lut1.genblk1.genblk1.genblk1.genblk1.genblk1.genblk1.lut0.genblk1.genblk1.genblk1.genblk1.genblk1.lut1 (4 -> 0)
  Optimizing lut $abc$143663$lut$aiger$o1165.genblk1.genblk1.genblk1.genblk1.genblk1.lut1 (4 -> 1)
  Optimizing lut $abc$143663$lut$aiger143662$7944.genblk1.genblk1.genblk1.genblk1.genblk1.genblk1.genblk1.lut1.genblk1.genblk1.genblk1.genblk1.genblk1.genblk1.lut0.genblk1.genblk1.genblk1.genblk1.genblk1.lut1 (4 -> 0)
  Optimizing lut $abc$143663$lut$aiger$o1164.genblk1.genblk1.genblk1.genblk1.genblk1.genblk1.lut1.genblk1.genblk1.genblk1.genblk1.genblk1.lut0 (4 -> 1)
  Optimizing lut $abc$143663$lut$aiger$o1164.genblk1.genblk1.genblk1.genblk1.genblk1.genblk1.lut0.genblk1.genblk1.genblk1.genblk1.genblk1.lut0 (4 -> 3)
  Optimizing lut $abc$143663$lut$aiger143662$7963.genblk1.genblk1.genblk1.genblk1.genblk1.genblk1.genblk1.lut1.genblk1.genblk1.genblk1.genblk1.genblk1.genblk1.lut0.genblk1.genblk1.genblk1.genblk1.genblk1.lut1 (4 -> 0)
  Optimizing lut $abc$143663$lut$aiger143662$7963.genblk1.genblk1.genblk1.genblk1.genblk1.genblk1.genblk1.lut0.genblk1.genblk1.genblk1.genblk1.genblk1.genblk1.lut0.genblk1.genblk1.genblk1.genblk1.genblk1.lut1 (4 -> 0)
  Optimizing lut $abc$143663$lut$aiger143662$7975.genblk1.genblk1.genblk1.genblk1.genblk1.genblk1.genblk1.lut1.genblk1.genblk1.genblk1.genblk1.genblk1.genblk1.lut0.genblk1.genblk1.genblk1.genblk1.genblk1.lut1 (4 -> 0)
  Optimizing lut $abc$143663$lut$aiger143662$8002.genblk1.genblk1.genblk1.genblk1.genblk1.genblk1.genblk1.genblk1.lut1.genblk1.genblk1.genblk1.genblk1.genblk1.genblk1.genblk1.lut0.genblk1.genblk1.genblk1.genblk1.genblk1.genblk1.lut1.genblk1.genblk1.genblk1.genblk1.genblk1.lut0 (4 -> 2)
  Optimizing lut $abc$143663$lut$aiger143662$8002.genblk1.genblk1.genblk1.genblk1.genblk1.genblk1.genblk1.genblk1.lut1.genblk1.genblk1.genblk1.genblk1.genblk1.genblk1.genblk1.lut1.genblk1.genblk1.genblk1.genblk1.genblk1.genblk1.lut1.genblk1.genblk1.genblk1.genblk1.genblk1.lut1 (4 -> 0)
  Optimizing lut $abc$143663$lut$aiger143662$8002.genblk1.genblk1.genblk1.genblk1.genblk1.genblk1.genblk1.genblk1.lut0.genblk1.genblk1.genblk1.genblk1.genblk1.genblk1.genblk1.lut1.genblk1.genblk1.genblk1.genblk1.genblk1.genblk1.lut1.genblk1.genblk1.genblk1.genblk1.genblk1.lut1 (4 -> 0)
  Optimizing lut $abc$143663$lut$aiger143662$8008.genblk1.genblk1.genblk1.genblk1.genblk1.genblk1.genblk1.lut0.genblk1.genblk1.genblk1.genblk1.genblk1.genblk1.lut0.genblk1.genblk1.genblk1.genblk1.genblk1.lut1 (4 -> 0)
  Optimizing lut $abc$143663$lut$aiger143662$8031.genblk1.genblk1.genblk1.genblk1.genblk1.genblk1.genblk1.genblk1.lut1.genblk1.genblk1.genblk1.genblk1.genblk1.genblk1.genblk1.lut0.genblk1.genblk1.genblk1.genblk1.genblk1.genblk1.lut1.genblk1.genblk1.genblk1.genblk1.genblk1.lut0 (4 -> 0)
  Optimizing lut $abc$143663$lut$aiger$o1168.genblk1.genblk1.genblk1.genblk1.genblk1.genblk1.lut1.genblk1.genblk1.genblk1.genblk1.genblk1.lut0 (4 -> 1)
  Optimizing lut $abc$143663$lut$aiger$o1168.genblk1.genblk1.genblk1.genblk1.genblk1.genblk1.lut0.genblk1.genblk1.genblk1.genblk1.genblk1.lut0 (4 -> 3)
  Optimizing lut $abc$143663$lut$aiger143662$8031.genblk1.genblk1.genblk1.genblk1.genblk1.genblk1.genblk1.genblk1.lut1.genblk1.genblk1.genblk1.genblk1.genblk1.genblk1.genblk1.lut1.genblk1.genblk1.genblk1.genblk1.genblk1.genblk1.lut1.genblk1.genblk1.genblk1.genblk1.genblk1.lut1 (4 -> 0)
  Optimizing lut $abc$143663$lut$aiger143662$8031.genblk1.genblk1.genblk1.genblk1.genblk1.genblk1.genblk1.genblk1.lut0.genblk1.genblk1.genblk1.genblk1.genblk1.genblk1.genblk1.lut1.genblk1.genblk1.genblk1.genblk1.genblk1.genblk1.lut1.genblk1.genblk1.genblk1.genblk1.genblk1.lut1 (4 -> 0)
  Optimizing lut $abc$143663$lut$aiger$o1145.genblk1.genblk1.genblk1.genblk1.genblk1.lut1 (4 -> 1)
  Optimizing lut $abc$143663$lut$aiger$o1144.genblk1.genblk1.genblk1.genblk1.genblk1.genblk1.lut0.genblk1.genblk1.genblk1.genblk1.genblk1.lut0 (4 -> 3)
  Optimizing lut $abc$143663$lut$aiger143662$8120.genblk1.genblk1.genblk1.genblk1.genblk1.genblk1.genblk1.lut1.genblk1.genblk1.genblk1.genblk1.genblk1.genblk1.lut0.genblk1.genblk1.genblk1.genblk1.genblk1.lut1 (4 -> 0)
  Optimizing lut $abc$143663$lut$aiger$o1160.genblk1.genblk1.genblk1.genblk1.genblk1.genblk1.lut1.genblk1.genblk1.genblk1.genblk1.genblk1.lut0 (4 -> 1)
  Optimizing lut $abc$143663$lut$aiger$o1160.genblk1.genblk1.genblk1.genblk1.genblk1.genblk1.lut0.genblk1.genblk1.genblk1.genblk1.genblk1.lut0 (4 -> 3)
  Optimizing lut $abc$143663$lut$aiger143662$8204.genblk1.genblk1.genblk1.genblk1.genblk1.genblk1.genblk1.lut1.genblk1.genblk1.genblk1.genblk1.genblk1.genblk1.lut0.genblk1.genblk1.genblk1.genblk1.genblk1.lut1 (4 -> 0)
  Optimizing lut $abc$143663$lut$aiger143662$8260.genblk1.genblk1.genblk1.genblk1.genblk1.genblk1.genblk1.lut1.genblk1.genblk1.genblk1.genblk1.genblk1.genblk1.lut0.genblk1.genblk1.genblk1.genblk1.genblk1.lut1 (4 -> 0)
  Optimizing lut $abc$143663$lut$aiger$o1149.genblk1.genblk1.genblk1.genblk1.genblk1.lut1 (4 -> 1)
  Optimizing lut $abc$143663$lut$aiger143662$8335.genblk1.genblk1.genblk1.genblk1.genblk1.genblk1.genblk1.genblk1.lut1.genblk1.genblk1.genblk1.genblk1.genblk1.genblk1.genblk1.lut0.genblk1.genblk1.genblk1.genblk1.genblk1.genblk1.lut1.genblk1.genblk1.genblk1.genblk1.genblk1.lut0 (4 -> 0)
  Optimizing lut $abc$143663$lut$aiger143662$8287.genblk1.genblk1.genblk1.genblk1.genblk1.lut1 (4 -> 3)
  Optimizing lut $abc$143663$lut$aiger143662$8335.genblk1.genblk1.genblk1.genblk1.genblk1.genblk1.genblk1.genblk1.lut0.genblk1.genblk1.genblk1.genblk1.genblk1.genblk1.genblk1.lut1.genblk1.genblk1.genblk1.genblk1.genblk1.genblk1.lut1.genblk1.genblk1.genblk1.genblk1.genblk1.lut1 (4 -> 0)
  Optimizing lut $abc$143663$lut$aiger143662$8433.genblk1.genblk1.genblk1.genblk1.genblk1.genblk1.genblk1.genblk1.lut0.genblk1.genblk1.genblk1.genblk1.genblk1.genblk1.genblk1.lut1.genblk1.genblk1.genblk1.genblk1.genblk1.genblk1.lut1.genblk1.genblk1.genblk1.genblk1.genblk1.lut1 (4 -> 0)
  Optimizing lut $abc$143663$lut$aiger$o1153.genblk1.genblk1.genblk1.genblk1.genblk1.lut1 (4 -> 1)
  Optimizing lut $abc$143663$lut$aiger$o1152.genblk1.genblk1.genblk1.genblk1.genblk1.genblk1.lut0.genblk1.genblk1.genblk1.genblk1.genblk1.lut0 (4 -> 3)
  Optimizing lut $abc$143663$lut$aiger$o2542.genblk1.genblk1.genblk1.genblk1.genblk1.lut1 (4 -> 3)
  Optimizing lut $abc$143663$lut$aiger$o2449.genblk1.genblk1.genblk1.genblk1.genblk1.lut0 (4 -> 3)
  Optimizing lut $abc$143663$lut$aiger$o2446.genblk1.genblk1.genblk1.genblk1.genblk1.lut0 (4 -> 3)
  Optimizing lut $abc$143663$lut$aiger$o2443.genblk1.genblk1.genblk1.genblk1.genblk1.lut0 (4 -> 3)
  Optimizing lut $abc$143663$lut$aiger$o2440.genblk1.genblk1.genblk1.genblk1.genblk1.lut0 (4 -> 3)
  Optimizing lut $abc$143663$lut$aiger$o2701.genblk1.genblk1.genblk1.genblk1.genblk1.lut0 (4 -> 3)
  Optimizing lut $abc$143663$lut$aiger$o2698.genblk1.genblk1.genblk1.genblk1.genblk1.lut0 (4 -> 3)
  Optimizing lut $abc$143663$lut$aiger$o2695.genblk1.genblk1.genblk1.genblk1.genblk1.lut0 (4 -> 3)
  Optimizing lut $abc$143663$lut$aiger$o2029.genblk1.genblk1.genblk1.genblk1.genblk1.lut0 (4 -> 2)
  Optimizing lut $abc$143663$lut$aiger$o2689.genblk1.genblk1.genblk1.genblk1.genblk1.lut0 (4 -> 3)
  Optimizing lut $abc$143663$lut$aiger$o2683.genblk1.genblk1.genblk1.genblk1.genblk1.lut0 (4 -> 3)
  Optimizing lut $abc$143663$lut$aiger$o2680.genblk1.genblk1.genblk1.genblk1.genblk1.lut0 (4 -> 3)
  Optimizing lut $abc$143663$lut$aiger$o3513.genblk1.genblk1.genblk1.genblk1.genblk1.lut0 (4 -> 3)
  Optimizing lut $abc$143663$lut$aiger$o2407.genblk1.genblk1.genblk1.genblk1.genblk1.lut0 (4 -> 3)
  Optimizing lut $abc$143663$lut$aiger$o2395.genblk1.genblk1.genblk1.genblk1.genblk1.lut0 (4 -> 3)
  Optimizing lut $abc$143663$lut$aiger$o2392.genblk1.genblk1.genblk1.genblk1.genblk1.lut0 (4 -> 3)
  Optimizing lut $abc$143663$lut$aiger$o2650.genblk1.genblk1.genblk1.genblk1.genblk1.lut0 (4 -> 3)
  Optimizing lut $abc$143663$lut$aiger$o3504.genblk1.genblk1.genblk1.genblk1.genblk1.lut0 (4 -> 3)
  Optimizing lut $abc$143663$lut$aiger$o2647.genblk1.genblk1.genblk1.genblk1.genblk1.lut0 (4 -> 3)
  Optimizing lut $abc$143663$lut$aiger$o2641.genblk1.genblk1.genblk1.genblk1.genblk1.lut0 (4 -> 3)
  Optimizing lut $abc$143663$lut$aiger$o2365.genblk1.genblk1.genblk1.genblk1.genblk1.lut0 (4 -> 3)
  Optimizing lut $abc$143663$lut$aiger$o2362.genblk1.genblk1.genblk1.genblk1.genblk1.lut0 (4 -> 3)
  Optimizing lut $abc$143663$lut$aiger$o3501.genblk1.genblk1.genblk1.genblk1.genblk1.lut0 (4 -> 3)
  Optimizing lut $abc$143663$lut$aiger$o2635.genblk1.genblk1.genblk1.genblk1.genblk1.lut0 (4 -> 3)
  Optimizing lut $abc$143663$lut$aiger$o2632.genblk1.genblk1.genblk1.genblk1.genblk1.lut0 (4 -> 3)
  Optimizing lut $abc$143663$lut$aiger$o2356.genblk1.genblk1.genblk1.genblk1.genblk1.lut0 (4 -> 3)
  Optimizing lut $abc$143663$lut$aiger$o2353.genblk1.genblk1.genblk1.genblk1.genblk1.lut0 (4 -> 3)
  Optimizing lut $abc$143663$lut$aiger$o3498.genblk1.genblk1.genblk1.genblk1.genblk1.lut0 (4 -> 3)
  Optimizing lut $abc$143663$lut$aiger$o2350.genblk1.genblk1.genblk1.genblk1.genblk1.lut0 (4 -> 3)
  Optimizing lut $abc$143663$lut$aiger$o2344.genblk1.genblk1.genblk1.genblk1.genblk1.lut0 (4 -> 3)
  Optimizing lut $abc$143663$lut$aiger$o3492.genblk1.genblk1.genblk1.genblk1.genblk1.lut0 (4 -> 3)
  Optimizing lut $abc$143663$lut$aiger$o3561.genblk1.genblk1.genblk1.genblk1.genblk1.lut0 (4 -> 3)
  Optimizing lut $abc$143663$lut$aiger$o2104.genblk1.genblk1.genblk1.genblk1.genblk1.lut0 (4 -> 3)
  Optimizing lut $abc$143663$lut$aiger$o2605.genblk1.genblk1.genblk1.genblk1.genblk1.lut0 (4 -> 3)
  Optimizing lut $abc$143663$lut$aiger$o2602.genblk1.genblk1.genblk1.genblk1.genblk1.lut0 (4 -> 3)
  Optimizing lut $abc$143663$lut$aiger$o2596.genblk1.genblk1.genblk1.genblk1.genblk1.lut0 (4 -> 3)
  Optimizing lut $abc$143663$lut$aiger$o2584.genblk1.genblk1.genblk1.genblk1.genblk1.lut0 (4 -> 3)
  Optimizing lut $abc$143663$lut$aiger$o3800.genblk1.genblk1.genblk1.genblk1.genblk1.lut0 (4 -> 2)
  Optimizing lut $abc$143663$lut$aiger$o3555.genblk1.genblk1.genblk1.genblk1.genblk1.lut0 (4 -> 3)
  Optimizing lut $abc$143663$lut$aiger$o3606.genblk1.genblk1.genblk1.genblk1.genblk1.lut0 (4 -> 3)
  Optimizing lut $abc$143663$lut$aiger$o2062.genblk1.genblk1.genblk1.genblk1.genblk1.lut0 (4 -> 2)
  Optimizing lut $abc$143663$lut$aiger$o2257.genblk1.genblk1.genblk1.genblk1.genblk1.lut0 (4 -> 3)
  Optimizing lut $abc$143663$lut$aiger$o3549.genblk1.genblk1.genblk1.genblk1.genblk1.lut0 (4 -> 3)
  Optimizing lut $abc$143663$lut$aiger$o2554.genblk1.genblk1.genblk1.genblk1.genblk1.lut0 (4 -> 3)
  Optimizing lut $abc$143663$lut$aiger$o2545.genblk1.genblk1.genblk1.genblk1.genblk1.lut0 (4 -> 3)
  Optimizing lut $auto$abc_ops_reintegrate.cc:611:reintegrate$143665.genblk1.genblk1.genblk1.genblk1.genblk1.genblk1.genblk1.genblk1.lut0.genblk1.genblk1.genblk1.genblk1.genblk1.genblk1.genblk1.lut0.genblk1.genblk1.genblk1.genblk1.genblk1.genblk1.lut0.genblk1.genblk1.genblk1.genblk1.genblk1.lut1 (4 -> 0)
  Optimizing lut $abc$143663$lut$aiger$o2536.genblk1.genblk1.genblk1.genblk1.genblk1.lut0 (4 -> 3)
  Optimizing lut $abc$143663$lut$aiger$o3543.genblk1.genblk1.genblk1.genblk1.genblk1.lut0 (4 -> 3)
  Optimizing lut $abc$143663$lut$aiger$o3597.genblk1.genblk1.genblk1.genblk1.genblk1.lut0 (4 -> 3)
  Optimizing lut $abc$143663$lut$aiger$o2509.genblk1.genblk1.genblk1.genblk1.genblk1.lut0 (4 -> 3)
  Optimizing lut $abc$143663$lut$aiger$o2506.genblk1.genblk1.genblk1.genblk1.genblk1.lut0 (4 -> 3)
  Optimizing lut $abc$143663$lut$aiger$o2752.genblk1.genblk1.genblk1.genblk1.genblk1.lut0 (4 -> 3)
  Optimizing lut $abc$143663$lut$aiger$o2503.genblk1.genblk1.genblk1.genblk1.genblk1.lut0 (4 -> 3)
  Optimizing lut $abc$143663$lut$aiger$o3639.genblk1.genblk1.genblk1.genblk1.genblk1.lut0 (4 -> 3)
  Optimizing lut $abc$143663$lut$aiger$o3594.genblk1.genblk1.genblk1.genblk1.genblk1.lut0 (4 -> 3)
  Optimizing lut $abc$143663$lut$aiger$o2500.genblk1.genblk1.genblk1.genblk1.genblk1.lut0 (4 -> 3)
  Optimizing lut $abc$143663$lut$aiger$o2170.genblk1.genblk1.genblk1.genblk1.genblk1.lut0 (4 -> 3)
  Optimizing lut $abc$143663$lut$aiger$o2014.genblk1.genblk1.genblk1.genblk1.genblk1.lut0 (4 -> 2)
  Optimizing lut $abc$143663$lut$aiger$o3636.genblk1.genblk1.genblk1.genblk1.genblk1.lut0 (4 -> 3)
  Optimizing lut $abc$143663$lut$aiger$o2491.genblk1.genblk1.genblk1.genblk1.genblk1.lut0 (4 -> 3)
  Optimizing lut $abc$143663$lut$aiger$o2488.genblk1.genblk1.genblk1.genblk1.genblk1.lut0 (4 -> 3)
  Optimizing lut $abc$143663$lut$aiger$o2011.genblk1.genblk1.genblk1.genblk1.genblk1.lut0 (4 -> 2)
  Optimizing lut $abc$143663$lut$aiger$o3591.genblk1.genblk1.genblk1.genblk1.genblk1.lut0 (4 -> 3)
  Optimizing lut $abc$143663$lut$aiger$o2152.genblk1.genblk1.genblk1.genblk1.genblk1.lut0 (4 -> 3)
  Optimizing lut $abc$143663$lut$aiger$o3588.genblk1.genblk1.genblk1.genblk1.genblk1.lut0 (4 -> 3)
  Optimizing lut $abc$143663$lut$aiger$o2728.genblk1.genblk1.genblk1.genblk1.genblk1.lut0 (4 -> 3)
  Optimizing lut $abc$143663$lut$aiger$o2461.genblk1.genblk1.genblk1.genblk1.genblk1.lut0 (4 -> 3)
  Optimizing lut $abc$143663$lut$aiger$o2119.genblk1.genblk1.genblk1.genblk1.genblk1.lut0 (4 -> 3)
  Optimizing lut $abc$143663$lut$aiger$o2458.genblk1.genblk1.genblk1.genblk1.genblk1.lut0 (4 -> 3)
  Optimizing lut $abc$143663$lut$aiger143662$9536.genblk1.genblk1.genblk1.genblk1.genblk1.lut0 (4 -> 0)
  Optimizing lut $abc$143663$lut$aiger143662$8392.genblk1.genblk1.genblk1.genblk1.genblk1.lut0 (4 -> 0)
  Optimizing lut $abc$143663$lut$aiger143662$8101.genblk1.genblk1.genblk1.genblk1.genblk1.lut0 (4 -> 0)
  Optimizing lut $abc$143663$lut$aiger143662$8067.genblk1.genblk1.genblk1.genblk1.genblk1.genblk1.genblk1.lut1.genblk1.genblk1.genblk1.genblk1.genblk1.genblk1.lut1.genblk1.genblk1.genblk1.genblk1.genblk1.lut1 (4 -> 0)
  Optimizing lut $abc$143663$lut$aiger143662$8031.genblk1.genblk1.genblk1.genblk1.genblk1.genblk1.genblk1.genblk1.lut1.genblk1.genblk1.genblk1.genblk1.genblk1.genblk1.genblk1.lut0.genblk1.genblk1.genblk1.genblk1.genblk1.genblk1.lut1.genblk1.genblk1.genblk1.genblk1.genblk1.lut1 (4 -> 0)
  Optimizing lut $abc$143663$lut$aiger143662$8002.genblk1.genblk1.genblk1.genblk1.genblk1.genblk1.genblk1.genblk1.lut1.genblk1.genblk1.genblk1.genblk1.genblk1.genblk1.genblk1.lut0.genblk1.genblk1.genblk1.genblk1.genblk1.genblk1.lut1.genblk1.genblk1.genblk1.genblk1.genblk1.lut1 (4 -> 0)
  Optimizing lut $abc$143663$lut$aiger143662$7963.genblk1.genblk1.genblk1.genblk1.genblk1.genblk1.genblk1.lut1.genblk1.genblk1.genblk1.genblk1.genblk1.genblk1.lut1.genblk1.genblk1.genblk1.genblk1.genblk1.lut1 (4 -> 2)
  Optimizing lut $abc$143663$lut$aiger143662$7932.genblk1.genblk1.genblk1.genblk1.genblk1.lut0 (4 -> 0)
  Optimizing lut $abc$143663$lut$aiger143662$7904.genblk1.genblk1.genblk1.genblk1.genblk1.genblk1.genblk1.lut0.genblk1.genblk1.genblk1.genblk1.genblk1.genblk1.lut1.genblk1.genblk1.genblk1.genblk1.genblk1.lut0 (4 -> 1)
  Optimizing lut $abc$143663$lut$aiger143662$7857.genblk1.genblk1.genblk1.genblk1.genblk1.genblk1.genblk1.lut1.genblk1.genblk1.genblk1.genblk1.genblk1.genblk1.lut1.genblk1.genblk1.genblk1.genblk1.genblk1.lut1 (4 -> 0)
  Optimizing lut $abc$143663$lut$aiger143662$7849.genblk1.genblk1.genblk1.genblk1.genblk1.lut0 (4 -> 0)
  Optimizing lut $abc$143663$lut$aiger143662$7815.genblk1.genblk1.genblk1.genblk1.genblk1.genblk1.genblk1.lut1.genblk1.genblk1.genblk1.genblk1.genblk1.genblk1.lut1.genblk1.genblk1.genblk1.genblk1.genblk1.lut1 (4 -> 0)
  Optimizing lut $abc$143663$lut$aiger143662$7724.genblk1.genblk1.genblk1.genblk1.genblk1.genblk1.genblk1.lut1.genblk1.genblk1.genblk1.genblk1.genblk1.genblk1.lut1.genblk1.genblk1.genblk1.genblk1.genblk1.lut1 (4 -> 0)
  Optimizing lut $abc$143663$lut$aiger143662$9060.genblk1.genblk1.genblk1.genblk1.genblk1.genblk1.genblk1.lut0.genblk1.genblk1.genblk1.genblk1.genblk1.genblk1.lut1.genblk1.genblk1.genblk1.genblk1.genblk1.lut0 (4 -> 0)
  Optimizing lut $abc$143663$lut$aiger143662$8775.genblk1.genblk1.genblk1.genblk1.genblk1.lut0 (4 -> 2)
  Optimizing lut $abc$143663$lut$aiger143662$8767.genblk1.genblk1.genblk1.genblk1.genblk1.lut0 (4 -> 0)
  Optimizing lut $abc$143663$lut$aiger143662$8755.genblk1.genblk1.genblk1.genblk1.genblk1.lut0 (4 -> 0)
  Optimizing lut $abc$143663$lut$aiger143662$8721.genblk1.genblk1.genblk1.genblk1.genblk1.lut0 (4 -> 2)
  Optimizing lut $abc$143663$lut$aiger143662$8630.genblk1.genblk1.genblk1.genblk1.genblk1.genblk1.genblk1.lut1.genblk1.genblk1.genblk1.genblk1.genblk1.genblk1.lut1.genblk1.genblk1.genblk1.genblk1.genblk1.lut1 (4 -> 1)
  Optimizing lut $abc$143663$lut$aiger143662$8608.genblk1.genblk1.genblk1.genblk1.genblk1.genblk1.genblk1.lut1.genblk1.genblk1.genblk1.genblk1.genblk1.genblk1.lut1.genblk1.genblk1.genblk1.genblk1.genblk1.lut1 (4 -> 1)
  Optimizing lut $abc$143663$lut$aiger$o1228.genblk1.genblk1.genblk1.genblk1.genblk1.genblk1.lut0.genblk1.genblk1.genblk1.genblk1.genblk1.lut1 (4 -> 1)
  Optimizing lut $abc$143663$lut$aiger143662$8575.genblk1.genblk1.genblk1.genblk1.genblk1.genblk1.genblk1.lut0.genblk1.genblk1.genblk1.genblk1.genblk1.genblk1.lut1.genblk1.genblk1.genblk1.genblk1.genblk1.lut0 (4 -> 0)
  Optimizing lut $abc$143663$lut$aiger143662$8585.genblk1.genblk1.genblk1.genblk1.genblk1.lut0 (4 -> 0)
  Optimizing lut $abc$143663$lut$aiger143662$8575.genblk1.genblk1.genblk1.genblk1.genblk1.genblk1.genblk1.lut1.genblk1.genblk1.genblk1.genblk1.genblk1.genblk1.lut1.genblk1.genblk1.genblk1.genblk1.genblk1.lut1 (4 -> 1)
  Optimizing lut $abc$143663$lut$aiger143662$8557.genblk1.genblk1.genblk1.genblk1.genblk1.genblk1.lut0.genblk1.genblk1.genblk1.genblk1.genblk1.lut1 (4 -> 0)
  Optimizing lut $abc$143663$lut$aiger143662$8509.genblk1.genblk1.genblk1.genblk1.genblk1.genblk1.genblk1.lut0.genblk1.genblk1.genblk1.genblk1.genblk1.genblk1.lut1.genblk1.genblk1.genblk1.genblk1.genblk1.lut0 (4 -> 0)
  Optimizing lut $abc$143663$lut$aiger143662$8548.genblk1.genblk1.genblk1.genblk1.genblk1.lut0 (4 -> 2)
  Optimizing lut $abc$143663$lut$aiger143662$8518.genblk1.genblk1.genblk1.genblk1.genblk1.lut0 (4 -> 2)
  Optimizing lut $abc$143663$lut$aiger143662$8502.genblk1.genblk1.genblk1.genblk1.genblk1.genblk1.genblk1.lut1.genblk1.genblk1.genblk1.genblk1.genblk1.genblk1.lut1.genblk1.genblk1.genblk1.genblk1.genblk1.lut1 (4 -> 1)
  Optimizing lut $abc$143663$lut$aiger143662$8486.genblk1.genblk1.genblk1.genblk1.genblk1.genblk1.genblk1.lut0.genblk1.genblk1.genblk1.genblk1.genblk1.genblk1.lut1.genblk1.genblk1.genblk1.genblk1.genblk1.lut0 (4 -> 0)
  Optimizing lut $abc$143663$lut$aiger143662$8486.genblk1.genblk1.genblk1.genblk1.genblk1.genblk1.genblk1.lut1.genblk1.genblk1.genblk1.genblk1.genblk1.genblk1.lut1.genblk1.genblk1.genblk1.genblk1.genblk1.lut1 (4 -> 1)
  Optimizing lut $abc$143663$lut$aiger143662$8451.genblk1.genblk1.genblk1.genblk1.genblk1.genblk1.genblk1.lut0.genblk1.genblk1.genblk1.genblk1.genblk1.genblk1.lut1.genblk1.genblk1.genblk1.genblk1.genblk1.lut0 (4 -> 0)
  Optimizing lut $abc$143663$lut$aiger143662$7649.genblk1.genblk1.genblk1.genblk1.genblk1.genblk1.genblk1.genblk1.lut0.genblk1.genblk1.genblk1.genblk1.genblk1.genblk1.genblk1.lut0.genblk1.genblk1.genblk1.genblk1.genblk1.genblk1.lut0.genblk1.genblk1.genblk1.genblk1.genblk1.lut1 (4 -> 0)
  Optimizing lut $abc$143663$lut$aiger143662$7591.genblk1.genblk1.genblk1.genblk1.genblk1.genblk1.genblk1.lut1.genblk1.genblk1.genblk1.genblk1.genblk1.genblk1.lut1.genblk1.genblk1.genblk1.genblk1.genblk1.lut1 (4 -> 0)
  Optimizing lut $abc$143663$lut$aiger143662$7504.genblk1.genblk1.genblk1.genblk1.genblk1.genblk1.genblk1.genblk1.lut1.genblk1.genblk1.genblk1.genblk1.genblk1.genblk1.genblk1.lut0.genblk1.genblk1.genblk1.genblk1.genblk1.genblk1.lut1.genblk1.genblk1.genblk1.genblk1.genblk1.lut1 (4 -> 0)
  Optimizing lut $abc$143663$lut$aiger143662$7462.genblk1.genblk1.genblk1.genblk1.genblk1.genblk1.lut0.genblk1.genblk1.genblk1.genblk1.genblk1.lut1 (4 -> 0)
  Optimizing lut $abc$143663$lut$aiger143662$7430.genblk1.genblk1.genblk1.genblk1.genblk1.genblk1.genblk1.lut1.genblk1.genblk1.genblk1.genblk1.genblk1.genblk1.lut1.genblk1.genblk1.genblk1.genblk1.genblk1.lut1 (4 -> 0)
  Optimizing lut $abc$143663$lut$aiger143662$7343.genblk1.genblk1.genblk1.genblk1.genblk1.lut0 (4 -> 0)
  Optimizing lut $abc$143663$lut$aiger143662$7303.genblk1.genblk1.genblk1.genblk1.genblk1.genblk1.genblk1.lut1.genblk1.genblk1.genblk1.genblk1.genblk1.genblk1.lut1.genblk1.genblk1.genblk1.genblk1.genblk1.lut1 (4 -> 0)
  Optimizing lut $abc$143663$lut$aiger143662$7297.genblk1.genblk1.genblk1.genblk1.genblk1.genblk1.genblk1.genblk1.lut1.genblk1.genblk1.genblk1.genblk1.genblk1.genblk1.genblk1.lut0.genblk1.genblk1.genblk1.genblk1.genblk1.genblk1.lut1.genblk1.genblk1.genblk1.genblk1.genblk1.lut1 (4 -> 0)
  Optimizing lut $abc$143663$lut$aiger143662$7283.genblk1.genblk1.genblk1.genblk1.genblk1.genblk1.genblk1.lut1.genblk1.genblk1.genblk1.genblk1.genblk1.genblk1.lut1.genblk1.genblk1.genblk1.genblk1.genblk1.lut1 (4 -> 0)
  Optimizing lut $auto$abc_ops_reintegrate.cc:611:reintegrate$143668.genblk1.genblk1.genblk1.genblk1.genblk1.lut0 (4 -> 3)
  Optimizing lut $auto$abc_ops_reintegrate.cc:611:reintegrate$143669.genblk1.genblk1.genblk1.genblk1.genblk1.lut0 (4 -> 3)
  Optimizing lut $auto$abc_ops_reintegrate.cc:611:reintegrate$143670.genblk1.genblk1.genblk1.genblk1.genblk1.lut0 (4 -> 3)
  Optimizing lut $auto$abc_ops_reintegrate.cc:611:reintegrate$143671.genblk1.genblk1.genblk1.genblk1.genblk1.lut0 (4 -> 3)
  Optimizing lut $auto$abc_ops_reintegrate.cc:611:reintegrate$143672.genblk1.genblk1.genblk1.genblk1.genblk1.lut0 (4 -> 3)
  Optimizing lut $auto$abc_ops_reintegrate.cc:611:reintegrate$143674.genblk1.genblk1.genblk1.genblk1.genblk1.lut0 (4 -> 3)
  Optimizing lut $auto$abc_ops_reintegrate.cc:611:reintegrate$143675.genblk1.genblk1.genblk1.genblk1.genblk1.lut0 (4 -> 3)
  Optimizing lut $auto$abc_ops_reintegrate.cc:611:reintegrate$143676.genblk1.genblk1.genblk1.genblk1.genblk1.lut0 (4 -> 3)
  Optimizing lut $auto$abc_ops_reintegrate.cc:611:reintegrate$143677.genblk1.genblk1.genblk1.genblk1.genblk1.lut0 (4 -> 3)
  Optimizing lut $auto$abc_ops_reintegrate.cc:611:reintegrate$143678.genblk1.genblk1.genblk1.genblk1.genblk1.lut0 (4 -> 3)
  Optimizing lut $auto$abc_ops_reintegrate.cc:611:reintegrate$143679.genblk1.genblk1.genblk1.genblk1.genblk1.lut0 (4 -> 3)
  Optimizing lut $auto$abc_ops_reintegrate.cc:611:reintegrate$143680.genblk1.genblk1.genblk1.genblk1.genblk1.lut0 (4 -> 3)
  Optimizing lut $auto$abc_ops_reintegrate.cc:611:reintegrate$143682.genblk1.genblk1.genblk1.genblk1.genblk1.lut0 (4 -> 3)
  Optimizing lut $auto$abc_ops_reintegrate.cc:611:reintegrate$143683.genblk1.genblk1.genblk1.genblk1.genblk1.lut0 (4 -> 3)
  Optimizing lut $auto$abc_ops_reintegrate.cc:611:reintegrate$143684.genblk1.genblk1.genblk1.genblk1.genblk1.lut0 (4 -> 3)
  Optimizing lut $auto$abc_ops_reintegrate.cc:611:reintegrate$143686.genblk1.genblk1.genblk1.genblk1.genblk1.lut0 (4 -> 3)
  Optimizing lut $auto$abc_ops_reintegrate.cc:611:reintegrate$143687.genblk1.genblk1.genblk1.genblk1.genblk1.lut0 (4 -> 3)
  Optimizing lut $auto$abc_ops_reintegrate.cc:611:reintegrate$143688.genblk1.genblk1.genblk1.genblk1.genblk1.lut0 (4 -> 3)
  Optimizing lut $auto$abc_ops_reintegrate.cc:611:reintegrate$143689.genblk1.genblk1.genblk1.genblk1.genblk1.lut0 (4 -> 3)
  Optimizing lut $auto$abc_ops_reintegrate.cc:611:reintegrate$143690.genblk1.genblk1.genblk1.genblk1.genblk1.lut0 (4 -> 3)
  Optimizing lut $auto$abc_ops_reintegrate.cc:611:reintegrate$143691.genblk1.genblk1.genblk1.genblk1.genblk1.lut0 (4 -> 3)
  Optimizing lut $auto$abc_ops_reintegrate.cc:611:reintegrate$143692.genblk1.genblk1.genblk1.genblk1.genblk1.lut0 (4 -> 3)
  Optimizing lut $auto$abc_ops_reintegrate.cc:611:reintegrate$143704.genblk1.genblk1.genblk1.genblk1.genblk1.lut0 (4 -> 3)
  Optimizing lut $auto$abc_ops_reintegrate.cc:611:reintegrate$143706.genblk1.genblk1.genblk1.genblk1.genblk1.lut0 (4 -> 3)
  Optimizing lut $auto$abc_ops_reintegrate.cc:611:reintegrate$143718.genblk1.genblk1.genblk1.genblk1.genblk1.lut0 (4 -> 3)
  Optimizing lut $auto$abc_ops_reintegrate.cc:611:reintegrate$143719.genblk1.genblk1.genblk1.genblk1.genblk1.lut0 (4 -> 3)
  Optimizing lut $auto$abc_ops_reintegrate.cc:611:reintegrate$143720.genblk1.genblk1.genblk1.genblk1.genblk1.lut0 (4 -> 3)
  Optimizing lut $auto$abc_ops_reintegrate.cc:611:reintegrate$143721.genblk1.genblk1.genblk1.genblk1.genblk1.lut0 (4 -> 3)
  Optimizing lut $auto$abc_ops_reintegrate.cc:611:reintegrate$143722.genblk1.genblk1.genblk1.genblk1.genblk1.lut0 (4 -> 3)
  Optimizing lut $auto$abc_ops_reintegrate.cc:611:reintegrate$143723.genblk1.genblk1.genblk1.genblk1.genblk1.lut0 (4 -> 3)
  Optimizing lut $auto$abc_ops_reintegrate.cc:611:reintegrate$143724.genblk1.genblk1.genblk1.genblk1.genblk1.lut0 (4 -> 3)
  Optimizing lut $auto$abc_ops_reintegrate.cc:611:reintegrate$143725.genblk1.genblk1.genblk1.genblk1.genblk1.lut0 (4 -> 3)
  Optimizing lut $abc$143663$lut$aiger$o1116.genblk1.genblk1.genblk1.genblk1.genblk1.genblk1.lut0.genblk1.genblk1.genblk1.genblk1.genblk1.lut1 (4 -> 1)
  Optimizing lut $auto$abc_ops_reintegrate.cc:611:reintegrate$143750.genblk1.genblk1.genblk1.genblk1.genblk1.lut0 (4 -> 3)
  Optimizing lut $abc$143663$lut$aiger$o1120.genblk1.genblk1.genblk1.genblk1.genblk1.genblk1.lut0.genblk1.genblk1.genblk1.genblk1.genblk1.lut1 (4 -> 1)
  Optimizing lut $auto$abc_ops_reintegrate.cc:611:reintegrate$143751.genblk1.genblk1.genblk1.genblk1.genblk1.lut0 (4 -> 3)
  Optimizing lut $abc$143663$lut$aiger$o1124.genblk1.genblk1.genblk1.genblk1.genblk1.genblk1.lut0.genblk1.genblk1.genblk1.genblk1.genblk1.lut1 (4 -> 1)
  Optimizing lut $auto$abc_ops_reintegrate.cc:611:reintegrate$143752.genblk1.genblk1.genblk1.genblk1.genblk1.lut0 (4 -> 3)
  Optimizing lut $abc$143663$lut$aiger$o1128.genblk1.genblk1.genblk1.genblk1.genblk1.genblk1.lut0.genblk1.genblk1.genblk1.genblk1.genblk1.lut1 (4 -> 1)
  Optimizing lut $auto$abc_ops_reintegrate.cc:611:reintegrate$143753.genblk1.genblk1.genblk1.genblk1.genblk1.lut0 (4 -> 3)
  Optimizing lut $abc$143663$lut$aiger$o1132.genblk1.genblk1.genblk1.genblk1.genblk1.genblk1.lut0.genblk1.genblk1.genblk1.genblk1.genblk1.lut1 (4 -> 1)
  Optimizing lut $auto$abc_ops_reintegrate.cc:611:reintegrate$143754.genblk1.genblk1.genblk1.genblk1.genblk1.lut0 (4 -> 3)
  Optimizing lut $abc$143663$lut$aiger$o1136.genblk1.genblk1.genblk1.genblk1.genblk1.genblk1.lut0.genblk1.genblk1.genblk1.genblk1.genblk1.lut1 (4 -> 1)
  Optimizing lut $auto$abc_ops_reintegrate.cc:611:reintegrate$143755.genblk1.genblk1.genblk1.genblk1.genblk1.lut0 (4 -> 3)
  Optimizing lut $abc$143663$lut$aiger$o1140.genblk1.genblk1.genblk1.genblk1.genblk1.genblk1.lut0.genblk1.genblk1.genblk1.genblk1.genblk1.lut1 (4 -> 1)
  Optimizing lut $auto$abc_ops_reintegrate.cc:611:reintegrate$143756.genblk1.genblk1.genblk1.genblk1.genblk1.lut0 (4 -> 3)
  Optimizing lut $auto$abc_ops_reintegrate.cc:611:reintegrate$143757.genblk1.genblk1.genblk1.genblk1.genblk1.lut0 (4 -> 3)
  Optimizing lut $auto$abc_ops_reintegrate.cc:611:reintegrate$143758.genblk1.genblk1.genblk1.genblk1.genblk1.lut0 (4 -> 3)
  Optimizing lut $auto$abc_ops_reintegrate.cc:611:reintegrate$143759.genblk1.genblk1.genblk1.genblk1.genblk1.lut0 (4 -> 3)
  Optimizing lut $auto$abc_ops_reintegrate.cc:611:reintegrate$143760.genblk1.genblk1.genblk1.genblk1.genblk1.lut0 (4 -> 3)
  Optimizing lut $abc$143663$lut$aiger$o1188.genblk1.genblk1.genblk1.genblk1.genblk1.lut0 (4 -> 3)
  Optimizing lut $auto$abc_ops_reintegrate.cc:611:reintegrate$143761.genblk1.genblk1.genblk1.genblk1.genblk1.lut0 (4 -> 3)
  Optimizing lut $abc$143663$lut$aiger$o1200.genblk1.genblk1.genblk1.genblk1.genblk1.genblk1.lut0.genblk1.genblk1.genblk1.genblk1.genblk1.lut1 (4 -> 1)
  Optimizing lut $auto$abc_ops_reintegrate.cc:611:reintegrate$143762.genblk1.genblk1.genblk1.genblk1.genblk1.lut0 (4 -> 3)
  Optimizing lut $auto$abc_ops_reintegrate.cc:611:reintegrate$143763.genblk1.genblk1.genblk1.genblk1.genblk1.lut0 (4 -> 3)
  Optimizing lut $abc$143663$lut$aiger$o288.genblk1.genblk1.genblk1.genblk1.genblk1.genblk1.lut0.genblk1.genblk1.genblk1.genblk1.genblk1.lut1 (4 -> 1)
  Optimizing lut $auto$abc_ops_reintegrate.cc:611:reintegrate$143764.genblk1.genblk1.genblk1.genblk1.genblk1.lut0 (4 -> 3)
  Optimizing lut $auto$abc_ops_reintegrate.cc:611:reintegrate$143766.genblk1.genblk1.genblk1.genblk1.genblk1.lut0 (4 -> 3)
  Optimizing lut $auto$abc_ops_reintegrate.cc:611:reintegrate$143767.genblk1.genblk1.genblk1.genblk1.genblk1.lut0 (4 -> 3)
  Optimizing lut $auto$abc_ops_reintegrate.cc:611:reintegrate$143768.genblk1.genblk1.genblk1.genblk1.genblk1.lut0 (4 -> 3)
  Optimizing lut $auto$abc_ops_reintegrate.cc:611:reintegrate$143769.genblk1.genblk1.genblk1.genblk1.genblk1.lut0 (4 -> 3)
  Optimizing lut $auto$abc_ops_reintegrate.cc:611:reintegrate$143770.genblk1.genblk1.genblk1.genblk1.genblk1.lut0 (4 -> 3)
  Optimizing lut $auto$abc_ops_reintegrate.cc:611:reintegrate$143771.genblk1.genblk1.genblk1.genblk1.genblk1.lut0 (4 -> 3)
  Optimizing lut $auto$abc_ops_reintegrate.cc:611:reintegrate$143772.genblk1.genblk1.genblk1.genblk1.genblk1.lut0 (4 -> 3)
  Optimizing lut $auto$abc_ops_reintegrate.cc:611:reintegrate$143774.genblk1.genblk1.genblk1.genblk1.genblk1.lut0 (4 -> 3)
  Optimizing lut $auto$abc_ops_reintegrate.cc:611:reintegrate$143775.genblk1.genblk1.genblk1.genblk1.genblk1.lut0 (4 -> 3)
  Optimizing lut $auto$abc_ops_reintegrate.cc:611:reintegrate$143776.genblk1.genblk1.genblk1.genblk1.genblk1.lut0 (4 -> 3)
  Optimizing lut $auto$abc_ops_reintegrate.cc:611:reintegrate$143777.genblk1.genblk1.genblk1.genblk1.genblk1.lut0 (4 -> 3)
  Optimizing lut $auto$abc_ops_reintegrate.cc:611:reintegrate$143778.genblk1.genblk1.genblk1.genblk1.genblk1.lut0 (4 -> 3)
  Optimizing lut $auto$abc_ops_reintegrate.cc:611:reintegrate$143779.genblk1.genblk1.genblk1.genblk1.genblk1.lut0 (4 -> 3)
  Optimizing lut $auto$abc_ops_reintegrate.cc:611:reintegrate$143780.genblk1.genblk1.genblk1.genblk1.genblk1.lut0 (4 -> 3)
  Optimizing lut $auto$abc_ops_reintegrate.cc:611:reintegrate$143792.genblk1.genblk1.genblk1.genblk1.genblk1.lut0 (4 -> 3)
  Optimizing lut $auto$abc_ops_reintegrate.cc:611:reintegrate$143936.genblk1.genblk1.genblk1.genblk1.genblk1.lut0 (4 -> 3)
  Optimizing lut $auto$abc_ops_reintegrate.cc:611:reintegrate$143985.genblk1.genblk1.genblk1.genblk1.genblk1.lut0 (4 -> 3)
  Optimizing lut $auto$abc_ops_reintegrate.cc:611:reintegrate$144024.genblk1.genblk1.genblk1.genblk1.genblk1.lut0 (4 -> 3)
  Optimizing lut $auto$abc_ops_reintegrate.cc:611:reintegrate$144052.genblk1.genblk1.genblk1.genblk1.genblk1.lut0 (4 -> 0)
  Optimizing lut $auto$abc_ops_reintegrate.cc:611:reintegrate$144054.genblk1.genblk1.genblk1.genblk1.genblk1.lut0 (4 -> 3)
  Optimizing lut $auto$abc_ops_reintegrate.cc:611:reintegrate$144055.genblk1.genblk1.genblk1.genblk1.genblk1.lut0 (4 -> 3)
  Optimizing lut $auto$abc_ops_reintegrate.cc:611:reintegrate$144058.genblk1.genblk1.genblk1.genblk1.genblk1.lut0 (4 -> 3)
  Optimizing lut $auto$abc_ops_reintegrate.cc:611:reintegrate$144059.genblk1.genblk1.genblk1.genblk1.genblk1.lut0 (4 -> 3)
  Optimizing lut $auto$abc_ops_reintegrate.cc:611:reintegrate$144060.genblk1.genblk1.genblk1.genblk1.genblk1.lut0 (4 -> 3)
  Optimizing lut $auto$abc_ops_reintegrate.cc:611:reintegrate$144061.genblk1.genblk1.genblk1.genblk1.genblk1.lut0 (4 -> 3)
  Optimizing lut $auto$abc_ops_reintegrate.cc:611:reintegrate$144132.genblk1.genblk1.genblk1.genblk1.genblk1.genblk1.lut0.genblk1.genblk1.genblk1.genblk1.genblk1.lut1 (4 -> 1)
  Optimizing lut $auto$abc_ops_reintegrate.cc:611:reintegrate$144132.genblk1.genblk1.genblk1.genblk1.genblk1.genblk1.lut1.genblk1.genblk1.genblk1.genblk1.genblk1.lut0 (4 -> 3)
  Optimizing lut $abc$143663$lut$aiger143662$9792.genblk1.genblk1.genblk1.genblk1.genblk1.lut1 (4 -> 3)
  Optimizing lut $abc$143663$lut$aiger$o2086.genblk1.genblk1.genblk1.genblk1.genblk1.lut0 (4 -> 3)
  Optimizing lut $abc$143663$lut$aiger$o2758.genblk1.genblk1.genblk1.genblk1.genblk1.lut1 (4 -> 3)
  Optimizing lut $abc$143663$lut$aiger$o3597.genblk1.genblk1.genblk1.genblk1.genblk1.lut1 (4 -> 3)
  Optimizing lut $abc$143663$lut$aiger$o253.genblk1.genblk1.genblk1.genblk1.genblk1.lut0 (4 -> 3)
  Optimizing lut $abc$143663$lut$aiger$o2758.genblk1.genblk1.genblk1.genblk1.genblk1.lut0 (4 -> 3)
  Optimizing lut $abc$143663$lut$aiger$o2740.genblk1.genblk1.genblk1.genblk1.genblk1.lut0 (4 -> 3)
  Optimizing lut $abc$143663$lut$aiger143662$8396.genblk1.genblk1.genblk1.genblk1.genblk1.lut0 (4 -> 0)
  Optimizing lut $abc$143663$lut$aiger143662$8433.genblk1.genblk1.genblk1.genblk1.genblk1.genblk1.genblk1.genblk1.lut1.genblk1.genblk1.genblk1.genblk1.genblk1.genblk1.genblk1.lut1.genblk1.genblk1.genblk1.genblk1.genblk1.genblk1.lut1.genblk1.genblk1.genblk1.genblk1.genblk1.lut1 (4 -> 0)
  Optimizing lut $abc$143663$lut$aiger$o2764.genblk1.genblk1.genblk1.genblk1.genblk1.lut1 (4 -> 3)
  Optimizing lut $abc$143663$lut$aiger$o1843.genblk1.genblk1.genblk1.genblk1.genblk1.lut1 (4 -> 3)
  Optimizing lut $abc$143663$lut$aiger143662$8406.genblk1.genblk1.genblk1.genblk1.genblk1.lut0 (4 -> 0)
  Optimizing lut $abc$143663$lut$aiger$o2764.genblk1.genblk1.genblk1.genblk1.genblk1.lut0 (4 -> 3)
  Optimizing lut $abc$143663$lut$aiger$o3794.genblk1.genblk1.genblk1.genblk1.genblk1.lut1 (4 -> 3)
  Optimizing lut $abc$143663$lut$aiger$o1112.genblk1.genblk1.genblk1.genblk1.genblk1.genblk1.lut1.genblk1.genblk1.genblk1.genblk1.genblk1.lut1 (4 -> 0)
  Optimizing lut $auto$abc_ops_reintegrate.cc:611:reintegrate$143974.genblk1.genblk1.genblk1.genblk1.genblk1.lut1 (4 -> 3)
  Optimizing lut $abc$143663$lut$aiger143662$8433.genblk1.genblk1.genblk1.genblk1.genblk1.genblk1.genblk1.genblk1.lut0.genblk1.genblk1.genblk1.genblk1.genblk1.genblk1.genblk1.lut0.genblk1.genblk1.genblk1.genblk1.genblk1.genblk1.lut1.genblk1.genblk1.genblk1.genblk1.genblk1.lut1 (4 -> 0)
  Optimizing lut $abc$143663$lut$aiger$o3540.genblk1.genblk1.genblk1.genblk1.genblk1.lut1 (4 -> 3)
  Optimizing lut $auto$abc_ops_reintegrate.cc:611:reintegrate$143967.genblk1.genblk1.genblk1.genblk1.genblk1.lut1 (4 -> 3)
  Optimizing lut $abc$143663$lut$aiger143662$8451.genblk1.genblk1.genblk1.genblk1.genblk1.genblk1.genblk1.lut0.genblk1.genblk1.genblk1.genblk1.genblk1.genblk1.lut1.genblk1.genblk1.genblk1.genblk1.genblk1.lut1 (4 -> 0)
  Optimizing lut $abc$143663$lut$aiger143662$8581.genblk1.genblk1.genblk1.genblk1.genblk1.lut1 (4 -> 1)
  Optimizing lut $abc$143663$lut$aiger143662$8451.genblk1.genblk1.genblk1.genblk1.genblk1.genblk1.genblk1.lut1.genblk1.genblk1.genblk1.genblk1.genblk1.genblk1.lut1.genblk1.genblk1.genblk1.genblk1.genblk1.lut1 (4 -> 0)
  Optimizing lut $auto$abc_ops_reintegrate.cc:611:reintegrate$143966.genblk1.genblk1.genblk1.genblk1.genblk1.lut1 (4 -> 3)
  Optimizing lut $auto$abc_ops_reintegrate.cc:611:reintegrate$143965.genblk1.genblk1.genblk1.genblk1.genblk1.lut1 (4 -> 3)
  Optimizing lut $abc$143663$lut$aiger143662$8475.genblk1.genblk1.genblk1.genblk1.genblk1.lut1 (4 -> 0)
  Optimizing lut $auto$abc_ops_reintegrate.cc:611:reintegrate$143964.genblk1.genblk1.genblk1.genblk1.genblk1.lut1 (4 -> 3)
  Optimizing lut $auto$abc_ops_reintegrate.cc:611:reintegrate$143963.genblk1.genblk1.genblk1.genblk1.genblk1.lut1 (4 -> 3)
  Optimizing lut $abc$143663$lut$aiger143662$11119.genblk1.genblk1.genblk1.genblk1.genblk1.lut1 (4 -> 3)
  Optimizing lut $abc$143663$lut$aiger$o3543.genblk1.genblk1.genblk1.genblk1.genblk1.lut1 (4 -> 3)
  Optimizing lut $auto$abc_ops_reintegrate.cc:611:reintegrate$143962.genblk1.genblk1.genblk1.genblk1.genblk1.lut1 (4 -> 3)
  Optimizing lut $auto$abc_ops_reintegrate.cc:611:reintegrate$143959.genblk1.genblk1.genblk1.genblk1.genblk1.lut1 (4 -> 3)
  Optimizing lut $abc$143663$lut$aiger$o3540.genblk1.genblk1.genblk1.genblk1.genblk1.lut0 (4 -> 3)
  Optimizing lut $auto$abc_ops_reintegrate.cc:611:reintegrate$143958.genblk1.genblk1.genblk1.genblk1.genblk1.lut1 (4 -> 3)
  Optimizing lut $abc$143663$lut$aiger$o3600.genblk1.genblk1.genblk1.genblk1.genblk1.lut1 (4 -> 3)
  Optimizing lut $auto$abc_ops_reintegrate.cc:611:reintegrate$143957.genblk1.genblk1.genblk1.genblk1.genblk1.lut1 (4 -> 3)
  Optimizing lut $auto$abc_ops_reintegrate.cc:611:reintegrate$143956.genblk1.genblk1.genblk1.genblk1.genblk1.lut1 (4 -> 3)
  Optimizing lut $auto$abc_ops_reintegrate.cc:611:reintegrate$143955.genblk1.genblk1.genblk1.genblk1.genblk1.lut1 (4 -> 3)
  Optimizing lut $auto$abc_ops_reintegrate.cc:611:reintegrate$143954.genblk1.genblk1.genblk1.genblk1.genblk1.lut1 (4 -> 3)
  Optimizing lut $abc$143663$lut$aiger$o2536.genblk1.genblk1.genblk1.genblk1.genblk1.lut1 (4 -> 3)
  Optimizing lut $auto$abc_ops_reintegrate.cc:611:reintegrate$143953.genblk1.genblk1.genblk1.genblk1.genblk1.lut1 (4 -> 3)
  Optimizing lut $abc$143663$lut$aiger143662$8486.genblk1.genblk1.genblk1.genblk1.genblk1.genblk1.genblk1.lut0.genblk1.genblk1.genblk1.genblk1.genblk1.genblk1.lut0.genblk1.genblk1.genblk1.genblk1.genblk1.lut1 (4 -> 3)
  Optimizing lut $auto$abc_ops_reintegrate.cc:611:reintegrate$143952.genblk1.genblk1.genblk1.genblk1.genblk1.lut1 (4 -> 3)
  Optimizing lut $auto$abc_ops_reintegrate.cc:611:reintegrate$143951.genblk1.genblk1.genblk1.genblk1.genblk1.lut1 (4 -> 3)
  Optimizing lut $auto$abc_ops_reintegrate.cc:611:reintegrate$143950.genblk1.genblk1.genblk1.genblk1.genblk1.lut1 (4 -> 3)
  Optimizing lut $abc$143663$lut$aiger143662$8486.genblk1.genblk1.genblk1.genblk1.genblk1.genblk1.genblk1.lut0.genblk1.genblk1.genblk1.genblk1.genblk1.genblk1.lut1.genblk1.genblk1.genblk1.genblk1.genblk1.lut1 (4 -> 0)
  Optimizing lut $auto$abc_ops_reintegrate.cc:611:reintegrate$143949.genblk1.genblk1.genblk1.genblk1.genblk1.lut1 (4 -> 3)
  Optimizing lut $auto$abc_ops_reintegrate.cc:611:reintegrate$143948.genblk1.genblk1.genblk1.genblk1.genblk1.lut1 (4 -> 3)
  Optimizing lut $abc$143663$lut$aiger$o1192.genblk1.genblk1.genblk1.genblk1.genblk1.genblk1.lut0.genblk1.genblk1.genblk1.genblk1.genblk1.lut1 (4 -> 1)
  Optimizing lut $auto$abc_ops_reintegrate.cc:611:reintegrate$143947.genblk1.genblk1.genblk1.genblk1.genblk1.lut1 (4 -> 3)
  Optimizing lut $abc$143663$lut$aiger$o292.genblk1.genblk1.genblk1.genblk1.genblk1.genblk1.lut0.genblk1.genblk1.genblk1.genblk1.genblk1.lut1 (4 -> 1)
  Optimizing lut $abc$143663$lut$aiger143662$8495.genblk1.genblk1.genblk1.genblk1.genblk1.genblk1.lut1.genblk1.genblk1.genblk1.genblk1.genblk1.lut1 (4 -> 0)
  Optimizing lut $auto$abc_ops_reintegrate.cc:611:reintegrate$144108.genblk1.genblk1.genblk1.genblk1.genblk1.lut0 (4 -> 0)
  Optimizing lut $auto$abc_ops_reintegrate.cc:611:reintegrate$143946.genblk1.genblk1.genblk1.genblk1.genblk1.lut1 (4 -> 3)
  Optimizing lut $auto$abc_ops_reintegrate.cc:611:reintegrate$143945.genblk1.genblk1.genblk1.genblk1.genblk1.lut1 (4 -> 3)
  Optimizing lut $abc$143663$lut$aiger$o3600.genblk1.genblk1.genblk1.genblk1.genblk1.lut0 (4 -> 3)
  Optimizing lut $auto$abc_ops_reintegrate.cc:611:reintegrate$143944.genblk1.genblk1.genblk1.genblk1.genblk1.lut1 (4 -> 3)
  Optimizing lut $auto$abc_ops_reintegrate.cc:611:reintegrate$143943.genblk1.genblk1.genblk1.genblk1.genblk1.lut1 (4 -> 3)
  Optimizing lut $auto$abc_ops_reintegrate.cc:611:reintegrate$143942.genblk1.genblk1.genblk1.genblk1.genblk1.lut1 (4 -> 3)
  Optimizing lut $abc$143663$lut$aiger143662$8502.genblk1.genblk1.genblk1.genblk1.genblk1.genblk1.genblk1.lut0.genblk1.genblk1.genblk1.genblk1.genblk1.genblk1.lut1.genblk1.genblk1.genblk1.genblk1.genblk1.lut1 (4 -> 0)
  Optimizing lut $abc$143663$lut$aiger$o2539.genblk1.genblk1.genblk1.genblk1.genblk1.lut1 (4 -> 3)
  Optimizing lut $abc$143663$lut$aiger143662$8509.genblk1.genblk1.genblk1.genblk1.genblk1.genblk1.genblk1.lut0.genblk1.genblk1.genblk1.genblk1.genblk1.genblk1.lut1.genblk1.genblk1.genblk1.genblk1.genblk1.lut1 (4 -> 0)
  Optimizing lut $abc$143663$lut$aiger143662$8509.genblk1.genblk1.genblk1.genblk1.genblk1.genblk1.genblk1.lut1.genblk1.genblk1.genblk1.genblk1.genblk1.genblk1.lut1.genblk1.genblk1.genblk1.genblk1.genblk1.lut1 (4 -> 2)
  Optimizing lut $abc$143663$lut$aiger$o1152.genblk1.genblk1.genblk1.genblk1.genblk1.genblk1.lut1.genblk1.genblk1.genblk1.genblk1.genblk1.lut0 (4 -> 1)
  Optimizing lut $auto$abc_ops_reintegrate.cc:611:reintegrate$143941.genblk1.genblk1.genblk1.genblk1.genblk1.lut1 (4 -> 3)
  Optimizing lut $abc$143663$lut$aiger$o296.genblk1.genblk1.genblk1.genblk1.genblk1.genblk1.lut0.genblk1.genblk1.genblk1.genblk1.genblk1.lut1 (4 -> 1)
  Optimizing lut $auto$abc_ops_reintegrate.cc:611:reintegrate$143940.genblk1.genblk1.genblk1.genblk1.genblk1.lut1 (4 -> 3)
  Optimizing lut $auto$abc_ops_reintegrate.cc:611:reintegrate$143939.genblk1.genblk1.genblk1.genblk1.genblk1.lut1 (4 -> 3)
  Optimizing lut $abc$143663$lut$aiger143662$8522.genblk1.genblk1.genblk1.genblk1.genblk1.lut1 (4 -> 0)
  Optimizing lut $auto$abc_ops_reintegrate.cc:611:reintegrate$144110.genblk1.genblk1.genblk1.genblk1.genblk1.lut0 (4 -> 3)
  Optimizing lut $auto$abc_ops_reintegrate.cc:611:reintegrate$143938.genblk1.genblk1.genblk1.genblk1.genblk1.lut1 (4 -> 3)
  Optimizing lut $auto$abc_ops_reintegrate.cc:611:reintegrate$143937.genblk1.genblk1.genblk1.genblk1.genblk1.lut1 (4 -> 3)
  Optimizing lut $auto$abc_ops_reintegrate.cc:611:reintegrate$143701.genblk1.genblk1.genblk1.genblk1.genblk1.lut0 (4 -> 3)
  Optimizing lut $auto$abc_ops_reintegrate.cc:611:reintegrate$143936.genblk1.genblk1.genblk1.genblk1.genblk1.lut1 (4 -> 3)
  Optimizing lut $abc$143663$lut$aiger$o2539.genblk1.genblk1.genblk1.genblk1.genblk1.lut0 (4 -> 3)
  Optimizing lut $abc$143663$lut$aiger$o2545.genblk1.genblk1.genblk1.genblk1.genblk1.lut1 (4 -> 3)
  Optimizing lut $abc$143663$lut$aiger143662$8527.genblk1.genblk1.genblk1.genblk1.genblk1.lut1 (4 -> 0)
  Optimizing lut $abc$143663$lut$aiger$o600.genblk1.genblk1.genblk1.genblk1.genblk1.lut1 (4 -> 0)
  Optimizing lut $abc$143663$lut$aiger143662$8539.genblk1.genblk1.genblk1.genblk1.genblk1.lut1 (4 -> 0)
  Optimizing lut $abc$143663$lut$aiger$o300.genblk1.genblk1.genblk1.genblk1.genblk1.genblk1.lut0.genblk1.genblk1.genblk1.genblk1.genblk1.lut1 (4 -> 1)
  Optimizing lut $auto$abc_ops_reintegrate.cc:611:reintegrate$144111.genblk1.genblk1.genblk1.genblk1.genblk1.lut0 (4 -> 3)
  Optimizing lut $abc$143663$lut$aiger$o2542.genblk1.genblk1.genblk1.genblk1.genblk1.lut0 (4 -> 3)
  Optimizing lut $abc$143663$lut$aiger$o3546.genblk1.genblk1.genblk1.genblk1.genblk1.lut1 (4 -> 3)
  Optimizing lut $auto$abc_ops_reintegrate.cc:611:reintegrate$144112.genblk1.genblk1.genblk1.genblk1.genblk1.lut0 (4 -> 3)
  Optimizing lut $abc$143663$lut$aiger$o2548.genblk1.genblk1.genblk1.genblk1.genblk1.lut1 (4 -> 3)
  Optimizing lut $abc$143663$lut$aiger143662$8543.genblk1.genblk1.genblk1.genblk1.genblk1.lut1 (4 -> 0)
  Optimizing lut $abc$143663$lut$aiger$o3546.genblk1.genblk1.genblk1.genblk1.genblk1.lut0 (4 -> 3)
  Optimizing lut $abc$143663$lut$aiger$o312.genblk1.genblk1.genblk1.genblk1.genblk1.genblk1.lut0.genblk1.genblk1.genblk1.genblk1.genblk1.lut1 (4 -> 1)
  Optimizing lut $abc$143663$lut$aiger143662$8548.genblk1.genblk1.genblk1.genblk1.genblk1.lut1 (4 -> 2)
  Optimizing lut $abc$143663$lut$aiger143662$8557.genblk1.genblk1.genblk1.genblk1.genblk1.genblk1.lut1.genblk1.genblk1.genblk1.genblk1.genblk1.lut0 (4 -> 0)
  Optimizing lut $abc$143663$lut$aiger$o3603.genblk1.genblk1.genblk1.genblk1.genblk1.lut1 (4 -> 3)
  Optimizing lut $abc$143663$lut$aiger$o2548.genblk1.genblk1.genblk1.genblk1.genblk1.lut0 (4 -> 3)
  Optimizing lut $abc$143663$lut$aiger$o2551.genblk1.genblk1.genblk1.genblk1.genblk1.lut1 (4 -> 3)
  Optimizing lut $abc$143663$lut$aiger$o3603.genblk1.genblk1.genblk1.genblk1.genblk1.lut0 (4 -> 3)
  Optimizing lut $abc$143663$lut$aiger143662$8563.genblk1.genblk1.genblk1.genblk1.genblk1.genblk1.lut1.genblk1.genblk1.genblk1.genblk1.genblk1.lut1 (4 -> 2)
  Optimizing lut $abc$143663$lut$aiger$o2554.genblk1.genblk1.genblk1.genblk1.genblk1.lut1 (4 -> 3)
  Optimizing lut $abc$143663$lut$aiger$o80.genblk1.genblk1.genblk1.genblk1.genblk1.lut1 (4 -> 1)
  Optimizing lut $abc$143663$lut$aiger$o3549.genblk1.genblk1.genblk1.genblk1.genblk1.lut1 (4 -> 3)
  Optimizing lut $abc$143663$lut$aiger$o76.genblk1.genblk1.genblk1.genblk1.genblk1.lut1 (4 -> 2)
  Optimizing lut $abc$143663$lut$aiger143662$8575.genblk1.genblk1.genblk1.genblk1.genblk1.genblk1.genblk1.lut0.genblk1.genblk1.genblk1.genblk1.genblk1.genblk1.lut1.genblk1.genblk1.genblk1.genblk1.genblk1.lut1 (4 -> 0)
  Optimizing lut $abc$143663$lut$aiger$o68.genblk1.genblk1.genblk1.genblk1.genblk1.lut1 (4 -> 1)
  Optimizing lut $auto$abc_ops_reintegrate.cc:611:reintegrate$143703.genblk1.genblk1.genblk1.genblk1.genblk1.lut0 (4 -> 3)
  Optimizing lut $abc$143663$lut$aiger$o2557.genblk1.genblk1.genblk1.genblk1.genblk1.lut1 (4 -> 3)
  Optimizing lut $abc$143663$lut$aiger$o2254.genblk1.genblk1.genblk1.genblk1.genblk1.lut1 (4 -> 3)
  Optimizing lut $abc$143663$lut$aiger$o2557.genblk1.genblk1.genblk1.genblk1.genblk1.lut0 (4 -> 3)
  Optimizing lut $abc$143663$lut$aiger$o1228.genblk1.genblk1.genblk1.genblk1.genblk1.genblk1.lut1.genblk1.genblk1.genblk1.genblk1.genblk1.lut0 (4 -> 1)
  Optimizing lut $abc$143663$lut$aiger$o2257.genblk1.genblk1.genblk1.genblk1.genblk1.lut1 (4 -> 3)
  Optimizing lut $abc$143663$lut$aiger$o2254.genblk1.genblk1.genblk1.genblk1.genblk1.lut0 (4 -> 3)
  Optimizing lut $abc$143663$lut$aiger143662$8591.genblk1.genblk1.genblk1.genblk1.genblk1.genblk1.lut1.genblk1.genblk1.genblk1.genblk1.genblk1.lut1 (4 -> 0)
  Optimizing lut $abc$143663$lut$aiger143662$8598.genblk1.genblk1.genblk1.genblk1.genblk1.genblk1.genblk1.lut0.genblk1.genblk1.genblk1.genblk1.genblk1.genblk1.lut1.genblk1.genblk1.genblk1.genblk1.genblk1.lut1 (4 -> 2)
  Optimizing lut $abc$143663$lut$aiger$o320.genblk1.genblk1.genblk1.genblk1.genblk1.genblk1.lut0.genblk1.genblk1.genblk1.genblk1.genblk1.lut1 (4 -> 1)
  Optimizing lut $abc$143663$lut$aiger$o56.genblk1.genblk1.genblk1.genblk1.genblk1.lut1 (4 -> 1)
  Optimizing lut $abc$143663$lut$aiger$o28.genblk1.genblk1.genblk1.genblk1.genblk1.genblk1.lut1.genblk1.genblk1.genblk1.genblk1.genblk1.lut1 (4 -> 1)
  Optimizing lut $abc$143663$lut$aiger$o3606.genblk1.genblk1.genblk1.genblk1.genblk1.lut1 (4 -> 3)
  Optimizing lut $abc$143663$lut$aiger143662$8598.genblk1.genblk1.genblk1.genblk1.genblk1.genblk1.genblk1.lut1.genblk1.genblk1.genblk1.genblk1.genblk1.genblk1.lut1.genblk1.genblk1.genblk1.genblk1.genblk1.lut1 (4 -> 0)
  Optimizing lut $abc$143663$lut$aiger$o2263.genblk1.genblk1.genblk1.genblk1.genblk1.lut1 (4 -> 3)
  Optimizing lut $abc$143663$lut$aiger$o2269.genblk1.genblk1.genblk1.genblk1.genblk1.lut1 (4 -> 3)
  Optimizing lut $abc$143663$lut$aiger143662$8608.genblk1.genblk1.genblk1.genblk1.genblk1.genblk1.genblk1.lut0.genblk1.genblk1.genblk1.genblk1.genblk1.genblk1.lut1.genblk1.genblk1.genblk1.genblk1.genblk1.lut1 (4 -> 0)
  Optimizing lut $auto$abc_ops_reintegrate.cc:611:reintegrate$144023.genblk1.genblk1.genblk1.genblk1.genblk1.lut0 (4 -> 3)
  Optimizing lut $abc$143663$lut$aiger143662$8619.genblk1.genblk1.genblk1.genblk1.genblk1.genblk1.genblk1.lut0.genblk1.genblk1.genblk1.genblk1.genblk1.genblk1.lut0.genblk1.genblk1.genblk1.genblk1.genblk1.lut1 (4 -> 0)
  Optimizing lut $abc$143663$lut$aiger$o328.genblk1.genblk1.genblk1.genblk1.genblk1.genblk1.lut0.genblk1.genblk1.genblk1.genblk1.genblk1.lut1 (4 -> 1)
  Optimizing lut $abc$143663$lut$aiger$o2263.genblk1.genblk1.genblk1.genblk1.genblk1.lut0 (4 -> 3)
  Optimizing lut $abc$143663$lut$aiger$o3552.genblk1.genblk1.genblk1.genblk1.genblk1.lut1 (4 -> 3)
  Optimizing lut $abc$143663$lut$aiger$o2269.genblk1.genblk1.genblk1.genblk1.genblk1.lut0 (4 -> 3)
  Optimizing lut $abc$143663$lut$aiger143662$8619.genblk1.genblk1.genblk1.genblk1.genblk1.genblk1.genblk1.lut0.genblk1.genblk1.genblk1.genblk1.genblk1.genblk1.lut1.genblk1.genblk1.genblk1.genblk1.genblk1.lut1 (4 -> 0)
  Optimizing lut $auto$abc_ops_reintegrate.cc:611:reintegrate$143705.genblk1.genblk1.genblk1.genblk1.genblk1.lut0 (4 -> 3)
  Optimizing lut $abc$143663$lut$aiger$o324.genblk1.genblk1.genblk1.genblk1.genblk1.lut0 (4 -> 3)
  Optimizing lut $abc$143663$lut$aiger$o3609.genblk1.genblk1.genblk1.genblk1.genblk1.lut1 (4 -> 3)
  Optimizing lut $abc$143663$lut$aiger143662$8630.genblk1.genblk1.genblk1.genblk1.genblk1.genblk1.genblk1.lut0.genblk1.genblk1.genblk1.genblk1.genblk1.genblk1.lut1.genblk1.genblk1.genblk1.genblk1.genblk1.lut1 (4 -> 0)
  Optimizing lut $abc$143663$lut$aiger143662$8641.genblk1.genblk1.genblk1.genblk1.genblk1.genblk1.genblk1.lut0.genblk1.genblk1.genblk1.genblk1.genblk1.genblk1.lut1.genblk1.genblk1.genblk1.genblk1.genblk1.lut1 (4 -> 0)
  Optimizing lut $abc$143663$lut$aiger$o3552.genblk1.genblk1.genblk1.genblk1.genblk1.lut0 (4 -> 3)
  Optimizing lut $abc$143663$lut$aiger$o336.genblk1.genblk1.genblk1.genblk1.genblk1.genblk1.lut0.genblk1.genblk1.genblk1.genblk1.genblk1.lut1 (4 -> 1)
  Optimizing lut $abc$143663$lut$aiger143662$8650.genblk1.genblk1.genblk1.genblk1.genblk1.genblk1.lut1.genblk1.genblk1.genblk1.genblk1.genblk1.lut1 (4 -> 1)
  Optimizing lut $abc$143663$lut$aiger$o68.genblk1.genblk1.genblk1.genblk1.genblk1.lut0 (4 -> 3)
  Optimizing lut $abc$143663$lut$aiger143662$8641.genblk1.genblk1.genblk1.genblk1.genblk1.genblk1.genblk1.lut0.genblk1.genblk1.genblk1.genblk1.genblk1.genblk1.lut1.genblk1.genblk1.genblk1.genblk1.genblk1.lut0 (4 -> 0)
  Optimizing lut $abc$143663$lut$aiger$o64.genblk1.genblk1.genblk1.genblk1.genblk1.lut0 (4 -> 3)
  Optimizing lut $abc$143663$lut$aiger$o56.genblk1.genblk1.genblk1.genblk1.genblk1.lut0 (4 -> 3)
  Optimizing lut $auto$abc_ops_reintegrate.cc:611:reintegrate$144130.genblk1.genblk1.genblk1.genblk1.genblk1.genblk1.lut0.genblk1.genblk1.genblk1.genblk1.genblk1.lut1 (4 -> 1)
  Optimizing lut $abc$143663$lut$aiger$o48.genblk1.genblk1.genblk1.genblk1.genblk1.genblk1.lut0.genblk1.genblk1.genblk1.genblk1.genblk1.lut1 (4 -> 1)
  Optimizing lut $abc$143663$lut$aiger$o44.genblk1.genblk1.genblk1.genblk1.genblk1.genblk1.lut0.genblk1.genblk1.genblk1.genblk1.genblk1.lut1 (4 -> 1)
  Optimizing lut $abc$143663$lut$aiger$o52.genblk1.genblk1.genblk1.genblk1.genblk1.genblk1.lut0.genblk1.genblk1.genblk1.genblk1.genblk1.lut1 (4 -> 1)
  Optimizing lut $abc$143663$lut$aiger$o40.genblk1.genblk1.genblk1.genblk1.genblk1.genblk1.lut0.genblk1.genblk1.genblk1.genblk1.genblk1.lut1 (4 -> 1)
  Optimizing lut $abc$143663$lut$aiger$o36.genblk1.genblk1.genblk1.genblk1.genblk1.genblk1.lut0.genblk1.genblk1.genblk1.genblk1.genblk1.lut1 (4 -> 1)
  Optimizing lut $abc$143663$lut$aiger$o32.genblk1.genblk1.genblk1.genblk1.genblk1.genblk1.lut0.genblk1.genblk1.genblk1.genblk1.genblk1.lut1 (4 -> 1)
  Optimizing lut $abc$143663$lut$aiger143662$8668.genblk1.genblk1.genblk1.genblk1.genblk1.genblk1.lut1.genblk1.genblk1.genblk1.genblk1.genblk1.lut1 (4 -> 1)
  Optimizing lut $abc$143663$lut$aiger143662$8650.genblk1.genblk1.genblk1.genblk1.genblk1.genblk1.lut0.genblk1.genblk1.genblk1.genblk1.genblk1.lut1 (4 -> 0)
  Optimizing lut $abc$143663$lut$aiger$o3555.genblk1.genblk1.genblk1.genblk1.genblk1.lut1 (4 -> 3)
  Optimizing lut $abc$143663$lut$aiger$o3609.genblk1.genblk1.genblk1.genblk1.genblk1.lut0 (4 -> 3)
  Optimizing lut $abc$143663$lut$aiger$o340.genblk1.genblk1.genblk1.genblk1.genblk1.genblk1.lut0.genblk1.genblk1.genblk1.genblk1.genblk1.lut1 (4 -> 1)
  Optimizing lut $auto$abc_ops_reintegrate.cc:611:reintegrate$143765.genblk1.genblk1.genblk1.genblk1.genblk1.lut0 (4 -> 3)
  Optimizing lut $abc$143663$lut$aiger$o3704.genblk1.genblk1.genblk1.genblk1.genblk1.lut1 (4 -> 3)
  Optimizing lut $abc$143663$lut$aiger$o348.genblk1.genblk1.genblk1.genblk1.genblk1.genblk1.lut0.genblk1.genblk1.genblk1.genblk1.genblk1.lut1 (4 -> 1)
  Optimizing lut $abc$143663$lut$aiger$o2584.genblk1.genblk1.genblk1.genblk1.genblk1.lut1 (4 -> 3)
  Optimizing lut $abc$143663$lut$aiger143662$8683.genblk1.genblk1.genblk1.genblk1.genblk1.genblk1.lut1.genblk1.genblk1.genblk1.genblk1.genblk1.lut1 (4 -> 1)
  Optimizing lut $abc$143663$lut$aiger$o2587.genblk1.genblk1.genblk1.genblk1.genblk1.lut1 (4 -> 3)
  Optimizing lut $abc$143663$lut$aiger$o2590.genblk1.genblk1.genblk1.genblk1.genblk1.lut1 (4 -> 3)
  Optimizing lut $abc$143663$lut$aiger$o36.genblk1.genblk1.genblk1.genblk1.genblk1.genblk1.lut1.genblk1.genblk1.genblk1.genblk1.genblk1.lut1 (4 -> 1)
  Optimizing lut $abc$143663$lut$aiger143662$8668.genblk1.genblk1.genblk1.genblk1.genblk1.genblk1.lut0.genblk1.genblk1.genblk1.genblk1.genblk1.lut1 (4 -> 0)
  Optimizing lut $abc$143663$lut$aiger$o1152.genblk1.genblk1.genblk1.genblk1.genblk1.genblk1.lut1.genblk1.genblk1.genblk1.genblk1.genblk1.lut1 (4 -> 1)
  Optimizing lut $abc$143663$lut$aiger$o2587.genblk1.genblk1.genblk1.genblk1.genblk1.lut0 (4 -> 3)
  Optimizing lut $abc$143663$lut$aiger$o2593.genblk1.genblk1.genblk1.genblk1.genblk1.lut1 (4 -> 3)
  Optimizing lut $abc$143663$lut$aiger$o1120.genblk1.genblk1.genblk1.genblk1.genblk1.genblk1.lut1.genblk1.genblk1.genblk1.genblk1.genblk1.lut1 (4 -> 1)
  Optimizing lut $abc$143663$lut$aiger$o2590.genblk1.genblk1.genblk1.genblk1.genblk1.lut0 (4 -> 3)
  Optimizing lut $abc$143663$lut$aiger$o344.genblk1.genblk1.genblk1.genblk1.genblk1.lut0 (4 -> 3)
  Optimizing lut $abc$143663$lut$aiger143662$8716.genblk1.genblk1.genblk1.genblk1.genblk1.lut1 (4 -> 0)
  Optimizing lut $abc$143663$lut$aiger$o60.genblk1.genblk1.genblk1.genblk1.genblk1.lut0 (4 -> 3)
  Optimizing lut $abc$143663$lut$aiger143662$8433.genblk1.genblk1.genblk1.genblk1.genblk1.genblk1.genblk1.genblk1.lut1.genblk1.genblk1.genblk1.genblk1.genblk1.genblk1.genblk1.lut0.genblk1.genblk1.genblk1.genblk1.genblk1.genblk1.lut1.genblk1.genblk1.genblk1.genblk1.genblk1.lut1 (4 -> 0)
  Optimizing lut $abc$143663$lut$aiger$o3558.genblk1.genblk1.genblk1.genblk1.genblk1.lut1 (4 -> 3)
  Optimizing lut $abc$143663$lut$aiger$o2593.genblk1.genblk1.genblk1.genblk1.genblk1.lut0 (4 -> 3)
  Optimizing lut $abc$143663$lut$aiger143662$9523.genblk1.genblk1.genblk1.genblk1.genblk1.lut0 (4 -> 0)
  Optimizing lut $abc$143663$lut$aiger143662$8721.genblk1.genblk1.genblk1.genblk1.genblk1.lut1 (4 -> 2)
  Optimizing lut $abc$143663$lut$aiger$o352.genblk1.genblk1.genblk1.genblk1.genblk1.genblk1.lut0.genblk1.genblk1.genblk1.genblk1.genblk1.lut1 (4 -> 1)
  Optimizing lut $abc$143663$lut$aiger$o2596.genblk1.genblk1.genblk1.genblk1.genblk1.lut1 (4 -> 3)
  Optimizing lut $abc$143663$lut$aiger143662$8728.genblk1.genblk1.genblk1.genblk1.genblk1.genblk1.genblk1.lut0.genblk1.genblk1.genblk1.genblk1.genblk1.genblk1.lut0.genblk1.genblk1.genblk1.genblk1.genblk1.lut1 (4 -> 0)
  Optimizing lut $abc$143663$lut$aiger143662$9531.genblk1.genblk1.genblk1.genblk1.genblk1.lut0 (4 -> 0)
  Optimizing lut $abc$143663$lut$aiger$o2599.genblk1.genblk1.genblk1.genblk1.genblk1.lut1 (4 -> 3)
  Optimizing lut $abc$143663$lut$aiger143662$8728.genblk1.genblk1.genblk1.genblk1.genblk1.genblk1.genblk1.lut0.genblk1.genblk1.genblk1.genblk1.genblk1.genblk1.lut1.genblk1.genblk1.genblk1.genblk1.genblk1.lut1 (4 -> 0)
  Optimizing lut $abc$143663$lut$aiger$o3558.genblk1.genblk1.genblk1.genblk1.genblk1.lut0 (4 -> 3)
  Optimizing lut $abc$143663$lut$aiger143662$8728.genblk1.genblk1.genblk1.genblk1.genblk1.genblk1.genblk1.lut1.genblk1.genblk1.genblk1.genblk1.genblk1.genblk1.lut1.genblk1.genblk1.genblk1.genblk1.genblk1.lut1 (4 -> 2)
  Optimizing lut $abc$143663$lut$aiger$o2734.genblk1.genblk1.genblk1.genblk1.genblk1.lut0 (4 -> 3)
  Optimizing lut $abc$143663$lut$aiger143662$9540.genblk1.genblk1.genblk1.genblk1.genblk1.lut1 (4 -> 3)
  Optimizing lut $abc$143663$lut$aiger143662$8739.genblk1.genblk1.genblk1.genblk1.genblk1.lut1 (4 -> 1)
  Optimizing lut $abc$143663$lut$aiger$o28.genblk1.genblk1.genblk1.genblk1.genblk1.genblk1.lut0.genblk1.genblk1.genblk1.genblk1.genblk1.lut1 (4 -> 1)
  Optimizing lut $abc$143663$lut$aiger$o2602.genblk1.genblk1.genblk1.genblk1.genblk1.lut1 (4 -> 3)
  Optimizing lut $abc$143663$lut$aiger$o2599.genblk1.genblk1.genblk1.genblk1.genblk1.lut0 (4 -> 3)
  Optimizing lut $abc$143663$lut$aiger$o2605.genblk1.genblk1.genblk1.genblk1.genblk1.lut1 (4 -> 3)
  Optimizing lut $abc$143663$lut$aiger$o101.genblk1.genblk1.genblk1.genblk1.genblk1.lut0 (4 -> 3)
  Optimizing lut $abc$143663$lut$aiger$o2551.genblk1.genblk1.genblk1.genblk1.genblk1.lut0 (4 -> 3)
  Optimizing lut $auto$abc_ops_reintegrate.cc:611:reintegrate$143717.genblk1.genblk1.genblk1.genblk1.genblk1.lut0 (4 -> 3)
  Optimizing lut $abc$143663$lut$aiger$o2104.genblk1.genblk1.genblk1.genblk1.genblk1.lut1 (4 -> 3)
  Optimizing lut $auto$abc_ops_reintegrate.cc:611:reintegrate$144043.genblk1.genblk1.genblk1.genblk1.genblk1.lut0 (4 -> 3)
  Optimizing lut $abc$143663$lut$aiger143662$8775.genblk1.genblk1.genblk1.genblk1.genblk1.lut1 (4 -> 2)
  Optimizing lut $abc$143663$lut$aiger$o105.genblk1.genblk1.genblk1.genblk1.genblk1.lut0 (4 -> 3)
  Optimizing lut $abc$143663$lut$aiger$o3704.genblk1.genblk1.genblk1.genblk1.genblk1.lut0 (4 -> 3)
  Optimizing lut $abc$143663$lut$aiger143662$9565.genblk1.genblk1.genblk1.genblk1.genblk1.lut1 (4 -> 0)
  Optimizing lut $auto$abc_ops_reintegrate.cc:611:reintegrate$143665.genblk1.genblk1.genblk1.genblk1.genblk1.genblk1.genblk1.genblk1.lut1.genblk1.genblk1.genblk1.genblk1.genblk1.genblk1.genblk1.lut1.genblk1.genblk1.genblk1.genblk1.genblk1.genblk1.lut1.genblk1.genblk1.genblk1.genblk1.genblk1.lut1 (4 -> 3)
  Optimizing lut $abc$143663$lut$aiger143662$8779.genblk1.genblk1.genblk1.genblk1.genblk1.lut1 (4 -> 1)
  Optimizing lut $abc$143663$lut$aiger$o3561.genblk1.genblk1.genblk1.genblk1.genblk1.lut1 (4 -> 3)
  Optimizing lut $auto$abc_ops_reintegrate.cc:611:reintegrate$143673.genblk1.genblk1.genblk1.genblk1.genblk1.lut0 (4 -> 3)
  Optimizing lut $abc$143663$lut$aiger$o2743.genblk1.genblk1.genblk1.genblk1.genblk1.lut0 (4 -> 3)
  Optimizing lut $abc$143663$lut$aiger143662$8820.genblk1.genblk1.genblk1.genblk1.genblk1.genblk1.lut1.genblk1.genblk1.genblk1.genblk1.genblk1.lut0 (4 -> 0)
  Optimizing lut $abc$143663$lut$aiger$o3492.genblk1.genblk1.genblk1.genblk1.genblk1.lut1 (4 -> 3)
  Optimizing lut $abc$143663$lut$aiger$o76.genblk1.genblk1.genblk1.genblk1.genblk1.lut0 (4 -> 3)
  Optimizing lut $auto$abc_ops_reintegrate.cc:611:reintegrate$144057.genblk1.genblk1.genblk1.genblk1.genblk1.lut0 (4 -> 3)
  Optimizing lut $auto$abc_ops_reintegrate.cc:611:reintegrate$143791.genblk1.genblk1.genblk1.genblk1.genblk1.lut1 (4 -> 3)
  Optimizing lut $auto$abc_ops_reintegrate.cc:611:reintegrate$143789.genblk1.genblk1.genblk1.genblk1.genblk1.lut1 (4 -> 3)
  Optimizing lut $abc$143663$lut$aiger$o3495.genblk1.genblk1.genblk1.genblk1.genblk1.lut1 (4 -> 3)
  Optimizing lut $abc$143663$lut$aiger143662$8793.genblk1.genblk1.genblk1.genblk1.genblk1.lut0 (4 -> 0)
  Optimizing lut $abc$143663$lut$aiger$o2068.genblk1.genblk1.genblk1.genblk1.genblk1.lut0 (4 -> 2)
  Optimizing lut $auto$abc_ops_reintegrate.cc:611:reintegrate$144109.genblk1.genblk1.genblk1.genblk1.genblk1.lut0 (4 -> 3)
  Optimizing lut $abc$143663$lut$aiger$o80.genblk1.genblk1.genblk1.genblk1.genblk1.lut0 (4 -> 3)
  Optimizing lut $auto$abc_ops_reintegrate.cc:611:reintegrate$143780.genblk1.genblk1.genblk1.genblk1.genblk1.lut1 (4 -> 3)
  Optimizing lut $abc$143663$lut$aiger$o3495.genblk1.genblk1.genblk1.genblk1.genblk1.lut0 (4 -> 3)
  Optimizing lut $abc$143663$lut$aiger143662$8728.genblk1.genblk1.genblk1.genblk1.genblk1.genblk1.genblk1.lut0.genblk1.genblk1.genblk1.genblk1.genblk1.genblk1.lut1.genblk1.genblk1.genblk1.genblk1.genblk1.lut0 (4 -> 0)
  Optimizing lut $abc$143663$lut$aiger$o2344.genblk1.genblk1.genblk1.genblk1.genblk1.lut1 (4 -> 3)
  Optimizing lut $abc$143663$lut$aiger$o2347.genblk1.genblk1.genblk1.genblk1.genblk1.lut1 (4 -> 3)
  Optimizing lut $abc$143663$lut$aiger$o2350.genblk1.genblk1.genblk1.genblk1.genblk1.lut1 (4 -> 3)
  Optimizing lut $abc$143663$lut$aiger$o84.genblk1.genblk1.genblk1.genblk1.genblk1.lut0 (4 -> 3)
  Optimizing lut $abc$143663$lut$aiger$o2347.genblk1.genblk1.genblk1.genblk1.genblk1.lut0 (4 -> 3)
  Optimizing lut $auto$abc_ops_reintegrate.cc:611:reintegrate$143779.genblk1.genblk1.genblk1.genblk1.genblk1.lut1 (4 -> 3)
  Optimizing lut $abc$143663$lut$aiger$o125.genblk1.genblk1.genblk1.genblk1.genblk1.lut0 (4 -> 3)
  Optimizing lut $abc$143663$lut$aiger$o3498.genblk1.genblk1.genblk1.genblk1.genblk1.lut1 (4 -> 3)
  Optimizing lut $auto$abc_ops_reintegrate.cc:611:reintegrate$143778.genblk1.genblk1.genblk1.genblk1.genblk1.lut1 (4 -> 3)
  Optimizing lut $auto$abc_ops_reintegrate.cc:611:reintegrate$143777.genblk1.genblk1.genblk1.genblk1.genblk1.lut1 (4 -> 3)
  Optimizing lut $auto$abc_ops_reintegrate.cc:611:reintegrate$143776.genblk1.genblk1.genblk1.genblk1.genblk1.lut1 (4 -> 3)
  Optimizing lut $abc$143663$lut$aiger$o2353.genblk1.genblk1.genblk1.genblk1.genblk1.lut1 (4 -> 3)
  Optimizing lut $abc$143663$lut$aiger$o1489.genblk1.genblk1.genblk1.genblk1.genblk1.lut0 (4 -> 2)
  Optimizing lut $abc$143663$lut$aiger$o2356.genblk1.genblk1.genblk1.genblk1.genblk1.lut1 (4 -> 3)
  Optimizing lut $auto$abc_ops_reintegrate.cc:611:reintegrate$143775.genblk1.genblk1.genblk1.genblk1.genblk1.lut1 (4 -> 3)
  Optimizing lut $abc$143663$lut$aiger$o129.genblk1.genblk1.genblk1.genblk1.genblk1.lut0 (4 -> 3)
  Optimizing lut $auto$abc_ops_reintegrate.cc:611:reintegrate$143774.genblk1.genblk1.genblk1.genblk1.genblk1.lut1 (4 -> 3)
  Optimizing lut $auto$abc_ops_reintegrate.cc:611:reintegrate$143773.genblk1.genblk1.genblk1.genblk1.genblk1.lut1 (4 -> 3)
  Optimizing lut $auto$abc_ops_reintegrate.cc:611:reintegrate$143773.genblk1.genblk1.genblk1.genblk1.genblk1.lut0 (4 -> 3)
  Optimizing lut $abc$143663$lut$aiger$o2359.genblk1.genblk1.genblk1.genblk1.genblk1.lut1 (4 -> 3)
  Optimizing lut $auto$abc_ops_reintegrate.cc:611:reintegrate$143772.genblk1.genblk1.genblk1.genblk1.genblk1.lut1 (4 -> 3)
  Optimizing lut $auto$abc_ops_reintegrate.cc:611:reintegrate$143771.genblk1.genblk1.genblk1.genblk1.genblk1.lut1 (4 -> 3)
  Optimizing lut $abc$143663$lut$aiger$o2632.genblk1.genblk1.genblk1.genblk1.genblk1.lut1 (4 -> 3)
  Optimizing lut $abc$143663$lut$aiger$o2635.genblk1.genblk1.genblk1.genblk1.genblk1.lut1 (4 -> 3)
  Optimizing lut $abc$143663$lut$aiger$o3501.genblk1.genblk1.genblk1.genblk1.genblk1.lut1 (4 -> 3)
  Optimizing lut $auto$abc_ops_reintegrate.cc:611:reintegrate$143770.genblk1.genblk1.genblk1.genblk1.genblk1.lut1 (4 -> 3)
  Optimizing lut $abc$143663$lut$aiger143662$8872.genblk1.genblk1.genblk1.genblk1.genblk1.lut0 (4 -> 0)
  Optimizing lut $auto$abc_ops_reintegrate.cc:611:reintegrate$143769.genblk1.genblk1.genblk1.genblk1.genblk1.lut1 (4 -> 3)
  Optimizing lut $auto$abc_ops_reintegrate.cc:611:reintegrate$143768.genblk1.genblk1.genblk1.genblk1.genblk1.lut1 (4 -> 3)
  Optimizing lut $abc$143663$lut$aiger$o2362.genblk1.genblk1.genblk1.genblk1.genblk1.lut1 (4 -> 3)
  Optimizing lut $auto$abc_ops_reintegrate.cc:611:reintegrate$143767.genblk1.genblk1.genblk1.genblk1.genblk1.lut1 (4 -> 3)
  Optimizing lut $abc$143663$lut$aiger$o2638.genblk1.genblk1.genblk1.genblk1.genblk1.lut1 (4 -> 3)
  Optimizing lut $auto$abc_ops_reintegrate.cc:611:reintegrate$143766.genblk1.genblk1.genblk1.genblk1.genblk1.lut1 (4 -> 3)
  Optimizing lut $auto$abc_ops_reintegrate.cc:611:reintegrate$143765.genblk1.genblk1.genblk1.genblk1.genblk1.lut1 (4 -> 3)
  Optimizing lut $abc$143663$lut$aiger143662$8884.genblk1.genblk1.genblk1.genblk1.genblk1.lut1 (4 -> 0)
  Optimizing lut $abc$143663$lut$aiger$o2365.genblk1.genblk1.genblk1.genblk1.genblk1.lut1 (4 -> 3)
  Optimizing lut $abc$143663$lut$aiger$o2638.genblk1.genblk1.genblk1.genblk1.genblk1.lut0 (4 -> 3)
  Optimizing lut $auto$abc_ops_reintegrate.cc:611:reintegrate$143764.genblk1.genblk1.genblk1.genblk1.genblk1.lut1 (4 -> 3)
  Optimizing lut $abc$143663$lut$aiger$o2641.genblk1.genblk1.genblk1.genblk1.genblk1.lut1 (4 -> 3)
  Optimizing lut $abc$143663$lut$aiger143662$8891.genblk1.genblk1.genblk1.genblk1.genblk1.genblk1.genblk1.genblk1.lut0.genblk1.genblk1.genblk1.genblk1.genblk1.genblk1.genblk1.lut0.genblk1.genblk1.genblk1.genblk1.genblk1.genblk1.lut1.genblk1.genblk1.genblk1.genblk1.genblk1.lut1 (4 -> 1)
  Optimizing lut $abc$143663$lut$aiger$o1200.genblk1.genblk1.genblk1.genblk1.genblk1.genblk1.lut1.genblk1.genblk1.genblk1.genblk1.genblk1.lut0 (4 -> 1)
  Optimizing lut $abc$143663$lut$aiger$o2644.genblk1.genblk1.genblk1.genblk1.genblk1.lut1 (4 -> 3)
  Optimizing lut $abc$143663$lut$aiger143662$8891.genblk1.genblk1.genblk1.genblk1.genblk1.genblk1.genblk1.genblk1.lut1.genblk1.genblk1.genblk1.genblk1.genblk1.genblk1.genblk1.lut0.genblk1.genblk1.genblk1.genblk1.genblk1.genblk1.lut1.genblk1.genblk1.genblk1.genblk1.genblk1.lut1 (4 -> 1)
  Optimizing lut $abc$143663$lut$aiger$o141.genblk1.genblk1.genblk1.genblk1.genblk1.lut0 (4 -> 3)
  Optimizing lut $abc$143663$lut$aiger$o2023.genblk1.genblk1.genblk1.genblk1.genblk1.lut0 (4 -> 2)
  Optimizing lut $auto$abc_ops_reintegrate.cc:611:reintegrate$143762.genblk1.genblk1.genblk1.genblk1.genblk1.lut1 (4 -> 3)
  Optimizing lut $abc$143663$lut$aiger$o2647.genblk1.genblk1.genblk1.genblk1.genblk1.lut1 (4 -> 3)
  Optimizing lut $abc$143663$lut$aiger$o1192.genblk1.genblk1.genblk1.genblk1.genblk1.genblk1.lut1.genblk1.genblk1.genblk1.genblk1.genblk1.lut0 (4 -> 1)
  Optimizing lut $abc$143663$lut$aiger$o2644.genblk1.genblk1.genblk1.genblk1.genblk1.lut0 (4 -> 3)
  Optimizing lut $abc$143663$lut$aiger$o1188.genblk1.genblk1.genblk1.genblk1.genblk1.lut1 (4 -> 1)
  Optimizing lut $auto$abc_ops_reintegrate.cc:611:reintegrate$143759.genblk1.genblk1.genblk1.genblk1.genblk1.lut1 (4 -> 3)
  Optimizing lut $auto$abc_ops_reintegrate.cc:611:reintegrate$143758.genblk1.genblk1.genblk1.genblk1.genblk1.lut1 (4 -> 3)
  Optimizing lut $abc$143663$lut$aiger$o3504.genblk1.genblk1.genblk1.genblk1.genblk1.lut1 (4 -> 3)
  Optimizing lut $abc$143663$lut$aiger$o2650.genblk1.genblk1.genblk1.genblk1.genblk1.lut1 (4 -> 3)
  Optimizing lut $auto$abc_ops_reintegrate.cc:611:reintegrate$143757.genblk1.genblk1.genblk1.genblk1.genblk1.lut1 (4 -> 3)
  Optimizing lut $abc$143663$lut$aiger$o1140.genblk1.genblk1.genblk1.genblk1.genblk1.genblk1.lut1.genblk1.genblk1.genblk1.genblk1.genblk1.lut0 (4 -> 1)
  Optimizing lut $abc$143663$lut$aiger$o1136.genblk1.genblk1.genblk1.genblk1.genblk1.genblk1.lut1.genblk1.genblk1.genblk1.genblk1.genblk1.lut0 (4 -> 1)
  Optimizing lut $abc$143663$lut$aiger$o1132.genblk1.genblk1.genblk1.genblk1.genblk1.genblk1.lut1.genblk1.genblk1.genblk1.genblk1.genblk1.lut0 (4 -> 1)
  Optimizing lut $abc$143663$lut$aiger$o1128.genblk1.genblk1.genblk1.genblk1.genblk1.genblk1.lut1.genblk1.genblk1.genblk1.genblk1.genblk1.lut0 (4 -> 1)
  Optimizing lut $abc$143663$lut$aiger$o1124.genblk1.genblk1.genblk1.genblk1.genblk1.genblk1.lut1.genblk1.genblk1.genblk1.genblk1.genblk1.lut0 (4 -> 1)
  Optimizing lut $abc$143663$lut$aiger143662$8911.genblk1.genblk1.genblk1.genblk1.genblk1.genblk1.lut1.genblk1.genblk1.genblk1.genblk1.genblk1.lut1 (4 -> 1)
  Optimizing lut $abc$143663$lut$aiger$o2653.genblk1.genblk1.genblk1.genblk1.genblk1.lut1 (4 -> 3)
  Optimizing lut $abc$143663$lut$aiger$o1120.genblk1.genblk1.genblk1.genblk1.genblk1.genblk1.lut1.genblk1.genblk1.genblk1.genblk1.genblk1.lut0 (4 -> 1)
  Optimizing lut $abc$143663$lut$aiger$o1116.genblk1.genblk1.genblk1.genblk1.genblk1.genblk1.lut1.genblk1.genblk1.genblk1.genblk1.genblk1.lut0 (4 -> 1)
  Optimizing lut $abc$143663$lut$aiger$o64.genblk1.genblk1.genblk1.genblk1.genblk1.lut1 (4 -> 1)
  Optimizing lut $abc$143663$lut$aiger143662$8891.genblk1.genblk1.genblk1.genblk1.genblk1.genblk1.genblk1.genblk1.lut0.genblk1.genblk1.genblk1.genblk1.genblk1.genblk1.genblk1.lut0.genblk1.genblk1.genblk1.genblk1.genblk1.genblk1.lut0.genblk1.genblk1.genblk1.genblk1.genblk1.lut1 (4 -> 1)
  Optimizing lut $auto$abc_ops_reintegrate.cc:611:reintegrate$143748.genblk1.genblk1.genblk1.genblk1.genblk1.lut1 (4 -> 3)
  Optimizing lut $auto$abc_ops_reintegrate.cc:611:reintegrate$143747.genblk1.genblk1.genblk1.genblk1.genblk1.lut1 (4 -> 3)
  Optimizing lut $abc$143663$lut$aiger$o3507.genblk1.genblk1.genblk1.genblk1.genblk1.lut1 (4 -> 3)
  Optimizing lut $auto$abc_ops_reintegrate.cc:611:reintegrate$143746.genblk1.genblk1.genblk1.genblk1.genblk1.lut1 (4 -> 3)
  Optimizing lut $abc$143663$lut$aiger$o2653.genblk1.genblk1.genblk1.genblk1.genblk1.lut0 (4 -> 3)
  Optimizing lut $auto$abc_ops_reintegrate.cc:611:reintegrate$143745.genblk1.genblk1.genblk1.genblk1.genblk1.lut1 (4 -> 3)
  Optimizing lut $auto$abc_ops_reintegrate.cc:611:reintegrate$143744.genblk1.genblk1.genblk1.genblk1.genblk1.lut1 (4 -> 3)
  Optimizing lut $auto$abc_ops_reintegrate.cc:611:reintegrate$143743.genblk1.genblk1.genblk1.genblk1.genblk1.lut1 (4 -> 3)
  Optimizing lut $auto$abc_ops_reintegrate.cc:611:reintegrate$143742.genblk1.genblk1.genblk1.genblk1.genblk1.lut1 (4 -> 3)
  Optimizing lut $auto$abc_ops_reintegrate.cc:611:reintegrate$143962.genblk1.genblk1.genblk1.genblk1.genblk1.lut0 (4 -> 3)
  Optimizing lut $abc$143663$lut$aiger$o2359.genblk1.genblk1.genblk1.genblk1.genblk1.lut0 (4 -> 3)
  Optimizing lut $abc$143663$lut$aiger$o2392.genblk1.genblk1.genblk1.genblk1.genblk1.lut1 (4 -> 3)
  Optimizing lut $auto$abc_ops_reintegrate.cc:611:reintegrate$143741.genblk1.genblk1.genblk1.genblk1.genblk1.lut1 (4 -> 3)
  Optimizing lut $auto$abc_ops_reintegrate.cc:611:reintegrate$143740.genblk1.genblk1.genblk1.genblk1.genblk1.lut1 (4 -> 3)
  Optimizing lut $auto$abc_ops_reintegrate.cc:611:reintegrate$143739.genblk1.genblk1.genblk1.genblk1.genblk1.lut1 (4 -> 3)
  Optimizing lut $auto$abc_ops_reintegrate.cc:611:reintegrate$143738.genblk1.genblk1.genblk1.genblk1.genblk1.lut1 (4 -> 3)
  Optimizing lut $auto$abc_ops_reintegrate.cc:611:reintegrate$143737.genblk1.genblk1.genblk1.genblk1.genblk1.lut1 (4 -> 3)
  Optimizing lut $auto$abc_ops_reintegrate.cc:611:reintegrate$143736.genblk1.genblk1.genblk1.genblk1.genblk1.lut1 (4 -> 3)
  Optimizing lut $abc$143663$lut$aiger$o3507.genblk1.genblk1.genblk1.genblk1.genblk1.lut0 (4 -> 3)
  Optimizing lut $auto$abc_ops_reintegrate.cc:611:reintegrate$144053.genblk1.genblk1.genblk1.genblk1.genblk1.lut0 (4 -> 3)
  Optimizing lut $auto$abc_ops_reintegrate.cc:611:reintegrate$143735.genblk1.genblk1.genblk1.genblk1.genblk1.lut1 (4 -> 3)
  Optimizing lut $auto$abc_ops_reintegrate.cc:611:reintegrate$143734.genblk1.genblk1.genblk1.genblk1.genblk1.lut1 (4 -> 3)
  Optimizing lut $auto$abc_ops_reintegrate.cc:611:reintegrate$143733.genblk1.genblk1.genblk1.genblk1.genblk1.lut1 (4 -> 3)
  Optimizing lut $auto$abc_ops_reintegrate.cc:611:reintegrate$143732.genblk1.genblk1.genblk1.genblk1.genblk1.lut1 (4 -> 3)
  Optimizing lut $auto$abc_ops_reintegrate.cc:611:reintegrate$143731.genblk1.genblk1.genblk1.genblk1.genblk1.lut1 (4 -> 3)
  Optimizing lut $abc$143663$lut$aiger143662$8952.genblk1.genblk1.genblk1.genblk1.genblk1.genblk1.genblk1.lut0.genblk1.genblk1.genblk1.genblk1.genblk1.genblk1.lut1.genblk1.genblk1.genblk1.genblk1.genblk1.lut1 (4 -> 0)
  Optimizing lut $auto$abc_ops_reintegrate.cc:611:reintegrate$143730.genblk1.genblk1.genblk1.genblk1.genblk1.lut1 (4 -> 3)
  Optimizing lut $auto$abc_ops_reintegrate.cc:611:reintegrate$143729.genblk1.genblk1.genblk1.genblk1.genblk1.lut1 (4 -> 3)
  Optimizing lut $abc$143663$lut$aiger143662$10203.genblk1.genblk1.genblk1.genblk1.genblk1.lut1 (4 -> 3)
  Optimizing lut $auto$abc_ops_reintegrate.cc:611:reintegrate$143728.genblk1.genblk1.genblk1.genblk1.genblk1.lut1 (4 -> 3)
  Optimizing lut $abc$143663$lut$aiger143662$8952.genblk1.genblk1.genblk1.genblk1.genblk1.genblk1.genblk1.lut1.genblk1.genblk1.genblk1.genblk1.genblk1.genblk1.lut1.genblk1.genblk1.genblk1.genblk1.genblk1.lut1 (4 -> 1)
  Optimizing lut $abc$143663$lut$aiger143662$11031.genblk1.genblk1.genblk1.genblk1.genblk1.lut1 (4 -> 0)
  Optimizing lut $abc$143663$lut$aiger$o2395.genblk1.genblk1.genblk1.genblk1.genblk1.lut1 (4 -> 3)
  Optimizing lut $abc$143663$lut$aiger$o3510.genblk1.genblk1.genblk1.genblk1.genblk1.lut1 (4 -> 3)
  Optimizing lut $auto$abc_ops_reintegrate.cc:611:reintegrate$143727.genblk1.genblk1.genblk1.genblk1.genblk1.lut1 (4 -> 3)
  Optimizing lut $auto$abc_ops_reintegrate.cc:611:reintegrate$143726.genblk1.genblk1.genblk1.genblk1.genblk1.lut1 (4 -> 3)
  Optimizing lut $abc$143663$lut$aiger$o2398.genblk1.genblk1.genblk1.genblk1.genblk1.lut1 (4 -> 3)
  Optimizing lut $auto$abc_ops_reintegrate.cc:611:reintegrate$143725.genblk1.genblk1.genblk1.genblk1.genblk1.lut1 (4 -> 3)
  Optimizing lut $abc$143663$lut$aiger$o1141.genblk1.genblk1.genblk1.genblk1.genblk1.lut1 (4 -> 1)
  Optimizing lut $abc$143663$lut$aiger$o3510.genblk1.genblk1.genblk1.genblk1.genblk1.lut0 (4 -> 3)
  Optimizing lut $abc$143663$lut$aiger$o2401.genblk1.genblk1.genblk1.genblk1.genblk1.lut1 (4 -> 3)
  Optimizing lut $abc$143663$lut$aiger$o2398.genblk1.genblk1.genblk1.genblk1.genblk1.lut0 (4 -> 3)
  Optimizing lut $abc$143663$lut$aiger$o1137.genblk1.genblk1.genblk1.genblk1.genblk1.lut1 (4 -> 1)
  Optimizing lut $abc$143663$lut$aiger$o1133.genblk1.genblk1.genblk1.genblk1.genblk1.lut1 (4 -> 1)
  Optimizing lut $abc$143663$lut$aiger$o1129.genblk1.genblk1.genblk1.genblk1.genblk1.lut1 (4 -> 1)
  Optimizing lut $abc$143663$lut$aiger$o2404.genblk1.genblk1.genblk1.genblk1.genblk1.lut1 (4 -> 3)
  Optimizing lut $abc$143663$lut$aiger$o1125.genblk1.genblk1.genblk1.genblk1.genblk1.lut1 (4 -> 1)
  Optimizing lut $abc$143663$lut$aiger$o44.genblk1.genblk1.genblk1.genblk1.genblk1.genblk1.lut1.genblk1.genblk1.genblk1.genblk1.genblk1.lut1 (4 -> 1)
  Optimizing lut $abc$143663$lut$aiger$o2401.genblk1.genblk1.genblk1.genblk1.genblk1.lut0 (4 -> 3)
  Optimizing lut $abc$143663$lut$aiger$o1121.genblk1.genblk1.genblk1.genblk1.genblk1.lut1 (4 -> 1)
  Optimizing lut $abc$143663$lut$aiger$o1117.genblk1.genblk1.genblk1.genblk1.genblk1.lut1 (4 -> 1)
  Optimizing lut $auto$abc_ops_reintegrate.cc:611:reintegrate$143712.genblk1.genblk1.genblk1.genblk1.genblk1.lut1 (4 -> 3)
  Optimizing lut $abc$143663$lut$aiger$o2407.genblk1.genblk1.genblk1.genblk1.genblk1.lut1 (4 -> 3)
  Optimizing lut $auto$abc_ops_reintegrate.cc:611:reintegrate$144051.genblk1.genblk1.genblk1.genblk1.genblk1.lut0 (4 -> 3)
  Optimizing lut $abc$143663$lut$aiger$o2404.genblk1.genblk1.genblk1.genblk1.genblk1.lut0 (4 -> 3)
  Optimizing lut $abc$143663$lut$aiger$o3513.genblk1.genblk1.genblk1.genblk1.genblk1.lut1 (4 -> 3)
  Optimizing lut $abc$143663$lut$aiger$o2410.genblk1.genblk1.genblk1.genblk1.genblk1.lut1 (4 -> 3)
  Optimizing lut $auto$abc_ops_reintegrate.cc:611:reintegrate$143711.genblk1.genblk1.genblk1.genblk1.genblk1.lut1 (4 -> 3)
  Optimizing lut $abc$143663$lut$aiger$o2413.genblk1.genblk1.genblk1.genblk1.genblk1.lut1 (4 -> 3)
  Optimizing lut $auto$abc_ops_reintegrate.cc:611:reintegrate$143710.genblk1.genblk1.genblk1.genblk1.genblk1.lut1 (4 -> 3)
  Optimizing lut $abc$143663$lut$aiger$o2410.genblk1.genblk1.genblk1.genblk1.genblk1.lut0 (4 -> 3)
  Optimizing lut $auto$abc_ops_reintegrate.cc:611:reintegrate$143709.genblk1.genblk1.genblk1.genblk1.genblk1.lut1 (4 -> 3)
  Optimizing lut $abc$143663$lut$aiger$o2680.genblk1.genblk1.genblk1.genblk1.genblk1.lut1 (4 -> 3)
  Optimizing lut $abc$143663$lut$aiger$o32.genblk1.genblk1.genblk1.genblk1.genblk1.genblk1.lut1.genblk1.genblk1.genblk1.genblk1.genblk1.lut1 (4 -> 1)
  Optimizing lut $auto$abc_ops_reintegrate.cc:611:reintegrate$143708.genblk1.genblk1.genblk1.genblk1.genblk1.lut1 (4 -> 3)
  Optimizing lut $auto$abc_ops_reintegrate.cc:611:reintegrate$143707.genblk1.genblk1.genblk1.genblk1.genblk1.lut1 (4 -> 3)
  Optimizing lut $abc$143663$lut$aiger$o2413.genblk1.genblk1.genblk1.genblk1.genblk1.lut0 (4 -> 3)
  Optimizing lut $abc$143663$lut$aiger143662$9746.genblk1.genblk1.genblk1.genblk1.genblk1.lut1 (4 -> 3)
  Optimizing lut $abc$143663$lut$aiger$o1116.genblk1.genblk1.genblk1.genblk1.genblk1.genblk1.lut1.genblk1.genblk1.genblk1.genblk1.genblk1.lut1 (4 -> 1)
  Optimizing lut $abc$143663$lut$aiger$o316.genblk1.genblk1.genblk1.genblk1.genblk1.genblk1.lut0.genblk1.genblk1.genblk1.genblk1.genblk1.lut1 (4 -> 1)
  Optimizing lut $abc$143663$lut$aiger$o2683.genblk1.genblk1.genblk1.genblk1.genblk1.lut1 (4 -> 3)
  Optimizing lut $auto$abc_ops_reintegrate.cc:611:reintegrate$143706.genblk1.genblk1.genblk1.genblk1.genblk1.lut1 (4 -> 3)
  Optimizing lut $abc$143663$lut$aiger$o2686.genblk1.genblk1.genblk1.genblk1.genblk1.lut1 (4 -> 3)
  Optimizing lut $auto$abc_ops_reintegrate.cc:611:reintegrate$143705.genblk1.genblk1.genblk1.genblk1.genblk1.lut1 (4 -> 3)
  Optimizing lut $abc$143663$lut$aiger$o2074.genblk1.genblk1.genblk1.genblk1.genblk1.lut0 (4 -> 2)
  Optimizing lut $auto$abc_ops_reintegrate.cc:611:reintegrate$143704.genblk1.genblk1.genblk1.genblk1.genblk1.lut1 (4 -> 3)
  Optimizing lut $auto$abc_ops_reintegrate.cc:611:reintegrate$143703.genblk1.genblk1.genblk1.genblk1.genblk1.lut1 (4 -> 3)
  Optimizing lut $auto$abc_ops_reintegrate.cc:611:reintegrate$143701.genblk1.genblk1.genblk1.genblk1.genblk1.lut1 (4 -> 3)
  Optimizing lut $abc$143663$lut$aiger$o2689.genblk1.genblk1.genblk1.genblk1.genblk1.lut1 (4 -> 3)
  Optimizing lut $abc$143663$lut$aiger$o2686.genblk1.genblk1.genblk1.genblk1.genblk1.lut0 (4 -> 3)
  Optimizing lut $auto$abc_ops_reintegrate.cc:611:reintegrate$143698.genblk1.genblk1.genblk1.genblk1.genblk1.lut1 (4 -> 0)
  Optimizing lut $abc$143663$lut$aiger143662$10598.genblk1.genblk1.genblk1.genblk1.genblk1.lut1 (4 -> 1)
  Optimizing lut $abc$143663$lut$aiger$o2692.genblk1.genblk1.genblk1.genblk1.genblk1.lut1 (4 -> 3)
  Optimizing lut $auto$abc_ops_reintegrate.cc:611:reintegrate$143693.genblk1.genblk1.genblk1.genblk1.genblk1.lut1 (4 -> 0)
  Optimizing lut $abc$143663$lut$aiger$o2695.genblk1.genblk1.genblk1.genblk1.genblk1.lut1 (4 -> 3)
  Optimizing lut $abc$143663$lut$aiger$o2692.genblk1.genblk1.genblk1.genblk1.genblk1.lut0 (4 -> 3)
  Optimizing lut $abc$143663$lut$aiger143662$9032.genblk1.genblk1.genblk1.genblk1.genblk1.genblk1.genblk1.lut0.genblk1.genblk1.genblk1.genblk1.genblk1.genblk1.lut1.genblk1.genblk1.genblk1.genblk1.genblk1.lut1 (4 -> 0)
  Optimizing lut $auto$abc_ops_reintegrate.cc:611:reintegrate$143692.genblk1.genblk1.genblk1.genblk1.genblk1.lut1 (4 -> 3)
  Optimizing lut $auto$abc_ops_reintegrate.cc:611:reintegrate$143691.genblk1.genblk1.genblk1.genblk1.genblk1.lut1 (4 -> 3)
  Optimizing lut $auto$abc_ops_reintegrate.cc:611:reintegrate$143690.genblk1.genblk1.genblk1.genblk1.genblk1.lut1 (4 -> 3)
  Optimizing lut $abc$143663$lut$aiger$o52.genblk1.genblk1.genblk1.genblk1.genblk1.genblk1.lut1.genblk1.genblk1.genblk1.genblk1.genblk1.lut1 (4 -> 1)
  Optimizing lut $abc$143663$lut$aiger$o2698.genblk1.genblk1.genblk1.genblk1.genblk1.lut1 (4 -> 3)
  Optimizing lut $auto$abc_ops_reintegrate.cc:611:reintegrate$143689.genblk1.genblk1.genblk1.genblk1.genblk1.lut1 (4 -> 3)
  Optimizing lut $auto$abc_ops_reintegrate.cc:611:reintegrate$143688.genblk1.genblk1.genblk1.genblk1.genblk1.lut1 (4 -> 3)
  Optimizing lut $abc$143663$lut$aiger143662$9032.genblk1.genblk1.genblk1.genblk1.genblk1.genblk1.genblk1.lut1.genblk1.genblk1.genblk1.genblk1.genblk1.genblk1.lut1.genblk1.genblk1.genblk1.genblk1.genblk1.lut1 (4 -> 1)
  Optimizing lut $auto$abc_ops_reintegrate.cc:611:reintegrate$143687.genblk1.genblk1.genblk1.genblk1.genblk1.lut1 (4 -> 3)
  Optimizing lut $auto$abc_ops_reintegrate.cc:611:reintegrate$143686.genblk1.genblk1.genblk1.genblk1.genblk1.lut1 (4 -> 3)
  Optimizing lut $auto$abc_ops_reintegrate.cc:611:reintegrate$143685.genblk1.genblk1.genblk1.genblk1.genblk1.lut1 (4 -> 3)
  Optimizing lut $auto$abc_ops_reintegrate.cc:611:reintegrate$143684.genblk1.genblk1.genblk1.genblk1.genblk1.lut1 (4 -> 3)
  Optimizing lut $abc$143663$lut$aiger$o2701.genblk1.genblk1.genblk1.genblk1.genblk1.lut1 (4 -> 3)
  Optimizing lut $auto$abc_ops_reintegrate.cc:611:reintegrate$143683.genblk1.genblk1.genblk1.genblk1.genblk1.lut1 (4 -> 3)
  Optimizing lut $auto$abc_ops_reintegrate.cc:611:reintegrate$143682.genblk1.genblk1.genblk1.genblk1.genblk1.lut1 (4 -> 3)
  Optimizing lut $auto$abc_ops_reintegrate.cc:611:reintegrate$143681.genblk1.genblk1.genblk1.genblk1.genblk1.lut1 (4 -> 3)
  Optimizing lut $auto$abc_ops_reintegrate.cc:611:reintegrate$143680.genblk1.genblk1.genblk1.genblk1.genblk1.lut1 (4 -> 3)
  Optimizing lut $abc$143663$lut$aiger$o2440.genblk1.genblk1.genblk1.genblk1.genblk1.lut1 (4 -> 3)
  Optimizing lut $auto$abc_ops_reintegrate.cc:611:reintegrate$143679.genblk1.genblk1.genblk1.genblk1.genblk1.lut1 (4 -> 3)
  Optimizing lut $abc$143663$lut$aiger$o2065.genblk1.genblk1.genblk1.genblk1.genblk1.lut0 (4 -> 2)
  Optimizing lut $abc$143663$lut$aiger143662$9060.genblk1.genblk1.genblk1.genblk1.genblk1.genblk1.genblk1.lut0.genblk1.genblk1.genblk1.genblk1.genblk1.genblk1.lut1.genblk1.genblk1.genblk1.genblk1.genblk1.lut1 (4 -> 0)
  Optimizing lut $auto$abc_ops_reintegrate.cc:611:reintegrate$143678.genblk1.genblk1.genblk1.genblk1.genblk1.lut1 (4 -> 3)
  Optimizing lut $abc$143663$lut$aiger$o2443.genblk1.genblk1.genblk1.genblk1.genblk1.lut1 (4 -> 3)
  Optimizing lut $abc$143663$lut$aiger$o2446.genblk1.genblk1.genblk1.genblk1.genblk1.lut1 (4 -> 3)
  Optimizing lut $auto$abc_ops_reintegrate.cc:611:reintegrate$143677.genblk1.genblk1.genblk1.genblk1.genblk1.lut1 (4 -> 3)
  Optimizing lut $auto$abc_ops_reintegrate.cc:611:reintegrate$143676.genblk1.genblk1.genblk1.genblk1.genblk1.lut1 (4 -> 3)
  Optimizing lut $abc$143663$lut$aiger$o40.genblk1.genblk1.genblk1.genblk1.genblk1.genblk1.lut1.genblk1.genblk1.genblk1.genblk1.genblk1.lut1 (4 -> 1)
  Optimizing lut $auto$abc_ops_reintegrate.cc:611:reintegrate$143675.genblk1.genblk1.genblk1.genblk1.genblk1.lut1 (4 -> 3)
  Optimizing lut $auto$abc_ops_reintegrate.cc:611:reintegrate$143674.genblk1.genblk1.genblk1.genblk1.genblk1.lut1 (4 -> 3)
  Optimizing lut $abc$143663$lut$aiger143662$9060.genblk1.genblk1.genblk1.genblk1.genblk1.genblk1.genblk1.lut1.genblk1.genblk1.genblk1.genblk1.genblk1.genblk1.lut1.genblk1.genblk1.genblk1.genblk1.genblk1.lut1 (4 -> 1)
  Optimizing lut $auto$abc_ops_reintegrate.cc:611:reintegrate$143673.genblk1.genblk1.genblk1.genblk1.genblk1.lut1 (4 -> 3)
  Optimizing lut $auto$abc_ops_reintegrate.cc:611:reintegrate$143672.genblk1.genblk1.genblk1.genblk1.genblk1.lut1 (4 -> 3)
  Optimizing lut $auto$abc_ops_reintegrate.cc:611:reintegrate$143671.genblk1.genblk1.genblk1.genblk1.genblk1.lut1 (4 -> 3)
  Optimizing lut $abc$143663$lut$aiger$o2449.genblk1.genblk1.genblk1.genblk1.genblk1.lut1 (4 -> 3)
  Optimizing lut $auto$abc_ops_reintegrate.cc:611:reintegrate$143670.genblk1.genblk1.genblk1.genblk1.genblk1.lut1 (4 -> 3)
  Optimizing lut $auto$abc_ops_reintegrate.cc:611:reintegrate$143669.genblk1.genblk1.genblk1.genblk1.genblk1.lut1 (4 -> 3)
  Optimizing lut $abc$143663$lut$aiger$o60.genblk1.genblk1.genblk1.genblk1.genblk1.lut1 (4 -> 1)
  Optimizing lut $abc$143663$lut$aiger$o540.genblk1.genblk1.genblk1.genblk1.genblk1.lut1 (4 -> 0)
  Optimizing lut $auto$abc_ops_reintegrate.cc:611:reintegrate$143668.genblk1.genblk1.genblk1.genblk1.genblk1.lut1 (4 -> 3)
  Optimizing lut $auto$abc_ops_reintegrate.cc:611:reintegrate$143974.genblk1.genblk1.genblk1.genblk1.genblk1.lut0 (4 -> 3)
  Optimizing lut $auto$abc_ops_reintegrate.cc:611:reintegrate$143667.genblk1.genblk1.genblk1.genblk1.genblk1.lut1 (4 -> 3)
  Optimizing lut $abc$143663$lut$aiger$o2452.genblk1.genblk1.genblk1.genblk1.genblk1.lut1 (4 -> 3)
  Optimizing lut $abc$143663$lut$aiger$o2008.genblk1.genblk1.genblk1.genblk1.genblk1.lut0 (4 -> 2)
  Optimizing lut $abc$143663$lut$aiger$o84.genblk1.genblk1.genblk1.genblk1.genblk1.lut1 (4 -> 1)
  Optimizing lut $abc$143663$lut$aiger143662$7696.genblk1.genblk1.genblk1.genblk1.genblk1.genblk1.lut0.genblk1.genblk1.genblk1.genblk1.genblk1.lut1 (4 -> 3)
  Optimizing lut $abc$143663$lut$aiger$o2452.genblk1.genblk1.genblk1.genblk1.genblk1.lut0 (4 -> 3)
  Optimizing lut $abc$143663$lut$aiger$o109.genblk1.genblk1.genblk1.genblk1.genblk1.lut1 (4 -> 2)
  Optimizing lut $abc$143663$lut$aiger$o109.genblk1.genblk1.genblk1.genblk1.genblk1.lut0 (4 -> 3)
  Optimizing lut $auto$abc_ops_reintegrate.cc:611:reintegrate$143746.genblk1.genblk1.genblk1.genblk1.genblk1.lut0 (4 -> 3)
  Optimizing lut $auto$abc_ops_reintegrate.cc:611:reintegrate$143747.genblk1.genblk1.genblk1.genblk1.genblk1.lut0 (4 -> 3)
  Optimizing lut $auto$abc_ops_reintegrate.cc:611:reintegrate$143742.genblk1.genblk1.genblk1.genblk1.genblk1.lut0 (4 -> 3)
  Optimizing lut $auto$abc_ops_reintegrate.cc:611:reintegrate$143740.genblk1.genblk1.genblk1.genblk1.genblk1.lut0 (4 -> 3)
  Optimizing lut $auto$abc_ops_reintegrate.cc:611:reintegrate$143741.genblk1.genblk1.genblk1.genblk1.genblk1.lut0 (4 -> 3)
  Optimizing lut $abc$143663$lut$aiger143662$7975.genblk1.genblk1.genblk1.genblk1.genblk1.genblk1.genblk1.lut0.genblk1.genblk1.genblk1.genblk1.genblk1.genblk1.lut1.genblk1.genblk1.genblk1.genblk1.genblk1.lut1 (4 -> 1)
  Optimizing lut $abc$143663$lut$aiger$o2734.genblk1.genblk1.genblk1.genblk1.genblk1.lut1 (4 -> 3)
  Optimizing lut $auto$abc_ops_reintegrate.cc:611:reintegrate$143735.genblk1.genblk1.genblk1.genblk1.genblk1.lut0 (4 -> 3)
  Optimizing lut $auto$abc_ops_reintegrate.cc:611:reintegrate$143736.genblk1.genblk1.genblk1.genblk1.genblk1.lut0 (4 -> 3)
  Optimizing lut $auto$abc_ops_reintegrate.cc:611:reintegrate$143730.genblk1.genblk1.genblk1.genblk1.genblk1.lut0 (4 -> 3)
  Optimizing lut $auto$abc_ops_reintegrate.cc:611:reintegrate$143726.genblk1.genblk1.genblk1.genblk1.genblk1.lut0 (4 -> 3)
  Optimizing lut $auto$abc_ops_reintegrate.cc:611:reintegrate$143724.genblk1.genblk1.genblk1.genblk1.genblk1.lut1 (4 -> 3)
  Optimizing lut $auto$abc_ops_reintegrate.cc:611:reintegrate$143721.genblk1.genblk1.genblk1.genblk1.genblk1.lut1 (4 -> 3)
  Optimizing lut $abc$143663$lut$aiger143662$8120.genblk1.genblk1.genblk1.genblk1.genblk1.genblk1.genblk1.lut1.genblk1.genblk1.genblk1.genblk1.genblk1.genblk1.lut1.genblk1.genblk1.genblk1.genblk1.genblk1.lut1 (4 -> 0)
  Optimizing lut $abc$143663$lut$aiger143662$8120.genblk1.genblk1.genblk1.genblk1.genblk1.genblk1.genblk1.lut0.genblk1.genblk1.genblk1.genblk1.genblk1.genblk1.lut1.genblk1.genblk1.genblk1.genblk1.genblk1.lut1 (4 -> 1)
  Optimizing lut $abc$143663$lut$aiger$o1140.genblk1.genblk1.genblk1.genblk1.genblk1.genblk1.lut1.genblk1.genblk1.genblk1.genblk1.genblk1.lut1 (4 -> 1)
  Optimizing lut $auto$abc_ops_reintegrate.cc:611:reintegrate$144107.genblk1.genblk1.genblk1.genblk1.genblk1.lut0 (4 -> 3)
  Optimizing lut $abc$143663$lut$aiger$o3639.genblk1.genblk1.genblk1.genblk1.genblk1.lut1 (4 -> 3)
  Optimizing lut $abc$143663$lut$aiger$o1157.genblk1.genblk1.genblk1.genblk1.genblk1.lut1 (4 -> 1)
  Optimizing lut $abc$143663$lut$aiger$o1124.genblk1.genblk1.genblk1.genblk1.genblk1.genblk1.lut1.genblk1.genblk1.genblk1.genblk1.genblk1.lut1 (4 -> 1)
  Optimizing lut $auto$abc_ops_reintegrate.cc:611:reintegrate$144102.genblk1.genblk1.genblk1.genblk1.genblk1.lut0 (4 -> 3)
  Optimizing lut $abc$143663$lut$aiger143662$8162.genblk1.genblk1.genblk1.genblk1.genblk1.lut1 (4 -> 0)
  Optimizing lut $abc$143663$lut$aiger$o2458.genblk1.genblk1.genblk1.genblk1.genblk1.lut1 (4 -> 3)
  Optimizing lut $auto$abc_ops_reintegrate.cc:611:reintegrate$143718.genblk1.genblk1.genblk1.genblk1.genblk1.lut1 (4 -> 3)
  Optimizing lut $auto$abc_ops_reintegrate.cc:611:reintegrate$143719.genblk1.genblk1.genblk1.genblk1.genblk1.lut1 (4 -> 3)
  Optimizing lut $abc$143663$lut$aiger$o1156.genblk1.genblk1.genblk1.genblk1.genblk1.genblk1.lut1.genblk1.genblk1.genblk1.genblk1.genblk1.lut1 (4 -> 1)
  Optimizing lut $abc$143663$lut$aiger143662$8204.genblk1.genblk1.genblk1.genblk1.genblk1.genblk1.genblk1.lut0.genblk1.genblk1.genblk1.genblk1.genblk1.genblk1.lut0.genblk1.genblk1.genblk1.genblk1.genblk1.lut1 (4 -> 1)
  Optimizing lut $auto$abc_ops_reintegrate.cc:611:reintegrate$144096.genblk1.genblk1.genblk1.genblk1.genblk1.lut0 (4 -> 3)
  Optimizing lut $abc$143663$lut$aiger$o1161.genblk1.genblk1.genblk1.genblk1.genblk1.lut1 (4 -> 1)
  Optimizing lut $abc$143663$lut$aiger$o2119.genblk1.genblk1.genblk1.genblk1.genblk1.lut1 (4 -> 3)
  Optimizing lut $abc$143663$lut$aiger143662$8031.genblk1.genblk1.genblk1.genblk1.genblk1.genblk1.genblk1.genblk1.lut0.genblk1.genblk1.genblk1.genblk1.genblk1.genblk1.genblk1.lut0.genblk1.genblk1.genblk1.genblk1.genblk1.genblk1.lut0.genblk1.genblk1.genblk1.genblk1.genblk1.lut1 (4 -> 0)
  Optimizing lut $abc$143663$lut$aiger143662$8204.genblk1.genblk1.genblk1.genblk1.genblk1.genblk1.genblk1.lut0.genblk1.genblk1.genblk1.genblk1.genblk1.genblk1.lut1.genblk1.genblk1.genblk1.genblk1.genblk1.lut1 (4 -> 0)
  Optimizing lut $abc$143663$lut$aiger$o1144.genblk1.genblk1.genblk1.genblk1.genblk1.genblk1.lut1.genblk1.genblk1.genblk1.genblk1.genblk1.lut1 (4 -> 1)
  Optimizing lut $abc$143663$lut$aiger143662$8204.genblk1.genblk1.genblk1.genblk1.genblk1.genblk1.genblk1.lut1.genblk1.genblk1.genblk1.genblk1.genblk1.genblk1.lut1.genblk1.genblk1.genblk1.genblk1.genblk1.lut1 (4 -> 0)
  Optimizing lut $abc$143663$lut$aiger143662$9755.genblk1.genblk1.genblk1.genblk1.genblk1.lut1 (4 -> 1)
  Optimizing lut $abc$143663$lut$aiger143662$8456.genblk1.genblk1.genblk1.genblk1.genblk1.lut1 (4 -> 1)
  Optimizing lut $abc$143663$lut$aiger143662$8031.genblk1.genblk1.genblk1.genblk1.genblk1.genblk1.genblk1.genblk1.lut0.genblk1.genblk1.genblk1.genblk1.genblk1.genblk1.genblk1.lut0.genblk1.genblk1.genblk1.genblk1.genblk1.genblk1.lut1.genblk1.genblk1.genblk1.genblk1.genblk1.lut1 (4 -> 0)
  Optimizing lut $abc$143663$lut$aiger143662$9771.genblk1.genblk1.genblk1.genblk1.genblk1.lut0 (4 -> 3)
  Optimizing lut $auto$abc_ops_reintegrate.cc:611:reintegrate$144106.genblk1.genblk1.genblk1.genblk1.genblk1.lut0 (4 -> 3)
  Optimizing lut $abc$143663$lut$aiger$o1192.genblk1.genblk1.genblk1.genblk1.genblk1.genblk1.lut1.genblk1.genblk1.genblk1.genblk1.genblk1.lut1 (4 -> 1)
  Optimizing lut $abc$143663$lut$aiger$o1488.genblk1.genblk1.genblk1.genblk1.genblk1.lut1 (4 -> 3)
  Optimizing lut $abc$143663$lut$aiger$o3751.genblk1.genblk1.genblk1.genblk1.genblk1.lut1 (4 -> 0)
  Optimizing lut $abc$143663$lut$aiger$o1148.genblk1.genblk1.genblk1.genblk1.genblk1.genblk1.lut1.genblk1.genblk1.genblk1.genblk1.genblk1.lut1 (4 -> 1)
  Optimizing lut $abc$143663$lut$aiger143662$8067.genblk1.genblk1.genblk1.genblk1.genblk1.genblk1.genblk1.lut0.genblk1.genblk1.genblk1.genblk1.genblk1.genblk1.lut1.genblk1.genblk1.genblk1.genblk1.genblk1.lut0 (4 -> 1)
  Optimizing lut $abc$143663$lut$aiger$o1160.genblk1.genblk1.genblk1.genblk1.genblk1.genblk1.lut1.genblk1.genblk1.genblk1.genblk1.genblk1.lut1 (4 -> 1)
  Optimizing lut $abc$143663$lut$aiger143662$11098.genblk1.genblk1.genblk1.genblk1.genblk1.lut1 (4 -> 3)
  Optimizing lut $abc$143663$lut$aiger143662$8456.genblk1.genblk1.genblk1.genblk1.genblk1.lut0 (4 -> 3)
  Optimizing lut $abc$143663$lut$aiger143662$8067.genblk1.genblk1.genblk1.genblk1.genblk1.genblk1.genblk1.lut0.genblk1.genblk1.genblk1.genblk1.genblk1.genblk1.lut1.genblk1.genblk1.genblk1.genblk1.genblk1.lut1 (4 -> 1)
  Optimizing lut $abc$143663$lut$aiger$o2728.genblk1.genblk1.genblk1.genblk1.genblk1.lut1 (4 -> 3)
  Optimizing lut $auto$abc_ops_reintegrate.cc:611:reintegrate$143789.genblk1.genblk1.genblk1.genblk1.genblk1.lut0 (4 -> 3)
  Optimizing lut $abc$143663$lut$aiger143662$8581.genblk1.genblk1.genblk1.genblk1.genblk1.lut0 (4 -> 3)
  Optimizing lut $abc$143663$lut$aiger$o2455.genblk1.genblk1.genblk1.genblk1.genblk1.lut0 (4 -> 3)
  Optimizing lut $abc$143663$lut$aiger143662$8260.genblk1.genblk1.genblk1.genblk1.genblk1.genblk1.genblk1.lut0.genblk1.genblk1.genblk1.genblk1.genblk1.genblk1.lut1.genblk1.genblk1.genblk1.genblk1.genblk1.lut1 (4 -> 1)
  Optimizing lut $abc$143663$lut$aiger143662$8260.genblk1.genblk1.genblk1.genblk1.genblk1.genblk1.genblk1.lut1.genblk1.genblk1.genblk1.genblk1.genblk1.genblk1.lut1.genblk1.genblk1.genblk1.genblk1.genblk1.lut1 (4 -> 0)
  Optimizing lut $abc$143663$lut$aiger$o576.genblk1.genblk1.genblk1.genblk1.genblk1.lut1 (4 -> 0)
  Optimizing lut $abc$143663$lut$aiger$o328.genblk1.genblk1.genblk1.genblk1.genblk1.genblk1.lut1.genblk1.genblk1.genblk1.genblk1.genblk1.lut1 (4 -> 1)
  Optimizing lut $abc$143663$lut$aiger$o2488.genblk1.genblk1.genblk1.genblk1.genblk1.lut1 (4 -> 3)
  Optimizing lut $abc$143663$lut$aiger143662$8008.genblk1.genblk1.genblk1.genblk1.genblk1.genblk1.genblk1.lut0.genblk1.genblk1.genblk1.genblk1.genblk1.genblk1.lut1.genblk1.genblk1.genblk1.genblk1.genblk1.lut1 (4 -> 0)
  Optimizing lut $abc$143663$lut$aiger$o3588.genblk1.genblk1.genblk1.genblk1.genblk1.lut1 (4 -> 3)
  Optimizing lut $abc$143663$lut$aiger143662$8002.genblk1.genblk1.genblk1.genblk1.genblk1.genblk1.genblk1.genblk1.lut0.genblk1.genblk1.genblk1.genblk1.genblk1.genblk1.genblk1.lut0.genblk1.genblk1.genblk1.genblk1.genblk1.genblk1.lut1.genblk1.genblk1.genblk1.genblk1.genblk1.lut1 (4 -> 0)
  Optimizing lut $abc$143663$lut$aiger$o2152.genblk1.genblk1.genblk1.genblk1.genblk1.lut1 (4 -> 3)
  Optimizing lut $abc$143663$lut$aiger$o233.genblk1.genblk1.genblk1.genblk1.genblk1.lut0 (4 -> 3)
  Optimizing lut $auto$abc_ops_reintegrate.cc:611:reintegrate$143681.genblk1.genblk1.genblk1.genblk1.genblk1.lut0 (4 -> 3)
  Optimizing lut $abc$143663$lut$aiger$o3591.genblk1.genblk1.genblk1.genblk1.genblk1.lut1 (4 -> 3)
  Optimizing lut $abc$143663$lut$aiger143662$8307.genblk1.genblk1.genblk1.genblk1.genblk1.lut1 (4 -> 0)
  Optimizing lut $abc$143663$lut$aiger$o1136.genblk1.genblk1.genblk1.genblk1.genblk1.genblk1.lut1.genblk1.genblk1.genblk1.genblk1.genblk1.lut1 (4 -> 1)
  Optimizing lut $abc$143663$lut$aiger143662$8292.genblk1.genblk1.genblk1.genblk1.genblk1.lut0 (4 -> 3)
  Optimizing lut $auto$abc_ops_reintegrate.cc:611:reintegrate$143791.genblk1.genblk1.genblk1.genblk1.genblk1.lut0 (4 -> 3)
  Optimizing lut $abc$143663$lut$aiger$o2740.genblk1.genblk1.genblk1.genblk1.genblk1.lut1 (4 -> 3)
  Optimizing lut $abc$143663$lut$aiger143662$7975.genblk1.genblk1.genblk1.genblk1.genblk1.genblk1.genblk1.lut1.genblk1.genblk1.genblk1.genblk1.genblk1.genblk1.lut1.genblk1.genblk1.genblk1.genblk1.genblk1.lut1 (4 -> 0)
  Optimizing lut $abc$143663$lut$aiger143662$8451.genblk1.genblk1.genblk1.genblk1.genblk1.genblk1.genblk1.lut0.genblk1.genblk1.genblk1.genblk1.genblk1.genblk1.lut0.genblk1.genblk1.genblk1.genblk1.genblk1.lut1 (4 -> 3)
  Optimizing lut $abc$143663$lut$aiger$o2491.genblk1.genblk1.genblk1.genblk1.genblk1.lut1 (4 -> 3)
  Optimizing lut $abc$143663$lut$aiger$o2743.genblk1.genblk1.genblk1.genblk1.genblk1.lut1 (4 -> 3)
  Optimizing lut $abc$143663$lut$aiger$o3636.genblk1.genblk1.genblk1.genblk1.genblk1.lut1 (4 -> 3)
  Optimizing lut $abc$143663$lut$aiger$o2494.genblk1.genblk1.genblk1.genblk1.genblk1.lut1 (4 -> 3)
  Optimizing lut $auto$abc_ops_reintegrate.cc:611:reintegrate$143760.genblk1.genblk1.genblk1.genblk1.genblk1.lut1 (4 -> 3)
  Optimizing lut $abc$143663$lut$aiger143662$7963.genblk1.genblk1.genblk1.genblk1.genblk1.genblk1.genblk1.lut0.genblk1.genblk1.genblk1.genblk1.genblk1.genblk1.lut1.genblk1.genblk1.genblk1.genblk1.genblk1.lut1 (4 -> 0)
  Optimizing lut $abc$143663$lut$aiger$o2167.genblk1.genblk1.genblk1.genblk1.genblk1.lut1 (4 -> 3)
  Optimizing lut $abc$143663$lut$aiger$o2494.genblk1.genblk1.genblk1.genblk1.genblk1.lut0 (4 -> 3)
  Optimizing lut $abc$143663$lut$aiger$o48.genblk1.genblk1.genblk1.genblk1.genblk1.genblk1.lut1.genblk1.genblk1.genblk1.genblk1.genblk1.lut1 (4 -> 1)
  Optimizing lut $abc$143663$lut$aiger$o2167.genblk1.genblk1.genblk1.genblk1.genblk1.lut0 (4 -> 3)
  Optimizing lut $abc$143663$lut$aiger$o2497.genblk1.genblk1.genblk1.genblk1.genblk1.lut1 (4 -> 3)
  Optimizing lut $abc$143663$lut$aiger$o2170.genblk1.genblk1.genblk1.genblk1.genblk1.lut1 (4 -> 3)
  Optimizing lut $abc$143663$lut$aiger$o2497.genblk1.genblk1.genblk1.genblk1.genblk1.lut0 (4 -> 3)
  Optimizing lut $abc$143663$lut$aiger$o2500.genblk1.genblk1.genblk1.genblk1.genblk1.lut1 (4 -> 3)
  Optimizing lut $abc$143663$lut$aiger143662$7944.genblk1.genblk1.genblk1.genblk1.genblk1.genblk1.genblk1.lut1.genblk1.genblk1.genblk1.genblk1.genblk1.genblk1.lut1.genblk1.genblk1.genblk1.genblk1.genblk1.lut1 (4 -> 0)
  Optimizing lut $abc$143663$lut$aiger$o340.genblk1.genblk1.genblk1.genblk1.genblk1.genblk1.lut1.genblk1.genblk1.genblk1.genblk1.genblk1.lut1 (4 -> 1)
  Optimizing lut $abc$143663$lut$aiger$o592.genblk1.genblk1.genblk1.genblk1.genblk1.lut1 (4 -> 0)
  Optimizing lut $abc$143663$lut$aiger$o340.genblk1.genblk1.genblk1.genblk1.genblk1.genblk1.lut1.genblk1.genblk1.genblk1.genblk1.genblk1.lut0 (4 -> 1)
  Optimizing lut $abc$143663$lut$aiger$o596.genblk1.genblk1.genblk1.genblk1.genblk1.lut1 (4 -> 0)
  Optimizing lut $abc$143663$lut$aiger$o336.genblk1.genblk1.genblk1.genblk1.genblk1.genblk1.lut1.genblk1.genblk1.genblk1.genblk1.genblk1.lut1 (4 -> 1)
  Optimizing lut $abc$143663$lut$aiger$o588.genblk1.genblk1.genblk1.genblk1.genblk1.lut1 (4 -> 0)
  Optimizing lut $abc$143663$lut$aiger143662$8335.genblk1.genblk1.genblk1.genblk1.genblk1.genblk1.genblk1.genblk1.lut1.genblk1.genblk1.genblk1.genblk1.genblk1.genblk1.genblk1.lut0.genblk1.genblk1.genblk1.genblk1.genblk1.genblk1.lut1.genblk1.genblk1.genblk1.genblk1.genblk1.lut1 (4 -> 0)
  Optimizing lut $abc$143663$lut$aiger$o3594.genblk1.genblk1.genblk1.genblk1.genblk1.lut1 (4 -> 3)
  Optimizing lut $abc$143663$lut$aiger$o2173.genblk1.genblk1.genblk1.genblk1.genblk1.lut0 (4 -> 3)
  Optimizing lut $auto$abc_ops_reintegrate.cc:611:reintegrate$144103.genblk1.genblk1.genblk1.genblk1.genblk1.lut0 (4 -> 3)
  Optimizing lut $abc$143663$lut$aiger143662$7781.genblk1.genblk1.genblk1.genblk1.genblk1.genblk1.genblk1.lut1.genblk1.genblk1.genblk1.genblk1.genblk1.genblk1.lut1.genblk1.genblk1.genblk1.genblk1.genblk1.lut1 (4 -> 0)
  Optimizing lut $abc$143663$lut$aiger$o2503.genblk1.genblk1.genblk1.genblk1.genblk1.lut1 (4 -> 3)
  Optimizing lut $auto$abc_ops_reintegrate.cc:611:reintegrate$143685.genblk1.genblk1.genblk1.genblk1.genblk1.lut0 (4 -> 3)
  Optimizing lut $abc$143663$lut$aiger$o2752.genblk1.genblk1.genblk1.genblk1.genblk1.lut1 (4 -> 3)
  Optimizing lut $abc$143663$lut$aiger$o2506.genblk1.genblk1.genblk1.genblk1.genblk1.lut1 (4 -> 3)
  Optimizing lut $abc$143663$lut$aiger143662$7781.genblk1.genblk1.genblk1.genblk1.genblk1.genblk1.genblk1.lut0.genblk1.genblk1.genblk1.genblk1.genblk1.genblk1.lut1.genblk1.genblk1.genblk1.genblk1.genblk1.lut1 (4 -> 1)
  Optimizing lut $abc$143663$lut$aiger143662$7736.genblk1.genblk1.genblk1.genblk1.genblk1.genblk1.genblk1.genblk1.lut1.genblk1.genblk1.genblk1.genblk1.genblk1.genblk1.genblk1.lut0.genblk1.genblk1.genblk1.genblk1.genblk1.genblk1.lut1.genblk1.genblk1.genblk1.genblk1.genblk1.lut1 (4 -> 0)
  Optimizing lut $abc$143663$lut$aiger143662$7736.genblk1.genblk1.genblk1.genblk1.genblk1.genblk1.genblk1.genblk1.lut0.genblk1.genblk1.genblk1.genblk1.genblk1.genblk1.genblk1.lut0.genblk1.genblk1.genblk1.genblk1.genblk1.genblk1.lut1.genblk1.genblk1.genblk1.genblk1.genblk1.lut1 (4 -> 0)
  Optimizing lut $abc$143663$lut$aiger$o2086.genblk1.genblk1.genblk1.genblk1.genblk1.lut1 (4 -> 3)
  Optimizing lut $abc$143663$lut$aiger143662$9240.genblk1.genblk1.genblk1.genblk1.genblk1.genblk1.genblk1.genblk1.lut0.genblk1.genblk1.genblk1.genblk1.genblk1.genblk1.genblk1.lut0.genblk1.genblk1.genblk1.genblk1.genblk1.genblk1.lut1.genblk1.genblk1.genblk1.genblk1.genblk1.lut1 (4 -> 0)
  Optimizing lut $abc$143663$lut$aiger$o1168.genblk1.genblk1.genblk1.genblk1.genblk1.genblk1.lut1.genblk1.genblk1.genblk1.genblk1.genblk1.lut1 (4 -> 1)
  Optimizing lut $auto$abc_ops_reintegrate.cc:611:reintegrate$143665.genblk1.genblk1.genblk1.genblk1.genblk1.genblk1.genblk1.genblk1.lut1.genblk1.genblk1.genblk1.genblk1.genblk1.genblk1.genblk1.lut0.genblk1.genblk1.genblk1.genblk1.genblk1.genblk1.lut1.genblk1.genblk1.genblk1.genblk1.genblk1.lut1 (4 -> 0)
  Optimizing lut $abc$143663$lut$aiger$o121.genblk1.genblk1.genblk1.genblk1.genblk1.lut0 (4 -> 3)
  Optimizing lut $auto$abc_ops_reintegrate.cc:611:reintegrate$143667.genblk1.genblk1.genblk1.genblk1.genblk1.lut0 (4 -> 3)
  Optimizing lut $auto$abc_ops_reintegrate.cc:611:reintegrate$143665.genblk1.genblk1.genblk1.genblk1.genblk1.genblk1.genblk1.genblk1.lut0.genblk1.genblk1.genblk1.genblk1.genblk1.genblk1.genblk1.lut0.genblk1.genblk1.genblk1.genblk1.genblk1.genblk1.lut1.genblk1.genblk1.genblk1.genblk1.genblk1.lut1 (4 -> 0)
  Optimizing lut $auto$abc_ops_reintegrate.cc:611:reintegrate$144127.genblk1.genblk1.genblk1.genblk1.genblk1.lut0 (4 -> 3)
  Optimizing lut $auto$abc_ops_reintegrate.cc:611:reintegrate$143959.genblk1.genblk1.genblk1.genblk1.genblk1.lut0 (4 -> 3)
  Optimizing lut $auto$abc_ops_reintegrate.cc:611:reintegrate$143958.genblk1.genblk1.genblk1.genblk1.genblk1.lut0 (4 -> 3)
  Optimizing lut $auto$abc_ops_reintegrate.cc:611:reintegrate$143957.genblk1.genblk1.genblk1.genblk1.genblk1.lut0 (4 -> 3)
  Optimizing lut $auto$abc_ops_reintegrate.cc:611:reintegrate$143956.genblk1.genblk1.genblk1.genblk1.genblk1.lut0 (4 -> 3)
  Optimizing lut $auto$abc_ops_reintegrate.cc:611:reintegrate$143955.genblk1.genblk1.genblk1.genblk1.genblk1.lut0 (4 -> 3)
  Optimizing lut $auto$abc_ops_reintegrate.cc:611:reintegrate$143954.genblk1.genblk1.genblk1.genblk1.genblk1.lut0 (4 -> 3)
  Optimizing lut $auto$abc_ops_reintegrate.cc:611:reintegrate$143953.genblk1.genblk1.genblk1.genblk1.genblk1.lut0 (4 -> 3)
  Optimizing lut $abc$143663$lut$aiger$o233.genblk1.genblk1.genblk1.genblk1.genblk1.lut1 (4 -> 2)
  Optimizing lut $abc$143663$lut$aiger143662$8880.genblk1.genblk1.genblk1.genblk1.genblk1.lut0 (4 -> 0)
  Optimizing lut $abc$143663$lut$aiger143662$7481.genblk1.genblk1.genblk1.genblk1.genblk1.genblk1.lut0.genblk1.genblk1.genblk1.genblk1.genblk1.lut1 (4 -> 2)
  Optimizing lut $abc$143663$lut$aiger$o141.genblk1.genblk1.genblk1.genblk1.genblk1.lut1 (4 -> 1)
  Optimizing lut $abc$143663$lut$aiger143662$7383.genblk1.genblk1.genblk1.genblk1.genblk1.genblk1.genblk1.genblk1.lut1.genblk1.genblk1.genblk1.genblk1.genblk1.genblk1.genblk1.lut0.genblk1.genblk1.genblk1.genblk1.genblk1.genblk1.lut1.genblk1.genblk1.genblk1.genblk1.genblk1.lut1 (4 -> 0)
  Optimizing lut $auto$abc_ops_reintegrate.cc:611:reintegrate$143952.genblk1.genblk1.genblk1.genblk1.genblk1.lut0 (4 -> 3)
  Optimizing lut $auto$abc_ops_reintegrate.cc:611:reintegrate$143951.genblk1.genblk1.genblk1.genblk1.genblk1.lut0 (4 -> 3)
  Optimizing lut $auto$abc_ops_reintegrate.cc:611:reintegrate$143950.genblk1.genblk1.genblk1.genblk1.genblk1.lut0 (4 -> 3)
  Optimizing lut $auto$abc_ops_reintegrate.cc:611:reintegrate$143949.genblk1.genblk1.genblk1.genblk1.genblk1.lut0 (4 -> 3)
  Optimizing lut $auto$abc_ops_reintegrate.cc:611:reintegrate$143948.genblk1.genblk1.genblk1.genblk1.genblk1.lut0 (4 -> 3)
  Optimizing lut $auto$abc_ops_reintegrate.cc:611:reintegrate$143947.genblk1.genblk1.genblk1.genblk1.genblk1.lut0 (4 -> 3)
  Optimizing lut $auto$abc_ops_reintegrate.cc:611:reintegrate$144132.genblk1.genblk1.genblk1.genblk1.genblk1.genblk1.lut1.genblk1.genblk1.genblk1.genblk1.genblk1.lut1 (4 -> 1)
  Optimizing lut $auto$abc_ops_reintegrate.cc:611:reintegrate$143946.genblk1.genblk1.genblk1.genblk1.genblk1.lut0 (4 -> 3)
  Optimizing lut $auto$abc_ops_reintegrate.cc:611:reintegrate$143945.genblk1.genblk1.genblk1.genblk1.genblk1.lut0 (4 -> 3)
  Optimizing lut $abc$143663$lut$aiger143662$8865.genblk1.genblk1.genblk1.genblk1.genblk1.lut0 (4 -> 0)
  Optimizing lut $auto$abc_ops_reintegrate.cc:611:reintegrate$144131.genblk1.genblk1.genblk1.genblk1.genblk1.genblk1.lut1.genblk1.genblk1.genblk1.genblk1.genblk1.lut1 (4 -> 1)
  Optimizing lut $abc$143663$lut$aiger143662$7548.genblk1.genblk1.genblk1.genblk1.genblk1.lut0 (4 -> 2)
  Optimizing lut $abc$143663$lut$aiger143662$7452.genblk1.genblk1.genblk1.genblk1.genblk1.genblk1.genblk1.lut0.genblk1.genblk1.genblk1.genblk1.genblk1.genblk1.lut1.genblk1.genblk1.genblk1.genblk1.genblk1.lut0 (4 -> 1)
  Optimizing lut $auto$abc_ops_reintegrate.cc:611:reintegrate$144130.genblk1.genblk1.genblk1.genblk1.genblk1.genblk1.lut1.genblk1.genblk1.genblk1.genblk1.genblk1.lut1 (4 -> 1)
  Optimizing lut $auto$abc_ops_reintegrate.cc:611:reintegrate$143944.genblk1.genblk1.genblk1.genblk1.genblk1.lut0 (4 -> 3)
  Optimizing lut $auto$abc_ops_reintegrate.cc:611:reintegrate$143943.genblk1.genblk1.genblk1.genblk1.genblk1.lut0 (4 -> 3)
  Optimizing lut $auto$abc_ops_reintegrate.cc:611:reintegrate$144126.genblk1.genblk1.genblk1.genblk1.genblk1.lut1 (4 -> 2)
  Optimizing lut $auto$abc_ops_reintegrate.cc:611:reintegrate$143942.genblk1.genblk1.genblk1.genblk1.genblk1.lut0 (4 -> 3)
  Optimizing lut $auto$abc_ops_reintegrate.cc:611:reintegrate$144126.genblk1.genblk1.genblk1.genblk1.genblk1.lut0 (4 -> 3)
  Optimizing lut $auto$abc_ops_reintegrate.cc:611:reintegrate$143941.genblk1.genblk1.genblk1.genblk1.genblk1.lut0 (4 -> 3)
  Optimizing lut $abc$143663$lut$aiger$o129.genblk1.genblk1.genblk1.genblk1.genblk1.lut1 (4 -> 2)
  Optimizing lut $auto$abc_ops_reintegrate.cc:611:reintegrate$143940.genblk1.genblk1.genblk1.genblk1.genblk1.lut0 (4 -> 3)
  Optimizing lut $auto$abc_ops_reintegrate.cc:611:reintegrate$143939.genblk1.genblk1.genblk1.genblk1.genblk1.lut0 (4 -> 3)
  Optimizing lut $auto$abc_ops_reintegrate.cc:611:reintegrate$143938.genblk1.genblk1.genblk1.genblk1.genblk1.lut0 (4 -> 3)
  Optimizing lut $abc$143663$lut$aiger$o125.genblk1.genblk1.genblk1.genblk1.genblk1.lut1 (4 -> 2)
  Optimizing lut $auto$abc_ops_reintegrate.cc:611:reintegrate$143937.genblk1.genblk1.genblk1.genblk1.genblk1.lut0 (4 -> 3)
  Optimizing lut $abc$143663$lut$aiger$o121.genblk1.genblk1.genblk1.genblk1.genblk1.lut1 (4 -> 2)
  Optimizing lut $abc$143663$lut$aiger143662$7404.genblk1.genblk1.genblk1.genblk1.genblk1.lut0 (4 -> 0)
  Optimizing lut $abc$143663$lut$aiger$o105.genblk1.genblk1.genblk1.genblk1.genblk1.lut1 (4 -> 1)
  Optimizing lut $auto$abc_ops_reintegrate.cc:611:reintegrate$144131.genblk1.genblk1.genblk1.genblk1.genblk1.genblk1.lut0.genblk1.genblk1.genblk1.genblk1.genblk1.lut1 (4 -> 1)
  Optimizing lut $abc$143663$lut$aiger$o101.genblk1.genblk1.genblk1.genblk1.genblk1.lut1 (4 -> 2)
  Optimizing lut $abc$143663$lut$aiger$o352.genblk1.genblk1.genblk1.genblk1.genblk1.genblk1.lut1.genblk1.genblk1.genblk1.genblk1.genblk1.lut0 (4 -> 1)
  Optimizing lut $abc$143663$lut$aiger$o352.genblk1.genblk1.genblk1.genblk1.genblk1.genblk1.lut1.genblk1.genblk1.genblk1.genblk1.genblk1.lut1 (4 -> 1)
  Optimizing lut $abc$143663$lut$aiger$o348.genblk1.genblk1.genblk1.genblk1.genblk1.genblk1.lut1.genblk1.genblk1.genblk1.genblk1.genblk1.lut1 (4 -> 1)
  Optimizing lut $abc$143663$lut$aiger$o2173.genblk1.genblk1.genblk1.genblk1.genblk1.lut1 (4 -> 3)
  Optimizing lut $abc$143663$lut$aiger$o584.genblk1.genblk1.genblk1.genblk1.genblk1.lut1 (4 -> 0)
  Optimizing lut $abc$143663$lut$aiger$o580.genblk1.genblk1.genblk1.genblk1.genblk1.lut1 (4 -> 0)
  Optimizing lut $abc$143663$lut$aiger$o320.genblk1.genblk1.genblk1.genblk1.genblk1.genblk1.lut1.genblk1.genblk1.genblk1.genblk1.genblk1.lut0 (4 -> 1)
  Optimizing lut $abc$143663$lut$aiger$o572.genblk1.genblk1.genblk1.genblk1.genblk1.lut1 (4 -> 0)
  Optimizing lut $abc$143663$lut$aiger$o320.genblk1.genblk1.genblk1.genblk1.genblk1.genblk1.lut1.genblk1.genblk1.genblk1.genblk1.genblk1.lut1 (4 -> 1)
  Optimizing lut $abc$143663$lut$aiger$o568.genblk1.genblk1.genblk1.genblk1.genblk1.lut1 (4 -> 0)
  Optimizing lut $abc$143663$lut$aiger$o316.genblk1.genblk1.genblk1.genblk1.genblk1.genblk1.lut1.genblk1.genblk1.genblk1.genblk1.genblk1.lut1 (4 -> 1)
  Optimizing lut $abc$143663$lut$aiger$o564.genblk1.genblk1.genblk1.genblk1.genblk1.lut1 (4 -> 0)
  Optimizing lut $abc$143663$lut$aiger$o312.genblk1.genblk1.genblk1.genblk1.genblk1.genblk1.lut1.genblk1.genblk1.genblk1.genblk1.genblk1.lut1 (4 -> 1)
  Optimizing lut $abc$143663$lut$aiger$o560.genblk1.genblk1.genblk1.genblk1.genblk1.lut1 (4 -> 0)
  Optimizing lut $abc$143663$lut$aiger$o556.genblk1.genblk1.genblk1.genblk1.genblk1.lut1 (4 -> 0)
  Optimizing lut $abc$143663$lut$aiger$o552.genblk1.genblk1.genblk1.genblk1.genblk1.lut1 (4 -> 0)
  Optimizing lut $abc$143663$lut$aiger$o300.genblk1.genblk1.genblk1.genblk1.genblk1.genblk1.lut1.genblk1.genblk1.genblk1.genblk1.genblk1.lut1 (4 -> 1)
  Optimizing lut $abc$143663$lut$aiger$o548.genblk1.genblk1.genblk1.genblk1.genblk1.lut1 (4 -> 0)
  Optimizing lut $abc$143663$lut$aiger$o296.genblk1.genblk1.genblk1.genblk1.genblk1.genblk1.lut1.genblk1.genblk1.genblk1.genblk1.genblk1.lut1 (4 -> 1)
  Optimizing lut $abc$143663$lut$aiger$o544.genblk1.genblk1.genblk1.genblk1.genblk1.lut1 (4 -> 0)
  Optimizing lut $abc$143663$lut$aiger$o292.genblk1.genblk1.genblk1.genblk1.genblk1.genblk1.lut1.genblk1.genblk1.genblk1.genblk1.genblk1.lut1 (4 -> 1)
  Optimizing lut $abc$143663$lut$aiger$o288.genblk1.genblk1.genblk1.genblk1.genblk1.genblk1.lut1.genblk1.genblk1.genblk1.genblk1.genblk1.lut1 (4 -> 1)
  Optimizing lut $abc$143663$lut$aiger143662$8055.genblk1.genblk1.genblk1.genblk1.genblk1.lut0 (4 -> 0)
  Optimizing lut $abc$143663$lut$aiger$o52.genblk1.genblk1.genblk1.genblk1.genblk1.genblk1.lut1.genblk1.genblk1.genblk1.genblk1.genblk1.lut0 (4 -> 1)
  Optimizing lut $auto$abc_ops_reintegrate.cc:611:reintegrate$143749.genblk1.genblk1.genblk1.genblk1.genblk1.lut0 (4 -> 3)
  Optimizing lut $auto$abc_ops_reintegrate.cc:611:reintegrate$143748.genblk1.genblk1.genblk1.genblk1.genblk1.lut0 (4 -> 3)
  Optimizing lut $auto$abc_ops_reintegrate.cc:611:reintegrate$143745.genblk1.genblk1.genblk1.genblk1.genblk1.lut0 (4 -> 3)
  Optimizing lut $auto$abc_ops_reintegrate.cc:611:reintegrate$143744.genblk1.genblk1.genblk1.genblk1.genblk1.lut0 (4 -> 3)
  Optimizing lut $auto$abc_ops_reintegrate.cc:611:reintegrate$143743.genblk1.genblk1.genblk1.genblk1.genblk1.lut0 (4 -> 3)
  Optimizing lut $auto$abc_ops_reintegrate.cc:611:reintegrate$143739.genblk1.genblk1.genblk1.genblk1.genblk1.lut0 (4 -> 3)
  Optimizing lut $auto$abc_ops_reintegrate.cc:611:reintegrate$143738.genblk1.genblk1.genblk1.genblk1.genblk1.lut0 (4 -> 3)
  Optimizing lut $auto$abc_ops_reintegrate.cc:611:reintegrate$143737.genblk1.genblk1.genblk1.genblk1.genblk1.lut0 (4 -> 3)
  Optimizing lut $auto$abc_ops_reintegrate.cc:611:reintegrate$143734.genblk1.genblk1.genblk1.genblk1.genblk1.lut0 (4 -> 3)
  Optimizing lut $abc$143663$lut$aiger143662$8188.genblk1.genblk1.genblk1.genblk1.genblk1.lut0 (4 -> 0)
  Optimizing lut $auto$abc_ops_reintegrate.cc:611:reintegrate$143733.genblk1.genblk1.genblk1.genblk1.genblk1.lut0 (4 -> 3)
  Optimizing lut $auto$abc_ops_reintegrate.cc:611:reintegrate$143732.genblk1.genblk1.genblk1.genblk1.genblk1.lut0 (4 -> 3)
  Optimizing lut $auto$abc_ops_reintegrate.cc:611:reintegrate$143731.genblk1.genblk1.genblk1.genblk1.genblk1.lut0 (4 -> 3)
  Optimizing lut $auto$abc_ops_reintegrate.cc:611:reintegrate$143729.genblk1.genblk1.genblk1.genblk1.genblk1.lut0 (4 -> 3)
  Optimizing lut $auto$abc_ops_reintegrate.cc:611:reintegrate$143728.genblk1.genblk1.genblk1.genblk1.genblk1.lut0 (4 -> 3)
  Optimizing lut $auto$abc_ops_reintegrate.cc:611:reintegrate$143727.genblk1.genblk1.genblk1.genblk1.genblk1.lut0 (4 -> 3)
  Optimizing lut $abc$143663$lut$aiger143662$8184.genblk1.genblk1.genblk1.genblk1.genblk1.lut1 (4 -> 0)
  Optimizing lut $abc$143663$lut$aiger$o2455.genblk1.genblk1.genblk1.genblk1.genblk1.lut1 (4 -> 3)
  Optimizing lut $abc$143663$lut$aiger$o1144.genblk1.genblk1.genblk1.genblk1.genblk1.genblk1.lut1.genblk1.genblk1.genblk1.genblk1.genblk1.lut0 (4 -> 1)
  Optimizing lut $auto$abc_ops_reintegrate.cc:611:reintegrate$143723.genblk1.genblk1.genblk1.genblk1.genblk1.lut1 (4 -> 3)
  Optimizing lut $auto$abc_ops_reintegrate.cc:611:reintegrate$143722.genblk1.genblk1.genblk1.genblk1.genblk1.lut1 (4 -> 3)
  Optimizing lut $auto$abc_ops_reintegrate.cc:611:reintegrate$143720.genblk1.genblk1.genblk1.genblk1.genblk1.lut1 (4 -> 3)
  Optimizing lut $auto$abc_ops_reintegrate.cc:611:reintegrate$143717.genblk1.genblk1.genblk1.genblk1.genblk1.lut1 (4 -> 3)
  Optimizing lut $abc$143663$lut$aiger143662$7283.genblk1.genblk1.genblk1.genblk1.genblk1.genblk1.genblk1.lut0.genblk1.genblk1.genblk1.genblk1.genblk1.genblk1.lut1.genblk1.genblk1.genblk1.genblk1.genblk1.lut1 (4 -> 2)
  Optimizing lut $abc$143663$lut$aiger143662$7303.genblk1.genblk1.genblk1.genblk1.genblk1.genblk1.genblk1.lut0.genblk1.genblk1.genblk1.genblk1.genblk1.genblk1.lut1.genblk1.genblk1.genblk1.genblk1.genblk1.lut1 (4 -> 0)
  Optimizing lut $abc$143663$lut$aiger143662$7321.genblk1.genblk1.genblk1.genblk1.genblk1.lut1 (4 -> 0)
  Optimizing lut $abc$143663$lut$aiger143662$7314.genblk1.genblk1.genblk1.genblk1.genblk1.lut0 (4 -> 0)
  Optimizing lut $abc$143663$lut$aiger143662$7333.genblk1.genblk1.genblk1.genblk1.genblk1.genblk1.genblk1.lut0.genblk1.genblk1.genblk1.genblk1.genblk1.genblk1.lut1.genblk1.genblk1.genblk1.genblk1.genblk1.lut1 (4 -> 2)
  Optimizing lut $abc$143663$lut$aiger143662$7333.genblk1.genblk1.genblk1.genblk1.genblk1.genblk1.genblk1.lut1.genblk1.genblk1.genblk1.genblk1.genblk1.genblk1.lut1.genblk1.genblk1.genblk1.genblk1.genblk1.lut1 (4 -> 0)
  Optimizing lut $abc$143663$lut$aiger143662$7357.genblk1.genblk1.genblk1.genblk1.genblk1.genblk1.genblk1.genblk1.lut1.genblk1.genblk1.genblk1.genblk1.genblk1.genblk1.genblk1.lut1.genblk1.genblk1.genblk1.genblk1.genblk1.genblk1.lut1.genblk1.genblk1.genblk1.genblk1.genblk1.lut1 (4 -> 0)
  Optimizing lut $abc$143663$lut$aiger143662$7357.genblk1.genblk1.genblk1.genblk1.genblk1.genblk1.genblk1.genblk1.lut1.genblk1.genblk1.genblk1.genblk1.genblk1.genblk1.genblk1.lut0.genblk1.genblk1.genblk1.genblk1.genblk1.genblk1.lut1.genblk1.genblk1.genblk1.genblk1.genblk1.lut1 (4 -> 0)
  Optimizing lut $abc$143663$lut$aiger143662$7372.genblk1.genblk1.genblk1.genblk1.genblk1.genblk1.genblk1.lut0.genblk1.genblk1.genblk1.genblk1.genblk1.genblk1.lut1.genblk1.genblk1.genblk1.genblk1.genblk1.lut1 (4 -> 1)
  Optimizing lut $abc$143663$lut$aiger143662$7372.genblk1.genblk1.genblk1.genblk1.genblk1.genblk1.genblk1.lut1.genblk1.genblk1.genblk1.genblk1.genblk1.genblk1.lut1.genblk1.genblk1.genblk1.genblk1.genblk1.lut1 (4 -> 1)
  Optimizing lut $abc$143663$lut$aiger143662$7383.genblk1.genblk1.genblk1.genblk1.genblk1.genblk1.genblk1.genblk1.lut0.genblk1.genblk1.genblk1.genblk1.genblk1.genblk1.genblk1.lut0.genblk1.genblk1.genblk1.genblk1.genblk1.genblk1.lut1.genblk1.genblk1.genblk1.genblk1.genblk1.lut1 (4 -> 0)
  Optimizing lut $abc$143663$lut$aiger143662$7391.genblk1.genblk1.genblk1.genblk1.genblk1.lut1 (4 -> 0)
  Optimizing lut $abc$143663$lut$aiger143662$7398.genblk1.genblk1.genblk1.genblk1.genblk1.lut1 (4 -> 0)
  Optimizing lut $abc$143663$lut$aiger143662$7410.genblk1.genblk1.genblk1.genblk1.genblk1.lut1 (4 -> 0)
  Optimizing lut $abc$143663$lut$aiger143662$7419.genblk1.genblk1.genblk1.genblk1.genblk1.genblk1.lut1.genblk1.genblk1.genblk1.genblk1.genblk1.lut0 (4 -> 0)
  Optimizing lut $abc$143663$lut$aiger143662$7419.genblk1.genblk1.genblk1.genblk1.genblk1.genblk1.lut1.genblk1.genblk1.genblk1.genblk1.genblk1.lut1 (4 -> 0)
  Optimizing lut $abc$143663$lut$aiger143662$7383.genblk1.genblk1.genblk1.genblk1.genblk1.genblk1.genblk1.genblk1.lut0.genblk1.genblk1.genblk1.genblk1.genblk1.genblk1.genblk1.lut0.genblk1.genblk1.genblk1.genblk1.genblk1.genblk1.lut0.genblk1.genblk1.genblk1.genblk1.genblk1.lut1 (4 -> 0)
  Optimizing lut $abc$143663$lut$aiger143662$7430.genblk1.genblk1.genblk1.genblk1.genblk1.genblk1.genblk1.lut0.genblk1.genblk1.genblk1.genblk1.genblk1.genblk1.lut1.genblk1.genblk1.genblk1.genblk1.genblk1.lut1 (4 -> 2)
  Optimizing lut $abc$143663$lut$aiger143662$7441.genblk1.genblk1.genblk1.genblk1.genblk1.lut1 (4 -> 0)
  Optimizing lut $abc$143663$lut$aiger143662$7452.genblk1.genblk1.genblk1.genblk1.genblk1.genblk1.genblk1.lut0.genblk1.genblk1.genblk1.genblk1.genblk1.genblk1.lut0.genblk1.genblk1.genblk1.genblk1.genblk1.lut1 (4 -> 3)
  Optimizing lut $abc$143663$lut$aiger143662$7452.genblk1.genblk1.genblk1.genblk1.genblk1.genblk1.genblk1.lut0.genblk1.genblk1.genblk1.genblk1.genblk1.genblk1.lut1.genblk1.genblk1.genblk1.genblk1.genblk1.lut1 (4 -> 1)
  Optimizing lut $abc$143663$lut$aiger143662$7452.genblk1.genblk1.genblk1.genblk1.genblk1.genblk1.genblk1.lut1.genblk1.genblk1.genblk1.genblk1.genblk1.genblk1.lut1.genblk1.genblk1.genblk1.genblk1.genblk1.lut1 (4 -> 1)
  Optimizing lut $abc$143663$lut$aiger143662$7481.genblk1.genblk1.genblk1.genblk1.genblk1.genblk1.lut1.genblk1.genblk1.genblk1.genblk1.genblk1.lut0 (4 -> 0)
  Optimizing lut $abc$143663$lut$aiger143662$7481.genblk1.genblk1.genblk1.genblk1.genblk1.genblk1.lut1.genblk1.genblk1.genblk1.genblk1.genblk1.lut1 (4 -> 0)
  Optimizing lut $abc$143663$lut$aiger143662$7486.genblk1.genblk1.genblk1.genblk1.genblk1.genblk1.lut1.genblk1.genblk1.genblk1.genblk1.genblk1.lut1 (4 -> 0)
  Optimizing lut $abc$143663$lut$aiger143662$7504.genblk1.genblk1.genblk1.genblk1.genblk1.genblk1.genblk1.genblk1.lut1.genblk1.genblk1.genblk1.genblk1.genblk1.genblk1.genblk1.lut1.genblk1.genblk1.genblk1.genblk1.genblk1.genblk1.lut1.genblk1.genblk1.genblk1.genblk1.genblk1.lut1 (4 -> 0)
  Optimizing lut $abc$143663$lut$aiger143662$7509.genblk1.genblk1.genblk1.genblk1.genblk1.genblk1.lut1.genblk1.genblk1.genblk1.genblk1.genblk1.lut1 (4 -> 0)
  Optimizing lut $abc$143663$lut$aiger143662$7523.genblk1.genblk1.genblk1.genblk1.genblk1.genblk1.genblk1.genblk1.lut1.genblk1.genblk1.genblk1.genblk1.genblk1.genblk1.genblk1.lut0.genblk1.genblk1.genblk1.genblk1.genblk1.genblk1.lut1.genblk1.genblk1.genblk1.genblk1.genblk1.lut1 (4 -> 0)
  Optimizing lut $abc$143663$lut$aiger143662$7544.genblk1.genblk1.genblk1.genblk1.genblk1.lut1 (4 -> 0)
  Optimizing lut $abc$143663$lut$aiger143662$7552.genblk1.genblk1.genblk1.genblk1.genblk1.lut1 (4 -> 0)
  Optimizing lut $abc$143663$lut$aiger143662$7556.genblk1.genblk1.genblk1.genblk1.genblk1.lut1 (4 -> 0)
  Optimizing lut $abc$143663$lut$aiger143662$7565.genblk1.genblk1.genblk1.genblk1.genblk1.genblk1.lut1.genblk1.genblk1.genblk1.genblk1.genblk1.lut1 (4 -> 0)
  Optimizing lut $abc$143663$lut$aiger143662$7574.genblk1.genblk1.genblk1.genblk1.genblk1.lut0 (4 -> 2)
  Optimizing lut $abc$143663$lut$aiger143662$7591.genblk1.genblk1.genblk1.genblk1.genblk1.genblk1.genblk1.lut0.genblk1.genblk1.genblk1.genblk1.genblk1.genblk1.lut1.genblk1.genblk1.genblk1.genblk1.genblk1.lut1 (4 -> 2)
  Optimizing lut $abc$143663$lut$aiger143662$7597.genblk1.genblk1.genblk1.genblk1.genblk1.genblk1.genblk1.lut0.genblk1.genblk1.genblk1.genblk1.genblk1.genblk1.lut1.genblk1.genblk1.genblk1.genblk1.genblk1.lut1 (4 -> 0)
  Optimizing lut $abc$143663$lut$aiger143662$7606.genblk1.genblk1.genblk1.genblk1.genblk1.genblk1.genblk1.lut0.genblk1.genblk1.genblk1.genblk1.genblk1.genblk1.lut1.genblk1.genblk1.genblk1.genblk1.genblk1.lut1 (4 -> 0)
  Optimizing lut $abc$143663$lut$aiger143662$7606.genblk1.genblk1.genblk1.genblk1.genblk1.genblk1.genblk1.lut1.genblk1.genblk1.genblk1.genblk1.genblk1.genblk1.lut1.genblk1.genblk1.genblk1.genblk1.genblk1.lut1 (4 -> 0)
  Optimizing lut $abc$143663$lut$aiger143662$7628.genblk1.genblk1.genblk1.genblk1.genblk1.lut1 (4 -> 0)
  Optimizing lut $abc$143663$lut$aiger143662$7649.genblk1.genblk1.genblk1.genblk1.genblk1.genblk1.genblk1.genblk1.lut0.genblk1.genblk1.genblk1.genblk1.genblk1.genblk1.genblk1.lut0.genblk1.genblk1.genblk1.genblk1.genblk1.genblk1.lut1.genblk1.genblk1.genblk1.genblk1.genblk1.lut1 (4 -> 0)
  Optimizing lut $auto$abc_ops_reintegrate.cc:611:reintegrate$143967.genblk1.genblk1.genblk1.genblk1.genblk1.lut0 (4 -> 3)
  Optimizing lut $auto$abc_ops_reintegrate.cc:611:reintegrate$143966.genblk1.genblk1.genblk1.genblk1.genblk1.lut0 (4 -> 3)
  Optimizing lut $auto$abc_ops_reintegrate.cc:611:reintegrate$143965.genblk1.genblk1.genblk1.genblk1.genblk1.lut0 (4 -> 3)
  Optimizing lut $auto$abc_ops_reintegrate.cc:611:reintegrate$143964.genblk1.genblk1.genblk1.genblk1.genblk1.lut0 (4 -> 3)
  Optimizing lut $auto$abc_ops_reintegrate.cc:611:reintegrate$143963.genblk1.genblk1.genblk1.genblk1.genblk1.lut0 (4 -> 3)
  Optimizing lut $abc$143663$lut$aiger143662$7649.genblk1.genblk1.genblk1.genblk1.genblk1.genblk1.genblk1.genblk1.lut1.genblk1.genblk1.genblk1.genblk1.genblk1.genblk1.genblk1.lut0.genblk1.genblk1.genblk1.genblk1.genblk1.genblk1.lut1.genblk1.genblk1.genblk1.genblk1.genblk1.lut1 (4 -> 0)
  Optimizing lut $abc$143663$lut$aiger143662$7696.genblk1.genblk1.genblk1.genblk1.genblk1.genblk1.lut1.genblk1.genblk1.genblk1.genblk1.genblk1.lut0 (4 -> 1)
  Optimizing lut $abc$143663$lut$aiger143662$7661.genblk1.genblk1.genblk1.genblk1.genblk1.lut0 (4 -> 0)
  Optimizing lut $auto$abc_ops_reintegrate.cc:611:reintegrate$143712.genblk1.genblk1.genblk1.genblk1.genblk1.lut0 (4 -> 3)
  Optimizing lut $auto$abc_ops_reintegrate.cc:611:reintegrate$143711.genblk1.genblk1.genblk1.genblk1.genblk1.lut0 (4 -> 3)
  Optimizing lut $auto$abc_ops_reintegrate.cc:611:reintegrate$143710.genblk1.genblk1.genblk1.genblk1.genblk1.lut0 (4 -> 3)
  Optimizing lut $auto$abc_ops_reintegrate.cc:611:reintegrate$143709.genblk1.genblk1.genblk1.genblk1.genblk1.lut0 (4 -> 3)
  Optimizing lut $auto$abc_ops_reintegrate.cc:611:reintegrate$143708.genblk1.genblk1.genblk1.genblk1.genblk1.lut0 (4 -> 3)
  Optimizing lut $auto$abc_ops_reintegrate.cc:611:reintegrate$143707.genblk1.genblk1.genblk1.genblk1.genblk1.lut0 (4 -> 3)
  Optimizing lut $abc$143663$lut$aiger143662$7708.genblk1.genblk1.genblk1.genblk1.genblk1.genblk1.genblk1.lut0.genblk1.genblk1.genblk1.genblk1.genblk1.genblk1.lut1.genblk1.genblk1.genblk1.genblk1.genblk1.lut1 (4 -> 1)
  Optimizing lut $abc$143663$lut$aiger143662$7708.genblk1.genblk1.genblk1.genblk1.genblk1.genblk1.genblk1.lut1.genblk1.genblk1.genblk1.genblk1.genblk1.genblk1.lut1.genblk1.genblk1.genblk1.genblk1.genblk1.lut1 (4 -> 0)
  Optimizing lut $abc$143663$lut$aiger143662$7724.genblk1.genblk1.genblk1.genblk1.genblk1.genblk1.genblk1.lut0.genblk1.genblk1.genblk1.genblk1.genblk1.genblk1.lut1.genblk1.genblk1.genblk1.genblk1.genblk1.lut1 (4 -> 1)
  Optimizing lut $abc$143663$lut$aiger$o2509.genblk1.genblk1.genblk1.genblk1.genblk1.lut1 (4 -> 3)
  Optimizing lut $abc$143663$lut$aiger143662$7752.genblk1.genblk1.genblk1.genblk1.genblk1.genblk1.genblk1.lut0.genblk1.genblk1.genblk1.genblk1.genblk1.genblk1.lut1.genblk1.genblk1.genblk1.genblk1.genblk1.lut1 (4 -> 1)
  Optimizing lut $abc$143663$lut$aiger143662$7752.genblk1.genblk1.genblk1.genblk1.genblk1.genblk1.genblk1.lut1.genblk1.genblk1.genblk1.genblk1.genblk1.genblk1.lut1.genblk1.genblk1.genblk1.genblk1.genblk1.lut1 (4 -> 0)
  Optimizing lut $abc$143663$lut$aiger$o1200.genblk1.genblk1.genblk1.genblk1.genblk1.genblk1.lut1.genblk1.genblk1.genblk1.genblk1.genblk1.lut1 (4 -> 1)
  Optimizing lut $abc$143663$lut$aiger143662$7815.genblk1.genblk1.genblk1.genblk1.genblk1.genblk1.genblk1.lut0.genblk1.genblk1.genblk1.genblk1.genblk1.genblk1.lut1.genblk1.genblk1.genblk1.genblk1.genblk1.lut1 (4 -> 1)
  Optimizing lut $abc$143663$lut$aiger$o1128.genblk1.genblk1.genblk1.genblk1.genblk1.genblk1.lut1.genblk1.genblk1.genblk1.genblk1.genblk1.lut1 (4 -> 1)
  Optimizing lut $abc$143663$lut$aiger$o1132.genblk1.genblk1.genblk1.genblk1.genblk1.genblk1.lut1.genblk1.genblk1.genblk1.genblk1.genblk1.lut1 (4 -> 1)
  Optimizing lut $abc$143663$lut$aiger143662$7857.genblk1.genblk1.genblk1.genblk1.genblk1.genblk1.genblk1.lut0.genblk1.genblk1.genblk1.genblk1.genblk1.genblk1.lut1.genblk1.genblk1.genblk1.genblk1.genblk1.lut1 (4 -> 1)
  Optimizing lut $abc$143663$lut$aiger143662$7869.genblk1.genblk1.genblk1.genblk1.genblk1.genblk1.genblk1.lut0.genblk1.genblk1.genblk1.genblk1.genblk1.genblk1.lut1.genblk1.genblk1.genblk1.genblk1.genblk1.lut1 (4 -> 1)
  Optimizing lut $abc$143663$lut$aiger143662$7869.genblk1.genblk1.genblk1.genblk1.genblk1.genblk1.genblk1.lut1.genblk1.genblk1.genblk1.genblk1.genblk1.genblk1.lut1.genblk1.genblk1.genblk1.genblk1.genblk1.lut1 (4 -> 0)
  Optimizing lut $abc$143663$lut$aiger143662$7887.genblk1.genblk1.genblk1.genblk1.genblk1.genblk1.genblk1.lut0.genblk1.genblk1.genblk1.genblk1.genblk1.genblk1.lut1.genblk1.genblk1.genblk1.genblk1.genblk1.lut1 (4 -> 1)
  Optimizing lut $abc$143663$lut$aiger143662$7887.genblk1.genblk1.genblk1.genblk1.genblk1.genblk1.genblk1.lut1.genblk1.genblk1.genblk1.genblk1.genblk1.genblk1.lut1.genblk1.genblk1.genblk1.genblk1.genblk1.lut1 (4 -> 0)
  Optimizing lut $abc$143663$lut$aiger143662$7904.genblk1.genblk1.genblk1.genblk1.genblk1.genblk1.genblk1.lut0.genblk1.genblk1.genblk1.genblk1.genblk1.genblk1.lut1.genblk1.genblk1.genblk1.genblk1.genblk1.lut1 (4 -> 1)
  Optimizing lut $abc$143663$lut$aiger143662$7904.genblk1.genblk1.genblk1.genblk1.genblk1.genblk1.genblk1.lut1.genblk1.genblk1.genblk1.genblk1.genblk1.genblk1.lut1.genblk1.genblk1.genblk1.genblk1.genblk1.lut1 (4 -> 0)
  Optimizing lut $abc$143663$lut$aiger$o1164.genblk1.genblk1.genblk1.genblk1.genblk1.genblk1.lut1.genblk1.genblk1.genblk1.genblk1.genblk1.lut1 (4 -> 1)
  Optimizing lut $abc$143663$lut$aiger$o1228.genblk1.genblk1.genblk1.genblk1.genblk1.genblk1.lut1.genblk1.genblk1.genblk1.genblk1.genblk1.lut1 (4 -> 1)
  Optimizing lut $abc$143663$lut$aiger143662$7944.genblk1.genblk1.genblk1.genblk1.genblk1.genblk1.genblk1.lut0.genblk1.genblk1.genblk1.genblk1.genblk1.genblk1.lut1.genblk1.genblk1.genblk1.genblk1.genblk1.lut1 (4 -> 1)
  Optimizing lut $abc$143663$lut$aiger143662$8335.genblk1.genblk1.genblk1.genblk1.genblk1.genblk1.genblk1.genblk1.lut0.genblk1.genblk1.genblk1.genblk1.genblk1.genblk1.genblk1.lut0.genblk1.genblk1.genblk1.genblk1.genblk1.genblk1.lut1.genblk1.genblk1.genblk1.genblk1.genblk1.lut1 (4 -> 0)
  Optimizing lut $abc$143663$lut$aiger143662$9193.genblk1.genblk1.genblk1.genblk1.genblk1.lut0 (4 -> 2)
  Optimizing lut $auto$abc_ops_reintegrate.cc:611:reintegrate$143985.genblk1.genblk1.genblk1.genblk1.genblk1.lut1 (4 -> 3)
  Optimizing lut $abc$143663$lut$aiger143662$8008.genblk1.genblk1.genblk1.genblk1.genblk1.genblk1.genblk1.lut0.genblk1.genblk1.genblk1.genblk1.genblk1.genblk1.lut1.genblk1.genblk1.genblk1.genblk1.genblk1.lut0 (4 -> 0)
  Optimizing lut $abc$143663$lut$aiger$o2461.genblk1.genblk1.genblk1.genblk1.genblk1.lut1 (4 -> 3)

3.42. Executing HILOMAP pass (mapping to constant drivers).
Removed 0 unused cells and 9048 unused wires.

3.43. Executing AUTONAME pass.
Renamed 12174 objects in module experiment_event_stream.
<suppressed ~12174 debug messages>

3.44. Executing HIERARCHY pass (managing design hierarchy).
Attribute `top' found on module `experiment_event_stream'. Setting top module to experiment_event_stream.

3.44.1. Analyzing design hierarchy..
Top module:  \experiment_event_stream

3.44.2. Analyzing design hierarchy..
Top module:  \experiment_event_stream
Removed 0 unused modules.

3.45. Printing statistics.

=== experiment_event_stream ===

        +----------Local Count, excluding submodules.
        | 
     5275 wires
    11584 wire bits
     5275 public wires
    11584 public wire bits
       37 ports
     1242 port bits
     5537 cells
        1   $scopeinfo
        1   GND
      718   IBUF
      689   LUT1
      276   LUT2
      980   LUT3
     1221   LUT4
      851   MUX2_LUT5
      193   MUX2_LUT6
       68   MUX2_LUT7
       14   MUX2_LUT8
      524   OBUF
        1   VCC
     1426 submodules
      485   ALU
      325   DFFE
        4   DFFR
      612   DFFRE

=== design hierarchy ===

        +----------Count including submodules.
        | 
     5537 experiment_event_stream

        +----------Count including submodules.
        | 
     5275 wires
    11584 wire bits
     5275 public wires
    11584 public wire bits
       37 ports
     1242 port bits
        - memories
        - memory bits
        - processes
     5537 cells
        1   $scopeinfo
        1   GND
      718   IBUF
      689   LUT1
      276   LUT2
      980   LUT3
     1221   LUT4
      851   MUX2_LUT5
      193   MUX2_LUT6
       68   MUX2_LUT7
       14   MUX2_LUT8
      524   OBUF
        1   VCC
     1426 submodules
      485   ALU
      325   DFFE
        4   DFFR
      612   DFFRE

3.46. Executing CHECK pass (checking for obvious problems).
Checking module experiment_event_stream...
Found and reported 0 problems.

3.47. Executing JSON backend.

4. Printing statistics.

=== experiment_event_stream ===

        +----------Local Count, excluding submodules.
        | 
     5275 wires
    11584 wire bits
     5275 public wires
    11584 public wire bits
       37 ports
     1242 port bits
     6963 cells
        1   $scopeinfo
      485   ALU
      325   DFFE
        4   DFFR
      612   DFFRE
        1   GND
      718   IBUF
      689   LUT1
      276   LUT2
      980   LUT3
     1221   LUT4
      851   MUX2_LUT5
      193   MUX2_LUT6
       68   MUX2_LUT7
       14   MUX2_LUT8
      524   OBUF
        1   VCC

End of script. Logfile hash: fb52151d7f, time: 7.13s, user: 3.80s, system: 0.33s, MEM: 273.71 MB peak
Yosys 0.68+40 (git sha1 0f2bcb94b-dirty, Release, Clang /usr/local/osxcross/target/bin/x86_64-apple-darwin25.5-clang++ 21.1.8)
Time spent: 46% 1x abc9_exe (3 sec), 10% 9x techmap (0 sec), ...
