time_s,target_rad,angle_rad,speed_rad_s,current_a,torque_nm,winding_c,case_c,motor_voltage_v,duty,encoder_rad
0.0010000000,0.0031415100,0.0000000000,0.0000000000,0.0000000000,0.0000000000,25.0000000000,25.0000000000,0.0000000000,0.0000000000,0.0000000000
0.0020000000,0.0062825239,0.0000000000,0.0000000000,0.0000000000,0.0000000000,25.0000000000,25.0000000000,0.0000000000,0.0359990525,0.0000000000
0.0030000000,0.0094225457,0.0000000336,0.0000666568,0.0843187803,0.0001032701,25.0000000000,25.0000000000,0.3953735440,0.0719924204,0.0000000000
0.0040000000,0.0125610795,0.0000002492,0.0003462445,0.1656756860,0.0004061777,25.0000000000,25.0000000000,0.7908320820,0.1079667815,0.0000000000
0.0050000000,0.0156976299,0.0000010355,0.0011305048,0.2193326875,0.0010240511,25.0000000000,25.0000000000,1.1874646402,0.1438958730,0.0000000000
0.0060000000,0.0188317014,0.0000030602,0.0026636436,0.2486038328,0.0018358367,25.0000000000,25.0000000000,1.5848139982,0.1797302939,0.0000000000
0.0070000000,0.0219627991,0.0000071596,0.0050740841,0.2635195293,0.0027435247,25.0000000000,25.0000000000,1.9818302857,0.2154145239,0.0000000000
0.0080000000,0.0250904287,0.0000142522,0.0084216391,0.2709016120,0.0036937266,25.0000000000,25.0000000000,2.3775561342,0.2509032531,0.0000000000
0.0090000000,0.0282140962,0.0000796829,0.1044939448,0.3030528231,0.1103599002,25.0000000000,25.0000000000,2.7698734679,0.2861641424,0.0000000000
0.0100000000,0.0313333084,0.0002647468,0.2378043139,0.3458392578,0.1462108382,25.0000000000,25.0000000000,3.1591300174,0.3106601072,0.0000000000
0.0110000000,0.0344475727,0.0006037095,0.4032255762,0.3651869280,0.1757784904,25.0000000000,25.0000000000,3.4300678437,0.3254780887,0.0000000000
0.0120000000,0.0375563973,0.0011238181,0.5926362098,0.3656833378,0.1962376497,25.0000000000,25.0000000000,3.5945226180,0.3317462698,0.0015339808
0.0130000000,0.0406592913,0.0018428025,0.7958430194,0.3536089518,0.2060033094,25.0000000000,25.0000000000,3.6647031467,0.3133784614,0.0015339808
0.0140000000,0.0437557647,0.0027666858,0.9998849839,0.2981541285,0.2012104986,25.0000000000,25.0000000000,3.4635932149,0.3074421279,0.0030679616
0.0150000000,0.0468453286,0.0038879221,1.1919667988,0.2805056501,0.1856261179,25.0000000000,25.0000000000,3.3985823377,0.2812190482,0.0046019424
0.0160000000,0.0499274951,0.0051881306,1.3616943024,0.2262069912,0.1591611795,25.0000000000,25.0000000000,3.1102210857,0.2549697997,0.0046019424
0.0170000000,0.0530017775,0.0066385274,1.4990856309,0.1770491072,0.1237101080,25.0000000000,25.0000000000,2.8213123211,0.2488020277,0.0061359232
0.0180000000,0.0560676902,0.0082032695,1.5995253117,0.1727140321,0.0866862389,25.0000000000,25.0000000000,2.7530668057,0.2299652978,0.0076699039
0.0190000000,0.0591247493,0.0098451910,1.6626754943,0.1351375193,0.0491823568,25.0000000000,25.0000000000,2.5458579295,0.2177667626,0.0092038847
0.0200000000,0.0621724718,0.0115271562,1.6890900552,0.1067509479,0.0132153261,25.0000000000,25.0000000000,2.4118735178,0.2131068844,0.0122718463
0.0210000000,0.0652103766,0.0132141961,1.6818117815,0.0942647004,-0.0191183108,25.0000000000,25.0000000000,2.3607731822,0.1987915418,0.0138058271
0.0220000000,0.0682379839,0.0148730690,1.6408421673,0.0762409426,-0.0535000585,25.0000000000,25.0000000000,2.2027740674,0.2098175600,0.0153398079
0.0230000000,0.0712548156,0.0164978276,1.6235630717,0.1043994716,-0.0031792399,25.0000000000,25.0000000000,2.3237549419,0.2285241904,0.0168737887
0.0240000000,0.0742603954,0.0181194678,1.6205171048,0.1413263749,-0.0029526668,25.0000000000,25.0000000000,2.5295521942,0.2482919147,0.0184077695
0.0250000000,0.0772542486,0.0197382573,1.6178024479,0.1665853393,-0.0025673847,25.0000000000,25.0000000000,2.7477109863,0.2668919911,0.0199417502
0.0260000000,0.0802359025,0.0213546021,1.6155287012,0.1782636955,-0.0021012989,25.0000000000,25.0000000000,2.9535879166,0.2848003705,0.0214757310
0.0270000000,0.0832048861,0.0229689756,1.6137419119,0.1825501792,-0.0016060033,25.0000000000,25.0000000000,3.1521566038,0.3022397710,0.0230097118
0.0280000000,0.0861607308,0.0245818742,1.6124543965,0.1835592441,-0.0011060553,25.0000000000,25.0000000000,3.3456834963,0.3193135884,0.0245436926
0.0290000000,0.0891029697,0.0261937963,1.6116637909,0.1832769706,-0.0006115235,25.0000000000,25.0000000000,3.5352169828,0.3360694344,0.0260776734
0.0300000000,0.0920311382,0.0278052340,1.6113620986,0.1825379929,-0.0001260611,25.0000000000,25.0000000000,3.7212438220,0.3525287233,0.0276116542
0.0310000000,0.0949447739,0.0294166703,1.6115394414,0.1816586184,0.0003492130,25.0000000000,25.0000000000,3.9039858974,0.3687004288,0.0291456350
0.0320000000,0.0978434167,0.0310285777,1.6121854549,0.1807445634,0.0008140733,25.0000000000,25.0000000000,4.0835375319,0.3845875333,0.0306796158
0.0330000000,0.1007266089,0.0326414182,1.6132897398,0.1798233674,0.0012685566,25.0000000000,25.0000000000,4.2599304516,0.4001900926,0.0322135965
0.0340000000,0.1035938952,0.0342556439,1.6148419688,0.1788969067,0.0017127427,25.0000000000,25.0000000000,4.4331651820,0.4155067170,0.0337475773
0.0350000000,0.1064448229,0.0358716961,1.6168318842,0.1779605791,0.0021466922,25.0000000000,25.0000000000,4.6032265301,0.4305353008,0.0352815581
0.0360000000,0.1092789417,0.0374900062,1.6192492709,0.1770095056,0.0025704374,25.0000000000,25.0000000000,4.7700913638,0.4452733865,0.0368155389
0.0370000000,0.1120958040,0.0391109952,1.6220839308,0.1760400533,0.0029839874,25.0000000000,25.0000000000,4.9337325880,0.4597183515,0.0383495197
0.0380000000,0.1148949652,0.0407350741,1.6253256648,0.1750498651,0.0033873360,25.0000000000,25.0000000000,5.0941212083,0.4738675039,0.0414174813
0.0390000000,0.1176759830,0.0424097396,1.7072540333,0.1985737424,0.0906411668,25.0000000000,25.0000000000,5.2500006059,0.4701400086,0.0429514621
0.0400000000,0.1204384185,0.0441791473,1.8085444134,0.1943513327,0.1065526989,25.0000000000,25.0000000000,5.2088365285,0.4747180671,0.0444854428
0.0410000000,0.1231818354,0.0460574066,1.9210865258,0.2102109265,0.1153334766,25.0000000000,25.0000000000,5.2588599980,0.4723321313,0.0460194236
0.0420000000,0.1259058004,0.0480515740,2.0381600296,0.2107621570,0.1173152290,25.0000000000,25.0000000000,5.2323485500,0.4650633769,0.0475534044
0.0430000000,0.1286098834,0.0501618381,2.1527967392,0.1993745359,0.1122823774,25.0000000000,25.0000000000,5.1522347573,0.4547200210,0.0506213660
0.0440000000,0.1312936575,0.0523815127,2.2582789987,0.1819829382,0.1007929022,25.0000000000,25.0000000000,5.0382930865,0.4254240955,0.0521553468
0.0450000000,0.1339566987,0.0546968475,2.3469187385,0.1275266392,0.0805668788,25.0000000000,25.0000000000,4.7158311277,0.4139492868,0.0552233084
0.0460000000,0.1365985867,0.0570865907,2.4123851719,0.1166088670,0.0563248942,25.0000000000,25.0000000000,4.5890066396,0.3868266412,0.0567572892
0.0470000000,0.1392189041,0.0595242494,2.4486516924,0.0862401483,0.0239063918,25.0000000000,25.0000000000,4.2894637103,0.3807791211,0.0598252507
0.0480000000,0.1418172373,0.0619784307,2.4540759838,0.0948255012,-0.0045431692,25.0000000000,25.0000000000,4.2219069694,0.3621220596,0.0613592315
0.0490000000,0.1443931759,0.0644199372,2.4301491711,0.0777328348,-0.0351143847,25.0000000000,25.0000000000,4.0156682198,0.3669333426,0.0644271931
0.0500000000,0.1469463131,0.0668307788,2.4071792412,0.0971630849,-0.0025539214,25.0000000000,25.0000000000,4.0681019483,0.3603443367,0.0674951547
0.0510000000,0.1494762458,0.0692363203,2.4045430401,0.0940595093,-0.0026803337,25.0000000000,25.0000000000,3.9951191615,0.3566016253,0.0690291355
0.0520000000,0.1519825744,0.0716391492,2.4017881677,0.0955335771,-0.0027876210,25.0000000000,25.0000000000,3.9535013624,0.3693948505,0.0720970970
0.0530000000,0.1544649033,0.0740392297,2.3990736268,0.1228536728,-0.0026599634,25.0000000000,25.0000000000,4.0941401570,0.3639649250,0.0736310778
0.0540000000,0.1569228403,0.0764366709,2.3964704989,0.1050672520,-0.0025789540,25.0000000000,25.0000000000,4.0347573048,0.3756462136,0.0766990394
0.0550000000,0.1593559974,0.0788315696,2.3939739307,0.1228944481,-0.0024411815,25.0000000000,25.0000000000,4.1635282482,0.3693611540,0.0782330202
0.0560000000,0.1617639904,0.0812240439,2.3915813061,0.1024209925,-0.0023744329,25.0000000000,25.0000000000,4.0947877603,0.3803036947,0.0813009818
0.0570000000,0.1641464389,0.0835975143,2.3554130692,0.1095940467,-0.0495203047,25.0000000000,25.0000000000,4.2158913090,0.3733345555,0.0828349625
0.0580000000,0.1665029669,0.0859189079,2.2995765740,0.0813974619,-0.0600755547,25.0000000000,25.0000000000,4.1399436925,0.3874986265,0.0859029241
0.0590000000,0.1688332020,0.0881802233,2.2383896383,0.0958223006,-0.0610194947,25.0000000000,25.0000000000,4.2964436387,0.3879652617,0.0874369049
0.0600000000,0.1711367765,0.0903806449,2.1776860894,0.0856205587,-0.0605715848,25.0000000000,25.0000000000,4.3021333766,0.4084107033,0.0905048665
0.0610000000,0.1734133265,0.0925233848,2.1231453026,0.1107741469,-0.0503237075,25.0000000000,25.0000000000,4.5278200997,0.4122681057,0.0920388473
0.0620000000,0.1756624924,0.0946189838,2.0806316555,0.0986072741,-0.0378749382,25.0000000000,25.0000000000,4.5712456095,0.4333355523,0.0951068088
0.0630000000,0.1778839193,0.0966807862,2.0525412893,0.1264898440,-0.0219648195,25.0000000000,25.0000000000,4.8037001385,0.4351036665,0.0966407896
0.0640000000,0.1800772562,0.0987245466,2.0403821504,0.1161863007,-0.0065726588,25.0000000000,25.0000000000,4.8238413832,0.4517755472,0.0981747704
0.0650000000,0.1822421569,0.1007657917,2.0437523220,0.1412578151,0.0092921496,25.0000000000,25.0000000000,5.0076456831,0.4651217111,0.1012427320
0.0660000000,0.1843782793,0.1028204598,2.0632153821,0.1603219470,0.0253771310,25.0000000000,25.0000000000,5.1548348959,0.4572824514,0.1027767128
0.0670000000,0.1864852864,0.1048846247,2.0647539252,0.1255132507,0.0015920949,25.0000000000,25.0000000000,5.0695595476,0.4632067127,0.1043106936
0.0680000000,0.1885628452,0.1069504134,2.0664243914,0.1236106039,0.0017139224,25.0000000000,25.0000000000,5.1354139811,0.4691089185,0.1073786552
0.0690000000,0.1906106278,0.1090179502,2.0682204602,0.1262236148,0.0018437762,25.0000000000,25.0000000000,5.2007978142,0.4572362221,0.1089126359
0.0700000000,0.1926283107,0.1110873222,2.0700535149,0.0949586556,0.0017979941,25.0000000000,25.0000000000,5.0705741321,0.4626563840,0.1104466167
0.0710000000,0.1946155754,0.1131584971,2.0718485263,0.1058193076,0.0017982458,25.0000000000,25.0000000000,5.1301948971,0.4677553634,0.1135145783
0.0720000000,0.1965721080,0.1152314859,2.0736807735,0.1154688489,0.0018559124,25.0000000000,25.0000000000,5.1863110913,0.4549438767,0.1150485591
0.0730000000,0.1984975997,0.1173062959,2.0754631752,0.0912024831,0.0017073482,25.0000000000,25.0000000000,5.0453169077,0.4593621979,0.1165825399
0.0740000000,0.2003917462,0.1193828131,2.0771493197,0.1043600199,0.0016863483,25.0000000000,25.0000000000,5.0937023961,0.4634324503,0.1196505015
0.0750000000,0.2022542486,0.1214610289,2.0788619070,0.1127903374,0.0017312835,25.0000000000,25.0000000000,5.1384606816,0.4495802374,0.1211844822
0.0760000000,0.2040848127,0.1235409250,2.0804863348,0.0896053313,0.0015335887,25.0000000000,25.0000000000,4.9858603683,0.4529479276,0.1242524438
0.0770000000,0.2058831494,0.1256338653,2.1054425763,0.1093836410,0.0344438143,25.0000000000,25.0000000000,5.0222528144,0.4383838062,0.1257864246
0.0780000000,0.2076489748,0.1277613495,2.1406840639,0.0974699685,0.0351374043,25.0000000000,25.0000000000,4.8611867505,0.4383610322,0.1273204054
0.0790000000,0.2093820100,0.1299238928,2.1755620814,0.1123935761,0.0345480512,25.0000000000,25.0000000000,4.8601877786,0.4354533637,0.1303883670
0.0800000000,0.2110819814,0.1321204139,2.2087845028,0.1171837397,0.0322496286,25.0000000000,25.0000000000,4.8276731500,0.4133773020,0.1319223478
0.0810000000,0.2127486204,0.1343463482,2.2346868673,0.0886593207,0.0212869336,25.0000000000,25.0000000000,4.5840550858,0.4080829386,0.1349903093
0.0820000000,0.2143816640,0.1365905460,2.2485673110,0.0971663047,0.0100485842,25.0000000000,25.0000000000,4.5248623034,0.3854585356,0.1365242901
0.0830000000,0.2159808543,0.1388394974,2.2467486878,0.0791956103,-0.0089276009,25.0000000000,25.0000000000,4.2746299649,0.3817199152,0.1395922517
0.0840000000,0.2175459387,0.1410759118,2.2286206013,0.0911793252,-0.0226624695,25.0000000000,25.0000000000,4.2325320922,0.3626605361,0.1411262325
0.0850000000,0.2190766700,0.1433036342,2.2271230305,0.0812694941,-0.0016666339,25.0000000000,25.0000000000,4.0214684760,0.3639800328,0.1426602133
0.0860000000,0.2205728066,0.1455296703,2.2253796083,0.1002156102,-0.0017491393,25.0000000000,25.0000000000,4.0351675841,0.3645959439,0.1457281748
0.0870000000,0.2220341122,0.1477539666,2.2236507369,0.1031060249,-0.0017158427,25.0000000000,25.0000000000,4.0418596761,0.3471105114,0.1472621556
0.0880000000,0.2234603560,0.1499764385,2.2217165278,0.0834977328,-0.0020719664,25.0000000000,25.0000000000,3.8487517896,0.3467390066,0.1503301172
0.0890000000,0.2248513129,0.1521968054,2.2195470402,0.0978378020,-0.0021922386,25.0000000000,25.0000000000,3.8439110827,0.3283785968,0.1518640980
0.0900000000,0.2262067631,0.1544148577,2.2171041280,0.0828321468,-0.0025885369,25.0000000000,25.0000000000,3.6408608174,0.3272144131,0.1549320596
0.0910000000,0.2275264927,0.1566302852,2.2144101421,0.0972489300,-0.0027203015,25.0000000000,25.0000000000,3.6272175392,0.3081077906,0.1564660404
0.0920000000,0.2288102932,0.1588428649,2.2114279391,0.0819894713,-0.0031335053,25.0000000000,25.0000000000,3.4158970024,0.3062200164,0.1595340019
0.0930000000,0.2300579618,0.1610102917,2.1385128344,0.0818365508,-0.0802234823,25.0000000000,25.0000000000,3.3949503546,0.2864004536,0.1610679827
0.0940000000,0.2312693017,0.1630906694,2.0423664726,0.0571466654,-0.1052441996,25.0000000000,25.0000000000,3.1761877021,0.2917877228,0.1626019635
0.0950000000,0.2324441215,0.1650629704,1.9290912125,0.0747826221,-0.1164572387,25.0000000000,25.0000000000,3.2351045921,0.3034421738,0.1656699251
0.0960000000,0.2335822356,0.1669198344,1.8140474307,0.0824437960,-0.1133996784,25.0000000000,25.0000000000,3.3640859392,0.3024045771,0.1672039059
0.0970000000,0.2346834644,0.1686643261,1.7033061499,0.0706766246,-0.1090438325,25.0000000000,25.0000000000,3.3531569742,0.3213794310,0.1687378867
0.0980000000,0.2357476340,0.1703044973,1.6046129851,0.0912222074,-0.0917020705,25.0000000000,25.0000000000,3.5627505736,0.3408660503,0.1702718675
0.0990000000,0.2367745762,0.1718595650,1.5285596799,0.1040398647,-0.0663794095,25.0000000000,25.0000000000,3.7784111647,0.3590146097,0.1718058482
0.1000000000,0.2377641291,0.1733553547,1.4796282595,0.1170920332,-0.0384807851,25.0000000000,25.0000000000,3.9792075656,0.3736855429,0.1733398290
0.1010000000,0.2387161362,0.1748197759,1.4587645491,0.1295641111,-0.0105656525,25.0000000000,25.0000000000,4.1414313203,0.3832945690,0.1748738098
0.1020000000,0.2396304473,0.1762801416,1.4644636731,0.1380797972,0.0149640821,25.0000000000,25.0000000000,4.2476657260,0.3869403025,0.1764077906
0.1030000000,0.2405069179,0.1777608356,1.4929798231,0.1407274555,0.0359850490,25.0000000000,25.0000000000,4.2880009855,0.3843436694,0.1779417714
0.1040000000,0.2413454097,0.1792647211,1.5047272206,0.1269222150,0.0022655141,25.0000000000,25.0000000000,4.2598686198,0.3757935775,0.1794757522
0.1050000000,0.2421457903,0.1807708722,1.5070034528,0.0987700197,0.0022678792,25.0000000000,25.0000000000,4.1663702089,0.3659699179,0.1810097330
0.1060000000,0.2429079332,0.1822792017,1.5090882525,0.0894770136,0.0019798388,25.0000000000,25.0000000000,4.0577922383,0.3563756702,0.1825437138
0.1070000000,0.2436317182,0.1837894201,1.5108601914,0.0907473236,0.0016725522,25.0000000000,25.0000000000,3.9512325735,0.3466982554,0.1840776945
0.1080000000,0.2443170309,0.1853012272,1.5123416576,0.0912755827,0.0013891096,25.0000000000,25.0000000000,3.8437868559,0.3367946436,0.1856116753
0.1090000000,0.2449637631,0.1868143388,1.5135395841,0.0909378976,0.0011041880,25.0000000000,25.0000000000,3.7338736492,0.3265901343,0.1871456561
0.1100000000,0.2455718127,0.1883284674,1.5144469953,0.0905207226,0.0008109295,25.0000000000,25.0000000000,3.6206244548,0.3160459975,0.1886796369
0.1110000000,0.2461410836,0.1898433172,1.5150554084,0.0901156167,0.0005092724,25.0000000000,25.0000000000,3.5036047919,0.3051431174,0.1902136177
0.1120000000,0.2466714861,0.1913585838,1.5153563372,0.0896960408,0.0001990454,25.0000000000,25.0000000000,3.3826038014,0.2938723929,0.1917475985
0.1130000000,0.2471629362,0.1928739544,1.5153410208,0.0892638381,-0.0001200290,25.0000000000,25.0000000000,3.2575203696,0.2822297660,0.1932815793
0.1140000000,0.2476153564,0.1943891071,1.5150005314,0.0888255996,-0.0004480560,25.0000000000,25.0000000000,3.1283091228,0.2702137669,0.1948155601
0.1150000000,0.2480286753,0.1959037111,1.5143259112,0.0883840768,-0.0007850358,25.0000000000,25.0000000000,2.9949536084,0.2578242742,0.1963495408
0.1160000000,0.2484028276,0.1974174267,1.5133082313,0.0879403065,-0.0011309279,25.0000000000,25.0000000000,2.8574524285,0.2450618799,0.1978835216
0.1170000000,0.2487377542,0.1989299054,1.5119386169,0.0874948684,-0.0014856725,25.0000000000,25.0000000000,2.7158121235,0.2319275645,0.1994175024
0.1180000000,0.2490334023,0.2004407896,1.5102082608,0.0870481192,-0.0018491986,25.0000000000,25.0000000000,2.5700435594,0.2184225320,0.2009514832
0.1190000000,0.2492897251,0.2019497132,1.5081084313,0.0866002761,-0.0022214290,25.0000000000,25.0000000000,2.4201600913,0.2045481263,0.2024854640
0.1200000000,0.2495066821,0.2034563013,1.5056304765,0.0861514833,-0.0026022825,25.0000000000,25.0000000000,2.2661766278,0.1903057879,0.2040194448
0.1210000000,0.2496842392,0.2049564557,1.4879073454,0.0830008296,-0.0624256026,25.0000000000,25.0000000000,2.1082442041,0.1756970321,0.2055534256
0.1220000000,0.2498223682,0.2063971758,1.4092983073,0.0676053611,-0.0876588626,25.0000000000,25.0000000000,1.9468567885,0.1624260945,0.2070874064
0.1230000000,0.2499210473,0.2077440899,1.3067413516,0.0607264299,-0.1104132339,25.0000000000,25.0000000000,1.7998933277,0.1565750104,0.2070874064
0.1240000000,0.2499802611,0.2089767346,1.1865397472,0.0635030115,-0.1248002035,25.0000000000,25.0000000000,1.7348074646,0.1745300512,0.2086213872
0.1250000000,0.2500000000,0.2100862111,1.0640972410,0.0855521364,-0.1197250921,25.0000000000,25.0000000000,1.9330059616,0.1798166853,0.2101553679
0.1260000000,0.2499802611,0.2110786134,0.9506549354,0.0767281735,-0.1096573353,25.0000000000,25.0000000000,1.9921287980,0.1875887395,0.2116893487
0.1270000000,0.2499210473,0.2119651106,0.8498720372,0.0802367824,-0.0951539643,25.0000000000,25.0000000000,2.0782231695,0.1953459472,0.2116893487
0.1280000000,0.2498223682,0.2127614012,0.7665653700,0.0853648665,-0.0760636600,25.0000000000,25.0000000000,2.1640717710,0.2189970395,0.2132233295
0.1290000000,0.2496842392,0.2134889792,0.7077071247,0.1155056789,-0.0482955191,25.0000000000,25.0000000000,2.4250918547,0.2219991913,0.2132233295
0.1300000000,0.2495066821,0.2141749976,0.6762651480,0.1034317709,-0.0217925861,25.0000000000,25.0000000000,2.4590194352,0.2380165359,0.2147573103
0.1310000000,0.2492897251,0.2148456578,0.6704328135,0.1275415827,0.0034724031,25.0000000000,25.0000000000,2.6356064696,0.2308068354,0.2147573103
0.1320000000,0.2490334023,0.2155247794,0.6866811965,0.1099718633,0.0230956890,25.0000000000,25.0000000000,2.5564572799,0.2351905663,0.2162912911
0.1330000000,0.2487377542,0.2162285447,0.7104095828,0.1227542711,0.0019590396,25.0000000000,25.0000000000,2.6044775726,0.2162482088,0.2162912911
0.1340000000,0.2484028276,0.2169401378,0.7122692958,0.0873198850,0.0017550177,25.0000000000,25.0000000000,2.3959891238,0.2109277642,0.2162912911
0.1350000000,0.2480286753,0.2176534087,0.7138424449,0.0930702832,0.0014938865,25.0000000000,25.0000000000,2.3366446681,0.2059103966,0.2178252719
0.1360000000,0.2476153564,0.2183681287,0.7152288851,0.0959683559,0.0013386637,25.0000000000,25.0000000000,2.2808069846,0.1832748368,0.2178252719
0.1370000000,0.2471629362,0.2190840204,0.7162194716,0.0789167587,0.0007931024,25.0000000000,25.0000000000,2.0304048508,0.1779946941,0.2193592527
0.1380000000,0.2466714861,0.2198006276,0.7168116758,0.0940595200,0.0005196221,25.0000000000,25.0000000000,1.9710381285,0.1548467737,0.2193592527
0.1390000000,0.2461410836,0.2205175888,0.7169819677,0.0790149077,-0.0000241847,25.0000000000,25.0000000000,1.7148484427,0.1489545877,0.2208932335
0.1400000000,0.2455718127,0.2212344465,0.7167541507,0.0933937609,-0.0003026884,25.0000000000,25.0000000000,1.6487262360,0.1251486936,0.2208932335
0.1410000000,0.2449637631,0.2219508312,0.7160922357,0.0781242015,-0.0008612721,25.0000000000,25.0000000000,1.3852442887,0.1185765323,0.2224272142
0.1420000000,0.2443170309,0.2226662705,0.7150166896,0.0924993103,-0.0011550360,25.0000000000,25.0000000000,1.3115745435,0.0940821239,0.2224272142
0.1430000000,0.2436317182,0.2233803795,0.7134916971,0.0772372996,-0.0017292384,25.0000000000,25.0000000000,1.0404497101,0.0868200930,0.2239611950
0.1440000000,0.2429079332,0.2240926709,0.7115403479,0.0911905813,-0.0020277478,25.0000000000,25.0000000000,0.9591435032,0.0616381014,0.2239611950
0.1450000000,0.2421457903,0.2247929481,0.6824977629,0.0704645501,-0.0588312933,25.0000000000,25.0000000000,0.6806596979,0.0536923640,0.2254951758
0.1460000000,0.2413454097,0.2254315532,0.6097755189,0.0733840917,-0.0798631098,25.0000000000,25.0000000000,0.5923160353,0.0308828729,0.2254951758
0.1470000000,0.2405069179,0.2259838200,0.5149657869,0.0530711083,-0.1026137638,25.0000000000,25.0000000000,0.3401463335,0.0317956168,0.2254951758
0.1480000000,0.2396304473,0.2264316960,0.4067540608,0.0591489976,-0.1106326038,25.0000000000,25.0000000000,0.3499738965,0.0380938183,0.2270291566
0.1490000000,0.2387161362,0.2267692341,0.2961252505,0.0674083282,-0.1102051020,25.0000000000,25.0000000000,0.4194709662,0.0308255348,0.2270291566
0.1500000000,0.2377641291,0.2269963353,0.1859103476,0.0573559376,-0.1092572976,25.0000000000,25.0000000000,0.3392956399,0.0432021573,0.2270291566
0.1510000000,0.2367745762,0.2271178881,0.0845915057,0.0736815683,-0.0964241599,25.0000000000,25.0000000000,0.4758598674,0.0563495847,0.2270291566
0.1520000000,0.2357476340,0.2271486982,0.0011184982,0.0833883413,-0.0759449455,25.0000000000,25.0000000000,0.6213109727,0.0686487413,0.2270291566
0.1530000000,0.2346834644,0.2271099032,-0.0597100050,0.0907095104,-0.0517877780,25.0000000000,25.0000000000,0.7574655526,0.0782654501,0.2270291566
0.1540000000,0.2335822356,0.2270255049,-0.0961946068,0.0973270354,-0.0275122059,25.0000000000,25.0000000000,0.8638801438,0.0837336984,0.2270291566
0.1550000000,0.2324441215,0.2269192320,-0.1095906113,0.1024662606,-0.0053215180,25.0000000000,25.0000000000,0.9243207390,0.0841267399,0.2270291566
0.1560000000,0.2312693017,0.2268122929,-0.1031242528,0.1038560529,0.0130033671,25.0000000000,25.0000000000,0.9286140102,0.0791260786,0.2270291566
0.1570000000,0.2300579618,0.2267216724,-0.0815667071,0.1002904417,0.0260693522,25.0000000000,25.0000000000,0.8732849499,0.0689432287,0.2270291566
0.1580000000,0.2288102932,0.2266477369,-0.0733801785,0.0892085827,0.0014574828,25.0000000000,25.0000000000,0.7608094089,0.0542317800,0.2270291566
0.1590000000,0.2275264927,0.2265751204,-0.0722059967,0.0827504446,0.0010528727,25.0000000000,25.0000000000,0.5978352353,0.0385811847,0.2270291566
0.1600000000,0.2262067631,0.2265034339,-0.0714092063,0.0739751065,0.0007093600,25.0000000000,25.0000000000,0.4245523952,0.0230586809,0.2270291566
0.1610000000,0.2248513129,0.2264323885,-0.0708515648,0.0534115001,0.0004903645,25.0000000000,25.0000000000,0.2532807830,0.0074387718,0.2270291566
0.1620000000,0.2234603560,0.2263618036,-0.0704350815,0.0217246066,0.0003905037,25.0000000000,25.0000000000,0.0814841362,-0.0084059059,0.2270291566
0.1630000000,0.2220341122,0.2262915920,-0.0700836110,-0.0177807318,0.0003350649,25.0000000000,25.0000000000,-0.0924165190,-0.0245490039,0.2270291566
0.1640000000,0.2205728066,0.2262216973,-0.0697882092,-0.0594602657,0.0002764700,25.0000000000,25.0000000000,-0.2695209303,-0.0410347832,0.2254951758
0.1650000000,0.2190766700,0.2261520536,-0.0695681484,-0.1001977416,0.0001877595,25.0000000000,25.0000000000,-0.4504762067,-0.0403069518,0.2254951758
0.1660000000,0.2175459387,0.2260825852,-0.0694137829,-0.0988798180,0.0001396768,25.0000000000,25.0000000000,-0.4424631744,-0.0575291140,0.2254951758
0.1670000000,0.2159808543,0.2260132151,-0.0693648770,-0.1315100228,-0.0000146801,25.0000000000,25.0000000000,-0.6319976637,-0.0751265418,0.2254951758
0.1680000000,0.2143816640,0.2259437511,-0.0695619982,-0.1570444554,-0.0003125218,25.0000000000,25.0000000000,-0.8260523917,-0.0930949612,0.2254951758
0.1690000000,0.2127486204,0.2258738699,-0.0701228874,-0.1725075934,-0.0007091374,25.0000000000,25.0000000000,-1.0247286900,-0.1114146800,0.2254951758
0.1700000000,0.2110819814,0.2258031604,-0.0711180480,-0.1814834601,-0.0011617086,25.0000000000,25.0000000000,-1.2276287749,-0.1300608822,0.2254951758
0.1710000000,0.2093820100,0.2257311620,-0.0725867739,-0.1869510458,-0.0016455054,25.0000000000,25.0000000000,-1.4343282403,-0.1490115727,0.2254951758
0.1720000000,0.2076489748,0.2256547429,-0.0851246220,-0.1928361729,-0.0444399429,25.0000000000,25.0000000000,-1.6443866483,-0.1682497128,0.2254951758
0.1730000000,0.2058831494,0.2255351680,-0.1427913143,-0.2144662701,-0.0651526685,25.0000000000,25.0000000000,-1.8568484980,-0.1865510534,0.2254951758
0.1740000000,0.2040848127,0.2253456258,-0.2198678397,-0.2368184851,-0.0837389698,25.0000000000,25.0000000000,-2.0588757690,-0.1993989157,0.2254951758
0.1750000000,0.2022542486,0.2250684288,-0.3134025901,-0.2466039959,-0.0987704586,25.0000000000,25.0000000000,-2.2009977649,-0.2074805144,0.2254951758
0.1760000000,0.2003917462,0.2246897959,-0.4189511349,-0.2470046120,-0.1088925085,25.0000000000,25.0000000000,-2.2906834790,-0.2114760296,0.2239611950
0.1770000000,0.1984975997,0.2242010297,-0.5311331503,-0.2413473860,-0.1134296767,25.0000000000,25.0000000000,-2.3353165594,-0.1946550354,0.2239611950
0.1780000000,0.1965721080,0.2235999543,-0.6423210498,-0.1967590918,-0.1088130548,25.0000000000,25.0000000000,-2.1508329383,-0.1932124569,0.2239611950
0.1790000000,0.1946155754,0.2228926200,-0.7450011256,-0.1928706697,-0.0985613102,25.0000000000,25.0000000000,-2.1350147380,-0.1909618213,0.2224272142
0.1800000000,0.1926283107,0.2220900056,-0.8355058283,-0.1888765654,-0.0854234389,25.0000000000,25.0000000000,-2.1102323881,-0.1718800667,0.2224272142
0.1810000000,0.1906106278,0.2212065642,-0.9098553258,-0.1472389010,-0.0672353753,25.0000000000,25.0000000000,-1.9005067956,-0.1723194467,0.2208932335
0.1820000000,0.1885628452,0.2202606666,-0.9651748378,-0.1486733093,-0.0483206751,25.0000000000,25.0000000000,-1.9053121926,-0.1581759422,0.2208932335
0.1830000000,0.1864852864,0.2192715355,-1.0009815918,-0.1179115080,-0.0282589158,25.0000000000,25.0000000000,-1.7498573830,-0.1654594914,0.2193592527
0.1840000000,0.1843782793,0.2182584210,-1.0183498018,-0.1301230748,-0.0113541478,25.0000000000,25.0000000000,-1.8300942004,-0.1594941298,0.2178252719
0.1850000000,0.1822421569,0.2172376733,-1.0203781104,-0.1098312590,0.0033264225,25.0000000000,25.0000000000,-1.7648932780,-0.1579731229,0.2178252719
0.1860000000,0.1800772562,0.2162234192,-1.0090601312,-0.0971172345,0.0157981004,25.0000000000,25.0000000000,-1.7486458028,-0.1781751546,0.2162912911
0.1870000000,0.1778839193,0.2152263270,-0.9893389373,-0.1290170453,0.0212854198,25.0000000000,25.0000000000,-1.9712933635,-0.1845638439,0.2147573103
0.1880000000,0.1756624924,0.2142376135,-0.9883619312,-0.1313368609,0.0009072927,25.0000000000,25.0000000000,-2.0420918237,-0.1939588311,0.2147573103
0.1890000000,0.1734133265,0.2132497501,-0.9875915167,-0.1371251371,0.0006898942,25.0000000000,25.0000000000,-2.1460867686,-0.2204461257,0.2132233295
0.1900000000,0.1711367765,0.2122624727,-0.9871401414,-0.1746351527,0.0002982774,25.0000000000,25.0000000000,-2.4382202375,-0.2292456365,0.2116893487
0.1910000000,0.1688332020,0.2112753893,-0.9870977117,-0.1661684496,-0.0000988937,25.0000000000,25.0000000000,-2.5363181422,-0.2381086223,0.2116893487
0.1920000000,0.1665029669,0.2102881192,-0.9874144405,-0.1561435250,-0.0004357005,25.0000000000,25.0000000000,-2.6351985310,-0.2646873880,0.2101553679
0.1930000000,0.1641464389,0.2093002945,-0.9881285281,-0.1848739951,-0.0008855965,25.0000000000,25.0000000000,-2.9287863074,-0.2738663702,0.2086213872
0.1940000000,0.1617639904,0.2083099891,-0.9952238564,-0.1737756670,-0.0250484814,25.0000000000,25.0000000000,-3.0312279259,-0.2832375271,0.2086213872
0.1950000000,0.1593559974,0.2072945277,-1.0293174043,-0.1733038291,-0.0391138882,25.0000000000,25.0000000000,-3.1352713597,-0.3096980423,0.2070874064
0.1960000000,0.1569228403,0.2062360121,-1.0779495949,-0.2143673442,-0.0543145860,25.0000000000,25.0000000000,-3.4269299020,-0.3153864841,0.2055534256
0.1970000000,0.1544649033,0.2051198518,-1.1406240148,-0.2088119538,-0.0671287907,25.0000000000,25.0000000000,-3.4903493754,-0.3179539473,0.2055534256
0.1980000000,0.1519825744,0.2039344534,-1.2131936611,-0.1984976056,-0.0752000737,25.0000000000,25.0000000000,-3.5193639345,-0.3350697024,0.2040194448
0.1990000000,0.1494762458,0.2026721158,-1.2926217244,-0.2233114895,-0.0817302675,25.0000000000,25.0000000000,-3.7081081223,-0.3320960374,0.2024854640
0.2000000000,0.1469463131,0.2013274107,-1.3761535124,-0.2047456658,-0.0839721696,25.0000000000,25.0000000000,-3.6760287321,-0.3272160710,0.2009514832
0.2010000000,0.1443931759,0.1998995091,-1.4584668376,-0.1849230079,-0.0807325747,25.0000000000,25.0000000000,-3.6228522381,-0.3210456752,0.1994175024
0.2020000000,0.1418172373,0.1983928559,-1.5345102863,-0.1682292842,-0.0727883342,25.0000000000,25.0000000000,-3.5551955309,-0.3145003534,0.1978835216
0.2030000000,0.1392189041,0.1968162872,-1.6003337842,-0.1539865015,-0.0613628032,25.0000000000,25.0000000000,-3.4832545979,-0.3086143757,0.1963495408
0.2040000000,0.1365985867,0.1951817700,-1.6533145862,-0.1419736454,-0.0478300554,25.0000000000,25.0000000000,-3.4185208877,-0.3043551710,0.1948155601
0.2050000000,0.1339566987,0.1935030161,-1.6922395414,-0.1325508493,-0.0336111627,25.0000000000,25.0000000000,-3.3717148552,-0.3025046271,0.1932815793
0.2060000000,0.1312936575,0.1917940738,-1.7172897977,-0.1262096800,-0.0200740176,25.0000000000,25.0000000000,-3.3514908764,-0.3035903141,0.1917475985
0.2070000000,0.1286098834,0.1900680000,-1.7299218571,-0.1232945714,-0.0084290401,25.0000000000,25.0000000000,-3.3636877575,-0.3078528492,0.1902136177
0.2080000000,0.1259058004,0.1883357131,-1.7326510260,-0.1238856179,0.0003627976,25.0000000000,25.0000000000,-3.4109723449,-0.3152432096,0.1886796369
0.2090000000,0.1231818354,0.1866051131,-1.7287578358,-0.1277719987,0.0056571750,25.0000000000,25.0000000000,-3.4928110263,-0.3254462040,0.1871456561
0.2100000000,0.1204384185,0.1848805264,-1.7219466664,-0.1344755188,0.0071623360,25.0000000000,25.0000000000,-3.6057290890,-0.3379258508,0.1856116753
0.2110000000,0.1176759830,0.1831625057,-1.7159893241,-0.1433043929,0.0049418180,25.0000000000,25.0000000000,-3.7438117246,-0.3519871858,0.1825437138
0.2120000000,0.1148949652,0.1814474847,-1.7150146195,-0.1536698140,-0.0000316031,25.0000000000,25.0000000000,-3.8993742722,-0.3492698851,0.1810097330
0.2130000000,0.1120958040,0.1797306036,-1.7185569937,-0.1290369502,-0.0051511087,25.0000000000,25.0000000000,-3.8704438772,-0.3640634557,0.1794757522
0.2140000000,0.1092789417,0.1780070269,-1.7273598794,-0.1467213491,-0.0111185153,25.0000000000,25.0000000000,-4.0337682913,-0.3784072174,0.1779417714
0.2150000000,0.1064448229,0.1762702324,-1.7434846167,-0.1640560455,-0.0191957646,25.0000000000,25.0000000000,-4.1921173113,-0.3920221524,0.1764077906
0.2160000000,0.1035938952,0.1745118143,-1.7685509320,-0.1765037920,-0.0285396433,25.0000000000,25.0000000000,-4.3426207022,-0.4045299750,0.1748738098
0.2170000000,0.1007266089,0.1727223590,-1.8031887034,-0.1851110530,-0.0381425607,25.0000000000,25.0000000000,-4.4810271699,-0.4155533555,0.1733398290
0.2180000000,0.0978434167,0.1708924241,-1.8470813531,-0.1907467939,-0.0471048158,25.0000000000,25.0000000000,-4.6031049068,-0.4248288559,0.1702718675
0.2190000000,0.0949447739,0.1690133974,-1.8991110197,-0.1937934465,-0.0546861589,25.0000000000,25.0000000000,-4.7059106280,-0.4146803001,0.1687378867
0.2200000000,0.0920311382,0.1670791174,-1.9555497933,-0.1594310118,-0.0567921090,25.0000000000,25.0000000000,-4.5949797800,-0.4203403870,0.1672039059
0.2210000000,0.0891029697,0.1650881886,-2.0120411144,-0.1659321595,-0.0560844755,25.0000000000,25.0000000000,-4.6574816882,-0.4246937668,0.1656699251
0.2220000000,0.0861607308,0.1630415941,-2.0670793287,-0.1714224729,-0.0542479557,25.0000000000,25.0000000000,-4.7055296875,-0.4284684019,0.1626019635
0.2230000000,0.0832048861,0.1609413999,-2.1197046124,-0.1725512596,-0.0515066245,25.0000000000,25.0000000000,-4.7473716985,-0.4146200217,0.1610679827
0.2240000000,0.0802359025,0.1587914595,-2.1671363542,-0.1363475163,-0.0445063721,25.0000000000,25.0000000000,-4.5954648648,-0.4186791160,0.1595340019
0.2250000000,0.0772542486,0.1565990099,-2.2066495750,-0.1424585935,-0.0365569903,25.0000000000,25.0000000000,-4.6402152582,-0.4235706279,0.1564660404
0.2260000000,0.0742603954,0.1543716771,-2.2389211001,-0.1495124032,-0.0298287864,25.0000000000,25.0000000000,-4.6941583495,-0.4122775277,0.1549320596
0.2270000000,0.0712548156,0.1521166804,-2.2635366489,-0.1190675462,-0.0212683926,25.0000000000,25.0000000000,-4.5703271806,-0.4201563457,0.1518640980
0.2280000000,0.0682379839,0.1498422216,-2.2801519942,-0.1308535217,-0.0140888237,25.0000000000,25.0000000000,-4.6571927606,-0.4121957249,0.1503301172
0.2290000000,0.0652103766,0.1475555590,-2.2896262386,-0.1087002219,-0.0066466156,25.0000000000,25.0000000000,-4.5699375358,-0.4236610779,0.1472621556
0.2300000000,0.0621724718,0.1452634060,-2.2931461172,-0.1270644804,-0.0020244025,25.0000000000,25.0000000000,-4.6962847403,-0.4193495499,0.1457281748
0.2310000000,0.0591247493,0.1429701977,-2.2927634231,-0.1100088006,0.0018229304,25.0000000000,25.0000000000,-4.6492795642,-0.4342553500,0.1426602133
0.2320000000,0.0560676902,0.1406788981,-2.2904273404,-0.1324278439,0.0022505025,25.0000000000,25.0000000000,-4.8136129931,-0.4329033315,0.1411262325
0.2330000000,0.0530017775,0.1383897037,-2.2885158338,-0.1184888804,0.0017366215,25.0000000000,25.0000000000,-4.7993025357,-0.4500641697,0.1380582709
0.2340000000,0.0499274951,0.1361012775,-2.2888864639,-0.1430340894,-0.0019572438,25.0000000000,25.0000000000,-4.9885605788,-0.4501135581,0.1365242901
0.2350000000,0.0468453286,0.1338098452,-2.2934505977,-0.1301697227,-0.0059989654,25.0000000000,25.0000000000,-4.9897520086,-0.4677580758,0.1334563285
0.2360000000,0.0437557647,0.1315107632,-2.3032924437,-0.1547354967,-0.0123503562,25.0000000000,25.0000000000,-5.1843778669,-0.4673948219,0.1319223478
0.2370000000,0.0406592913,0.1291978677,-2.3193324179,-0.1409135712,-0.0179980352,25.0000000000,25.0000000000,-5.1810368441,-0.4838296837,0.1288543862
0.2380000000,0.0375563973,0.1268651973,-2.3415482285,-0.1636946727,-0.0248275160,25.0000000000,25.0000000000,-5.3623247556,-0.4816229562,0.1273204054
0.2390000000,0.0344475727,0.1245063910,-2.3697437080,-0.1474721219,-0.0298538936,25.0000000000,25.0000000000,-5.3386412080,-0.4957889084,0.1242524438
0.2400000000,0.0313333084,0.1221163582,-2.4028693456,-0.1674868166,-0.0350865687,25.0000000000,25.0000000000,-5.4948825429,-0.4911199658,0.1227184630
0.2410000000,0.0282140962,0.1196905329,-2.4398761795,-0.1483973327,-0.0377427614,25.0000000000,25.0000000000,-5.4440117539,-0.5028641630,0.1196505015
0.2420000000,0.0250904287,0.1172263275,-2.4791004246,-0.1657008797,-0.0400892665,25.0000000000,25.0000000000,-5.5735071655,-0.4960285219,0.1165825399
0.2430000000,0.0219627991,0.1147221217,-2.5191561939,-0.1442815562,-0.0396296070,25.0000000000,25.0000000000,-5.4987025158,-0.4884606327,0.1150485591
0.2440000000,0.0188317014,0.1121793585,-2.5563452527,-0.1247663016,-0.0353759384,25.0000000000,25.0000000000,-5.4156747075,-0.4980293334,0.1119805975
0.2450000000,0.0156976299,0.1096021394,-2.5892991790,-0.1452038417,-0.0316396883,25.0000000000,25.0000000000,-5.5208654088,-0.4901446839,0.1089126359
0.2460000000,0.0125610795,0.1069945810,-2.6178326242,-0.1260156112,-0.0264502465,25.0000000000,25.0000000000,-5.4343052111,-0.4828219377,0.1073786552
0.2470000000,0.0094225457,0.1043624517,-2.6397570488,-0.1086075426,-0.0190539663,25.0000000000,25.0000000000,-5.3538931309,-0.4938761849,0.1043106936
0.2480000000,0.0062825239,0.1017125610,-2.6553716487,-0.1317322819,-0.0138786009,25.0000000000,25.0000000000,-5.4754390383,-0.4885176064,0.1012427320
0.2490000000,0.0031415100,0.0990500324,-2.6661971126,-0.1159637887,-0.0089440046,25.0000000000,25.0000000000,-5.4167472414,-0.4844704157,0.0997087512
0.2500000000,-0.0000000000,0.0963799827,-2.6716566624,-0.1025306688,-0.0033522907,25.0000000000,25.0000000000,-5.3724950808,-0.4992086817,0.0966407896
0.2510000000,-0.0031415100,0.0937070886,-2.6734386700,-0.1298634379,-0.0012645336,25.0000000000,25.0000000000,-5.5347231951,-0.4975873775,0.0935728281
0.2520000000,-0.0062825239,0.0910331492,-2.6741247748,-0.1181730434,-0.0003394837,25.0000000000,25.0000000000,-5.5173112380,-0.4969939236,0.0905048665
0.2530000000,-0.0094225457,0.0883591420,-2.6737993093,-0.1083440045,0.0007393648,25.0000000000,25.0000000000,-5.5112153519,-0.4970342914,0.0889708857
0.2540000000,-0.0125610795,0.0856861408,-2.6723930804,-0.1034728058,0.0017893172,25.0000000000,25.0000000000,-5.5119069948,-0.5150770865,0.0859029241
0.2550000000,-0.0156976299,0.0830141968,-2.6720834210,-0.1366146977,-0.0009788408,25.0000000000,25.0000000000,-5.7105249248,-0.5158663877,0.0828349625
0.2560000000,-0.0188317014,0.0803403076,-2.6754298841,-0.1282923388,-0.0046915606,25.0000000000,25.0000000000,-5.7197022867,-0.5166781425,0.0797670010
0.2570000000,-0.0219627991,0.0776609825,-2.6820080742,-0.1200181843,-0.0075820629,25.0000000000,25.0000000000,-5.7291264727,-0.5170651228,0.0782330202
0.2580000000,-0.0250904287,0.0749735808,-2.6908627731,-0.1152507854,-0.0094998742,25.0000000000,25.0000000000,-5.7336603234,-0.5344276382,0.0751650586
0.2590000000,-0.0282140962,0.0722754949,-2.7030296339,-0.1472833619,-0.0140245665,25.0000000000,25.0000000000,-5.9247826158,-0.5336271609,0.0720970970
0.2600000000,-0.0313333084,0.0695622964,-2.7197959587,-0.1368708649,-0.0181985660,25.0000000000,25.0000000000,-5.9164179427,-0.5321291732,0.0690291355
0.2610000000,-0.0344475727,0.0668303549,-2.7394580960,-0.1257923593,-0.0202926768,25.0000000000,25.0000000000,-5.9003442043,-0.5297270171,0.0674951547
0.2620000000,-0.0375563973,0.0640781103,-2.7598889781,-0.1178044610,-0.0203033042,25.0000000000,25.0000000000,-5.8740796672,-0.5440878948,0.0644271931
0.2630000000,-0.0406592913,0.0613050867,-2.7811567436,-0.1465097959,-0.0220457695,25.0000000000,25.0000000000,-6.0320501421,-0.5403410254,0.0613592315
0.2640000000,-0.0437557647,0.0585097862,-2.8038579083,-0.1329591034,-0.0228603941,25.0000000000,25.0000000000,-5.9911374263,-0.5361966526,0.0582912699
0.2650000000,-0.0468453286,0.0556920021,-2.8259179255,-0.1191897043,-0.0213476045,25.0000000000,25.0000000000,-5.9458233590,-0.5316496782,0.0552233084
0.2660000000,-0.0499274951,0.0528537613,-2.8451707700,-0.1091592211,-0.0178339278,25.0000000000,25.0000000000,-5.8958534671,-0.5269324827,0.0521553468
0.2670000000,-0.0530017775,0.0499989437,-2.8599728111,-0.1015531597,-0.0128934217,25.0000000000,25.0000000000,-5.8438729000,-0.5224066755,0.0506213660
0.2680000000,-0.0560676902,0.0471329781,-2.8687255755,-0.0979257812,-0.0062906756,25.0000000000,25.0000000000,-5.7938178088,-0.5360167506,0.0475534044
0.2690000000,-0.0591247493,0.0442612276,-2.8733437301,-0.1278566775,-0.0040265094,25.0000000000,25.0000000000,-5.9433930974,-0.5329700396,0.0444854428
0.2700000000,-0.0621724718,0.0413858010,-2.8764921345,-0.1155173998,-0.0025901842,25.0000000000,25.0000000000,-5.9101915692,-0.5308042873,0.0414174813
0.2710000000,-0.0652103766,0.0385082854,-2.8778766756,-0.1043670854,-0.0006205996,25.0000000000,25.0000000000,-5.8867092347,-0.5291911753,0.0383495197
0.2720000000,-0.0682379839,0.0356307473,-2.8770181233,-0.0985073103,0.0018294280,25.0000000000,25.0000000000,-5.8690966805,-0.5279974983,0.0352815581
0.2730000000,-0.0712548156,0.0327558194,-2.8733150276,-0.0976288334,0.0047480114,25.0000000000,25.0000000000,-5.8558907893,-0.5272088295,0.0322135965
0.2740000000,-0.0742603954,0.0298826807,-2.8730290516,-0.0988988890,0.0002960379,25.0000000000,25.0000000000,-5.8470730629,-0.5268841468,0.0291456350
0.2750000000,-0.0772542486,0.0270098395,-2.8727281787,-0.0993653817,0.0003016608,25.0000000000,25.0000000000,-5.8434457599,-0.5263326855,0.0276116542
0.2760000000,-0.0802359025,0.0241373046,-2.8724174535,-0.0991559094,0.0003144158,25.0000000000,25.0000000000,-5.8373350131,-0.5431777592,0.0245436926
0.2770000000,-0.0832048861,0.0212650435,-2.8721881110,-0.1325343343,0.0001653445,25.0000000000,25.0000000000,-6.0226464108,-0.5422824362,0.0214757310
0.2780000000,-0.0861607308,0.0183929111,-2.8721155569,-0.1214798603,0.0000250404,25.0000000000,25.0000000000,-6.0132610493,-0.5412213591,0.0184077695
0.2790000000,-0.0891029697,0.0155207856,-2.8721391982,-0.1095246833,-0.0000456743,25.0000000000,25.0000000000,-6.0020808520,-0.5399814710,0.0153398079
0.2800000000,-0.0920311382,0.0126486096,-2.8722001652,-0.1019329053,-0.0000660831,25.0000000000,25.0000000000,-5.9886976831,-0.5385605246,0.0122718463
0.2810000000,-0.0949447739,0.0097763733,-2.8722538107,-0.0984923473,-0.0000413477,25.0000000000,25.0000000000,-5.9730972052,-0.5369614922,0.0092038847
0.2820000000,-0.0978434167,0.0069041111,-2.8722611489,-0.0982598786,0.0000095497,25.0000000000,25.0000000000,-5.9553595700,-0.5351883400,0.0076699039
0.2830000000,-0.1007266089,0.0040318736,-2.8722172994,-0.0982895648,0.0000604257,25.0000000000,25.0000000000,-5.9356760954,-0.5508230201,0.0046019424
0.2840000000,-0.1035938952,0.0011596582,-2.8722331668,-0.1301799957,-0.0000741579,25.0000000000,25.0000000000,-6.1076265233,-0.5487091465,0.0015339808
0.2850000000,-0.1064448229,-0.0017126619,-2.8723858540,-0.1176043103,-0.0001913670,25.0000000000,25.0000000000,-6.0847913111,-0.5464094729,-0.0015339808
0.2860000000,-0.1092789417,-0.0045851837,-2.8726076174,-0.1046846354,-0.0002329413,25.0000000000,25.0000000000,-6.0599109173,-0.5439048982,-0.0046019424
0.2870000000,-0.1120958040,-0.0074579310,-2.8728254322,-0.0977491124,-0.0002002314,25.0000000000,25.0000000000,-6.0324569149,-0.5411910704,-0.0076699039
0.2880000000,-0.1148949652,-0.0103308520,-2.8729678375,-0.0970092987,-0.0001130735,25.0000000000,25.0000000000,-6.0023704164,-0.5382716322,-0.0107378655
0.2890000000,-0.1176759830,-0.0132038606,-2.8730228961,-0.0971939483,-0.0000271982,25.0000000000,25.0000000000,-5.9699554204,-0.5351540611,-0.0138058271
0.2900000000,-0.1204384185,-0.0160768704,-2.8729914364,-0.0970426545,0.0000601584,25.0000000000,25.0000000000,-5.9353579451,-0.5318409468,-0.0153398079
0.2910000000,-0.1231818354,-0.0189497923,-2.8728691157,-0.0968115384,0.0001528198,25.0000000000,25.0000000000,-5.8985939330,-0.5459091149,-0.0184077695
0.2920000000,-0.1259058004,-0.0218225968,-2.8727823601,-0.1266045874,0.0000352487,25.0000000000,25.0000000000,-6.0532609457,-0.5421996804,-0.0214757310
0.2930000000,-0.1286098834,-0.0246953890,-2.8728080757,-0.1120449811,-0.0000535014,25.0000000000,25.0000000000,-6.0128142032,-0.5382724987,-0.0245436926
0.2940000000,-0.1312936575,-0.0275682350,-2.8728672345,-0.0981787382,-0.0000514984,25.0000000000,25.0000000000,-5.9699157987,-0.5341071752,-0.0276116542
0.2950000000,-0.1339566987,-0.0304410928,-2.8728360838,-0.0951335298,0.0000762851,25.0000000000,25.0000000000,-5.9238329685,-0.5297001400,-0.0306796158
0.2960000000,-0.1365985867,-0.0333138347,-2.8726696712,-0.0955749720,0.0002093494,25.0000000000,25.0000000000,-5.8748928057,-0.5250613794,-0.0337475773
0.2970000000,-0.1392189041,-0.0361863286,-2.8723730610,-0.0955460723,0.0003388896,25.0000000000,25.0000000000,-5.8234040073,-0.5201986468,-0.0368155389
0.2980000000,-0.1418172373,-0.0390584433,-2.8719436615,-0.0952681252,0.0004736213,25.0000000000,25.0000000000,-5.7694415734,-0.5151128677,-0.0383495197
0.2990000000,-0.1443931759,-0.0419300423,-2.8713752941,-0.0950042082,0.0006145721,25.0000000000,25.0000000000,-5.7130026213,-0.5273805755,-0.0414174813
0.3000000000,-0.1469463131,-0.0448010596,-2.8708169782,-0.1223501306,0.0005134828,25.0000000000,25.0000000000,-5.8478068813,-0.5218431013,-0.0444854428
0.3010000000,-0.1494762458,-0.0476715784,-2.8703459566,-0.1054320087,0.0004548038,25.0000000000,25.0000000000,-5.7871868240,-0.5160579741,-0.0475534044
0.3020000000,-0.1519825744,-0.0505416148,-2.8698354540,-0.0942434370,0.0005558877,25.0000000000,25.0000000000,-5.7235313402,-0.5100037550,-0.0506213660
0.3030000000,-0.1544649033,-0.0534110393,-2.8691555069,-0.0933483679,0.0007413803,25.0000000000,25.0000000000,-5.6563742616,-0.5036819840,-0.0536893276
0.3040000000,-0.1569228403,-0.0562796687,-2.8682926571,-0.0937151642,0.0009208707,25.0000000000,25.0000000000,-5.5861842639,-0.4971060775,-0.0567572892
0.3050000000,-0.1593559974,-0.0591473235,-2.8672505183,-0.0935081101,0.0011009497,25.0000000000,25.0000000000,-5.5132020552,-0.4902820618,-0.0598252507
0.3060000000,-0.1617639904,-0.0620138213,-2.8660239391,-0.0931873858,0.0012876294,25.0000000000,25.0000000000,-5.4374715172,-0.4832103341,-0.0613592315
0.3070000000,-0.1641464389,-0.0648789736,-2.8646062381,-0.0928953240,0.0014807915,25.0000000000,25.0000000000,-5.3589899422,-0.4934676292,-0.0644271931
0.3080000000,-0.1665029669,-0.0677426760,-2.8631726155,-0.1174271353,0.0013951886,25.0000000000,25.0000000000,-5.4716193270,-0.4858956117,-0.0674951547
0.3090000000,-0.1688332020,-0.0706049896,-2.8617990222,-0.0980937549,0.0013747392,25.0000000000,25.0000000000,-5.3885366027,-0.4780491553,-0.0705631162
0.3100000000,-0.1711367765,-0.0734658624,-2.8602900511,-0.0909443212,0.0015854118,25.0000000000,25.0000000000,-5.3017984073,-0.4699058219,-0.0736310778
0.3110000000,-0.1734133265,-0.0763250780,-2.8585426506,-0.0913513773,0.0018247012,25.0000000000,25.0000000000,-5.2113870545,-0.4614747003,-0.0766990394
0.3120000000,-0.1756624924,-0.0791824000,-2.8565623000,-0.0915063861,0.0020549110,25.0000000000,25.0000000000,-5.1177938542,-0.4527700835,-0.0797670010
0.3130000000,-0.1778839193,-0.0820205515,-2.8192392778,-0.0835776551,0.0531244187,25.0000000000,25.0000000000,-5.0215690443,-0.4437964549,-0.0813009818
0.3140000000,-0.1800772562,-0.0848010648,-2.7552194896,-0.0750229599,0.0699744250,25.0000000000,25.0000000000,-4.9223895009,-0.4561554486,-0.0843689433
0.3150000000,-0.1822421569,-0.0875110788,-2.6826995998,-0.0926796094,0.0729495886,25.0000000000,25.0000000000,-5.0586914985,-0.4557098366,-0.0874369049
0.3160000000,-0.1843782793,-0.0901479710,-2.6093237419,-0.0817461553,0.0736057810,25.0000000000,25.0000000000,-5.0542918790,-0.4584601119,-0.0905048665
0.3170000000,-0.1864852864,-0.0927118946,-2.5370607182,-0.0831456436,0.0710490470,25.0000000000,25.0000000000,-5.0847499604,-0.4627395722,-0.0920388473
0.3180000000,-0.1885628452,-0.0952066485,-2.4703235531,-0.0866572571,0.0638361597,25.0000000000,25.0000000000,-5.1320763882,-0.4850654764,-0.0951068088
0.3190000000,-0.1906106278,-0.0976421892,-2.4168872509,-0.1163892421,0.0467275760,25.0000000000,25.0000000000,-5.3784073263,-0.4892435664,-0.0981747704
0.3200000000,-0.1926283107,-0.1000356098,-2.3815886416,-0.1053920547,0.0286155953,25.0000000000,25.0000000000,-5.4253339846,-0.4914401601,-0.0997087512
0.3210000000,-0.1946155754,-0.1024045037,-2.3632324166,-0.0977244315,0.0126304152,25.0000000000,25.0000000000,-5.4500995550,-0.5079713931,-0.1027767128
0.3220000000,-0.1965721080,-0.1047650651,-2.3610566672,-0.1282489205,-0.0040776118,25.0000000000,25.0000000000,-5.6320700170,-0.5031851948,-0.1043106936
0.3230000000,-0.1984975997,-0.1071331272,-2.3738736742,-0.1150358306,-0.0175107622,25.0000000000,25.0000000000,-5.5796038710,-0.5120754428,-0.1073786552
0.3240000000,-0.2003917462,-0.1095198849,-2.3917564726,-0.1326416898,-0.0013602516,25.0000000000,25.0000000000,-5.6774053305,-0.4995390609,-0.1089126359
0.3250000000,-0.2022542486,-0.1119125056,-2.3931384312,-0.0986206214,-0.0013750003,25.0000000000,25.0000000000,-5.5399525452,-0.5018947186,-0.1119805975
0.3260000000,-0.2040848127,-0.1143064986,-2.3945042024,-0.1006965176,-0.0013613961,25.0000000000,25.0000000000,-5.5659965501,-0.4870370438,-0.1150485591
0.3270000000,-0.2058831494,-0.1167017487,-2.3956529790,-0.0863738709,-0.0010214790,25.0000000000,25.0000000000,-5.4017924930,-0.4721789423,-0.1165825399
0.3280000000,-0.2076489748,-0.1190978863,-2.3963748462,-0.0851465021,-0.0005742159,25.0000000000,25.0000000000,-5.2369289347,-0.4747373128,-0.1196505015
0.3290000000,-0.2093820100,-0.1214945924,-2.3969036299,-0.1031731268,-0.0005285076,25.0000000000,25.0000000000,-5.2644255154,-0.4594977486,-0.1211844822
0.3300000000,-0.2110819814,-0.1238917372,-2.3972493999,-0.0870821564,-0.0002303230,25.0000000000,25.0000000000,-5.0960709017,-0.4615590588,-0.1242524438
0.3310000000,-0.2127486204,-0.1262890999,-2.3974281145,-0.1010347620,-0.0001746659,25.0000000000,25.0000000000,-5.1182538147,-0.4457335807,-0.1257864246
0.3320000000,-0.2143816640,-0.1286865346,-2.3973946076,-0.0859038464,0.0001595695,25.0000000000,25.0000000000,-4.9433475529,-0.4471585209,-0.1288543862
0.3330000000,-0.2159808543,-0.1310837923,-2.3971710797,-0.1003701856,0.0002312858,25.0000000000,25.0000000000,-4.9584410728,-0.4306718059,-0.1303883670
0.3340000000,-0.2175459387,-0.1334807106,-2.3967205340,-0.0851628981,0.0005819667,25.0000000000,25.0000000000,-4.7761989002,-0.4314227825,-0.1334563285
0.3350000000,-0.2190766700,-0.1358770243,-2.3960635751,-0.0995195789,0.0006682369,25.0000000000,25.0000000000,-4.7838169073,-0.4142545727,-0.1365242901
0.3360000000,-0.2205728066,-0.1382725552,-2.3951628762,-0.0843258273,0.0010383438,25.0000000000,25.0000000000,-4.5940094657,-0.3967412410,-0.1380582709
0.3370000000,-0.2220341122,-0.1406668949,-2.3937848201,-0.0820228330,0.0015462043,25.0000000000,25.0000000000,-4.3997266329,-0.3964618055,-0.1411262325
0.3380000000,-0.2234603560,-0.1430596625,-2.3921503764,-0.0990777977,0.0016464759,25.0000000000,25.0000000000,-4.3957721515,-0.3782859113,-0.1426602133
0.3390000000,-0.2248513129,-0.1454363925,-2.3605682024,-0.0768479436,0.0461618911,25.0000000000,25.0000000000,-4.1951312181,-0.3773561438,-0.1457281748
0.3400000000,-0.2262067631,-0.1477635241,-2.3055463823,-0.0840059524,0.0593558296,25.0000000000,25.0000000000,-4.1844528981,-0.3619105393,-0.1472621556
0.3410000000,-0.2275264927,-0.1500270666,-2.2364323949,-0.0684270380,0.0746197451,25.0000000000,25.0000000000,-4.0137856340,-0.3680554929,-0.1503301172
0.3420000000,-0.2288102932,-0.1522150117,-2.1585152132,-0.0849455942,0.0787159066,25.0000000000,25.0000000000,-4.0811686914,-0.3600374908,-0.1518640980
0.3430000000,-0.2300579618,-0.1543231254,-2.0774138342,-0.0725715583,0.0823645391,25.0000000000,25.0000000000,-3.9927875696,-0.3721069176,-0.1549320596
0.3440000000,-0.2312693017,-0.1563509412,-1.9991309529,-0.0902558248,0.0749641812,25.0000000000,25.0000000000,-4.1258739937,-0.3680095720,-0.1564660404
0.3450000000,-0.2324441215,-0.1583053238,-1.9283036875,-0.0786417161,0.0685106303,25.0000000000,25.0000000000,-4.0809741630,-0.3816637740,-0.1580000212
0.3460000000,-0.2335822356,-0.1601952729,-1.8689438762,-0.0963890877,0.0533294552,25.0000000000,25.0000000000,-4.2316484367,-0.3943399959,-0.1595340019
0.3470000000,-0.2346834644,-0.1620368118,-1.8275017176,-0.1069293056,0.0342431915,25.0000000000,25.0000000000,-4.3718274889,-0.4050017836,-0.1626019635
0.3480000000,-0.2357476340,-0.1638491109,-1.8056253545,-0.1156304893,0.0145944442,25.0000000000,25.0000000000,-4.4897382736,-0.3948126503,-0.1641359443
0.3490000000,-0.2367745762,-0.1656502569,-1.7999365977,-0.0914626760,0.0014408888,25.0000000000,25.0000000000,-4.3778472851,-0.3981098389,-0.1656699251
0.3500000000,-0.2377641291,-0.1674529852,-1.8058759194,-0.1032375515,-0.0102829738,25.0000000000,25.0000000000,-4.4138573344,-0.3972919034,-0.1672039059
0.3510000000,-0.2387161362,-0.1692683732,-1.8222167631,-0.1075243874,-0.0196180287,25.0000000000,25.0000000000,-4.4045639084,-0.3928687713,-0.1687378867
0.3520000000,-0.2396304473,-0.1710963500,-1.8283911786,-0.1002567841,-0.0011032962,25.0000000000,25.0000000000,-4.3558305221,-0.3852350979,-0.1718058482
0.3530000000,-0.2405069179,-0.1729253720,-1.8293757472,-0.0926239083,-0.0009139687,25.0000000000,25.0000000000,-4.2714783908,-0.3593661718,-0.1733398290
0.3540000000,-0.2413454097,-0.1747551085,-1.8298701665,-0.0750364237,-0.0002615462,25.0000000000,25.0000000000,-3.9852126863,-0.3511238828,-0.1748738098
0.3550000000,-0.2421457903,-0.1765850030,-1.8298707933,-0.0910599006,0.0000994090,25.0000000000,25.0000000000,-3.8929221040,-0.3427436210,-0.1764077906
0.3560000000,-0.2429079332,-0.1784147345,-1.8296227015,-0.0930168777,0.0003168975,25.0000000000,25.0000000000,-3.7998033493,-0.3341318374,-0.1779417714
0.3570000000,-0.2436317182,-0.1802440797,-1.8291507340,-0.0918234896,0.0005490138,25.0000000000,25.0000000000,-3.7042722203,-0.3252129842,-0.1810097330
0.3580000000,-0.2443170309,-0.1820728013,-1.8284342418,-0.0912656762,0.0007984190,25.0000000000,25.0000000000,-3.6053008413,-0.2983676610,-0.1825437138
0.3590000000,-0.2449637631,-0.1838956352,-1.8137898554,-0.0713165327,0.0306220641,25.0000000000,25.0000000000,-3.3083152109,-0.2887332260,-0.1840776945
0.3600000000,-0.2455718127,-0.1856844745,-1.7718756927,-0.0795098916,0.0475671996,25.0000000000,25.0000000000,-3.2009633141,-0.2802895217,-0.1856116753
0.3610000000,-0.2461410836,-0.1874223379,-1.7159436574,-0.0785327308,0.0602438275,25.0000000000,25.0000000000,-3.1072870544,-0.2753438487,-0.1871456561
0.3620000000,-0.2466714861,-0.1890976201,-1.6498806020,-0.0784970534,0.0688816405,25.0000000000,25.0000000000,-3.0523918683,-0.2735307859,-0.1886796369
0.3630000000,-0.2471629362,-0.1907029640,-1.5782162340,-0.0799131474,0.0727254348,25.0000000000,25.0000000000,-3.0321960666,-0.2742217423,-0.1902136177
0.3640000000,-0.2476153564,-0.1922358123,-1.5058201944,-0.0820155841,0.0717098244,25.0000000000,25.0000000000,-3.0397605602,-0.2765829113,-0.1917475985
0.3650000000,-0.2480286753,-0.1936983138,-1.4372294401,-0.0844654242,0.0663691450,25.0000000000,25.0000000000,-3.0658470441,-0.2796389606,-0.1932815793
0.3660000000,-0.2484028276,-0.1950966787,-1.3761699180,-0.0869629414,0.0576618419,25.0000000000,25.0000000000,-3.0996443152,-0.2823819529,-0.1948155601
0.3670000000,-0.2487377542,-0.1964401443,-1.3252135364,-0.0891932126,0.0468448540,25.0000000000,25.0000000000,-3.1299800165,-0.2838806191,-0.1963495408
0.3680000000,-0.2490334023,-0.1977396810,-1.2855730605,-0.0908833139,0.0353255667,25.0000000000,25.0000000000,-3.1465307060,-0.2833743024,-0.1978835216
0.3690000000,-0.2492897251,-0.1990065904,-1.2570538736,-0.0918349186,0.0245018069,25.0000000000,25.0000000000,-3.1408630105,-0.2803434343,-0.1994175024
0.3700000000,-0.2495066821,-0.2002511529,-1.2381598945,-0.0919404999,0.0156122654,25.0000000000,25.0000000000,-3.1072150959,-0.2745503001,-0.2009514832
0.3710000000,-0.2496842392,-0.2014814663,-1.2263327681,-0.0911893791,0.0096132312,25.0000000000,25.0000000000,-3.0429488618,-0.2660472842,-0.2009514832
0.3720000000,-0.2498223682,-0.2027025891,-1.2182905571,-0.0896632271,0.0070930668,25.0000000000,25.0000000000,-2.9486416931,-0.2727317092,-0.2024854640
0.3730000000,-0.2499210473,-0.2039186767,-1.2156777278,-0.1082043688,-0.0001146927,25.0000000000,25.0000000000,-3.0219117534,-0.2599828811,-0.2040194448
0.3740000000,-0.2499802611,-0.2051351137,-1.2169192697,-0.0903375215,-0.0012781299,25.0000000000,25.0000000000,-2.8812931039,-0.2454581717,-0.2055534256
0.3750000000,-0.2500000000,-0.2063508781,-1.2142705061,-0.0845309348,0.0049036924,25.0000000000,25.0000000000,-2.7203591589,-0.2293776337,-0.2070874064
0.3760000000,-0.2499802611,-0.2075588364,-1.2029405716,-0.0817497130,0.0148090353,25.0000000000,25.0000000000,-2.5420042482,-0.2127387501,-0.2070874064
0.3770000000,-0.2499210473,-0.2087484585,-1.1801111330,-0.0785377642,0.0271455579,25.0000000000,25.0000000000,-2.3574732383,-0.2141673982,-0.2086213872
0.3780000000,-0.2498223682,-0.2099098981,-1.1498458918,-0.0935604533,0.0312674212,25.0000000000,25.0000000000,-2.3725800972,-0.1993542147,-0.2101553679
0.3790000000,-0.2496842392,-0.2110375959,-1.1132983926,-0.0776856489,0.0397629874,25.0000000000,25.0000000000,-2.2089475002,-0.1858351914,-0.2116893487
0.3800000000,-0.2495066821,-0.2121224178,-1.0664234970,-0.0743864935,0.0505646804,25.0000000000,25.0000000000,-2.0590512993,-0.1734572002,-0.2116893487
0.3810000000,-0.2492897251,-0.2131538567,-1.0092777557,-0.0736106169,0.0603999224,25.0000000000,25.0000000000,-1.9216943915,-0.1801855016,-0.2132233295
0.3820000000,-0.2490334023,-0.2141253681,-0.9491765493,-0.0908516607,0.0589807467,25.0000000000,25.0000000000,-1.9955164845,-0.1710511292,-0.2147573103
0.3830000000,-0.2487377542,-0.2150374906,-0.8897517760,-0.0770356847,0.0597751964,25.0000000000,25.0000000000,-1.8948157501,-0.1628878011,-0.2147573103
0.3840000000,-0.2484028276,-0.2158890898,-0.8285047998,-0.0755671581,0.0616777599,25.0000000000,25.0000000000,-1.8042762339,-0.1724855213,-0.2162912911
0.3850000000,-0.2480286753,-0.2166813779,-0.7717727279,-0.0941276203,0.0530074210,25.0000000000,25.0000000000,-1.9098829049,-0.1645806050,-0.2162912911
0.3860000000,-0.2476153564,-0.2174217793,-0.7221554061,-0.0805931185,0.0478822694,25.0000000000,25.0000000000,-1.8228150600,-0.1735497446,-0.2178252719
0.3870000000,-0.2471629362,-0.2181173583,-0.6811852823,-0.0962832643,0.0362878450,25.0000000000,25.0000000000,-1.9215880017,-0.1635493646,-0.2178252719
0.3880000000,-0.2466714861,-0.2187778245,-0.6486545509,-0.0826721802,0.0306714762,25.0000000000,25.0000000000,-1.8112643385,-0.1692168563,-0.2193592527
0.3890000000,-0.2461410836,-0.2194102590,-0.6240799028,-0.0971536788,0.0203744486,25.0000000000,25.0000000000,-1.8734494215,-0.1551607978,-0.2193592527
0.3900000000,-0.2455718127,-0.2200225225,-0.6053612613,-0.0822669663,0.0181250598,25.0000000000,25.0000000000,-1.7181715069,-0.1564757161,-0.2193592527
0.3910000000,-0.2449637631,-0.2206179891,-0.5902835161,-0.0960663351,0.0126974600,25.0000000000,25.0000000000,-1.7320771314,-0.1557937909,-0.2208932335
0.3920000000,-0.2443170309,-0.2212024803,-0.5818481909,-0.0965419200,0.0059601404,25.0000000000,25.0000000000,-1.7244839834,-0.1358964330,-0.2208932335
0.3930000000,-0.2436317182,-0.2217791903,-0.5728847324,-0.0785703539,0.0110882021,25.0000000000,25.0000000000,-1.5045218885,-0.1317762959,-0.2224272142
0.3940000000,-0.2429079332,-0.2223439976,-0.5597226249,-0.0916624751,0.0136922796,25.0000000000,25.0000000000,-1.4581337611,-0.1090176367,-0.2224272142
0.3950000000,-0.2421457903,-0.2228919182,-0.5394400697,-0.0742669632,0.0243092772,25.0000000000,25.0000000000,-1.2063824187,-0.1035682236,-0.2224272142
0.3960000000,-0.2413454097,-0.2234136073,-0.5102905126,-0.0864669954,0.0311549285,25.0000000000,25.0000000000,-1.1452839327,-0.0985811943,-0.2239611950
0.3970000000,-0.2405069179,-0.2239031077,-0.4766079360,-0.0874873947,0.0348188408,25.0000000000,25.0000000000,-1.0898768871,-0.0770449195,-0.2239611950
0.3980000000,-0.2396304473,-0.2243542808,-0.4343793105,-0.0690199169,0.0466287269,25.0000000000,25.0000000000,-0.8517476105,-0.0739030180,-0.2239611950
0.3990000000,-0.2387161362,-0.2247571832,-0.3834142704,-0.0829269520,0.0525140190,25.0000000000,25.0000000000,-0.8161771526,-0.0719317018,-0.2254951758
0.4000000000,-0.2377641291,-0.2251073509,-0.3301918058,-0.0852365379,0.0531940791,25.0000000000,25.0000000000,-0.7941800631,-0.0537526559,-0.2254951758
0.4010000000,-0.2367745762,-0.2254019876,-0.2723267123,-0.0680660615,0.0606227258,25.0000000000,25.0000000000,-0.5932511773,-0.0538804592,-0.2254951758
0.4020000000,-0.2357476340,-0.2256358792,-0.2110161661,-0.0813702107,0.0604753264,25.0000000000,25.0000000000,-0.5940045869,-0.0546903710,-0.2254951758
0.4030000000,-0.2346834644,-0.2258107393,-0.1538595485,-0.0820026683,0.0550609423,25.0000000000,25.0000000000,-0.6029629852,-0.0560228264,-0.2254951758
0.4040000000,-0.2335822356,-0.2259324418,-0.1033507239,-0.0830983593,0.0476662064,25.0000000000,25.0000000000,-0.6176984555,-0.0569281810,-0.2254951758
0.4050000000,-0.2324441215,-0.2260087168,-0.0611399519,-0.0841197441,0.0388720062,25.0000000000,25.0000000000,-0.6276968217,-0.0566468332,-0.2254951758
0.4060000000,-0.2312693017,-0.2260483476,-0.0278636098,-0.0846059052,0.0298395191,25.0000000000,25.0000000000,-0.6245495528,-0.0546109063,-0.2254951758
0.4070000000,-0.2300579618,-0.2260600678,-0.0030736912,-0.0842830479,0.0216215183,25.0000000000,25.0000000000,-0.6019669073,-0.0504646016,-0.2254951758
0.4080000000,-0.2288102932,-0.2260515939,0.0145595665,-0.0826949492,0.0150283448,25.0000000000,25.0000000000,-0.5560223305,-0.0440824537,-0.2254951758
0.4090000000,-0.2275264927,-0.2260289543,0.0268934392,-0.0789700514,0.0104642884,25.0000000000,25.0000000000,-0.4853667339,-0.0355552385,-0.2254951758
0.4100000000,-0.2262067631,-0.2259962901,0.0357670157,-0.0713674959,0.0077360547,25.0000000000,25.0000000000,-0.3910947724,-0.0251423337,-0.2254951758
0.4110000000,-0.2248513129,-0.2259561936,0.0424809576,-0.0574498365,0.0060384468,25.0000000000,25.0000000000,-0.2762074120,-0.0131853665,-0.2254951758
0.4120000000,-0.2234603560,-0.2259104386,0.0474640314,-0.0345201797,0.0041621088,25.0000000000,25.0000000000,-0.1446315587,-0.0000054218,-0.2254951758
0.4130000000,-0.2220341122,-0.2258609735,0.0504057249,-0.0029392719,0.0021385594,25.0000000000,25.0000000000,-0.0000000000,0.0141865660,-0.2254951758
0.4140000000,-0.2205728066,-0.2258096947,0.0516100522,0.0333807901,0.0006107657,25.0000000000,25.0000000000,0.1558018431,0.0293194214,-0.2254951758
0.4150000000,-0.2190766700,-0.2257579167,0.0517979598,0.0719529977,-0.0000659628,25.0000000000,25.0000000000,0.3218479277,0.0453213968,-0.2254951758
0.4160000000,-0.2175459387,-0.2257059245,0.0522441949,0.1101225831,0.0008634542,25.0000000000,25.0000000000,0.4975613750,0.0620726500,-0.2254951758
0.4170000000,-0.2159808543,-0.2256520057,0.0554803560,0.1426600987,0.0049457546,25.0000000000,25.0000000000,0.6818734105,0.0793657997,-0.2254951758
0.4180000000,-0.2143816640,-0.2255911201,0.0651388290,0.1664239124,0.0127001217,25.0000000000,25.0000000000,0.8726391816,0.0968056391,-0.2254951758
0.4190000000,-0.2127486204,-0.2255148259,0.0843121317,0.1836686247,0.0231211229,25.0000000000,25.0000000000,1.0653591626,0.1137768768,-0.2254951758
0.4200000000,-0.2110819814,-0.2254123276,0.1148979607,0.1968646503,0.0349912821,25.0000000000,25.0000000000,1.2530800997,0.1296160130,-0.2254951758
0.4210000000,-0.2093820100,-0.2252716739,0.1576164528,0.2070091586,0.0471615532,25.0000000000,25.0000000000,1.4283872861,0.1437723296,-0.2254951758
0.4220000000,-0.2076489748,-0.2250808802,0.2121022788,0.2143010089,0.0585875496,25.0000000000,25.0000000000,1.5851578083,0.1558864077,-0.2254951758
0.4230000000,-0.2058831494,-0.2248289340,0.2770393277,0.2187421391,0.0683791753,25.0000000000,25.0000000000,1.7194020191,0.1658188333,-0.2254951758
0.4240000000,-0.2040848127,-0.2245066319,0.3503495168,0.2204138903,0.0758551578,25.0000000000,25.0000000000,1.8295683550,0.1736491165,-0.2239611950
0.4250000000,-0.2022542486,-0.2241071967,0.4294291174,0.2195673759,0.0805849452,25.0000000000,25.0000000000,1.9165268245,0.1620753910,-0.2239611950
0.4260000000,-0.2003917462,-0.2236275680,0.5094271064,0.1815813484,0.0788663305,25.0000000000,25.0000000000,1.7899577722,0.1666887448,-0.2239611950
0.4270000000,-0.1984975997,-0.2230703100,0.5852925719,0.1850241768,0.0738078796,25.0000000000,25.0000000000,1.8409938579,0.1706826728,-0.2224272142
0.4280000000,-0.1965721080,-0.2224407737,0.6552848669,0.1882984396,0.0675569003,25.0000000000,25.0000000000,1.8851627465,0.1574419380,-0.2224272142
0.4290000000,-0.1946155754,-0.2217462735,0.7166721792,0.1532105591,0.0572327563,25.0000000000,25.0000000000,1.7399449844,0.1628019554,-0.2224272142
0.4300000000,-0.1926283107,-0.2209972576,0.7670807749,0.1599456016,0.0464016653,25.0000000000,25.0000000000,1.7991044244,0.1698354544,-0.2208932335
0.4310000000,-0.1906106278,-0.2202040639,0.8077725078,0.1678998146,0.0374581891,25.0000000000,25.0000000000,1.8767785531,0.1615599491,-0.2208932335
0.4320000000,-0.1885628452,-0.2193759112,0.8391154912,0.1389802651,0.0275271923,25.0000000000,25.0000000000,1.7863664212,0.1732830851,-0.2193592527
0.4330000000,-0.1864852864,-0.2185221289,0.8616815465,0.1529743164,0.0199267903,25.0000000000,25.0000000000,1.9157935293,0.1698802749,-0.2178252719
0.4340000000,-0.1843782793,-0.2176501482,0.8772973812,0.1336155461,0.0130328605,25.0000000000,25.0000000000,1.8789902740,0.1688780685,-0.2178252719
0.4350000000,-0.1822421569,-0.2167668311,0.8860961496,0.1201383805,0.0063196560,25.0000000000,25.0000000000,1.8685396408,0.1876175715,-0.2162912911
0.4360000000,-0.1800772562,-0.2158777107,0.8907397411,0.1494419564,0.0041453129,25.0000000000,25.0000000000,2.0750829462,0.1908068331,-0.2162912911
0.4370000000,-0.1778839193,-0.2149843960,0.8948813945,0.1408992657,0.0042125053,25.0000000000,25.0000000000,2.1109108842,0.2132272636,-0.2147573103
0.4380000000,-0.1756624924,-0.2140856861,0.9016309863,0.1699433582,0.0086728917,25.0000000000,25.0000000000,2.3583254579,0.2191145781,-0.2147573103
0.4390000000,-0.1734133265,-0.2131767679,0.9140207813,0.1613041783,0.0145426874,25.0000000000,25.0000000000,2.4241066079,0.2429626334,-0.2132233295
0.4400000000,-0.1711367765,-0.2122509495,0.9340718541,0.1899850329,0.0235803455,25.0000000000,25.0000000000,2.6873859787,0.2489344756,-0.2116893487
0.4410000000,-0.1688332020,-0.2112992244,0.9634073884,0.1800802439,0.0325211439,25.0000000000,25.0000000000,2.7541686666,0.2540342196,-0.2116893487
0.4420000000,-0.1665029669,-0.2103131820,1.0004485421,0.1713639377,0.0394247932,25.0000000000,25.0000000000,2.8112116408,0.2753648978,-0.2101553679
0.4430000000,-0.1641464389,-0.2092855806,1.0449300079,0.2011125839,0.0475587892,25.0000000000,25.0000000000,3.0464947362,0.2777115270,-0.2086213872
0.4440000000,-0.1617639904,-0.2082087456,1.0967229310,0.1891429896,0.0539142240,25.0000000000,25.0000000000,3.0731408007,0.2786511354,-0.2086213872
0.4450000000,-0.1593559974,-0.2070772201,1.1527122535,0.1764752009,0.0567958924,25.0000000000,25.0000000000,3.0842038432,0.2957739092,-0.2070874064
0.4460000000,-0.1569228403,-0.2058880524,1.2114338717,0.2017178117,0.0598635987,25.0000000000,25.0000000000,3.2730045018,0.2942844094,-0.2055534256
0.4470000000,-0.1544649033,-0.2046387773,1.2720190600,0.1855409411,0.0605994444,25.0000000000,25.0000000000,3.2572798972,0.2921067386,-0.2040194448
0.4480000000,-0.1519825744,-0.2033295672,1.3311278280,0.1694861228,0.0578305590,25.0000000000,25.0000000000,3.2339104920,0.2895112100,-0.2040194448
0.4490000000,-0.1494762458,-0.2019639322,1.3855938461,0.1574249702,0.0521703766,25.0000000000,25.0000000000,3.2057031823,0.3045915937,-0.2024854640
0.4500000000,-0.1469463131,-0.2005471123,1.4350772980,0.1832264203,0.0480693005,25.0000000000,25.0000000000,3.3718053686,0.3028100288,-0.2009514832
0.4510000000,-0.1443931759,-0.1990833437,1.4803857022,0.1681894511,0.0434719983,25.0000000000,25.0000000000,3.3527818469,0.3020904857,-0.1994175024
0.4520000000,-0.1418172373,-0.1975775881,1.5202131880,0.1544984974,0.0375043755,25.0000000000,25.0000000000,3.3454794658,0.3025110418,-0.1978835216
0.4530000000,-0.1392189041,-0.1960359791,1.5536152243,0.1461266768,0.0308993267,25.0000000000,25.0000000000,3.3505662296,0.3042580466,-0.1963495408
0.4540000000,-0.1365985867,-0.1944650730,1.5804849627,0.1416416243,0.0244903028,25.0000000000,25.0000000000,3.3701822363,0.3075305591,-0.1948155601
0.4550000000,-0.1339566987,-0.1928710541,1.6014627634,0.1399123834,0.0189657340,25.0000000000,25.0000000000,3.4065935863,0.3124379812,-0.1932815793
0.4560000000,-0.1312936575,-0.1912590898,1.6177697624,0.1403724116,0.0148423829,25.0000000000,25.0000000000,3.4610429709,0.3189592436,-0.1917475985
0.4570000000,-0.1286098834,-0.1896328593,1.6310318341,0.1426715737,0.0124584075,25.0000000000,25.0000000000,3.5333140258,0.3269414700,-0.1902136177
0.4580000000,-0.1259058004,-0.1879942628,1.6430973892,0.1464730343,0.0119680003,25.0000000000,25.0000000000,3.6217266648,0.3361194819,-0.1886796369
0.4590000000,-0.1231818354,-0.1863433130,1.6558546454,0.1513881718,0.0133444606,25.0000000000,25.0000000000,3.7233568402,0.3461464311,-0.1856116753
0.4600000000,-0.1204384185,-0.1846782043,1.6710597475,0.1569785338,0.0163958587,25.0000000000,25.0000000000,3.8343764580,0.3390519296,-0.1840776945
0.4610000000,-0.1176759830,-0.1829964681,1.6882018735,0.1277370525,0.0172505767,25.0000000000,25.0000000000,3.7570895657,0.3495923741,-0.1825437138
0.4620000000,-0.1148949652,-0.1812971450,1.7061670131,0.1412203348,0.0184818845,25.0000000000,25.0000000000,3.8734143356,0.3600457490,-0.1810097330
0.4630000000,-0.1120958040,-0.1795785566,1.7264254527,0.1547814231,0.0214072757,25.0000000000,25.0000000000,3.9887687429,0.3704652487,-0.1794757522
0.4640000000,-0.1092789417,-0.1778374355,1.7504796543,0.1642769630,0.0256570788,25.0000000000,25.0000000000,4.1039504125,0.3807064549,-0.1779417714
0.4650000000,-0.1064448229,-0.1760693359,1.7792995090,0.1710280759,0.0306672637,25.0000000000,25.0000000000,4.2172902460,0.3905224401,-0.1764077906
0.4660000000,-0.1035938952,-0.1742691856,1.8133106567,0.1760216948,0.0359121506,25.0000000000,25.0000000000,4.3259980005,0.3996760345,-0.1748738098
0.4670000000,-0.1007266089,-0.1724317969,1.8524500083,0.1796249144,0.0409251789,25.0000000000,25.0000000000,4.4274227373,0.4079972987,-0.1718058482
0.4680000000,-0.0978434167,-0.1705523158,1.8962307424,0.1819397312,0.0453092131,25.0000000000,25.0000000000,4.5196730286,0.3978277727,-0.1702718675
0.4690000000,-0.0949447739,-0.1686275249,1.9418359700,0.1479778744,0.0452117261,25.0000000000,25.0000000000,4.4084893834,0.4043367158,-0.1687378867
0.4700000000,-0.0920311382,-0.1666579445,1.9859943257,0.1558452748,0.0434282579,25.0000000000,25.0000000000,4.4803452818,0.4102726763,-0.1672039059
0.4710000000,-0.0891029697,-0.1646453395,2.0283498030,0.1634610993,0.0416673102,25.0000000000,25.0000000000,4.5458536515,0.4161712250,-0.1641359443
0.4720000000,-0.0861607308,-0.1625914265,2.0690500459,0.1672278576,0.0400729125,25.0000000000,25.0000000000,4.6111392041,0.4047601680,-0.1626019635
0.4730000000,-0.0832048861,-0.1604986810,2.1062842851,0.1339040457,0.0351212063,25.0000000000,25.0000000000,4.4861426622,0.4113291396,-0.1610679827
0.4740000000,-0.0802359025,-0.1583721213,2.1380828436,0.1428653646,0.0298834693,25.0000000000,25.0000000000,4.5586101817,0.4185715312,-0.1580000212
0.4750000000,-0.0772542486,-0.1562165636,2.1656104168,0.1524897932,0.0262483244,25.0000000000,25.0000000000,4.6385195069,0.4092679976,-0.1564660404
0.4760000000,-0.0742603954,-0.1540361115,2.1886473783,0.1241277974,0.0208652800,25.0000000000,25.0000000000,4.5366683832,0.4186180162,-0.1533980788
0.4770000000,-0.0712548156,-0.1518358398,2.2067527701,0.1373578930,0.0166620752,25.0000000000,25.0000000000,4.6397920852,0.4115094090,-0.1518640980
0.4780000000,-0.0682379839,-0.1496201447,2.2204250667,0.1159255816,0.0117462816,25.0000000000,25.0000000000,4.5619581612,0.4231682723,-0.1503301172
0.4790000000,-0.0652103766,-0.1473933768,2.2302755200,0.1342729189,0.0090075414,25.0000000000,25.0000000000,4.6904541771,0.4359915533,-0.1472621556
0.4800000000,-0.0621724718,-0.1451573544,2.2396170908,0.1515611588,0.0098198004,25.0000000000,25.0000000000,4.8319281838,0.4323158790,-0.1457281748
0.4810000000,-0.0591247493,-0.1429113868,2.2498066909,0.1297452374,0.0102364045,25.0000000000,25.0000000000,4.7922189953,0.4468724891,-0.1426602133
0.4820000000,-0.0560676902,-0.1406545640,2.2613576519,0.1484468239,0.0125502681,25.0000000000,25.0000000000,4.9528622884,0.4441343800,-0.1411262325
0.4830000000,-0.0530017775,-0.1383847432,2.2750828814,0.1312171681,0.0142301691,25.0000000000,25.0000000000,4.9233307594,0.4590108348,-0.1380582709
0.4840000000,-0.0499274951,-0.1360998100,2.2912920737,0.1522922929,0.0175680026,25.0000000000,25.0000000000,5.0874056519,0.4561261936,-0.1365242901
0.4850000000,-0.0468453286,-0.1337966962,2.3104640821,0.1356712706,0.0198841794,25.0000000000,25.0000000000,5.0562171856,0.4704887310,-0.1334563285
0.4860000000,-0.0437557647,-0.1314727709,2.3324646675,0.1563696987,0.0233898981,25.0000000000,25.0000000000,5.2146064295,0.4668105478,-0.1319223478
0.4870000000,-0.0406592913,-0.1291249195,2.3572956786,0.1388491219,0.0253988275,25.0000000000,25.0000000000,5.1746546240,0.4801946561,-0.1288543862
0.4880000000,-0.0375563973,-0.1267509276,2.3843751657,0.1583866699,0.0281707263,25.0000000000,25.0000000000,5.3222413488,0.4754551732,-0.1273204054
0.4890000000,-0.0344475727,-0.1243485012,2.4133315174,0.1396187303,0.0291071165,25.0000000000,25.0000000000,5.2705714856,0.4877974114,-0.1242524438
0.4900000000,-0.0313333084,-0.1219165562,2.4433142554,0.1579583801,0.0305813915,25.0000000000,25.0000000000,5.4066533477,0.4821294223,-0.1211844822
0.4910000000,-0.0282140962,-0.1194541220,2.4738058783,0.1381514805,0.0301217047,25.0000000000,25.0000000000,5.3447290131,0.4761561210,-0.1196505015
0.4920000000,-0.0250904287,-0.1169624321,2.5019511841,0.1206467435,0.0266860640,25.0000000000,25.0000000000,5.2793006056,0.4875755063,-0.1165825399
0.4930000000,-0.0219627991,-0.1144445922,2.5271264944,0.1432922003,0.0244628987,25.0000000000,25.0000000000,5.4049235105,0.4816156207,-0.1150485591
0.4940000000,-0.0188317014,-0.1119030728,2.5497334232,0.1263048588,0.0213051121,25.0000000000,25.0000000000,5.3396181469,0.4936934983,-0.1119805975
0.4950000000,-0.0156976299,-0.1093406026,2.5699575967,0.1459477398,0.0197908220,25.0000000000,25.0000000000,5.4727004438,0.4887344262,-0.1089126359
0.4960000000,-0.0125610795,-0.1067588842,2.5884742652,0.1277647158,0.0175796176,25.0000000000,25.0000000000,5.4185638951,0.4843331909,-0.1073786552
0.4970000000,-0.0094225457,-0.1041605754,2.6037002522,0.1124660093,0.0136753905,25.0000000000,25.0000000000,5.3704751182,0.4979960316,-0.1043106936
0.4980000000,-0.0062825239,-0.1015489368,2.6162662374,0.1378364086,0.0122105187,25.0000000000,25.0000000000,5.5208641308,0.4947093343,-0.1012427320
0.4990000000,-0.0031415100,-0.0989254067,2.6277088602,0.1238800100,0.0108822467,25.0000000000,25.0000000000,5.4850796101,0.4920474297,-0.0981747704
0.5000000000,0.0000000000,-0.0962915994,2.6371529238,0.1115448979,0.0084874822,25.0000000000,25.0000000000,5.4561492247,0.4898294926,-0.0966407896
0.5010000000,0.0031415100,-0.0936500916,2.6437269632,0.1041063213,0.0053907925,25.0000000000,25.0000000000,5.4319020513,0.5056406826,-0.0935728281
0.5020000000,0.0062825239,-0.0910031095,2.6490214550,0.1348297660,0.0056144742,25.0000000000,25.0000000000,5.6058700887,0.5044252870,-0.0905048665
0.5030000000,0.0094225457,-0.0883502558,2.6552615886,0.1244358752,0.0065464189,25.0000000000,25.0000000000,5.5928988917,0.5036266017,-0.0889708857
0.5040000000,0.0125610795,-0.0856908144,2.6619539864,0.1145977577,0.0066850161,25.0000000000,25.0000000000,5.5845253908,0.5204975079,-0.0859029241
0.5050000000,0.0156976299,-0.0830238985,2.6703152271,0.1439295202,0.0096677487,25.0000000000,25.0000000000,5.7703258617,0.5197728305,-0.0828349625
0.5060000000,0.0188317014,-0.0803465107,2.6819965985,0.1327241767,0.0127354953,25.0000000000,25.0000000000,5.7628422098,0.5188339840,-0.0797670010
0.5070000000,0.0219627991,-0.0776559845,2.6958131305,0.1219784034,0.0142812388,25.0000000000,25.0000000000,5.7529583024,0.5173905535,-0.0782330202
0.5080000000,0.0250904287,-0.0749511561,2.7102242368,0.1149796432,0.0143386515,25.0000000000,25.0000000000,5.7372861613,0.5330084106,-0.0751650586
0.5090000000,0.0282140962,-0.0722313584,2.7258778545,0.1450540696,0.0166923071,25.0000000000,25.0000000000,5.9091406543,0.5306988868,-0.0720970970
0.5100000000,0.0313333084,-0.0694943592,2.7438854399,0.1330544943,0.0185990899,25.0000000000,25.0000000000,5.8841049187,0.5280468229,-0.0690291355
0.5110000000,0.0344475727,-0.0667387675,2.7625786908,0.1208529275,0.0185373117,25.0000000000,25.0000000000,5.8552770879,0.5249253908,-0.0674951547
0.5120000000,0.0375563973,-0.0639651044,2.7800594644,0.1122645734,0.0166870864,25.0000000000,25.0000000000,5.8210586091,0.5390376566,-0.0644271931
0.5130000000,0.0406592913,-0.0611746427,2.7967853348,0.1409057604,0.0170092608,25.0000000000,25.0000000000,5.9762727001,0.5355045388,-0.0613592315
0.5140000000,0.0437557647,-0.0583671677,2.8138578069,0.1277950074,0.0169412029,25.0000000000,25.0000000000,5.9377106304,0.5319875047,-0.0582912699
0.5150000000,0.0468453286,-0.0555432074,2.8297706693,0.1148961994,0.0151265057,25.0000000000,25.0000000000,5.8993164924,0.5283992003,-0.0552233084
0.5160000000,0.0499274951,-0.0527049449,2.8429351798,0.1060609362,0.0118806786,25.0000000000,25.0000000000,5.8599280764,0.5248657518,-0.0521553468
0.5170000000,0.0530017775,-0.0498558619,2.8522422870,0.0998473338,0.0077170701,25.0000000000,25.0000000000,5.8210174785,0.5216294898,-0.0506213660
0.5180000000,0.0560676902,-0.0470005299,2.8565032120,0.0978045022,0.0022584410,25.0000000000,25.0000000000,5.7851971118,0.5365140105,-0.0475534044
0.5190000000,0.0591247493,-0.0441430681,2.8580018336,0.1290805796,0.0014669442,25.0000000000,25.0000000000,5.9488514879,0.5346192492,-0.0444854428
0.5200000000,0.0621724718,-0.0412840813,2.8595943110,0.1178903913,0.0016319033,25.0000000000,25.0000000000,5.9283791470,0.5333869440,-0.0414174813
0.5210000000,0.0652103766,-0.0384235599,2.8610203548,0.1076307695,0.0012424321,25.0000000000,25.0000000000,5.9152135396,0.5324188516,-0.0383495197
0.5220000000,0.0682379839,-0.0355620072,2.8617642579,0.1018731890,0.0004165212,25.0000000000,25.0000000000,5.9047555932,0.5315429285,-0.0352815581
0.5230000000,0.0712548156,-0.0327003118,2.8615074524,0.0989700118,-0.0007109148,25.0000000000,25.0000000000,5.8951780057,0.5307295088,-0.0322135965
0.5240000000,0.0742603954,-0.0298397474,2.8598104683,0.0986105669,-0.0022420955,25.0000000000,25.0000000000,5.8861670195,0.5299975349,-0.0291456350
0.5250000000,0.0772542486,-0.0269800234,2.8596692095,0.0990850001,-0.0001482960,25.0000000000,25.0000000000,5.8780183870,0.5294041176,-0.0276116542
0.5260000000,0.0802359025,-0.0241204529,2.8595097198,0.0992151121,-0.0001632459,25.0000000000,25.0000000000,5.8714249495,0.5462099229,-0.0245436926
0.5270000000,0.0832048861,-0.0212610055,2.8594306677,0.1325706292,-0.0000155784,25.0000000000,25.0000000000,6.0563016132,0.5452776354,-0.0214757310
0.5280000000,0.0861607308,-0.0184015374,2.8595069105,0.1214874787,0.0001231786,25.0000000000,25.0000000000,6.0465073793,0.5441808540,-0.0184077695
0.5290000000,0.0891029697,-0.0155419285,2.8596777390,0.1095162971,0.0001922542,25.0000000000,25.0000000000,6.0349316647,0.5429060629,-0.0153398079
0.5300000000,0.0920311382,-0.0126813247,2.8620372380,0.1024828700,0.0046640300,25.0000000000,25.0000000000,6.0211331549,0.5414507985,-0.0122718463
0.5310000000,0.0949447739,-0.0098161669,2.8670809132,0.0998006201,0.0051772197,25.0000000000,25.0000000000,6.0051138328,0.5395712149,-0.0092038847
0.5320000000,0.0978434167,-0.0069460718,2.8718098191,0.0991725332,0.0044722041,25.0000000000,25.0000000000,5.9842818588,0.5370859717,-0.0076699039
0.5330000000,0.1007266089,-0.0040719918,2.8752304934,0.0984894984,0.0028103666,25.0000000000,25.0000000000,5.9567298108,0.5518235545,-0.0046019424
0.5340000000,0.1035938952,-0.0011945169,2.8791316147,0.1298958280,0.0048810628,25.0000000000,25.0000000000,6.1187466641,0.5488641272,-0.0015339808
0.5350000000,0.1064448229,0.0016883816,2.8853994421,0.1180419891,0.0069557713,25.0000000000,25.0000000000,6.0864897121,0.5456964593,0.0015339808
0.5360000000,0.1092789417,0.0045783498,2.8927417646,0.1061848629,0.0074052389,25.0000000000,25.0000000000,6.0519214551,0.5420571441,0.0046019424
0.5370000000,0.1120958040,0.0074754100,2.8994556480,0.0986428937,0.0060879469,25.0000000000,25.0000000000,6.0119021549,0.5379599900,0.0076699039
0.5380000000,0.1148949652,0.0103775451,2.9032896385,0.0967173603,0.0025201381,25.0000000000,25.0000000000,5.9665200211,0.5336044941,0.0107378655
0.5390000000,0.1176759830,0.0132809816,2.9029791614,0.0958140080,-0.0018845626,25.0000000000,25.0000000000,5.9182191842,0.5293458696,0.0138058271
0.5400000000,0.1204384185,0.0161816179,2.8995900909,0.0950707664,-0.0003464447,25.0000000000,25.0000000000,5.8709856137,0.5255041159,0.0168737887
0.5410000000,0.1231818354,0.0190809497,2.8991631641,0.0960886380,-0.0004641368,25.0000000000,25.0000000000,5.8282912551,0.5221145931,0.0184077695
0.5420000000,0.1259058004,0.0219797891,2.8986339406,0.0967106685,-0.0005595838,25.0000000000,25.0000000000,5.7906364503,0.5360784060,0.0214757310
0.5430000000,0.1286098834,0.0248781051,2.8981423546,0.1263137913,-0.0004390320,25.0000000000,25.0000000000,5.9441546173,0.5322494886,0.0245436926
0.5440000000,0.1312936575,0.0277760055,2.8977652039,0.1114498821,-0.0003489491,25.0000000000,25.0000000000,5.9023968294,0.5281925757,0.0276116542
0.5450000000,0.1339566987,0.0306735561,2.8974192716,0.0977241437,-0.0003569538,25.0000000000,25.0000000000,5.8580513826,0.5238897431,0.0306796158
0.5460000000,0.1365985867,0.0335707095,2.8969775733,0.0949198094,-0.0004873051,25.0000000000,25.0000000000,5.8104301582,0.5193391551,0.0337475773
0.5470000000,0.1392189041,0.0364673354,2.8963990599,0.0953474936,-0.0006218519,25.0000000000,25.0000000000,5.7598972468,0.5145520543,0.0368155389
0.5480000000,0.1418172373,0.0393633002,2.8956884868,0.0952970723,-0.0007534507,25.0000000000,25.0000000000,5.7067629489,0.5095363948,0.0398835005
0.5490000000,0.1443931759,0.0422584704,2.8948428941,0.0950137152,-0.0008904683,25.0000000000,25.0000000000,5.6511032964,0.5042932575,0.0429514621
0.5500000000,0.1469463131,0.0451527072,2.8938559830,0.0947460264,-0.0010337976,25.0000000000,25.0000000000,5.5929178565,0.4988211909,0.0444854428
0.5510000000,0.1494762458,0.0480458654,2.8927217698,0.0944914956,-0.0011829533,25.0000000000,25.0000000000,5.5321906443,0.5106960059,0.0475534044
0.5520000000,0.1519825744,0.0509378741,2.8915954256,0.1211932733,-0.0010815596,25.0000000000,25.0000000000,5.6626660017,0.5047586916,0.0506213660
0.5530000000,0.1544649033,0.0538288154,2.8905543446,0.1036486207,-0.0010262295,25.0000000000,25.0000000000,5.5976390453,0.4985659432,0.0536893276
0.5540000000,0.1569228403,0.0567186941,2.8894556775,0.0934061708,-0.0011503978,25.0000000000,25.0000000000,5.5294116611,0.4920959310,0.0567572892
0.5550000000,0.1593559974,0.0596073637,2.8881746251,0.0928596251,-0.0013448956,25.0000000000,25.0000000000,5.4576218528,0.4853518851,0.0598252507
0.5560000000,0.1617639904,0.0624946323,2.8867027615,0.0931788950,-0.0015324161,25.0000000000,25.0000000000,5.3827469795,0.4783475197,0.0628932123
0.5570000000,0.1641464389,0.0653803117,2.8850429013,0.0929381027,-0.0017215054,25.0000000000,25.0000000000,5.3050105633,0.4710884785,0.0659611739
0.5580000000,0.1665029669,0.0682642107,2.8831893815,0.0926096895,-0.0019174593,25.0000000000,25.0000000000,5.2244516265,0.4635751048,0.0690291355
0.5590000000,0.1688332020,0.0711380064,2.8591708285,0.0876876530,-0.0478357743,25.0000000000,25.0000000000,5.1412992806,0.4558060869,0.0705631162
0.5600000000,0.1711367765,0.0739622166,2.8013237478,0.0781299824,-0.0633976203,25.0000000000,25.0000000000,5.0555410651,0.4678745190,0.0736310778
0.5610000000,0.1734133265,0.0767225126,2.7354788777,0.0940526277,-0.0663221858,25.0000000000,25.0000000000,5.1887045299,0.4672160895,0.0766990394
0.5620000000,0.1756624924,0.0794161871,2.6684437978,0.0830877045,-0.0674610050,25.0000000000,25.0000000000,5.1819442083,0.4697428477,0.0797670010
0.5630000000,0.1778839193,0.0820428570,2.6018913052,0.0844338176,-0.0656152183,25.0000000000,25.0000000000,5.2099239186,0.4738396294,0.0813009818
0.5640000000,0.1800772562,0.0846055670,2.5400423040,0.0877768542,-0.0592869541,25.0000000000,25.0000000000,5.2552310436,0.4960832789,0.0843689433
0.5650000000,0.1822421569,0.0871132708,2.4903598828,0.1182280613,-0.0434426697,25.0000000000,25.0000000000,5.5006129923,0.5003312410,0.0874369049
0.5660000000,0.1843782793,0.0895818538,2.4576257425,0.1078602907,-0.0264634340,25.0000000000,25.0000000000,5.5482837601,0.5028113221,0.0889708857
0.5670000000,0.1864852864,0.0920278424,2.4408775073,0.1002072546,-0.0112149047,25.0000000000,25.0000000000,5.5761953129,0.5198766125,0.0920388473
0.5680000000,0.1885628452,0.0944667046,2.4396667791,0.1308815789,0.0047946283,25.0000000000,25.0000000000,5.7640863200,0.5158667182,0.0951068088
0.5690000000,0.1906106278,0.0969136825,2.4529255076,0.1183718947,0.0178159207,25.0000000000,25.0000000000,5.7202019774,0.5081571948,0.0966407896
0.5700000000,0.1926283107,0.0993760646,2.4641569474,0.1000425230,0.0012279053,25.0000000000,25.0000000000,5.6355427365,0.5143454192,0.0997087512
0.5710000000,0.1946155754,0.1018409979,2.4654043048,0.1108032019,0.0012633367,25.0000000000,25.0000000000,5.7036939934,0.5011733293,0.1012427320
0.5720000000,0.1965721080,0.1043071429,2.4665601814,0.0899659969,0.0010688005,25.0000000000,25.0000000000,5.5585256551,0.5056562520,0.1043106936
0.5730000000,0.1984975997,0.1067743582,2.4676088822,0.1044720941,0.0010514790,25.0000000000,25.0000000000,5.6075607921,0.4924320967,0.1073786552
0.5740000000,0.2003917462,0.1092425517,2.4685103128,0.0891144531,0.0008028626,25.0000000000,25.0000000000,5.4615405506,0.4789761243,0.1089126359
0.5750000000,0.2022542486,0.1117114278,2.4690472805,0.0863608205,0.0004032108,25.0000000000,25.0000000000,5.3123169383,0.4828179080,0.1119805975
0.5760000000,0.2040848127,0.1141807102,2.4694247929,0.1047953527,0.0003830119,25.0000000000,25.0000000000,5.3540390113,0.4688001252,0.1135145783
0.5770000000,0.2058831494,0.1166503007,2.4696549819,0.0884544878,0.0001288825,25.0000000000,25.0000000000,5.1992586650,0.4720533407,0.1165825399
0.5780000000,0.2076489748,0.1191200171,2.4697530900,0.1026015951,0.0000998363,25.0000000000,25.0000000000,5.2346620022,0.4574054446,0.1196505015
0.5790000000,0.2093820100,0.1215897447,2.4696730594,0.0872264323,-0.0001927484,25.0000000000,25.0000000000,5.0728391132,0.4424232871,0.1211844822
0.5800000000,0.2110819814,0.1240591473,2.4691874732,0.0846457050,-0.0006317674,25.0000000000,25.0000000000,4.9066662021,0.4446830657,0.1242524438
0.5810000000,0.2127486204,0.1265279115,2.4685095485,0.1022010033,-0.0006762098,25.0000000000,25.0000000000,4.9308719792,0.4290520881,0.1257864246
0.5820000000,0.2143816640,0.1289959054,2.4676431398,0.0862443486,-0.0009848253,25.0000000000,25.0000000000,4.7581659608,0.4306724423,0.1288543862
0.5830000000,0.2159808543,0.1314628997,2.4666018700,0.1002627701,-0.0010455526,25.0000000000,25.0000000000,4.7754509711,0.4143788777,0.1319223478
0.5840000000,0.2175459387,0.1339287425,2.4653422538,0.0850956516,-0.0013881640,25.0000000000,25.0000000000,4.5953507604,0.3977420110,0.1334563285
0.5850000000,0.2190766700,0.1363908571,2.4548519380,0.0811748855,-0.0369909130,25.0000000000,25.0000000000,4.4108775776,0.3983397796,0.1365242901
0.5860000000,0.2205728066,0.1388183522,2.4096884421,0.0897873676,-0.0491480608,25.0000000000,25.0000000000,4.4170821849,0.3820471942,0.1380582709
0.5870000000,0.2220341122,0.1411922510,2.3503870225,0.0702651711,-0.0652304124,25.0000000000,25.0000000000,4.2372105975,0.3874502749,0.1411262325
0.5880000000,0.2234603560,0.1434994670,2.2807462288,0.0861890084,-0.0711244714,25.0000000000,25.0000000000,4.2963886013,0.3787531673,0.1441941941
0.5890000000,0.2248513129,0.1457339219,2.2059693332,0.0735984345,-0.0767878850,25.0000000000,25.0000000000,4.2004802351,0.3727776217,0.1457281748
0.5900000000,0.2262067631,0.1478903421,2.1262480599,0.0730483043,-0.0808467390,25.0000000000,25.0000000000,4.1341791857,0.3861260662,0.1472621556
0.5910000000,0.2275264927,0.1499684870,2.0505838655,0.0928594141,-0.0716832991,25.0000000000,25.0000000000,4.2813563639,0.4007093306,0.1503301172
0.5920000000,0.2288102932,0.1519793188,1.9891158801,0.1017665527,-0.0550259093,25.0000000000,25.0000000000,4.4427852425,0.3976610824,0.1518640980
0.5930000000,0.2300579618,0.1539382865,1.9423463569,0.0855697063,-0.0424756985,25.0000000000,25.0000000000,4.4097595290,0.4103304470,0.1533980788
0.5940000000,0.2312693017,0.1558593478,1.9104715992,0.1041073153,-0.0253465134,25.0000000000,25.0000000000,4.5494625964,0.4201770545,0.1564660404
0.5950000000,0.2324441215,0.1577596002,1.8963381657,0.1165769819,-0.0075407681,25.0000000000,25.0000000000,4.6581364559,0.4091180663,0.1580000212
0.5960000000,0.2335822356,0.1596553226,1.8966352564,0.0926673413,0.0039636495,25.0000000000,25.0000000000,4.5365771689,0.4117301210,0.1595340019
0.5970000000,0.2346834644,0.1615575452,1.9068033581,0.1040580997,0.0137829115,25.0000000000,25.0000000000,4.5650014382,0.4105236478,0.1610679827
0.5980000000,0.2357476340,0.1634741980,1.9204243981,0.1072666278,0.0010609229,25.0000000000,25.0000000000,4.5514491587,0.4060644088,0.1641359443
0.5990000000,0.2367745762,0.1653952811,1.9214732215,0.0978313123,0.0010309998,25.0000000000,25.0000000000,4.5024233722,0.3817916543,0.1656699251
0.6000000000,0.2377641291,0.1673172132,1.9221310803,0.0764623327,0.0004411771,25.0000000000,25.0000000000,4.2340642458,0.3752057399,0.1672039059
0.6010000000,0.2387161362,0.1692394945,1.9223377229,0.0924415673,0.0001192618,25.0000000000,25.0000000000,4.1601616343,0.3685038294,0.1687378867
0.6020000000,0.2396304473,0.1711618450,1.9223382663,0.0946728503,-0.0000533577,25.0000000000,25.0000000000,4.0856588638,0.3615796100,0.1718058482
0.6030000000,0.2405069179,0.1730840867,1.9221614146,0.0935204843,-0.0002386144,25.0000000000,25.0000000000,4.0088576472,0.3367728847,0.1733398290
0.6040000000,0.2413454097,0.1750059044,1.9215343708,0.0761746803,-0.0008440223,25.0000000000,25.0000000000,3.7343702861,0.3291947849,0.1748738098
0.6050000000,0.2421457903,0.1769267827,1.9204497286,0.0914240802,-0.0011757293,25.0000000000,25.0000000000,3.6494909087,0.3212751280,0.1764077906
0.6060000000,0.2429079332,0.1788297616,1.8911136139,0.0872676528,-0.0333499832,25.0000000000,25.0000000000,3.5617905381,0.3130180095,0.1794757522
0.6070000000,0.2436317182,0.1806962814,1.8503648025,0.0817615317,-0.0447773350,25.0000000000,25.0000000000,3.4704118284,0.2900316058,0.1810097330
0.6080000000,0.2443170309,0.1825128149,1.7939215124,0.0638012841,-0.0631032317,25.0000000000,25.0000000000,3.2161607598,0.2871350811,0.1825437138
0.6090000000,0.2449637631,0.1842635729,1.7237818706,0.0784069077,-0.0730626366,25.0000000000,25.0000000000,3.1832790549,0.2870718035,0.1840776945
0.6100000000,0.2455718127,0.1859406938,1.6489310396,0.0816534750,-0.0752924525,25.0000000000,25.0000000000,3.1824143453,0.2897729658,0.1856116753
0.6110000000,0.2461410836,0.1875433110,1.5752688163,0.0836432496,-0.0722651903,25.0000000000,25.0000000000,3.2122977575,0.2941739902,0.1871456561
0.6120000000,0.2466714861,0.1890756301,1.5075406025,0.0865397174,-0.0647204912,25.0000000000,25.0000000000,3.2610043057,0.2990660061,0.1886796369
0.6130000000,0.2471629362,0.1905460777,1.4495927258,0.0894579552,-0.0537516031,25.0000000000,25.0000000000,3.3151597694,0.3033003148,0.1902136177
0.6140000000,0.2476153564,0.1919660977,1.4038972966,0.0919201369,-0.0408648157,25.0000000000,25.0000000000,3.3620374874,0.3058613659,0.1917475985
0.6150000000,0.2480286753,0.1933486172,1.3713332673,0.0936736973,-0.0276853481,25.0000000000,25.0000000000,3.3903774764,0.3059576916,0.1932815793
0.6160000000,0.2484028276,0.1947064457,1.3511953532,0.0945349341,-0.0157647517,25.0000000000,25.0000000000,3.3914036303,0.3030924636,0.1948155601
0.6170000000,0.2487377542,0.1960507872,1.3413680183,0.0944161146,-0.0064250204,25.0000000000,25.0000000000,3.3596055402,0.2970977487,0.1963495408
0.6180000000,0.2490334023,0.1973900155,1.3386375782,0.0933395796,-0.0006315102,25.0000000000,25.0000000000,3.2931180320,0.2881317000,0.1978835216
0.6190000000,0.2492897251,0.1987288272,1.3391033384,0.0914288353,0.0010892961,25.0000000000,25.0000000000,3.1936904278,0.2766413873,0.1994175024
0.6200000000,0.2495066821,0.2000678399,1.3386376796,0.0888889794,-0.0013202477,25.0000000000,25.0000000000,3.0662749500,0.2632971005,0.1994175024
0.6210000000,0.2496842392,0.2014036532,1.3333426535,0.0859799505,-0.0074711358,25.0000000000,25.0000000000,2.9182988177,0.2664849033,0.2009514832
0.6220000000,0.2498223682,0.2027321328,1.3256839528,0.1009994037,-0.0072258963,25.0000000000,25.0000000000,2.9529324570,0.2518990266,0.2024854640
0.6230000000,0.2499210473,0.2040515415,1.3147945603,0.0845163855,-0.0133786052,25.0000000000,25.0000000000,2.7918533765,0.2372601632,0.2040194448
0.6240000000,0.2499802611,0.2053544617,1.2944619958,0.0801300282,-0.0241218512,25.0000000000,25.0000000000,2.6295813098,0.2227388604,0.2055534256
0.6250000000,0.2500000000,0.2066298811,1.2625419674,0.0780911131,-0.0360320279,25.0000000000,25.0000000000,2.4684967944,0.2091322361,0.2070874064
0.6260000000,0.2499802611,0.2078659241,1.2187087690,0.0760354500,-0.0478871217,25.0000000000,25.0000000000,2.3175660487,0.1970845494,0.2086213872
0.6270000000,0.2499210473,0.2090510422,1.1636761984,0.0745858775,-0.0586447923,25.0000000000,25.0000000000,2.1839092041,0.1869552705,0.2086213872
0.6280000000,0.2498223682,0.2101750402,1.0991692398,0.0739273784,-0.0673332821,25.0000000000,25.0000000000,2.0715071335,0.1964205181,0.2101553679
0.6290000000,0.2496842392,0.2112327648,1.0334483054,0.0919366346,-0.0638287346,25.0000000000,25.0000000000,2.1756709189,0.1901754596,0.2116893487
0.6300000000,0.2495066821,0.2122270395,0.9709891341,0.0789460959,-0.0617731025,25.0000000000,25.0000000000,2.1070002971,0.1847774803,0.2116893487
0.6310000000,0.2492897251,0.2131596818,0.9098346864,0.0781541871,-0.0604169260,25.0000000000,25.0000000000,2.0471223223,0.1967816141,0.2132233295
0.6320000000,0.2490334023,0.2140352251,0.8566177418,0.0965983923,-0.0482780893,25.0000000000,25.0000000000,2.1794459966,0.1907445218,0.2147573103
0.6330000000,0.2487377542,0.2148643472,0.8135433310,0.0838155939,-0.0403508687,25.0000000000,25.0000000000,2.1130734123,0.1833409554,0.2147573103
0.6340000000,0.2484028276,0.2156539731,0.7758111881,0.0821864522,-0.0360275084,25.0000000000,25.0000000000,2.0309752825,0.1914449430,0.2162912911
0.6350000000,0.2480286753,0.2164107502,0.7469405030,0.0992800727,-0.0241124596,25.0000000000,25.0000000000,2.1200748632,0.1800985590,0.2162912911
0.6360000000,0.2476153564,0.2171443750,0.7261422243,0.0845586972,-0.0192872520,25.0000000000,25.0000000000,1.9948660702,0.1841542850,0.2178252719
0.6370000000,0.2471629362,0.2178608535,0.7118141488,0.0983491520,-0.0108659098,25.0000000000,25.0000000000,2.0391951054,0.1683947791,0.2178252719
0.6380000000,0.2466714861,0.2185660209,0.7010543947,0.0828050112,-0.0110895400,25.0000000000,25.0000000000,1.8650417976,0.1681297540,0.2178252719
0.6390000000,0.2461410836,0.2192606674,0.6911909347,0.0960687792,-0.0085704483,25.0000000000,25.0000000000,1.8614368307,0.1661907918,0.2193592527
0.6400000000,0.2455718127,0.2199476305,0.6848921812,0.0966936640,-0.0048733378,25.0000000000,25.0000000000,1.8398831060,0.1455112928,0.2193592527
0.6410000000,0.2449637631,0.2206272714,0.6754418063,0.0779041874,-0.0124777885,25.0000000000,25.0000000000,1.6112801407,0.1411980072,0.2208932335
0.6420000000,0.2443170309,0.2212930930,0.6595613762,0.0908039524,-0.0171430614,25.0000000000,25.0000000000,1.5627576824,0.1188401199,0.2208932335
0.6430000000,0.2436317182,0.2219382468,0.6349521334,0.0735724248,-0.0290978105,25.0000000000,25.0000000000,1.3154467095,0.1143428643,0.2224272142
0.6440000000,0.2429079332,0.2225522737,0.6006692206,0.0860802090,-0.0364481447,25.0000000000,25.0000000000,1.2649017835,0.0931885206,0.2224272142
0.6450000000,0.2421457903,0.2231261388,0.5561478584,0.0695848964,-0.0492145660,25.0000000000,25.0000000000,1.0309133338,0.0909615314,0.2224272142
0.6460000000,0.2413454097,0.2236490998,0.5024134826,0.0832247769,-0.0553907369,25.0000000000,25.0000000000,1.0055117595,0.0903632766,0.2239611950
0.6470000000,0.2405069179,0.2241165468,0.4464743693,0.0858922780,-0.0558154887,25.0000000000,25.0000000000,0.9987377566,0.0738386018,0.2239611950
0.6480000000,0.2396304473,0.2245261166,0.3865674669,0.0691337329,-0.0623286251,25.0000000000,25.0000000000,0.8161517932,0.0757529116,0.2239611950
0.6490000000,0.2387161362,0.2248735114,0.3241234744,0.0846292238,-0.0615499823,25.0000000000,25.0000000000,0.8366258572,0.0783354823,0.2254951758
0.6500000000,0.2377641291,0.2251611284,0.2665919677,0.0878094310,-0.0548796827,25.0000000000,25.0000000000,0.8651333816,0.0637487709,0.2254951758
0.6510000000,0.2367745762,0.2253933418,0.2114552838,0.0719115196,-0.0554259191,25.0000000000,25.0000000000,0.7040157806,0.0661665213,0.2254951758
0.6520000000,0.2357476340,0.2255715215,0.1590729337,0.0865518859,-0.0496075783,25.0000000000,25.0000000000,0.7301207923,0.0678087540,0.2254951758
0.6530000000,0.2346834644,0.2257027220,0.1156995182,0.0873436915,-0.0397556659,25.0000000000,25.0000000000,0.7483099846,0.0685342739,0.2254951758
0.6540000000,0.2335822356,0.2257966468,0.0820906815,0.0880834154,-0.0299206592,25.0000000000,25.0000000000,0.7563262693,0.0675567221,0.2254951758
0.6550000000,0.2324441215,0.2258628662,0.0578468151,0.0884544045,-0.0207645118,25.0000000000,25.0000000000,0.7454568947,0.0643973251,0.2254951758
0.6560000000,0.2312693017,0.2259099675,0.0415931475,0.0880478339,-0.0133606079,25.0000000000,25.0000000000,0.7104079169,0.0588635179,0.2254951758
0.6570000000,0.2300579618,0.2259446177,0.0311305453,0.0865484260,-0.0084003697,25.0000000000,25.0000000000,0.6490576277,0.0510176183,0.2254951758
0.6580000000,0.2288102932,0.2259710120,0.0238809425,0.0832472829,-0.0061083076,25.0000000000,25.0000000000,0.5621331991,0.0411438834,0.2254951758
0.6590000000,0.2275264927,0.2259908694,0.0174994524,0.0765583669,-0.0060715219,25.0000000000,25.0000000000,0.4528691878,0.0296809955,0.2254951758
0.6600000000,0.2262067631,0.2260041376,0.0106345541,0.0635021638,-0.0070799502,25.0000000000,25.0000000000,0.3262839416,0.0171181615,0.2254951758
0.6610000000,0.2248513129,0.2260100138,0.0029520236,0.0421153455,-0.0078094690,25.0000000000,25.0000000000,0.1879058255,0.0038560521,0.2254951758
0.6620000000,0.2234603560,0.2260080527,-0.0048696207,0.0119053429,-0.0076567764,25.0000000000,25.0000000000,0.0422069117,-0.0098654715,0.2254951758
0.6630000000,0.2220341122,0.2259984529,-0.0123873421,-0.0229951492,-0.0073339485,25.0000000000,25.0000000000,-0.1083569758,-0.0240029726,0.2254951758
0.6640000000,0.2205728066,0.2259814892,-0.0196867531,-0.0595853719,-0.0072033524,25.0000000000,25.0000000000,-0.2634537270,-0.0385842104,0.2254951758
0.6650000000,0.2190766700,0.2259571474,-0.0271933369,-0.0961941837,-0.0076628383,25.0000000000,25.0000000000,-0.4234750268,-0.0536119319,0.2254951758
0.6660000000,0.2175459387,0.2259245898,-0.0360520440,-0.1298375478,-0.0096974071,25.0000000000,25.0000000000,-0.5886005667,-0.0690373997,0.2254951758
0.6670000000,0.2159808543,0.2258810547,-0.0486740201,-0.1561058154,-0.0145875039,25.0000000000,25.0000000000,-0.7585098460,-0.0847036584,0.2254951758
0.6680000000,0.2143816640,0.2258209453,-0.0679466961,-0.1745594313,-0.0221893709,25.0000000000,25.0000000000,-0.9314826367,-0.1002545171,0.2254951758
0.6690000000,0.2127486204,0.2257362149,-0.0959765771,-0.1879372279,-0.0315163707,25.0000000000,25.0000000000,-1.1034282779,-0.1151795579,0.2254951758
0.6700000000,0.2110819814,0.2256173468,-0.1338557591,-0.1980980483,-0.0415712786,25.0000000000,25.0000000000,-1.2685881901,-0.1289807066,0.2254951758
0.6710000000,0.2093820100,0.2254543286,-0.1817330022,-0.2057067839,-0.0514440989,25.0000000000,25.0000000000,-1.4214005035,-0.1412822727,0.2254951758
0.6720000000,0.2076489748,0.2252375343,-0.2389156642,-0.2109124909,-0.0603369112,25.0000000000,25.0000000000,-1.5576876028,-0.1518778263,0.2254951758
0.6730000000,0.2058831494,0.2249584832,-0.3040056993,-0.2137767020,-0.0676029960,25.0000000000,25.0000000000,-1.6751550370,-0.1607419549,0.2254951758
0.6740000000,0.2040848127,0.2246104390,-0.3750754893,-0.2144489321,-0.0727852641,25.0000000000,25.0000000000,-1.7735132532,-0.1680205588,0.2239611950
0.6750000000,0.2022542486,0.2241888117,-0.4498743730,-0.2132144635,-0.0756414246,25.0000000000,25.0000000000,-1.8543674792,-0.1564277244,0.2239611950
0.6760000000,0.2003917462,0.2236922720,-0.5240621728,-0.1754383501,-0.0726078745,25.0000000000,25.0000000000,-1.7275758229,-0.1615220577,0.2239611950
0.6770000000,0.1984975997,0.2231245362,-0.5932010217,-0.1796270330,-0.0668732675,25.0000000000,25.0000000000,-1.7839134892,-0.1664222743,0.2224272142
0.6780000000,0.1965721080,0.2224914638,-0.6562045988,-0.1840797051,-0.0606032579,25.0000000000,25.0000000000,-1.8380832590,-0.1544054972,0.2224272142
0.6790000000,0.1946155754,0.2218002305,-0.7109761196,-0.1504689382,-0.0508762246,25.0000000000,25.0000000000,-1.7063775717,-0.1611783414,0.2224272142
0.6800000000,0.1926283107,0.2210605534,-0.7557026559,-0.1588288552,-0.0411655599,25.0000000000,25.0000000000,-1.7811381469,-0.1696763678,0.2208932335
0.6810000000,0.1906106278,0.2202815500,-0.7920878619,-0.1684018704,-0.0337327431,25.0000000000,25.0000000000,-1.8749875888,-0.1627842421,0.2208932335
0.6820000000,0.1885628452,0.2194708689,-0.8207913021,-0.1409519705,-0.0255436891,25.0000000000,25.0000000000,-1.7998574892,-0.1756925597,0.2193592527
0.6830000000,0.1864852864,0.2186360810,-0.8425098915,-0.1561460561,-0.0197474356,25.0000000000,25.0000000000,-1.9423801101,-0.1731848096,0.2193592527
0.6840000000,0.1843782793,0.2177828387,-0.8590288199,-0.1376289905,-0.0145562672,25.0000000000,25.0000000000,-1.9154699367,-0.1903053706,0.2178252719
0.6850000000,0.1822421569,0.2169154350,-0.8722742581,-0.1596311880,-0.0128430904,25.0000000000,25.0000000000,-2.1044080546,-0.1916355830,0.2162912911
0.6860000000,0.1800772562,0.2160352909,-0.8847986549,-0.1459914543,-0.0123093332,25.0000000000,25.0000000000,-2.1198553990,-0.1943997110,0.2162912911
0.6870000000,0.1778839193,0.2151429504,-0.8967982638,-0.1363633693,-0.0117849757,25.0000000000,25.0000000000,-2.1510186232,-0.2157045008,0.2147573103
0.6880000000,0.1756624924,0.2142379424,-0.9104056522,-0.1678167245,-0.0150696345,25.0000000000,25.0000000000,-2.3859291231,-0.2201335397,0.2147573103
0.6890000000,0.1734133265,0.2133167156,-0.9282563873,-0.1598047425,-0.0194215919,25.0000000000,25.0000000000,-2.4354920532,-0.2424666115,0.2132233295
0.6900000000,0.1711367765,0.2123741615,-0.9520835465,-0.1878807360,-0.0266856987,25.0000000000,25.0000000000,-2.6819853509,-0.2470551844,0.2116893487
0.6910000000,0.1688332020,0.2114030808,-0.9833311141,-0.1769820360,-0.0337238591,25.0000000000,25.0000000000,-2.7334634445,-0.2510305861,0.2116893487
0.6920000000,0.1665029669,0.2103969592,-1.0203887599,-0.1673582937,-0.0387527072,25.0000000000,25.0000000000,-2.7780715909,-0.2715799902,0.2101553679
0.6930000000,0.1641464389,0.2093503829,-1.0631185148,-0.1965090146,-0.0451967756,25.0000000000,25.0000000000,-3.0047124408,-0.2735340926,0.2086213872
0.6940000000,0.1617639904,0.2082572860,-1.1116633265,-0.1843411137,-0.0501823275,25.0000000000,25.0000000000,-3.0270113724,-0.2744781689,0.2086213872
0.6950000000,0.1593559974,0.2071134746,-1.1632934339,-0.1718893757,-0.0521137584,25.0000000000,25.0000000000,-3.0381132056,-0.2919753827,0.2070874064
0.6960000000,0.1569228403,0.2059168257,-1.2170028412,-0.1977268633,-0.0547073555,25.0000000000,25.0000000000,-3.2310404051,-0.2911726322,0.2055534256
0.6970000000,0.1544649033,0.2046652240,-1.2724087352,-0.1824518622,-0.0554560774,25.0000000000,25.0000000000,-3.2228936241,-0.2899126931,0.2040194448
0.6980000000,0.1519825744,0.2033587128,-1.3266401484,-0.1675092128,-0.0531541967,25.0000000000,25.0000000000,-3.2096554324,-0.2883695337,0.2040194448
0.6990000000,0.1494762458,0.2020002371,-1.3769425409,-0.1566602606,-0.0483442935,25.0000000000,25.0000000000,-3.1930688114,-0.3045350057,0.2024854640
0.7000000000,0.1469463131,0.2005941139,-1.4232979757,-0.1836612740,-0.0453766429,25.0000000000,25.0000000000,-3.3711555000,-0.3037731014,0.2009514832
0.7010000000,0.1443931759,0.1991434038,-1.4667233287,-0.1697065786,-0.0420772603,25.0000000000,25.0000000000,-3.3633960962,-0.3039218328,0.1994175024
0.7020000000,0.1418172373,0.1976517598,-1.5059983698,-0.1568928796,-0.0374465690,25.0000000000,25.0000000000,-3.3656877006,-0.3049923080,0.1978835216
0.7030000000,0.1392189041,0.1961239994,-1.5401409625,-0.1491292492,-0.0320966891,25.0000000000,25.0000000000,-3.3779581567,-0.3071275779,0.1963495408
0.7040000000,0.1365985867,0.1945654713,-1.5688947437,-0.1449471466,-0.0267553788,25.0000000000,25.0000000000,-3.4018687578,-0.3105093614,0.1948155601
0.7050000000,0.1339566987,0.1929813605,-1.5926591473,-0.1432087335,-0.0220288234,25.0000000000,25.0000000000,-3.4394934746,-0.3152555236,0.1932815793
0.7060000000,0.1312936575,0.1913761188,-1.6123502188,-0.1433686055,-0.0183807377,25.0000000000,25.0000000000,-3.4921678822,-0.3213768350,0.1917475985
0.7070000000,0.1286098834,0.1897530379,-1.6292557302,-0.1451221074,-0.0161282221,25.0000000000,25.0000000000,-3.5600267627,-0.3287712996,0.1902136177
0.7080000000,0.1259058004,0.1881139716,-1.6448850233,-0.1481966298,-0.0154361856,25.0000000000,25.0000000000,-3.6419515936,-0.3372379232,0.1886796369
0.7090000000,0.1231818354,0.1864592094,-1.6608163303,-0.1522796283,-0.0163174050,25.0000000000,25.0000000000,-3.7357269660,-0.3465008039,0.1871456561
0.7100000000,0.1204384185,0.1847875000,-1.6785504177,-0.1570130841,-0.0186428286,25.0000000000,25.0000000000,-3.8383082694,-0.3562386738,0.1840776945
0.7110000000,0.1176759830,0.1830962113,-1.6993813773,-0.1620145266,-0.0221626858,25.0000000000,25.0000000000,-3.9461485531,-0.3485383161,0.1825437138
0.7120000000,0.1148949652,0.1813825322,-1.7223076901,-0.1318595831,-0.0229939284,25.0000000000,25.0000000000,-3.8621823299,-0.3582376433,0.1810097330
0.7130000000,0.1120958040,0.1796456440,-1.7457413479,-0.1442081714,-0.0237427028,25.0000000000,25.0000000000,-3.9692274317,-0.3677116105,0.1794757522
0.7140000000,0.1092789417,0.1778844500,-1.7707362084,-0.1565280333,-0.0257978667,25.0000000000,25.0000000000,-4.0737724748,-0.3771161973,0.1779417714
0.7150000000,0.1064448229,0.1760966267,-1.7984689765,-0.1647916363,-0.0288907736,25.0000000000,25.0000000000,-4.1777502080,-0.3864060812,0.1764077906
0.7160000000,0.1035938952,0.1742789282,-1.8296973809,-0.1704270734,-0.0325772095,25.0000000000,25.0000000000,-4.2805861474,-0.3954211959,0.1748738098
0.7170000000,0.1007266089,0.1724276167,-1.8647598770,-0.1745107133,-0.0364582803,25.0000000000,25.0000000000,-4.3804497385,-0.4039920991,0.1718058482
0.7180000000,0.0978434167,0.1705388479,-1.9036307548,-0.1774748995,-0.0401895126,25.0000000000,25.0000000000,-4.4754385547,-0.3944145659,0.1702718675
0.7190000000,0.0949447739,0.1686099300,-1.9439870832,-0.1444113595,-0.0399380166,25.0000000000,25.0000000000,-4.3707811132,-0.4017821334,0.1687378867
0.7200000000,0.0920311382,0.1666414152,-1.9830457039,-0.1533877459,-0.0384782715,25.0000000000,25.0000000000,-4.4521122940,-0.4087488857,0.1672039059
0.7210000000,0.0891029697,0.1646346378,-2.0208927195,-0.1622346305,-0.0374583551,25.0000000000,25.0000000000,-4.5290008993,-0.4157472168,0.1641359443
0.7220000000,0.0861607308,0.1625904902,-2.0580364495,-0.1672482224,-0.0369293614,25.0000000000,25.0000000000,-4.6064316956,-0.4054026827,0.1626019635
0.7230000000,0.0832048861,0.1605103288,-2.0929190005,-0.1350811209,-0.0332520013,25.0000000000,25.0000000000,-4.4932157222,-0.4129124622,0.1610679827
0.7240000000,0.0802359025,0.1583978760,-2.1237004988,-0.1450156035,-0.0293712044,25.0000000000,25.0000000000,-4.5760775502,-0.4208947413,0.1580000212
0.7250000000,0.0772542486,0.1562566017,-2.1515489270,-0.1553572689,-0.0270501810,25.0000000000,25.0000000000,-4.6641637650,-0.4120776979,0.1564660404
0.7260000000,0.0742603954,0.1540893348,-2.1761293814,-0.1274108199,-0.0228249811,25.0000000000,25.0000000000,-4.5676919060,-0.4216341944,0.1533980788
0.7270000000,0.0712548156,0.1519000556,-2.1967849740,-0.1407382402,-0.0195310885,25.0000000000,25.0000000000,-4.6731026459,-0.4144519549,0.1518640980
0.7280000000,0.0682379839,0.1496923306,-2.2137232409,-0.1190974656,-0.0152118008,25.0000000000,25.0000000000,-4.5944618263,-0.4257817706,0.1503301172
0.7290000000,0.0652103766,0.1474700020,-2.2272200959,-0.1369690721,-0.0127243297,25.0000000000,25.0000000000,-4.7193291998,-0.4380662751,0.1472621556
0.7300000000,0.0621724718,0.1452347249,-2.2402413066,-0.1535738798,-0.0134428325,25.0000000000,25.0000000000,-4.8548569596,-0.4337033657,0.1457281748
0.7310000000,0.0591247493,0.1429859828,-2.2538162123,-0.1309408364,-0.0134513666,25.0000000000,25.0000000000,-4.8075603178,-0.4474947026,0.1426602133
0.7320000000,0.0560676902,0.1407233399,-2.2681778888,-0.1487726062,-0.0150993598,25.0000000000,25.0000000000,-4.9597525690,-0.4439860294,0.1411262325
0.7330000000,0.0530017775,0.1384453659,-2.2839280145,-0.1307008125,-0.0159312303,25.0000000000,25.0000000000,-4.9217098859,-0.4581551180,0.1380582709
0.7340000000,0.0499274951,0.1361508191,-2.3012482766,-0.1510341704,-0.0183257079,25.0000000000,25.0000000000,-5.0779701009,-0.4546847576,0.1365242901
0.7350000000,0.0468453286,0.1338375765,-2.3205786556,-0.1338308376,-0.0196928252,25.0000000000,25.0000000000,-5.0403092675,-0.4686271162,0.1334563285
0.7360000000,0.0437557647,0.1315039363,-2.3418328192,-0.1541475520,-0.0223280832,25.0000000000,25.0000000000,-5.1940536122,-0.4647206956,0.1319223478
0.7370000000,0.0406592913,0.1291476163,-2.3651374266,-0.1364665829,-0.0236170235,25.0000000000,25.0000000000,-5.1515763920,-0.4780762189,0.1288543862
0.7380000000,0.0375563973,0.1267670698,-2.3900962062,-0.1560648633,-0.0258732997,25.0000000000,25.0000000000,-5.2988427862,-0.4734973564,0.1273204054
0.7390000000,0.0344475727,0.1243604583,-2.4165637169,-0.1375590409,-0.0265307527,25.0000000000,25.0000000000,-5.2489427045,-0.4861629201,0.1242524438
0.7400000000,0.0313333084,0.1219269139,-2.4439335092,-0.1563259254,-0.0279720629,25.0000000000,25.0000000000,-5.3885921169,-0.4809417938,0.1211844822
0.7410000000,0.0282140962,0.1194654391,-2.4719272273,-0.1370628645,-0.0277123141,25.0000000000,25.0000000000,-5.3316007682,-0.4754913455,0.1196505015
0.7420000000,0.0250904287,0.1169770166,-2.4979030996,-0.1201628976,-0.0246766970,25.0000000000,25.0000000000,-5.2719457900,-0.4874583962,0.1165825399
0.7430000000,0.0219627991,0.1144643129,-2.5214079593,-0.1434166122,-0.0230052611,25.0000000000,25.0000000000,-5.4036173667,-0.4820209419,0.1150485591
0.7440000000,0.0188317014,0.1119292230,-2.5429587227,-0.1269869975,-0.0204922578,25.0000000000,25.0000000000,-5.3440831054,-0.4945514547,0.1119805975
0.7450000000,0.0156976299,0.1093738229,-2.5627944996,-0.1470910344,-0.0196527352,25.0000000000,25.0000000000,-5.4821665957,-0.4899397279,0.1089126359
0.7460000000,0.0125610795,0.1067991483,-2.5815814932,-0.1292380882,-0.0180846596,25.0000000000,25.0000000000,-5.4318690756,-0.4857566722,0.1073786552
0.7470000000,0.0094225457,0.1042072356,-2.5976698122,-0.1141177087,-0.0147371024,25.0000000000,25.0000000000,-5.3861931759,-0.4994976258,0.1043106936
0.7480000000,0.0062825239,0.1016008222,-2.6115754024,-0.1395087752,-0.0136988303,25.0000000000,25.0000000000,-5.5374482075,-0.4961511689,0.1012427320
0.7490000000,0.0031415100,0.0989809601,-2.6246854164,-0.1254238021,-0.0126378133,25.0000000000,25.0000000000,-5.5010067845,-0.4933058771,0.0997087512
0.7500000000,-0.0000000000,0.0963490406,-2.6359558973,-0.1128319430,-0.0103376794,25.0000000000,25.0000000000,-5.4700536385,-0.5083833024,0.0966407896
0.7510000000,-0.0031415100,0.0937066605,-2.6463301716,-0.1400866850,-0.0107084949,25.0000000000,25.0000000000,-5.6360503223,-0.5062656942,0.0935728281
0.7520000000,-0.0062825239,0.0910534142,-2.6574484582,-0.1274424337,-0.0112464654,25.0000000000,25.0000000000,-5.6131770835,-0.5044394870,0.0905048665
0.7530000000,-0.0094225457,0.0883890867,-2.6683525455,-0.1159144706,-0.0105706794,25.0000000000,25.0000000000,-5.5934825827,-0.5026680383,0.0889708857
0.7540000000,-0.0125610795,0.0857146112,-2.6779281036,-0.1087925483,-0.0088971987,25.0000000000,25.0000000000,-5.5741755975,-0.5185181130,0.0859029241
0.7550000000,-0.0156976299,0.0830308940,-2.6873972482,-0.1393638051,-0.0101371658,25.0000000000,25.0000000000,-5.7485828644,-0.5169526341,0.0828349625
0.7560000000,-0.0188317014,0.0803366428,-2.6985328296,-0.1283972716,-0.0116110124,25.0000000000,25.0000000000,-5.7317543746,-0.5154664304,0.0797670010
0.7570000000,-0.0219627991,0.0776307258,-2.7103508660,-0.1176429880,-0.0117961672,25.0000000000,25.0000000000,-5.7157952276,-0.5138118641,0.0782330202
0.7580000000,-0.0250904287,0.0749132589,-2.7215983857,-0.1107675672,-0.0108117384,25.0000000000,25.0000000000,-5.6977733136,-0.5295531642,0.0751650586
0.7590000000,-0.0282140962,0.0721845191,-2.7332844307,-0.1412261124,-0.0125067667,25.0000000000,25.0000000000,-5.8709788167,-0.5276678821,0.0720970970
0.7600000000,-0.0313333084,0.0694428270,-2.7469255626,-0.1298778618,-0.0141692133,25.0000000000,25.0000000000,-5.8506195985,-0.5256825895,0.0690291355
0.7610000000,-0.0344475727,0.0666869318,-2.7612663550,-0.1185430309,-0.0142713265,25.0000000000,25.0000000000,-5.8291495915,-0.5233949017,0.0659611739
0.7620000000,-0.0375563973,0.0639170967,-2.7747930591,-0.1109566772,-0.0129519149,25.0000000000,25.0000000000,-5.8041355747,-0.5208446696,0.0644271931
0.7630000000,-0.0406592913,0.0611349165,-2.7863006090,-0.1055959165,-0.0105582572,25.0000000000,25.0000000000,-5.7760960371,-0.5358005934,0.0613592315
0.7640000000,-0.0437557647,0.0583420432,-2.7969201905,-0.1364357225,-0.0109790634,25.0000000000,25.0000000000,-5.9405648008,-0.5333369931,0.0582912699
0.7650000000,-0.0468453286,0.0555380249,-2.8083334294,-0.1251026023,-0.0115523141,25.0000000000,25.0000000000,-5.9137854933,-0.5310148524,0.0552233084
0.7660000000,-0.0499274951,0.0527226381,-2.8195064853,-0.1138042053,-0.0108083122,25.0000000000,25.0000000000,-5.8885746508,-0.5286301046,0.0521553468
0.7670000000,-0.0530017775,0.0498969188,-2.8291986711,-0.1064154264,-0.0089316221,25.0000000000,25.0000000000,-5.8624733896,-0.5261963968,0.0506213660
0.7680000000,-0.0560676902,0.0470629398,-2.8365093072,-0.1014355753,-0.0062915428,25.0000000000,25.0000000000,-5.8357082260,-0.5414380679,0.0475534044
0.7690000000,-0.0591247493,0.0442225213,-2.8428788579,-0.1328082288,-0.0067714546,25.0000000000,25.0000000000,-6.0033221424,-0.5393724106,0.0444854428
0.7700000000,-0.0621724718,0.0413750826,-2.8502762590,-0.1221034294,-0.0076778406,25.0000000000,25.0000000000,-5.9809285867,-0.5374964900,0.0414174813
0.7710000000,-0.0652103766,0.0385200104,-2.8579093024,-0.1114619004,-0.0074874996,25.0000000000,25.0000000000,-5.9606379444,-0.5355413947,0.0383495197
0.7720000000,-0.0682379839,0.0356577485,-2.8647149658,-0.1046907284,-0.0063155504,25.0000000000,25.0000000000,-5.9392749451,-0.5334607004,0.0352815581
0.7730000000,-0.0712548156,0.0327896460,-2.8698947727,-0.1002278522,-0.0044530498,25.0000000000,25.0000000000,-5.9164023819,-0.5313502685,0.0322135965
0.7740000000,-0.0742603954,0.0299178580,-2.8725642948,-0.0985414879,-0.0016137010,25.0000000000,25.0000000000,-5.8930609065,-0.5293467986,0.0306796158
0.7750000000,-0.0772542486,0.0270452892,-2.8721895849,-0.0980042163,0.0014855726,25.0000000000,25.0000000000,-5.8708492539,-0.5451953936,0.0276116542
0.7760000000,-0.0802359025,0.0241737696,-2.8713606430,-0.1300316973,0.0000345430,25.0000000000,25.0000000000,-6.0451672841,-0.5438817691,0.0245436926
0.7770000000,-0.0832048861,0.0213017109,-2.8727427078,-0.1194225921,-0.0021562156,25.0000000000,25.0000000000,-6.0311165075,-0.5427555427,0.0214757310
0.7780000000,-0.0861607308,0.0184271735,-2.8757566683,-0.1093257696,-0.0034160621,25.0000000000,25.0000000000,-6.0191202360,-0.5413943602,0.0184077695
0.7790000000,-0.0891029697,0.0155491390,-2.8794291440,-0.1032289240,-0.0037383176,25.0000000000,25.0000000000,-6.0043159525,-0.5396507309,0.0153398079
0.7800000000,-0.0920311382,0.0126674846,-2.8829217016,-0.0992982144,-0.0032760728,25.0000000000,25.0000000000,-5.9851582028,-0.5375597883,0.0122718463
0.7810000000,-0.0949447739,0.0097830766,-2.8850727965,-0.0982904225,-0.0014934608,25.0000000000,25.0000000000,-5.9619991286,-0.5352325265,0.0092038847
0.7820000000,-0.0978434167,0.0068978023,-2.8851150359,-0.0978147228,0.0007655434,25.0000000000,25.0000000000,-5.9361903083,-0.5328549096,0.0061359232
0.7830000000,-0.1007266089,0.0040139922,-2.8827141615,-0.0971805147,0.0033031385,25.0000000000,25.0000000000,-5.9098304703,-0.5306052329,0.0046019424
0.7840000000,-0.1035938952,0.0011314090,-2.8824963337,-0.0976247458,0.0002404712,25.0000000000,25.0000000000,-5.8848368483,-0.5461864637,0.0015339808
0.7850000000,-0.1064448229,-0.0017509727,-2.8823318347,-0.1298631456,0.0001062103,25.0000000000,25.0000000000,-6.0561765894,-0.5439720592,-0.0015339808
0.7860000000,-0.1092789417,-0.0046332787,-2.8823039543,-0.1171831098,-0.0000106542,25.0000000000,25.0000000000,-6.0322307011,-0.5415464659,-0.0046019424
0.7870000000,-0.1120958040,-0.0075156053,-2.8823442687,-0.1040993846,-0.0000510142,25.0000000000,25.0000000000,-6.0059608027,-0.5389007359,-0.0076699039
0.7880000000,-0.1148949652,-0.0103979736,-2.8823759378,-0.0973782247,-0.0000111036,25.0000000000,25.0000000000,-5.9769292569,-0.5360356867,-0.0107378655
0.7890000000,-0.1176759830,-0.0132803253,-2.8823262409,-0.0968301663,0.0000800862,25.0000000000,25.0000000000,-5.9451546136,-0.5329579994,-0.0138058271
0.7900000000,-0.1204384185,-0.0161625705,-2.8821860139,-0.0970054811,0.0001690654,25.0000000000,25.0000000000,-5.9109835192,-0.5296768312,-0.0168737887
0.7910000000,-0.1231818354,-0.0190446195,-2.8819558583,-0.0968351946,0.0002599956,25.0000000000,25.0000000000,-5.8745710669,-0.5261953111,-0.0184077695
0.7920000000,-0.1259058004,-0.0219263796,-2.8816311108,-0.0965979411,0.0003564417,25.0000000000,25.0000000000,-5.8359380561,-0.5400905770,-0.0214757310
0.7930000000,-0.1286098834,-0.0248078187,-2.8813406381,-0.1261171291,0.0002391292,25.0000000000,25.0000000000,-5.9886995483,-0.5362039549,-0.0245436926
0.7940000000,-0.1312936575,-0.0276890413,-2.8811613864,-0.1112906118,0.0001521891,25.0000000000,25.0000000000,-5.9462993685,-0.5320951437,-0.0276116542
0.7950000000,-0.1339566987,-0.0305701101,-2.8810100927,-0.0976520813,0.0001637602,25.0000000000,25.0000000000,-5.9013734909,-0.5277436845,-0.0306796158
0.7960000000,-0.1365985867,-0.0334509741,-2.8807597277,-0.0949263571,0.0002968117,25.0000000000,25.0000000000,-5.8532085797,-0.5231464792,-0.0337475773
0.7970000000,-0.1392189041,-0.0363315005,-2.8803703102,-0.0953572752,0.0004334955,25.0000000000,25.0000000000,-5.8021580548,-0.5183141445,-0.0368155389
0.7980000000,-0.1418172373,-0.0392115535,-2.8798466673,-0.0953027167,0.0005672851,25.0000000000,25.0000000000,-5.7485218683,-0.5132541993,-0.0398835005
0.7990000000,-0.1443931759,-0.0420909975,-2.8791858096,-0.0950192211,0.0007064928,25.0000000000,25.0000000000,-5.6923706515,-0.5079674985,-0.0414174813
0.8000000000,-0.1469463131,-0.0449696914,-2.8783814665,-0.0947519168,0.0008519761,25.0000000000,25.0000000000,-5.6337016378,-0.5200306062,-0.0444854428
0.8010000000,-0.1494762458,-0.0478475665,-2.8775856157,-0.1217754507,0.0007512210,25.0000000000,25.0000000000,-5.7662509560,-0.5142849000,-0.0475534044
0.8020000000,-0.1519825744,-0.0507247047,-2.8768755628,-0.1045450778,0.0006946934,25.0000000000,25.0000000000,-5.7033351360,-0.5082876141,-0.0506213660
0.8030000000,-0.1544649033,-0.0536011162,-2.8761165108,-0.0938291548,0.0008077675,25.0000000000,25.0000000000,-5.6373010588,-0.5020171765,-0.0536893276
0.8040000000,-0.1569228403,-0.0564766623,-2.8751810885,-0.0931077372,0.0009982219,25.0000000000,25.0000000000,-5.5677352724,-0.4954760015,-0.0567572892
0.8050000000,-0.1593559974,-0.0593511553,-2.8740583496,-0.0934506919,0.0011821861,25.0000000000,25.0000000000,-5.4951110823,-0.4886776677,-0.0598252507
0.8060000000,-0.1617639904,-0.0622244107,-2.8727515123,-0.0932267505,0.0013672242,25.0000000000,25.0000000000,-5.4196607744,-0.4816280170,-0.0628932123
0.8070000000,-0.1641464389,-0.0650962412,-2.8712551741,-0.0929021407,0.0015589902,25.0000000000,25.0000000000,-5.3414258820,-0.4743274225,-0.0644271931
0.8080000000,-0.1665029669,-0.0679664533,-2.8695625970,-0.0926065266,0.0017572819,25.0000000000,25.0000000000,-5.2604040638,-0.4843526590,-0.0674951547
0.8090000000,-0.1688332020,-0.0708349393,-2.8678523726,-0.1167715684,0.0016719998,25.0000000000,25.0000000000,-5.3704759363,-0.4765454409,-0.0705631162
0.8100000000,-0.1711367765,-0.0737017583,-2.8661986681,-0.0973477405,0.0016589621,25.0000000000,25.0000000000,-5.2847870073,-0.4684603019,-0.0736310778
0.8110000000,-0.1734133265,-0.0765597515,-2.8451834141,-0.0865659622,0.0420313881,25.0000000000,25.0000000000,-5.1955810529,-0.4600748627,-0.0766990394
0.8120000000,-0.1756624924,-0.0793736834,-2.7933113641,-0.0786693089,0.0572889454,25.0000000000,25.0000000000,-5.1028975102,-0.4536010204,-0.0797670010
0.8130000000,-0.1778839193,-0.0821269967,-2.7278435241,-0.0768847438,0.0696582971,25.0000000000,25.0000000000,-5.0311270895,-0.4514599467,-0.0828349625
0.8140000000,-0.1800772562,-0.0848088346,-2.6534734120,-0.0789077073,0.0764670297,25.0000000000,25.0000000000,-5.0072600226,-0.4528822514,-0.0843689433
0.8150000000,-0.1822421569,-0.0874140088,-2.5761815972,-0.0815591168,0.0772086683,25.0000000000,25.0000000000,-5.0229150343,-0.4745215422,-0.0874369049
0.8160000000,-0.1843782793,-0.0899455948,-2.5065301601,-0.1070816392,0.0644352473,25.0000000000,25.0000000000,-5.2618350364,-0.4800720287,-0.0905048665
0.8170000000,-0.1864852864,-0.0924166916,-2.4517434097,-0.0950591291,0.0491970630,25.0000000000,25.0000000000,-5.3240465621,-0.4853248073,-0.0920388473
0.8180000000,-0.1885628452,-0.0948422689,-2.4116446998,-0.0933497230,0.0348785180,25.0000000000,25.0000000000,-5.3824378754,-0.5061347374,-0.0951068088
0.8190000000,-0.1906106278,-0.0972378721,-2.3883585844,-0.1271405535,0.0161489971,25.0000000000,25.0000000000,-5.6117385577,-0.5065022982,-0.0966407896
0.8200000000,-0.1926283107,-0.0996217232,-2.3832535745,-0.1172141891,-0.0011049089,25.0000000000,25.0000000000,-5.6163148005,-0.5209167953,-0.0997087512
0.8210000000,-0.1946155754,-0.1020109010,-2.3947860219,-0.1407564754,-0.0176218600,25.0000000000,25.0000000000,-5.7751386041,-0.5137298609,-0.1027767128
0.8220000000,-0.1965721080,-0.1044189973,-2.4132717211,-0.1208570603,-0.0014595997,25.0000000000,25.0000000000,-5.6963586034,-0.5024486519,-0.1043106936
0.8230000000,-0.1984975997,-0.1068331675,-2.4146928724,-0.0928646682,-0.0013668700,25.0000000000,25.0000000000,-5.5725368031,-0.5057237669,-0.1073786552
0.8240000000,-0.2003917462,-0.1092487002,-2.4160355368,-0.1020370249,-0.0013400124,25.0000000000,25.0000000000,-5.6084319615,-0.4916856874,-0.1089126359
0.8250000000,-0.2022542486,-0.1116654824,-2.4171904219,-0.0877467841,-0.0010409775,25.0000000000,25.0000000000,-5.4533237912,-0.4951858560,-0.1119805975
0.8260000000,-0.2040848127,-0.1140833029,-2.4181980566,-0.1033258146,-0.0010078164,25.0000000000,25.0000000000,-5.4913967107,-0.4809264574,-0.1135145783
0.8270000000,-0.2058831494,-0.1165020469,-2.4190337745,-0.0880033808,-0.0007265333,25.0000000000,25.0000000000,-5.3338835084,-0.4839866584,-0.1165825399
0.8280000000,-0.2076489748,-0.1189215119,-2.4197225655,-0.1026699137,-0.0006878242,25.0000000000,25.0000000000,-5.3671184127,-0.4691728665,-0.1196505015
0.8290000000,-0.2093820100,-0.1213415744,-2.4202265068,-0.0872605172,-0.0003890124,25.0000000000,25.0000000000,-5.2034557924,-0.4540400739,-0.1211844822
0.8300000000,-0.2110819814,-0.1237618918,-2.4203180960,-0.0846498254,0.0000570701,25.0000000000,25.0000000000,-5.0356123292,-0.4561576166,-0.1242524438
0.8310000000,-0.2127486204,-0.1261821435,-2.4202103558,-0.1022034595,0.0001083979,25.0000000000,25.0000000000,-5.0582393718,-0.4403893817,-0.1257864246
0.8320000000,-0.2143816640,-0.1286021907,-2.4199072720,-0.0862578099,0.0004238579,25.0000000000,25.0000000000,-4.8840092466,-0.4418757689,-0.1288543862
0.8330000000,-0.2159808543,-0.1310217975,-2.4194225369,-0.1002963217,0.0004914434,25.0000000000,25.0000000000,-4.8998062187,-0.4254506686,-0.1303883670
0.8340000000,-0.2175459387,-0.1334408053,-2.4187129776,-0.0851201747,0.0008402823,25.0000000000,25.0000000000,-4.7182464122,-0.4262623847,-0.1334563285
0.8350000000,-0.2190766700,-0.1358589509,-2.4177995354,-0.0995119260,0.0009236654,25.0000000000,25.0000000000,-4.7265368740,-0.4091542254,-0.1365242901
0.8360000000,-0.2205728066,-0.1382760591,-2.4166453802,-0.0843188672,0.0012907525,25.0000000000,25.0000000000,-4.5373959585,-0.3917003097,-0.1380582709
0.8370000000,-0.2220341122,-0.1406917246,-2.4150168446,-0.0820144482,0.0017956617,25.0000000000,25.0000000000,-4.3437727155,-0.3914796263,-0.1411262325
0.8380000000,-0.2234603560,-0.1431055692,-2.4131348496,-0.0990680230,0.0018929935,25.0000000000,25.0000000000,-4.3404704507,-0.3733618109,-0.1426602133
0.8390000000,-0.2248513129,-0.1454894869,-2.3639193981,-0.0734016108,0.0564805999,25.0000000000,25.0000000000,-4.1406460202,-0.3724894501,-0.1457281748
0.8400000000,-0.2262067631,-0.1478134542,-2.2984748501,-0.0811499850,0.0697507287,25.0000000000,25.0000000000,-4.1305753963,-0.3590931737,-0.1472621556
0.8410000000,-0.2275264927,-0.1500638892,-2.2199234139,-0.0679262634,0.0833951312,25.0000000000,25.0000000000,-3.9825379146,-0.3674571480,-0.1503301172
0.8420000000,-0.2288102932,-0.1522306752,-2.1349021624,-0.0852765813,0.0848334217,25.0000000000,25.0000000000,-4.0745105137,-0.3616301082,-0.1518640980
0.8430000000,-0.2300579618,-0.1543123525,-2.0496733670,-0.0735261769,0.0853513921,25.0000000000,25.0000000000,-4.0104178920,-0.3756090826,-0.1549320596
0.8440000000,-0.2312693017,-0.1563116112,-1.9704854558,-0.0917559851,0.0746966067,25.0000000000,25.0000000000,-4.1646730173,-0.3729394779,-0.1564660404
0.8450000000,-0.2324441215,-0.1582385045,-1.9018786100,-0.0804930551,0.0652111208,25.0000000000,25.0000000000,-4.1356035515,-0.3874112591,-0.1580000212
0.8460000000,-0.2335822356,-0.1601049097,-1.8474253607,-0.0984353302,0.0475528207,25.0000000000,25.0000000000,-4.2953432093,-0.4002418293,-0.1595340019
0.8470000000,-0.2346834644,-0.1619289373,-1.8125304989,-0.1105043771,0.0273059711,25.0000000000,25.0000000000,-4.4371590859,-0.4104185405,-0.1626019635
0.8480000000,-0.2357476340,-0.1637308040,-1.7979756145,-0.1199347906,0.0071104258,25.0000000000,25.0000000000,-4.5496490606,-0.3992366041,-0.1641359443
0.8490000000,-0.2367745762,-0.1655291139,-1.8000646644,-0.0936292992,-0.0065305951,25.0000000000,25.0000000000,-4.4268448406,-0.4011984114,-0.1656699251
0.8500000000,-0.2377641291,-0.1673367460,-1.8135250189,-0.1039872171,-0.0174315381,25.0000000000,25.0000000000,-4.4481030059,-0.3988215143,-0.1672039059
0.8510000000,-0.2387161362,-0.1691595148,-1.8245176431,-0.1043856591,-0.0012420193,25.0000000000,25.0000000000,-4.4216995257,-0.3927570545,-0.1687378867
0.8520000000,-0.2396304473,-0.1709847812,-1.8257007071,-0.0953077077,-0.0011389944,25.0000000000,25.0000000000,-4.3548379196,-0.3849155780,-0.1702718675
0.8530000000,-0.2405069179,-0.1728111177,-1.8266898919,-0.0922161428,-0.0009110292,25.0000000000,25.0000000000,-4.2679521091,-0.3770928423,-0.1733398290
0.8540000000,-0.2413454097,-0.1746382955,-1.8274428524,-0.0925658277,-0.0006765842,25.0000000000,25.0000000000,-4.1811022577,-0.3515059318,-0.1748738098
0.8550000000,-0.2421457903,-0.1764659570,-1.8277124997,-0.0757639860,-0.0000442745,25.0000000000,25.0000000000,-3.8979276442,-0.3432127953,-0.1764077906
0.8560000000,-0.2429079332,-0.1782935606,-1.8275004703,-0.0910061190,0.0003110457,25.0000000000,25.0000000000,-3.8051117213,-0.3346137467,-0.1779417714
0.8570000000,-0.2436317182,-0.1801207880,-1.8270375000,-0.0927024523,0.0005337048,25.0000000000,25.0000000000,-3.7095774661,-0.3256971287,-0.1794757522
0.8580000000,-0.2443170309,-0.1819474098,-1.8263434831,-0.0914595281,0.0007736103,25.0000000000,25.0000000000,-3.6106651522,-0.3164300170,-0.1825437138
0.8590000000,-0.2449637631,-0.1837731807,-1.8253965233,-0.0908719884,0.0010317031,25.0000000000,25.0000000000,-3.5078295897,-0.2892149248,-0.1840776945
0.8600000000,-0.2455718127,-0.1855956428,-1.8156433965,-0.0722006661,0.0348585616,25.0000000000,25.0000000000,-3.2066756321,-0.2792003449,-0.1856116753
0.8610000000,-0.2461410836,-0.1873831840,-1.7684817924,-0.0783825932,0.0534279729,25.0000000000,25.0000000000,-3.0952046993,-0.2697838509,-0.1871456561
0.8620000000,-0.2466714861,-0.1891133648,-1.7054453559,-0.0757094333,0.0680564486,25.0000000000,25.0000000000,-2.9908152738,-0.2647303602,-0.1886796369
0.8630000000,-0.2471629362,-0.1907728195,-1.6307100412,-0.0760956092,0.0779652384,25.0000000000,25.0000000000,-2.9347022183,-0.2634542777,-0.1902136177
0.8640000000,-0.2476153564,-0.1923531916,-1.5497414177,-0.0780617241,0.0820823239,25.0000000000,25.0000000000,-2.9204393959,-0.2651838318,-0.1917475985
0.8650000000,-0.2480286753,-0.1938518947,-1.4683624603,-0.0806971040,0.0804200575,25.0000000000,25.0000000000,-2.9395056775,-0.2689064193,-0.1932815793
0.8660000000,-0.2484028276,-0.1952719284,-1.3919399645,-0.0837202708,0.0736542294,25.0000000000,25.0000000000,-2.9806752412,-0.2734481010,-0.1948155601
0.8670000000,-0.2487377542,-0.1966210782,-1.3248527088,-0.0867819279,0.0629431786,25.0000000000,25.0000000000,-3.0309348243,-0.2776065789,-0.1963495408
0.8680000000,-0.2490334023,-0.1979106674,-1.2700925310,-0.0895060188,0.0497942504,25.0000000000,25.0000000000,-3.0769577247,-0.2802786301,-0.1978835216
0.8690000000,-0.2492897251,-0.1991540083,-1.2290273783,-0.0915726951,0.0358856931,25.0000000000,25.0000000000,-3.1065141593,-0.2805695362,-0.1994175024
0.8700000000,-0.2495066821,-0.2003647326,-1.2013525693,-0.0927517871,0.0228756575,25.0000000000,25.0000000000,-3.1096842622,-0.2778749508,-0.2009514832
0.8710000000,-0.2496842392,-0.2015551898,-1.1852247999,-0.0929210291,0.0122254463,25.0000000000,25.0000000000,-3.0797659023,-0.2719274183,-0.2009514832
0.8720000000,-0.2498223682,-0.2027350787,-1.1775530417,-0.0920731298,0.0050547463,25.0000000000,25.0000000000,-3.0137906870,-0.2803824024,-0.2024854640
0.8730000000,-0.2499210473,-0.2039127318,-1.1790142290,-0.1138554534,-0.0053349202,25.0000000000,25.0000000000,-3.1065518940,-0.2684764031,-0.2040194448
0.8740000000,-0.2499802611,-0.2050970923,-1.1880804701,-0.0942060272,-0.0104898757,25.0000000000,25.0000000000,-2.9753777730,-0.2539062602,-0.2055534256
0.8750000000,-0.2500000000,-0.2062905543,-1.1961444278,-0.0870454978,-0.0065351096,25.0000000000,25.0000000000,-2.8140072130,-0.2369063609,-0.2055534256
0.8760000000,-0.2499802611,-0.2074866159,-1.1956181133,-0.0836249901,0.0023684814,25.0000000000,25.0000000000,-2.6254793568,-0.2361583343,-0.2070874064
0.8770000000,-0.2499210473,-0.2086793405,-1.1906624401,-0.0978187780,0.0057635732,25.0000000000,25.0000000000,-2.6164665722,-0.2179272197,-0.2086213872
0.8780000000,-0.2498223682,-0.2098632501,-1.1784816498,-0.0806374638,0.0161930063,25.0000000000,25.0000000000,-2.4149602655,-0.2000250347,-0.2101553679
0.8790000000,-0.2496842392,-0.2110267065,-1.1525897961,-0.0757035947,0.0311736665,25.0000000000,25.0000000000,-2.2164927053,-0.1828891852,-0.2116893487
0.8800000000,-0.2495066821,-0.2121545793,-1.1111287635,-0.0732480098,0.0469001299,25.0000000000,25.0000000000,-2.0264075555,-0.1674817340,-0.2116893487
0.8810000000,-0.2492897251,-0.2132313936,-1.0544304154,-0.0710875819,0.0617801538,25.0000000000,25.0000000000,-1.8554928680,-0.1720749223,-0.2132233295
0.8820000000,-0.2490334023,-0.2142456598,-0.9899189044,-0.0877709632,0.0650605731,25.0000000000,25.0000000000,-1.9056430891,-0.1618217259,-0.2147573103
0.8830000000,-0.2487377542,-0.2151934770,-0.9219657250,-0.0738782754,0.0696151023,25.0000000000,25.0000000000,-1.7925272436,-0.1536043694,-0.2147573103
0.8840000000,-0.2484028276,-0.2160703006,-0.8492456580,-0.0726453157,0.0739871043,25.0000000000,25.0000000000,-1.7013762347,-0.1641523588,-0.2162912911
0.8850000000,-0.2480286753,-0.2168752676,-0.7795071018,-0.0917328765,0.0663161210,25.0000000000,25.0000000000,-1.8175045388,-0.1580372965,-0.2162912911
0.8860000000,-0.2476153564,-0.2176151990,-0.7168389355,-0.0789460420,0.0607001796,25.0000000000,25.0000000000,-1.7502666894,-0.1693917964,-0.2178252719
0.8870000000,-0.2471629362,-0.2182980101,-0.6641832218,-0.0955224332,0.0472897414,25.0000000000,25.0000000000,-1.8754728181,-0.1620796132,-0.2178252719
0.8880000000,-0.2466714861,-0.2189355105,-0.6224810893,-0.0828465459,0.0387548976,25.0000000000,25.0000000000,-1.7949413791,-0.1704302732,-0.2193592527
0.8890000000,-0.2461410836,-0.2195379078,-0.5921773046,-0.0978980744,0.0248151274,25.0000000000,25.0000000000,-1.8868811292,-0.1587667640,-0.2193592527
0.8900000000,-0.2455718127,-0.2201167187,-0.5714525242,-0.0839230601,0.0187452738,25.0000000000,25.0000000000,-1.7581149272,-0.1619344676,-0.2193592527
0.8910000000,-0.2449637631,-0.2206791191,-0.5582095682,-0.0977179726,0.0094466187,25.0000000000,25.0000000000,-1.7925866920,-0.1624088218,-0.2208932335
0.8920000000,-0.2443170309,-0.2212345024,-0.5548540677,-0.0991906471,-0.0000875827,25.0000000000,25.0000000000,-1.7977783893,-0.1428793521,-0.2208932335
0.8930000000,-0.2436317182,-0.2217888041,-0.5535132382,-0.0810378017,0.0026423763,25.0000000000,25.0000000000,-1.5819089184,-0.1383610542,-0.2224272142
0.8940000000,-0.2429079332,-0.2223399599,-0.5496449322,-0.0936143753,0.0039926931,25.0000000000,25.0000000000,-1.5311269824,-0.1145298255,-0.2224272142
0.8950000000,-0.2421457903,-0.2228839342,-0.5391742112,-0.0757357292,0.0145007415,25.0000000000,25.0000000000,-1.2674942764,-0.1074791366,-0.2224272142
0.8960000000,-0.2413454097,-0.2234112142,-0.5192682173,-0.0873323352,0.0222898780,25.0000000000,25.0000000000,-1.1886517993,-0.1005671159,-0.2239611950
0.8970000000,-0.2405069179,-0.2239146653,-0.4933073030,-0.0876782894,0.0277899056,25.0000000000,25.0000000000,-1.1119110723,-0.0770091111,-0.2239611950
0.8980000000,-0.2396304473,-0.2243861472,-0.4565418254,-0.0685560378,0.0420795409,25.0000000000,25.0000000000,-0.8513733314,-0.0719715073,-0.2239611950
0.8990000000,-0.2387161362,-0.2248131526,-0.4083313725,-0.0818990017,0.0507832807,25.0000000000,25.0000000000,-0.7947887815,-0.0684263093,-0.2254951758
0.9000000000,-0.2377641291,-0.2251883994,-0.3550184301,-0.0838090574,0.0543033023,25.0000000000,25.0000000000,-0.7553415807,-0.0491446701,-0.2254951758
0.9010000000,-0.2367745762,-0.2255063385,-0.2944055897,-0.0663821527,0.0642696090,25.0000000000,25.0000000000,-0.5421867302,-0.0487315447,-0.2254951758
0.9020000000,-0.2357476340,-0.2257594745,-0.2283879721,-0.0784352251,0.0656999282,25.0000000000,25.0000000000,-0.5369983854,-0.0495858608,-0.2254951758
0.9030000000,-0.2346834644,-0.2259480033,-0.1651499922,-0.0790746489,0.0615929279,25.0000000000,25.0000000000,-0.5464493227,-0.0514799090,-0.2254951758
0.9040000000,-0.2335822356,-0.2260767500,-0.1077901141,-0.0806536097,0.0546879353,25.0000000000,25.0000000000,-0.5673943093,-0.0533629327,-0.2254951758
0.9050000000,-0.2324441215,-0.2261531683,-0.0587394148,-0.0822691825,0.0456245542,25.0000000000,25.0000000000,-0.5882150940,-0.0543554924,-0.2254951758
0.9060000000,-0.2312693017,-0.2261865043,-0.0193491620,-0.0834012797,0.0356269572,25.0000000000,25.0000000000,-0.5991759014,-0.0537403172,-0.2254951758
0.9070000000,-0.2300579618,-0.2261865986,0.0102386827,-0.0837588905,0.0259089065,25.0000000000,25.0000000000,-0.5923295761,-0.0510049909,-0.2254951758
0.9080000000,-0.2288102932,-0.2261627380,0.0309759446,-0.0829704489,0.0175180163,25.0000000000,25.0000000000,-0.5620068768,-0.0458781341,-0.2254951758
0.9090000000,-0.2275264927,-0.2261227286,0.0446199896,-0.0803578648,0.0111515757,25.0000000000,25.0000000000,-0.5052293949,-0.0383342570,-0.2254951758
0.9100000000,-0.2262067631,-0.2260723859,0.0532394719,-0.0745306901,0.0069561303,25.0000000000,25.0000000000,-0.4217837184,-0.0285631560,-0.2254951758
0.9110000000,-0.2248513129,-0.2260156009,0.0585918089,-0.0631018662,0.0043707215,25.0000000000,25.0000000000,-0.3138959381,-0.0168979736,-0.2254951758
0.9120000000,-0.2234603560,-0.2259548989,0.0616706832,-0.0430067804,0.0021276052,25.0000000000,25.0000000000,-0.1854171681,-0.0037078930,-0.2254951758
0.9130000000,-0.2220341122,-0.2258926228,0.0623284126,-0.0125607424,-0.0002983670,25.0000000000,25.0000000000,-0.0405295749,0.0107073681,-0.2254951758
0.9140000000,-0.2205728066,-0.2258310515,0.0608862028,0.0239631105,-0.0021469946,25.0000000000,25.0000000000,0.1176536299,0.0262135831,-0.2254951758
0.9150000000,-0.2190766700,-0.2257717893,0.0581829768,0.0635769253,-0.0030253497,25.0000000000,25.0000000000,0.2877919258,0.0427055090,-0.2254951758
0.9160000000,-0.2175459387,-0.2257148780,0.0567036907,0.1037159714,-0.0001082267,25.0000000000,25.0000000000,0.4688453518,0.0600330371,-0.2254951758
0.9170000000,-0.2159808543,-0.2256581851,0.0567123566,0.1385751965,0.0000866393,25.0000000000,25.0000000000,0.6594379522,0.0778349727,-0.2254951758
0.9180000000,-0.2143816640,-0.2255981609,0.0630527554,0.1637585593,0.0094819849,25.0000000000,25.0000000000,0.8557802691,0.0958990487,-0.2254951758
0.9190000000,-0.2127486204,-0.2255258225,0.0792988886,0.1822221160,0.0203914128,25.0000000000,25.0000000000,1.0553683347,0.1135626280,-0.2254951758
0.9200000000,-0.2110819814,-0.2254298317,0.1075837808,0.1964963302,0.0329618115,25.0000000000,25.0000000000,1.2507203543,0.1300833639,-0.2254951758
0.9210000000,-0.2093820100,-0.2252975019,0.1487924964,0.2075604353,0.0459684272,25.0000000000,25.0000000000,1.4335473179,0.1448441484,-0.2254951758
0.9220000000,-0.2076489748,-0.2251159983,0.2026436385,0.2155860504,0.0582835903,25.0000000000,25.0000000000,1.5969907445,0.1574334681,-0.2254951758
0.9230000000,-0.2058831494,-0.2248734265,0.2678216552,0.2205517199,0.0689345970,25.0000000000,25.0000000000,1.7364839094,0.1676762438,-0.2254951758
0.9240000000,-0.2040848127,-0.2245597502,0.3421710834,0.2225249464,0.0771656916,25.0000000000,25.0000000000,1.8500800587,0.1756340892,-0.2239611950
0.9250000000,-0.2022542486,-0.2241674789,0.4229449213,0.2217563944,0.0824860410,25.0000000000,25.0000000000,1.9384505707,0.1640050567,-0.2239611950
0.9260000000,-0.2003917462,-0.2236930141,0.5051000515,0.1836395005,0.0811517329,25.0000000000,25.0000000000,1.8112741549,0.1683966118,-0.2239611950
0.9270000000,-0.1984975997,-0.2231385938,0.5833648886,0.1867719649,0.0762506472,25.0000000000,25.0000000000,1.8598637925,0.1720324503,-0.2224272142
0.9280000000,-0.1965721080,-0.2225094693,0.6557709570,0.1895979467,0.0699308624,25.0000000000,25.0000000000,1.9000803012,0.1583377230,-0.2224272142
0.9290000000,-0.1946155754,-0.2218130763,0.7193721039,0.1539739265,0.0593324895,25.0000000000,25.0000000000,1.7498500292,0.1631941460,-0.2224272142
0.9300000000,-0.1926283107,-0.2210601802,0.7716118410,0.1601389475,0.0480593268,25.0000000000,25.0000000000,1.8034480736,0.1697221612,-0.2208932335
0.9310000000,-0.1906106278,-0.2202615913,0.8136149729,0.1675423704,0.0385559268,25.0000000000,25.0000000000,1.8755388703,0.1609840805,-0.2208932335
0.9320000000,-0.1885628452,-0.2194271040,0.8456674257,0.1381390167,0.0280043234,25.0000000000,25.0000000000,1.7800163427,0.1723256537,-0.2193592527
0.9330000000,-0.1864852864,-0.2185666691,0.8683174023,0.1517548555,0.0197814559,25.0000000000,25.0000000000,1.9052270132,0.1686507628,-0.2178252719
0.9340000000,-0.1843782793,-0.2176883266,0.8834248447,0.1321501518,0.0123183687,25.0000000000,25.0000000000,1.8654159591,0.1675028993,-0.2178252719
0.9350000000,-0.1822421569,-0.2167994823,0.8912063627,0.1185725449,0.0051361837,25.0000000000,25.0000000000,1.8533535553,0.1862278314,-0.2162912911
0.9360000000,-0.1800772562,-0.2159061039,0.8944468782,0.1479206341,0.0026280011,25.0000000000,25.0000000000,2.0597328964,0.1895263757,-0.2162912911
0.9370000000,-0.1778839193,-0.2150100944,0.8969487879,0.1395540756,0.0025172358,25.0000000000,25.0000000000,2.0967650669,0.2121622283,-0.2147573103
0.9380000000,-0.1756624924,-0.2141103898,0.9019823625,0.1688818010,0.0069611539,25.0000000000,25.0000000000,2.3465566439,0.2183451546,-0.2147573103
0.9390000000,-0.1734133265,-0.2132021544,0.9127365829,0.1606016924,0.0129669324,25.0000000000,25.0000000000,2.4156011314,0.2425376569,-0.2132233295
0.9400000000,-0.1711367765,-0.2122785269,0.9313719411,0.1896804032,0.0222710910,25.0000000000,25.0000000000,2.6826839711,0.2488691456,-0.2116893487
0.9410000000,-0.1688332020,-0.2113302089,0.9596225343,0.1801745521,0.0315768574,25.0000000000,25.0000000000,2.7534387887,0.2543109419,-0.2116893487
0.9420000000,-0.1665029669,-0.2103484097,0.9959839734,0.1718229159,0.0389052664,25.0000000000,25.0000000000,2.8142603090,0.2759369712,-0.2101553679
0.9430000000,-0.1641464389,-0.2093254578,1.0402247286,0.2018719419,0.0474823640,25.0000000000,25.0000000000,3.0528067837,0.2785091657,-0.2086213872
0.9440000000,-0.1617639904,-0.2082532412,1.0922087037,0.1901160509,0.0542588635,25.0000000000,25.0000000000,3.0819459364,0.2795891400,-0.2086213872
0.9450000000,-0.1593559974,-0.2071258964,1.1487758860,0.1775620229,0.0575037545,25.0000000000,25.0000000000,3.0945613532,0.2967602039,-0.2070874064
0.9460000000,-0.1569228403,-0.2059401305,1.2083859307,0.2028148863,0.0608484778,25.0000000000,25.0000000000,3.2838975186,0.2952286312,-0.2055534256
0.9470000000,-0.1544649033,-0.2046932281,1.2700713600,0.1865505801,0.0617562387,25.0000000000,25.0000000000,3.2677102773,0.2929281178,-0.2040194448
0.9480000000,-0.1519825744,-0.2033852186,1.3303811168,0.1703247190,0.0590457933,25.0000000000,25.0000000000,3.2429858714,0.2901450896,-0.2040194448
0.9490000000,-0.1494762458,-0.2020195821,1.3860361124,0.1580294763,0.0533327816,25.0000000000,25.0000000000,3.2127090202,0.3049941002,-0.2024854640
0.9500000000,-0.1469463131,-0.2006016369,1.4365921621,0.1835585883,0.0490795101,25.0000000000,25.0000000000,3.3762565834,0.3029606021,-0.2009514832
0.9510000000,-0.1443931759,-0.1991357918,1.4827694903,0.1682376034,0.0442505634,25.0000000000,25.0000000000,3.3544508030,0.3019921817,-0.1994175024
0.9520000000,-0.1418172373,-0.1976272537,1.5231986173,0.1542768327,0.0379974961,25.0000000000,25.0000000000,3.3443993748,0.3021887278,-0.1978835216
0.9530000000,-0.1392189041,-0.1960824484,1.5568991748,0.1456723328,0.0310819428,25.0000000000,25.0000000000,3.3470112616,0.3037547846,-0.1963495408
0.9540000000,-0.1365985867,-0.1945082417,1.5837576125,0.1410099027,0.0243664428,25.0000000000,25.0000000000,3.3646276143,0.3069026151,-0.1948155601
0.9550000000,-0.1339566987,-0.1929111165,1.6044354245,0.1391706787,0.0185662686,25.0000000000,25.0000000000,3.3996604931,0.3117489912,-0.1932815793
0.9560000000,-0.1312936575,-0.1912965023,1.6201990372,0.1395934651,0.0142205501,25.0000000000,25.0000000000,3.4534341287,0.3182741068,-0.1917475985
0.9570000000,-0.1286098834,-0.1896682832,1.6327381983,0.1419266931,0.0116836509,25.0000000000,25.0000000000,3.5257462504,0.3263205271,-0.1902136177
0.9580000000,-0.1259058004,-0.1880284920,1.6439769166,0.1458258808,0.0111187748,25.0000000000,25.0000000000,3.6148665570,0.3356134755,-0.1886796369
0.9590000000,-0.1231818354,-0.1863771956,1.6558832865,0.1508896264,0.0125007086,25.0000000000,25.0000000000,3.7177650970,0.3457926415,-0.1856116753
0.9600000000,-0.1204384185,-0.1847125639,1.6702902653,0.1566630289,0.0156318430,25.0000000000,25.0000000000,3.8304651688,0.3388717528,-0.1840776945
0.9610000000,-0.1176759830,-0.1830320327,1.6867541857,0.1276205952,0.0166286828,25.0000000000,25.0000000000,3.7550954259,0.3495904618,-0.1825437138
0.9620000000,-0.1148949652,-0.1813344885,1.7042132225,0.1413002888,0.0180478745,25.0000000000,25.0000000000,3.8733891119,0.3602106857,-0.1810097330
0.9630000000,-0.1120958040,-0.1796180585,1.7241712359,0.1550379536,0.0211873223,25.0000000000,25.0000000000,3.9905867135,0.3707716050,-0.1794757522
0.9640000000,-0.1092789417,-0.1778792597,1.7481438907,0.1646759081,0.0256567232,25.0000000000,25.0000000000,4.1073310197,0.3811179473,-0.1779417714
0.9650000000,-0.1064448229,-0.1761134302,1.7770940653,0.1715248991,0.0308722665,25.0000000000,25.0000000000,4.2218329698,0.3909958451,-0.1764077906
0.9660000000,-0.1035938952,-0.1743153005,1.8114221062,0.1765660981,0.0362910366,25.0000000000,25.0000000000,4.3312255754,0.4001654622,-0.1748738098
0.9670000000,-0.1007266089,-0.1724795204,1.8510247747,0.1801656605,0.0414331405,25.0000000000,25.0000000000,4.4328283476,0.4084584245,-0.1718058482
0.9680000000,-0.0978434167,-0.1706011204,1.8953647594,0.1824292358,0.0458929398,25.0000000000,25.0000000000,4.5247670497,0.3982216554,-0.1702718675
0.9690000000,-0.0949447739,-0.1686768218,1.9415694786,0.1483761773,0.0458146711,25.0000000000,25.0000000000,4.4128415656,0.4046328915,-0.1687378867
0.9700000000,-0.0920311382,-0.1667071396,1.9863119350,0.1561230784,0.0439958499,25.0000000000,25.0000000000,4.4836189416,0.4104513018,-0.1672039059
0.9710000000,-0.0891029697,-0.1646938864,2.0291854660,0.1636016662,0.0421516507,25.0000000000,25.0000000000,4.5478293662,0.4162241424,-0.1641359443
0.9720000000,-0.0861607308,-0.1626388714,2.0702961930,0.1672276750,0.0404365782,25.0000000000,25.0000000000,4.6117265964,0.4046908667,-0.1626019635
0.9730000000,-0.0832048861,-0.1605446973,2.1078040352,0.1337722766,0.0353398779,25.0000000000,25.0000000000,4.4853800070,0.4111516911,-0.1610679827
0.9740000000,-0.0802359025,-0.1584165299,2.1397240144,0.1426222136,0.0299472309,25.0000000000,25.0000000000,4.5566526604,0.4183086564,-0.1580000212
0.9750000000,-0.0772542486,-0.1562593391,2.1672199778,0.1521640020,0.0261616041,25.0000000000,25.0000000000,4.6356178862,0.4089484959,-0.1564660404
0.9760000000,-0.0742603954,-0.1540773747,2.1900850393,0.1237535484,0.0206455263,25.0000000000,25.0000000000,4.5331406265,0.4182738232,-0.1533980788
0.9770000000,-0.0712548156,-0.1518758374,2.2079025602,0.1369714327,0.0163373678,25.0000000000,25.0000000000,4.6359908663,0.4111725687,-0.1518640980
0.9780000000,-0.0682379839,-0.1496592192,2.2212040099,0.1155618809,0.0113521572,25.0000000000,25.0000000000,4.5582374189,0.4228680959,-0.1503301172
0.9790000000,-0.0652103766,-0.1474319301,2.2306388290,0.1339626632,0.0085833661,25.0000000000,25.0000000000,4.6871377318,0.4357522048,-0.1472621556
0.9800000000,-0.0621724718,-0.1451958085,2.2395596463,0.1513283130,0.0094050398,25.0000000000,25.0000000000,4.8292830575,0.4321545726,-0.1457281748
0.9810000000,-0.0591247493,-0.1429501449,2.2493609162,0.1296053629,0.0098671269,25.0000000000,25.0000000000,4.7904354879,0.4467984186,-0.1426602133
0.9820000000,-0.0560676902,-0.1406939763,2.2605882061,0.1484062490,0.0122561755,25.0000000000,25.0000000000,4.9520421341,0.4441484267,-0.1411262325
0.9830000000,-0.0530017775,-0.1384250792,2.2740788460,0.1312730279,0.0140323840,25.0000000000,25.0000000000,4.9234838853,0.4591060302,-0.1380582709
0.9840000000,-0.0499274951,-0.1361412400,2.2901574873,0.1524333806,0.0174777579,25.0000000000,25.0000000000,5.0884552661,0.4562888453,-0.1365242901
0.9850000000,-0.0468453286,-0.1338392828,2.3093077680,0.1358795700,0.0199024674,25.0000000000,25.0000000000,5.0580122042,0.4707000709,-0.1334563285
0.9860000000,-0.0437557647,-0.1315164703,2.3313902984,0.1566224208,0.0235080482,25.0000000000,25.0000000000,5.2169396657,0.4670487215,-0.1319223478
0.9870000000,-0.0406592913,-0.1291695923,2.3563929429,0.1391210298,0.0255999013,25.0000000000,25.0000000000,5.1772847573,0.4804368566,-0.1288543862
0.9880000000,-0.0375563973,-0.1267963574,2.3837127446,0.1586524701,0.0284315526,25.0000000000,25.0000000000,5.3249164844,0.4756797193,-0.1273204054
0.9890000000,-0.0344475727,-0.1243944186,2.4129523761,0.1398553133,0.0294007456,25.0000000000,25.0000000000,5.2730521187,0.4879855924,-0.1242524438
0.9900000000,-0.0313333084,-0.1219626664,2.4432335146,0.1581467220,0.0308797240,25.0000000000,25.0000000000,5.4087327390,0.4822669591,-0.1227184630
0.9910000000,-0.0282140962,-0.1195001321,2.4740112866,0.1382780599,0.0303980513,25.0000000000,25.0000000000,5.3462493433,0.4938122666,-0.1196505015
0.9920000000,-0.0250904287,-0.1170071487,2.5043926286,0.1557515826,0.0304600643,25.0000000000,25.0000000000,5.4735285802,0.4875909786,-0.1165825399
0.9930000000,-0.0219627991,-0.1144841255,2.5339434924,0.1353731957,0.0287158970,25.0000000000,25.0000000000,5.4054912028,0.4813435879,-0.1150485591
0.9940000000,-0.0188317014,-0.1119335221,2.5600026331,0.1176203079,0.0242263386,25.0000000000,25.0000000000,5.3370328103,0.4927763114,-0.1119805975
0.9950000000,-0.0156976299,-0.1093594201,2.5822265178,0.1403383891,0.0212555449,25.0000000000,25.0000000000,5.4628001375,0.4870990680,-0.1089126359
0.9960000000,-0.0125610795,-0.1067649483,2.6013527288,0.1237132129,0.0177001448,25.0000000000,25.0000000000,5.4006139944,0.4821095970,-0.1073786552
0.9970000000,-0.0094225457,-0.1041540699,2.6159386999,0.1089055060,0.0126055404,25.0000000000,25.0000000000,5.3459712512,0.4954084715,-0.1043106936
0.9980000000,-0.0062825239,-0.1015311844,2.6267981693,0.1344354176,0.0101525478,25.0000000000,25.0000000000,5.4923122625,0.4920131314,-0.1012427320
0.9990000000,-0.0031415100,-0.0988986531,2.6357044709,0.1206768246,0.0080929253,25.0000000000,25.0000000000,5.4553119173,0.4894924578,-0.0981747704
1.0000000000,0.0000000000,-0.0962587456,2.6420662504,0.1087062349,0.0052646167,25.0000000000,25.0000000000,5.4279309693,0.4876357771,-0.0966407896
1.0010000000,0.0031415100,-0.0936143919,2.6453220883,0.1018131702,0.0020489110,25.0000000000,25.0000000000,5.4076664672,0.5039807991,-0.0935728281
1.0020000000,0.0062825239,-0.0909678595,2.6473720425,0.1332262822,0.0024574411,25.0000000000,25.0000000000,5.5875255561,0.5034125574,-0.0905048665
1.0030000000,0.0094225457,-0.0883184979,2.6507238378,0.1236063574,0.0038417227,25.0000000000,25.0000000000,5.5816990688,0.5033092456,-0.0889708857
1.0040000000,0.0125610795,-0.0856650847,2.6551165970,0.1145579732,0.0046426288,25.0000000000,25.0000000000,5.5810047277,0.5208588178,-0.0859029241
1.0050000000,0.0156976299,-0.0830060355,2.6619321387,0.1446273861,0.0084253540,25.0000000000,25.0000000000,5.7743015083,0.5207369926,-0.0828349625
1.0060000000,0.0188317014,-0.0803375379,2.6729095258,0.1340475143,0.0123510392,25.0000000000,25.0000000000,5.7734782417,0.5202766962,-0.0797670010
1.0070000000,0.0219627991,-0.0776560726,2.6868713905,0.1237680449,0.0147330033,25.0000000000,25.0000000000,5.7688829257,0.5191532114,-0.0782330202
1.0080000000,0.0250904287,-0.0749596636,2.7022091259,0.1170461377,0.0155323626,25.0000000000,25.0000000000,5.7567483396,0.5349143875,-0.0751650586
1.0090000000,0.0282140962,-0.0722469408,2.7194379630,0.1471961552,0.0184741931,25.0000000000,25.0000000000,5.9301898936,0.5325703393,-0.0720970970
1.0100000000,0.0313333084,-0.0695151337,2.7394879103,0.1350775159,0.0207733507,25.0000000000,25.0000000000,5.9047768905,0.5297205064,-0.0690291355
1.0110000000,0.0344475727,-0.0667625145,2.7604796933,0.1225855346,0.0208861682,25.0000000000,25.0000000000,5.8737683440,0.5262661523,-0.0674951547
1.0120000000,0.0375563973,-0.0639894858,2.7802952500,0.1135723080,0.0189914694,25.0000000000,25.0000000000,5.8358756751,0.5399485647,-0.0644271931
1.0130000000,0.0406592913,-0.0611974161,2.7991833199,0.1417005200,0.0190682699,25.0000000000,25.0000000000,5.9863440426,0.5359329738,-0.0613592315
1.0140000000,0.0437557647,-0.0583863788,2.8180654065,0.1280398061,0.0185886928,25.0000000000,25.0000000000,5.9424540193,0.5319269334,-0.0582912699
1.0150000000,0.0468453286,-0.0555573437,2.8352981759,0.1146051067,0.0162435214,25.0000000000,25.0000000000,5.8986587052,0.5278867592,-0.0552233084
1.0160000000,0.0499274951,-0.0527130412,2.8492079822,0.1052945085,0.0124029086,25.0000000000,25.0000000000,5.8542783020,0.5239761257,-0.0521553468
1.0170000000,0.0530017775,-0.0498575731,2.8585944472,0.0990648490,0.0074976742,25.0000000000,25.0000000000,5.8111817526,0.5204658665,-0.0506213660
1.0180000000,0.0560676902,-0.0469962651,2.8621694465,0.0973605300,0.0013314557,25.0000000000,25.0000000000,5.7723030921,0.5352042949,-0.0475534044
1.0190000000,0.0591247493,-0.0441338394,2.8625000437,0.1282578967,0.0001698012,25.0000000000,25.0000000000,5.9343547791,0.5333150888,-0.0444854428
1.0200000000,0.0621724718,-0.0412712491,2.8626319909,0.1167906530,0.0000882898,25.0000000000,25.0000000000,5.9139579531,0.5322194068,-0.0414174813
1.0210000000,0.0652103766,-0.0384086958,2.8624375077,0.1065566680,-0.0004084729,25.0000000000,25.0000000000,5.9023075825,0.5314869906,-0.0383495197
1.0220000000,0.0682379839,-0.0355467525,2.8615460213,0.1010245677,-0.0011947302,25.0000000000,25.0000000000,5.8944543667,0.5309146042,-0.0352815581
1.0230000000,0.0712548156,-0.0326862568,2.8597232505,0.0987596486,-0.0022577986,25.0000000000,25.0000000000,5.8882141244,0.5304403547,-0.0322135965
1.0240000000,0.0742603954,-0.0298266130,2.8595938242,0.0991606069,-0.0001350114,25.0000000000,25.0000000000,5.8829299073,0.5300574123,-0.0291456350
1.0250000000,0.0772542486,-0.0269671072,2.8594519790,0.0992787847,-0.0001441181,25.0000000000,25.0000000000,5.8786733375,0.5294588819,-0.0276116542
1.0260000000,0.0802359025,-0.0241077514,2.8592962808,0.0991661849,-0.0001602416,25.0000000000,25.0000000000,5.8720352797,0.5462621979,-0.0245436926
1.0270000000,0.0832048861,-0.0212485157,2.8592200777,0.1325395720,-0.0000128095,25.0000000000,25.0000000000,6.0568834179,0.5453282312,-0.0214757310
1.0280000000,0.0861607308,-0.0183892565,2.8592989875,0.1214687272,0.0001257932,25.0000000000,25.0000000000,6.0470699300,0.5442302837,-0.0184077695
1.0290000000,0.0891029697,-0.0155298539,2.8594723631,0.1095052335,0.0001947665,25.0000000000,25.0000000000,6.0354808879,0.5429546040,-0.0153398079
1.0300000000,0.0920311382,-0.0126702520,2.8596813189,0.1019107950,0.0002134301,25.0000000000,25.0000000000,6.0217005648,0.5414986034,-0.0122718463
1.0310000000,0.0949447739,-0.0098078898,2.8640329863,0.0992297258,0.0045325242,25.0000000000,25.0000000000,6.0056730118,0.5398650858,-0.0092038847
1.0320000000,0.0978434167,-0.0069411555,2.8683045068,0.0992430015,0.0041479269,25.0000000000,25.0000000000,5.9875403022,0.5375821738,-0.0076699039
1.0330000000,0.1007266089,-0.0040706526,2.8716612421,0.0986849324,0.0028954676,25.0000000000,25.0000000000,5.9622278829,0.5524733348,-0.0046019424
1.0340000000,0.1035938952,-0.0011965991,2.8758350277,0.1303537485,0.0052598727,25.0000000000,25.0000000000,6.1259363291,0.5495980234,-0.0015339808
1.0350000000,0.1064448229,0.0016833195,2.8826393086,0.1187089382,0.0075793711,25.0000000000,25.0000000000,6.0946026126,0.5464411684,0.0015339808
1.0360000000,0.1092789417,0.0045709772,2.8907221046,0.1069160456,0.0082069734,25.0000000000,25.0000000000,6.0601511675,0.5427457867,0.0046019424
1.0370000000,0.1120958040,0.0074665724,2.8983553774,0.0990283655,0.0071075260,25.0000000000,25.0000000000,6.0195268138,0.5385357473,0.0076699039
1.0380000000,0.1148949652,0.0103682582,2.9032307574,0.0968307305,0.0035586651,25.0000000000,25.0000000000,5.9729052582,0.5340184545,0.0107378655
1.0390000000,0.1176759830,0.0132722536,2.9038946946,0.0958978924,-0.0009512149,25.0000000000,25.0000000000,5.9228099498,0.5295595970,0.0138058271
1.0400000000,0.1204384185,0.0161739350,2.8997412647,0.0948087256,-0.0059194507,25.0000000000,25.0000000000,5.8733710905,0.5255060673,0.0168737887
1.0410000000,0.1231818354,0.0190734215,2.8993187521,0.0957215859,-0.0004632539,25.0000000000,25.0000000000,5.8283312677,0.5220982456,0.0184077695
1.0420000000,0.1259058004,0.0219724158,2.8987882154,0.0966867117,-0.0005613935,25.0000000000,25.0000000000,5.7904561902,0.5360524032,0.0214757310
1.0430000000,0.1286098834,0.0248708850,2.8982948551,0.1263330674,-0.0004407658,25.0000000000,25.0000000000,5.9438650217,0.5322188086,0.0245436926
1.0440000000,0.1312936575,0.0277689368,2.8979160211,0.1114564721,-0.0003506096,25.0000000000,25.0000000000,5.9020559517,0.5281597604,0.0276116542
1.0450000000,0.1339566987,0.0306666373,2.8975684369,0.0977223568,-0.0003586097,25.0000000000,25.0000000000,5.8576872224,0.5238560531,0.0306796158
1.0460000000,0.1365985867,0.0335639388,2.8971250604,0.0949180075,-0.0004889936,25.0000000000,25.0000000000,5.8100562891,0.5193052170,0.0337475773
1.0470000000,0.1392189041,0.0364607111,2.8965448535,0.0953468203,-0.0006235454,25.0000000000,25.0000000000,5.7595205677,0.5145181845,0.0368155389
1.0480000000,0.1418172373,0.0393568206,2.8958325930,0.0952967738,-0.0007551338,25.0000000000,25.0000000000,5.7063870088,0.5095027532,0.0398835005
1.0490000000,0.1443931759,0.0422521339,2.8949853268,0.0950135230,-0.0008921365,25.0000000000,25.0000000000,5.6507298839,0.5042599233,0.0429514621
1.0500000000,0.1469463131,0.0451465120,2.8939967583,0.0947458962,-0.0010354489,25.0000000000,25.0000000000,5.5925478537,0.4987882023,0.0444854428
1.0510000000,0.1494762458,0.0480398100,2.8928609054,0.0944914032,-0.0011845867,25.0000000000,25.0000000000,5.5318244748,0.5106633799,0.0475534044
1.0520000000,0.1519825744,0.0509319569,2.8917329390,0.1211932772,-0.0010831753,25.0000000000,25.0000000000,5.6623038529,0.5047264348,0.0506213660
1.0530000000,0.1544649033,0.0538230346,2.8906902536,0.1036487004,-0.0010278273,25.0000000000,25.0000000000,5.5972809911,0.4985340570,0.0536893276
1.0540000000,0.1569228403,0.0567130483,2.8895900018,0.0934061382,-0.0011519757,25.0000000000,25.0000000000,5.5290577253,0.4920644138,0.0567572892
1.0550000000,0.1593559974,0.0596018512,2.8883073835,0.0928595629,-0.0013464552,25.0000000000,25.0000000000,5.4572720154,0.4853207341,0.0598252507
1.0560000000,0.1617639904,0.0624892515,2.8868339720,0.0931788400,-0.0015339577,25.0000000000,25.0000000000,5.3824012060,0.4783167312,0.0628932123
1.0570000000,0.1641464389,0.0653750612,2.8851725820,0.0929380513,-0.0017230290,25.0000000000,25.0000000000,5.3046688136,0.4710580486,0.0659611739
1.0580000000,0.1665029669,0.0682590890,2.8833175500,0.0926096388,-0.0019189652,25.0000000000,25.0000000000,5.2241138575,0.4635450296,0.0674951547
1.0590000000,0.1688332020,0.0711331141,2.8595673384,0.0877449562,-0.0473130982,25.0000000000,25.0000000000,5.1409625803,0.4733544872,0.0705631162
1.0600000000,0.1711367765,0.0739608144,2.8079249973,0.0961176261,-0.0535318665,25.0000000000,25.0000000000,5.2494289267,0.4678142200,0.0736310778
1.0610000000,0.1734133265,0.0767329211,2.7496394120,0.0804278505,-0.0611540521,25.0000000000,25.0000000000,5.1887164496,0.4664294925,0.0766990394
1.0620000000,0.1756624924,0.0794424771,2.6849378301,0.0811490778,-0.0662523789,25.0000000000,25.0000000000,5.1733099131,0.4677268715,0.0797670010
1.0630000000,0.1778839193,0.0820857921,2.6184213339,0.0841079197,-0.0661696701,25.0000000000,25.0000000000,5.1875628778,0.4709415644,0.0828349625
1.0640000000,0.1800772562,0.0846641675,2.5549883901,0.0866926352,-0.0614592781,25.0000000000,25.0000000000,5.2231167334,0.4751619196,0.0843689433
1.0650000000,0.1822421569,0.0871832541,2.4986225657,0.0893092172,-0.0531234418,25.0000000000,25.0000000000,5.2698318469,0.4969469285,0.0874369049
1.0660000000,0.1843782793,0.0896536488,2.4555956210,0.1203952620,-0.0365682716,25.0000000000,25.0000000000,5.5100911436,0.5001723322,0.0889708857
1.0670000000,0.1864852864,0.0920918083,2.4298025919,0.1100527120,-0.0195488740,25.0000000000,25.0000000000,5.5464102518,0.5187897523,0.0920388473
1.0680000000,0.1885628452,0.0945150639,2.4216156046,0.1364775806,-0.0013603447,25.0000000000,25.0000000000,5.7517423720,0.5165923799,0.0951068088
1.0690000000,0.1906106278,0.0969408800,2.4301927696,0.1226794220,0.0140153635,25.0000000000,25.0000000000,5.7280414461,0.5105885379,0.0966407896
1.0700000000,0.1926283107,0.0993832855,2.4509210997,0.1077767802,0.0241582929,25.0000000000,25.0000000000,5.6621439320,0.5181660707,0.0997087512
1.0710000000,0.1946155754,0.1018350243,2.4522411194,0.1203322629,0.0013555263,25.0000000000,25.0000000000,5.7456267714,0.5046003714,0.1012427320
1.0720000000,0.1965721080,0.1042880929,2.4535450946,0.0917358168,0.0012396287,25.0000000000,25.0000000000,5.5964773318,0.5088781630,0.1043106936
1.0730000000,0.1984975997,0.1067424003,2.4547646280,0.1034945191,0.0012200230,25.0000000000,25.0000000000,5.6433728830,0.4955344713,0.1073786552
1.0740000000,0.2003917462,0.1091978486,2.4558227528,0.0887429739,0.0009547567,25.0000000000,25.0000000000,5.4959954824,0.4819991547,0.1089126359
1.0750000000,0.2022542486,0.1116541305,2.4565085515,0.0863638383,0.0005511237,25.0000000000,25.0000000000,5.3458724248,0.4857833105,0.1119805975
1.0760000000,0.2040848127,0.1141109660,2.4570329171,0.1047992534,0.0005292824,25.0000000000,25.0000000000,5.3869547838,0.4717196589,0.1135145783
1.0770000000,0.2058831494,0.1165682554,2.4574080901,0.0884481819,0.0002731741,25.0000000000,25.0000000000,5.2316658049,0.4749331120,0.1165825399
1.0780000000,0.2076489748,0.1190258144,2.4576491742,0.1026065289,0.0002421763,25.0000000000,25.0000000000,5.2666272163,0.4602487206,0.1196505015
1.0790000000,0.2093820100,0.1214835265,2.4577103799,0.0872297864,-0.0000520999,25.0000000000,25.0000000000,5.1043993096,0.4452319318,0.1211844822
1.0800000000,0.2110819814,0.1239410538,2.4573643415,0.0846488449,-0.0004928033,25.0000000000,25.0000000000,4.9378420002,0.4474582101,0.1242524438
1.0810000000,0.2127486204,0.1263980812,2.4568243154,0.1022035446,-0.0005388783,25.0000000000,25.0000000000,4.9616759550,0.4317944914,0.1257864246
1.0820000000,0.2143816640,0.1288544751,2.4560941730,0.0862482878,-0.0008491216,25.0000000000,25.0000000000,4.7886064404,0.4333826730,0.1288543862
1.0830000000,0.2159808543,0.1313100047,2.4551875371,0.1002714114,-0.0009115066,25.0000000000,25.0000000000,4.8055341001,0.4170574072,0.1319223478
1.0840000000,0.2175459387,0.1337645164,2.4540609926,0.0851018115,-0.0012556160,25.0000000000,25.0000000000,4.6250821296,0.4003892619,0.1334563285
1.0850000000,0.2190766700,0.1362176272,2.4524826385,0.0827752070,-0.0017382354,25.0000000000,25.0000000000,4.4401820469,0.4009561423,0.1365242901
1.0860000000,0.2205728066,0.1386667152,2.4416090040,0.0982947546,-0.0380691188,25.0000000000,25.0000000000,4.4456984423,0.3836268773,0.1380582709
1.0870000000,0.2220341122,0.1410789828,2.3923551533,0.0730705081,-0.0560394540,25.0000000000,25.0000000000,4.2546048130,0.3845822895,0.1411262325
1.0880000000,0.2234603560,0.1434323413,2.3287222672,0.0833120852,-0.0671050383,25.0000000000,25.0000000000,4.2646978096,0.3725099810,0.1441941941
1.0890000000,0.2248513129,0.1457154214,2.2542809476,0.0703238400,-0.0784951053,25.0000000000,25.0000000000,4.1313445975,0.3641583796,0.1457281748
1.0900000000,0.2262067631,0.1479174289,2.1695884149,0.0696727053,-0.0875959679,25.0000000000,25.0000000000,4.0386743778,0.3762803419,0.1472621556
1.0910000000,0.2275264927,0.1500333766,2.0845868414,0.0894285472,-0.0824039328,25.0000000000,25.0000000000,4.1722403677,0.3908200297,0.1503301172
1.0920000000,0.2288102932,0.1520709226,2.0112252676,0.0964120915,-0.0676708541,25.0000000000,25.0000000000,4.3332817246,0.3888199778,0.1518640980
1.0930000000,0.2300579618,0.1540435151,1.9507173687,0.0825142523,-0.0566606206,25.0000000000,25.0000000000,4.3117760415,0.4033763456,0.1533980788
1.0940000000,0.2312693017,0.1559642336,1.9050289594,0.1017310986,-0.0387513782,25.0000000000,25.0000000000,4.4723908812,0.4157407565,0.1564660404
1.0950000000,0.2324441215,0.1578512271,1.8786427628,0.1150041597,-0.0190201152,25.0000000000,25.0000000000,4.6089721891,0.4075235979,0.1580000212
1.0960000000,0.2335822356,0.1597229498,1.8692279013,0.0927127022,-0.0046410645,25.0000000000,25.0000000000,4.5188763013,0.4129606306,0.1595340019
1.0970000000,0.2346834644,0.1615935030,1.8729833468,0.1061691307,0.0085870536,25.0000000000,25.0000000000,4.5785545433,0.4142795541,0.1610679827
1.0980000000,0.2357476340,0.1634754351,1.8886288875,0.1132436334,0.0195394021,25.0000000000,25.0000000000,4.5928408689,0.4118178498,0.1641359443
1.0990000000,0.2367745762,0.1653699655,1.8949947833,0.1078840099,0.0012435420,25.0000000000,25.0000000000,4.5657839322,0.3883118719,0.1656699251
1.1000000000,0.2377641291,0.1672655970,1.8959480183,0.0787581833,0.0007637827,25.0000000000,25.0000000000,4.3063238688,0.3815000542,0.1672039059
1.1010000000,0.2387161362,0.1691618973,1.8964764431,0.0918035248,0.0004356689,25.0000000000,25.0000000000,4.2300604254,0.3746513445,0.1687378867
1.1020000000,0.2396304473,0.1710585793,1.8967838487,0.0944236340,0.0002494098,25.0000000000,25.0000000000,4.1539087418,0.3676168519,0.1718058482
1.1030000000,0.2405069179,0.1729554538,1.8969059898,0.0935187404,0.0000588515,25.0000000000,25.0000000000,4.0758711195,0.3427198262,0.1733398290
1.1040000000,0.2413454097,0.1748522007,1.8965740404,0.0761813580,-0.0005501686,25.0000000000,25.0000000000,3.8003810028,0.3350623142,0.1748738098
1.1050000000,0.2421457903,0.1767483012,1.8957808607,0.0914246633,-0.0008855397,25.0000000000,25.0000000000,3.7146204543,0.3270691358,0.1764077906
1.1060000000,0.2429079332,0.1786434567,1.8947567052,0.0931326607,-0.0010882157,25.0000000000,25.0000000000,3.6258107744,0.3187418574,0.1779417714
1.1070000000,0.2436317182,0.1805279835,1.8738995246,0.0876417572,-0.0301169333,25.0000000000,25.0000000000,3.5336525292,0.3100541872,0.1810097330
1.1080000000,0.2443170309,0.1823791135,1.8359893495,0.0820222930,-0.0421756001,25.0000000000,25.0000000000,3.4375003635,0.2856604288,0.1825437138
1.1090000000,0.2449637631,0.1841825062,1.7813575027,0.0629662944,-0.0617732863,25.0000000000,25.0000000000,3.1676824454,0.2815138583,0.1840776945
1.1100000000,0.2455718127,0.1859210315,1.7115567930,0.0772918366,-0.0732783942,25.0000000000,25.0000000000,3.1209392358,0.2803963117,0.1856116753
1.1110000000,0.2461410836,0.1875852929,1.6355039203,0.0803796864,-0.0770351403,25.0000000000,25.0000000000,3.1083800759,0.2823092805,0.1871456561
1.1120000000,0.2466714861,0.1891729452,1.5592167153,0.0822567957,-0.0753650373,25.0000000000,25.0000000000,3.1295201738,0.2862312167,0.1886796369
1.1130000000,0.2471629362,0.1906869185,1.4876922243,0.0851368805,-0.0688799685,25.0000000000,25.0000000000,3.1729096614,0.2909612738,0.1902136177
1.1140000000,0.2476153564,0.1921346863,1.4251367741,0.0881388990,-0.0585778497,25.0000000000,25.0000000000,3.2252631942,0.2953259645,0.1917475985
1.1150000000,0.2480286753,0.1935271433,1.3744477096,0.0907693983,-0.0459173692,25.0000000000,25.0000000000,3.2735797355,0.2982561261,0.1932815793
1.1160000000,0.2484028276,0.1948771068,1.3369445897,0.0927530081,-0.0325264874,25.0000000000,25.0000000000,3.3060053489,0.2988847920,0.1948155601
1.1170000000,0.2487377542,0.1961976996,1.3123299119,0.0938780460,-0.0200062039,25.0000000000,25.0000000000,3.3129272892,0.2966269302,0.1963495408
1.1180000000,0.2490334023,0.1975008033,1.2988214175,0.0940266042,-0.0097665565,25.0000000000,25.0000000000,3.2878575945,0.2912238125,0.1978835216
1.1190000000,0.2492897251,0.1987957387,1.2934329855,0.0931921682,-0.0028877992,25.0000000000,25.0000000000,3.2279247109,0.2827500395,0.1994175024
1.1200000000,0.2495066821,0.2000883003,1.2923677727,0.0914738009,-0.0000242262,25.0000000000,25.0000000000,3.1339517486,0.2715848635,0.1994175024
1.1210000000,0.2496842392,0.2013802278,1.2914746584,0.0890589480,-0.0013597165,25.0000000000,25.0000000000,3.0101390377,0.2759309256,0.2009514832
1.1220000000,0.2498223682,0.2026718215,1.2921405802,0.1058960340,0.0020970499,25.0000000000,25.0000000000,3.0575384730,0.2614197566,0.2024854640
1.1230000000,0.2499210473,0.2039645773,1.2926371237,0.0881694037,-0.0009618059,25.0000000000,25.0000000000,2.8973508284,0.2458643155,0.2040194448
1.1240000000,0.2499802611,0.2052535417,1.2855521325,0.0825462327,-0.0105258179,25.0000000000,25.0000000000,2.7249665908,0.2295799918,0.2055534256
1.1250000000,0.2500000000,0.2065284598,1.2670185741,0.0798023062,-0.0228516289,25.0000000000,25.0000000000,2.5443477931,0.2135737970,0.2070874064
1.1260000000,0.2499802611,0.2077766807,1.2352734377,0.0768926567,-0.0364913944,25.0000000000,25.0000000000,2.3668245135,0.1987923484,0.2070874064
1.1270000000,0.2499210473,0.2089845816,1.1898218303,0.0745108388,-0.0501452641,25.0000000000,25.0000000000,2.2028695257,0.2034891238,0.2086213872
1.1280000000,0.2498223682,0.2101416757,1.1372449503,0.0909222294,-0.0530401808,25.0000000000,25.0000000000,2.2541831628,0.1929023135,0.2101553679
1.1290000000,0.2496842392,0.2112442287,1.0810816619,0.0766042896,-0.0580369743,25.0000000000,25.0000000000,2.1373854656,0.1840532023,0.2116893487
1.1300000000,0.2495066821,0.2122870600,1.0192327989,0.0748687377,-0.0635888313,25.0000000000,25.0000000000,2.0392471089,0.1762579711,0.2116893487
1.1310000000,0.2492897251,0.2132651860,0.9530815503,0.0755088107,-0.0670937185,25.0000000000,25.0000000000,1.9526880386,0.1869935427,0.2132233295
1.1320000000,0.2490334023,0.2141784672,0.8905493997,0.0938746087,-0.0590078169,25.0000000000,25.0000000000,2.0709345934,0.1808947606,0.2147573103
1.1330000000,0.2487377542,0.2150339880,0.8351317334,0.0807919687,-0.0535359863,25.0000000000,25.0000000000,2.0038922437,0.1745277932,0.2147573103
1.1340000000,0.2484028276,0.2158365893,0.7835108522,0.0796084832,-0.0502202126,25.0000000000,25.0000000000,1.9332780805,0.1845645132,0.2162912911
1.1350000000,0.2480286753,0.2165923512,0.7408096807,0.0972030923,-0.0375909803,25.0000000000,25.0000000000,2.0438059416,0.1757760276,0.2162912911
1.1360000000,0.2476153564,0.2173119871,0.7076878312,0.0836288252,-0.0308707443,25.0000000000,25.0000000000,1.9469324652,0.1826955597,0.2178252719
1.1370000000,0.2471629362,0.2180037643,0.6837589822,0.0984388197,-0.0193260237,25.0000000000,25.0000000000,2.0229987719,0.1697801342,0.2178252719
1.1380000000,0.2466714861,0.2186768059,0.6669655323,0.0838858777,-0.0157195742,25.0000000000,25.0000000000,1.8803651954,0.1720373168,0.2193592527
1.1390000000,0.2461410836,0.2193358072,0.6551450765,0.0975258522,-0.0089418641,25.0000000000,25.0000000000,1.9047379243,0.1544727441,0.2193592527
1.1400000000,0.2455718127,0.2199848924,0.6450844687,0.0813385813,-0.0110874430,25.0000000000,25.0000000000,1.7105805306,0.1525718825,0.2193592527
1.1410000000,0.2449637631,0.2206228917,0.6338758907,0.0942746596,-0.0106843869,25.0000000000,25.0000000000,1.6888341632,0.1492899299,0.2208932335
1.1420000000,0.2443170309,0.2212505471,0.6241259225,0.0950874991,-0.0091009154,25.0000000000,25.0000000000,1.6523638471,0.1276491843,0.2208932335
1.1430000000,0.2436317182,0.2218662844,0.6094748735,0.0758941922,-0.0182004059,25.0000000000,25.0000000000,1.4131112363,0.1228080004,0.2224272142
1.1440000000,0.2429079332,0.2224621762,0.5871193271,0.0886460294,-0.0240012721,25.0000000000,25.0000000000,1.3587365031,0.1003405676,0.2224272142
1.1450000000,0.2421457903,0.2230303881,0.5552462040,0.0716055720,-0.0365371922,25.0000000000,25.0000000000,1.1102000215,0.0960902583,0.2224272142
1.1460000000,0.2413454097,0.2235600417,0.5135065499,0.0844017187,-0.0438618422,25.0000000000,25.0000000000,1.0623817812,0.0930309621,0.2239611950
1.1470000000,0.2405069179,0.2240450702,0.4676505470,0.0861854510,-0.0466110761,25.0000000000,25.0000000000,1.0283344064,0.0739012726,0.2239611950
1.1480000000,0.2396304473,0.2244805670,0.4149458095,0.0685762582,-0.0562967795,25.0000000000,25.0000000000,0.8168753134,0.0733576358,0.2239611950
1.1490000000,0.2387161362,0.2248589484,0.3562235981,0.0833365015,-0.0591479142,25.0000000000,25.0000000000,0.8101029321,0.0738859259,0.2254951758
1.1500000000,0.2377641291,0.2251789320,0.2986596553,0.0862856328,-0.0562309269,25.0000000000,25.0000000000,0.8158194954,0.0578455894,0.2254951758
1.1510000000,0.2367745762,0.2254413145,0.2400893475,0.0697976236,-0.0600134975,25.0000000000,25.0000000000,0.6385961616,0.0595402443,0.2254951758
1.1520000000,0.2357476340,0.2256444181,0.1814763361,0.0840142452,-0.0566899138,25.0000000000,25.0000000000,0.6566959993,0.0612143935,0.2254951758
1.1530000000,0.2346834644,0.2257930276,0.1299102942,0.0849252996,-0.0485311477,25.0000000000,25.0000000000,0.6752335025,0.0626698528,0.2254951758
1.1540000000,0.2335822356,0.2258954797,0.0871381416,0.0859703846,-0.0392969816,25.0000000000,25.0000000000,0.6913368471,0.0629960766,0.2254951758
1.1550000000,0.2324441215,0.2259610462,0.0538307043,0.0867401441,-0.0296802436,25.0000000000,25.0000000000,0.6949194426,0.0615386060,0.2254951758
1.1560000000,0.2312693017,0.2259990310,0.0295854476,0.0868374182,-0.0208812307,25.0000000000,25.0000000000,0.6787366561,0.0578943708,0.2254951758
1.1570000000,0.2300579618,0.2260176723,0.0129717394,0.0860022690,-0.0138435934,25.0000000000,25.0000000000,0.6383274023,0.0519090258,0.2254951758
1.1580000000,0.2288102932,0.2260233202,0.0018701972,0.0836831895,-0.0091378661,25.0000000000,25.0000000000,0.5720060269,0.0519090258,0.2254951758
1.1590000000,0.2275264927,0.2260200409,-0.0060403164,0.0787363779,-0.0068061583,25.0000000000,25.0000000000,0.4808049880,0.0436704331,0.2254951758
1.1600000000,0.2262067631,0.2260098365,-0.0125934982,0.0688228307,-0.0061551547,25.0000000000,25.0000000000,0.3680371851,0.0334665159,0.2254951758
1.1610000000,0.2248513129,0.2259933948,-0.0187178240,0.0513200681,-0.0059643733,25.0000000000,25.0000000000,0.2383970205,0.0217083805,0.2254951758
1.1620000000,0.2234603560,0.2259711213,-0.0242798230,0.0242541225,-0.0051290951,25.0000000000,25.0000000000,0.0966104882,0.0088129004,0.2254951758
1.1630000000,0.2220341122,0.2259439070,-0.0288430202,-0.0097889061,-0.0041401101,25.0000000000,25.0000000000,-0.0539434643,-0.0049038657,0.2254951758
1.1640000000,0.2205728066,0.2259126494,-0.0326236851,-0.0469095450,-0.0035103514,25.0000000000,25.0000000000,-0.2118614833,-0.0192979244,0.2254951758
1.1650000000,0.2190766700,0.2258777977,-0.0362026249,-0.0850502786,-0.0036057973,25.0000000000,25.0000000000,-0.3769881365,-0.0343460045,0.2254951758
1.1660000000,0.2175459387,0.2258388666,-0.0408033111,-0.1212904182,-0.0053176135,25.0000000000,25.0000000000,-0.5490505389,-0.0500103657,0.2254951758
1.1670000000,0.2159808543,0.2257933716,-0.0489498707,-0.1506425157,-0.0100947956,25.0000000000,25.0000000000,-0.7273348080,-0.0662042283,0.2254951758
1.1680000000,0.2143816640,0.2257357112,-0.0639112667,-0.1715478935,-0.0180323111,25.0000000000,25.0000000000,-0.9098656604,-0.0827426176,0.2254951758
1.1690000000,0.2127486204,0.2256574017,-0.0882201863,-0.1866939046,-0.0280880561,25.0000000000,25.0000000000,-1.0922557948,-0.0992423865,0.2254951758
1.1700000000,0.2110819814,0.2255481270,-0.1232886230,-0.1982215857,-0.0391475899,25.0000000000,25.0000000000,-1.2680976188,-0.1151359187,0.2254951758
1.1710000000,0.2093820100,0.2253968299,-0.1694658920,-0.2069292223,-0.0501813283,25.0000000000,25.0000000000,-1.4309630521,-0.1298477039,0.2254951758
1.1720000000,0.2076489748,0.2251927131,-0.2261413959,-0.2129843715,-0.0602737984,25.0000000000,25.0000000000,-1.5758368851,-0.1429266760,0.2254951758
1.1730000000,0.2058831494,0.2249261142,-0.2918858012,-0.2164284938,-0.0686680858,25.0000000000,25.0000000000,-1.6997522364,-0.1541057352,0.2254951758
1.1740000000,0.2040848127,0.2245892111,-0.3646386838,-0.2173930695,-0.0748114423,25.0000000000,25.0000000000,-1.8019793797,-0.1633197327,0.2239611950
1.1750000000,0.2022542486,0.2241765140,-0.4419339407,-0.2161632648,-0.0783872458,25.0000000000,25.0000000000,-1.8839428078,-0.1706982857,0.2239611950
1.1760000000,0.2003917462,0.2236860479,-0.5191579108,-0.1781259819,-0.0757838533,25.0000000000,25.0000000000,-1.7555780905,-0.1589625576,0.2239611950
1.1770000000,0.1984975997,0.2231211779,-0.5915692197,-0.1818300056,-0.0701706428,25.0000000000,25.0000000000,-1.8079716275,-0.1636993809,0.2224272142
1.1780000000,0.1965721080,0.2224877182,-0.6577768332,-0.1856330547,-0.0637225709,25.0000000000,25.0000000000,-1.8563277909,-0.1680729228,0.2224272142
1.1790000000,0.1946155754,0.2217930906,-0.7154050874,-0.1512765435,-0.0535532085,25.0000000000,25.0000000000,-1.7175738883,-0.1554178122,0.2224272142
1.1800000000,0.1926283107,0.2210475077,-0.7624110008,-0.1588671887,-0.0431922300,25.0000000000,25.0000000000,-1.7847547494,-0.1615043341,0.2208932335
1.1810000000,0.1906106278,0.2202607724,-0.8003341770,-0.1677171996,-0.0349721371,25.0000000000,25.0000000000,-1.8711975841,-0.1693318418,0.2208932335
1.1820000000,0.1885628452,0.2194413359,-0.8297463545,-0.1396516342,-0.0259373659,25.0000000000,25.0000000000,-1.7894775982,-0.1618432595,0.2193592527
1.1830000000,0.1864852864,0.2185976098,-0.8513356623,-0.1543849459,-0.0193155425,25.0000000000,25.0000000000,-1.9267566768,-0.1742771103,0.2193592527
1.1840000000,0.1843782793,0.2177360490,-0.8669531850,-0.1355927295,-0.0133906519,25.0000000000,25.0000000000,-1.8963254804,-0.1714509114,0.2178252719
1.1850000000,0.1822421569,0.2168616418,-0.8786549896,-0.1575176974,-0.0110945189,25.0000000000,25.0000000000,-2.0836645114,-0.1884270627,0.2162912911
1.1860000000,0.1800772562,0.2159763432,-0.8891717756,-0.1439926399,-0.0101703284,25.0000000000,25.0000000000,-2.0994512055,-0.1897883637,0.2162912911
1.1870000000,0.1778839193,0.2150810328,-0.8989074956,-0.1346485336,-0.0094700773,25.0000000000,25.0000000000,-2.1327362223,-0.1927449233,0.2147573103
1.1880000000,0.1756624924,0.2141753601,-0.9102115829,-0.1665190593,-0.0127949956,25.0000000000,25.0000000000,-2.3712474729,-0.2143759843,0.2147573103
1.1890000000,0.1734133265,0.2132556829,-0.9259258625,-0.1590118938,-0.0173857579,25.0000000000,25.0000000000,-2.4254755571,-0.2192275812,0.2132233295
1.1900000000,0.1711367765,0.2123166118,-0.9479615105,-0.1876300119,-0.0250531933,25.0000000000,25.0000000000,-2.6772166674,-0.2420358710,0.2116893487
1.1910000000,0.1688332020,0.2113505137,-0.9778985301,-0.1772603775,-0.0326128449,25.0000000000,25.0000000000,-2.7340232666,-0.2471068726,0.2116893487
1.1920000000,0.1665029669,0.2103503363,-1.0142112356,-0.1681067021,-0.0382275491,25.0000000000,25.0000000000,-2.7835641310,-0.2515287807,0.2101553679
1.1930000000,0.1641464389,0.2093100776,-1.0567907813,-0.1976307546,-0.0452658442,25.0000000000,25.0000000000,-3.0143313979,-0.2724516158,0.2086213872
1.1940000000,0.1617639904,0.2082230887,-1.1057547497,-0.1857127205,-0.0508008979,25.0000000000,25.0000000000,-3.0396379169,-0.2746777976,0.2086213872
1.1950000000,0.1593559974,0.2070846491,-1.1582993098,-0.1733733107,-0.0531914163,25.0000000000,25.0000000000,-3.0524352350,-0.2757751262,0.2070874064
1.1960000000,0.1569228403,0.2058922088,-1.2133054070,-0.1991845923,-0.0561189620,25.0000000000,25.0000000000,-3.2456811423,-0.2933009344,0.2055534256
1.1970000000,0.1544649033,0.2046433556,-1.2702507130,-0.1837561712,-0.0570550924,25.0000000000,25.0000000000,-3.2365375781,-0.2924076925,0.2040194448
1.1980000000,0.1519825744,0.2033379848,-1.3261123460,-0.1685547231,-0.0547870295,25.0000000000,25.0000000000,-3.2211607533,-0.2909539180,0.2040194448
1.1990000000,0.1494762458,0.2019790450,-1.3779856936,-0.1573713290,-0.0498643439,25.0000000000,25.0000000000,-3.2015569877,-0.2891374373,0.2024854640
1.2000000000,0.1469463131,0.2005709986,-1.4257177397,-0.1839967500,-0.0466568119,25.0000000000,25.0000000000,-3.3760719378,-0.3049794392,0.2009514832
1.2010000000,0.1443931759,0.1991171709,-1.4702162472,-0.1696612022,-0.0430199230,25.0000000000,25.0000000000,-3.3645381159,-0.3038757816,0.1994175024
1.2020000000,0.1418172373,0.1976215685,-1.5101858001,-0.1564954139,-0.0379902926,25.0000000000,25.0000000000,-3.3631995909,-0.3036958884,0.1978835216
1.2030000000,0.1392189041,0.1960894134,-1.5446074479,-0.1484377257,-0.0322193139,25.0000000000,25.0000000000,-3.3722958667,-0.3044790768,0.1963495408
1.2040000000,0.1365985867,0.1945264713,-1.5732271479,-0.1440418313,-0.0264734260,25.0000000000,25.0000000000,-3.3937393203,-0.3063911182,0.1948155601
1.2050000000,0.1339566987,0.1929383190,-1.5964830401,-0.1421835830,-0.0213935200,25.0000000000,25.0000000000,-3.4297761616,-0.3096293100,0.1932815793
1.2060000000,0.1312936575,0.1913297413,-1.6153604737,-0.1423220683,-0.0174712308,25.0000000000,25.0000000000,-3.4818252515,-0.3143190410,0.1917475985
1.2070000000,0.1286098834,0.1897042792,-1.6312390052,-0.1441481258,-0.0150427651,25.0000000000,25.0000000000,-3.5500141202,-0.3204704078,0.1902136177
1.2080000000,0.1259058004,0.1880639351,-1.6457326637,-0.1473766245,-0.0142822070,25.0000000000,25.0000000000,-3.6331329804,-0.3279731362,0.1886796369
1.2090000000,0.1231818354,0.1864090396,-1.6605271741,-0.1516761115,-0.0152014120,25.0000000000,25.0000000000,-3.7288046761,-0.3366115749,0.1871456561
1.2100000000,0.1204384185,0.1847382789,-1.6772239132,-0.1566653602,-0.0176610474,25.0000000000,25.0000000000,-3.8337712528,-0.3460904974,0.1840776945
1.2110000000,0.1176759830,0.1830488669,-1.6972022497,-0.1619367241,-0.0213932201,25.0000000000,25.0000000000,-3.9442430387,-0.3560666554,0.1825437138
1.2120000000,0.1148949652,0.1813377659,-1.7195240632,-0.1320410413,-0.0224910296,25.0000000000,25.0000000000,-3.8629058238,-0.3486043131,0.1810097330
1.2130000000,0.1120958040,0.1796038836,-1.7426386808,-0.1446159944,-0.0235335225,25.0000000000,25.0000000000,-3.9723451009,-0.3585203514,0.1794757522
1.2140000000,0.1092789417,0.1778458300,-1.7676096242,-0.1571114440,-0.0258818164,25.0000000000,25.0000000000,-4.0788530141,-0.3681719447,0.1779417714
1.2150000000,0.1064448229,0.1760609950,-1.7955965344,-0.1654876289,-0.0292413797,25.0000000000,25.0000000000,-4.1842167513,-0.3777019038,0.1764077906
1.2160000000,0.1035938952,0.1742458781,-1.8273165948,-0.1711667803,-0.0331461365,25.0000000000,25.0000000000,-4.2877767432,-0.3870572146,0.1748738098
1.2170000000,0.1007266089,0.1723965399,-1.8630493449,-0.1752258764,-0.0371810262,25.0000000000,25.0000000000,-4.3876814204,-0.3960759202,0.1718058482
1.2180000000,0.0978434167,0.1705090009,-1.9026981933,-0.1781038671,-0.0409921640,25.0000000000,25.0000000000,-4.4820691061,-0.4045922792,0.1702718675
1.2190000000,0.0949447739,0.1685805090,-1.9438644077,-0.1449041092,-0.0407443969,25.0000000000,25.0000000000,-4.3762632148,-0.3949106685,0.1687378867
1.2200000000,0.0920311382,0.1666116309,-1.9836911318,-0.1537095528,-0.0392168247,25.0000000000,25.0000000000,-4.4560357599,-0.4021370484,0.1672039059
1.2210000000,0.0891029697,0.1646037844,-2.0221992552,-0.1623681441,-0.0380681737,25.0000000000,25.0000000000,-4.5311200408,-0.4089404007,0.1641359443
1.2220000000,0.0861607308,0.1625580021,-2.0598455842,-0.1671938716,-0.0373648811,25.0000000000,25.0000000000,-4.6066763591,-0.4157690138,0.1626019635
1.2230000000,0.0832048861,0.1604758220,-2.0950380781,-0.1348559208,-0.0334860331,25.0000000000,25.0000000000,-4.4916860859,-0.4052638632,0.1610679827
1.2240000000,0.0802359025,0.1583611699,-2.1259219729,-0.1446505731,-0.0293961452,25.0000000000,25.0000000000,-4.5730241952,-0.4126357409,0.1580000212
1.2250000000,0.0772542486,0.1562177218,-2.1536696833,-0.1548937773,-0.0268774133,25.0000000000,25.0000000000,-4.6599557410,-0.4205135522,0.1564660404
1.2260000000,0.0742603954,0.1540484974,-2.1779684123,-0.1268962554,-0.0224826322,25.0000000000,25.0000000000,-4.5627763947,-0.4116325412,0.1533980788
1.2270000000,0.0712548156,0.1518576358,-2.1981979498,-0.1402214283,-0.0190604551,25.0000000000,25.0000000000,-4.6679603363,-0.4211685953,0.1518640980
1.2280000000,0.0682379839,0.1496488193,-2.2146128904,-0.1186242575,-0.0146628408,25.0000000000,25.0000000000,-4.5895622263,-0.4140084179,0.1503301172
1.2290000000,0.0652103766,0.1474259546,-2.2275417504,-0.1365784832,-0.0121506817,25.0000000000,25.0000000000,-4.7150898414,-0.4253980870,0.1472621556
1.2300000000,0.0621724718,0.1451907081,-2.2400034319,-0.1532950833,-0.0128968323,25.0000000000,25.0000000000,-4.8516098513,-0.4377724870,0.1457281748
1.2310000000,0.0591247493,0.1429425239,-2.2530762070,-0.1307912233,-0.0129795041,25.0000000000,25.0000000000,-4.8055281407,-0.4335196128,0.1426602133
1.2320000000,0.0560676902,0.1406808825,-2.2670338282,-0.1487570126,-0.0147385469,25.0000000000,25.0000000000,-4.9590360884,-0.4474300846,0.1411262325
1.2330000000,0.0530017775,0.1384042362,-2.2825073336,-0.1308119079,-0.0157061595,25.0000000000,25.0000000000,-4.9222869628,-0.4440385188,0.1380582709
1.2340000000,0.0499274951,0.1361112047,-2.2996945924,-0.1512538970,-0.0182474624,25.0000000000,25.0000000000,-5.0797056370,-0.4583124623,0.1365242901
1.2350000000,0.0468453286,0.1337995187,-2.3190380143,-0.1341327039,-0.0197587831,25.0000000000,25.0000000000,-5.0429744936,-0.4549262278,0.1334563285
1.2360000000,0.0437557647,0.1314673363,-2.3404406226,-0.1544995240,-0.0225230402,25.0000000000,25.0000000000,-5.1973524073,-0.4689258904,0.1319223478
1.2370000000,0.0406592913,0.1291122526,-2.3640071490,-0.1368342770,-0.0239153550,25.0000000000,25.0000000000,-5.1551758479,-0.4650466272,0.1288543862
1.2380000000,0.0375563973,0.1267326260,-2.3893107847,-0.1564147403,-0.0262419043,25.0000000000,25.0000000000,-5.3024050399,-0.4783987186,0.1273204054
1.2390000000,0.0344475727,0.1243265573,-2.4161702008,-0.1378613166,-0.0269324655,25.0000000000,25.0000000000,-5.2521551394,-0.4737881266,0.1242524438
1.2400000000,0.0313333084,0.1218931548,-2.4439412312,-0.1565569609,-0.0283692060,25.0000000000,25.0000000000,-5.3911933691,-0.4863983079,0.1211844822
1.2410000000,0.0282140962,0.1194314350,-2.4723094294,-0.1372068574,-0.0280700625,25.0000000000,25.0000000000,-5.3334005099,-0.4811045813,0.1196505015
1.2420000000,0.0250904287,0.1169424269,-2.4986016452,-0.1202127703,-0.0249659727,25.0000000000,25.0000000000,-5.2728369450,-0.4755718544,0.1165825399
1.2430000000,0.0219627991,0.1144288713,-2.5223405133,-0.1433740706,-0.0232049313,25.0000000000,25.0000000000,-5.4035801698,-0.4874548535,0.1150485591
1.2440000000,0.0188317014,0.1118927557,-2.5440276055,-0.1268618095,-0.0205904874,25.0000000000,25.0000000000,-5.3431811764,-0.4819391231,0.1119805975
1.2450000000,0.0156976299,0.1093362581,-2.5638963233,-0.1468996421,-0.0196474293,25.0000000000,25.0000000000,-5.4805358940,-0.4944036825,0.1089126359
1.2460000000,0.0125610795,0.1067605158,-2.5826166754,-0.1290017201,-0.0179830159,25.0000000000,25.0000000000,-5.4297011754,-0.4897433569,0.1073786552
1.2470000000,0.0094225457,0.1041676581,-2.5985511355,-0.1138601912,-0.0145543706,25.0000000000,25.0000000000,-5.3837147098,-0.4855322270,0.1043106936
1.2480000000,0.0062825239,0.1015604975,-2.6122349241,-0.1392542568,-0.0134564401,25.0000000000,25.0000000000,-5.5348985456,-0.4992667800,0.1012427320
1.2490000000,0.0031415100,0.0989401395,-2.6250792246,-0.1251945966,-0.0123610780,25.0000000000,25.0000000000,-5.4986160373,-0.4959347538,0.0981747704
1.2500000000,0.0000000000,0.0963080028,-2.6360664326,-0.1126466757,-0.0100533044,25.0000000000,25.0000000000,-5.4680229088,-0.4931220939,0.0966407896
1.2510000000,-0.0031415100,0.0936666140,-2.6441794189,-0.1049116822,-0.0068994762,25.0000000000,25.0000000000,-5.4411709776,-0.4906681587,0.0935728281
1.2520000000,-0.0062825239,0.0910182895,-2.6508728335,-0.1352867496,-0.0069363094,25.0000000000,25.0000000000,-5.6118838169,-0.5061845184,0.0905048665
1.2530000000,-0.0094225457,0.0883628457,-2.6582572491,-0.1245267071,-0.0075766495,25.0000000000,25.0000000000,-5.5953371303,-0.5046453573,0.0889708857
1.2540000000,-0.0125610795,0.0856998766,-2.6657546397,-0.1143381998,-0.0073514820,25.0000000000,25.0000000000,-5.5834048678,-0.5035244845,0.0859029241
1.2550000000,-0.0156976299,0.0830288684,-2.6745324423,-0.1433652976,-0.0099351495,25.0000000000,25.0000000000,-5.7659769431,-0.5201031719,0.0828349625
1.2560000000,-0.0188317014,0.0803472223,-2.6862303479,-0.1319249863,-0.0126061168,25.0000000000,25.0000000000,-5.7558593014,-0.5191401397,0.0797670010
1.2570000000,-0.0219627991,0.0776526592,-2.6996879205,-0.1210301928,-0.0137923080,25.0000000000,25.0000000000,-5.7441301233,-0.5180343813,0.0782330202
1.2580000000,-0.0250904287,0.0749443578,-2.7134207209,-0.1139759533,-0.0135567739,25.0000000000,25.0000000000,-5.7275133644,-0.5165056002,0.0751650586
1.2590000000,-0.0282140962,0.0722219216,-2.7281574266,-0.1440872690,-0.0157056669,25.0000000000,25.0000000000,-5.8993489014,-0.5321219157,0.0720970970
1.2600000000,-0.0313333084,0.0694832975,-2.7451060887,-0.1322076863,-0.0175082491,25.0000000000,25.0000000000,-5.8751613926,-0.5298893493,0.0690291355
1.2610000000,-0.0344475727,0.0667271722,-2.7627012816,-0.1201932033,-0.0174455124,25.0000000000,25.0000000000,-5.8479176020,-0.5273808344,0.0659611739
1.2620000000,-0.0375563973,0.0639540433,-2.7791445144,-0.1118381188,-0.0156909460,25.0000000000,25.0000000000,-5.8158310717,-0.5244525205,0.0644271931
1.2630000000,-0.0406592913,0.0611659953,-2.7929945366,-0.1056879278,-0.0126480084,25.0000000000,25.0000000000,-5.7801360428,-0.5212090486,0.0613592315
1.2640000000,-0.0437557647,0.0583653663,-2.8052125545,-0.1357857481,-0.0122768155,25.0000000000,25.0000000000,-5.9370846982,-0.5354841429,0.0582912699
1.2650000000,-0.0468453286,0.0555525129,-2.8173871114,-0.1238188671,-0.0119947062,25.0000000000,25.0000000000,-5.9035789291,-0.5324117002,0.0552233084
1.2660000000,-0.0499274951,0.0527280630,-2.8284713953,-0.1120429136,-0.0104117709,25.0000000000,25.0000000000,-5.8729797323,-0.5296019710,0.0521553468
1.2670000000,-0.0530017775,0.0498938688,-2.8372877878,-0.1043642531,-0.0077857140,25.0000000000,25.0000000000,-5.8432184782,-0.5268861884,0.0506213660
1.2680000000,-0.0560676902,0.0470527151,-2.8430619611,-0.0993096513,-0.0045397385,25.0000000000,25.0000000000,-5.8147327238,-0.5242971357,0.0475534044
1.2690000000,-0.0591247493,0.0442069768,-2.8474116227,-0.1307927084,-0.0046151413,25.0000000000,25.0000000000,-5.9825929352,-0.5395614929,0.0444854428
1.2700000000,-0.0621724718,0.0413564230,-2.8525203283,-0.1203591286,-0.0053339690,25.0000000000,25.0000000000,-5.9622660552,-0.5376832443,0.0414174813
1.2710000000,-0.0652103766,0.0385005724,-2.8578153995,-0.1101295732,-0.0051751742,25.0000000000,25.0000000000,-5.9455641633,-0.5361324903,0.0383495197
1.2720000000,-0.0682379839,0.0356397853,-2.8624435124,-0.1038646892,-0.0042370168,25.0000000000,25.0000000000,-5.9288916678,-0.5346022434,0.0352815581
1.2730000000,-0.0712548156,0.0327751338,-2.8657882237,-0.0999497646,-0.0027768550,25.0000000000,25.0000000000,-5.9113234380,-0.5330018852,0.0322135965
1.2740000000,-0.0742603954,0.0299083224,-2.8671397034,-0.0986441339,-0.0005140743,25.0000000000,25.0000000000,-5.8933985623,-0.5313811504,0.0291456350
1.2750000000,-0.0772542486,0.0270416443,-2.8661051443,-0.0982650426,0.0018939295,25.0000000000,25.0000000000,-5.8762309987,-0.5298328154,0.0276116542
1.2760000000,-0.0802359025,0.0241772192,-2.8637336647,-0.0980876488,0.0002056926,25.0000000000,25.0000000000,-5.8612445895,-0.5284818894,0.0245436926
1.2770000000,-0.0832048861,0.0213135762,-2.8636088123,-0.1316442302,0.0000631845,25.0000000000,25.0000000000,-6.0430432744,-0.5450113050,0.0214757310
1.2780000000,-0.0861607308,0.0184499605,-2.8636359037,-0.1211619326,-0.0000734363,25.0000000000,25.0000000000,-6.0344986116,-0.5441942980,0.0184077695
1.2790000000,-0.0891029697,0.0155862538,-2.8637569080,-0.1094927529,-0.0001425299,25.0000000000,25.0000000000,-6.0236058603,-0.5431604052,0.0153398079
1.2800000000,-0.0920311382,0.0127203326,-2.8673428022,-0.1030659618,-0.0039314098,25.0000000000,25.0000000000,-6.0101885692,-0.5419226908,0.0122718463
1.2810000000,-0.0949447739,0.0098504269,-2.8714593178,-0.0999528590,-0.0041484415,25.0000000000,25.0000000000,-5.9944599398,-0.5404916741,0.0092038847
1.2820000000,-0.0978434167,0.0069766934,-2.8749581093,-0.0988162558,-0.0030941356,25.0000000000,25.0000000000,-5.9722280333,-0.5384836798,0.0076699039
1.2830000000,-0.1007266089,0.0041003945,-2.8768695064,-0.0981583605,-0.0012370034,25.0000000000,25.0000000000,-5.9451413649,-0.5360404759,0.0046019424
1.2840000000,-0.1035938952,0.0012222573,-2.8792149671,-0.1294648990,-0.0033490339,25.0000000000,25.0000000000,-6.1089611900,-0.5509400392,0.0015339808
1.2850000000,-0.1064448229,-0.0016598115,-2.8840431896,-0.1176695654,-0.0055818918,25.0000000000,25.0000000000,-6.0795200538,-0.5482345524,-0.0015339808
1.2860000000,-0.1092789417,-0.0045476420,-2.8901687896,-0.1060484525,-0.0062906191,25.0000000000,25.0000000000,-6.0483281144,-0.5453721204,-0.0046019424
1.2870000000,-0.1120958040,-0.0074415426,-2.8959920681,-0.0987275621,-0.0053406748,25.0000000000,25.0000000000,-6.0118229483,-0.5420503898,-0.0076699039
1.2880000000,-0.1148949652,-0.0103398907,-2.8993643431,-0.0968794155,-0.0022209297,25.0000000000,25.0000000000,-5.9697471693,-0.5382514541,-0.0107378655
1.2890000000,-0.1176759830,-0.0132393604,-2.8990426098,-0.0960379966,0.0017346920,25.0000000000,25.0000000000,-5.9242311671,-0.5341471231,-0.0138058271
1.2900000000,-0.1204384185,-0.0161362541,-2.8959356266,-0.0953118209,0.0003088810,25.0000000000,25.0000000000,-5.8789779956,-0.5300669898,-0.0168737887
1.2910000000,-0.1231818354,-0.0190319562,-2.8955487429,-0.0961943943,0.0004231289,25.0000000000,25.0000000000,-5.8372953456,-0.5263157717,-0.0184077695
1.2920000000,-0.1259058004,-0.0219272070,-2.8950609268,-0.0967247768,0.0005181492,25.0000000000,25.0000000000,-5.7997887896,-0.5229391918,-0.0214757310
1.2930000000,-0.1286098834,-0.0248219758,-2.8946105397,-0.1263267110,0.0003979715,25.0000000000,25.0000000000,-5.9533279155,-0.5369048875,-0.0245436926
1.2940000000,-0.1312936575,-0.0277163699,-2.8942742252,-0.1114667595,0.0003082422,25.0000000000,25.0000000000,-5.9115277108,-0.5330721666,-0.0276116542
1.2950000000,-0.1339566987,-0.0306104549,-2.8939688046,-0.0977342237,0.0003165283,25.0000000000,25.0000000000,-5.8671090909,-0.5290086308,-0.0306796158
1.2960000000,-0.1365985867,-0.0335041830,-2.8935672853,-0.0949223330,0.0004472725,25.0000000000,25.0000000000,-5.8193995453,-0.5246978074,-0.0337475773
1.2970000000,-0.1392189041,-0.0363974235,-2.8930285097,-0.0953490888,0.0005822728,25.0000000000,25.0000000000,-5.7687708014,-0.5201385816,-0.0368155389
1.2980000000,-0.1418172373,-0.0392900423,-2.8923572204,-0.0952987095,0.0007143238,25.0000000000,25.0000000000,-5.7155374556,-0.5153425578,-0.0398835005
1.2990000000,-0.1443931759,-0.0421819055,-2.8915504613,-0.0950152109,0.0008517910,25.0000000000,25.0000000000,-5.6597777422,-0.5103178831,-0.0414174813
1.3000000000,-0.1469463131,-0.0450728739,-2.8906019353,-0.0947473998,0.0009955679,25.0000000000,25.0000000000,-5.6014923067,-0.5050657366,-0.0444854428
1.3010000000,-0.1494762458,-0.0479628801,-2.8896634875,-0.1217804691,0.0008932352,25.0000000000,25.0000000000,-5.7344185063,-0.5171628405,-0.0475534044
1.3020000000,-0.1519825744,-0.0508520080,-2.8888124331,-0.1045571010,0.0008351034,25.0000000000,25.0000000000,-5.6718744109,-0.5114506546,-0.0506213660
1.3030000000,-0.1544649033,-0.0537402692,-2.8879141701,-0.0938275849,0.0009463702,25.0000000000,25.0000000000,-5.6062084293,-0.5054864692,-0.0536893276
1.3040000000,-0.1569228403,-0.0566275269,-2.8868412032,-0.0931023004,0.0011352110,25.0000000000,25.0000000000,-5.5370058935,-0.4992487395,-0.0567572892
1.3050000000,-0.1593559974,-0.0595135949,-2.8855825108,-0.0934459226,0.0013175882,25.0000000000,25.0000000000,-5.4647402703,-0.4927398709,-0.0598252507
1.3060000000,-0.1617639904,-0.0623982903,-2.8841413020,-0.0932223117,0.0015010475,25.0000000000,25.0000000000,-5.3896441981,-0.4859734517,-0.0628932123
1.3070000000,-0.1641464389,-0.0652814276,-2.8825121601,-0.0928977264,0.0016912524,25.0000000000,25.0000000000,-5.3117593590,-0.4789553374,-0.0659611739
1.3080000000,-0.1665029669,-0.0681628145,-2.8806883281,-0.0926021418,0.0018880017,25.0000000000,25.0000000000,-5.2310834824,-0.4716859090,-0.0674951547
1.3090000000,-0.1688332020,-0.0710422525,-2.8786635425,-0.0923120320,0.0020909151,25.0000000000,25.0000000000,-5.1476028185,-0.4641638216,-0.0705631162
1.3100000000,-0.1711367765,-0.0738929311,-2.8330226883,-0.1023386552,0.0480639473,25.0000000000,25.0000000000,-5.2558964530,-0.4739651699,-0.0736310778
1.3110000000,-0.1734133265,-0.0766929315,-2.7788841323,-0.0798609869,0.0580137956,25.0000000000,25.0000000000,-5.1678443535,-0.4659312976,-0.0766990394
1.3120000000,-0.1756624924,-0.0794325755,-2.7150936373,-0.0792326041,0.0666229622,25.0000000000,25.0000000000,-5.1310320998,-0.4626120477,-0.0797670010
1.3130000000,-0.1778839193,-0.0821047553,-2.6461190036,-0.0821378831,0.0697688016,25.0000000000,25.0000000000,-5.1292762623,-0.4624669510,-0.0828349625
1.3140000000,-0.1800772562,-0.0847077196,-2.5773990388,-0.0846387556,0.0676547516,25.0000000000,25.0000000000,-5.1556696980,-0.4648560032,-0.0843689433
1.3150000000,-0.1822421569,-0.0872447442,-2.5136671294,-0.0873464628,0.0610960880,25.0000000000,25.0000000000,-5.2009246174,-0.4689452199,-0.0874369049
1.3160000000,-0.1843782793,-0.0897250470,-2.4623859896,-0.1174746543,0.0449132402,25.0000000000,25.0000000000,-5.4472289004,-0.4912705075,-0.0889708857
1.3170000000,-0.1864852864,-0.0921648467,-2.4284006276,-0.1070103662,0.0275837230,25.0000000000,25.0000000000,-5.4959220541,-0.4956101417,-0.0920388473
1.3180000000,-0.1885628452,-0.0945819465,-2.4127338271,-0.1344567674,0.0084510831,25.0000000000,25.0000000000,-5.7178861351,-0.5157305381,-0.0951068088
1.3190000000,-0.1906106278,-0.0969948937,-2.4151237272,-0.1222488940,-0.0084101211,25.0000000000,25.0000000000,-5.7128675852,-0.5152234261,-0.0966407896
1.3200000000,-0.1926283107,-0.0994193030,-2.4314069620,-0.1090640845,-0.0204289252,25.0000000000,25.0000000000,-5.6657791948,-0.5109218378,-0.0997087512
1.3210000000,-0.1946155754,-0.1018615433,-2.4442679461,-0.1282927892,-0.0013683123,25.0000000000,25.0000000000,-5.7662458733,-0.5200595057,-0.1012427320
1.3220000000,-0.1965721080,-0.1043066737,-2.4456433771,-0.0965239679,-0.0013558425,25.0000000000,25.0000000000,-5.6315678141,-0.5077832444,-0.1043106936
1.3230000000,-0.1984975997,-0.1067531604,-2.4469922382,-0.1025236182,-0.0013477508,25.0000000000,25.0000000000,-5.6712279807,-0.5113832578,-0.1073786552
1.3240000000,-0.2003917462,-0.1092009072,-2.4481606986,-0.0879780771,-0.0010569568,25.0000000000,25.0000000000,-5.5199877221,-0.4976924888,-0.1089126359
1.3250000000,-0.2022542486,-0.1116495872,-2.4489419385,-0.0862240096,-0.0006442879,25.0000000000,25.0000000000,-5.3677426316,-0.4839688137,-0.1119805975
1.3260000000,-0.2040848127,-0.1140989135,-2.4495578918,-0.1047099530,-0.0006203044,25.0000000000,25.0000000000,-5.4076367312,-0.4876461467,-0.1135145783
1.3270000000,-0.2058831494,-0.1165487838,-2.4500221487,-0.0883989827,-0.0003613528,25.0000000000,25.0000000000,-5.2516314829,-0.4735181470,-0.1165825399
1.3280000000,-0.2076489748,-0.1189990113,-2.4503501545,-0.1025940836,-0.0003286121,25.0000000000,25.0000000000,-5.2861174279,-0.4766889308,-0.1196505015
1.3290000000,-0.2093820100,-0.1214494779,-2.4504969171,-0.0872230553,-0.0000330098,25.0000000000,25.0000000000,-5.1235391094,-0.4619729966,-0.1211844822
1.3300000000,-0.2110819814,-0.1238998446,-2.4502352168,-0.0846466212,0.0004088619,25.0000000000,25.0000000000,-4.9566959501,-0.4469304758,-0.1242524438
1.3310000000,-0.2127486204,-0.1263497949,-2.4497784449,-0.1022020501,0.0004559773,25.0000000000,25.0000000000,-4.9802782306,-0.4491340841,-0.1257864246
1.3320000000,-0.2143816640,-0.1287991944,-2.4491305225,-0.0862491477,0.0007672571,25.0000000000,25.0000000000,-4.8069755043,-0.4334493659,-0.1288543862
1.3330000000,-0.2159808543,-0.1312478112,-2.4483050910,-0.1002760738,0.0008306613,25.0000000000,25.0000000000,-4.8236805303,-0.4350175076,-0.1319223478
1.3340000000,-0.2175459387,-0.1336954907,-2.4472587972,-0.0851052427,0.0011756842,25.0000000000,25.0000000000,-4.6430128185,-0.4186728001,-0.1334563285
1.3350000000,-0.2190766700,-0.1361418490,-2.4457597660,-0.0827775949,0.0016592375,25.0000000000,25.0000000000,-4.4579015973,-0.4019856286,-0.1365242901
1.3360000000,-0.2205728066,-0.1385865289,-2.4440277523,-0.0999414993,0.0017381337,25.0000000000,25.0000000000,-4.4631281034,-0.4025337999,-0.1380582709
1.3370000000,-0.2220341122,-0.1410056360,-2.4017839161,-0.0756729168,0.0492265758,25.0000000000,25.0000000000,-4.2717819591,-0.3851860905,-0.1411262325
1.3380000000,-0.2234603560,-0.1433722700,-2.3441158390,-0.0839561192,0.0617157117,25.0000000000,25.0000000000,-4.2702426748,-0.3850847280,-0.1426602133
1.3390000000,-0.2248513129,-0.1456734449,-2.2737276868,-0.0700548651,0.0752346615,25.0000000000,25.0000000000,-4.1221535112,-0.3716807436,-0.1457281748
1.3400000000,-0.2262067631,-0.1478989695,-2.1965170868,-0.0868080722,0.0772825952,25.0000000000,25.0000000000,-4.2087524248,-0.3795579125,-0.1472621556
1.3410000000,-0.2275264927,-0.1500466216,-2.1181107083,-0.0745626517,0.0789882524,25.0000000000,25.0000000000,-4.1361568794,-0.3729626137,-0.1503301172
1.3420000000,-0.2288102932,-0.1521178001,-2.0442940755,-0.0923468506,0.0699206624,25.0000000000,25.0000000000,-4.2808192317,-0.3860753670,-0.1518640980
1.3430000000,-0.2300579618,-0.1541209209,-1.9793341708,-0.0807133672,0.0622238199,25.0000000000,25.0000000000,-4.2428919792,-0.3826060944,-0.1533980788
1.3440000000,-0.2312693017,-0.1560660870,-1.9267524249,-0.0983149849,0.0463305021,25.0000000000,25.0000000000,-4.3960122241,-0.3964799976,-0.1564660404
1.3450000000,-0.2324441215,-0.1579697137,-1.8921061764,-0.1100793778,0.0276078532,25.0000000000,25.0000000000,-4.5345440888,-0.4090133385,-0.1580000212
1.3460000000,-0.2335822356,-0.1598492316,-1.8734720519,-0.0898485691,0.0142678877,25.0000000000,25.0000000000,-4.4540508221,-0.4016705631,-0.1595340019
1.3470000000,-0.2346834644,-0.1617181101,-1.8678585670,-0.1047870336,0.0004610632,25.0000000000,25.0000000000,-4.5290142967,-0.4084913197,-0.1610679827
1.3480000000,-0.2357476340,-0.1635896827,-1.8753155428,-0.1125494833,-0.0119206828,25.0000000000,25.0000000000,-4.5626724842,-0.4115585548,-0.1641359443
1.3490000000,-0.2367745762,-0.1654756098,-1.8934399428,-0.1139490608,-0.0214688363,25.0000000000,25.0000000000,-4.5568976809,-0.4110446067,-0.1656699251
1.3500000000,-0.2377641291,-0.1673696703,-1.8943822433,-0.0826968462,-0.0007931185,25.0000000000,25.0000000000,-4.3187695622,-0.3894508472,-0.1672039059
1.3510000000,-0.2387161362,-0.1692644306,-1.8949517803,-0.0912976550,-0.0004751146,25.0000000000,25.0000000000,-4.2383847369,-0.3822477135,-0.1687378867
1.3520000000,-0.2396304473,-0.1711596075,-1.8952888018,-0.0939590793,-0.0002743147,25.0000000000,25.0000000000,-4.1600730915,-0.3752045987,-0.1718058482
1.3530000000,-0.2405069179,-0.1730550005,-1.8954320034,-0.0934306890,-0.0000786635,25.0000000000,25.0000000000,-4.0808854028,-0.3680681925,-0.1733398290
1.3540000000,-0.2413454097,-0.1749502853,-1.8951189288,-0.0761591009,0.0005316462,25.0000000000,25.0000000000,-3.8047887054,-0.3431168163,-0.1748738098
1.3550000000,-0.2421457903,-0.1768449419,-1.8943437188,-0.0914054778,0.0008678394,25.0000000000,25.0000000000,-3.7186995694,-0.3354297156,-0.1764077906
1.3560000000,-0.2429079332,-0.1787373209,-1.8879358077,-0.0921394255,0.0226752916,25.0000000000,25.0000000000,-3.6297503670,-0.3274195800,-0.1794757522
1.3570000000,-0.2436317182,-0.1806075906,-1.8583291263,-0.0852505456,0.0334989928,25.0000000000,25.0000000000,-3.5375450512,-0.3190817638,-0.1810097330
1.3580000000,-0.2443170309,-0.1824386434,-1.8121261517,-0.0638705930,0.0536092356,25.0000000000,25.0000000000,-3.2538531935,-0.2934276327,-0.1825437138
1.3590000000,-0.2449637631,-0.1842125970,-1.7495962264,-0.0777775333,0.0665521347,25.0000000000,25.0000000000,-3.1920281216,-0.2879204503,-0.1840776945
1.3600000000,-0.2455718127,-0.1859185021,-1.6790708564,-0.0804965991,0.0722114812,25.0000000000,25.0000000000,-3.1636753003,-0.2853783901,-0.1856116753
1.3610000000,-0.2461410836,-0.1875520445,-1.6062301049,-0.0819462621,0.0727131845,25.0000000000,25.0000000000,-3.1701491717,-0.2859681518,-0.1871456561
1.3620000000,-0.2466714861,-0.1891139781,-1.5359481675,-0.0844941223,0.0684356073,25.0000000000,25.0000000000,-3.2016530365,-0.2888178147,-0.1886796369
1.3630000000,-0.2471629362,-0.1906096279,-1.4725496487,-0.0873033278,0.0601367384,25.0000000000,25.0000000000,-3.2461590104,-0.2928400159,-0.1902136177
1.3640000000,-0.2476153564,-0.1920479977,-1.4192678428,-0.0898901460,0.0490721814,25.0000000000,25.0000000000,-3.2914512763,-0.2969320526,-0.1917475985
1.3650000000,-0.2480286753,-0.1934404587,-1.3779256876,-0.0919757238,0.0367234288,25.0000000000,25.0000000000,-3.3259180874,-0.3000465652,-0.1932815793
1.3660000000,-0.2484028276,-0.1947992611,-1.3488323038,-0.0933297120,0.0246131370,25.0000000000,25.0000000000,-3.3396409306,-0.3012889564,-0.1948155601
1.3670000000,-0.2487377542,-0.1961360461,-1.3308441016,-0.0938024648,0.0141454679,25.0000000000,25.0000000000,-3.3253394059,-0.3000026603,-0.1963495408
1.3680000000,-0.2490334023,-0.1974605137,-1.3215752418,-0.0933471905,0.0064636000,25.0000000000,25.0000000000,-3.2789749623,-0.2958236326,-0.1978835216
1.3690000000,-0.2492897251,-0.1987793800,-1.3177286826,-0.0920191159,0.0023426622,25.0000000000,25.0000000000,-3.1999756366,-0.2887005939,-0.1994175024
1.3700000000,-0.2495066821,-0.2000957162,-1.3155050577,-0.0899632467,0.0021288183,25.0000000000,25.0000000000,-3.0910813150,-0.2788810340,-0.1994175024
1.3710000000,-0.2496842392,-0.2014087204,-1.3110407043,-0.0873936040,0.0057280899,25.0000000000,25.0000000000,-2.9578460161,-0.2668662790,-0.2009514832
1.3720000000,-0.2498223682,-0.2027166778,-1.3064500734,-0.1032234448,0.0035421389,25.0000000000,25.0000000000,-3.0020541111,-0.2709202958,-0.2024854640
1.3730000000,-0.2499210473,-0.2040197849,-1.3004744816,-0.0863692888,0.0078264398,25.0000000000,25.0000000000,-2.8447444874,-0.2566723380,-0.2040194448
1.3740000000,-0.2499802611,-0.2053122062,-1.2863695446,-0.0814991457,0.0175697438,25.0000000000,25.0000000000,-2.6804695785,-0.2418508591,-0.2055534256
1.3750000000,-0.2500000000,-0.2065837183,-1.2611631315,-0.0791609926,0.0292727706,25.0000000000,25.0000000000,-2.5121363203,-0.2266751685,-0.2070874064
1.3760000000,-0.2499802611,-0.2078224600,-1.2237818892,-0.0767099009,0.0416504279,25.0000000000,25.0000000000,-2.3496721613,-0.2120277168,-0.2070874064
1.3770000000,-0.2499210473,-0.2090161932,-1.1742673138,-0.0748004589,0.0535667630,25.0000000000,25.0000000000,-2.2017222255,-0.1986902926,-0.2086213872
1.3780000000,-0.2498223682,-0.2101562344,-1.1195418393,-0.0916240850,0.0544612929,25.0000000000,25.0000000000,-2.2681985228,-0.2047549304,-0.2101553679
1.3790000000,-0.2496842392,-0.2112408536,-1.0632595550,-0.0776167979,0.0574259515,25.0000000000,25.0000000000,-2.1641448874,-0.1953176331,-0.2116893487
1.3800000000,-0.2495066821,-0.2122668477,-1.0032114075,-0.0760643939,0.0611340807,25.0000000000,25.0000000000,-2.0751101104,-0.1872894892,-0.2116893487
1.3810000000,-0.2492897251,-0.2132309739,-0.9404713149,-0.0767482615,0.0631700957,25.0000000000,25.0000000000,-1.9932565777,-0.1799183776,-0.2132233295
1.3820000000,-0.2490334023,-0.2141344254,-0.8825024239,-0.0949951122,0.0541164142,25.0000000000,25.0000000000,-2.1115724940,-0.1906596621,-0.2147573103
1.3830000000,-0.2487377542,-0.2149850936,-0.8322351055,-0.0817223523,0.0482747231,25.0000000000,25.0000000000,-2.0402324819,-0.1841728468,-0.2147573103
1.3840000000,-0.2484028276,-0.2157880358,-0.7857620940,-0.0802499525,0.0451704413,25.0000000000,25.0000000000,-1.9616748677,-0.1770889518,-0.2162912911
1.3850000000,-0.2480286753,-0.2165489757,-0.7476477946,-0.0975149134,0.0332765192,25.0000000000,25.0000000000,-2.0616891939,-0.1861770216,-0.2162912911
1.3860000000,-0.2476153564,-0.2172777836,-0.7181127745,-0.0835485356,0.0277168668,25.0000000000,25.0000000000,-1.9530223975,-0.1763243085,-0.2178252719
1.3870000000,-0.2471629362,-0.2179814839,-0.6964056647,-0.0981005275,0.0175967445,25.0000000000,25.0000000000,-2.0173607951,-0.1821861100,-0.2178252719
1.3880000000,-0.2466714861,-0.2186677634,-0.6803689859,-0.0831992791,0.0155154211,25.0000000000,25.0000000000,-1.8643119030,-0.1683307988,-0.2193592527
1.3890000000,-0.2461410836,-0.2193398121,-0.6677895180,-0.0968330755,0.0102534920,25.0000000000,25.0000000000,-1.8806425979,-0.1698634461,-0.2193592527
1.3900000000,-0.2455718127,-0.2200003342,-0.6556534572,-0.0804794879,0.0135806847,25.0000000000,25.0000000000,-1.6815097612,-0.1518498861,-0.2193592527
1.3910000000,-0.2449637631,-0.2206470503,-0.6413762564,-0.0933782634,0.0140581021,25.0000000000,25.0000000000,-1.6582388174,-0.1498115073,-0.2208932335
1.3920000000,-0.2443170309,-0.2212799317,-0.6279314696,-0.0943478619,0.0129602183,25.0000000000,25.0000000000,-1.6236373490,-0.1466986254,-0.2208932335
1.3930000000,-0.2436317182,-0.2218970449,-0.6093961025,-0.0753385567,0.0220730982,25.0000000000,25.0000000000,-1.3892170657,-0.1254940535,-0.2224272142
1.3940000000,-0.2429079332,-0.2224905526,-0.5834047279,-0.0883154288,0.0274806035,25.0000000000,25.0000000000,-1.3419515293,-0.1212943514,-0.2224272142
1.3950000000,-0.2421457903,-0.2230531046,-0.5485139110,-0.0715423010,0.0392758688,25.0000000000,25.0000000000,-1.1019026272,-0.0995927696,-0.2224272142
1.3960000000,-0.2413454097,-0.2235746275,-0.5046611429,-0.0845971074,0.0456102555,25.0000000000,25.0000000000,-1.0629465778,-0.0961420210,-0.2239611950
1.3970000000,-0.2405069179,-0.2240500762,-0.4577690040,-0.0866017285,0.0472412839,25.0000000000,25.0000000000,-1.0371641255,-0.0938283074,-0.2239611950
1.3980000000,-0.2396304473,-0.2244756598,-0.4051511878,-0.0691555381,0.0558088432,25.0000000000,25.0000000000,-0.8325226755,-0.0753135543,-0.2239611950
1.3990000000,-0.2387161362,-0.2248448786,-0.3475617337,-0.0840067025,0.0576617010,25.0000000000,25.0000000000,-0.8304765748,-0.0751961180,-0.2254951758
1.4000000000,-0.2377641291,-0.2251573913,-0.2919975583,-0.0869443308,0.0539587250,25.0000000000,25.0000000000,-0.8384485655,-0.0759275479,-0.2254951758
1.4010000000,-0.2367745762,-0.2254146964,-0.2360191718,-0.0704149303,0.0572593059,25.0000000000,25.0000000000,-0.6609138985,-0.0598589770,-0.2254951758
1.4020000000,-0.2357476340,-0.2256154987,-0.1802414881,-0.0846961721,0.0538376783,25.0000000000,25.0000000000,-0.6763101670,-0.0613103582,-0.2254951758
1.4030000000,-0.2346834644,-0.2257646017,-0.1314232032,-0.0854879666,0.0458297662,25.0000000000,25.0000000000,-0.6902066275,-0.0625658582,-0.2254951758
1.4040000000,-0.2335822356,-0.2258701051,-0.0910589131,-0.0863031567,0.0370377623,25.0000000000,25.0000000000,-0.7003915226,-0.0634870883,-0.2254951758
1.4050000000,-0.2324441215,-0.2259407821,-0.0595764190,-0.0868559303,0.0280758343,25.0000000000,25.0000000000,-0.6975249412,-0.0632313277,-0.2254951758
1.4060000000,-0.2312693017,-0.2259852530,-0.0364230620,-0.0867264086,0.0200516848,25.0000000000,25.0000000000,-0.6750607612,-0.0612069443,-0.2254951758
1.4070000000,-0.2300579618,-0.2260109833,-0.0201173239,-0.0856319728,0.0138037059,25.0000000000,25.0000000000,-0.6291968389,-0.0570701295,-0.2254951758
1.4080000000,-0.2288102932,-0.2260235669,-0.0085976527,-0.0829710299,0.0097931463,25.0000000000,25.0000000000,-0.5587698807,-0.0507133723,-0.2254951758
1.4090000000,-0.2275264927,-0.2260264441,0.0002845782,-0.0774957744,0.0079509039,25.0000000000,25.0000000000,-0.4651421984,-0.0422537826,-0.2254951758
1.4100000000,-0.2262067631,-0.2260212234,0.0080988464,-0.0667831157,0.0074972296,25.0000000000,25.0000000000,-0.3517196643,-0.0319872811,-0.2254951758
1.4110000000,-0.2248513129,-0.2260084360,0.0155606915,-0.0485456163,0.0072764265,25.0000000000,25.0000000000,-0.2230048848,-0.0203092041,-0.2254951758
1.4120000000,-0.2234603560,-0.2259885310,0.0223758364,-0.0211479599,0.0063592961,25.0000000000,25.0000000000,-0.0832833215,-0.0075982630,-0.2254951758
1.4130000000,-0.2220341122,-0.2259624710,0.0281302805,0.0124985654,0.0053059515,25.0000000000,25.0000000000,0.0645649849,0.0058729652,-0.2254951758
1.4140000000,-0.2205728066,-0.2259312287,0.0330131928,0.0489427263,0.0045709571,25.0000000000,25.0000000000,0.2195601328,0.0200006549,-0.2254951758
1.4150000000,-0.2190766700,-0.2258953687,0.0375636427,0.0863429941,0.0045211532,25.0000000000,25.0000000000,0.3817302359,0.0347790437,-0.2254951758
1.4160000000,-0.2175459387,-0.2258545614,0.0429647155,0.1218822422,0.0060453637,25.0000000000,25.0000000000,0.5509288746,0.0501822511,-0.2254951758
1.4170000000,-0.2159808543,-0.2258065245,0.0516887957,0.1506974381,0.0105777937,25.0000000000,25.0000000000,0.7265548566,0.0661342098,-0.2254951758
1.4180000000,-0.2143816640,-0.2257459111,0.0669571854,0.1712507691,0.0182333411,25.0000000000,25.0000000000,0.9067426804,0.0824599296,-0.2254951758
1.4190000000,-0.2127486204,-0.2256645205,0.0912869911,0.1861705283,0.0280038036,25.0000000000,25.0000000000,1.0872292252,0.0987871848,-0.2254951758
1.4200000000,-0.2110819814,-0.2255523156,0.1261048954,0.1975644372,0.0388027351,25.0000000000,25.0000000000,1.2617298011,0.1145592813,-0.2254951758
1.4210000000,-0.2093820100,-0.2253984878,0.1717993118,0.2062180884,0.0496228577,25.0000000000,25.0000000000,1.4238973988,0.1292079552,-0.2254951758
1.4220000000,-0.2076489748,-0.2251924374,0.2278171966,0.2122914771,0.0595648170,25.0000000000,25.0000000000,1.5687387213,0.1422840806,-0.2254951758
1.4230000000,-0.2058831494,-0.2249246342,0.2927986313,0.2158168580,0.0678810013,25.0000000000,25.0000000000,1.6932483825,0.1535170473,-0.2254951758
1.4240000000,-0.2040848127,-0.2245873149,0.3647574640,0.2169131086,0.0740208991,25.0000000000,25.0000000000,1.7966045978,0.1628333561,-0.2239611950
1.4250000000,-0.2022542486,-0.2241749754,0.4412998077,0.2158497924,0.0776633599,25.0000000000,25.0000000000,1.8800980024,0.1703504948,-0.2239611950
1.4260000000,-0.2003917462,-0.2236855587,0.5178758975,0.1779964436,0.0751862980,25.0000000000,25.0000000000,1.7535032435,0.1587750510,-0.2239611950
1.4270000000,-0.1984975997,-0.2231222920,0.5897948200,0.1818842243,0.0697440464,25.0000000000,25.0000000000,1.8077348504,0.1636782938,-0.2224272142
1.4280000000,-0.1965721080,-0.2224908120,0.6556989759,0.1858544826,0.0634935457,25.0000000000,25.0000000000,1.8578303642,0.1682092872,-0.2224272142
1.4290000000,-0.1946155754,-0.2217983407,0.7132272568,0.1516348430,0.0535291665,25.0000000000,25.0000000000,1.7205697722,0.1556893256,-0.2224272142
1.4300000000,-0.1926283107,-0.2210548886,0.7603322968,0.1593218438,0.0433619748,25.0000000000,25.0000000000,1.7888818806,0.1618781957,-0.2208932335
1.4310000000,-0.1906106278,-0.2202700719,0.7985319933,0.1682217787,0.0353080625,25.0000000000,25.0000000000,1.8760174143,0.1697683336,-0.2208932335
1.4320000000,-0.1885628452,-0.2194521857,0.8283621013,0.1401582922,0.0263989637,25.0000000000,25.0000000000,1.7945188363,0.1622997073,-0.2193592527
1.4330000000,-0.1864852864,-0.2186095287,0.8504645993,0.1548487538,0.0198538234,25.0000000000,25.0000000000,1.9315590889,0.1747118492,-0.2193592527
1.4340000000,-0.1843782793,-0.2177484923,0.8666389962,0.1359754621,0.0139530283,25.0000000000,25.0000000000,1.9004798685,0.1718269046,-0.2178252719
1.4350000000,-0.1822421569,-0.2168740540,0.8788892719,0.1577907805,0.0116296902,25.0000000000,25.0000000000,2.0868455824,0.1887148758,-0.2162912911
1.4360000000,-0.1800772562,-0.2159882075,0.8898981668,0.1441390513,0.0106327336,25.0000000000,25.0000000000,2.1014408850,0.1899682737,-0.2162912911
1.4370000000,-0.1778839193,-0.2150919144,0.9000297757,0.1346635586,0.0098235516,25.0000000000,25.0000000000,2.1334359720,0.1928080315,-0.2147573103
1.4380000000,-0.1756624924,-0.2141849396,0.9116047739,0.1664099084,0.0130153578,25.0000000000,25.0000000000,2.3706792358,0.2143243001,-0.2147573103
1.4390000000,-0.1734133265,-0.2132637766,0.9274491495,0.1587962902,0.0174621703,25.0000000000,25.0000000000,2.4237719875,0.2190731353,-0.2132233295
1.4400000000,-0.1711367765,-0.2123231795,0.9494717245,0.1873339413,0.0249882531,25.0000000000,25.0000000000,2.6746022041,0.2417990001,-0.2116893487
1.4410000000,-0.1688332020,-0.2113556526,0.9792629622,0.1769152527,0.0324214812,25.0000000000,25.0000000000,2.7307883197,0.2468138813,-0.2116893487
1.4420000000,-0.1665029669,-0.2103542638,1.0153186938,0.1677462330,0.0379349011,25.0000000000,25.0000000000,2.7800351115,0.2512092273,-0.2101553679
1.4430000000,-0.1641464389,-0.2093131039,1.0575600253,0.1972878170,0.0449043750,25.0000000000,25.0000000000,3.0108395116,0.2721354867,-0.2086213872
1.4440000000,-0.1617639904,-0.2082255837,1.1061397293,0.1854165034,0.0504070470,25.0000000000,25.0000000000,3.0364895617,0.2743928276,-0.2086213872
1.4450000000,-0.1593559974,-0.2070870057,1.1582909506,0.1731469745,0.0528021191,25.0000000000,25.0000000000,3.0498865164,0.2755444923,-0.2070874064
1.4460000000,-0.1569228403,-0.2058948064,1.2129300099,0.1990436121,0.0557683506,25.0000000000,25.0000000000,3.2439184926,0.2931415021,-0.2055534256
1.4470000000,-0.1544649033,-0.2046465278,1.2695653293,0.1837074679,0.0567716597,25.0000000000,25.0000000000,3.2356657965,0.2923289342,-0.2040194448
1.4480000000,-0.1519825744,-0.2033419927,1.3251977338,0.1685966071,0.0545914758,25.0000000000,25.0000000000,3.2211990432,0.2909575562,-0.2040194448
1.4490000000,-0.1494762458,-0.2019840587,1.3769376348,0.1574942094,0.0497682524,25.0000000000,25.0000000000,3.2024428207,0.2892177956,-0.2024854640
1.4500000000,-0.1469463131,-0.2005770883,1.4246375936,0.1841844959,0.0466622169,25.0000000000,25.0000000000,3.3776718951,0.3051244252,-0.2009514832
1.4510000000,-0.1443931759,-0.1991243071,1.4692016236,0.1698929946,0.0431197505,25.0000000000,25.0000000000,3.3666642940,0.3040683733,-0.1994175024
1.4520000000,-0.1418172373,-0.1976296310,1.5093221709,0.1567478914,0.0381695781,25.0000000000,25.0000000000,3.3656297605,0.3039159599,-0.1978835216
1.4530000000,-0.1392189041,-0.1960982078,1.5439613771,0.1486872158,0.0324570384,25.0000000000,25.0000000000,3.3747953561,0.3047053799,-0.1963495408
1.4540000000,-0.1365985867,-0.1945357514,1.5728416338,0.1442664640,0.0267447681,25.0000000000,25.0000000000,3.3960825779,0.3066032343,-0.1948155601
1.4550000000,-0.1339566987,-0.1929478113,1.5963752435,0.1423651079,0.0216722984,25.0000000000,25.0000000000,3.4317661102,0.3098094023,-0.1932815793
1.4560000000,-0.1312936575,-0.1913391716,1.6155218800,0.1424472334,0.0177323079,25.0000000000,25.0000000000,3.4833088667,0.3144532638,-0.1917475985
1.4570000000,-0.1286098834,-0.1897133965,1.6316378457,0.1442095245,0.0152642025,25.0000000000,25.0000000000,3.5508931007,0.3205498718,-0.1902136177
1.4580000000,-0.1259058004,-0.1880725322,1.6463182362,0.1473729708,0.0144469975,25.0000000000,25.0000000000,3.6333688849,0.3279943724,-0.1886796369
1.4590000000,-0.1231818354,-0.1864169691,1.6612355575,0.1516119561,0.0152986634,25.0000000000,25.0000000000,3.7284184331,0.3365764893,-0.1871456561
1.4600000000,-0.1204384185,-0.1847454618,1.6779844793,0.1565503085,0.0176865482,25.0000000000,25.0000000000,3.8328374514,0.3460058529,-0.1840776945
1.4610000000,-0.1176759830,-0.1830552954,1.6979443454,0.1617842585,0.0213493778,25.0000000000,25.0000000000,3.9428798451,0.3559431584,-0.1825437138
1.4620000000,-0.1148949652,-0.1813434994,1.7201832602,0.1318670768,0.0223862280,25.0000000000,25.0000000000,3.8612616991,0.3484554102,-0.1810097330
1.4630000000,-0.1120958040,-0.1796090393,1.7431620692,0.1444373129,0.0233809912,25.0000000000,25.0000000000,3.9705837027,0.3583608620,-0.1794757522
1.4640000000,-0.1092789417,-0.1778505683,1.7679597428,0.1569441541,0.0256981468,25.0000000000,25.0000000000,4.0771377361,0.3680166616,-0.1779417714
1.4650000000,-0.1064448229,-0.1760655029,1.7957536802,0.1653457849,0.0290448383,25.0000000000,25.0000000000,4.1826962898,0.3775642864,-0.1764077906
1.4660000000,-0.1035938952,-0.1742503510,1.8272794107,0.1710612727,0.0329549413,25.0000000000,25.0000000000,4.2865729026,0.3869482853,-0.1748738098
1.4670000000,-0.1007266089,-0.1724011633,1.8628337483,0.1751636747,0.0370117386,25.0000000000,25.0000000000,4.3868800884,0.3960034479,-0.1718058482
1.4680000000,-0.0978434167,-0.1705139351,1.9023348452,0.1780876579,0.0408583314,25.0000000000,25.0000000000,4.4817149924,0.4045603041,-0.1702718675
1.4690000000,-0.0949447739,-0.1685858764,1.9433950431,0.1449323371,0.0406555510,25.0000000000,25.0000000000,4.3763585730,0.3949193865,-0.1687378867
1.4700000000,-0.0920311382,-0.1666175076,1.9831641496,0.1537768336,0.0391778992,25.0000000000,25.0000000000,4.4565429473,0.4021830440,-0.1672039059
1.4710000000,-0.0891029697,-0.1646101964,2.0216650042,0.1624659897,0.0380793670,25.0000000000,25.0000000000,4.5319674402,0.4090171838,-0.1641359443
1.4720000000,-0.0861607308,-0.1625649267,2.0593517843,0.1673116427,0.0374219461,25.0000000000,25.0000000000,4.6077669200,0.4158677930,-0.1626019635
1.4730000000,-0.0832048861,-0.1604831923,2.0946257706,0.1349819072,0.0335809422,25.0000000000,25.0000000000,4.4929075605,0.4053744735,-0.1610679827
1.4740000000,-0.0802359025,-0.1583688841,2.1256223250,0.1447730990,0.0295180457,25.0000000000,25.0000000000,4.5742600527,0.4127476313,-0.1580000212
1.4750000000,-0.0772542486,-0.1562256543,2.1535018736,0.1550022319,0.0270137705,25.0000000000,25.0000000000,4.6610957515,0.4206167444,-0.1564660404
1.4760000000,-0.0742603954,-0.1540565113,2.1779387137,0.1269819617,0.0226204476,25.0000000000,25.0000000000,4.5637259679,0.4117184744,-0.1533980788
1.4770000000,-0.0712548156,-0.1518655962,2.1983000133,0.1402782851,0.0191874461,25.0000000000,25.0000000000,4.6686478710,0.4212307915,-0.1518640980
1.4780000000,-0.0682379839,-0.1496566045,2.2148291272,0.1186491113,0.0147684802,25.0000000000,25.0000000000,4.5899439480,0.4140429192,-0.1503301172
1.4790000000,-0.0652103766,-0.1474334664,2.2278456175,0.1365712158,0.0122270145,25.0000000000,25.0000000000,4.7151518656,0.4254036420,-0.1472621556
1.4800000000,-0.0621724718,-0.1451978790,2.2403623616,0.1532584249,0.0129390125,25.0000000000,25.0000000000,4.8513674687,0.4377504856,-0.1457281748
1.4810000000,-0.0591247493,-0.1429493207,2.2534548783,0.1307303258,0.0129860208,25.0000000000,25.0000000000,4.8050225690,0.4334737915,-0.1426602133
1.4820000000,-0.0560676902,-0.1406873074,2.2673974696,0.1486788368,0.0147111415,25.0000000000,25.0000000000,4.9583291426,0.4473660436,-0.1411262325
1.4830000000,-0.0530017775,-0.1384103241,2.2828247628,0.1307244903,0.0156494601,25.0000000000,25.0000000000,4.9214542493,0.4439631058,-0.1380582709
1.4840000000,-0.0499274951,-0.1361170180,2.2999407400,0.1511655691,0.0181683870,25.0000000000,25.0000000000,5.0788289715,0.4582330856,-0.1365242901
1.4850000000,-0.0468453286,-0.1338051402,2.3191957442,0.1340513363,0.0196657790,25.0000000000,25.0000000000,5.0421342618,0.4548501647,-0.1334563285
1.4860000000,-0.0437557647,-0.1314728601,2.3405017315,0.1544318602,0.0224252375,25.0000000000,25.0000000000,5.1966205490,0.4688596524,-0.1319223478
1.4870000000,-0.0406592913,-0.1291177755,2.3639725118,0.1367854105,0.0238217150,25.0000000000,25.0000000000,5.1546100434,0.4649954337,-0.1288543862
1.4880000000,-0.0375563973,-0.1267382387,2.3891896867,0.1563877710,0.0261604377,25.0000000000,25.0000000000,5.3020445359,0.4783661193,-0.1273204054
1.4890000000,-0.0344475727,-0.1243323364,2.4159789703,0.1378572067,0.0268695858,25.0000000000,25.0000000000,5.2520184761,0.4737757961,-0.1242524438
1.4900000000,-0.0313333084,-0.1218991574,2.4437013377,0.1565745882,0.0283292662,25.0000000000,25.0000000000,5.3912780859,0.4864060194,-0.1211844822
1.4910000000,-0.0282140962,-0.1194376945,2.4720452507,0.1372432505,0.0280551039,25.0000000000,25.0000000000,5.3336847280,0.4811303505,-0.1196505015
1.4920000000,-0.0250904287,-0.1169489522,2.4983381226,0.1202634911,0.0249756948,25.0000000000,25.0000000000,5.2732825643,0.4756122287,-0.1165825399
1.4930000000,-0.0219627991,-0.1144356469,2.5221009092,0.1434337025,0.0232368704,25.0000000000,25.0000000000,5.4041372923,0.4875053133,-0.1150485591
1.4940000000,-0.0188317014,-0.1118997450,2.5438315555,0.1269244996,0.0206403751,25.0000000000,25.0000000000,5.3437932858,0.4819945505,-0.1119805975
1.4950000000,-0.0156976299,-0.1093434080,2.5637583349,0.1469596477,0.0197096873,25.0000000000,25.0000000000,5.4811452838,0.4944588528,-0.1089126359
1.4960000000,-0.0125610795,-0.1067677626,2.5825451786,0.1290539089,0.0180513344,25.0000000000,25.0000000000,5.4302541300,0.4897934077,-0.1073786552
1.4970000000,-0.0094225457,-0.1041749335,2.5985481322,0.1139004557,0.0146223138,25.0000000000,25.0000000000,5.3841659952,0.4855730647,-0.1043106936
1.4980000000,-0.0062825239,-0.1015677351,2.6122962288,0.1392798112,0.0135180239,25.0000000000,25.0000000000,5.5352148587,0.4992953918,-0.1012427320
1.4990000000,-0.0031415100,-0.0989472808,2.6251952367,0.1252041368,0.0124112693,25.0000000000,25.0000000000,5.4987781757,0.4959494038,-0.0997087512
1.5000000000,-0.0000000000,-0.0963150013,2.6362233370,0.1126403987,0.0100884048,25.0000000000,25.0000000000,5.4680265527,0.4931223939,-0.0966407896
1.5010000000,0.0031415100,-0.0936725105,2.6463473306,0.1399383738,0.0104600120,25.0000000000,25.0000000000,5.6343909322,0.5082331397,-0.0935728281
1.5020000000,0.0062825239,-0.0910193961,2.6572300839,0.1273476621,0.0110206977,25.0000000000,25.0000000000,5.6120082450,0.5061599665,-0.0905048665
1.5030000000,0.0094225457,-0.0883554160,2.6679332566,0.1158781407,0.0103861170,25.0000000000,25.0000000000,5.5928757850,0.5043846569,-0.0889708857
1.5040000000,0.0125610795,-0.0856814584,2.6773580374,0.1088140749,0.0087674859,25.0000000000,25.0000000000,5.5741479788,0.5026656471,-0.0859029241
1.5050000000,0.0156976299,-0.0829983728,2.6867366179,0.1394375248,0.0100702095,25.0000000000,25.0000000000,5.7490992286,0.5185649644,-0.0828349625
1.5060000000,0.0188317014,-0.0803048037,2.6978459447,0.1285132729,0.0116086556,25.0000000000,25.0000000000,5.7327337047,0.5170413845,-0.0797670010
1.5070000000,0.0219627991,-0.0775995556,2.7097001786,0.1177882644,0.0118544203,25.0000000000,25.0000000000,5.7171208283,0.5155865082,-0.0782330202
1.5080000000,0.0250904287,-0.0748826862,2.7210390881,0.1109273685,0.0109215109,25.0000000000,25.0000000000,5.6993054502,0.5139506143,-0.0751650586
1.5090000000,0.0282140962,-0.0721544242,2.7328600462,0.1413853623,0.0126550026,25.0000000000,25.0000000000,5.8725685701,0.5296971025,-0.0720970970
1.5100000000,0.0313333084,-0.0694130559,2.7466648550,0.1300225127,0.0143403036,25.0000000000,25.0000000000,5.8521226316,0.5278039421,-0.0690291355
1.5110000000,0.0344475727,-0.0666573116,2.7611817436,0.1186612390,0.0144486551,25.0000000000,25.0000000000,5.8304386167,0.5257992503,-0.0659611739
1.5120000000,0.0375563973,-0.0638874527,2.7748805830,0.1110397069,0.0131193941,25.0000000000,25.0000000000,5.8051105023,0.5234831070,-0.0644271931
1.5130000000,0.0406592913,-0.0611050872,2.7865413412,0.1056387111,0.0107017159,25.0000000000,25.0000000000,5.7766910597,0.5208984680,-0.0613592315
1.5140000000,0.0437557647,-0.0583118941,2.7972828851,0.1364371122,0.0110873754,25.0000000000,25.0000000000,5.9407519851,0.5358174631,-0.0582912699
1.5150000000,0.0468453286,-0.0555074585,2.8087780850,0.1250651549,0.0116181848,25.0000000000,25.0000000000,5.9135747893,0.5333178421,-0.0552233084
1.5160000000,0.0499274951,-0.0526916002,2.8199884516,0.1137337564,0.0108286743,25.0000000000,25.0000000000,5.8880105497,0.5309637151,-0.0521553468
1.5170000000,0.0530017775,-0.0498654004,2.8296728999,0.1063203509,0.0089076322,25.0000000000,25.0000000000,5.8616287446,0.5285535822,-0.0506213660
1.5180000000,0.0560676902,-0.0470309748,2.8369343621,0.1013258817,0.0062282048,25.0000000000,25.0000000000,5.8346759664,0.5261029064,-0.0475534044
1.5190000000,0.0591247493,-0.0441901812,2.8432203440,0.1326945682,0.0066769270,25.0000000000,25.0000000000,6.0022057502,0.5413369801,-0.0444854428
1.5200000000,0.0621724718,-0.0413424671,2.8505094072,0.1219961112,0.0075625100,25.0000000000,25.0000000000,5.9798322595,0.5392731590,-0.0414174813
1.5210000000,0.0652103766,-0.0384872374,2.8580205344,0.1113700034,0.0073629174,25.0000000000,25.0000000000,5.9596573339,0.5374077328,-0.0383495197
1.5220000000,0.0682379839,-0.0356249420,2.8647023674,0.1046213775,0.0061933355,25.0000000000,25.0000000000,5.9384892533,0.5354702993,-0.0352815581
1.5230000000,0.0712548156,-0.0327569248,2.8697675053,0.1001857153,0.0043438566,25.0000000000,25.0000000000,5.9158684258,0.5334124064,-0.0322135965
1.5240000000,0.0742603954,-0.0298853269,2.8723392201,0.0985357636,0.0015240321,25.0000000000,25.0000000000,5.8928091860,0.5313275652,-0.0291456350
1.5250000000,0.0772542486,-0.0270130288,2.8718956357,0.0980122721,-0.0015421455,25.0000000000,25.0000000000,5.8708847276,0.5293500307,-0.0276116542
1.5260000000,0.0802359025,-0.0241430529,2.8684670123,0.0975686298,-0.0044643522,25.0000000000,25.0000000000,5.8519774755,0.5276446763,-0.0245436926
1.5270000000,0.0832048861,-0.0212747035,2.8682981754,0.1307058314,-0.0001089029,25.0000000000,25.0000000000,6.0310783519,0.5439291571,-0.0214757310
1.5280000000,0.0861607308,-0.0184064283,2.8682771883,0.1205303765,0.0000241658,25.0000000000,25.0000000000,6.0225036095,0.5431108224,-0.0184077695
1.5290000000,0.0891029697,-0.0155381118,2.8683476407,0.1091375966,0.0000913850,25.0000000000,25.0000000000,6.0116456162,0.5420813060,-0.0153398079
1.5300000000,0.0920311382,-0.0126693127,2.8694992031,0.1020771272,0.0022936041,25.0000000000,25.0000000000,5.9983454525,0.5408512891,-0.0122718463
1.5310000000,0.0949447739,-0.0097983122,2.8718885504,0.0990341668,0.0023367057,25.0000000000,25.0000000000,5.9827203378,0.5394299141,-0.0092038847
1.5320000000,0.0978434167,-0.0069252799,2.8735911774,0.0985988196,0.0013399607,25.0000000000,25.0000000000,5.9636032676,0.5377056945,-0.0076699039
1.5330000000,0.1007266089,-0.0040513438,2.8739518713,0.0981182073,-0.0001875791,25.0000000000,25.0000000000,5.9402795844,0.5356022968,-0.0046019424
1.5340000000,0.1035938952,-0.0011768905,2.8751230231,0.1296811616,0.0023301492,25.0000000000,25.0000000000,6.1082571742,0.5508775885,-0.0015339808
1.5350000000,0.1064448229,0.0017005935,2.8792209473,0.1182074953,0.0050257152,25.0000000000,25.0000000000,6.0828576895,0.5485376634,0.0015339808
1.5360000000,0.1092789417,0.0045834053,2.8850920793,0.1068845915,0.0062136952,25.0000000000,25.0000000000,6.0551733885,0.5459925782,0.0046019424
1.5370000000,0.1120958040,0.0074723525,2.8912039318,0.0993124859,0.0059170893,25.0000000000,25.0000000000,6.0213709723,0.5429132069,0.0076699039
1.5380000000,0.1148949652,0.0103664287,2.8954550149,0.0971610394,0.0032513744,25.0000000000,25.0000000000,5.9809791275,0.5392646108,0.0107378655
1.5390000000,0.1176759830,0.0132627340,2.8963611610,0.0963638560,-0.0004021251,25.0000000000,25.0000000000,5.9359282419,0.5352023815,0.0138058271
1.5400000000,0.1204384185,0.0161574715,2.8932421975,0.0953404141,-0.0046199348,25.0000000000,25.0000000000,5.8898057836,0.5310425950,0.0168737887
1.5410000000,0.1231818354,0.0190505059,2.8928954897,0.0959175812,-0.0003856020,25.0000000000,25.0000000000,5.8461345075,0.5271108456,0.0184077695
1.5420000000,0.1259058004,0.0219431252,2.8924420829,0.0966297909,-0.0004849633,25.0000000000,25.0000000000,5.8076321506,0.5236453730,0.0214757310
1.5430000000,0.1286098834,0.0248352957,2.8920243274,0.1262412939,-0.0003656531,25.0000000000,25.0000000000,5.9606263409,0.5375620185,0.0245436926
1.5440000000,0.1312936575,0.0277271235,2.8917197747,0.1113739246,-0.0002768031,25.0000000000,25.0000000000,5.9185105111,0.5337008295,0.0276116542
1.5450000000,0.1339566987,0.0306186733,2.8914450747,0.0976819892,-0.0002863812,25.0000000000,25.0000000000,5.8738903567,0.5296193204,0.0306796158
1.5460000000,0.1365985867,0.0335098962,2.8910731464,0.0949192625,-0.0004178802,25.0000000000,25.0000000000,5.8260382009,0.5252958706,0.0337475773
1.5470000000,0.1392189041,0.0364006608,2.8905635255,0.0953504878,-0.0005532363,25.0000000000,25.0000000000,5.7753000820,0.5207268114,0.0368155389
1.5480000000,0.1418172373,0.0392908326,2.8899210371,0.0952985637,-0.0006856500,25.0000000000,25.0000000000,5.7219745988,0.5159224799,0.0398835005
1.5490000000,0.1443931759,0.0421802775,2.8891427159,0.0950153569,-0.0008234772,25.0000000000,25.0000000000,5.6661316797,0.5108903106,0.0414174813
1.5500000000,0.1469463131,0.0450688557,2.8882222790,0.0947479991,-0.0009675970,25.0000000000,25.0000000000,5.6077679922,0.5056311164,0.0444854428
1.5510000000,0.1494762458,0.0479564997,2.8873116071,0.1217791434,-0.0008655735,25.0000000000,25.0000000000,5.7406190014,0.5177214377,0.0475534044
1.5520000000,0.1519825744,0.0508432929,2.8864880158,0.1045543837,-0.0008077563,25.0000000000,25.0000000000,5.6780016038,0.5120026417,0.0506213660
1.5530000000,0.1544649033,0.0537292466,2.8856168630,0.0938277932,-0.0009193796,25.0000000000,25.0000000000,5.6122634601,0.5060319684,0.0536893276
1.5540000000,0.1569228403,0.0566142238,2.8845706802,0.0931033565,-0.0011085352,25.0000000000,25.0000000000,5.5429899418,0.4997878477,0.0567572892
1.5550000000,0.1593559974,0.0594980378,2.8833384617,0.0934468469,-0.0012912216,25.0000000000,25.0000000000,5.4706543718,0.4932726770,0.0598252507
1.5560000000,0.1617639904,0.0623805056,2.8819234188,0.0932231706,-0.0014749885,25.0000000000,25.0000000000,5.3954892578,0.4865000375,0.0628932123
1.5570000000,0.1641464389,0.0652614411,2.8803201373,0.0928985832,-0.0016654975,25.0000000000,25.0000000000,5.3175362222,0.4794757794,0.0659611739
1.5580000000,0.1665029669,0.0681406520,2.8785218640,0.0926029944,-0.0018625472,25.0000000000,25.0000000000,5.2367929656,0.4722002807,0.0674951547
1.5590000000,0.1688332020,0.0710179393,2.8765223391,0.0923128755,-0.0020657573,25.0000000000,25.0000000000,5.1532457184,0.4646721948,0.0705631162
1.5600000000,0.1711367765,0.0738782167,2.8440811737,0.1070834324,-0.0443742656,25.0000000000,25.0000000000,5.2612363545,0.4744676150,0.0736310778
1.5610000000,0.1734133265,0.0766915909,2.7936075142,0.0817624312,-0.0545029318,25.0000000000,25.0000000000,5.1732613900,0.4664278839,0.0766990394
1.5620000000,0.1756624924,0.0794476329,2.7322613451,0.0782928787,-0.0648825287,25.0000000000,25.0000000000,5.1197691196,0.4615931318,0.0797670010
1.5630000000,0.1778839193,0.0821373906,2.6636862676,0.0810157763,-0.0701158641,25.0000000000,25.0000000000,5.1049497387,0.4602703178,0.0828349625
1.5640000000,0.1800772562,0.0847570960,2.5934187326,0.0834721921,-0.0698582228,25.0000000000,25.0000000000,5.1216999659,0.4617904122,0.0843689433
1.5650000000,0.1822421569,0.0873082691,2.5265130446,0.0861247124,-0.0647915128,25.0000000000,25.0000000000,5.1616267069,0.4653993642,0.0874369049
1.5660000000,0.1843782793,0.0897988805,2.4710952106,0.1153213553,-0.0492700361,25.0000000000,25.0000000000,5.4072805555,0.4876618579,0.0905048665
1.5670000000,0.1864852864,0.0922445586,2.4325508777,0.1044303527,-0.0322225026,25.0000000000,25.0000000000,5.4596834786,0.4923337834,0.0920388473
1.5680000000,0.1885628452,0.0946619838,2.4102532066,0.0975520728,-0.0167186814,25.0000000000,25.0000000000,5.4953525585,0.4955162308,0.0951068088
1.5690000000,0.1906106278,0.0970670284,2.4040434307,0.1293174838,0.0001327962,25.0000000000,25.0000000000,5.6926043654,0.5134297513,0.0966407896
1.5700000000,0.1926283107,0.0994758111,2.4133301558,0.1175860541,0.0142743294,25.0000000000,25.0000000000,5.6585534669,0.5103092585,0.0997087512
1.5710000000,0.1946155754,0.1019004858,2.4292158075,0.1368972293,0.0013910265,25.0000000000,25.0000000000,5.7765096003,0.5210229245,0.1012427320
1.5720000000,0.1965721080,0.1043305957,2.4306505790,0.1047128260,0.0014443750,25.0000000000,25.0000000000,5.6594984341,0.5103364032,0.1043106936
1.5730000000,0.1984975997,0.1067621565,2.4321101212,0.1076966425,0.0014694186,25.0000000000,25.0000000000,5.7042851741,0.5143846852,0.1073786552
1.5740000000,0.2003917462,0.1091951178,2.4334378247,0.0888302885,0.0012272135,25.0000000000,25.0000000000,5.5556733678,0.5009112507,0.1089126359
1.5750000000,0.2022542486,0.1116291820,2.4343899649,0.0860781481,0.0008137862,25.0000000000,25.0000000000,5.4045436042,0.4872835596,0.1119805975
1.5760000000,0.2040848127,0.1140640613,2.4351736086,0.1046943722,0.0007872651,25.0000000000,25.0000000000,5.4447613496,0.4909906368,0.1135145783
1.5770000000,0.2058831494,0.1164996512,2.4358040041,0.0884414237,0.0005271300,25.0000000000,25.0000000000,5.2887009006,0.4768579254,0.1165825399
1.5780000000,0.2076489748,0.1189357637,2.4362969735,0.1026268479,0.0004930119,25.0000000000,25.0000000000,5.3229478830,0.4800071374,0.1196505015
1.5790000000,0.2093820100,0.1213722795,2.4366071926,0.0872400039,0.0001959249,25.0000000000,25.0000000000,5.1600393096,0.4652613793,0.1211844822
1.5800000000,0.2110819814,0.1238088577,2.4365072742,0.0846553589,-0.0002477006,25.0000000000,25.0000000000,4.9928212098,0.4501850430,0.1242524438
1.5810000000,0.2127486204,0.1262451802,2.4362104824,0.1022088134,-0.0002966417,25.0000000000,25.0000000000,5.0160080023,0.4523530129,0.1257864246
1.5820000000,0.2143816640,0.1286811107,2.4357207086,0.0862557059,-0.0006097406,25.0000000000,25.0000000000,4.8423017118,0.4366319367,0.1288543862
1.5830000000,0.2159808543,0.1311164155,2.4350515769,0.1002861739,-0.0006750333,25.0000000000,25.0000000000,4.8586012841,0.4381635669,0.1303883670
1.5840000000,0.2175459387,0.1335509382,2.4341597822,0.0851125254,-0.0010217919,25.0000000000,25.0000000000,4.6775299152,0.4217824812,0.1334563285
1.5850000000,0.2190766700,0.1359844179,2.4330662175,0.0995055925,-0.0011030349,25.0000000000,25.0000000000,4.6862991388,0.4226373350,0.1365242901
1.5860000000,0.2205728066,0.1384166814,2.4317340532,0.0843126529,-0.0014680388,25.0000000000,25.0000000000,4.4976294283,0.4055716271,0.1380582709
1.5870000000,0.2220341122,0.1408473254,2.4299295814,0.0820086631,-0.0019708801,25.0000000000,25.0000000000,4.3044708790,0.3881595777,0.1411262325
1.5880000000,0.2234603560,0.1432603420,2.3958624818,0.0922458677,-0.0476855013,25.0000000000,25.0000000000,4.3019682120,0.3879802257,0.1426602133
1.5890000000,0.2248513129,0.1456204588,2.3362546073,0.0686885002,-0.0666635967,25.0000000000,25.0000000000,4.1024915038,0.3699032368,0.1457281748
1.5900000000,0.2262067631,0.1479114265,2.2627535200,0.0826253346,-0.0763691353,25.0000000000,25.0000000000,4.1332764127,0.3727394306,0.1472621556
1.5910000000,0.2275264927,0.1501234990,2.1805516519,0.0701069591,-0.0853690976,25.0000000000,25.0000000000,4.0190049534,0.3623883154,0.1503301172
1.5920000000,0.2288102932,0.1522511290,2.0964195926,0.0877082669,-0.0823614936,25.0000000000,25.0000000000,4.1381132944,0.3731980818,0.1518640980
1.5930000000,0.2300579618,0.1542971394,2.0161658668,0.0762400422,-0.0790101213,25.0000000000,25.0000000000,4.0922239359,0.3690122467,0.1549320596
1.5940000000,0.2312693017,0.1562678397,1.9452505417,0.0944795828,-0.0653990262,25.0000000000,25.0000000000,4.2544562382,0.3837099295,0.1564660404
1.5950000000,0.2324441215,0.1581759218,1.8871278354,0.0829297922,-0.0541341812,25.0000000000,25.0000000000,4.2230618261,0.3808295780,0.1580000212
1.5960000000,0.2335822356,0.1600346290,1.8439590099,0.1011064008,-0.0362558240,25.0000000000,25.0000000000,4.3710976721,0.3942480173,0.1595340019
1.5970000000,0.2346834644,0.1618619974,1.8198262508,0.1129893227,-0.0169473791,25.0000000000,25.0000000000,4.4937413350,0.4053505226,0.1626019635
1.5980000000,0.2357476340,0.1636771275,1.8145954296,0.1211228836,0.0015310472,25.0000000000,25.0000000000,4.5823519856,0.4133701018,0.1641359443
1.5990000000,0.2367745762,0.1654967019,1.8237884081,0.0933211242,0.0126678882,25.0000000000,25.0000000000,4.4339614636,0.3998763531,0.1656699251
1.6000000000,0.2377641291,0.1673309025,1.8414398236,0.1025588397,0.0205881901,25.0000000000,25.0000000000,4.4305851872,0.3996137954,0.1672039059
1.6010000000,0.2387161362,0.1691730544,1.8425716493,0.0978374036,0.0011093574,25.0000000000,25.0000000000,4.3830565170,0.3953106655,0.1687378867
1.6020000000,0.2396304473,0.1710162551,1.8435529669,0.0928096484,0.0009105182,25.0000000000,25.0000000000,4.2999709207,0.3878028291,0.1702718675
1.6030000000,0.2405069179,0.1728602993,1.8443120704,0.0928114992,0.0006853769,25.0000000000,25.0000000000,4.2174623028,0.3803696286,0.1733398290
1.6040000000,0.2413454097,0.1747049636,1.8448496227,0.0929257129,0.0004658320,25.0000000000,25.0000000000,4.1331467714,0.3727741493,0.1748738098
1.6050000000,0.2421457903,0.1765499025,1.8449130153,0.0758278159,-0.0001602160,25.0000000000,25.0000000000,3.8515408894,0.3473272324,0.1764077906
1.6060000000,0.2429079332,0.1783945800,1.8444987822,0.0910244492,-0.0005121440,25.0000000000,25.0000000000,3.7597781978,0.3391287766,0.1779417714
1.6070000000,0.2436317182,0.1802386810,1.8438366638,0.0927153412,-0.0007318455,25.0000000000,25.0000000000,3.6650320418,0.3306007035,0.1794757522
1.6080000000,0.2443170309,0.1820819790,1.8429462787,0.0914640267,-0.0009690631,25.0000000000,25.0000000000,3.5667712574,0.3217427440,0.1825437138
1.6090000000,0.2449637631,0.1839242314,1.8418054886,0.0908707761,-0.0012246872,25.0000000000,25.0000000000,3.4645148451,0.3125277823,0.1840776945
1.6100000000,0.2455718127,0.1857443802,1.8042811029,0.0661984431,-0.0458933422,25.0000000000,25.0000000000,3.1642001441,0.2853612672,0.1856116753
1.6110000000,0.2461410836,0.1875137347,1.7462767950,0.0746625379,-0.0640025128,25.0000000000,25.0000000000,3.0531312514,0.2753931872,0.1871456561
1.6120000000,0.2466714861,0.1892160209,1.6745554086,0.0765642379,-0.0754892439,25.0000000000,25.0000000000,2.9840952629,0.2691822950,0.1886796369
1.6130000000,0.2471629362,0.1908412692,1.5950296301,0.0777062113,-0.0812498211,25.0000000000,25.0000000000,2.9595270613,0.2669740876,0.1902136177
1.6140000000,0.2476153564,0.1923852576,1.5134475247,0.0800938102,-0.0812048656,25.0000000000,25.0000000000,2.9720814503,0.2681158685,0.1917475985
1.6150000000,0.2480286753,0.1938494539,1.4353902783,0.0831096668,-0.0757527499,25.0000000000,25.0000000000,3.0106411595,0.2716033012,0.1932815793
1.6160000000,0.2484028276,0.1952404469,1.3656270063,0.0862494158,-0.0659246991,25.0000000000,25.0000000000,3.0623414481,0.2762751278,0.1948155601
1.6170000000,0.2487377542,0.1965688093,1.3076216961,0.0891436523,-0.0531657052,25.0000000000,25.0000000000,3.1136525747,0.2809107889,0.1963495408
1.6180000000,0.2490334023,0.1978475976,1.2632445900,0.0914588002,-0.0391426181,25.0000000000,25.0000000000,3.1517472001,0.2843531658,0.1978835216
1.6190000000,0.2492897251,0.1990906800,1.2326702602,0.0929335586,-0.0255561602,25.0000000000,25.0000000000,3.1658069410,0.2856264522,0.1994175024
1.6200000000,0.2495066821,0.2003110792,1.2144615176,0.0934112380,-0.0139573957,25.0000000000,25.0000000000,3.1480420524,0.2840281634,0.2009514832
1.6210000000,0.2496842392,0.2015195062,1.2058210716,0.0928510616,-0.0055902830,25.0000000000,25.0000000000,3.0943311591,0.2791868209,0.2009514832
1.6220000000,0.2498223682,0.2027232302,1.2029739491,0.0913255518,-0.0012767755,25.0000000000,25.0000000000,3.0044348044,0.2710811786,0.2024854640
1.6230000000,0.2499210473,0.2039278651,1.2066141604,0.1109151550,0.0065657963,25.0000000000,25.0000000000,3.0758045146,0.2775991236,0.2040194448
1.6240000000,0.2499802611,0.2051395115,1.2147531641,0.0918656560,0.0083375087,25.0000000000,25.0000000000,2.9277130567,0.2641717423,0.2055534256
1.6250000000,0.2500000000,0.2063574074,1.2189144363,0.0852214382,0.0017051603,25.0000000000,25.0000000000,2.7551013658,0.2485912106,0.2070874064
1.6260000000,0.2499802611,0.2075737829,1.2134716181,0.0820039970,-0.0093643090,25.0000000000,25.0000000000,2.5621351134,0.2311923706,0.2070874064
1.6270000000,0.2499210473,0.2087768150,1.1950383857,0.0783371722,-0.0233655787,25.0000000000,25.0000000000,2.3616481349,0.2131139634,0.2086213872
1.6280000000,0.2498223682,0.2099549161,1.1673026332,0.0929315241,-0.0294555074,25.0000000000,25.0000000000,2.3612988408,0.2131482358,0.2101553679
1.6290000000,0.2496842392,0.2111005431,1.1312588187,0.0767228350,-0.0399954131,25.0000000000,25.0000000000,2.1843523270,0.1971340963,0.2116893487
1.6300000000,0.2495066821,0.2122025614,1.0829298164,0.0732147199,-0.0526930905,25.0000000000,25.0000000000,2.0245838443,0.1827247370,0.2116893487
1.6310000000,0.2492897251,0.2132486627,1.0226465398,0.0723683242,-0.0640813047,25.0000000000,25.0000000000,1.8816484276,0.1698438598,0.2132233295
1.6320000000,0.2490334023,0.2142308823,0.9581628146,0.0896764068,-0.0637261890,25.0000000000,25.0000000000,1.9545257259,0.1764873465,0.2147573103
1.6330000000,0.2487377542,0.2151488488,0.8936560743,0.0760495652,-0.0650111525,25.0000000000,25.0000000000,1.8573356524,0.1676701019,0.2147573103
1.6340000000,0.2484028276,0.2160010944,0.8272153082,0.0748645831,-0.0668127058,25.0000000000,25.0000000000,1.7741164341,0.1601675372,0.2162912911
1.6350000000,0.2480286753,0.2167890763,0.7657417006,0.0937670860,-0.0574965196,25.0000000000,25.0000000000,1.8898373316,0.1706779897,0.2162912911
1.6360000000,0.2476153564,0.2175209802,0.7123166081,0.0805923287,-0.0512826619,25.0000000000,25.0000000000,1.8144234894,0.1638246041,0.2178252719
1.6370000000,0.2471629362,0.2182050599,0.6688745701,0.0963957434,-0.0382332848,25.0000000000,25.0000000000,1.9250578363,0.1738628490,0.2178252719
1.6380000000,0.2466714861,0.2188524662,0.6353275729,0.0832383078,-0.0311532384,25.0000000000,25.0000000000,1.8254883810,0.1648333600,0.2193592527
1.6390000000,0.2461410836,0.2194717629,0.6112368128,0.0979070017,-0.0193781562,25.0000000000,25.0000000000,1.8961967409,0.1712695577,0.2193592527
1.6400000000,0.2455718127,0.2200722224,0.5943354531,0.0831868733,-0.0158577668,25.0000000000,25.0000000000,1.7464694714,0.1577143077,0.2193592527
1.6410000000,0.2449637631,0.2206584069,0.5821753437,0.0968006898,-0.0093869872,25.0000000000,25.0000000000,1.7625483713,0.1592241807,0.2208932335
1.6420000000,0.2443170309,0.2212370641,0.5774391008,0.0969847066,-0.0020911221,25.0000000000,25.0000000000,1.7537402794,0.1584314878,0.2208932335
1.6430000000,0.2436317182,0.2218118006,0.5723736387,0.0791344143,-0.0071880428,25.0000000000,25.0000000000,1.5294462252,0.1381444095,0.2224272142
1.6440000000,0.2429079332,0.2223784395,0.5629150600,0.0920495684,-0.0101216363,25.0000000000,25.0000000000,1.4761988904,0.1334055287,0.2224272142
1.6450000000,0.2421457903,0.2229315715,0.5457738495,0.0743725167,-0.0214302550,25.0000000000,25.0000000000,1.2160694769,0.1098908201,0.2224272142
1.6460000000,0.2413454097,0.2234610903,0.5188967102,0.0863079674,-0.0292377383,25.0000000000,25.0000000000,1.1460773822,0.1036389892,0.2239611950
1.6470000000,0.2405069179,0.2239600402,0.4864253566,0.0871006889,-0.0340111654,25.0000000000,25.0000000000,1.0822326171,0.0978907794,0.2239611950
1.6480000000,0.2396304473,0.2244211703,0.4442811364,0.0684600055,-0.0469499271,25.0000000000,25.0000000000,0.8369970100,0.0757135144,0.2239611950
1.6490000000,0.2387161362,0.2248334382,0.3923328296,0.0822640283,-0.0538613597,25.0000000000,25.0000000000,0.7963335725,0.0721123220,0.2254951758
1.6500000000,0.2377641291,0.2251914105,0.3372292706,0.0845485412,-0.0553609697,25.0000000000,25.0000000000,0.7716813110,0.0699016881,0.2254951758
1.6510000000,0.2367745762,0.2254915475,0.2768418162,0.0674269642,-0.0633269610,25.0000000000,25.0000000000,0.5706724494,0.0517156574,0.2254951758
1.6520000000,0.2357476340,0.2257282231,0.2127620566,0.0804285925,-0.0632523765,25.0000000000,25.0000000000,0.5737949084,0.0520555259,0.2254951758
1.6530000000,0.2346834644,0.2259031224,0.1528836867,0.0812221578,-0.0577594512,25.0000000000,25.0000000000,0.5871305709,0.0532605116,0.2254951758
1.6540000000,0.2335822356,0.2260222913,0.0999288396,0.0826274274,-0.0499836830,25.0000000000,25.0000000000,0.6075655683,0.0551078324,0.2254951758
1.6550000000,0.2324441215,0.2260938986,0.0557968096,0.0839336432,-0.0405907693,25.0000000000,25.0000000000,0.6238691731,0.0565825095,0.2254951758
1.6560000000,0.2312693017,0.2261273606,0.0212876087,0.0846908893,-0.0308221097,25.0000000000,25.0000000000,0.6269793483,0.0568661165,0.2254951758
1.6570000000,0.2300579618,0.2261321524,-0.0039733998,0.0846400267,-0.0218283774,25.0000000000,25.0000000000,0.6099623777,0.0553328269,0.2254951758
1.6580000000,0.2288102932,0.2261167418,-0.0213455869,0.0833670079,-0.0145240776,25.0000000000,25.0000000000,0.5683598391,0.0515791162,0.2254951758
1.6590000000,0.2275264927,0.2260878123,-0.0328205197,0.0800717680,-0.0094153085,25.0000000000,25.0000000000,0.5004608661,0.0454472482,0.2254951758
1.6600000000,0.2262067631,0.2260499666,-0.0404659209,0.0731068728,-0.0063995391,25.0000000000,25.0000000000,0.4072140019,0.0370152564,0.2254951758
1.6610000000,0.2248513129,0.2260060217,-0.0458162786,0.0598887632,-0.0046720188,25.0000000000,25.0000000000,0.2917276114,0.0265515360,0.2254951758
1.6620000000,0.2234603560,0.2259577460,-0.0495100925,0.0375026327,-0.0029111375,25.0000000000,25.0000000000,0.1582803580,0.0144284225,0.2254951758
1.6630000000,0.2220341122,0.2259069917,-0.0512497701,0.0056403688,-0.0009629769,25.0000000000,25.0000000000,0.0109195408,0.0010091495,0.2254951758
1.6640000000,0.2205728066,0.2258555736,-0.0513398104,-0.0312631062,0.0004633594,25.0000000000,25.0000000000,-0.1477345181,-0.0134502408,0.2254951758
1.6650000000,0.2190766700,0.2258046940,-0.0505405837,-0.0705649639,0.0009981341,25.0000000000,25.0000000000,-0.3167571278,-0.0288545384,0.2254951758
1.6660000000,0.2175459387,0.2257544866,-0.0501662524,-0.1094483865,-0.0001129802,25.0000000000,25.0000000000,-0.4953587225,-0.0451199227,0.2254951758
1.6670000000,0.2159808543,0.2257030429,-0.0527972537,-0.1425515460,-0.0044325615,25.0000000000,25.0000000000,-0.6823599971,-0.0621159977,0.2254951758
1.6680000000,0.2143816640,0.2256450745,-0.0621164529,-0.1666875588,-0.0124660479,25.0000000000,25.0000000000,-0.8755096516,-0.0796255882,0.2254951758
1.6690000000,0.2127486204,0.2255718584,-0.0812361676,-0.1841707744,-0.0231732219,25.0000000000,25.0000000000,-1.0701886970,-0.0972429942,0.2254951758
1.6700000000,0.2110819814,0.2254723185,-0.1120426286,-0.1975101654,-0.0353078421,25.0000000000,25.0000000000,-1.2593195055,-0.1143418931,0.2254951758
1.6710000000,0.2093820100,0.2253342504,-0.1552194276,-0.2077173309,-0.0476978941,25.0000000000,25.0000000000,-1.4354002409,-0.1302510007,0.2254951758
1.6720000000,0.2076489748,0.2251454653,-0.2103455321,-0.2149988259,-0.0592821391,25.0000000000,25.0000000000,-1.5922789855,-0.1444170204,0.2254951758
1.6730000000,0.2058831494,0.2248948107,-0.2760364896,-0.2193654323,-0.0691603812,25.0000000000,25.0000000000,-1.7259978236,-0.1564834320,0.2254951758
1.6740000000,0.2040848127,0.2245730157,-0.3501402118,-0.2209106762,-0.0766483045,25.0000000000,25.0000000000,-1.8350915229,-0.1663186538,0.2239611950
1.6750000000,0.2022542486,0.2241733094,-0.4299802457,-0.2199009628,-0.0813191365,25.0000000000,25.0000000000,-1.9205597250,-0.1740139435,0.2239611950
1.6760000000,0.2003917462,0.2236927058,-0.5106404860,-0.1817322665,-0.0794804821,25.0000000000,25.0000000000,-1.7922412452,-0.1622817891,0.2239611950
1.6770000000,0.1984975997,0.2231339011,-0.5870178436,-0.1849906116,-0.0742554869,25.0000000000,25.0000000000,-1.8414400289,-0.1667287891,0.2224272142
1.6780000000,0.1965721080,0.2225024204,-0.6573361789,-0.1880951485,-0.0678092063,25.0000000000,25.0000000000,-1.8838517795,-0.1705636520,0.2224272142
1.6790000000,0.1946155754,0.2218057758,-0.7188469267,-0.1528664324,-0.0572801428,25.0000000000,25.0000000000,-1.7371071374,-0.1571847260,0.2224272142
1.6800000000,0.1926283107,0.2210546180,-0.7691786058,-0.1595001560,-0.0462532601,25.0000000000,25.0000000000,-1.7950899704,-0.1624382863,0.2208932335
1.6810000000,0.1906106278,0.2202594744,-0.8096128935,-0.1673989873,-0.0371398415,25.0000000000,25.0000000000,-1.8720190257,-0.1694044122,0.2208932335
1.6820000000,0.1885628452,0.2194297237,-0.8405524033,-0.1384719228,-0.0270781005,25.0000000000,25.0000000000,-1.7813311837,-0.1611040342,0.2193592527
1.6830000000,0.1864852864,0.2185748138,-0.8626141288,-0.1525038895,-0.0193951674,25.0000000000,25.0000000000,-1.9109458148,-0.1728442351,0.2178252719
1.6840000000,0.1843782793,0.2177022449,-0.8776759333,-0.1332221654,-0.0124710851,25.0000000000,25.0000000000,-1.8747466213,-0.1694961919,0.2178252719
1.6850000000,0.1822421569,0.2168188960,-0.8859231978,-0.1198518235,-0.0057793693,25.0000000000,25.0000000000,-1.8652360945,-0.1685791609,0.2162912911
1.6860000000,0.1800772562,0.2159302670,-0.8900664207,-0.1492806203,-0.0036728998,25.0000000000,25.0000000000,-2.0729505703,-0.1874247389,0.2162912911
1.6870000000,0.1778839193,0.2150378893,-0.8937997688,-0.1408692793,-0.0038453336,25.0000000000,25.0000000000,-2.1100621510,-0.1907302356,0.2147573103
1.6880000000,0.1756624924,0.2141404502,-0.9002632450,-0.1700388364,-0.0084365936,25.0000000000,25.0000000000,-2.3587520087,-0.2132661217,0.2147573103
1.6890000000,0.1734133265,0.2132330026,-0.9125064766,-0.1615085234,-0.0144496555,25.0000000000,25.0000000000,-2.4256878443,-0.2192579523,0.2132233295
1.6900000000,0.1711367765,0.2123087115,-0.9325544308,-0.1902730980,-0.0236294968,25.0000000000,25.0000000000,-2.6899070231,-0.2431910521,0.2116893487
1.6910000000,0.1688332020,0.2113584316,-0.9620212452,-0.1804211125,-0.0326988917,25.0000000000,25.0000000000,-2.7573454916,-0.2492222115,0.2116893487
1.6920000000,0.1665029669,0.2103736300,-0.9993077336,-0.1717240329,-0.0397070611,25.0000000000,25.0000000000,-2.8147206815,-0.2543519715,0.2101553679
1.6930000000,0.1641464389,0.2093469683,-1.0441194801,-0.2014588107,-0.0479138219,25.0000000000,25.0000000000,-3.0500040751,-0.2756826140,0.2086213872
1.6940000000,0.1617639904,0.2082707085,-1.0962929006,-0.1894456298,-0.0543058948,25.0000000000,25.0000000000,-3.0763400639,-0.2780011122,0.2086213872
1.6950000000,0.1593559974,0.2071393665,-1.1526760239,-0.1767103226,-0.0571871824,25.0000000000,25.0000000000,-3.0868302488,-0.2788888077,0.2070874064
1.6960000000,0.1569228403,0.2059499999,-1.2117690553,-0.2018690093,-0.0602199280,25.0000000000,25.0000000000,-3.2748630069,-0.2959420232,0.2055534256
1.6970000000,0.1544649033,0.2047001859,-1.2726718774,-0.1856002970,-0.0608915725,25.0000000000,25.0000000000,-3.2582560448,-0.2943726180,0.2040194448
1.6980000000,0.1519825744,0.2033901665,-1.3320199044,-0.1694543562,-0.0580368233,25.0000000000,25.0000000000,-3.2339752958,-0.2921124337,0.2040194448
1.6990000000,0.1494762458,0.2020235412,-1.3866307405,-0.1573108122,-0.0522781155,25.0000000000,25.0000000000,-3.2049101360,-0.2894392501,0.2024854640
1.7000000000,0.1469463131,0.2006056492,-1.4361578997,-0.1830453209,-0.0480753889,25.0000000000,25.0000000000,-3.3702803553,-0.3044533893,0.2009514832
1.7010000000,0.1443931759,0.1991408269,-1.4814116060,-0.1679617765,-0.0433825035,25.0000000000,25.0000000000,-3.3507073017,-0.3026221073,0.1994175024
1.7020000000,0.1418172373,0.1976341278,-1.5210972207,-0.1542474092,-0.0373334239,25.0000000000,25.0000000000,-3.3430745667,-0.3018726970,0.1978835216
1.7030000000,0.1392189041,0.1960917620,-1.5542884247,-0.1458759018,-0.0306673302,25.0000000000,25.0000000000,-3.3480651266,-0.3022845875,0.1963495408
1.7040000000,0.1365985867,0.1945203405,-1.5809014963,-0.1414133200,-0.0242217455,25.0000000000,25.0000000000,-3.3678123708,-0.3040435168,0.1948155601
1.7050000000,0.1339566987,0.1929260775,-1.6016024732,-0.1397252800,-0.0186867422,25.0000000000,25.0000000000,-3.4045560129,-0.3073461511,0.1932815793
1.7060000000,0.1312936575,0.1913141443,-1.6176382825,-0.1402403784,-0.0145783078,25.0000000000,25.0000000000,-3.4594962916,-0.3122980460,0.1917475985
1.7070000000,0.1286098834,0.1896881997,-1.6306584160,-0.1426027085,-0.0122316337,25.0000000000,25.0000000000,-3.5323631225,-0.3188732665,0.1902136177
1.7080000000,0.1259058004,0.1880501018,-1.6425307793,-0.1464693223,-0.0117961588,25.0000000000,25.0000000000,-3.6214169151,-0.3269135479,0.1886796369
1.7090000000,0.1231818354,0.1863998054,-1.6551575077,-0.1514457071,-0.0132391788,25.0000000000,25.0000000000,-3.7236739711,-0.3361483114,0.1871456561
1.7100000000,0.1204384185,0.1847354371,-1.6703022171,-0.1570882480,-0.0163621218,25.0000000000,25.0000000000,-3.8352516848,-0.3462257745,0.1840776945
1.7110000000,0.1176759830,0.1830535288,-1.6894415173,-0.1629330546,-0.0208293688,25.0000000000,25.0000000000,-3.9517740450,-0.3567496124,0.1825437138
1.7120000000,0.1148949652,0.1813503071,-1.7116651544,-0.1334854390,-0.0226643480,25.0000000000,25.0000000000,-3.8754281795,-0.3497389596,0.1810097330
1.7130000000,0.1120958040,0.1796239585,-1.7353829923,-0.1463516046,-0.0243807769,25.0000000000,25.0000000000,-3.9884269983,-0.3599769891,0.1794757522
1.7140000000,0.1092789417,0.1778724490,-1.7615596246,-0.1589658509,-0.0272842818,25.0000000000,25.0000000000,-4.0968408999,-0.3698008281,0.1779417714
1.7150000000,0.1064448229,0.1760926542,-1.7912089130,-0.1672891153,-0.0310389454,25.0000000000,25.0000000000,-4.2023959713,-0.3793477862,0.1764077906
1.7160000000,0.1035938952,0.1742807257,-1.8248713467,-0.1727594678,-0.0351541555,25.0000000000,25.0000000000,-4.3045271516,-0.3885734347,0.1748738098
1.7170000000,0.1007266089,0.1724325623,-1.8626364924,-0.1764824822,-0.0392082393,25.0000000000,25.0000000000,-4.4016145182,-0.3973368146,0.1718058482
1.7180000000,0.0978434167,0.1705442116,-1.9042221699,-0.1789351019,-0.0428580436,25.0000000000,25.0000000000,-4.4921357816,-0.4055029312,0.1702718675
1.7190000000,0.0949447739,0.1686131222,-1.9470645704,-0.1452641046,-0.0422944151,25.0000000000,25.0000000000,-4.3818244682,-0.3954133039,0.1687378867
1.7200000000,0.0920311382,0.1666402067,-1.9881755396,-0.1535970961,-0.0403344296,25.0000000000,25.0000000000,-4.4568925625,-0.4022137313,0.1672039059
1.7210000000,0.0891029697,0.1646273335,-2.0274878631,-0.1618238834,-0.0386826289,25.0000000000,25.0000000000,-4.5275023446,-0.4086120305,0.1641359443
1.7220000000,0.0861607308,0.1625760441,-2.0654184229,-0.1662940011,-0.0374545439,25.0000000000,25.0000000000,-4.5991948825,-0.4150909534,0.1626019635
1.7230000000,0.0832048861,0.1604883946,-2.1003838327,-0.1337031319,-0.0330770784,25.0000000000,25.0000000000,-4.4812535592,-0.4043188032,0.1610679827
1.7240000000,0.0802359025,0.1583687922,-2.1305826395,-0.1433632508,-0.0285571429,25.0000000000,25.0000000000,-4.5607550152,-0.4115246106,0.1580000212
1.7250000000,0.0772542486,0.1562213168,-2.1572776089,-0.1535945112,-0.0257105093,25.0000000000,25.0000000000,-4.6470543116,-0.4193454088,0.1564660404
1.7260000000,0.0742603954,0.1540492844,-2.1802729374,-0.1257007245,-0.0211123327,25.0000000000,25.0000000000,-4.5504247640,-0.4105143964,0.1533980788
1.7270000000,0.0712548156,0.1518570032,-2.1990799728,-0.1392286202,-0.0176211630,25.0000000000,25.0000000000,-4.6572151133,-0.4201960851,0.1518640980
1.7280000000,0.0682379839,0.1496481907,-2.2140868511,-0.1179087986,-0.0132863261,25.0000000000,25.0000000000,-4.5812692893,-0.4132580837,0.1503301172
1.7290000000,0.0652103766,0.1474266609,-2.2257456749,-0.1361856226,-0.0109545990,25.0000000000,25.0000000000,-4.7098232259,-0.4249218475,0.1472621556
1.7300000000,0.0621724718,0.1451938755,-2.2371786942,-0.1532385998,-0.0119752339,25.0000000000,25.0000000000,-4.8496386504,-0.4375946469,0.1457281748
1.7310000000,0.0591247493,0.1429489879,-2.2495394667,-0.1310542522,-0.0123960553,25.0000000000,25.0000000000,-4.8068125242,-0.4336365078,0.1426602133
1.7320000000,0.0560676902,0.1406911326,-2.2631441335,-0.1492955286,-0.0145228710,25.0000000000,25.0000000000,-4.9632509013,-0.4478122232,0.1411262325
1.7330000000,0.0530017775,0.1384183953,-2.2786316139,-0.1315603835,-0.0158534300,25.0000000000,25.0000000000,-4.9288690229,-0.4446348687,0.1380582709
1.7340000000,0.0499274951,0.1361290422,-2.2961746955,-0.1521324949,-0.0187210686,25.0000000000,25.0000000000,-5.0879190095,-0.4590563634,0.1365242901
1.7350000000,0.0468453286,0.1338204935,-2.3161621050,-0.1350552676,-0.0204956335,25.0000000000,25.0000000000,-5.0519868015,-0.4557423031,0.1334563285
1.7360000000,0.0437557647,0.1314906650,-2.3384211865,-0.1553816078,-0.0234408628,25.0000000000,25.0000000000,-5.2063147114,-0.4697372785,0.1319223478
1.7370000000,0.0406592913,0.1291369946,-2.3629671196,-0.1376005029,-0.0249212199,25.0000000000,25.0000000000,-5.1632988006,-0.4657818762,0.1288543862
1.7380000000,0.0375563973,0.1267577769,-2.3892784907,-0.1570048748,-0.0272411345,25.0000000000,25.0000000000,-5.3090248198,-0.4789977535,0.1273204054
1.7390000000,0.0344475727,0.1243511416,-2.4170830093,-0.1382346138,-0.0278371234,25.0000000000,25.0000000000,-5.2567840003,-0.4742068226,0.1242524438
1.7400000000,0.0313333084,0.1219163108,-2.4456569977,-0.1566944990,-0.0291054326,25.0000000000,25.0000000000,-5.3935513319,-0.4866113565,0.1211844822
1.7410000000,0.0282140962,0.1194524830,-2.4746242357,-0.1371117941,-0.0285836940,25.0000000000,25.0000000000,-5.3334266212,-0.4811065055,0.1196505015
1.7420000000,0.0250904287,0.1169609181,-2.5012718480,-0.1199086285,-0.0252260507,25.0000000000,25.0000000000,-5.2706804340,-0.4753762041,0.1165825399
1.7430000000,0.0219627991,0.1144446120,-2.5251068725,-0.1429013350,-0.0232049330,25.0000000000,25.0000000000,-5.3995735919,-0.4870917711,0.1150485591
1.7440000000,0.0188317014,0.1119058080,-2.5466392246,-0.1262732435,-0.0203473140,25.0000000000,25.0000000000,-5.3377990894,-0.4814515992,0.1119805975
1.7450000000,0.0156976299,0.1093469179,-2.5661322950,-0.1462548240,-0.0191983893,25.0000000000,25.0000000000,-5.4743436614,-0.4938429192,0.1089126359
1.7460000000,0.0125610795,0.1067692714,-2.5843036695,-0.1283613312,-0.0173811995,25.0000000000,25.0000000000,-5.4232990667,-0.4891637057,0.1073786552
1.7470000000,0.0094225457,0.1041751343,-2.5995756357,-0.1132805775,-0.0138629287,25.0000000000,25.0000000000,-5.3776825458,-0.4849861779,0.1043106936
1.7480000000,0.0062825239,0.1015673918,-2.6125493800,-0.1387827279,-0.0127423462,25.0000000000,25.0000000000,-5.5297457501,-0.4988004402,0.1012427320
1.7490000000,0.0031415100,0.0989471555,-2.6247019699,-0.1248658290,-0.0116889563,25.0000000000,25.0000000000,-5.4947411600,-0.4955841848,0.0997087512
1.7500000000,0.0000000000,0.0963157876,-2.6350757822,-0.1124804670,-0.0094798675,25.0000000000,25.0000000000,-5.4656855840,-0.4929107754,0.0966407896
1.7510000000,-0.0031415100,0.0936747761,-2.6446894935,-0.1399593700,-0.0100116737,25.0000000000,25.0000000000,-5.6338428184,-0.5081838547,0.0935728281
1.7520000000,-0.0062825239,0.0910235412,-2.6552417397,-0.1275359716,-0.0107617972,25.0000000000,25.0000000000,-5.6131849486,-0.5062668241,0.0905048665
1.7530000000,-0.0094225457,0.0883616483,-2.6658117264,-0.1162062368,-0.0103272397,25.0000000000,25.0000000000,-5.5955611526,-0.5046280599,0.0889708857
1.7540000000,-0.0125610795,0.0856897876,-2.6752995977,-0.1092438578,-0.0089008400,25.0000000000,25.0000000000,-5.5780064828,-0.5030151960,0.0859029241
1.7550000000,-0.0156976299,0.0830086226,-2.6849192105,-0.1399243776,-0.0103715092,25.0000000000,25.0000000000,-5.7537133974,-0.5189828483,0.0828349625
1.7560000000,-0.0188317014,0.0803166393,-2.6964146314,-0.1290104311,-0.0120403408,25.0000000000,25.0000000000,-5.7376463684,-0.5174862063,0.0797670010
1.7570000000,-0.0219627991,0.0776125239,-2.7087564493,-0.1182510913,-0.0123698409,25.0000000000,25.0000000000,-5.7218781287,-0.5160171787,0.0782330202
1.7580000000,-0.0250904287,0.0748962633,-2.7206347169,-0.1113171642,-0.0114696430,25.0000000000,25.0000000000,-5.7034967636,-0.5143299659,0.0751650586
1.7590000000,-0.0282140962,0.0721680663,-2.7329957435,-0.1416724005,-0.0131852454,25.0000000000,25.0000000000,-5.8758600116,-0.5299949218,0.0720970970
1.7600000000,-0.0313333084,0.0694262488,-2.7472935231,-0.1301880866,-0.0148069267,25.0000000000,25.0000000000,-5.8542815962,-0.5279991892,0.0690291355
1.7610000000,-0.0344475727,0.0666696144,-2.7622157489,-0.1186985992,-0.0148145264,25.0000000000,25.0000000000,-5.8313477679,-0.5258813241,0.0659611739
1.7620000000,-0.0375563973,0.0638985317,-2.7762021398,-0.1109538816,-0.0133587045,25.0000000000,25.0000000000,-5.8047706585,-0.5234521038,0.0644271931
1.7630000000,-0.0406592913,0.0611147387,-2.7880148886,-0.1054452958,-0.0108015263,25.0000000000,25.0000000000,-5.7752134432,-0.5207644782,0.0613592315
1.7640000000,-0.0437557647,0.0583200538,-2.7987682300,-0.1361602037,-0.0110479245,25.0000000000,25.0000000000,-5.9383412111,-0.5355990289,0.0582912699
1.7650000000,-0.0468453286,0.0555141984,-2.8101431016,-0.1247346681,-0.0114520115,25.0000000000,25.0000000000,-5.9105047013,-0.5330397689,0.0552233084
1.7660000000,-0.0499274951,0.0526971130,-2.8211202419,-0.1133824002,-0.0105587097,25.0000000000,25.0000000000,-5.8845955027,-0.5306544705,0.0521553468
1.7670000000,-0.0530017775,0.0498699748,-2.8304865285,-0.1059805545,-0.0085644962,25.0000000000,25.0000000000,-5.8581931720,-0.5282425405,0.0506213660
1.7680000000,-0.0560676902,0.0470349639,-2.8373785506,-0.1010269443,-0.0058469983,25.0000000000,25.0000000000,-5.8315250330,-0.5258176919,0.0475534044
1.7690000000,-0.0591247493,0.0441939667,-2.8432798183,-0.1324602715,-0.0062938367,25.0000000000,25.0000000000,-5.9995996167,-0.5411011379,0.0444854428
1.7700000000,-0.0621724718,0.0413464240,-2.8502039087,-0.1218429750,-0.0072115376,25.0000000000,25.0000000000,-5.9779659994,-0.5391043377,0.0414174813
1.7710000000,-0.0652103766,0.0384917013,-2.8574007986,-0.1113062962,-0.0070730146,25.0000000000,25.0000000000,-5.9586479115,-0.5373165069,0.0383495197
1.7720000000,-0.0682379839,0.0356301815,-2.8638436229,-0.1046469217,-0.0059861716,25.0000000000,25.0000000000,-5.9383702560,-0.5354596939,0.0352815581
1.7730000000,-0.0712548156,0.0327631228,-2.8687612290,-0.1002924519,-0.0042323756,25.0000000000,25.0000000000,-5.9165925120,-0.5334781202,0.0322135965
1.7740000000,-0.0742603954,0.0298925570,-2.8713076992,-0.0986074185,-0.0015451306,25.0000000000,25.0000000000,-5.8942626088,-0.5314588270,0.0291456350
1.7750000000,-0.0772542486,0.0270212415,-2.8709555267,-0.0980763510,0.0014126678,25.0000000000,25.0000000000,-5.8728899761,-0.5295309724,0.0276116542
1.7760000000,-0.0802359025,0.0241520960,-2.8677128013,-0.0976391832,0.0042479967,25.0000000000,25.0000000000,-5.8542902339,-0.5278533507,0.0245436926
1.7770000000,-0.0832048861,0.0212844951,-2.8675532428,-0.1307579147,0.0000995487,25.0000000000,25.0000000000,-6.0334296777,-0.5441412228,0.0214757310
1.7780000000,-0.0861607308,0.0184169590,-2.8675415893,-0.1205248161,-0.0000334598,25.0000000000,25.0000000000,-6.0246401835,-0.5433032815,0.0184077695
1.7790000000,-0.0891029697,0.0155493723,-2.8676211950,-0.1091101531,-0.0001004471,25.0000000000,25.0000000000,-6.0136626656,-0.5422628985,0.0153398079
1.7800000000,-0.0920311382,0.0126808125,-2.8695198349,-0.1023008989,-0.0026832959,25.0000000000,25.0000000000,-6.0002777596,-0.5410263788,0.0122718463
1.7810000000,-0.0949447739,0.0098095423,-2.8723166574,-0.0991336386,-0.0027683823,25.0000000000,25.0000000000,-5.9846111265,-0.5396007035,0.0092038847
1.7820000000,-0.0978434167,0.0069358402,-2.8743932693,-0.0985764918,-0.0016759521,25.0000000000,25.0000000000,-5.9645260221,-0.5377887249,0.0076699039
1.7830000000,-0.1007266089,0.0040609317,-2.8750111394,-0.0980953813,-0.0000248908,25.0000000000,25.0000000000,-5.9401970071,-0.5355947546,0.0046019424
1.7840000000,-0.1035938952,0.0011853216,-2.8763241535,-0.1295722837,-0.0024298461,25.0000000000,25.0000000000,-6.1072005249,-0.5507819044,0.0015339808
1.7850000000,-0.1064448229,-0.0016933897,-2.8804497676,-0.1180093630,-0.0050112345,25.0000000000,25.0000000000,-6.0809891962,-0.5483684382,-0.0015339808
1.7860000000,-0.1092789417,-0.0045773873,-2.8862388765,-0.1066274326,-0.0060931524,25.0000000000,25.0000000000,-6.0527192490,-0.5457703262,-0.0046019424
1.7870000000,-0.1120958040,-0.0074673734,-2.8921611274,-0.0991087147,-0.0056684307,25.0000000000,25.0000000000,-6.0185846442,-0.5426612685,-0.0076699039
1.7880000000,-0.1148949652,-0.0103622199,-2.8961036252,-0.0970872958,-0.0029160485,25.0000000000,25.0000000000,-5.9781258690,-0.5390072283,-0.0107378655
1.7890000000,-0.1176759830,-0.0132589525,-2.8966520856,-0.0962993464,0.0007701129,25.0000000000,25.0000000000,-5.9332854740,-0.5349640037,-0.0138058271
1.7900000000,-0.1204384185,-0.0161537516,-2.8931673975,-0.0952891143,0.0049821512,25.0000000000,25.0000000000,-5.8876603415,-0.5308490808,-0.0168737887
1.7910000000,-0.1231818354,-0.0190467087,-2.8928166794,-0.0959598033,0.0003892542,25.0000000000,25.0000000000,-5.8446883466,-0.5269807511,-0.0184077695
1.7920000000,-0.1259058004,-0.0219392476,-2.8923609949,-0.0967052272,0.0004865183,25.0000000000,25.0000000000,-5.8070014969,-0.5235888971,-0.0214757310
1.7930000000,-0.1286098834,-0.0248313362,-2.8919420337,-0.1263400080,0.0003666494,25.0000000000,25.0000000000,-5.9604082083,-0.5375428116,-0.0245436926
1.7940000000,-0.1312936575,-0.0277230812,-2.8916368555,-0.1114724436,0.0002772180,25.0000000000,25.0000000000,-5.9185021279,-0.5337005180,-0.0276116542
1.7950000000,-0.1339566987,-0.0306145481,-2.8913622427,-0.0977337473,0.0002858524,25.0000000000,25.0000000000,-5.8739907150,-0.5296285948,-0.0306796158
1.7960000000,-0.1365985867,-0.0335056887,-2.8909911438,-0.0949223945,0.0004169859,25.0000000000,25.0000000000,-5.8261949879,-0.5253100097,-0.0337475773
1.7970000000,-0.1392189041,-0.0363963719,-2.8904824160,-0.0953498664,0.0005523503,25.0000000000,25.0000000000,-5.7754839443,-0.5207433728,-0.0368155389
1.7980000000,-0.1418172373,-0.0392864631,-2.8898408190,-0.0952996143,0.0006847536,25.0000000000,25.0000000000,-5.7221707664,-0.5159401574,-0.0398835005
1.7990000000,-0.1443931759,-0.0421758283,-2.8890634036,-0.0950161320,0.0008225675,25.0000000000,25.0000000000,-5.6663329196,-0.5109084438,-0.0414174813
1.8000000000,-0.1469463131,-0.0450643278,-2.8881438778,-0.0947483359,0.0009666863,25.0000000000,25.0000000000,-5.6079706495,-0.5056493753,-0.0444854428
1.8010000000,-0.1494762458,-0.0479518940,-2.8872341117,-0.1217794843,0.0008646707,25.0000000000,25.0000000000,-5.7408212039,-0.5177396557,-0.0475534044
1.8020000000,-0.1519825744,-0.0508386102,-2.8864114182,-0.1045547113,0.0008068614,25.0000000000,25.0000000000,-5.6782024208,-0.5120207348,-0.0506213660
1.8030000000,-0.1544649033,-0.0537244879,-2.8855411563,-0.0938279087,0.0009184914,25.0000000000,25.0000000000,-5.6124624426,-0.5060498953,-0.0536893276
1.8040000000,-0.1569228403,-0.0566093899,-2.8844958555,-0.0931033944,0.0011076566,25.0000000000,25.0000000000,-5.5431868636,-0.4998055886,-0.0567572892
1.8050000000,-0.1593559974,-0.0594931297,-2.8832645090,-0.0934468824,0.0012903531,25.0000000000,25.0000000000,-5.4708491283,-0.4932902227,-0.0598252507
1.8060000000,-0.1617639904,-0.0623755240,-2.8818503281,-0.0932232050,0.0014741299,25.0000000000,25.0000000000,-5.3956818098,-0.4865173847,-0.0628932123
1.8070000000,-0.1641464389,-0.0652563870,-2.8802478987,-0.0928986145,0.0016646488,25.0000000000,25.0000000000,-5.3177265628,-0.4794929273,-0.0659611739
1.8080000000,-0.1665029669,-0.0681355262,-2.8784504677,-0.0926030239,0.0018617084,25.0000000000,25.0000000000,-5.2369811041,-0.4722172302,-0.0674951547
1.8090000000,-0.1688332020,-0.0710127426,-2.8764517752,-0.0923129039,0.0020649283,25.0000000000,25.0000000000,-5.1534316720,-0.4646889475,-0.0705631162
1.8100000000,-0.1711367765,-0.0738728783,-2.8438714692,-0.1070410205,0.0445466659,25.0000000000,25.0000000000,-5.2614222663,-0.4744841727,-0.0736310778
1.8110000000,-0.1734133265,-0.0766859461,-2.7932473907,-0.0817142573,0.0546403032,25.0000000000,25.0000000000,-5.1734454493,-0.4664442488,-0.0766990394
1.8120000000,-0.1756624924,-0.0794415562,-2.7317921978,-0.0782777619,0.0649739255,25.0000000000,25.0000000000,-5.1201274378,-0.4616253447,-0.0797670010
1.8130000000,-0.1778839193,-0.0821308054,-2.6631612436,-0.0810253415,0.0701508495,25.0000000000,25.0000000000,-5.1055861066,-0.4603276913,-0.0828349625
1.8140000000,-0.1800772562,-0.0847499826,-2.5928958997,-0.0834960144,0.0698349509,25.0000000000,25.0000000000,-5.1226139374,-0.4618728593,-0.0843689433
1.8150000000,-0.1822421569,-0.0873006647,-2.5260474977,-0.0861564331,0.0647154203,25.0000000000,25.0000000000,-5.1627505149,-0.4655007510,-0.0874369049
1.8160000000,-0.1843782793,-0.0897908683,-2.4707259629,-0.1153869964,0.0491628920,25.0000000000,25.0000000000,-5.4085049964,-0.4877724636,-0.0905048665
1.8170000000,-0.1864852864,-0.0922362512,-2.4323023833,-0.1045172004,0.0320948580,25.0000000000,25.0000000000,-5.4608851577,-0.4924424340,-0.0920388473
1.8180000000,-0.1885628452,-0.0946535116,-2.4101406414,-0.0976231102,0.0165754850,25.0000000000,25.0000000000,-5.4964216880,-0.4956128688,-0.0951068088
1.8190000000,-0.1906106278,-0.0970585322,-2.4040717849,-0.1293648788,-0.0002709541,25.0000000000,25.0000000000,-5.6934544129,-0.5135065457,-0.0966407896
1.8200000000,-0.1926283107,-0.0994674248,-2.4134867845,-0.1176155113,-0.0143957000,25.0000000000,25.0000000000,-5.6591213818,-0.5103605547,-0.0997087512
1.8210000000,-0.1946155754,-0.1018923183,-2.4294539959,-0.1368964256,-0.0013904749,25.0000000000,25.0000000000,-5.7767582688,-0.5210453234,-0.1012427320
1.8220000000,-0.1965721080,-0.1043226659,-2.4308880706,-0.1046553491,-0.0014435692,25.0000000000,25.0000000000,-5.6594263956,-0.5103296543,-0.1043106936
1.8230000000,-0.1984975997,-0.1067544635,-2.4323465210,-0.1076084428,-0.0014681502,25.0000000000,25.0000000000,-5.7039491603,-0.5143540164,-0.1073786552
1.8240000000,-0.2003917462,-0.1091876600,-2.4336721262,-0.0888036042,-0.0012248151,25.0000000000,25.0000000000,-5.5552024088,-0.5008687017,-0.1089126359
1.8250000000,-0.2022542486,-0.1116219569,-2.4346217224,-0.0860759880,-0.0008112131,25.0000000000,25.0000000000,-5.4040068729,-0.4872351957,-0.1119805975
1.8260000000,-0.2040848127,-0.1140570664,-2.4354027907,-0.1046914037,-0.0007846939,25.0000000000,25.0000000000,-5.4441950548,-0.4909396059,-0.1135145783
1.8270000000,-0.2058831494,-0.1164928838,-2.4360305893,-0.0884392877,-0.0005245230,25.0000000000,25.0000000000,-5.2881229980,-0.4768058525,-0.1165825399
1.8280000000,-0.2076489748,-0.1189292213,-2.4365209503,-0.1026258998,-0.0004904095,25.0000000000,25.0000000000,-5.3223674140,-0.4799548386,-0.1196505015
1.8290000000,-0.2093820100,-0.1213659594,-2.4368285760,-0.0872394807,-0.0001933374,25.0000000000,25.0000000000,-5.1594608687,-0.4652092651,-0.1211844822
1.8300000000,-0.2110819814,-0.1238027574,-2.4367260848,-0.0846550922,0.0002502648,25.0000000000,25.0000000000,-4.9922470986,-0.4501333201,-0.1242524438
1.8310000000,-0.2127486204,-0.1262392971,-2.4364267463,-0.1022086119,0.0002991785,25.0000000000,25.0000000000,-5.0154393579,-0.4523017827,-0.1257864246
1.8320000000,-0.2143816640,-0.1286754423,-2.4359344534,-0.0862555550,0.0006122501,25.0000000000,25.0000000000,-4.8417390723,-0.4365812478,-0.1288543862
1.8330000000,-0.2159808543,-0.1311109593,-2.4352628311,-0.1002860021,0.0006775134,25.0000000000,25.0000000000,-4.8580448889,-0.4381134404,-0.1303883670
1.8340000000,-0.2175459387,-0.1335456917,-2.4343685741,-0.0851124029,0.0010242446,25.0000000000,25.0000000000,-4.6769798432,-0.4217329246,-0.1334563285
1.8350000000,-0.2190766700,-0.1359793787,-2.4332725753,-0.0995054943,0.0011054590,25.0000000000,25.0000000000,-4.6857553964,-0.4225883488,-0.1365242901
1.8360000000,-0.2205728066,-0.1384118470,-2.4319380051,-0.0843125622,0.0014704349,25.0000000000,25.0000000000,-4.4970919829,-0.4055232082,-0.1380582709
1.8370000000,-0.2220341122,-0.1408426935,-2.4301311553,-0.0820085822,0.0019732484,25.0000000000,25.0000000000,-4.3039396780,-0.3881117214,-0.1411262325
1.8380000000,-0.2234603560,-0.1432558019,-2.3958471617,-0.0921990082,0.0479653324,25.0000000000,25.0000000000,-4.3014455325,-0.3879329264,-0.1426602133
1.8390000000,-0.2248513129,-0.1456157378,-2.3359780271,-0.0686172112,0.0669138293,25.0000000000,25.0000000000,-4.1019761618,-0.3698564885,-0.1457281748
1.8400000000,-0.2262067631,-0.1479062866,-2.2622555024,-0.0825887613,0.0765720417,25.0000000000,25.0000000000,-4.1330382749,-0.3727178120,-0.1472621556
1.8410000000,-0.2275264927,-0.1501177560,-2.1798942221,-0.0701059315,0.0855022927,25.0000000000,25.0000000000,-4.0192368223,-0.3624091999,-0.1503301172
1.8420000000,-0.2288102932,-0.1522446713,-2.0956808659,-0.0877308731,0.0824128297,25.0000000000,25.0000000000,-4.1388615345,-0.3732655926,-0.1518640980
1.8430000000,-0.2300579618,-0.1542899378,-2.0154290006,-0.0762784646,0.0789783103,25.0000000000,25.0000000000,-4.0934329286,-0.3691213380,-0.1549320596
1.8440000000,-0.2312693017,-0.1562599457,-1.9445939069,-0.0945270988,0.0652921245,25.0000000000,25.0000000000,-4.2559989547,-0.3838491270,-0.1564660404
1.8450000000,-0.2324441215,-0.1581674576,-1.8866167197,-0.0829797850,0.0539679685,25.0000000000,25.0000000000,-4.2247691417,-0.3809836154,-0.1580000212
1.8460000000,-0.2335822356,-0.1600257683,-1.8436340422,-0.1011805135,0.0360620184,25.0000000000,25.0000000000,-4.3727840913,-0.3944002808,-0.1595340019
1.8470000000,-0.2346834644,-0.1618529358,-1.8197004693,-0.1130827006,0.0167467174,25.0000000000,25.0000000000,-4.4952318506,-0.4054852239,-0.1626019635
1.8480000000,-0.2357476340,-0.1636680633,-1.8146652572,-0.1212025806,-0.0017219994,25.0000000000,25.0000000000,-4.5835089408,-0.4134746910,-0.1641359443
1.8490000000,-0.2367745762,-0.1654878212,-1.8240378052,-0.0933486745,-0.0128403822,25.0000000000,25.0000000000,-4.4347005460,-0.3999430612,-0.1656699251
1.8500000000,-0.2377641291,-0.1673223661,-1.8418357529,-0.1025516412,-0.0207189683,25.0000000000,25.0000000000,-4.4308669587,-0.3996391478,-0.1672039059
1.8510000000,-0.2387161362,-0.1691649129,-1.8429657568,-0.0977958025,-0.0011071614,25.0000000000,25.0000000000,-4.3828820782,-0.3952947629,-0.1687378867
1.8520000000,-0.2396304473,-0.1710085059,-1.8439441109,-0.0927711592,-0.0009071885,25.0000000000,25.0000000000,-4.2993809772,-0.3877495077,-0.1702718675
1.8530000000,-0.2405069179,-0.1728529389,-1.8446994452,-0.0927931865,-0.0006814292,25.0000000000,25.0000000000,-4.2166659929,-0.3802978065,-0.1733398290
1.8540000000,-0.2413454097,-0.1746979880,-1.8452328679,-0.0929175029,-0.0004616323,25.0000000000,25.0000000000,-4.1322510470,-0.3726934164,-0.1748738098
1.8550000000,-0.2421457903,-0.1765433075,-1.8452919905,-0.0758235493,0.0001645120,25.0000000000,25.0000000000,-3.8506003076,-0.3472424761,-0.1764077906
1.8560000000,-0.2429079332,-0.1783883613,-1.8448734408,-0.0910221287,0.0005164658,25.0000000000,25.0000000000,-3.7588204413,-0.3390424818,-0.1779417714
1.8570000000,-0.2436317182,-0.1802328342,-1.8442070059,-0.0927140853,0.0007361561,25.0000000000,25.0000000000,-3.6640711247,-0.3305141287,-0.1794757522
1.8580000000,-0.2443170309,-0.1820764999,-1.8433123291,-0.0914633221,0.0009733433,25.0000000000,25.0000000000,-3.5658142495,-0.3216565239,-0.1825437138
1.8590000000,-0.2449637631,-0.1839191157,-1.8421672844,-0.0908703488,0.0012289276,25.0000000000,25.0000000000,-3.4635652822,-0.3124422342,-0.1840776945
1.8600000000,-0.2455718127,-0.1857394624,-1.8043819422,-0.0661445313,0.0461505411,25.0000000000,25.0000000000,-3.1632624437,-0.2852765469,-0.1856116753
1.8610000000,-0.2461410836,-0.1875087600,-1.7461266359,-0.0745945923,0.0642490667,25.0000000000,25.0000000000,-3.0522042587,-0.2753093683,-0.1871456561
1.8620000000,-0.2466714861,-0.1892107521,-1.6741797015,-0.0765327446,0.0757005843,25.0000000000,25.0000000000,-2.9835033784,-0.2691288302,-0.1886796369
1.8630000000,-0.2471629362,-0.1908355109,-1.5944793901,-0.0777031495,0.0814020760,25.0000000000,25.0000000000,-2.9594214822,-0.2669645621,-0.1902136177
1.8640000000,-0.2476153564,-0.1923788771,-1.5127912114,-0.0801110244,0.0812841652,25.0000000000,25.0000000000,-2.9725056102,-0.2681541587,-0.1917475985
1.8650000000,-0.2480286753,-0.1938423924,-1.4347041047,-0.0831421175,0.0757546162,25.0000000000,25.0000000000,-3.0115519339,-0.2716854991,-0.1932815793
1.8660000000,-0.2484028276,-0.1952327219,-1.3649860435,-0.0862917398,0.0658533699,25.0000000000,25.0000000000,-3.0636303387,-0.2763914347,-0.1948155601
1.8670000000,-0.2487377542,-0.1965605081,-1.3070917939,-0.0891900950,0.0530331143,25.0000000000,25.0000000000,-3.1151685456,-0.2810475721,-0.1963495408
1.8680000000,-0.2490334023,-0.1978388640,-1.2628757927,-0.0915037856,0.0389666198,25.0000000000,25.0000000000,-3.1533193805,-0.2844950063,-0.1978835216
1.8690000000,-0.2492897251,-0.1990816953,-1.2324923480,-0.0929721648,0.0253582233,25.0000000000,25.0000000000,-3.1672662432,-0.2857580947,-0.1994175024
1.8700000000,-0.2495066821,-0.2003020408,-1.2144820134,-0.0934396085,0.0137600644,25.0000000000,25.0000000000,-3.1492403479,-0.2841362458,-0.2009514832
1.8710000000,-0.2496842392,-0.2015106052,-1.2060257666,-0.0928667162,0.0054146844,25.0000000000,25.0000000000,-3.0951565317,-0.2792612493,-0.2009514832
1.8720000000,-0.2498223682,-0.2027146315,-1.2033297346,-0.0913275494,0.0011404332,25.0000000000,25.0000000000,-3.0048217123,-0.2711160441,-0.2024854640
1.8730000000,-0.2499210473,-0.2039196936,-1.2070784731,-0.1108836660,-0.0066572068,25.0000000000,25.0000000000,-3.0757392278,-0.2775931001,-0.2040194448
1.8740000000,-0.2499802611,-0.2051318403,-1.2152674668,-0.0918403804,-0.0083655185,25.0000000000,25.0000000000,-2.9272283427,-0.2641279605,-0.2055534256
1.8750000000,-0.2500000000,-0.2063502492,-1.2194196673,-0.0851919164,-0.0016755241,25.0000000000,25.0000000000,-2.7542692629,-0.2485161134,-0.2070874064
1.8760000000,-0.2499802611,-0.2075670948,-1.2139143528,-0.0819691835,0.0094448185,25.0000000000,25.0000000000,-2.5610658889,-0.2310958872,-0.2070874064
1.8770000000,-0.2499210473,-0.2087705062,-1.1953749339,-0.0783017488,0.0234854314,25.0000000000,25.0000000000,-2.3604717867,-0.2130078265,-0.2086213872
1.8780000000,-0.2498223682,-0.2099488606,-1.1675032816,-0.0928995686,0.0295994697,25.0000000000,25.0000000000,-2.3601482354,-0.2130444337,-0.2101553679
1.8790000000,-0.2496842392,-0.2110945955,-1.1313102449,-0.0766975311,0.0401465680,25.0000000000,25.0000000000,-2.1833494126,-0.1970436297,-0.2116893487
1.8800000000,-0.2495066821,-0.2121965733,-1.0828355206,-0.0731983650,0.0528347815,25.0000000000,25.0000000000,-2.0238273542,-0.1826565110,-0.2116893487
1.8810000000,-0.2492897251,-0.2132424991,-1.0224254483,-0.0723621329,0.0641988988,25.0000000000,25.0000000000,-1.8812046708,-0.1698038538,-0.2132233295
1.8820000000,-0.2490334023,-0.2142244352,-0.9578463163,-0.0896804293,0.0638085233,25.0000000000,25.0000000000,-1.9544234325,-0.1764781490,-0.2147573103
1.8830000000,-0.2487377542,-0.2151420471,-0.8932838994,-0.0760627521,0.0650515225,25.0000000000,25.0000000000,-1.8575651680,-0.1676908383,-0.2147573103
1.8840000000,-0.2484028276,-0.2159939094,-0.8268307607,-0.0748849652,0.0668093155,25.0000000000,25.0000000000,-1.7746330777,-0.1602141735,-0.2162912911
1.8850000000,-0.2480286753,-0.2167815222,-0.7653868320,-0.0937918405,0.0574523123,25.0000000000,25.0000000000,-1.8905683191,-0.1707439560,-0.2162912911
1.8860000000,-0.2476153564,-0.2175131100,-0.7120277021,-0.0806188441,0.0512049573,25.0000000000,25.0000000000,-1.8152774076,-0.1639016531,-0.2178252719
1.8870000000,-0.2471629362,-0.2181969581,-0.6686806210,-0.0964117040,0.0381291933,25.0000000000,25.0000000000,-1.9259360412,-0.1739420384,-0.2178252719
1.8880000000,-0.2466714861,-0.2188442384,-0.6352433539,-0.0832567088,0.0310408142,25.0000000000,25.0000000000,-1.8262944411,-0.1649060609,-0.2193592527
1.8890000000,-0.2461410836,-0.2194635207,-0.6112637951,-0.0979245263,0.0192691344,25.0000000000,25.0000000000,-1.8968460515,-0.1713281331,-0.2193592527
1.8900000000,-0.2455718127,-0.2200640717,-0.5944637177,-0.0831962028,0.0157615571,25.0000000000,25.0000000000,-1.7469012220,-0.1577532461,-0.2193592527
1.8910000000,-0.2449637631,-0.2206504373,-0.5823853096,-0.0968011965,0.0093140491,25.0000000000,25.0000000000,-1.7627301339,-0.1592405580,-0.2208932335
1.8920000000,-0.2443170309,-0.2212293397,-0.5777016965,-0.0969831827,0.0020491545,25.0000000000,25.0000000000,-1.7536681014,-0.1584249784,-0.2208932335
1.8930000000,-0.2436317182,-0.2218043551,-0.5726583386,-0.0791219536,0.0071774103,25.0000000000,25.0000000000,-1.5291436516,-0.1381170945,-0.2224272142
1.8940000000,-0.2429079332,-0.2223712751,-0.5631901733,-0.0920319573,0.0101425187,25.0000000000,25.0000000000,-1.4757141597,-0.1333617800,-0.2224272142
1.8950000000,-0.2421457903,-0.2229246602,-0.5460103630,-0.0743530485,0.0214785056,25.0000000000,25.0000000000,-1.2154655160,-0.1098363215,-0.2224272142
1.8960000000,-0.2413454097,-0.2234543785,-0.5190715687,-0.0862886541,0.0293064806,25.0000000000,25.0000000000,-1.1454259458,-0.1035802143,-0.2239611950
1.8970000000,-0.2405069179,-0.2239534561,-0.4865235262,-0.0870835450,0.0340917854,25.0000000000,25.0000000000,-1.0816064360,-0.0978342895,-0.2239611950
1.8980000000,-0.2396304473,-0.2244146330,-0.4442967182,-0.0684467490,0.0470330569,25.0000000000,25.0000000000,-0.8364617395,-0.0756652322,-0.2239611950
1.8990000000,-0.2387161362,-0.2248268663,-0.3922691453,-0.0822558364,0.0539379202,25.0000000000,25.0000000000,-0.7959411470,-0.0720769314,-0.2254951758
1.9000000000,-0.2377641291,-0.2251847315,-0.3370980472,-0.0845455406,0.0554229980,25.0000000000,25.0000000000,-0.7714652239,-0.0698822073,-0.2254951758
1.9010000000,-0.2367745762,-0.2254847049,-0.2766611973,-0.0674298791,0.0633689321,25.0000000000,25.0000000000,-0.5706451893,-0.0517132147,-0.2254951758
1.9020000000,-0.2357476340,-0.2257211813,-0.2125544798,-0.0804367298,0.0632712660,25.0000000000,25.0000000000,-0.5739478560,-0.0520693417,-0.2254951758
1.9030000000,-0.2346834644,-0.2258958690,-0.1526725846,-0.0812363877,0.0577550505,25.0000000000,25.0000000000,-0.5874362779,-0.0532881169,-0.2254951758
1.9040000000,-0.2335822356,-0.2260148368,-0.0997362845,-0.0826460226,0.0499577942,25.0000000000,25.0000000000,-0.6079818785,-0.0551454216,-0.2254951758
1.9050000000,-0.2324441215,-0.2260862736,-0.0556415803,-0.0839541187,0.0405474843,25.0000000000,25.0000000000,-0.6243452841,-0.0566254946,-0.2254951758
1.9060000000,-0.2312693017,-0.2261196112,-0.0211831898,-0.0847118000,0.0307673556,25.0000000000,25.0000000000,-0.6274617938,-0.0569096742,-0.2254951758
1.9070000000,-0.2300579618,-0.2261243344,0.0040200739,-0.0846606021,0.0217690548,25.0000000000,25.0000000000,-0.6104005409,-0.0553723938,-0.2254951758
1.9080000000,-0.2288102932,-0.2261089134,0.0213344956,-0.0833866063,0.0144670975,25.0000000000,25.0000000000,-0.5687112724,-0.0516108651,-0.2254951758
1.9090000000,-0.2275264927,-0.2260800278,0.0327579364,-0.0800891659,0.0093666196,25.0000000000,25.0000000000,-0.5006955708,-0.0454684711,-0.2254951758
1.9100000000,-0.2262067631,-0.2260422710,0.0403625996,-0.0731185348,0.0063629791,25.0000000000,25.0000000000,-0.4073170984,-0.0370245969,-0.2254951758
1.9110000000,-0.2248513129,-0.2259984483,0.0456843268,-0.0598859574,0.0046478505,25.0000000000,25.0000000000,-0.2916999877,-0.0265490347,-0.2254951758
1.9120000000,-0.2234603560,-0.2259503163,0.0493605317,-0.0374756109,0.0028971401,25.0000000000,25.0000000000,-0.1581364058,-0.0144153321,-0.2254951758
1.9130000000,-0.2220341122,-0.2258997174,0.0510920791,-0.0055880056,0.0009582852,25.0000000000,25.0000000000,-0.0106816691,-0.0009874837,-0.2254951758
1.9140000000,-0.2205728066,-0.2258484571,0.0511830527,0.0313341478,-0.0004591640,25.0000000000,25.0000000000,0.1480414472,0.0134782121,-0.2254951758
1.9150000000,-0.2190766700,-0.2257977290,0.0503933815,0.0706461512,-0.0009854425,25.0000000000,25.0000000000,0.3171088867,0.0288865941,-0.2254951758
1.9160000000,-0.2175459387,-0.2257476580,0.0500373764,0.1095277180,0.0001348138,25.0000000000,25.0000000000,0.4957320555,0.0451539136,-0.2254951758
1.9170000000,-0.2159808543,-0.2256963265,0.0526964004,0.1426155063,0.0044641606,25.0000000000,25.0000000000,0.6827326851,0.0621498613,-0.2254951758
1.9180000000,-0.2143816640,-0.2256384369,0.0620516408,0.1667344537,0.0125042652,25.0000000000,25.0000000000,0.8758591757,0.0796572881,-0.2254951758
1.9190000000,-0.2127486204,-0.2255652608,0.0812113198,0.1842045954,0.0232137779,25.0000000000,25.0000000000,1.0704912224,0.0972704011,-0.2254951758
1.9200000000,-0.2110819814,-0.2254657207,0.1120575537,0.1975329823,0.0353467640,25.0000000000,25.0000000000,1.2595529116,0.1143630235,-0.2254951758
1.9210000000,-0.2093820100,-0.2253276147,0.1552702959,0.2077297003,0.0477317579,25.0000000000,25.0000000000,1.4355485016,0.1302644132,-0.2254951758
1.9220000000,-0.2076489748,-0.2251387599,0.2104255364,0.2150010877,0.0593082485,25.0000000000,25.0000000000,1.5923343277,0.1444220164,-0.2254951758
1.9230000000,-0.2058831494,-0.2248880120,0.2761366723,0.2193583578,0.0691769207,25.0000000000,25.0000000000,1.7259612023,0.1564801009,-0.2254951758
1.9240000000,-0.2040848127,-0.2245661097,0.3502504071,0.2208956422,0.0766544293,25.0000000000,25.0000000000,1.8349720244,0.1663078204,-0.2239611950
1.9250000000,-0.2022542486,-0.2241662926,0.4300900605,0.2198798903,0.0813149800,25.0000000000,25.0000000000,1.9203732246,0.1739970468,-0.2239611950
1.9260000000,-0.2003917462,-0.2236855848,0.5107402351,0.1817074528,0.0794670789,25.0000000000,25.0000000000,1.7920085442,0.1622607132,-0.2239611950
1.9270000000,-0.1984975997,-0.2231266912,0.5870993608,0.1849645179,0.0742346227,25.0000000000,25.0000000000,1.8411846820,0.1667056674,-0.2224272142
1.9280000000,-0.1965721080,-0.2224951438,0.6573934403,0.1880701798,0.0677832109,25.0000000000,25.0000000000,1.8835978246,0.1705406607,-0.2224272142
1.9290000000,-0.1946155754,-0.2217984590,0.7188764451,0.1528447320,0.0572516483,25.0000000000,25.0000000000,1.7368769337,0.1571638892,-0.2224272142
1.9300000000,-0.1926283107,-0.2210472897,0.7691795737,0.1594834355,0.0462249489,25.0000000000,25.0000000000,1.7949023274,0.1624213062,-0.2208932335
1.9310000000,-0.1906106278,-0.2202521621,0.8095870809,0.1673884047,0.0371142052,25.0000000000,25.0000000000,1.8718877690,0.1693925396,-0.2208932335
1.9320000000,-0.1885628452,-0.2194224518,0.8405038333,0.1384680167,0.0270572325,25.0000000000,25.0000000000,1.7812642550,0.1610979870,-0.2193592527
1.9330000000,-0.1864852864,-0.2185676015,0.8625485758,0.1525065725,0.0193806033,25.0000000000,25.0000000000,1.9109449514,0.1728441694,-0.2178252719
1.9340000000,-0.1843782793,-0.2176951051,0.8776002983,0.1332307726,0.0124637032,25.0000000000,25.0000000000,1.8748076057,0.1695017247,-0.2178252719
1.9350000000,-0.1822421569,-0.2168118341,0.8858448249,0.1198652091,0.0057793557,25.0000000000,25.0000000000,1.8653495138,0.1685894391,-0.2162912911
1.9360000000,-0.1800772562,-0.2159232812,0.8899924189,0.1492972902,0.0036797768,25.0000000000,25.0000000000,2.0731029862,0.1874385451,-0.2162912911
1.9370000000,-0.1778839193,-0.2150309714,0.8937363985,0.1408875459,0.0038580453,25.0000000000,25.0000000000,2.1102375501,0.1907461196,-0.2147573103
1.9380000000,-0.1756624924,-0.2141335862,0.9002154196,0.1700569806,0.0084536366,25.0000000000,25.0000000000,2.3589333854,0.2132825436,-0.2147573103
1.9390000000,-0.1734133265,-0.2132261749,0.9124774153,0.1615249485,0.0144692411,25.0000000000,25.0000000000,2.4258587699,0.2192734250,-0.2132233295
1.9400000000,-0.1711367765,-0.2123019004,0.9325454844,0.1902864633,0.0236497277,25.0000000000,25.0000000000,2.6900530606,0.2432042688,-0.2116893487
1.9410000000,-0.1688332020,-0.2113516170,0.9620318977,0.1804304348,0.0327179368,25.0000000000,25.0000000000,2.7574553432,0.2492321500,-0.2116893487
1.9420000000,-0.1665029669,-0.2103667936,0.9993357692,0.1717287505,0.0397233131,25.0000000000,25.0000000000,2.8147869840,0.2543579659,-0.2101553679
1.9430000000,-0.1641464389,-0.2093400950,1.0441612898,0.2014588056,0.0479260252,25.0000000000,25.0000000000,3.0500237949,0.2756843906,-0.2086213872
1.9440000000,-0.1617639904,-0.2082637873,1.0963438918,0.1894412095,0.0543132332,25.0000000000,25.0000000000,3.0763144843,0.2779987878,-0.2086213872
1.9450000000,-0.1593559974,-0.2071323914,1.1527310903,0.1767021649,0.0571893230,25.0000000000,25.0000000000,3.0867645759,0.2788828544,-0.2070874064
1.9460000000,-0.1569228403,-0.2059429699,1.2118230622,0.2018580784,0.0602170194,25.0000000000,25.0000000000,3.2747656540,0.2959332034,-0.2055534256
1.9470000000,-0.1544649033,-0.2046931052,1.2727201176,0.1855877399,0.0608842000,25.0000000000,25.0000000000,3.2581376803,0.2943618980,-0.2040194448
1.9480000000,-0.1519825744,-0.2033830434,1.3320584864,0.1694413891,0.0580259289,25.0000000000,25.0000000000,3.2338477529,0.2921008849,-0.2040194448
1.9490000000,-0.1494762458,-0.2020163871,1.3866568798,0.1572986085,0.0522648917,25.0000000000,25.0000000000,3.2047852907,0.2894279479,-0.2024854640
1.9500000000,-0.1469463131,-0.2005984775,1.4361700933,0.1830349103,0.0480611565,25.0000000000,25.0000000000,3.3701690732,0.3044433170,-0.2009514832
1.9510000000,-0.1443931759,-0.1991336519,1.4814096817,0.1679539630,0.0433685867,25.0000000000,25.0000000000,3.3506185427,0.3026140758,-0.1994175024
1.9520000000,-0.1418172373,-0.1976269631,1.5210822663,0.1542427151,0.0373210330,25.0000000000,25.0000000000,3.3430147169,0.3018672840,-0.1978835216
1.9530000000,-0.1392189041,-0.1960846191,1.5542626094,0.1458745396,0.0306574617,25.0000000000,25.0000000000,3.3480376000,0.3022821015,-0.1963495408
1.9540000000,-0.1365985867,-0.1945132287,1.5808678089,0.1414151936,0.0242151083,25.0000000000,25.0000000000,3.3678175013,0.3040439875,-0.1948155601
1.9550000000,-0.1339566987,-0.1929190024,1.6015644046,0.1397300134,0.0186837133,25.0000000000,25.0000000000,3.4045912245,0.3073493446,-0.1932815793
1.9560000000,-0.1312936575,-0.1913071080,1.6175994841,0.1402473671,0.0145789206,25.0000000000,25.0000000000,3.4595565154,0.3123035030,-0.1917475985
1.9570000000,-0.1286098834,-0.1896812007,1.6306223663,0.1426111879,0.0122355973,25.0000000000,25.0000000000,3.5324414071,0.3188803573,-0.1902136177
1.9580000000,-0.1259058004,-0.1880431354,1.6425004879,0.1464784457,0.0118029049,25.0000000000,25.0000000000,3.6215051635,0.3269215393,-0.1886796369
1.9590000000,-0.1231818354,-0.1863928645,1.6551352792,0.1514546258,0.0132479300,25.0000000000,25.0000000000,3.7237637315,0.3361564381,-0.1871456561
1.9600000000,-0.1204384185,-0.1847285126,1.6702894934,0.1570961865,0.0163719738,25.0000000000,25.0000000000,3.8353349207,0.3462333090,-0.1840776945
1.9610000000,-0.1176759830,-0.1830466107,1.6894388058,0.1629393746,0.0208393789,25.0000000000,25.0000000000,3.9518438194,0.3567559269,-0.1825437138
1.9620000000,-0.1148949652,-0.1813433857,1.7116720444,0.1334896867,0.0226736207,25.0000000000,25.0000000000,3.8754791965,0.3497435748,-0.1810097330
1.9630000000,-0.1120958040,-0.1796170248,1.7353982505,0.1463535390,0.0243885399,25.0000000000,25.0000000000,3.9884559651,0.3599796074,-0.1794757522
1.9640000000,-0.1092789417,-0.1778654959,1.7615813578,0.1589654514,0.0272899468,25.0000000000,25.0000000000,4.0968466877,0.3698013478,-0.1779417714
1.9650000000,-0.1064448229,-0.1760856766,1.7912347783,0.1672865688,0.0310421477,25.0000000000,25.0000000000,4.2023795747,0.3793462976,-0.1764077906
1.9660000000,-0.1035938952,-0.1742737210,1.8248987882,0.1727551390,0.0351547719,25.0000000000,25.0000000000,4.3044914622,0.3885701999,-0.1748738098
1.9670000000,-0.1007266089,-0.1724255306,1.8626629808,0.1764768698,0.0392063834,25.0000000000,25.0000000000,4.4015639461,0.3973322333,-0.1718058482
1.9680000000,-0.0978434167,-0.1705371552,1.9042454246,0.1789287857,0.0428540402,25.0000000000,25.0000000000,4.4920757664,0.4054974960,-0.1702718675
1.9690000000,-0.0949447739,-0.1686060456,1.9470827450,0.1452576888,0.0422887577,25.0000000000,25.0000000000,4.3817609311,0.3954075509,-0.1687378867
1.9700000000,-0.0920311382,-0.1666331159,1.9881873569,0.1535911547,0.0403277261,25.0000000000,25.0000000000,4.4568313514,0.4022081900,-0.1672039059
1.9710000000,-0.0891029697,-0.1646202351,2.0274926912,0.1618189110,0.0386755401,25.0000000000,25.0000000000,4.5274487217,0.4086071772,-0.1641359443
1.9720000000,-0.0861607308,-0.1625689453,2.0654162890,0.1662903744,0.0374477218,25.0000000000,25.0000000000,4.5991530968,0.4150871726,-0.1626019635
1.9730000000,-0.0832048861,-0.1604813020,2.1003753779,0.1337010842,0.0330711089,25.0000000000,25.0000000000,4.4812265369,0.4043163596,-0.1610679827
1.9740000000,-0.0802359025,-0.1583617114,2.1305690223,0.1433628606,0.0285524986,25.0000000000,25.0000000000,4.5607441866,0.4115236333,-0.1580000212
1.9750000000,-0.0772542486,-0.1562142520,2.1572603691,0.1535957052,0.0257075148,25.0000000000,25.0000000000,4.6470595820,0.4193458889,-0.1564660404
1.9760000000,-0.0742603954,-0.1540422381,2.1802538350,0.1257032943,0.0211111456,25.0000000000,25.0000000000,4.5504446212,0.4105161969,-0.1533980788
1.9770000000,-0.0712548156,-0.1518499762,2.1990608182,0.1392322490,0.0176217707,25.0000000000,25.0000000000,4.6572468531,0.4201989609,-0.1518640980
1.9780000000,-0.0682379839,-0.1496411820,2.2140693417,0.1179130968,0.0132885583,25.0000000000,25.0000000000,4.5813093326,0.4132617106,-0.1503301172
1.9790000000,-0.0652103766,-0.1474196678,2.2257312523,0.1361901665,0.0109581528,25.0000000000,25.0000000000,4.7098674918,0.4249258559,-0.1472621556
1.9800000000,-0.0621724718,-0.1451868944,2.2371684332,0.1532429716,0.0119797090,25.0000000000,25.0000000000,4.8496829497,0.4375986575,-0.1457281748
1.9810000000,-0.0591247493,-0.1429420140,2.2495340043,0.1310580764,0.0124009962,25.0000000000,25.0000000000,4.8068529371,0.4336401658,-0.1426602133
1.9820000000,-0.0560676902,-0.1406841611,2.2631436410,0.1492985026,0.0145278104,25.0000000000,25.0000000000,4.9632841063,0.4478152281,-0.1411262325
1.9830000000,-0.0530017775,-0.1384114213,2.2786358118,0.1315622996,0.0158579312,25.0000000000,25.0000000000,4.9288925519,0.4446369970,-0.1380582709
1.9840000000,-0.0499274951,-0.1361220614,2.2961829078,0.1521332524,0.0187247620,25.0000000000,25.0000000000,5.0879314106,0.4590574841,-0.1365242901
1.9850000000,-0.0468453286,-0.1338135025,2.3161733445,0.1350548747,0.0204982449,25.0000000000,25.0000000000,5.0519877010,0.4557423824,-0.1334563285
1.9860000000,-0.0437557647,-0.1314836615,2.3384342625,0.1553801741,0.0234422316,25.0000000000,25.0000000000,5.2063047773,0.4697363771,-0.1319223478
1.9870000000,-0.0406592913,-0.1291299776,2.3629807564,0.1375982228,0.0249213058,25.0000000000,25.0000000000,5.1632796153,0.4657801375,-0.1288543862
1.9880000000,-0.0375563973,-0.1267507466,2.3892914459,0.1570020050,0.0272400133,25.0000000000,25.0000000000,5.3089986814,0.4789953857,-0.1273204054
1.9890000000,-0.0344475727,-0.1243440994,2.4170941814,0.1382314463,0.0278349727,25.0000000000,25.0000000000,5.2567536721,0.4742040761,-0.1242524438
1.9900000000,-0.0313333084,-0.1219092590,2.4456655145,0.1566913333,0.0291025095,25.0000000000,25.0000000000,5.3935197684,0.4866084987,-0.1211844822
1.9910000000,-0.0282140962,-0.1194454247,2.4746295167,0.1371089102,0.0285803072,25.0000000000,25.0000000000,5.3333966940,0.4811037964,-0.1196505015
1.9920000000,-0.0250904287,-0.1169538567,2.5012736363,0.1199062630,0.0252225299,25.0000000000,25.0000000000,5.2706546835,0.4753738736,-0.1165825399
1.9930000000,-0.0219627991,-0.1144375509,2.5251052371,0.1428996634,0.0232015982,25.0000000000,25.0000000000,5.3995540239,0.4870900006,-0.1150485591
1.9940000000,-0.0188317014,-0.1118987505,2.5466345324,0.1262723686,0.0203444480,25.0000000000,25.0000000000,5.3377870326,0.4814505091,-0.1119805975
1.9950000000,-0.0156976299,-0.1093398667,2.5661251598,0.1462547713,0.0191962152,25.0000000000,25.0000000000,5.4743396940,0.4938425615,-0.1089126359
1.9960000000,-0.0125610795,-0.1067622284,2.5842948810,0.1283620520,0.0173798645,25.0000000000,25.0000000000,5.4233030139,0.4891640645,-0.1073786552
1.9970000000,-0.0094225457,-0.1041681007,2.5995660786,0.1132819577,0.0138624965,25.0000000000,25.0000000000,5.3776935442,0.4849871750,-0.1043106936
1.9980000000,-0.0062825239,-0.1015603677,2.6125399494,0.1387846027,0.0127427962,25.0000000000,25.0000000000,5.5297623687,0.4988019458,-0.1012427320
1.9990000000,-0.0031415100,-0.0989401404,2.6246934916,0.1248680004,0.0116901914,25.0000000000,25.0000000000,5.4947615639,0.4955860328,-0.0981747704
2.0000000000,-0.0000000000,-0.0963087800,2.6350689441,0.1124827237,0.0094817275,25.0000000000,25.0000000000,5.4657077228,0.4929127801,-0.0966407896
