time_s,target_rad,angle_rad,speed_rad_s,current_a,torque_nm,winding_c,case_c,motor_voltage_v,duty,encoder_rad
0.0010000000,0.0000000000,0.0000000000,0.0000000000,0.7996129950,0.5729760885,25.0000000000,25.0000000000,11.1000000000,1.0000000000,0.0000000000
0.0020000000,0.0000000000,0.0000000000,0.0000000000,0.9594174647,0.7328497209,25.0000000000,25.0000000000,11.1000000000,1.0000000000,0.0000000000
0.0030000000,0.0000000000,0.0000000000,0.0000000000,1.1063686972,0.8802126830,25.0000000000,25.0000000000,11.1000000000,1.0000000000,0.0000000000
0.0040000000,0.0000000000,0.0000000000,0.0000000000,1.2425892024,1.0169998172,25.0000000000,25.0000000000,11.1000000000,1.0000000000,0.0000000000
0.0050000000,0.0000000000,0.0000000000,0.0000000000,1.3688852713,1.1439797980,25.0000000000,25.0000000000,11.1000000000,1.0000000000,0.0000000000
0.0060000000,0.0000000000,0.0000000000,0.0000000000,1.4859985258,1.2618622124,25.0000000000,25.0000000000,11.1000000000,1.0000000000,0.0000000000
0.0070000000,0.0000000000,0.0000000000,0.0000000000,1.5946131310,1.3713041766,25.0000000000,25.0000000000,11.1000000000,1.0000000000,0.0000000000
0.0080000000,0.0000000000,0.0000000000,0.0000000000,1.6953602602,1.4729143952,25.0000000000,25.0000000000,11.1000000000,1.0000000000,0.0000000000
0.0090000000,0.0000000000,0.0000000000,0.0000000000,1.7888222871,1.5672568824,25.0000000000,25.0000000000,11.1000000000,1.0000000000,0.0000000000
0.0100000000,0.0000000000,0.0000000000,0.0000000000,1.8755366971,1.6548543767,25.0000000000,25.0000000000,11.1000000000,1.0000000000,0.0000000000
0.0110000000,0.0000000000,0.0000000000,0.0000000000,1.9559997127,1.7361914759,25.0000000000,25.0000000000,11.1000000000,1.0000000000,0.0000000000
0.0120000000,0.0000000000,0.0000000000,0.0000000000,2.0306696397,1.8117175158,25.0000000000,25.0000000000,11.1000000000,1.0000000000,0.0000000000
0.0130000000,0.0000000000,0.0000000000,0.0000000000,2.0999699409,1.8818492169,25.0000000000,25.0000000000,11.1000000000,1.0000000000,0.0000000000
0.0140000000,0.0000000000,0.0000000000,0.0000000000,2.1642920544,1.9469731189,25.0000000000,25.0000000000,11.1000000000,1.0000000000,0.0000000000
0.0150000000,0.0000000000,0.0000000000,0.0000000000,2.2239979701,2.0074478213,25.0000000000,25.0000000000,11.1000000000,1.0000000000,0.0000000000
0.0160000000,0.0000000000,0.0000000000,0.0000000000,2.2794225855,2.0636060490,25.0000000000,25.0000000000,11.1000000000,1.0000000000,0.0000000000
0.0170000000,0.0000000000,0.0000000000,0.0000000000,2.3308758556,2.1157565561,25.0000000000,25.0000000000,11.1000000000,1.0000000000,0.0000000000
0.0180000000,0.0000000000,0.0000000000,0.0000000000,2.3786447579,2.1641858833,25.0000000000,25.0000000000,11.1000000000,1.0000000000,0.0000000000
0.0190000000,0.0000000000,0.0000000000,0.0000000000,2.4229950869,2.2091599809,25.0000000000,25.0000000000,11.1000000000,1.0000000000,0.0000000000
0.0200000000,0.0000000000,0.0000000000,0.0000000000,2.4641730955,2.2509257080,25.0000000000,25.0000000000,11.1000000000,1.0000000000,0.0000000000
0.0210000000,0.0000000000,0.0000000000,0.0000000000,2.5024069965,2.2897122197,25.0000000000,25.0000000000,11.1000000000,1.0000000000,0.0000000000
0.0220000000,0.0000000000,0.0000000000,0.0000000000,2.5379083389,2.3257322494,25.0000000000,25.0000000000,11.1000000000,1.0000000000,0.0000000000
0.0230000000,0.0000000000,0.0000000000,0.0000000000,2.5708732698,2.3591832968,25.0000000000,25.0000000000,11.1000000000,1.0000000000,0.0000000000
0.0240000000,0.0000000000,0.0000000000,0.0000000000,2.6014836931,2.3902487267,25.0000000000,25.0000000000,11.1000000000,1.0000000000,0.0000000000
0.0250000000,0.0000000000,0.0000000000,0.0000000000,2.6299083341,2.4190987879,25.0000000000,25.0000000000,11.1000000000,1.0000000000,0.0000000000
0.0260000000,0.0000000000,0.0000000000,0.0000000000,2.6563037196,2.4458915567,25.0000000000,25.0000000000,11.1000000000,1.0000000000,0.0000000000
0.0270000000,0.0000000000,0.0000000000,0.0000000000,2.6808150803,2.4707738119,25.0000000000,25.0000000000,11.1000000000,1.0000000000,0.0000000000
0.0280000000,0.0000000000,0.0000000000,0.0000000000,2.7035771824,2.4938818457,25.0000000000,25.0000000000,11.1000000000,1.0000000000,0.0000000000
0.0290000000,0.0000000000,0.0000000000,0.0000000000,2.7247150952,2.5153422159,25.0000000000,25.0000000000,11.1000000000,1.0000000000,0.0000000000
0.0300000000,0.0000000000,0.0000000000,0.0000000000,2.7443448992,2.5352724436,25.0000000000,25.0000000000,11.1000000000,1.0000000000,0.0000000000
0.0310000000,0.0000000000,0.0000000000,0.0000000000,2.7625743393,2.5537816610,25.0000000000,25.0000000000,11.1000000000,1.0000000000,0.0000000000
0.0320000000,0.0000000000,0.0000000000,0.0000000000,2.7795034257,2.5709712137,25.0000000000,25.0000000000,11.1000000000,1.0000000000,0.0000000000
0.0330000000,0.0000000000,0.0000000000,0.0000000000,2.7952249837,2.5869352215,25.0000000000,25.0000000000,11.1000000000,1.0000000000,0.0000000000
0.0340000000,0.0000000000,0.0000000000,0.0000000000,2.8098251488,2.6017611051,25.0000000000,25.0000000000,11.1000000000,1.0000000000,0.0000000000
0.0350000000,0.0000000000,0.0000000000,0.0000000000,2.8233838008,2.6155300837,25.0000000000,25.0000000000,11.1000000000,1.0000000000,0.0000000000
0.0360000000,0.0000000000,0.0000000000,0.0000000000,2.8359749244,2.6283176551,25.0000000000,25.0000000000,11.1000000000,1.0000000000,0.0000000000
0.0370000000,0.0000000000,0.0000000000,0.0000000000,2.8476668808,2.6401940677,25.0000000000,25.0000000000,11.1000000000,1.0000000000,0.0000000000
0.0380000000,0.0000000000,0.0000000000,0.0000000000,2.8585225749,2.6512247984,25.0000000000,25.0000000000,11.1000000000,1.0000000000,0.0000000000
0.0390000000,0.0000000000,0.0000000000,0.0000000000,2.8685995081,2.6614710460,25.0000000000,25.0000000000,11.1000000000,1.0000000000,0.0000000000
0.0400000000,0.0000000000,0.0000000000,0.0000000000,2.8779497272,2.6709902487,25.0000000000,25.0000000000,11.1000000000,1.0000000000,0.0000000000
0.0410000000,0.0000000000,0.0000000000,0.0000000000,2.8866197076,2.6798366202,25.0000000000,25.0000000000,11.1000000000,1.0000000000,0.0000000000
0.0420000000,0.0000000000,0.0000000000,0.0000000000,2.8946502564,2.6880616842,25.0000000000,25.0000000000,11.1000000000,1.0000000000,0.0000000000
0.0430000000,0.0000000000,0.0000000000,0.0000000000,2.9020765729,2.6957147643,25.0000000000,25.0000000000,11.1000000000,1.0000000000,0.0000000000
0.0440000000,0.0000000000,0.0000000000,0.0000000000,2.9089286455,2.7028433613,25.0000000000,25.0000000000,11.1000000000,1.0000000000,0.0000000000
0.0450000000,0.0000000000,0.0000000000,0.0000000000,2.9152321618,2.7094933423,25.0000000000,25.0000000000,11.1000000000,1.0000000000,0.0000000000
0.0460000000,0.0000000000,0.0000000000,0.0000000000,2.9210100129,2.7157088781,25.0000000000,25.0000000000,11.1000000000,1.0000000000,0.0000000000
0.0470000000,0.0000000000,0.0000000000,0.0000000000,2.9262842709,2.7215321262,25.0000000000,25.0000000000,11.1000000000,1.0000000000,0.0000000000
0.0480000000,0.0000000000,0.0000000000,0.0000000000,2.9310782656,2.7270027340,25.0000000000,25.0000000000,11.1000000000,1.0000000000,0.0000000000
0.0490000000,0.0000000000,0.0000000000,0.0000000000,2.9354182279,2.7321573083,25.0000000000,25.0000000000,11.1000000000,1.0000000000,0.0000000000
0.0500000000,0.0000000000,0.0000000000,0.0000000000,2.9393340419,2.7370290068,25.0000000000,25.0000000000,11.1000000000,1.0000000000,0.0000000000
0.0510000000,0.0000000000,0.0000000000,0.0000000000,2.9428589515,2.7416473512,25.0000000000,25.0000000000,11.1000000000,1.0000000000,0.0000000000
0.0520000000,0.0000000000,0.0000000000,0.0000000000,2.9460284293,2.7460382799,25.0000000000,25.0000000000,11.1000000000,1.0000000000,0.0000000000
0.0530000000,0.0000000000,0.0000000000,0.0000000000,2.9488786365,2.7502243869,25.0000000000,25.0000000000,11.1000000000,1.0000000000,0.0000000000
0.0540000000,0.0000000000,0.0000000000,0.0000000000,2.9514449094,2.7542252685,25.0000000000,25.0000000000,11.1000000000,1.0000000000,0.0000000000
0.0550000000,0.0000000000,0.0000000000,0.0000000000,2.9537605598,2.7580579077,25.0000000000,25.0000000000,11.1000000000,1.0000000000,0.0000000000
0.0560000000,0.0000000000,0.0000000000,0.0000000000,2.9558560987,2.7617370466,25.0000000000,25.0000000000,11.1000000000,1.0000000000,0.0000000000
0.0570000000,0.0000000000,0.0000000000,0.0000000000,2.9577588625,2.7652755233,25.0000000000,25.0000000000,11.1000000000,1.0000000000,0.0000000000
0.0580000000,0.0000000000,0.0000000000,0.0000000000,2.9594929489,2.7686845627,25.0000000000,25.0000000000,11.1000000000,1.0000000000,0.0000000000
0.0590000000,0.0000000000,0.0000000000,0.0000000000,2.9610793605,2.7719740231,25.0000000000,25.0000000000,11.1000000000,1.0000000000,0.0000000000
0.0600000000,0.0000000000,0.0000000000,0.0000000000,2.9625362661,2.7751526022,25.0000000000,25.0000000000,11.1000000000,1.0000000000,0.0000000000
0.0610000000,0.0000000000,0.0000000000,0.0000000000,2.9638793130,2.7782280075,25.0000000000,25.0000000000,11.1000000000,1.0000000000,0.0000000000
0.0620000000,0.0000000000,0.0000000000,0.0000000000,2.9651219483,2.7812070998,25.0000000000,25.0000000000,11.1000000000,1.0000000000,0.0000000000
0.0630000000,0.0000000000,0.0000000000,0.0000000000,2.9662757242,2.7840960117,25.0000000000,25.0000000000,11.1000000000,1.0000000000,0.0000000000
0.0640000000,0.0000000000,0.0000000000,0.0000000000,2.9673505736,2.7869002466,25.0000000000,25.0000000000,11.1000000000,1.0000000000,0.0000000000
0.0650000000,0.0000000000,0.0000000000,0.0000000000,2.9683550534,2.7896247630,25.0000000000,25.0000000000,11.1000000000,1.0000000000,0.0000000000
0.0660000000,0.0000000000,0.0000000000,0.0000000000,2.9692965530,2.7922740444,25.0000000000,25.0000000000,11.1000000000,1.0000000000,0.0000000000
0.0670000000,0.0000000000,0.0000000000,0.0000000000,2.9701814731,2.7948521593,25.0000000000,25.0000000000,11.1000000000,1.0000000000,0.0000000000
0.0680000000,0.0000000000,0.0000000000,0.0000000000,2.9710153759,2.7973628117,25.0000000000,25.0000000000,11.1000000000,1.0000000000,0.0000000000
0.0690000000,0.0000000000,0.0000000000,0.0000000000,2.9718031113,2.7998093851,25.0000000000,25.0000000000,11.1000000000,1.0000000000,0.0000000000
0.0700000000,0.0000000000,0.0000000000,0.0000000000,2.9725489235,2.8021949786,25.0000000000,25.0000000000,11.1000000000,1.0000000000,0.0000000000
0.0710000000,0.0000000000,0.0000000000,0.0000000000,2.9732565398,2.8045224401,25.0000000000,25.0000000000,11.1000000000,1.0000000000,0.0000000000
0.0720000000,0.0000000000,0.0000000000,0.0000000000,2.9739292450,2.8067943932,25.0000000000,25.0000000000,11.1000000000,1.0000000000,0.0000000000
0.0730000000,0.0000000000,0.0000000000,0.0000000000,2.9745699442,2.8090132613,25.0000000000,25.0000000000,11.1000000000,1.0000000000,0.0000000000
0.0740000000,0.0000000000,0.0000000000,0.0000000000,2.9751812153,2.8111812887,25.0000000000,25.0000000000,11.1000000000,1.0000000000,0.0000000000
0.0750000000,0.0000000000,0.0000000000,0.0000000000,2.9757653538,2.8133005585,25.0000000000,25.0000000000,11.1000000000,1.0000000000,0.0000000000
0.0760000000,0.0000000000,0.0000000000,0.0000000000,2.9763244100,2.8153730090,25.0000000000,25.0000000000,11.1000000000,1.0000000000,0.0000000000
0.0770000000,0.0000000000,0.0000000000,0.0000000000,2.9768602210,2.8174004469,25.0000000000,25.0000000000,11.1000000000,1.0000000000,0.0000000000
0.0780000000,0.0000000000,0.0000000000,0.0000000000,2.9773744379,2.8193845607,25.0000000000,25.0000000000,11.1000000000,1.0000000000,0.0000000000
0.0790000000,0.0000000000,0.0000000000,0.0000000000,2.9778685489,2.8213269307,25.0000000000,25.0000000000,11.1000000000,1.0000000000,0.0000000000
0.0800000000,0.0000000000,0.0000000000,0.0000000000,2.9783438991,2.8232290391,25.0000000000,25.0000000000,11.1000000000,1.0000000000,0.0000000000
0.0810000000,0.0000000000,0.0000000000,0.0000000000,2.9788017074,2.8250922785,25.0000000000,25.0000000000,11.1000000000,1.0000000000,0.0000000000
0.0820000000,0.0000000000,0.0000000000,0.0000000000,2.9792430813,2.8269179596,25.0000000000,25.0000000000,11.1000000000,1.0000000000,0.0000000000
0.0830000000,0.0000000000,0.0000000000,0.0000000000,2.9796690295,2.8287073181,25.0000000000,25.0000000000,11.1000000000,1.0000000000,0.0000000000
0.0840000000,0.0000000000,0.0000000000,0.0000000000,2.9800804732,2.8304615206,25.0000000000,25.0000000000,11.1000000000,1.0000000000,0.0000000000
0.0850000000,0.0000000000,0.0000000000,0.0000000000,2.9804782550,2.8321816703,25.0000000000,25.0000000000,11.1000000000,1.0000000000,0.0000000000
0.0860000000,0.0000000000,0.0000000000,0.0000000000,2.9808631477,2.8338688118,25.0000000000,25.0000000000,11.1000000000,1.0000000000,0.0000000000
0.0870000000,0.0000000000,0.0000000000,0.0000000000,2.9812358616,2.8355239358,25.0000000000,25.0000000000,11.1000000000,1.0000000000,0.0000000000
0.0880000000,0.0000000000,0.0000000000,0.0000000000,2.9815970507,2.8371479828,25.0000000000,25.0000000000,11.1000000000,1.0000000000,0.0000000000
0.0890000000,0.0000000000,0.0000000000,0.0000000000,2.9819473184,2.8387418472,25.0000000000,25.0000000000,11.1000000000,1.0000000000,0.0000000000
0.0900000000,0.0000000000,0.0000000000,0.0000000000,2.9822872223,2.8403063800,25.0000000000,25.0000000000,11.1000000000,1.0000000000,0.0000000000
0.0910000000,0.0000000000,0.0000000000,0.0000000000,2.9826172789,2.8418423925,25.0000000000,25.0000000000,11.1000000000,1.0000000000,0.0000000000
0.0920000000,0.0000000000,0.0000000000,0.0000000000,2.9829379672,2.8433506585,25.0000000000,25.0000000000,11.1000000000,1.0000000000,0.0000000000
0.0930000000,0.0000000000,0.0000000000,0.0000000000,2.9832497323,2.8448319170,25.0000000000,25.0000000000,11.1000000000,1.0000000000,0.0000000000
0.0940000000,0.0000000000,0.0000000000,0.0000000000,2.9835529883,2.8462868746,25.0000000000,25.0000000000,11.1000000000,1.0000000000,0.0000000000
0.0950000000,0.0000000000,0.0000000000,0.0000000000,2.9838481213,2.8477162075,25.0000000000,25.0000000000,11.1000000000,1.0000000000,0.0000000000
0.0960000000,0.0000000000,0.0000000000,0.0000000000,2.9841354916,2.8491205635,25.0000000000,25.0000000000,11.1000000000,1.0000000000,0.0000000000
0.0970000000,0.0000000000,0.0000000000,0.0000000000,2.9844154360,2.8505005634,25.0000000000,25.0000000000,11.1000000000,1.0000000000,0.0000000000
0.0980000000,0.0000000000,0.0000000000,0.0000000000,2.9846882697,2.8518568033,25.0000000000,25.0000000000,11.1000000000,1.0000000000,0.0000000000
0.0990000000,0.0000000000,0.0000000000,0.0000000000,2.9849542882,2.8531898554,25.0000000000,25.0000000000,11.1000000000,1.0000000000,0.0000000000
0.1000000000,0.0000000000,0.0000000000,0.0000000000,2.9852137688,2.8545002700,25.0000000000,25.0000000000,11.1000000000,1.0000000000,0.0000000000
0.1010000000,0.0000000000,0.0000000000,0.0000000000,2.9854669720,2.8557885763,25.0000000000,25.0000000000,11.1000000000,1.0000000000,0.0000000000
0.1020000000,0.0000000000,0.0000000000,0.0000000000,2.9857141431,2.8570552837,25.0000000000,25.0000000000,11.1000000000,1.0000000000,0.0000000000
0.1030000000,0.0000000000,0.0000000000,0.0000000000,2.9859555129,2.8583008832,25.0000000000,25.0000000000,11.1000000000,1.0000000000,0.0000000000
0.1040000000,0.0000000000,0.0000000000,0.0000000000,2.9861912991,2.8595258480,25.0000000000,25.0000000000,11.1000000000,1.0000000000,0.0000000000
0.1050000000,0.0000000000,0.0000000000,0.0000000000,2.9864217073,2.8607306347,25.0000000000,25.0000000000,11.1000000000,1.0000000000,0.0000000000
0.1060000000,0.0000000000,0.0000000000,0.0000000000,2.9866469316,2.8619156841,25.0000000000,25.0000000000,11.1000000000,1.0000000000,0.0000000000
0.1070000000,0.0000000000,0.0000000000,0.0000000000,2.9868671558,2.8630814219,25.0000000000,25.0000000000,11.1000000000,1.0000000000,0.0000000000
0.1080000000,0.0000000000,0.0000000000,0.0000000000,2.9870825539,2.8642282598,25.0000000000,25.0000000000,11.1000000000,1.0000000000,0.0000000000
0.1090000000,0.0000000000,0.0000000000,0.0000000000,2.9872932906,2.8653565960,25.0000000000,25.0000000000,11.1000000000,1.0000000000,0.0000000000
0.1100000000,0.0000000000,0.0000000000,0.0000000000,2.9874995226,2.8664668155,25.0000000000,25.0000000000,11.1000000000,1.0000000000,0.0000000000
0.1110000000,0.0000000000,0.0000000000,0.0000000000,2.9877013982,2.8675592916,25.0000000000,25.0000000000,11.1000000000,1.0000000000,0.0000000000
0.1120000000,0.0000000000,0.0000000000,0.0000000000,2.9878990587,2.8686343855,25.0000000000,25.0000000000,11.1000000000,1.0000000000,0.0000000000
0.1130000000,0.0000000000,0.0000000000,0.0000000000,2.9880926383,2.8696924478,25.0000000000,25.0000000000,11.1000000000,1.0000000000,0.0000000000
0.1140000000,0.0000000000,0.0000000000,0.0000000000,2.9882822649,2.8707338180,25.0000000000,25.0000000000,11.1000000000,1.0000000000,0.0000000000
0.1150000000,0.0000000000,0.0000000000,0.0000000000,2.9884680603,2.8717588258,25.0000000000,25.0000000000,11.1000000000,1.0000000000,0.0000000000
0.1160000000,0.0000000000,0.0000000000,0.0000000000,2.9886501407,2.8727677914,25.0000000000,25.0000000000,11.1000000000,1.0000000000,0.0000000000
0.1170000000,0.0000000000,0.0000000000,0.0000000000,2.9888286169,2.8737610254,25.0000000000,25.0000000000,11.1000000000,1.0000000000,0.0000000000
0.1180000000,0.0000000000,0.0000000000,0.0000000000,2.9890035948,2.8747388299,25.0000000000,25.0000000000,11.1000000000,1.0000000000,0.0000000000
0.1190000000,0.0000000000,0.0000000000,0.0000000000,2.9891751756,2.8757014984,25.0000000000,25.0000000000,11.1000000000,1.0000000000,0.0000000000
0.1200000000,0.0000000000,0.0000000000,0.0000000000,2.9893434560,2.8766493163,25.0000000000,25.0000000000,11.1000000000,1.0000000000,0.0000000000
0.1210000000,0.0000000000,0.0000000000,0.0000000000,2.9895085287,2.8775825614,25.0000000000,25.0000000000,11.1000000000,1.0000000000,0.0000000000
0.1220000000,0.0000000000,0.0000000000,0.0000000000,2.9896704823,2.8785015040,25.0000000000,25.0000000000,11.1000000000,1.0000000000,0.0000000000
0.1230000000,0.0000000000,0.0000000000,0.0000000000,2.9898294018,2.8794064071,25.0000000000,25.0000000000,11.1000000000,1.0000000000,0.0000000000
0.1240000000,0.0000000000,0.0000000000,0.0000000000,2.9899853689,2.8802975271,25.0000000000,25.0000000000,11.1000000000,1.0000000000,0.0000000000
0.1250000000,0.0000000000,0.0000000000,0.0000000000,2.9901384617,2.8811751136,25.0000000000,25.0000000000,11.1000000000,1.0000000000,0.0000000000
0.1260000000,0.0000000000,0.0000000000,0.0000000000,2.9902887553,2.8820394099,25.0000000000,25.0000000000,11.1000000000,1.0000000000,0.0000000000
0.1270000000,0.0000000000,0.0000000000,0.0000000000,2.9904363219,2.8828906535,25.0000000000,25.0000000000,11.1000000000,1.0000000000,0.0000000000
0.1280000000,0.0000000000,0.0000000000,0.0000000000,2.9905812309,2.8837290756,25.0000000000,25.0000000000,11.1000000000,1.0000000000,0.0000000000
0.1290000000,0.0000000000,0.0000000000,0.0000000000,2.9907235490,2.8845549020,25.0000000000,25.0000000000,11.1000000000,1.0000000000,0.0000000000
0.1300000000,0.0000000000,0.0000000000,0.0000000000,2.9908633405,2.8853683531,25.0000000000,25.0000000000,11.1000000000,1.0000000000,0.0000000000
0.1310000000,0.0000000000,0.0000000000,0.0000000000,2.9910006672,2.8861696438,25.0000000000,25.0000000000,11.1000000000,1.0000000000,0.0000000000
0.1320000000,0.0000000000,0.0000000000,0.0000000000,2.9911355887,2.8869589842,25.0000000000,25.0000000000,11.1000000000,1.0000000000,0.0000000000
0.1330000000,0.0000000000,0.0000000000,0.0000000000,2.9912681625,2.8877365794,25.0000000000,25.0000000000,11.1000000000,1.0000000000,0.0000000000
0.1340000000,0.0000000000,0.0000000000,0.0000000000,2.9913984440,2.8885026299,25.0000000000,25.0000000000,11.1000000000,1.0000000000,0.0000000000
0.1350000000,0.0000000000,0.0000000000,0.0000000000,2.9915264865,2.8892573313,25.0000000000,25.0000000000,11.1000000000,1.0000000000,0.0000000000
0.1360000000,0.0000000000,0.0000000000,0.0000000000,2.9916523419,2.8900008753,25.0000000000,25.0000000000,11.1000000000,1.0000000000,0.0000000000
0.1370000000,0.0000000000,0.0000000000,0.0000000000,2.9917760598,2.8907334489,25.0000000000,25.0000000000,11.1000000000,1.0000000000,0.0000000000
0.1380000000,0.0000000000,0.0000000000,0.0000000000,2.9918976886,2.8914552352,25.0000000000,25.0000000000,11.1000000000,1.0000000000,0.0000000000
0.1390000000,0.0000000000,0.0000000000,0.0000000000,2.9920172747,2.8921664134,25.0000000000,25.0000000000,11.1000000000,1.0000000000,0.0000000000
0.1400000000,0.0000000000,0.0000000000,0.0000000000,2.9921348634,2.8928671585,25.0000000000,25.0000000000,11.1000000000,1.0000000000,0.0000000000
0.1410000000,0.0000000000,0.0000000000,0.0000000000,2.9922504981,2.8935576421,25.0000000000,25.0000000000,11.1000000000,1.0000000000,0.0000000000
0.1420000000,0.0000000000,0.0000000000,0.0000000000,2.9923642210,2.8942380319,25.0000000000,25.0000000000,11.1000000000,1.0000000000,0.0000000000
0.1430000000,0.0000000000,0.0000000000,0.0000000000,2.9924760731,2.8949084925,25.0000000000,25.0000000000,11.1000000000,1.0000000000,0.0000000000
0.1440000000,0.0000000000,0.0000000000,0.0000000000,2.9925860941,2.8955691846,25.0000000000,25.0000000000,11.1000000000,1.0000000000,0.0000000000
0.1450000000,0.0000000000,0.0000000000,0.0000000000,2.9926943221,2.8962202659,25.0000000000,25.0000000000,11.1000000000,1.0000000000,0.0000000000
0.1460000000,0.0000000000,0.0000000000,0.0000000000,2.9928007947,2.8968618909,25.0000000000,25.0000000000,11.1000000000,1.0000000000,0.0000000000
0.1470000000,0.0000000000,0.0000000000,0.0000000000,2.9929055477,2.8974942108,25.0000000000,25.0000000000,11.1000000000,1.0000000000,0.0000000000
0.1480000000,0.0000000000,0.0000000000,0.0000000000,2.9930086163,2.8981173738,25.0000000000,25.0000000000,11.1000000000,1.0000000000,0.0000000000
0.1490000000,0.0000000000,0.0000000000,0.0000000000,2.9931100346,2.8987315254,25.0000000000,25.0000000000,11.1000000000,1.0000000000,0.0000000000
0.1500000000,0.0000000000,0.0000000000,0.0000000000,2.9932098355,2.8993368081,25.0000000000,25.0000000000,11.1000000000,1.0000000000,0.0000000000
0.1510000000,0.0000000000,0.0000000000,0.0000000000,2.9933080512,2.8999333614,25.0000000000,25.0000000000,11.1000000000,1.0000000000,0.0000000000
0.1520000000,0.0000000000,0.0000000000,0.0000000000,2.9934047129,2.9005213225,25.0000000000,25.0000000000,11.1000000000,1.0000000000,0.0000000000
0.1530000000,0.0000000000,0.0000000000,0.0000000000,2.9934998509,2.9011008258,25.0000000000,25.0000000000,11.1000000000,1.0000000000,0.0000000000
0.1540000000,0.0000000000,0.0000000000,0.0000000000,2.9935934947,2.9016720029,25.0000000000,25.0000000000,11.1000000000,1.0000000000,0.0000000000
0.1550000000,0.0000000000,0.0000000000,0.0000000000,2.9936856730,2.9022349833,25.0000000000,25.0000000000,11.1000000000,1.0000000000,0.0000000000
0.1560000000,0.0000000000,0.0000000000,0.0000000000,2.9937764137,2.9027898940,25.0000000000,25.0000000000,11.1000000000,1.0000000000,0.0000000000
0.1570000000,0.0000000000,0.0000000000,0.0000000000,2.9938657441,2.9033368593,25.0000000000,25.0000000000,11.1000000000,1.0000000000,0.0000000000
0.1580000000,0.0000000000,0.0000000000,0.0000000000,2.9939536905,2.9038760016,25.0000000000,25.0000000000,11.1000000000,1.0000000000,0.0000000000
0.1590000000,0.0000000000,0.0000000000,0.0000000000,2.9940402788,2.9044074409,25.0000000000,25.0000000000,11.1000000000,1.0000000000,0.0000000000
0.1600000000,0.0000000000,0.0000000000,0.0000000000,2.9941255341,2.9049312951,25.0000000000,25.0000000000,11.1000000000,1.0000000000,0.0000000000
0.1610000000,0.0000000000,0.0000000000,0.0000000000,2.9942094809,2.9054476797,25.0000000000,25.0000000000,11.1000000000,1.0000000000,0.0000000000
0.1620000000,0.0000000000,0.0000000000,0.0000000000,2.9942921430,2.9059567084,25.0000000000,25.0000000000,11.1000000000,1.0000000000,0.0000000000
0.1630000000,0.0000000000,0.0000000000,0.0000000000,2.9943735437,2.9064584928,25.0000000000,25.0000000000,11.1000000000,1.0000000000,0.0000000000
0.1640000000,0.0000000000,0.0000000000,0.0000000000,2.9944537058,2.9069531425,25.0000000000,25.0000000000,11.1000000000,1.0000000000,0.0000000000
0.1650000000,0.0000000000,0.0000000000,0.0000000000,2.9945326513,2.9074407651,25.0000000000,25.0000000000,11.1000000000,1.0000000000,0.0000000000
0.1660000000,0.0000000000,0.0000000000,0.0000000000,2.9946104019,2.9079214664,25.0000000000,25.0000000000,11.1000000000,1.0000000000,0.0000000000
0.1670000000,0.0000000000,0.0000000000,0.0000000000,2.9946869786,2.9083953505,25.0000000000,25.0000000000,11.1000000000,1.0000000000,0.0000000000
0.1680000000,0.0000000000,0.0000000000,0.0000000000,2.9947624022,2.9088625193,25.0000000000,25.0000000000,11.1000000000,1.0000000000,0.0000000000
0.1690000000,0.0000000000,0.0000000000,0.0000000000,2.9948366926,2.9093230733,25.0000000000,25.0000000000,11.1000000000,1.0000000000,0.0000000000
0.1700000000,0.0000000000,0.0000000000,0.0000000000,2.9949098696,2.9097771111,25.0000000000,25.0000000000,11.1000000000,1.0000000000,0.0000000000
0.1710000000,0.0000000000,0.0000000000,0.0000000000,2.9949819523,2.9102247297,25.0000000000,25.0000000000,11.1000000000,1.0000000000,0.0000000000
0.1720000000,0.0000000000,0.0000000000,0.0000000000,2.9950529596,2.9106660245,25.0000000000,25.0000000000,11.1000000000,1.0000000000,0.0000000000
0.1730000000,0.0000000000,0.0000000000,0.0000000000,2.9951229097,2.9111010891,25.0000000000,25.0000000000,11.1000000000,1.0000000000,0.0000000000
0.1740000000,0.0000000000,0.0000000000,0.0000000000,2.9951918207,2.9115300157,25.0000000000,25.0000000000,11.1000000000,1.0000000000,0.0000000000
0.1750000000,0.0000000000,0.0000000000,0.0000000000,2.9952597100,2.9119528950,25.0000000000,25.0000000000,11.1000000000,1.0000000000,0.0000000000
0.1760000000,0.0000000000,0.0000000000,0.0000000000,2.9953265948,2.9123698159,25.0000000000,25.0000000000,11.1000000000,1.0000000000,0.0000000000
0.1770000000,0.0000000000,0.0000000000,0.0000000000,2.9953924919,2.9127808663,25.0000000000,25.0000000000,11.1000000000,1.0000000000,0.0000000000
0.1780000000,0.0000000000,0.0000000000,0.0000000000,2.9954574177,2.9131861321,25.0000000000,25.0000000000,11.1000000000,1.0000000000,0.0000000000
0.1790000000,0.0000000000,0.0000000000,0.0000000000,2.9955213883,2.9135856983,25.0000000000,25.0000000000,11.1000000000,1.0000000000,0.0000000000
0.1800000000,0.0000000000,0.0000000000,0.0000000000,2.9955844195,2.9139796482,25.0000000000,25.0000000000,11.1000000000,1.0000000000,0.0000000000
0.1810000000,0.0000000000,0.0000000000,0.0000000000,2.9956465266,2.9143680638,25.0000000000,25.0000000000,11.1000000000,1.0000000000,0.0000000000
0.1820000000,0.0000000000,0.0000000000,0.0000000000,2.9957077248,2.9147510259,25.0000000000,25.0000000000,11.1000000000,1.0000000000,0.0000000000
0.1830000000,0.0000000000,0.0000000000,0.0000000000,2.9957680288,2.9151286139,25.0000000000,25.0000000000,11.1000000000,1.0000000000,0.0000000000
0.1840000000,0.0000000000,0.0000000000,0.0000000000,2.9958274531,2.9155009058,25.0000000000,25.0000000000,11.1000000000,1.0000000000,0.0000000000
0.1850000000,0.0000000000,0.0000000000,0.0000000000,2.9958860118,2.9158679787,25.0000000000,25.0000000000,11.1000000000,1.0000000000,0.0000000000
0.1860000000,0.0000000000,0.0000000000,0.0000000000,2.9959437190,2.9162299081,25.0000000000,25.0000000000,11.1000000000,1.0000000000,0.0000000000
0.1870000000,0.0000000000,0.0000000000,0.0000000000,2.9960005882,2.9165867685,25.0000000000,25.0000000000,11.1000000000,1.0000000000,0.0000000000
0.1880000000,0.0000000000,0.0000000000,0.0000000000,2.9960566327,2.9169386332,25.0000000000,25.0000000000,11.1000000000,1.0000000000,0.0000000000
0.1890000000,0.0000000000,0.0000000000,0.0000000000,2.9961118657,2.9172855743,25.0000000000,25.0000000000,11.1000000000,1.0000000000,0.0000000000
0.1900000000,0.0000000000,0.0000000000,0.0000000000,2.9961663001,2.9176276629,25.0000000000,25.0000000000,11.1000000000,1.0000000000,0.0000000000
0.1910000000,0.0000000000,0.0000000000,0.0000000000,2.9962199483,2.9179649687,25.0000000000,25.0000000000,11.1000000000,1.0000000000,0.0000000000
0.1920000000,0.0000000000,0.0000000000,0.0000000000,2.9962728227,2.9182975607,25.0000000000,25.0000000000,11.1000000000,1.0000000000,0.0000000000
0.1930000000,0.0000000000,0.0000000000,0.0000000000,2.9963249355,2.9186255065,25.0000000000,25.0000000000,11.1000000000,1.0000000000,0.0000000000
0.1940000000,0.0000000000,0.0000000000,0.0000000000,2.9963762986,2.9189488727,25.0000000000,25.0000000000,11.1000000000,1.0000000000,0.0000000000
0.1950000000,0.0000000000,0.0000000000,0.0000000000,2.9964269235,2.9192677252,25.0000000000,25.0000000000,11.1000000000,1.0000000000,0.0000000000
0.1960000000,0.0000000000,0.0000000000,0.0000000000,2.9964768218,2.9195821284,25.0000000000,25.0000000000,11.1000000000,1.0000000000,0.0000000000
0.1970000000,0.0000000000,0.0000000000,0.0000000000,2.9965260047,2.9198921460,25.0000000000,25.0000000000,11.1000000000,1.0000000000,0.0000000000
0.1980000000,0.0000000000,0.0000000000,0.0000000000,2.9965744832,2.9201978408,25.0000000000,25.0000000000,11.1000000000,1.0000000000,0.0000000000
0.1990000000,0.0000000000,0.0000000000,0.0000000000,2.9966222681,2.9204992743,25.0000000000,25.0000000000,11.1000000000,1.0000000000,0.0000000000
0.2000000000,0.0000000000,0.0000000000,0.0000000000,2.9966693701,2.9207965074,25.0000000000,25.0000000000,11.1000000000,1.0000000000,0.0000000000
0.2010000000,0.0000000000,0.0000000000,0.0000000000,2.9967157996,2.9210896000,25.0000000000,25.0000000000,11.1000000000,1.0000000000,0.0000000000
0.2020000000,0.0000000000,0.0000000000,0.0000000000,2.9967615669,2.9213786109,25.0000000000,25.0000000000,11.1000000000,1.0000000000,0.0000000000
0.2030000000,0.0000000000,0.0000000000,0.0000000000,2.9968066819,2.9216635982,25.0000000000,25.0000000000,11.1000000000,1.0000000000,0.0000000000
0.2040000000,0.0000000000,0.0000000000,0.0000000000,2.9968511547,2.9219446190,25.0000000000,25.0000000000,11.1000000000,1.0000000000,0.0000000000
0.2050000000,0.0000000000,0.0000000000,0.0000000000,2.9968949949,2.9222217298,25.0000000000,25.0000000000,11.1000000000,1.0000000000,0.0000000000
0.2060000000,0.0000000000,0.0000000000,0.0000000000,2.9969382120,2.9224949860,25.0000000000,25.0000000000,11.1000000000,1.0000000000,0.0000000000
0.2070000000,0.0000000000,0.0000000000,0.0000000000,2.9969808155,2.9227644421,25.0000000000,25.0000000000,11.1000000000,1.0000000000,0.0000000000
0.2080000000,0.0000000000,0.0000000000,0.0000000000,2.9970228146,2.9230301521,25.0000000000,25.0000000000,11.1000000000,1.0000000000,0.0000000000
0.2090000000,0.0000000000,0.0000000000,0.0000000000,2.9970642182,2.9232921689,25.0000000000,25.0000000000,11.1000000000,1.0000000000,0.0000000000
0.2100000000,0.0000000000,0.0000000000,0.0000000000,2.9971050354,2.9235505448,25.0000000000,25.0000000000,11.1000000000,1.0000000000,0.0000000000
0.2110000000,0.0000000000,0.0000000000,0.0000000000,2.9971452748,2.9238053312,25.0000000000,25.0000000000,11.1000000000,1.0000000000,0.0000000000
0.2120000000,0.0000000000,0.0000000000,0.0000000000,2.9971849451,2.9240565788,25.0000000000,25.0000000000,11.1000000000,1.0000000000,0.0000000000
0.2130000000,0.0000000000,0.0000000000,0.0000000000,2.9972240547,2.9243043375,25.0000000000,25.0000000000,11.1000000000,1.0000000000,0.0000000000
0.2140000000,0.0000000000,0.0000000000,0.0000000000,2.9972626119,2.9245486567,25.0000000000,25.0000000000,11.1000000000,1.0000000000,0.0000000000
0.2150000000,0.0000000000,0.0000000000,0.0000000000,2.9973006249,2.9247895846,25.0000000000,25.0000000000,11.1000000000,1.0000000000,0.0000000000
0.2160000000,0.0000000000,0.0000000000,0.0000000000,2.9973381017,2.9250271692,25.0000000000,25.0000000000,11.1000000000,1.0000000000,0.0000000000
0.2170000000,0.0000000000,0.0000000000,0.0000000000,2.9973750503,2.9252614574,25.0000000000,25.0000000000,11.1000000000,1.0000000000,0.0000000000
0.2180000000,0.0000000000,0.0000000000,0.0000000000,2.9974114784,2.9254924957,25.0000000000,25.0000000000,11.1000000000,1.0000000000,0.0000000000
0.2190000000,0.0000000000,0.0000000000,0.0000000000,2.9974473936,2.9257203297,25.0000000000,25.0000000000,11.1000000000,1.0000000000,0.0000000000
0.2200000000,0.0000000000,0.0000000000,0.0000000000,2.9974828035,2.9259450045,25.0000000000,25.0000000000,11.1000000000,1.0000000000,0.0000000000
0.2210000000,0.0000000000,0.0000000000,0.0000000000,2.9975177155,2.9261665644,25.0000000000,25.0000000000,11.1000000000,1.0000000000,0.0000000000
0.2220000000,0.0000000000,0.0000000000,0.0000000000,2.9975521369,2.9263850532,25.0000000000,25.0000000000,11.1000000000,1.0000000000,0.0000000000
0.2230000000,0.0000000000,0.0000000000,0.0000000000,2.9975860747,2.9266005140,25.0000000000,25.0000000000,11.1000000000,1.0000000000,0.0000000000
0.2240000000,0.0000000000,0.0000000000,0.0000000000,2.9976195361,2.9268129891,25.0000000000,25.0000000000,11.1000000000,1.0000000000,0.0000000000
0.2250000000,0.0000000000,0.0000000000,0.0000000000,2.9976525280,2.9270225205,25.0000000000,25.0000000000,11.1000000000,1.0000000000,0.0000000000
0.2260000000,0.0000000000,0.0000000000,0.0000000000,2.9976850572,2.9272291494,25.0000000000,25.0000000000,11.1000000000,1.0000000000,0.0000000000
0.2270000000,0.0000000000,0.0000000000,0.0000000000,2.9977171305,2.9274329165,25.0000000000,25.0000000000,11.1000000000,1.0000000000,0.0000000000
0.2280000000,0.0000000000,0.0000000000,0.0000000000,2.9977487543,2.9276338618,25.0000000000,25.0000000000,11.1000000000,1.0000000000,0.0000000000
0.2290000000,0.0000000000,0.0000000000,0.0000000000,2.9977799353,2.9278320247,25.0000000000,25.0000000000,11.1000000000,1.0000000000,0.0000000000
0.2300000000,0.0000000000,0.0000000000,0.0000000000,2.9978106798,2.9280274443,25.0000000000,25.0000000000,11.1000000000,1.0000000000,0.0000000000
0.2310000000,0.0000000000,0.0000000000,0.0000000000,2.9978409942,2.9282201588,25.0000000000,25.0000000000,11.1000000000,1.0000000000,0.0000000000
0.2320000000,0.0000000000,0.0000000000,0.0000000000,2.9978708846,2.9284102060,25.0000000000,25.0000000000,11.1000000000,1.0000000000,0.0000000000
0.2330000000,0.0000000000,0.0000000000,0.0000000000,2.9979003571,2.9285976233,25.0000000000,25.0000000000,11.1000000000,1.0000000000,0.0000000000
0.2340000000,0.0000000000,0.0000000000,0.0000000000,2.9979294177,2.9287824472,25.0000000000,25.0000000000,11.1000000000,1.0000000000,0.0000000000
0.2350000000,0.0000000000,0.0000000000,0.0000000000,2.9979580724,2.9289647141,25.0000000000,25.0000000000,11.1000000000,1.0000000000,0.0000000000
0.2360000000,0.0000000000,0.0000000000,0.0000000000,2.9979863269,2.9291444596,25.0000000000,25.0000000000,11.1000000000,1.0000000000,0.0000000000
0.2370000000,0.0000000000,0.0000000000,0.0000000000,2.9980141871,2.9293217188,25.0000000000,25.0000000000,11.1000000000,1.0000000000,0.0000000000
0.2380000000,0.0000000000,0.0000000000,0.0000000000,2.9980416585,2.9294965265,25.0000000000,25.0000000000,11.1000000000,1.0000000000,0.0000000000
0.2390000000,0.0000000000,0.0000000000,0.0000000000,2.9980687468,2.9296689168,25.0000000000,25.0000000000,11.1000000000,1.0000000000,0.0000000000
0.2400000000,0.0000000000,0.0000000000,0.0000000000,2.9980954573,2.9298389234,25.0000000000,25.0000000000,11.1000000000,1.0000000000,0.0000000000
0.2410000000,0.0000000000,0.0000000000,0.0000000000,2.9981217955,2.9300065794,25.0000000000,25.0000000000,11.1000000000,1.0000000000,0.0000000000
0.2420000000,0.0000000000,0.0000000000,0.0000000000,2.9981477667,2.9301719177,25.0000000000,25.0000000000,11.1000000000,1.0000000000,0.0000000000
0.2430000000,0.0000000000,0.0000000000,0.0000000000,2.9981733761,2.9303349705,25.0000000000,25.0000000000,11.1000000000,1.0000000000,0.0000000000
0.2440000000,0.0000000000,0.0000000000,0.0000000000,2.9981986288,2.9304957695,25.0000000000,25.0000000000,11.1000000000,1.0000000000,0.0000000000
0.2450000000,0.0000000000,0.0000000000,0.0000000000,2.9982235301,2.9306543462,25.0000000000,25.0000000000,11.1000000000,1.0000000000,0.0000000000
0.2460000000,0.0000000000,0.0000000000,0.0000000000,2.9982480847,2.9308107315,25.0000000000,25.0000000000,11.1000000000,1.0000000000,0.0000000000
0.2470000000,0.0000000000,0.0000000000,0.0000000000,2.9982722977,2.9309649558,25.0000000000,25.0000000000,11.1000000000,1.0000000000,0.0000000000
0.2480000000,0.0000000000,0.0000000000,0.0000000000,2.9982961738,2.9311170492,25.0000000000,25.0000000000,11.1000000000,1.0000000000,0.0000000000
0.2490000000,0.0000000000,0.0000000000,0.0000000000,2.9983197180,2.9312670413,25.0000000000,25.0000000000,11.1000000000,1.0000000000,0.0000000000
0.2500000000,0.0000000000,0.0000000000,0.0000000000,2.9983429348,2.9314149613,25.0000000000,25.0000000000,11.1000000000,1.0000000000,0.0000000000
0.2510000000,0.0000000000,0.0000000000,0.0000000000,2.9983658289,2.9315608379,25.0000000000,25.0000000000,11.1000000000,1.0000000000,0.0000000000
0.2520000000,0.0000000000,0.0000000000,0.0000000000,2.9983884049,2.9317046997,25.0000000000,25.0000000000,11.1000000000,1.0000000000,0.0000000000
0.2530000000,0.0000000000,0.0000000000,0.0000000000,2.9984106672,2.9318465744,25.0000000000,25.0000000000,11.1000000000,1.0000000000,0.0000000000
0.2540000000,0.0000000000,0.0000000000,0.0000000000,2.9984326203,2.9319864898,25.0000000000,25.0000000000,11.1000000000,1.0000000000,0.0000000000
0.2550000000,0.0000000000,0.0000000000,0.0000000000,2.9984542686,2.9321244730,25.0000000000,25.0000000000,11.1000000000,1.0000000000,0.0000000000
0.2560000000,0.0000000000,0.0000000000,0.0000000000,2.9984756164,2.9322605509,25.0000000000,25.0000000000,11.1000000000,1.0000000000,0.0000000000
0.2570000000,0.0000000000,0.0000000000,0.0000000000,2.9984966678,2.9323947498,25.0000000000,25.0000000000,11.1000000000,1.0000000000,0.0000000000
0.2580000000,0.0000000000,0.0000000000,0.0000000000,2.9985174271,2.9325270958,25.0000000000,25.0000000000,11.1000000000,1.0000000000,0.0000000000
0.2590000000,0.0000000000,0.0000000000,0.0000000000,2.9985378983,2.9326576147,25.0000000000,25.0000000000,11.1000000000,1.0000000000,0.0000000000
0.2600000000,0.0000000000,0.0000000000,0.0000000000,2.9985580856,2.9327863317,25.0000000000,25.0000000000,11.1000000000,1.0000000000,0.0000000000
0.2610000000,0.0000000000,0.0000000000,0.0000000000,2.9985779929,2.9329132719,25.0000000000,25.0000000000,11.1000000000,1.0000000000,0.0000000000
0.2620000000,0.0000000000,0.0000000000,0.0000000000,2.9985976242,2.9330384598,25.0000000000,25.0000000000,11.1000000000,1.0000000000,0.0000000000
0.2630000000,0.0000000000,0.0000000000,0.0000000000,2.9986169833,2.9331619198,25.0000000000,25.0000000000,11.1000000000,1.0000000000,0.0000000000
0.2640000000,0.0000000000,0.0000000000,0.0000000000,2.9986360740,2.9332836758,25.0000000000,25.0000000000,11.1000000000,1.0000000000,0.0000000000
0.2650000000,0.0000000000,0.0000000000,0.0000000000,2.9986549002,2.9334037514,25.0000000000,25.0000000000,11.1000000000,1.0000000000,0.0000000000
0.2660000000,0.0000000000,0.0000000000,0.0000000000,2.9986734655,2.9335221699,25.0000000000,25.0000000000,11.1000000000,1.0000000000,0.0000000000
0.2670000000,0.0000000000,0.0000000000,0.0000000000,2.9986917735,2.9336389543,25.0000000000,25.0000000000,11.1000000000,1.0000000000,0.0000000000
0.2680000000,0.0000000000,0.0000000000,0.0000000000,2.9987098280,2.9337541271,25.0000000000,25.0000000000,11.1000000000,1.0000000000,0.0000000000
0.2690000000,0.0000000000,0.0000000000,0.0000000000,2.9987276324,2.9338677106,25.0000000000,25.0000000000,11.1000000000,1.0000000000,0.0000000000
0.2700000000,0.0000000000,0.0000000000,0.0000000000,2.9987451902,2.9339797270,25.0000000000,25.0000000000,11.1000000000,1.0000000000,0.0000000000
0.2710000000,0.0000000000,0.0000000000,0.0000000000,2.9987625049,2.9340901978,25.0000000000,25.0000000000,11.1000000000,1.0000000000,0.0000000000
0.2720000000,0.0000000000,0.0000000000,0.0000000000,2.9987795799,2.9341991445,25.0000000000,25.0000000000,11.1000000000,1.0000000000,0.0000000000
0.2730000000,0.0000000000,0.0000000000,0.0000000000,2.9987964185,2.9343065882,25.0000000000,25.0000000000,11.1000000000,1.0000000000,0.0000000000
0.2740000000,0.0000000000,0.0000000000,0.0000000000,2.9988130241,2.9344125496,25.0000000000,25.0000000000,11.1000000000,1.0000000000,0.0000000000
0.2750000000,0.0000000000,0.0000000000,0.0000000000,2.9988293999,2.9345170493,25.0000000000,25.0000000000,11.1000000000,1.0000000000,0.0000000000
0.2760000000,0.0000000000,0.0000000000,0.0000000000,2.9988455491,2.9346201075,25.0000000000,25.0000000000,11.1000000000,1.0000000000,0.0000000000
0.2770000000,0.0000000000,0.0000000000,0.0000000000,2.9988614748,2.9347217441,25.0000000000,25.0000000000,11.1000000000,1.0000000000,0.0000000000
0.2780000000,0.0000000000,0.0000000000,0.0000000000,2.9988771803,2.9348219787,25.0000000000,25.0000000000,11.1000000000,1.0000000000,0.0000000000
0.2790000000,0.0000000000,0.0000000000,0.0000000000,2.9988926685,2.9349208309,25.0000000000,25.0000000000,11.1000000000,1.0000000000,0.0000000000
0.2800000000,0.0000000000,0.0000000000,0.0000000000,2.9989079424,2.9350183196,25.0000000000,25.0000000000,11.1000000000,1.0000000000,0.0000000000
0.2810000000,0.0000000000,0.0000000000,0.0000000000,2.9989230052,2.9351144638,25.0000000000,25.0000000000,11.1000000000,1.0000000000,0.0000000000
0.2820000000,0.0000000000,0.0000000000,0.0000000000,2.9989378597,2.9352092819,25.0000000000,25.0000000000,11.1000000000,1.0000000000,0.0000000000
0.2830000000,0.0000000000,0.0000000000,0.0000000000,2.9989525088,2.9353027925,25.0000000000,25.0000000000,11.1000000000,1.0000000000,0.0000000000
0.2840000000,0.0000000000,0.0000000000,0.0000000000,2.9989669553,2.9353950135,25.0000000000,25.0000000000,11.1000000000,1.0000000000,0.0000000000
0.2850000000,0.0000000000,0.0000000000,0.0000000000,2.9989812022,2.9354859627,25.0000000000,25.0000000000,11.1000000000,1.0000000000,0.0000000000
0.2860000000,0.0000000000,0.0000000000,0.0000000000,2.9989952522,2.9355756577,25.0000000000,25.0000000000,11.1000000000,1.0000000000,0.0000000000
0.2870000000,0.0000000000,0.0000000000,0.0000000000,2.9990091079,2.9356641160,25.0000000000,25.0000000000,11.1000000000,1.0000000000,0.0000000000
0.2880000000,0.0000000000,0.0000000000,0.0000000000,2.9990227722,2.9357513544,25.0000000000,25.0000000000,11.1000000000,1.0000000000,0.0000000000
0.2890000000,0.0000000000,0.0000000000,0.0000000000,2.9990362477,2.9358373900,25.0000000000,25.0000000000,11.1000000000,1.0000000000,0.0000000000
0.2900000000,0.0000000000,0.0000000000,0.0000000000,2.9990495369,2.9359222392,25.0000000000,25.0000000000,11.1000000000,1.0000000000,0.0000000000
0.2910000000,0.0000000000,0.0000000000,0.0000000000,2.9990626426,2.9360059186,25.0000000000,25.0000000000,11.1000000000,1.0000000000,0.0000000000
0.2920000000,0.0000000000,0.0000000000,0.0000000000,2.9990755672,2.9360884443,25.0000000000,25.0000000000,11.1000000000,1.0000000000,0.0000000000
0.2930000000,0.0000000000,0.0000000000,0.0000000000,2.9990883133,2.9361698321,25.0000000000,25.0000000000,11.1000000000,1.0000000000,0.0000000000
0.2940000000,0.0000000000,0.0000000000,0.0000000000,2.9991008833,2.9362500979,25.0000000000,25.0000000000,11.1000000000,1.0000000000,0.0000000000
0.2950000000,0.0000000000,0.0000000000,0.0000000000,2.9991132797,2.9363292570,25.0000000000,25.0000000000,11.1000000000,1.0000000000,0.0000000000
0.2960000000,0.0000000000,0.0000000000,0.0000000000,2.9991255049,2.9364073249,25.0000000000,25.0000000000,11.1000000000,1.0000000000,0.0000000000
0.2970000000,0.0000000000,0.0000000000,0.0000000000,2.9991375613,2.9364843165,25.0000000000,25.0000000000,11.1000000000,1.0000000000,0.0000000000
0.2980000000,0.0000000000,0.0000000000,0.0000000000,2.9991494511,2.9365602467,25.0000000000,25.0000000000,11.1000000000,1.0000000000,0.0000000000
0.2990000000,0.0000000000,0.0000000000,0.0000000000,2.9991611768,2.9366351302,25.0000000000,25.0000000000,11.1000000000,1.0000000000,0.0000000000
0.3000000000,0.0000000000,0.0000000000,0.0000000000,2.9991727407,2.9367089814,25.0000000000,25.0000000000,11.1000000000,1.0000000000,0.0000000000
0.3010000000,0.0000000000,0.0000000000,0.0000000000,2.9991841448,2.9367818146,25.0000000000,25.0000000000,11.1000000000,1.0000000000,0.0000000000
0.3020000000,0.0000000000,0.0000000000,0.0000000000,2.9991953915,2.9368536438,25.0000000000,25.0000000000,11.1000000000,1.0000000000,0.0000000000
0.3030000000,0.0000000000,0.0000000000,0.0000000000,2.9992064830,2.9369244829,25.0000000000,25.0000000000,11.1000000000,1.0000000000,0.0000000000
0.3040000000,0.0000000000,0.0000000000,0.0000000000,2.9992174214,2.9369943455,25.0000000000,25.0000000000,11.1000000000,1.0000000000,0.0000000000
0.3050000000,0.0000000000,0.0000000000,0.0000000000,2.9992282087,2.9370632451,25.0000000000,25.0000000000,11.1000000000,1.0000000000,0.0000000000
0.3060000000,0.0000000000,0.0000000000,0.0000000000,2.9992388472,2.9371311951,25.0000000000,25.0000000000,11.1000000000,1.0000000000,0.0000000000
0.3070000000,0.0000000000,0.0000000000,0.0000000000,2.9992493389,2.9371982085,25.0000000000,25.0000000000,11.1000000000,1.0000000000,0.0000000000
0.3080000000,0.0000000000,0.0000000000,0.0000000000,2.9992596857,2.9372642982,25.0000000000,25.0000000000,11.1000000000,1.0000000000,0.0000000000
0.3090000000,0.0000000000,0.0000000000,0.0000000000,2.9992698898,2.9373294770,25.0000000000,25.0000000000,11.1000000000,1.0000000000,0.0000000000
0.3100000000,0.0000000000,0.0000000000,0.0000000000,2.9992799531,2.9373937575,25.0000000000,25.0000000000,11.1000000000,1.0000000000,0.0000000000
0.3110000000,0.0000000000,0.0000000000,0.0000000000,2.9992898775,2.9374571520,25.0000000000,25.0000000000,11.1000000000,1.0000000000,0.0000000000
0.3120000000,0.0000000000,0.0000000000,0.0000000000,2.9992996650,2.9375196728,25.0000000000,25.0000000000,11.1000000000,1.0000000000,0.0000000000
0.3130000000,0.0000000000,0.0000000000,0.0000000000,2.9993093174,2.9375813319,25.0000000000,25.0000000000,11.1000000000,1.0000000000,0.0000000000
0.3140000000,0.0000000000,0.0000000000,0.0000000000,2.9993188367,2.9376421413,25.0000000000,25.0000000000,11.1000000000,1.0000000000,0.0000000000
0.3150000000,0.0000000000,0.0000000000,0.0000000000,2.9993282246,2.9377021125,25.0000000000,25.0000000000,11.1000000000,1.0000000000,0.0000000000
0.3160000000,0.0000000000,0.0000000000,0.0000000000,2.9993374830,2.9377612573,25.0000000000,25.0000000000,11.1000000000,1.0000000000,0.0000000000
0.3170000000,0.0000000000,0.0000000000,0.0000000000,2.9993466137,2.9378195870,25.0000000000,25.0000000000,11.1000000000,1.0000000000,0.0000000000
0.3180000000,0.0000000000,0.0000000000,0.0000000000,2.9993556184,2.9378771128,25.0000000000,25.0000000000,11.1000000000,1.0000000000,0.0000000000
0.3190000000,0.0000000000,0.0000000000,0.0000000000,2.9993644990,2.9379338458,25.0000000000,25.0000000000,11.1000000000,1.0000000000,0.0000000000
0.3200000000,0.0000000000,0.0000000000,0.0000000000,2.9993732570,2.9379897971,25.0000000000,25.0000000000,11.1000000000,1.0000000000,0.0000000000
0.3210000000,0.0000000000,0.0000000000,0.0000000000,2.9993818942,2.9380449772,25.0000000000,25.0000000000,11.1000000000,1.0000000000,0.0000000000
0.3220000000,0.0000000000,0.0000000000,0.0000000000,2.9993904123,2.9380993970,25.0000000000,25.0000000000,11.1000000000,1.0000000000,0.0000000000
0.3230000000,0.0000000000,0.0000000000,0.0000000000,2.9993988130,2.9381530668,25.0000000000,25.0000000000,11.1000000000,1.0000000000,0.0000000000
0.3240000000,0.0000000000,0.0000000000,0.0000000000,2.9994070977,2.9382059970,25.0000000000,25.0000000000,11.1000000000,1.0000000000,0.0000000000
0.3250000000,0.0000000000,0.0000000000,0.0000000000,2.9994152682,2.9382581978,25.0000000000,25.0000000000,11.1000000000,1.0000000000,0.0000000000
0.3260000000,0.0000000000,0.0000000000,0.0000000000,2.9994233261,2.9383096793,25.0000000000,25.0000000000,11.1000000000,1.0000000000,0.0000000000
0.3270000000,0.0000000000,0.0000000000,0.0000000000,2.9994312728,2.9383604514,25.0000000000,25.0000000000,11.1000000000,1.0000000000,0.0000000000
0.3280000000,0.0000000000,0.0000000000,0.0000000000,2.9994391099,2.9384105238,25.0000000000,25.0000000000,11.1000000000,1.0000000000,0.0000000000
0.3290000000,0.0000000000,0.0000000000,0.0000000000,2.9994468390,2.9384599063,25.0000000000,25.0000000000,11.1000000000,1.0000000000,0.0000000000
0.3300000000,0.0000000000,0.0000000000,0.0000000000,2.9994544614,2.9385086083,25.0000000000,25.0000000000,11.1000000000,1.0000000000,0.0000000000
0.3310000000,0.0000000000,0.0000000000,0.0000000000,2.9994619788,2.9385566392,25.0000000000,25.0000000000,11.1000000000,1.0000000000,0.0000000000
0.3320000000,0.0000000000,0.0000000000,0.0000000000,2.9994693925,2.9386040083,25.0000000000,25.0000000000,11.1000000000,1.0000000000,0.0000000000
0.3330000000,0.0000000000,0.0000000000,0.0000000000,2.9994767040,2.9386507246,25.0000000000,25.0000000000,11.1000000000,1.0000000000,0.0000000000
0.3340000000,0.0000000000,0.0000000000,0.0000000000,2.9994839147,2.9386967973,25.0000000000,25.0000000000,11.1000000000,1.0000000000,0.0000000000
0.3350000000,0.0000000000,0.0000000000,0.0000000000,2.9994910260,2.9387422351,25.0000000000,25.0000000000,11.1000000000,1.0000000000,0.0000000000
0.3360000000,0.0000000000,0.0000000000,0.0000000000,2.9994980392,2.9387870468,25.0000000000,25.0000000000,11.1000000000,1.0000000000,0.0000000000
0.3370000000,0.0000000000,0.0000000000,0.0000000000,2.9995049558,2.9388312411,25.0000000000,25.0000000000,11.1000000000,1.0000000000,0.0000000000
0.3380000000,0.0000000000,0.0000000000,0.0000000000,2.9995117770,2.9388748265,25.0000000000,25.0000000000,11.1000000000,1.0000000000,0.0000000000
0.3390000000,0.0000000000,0.0000000000,0.0000000000,2.9995185041,2.9389178112,25.0000000000,25.0000000000,11.1000000000,1.0000000000,0.0000000000
0.3400000000,0.0000000000,0.0000000000,0.0000000000,2.9995251385,2.9389602038,25.0000000000,25.0000000000,11.1000000000,1.0000000000,0.0000000000
0.3410000000,0.0000000000,0.0000000000,0.0000000000,2.9995316815,2.9390020122,25.0000000000,25.0000000000,11.1000000000,1.0000000000,0.0000000000
0.3420000000,0.0000000000,0.0000000000,0.0000000000,2.9995381343,2.9390432446,25.0000000000,25.0000000000,11.1000000000,1.0000000000,0.0000000000
0.3430000000,0.0000000000,0.0000000000,0.0000000000,2.9995444981,2.9390839088,25.0000000000,25.0000000000,11.1000000000,1.0000000000,0.0000000000
0.3440000000,0.0000000000,0.0000000000,0.0000000000,2.9995507741,2.9391240128,25.0000000000,25.0000000000,11.1000000000,1.0000000000,0.0000000000
0.3450000000,0.0000000000,0.0000000000,0.0000000000,2.9995569637,2.9391635642,25.0000000000,25.0000000000,11.1000000000,1.0000000000,0.0000000000
0.3460000000,0.0000000000,0.0000000000,0.0000000000,2.9995630680,2.9392025707,25.0000000000,25.0000000000,11.1000000000,1.0000000000,0.0000000000
0.3470000000,0.0000000000,0.0000000000,0.0000000000,2.9995690881,2.9392410397,25.0000000000,25.0000000000,11.1000000000,1.0000000000,0.0000000000
0.3480000000,0.0000000000,0.0000000000,0.0000000000,2.9995750252,2.9392789787,25.0000000000,25.0000000000,11.1000000000,1.0000000000,0.0000000000
0.3490000000,0.0000000000,0.0000000000,0.0000000000,2.9995808805,2.9393163950,25.0000000000,25.0000000000,11.1000000000,1.0000000000,0.0000000000
0.3500000000,0.0000000000,0.0000000000,0.0000000000,2.9995866551,2.9393532958,25.0000000000,25.0000000000,11.1000000000,1.0000000000,0.0000000000
0.3510000000,0.0000000000,0.0000000000,0.0000000000,2.9995923501,2.9393896882,25.0000000000,25.0000000000,11.1000000000,1.0000000000,0.0000000000
0.3520000000,0.0000000000,0.0000000000,0.0000000000,2.9995979666,2.9394255792,25.0000000000,25.0000000000,11.1000000000,1.0000000000,0.0000000000
0.3530000000,0.0000000000,0.0000000000,0.0000000000,2.9996035057,2.9394609757,25.0000000000,25.0000000000,11.1000000000,1.0000000000,0.0000000000
0.3540000000,0.0000000000,0.0000000000,0.0000000000,2.9996089685,2.9394958845,25.0000000000,25.0000000000,11.1000000000,1.0000000000,0.0000000000
0.3550000000,0.0000000000,0.0000000000,0.0000000000,2.9996143560,2.9395303123,25.0000000000,25.0000000000,11.1000000000,1.0000000000,0.0000000000
0.3560000000,0.0000000000,0.0000000000,0.0000000000,2.9996196692,2.9395642659,25.0000000000,25.0000000000,11.1000000000,1.0000000000,0.0000000000
0.3570000000,0.0000000000,0.0000000000,0.0000000000,2.9996249092,2.9395977516,25.0000000000,25.0000000000,11.1000000000,1.0000000000,0.0000000000
0.3580000000,0.0000000000,0.0000000000,0.0000000000,2.9996300769,2.9396307760,25.0000000000,25.0000000000,11.1000000000,1.0000000000,0.0000000000
0.3590000000,0.0000000000,0.0000000000,0.0000000000,2.9996351735,2.9396633454,25.0000000000,25.0000000000,11.1000000000,1.0000000000,0.0000000000
0.3600000000,0.0000000000,0.0000000000,0.0000000000,2.9996401998,2.9396954661,25.0000000000,25.0000000000,11.1000000000,1.0000000000,0.0000000000
0.3610000000,0.0000000000,0.0000000000,0.0000000000,2.9996451569,2.9397271443,25.0000000000,25.0000000000,11.1000000000,1.0000000000,0.0000000000
0.3620000000,0.0000000000,0.0000000000,0.0000000000,2.9996500456,2.9397583860,25.0000000000,25.0000000000,11.1000000000,1.0000000000,0.0000000000
0.3630000000,0.0000000000,0.0000000000,0.0000000000,2.9996548670,2.9397891974,25.0000000000,25.0000000000,11.1000000000,1.0000000000,0.0000000000
0.3640000000,0.0000000000,0.0000000000,0.0000000000,2.9996596219,2.9398195842,25.0000000000,25.0000000000,11.1000000000,1.0000000000,0.0000000000
0.3650000000,0.0000000000,0.0000000000,0.0000000000,2.9996643113,2.9398495524,25.0000000000,25.0000000000,11.1000000000,1.0000000000,0.0000000000
0.3660000000,0.0000000000,0.0000000000,0.0000000000,2.9996689361,2.9398791077,25.0000000000,25.0000000000,11.1000000000,1.0000000000,0.0000000000
0.3670000000,0.0000000000,0.0000000000,0.0000000000,2.9996734971,2.9399082559,25.0000000000,25.0000000000,11.1000000000,1.0000000000,0.0000000000
0.3680000000,0.0000000000,0.0000000000,0.0000000000,2.9996779953,2.9399370025,25.0000000000,25.0000000000,11.1000000000,1.0000000000,0.0000000000
0.3690000000,0.0000000000,0.0000000000,0.0000000000,2.9996824315,2.9399653530,25.0000000000,25.0000000000,11.1000000000,1.0000000000,0.0000000000
0.3700000000,0.0000000000,0.0000000000,0.0000000000,2.9996868066,2.9399933130,25.0000000000,25.0000000000,11.1000000000,1.0000000000,0.0000000000
0.3710000000,0.0000000000,0.0000000000,0.0000000000,2.9996911214,2.9400208877,25.0000000000,25.0000000000,11.1000000000,1.0000000000,0.0000000000
0.3720000000,0.0000000000,0.0000000000,0.0000000000,2.9996953768,2.9400480826,25.0000000000,25.0000000000,11.1000000000,1.0000000000,0.0000000000
0.3730000000,0.0000000000,0.0000000000,0.0000000000,2.9996995735,2.9400749029,25.0000000000,25.0000000000,11.1000000000,1.0000000000,0.0000000000
0.3740000000,0.0000000000,0.0000000000,0.0000000000,2.9997037123,2.9401013536,25.0000000000,25.0000000000,11.1000000000,1.0000000000,0.0000000000
0.3750000000,0.0000000000,0.0000000000,0.0000000000,2.9997077942,2.9401274399,25.0000000000,25.0000000000,11.1000000000,1.0000000000,0.0000000000
0.3760000000,0.0000000000,0.0000000000,0.0000000000,2.9997118198,2.9401531669,25.0000000000,25.0000000000,11.1000000000,1.0000000000,0.0000000000
0.3770000000,0.0000000000,0.0000000000,0.0000000000,2.9997157899,2.9401785394,25.0000000000,25.0000000000,11.1000000000,1.0000000000,0.0000000000
0.3780000000,0.0000000000,0.0000000000,0.0000000000,2.9997197053,2.9402035624,25.0000000000,25.0000000000,11.1000000000,1.0000000000,0.0000000000
0.3790000000,0.0000000000,0.0000000000,0.0000000000,2.9997235668,2.9402282407,25.0000000000,25.0000000000,11.1000000000,1.0000000000,0.0000000000
0.3800000000,0.0000000000,0.0000000000,0.0000000000,2.9997273751,2.9402525790,25.0000000000,25.0000000000,11.1000000000,1.0000000000,0.0000000000
0.3810000000,0.0000000000,0.0000000000,0.0000000000,2.9997311309,2.9402765820,25.0000000000,25.0000000000,11.1000000000,1.0000000000,0.0000000000
0.3820000000,0.0000000000,0.0000000000,0.0000000000,2.9997348349,2.9403002543,25.0000000000,25.0000000000,11.1000000000,1.0000000000,0.0000000000
0.3830000000,0.0000000000,0.0000000000,0.0000000000,2.9997384879,2.9403236005,25.0000000000,25.0000000000,11.1000000000,1.0000000000,0.0000000000
0.3840000000,0.0000000000,0.0000000000,0.0000000000,2.9997420906,2.9403466251,25.0000000000,25.0000000000,11.1000000000,1.0000000000,0.0000000000
0.3850000000,0.0000000000,0.0000000000,0.0000000000,2.9997456436,2.9403693325,25.0000000000,25.0000000000,11.1000000000,1.0000000000,0.0000000000
0.3860000000,0.0000000000,0.0000000000,0.0000000000,2.9997491477,2.9403917270,25.0000000000,25.0000000000,11.1000000000,1.0000000000,0.0000000000
0.3870000000,0.0000000000,0.0000000000,0.0000000000,2.9997526035,2.9404138131,25.0000000000,25.0000000000,11.1000000000,1.0000000000,0.0000000000
0.3880000000,0.0000000000,0.0000000000,0.0000000000,2.9997560117,2.9404355949,25.0000000000,25.0000000000,11.1000000000,1.0000000000,0.0000000000
0.3890000000,0.0000000000,0.0000000000,0.0000000000,2.9997593729,2.9404570766,25.0000000000,25.0000000000,11.1000000000,1.0000000000,0.0000000000
0.3900000000,0.0000000000,0.0000000000,0.0000000000,2.9997626879,2.9404782624,25.0000000000,25.0000000000,11.1000000000,1.0000000000,0.0000000000
0.3910000000,0.0000000000,0.0000000000,0.0000000000,2.9997659571,2.9404991563,25.0000000000,25.0000000000,11.1000000000,1.0000000000,0.0000000000
0.3920000000,0.0000000000,0.0000000000,0.0000000000,2.9997691813,2.9405197624,25.0000000000,25.0000000000,11.1000000000,1.0000000000,0.0000000000
0.3930000000,0.0000000000,0.0000000000,0.0000000000,2.9997723611,2.9405400846,25.0000000000,25.0000000000,11.1000000000,1.0000000000,0.0000000000
0.3940000000,0.0000000000,0.0000000000,0.0000000000,2.9997754971,2.9405601269,25.0000000000,25.0000000000,11.1000000000,1.0000000000,0.0000000000
0.3950000000,0.0000000000,0.0000000000,0.0000000000,2.9997785898,2.9405798931,25.0000000000,25.0000000000,11.1000000000,1.0000000000,0.0000000000
0.3960000000,0.0000000000,0.0000000000,0.0000000000,2.9997816400,2.9405993869,25.0000000000,25.0000000000,11.1000000000,1.0000000000,0.0000000000
0.3970000000,0.0000000000,0.0000000000,0.0000000000,2.9997846481,2.9406186122,25.0000000000,25.0000000000,11.1000000000,1.0000000000,0.0000000000
0.3980000000,0.0000000000,0.0000000000,0.0000000000,2.9997876148,2.9406375727,25.0000000000,25.0000000000,11.1000000000,1.0000000000,0.0000000000
0.3990000000,0.0000000000,0.0000000000,0.0000000000,2.9997905406,2.9406562720,25.0000000000,25.0000000000,11.1000000000,1.0000000000,0.0000000000
0.4000000000,0.0000000000,0.0000000000,0.0000000000,2.9997934261,2.9406747137,25.0000000000,25.0000000000,11.1000000000,1.0000000000,0.0000000000
0.4010000000,0.0000000000,0.0000000000,0.0000000000,2.9997962719,2.9406929013,25.0000000000,25.0000000000,11.1000000000,1.0000000000,0.0000000000
0.4020000000,0.0000000000,0.0000000000,0.0000000000,2.9997990784,2.9407108383,25.0000000000,25.0000000000,11.1000000000,1.0000000000,0.0000000000
0.4030000000,0.0000000000,0.0000000000,0.0000000000,2.9998018463,2.9407285283,25.0000000000,25.0000000000,11.1000000000,1.0000000000,0.0000000000
0.4040000000,0.0000000000,0.0000000000,0.0000000000,2.9998045760,2.9407459746,25.0000000000,25.0000000000,11.1000000000,1.0000000000,0.0000000000
0.4050000000,0.0000000000,0.0000000000,0.0000000000,2.9998072682,2.9407631805,25.0000000000,25.0000000000,11.1000000000,1.0000000000,0.0000000000
0.4060000000,0.0000000000,0.0000000000,0.0000000000,2.9998099232,2.9407801494,25.0000000000,25.0000000000,11.1000000000,1.0000000000,0.0000000000
0.4070000000,0.0000000000,0.0000000000,0.0000000000,2.9998125417,2.9407968846,25.0000000000,25.0000000000,11.1000000000,1.0000000000,0.0000000000
0.4080000000,0.0000000000,0.0000000000,0.0000000000,2.9998151241,2.9408133892,25.0000000000,25.0000000000,11.1000000000,1.0000000000,0.0000000000
0.4090000000,0.0000000000,0.0000000000,0.0000000000,2.9998176709,2.9408296664,25.0000000000,25.0000000000,11.1000000000,1.0000000000,0.0000000000
0.4100000000,0.0000000000,0.0000000000,0.0000000000,2.9998201826,2.9408457195,25.0000000000,25.0000000000,11.1000000000,1.0000000000,0.0000000000
0.4110000000,0.0000000000,0.0000000000,0.0000000000,2.9998226598,2.9408615513,25.0000000000,25.0000000000,11.1000000000,1.0000000000,0.0000000000
0.4120000000,0.0000000000,0.0000000000,0.0000000000,2.9998251028,2.9408771651,25.0000000000,25.0000000000,11.1000000000,1.0000000000,0.0000000000
0.4130000000,0.0000000000,0.0000000000,0.0000000000,2.9998275121,2.9408925638,25.0000000000,25.0000000000,11.1000000000,1.0000000000,0.0000000000
0.4140000000,0.0000000000,0.0000000000,0.0000000000,2.9998298883,2.9409077504,25.0000000000,25.0000000000,11.1000000000,1.0000000000,0.0000000000
0.4150000000,0.0000000000,0.0000000000,0.0000000000,2.9998322317,2.9409227277,25.0000000000,25.0000000000,11.1000000000,1.0000000000,0.0000000000
0.4160000000,0.0000000000,0.0000000000,0.0000000000,2.9998345428,2.9409374987,25.0000000000,25.0000000000,11.1000000000,1.0000000000,0.0000000000
0.4170000000,0.0000000000,0.0000000000,0.0000000000,2.9998368221,2.9409520663,25.0000000000,25.0000000000,11.1000000000,1.0000000000,0.0000000000
0.4180000000,0.0000000000,0.0000000000,0.0000000000,2.9998390700,2.9409664331,25.0000000000,25.0000000000,11.1000000000,1.0000000000,0.0000000000
0.4190000000,0.0000000000,0.0000000000,0.0000000000,2.9998412869,2.9409806021,25.0000000000,25.0000000000,11.1000000000,1.0000000000,0.0000000000
0.4200000000,0.0000000000,0.0000000000,0.0000000000,2.9998434733,2.9409945759,25.0000000000,25.0000000000,11.1000000000,1.0000000000,0.0000000000
0.4210000000,0.0000000000,0.0000000000,0.0000000000,2.9998456296,2.9410083571,25.0000000000,25.0000000000,11.1000000000,1.0000000000,0.0000000000
0.4220000000,0.0000000000,0.0000000000,0.0000000000,2.9998477561,2.9410219486,25.0000000000,25.0000000000,11.1000000000,1.0000000000,0.0000000000
0.4230000000,0.0000000000,0.0000000000,0.0000000000,2.9998498534,2.9410353528,25.0000000000,25.0000000000,11.1000000000,1.0000000000,0.0000000000
0.4240000000,0.0000000000,0.0000000000,0.0000000000,2.9998519217,2.9410485723,25.0000000000,25.0000000000,11.1000000000,1.0000000000,0.0000000000
0.4250000000,0.0000000000,0.0000000000,0.0000000000,2.9998539616,2.9410616097,25.0000000000,25.0000000000,11.1000000000,1.0000000000,0.0000000000
0.4260000000,0.0000000000,0.0000000000,0.0000000000,2.9998559734,2.9410744676,25.0000000000,25.0000000000,11.1000000000,1.0000000000,0.0000000000
0.4270000000,0.0000000000,0.0000000000,0.0000000000,2.9998579574,2.9410871483,25.0000000000,25.0000000000,11.1000000000,1.0000000000,0.0000000000
0.4280000000,0.0000000000,0.0000000000,0.0000000000,2.9998599142,2.9410996543,25.0000000000,25.0000000000,11.1000000000,1.0000000000,0.0000000000
0.4290000000,0.0000000000,0.0000000000,0.0000000000,2.9998618439,2.9411119881,25.0000000000,25.0000000000,11.1000000000,1.0000000000,0.0000000000
0.4300000000,0.0000000000,0.0000000000,0.0000000000,2.9998637471,2.9411241519,25.0000000000,25.0000000000,11.1000000000,1.0000000000,0.0000000000
0.4310000000,0.0000000000,0.0000000000,0.0000000000,2.9998656241,2.9411361482,25.0000000000,25.0000000000,11.1000000000,1.0000000000,0.0000000000
0.4320000000,0.0000000000,0.0000000000,0.0000000000,2.9998674752,2.9411479792,25.0000000000,25.0000000000,11.1000000000,1.0000000000,0.0000000000
0.4330000000,0.0000000000,0.0000000000,0.0000000000,2.9998693008,2.9411596473,25.0000000000,25.0000000000,11.1000000000,1.0000000000,0.0000000000
0.4340000000,0.0000000000,0.0000000000,0.0000000000,2.9998711013,2.9411711546,25.0000000000,25.0000000000,11.1000000000,1.0000000000,0.0000000000
0.4350000000,0.0000000000,0.0000000000,0.0000000000,2.9998728769,2.9411825034,25.0000000000,25.0000000000,11.1000000000,1.0000000000,0.0000000000
0.4360000000,0.0000000000,0.0000000000,0.0000000000,2.9998746281,2.9411936958,25.0000000000,25.0000000000,11.1000000000,1.0000000000,0.0000000000
0.4370000000,0.0000000000,0.0000000000,0.0000000000,2.9998763552,2.9412047341,25.0000000000,25.0000000000,11.1000000000,1.0000000000,0.0000000000
0.4380000000,0.0000000000,0.0000000000,0.0000000000,2.9998780584,2.9412156203,25.0000000000,25.0000000000,11.1000000000,1.0000000000,0.0000000000
0.4390000000,0.0000000000,0.0000000000,0.0000000000,2.9998797382,2.9412263566,25.0000000000,25.0000000000,11.1000000000,1.0000000000,0.0000000000
0.4400000000,0.0000000000,0.0000000000,0.0000000000,2.9998813949,2.9412369449,25.0000000000,25.0000000000,11.1000000000,1.0000000000,0.0000000000
0.4410000000,0.0000000000,0.0000000000,0.0000000000,2.9998830288,2.9412473874,25.0000000000,25.0000000000,11.1000000000,1.0000000000,0.0000000000
0.4420000000,0.0000000000,0.0000000000,0.0000000000,2.9998846401,2.9412576861,25.0000000000,25.0000000000,11.1000000000,1.0000000000,0.0000000000
0.4430000000,0.0000000000,0.0000000000,0.0000000000,2.9998862292,2.9412678429,25.0000000000,25.0000000000,11.1000000000,1.0000000000,0.0000000000
0.4440000000,0.0000000000,0.0000000000,0.0000000000,2.9998877965,2.9412778597,25.0000000000,25.0000000000,11.1000000000,1.0000000000,0.0000000000
0.4450000000,0.0000000000,0.0000000000,0.0000000000,2.9998893422,2.9412877386,25.0000000000,25.0000000000,11.1000000000,1.0000000000,0.0000000000
0.4460000000,0.0000000000,0.0000000000,0.0000000000,2.9998908665,2.9412974814,25.0000000000,25.0000000000,11.1000000000,1.0000000000,0.0000000000
0.4470000000,0.0000000000,0.0000000000,0.0000000000,2.9998923699,2.9413070900,25.0000000000,25.0000000000,11.1000000000,1.0000000000,0.0000000000
0.4480000000,0.0000000000,0.0000000000,0.0000000000,2.9998938525,2.9413165662,25.0000000000,25.0000000000,11.1000000000,1.0000000000,0.0000000000
0.4490000000,0.0000000000,0.0000000000,0.0000000000,2.9998953148,2.9413259118,25.0000000000,25.0000000000,11.1000000000,1.0000000000,0.0000000000
0.4500000000,0.0000000000,0.0000000000,0.0000000000,2.9998967569,2.9413351288,25.0000000000,25.0000000000,11.1000000000,1.0000000000,0.0000000000
0.4510000000,0.0000000000,0.0000000000,0.0000000000,2.9998981791,2.9413442187,25.0000000000,25.0000000000,11.1000000000,1.0000000000,0.0000000000
0.4520000000,0.0000000000,0.0000000000,0.0000000000,2.9998995817,2.9413531835,25.0000000000,25.0000000000,11.1000000000,1.0000000000,0.0000000000
0.4530000000,0.0000000000,0.0000000000,0.0000000000,2.9999009650,2.9413620247,25.0000000000,25.0000000000,11.1000000000,1.0000000000,0.0000000000
0.4540000000,0.0000000000,0.0000000000,0.0000000000,2.9999023293,2.9413707442,25.0000000000,25.0000000000,11.1000000000,1.0000000000,0.0000000000
0.4550000000,0.0000000000,0.0000000000,0.0000000000,2.9999036747,2.9413793436,25.0000000000,25.0000000000,11.1000000000,1.0000000000,0.0000000000
0.4560000000,0.0000000000,0.0000000000,0.0000000000,2.9999050017,2.9413878244,25.0000000000,25.0000000000,11.1000000000,1.0000000000,0.0000000000
0.4570000000,0.0000000000,0.0000000000,0.0000000000,2.9999063103,2.9413961885,25.0000000000,25.0000000000,11.1000000000,1.0000000000,0.0000000000
0.4580000000,0.0000000000,0.0000000000,0.0000000000,2.9999076009,2.9414044373,25.0000000000,25.0000000000,11.1000000000,1.0000000000,0.0000000000
0.4590000000,0.0000000000,0.0000000000,0.0000000000,2.9999088738,2.9414125726,25.0000000000,25.0000000000,11.1000000000,1.0000000000,0.0000000000
0.4600000000,0.0000000000,0.0000000000,0.0000000000,2.9999101291,2.9414205957,25.0000000000,25.0000000000,11.1000000000,1.0000000000,0.0000000000
0.4610000000,0.0000000000,0.0000000000,0.0000000000,2.9999113671,2.9414285083,25.0000000000,25.0000000000,11.1000000000,1.0000000000,0.0000000000
0.4620000000,0.0000000000,0.0000000000,0.0000000000,2.9999125880,2.9414363119,25.0000000000,25.0000000000,11.1000000000,1.0000000000,0.0000000000
0.4630000000,0.0000000000,0.0000000000,0.0000000000,2.9999137922,2.9414440081,25.0000000000,25.0000000000,11.1000000000,1.0000000000,0.0000000000
0.4640000000,0.0000000000,0.0000000000,0.0000000000,2.9999149797,2.9414515982,25.0000000000,25.0000000000,11.1000000000,1.0000000000,0.0000000000
0.4650000000,0.0000000000,0.0000000000,0.0000000000,2.9999161509,2.9414590837,25.0000000000,25.0000000000,11.1000000000,1.0000000000,0.0000000000
0.4660000000,0.0000000000,0.0000000000,0.0000000000,2.9999173060,2.9414664662,25.0000000000,25.0000000000,11.1000000000,1.0000000000,0.0000000000
0.4670000000,0.0000000000,0.0000000000,0.0000000000,2.9999184451,2.9414737469,25.0000000000,25.0000000000,11.1000000000,1.0000000000,0.0000000000
0.4680000000,0.0000000000,0.0000000000,0.0000000000,2.9999195686,2.9414809273,25.0000000000,25.0000000000,11.1000000000,1.0000000000,0.0000000000
0.4690000000,0.0000000000,0.0000000000,0.0000000000,2.9999206765,2.9414880089,25.0000000000,25.0000000000,11.1000000000,1.0000000000,0.0000000000
0.4700000000,0.0000000000,0.0000000000,0.0000000000,2.9999217693,2.9414949928,25.0000000000,25.0000000000,11.1000000000,1.0000000000,0.0000000000
0.4710000000,0.0000000000,0.0000000000,0.0000000000,2.9999228469,2.9415018806,25.0000000000,25.0000000000,11.1000000000,1.0000000000,0.0000000000
0.4720000000,0.0000000000,0.0000000000,0.0000000000,2.9999239097,2.9415086735,25.0000000000,25.0000000000,11.1000000000,1.0000000000,0.0000000000
0.4730000000,0.0000000000,0.0000000000,0.0000000000,2.9999249579,2.9415153728,25.0000000000,25.0000000000,11.1000000000,1.0000000000,0.0000000000
0.4740000000,0.0000000000,0.0000000000,0.0000000000,2.9999259916,2.9415219798,25.0000000000,25.0000000000,11.1000000000,1.0000000000,0.0000000000
0.4750000000,0.0000000000,0.0000000000,0.0000000000,2.9999270111,2.9415284959,25.0000000000,25.0000000000,11.1000000000,1.0000000000,0.0000000000
0.4760000000,0.0000000000,0.0000000000,0.0000000000,2.9999280166,2.9415349221,25.0000000000,25.0000000000,11.1000000000,1.0000000000,0.0000000000
0.4770000000,0.0000000000,0.0000000000,0.0000000000,2.9999290082,2.9415412598,25.0000000000,25.0000000000,11.1000000000,1.0000000000,0.0000000000
0.4780000000,0.0000000000,0.0000000000,0.0000000000,2.9999299861,2.9415475103,25.0000000000,25.0000000000,11.1000000000,1.0000000000,0.0000000000
0.4790000000,0.0000000000,0.0000000000,0.0000000000,2.9999309506,2.9415536746,25.0000000000,25.0000000000,11.1000000000,1.0000000000,0.0000000000
0.4800000000,0.0000000000,0.0000000000,0.0000000000,2.9999319018,2.9415597540,25.0000000000,25.0000000000,11.1000000000,1.0000000000,0.0000000000
0.4810000000,0.0000000000,0.0000000000,0.0000000000,2.9999328399,2.9415657497,25.0000000000,25.0000000000,11.1000000000,1.0000000000,0.0000000000
0.4820000000,0.0000000000,0.0000000000,0.0000000000,2.9999337650,2.9415716627,25.0000000000,25.0000000000,11.1000000000,1.0000000000,0.0000000000
0.4830000000,0.0000000000,0.0000000000,0.0000000000,2.9999346774,2.9415774943,25.0000000000,25.0000000000,11.1000000000,1.0000000000,0.0000000000
0.4840000000,0.0000000000,0.0000000000,0.0000000000,2.9999355773,2.9415832456,25.0000000000,25.0000000000,11.1000000000,1.0000000000,0.0000000000
0.4850000000,0.0000000000,0.0000000000,0.0000000000,2.9999364647,2.9415889177,25.0000000000,25.0000000000,11.1000000000,1.0000000000,0.0000000000
0.4860000000,0.0000000000,0.0000000000,0.0000000000,2.9999373399,2.9415945116,25.0000000000,25.0000000000,11.1000000000,1.0000000000,0.0000000000
0.4870000000,0.0000000000,0.0000000000,0.0000000000,2.9999382031,2.9416000285,25.0000000000,25.0000000000,11.1000000000,1.0000000000,0.0000000000
0.4880000000,0.0000000000,0.0000000000,0.0000000000,2.9999390544,2.9416054693,25.0000000000,25.0000000000,11.1000000000,1.0000000000,0.0000000000
0.4890000000,0.0000000000,0.0000000000,0.0000000000,2.9999398939,2.9416108352,25.0000000000,25.0000000000,11.1000000000,1.0000000000,0.0000000000
0.4900000000,0.0000000000,0.0000000000,0.0000000000,2.9999407219,2.9416161272,25.0000000000,25.0000000000,11.1000000000,1.0000000000,0.0000000000
0.4910000000,0.0000000000,0.0000000000,0.0000000000,2.9999415385,2.9416213463,25.0000000000,25.0000000000,11.1000000000,1.0000000000,0.0000000000
0.4920000000,0.0000000000,0.0000000000,0.0000000000,2.9999423438,2.9416264935,25.0000000000,25.0000000000,11.1000000000,1.0000000000,0.0000000000
0.4930000000,0.0000000000,0.0000000000,0.0000000000,2.9999431381,2.9416315698,25.0000000000,25.0000000000,11.1000000000,1.0000000000,0.0000000000
0.4940000000,0.0000000000,0.0000000000,0.0000000000,2.9999439213,2.9416365762,25.0000000000,25.0000000000,11.1000000000,1.0000000000,0.0000000000
0.4950000000,0.0000000000,0.0000000000,0.0000000000,2.9999446938,2.9416415136,25.0000000000,25.0000000000,11.1000000000,1.0000000000,0.0000000000
0.4960000000,0.0000000000,0.0000000000,0.0000000000,2.9999454557,2.9416463830,25.0000000000,25.0000000000,11.1000000000,1.0000000000,0.0000000000
0.4970000000,0.0000000000,0.0000000000,0.0000000000,2.9999462071,2.9416511853,25.0000000000,25.0000000000,11.1000000000,1.0000000000,0.0000000000
0.4980000000,0.0000000000,0.0000000000,0.0000000000,2.9999469481,2.9416559215,25.0000000000,25.0000000000,11.1000000000,1.0000000000,0.0000000000
0.4990000000,0.0000000000,0.0000000000,0.0000000000,2.9999476789,2.9416605924,25.0000000000,25.0000000000,11.1000000000,1.0000000000,0.0000000000
0.5000000000,0.0000000000,0.0000000000,0.0000000000,2.9999483996,2.9416651990,25.0000000000,25.0000000000,11.1000000000,1.0000000000,0.0000000000
0.5010000000,0.0000000000,0.0000000000,0.0000000000,2.9999491105,2.9416697421,25.0000000000,25.0000000000,11.1000000000,1.0000000000,0.0000000000
0.5020000000,0.0000000000,0.0000000000,0.0000000000,2.9999498115,2.9416742226,25.0000000000,25.0000000000,11.1000000000,1.0000000000,0.0000000000
0.5030000000,0.0000000000,0.0000000000,0.0000000000,2.9999505028,2.9416786414,25.0000000000,25.0000000000,11.1000000000,1.0000000000,0.0000000000
0.5040000000,0.0000000000,0.0000000000,0.0000000000,2.9999511847,2.9416829994,25.0000000000,25.0000000000,11.1000000000,1.0000000000,0.0000000000
0.5050000000,0.0000000000,0.0000000000,0.0000000000,2.9999518571,2.9416872973,25.0000000000,25.0000000000,11.1000000000,1.0000000000,0.0000000000
0.5060000000,0.0000000000,0.0000000000,0.0000000000,2.9999525203,2.9416915360,25.0000000000,25.0000000000,11.1000000000,1.0000000000,0.0000000000
0.5070000000,0.0000000000,0.0000000000,0.0000000000,2.9999531744,2.9416957163,25.0000000000,25.0000000000,11.1000000000,1.0000000000,0.0000000000
0.5080000000,0.0000000000,0.0000000000,0.0000000000,2.9999538194,2.9416998390,25.0000000000,25.0000000000,11.1000000000,1.0000000000,0.0000000000
0.5090000000,0.0000000000,0.0000000000,0.0000000000,2.9999544556,2.9417039050,25.0000000000,25.0000000000,11.1000000000,1.0000000000,0.0000000000
0.5100000000,0.0000000000,0.0000000000,0.0000000000,2.9999550830,2.9417079149,25.0000000000,25.0000000000,11.1000000000,1.0000000000,0.0000000000
0.5110000000,0.0000000000,0.0000000000,0.0000000000,2.9999557017,2.9417118696,25.0000000000,25.0000000000,11.1000000000,1.0000000000,0.0000000000
0.5120000000,0.0000000000,0.0000000000,0.0000000000,2.9999563119,2.9417157698,25.0000000000,25.0000000000,11.1000000000,1.0000000000,0.0000000000
0.5130000000,0.0000000000,0.0000000000,0.0000000000,2.9999569137,2.9417196163,25.0000000000,25.0000000000,11.1000000000,1.0000000000,0.0000000000
0.5140000000,0.0000000000,0.0000000000,0.0000000000,2.9999575073,2.9417234098,25.0000000000,25.0000000000,11.1000000000,1.0000000000,0.0000000000
0.5150000000,0.0000000000,0.0000000000,0.0000000000,2.9999580926,2.9417271510,25.0000000000,25.0000000000,11.1000000000,1.0000000000,0.0000000000
0.5160000000,0.0000000000,0.0000000000,0.0000000000,2.9999586699,2.9417308407,25.0000000000,25.0000000000,11.1000000000,1.0000000000,0.0000000000
0.5170000000,0.0000000000,0.0000000000,0.0000000000,2.9999592392,2.9417344796,25.0000000000,25.0000000000,11.1000000000,1.0000000000,0.0000000000
0.5180000000,0.0000000000,0.0000000000,0.0000000000,2.9999598007,2.9417380684,25.0000000000,25.0000000000,11.1000000000,1.0000000000,0.0000000000
0.5190000000,0.0000000000,0.0000000000,0.0000000000,2.9999603545,2.9417416077,25.0000000000,25.0000000000,11.1000000000,1.0000000000,0.0000000000
0.5200000000,0.0000000000,0.0000000000,0.0000000000,2.9999609006,2.9417450982,25.0000000000,25.0000000000,11.1000000000,1.0000000000,0.0000000000
0.5210000000,0.0000000000,0.0000000000,0.0000000000,2.9999614392,2.9417485407,25.0000000000,25.0000000000,11.1000000000,1.0000000000,0.0000000000
0.5220000000,0.0000000000,0.0000000000,0.0000000000,2.9999619704,2.9417519358,25.0000000000,25.0000000000,11.1000000000,1.0000000000,0.0000000000
0.5230000000,0.0000000000,0.0000000000,0.0000000000,2.9999624943,2.9417552841,25.0000000000,25.0000000000,11.1000000000,1.0000000000,0.0000000000
0.5240000000,0.0000000000,0.0000000000,0.0000000000,2.9999630109,2.9417585862,25.0000000000,25.0000000000,11.1000000000,1.0000000000,0.0000000000
0.5250000000,0.0000000000,0.0000000000,0.0000000000,2.9999635205,2.9417618429,25.0000000000,25.0000000000,11.1000000000,1.0000000000,0.0000000000
0.5260000000,0.0000000000,0.0000000000,0.0000000000,2.9999640230,2.9417650547,25.0000000000,25.0000000000,11.1000000000,1.0000000000,0.0000000000
0.5270000000,0.0000000000,0.0000000000,0.0000000000,2.9999645186,2.9417682223,25.0000000000,25.0000000000,11.1000000000,1.0000000000,0.0000000000
0.5280000000,0.0000000000,0.0000000000,0.0000000000,2.9999650074,2.9417713462,25.0000000000,25.0000000000,11.1000000000,1.0000000000,0.0000000000
0.5290000000,0.0000000000,0.0000000000,0.0000000000,2.9999654894,2.9417744271,25.0000000000,25.0000000000,11.1000000000,1.0000000000,0.0000000000
0.5300000000,0.0000000000,0.0000000000,0.0000000000,2.9999659648,2.9417774656,25.0000000000,25.0000000000,11.1000000000,1.0000000000,0.0000000000
0.5310000000,0.0000000000,0.0000000000,0.0000000000,2.9999664336,2.9417804622,25.0000000000,25.0000000000,11.1000000000,1.0000000000,0.0000000000
0.5320000000,0.0000000000,0.0000000000,0.0000000000,2.9999668960,2.9417834175,25.0000000000,25.0000000000,11.1000000000,1.0000000000,0.0000000000
0.5330000000,0.0000000000,0.0000000000,0.0000000000,2.9999673520,2.9417863321,25.0000000000,25.0000000000,11.1000000000,1.0000000000,0.0000000000
0.5340000000,0.0000000000,0.0000000000,0.0000000000,2.9999678018,2.9417892066,25.0000000000,25.0000000000,11.1000000000,1.0000000000,0.0000000000
0.5350000000,0.0000000000,0.0000000000,0.0000000000,2.9999682453,2.9417920415,25.0000000000,25.0000000000,11.1000000000,1.0000000000,0.0000000000
0.5360000000,0.0000000000,0.0000000000,0.0000000000,2.9999686828,2.9417948373,25.0000000000,25.0000000000,11.1000000000,1.0000000000,0.0000000000
0.5370000000,0.0000000000,0.0000000000,0.0000000000,2.9999691142,2.9417975946,25.0000000000,25.0000000000,11.1000000000,1.0000000000,0.0000000000
0.5380000000,0.0000000000,0.0000000000,0.0000000000,2.9999695396,2.9418003139,25.0000000000,25.0000000000,11.1000000000,1.0000000000,0.0000000000
0.5390000000,0.0000000000,0.0000000000,0.0000000000,2.9999699592,2.9418029958,25.0000000000,25.0000000000,11.1000000000,1.0000000000,0.0000000000
0.5400000000,0.0000000000,0.0000000000,0.0000000000,2.9999703730,2.9418056407,25.0000000000,25.0000000000,11.1000000000,1.0000000000,0.0000000000
0.5410000000,0.0000000000,0.0000000000,0.0000000000,2.9999707812,2.9418082492,25.0000000000,25.0000000000,11.1000000000,1.0000000000,0.0000000000
0.5420000000,0.0000000000,0.0000000000,0.0000000000,2.9999711837,2.9418108217,25.0000000000,25.0000000000,11.1000000000,1.0000000000,0.0000000000
0.5430000000,0.0000000000,0.0000000000,0.0000000000,2.9999715806,2.9418133589,25.0000000000,25.0000000000,11.1000000000,1.0000000000,0.0000000000
0.5440000000,0.0000000000,0.0000000000,0.0000000000,2.9999719721,2.9418158610,25.0000000000,25.0000000000,11.1000000000,1.0000000000,0.0000000000
0.5450000000,0.0000000000,0.0000000000,0.0000000000,2.9999723582,2.9418183287,25.0000000000,25.0000000000,11.1000000000,1.0000000000,0.0000000000
0.5460000000,0.0000000000,0.0000000000,0.0000000000,2.9999727390,2.9418207624,25.0000000000,25.0000000000,11.1000000000,1.0000000000,0.0000000000
0.5470000000,0.0000000000,0.0000000000,0.0000000000,2.9999731145,2.9418231626,25.0000000000,25.0000000000,11.1000000000,1.0000000000,0.0000000000
0.5480000000,0.0000000000,0.0000000000,0.0000000000,2.9999734849,2.9418255297,25.0000000000,25.0000000000,11.1000000000,1.0000000000,0.0000000000
0.5490000000,0.0000000000,0.0000000000,0.0000000000,2.9999738501,2.9418278642,25.0000000000,25.0000000000,11.1000000000,1.0000000000,0.0000000000
0.5500000000,0.0000000000,0.0000000000,0.0000000000,2.9999742103,2.9418301666,25.0000000000,25.0000000000,11.1000000000,1.0000000000,0.0000000000
0.5510000000,0.0000000000,0.0000000000,0.0000000000,2.9999745656,2.9418324372,25.0000000000,25.0000000000,11.1000000000,1.0000000000,0.0000000000
0.5520000000,0.0000000000,0.0000000000,0.0000000000,2.9999749160,2.9418346766,25.0000000000,25.0000000000,11.1000000000,1.0000000000,0.0000000000
0.5530000000,0.0000000000,0.0000000000,0.0000000000,2.9999752615,2.9418368851,25.0000000000,25.0000000000,11.1000000000,1.0000000000,0.0000000000
0.5540000000,0.0000000000,0.0000000000,0.0000000000,2.9999756023,2.9418390631,25.0000000000,25.0000000000,11.1000000000,1.0000000000,0.0000000000
0.5550000000,0.0000000000,0.0000000000,0.0000000000,2.9999759384,2.9418412112,25.0000000000,25.0000000000,11.1000000000,1.0000000000,0.0000000000
0.5560000000,0.0000000000,0.0000000000,0.0000000000,2.9999762698,2.9418433297,25.0000000000,25.0000000000,11.1000000000,1.0000000000,0.0000000000
0.5570000000,0.0000000000,0.0000000000,0.0000000000,2.9999765967,2.9418454190,25.0000000000,25.0000000000,11.1000000000,1.0000000000,0.0000000000
0.5580000000,0.0000000000,0.0000000000,0.0000000000,2.9999769191,2.9418474795,25.0000000000,25.0000000000,11.1000000000,1.0000000000,0.0000000000
0.5590000000,0.0000000000,0.0000000000,0.0000000000,2.9999772371,2.9418495117,25.0000000000,25.0000000000,11.1000000000,1.0000000000,0.0000000000
0.5600000000,0.0000000000,0.0000000000,0.0000000000,2.9999775506,2.9418515158,25.0000000000,25.0000000000,11.1000000000,1.0000000000,0.0000000000
0.5610000000,0.0000000000,0.0000000000,0.0000000000,2.9999778599,2.9418534924,25.0000000000,25.0000000000,11.1000000000,1.0000000000,0.0000000000
0.5620000000,0.0000000000,0.0000000000,0.0000000000,2.9999781649,2.9418554417,25.0000000000,25.0000000000,11.1000000000,1.0000000000,0.0000000000
0.5630000000,0.0000000000,0.0000000000,0.0000000000,2.9999784656,2.9418573642,25.0000000000,25.0000000000,11.1000000000,1.0000000000,0.0000000000
0.5640000000,0.0000000000,0.0000000000,0.0000000000,2.9999787623,2.9418592601,25.0000000000,25.0000000000,11.1000000000,1.0000000000,0.0000000000
0.5650000000,0.0000000000,0.0000000000,0.0000000000,2.9999790548,2.9418611300,25.0000000000,25.0000000000,11.1000000000,1.0000000000,0.0000000000
0.5660000000,0.0000000000,0.0000000000,0.0000000000,2.9999793434,2.9418629741,25.0000000000,25.0000000000,11.1000000000,1.0000000000,0.0000000000
0.5670000000,0.0000000000,0.0000000000,0.0000000000,2.9999796279,2.9418647928,25.0000000000,25.0000000000,11.1000000000,1.0000000000,0.0000000000
0.5680000000,0.0000000000,0.0000000000,0.0000000000,2.9999799086,2.9418665864,25.0000000000,25.0000000000,11.1000000000,1.0000000000,0.0000000000
0.5690000000,0.0000000000,0.0000000000,0.0000000000,2.9999801853,2.9418683554,25.0000000000,25.0000000000,11.1000000000,1.0000000000,0.0000000000
0.5700000000,0.0000000000,0.0000000000,0.0000000000,2.9999804583,2.9418700999,25.0000000000,25.0000000000,11.1000000000,1.0000000000,0.0000000000
0.5710000000,0.0000000000,0.0000000000,0.0000000000,2.9999807275,2.9418718205,25.0000000000,25.0000000000,11.1000000000,1.0000000000,0.0000000000
0.5720000000,0.0000000000,0.0000000000,0.0000000000,2.9999809930,2.9418735173,25.0000000000,25.0000000000,11.1000000000,1.0000000000,0.0000000000
0.5730000000,0.0000000000,0.0000000000,0.0000000000,2.9999812548,2.9418751908,25.0000000000,25.0000000000,11.1000000000,1.0000000000,0.0000000000
0.5740000000,0.0000000000,0.0000000000,0.0000000000,2.9999815130,2.9418768412,25.0000000000,25.0000000000,11.1000000000,1.0000000000,0.0000000000
0.5750000000,0.0000000000,0.0000000000,0.0000000000,2.9999817677,2.9418784689,25.0000000000,25.0000000000,11.1000000000,1.0000000000,0.0000000000
0.5760000000,0.0000000000,0.0000000000,0.0000000000,2.9999820188,2.9418800741,25.0000000000,25.0000000000,11.1000000000,1.0000000000,0.0000000000
0.5770000000,0.0000000000,0.0000000000,0.0000000000,2.9999822665,2.9418816573,25.0000000000,25.0000000000,11.1000000000,1.0000000000,0.0000000000
0.5780000000,0.0000000000,0.0000000000,0.0000000000,2.9999825108,2.9418832186,25.0000000000,25.0000000000,11.1000000000,1.0000000000,0.0000000000
0.5790000000,0.0000000000,0.0000000000,0.0000000000,2.9999827517,2.9418847584,25.0000000000,25.0000000000,11.1000000000,1.0000000000,0.0000000000
0.5800000000,0.0000000000,0.0000000000,0.0000000000,2.9999829893,2.9418862770,25.0000000000,25.0000000000,11.1000000000,1.0000000000,0.0000000000
0.5810000000,0.0000000000,0.0000000000,0.0000000000,2.9999832237,2.9418877747,25.0000000000,25.0000000000,11.1000000000,1.0000000000,0.0000000000
0.5820000000,0.0000000000,0.0000000000,0.0000000000,2.9999834548,2.9418892518,25.0000000000,25.0000000000,11.1000000000,1.0000000000,0.0000000000
0.5830000000,0.0000000000,0.0000000000,0.0000000000,2.9999836827,2.9418907085,25.0000000000,25.0000000000,11.1000000000,1.0000000000,0.0000000000
0.5840000000,0.0000000000,0.0000000000,0.0000000000,2.9999839074,2.9418921451,25.0000000000,25.0000000000,11.1000000000,1.0000000000,0.0000000000
0.5850000000,0.0000000000,0.0000000000,0.0000000000,2.9999841291,2.9418935620,25.0000000000,25.0000000000,11.1000000000,1.0000000000,0.0000000000
0.5860000000,0.0000000000,0.0000000000,0.0000000000,2.9999843477,2.9418949593,25.0000000000,25.0000000000,11.1000000000,1.0000000000,0.0000000000
0.5870000000,0.0000000000,0.0000000000,0.0000000000,2.9999845634,2.9418963374,25.0000000000,25.0000000000,11.1000000000,1.0000000000,0.0000000000
0.5880000000,0.0000000000,0.0000000000,0.0000000000,2.9999847760,2.9418976965,25.0000000000,25.0000000000,11.1000000000,1.0000000000,0.0000000000
0.5890000000,0.0000000000,0.0000000000,0.0000000000,2.9999849857,2.9418990369,25.0000000000,25.0000000000,11.1000000000,1.0000000000,0.0000000000
0.5900000000,0.0000000000,0.0000000000,0.0000000000,2.9999851926,2.9419003589,25.0000000000,25.0000000000,11.1000000000,1.0000000000,0.0000000000
0.5910000000,0.0000000000,0.0000000000,0.0000000000,2.9999853965,2.9419016626,25.0000000000,25.0000000000,11.1000000000,1.0000000000,0.0000000000
0.5920000000,0.0000000000,0.0000000000,0.0000000000,2.9999855977,2.9419029483,25.0000000000,25.0000000000,11.1000000000,1.0000000000,0.0000000000
0.5930000000,0.0000000000,0.0000000000,0.0000000000,2.9999857961,2.9419042164,25.0000000000,25.0000000000,11.1000000000,1.0000000000,0.0000000000
0.5940000000,0.0000000000,0.0000000000,0.0000000000,2.9999859918,2.9419054669,25.0000000000,25.0000000000,11.1000000000,1.0000000000,0.0000000000
0.5950000000,0.0000000000,0.0000000000,0.0000000000,2.9999861847,2.9419067003,25.0000000000,25.0000000000,11.1000000000,1.0000000000,0.0000000000
0.5960000000,0.0000000000,0.0000000000,0.0000000000,2.9999863750,2.9419079166,25.0000000000,25.0000000000,11.1000000000,1.0000000000,0.0000000000
0.5970000000,0.0000000000,0.0000000000,0.0000000000,2.9999865627,2.9419091162,25.0000000000,25.0000000000,11.1000000000,1.0000000000,0.0000000000
0.5980000000,0.0000000000,0.0000000000,0.0000000000,2.9999867478,2.9419102993,25.0000000000,25.0000000000,11.1000000000,1.0000000000,0.0000000000
0.5990000000,0.0000000000,0.0000000000,0.0000000000,2.9999869304,2.9419114661,25.0000000000,25.0000000000,11.1000000000,1.0000000000,0.0000000000
0.6000000000,0.0000000000,0.0000000000,0.0000000000,2.9999871104,2.9419126168,25.0000000000,25.0000000000,11.1000000000,1.0000000000,0.0000000000
0.6010000000,0.0000000000,0.0000000000,0.0000000000,2.9999872880,2.9419137517,25.0000000000,25.0000000000,11.1000000000,1.0000000000,0.0000000000
0.6020000000,0.0000000000,0.0000000000,0.0000000000,2.9999874631,2.9419148709,25.0000000000,25.0000000000,11.1000000000,1.0000000000,0.0000000000
0.6030000000,0.0000000000,0.0000000000,0.0000000000,2.9999876358,2.9419159747,25.0000000000,25.0000000000,11.1000000000,1.0000000000,0.0000000000
0.6040000000,0.0000000000,0.0000000000,0.0000000000,2.9999878061,2.9419170633,25.0000000000,25.0000000000,11.1000000000,1.0000000000,0.0000000000
0.6050000000,0.0000000000,0.0000000000,0.0000000000,2.9999879741,2.9419181369,25.0000000000,25.0000000000,11.1000000000,1.0000000000,0.0000000000
0.6060000000,0.0000000000,0.0000000000,0.0000000000,2.9999881397,2.9419191957,25.0000000000,25.0000000000,11.1000000000,1.0000000000,0.0000000000
0.6070000000,0.0000000000,0.0000000000,0.0000000000,2.9999883031,2.9419202399,25.0000000000,25.0000000000,11.1000000000,1.0000000000,0.0000000000
0.6080000000,0.0000000000,0.0000000000,0.0000000000,2.9999884642,2.9419212698,25.0000000000,25.0000000000,11.1000000000,1.0000000000,0.0000000000
0.6090000000,0.0000000000,0.0000000000,0.0000000000,2.9999886232,2.9419222854,25.0000000000,25.0000000000,11.1000000000,1.0000000000,0.0000000000
0.6100000000,0.0000000000,0.0000000000,0.0000000000,2.9999887799,2.9419232871,25.0000000000,25.0000000000,11.1000000000,1.0000000000,0.0000000000
0.6110000000,0.0000000000,0.0000000000,0.0000000000,2.9999889344,2.9419242750,25.0000000000,25.0000000000,11.1000000000,1.0000000000,0.0000000000
0.6120000000,0.0000000000,0.0000000000,0.0000000000,2.9999890869,2.9419252492,25.0000000000,25.0000000000,11.1000000000,1.0000000000,0.0000000000
0.6130000000,0.0000000000,0.0000000000,0.0000000000,2.9999892372,2.9419262101,25.0000000000,25.0000000000,11.1000000000,1.0000000000,0.0000000000
0.6140000000,0.0000000000,0.0000000000,0.0000000000,2.9999893855,2.9419271577,25.0000000000,25.0000000000,11.1000000000,1.0000000000,0.0000000000
0.6150000000,0.0000000000,0.0000000000,0.0000000000,2.9999895317,2.9419280922,25.0000000000,25.0000000000,11.1000000000,1.0000000000,0.0000000000
0.6160000000,0.0000000000,0.0000000000,0.0000000000,2.9999896759,2.9419290139,25.0000000000,25.0000000000,11.1000000000,1.0000000000,0.0000000000
0.6170000000,0.0000000000,0.0000000000,0.0000000000,2.9999898181,2.9419299229,25.0000000000,25.0000000000,11.1000000000,1.0000000000,0.0000000000
0.6180000000,0.0000000000,0.0000000000,0.0000000000,2.9999899584,2.9419308193,25.0000000000,25.0000000000,11.1000000000,1.0000000000,0.0000000000
0.6190000000,0.0000000000,0.0000000000,0.0000000000,2.9999900967,2.9419317034,25.0000000000,25.0000000000,11.1000000000,1.0000000000,0.0000000000
0.6200000000,0.0000000000,0.0000000000,0.0000000000,2.9999902331,2.9419325754,25.0000000000,25.0000000000,11.1000000000,1.0000000000,0.0000000000
0.6210000000,0.0000000000,0.0000000000,0.0000000000,2.9999903677,2.9419334353,25.0000000000,25.0000000000,11.1000000000,1.0000000000,0.0000000000
0.6220000000,0.0000000000,0.0000000000,0.0000000000,2.9999905003,2.9419342834,25.0000000000,25.0000000000,11.1000000000,1.0000000000,0.0000000000
0.6230000000,0.0000000000,0.0000000000,0.0000000000,2.9999906312,2.9419351197,25.0000000000,25.0000000000,11.1000000000,1.0000000000,0.0000000000
0.6240000000,0.0000000000,0.0000000000,0.0000000000,2.9999907603,2.9419359446,25.0000000000,25.0000000000,11.1000000000,1.0000000000,0.0000000000
0.6250000000,0.0000000000,0.0000000000,0.0000000000,2.9999908875,2.9419367581,25.0000000000,25.0000000000,11.1000000000,1.0000000000,0.0000000000
0.6260000000,0.0000000000,0.0000000000,0.0000000000,2.9999910131,2.9419375604,25.0000000000,25.0000000000,11.1000000000,1.0000000000,0.0000000000
0.6270000000,0.0000000000,0.0000000000,0.0000000000,2.9999911369,2.9419383517,25.0000000000,25.0000000000,11.1000000000,1.0000000000,0.0000000000
0.6280000000,0.0000000000,0.0000000000,0.0000000000,2.9999912590,2.9419391320,25.0000000000,25.0000000000,11.1000000000,1.0000000000,0.0000000000
0.6290000000,0.0000000000,0.0000000000,0.0000000000,2.9999913794,2.9419399016,25.0000000000,25.0000000000,11.1000000000,1.0000000000,0.0000000000
0.6300000000,0.0000000000,0.0000000000,0.0000000000,2.9999914981,2.9419406606,25.0000000000,25.0000000000,11.1000000000,1.0000000000,0.0000000000
0.6310000000,0.0000000000,0.0000000000,0.0000000000,2.9999916152,2.9419414092,25.0000000000,25.0000000000,11.1000000000,1.0000000000,0.0000000000
0.6320000000,0.0000000000,0.0000000000,0.0000000000,2.9999917307,2.9419421474,25.0000000000,25.0000000000,11.1000000000,1.0000000000,0.0000000000
0.6330000000,0.0000000000,0.0000000000,0.0000000000,2.9999918447,2.9419428754,25.0000000000,25.0000000000,11.1000000000,1.0000000000,0.0000000000
0.6340000000,0.0000000000,0.0000000000,0.0000000000,2.9999919570,2.9419435935,25.0000000000,25.0000000000,11.1000000000,1.0000000000,0.0000000000
0.6350000000,0.0000000000,0.0000000000,0.0000000000,2.9999920678,2.9419443016,25.0000000000,25.0000000000,11.1000000000,1.0000000000,0.0000000000
0.6360000000,0.0000000000,0.0000000000,0.0000000000,2.9999921771,2.9419450000,25.0000000000,25.0000000000,11.1000000000,1.0000000000,0.0000000000
0.6370000000,0.0000000000,0.0000000000,0.0000000000,2.9999922848,2.9419456888,25.0000000000,25.0000000000,11.1000000000,1.0000000000,0.0000000000
0.6380000000,0.0000000000,0.0000000000,0.0000000000,2.9999923911,2.9419463681,25.0000000000,25.0000000000,11.1000000000,1.0000000000,0.0000000000
0.6390000000,0.0000000000,0.0000000000,0.0000000000,2.9999924959,2.9419470380,25.0000000000,25.0000000000,11.1000000000,1.0000000000,0.0000000000
0.6400000000,0.0000000000,0.0000000000,0.0000000000,2.9999925993,2.9419476987,25.0000000000,25.0000000000,11.1000000000,1.0000000000,0.0000000000
0.6410000000,0.0000000000,0.0000000000,0.0000000000,2.9999927012,2.9419483503,25.0000000000,25.0000000000,11.1000000000,1.0000000000,0.0000000000
0.6420000000,0.0000000000,0.0000000000,0.0000000000,2.9999928018,2.9419489929,25.0000000000,25.0000000000,11.1000000000,1.0000000000,0.0000000000
0.6430000000,0.0000000000,0.0000000000,0.0000000000,2.9999929009,2.9419496266,25.0000000000,25.0000000000,11.1000000000,1.0000000000,0.0000000000
0.6440000000,0.0000000000,0.0000000000,0.0000000000,2.9999929987,2.9419502517,25.0000000000,25.0000000000,11.1000000000,1.0000000000,0.0000000000
0.6450000000,0.0000000000,0.0000000000,0.0000000000,2.9999930952,2.9419508681,25.0000000000,25.0000000000,11.1000000000,1.0000000000,0.0000000000
0.6460000000,0.0000000000,0.0000000000,0.0000000000,2.9999931903,2.9419514760,25.0000000000,25.0000000000,11.1000000000,1.0000000000,0.0000000000
0.6470000000,0.0000000000,0.0000000000,0.0000000000,2.9999932841,2.9419520756,25.0000000000,25.0000000000,11.1000000000,1.0000000000,0.0000000000
0.6480000000,0.0000000000,0.0000000000,0.0000000000,2.9999933766,2.9419526669,25.0000000000,25.0000000000,11.1000000000,1.0000000000,0.0000000000
0.6490000000,0.0000000000,0.0000000000,0.0000000000,2.9999934678,2.9419532500,25.0000000000,25.0000000000,11.1000000000,1.0000000000,0.0000000000
0.6500000000,0.0000000000,0.0000000000,0.0000000000,2.9999935578,2.9419538251,25.0000000000,25.0000000000,11.1000000000,1.0000000000,0.0000000000
0.6510000000,0.0000000000,0.0000000000,0.0000000000,2.9999936466,2.9419543923,25.0000000000,25.0000000000,11.1000000000,1.0000000000,0.0000000000
0.6520000000,0.0000000000,0.0000000000,0.0000000000,2.9999937341,2.9419549517,25.0000000000,25.0000000000,11.1000000000,1.0000000000,0.0000000000
0.6530000000,0.0000000000,0.0000000000,0.0000000000,2.9999938204,2.9419555034,25.0000000000,25.0000000000,11.1000000000,1.0000000000,0.0000000000
0.6540000000,0.0000000000,0.0000000000,0.0000000000,2.9999939055,2.9419560475,25.0000000000,25.0000000000,11.1000000000,1.0000000000,0.0000000000
0.6550000000,0.0000000000,0.0000000000,0.0000000000,2.9999939895,2.9419565841,25.0000000000,25.0000000000,11.1000000000,1.0000000000,0.0000000000
0.6560000000,0.0000000000,0.0000000000,0.0000000000,2.9999940723,2.9419571133,25.0000000000,25.0000000000,11.1000000000,1.0000000000,0.0000000000
0.6570000000,0.0000000000,0.0000000000,0.0000000000,2.9999941539,2.9419576352,25.0000000000,25.0000000000,11.1000000000,1.0000000000,0.0000000000
0.6580000000,0.0000000000,0.0000000000,0.0000000000,2.9999942345,2.9419581499,25.0000000000,25.0000000000,11.1000000000,1.0000000000,0.0000000000
0.6590000000,0.0000000000,0.0000000000,0.0000000000,2.9999943139,2.9419586575,25.0000000000,25.0000000000,11.1000000000,1.0000000000,0.0000000000
0.6600000000,0.0000000000,0.0000000000,0.0000000000,2.9999943922,2.9419591581,25.0000000000,25.0000000000,11.1000000000,1.0000000000,0.0000000000
0.6610000000,0.0000000000,0.0000000000,0.0000000000,2.9999944695,2.9419596519,25.0000000000,25.0000000000,11.1000000000,1.0000000000,0.0000000000
0.6620000000,0.0000000000,0.0000000000,0.0000000000,2.9999945457,2.9419601388,25.0000000000,25.0000000000,11.1000000000,1.0000000000,0.0000000000
0.6630000000,0.0000000000,0.0000000000,0.0000000000,2.9999946208,2.9419606190,25.0000000000,25.0000000000,11.1000000000,1.0000000000,0.0000000000
0.6640000000,0.0000000000,0.0000000000,0.0000000000,2.9999946949,2.9419610926,25.0000000000,25.0000000000,11.1000000000,1.0000000000,0.0000000000
0.6650000000,0.0000000000,0.0000000000,0.0000000000,2.9999947680,2.9419615597,25.0000000000,25.0000000000,11.1000000000,1.0000000000,0.0000000000
0.6660000000,0.0000000000,0.0000000000,0.0000000000,2.9999948400,2.9419620204,25.0000000000,25.0000000000,11.1000000000,1.0000000000,0.0000000000
0.6670000000,0.0000000000,0.0000000000,0.0000000000,2.9999949111,2.9419624747,25.0000000000,25.0000000000,11.1000000000,1.0000000000,0.0000000000
0.6680000000,0.0000000000,0.0000000000,0.0000000000,2.9999949812,2.9419629227,25.0000000000,25.0000000000,11.1000000000,1.0000000000,0.0000000000
0.6690000000,0.0000000000,0.0000000000,0.0000000000,2.9999950504,2.9419633646,25.0000000000,25.0000000000,11.1000000000,1.0000000000,0.0000000000
0.6700000000,0.0000000000,0.0000000000,0.0000000000,2.9999951185,2.9419638004,25.0000000000,25.0000000000,11.1000000000,1.0000000000,0.0000000000
0.6710000000,0.0000000000,0.0000000000,0.0000000000,2.9999951858,2.9419642302,25.0000000000,25.0000000000,11.1000000000,1.0000000000,0.0000000000
0.6720000000,0.0000000000,0.0000000000,0.0000000000,2.9999952521,2.9419646540,25.0000000000,25.0000000000,11.1000000000,1.0000000000,0.0000000000
0.6730000000,0.0000000000,0.0000000000,0.0000000000,2.9999953175,2.9419650720,25.0000000000,25.0000000000,11.1000000000,1.0000000000,0.0000000000
0.6740000000,0.0000000000,0.0000000000,0.0000000000,2.9999953820,2.9419654843,25.0000000000,25.0000000000,11.1000000000,1.0000000000,0.0000000000
0.6750000000,0.0000000000,0.0000000000,0.0000000000,2.9999954456,2.9419658909,25.0000000000,25.0000000000,11.1000000000,1.0000000000,0.0000000000
0.6760000000,0.0000000000,0.0000000000,0.0000000000,2.9999955084,2.9419662919,25.0000000000,25.0000000000,11.1000000000,1.0000000000,0.0000000000
0.6770000000,0.0000000000,0.0000000000,0.0000000000,2.9999955702,2.9419666873,25.0000000000,25.0000000000,11.1000000000,1.0000000000,0.0000000000
0.6780000000,0.0000000000,0.0000000000,0.0000000000,2.9999956313,2.9419670774,25.0000000000,25.0000000000,11.1000000000,1.0000000000,0.0000000000
0.6790000000,0.0000000000,0.0000000000,0.0000000000,2.9999956914,2.9419674620,25.0000000000,25.0000000000,11.1000000000,1.0000000000,0.0000000000
0.6800000000,0.0000000000,0.0000000000,0.0000000000,2.9999957508,2.9419678414,25.0000000000,25.0000000000,11.1000000000,1.0000000000,0.0000000000
0.6810000000,0.0000000000,0.0000000000,0.0000000000,2.9999958093,2.9419682155,25.0000000000,25.0000000000,11.1000000000,1.0000000000,0.0000000000
0.6820000000,0.0000000000,0.0000000000,0.0000000000,2.9999958671,2.9419685844,25.0000000000,25.0000000000,11.1000000000,1.0000000000,0.0000000000
0.6830000000,0.0000000000,0.0000000000,0.0000000000,2.9999959240,2.9419689483,25.0000000000,25.0000000000,11.1000000000,1.0000000000,0.0000000000
0.6840000000,0.0000000000,0.0000000000,0.0000000000,2.9999959801,2.9419693072,25.0000000000,25.0000000000,11.1000000000,1.0000000000,0.0000000000
0.6850000000,0.0000000000,0.0000000000,0.0000000000,2.9999960355,2.9419696611,25.0000000000,25.0000000000,11.1000000000,1.0000000000,0.0000000000
0.6860000000,0.0000000000,0.0000000000,0.0000000000,2.9999960901,2.9419700102,25.0000000000,25.0000000000,11.1000000000,1.0000000000,0.0000000000
0.6870000000,0.0000000000,0.0000000000,0.0000000000,2.9999961440,2.9419703544,25.0000000000,25.0000000000,11.1000000000,1.0000000000,0.0000000000
0.6880000000,0.0000000000,0.0000000000,0.0000000000,2.9999961971,2.9419706939,25.0000000000,25.0000000000,11.1000000000,1.0000000000,0.0000000000
0.6890000000,0.0000000000,0.0000000000,0.0000000000,2.9999962495,2.9419710287,25.0000000000,25.0000000000,11.1000000000,1.0000000000,0.0000000000
0.6900000000,0.0000000000,0.0000000000,0.0000000000,2.9999963011,2.9419713589,25.0000000000,25.0000000000,11.1000000000,1.0000000000,0.0000000000
0.6910000000,0.0000000000,0.0000000000,0.0000000000,2.9999963521,2.9419716846,25.0000000000,25.0000000000,11.1000000000,1.0000000000,0.0000000000
0.6920000000,0.0000000000,0.0000000000,0.0000000000,2.9999964024,2.9419720058,25.0000000000,25.0000000000,11.1000000000,1.0000000000,0.0000000000
0.6930000000,0.0000000000,0.0000000000,0.0000000000,2.9999964519,2.9419723225,25.0000000000,25.0000000000,11.1000000000,1.0000000000,0.0000000000
0.6940000000,0.0000000000,0.0000000000,0.0000000000,2.9999965008,2.9419726349,25.0000000000,25.0000000000,11.1000000000,1.0000000000,0.0000000000
0.6950000000,0.0000000000,0.0000000000,0.0000000000,2.9999965490,2.9419729430,25.0000000000,25.0000000000,11.1000000000,1.0000000000,0.0000000000
0.6960000000,0.0000000000,0.0000000000,0.0000000000,2.9999965965,2.9419732469,25.0000000000,25.0000000000,11.1000000000,1.0000000000,0.0000000000
0.6970000000,0.0000000000,0.0000000000,0.0000000000,2.9999966434,2.9419735465,25.0000000000,25.0000000000,11.1000000000,1.0000000000,0.0000000000
0.6980000000,0.0000000000,0.0000000000,0.0000000000,2.9999966896,2.9419738420,25.0000000000,25.0000000000,11.1000000000,1.0000000000,0.0000000000
0.6990000000,0.0000000000,0.0000000000,0.0000000000,2.9999967353,2.9419741335,25.0000000000,25.0000000000,11.1000000000,1.0000000000,0.0000000000
0.7000000000,0.0000000000,0.0000000000,0.0000000000,2.9999967802,2.9419744209,25.0000000000,25.0000000000,11.1000000000,1.0000000000,0.0000000000
0.7010000000,0.0000000000,0.0000000000,0.0000000000,2.9999968246,2.9419747044,25.0000000000,25.0000000000,11.1000000000,1.0000000000,0.0000000000
0.7020000000,0.0000000000,0.0000000000,0.0000000000,2.9999968683,2.9419749840,25.0000000000,25.0000000000,11.1000000000,1.0000000000,0.0000000000
0.7030000000,0.0000000000,0.0000000000,0.0000000000,2.9999969115,2.9419752597,25.0000000000,25.0000000000,11.1000000000,1.0000000000,0.0000000000
0.7040000000,0.0000000000,0.0000000000,0.0000000000,2.9999969540,2.9419755317,25.0000000000,25.0000000000,11.1000000000,1.0000000000,0.0000000000
0.7050000000,0.0000000000,0.0000000000,0.0000000000,2.9999969960,2.9419757998,25.0000000000,25.0000000000,11.1000000000,1.0000000000,0.0000000000
0.7060000000,0.0000000000,0.0000000000,0.0000000000,2.9999970373,2.9419760643,25.0000000000,25.0000000000,11.1000000000,1.0000000000,0.0000000000
0.7070000000,0.0000000000,0.0000000000,0.0000000000,2.9999970782,2.9419763252,25.0000000000,25.0000000000,11.1000000000,1.0000000000,0.0000000000
0.7080000000,0.0000000000,0.0000000000,0.0000000000,2.9999971184,2.9419765824,25.0000000000,25.0000000000,11.1000000000,1.0000000000,0.0000000000
0.7090000000,0.0000000000,0.0000000000,0.0000000000,2.9999971581,2.9419768361,25.0000000000,25.0000000000,11.1000000000,1.0000000000,0.0000000000
0.7100000000,0.0000000000,0.0000000000,0.0000000000,2.9999971972,2.9419770863,25.0000000000,25.0000000000,11.1000000000,1.0000000000,0.0000000000
0.7110000000,0.0000000000,0.0000000000,0.0000000000,2.9999972359,2.9419773331,25.0000000000,25.0000000000,11.1000000000,1.0000000000,0.0000000000
0.7120000000,0.0000000000,0.0000000000,0.0000000000,2.9999972739,2.9419775765,25.0000000000,25.0000000000,11.1000000000,1.0000000000,0.0000000000
0.7130000000,0.0000000000,0.0000000000,0.0000000000,2.9999973115,2.9419778165,25.0000000000,25.0000000000,11.1000000000,1.0000000000,0.0000000000
0.7140000000,0.0000000000,0.0000000000,0.0000000000,2.9999973485,2.9419780532,25.0000000000,25.0000000000,11.1000000000,1.0000000000,0.0000000000
0.7150000000,0.0000000000,0.0000000000,0.0000000000,2.9999973850,2.9419782866,25.0000000000,25.0000000000,11.1000000000,1.0000000000,0.0000000000
0.7160000000,0.0000000000,0.0000000000,0.0000000000,2.9999974211,2.9419785169,25.0000000000,25.0000000000,11.1000000000,1.0000000000,0.0000000000
0.7170000000,0.0000000000,0.0000000000,0.0000000000,2.9999974566,2.9419787439,25.0000000000,25.0000000000,11.1000000000,1.0000000000,0.0000000000
0.7180000000,0.0000000000,0.0000000000,0.0000000000,2.9999974916,2.9419789679,25.0000000000,25.0000000000,11.1000000000,1.0000000000,0.0000000000
0.7190000000,0.0000000000,0.0000000000,0.0000000000,2.9999975262,2.9419791887,25.0000000000,25.0000000000,11.1000000000,1.0000000000,0.0000000000
0.7200000000,0.0000000000,0.0000000000,0.0000000000,2.9999975603,2.9419794065,25.0000000000,25.0000000000,11.1000000000,1.0000000000,0.0000000000
0.7210000000,0.0000000000,0.0000000000,0.0000000000,2.9999975939,2.9419796213,25.0000000000,25.0000000000,11.1000000000,1.0000000000,0.0000000000
0.7220000000,0.0000000000,0.0000000000,0.0000000000,2.9999976270,2.9419798332,25.0000000000,25.0000000000,11.1000000000,1.0000000000,0.0000000000
0.7230000000,0.0000000000,0.0000000000,0.0000000000,2.9999976597,2.9419800421,25.0000000000,25.0000000000,11.1000000000,1.0000000000,0.0000000000
0.7240000000,0.0000000000,0.0000000000,0.0000000000,2.9999976919,2.9419802482,25.0000000000,25.0000000000,11.1000000000,1.0000000000,0.0000000000
0.7250000000,0.0000000000,0.0000000000,0.0000000000,2.9999977237,2.9419804514,25.0000000000,25.0000000000,11.1000000000,1.0000000000,0.0000000000
0.7260000000,0.0000000000,0.0000000000,0.0000000000,2.9999977551,2.9419806518,25.0000000000,25.0000000000,11.1000000000,1.0000000000,0.0000000000
0.7270000000,0.0000000000,0.0000000000,0.0000000000,2.9999977860,2.9419808494,25.0000000000,25.0000000000,11.1000000000,1.0000000000,0.0000000000
0.7280000000,0.0000000000,0.0000000000,0.0000000000,2.9999978165,2.9419810444,25.0000000000,25.0000000000,11.1000000000,1.0000000000,0.0000000000
0.7290000000,0.0000000000,0.0000000000,0.0000000000,2.9999978466,2.9419812366,25.0000000000,25.0000000000,11.1000000000,1.0000000000,0.0000000000
0.7300000000,0.0000000000,0.0000000000,0.0000000000,2.9999978763,2.9419814262,25.0000000000,25.0000000000,11.1000000000,1.0000000000,0.0000000000
0.7310000000,0.0000000000,0.0000000000,0.0000000000,2.9999979055,2.9419816132,25.0000000000,25.0000000000,11.1000000000,1.0000000000,0.0000000000
0.7320000000,0.0000000000,0.0000000000,0.0000000000,2.9999979344,2.9419817976,25.0000000000,25.0000000000,11.1000000000,1.0000000000,0.0000000000
0.7330000000,0.0000000000,0.0000000000,0.0000000000,2.9999979628,2.9419819795,25.0000000000,25.0000000000,11.1000000000,1.0000000000,0.0000000000
0.7340000000,0.0000000000,0.0000000000,0.0000000000,2.9999979909,2.9419821588,25.0000000000,25.0000000000,11.1000000000,1.0000000000,0.0000000000
0.7350000000,0.0000000000,0.0000000000,0.0000000000,2.9999980186,2.9419823357,25.0000000000,25.0000000000,11.1000000000,1.0000000000,0.0000000000
0.7360000000,0.0000000000,0.0000000000,0.0000000000,2.9999980459,2.9419825102,25.0000000000,25.0000000000,11.1000000000,1.0000000000,0.0000000000
0.7370000000,0.0000000000,0.0000000000,0.0000000000,2.9999980728,2.9419826822,25.0000000000,25.0000000000,11.1000000000,1.0000000000,0.0000000000
0.7380000000,0.0000000000,0.0000000000,0.0000000000,2.9999980993,2.9419828519,25.0000000000,25.0000000000,11.1000000000,1.0000000000,0.0000000000
0.7390000000,0.0000000000,0.0000000000,0.0000000000,2.9999981255,2.9419830192,25.0000000000,25.0000000000,11.1000000000,1.0000000000,0.0000000000
0.7400000000,0.0000000000,0.0000000000,0.0000000000,2.9999981513,2.9419831843,25.0000000000,25.0000000000,11.1000000000,1.0000000000,0.0000000000
0.7410000000,0.0000000000,0.0000000000,0.0000000000,2.9999981768,2.9419833470,25.0000000000,25.0000000000,11.1000000000,1.0000000000,0.0000000000
0.7420000000,0.0000000000,0.0000000000,0.0000000000,2.9999982019,2.9419835076,25.0000000000,25.0000000000,11.1000000000,1.0000000000,0.0000000000
0.7430000000,0.0000000000,0.0000000000,0.0000000000,2.9999982267,2.9419836659,25.0000000000,25.0000000000,11.1000000000,1.0000000000,0.0000000000
0.7440000000,0.0000000000,0.0000000000,0.0000000000,2.9999982511,2.9419838220,25.0000000000,25.0000000000,11.1000000000,1.0000000000,0.0000000000
0.7450000000,0.0000000000,0.0000000000,0.0000000000,2.9999982752,2.9419839760,25.0000000000,25.0000000000,11.1000000000,1.0000000000,0.0000000000
0.7460000000,0.0000000000,0.0000000000,0.0000000000,2.9999982990,2.9419841278,25.0000000000,25.0000000000,11.1000000000,1.0000000000,0.0000000000
0.7470000000,0.0000000000,0.0000000000,0.0000000000,2.9999983224,2.9419842776,25.0000000000,25.0000000000,11.1000000000,1.0000000000,0.0000000000
0.7480000000,0.0000000000,0.0000000000,0.0000000000,2.9999983455,2.9419844253,25.0000000000,25.0000000000,11.1000000000,1.0000000000,0.0000000000
0.7490000000,0.0000000000,0.0000000000,0.0000000000,2.9999983683,2.9419845710,25.0000000000,25.0000000000,11.1000000000,1.0000000000,0.0000000000
0.7500000000,0.0000000000,0.0000000000,0.0000000000,2.9999983908,2.9419847147,25.0000000000,25.0000000000,11.1000000000,1.0000000000,0.0000000000
0.7510000000,0.0000000000,0.0000000000,0.0000000000,2.9999984129,2.9419848563,25.0000000000,25.0000000000,11.1000000000,1.0000000000,0.0000000000
0.7520000000,0.0000000000,0.0000000000,0.0000000000,2.9999984348,2.9419849961,25.0000000000,25.0000000000,11.1000000000,1.0000000000,0.0000000000
0.7530000000,0.0000000000,0.0000000000,0.0000000000,2.9999984564,2.9419851339,25.0000000000,25.0000000000,11.1000000000,1.0000000000,0.0000000000
0.7540000000,0.0000000000,0.0000000000,0.0000000000,2.9999984776,2.9419852698,25.0000000000,25.0000000000,11.1000000000,1.0000000000,0.0000000000
0.7550000000,0.0000000000,0.0000000000,0.0000000000,2.9999984986,2.9419854038,25.0000000000,25.0000000000,11.1000000000,1.0000000000,0.0000000000
0.7560000000,0.0000000000,0.0000000000,0.0000000000,2.9999985193,2.9419855360,25.0000000000,25.0000000000,11.1000000000,1.0000000000,0.0000000000
0.7570000000,0.0000000000,0.0000000000,0.0000000000,2.9999985397,2.9419856664,25.0000000000,25.0000000000,11.1000000000,1.0000000000,0.0000000000
0.7580000000,0.0000000000,0.0000000000,0.0000000000,2.9999985598,2.9419857950,25.0000000000,25.0000000000,11.1000000000,1.0000000000,0.0000000000
0.7590000000,0.0000000000,0.0000000000,0.0000000000,2.9999985796,2.9419859218,25.0000000000,25.0000000000,11.1000000000,1.0000000000,0.0000000000
0.7600000000,0.0000000000,0.0000000000,0.0000000000,2.9999985992,2.9419860468,25.0000000000,25.0000000000,11.1000000000,1.0000000000,0.0000000000
0.7610000000,0.0000000000,0.0000000000,0.0000000000,2.9999986185,2.9419861701,25.0000000000,25.0000000000,11.1000000000,1.0000000000,0.0000000000
0.7620000000,0.0000000000,0.0000000000,0.0000000000,2.9999986375,2.9419862918,25.0000000000,25.0000000000,11.1000000000,1.0000000000,0.0000000000
0.7630000000,0.0000000000,0.0000000000,0.0000000000,2.9999986563,2.9419864117,25.0000000000,25.0000000000,11.1000000000,1.0000000000,0.0000000000
0.7640000000,0.0000000000,0.0000000000,0.0000000000,2.9999986748,2.9419865300,25.0000000000,25.0000000000,11.1000000000,1.0000000000,0.0000000000
0.7650000000,0.0000000000,0.0000000000,0.0000000000,2.9999986931,2.9419866467,25.0000000000,25.0000000000,11.1000000000,1.0000000000,0.0000000000
0.7660000000,0.0000000000,0.0000000000,0.0000000000,2.9999987111,2.9419867618,25.0000000000,25.0000000000,11.1000000000,1.0000000000,0.0000000000
0.7670000000,0.0000000000,0.0000000000,0.0000000000,2.9999987288,2.9419868753,25.0000000000,25.0000000000,11.1000000000,1.0000000000,0.0000000000
0.7680000000,0.0000000000,0.0000000000,0.0000000000,2.9999987463,2.9419869872,25.0000000000,25.0000000000,11.1000000000,1.0000000000,0.0000000000
0.7690000000,0.0000000000,0.0000000000,0.0000000000,2.9999987636,2.9419870976,25.0000000000,25.0000000000,11.1000000000,1.0000000000,0.0000000000
0.7700000000,0.0000000000,0.0000000000,0.0000000000,2.9999987806,2.9419872064,25.0000000000,25.0000000000,11.1000000000,1.0000000000,0.0000000000
0.7710000000,0.0000000000,0.0000000000,0.0000000000,2.9999987974,2.9419873138,25.0000000000,25.0000000000,11.1000000000,1.0000000000,0.0000000000
0.7720000000,0.0000000000,0.0000000000,0.0000000000,2.9999988140,2.9419874197,25.0000000000,25.0000000000,11.1000000000,1.0000000000,0.0000000000
0.7730000000,0.0000000000,0.0000000000,0.0000000000,2.9999988303,2.9419875241,25.0000000000,25.0000000000,11.1000000000,1.0000000000,0.0000000000
0.7740000000,0.0000000000,0.0000000000,0.0000000000,2.9999988464,2.9419876271,25.0000000000,25.0000000000,11.1000000000,1.0000000000,0.0000000000
0.7750000000,0.0000000000,0.0000000000,0.0000000000,2.9999988623,2.9419877286,25.0000000000,25.0000000000,11.1000000000,1.0000000000,0.0000000000
0.7760000000,0.0000000000,0.0000000000,0.0000000000,2.9999988780,2.9419878288,25.0000000000,25.0000000000,11.1000000000,1.0000000000,0.0000000000
0.7770000000,0.0000000000,0.0000000000,0.0000000000,2.9999988935,2.9419879276,25.0000000000,25.0000000000,11.1000000000,1.0000000000,0.0000000000
0.7780000000,0.0000000000,0.0000000000,0.0000000000,2.9999989087,2.9419880250,25.0000000000,25.0000000000,11.1000000000,1.0000000000,0.0000000000
0.7790000000,0.0000000000,0.0000000000,0.0000000000,2.9999989237,2.9419881211,25.0000000000,25.0000000000,11.1000000000,1.0000000000,0.0000000000
0.7800000000,0.0000000000,0.0000000000,0.0000000000,2.9999989386,2.9419882159,25.0000000000,25.0000000000,11.1000000000,1.0000000000,0.0000000000
0.7810000000,0.0000000000,0.0000000000,0.0000000000,2.9999989532,2.9419883093,25.0000000000,25.0000000000,11.1000000000,1.0000000000,0.0000000000
0.7820000000,0.0000000000,0.0000000000,0.0000000000,2.9999989676,2.9419884015,25.0000000000,25.0000000000,11.1000000000,1.0000000000,0.0000000000
0.7830000000,0.0000000000,0.0000000000,0.0000000000,2.9999989818,2.9419884924,25.0000000000,25.0000000000,11.1000000000,1.0000000000,0.0000000000
0.7840000000,0.0000000000,0.0000000000,0.0000000000,2.9999989958,2.9419885820,25.0000000000,25.0000000000,11.1000000000,1.0000000000,0.0000000000
0.7850000000,0.0000000000,0.0000000000,0.0000000000,2.9999990097,2.9419886704,25.0000000000,25.0000000000,11.1000000000,1.0000000000,0.0000000000
0.7860000000,0.0000000000,0.0000000000,0.0000000000,2.9999990233,2.9419887576,25.0000000000,25.0000000000,11.1000000000,1.0000000000,0.0000000000
0.7870000000,0.0000000000,0.0000000000,0.0000000000,2.9999990368,2.9419888436,25.0000000000,25.0000000000,11.1000000000,1.0000000000,0.0000000000
0.7880000000,0.0000000000,0.0000000000,0.0000000000,2.9999990500,2.9419889284,25.0000000000,25.0000000000,11.1000000000,1.0000000000,0.0000000000
0.7890000000,0.0000000000,0.0000000000,0.0000000000,2.9999990631,2.9419890121,25.0000000000,25.0000000000,11.1000000000,1.0000000000,0.0000000000
0.7900000000,0.0000000000,0.0000000000,0.0000000000,2.9999990760,2.9419890945,25.0000000000,25.0000000000,11.1000000000,1.0000000000,0.0000000000
0.7910000000,0.0000000000,0.0000000000,0.0000000000,2.9999990888,2.9419891759,25.0000000000,25.0000000000,11.1000000000,1.0000000000,0.0000000000
0.7920000000,0.0000000000,0.0000000000,0.0000000000,2.9999991013,2.9419892561,25.0000000000,25.0000000000,11.1000000000,1.0000000000,0.0000000000
0.7930000000,0.0000000000,0.0000000000,0.0000000000,2.9999991137,2.9419893352,25.0000000000,25.0000000000,11.1000000000,1.0000000000,0.0000000000
0.7940000000,0.0000000000,0.0000000000,0.0000000000,2.9999991259,2.9419894133,25.0000000000,25.0000000000,11.1000000000,1.0000000000,0.0000000000
0.7950000000,0.0000000000,0.0000000000,0.0000000000,2.9999991379,2.9419894902,25.0000000000,25.0000000000,11.1000000000,1.0000000000,0.0000000000
0.7960000000,0.0000000000,0.0000000000,0.0000000000,2.9999991498,2.9419895661,25.0000000000,25.0000000000,11.1000000000,1.0000000000,0.0000000000
0.7970000000,0.0000000000,0.0000000000,0.0000000000,2.9999991615,2.9419896410,25.0000000000,25.0000000000,11.1000000000,1.0000000000,0.0000000000
0.7980000000,0.0000000000,0.0000000000,0.0000000000,2.9999991731,2.9419897148,25.0000000000,25.0000000000,11.1000000000,1.0000000000,0.0000000000
0.7990000000,0.0000000000,0.0000000000,0.0000000000,2.9999991845,2.9419897876,25.0000000000,25.0000000000,11.1000000000,1.0000000000,0.0000000000
0.8000000000,0.0000000000,0.0000000000,0.0000000000,2.9999991957,2.9419898594,25.0000000000,25.0000000000,11.1000000000,1.0000000000,0.0000000000
0.8010000000,0.0000000000,0.0000000000,0.0000000000,2.9999992068,2.9419899302,25.0000000000,25.0000000000,11.1000000000,1.0000000000,0.0000000000
0.8020000000,0.0000000000,0.0000000000,0.0000000000,2.9999992177,2.9419900001,25.0000000000,25.0000000000,11.1000000000,1.0000000000,0.0000000000
0.8030000000,0.0000000000,0.0000000000,0.0000000000,2.9999992285,2.9419900689,25.0000000000,25.0000000000,11.1000000000,1.0000000000,0.0000000000
0.8040000000,0.0000000000,0.0000000000,0.0000000000,2.9999992391,2.9419901369,25.0000000000,25.0000000000,11.1000000000,1.0000000000,0.0000000000
0.8050000000,0.0000000000,0.0000000000,0.0000000000,2.9999992496,2.9419902039,25.0000000000,25.0000000000,11.1000000000,1.0000000000,0.0000000000
0.8060000000,0.0000000000,0.0000000000,0.0000000000,2.9999992599,2.9419902699,25.0000000000,25.0000000000,11.1000000000,1.0000000000,0.0000000000
0.8070000000,0.0000000000,0.0000000000,0.0000000000,2.9999992701,2.9419903351,25.0000000000,25.0000000000,11.1000000000,1.0000000000,0.0000000000
0.8080000000,0.0000000000,0.0000000000,0.0000000000,2.9999992802,2.9419903993,25.0000000000,25.0000000000,11.1000000000,1.0000000000,0.0000000000
0.8090000000,0.0000000000,0.0000000000,0.0000000000,2.9999992901,2.9419904627,25.0000000000,25.0000000000,11.1000000000,1.0000000000,0.0000000000
0.8100000000,0.0000000000,0.0000000000,0.0000000000,2.9999992999,2.9419905252,25.0000000000,25.0000000000,11.1000000000,1.0000000000,0.0000000000
0.8110000000,0.0000000000,0.0000000000,0.0000000000,2.9999993095,2.9419905869,25.0000000000,25.0000000000,11.1000000000,1.0000000000,0.0000000000
0.8120000000,0.0000000000,0.0000000000,0.0000000000,2.9999993190,2.9419906477,25.0000000000,25.0000000000,11.1000000000,1.0000000000,0.0000000000
0.8130000000,0.0000000000,0.0000000000,0.0000000000,2.9999993284,2.9419907076,25.0000000000,25.0000000000,11.1000000000,1.0000000000,0.0000000000
0.8140000000,0.0000000000,0.0000000000,0.0000000000,2.9999993377,2.9419907667,25.0000000000,25.0000000000,11.1000000000,1.0000000000,0.0000000000
0.8150000000,0.0000000000,0.0000000000,0.0000000000,2.9999993468,2.9419908251,25.0000000000,25.0000000000,11.1000000000,1.0000000000,0.0000000000
0.8160000000,0.0000000000,0.0000000000,0.0000000000,2.9999993558,2.9419908826,25.0000000000,25.0000000000,11.1000000000,1.0000000000,0.0000000000
0.8170000000,0.0000000000,0.0000000000,0.0000000000,2.9999993647,2.9419909393,25.0000000000,25.0000000000,11.1000000000,1.0000000000,0.0000000000
0.8180000000,0.0000000000,0.0000000000,0.0000000000,2.9999993734,2.9419909952,25.0000000000,25.0000000000,11.1000000000,1.0000000000,0.0000000000
0.8190000000,0.0000000000,0.0000000000,0.0000000000,2.9999993820,2.9419910504,25.0000000000,25.0000000000,11.1000000000,1.0000000000,0.0000000000
0.8200000000,0.0000000000,0.0000000000,0.0000000000,2.9999993906,2.9419911048,25.0000000000,25.0000000000,11.1000000000,1.0000000000,0.0000000000
0.8210000000,0.0000000000,0.0000000000,0.0000000000,2.9999993990,2.9419911585,25.0000000000,25.0000000000,11.1000000000,1.0000000000,0.0000000000
0.8220000000,0.0000000000,0.0000000000,0.0000000000,2.9999994072,2.9419912114,25.0000000000,25.0000000000,11.1000000000,1.0000000000,0.0000000000
0.8230000000,0.0000000000,0.0000000000,0.0000000000,2.9999994154,2.9419912636,25.0000000000,25.0000000000,11.1000000000,1.0000000000,0.0000000000
0.8240000000,0.0000000000,0.0000000000,0.0000000000,2.9999994235,2.9419913150,25.0000000000,25.0000000000,11.1000000000,1.0000000000,0.0000000000
0.8250000000,0.0000000000,0.0000000000,0.0000000000,2.9999994314,2.9419913658,25.0000000000,25.0000000000,11.1000000000,1.0000000000,0.0000000000
0.8260000000,0.0000000000,0.0000000000,0.0000000000,2.9999994392,2.9419914159,25.0000000000,25.0000000000,11.1000000000,1.0000000000,0.0000000000
0.8270000000,0.0000000000,0.0000000000,0.0000000000,2.9999994470,2.9419914652,25.0000000000,25.0000000000,11.1000000000,1.0000000000,0.0000000000
0.8280000000,0.0000000000,0.0000000000,0.0000000000,2.9999994546,2.9419915139,25.0000000000,25.0000000000,11.1000000000,1.0000000000,0.0000000000
0.8290000000,0.0000000000,0.0000000000,0.0000000000,2.9999994621,2.9419915619,25.0000000000,25.0000000000,11.1000000000,1.0000000000,0.0000000000
0.8300000000,0.0000000000,0.0000000000,0.0000000000,2.9999994695,2.9419916093,25.0000000000,25.0000000000,11.1000000000,1.0000000000,0.0000000000
0.8310000000,0.0000000000,0.0000000000,0.0000000000,2.9999994768,2.9419916560,25.0000000000,25.0000000000,11.1000000000,1.0000000000,0.0000000000
0.8320000000,0.0000000000,0.0000000000,0.0000000000,2.9999994840,2.9419917021,25.0000000000,25.0000000000,11.1000000000,1.0000000000,0.0000000000
0.8330000000,0.0000000000,0.0000000000,0.0000000000,2.9999994911,2.9419917475,25.0000000000,25.0000000000,11.1000000000,1.0000000000,0.0000000000
0.8340000000,0.0000000000,0.0000000000,0.0000000000,2.9999994981,2.9419917923,25.0000000000,25.0000000000,11.1000000000,1.0000000000,0.0000000000
0.8350000000,0.0000000000,0.0000000000,0.0000000000,2.9999995050,2.9419918365,25.0000000000,25.0000000000,11.1000000000,1.0000000000,0.0000000000
0.8360000000,0.0000000000,0.0000000000,0.0000000000,2.9999995119,2.9419918801,25.0000000000,25.0000000000,11.1000000000,1.0000000000,0.0000000000
0.8370000000,0.0000000000,0.0000000000,0.0000000000,2.9999995186,2.9419919231,25.0000000000,25.0000000000,11.1000000000,1.0000000000,0.0000000000
0.8380000000,0.0000000000,0.0000000000,0.0000000000,2.9999995252,2.9419919654,25.0000000000,25.0000000000,11.1000000000,1.0000000000,0.0000000000
0.8390000000,0.0000000000,0.0000000000,0.0000000000,2.9999995318,2.9419920072,25.0000000000,25.0000000000,11.1000000000,1.0000000000,0.0000000000
0.8400000000,0.0000000000,0.0000000000,0.0000000000,2.9999995382,2.9419920485,25.0000000000,25.0000000000,11.1000000000,1.0000000000,0.0000000000
0.8410000000,0.0000000000,0.0000000000,0.0000000000,2.9999995446,2.9419920891,25.0000000000,25.0000000000,11.1000000000,1.0000000000,0.0000000000
0.8420000000,0.0000000000,0.0000000000,0.0000000000,2.9999995508,2.9419921292,25.0000000000,25.0000000000,11.1000000000,1.0000000000,0.0000000000
0.8430000000,0.0000000000,0.0000000000,0.0000000000,2.9999995570,2.9419921688,25.0000000000,25.0000000000,11.1000000000,1.0000000000,0.0000000000
0.8440000000,0.0000000000,0.0000000000,0.0000000000,2.9999995631,2.9419922078,25.0000000000,25.0000000000,11.1000000000,1.0000000000,0.0000000000
0.8450000000,0.0000000000,0.0000000000,0.0000000000,2.9999995691,2.9419922462,25.0000000000,25.0000000000,11.1000000000,1.0000000000,0.0000000000
0.8460000000,0.0000000000,0.0000000000,0.0000000000,2.9999995751,2.9419922842,25.0000000000,25.0000000000,11.1000000000,1.0000000000,0.0000000000
0.8470000000,0.0000000000,0.0000000000,0.0000000000,2.9999995809,2.9419923216,25.0000000000,25.0000000000,11.1000000000,1.0000000000,0.0000000000
0.8480000000,0.0000000000,0.0000000000,0.0000000000,2.9999995867,2.9419923585,25.0000000000,25.0000000000,11.1000000000,1.0000000000,0.0000000000
0.8490000000,0.0000000000,0.0000000000,0.0000000000,2.9999995924,2.9419923949,25.0000000000,25.0000000000,11.1000000000,1.0000000000,0.0000000000
0.8500000000,0.0000000000,0.0000000000,0.0000000000,2.9999995980,2.9419924308,25.0000000000,25.0000000000,11.1000000000,1.0000000000,0.0000000000
0.8510000000,0.0000000000,0.0000000000,0.0000000000,2.9999996036,2.9419924661,25.0000000000,25.0000000000,11.1000000000,1.0000000000,0.0000000000
0.8520000000,0.0000000000,0.0000000000,0.0000000000,2.9999996090,2.9419925011,25.0000000000,25.0000000000,11.1000000000,1.0000000000,0.0000000000
0.8530000000,0.0000000000,0.0000000000,0.0000000000,2.9999996144,2.9419925355,25.0000000000,25.0000000000,11.1000000000,1.0000000000,0.0000000000
0.8540000000,0.0000000000,0.0000000000,0.0000000000,2.9999996197,2.9419925694,25.0000000000,25.0000000000,11.1000000000,1.0000000000,0.0000000000
0.8550000000,0.0000000000,0.0000000000,0.0000000000,2.9999996250,2.9419926029,25.0000000000,25.0000000000,11.1000000000,1.0000000000,0.0000000000
0.8560000000,0.0000000000,0.0000000000,0.0000000000,2.9999996301,2.9419926359,25.0000000000,25.0000000000,11.1000000000,1.0000000000,0.0000000000
0.8570000000,0.0000000000,0.0000000000,0.0000000000,2.9999996352,2.9419926685,25.0000000000,25.0000000000,11.1000000000,1.0000000000,0.0000000000
0.8580000000,0.0000000000,0.0000000000,0.0000000000,2.9999996402,2.9419927006,25.0000000000,25.0000000000,11.1000000000,1.0000000000,0.0000000000
0.8590000000,0.0000000000,0.0000000000,0.0000000000,2.9999996452,2.9419927323,25.0000000000,25.0000000000,11.1000000000,1.0000000000,0.0000000000
0.8600000000,0.0000000000,0.0000000000,0.0000000000,2.9999996501,2.9419927635,25.0000000000,25.0000000000,11.1000000000,1.0000000000,0.0000000000
0.8610000000,0.0000000000,0.0000000000,0.0000000000,2.9999996549,2.9419927943,25.0000000000,25.0000000000,11.1000000000,1.0000000000,0.0000000000
0.8620000000,0.0000000000,0.0000000000,0.0000000000,2.9999996597,2.9419928247,25.0000000000,25.0000000000,11.1000000000,1.0000000000,0.0000000000
0.8630000000,0.0000000000,0.0000000000,0.0000000000,2.9999996643,2.9419928547,25.0000000000,25.0000000000,11.1000000000,1.0000000000,0.0000000000
0.8640000000,0.0000000000,0.0000000000,0.0000000000,2.9999996690,2.9419928842,25.0000000000,25.0000000000,11.1000000000,1.0000000000,0.0000000000
0.8650000000,0.0000000000,0.0000000000,0.0000000000,2.9999996735,2.9419929134,25.0000000000,25.0000000000,11.1000000000,1.0000000000,0.0000000000
0.8660000000,0.0000000000,0.0000000000,0.0000000000,2.9999996780,2.9419929421,25.0000000000,25.0000000000,11.1000000000,1.0000000000,0.0000000000
0.8670000000,0.0000000000,0.0000000000,0.0000000000,2.9999996825,2.9419929705,25.0000000000,25.0000000000,11.1000000000,1.0000000000,0.0000000000
0.8680000000,0.0000000000,0.0000000000,0.0000000000,2.9999996868,2.9419929984,25.0000000000,25.0000000000,11.1000000000,1.0000000000,0.0000000000
0.8690000000,0.0000000000,0.0000000000,0.0000000000,2.9999996912,2.9419930260,25.0000000000,25.0000000000,11.1000000000,1.0000000000,0.0000000000
0.8700000000,0.0000000000,0.0000000000,0.0000000000,2.9999996954,2.9419930532,25.0000000000,25.0000000000,11.1000000000,1.0000000000,0.0000000000
0.8710000000,0.0000000000,0.0000000000,0.0000000000,2.9999996996,2.9419930800,25.0000000000,25.0000000000,11.1000000000,1.0000000000,0.0000000000
0.8720000000,0.0000000000,0.0000000000,0.0000000000,2.9999997037,2.9419931065,25.0000000000,25.0000000000,11.1000000000,1.0000000000,0.0000000000
0.8730000000,0.0000000000,0.0000000000,0.0000000000,2.9999997078,2.9419931325,25.0000000000,25.0000000000,11.1000000000,1.0000000000,0.0000000000
0.8740000000,0.0000000000,0.0000000000,0.0000000000,2.9999997118,2.9419931583,25.0000000000,25.0000000000,11.1000000000,1.0000000000,0.0000000000
0.8750000000,0.0000000000,0.0000000000,0.0000000000,2.9999997158,2.9419931836,25.0000000000,25.0000000000,11.1000000000,1.0000000000,0.0000000000
0.8760000000,0.0000000000,0.0000000000,0.0000000000,2.9999997197,2.9419932087,25.0000000000,25.0000000000,11.1000000000,1.0000000000,0.0000000000
0.8770000000,0.0000000000,0.0000000000,0.0000000000,2.9999997236,2.9419932333,25.0000000000,25.0000000000,11.1000000000,1.0000000000,0.0000000000
0.8780000000,0.0000000000,0.0000000000,0.0000000000,2.9999997274,2.9419932577,25.0000000000,25.0000000000,11.1000000000,1.0000000000,0.0000000000
0.8790000000,0.0000000000,0.0000000000,0.0000000000,2.9999997312,2.9419932817,25.0000000000,25.0000000000,11.1000000000,1.0000000000,0.0000000000
0.8800000000,0.0000000000,0.0000000000,0.0000000000,2.9999997349,2.9419933053,25.0000000000,25.0000000000,11.1000000000,1.0000000000,0.0000000000
0.8810000000,0.0000000000,0.0000000000,0.0000000000,2.9999997385,2.9419933287,25.0000000000,25.0000000000,11.1000000000,1.0000000000,0.0000000000
0.8820000000,0.0000000000,0.0000000000,0.0000000000,2.9999997421,2.9419933517,25.0000000000,25.0000000000,11.1000000000,1.0000000000,0.0000000000
0.8830000000,0.0000000000,0.0000000000,0.0000000000,2.9999997457,2.9419933744,25.0000000000,25.0000000000,11.1000000000,1.0000000000,0.0000000000
0.8840000000,0.0000000000,0.0000000000,0.0000000000,2.9999997492,2.9419933968,25.0000000000,25.0000000000,11.1000000000,1.0000000000,0.0000000000
0.8850000000,0.0000000000,0.0000000000,0.0000000000,2.9999997526,2.9419934189,25.0000000000,25.0000000000,11.1000000000,1.0000000000,0.0000000000
0.8860000000,0.0000000000,0.0000000000,0.0000000000,2.9999997560,2.9419934407,25.0000000000,25.0000000000,11.1000000000,1.0000000000,0.0000000000
0.8870000000,0.0000000000,0.0000000000,0.0000000000,2.9999997594,2.9419934622,25.0000000000,25.0000000000,11.1000000000,1.0000000000,0.0000000000
0.8880000000,0.0000000000,0.0000000000,0.0000000000,2.9999997627,2.9419934833,25.0000000000,25.0000000000,11.1000000000,1.0000000000,0.0000000000
0.8890000000,0.0000000000,0.0000000000,0.0000000000,2.9999997660,2.9419935042,25.0000000000,25.0000000000,11.1000000000,1.0000000000,0.0000000000
0.8900000000,0.0000000000,0.0000000000,0.0000000000,2.9999997692,2.9419935248,25.0000000000,25.0000000000,11.1000000000,1.0000000000,0.0000000000
0.8910000000,0.0000000000,0.0000000000,0.0000000000,2.9999997724,2.9419935452,25.0000000000,25.0000000000,11.1000000000,1.0000000000,0.0000000000
0.8920000000,0.0000000000,0.0000000000,0.0000000000,2.9999997755,2.9419935652,25.0000000000,25.0000000000,11.1000000000,1.0000000000,0.0000000000
0.8930000000,0.0000000000,0.0000000000,0.0000000000,2.9999997786,2.9419935850,25.0000000000,25.0000000000,11.1000000000,1.0000000000,0.0000000000
0.8940000000,0.0000000000,0.0000000000,0.0000000000,2.9999997817,2.9419936045,25.0000000000,25.0000000000,11.1000000000,1.0000000000,0.0000000000
0.8950000000,0.0000000000,0.0000000000,0.0000000000,2.9999997847,2.9419936237,25.0000000000,25.0000000000,11.1000000000,1.0000000000,0.0000000000
0.8960000000,0.0000000000,0.0000000000,0.0000000000,2.9999997876,2.9419936426,25.0000000000,25.0000000000,11.1000000000,1.0000000000,0.0000000000
0.8970000000,0.0000000000,0.0000000000,0.0000000000,2.9999997906,2.9419936613,25.0000000000,25.0000000000,11.1000000000,1.0000000000,0.0000000000
0.8980000000,0.0000000000,0.0000000000,0.0000000000,2.9999997934,2.9419936798,25.0000000000,25.0000000000,11.1000000000,1.0000000000,0.0000000000
0.8990000000,0.0000000000,0.0000000000,0.0000000000,2.9999997963,2.9419936980,25.0000000000,25.0000000000,11.1000000000,1.0000000000,0.0000000000
0.9000000000,0.0000000000,0.0000000000,0.0000000000,2.9999997991,2.9419937159,25.0000000000,25.0000000000,11.1000000000,1.0000000000,0.0000000000
0.9010000000,0.0000000000,0.0000000000,0.0000000000,2.9999998019,2.9419937336,25.0000000000,25.0000000000,11.1000000000,1.0000000000,0.0000000000
0.9020000000,0.0000000000,0.0000000000,0.0000000000,2.9999998046,2.9419937510,25.0000000000,25.0000000000,11.1000000000,1.0000000000,0.0000000000
0.9030000000,0.0000000000,0.0000000000,0.0000000000,2.9999998073,2.9419937682,25.0000000000,25.0000000000,11.1000000000,1.0000000000,0.0000000000
0.9040000000,0.0000000000,0.0000000000,0.0000000000,2.9999998099,2.9419937852,25.0000000000,25.0000000000,11.1000000000,1.0000000000,0.0000000000
0.9050000000,0.0000000000,0.0000000000,0.0000000000,2.9999998126,2.9419938019,25.0000000000,25.0000000000,11.1000000000,1.0000000000,0.0000000000
0.9060000000,0.0000000000,0.0000000000,0.0000000000,2.9999998151,2.9419938184,25.0000000000,25.0000000000,11.1000000000,1.0000000000,0.0000000000
0.9070000000,0.0000000000,0.0000000000,0.0000000000,2.9999998177,2.9419938347,25.0000000000,25.0000000000,11.1000000000,1.0000000000,0.0000000000
0.9080000000,0.0000000000,0.0000000000,0.0000000000,2.9999998202,2.9419938508,25.0000000000,25.0000000000,11.1000000000,1.0000000000,0.0000000000
0.9090000000,0.0000000000,0.0000000000,0.0000000000,2.9999998227,2.9419938666,25.0000000000,25.0000000000,11.1000000000,1.0000000000,0.0000000000
0.9100000000,0.0000000000,0.0000000000,0.0000000000,2.9999998251,2.9419938822,25.0000000000,25.0000000000,11.1000000000,1.0000000000,0.0000000000
0.9110000000,0.0000000000,0.0000000000,0.0000000000,2.9999998275,2.9419938976,25.0000000000,25.0000000000,11.1000000000,1.0000000000,0.0000000000
0.9120000000,0.0000000000,0.0000000000,0.0000000000,2.9999998299,2.9419939128,25.0000000000,25.0000000000,11.1000000000,1.0000000000,0.0000000000
0.9130000000,0.0000000000,0.0000000000,0.0000000000,2.9999998322,2.9419939278,25.0000000000,25.0000000000,11.1000000000,1.0000000000,0.0000000000
0.9140000000,0.0000000000,0.0000000000,0.0000000000,2.9999998346,2.9419939425,25.0000000000,25.0000000000,11.1000000000,1.0000000000,0.0000000000
0.9150000000,0.0000000000,0.0000000000,0.0000000000,2.9999998368,2.9419939571,25.0000000000,25.0000000000,11.1000000000,1.0000000000,0.0000000000
0.9160000000,0.0000000000,0.0000000000,0.0000000000,2.9999998391,2.9419939715,25.0000000000,25.0000000000,11.1000000000,1.0000000000,0.0000000000
0.9170000000,0.0000000000,0.0000000000,0.0000000000,2.9999998413,2.9419939856,25.0000000000,25.0000000000,11.1000000000,1.0000000000,0.0000000000
0.9180000000,0.0000000000,0.0000000000,0.0000000000,2.9999998435,2.9419939996,25.0000000000,25.0000000000,11.1000000000,1.0000000000,0.0000000000
0.9190000000,0.0000000000,0.0000000000,0.0000000000,2.9999998456,2.9419940134,25.0000000000,25.0000000000,11.1000000000,1.0000000000,0.0000000000
0.9200000000,0.0000000000,0.0000000000,0.0000000000,2.9999998478,2.9419940270,25.0000000000,25.0000000000,11.1000000000,1.0000000000,0.0000000000
0.9210000000,0.0000000000,0.0000000000,0.0000000000,2.9999998499,2.9419940404,25.0000000000,25.0000000000,11.1000000000,1.0000000000,0.0000000000
0.9220000000,0.0000000000,0.0000000000,0.0000000000,2.9999998519,2.9419940536,25.0000000000,25.0000000000,11.1000000000,1.0000000000,0.0000000000
0.9230000000,0.0000000000,0.0000000000,0.0000000000,2.9999998540,2.9419940667,25.0000000000,25.0000000000,11.1000000000,1.0000000000,0.0000000000
0.9240000000,0.0000000000,0.0000000000,0.0000000000,2.9999998560,2.9419940795,25.0000000000,25.0000000000,11.1000000000,1.0000000000,0.0000000000
0.9250000000,0.0000000000,0.0000000000,0.0000000000,2.9999998580,2.9419940922,25.0000000000,25.0000000000,11.1000000000,1.0000000000,0.0000000000
0.9260000000,0.0000000000,0.0000000000,0.0000000000,2.9999998599,2.9419941047,25.0000000000,25.0000000000,11.1000000000,1.0000000000,0.0000000000
0.9270000000,0.0000000000,0.0000000000,0.0000000000,2.9999998619,2.9419941170,25.0000000000,25.0000000000,11.1000000000,1.0000000000,0.0000000000
0.9280000000,0.0000000000,0.0000000000,0.0000000000,2.9999998638,2.9419941292,25.0000000000,25.0000000000,11.1000000000,1.0000000000,0.0000000000
0.9290000000,0.0000000000,0.0000000000,0.0000000000,2.9999998656,2.9419941412,25.0000000000,25.0000000000,11.1000000000,1.0000000000,0.0000000000
0.9300000000,0.0000000000,0.0000000000,0.0000000000,2.9999998675,2.9419941530,25.0000000000,25.0000000000,11.1000000000,1.0000000000,0.0000000000
0.9310000000,0.0000000000,0.0000000000,0.0000000000,2.9999998693,2.9419941647,25.0000000000,25.0000000000,11.1000000000,1.0000000000,0.0000000000
0.9320000000,0.0000000000,0.0000000000,0.0000000000,2.9999998711,2.9419941762,25.0000000000,25.0000000000,11.1000000000,1.0000000000,0.0000000000
0.9330000000,0.0000000000,0.0000000000,0.0000000000,2.9999998729,2.9419941875,25.0000000000,25.0000000000,11.1000000000,1.0000000000,0.0000000000
0.9340000000,0.0000000000,0.0000000000,0.0000000000,2.9999998746,2.9419941987,25.0000000000,25.0000000000,11.1000000000,1.0000000000,0.0000000000
0.9350000000,0.0000000000,0.0000000000,0.0000000000,2.9999998764,2.9419942098,25.0000000000,25.0000000000,11.1000000000,1.0000000000,0.0000000000
0.9360000000,0.0000000000,0.0000000000,0.0000000000,2.9999998781,2.9419942207,25.0000000000,25.0000000000,11.1000000000,1.0000000000,0.0000000000
0.9370000000,0.0000000000,0.0000000000,0.0000000000,2.9999998797,2.9419942314,25.0000000000,25.0000000000,11.1000000000,1.0000000000,0.0000000000
0.9380000000,0.0000000000,0.0000000000,0.0000000000,2.9999998814,2.9419942420,25.0000000000,25.0000000000,11.1000000000,1.0000000000,0.0000000000
0.9390000000,0.0000000000,0.0000000000,0.0000000000,2.9999998830,2.9419942524,25.0000000000,25.0000000000,11.1000000000,1.0000000000,0.0000000000
0.9400000000,0.0000000000,0.0000000000,0.0000000000,2.9999998846,2.9419942627,25.0000000000,25.0000000000,11.1000000000,1.0000000000,0.0000000000
0.9410000000,0.0000000000,0.0000000000,0.0000000000,2.9999998862,2.9419942729,25.0000000000,25.0000000000,11.1000000000,1.0000000000,0.0000000000
0.9420000000,0.0000000000,0.0000000000,0.0000000000,2.9999998878,2.9419942829,25.0000000000,25.0000000000,11.1000000000,1.0000000000,0.0000000000
0.9430000000,0.0000000000,0.0000000000,0.0000000000,2.9999998893,2.9419942928,25.0000000000,25.0000000000,11.1000000000,1.0000000000,0.0000000000
0.9440000000,0.0000000000,0.0000000000,0.0000000000,2.9999998909,2.9419943025,25.0000000000,25.0000000000,11.1000000000,1.0000000000,0.0000000000
0.9450000000,0.0000000000,0.0000000000,0.0000000000,2.9999998924,2.9419943121,25.0000000000,25.0000000000,11.1000000000,1.0000000000,0.0000000000
0.9460000000,0.0000000000,0.0000000000,0.0000000000,2.9999998939,2.9419943216,25.0000000000,25.0000000000,11.1000000000,1.0000000000,0.0000000000
0.9470000000,0.0000000000,0.0000000000,0.0000000000,2.9999998953,2.9419943309,25.0000000000,25.0000000000,11.1000000000,1.0000000000,0.0000000000
0.9480000000,0.0000000000,0.0000000000,0.0000000000,2.9999998968,2.9419943402,25.0000000000,25.0000000000,11.1000000000,1.0000000000,0.0000000000
0.9490000000,0.0000000000,0.0000000000,0.0000000000,2.9999998982,2.9419943492,25.0000000000,25.0000000000,11.1000000000,1.0000000000,0.0000000000
0.9500000000,0.0000000000,0.0000000000,0.0000000000,2.9999998996,2.9419943582,25.0000000000,25.0000000000,11.1000000000,1.0000000000,0.0000000000
0.9510000000,0.0000000000,0.0000000000,0.0000000000,2.9999999010,2.9419943671,25.0000000000,25.0000000000,11.1000000000,1.0000000000,0.0000000000
0.9520000000,0.0000000000,0.0000000000,0.0000000000,2.9999999023,2.9419943758,25.0000000000,25.0000000000,11.1000000000,1.0000000000,0.0000000000
0.9530000000,0.0000000000,0.0000000000,0.0000000000,2.9999999037,2.9419943844,25.0000000000,25.0000000000,11.1000000000,1.0000000000,0.0000000000
0.9540000000,0.0000000000,0.0000000000,0.0000000000,2.9999999050,2.9419943928,25.0000000000,25.0000000000,11.1000000000,1.0000000000,0.0000000000
0.9550000000,0.0000000000,0.0000000000,0.0000000000,2.9999999063,2.9419944012,25.0000000000,25.0000000000,11.1000000000,1.0000000000,0.0000000000
0.9560000000,0.0000000000,0.0000000000,0.0000000000,2.9999999076,2.9419944095,25.0000000000,25.0000000000,11.1000000000,1.0000000000,0.0000000000
0.9570000000,0.0000000000,0.0000000000,0.0000000000,2.9999999089,2.9419944176,25.0000000000,25.0000000000,11.1000000000,1.0000000000,0.0000000000
0.9580000000,0.0000000000,0.0000000000,0.0000000000,2.9999999101,2.9419944256,25.0000000000,25.0000000000,11.1000000000,1.0000000000,0.0000000000
0.9590000000,0.0000000000,0.0000000000,0.0000000000,2.9999999114,2.9419944335,25.0000000000,25.0000000000,11.1000000000,1.0000000000,0.0000000000
0.9600000000,0.0000000000,0.0000000000,0.0000000000,2.9999999126,2.9419944413,25.0000000000,25.0000000000,11.1000000000,1.0000000000,0.0000000000
0.9610000000,0.0000000000,0.0000000000,0.0000000000,2.9999999138,2.9419944490,25.0000000000,25.0000000000,11.1000000000,1.0000000000,0.0000000000
0.9620000000,0.0000000000,0.0000000000,0.0000000000,2.9999999150,2.9419944566,25.0000000000,25.0000000000,11.1000000000,1.0000000000,0.0000000000
0.9630000000,0.0000000000,0.0000000000,0.0000000000,2.9999999162,2.9419944641,25.0000000000,25.0000000000,11.1000000000,1.0000000000,0.0000000000
0.9640000000,0.0000000000,0.0000000000,0.0000000000,2.9999999173,2.9419944715,25.0000000000,25.0000000000,11.1000000000,1.0000000000,0.0000000000
0.9650000000,0.0000000000,0.0000000000,0.0000000000,2.9999999184,2.9419944788,25.0000000000,25.0000000000,11.1000000000,1.0000000000,0.0000000000
0.9660000000,0.0000000000,0.0000000000,0.0000000000,2.9999999196,2.9419944859,25.0000000000,25.0000000000,11.1000000000,1.0000000000,0.0000000000
0.9670000000,0.0000000000,0.0000000000,0.0000000000,2.9999999207,2.9419944930,25.0000000000,25.0000000000,11.1000000000,1.0000000000,0.0000000000
0.9680000000,0.0000000000,0.0000000000,0.0000000000,2.9999999218,2.9419945000,25.0000000000,25.0000000000,11.1000000000,1.0000000000,0.0000000000
0.9690000000,0.0000000000,0.0000000000,0.0000000000,2.9999999229,2.9419945069,25.0000000000,25.0000000000,11.1000000000,1.0000000000,0.0000000000
0.9700000000,0.0000000000,0.0000000000,0.0000000000,2.9999999239,2.9419945137,25.0000000000,25.0000000000,11.1000000000,1.0000000000,0.0000000000
0.9710000000,0.0000000000,0.0000000000,0.0000000000,2.9999999250,2.9419945204,25.0000000000,25.0000000000,11.1000000000,1.0000000000,0.0000000000
0.9720000000,0.0000000000,0.0000000000,0.0000000000,2.9999999260,2.9419945270,25.0000000000,25.0000000000,11.1000000000,1.0000000000,0.0000000000
0.9730000000,0.0000000000,0.0000000000,0.0000000000,2.9999999270,2.9419945335,25.0000000000,25.0000000000,11.1000000000,1.0000000000,0.0000000000
0.9740000000,0.0000000000,0.0000000000,0.0000000000,2.9999999280,2.9419945399,25.0000000000,25.0000000000,11.1000000000,1.0000000000,0.0000000000
0.9750000000,0.0000000000,0.0000000000,0.0000000000,2.9999999290,2.9419945463,25.0000000000,25.0000000000,11.1000000000,1.0000000000,0.0000000000
0.9760000000,0.0000000000,0.0000000000,0.0000000000,2.9999999300,2.9419945525,25.0000000000,25.0000000000,11.1000000000,1.0000000000,0.0000000000
0.9770000000,0.0000000000,0.0000000000,0.0000000000,2.9999999310,2.9419945587,25.0000000000,25.0000000000,11.1000000000,1.0000000000,0.0000000000
0.9780000000,0.0000000000,0.0000000000,0.0000000000,2.9999999319,2.9419945648,25.0000000000,25.0000000000,11.1000000000,1.0000000000,0.0000000000
0.9790000000,0.0000000000,0.0000000000,0.0000000000,2.9999999328,2.9419945708,25.0000000000,25.0000000000,11.1000000000,1.0000000000,0.0000000000
0.9800000000,0.0000000000,0.0000000000,0.0000000000,2.9999999338,2.9419945767,25.0000000000,25.0000000000,11.1000000000,1.0000000000,0.0000000000
0.9810000000,0.0000000000,0.0000000000,0.0000000000,2.9999999347,2.9419945825,25.0000000000,25.0000000000,11.1000000000,1.0000000000,0.0000000000
0.9820000000,0.0000000000,0.0000000000,0.0000000000,2.9999999356,2.9419945883,25.0000000000,25.0000000000,11.1000000000,1.0000000000,0.0000000000
0.9830000000,0.0000000000,0.0000000000,0.0000000000,2.9999999365,2.9419945939,25.0000000000,25.0000000000,11.1000000000,1.0000000000,0.0000000000
0.9840000000,0.0000000000,0.0000000000,0.0000000000,2.9999999373,2.9419945995,25.0000000000,25.0000000000,11.1000000000,1.0000000000,0.0000000000
0.9850000000,0.0000000000,0.0000000000,0.0000000000,2.9999999382,2.9419946050,25.0000000000,25.0000000000,11.1000000000,1.0000000000,0.0000000000
0.9860000000,0.0000000000,0.0000000000,0.0000000000,2.9999999391,2.9419946105,25.0000000000,25.0000000000,11.1000000000,1.0000000000,0.0000000000
0.9870000000,0.0000000000,0.0000000000,0.0000000000,2.9999999399,2.9419946159,25.0000000000,25.0000000000,11.1000000000,1.0000000000,0.0000000000
0.9880000000,0.0000000000,0.0000000000,0.0000000000,2.9999999407,2.9419946211,25.0000000000,25.0000000000,11.1000000000,1.0000000000,0.0000000000
0.9890000000,0.0000000000,0.0000000000,0.0000000000,2.9999999415,2.9419946264,25.0000000000,25.0000000000,11.1000000000,1.0000000000,0.0000000000
0.9900000000,0.0000000000,0.0000000000,0.0000000000,2.9999999423,2.9419946315,25.0000000000,25.0000000000,11.1000000000,1.0000000000,0.0000000000
0.9910000000,0.0000000000,0.0000000000,0.0000000000,2.9999999431,2.9419946366,25.0000000000,25.0000000000,11.1000000000,1.0000000000,0.0000000000
0.9920000000,0.0000000000,0.0000000000,0.0000000000,2.9999999439,2.9419946416,25.0000000000,25.0000000000,11.1000000000,1.0000000000,0.0000000000
0.9930000000,0.0000000000,0.0000000000,0.0000000000,2.9999999447,2.9419946465,25.0000000000,25.0000000000,11.1000000000,1.0000000000,0.0000000000
0.9940000000,0.0000000000,0.0000000000,0.0000000000,2.9999999455,2.9419946514,25.0000000000,25.0000000000,11.1000000000,1.0000000000,0.0000000000
0.9950000000,0.0000000000,0.0000000000,0.0000000000,2.9999999462,2.9419946562,25.0000000000,25.0000000000,11.1000000000,1.0000000000,0.0000000000
0.9960000000,0.0000000000,0.0000000000,0.0000000000,2.9999999470,2.9419946609,25.0000000000,25.0000000000,11.1000000000,1.0000000000,0.0000000000
0.9970000000,0.0000000000,0.0000000000,0.0000000000,2.9999999477,2.9419946656,25.0000000000,25.0000000000,11.1000000000,1.0000000000,0.0000000000
0.9980000000,0.0000000000,0.0000000000,0.0000000000,2.9999999484,2.9419946702,25.0000000000,25.0000000000,11.1000000000,1.0000000000,0.0000000000
0.9990000000,0.0000000000,0.0000000000,0.0000000000,2.9999999491,2.9419946748,25.0000000000,25.0000000000,11.1000000000,1.0000000000,0.0000000000
1.0000000000,0.0000000000,0.0000000000,0.0000000000,2.9999999498,2.9419946792,25.0000000000,25.0000000000,11.1000000000,1.0000000000,0.0000000000
