time_s,target_rad,angle_rad,speed_rad_s,current_a,torque_nm,winding_c,case_c,motor_voltage_v,duty,encoder_rad
0.0010000000,0.0000000000,-0.0003123215,-0.4689538618,1.6722634156,0.2225964733,25.0000000000,25.0000000000,9.0000000000,1.0000000000,0.0000000000
0.0020000000,0.0000000000,-0.0009316353,-0.6774642806,1.3671194384,0.4826710897,25.0000000000,25.0000000000,9.0000000000,1.0000000000,-0.0015339808
0.0030000000,0.0000000000,-0.0016110361,-0.6551294733,1.0551332965,0.6932224293,25.0000000000,25.0000000000,9.0000000000,1.0000000000,-0.0015339808
0.0040000000,0.0000000000,-0.0021536883,-0.4563653457,0.9462106784,0.8499935471,25.0000000000,25.0000000000,9.0000000000,1.0000000000,-0.0015339808
0.0050000000,0.0000000000,-0.0024144010,-0.1301186217,0.9616653654,0.9609324582,25.0000000000,25.0000000000,9.0000000000,1.0000000000,-0.0030679616
0.0060000000,0.0000000000,-0.0022919285,0.2825284787,1.0243948489,1.0334260987,25.0000000000,25.0000000000,9.0000000000,1.0000000000,-0.0015339808
0.0070000000,0.0000000000,-0.0017219857,0.7469105914,1.0914735975,1.0733791974,25.0000000000,25.0000000000,9.0000000000,1.0000000000,-0.0015339808
0.0080000000,0.0000000000,-0.0006715490,1.2337197506,1.1436088225,1.0859026662,25.0000000000,25.0000000000,9.0000000000,1.0000000000,-0.0000000000
0.0090000000,0.0000000000,0.0008661730,1.7185337925,1.1741099544,1.0757832405,25.0000000000,25.0000000000,9.0000000000,1.0000000000,0.0015339808
0.0100000000,0.0000000000,0.0028764853,2.1816080702,1.1824040400,1.0476382377,25.0000000000,25.0000000000,9.0000000000,1.0000000000,0.0030679616
0.0110000000,0.0000000000,0.0053277796,2.6077027075,1.1707353628,1.0058965749,25.0000000000,25.0000000000,9.0000000000,1.0000000000,0.0046019424
0.0120000000,0.0000000000,0.0081758955,2.9858432634,1.1425500526,0.9547134934,25.0000000000,25.0000000000,9.0000000000,1.0000000000,0.0076699039
0.0130000000,0.0000000000,0.0113681855,3.3089873044,1.1016927075,0.8978758860,25.0000000000,25.0000000000,9.0000000000,1.0000000000,0.0107378655
0.0140000000,0.0000000000,0.0148471909,3.5736051861,1.0519858908,0.8387237566,25.0000000000,25.0000000000,9.0000000000,1.0000000000,0.0153398079
0.0150000000,0.0000000000,0.0185538566,3.7791978807,0.9969961576,0.7800971676,25.0000000000,25.0000000000,9.0000000000,1.0000000000,0.0184077695
0.0160000000,0.0000000000,0.0224302402,3.9277787225,0.9398991971,0.7243102468,25.0000000000,25.0000000000,9.0000000000,1.0000000000,0.0230097118
0.0170000000,0.0000000000,0.0264216936,4.0233450257,0.8834046794,0.6731501877,25.0000000000,25.0000000000,9.0000000000,1.0000000000,0.0260776734
0.0180000000,0.0000000000,0.0304785232,4.0713623432,0.8297217698,0.6278975589,25.0000000000,25.0000000000,9.0000000000,1.0000000000,0.0306796158
0.0190000000,0.0000000000,0.0345571517,4.0782800008,0.7805547000,0.5893636051,25.0000000000,25.0000000000,9.0000000000,1.0000000000,0.0352815581
0.0200000000,0.0000000000,0.0386208240,4.0510921308,0.7371212540,0.5579401197,25.0000000000,25.0000000000,9.0000000000,1.0000000000,0.0383495197
0.0210000000,0.0000000000,0.0426399078,3.9969541144,0.7001885251,0.5336576670,25.0000000000,25.0000000000,9.0000000000,1.0000000000,0.0429514621
0.0220000000,0.0000000000,0.0465918479,3.9228603415,0.6701210762,0.5162483059,25.0000000000,25.0000000000,9.0000000000,1.0000000000,0.0460194236
0.0230000000,0.0000000000,0.0504608391,3.8353856483,0.6469371905,0.5052094507,25.0000000000,25.0000000000,9.0000000000,1.0000000000,0.0506213660
0.0240000000,0.0000000000,0.0542372796,3.7404897631,0.6303694140,0.4998660527,25.0000000000,25.0000000000,9.0000000000,1.0000000000,0.0536893276
0.0250000000,0.0000000000,0.0579170663,3.6433816289,0.6199261204,0.4994288463,25.0000000000,25.0000000000,9.0000000000,1.0000000000,0.0582912699
0.0260000000,0.0000000000,0.0615007896,3.5484385664,0.6149513810,0.5030469692,25.0000000000,25.0000000000,9.0000000000,1.0000000000,0.0613592315
0.0270000000,0.0000000000,0.0649928782,3.4591738841,0.6146809792,0.5098537918,25.0000000000,25.0000000000,9.0000000000,1.0000000000,0.0644271931
0.0280000000,0.0000000000,0.0684007373,3.3782456857,0.6182929510,0.5190052779,25.0000000000,25.0000000000,9.0000000000,1.0000000000,0.0690291355
0.0290000000,0.0000000000,0.0717339179,3.3074992172,0.6249515468,0.5297106252,25.0000000000,25.0000000000,9.0000000000,1.0000000000,0.0720970970
0.0300000000,0.0000000000,0.0750033445,3.2480350774,0.6338439730,0.5412552953,25.0000000000,25.0000000000,9.0000000000,1.0000000000,0.0751650586
0.0310000000,0.0000000000,0.0782206238,3.2002959110,0.6442096867,0.5530168348,25.0000000000,25.0000000000,9.0000000000,1.0000000000,0.0782330202
0.0320000000,0.0000000000,0.0813974474,3.1641647547,0.6553623571,0.5644741159,25.0000000000,25.0000000000,9.0000000000,1.0000000000,0.0813009818
0.0330000000,0.0000000000,0.0845450969,3.1390689348,0.6667048928,0.5752107816,25.0000000000,25.0000000000,9.0000000000,1.0000000000,0.0843689433
0.0340000000,0.0000000000,0.0876740535,3.1240842702,0.6777381448,0.5849137806,25.0000000000,25.0000000000,9.0000000000,1.0000000000,0.0874369049
0.0350000000,0.0000000000,0.0907937095,3.1180352492,0.6880640493,0.5933679224,25.0000000000,25.0000000000,9.0000000000,1.0000000000,0.0905048665
0.0360000000,0.0000000000,0.0939121758,3.1195877827,0.6973840642,0.6004473796,25.0000000000,25.0000000000,9.0000000000,1.0000000000,0.0935728281
0.0370000000,0.0000000000,0.0970361756,3.1273320392,0.7054937987,0.6061050272,25.0000000000,25.0000000000,9.0000000000,1.0000000000,0.0966407896
0.0380000000,0.0000000000,0.1001710147,3.1398537213,0.7122747296,0.6103604402,25.0000000000,25.0000000000,9.0000000000,1.0000000000,0.0997087512
0.0390000000,0.0000000000,0.1033206144,3.1557929029,0.7176838593,0.6132872783,25.0000000000,25.0000000000,9.0000000000,1.0000000000,0.1027767128
0.0400000000,0.0000000000,0.1064875956,3.1738902156,0.7217421069,0.6150006855,25.0000000000,25.0000000000,9.0000000000,1.0000000000,0.1058446744
0.0410000000,0.0000000000,0.1096734018,3.1930207292,0.7245221306,0.6156452179,25.0000000000,25.0000000000,9.0000000000,1.0000000000,0.1089126359
0.0420000000,0.0000000000,0.1128784484,3.2122163152,0.7261361838,0.6153837027,25.0000000000,25.0000000000,9.0000000000,1.0000000000,0.1135145783
0.0430000000,0.0000000000,0.1161022874,3.2306776141,0.7267244958,0.6143873193,25.0000000000,25.0000000000,9.0000000000,1.0000000000,0.1165825399
0.0440000000,0.0000000000,0.1193437788,3.2477769571,0.7264445630,0.6128270951,25.0000000000,25.0000000000,9.0000000000,1.0000000000,0.1196505015
0.0450000000,0.0000000000,0.1226012602,3.2630537232,0.7254616264,0.6108669126,25.0000000000,25.0000000000,9.0000000000,1.0000000000,0.1227184630
0.0460000000,0.0000000000,0.1258727071,3.2762036634,0.7239405189,0.6086580489,25.0000000000,25.0000000000,9.0000000000,1.0000000000,0.1257864246
0.0470000000,0.0000000000,0.1291558804,3.2870636964,0.7220389718,0.6063351988,25.0000000000,25.0000000000,9.0000000000,1.0000000000,0.1288543862
0.0480000000,0.0000000000,0.1324484562,3.2955936038,0.7199023992,0.6040138832,25.0000000000,25.0000000000,9.0000000000,1.0000000000,0.1319223478
0.0490000000,0.0000000000,0.1357481363,3.3018559235,0.7176601107,0.6017891031,25.0000000000,25.0000000000,9.0000000000,1.0000000000,0.1349903093
0.0500000000,0.0000000000,0.1390527378,3.3059951866,0.7154228562,0.5997350744,25.0000000000,25.0000000000,9.0000000000,1.0000000000,0.1395922517
0.0510000000,0.0000000000,0.1423602624,3.3082174658,0.7132815669,0.5979058624,25.0000000000,25.0000000000,9.0000000000,1.0000000000,0.1426602133
0.0520000000,0.0000000000,0.1456689458,3.3087710196,0.7113071330,0.5963367313,25.0000000000,25.0000000000,9.0000000000,1.0000000000,0.1457281748
0.0530000000,0.0000000000,0.1489772884,3.3079286328,0.7095510429,0.5950460261,25.0000000000,25.0000000000,9.0000000000,1.0000000000,0.1487961364
0.0540000000,0.0000000000,0.1522840703,3.3059720774,0.7080467060,0.5940374161,25.0000000000,25.0000000000,9.0000000000,1.0000000000,0.1518640980
0.0550000000,0.0000000000,0.1555883515,3.3031789567,0.7068112827,0.5933023427,25.0000000000,25.0000000000,9.0000000000,1.0000000000,0.1549320596
0.0560000000,0.0000000000,0.1588894612,3.2998120494,0.7058478578,0.5928225364,25.0000000000,25.0000000000,9.0000000000,1.0000000000,0.1595340019
0.0570000000,0.0000000000,0.1621869776,3.2961111505,0.7051478062,0.5925724860,25.0000000000,25.0000000000,9.0000000000,1.0000000000,0.1626019635
0.0580000000,0.0000000000,0.1654807010,3.2922872987,0.7046932207,0.5925217683,25.0000000000,25.0000000000,9.0000000000,1.0000000000,0.1656699251
0.0590000000,0.0000000000,0.1687706227,3.2885192078,0.7044592907,0.5926371661,25.0000000000,25.0000000000,9.0000000000,1.0000000000,0.1687378867
0.0600000000,0.0000000000,0.1720568917,3.2849516555,0.7044165427,0.5928845270,25.0000000000,25.0000000000,9.0000000000,1.0000000000,0.1718058482
0.0610000000,0.0000000000,0.1753397804,3.2816955513,0.7045328760,0.5932303301,25.0000000000,25.0000000000,9.0000000000,1.0000000000,0.1748738098
0.0620000000,0.0000000000,0.1786196519,3.2788293817,0.7047753453,0.5936429503,25.0000000000,25.0000000000,9.0000000000,1.0000000000,0.1779417714
0.0630000000,0.0000000000,0.1818969285,3.2764017305,0.7051116624,0.5940936203,25.0000000000,25.0000000000,9.0000000000,1.0000000000,0.1825437138
0.0640000000,0.0000000000,0.1851720645,3.2744345804,0.7055114051,0.5945571055,25.0000000000,25.0000000000,9.0000000000,1.0000000000,0.1856116753
0.0650000000,0.0000000000,0.1884455215,3.2729271211,0.7059469352,0.5950121138,25.0000000000,25.0000000000,9.0000000000,1.0000000000,0.1886796369
0.0660000000,0.0000000000,0.1917177484,3.2718598187,0.7063940402,0.5954414718,25.0000000000,25.0000000000,9.0000000000,1.0000000000,0.1917475985
0.0670000000,0.0000000000,0.1949891648,3.2711985336,0.7068323199,0.5958320997,25.0000000000,25.0000000000,9.0000000000,1.0000000000,0.1948155601
0.0680000000,0.0000000000,0.1982601495,3.2708985075,0.7072453490,0.5961748236,25.0000000000,25.0000000000,9.0000000000,1.0000000000,0.1978835216
0.0690000000,0.0000000000,0.2015310319,3.2709080812,0.7076206473,0.5964640602,25.0000000000,25.0000000000,9.0000000000,1.0000000000,0.2009514832
0.0700000000,0.0000000000,0.2048020873,3.2711720367,0.7079494930,0.5966974103,25.0000000000,25.0000000000,9.0000000000,1.0000000000,0.2055534256
0.0710000000,0.0000000000,0.2080735350,3.2716344937,0.7082266155,0.5968751931,25.0000000000,25.0000000000,9.0000000000,1.0000000000,0.2086213872
0.0720000000,0.0000000000,0.2113455396,3.2722413204,0.7084498002,0.5969999521,25.0000000000,25.0000000000,9.0000000000,1.0000000000,0.2116893487
0.0730000000,0.0000000000,0.2146182134,3.2729420455,0.7086194387,0.5970759565,25.0000000000,25.0000000000,9.0000000000,1.0000000000,0.2147573103
0.0740000000,0.0000000000,0.2178916215,3.2736912817,0.7087380506,0.5971087205,25.0000000000,25.0000000000,9.0000000000,1.0000000000,0.2178252719
0.0750000000,0.0000000000,0.2211657875,3.2744496878,0.7088098038,0.5971045565,25.0000000000,25.0000000000,9.0000000000,1.0000000000,0.2208932335
0.0760000000,0.0000000000,0.2244406994,3.2751845130,0.7088400513,0.5970701748,25.0000000000,25.0000000000,9.0000000000,1.0000000000,0.2239611950
0.0770000000,0.0000000000,0.2277163169,3.2758697740,0.7088349017,0.5970123376,25.0000000000,25.0000000000,9.0000000000,1.0000000000,0.2270291566
0.0780000000,0.0000000000,0.2309925779,3.2764861230,0.7088008344,0.5969375723,25.0000000000,25.0000000000,9.0000000000,1.0000000000,0.2316310990
0.0790000000,0.0000000000,0.2342694047,3.2770204666,0.7087443687,0.5968519450,25.0000000000,25.0000000000,9.0000000000,1.0000000000,0.2346990605
0.0800000000,0.0000000000,0.2375467104,3.2774653957,0.7086717883,0.5967608937,25.0000000000,25.0000000000,9.0000000000,1.0000000000,0.2377670221
0.0810000000,0.0000000000,0.2408244036,3.2778184833,0.7085889259,0.5966691159,25.0000000000,25.0000000000,9.0000000000,1.0000000000,0.2408349837
0.0820000000,0.0000000000,0.2441023934,3.2780815012,0.7085010030,0.5965805069,25.0000000000,25.0000000000,9.0000000000,1.0000000000,0.2439029453
0.0830000000,0.0000000000,0.2473805926,3.2782596045,0.7084125245,0.5964981424,25.0000000000,25.0000000000,9.0000000000,1.0000000000,0.2469709068
0.0840000000,0.0000000000,0.2506589209,3.2783605203,0.7083272200,0.5964242970,25.0000000000,25.0000000000,9.0000000000,1.0000000000,0.2500388684
0.0850000000,0.0000000000,0.2539373071,3.2783937754,0.7082480286,0.5963604930,25.0000000000,25.0000000000,9.0000000000,1.0000000000,0.2546408108
0.0860000000,0.0000000000,0.2572156901,3.2783699866,0.7081771180,0.5963075708,25.0000000000,25.0000000000,9.0000000000,1.0000000000,0.2577087724
0.0870000000,0.0000000000,0.2604940196,3.2783002317,0.7081159322,0.5962657756,25.0000000000,25.0000000000,9.0000000000,1.0000000000,0.2607767339
0.0880000000,0.0000000000,0.2637722567,3.2781955136,0.7080652603,0.5962348522,25.0000000000,25.0000000000,9.0000000000,1.0000000000,0.2638446955
0.0890000000,0.0000000000,0.2670503730,3.2780663215,0.7080253201,0.5962141447,25.0000000000,25.0000000000,9.0000000000,1.0000000000,0.2669126571
0.0900000000,0.0000000000,0.2703283501,3.2779222917,0.7079958506,0.5962026939,25.0000000000,25.0000000000,9.0000000000,1.0000000000,0.2699806187
0.0910000000,0.0000000000,0.2736061786,3.2777719632,0.7079762069,0.5961993305,25.0000000000,25.0000000000,9.0000000000,1.0000000000,0.2730485802
0.0920000000,0.0000000000,0.2768838569,3.2776226211,0.7079654554,0.5962027605,25.0000000000,25.0000000000,9.0000000000,1.0000000000,0.2776505226
0.0930000000,0.0000000000,0.2801613898,3.2774802202,0.7079624626,0.5962116400,25.0000000000,25.0000000000,9.0000000000,1.0000000000,0.2807184842
0.0940000000,0.0000000000,0.2834387872,3.2773493759,0.7079659775,0.5962246396,25.0000000000,25.0000000000,9.0000000000,1.0000000000,0.2837864458
0.0950000000,0.0000000000,0.2867160628,3.2772334118,0.7079747033,0.5962404962,25.0000000000,25.0000000000,9.0000000000,1.0000000000,0.2868544073
0.0960000000,0.0000000000,0.2899932330,3.2771344523,0.7079873592,0.5962580530,25.0000000000,25.0000000000,9.0000000000,1.0000000000,0.2899223689
0.0970000000,0.0000000000,0.2932703155,3.2770535478,0.7080027298,0.5962762884,25.0000000000,25.0000000000,9.0000000000,1.0000000000,0.2929903305
0.0980000000,0.0000000000,0.2965473284,3.2769908215,0.7080197036,0.5962943338,25.0000000000,25.0000000000,9.0000000000,1.0000000000,0.2960582921
0.0990000000,0.0000000000,0.2998242896,3.2769456289,0.7080372999,0.5963114822,25.0000000000,25.0000000000,9.0000000000,1.0000000000,0.2991262536
0.1000000000,0.0000000000,0.3031012160,3.2769167198,0.7080546863,0.5963271886,25.0000000000,25.0000000000,9.0000000000,1.0000000000,0.3037281960
0.1010000000,0.0000000000,0.3063781227,3.2769023971,0.7080711864,0.5963410638,25.0000000000,25.0000000000,9.0000000000,1.0000000000,0.3067961576
0.1020000000,0.0000000000,0.3096550231,3.2769006658,0.7080862800,0.5963528625,25.0000000000,25.0000000000,9.0000000000,1.0000000000,0.3098641192
0.1030000000,0.0000000000,0.3129319285,3.2769093671,0.7080995967,0.5963624683,25.0000000000,25.0000000000,9.0000000000,1.0000000000,0.3129320807
0.1040000000,0.0000000000,0.3162088479,3.2769262965,0.7081109045,0.5963698752,25.0000000000,25.0000000000,9.0000000000,1.0000000000,0.3160000423
0.1050000000,0.0000000000,0.3194857882,3.2769493020,0.7081200951,0.5963751685,25.0000000000,25.0000000000,9.0000000000,1.0000000000,0.3190680039
0.1060000000,0.0000000000,0.3227627541,3.2769763636,0.7081271663,0.5963785054,25.0000000000,25.0000000000,9.0000000000,1.0000000000,0.3221359655
0.1070000000,0.0000000000,0.3260397487,3.2770056522,0.7081322030,0.5963800953,25.0000000000,25.0000000000,9.0000000000,1.0000000000,0.3267379078
0.1080000000,0.0000000000,0.3293167731,3.2770355714,0.7081353589,0.5963801824,25.0000000000,25.0000000000,9.0000000000,1.0000000000,0.3298058694
0.1090000000,0.0000000000,0.3325938270,3.2770647815,0.7081368375,0.5963790291,25.0000000000,25.0000000000,9.0000000000,1.0000000000,0.3328738310
0.1100000000,0.0000000000,0.3358709091,3.2770922094,0.7081368752,0.5963769025,25.0000000000,25.0000000000,9.0000000000,1.0000000000,0.3359417925
0.1110000000,0.0000000000,0.3391480170,3.2771170448,0.7081357255,0.5963740622,25.0000000000,25.0000000000,9.0000000000,1.0000000000,0.3390097541
0.1120000000,0.0000000000,0.3424251479,3.2771387276,0.7081336459,0.5963707511,25.0000000000,25.0000000000,9.0000000000,1.0000000000,0.3420777157
0.1130000000,0.0000000000,0.3457022983,3.2771569261,0.7081308864,0.5963671886,25.0000000000,25.0000000000,9.0000000000,1.0000000000,0.3451456773
0.1140000000,0.0000000000,0.3489794646,3.2771715104,0.7081276807,0.5963635654,25.0000000000,25.0000000000,9.0000000000,1.0000000000,0.3482136389
0.1150000000,0.0000000000,0.3522566433,3.2771825219,0.7081242394,0.5963600408,25.0000000000,25.0000000000,9.0000000000,1.0000000000,0.3528155812
0.1160000000,0.0000000000,0.3555338308,3.2771901414,0.7081207454,0.5963567422,25.0000000000,25.0000000000,9.0000000000,1.0000000000,0.3558835428
0.1170000000,0.0000000000,0.3588110240,3.2771946569,0.7081173515,0.5963537649,25.0000000000,25.0000000000,9.0000000000,1.0000000000,0.3589515044
0.1180000000,0.0000000000,0.3620882200,3.2771964326,0.7081141792,0.5963511741,25.0000000000,25.0000000000,9.0000000000,1.0000000000,0.3620194659
0.1190000000,0.0000000000,0.3653654162,3.2771958809,0.7081113195,0.5963490078,25.0000000000,25.0000000000,9.0000000000,1.0000000000,0.3650874275
0.1200000000,0.0000000000,0.3686426107,3.2771934366,0.7081088344,0.5963472797,25.0000000000,25.0000000000,9.0000000000,1.0000000000,0.3681553891
0.1210000000,0.0000000000,0.3719198018,3.2771895351,0.7081067595,0.5963459831,25.0000000000,25.0000000000,9.0000000000,1.0000000000,0.3712233507
0.1220000000,0.0000000000,0.3751969883,3.2771845946,0.7081051075,0.5963450949,25.0000000000,25.0000000000,9.0000000000,1.0000000000,0.3758252930
0.1230000000,0.0000000000,0.3784741694,3.2771790018,0.7081038711,0.5963445791,25.0000000000,25.0000000000,9.0000000000,1.0000000000,0.3788932546
0.1240000000,0.0000000000,0.3817513448,3.2771731019,0.7081030276,0.5963443911,25.0000000000,25.0000000000,9.0000000000,1.0000000000,0.3819612162
0.1250000000,0.0000000000,0.3850285142,3.2771671913,0.7081025420,0.5963444804,25.0000000000,25.0000000000,9.0000000000,1.0000000000,0.3850291778
0.1260000000,0.0000000000,0.3883056778,3.2771615146,0.7081023708,0.5963447943,25.0000000000,25.0000000000,9.0000000000,1.0000000000,0.3880971393
0.1270000000,0.0000000000,0.3915828360,3.2771562632,0.7081024654,0.5963452801,25.0000000000,25.0000000000,9.0000000000,1.0000000000,0.3911651009
0.1280000000,0.0000000000,0.3948599893,3.2771515774,0.7081027748,0.5963458875,25.0000000000,25.0000000000,9.0000000000,1.0000000000,0.3942330625
0.1290000000,0.0000000000,0.3981371383,3.2771475494,0.7081032484,0.5963465699,25.0000000000,25.0000000000,9.0000000000,1.0000000000,0.3988350049
0.1300000000,0.0000000000,0.4014142837,3.2771442281,0.7081038375,0.5963472862,25.0000000000,25.0000000000,9.0000000000,1.0000000000,0.4019029664
0.1310000000,0.0000000000,0.4046914262,3.2771416244,0.7081044976,0.5963480009,25.0000000000,25.0000000000,9.0000000000,1.0000000000,0.4049709280
0.1320000000,0.0000000000,0.4079685666,3.2771397184,0.7081051890,0.5963486849,25.0000000000,25.0000000000,9.0000000000,1.0000000000,0.4080388896
0.1330000000,0.0000000000,0.4112457055,3.2771384646,0.7081058777,0.5963493157,25.0000000000,25.0000000000,9.0000000000,1.0000000000,0.4111068512
0.1340000000,0.0000000000,0.4145228435,3.2771377990,0.7081065361,0.5963498767,25.0000000000,25.0000000000,9.0000000000,1.0000000000,0.4141748127
0.1350000000,0.0000000000,0.4177999812,3.2771376447,0.7081071423,0.5963503572,25.0000000000,25.0000000000,9.0000000000,1.0000000000,0.4172427743
0.1360000000,0.0000000000,0.4210771190,3.2771379176,0.7081076809,0.5963507519,25.0000000000,25.0000000000,9.0000000000,1.0000000000,0.4203107359
0.1370000000,0.0000000000,0.4243542572,3.2771385308,0.7081081416,0.5963510597,25.0000000000,25.0000000000,9.0000000000,1.0000000000,0.4249126782
0.1380000000,0.0000000000,0.4276313963,3.2771393988,0.7081085194,0.5963512834,25.0000000000,25.0000000000,9.0000000000,1.0000000000,0.4279806398
0.1390000000,0.0000000000,0.4309085363,3.2771404410,0.7081088133,0.5963514286,25.0000000000,25.0000000000,9.0000000000,1.0000000000,0.4310486014
0.1400000000,0.0000000000,0.4341856775,3.2771415837,0.7081090263,0.5963515034,25.0000000000,25.0000000000,9.0000000000,1.0000000000,0.4341165630
0.1410000000,0.0000000000,0.4374628198,3.2771427622,0.7081091639,0.5963515171,25.0000000000,25.0000000000,9.0000000000,1.0000000000,0.4371845245
0.1420000000,0.0000000000,0.4407399633,3.2771439218,0.7081092338,0.5963514799,25.0000000000,25.0000000000,9.0000000000,1.0000000000,0.4402524861
0.1430000000,0.0000000000,0.4440171079,3.2771450182,0.7081092451,0.5963514025,25.0000000000,25.0000000000,9.0000000000,1.0000000000,0.4433204477
0.1440000000,0.0000000000,0.4472942536,3.2771460177,0.7081092077,0.5963512951,25.0000000000,25.0000000000,9.0000000000,1.0000000000,0.4479223901
0.1450000000,0.0000000000,0.4505714001,3.2771468963,0.7081091319,0.5963511674,25.0000000000,25.0000000000,9.0000000000,1.0000000000,0.4509903516
0.1460000000,0.0000000000,0.4538485475,3.2771476395,0.7081090274,0.5963510283,25.0000000000,25.0000000000,9.0000000000,1.0000000000,0.4540583132
0.1470000000,0.0000000000,0.4571256955,3.2771482407,0.7081089037,0.5963508854,25.0000000000,25.0000000000,9.0000000000,1.0000000000,0.4571262748
0.1480000000,0.0000000000,0.4604028441,3.2771487003,0.7081087693,0.5963507454,25.0000000000,25.0000000000,9.0000000000,1.0000000000,0.4601942364
0.1490000000,0.0000000000,0.4636799930,3.2771490247,0.7081086315,0.5963506135,25.0000000000,25.0000000000,9.0000000000,1.0000000000,0.4632621979
0.1500000000,0.0000000000,0.4669571421,3.2771492243,0.7081084966,0.5963504936,25.0000000000,25.0000000000,9.0000000000,1.0000000000,0.4663301595
0.1510000000,0.0000000000,0.4702342914,3.2771493132,0.7081083697,0.5963503886,25.0000000000,25.0000000000,9.0000000000,1.0000000000,0.4709321019
0.1520000000,0.0000000000,0.4735114407,3.2771493073,0.7081082545,0.5963503000,25.0000000000,25.0000000000,9.0000000000,1.0000000000,0.4740000635
0.1530000000,0.0000000000,0.4767885900,3.2771492235,0.7081081538,0.5963502287,25.0000000000,25.0000000000,9.0000000000,1.0000000000,0.4770680250
0.1540000000,0.0000000000,0.4800657391,3.2771490792,0.7081080689,0.5963501745,25.0000000000,25.0000000000,9.0000000000,1.0000000000,0.4801359866
0.1550000000,0.0000000000,0.4833428881,3.2771488910,0.7081080007,0.5963501366,25.0000000000,25.0000000000,9.0000000000,1.0000000000,0.4832039482
0.1560000000,0.0000000000,0.4866200369,3.2771486743,0.7081079490,0.5963501137,25.0000000000,25.0000000000,9.0000000000,1.0000000000,0.4862719098
0.1570000000,0.0000000000,0.4898971854,3.2771484432,0.7081079130,0.5963501040,25.0000000000,25.0000000000,9.0000000000,1.0000000000,0.4893398713
0.1580000000,0.0000000000,0.4931743337,3.2771482096,0.7081078914,0.5963501057,25.0000000000,25.0000000000,9.0000000000,1.0000000000,0.4924078329
0.1590000000,0.0000000000,0.4964514818,3.2771479836,0.7081078825,0.5963501165,25.0000000000,25.0000000000,9.0000000000,1.0000000000,0.4970097753
0.1600000000,0.0000000000,0.4997286296,3.2771477731,0.7081078844,0.5963501346,25.0000000000,25.0000000000,9.0000000000,1.0000000000,0.5000777369
0.1610000000,0.0000000000,0.5030057773,3.2771475840,0.7081078952,0.5963501578,25.0000000000,25.0000000000,9.0000000000,1.0000000000,0.5031456984
0.1620000000,0.0000000000,0.5062829247,3.2771474203,0.7081079128,0.5963501842,25.0000000000,25.0000000000,9.0000000000,1.0000000000,0.5062136600
0.1630000000,0.0000000000,0.5095600721,3.2771472842,0.7081079353,0.5963502123,25.0000000000,25.0000000000,9.0000000000,1.0000000000,0.5092816216
0.1640000000,0.0000000000,0.5128372193,3.2771471763,0.7081079609,0.5963502406,25.0000000000,25.0000000000,9.0000000000,1.0000000000,0.5123495832
0.1650000000,0.0000000000,0.5161143664,3.2771470962,0.7081079880,0.5963502678,25.0000000000,25.0000000000,9.0000000000,1.0000000000,0.5154175447
0.1660000000,0.0000000000,0.5193915135,3.2771470422,0.7081080152,0.5963502931,25.0000000000,25.0000000000,9.0000000000,1.0000000000,0.5200194871
0.1670000000,0.0000000000,0.5226686605,3.2771470119,0.7081080415,0.5963503158,25.0000000000,25.0000000000,9.0000000000,1.0000000000,0.5230874487
0.1680000000,0.0000000000,0.5259458075,3.2771470023,0.7081080658,0.5963503353,25.0000000000,25.0000000000,9.0000000000,1.0000000000,0.5261554102
0.1690000000,0.0000000000,0.5292229545,3.2771470102,0.7081080875,0.5963503515,25.0000000000,25.0000000000,9.0000000000,1.0000000000,0.5292233718
0.1700000000,0.0000000000,0.5325001015,3.2771470321,0.7081081063,0.5963503643,25.0000000000,25.0000000000,9.0000000000,1.0000000000,0.5322913334
0.1710000000,0.0000000000,0.5357772486,3.2771470647,0.7081081218,0.5963503737,25.0000000000,25.0000000000,9.0000000000,1.0000000000,0.5353592950
0.1720000000,0.0000000000,0.5390543957,3.2771471047,0.7081081340,0.5963503800,25.0000000000,25.0000000000,9.0000000000,1.0000000000,0.5384272565
0.1730000000,0.0000000000,0.5423315428,3.2771471492,0.7081081430,0.5963503834,25.0000000000,25.0000000000,9.0000000000,1.0000000000,0.5430291989
0.1740000000,0.0000000000,0.5456086900,3.2771471956,0.7081081489,0.5963503844,25.0000000000,25.0000000000,9.0000000000,1.0000000000,0.5460971605
0.1750000000,0.0000000000,0.5488858372,3.2771472415,0.7081081521,0.5963503832,25.0000000000,25.0000000000,9.0000000000,1.0000000000,0.5491651221
0.1760000000,0.0000000000,0.5521629845,3.2771472853,0.7081081530,0.5963503805,25.0000000000,25.0000000000,9.0000000000,1.0000000000,0.5522330836
0.1770000000,0.0000000000,0.5554401318,3.2771473255,0.7081081518,0.5963503764,25.0000000000,25.0000000000,9.0000000000,1.0000000000,0.5553010452
0.1780000000,0.0000000000,0.5587172791,3.2771473610,0.7081081491,0.5963503715,25.0000000000,25.0000000000,9.0000000000,1.0000000000,0.5583690068
0.1790000000,0.0000000000,0.5619944265,3.2771473913,0.7081081452,0.5963503661,25.0000000000,25.0000000000,9.0000000000,1.0000000000,0.5614369684
0.1800000000,0.0000000000,0.5652715739,3.2771474161,0.7081081404,0.5963503605,25.0000000000,25.0000000000,9.0000000000,1.0000000000,0.5645049299
0.1810000000,0.0000000000,0.5685487214,3.2771474352,0.7081081352,0.5963503549,25.0000000000,25.0000000000,9.0000000000,1.0000000000,0.5691068723
0.1820000000,0.0000000000,0.5718258688,3.2771474489,0.7081081297,0.5963503496,25.0000000000,25.0000000000,9.0000000000,1.0000000000,0.5721748339
0.1830000000,0.0000000000,0.5751030163,3.2771474577,0.7081081244,0.5963503448,25.0000000000,25.0000000000,9.0000000000,1.0000000000,0.5752427955
0.1840000000,0.0000000000,0.5783801637,3.2771474620,0.7081081193,0.5963503406,25.0000000000,25.0000000000,9.0000000000,1.0000000000,0.5783107570
0.1850000000,0.0000000000,0.5816573112,3.2771474624,0.7081081147,0.5963503369,25.0000000000,25.0000000000,9.0000000000,1.0000000000,0.5813787186
0.1860000000,0.0000000000,0.5849344586,3.2771474596,0.7081081106,0.5963503340,25.0000000000,25.0000000000,9.0000000000,1.0000000000,0.5844466802
0.1870000000,0.0000000000,0.5882116061,3.2771474543,0.7081081071,0.5963503318,25.0000000000,25.0000000000,9.0000000000,1.0000000000,0.5875146418
0.1880000000,0.0000000000,0.5914887535,3.2771474472,0.7081081043,0.5963503301,25.0000000000,25.0000000000,9.0000000000,1.0000000000,0.5921165841
0.1890000000,0.0000000000,0.5947659010,3.2771474388,0.7081081022,0.5963503291,25.0000000000,25.0000000000,9.0000000000,1.0000000000,0.5951845457
0.1900000000,0.0000000000,0.5980430484,3.2771474297,0.7081081006,0.5963503287,25.0000000000,25.0000000000,9.0000000000,1.0000000000,0.5982525073
0.1910000000,0.0000000000,0.6013201958,3.2771474205,0.7081080997,0.5963503286,25.0000000000,25.0000000000,9.0000000000,1.0000000000,0.6013204689
0.1920000000,0.0000000000,0.6045973433,3.2771474115,0.7081080992,0.5963503290,25.0000000000,25.0000000000,9.0000000000,1.0000000000,0.6043884304
0.1930000000,0.0000000000,0.6078744907,3.2771474031,0.7081080993,0.5963503297,25.0000000000,25.0000000000,9.0000000000,1.0000000000,0.6074563920
0.1940000000,0.0000000000,0.6111516381,3.2771473955,0.7081080996,0.5963503306,25.0000000000,25.0000000000,9.0000000000,1.0000000000,0.6105243536
0.1950000000,0.0000000000,0.6144287855,3.2771473888,0.7081081003,0.5963503316,25.0000000000,25.0000000000,9.0000000000,1.0000000000,0.6151262959
0.1960000000,0.0000000000,0.6177059328,3.2771473833,0.7081081011,0.5963503327,25.0000000000,25.0000000000,9.0000000000,1.0000000000,0.6181942575
0.1970000000,0.0000000000,0.6209830802,3.2771473788,0.7081081021,0.5963503338,25.0000000000,25.0000000000,9.0000000000,1.0000000000,0.6212622191
0.1980000000,0.0000000000,0.6242602276,3.2771473755,0.7081081032,0.5963503349,25.0000000000,25.0000000000,9.0000000000,1.0000000000,0.6243301807
0.1990000000,0.0000000000,0.6275373750,3.2771473732,0.7081081043,0.5963503359,25.0000000000,25.0000000000,9.0000000000,1.0000000000,0.6273981422
0.2000000000,0.0000000000,0.6308145223,3.2771473718,0.7081081053,0.5963503368,25.0000000000,25.0000000000,9.0000000000,1.0000000000,0.6304661038
0.2010000000,0.0000000000,0.6340916697,3.2771473713,0.7081081063,0.5963503376,25.0000000000,25.0000000000,9.0000000000,1.0000000000,0.6335340654
0.2020000000,0.0000000000,0.6373688171,3.2771473715,0.7081081071,0.5963503383,25.0000000000,25.0000000000,9.0000000000,1.0000000000,0.6366020270
0.2030000000,0.0000000000,0.6406459645,3.2771473722,0.7081081079,0.5963503388,25.0000000000,25.0000000000,9.0000000000,1.0000000000,0.6412039693
0.2040000000,0.0000000000,0.6439231118,3.2771473735,0.7081081085,0.5963503392,25.0000000000,25.0000000000,9.0000000000,1.0000000000,0.6442719309
0.2050000000,0.0000000000,0.6472002592,3.2771473750,0.7081081090,0.5963503395,25.0000000000,25.0000000000,9.0000000000,1.0000000000,0.6473398925
0.2060000000,0.0000000000,0.6504774066,3.2771473767,0.7081081094,0.5963503396,25.0000000000,25.0000000000,9.0000000000,1.0000000000,0.6504078541
0.2070000000,0.0000000000,0.6537545540,3.2771473785,0.7081081097,0.5963503397,25.0000000000,25.0000000000,9.0000000000,1.0000000000,0.6534758156
0.2080000000,0.0000000000,0.6570317013,3.2771473804,0.7081081098,0.5963503396,25.0000000000,25.0000000000,9.0000000000,1.0000000000,0.6565437772
0.2090000000,0.0000000000,0.6603088487,3.2771473821,0.7081081099,0.5963503395,25.0000000000,25.0000000000,9.0000000000,1.0000000000,0.6596117388
0.2100000000,0.0000000000,0.6635859961,3.2771473837,0.7081081098,0.5963503394,25.0000000000,25.0000000000,9.0000000000,1.0000000000,0.6642136812
0.2110000000,0.0000000000,0.6668631435,3.2771473851,0.7081081097,0.5963503392,25.0000000000,25.0000000000,9.0000000000,1.0000000000,0.6672816427
0.2120000000,0.0000000000,0.6701402909,3.2771473864,0.7081081096,0.5963503390,25.0000000000,25.0000000000,9.0000000000,1.0000000000,0.6703496043
0.2130000000,0.0000000000,0.6734174383,3.2771473874,0.7081081094,0.5963503388,25.0000000000,25.0000000000,9.0000000000,1.0000000000,0.6734175659
0.2140000000,0.0000000000,0.6766945856,3.2771473882,0.7081081092,0.5963503386,25.0000000000,25.0000000000,9.0000000000,1.0000000000,0.6764855275
0.2150000000,0.0000000000,0.6799717330,3.2771473888,0.7081081090,0.5963503383,25.0000000000,25.0000000000,9.0000000000,1.0000000000,0.6795534890
0.2160000000,0.0000000000,0.6832488804,3.2771473891,0.7081081088,0.5963503381,25.0000000000,25.0000000000,9.0000000000,1.0000000000,0.6826214506
0.2170000000,0.0000000000,0.6865260278,3.2771473893,0.7081081086,0.5963503380,25.0000000000,25.0000000000,9.0000000000,1.0000000000,0.6872233930
0.2180000000,0.0000000000,0.6898031752,3.2771473894,0.7081081084,0.5963503378,25.0000000000,25.0000000000,9.0000000000,1.0000000000,0.6902913545
0.2190000000,0.0000000000,0.6930803226,3.2771473893,0.7081081082,0.5963503377,25.0000000000,25.0000000000,9.0000000000,1.0000000000,0.6933593161
0.2200000000,0.0000000000,0.6963574700,3.2771473891,0.7081081081,0.5963503376,25.0000000000,25.0000000000,9.0000000000,1.0000000000,0.6964272777
0.2210000000,0.0000000000,0.6996346174,3.2771473888,0.7081081080,0.5963503375,25.0000000000,25.0000000000,9.0000000000,1.0000000000,0.6994952393
0.2220000000,0.0000000000,0.7029117648,3.2771473885,0.7081081079,0.5963503375,25.0000000000,25.0000000000,9.0000000000,1.0000000000,0.7025632009
0.2230000000,0.0000000000,0.7061889121,3.2771473882,0.7081081078,0.5963503375,25.0000000000,25.0000000000,9.0000000000,1.0000000000,0.7056311624
0.2240000000,0.0000000000,0.7094660595,3.2771473878,0.7081081078,0.5963503375,25.0000000000,25.0000000000,9.0000000000,1.0000000000,0.7086991240
0.2250000000,0.0000000000,0.7127432069,3.2771473874,0.7081081078,0.5963503375,25.0000000000,25.0000000000,9.0000000000,1.0000000000,0.7133010664
0.2260000000,0.0000000000,0.7160203543,3.2771473871,0.7081081078,0.5963503375,25.0000000000,25.0000000000,9.0000000000,1.0000000000,0.7163690279
0.2270000000,0.0000000000,0.7192975017,3.2771473868,0.7081081078,0.5963503375,25.0000000000,25.0000000000,9.0000000000,1.0000000000,0.7194369895
0.2280000000,0.0000000000,0.7225746491,3.2771473865,0.7081081078,0.5963503376,25.0000000000,25.0000000000,9.0000000000,1.0000000000,0.7225049511
0.2290000000,0.0000000000,0.7258517965,3.2771473863,0.7081081078,0.5963503376,25.0000000000,25.0000000000,9.0000000000,1.0000000000,0.7255729127
0.2300000000,0.0000000000,0.7291289439,3.2771473861,0.7081081079,0.5963503377,25.0000000000,25.0000000000,9.0000000000,1.0000000000,0.7286408742
0.2310000000,0.0000000000,0.7324060912,3.2771473860,0.7081081079,0.5963503377,25.0000000000,25.0000000000,9.0000000000,1.0000000000,0.7317088358
0.2320000000,0.0000000000,0.7356832386,3.2771473859,0.7081081079,0.5963503378,25.0000000000,25.0000000000,9.0000000000,1.0000000000,0.7363107782
0.2330000000,0.0000000000,0.7389603860,3.2771473858,0.7081081080,0.5963503378,25.0000000000,25.0000000000,9.0000000000,1.0000000000,0.7393787398
0.2340000000,0.0000000000,0.7422375334,3.2771473858,0.7081081080,0.5963503378,25.0000000000,25.0000000000,9.0000000000,1.0000000000,0.7424467013
0.2350000000,0.0000000000,0.7455146808,3.2771473858,0.7081081081,0.5963503379,25.0000000000,25.0000000000,9.0000000000,1.0000000000,0.7455146629
0.2360000000,0.0000000000,0.7487918282,3.2771473858,0.7081081081,0.5963503379,25.0000000000,25.0000000000,9.0000000000,1.0000000000,0.7485826245
0.2370000000,0.0000000000,0.7520689756,3.2771473859,0.7081081081,0.5963503379,25.0000000000,25.0000000000,9.0000000000,1.0000000000,0.7516505861
0.2380000000,0.0000000000,0.7553461229,3.2771473859,0.7081081081,0.5963503379,25.0000000000,25.0000000000,9.0000000000,1.0000000000,0.7547185476
0.2390000000,0.0000000000,0.7586232703,3.2771473860,0.7081081082,0.5963503379,25.0000000000,25.0000000000,9.0000000000,1.0000000000,0.7593204900
0.2400000000,0.0000000000,0.7619004177,3.2771473861,0.7081081082,0.5963503379,25.0000000000,25.0000000000,9.0000000000,1.0000000000,0.7623884516
0.2410000000,0.0000000000,0.7651775651,3.2771473861,0.7081081082,0.5963503379,25.0000000000,25.0000000000,9.0000000000,1.0000000000,0.7654564132
0.2420000000,0.0000000000,0.7684547125,3.2771473862,0.7081081082,0.5963503379,25.0000000000,25.0000000000,9.0000000000,1.0000000000,0.7685243747
0.2430000000,0.0000000000,0.7717318599,3.2771473863,0.7081081082,0.5963503379,25.0000000000,25.0000000000,9.0000000000,1.0000000000,0.7715923363
0.2440000000,0.0000000000,0.7750090073,3.2771473863,0.7081081082,0.5963503379,25.0000000000,25.0000000000,9.0000000000,1.0000000000,0.7746602979
0.2450000000,0.0000000000,0.7782861546,3.2771473864,0.7081081082,0.5963503379,25.0000000000,25.0000000000,9.0000000000,1.0000000000,0.7777282595
0.2460000000,0.0000000000,0.7815633020,3.2771473864,0.7081081082,0.5963503379,25.0000000000,25.0000000000,9.0000000000,1.0000000000,0.7823302018
0.2470000000,0.0000000000,0.7848404494,3.2771473865,0.7081081082,0.5963503379,25.0000000000,25.0000000000,9.0000000000,1.0000000000,0.7853981634
0.2480000000,0.0000000000,0.7881175968,3.2771473865,0.7081081081,0.5963503379,25.0000000000,25.0000000000,9.0000000000,1.0000000000,0.7884661250
0.2490000000,0.0000000000,0.7913947442,3.2771473865,0.7081081081,0.5963503379,25.0000000000,25.0000000000,9.0000000000,1.0000000000,0.7915340865
0.2500000000,0.0000000000,0.7946718916,3.2771473865,0.7081081081,0.5963503378,25.0000000000,25.0000000000,9.0000000000,1.0000000000,0.7946020481
0.2510000000,0.0000000000,0.7979490390,3.2771473865,0.7081081081,0.5963503378,25.0000000000,25.0000000000,9.0000000000,1.0000000000,0.7976700097
0.2520000000,0.0000000000,0.8012261864,3.2771473865,0.7081081081,0.5963503378,25.0000000000,25.0000000000,9.0000000000,1.0000000000,0.8007379713
0.2530000000,0.0000000000,0.8045033337,3.2771473865,0.7081081081,0.5963503378,25.0000000000,25.0000000000,9.0000000000,1.0000000000,0.8038059329
0.2540000000,0.0000000000,0.8077804811,3.2771473865,0.7081081081,0.5963503378,25.0000000000,25.0000000000,9.0000000000,1.0000000000,0.8084078752
0.2550000000,0.0000000000,0.8110576285,3.2771473865,0.7081081081,0.5963503378,25.0000000000,25.0000000000,9.0000000000,1.0000000000,0.8114758368
0.2560000000,0.0000000000,0.8143347759,3.2771473865,0.7081081081,0.5963503378,25.0000000000,25.0000000000,9.0000000000,1.0000000000,0.8145437984
0.2570000000,0.0000000000,0.8176119233,3.2771473864,0.7081081081,0.5963503378,25.0000000000,25.0000000000,9.0000000000,1.0000000000,0.8176117599
0.2580000000,0.0000000000,0.8208890707,3.2771473864,0.7081081081,0.5963503378,25.0000000000,25.0000000000,9.0000000000,1.0000000000,0.8206797215
0.2590000000,0.0000000000,0.8241662181,3.2771473864,0.7081081081,0.5963503378,25.0000000000,25.0000000000,9.0000000000,1.0000000000,0.8237476831
0.2600000000,0.0000000000,0.8274433654,3.2771473864,0.7081081081,0.5963503378,25.0000000000,25.0000000000,9.0000000000,1.0000000000,0.8268156447
0.2610000000,0.0000000000,0.8307205128,3.2771473864,0.7081081081,0.5963503378,25.0000000000,25.0000000000,9.0000000000,1.0000000000,0.8314175870
0.2620000000,0.0000000000,0.8339976602,3.2771473864,0.7081081081,0.5963503378,25.0000000000,25.0000000000,9.0000000000,1.0000000000,0.8344855486
0.2630000000,0.0000000000,0.8372748076,3.2771473864,0.7081081081,0.5963503378,25.0000000000,25.0000000000,9.0000000000,1.0000000000,0.8375535102
0.2640000000,0.0000000000,0.8405519550,3.2771473864,0.7081081081,0.5963503378,25.0000000000,25.0000000000,9.0000000000,1.0000000000,0.8406214718
0.2650000000,0.0000000000,0.8438291024,3.2771473864,0.7081081081,0.5963503378,25.0000000000,25.0000000000,9.0000000000,1.0000000000,0.8436894333
0.2660000000,0.0000000000,0.8471062498,3.2771473864,0.7081081081,0.5963503378,25.0000000000,25.0000000000,9.0000000000,1.0000000000,0.8467573949
0.2670000000,0.0000000000,0.8503833971,3.2771473864,0.7081081081,0.5963503378,25.0000000000,25.0000000000,9.0000000000,1.0000000000,0.8498253565
0.2680000000,0.0000000000,0.8536605445,3.2771473864,0.7081081081,0.5963503378,25.0000000000,25.0000000000,9.0000000000,1.0000000000,0.8544272989
0.2690000000,0.0000000000,0.8569376919,3.2771473864,0.7081081081,0.5963503378,25.0000000000,25.0000000000,9.0000000000,1.0000000000,0.8574952604
0.2700000000,0.0000000000,0.8602148393,3.2771473864,0.7081081081,0.5963503378,25.0000000000,25.0000000000,9.0000000000,1.0000000000,0.8605632220
0.2710000000,0.0000000000,0.8634919867,3.2771473864,0.7081081081,0.5963503378,25.0000000000,25.0000000000,9.0000000000,1.0000000000,0.8636311836
0.2720000000,0.0000000000,0.8667691341,3.2771473864,0.7081081081,0.5963503378,25.0000000000,25.0000000000,9.0000000000,1.0000000000,0.8666991452
0.2730000000,0.0000000000,0.8700462815,3.2771473864,0.7081081081,0.5963503378,25.0000000000,25.0000000000,9.0000000000,1.0000000000,0.8697671067
0.2740000000,0.0000000000,0.8733234289,3.2771473864,0.7081081081,0.5963503378,25.0000000000,25.0000000000,9.0000000000,1.0000000000,0.8728350683
0.2750000000,0.0000000000,0.8766005762,3.2771473864,0.7081081081,0.5963503378,25.0000000000,25.0000000000,9.0000000000,1.0000000000,0.8759030299
0.2760000000,0.0000000000,0.8798777236,3.2771473864,0.7081081081,0.5963503378,25.0000000000,25.0000000000,9.0000000000,1.0000000000,0.8805049722
0.2770000000,0.0000000000,0.8831548710,3.2771473864,0.7081081081,0.5963503378,25.0000000000,25.0000000000,9.0000000000,1.0000000000,0.8835729338
0.2780000000,0.0000000000,0.8864320184,3.2771473864,0.7081081081,0.5963503378,25.0000000000,25.0000000000,9.0000000000,1.0000000000,0.8866408954
0.2790000000,0.0000000000,0.8897091658,3.2771473864,0.7081081081,0.5963503378,25.0000000000,25.0000000000,9.0000000000,1.0000000000,0.8897088570
0.2800000000,0.0000000000,0.8929863132,3.2771473864,0.7081081081,0.5963503378,25.0000000000,25.0000000000,9.0000000000,1.0000000000,0.8927768185
0.2810000000,0.0000000000,0.8962634606,3.2771473864,0.7081081081,0.5963503378,25.0000000000,25.0000000000,9.0000000000,1.0000000000,0.8958447801
0.2820000000,0.0000000000,0.8995406079,3.2771473864,0.7081081081,0.5963503378,25.0000000000,25.0000000000,9.0000000000,1.0000000000,0.8989127417
0.2830000000,0.0000000000,0.9028177553,3.2771473864,0.7081081081,0.5963503378,25.0000000000,25.0000000000,9.0000000000,1.0000000000,0.9035146841
0.2840000000,0.0000000000,0.9060949027,3.2771473864,0.7081081081,0.5963503378,25.0000000000,25.0000000000,9.0000000000,1.0000000000,0.9065826456
0.2850000000,0.0000000000,0.9093720501,3.2771473864,0.7081081081,0.5963503378,25.0000000000,25.0000000000,9.0000000000,1.0000000000,0.9096506072
0.2860000000,0.0000000000,0.9126491975,3.2771473864,0.7081081081,0.5963503378,25.0000000000,25.0000000000,9.0000000000,1.0000000000,0.9127185688
0.2870000000,0.0000000000,0.9159263449,3.2771473864,0.7081081081,0.5963503378,25.0000000000,25.0000000000,9.0000000000,1.0000000000,0.9157865304
0.2880000000,0.0000000000,0.9192034923,3.2771473864,0.7081081081,0.5963503378,25.0000000000,25.0000000000,9.0000000000,1.0000000000,0.9188544919
0.2890000000,0.0000000000,0.9224806396,3.2771473864,0.7081081081,0.5963503378,25.0000000000,25.0000000000,9.0000000000,1.0000000000,0.9219224535
0.2900000000,0.0000000000,0.9257577870,3.2771473864,0.7081081081,0.5963503378,25.0000000000,25.0000000000,9.0000000000,1.0000000000,0.9265243959
0.2910000000,0.0000000000,0.9290349344,3.2771473864,0.7081081081,0.5963503378,25.0000000000,25.0000000000,9.0000000000,1.0000000000,0.9295923575
0.2920000000,0.0000000000,0.9323120818,3.2771473864,0.7081081081,0.5963503378,25.0000000000,25.0000000000,9.0000000000,1.0000000000,0.9326603190
0.2930000000,0.0000000000,0.9355892292,3.2771473864,0.7081081081,0.5963503378,25.0000000000,25.0000000000,9.0000000000,1.0000000000,0.9357282806
0.2940000000,0.0000000000,0.9388663766,3.2771473864,0.7081081081,0.5963503378,25.0000000000,25.0000000000,9.0000000000,1.0000000000,0.9387962422
0.2950000000,0.0000000000,0.9421435240,3.2771473864,0.7081081081,0.5963503378,25.0000000000,25.0000000000,9.0000000000,1.0000000000,0.9418642038
0.2960000000,0.0000000000,0.9454206714,3.2771473864,0.7081081081,0.5963503378,25.0000000000,25.0000000000,9.0000000000,1.0000000000,0.9449321653
0.2970000000,0.0000000000,0.9486978187,3.2771473864,0.7081081081,0.5963503378,25.0000000000,25.0000000000,9.0000000000,1.0000000000,0.9480001269
0.2980000000,0.0000000000,0.9519749661,3.2771473864,0.7081081081,0.5963503378,25.0000000000,25.0000000000,9.0000000000,1.0000000000,0.9526020693
0.2990000000,0.0000000000,0.9552521135,3.2771473864,0.7081081081,0.5963503378,25.0000000000,25.0000000000,9.0000000000,1.0000000000,0.9556700309
0.3000000000,0.0000000000,0.9585292609,3.2771473864,0.7081081081,0.5963503378,25.0000000000,25.0000000000,9.0000000000,1.0000000000,0.9587379924
0.3010000000,0.0000000000,0.9618064083,3.2771473864,0.7081081081,0.5963503378,25.0000000000,25.0000000000,9.0000000000,1.0000000000,0.9618059540
0.3020000000,0.0000000000,0.9650835557,3.2771473864,0.7081081081,0.5963503378,25.0000000000,25.0000000000,9.0000000000,1.0000000000,0.9648739156
0.3030000000,0.0000000000,0.9683607031,3.2771473864,0.7081081081,0.5963503378,25.0000000000,25.0000000000,9.0000000000,1.0000000000,0.9679418772
0.3040000000,0.0000000000,0.9716378504,3.2771473864,0.7081081081,0.5963503378,25.0000000000,25.0000000000,9.0000000000,1.0000000000,0.9710098387
0.3050000000,0.0000000000,0.9749149978,3.2771473864,0.7081081081,0.5963503378,25.0000000000,25.0000000000,9.0000000000,1.0000000000,0.9756117811
0.3060000000,0.0000000000,0.9781921452,3.2771473864,0.7081081081,0.5963503378,25.0000000000,25.0000000000,9.0000000000,1.0000000000,0.9786797427
0.3070000000,0.0000000000,0.9814692926,3.2771473864,0.7081081081,0.5963503378,25.0000000000,25.0000000000,9.0000000000,1.0000000000,0.9817477042
0.3080000000,0.0000000000,0.9847464400,3.2771473864,0.7081081081,0.5963503378,25.0000000000,25.0000000000,9.0000000000,1.0000000000,0.9848156658
0.3090000000,0.0000000000,0.9880235874,3.2771473864,0.7081081081,0.5963503378,25.0000000000,25.0000000000,9.0000000000,1.0000000000,0.9878836274
0.3100000000,0.0000000000,0.9913007348,3.2771473864,0.7081081081,0.5963503378,25.0000000000,25.0000000000,9.0000000000,1.0000000000,0.9909515890
0.3110000000,0.0000000000,0.9945778821,3.2771473864,0.7081081081,0.5963503378,25.0000000000,25.0000000000,9.0000000000,1.0000000000,0.9940195505
0.3120000000,0.0000000000,0.9978550295,3.2771473864,0.7081081081,0.5963503378,25.0000000000,25.0000000000,9.0000000000,1.0000000000,0.9986214929
0.3130000000,0.0000000000,1.0011321769,3.2771473864,0.7081081081,0.5963503378,25.0000000000,25.0000000000,9.0000000000,1.0000000000,1.0016894545
0.3140000000,0.0000000000,1.0044093243,3.2771473864,0.7081081081,0.5963503378,25.0000000000,25.0000000000,9.0000000000,1.0000000000,1.0047574161
0.3150000000,0.0000000000,1.0076864717,3.2771473864,0.7081081081,0.5963503378,25.0000000000,25.0000000000,9.0000000000,1.0000000000,1.0078253776
0.3160000000,0.0000000000,1.0109636191,3.2771473864,0.7081081081,0.5963503378,25.0000000000,25.0000000000,9.0000000000,1.0000000000,1.0108933392
0.3170000000,0.0000000000,1.0142407665,3.2771473864,0.7081081081,0.5963503378,25.0000000000,25.0000000000,9.0000000000,1.0000000000,1.0139613008
0.3180000000,0.0000000000,1.0175179139,3.2771473864,0.7081081081,0.5963503378,25.0000000000,25.0000000000,9.0000000000,1.0000000000,1.0170292624
0.3190000000,0.0000000000,1.0207950612,3.2771473864,0.7081081081,0.5963503378,25.0000000000,25.0000000000,9.0000000000,1.0000000000,1.0200972239
0.3200000000,0.0000000000,1.0240722086,3.2771473864,0.7081081081,0.5963503378,25.0000000000,25.0000000000,9.0000000000,1.0000000000,1.0246991663
0.3210000000,0.0000000000,1.0273493560,3.2771473864,0.7081081081,0.5963503378,25.0000000000,25.0000000000,9.0000000000,1.0000000000,1.0277671279
0.3220000000,0.0000000000,1.0306265034,3.2771473864,0.7081081081,0.5963503378,25.0000000000,25.0000000000,9.0000000000,1.0000000000,1.0308350895
0.3230000000,0.0000000000,1.0339036508,3.2771473864,0.7081081081,0.5963503378,25.0000000000,25.0000000000,9.0000000000,1.0000000000,1.0339030510
0.3240000000,0.0000000000,1.0371807982,3.2771473864,0.7081081081,0.5963503378,25.0000000000,25.0000000000,9.0000000000,1.0000000000,1.0369710126
0.3250000000,0.0000000000,1.0404579456,3.2771473864,0.7081081081,0.5963503378,25.0000000000,25.0000000000,9.0000000000,1.0000000000,1.0400389742
0.3260000000,0.0000000000,1.0437350929,3.2771473864,0.7081081081,0.5963503378,25.0000000000,25.0000000000,9.0000000000,1.0000000000,1.0431069358
0.3270000000,0.0000000000,1.0470122403,3.2771473864,0.7081081081,0.5963503378,25.0000000000,25.0000000000,9.0000000000,1.0000000000,1.0477088781
0.3280000000,0.0000000000,1.0502893877,3.2771473864,0.7081081081,0.5963503378,25.0000000000,25.0000000000,9.0000000000,1.0000000000,1.0507768397
0.3290000000,0.0000000000,1.0535665351,3.2771473864,0.7081081081,0.5963503378,25.0000000000,25.0000000000,9.0000000000,1.0000000000,1.0538448013
0.3300000000,0.0000000000,1.0568436825,3.2771473864,0.7081081081,0.5963503378,25.0000000000,25.0000000000,9.0000000000,1.0000000000,1.0569127629
0.3310000000,0.0000000000,1.0601208299,3.2771473864,0.7081081081,0.5963503378,25.0000000000,25.0000000000,9.0000000000,1.0000000000,1.0599807244
0.3320000000,0.0000000000,1.0633979773,3.2771473864,0.7081081081,0.5963503378,25.0000000000,25.0000000000,9.0000000000,1.0000000000,1.0630486860
0.3330000000,0.0000000000,1.0666751247,3.2771473864,0.7081081081,0.5963503378,25.0000000000,25.0000000000,9.0000000000,1.0000000000,1.0661166476
0.3340000000,0.0000000000,1.0699522720,3.2771473864,0.7081081081,0.5963503378,25.0000000000,25.0000000000,9.0000000000,1.0000000000,1.0707185899
0.3350000000,0.0000000000,1.0732294194,3.2771473864,0.7081081081,0.5963503378,25.0000000000,25.0000000000,9.0000000000,1.0000000000,1.0737865515
0.3360000000,0.0000000000,1.0765065668,3.2771473864,0.7081081081,0.5963503378,25.0000000000,25.0000000000,9.0000000000,1.0000000000,1.0768545131
0.3370000000,0.0000000000,1.0797837142,3.2771473864,0.7081081081,0.5963503378,25.0000000000,25.0000000000,9.0000000000,1.0000000000,1.0799224747
0.3380000000,0.0000000000,1.0830608616,3.2771473864,0.7081081081,0.5963503378,25.0000000000,25.0000000000,9.0000000000,1.0000000000,1.0829904362
0.3390000000,0.0000000000,1.0863380090,3.2771473864,0.7081081081,0.5963503378,25.0000000000,25.0000000000,9.0000000000,1.0000000000,1.0860583978
0.3400000000,0.0000000000,1.0896151564,3.2771473864,0.7081081081,0.5963503378,25.0000000000,25.0000000000,9.0000000000,1.0000000000,1.0891263594
0.3410000000,0.0000000000,1.0928923037,3.2771473864,0.7081081081,0.5963503378,25.0000000000,25.0000000000,9.0000000000,1.0000000000,1.0921943210
0.3420000000,0.0000000000,1.0961694511,3.2771473864,0.7081081081,0.5963503378,25.0000000000,25.0000000000,9.0000000000,1.0000000000,1.0967962633
0.3430000000,0.0000000000,1.0994465985,3.2771473864,0.7081081081,0.5963503378,25.0000000000,25.0000000000,9.0000000000,1.0000000000,1.0998642249
0.3440000000,0.0000000000,1.1027237459,3.2771473864,0.7081081081,0.5963503378,25.0000000000,25.0000000000,9.0000000000,1.0000000000,1.1029321865
0.3450000000,0.0000000000,1.1060008933,3.2771473864,0.7081081081,0.5963503378,25.0000000000,25.0000000000,9.0000000000,1.0000000000,1.1060001481
0.3460000000,0.0000000000,1.1092780407,3.2771473864,0.7081081081,0.5963503378,25.0000000000,25.0000000000,9.0000000000,1.0000000000,1.1090681096
0.3470000000,0.0000000000,1.1125551881,3.2771473864,0.7081081081,0.5963503378,25.0000000000,25.0000000000,9.0000000000,1.0000000000,1.1121360712
0.3480000000,0.0000000000,1.1158323354,3.2771473864,0.7081081081,0.5963503378,25.0000000000,25.0000000000,9.0000000000,1.0000000000,1.1152040328
0.3490000000,0.0000000000,1.1191094828,3.2771473864,0.7081081081,0.5963503378,25.0000000000,25.0000000000,9.0000000000,1.0000000000,1.1198059752
0.3500000000,0.0000000000,1.1223866302,3.2771473864,0.7081081081,0.5963503378,25.0000000000,25.0000000000,9.0000000000,1.0000000000,1.1228739367
0.3510000000,0.0000000000,1.1256637776,3.2771473864,0.7081081081,0.5963503378,25.0000000000,25.0000000000,9.0000000000,1.0000000000,1.1259418983
0.3520000000,0.0000000000,1.1289409250,3.2771473864,0.7081081081,0.5963503378,25.0000000000,25.0000000000,9.0000000000,1.0000000000,1.1290098599
0.3530000000,0.0000000000,1.1322180724,3.2771473864,0.7081081081,0.5963503378,25.0000000000,25.0000000000,9.0000000000,1.0000000000,1.1320778215
0.3540000000,0.0000000000,1.1354952198,3.2771473864,0.7081081081,0.5963503378,25.0000000000,25.0000000000,9.0000000000,1.0000000000,1.1351457830
0.3550000000,0.0000000000,1.1387723672,3.2771473864,0.7081081081,0.5963503378,25.0000000000,25.0000000000,9.0000000000,1.0000000000,1.1382137446
0.3560000000,0.0000000000,1.1420495145,3.2771473864,0.7081081081,0.5963503378,25.0000000000,25.0000000000,9.0000000000,1.0000000000,1.1428156870
0.3570000000,0.0000000000,1.1453266619,3.2771473864,0.7081081081,0.5963503378,25.0000000000,25.0000000000,9.0000000000,1.0000000000,1.1458836486
0.3580000000,0.0000000000,1.1486038093,3.2771473864,0.7081081081,0.5963503378,25.0000000000,25.0000000000,9.0000000000,1.0000000000,1.1489516101
0.3590000000,0.0000000000,1.1518809567,3.2771473864,0.7081081081,0.5963503378,25.0000000000,25.0000000000,9.0000000000,1.0000000000,1.1520195717
0.3600000000,0.0000000000,1.1551581041,3.2771473864,0.7081081081,0.5963503378,25.0000000000,25.0000000000,9.0000000000,1.0000000000,1.1550875333
0.3610000000,0.0000000000,1.1584352515,3.2771473864,0.7081081081,0.5963503378,25.0000000000,25.0000000000,9.0000000000,1.0000000000,1.1581554949
0.3620000000,0.0000000000,1.1617123989,3.2771473864,0.7081081081,0.5963503378,25.0000000000,25.0000000000,9.0000000000,1.0000000000,1.1612234564
0.3630000000,0.0000000000,1.1649895462,3.2771473864,0.7081081081,0.5963503378,25.0000000000,25.0000000000,9.0000000000,1.0000000000,1.1642914180
0.3640000000,0.0000000000,1.1682666936,3.2771473864,0.7081081081,0.5963503378,25.0000000000,25.0000000000,9.0000000000,1.0000000000,1.1688933604
0.3650000000,0.0000000000,1.1715438410,3.2771473864,0.7081081081,0.5963503378,25.0000000000,25.0000000000,9.0000000000,1.0000000000,1.1719613219
0.3660000000,0.0000000000,1.1748209884,3.2771473864,0.7081081081,0.5963503378,25.0000000000,25.0000000000,9.0000000000,1.0000000000,1.1750292835
0.3670000000,0.0000000000,1.1780981358,3.2771473864,0.7081081081,0.5963503378,25.0000000000,25.0000000000,9.0000000000,1.0000000000,1.1780972451
0.3680000000,0.0000000000,1.1813752832,3.2771473864,0.7081081081,0.5963503378,25.0000000000,25.0000000000,9.0000000000,1.0000000000,1.1811652067
0.3690000000,0.0000000000,1.1846524306,3.2771473864,0.7081081081,0.5963503378,25.0000000000,25.0000000000,9.0000000000,1.0000000000,1.1842331682
0.3700000000,0.0000000000,1.1879295779,3.2771473864,0.7081081081,0.5963503378,25.0000000000,25.0000000000,9.0000000000,1.0000000000,1.1873011298
0.3710000000,0.0000000000,1.1912067253,3.2771473864,0.7081081081,0.5963503378,25.0000000000,25.0000000000,9.0000000000,1.0000000000,1.1919030722
0.3720000000,0.0000000000,1.1944838727,3.2771473864,0.7081081081,0.5963503378,25.0000000000,25.0000000000,9.0000000000,1.0000000000,1.1949710338
0.3730000000,0.0000000000,1.1977610201,3.2771473864,0.7081081081,0.5963503378,25.0000000000,25.0000000000,9.0000000000,1.0000000000,1.1980389953
0.3740000000,0.0000000000,1.2010381675,3.2771473864,0.7081081081,0.5963503378,25.0000000000,25.0000000000,9.0000000000,1.0000000000,1.2011069569
0.3750000000,0.0000000000,1.2043153149,3.2771473864,0.7081081081,0.5963503378,25.0000000000,25.0000000000,9.0000000000,1.0000000000,1.2041749185
0.3760000000,0.0000000000,1.2075924623,3.2771473864,0.7081081081,0.5963503378,25.0000000000,25.0000000000,9.0000000000,1.0000000000,1.2072428801
0.3770000000,0.0000000000,1.2108696097,3.2771473864,0.7081081081,0.5963503378,25.0000000000,25.0000000000,9.0000000000,1.0000000000,1.2103108416
0.3780000000,0.0000000000,1.2141467570,3.2771473864,0.7081081081,0.5963503378,25.0000000000,25.0000000000,9.0000000000,1.0000000000,1.2149127840
0.3790000000,0.0000000000,1.2174239044,3.2771473864,0.7081081081,0.5963503378,25.0000000000,25.0000000000,9.0000000000,1.0000000000,1.2179807456
0.3800000000,0.0000000000,1.2207010518,3.2771473864,0.7081081081,0.5963503378,25.0000000000,25.0000000000,9.0000000000,1.0000000000,1.2210487072
0.3810000000,0.0000000000,1.2239781992,3.2771473864,0.7081081081,0.5963503378,25.0000000000,25.0000000000,9.0000000000,1.0000000000,1.2241166687
0.3820000000,0.0000000000,1.2272553466,3.2771473864,0.7081081081,0.5963503378,25.0000000000,25.0000000000,9.0000000000,1.0000000000,1.2271846303
0.3830000000,0.0000000000,1.2305324940,3.2771473864,0.7081081081,0.5963503378,25.0000000000,25.0000000000,9.0000000000,1.0000000000,1.2302525919
0.3840000000,0.0000000000,1.2338096414,3.2771473864,0.7081081081,0.5963503378,25.0000000000,25.0000000000,9.0000000000,1.0000000000,1.2333205535
0.3850000000,0.0000000000,1.2370867887,3.2771473864,0.7081081081,0.5963503378,25.0000000000,25.0000000000,9.0000000000,1.0000000000,1.2363885150
0.3860000000,0.0000000000,1.2403639361,3.2771473864,0.7081081081,0.5963503378,25.0000000000,25.0000000000,9.0000000000,1.0000000000,1.2409904574
0.3870000000,0.0000000000,1.2436410835,3.2771473864,0.7081081081,0.5963503378,25.0000000000,25.0000000000,9.0000000000,1.0000000000,1.2440584190
0.3880000000,0.0000000000,1.2469182309,3.2771473864,0.7081081081,0.5963503378,25.0000000000,25.0000000000,9.0000000000,1.0000000000,1.2471263806
0.3890000000,0.0000000000,1.2501953783,3.2771473864,0.7081081081,0.5963503378,25.0000000000,25.0000000000,9.0000000000,1.0000000000,1.2501943421
0.3900000000,0.0000000000,1.2534725257,3.2771473864,0.7081081081,0.5963503378,25.0000000000,25.0000000000,9.0000000000,1.0000000000,1.2532623037
0.3910000000,0.0000000000,1.2567496731,3.2771473864,0.7081081081,0.5963503378,25.0000000000,25.0000000000,9.0000000000,1.0000000000,1.2563302653
0.3920000000,0.0000000000,1.2600268204,3.2771473864,0.7081081081,0.5963503378,25.0000000000,25.0000000000,9.0000000000,1.0000000000,1.2593982269
0.3930000000,0.0000000000,1.2633039678,3.2771473864,0.7081081081,0.5963503378,25.0000000000,25.0000000000,9.0000000000,1.0000000000,1.2640001692
0.3940000000,0.0000000000,1.2665811152,3.2771473864,0.7081081081,0.5963503378,25.0000000000,25.0000000000,9.0000000000,1.0000000000,1.2670681308
0.3950000000,0.0000000000,1.2698582626,3.2771473864,0.7081081081,0.5963503378,25.0000000000,25.0000000000,9.0000000000,1.0000000000,1.2701360924
0.3960000000,0.0000000000,1.2731354100,3.2771473864,0.7081081081,0.5963503378,25.0000000000,25.0000000000,9.0000000000,1.0000000000,1.2732040539
0.3970000000,0.0000000000,1.2764125574,3.2771473864,0.7081081081,0.5963503378,25.0000000000,25.0000000000,9.0000000000,1.0000000000,1.2762720155
0.3980000000,0.0000000000,1.2796897048,3.2771473864,0.7081081081,0.5963503378,25.0000000000,25.0000000000,9.0000000000,1.0000000000,1.2793399771
0.3990000000,0.0000000000,1.2829668522,3.2771473864,0.7081081081,0.5963503378,25.0000000000,25.0000000000,9.0000000000,1.0000000000,1.2824079387
0.4000000000,0.0000000000,1.2862439995,3.2771473864,0.7081081081,0.5963503378,25.0000000000,25.0000000000,9.0000000000,1.0000000000,1.2870098810
0.4010000000,0.0000000000,1.2895211469,3.2771473864,0.7081081081,0.5963503378,25.0000000000,25.0000000000,9.0000000000,1.0000000000,1.2900778426
0.4020000000,0.0000000000,1.2927982943,3.2771473864,0.7081081081,0.5963503378,25.0000000000,25.0000000000,9.0000000000,1.0000000000,1.2931458042
0.4030000000,0.0000000000,1.2960754417,3.2771473864,0.7081081081,0.5963503378,25.0000000000,25.0000000000,9.0000000000,1.0000000000,1.2962137658
0.4040000000,0.0000000000,1.2993525891,3.2771473864,0.7081081081,0.5963503378,25.0000000000,25.0000000000,9.0000000000,1.0000000000,1.2992817273
0.4050000000,0.0000000000,1.3026297365,3.2771473864,0.7081081081,0.5963503378,25.0000000000,25.0000000000,9.0000000000,1.0000000000,1.3023496889
0.4060000000,0.0000000000,1.3059068839,3.2771473864,0.7081081081,0.5963503378,25.0000000000,25.0000000000,9.0000000000,1.0000000000,1.3054176505
0.4070000000,0.0000000000,1.3091840312,3.2771473864,0.7081081081,0.5963503378,25.0000000000,25.0000000000,9.0000000000,1.0000000000,1.3084856121
0.4080000000,0.0000000000,1.3124611786,3.2771473864,0.7081081081,0.5963503378,25.0000000000,25.0000000000,9.0000000000,1.0000000000,1.3130875544
0.4090000000,0.0000000000,1.3157383260,3.2771473864,0.7081081081,0.5963503378,25.0000000000,25.0000000000,9.0000000000,1.0000000000,1.3161555160
0.4100000000,0.0000000000,1.3190154734,3.2771473864,0.7081081081,0.5963503378,25.0000000000,25.0000000000,9.0000000000,1.0000000000,1.3192234776
0.4110000000,0.0000000000,1.3222926208,3.2771473864,0.7081081081,0.5963503378,25.0000000000,25.0000000000,9.0000000000,1.0000000000,1.3222914392
0.4120000000,0.0000000000,1.3255697682,3.2771473864,0.7081081081,0.5963503378,25.0000000000,25.0000000000,9.0000000000,1.0000000000,1.3253594007
0.4130000000,0.0000000000,1.3288469156,3.2771473864,0.7081081081,0.5963503378,25.0000000000,25.0000000000,9.0000000000,1.0000000000,1.3284273623
0.4140000000,0.0000000000,1.3321240629,3.2771473864,0.7081081081,0.5963503378,25.0000000000,25.0000000000,9.0000000000,1.0000000000,1.3314953239
0.4150000000,0.0000000000,1.3354012103,3.2771473864,0.7081081081,0.5963503378,25.0000000000,25.0000000000,9.0000000000,1.0000000000,1.3360972662
0.4160000000,0.0000000000,1.3386783577,3.2771473864,0.7081081081,0.5963503378,25.0000000000,25.0000000000,9.0000000000,1.0000000000,1.3391652278
0.4170000000,0.0000000000,1.3419555051,3.2771473864,0.7081081081,0.5963503378,25.0000000000,25.0000000000,9.0000000000,1.0000000000,1.3422331894
0.4180000000,0.0000000000,1.3452326525,3.2771473864,0.7081081081,0.5963503378,25.0000000000,25.0000000000,9.0000000000,1.0000000000,1.3453011510
0.4190000000,0.0000000000,1.3485097999,3.2771473864,0.7081081081,0.5963503378,25.0000000000,25.0000000000,9.0000000000,1.0000000000,1.3483691126
0.4200000000,0.0000000000,1.3517869473,3.2771473864,0.7081081081,0.5963503378,25.0000000000,25.0000000000,9.0000000000,1.0000000000,1.3514370741
0.4210000000,0.0000000000,1.3550640947,3.2771473864,0.7081081081,0.5963503378,25.0000000000,25.0000000000,9.0000000000,1.0000000000,1.3545050357
0.4220000000,0.0000000000,1.3583412420,3.2771473864,0.7081081081,0.5963503378,25.0000000000,25.0000000000,9.0000000000,1.0000000000,1.3591069781
0.4230000000,0.0000000000,1.3616183894,3.2771473864,0.7081081081,0.5963503378,25.0000000000,25.0000000000,9.0000000000,1.0000000000,1.3621749396
0.4240000000,0.0000000000,1.3648955368,3.2771473864,0.7081081081,0.5963503378,25.0000000000,25.0000000000,9.0000000000,1.0000000000,1.3652429012
0.4250000000,0.0000000000,1.3681726842,3.2771473864,0.7081081081,0.5963503378,25.0000000000,25.0000000000,9.0000000000,1.0000000000,1.3683108628
0.4260000000,0.0000000000,1.3714498316,3.2771473864,0.7081081081,0.5963503378,25.0000000000,25.0000000000,9.0000000000,1.0000000000,1.3713788244
0.4270000000,0.0000000000,1.3747269790,3.2771473864,0.7081081081,0.5963503378,25.0000000000,25.0000000000,9.0000000000,1.0000000000,1.3744467859
0.4280000000,0.0000000000,1.3780041264,3.2771473864,0.7081081081,0.5963503378,25.0000000000,25.0000000000,9.0000000000,1.0000000000,1.3775147475
0.4290000000,0.0000000000,1.3812812737,3.2771473864,0.7081081081,0.5963503378,25.0000000000,25.0000000000,9.0000000000,1.0000000000,1.3805827091
0.4300000000,0.0000000000,1.3845584211,3.2771473864,0.7081081081,0.5963503378,25.0000000000,25.0000000000,9.0000000000,1.0000000000,1.3851846515
0.4310000000,0.0000000000,1.3878355685,3.2771473864,0.7081081081,0.5963503378,25.0000000000,25.0000000000,9.0000000000,1.0000000000,1.3882526130
0.4320000000,0.0000000000,1.3911127159,3.2771473864,0.7081081081,0.5963503378,25.0000000000,25.0000000000,9.0000000000,1.0000000000,1.3913205746
0.4330000000,0.0000000000,1.3943898633,3.2771473864,0.7081081081,0.5963503378,25.0000000000,25.0000000000,9.0000000000,1.0000000000,1.3943885362
0.4340000000,0.0000000000,1.3976670107,3.2771473864,0.7081081081,0.5963503378,25.0000000000,25.0000000000,9.0000000000,1.0000000000,1.3974564978
0.4350000000,0.0000000000,1.4009441581,3.2771473864,0.7081081081,0.5963503378,25.0000000000,25.0000000000,9.0000000000,1.0000000000,1.4005244593
0.4360000000,0.0000000000,1.4042213054,3.2771473864,0.7081081081,0.5963503378,25.0000000000,25.0000000000,9.0000000000,1.0000000000,1.4035924209
0.4370000000,0.0000000000,1.4074984528,3.2771473864,0.7081081081,0.5963503378,25.0000000000,25.0000000000,9.0000000000,1.0000000000,1.4081943633
0.4380000000,0.0000000000,1.4107756002,3.2771473864,0.7081081081,0.5963503378,25.0000000000,25.0000000000,9.0000000000,1.0000000000,1.4112623249
0.4390000000,0.0000000000,1.4140527476,3.2771473864,0.7081081081,0.5963503378,25.0000000000,25.0000000000,9.0000000000,1.0000000000,1.4143302864
0.4400000000,0.0000000000,1.4173298950,3.2771473864,0.7081081081,0.5963503378,25.0000000000,25.0000000000,9.0000000000,1.0000000000,1.4173982480
0.4410000000,0.0000000000,1.4206070424,3.2771473864,0.7081081081,0.5963503378,25.0000000000,25.0000000000,9.0000000000,1.0000000000,1.4204662096
0.4420000000,0.0000000000,1.4238841898,3.2771473864,0.7081081081,0.5963503378,25.0000000000,25.0000000000,9.0000000000,1.0000000000,1.4235341712
0.4430000000,0.0000000000,1.4271613372,3.2771473864,0.7081081081,0.5963503378,25.0000000000,25.0000000000,9.0000000000,1.0000000000,1.4266021327
0.4440000000,0.0000000000,1.4304384845,3.2771473864,0.7081081081,0.5963503378,25.0000000000,25.0000000000,9.0000000000,1.0000000000,1.4312040751
0.4450000000,0.0000000000,1.4337156319,3.2771473864,0.7081081081,0.5963503378,25.0000000000,25.0000000000,9.0000000000,1.0000000000,1.4342720367
0.4460000000,0.0000000000,1.4369927793,3.2771473864,0.7081081081,0.5963503378,25.0000000000,25.0000000000,9.0000000000,1.0000000000,1.4373399982
0.4470000000,0.0000000000,1.4402699267,3.2771473864,0.7081081081,0.5963503378,25.0000000000,25.0000000000,9.0000000000,1.0000000000,1.4404079598
0.4480000000,0.0000000000,1.4435470741,3.2771473864,0.7081081081,0.5963503378,25.0000000000,25.0000000000,9.0000000000,1.0000000000,1.4434759214
0.4490000000,0.0000000000,1.4468242215,3.2771473864,0.7081081081,0.5963503378,25.0000000000,25.0000000000,9.0000000000,1.0000000000,1.4465438830
0.4500000000,0.0000000000,1.4501013689,3.2771473864,0.7081081081,0.5963503378,25.0000000000,25.0000000000,9.0000000000,1.0000000000,1.4496118446
0.4510000000,0.0000000000,1.4533785162,3.2771473864,0.7081081081,0.5963503378,25.0000000000,25.0000000000,9.0000000000,1.0000000000,1.4526798061
0.4520000000,0.0000000000,1.4566556636,3.2771473864,0.7081081081,0.5963503378,25.0000000000,25.0000000000,9.0000000000,1.0000000000,1.4572817485
0.4530000000,0.0000000000,1.4599328110,3.2771473864,0.7081081081,0.5963503378,25.0000000000,25.0000000000,9.0000000000,1.0000000000,1.4603497101
0.4540000000,0.0000000000,1.4632099584,3.2771473864,0.7081081081,0.5963503378,25.0000000000,25.0000000000,9.0000000000,1.0000000000,1.4634176716
0.4550000000,0.0000000000,1.4664871058,3.2771473864,0.7081081081,0.5963503378,25.0000000000,25.0000000000,9.0000000000,1.0000000000,1.4664856332
0.4560000000,0.0000000000,1.4697642532,3.2771473864,0.7081081081,0.5963503378,25.0000000000,25.0000000000,9.0000000000,1.0000000000,1.4695535948
0.4570000000,0.0000000000,1.4730414006,3.2771473864,0.7081081081,0.5963503378,25.0000000000,25.0000000000,9.0000000000,1.0000000000,1.4726215564
0.4580000000,0.0000000000,1.4763185479,3.2771473864,0.7081081081,0.5963503378,25.0000000000,25.0000000000,9.0000000000,1.0000000000,1.4756895179
0.4590000000,0.0000000000,1.4795956953,3.2771473864,0.7081081081,0.5963503378,25.0000000000,25.0000000000,9.0000000000,1.0000000000,1.4802914603
0.4600000000,0.0000000000,1.4828728427,3.2771473864,0.7081081081,0.5963503378,25.0000000000,25.0000000000,9.0000000000,1.0000000000,1.4833594219
0.4610000000,0.0000000000,1.4861499901,3.2771473864,0.7081081081,0.5963503378,25.0000000000,25.0000000000,9.0000000000,1.0000000000,1.4864273835
0.4620000000,0.0000000000,1.4894271375,3.2771473864,0.7081081081,0.5963503378,25.0000000000,25.0000000000,9.0000000000,1.0000000000,1.4894953450
0.4630000000,0.0000000000,1.4927042849,3.2771473864,0.7081081081,0.5963503378,25.0000000000,25.0000000000,9.0000000000,1.0000000000,1.4925633066
0.4640000000,0.0000000000,1.4959814323,3.2771473864,0.7081081081,0.5963503378,25.0000000000,25.0000000000,9.0000000000,1.0000000000,1.4956312682
0.4650000000,0.0000000000,1.4992585797,3.2771473864,0.7081081081,0.5963503378,25.0000000000,25.0000000000,9.0000000000,1.0000000000,1.4986992298
0.4660000000,0.0000000000,1.5025357270,3.2771473864,0.7081081081,0.5963503378,25.0000000000,25.0000000000,9.0000000000,1.0000000000,1.5033011721
0.4670000000,0.0000000000,1.5058128744,3.2771473864,0.7081081081,0.5963503378,25.0000000000,25.0000000000,9.0000000000,1.0000000000,1.5063691337
0.4680000000,0.0000000000,1.5090900218,3.2771473864,0.7081081081,0.5963503378,25.0000000000,25.0000000000,9.0000000000,1.0000000000,1.5094370953
0.4690000000,0.0000000000,1.5123671692,3.2771473864,0.7081081081,0.5963503378,25.0000000000,25.0000000000,9.0000000000,1.0000000000,1.5125050569
0.4700000000,0.0000000000,1.5156443166,3.2771473864,0.7081081081,0.5963503378,25.0000000000,25.0000000000,9.0000000000,1.0000000000,1.5155730184
0.4710000000,0.0000000000,1.5189214640,3.2771473864,0.7081081081,0.5963503378,25.0000000000,25.0000000000,9.0000000000,1.0000000000,1.5186409800
0.4720000000,0.0000000000,1.5221986114,3.2771473864,0.7081081081,0.5963503378,25.0000000000,25.0000000000,9.0000000000,1.0000000000,1.5217089416
0.4730000000,0.0000000000,1.5254757587,3.2771473864,0.7081081081,0.5963503378,25.0000000000,25.0000000000,9.0000000000,1.0000000000,1.5247769032
0.4740000000,0.0000000000,1.5287529061,3.2771473864,0.7081081081,0.5963503378,25.0000000000,25.0000000000,9.0000000000,1.0000000000,1.5293788455
0.4750000000,0.0000000000,1.5320300535,3.2771473864,0.7081081081,0.5963503378,25.0000000000,25.0000000000,9.0000000000,1.0000000000,1.5324468071
0.4760000000,0.0000000000,1.5353072009,3.2771473864,0.7081081081,0.5963503378,25.0000000000,25.0000000000,9.0000000000,1.0000000000,1.5355147687
0.4770000000,0.0000000000,1.5385843483,3.2771473864,0.7081081081,0.5963503378,25.0000000000,25.0000000000,9.0000000000,1.0000000000,1.5385827302
0.4780000000,0.0000000000,1.5418614957,3.2771473864,0.7081081081,0.5963503378,25.0000000000,25.0000000000,9.0000000000,1.0000000000,1.5416506918
0.4790000000,0.0000000000,1.5451386431,3.2771473864,0.7081081081,0.5963503378,25.0000000000,25.0000000000,9.0000000000,1.0000000000,1.5447186534
0.4800000000,0.0000000000,1.5484157904,3.2771473864,0.7081081081,0.5963503378,25.0000000000,25.0000000000,9.0000000000,1.0000000000,1.5477866150
0.4810000000,0.0000000000,1.5516929378,3.2771473864,0.7081081081,0.5963503378,25.0000000000,25.0000000000,9.0000000000,1.0000000000,1.5523885573
0.4820000000,0.0000000000,1.5549700852,3.2771473864,0.7081081081,0.5963503378,25.0000000000,25.0000000000,9.0000000000,1.0000000000,1.5554565189
0.4830000000,0.0000000000,1.5582472326,3.2771473864,0.7081081081,0.5963503378,25.0000000000,25.0000000000,9.0000000000,1.0000000000,1.5585244805
0.4840000000,0.0000000000,1.5615243800,3.2771473864,0.7081081081,0.5963503378,25.0000000000,25.0000000000,9.0000000000,1.0000000000,1.5615924421
0.4850000000,0.0000000000,1.5648015274,3.2771473864,0.7081081081,0.5963503378,25.0000000000,25.0000000000,9.0000000000,1.0000000000,1.5646604036
0.4860000000,0.0000000000,1.5680786748,3.2771473864,0.7081081081,0.5963503378,25.0000000000,25.0000000000,9.0000000000,1.0000000000,1.5677283652
0.4870000000,0.0000000000,1.5713558222,3.2771473864,0.7081081081,0.5963503378,25.0000000000,25.0000000000,9.0000000000,1.0000000000,1.5707963268
0.4880000000,0.0000000000,1.5746329695,3.2771473864,0.7081081081,0.5963503378,25.0000000000,25.0000000000,9.0000000000,1.0000000000,1.5753982692
0.4890000000,0.0000000000,1.5779101169,3.2771473864,0.7081081081,0.5963503378,25.0000000000,25.0000000000,9.0000000000,1.0000000000,1.5784662307
0.4900000000,0.0000000000,1.5811872643,3.2771473864,0.7081081081,0.5963503378,25.0000000000,25.0000000000,9.0000000000,1.0000000000,1.5815341923
0.4910000000,0.0000000000,1.5844644117,3.2771473864,0.7081081081,0.5963503378,25.0000000000,25.0000000000,9.0000000000,1.0000000000,1.5846021539
0.4920000000,0.0000000000,1.5877415591,3.2771473864,0.7081081081,0.5963503378,25.0000000000,25.0000000000,9.0000000000,1.0000000000,1.5876701155
0.4930000000,0.0000000000,1.5910187065,3.2771473864,0.7081081081,0.5963503378,25.0000000000,25.0000000000,9.0000000000,1.0000000000,1.5907380770
0.4940000000,0.0000000000,1.5942958539,3.2771473864,0.7081081081,0.5963503378,25.0000000000,25.0000000000,9.0000000000,1.0000000000,1.5938060386
0.4950000000,0.0000000000,1.5975730012,3.2771473864,0.7081081081,0.5963503378,25.0000000000,25.0000000000,9.0000000000,1.0000000000,1.5968740002
0.4960000000,0.0000000000,1.6008501486,3.2771473864,0.7081081081,0.5963503378,25.0000000000,25.0000000000,9.0000000000,1.0000000000,1.6014759426
0.4970000000,0.0000000000,1.6041272960,3.2771473864,0.7081081081,0.5963503378,25.0000000000,25.0000000000,9.0000000000,1.0000000000,1.6045439041
0.4980000000,0.0000000000,1.6074044434,3.2771473864,0.7081081081,0.5963503378,25.0000000000,25.0000000000,9.0000000000,1.0000000000,1.6076118657
0.4990000000,0.0000000000,1.6106815908,3.2771473864,0.7081081081,0.5963503378,25.0000000000,25.0000000000,9.0000000000,1.0000000000,1.6106798273
0.5000000000,0.0000000000,1.6139587382,3.2771473864,0.7081081081,0.5963503378,25.0000000000,25.0000000000,9.0000000000,1.0000000000,1.6137477889
0.5010000000,0.0000000000,1.6172358856,3.2771473864,0.7081081081,0.5963503378,25.0000000000,25.0000000000,9.0000000000,1.0000000000,1.6168157504
0.5020000000,0.0000000000,1.6205130330,3.2771473864,0.7081081081,0.5963503378,25.0000000000,25.0000000000,9.0000000000,1.0000000000,1.6198837120
0.5030000000,0.0000000000,1.6237901803,3.2771473864,0.7081081081,0.5963503378,25.0000000000,25.0000000000,9.0000000000,1.0000000000,1.6244856544
0.5040000000,0.0000000000,1.6270673277,3.2771473864,0.7081081081,0.5963503378,25.0000000000,25.0000000000,9.0000000000,1.0000000000,1.6275536159
0.5050000000,0.0000000000,1.6303444751,3.2771473864,0.7081081081,0.5963503378,25.0000000000,25.0000000000,9.0000000000,1.0000000000,1.6306215775
0.5060000000,0.0000000000,1.6336216225,3.2771473864,0.7081081081,0.5963503378,25.0000000000,25.0000000000,9.0000000000,1.0000000000,1.6336895391
0.5070000000,0.0000000000,1.6368987699,3.2771473864,0.7081081081,0.5963503378,25.0000000000,25.0000000000,9.0000000000,1.0000000000,1.6367575007
0.5080000000,0.0000000000,1.6401759173,3.2771473864,0.7081081081,0.5963503378,25.0000000000,25.0000000000,9.0000000000,1.0000000000,1.6398254622
0.5090000000,0.0000000000,1.6434530647,3.2771473864,0.7081081081,0.5963503378,25.0000000000,25.0000000000,9.0000000000,1.0000000000,1.6428934238
0.5100000000,0.0000000000,1.6467302120,3.2771473864,0.7081081081,0.5963503378,25.0000000000,25.0000000000,9.0000000000,1.0000000000,1.6474953662
0.5110000000,0.0000000000,1.6500073594,3.2771473864,0.7081081081,0.5963503378,25.0000000000,25.0000000000,9.0000000000,1.0000000000,1.6505633278
0.5120000000,0.0000000000,1.6532845068,3.2771473864,0.7081081081,0.5963503378,25.0000000000,25.0000000000,9.0000000000,1.0000000000,1.6536312893
0.5130000000,0.0000000000,1.6565616542,3.2771473864,0.7081081081,0.5963503378,25.0000000000,25.0000000000,9.0000000000,1.0000000000,1.6566992509
0.5140000000,0.0000000000,1.6598388016,3.2771473864,0.7081081081,0.5963503378,25.0000000000,25.0000000000,9.0000000000,1.0000000000,1.6597672125
0.5150000000,0.0000000000,1.6631159490,3.2771473864,0.7081081081,0.5963503378,25.0000000000,25.0000000000,9.0000000000,1.0000000000,1.6628351741
0.5160000000,0.0000000000,1.6663930964,3.2771473864,0.7081081081,0.5963503378,25.0000000000,25.0000000000,9.0000000000,1.0000000000,1.6659031356
0.5170000000,0.0000000000,1.6696702437,3.2771473864,0.7081081081,0.5963503378,25.0000000000,25.0000000000,9.0000000000,1.0000000000,1.6689710972
0.5180000000,0.0000000000,1.6729473911,3.2771473864,0.7081081081,0.5963503378,25.0000000000,25.0000000000,9.0000000000,1.0000000000,1.6735730396
0.5190000000,0.0000000000,1.6762245385,3.2771473864,0.7081081081,0.5963503378,25.0000000000,25.0000000000,9.0000000000,1.0000000000,1.6766410012
0.5200000000,0.0000000000,1.6795016859,3.2771473864,0.7081081081,0.5963503378,25.0000000000,25.0000000000,9.0000000000,1.0000000000,1.6797089627
0.5210000000,0.0000000000,1.6827788333,3.2771473864,0.7081081081,0.5963503378,25.0000000000,25.0000000000,9.0000000000,1.0000000000,1.6827769243
0.5220000000,0.0000000000,1.6860559807,3.2771473864,0.7081081081,0.5963503378,25.0000000000,25.0000000000,9.0000000000,1.0000000000,1.6858448859
0.5230000000,0.0000000000,1.6893331281,3.2771473864,0.7081081081,0.5963503378,25.0000000000,25.0000000000,9.0000000000,1.0000000000,1.6889128475
0.5240000000,0.0000000000,1.6926102755,3.2771473864,0.7081081081,0.5963503378,25.0000000000,25.0000000000,9.0000000000,1.0000000000,1.6919808090
0.5250000000,0.0000000000,1.6958874228,3.2771473864,0.7081081081,0.5963503378,25.0000000000,25.0000000000,9.0000000000,1.0000000000,1.6965827514
0.5260000000,0.0000000000,1.6991645702,3.2771473864,0.7081081081,0.5963503378,25.0000000000,25.0000000000,9.0000000000,1.0000000000,1.6996507130
0.5270000000,0.0000000000,1.7024417176,3.2771473864,0.7081081081,0.5963503378,25.0000000000,25.0000000000,9.0000000000,1.0000000000,1.7027186746
0.5280000000,0.0000000000,1.7057188650,3.2771473864,0.7081081081,0.5963503378,25.0000000000,25.0000000000,9.0000000000,1.0000000000,1.7057866361
0.5290000000,0.0000000000,1.7089960124,3.2771473864,0.7081081081,0.5963503378,25.0000000000,25.0000000000,9.0000000000,1.0000000000,1.7088545977
0.5300000000,0.0000000000,1.7122731598,3.2771473864,0.7081081081,0.5963503378,25.0000000000,25.0000000000,9.0000000000,1.0000000000,1.7119225593
0.5310000000,0.0000000000,1.7155503072,3.2771473864,0.7081081081,0.5963503378,25.0000000000,25.0000000000,9.0000000000,1.0000000000,1.7149905209
0.5320000000,0.0000000000,1.7188274545,3.2771473864,0.7081081081,0.5963503378,25.0000000000,25.0000000000,9.0000000000,1.0000000000,1.7195924632
0.5330000000,0.0000000000,1.7221046019,3.2771473864,0.7081081081,0.5963503378,25.0000000000,25.0000000000,9.0000000000,1.0000000000,1.7226604248
0.5340000000,0.0000000000,1.7253817493,3.2771473864,0.7081081081,0.5963503378,25.0000000000,25.0000000000,9.0000000000,1.0000000000,1.7257283864
0.5350000000,0.0000000000,1.7286588967,3.2771473864,0.7081081081,0.5963503378,25.0000000000,25.0000000000,9.0000000000,1.0000000000,1.7287963479
0.5360000000,0.0000000000,1.7319360441,3.2771473864,0.7081081081,0.5963503378,25.0000000000,25.0000000000,9.0000000000,1.0000000000,1.7318643095
0.5370000000,0.0000000000,1.7352131915,3.2771473864,0.7081081081,0.5963503378,25.0000000000,25.0000000000,9.0000000000,1.0000000000,1.7349322711
0.5380000000,0.0000000000,1.7384903389,3.2771473864,0.7081081081,0.5963503378,25.0000000000,25.0000000000,9.0000000000,1.0000000000,1.7380002327
0.5390000000,0.0000000000,1.7417674862,3.2771473864,0.7081081081,0.5963503378,25.0000000000,25.0000000000,9.0000000000,1.0000000000,1.7410681943
0.5400000000,0.0000000000,1.7450446336,3.2771473864,0.7081081081,0.5963503378,25.0000000000,25.0000000000,9.0000000000,1.0000000000,1.7456701366
0.5410000000,0.0000000000,1.7483217810,3.2771473864,0.7081081081,0.5963503378,25.0000000000,25.0000000000,9.0000000000,1.0000000000,1.7487380982
0.5420000000,0.0000000000,1.7515989284,3.2771473864,0.7081081081,0.5963503378,25.0000000000,25.0000000000,9.0000000000,1.0000000000,1.7518060598
0.5430000000,0.0000000000,1.7548760758,3.2771473864,0.7081081081,0.5963503378,25.0000000000,25.0000000000,9.0000000000,1.0000000000,1.7548740213
0.5440000000,0.0000000000,1.7581532232,3.2771473864,0.7081081081,0.5963503378,25.0000000000,25.0000000000,9.0000000000,1.0000000000,1.7579419829
0.5450000000,0.0000000000,1.7614303706,3.2771473864,0.7081081081,0.5963503378,25.0000000000,25.0000000000,9.0000000000,1.0000000000,1.7610099445
0.5460000000,0.0000000000,1.7647075180,3.2771473864,0.7081081081,0.5963503378,25.0000000000,25.0000000000,9.0000000000,1.0000000000,1.7640779061
0.5470000000,0.0000000000,1.7679846653,3.2771473864,0.7081081081,0.5963503378,25.0000000000,25.0000000000,9.0000000000,1.0000000000,1.7686798484
0.5480000000,0.0000000000,1.7712618127,3.2771473864,0.7081081081,0.5963503378,25.0000000000,25.0000000000,9.0000000000,1.0000000000,1.7717478100
0.5490000000,0.0000000000,1.7745389601,3.2771473864,0.7081081081,0.5963503378,25.0000000000,25.0000000000,9.0000000000,1.0000000000,1.7748157716
0.5500000000,0.0000000000,1.7778161075,3.2771473864,0.7081081081,0.5963503378,25.0000000000,25.0000000000,9.0000000000,1.0000000000,1.7778837332
0.5510000000,0.0000000000,1.7810932549,3.2771473864,0.7081081081,0.5963503378,25.0000000000,25.0000000000,9.0000000000,1.0000000000,1.7809516947
0.5520000000,0.0000000000,1.7843704023,3.2771473864,0.7081081081,0.5963503378,25.0000000000,25.0000000000,9.0000000000,1.0000000000,1.7840196563
0.5530000000,0.0000000000,1.7876475497,3.2771473864,0.7081081081,0.5963503378,25.0000000000,25.0000000000,9.0000000000,1.0000000000,1.7870876179
0.5540000000,0.0000000000,1.7909246970,3.2771473864,0.7081081081,0.5963503378,25.0000000000,25.0000000000,9.0000000000,1.0000000000,1.7916895603
0.5550000000,0.0000000000,1.7942018444,3.2771473864,0.7081081081,0.5963503378,25.0000000000,25.0000000000,9.0000000000,1.0000000000,1.7947575218
0.5560000000,0.0000000000,1.7974789918,3.2771473864,0.7081081081,0.5963503378,25.0000000000,25.0000000000,9.0000000000,1.0000000000,1.7978254834
0.5570000000,0.0000000000,1.8007561392,3.2771473864,0.7081081081,0.5963503378,25.0000000000,25.0000000000,9.0000000000,1.0000000000,1.8008934450
0.5580000000,0.0000000000,1.8040332866,3.2771473864,0.7081081081,0.5963503378,25.0000000000,25.0000000000,9.0000000000,1.0000000000,1.8039614066
0.5590000000,0.0000000000,1.8073104340,3.2771473864,0.7081081081,0.5963503378,25.0000000000,25.0000000000,9.0000000000,1.0000000000,1.8070293681
0.5600000000,0.0000000000,1.8105875814,3.2771473864,0.7081081081,0.5963503378,25.0000000000,25.0000000000,9.0000000000,1.0000000000,1.8100973297
0.5610000000,0.0000000000,1.8138647287,3.2771473864,0.7081081081,0.5963503378,25.0000000000,25.0000000000,9.0000000000,1.0000000000,1.8131652913
0.5620000000,0.0000000000,1.8171418761,3.2771473864,0.7081081081,0.5963503378,25.0000000000,25.0000000000,9.0000000000,1.0000000000,1.8177672336
0.5630000000,0.0000000000,1.8204190235,3.2771473864,0.7081081081,0.5963503378,25.0000000000,25.0000000000,9.0000000000,1.0000000000,1.8208351952
0.5640000000,0.0000000000,1.8236961709,3.2771473864,0.7081081081,0.5963503378,25.0000000000,25.0000000000,9.0000000000,1.0000000000,1.8239031568
0.5650000000,0.0000000000,1.8269733183,3.2771473864,0.7081081081,0.5963503378,25.0000000000,25.0000000000,9.0000000000,1.0000000000,1.8269711184
0.5660000000,0.0000000000,1.8302504657,3.2771473864,0.7081081081,0.5963503378,25.0000000000,25.0000000000,9.0000000000,1.0000000000,1.8300390799
0.5670000000,0.0000000000,1.8335276131,3.2771473864,0.7081081081,0.5963503378,25.0000000000,25.0000000000,9.0000000000,1.0000000000,1.8331070415
0.5680000000,0.0000000000,1.8368047605,3.2771473864,0.7081081081,0.5963503378,25.0000000000,25.0000000000,9.0000000000,1.0000000000,1.8361750031
0.5690000000,0.0000000000,1.8400819078,3.2771473864,0.7081081081,0.5963503378,25.0000000000,25.0000000000,9.0000000000,1.0000000000,1.8407769455
0.5700000000,0.0000000000,1.8433590552,3.2771473864,0.7081081081,0.5963503378,25.0000000000,25.0000000000,9.0000000000,1.0000000000,1.8438449070
0.5710000000,0.0000000000,1.8466362026,3.2771473864,0.7081081081,0.5963503378,25.0000000000,25.0000000000,9.0000000000,1.0000000000,1.8469128686
0.5720000000,0.0000000000,1.8499133500,3.2771473864,0.7081081081,0.5963503378,25.0000000000,25.0000000000,9.0000000000,1.0000000000,1.8499808302
0.5730000000,0.0000000000,1.8531904974,3.2771473864,0.7081081081,0.5963503378,25.0000000000,25.0000000000,9.0000000000,1.0000000000,1.8530487918
0.5740000000,0.0000000000,1.8564676448,3.2771473864,0.7081081081,0.5963503378,25.0000000000,25.0000000000,9.0000000000,1.0000000000,1.8561167533
0.5750000000,0.0000000000,1.8597447922,3.2771473864,0.7081081081,0.5963503378,25.0000000000,25.0000000000,9.0000000000,1.0000000000,1.8591847149
0.5760000000,0.0000000000,1.8630219395,3.2771473864,0.7081081081,0.5963503378,25.0000000000,25.0000000000,9.0000000000,1.0000000000,1.8637866573
0.5770000000,0.0000000000,1.8662990869,3.2771473864,0.7081081081,0.5963503378,25.0000000000,25.0000000000,9.0000000000,1.0000000000,1.8668546189
0.5780000000,0.0000000000,1.8695762343,3.2771473864,0.7081081081,0.5963503378,25.0000000000,25.0000000000,9.0000000000,1.0000000000,1.8699225804
0.5790000000,0.0000000000,1.8728533817,3.2771473864,0.7081081081,0.5963503378,25.0000000000,25.0000000000,9.0000000000,1.0000000000,1.8729905420
0.5800000000,0.0000000000,1.8761305291,3.2771473864,0.7081081081,0.5963503378,25.0000000000,25.0000000000,9.0000000000,1.0000000000,1.8760585036
0.5810000000,0.0000000000,1.8794076765,3.2771473864,0.7081081081,0.5963503378,25.0000000000,25.0000000000,9.0000000000,1.0000000000,1.8791264652
0.5820000000,0.0000000000,1.8826848239,3.2771473864,0.7081081081,0.5963503378,25.0000000000,25.0000000000,9.0000000000,1.0000000000,1.8821944267
0.5830000000,0.0000000000,1.8859619712,3.2771473864,0.7081081081,0.5963503378,25.0000000000,25.0000000000,9.0000000000,1.0000000000,1.8852623883
0.5840000000,0.0000000000,1.8892391186,3.2771473864,0.7081081081,0.5963503378,25.0000000000,25.0000000000,9.0000000000,1.0000000000,1.8898643307
0.5850000000,0.0000000000,1.8925162660,3.2771473864,0.7081081081,0.5963503378,25.0000000000,25.0000000000,9.0000000000,1.0000000000,1.8929322923
0.5860000000,0.0000000000,1.8957934134,3.2771473864,0.7081081081,0.5963503378,25.0000000000,25.0000000000,9.0000000000,1.0000000000,1.8960002538
0.5870000000,0.0000000000,1.8990705608,3.2771473864,0.7081081081,0.5963503378,25.0000000000,25.0000000000,9.0000000000,1.0000000000,1.8990682154
0.5880000000,0.0000000000,1.9023477082,3.2771473864,0.7081081081,0.5963503378,25.0000000000,25.0000000000,9.0000000000,1.0000000000,1.9021361770
0.5890000000,0.0000000000,1.9056248556,3.2771473864,0.7081081081,0.5963503378,25.0000000000,25.0000000000,9.0000000000,1.0000000000,1.9052041386
0.5900000000,0.0000000000,1.9089020030,3.2771473864,0.7081081081,0.5963503378,25.0000000000,25.0000000000,9.0000000000,1.0000000000,1.9082721001
0.5910000000,0.0000000000,1.9121791503,3.2771473864,0.7081081081,0.5963503378,25.0000000000,25.0000000000,9.0000000000,1.0000000000,1.9128740425
0.5920000000,0.0000000000,1.9154562977,3.2771473864,0.7081081081,0.5963503378,25.0000000000,25.0000000000,9.0000000000,1.0000000000,1.9159420041
0.5930000000,0.0000000000,1.9187334451,3.2771473864,0.7081081081,0.5963503378,25.0000000000,25.0000000000,9.0000000000,1.0000000000,1.9190099656
0.5940000000,0.0000000000,1.9220105925,3.2771473864,0.7081081081,0.5963503378,25.0000000000,25.0000000000,9.0000000000,1.0000000000,1.9220779272
0.5950000000,0.0000000000,1.9252877399,3.2771473864,0.7081081081,0.5963503378,25.0000000000,25.0000000000,9.0000000000,1.0000000000,1.9251458888
0.5960000000,0.0000000000,1.9285648873,3.2771473864,0.7081081081,0.5963503378,25.0000000000,25.0000000000,9.0000000000,1.0000000000,1.9282138504
0.5970000000,0.0000000000,1.9318420347,3.2771473864,0.7081081081,0.5963503378,25.0000000000,25.0000000000,9.0000000000,1.0000000000,1.9312818119
0.5980000000,0.0000000000,1.9351191820,3.2771473864,0.7081081081,0.5963503378,25.0000000000,25.0000000000,9.0000000000,1.0000000000,1.9358837543
0.5990000000,0.0000000000,1.9383963294,3.2771473864,0.7081081081,0.5963503378,25.0000000000,25.0000000000,9.0000000000,1.0000000000,1.9389517159
0.6000000000,0.0000000000,1.9416734768,3.2771473864,0.7081081081,0.5963503378,25.0000000000,25.0000000000,9.0000000000,1.0000000000,1.9420196775
0.6010000000,0.0000000000,1.9449506242,3.2771473864,0.7081081081,0.5963503378,25.0000000000,25.0000000000,9.0000000000,1.0000000000,1.9450876390
0.6020000000,0.0000000000,1.9482277716,3.2771473864,0.7081081081,0.5963503378,25.0000000000,25.0000000000,9.0000000000,1.0000000000,1.9481556006
0.6030000000,0.0000000000,1.9515049190,3.2771473864,0.7081081081,0.5963503378,25.0000000000,25.0000000000,9.0000000000,1.0000000000,1.9512235622
0.6040000000,0.0000000000,1.9547820664,3.2771473864,0.7081081081,0.5963503378,25.0000000000,25.0000000000,9.0000000000,1.0000000000,1.9542915238
0.6050000000,0.0000000000,1.9580592137,3.2771473864,0.7081081081,0.5963503378,25.0000000000,25.0000000000,9.0000000000,1.0000000000,1.9573594853
0.6060000000,0.0000000000,1.9613363611,3.2771473864,0.7081081081,0.5963503378,25.0000000000,25.0000000000,9.0000000000,1.0000000000,1.9619614277
0.6070000000,0.0000000000,1.9646135085,3.2771473864,0.7081081081,0.5963503378,25.0000000000,25.0000000000,9.0000000000,1.0000000000,1.9650293893
0.6080000000,0.0000000000,1.9678906559,3.2771473864,0.7081081081,0.5963503378,25.0000000000,25.0000000000,9.0000000000,1.0000000000,1.9680973509
0.6090000000,0.0000000000,1.9711678033,3.2771473864,0.7081081081,0.5963503378,25.0000000000,25.0000000000,9.0000000000,1.0000000000,1.9711653124
0.6100000000,0.0000000000,1.9744449507,3.2771473864,0.7081081081,0.5963503378,25.0000000000,25.0000000000,9.0000000000,1.0000000000,1.9742332740
0.6110000000,0.0000000000,1.9777220981,3.2771473864,0.7081081081,0.5963503378,25.0000000000,25.0000000000,9.0000000000,1.0000000000,1.9773012356
0.6120000000,0.0000000000,1.9809992455,3.2771473864,0.7081081081,0.5963503378,25.0000000000,25.0000000000,9.0000000000,1.0000000000,1.9803691972
0.6130000000,0.0000000000,1.9842763928,3.2771473864,0.7081081081,0.5963503378,25.0000000000,25.0000000000,9.0000000000,1.0000000000,1.9849711395
0.6140000000,0.0000000000,1.9875535402,3.2771473864,0.7081081081,0.5963503378,25.0000000000,25.0000000000,9.0000000000,1.0000000000,1.9880391011
0.6150000000,0.0000000000,1.9908306876,3.2771473864,0.7081081081,0.5963503378,25.0000000000,25.0000000000,9.0000000000,1.0000000000,1.9911070627
0.6160000000,0.0000000000,1.9941078350,3.2771473864,0.7081081081,0.5963503378,25.0000000000,25.0000000000,9.0000000000,1.0000000000,1.9941750243
0.6170000000,0.0000000000,1.9973849824,3.2771473864,0.7081081081,0.5963503378,25.0000000000,25.0000000000,9.0000000000,1.0000000000,1.9972429858
0.6180000000,0.0000000000,2.0006621298,3.2771473864,0.7081081081,0.5963503378,25.0000000000,25.0000000000,9.0000000000,1.0000000000,2.0003109474
0.6190000000,0.0000000000,2.0039392772,3.2771473864,0.7081081081,0.5963503378,25.0000000000,25.0000000000,9.0000000000,1.0000000000,2.0033789090
0.6200000000,0.0000000000,2.0072164245,3.2771473864,0.7081081081,0.5963503378,25.0000000000,25.0000000000,9.0000000000,1.0000000000,2.0079808513
0.6210000000,0.0000000000,2.0104935719,3.2771473864,0.7081081081,0.5963503378,25.0000000000,25.0000000000,9.0000000000,1.0000000000,2.0110488129
0.6220000000,0.0000000000,2.0137707193,3.2771473864,0.7081081081,0.5963503378,25.0000000000,25.0000000000,9.0000000000,1.0000000000,2.0141167745
0.6230000000,0.0000000000,2.0170478667,3.2771473864,0.7081081081,0.5963503378,25.0000000000,25.0000000000,9.0000000000,1.0000000000,2.0171847361
0.6240000000,0.0000000000,2.0203250141,3.2771473864,0.7081081081,0.5963503378,25.0000000000,25.0000000000,9.0000000000,1.0000000000,2.0202526976
0.6250000000,0.0000000000,2.0236021615,3.2771473864,0.7081081081,0.5963503378,25.0000000000,25.0000000000,9.0000000000,1.0000000000,2.0233206592
0.6260000000,0.0000000000,2.0268793089,3.2771473864,0.7081081081,0.5963503378,25.0000000000,25.0000000000,9.0000000000,1.0000000000,2.0263886208
0.6270000000,0.0000000000,2.0301564562,3.2771473864,0.7081081081,0.5963503378,25.0000000000,25.0000000000,9.0000000000,1.0000000000,2.0294565824
0.6280000000,0.0000000000,2.0334336036,3.2771473864,0.7081081081,0.5963503378,25.0000000000,25.0000000000,9.0000000000,1.0000000000,2.0340585247
0.6290000000,0.0000000000,2.0367107510,3.2771473864,0.7081081081,0.5963503378,25.0000000000,25.0000000000,9.0000000000,1.0000000000,2.0371264863
0.6300000000,0.0000000000,2.0399878984,3.2771473864,0.7081081081,0.5963503378,25.0000000000,25.0000000000,9.0000000000,1.0000000000,2.0401944479
0.6310000000,0.0000000000,2.0432650458,3.2771473864,0.7081081081,0.5963503378,25.0000000000,25.0000000000,9.0000000000,1.0000000000,2.0432624095
0.6320000000,0.0000000000,2.0465421932,3.2771473864,0.7081081081,0.5963503378,25.0000000000,25.0000000000,9.0000000000,1.0000000000,2.0463303710
0.6330000000,0.0000000000,2.0498193406,3.2771473864,0.7081081081,0.5963503378,25.0000000000,25.0000000000,9.0000000000,1.0000000000,2.0493983326
0.6340000000,0.0000000000,2.0530964880,3.2771473864,0.7081081081,0.5963503378,25.0000000000,25.0000000000,9.0000000000,1.0000000000,2.0524662942
0.6350000000,0.0000000000,2.0563736353,3.2771473864,0.7081081081,0.5963503378,25.0000000000,25.0000000000,9.0000000000,1.0000000000,2.0570682366
0.6360000000,0.0000000000,2.0596507827,3.2771473864,0.7081081081,0.5963503378,25.0000000000,25.0000000000,9.0000000000,1.0000000000,2.0601361981
0.6370000000,0.0000000000,2.0629279301,3.2771473864,0.7081081081,0.5963503378,25.0000000000,25.0000000000,9.0000000000,1.0000000000,2.0632041597
0.6380000000,0.0000000000,2.0662050775,3.2771473864,0.7081081081,0.5963503378,25.0000000000,25.0000000000,9.0000000000,1.0000000000,2.0662721213
0.6390000000,0.0000000000,2.0694822249,3.2771473864,0.7081081081,0.5963503378,25.0000000000,25.0000000000,9.0000000000,1.0000000000,2.0693400829
0.6400000000,0.0000000000,2.0727593723,3.2771473864,0.7081081081,0.5963503378,25.0000000000,25.0000000000,9.0000000000,1.0000000000,2.0724080444
0.6410000000,0.0000000000,2.0760365197,3.2771473864,0.7081081081,0.5963503378,25.0000000000,25.0000000000,9.0000000000,1.0000000000,2.0754760060
0.6420000000,0.0000000000,2.0793136670,3.2771473864,0.7081081081,0.5963503378,25.0000000000,25.0000000000,9.0000000000,1.0000000000,2.0800779484
0.6430000000,0.0000000000,2.0825908144,3.2771473864,0.7081081081,0.5963503378,25.0000000000,25.0000000000,9.0000000000,1.0000000000,2.0831459099
0.6440000000,0.0000000000,2.0858679618,3.2771473864,0.7081081081,0.5963503378,25.0000000000,25.0000000000,9.0000000000,1.0000000000,2.0862138715
0.6450000000,0.0000000000,2.0891451092,3.2771473864,0.7081081081,0.5963503378,25.0000000000,25.0000000000,9.0000000000,1.0000000000,2.0892818331
0.6460000000,0.0000000000,2.0924222566,3.2771473864,0.7081081081,0.5963503378,25.0000000000,25.0000000000,9.0000000000,1.0000000000,2.0923497947
0.6470000000,0.0000000000,2.0956994040,3.2771473864,0.7081081081,0.5963503378,25.0000000000,25.0000000000,9.0000000000,1.0000000000,2.0954177563
0.6480000000,0.0000000000,2.0989765514,3.2771473864,0.7081081081,0.5963503378,25.0000000000,25.0000000000,9.0000000000,1.0000000000,2.0984857178
0.6490000000,0.0000000000,2.1022536987,3.2771473864,0.7081081081,0.5963503378,25.0000000000,25.0000000000,9.0000000000,1.0000000000,2.1015536794
0.6500000000,0.0000000000,2.1055308461,3.2771473864,0.7081081081,0.5963503378,25.0000000000,25.0000000000,9.0000000000,1.0000000000,2.1061556218
0.6510000000,0.0000000000,2.1088079935,3.2771473864,0.7081081081,0.5963503378,25.0000000000,25.0000000000,9.0000000000,1.0000000000,2.1092235833
0.6520000000,0.0000000000,2.1120851409,3.2771473864,0.7081081081,0.5963503378,25.0000000000,25.0000000000,9.0000000000,1.0000000000,2.1122915449
0.6530000000,0.0000000000,2.1153622883,3.2771473864,0.7081081081,0.5963503378,25.0000000000,25.0000000000,9.0000000000,1.0000000000,2.1153595065
0.6540000000,0.0000000000,2.1186394357,3.2771473864,0.7081081081,0.5963503378,25.0000000000,25.0000000000,9.0000000000,1.0000000000,2.1184274681
0.6550000000,0.0000000000,2.1219165831,3.2771473864,0.7081081081,0.5963503378,25.0000000000,25.0000000000,9.0000000000,1.0000000000,2.1214954296
0.6560000000,0.0000000000,2.1251937305,3.2771473864,0.7081081081,0.5963503378,25.0000000000,25.0000000000,9.0000000000,1.0000000000,2.1245633912
0.6570000000,0.0000000000,2.1284708778,3.2771473864,0.7081081081,0.5963503378,25.0000000000,25.0000000000,9.0000000000,1.0000000000,2.1291653336
0.6580000000,0.0000000000,2.1317480252,3.2771473864,0.7081081081,0.5963503378,25.0000000000,25.0000000000,9.0000000000,1.0000000000,2.1322332952
0.6590000000,0.0000000000,2.1350251726,3.2771473864,0.7081081081,0.5963503378,25.0000000000,25.0000000000,9.0000000000,1.0000000000,2.1353012567
0.6600000000,0.0000000000,2.1383023200,3.2771473864,0.7081081081,0.5963503378,25.0000000000,25.0000000000,9.0000000000,1.0000000000,2.1383692183
0.6610000000,0.0000000000,2.1415794674,3.2771473864,0.7081081081,0.5963503378,25.0000000000,25.0000000000,9.0000000000,1.0000000000,2.1414371799
0.6620000000,0.0000000000,2.1448566148,3.2771473864,0.7081081081,0.5963503378,25.0000000000,25.0000000000,9.0000000000,1.0000000000,2.1445051415
0.6630000000,0.0000000000,2.1481337622,3.2771473864,0.7081081081,0.5963503378,25.0000000000,25.0000000000,9.0000000000,1.0000000000,2.1475731030
0.6640000000,0.0000000000,2.1514109095,3.2771473864,0.7081081081,0.5963503378,25.0000000000,25.0000000000,9.0000000000,1.0000000000,2.1521750454
0.6650000000,0.0000000000,2.1546880569,3.2771473864,0.7081081081,0.5963503378,25.0000000000,25.0000000000,9.0000000000,1.0000000000,2.1552430070
0.6660000000,0.0000000000,2.1579652043,3.2771473864,0.7081081081,0.5963503378,25.0000000000,25.0000000000,9.0000000000,1.0000000000,2.1583109686
0.6670000000,0.0000000000,2.1612423517,3.2771473864,0.7081081081,0.5963503378,25.0000000000,25.0000000000,9.0000000000,1.0000000000,2.1613789301
0.6680000000,0.0000000000,2.1645194991,3.2771473864,0.7081081081,0.5963503378,25.0000000000,25.0000000000,9.0000000000,1.0000000000,2.1644468917
0.6690000000,0.0000000000,2.1677966465,3.2771473864,0.7081081081,0.5963503378,25.0000000000,25.0000000000,9.0000000000,1.0000000000,2.1675148533
0.6700000000,0.0000000000,2.1710737939,3.2771473864,0.7081081081,0.5963503378,25.0000000000,25.0000000000,9.0000000000,1.0000000000,2.1705828149
0.6710000000,0.0000000000,2.1743509413,3.2771473864,0.7081081081,0.5963503378,25.0000000000,25.0000000000,9.0000000000,1.0000000000,2.1736507764
0.6720000000,0.0000000000,2.1776280886,3.2771473864,0.7081081081,0.5963503378,25.0000000000,25.0000000000,9.0000000000,1.0000000000,2.1782527188
0.6730000000,0.0000000000,2.1809052360,3.2771473864,0.7081081081,0.5963503378,25.0000000000,25.0000000000,9.0000000000,1.0000000000,2.1813206804
0.6740000000,0.0000000000,2.1841823834,3.2771473864,0.7081081081,0.5963503378,25.0000000000,25.0000000000,9.0000000000,1.0000000000,2.1843886419
0.6750000000,0.0000000000,2.1874595308,3.2771473864,0.7081081081,0.5963503378,25.0000000000,25.0000000000,9.0000000000,1.0000000000,2.1874566035
0.6760000000,0.0000000000,2.1907366782,3.2771473864,0.7081081081,0.5963503378,25.0000000000,25.0000000000,9.0000000000,1.0000000000,2.1905245651
0.6770000000,0.0000000000,2.1940138256,3.2771473864,0.7081081081,0.5963503378,25.0000000000,25.0000000000,9.0000000000,1.0000000000,2.1935925267
0.6780000000,0.0000000000,2.1972909730,3.2771473864,0.7081081081,0.5963503378,25.0000000000,25.0000000000,9.0000000000,1.0000000000,2.1966604883
0.6790000000,0.0000000000,2.2005681203,3.2771473864,0.7081081081,0.5963503378,25.0000000000,25.0000000000,9.0000000000,1.0000000000,2.2012624306
0.6800000000,0.0000000000,2.2038452677,3.2771473864,0.7081081081,0.5963503378,25.0000000000,25.0000000000,9.0000000000,1.0000000000,2.2043303922
0.6810000000,0.0000000000,2.2071224151,3.2771473864,0.7081081081,0.5963503378,25.0000000000,25.0000000000,9.0000000000,1.0000000000,2.2073983538
0.6820000000,0.0000000000,2.2103995625,3.2771473864,0.7081081081,0.5963503378,25.0000000000,25.0000000000,9.0000000000,1.0000000000,2.2104663153
0.6830000000,0.0000000000,2.2136767099,3.2771473864,0.7081081081,0.5963503378,25.0000000000,25.0000000000,9.0000000000,1.0000000000,2.2135342769
0.6840000000,0.0000000000,2.2169538573,3.2771473864,0.7081081081,0.5963503378,25.0000000000,25.0000000000,9.0000000000,1.0000000000,2.2166022385
0.6850000000,0.0000000000,2.2202310047,3.2771473864,0.7081081081,0.5963503378,25.0000000000,25.0000000000,9.0000000000,1.0000000000,2.2196702001
0.6860000000,0.0000000000,2.2235081520,3.2771473864,0.7081081081,0.5963503378,25.0000000000,25.0000000000,9.0000000000,1.0000000000,2.2242721424
0.6870000000,0.0000000000,2.2267852994,3.2771473864,0.7081081081,0.5963503378,25.0000000000,25.0000000000,9.0000000000,1.0000000000,2.2273401040
0.6880000000,0.0000000000,2.2300624468,3.2771473864,0.7081081081,0.5963503378,25.0000000000,25.0000000000,9.0000000000,1.0000000000,2.2304080656
0.6890000000,0.0000000000,2.2333395942,3.2771473864,0.7081081081,0.5963503378,25.0000000000,25.0000000000,9.0000000000,1.0000000000,2.2334760272
0.6900000000,0.0000000000,2.2366167416,3.2771473864,0.7081081081,0.5963503378,25.0000000000,25.0000000000,9.0000000000,1.0000000000,2.2365439887
0.6910000000,0.0000000000,2.2398938890,3.2771473864,0.7081081081,0.5963503378,25.0000000000,25.0000000000,9.0000000000,1.0000000000,2.2396119503
0.6920000000,0.0000000000,2.2431710364,3.2771473864,0.7081081081,0.5963503378,25.0000000000,25.0000000000,9.0000000000,1.0000000000,2.2426799119
0.6930000000,0.0000000000,2.2464481838,3.2771473864,0.7081081081,0.5963503378,25.0000000000,25.0000000000,9.0000000000,1.0000000000,2.2457478735
0.6940000000,0.0000000000,2.2497253311,3.2771473864,0.7081081081,0.5963503378,25.0000000000,25.0000000000,9.0000000000,1.0000000000,2.2503498158
0.6950000000,0.0000000000,2.2530024785,3.2771473864,0.7081081081,0.5963503378,25.0000000000,25.0000000000,9.0000000000,1.0000000000,2.2534177774
0.6960000000,0.0000000000,2.2562796259,3.2771473864,0.7081081081,0.5963503378,25.0000000000,25.0000000000,9.0000000000,1.0000000000,2.2564857390
0.6970000000,0.0000000000,2.2595567733,3.2771473864,0.7081081081,0.5963503378,25.0000000000,25.0000000000,9.0000000000,1.0000000000,2.2595537006
0.6980000000,0.0000000000,2.2628339207,3.2771473864,0.7081081081,0.5963503378,25.0000000000,25.0000000000,9.0000000000,1.0000000000,2.2626216621
0.6990000000,0.0000000000,2.2661110681,3.2771473864,0.7081081081,0.5963503378,25.0000000000,25.0000000000,9.0000000000,1.0000000000,2.2656896237
0.7000000000,0.0000000000,2.2693882155,3.2771473864,0.7081081081,0.5963503378,25.0000000000,25.0000000000,9.0000000000,1.0000000000,2.2687575853
0.7010000000,0.0000000000,2.2726653628,3.2771473864,0.7081081081,0.5963503378,25.0000000000,25.0000000000,9.0000000000,1.0000000000,2.2733595276
0.7020000000,0.0000000000,2.2759425102,3.2771473864,0.7081081081,0.5963503378,25.0000000000,25.0000000000,9.0000000000,1.0000000000,2.2764274892
0.7030000000,0.0000000000,2.2792196576,3.2771473864,0.7081081081,0.5963503378,25.0000000000,25.0000000000,9.0000000000,1.0000000000,2.2794954508
0.7040000000,0.0000000000,2.2824968050,3.2771473864,0.7081081081,0.5963503378,25.0000000000,25.0000000000,9.0000000000,1.0000000000,2.2825634124
0.7050000000,0.0000000000,2.2857739524,3.2771473864,0.7081081081,0.5963503378,25.0000000000,25.0000000000,9.0000000000,1.0000000000,2.2856313739
0.7060000000,0.0000000000,2.2890510998,3.2771473864,0.7081081081,0.5963503378,25.0000000000,25.0000000000,9.0000000000,1.0000000000,2.2886993355
0.7070000000,0.0000000000,2.2923282472,3.2771473864,0.7081081081,0.5963503378,25.0000000000,25.0000000000,9.0000000000,1.0000000000,2.2917672971
0.7080000000,0.0000000000,2.2956053945,3.2771473864,0.7081081081,0.5963503378,25.0000000000,25.0000000000,9.0000000000,1.0000000000,2.2963692395
0.7090000000,0.0000000000,2.2988825419,3.2771473864,0.7081081081,0.5963503378,25.0000000000,25.0000000000,9.0000000000,1.0000000000,2.2994372010
0.7100000000,0.0000000000,2.3021596893,3.2771473864,0.7081081081,0.5963503378,25.0000000000,25.0000000000,9.0000000000,1.0000000000,2.3025051626
0.7110000000,0.0000000000,2.3054368367,3.2771473864,0.7081081081,0.5963503378,25.0000000000,25.0000000000,9.0000000000,1.0000000000,2.3055731242
0.7120000000,0.0000000000,2.3087139841,3.2771473864,0.7081081081,0.5963503378,25.0000000000,25.0000000000,9.0000000000,1.0000000000,2.3086410858
0.7130000000,0.0000000000,2.3119911315,3.2771473864,0.7081081081,0.5963503378,25.0000000000,25.0000000000,9.0000000000,1.0000000000,2.3117090473
0.7140000000,0.0000000000,2.3152682789,3.2771473864,0.7081081081,0.5963503378,25.0000000000,25.0000000000,9.0000000000,1.0000000000,2.3147770089
0.7150000000,0.0000000000,2.3185454263,3.2771473864,0.7081081081,0.5963503378,25.0000000000,25.0000000000,9.0000000000,1.0000000000,2.3178449705
0.7160000000,0.0000000000,2.3218225736,3.2771473864,0.7081081081,0.5963503378,25.0000000000,25.0000000000,9.0000000000,1.0000000000,2.3224469129
0.7170000000,0.0000000000,2.3250997210,3.2771473864,0.7081081081,0.5963503378,25.0000000000,25.0000000000,9.0000000000,1.0000000000,2.3255148744
0.7180000000,0.0000000000,2.3283768684,3.2771473864,0.7081081081,0.5963503378,25.0000000000,25.0000000000,9.0000000000,1.0000000000,2.3285828360
0.7190000000,0.0000000000,2.3316540158,3.2771473864,0.7081081081,0.5963503378,25.0000000000,25.0000000000,9.0000000000,1.0000000000,2.3316507976
0.7200000000,0.0000000000,2.3349311632,3.2771473864,0.7081081081,0.5963503378,25.0000000000,25.0000000000,9.0000000000,1.0000000000,2.3347187592
0.7210000000,0.0000000000,2.3382083106,3.2771473864,0.7081081081,0.5963503378,25.0000000000,25.0000000000,9.0000000000,1.0000000000,2.3377867207
0.7220000000,0.0000000000,2.3414854580,3.2771473864,0.7081081081,0.5963503378,25.0000000000,25.0000000000,9.0000000000,1.0000000000,2.3408546823
0.7230000000,0.0000000000,2.3447626053,3.2771473864,0.7081081081,0.5963503378,25.0000000000,25.0000000000,9.0000000000,1.0000000000,2.3454566247
0.7240000000,0.0000000000,2.3480397527,3.2771473864,0.7081081081,0.5963503378,25.0000000000,25.0000000000,9.0000000000,1.0000000000,2.3485245863
0.7250000000,0.0000000000,2.3513169001,3.2771473864,0.7081081081,0.5963503378,25.0000000000,25.0000000000,9.0000000000,1.0000000000,2.3515925478
0.7260000000,0.0000000000,2.3545940475,3.2771473864,0.7081081081,0.5963503378,25.0000000000,25.0000000000,9.0000000000,1.0000000000,2.3546605094
0.7270000000,0.0000000000,2.3578711949,3.2771473864,0.7081081081,0.5963503378,25.0000000000,25.0000000000,9.0000000000,1.0000000000,2.3577284710
0.7280000000,0.0000000000,2.3611483423,3.2771473864,0.7081081081,0.5963503378,25.0000000000,25.0000000000,9.0000000000,1.0000000000,2.3607964326
0.7290000000,0.0000000000,2.3644254897,3.2771473864,0.7081081081,0.5963503378,25.0000000000,25.0000000000,9.0000000000,1.0000000000,2.3638643941
0.7300000000,0.0000000000,2.3677026370,3.2771473864,0.7081081081,0.5963503378,25.0000000000,25.0000000000,9.0000000000,1.0000000000,2.3684663365
0.7310000000,0.0000000000,2.3709797844,3.2771473864,0.7081081081,0.5963503378,25.0000000000,25.0000000000,9.0000000000,1.0000000000,2.3715342981
0.7320000000,0.0000000000,2.3742569318,3.2771473864,0.7081081081,0.5963503378,25.0000000000,25.0000000000,9.0000000000,1.0000000000,2.3746022596
0.7330000000,0.0000000000,2.3775340792,3.2771473864,0.7081081081,0.5963503378,25.0000000000,25.0000000000,9.0000000000,1.0000000000,2.3776702212
0.7340000000,0.0000000000,2.3808112266,3.2771473864,0.7081081081,0.5963503378,25.0000000000,25.0000000000,9.0000000000,1.0000000000,2.3807381828
0.7350000000,0.0000000000,2.3840883740,3.2771473864,0.7081081081,0.5963503378,25.0000000000,25.0000000000,9.0000000000,1.0000000000,2.3838061444
0.7360000000,0.0000000000,2.3873655214,3.2771473864,0.7081081081,0.5963503378,25.0000000000,25.0000000000,9.0000000000,1.0000000000,2.3868741060
0.7370000000,0.0000000000,2.3906426688,3.2771473864,0.7081081081,0.5963503378,25.0000000000,25.0000000000,9.0000000000,1.0000000000,2.3899420675
0.7380000000,0.0000000000,2.3939198161,3.2771473864,0.7081081081,0.5963503378,25.0000000000,25.0000000000,9.0000000000,1.0000000000,2.3945440099
0.7390000000,0.0000000000,2.3971969635,3.2771473864,0.7081081081,0.5963503378,25.0000000000,25.0000000000,9.0000000000,1.0000000000,2.3976119715
0.7400000000,0.0000000000,2.4004741109,3.2771473864,0.7081081081,0.5963503378,25.0000000000,25.0000000000,9.0000000000,1.0000000000,2.4006799330
0.7410000000,0.0000000000,2.4037512583,3.2771473864,0.7081081081,0.5963503378,25.0000000000,25.0000000000,9.0000000000,1.0000000000,2.4037478946
0.7420000000,0.0000000000,2.4070284057,3.2771473864,0.7081081081,0.5963503378,25.0000000000,25.0000000000,9.0000000000,1.0000000000,2.4068158562
0.7430000000,0.0000000000,2.4103055531,3.2771473864,0.7081081081,0.5963503378,25.0000000000,25.0000000000,9.0000000000,1.0000000000,2.4098838178
0.7440000000,0.0000000000,2.4135827005,3.2771473864,0.7081081081,0.5963503378,25.0000000000,25.0000000000,9.0000000000,1.0000000000,2.4129517793
0.7450000000,0.0000000000,2.4168598478,3.2771473864,0.7081081081,0.5963503378,25.0000000000,25.0000000000,9.0000000000,1.0000000000,2.4175537217
0.7460000000,0.0000000000,2.4201369952,3.2771473864,0.7081081081,0.5963503378,25.0000000000,25.0000000000,9.0000000000,1.0000000000,2.4206216833
0.7470000000,0.0000000000,2.4234141426,3.2771473864,0.7081081081,0.5963503378,25.0000000000,25.0000000000,9.0000000000,1.0000000000,2.4236896449
0.7480000000,0.0000000000,2.4266912900,3.2771473864,0.7081081081,0.5963503378,25.0000000000,25.0000000000,9.0000000000,1.0000000000,2.4267576064
0.7490000000,0.0000000000,2.4299684374,3.2771473864,0.7081081081,0.5963503378,25.0000000000,25.0000000000,9.0000000000,1.0000000000,2.4298255680
0.7500000000,0.0000000000,2.4332455848,3.2771473864,0.7081081081,0.5963503378,25.0000000000,25.0000000000,9.0000000000,1.0000000000,2.4328935296
0.7510000000,0.0000000000,2.4365227322,3.2771473864,0.7081081081,0.5963503378,25.0000000000,25.0000000000,9.0000000000,1.0000000000,2.4359614912
0.7520000000,0.0000000000,2.4397998795,3.2771473864,0.7081081081,0.5963503378,25.0000000000,25.0000000000,9.0000000000,1.0000000000,2.4405634335
0.7530000000,0.0000000000,2.4430770269,3.2771473864,0.7081081081,0.5963503378,25.0000000000,25.0000000000,9.0000000000,1.0000000000,2.4436313951
0.7540000000,0.0000000000,2.4463541743,3.2771473864,0.7081081081,0.5963503378,25.0000000000,25.0000000000,9.0000000000,1.0000000000,2.4466993567
0.7550000000,0.0000000000,2.4496313217,3.2771473864,0.7081081081,0.5963503378,25.0000000000,25.0000000000,9.0000000000,1.0000000000,2.4497673183
0.7560000000,0.0000000000,2.4529084691,3.2771473864,0.7081081081,0.5963503378,25.0000000000,25.0000000000,9.0000000000,1.0000000000,2.4528352798
0.7570000000,0.0000000000,2.4561856165,3.2771473864,0.7081081081,0.5963503378,25.0000000000,25.0000000000,9.0000000000,1.0000000000,2.4559032414
0.7580000000,0.0000000000,2.4594627639,3.2771473864,0.7081081081,0.5963503378,25.0000000000,25.0000000000,9.0000000000,1.0000000000,2.4589712030
0.7590000000,0.0000000000,2.4627399113,3.2771473864,0.7081081081,0.5963503378,25.0000000000,25.0000000000,9.0000000000,1.0000000000,2.4620391646
0.7600000000,0.0000000000,2.4660170586,3.2771473864,0.7081081081,0.5963503378,25.0000000000,25.0000000000,9.0000000000,1.0000000000,2.4666411069
0.7610000000,0.0000000000,2.4692942060,3.2771473864,0.7081081081,0.5963503378,25.0000000000,25.0000000000,9.0000000000,1.0000000000,2.4697090685
0.7620000000,0.0000000000,2.4725713534,3.2771473864,0.7081081081,0.5963503378,25.0000000000,25.0000000000,9.0000000000,1.0000000000,2.4727770301
0.7630000000,0.0000000000,2.4758485008,3.2771473864,0.7081081081,0.5963503378,25.0000000000,25.0000000000,9.0000000000,1.0000000000,2.4758449916
0.7640000000,0.0000000000,2.4791256482,3.2771473864,0.7081081081,0.5963503378,25.0000000000,25.0000000000,9.0000000000,1.0000000000,2.4789129532
0.7650000000,0.0000000000,2.4824027956,3.2771473864,0.7081081081,0.5963503378,25.0000000000,25.0000000000,9.0000000000,1.0000000000,2.4819809148
0.7660000000,0.0000000000,2.4856799430,3.2771473864,0.7081081081,0.5963503378,25.0000000000,25.0000000000,9.0000000000,1.0000000000,2.4850488764
0.7670000000,0.0000000000,2.4889570903,3.2771473864,0.7081081081,0.5963503378,25.0000000000,25.0000000000,9.0000000000,1.0000000000,2.4896508187
0.7680000000,0.0000000000,2.4922342377,3.2771473864,0.7081081081,0.5963503378,25.0000000000,25.0000000000,9.0000000000,1.0000000000,2.4927187803
0.7690000000,0.0000000000,2.4955113851,3.2771473864,0.7081081081,0.5963503378,25.0000000000,25.0000000000,9.0000000000,1.0000000000,2.4957867419
0.7700000000,0.0000000000,2.4987885325,3.2771473864,0.7081081081,0.5963503378,25.0000000000,25.0000000000,9.0000000000,1.0000000000,2.4988547035
0.7710000000,0.0000000000,2.5020656799,3.2771473864,0.7081081081,0.5963503378,25.0000000000,25.0000000000,9.0000000000,1.0000000000,2.5019226650
0.7720000000,0.0000000000,2.5053428273,3.2771473864,0.7081081081,0.5963503378,25.0000000000,25.0000000000,9.0000000000,1.0000000000,2.5049906266
0.7730000000,0.0000000000,2.5086199747,3.2771473864,0.7081081081,0.5963503378,25.0000000000,25.0000000000,9.0000000000,1.0000000000,2.5080585882
0.7740000000,0.0000000000,2.5118971220,3.2771473864,0.7081081081,0.5963503378,25.0000000000,25.0000000000,9.0000000000,1.0000000000,2.5126605306
0.7750000000,0.0000000000,2.5151742694,3.2771473864,0.7081081081,0.5963503378,25.0000000000,25.0000000000,9.0000000000,1.0000000000,2.5157284921
0.7760000000,0.0000000000,2.5184514168,3.2771473864,0.7081081081,0.5963503378,25.0000000000,25.0000000000,9.0000000000,1.0000000000,2.5187964537
0.7770000000,0.0000000000,2.5217285642,3.2771473864,0.7081081081,0.5963503378,25.0000000000,25.0000000000,9.0000000000,1.0000000000,2.5218644153
0.7780000000,0.0000000000,2.5250057116,3.2771473864,0.7081081081,0.5963503378,25.0000000000,25.0000000000,9.0000000000,1.0000000000,2.5249323769
0.7790000000,0.0000000000,2.5282828590,3.2771473864,0.7081081081,0.5963503378,25.0000000000,25.0000000000,9.0000000000,1.0000000000,2.5280003384
0.7800000000,0.0000000000,2.5315600064,3.2771473864,0.7081081081,0.5963503378,25.0000000000,25.0000000000,9.0000000000,1.0000000000,2.5310683000
0.7810000000,0.0000000000,2.5348371538,3.2771473864,0.7081081081,0.5963503378,25.0000000000,25.0000000000,9.0000000000,1.0000000000,2.5341362616
0.7820000000,0.0000000000,2.5381143011,3.2771473864,0.7081081081,0.5963503378,25.0000000000,25.0000000000,9.0000000000,1.0000000000,2.5387382040
0.7830000000,0.0000000000,2.5413914485,3.2771473864,0.7081081081,0.5963503378,25.0000000000,25.0000000000,9.0000000000,1.0000000000,2.5418061655
0.7840000000,0.0000000000,2.5446685959,3.2771473864,0.7081081081,0.5963503378,25.0000000000,25.0000000000,9.0000000000,1.0000000000,2.5448741271
0.7850000000,0.0000000000,2.5479457433,3.2771473864,0.7081081081,0.5963503378,25.0000000000,25.0000000000,9.0000000000,1.0000000000,2.5479420887
0.7860000000,0.0000000000,2.5512228907,3.2771473864,0.7081081081,0.5963503378,25.0000000000,25.0000000000,9.0000000000,1.0000000000,2.5510100503
0.7870000000,0.0000000000,2.5545000381,3.2771473864,0.7081081081,0.5963503378,25.0000000000,25.0000000000,9.0000000000,1.0000000000,2.5540780118
0.7880000000,0.0000000000,2.5577771855,3.2771473864,0.7081081081,0.5963503378,25.0000000000,25.0000000000,9.0000000000,1.0000000000,2.5571459734
0.7890000000,0.0000000000,2.5610543328,3.2771473864,0.7081081081,0.5963503378,25.0000000000,25.0000000000,9.0000000000,1.0000000000,2.5617479158
0.7900000000,0.0000000000,2.5643314802,3.2771473864,0.7081081081,0.5963503378,25.0000000000,25.0000000000,9.0000000000,1.0000000000,2.5648158773
0.7910000000,0.0000000000,2.5676086276,3.2771473864,0.7081081081,0.5963503378,25.0000000000,25.0000000000,9.0000000000,1.0000000000,2.5678838389
0.7920000000,0.0000000000,2.5708857750,3.2771473864,0.7081081081,0.5963503378,25.0000000000,25.0000000000,9.0000000000,1.0000000000,2.5709518005
0.7930000000,0.0000000000,2.5741629224,3.2771473864,0.7081081081,0.5963503378,25.0000000000,25.0000000000,9.0000000000,1.0000000000,2.5740197621
0.7940000000,0.0000000000,2.5774400698,3.2771473864,0.7081081081,0.5963503378,25.0000000000,25.0000000000,9.0000000000,1.0000000000,2.5770877236
0.7950000000,0.0000000000,2.5807172172,3.2771473864,0.7081081081,0.5963503378,25.0000000000,25.0000000000,9.0000000000,1.0000000000,2.5801556852
0.7960000000,0.0000000000,2.5839943645,3.2771473864,0.7081081081,0.5963503378,25.0000000000,25.0000000000,9.0000000000,1.0000000000,2.5847576276
0.7970000000,0.0000000000,2.5872715119,3.2771473864,0.7081081081,0.5963503378,25.0000000000,25.0000000000,9.0000000000,1.0000000000,2.5878255892
0.7980000000,0.0000000000,2.5905486593,3.2771473864,0.7081081081,0.5963503378,25.0000000000,25.0000000000,9.0000000000,1.0000000000,2.5908935507
0.7990000000,0.0000000000,2.5938258067,3.2771473864,0.7081081081,0.5963503378,25.0000000000,25.0000000000,9.0000000000,1.0000000000,2.5939615123
0.8000000000,0.0000000000,2.5971029541,3.2771473864,0.7081081081,0.5963503378,25.0000000000,25.0000000000,9.0000000000,1.0000000000,2.5970294739
0.8010000000,0.0000000000,2.6003801015,3.2771473864,0.7081081081,0.5963503378,25.0000000000,25.0000000000,9.0000000000,1.0000000000,2.6000974355
0.8020000000,0.0000000000,2.6036572489,3.2771473864,0.7081081081,0.5963503378,25.0000000000,25.0000000000,9.0000000000,1.0000000000,2.6031653970
0.8030000000,0.0000000000,2.6069343963,3.2771473864,0.7081081081,0.5963503378,25.0000000000,25.0000000000,9.0000000000,1.0000000000,2.6062333586
0.8040000000,0.0000000000,2.6102115436,3.2771473864,0.7081081081,0.5963503378,25.0000000000,25.0000000000,9.0000000000,1.0000000000,2.6108353010
0.8050000000,0.0000000000,2.6134886910,3.2771473864,0.7081081081,0.5963503378,25.0000000000,25.0000000000,9.0000000000,1.0000000000,2.6139032626
0.8060000000,0.0000000000,2.6167658384,3.2771473864,0.7081081081,0.5963503378,25.0000000000,25.0000000000,9.0000000000,1.0000000000,2.6169712241
0.8070000000,0.0000000000,2.6200429858,3.2771473864,0.7081081081,0.5963503378,25.0000000000,25.0000000000,9.0000000000,1.0000000000,2.6200391857
0.8080000000,0.0000000000,2.6233201332,3.2771473864,0.7081081081,0.5963503378,25.0000000000,25.0000000000,9.0000000000,1.0000000000,2.6231071473
0.8090000000,0.0000000000,2.6265972806,3.2771473864,0.7081081081,0.5963503378,25.0000000000,25.0000000000,9.0000000000,1.0000000000,2.6261751089
0.8100000000,0.0000000000,2.6298744280,3.2771473864,0.7081081081,0.5963503378,25.0000000000,25.0000000000,9.0000000000,1.0000000000,2.6292430704
0.8110000000,0.0000000000,2.6331515753,3.2771473864,0.7081081081,0.5963503378,25.0000000000,25.0000000000,9.0000000000,1.0000000000,2.6338450128
0.8120000000,0.0000000000,2.6364287227,3.2771473864,0.7081081081,0.5963503378,25.0000000000,25.0000000000,9.0000000000,1.0000000000,2.6369129744
0.8130000000,0.0000000000,2.6397058701,3.2771473864,0.7081081081,0.5963503378,25.0000000000,25.0000000000,9.0000000000,1.0000000000,2.6399809360
0.8140000000,0.0000000000,2.6429830175,3.2771473864,0.7081081081,0.5963503378,25.0000000000,25.0000000000,9.0000000000,1.0000000000,2.6430488975
0.8150000000,0.0000000000,2.6462601649,3.2771473864,0.7081081081,0.5963503378,25.0000000000,25.0000000000,9.0000000000,1.0000000000,2.6461168591
0.8160000000,0.0000000000,2.6495373123,3.2771473864,0.7081081081,0.5963503378,25.0000000000,25.0000000000,9.0000000000,1.0000000000,2.6491848207
0.8170000000,0.0000000000,2.6528144597,3.2771473864,0.7081081081,0.5963503378,25.0000000000,25.0000000000,9.0000000000,1.0000000000,2.6522527823
0.8180000000,0.0000000000,2.6560916070,3.2771473864,0.7081081081,0.5963503378,25.0000000000,25.0000000000,9.0000000000,1.0000000000,2.6568547246
0.8190000000,0.0000000000,2.6593687544,3.2771473864,0.7081081081,0.5963503378,25.0000000000,25.0000000000,9.0000000000,1.0000000000,2.6599226862
0.8200000000,0.0000000000,2.6626459018,3.2771473864,0.7081081081,0.5963503378,25.0000000000,25.0000000000,9.0000000000,1.0000000000,2.6629906478
0.8210000000,0.0000000000,2.6659230492,3.2771473864,0.7081081081,0.5963503378,25.0000000000,25.0000000000,9.0000000000,1.0000000000,2.6660586093
0.8220000000,0.0000000000,2.6692001966,3.2771473864,0.7081081081,0.5963503378,25.0000000000,25.0000000000,9.0000000000,1.0000000000,2.6691265709
0.8230000000,0.0000000000,2.6724773440,3.2771473864,0.7081081081,0.5963503378,25.0000000000,25.0000000000,9.0000000000,1.0000000000,2.6721945325
0.8240000000,0.0000000000,2.6757544914,3.2771473864,0.7081081081,0.5963503378,25.0000000000,25.0000000000,9.0000000000,1.0000000000,2.6752624941
0.8250000000,0.0000000000,2.6790316388,3.2771473864,0.7081081081,0.5963503378,25.0000000000,25.0000000000,9.0000000000,1.0000000000,2.6783304556
0.8260000000,0.0000000000,2.6823087861,3.2771473864,0.7081081081,0.5963503378,25.0000000000,25.0000000000,9.0000000000,1.0000000000,2.6829323980
0.8270000000,0.0000000000,2.6855859335,3.2771473864,0.7081081081,0.5963503378,25.0000000000,25.0000000000,9.0000000000,1.0000000000,2.6860003596
0.8280000000,0.0000000000,2.6888630809,3.2771473864,0.7081081081,0.5963503378,25.0000000000,25.0000000000,9.0000000000,1.0000000000,2.6890683212
0.8290000000,0.0000000000,2.6921402283,3.2771473864,0.7081081081,0.5963503378,25.0000000000,25.0000000000,9.0000000000,1.0000000000,2.6921362827
0.8300000000,0.0000000000,2.6954173757,3.2771473864,0.7081081081,0.5963503378,25.0000000000,25.0000000000,9.0000000000,1.0000000000,2.6952042443
0.8310000000,0.0000000000,2.6986945231,3.2771473864,0.7081081081,0.5963503378,25.0000000000,25.0000000000,9.0000000000,1.0000000000,2.6982722059
0.8320000000,0.0000000000,2.7019716705,3.2771473864,0.7081081081,0.5963503378,25.0000000000,25.0000000000,9.0000000000,1.0000000000,2.7013401675
0.8330000000,0.0000000000,2.7052488178,3.2771473864,0.7081081081,0.5963503378,25.0000000000,25.0000000000,9.0000000000,1.0000000000,2.7059421098
0.8340000000,0.0000000000,2.7085259652,3.2771473864,0.7081081081,0.5963503378,25.0000000000,25.0000000000,9.0000000000,1.0000000000,2.7090100714
0.8350000000,0.0000000000,2.7118031126,3.2771473864,0.7081081081,0.5963503378,25.0000000000,25.0000000000,9.0000000000,1.0000000000,2.7120780330
0.8360000000,0.0000000000,2.7150802600,3.2771473864,0.7081081081,0.5963503378,25.0000000000,25.0000000000,9.0000000000,1.0000000000,2.7151459946
0.8370000000,0.0000000000,2.7183574074,3.2771473864,0.7081081081,0.5963503378,25.0000000000,25.0000000000,9.0000000000,1.0000000000,2.7182139561
0.8380000000,0.0000000000,2.7216345548,3.2771473864,0.7081081081,0.5963503378,25.0000000000,25.0000000000,9.0000000000,1.0000000000,2.7212819177
0.8390000000,0.0000000000,2.7249117022,3.2771473864,0.7081081081,0.5963503378,25.0000000000,25.0000000000,9.0000000000,1.0000000000,2.7243498793
0.8400000000,0.0000000000,2.7281888495,3.2771473864,0.7081081081,0.5963503378,25.0000000000,25.0000000000,9.0000000000,1.0000000000,2.7289518216
0.8410000000,0.0000000000,2.7314659969,3.2771473864,0.7081081081,0.5963503378,25.0000000000,25.0000000000,9.0000000000,1.0000000000,2.7320197832
0.8420000000,0.0000000000,2.7347431443,3.2771473864,0.7081081081,0.5963503378,25.0000000000,25.0000000000,9.0000000000,1.0000000000,2.7350877448
0.8430000000,0.0000000000,2.7380202917,3.2771473864,0.7081081081,0.5963503378,25.0000000000,25.0000000000,9.0000000000,1.0000000000,2.7381557064
0.8440000000,0.0000000000,2.7412974391,3.2771473864,0.7081081081,0.5963503378,25.0000000000,25.0000000000,9.0000000000,1.0000000000,2.7412236680
0.8450000000,0.0000000000,2.7445745865,3.2771473864,0.7081081081,0.5963503378,25.0000000000,25.0000000000,9.0000000000,1.0000000000,2.7442916295
0.8460000000,0.0000000000,2.7478517339,3.2771473864,0.7081081081,0.5963503378,25.0000000000,25.0000000000,9.0000000000,1.0000000000,2.7473595911
0.8470000000,0.0000000000,2.7511288813,3.2771473864,0.7081081081,0.5963503378,25.0000000000,25.0000000000,9.0000000000,1.0000000000,2.7504275527
0.8480000000,0.0000000000,2.7544060286,3.2771473864,0.7081081081,0.5963503378,25.0000000000,25.0000000000,9.0000000000,1.0000000000,2.7550294950
0.8490000000,0.0000000000,2.7576831760,3.2771473864,0.7081081081,0.5963503378,25.0000000000,25.0000000000,9.0000000000,1.0000000000,2.7580974566
0.8500000000,0.0000000000,2.7609603234,3.2771473864,0.7081081081,0.5963503378,25.0000000000,25.0000000000,9.0000000000,1.0000000000,2.7611654182
0.8510000000,0.0000000000,2.7642374708,3.2771473864,0.7081081081,0.5963503378,25.0000000000,25.0000000000,9.0000000000,1.0000000000,2.7642333798
0.8520000000,0.0000000000,2.7675146182,3.2771473864,0.7081081081,0.5963503378,25.0000000000,25.0000000000,9.0000000000,1.0000000000,2.7673013413
0.8530000000,0.0000000000,2.7707917656,3.2771473864,0.7081081081,0.5963503378,25.0000000000,25.0000000000,9.0000000000,1.0000000000,2.7703693029
0.8540000000,0.0000000000,2.7740689130,3.2771473864,0.7081081081,0.5963503378,25.0000000000,25.0000000000,9.0000000000,1.0000000000,2.7734372645
0.8550000000,0.0000000000,2.7773460603,3.2771473864,0.7081081081,0.5963503378,25.0000000000,25.0000000000,9.0000000000,1.0000000000,2.7780392069
0.8560000000,0.0000000000,2.7806232077,3.2771473864,0.7081081081,0.5963503378,25.0000000000,25.0000000000,9.0000000000,1.0000000000,2.7811071684
0.8570000000,0.0000000000,2.7839003551,3.2771473864,0.7081081081,0.5963503378,25.0000000000,25.0000000000,9.0000000000,1.0000000000,2.7841751300
0.8580000000,0.0000000000,2.7871775025,3.2771473864,0.7081081081,0.5963503378,25.0000000000,25.0000000000,9.0000000000,1.0000000000,2.7872430916
0.8590000000,0.0000000000,2.7904546499,3.2771473864,0.7081081081,0.5963503378,25.0000000000,25.0000000000,9.0000000000,1.0000000000,2.7903110532
0.8600000000,0.0000000000,2.7937317973,3.2771473864,0.7081081081,0.5963503378,25.0000000000,25.0000000000,9.0000000000,1.0000000000,2.7933790147
0.8610000000,0.0000000000,2.7970089447,3.2771473864,0.7081081081,0.5963503378,25.0000000000,25.0000000000,9.0000000000,1.0000000000,2.7964469763
0.8620000000,0.0000000000,2.8002860921,3.2771473864,0.7081081081,0.5963503378,25.0000000000,25.0000000000,9.0000000000,1.0000000000,2.8010489187
0.8630000000,0.0000000000,2.8035632394,3.2771473864,0.7081081081,0.5963503378,25.0000000000,25.0000000000,9.0000000000,1.0000000000,2.8041168803
0.8640000000,0.0000000000,2.8068403868,3.2771473864,0.7081081081,0.5963503378,25.0000000000,25.0000000000,9.0000000000,1.0000000000,2.8071848418
0.8650000000,0.0000000000,2.8101175342,3.2771473864,0.7081081081,0.5963503378,25.0000000000,25.0000000000,9.0000000000,1.0000000000,2.8102528034
0.8660000000,0.0000000000,2.8133946816,3.2771473864,0.7081081081,0.5963503378,25.0000000000,25.0000000000,9.0000000000,1.0000000000,2.8133207650
0.8670000000,0.0000000000,2.8166718290,3.2771473864,0.7081081081,0.5963503378,25.0000000000,25.0000000000,9.0000000000,1.0000000000,2.8163887266
0.8680000000,0.0000000000,2.8199489764,3.2771473864,0.7081081081,0.5963503378,25.0000000000,25.0000000000,9.0000000000,1.0000000000,2.8194566881
0.8690000000,0.0000000000,2.8232261238,3.2771473864,0.7081081081,0.5963503378,25.0000000000,25.0000000000,9.0000000000,1.0000000000,2.8225246497
0.8700000000,0.0000000000,2.8265032711,3.2771473864,0.7081081081,0.5963503378,25.0000000000,25.0000000000,9.0000000000,1.0000000000,2.8271265921
0.8710000000,0.0000000000,2.8297804185,3.2771473864,0.7081081081,0.5963503378,25.0000000000,25.0000000000,9.0000000000,1.0000000000,2.8301945536
0.8720000000,0.0000000000,2.8330575659,3.2771473864,0.7081081081,0.5963503378,25.0000000000,25.0000000000,9.0000000000,1.0000000000,2.8332625152
0.8730000000,0.0000000000,2.8363347133,3.2771473864,0.7081081081,0.5963503378,25.0000000000,25.0000000000,9.0000000000,1.0000000000,2.8363304768
0.8740000000,0.0000000000,2.8396118607,3.2771473864,0.7081081081,0.5963503378,25.0000000000,25.0000000000,9.0000000000,1.0000000000,2.8393984384
0.8750000000,0.0000000000,2.8428890081,3.2771473864,0.7081081081,0.5963503378,25.0000000000,25.0000000000,9.0000000000,1.0000000000,2.8424664000
0.8760000000,0.0000000000,2.8461661555,3.2771473864,0.7081081081,0.5963503378,25.0000000000,25.0000000000,9.0000000000,1.0000000000,2.8455343615
0.8770000000,0.0000000000,2.8494433028,3.2771473864,0.7081081081,0.5963503378,25.0000000000,25.0000000000,9.0000000000,1.0000000000,2.8501363039
0.8780000000,0.0000000000,2.8527204502,3.2771473864,0.7081081081,0.5963503378,25.0000000000,25.0000000000,9.0000000000,1.0000000000,2.8532042655
0.8790000000,0.0000000000,2.8559975976,3.2771473864,0.7081081081,0.5963503378,25.0000000000,25.0000000000,9.0000000000,1.0000000000,2.8562722270
0.8800000000,0.0000000000,2.8592747450,3.2771473864,0.7081081081,0.5963503378,25.0000000000,25.0000000000,9.0000000000,1.0000000000,2.8593401886
0.8810000000,0.0000000000,2.8625518924,3.2771473864,0.7081081081,0.5963503378,25.0000000000,25.0000000000,9.0000000000,1.0000000000,2.8624081502
0.8820000000,0.0000000000,2.8658290398,3.2771473864,0.7081081081,0.5963503378,25.0000000000,25.0000000000,9.0000000000,1.0000000000,2.8654761118
0.8830000000,0.0000000000,2.8691061872,3.2771473864,0.7081081081,0.5963503378,25.0000000000,25.0000000000,9.0000000000,1.0000000000,2.8685440733
0.8840000000,0.0000000000,2.8723833346,3.2771473864,0.7081081081,0.5963503378,25.0000000000,25.0000000000,9.0000000000,1.0000000000,2.8731460157
0.8850000000,0.0000000000,2.8756604819,3.2771473864,0.7081081081,0.5963503378,25.0000000000,25.0000000000,9.0000000000,1.0000000000,2.8762139773
0.8860000000,0.0000000000,2.8789376293,3.2771473864,0.7081081081,0.5963503378,25.0000000000,25.0000000000,9.0000000000,1.0000000000,2.8792819389
0.8870000000,0.0000000000,2.8822147767,3.2771473864,0.7081081081,0.5963503378,25.0000000000,25.0000000000,9.0000000000,1.0000000000,2.8823499004
0.8880000000,0.0000000000,2.8854919241,3.2771473864,0.7081081081,0.5963503378,25.0000000000,25.0000000000,9.0000000000,1.0000000000,2.8854178620
0.8890000000,0.0000000000,2.8887690715,3.2771473864,0.7081081081,0.5963503378,25.0000000000,25.0000000000,9.0000000000,1.0000000000,2.8884858236
0.8900000000,0.0000000000,2.8920462189,3.2771473864,0.7081081081,0.5963503378,25.0000000000,25.0000000000,9.0000000000,1.0000000000,2.8915537852
0.8910000000,0.0000000000,2.8953233663,3.2771473864,0.7081081081,0.5963503378,25.0000000000,25.0000000000,9.0000000000,1.0000000000,2.8946217467
0.8920000000,0.0000000000,2.8986005136,3.2771473864,0.7081081081,0.5963503378,25.0000000000,25.0000000000,9.0000000000,1.0000000000,2.8992236891
0.8930000000,0.0000000000,2.9018776610,3.2771473864,0.7081081081,0.5963503378,25.0000000000,25.0000000000,9.0000000000,1.0000000000,2.9022916507
0.8940000000,0.0000000000,2.9051548084,3.2771473864,0.7081081081,0.5963503378,25.0000000000,25.0000000000,9.0000000000,1.0000000000,2.9053596123
0.8950000000,0.0000000000,2.9084319558,3.2771473864,0.7081081081,0.5963503378,25.0000000000,25.0000000000,9.0000000000,1.0000000000,2.9084275738
0.8960000000,0.0000000000,2.9117091032,3.2771473864,0.7081081081,0.5963503378,25.0000000000,25.0000000000,9.0000000000,1.0000000000,2.9114955354
0.8970000000,0.0000000000,2.9149862506,3.2771473864,0.7081081081,0.5963503378,25.0000000000,25.0000000000,9.0000000000,1.0000000000,2.9145634970
0.8980000000,0.0000000000,2.9182633980,3.2771473864,0.7081081081,0.5963503378,25.0000000000,25.0000000000,9.0000000000,1.0000000000,2.9176314586
0.8990000000,0.0000000000,2.9215405453,3.2771473864,0.7081081081,0.5963503378,25.0000000000,25.0000000000,9.0000000000,1.0000000000,2.9222334009
0.9000000000,0.0000000000,2.9248176927,3.2771473864,0.7081081081,0.5963503378,25.0000000000,25.0000000000,9.0000000000,1.0000000000,2.9253013625
0.9010000000,0.0000000000,2.9280948401,3.2771473864,0.7081081081,0.5963503378,25.0000000000,25.0000000000,9.0000000000,1.0000000000,2.9283693241
0.9020000000,0.0000000000,2.9313719875,3.2771473864,0.7081081081,0.5963503378,25.0000000000,25.0000000000,9.0000000000,1.0000000000,2.9314372856
0.9030000000,0.0000000000,2.9346491349,3.2771473864,0.7081081081,0.5963503378,25.0000000000,25.0000000000,9.0000000000,1.0000000000,2.9345052472
0.9040000000,0.0000000000,2.9379262823,3.2771473864,0.7081081081,0.5963503378,25.0000000000,25.0000000000,9.0000000000,1.0000000000,2.9375732088
0.9050000000,0.0000000000,2.9412034297,3.2771473864,0.7081081081,0.5963503378,25.0000000000,25.0000000000,9.0000000000,1.0000000000,2.9406411704
0.9060000000,0.0000000000,2.9444805771,3.2771473864,0.7081081081,0.5963503378,25.0000000000,25.0000000000,9.0000000000,1.0000000000,2.9452431127
0.9070000000,0.0000000000,2.9477577244,3.2771473864,0.7081081081,0.5963503378,25.0000000000,25.0000000000,9.0000000000,1.0000000000,2.9483110743
0.9080000000,0.0000000000,2.9510348718,3.2771473864,0.7081081081,0.5963503378,25.0000000000,25.0000000000,9.0000000000,1.0000000000,2.9513790359
0.9090000000,0.0000000000,2.9543120192,3.2771473864,0.7081081081,0.5963503378,25.0000000000,25.0000000000,9.0000000000,1.0000000000,2.9544469975
0.9100000000,0.0000000000,2.9575891666,3.2771473864,0.7081081081,0.5963503378,25.0000000000,25.0000000000,9.0000000000,1.0000000000,2.9575149590
0.9110000000,0.0000000000,2.9608663140,3.2771473864,0.7081081081,0.5963503378,25.0000000000,25.0000000000,9.0000000000,1.0000000000,2.9605829206
0.9120000000,0.0000000000,2.9641434614,3.2771473864,0.7081081081,0.5963503378,25.0000000000,25.0000000000,9.0000000000,1.0000000000,2.9636508822
0.9130000000,0.0000000000,2.9674206088,3.2771473864,0.7081081081,0.5963503378,25.0000000000,25.0000000000,9.0000000000,1.0000000000,2.9667188438
0.9140000000,0.0000000000,2.9706977561,3.2771473864,0.7081081081,0.5963503378,25.0000000000,25.0000000000,9.0000000000,1.0000000000,2.9713207861
0.9150000000,0.0000000000,2.9739749035,3.2771473864,0.7081081081,0.5963503378,25.0000000000,25.0000000000,9.0000000000,1.0000000000,2.9743887477
0.9160000000,0.0000000000,2.9772520509,3.2771473864,0.7081081081,0.5963503378,25.0000000000,25.0000000000,9.0000000000,1.0000000000,2.9774567093
0.9170000000,0.0000000000,2.9805291983,3.2771473864,0.7081081081,0.5963503378,25.0000000000,25.0000000000,9.0000000000,1.0000000000,2.9805246709
0.9180000000,0.0000000000,2.9838063457,3.2771473864,0.7081081081,0.5963503378,25.0000000000,25.0000000000,9.0000000000,1.0000000000,2.9835926324
0.9190000000,0.0000000000,2.9870834931,3.2771473864,0.7081081081,0.5963503378,25.0000000000,25.0000000000,9.0000000000,1.0000000000,2.9866605940
0.9200000000,0.0000000000,2.9903606405,3.2771473864,0.7081081081,0.5963503378,25.0000000000,25.0000000000,9.0000000000,1.0000000000,2.9897285556
0.9210000000,0.0000000000,2.9936377878,3.2771473864,0.7081081081,0.5963503378,25.0000000000,25.0000000000,9.0000000000,1.0000000000,2.9943304980
0.9220000000,0.0000000000,2.9969149352,3.2771473864,0.7081081081,0.5963503378,25.0000000000,25.0000000000,9.0000000000,1.0000000000,2.9973984595
0.9230000000,0.0000000000,3.0001920826,3.2771473864,0.7081081081,0.5963503378,25.0000000000,25.0000000000,9.0000000000,1.0000000000,3.0004664211
0.9240000000,0.0000000000,3.0034692300,3.2771473864,0.7081081081,0.5963503378,25.0000000000,25.0000000000,9.0000000000,1.0000000000,3.0035343827
0.9250000000,0.0000000000,3.0067463774,3.2771473864,0.7081081081,0.5963503378,25.0000000000,25.0000000000,9.0000000000,1.0000000000,3.0066023443
0.9260000000,0.0000000000,3.0100235248,3.2771473864,0.7081081081,0.5963503378,25.0000000000,25.0000000000,9.0000000000,1.0000000000,3.0096703058
0.9270000000,0.0000000000,3.0133006722,3.2771473864,0.7081081081,0.5963503378,25.0000000000,25.0000000000,9.0000000000,1.0000000000,3.0127382674
0.9280000000,0.0000000000,3.0165778196,3.2771473864,0.7081081081,0.5963503378,25.0000000000,25.0000000000,9.0000000000,1.0000000000,3.0173402098
0.9290000000,0.0000000000,3.0198549669,3.2771473864,0.7081081081,0.5963503378,25.0000000000,25.0000000000,9.0000000000,1.0000000000,3.0204081713
0.9300000000,0.0000000000,3.0231321143,3.2771473864,0.7081081081,0.5963503378,25.0000000000,25.0000000000,9.0000000000,1.0000000000,3.0234761329
0.9310000000,0.0000000000,3.0264092617,3.2771473864,0.7081081081,0.5963503378,25.0000000000,25.0000000000,9.0000000000,1.0000000000,3.0265440945
0.9320000000,0.0000000000,3.0296864091,3.2771473864,0.7081081081,0.5963503378,25.0000000000,25.0000000000,9.0000000000,1.0000000000,3.0296120561
0.9330000000,0.0000000000,3.0329635565,3.2771473864,0.7081081081,0.5963503378,25.0000000000,25.0000000000,9.0000000000,1.0000000000,3.0326800176
0.9340000000,0.0000000000,3.0362407039,3.2771473864,0.7081081081,0.5963503378,25.0000000000,25.0000000000,9.0000000000,1.0000000000,3.0357479792
0.9350000000,0.0000000000,3.0395178513,3.2771473864,0.7081081081,0.5963503378,25.0000000000,25.0000000000,9.0000000000,1.0000000000,3.0388159408
0.9360000000,0.0000000000,3.0427949986,3.2771473864,0.7081081081,0.5963503378,25.0000000000,25.0000000000,9.0000000000,1.0000000000,3.0434178832
0.9370000000,0.0000000000,3.0460721460,3.2771473864,0.7081081081,0.5963503378,25.0000000000,25.0000000000,9.0000000000,1.0000000000,3.0464858447
0.9380000000,0.0000000000,3.0493492934,3.2771473864,0.7081081081,0.5963503378,25.0000000000,25.0000000000,9.0000000000,1.0000000000,3.0495538063
0.9390000000,0.0000000000,3.0526264408,3.2771473864,0.7081081081,0.5963503378,25.0000000000,25.0000000000,9.0000000000,1.0000000000,3.0526217679
0.9400000000,0.0000000000,3.0559035882,3.2771473864,0.7081081081,0.5963503378,25.0000000000,25.0000000000,9.0000000000,1.0000000000,3.0556897295
0.9410000000,0.0000000000,3.0591807356,3.2771473864,0.7081081081,0.5963503378,25.0000000000,25.0000000000,9.0000000000,1.0000000000,3.0587576910
0.9420000000,0.0000000000,3.0624578830,3.2771473864,0.7081081081,0.5963503378,25.0000000000,25.0000000000,9.0000000000,1.0000000000,3.0618256526
0.9430000000,0.0000000000,3.0657350303,3.2771473864,0.7081081081,0.5963503378,25.0000000000,25.0000000000,9.0000000000,1.0000000000,3.0664275950
0.9440000000,0.0000000000,3.0690121777,3.2771473864,0.7081081081,0.5963503378,25.0000000000,25.0000000000,9.0000000000,1.0000000000,3.0694955566
0.9450000000,0.0000000000,3.0722893251,3.2771473864,0.7081081081,0.5963503378,25.0000000000,25.0000000000,9.0000000000,1.0000000000,3.0725635181
0.9460000000,0.0000000000,3.0755664725,3.2771473864,0.7081081081,0.5963503378,25.0000000000,25.0000000000,9.0000000000,1.0000000000,3.0756314797
0.9470000000,0.0000000000,3.0788436199,3.2771473864,0.7081081081,0.5963503378,25.0000000000,25.0000000000,9.0000000000,1.0000000000,3.0786994413
0.9480000000,0.0000000000,3.0821207673,3.2771473864,0.7081081081,0.5963503378,25.0000000000,25.0000000000,9.0000000000,1.0000000000,3.0817674029
0.9490000000,0.0000000000,3.0853979147,3.2771473864,0.7081081081,0.5963503378,25.0000000000,25.0000000000,9.0000000000,1.0000000000,3.0848353644
0.9500000000,0.0000000000,3.0886750621,3.2771473864,0.7081081081,0.5963503378,25.0000000000,25.0000000000,9.0000000000,1.0000000000,3.0894373068
0.9510000000,0.0000000000,3.0919522094,3.2771473864,0.7081081081,0.5963503378,25.0000000000,25.0000000000,9.0000000000,1.0000000000,3.0925052684
0.9520000000,0.0000000000,3.0952293568,3.2771473864,0.7081081081,0.5963503378,25.0000000000,25.0000000000,9.0000000000,1.0000000000,3.0955732300
0.9530000000,0.0000000000,3.0985065042,3.2771473864,0.7081081081,0.5963503378,25.0000000000,25.0000000000,9.0000000000,1.0000000000,3.0986411915
0.9540000000,0.0000000000,3.1017836516,3.2771473864,0.7081081081,0.5963503378,25.0000000000,25.0000000000,9.0000000000,1.0000000000,3.1017091531
0.9550000000,0.0000000000,3.1050607990,3.2771473864,0.7081081081,0.5963503378,25.0000000000,25.0000000000,9.0000000000,1.0000000000,3.1047771147
0.9560000000,0.0000000000,3.1083379464,3.2771473864,0.7081081081,0.5963503378,25.0000000000,25.0000000000,9.0000000000,1.0000000000,3.1078450763
0.9570000000,0.0000000000,3.1116150938,3.2771473864,0.7081081081,0.5963503378,25.0000000000,25.0000000000,9.0000000000,1.0000000000,3.1109130378
0.9580000000,0.0000000000,3.1148922411,3.2771473864,0.7081081081,0.5963503378,25.0000000000,25.0000000000,9.0000000000,1.0000000000,3.1155149802
0.9590000000,0.0000000000,3.1181693885,3.2771473864,0.7081081081,0.5963503378,25.0000000000,25.0000000000,9.0000000000,1.0000000000,3.1185829418
0.9600000000,0.0000000000,3.1214465359,3.2771473864,0.7081081081,0.5963503378,25.0000000000,25.0000000000,9.0000000000,1.0000000000,3.1216509033
0.9610000000,0.0000000000,3.1247236833,3.2771473864,0.7081081081,0.5963503378,25.0000000000,25.0000000000,9.0000000000,1.0000000000,3.1247188649
0.9620000000,0.0000000000,3.1280008307,3.2771473864,0.7081081081,0.5963503378,25.0000000000,25.0000000000,9.0000000000,1.0000000000,3.1277868265
0.9630000000,0.0000000000,3.1312779781,3.2771473864,0.7081081081,0.5963503378,25.0000000000,25.0000000000,9.0000000000,1.0000000000,3.1308547881
0.9640000000,0.0000000000,3.1345551255,3.2771473864,0.7081081081,0.5963503378,25.0000000000,25.0000000000,9.0000000000,1.0000000000,3.1339227497
0.9650000000,0.0000000000,3.1378322728,3.2771473864,0.7081081081,0.5963503378,25.0000000000,25.0000000000,9.0000000000,1.0000000000,3.1385246920
0.9660000000,0.0000000000,3.1411094202,3.2771473864,0.7081081081,0.5963503378,25.0000000000,25.0000000000,9.0000000000,1.0000000000,3.1415926536
0.9670000000,0.0000000000,3.1443865676,3.2771473864,0.7081081081,0.5963503378,25.0000000000,25.0000000000,9.0000000000,1.0000000000,3.1446606152
0.9680000000,0.0000000000,3.1476637150,3.2771473864,0.7081081081,0.5963503378,25.0000000000,25.0000000000,9.0000000000,1.0000000000,3.1477285767
0.9690000000,0.0000000000,3.1509408624,3.2771473864,0.7081081081,0.5963503378,25.0000000000,25.0000000000,9.0000000000,1.0000000000,3.1507965383
0.9700000000,0.0000000000,3.1542180098,3.2771473864,0.7081081081,0.5963503378,25.0000000000,25.0000000000,9.0000000000,1.0000000000,3.1538644999
0.9710000000,0.0000000000,3.1574951572,3.2771473864,0.7081081081,0.5963503378,25.0000000000,25.0000000000,9.0000000000,1.0000000000,3.1569324615
0.9720000000,0.0000000000,3.1607723046,3.2771473864,0.7081081081,0.5963503378,25.0000000000,25.0000000000,9.0000000000,1.0000000000,3.1615344038
0.9730000000,0.0000000000,3.1640494519,3.2771473864,0.7081081081,0.5963503378,25.0000000000,25.0000000000,9.0000000000,1.0000000000,3.1646023654
0.9740000000,0.0000000000,3.1673265993,3.2771473864,0.7081081081,0.5963503378,25.0000000000,25.0000000000,9.0000000000,1.0000000000,3.1676703270
0.9750000000,0.0000000000,3.1706037467,3.2771473864,0.7081081081,0.5963503378,25.0000000000,25.0000000000,9.0000000000,1.0000000000,3.1707382886
0.9760000000,0.0000000000,3.1738808941,3.2771473864,0.7081081081,0.5963503378,25.0000000000,25.0000000000,9.0000000000,1.0000000000,3.1738062501
0.9770000000,0.0000000000,3.1771580415,3.2771473864,0.7081081081,0.5963503378,25.0000000000,25.0000000000,9.0000000000,1.0000000000,3.1768742117
0.9780000000,0.0000000000,3.1804351889,3.2771473864,0.7081081081,0.5963503378,25.0000000000,25.0000000000,9.0000000000,1.0000000000,3.1799421733
0.9790000000,0.0000000000,3.1837123363,3.2771473864,0.7081081081,0.5963503378,25.0000000000,25.0000000000,9.0000000000,1.0000000000,3.1830101349
0.9800000000,0.0000000000,3.1869894836,3.2771473864,0.7081081081,0.5963503378,25.0000000000,25.0000000000,9.0000000000,1.0000000000,3.1876120772
0.9810000000,0.0000000000,3.1902666310,3.2771473864,0.7081081081,0.5963503378,25.0000000000,25.0000000000,9.0000000000,1.0000000000,3.1906800388
0.9820000000,0.0000000000,3.1935437784,3.2771473864,0.7081081081,0.5963503378,25.0000000000,25.0000000000,9.0000000000,1.0000000000,3.1937480004
0.9830000000,0.0000000000,3.1968209258,3.2771473864,0.7081081081,0.5963503378,25.0000000000,25.0000000000,9.0000000000,1.0000000000,3.1968159620
0.9840000000,0.0000000000,3.2000980732,3.2771473864,0.7081081081,0.5963503378,25.0000000000,25.0000000000,9.0000000000,1.0000000000,3.1998839235
0.9850000000,0.0000000000,3.2033752206,3.2771473864,0.7081081081,0.5963503378,25.0000000000,25.0000000000,9.0000000000,1.0000000000,3.2029518851
0.9860000000,0.0000000000,3.2066523680,3.2771473864,0.7081081081,0.5963503378,25.0000000000,25.0000000000,9.0000000000,1.0000000000,3.2060198467
0.9870000000,0.0000000000,3.2099295153,3.2771473864,0.7081081081,0.5963503378,25.0000000000,25.0000000000,9.0000000000,1.0000000000,3.2106217890
0.9880000000,0.0000000000,3.2132066627,3.2771473864,0.7081081081,0.5963503378,25.0000000000,25.0000000000,9.0000000000,1.0000000000,3.2136897506
0.9890000000,0.0000000000,3.2164838101,3.2771473864,0.7081081081,0.5963503378,25.0000000000,25.0000000000,9.0000000000,1.0000000000,3.2167577122
0.9900000000,0.0000000000,3.2197609575,3.2771473864,0.7081081081,0.5963503378,25.0000000000,25.0000000000,9.0000000000,1.0000000000,3.2198256738
0.9910000000,0.0000000000,3.2230381049,3.2771473864,0.7081081081,0.5963503378,25.0000000000,25.0000000000,9.0000000000,1.0000000000,3.2228936353
0.9920000000,0.0000000000,3.2263152523,3.2771473864,0.7081081081,0.5963503378,25.0000000000,25.0000000000,9.0000000000,1.0000000000,3.2259615969
0.9930000000,0.0000000000,3.2295923997,3.2771473864,0.7081081081,0.5963503378,25.0000000000,25.0000000000,9.0000000000,1.0000000000,3.2290295585
0.9940000000,0.0000000000,3.2328695471,3.2771473864,0.7081081081,0.5963503378,25.0000000000,25.0000000000,9.0000000000,1.0000000000,3.2336315009
0.9950000000,0.0000000000,3.2361466944,3.2771473864,0.7081081081,0.5963503378,25.0000000000,25.0000000000,9.0000000000,1.0000000000,3.2366994624
0.9960000000,0.0000000000,3.2394238418,3.2771473864,0.7081081081,0.5963503378,25.0000000000,25.0000000000,9.0000000000,1.0000000000,3.2397674240
0.9970000000,0.0000000000,3.2427009892,3.2771473864,0.7081081081,0.5963503378,25.0000000000,25.0000000000,9.0000000000,1.0000000000,3.2428353856
0.9980000000,0.0000000000,3.2459781366,3.2771473864,0.7081081081,0.5963503378,25.0000000000,25.0000000000,9.0000000000,1.0000000000,3.2459033472
0.9990000000,0.0000000000,3.2492552840,3.2771473864,0.7081081081,0.5963503378,25.0000000000,25.0000000000,9.0000000000,1.0000000000,3.2489713087
1.0000000000,0.0000000000,3.2525324314,3.2771473864,0.7081081081,0.5963503378,25.0000000000,25.0000000000,9.0000000000,1.0000000000,3.2520392703
