time_s,target_rad,angle_rad,speed_rad_s,current_a,torque_nm,winding_c,case_c,motor_voltage_v,duty,encoder_rad
0.0010000000,0.0000000000,-0.0010165943,-1.5783666484,1.6965333153,0.3588467153,25.0000000000,25.0000000000,9.0000000000,1.0000000000,-0.0015339808
0.0020000000,0.0000000000,-0.0033580386,-2.7476567966,1.4668399580,0.7736728911,25.0000000000,25.0000000000,9.0000000000,1.0000000000,-0.0030679616
0.0030000000,0.0000000000,-0.0066203072,-3.5250469097,1.2712895909,1.1479758400,25.0000000000,25.0000000000,9.0000000000,1.0000000000,-0.0061359232
0.0040000000,0.0000000000,-0.0104424727,-3.9610784301,1.3043285444,1.4694566231,25.0000000000,25.0000000000,9.0000000000,1.0000000000,-0.0107378655
0.0050000000,0.0000000000,-0.0145160047,-4.1080661482,1.4743569946,1.7393059845,25.0000000000,25.0000000000,9.0000000000,1.0000000000,-0.0138058271
0.0060000000,0.0000000000,-0.0185834911,-4.0163786865,1.6943222283,1.9595031535,25.0000000000,25.0000000000,9.0000000000,1.0000000000,-0.0184077695
0.0070000000,0.0000000000,-0.0224367176,-3.7345175225,1.9137230204,2.1319157412,25.0000000000,25.0000000000,9.0000000000,1.0000000000,-0.0230097118
0.0080000000,0.0000000000,-0.0259146739,-3.3088334914,2.1075938872,2.2589355038,25.0000000000,25.0000000000,9.0000000000,1.0000000000,-0.0260776734
0.0090000000,0.0000000000,-0.0289009387,-2.7827451674,2.2651756959,2.3438386115,25.0000000000,25.0000000000,9.0000000000,1.0000000000,-0.0291456350
0.0100000000,0.0000000000,-0.0313201175,-2.1956077182,2.3816445264,2.3916159322,25.0000000000,25.0000000000,9.0000000000,1.0000000000,-0.0306796158
0.0110000000,0.0000000000,-0.0331295555,-1.5747972964,2.4251232154,2.4177435617,25.0000000000,25.0000000000,9.0000000000,1.0000000000,-0.0337475773
0.0120000000,0.0000000000,-0.0343108180,-0.9461040541,2.4316018922,2.4139163434,25.0000000000,25.0000000000,9.0000000000,1.0000000000,-0.0337475773
0.0130000000,0.0000000000,-0.0348749614,-0.3394348240,2.4323321138,2.3815288613,25.0000000000,25.0000000000,9.0000000000,1.0000000000,-0.0352815581
0.0140000000,0.0000000000,-0.0348601712,0.2200946213,2.4286506592,2.3262777713,25.0000000000,25.0000000000,9.0000000000,1.0000000000,-0.0352815581
0.0150000000,0.0000000000,-0.0343261232,0.7131573724,2.4188670925,2.2539552941,25.0000000000,25.0000000000,9.0000000000,1.0000000000,-0.0337475773
0.0160000000,0.0000000000,-0.0333473501,1.1280166547,2.3936964449,2.1734599992,25.0000000000,25.0000000000,9.0000000000,1.0000000000,-0.0337475773
0.0170000000,0.0000000000,-0.0320045816,1.4614528851,2.3454679586,2.0920346953,25.0000000000,25.0000000000,9.0000000000,1.0000000000,-0.0322135965
0.0180000000,0.0000000000,-0.0303786504,1.7148103484,2.2808796743,2.0131185467,25.0000000000,25.0000000000,9.0000000000,1.0000000000,-0.0306796158
0.0190000000,0.0000000000,-0.0285472378,1.8922345240,2.2087834401,1.9392584144,25.0000000000,25.0000000000,9.0000000000,1.0000000000,-0.0291456350
0.0200000000,0.0000000000,-0.0265824625,2.0000685158,2.1356843064,1.8724436962,25.0000000000,25.0000000000,9.0000000000,1.0000000000,-0.0260776734
0.0210000000,0.0000000000,-0.0245490335,2.0462911459,2.0659060317,1.8140964914,25.0000000000,25.0000000000,9.0000000000,1.0000000000,-0.0245436926
0.0220000000,0.0000000000,-0.0225029686,2.0399512659,2.0022595685,1.7650789192,25.0000000000,25.0000000000,9.0000000000,1.0000000000,-0.0230097118
0.0230000000,0.0000000000,-0.0204908629,1.9906322484,1.9465086661,1.7257361347,25.0000000000,25.0000000000,9.0000000000,1.0000000000,-0.0199417502
0.0240000000,0.0000000000,-0.0185496573,1.9079755803,1.8996455816,1.6959634057,25.0000000000,25.0000000000,9.0000000000,1.0000000000,-0.0184077695
0.0250000000,0.0000000000,-0.0167068373,1.8012799304,1.8620631020,1.6752853620,25.0000000000,25.0000000000,9.0000000000,1.0000000000,-0.0168737887
0.0260000000,0.0000000000,-0.0149809817,1.6791823826,1.8336783904,1.6629390700,25.0000000000,25.0000000000,9.0000000000,1.0000000000,-0.0153398079
0.0270000000,0.0000000000,-0.0133825780,1.5494220172,1.8140351881,1.6579553823,25.0000000000,25.0000000000,9.0000000000,1.0000000000,-0.0138058271
0.0280000000,0.0000000000,-0.0119150253,1.4186816824,1.8023948416,1.6592348575,25.0000000000,25.0000000000,9.0000000000,1.0000000000,-0.0122718463
0.0290000000,0.0000000000,-0.0105757503,1.2925009118,1.7978192115,1.6656158014,25.0000000000,25.0000000000,9.0000000000,1.0000000000,-0.0107378655
0.0300000000,0.0000000000,-0.0093573705,1.1752510965,1.7992455767,1.6759329051,25.0000000000,25.0000000000,9.0000000000,1.0000000000,-0.0092038847
0.0310000000,0.0000000000,-0.0082488488,1.0701629569,1.8055527578,1.6890656851,25.0000000000,25.0000000000,9.0000000000,1.0000000000,-0.0076699039
0.0320000000,0.0000000000,-0.0072365936,0.9793959516,1.8156176683,1.7039765228,25.0000000000,25.0000000000,9.0000000000,1.0000000000,-0.0076699039
0.0330000000,0.0000000000,-0.0063054694,0.9041393547,1.8283618226,1.7197385717,25.0000000000,25.0000000000,9.0000000000,1.0000000000,-0.0061359232
0.0340000000,0.0000000000,-0.0054396909,0.8447352513,1.8427877324,1.7355541804,25.0000000000,25.0000000000,9.0000000000,1.0000000000,-0.0061359232
0.0350000000,0.0000000000,-0.0046235863,0.8008145206,1.8580055160,1.7507647505,25.0000000000,25.0000000000,9.0000000000,1.0000000000,-0.0046019424
0.0360000000,0.0000000000,-0.0038422201,0.7714379299,1.8732503710,1.7648531436,25.0000000000,25.0000000000,9.0000000000,1.0000000000,-0.0046019424
0.0370000000,0.0000000000,-0.0030818761,0.7552356400,1.8878918165,1.7774398549,25.0000000000,25.0000000000,9.0000000000,1.0000000000,-0.0030679616
0.0380000000,0.0000000000,-0.0023304040,0.7505396808,1.9014357843,1.7882742167,25.0000000000,25.0000000000,9.0000000000,1.0000000000,-0.0030679616
0.0390000000,0.0000000000,-0.0015774412,0.7555052031,1.9135207407,1.7972218714,25.0000000000,25.0000000000,9.0000000000,1.0000000000,-0.0015339808
0.0400000000,0.0000000000,-0.0008145211,0.7682175181,1.9239090552,1.8042496894,25.0000000000,25.0000000000,9.0000000000,1.0000000000,-0.0015339808
0.0410000000,0.0000000000,-0.0000350854,0.7867830492,1.9324748124,1.8094092027,25.0000000000,25.0000000000,9.0000000000,1.0000000000,-0.0000000000
0.0420000000,0.0000000000,0.0007655854,0.8094033101,1.9391891966,1.8128194979,25.0000000000,25.0000000000,9.0000000000,1.0000000000,0.0000000000
0.0430000000,0.0000000000,0.0015905032,0.8344318805,1.9441044803,1.8146503657,25.0000000000,25.0000000000,9.0000000000,1.0000000000,0.0015339808
0.0440000000,0.0000000000,0.0024411515,0.8604150512,1.9473375189,1.8151063533,25.0000000000,25.0000000000,9.0000000000,1.0000000000,0.0030679616
0.0450000000,0.0000000000,0.0033176951,0.8861173620,1.9490535184,1.8144122149,25.0000000000,25.0000000000,9.0000000000,1.0000000000,0.0030679616
0.0460000000,0.0000000000,0.0042192066,0.9105336595,1.9494506926,1.8128001081,25.0000000000,25.0000000000,9.0000000000,1.0000000000,0.0046019424
0.0470000000,0.0000000000,0.0051438984,0.9328895681,1.9487462830,1.8104987552,25.0000000000,25.0000000000,9.0000000000,1.0000000000,0.0046019424
0.0480000000,0.0000000000,0.0060893478,0.9526324051,1.9471642728,1.8077246639,25.0000000000,25.0000000000,9.0000000000,1.0000000000,0.0061359232
0.0490000000,0.0000000000,0.0070527092,0.9694146061,1.9449250006,1.8046754042,25.0000000000,25.0000000000,9.0000000000,1.0000000000,0.0076699039
0.0500000000,0.0000000000,0.0080309060,0.9830716666,1.9422367623,1.8015248536,25.0000000000,25.0000000000,9.0000000000,1.0000000000,0.0076699039
0.0510000000,0.0000000000,0.0090207972,0.9935964773,1.9392893946,1.7984202556,25.0000000000,25.0000000000,9.0000000000,1.0000000000,0.0092038847
0.0520000000,0.0000000000,0.0100193184,1.0011117431,1.9362497526,1.7954808935,25.0000000000,25.0000000000,9.0000000000,1.0000000000,0.0107378655
0.0530000000,0.0000000000,0.0110235933,1.0058419596,1.9332589315,1.7927981456,25.0000000000,25.0000000000,9.0000000000,1.0000000000,0.0107378655
0.0540000000,0.0000000000,0.0120310190,1.0080861733,1.9304310367,1.7904366767,25.0000000000,25.0000000000,9.0000000000,1.0000000000,0.0122718463
0.0550000000,0.0000000000,0.0130393243,1.0081925065,1.9278532808,1.7884365143,25.0000000000,25.0000000000,9.0000000000,1.0000000000,0.0138058271
0.0560000000,0.0000000000,0.0140466039,1.0065351787,1.9255871660,1.7868157687,25.0000000000,25.0000000000,9.0000000000,1.0000000000,0.0138058271
0.0570000000,0.0000000000,0.0150513320,1.0034945266,1.9236705128,1.7855737708,25.0000000000,25.0000000000,9.0000000000,1.0000000000,0.0153398079
0.0580000000,0.0000000000,0.0160523579,0.9994403105,1.9221201018,1.7846944255,25.0000000000,25.0000000000,9.0000000000,1.0000000000,0.0153398079
0.0590000000,0.0000000000,0.0170488864,0.9947184115,1.9209347103,1.7841496035,25.0000000000,25.0000000000,9.0000000000,1.0000000000,0.0168737887
0.0600000000,0.0000000000,0.0180404480,0.9896408643,1.9200983508,1.7839024271,25.0000000000,25.0000000000,9.0000000000,1.0000000000,0.0184077695
0.0610000000,0.0000000000,0.0190268597,0.9844790439,1.9195835417,1.7839103328,25.0000000000,25.0000000000,9.0000000000,1.0000000000,0.0184077695
0.0620000000,0.0000000000,0.0200081829,0.9794597282,1.9193544708,1.7841278253,25.0000000000,25.0000000000,9.0000000000,1.0000000000,0.0199417502
0.0630000000,0.0000000000,0.0209846764,0.9747636875,1.9193699402,1.7845088637,25.0000000000,25.0000000000,9.0000000000,1.0000000000,0.0214757310
0.0640000000,0.0000000000,0.0219567517,0.9705264127,1.9195860109,1.7850088480,25.0000000000,25.0000000000,9.0000000000,1.0000000000,0.0214757310
0.0650000000,0.0000000000,0.0229249288,0.9668405724,1.9199582916,1.7855861940,25.0000000000,25.0000000000,9.0000000000,1.0000000000,0.0230097118
0.0660000000,0.0000000000,0.0238897954,0.9637597930,1.9204438406,1.7862035066,25.0000000000,25.0000000000,9.0000000000,1.0000000000,0.0245436926
0.0670000000,0.0000000000,0.0248519711,0.9613033712,1.9210026719,1.7868283722,25.0000000000,25.0000000000,9.0000000000,1.0000000000,0.0245436926
0.0680000000,0.0000000000,0.0258120764,0.9594615613,1.9215988724,1.7874338073,25.0000000000,25.0000000000,9.0000000000,1.0000000000,0.0260776734
0.0690000000,0.0000000000,0.0267707065,0.9582011182,1.9222013551,1.7879984039,25.0000000000,25.0000000000,9.0000000000,1.0000000000,0.0260776734
0.0700000000,0.0000000000,0.0277284121,0.9574708230,1.9227842801,1.7885062215,25.0000000000,25.0000000000,9.0000000000,1.0000000000,0.0276116542
0.0710000000,0.0000000000,0.0286856842,0.9572067686,1.9233271859,1.7889464725,25.0000000000,25.0000000000,9.0000000000,1.0000000000,0.0291456350
0.0720000000,0.0000000000,0.0296429446,0.9573372286,1.9238148771,1.7893130529,25.0000000000,25.0000000000,9.0000000000,1.0000000000,0.0291456350
0.0730000000,0.0000000000,0.0306005409,0.9577869866,1.9242371151,1.7896039632,25.0000000000,25.0000000000,9.0000000000,1.0000000000,0.0306796158
0.0740000000,0.0000000000,0.0315587455,0.9584810410,1.9245881610,1.7898206634,25.0000000000,25.0000000000,9.0000000000,1.0000000000,0.0322135965
0.0750000000,0.0000000000,0.0325177574,0.9593476449,1.9248662138,1.7899674012,25.0000000000,25.0000000000,9.0000000000,1.0000000000,0.0322135965
0.0760000000,0.0000000000,0.0334777072,0.9603206752,1.9250727875,1.7900505432,25.0000000000,25.0000000000,9.0000000000,1.0000000000,0.0337475773
0.0770000000,0.0000000000,0.0344386642,0.9613413497,1.9252120615,1.7900779389,25.0000000000,25.0000000000,9.0000000000,1.0000000000,0.0337475773
0.0780000000,0.0000000000,0.0354006438,0.9623593402,1.9252902373,1.7900583355,25.0000000000,25.0000000000,9.0000000000,1.0000000000,0.0352815581
0.0790000000,0.0000000000,0.0363636167,0.9633333413,1.9253149259,1.7900008605,25.0000000000,25.0000000000,9.0000000000,1.0000000000,0.0368155389
0.0800000000,0.0000000000,0.0373275181,0.9642311671,1.9252945857,1.7899145793,25.0000000000,25.0000000000,9.0000000000,1.0000000000,0.0368155389
0.0810000000,0.0000000000,0.0382922567,0.9650294579,1.9252380254,1.7898081340,25.0000000000,25.0000000000,9.0000000000,1.0000000000,0.0383495197
0.0820000000,0.0000000000,0.0392577228,0.9657130760,1.9251539804,1.7896894644,25.0000000000,25.0000000000,9.0000000000,1.0000000000,0.0398835005
0.0830000000,0.0000000000,0.0402237963,0.9662742704,1.9250507672,1.7895656055,25.0000000000,25.0000000000,9.0000000000,1.0000000000,0.0398835005
0.0840000000,0.0000000000,0.0411903536,0.9667116877,1.9249360162,1.7894425598,25.0000000000,25.0000000000,9.0000000000,1.0000000000,0.0414174813
0.0850000000,0.0000000000,0.0421572729,0.9670292939,1.9248164804,1.7893252334,25.0000000000,25.0000000000,9.0000000000,1.0000000000,0.0414174813
0.0860000000,0.0000000000,0.0431244392,0.9672352703,1.9246979131,1.7892174290,25.0000000000,25.0000000000,9.0000000000,1.0000000000,0.0429514621
0.0870000000,0.0000000000,0.0440917478,0.9673409308,1.9245850090,1.7891218848,25.0000000000,25.0000000000,9.0000000000,1.0000000000,0.0444854428
0.0880000000,0.0000000000,0.0450591067,0.9673597033,1.9244813993,1.7890403512,25.0000000000,25.0000000000,9.0000000000,1.0000000000,0.0444854428
0.0890000000,0.0000000000,0.0460264381,0.9673062037,1.9243896904,1.7889736935,25.0000000000,25.0000000000,9.0000000000,1.0000000000,0.0460194236
0.0900000000,0.0000000000,0.0469936789,0.9671954260,1.9243115388,1.7889220132,25.0000000000,25.0000000000,9.0000000000,1.0000000000,0.0475534044
0.0910000000,0.0000000000,0.0479607813,0.9670420598,1.9242477514,1.7888847791,25.0000000000,25.0000000000,9.0000000000,1.0000000000,0.0475534044
0.0920000000,0.0000000000,0.0489277112,0.9668599413,1.9241984024,1.7888609613,25.0000000000,25.0000000000,9.0000000000,1.0000000000,0.0490873852
0.0930000000,0.0000000000,0.0498944480,0.9666616368,1.9241629605,1.7888491614,25.0000000000,25.0000000000,9.0000000000,1.0000000000,0.0506213660
0.0940000000,0.0000000000,0.0508609825,0.9664581514,1.9241404176,1.7888477357,25.0000000000,25.0000000000,9.0000000000,1.0000000000,0.0506213660
0.0950000000,0.0000000000,0.0518273154,0.9662587542,1.9241294146,1.7888549054,25.0000000000,25.0000000000,9.0000000000,1.0000000000,0.0521553468
0.0960000000,0.0000000000,0.0527934556,0.9660709049,1.9241283597,1.7888688543,25.0000000000,25.0000000000,9.0000000000,1.0000000000,0.0521553468
0.0970000000,0.0000000000,0.0537594183,0.9659002686,1.9241355345,1.7888878094,25.0000000000,25.0000000000,9.0000000000,1.0000000000,0.0536893276
0.0980000000,0.0000000000,0.0547252234,0.9657508002,1.9241491872,1.7889101061,25.0000000000,25.0000000000,9.0000000000,1.0000000000,0.0552233084
0.0990000000,0.0000000000,0.0556908936,0.9656248861,1.9241676103,1.7889342377,25.0000000000,25.0000000000,9.0000000000,1.0000000000,0.0552233084
0.1000000000,0.0000000000,0.0566564532,0.9655235228,1.9241892029,1.7889588887,25.0000000000,25.0000000000,9.0000000000,1.0000000000,0.0567572892
0.1010000000,0.0000000000,0.0576219268,0.9654465231,1.9242125175,1.7889829555,25.0000000000,25.0000000000,9.0000000000,1.0000000000,0.0582912699
0.1020000000,0.0000000000,0.0585873379,0.9653927328,1.9242362923,1.7890055537,25.0000000000,25.0000000000,9.0000000000,1.0000000000,0.0582912699
0.1030000000,0.0000000000,0.0595527088,0.9653602496,1.9242594701,1.7890260159,25.0000000000,25.0000000000,9.0000000000,1.0000000000,0.0598252507
0.1040000000,0.0000000000,0.0605180592,0.9653466337,1.9242812052,1.7890438806,25.0000000000,25.0000000000,9.0000000000,1.0000000000,0.0598252507
0.1050000000,0.0000000000,0.0614834062,0.9653491026,1.9243008612,1.7890588745,25.0000000000,25.0000000000,9.0000000000,1.0000000000,0.0613592315
0.1060000000,0.0000000000,0.0624487641,0.9653647067,1.9243179993,1.7890708905,25.0000000000,25.0000000000,9.0000000000,1.0000000000,0.0628932123
0.1070000000,0.0000000000,0.0634141443,0.9653904797,1.9243323622,1.7890799630,25.0000000000,25.0000000000,9.0000000000,1.0000000000,0.0628932123
0.1080000000,0.0000000000,0.0643795550,0.9654235628,1.9243438517,1.7890862406,25.0000000000,25.0000000000,9.0000000000,1.0000000000,0.0644271931
0.1090000000,0.0000000000,0.0653450018,0.9654613039,1.9243525052,1.7890899608,25.0000000000,25.0000000000,9.0000000000,1.0000000000,0.0659611739
0.1100000000,0.0000000000,0.0663104881,0.9655013290,1.9243584697,1.7890914238,25.0000000000,25.0000000000,9.0000000000,1.0000000000,0.0659611739
0.1110000000,0.0000000000,0.0672760146,0.9655415910,1.9243619765,1.7890909691,25.0000000000,25.0000000000,9.0000000000,1.0000000000,0.0674951547
0.1120000000,0.0000000000,0.0682415806,0.9655803955,1.9243633170,1.7890889550,25.0000000000,25.0000000000,9.0000000000,1.0000000000,0.0674951547
0.1130000000,0.0000000000,0.0692071838,0.9656164079,1.9243628198,1.7890857404,25.0000000000,25.0000000000,9.0000000000,1.0000000000,0.0690291355
0.1140000000,0.0000000000,0.0701728207,0.9656486446,1.9243608307,1.7890816698,25.0000000000,25.0000000000,9.0000000000,1.0000000000,0.0705631162
0.1150000000,0.0000000000,0.0711384871,0.9656764512,1.9243576954,1.7890770618,25.0000000000,25.0000000000,9.0000000000,1.0000000000,0.0705631162
0.1160000000,0.0000000000,0.0721041783,0.9656994709,1.9243537458,1.7890722007,25.0000000000,25.0000000000,9.0000000000,1.0000000000,0.0720970970
0.1170000000,0.0000000000,0.0730698895,0.9657176066,1.9243492880,1.7890673308,25.0000000000,25.0000000000,9.0000000000,1.0000000000,0.0736310778
0.1180000000,0.0000000000,0.0740356158,0.9657309788,1.9243445951,1.7890626536,25.0000000000,25.0000000000,9.0000000000,1.0000000000,0.0736310778
0.1190000000,0.0000000000,0.0750013527,0.9657398823,1.9243399012,1.7890583270,25.0000000000,25.0000000000,9.0000000000,1.0000000000,0.0751650586
0.1200000000,0.0000000000,0.0759670959,0.9657447430,1.9243353992,1.7890544663,25.0000000000,25.0000000000,9.0000000000,1.0000000000,0.0766990394
0.1210000000,0.0000000000,0.0769328417,0.9657460772,1.9243312400,1.7890511476,25.0000000000,25.0000000000,9.0000000000,1.0000000000,0.0766990394
0.1220000000,0.0000000000,0.0778985870,0.9657444547,1.9243275334,1.7890484111,25.0000000000,25.0000000000,9.0000000000,1.0000000000,0.0782330202
0.1230000000,0.0000000000,0.0788643291,0.9657404657,1.9243243515,1.7890462660,25.0000000000,25.0000000000,9.0000000000,1.0000000000,0.0782330202
0.1240000000,0.0000000000,0.0798300661,0.9657346930,1.9243217319,1.7890446956,25.0000000000,25.0000000000,9.0000000000,1.0000000000,0.0797670010
0.1250000000,0.0000000000,0.0807957965,0.9657276894,1.9243196826,1.7890436626,25.0000000000,25.0000000000,9.0000000000,1.0000000000,0.0813009818
0.1260000000,0.0000000000,0.0817615194,0.9657199602,1.9243181867,1.7890431142,25.0000000000,25.0000000000,9.0000000000,1.0000000000,0.0813009818
0.1270000000,0.0000000000,0.0827272343,0.9657119512,1.9243172077,1.7890429871,25.0000000000,25.0000000000,9.0000000000,1.0000000000,0.0828349625
0.1280000000,0.0000000000,0.0836929413,0.9657040407,1.9243166940,1.7890432120,25.0000000000,25.0000000000,9.0000000000,1.0000000000,0.0843689433
0.1290000000,0.0000000000,0.0846586406,0.9656965358,1.9243165845,1.7890437172,25.0000000000,25.0000000000,9.0000000000,1.0000000000,0.0843689433
0.1300000000,0.0000000000,0.0856243328,0.9656896728,1.9243168121,1.7890444325,25.0000000000,25.0000000000,9.0000000000,1.0000000000,0.0859029241
0.1310000000,0.0000000000,0.0865900186,0.9656836197,1.9243173077,1.7890452911,25.0000000000,25.0000000000,9.0000000000,1.0000000000,0.0859029241
0.1320000000,0.0000000000,0.0875556990,0.9656784815,1.9243180035,1.7890462326,25.0000000000,25.0000000000,9.0000000000,1.0000000000,0.0874369049
0.1330000000,0.0000000000,0.0885213748,0.9656743071,1.9243188355,1.7890472036,25.0000000000,25.0000000000,9.0000000000,1.0000000000,0.0889708857
0.1340000000,0.0000000000,0.0894870470,0.9656710970,1.9243197454,1.7890481590,25.0000000000,25.0000000000,9.0000000000,1.0000000000,0.0889708857
0.1350000000,0.0000000000,0.0904527166,0.9656688124,1.9243206822,1.7890490624,25.0000000000,25.0000000000,9.0000000000,1.0000000000,0.0905048665
0.1360000000,0.0000000000,0.0914183845,0.9656673831,1.9243216025,1.7890498859,25.0000000000,25.0000000000,9.0000000000,1.0000000000,0.0920388473
0.1370000000,0.0000000000,0.0923840514,0.9656667162,1.9243224716,1.7890506098,25.0000000000,25.0000000000,9.0000000000,1.0000000000,0.0920388473
0.1380000000,0.0000000000,0.0933497180,0.9656667042,1.9243232628,1.7890512221,25.0000000000,25.0000000000,9.0000000000,1.0000000000,0.0935728281
0.1390000000,0.0000000000,0.0943153850,0.9656672316,1.9243239575,1.7890517174,25.0000000000,25.0000000000,9.0000000000,1.0000000000,0.0935728281
0.1400000000,0.0000000000,0.0952810528,0.9656681812,1.9243245442,1.7890520961,25.0000000000,25.0000000000,9.0000000000,1.0000000000,0.0951068088
0.1410000000,0.0000000000,0.0962467218,0.9656694392,1.9243250180,1.7890523634,25.0000000000,25.0000000000,9.0000000000,1.0000000000,0.0966407896
0.1420000000,0.0000000000,0.0972123921,0.9656708995,1.9243253794,1.7890525278,25.0000000000,25.0000000000,9.0000000000,1.0000000000,0.0966407896
0.1430000000,0.0000000000,0.0981780640,0.9656724662,1.9243256335,1.7890526011,25.0000000000,25.0000000000,9.0000000000,1.0000000000,0.0981747704
0.1440000000,0.0000000000,0.0991437374,0.9656740562,1.9243257889,1.7890525962,25.0000000000,25.0000000000,9.0000000000,1.0000000000,0.0997087512
0.1450000000,0.0000000000,0.1001094125,0.9656756002,1.9243258567,1.7890525272,25.0000000000,25.0000000000,9.0000000000,1.0000000000,0.0997087512
0.1460000000,0.0000000000,0.1010750890,0.9656770429,1.9243258495,1.7890524083,25.0000000000,25.0000000000,9.0000000000,1.0000000000,0.1012427320
0.1470000000,0.0000000000,0.1020407669,0.9656783430,1.9243257811,1.7890522532,25.0000000000,25.0000000000,9.0000000000,1.0000000000,0.1027767128
0.1480000000,0.0000000000,0.1030064459,0.9656794725,1.9243256649,1.7890520747,25.0000000000,25.0000000000,9.0000000000,1.0000000000,0.1027767128
0.1490000000,0.0000000000,0.1039721260,0.9656804151,1.9243255143,1.7890518842,25.0000000000,25.0000000000,9.0000000000,1.0000000000,0.1043106936
0.1500000000,0.0000000000,0.1049378069,0.9656811653,1.9243253416,1.7890516918,25.0000000000,25.0000000000,9.0000000000,1.0000000000,0.1043106936
0.1510000000,0.0000000000,0.1059034884,0.9656817264,1.9243251577,1.7890515056,25.0000000000,25.0000000000,9.0000000000,1.0000000000,0.1058446744
0.1520000000,0.0000000000,0.1068691704,0.9656821089,1.9243249721,1.7890513321,25.0000000000,25.0000000000,9.0000000000,1.0000000000,0.1073786552
0.1530000000,0.0000000000,0.1078348527,0.9656823286,1.9243247928,1.7890511763,25.0000000000,25.0000000000,9.0000000000,1.0000000000,0.1073786552
0.1540000000,0.0000000000,0.1088005350,0.9656824054,1.9243246261,1.7890510414,25.0000000000,25.0000000000,9.0000000000,1.0000000000,0.1089126359
0.1550000000,0.0000000000,0.1097662174,0.9656823614,1.9243244764,1.7890509293,25.0000000000,25.0000000000,9.0000000000,1.0000000000,0.1104466167
0.1560000000,0.0000000000,0.1107318997,0.9656822198,1.9243243471,1.7890508405,25.0000000000,25.0000000000,9.0000000000,1.0000000000,0.1104466167
0.1570000000,0.0000000000,0.1116975818,0.9656820037,1.9243242397,1.7890507745,25.0000000000,25.0000000000,9.0000000000,1.0000000000,0.1119805975
0.1580000000,0.0000000000,0.1126632636,0.9656817353,1.9243241548,1.7890507300,25.0000000000,25.0000000000,9.0000000000,1.0000000000,0.1119805975
0.1590000000,0.0000000000,0.1136289452,0.9656814346,1.9243240919,1.7890507050,25.0000000000,25.0000000000,9.0000000000,1.0000000000,0.1135145783
0.1600000000,0.0000000000,0.1145946264,0.9656811199,1.9243240497,1.7890506971,25.0000000000,25.0000000000,9.0000000000,1.0000000000,0.1150485591
0.1610000000,0.0000000000,0.1155603074,0.9656808065,1.9243240262,1.7890507036,25.0000000000,25.0000000000,9.0000000000,1.0000000000,0.1150485591
0.1620000000,0.0000000000,0.1165259880,0.9656805071,1.9243240191,1.7890507216,25.0000000000,25.0000000000,9.0000000000,1.0000000000,0.1165825399
0.1630000000,0.0000000000,0.1174916683,0.9656802314,1.9243240258,1.7890507485,25.0000000000,25.0000000000,9.0000000000,1.0000000000,0.1181165207
0.1640000000,0.0000000000,0.1184573484,0.9656799866,1.9243240436,1.7890507814,25.0000000000,25.0000000000,9.0000000000,1.0000000000,0.1181165207
0.1650000000,0.0000000000,0.1194230282,0.9656797772,1.9243240697,1.7890508181,25.0000000000,25.0000000000,9.0000000000,1.0000000000,0.1196505015
0.1660000000,0.0000000000,0.1203887079,0.9656796056,1.9243241017,1.7890508563,25.0000000000,25.0000000000,9.0000000000,1.0000000000,0.1196505015
0.1670000000,0.0000000000,0.1213543874,0.9656794722,1.9243241371,1.7890508942,25.0000000000,25.0000000000,9.0000000000,1.0000000000,0.1211844822
0.1680000000,0.0000000000,0.1223200668,0.9656793755,1.9243241740,1.7890509302,25.0000000000,25.0000000000,9.0000000000,1.0000000000,0.1227184630
0.1690000000,0.0000000000,0.1232857462,0.9656793132,1.9243242105,1.7890509633,25.0000000000,25.0000000000,9.0000000000,1.0000000000,0.1227184630
0.1700000000,0.0000000000,0.1242514255,0.9656792817,1.9243242452,1.7890509926,25.0000000000,25.0000000000,9.0000000000,1.0000000000,0.1242524438
0.1710000000,0.0000000000,0.1252171047,0.9656792767,1.9243242770,1.7890510176,25.0000000000,25.0000000000,9.0000000000,1.0000000000,0.1257864246
0.1720000000,0.0000000000,0.1261827840,0.9656792939,1.9243243051,1.7890510380,25.0000000000,25.0000000000,9.0000000000,1.0000000000,0.1257864246
0.1730000000,0.0000000000,0.1271484633,0.9656793285,1.9243243290,1.7890510537,25.0000000000,25.0000000000,9.0000000000,1.0000000000,0.1273204054
0.1740000000,0.0000000000,0.1281141427,0.9656793762,1.9243243485,1.7890510651,25.0000000000,25.0000000000,9.0000000000,1.0000000000,0.1288543862
0.1750000000,0.0000000000,0.1290798221,0.9656794325,1.9243243636,1.7890510723,25.0000000000,25.0000000000,9.0000000000,1.0000000000,0.1288543862
0.1760000000,0.0000000000,0.1300455016,0.9656794937,1.9243243743,1.7890510758,25.0000000000,25.0000000000,9.0000000000,1.0000000000,0.1303883670
0.1770000000,0.0000000000,0.1310111811,0.9656795564,1.9243243812,1.7890510761,25.0000000000,25.0000000000,9.0000000000,1.0000000000,0.1303883670
0.1780000000,0.0000000000,0.1319768607,0.9656796178,1.9243243844,1.7890510738,25.0000000000,25.0000000000,9.0000000000,1.0000000000,0.1319223478
0.1790000000,0.0000000000,0.1329425404,0.9656796755,1.9243243847,1.7890510695,25.0000000000,25.0000000000,9.0000000000,1.0000000000,0.1334563285
0.1800000000,0.0000000000,0.1339082201,0.9656797279,1.9243243824,1.7890510636,25.0000000000,25.0000000000,9.0000000000,1.0000000000,0.1334563285
0.1810000000,0.0000000000,0.1348738998,0.9656797737,1.9243243781,1.7890510567,25.0000000000,25.0000000000,9.0000000000,1.0000000000,0.1349903093
0.1820000000,0.0000000000,0.1358395796,0.9656798122,1.9243243724,1.7890510492,25.0000000000,25.0000000000,9.0000000000,1.0000000000,0.1365242901
0.1830000000,0.0000000000,0.1368052594,0.9656798432,1.9243243657,1.7890510416,25.0000000000,25.0000000000,9.0000000000,1.0000000000,0.1365242901
0.1840000000,0.0000000000,0.1377709393,0.9656798667,1.9243243585,1.7890510342,25.0000000000,25.0000000000,9.0000000000,1.0000000000,0.1380582709
0.1850000000,0.0000000000,0.1387366192,0.9656798830,1.9243243512,1.7890510273,25.0000000000,25.0000000000,9.0000000000,1.0000000000,0.1380582709
0.1860000000,0.0000000000,0.1397022991,0.9656798928,1.9243243441,1.7890510210,25.0000000000,25.0000000000,9.0000000000,1.0000000000,0.1395922517
0.1870000000,0.0000000000,0.1406679790,0.9656798968,1.9243243374,1.7890510155,25.0000000000,25.0000000000,9.0000000000,1.0000000000,0.1411262325
0.1880000000,0.0000000000,0.1416336589,0.9656798959,1.9243243314,1.7890510109,25.0000000000,25.0000000000,9.0000000000,1.0000000000,0.1411262325
0.1890000000,0.0000000000,0.1425993388,0.9656798910,1.9243243261,1.7890510073,25.0000000000,25.0000000000,9.0000000000,1.0000000000,0.1426602133
0.1900000000,0.0000000000,0.1435650186,0.9656798829,1.9243243217,1.7890510045,25.0000000000,25.0000000000,9.0000000000,1.0000000000,0.1441941941
0.1910000000,0.0000000000,0.1445306985,0.9656798727,1.9243243182,1.7890510026,25.0000000000,25.0000000000,9.0000000000,1.0000000000,0.1441941941
0.1920000000,0.0000000000,0.1454963784,0.9656798610,1.9243243156,1.7890510015,25.0000000000,25.0000000000,9.0000000000,1.0000000000,0.1457281748
0.1930000000,0.0000000000,0.1464620582,0.9656798487,1.9243243138,1.7890510011,25.0000000000,25.0000000000,9.0000000000,1.0000000000,0.1457281748
0.1940000000,0.0000000000,0.1474277381,0.9656798363,1.9243243127,1.7890510012,25.0000000000,25.0000000000,9.0000000000,1.0000000000,0.1472621556
0.1950000000,0.0000000000,0.1483934179,0.9656798243,1.9243243123,1.7890510019,25.0000000000,25.0000000000,9.0000000000,1.0000000000,0.1487961364
0.1960000000,0.0000000000,0.1493590977,0.9656798133,1.9243243125,1.7890510029,25.0000000000,25.0000000000,9.0000000000,1.0000000000,0.1487961364
0.1970000000,0.0000000000,0.1503247775,0.9656798034,1.9243243131,1.7890510041,25.0000000000,25.0000000000,9.0000000000,1.0000000000,0.1503301172
0.1980000000,0.0000000000,0.1512904573,0.9656797949,1.9243243141,1.7890510055,25.0000000000,25.0000000000,9.0000000000,1.0000000000,0.1518640980
0.1990000000,0.0000000000,0.1522561371,0.9656797878,1.9243243153,1.7890510070,25.0000000000,25.0000000000,9.0000000000,1.0000000000,0.1518640980
0.2000000000,0.0000000000,0.1532218169,0.9656797823,1.9243243167,1.7890510085,25.0000000000,25.0000000000,9.0000000000,1.0000000000,0.1533980788
0.2010000000,0.0000000000,0.1541874967,0.9656797782,1.9243243181,1.7890510100,25.0000000000,25.0000000000,9.0000000000,1.0000000000,0.1549320596
0.2020000000,0.0000000000,0.1551531765,0.9656797755,1.9243243196,1.7890510113,25.0000000000,25.0000000000,9.0000000000,1.0000000000,0.1549320596
0.2030000000,0.0000000000,0.1561188562,0.9656797741,1.9243243210,1.7890510125,25.0000000000,25.0000000000,9.0000000000,1.0000000000,0.1564660404
0.2040000000,0.0000000000,0.1570845360,0.9656797737,1.9243243222,1.7890510135,25.0000000000,25.0000000000,9.0000000000,1.0000000000,0.1564660404
0.2050000000,0.0000000000,0.1580502158,0.9656797742,1.9243243234,1.7890510143,25.0000000000,25.0000000000,9.0000000000,1.0000000000,0.1580000212
0.2060000000,0.0000000000,0.1590158956,0.9656797755,1.9243243243,1.7890510150,25.0000000000,25.0000000000,9.0000000000,1.0000000000,0.1595340019
0.2070000000,0.0000000000,0.1599815753,0.9656797773,1.9243243251,1.7890510155,25.0000000000,25.0000000000,9.0000000000,1.0000000000,0.1595340019
0.2080000000,0.0000000000,0.1609472551,0.9656797794,1.9243243258,1.7890510158,25.0000000000,25.0000000000,9.0000000000,1.0000000000,0.1610679827
0.2090000000,0.0000000000,0.1619129349,0.9656797818,1.9243243262,1.7890510160,25.0000000000,25.0000000000,9.0000000000,1.0000000000,0.1626019635
0.2100000000,0.0000000000,0.1628786147,0.9656797843,1.9243243265,1.7890510160,25.0000000000,25.0000000000,9.0000000000,1.0000000000,0.1626019635
0.2110000000,0.0000000000,0.1638442945,0.9656797867,1.9243243267,1.7890510159,25.0000000000,25.0000000000,9.0000000000,1.0000000000,0.1641359443
0.2120000000,0.0000000000,0.1648099743,0.9656797890,1.9243243267,1.7890510158,25.0000000000,25.0000000000,9.0000000000,1.0000000000,0.1641359443
0.2130000000,0.0000000000,0.1657756540,0.9656797911,1.9243243266,1.7890510155,25.0000000000,25.0000000000,9.0000000000,1.0000000000,0.1656699251
0.2140000000,0.0000000000,0.1667413338,0.9656797930,1.9243243265,1.7890510153,25.0000000000,25.0000000000,9.0000000000,1.0000000000,0.1672039059
0.2150000000,0.0000000000,0.1677070136,0.9656797946,1.9243243263,1.7890510150,25.0000000000,25.0000000000,9.0000000000,1.0000000000,0.1672039059
0.2160000000,0.0000000000,0.1686726934,0.9656797958,1.9243243260,1.7890510147,25.0000000000,25.0000000000,9.0000000000,1.0000000000,0.1687378867
0.2170000000,0.0000000000,0.1696383732,0.9656797968,1.9243243257,1.7890510144,25.0000000000,25.0000000000,9.0000000000,1.0000000000,0.1702718675
0.2180000000,0.0000000000,0.1706040530,0.9656797975,1.9243243254,1.7890510141,25.0000000000,25.0000000000,9.0000000000,1.0000000000,0.1702718675
0.2190000000,0.0000000000,0.1715697328,0.9656797979,1.9243243252,1.7890510139,25.0000000000,25.0000000000,9.0000000000,1.0000000000,0.1718058482
0.2200000000,0.0000000000,0.1725354126,0.9656797981,1.9243243249,1.7890510136,25.0000000000,25.0000000000,9.0000000000,1.0000000000,0.1718058482
0.2210000000,0.0000000000,0.1735010924,0.9656797981,1.9243243246,1.7890510134,25.0000000000,25.0000000000,9.0000000000,1.0000000000,0.1733398290
0.2220000000,0.0000000000,0.1744667722,0.9656797980,1.9243243244,1.7890510133,25.0000000000,25.0000000000,9.0000000000,1.0000000000,0.1748738098
0.2230000000,0.0000000000,0.1754324520,0.9656797977,1.9243243243,1.7890510132,25.0000000000,25.0000000000,9.0000000000,1.0000000000,0.1748738098
0.2240000000,0.0000000000,0.1763981318,0.9656797973,1.9243243241,1.7890510131,25.0000000000,25.0000000000,9.0000000000,1.0000000000,0.1764077906
0.2250000000,0.0000000000,0.1773638116,0.9656797968,1.9243243240,1.7890510130,25.0000000000,25.0000000000,9.0000000000,1.0000000000,0.1779417714
0.2260000000,0.0000000000,0.1783294914,0.9656797963,1.9243243239,1.7890510130,25.0000000000,25.0000000000,9.0000000000,1.0000000000,0.1779417714
0.2270000000,0.0000000000,0.1792951712,0.9656797959,1.9243243239,1.7890510130,25.0000000000,25.0000000000,9.0000000000,1.0000000000,0.1794757522
0.2280000000,0.0000000000,0.1802608510,0.9656797954,1.9243243239,1.7890510130,25.0000000000,25.0000000000,9.0000000000,1.0000000000,0.1810097330
0.2290000000,0.0000000000,0.1812265308,0.9656797949,1.9243243239,1.7890510131,25.0000000000,25.0000000000,9.0000000000,1.0000000000,0.1810097330
0.2300000000,0.0000000000,0.1821922106,0.9656797945,1.9243243239,1.7890510131,25.0000000000,25.0000000000,9.0000000000,1.0000000000,0.1825437138
0.2310000000,0.0000000000,0.1831578904,0.9656797942,1.9243243239,1.7890510132,25.0000000000,25.0000000000,9.0000000000,1.0000000000,0.1825437138
0.2320000000,0.0000000000,0.1841235702,0.9656797939,1.9243243240,1.7890510132,25.0000000000,25.0000000000,9.0000000000,1.0000000000,0.1840776945
0.2330000000,0.0000000000,0.1850892500,0.9656797937,1.9243243240,1.7890510133,25.0000000000,25.0000000000,9.0000000000,1.0000000000,0.1856116753
0.2340000000,0.0000000000,0.1860549298,0.9656797935,1.9243243241,1.7890510134,25.0000000000,25.0000000000,9.0000000000,1.0000000000,0.1856116753
0.2350000000,0.0000000000,0.1870206095,0.9656797934,1.9243243241,1.7890510134,25.0000000000,25.0000000000,9.0000000000,1.0000000000,0.1871456561
0.2360000000,0.0000000000,0.1879862893,0.9656797933,1.9243243242,1.7890510135,25.0000000000,25.0000000000,9.0000000000,1.0000000000,0.1886796369
0.2370000000,0.0000000000,0.1889519691,0.9656797933,1.9243243242,1.7890510135,25.0000000000,25.0000000000,9.0000000000,1.0000000000,0.1886796369
0.2380000000,0.0000000000,0.1899176489,0.9656797933,1.9243243243,1.7890510135,25.0000000000,25.0000000000,9.0000000000,1.0000000000,0.1902136177
0.2390000000,0.0000000000,0.1908833287,0.9656797934,1.9243243243,1.7890510136,25.0000000000,25.0000000000,9.0000000000,1.0000000000,0.1902136177
0.2400000000,0.0000000000,0.1918490085,0.9656797934,1.9243243244,1.7890510136,25.0000000000,25.0000000000,9.0000000000,1.0000000000,0.1917475985
0.2410000000,0.0000000000,0.1928146883,0.9656797935,1.9243243244,1.7890510136,25.0000000000,25.0000000000,9.0000000000,1.0000000000,0.1932815793
0.2420000000,0.0000000000,0.1937803681,0.9656797936,1.9243243244,1.7890510136,25.0000000000,25.0000000000,9.0000000000,1.0000000000,0.1932815793
0.2430000000,0.0000000000,0.1947460479,0.9656797937,1.9243243244,1.7890510136,25.0000000000,25.0000000000,9.0000000000,1.0000000000,0.1948155601
0.2440000000,0.0000000000,0.1957117277,0.9656797938,1.9243243244,1.7890510136,25.0000000000,25.0000000000,9.0000000000,1.0000000000,0.1963495408
0.2450000000,0.0000000000,0.1966774075,0.9656797939,1.9243243244,1.7890510136,25.0000000000,25.0000000000,9.0000000000,1.0000000000,0.1963495408
0.2460000000,0.0000000000,0.1976430873,0.9656797940,1.9243243244,1.7890510136,25.0000000000,25.0000000000,9.0000000000,1.0000000000,0.1978835216
0.2470000000,0.0000000000,0.1986087671,0.9656797941,1.9243243244,1.7890510136,25.0000000000,25.0000000000,9.0000000000,1.0000000000,0.1978835216
0.2480000000,0.0000000000,0.1995744469,0.9656797941,1.9243243244,1.7890510136,25.0000000000,25.0000000000,9.0000000000,1.0000000000,0.1994175024
0.2490000000,0.0000000000,0.2005401267,0.9656797942,1.9243243244,1.7890510136,25.0000000000,25.0000000000,9.0000000000,1.0000000000,0.2009514832
0.2500000000,0.0000000000,0.2015058065,0.9656797942,1.9243243244,1.7890510135,25.0000000000,25.0000000000,9.0000000000,1.0000000000,0.2009514832
0.2510000000,0.0000000000,0.2024714862,0.9656797942,1.9243243244,1.7890510135,25.0000000000,25.0000000000,9.0000000000,1.0000000000,0.2024854640
0.2520000000,0.0000000000,0.2034371660,0.9656797943,1.9243243244,1.7890510135,25.0000000000,25.0000000000,9.0000000000,1.0000000000,0.2040194448
0.2530000000,0.0000000000,0.2044028458,0.9656797943,1.9243243243,1.7890510135,25.0000000000,25.0000000000,9.0000000000,1.0000000000,0.2040194448
0.2540000000,0.0000000000,0.2053685256,0.9656797943,1.9243243243,1.7890510135,25.0000000000,25.0000000000,9.0000000000,1.0000000000,0.2055534256
0.2550000000,0.0000000000,0.2063342054,0.9656797943,1.9243243243,1.7890510135,25.0000000000,25.0000000000,9.0000000000,1.0000000000,0.2070874064
0.2560000000,0.0000000000,0.2072998852,0.9656797943,1.9243243243,1.7890510135,25.0000000000,25.0000000000,9.0000000000,1.0000000000,0.2070874064
0.2570000000,0.0000000000,0.2082655650,0.9656797942,1.9243243243,1.7890510135,25.0000000000,25.0000000000,9.0000000000,1.0000000000,0.2086213872
0.2580000000,0.0000000000,0.2092312448,0.9656797942,1.9243243243,1.7890510135,25.0000000000,25.0000000000,9.0000000000,1.0000000000,0.2086213872
0.2590000000,0.0000000000,0.2101969246,0.9656797942,1.9243243243,1.7890510135,25.0000000000,25.0000000000,9.0000000000,1.0000000000,0.2101553679
0.2600000000,0.0000000000,0.2111626044,0.9656797942,1.9243243243,1.7890510135,25.0000000000,25.0000000000,9.0000000000,1.0000000000,0.2116893487
0.2610000000,0.0000000000,0.2121282842,0.9656797942,1.9243243243,1.7890510135,25.0000000000,25.0000000000,9.0000000000,1.0000000000,0.2116893487
0.2620000000,0.0000000000,0.2130939640,0.9656797941,1.9243243243,1.7890510135,25.0000000000,25.0000000000,9.0000000000,1.0000000000,0.2132233295
0.2630000000,0.0000000000,0.2140596438,0.9656797941,1.9243243243,1.7890510135,25.0000000000,25.0000000000,9.0000000000,1.0000000000,0.2147573103
0.2640000000,0.0000000000,0.2150253236,0.9656797941,1.9243243243,1.7890510135,25.0000000000,25.0000000000,9.0000000000,1.0000000000,0.2147573103
0.2650000000,0.0000000000,0.2159910034,0.9656797941,1.9243243243,1.7890510135,25.0000000000,25.0000000000,9.0000000000,1.0000000000,0.2162912911
0.2660000000,0.0000000000,0.2169566832,0.9656797941,1.9243243243,1.7890510135,25.0000000000,25.0000000000,9.0000000000,1.0000000000,0.2162912911
0.2670000000,0.0000000000,0.2179223630,0.9656797941,1.9243243243,1.7890510135,25.0000000000,25.0000000000,9.0000000000,1.0000000000,0.2178252719
0.2680000000,0.0000000000,0.2188880428,0.9656797941,1.9243243243,1.7890510135,25.0000000000,25.0000000000,9.0000000000,1.0000000000,0.2193592527
0.2690000000,0.0000000000,0.2198537225,0.9656797941,1.9243243243,1.7890510135,25.0000000000,25.0000000000,9.0000000000,1.0000000000,0.2193592527
0.2700000000,0.0000000000,0.2208194023,0.9656797941,1.9243243243,1.7890510135,25.0000000000,25.0000000000,9.0000000000,1.0000000000,0.2208932335
0.2710000000,0.0000000000,0.2217850821,0.9656797941,1.9243243243,1.7890510135,25.0000000000,25.0000000000,9.0000000000,1.0000000000,0.2224272142
0.2720000000,0.0000000000,0.2227507619,0.9656797941,1.9243243243,1.7890510135,25.0000000000,25.0000000000,9.0000000000,1.0000000000,0.2224272142
0.2730000000,0.0000000000,0.2237164417,0.9656797941,1.9243243243,1.7890510135,25.0000000000,25.0000000000,9.0000000000,1.0000000000,0.2239611950
0.2740000000,0.0000000000,0.2246821215,0.9656797941,1.9243243243,1.7890510135,25.0000000000,25.0000000000,9.0000000000,1.0000000000,0.2239611950
0.2750000000,0.0000000000,0.2256478013,0.9656797941,1.9243243243,1.7890510135,25.0000000000,25.0000000000,9.0000000000,1.0000000000,0.2254951758
0.2760000000,0.0000000000,0.2266134811,0.9656797941,1.9243243243,1.7890510135,25.0000000000,25.0000000000,9.0000000000,1.0000000000,0.2270291566
0.2770000000,0.0000000000,0.2275791609,0.9656797941,1.9243243243,1.7890510135,25.0000000000,25.0000000000,9.0000000000,1.0000000000,0.2270291566
0.2780000000,0.0000000000,0.2285448407,0.9656797941,1.9243243243,1.7890510135,25.0000000000,25.0000000000,9.0000000000,1.0000000000,0.2285631374
0.2790000000,0.0000000000,0.2295105205,0.9656797941,1.9243243243,1.7890510135,25.0000000000,25.0000000000,9.0000000000,1.0000000000,0.2300971182
0.2800000000,0.0000000000,0.2304762003,0.9656797941,1.9243243243,1.7890510135,25.0000000000,25.0000000000,9.0000000000,1.0000000000,0.2300971182
0.2810000000,0.0000000000,0.2314418801,0.9656797941,1.9243243243,1.7890510135,25.0000000000,25.0000000000,9.0000000000,1.0000000000,0.2316310990
0.2820000000,0.0000000000,0.2324075599,0.9656797941,1.9243243243,1.7890510135,25.0000000000,25.0000000000,9.0000000000,1.0000000000,0.2331650798
0.2830000000,0.0000000000,0.2333732397,0.9656797941,1.9243243243,1.7890510135,25.0000000000,25.0000000000,9.0000000000,1.0000000000,0.2331650798
0.2840000000,0.0000000000,0.2343389195,0.9656797941,1.9243243243,1.7890510135,25.0000000000,25.0000000000,9.0000000000,1.0000000000,0.2346990605
0.2850000000,0.0000000000,0.2353045992,0.9656797941,1.9243243243,1.7890510135,25.0000000000,25.0000000000,9.0000000000,1.0000000000,0.2346990605
0.2860000000,0.0000000000,0.2362702790,0.9656797941,1.9243243243,1.7890510135,25.0000000000,25.0000000000,9.0000000000,1.0000000000,0.2362330413
0.2870000000,0.0000000000,0.2372359588,0.9656797941,1.9243243243,1.7890510135,25.0000000000,25.0000000000,9.0000000000,1.0000000000,0.2377670221
0.2880000000,0.0000000000,0.2382016386,0.9656797941,1.9243243243,1.7890510135,25.0000000000,25.0000000000,9.0000000000,1.0000000000,0.2377670221
0.2890000000,0.0000000000,0.2391673184,0.9656797941,1.9243243243,1.7890510135,25.0000000000,25.0000000000,9.0000000000,1.0000000000,0.2393010029
0.2900000000,0.0000000000,0.2401329982,0.9656797941,1.9243243243,1.7890510135,25.0000000000,25.0000000000,9.0000000000,1.0000000000,0.2408349837
0.2910000000,0.0000000000,0.2410986780,0.9656797941,1.9243243243,1.7890510135,25.0000000000,25.0000000000,9.0000000000,1.0000000000,0.2408349837
0.2920000000,0.0000000000,0.2420643578,0.9656797941,1.9243243243,1.7890510135,25.0000000000,25.0000000000,9.0000000000,1.0000000000,0.2423689645
0.2930000000,0.0000000000,0.2430300376,0.9656797941,1.9243243243,1.7890510135,25.0000000000,25.0000000000,9.0000000000,1.0000000000,0.2423689645
0.2940000000,0.0000000000,0.2439957174,0.9656797941,1.9243243243,1.7890510135,25.0000000000,25.0000000000,9.0000000000,1.0000000000,0.2439029453
0.2950000000,0.0000000000,0.2449613972,0.9656797941,1.9243243243,1.7890510135,25.0000000000,25.0000000000,9.0000000000,1.0000000000,0.2454369261
0.2960000000,0.0000000000,0.2459270770,0.9656797941,1.9243243243,1.7890510135,25.0000000000,25.0000000000,9.0000000000,1.0000000000,0.2454369261
0.2970000000,0.0000000000,0.2468927568,0.9656797941,1.9243243243,1.7890510135,25.0000000000,25.0000000000,9.0000000000,1.0000000000,0.2469709068
0.2980000000,0.0000000000,0.2478584366,0.9656797941,1.9243243243,1.7890510135,25.0000000000,25.0000000000,9.0000000000,1.0000000000,0.2485048876
0.2990000000,0.0000000000,0.2488241164,0.9656797941,1.9243243243,1.7890510135,25.0000000000,25.0000000000,9.0000000000,1.0000000000,0.2485048876
0.3000000000,0.0000000000,0.2497897962,0.9656797941,1.9243243243,1.7890510135,25.0000000000,25.0000000000,9.0000000000,1.0000000000,0.2500388684
0.3010000000,0.0000000000,0.2507554760,0.9656797941,1.9243243243,1.7890510135,25.0000000000,25.0000000000,9.0000000000,1.0000000000,0.2500388684
0.3020000000,0.0000000000,0.2517211557,0.9656797941,1.9243243243,1.7890510135,25.0000000000,25.0000000000,9.0000000000,1.0000000000,0.2515728492
0.3030000000,0.0000000000,0.2526868355,0.9656797941,1.9243243243,1.7890510135,25.0000000000,25.0000000000,9.0000000000,1.0000000000,0.2531068300
0.3040000000,0.0000000000,0.2536525153,0.9656797941,1.9243243243,1.7890510135,25.0000000000,25.0000000000,9.0000000000,1.0000000000,0.2531068300
0.3050000000,0.0000000000,0.2546181951,0.9656797941,1.9243243243,1.7890510135,25.0000000000,25.0000000000,9.0000000000,1.0000000000,0.2546408108
0.3060000000,0.0000000000,0.2555838749,0.9656797941,1.9243243243,1.7890510135,25.0000000000,25.0000000000,9.0000000000,1.0000000000,0.2561747916
0.3070000000,0.0000000000,0.2565495547,0.9656797941,1.9243243243,1.7890510135,25.0000000000,25.0000000000,9.0000000000,1.0000000000,0.2561747916
0.3080000000,0.0000000000,0.2575152345,0.9656797941,1.9243243243,1.7890510135,25.0000000000,25.0000000000,9.0000000000,1.0000000000,0.2577087724
0.3090000000,0.0000000000,0.2584809143,0.9656797941,1.9243243243,1.7890510135,25.0000000000,25.0000000000,9.0000000000,1.0000000000,0.2592427532
0.3100000000,0.0000000000,0.2594465941,0.9656797941,1.9243243243,1.7890510135,25.0000000000,25.0000000000,9.0000000000,1.0000000000,0.2592427532
0.3110000000,0.0000000000,0.2604122739,0.9656797941,1.9243243243,1.7890510135,25.0000000000,25.0000000000,9.0000000000,1.0000000000,0.2607767339
0.3120000000,0.0000000000,0.2613779537,0.9656797941,1.9243243243,1.7890510135,25.0000000000,25.0000000000,9.0000000000,1.0000000000,0.2607767339
0.3130000000,0.0000000000,0.2623436335,0.9656797941,1.9243243243,1.7890510135,25.0000000000,25.0000000000,9.0000000000,1.0000000000,0.2623107147
0.3140000000,0.0000000000,0.2633093133,0.9656797941,1.9243243243,1.7890510135,25.0000000000,25.0000000000,9.0000000000,1.0000000000,0.2638446955
0.3150000000,0.0000000000,0.2642749931,0.9656797941,1.9243243243,1.7890510135,25.0000000000,25.0000000000,9.0000000000,1.0000000000,0.2638446955
0.3160000000,0.0000000000,0.2652406729,0.9656797941,1.9243243243,1.7890510135,25.0000000000,25.0000000000,9.0000000000,1.0000000000,0.2653786763
0.3170000000,0.0000000000,0.2662063527,0.9656797941,1.9243243243,1.7890510135,25.0000000000,25.0000000000,9.0000000000,1.0000000000,0.2669126571
0.3180000000,0.0000000000,0.2671720325,0.9656797941,1.9243243243,1.7890510135,25.0000000000,25.0000000000,9.0000000000,1.0000000000,0.2669126571
0.3190000000,0.0000000000,0.2681377122,0.9656797941,1.9243243243,1.7890510135,25.0000000000,25.0000000000,9.0000000000,1.0000000000,0.2684466379
0.3200000000,0.0000000000,0.2691033920,0.9656797941,1.9243243243,1.7890510135,25.0000000000,25.0000000000,9.0000000000,1.0000000000,0.2684466379
0.3210000000,0.0000000000,0.2700690718,0.9656797941,1.9243243243,1.7890510135,25.0000000000,25.0000000000,9.0000000000,1.0000000000,0.2699806187
0.3220000000,0.0000000000,0.2710347516,0.9656797941,1.9243243243,1.7890510135,25.0000000000,25.0000000000,9.0000000000,1.0000000000,0.2715145995
0.3230000000,0.0000000000,0.2720004314,0.9656797941,1.9243243243,1.7890510135,25.0000000000,25.0000000000,9.0000000000,1.0000000000,0.2715145995
0.3240000000,0.0000000000,0.2729661112,0.9656797941,1.9243243243,1.7890510135,25.0000000000,25.0000000000,9.0000000000,1.0000000000,0.2730485802
0.3250000000,0.0000000000,0.2739317910,0.9656797941,1.9243243243,1.7890510135,25.0000000000,25.0000000000,9.0000000000,1.0000000000,0.2745825610
0.3260000000,0.0000000000,0.2748974708,0.9656797941,1.9243243243,1.7890510135,25.0000000000,25.0000000000,9.0000000000,1.0000000000,0.2745825610
0.3270000000,0.0000000000,0.2758631506,0.9656797941,1.9243243243,1.7890510135,25.0000000000,25.0000000000,9.0000000000,1.0000000000,0.2761165418
0.3280000000,0.0000000000,0.2768288304,0.9656797941,1.9243243243,1.7890510135,25.0000000000,25.0000000000,9.0000000000,1.0000000000,0.2761165418
0.3290000000,0.0000000000,0.2777945102,0.9656797941,1.9243243243,1.7890510135,25.0000000000,25.0000000000,9.0000000000,1.0000000000,0.2776505226
0.3300000000,0.0000000000,0.2787601900,0.9656797941,1.9243243243,1.7890510135,25.0000000000,25.0000000000,9.0000000000,1.0000000000,0.2791845034
0.3310000000,0.0000000000,0.2797258698,0.9656797941,1.9243243243,1.7890510135,25.0000000000,25.0000000000,9.0000000000,1.0000000000,0.2791845034
0.3320000000,0.0000000000,0.2806915496,0.9656797941,1.9243243243,1.7890510135,25.0000000000,25.0000000000,9.0000000000,1.0000000000,0.2807184842
0.3330000000,0.0000000000,0.2816572294,0.9656797941,1.9243243243,1.7890510135,25.0000000000,25.0000000000,9.0000000000,1.0000000000,0.2822524650
0.3340000000,0.0000000000,0.2826229092,0.9656797941,1.9243243243,1.7890510135,25.0000000000,25.0000000000,9.0000000000,1.0000000000,0.2822524650
0.3350000000,0.0000000000,0.2835885890,0.9656797941,1.9243243243,1.7890510135,25.0000000000,25.0000000000,9.0000000000,1.0000000000,0.2837864458
0.3360000000,0.0000000000,0.2845542687,0.9656797941,1.9243243243,1.7890510135,25.0000000000,25.0000000000,9.0000000000,1.0000000000,0.2853204265
0.3370000000,0.0000000000,0.2855199485,0.9656797941,1.9243243243,1.7890510135,25.0000000000,25.0000000000,9.0000000000,1.0000000000,0.2853204265
0.3380000000,0.0000000000,0.2864856283,0.9656797941,1.9243243243,1.7890510135,25.0000000000,25.0000000000,9.0000000000,1.0000000000,0.2868544073
0.3390000000,0.0000000000,0.2874513081,0.9656797941,1.9243243243,1.7890510135,25.0000000000,25.0000000000,9.0000000000,1.0000000000,0.2868544073
0.3400000000,0.0000000000,0.2884169879,0.9656797941,1.9243243243,1.7890510135,25.0000000000,25.0000000000,9.0000000000,1.0000000000,0.2883883881
0.3410000000,0.0000000000,0.2893826677,0.9656797941,1.9243243243,1.7890510135,25.0000000000,25.0000000000,9.0000000000,1.0000000000,0.2899223689
0.3420000000,0.0000000000,0.2903483475,0.9656797941,1.9243243243,1.7890510135,25.0000000000,25.0000000000,9.0000000000,1.0000000000,0.2899223689
0.3430000000,0.0000000000,0.2913140273,0.9656797941,1.9243243243,1.7890510135,25.0000000000,25.0000000000,9.0000000000,1.0000000000,0.2914563497
0.3440000000,0.0000000000,0.2922797071,0.9656797941,1.9243243243,1.7890510135,25.0000000000,25.0000000000,9.0000000000,1.0000000000,0.2929903305
0.3450000000,0.0000000000,0.2932453869,0.9656797941,1.9243243243,1.7890510135,25.0000000000,25.0000000000,9.0000000000,1.0000000000,0.2929903305
0.3460000000,0.0000000000,0.2942110667,0.9656797941,1.9243243243,1.7890510135,25.0000000000,25.0000000000,9.0000000000,1.0000000000,0.2945243113
0.3470000000,0.0000000000,0.2951767465,0.9656797941,1.9243243243,1.7890510135,25.0000000000,25.0000000000,9.0000000000,1.0000000000,0.2945243113
0.3480000000,0.0000000000,0.2961424263,0.9656797941,1.9243243243,1.7890510135,25.0000000000,25.0000000000,9.0000000000,1.0000000000,0.2960582921
0.3490000000,0.0000000000,0.2971081061,0.9656797941,1.9243243243,1.7890510135,25.0000000000,25.0000000000,9.0000000000,1.0000000000,0.2975922728
0.3500000000,0.0000000000,0.2980737859,0.9656797941,1.9243243243,1.7890510135,25.0000000000,25.0000000000,9.0000000000,1.0000000000,0.2975922728
0.3510000000,0.0000000000,0.2990394657,0.9656797941,1.9243243243,1.7890510135,25.0000000000,25.0000000000,9.0000000000,1.0000000000,0.2991262536
0.3520000000,0.0000000000,0.3000051455,0.9656797941,1.9243243243,1.7890510135,25.0000000000,25.0000000000,9.0000000000,1.0000000000,0.3006602344
0.3530000000,0.0000000000,0.3009708252,0.9656797941,1.9243243243,1.7890510135,25.0000000000,25.0000000000,9.0000000000,1.0000000000,0.3006602344
0.3540000000,0.0000000000,0.3019365050,0.9656797941,1.9243243243,1.7890510135,25.0000000000,25.0000000000,9.0000000000,1.0000000000,0.3021942152
0.3550000000,0.0000000000,0.3029021848,0.9656797941,1.9243243243,1.7890510135,25.0000000000,25.0000000000,9.0000000000,1.0000000000,0.3021942152
0.3560000000,0.0000000000,0.3038678646,0.9656797941,1.9243243243,1.7890510135,25.0000000000,25.0000000000,9.0000000000,1.0000000000,0.3037281960
0.3570000000,0.0000000000,0.3048335444,0.9656797941,1.9243243243,1.7890510135,25.0000000000,25.0000000000,9.0000000000,1.0000000000,0.3052621768
0.3580000000,0.0000000000,0.3057992242,0.9656797941,1.9243243243,1.7890510135,25.0000000000,25.0000000000,9.0000000000,1.0000000000,0.3052621768
0.3590000000,0.0000000000,0.3067649040,0.9656797941,1.9243243243,1.7890510135,25.0000000000,25.0000000000,9.0000000000,1.0000000000,0.3067961576
0.3600000000,0.0000000000,0.3077305838,0.9656797941,1.9243243243,1.7890510135,25.0000000000,25.0000000000,9.0000000000,1.0000000000,0.3083301384
0.3610000000,0.0000000000,0.3086962636,0.9656797941,1.9243243243,1.7890510135,25.0000000000,25.0000000000,9.0000000000,1.0000000000,0.3083301384
0.3620000000,0.0000000000,0.3096619434,0.9656797941,1.9243243243,1.7890510135,25.0000000000,25.0000000000,9.0000000000,1.0000000000,0.3098641192
0.3630000000,0.0000000000,0.3106276232,0.9656797941,1.9243243243,1.7890510135,25.0000000000,25.0000000000,9.0000000000,1.0000000000,0.3098641192
0.3640000000,0.0000000000,0.3115933030,0.9656797941,1.9243243243,1.7890510135,25.0000000000,25.0000000000,9.0000000000,1.0000000000,0.3113980999
0.3650000000,0.0000000000,0.3125589828,0.9656797941,1.9243243243,1.7890510135,25.0000000000,25.0000000000,9.0000000000,1.0000000000,0.3129320807
0.3660000000,0.0000000000,0.3135246626,0.9656797941,1.9243243243,1.7890510135,25.0000000000,25.0000000000,9.0000000000,1.0000000000,0.3129320807
0.3670000000,0.0000000000,0.3144903424,0.9656797941,1.9243243243,1.7890510135,25.0000000000,25.0000000000,9.0000000000,1.0000000000,0.3144660615
0.3680000000,0.0000000000,0.3154560222,0.9656797941,1.9243243243,1.7890510135,25.0000000000,25.0000000000,9.0000000000,1.0000000000,0.3160000423
0.3690000000,0.0000000000,0.3164217020,0.9656797941,1.9243243243,1.7890510135,25.0000000000,25.0000000000,9.0000000000,1.0000000000,0.3160000423
0.3700000000,0.0000000000,0.3173873817,0.9656797941,1.9243243243,1.7890510135,25.0000000000,25.0000000000,9.0000000000,1.0000000000,0.3175340231
0.3710000000,0.0000000000,0.3183530615,0.9656797941,1.9243243243,1.7890510135,25.0000000000,25.0000000000,9.0000000000,1.0000000000,0.3190680039
0.3720000000,0.0000000000,0.3193187413,0.9656797941,1.9243243243,1.7890510135,25.0000000000,25.0000000000,9.0000000000,1.0000000000,0.3190680039
0.3730000000,0.0000000000,0.3202844211,0.9656797941,1.9243243243,1.7890510135,25.0000000000,25.0000000000,9.0000000000,1.0000000000,0.3206019847
0.3740000000,0.0000000000,0.3212501009,0.9656797941,1.9243243243,1.7890510135,25.0000000000,25.0000000000,9.0000000000,1.0000000000,0.3206019847
0.3750000000,0.0000000000,0.3222157807,0.9656797941,1.9243243243,1.7890510135,25.0000000000,25.0000000000,9.0000000000,1.0000000000,0.3221359655
0.3760000000,0.0000000000,0.3231814605,0.9656797941,1.9243243243,1.7890510135,25.0000000000,25.0000000000,9.0000000000,1.0000000000,0.3236699462
0.3770000000,0.0000000000,0.3241471403,0.9656797941,1.9243243243,1.7890510135,25.0000000000,25.0000000000,9.0000000000,1.0000000000,0.3236699462
0.3780000000,0.0000000000,0.3251128201,0.9656797941,1.9243243243,1.7890510135,25.0000000000,25.0000000000,9.0000000000,1.0000000000,0.3252039270
0.3790000000,0.0000000000,0.3260784999,0.9656797941,1.9243243243,1.7890510135,25.0000000000,25.0000000000,9.0000000000,1.0000000000,0.3267379078
0.3800000000,0.0000000000,0.3270441797,0.9656797941,1.9243243243,1.7890510135,25.0000000000,25.0000000000,9.0000000000,1.0000000000,0.3267379078
0.3810000000,0.0000000000,0.3280098595,0.9656797941,1.9243243243,1.7890510135,25.0000000000,25.0000000000,9.0000000000,1.0000000000,0.3282718886
0.3820000000,0.0000000000,0.3289755393,0.9656797941,1.9243243243,1.7890510135,25.0000000000,25.0000000000,9.0000000000,1.0000000000,0.3282718886
0.3830000000,0.0000000000,0.3299412191,0.9656797941,1.9243243243,1.7890510135,25.0000000000,25.0000000000,9.0000000000,1.0000000000,0.3298058694
0.3840000000,0.0000000000,0.3309068989,0.9656797941,1.9243243243,1.7890510135,25.0000000000,25.0000000000,9.0000000000,1.0000000000,0.3313398502
0.3850000000,0.0000000000,0.3318725787,0.9656797941,1.9243243243,1.7890510135,25.0000000000,25.0000000000,9.0000000000,1.0000000000,0.3313398502
0.3860000000,0.0000000000,0.3328382585,0.9656797941,1.9243243243,1.7890510135,25.0000000000,25.0000000000,9.0000000000,1.0000000000,0.3328738310
0.3870000000,0.0000000000,0.3338039382,0.9656797941,1.9243243243,1.7890510135,25.0000000000,25.0000000000,9.0000000000,1.0000000000,0.3344078118
0.3880000000,0.0000000000,0.3347696180,0.9656797941,1.9243243243,1.7890510135,25.0000000000,25.0000000000,9.0000000000,1.0000000000,0.3344078118
0.3890000000,0.0000000000,0.3357352978,0.9656797941,1.9243243243,1.7890510135,25.0000000000,25.0000000000,9.0000000000,1.0000000000,0.3359417925
0.3900000000,0.0000000000,0.3367009776,0.9656797941,1.9243243243,1.7890510135,25.0000000000,25.0000000000,9.0000000000,1.0000000000,0.3359417925
0.3910000000,0.0000000000,0.3376666574,0.9656797941,1.9243243243,1.7890510135,25.0000000000,25.0000000000,9.0000000000,1.0000000000,0.3374757733
0.3920000000,0.0000000000,0.3386323372,0.9656797941,1.9243243243,1.7890510135,25.0000000000,25.0000000000,9.0000000000,1.0000000000,0.3390097541
0.3930000000,0.0000000000,0.3395980170,0.9656797941,1.9243243243,1.7890510135,25.0000000000,25.0000000000,9.0000000000,1.0000000000,0.3390097541
0.3940000000,0.0000000000,0.3405636968,0.9656797941,1.9243243243,1.7890510135,25.0000000000,25.0000000000,9.0000000000,1.0000000000,0.3405437349
0.3950000000,0.0000000000,0.3415293766,0.9656797941,1.9243243243,1.7890510135,25.0000000000,25.0000000000,9.0000000000,1.0000000000,0.3420777157
0.3960000000,0.0000000000,0.3424950564,0.9656797941,1.9243243243,1.7890510135,25.0000000000,25.0000000000,9.0000000000,1.0000000000,0.3420777157
0.3970000000,0.0000000000,0.3434607362,0.9656797941,1.9243243243,1.7890510135,25.0000000000,25.0000000000,9.0000000000,1.0000000000,0.3436116965
0.3980000000,0.0000000000,0.3444264160,0.9656797941,1.9243243243,1.7890510135,25.0000000000,25.0000000000,9.0000000000,1.0000000000,0.3451456773
0.3990000000,0.0000000000,0.3453920958,0.9656797941,1.9243243243,1.7890510135,25.0000000000,25.0000000000,9.0000000000,1.0000000000,0.3451456773
0.4000000000,0.0000000000,0.3463577756,0.9656797941,1.9243243243,1.7890510135,25.0000000000,25.0000000000,9.0000000000,1.0000000000,0.3466796581
0.4010000000,0.0000000000,0.3473234554,0.9656797941,1.9243243243,1.7890510135,25.0000000000,25.0000000000,9.0000000000,1.0000000000,0.3466796581
0.4020000000,0.0000000000,0.3482891352,0.9656797941,1.9243243243,1.7890510135,25.0000000000,25.0000000000,9.0000000000,1.0000000000,0.3482136389
0.4030000000,0.0000000000,0.3492548150,0.9656797941,1.9243243243,1.7890510135,25.0000000000,25.0000000000,9.0000000000,1.0000000000,0.3497476196
0.4040000000,0.0000000000,0.3502204947,0.9656797941,1.9243243243,1.7890510135,25.0000000000,25.0000000000,9.0000000000,1.0000000000,0.3497476196
0.4050000000,0.0000000000,0.3511861745,0.9656797941,1.9243243243,1.7890510135,25.0000000000,25.0000000000,9.0000000000,1.0000000000,0.3512816004
0.4060000000,0.0000000000,0.3521518543,0.9656797941,1.9243243243,1.7890510135,25.0000000000,25.0000000000,9.0000000000,1.0000000000,0.3528155812
0.4070000000,0.0000000000,0.3531175341,0.9656797941,1.9243243243,1.7890510135,25.0000000000,25.0000000000,9.0000000000,1.0000000000,0.3528155812
0.4080000000,0.0000000000,0.3540832139,0.9656797941,1.9243243243,1.7890510135,25.0000000000,25.0000000000,9.0000000000,1.0000000000,0.3543495620
0.4090000000,0.0000000000,0.3550488937,0.9656797941,1.9243243243,1.7890510135,25.0000000000,25.0000000000,9.0000000000,1.0000000000,0.3543495620
0.4100000000,0.0000000000,0.3560145735,0.9656797941,1.9243243243,1.7890510135,25.0000000000,25.0000000000,9.0000000000,1.0000000000,0.3558835428
0.4110000000,0.0000000000,0.3569802533,0.9656797941,1.9243243243,1.7890510135,25.0000000000,25.0000000000,9.0000000000,1.0000000000,0.3574175236
0.4120000000,0.0000000000,0.3579459331,0.9656797941,1.9243243243,1.7890510135,25.0000000000,25.0000000000,9.0000000000,1.0000000000,0.3574175236
0.4130000000,0.0000000000,0.3589116129,0.9656797941,1.9243243243,1.7890510135,25.0000000000,25.0000000000,9.0000000000,1.0000000000,0.3589515044
0.4140000000,0.0000000000,0.3598772927,0.9656797941,1.9243243243,1.7890510135,25.0000000000,25.0000000000,9.0000000000,1.0000000000,0.3604854852
0.4150000000,0.0000000000,0.3608429725,0.9656797941,1.9243243243,1.7890510135,25.0000000000,25.0000000000,9.0000000000,1.0000000000,0.3604854852
0.4160000000,0.0000000000,0.3618086523,0.9656797941,1.9243243243,1.7890510135,25.0000000000,25.0000000000,9.0000000000,1.0000000000,0.3620194659
0.4170000000,0.0000000000,0.3627743321,0.9656797941,1.9243243243,1.7890510135,25.0000000000,25.0000000000,9.0000000000,1.0000000000,0.3620194659
0.4180000000,0.0000000000,0.3637400119,0.9656797941,1.9243243243,1.7890510135,25.0000000000,25.0000000000,9.0000000000,1.0000000000,0.3635534467
0.4190000000,0.0000000000,0.3647056917,0.9656797941,1.9243243243,1.7890510135,25.0000000000,25.0000000000,9.0000000000,1.0000000000,0.3650874275
0.4200000000,0.0000000000,0.3656713715,0.9656797941,1.9243243243,1.7890510135,25.0000000000,25.0000000000,9.0000000000,1.0000000000,0.3650874275
0.4210000000,0.0000000000,0.3666370512,0.9656797941,1.9243243243,1.7890510135,25.0000000000,25.0000000000,9.0000000000,1.0000000000,0.3666214083
0.4220000000,0.0000000000,0.3676027310,0.9656797941,1.9243243243,1.7890510135,25.0000000000,25.0000000000,9.0000000000,1.0000000000,0.3681553891
0.4230000000,0.0000000000,0.3685684108,0.9656797941,1.9243243243,1.7890510135,25.0000000000,25.0000000000,9.0000000000,1.0000000000,0.3681553891
0.4240000000,0.0000000000,0.3695340906,0.9656797941,1.9243243243,1.7890510135,25.0000000000,25.0000000000,9.0000000000,1.0000000000,0.3696893699
0.4250000000,0.0000000000,0.3704997704,0.9656797941,1.9243243243,1.7890510135,25.0000000000,25.0000000000,9.0000000000,1.0000000000,0.3712233507
0.4260000000,0.0000000000,0.3714654502,0.9656797941,1.9243243243,1.7890510135,25.0000000000,25.0000000000,9.0000000000,1.0000000000,0.3712233507
0.4270000000,0.0000000000,0.3724311300,0.9656797941,1.9243243243,1.7890510135,25.0000000000,25.0000000000,9.0000000000,1.0000000000,0.3727573315
0.4280000000,0.0000000000,0.3733968098,0.9656797941,1.9243243243,1.7890510135,25.0000000000,25.0000000000,9.0000000000,1.0000000000,0.3727573315
0.4290000000,0.0000000000,0.3743624896,0.9656797941,1.9243243243,1.7890510135,25.0000000000,25.0000000000,9.0000000000,1.0000000000,0.3742913122
0.4300000000,0.0000000000,0.3753281694,0.9656797941,1.9243243243,1.7890510135,25.0000000000,25.0000000000,9.0000000000,1.0000000000,0.3758252930
0.4310000000,0.0000000000,0.3762938492,0.9656797941,1.9243243243,1.7890510135,25.0000000000,25.0000000000,9.0000000000,1.0000000000,0.3758252930
0.4320000000,0.0000000000,0.3772595290,0.9656797941,1.9243243243,1.7890510135,25.0000000000,25.0000000000,9.0000000000,1.0000000000,0.3773592738
0.4330000000,0.0000000000,0.3782252088,0.9656797941,1.9243243243,1.7890510135,25.0000000000,25.0000000000,9.0000000000,1.0000000000,0.3788932546
0.4340000000,0.0000000000,0.3791908886,0.9656797941,1.9243243243,1.7890510135,25.0000000000,25.0000000000,9.0000000000,1.0000000000,0.3788932546
0.4350000000,0.0000000000,0.3801565684,0.9656797941,1.9243243243,1.7890510135,25.0000000000,25.0000000000,9.0000000000,1.0000000000,0.3804272354
0.4360000000,0.0000000000,0.3811222482,0.9656797941,1.9243243243,1.7890510135,25.0000000000,25.0000000000,9.0000000000,1.0000000000,0.3804272354
0.4370000000,0.0000000000,0.3820879280,0.9656797941,1.9243243243,1.7890510135,25.0000000000,25.0000000000,9.0000000000,1.0000000000,0.3819612162
0.4380000000,0.0000000000,0.3830536077,0.9656797941,1.9243243243,1.7890510135,25.0000000000,25.0000000000,9.0000000000,1.0000000000,0.3834951970
0.4390000000,0.0000000000,0.3840192875,0.9656797941,1.9243243243,1.7890510135,25.0000000000,25.0000000000,9.0000000000,1.0000000000,0.3834951970
0.4400000000,0.0000000000,0.3849849673,0.9656797941,1.9243243243,1.7890510135,25.0000000000,25.0000000000,9.0000000000,1.0000000000,0.3850291778
0.4410000000,0.0000000000,0.3859506471,0.9656797941,1.9243243243,1.7890510135,25.0000000000,25.0000000000,9.0000000000,1.0000000000,0.3865631585
0.4420000000,0.0000000000,0.3869163269,0.9656797941,1.9243243243,1.7890510135,25.0000000000,25.0000000000,9.0000000000,1.0000000000,0.3865631585
0.4430000000,0.0000000000,0.3878820067,0.9656797941,1.9243243243,1.7890510135,25.0000000000,25.0000000000,9.0000000000,1.0000000000,0.3880971393
0.4440000000,0.0000000000,0.3888476865,0.9656797941,1.9243243243,1.7890510135,25.0000000000,25.0000000000,9.0000000000,1.0000000000,0.3880971393
0.4450000000,0.0000000000,0.3898133663,0.9656797941,1.9243243243,1.7890510135,25.0000000000,25.0000000000,9.0000000000,1.0000000000,0.3896311201
0.4460000000,0.0000000000,0.3907790461,0.9656797941,1.9243243243,1.7890510135,25.0000000000,25.0000000000,9.0000000000,1.0000000000,0.3911651009
0.4470000000,0.0000000000,0.3917447259,0.9656797941,1.9243243243,1.7890510135,25.0000000000,25.0000000000,9.0000000000,1.0000000000,0.3911651009
0.4480000000,0.0000000000,0.3927104057,0.9656797941,1.9243243243,1.7890510135,25.0000000000,25.0000000000,9.0000000000,1.0000000000,0.3926990817
0.4490000000,0.0000000000,0.3936760855,0.9656797941,1.9243243243,1.7890510135,25.0000000000,25.0000000000,9.0000000000,1.0000000000,0.3942330625
0.4500000000,0.0000000000,0.3946417653,0.9656797941,1.9243243243,1.7890510135,25.0000000000,25.0000000000,9.0000000000,1.0000000000,0.3942330625
0.4510000000,0.0000000000,0.3956074451,0.9656797941,1.9243243243,1.7890510135,25.0000000000,25.0000000000,9.0000000000,1.0000000000,0.3957670433
0.4520000000,0.0000000000,0.3965731249,0.9656797941,1.9243243243,1.7890510135,25.0000000000,25.0000000000,9.0000000000,1.0000000000,0.3973010241
0.4530000000,0.0000000000,0.3975388047,0.9656797941,1.9243243243,1.7890510135,25.0000000000,25.0000000000,9.0000000000,1.0000000000,0.3973010241
0.4540000000,0.0000000000,0.3985044845,0.9656797941,1.9243243243,1.7890510135,25.0000000000,25.0000000000,9.0000000000,1.0000000000,0.3988350049
0.4550000000,0.0000000000,0.3994701642,0.9656797941,1.9243243243,1.7890510135,25.0000000000,25.0000000000,9.0000000000,1.0000000000,0.3988350049
0.4560000000,0.0000000000,0.4004358440,0.9656797941,1.9243243243,1.7890510135,25.0000000000,25.0000000000,9.0000000000,1.0000000000,0.4003689856
0.4570000000,0.0000000000,0.4014015238,0.9656797941,1.9243243243,1.7890510135,25.0000000000,25.0000000000,9.0000000000,1.0000000000,0.4019029664
0.4580000000,0.0000000000,0.4023672036,0.9656797941,1.9243243243,1.7890510135,25.0000000000,25.0000000000,9.0000000000,1.0000000000,0.4019029664
0.4590000000,0.0000000000,0.4033328834,0.9656797941,1.9243243243,1.7890510135,25.0000000000,25.0000000000,9.0000000000,1.0000000000,0.4034369472
0.4600000000,0.0000000000,0.4042985632,0.9656797941,1.9243243243,1.7890510135,25.0000000000,25.0000000000,9.0000000000,1.0000000000,0.4049709280
0.4610000000,0.0000000000,0.4052642430,0.9656797941,1.9243243243,1.7890510135,25.0000000000,25.0000000000,9.0000000000,1.0000000000,0.4049709280
0.4620000000,0.0000000000,0.4062299228,0.9656797941,1.9243243243,1.7890510135,25.0000000000,25.0000000000,9.0000000000,1.0000000000,0.4065049088
0.4630000000,0.0000000000,0.4071956026,0.9656797941,1.9243243243,1.7890510135,25.0000000000,25.0000000000,9.0000000000,1.0000000000,0.4065049088
0.4640000000,0.0000000000,0.4081612824,0.9656797941,1.9243243243,1.7890510135,25.0000000000,25.0000000000,9.0000000000,1.0000000000,0.4080388896
0.4650000000,0.0000000000,0.4091269622,0.9656797941,1.9243243243,1.7890510135,25.0000000000,25.0000000000,9.0000000000,1.0000000000,0.4095728704
0.4660000000,0.0000000000,0.4100926420,0.9656797941,1.9243243243,1.7890510135,25.0000000000,25.0000000000,9.0000000000,1.0000000000,0.4095728704
0.4670000000,0.0000000000,0.4110583218,0.9656797941,1.9243243243,1.7890510135,25.0000000000,25.0000000000,9.0000000000,1.0000000000,0.4111068512
0.4680000000,0.0000000000,0.4120240016,0.9656797941,1.9243243243,1.7890510135,25.0000000000,25.0000000000,9.0000000000,1.0000000000,0.4126408319
0.4690000000,0.0000000000,0.4129896814,0.9656797941,1.9243243243,1.7890510135,25.0000000000,25.0000000000,9.0000000000,1.0000000000,0.4126408319
0.4700000000,0.0000000000,0.4139553612,0.9656797941,1.9243243243,1.7890510135,25.0000000000,25.0000000000,9.0000000000,1.0000000000,0.4141748127
0.4710000000,0.0000000000,0.4149210410,0.9656797941,1.9243243243,1.7890510135,25.0000000000,25.0000000000,9.0000000000,1.0000000000,0.4141748127
0.4720000000,0.0000000000,0.4158867207,0.9656797941,1.9243243243,1.7890510135,25.0000000000,25.0000000000,9.0000000000,1.0000000000,0.4157087935
0.4730000000,0.0000000000,0.4168524005,0.9656797941,1.9243243243,1.7890510135,25.0000000000,25.0000000000,9.0000000000,1.0000000000,0.4172427743
0.4740000000,0.0000000000,0.4178180803,0.9656797941,1.9243243243,1.7890510135,25.0000000000,25.0000000000,9.0000000000,1.0000000000,0.4172427743
0.4750000000,0.0000000000,0.4187837601,0.9656797941,1.9243243243,1.7890510135,25.0000000000,25.0000000000,9.0000000000,1.0000000000,0.4187767551
0.4760000000,0.0000000000,0.4197494399,0.9656797941,1.9243243243,1.7890510135,25.0000000000,25.0000000000,9.0000000000,1.0000000000,0.4203107359
0.4770000000,0.0000000000,0.4207151197,0.9656797941,1.9243243243,1.7890510135,25.0000000000,25.0000000000,9.0000000000,1.0000000000,0.4203107359
0.4780000000,0.0000000000,0.4216807995,0.9656797941,1.9243243243,1.7890510135,25.0000000000,25.0000000000,9.0000000000,1.0000000000,0.4218447167
0.4790000000,0.0000000000,0.4226464793,0.9656797941,1.9243243243,1.7890510135,25.0000000000,25.0000000000,9.0000000000,1.0000000000,0.4233786975
0.4800000000,0.0000000000,0.4236121591,0.9656797941,1.9243243243,1.7890510135,25.0000000000,25.0000000000,9.0000000000,1.0000000000,0.4233786975
0.4810000000,0.0000000000,0.4245778389,0.9656797941,1.9243243243,1.7890510135,25.0000000000,25.0000000000,9.0000000000,1.0000000000,0.4249126782
0.4820000000,0.0000000000,0.4255435187,0.9656797941,1.9243243243,1.7890510135,25.0000000000,25.0000000000,9.0000000000,1.0000000000,0.4249126782
0.4830000000,0.0000000000,0.4265091985,0.9656797941,1.9243243243,1.7890510135,25.0000000000,25.0000000000,9.0000000000,1.0000000000,0.4264466590
0.4840000000,0.0000000000,0.4274748783,0.9656797941,1.9243243243,1.7890510135,25.0000000000,25.0000000000,9.0000000000,1.0000000000,0.4279806398
0.4850000000,0.0000000000,0.4284405581,0.9656797941,1.9243243243,1.7890510135,25.0000000000,25.0000000000,9.0000000000,1.0000000000,0.4279806398
0.4860000000,0.0000000000,0.4294062379,0.9656797941,1.9243243243,1.7890510135,25.0000000000,25.0000000000,9.0000000000,1.0000000000,0.4295146206
0.4870000000,0.0000000000,0.4303719177,0.9656797941,1.9243243243,1.7890510135,25.0000000000,25.0000000000,9.0000000000,1.0000000000,0.4310486014
0.4880000000,0.0000000000,0.4313375975,0.9656797941,1.9243243243,1.7890510135,25.0000000000,25.0000000000,9.0000000000,1.0000000000,0.4310486014
0.4890000000,0.0000000000,0.4323032772,0.9656797941,1.9243243243,1.7890510135,25.0000000000,25.0000000000,9.0000000000,1.0000000000,0.4325825822
0.4900000000,0.0000000000,0.4332689570,0.9656797941,1.9243243243,1.7890510135,25.0000000000,25.0000000000,9.0000000000,1.0000000000,0.4325825822
0.4910000000,0.0000000000,0.4342346368,0.9656797941,1.9243243243,1.7890510135,25.0000000000,25.0000000000,9.0000000000,1.0000000000,0.4341165630
0.4920000000,0.0000000000,0.4352003166,0.9656797941,1.9243243243,1.7890510135,25.0000000000,25.0000000000,9.0000000000,1.0000000000,0.4356505438
0.4930000000,0.0000000000,0.4361659964,0.9656797941,1.9243243243,1.7890510135,25.0000000000,25.0000000000,9.0000000000,1.0000000000,0.4356505438
0.4940000000,0.0000000000,0.4371316762,0.9656797941,1.9243243243,1.7890510135,25.0000000000,25.0000000000,9.0000000000,1.0000000000,0.4371845245
0.4950000000,0.0000000000,0.4380973560,0.9656797941,1.9243243243,1.7890510135,25.0000000000,25.0000000000,9.0000000000,1.0000000000,0.4387185053
0.4960000000,0.0000000000,0.4390630358,0.9656797941,1.9243243243,1.7890510135,25.0000000000,25.0000000000,9.0000000000,1.0000000000,0.4387185053
0.4970000000,0.0000000000,0.4400287156,0.9656797941,1.9243243243,1.7890510135,25.0000000000,25.0000000000,9.0000000000,1.0000000000,0.4402524861
0.4980000000,0.0000000000,0.4409943954,0.9656797941,1.9243243243,1.7890510135,25.0000000000,25.0000000000,9.0000000000,1.0000000000,0.4402524861
0.4990000000,0.0000000000,0.4419600752,0.9656797941,1.9243243243,1.7890510135,25.0000000000,25.0000000000,9.0000000000,1.0000000000,0.4417864669
0.5000000000,0.0000000000,0.4429257550,0.9656797941,1.9243243243,1.7890510135,25.0000000000,25.0000000000,9.0000000000,1.0000000000,0.4433204477
0.5010000000,0.0000000000,0.4438914348,0.9656797941,1.9243243243,1.7890510135,25.0000000000,25.0000000000,9.0000000000,1.0000000000,0.4433204477
0.5020000000,0.0000000000,0.4448571146,0.9656797941,1.9243243243,1.7890510135,25.0000000000,25.0000000000,9.0000000000,1.0000000000,0.4448544285
0.5030000000,0.0000000000,0.4458227944,0.9656797941,1.9243243243,1.7890510135,25.0000000000,25.0000000000,9.0000000000,1.0000000000,0.4463884093
0.5040000000,0.0000000000,0.4467884742,0.9656797941,1.9243243243,1.7890510135,25.0000000000,25.0000000000,9.0000000000,1.0000000000,0.4463884093
0.5050000000,0.0000000000,0.4477541540,0.9656797941,1.9243243243,1.7890510135,25.0000000000,25.0000000000,9.0000000000,1.0000000000,0.4479223901
0.5060000000,0.0000000000,0.4487198337,0.9656797941,1.9243243243,1.7890510135,25.0000000000,25.0000000000,9.0000000000,1.0000000000,0.4494563709
0.5070000000,0.0000000000,0.4496855135,0.9656797941,1.9243243243,1.7890510135,25.0000000000,25.0000000000,9.0000000000,1.0000000000,0.4494563709
0.5080000000,0.0000000000,0.4506511933,0.9656797941,1.9243243243,1.7890510135,25.0000000000,25.0000000000,9.0000000000,1.0000000000,0.4509903516
0.5090000000,0.0000000000,0.4516168731,0.9656797941,1.9243243243,1.7890510135,25.0000000000,25.0000000000,9.0000000000,1.0000000000,0.4509903516
0.5100000000,0.0000000000,0.4525825529,0.9656797941,1.9243243243,1.7890510135,25.0000000000,25.0000000000,9.0000000000,1.0000000000,0.4525243324
0.5110000000,0.0000000000,0.4535482327,0.9656797941,1.9243243243,1.7890510135,25.0000000000,25.0000000000,9.0000000000,1.0000000000,0.4540583132
0.5120000000,0.0000000000,0.4545139125,0.9656797941,1.9243243243,1.7890510135,25.0000000000,25.0000000000,9.0000000000,1.0000000000,0.4540583132
0.5130000000,0.0000000000,0.4554795923,0.9656797941,1.9243243243,1.7890510135,25.0000000000,25.0000000000,9.0000000000,1.0000000000,0.4555922940
0.5140000000,0.0000000000,0.4564452721,0.9656797941,1.9243243243,1.7890510135,25.0000000000,25.0000000000,9.0000000000,1.0000000000,0.4571262748
0.5150000000,0.0000000000,0.4574109519,0.9656797941,1.9243243243,1.7890510135,25.0000000000,25.0000000000,9.0000000000,1.0000000000,0.4571262748
0.5160000000,0.0000000000,0.4583766317,0.9656797941,1.9243243243,1.7890510135,25.0000000000,25.0000000000,9.0000000000,1.0000000000,0.4586602556
0.5170000000,0.0000000000,0.4593423115,0.9656797941,1.9243243243,1.7890510135,25.0000000000,25.0000000000,9.0000000000,1.0000000000,0.4586602556
0.5180000000,0.0000000000,0.4603079913,0.9656797941,1.9243243243,1.7890510135,25.0000000000,25.0000000000,9.0000000000,1.0000000000,0.4601942364
0.5190000000,0.0000000000,0.4612736711,0.9656797941,1.9243243243,1.7890510135,25.0000000000,25.0000000000,9.0000000000,1.0000000000,0.4617282172
0.5200000000,0.0000000000,0.4622393509,0.9656797941,1.9243243243,1.7890510135,25.0000000000,25.0000000000,9.0000000000,1.0000000000,0.4617282172
0.5210000000,0.0000000000,0.4632050307,0.9656797941,1.9243243243,1.7890510135,25.0000000000,25.0000000000,9.0000000000,1.0000000000,0.4632621979
0.5220000000,0.0000000000,0.4641707105,0.9656797941,1.9243243243,1.7890510135,25.0000000000,25.0000000000,9.0000000000,1.0000000000,0.4647961787
0.5230000000,0.0000000000,0.4651363902,0.9656797941,1.9243243243,1.7890510135,25.0000000000,25.0000000000,9.0000000000,1.0000000000,0.4647961787
0.5240000000,0.0000000000,0.4661020700,0.9656797941,1.9243243243,1.7890510135,25.0000000000,25.0000000000,9.0000000000,1.0000000000,0.4663301595
0.5250000000,0.0000000000,0.4670677498,0.9656797941,1.9243243243,1.7890510135,25.0000000000,25.0000000000,9.0000000000,1.0000000000,0.4663301595
0.5260000000,0.0000000000,0.4680334296,0.9656797941,1.9243243243,1.7890510135,25.0000000000,25.0000000000,9.0000000000,1.0000000000,0.4678641403
0.5270000000,0.0000000000,0.4689991094,0.9656797941,1.9243243243,1.7890510135,25.0000000000,25.0000000000,9.0000000000,1.0000000000,0.4693981211
0.5280000000,0.0000000000,0.4699647892,0.9656797941,1.9243243243,1.7890510135,25.0000000000,25.0000000000,9.0000000000,1.0000000000,0.4693981211
0.5290000000,0.0000000000,0.4709304690,0.9656797941,1.9243243243,1.7890510135,25.0000000000,25.0000000000,9.0000000000,1.0000000000,0.4709321019
0.5300000000,0.0000000000,0.4718961488,0.9656797941,1.9243243243,1.7890510135,25.0000000000,25.0000000000,9.0000000000,1.0000000000,0.4724660827
0.5310000000,0.0000000000,0.4728618286,0.9656797941,1.9243243243,1.7890510135,25.0000000000,25.0000000000,9.0000000000,1.0000000000,0.4724660827
0.5320000000,0.0000000000,0.4738275084,0.9656797941,1.9243243243,1.7890510135,25.0000000000,25.0000000000,9.0000000000,1.0000000000,0.4740000635
0.5330000000,0.0000000000,0.4747931882,0.9656797941,1.9243243243,1.7890510135,25.0000000000,25.0000000000,9.0000000000,1.0000000000,0.4755340442
0.5340000000,0.0000000000,0.4757588680,0.9656797941,1.9243243243,1.7890510135,25.0000000000,25.0000000000,9.0000000000,1.0000000000,0.4755340442
0.5350000000,0.0000000000,0.4767245478,0.9656797941,1.9243243243,1.7890510135,25.0000000000,25.0000000000,9.0000000000,1.0000000000,0.4770680250
0.5360000000,0.0000000000,0.4776902276,0.9656797941,1.9243243243,1.7890510135,25.0000000000,25.0000000000,9.0000000000,1.0000000000,0.4770680250
0.5370000000,0.0000000000,0.4786559074,0.9656797941,1.9243243243,1.7890510135,25.0000000000,25.0000000000,9.0000000000,1.0000000000,0.4786020058
0.5380000000,0.0000000000,0.4796215872,0.9656797941,1.9243243243,1.7890510135,25.0000000000,25.0000000000,9.0000000000,1.0000000000,0.4801359866
0.5390000000,0.0000000000,0.4805872670,0.9656797941,1.9243243243,1.7890510135,25.0000000000,25.0000000000,9.0000000000,1.0000000000,0.4801359866
0.5400000000,0.0000000000,0.4815529467,0.9656797941,1.9243243243,1.7890510135,25.0000000000,25.0000000000,9.0000000000,1.0000000000,0.4816699674
0.5410000000,0.0000000000,0.4825186265,0.9656797941,1.9243243243,1.7890510135,25.0000000000,25.0000000000,9.0000000000,1.0000000000,0.4832039482
0.5420000000,0.0000000000,0.4834843063,0.9656797941,1.9243243243,1.7890510135,25.0000000000,25.0000000000,9.0000000000,1.0000000000,0.4832039482
0.5430000000,0.0000000000,0.4844499861,0.9656797941,1.9243243243,1.7890510135,25.0000000000,25.0000000000,9.0000000000,1.0000000000,0.4847379290
0.5440000000,0.0000000000,0.4854156659,0.9656797941,1.9243243243,1.7890510135,25.0000000000,25.0000000000,9.0000000000,1.0000000000,0.4847379290
0.5450000000,0.0000000000,0.4863813457,0.9656797941,1.9243243243,1.7890510135,25.0000000000,25.0000000000,9.0000000000,1.0000000000,0.4862719098
0.5460000000,0.0000000000,0.4873470255,0.9656797941,1.9243243243,1.7890510135,25.0000000000,25.0000000000,9.0000000000,1.0000000000,0.4878058905
0.5470000000,0.0000000000,0.4883127053,0.9656797941,1.9243243243,1.7890510135,25.0000000000,25.0000000000,9.0000000000,1.0000000000,0.4878058905
0.5480000000,0.0000000000,0.4892783851,0.9656797941,1.9243243243,1.7890510135,25.0000000000,25.0000000000,9.0000000000,1.0000000000,0.4893398713
0.5490000000,0.0000000000,0.4902440649,0.9656797941,1.9243243243,1.7890510135,25.0000000000,25.0000000000,9.0000000000,1.0000000000,0.4908738521
0.5500000000,0.0000000000,0.4912097447,0.9656797941,1.9243243243,1.7890510135,25.0000000000,25.0000000000,9.0000000000,1.0000000000,0.4908738521
0.5510000000,0.0000000000,0.4921754245,0.9656797941,1.9243243243,1.7890510135,25.0000000000,25.0000000000,9.0000000000,1.0000000000,0.4924078329
0.5520000000,0.0000000000,0.4931411043,0.9656797941,1.9243243243,1.7890510135,25.0000000000,25.0000000000,9.0000000000,1.0000000000,0.4924078329
0.5530000000,0.0000000000,0.4941067841,0.9656797941,1.9243243243,1.7890510135,25.0000000000,25.0000000000,9.0000000000,1.0000000000,0.4939418137
0.5540000000,0.0000000000,0.4950724639,0.9656797941,1.9243243243,1.7890510135,25.0000000000,25.0000000000,9.0000000000,1.0000000000,0.4954757945
0.5550000000,0.0000000000,0.4960381437,0.9656797941,1.9243243243,1.7890510135,25.0000000000,25.0000000000,9.0000000000,1.0000000000,0.4954757945
0.5560000000,0.0000000000,0.4970038235,0.9656797941,1.9243243243,1.7890510135,25.0000000000,25.0000000000,9.0000000000,1.0000000000,0.4970097753
0.5570000000,0.0000000000,0.4979695032,0.9656797941,1.9243243243,1.7890510135,25.0000000000,25.0000000000,9.0000000000,1.0000000000,0.4985437561
0.5580000000,0.0000000000,0.4989351830,0.9656797941,1.9243243243,1.7890510135,25.0000000000,25.0000000000,9.0000000000,1.0000000000,0.4985437561
0.5590000000,0.0000000000,0.4999008628,0.9656797941,1.9243243243,1.7890510135,25.0000000000,25.0000000000,9.0000000000,1.0000000000,0.5000777369
0.5600000000,0.0000000000,0.5008665426,0.9656797941,1.9243243243,1.7890510135,25.0000000000,25.0000000000,9.0000000000,1.0000000000,0.5016117176
0.5610000000,0.0000000000,0.5018322224,0.9656797941,1.9243243243,1.7890510135,25.0000000000,25.0000000000,9.0000000000,1.0000000000,0.5016117176
0.5620000000,0.0000000000,0.5027979022,0.9656797941,1.9243243243,1.7890510135,25.0000000000,25.0000000000,9.0000000000,1.0000000000,0.5031456984
0.5630000000,0.0000000000,0.5037635820,0.9656797941,1.9243243243,1.7890510135,25.0000000000,25.0000000000,9.0000000000,1.0000000000,0.5031456984
0.5640000000,0.0000000000,0.5047292618,0.9656797941,1.9243243243,1.7890510135,25.0000000000,25.0000000000,9.0000000000,1.0000000000,0.5046796792
0.5650000000,0.0000000000,0.5056949416,0.9656797941,1.9243243243,1.7890510135,25.0000000000,25.0000000000,9.0000000000,1.0000000000,0.5062136600
0.5660000000,0.0000000000,0.5066606214,0.9656797941,1.9243243243,1.7890510135,25.0000000000,25.0000000000,9.0000000000,1.0000000000,0.5062136600
0.5670000000,0.0000000000,0.5076263012,0.9656797941,1.9243243243,1.7890510135,25.0000000000,25.0000000000,9.0000000000,1.0000000000,0.5077476408
0.5680000000,0.0000000000,0.5085919810,0.9656797941,1.9243243243,1.7890510135,25.0000000000,25.0000000000,9.0000000000,1.0000000000,0.5092816216
0.5690000000,0.0000000000,0.5095576608,0.9656797941,1.9243243243,1.7890510135,25.0000000000,25.0000000000,9.0000000000,1.0000000000,0.5092816216
0.5700000000,0.0000000000,0.5105233406,0.9656797941,1.9243243243,1.7890510135,25.0000000000,25.0000000000,9.0000000000,1.0000000000,0.5108156024
0.5710000000,0.0000000000,0.5114890204,0.9656797941,1.9243243243,1.7890510135,25.0000000000,25.0000000000,9.0000000000,1.0000000000,0.5108156024
0.5720000000,0.0000000000,0.5124547002,0.9656797941,1.9243243243,1.7890510135,25.0000000000,25.0000000000,9.0000000000,1.0000000000,0.5123495832
0.5730000000,0.0000000000,0.5134203800,0.9656797941,1.9243243243,1.7890510135,25.0000000000,25.0000000000,9.0000000000,1.0000000000,0.5138835639
0.5740000000,0.0000000000,0.5143860597,0.9656797941,1.9243243243,1.7890510135,25.0000000000,25.0000000000,9.0000000000,1.0000000000,0.5138835639
0.5750000000,0.0000000000,0.5153517395,0.9656797941,1.9243243243,1.7890510135,25.0000000000,25.0000000000,9.0000000000,1.0000000000,0.5154175447
0.5760000000,0.0000000000,0.5163174193,0.9656797941,1.9243243243,1.7890510135,25.0000000000,25.0000000000,9.0000000000,1.0000000000,0.5169515255
0.5770000000,0.0000000000,0.5172830991,0.9656797941,1.9243243243,1.7890510135,25.0000000000,25.0000000000,9.0000000000,1.0000000000,0.5169515255
0.5780000000,0.0000000000,0.5182487789,0.9656797941,1.9243243243,1.7890510135,25.0000000000,25.0000000000,9.0000000000,1.0000000000,0.5184855063
0.5790000000,0.0000000000,0.5192144587,0.9656797941,1.9243243243,1.7890510135,25.0000000000,25.0000000000,9.0000000000,1.0000000000,0.5184855063
0.5800000000,0.0000000000,0.5201801385,0.9656797941,1.9243243243,1.7890510135,25.0000000000,25.0000000000,9.0000000000,1.0000000000,0.5200194871
0.5810000000,0.0000000000,0.5211458183,0.9656797941,1.9243243243,1.7890510135,25.0000000000,25.0000000000,9.0000000000,1.0000000000,0.5215534679
0.5820000000,0.0000000000,0.5221114981,0.9656797941,1.9243243243,1.7890510135,25.0000000000,25.0000000000,9.0000000000,1.0000000000,0.5215534679
0.5830000000,0.0000000000,0.5230771779,0.9656797941,1.9243243243,1.7890510135,25.0000000000,25.0000000000,9.0000000000,1.0000000000,0.5230874487
0.5840000000,0.0000000000,0.5240428577,0.9656797941,1.9243243243,1.7890510135,25.0000000000,25.0000000000,9.0000000000,1.0000000000,0.5246214295
0.5850000000,0.0000000000,0.5250085375,0.9656797941,1.9243243243,1.7890510135,25.0000000000,25.0000000000,9.0000000000,1.0000000000,0.5246214295
0.5860000000,0.0000000000,0.5259742173,0.9656797941,1.9243243243,1.7890510135,25.0000000000,25.0000000000,9.0000000000,1.0000000000,0.5261554102
0.5870000000,0.0000000000,0.5269398971,0.9656797941,1.9243243243,1.7890510135,25.0000000000,25.0000000000,9.0000000000,1.0000000000,0.5276893910
0.5880000000,0.0000000000,0.5279055769,0.9656797941,1.9243243243,1.7890510135,25.0000000000,25.0000000000,9.0000000000,1.0000000000,0.5276893910
0.5890000000,0.0000000000,0.5288712567,0.9656797941,1.9243243243,1.7890510135,25.0000000000,25.0000000000,9.0000000000,1.0000000000,0.5292233718
0.5900000000,0.0000000000,0.5298369365,0.9656797941,1.9243243243,1.7890510135,25.0000000000,25.0000000000,9.0000000000,1.0000000000,0.5292233718
0.5910000000,0.0000000000,0.5308026162,0.9656797941,1.9243243243,1.7890510135,25.0000000000,25.0000000000,9.0000000000,1.0000000000,0.5307573526
0.5920000000,0.0000000000,0.5317682960,0.9656797941,1.9243243243,1.7890510135,25.0000000000,25.0000000000,9.0000000000,1.0000000000,0.5322913334
0.5930000000,0.0000000000,0.5327339758,0.9656797941,1.9243243243,1.7890510135,25.0000000000,25.0000000000,9.0000000000,1.0000000000,0.5322913334
0.5940000000,0.0000000000,0.5336996556,0.9656797941,1.9243243243,1.7890510135,25.0000000000,25.0000000000,9.0000000000,1.0000000000,0.5338253142
0.5950000000,0.0000000000,0.5346653354,0.9656797941,1.9243243243,1.7890510135,25.0000000000,25.0000000000,9.0000000000,1.0000000000,0.5353592950
0.5960000000,0.0000000000,0.5356310152,0.9656797941,1.9243243243,1.7890510135,25.0000000000,25.0000000000,9.0000000000,1.0000000000,0.5353592950
0.5970000000,0.0000000000,0.5365966950,0.9656797941,1.9243243243,1.7890510135,25.0000000000,25.0000000000,9.0000000000,1.0000000000,0.5368932758
0.5980000000,0.0000000000,0.5375623748,0.9656797941,1.9243243243,1.7890510135,25.0000000000,25.0000000000,9.0000000000,1.0000000000,0.5368932758
0.5990000000,0.0000000000,0.5385280546,0.9656797941,1.9243243243,1.7890510135,25.0000000000,25.0000000000,9.0000000000,1.0000000000,0.5384272565
0.6000000000,0.0000000000,0.5394937344,0.9656797941,1.9243243243,1.7890510135,25.0000000000,25.0000000000,9.0000000000,1.0000000000,0.5399612373
0.6010000000,0.0000000000,0.5404594142,0.9656797941,1.9243243243,1.7890510135,25.0000000000,25.0000000000,9.0000000000,1.0000000000,0.5399612373
0.6020000000,0.0000000000,0.5414250940,0.9656797941,1.9243243243,1.7890510135,25.0000000000,25.0000000000,9.0000000000,1.0000000000,0.5414952181
0.6030000000,0.0000000000,0.5423907738,0.9656797941,1.9243243243,1.7890510135,25.0000000000,25.0000000000,9.0000000000,1.0000000000,0.5430291989
0.6040000000,0.0000000000,0.5433564536,0.9656797941,1.9243243243,1.7890510135,25.0000000000,25.0000000000,9.0000000000,1.0000000000,0.5430291989
0.6050000000,0.0000000000,0.5443221334,0.9656797941,1.9243243243,1.7890510135,25.0000000000,25.0000000000,9.0000000000,1.0000000000,0.5445631797
0.6060000000,0.0000000000,0.5452878132,0.9656797941,1.9243243243,1.7890510135,25.0000000000,25.0000000000,9.0000000000,1.0000000000,0.5445631797
0.6070000000,0.0000000000,0.5462534930,0.9656797941,1.9243243243,1.7890510135,25.0000000000,25.0000000000,9.0000000000,1.0000000000,0.5460971605
0.6080000000,0.0000000000,0.5472191727,0.9656797941,1.9243243243,1.7890510135,25.0000000000,25.0000000000,9.0000000000,1.0000000000,0.5476311413
0.6090000000,0.0000000000,0.5481848525,0.9656797941,1.9243243243,1.7890510135,25.0000000000,25.0000000000,9.0000000000,1.0000000000,0.5476311413
0.6100000000,0.0000000000,0.5491505323,0.9656797941,1.9243243243,1.7890510135,25.0000000000,25.0000000000,9.0000000000,1.0000000000,0.5491651221
0.6110000000,0.0000000000,0.5501162121,0.9656797941,1.9243243243,1.7890510135,25.0000000000,25.0000000000,9.0000000000,1.0000000000,0.5506991029
0.6120000000,0.0000000000,0.5510818919,0.9656797941,1.9243243243,1.7890510135,25.0000000000,25.0000000000,9.0000000000,1.0000000000,0.5506991029
0.6130000000,0.0000000000,0.5520475717,0.9656797941,1.9243243243,1.7890510135,25.0000000000,25.0000000000,9.0000000000,1.0000000000,0.5522330836
0.6140000000,0.0000000000,0.5530132515,0.9656797941,1.9243243243,1.7890510135,25.0000000000,25.0000000000,9.0000000000,1.0000000000,0.5537670644
0.6150000000,0.0000000000,0.5539789313,0.9656797941,1.9243243243,1.7890510135,25.0000000000,25.0000000000,9.0000000000,1.0000000000,0.5537670644
0.6160000000,0.0000000000,0.5549446111,0.9656797941,1.9243243243,1.7890510135,25.0000000000,25.0000000000,9.0000000000,1.0000000000,0.5553010452
0.6170000000,0.0000000000,0.5559102909,0.9656797941,1.9243243243,1.7890510135,25.0000000000,25.0000000000,9.0000000000,1.0000000000,0.5553010452
0.6180000000,0.0000000000,0.5568759707,0.9656797941,1.9243243243,1.7890510135,25.0000000000,25.0000000000,9.0000000000,1.0000000000,0.5568350260
0.6190000000,0.0000000000,0.5578416505,0.9656797941,1.9243243243,1.7890510135,25.0000000000,25.0000000000,9.0000000000,1.0000000000,0.5583690068
0.6200000000,0.0000000000,0.5588073303,0.9656797941,1.9243243243,1.7890510135,25.0000000000,25.0000000000,9.0000000000,1.0000000000,0.5583690068
0.6210000000,0.0000000000,0.5597730101,0.9656797941,1.9243243243,1.7890510135,25.0000000000,25.0000000000,9.0000000000,1.0000000000,0.5599029876
0.6220000000,0.0000000000,0.5607386899,0.9656797941,1.9243243243,1.7890510135,25.0000000000,25.0000000000,9.0000000000,1.0000000000,0.5614369684
0.6230000000,0.0000000000,0.5617043697,0.9656797941,1.9243243243,1.7890510135,25.0000000000,25.0000000000,9.0000000000,1.0000000000,0.5614369684
0.6240000000,0.0000000000,0.5626700495,0.9656797941,1.9243243243,1.7890510135,25.0000000000,25.0000000000,9.0000000000,1.0000000000,0.5629709492
0.6250000000,0.0000000000,0.5636357292,0.9656797941,1.9243243243,1.7890510135,25.0000000000,25.0000000000,9.0000000000,1.0000000000,0.5629709492
0.6260000000,0.0000000000,0.5646014090,0.9656797941,1.9243243243,1.7890510135,25.0000000000,25.0000000000,9.0000000000,1.0000000000,0.5645049299
0.6270000000,0.0000000000,0.5655670888,0.9656797941,1.9243243243,1.7890510135,25.0000000000,25.0000000000,9.0000000000,1.0000000000,0.5660389107
0.6280000000,0.0000000000,0.5665327686,0.9656797941,1.9243243243,1.7890510135,25.0000000000,25.0000000000,9.0000000000,1.0000000000,0.5660389107
0.6290000000,0.0000000000,0.5674984484,0.9656797941,1.9243243243,1.7890510135,25.0000000000,25.0000000000,9.0000000000,1.0000000000,0.5675728915
0.6300000000,0.0000000000,0.5684641282,0.9656797941,1.9243243243,1.7890510135,25.0000000000,25.0000000000,9.0000000000,1.0000000000,0.5691068723
0.6310000000,0.0000000000,0.5694298080,0.9656797941,1.9243243243,1.7890510135,25.0000000000,25.0000000000,9.0000000000,1.0000000000,0.5691068723
0.6320000000,0.0000000000,0.5703954878,0.9656797941,1.9243243243,1.7890510135,25.0000000000,25.0000000000,9.0000000000,1.0000000000,0.5706408531
0.6330000000,0.0000000000,0.5713611676,0.9656797941,1.9243243243,1.7890510135,25.0000000000,25.0000000000,9.0000000000,1.0000000000,0.5706408531
0.6340000000,0.0000000000,0.5723268474,0.9656797941,1.9243243243,1.7890510135,25.0000000000,25.0000000000,9.0000000000,1.0000000000,0.5721748339
0.6350000000,0.0000000000,0.5732925272,0.9656797941,1.9243243243,1.7890510135,25.0000000000,25.0000000000,9.0000000000,1.0000000000,0.5737088147
0.6360000000,0.0000000000,0.5742582070,0.9656797941,1.9243243243,1.7890510135,25.0000000000,25.0000000000,9.0000000000,1.0000000000,0.5737088147
0.6370000000,0.0000000000,0.5752238868,0.9656797941,1.9243243243,1.7890510135,25.0000000000,25.0000000000,9.0000000000,1.0000000000,0.5752427955
0.6380000000,0.0000000000,0.5761895666,0.9656797941,1.9243243243,1.7890510135,25.0000000000,25.0000000000,9.0000000000,1.0000000000,0.5767767762
0.6390000000,0.0000000000,0.5771552464,0.9656797941,1.9243243243,1.7890510135,25.0000000000,25.0000000000,9.0000000000,1.0000000000,0.5767767762
0.6400000000,0.0000000000,0.5781209262,0.9656797941,1.9243243243,1.7890510135,25.0000000000,25.0000000000,9.0000000000,1.0000000000,0.5783107570
0.6410000000,0.0000000000,0.5790866060,0.9656797941,1.9243243243,1.7890510135,25.0000000000,25.0000000000,9.0000000000,1.0000000000,0.5798447378
0.6420000000,0.0000000000,0.5800522857,0.9656797941,1.9243243243,1.7890510135,25.0000000000,25.0000000000,9.0000000000,1.0000000000,0.5798447378
0.6430000000,0.0000000000,0.5810179655,0.9656797941,1.9243243243,1.7890510135,25.0000000000,25.0000000000,9.0000000000,1.0000000000,0.5813787186
0.6440000000,0.0000000000,0.5819836453,0.9656797941,1.9243243243,1.7890510135,25.0000000000,25.0000000000,9.0000000000,1.0000000000,0.5813787186
0.6450000000,0.0000000000,0.5829493251,0.9656797941,1.9243243243,1.7890510135,25.0000000000,25.0000000000,9.0000000000,1.0000000000,0.5829126994
0.6460000000,0.0000000000,0.5839150049,0.9656797941,1.9243243243,1.7890510135,25.0000000000,25.0000000000,9.0000000000,1.0000000000,0.5844466802
0.6470000000,0.0000000000,0.5848806847,0.9656797941,1.9243243243,1.7890510135,25.0000000000,25.0000000000,9.0000000000,1.0000000000,0.5844466802
0.6480000000,0.0000000000,0.5858463645,0.9656797941,1.9243243243,1.7890510135,25.0000000000,25.0000000000,9.0000000000,1.0000000000,0.5859806610
0.6490000000,0.0000000000,0.5868120443,0.9656797941,1.9243243243,1.7890510135,25.0000000000,25.0000000000,9.0000000000,1.0000000000,0.5875146418
0.6500000000,0.0000000000,0.5877777241,0.9656797941,1.9243243243,1.7890510135,25.0000000000,25.0000000000,9.0000000000,1.0000000000,0.5875146418
0.6510000000,0.0000000000,0.5887434039,0.9656797941,1.9243243243,1.7890510135,25.0000000000,25.0000000000,9.0000000000,1.0000000000,0.5890486225
0.6520000000,0.0000000000,0.5897090837,0.9656797941,1.9243243243,1.7890510135,25.0000000000,25.0000000000,9.0000000000,1.0000000000,0.5890486225
0.6530000000,0.0000000000,0.5906747635,0.9656797941,1.9243243243,1.7890510135,25.0000000000,25.0000000000,9.0000000000,1.0000000000,0.5905826033
0.6540000000,0.0000000000,0.5916404433,0.9656797941,1.9243243243,1.7890510135,25.0000000000,25.0000000000,9.0000000000,1.0000000000,0.5921165841
0.6550000000,0.0000000000,0.5926061231,0.9656797941,1.9243243243,1.7890510135,25.0000000000,25.0000000000,9.0000000000,1.0000000000,0.5921165841
0.6560000000,0.0000000000,0.5935718029,0.9656797941,1.9243243243,1.7890510135,25.0000000000,25.0000000000,9.0000000000,1.0000000000,0.5936505649
0.6570000000,0.0000000000,0.5945374827,0.9656797941,1.9243243243,1.7890510135,25.0000000000,25.0000000000,9.0000000000,1.0000000000,0.5951845457
0.6580000000,0.0000000000,0.5955031625,0.9656797941,1.9243243243,1.7890510135,25.0000000000,25.0000000000,9.0000000000,1.0000000000,0.5951845457
0.6590000000,0.0000000000,0.5964688422,0.9656797941,1.9243243243,1.7890510135,25.0000000000,25.0000000000,9.0000000000,1.0000000000,0.5967185265
0.6600000000,0.0000000000,0.5974345220,0.9656797941,1.9243243243,1.7890510135,25.0000000000,25.0000000000,9.0000000000,1.0000000000,0.5967185265
0.6610000000,0.0000000000,0.5984002018,0.9656797941,1.9243243243,1.7890510135,25.0000000000,25.0000000000,9.0000000000,1.0000000000,0.5982525073
0.6620000000,0.0000000000,0.5993658816,0.9656797941,1.9243243243,1.7890510135,25.0000000000,25.0000000000,9.0000000000,1.0000000000,0.5997864881
0.6630000000,0.0000000000,0.6003315614,0.9656797941,1.9243243243,1.7890510135,25.0000000000,25.0000000000,9.0000000000,1.0000000000,0.5997864881
0.6640000000,0.0000000000,0.6012972412,0.9656797941,1.9243243243,1.7890510135,25.0000000000,25.0000000000,9.0000000000,1.0000000000,0.6013204689
0.6650000000,0.0000000000,0.6022629210,0.9656797941,1.9243243243,1.7890510135,25.0000000000,25.0000000000,9.0000000000,1.0000000000,0.6028544496
0.6660000000,0.0000000000,0.6032286008,0.9656797941,1.9243243243,1.7890510135,25.0000000000,25.0000000000,9.0000000000,1.0000000000,0.6028544496
0.6670000000,0.0000000000,0.6041942806,0.9656797941,1.9243243243,1.7890510135,25.0000000000,25.0000000000,9.0000000000,1.0000000000,0.6043884304
0.6680000000,0.0000000000,0.6051599604,0.9656797941,1.9243243243,1.7890510135,25.0000000000,25.0000000000,9.0000000000,1.0000000000,0.6059224112
0.6690000000,0.0000000000,0.6061256402,0.9656797941,1.9243243243,1.7890510135,25.0000000000,25.0000000000,9.0000000000,1.0000000000,0.6059224112
0.6700000000,0.0000000000,0.6070913200,0.9656797941,1.9243243243,1.7890510135,25.0000000000,25.0000000000,9.0000000000,1.0000000000,0.6074563920
0.6710000000,0.0000000000,0.6080569998,0.9656797941,1.9243243243,1.7890510135,25.0000000000,25.0000000000,9.0000000000,1.0000000000,0.6074563920
0.6720000000,0.0000000000,0.6090226796,0.9656797941,1.9243243243,1.7890510135,25.0000000000,25.0000000000,9.0000000000,1.0000000000,0.6089903728
0.6730000000,0.0000000000,0.6099883594,0.9656797941,1.9243243243,1.7890510135,25.0000000000,25.0000000000,9.0000000000,1.0000000000,0.6105243536
0.6740000000,0.0000000000,0.6109540392,0.9656797941,1.9243243243,1.7890510135,25.0000000000,25.0000000000,9.0000000000,1.0000000000,0.6105243536
0.6750000000,0.0000000000,0.6119197190,0.9656797941,1.9243243243,1.7890510135,25.0000000000,25.0000000000,9.0000000000,1.0000000000,0.6120583344
0.6760000000,0.0000000000,0.6128853987,0.9656797941,1.9243243243,1.7890510135,25.0000000000,25.0000000000,9.0000000000,1.0000000000,0.6135923152
0.6770000000,0.0000000000,0.6138510785,0.9656797941,1.9243243243,1.7890510135,25.0000000000,25.0000000000,9.0000000000,1.0000000000,0.6135923152
0.6780000000,0.0000000000,0.6148167583,0.9656797941,1.9243243243,1.7890510135,25.0000000000,25.0000000000,9.0000000000,1.0000000000,0.6151262959
0.6790000000,0.0000000000,0.6157824381,0.9656797941,1.9243243243,1.7890510135,25.0000000000,25.0000000000,9.0000000000,1.0000000000,0.6151262959
0.6800000000,0.0000000000,0.6167481179,0.9656797941,1.9243243243,1.7890510135,25.0000000000,25.0000000000,9.0000000000,1.0000000000,0.6166602767
0.6810000000,0.0000000000,0.6177137977,0.9656797941,1.9243243243,1.7890510135,25.0000000000,25.0000000000,9.0000000000,1.0000000000,0.6181942575
0.6820000000,0.0000000000,0.6186794775,0.9656797941,1.9243243243,1.7890510135,25.0000000000,25.0000000000,9.0000000000,1.0000000000,0.6181942575
0.6830000000,0.0000000000,0.6196451573,0.9656797941,1.9243243243,1.7890510135,25.0000000000,25.0000000000,9.0000000000,1.0000000000,0.6197282383
0.6840000000,0.0000000000,0.6206108371,0.9656797941,1.9243243243,1.7890510135,25.0000000000,25.0000000000,9.0000000000,1.0000000000,0.6212622191
0.6850000000,0.0000000000,0.6215765169,0.9656797941,1.9243243243,1.7890510135,25.0000000000,25.0000000000,9.0000000000,1.0000000000,0.6212622191
0.6860000000,0.0000000000,0.6225421967,0.9656797941,1.9243243243,1.7890510135,25.0000000000,25.0000000000,9.0000000000,1.0000000000,0.6227961999
0.6870000000,0.0000000000,0.6235078765,0.9656797941,1.9243243243,1.7890510135,25.0000000000,25.0000000000,9.0000000000,1.0000000000,0.6227961999
0.6880000000,0.0000000000,0.6244735563,0.9656797941,1.9243243243,1.7890510135,25.0000000000,25.0000000000,9.0000000000,1.0000000000,0.6243301807
0.6890000000,0.0000000000,0.6254392361,0.9656797941,1.9243243243,1.7890510135,25.0000000000,25.0000000000,9.0000000000,1.0000000000,0.6258641615
0.6900000000,0.0000000000,0.6264049159,0.9656797941,1.9243243243,1.7890510135,25.0000000000,25.0000000000,9.0000000000,1.0000000000,0.6258641615
0.6910000000,0.0000000000,0.6273705957,0.9656797941,1.9243243243,1.7890510135,25.0000000000,25.0000000000,9.0000000000,1.0000000000,0.6273981422
0.6920000000,0.0000000000,0.6283362755,0.9656797941,1.9243243243,1.7890510135,25.0000000000,25.0000000000,9.0000000000,1.0000000000,0.6289321230
0.6930000000,0.0000000000,0.6293019552,0.9656797941,1.9243243243,1.7890510135,25.0000000000,25.0000000000,9.0000000000,1.0000000000,0.6289321230
0.6940000000,0.0000000000,0.6302676350,0.9656797941,1.9243243243,1.7890510135,25.0000000000,25.0000000000,9.0000000000,1.0000000000,0.6304661038
0.6950000000,0.0000000000,0.6312333148,0.9656797941,1.9243243243,1.7890510135,25.0000000000,25.0000000000,9.0000000000,1.0000000000,0.6320000846
0.6960000000,0.0000000000,0.6321989946,0.9656797941,1.9243243243,1.7890510135,25.0000000000,25.0000000000,9.0000000000,1.0000000000,0.6320000846
0.6970000000,0.0000000000,0.6331646744,0.9656797941,1.9243243243,1.7890510135,25.0000000000,25.0000000000,9.0000000000,1.0000000000,0.6335340654
0.6980000000,0.0000000000,0.6341303542,0.9656797941,1.9243243243,1.7890510135,25.0000000000,25.0000000000,9.0000000000,1.0000000000,0.6335340654
0.6990000000,0.0000000000,0.6350960340,0.9656797941,1.9243243243,1.7890510135,25.0000000000,25.0000000000,9.0000000000,1.0000000000,0.6350680462
0.7000000000,0.0000000000,0.6360617138,0.9656797941,1.9243243243,1.7890510135,25.0000000000,25.0000000000,9.0000000000,1.0000000000,0.6366020270
0.7010000000,0.0000000000,0.6370273936,0.9656797941,1.9243243243,1.7890510135,25.0000000000,25.0000000000,9.0000000000,1.0000000000,0.6366020270
0.7020000000,0.0000000000,0.6379930734,0.9656797941,1.9243243243,1.7890510135,25.0000000000,25.0000000000,9.0000000000,1.0000000000,0.6381360078
0.7030000000,0.0000000000,0.6389587532,0.9656797941,1.9243243243,1.7890510135,25.0000000000,25.0000000000,9.0000000000,1.0000000000,0.6396699885
0.7040000000,0.0000000000,0.6399244330,0.9656797941,1.9243243243,1.7890510135,25.0000000000,25.0000000000,9.0000000000,1.0000000000,0.6396699885
0.7050000000,0.0000000000,0.6408901128,0.9656797941,1.9243243243,1.7890510135,25.0000000000,25.0000000000,9.0000000000,1.0000000000,0.6412039693
0.7060000000,0.0000000000,0.6418557926,0.9656797941,1.9243243243,1.7890510135,25.0000000000,25.0000000000,9.0000000000,1.0000000000,0.6412039693
0.7070000000,0.0000000000,0.6428214724,0.9656797941,1.9243243243,1.7890510135,25.0000000000,25.0000000000,9.0000000000,1.0000000000,0.6427379501
0.7080000000,0.0000000000,0.6437871522,0.9656797941,1.9243243243,1.7890510135,25.0000000000,25.0000000000,9.0000000000,1.0000000000,0.6442719309
0.7090000000,0.0000000000,0.6447528320,0.9656797941,1.9243243243,1.7890510135,25.0000000000,25.0000000000,9.0000000000,1.0000000000,0.6442719309
0.7100000000,0.0000000000,0.6457185117,0.9656797941,1.9243243243,1.7890510135,25.0000000000,25.0000000000,9.0000000000,1.0000000000,0.6458059117
0.7110000000,0.0000000000,0.6466841915,0.9656797941,1.9243243243,1.7890510135,25.0000000000,25.0000000000,9.0000000000,1.0000000000,0.6473398925
0.7120000000,0.0000000000,0.6476498713,0.9656797941,1.9243243243,1.7890510135,25.0000000000,25.0000000000,9.0000000000,1.0000000000,0.6473398925
0.7130000000,0.0000000000,0.6486155511,0.9656797941,1.9243243243,1.7890510135,25.0000000000,25.0000000000,9.0000000000,1.0000000000,0.6488738733
0.7140000000,0.0000000000,0.6495812309,0.9656797941,1.9243243243,1.7890510135,25.0000000000,25.0000000000,9.0000000000,1.0000000000,0.6488738733
0.7150000000,0.0000000000,0.6505469107,0.9656797941,1.9243243243,1.7890510135,25.0000000000,25.0000000000,9.0000000000,1.0000000000,0.6504078541
0.7160000000,0.0000000000,0.6515125905,0.9656797941,1.9243243243,1.7890510135,25.0000000000,25.0000000000,9.0000000000,1.0000000000,0.6519418349
0.7170000000,0.0000000000,0.6524782703,0.9656797941,1.9243243243,1.7890510135,25.0000000000,25.0000000000,9.0000000000,1.0000000000,0.6519418349
0.7180000000,0.0000000000,0.6534439501,0.9656797941,1.9243243243,1.7890510135,25.0000000000,25.0000000000,9.0000000000,1.0000000000,0.6534758156
0.7190000000,0.0000000000,0.6544096299,0.9656797941,1.9243243243,1.7890510135,25.0000000000,25.0000000000,9.0000000000,1.0000000000,0.6550097964
0.7200000000,0.0000000000,0.6553753097,0.9656797941,1.9243243243,1.7890510135,25.0000000000,25.0000000000,9.0000000000,1.0000000000,0.6550097964
0.7210000000,0.0000000000,0.6563409895,0.9656797941,1.9243243243,1.7890510135,25.0000000000,25.0000000000,9.0000000000,1.0000000000,0.6565437772
0.7220000000,0.0000000000,0.6573066693,0.9656797941,1.9243243243,1.7890510135,25.0000000000,25.0000000000,9.0000000000,1.0000000000,0.6565437772
0.7230000000,0.0000000000,0.6582723491,0.9656797941,1.9243243243,1.7890510135,25.0000000000,25.0000000000,9.0000000000,1.0000000000,0.6580777580
0.7240000000,0.0000000000,0.6592380289,0.9656797941,1.9243243243,1.7890510135,25.0000000000,25.0000000000,9.0000000000,1.0000000000,0.6596117388
0.7250000000,0.0000000000,0.6602037087,0.9656797941,1.9243243243,1.7890510135,25.0000000000,25.0000000000,9.0000000000,1.0000000000,0.6596117388
0.7260000000,0.0000000000,0.6611693885,0.9656797941,1.9243243243,1.7890510135,25.0000000000,25.0000000000,9.0000000000,1.0000000000,0.6611457196
0.7270000000,0.0000000000,0.6621350682,0.9656797941,1.9243243243,1.7890510135,25.0000000000,25.0000000000,9.0000000000,1.0000000000,0.6626797004
0.7280000000,0.0000000000,0.6631007480,0.9656797941,1.9243243243,1.7890510135,25.0000000000,25.0000000000,9.0000000000,1.0000000000,0.6626797004
0.7290000000,0.0000000000,0.6640664278,0.9656797941,1.9243243243,1.7890510135,25.0000000000,25.0000000000,9.0000000000,1.0000000000,0.6642136812
0.7300000000,0.0000000000,0.6650321076,0.9656797941,1.9243243243,1.7890510135,25.0000000000,25.0000000000,9.0000000000,1.0000000000,0.6657476619
0.7310000000,0.0000000000,0.6659977874,0.9656797941,1.9243243243,1.7890510135,25.0000000000,25.0000000000,9.0000000000,1.0000000000,0.6657476619
0.7320000000,0.0000000000,0.6669634672,0.9656797941,1.9243243243,1.7890510135,25.0000000000,25.0000000000,9.0000000000,1.0000000000,0.6672816427
0.7330000000,0.0000000000,0.6679291470,0.9656797941,1.9243243243,1.7890510135,25.0000000000,25.0000000000,9.0000000000,1.0000000000,0.6672816427
0.7340000000,0.0000000000,0.6688948268,0.9656797941,1.9243243243,1.7890510135,25.0000000000,25.0000000000,9.0000000000,1.0000000000,0.6688156235
0.7350000000,0.0000000000,0.6698605066,0.9656797941,1.9243243243,1.7890510135,25.0000000000,25.0000000000,9.0000000000,1.0000000000,0.6703496043
0.7360000000,0.0000000000,0.6708261864,0.9656797941,1.9243243243,1.7890510135,25.0000000000,25.0000000000,9.0000000000,1.0000000000,0.6703496043
0.7370000000,0.0000000000,0.6717918662,0.9656797941,1.9243243243,1.7890510135,25.0000000000,25.0000000000,9.0000000000,1.0000000000,0.6718835851
0.7380000000,0.0000000000,0.6727575460,0.9656797941,1.9243243243,1.7890510135,25.0000000000,25.0000000000,9.0000000000,1.0000000000,0.6734175659
0.7390000000,0.0000000000,0.6737232258,0.9656797941,1.9243243243,1.7890510135,25.0000000000,25.0000000000,9.0000000000,1.0000000000,0.6734175659
0.7400000000,0.0000000000,0.6746889056,0.9656797941,1.9243243243,1.7890510135,25.0000000000,25.0000000000,9.0000000000,1.0000000000,0.6749515467
0.7410000000,0.0000000000,0.6756545854,0.9656797941,1.9243243243,1.7890510135,25.0000000000,25.0000000000,9.0000000000,1.0000000000,0.6749515467
0.7420000000,0.0000000000,0.6766202652,0.9656797941,1.9243243243,1.7890510135,25.0000000000,25.0000000000,9.0000000000,1.0000000000,0.6764855275
0.7430000000,0.0000000000,0.6775859450,0.9656797941,1.9243243243,1.7890510135,25.0000000000,25.0000000000,9.0000000000,1.0000000000,0.6780195082
0.7440000000,0.0000000000,0.6785516247,0.9656797941,1.9243243243,1.7890510135,25.0000000000,25.0000000000,9.0000000000,1.0000000000,0.6780195082
0.7450000000,0.0000000000,0.6795173045,0.9656797941,1.9243243243,1.7890510135,25.0000000000,25.0000000000,9.0000000000,1.0000000000,0.6795534890
0.7460000000,0.0000000000,0.6804829843,0.9656797941,1.9243243243,1.7890510135,25.0000000000,25.0000000000,9.0000000000,1.0000000000,0.6810874698
0.7470000000,0.0000000000,0.6814486641,0.9656797941,1.9243243243,1.7890510135,25.0000000000,25.0000000000,9.0000000000,1.0000000000,0.6810874698
0.7480000000,0.0000000000,0.6824143439,0.9656797941,1.9243243243,1.7890510135,25.0000000000,25.0000000000,9.0000000000,1.0000000000,0.6826214506
0.7490000000,0.0000000000,0.6833800237,0.9656797941,1.9243243243,1.7890510135,25.0000000000,25.0000000000,9.0000000000,1.0000000000,0.6826214506
0.7500000000,0.0000000000,0.6843457035,0.9656797941,1.9243243243,1.7890510135,25.0000000000,25.0000000000,9.0000000000,1.0000000000,0.6841554314
0.7510000000,0.0000000000,0.6853113833,0.9656797941,1.9243243243,1.7890510135,25.0000000000,25.0000000000,9.0000000000,1.0000000000,0.6856894122
0.7520000000,0.0000000000,0.6862770631,0.9656797941,1.9243243243,1.7890510135,25.0000000000,25.0000000000,9.0000000000,1.0000000000,0.6856894122
0.7530000000,0.0000000000,0.6872427429,0.9656797941,1.9243243243,1.7890510135,25.0000000000,25.0000000000,9.0000000000,1.0000000000,0.6872233930
0.7540000000,0.0000000000,0.6882084227,0.9656797941,1.9243243243,1.7890510135,25.0000000000,25.0000000000,9.0000000000,1.0000000000,0.6887573738
0.7550000000,0.0000000000,0.6891741025,0.9656797941,1.9243243243,1.7890510135,25.0000000000,25.0000000000,9.0000000000,1.0000000000,0.6887573738
0.7560000000,0.0000000000,0.6901397823,0.9656797941,1.9243243243,1.7890510135,25.0000000000,25.0000000000,9.0000000000,1.0000000000,0.6902913545
0.7570000000,0.0000000000,0.6911054621,0.9656797941,1.9243243243,1.7890510135,25.0000000000,25.0000000000,9.0000000000,1.0000000000,0.6918253353
0.7580000000,0.0000000000,0.6920711419,0.9656797941,1.9243243243,1.7890510135,25.0000000000,25.0000000000,9.0000000000,1.0000000000,0.6918253353
0.7590000000,0.0000000000,0.6930368217,0.9656797941,1.9243243243,1.7890510135,25.0000000000,25.0000000000,9.0000000000,1.0000000000,0.6933593161
0.7600000000,0.0000000000,0.6940025015,0.9656797941,1.9243243243,1.7890510135,25.0000000000,25.0000000000,9.0000000000,1.0000000000,0.6933593161
0.7610000000,0.0000000000,0.6949681812,0.9656797941,1.9243243243,1.7890510135,25.0000000000,25.0000000000,9.0000000000,1.0000000000,0.6948932969
0.7620000000,0.0000000000,0.6959338610,0.9656797941,1.9243243243,1.7890510135,25.0000000000,25.0000000000,9.0000000000,1.0000000000,0.6964272777
0.7630000000,0.0000000000,0.6968995408,0.9656797941,1.9243243243,1.7890510135,25.0000000000,25.0000000000,9.0000000000,1.0000000000,0.6964272777
0.7640000000,0.0000000000,0.6978652206,0.9656797941,1.9243243243,1.7890510135,25.0000000000,25.0000000000,9.0000000000,1.0000000000,0.6979612585
0.7650000000,0.0000000000,0.6988309004,0.9656797941,1.9243243243,1.7890510135,25.0000000000,25.0000000000,9.0000000000,1.0000000000,0.6994952393
0.7660000000,0.0000000000,0.6997965802,0.9656797941,1.9243243243,1.7890510135,25.0000000000,25.0000000000,9.0000000000,1.0000000000,0.6994952393
0.7670000000,0.0000000000,0.7007622600,0.9656797941,1.9243243243,1.7890510135,25.0000000000,25.0000000000,9.0000000000,1.0000000000,0.7010292201
0.7680000000,0.0000000000,0.7017279398,0.9656797941,1.9243243243,1.7890510135,25.0000000000,25.0000000000,9.0000000000,1.0000000000,0.7010292201
0.7690000000,0.0000000000,0.7026936196,0.9656797941,1.9243243243,1.7890510135,25.0000000000,25.0000000000,9.0000000000,1.0000000000,0.7025632009
0.7700000000,0.0000000000,0.7036592994,0.9656797941,1.9243243243,1.7890510135,25.0000000000,25.0000000000,9.0000000000,1.0000000000,0.7040971816
0.7710000000,0.0000000000,0.7046249792,0.9656797941,1.9243243243,1.7890510135,25.0000000000,25.0000000000,9.0000000000,1.0000000000,0.7040971816
0.7720000000,0.0000000000,0.7055906590,0.9656797941,1.9243243243,1.7890510135,25.0000000000,25.0000000000,9.0000000000,1.0000000000,0.7056311624
0.7730000000,0.0000000000,0.7065563388,0.9656797941,1.9243243243,1.7890510135,25.0000000000,25.0000000000,9.0000000000,1.0000000000,0.7071651432
0.7740000000,0.0000000000,0.7075220186,0.9656797941,1.9243243243,1.7890510135,25.0000000000,25.0000000000,9.0000000000,1.0000000000,0.7071651432
0.7750000000,0.0000000000,0.7084876984,0.9656797941,1.9243243243,1.7890510135,25.0000000000,25.0000000000,9.0000000000,1.0000000000,0.7086991240
0.7760000000,0.0000000000,0.7094533782,0.9656797941,1.9243243243,1.7890510135,25.0000000000,25.0000000000,9.0000000000,1.0000000000,0.7086991240
0.7770000000,0.0000000000,0.7104190580,0.9656797941,1.9243243243,1.7890510135,25.0000000000,25.0000000000,9.0000000000,1.0000000000,0.7102331048
0.7780000000,0.0000000000,0.7113847377,0.9656797941,1.9243243243,1.7890510135,25.0000000000,25.0000000000,9.0000000000,1.0000000000,0.7117670856
0.7790000000,0.0000000000,0.7123504175,0.9656797941,1.9243243243,1.7890510135,25.0000000000,25.0000000000,9.0000000000,1.0000000000,0.7117670856
0.7800000000,0.0000000000,0.7133160973,0.9656797941,1.9243243243,1.7890510135,25.0000000000,25.0000000000,9.0000000000,1.0000000000,0.7133010664
0.7810000000,0.0000000000,0.7142817771,0.9656797941,1.9243243243,1.7890510135,25.0000000000,25.0000000000,9.0000000000,1.0000000000,0.7148350472
0.7820000000,0.0000000000,0.7152474569,0.9656797941,1.9243243243,1.7890510135,25.0000000000,25.0000000000,9.0000000000,1.0000000000,0.7148350472
0.7830000000,0.0000000000,0.7162131367,0.9656797941,1.9243243243,1.7890510135,25.0000000000,25.0000000000,9.0000000000,1.0000000000,0.7163690279
0.7840000000,0.0000000000,0.7171788165,0.9656797941,1.9243243243,1.7890510135,25.0000000000,25.0000000000,9.0000000000,1.0000000000,0.7179030087
0.7850000000,0.0000000000,0.7181444963,0.9656797941,1.9243243243,1.7890510135,25.0000000000,25.0000000000,9.0000000000,1.0000000000,0.7179030087
0.7860000000,0.0000000000,0.7191101761,0.9656797941,1.9243243243,1.7890510135,25.0000000000,25.0000000000,9.0000000000,1.0000000000,0.7194369895
0.7870000000,0.0000000000,0.7200758559,0.9656797941,1.9243243243,1.7890510135,25.0000000000,25.0000000000,9.0000000000,1.0000000000,0.7194369895
0.7880000000,0.0000000000,0.7210415357,0.9656797941,1.9243243243,1.7890510135,25.0000000000,25.0000000000,9.0000000000,1.0000000000,0.7209709703
0.7890000000,0.0000000000,0.7220072155,0.9656797941,1.9243243243,1.7890510135,25.0000000000,25.0000000000,9.0000000000,1.0000000000,0.7225049511
0.7900000000,0.0000000000,0.7229728953,0.9656797941,1.9243243243,1.7890510135,25.0000000000,25.0000000000,9.0000000000,1.0000000000,0.7225049511
0.7910000000,0.0000000000,0.7239385751,0.9656797941,1.9243243243,1.7890510135,25.0000000000,25.0000000000,9.0000000000,1.0000000000,0.7240389319
0.7920000000,0.0000000000,0.7249042549,0.9656797941,1.9243243243,1.7890510135,25.0000000000,25.0000000000,9.0000000000,1.0000000000,0.7255729127
0.7930000000,0.0000000000,0.7258699347,0.9656797941,1.9243243243,1.7890510135,25.0000000000,25.0000000000,9.0000000000,1.0000000000,0.7255729127
0.7940000000,0.0000000000,0.7268356145,0.9656797941,1.9243243243,1.7890510135,25.0000000000,25.0000000000,9.0000000000,1.0000000000,0.7271068935
0.7950000000,0.0000000000,0.7278012942,0.9656797941,1.9243243243,1.7890510135,25.0000000000,25.0000000000,9.0000000000,1.0000000000,0.7271068935
0.7960000000,0.0000000000,0.7287669740,0.9656797941,1.9243243243,1.7890510135,25.0000000000,25.0000000000,9.0000000000,1.0000000000,0.7286408742
0.7970000000,0.0000000000,0.7297326538,0.9656797941,1.9243243243,1.7890510135,25.0000000000,25.0000000000,9.0000000000,1.0000000000,0.7301748550
0.7980000000,0.0000000000,0.7306983336,0.9656797941,1.9243243243,1.7890510135,25.0000000000,25.0000000000,9.0000000000,1.0000000000,0.7301748550
0.7990000000,0.0000000000,0.7316640134,0.9656797941,1.9243243243,1.7890510135,25.0000000000,25.0000000000,9.0000000000,1.0000000000,0.7317088358
0.8000000000,0.0000000000,0.7326296932,0.9656797941,1.9243243243,1.7890510135,25.0000000000,25.0000000000,9.0000000000,1.0000000000,0.7332428166
0.8010000000,0.0000000000,0.7335953730,0.9656797941,1.9243243243,1.7890510135,25.0000000000,25.0000000000,9.0000000000,1.0000000000,0.7332428166
0.8020000000,0.0000000000,0.7345610528,0.9656797941,1.9243243243,1.7890510135,25.0000000000,25.0000000000,9.0000000000,1.0000000000,0.7347767974
0.8030000000,0.0000000000,0.7355267326,0.9656797941,1.9243243243,1.7890510135,25.0000000000,25.0000000000,9.0000000000,1.0000000000,0.7347767974
0.8040000000,0.0000000000,0.7364924124,0.9656797941,1.9243243243,1.7890510135,25.0000000000,25.0000000000,9.0000000000,1.0000000000,0.7363107782
0.8050000000,0.0000000000,0.7374580922,0.9656797941,1.9243243243,1.7890510135,25.0000000000,25.0000000000,9.0000000000,1.0000000000,0.7378447590
0.8060000000,0.0000000000,0.7384237720,0.9656797941,1.9243243243,1.7890510135,25.0000000000,25.0000000000,9.0000000000,1.0000000000,0.7378447590
0.8070000000,0.0000000000,0.7393894518,0.9656797941,1.9243243243,1.7890510135,25.0000000000,25.0000000000,9.0000000000,1.0000000000,0.7393787398
0.8080000000,0.0000000000,0.7403551316,0.9656797941,1.9243243243,1.7890510135,25.0000000000,25.0000000000,9.0000000000,1.0000000000,0.7409127205
0.8090000000,0.0000000000,0.7413208114,0.9656797941,1.9243243243,1.7890510135,25.0000000000,25.0000000000,9.0000000000,1.0000000000,0.7409127205
0.8100000000,0.0000000000,0.7422864912,0.9656797941,1.9243243243,1.7890510135,25.0000000000,25.0000000000,9.0000000000,1.0000000000,0.7424467013
0.8110000000,0.0000000000,0.7432521710,0.9656797941,1.9243243243,1.7890510135,25.0000000000,25.0000000000,9.0000000000,1.0000000000,0.7439806821
0.8120000000,0.0000000000,0.7442178507,0.9656797941,1.9243243243,1.7890510135,25.0000000000,25.0000000000,9.0000000000,1.0000000000,0.7439806821
0.8130000000,0.0000000000,0.7451835305,0.9656797941,1.9243243243,1.7890510135,25.0000000000,25.0000000000,9.0000000000,1.0000000000,0.7455146629
0.8140000000,0.0000000000,0.7461492103,0.9656797941,1.9243243243,1.7890510135,25.0000000000,25.0000000000,9.0000000000,1.0000000000,0.7455146629
0.8150000000,0.0000000000,0.7471148901,0.9656797941,1.9243243243,1.7890510135,25.0000000000,25.0000000000,9.0000000000,1.0000000000,0.7470486437
0.8160000000,0.0000000000,0.7480805699,0.9656797941,1.9243243243,1.7890510135,25.0000000000,25.0000000000,9.0000000000,1.0000000000,0.7485826245
0.8170000000,0.0000000000,0.7490462497,0.9656797941,1.9243243243,1.7890510135,25.0000000000,25.0000000000,9.0000000000,1.0000000000,0.7485826245
0.8180000000,0.0000000000,0.7500119295,0.9656797941,1.9243243243,1.7890510135,25.0000000000,25.0000000000,9.0000000000,1.0000000000,0.7501166053
0.8190000000,0.0000000000,0.7509776093,0.9656797941,1.9243243243,1.7890510135,25.0000000000,25.0000000000,9.0000000000,1.0000000000,0.7516505861
0.8200000000,0.0000000000,0.7519432891,0.9656797941,1.9243243243,1.7890510135,25.0000000000,25.0000000000,9.0000000000,1.0000000000,0.7516505861
0.8210000000,0.0000000000,0.7529089689,0.9656797941,1.9243243243,1.7890510135,25.0000000000,25.0000000000,9.0000000000,1.0000000000,0.7531845669
0.8220000000,0.0000000000,0.7538746487,0.9656797941,1.9243243243,1.7890510135,25.0000000000,25.0000000000,9.0000000000,1.0000000000,0.7531845669
0.8230000000,0.0000000000,0.7548403285,0.9656797941,1.9243243243,1.7890510135,25.0000000000,25.0000000000,9.0000000000,1.0000000000,0.7547185476
0.8240000000,0.0000000000,0.7558060083,0.9656797941,1.9243243243,1.7890510135,25.0000000000,25.0000000000,9.0000000000,1.0000000000,0.7562525284
0.8250000000,0.0000000000,0.7567716881,0.9656797941,1.9243243243,1.7890510135,25.0000000000,25.0000000000,9.0000000000,1.0000000000,0.7562525284
0.8260000000,0.0000000000,0.7577373679,0.9656797941,1.9243243243,1.7890510135,25.0000000000,25.0000000000,9.0000000000,1.0000000000,0.7577865092
0.8270000000,0.0000000000,0.7587030477,0.9656797941,1.9243243243,1.7890510135,25.0000000000,25.0000000000,9.0000000000,1.0000000000,0.7593204900
0.8280000000,0.0000000000,0.7596687275,0.9656797941,1.9243243243,1.7890510135,25.0000000000,25.0000000000,9.0000000000,1.0000000000,0.7593204900
0.8290000000,0.0000000000,0.7606344072,0.9656797941,1.9243243243,1.7890510135,25.0000000000,25.0000000000,9.0000000000,1.0000000000,0.7608544708
0.8300000000,0.0000000000,0.7616000870,0.9656797941,1.9243243243,1.7890510135,25.0000000000,25.0000000000,9.0000000000,1.0000000000,0.7608544708
0.8310000000,0.0000000000,0.7625657668,0.9656797941,1.9243243243,1.7890510135,25.0000000000,25.0000000000,9.0000000000,1.0000000000,0.7623884516
0.8320000000,0.0000000000,0.7635314466,0.9656797941,1.9243243243,1.7890510135,25.0000000000,25.0000000000,9.0000000000,1.0000000000,0.7639224324
0.8330000000,0.0000000000,0.7644971264,0.9656797941,1.9243243243,1.7890510135,25.0000000000,25.0000000000,9.0000000000,1.0000000000,0.7639224324
0.8340000000,0.0000000000,0.7654628062,0.9656797941,1.9243243243,1.7890510135,25.0000000000,25.0000000000,9.0000000000,1.0000000000,0.7654564132
0.8350000000,0.0000000000,0.7664284860,0.9656797941,1.9243243243,1.7890510135,25.0000000000,25.0000000000,9.0000000000,1.0000000000,0.7669903939
0.8360000000,0.0000000000,0.7673941658,0.9656797941,1.9243243243,1.7890510135,25.0000000000,25.0000000000,9.0000000000,1.0000000000,0.7669903939
0.8370000000,0.0000000000,0.7683598456,0.9656797941,1.9243243243,1.7890510135,25.0000000000,25.0000000000,9.0000000000,1.0000000000,0.7685243747
0.8380000000,0.0000000000,0.7693255254,0.9656797941,1.9243243243,1.7890510135,25.0000000000,25.0000000000,9.0000000000,1.0000000000,0.7700583555
0.8390000000,0.0000000000,0.7702912052,0.9656797941,1.9243243243,1.7890510135,25.0000000000,25.0000000000,9.0000000000,1.0000000000,0.7700583555
0.8400000000,0.0000000000,0.7712568850,0.9656797941,1.9243243243,1.7890510135,25.0000000000,25.0000000000,9.0000000000,1.0000000000,0.7715923363
0.8410000000,0.0000000000,0.7722225648,0.9656797941,1.9243243243,1.7890510135,25.0000000000,25.0000000000,9.0000000000,1.0000000000,0.7715923363
0.8420000000,0.0000000000,0.7731882446,0.9656797941,1.9243243243,1.7890510135,25.0000000000,25.0000000000,9.0000000000,1.0000000000,0.7731263171
0.8430000000,0.0000000000,0.7741539244,0.9656797941,1.9243243243,1.7890510135,25.0000000000,25.0000000000,9.0000000000,1.0000000000,0.7746602979
0.8440000000,0.0000000000,0.7751196042,0.9656797941,1.9243243243,1.7890510135,25.0000000000,25.0000000000,9.0000000000,1.0000000000,0.7746602979
0.8450000000,0.0000000000,0.7760852840,0.9656797941,1.9243243243,1.7890510135,25.0000000000,25.0000000000,9.0000000000,1.0000000000,0.7761942787
0.8460000000,0.0000000000,0.7770509637,0.9656797941,1.9243243243,1.7890510135,25.0000000000,25.0000000000,9.0000000000,1.0000000000,0.7777282595
0.8470000000,0.0000000000,0.7780166435,0.9656797941,1.9243243243,1.7890510135,25.0000000000,25.0000000000,9.0000000000,1.0000000000,0.7777282595
0.8480000000,0.0000000000,0.7789823233,0.9656797941,1.9243243243,1.7890510135,25.0000000000,25.0000000000,9.0000000000,1.0000000000,0.7792622402
0.8490000000,0.0000000000,0.7799480031,0.9656797941,1.9243243243,1.7890510135,25.0000000000,25.0000000000,9.0000000000,1.0000000000,0.7792622402
0.8500000000,0.0000000000,0.7809136829,0.9656797941,1.9243243243,1.7890510135,25.0000000000,25.0000000000,9.0000000000,1.0000000000,0.7807962210
0.8510000000,0.0000000000,0.7818793627,0.9656797941,1.9243243243,1.7890510135,25.0000000000,25.0000000000,9.0000000000,1.0000000000,0.7823302018
0.8520000000,0.0000000000,0.7828450425,0.9656797941,1.9243243243,1.7890510135,25.0000000000,25.0000000000,9.0000000000,1.0000000000,0.7823302018
0.8530000000,0.0000000000,0.7838107223,0.9656797941,1.9243243243,1.7890510135,25.0000000000,25.0000000000,9.0000000000,1.0000000000,0.7838641826
0.8540000000,0.0000000000,0.7847764021,0.9656797941,1.9243243243,1.7890510135,25.0000000000,25.0000000000,9.0000000000,1.0000000000,0.7853981634
0.8550000000,0.0000000000,0.7857420819,0.9656797941,1.9243243243,1.7890510135,25.0000000000,25.0000000000,9.0000000000,1.0000000000,0.7853981634
0.8560000000,0.0000000000,0.7867077617,0.9656797941,1.9243243243,1.7890510135,25.0000000000,25.0000000000,9.0000000000,1.0000000000,0.7869321442
0.8570000000,0.0000000000,0.7876734415,0.9656797941,1.9243243243,1.7890510135,25.0000000000,25.0000000000,9.0000000000,1.0000000000,0.7869321442
0.8580000000,0.0000000000,0.7886391213,0.9656797941,1.9243243243,1.7890510135,25.0000000000,25.0000000000,9.0000000000,1.0000000000,0.7884661250
0.8590000000,0.0000000000,0.7896048011,0.9656797941,1.9243243243,1.7890510135,25.0000000000,25.0000000000,9.0000000000,1.0000000000,0.7900001058
0.8600000000,0.0000000000,0.7905704809,0.9656797941,1.9243243243,1.7890510135,25.0000000000,25.0000000000,9.0000000000,1.0000000000,0.7900001058
0.8610000000,0.0000000000,0.7915361607,0.9656797941,1.9243243243,1.7890510135,25.0000000000,25.0000000000,9.0000000000,1.0000000000,0.7915340865
0.8620000000,0.0000000000,0.7925018405,0.9656797941,1.9243243243,1.7890510135,25.0000000000,25.0000000000,9.0000000000,1.0000000000,0.7930680673
0.8630000000,0.0000000000,0.7934675202,0.9656797941,1.9243243243,1.7890510135,25.0000000000,25.0000000000,9.0000000000,1.0000000000,0.7930680673
0.8640000000,0.0000000000,0.7944332000,0.9656797941,1.9243243243,1.7890510135,25.0000000000,25.0000000000,9.0000000000,1.0000000000,0.7946020481
0.8650000000,0.0000000000,0.7953988798,0.9656797941,1.9243243243,1.7890510135,25.0000000000,25.0000000000,9.0000000000,1.0000000000,0.7961360289
0.8660000000,0.0000000000,0.7963645596,0.9656797941,1.9243243243,1.7890510135,25.0000000000,25.0000000000,9.0000000000,1.0000000000,0.7961360289
0.8670000000,0.0000000000,0.7973302394,0.9656797941,1.9243243243,1.7890510135,25.0000000000,25.0000000000,9.0000000000,1.0000000000,0.7976700097
0.8680000000,0.0000000000,0.7982959192,0.9656797941,1.9243243243,1.7890510135,25.0000000000,25.0000000000,9.0000000000,1.0000000000,0.7976700097
0.8690000000,0.0000000000,0.7992615990,0.9656797941,1.9243243243,1.7890510135,25.0000000000,25.0000000000,9.0000000000,1.0000000000,0.7992039905
0.8700000000,0.0000000000,0.8002272788,0.9656797941,1.9243243243,1.7890510135,25.0000000000,25.0000000000,9.0000000000,1.0000000000,0.8007379713
0.8710000000,0.0000000000,0.8011929586,0.9656797941,1.9243243243,1.7890510135,25.0000000000,25.0000000000,9.0000000000,1.0000000000,0.8007379713
0.8720000000,0.0000000000,0.8021586384,0.9656797941,1.9243243243,1.7890510135,25.0000000000,25.0000000000,9.0000000000,1.0000000000,0.8022719521
0.8730000000,0.0000000000,0.8031243182,0.9656797941,1.9243243243,1.7890510135,25.0000000000,25.0000000000,9.0000000000,1.0000000000,0.8038059329
0.8740000000,0.0000000000,0.8040899980,0.9656797941,1.9243243243,1.7890510135,25.0000000000,25.0000000000,9.0000000000,1.0000000000,0.8038059329
0.8750000000,0.0000000000,0.8050556778,0.9656797941,1.9243243243,1.7890510135,25.0000000000,25.0000000000,9.0000000000,1.0000000000,0.8053399136
0.8760000000,0.0000000000,0.8060213576,0.9656797941,1.9243243243,1.7890510135,25.0000000000,25.0000000000,9.0000000000,1.0000000000,0.8053399136
0.8770000000,0.0000000000,0.8069870374,0.9656797941,1.9243243243,1.7890510135,25.0000000000,25.0000000000,9.0000000000,1.0000000000,0.8068738944
0.8780000000,0.0000000000,0.8079527172,0.9656797941,1.9243243243,1.7890510135,25.0000000000,25.0000000000,9.0000000000,1.0000000000,0.8084078752
0.8790000000,0.0000000000,0.8089183970,0.9656797941,1.9243243243,1.7890510135,25.0000000000,25.0000000000,9.0000000000,1.0000000000,0.8084078752
0.8800000000,0.0000000000,0.8098840767,0.9656797941,1.9243243243,1.7890510135,25.0000000000,25.0000000000,9.0000000000,1.0000000000,0.8099418560
0.8810000000,0.0000000000,0.8108497565,0.9656797941,1.9243243243,1.7890510135,25.0000000000,25.0000000000,9.0000000000,1.0000000000,0.8114758368
0.8820000000,0.0000000000,0.8118154363,0.9656797941,1.9243243243,1.7890510135,25.0000000000,25.0000000000,9.0000000000,1.0000000000,0.8114758368
0.8830000000,0.0000000000,0.8127811161,0.9656797941,1.9243243243,1.7890510135,25.0000000000,25.0000000000,9.0000000000,1.0000000000,0.8130098176
0.8840000000,0.0000000000,0.8137467959,0.9656797941,1.9243243243,1.7890510135,25.0000000000,25.0000000000,9.0000000000,1.0000000000,0.8130098176
0.8850000000,0.0000000000,0.8147124757,0.9656797941,1.9243243243,1.7890510135,25.0000000000,25.0000000000,9.0000000000,1.0000000000,0.8145437984
0.8860000000,0.0000000000,0.8156781555,0.9656797941,1.9243243243,1.7890510135,25.0000000000,25.0000000000,9.0000000000,1.0000000000,0.8160777792
0.8870000000,0.0000000000,0.8166438353,0.9656797941,1.9243243243,1.7890510135,25.0000000000,25.0000000000,9.0000000000,1.0000000000,0.8160777792
0.8880000000,0.0000000000,0.8176095151,0.9656797941,1.9243243243,1.7890510135,25.0000000000,25.0000000000,9.0000000000,1.0000000000,0.8176117599
0.8890000000,0.0000000000,0.8185751949,0.9656797941,1.9243243243,1.7890510135,25.0000000000,25.0000000000,9.0000000000,1.0000000000,0.8191457407
0.8900000000,0.0000000000,0.8195408747,0.9656797941,1.9243243243,1.7890510135,25.0000000000,25.0000000000,9.0000000000,1.0000000000,0.8191457407
0.8910000000,0.0000000000,0.8205065545,0.9656797941,1.9243243243,1.7890510135,25.0000000000,25.0000000000,9.0000000000,1.0000000000,0.8206797215
0.8920000000,0.0000000000,0.8214722343,0.9656797941,1.9243243243,1.7890510135,25.0000000000,25.0000000000,9.0000000000,1.0000000000,0.8222137023
0.8930000000,0.0000000000,0.8224379141,0.9656797941,1.9243243243,1.7890510135,25.0000000000,25.0000000000,9.0000000000,1.0000000000,0.8222137023
0.8940000000,0.0000000000,0.8234035939,0.9656797941,1.9243243243,1.7890510135,25.0000000000,25.0000000000,9.0000000000,1.0000000000,0.8237476831
0.8950000000,0.0000000000,0.8243692737,0.9656797941,1.9243243243,1.7890510135,25.0000000000,25.0000000000,9.0000000000,1.0000000000,0.8237476831
0.8960000000,0.0000000000,0.8253349535,0.9656797941,1.9243243243,1.7890510135,25.0000000000,25.0000000000,9.0000000000,1.0000000000,0.8252816639
0.8970000000,0.0000000000,0.8263006332,0.9656797941,1.9243243243,1.7890510135,25.0000000000,25.0000000000,9.0000000000,1.0000000000,0.8268156447
0.8980000000,0.0000000000,0.8272663130,0.9656797941,1.9243243243,1.7890510135,25.0000000000,25.0000000000,9.0000000000,1.0000000000,0.8268156447
0.8990000000,0.0000000000,0.8282319928,0.9656797941,1.9243243243,1.7890510135,25.0000000000,25.0000000000,9.0000000000,1.0000000000,0.8283496255
0.9000000000,0.0000000000,0.8291976726,0.9656797941,1.9243243243,1.7890510135,25.0000000000,25.0000000000,9.0000000000,1.0000000000,0.8298836062
0.9010000000,0.0000000000,0.8301633524,0.9656797941,1.9243243243,1.7890510135,25.0000000000,25.0000000000,9.0000000000,1.0000000000,0.8298836062
0.9020000000,0.0000000000,0.8311290322,0.9656797941,1.9243243243,1.7890510135,25.0000000000,25.0000000000,9.0000000000,1.0000000000,0.8314175870
0.9030000000,0.0000000000,0.8320947120,0.9656797941,1.9243243243,1.7890510135,25.0000000000,25.0000000000,9.0000000000,1.0000000000,0.8314175870
0.9040000000,0.0000000000,0.8330603918,0.9656797941,1.9243243243,1.7890510135,25.0000000000,25.0000000000,9.0000000000,1.0000000000,0.8329515678
0.9050000000,0.0000000000,0.8340260716,0.9656797941,1.9243243243,1.7890510135,25.0000000000,25.0000000000,9.0000000000,1.0000000000,0.8344855486
0.9060000000,0.0000000000,0.8349917514,0.9656797941,1.9243243243,1.7890510135,25.0000000000,25.0000000000,9.0000000000,1.0000000000,0.8344855486
0.9070000000,0.0000000000,0.8359574312,0.9656797941,1.9243243243,1.7890510135,25.0000000000,25.0000000000,9.0000000000,1.0000000000,0.8360195294
0.9080000000,0.0000000000,0.8369231110,0.9656797941,1.9243243243,1.7890510135,25.0000000000,25.0000000000,9.0000000000,1.0000000000,0.8375535102
0.9090000000,0.0000000000,0.8378887908,0.9656797941,1.9243243243,1.7890510135,25.0000000000,25.0000000000,9.0000000000,1.0000000000,0.8375535102
0.9100000000,0.0000000000,0.8388544706,0.9656797941,1.9243243243,1.7890510135,25.0000000000,25.0000000000,9.0000000000,1.0000000000,0.8390874910
0.9110000000,0.0000000000,0.8398201504,0.9656797941,1.9243243243,1.7890510135,25.0000000000,25.0000000000,9.0000000000,1.0000000000,0.8390874910
0.9120000000,0.0000000000,0.8407858302,0.9656797941,1.9243243243,1.7890510135,25.0000000000,25.0000000000,9.0000000000,1.0000000000,0.8406214718
0.9130000000,0.0000000000,0.8417515100,0.9656797941,1.9243243243,1.7890510135,25.0000000000,25.0000000000,9.0000000000,1.0000000000,0.8421554525
0.9140000000,0.0000000000,0.8427171897,0.9656797941,1.9243243243,1.7890510135,25.0000000000,25.0000000000,9.0000000000,1.0000000000,0.8421554525
0.9150000000,0.0000000000,0.8436828695,0.9656797941,1.9243243243,1.7890510135,25.0000000000,25.0000000000,9.0000000000,1.0000000000,0.8436894333
0.9160000000,0.0000000000,0.8446485493,0.9656797941,1.9243243243,1.7890510135,25.0000000000,25.0000000000,9.0000000000,1.0000000000,0.8452234141
0.9170000000,0.0000000000,0.8456142291,0.9656797941,1.9243243243,1.7890510135,25.0000000000,25.0000000000,9.0000000000,1.0000000000,0.8452234141
0.9180000000,0.0000000000,0.8465799089,0.9656797941,1.9243243243,1.7890510135,25.0000000000,25.0000000000,9.0000000000,1.0000000000,0.8467573949
0.9190000000,0.0000000000,0.8475455887,0.9656797941,1.9243243243,1.7890510135,25.0000000000,25.0000000000,9.0000000000,1.0000000000,0.8482913757
0.9200000000,0.0000000000,0.8485112685,0.9656797941,1.9243243243,1.7890510135,25.0000000000,25.0000000000,9.0000000000,1.0000000000,0.8482913757
0.9210000000,0.0000000000,0.8494769483,0.9656797941,1.9243243243,1.7890510135,25.0000000000,25.0000000000,9.0000000000,1.0000000000,0.8498253565
0.9220000000,0.0000000000,0.8504426281,0.9656797941,1.9243243243,1.7890510135,25.0000000000,25.0000000000,9.0000000000,1.0000000000,0.8498253565
0.9230000000,0.0000000000,0.8514083079,0.9656797941,1.9243243243,1.7890510135,25.0000000000,25.0000000000,9.0000000000,1.0000000000,0.8513593373
0.9240000000,0.0000000000,0.8523739877,0.9656797941,1.9243243243,1.7890510135,25.0000000000,25.0000000000,9.0000000000,1.0000000000,0.8528933181
0.9250000000,0.0000000000,0.8533396675,0.9656797941,1.9243243243,1.7890510135,25.0000000000,25.0000000000,9.0000000000,1.0000000000,0.8528933181
0.9260000000,0.0000000000,0.8543053473,0.9656797941,1.9243243243,1.7890510135,25.0000000000,25.0000000000,9.0000000000,1.0000000000,0.8544272989
0.9270000000,0.0000000000,0.8552710271,0.9656797941,1.9243243243,1.7890510135,25.0000000000,25.0000000000,9.0000000000,1.0000000000,0.8559612796
0.9280000000,0.0000000000,0.8562367069,0.9656797941,1.9243243243,1.7890510135,25.0000000000,25.0000000000,9.0000000000,1.0000000000,0.8559612796
0.9290000000,0.0000000000,0.8572023867,0.9656797941,1.9243243243,1.7890510135,25.0000000000,25.0000000000,9.0000000000,1.0000000000,0.8574952604
0.9300000000,0.0000000000,0.8581680665,0.9656797941,1.9243243243,1.7890510135,25.0000000000,25.0000000000,9.0000000000,1.0000000000,0.8574952604
0.9310000000,0.0000000000,0.8591337462,0.9656797941,1.9243243243,1.7890510135,25.0000000000,25.0000000000,9.0000000000,1.0000000000,0.8590292412
0.9320000000,0.0000000000,0.8600994260,0.9656797941,1.9243243243,1.7890510135,25.0000000000,25.0000000000,9.0000000000,1.0000000000,0.8605632220
0.9330000000,0.0000000000,0.8610651058,0.9656797941,1.9243243243,1.7890510135,25.0000000000,25.0000000000,9.0000000000,1.0000000000,0.8605632220
0.9340000000,0.0000000000,0.8620307856,0.9656797941,1.9243243243,1.7890510135,25.0000000000,25.0000000000,9.0000000000,1.0000000000,0.8620972028
0.9350000000,0.0000000000,0.8629964654,0.9656797941,1.9243243243,1.7890510135,25.0000000000,25.0000000000,9.0000000000,1.0000000000,0.8636311836
0.9360000000,0.0000000000,0.8639621452,0.9656797941,1.9243243243,1.7890510135,25.0000000000,25.0000000000,9.0000000000,1.0000000000,0.8636311836
0.9370000000,0.0000000000,0.8649278250,0.9656797941,1.9243243243,1.7890510135,25.0000000000,25.0000000000,9.0000000000,1.0000000000,0.8651651644
0.9380000000,0.0000000000,0.8658935048,0.9656797941,1.9243243243,1.7890510135,25.0000000000,25.0000000000,9.0000000000,1.0000000000,0.8651651644
0.9390000000,0.0000000000,0.8668591846,0.9656797941,1.9243243243,1.7890510135,25.0000000000,25.0000000000,9.0000000000,1.0000000000,0.8666991452
0.9400000000,0.0000000000,0.8678248644,0.9656797941,1.9243243243,1.7890510135,25.0000000000,25.0000000000,9.0000000000,1.0000000000,0.8682331259
0.9410000000,0.0000000000,0.8687905442,0.9656797941,1.9243243243,1.7890510135,25.0000000000,25.0000000000,9.0000000000,1.0000000000,0.8682331259
0.9420000000,0.0000000000,0.8697562240,0.9656797941,1.9243243243,1.7890510135,25.0000000000,25.0000000000,9.0000000000,1.0000000000,0.8697671067
0.9430000000,0.0000000000,0.8707219038,0.9656797941,1.9243243243,1.7890510135,25.0000000000,25.0000000000,9.0000000000,1.0000000000,0.8713010875
0.9440000000,0.0000000000,0.8716875836,0.9656797941,1.9243243243,1.7890510135,25.0000000000,25.0000000000,9.0000000000,1.0000000000,0.8713010875
0.9450000000,0.0000000000,0.8726532634,0.9656797941,1.9243243243,1.7890510135,25.0000000000,25.0000000000,9.0000000000,1.0000000000,0.8728350683
0.9460000000,0.0000000000,0.8736189432,0.9656797941,1.9243243243,1.7890510135,25.0000000000,25.0000000000,9.0000000000,1.0000000000,0.8743690491
0.9470000000,0.0000000000,0.8745846230,0.9656797941,1.9243243243,1.7890510135,25.0000000000,25.0000000000,9.0000000000,1.0000000000,0.8743690491
0.9480000000,0.0000000000,0.8755503027,0.9656797941,1.9243243243,1.7890510135,25.0000000000,25.0000000000,9.0000000000,1.0000000000,0.8759030299
0.9490000000,0.0000000000,0.8765159825,0.9656797941,1.9243243243,1.7890510135,25.0000000000,25.0000000000,9.0000000000,1.0000000000,0.8759030299
0.9500000000,0.0000000000,0.8774816623,0.9656797941,1.9243243243,1.7890510135,25.0000000000,25.0000000000,9.0000000000,1.0000000000,0.8774370107
0.9510000000,0.0000000000,0.8784473421,0.9656797941,1.9243243243,1.7890510135,25.0000000000,25.0000000000,9.0000000000,1.0000000000,0.8789709915
0.9520000000,0.0000000000,0.8794130219,0.9656797941,1.9243243243,1.7890510135,25.0000000000,25.0000000000,9.0000000000,1.0000000000,0.8789709915
0.9530000000,0.0000000000,0.8803787017,0.9656797941,1.9243243243,1.7890510135,25.0000000000,25.0000000000,9.0000000000,1.0000000000,0.8805049722
0.9540000000,0.0000000000,0.8813443815,0.9656797941,1.9243243243,1.7890510135,25.0000000000,25.0000000000,9.0000000000,1.0000000000,0.8820389530
0.9550000000,0.0000000000,0.8823100613,0.9656797941,1.9243243243,1.7890510135,25.0000000000,25.0000000000,9.0000000000,1.0000000000,0.8820389530
0.9560000000,0.0000000000,0.8832757411,0.9656797941,1.9243243243,1.7890510135,25.0000000000,25.0000000000,9.0000000000,1.0000000000,0.8835729338
0.9570000000,0.0000000000,0.8842414209,0.9656797941,1.9243243243,1.7890510135,25.0000000000,25.0000000000,9.0000000000,1.0000000000,0.8835729338
0.9580000000,0.0000000000,0.8852071007,0.9656797941,1.9243243243,1.7890510135,25.0000000000,25.0000000000,9.0000000000,1.0000000000,0.8851069146
0.9590000000,0.0000000000,0.8861727805,0.9656797941,1.9243243243,1.7890510135,25.0000000000,25.0000000000,9.0000000000,1.0000000000,0.8866408954
0.9600000000,0.0000000000,0.8871384603,0.9656797941,1.9243243243,1.7890510135,25.0000000000,25.0000000000,9.0000000000,1.0000000000,0.8866408954
0.9610000000,0.0000000000,0.8881041401,0.9656797941,1.9243243243,1.7890510135,25.0000000000,25.0000000000,9.0000000000,1.0000000000,0.8881748762
0.9620000000,0.0000000000,0.8890698199,0.9656797941,1.9243243243,1.7890510135,25.0000000000,25.0000000000,9.0000000000,1.0000000000,0.8897088570
0.9630000000,0.0000000000,0.8900354997,0.9656797941,1.9243243243,1.7890510135,25.0000000000,25.0000000000,9.0000000000,1.0000000000,0.8897088570
0.9640000000,0.0000000000,0.8910011794,0.9656797941,1.9243243243,1.7890510135,25.0000000000,25.0000000000,9.0000000000,1.0000000000,0.8912428378
0.9650000000,0.0000000000,0.8919668592,0.9656797941,1.9243243243,1.7890510135,25.0000000000,25.0000000000,9.0000000000,1.0000000000,0.8912428378
0.9660000000,0.0000000000,0.8929325390,0.9656797941,1.9243243243,1.7890510135,25.0000000000,25.0000000000,9.0000000000,1.0000000000,0.8927768185
0.9670000000,0.0000000000,0.8938982188,0.9656797941,1.9243243243,1.7890510135,25.0000000000,25.0000000000,9.0000000000,1.0000000000,0.8943107993
0.9680000000,0.0000000000,0.8948638986,0.9656797941,1.9243243243,1.7890510135,25.0000000000,25.0000000000,9.0000000000,1.0000000000,0.8943107993
0.9690000000,0.0000000000,0.8958295784,0.9656797941,1.9243243243,1.7890510135,25.0000000000,25.0000000000,9.0000000000,1.0000000000,0.8958447801
0.9700000000,0.0000000000,0.8967952582,0.9656797941,1.9243243243,1.7890510135,25.0000000000,25.0000000000,9.0000000000,1.0000000000,0.8973787609
0.9710000000,0.0000000000,0.8977609380,0.9656797941,1.9243243243,1.7890510135,25.0000000000,25.0000000000,9.0000000000,1.0000000000,0.8973787609
0.9720000000,0.0000000000,0.8987266178,0.9656797941,1.9243243243,1.7890510135,25.0000000000,25.0000000000,9.0000000000,1.0000000000,0.8989127417
0.9730000000,0.0000000000,0.8996922976,0.9656797941,1.9243243243,1.7890510135,25.0000000000,25.0000000000,9.0000000000,1.0000000000,0.9004467225
0.9740000000,0.0000000000,0.9006579774,0.9656797941,1.9243243243,1.7890510135,25.0000000000,25.0000000000,9.0000000000,1.0000000000,0.9004467225
0.9750000000,0.0000000000,0.9016236572,0.9656797941,1.9243243243,1.7890510135,25.0000000000,25.0000000000,9.0000000000,1.0000000000,0.9019807033
0.9760000000,0.0000000000,0.9025893370,0.9656797941,1.9243243243,1.7890510135,25.0000000000,25.0000000000,9.0000000000,1.0000000000,0.9019807033
0.9770000000,0.0000000000,0.9035550168,0.9656797941,1.9243243243,1.7890510135,25.0000000000,25.0000000000,9.0000000000,1.0000000000,0.9035146841
0.9780000000,0.0000000000,0.9045206966,0.9656797941,1.9243243243,1.7890510135,25.0000000000,25.0000000000,9.0000000000,1.0000000000,0.9050486649
0.9790000000,0.0000000000,0.9054863764,0.9656797941,1.9243243243,1.7890510135,25.0000000000,25.0000000000,9.0000000000,1.0000000000,0.9050486649
0.9800000000,0.0000000000,0.9064520562,0.9656797941,1.9243243243,1.7890510135,25.0000000000,25.0000000000,9.0000000000,1.0000000000,0.9065826456
0.9810000000,0.0000000000,0.9074177359,0.9656797941,1.9243243243,1.7890510135,25.0000000000,25.0000000000,9.0000000000,1.0000000000,0.9081166264
0.9820000000,0.0000000000,0.9083834157,0.9656797941,1.9243243243,1.7890510135,25.0000000000,25.0000000000,9.0000000000,1.0000000000,0.9081166264
0.9830000000,0.0000000000,0.9093490955,0.9656797941,1.9243243243,1.7890510135,25.0000000000,25.0000000000,9.0000000000,1.0000000000,0.9096506072
0.9840000000,0.0000000000,0.9103147753,0.9656797941,1.9243243243,1.7890510135,25.0000000000,25.0000000000,9.0000000000,1.0000000000,0.9096506072
0.9850000000,0.0000000000,0.9112804551,0.9656797941,1.9243243243,1.7890510135,25.0000000000,25.0000000000,9.0000000000,1.0000000000,0.9111845880
0.9860000000,0.0000000000,0.9122461349,0.9656797941,1.9243243243,1.7890510135,25.0000000000,25.0000000000,9.0000000000,1.0000000000,0.9127185688
0.9870000000,0.0000000000,0.9132118147,0.9656797941,1.9243243243,1.7890510135,25.0000000000,25.0000000000,9.0000000000,1.0000000000,0.9127185688
0.9880000000,0.0000000000,0.9141774945,0.9656797941,1.9243243243,1.7890510135,25.0000000000,25.0000000000,9.0000000000,1.0000000000,0.9142525496
0.9890000000,0.0000000000,0.9151431743,0.9656797941,1.9243243243,1.7890510135,25.0000000000,25.0000000000,9.0000000000,1.0000000000,0.9157865304
0.9900000000,0.0000000000,0.9161088541,0.9656797941,1.9243243243,1.7890510135,25.0000000000,25.0000000000,9.0000000000,1.0000000000,0.9157865304
0.9910000000,0.0000000000,0.9170745339,0.9656797941,1.9243243243,1.7890510135,25.0000000000,25.0000000000,9.0000000000,1.0000000000,0.9173205112
0.9920000000,0.0000000000,0.9180402137,0.9656797941,1.9243243243,1.7890510135,25.0000000000,25.0000000000,9.0000000000,1.0000000000,0.9173205112
0.9930000000,0.0000000000,0.9190058935,0.9656797941,1.9243243243,1.7890510135,25.0000000000,25.0000000000,9.0000000000,1.0000000000,0.9188544919
0.9940000000,0.0000000000,0.9199715733,0.9656797941,1.9243243243,1.7890510135,25.0000000000,25.0000000000,9.0000000000,1.0000000000,0.9203884727
0.9950000000,0.0000000000,0.9209372531,0.9656797941,1.9243243243,1.7890510135,25.0000000000,25.0000000000,9.0000000000,1.0000000000,0.9203884727
0.9960000000,0.0000000000,0.9219029329,0.9656797941,1.9243243243,1.7890510135,25.0000000000,25.0000000000,9.0000000000,1.0000000000,0.9219224535
0.9970000000,0.0000000000,0.9228686127,0.9656797941,1.9243243243,1.7890510135,25.0000000000,25.0000000000,9.0000000000,1.0000000000,0.9234564343
0.9980000000,0.0000000000,0.9238342924,0.9656797941,1.9243243243,1.7890510135,25.0000000000,25.0000000000,9.0000000000,1.0000000000,0.9234564343
0.9990000000,0.0000000000,0.9247999722,0.9656797941,1.9243243243,1.7890510135,25.0000000000,25.0000000000,9.0000000000,1.0000000000,0.9249904151
1.0000000000,0.0000000000,0.9257656520,0.9656797941,1.9243243243,1.7890510135,25.0000000000,25.0000000000,9.0000000000,1.0000000000,0.9265243959
