time_s,target_rad,angle_rad,speed_rad_s,current_a,torque_nm,winding_c,case_c,motor_voltage_v,duty,encoder_rad
0.0010000000,1.0471975512,-0.0011787848,-1.8549451984,0.0107960149,0.2405917887,25.0000000000,25.0000000000,0.0000000000,0.0000000000,-0.0015339808
0.0020000000,1.0471975512,-0.0040430975,-3.4323305845,0.0228437811,0.5363015858,25.0000000000,25.0000000000,0.0000000000,1.0000000000,-0.0046019424
0.0030000000,1.0471975512,-0.0082595639,-4.6270904982,2.2621483646,0.9880552083,25.0000000000,25.0000000000,10.9868925818,1.0000000000,-0.0076699039
0.0040000000,1.0471975512,-0.0133638489,-5.3303938835,2.1378323447,1.4753115172,25.0000000000,25.0000000000,10.9931083828,1.0000000000,-0.0138058271
0.0050000000,1.0471975512,-0.0188878168,-5.5896466738,1.9817433984,1.8895016179,25.0000000000,25.0000000000,11.0009128301,1.0000000000,-0.0184077695
0.0060000000,1.0471975512,-0.0244382790,-5.4868076147,2.0399267103,2.2207925056,25.0000000000,25.0000000000,10.9980036645,1.0000000000,-0.0245436926
0.0070000000,1.0471975512,-0.0297032325,-5.1011581470,2.2215174923,2.4754557494,25.0000000000,25.0000000000,10.9889241254,1.0000000000,-0.0291456350
0.0080000000,1.0471975512,-0.0344454375,-4.5046973545,2.4365708298,2.6608465226,25.0000000000,25.0000000000,10.9781714585,1.0000000000,-0.0337475773
0.0090000000,1.0471975512,-0.0384951749,-3.7622970332,2.6342783054,2.7839912658,25.0000000000,25.0000000000,10.9682860847,1.0000000000,-0.0383495197
0.0100000000,1.0471975512,-0.0417431918,-2.9317569764,2.7915593233,2.8520448677,25.0000000000,25.0000000000,10.9604220338,1.0000000000,-0.0414174813
0.0110000000,1.0471975512,-0.0441334376,-2.0634495038,2.9004758838,2.8726869809,25.0000000000,25.0000000000,10.9549762058,1.0000000000,-0.0444854428
0.0120000000,1.0471975512,-0.0456539670,-1.1969478961,2.9467763829,2.8589521466,25.0000000000,25.0000000000,10.9526611809,1.0000000000,-0.0460194236
0.0130000000,1.0471975512,-0.0463269568,-0.3651044486,2.9506493910,2.8113480538,25.0000000000,25.0000000000,10.9524675305,1.0000000000,-0.0460194236
0.0140000000,1.0471975512,-0.0462075607,0.4001181767,2.9378477177,2.7346211646,25.0000000000,25.0000000000,10.9531076141,1.0000000000,-0.0460194236
0.0150000000,1.0471975512,-0.0453770058,1.0768316667,2.9003891311,2.6403995766,25.0000000000,25.0000000000,10.9549805434,1.0000000000,-0.0460194236
0.0160000000,1.0471975512,-0.0439318934,1.6530422089,2.8353411511,2.5369304027,25.0000000000,25.0000000000,10.9582329424,1.0000000000,-0.0444854428
0.0170000000,1.0471975512,-0.0419766160,2.1232396866,2.7502386411,2.4300593439,25.0000000000,25.0000000000,10.9624880679,1.0000000000,-0.0414174813
0.0180000000,1.0471975512,-0.0396177287,2.4871557263,2.6534432835,2.3246888404,25.0000000000,25.0000000000,10.9673278358,1.0000000000,-0.0398835005
0.0190000000,1.0471975512,-0.0369592705,2.7488642820,2.5519106290,2.2248226393,25.0000000000,25.0000000000,10.9724044686,1.0000000000,-0.0368155389
0.0200000000,1.0471975512,-0.0340989893,2.9158732808,2.4511285029,2.1335530509,25.0000000000,25.0000000000,10.9774435749,1.0000000000,-0.0337475773
0.0210000000,1.0471975512,-0.0311254724,2.9982239604,2.3553289690,2.0530833318,25.0000000000,25.0000000000,10.9822335515,1.0000000000,-0.0306796158
0.0220000000,1.0471975512,-0.0281161525,3.0076367176,2.2676621150,1.9847876413,25.0000000000,25.0000000000,10.9866168942,1.0000000000,-0.0276116542
0.0230000000,1.0471975512,-0.0251361204,2.9567348631,2.1903251623,1.9292983432,25.0000000000,25.0000000000,10.9904837419,1.0000000000,-0.0245436926
0.0240000000,1.0471975512,-0.0222376542,2.8583670890,2.1246734926,1.8866103897,25.0000000000,25.0000000000,10.9937663254,1.0000000000,-0.0214757310
0.0250000000,1.0471975512,-0.0194603570,2.7250403005,2.0713293890,1.8561943330,25.0000000000,25.0000000000,10.9964335305,1.0000000000,-0.0199417502
0.0260000000,1.0471975512,-0.0168317903,2.5684671019,2.0302935585,1.8371112132,25.0000000000,25.0000000000,10.9984853221,1.0000000000,-0.0168737887
0.0270000000,1.0471975512,-0.0143684898,2.3992263808,2.0010587344,1.8281239998,25.0000000000,25.0000000000,10.9999470633,1.0000000000,-0.0138058271
0.0280000000,1.0471975512,-0.0120772517,2.2265309007,1.9827223160,1.8278015010,25.0000000000,25.0000000000,11.0008638842,1.0000000000,-0.0122718463
0.0290000000,1.0471975512,-0.0099565904,2.0580924258,1.9740944785,1.8346117616,25.0000000000,25.0000000000,11.0012952761,1.0000000000,-0.0092038847
0.0300000000,1.0471975512,-0.0079982770,1.9000725517,1.9737985063,1.8470029637,25.0000000000,25.0000000000,11.0013100747,1.0000000000,-0.0076699039
0.0310000000,1.0471975512,-0.0061888792,1.7571059894,1.9803607848,1.8634707229,25.0000000000,25.0000000000,11.0009819608,1.0000000000,-0.0061359232
0.0320000000,1.0471975512,-0.0045112417,1.6323824295,1.9922886697,1.8826114392,25.0000000000,25.0000000000,11.0003855665,1.0000000000,-0.0046019424
0.0330000000,1.0471975512,-0.0029458547,1.5277731782,2.0081352279,1.9031619934,25.0000000000,25.0000000000,10.9995932386,1.0000000000,-0.0030679616
0.0340000000,1.0471975512,-0.0014720756,1.4439893795,2.0265505444,1.9240265929,25.0000000000,25.0000000000,10.9986724728,1.0000000000,-0.0015339808
0.0350000000,1.0471975512,-0.0000691790,1.3807596887,2.0463198893,1.9442919559,25.0000000000,25.0000000000,10.9976840055,1.0000000000,0.0000000000
0.0360000000,1.0471975512,0.0012827769,1.3370166301,2.0663895217,1.9632322884,25.0000000000,25.0000000000,10.9966805239,1.0000000000,0.0015339808
0.0370000000,1.0471975512,0.0026022708,1.3110824316,2.0858812771,1.9803056703,25.0000000000,25.0000000000,10.9957059361,1.0000000000,0.0030679616
0.0380000000,1.0471975512,0.0039058197,1.3008467956,2.1040973383,1.9951435316,25.0000000000,25.0000000000,10.9947951331,1.0000000000,0.0046019424
0.0390000000,1.0471975512,0.0052076503,1.3039307389,2.1205167458,2.0075348821,25.0000000000,25.0000000000,10.9939741627,1.0000000000,0.0046019424
0.0400000000,1.0471975512,0.0065195228,1.3178322545,2.1347852637,2.0174068788,25.0000000000,25.0000000000,10.9932607368,1.0000000000,0.0061359232
0.0410000000,1.0471975512,0.0078506878,1.3400510522,2.1467002025,2.0248031837,25.0000000000,25.0000000000,10.9926649899,1.0000000000,0.0076699039
0.0420000000,1.0471975512,0.0092079533,1.3681909836,2.1561917213,2.0298613926,25.0000000000,25.0000000000,10.9921904139,1.0000000000,0.0092038847
0.0430000000,1.0471975512,0.0105958408,1.4000399222,2.1633020070,2.0327906307,25.0000000000,25.0000000000,10.9918348996,1.0000000000,0.0107378655
0.0440000000,1.0471975512,0.0120168076,1.4336278383,2.1681635624,2.0338502041,25.0000000000,25.0000000000,10.9915918219,1.0000000000,0.0122718463
0.0450000000,1.0471975512,0.0134715133,1.4672645691,2.1709776559,2.0333299967,25.0000000000,25.0000000000,10.9914511172,1.0000000000,0.0138058271
0.0460000000,1.0471975512,0.0149591137,1.4995593547,2.1719937893,2.0315331067,25.0000000000,25.0000000000,10.9914003105,1.0000000000,0.0153398079
0.0470000000,1.0471975512,0.0164775638,1.5294245881,2.1714908440,2.0287610363,25.0000000000,25.0000000000,10.9914254578,1.0000000000,0.0168737887
0.0480000000,1.0471975512,0.0180239154,1.5560664413,2.1697603840,2.0253015883,25.0000000000,25.0000000000,10.9915119808,1.0000000000,0.0184077695
0.0490000000,1.0471975512,0.0195946000,1.5789650916,2.1670924137,2.0214194842,25.0000000000,25.0000000000,10.9916453793,1.0000000000,0.0199417502
0.0500000000,1.0471975512,0.0211856854,1.5978472164,2.1637637411,2.0173496033,25.0000000000,25.0000000000,10.9918118129,1.0000000000,0.0214757310
0.0510000000,1.0471975512,0.0227931025,1.6126532644,2.1600289574,2.0132926540,25.0000000000,25.0000000000,10.9919985521,1.0000000000,0.0230097118
0.0520000000,1.0471975512,0.0244128369,1.6235017811,2.1561139382,2.0094130207,25.0000000000,25.0000000000,10.9921943031,1.0000000000,0.0245436926
0.0530000000,1.0471975512,0.0260410839,1.6306527769,2.1522116843,2.0058384875,25.0000000000,25.0000000000,10.9923894158,1.0000000000,0.0260776734
0.0540000000,1.0471975512,0.0276743676,1.6344718170,2.1484802536,2.0026615149,25.0000000000,25.0000000000,10.9925759873,1.0000000000,0.0276116542
0.0550000000,1.0471975512,0.0293096250,1.6353961772,2.1450424988,1.9999417398,25.0000000000,25.0000000000,10.9927478751,1.0000000000,0.0291456350
0.0560000000,1.0471975512,0.0309442582,1.6339040892,2.1419872978,1.9977093789,25.0000000000,25.0000000000,10.9929006351,1.0000000000,0.0306796158
0.0570000000,1.0471975512,0.0325761582,1.6304877872,2.1393719604,1.9959692337,25.0000000000,25.0000000000,10.9930314020,1.0000000000,0.0322135965
0.0580000000,1.0471975512,0.0342037046,1.6256307862,2.1372255033,1.9947050252,25.0000000000,25.0000000000,10.9931387248,1.0000000000,0.0337475773
0.0590000000,1.0471975512,0.0358257446,1.6197895705,2.1355525035,1.9938838225,25.0000000000,25.0000000000,10.9932223748,1.0000000000,0.0352815581
0.0600000000,1.0471975512,0.0374415574,1.6133796580,2.1343372686,1.9934603652,25.0000000000,25.0000000000,10.9932831366,1.0000000000,0.0368155389
0.0610000000,1.0471975512,0.0390508065,1.6067658335,2.1335480959,1.9933811219,25.0000000000,25.0000000000,10.9933225952,1.0000000000,0.0383495197
0.0620000000,1.0471975512,0.0406534851,1.6002562074,2.1331414306,1.9935879644,25.0000000000,25.0000000000,10.9933429285,1.0000000000,0.0414174813
0.0630000000,1.0471975512,0.0422498576,1.5940996631,2.1330657688,1.9940213760,25.0000000000,25.0000000000,10.9933467116,1.0000000000,0.0429514621
0.0640000000,1.0471975512,0.0438404004,1.5884861934,2.1332651908,1.9946231446,25.0000000000,25.0000000000,10.9933367405,1.0000000000,0.0444854428
0.0650000000,1.0471975512,0.0454257444,1.5835495955,2.1336824470,1.9953385215,25.0000000000,25.0000000000,10.9933158776,1.0000000000,0.0460194236
0.0660000000,1.0471975512,0.0470066217,1.5793719953,2.1342615467,1.9961178538,25.0000000000,25.0000000000,10.9932869227,1.0000000000,0.0475534044
0.0670000000,1.0471975512,0.0485838172,1.5759896879,2.1349498343,1.9969177153,25.0000000000,25.0000000000,10.9932525083,1.0000000000,0.0490873852
0.0680000000,1.0471975512,0.0501581273,1.5733998190,2.1356995580,1.9977015804,25.0000000000,25.0000000000,10.9932150221,1.0000000000,0.0506213660
0.0690000000,1.0471975512,0.0517303247,1.5715674838,2.1364689575,1.9984400948,25.0000000000,25.0000000000,10.9931765521,1.0000000000,0.0521553468
0.0700000000,1.0471975512,0.0533011314,1.5704328768,2.1372229112,1.9991110019,25.0000000000,25.0000000000,10.9931388544,1.0000000000,0.0536893276
0.0710000000,1.0471975512,0.0548711975,1.5699181899,2.1379331953,1.9996987923,25.0000000000,25.0000000000,10.9931033402,1.0000000000,0.0552233084
0.0720000000,1.0471975512,0.0564410879,1.5699340192,2.1385784136,2.0001941374,25.0000000000,25.0000000000,10.9930710793,1.0000000000,0.0567572892
0.0730000000,1.0471975512,0.0580112736,1.5703851069,2.1391436587,2.0005931703,25.0000000000,25.0000000000,10.9930428171,1.0000000000,0.0582912699
0.0740000000,1.0471975512,0.0595821298,1.5711752986,2.1396199679,2.0008966713,25.0000000000,25.0000000000,10.9930190016,1.0000000000,0.0598252507
0.0750000000,1.0471975512,0.0611539370,1.5722116546,2.1400036307,2.0011092065,25.0000000000,25.0000000000,10.9929998185,1.0000000000,0.0613592315
0.0760000000,1.0471975512,0.0627268869,1.5734076946,2.1402954050,2.0012382654,25.0000000000,25.0000000000,10.9929852298,1.0000000000,0.0628932123
0.0770000000,1.0471975512,0.0643010898,1.5746857994,2.1404996890,2.0012934316,25.0000000000,25.0000000000,10.9929750155,1.0000000000,0.0644271931
0.0780000000,1.0471975512,0.0658765849,1.5759788201,2.1406236916,2.0012856159,25.0000000000,25.0000000000,10.9929688154,1.0000000000,0.0659611739
0.0790000000,1.0471975512,0.0674533514,1.5772309694,2.1406766343,2.0012263710,25.0000000000,25.0000000000,10.9929661683,1.0000000000,0.0674951547
0.0800000000,1.0471975512,0.0690313199,1.5783980882,2.1406690140,2.0011273026,25.0000000000,25.0000000000,10.9929665493,1.0000000000,0.0690291355
0.0810000000,1.0471975512,0.0706103840,1.5794473857,2.1406119442,2.0009995829,25.0000000000,25.0000000000,10.9929694028,1.0000000000,0.0705631162
0.0820000000,1.0471975512,0.0721904113,1.5803567601,2.1405165880,2.0008535691,25.0000000000,25.0000000000,10.9929741706,1.0000000000,0.0720970970
0.0830000000,1.0471975512,0.0737712534,1.5811137999,2.1403936911,2.0006985230,25.0000000000,25.0000000000,10.9929803154,1.0000000000,0.0736310778
0.0840000000,1.0471975512,0.0753527549,1.5817145660,2.1402532145,2.0005424257,25.0000000000,25.0000000000,10.9929873393,1.0000000000,0.0751650586
0.0850000000,1.0471975512,0.0769347609,1.5821622429,2.1401040648,2.0003918784,25.0000000000,25.0000000000,10.9929947968,1.0000000000,0.0766990394
0.0860000000,1.0471975512,0.0785171236,1.5824657371,2.1399539172,2.0002520770,25.0000000000,25.0000000000,10.9930023041,1.0000000000,0.0782330202
0.0870000000,1.0471975512,0.0800997068,1.5826382911,2.1398091186,2.0001268492,25.0000000000,25.0000000000,10.9930095441,1.0000000000,0.0797670010
0.0880000000,1.0471975512,0.0816823896,1.5826961656,2.1396746647,2.0000187416,25.0000000000,25.0000000000,10.9930162668,1.0000000000,0.0813009818
0.0890000000,1.0471975512,0.0832650684,1.5826574337,2.1395542351,1.9999291428,25.0000000000,25.0000000000,10.9930222882,1.0000000000,0.0828349625
0.0900000000,1.0471975512,0.0848476583,1.5825409147,2.1394502770,1.9998584336,25.0000000000,25.0000000000,10.9930274861,1.0000000000,0.0843689433
0.0910000000,1.0471975512,0.0864300933,1.5823652679,2.1393641244,1.9998061508,25.0000000000,25.0000000000,10.9930317938,1.0000000000,0.0859029241
0.0920000000,1.0471975512,0.0880123256,1.5821482546,2.1392961418,1.9997711564,25.0000000000,25.0000000000,10.9930351929,1.0000000000,0.0874369049
0.0930000000,1.0471975512,0.0895943239,1.5819061684,2.1392458823,1.9997518052,25.0000000000,25.0000000000,10.9930377059,1.0000000000,0.0889708857
0.0940000000,1.0471975512,0.0911760724,1.5816534271,2.1392122502,1.9997461027,25.0000000000,25.0000000000,10.9930393875,1.0000000000,0.0905048665
0.0950000000,1.0471975512,0.0927575683,1.5814023156,2.1391936623,1.9997518492,25.0000000000,25.0000000000,10.9930403169,1.0000000000,0.0920388473
0.0960000000,1.0471975512,0.0943388197,1.5811628607,2.1391881994,1.9997667668,25.0000000000,25.0000000000,10.9930405900,1.0000000000,0.0935728281
0.0970000000,1.0471975512,0.0959198433,1.5809428224,2.1391937454,1.9997886072,25.0000000000,25.0000000000,10.9930403127,1.0000000000,0.0966407896
0.0980000000,1.0471975512,0.0975006621,1.5807477789,2.1392081092,1.9998152384,25.0000000000,25.0000000000,10.9930395945,1.0000000000,0.0981747704
0.0990000000,1.0471975512,0.0990813035,1.5805812868,2.1392291282,1.9998447118,25.0000000000,25.0000000000,10.9930385436,1.0000000000,0.0997087512
0.1000000000,1.0471975512,0.1006617973,1.5804450953,2.1392547518,1.9998753096,25.0000000000,25.0000000000,10.9930372624,1.0000000000,0.1012427320
0.1010000000,1.0471975512,0.1022421740,1.5803393965,2.1392831062,1.9999055742,25.0000000000,25.0000000000,10.9930358447,1.0000000000,0.1027767128
0.1020000000,1.0471975512,0.1038224634,1.5802630957,2.1393125393,1.9999343213,25.0000000000,25.0000000000,10.9930343730,1.0000000000,0.1043106936
0.1030000000,1.0471975512,0.1054026939,1.5802140852,2.1393416495,1.9999606406,25.0000000000,25.0000000000,10.9930329175,1.0000000000,0.1058446744
0.1040000000,1.0471975512,0.1069828908,1.5801895121,2.1393692981,1.9999838835,25.0000000000,25.0000000000,10.9930315351,1.0000000000,0.1073786552
0.1050000000,1.0471975512,0.1085630766,1.5801860281,2.1393946100,2.0000036436,25.0000000000,25.0000000000,10.9930302695,1.0000000000,0.1089126359
0.1060000000,1.0471975512,0.1101432702,1.5802000155,2.1394169617,2.0000197302,25.0000000000,25.0000000000,10.9930291519,1.0000000000,0.1104466167
0.1070000000,1.0471975512,0.1117234866,1.5802277838,2.1394359628,2.0000321374,25.0000000000,25.0000000000,10.9930282019,1.0000000000,0.1119805975
0.1080000000,1.0471975512,0.1133037375,1.5802657347,2.1394514301,2.0000410115,25.0000000000,25.0000000000,10.9930274285,1.0000000000,0.1135145783
0.1090000000,1.0471975512,0.1148840308,1.5803104928,2.1394633583,2.0000466181,25.0000000000,25.0000000000,10.9930268321,1.0000000000,0.1150485591
0.1100000000,1.0471975512,0.1164643714,1.5803590053,2.1394718883,2.0000493094,25.0000000000,25.0000000000,10.9930264056,1.0000000000,0.1165825399
0.1110000000,1.0471975512,0.1180447614,1.5804086094,2.1394772758,2.0000494947,25.0000000000,25.0000000000,10.9930261362,1.0000000000,0.1181165207
0.1120000000,1.0471975512,0.1196252005,1.5804570723,2.1394798597,2.0000476134,25.0000000000,25.0000000000,10.9930260070,1.0000000000,0.1196505015
0.1130000000,1.0471975512,0.1212056863,1.5805026062,2.1394800339,2.0000441112,25.0000000000,25.0000000000,10.9930259983,1.0000000000,0.1211844822
0.1140000000,1.0471975512,0.1227862151,1.5805438627,2.1394782210,2.0000394212,25.0000000000,25.0000000000,10.9930260890,1.0000000000,0.1227184630
0.1150000000,1.0471975512,0.1243667819,1.5805799093,2.1394748497,2.0000339478,25.0000000000,25.0000000000,10.9930262575,1.0000000000,0.1242524438
0.1160000000,1.0471975512,0.1259473812,1.5806101941,2.1394703366,2.0000280557,25.0000000000,25.0000000000,10.9930264832,1.0000000000,0.1257864246
0.1170000000,1.0471975512,0.1275280071,1.5806345003,2.1394650706,2.0000220615,25.0000000000,25.0000000000,10.9930267465,1.0000000000,0.1273204054
0.1180000000,1.0471975512,0.1291086535,1.5806528954,2.1394594024,2.0000162299,25.0000000000,25.0000000000,10.9930270299,1.0000000000,0.1288543862
0.1190000000,1.0471975512,0.1306893148,1.5806656776,2.1394536366,2.0000107713,25.0000000000,25.0000000000,10.9930273182,1.0000000000,0.1303883670
0.1200000000,1.0471975512,0.1322699856,1.5806733228,2.1394480276,2.0000058437,25.0000000000,25.0000000000,10.9930275986,1.0000000000,0.1319223478
0.1210000000,1.0471975512,0.1338506612,1.5806764329,2.1394427778,2.0000015546,25.0000000000,25.0000000000,10.9930278611,1.0000000000,0.1334563285
0.1220000000,1.0471975512,0.1354313375,1.5806756888,2.1394380388,1.9999979666,25.0000000000,25.0000000000,10.9930280981,1.0000000000,0.1349903093
0.1230000000,1.0471975512,0.1370120110,1.5806718086,2.1394339144,1.9999951020,25.0000000000,25.0000000000,10.9930283043,1.0000000000,0.1365242901
0.1240000000,1.0471975512,0.1385926790,1.5806655107,2.1394304643,1.9999929495,25.0000000000,25.0000000000,10.9930284768,1.0000000000,0.1380582709
0.1250000000,1.0471975512,0.1401733396,1.5806574853,2.1394277100,1.9999914705,25.0000000000,25.0000000000,10.9930286145,1.0000000000,0.1395922517
0.1260000000,1.0471975512,0.1417539914,1.5806483700,2.1394256407,1.9999906057,25.0000000000,25.0000000000,10.9930287180,1.0000000000,0.1411262325
0.1270000000,1.0471975512,0.1433346338,1.5806387338,2.1394242192,1.9999902811,25.0000000000,25.0000000000,10.9930287890,1.0000000000,0.1426602133
0.1280000000,1.0471975512,0.1449152665,1.5806290655,2.1394233884,1.9999904138,25.0000000000,25.0000000000,10.9930288306,1.0000000000,0.1441941941
0.1290000000,1.0471975512,0.1464958897,1.5806197681,2.1394230771,1.9999909167,25.0000000000,25.0000000000,10.9930288461,1.0000000000,0.1472621556
0.1300000000,1.0471975512,0.1480765040,1.5806111574,2.1394232054,1.9999917030,25.0000000000,25.0000000000,10.9930288397,1.0000000000,0.1487961364
0.1310000000,1.0471975512,0.1496571103,1.5806034648,2.1394236897,1.9999926901,25.0000000000,25.0000000000,10.9930288155,1.0000000000,0.1503301172
0.1320000000,1.0471975512,0.1512377095,1.5805968426,2.1394244466,1.9999938015,25.0000000000,25.0000000000,10.9930287777,1.0000000000,0.1518640980
0.1330000000,1.0471975512,0.1528183029,1.5805913720,2.1394253964,1.9999949694,25.0000000000,25.0000000000,10.9930287302,1.0000000000,0.1533980788
0.1340000000,1.0471975512,0.1543988915,1.5805870725,2.1394264656,1.9999961357,25.0000000000,25.0000000000,10.9930286767,1.0000000000,0.1549320596
0.1350000000,1.0471975512,0.1559794765,1.5805839118,2.1394275890,1.9999972528,25.0000000000,25.0000000000,10.9930286205,1.0000000000,0.1564660404
0.1360000000,1.0471975512,0.1575600590,1.5805818167,2.1394287109,1.9999982835,25.0000000000,25.0000000000,10.9930285645,1.0000000000,0.1580000212
0.1370000000,1.0471975512,0.1591406400,1.5805806833,2.1394297853,1.9999992010,25.0000000000,25.0000000000,10.9930285107,1.0000000000,0.1595340019
0.1380000000,1.0471975512,0.1607212205,1.5805803866,2.1394307766,1.9999999877,25.0000000000,25.0000000000,10.9930284612,1.0000000000,0.1610679827
0.1390000000,1.0471975512,0.1623018011,1.5805807897,2.1394316589,2.0000006346,25.0000000000,25.0000000000,10.9930284171,1.0000000000,0.1626019635
0.1400000000,1.0471975512,0.1638823824,1.5805817511,2.1394324154,2.0000011400,25.0000000000,25.0000000000,10.9930283792,1.0000000000,0.1641359443
0.1410000000,1.0471975512,0.1654629650,1.5805831318,2.1394330374,2.0000015085,25.0000000000,25.0000000000,10.9930283481,1.0000000000,0.1656699251
0.1420000000,1.0471975512,0.1670435492,1.5805848004,2.1394335233,2.0000017493,25.0000000000,25.0000000000,10.9930283238,1.0000000000,0.1672039059
0.1430000000,1.0471975512,0.1686241351,1.5805866368,2.1394338776,2.0000018753,25.0000000000,25.0000000000,10.9930283061,1.0000000000,0.1687378867
0.1440000000,1.0471975512,0.1702047229,1.5805885357,2.1394341090,2.0000019017,25.0000000000,25.0000000000,10.9930282946,1.0000000000,0.1702718675
0.1450000000,1.0471975512,0.1717853126,1.5805904080,2.1394342299,2.0000018453,25.0000000000,25.0000000000,10.9930282885,1.0000000000,0.1718058482
0.1460000000,1.0471975512,0.1733659042,1.5805921815,2.1394342552,2.0000017232,25.0000000000,25.0000000000,10.9930282872,1.0000000000,0.1733398290
0.1470000000,1.0471975512,0.1749464974,1.5805938009,2.1394342008,2.0000015520,25.0000000000,25.0000000000,10.9930282900,1.0000000000,0.1748738098
0.1480000000,1.0471975512,0.1765270921,1.5805952271,2.1394340832,2.0000013476,25.0000000000,25.0000000000,10.9930282958,1.0000000000,0.1764077906
0.1490000000,1.0471975512,0.1781076881,1.5805964361,2.1394339185,2.0000011242,25.0000000000,25.0000000000,10.9930283041,1.0000000000,0.1779417714
0.1500000000,1.0471975512,0.1796882851,1.5805974168,2.1394337218,2.0000008946,25.0000000000,25.0000000000,10.9930283139,1.0000000000,0.1794757522
0.1510000000,1.0471975512,0.1812688830,1.5805981698,2.1394335070,2.0000006691,25.0000000000,25.0000000000,10.9930283247,1.0000000000,0.1810097330
0.1520000000,1.0471975512,0.1828494816,1.5805987046,2.1394332860,2.0000004563,25.0000000000,25.0000000000,10.9930283357,1.0000000000,0.1825437138
0.1530000000,1.0471975512,0.1844300805,1.5805990382,2.1394330691,2.0000002627,25.0000000000,25.0000000000,10.9930283465,1.0000000000,0.1840776945
0.1540000000,1.0471975512,0.1860106796,1.5805991928,2.1394328645,2.0000000929,25.0000000000,25.0000000000,10.9930283568,1.0000000000,0.1856116753
0.1550000000,1.0471975512,0.1875912788,1.5805991939,2.1394326783,1.9999999495,25.0000000000,25.0000000000,10.9930283661,1.0000000000,0.1871456561
0.1560000000,1.0471975512,0.1891718780,1.5805990689,2.1394325150,1.9999998338,25.0000000000,25.0000000000,10.9930283742,1.0000000000,0.1886796369
0.1570000000,1.0471975512,0.1907524769,1.5805988454,2.1394323771,1.9999997455,25.0000000000,25.0000000000,10.9930283811,1.0000000000,0.1902136177
0.1580000000,1.0471975512,0.1923330756,1.5805985501,2.1394322659,1.9999996834,25.0000000000,25.0000000000,10.9930283867,1.0000000000,0.1917475985
0.1590000000,1.0471975512,0.1939136739,1.5805982080,2.1394321810,1.9999996454,25.0000000000,25.0000000000,10.9930283909,1.0000000000,0.1932815793
0.1600000000,1.0471975512,0.1954942719,1.5805978415,2.1394321214,1.9999996288,25.0000000000,25.0000000000,10.9930283939,1.0000000000,0.1948155601
0.1610000000,1.0471975512,0.1970748695,1.5805974700,2.1394320849,1.9999996304,25.0000000000,25.0000000000,10.9930283958,1.0000000000,0.1963495408
0.1620000000,1.0471975512,0.1986554667,1.5805971096,2.1394320689,1.9999996468,25.0000000000,25.0000000000,10.9930283966,1.0000000000,0.1994175024
0.1630000000,1.0471975512,0.2002360636,1.5805967732,2.1394320704,1.9999996749,25.0000000000,25.0000000000,10.9930283965,1.0000000000,0.2009514832
0.1640000000,1.0471975512,0.2018166602,1.5805964703,2.1394320863,1.9999997113,25.0000000000,25.0000000000,10.9930283957,1.0000000000,0.2024854640
0.1650000000,1.0471975512,0.2033972565,1.5805962074,2.1394321133,1.9999997531,25.0000000000,25.0000000000,10.9930283943,1.0000000000,0.2040194448
0.1660000000,1.0471975512,0.2049778526,1.5805959882,2.1394321483,1.9999997976,25.0000000000,25.0000000000,10.9930283926,1.0000000000,0.2055534256
0.1670000000,1.0471975512,0.2065584485,1.5805958138,2.1394321885,1.9999998424,25.0000000000,25.0000000000,10.9930283906,1.0000000000,0.2070874064
0.1680000000,1.0471975512,0.2081390442,1.5805956835,2.1394322313,1.9999998857,25.0000000000,25.0000000000,10.9930283884,1.0000000000,0.2086213872
0.1690000000,1.0471975512,0.2097196398,1.5805955947,2.1394322744,1.9999999260,25.0000000000,25.0000000000,10.9930283863,1.0000000000,0.2101553679
0.1700000000,1.0471975512,0.2113002354,1.5805955437,2.1394323161,1.9999999622,25.0000000000,25.0000000000,10.9930283842,1.0000000000,0.2116893487
0.1710000000,1.0471975512,0.2128808309,1.5805955259,2.1394323549,1.9999999935,25.0000000000,25.0000000000,10.9930283823,1.0000000000,0.2132233295
0.1720000000,1.0471975512,0.2144614264,1.5805955360,2.1394323897,2.0000000194,25.0000000000,25.0000000000,10.9930283805,1.0000000000,0.2147573103
0.1730000000,1.0471975512,0.2160420220,1.5805955686,2.1394324197,2.0000000399,25.0000000000,25.0000000000,10.9930283790,1.0000000000,0.2162912911
0.1740000000,1.0471975512,0.2176226176,1.5805956185,2.1394324447,2.0000000552,25.0000000000,25.0000000000,10.9930283778,1.0000000000,0.2178252719
0.1750000000,1.0471975512,0.2192032132,1.5805956804,2.1394324644,2.0000000654,25.0000000000,25.0000000000,10.9930283768,1.0000000000,0.2193592527
0.1760000000,1.0471975512,0.2207838090,1.5805957497,2.1394324790,2.0000000711,25.0000000000,25.0000000000,10.9930283760,1.0000000000,0.2208932335
0.1770000000,1.0471975512,0.2223644048,1.5805958223,2.1394324889,2.0000000729,25.0000000000,25.0000000000,10.9930283756,1.0000000000,0.2224272142
0.1780000000,1.0471975512,0.2239450006,1.5805958945,2.1394324944,2.0000000714,25.0000000000,25.0000000000,10.9930283753,1.0000000000,0.2239611950
0.1790000000,1.0471975512,0.2255255966,1.5805959634,2.1394324961,2.0000000672,25.0000000000,25.0000000000,10.9930283752,1.0000000000,0.2254951758
0.1800000000,1.0471975512,0.2271061926,1.5805960269,2.1394324946,2.0000000610,25.0000000000,25.0000000000,10.9930283753,1.0000000000,0.2270291566
0.1810000000,1.0471975512,0.2286867886,1.5805960832,2.1394324906,2.0000000534,25.0000000000,25.0000000000,10.9930283755,1.0000000000,0.2285631374
0.1820000000,1.0471975512,0.2302673848,1.5805961314,2.1394324846,2.0000000450,25.0000000000,25.0000000000,10.9930283758,1.0000000000,0.2300971182
0.1830000000,1.0471975512,0.2318479809,1.5805961709,2.1394324773,2.0000000362,25.0000000000,25.0000000000,10.9930283761,1.0000000000,0.2316310990
0.1840000000,1.0471975512,0.2334285771,1.5805962016,2.1394324692,2.0000000275,25.0000000000,25.0000000000,10.9930283765,1.0000000000,0.2331650798
0.1850000000,1.0471975512,0.2350091733,1.5805962238,2.1394324607,2.0000000192,25.0000000000,25.0000000000,10.9930283770,1.0000000000,0.2346990605
0.1860000000,1.0471975512,0.2365897695,1.5805962382,2.1394324524,2.0000000116,25.0000000000,25.0000000000,10.9930283774,1.0000000000,0.2362330413
0.1870000000,1.0471975512,0.2381703658,1.5805962455,2.1394324444,2.0000000049,25.0000000000,25.0000000000,10.9930283778,1.0000000000,0.2377670221
0.1880000000,1.0471975512,0.2397509620,1.5805962467,2.1394324371,1.9999999992,25.0000000000,25.0000000000,10.9930283781,1.0000000000,0.2393010029
0.1890000000,1.0471975512,0.2413315583,1.5805962429,2.1394324306,1.9999999945,25.0000000000,25.0000000000,10.9930283785,1.0000000000,0.2408349837
0.1900000000,1.0471975512,0.2429121545,1.5805962351,2.1394324251,1.9999999909,25.0000000000,25.0000000000,10.9930283787,1.0000000000,0.2423689645
0.1910000000,1.0471975512,0.2444927508,1.5805962243,2.1394324207,1.9999999883,25.0000000000,25.0000000000,10.9930283790,1.0000000000,0.2439029453
0.1920000000,1.0471975512,0.2460733470,1.5805962115,2.1394324172,1.9999999867,25.0000000000,25.0000000000,10.9930283791,1.0000000000,0.2454369261
0.1930000000,1.0471975512,0.2476539432,1.5805961976,2.1394324147,1.9999999859,25.0000000000,25.0000000000,10.9930283793,1.0000000000,0.2469709068
0.1940000000,1.0471975512,0.2492345394,1.5805961833,2.1394324131,1.9999999858,25.0000000000,25.0000000000,10.9930283793,1.0000000000,0.2485048876
0.1950000000,1.0471975512,0.2508151355,1.5805961694,2.1394324123,1.9999999863,25.0000000000,25.0000000000,10.9930283794,1.0000000000,0.2515728492
0.1960000000,1.0471975512,0.2523957317,1.5805961563,2.1394324123,1.9999999873,25.0000000000,25.0000000000,10.9930283794,1.0000000000,0.2531068300
0.1970000000,1.0471975512,0.2539763278,1.5805961444,2.1394324128,1.9999999886,25.0000000000,25.0000000000,10.9930283794,1.0000000000,0.2546408108
0.1980000000,1.0471975512,0.2555569240,1.5805961339,2.1394324137,1.9999999902,25.0000000000,25.0000000000,10.9930283793,1.0000000000,0.2561747916
0.1990000000,1.0471975512,0.2571375201,1.5805961252,2.1394324150,1.9999999919,25.0000000000,25.0000000000,10.9930283792,1.0000000000,0.2577087724
0.2000000000,1.0471975512,0.2587181162,1.5805961181,2.1394324165,1.9999999936,25.0000000000,25.0000000000,10.9930283792,1.0000000000,0.2592427532
0.2010000000,1.0471975512,0.2602987123,1.5805961128,2.1394324181,1.9999999953,25.0000000000,25.0000000000,10.9930283791,1.0000000000,0.2607767339
0.2020000000,1.0471975512,0.2618793085,1.5805961090,2.1394324198,1.9999999968,25.0000000000,25.0000000000,10.9930283790,1.0000000000,0.2623107147
0.2030000000,1.0471975512,0.2634599046,1.5805961068,2.1394324214,1.9999999983,25.0000000000,25.0000000000,10.9930283789,1.0000000000,0.2638446955
0.2040000000,1.0471975512,0.2650405007,1.5805961059,2.1394324229,1.9999999995,25.0000000000,25.0000000000,10.9930283789,1.0000000000,0.2653786763
0.2050000000,1.0471975512,0.2666210968,1.5805961060,2.1394324243,2.0000000005,25.0000000000,25.0000000000,10.9930283788,1.0000000000,0.2669126571
0.2060000000,1.0471975512,0.2682016929,1.5805961071,2.1394324255,2.0000000014,25.0000000000,25.0000000000,10.9930283787,1.0000000000,0.2684466379
0.2070000000,1.0471975512,0.2697822890,1.5805961089,2.1394324265,2.0000000020,25.0000000000,25.0000000000,10.9930283787,1.0000000000,0.2699806187
0.2080000000,1.0471975512,0.2713628851,1.5805961112,2.1394324273,2.0000000024,25.0000000000,25.0000000000,10.9930283786,1.0000000000,0.2715145995
0.2090000000,1.0471975512,0.2729434812,1.5805961138,2.1394324279,2.0000000027,25.0000000000,25.0000000000,10.9930283786,1.0000000000,0.2730485802
0.2100000000,1.0471975512,0.2745240773,1.5805961166,2.1394324283,2.0000000028,25.0000000000,25.0000000000,10.9930283786,1.0000000000,0.2745825610
0.2110000000,1.0471975512,0.2761046734,1.5805961193,2.1394324285,2.0000000028,25.0000000000,25.0000000000,10.9930283786,1.0000000000,0.2761165418
0.2120000000,1.0471975512,0.2776852696,1.5805961220,2.1394324286,2.0000000026,25.0000000000,25.0000000000,10.9930283786,1.0000000000,0.2776505226
0.2130000000,1.0471975512,0.2792658657,1.5805961245,2.1394324286,2.0000000024,25.0000000000,25.0000000000,10.9930283786,1.0000000000,0.2791845034
0.2140000000,1.0471975512,0.2808464618,1.5805961267,2.1394324285,2.0000000021,25.0000000000,25.0000000000,10.9930283786,1.0000000000,0.2807184842
0.2150000000,1.0471975512,0.2824270579,1.5805961286,2.1394324283,2.0000000018,25.0000000000,25.0000000000,10.9930283786,1.0000000000,0.2822524650
0.2160000000,1.0471975512,0.2840076541,1.5805961302,2.1394324280,2.0000000015,25.0000000000,25.0000000000,10.9930283786,1.0000000000,0.2837864458
0.2170000000,1.0471975512,0.2855882502,1.5805961315,2.1394324277,2.0000000011,25.0000000000,25.0000000000,10.9930283786,1.0000000000,0.2853204265
0.2180000000,1.0471975512,0.2871688463,1.5805961324,2.1394324274,2.0000000008,25.0000000000,25.0000000000,10.9930283786,1.0000000000,0.2868544073
0.2190000000,1.0471975512,0.2887494425,1.5805961330,2.1394324270,2.0000000005,25.0000000000,25.0000000000,10.9930283786,1.0000000000,0.2883883881
0.2200000000,1.0471975512,0.2903300386,1.5805961333,2.1394324267,2.0000000002,25.0000000000,25.0000000000,10.9930283787,1.0000000000,0.2899223689
0.2210000000,1.0471975512,0.2919106347,1.5805961334,2.1394324264,2.0000000000,25.0000000000,25.0000000000,10.9930283787,1.0000000000,0.2914563497
0.2220000000,1.0471975512,0.2934912309,1.5805961333,2.1394324262,1.9999999998,25.0000000000,25.0000000000,10.9930283787,1.0000000000,0.2929903305
0.2230000000,1.0471975512,0.2950718270,1.5805961330,2.1394324260,1.9999999997,25.0000000000,25.0000000000,10.9930283787,1.0000000000,0.2945243113
0.2240000000,1.0471975512,0.2966524231,1.5805961327,2.1394324258,1.9999999996,25.0000000000,25.0000000000,10.9930283787,1.0000000000,0.2960582921
0.2250000000,1.0471975512,0.2982330193,1.5805961322,2.1394324256,1.9999999995,25.0000000000,25.0000000000,10.9930283787,1.0000000000,0.2975922728
0.2260000000,1.0471975512,0.2998136154,1.5805961316,2.1394324255,1.9999999995,25.0000000000,25.0000000000,10.9930283787,1.0000000000,0.2991262536
0.2270000000,1.0471975512,0.3013942115,1.5805961311,2.1394324255,1.9999999995,25.0000000000,25.0000000000,10.9930283787,1.0000000000,0.3006602344
0.2280000000,1.0471975512,0.3029748077,1.5805961306,2.1394324254,1.9999999995,25.0000000000,25.0000000000,10.9930283787,1.0000000000,0.3037281960
0.2290000000,1.0471975512,0.3045554038,1.5805961301,2.1394324254,1.9999999995,25.0000000000,25.0000000000,10.9930283787,1.0000000000,0.3052621768
0.2300000000,1.0471975512,0.3061359999,1.5805961296,2.1394324254,1.9999999996,25.0000000000,25.0000000000,10.9930283787,1.0000000000,0.3067961576
0.2310000000,1.0471975512,0.3077165961,1.5805961292,2.1394324255,1.9999999996,25.0000000000,25.0000000000,10.9930283787,1.0000000000,0.3083301384
0.2320000000,1.0471975512,0.3092971922,1.5805961288,2.1394324255,1.9999999997,25.0000000000,25.0000000000,10.9930283787,1.0000000000,0.3098641192
0.2330000000,1.0471975512,0.3108777883,1.5805961285,2.1394324256,1.9999999997,25.0000000000,25.0000000000,10.9930283787,1.0000000000,0.3113980999
0.2340000000,1.0471975512,0.3124583844,1.5805961283,2.1394324256,1.9999999998,25.0000000000,25.0000000000,10.9930283787,1.0000000000,0.3129320807
0.2350000000,1.0471975512,0.3140389806,1.5805961282,2.1394324257,1.9999999999,25.0000000000,25.0000000000,10.9930283787,1.0000000000,0.3144660615
0.2360000000,1.0471975512,0.3156195767,1.5805961281,2.1394324258,1.9999999999,25.0000000000,25.0000000000,10.9930283787,1.0000000000,0.3160000423
0.2370000000,1.0471975512,0.3172001728,1.5805961280,2.1394324258,2.0000000000,25.0000000000,25.0000000000,10.9930283787,1.0000000000,0.3175340231
0.2380000000,1.0471975512,0.3187807689,1.5805961280,2.1394324259,2.0000000000,25.0000000000,25.0000000000,10.9930283787,1.0000000000,0.3190680039
0.2390000000,1.0471975512,0.3203613651,1.5805961281,2.1394324259,2.0000000000,25.0000000000,25.0000000000,10.9930283787,1.0000000000,0.3206019847
0.2400000000,1.0471975512,0.3219419612,1.5805961281,2.1394324260,2.0000000001,25.0000000000,25.0000000000,10.9930283787,1.0000000000,0.3221359655
0.2410000000,1.0471975512,0.3235225573,1.5805961282,2.1394324260,2.0000000001,25.0000000000,25.0000000000,10.9930283787,1.0000000000,0.3236699462
0.2420000000,1.0471975512,0.3251031535,1.5805961283,2.1394324260,2.0000000001,25.0000000000,25.0000000000,10.9930283787,1.0000000000,0.3252039270
0.2430000000,1.0471975512,0.3266837496,1.5805961284,2.1394324260,2.0000000001,25.0000000000,25.0000000000,10.9930283787,1.0000000000,0.3267379078
0.2440000000,1.0471975512,0.3282643457,1.5805961285,2.1394324261,2.0000000001,25.0000000000,25.0000000000,10.9930283787,1.0000000000,0.3282718886
0.2450000000,1.0471975512,0.3298449418,1.5805961286,2.1394324261,2.0000000001,25.0000000000,25.0000000000,10.9930283787,1.0000000000,0.3298058694
0.2460000000,1.0471975512,0.3314255380,1.5805961287,2.1394324261,2.0000000001,25.0000000000,25.0000000000,10.9930283787,1.0000000000,0.3313398502
0.2470000000,1.0471975512,0.3330061341,1.5805961288,2.1394324261,2.0000000001,25.0000000000,25.0000000000,10.9930283787,1.0000000000,0.3328738310
0.2480000000,1.0471975512,0.3345867302,1.5805961289,2.1394324260,2.0000000001,25.0000000000,25.0000000000,10.9930283787,1.0000000000,0.3344078118
0.2490000000,1.0471975512,0.3361673264,1.5805961289,2.1394324260,2.0000000001,25.0000000000,25.0000000000,10.9930283787,1.0000000000,0.3359417925
0.2500000000,1.0471975512,0.3377479225,1.5805961290,2.1394324260,2.0000000000,25.0000000000,25.0000000000,10.9930283787,1.0000000000,0.3374757733
0.2510000000,1.0471975512,0.3393285186,1.5805961290,2.1394324260,2.0000000000,25.0000000000,25.0000000000,10.9930283787,1.0000000000,0.3390097541
0.2520000000,1.0471975512,0.3409091147,1.5805961291,2.1394324260,2.0000000000,25.0000000000,25.0000000000,10.9930283787,1.0000000000,0.3405437349
0.2530000000,1.0471975512,0.3424897109,1.5805961291,2.1394324260,2.0000000000,25.0000000000,25.0000000000,10.9930283787,1.0000000000,0.3420777157
0.2540000000,1.0471975512,0.3440703070,1.5805961291,2.1394324260,2.0000000000,25.0000000000,25.0000000000,10.9930283787,1.0000000000,0.3436116965
0.2550000000,1.0471975512,0.3456509031,1.5805961291,2.1394324260,2.0000000000,25.0000000000,25.0000000000,10.9930283787,1.0000000000,0.3451456773
0.2560000000,1.0471975512,0.3472314993,1.5805961291,2.1394324260,2.0000000000,25.0000000000,25.0000000000,10.9930283787,1.0000000000,0.3466796581
0.2570000000,1.0471975512,0.3488120954,1.5805961290,2.1394324260,2.0000000000,25.0000000000,25.0000000000,10.9930283787,1.0000000000,0.3482136389
0.2580000000,1.0471975512,0.3503926915,1.5805961290,2.1394324259,2.0000000000,25.0000000000,25.0000000000,10.9930283787,1.0000000000,0.3497476196
0.2590000000,1.0471975512,0.3519732877,1.5805961290,2.1394324259,2.0000000000,25.0000000000,25.0000000000,10.9930283787,1.0000000000,0.3512816004
0.2600000000,1.0471975512,0.3535538838,1.5805961290,2.1394324259,2.0000000000,25.0000000000,25.0000000000,10.9930283787,1.0000000000,0.3528155812
0.2610000000,1.0471975512,0.3551344799,1.5805961290,2.1394324259,2.0000000000,25.0000000000,25.0000000000,10.9930283787,1.0000000000,0.3558835428
0.2620000000,1.0471975512,0.3567150760,1.5805961289,2.1394324259,2.0000000000,25.0000000000,25.0000000000,10.9930283787,1.0000000000,0.3574175236
0.2630000000,1.0471975512,0.3582956722,1.5805961289,2.1394324259,2.0000000000,25.0000000000,25.0000000000,10.9930283787,1.0000000000,0.3589515044
0.2640000000,1.0471975512,0.3598762683,1.5805961289,2.1394324259,2.0000000000,25.0000000000,25.0000000000,10.9930283787,1.0000000000,0.3604854852
0.2650000000,1.0471975512,0.3614568644,1.5805961289,2.1394324259,2.0000000000,25.0000000000,25.0000000000,10.9930283787,1.0000000000,0.3620194659
0.2660000000,1.0471975512,0.3630374606,1.5805961289,2.1394324259,2.0000000000,25.0000000000,25.0000000000,10.9930283787,1.0000000000,0.3635534467
0.2670000000,1.0471975512,0.3646180567,1.5805961289,2.1394324259,2.0000000000,25.0000000000,25.0000000000,10.9930283787,1.0000000000,0.3650874275
0.2680000000,1.0471975512,0.3661986528,1.5805961289,2.1394324259,2.0000000000,25.0000000000,25.0000000000,10.9930283787,1.0000000000,0.3666214083
0.2690000000,1.0471975512,0.3677792489,1.5805961289,2.1394324259,2.0000000000,25.0000000000,25.0000000000,10.9930283787,1.0000000000,0.3681553891
0.2700000000,1.0471975512,0.3693598451,1.5805961289,2.1394324260,2.0000000000,25.0000000000,25.0000000000,10.9930283787,1.0000000000,0.3696893699
0.2710000000,1.0471975512,0.3709404412,1.5805961289,2.1394324260,2.0000000000,25.0000000000,25.0000000000,10.9930283787,1.0000000000,0.3712233507
0.2720000000,1.0471975512,0.3725210373,1.5805961289,2.1394324260,2.0000000000,25.0000000000,25.0000000000,10.9930283787,1.0000000000,0.3727573315
0.2730000000,1.0471975512,0.3741016335,1.5805961289,2.1394324260,2.0000000000,25.0000000000,25.0000000000,10.9930283787,1.0000000000,0.3742913122
0.2740000000,1.0471975512,0.3756822296,1.5805961289,2.1394324260,2.0000000000,25.0000000000,25.0000000000,10.9930283787,1.0000000000,0.3758252930
0.2750000000,1.0471975512,0.3772628257,1.5805961289,2.1394324260,2.0000000000,25.0000000000,25.0000000000,10.9930283787,1.0000000000,0.3773592738
0.2760000000,1.0471975512,0.3788434218,1.5805961289,2.1394324260,2.0000000000,25.0000000000,25.0000000000,10.9930283787,1.0000000000,0.3788932546
0.2770000000,1.0471975512,0.3804240180,1.5805961289,2.1394324260,2.0000000000,25.0000000000,25.0000000000,10.9930283787,1.0000000000,0.3804272354
0.2780000000,1.0471975512,0.3820046141,1.5805961289,2.1394324260,2.0000000000,25.0000000000,25.0000000000,10.9930283787,1.0000000000,0.3819612162
0.2790000000,1.0471975512,0.3835852102,1.5805961289,2.1394324260,2.0000000000,25.0000000000,25.0000000000,10.9930283787,1.0000000000,0.3834951970
0.2800000000,1.0471975512,0.3851658064,1.5805961289,2.1394324260,2.0000000000,25.0000000000,25.0000000000,10.9930283787,1.0000000000,0.3850291778
0.2810000000,1.0471975512,0.3867464025,1.5805961289,2.1394324260,2.0000000000,25.0000000000,25.0000000000,10.9930283787,1.0000000000,0.3865631585
0.2820000000,1.0471975512,0.3883269986,1.5805961289,2.1394324260,2.0000000000,25.0000000000,25.0000000000,10.9930283787,1.0000000000,0.3880971393
0.2830000000,1.0471975512,0.3899075947,1.5805961289,2.1394324260,2.0000000000,25.0000000000,25.0000000000,10.9930283787,1.0000000000,0.3896311201
0.2840000000,1.0471975512,0.3914881909,1.5805961289,2.1394324260,2.0000000000,25.0000000000,25.0000000000,10.9930283787,1.0000000000,0.3911651009
0.2850000000,1.0471975512,0.3930687870,1.5805961289,2.1394324260,2.0000000000,25.0000000000,25.0000000000,10.9930283787,1.0000000000,0.3926990817
0.2860000000,1.0471975512,0.3946493831,1.5805961289,2.1394324260,2.0000000000,25.0000000000,25.0000000000,10.9930283787,1.0000000000,0.3942330625
0.2870000000,1.0471975512,0.3962299793,1.5805961289,2.1394324260,2.0000000000,25.0000000000,25.0000000000,10.9930283787,1.0000000000,0.3957670433
0.2880000000,1.0471975512,0.3978105754,1.5805961289,2.1394324260,2.0000000000,25.0000000000,25.0000000000,10.9930283787,1.0000000000,0.3973010241
0.2890000000,1.0471975512,0.3993911715,1.5805961289,2.1394324260,2.0000000000,25.0000000000,25.0000000000,10.9930283787,1.0000000000,0.3988350049
0.2900000000,1.0471975512,0.4009717676,1.5805961289,2.1394324260,2.0000000000,25.0000000000,25.0000000000,10.9930283787,1.0000000000,0.4003689856
0.2910000000,1.0471975512,0.4025523638,1.5805961289,2.1394324260,2.0000000000,25.0000000000,25.0000000000,10.9930283787,1.0000000000,0.4019029664
0.2920000000,1.0471975512,0.4041329599,1.5805961289,2.1394324260,2.0000000000,25.0000000000,25.0000000000,10.9930283787,1.0000000000,0.4034369472
0.2930000000,1.0471975512,0.4057135560,1.5805961289,2.1394324260,2.0000000000,25.0000000000,25.0000000000,10.9930283787,1.0000000000,0.4049709280
0.2940000000,1.0471975512,0.4072941522,1.5805961289,2.1394324260,2.0000000000,25.0000000000,25.0000000000,10.9930283787,1.0000000000,0.4080388896
0.2950000000,1.0471975512,0.4088747483,1.5805961289,2.1394324260,2.0000000000,25.0000000000,25.0000000000,10.9930283787,1.0000000000,0.4095728704
0.2960000000,1.0471975512,0.4104553444,1.5805961289,2.1394324260,2.0000000000,25.0000000000,25.0000000000,10.9930283787,1.0000000000,0.4111068512
0.2970000000,1.0471975512,0.4120359406,1.5805961289,2.1394324260,2.0000000000,25.0000000000,25.0000000000,10.9930283787,1.0000000000,0.4126408319
0.2980000000,1.0471975512,0.4136165367,1.5805961289,2.1394324260,2.0000000000,25.0000000000,25.0000000000,10.9930283787,1.0000000000,0.4141748127
0.2990000000,1.0471975512,0.4151971328,1.5805961289,2.1394324260,2.0000000000,25.0000000000,25.0000000000,10.9930283787,1.0000000000,0.4157087935
0.3000000000,1.0471975512,0.4167777289,1.5805961289,2.1394324260,2.0000000000,25.0000000000,25.0000000000,10.9930283787,1.0000000000,0.4172427743
0.3010000000,1.0471975512,0.4183583251,1.5805961289,2.1394324260,2.0000000000,25.0000000000,25.0000000000,10.9930283787,1.0000000000,0.4187767551
0.3020000000,1.0471975512,0.4199389212,1.5805961289,2.1394324260,2.0000000000,25.0000000000,25.0000000000,10.9930283787,1.0000000000,0.4203107359
0.3030000000,1.0471975512,0.4215195173,1.5805961289,2.1394324260,2.0000000000,25.0000000000,25.0000000000,10.9930283787,1.0000000000,0.4218447167
0.3040000000,1.0471975512,0.4231001135,1.5805961289,2.1394324260,2.0000000000,25.0000000000,25.0000000000,10.9930283787,1.0000000000,0.4233786975
0.3050000000,1.0471975512,0.4246807096,1.5805961289,2.1394324260,2.0000000000,25.0000000000,25.0000000000,10.9930283787,1.0000000000,0.4249126782
0.3060000000,1.0471975512,0.4262613057,1.5805961289,2.1394324260,2.0000000000,25.0000000000,25.0000000000,10.9930283787,1.0000000000,0.4264466590
0.3070000000,1.0471975512,0.4278419018,1.5805961289,2.1394324260,2.0000000000,25.0000000000,25.0000000000,10.9930283787,1.0000000000,0.4279806398
0.3080000000,1.0471975512,0.4294224980,1.5805961289,2.1394324260,2.0000000000,25.0000000000,25.0000000000,10.9930283787,1.0000000000,0.4295146206
0.3090000000,1.0471975512,0.4310030941,1.5805961289,2.1394324260,2.0000000000,25.0000000000,25.0000000000,10.9930283787,1.0000000000,0.4310486014
0.3100000000,1.0471975512,0.4325836902,1.5805961289,2.1394324260,2.0000000000,25.0000000000,25.0000000000,10.9930283787,1.0000000000,0.4325825822
0.3110000000,1.0471975512,0.4341642864,1.5805961289,2.1394324260,2.0000000000,25.0000000000,25.0000000000,10.9930283787,1.0000000000,0.4341165630
0.3120000000,1.0471975512,0.4357448825,1.5805961289,2.1394324260,2.0000000000,25.0000000000,25.0000000000,10.9930283787,1.0000000000,0.4356505438
0.3130000000,1.0471975512,0.4373254786,1.5805961289,2.1394324260,2.0000000000,25.0000000000,25.0000000000,10.9930283787,1.0000000000,0.4371845245
0.3140000000,1.0471975512,0.4389060747,1.5805961289,2.1394324260,2.0000000000,25.0000000000,25.0000000000,10.9930283787,1.0000000000,0.4387185053
0.3150000000,1.0471975512,0.4404866709,1.5805961289,2.1394324260,2.0000000000,25.0000000000,25.0000000000,10.9930283787,1.0000000000,0.4402524861
0.3160000000,1.0471975512,0.4420672670,1.5805961289,2.1394324260,2.0000000000,25.0000000000,25.0000000000,10.9930283787,1.0000000000,0.4417864669
0.3170000000,1.0471975512,0.4436478631,1.5805961289,2.1394324260,2.0000000000,25.0000000000,25.0000000000,10.9930283787,1.0000000000,0.4433204477
0.3180000000,1.0471975512,0.4452284593,1.5805961289,2.1394324260,2.0000000000,25.0000000000,25.0000000000,10.9930283787,1.0000000000,0.4448544285
0.3190000000,1.0471975512,0.4468090554,1.5805961289,2.1394324260,2.0000000000,25.0000000000,25.0000000000,10.9930283787,1.0000000000,0.4463884093
0.3200000000,1.0471975512,0.4483896515,1.5805961289,2.1394324260,2.0000000000,25.0000000000,25.0000000000,10.9930283787,1.0000000000,0.4479223901
0.3210000000,1.0471975512,0.4499702476,1.5805961289,2.1394324260,2.0000000000,25.0000000000,25.0000000000,10.9930283787,1.0000000000,0.4494563709
0.3220000000,1.0471975512,0.4515508438,1.5805961289,2.1394324260,2.0000000000,25.0000000000,25.0000000000,10.9930283787,1.0000000000,0.4509903516
0.3230000000,1.0471975512,0.4531314399,1.5805961289,2.1394324260,2.0000000000,25.0000000000,25.0000000000,10.9930283787,1.0000000000,0.4525243324
0.3240000000,1.0471975512,0.4547120360,1.5805961289,2.1394324260,2.0000000000,25.0000000000,25.0000000000,10.9930283787,1.0000000000,0.4540583132
0.3250000000,1.0471975512,0.4562926322,1.5805961289,2.1394324260,2.0000000000,25.0000000000,25.0000000000,10.9930283787,1.0000000000,0.4555922940
0.3260000000,1.0471975512,0.4578732283,1.5805961289,2.1394324260,2.0000000000,25.0000000000,25.0000000000,10.9930283787,1.0000000000,0.4571262748
0.3270000000,1.0471975512,0.4594538244,1.5805961289,2.1394324260,2.0000000000,25.0000000000,25.0000000000,10.9930283787,1.0000000000,0.4601942364
0.3280000000,1.0471975512,0.4610344205,1.5805961289,2.1394324260,2.0000000000,25.0000000000,25.0000000000,10.9930283787,1.0000000000,0.4617282172
0.3290000000,1.0471975512,0.4626150167,1.5805961289,2.1394324260,2.0000000000,25.0000000000,25.0000000000,10.9930283787,1.0000000000,0.4632621979
0.3300000000,1.0471975512,0.4641956128,1.5805961289,2.1394324260,2.0000000000,25.0000000000,25.0000000000,10.9930283787,1.0000000000,0.4647961787
0.3310000000,1.0471975512,0.4657762089,1.5805961289,2.1394324260,2.0000000000,25.0000000000,25.0000000000,10.9930283787,1.0000000000,0.4663301595
0.3320000000,1.0471975512,0.4673568051,1.5805961289,2.1394324260,2.0000000000,25.0000000000,25.0000000000,10.9930283787,1.0000000000,0.4678641403
0.3330000000,1.0471975512,0.4689374012,1.5805961289,2.1394324260,2.0000000000,25.0000000000,25.0000000000,10.9930283787,1.0000000000,0.4693981211
0.3340000000,1.0471975512,0.4705179973,1.5805961289,2.1394324260,2.0000000000,25.0000000000,25.0000000000,10.9930283787,1.0000000000,0.4709321019
0.3350000000,1.0471975512,0.4720985934,1.5805961289,2.1394324260,2.0000000000,25.0000000000,25.0000000000,10.9930283787,1.0000000000,0.4724660827
0.3360000000,1.0471975512,0.4736791896,1.5805961289,2.1394324260,2.0000000000,25.0000000000,25.0000000000,10.9930283787,1.0000000000,0.4740000635
0.3370000000,1.0471975512,0.4752597857,1.5805961289,2.1394324260,2.0000000000,25.0000000000,25.0000000000,10.9930283787,1.0000000000,0.4755340442
0.3380000000,1.0471975512,0.4768403818,1.5805961289,2.1394324260,2.0000000000,25.0000000000,25.0000000000,10.9930283787,1.0000000000,0.4770680250
0.3390000000,1.0471975512,0.4784209780,1.5805961289,2.1394324260,2.0000000000,25.0000000000,25.0000000000,10.9930283787,1.0000000000,0.4786020058
0.3400000000,1.0471975512,0.4800015741,1.5805961289,2.1394324260,2.0000000000,25.0000000000,25.0000000000,10.9930283787,1.0000000000,0.4801359866
0.3410000000,1.0471975512,0.4815821702,1.5805961289,2.1394324260,2.0000000000,25.0000000000,25.0000000000,10.9930283787,1.0000000000,0.4816699674
0.3420000000,1.0471975512,0.4831627664,1.5805961289,2.1394324260,2.0000000000,25.0000000000,25.0000000000,10.9930283787,1.0000000000,0.4832039482
0.3430000000,1.0471975512,0.4847433625,1.5805961289,2.1394324260,2.0000000000,25.0000000000,25.0000000000,10.9930283787,1.0000000000,0.4847379290
0.3440000000,1.0471975512,0.4863239586,1.5805961289,2.1394324260,2.0000000000,25.0000000000,25.0000000000,10.9930283787,1.0000000000,0.4862719098
0.3450000000,1.0471975512,0.4879045547,1.5805961289,2.1394324260,2.0000000000,25.0000000000,25.0000000000,10.9930283787,1.0000000000,0.4878058905
0.3460000000,1.0471975512,0.4894851509,1.5805961289,2.1394324260,2.0000000000,25.0000000000,25.0000000000,10.9930283787,1.0000000000,0.4893398713
0.3470000000,1.0471975512,0.4910657470,1.5805961289,2.1394324260,2.0000000000,25.0000000000,25.0000000000,10.9930283787,1.0000000000,0.4908738521
0.3480000000,1.0471975512,0.4926463431,1.5805961289,2.1394324260,2.0000000000,25.0000000000,25.0000000000,10.9930283787,1.0000000000,0.4924078329
0.3490000000,1.0471975512,0.4942269393,1.5805961289,2.1394324260,2.0000000000,25.0000000000,25.0000000000,10.9930283787,1.0000000000,0.4939418137
0.3500000000,1.0471975512,0.4958075354,1.5805961289,2.1394324260,2.0000000000,25.0000000000,25.0000000000,10.9930283787,1.0000000000,0.4954757945
0.3510000000,1.0471975512,0.4973881315,1.5805961289,2.1394324260,2.0000000000,25.0000000000,25.0000000000,10.9930283787,1.0000000000,0.4970097753
0.3520000000,1.0471975512,0.4989687276,1.5805961289,2.1394324260,2.0000000000,25.0000000000,25.0000000000,10.9930283787,1.0000000000,0.4985437561
0.3530000000,1.0471975512,0.5005493238,1.5805961289,2.1394324260,2.0000000000,25.0000000000,25.0000000000,10.9930283787,1.0000000000,0.5000777369
0.3540000000,1.0471975512,0.5021299199,1.5805961289,2.1394324260,2.0000000000,25.0000000000,25.0000000000,10.9930283787,1.0000000000,0.5016117176
0.3550000000,1.0471975512,0.5037105160,1.5805961289,2.1394324260,2.0000000000,25.0000000000,25.0000000000,10.9930283787,1.0000000000,0.5031456984
0.3560000000,1.0471975512,0.5052911122,1.5805961289,2.1394324260,2.0000000000,25.0000000000,25.0000000000,10.9930283787,1.0000000000,0.5046796792
0.3570000000,1.0471975512,0.5068717083,1.5805961289,2.1394324260,2.0000000000,25.0000000000,25.0000000000,10.9930283787,1.0000000000,0.5062136600
0.3580000000,1.0471975512,0.5084523044,1.5805961289,2.1394324260,2.0000000000,25.0000000000,25.0000000000,10.9930283787,1.0000000000,0.5077476408
0.3590000000,1.0471975512,0.5100329005,1.5805961289,2.1394324260,2.0000000000,25.0000000000,25.0000000000,10.9930283787,1.0000000000,0.5092816216
0.3600000000,1.0471975512,0.5116134967,1.5805961289,2.1394324260,2.0000000000,25.0000000000,25.0000000000,10.9930283787,1.0000000000,0.5123495832
0.3610000000,1.0471975512,0.5131940928,1.5805961289,2.1394324260,2.0000000000,25.0000000000,25.0000000000,10.9930283787,1.0000000000,0.5138835639
0.3620000000,1.0471975512,0.5147746889,1.5805961289,2.1394324260,2.0000000000,25.0000000000,25.0000000000,10.9930283787,1.0000000000,0.5154175447
0.3630000000,1.0471975512,0.5163552851,1.5805961289,2.1394324260,2.0000000000,25.0000000000,25.0000000000,10.9930283787,1.0000000000,0.5169515255
0.3640000000,1.0471975512,0.5179358812,1.5805961289,2.1394324260,2.0000000000,25.0000000000,25.0000000000,10.9930283787,1.0000000000,0.5184855063
0.3650000000,1.0471975512,0.5195164773,1.5805961289,2.1394324260,2.0000000000,25.0000000000,25.0000000000,10.9930283787,1.0000000000,0.5200194871
0.3660000000,1.0471975512,0.5210970734,1.5805961289,2.1394324260,2.0000000000,25.0000000000,25.0000000000,10.9930283787,1.0000000000,0.5215534679
0.3670000000,1.0471975512,0.5226776696,1.5805961289,2.1394324260,2.0000000000,25.0000000000,25.0000000000,10.9930283787,1.0000000000,0.5230874487
0.3680000000,1.0471975512,0.5242582657,1.5805961289,2.1394324260,2.0000000000,25.0000000000,25.0000000000,10.9930283787,1.0000000000,0.5246214295
0.3690000000,1.0471975512,0.5258388618,1.5805961289,2.1394324260,2.0000000000,25.0000000000,25.0000000000,10.9930283787,1.0000000000,0.5261554102
0.3700000000,1.0471975512,0.5274194580,1.5805961289,2.1394324260,2.0000000000,25.0000000000,25.0000000000,10.9930283787,1.0000000000,0.5276893910
0.3710000000,1.0471975512,0.5290000541,1.5805961289,2.1394324260,2.0000000000,25.0000000000,25.0000000000,10.9930283787,1.0000000000,0.5292233718
0.3720000000,1.0471975512,0.5305806502,1.5805961289,2.1394324260,2.0000000000,25.0000000000,25.0000000000,10.9930283787,1.0000000000,0.5307573526
0.3730000000,1.0471975512,0.5321612463,1.5805961289,2.1394324260,2.0000000000,25.0000000000,25.0000000000,10.9930283787,1.0000000000,0.5322913334
0.3740000000,1.0471975512,0.5337418425,1.5805961289,2.1394324260,2.0000000000,25.0000000000,25.0000000000,10.9930283787,1.0000000000,0.5338253142
0.3750000000,1.0471975512,0.5353224386,1.5805961289,2.1394324260,2.0000000000,25.0000000000,25.0000000000,10.9930283787,1.0000000000,0.5353592950
0.3760000000,1.0471975512,0.5369030347,1.5805961289,2.1394324260,2.0000000000,25.0000000000,25.0000000000,10.9930283787,1.0000000000,0.5368932758
0.3770000000,1.0471975512,0.5384836309,1.5805961289,2.1394324260,2.0000000000,25.0000000000,25.0000000000,10.9930283787,1.0000000000,0.5384272565
0.3780000000,1.0471975512,0.5400642270,1.5805961289,2.1394324260,2.0000000000,25.0000000000,25.0000000000,10.9930283787,1.0000000000,0.5399612373
0.3790000000,1.0471975512,0.5416448231,1.5805961289,2.1394324260,2.0000000000,25.0000000000,25.0000000000,10.9930283787,1.0000000000,0.5414952181
0.3800000000,1.0471975512,0.5432254192,1.5805961289,2.1394324260,2.0000000000,25.0000000000,25.0000000000,10.9930283787,1.0000000000,0.5430291989
0.3810000000,1.0471975512,0.5448060154,1.5805961289,2.1394324260,2.0000000000,25.0000000000,25.0000000000,10.9930283787,1.0000000000,0.5445631797
0.3820000000,1.0471975512,0.5463866115,1.5805961289,2.1394324260,2.0000000000,25.0000000000,25.0000000000,10.9930283787,1.0000000000,0.5460971605
0.3830000000,1.0471975512,0.5479672076,1.5805961289,2.1394324260,2.0000000000,25.0000000000,25.0000000000,10.9930283787,1.0000000000,0.5476311413
0.3840000000,1.0471975512,0.5495478038,1.5805961289,2.1394324260,2.0000000000,25.0000000000,25.0000000000,10.9930283787,1.0000000000,0.5491651221
0.3850000000,1.0471975512,0.5511283999,1.5805961289,2.1394324260,2.0000000000,25.0000000000,25.0000000000,10.9930283787,1.0000000000,0.5506991029
0.3860000000,1.0471975512,0.5527089960,1.5805961289,2.1394324260,2.0000000000,25.0000000000,25.0000000000,10.9930283787,1.0000000000,0.5522330836
0.3870000000,1.0471975512,0.5542895922,1.5805961289,2.1394324260,2.0000000000,25.0000000000,25.0000000000,10.9930283787,1.0000000000,0.5537670644
0.3880000000,1.0471975512,0.5558701883,1.5805961289,2.1394324260,2.0000000000,25.0000000000,25.0000000000,10.9930283787,1.0000000000,0.5553010452
0.3890000000,1.0471975512,0.5574507844,1.5805961289,2.1394324260,2.0000000000,25.0000000000,25.0000000000,10.9930283787,1.0000000000,0.5568350260
0.3900000000,1.0471975512,0.5590313805,1.5805961289,2.1394324260,2.0000000000,25.0000000000,25.0000000000,10.9930283787,1.0000000000,0.5583690068
0.3910000000,1.0471975512,0.5606119767,1.5805961289,2.1394324260,2.0000000000,25.0000000000,25.0000000000,10.9930283787,1.0000000000,0.5599029876
0.3920000000,1.0471975512,0.5621925728,1.5805961289,2.1394324260,2.0000000000,25.0000000000,25.0000000000,10.9930283787,1.0000000000,0.5614369684
0.3930000000,1.0471975512,0.5637731689,1.5805961289,2.1394324260,2.0000000000,25.0000000000,25.0000000000,10.9930283787,1.0000000000,0.5645049299
0.3940000000,1.0471975512,0.5653537651,1.5805961289,2.1394324260,2.0000000000,25.0000000000,25.0000000000,10.9930283787,1.0000000000,0.5660389107
0.3950000000,1.0471975512,0.5669343612,1.5805961289,2.1394324260,2.0000000000,25.0000000000,25.0000000000,10.9930283787,1.0000000000,0.5675728915
0.3960000000,1.0471975512,0.5685149573,1.5805961289,2.1394324260,2.0000000000,25.0000000000,25.0000000000,10.9930283787,1.0000000000,0.5691068723
0.3970000000,1.0471975512,0.5700955534,1.5805961289,2.1394324260,2.0000000000,25.0000000000,25.0000000000,10.9930283787,1.0000000000,0.5706408531
0.3980000000,1.0471975512,0.5716761496,1.5805961289,2.1394324260,2.0000000000,25.0000000000,25.0000000000,10.9930283787,1.0000000000,0.5721748339
0.3990000000,1.0471975512,0.5732567457,1.5805961289,2.1394324260,2.0000000000,25.0000000000,25.0000000000,10.9930283787,1.0000000000,0.5737088147
0.4000000000,1.0471975512,0.5748373418,1.5805961289,2.1394324260,2.0000000000,25.0000000000,25.0000000000,10.9930283787,1.0000000000,0.5752427955
0.4010000000,1.0471975512,0.5764179380,1.5805961289,2.1394324260,2.0000000000,25.0000000000,25.0000000000,10.9930283787,1.0000000000,0.5767767762
0.4020000000,1.0471975512,0.5779985341,1.5805961289,2.1394324260,2.0000000000,25.0000000000,25.0000000000,10.9930283787,1.0000000000,0.5783107570
0.4030000000,1.0471975512,0.5795791302,1.5805961289,2.1394324260,2.0000000000,25.0000000000,25.0000000000,10.9930283787,1.0000000000,0.5798447378
0.4040000000,1.0471975512,0.5811597263,1.5805961289,2.1394324260,2.0000000000,25.0000000000,25.0000000000,10.9930283787,1.0000000000,0.5813787186
0.4050000000,1.0471975512,0.5827403225,1.5805961289,2.1394324260,2.0000000000,25.0000000000,25.0000000000,10.9930283787,1.0000000000,0.5829126994
0.4060000000,1.0471975512,0.5843209186,1.5805961289,2.1394324260,2.0000000000,25.0000000000,25.0000000000,10.9930283787,1.0000000000,0.5844466802
0.4070000000,1.0471975512,0.5859015147,1.5805961289,2.1394324260,2.0000000000,25.0000000000,25.0000000000,10.9930283787,1.0000000000,0.5859806610
0.4080000000,1.0471975512,0.5874821109,1.5805961289,2.1394324260,2.0000000000,25.0000000000,25.0000000000,10.9930283787,1.0000000000,0.5875146418
0.4090000000,1.0471975512,0.5890627070,1.5805961289,2.1394324260,2.0000000000,25.0000000000,25.0000000000,10.9930283787,1.0000000000,0.5890486225
0.4100000000,1.0471975512,0.5906433031,1.5805961289,2.1394324260,2.0000000000,25.0000000000,25.0000000000,10.9930283787,1.0000000000,0.5905826033
0.4110000000,1.0471975512,0.5922238992,1.5805961289,2.1394324260,2.0000000000,25.0000000000,25.0000000000,10.9930283787,1.0000000000,0.5921165841
0.4120000000,1.0471975512,0.5938044954,1.5805961289,2.1394324260,2.0000000000,25.0000000000,25.0000000000,10.9930283787,1.0000000000,0.5936505649
0.4130000000,1.0471975512,0.5953850915,1.5805961289,2.1394324260,2.0000000000,25.0000000000,25.0000000000,10.9930283787,1.0000000000,0.5951845457
0.4140000000,1.0471975512,0.5969656876,1.5805961289,2.1394324260,2.0000000000,25.0000000000,25.0000000000,10.9930283787,1.0000000000,0.5967185265
0.4150000000,1.0471975512,0.5985462838,1.5805961289,2.1394324260,2.0000000000,25.0000000000,25.0000000000,10.9930283787,1.0000000000,0.5982525073
0.4160000000,1.0471975512,0.6001268799,1.5805961289,2.1394324260,2.0000000000,25.0000000000,25.0000000000,10.9930283787,1.0000000000,0.5997864881
0.4170000000,1.0471975512,0.6017074760,1.5805961289,2.1394324260,2.0000000000,25.0000000000,25.0000000000,10.9930283787,1.0000000000,0.6013204689
0.4180000000,1.0471975512,0.6032880721,1.5805961289,2.1394324260,2.0000000000,25.0000000000,25.0000000000,10.9930283787,1.0000000000,0.6028544496
0.4190000000,1.0471975512,0.6048686683,1.5805961289,2.1394324260,2.0000000000,25.0000000000,25.0000000000,10.9930283787,1.0000000000,0.6043884304
0.4200000000,1.0471975512,0.6064492644,1.5805961289,2.1394324260,2.0000000000,25.0000000000,25.0000000000,10.9930283787,1.0000000000,0.6059224112
0.4210000000,1.0471975512,0.6080298605,1.5805961289,2.1394324260,2.0000000000,25.0000000000,25.0000000000,10.9930283787,1.0000000000,0.6074563920
0.4220000000,1.0471975512,0.6096104567,1.5805961289,2.1394324260,2.0000000000,25.0000000000,25.0000000000,10.9930283787,1.0000000000,0.6089903728
0.4230000000,1.0471975512,0.6111910528,1.5805961289,2.1394324260,2.0000000000,25.0000000000,25.0000000000,10.9930283787,1.0000000000,0.6105243536
0.4240000000,1.0471975512,0.6127716489,1.5805961289,2.1394324260,2.0000000000,25.0000000000,25.0000000000,10.9930283787,1.0000000000,0.6120583344
0.4250000000,1.0471975512,0.6143522451,1.5805961289,2.1394324260,2.0000000000,25.0000000000,25.0000000000,10.9930283787,1.0000000000,0.6135923152
0.4260000000,1.0471975512,0.6159328412,1.5805961289,2.1394324260,2.0000000000,25.0000000000,25.0000000000,10.9930283787,1.0000000000,0.6166602767
0.4270000000,1.0471975512,0.6175134373,1.5805961289,2.1394324260,2.0000000000,25.0000000000,25.0000000000,10.9930283787,1.0000000000,0.6181942575
0.4280000000,1.0471975512,0.6190940334,1.5805961289,2.1394324260,2.0000000000,25.0000000000,25.0000000000,10.9930283787,1.0000000000,0.6197282383
0.4290000000,1.0471975512,0.6206746296,1.5805961289,2.1394324260,2.0000000000,25.0000000000,25.0000000000,10.9930283787,1.0000000000,0.6212622191
0.4300000000,1.0471975512,0.6222552257,1.5805961289,2.1394324260,2.0000000000,25.0000000000,25.0000000000,10.9930283787,1.0000000000,0.6227961999
0.4310000000,1.0471975512,0.6238358218,1.5805961289,2.1394324260,2.0000000000,25.0000000000,25.0000000000,10.9930283787,1.0000000000,0.6243301807
0.4320000000,1.0471975512,0.6254164180,1.5805961289,2.1394324260,2.0000000000,25.0000000000,25.0000000000,10.9930283787,1.0000000000,0.6258641615
0.4330000000,1.0471975512,0.6269970141,1.5805961289,2.1394324260,2.0000000000,25.0000000000,25.0000000000,10.9930283787,1.0000000000,0.6273981422
0.4340000000,1.0471975512,0.6285776102,1.5805961289,2.1394324260,2.0000000000,25.0000000000,25.0000000000,10.9930283787,1.0000000000,0.6289321230
0.4350000000,1.0471975512,0.6301582063,1.5805961289,2.1394324260,2.0000000000,25.0000000000,25.0000000000,10.9930283787,1.0000000000,0.6304661038
0.4360000000,1.0471975512,0.6317388025,1.5805961289,2.1394324260,2.0000000000,25.0000000000,25.0000000000,10.9930283787,1.0000000000,0.6320000846
0.4370000000,1.0471975512,0.6333193986,1.5805961289,2.1394324260,2.0000000000,25.0000000000,25.0000000000,10.9930283787,1.0000000000,0.6335340654
0.4380000000,1.0471975512,0.6348999947,1.5805961289,2.1394324260,2.0000000000,25.0000000000,25.0000000000,10.9930283787,1.0000000000,0.6350680462
0.4390000000,1.0471975512,0.6364805909,1.5805961289,2.1394324260,2.0000000000,25.0000000000,25.0000000000,10.9930283787,1.0000000000,0.6366020270
0.4400000000,1.0471975512,0.6380611870,1.5805961289,2.1394324260,2.0000000000,25.0000000000,25.0000000000,10.9930283787,1.0000000000,0.6381360078
0.4410000000,1.0471975512,0.6396417831,1.5805961289,2.1394324260,2.0000000000,25.0000000000,25.0000000000,10.9930283787,1.0000000000,0.6396699885
0.4420000000,1.0471975512,0.6412223792,1.5805961289,2.1394324260,2.0000000000,25.0000000000,25.0000000000,10.9930283787,1.0000000000,0.6412039693
0.4430000000,1.0471975512,0.6428029754,1.5805961289,2.1394324260,2.0000000000,25.0000000000,25.0000000000,10.9930283787,1.0000000000,0.6427379501
0.4440000000,1.0471975512,0.6443835715,1.5805961289,2.1394324260,2.0000000000,25.0000000000,25.0000000000,10.9930283787,1.0000000000,0.6442719309
0.4450000000,1.0471975512,0.6459641676,1.5805961289,2.1394324260,2.0000000000,25.0000000000,25.0000000000,10.9930283787,1.0000000000,0.6458059117
0.4460000000,1.0471975512,0.6475447638,1.5805961289,2.1394324260,2.0000000000,25.0000000000,25.0000000000,10.9930283787,1.0000000000,0.6473398925
0.4470000000,1.0471975512,0.6491253599,1.5805961289,2.1394324260,2.0000000000,25.0000000000,25.0000000000,10.9930283787,1.0000000000,0.6488738733
0.4480000000,1.0471975512,0.6507059560,1.5805961289,2.1394324260,2.0000000000,25.0000000000,25.0000000000,10.9930283787,1.0000000000,0.6504078541
0.4490000000,1.0471975512,0.6522865521,1.5805961289,2.1394324260,2.0000000000,25.0000000000,25.0000000000,10.9930283787,1.0000000000,0.6519418349
0.4500000000,1.0471975512,0.6538671483,1.5805961289,2.1394324260,2.0000000000,25.0000000000,25.0000000000,10.9930283787,1.0000000000,0.6534758156
0.4510000000,1.0471975512,0.6554477444,1.5805961289,2.1394324260,2.0000000000,25.0000000000,25.0000000000,10.9930283787,1.0000000000,0.6550097964
0.4520000000,1.0471975512,0.6570283405,1.5805961289,2.1394324260,2.0000000000,25.0000000000,25.0000000000,10.9930283787,1.0000000000,0.6565437772
0.4530000000,1.0471975512,0.6586089367,1.5805961289,2.1394324260,2.0000000000,25.0000000000,25.0000000000,10.9930283787,1.0000000000,0.6580777580
0.4540000000,1.0471975512,0.6601895328,1.5805961289,2.1394324260,2.0000000000,25.0000000000,25.0000000000,10.9930283787,1.0000000000,0.6596117388
0.4550000000,1.0471975512,0.6617701289,1.5805961289,2.1394324260,2.0000000000,25.0000000000,25.0000000000,10.9930283787,1.0000000000,0.6611457196
0.4560000000,1.0471975512,0.6633507250,1.5805961289,2.1394324260,2.0000000000,25.0000000000,25.0000000000,10.9930283787,1.0000000000,0.6626797004
0.4570000000,1.0471975512,0.6649313212,1.5805961289,2.1394324260,2.0000000000,25.0000000000,25.0000000000,10.9930283787,1.0000000000,0.6642136812
0.4580000000,1.0471975512,0.6665119173,1.5805961289,2.1394324260,2.0000000000,25.0000000000,25.0000000000,10.9930283787,1.0000000000,0.6657476619
0.4590000000,1.0471975512,0.6680925134,1.5805961289,2.1394324260,2.0000000000,25.0000000000,25.0000000000,10.9930283787,1.0000000000,0.6688156235
0.4600000000,1.0471975512,0.6696731096,1.5805961289,2.1394324260,2.0000000000,25.0000000000,25.0000000000,10.9930283787,1.0000000000,0.6703496043
0.4610000000,1.0471975512,0.6712537057,1.5805961289,2.1394324260,2.0000000000,25.0000000000,25.0000000000,10.9930283787,1.0000000000,0.6718835851
0.4620000000,1.0471975512,0.6728343018,1.5805961289,2.1394324260,2.0000000000,25.0000000000,25.0000000000,10.9930283787,1.0000000000,0.6734175659
0.4630000000,1.0471975512,0.6744148979,1.5805961289,2.1394324260,2.0000000000,25.0000000000,25.0000000000,10.9930283787,1.0000000000,0.6749515467
0.4640000000,1.0471975512,0.6759954941,1.5805961289,2.1394324260,2.0000000000,25.0000000000,25.0000000000,10.9930283787,1.0000000000,0.6764855275
0.4650000000,1.0471975512,0.6775760902,1.5805961289,2.1394324260,2.0000000000,25.0000000000,25.0000000000,10.9930283787,1.0000000000,0.6780195082
0.4660000000,1.0471975512,0.6791566863,1.5805961289,2.1394324260,2.0000000000,25.0000000000,25.0000000000,10.9930283787,1.0000000000,0.6795534890
0.4670000000,1.0471975512,0.6807372825,1.5805961289,2.1394324260,2.0000000000,25.0000000000,25.0000000000,10.9930283787,1.0000000000,0.6810874698
0.4680000000,1.0471975512,0.6823178786,1.5805961289,2.1394324260,2.0000000000,25.0000000000,25.0000000000,10.9930283787,1.0000000000,0.6826214506
0.4690000000,1.0471975512,0.6838984747,1.5805961289,2.1394324260,2.0000000000,25.0000000000,25.0000000000,10.9930283787,1.0000000000,0.6841554314
0.4700000000,1.0471975512,0.6854790709,1.5805961289,2.1394324260,2.0000000000,25.0000000000,25.0000000000,10.9930283787,1.0000000000,0.6856894122
0.4710000000,1.0471975512,0.6870596670,1.5805961289,2.1394324260,2.0000000000,25.0000000000,25.0000000000,10.9930283787,1.0000000000,0.6872233930
0.4720000000,1.0471975512,0.6886402631,1.5805961289,2.1394324260,2.0000000000,25.0000000000,25.0000000000,10.9930283787,1.0000000000,0.6887573738
0.4730000000,1.0471975512,0.6902208592,1.5805961289,2.1394324260,2.0000000000,25.0000000000,25.0000000000,10.9930283787,1.0000000000,0.6902913545
0.4740000000,1.0471975512,0.6918014554,1.5805961289,2.1394324260,2.0000000000,25.0000000000,25.0000000000,10.9930283787,1.0000000000,0.6918253353
0.4750000000,1.0471975512,0.6933820515,1.5805961289,2.1394324260,2.0000000000,25.0000000000,25.0000000000,10.9930283787,1.0000000000,0.6933593161
0.4760000000,1.0471975512,0.6949626476,1.5805961289,2.1394324260,2.0000000000,25.0000000000,25.0000000000,10.9930283787,1.0000000000,0.6948932969
0.4770000000,1.0471975512,0.6965432438,1.5805961289,2.1394324260,2.0000000000,25.0000000000,25.0000000000,10.9930283787,1.0000000000,0.6964272777
0.4780000000,1.0471975512,0.6981238399,1.5805961289,2.1394324260,2.0000000000,25.0000000000,25.0000000000,10.9930283787,1.0000000000,0.6979612585
0.4790000000,1.0471975512,0.6997044360,1.5805961289,2.1394324260,2.0000000000,25.0000000000,25.0000000000,10.9930283787,1.0000000000,0.6994952393
0.4800000000,1.0471975512,0.7012850321,1.5805961289,2.1394324260,2.0000000000,25.0000000000,25.0000000000,10.9930283787,1.0000000000,0.7010292201
0.4810000000,1.0471975512,0.7028656283,1.5805961289,2.1394324260,2.0000000000,25.0000000000,25.0000000000,10.9930283787,1.0000000000,0.7025632009
0.4820000000,1.0471975512,0.7044462244,1.5805961289,2.1394324260,2.0000000000,25.0000000000,25.0000000000,10.9930283787,1.0000000000,0.7040971816
0.4830000000,1.0471975512,0.7060268205,1.5805961289,2.1394324260,2.0000000000,25.0000000000,25.0000000000,10.9930283787,1.0000000000,0.7056311624
0.4840000000,1.0471975512,0.7076074167,1.5805961289,2.1394324260,2.0000000000,25.0000000000,25.0000000000,10.9930283787,1.0000000000,0.7071651432
0.4850000000,1.0471975512,0.7091880128,1.5805961289,2.1394324260,2.0000000000,25.0000000000,25.0000000000,10.9930283787,1.0000000000,0.7086991240
0.4860000000,1.0471975512,0.7107686089,1.5805961289,2.1394324260,2.0000000000,25.0000000000,25.0000000000,10.9930283787,1.0000000000,0.7102331048
0.4870000000,1.0471975512,0.7123492050,1.5805961289,2.1394324260,2.0000000000,25.0000000000,25.0000000000,10.9930283787,1.0000000000,0.7117670856
0.4880000000,1.0471975512,0.7139298012,1.5805961289,2.1394324260,2.0000000000,25.0000000000,25.0000000000,10.9930283787,1.0000000000,0.7133010664
0.4890000000,1.0471975512,0.7155103973,1.5805961289,2.1394324260,2.0000000000,25.0000000000,25.0000000000,10.9930283787,1.0000000000,0.7148350472
0.4900000000,1.0471975512,0.7170909934,1.5805961289,2.1394324260,2.0000000000,25.0000000000,25.0000000000,10.9930283787,1.0000000000,0.7163690279
0.4910000000,1.0471975512,0.7186715896,1.5805961289,2.1394324260,2.0000000000,25.0000000000,25.0000000000,10.9930283787,1.0000000000,0.7194369895
0.4920000000,1.0471975512,0.7202521857,1.5805961289,2.1394324260,2.0000000000,25.0000000000,25.0000000000,10.9930283787,1.0000000000,0.7209709703
0.4930000000,1.0471975512,0.7218327818,1.5805961289,2.1394324260,2.0000000000,25.0000000000,25.0000000000,10.9930283787,1.0000000000,0.7225049511
0.4940000000,1.0471975512,0.7234133779,1.5805961289,2.1394324260,2.0000000000,25.0000000000,25.0000000000,10.9930283787,1.0000000000,0.7240389319
0.4950000000,1.0471975512,0.7249939741,1.5805961289,2.1394324260,2.0000000000,25.0000000000,25.0000000000,10.9930283787,1.0000000000,0.7255729127
0.4960000000,1.0471975512,0.7265745702,1.5805961289,2.1394324260,2.0000000000,25.0000000000,25.0000000000,10.9930283787,1.0000000000,0.7271068935
0.4970000000,1.0471975512,0.7281551663,1.5805961289,2.1394324260,2.0000000000,25.0000000000,25.0000000000,10.9930283787,1.0000000000,0.7286408742
0.4980000000,1.0471975512,0.7297357625,1.5805961289,2.1394324260,2.0000000000,25.0000000000,25.0000000000,10.9930283787,1.0000000000,0.7301748550
0.4990000000,1.0471975512,0.7313163586,1.5805961289,2.1394324260,2.0000000000,25.0000000000,25.0000000000,10.9930283787,1.0000000000,0.7317088358
0.5000000000,1.0471975512,0.7328969547,1.5805961289,2.1394324260,2.0000000000,25.0000000000,25.0000000000,10.9930283787,1.0000000000,0.7332428166
0.5010000000,1.0471975512,0.7344775508,1.5805961289,2.1394324260,2.0000000000,25.0000000000,25.0000000000,10.9930283787,1.0000000000,0.7347767974
0.5020000000,1.0471975512,0.7360581470,1.5805961289,2.1394324260,2.0000000000,25.0000000000,25.0000000000,10.9930283787,1.0000000000,0.7363107782
0.5030000000,1.0471975512,0.7376387431,1.5805961289,2.1394324260,2.0000000000,25.0000000000,25.0000000000,10.9930283787,1.0000000000,0.7378447590
0.5040000000,1.0471975512,0.7392193392,1.5805961289,2.1394324260,2.0000000000,25.0000000000,25.0000000000,10.9930283787,1.0000000000,0.7393787398
0.5050000000,1.0471975512,0.7407999354,1.5805961289,2.1394324260,2.0000000000,25.0000000000,25.0000000000,10.9930283787,1.0000000000,0.7409127205
0.5060000000,1.0471975512,0.7423805315,1.5805961289,2.1394324260,2.0000000000,25.0000000000,25.0000000000,10.9930283787,1.0000000000,0.7424467013
0.5070000000,1.0471975512,0.7439611276,1.5805961289,2.1394324260,2.0000000000,25.0000000000,25.0000000000,10.9930283787,1.0000000000,0.7439806821
0.5080000000,1.0471975512,0.7455417237,1.5805961289,2.1394324260,2.0000000000,25.0000000000,25.0000000000,10.9930283787,1.0000000000,0.7455146629
0.5090000000,1.0471975512,0.7471223199,1.5805961289,2.1394324260,2.0000000000,25.0000000000,25.0000000000,10.9930283787,1.0000000000,0.7470486437
0.5100000000,1.0471975512,0.7487029160,1.5805961289,2.1394324260,2.0000000000,25.0000000000,25.0000000000,10.9930283787,1.0000000000,0.7485826245
0.5110000000,1.0471975512,0.7502835121,1.5805961289,2.1394324260,2.0000000000,25.0000000000,25.0000000000,10.9930283787,1.0000000000,0.7501166053
0.5120000000,1.0471975512,0.7518641083,1.5805961289,2.1394324260,2.0000000000,25.0000000000,25.0000000000,10.9930283787,1.0000000000,0.7516505861
0.5130000000,1.0471975512,0.7534447044,1.5805961289,2.1394324260,2.0000000000,25.0000000000,25.0000000000,10.9930283787,1.0000000000,0.7531845669
0.5140000000,1.0471975512,0.7550253005,1.5805961289,2.1394324260,2.0000000000,25.0000000000,25.0000000000,10.9930283787,1.0000000000,0.7547185476
0.5150000000,1.0471975512,0.7566058967,1.5805961289,2.1394324260,2.0000000000,25.0000000000,25.0000000000,10.9930283787,1.0000000000,0.7562525284
0.5160000000,1.0471975512,0.7581864928,1.5805961289,2.1394324260,2.0000000000,25.0000000000,25.0000000000,10.9930283787,1.0000000000,0.7577865092
0.5170000000,1.0471975512,0.7597670889,1.5805961289,2.1394324260,2.0000000000,25.0000000000,25.0000000000,10.9930283787,1.0000000000,0.7593204900
0.5180000000,1.0471975512,0.7613476850,1.5805961289,2.1394324260,2.0000000000,25.0000000000,25.0000000000,10.9930283787,1.0000000000,0.7608544708
0.5190000000,1.0471975512,0.7629282812,1.5805961289,2.1394324260,2.0000000000,25.0000000000,25.0000000000,10.9930283787,1.0000000000,0.7623884516
0.5200000000,1.0471975512,0.7645088773,1.5805961289,2.1394324260,2.0000000000,25.0000000000,25.0000000000,10.9930283787,1.0000000000,0.7639224324
0.5210000000,1.0471975512,0.7660894734,1.5805961289,2.1394324260,2.0000000000,25.0000000000,25.0000000000,10.9930283787,1.0000000000,0.7654564132
0.5220000000,1.0471975512,0.7676700696,1.5805961289,2.1394324260,2.0000000000,25.0000000000,25.0000000000,10.9930283787,1.0000000000,0.7669903939
0.5230000000,1.0471975512,0.7692506657,1.5805961289,2.1394324260,2.0000000000,25.0000000000,25.0000000000,10.9930283787,1.0000000000,0.7685243747
0.5240000000,1.0471975512,0.7708312618,1.5805961289,2.1394324260,2.0000000000,25.0000000000,25.0000000000,10.9930283787,1.0000000000,0.7715923363
0.5250000000,1.0471975512,0.7724118579,1.5805961289,2.1394324260,2.0000000000,25.0000000000,25.0000000000,10.9930283787,1.0000000000,0.7731263171
0.5260000000,1.0471975512,0.7739924541,1.5805961289,2.1394324260,2.0000000000,25.0000000000,25.0000000000,10.9930283787,1.0000000000,0.7746602979
0.5270000000,1.0471975512,0.7755730502,1.5805961289,2.1394324260,2.0000000000,25.0000000000,25.0000000000,10.9930283787,1.0000000000,0.7761942787
0.5280000000,1.0471975512,0.7771536463,1.5805961289,2.1394324260,2.0000000000,25.0000000000,25.0000000000,10.9930283787,1.0000000000,0.7777282595
0.5290000000,1.0471975512,0.7787342425,1.5805961289,2.1394324260,2.0000000000,25.0000000000,25.0000000000,10.9930283787,1.0000000000,0.7792622402
0.5300000000,1.0471975512,0.7803148386,1.5805961289,2.1394324260,2.0000000000,25.0000000000,25.0000000000,10.9930283787,1.0000000000,0.7807962210
0.5310000000,1.0471975512,0.7818954347,1.5805961289,2.1394324260,2.0000000000,25.0000000000,25.0000000000,10.9930283787,1.0000000000,0.7823302018
0.5320000000,1.0471975512,0.7834760308,1.5805961289,2.1394324260,2.0000000000,25.0000000000,25.0000000000,10.9930283787,1.0000000000,0.7838641826
0.5330000000,1.0471975512,0.7850566270,1.5805961289,2.1394324260,2.0000000000,25.0000000000,25.0000000000,10.9930283787,1.0000000000,0.7853981634
0.5340000000,1.0471975512,0.7866372231,1.5805961289,2.1394324260,2.0000000000,25.0000000000,25.0000000000,10.9930283787,1.0000000000,0.7869321442
0.5350000000,1.0471975512,0.7882178192,1.5805961289,2.1394324260,2.0000000000,25.0000000000,25.0000000000,10.9930283787,1.0000000000,0.7884661250
0.5360000000,1.0471975512,0.7897984154,1.5805961289,2.1394324260,2.0000000000,25.0000000000,25.0000000000,10.9930283787,1.0000000000,0.7900001058
0.5370000000,1.0471975512,0.7913790115,1.5805961289,2.1394324260,2.0000000000,25.0000000000,25.0000000000,10.9930283787,1.0000000000,0.7915340865
0.5380000000,1.0471975512,0.7929596076,1.5805961289,2.1394324260,2.0000000000,25.0000000000,25.0000000000,10.9930283787,1.0000000000,0.7930680673
0.5390000000,1.0471975512,0.7945402037,1.5805961289,2.1394324260,2.0000000000,25.0000000000,25.0000000000,10.9930283787,1.0000000000,0.7946020481
0.5400000000,1.0471975512,0.7961207999,1.5805961289,2.1394324260,2.0000000000,25.0000000000,25.0000000000,10.9930283787,1.0000000000,0.7961360289
0.5410000000,1.0471975512,0.7977013960,1.5805961289,2.1394324260,2.0000000000,25.0000000000,25.0000000000,10.9930283787,1.0000000000,0.7976700097
0.5420000000,1.0471975512,0.7992819921,1.5805961289,2.1394324260,2.0000000000,25.0000000000,25.0000000000,10.9930283787,1.0000000000,0.7992039905
0.5430000000,1.0471975512,0.8008625883,1.5805961289,2.1394324260,2.0000000000,25.0000000000,25.0000000000,10.9930283787,1.0000000000,0.8007379713
0.5440000000,1.0471975512,0.8024431844,1.5805961289,2.1394324260,2.0000000000,25.0000000000,25.0000000000,10.9930283787,1.0000000000,0.8022719521
0.5450000000,1.0471975512,0.8040237805,1.5805961289,2.1394324260,2.0000000000,25.0000000000,25.0000000000,10.9930283787,1.0000000000,0.8038059329
0.5460000000,1.0471975512,0.8056043766,1.5805961289,2.1394324260,2.0000000000,25.0000000000,25.0000000000,10.9930283787,1.0000000000,0.8053399136
0.5470000000,1.0471975512,0.8071849728,1.5805961289,2.1394324260,2.0000000000,25.0000000000,25.0000000000,10.9930283787,1.0000000000,0.8068738944
0.5480000000,1.0471975512,0.8087655689,1.5805961289,2.1394324260,2.0000000000,25.0000000000,25.0000000000,10.9930283787,1.0000000000,0.8084078752
0.5490000000,1.0471975512,0.8103461650,1.5805961289,2.1394324260,2.0000000000,25.0000000000,25.0000000000,10.9930283787,1.0000000000,0.8099418560
0.5500000000,1.0471975512,0.8119267612,1.5805961289,2.1394324260,2.0000000000,25.0000000000,25.0000000000,10.9930283787,1.0000000000,0.8114758368
0.5510000000,1.0471975512,0.8135073573,1.5805961289,2.1394324260,2.0000000000,25.0000000000,25.0000000000,10.9930283787,1.0000000000,0.8130098176
0.5520000000,1.0471975512,0.8150879534,1.5805961289,2.1394324260,2.0000000000,25.0000000000,25.0000000000,10.9930283787,1.0000000000,0.8145437984
0.5530000000,1.0471975512,0.8166685495,1.5805961289,2.1394324260,2.0000000000,25.0000000000,25.0000000000,10.9930283787,1.0000000000,0.8160777792
0.5540000000,1.0471975512,0.8182491457,1.5805961289,2.1394324260,2.0000000000,25.0000000000,25.0000000000,10.9930283787,1.0000000000,0.8176117599
0.5550000000,1.0471975512,0.8198297418,1.5805961289,2.1394324260,2.0000000000,25.0000000000,25.0000000000,10.9930283787,1.0000000000,0.8191457407
0.5560000000,1.0471975512,0.8214103379,1.5805961289,2.1394324260,2.0000000000,25.0000000000,25.0000000000,10.9930283787,1.0000000000,0.8206797215
0.5570000000,1.0471975512,0.8229909341,1.5805961289,2.1394324260,2.0000000000,25.0000000000,25.0000000000,10.9930283787,1.0000000000,0.8237476831
0.5580000000,1.0471975512,0.8245715302,1.5805961289,2.1394324260,2.0000000000,25.0000000000,25.0000000000,10.9930283787,1.0000000000,0.8252816639
0.5590000000,1.0471975512,0.8261521263,1.5805961289,2.1394324260,2.0000000000,25.0000000000,25.0000000000,10.9930283787,1.0000000000,0.8268156447
0.5600000000,1.0471975512,0.8277327225,1.5805961289,2.1394324260,2.0000000000,25.0000000000,25.0000000000,10.9930283787,1.0000000000,0.8283496255
0.5610000000,1.0471975512,0.8293133186,1.5805961289,2.1394324260,2.0000000000,25.0000000000,25.0000000000,10.9930283787,1.0000000000,0.8298836062
0.5620000000,1.0471975512,0.8308939147,1.5805961289,2.1394324260,2.0000000000,25.0000000000,25.0000000000,10.9930283787,1.0000000000,0.8314175870
0.5630000000,1.0471975512,0.8324745108,1.5805961289,2.1394324260,2.0000000000,25.0000000000,25.0000000000,10.9930283787,1.0000000000,0.8329515678
0.5640000000,1.0471975512,0.8340551070,1.5805961289,2.1394324260,2.0000000000,25.0000000000,25.0000000000,10.9930283787,1.0000000000,0.8344855486
0.5650000000,1.0471975512,0.8356357031,1.5805961289,2.1394324260,2.0000000000,25.0000000000,25.0000000000,10.9930283787,1.0000000000,0.8360195294
0.5660000000,1.0471975512,0.8372162992,1.5805961289,2.1394324260,2.0000000000,25.0000000000,25.0000000000,10.9930283787,1.0000000000,0.8375535102
0.5670000000,1.0471975512,0.8387968954,1.5805961289,2.1394324260,2.0000000000,25.0000000000,25.0000000000,10.9930283787,1.0000000000,0.8390874910
0.5680000000,1.0471975512,0.8403774915,1.5805961289,2.1394324260,2.0000000000,25.0000000000,25.0000000000,10.9930283787,1.0000000000,0.8406214718
0.5690000000,1.0471975512,0.8419580876,1.5805961289,2.1394324260,2.0000000000,25.0000000000,25.0000000000,10.9930283787,1.0000000000,0.8421554525
0.5700000000,1.0471975512,0.8435386837,1.5805961289,2.1394324260,2.0000000000,25.0000000000,25.0000000000,10.9930283787,1.0000000000,0.8436894333
0.5710000000,1.0471975512,0.8451192799,1.5805961289,2.1394324260,2.0000000000,25.0000000000,25.0000000000,10.9930283787,1.0000000000,0.8452234141
0.5720000000,1.0471975512,0.8466998760,1.5805961289,2.1394324260,2.0000000000,25.0000000000,25.0000000000,10.9930283787,1.0000000000,0.8467573949
0.5730000000,1.0471975512,0.8482804721,1.5805961289,2.1394324260,2.0000000000,25.0000000000,25.0000000000,10.9930283787,1.0000000000,0.8482913757
0.5740000000,1.0471975512,0.8498610683,1.5805961289,2.1394324260,2.0000000000,25.0000000000,25.0000000000,10.9930283787,1.0000000000,0.8498253565
0.5750000000,1.0471975512,0.8514416644,1.5805961289,2.1394324260,2.0000000000,25.0000000000,25.0000000000,10.9930283787,1.0000000000,0.8513593373
0.5760000000,1.0471975512,0.8530222605,1.5805961289,2.1394324260,2.0000000000,25.0000000000,25.0000000000,10.9930283787,1.0000000000,0.8528933181
0.5770000000,1.0471975512,0.8546028566,1.5805961289,2.1394324260,2.0000000000,25.0000000000,25.0000000000,10.9930283787,1.0000000000,0.8544272989
0.5780000000,1.0471975512,0.8561834528,1.5805961289,2.1394324260,2.0000000000,25.0000000000,25.0000000000,10.9930283787,1.0000000000,0.8559612796
0.5790000000,1.0471975512,0.8577640489,1.5805961289,2.1394324260,2.0000000000,25.0000000000,25.0000000000,10.9930283787,1.0000000000,0.8574952604
0.5800000000,1.0471975512,0.8593446450,1.5805961289,2.1394324260,2.0000000000,25.0000000000,25.0000000000,10.9930283787,1.0000000000,0.8590292412
0.5810000000,1.0471975512,0.8609252412,1.5805961289,2.1394324260,2.0000000000,25.0000000000,25.0000000000,10.9930283787,1.0000000000,0.8605632220
0.5820000000,1.0471975512,0.8625058373,1.5805961289,2.1394324260,2.0000000000,25.0000000000,25.0000000000,10.9930283787,1.0000000000,0.8620972028
0.5830000000,1.0471975512,0.8640864334,1.5805961289,2.1394324260,2.0000000000,25.0000000000,25.0000000000,10.9930283787,1.0000000000,0.8636311836
0.5840000000,1.0471975512,0.8656670295,1.5805961289,2.1394324260,2.0000000000,25.0000000000,25.0000000000,10.9930283787,1.0000000000,0.8651651644
0.5850000000,1.0471975512,0.8672476257,1.5805961289,2.1394324260,2.0000000000,25.0000000000,25.0000000000,10.9930283787,1.0000000000,0.8666991452
0.5860000000,1.0471975512,0.8688282218,1.5805961289,2.1394324260,2.0000000000,25.0000000000,25.0000000000,10.9930283787,1.0000000000,0.8682331259
0.5870000000,1.0471975512,0.8704088179,1.5805961289,2.1394324260,2.0000000000,25.0000000000,25.0000000000,10.9930283787,1.0000000000,0.8697671067
0.5880000000,1.0471975512,0.8719894141,1.5805961289,2.1394324260,2.0000000000,25.0000000000,25.0000000000,10.9930283787,1.0000000000,0.8713010875
0.5890000000,1.0471975512,0.8735700102,1.5805961289,2.1394324260,2.0000000000,25.0000000000,25.0000000000,10.9930283787,1.0000000000,0.8728350683
0.5900000000,1.0471975512,0.8751506063,1.5805961289,2.1394324260,2.0000000000,25.0000000000,25.0000000000,10.9930283787,1.0000000000,0.8759030299
0.5910000000,1.0471975512,0.8767312024,1.5805961289,2.1394324260,2.0000000000,25.0000000000,25.0000000000,10.9930283787,1.0000000000,0.8774370107
0.5920000000,1.0471975512,0.8783117986,1.5805961289,2.1394324260,2.0000000000,25.0000000000,25.0000000000,10.9930283787,1.0000000000,0.8789709915
0.5930000000,1.0471975512,0.8798923947,1.5805961289,2.1394324260,2.0000000000,25.0000000000,25.0000000000,10.9930283787,1.0000000000,0.8805049722
0.5940000000,1.0471975512,0.8814729908,1.5805961289,2.1394324260,2.0000000000,25.0000000000,25.0000000000,10.9930283787,1.0000000000,0.8820389530
0.5950000000,1.0471975512,0.8830535870,1.5805961289,2.1394324260,2.0000000000,25.0000000000,25.0000000000,10.9930283787,1.0000000000,0.8835729338
0.5960000000,1.0471975512,0.8846341831,1.5805961289,2.1394324260,2.0000000000,25.0000000000,25.0000000000,10.9930283787,1.0000000000,0.8851069146
0.5970000000,1.0471975512,0.8862147792,1.5805961289,2.1394324260,2.0000000000,25.0000000000,25.0000000000,10.9930283787,1.0000000000,0.8866408954
0.5980000000,1.0471975512,0.8877953754,1.5805961289,2.1394324260,2.0000000000,25.0000000000,25.0000000000,10.9930283787,1.0000000000,0.8881748762
0.5990000000,1.0471975512,0.8893759715,1.5805961289,2.1394324260,2.0000000000,25.0000000000,25.0000000000,10.9930283787,1.0000000000,0.8897088570
0.6000000000,1.0471975512,0.8909565676,1.5805961289,2.1394324260,2.0000000000,25.0000000000,25.0000000000,10.9930283787,1.0000000000,0.8912428378
0.6010000000,1.0471975512,0.8925371637,1.5805961289,2.1394324260,2.0000000000,25.0000000000,25.0000000000,10.9930283787,1.0000000000,0.8927768185
0.6020000000,1.0471975512,0.8941177599,1.5805961289,2.1394324260,2.0000000000,25.0000000000,25.0000000000,10.9930283787,1.0000000000,0.8943107993
0.6030000000,1.0471975512,0.8956983560,1.5805961289,2.1394324260,2.0000000000,25.0000000000,25.0000000000,10.9930283787,1.0000000000,0.8958447801
0.6040000000,1.0471975512,0.8972789521,1.5805961289,2.1394324260,2.0000000000,25.0000000000,25.0000000000,10.9930283787,1.0000000000,0.8973787609
0.6050000000,1.0471975512,0.8988595483,1.5805961289,2.1394324260,2.0000000000,25.0000000000,25.0000000000,10.9930283787,1.0000000000,0.8989127417
0.6060000000,1.0471975512,0.9004401444,1.5805961289,2.1394324260,2.0000000000,25.0000000000,25.0000000000,10.9930283787,1.0000000000,0.9004467225
0.6070000000,1.0471975512,0.9020207405,1.5805961289,2.1394324260,2.0000000000,25.0000000000,25.0000000000,10.9930283787,1.0000000000,0.9019807033
0.6080000000,1.0471975512,0.9036013366,1.5805961289,2.1394324260,2.0000000000,25.0000000000,25.0000000000,10.9930283787,1.0000000000,0.9035146841
0.6090000000,1.0471975512,0.9051819328,1.5805961289,2.1394324260,2.0000000000,25.0000000000,25.0000000000,10.9930283787,1.0000000000,0.9050486649
0.6100000000,1.0471975512,0.9067625289,1.5805961289,2.1394324260,2.0000000000,25.0000000000,25.0000000000,10.9930283787,1.0000000000,0.9065826456
0.6110000000,1.0471975512,0.9083431250,1.5805961289,2.1394324260,2.0000000000,25.0000000000,25.0000000000,10.9930283787,1.0000000000,0.9081166264
0.6120000000,1.0471975512,0.9099237212,1.5805961289,2.1394324260,2.0000000000,25.0000000000,25.0000000000,10.9930283787,1.0000000000,0.9096506072
0.6130000000,1.0471975512,0.9115043173,1.5805961289,2.1394324260,2.0000000000,25.0000000000,25.0000000000,10.9930283787,1.0000000000,0.9111845880
0.6140000000,1.0471975512,0.9130849134,1.5805961289,2.1394324260,2.0000000000,25.0000000000,25.0000000000,10.9930283787,1.0000000000,0.9127185688
0.6150000000,1.0471975512,0.9146655095,1.5805961289,2.1394324260,2.0000000000,25.0000000000,25.0000000000,10.9930283787,1.0000000000,0.9142525496
0.6160000000,1.0471975512,0.9162461057,1.5805961289,2.1394324260,2.0000000000,25.0000000000,25.0000000000,10.9930283787,1.0000000000,0.9157865304
0.6170000000,1.0471975512,0.9178267018,1.5805961289,2.1394324260,2.0000000000,25.0000000000,25.0000000000,10.9930283787,1.0000000000,0.9173205112
0.6180000000,1.0471975512,0.9194072979,1.5805961289,2.1394324260,2.0000000000,25.0000000000,25.0000000000,10.9930283787,1.0000000000,0.9188544919
0.6190000000,1.0471975512,0.9209878941,1.5805961289,2.1394324260,2.0000000000,25.0000000000,25.0000000000,10.9930283787,1.0000000000,0.9203884727
0.6200000000,1.0471975512,0.9225684902,1.5805961289,2.1394324260,2.0000000000,25.0000000000,25.0000000000,10.9930283787,1.0000000000,0.9219224535
0.6210000000,1.0471975512,0.9241490863,1.5805961289,2.1394324260,2.0000000000,25.0000000000,25.0000000000,10.9930283787,1.0000000000,0.9234564343
0.6220000000,1.0471975512,0.9257296824,1.5805961289,2.1394324260,2.0000000000,25.0000000000,25.0000000000,10.9930283787,1.0000000000,0.9249904151
0.6230000000,1.0471975512,0.9273102786,1.5805961289,2.1394324260,2.0000000000,25.0000000000,25.0000000000,10.9930283787,1.0000000000,0.9280583767
0.6240000000,1.0471975512,0.9288908747,1.5805961289,2.1394324260,2.0000000000,25.0000000000,25.0000000000,10.9930283787,1.0000000000,0.9295923575
0.6250000000,1.0471975512,0.9304714708,1.5805961289,2.1394324260,2.0000000000,25.0000000000,25.0000000000,10.9930283787,0.9854103008,0.9311263382
0.6260000000,1.0471975512,0.9320512963,1.5789472269,2.1103435359,1.9970596298,25.0000000000,25.0000000000,10.8325371621,0.9678321758,0.9326603190
0.6270000000,1.0471975512,0.9336263728,1.5718401584,2.0818591456,1.9901271443,25.0000000000,25.0000000000,10.6388441941,0.9504430010,0.9341942998
0.6280000000,1.0471975512,0.9351889845,1.5558007415,2.0618641265,1.9801549188,25.0000000000,25.0000000000,10.4468241053,0.9337737612,0.9357282806
0.6290000000,1.0471975512,0.9367287261,1.5286422364,2.0478812750,1.9685018085,25.0000000000,25.0000000000,10.2624946860,0.9184880606,0.9372622614
0.6300000000,1.0471975512,0.9382338407,1.4895031541,2.0380540026,1.9564568450,25.0000000000,25.0000000000,10.0933147727,0.9051682832,0.9387962422
0.6310000000,1.0471975512,0.9396924738,1.4387262410,2.0316860263,1.9451709099,25.0000000000,25.0000000000,9.9457836427,0.8942043405,0.9403302230
0.6320000000,1.0471975512,0.9410937781,1.3776946388,2.0285554543,1.9356147199,25.0000000000,25.0000000000,9.8242404070,0.8857519123,0.9403302230
0.6330000000,1.0471975512,0.9424288261,1.3086205909,2.0284822244,1.9285290256,25.0000000000,25.0000000000,9.7304221153,0.8973084671,0.9418642038
0.6340000000,1.0471975512,0.9436922101,1.2362751086,2.0662037347,1.9279258236,25.0000000000,25.0000000000,9.8568137984,0.8934239224,0.9433981845
0.6350000000,1.0471975512,0.9448842542,1.1659246032,2.0632419570,1.9309811304,25.0000000000,25.0000000000,9.8138434406,0.8909827691,0.9449321653
0.6360000000,1.0471975512,0.9460084485,1.0997809942,2.0612303328,1.9357842996,25.0000000000,25.0000000000,9.7868472204,0.8890347041,0.9464661461
0.6370000000,1.0471975512,0.9470699171,1.0392571365,2.0632881041,1.9418445091,25.0000000000,25.0000000000,9.7651208099,0.8868511083,0.9464661461
0.6380000000,1.0471975512,0.9480749231,0.9853222066,2.0671435907,1.9486915951,25.0000000000,25.0000000000,9.7406901228,0.9014838962,0.9480001269
0.6390000000,1.0471975512,0.9490312975,0.9403907205,2.1060554195,1.9592888273,25.0000000000,25.0000000000,9.9011684764,0.8974026528,0.9495341077
0.6400000000,1.0471975512,0.9499496692,0.9064835159,2.1010612283,1.9700280999,25.0000000000,25.0000000000,9.8561163845,0.8917217376,0.9495341077
0.6410000000,1.0471975512,0.9508402025,0.8819948312,2.0939634864,1.9785575297,25.0000000000,25.0000000000,9.7934131134,0.9015558220,0.9510680885
0.6420000000,1.0471975512,0.9517116479,0.8662987559,2.1234916532,1.9878597603,25.0000000000,25.0000000000,9.9010950415,0.8917009357,0.9510680885
0.6430000000,1.0471975512,0.9525726868,0.8586933488,2.1101689667,1.9947528597,25.0000000000,25.0000000000,9.7923719383,0.8973611928,0.9526020693
0.6440000000,1.0471975512,0.9534300590,0.8573615496,2.1304199808,2.0010006349,25.0000000000,25.0000000000,9.8541882415,0.8834847119,0.9541360501
0.6450000000,1.0471975512,0.9542891006,0.8603254449,2.1100430239,2.0037125537,25.0000000000,25.0000000000,9.7011781504,0.8679100218,0.9541360501
0.6460000000,1.0471975512,0.9551512860,0.8629803749,2.0901692804,2.0016329686,25.0000000000,25.0000000000,9.5292927781,0.8685721019,0.9556700309
0.6470000000,1.0471975512,0.9560143961,0.8628609456,2.1091617866,1.9989277165,25.0000000000,25.0000000000,9.5356922419,0.8510207844,0.9556700309
0.6480000000,1.0471975512,0.9568750459,0.8586135236,2.0877137120,1.9935979761,25.0000000000,25.0000000000,9.3419450211,0.8510478737,0.9572040116
0.6490000000,1.0471975512,0.9577279766,0.8489087845,2.1025584069,1.9885130791,25.0000000000,25.0000000000,9.3415034778,0.8339700121,0.9572040116
0.6500000000,1.0471975512,0.9585676577,0.8332679310,2.0796912943,1.9817304844,25.0000000000,25.0000000000,9.1530825694,0.8353322250,0.9587379924
0.6510000000,1.0471975512,0.9593876497,0.8113815026,2.0952747476,1.9762587460,25.0000000000,25.0000000000,9.1674239597,0.8202275162,0.9587379924
0.6520000000,1.0471975512,0.9601823108,0.7838534406,2.0743749805,1.9701674667,25.0000000000,25.0000000000,9.0008066806,0.8239722242,0.9602719732
0.6530000000,1.0471975512,0.9609461402,0.7513896396,2.0925306209,1.9663539082,25.0000000000,25.0000000000,9.0414651581,0.8114209368,0.9602719732
0.6540000000,1.0471975512,0.9616753504,0.7154385560,2.0743883933,1.9626852540,25.0000000000,25.0000000000,8.9030529790,0.8176544332,0.9618059540
0.6550000000,1.0471975512,0.9623669924,0.6773089010,2.0951711551,1.9617971645,25.0000000000,25.0000000000,8.9712056504,0.8073127471,0.9618059540
0.6560000000,1.0471975512,0.9630202593,0.6387701608,2.0792771199,1.9612662108,25.0000000000,25.0000000000,8.8572076365,0.8153003031,0.9633399348
0.6570000000,1.0471975512,0.9636353206,0.6011594264,2.1017435698,1.9634370761,25.0000000000,25.0000000000,8.9447461862,0.8061321705,0.9633399348
0.6580000000,1.0471975512,0.9642143413,0.5659981722,2.0868505941,1.9656210674,25.0000000000,25.0000000000,8.8437245625,0.8146470393,0.9648739156
0.6590000000,1.0471975512,0.9647600632,0.5341388900,2.1095879871,1.9699452008,25.0000000000,25.0000000000,8.9371027373,0.8053555317,0.9648739156
0.6600000000,1.0471975512,0.9652766222,0.5064400574,2.0942573908,1.9735669025,25.0000000000,25.0000000000,8.8347335325,0.8131496452,0.9648739156
0.6610000000,1.0471975512,0.9657679945,0.4829829756,2.1159322079,1.9785325710,25.0000000000,25.0000000000,8.9201644514,0.8202207544,0.9664078964
0.6620000000,1.0471975512,0.9662396818,0.4658086056,2.1340951940,1.9855373037,25.0000000000,25.0000000000,8.9977456138,0.8088661675,0.9664078964
0.6630000000,1.0471975512,0.9666980582,0.4544436583,2.1109399738,1.9901499194,25.0000000000,25.0000000000,8.8728674609,0.8139459744,0.9664078964
0.6640000000,1.0471975512,0.9671476515,0.4472209584,2.1263900974,1.9943936142,25.0000000000,25.0000000000,8.9284808114,0.8177882049,0.9664078964
0.6650000000,1.0471975512,0.9675928714,0.4446290056,2.1394500893,1.9992311080,25.0000000000,25.0000000000,8.9704765703,0.8205369806,0.9679418772
0.6660000000,1.0471975512,0.9680385704,0.4469468934,2.1468498914,2.0041141977,25.0000000000,25.0000000000,9.0006179903,0.8046302594,0.9679418772
0.6670000000,1.0471975512,0.9684885643,0.4518509063,2.1153870496,2.0049058836,25.0000000000,25.0000000000,8.8256265266,0.8052003509,0.9679418772
0.6680000000,1.0471975512,0.9689432644,0.4563146224,2.1244559995,2.0041780567,25.0000000000,25.0000000000,8.8315010947,0.8049234381,0.9694758579
0.6690000000,1.0471975512,0.9694019595,0.4600362835,2.1325387734,2.0034652716,25.0000000000,25.0000000000,8.8280232246,0.7866953526,0.9694758579
0.6700000000,1.0471975512,0.9698630148,0.4610789850,2.1012009512,1.9992284646,25.0000000000,25.0000000000,8.6272583661,0.7859439014,0.9694758579
0.6710000000,1.0471975512,0.9703220430,0.4572035403,2.1103367213,1.9943776820,25.0000000000,25.0000000000,8.6184604690,0.7854486910,0.9710098387
0.6720000000,1.0471975512,0.9707745067,0.4491816042,2.1191273483,1.9907066070,25.0000000000,25.0000000000,8.6125241021,0.7680670540,0.9710098387
0.6730000000,1.0471975512,0.9712161518,0.4363523549,2.0893918914,1.9848424909,25.0000000000,25.0000000000,8.4210747048,0.7690845442,0.9710098387
0.6740000000,1.0471975512,0.9716413168,0.4178472081,2.1009704112,1.9797459071,25.0000000000,25.0000000000,8.4317899199,0.7710634130,0.9710098387
0.6750000000,1.0471975512,0.9720455533,0.3957827761,2.1128292851,1.9771402696,25.0000000000,25.0000000000,8.4531624196,0.7741733810,0.9725438195
0.6760000000,1.0471975512,0.9724268911,0.3726893567,2.1215450137,1.9770153171,25.0000000000,25.0000000000,8.4872472780,0.7606786376,0.9725438195
0.6770000000,1.0471975512,0.9727848320,0.3488750130,2.0935960635,1.9755198280,25.0000000000,25.0000000000,8.3388530746,0.7653666394,0.9725438195
0.6780000000,1.0471975512,0.9731182016,0.3240672193,2.1079035496,1.9752516462,25.0000000000,25.0000000000,8.3901745200,0.7704395631,0.9725438195
0.6790000000,1.0471975512,0.9734273950,0.3005883991,2.1223633363,1.9775264313,25.0000000000,25.0000000000,8.4457609831,0.7758187886,0.9740778003
0.6800000000,1.0471975512,0.9737152311,0.2807589689,2.1329440486,1.9819194260,25.0000000000,25.0000000000,8.5049413514,0.7636207510,0.9740778003
0.6810000000,1.0471975512,0.9739855440,0.2642882896,2.1058477452,1.9842106590,25.0000000000,25.0000000000,8.3708979493,0.7685830801,0.9740778003
0.6820000000,1.0471975512,0.9742406876,0.2499870614,2.1199229554,1.9867130102,25.0000000000,25.0000000000,8.4252760409,0.7729516454,0.9740778003
0.6830000000,1.0471975512,0.9744835227,0.2390420665,2.1331302686,1.9905639835,25.0000000000,25.0000000000,8.4731067505,0.7767747281,0.9740778003
0.6840000000,1.0471975512,0.9747181239,0.2325330626,2.1416030353,1.9952773697,25.0000000000,25.0000000000,8.5151193301,0.7799404735,0.9740778003
0.6850000000,1.0471975512,0.9749492670,0.2309266662,2.1468260547,2.0002292786,25.0000000000,25.0000000000,8.5499979529,0.7822692231,0.9756117811
0.6860000000,1.0471975512,0.9751818304,0.2341192893,2.1499242468,2.0048876924,25.0000000000,25.0000000000,8.5756921637,0.7660395523,0.9756117811
0.6870000000,1.0471975512,0.9754193619,0.2395568723,2.1163553128,2.0052861138,25.0000000000,25.0000000000,8.3972212653,0.7663479318,0.9756117811
0.6880000000,1.0471975512,0.9756618661,0.2441217937,2.1243619453,2.0041128401,25.0000000000,25.0000000000,8.4002439458,0.7658790204,0.9756117811
0.6890000000,1.0471975512,0.9759081911,0.2475072117,2.1318843161,2.0029734901,25.0000000000,25.0000000000,8.3946629110,0.7651214633,0.9756117811
0.6900000000,1.0471975512,0.9761572206,0.2498122754,2.1353169676,2.0019181028,25.0000000000,25.0000000000,8.3860823941,0.7643547444,0.9756117811
0.6910000000,1.0471975512,0.9764079051,0.2510795621,2.1364617789,2.0008867108,25.0000000000,25.0000000000,8.3775145738,0.7637072441,0.9771457619
0.6920000000,1.0471975512,0.9766592220,0.2513360478,2.1367044978,1.9998914997,25.0000000000,25.0000000000,8.3703151845,0.7456601486,0.9771457619
0.6930000000,1.0471975512,0.9769092706,0.2486642032,2.1016578410,1.9954450001,25.0000000000,25.0000000000,8.1717447573,0.7453962722,0.9771457619
0.6940000000,1.0471975512,0.9771535120,0.2409993828,2.1095959543,1.9906116614,25.0000000000,25.0000000000,8.1684188241,0.7455705049,0.9771457619
0.6950000000,1.0471975512,0.9773874993,0.2293838515,2.1183679282,1.9872439310,25.0000000000,25.0000000000,8.1699142080,0.7465359450,0.9771457619
0.6960000000,1.0471975512,0.9776082797,0.2154233648,2.1241689137,1.9854959485,25.0000000000,25.0000000000,8.1803405433,0.7483497068,0.9771457619
0.6970000000,1.0471975512,0.9778144936,0.2006810713,2.1285168078,1.9852692164,25.0000000000,25.0000000000,8.2002559052,0.7508563417,0.9771457619
0.6980000000,1.0471975512,0.9780062633,0.1865830844,2.1324587405,1.9864074779,25.0000000000,25.0000000000,8.2278824556,0.7537990015,0.9786797427
0.6990000000,1.0471975512,0.9781850200,0.1743603852,2.1362945469,1.9886909033,25.0000000000,25.0000000000,8.2603541895,0.7393077167,0.9786797427
0.7000000000,1.0471975512,0.9783523388,0.1629948805,2.1049012169,1.9882898442,25.0000000000,25.0000000000,8.1010705948,0.7422517550,0.9786797427
0.7010000000,1.0471975512,0.9785078211,0.1509390955,2.1160750901,1.9878682148,25.0000000000,25.0000000000,8.1331907259,0.7450261650,0.9786797427
0.7020000000,1.0471975512,0.9786514212,0.1393420285,2.1273476087,1.9888667749,25.0000000000,25.0000000000,8.1634230513,0.7477948612,0.9786797427
0.7030000000,1.0471975512,0.9787844448,0.1295203971,2.1347169421,1.9910571515,25.0000000000,25.0000000000,8.1937871126,0.7505081353,0.9786797427
0.7040000000,1.0471975512,0.9789092805,0.1224030891,2.1396119392,1.9940206526,25.0000000000,25.0000000000,8.2236597052,0.7529902484,0.9786797427
0.7050000000,1.0471975512,0.9790289907,0.1185150841,2.1430918737,1.9973676778,25.0000000000,25.0000000000,8.2510371639,0.7550468884,0.9786797427
0.7060000000,1.0471975512,0.9791469317,0.1180163001,2.1455597575,2.0007469350,25.0000000000,25.0000000000,8.2737424734,0.7565207409,0.9786797427
0.7070000000,1.0471975512,0.9792664123,0.1207399992,2.1471178326,2.0038468684,25.0000000000,25.0000000000,8.2900243329,0.7573148236,0.9786797427
0.7080000000,1.0471975512,0.9793903956,0.1262396389,2.1477927157,2.0064078467,25.0000000000,25.0000000000,8.2988049067,0.7573997521,0.9786797427
0.7090000000,1.0471975512,0.9795212564,0.1338501965,2.1476294223,2.0082370544,25.0000000000,25.0000000000,8.2997557769,0.7568120040,0.9802137235
0.7100000000,1.0471975512,0.9796606079,0.1427623690,2.1467206120,2.0092196798,25.0000000000,25.0000000000,8.2932772138,0.7380678993,0.9802137235
0.7110000000,1.0471975512,0.9798082799,0.1501173180,2.1101607699,2.0057809433,25.0000000000,25.0000000000,8.0870456439,0.7364636497,0.9802137235
0.7120000000,1.0471975512,0.9799604897,0.1528658986,2.1161293193,2.0009706984,25.0000000000,25.0000000000,8.0689400459,0.7348187099,0.9802137235
0.7130000000,1.0471975512,0.9801125793,0.1511041315,2.1225645442,1.9967111630,25.0000000000,25.0000000000,8.0503594521,0.7336812758,0.9802137235
0.7140000000,1.0471975512,0.9802605069,0.1456096638,2.1258294278,1.9933009731,25.0000000000,25.0000000000,8.0375706898,0.7333144424,0.9802137235
0.7150000000,1.0471975512,0.9804011036,0.1372958233,2.1276596273,1.9908372746,25.0000000000,25.0000000000,8.0334073291,0.7337606453,0.9802137235
0.7160000000,1.0471975512,0.9805321651,0.1271554287,2.1293360407,1.9893911781,25.0000000000,25.0000000000,8.0382763608,0.7349364427,0.9802137235
0.7170000000,1.0471975512,0.9806525113,0.1162251584,2.1313550342,1.9889872783,25.0000000000,25.0000000000,8.0512267624,0.7366863450,0.9802137235
0.7180000000,1.0471975512,0.9807619935,0.1055241446,2.1337668621,1.9895815421,25.0000000000,25.0000000000,8.0705300868,0.7388138129,0.9802137235
0.7190000000,1.0471975512,0.9808614308,0.0959806049,2.1364221798,1.9910553340,25.0000000000,25.0000000000,8.0940122144,0.7411037927,0.9802137235
0.7200000000,1.0471975512,0.9809524749,0.0883610707,2.1391043003,1.9932228109,25.0000000000,25.0000000000,8.1192968841,0.7433423917,0.9802137235
0.7210000000,1.0471975512,0.9810374111,0.0832136741,2.1415934374,1.9958485386,25.0000000000,25.0000000000,8.1440208760,0.7453348255,0.9817477042
0.7220000000,1.0471975512,0.9811189163,0.0808331113,2.1436969555,1.9986710478,25.0000000000,25.0000000000,8.1660317153,0.7293427656,0.9817477042
0.7230000000,1.0471975512,0.9811988689,0.0792652235,2.1102101748,1.9978888061,25.0000000000,25.0000000000,7.9901941895,0.7304085906,0.9817477042
0.7240000000,1.0471975512,0.9812762834,0.0761106201,2.1189776972,1.9962848183,25.0000000000,25.0000000000,8.0015864703,0.7311211697,0.9817477042
0.7250000000,1.0471975512,0.9813497741,0.0718320362,2.1276249124,1.9954841601,25.0000000000,25.0000000000,8.0090637384,0.7318389503,0.9817477042
0.7260000000,1.0471975512,0.9814187352,0.0672419467,2.1324314953,1.9954347029,25.0000000000,25.0000000000,8.0167907730,0.7326881301,0.9817477042
0.7270000000,1.0471975512,0.9814832508,0.0629450605,2.1351674338,1.9959069578,25.0000000000,25.0000000000,8.0260798725,0.7336387056,0.9817477042
0.7280000000,1.0471975512,0.9815438840,0.0593535422,2.1370793913,1.9967346329,25.0000000000,25.0000000000,8.0365356621,0.7346063802,0.9817477042
0.7290000000,1.0471975512,0.9816015218,0.0567429107,2.1386222151,1.9977936876,25.0000000000,25.0000000000,8.0471997091,0.7355017751,0.9817477042
0.7300000000,1.0471975512,0.9816572537,0.0552731594,2.1398884494,1.9989712696,25.0000000000,25.0000000000,8.0570752817,0.7362486290,0.9817477042
0.7310000000,1.0471975512,0.9817122599,0.0549934311,2.1408628714,2.0001575242,25.0000000000,25.0000000000,8.0653166380,0.7367904770,0.9817477042
0.7320000000,1.0471975512,0.9817677029,0.0558470435,2.1415185804,2.0012496479,25.0000000000,25.0000000000,8.0712983654,0.7370934555,0.9817477042
0.7330000000,1.0471975512,0.9818246286,0.0576831700,2.1418450145,2.0021593822,25.0000000000,25.0000000000,8.0746451052,0.7371471280,0.9817477042
0.7340000000,1.0471975512,0.9818838831,0.0602758383,2.1418534553,2.0028199431,25.0000000000,25.0000000000,8.0752404477,0.7369635596,0.9817477042
0.7350000000,1.0471975512,0.9819460532,0.0633485779,2.1415758595,2.0031908076,25.0000000000,25.0000000000,8.0732167187,0.7365746775,0.9817477042
0.7360000000,1.0471975512,0.9820114326,0.0666021832,2.1410613850,2.0032598148,25.0000000000,25.0000000000,8.0689258512,0.7360281265,0.9817477042
0.7370000000,1.0471975512,0.9820800170,0.0697428385,2.1403717309,2.0030425049,25.0000000000,25.0000000000,8.0628936171,0.7353820152,0.9817477042
0.7380000000,1.0471975512,0.9821515262,0.0725079475,2.1395758832,2.0025788917,25.0000000000,25.0000000000,8.0557615747,0.7346990670,0.9817477042
0.7390000000,1.0471975512,0.9822254483,0.0746873387,2.1387449187,2.0019280615,25.0000000000,25.0000000000,8.0482223979,0.7340407348,0.9817477042
0.7400000000,1.0471975512,0.9823011029,0.0761380357,2.1379474437,2.0011612019,25.0000000000,25.0000000000,8.0409547837,0.7334618288,0.9817477042
0.7410000000,1.0471975512,0.9823777123,0.0767915226,2.1372458285,2.0003538831,25.0000000000,25.0000000000,8.0345640082,0.7330061382,0.9817477042
0.7420000000,1.0471975512,0.9824544773,0.0766533777,2.1366928441,1.9995785907,25.0000000000,25.0000000000,8.0295334917,0.7327034088,0.9817477042
0.7430000000,1.0471975512,0.9825306469,0.0757961413,2.1363281227,1.9988984686,25.0000000000,25.0000000000,8.0261914315,0.7325678743,0.9832816850
0.7440000000,1.0471975512,0.9826055776,0.0743470516,2.1361744312,1.9983628906,25.0000000000,25.0000000000,8.0246946836,0.7150202142,0.9832816850
0.7450000000,1.0471975512,0.9826779221,0.0706691132,2.1001475644,1.9948978878,25.0000000000,25.0000000000,7.8317169991,0.7152015000,0.9832816850
0.7460000000,1.0471975512,0.9827445168,0.0638791889,2.1028372469,1.9924563170,25.0000000000,25.0000000000,7.8335947880,0.7157136037,0.9832816850
0.7470000000,1.0471975512,0.9828033229,0.0556535695,2.1055757832,1.9914704059,25.0000000000,25.0000000000,7.8391422115,0.7167477235,0.9832816850
0.7480000000,1.0471975512,0.9828535326,0.0469182147,2.1081441273,1.9912029005,25.0000000000,25.0000000000,7.8504925243,0.7182073699,0.9832816850
0.7490000000,1.0471975512,0.9828950204,0.0382730107,2.1114669454,1.9914950920,25.0000000000,25.0000000000,7.8665284591,0.7199381911,0.9832816850
0.7500000000,1.0471975512,0.9829282040,0.0302335058,2.1154197412,1.9922778512,25.0000000000,25.0000000000,7.8855429342,0.7217942691,0.9832816850
0.7510000000,1.0471975512,0.9829539704,0.0232394238,2.1196538540,1.9934687191,25.0000000000,25.0000000000,7.9059336941,0.7236435675,0.9832816850
0.7520000000,1.0471975512,0.9829735893,0.0176364906,2.1238336977,1.9949671988,25.0000000000,25.0000000000,7.9262519142,0.7253696794,0.9832816850
0.7530000000,1.0471975512,0.9829886083,0.0136612461,2.1276802949,1.9966594168,25.0000000000,25.0000000000,7.9452194270,0.7268747843,0.9832816850
0.7540000000,1.0471975512,0.9830007383,0.0114311149,2.1309839162,1.9984236846,25.0000000000,25.0000000000,7.9617609095,0.7280828661,0.9832816850
0.7550000000,1.0471975512,0.9830117305,0.0109408841,2.1336082471,2.0001375165,25.0000000000,25.0000000000,7.9750394019,0.7289424613,0.9832816850
0.7560000000,1.0471975512,0.9830232567,0.0120672730,2.1354860556,2.0016863572,25.0000000000,25.0000000000,7.9844870176,0.7294284352,0.9832816850
0.7570000000,1.0471975512,0.9830367986,0.0145828573,2.1366075564,2.0029731741,25.0000000000,25.0000000000,7.9898252527,0.7295423475,0.9832816850
0.7580000000,1.0471975512,0.9830535580,0.0181792111,2.1370053841,2.0039272441,25.0000000000,25.0000000000,7.9910697876,0.7293110389,0.9832816850
0.7590000000,1.0471975512,0.9830743939,0.0224972918,2.1367406682,2.0045102754,25.0000000000,25.0000000000,7.9885154981,0.7287832728,0.9832816850
0.7600000000,1.0471975512,0.9830997933,0.0271614372,2.1358935281,2.0047183966,25.0000000000,25.0000000000,7.9826996516,0.7280245742,0.9832816850
0.7610000000,1.0471975512,0.9831298752,0.0318123518,2.1345593955,2.0045793447,25.0000000000,25.0000000000,7.9743448033,0.7271107531,0.9832816850
0.7620000000,1.0471975512,0.9831644249,0.0361345135,2.1328500255,2.0041453894,25.0000000000,25.0000000000,7.9642868586,0.7261208871,0.9832816850
0.7630000000,1.0471975512,0.9832029503,0.0398748499,2.1308950719,2.0034839165,25.0000000000,25.0000000000,7.9533970930,0.7251306708,0.9832816850
0.7640000000,1.0471975512,0.9832447503,0.0428519903,2.1288388845,2.0026682943,25.0000000000,25.0000000000,7.9425085018,0.7242069517,0.9832816850
0.7650000000,1.0471975512,0.9832889886,0.0449576638,2.1268301313,2.0017708998,25.0000000000,25.0000000000,7.9323556572,0.7234039370,0.9832816850
0.7660000000,1.0471975512,0.9833347640,0.0461527099,2.1250070243,2.0008586110,25.0000000000,25.0000000000,7.9235333491,0.7227611372,0.9832816850
0.7670000000,1.0471975512,0.9833811756,0.0464597574,2.1234834831,1.9999900525,25.0000000000,25.0000000000,7.9164744488,0.7223027951,0.9832816850
0.7680000000,1.0471975512,0.9834273786,0.0459538302,2.1223400040,1.9992138534,25.0000000000,25.0000000000,7.9114440256,0.7220384390,0.9832816850
0.7690000000,1.0471975512,0.9834726301,0.0447516277,2.1216200532,1.9985675418,25.0000000000,25.0000000000,7.9085456705,0.7219642360,0.9832816850
0.7700000000,1.0471975512,0.9835163237,0.0430000383,2.1213309922,1.9980769741,25.0000000000,25.0000000000,7.9077364696,0.7220648967,0.9832816850
0.7710000000,1.0471975512,0.9835580125,0.0408644048,2.1214481319,1.9977562796,25.0000000000,25.0000000000,7.9088479467,0.7223159444,0.9832816850
0.7720000000,1.0471975512,0.9835974198,0.0385170455,2.1219207290,1.9976082962,25.0000000000,25.0000000000,7.9116109466,0.7226861939,0.9832816850
0.7730000000,1.0471975512,0.9836344401,0.0361264974,2.1226790395,1.9976254590,25.0000000000,25.0000000000,7.9156827998,0.7231403061,0.9832816850
0.7740000000,1.0471975512,0.9836691284,0.0338479030,2.1236417441,1.9977910875,25.0000000000,25.0000000000,7.9206753109,0.7236412989,0.9832816850
0.7750000000,1.0471975512,0.9837016822,0.0318149023,2.1247231755,1.9980810145,25.0000000000,25.0000000000,7.9261822591,0.7241529030,0.9832816850
0.7760000000,1.0471975512,0.9837324155,0.0301333353,2.1258398616,1.9984654979,25.0000000000,25.0000000000,7.9318052300,0.7246416697,0.9832816850
0.7770000000,1.0471975512,0.9837617286,0.0288769963,2.1269159814,1.9989113480,25.0000000000,25.0000000000,7.9371767349,0.7250787465,0.9832816850
0.7780000000,1.0471975512,0.9837900741,0.0280856024,2.1278874588,1.9993841856,25.0000000000,25.0000000000,7.9419797131,0.7254412507,0.9832816850
0.7790000000,1.0471975512,0.9838179232,0.0277650387,2.1287045724,1.9998507163,25.0000000000,25.0000000000,7.9459626544,0.7257131899,0.9832816850
0.7800000000,1.0471975512,0.9838457332,0.0278898042,2.1293331402,2.0002808750,25.0000000000,25.0000000000,7.9489497508,0.7258858934,0.9832816850
0.7810000000,1.0471975512,0.9838739184,0.0284074273,2.1297544866,2.0006496730,25.0000000000,25.0000000000,7.9508456921,0.7259579480,0.9832816850
0.7820000000,1.0471975512,0.9839028272,0.0292444473,2.1299644937,2.0009385842,25.0000000000,25.0000000000,7.9516349985,0.7259346601,0.9832816850
0.7830000000,1.0471975512,0.9839327252,0.0303134193,2.1299720473,2.0011363423,25.0000000000,25.0000000000,7.9513761252,0.7258271008,0.9832816850
0.7840000000,1.0471975512,0.9839637857,0.0315203089,2.1297971209,2.0012390900,25.0000000000,25.0000000000,7.9501909624,0.7256508259,0.9832816850
0.7850000000,1.0471975512,0.9839960880,0.0327716399,2.1294686382,2.0012499044,25.0000000000,25.0000000000,7.9482507355,0.7254243891,0.9832816850
0.7860000000,1.0471975512,0.9840296217,0.0339808336,2.1290221550,2.0011778074,25.0000000000,25.0000000000,7.9457596114,0.7251677788,0.9832816850
0.7870000000,1.0471975512,0.9840642969,0.0350733239,2.1284973649,2.0010364214,25.0000000000,25.0000000000,7.9429374759,0.7249009102,0.9848156658
0.7880000000,1.0471975512,0.9840999587,0.0359902077,2.1279354570,2.0008424546,25.0000000000,25.0000000000,7.9400033301,0.7070641607,0.9848156658
0.7890000000,1.0471975512,0.9841357940,0.0354573440,2.0883192019,1.9986493563,25.0000000000,25.0000000000,7.7439962238,0.7068297813,0.9848156658
0.7900000000,1.0471975512,0.9841699796,0.0332903908,2.0853283918,1.9974600601,25.0000000000,25.0000000000,7.7415441533,0.7067736533,0.9848156658
0.7910000000,1.0471975512,0.9842014649,0.0303275486,2.0851282016,1.9968217759,25.0000000000,25.0000000000,7.7409311420,0.7069939039,0.9848156658
0.7920000000,1.0471975512,0.9842296777,0.0269011958,2.0855911710,1.9964517687,25.0000000000,25.0000000000,7.7433527746,0.7074435459,0.9848156658
0.7930000000,1.0471975512,0.9842543076,0.0232531186,2.0866428357,1.9963153833,25.0000000000,25.0000000000,7.7482912174,0.7080609980,0.9848156658
0.7940000000,1.0471975512,0.9842752732,0.0196056264,2.0881569366,1.9963942412,25.0000000000,25.0000000000,7.7550692306,0.7087877629,0.9848156658
0.7950000000,1.0471975512,0.9842927016,0.0161577406,2.0899847806,1.9966617855,25.0000000000,25.0000000000,7.7630449288,0.7095691171,0.9848156658
0.7960000000,1.0471975512,0.9843069000,0.0130771174,2.0919823599,1.9970840330,25.0000000000,25.0000000000,7.7716180822,0.7103548929,0.9848156658
0.7970000000,1.0471975512,0.9843183202,0.0104941589,2.0940167939,1.9976220490,25.0000000000,25.0000000000,7.7802384712,0.7111007942,0.9848156658
0.7980000000,1.0471975512,0.9843275191,0.0084986522,2.0959703301,1.9982344738,25.0000000000,25.0000000000,7.7884202987,0.7117697301,0.9848156658
0.7990000000,1.0471975512,0.9843351176,0.0071388943,2.0977438836,1.9988799734,25.0000000000,25.0000000000,7.7957568094,0.7123328662,0.9848156658
0.8000000000,1.0471975512,0.9843417597,0.0064231593,2.0992596828,1.9995195035,25.0000000000,25.0000000000,7.8019318310,0.7127702511,0.9848156658
0.8010000000,1.0471975512,0.9843480743,0.0063232481,2.1004627211,2.0001182748,25.0000000000,25.0000000000,7.8067266510,0.7130709607,0.9848156658
0.8020000000,1.0471975512,0.9843546424,0.0067797568,2.1013209636,2.0006473182,25.0000000000,25.0000000000,7.8100216156,0.7132327645,0.9848156658
0.8030000000,1.0471975512,0.9843619695,0.0077086147,2.1018244138,2.0010845733,25.0000000000,25.0000000000,7.8117924652,0.7132613543,0.9848156658
0.8040000000,1.0471975512,0.9843704657,0.0090083853,2.1019832176,2.0014154606,25.0000000000,25.0000000000,7.8121018724,0.7131692100,0.9848156658
0.8050000000,1.0471975512,0.9843804328,0.0105678134,2.1018250010,2.0016329390,25.0000000000,25.0000000000,7.8110869809,0.7129741951,0.9848156658
0.8060000000,1.0471975512,0.9843920592,0.0122731327,2.1013916280,2.0017370965,25.0000000000,25.0000000000,7.8089439840,0.7126979903,0.9848156658
0.8070000000,1.0471975512,0.9844054219,0.0140147129,2.1007355620,2.0017343548,25.0000000000,25.0000000000,7.8059109145,0.7123644728,0.9848156658
0.8080000000,1.0471975512,0.9844204937,0.0156927276,2.0999160136,2.0016363903,25.0000000000,25.0000000000,7.8022498469,0.7119981436,0.9848156658
0.8090000000,1.0471975512,0.9844371564,0.0172216254,2.0989950711,2.0014588789,25.0000000000,25.0000000000,7.7982296402,0.7116226927,0.9848156658
0.8100000000,1.0471975512,0.9844552168,0.0185332928,2.0980340156,2.0012201658,25.0000000000,25.0000000000,7.7941101879,0.7112597684,0.9848156658
0.8110000000,1.0471975512,0.9844744256,0.0195788913,2.0970900130,2.0009399493,25.0000000000,25.0000000000,7.7901289290,0.7109280003,0.9848156658
0.8120000000,1.0471975512,0.9844944972,0.0203294272,2.0962133503,2.0006380482,25.0000000000,25.0000000000,7.7864901358,0.7106422995,0.9848156658
0.8130000000,1.0471975512,0.9845151289,0.0207751750,2.0954453308,2.0003333102,25.0000000000,25.0000000000,7.7833572576,0.7104134440,0.9848156658
0.8140000000,1.0471975512,0.9845360195,0.0209241194,2.0948168973,2.0000426983,25.0000000000,25.0000000000,7.7808483832,0.7102479373,0.9848156658
0.8150000000,1.0471975512,0.9845568859,0.0207996117,2.0943479877,1.9997805824,25.0000000000,25.0000000000,7.7790347045,0.7101481162,0.9848156658
0.8160000000,1.0471975512,0.9845774761,0.0204374532,2.0940475873,1.9995582464,25.0000000000,25.0000000000,7.7779417102,0.7101124732,0.9848156658
0.8170000000,1.0471975512,0.9845975799,0.0198826228,2.0939143955,1.9993836128,25.0000000000,25.0000000000,7.7775527322,0.7101361520,0.9848156658
0.8180000000,1.0471975512,0.9846170362,0.0191858601,2.0939380025,1.9992611739,25.0000000000,25.0000000000,7.7778143865,0.7102115702,0.9848156658
0.8190000000,1.0471975512,0.9846357360,0.0184002995,2.0941004488,1.9991921114,25.0000000000,25.0000000000,7.7786434071,0.7103291225,0.9848156658
0.8200000000,1.0471975512,0.9846536235,0.0175783285,2.0943780367,1.9991745786,25.0000000000,25.0000000000,7.7799343578,0.7104779172,0.9848156658
0.8210000000,1.0471975512,0.9846706932,0.0167688131,2.0947432629,1.9992041153,25.0000000000,25.0000000000,7.7815677182,0.7106465055,0.9848156658
0.8220000000,1.0471975512,0.9846869850,0.0160148007,2.0951667492,1.9992741581,25.0000000000,25.0000000000,7.7834178741,0.7108235633,0.9848156658
0.8230000000,1.0471975512,0.9847025772,0.0153517764,2.0956190635,1.9993766147,25.0000000000,25.0000000000,7.7853605999,0.7109984957,0.9848156658
0.8240000000,1.0471975512,0.9847175783,0.0148065090,2.0960723429,1.9995024611,25.0000000000,25.0000000000,7.7872796850,0.7111619389,0.9848156658
0.8250000000,1.0471975512,0.9847321176,0.0143964928,2.0965016514,1.9996423314,25.0000000000,25.0000000000,7.7890724387,0.7113061435,0.9848156658
0.8260000000,1.0471975512,0.9847463362,0.0141299550,2.0968860276,1.9997870670,25.0000000000,25.0000000000,7.7906538912,0.7114252302,0.9848156658
0.8270000000,1.0471975512,0.9847603780,0.0140063718,2.0972092017,1.9999281998,25.0000000000,25.0000000000,7.7919595949,0.7115153165,0.9848156658
0.8280000000,1.0471975512,0.9847743813,0.0140174146,2.0974599791,2.0000583484,25.0000000000,25.0000000000,7.7929470144,0.7115745213,0.9848156658
0.8290000000,1.0471975512,0.9847884718,0.0141482288,2.0976323083,2.0001715133,25.0000000000,25.0000000000,7.7935955707,0.7116028582,0.9848156658
0.8300000000,1.0471975512,0.9848027573,0.0143789412,2.0977250643,2.0002632647,25.0000000000,25.0000000000,7.7939054733,0.7116020365,0.9848156658
0.8310000000,1.0471975512,0.9848173233,0.0146862862,2.0977415889,2.0003308229,25.0000000000,25.0000000000,7.7938955260,0.7115751880,0.9848156658
0.8320000000,1.0471975512,0.9848322309,0.0150452493,2.0976890388,2.0003730377,25.0000000000,25.0000000000,7.7936001346,0.7115265446,0.9848156658
0.8330000000,1.0471975512,0.9848475159,0.0154306319,2.0975775953,2.0003902784,25.0000000000,25.0000000000,7.7930657648,0.7114610887,0.9848156658
0.8340000000,1.0471975512,0.9848631895,0.0158184594,2.0974195921,2.0003842509,25.0000000000,25.0000000000,7.7923471050,0.7113841992,0.9848156658
0.8350000000,1.0471975512,0.9848792407,0.0161871714,2.0972286163,2.0003577602,25.0000000000,25.0000000000,7.7915031802,0.7113013127,0.9848156658
0.8360000000,1.0471975512,0.9848956384,0.0165185501,2.0970186333,2.0003144374,25.0000000000,25.0000000000,7.7905936390,0.7112176181,0.9848156658
0.8370000000,1.0471975512,0.9849123363,0.0167983649,2.0968031814,2.0002584509,25.0000000000,25.0000000000,7.7896754021,0.7111377977,0.9848156658
0.8380000000,1.0471975512,0.9849292762,0.0170167284,2.0965946727,2.0001942195,25.0000000000,25.0000000000,7.7887998203,0.7110658230,0.9848156658
0.8390000000,1.0471975512,0.9849463929,0.0171681758,2.0964038283,2.0001261433,25.0000000000,25.0000000000,7.7880104439,0.7110048131,0.9848156658
0.8400000000,1.0471975512,0.9849636184,0.0172514932,2.0962392666,2.0000583641,25.0000000000,25.0000000000,7.7873414617,0.7109569535,0.9848156658
0.8410000000,1.0471975512,0.9849808859,0.0172693315,2.0961072494,1.9999945668,25.0000000000,25.0000000000,7.7868168214,0.7109234762,0.9848156658
0.8420000000,1.0471975512,0.9849981336,0.0172276504,2.0960115861,1.9999378265,25.0000000000,25.0000000000,7.7864500070,0.7109046935,0.9848156658
0.8430000000,1.0471975512,0.9850153069,0.0171350403,2.0959536832,1.9998905057,25.0000000000,25.0000000000,7.7862444137,0.7109000784,0.9848156658
0.8440000000,1.0471975512,0.9850323615,0.0170019735,2.0959327216,1.9998542004,25.0000000000,25.0000000000,7.7861942345,0.7109083832,0.9848156658
0.8450000000,1.0471975512,0.9850492641,0.0168400312,2.0959459379,1.9998297349,25.0000000000,25.0000000000,7.7862857570,0.7109277840,0.9848156658
0.8460000000,1.0471975512,0.9850659932,0.0166611520,2.0959889837,1.9998171978,25.0000000000,25.0000000000,7.7864989529,0.7109560416,0.9848156658
0.8470000000,1.0471975512,0.9850825392,0.0164769403,2.0960563332,1.9998160149,25.0000000000,25.0000000000,7.7868092446,0.7109906684,0.9848156658
0.8480000000,1.0471975512,0.9850989036,0.0162980660,2.0961417124,1.9998250506,25.0000000000,25.0000000000,7.7871893336,0.7110290909,0.9848156658
0.8490000000,1.0471975512,0.9851150975,0.0161337779,2.0962385238,1.9998427290,25.0000000000,25.0000000000,7.7876109830,0.7110687997,0.9848156658
0.8500000000,1.0471975512,0.9851311405,0.0159915472,2.0963402431,1.9998671665,25.0000000000,25.0000000000,7.7880466641,0.7111074801,0.9848156658
0.8510000000,1.0471975512,0.9851470580,0.0158768446,2.0964407692,1.9998963077,25.0000000000,25.0000000000,7.7884709903,0.7111431187,0.9848156658
0.8520000000,1.0471975512,0.9851628800,0.0157930520,2.0965347142,1.9999280556,25.0000000000,25.0000000000,7.7888618820,0.7111740820,0.9848156658
0.8530000000,1.0471975512,0.9851786383,0.0157414967,2.0966176227,1.9999603919,25.0000000000,25.0000000000,7.7892014288,0.7111991655,0.9848156658
0.8540000000,1.0471975512,0.9851943650,0.0157215959,2.0966861167,1.9999914790,25.0000000000,25.0000000000,7.7894764316,0.7112176151,0.9848156658
0.8550000000,1.0471975512,0.9852100903,0.0157310904,2.0967379666,2.0000197421,25.0000000000,25.0000000000,7.7896786295,0.7112291204,0.9848156658
0.8560000000,1.0471975512,0.9852258416,0.0157663461,2.0967720917,2.0000439283,25.0000000000,25.0000000000,7.7898046316,0.7112337850,0.9848156658
0.8570000000,1.0471975512,0.9852416417,0.0158226992,2.0967884972,2.0000631412,25.0000000000,25.0000000000,7.7898555888,0.7112320773,0.9848156658
0.8580000000,1.0471975512,0.9852575085,0.0158948213,2.0967881595,2.0000768526,25.0000000000,25.0000000000,7.7898366503,0.7112247659,0.9848156658
0.8590000000,1.0471975512,0.9852734542,0.0159770826,2.0967728698,2.0000848925,25.0000000000,25.0000000000,7.7897562579,0.7112128456,0.9848156658
0.8600000000,1.0471975512,0.9852894853,0.0160638932,2.0967450498,2.0000874205,25.0000000000,25.0000000000,7.7896253335,0.7111974590,0.9848156658
0.8610000000,1.0471975512,0.9853056033,0.0161500058,2.0967075524,2.0000848820,25.0000000000,25.0000000000,7.7894564172,0.7111798179,0.9848156658
0.8620000000,1.0471975512,0.9853218044,0.0162307678,2.0966634598,2.0000779535,25.0000000000,25.0000000000,7.7892628060,0.7111611296,0.9848156658
0.8630000000,1.0471975512,0.9853380807,0.0163023133,2.0966158900,2.0000674805,25.0000000000,25.0000000000,7.7890577442,0.7111425308,0.9848156658
0.8640000000,1.0471975512,0.9853544211,0.0163616922,2.0965678221,2.0000544137,25.0000000000,25.0000000000,7.7888537010,0.7111250329,0.9848156658
0.8650000000,1.0471975512,0.9853708123,0.0164069346,2.0965219473,2.0000397450,25.0000000000,25.0000000000,7.7886617679,0.7111094796,0.9848156658
0.8660000000,1.0471975512,0.9853872392,0.0164370555,2.0964805517,2.0000244492,25.0000000000,25.0000000000,7.7884911964,0.7110965186,0.9848156658
0.8670000000,1.0471975512,0.9854036868,0.0164520038,2.0964454335,2.0000094321,25.0000000000,25.0000000000,7.7883490848,0.7110865865,0.9848156658
0.8680000000,1.0471975512,0.9854201402,0.0164525664,2.0964178559,1.9999954881,25.0000000000,25.0000000000,7.7882402172,0.7110799075,0.9848156658
0.8690000000,1.0471975512,0.9854365860,0.0164402361,2.0963985341,1.9999832685,25.0000000000,25.0000000000,7.7881670463,0.7110765035,0.9848156658
0.8700000000,1.0471975512,0.9854530125,0.0164170550,2.0963876544,1.9999732612,25.0000000000,25.0000000000,7.7881298062,0.7110762145,0.9848156658
0.8710000000,1.0471975512,0.9854694103,0.0163854444,2.0963849201,1.9999657809,25.0000000000,25.0000000000,7.7881267346,0.7110787263,0.9848156658
0.8720000000,1.0471975512,0.9854857728,0.0163480314,2.0963896182,1.9999609705,25.0000000000,25.0000000000,7.7881543811,0.7110836045,0.9848156658
0.8730000000,1.0471975512,0.9855020956,0.0163074834,2.0964007037,1.9999588111,25.0000000000,25.0000000000,7.7882079751,0.7110903309,0.9848156658
0.8740000000,1.0471975512,0.9855183773,0.0162663575,2.0964168914,1.9999591407,25.0000000000,25.0000000000,7.7882818280,0.7110983405,0.9848156658
0.8750000000,1.0471975512,0.9855346189,0.0162269717,2.0964367525,1.9999616775,25.0000000000,25.0000000000,7.7883697418,0.7111070580,0.9848156658
0.8760000000,1.0471975512,0.9855508232,0.0161913031,2.0964588077,1.9999660488,25.0000000000,25.0000000000,7.7884654031,0.7111159300,0.9848156658
0.8770000000,1.0471975512,0.9855669950,0.0161609156,2.0964816144,1.9999718204,25.0000000000,25.0000000000,7.7885627423,0.7111244533,0.9848156658
0.8780000000,1.0471975512,0.9855831404,0.0161369175,2.0965038413,1.9999785274,25.0000000000,25.0000000000,7.7886562399,0.7111321972,0.9863496466
0.8790000000,1.0471975512,0.9855992662,0.0161199493,2.0965243302,1.9999857026,25.0000000000,25.0000000000,7.7887411720,0.6935606940,0.9863496466
0.8800000000,1.0471975512,0.9856149651,0.0152895306,2.0555167599,1.9987288453,25.0000000000,25.0000000000,7.5957478659,0.6935659494,0.9863496466
0.8810000000,1.0471975512,0.9856292525,0.0136241479,2.0515279589,1.9981616481,25.0000000000,25.0000000000,7.5960056404,0.6936637360,0.9863496466
0.8820000000,1.0471975512,0.9856416375,0.0116124883,2.0514127701,1.9979060195,25.0000000000,25.0000000000,7.5970968316,0.6939034682,0.9863496466
0.8830000000,1.0471975512,0.9856519030,0.0094467052,2.0519608515,1.9978057295,25.0000000000,25.0000000000,7.5997304542,0.6942538534,0.9863496466
0.8840000000,1.0471975512,0.9856599814,0.0072623532,2.0528393461,1.9978334689,25.0000000000,25.0000000000,7.6035758059,0.6946772265,0.9863496466
0.8850000000,1.0471975512,0.9856659287,0.0051770503,2.0539336159,1.9979726918,25.0000000000,25.0000000000,7.6082205338,0.6951392214,0.9863496466
0.8860000000,1.0471975512,0.9856699079,0.0032903031,2.0551502922,1.9982040815,25.0000000000,25.0000000000,7.6132878429,0.6956091769,0.9863496466
0.8870000000,1.0471975512,0.9856721682,0.0016805557,2.0564057883,1.9985056488,25.0000000000,25.0000000000,7.6184415745,0.6960603600,0.9863496466
0.8880000000,1.0471975512,0.9856730231,0.0004033340,2.0576265386,1.9988540597,25.0000000000,25.0000000000,7.6233886691,0.6964704150,0.9863496466
0.8890000000,1.0471975512,0.9856728270,-0.0005092464,2.0587502738,1.9992259839,25.0000000000,25.0000000000,7.6278840929,0.6968218013,0.9863496466
0.8900000000,1.0471975512,0.9856719523,-0.0010476995,2.0597272925,1.9995993161,25.0000000000,25.0000000000,7.6317356301,0.6971020685,0.9863496466
0.8910000000,1.0471975512,0.9856707675,-0.0012232790,2.0605213221,1.9999542111,25.0000000000,25.0000000000,7.6348068943,0.6973039043,0.9863496466
0.8920000000,1.0471975512,0.9856696185,-0.0010651934,2.0611097817,2.0002738946,25.0000000000,25.0000000000,7.6370178483,0.6974249421,0.9863496466
0.8930000000,1.0471975512,0.9856688127,-0.0006171637,2.0614834032,2.0005452280,25.0000000000,25.0000000000,7.6383426870,0.6974673457,0.9863496466
0.8940000000,1.0471975512,0.9856686067,0.0000664240,2.0616452497,2.0007590204,25.0000000000,25.0000000000,7.6388052749,0.6974372071,0.9863496466
0.8950000000,1.0471975512,0.9856691982,0.0009245246,2.0616092215,2.0009100978,25.0000000000,25.0000000000,7.6384725379,0.6973438044,0.9863496466
0.8960000000,1.0471975512,0.9856707220,0.0018933671,2.0613981691,2.0009971500,25.0000000000,25.0000000000,7.6374463207,0.6971987720,0.9863496466
0.8970000000,1.0471975512,0.9856732494,0.0029101134,2.0610417426,2.0010223880,25.0000000000,25.0000000000,7.6358542821,0.6970152346,0.9863496466
0.8980000000,1.0471975512,0.9856767911,0.0039160769,2.0605741142,2.0009910509,25.0000000000,25.0000000000,7.6338403985,0.6968069554,0.9863496466
0.8990000000,1.0471975512,0.9856813033,0.0048593779,2.0600317022,2.0009108050,25.0000000000,25.0000000000,7.6315556196,0.6965875408,0.9863496466
0.9000000000,1.0471975512,0.9856866958,0.0056969544,2.0594510159,2.0007910790,25.0000000000,25.0000000000,7.6291491524,0.6963697392,0.9863496466
0.9010000000,1.0471975512,0.9856928413,0.0063958935,2.0588667203,2.0006423783,25.0000000000,25.0000000000,7.6267607694,0.6961648592,0.9863496466
0.9020000000,1.0471975512,0.9856995867,0.0069340848,2.0583100021,2.0004756165,25.0000000000,25.0000000000,7.6245144373,0.6959823267,0.9863496466
0.9030000000,1.0471975512,0.9857067632,0.0073002353,2.0578072907,2.0003014968,25.0000000000,25.0000000000,7.6225134619,0.6958293883,0.9863496466
0.9040000000,1.0471975512,0.9857141973,0.0074933131,2.0573793661,2.0001299713,25.0000000000,25.0000000000,7.6208372414,0.6957109613,0.9863496466
0.9050000000,1.0471975512,0.9857217206,0.0075215111,2.0570408605,1.9999697980,25.0000000000,25.0000000000,7.6195396273,0.6956296227,0.9863496466
0.9060000000,1.0471975512,0.9857291775,0.0074008357,2.0568001371,1.9998282070,25.0000000000,25.0000000000,7.6186488053,0.6955857222,0.9863496466
0.9070000000,1.0471975512,0.9857364327,0.0071534343,2.0566595146,1.9997106829,25.0000000000,25.0000000000,7.6181685404,0.6955776003,0.9863496466
0.9080000000,1.0471975512,0.9857433755,0.0068057787,2.0566157861,1.9996208618,25.0000000000,25.0000000000,7.6180805739,0.6956018895,0.9863496466
0.9090000000,1.0471975512,0.9857499239,0.0063868130,2.0566609760,1.9995605365,25.0000000000,25.0000000000,7.6183479242,0.6956538724,0.9863496466
0.9100000000,1.0471975512,0.9857560250,0.0059261679,2.0567832671,1.9995297570,25.0000000000,25.0000000000,7.6189188207,0.6957278739,0.9863496466
0.9110000000,1.0471975512,0.9857616551,0.0054525285,2.0569680330,1.9995270128,25.0000000000,25.0000000000,7.6197309982,0.6958176606,0.9863496466
0.9120000000,1.0471975512,0.9857668180,0.0049922243,2.0571989072,1.9995494773,25.0000000000,25.0000000000,7.6207160874,0.6959168291,0.9863496466
0.9130000000,1.0471975512,0.9857715416,0.0045680918,2.0574588318,1.9995932957,25.0000000000,25.0000000000,7.6218038610,0.6960191603,0.9863496466
0.9140000000,1.0471975512,0.9857758739,0.0041986423,2.0577310292,1.9996538967,25.0000000000,25.0000000000,7.6229261275,0.6961189279,0.9863496466
0.9150000000,1.0471975512,0.9857798787,0.0038975439,2.0579998571,1.9997263087,25.0000000000,25.0000000000,7.6240201065,0.6962111475,0.9863496466
0.9160000000,1.0471975512,0.9857836300,0.0036734149,2.0582515111,1.9998054643,25.0000000000,25.0000000000,7.6250311614,0.6962917606,0.9863496466
0.9170000000,1.0471975512,0.9857872074,0.0035299039,2.0584745570,1.9998864773,25.0000000000,25.0000000000,7.6259148149,0.6963577505,0.9863496466
0.9180000000,1.0471975512,0.9857906913,0.0034660242,2.0586602806,1.9999648812,25.0000000000,25.0000000000,7.6266380161,0.6964071905,0.9863496466
0.9190000000,1.0471975512,0.9857941585,0.0034766967,2.0588028581,2.0000368205,25.0000000000,25.0000000000,7.6271796721,0.6964392307,0.9863496466
0.9200000000,1.0471975512,0.9857976784,0.0035534518,2.0588993558,2.0000991889,25.0000000000,25.0000000000,7.6275304925,0.6964540277,0.9863496466
0.9210000000,1.0471975512,0.9858013104,0.0036852349,2.0589495778,2.0001497143,25.0000000000,25.0000000000,7.6276922289,0.6964526308,0.9863496466
0.9220000000,1.0471975512,0.9858051016,0.0038592637,2.0589557865,2.0001869901,25.0000000000,25.0000000000,7.6276764124,0.6964368311,0.9863496466
0.9230000000,1.0471975512,0.9858090858,0.0040618854,2.0589223224,2.0002104571,25.0000000000,25.0000000000,7.6275027089,0.6964089890,0.9863496466
0.9240000000,1.0471975512,0.9858132830,0.0042793888,2.0588551559,2.0002203438,25.0000000000,25.0000000000,7.6271970201,0.6963718492,0.9863496466
0.9250000000,1.0471975512,0.9858176998,0.0044987332,2.0587613996,2.0002175702,25.0000000000,25.0000000000,7.6267894563,0.6963283553,0.9863496466
0.9260000000,1.0471975512,0.9858223306,0.0047081648,2.0586488133,2.0002036259,25.0000000000,25.0000000000,7.6263123028,0.6962814733,0.9863496466
0.9270000000,1.0471975512,0.9858271590,0.0048976992,2.0585253264,2.0001804311,25.0000000000,25.0000000000,7.6257980871,0.6962340332,0.9863496466
0.9280000000,1.0471975512,0.9858321602,0.0050594603,2.0583986018,2.0001501897,25.0000000000,25.0000000000,7.6252778384,0.6961885941,0.9863496466
0.9290000000,1.0471975512,0.9858373027,0.0051878711,2.0582756610,2.0001152429,25.0000000000,25.0000000000,7.6247796116,0.6961473381,0.9863496466
0.9300000000,1.0471975512,0.9858425509,0.0052797036,2.0581625812,2.0000779313,25.0000000000,25.0000000000,7.6243273239,0.6961119953,0.9863496466
0.9310000000,1.0471975512,0.9858478674,0.0053339994,2.0580642759,2.0000404716,25.0000000000,25.0000000000,7.6239399342,0.6960838007,0.9863496466
0.9320000000,1.0471975512,0.9858532154,0.0053518797,2.0579843585,2.0000048532,25.0000000000,25.0000000000,7.6236309698,0.6960634815,0.9863496466
0.9330000000,1.0471975512,0.9858585599,0.0053362652,2.0579250903,1.9999727573,25.0000000000,25.0000000000,7.6234083906,0.6960512730,0.9863496466
0.9340000000,1.0471975512,0.9858638703,0.0052915314,2.0578874044,1.9999455012,25.0000000000,25.0000000000,7.6232747604,0.6960469581,0.9863496466
0.9350000000,1.0471975512,0.9858691207,0.0052231239,2.0578709973,1.9999240074,25.0000000000,25.0000000000,7.6232276847,0.6960499267,0.9863496466
0.9360000000,1.0471975512,0.9858742912,0.0051371578,2.0578744764,1.9999087972,25.0000000000,25.0000000000,7.6232604625,0.6960592499,0.9863496466
0.9370000000,1.0471975512,0.9858793683,0.0050400249,2.0578955491,1.9999000056,25.0000000000,25.0000000000,7.6233628969,0.6960737625,0.9863496466
0.9380000000,1.0471975512,0.9858843447,0.0049380272,2.0579312384,1.9998974149,25.0000000000,25.0000000000,7.6235222023,0.6960921495,0.9863496466
0.9390000000,1.0471975512,0.9858892194,0.0048370549,2.0579781133,1.9999005041,25.0000000000,25.0000000000,7.6237239534,0.6961130310,0.9863496466
0.9400000000,1.0471975512,0.9858939966,0.0047423193,2.0580325173,1.9999085081,25.0000000000,25.0000000000,7.6239530182,0.6961350423,0.9863496466
0.9410000000,1.0471975512,0.9858986853,0.0046581508,2.0580907851,1.9999204839,25.0000000000,25.0000000000,7.6241944307,0.6961569039,0.9863496466
0.9420000000,1.0471975512,0.9859032984,0.0045878633,2.0581494367,1.9999353794,25.0000000000,25.0000000000,7.6244341615,0.6961774797,0.9863496466
0.9430000000,1.0471975512,0.9859078511,0.0045336883,2.0582053411,1.9999521000,25.0000000000,25.0000000000,7.6246597575,0.6961958219,0.9863496466
0.9440000000,1.0471975512,0.9859123603,0.0044967714,2.0582558442,1.9999695711,25.0000000000,25.0000000000,7.6248608313,0.6962112011,0.9863496466
0.9450000000,1.0471975512,0.9859168435,0.0044772273,2.0582988581,1.9999867925,25.0000000000,25.0000000000,7.6250293888,0.6962231210,0.9863496466
0.9460000000,1.0471975512,0.9859213177,0.0044742432,2.0583329108,2.0000028832,25.0000000000,25.0000000000,7.6251599974,0.6962313205,0.9863496466
0.9470000000,1.0471975512,0.9859257983,0.0044862199,2.0583571588,2.0000171152,25.0000000000,25.0000000000,7.6252498000,0.6962357623,0.9863496466
0.9480000000,1.0471975512,0.9859302991,0.0045109393,2.0583713643,2.0000289359,25.0000000000,25.0000000000,7.6252983930,0.6962366107,0.9863496466
0.9490000000,1.0471975512,0.9859348311,0.0045457473,2.0583758441,2.0000379779,25.0000000000,25.0000000000,7.6253075866,0.6962342023,0.9863496466
0.9500000000,1.0471975512,0.9859394026,0.0045877397,2.0583713938,2.0000440597,25.0000000000,25.0000000000,7.6252810757,0.6962290094,0.9863496466
0.9510000000,1.0471975512,0.9859440190,0.0046339416,2.0583591949,2.0000471747,25.0000000000,25.0000000000,7.6252240443,0.6962216009,0.9863496466
0.9520000000,1.0471975512,0.9859486827,0.0046814720,2.0583407122,2.0000474735,25.0000000000,25.0000000000,7.6251427348,0.6962126024,0.9863496466
0.9530000000,1.0471975512,0.9859533932,0.0047276855,2.0583175860,2.0000452391,25.0000000000,25.0000000000,7.6250440071,0.6962026565,0.9863496466
0.9540000000,1.0471975512,0.9859581479,0.0047702867,2.0582915273,2.0000408580,25.0000000000,25.0000000000,7.6249349110,0.6961923879,0.9863496466
0.9550000000,1.0471975512,0.9859629419,0.0048074141,2.0582642203,2.0000347888,25.0000000000,25.0000000000,7.6248222947,0.6961823719,0.9863496466
0.9560000000,1.0471975512,0.9859677688,0.0048376919,2.0582372363,2.0000275302,25.0000000000,25.0000000000,7.6247124659,0.6961731094,0.9863496466
0.9570000000,1.0471975512,0.9859726212,0.0048602514,2.0582119627,2.0000195910,25.0000000000,25.0000000000,7.6246109157,0.6961650085,0.9863496466
0.9580000000,1.0471975512,0.9859774911,0.0048747225,2.0581895501,2.0000114617,25.0000000000,25.0000000000,7.6245221171,0.6961583730,0.9863496466
0.9590000000,1.0471975512,0.9859823705,0.0048812008,2.0581708758,2.0000035908,25.0000000000,25.0000000000,7.6244493963,0.6961533969,0.9863496466
0.9600000000,1.0471975512,0.9859872516,0.0048801927,2.0581565274,1.9999963655,25.0000000000,25.0000000000,7.6243948796,0.6961501666,0.9863496466
0.9610000000,1.0471975512,0.9859921275,0.0048725454,2.0581468021,1.9999900981,25.0000000000,25.0000000000,7.6243595087,0.6961486669,0.9863496466
0.9620000000,1.0471975512,0.9859969922,0.0048593660,2.0581417219,1.9999850172,25.0000000000,25.0000000000,7.6243431164,0.6961487934,0.9863496466
0.9630000000,1.0471975512,0.9860018410,0.0048419359,2.0581410619,1.9999812647,25.0000000000,25.0000000000,7.6243445534,0.6961503669,0.9863496466
0.9640000000,1.0471975512,0.9860066704,0.0048216242,2.0581443879,1.9999788974,25.0000000000,25.0000000000,7.6243618527,0.6961531509,0.9863496466
0.9650000000,1.0471975512,0.9860114784,0.0047998068,2.0581511020,1.9999778931,25.0000000000,25.0000000000,7.6243924204,0.6961568705,0.9863496466
0.9660000000,1.0471975512,0.9860162644,0.0047777930,2.0581604909,1.9999781602,25.0000000000,25.0000000000,7.6244332385,0.6961612304,0.9863496466
0.9670000000,1.0471975512,0.9860210290,0.0047567636,2.0581717761,1.9999795497,25.0000000000,25.0000000000,7.6244810690,0.6961659330,0.9863496466
0.9680000000,1.0471975512,0.9860257737,0.0047377223,2.0581841620,1.9999818693,25.0000000000,25.0000000000,7.6245326478,0.6961706940,0.9863496466
0.9690000000,1.0471975512,0.9860305010,0.0047214614,2.0581968792,1.9999848983,25.0000000000,25.0000000000,7.6245848597,0.6961752565,0.9863496466
0.9700000000,1.0471975512,0.9860352141,0.0047085428,2.0582092223,1.9999884017,25.0000000000,25.0000000000,7.6246348864,0.6961794011,0.9863496466
0.9710000000,1.0471975512,0.9860399166,0.0046992928,2.0582205808,1.9999921446,25.0000000000,25.0000000000,7.6246803237,0.6961829538,0.9863496466
0.9720000000,1.0471975512,0.9860446121,0.0046938096,2.0582304606,1.9999959045,25.0000000000,25.0000000000,7.6247192643,0.6961857901,0.9863496466
0.9730000000,1.0471975512,0.9860493045,0.0046919826,2.0582384979,1.9999994813,25.0000000000,25.0000000000,7.6247503454,0.6961878366,0.9863496466
0.9740000000,1.0471975512,0.9860539972,0.0046935203,2.0582444647,2.0000027061,25.0000000000,25.0000000000,7.6247727630,0.6961890692,0.9863496466
0.9750000000,1.0471975512,0.9860586933,0.0046979847,2.0582482663,2.0000054462,25.0000000000,25.0000000000,7.6247862548,0.6961895093,0.9863496466
0.9760000000,1.0471975512,0.9860633954,0.0047048301,2.0582499319,2.0000076087,25.0000000000,25.0000000000,7.6247910566,0.6961892178,0.9863496466
0.9770000000,1.0471975512,0.9860681055,0.0047134434,2.0582496004,2.0000091409,25.0000000000,25.0000000000,7.6247878371,0.6961882876,0.9863496466
0.9780000000,1.0471975512,0.9860728250,0.0047231831,2.0582475011,2.0000100290,25.0000000000,25.0000000000,7.6247776169,0.6961868355,0.9863496466
0.9790000000,1.0471975512,0.9860775545,0.0047334165,2.0582439321,2.0000102944,25.0000000000,25.0000000000,7.6247616770,0.6961849933,0.9863496466
0.9800000000,1.0471975512,0.9860822943,0.0047435521,2.0582392373,2.0000099892,25.0000000000,25.0000000000,7.6247414640,0.6961828996,0.9863496466
0.9810000000,1.0471975512,0.9860870439,0.0047530663,2.0582337836,2.0000091901,25.0000000000,25.0000000000,7.6247184962,0.6961806913,0.9863496466
0.9820000000,1.0471975512,0.9860918023,0.0047615235,2.0582279388,2.0000079914,25.0000000000,25.0000000000,7.6246942760,0.6961784969,0.9863496466
0.9830000000,1.0471975512,0.9860965684,0.0047685902,2.0582220523,2.0000064989,25.0000000000,25.0000000000,7.6246702125,0.6961764305,0.9863496466
0.9840000000,1.0471975512,0.9861013405,0.0047740417,2.0582164387,2.0000048222,25.0000000000,25.0000000000,7.6246475570,0.6961745876,0.9863496466
0.9850000000,1.0471975512,0.9861061170,0.0047777620,2.0582113650,2.0000030693,25.0000000000,25.0000000000,7.6246273538,0.6961730414,0.9863496466
0.9860000000,1.0471975512,0.9861108962,0.0047797387,2.0582070411,2.0000013406,25.0000000000,25.0000000000,7.6246104075,0.6961718420,0.9863496466
0.9870000000,1.0471975512,0.9861156762,0.0047800526,2.0582036153,1.9999997246,25.0000000000,25.0000000000,7.6245972655,0.6961710158,0.9863496466
0.9880000000,1.0471975512,0.9861204556,0.0047788634,2.0582011730,1.9999982945,25.0000000000,25.0000000000,7.6245882167,0.6961705667,0.9863496466
0.9890000000,1.0471975512,0.9861252330,0.0047763934,2.0581997385,1.9999971060,25.0000000000,25.0000000000,7.6245833037,0.6961704784,0.9863496466
0.9900000000,1.0471975512,0.9861300073,0.0047729085,2.0581992804,1.9999961960,25.0000000000,25.0000000000,7.6245823468,0.6961707174,0.9863496466
0.9910000000,1.0471975512,0.9861347777,0.0047687000,2.0581997194,1.9999955830,25.0000000000,25.0000000000,7.6245849767,0.6961712361,0.9863496466
0.9920000000,1.0471975512,0.9861395435,0.0047640664,2.0582009371,1.9999952678,25.0000000000,25.0000000000,7.6245906744,0.6961719778,0.9863496466
0.9930000000,1.0471975512,0.9861443046,0.0047592969,2.0582027868,1.9999952353,25.0000000000,25.0000000000,7.6245988142,0.6961728796,0.9863496466
0.9940000000,1.0471975512,0.9861490609,0.0047546573,2.0582051040,1.9999954574,25.0000000000,25.0000000000,7.6246087084,0.6961738770,0.9863496466
0.9950000000,1.0471975512,0.9861538129,0.0047503782,2.0582077170,1.9999958952,25.0000000000,25.0000000000,7.6246196493,0.6961749074,0.9863496466
0.9960000000,1.0471975512,0.9861585609,0.0047466469,2.0582104568,1.9999965029,25.0000000000,25.0000000000,7.6246309496,0.6961759130,0.9863496466
0.9970000000,1.0471975512,0.9861633056,0.0047436019,2.0582131655,1.9999972304,25.0000000000,25.0000000000,7.6246419756,0.6961768433,0.9863496466
0.9980000000,1.0471975512,0.9861680477,0.0047413308,2.0582157037,1.9999980267,25.0000000000,25.0000000000,7.6246521755,0.6961776574,0.9863496466
0.9990000000,1.0471975512,0.9861727881,0.0047398713,2.0582179558,1.9999988424,25.0000000000,25.0000000000,7.6246610995,0.6961783247,0.9863496466
1.0000000000,1.0471975512,0.9861775275,0.0047392140,2.0582198334,1.9999996327,25.0000000000,25.0000000000,7.6246684127,0.6961788256,0.9863496466
1.0010000000,1.0471975512,0.9861822667,0.0047393086,2.0582212773,2.0000003585,25.0000000000,25.0000000000,7.6246739005,0.6961791514,0.9863496466
1.0020000000,1.0471975512,0.9861870064,0.0047400704,2.0582222575,2.0000009884,25.0000000000,25.0000000000,7.6246774675,0.6961793034,0.9863496466
1.0030000000,1.0471975512,0.9861917473,0.0047413884,2.0582227715,2.0000014994,25.0000000000,25.0000000000,7.6246791295,0.6961792922,0.9863496466
1.0040000000,1.0471975512,0.9861964897,0.0047431342,2.0582228416,2.0000018772,25.0000000000,25.0000000000,7.6246790008,0.6961791355,0.9863496466
1.0050000000,1.0471975512,0.9862012341,0.0047451704,2.0582225113,2.0000021160,25.0000000000,25.0000000000,7.6246772784,0.6961788571,0.9863496466
1.0060000000,1.0471975512,0.9862059806,0.0047473589,2.0582218403,2.0000022180,25.0000000000,25.0000000000,7.6246742219,0.6961784846,0.9863496466
1.0070000000,1.0471975512,0.9862107294,0.0047495682,2.0582209003,2.0000021923,25.0000000000,25.0000000000,7.6246701339,0.6961780475,0.9863496466
1.0080000000,1.0471975512,0.9862154803,0.0047516798,2.0582197693,2.0000020538,25.0000000000,25.0000000000,7.6246653392,0.6961775758,0.9863496466
1.0090000000,1.0471975512,0.9862202332,0.0047535928,2.0582185271,2.0000018218,25.0000000000,25.0000000000,7.6246601654,0.6961770980,0.9863496466
1.0100000000,1.0471975512,0.9862249878,0.0047552273,2.0582172509,2.0000015184,25.0000000000,25.0000000000,7.6246549254,0.6961766399,0.9863496466
1.0110000000,1.0471975512,0.9862297439,0.0047565269,2.0582160117,2.0000011672,25.0000000000,25.0000000000,7.6246499023,0.6961762235,0.9863496466
1.0120000000,1.0471975512,0.9862345010,0.0047574585,2.0582148708,2.0000007917,25.0000000000,25.0000000000,7.6246453377,0.6961758664,0.9863496466
1.0130000000,1.0471975512,0.9862392588,0.0047580121,2.0582138779,2.0000004143,25.0000000000,25.0000000000,7.6246414236,0.6961755811,0.9863496466
1.0140000000,1.0471975512,0.9862440170,0.0047581987,2.0582130695,2.0000000552,25.0000000000,25.0000000000,7.6246382971,0.6961753750,0.9863496466
1.0150000000,1.0471975512,0.9862487751,0.0047580473,2.0582124688,1.9999997312,25.0000000000,25.0000000000,7.6246360395,0.6961752506,0.9863496466
1.0160000000,1.0471975512,0.9862535329,0.0047576018,2.0582120854,1.9999994558,25.0000000000,25.0000000000,7.6246346775,0.6961752057,0.9863496466
1.0170000000,1.0471975512,0.9862582901,0.0047569167,2.0582119163,1.9999992382,25.0000000000,25.0000000000,7.6246341880,0.6961752344,0.9863496466
1.0180000000,1.0471975512,0.9862630465,0.0047560538,2.0582119479,1.9999990839,25.0000000000,25.0000000000,7.6246345041,0.6961753272,0.9863496466
1.0190000000,1.0471975512,0.9862678020,0.0047550772,2.0582121570,1.9999989942,25.0000000000,25.0000000000,7.6246355238,0.6961754725,0.9863496466
1.0200000000,1.0471975512,0.9862725564,0.0047540505,2.0582125140,1.9999989670,25.0000000000,25.0000000000,7.6246371188,0.6961756570,0.9863496466
1.0210000000,1.0471975512,0.9862773098,0.0047530331,2.0582129842,1.9999989971,25.0000000000,25.0000000000,7.6246391438,0.6961758670,0.9863496466
1.0220000000,1.0471975512,0.9862820622,0.0047520776,2.0582135310,1.9999990769,25.0000000000,25.0000000000,7.6246414467,0.6961760885,0.9863496466
1.0230000000,1.0471975512,0.9862868138,0.0047512278,2.0582141173,1.9999991968,25.0000000000,25.0000000000,7.6246438766,0.6961763088,0.9863496466
1.0240000000,1.0471975512,0.9862915645,0.0047505173,2.0582147081,1.9999993464,25.0000000000,25.0000000000,7.6246462920,0.6961765163,0.9863496466
1.0250000000,1.0471975512,0.9862963147,0.0047499687,2.0582152717,1.9999995145,25.0000000000,25.0000000000,7.6246485672,0.6961767015,0.9863496466
1.0260000000,1.0471975512,0.9863010644,0.0047495938,2.0582157815,1.9999996904,25.0000000000,25.0000000000,7.6246505971,0.6961768569,0.9863496466
1.0270000000,1.0471975512,0.9863058139,0.0047493939,2.0582162161,1.9999998639,25.0000000000,25.0000000000,7.6246523009,0.6961769776,0.9863496466
1.0280000000,1.0471975512,0.9863105632,0.0047493609,2.0582165608,2.0000000262,25.0000000000,25.0000000000,7.6246536233,0.6961770609,0.9863496466
1.0290000000,1.0471975512,0.9863153127,0.0047494789,2.0582168068,2.0000001699,25.0000000000,25.0000000000,7.6246545351,0.6961771063,0.9863496466
1.0300000000,1.0471975512,0.9863200623,0.0047497257,2.0582169516,2.0000002894,25.0000000000,25.0000000000,7.6246550319,0.6961771154,0.9863496466
1.0310000000,1.0471975512,0.9863248122,0.0047500746,2.0582169984,2.0000003810,25.0000000000,25.0000000000,7.6246551314,0.6961770917,0.9863496466
1.0320000000,1.0471975512,0.9863295626,0.0047504964,2.0582169552,2.0000004428,25.0000000000,25.0000000000,7.6246548705,0.6961770399,0.9863496466
1.0330000000,1.0471975512,0.9863343133,0.0047509611,2.0582168336,2.0000004747,25.0000000000,25.0000000000,7.6246543013,0.6961769657,0.9863496466
1.0340000000,1.0471975512,0.9863390646,0.0047514397,2.0582166485,2.0000004782,25.0000000000,25.0000000000,7.6246534865,0.6961768753,0.9863496466
1.0350000000,1.0471975512,0.9863438163,0.0047519055,2.0582164164,2.0000004561,25.0000000000,25.0000000000,7.6246524949,0.6961767753,0.9863496466
1.0360000000,1.0471975512,0.9863485685,0.0047523353,2.0582161543,2.0000004124,25.0000000000,25.0000000000,7.6246513977,0.6961766719,0.9863496466
1.0370000000,1.0471975512,0.9863533211,0.0047527103,2.0582158795,2.0000003515,25.0000000000,25.0000000000,7.6246502638,0.6961765709,0.9863496466
1.0380000000,1.0471975512,0.9863580740,0.0047530166,2.0582156076,2.0000002786,25.0000000000,25.0000000000,7.6246491568,0.6961764775,0.9863496466
1.0390000000,1.0471975512,0.9863628272,0.0047532452,2.0582153526,2.0000001988,25.0000000000,25.0000000000,7.6246481323,0.6961763957,0.9863496466
1.0400000000,1.0471975512,0.9863675805,0.0047533924,2.0582151264,2.0000001169,25.0000000000,25.0000000000,7.6246472355,0.6961763286,0.9863496466
1.0410000000,1.0471975512,0.9863723339,0.0047534591,2.0582149376,2.0000000376,25.0000000000,25.0000000000,7.6246465001,0.6961762781,0.9863496466
1.0420000000,1.0471975512,0.9863770874,0.0047534502,2.0582147923,1.9999999647,25.0000000000,25.0000000000,7.6246459477,0.6961762453,0.9863496466
1.0430000000,1.0471975512,0.9863818408,0.0047533743,2.0582146935,1.9999999013,25.0000000000,25.0000000000,7.6246455880,0.6961762299,0.9863496466
1.0440000000,1.0471975512,0.9863865941,0.0047532425,2.0582146415,1.9999998500,25.0000000000,25.0000000000,7.6246454195,0.6961762309,0.9863496466
1.0450000000,1.0471975512,0.9863913472,0.0047530677,2.0582146341,1.9999998119,25.0000000000,25.0000000000,7.6246454308,0.6961762465,0.9863496466
1.0460000000,1.0471975512,0.9863961002,0.0047528636,2.0582146669,1.9999997878,25.0000000000,25.0000000000,7.6246456023,0.6961762743,0.9863496466
1.0470000000,1.0471975512,0.9864008529,0.0047526440,2.0582147339,1.9999997775,25.0000000000,25.0000000000,7.6246459080,0.6961763116,0.9863496466
1.0480000000,1.0471975512,0.9864056054,0.0047524223,2.0582148280,1.9999997799,25.0000000000,25.0000000000,7.6246463174,0.6961763554,0.9863496466
1.0490000000,1.0471975512,0.9864103577,0.0047522103,2.0582149414,1.9999997937,25.0000000000,25.0000000000,7.6246467980,0.6961764027,0.9863496466
1.0500000000,1.0471975512,0.9864151098,0.0047520181,2.0582150660,1.9999998169,25.0000000000,25.0000000000,7.6246473170,0.6961764507,0.9863496466
1.0510000000,1.0471975512,0.9864198617,0.0047518538,2.0582151940,1.9999998473,25.0000000000,25.0000000000,7.6246478428,0.6961764967,0.9863496466
1.0520000000,1.0471975512,0.9864246135,0.0047517231,2.0582153184,1.9999998825,25.0000000000,25.0000000000,7.6246483472,0.6961765385,0.9863496466
1.0530000000,1.0471975512,0.9864293651,0.0047516292,2.0582154330,1.9999999202,25.0000000000,25.0000000000,7.6246488058,0.6961765744,0.9863496466
1.0540000000,1.0471975512,0.9864341167,0.0047515733,2.0582155328,1.9999999581,25.0000000000,25.0000000000,7.6246491992,0.6961766031,0.9863496466
1.0550000000,1.0471975512,0.9864388683,0.0047515543,2.0582156141,1.9999999941,25.0000000000,25.0000000000,7.6246495137,0.6961766239,0.9863496466
1.0560000000,1.0471975512,0.9864436198,0.0047515692,2.0582156746,2.0000000267,25.0000000000,25.0000000000,7.6246497410,0.6961766364,0.9863496466
1.0570000000,1.0471975512,0.9864483714,0.0047516136,2.0582157133,2.0000000544,25.0000000000,25.0000000000,7.6246498785,0.6961766410,0.9863496466
1.0580000000,1.0471975512,0.9864531231,0.0047516822,2.0582157304,2.0000000763,25.0000000000,25.0000000000,7.6246499284,0.6961766382,0.9863496466
1.0590000000,1.0471975512,0.9864578748,0.0047517687,2.0582157274,2.0000000918,25.0000000000,25.0000000000,7.6246498974,0.6961766289,0.9863496466
1.0600000000,1.0471975512,0.9864626267,0.0047518666,2.0582157066,2.0000001009,25.0000000000,25.0000000000,7.6246497957,0.6961766144,0.9863496466
1.0610000000,1.0471975512,0.9864673786,0.0047519696,2.0582156709,2.0000001037,25.0000000000,25.0000000000,7.6246496361,0.6961765959,0.9863496466
1.0620000000,1.0471975512,0.9864721306,0.0047520717,2.0582156238,2.0000001007,25.0000000000,25.0000000000,7.6246494332,0.6961765748,0.9863496466
1.0630000000,1.0471975512,0.9864768828,0.0047521677,2.0582155690,2.0000000927,25.0000000000,25.0000000000,7.6246492023,0.6961765526,0.9863496466
1.0640000000,1.0471975512,0.9864816350,0.0047522531,2.0582155102,2.0000000807,25.0000000000,25.0000000000,7.6246489585,0.6961765305,0.9863496466
1.0650000000,1.0471975512,0.9864863873,0.0047523245,2.0582154509,2.0000000657,25.0000000000,25.0000000000,7.6246487161,0.6961765097,0.9863496466
1.0660000000,1.0471975512,0.9864911396,0.0047523797,2.0582153943,2.0000000489,25.0000000000,25.0000000000,7.6246484876,0.6961764911,0.9863496466
1.0670000000,1.0471975512,0.9864958920,0.0047524175,2.0582153431,2.0000000312,25.0000000000,25.0000000000,7.6246482836,0.6961764754,0.9863496466
1.0680000000,1.0471975512,0.9865006445,0.0047524377,2.0582152994,2.0000000138,25.0000000000,25.0000000000,7.6246481123,0.6961764633,0.9863496466
1.0690000000,1.0471975512,0.9865053969,0.0047524411,2.0582152647,1.9999999975,25.0000000000,25.0000000000,7.6246479793,0.6961764549,0.9863496466
1.0700000000,1.0471975512,0.9865101494,0.0047524294,2.0582152399,1.9999999831,25.0000000000,25.0000000000,7.6246478874,0.6961764503,0.9863496466
1.0710000000,1.0471975512,0.9865149018,0.0047524048,2.0582152253,1.9999999711,25.0000000000,25.0000000000,7.6246478372,0.6961764494,0.9863496466
1.0720000000,1.0471975512,0.9865196542,0.0047523698,2.0582152205,1.9999999618,25.0000000000,25.0000000000,7.6246478268,0.6961764517,0.9863496466
1.0730000000,1.0471975512,0.9865244065,0.0047523276,2.0582152248,1.9999999556,25.0000000000,25.0000000000,7.6246478527,0.6961764569,0.9863496466
1.0740000000,1.0471975512,0.9865291588,0.0047522810,2.0582152369,1.9999999524,25.0000000000,25.0000000000,7.6246479096,0.6961764643,0.9863496466
1.0750000000,1.0471975512,0.9865339110,0.0047522329,2.0582152554,1.9999999520,25.0000000000,25.0000000000,7.6246479911,0.6961764734,0.9863496466
1.0760000000,1.0471975512,0.9865386632,0.0047521862,2.0582152787,1.9999999542,25.0000000000,25.0000000000,7.6246480905,0.6961764834,0.9863496466
1.0770000000,1.0471975512,0.9865434154,0.0047521430,2.0582153050,1.9999999586,25.0000000000,25.0000000000,7.6246482006,0.6961764938,0.9863496466
1.0780000000,1.0471975512,0.9865481675,0.0047521053,2.0582153326,1.9999999647,25.0000000000,25.0000000000,7.6246483143,0.6961765039,0.9863496466
1.0790000000,1.0471975512,0.9865529196,0.0047520745,2.0582153598,1.9999999720,25.0000000000,25.0000000000,7.6246484255,0.6961765133,0.9863496466
1.0800000000,1.0471975512,0.9865576717,0.0047520515,2.0582153854,1.9999999800,25.0000000000,25.0000000000,7.6246485284,0.6961765215,0.9863496466
1.0810000000,1.0471975512,0.9865624237,0.0047520367,2.0582154082,1.9999999882,25.0000000000,25.0000000000,7.6246486185,0.6961765283,0.9863496466
1.0820000000,1.0471975512,0.9865671757,0.0047520299,2.0582154272,1.9999999962,25.0000000000,25.0000000000,7.6246486924,0.6961765333,0.9863496466
1.0830000000,1.0471975512,0.9865719278,0.0047520307,2.0582154418,2.0000000035,25.0000000000,25.0000000000,7.6246487480,0.6961765367,0.9863496466
1.0840000000,1.0471975512,0.9865766798,0.0047520383,2.0582154517,2.0000000098,25.0000000000,25.0000000000,7.6246487843,0.6961765382,0.9863496466
1.0850000000,1.0471975512,0.9865814319,0.0047520515,2.0582154570,2.0000000150,25.0000000000,25.0000000000,7.6246488014,0.6961765381,0.9863496466
1.0860000000,1.0471975512,0.9865861839,0.0047520690,2.0582154578,2.0000000188,25.0000000000,25.0000000000,7.6246488004,0.6961765366,0.9863496466
1.0870000000,1.0471975512,0.9865909360,0.0047520894,2.0582154545,2.0000000213,25.0000000000,25.0000000000,7.6246487833,0.6961765338,0.9863496466
1.0880000000,1.0471975512,0.9865956881,0.0047521115,2.0582154478,2.0000000223,25.0000000000,25.0000000000,7.6246487528,0.6961765301,0.9863496466
1.0890000000,1.0471975512,0.9866004402,0.0047521337,2.0582154384,2.0000000221,25.0000000000,25.0000000000,7.6246487118,0.6961765257,0.9863496466
1.0900000000,1.0471975512,0.9866051924,0.0047521550,2.0582154270,2.0000000207,25.0000000000,25.0000000000,7.6246486636,0.6961765209,0.9863496466
1.0910000000,1.0471975512,0.9866099445,0.0047521743,2.0582154146,2.0000000184,25.0000000000,25.0000000000,7.6246486115,0.6961765161,0.9863496466
1.0920000000,1.0471975512,0.9866146967,0.0047521908,2.0582154017,2.0000000154,25.0000000000,25.0000000000,7.6246485588,0.6961765115,0.9863496466
1.0930000000,1.0471975512,0.9866194489,0.0047522040,2.0582153892,2.0000000118,25.0000000000,25.0000000000,7.6246485081,0.6961765073,0.9863496466
1.0940000000,1.0471975512,0.9866242011,0.0047522134,2.0582153777,2.0000000080,25.0000000000,25.0000000000,7.6246484621,0.6961765037,0.9863496466
1.0950000000,1.0471975512,0.9866289534,0.0047522191,2.0582153677,2.0000000042,25.0000000000,25.0000000000,7.6246484225,0.6961765008,0.9863496466
1.0960000000,1.0471975512,0.9866337056,0.0047522210,2.0582153595,2.0000000006,25.0000000000,25.0000000000,7.6246483909,0.6961764987,0.9863496466
1.0970000000,1.0471975512,0.9866384578,0.0047522195,2.0582153534,1.9999999973,25.0000000000,25.0000000000,7.6246483680,0.6961764974,0.9863496466
1.0980000000,1.0471975512,0.9866432100,0.0047522151,2.0582153495,1.9999999946,25.0000000000,25.0000000000,7.6246483541,0.6961764970,0.9863496466
1.0990000000,1.0471975512,0.9866479622,0.0047522082,2.0582153478,1.9999999924,25.0000000000,25.0000000000,7.6246483490,0.6961764972,0.9863496466
1.1000000000,1.0471975512,0.9866527144,0.0047521996,2.0582153480,1.9999999908,25.0000000000,25.0000000000,7.6246483521,0.6961764982,0.9863496466
1.1010000000,1.0471975512,0.9866574666,0.0047521898,2.0582153501,1.9999999899,25.0000000000,25.0000000000,7.6246483622,0.6961764996,0.9863496466
1.1020000000,1.0471975512,0.9866622188,0.0047521794,2.0582153537,1.9999999896,25.0000000000,25.0000000000,7.6246483782,0.6961765015,0.9863496466
1.1030000000,1.0471975512,0.9866669710,0.0047521692,2.0582153584,1.9999999899,25.0000000000,25.0000000000,7.6246483985,0.6961765036,0.9863496466
1.1040000000,1.0471975512,0.9866717231,0.0047521595,2.0582153639,1.9999999907,25.0000000000,25.0000000000,7.6246484217,0.6961765058,0.9863496466
1.1050000000,1.0471975512,0.9866764753,0.0047521510,2.0582153698,1.9999999919,25.0000000000,25.0000000000,7.6246484461,0.6961765080,0.9863496466
1.1060000000,1.0471975512,0.9866812274,0.0047521438,2.0582153758,1.9999999934,25.0000000000,25.0000000000,7.6246484705,0.6961765101,0.9863496466
1.1070000000,1.0471975512,0.9866859796,0.0047521382,2.0582153814,1.9999999951,25.0000000000,25.0000000000,7.6246484934,0.6961765120,0.9863496466
1.1080000000,1.0471975512,0.9866907317,0.0047521344,2.0582153866,1.9999999969,25.0000000000,25.0000000000,7.6246485139,0.6961765136,0.9863496466
1.1090000000,1.0471975512,0.9866954838,0.0047521324,2.0582153910,1.9999999986,25.0000000000,25.0000000000,7.6246485311,0.6961765148,0.9863496466
1.1100000000,1.0471975512,0.9867002360,0.0047521320,2.0582153945,2.0000000002,25.0000000000,25.0000000000,7.6246485445,0.6961765156,0.9863496466
1.1110000000,1.0471975512,0.9867049881,0.0047521332,2.0582153970,2.0000000017,25.0000000000,25.0000000000,7.6246485538,0.6961765161,0.9863496466
1.1120000000,1.0471975512,0.9867097402,0.0047521356,2.0582153984,2.0000000029,25.0000000000,25.0000000000,7.6246485588,0.6961765162,0.9863496466
1.1130000000,1.0471975512,0.9867144924,0.0047521391,2.0582153989,2.0000000038,25.0000000000,25.0000000000,7.6246485599,0.6961765160,0.9863496466
1.1140000000,1.0471975512,0.9867192445,0.0047521434,2.0582153985,2.0000000045,25.0000000000,25.0000000000,7.6246485573,0.6961765155,0.9863496466
1.1150000000,1.0471975512,0.9867239967,0.0047521480,2.0582153973,2.0000000048,25.0000000000,25.0000000000,7.6246485517,0.6961765147,0.9863496466
1.1160000000,1.0471975512,0.9867287488,0.0047521529,2.0582153954,2.0000000048,25.0000000000,25.0000000000,7.6246485435,0.6961765138,0.9863496466
1.1170000000,1.0471975512,0.9867335010,0.0047521576,2.0582153931,2.0000000046,25.0000000000,25.0000000000,7.6246485335,0.6961765128,0.9863496466
1.1180000000,1.0471975512,0.9867382531,0.0047521619,2.0582153905,2.0000000042,25.0000000000,25.0000000000,7.6246485225,0.6961765118,0.9863496466
1.1190000000,1.0471975512,0.9867430053,0.0047521657,2.0582153877,2.0000000036,25.0000000000,25.0000000000,7.6246485111,0.6961765107,0.9863496466
1.1200000000,1.0471975512,0.9867477575,0.0047521688,2.0582153850,2.0000000028,25.0000000000,25.0000000000,7.6246484999,0.6961765098,0.9863496466
1.1210000000,1.0471975512,0.9867525096,0.0047521711,2.0582153824,2.0000000020,25.0000000000,25.0000000000,7.6246484896,0.6961765090,0.9863496466
1.1220000000,1.0471975512,0.9867572618,0.0047521726,2.0582153801,2.0000000012,25.0000000000,25.0000000000,7.6246484805,0.6961765083,0.9863496466
1.1230000000,1.0471975512,0.9867620140,0.0047521733,2.0582153782,2.0000000004,25.0000000000,25.0000000000,7.6246484731,0.6961765078,0.9863496466
1.1240000000,1.0471975512,0.9867667662,0.0047521732,2.0582153767,1.9999999997,25.0000000000,25.0000000000,7.6246484675,0.6961765074,0.9863496466
1.1250000000,1.0471975512,0.9867715183,0.0047521725,2.0582153757,1.9999999990,25.0000000000,25.0000000000,7.6246484638,0.6961765073,0.9863496466
1.1260000000,1.0471975512,0.9867762705,0.0047521711,2.0582153752,1.9999999985,25.0000000000,25.0000000000,7.6246484621,0.6961765073,0.9863496466
1.1270000000,1.0471975512,0.9867810227,0.0047521694,2.0582153751,1.9999999981,25.0000000000,25.0000000000,7.6246484622,0.6961765074,0.9863496466
1.1280000000,1.0471975512,0.9867857748,0.0047521673,2.0582153754,1.9999999979,25.0000000000,25.0000000000,7.6246484639,0.6961765077,0.9863496466
1.1290000000,1.0471975512,0.9867905270,0.0047521651,2.0582153761,1.9999999978,25.0000000000,25.0000000000,7.6246484670,0.6961765081,0.9863496466
1.1300000000,1.0471975512,0.9867952792,0.0047521629,2.0582153771,1.9999999978,25.0000000000,25.0000000000,7.6246484711,0.6961765085,0.9863496466
1.1310000000,1.0471975512,0.9868000313,0.0047521607,2.0582153782,1.9999999979,25.0000000000,25.0000000000,7.6246484759,0.6961765090,0.9863496466
1.1320000000,1.0471975512,0.9868047835,0.0047521588,2.0582153794,1.9999999982,25.0000000000,25.0000000000,7.6246484811,0.6961765095,0.9863496466
1.1330000000,1.0471975512,0.9868095357,0.0047521571,2.0582153807,1.9999999985,25.0000000000,25.0000000000,7.6246484864,0.6961765100,0.9863496466
1.1340000000,1.0471975512,0.9868142878,0.0047521558,2.0582153820,1.9999999988,25.0000000000,25.0000000000,7.6246484915,0.6961765104,0.9863496466
1.1350000000,1.0471975512,0.9868190400,0.0047521549,2.0582153831,1.9999999992,25.0000000000,25.0000000000,7.6246484961,0.6961765107,0.9863496466
1.1360000000,1.0471975512,0.9868237921,0.0047521543,2.0582153842,1.9999999996,25.0000000000,25.0000000000,7.6246485001,0.6961765110,0.9863496466
1.1370000000,1.0471975512,0.9868285443,0.0047521541,2.0582153850,1.9999999999,25.0000000000,25.0000000000,7.6246485033,0.6961765112,0.9863496466
1.1380000000,1.0471975512,0.9868332964,0.0047521542,2.0582153856,2.0000000003,25.0000000000,25.0000000000,7.6246485056,0.6961765114,0.9863496466
1.1390000000,1.0471975512,0.9868380486,0.0047521547,2.0582153860,2.0000000005,25.0000000000,25.0000000000,7.6246485070,0.6961765114,0.9863496466
1.1400000000,1.0471975512,0.9868428007,0.0047521554,2.0582153862,2.0000000008,25.0000000000,25.0000000000,7.6246485075,0.6961765114,0.9863496466
1.1410000000,1.0471975512,0.9868475529,0.0047521562,2.0582153861,2.0000000009,25.0000000000,25.0000000000,7.6246485072,0.6961765113,0.9863496466
1.1420000000,1.0471975512,0.9868523050,0.0047521572,2.0582153859,2.0000000010,25.0000000000,25.0000000000,7.6246485062,0.6961765112,0.9863496466
1.1430000000,1.0471975512,0.9868570572,0.0047521583,2.0582153856,2.0000000010,25.0000000000,25.0000000000,7.6246485046,0.6961765110,0.9863496466
1.1440000000,1.0471975512,0.9868618094,0.0047521593,2.0582153851,2.0000000010,25.0000000000,25.0000000000,7.6246485026,0.6961765108,0.9863496466
1.1450000000,1.0471975512,0.9868665615,0.0047521603,2.0582153845,2.0000000009,25.0000000000,25.0000000000,7.6246485002,0.6961765105,0.9863496466
1.1460000000,1.0471975512,0.9868713137,0.0047521611,2.0582153840,2.0000000008,25.0000000000,25.0000000000,7.6246484978,0.6961765103,0.9863496466
1.1470000000,1.0471975512,0.9868760658,0.0047521618,2.0582153834,2.0000000007,25.0000000000,25.0000000000,7.6246484953,0.6961765101,0.9863496466
1.1480000000,1.0471975512,0.9868808180,0.0047521624,2.0582153828,2.0000000005,25.0000000000,25.0000000000,7.6246484930,0.6961765099,0.9863496466
1.1490000000,1.0471975512,0.9868855702,0.0047521628,2.0582153823,2.0000000003,25.0000000000,25.0000000000,7.6246484910,0.6961765098,0.9863496466
1.1500000000,1.0471975512,0.9868903223,0.0047521630,2.0582153818,2.0000000001,25.0000000000,25.0000000000,7.6246484892,0.6961765096,0.9863496466
1.1510000000,1.0471975512,0.9868950745,0.0047521630,2.0582153815,2.0000000000,25.0000000000,25.0000000000,7.6246484879,0.6961765096,0.9863496466
1.1520000000,1.0471975512,0.9868998267,0.0047521629,2.0582153812,1.9999999998,25.0000000000,25.0000000000,7.6246484870,0.6961765095,0.9863496466
1.1530000000,1.0471975512,0.9869045788,0.0047521627,2.0582153811,1.9999999997,25.0000000000,25.0000000000,7.6246484864,0.6961765095,0.9863496466
1.1540000000,1.0471975512,0.9869093310,0.0047521623,2.0582153810,1.9999999996,25.0000000000,25.0000000000,7.6246484863,0.6961765095,0.9863496466
1.1550000000,1.0471975512,0.9869140831,0.0047521619,2.0582153811,1.9999999996,25.0000000000,25.0000000000,7.6246484866,0.6961765096,0.9863496466
1.1560000000,1.0471975512,0.9869188353,0.0047521614,2.0582153812,1.9999999995,25.0000000000,25.0000000000,7.6246484872,0.6961765096,0.9863496466
1.1570000000,1.0471975512,0.9869235875,0.0047521609,2.0582153814,1.9999999995,25.0000000000,25.0000000000,7.6246484880,0.6961765097,0.9863496466
1.1580000000,1.0471975512,0.9869283396,0.0047521605,2.0582153816,1.9999999995,25.0000000000,25.0000000000,7.6246484890,0.6961765097,0.9863496466
1.1590000000,1.0471975512,0.9869330918,0.0047521600,2.0582153819,1.9999999996,25.0000000000,25.0000000000,7.6246484901,0.6961765098,0.9863496466
1.1600000000,1.0471975512,0.9869378440,0.0047521597,2.0582153821,1.9999999996,25.0000000000,25.0000000000,7.6246484912,0.6961765099,0.9863496466
1.1610000000,1.0471975512,0.9869425961,0.0047521593,2.0582153824,1.9999999997,25.0000000000,25.0000000000,7.6246484923,0.6961765100,0.9863496466
1.1620000000,1.0471975512,0.9869473483,0.0047521591,2.0582153827,1.9999999998,25.0000000000,25.0000000000,7.6246484934,0.6961765101,0.9863496466
1.1630000000,1.0471975512,0.9869521004,0.0047521590,2.0582153829,1.9999999999,25.0000000000,25.0000000000,7.6246484943,0.6961765102,0.9863496466
1.1640000000,1.0471975512,0.9869568526,0.0047521589,2.0582153831,2.0000000000,25.0000000000,25.0000000000,7.6246484950,0.6961765103,0.9863496466
1.1650000000,1.0471975512,0.9869616047,0.0047521589,2.0582153832,2.0000000000,25.0000000000,25.0000000000,7.6246484956,0.6961765103,0.9863496466
1.1660000000,1.0471975512,0.9869663569,0.0047521590,2.0582153833,2.0000000001,25.0000000000,25.0000000000,7.6246484960,0.6961765104,0.9863496466
1.1670000000,1.0471975512,0.9869711091,0.0047521591,2.0582153834,2.0000000002,25.0000000000,25.0000000000,7.6246484962,0.6961765104,0.9863496466
1.1680000000,1.0471975512,0.9869758612,0.0047521593,2.0582153834,2.0000000002,25.0000000000,25.0000000000,7.6246484961,0.6961765104,0.9863496466
1.1690000000,1.0471975512,0.9869806134,0.0047521595,2.0582153834,2.0000000002,25.0000000000,25.0000000000,7.6246484960,0.6961765104,0.9863496466
1.1700000000,1.0471975512,0.9869853655,0.0047521597,2.0582153833,2.0000000002,25.0000000000,25.0000000000,7.6246484957,0.6961765103,0.9863496466
1.1710000000,1.0471975512,0.9869901177,0.0047521599,2.0582153832,2.0000000002,25.0000000000,25.0000000000,7.6246484953,0.6961765103,0.9863496466
1.1720000000,1.0471975512,0.9869948699,0.0047521601,2.0582153831,2.0000000002,25.0000000000,25.0000000000,7.6246484948,0.6961765103,0.9863496466
1.1730000000,1.0471975512,0.9869996220,0.0047521603,2.0582153830,2.0000000002,25.0000000000,25.0000000000,7.6246484943,0.6961765102,0.9863496466
1.1740000000,1.0471975512,0.9870043742,0.0047521605,2.0582153828,2.0000000002,25.0000000000,25.0000000000,7.6246484937,0.6961765102,0.9863496466
1.1750000000,1.0471975512,0.9870091263,0.0047521606,2.0582153827,2.0000000001,25.0000000000,25.0000000000,7.6246484932,0.6961765101,0.9863496466
1.1760000000,1.0471975512,0.9870138785,0.0047521607,2.0582153826,2.0000000001,25.0000000000,25.0000000000,7.6246484927,0.6961765101,0.9863496466
1.1770000000,1.0471975512,0.9870186307,0.0047521608,2.0582153825,2.0000000000,25.0000000000,25.0000000000,7.6246484923,0.6961765100,0.9863496466
1.1780000000,1.0471975512,0.9870233828,0.0047521608,2.0582153824,2.0000000000,25.0000000000,25.0000000000,7.6246484920,0.6961765100,0.9863496466
1.1790000000,1.0471975512,0.9870281350,0.0047521608,2.0582153824,2.0000000000,25.0000000000,25.0000000000,7.6246484918,0.6961765100,0.9863496466
1.1800000000,1.0471975512,0.9870328871,0.0047521608,2.0582153823,1.9999999999,25.0000000000,25.0000000000,7.6246484917,0.6961765100,0.9863496466
1.1810000000,1.0471975512,0.9870376393,0.0047521607,2.0582153823,1.9999999999,25.0000000000,25.0000000000,7.6246484916,0.6961765100,0.9863496466
1.1820000000,1.0471975512,0.9870423915,0.0047521606,2.0582153823,1.9999999999,25.0000000000,25.0000000000,7.6246484916,0.6961765100,0.9863496466
1.1830000000,1.0471975512,0.9870471436,0.0047521605,2.0582153823,1.9999999999,25.0000000000,25.0000000000,7.6246484917,0.6961765100,0.9863496466
1.1840000000,1.0471975512,0.9870518958,0.0047521604,2.0582153824,1.9999999999,25.0000000000,25.0000000000,7.6246484919,0.6961765100,0.9863496466
1.1850000000,1.0471975512,0.9870566480,0.0047521603,2.0582153824,1.9999999999,25.0000000000,25.0000000000,7.6246484921,0.6961765100,0.9863496466
1.1860000000,1.0471975512,0.9870614001,0.0047521602,2.0582153825,1.9999999999,25.0000000000,25.0000000000,7.6246484923,0.6961765100,0.9863496466
1.1870000000,1.0471975512,0.9870661523,0.0047521601,2.0582153825,1.9999999999,25.0000000000,25.0000000000,7.6246484926,0.6961765101,0.9863496466
1.1880000000,1.0471975512,0.9870709044,0.0047521600,2.0582153826,1.9999999999,25.0000000000,25.0000000000,7.6246484928,0.6961765101,0.9863496466
1.1890000000,1.0471975512,0.9870756566,0.0047521600,2.0582153826,2.0000000000,25.0000000000,25.0000000000,7.6246484930,0.6961765101,0.9863496466
1.1900000000,1.0471975512,0.9870804088,0.0047521599,2.0582153827,2.0000000000,25.0000000000,25.0000000000,7.6246484933,0.6961765101,0.9863496466
1.1910000000,1.0471975512,0.9870851609,0.0047521599,2.0582153827,2.0000000000,25.0000000000,25.0000000000,7.6246484934,0.6961765101,0.9863496466
1.1920000000,1.0471975512,0.9870899131,0.0047521599,2.0582153828,2.0000000000,25.0000000000,25.0000000000,7.6246484936,0.6961765102,0.9863496466
1.1930000000,1.0471975512,0.9870946652,0.0047521599,2.0582153828,2.0000000000,25.0000000000,25.0000000000,7.6246484937,0.6961765102,0.9863496466
1.1940000000,1.0471975512,0.9870994174,0.0047521600,2.0582153828,2.0000000000,25.0000000000,25.0000000000,7.6246484937,0.6961765102,0.9863496466
1.1950000000,1.0471975512,0.9871041696,0.0047521600,2.0582153828,2.0000000000,25.0000000000,25.0000000000,7.6246484937,0.6961765102,0.9863496466
1.1960000000,1.0471975512,0.9871089217,0.0047521600,2.0582153828,2.0000000000,25.0000000000,25.0000000000,7.6246484937,0.6961765102,0.9863496466
1.1970000000,1.0471975512,0.9871136739,0.0047521601,2.0582153828,2.0000000000,25.0000000000,25.0000000000,7.6246484936,0.6961765102,0.9863496466
1.1980000000,1.0471975512,0.9871184260,0.0047521601,2.0582153828,2.0000000000,25.0000000000,25.0000000000,7.6246484936,0.6961765102,0.9878836274
1.1990000000,1.0471975512,0.9871231782,0.0047521602,2.0582153828,2.0000000000,25.0000000000,25.0000000000,7.6246484935,0.6961765101,0.9878836274
1.2000000000,1.0471975512,0.9871276313,0.0042084882,2.0157039294,1.9993125802,25.0000000000,25.0000000000,7.4316568785,0.6785983851,0.9878836274
1.2010000000,1.0471975512,0.9871313627,0.0034284697,2.0099015362,1.9991717856,25.0000000000,25.0000000000,7.4319469981,0.6785983851,0.9878836274
1.2020000000,1.0471975512,0.9871342438,0.0025428568,2.0092479009,1.9990865925,25.0000000000,25.0000000000,7.4326712122,0.6786606853,0.9878836274
1.2030000000,1.0471975512,0.9871362024,0.0016047062,2.0094624318,1.9990532101,25.0000000000,25.0000000000,7.4339984092,0.6787812190,0.9878836274
1.2040000000,1.0471975512,0.9871372172,0.0006633796,2.0099031698,1.9990675296,25.0000000000,25.0000000000,7.4357718037,0.6789429696,0.9878836274
1.2050000000,1.0471975512,0.9871373131,-0.0002368722,2.0104432456,1.9991238425,25.0000000000,25.0000000000,7.4378358115,0.6791313490,0.9878836274
1.2060000000,1.0471975512,0.9871365554,-0.0010583713,2.0110320098,1.9992151085,25.0000000000,25.0000000000,7.4400492149,0.6793334068,0.9878836274
1.2070000000,1.0471975512,0.9871350421,-0.0017710706,2.0116330435,1.9993334000,25.0000000000,25.0000000000,7.4422856740,0.6795375970,0.9878836274
1.2080000000,1.0471975512,0.9871328964,-0.0023531532,2.0122156170,1.9994703615,25.0000000000,25.0000000000,7.4444347198,0.6797338289,0.9878836274
1.2090000000,1.0471975512,0.9871302579,-0.0027911859,2.0127538665,1.9996176436,25.0000000000,25.0000000000,7.4464034241,0.6799136142,0.9878836274
1.2100000000,1.0471975512,0.9871272746,-0.0030798661,2.0132270397,1.9997672918,25.0000000000,25.0000000000,7.4481179633,0.6800702086,0.9878836274
1.2110000000,1.0471975512,0.9871240951,-0.0032214156,2.0136197542,1.9999120760,25.0000000000,25.0000000000,7.4495245893,0.6801987006,0.9878836274
1.2120000000,1.0471975512,0.9871208613,-0.0032246869,2.0139220718,2.0000457525,25.0000000000,25.0000000000,7.4505897958,0.6802960270,0.9878836274
1.2130000000,1.0471975512,0.9871177030,-0.0031040540,2.0141293518,2.0001632513,25.0000000000,25.0000000000,7.4512996391,0.6803609105,0.9878836274
1.2140000000,1.0471975512,0.9871147327,-0.0028781614,2.0142418916,2.0002607902,25.0000000000,25.0000000000,7.4516582768,0.6803937272,0.9863496466
1.2150000000,1.0471975512,0.9871120424,-0.0025686059,2.0142643850,2.0003359155,25.0000000000,25.0000000000,7.4516858435,0.6803963120,0.9863496466
1.2160000000,1.0471975512,0.9871097988,-0.0019695000,2.0577271324,2.0008421711,25.0000000000,25.0000000000,7.6443569116,0.6979498440,0.9863496466
1.2170000000,1.0471975512,0.9871085009,-0.0008514593,2.0624186175,2.0012389378,25.0000000000,25.0000000000,7.6435921022,0.6979020751,0.9863496466
1.2180000000,1.0471975512,0.9871084821,0.0004988668,2.0626278342,2.0014006574,25.0000000000,25.0000000000,7.6425544812,0.6978095381,0.9863496466
1.2190000000,1.0471975512,0.9871098769,0.0019372514,2.0622356116,2.0014513055,25.0000000000,25.0000000000,7.6406384022,0.6976351516,0.9863496466
1.2200000000,1.0471975512,0.9871127143,0.0033723416,2.0616266385,2.0014178093,25.0000000000,25.0000000000,7.6379834365,0.6973932224,0.9863496466
1.2210000000,1.0471975512,0.9871169427,0.0047281334,2.0608862509,2.0013128235,25.0000000000,25.0000000000,7.6348481719,0.6971074310,0.9878836274
1.2220000000,1.0471975512,0.9871224423,0.0059414523,2.0600754319,2.0011497032,25.0000000000,25.0000000000,7.6314771846,0.6968000861,0.9878836274
1.2230000000,1.0471975512,0.9871287373,0.0064152055,2.0167556664,2.0002508096,25.0000000000,25.0000000000,7.4350956997,0.6789129264,0.9878836274
1.2240000000,1.0471975512,0.9871351949,0.0064389676,2.0101036378,1.9998928911,25.0000000000,25.0000000000,7.4321698574,0.6786193729,0.9878836274
1.2250000000,1.0471975512,0.9871414662,0.0061323276,2.0086618356,1.9995797795,25.0000000000,25.0000000000,7.4300101276,0.6784183081,0.9878836274
1.2260000000,1.0471975512,0.9871472512,0.0055449514,2.0081973346,1.9993194159,25.0000000000,25.0000000000,7.4288872181,0.6783150527,0.9878836274
1.2270000000,1.0471975512,0.9871523044,0.0047338060,2.0080900302,1.9991181753,25.0000000000,25.0000000000,7.4287095518,0.6782985634,0.9878836274
1.2280000000,1.0471975512,0.9871564399,0.0037602340,2.0082246918,1.9989791999,25.0000000000,25.0000000000,7.4293584257,0.6783576271,0.9878836274
1.2290000000,1.0471975512,0.9871595346,0.0026866992,2.0085543755,1.9989024266,25.0000000000,25.0000000000,7.4307014947,0.6784801093,0.9878836274
1.2300000000,1.0471975512,0.9871615265,0.0015737660,2.0090392414,1.9988849033,25.0000000000,25.0000000000,7.4325953787,0.6786529136,0.9878836274
1.2310000000,1.0471975512,0.9871624118,0.0004774770,2.0096388925,1.9989212265,25.0000000000,25.0000000000,7.4348899599,0.6788623337,0.9878836274
1.2320000000,1.0471975512,0.9871622385,-0.0005527851,2.0103126320,1.9990040494,25.0000000000,25.0000000000,7.4374341684,0.6790945766,0.9878836274
1.2330000000,1.0471975512,0.9871610990,-0.0014759010,2.0110209275,1.9991246277,25.0000000000,25.0000000000,7.4400821440,0.6793363235,0.9878836274
1.2340000000,1.0471975512,0.9871591211,-0.0022600661,2.0117269532,1.9992733736,25.0000000000,25.0000000000,7.4426989965,0.6795752562,0.9878836274
1.2350000000,1.0471975512,0.9871564584,-0.0028832958,2.0123979397,1.9994403917,25.0000000000,25.0000000000,7.4451656965,0.6798005039,0.9878836274
1.2360000000,1.0471975512,0.9871532800,-0.0033334214,2.0130062356,1.9996159721,25.0000000000,25.0000000000,7.4473828378,0.6800029865,0.9878836274
1.2370000000,1.0471975512,0.9871497616,-0.0036076274,2.0135300389,1.9997910246,25.0000000000,25.0000000000,7.4492731530,0.6801756446,0.9878836274
1.2380000000,1.0471975512,0.9871460761,-0.0037116012,2.0139537884,1.9999574377,25.0000000000,25.0000000000,7.4507827628,0.6803135543,0.9878836274
1.2390000000,1.0471975512,0.9871423861,-0.0036583751,2.0142682285,2.0001083546,25.0000000000,25.0000000000,7.4518812202,0.6804139308,0.9878836274
1.2400000000,1.0471975512,0.9871388375,-0.0034669468,2.0144701753,2.0002383618,25.0000000000,25.0000000000,7.4525604637,0.6804760336,0.9878836274
1.2410000000,1.0471975512,0.9871355539,-0.0031607663,2.0145620263,2.0003435904,25.0000000000,25.0000000000,7.4528328398,0.6805009857,0.9878836274
1.2420000000,1.0471975512,0.9871326339,-0.0027661734,2.0145510620,2.0004217343,25.0000000000,25.0000000000,7.4527283820,0.6804915257,0.9878836274
1.2430000000,1.0471975512,0.9871301487,-0.0023108654,2.0144485931,2.0004719938,25.0000000000,25.0000000000,7.4522915511,0.6804517100,0.9878836274
1.2440000000,1.0471975512,0.9871281415,-0.0018224614,2.0142690104,2.0004949543,25.0000000000,25.0000000000,7.4515776442,0.6803865851,0.9878836274
1.2450000000,1.0471975512,0.9871266290,-0.0013272220,2.0140287903,2.0004924136,25.0000000000,25.0000000000,7.4506490758,0.6803018482,0.9878836274
1.2460000000,1.0471975512,0.9871256029,-0.0008489672,2.0137455071,2.0004671701,25.0000000000,25.0000000000,7.4495717167,0.6802035128,0.9878836274
1.2470000000,1.0471975512,0.9871250330,-0.0004082211,2.0134368985,2.0004227873,25.0000000000,25.0000000000,7.4484114578,0.6800975948,0.9878836274
1.2480000000,1.0471975512,0.9871248712,-0.0000216017,2.0131200205,2.0003633468,25.0000000000,25.0000000000,7.4472311330,0.6799898319,0.9878836274
1.2490000000,1.0471975512,0.9871250553,0.0002985445,2.0128105237,2.0002932034,25.0000000000,25.0000000000,7.4460879093,0.6798854446,0.9878836274
1.2500000000,1.0471975512,0.9871255134,0.0005442684,2.0125220703,2.0002167535,25.0000000000,25.0000000000,7.4450312158,0.6797889477,0.9878836274
1.2510000000,1.0471975512,0.9871261686,0.0007119277,2.0122659058,2.0001382256,25.0000000000,25.0000000000,7.4441012509,0.6797040132,0.9878836274
1.2520000000,1.0471975512,0.9871269427,0.0008019038,2.0120505879,2.0000615006,25.0000000000,25.0000000000,7.4433280776,0.6796333880,0.9878836274
1.2530000000,1.0471975512,0.9871277603,0.0008181612,2.0118818700,1.9999899674,25.0000000000,25.0000000000,7.4427312869,0.6795788631,0.9878836274
1.2540000000,1.0471975512,0.9871285518,0.0007676859,2.0117627267,1.9999264171,25.0000000000,25.0000000000,7.4423201842,0.6795412901,0.9878836274
1.2550000000,1.0471975512,0.9871292561,0.0006598426,2.0116935077,1.9998729748,25.0000000000,25.0000000000,7.4420944365,0.6795206407,0.9878836274
1.2560000000,1.0471975512,0.9871298228,0.0005056879,2.0116721971,1.9998310713,25.0000000000,25.0000000000,7.4420451005,0.6795161000,0.9878836274
1.2570000000,1.0471975512,0.9871302129,0.0003172769,2.0116947556,1.9998014489,25.0000000000,25.0000000000,7.4421559448,0.6795261876,0.9878836274
1.2580000000,1.0471975512,0.9871304000,0.0001069960,2.0117555223,1.9997841992,25.0000000000,25.0000000000,7.4424049722,0.6795488962,0.9878836274
1.2590000000,1.0471975512,0.9871303698,-0.0001130493,2.0118476485,1.9997788271,25.0000000000,25.0000000000,7.4427660512,0.6795818409,0.9878836274
1.2600000000,1.0471975512,0.9871301196,-0.0003315697,2.0119635424,1.9997843354,25.0000000000,25.0000000000,7.4432105693,0.6796224096,0.9878836274
1.2610000000,1.0471975512,0.9871296574,-0.0005385329,2.0120953012,1.9997993246,25.0000000000,25.0000000000,7.4437090281,0.6796679093,0.9878836274
1.2620000000,1.0471975512,0.9871290002,-0.0007254992,2.0122351125,1.9998220995,25.0000000000,25.0000000000,7.4442325115,0.6797156997,0.9878836274
1.2630000000,1.0471975512,0.9871281722,-0.0008858484,2.0123756091,1.9998507800,25.0000000000,25.0000000000,7.4447539737,0.6797633112,0.9878836274
1.2640000000,1.0471975512,0.9871272031,-0.0010148970,2.0125101656,1.9998834081,25.0000000000,25.0000000000,7.4452493043,0.6798085417,0.9878836274
1.2650000000,1.0471975512,0.9871261261,-0.0011099138,2.0126331302,1.9999180471,25.0000000000,25.0000000000,7.4456981441,0.6798495316,0.9878836274
1.2660000000,1.0471975512,0.9871249759,-0.0011700416,2.0127399850,1.9999528699,25.0000000000,25.0000000000,7.4460844409,0.6798848144,0.9878836274
1.2670000000,1.0471975512,0.9871237870,-0.0011961409,2.0128274386,1.9999862330,25.0000000000,25.0000000000,7.4463967461,0.6799133440,0.9878836274
1.2680000000,1.0471975512,0.9871225920,-0.0011905690,2.0128934500,2.0000167334,25.0000000000,25.0000000000,7.4466282650,0.6799344989,0.9878836274
1.2690000000,1.0471975512,0.9871214204,-0.0011569130,2.0129371928,2.0000432490,25.0000000000,25.0000000000,7.4467766850,0.6799480671,0.9878836274
1.2700000000,1.0471975512,0.9871202976,-0.0010996933,2.0129589660,2.0000649617,25.0000000000,25.0000000000,7.4468438126,0.6799542127,0.9878836274
1.2710000000,1.0471975512,0.9871192440,-0.0010240543,2.0129600621,2.0000813631,25.0000000000,25.0000000000,7.4468350568,0.6799534288,0.9878836274
1.2720000000,1.0471975512,0.9871182745,-0.0009354594,2.0129426021,2.0000922462,25.0000000000,25.0000000000,7.4467587977,0.6799464800,0.9878836274
1.2730000000,1.0471975512,0.9871173987,-0.0008394022,2.0129093496,2.0000976831,25.0000000000,25.0000000000,7.4466256840,0.6799343380,0.9878836274
1.2740000000,1.0471975512,0.9871166207,-0.0007411473,2.0128635148,2.0000979924,25.0000000000,25.0000000000,7.4464478978,0.6799181147,0.9863496466
1.2750000000,1.0471975512,0.9871159397,-0.0006455087,2.0128085574,2.0000936982,25.0000000000,25.0000000000,7.4462384252,0.6798989958,0.9863496466
1.2760000000,1.0471975512,0.9871154395,-0.0003455072,2.0563549214,2.0005113991,25.0000000000,25.0000000000,7.6389472074,0.6974563021,0.9863496466
1.2770000000,1.0471975512,0.9871155430,0.0004111023,2.0611441351,2.0008625810,25.0000000000,25.0000000000,7.6384705541,0.6974349334,0.9863496466
1.2780000000,1.0471975512,0.9871165443,0.0013714475,2.0614740936,2.0010050459,25.0000000000,25.0000000000,7.6379538680,0.6973898714,0.9863496466
1.2790000000,1.0471975512,0.9871185645,0.0024152027,2.0612464347,2.0010594046,25.0000000000,25.0000000000,7.6367527750,0.6972806393,0.9878836274
1.2800000000,1.0471975512,0.9871216417,0.0034723318,2.0608369189,2.0010498989,25.0000000000,25.0000000000,7.6349454862,0.6971159759,0.9878836274
1.2810000000,1.0471975512,0.9871254430,0.0039187971,2.0179146795,2.0002622434,25.0000000000,25.0000000000,7.4397329069,0.6793359136,0.9878836274
1.2820000000,1.0471975512,0.9871294480,0.0040267793,2.0115213521,2.0000187785,25.0000000000,25.0000000000,7.4375871888,0.6791138069,0.9878836274
1.2830000000,1.0471975512,0.9871334172,0.0039079609,2.0102147855,1.9998023262,25.0000000000,25.0000000000,7.4358519360,0.6789515924,0.9878836274
1.2840000000,1.0471975512,0.9871371419,0.0035923933,2.0097942244,1.9996181021,25.0000000000,25.0000000000,7.4348353238,0.6788581113,0.9878836274
1.2850000000,1.0471975512,0.9871404474,0.0031155522,2.0096509447,1.9994710795,25.0000000000,25.0000000000,7.4344748006,0.6788249863,0.9878836274
1.2860000000,1.0471975512,0.9871431966,0.0025166301,2.0096804200,1.9993641739,25.0000000000,25.0000000000,7.4346908747,0.6788445852,0.9878836274
1.2870000000,1.0471975512,0.9871452928,0.0018363850,2.0098480145,1.9992981521,25.0000000000,25.0000000000,7.4353977948,0.6789090266,0.9878836274
1.2880000000,1.0471975512,0.9871466801,0.0011150847,2.0101274664,1.9992717984,25.0000000000,25.0000000000,7.4365032807,0.6790098787,0.9878836274
1.2890000000,1.0471975512,0.9871473413,0.0003906828,2.0104925281,1.9992821762,25.0000000000,25.0000000000,7.4379100058,0.6791382551,0.9878836274
1.2900000000,1.0471975512,0.9871472949,-0.0003027081,2.0109165171,1.9993249442,25.0000000000,25.0000000000,7.4395187650,0.6792850983,0.9878836274
1.2910000000,1.0471975512,0.9871465907,-0.0009360038,2.0113731463,1.9993947067,25.0000000000,25.0000000000,7.4412323278,0.6794415302,0.9878836274
1.2920000000,1.0471975512,0.9871453038,-0.0014859769,2.0118375298,1.9994853751,25.0000000000,25.0000000000,7.4429592756,0.6795992029,0.9878836274
1.2930000000,1.0471975512,0.9871435284,-0.0019357259,2.0122871146,1.9995905250,25.0000000000,25.0000000000,7.4446174106,0.6797506096,0.9878836274
1.2940000000,1.0471975512,0.9871413718,-0.0022747990,2.0127024475,1.9997037307,25.0000000000,25.0000000000,7.4461364984,0.6798893352,0.9878836274
1.2950000000,1.0471975512,0.9871389479,-0.0024990051,2.0130677365,1.9998188652,25.0000000000,25.0000000000,7.4474602267,0.6800102354,0.9878836274
1.2960000000,1.0471975512,0.9871363709,-0.0026099516,2.0133711926,1.9999303549,25.0000000000,25.0000000000,7.4485473398,0.6801095405,0.9878836274
1.2970000000,1.0471975512,0.9871337502,-0.0026143609,2.0136051539,2.0000333814,25.0000000000,25.0000000000,7.4493719673,0.6801848851,0.9878836274
1.2980000000,1.0471975512,0.9871311859,-0.0025232195,2.0137660068,2.0001240274,25.0000000000,25.0000000000,7.4499232076,0.6802352710,0.9878836274
1.2990000000,1.0471975512,0.9871287647,-0.0023508171,2.0138539279,2.0001993647,25.0000000000,25.0000000000,7.4502040616,0.6802609692,0.9878836274
1.3000000000,1.0471975512,0.9871265577,-0.0021137334,2.0138724773,2.0002574868,25.0000000000,25.0000000000,7.4502298303,0.6802633742,0.9878836274
1.3010000000,1.0471975512,0.9871246185,-0.0018298235,2.0138280766,2.0002974912,25.0000000000,25.0000000000,7.4500261084,0.6802448209,0.9878836274
1.3020000000,1.0471975512,0.9871229825,-0.0015172509,2.0137294092,2.0003194152,25.0000000000,25.0000000000,7.4496265083,0.6802083765,0.9878836274
1.3030000000,1.0471975512,0.9871216673,-0.0011936077,2.0135867778,2.0003241360,25.0000000000,25.0000000000,7.4490702494,0.6801576206,0.9878836274
1.3040000000,1.0471975512,0.9871206737,-0.0008751540,2.0134114534,2.0003132409,25.0000000000,25.0000000000,7.4483997385,0.6800964244,0.9878836274
1.3050000000,1.0471975512,0.9871199874,-0.0005761990,2.0132150484,2.0002888791,25.0000000000,25.0000000000,7.4476582570,0.6800287396,0.9878836274
1.3060000000,1.0471975512,0.9871195813,-0.0003086391,2.0130089387,2.0002536021,25.0000000000,25.0000000000,7.4468878491,0.6799584051,0.9878836274
1.3070000000,1.0471975512,0.9871194180,-0.0000816561,2.0128037582,2.0002102021,25.0000000000,25.0000000000,7.4461274909,0.6798889801,0.9878836274
1.3080000000,1.0471975512,0.9871194527,0.0000984257,2.0126089803,2.0001615572,25.0000000000,25.0000000000,7.4454115939,0.6798236075,0.9878836274
1.3090000000,1.0471975512,0.9871196362,0.0002281339,2.0124325982,2.0001104872,25.0000000000,25.0000000000,7.4447688804,0.6797649108,0.9878836274
1.3100000000,1.0471975512,0.9871199174,0.0003067107,2.0122809070,2.0000596290,25.0000000000,25.0000000000,7.4442216407,0.6797149267,0.9878836274
1.3110000000,1.0471975512,0.9871202461,0.0003358626,2.0121583890,2.0000113325,25.0000000000,25.0000000000,7.4437853700,0.6796750711,0.9878836274
1.3120000000,1.0471975512,0.9871205750,0.0003194223,2.0120676944,1.9999675812,25.0000000000,25.0000000000,7.4434687594,0.6796461391,0.9878836274
1.3130000000,1.0471975512,0.9871208620,0.0002629462,2.0120097106,1.9999299382,25.0000000000,25.0000000000,7.4432740056,0.6796283325,0.9878836274
1.3140000000,1.0471975512,0.9871210712,0.0001732743,2.0119837060,1.9998995175,25.0000000000,25.0000000000,7.4431973908,0.6796213132,0.9878836274
1.3150000000,1.0471975512,0.9871211742,0.0000580764,2.0119875340,1.9998769793,25.0000000000,25.0000000000,7.4432300776,0.6796242752,0.9878836274
1.3160000000,1.0471975512,0.9871211504,-0.0000745927,2.0120178818,1.9998625468,25.0000000000,25.0000000000,7.4433590590,0.6796360318,0.9878836274
1.3170000000,1.0471975512,0.9871209874,-0.0002167097,2.0120705478,1.9998560417,25.0000000000,25.0000000000,7.4435682029,0.6796551108,0.9878836274
1.3180000000,1.0471975512,0.9871206806,-0.0003606532,2.0121407307,1.9998569347,25.0000000000,25.0000000000,7.4438393330,0.6796798531,0.9878836274
1.3190000000,1.0471975512,0.9871202325,-0.0004995173,2.0122233166,1.9998644070,25.0000000000,25.0000000000,7.4441532914,0.6797085097,0.9878836274
1.3200000000,1.0471975512,0.9871196520,-0.0006273583,2.0123131503,1.9998774190,25.0000000000,25.0000000000,7.4444909348,0.6797393326,0.9878836274
1.3210000000,1.0471975512,0.9871189533,-0.0007393711,2.0124052802,1.9998947818,25.0000000000,25.0000000000,7.4448340263,0.6797706568,0.9878836274
1.3220000000,1.0471975512,0.9871181544,-0.0008319938,2.0124951678,1.9999152285,25.0000000000,25.0000000000,7.4451659903,0.6798009684,0.9878836274
1.3230000000,1.0471975512,0.9871172763,-0.0009029428,2.0125788560,1.9999374814,25.0000000000,25.0000000000,7.4454725117,0.6798289599,0.9878836274
1.3240000000,1.0471975512,0.9871163414,-0.0009511856,2.0126530925,1.9999603129,25.0000000000,25.0000000000,7.4457419656,0.6798535694,0.9863496466
1.3250000000,1.0471975512,0.9871153725,-0.0009768572,2.0127154077,1.9999825970,25.0000000000,25.0000000000,7.4459656775,0.6798740043,0.9863496466
1.3260000000,1.0471975512,0.9871144811,-0.0007685781,2.0563642574,2.0004316461,25.0000000000,25.0000000000,7.6390751996,0.6974678750,0.9863496466
1.3270000000,1.0471975512,0.9871141218,-0.0000713775,2.0612416632,2.0008151246,25.0000000000,25.0000000000,7.6389513713,0.6974786896,0.9863496466
1.3280000000,1.0471975512,0.9871146210,0.0008613336,2.0616460669,2.0009889048,25.0000000000,25.0000000000,7.6387262480,0.6974602299,0.9863496466
1.3290000000,1.0471975512,0.9871161302,0.0019072914,2.0614761946,2.0010720922,25.0000000000,25.0000000000,7.6377454745,0.6973711067,0.9863496466
1.3300000000,1.0471975512,0.9871187155,0.0029931685,2.0611063328,2.0010876800,25.0000000000,25.0000000000,7.6360829569,0.6972196643,0.9878836274
1.3310000000,1.0471975512,0.9871223773,0.0040567866,2.0606076179,2.0010439725,25.0000000000,25.0000000000,7.6339369642,0.6970240851,0.9878836274
1.3320000000,1.0471975512,0.9871267515,0.0044823878,2.0176036627,2.0002339146,25.0000000000,25.0000000000,7.4385033112,0.6792237382,0.9878836274
1.3330000000,1.0471975512,0.9871312951,0.0045475117,2.0111653040,1.9999677576,25.0000000000,25.0000000000,7.4362390111,0.6789907456,0.9878836274
1.3340000000,1.0471975512,0.9871357472,0.0043660618,2.0098446041,1.9997333505,25.0000000000,25.0000000000,7.4344705867,0.6788254790,0.9878836274
1.3350000000,1.0471975512,0.9871398826,0.0039730808,2.0094306247,1.9995362717,25.0000000000,25.0000000000,7.4334912205,0.6787353830,0.9878836274
1.3360000000,1.0471975512,0.9871435149,0.0034092061,2.0093107695,1.9993815597,25.0000000000,25.0000000000,7.4332279789,0.6787111277,0.9878836274
1.3370000000,1.0471975512,0.9871465007,0.0027186989,2.0093773034,1.9992719466,25.0000000000,25.0000000000,7.4335898936,0.6787440323,0.9878836274
1.3380000000,1.0471975512,0.9871487417,0.0019470655,2.0095923056,1.9992078022,25.0000000000,25.0000000000,7.4344789938,0.6788250999,0.9878836274
1.3390000000,1.0471975512,0.9871501848,0.0011388151,2.0099261611,1.9991873421,25.0000000000,25.0000000000,7.4357905281,0.6789447600,0.9878836274
1.3400000000,1.0471975512,0.9871508196,0.0003354898,2.0103493231,1.9992069332,25.0000000000,25.0000000000,7.4374149752,0.6790930127,0.9878836274
1.3410000000,1.0471975512,0.9871506746,-0.0004259597,2.0108319980,1.9992614563,25.0000000000,25.0000000000,7.4392417114,0.6792597578,0.9878836274
1.3420000000,1.0471975512,0.9871498116,-0.0011144157,2.0113450935,1.9993447006,25.0000000000,25.0000000000,7.4411632942,0.6794351846,0.9878836274
1.3430000000,1.0471975512,0.9871483194,-0.0017054326,2.0118613200,1.9994497676,25.0000000000,25.0000000000,7.4430796398,0.6796101537,0.9878836274
1.3440000000,1.0471975512,0.9871463069,-0.0021816768,2.0123561913,1.9995694650,25.0000000000,25.0000000000,7.4449016676,0.6797765295,0.9878836274
1.3450000000,1.0471975512,0.9871438957,-0.0025329883,2.0128088302,1.9996966728,25.0000000000,25.0000000000,7.4465541749,0.6799274429,0.9878836274
1.3460000000,1.0471975512,0.9871412133,-0.0027561025,2.0132025432,1.9998246681,25.0000000000,25.0000000000,7.4479778254,0.6800574732,0.9878836274
1.3470000000,1.0471975512,0.9871383864,-0.0028540780,2.0135251489,1.9999473970,25.0000000000,25.0000000000,7.4491302196,0.6801627457,0.9878836274
1.3480000000,1.0471975512,0.9871355353,-0.0028354900,2.0137690667,2.0000596871,25.0000000000,25.0000000000,7.4499860797,0.6802409489,0.9878836274
1.3490000000,1.0471975512,0.9871327686,-0.0027134513,2.0139311843,2.0001573961,25.0000000000,25.0000000000,7.4505366233,0.6802912777,0.9878836274
1.3500000000,1.0471975512,0.9871301797,-0.0025045230,2.0140125324,2.0002374976,25.0000000000,25.0000000000,7.4507882374,0.6803143121,0.9878836274
1.3510000000,1.0471975512,0.9871278437,-0.0022275803,2.0140178009,2.0002981044,25.0000000000,25.0000000000,7.4507605856,0.6803118446,0.9878836274
1.3520000000,1.0471975512,0.9871258162,-0.0019026879,2.0139547354,2.0003384374,25.0000000000,25.0000000000,7.4504842949,0.6802866695,0.9878836274
1.3530000000,1.0471975512,0.9871241325,-0.0015500393,2.0138334554,2.0003587454,25.0000000000,25.0000000000,7.4499983751,0.6802423467,0.9878836274
1.3540000000,1.0471975512,0.9871228082,-0.0011890010,2.0136657329,2.0003601852,25.0000000000,25.0000000000,7.4493475172,0.6801829553,0.9878836274
1.3550000000,1.0471975512,0.9871218404,-0.0008372956,2.0134642696,2.0003446722,25.0000000000,25.0000000000,7.4485794112,0.6801128491,0.9878836274
1.3560000000,1.0471975512,0.9871212099,-0.0005103483,2.0132420073,2.0003147116,25.0000000000,25.0000000000,7.4477422062,0.6800364240,0.9878836274
1.3570000000,1.0471975512,0.9871208839,-0.0002208085,2.0130114986,2.0002732191,25.0000000000,25.0000000000,7.4468822152,0.6799579090,0.9878836274
1.3580000000,1.0471975512,0.9871208186,0.0000217486,2.0127843623,2.0002233417,25.0000000000,25.0000000000,7.4460419478,0.6798811861,0.9878836274
1.3590000000,1.0471975512,0.9871209629,0.0002109452,2.0125708395,2.0001682870,25.0000000000,25.0000000000,7.4452585269,0.6798096458,0.9878836274
1.3600000000,1.0471975512,0.9871212612,0.0003435625,2.0123794605,2.0001111668,25.0000000000,25.0000000000,7.4445625229,0.6797460807,0.9878836274
1.3610000000,1.0471975512,0.9871216566,0.0004193589,2.0122168263,2.0000548624,25.0000000000,25.0000000000,7.4439772165,0.6796926178,0.9878836274
1.3620000000,1.0471975512,0.9871220934,0.0004407685,2.0120875038,2.0000019142,25.0000000000,25.0000000000,7.4435182788,0.6796506895,0.9878836274
1.3630000000,1.0471975512,0.9871225201,0.0004125062,2.0119940260,1.9999544391,25.0000000000,25.0000000000,7.4431938402,0.6796210398,0.9878836274
1.3640000000,1.0471975512,0.9871228911,0.0003411084,2.0119369876,1.9999140765,25.0000000000,25.0000000000,7.4430049037,0.6796037615,0.9878836274
1.3650000000,1.0471975512,0.9871231680,0.0002344368,2.0119152211,1.9998819616,25.0000000000,25.0000000000,7.4429460465,0.6795983610,0.9878836274
1.3660000000,1.0471975512,0.9871233208,0.0001011722,2.0119260363,1.9998587261,25.0000000000,25.0000000000,7.4430063485,0.6796038424,0.9878836274
1.3670000000,1.0471975512,0.9871233288,-0.0000496758,2.0119655058,1.9998445209,25.0000000000,25.0000000000,7.4431704792,0.6796188067,0.9878836274
1.3680000000,1.0471975512,0.9871231797,-0.0002092241,2.0120287781,1.9998390600,25.0000000000,25.0000000000,7.4434198757,0.6796415599,0.9878836274
1.3690000000,1.0471975512,0.9871228703,-0.0003691168,2.0121104012,1.9998416795,25.0000000000,25.0000000000,7.4437339481,0.6796702224,0.9878836274
1.3700000000,1.0471975512,0.9871224049,-0.0005218599,2.0122046401,1.9998514086,25.0000000000,25.0000000000,7.4440912531,0.6797028365,0.9878836274
1.3710000000,1.0471975512,0.9871217947,-0.0006610797,2.0123057736,1.9998670465,25.0000000000,25.0000000000,7.4444705830,0.6797374659,0.9878836274
1.3720000000,1.0471975512,0.9871210566,-0.0007817031,2.0124083602,1.9998872433,25.0000000000,25.0000000000,7.4448519311,0.6797722837,0.9878836274
1.3730000000,1.0471975512,0.9871202116,-0.0008800571,2.0125074622,1.9999105779,25.0000000000,25.0000000000,7.4452172976,0.6798056460,0.9878836274
1.3740000000,1.0471975512,0.9871192834,-0.0009538935,2.0125988232,1.9999356323,25.0000000000,25.0000000000,7.4455513192,0.6798361496,0.9878836274
1.3750000000,1.0471975512,0.9871182973,-0.0010023437,2.0126789952,1.9999610571,25.0000000000,25.0000000000,7.4458417084,0.6798626719,0.9878836274
1.3760000000,1.0471975512,0.9871172784,-0.0010258146,2.0127454139,1.9999856275,25.0000000000,25.0000000000,7.4460795038,0.6798843941,0.9878836274
1.3770000000,1.0471975512,0.9871162508,-0.0010258356,2.0127964264,2.0000082872,25.0000000000,25.0000000000,7.4462591384,0.6799008072,0.9863496466
1.3780000000,1.0471975512,0.9871152365,-0.0010048691,2.0128312717,2.0000281798,25.0000000000,25.0000000000,7.4463783429,0.6799117033,0.9863496466
1.3790000000,1.0471975512,0.9871143447,-0.0007528200,2.0564467516,2.0004740883,25.0000000000,25.0000000000,7.6393752565,0.6974952787,0.9863496466
1.3800000000,1.0471975512,0.9871140259,-0.0000168749,2.0612938257,2.0008515051,25.0000000000,25.0000000000,7.6391364842,0.6974956014,0.9863496466
1.3810000000,1.0471975512,0.9871146001,0.0009476070,2.0616702612,2.0010178623,25.0000000000,25.0000000000,7.6387988551,0.6974668800,0.9863496466
1.3820000000,1.0471975512,0.9871162111,0.0020174144,2.0614742883,2.0010928880,25.0000000000,25.0000000000,7.6377131527,0.6973681862,0.9863496466
1.3830000000,1.0471975512,0.9871189169,0.0031188046,2.0610811531,2.0011000850,25.0000000000,25.0000000000,7.6359582705,0.6972083179,0.9878836274
1.3840000000,1.0471975512,0.9871227095,0.0041896674,2.0605629222,2.0010482243,25.0000000000,25.0000000000,7.6337361536,0.6970057928,0.9878836274
1.3850000000,1.0471975512,0.9871272172,0.0046157148,2.0175389023,2.0002323680,25.0000000000,25.0000000000,7.4382452216,0.6792001952,0.9878836274
1.3860000000,1.0471975512,0.9871318912,0.0046754741,2.0110876839,1.9999602129,25.0000000000,25.0000000000,7.4359432084,0.6789637471,0.9878836274
1.3870000000,1.0471975512,0.9871364649,0.0044832578,2.0097606471,1.9997207839,25.0000000000,25.0000000000,7.4341553552,0.6787967016,0.9878836274
1.3880000000,1.0471975512,0.9871407084,0.0040751768,2.0093450731,1.9995197961,25.0000000000,25.0000000000,7.4331730196,0.6787063309,0.9878836274
1.3890000000,1.0471975512,0.9871444316,0.0034930273,2.0092277727,1.9993623538,25.0000000000,25.0000000000,7.4329218201,0.6786831720,0.9878836274
1.3900000000,1.0471975512,0.9871474886,0.0027822562,2.0093004467,1.9992511926,25.0000000000,25.0000000000,7.4333087195,0.6787183551,0.9878836274
1.3910000000,1.0471975512,0.9871497800,0.0019895236,2.0095245180,1.9991866305,25.0000000000,25.0000000000,7.4342332569,0.6788026561,0.9878836274
1.3920000000,1.0471975512,0.9871512525,0.0011604100,2.0098696456,1.9991667839,25.0000000000,25.0000000000,7.4355879480,0.6789262550,0.9878836274
1.3930000000,1.0471975512,0.9871518965,0.0003374061,2.0103055280,1.9991878827,25.0000000000,25.0000000000,7.4372604568,0.6790788949,0.9878836274
1.3940000000,1.0471975512,0.9871517422,-0.0004417444,2.0108016275,1.9992446436,25.0000000000,25.0000000000,7.4391374078,0.6792502243,0.9878836274
1.3950000000,1.0471975512,0.9871508537,-0.0011453057,2.0113281522,1.9993306750,25.0000000000,25.0000000000,7.4411087929,0.6794301982,0.9878836274
1.3960000000,1.0471975512,0.9871493228,-0.0017484003,2.0118571864,1.9994388906,25.0000000000,25.0000000000,7.4430722498,0.6796094693,0.9878836274
1.3970000000,1.0471975512,0.9871472616,-0.0022334490,2.0123637118,1.9995619133,25.0000000000,25.0000000000,7.4449367842,0.6797797270,0.9878836274
1.3980000000,1.0471975512,0.9871447949,-0.0025902250,2.0128264292,1.9996924495,25.0000000000,25.0000000000,7.4466256947,0.6799339654,0.9878836274
1.3990000000,1.0471975512,0.9871420536,-0.0028155595,2.0132283406,1.9998236207,25.0000000000,25.0000000000,7.4480785879,0.6800666671,0.9878836274
1.4000000000,1.0471975512,0.9871391676,-0.0029127482,2.0135570799,1.9999492407,25.0000000000,25.0000000000,7.4492524524,0.6801739015,0.9878836274
1.4010000000,1.0471975512,0.9871362597,-0.0028907192,2.0138049974,2.0000640321,25.0000000000,25.0000000000,7.4501218251,0.6802533401,0.9878836274
1.4020000000,1.0471975512,0.9871334412,-0.0027630242,2.0139690184,2.0001637771,25.0000000000,25.0000000000,7.4506781292,0.6803041964,0.9878836274
1.4030000000,1.0471975512,0.9871308072,-0.0025467213,2.0140503052,2.0002454029,25.0000000000,25.0000000000,7.4509282972,0.6803271002,0.9878836274
1.4040000000,1.0471975512,0.9871284343,-0.0022612102,2.0140537568,2.0003070050,25.0000000000,25.0000000000,7.4508928171,0.6803239194,0.9878836274
1.4050000000,1.0471975512,0.9871263789,-0.0019270807,2.0139873881,2.0003478136,25.0000000000,25.0000000000,7.4506033518,0.6802975425,0.9878836274
1.4060000000,1.0471975512,0.9871246767,-0.0015650276,2.0138616286,2.0003681096,25.0000000000,25.0000000000,7.4501000873,0.6802516368,0.9878836274
1.4070000000,1.0471975512,0.9871233432,-0.0011948735,2.0136885829,2.0003691019,25.0000000000,25.0000000000,7.4494289619,0.6801903956,0.9878836274
1.4080000000,1.0471975512,0.9871223748,-0.0008347362,2.0134812895,2.0003527726,25.0000000000,25.0000000000,7.4486389184,0.6801182867,0.9878836274
1.4090000000,1.0471975512,0.9871217516,-0.0005003622,2.0132530155,2.0003217035,25.0000000000,25.0000000000,7.4477793045,0.6800398158,0.9878836274
1.4100000000,1.0471975512,0.9871214395,-0.0002046417,2.0130166130,2.0002788928,25.0000000000,25.0000000000,7.4468975284,0.6799593116,0.9878836274
1.4110000000,1.0471975512,0.9871213935,0.0000426927,2.0127839633,2.0002275711,25.0000000000,25.0000000000,7.4460370502,0.6798807431,0.9878836274
1.4120000000,1.0471975512,0.9871215610,0.0002351878,2.0125655249,2.0001710266,25.0000000000,25.0000000000,7.4452357703,0.6798075718,0.9878836274
1.4130000000,1.0471975512,0.9871218848,0.0003696264,2.0123699944,2.0001124454,25.0000000000,25.0000000000,7.4445248448,0.6797426437,0.9878836274
1.4140000000,1.0471975512,0.9871223065,0.0004458371,2.0122040865,2.0000547738,25.0000000000,25.0000000000,7.4439279420,0.6796881213,0.9878836274
1.4150000000,1.0471975512,0.9871227694,0.0004663824,2.0120724283,2.0000006062,25.0000000000,25.0000000000,7.4434609245,0.6796454546,0.9878836274
1.4160000000,1.0471975512,0.9871232206,0.0004361520,2.0119775634,1.9999521007,25.0000000000,25.0000000000,7.4431319301,0.6796153881,0.9878836274
1.4170000000,1.0471975512,0.9871236135,0.0003618899,2.0119200514,1.9999109251,25.0000000000,25.0000000000,7.4429418038,0.6795980006,0.9878836274
1.4180000000,1.0471975512,0.9871239090,0.0002516856,2.0118986512,1.9998782296,25.0000000000,25.0000000000,7.4428848250,0.6795927710,0.9878836274
1.4190000000,1.0471975512,0.9871240766,0.0001144551,2.0119105670,1.9998546486,25.0000000000,25.0000000000,7.4429496636,0.6795986659,0.9878836274
1.4200000000,1.0471975512,0.9871240952,-0.0000405619,2.0119517429,1.9998403243,25.0000000000,25.0000000000,7.4431204982,0.6796142419,0.9878836274
1.4210000000,1.0471975512,0.9871239527,-0.0002042663,2.0120171844,1.9998349525,25.0000000000,25.0000000000,7.4433782255,0.6796377554,0.9878836274
1.4220000000,1.0471975512,0.9871236457,-0.0003681098,2.0121012896,1.9998378434,25.0000000000,25.0000000000,7.4437016962,0.6796672757,0.9878836274
1.4230000000,1.0471975512,0.9871231791,-0.0005244356,2.0121981747,1.9998479943,25.0000000000,25.0000000000,7.4440689165,0.6797007951,0.9878836274
1.4240000000,1.0471975512,0.9871225644,-0.0006667416,2.0123019780,1.9998641690,25.0000000000,25.0000000000,7.4444581620,0.6797363298,0.9878836274
1.4250000000,1.0471975512,0.9871218190,-0.0007898628,2.0124071309,1.9998849803,25.0000000000,25.0000000000,7.4448489633,0.6797720108,0.9878836274
1.4260000000,1.0471975512,0.9871209646,-0.0008900717,2.0125085870,1.9999089705,25.0000000000,25.0000000000,7.4452229283,0.6798061584,0.9878836274
1.4270000000,1.0471975512,0.9871200256,-0.0009651009,2.0126020023,1.9999346866,25.0000000000,25.0000000000,7.4455643826,0.6798373408,0.9878836274
1.4280000000,1.0471975512,0.9871190279,-0.0010140959,2.0126838644,1.9999607477,25.0000000000,25.0000000000,7.4458608143,0.6798644151,0.9878836274
1.4290000000,1.0471975512,0.9871179972,-0.0010375062,2.0127515686,1.9999859020,25.0000000000,25.0000000000,7.4461031262,0.6798865500,0.9878836274
1.4300000000,1.0471975512,0.9871169583,-0.0010369275,2.0128034444,2.0000090714,25.0000000000,25.0000000000,7.4462857009,0.6799032318,0.9878836274
1.4310000000,1.0471975512,0.9871159335,-0.0010149070,2.0128387350,2.0000293836,25.0000000000,25.0000000000,7.4464062977,0.6799142554,0.9863496466
1.4320000000,1.0471975512,0.9871149425,-0.0009747244,2.0128575365,2.0000461914,25.0000000000,25.0000000000,7.4464658022,0.6799197008,0.9863496466
1.4330000000,1.0471975512,0.9871140909,-0.0007069229,2.0564576495,2.0004884154,25.0000000000,25.0000000000,7.6394051970,0.6974980252,0.9863496466
1.4340000000,1.0471975512,0.9871138257,0.0000407194,2.0612912677,2.0008616297,25.0000000000,25.0000000000,7.6391135117,0.6974935203,0.9863496466
1.4350000000,1.0471975512,0.9871144624,0.0010126188,2.0616560047,2.0010236900,25.0000000000,25.0000000000,7.6387296382,0.6974605800,0.9863496466
1.4360000000,1.0471975512,0.9871161408,0.0020856278,2.0614503198,2.0010945691,25.0000000000,25.0000000000,7.6376061283,0.6973584364,0.9863496466
1.4370000000,1.0471975512,0.9871189146,0.0031862834,2.0610497490,2.0010979719,25.0000000000,25.0000000000,7.6358230364,0.6971959931,0.9878836274
1.4380000000,1.0471975512,0.9871227723,0.0042529326,2.0605265167,2.0010428317,25.0000000000,25.0000000000,7.6335828066,0.6969918137,0.9878836274
1.4390000000,1.0471975512,0.9871273393,0.0046724309,2.0174971605,2.0002252806,25.0000000000,25.0000000000,7.4380838943,0.6791854732,0.9878836274
1.4400000000,1.0471975512,0.9871320650,0.0047239541,2.0110447305,1.9999513602,25.0000000000,25.0000000000,7.4357831777,0.6789491364,0.9878836274
1.4410000000,1.0471975512,0.9871366812,0.0045221072,2.0097195636,1.9997107610,25.0000000000,25.0000000000,7.4340041793,0.6787828971,0.9878836274
1.4420000000,1.0471975512,0.9871409571,0.0041035957,2.0093076691,1.9995091928,25.0000000000,25.0000000000,7.4330366098,0.6786938733,0.9878836274
1.4430000000,1.0471975512,0.9871447020,0.0035107864,2.0091953957,1.9993517256,25.0000000000,25.0000000000,7.4328048839,0.6786724913,0.9878836274
1.4440000000,1.0471975512,0.9871477703,0.0027896469,2.0092740653,1.9992410376,25.0000000000,25.0000000000,7.4332146131,0.6787097582,0.9878836274
1.4450000000,1.0471975512,0.9871500630,0.0019872905,2.0095047248,1.9991773725,25.0000000000,25.0000000000,7.4341639450,0.6787963226,0.9878836274
1.4460000000,1.0471975512,0.9871515278,0.0011496682,2.0098566672,1.9991587604,25.0000000000,25.0000000000,7.4355440454,0.6789222413,0.9878836274
1.4470000000,1.0471975512,0.9871521565,0.0003195503,2.0102992516,1.9991813383,25.0000000000,25.0000000000,7.4372413353,0.6790771440,0.9878836274
1.4480000000,1.0471975512,0.9871519807,-0.0004651340,2.0108016403,1.9992397282,25.0000000000,25.0000000000,7.4391413527,0.6792505797,0.9878836274
1.4490000000,1.0471975512,0.9871510664,-0.0011725569,2.0113337922,1.9993274468,25.0000000000,25.0000000000,7.4411331956,0.6794324221,0.9878836274
1.4500000000,1.0471975512,0.9871495067,-0.0017778362,2.0118675987,1.9994373231,25.0000000000,25.0000000000,7.4431138224,0.6796132615,0.9878836274
1.4510000000,1.0471975512,0.9871474155,-0.0022634670,2.0123779091,1.9995619052,25.0000000000,25.0000000000,7.4449917836,0.6797847459,0.9878836274
1.4520000000,1.0471975512,0.9871449193,-0.0026193636,2.0128433514,1.9996938374,25.0000000000,25.0000000000,7.4466901447,0.6799398480,0.9878836274
1.4530000000,1.0471975512,0.9871421501,-0.0028425518,2.0132469121,1.9998261931,25.0000000000,25.0000000000,7.4481484893,0.6800730482,0.9878836274
1.4540000000,1.0471975512,0.9871392390,-0.0029365604,2.0135762611,1.9999527533,25.0000000000,25.0000000000,7.4493239717,0.6801804311,0.9878836274
1.4550000000,1.0471975512,0.9871363098,-0.0029105744,2.0138238295,2.0000682223,25.0000000000,25.0000000000,7.4501914560,0.6802596980,0.9878836274
1.4560000000,1.0471975512,0.9871334742,-0.0027784120,2.0139866598,2.0001683782,25.0000000000,25.0000000000,7.4507428217,0.6803101040,0.9878836274
1.4570000000,1.0471975512,0.9871308277,-0.0025573930,2.0140660580,2.0002501570,25.0000000000,25.0000000000,7.4509855520,0.6803323293,0.9878836274
1.4580000000,1.0471975512,0.9871284471,-0.0022671634,2.0140670846,2.0003116743,25.0000000000,25.0000000000,7.4509407446,0.6803282972,0.9878836274
1.4590000000,1.0471975512,0.9871263886,-0.0019285335,2.0139979238,2.0003521891,25.0000000000,25.0000000000,7.4506406960,0.6803009543,0.9878836274
1.4600000000,1.0471975512,0.9871246876,-0.0015623850,2.0138691741,2.0003720182,25.0000000000,25.0000000000,7.4501262178,0.6802540249,0.9878836274
1.4610000000,1.0471975512,0.9871233589,-0.0011886890,2.0136931002,2.0003724102,25.0000000000,25.0000000000,7.4494438379,0.6801917561,0.9878836274
1.4620000000,1.0471975512,0.9871223986,-0.0008256705,2.0134828860,2.0003553893,25.0000000000,25.0000000000,7.4486430282,0.6801186642,0.9878836274
1.4630000000,1.0471975512,0.9871217859,-0.0004891407,2.0132519235,2.0003235793,25.0000000000,25.0000000000,7.4477735875,0.6800392958,0.9878836274
1.4640000000,1.0471975512,0.9871214859,-0.0001920144,2.0130131657,2.0002800181,25.0000000000,25.0000000000,7.4468832835,0.6799580128,0.9878836274
1.4650000000,1.0471975512,0.9871214530,0.0000559892,2.0127785691,2.0002279722,25.0000000000,25.0000000000,7.4460158380,0.6798788078,0.9878836274
1.4660000000,1.0471975512,0.9871216338,0.0002484629,2.0125586397,2.0001707609,25.0000000000,25.0000000000,7.4452093120,0.6798051571,0.9878836274
1.4670000000,1.0471975512,0.9871219705,0.0003822632,2.0123620961,2.0001115953,25.0000000000,25.0000000000,7.4444949259,0.6797399127,0.9878836274
1.4680000000,1.0471975512,0.9871224042,0.0004573133,2.0121956498,2.0000534404,25.0000000000,25.0000000000,7.4438963214,0.6796852346,0.9878836274
1.4690000000,1.0471975512,0.9871228776,0.0004762847,2.0120639034,1.9999989024,25.0000000000,25.0000000000,7.4434292558,0.6796425632,0.9878836274
1.4700000000,1.0471975512,0.9871233376,0.0004441838,2.0119693572,1.9999501450,25.0000000000,25.0000000000,7.4431016956,0.6796126273,0.9878836274
1.4710000000,1.0471975512,0.9871237372,0.0003678731,2.0119125132,1.9999088351,25.0000000000,25.0000000000,7.4429142630,0.6795954855,0.9878836274
1.4720000000,1.0471975512,0.9871240374,0.0002555564,2.0118920623,1.9998761170,25.0000000000,25.0000000000,7.4428609794,0.6795905930,0.9878836274
1.4730000000,1.0471975512,0.9871242076,0.0001162548,2.0119051351,1.9998526141,25.0000000000,25.0000000000,7.4429302373,0.6795968914,0.9878836274
1.4740000000,1.0471975512,0.9871242268,-0.0000406996,2.0119475999,1.9998384547,25.0000000000,25.0000000000,7.4431059329,0.6796129111,0.9878836274
1.4750000000,1.0471975512,0.9871240830,-0.0002061315,2.0120143880,1.9998333177,25.0000000000,25.0000000000,7.4433686899,0.6796368837,0.9878836274
1.4760000000,1.0471975512,0.9871237732,-0.0003714341,2.0120998288,1.9998364950,25.0000000000,25.0000000000,7.4436971068,0.6796668557,0.9878836274
1.4770000000,1.0471975512,0.9871233025,-0.0005289105,2.0121979773,1.9998469650,25.0000000000,25.0000000000,7.4440689676,0.6797007988,0.9878836274
1.4780000000,1.0471975512,0.9871226828,-0.0006720376,2.0123029205,1.9998634734,25.0000000000,25.0000000000,7.4444623638,0.6797367126,0.9878836274
1.4790000000,1.0471975512,0.9871219318,-0.0007956466,2.0124090495,1.9998846158,25.0000000000,25.0000000000,7.4448566838,0.6797727150,0.9878836274
1.4800000000,1.0471975512,0.9871210715,-0.0008960222,2.0125112897,1.9999089192,25.0000000000,25.0000000000,7.4452334378,0.6798071173,0.9878836274
1.4810000000,1.0471975512,0.9871201266,-0.0009709231,2.0126052807,1.9999349181,25.0000000000,25.0000000000,7.4455768977,0.6798384830,0.9878836274
1.4820000000,1.0471975512,0.9871191233,-0.0010195317,2.0126875050,1.9999612215,25.0000000000,25.0000000000,7.4458745407,0.6798656681,0.9878836274
1.4830000000,1.0471975512,0.9871180875,-0.0010423425,2.0127553636,1.9999865705,25.0000000000,25.0000000000,7.4461172963,0.6798878436,0.9878836274
1.4840000000,1.0471975512,0.9871170442,-0.0010410019,2.0128072006,2.0000098830,25.0000000000,25.0000000000,7.4462996071,0.6799045015,0.9878836274
1.4850000000,1.0471975512,0.9871160160,-0.0010181093,2.0128422812,2.0000302854,25.0000000000,25.0000000000,7.4464193191,0.6799154444,0.9863496466
1.4860000000,1.0471975512,0.9871150223,-0.0009769969,2.0128607294,2.0000471318,25.0000000000,25.0000000000,7.4464774244,0.6799207622,0.9863496466
1.4870000000,1.0471975512,0.9871141691,-0.0007082290,2.0564602437,2.0004893915,25.0000000000,25.0000000000,7.6394150315,0.6974989229,0.9863496466
1.4880000000,1.0471975512,0.9871139031,0.0000403612,2.0612932965,2.0008625551,25.0000000000,25.0000000000,7.6391212830,0.6974942295,0.9863496466
1.4890000000,1.0471975512,0.9871145400,0.0010131272,2.0616574831,2.0010245183,25.0000000000,25.0000000000,7.6387351619,0.6974610843,0.9863496466
1.4900000000,1.0471975512,0.9871162194,0.0020868841,2.0614512351,2.0010952669,25.0000000000,25.0000000000,7.6376093370,0.6973587296,0.9863496466
1.4910000000,1.0471975512,0.9871189948,0.0031881420,2.0610501117,2.0010985163,25.0000000000,25.0000000000,7.6358239988,0.6971960815,0.9878836274
1.4920000000,1.0471975512,0.9871228546,0.0042552316,2.0605263654,2.0010432103,25.0000000000,25.0000000000,7.6335817065,0.6969917139,0.9878836274
1.4930000000,1.0471975512,0.9871274241,0.0046750159,2.0174964881,2.0002255151,25.0000000000,25.0000000000,7.4380810100,0.6791852103,0.9878836274
1.4940000000,1.0471975512,0.9871321525,0.0047266800,2.0110436341,1.9999514461,25.0000000000,25.0000000000,7.4357788492,0.6789487415,0.9878836274
1.4950000000,1.0471975512,0.9871367715,0.0045248321,2.0097181566,1.9997107097,25.0000000000,25.0000000000,7.4339987699,0.6787824034,0.9878836274
1.4960000000,1.0471975512,0.9871410500,0.0041061926,2.0093060520,1.9995090212,25.0000000000,25.0000000000,7.4330304836,0.6786933141,0.9878836274
1.4970000000,1.0471975512,0.9871447974,0.0035131477,2.0091936660,1.9993514543,25.0000000000,25.0000000000,7.4327984009,0.6786718995,0.9878836274
1.4980000000,1.0471975512,0.9871478679,0.0027916872,2.0092723155,1.9992406897,25.0000000000,25.0000000000,7.4332081126,0.6787091647,0.9878836274
1.4990000000,1.0471975512,0.9871501624,0.0019889484,2.0095030385,1.9991769723,25.0000000000,25.0000000000,7.4341577318,0.6787957553,0.9878836274
1.5000000000,1.0471975512,0.9871516286,0.0011509065,2.0098551165,1.9991583321,25.0000000000,25.0000000000,7.4355383789,0.6789217239,0.9878836274
1.5010000000,1.0471975512,0.9871522582,0.0003203554,2.0102978943,1.9991809048,25.0000000000,25.0000000000,7.4372364223,0.6790766952,0.9878836274
1.5020000000,1.0471975512,0.9871520830,-0.0004647542,2.0108005196,1.9992393103,25.0000000000,25.0000000000,7.4391373432,0.6792502134,0.9878836274
1.5030000000,1.0471975512,0.9871511688,-0.0011725754,2.0113329353,1.9993270623,25.0000000000,25.0000000000,7.4411301816,0.6794321467,0.9878836274
1.5040000000,1.0471975512,0.9871496089,-0.0017782104,2.0118670180,1.9994369863,25.0000000000,25.0000000000,7.4431118400,0.6796130803,0.9878836274
1.5050000000,1.0471975512,0.9871475171,-0.0022641420,2.0123776025,1.9995616270,25.0000000000,25.0000000000,7.4449908167,0.6797846574,0.9878836274
1.5060000000,1.0471975512,0.9871450201,-0.0026202763,2.0128433045,1.9996936245,25.0000000000,25.0000000000,7.4466901319,0.6799398466,0.9878836274
1.5070000000,1.0471975512,0.9871422499,-0.0028436347,2.0132470998,1.9998260487,25.0000000000,25.0000000000,7.4481493308,0.6800731248,0.9878836274
1.5080000000,1.0471975512,0.9871393376,-0.0029377451,2.0135766500,1.9999526769,25.0000000000,25.0000000000,7.4493255386,0.6801805740,0.9878836274
1.5090000000,1.0471975512,0.9871364072,-0.0029117949,2.0138243803,2.0000682103,25.0000000000,25.0000000000,7.4501935990,0.6802598935,0.9878836274
1.5100000000,1.0471975512,0.9871335703,-0.0027796075,2.0139873297,2.0001684243,25.0000000000,25.0000000000,7.4507453803,0.6803103375,0.9878836274
1.5110000000,1.0471975512,0.9871309227,-0.0025585106,2.0140668033,2.0002502530,25.0000000000,25.0000000000,7.4509883632,0.6803325859,0.9878836274
1.5120000000,1.0471975512,0.9871285411,-0.0022681590,2.0140678626,2.0003118105,25.0000000000,25.0000000000,7.4509436507,0.6803285625,0.9878836274
1.5130000000,1.0471975512,0.9871264817,-0.0019293734,2.0139986949,2.0003523550,25.0000000000,25.0000000000,7.4506435514,0.6803012150,0.9878836274
1.5140000000,1.0471975512,0.9871247799,-0.0015630465,2.0138699029,2.0003722028,25.0000000000,25.0000000000,7.4501288947,0.6802542694,0.9878836274
1.5150000000,1.0471975512,0.9871234507,-0.0011891600,2.0136937572,2.0003726030,25.0000000000,25.0000000000,7.4494462301,0.6801919746,0.9878836274
1.5160000000,1.0471975512,0.9871224900,-0.0008259489,2.0134834481,2.0003555805,25.0000000000,25.0000000000,7.4486450540,0.6801188492,0.9878836274
1.5170000000,1.0471975512,0.9871218771,-0.0004892339,2.0132523744,2.0003237601,25.0000000000,25.0000000000,7.4477751910,0.6800394423,0.9878836274
1.5180000000,1.0471975512,0.9871215772,-0.0001919374,2.0130134962,2.0002801811,25.0000000000,25.0000000000,7.4468844342,0.6799581179,0.9878836274
1.5190000000,1.0471975512,0.9871215445,0.0000562148,2.0127787762,2.0002281117,25.0000000000,25.0000000000,7.4460165298,0.6798788710,0.9878836274
1.5200000000,1.0471975512,0.9871217256,0.0002488111,2.0125587268,2.0001708729,25.0000000000,25.0000000000,7.4452095609,0.6798051799,0.9878836274
1.5210000000,1.0471975512,0.9871220627,0.0003827048,2.0123620718,2.0001116775,25.0000000000,25.0000000000,7.4444947667,0.6797398982,0.9878836274
1.5220000000,1.0471975512,0.9871224969,0.0004578179,2.0121955269,2.0000534920,25.0000000000,25.0000000000,7.4438958044,0.6796851875,0.9878836274
1.5230000000,1.0471975512,0.9871229708,0.0004768221,2.0120636980,1.9999989243,25.0000000000,25.0000000000,7.4434284429,0.6796424890,0.9878836274
1.5240000000,1.0471975512,0.9871234313,0.0004447256,2.0119690874,1.9999501392,25.0000000000,25.0000000000,7.4431006556,0.6796125324,0.9878836274
1.5250000000,1.0471975512,0.9871238315,0.0003683936,2.0119121986,1.9999088048,25.0000000000,25.0000000000,7.4429130683,0.6795953764,0.9878836274
1.5260000000,1.0471975512,0.9871241321,0.0002560334,2.0118917222,1.9998760662,25.0000000000,25.0000000000,7.4428597021,0.6795904764,0.9878836274
1.5270000000,1.0471975512,0.9871243028,0.0001166707,2.0119047880,1.9998525474,25.0000000000,25.0000000000,7.4429289455,0.6795967734,0.9878836274
1.5280000000,1.0471975512,0.9871243224,-0.0000403578,2.0119472627,1.9998383768,25.0000000000,25.0000000000,7.4431046884,0.6796127974,0.9878836274
1.5290000000,1.0471975512,0.9871241789,-0.0002058720,2.0120140754,1.9998332334,25.0000000000,25.0000000000,7.4433675458,0.6796367792,0.9878836274
1.5300000000,1.0471975512,0.9871238693,-0.0003712602,2.0120995528,1.9998364089,25.0000000000,25.0000000000,7.4436961059,0.6796667643,0.9878836274
1.5310000000,1.0471975512,0.9871233987,-0.0005288214,2.0121977469,1.9998468814,25.0000000000,25.0000000000,7.4440681416,0.6797007233,0.9878836274
1.5320000000,1.0471975512,0.9871227790,-0.0006720286,2.0123027417,1.9998633958,25.0000000000,25.0000000000,7.4444617329,0.6797366550,0.9878836274
1.5330000000,1.0471975512,0.9871220280,-0.0007957097,2.0124089253,1.9998845473,25.0000000000,25.0000000000,7.4448562568,0.6797726759,0.9878836274
1.5340000000,1.0471975512,0.9871211676,-0.0008961469,2.0125112200,1.9999088621,25.0000000000,25.0000000000,7.4452332132,0.6798070968,0.9878836274
1.5350000000,1.0471975512,0.9871202226,-0.0009710970,2.0126052631,1.9999348737,25.0000000000,25.0000000000,7.4455768648,0.6798384800,0.9878836274
1.5360000000,1.0471975512,0.9871192190,-0.0010197416,2.0126875349,1.9999611906,25.0000000000,25.0000000000,7.4458746809,0.6798656809,0.9878836274
1.5370000000,1.0471975512,0.9871181830,-0.0010425749,2.0127554346,1.9999865532,25.0000000000,25.0000000000,7.4461175848,0.6798878700,0.9878836274
1.5380000000,1.0471975512,0.9871171395,-0.0010412434,2.0128073050,2.0000098785,25.0000000000,25.0000000000,7.4463000149,0.6799045388,0.9878836274
1.5390000000,1.0471975512,0.9871161110,-0.0010183479,2.0128424106,2.0000302927,25.0000000000,25.0000000000,7.4464198147,0.6799154897,0.9863496466
1.5400000000,1.0471975512,0.9871151171,-0.0009772216,2.0128608752,2.0000471493,25.0000000000,25.0000000000,7.4464779754,0.6799208125,0.9863496466
1.5410000000,1.0471975512,0.9871142637,-0.0007084289,2.0564603880,2.0004894204,25.0000000000,25.0000000000,7.6394156068,0.6974989753,0.9863496466
1.5420000000,1.0471975512,0.9871139975,0.0000401949,2.0612934368,2.0008625911,25.0000000000,25.0000000000,7.6391218530,0.6974942815,0.9863496466
1.5430000000,1.0471975512,0.9871146343,0.0010129998,2.0616576160,2.0010245586,25.0000000000,25.0000000000,7.6387356981,0.6974611332,0.9863496466
1.5440000000,1.0471975512,0.9871163135,0.0020867982,2.0614513549,2.0010953088,25.0000000000,25.0000000000,7.6376098139,0.6973587731,0.9863496466
1.5450000000,1.0471975512,0.9871190889,0.0031880977,2.0610502134,2.0010985575,25.0000000000,25.0000000000,7.6358243972,0.6971961178,0.9878836274
1.5460000000,1.0471975512,0.9871229487,0.0042552268,2.0605264455,2.0010432486,25.0000000000,25.0000000000,7.6335820135,0.6969917420,0.9878836274
1.5470000000,1.0471975512,0.9871275182,0.0046750462,2.0174965470,2.0002255481,25.0000000000,25.0000000000,7.4380812189,0.6791852294,0.9878836274
1.5480000000,1.0471975512,0.9871322467,0.0047267400,2.0110436680,1.9999514736,25.0000000000,25.0000000000,7.4357789596,0.6789487516,0.9878836274
1.5490000000,1.0471975512,0.9871368657,0.0045249158,2.0097181654,1.9997107311,25.0000000000,25.0000000000,7.4339987870,0.6787824050,0.9878836274
1.5500000000,1.0471975512,0.9871411444,0.0041062938,2.0093060378,1.9995090362,25.0000000000,25.0000000000,7.4330304168,0.6786933080,0.9878836274
1.5510000000,1.0471975512,0.9871448919,0.0035132596,2.0091936319,1.9993514627,25.0000000000,25.0000000000,7.4327982623,0.6786718868,0.9878836274
1.5520000000,1.0471975512,0.9871479624,0.0027918037,2.0092722653,1.9992406919,25.0000000000,25.0000000000,7.4332079164,0.6787091468,0.9878836274
1.5530000000,1.0471975512,0.9871502570,0.0019890634,2.0095029762,1.9991769688,25.0000000000,25.0000000000,7.4341574931,0.6787957335,0.9878836274
1.5540000000,1.0471975512,0.9871517233,0.0011510149,2.0098550462,1.9991583237,25.0000000000,25.0000000000,7.4355381135,0.6789216996,0.9878836274
1.5550000000,1.0471975512,0.9871523531,0.0003204527,2.0102978203,1.9991808923,25.0000000000,25.0000000000,7.4372361453,0.6790766699,0.9878836274
1.5560000000,1.0471975512,0.9871521780,-0.0004646712,2.0108004455,1.9992392949,25.0000000000,25.0000000000,7.4391370687,0.6792501884,0.9878836274
1.5570000000,1.0471975512,0.9871512638,-0.0011725092,2.0113328648,1.9993270449,25.0000000000,25.0000000000,7.4411299222,0.6794321230,0.9878836274
1.5580000000,1.0471975512,0.9871497040,-0.0017781622,2.0118669538,1.9994369680,25.0000000000,25.0000000000,7.4431116061,0.6796130589,0.9878836274
1.5590000000,1.0471975512,0.9871476123,-0.0022641122,2.0123775471,1.9995616086,25.0000000000,25.0000000000,7.4449906167,0.6797846391,0.9878836274
1.5600000000,1.0471975512,0.9871451152,-0.0026202645,2.0128432595,1.9996936070,25.0000000000,25.0000000000,7.4466899714,0.6799398319,0.9878836274
1.5610000000,1.0471975512,0.9871423450,-0.0028436393,2.0132470662,1.9998260328,25.0000000000,25.0000000000,7.4481492133,0.6800731141,0.9878836274
1.5620000000,1.0471975512,0.9871394327,-0.0029377644,2.0135766282,1.9999526631,25.0000000000,25.0000000000,7.4493254650,0.6801805672,0.9878836274
1.5630000000,1.0471975512,0.9871365023,-0.0029118263,2.0138243700,2.0000681991,25.0000000000,25.0000000000,7.4501935682,0.6802598907,0.9878836274
1.5640000000,1.0471975512,0.9871336654,-0.0027796484,2.0139873303,2.0001684160,25.0000000000,25.0000000000,7.4507453891,0.6803103383,0.9878836274
1.5650000000,1.0471975512,0.9871310177,-0.0025585580,2.0140668135,2.0002502476,25.0000000000,25.0000000000,7.4509884071,0.6803325899,0.9878836274
1.5660000000,1.0471975512,0.9871286360,-0.0022682100,2.0140678810,2.0003118080,25.0000000000,25.0000000000,7.4509437239,0.6803285692,0.9878836274
1.5670000000,1.0471975512,0.9871265766,-0.0019294253,2.0139987197,2.0003523551,25.0000000000,25.0000000000,7.4506436475,0.6803012237,0.9878836274
1.5680000000,1.0471975512,0.9871248748,-0.0015630967,2.0138699324,2.0003722053,25.0000000000,25.0000000000,7.4501290068,0.6802542796,0.9878836274
1.5690000000,1.0471975512,0.9871235455,-0.0011892064,2.0136937894,2.0003726075,25.0000000000,25.0000000000,7.4494463512,0.6801919856,0.9878836274
1.5700000000,1.0471975512,0.9871225848,-0.0008259898,2.0134834813,2.0003555866,25.0000000000,25.0000000000,7.4486451776,0.6801188605,0.9878836274
1.5710000000,1.0471975512,0.9871219719,-0.0004892679,2.0132524069,2.0003237674,25.0000000000,25.0000000000,7.4477753110,0.6800394533,0.9878836274
1.5720000000,1.0471975512,0.9871216719,-0.0001919636,2.0130135265,2.0002801890,25.0000000000,25.0000000000,7.4468845455,0.6799581281,0.9878836274
1.5730000000,1.0471975512,0.9871216392,0.0000561968,2.0127788032,2.0002281199,25.0000000000,25.0000000000,7.4460166280,0.6798788800,0.9878836274
1.5740000000,1.0471975512,0.9871218203,0.0002488012,2.0125587497,2.0001708809,25.0000000000,25.0000000000,7.4452096428,0.6798051874,0.9878836274
1.5750000000,1.0471975512,0.9871221574,0.0003827027,2.0123620897,2.0001116850,25.0000000000,25.0000000000,7.4444948302,0.6797399040,0.9878836274
1.5760000000,1.0471975512,0.9871225916,0.0004578228,2.0121955397,2.0000534987,25.0000000000,25.0000000000,7.4438958486,0.6796851915,0.9878836274
1.5770000000,1.0471975512,0.9871230655,0.0004768331,2.0120637055,1.9999989299,25.0000000000,25.0000000000,7.4434284676,0.6796424912,0.9878836274
1.5780000000,1.0471975512,0.9871235260,0.0004447415,2.0119690900,1.9999501437,25.0000000000,25.0000000000,7.4431006617,0.6796125330,0.9878836274
1.5790000000,1.0471975512,0.9871239262,0.0003684131,2.0119121965,1.9999088080,25.0000000000,25.0000000000,7.4429130576,0.6795953754,0.9878836274
1.5800000000,1.0471975512,0.9871242269,0.0002560553,2.0118917160,1.9998760681,25.0000000000,25.0000000000,7.4428596768,0.6795904741,0.9878836274
1.5810000000,1.0471975512,0.9871243976,0.0001166937,2.0119047785,1.9998525480,25.0000000000,25.0000000000,7.4429289083,0.6795967700,0.9878836274
1.5820000000,1.0471975512,0.9871244171,-0.0000403349,2.0119472506,1.9998383763,25.0000000000,25.0000000000,7.4431046423,0.6796127932,0.9878836274
1.5830000000,1.0471975512,0.9871242737,-0.0002058502,2.0120140617,1.9998332319,25.0000000000,25.0000000000,7.4433674939,0.6796367745,0.9878836274
1.5840000000,1.0471975512,0.9871239641,-0.0003712405,2.0120995382,1.9998364066,25.0000000000,25.0000000000,7.4436960512,0.6796667593,0.9878836274
1.5850000000,1.0471975512,0.9871234935,-0.0005288045,2.0121977322,1.9998468784,25.0000000000,25.0000000000,7.4440680870,0.6797007183,0.9878836274
1.5860000000,1.0471975512,0.9871228739,-0.0006720149,2.0123027276,1.9998633924,25.0000000000,25.0000000000,7.4444616808,0.6797366502,0.9878836274
1.5870000000,1.0471975512,0.9871221229,-0.0007956995,2.0124089123,1.9998845437,25.0000000000,25.0000000000,7.4448562094,0.6797726716,0.9878836274
1.5880000000,1.0471975512,0.9871212625,-0.0008961404,2.0125112087,1.9999088584,25.0000000000,25.0000000000,7.4452331724,0.6798070930,0.9878836274
1.5890000000,1.0471975512,0.9871203174,-0.0009710941,2.0126052538,1.9999348702,25.0000000000,25.0000000000,7.4455768317,0.6798384770,0.9878836274
1.5900000000,1.0471975512,0.9871193139,-0.0010197420,2.0126875278,1.9999611874,25.0000000000,25.0000000000,7.4458746561,0.6798656786,0.9878836274
1.5910000000,1.0471975512,0.9871182779,-0.0010425782,2.0127554299,1.9999865504,25.0000000000,25.0000000000,7.4461175688,0.6798878685,0.9878836274
1.5920000000,1.0471975512,0.9871172344,-0.0010412493,2.0128073026,2.0000098762,25.0000000000,25.0000000000,7.4463000074,0.6799045381,0.9878836274
1.5930000000,1.0471975512,0.9871162059,-0.0010183557,2.0128424104,2.0000302910,25.0000000000,25.0000000000,7.4464198152,0.6799154897,0.9863496466
1.5940000000,1.0471975512,0.9871152119,-0.0009772309,2.0128608769,2.0000471481,25.0000000000,25.0000000000,7.4464779830,0.6799208132,0.9863496466
1.5950000000,1.0471975512,0.9871143585,-0.0007084389,2.0564603911,2.0004894199,25.0000000000,25.0000000000,7.6394156205,0.6974989766,0.9863496466
1.5960000000,1.0471975512,0.9871140924,0.0000401848,2.0612934411,2.0008625912,25.0000000000,25.0000000000,7.6391218714,0.6974942832,0.9863496466
1.5970000000,1.0471975512,0.9871147291,0.0010129902,2.0616576212,2.0010245592,25.0000000000,25.0000000000,7.6387357198,0.6974611352,0.9863496466
1.5980000000,1.0471975512,0.9871164084,0.0020867894,2.0614513605,2.0010953099,25.0000000000,25.0000000000,7.6376098374,0.6973587753,0.9863496466
1.5990000000,1.0471975512,0.9871191837,0.0031880902,2.0610502192,2.0010985588,25.0000000000,25.0000000000,7.6358244211,0.6971961200,0.9878836274
1.6000000000,1.0471975512,0.9871230435,0.0042552208,2.0605264512,2.0010432502,25.0000000000,25.0000000000,7.6335820365,0.6969917441,0.9878836274
1.6010000000,1.0471975512,0.9871276130,0.0046750418,2.0174965526,2.0002255497,25.0000000000,25.0000000000,7.4380812399,0.6791852313,0.9878836274
1.6020000000,1.0471975512,0.9871323415,0.0047267372,2.0110436730,1.9999514753,25.0000000000,25.0000000000,7.4357789776,0.6789487533,0.9878836274
1.6030000000,1.0471975512,0.9871369605,0.0045249146,2.0097181695,1.9997107327,25.0000000000,25.0000000000,7.4339988015,0.6787824063,0.9878836274
1.6040000000,1.0471975512,0.9871412392,0.0041062940,2.0093060409,1.9995090376,25.0000000000,25.0000000000,7.4330304275,0.6786933090,0.9878836274
1.6050000000,1.0471975512,0.9871449867,0.0035132612,2.0091936340,1.9993514639,25.0000000000,25.0000000000,7.4327982692,0.6786718875,0.9878836274
1.6060000000,1.0471975512,0.9871480572,0.0027918063,2.0092722663,1.9992406929,25.0000000000,25.0000000000,7.4332079195,0.6787091471,0.9878836274
1.6070000000,1.0471975512,0.9871503518,0.0019890669,2.0095029762,1.9991769696,25.0000000000,25.0000000000,7.4341574927,0.6787957335,0.9878836274
1.6080000000,1.0471975512,0.9871518182,0.0011510190,2.0098550454,1.9991583242,25.0000000000,25.0000000000,7.4355381100,0.6789216993,0.9878836274
1.6090000000,1.0471975512,0.9871524479,0.0003204572,2.0102978187,1.9991808926,25.0000000000,25.0000000000,7.4372361391,0.6790766694,0.9878836274
1.6100000000,1.0471975512,0.9871522728,-0.0004646667,2.0108004434,1.9992392949,25.0000000000,25.0000000000,7.4391370605,0.6792501876,0.9878836274
1.6110000000,1.0471975512,0.9871513586,-0.0011725047,2.0113328622,1.9993270447,25.0000000000,25.0000000000,7.4411299125,0.6794321221,0.9878836274
1.6120000000,1.0471975512,0.9871497988,-0.0017781581,2.0118669510,1.9994369676,25.0000000000,25.0000000000,7.4431115956,0.6796130579,0.9878836274
1.6130000000,1.0471975512,0.9871477071,-0.0022641086,2.0123775442,1.9995616081,25.0000000000,25.0000000000,7.4449906059,0.6797846381,0.9878836274
1.6140000000,1.0471975512,0.9871452100,-0.0026202614,2.0128432567,1.9996936064,25.0000000000,25.0000000000,7.4466899609,0.6799398310,0.9878836274
1.6150000000,1.0471975512,0.9871424399,-0.0028436370,2.0132470635,1.9998260321,25.0000000000,25.0000000000,7.4481492035,0.6800731132,0.9878836274
1.6160000000,1.0471975512,0.9871395276,-0.0029377627,2.0135766258,1.9999526624,25.0000000000,25.0000000000,7.4493254563,0.6801805664,0.9878836274
1.6170000000,1.0471975512,0.9871365971,-0.0029118254,2.0138243680,2.0000681984,25.0000000000,25.0000000000,7.4501935608,0.6802598900,0.9878836274
1.6180000000,1.0471975512,0.9871337603,-0.0027796481,2.0139873286,2.0001684153,25.0000000000,25.0000000000,7.4507453833,0.6803103378,0.9878836274
1.6190000000,1.0471975512,0.9871311126,-0.0025585583,2.0140668124,2.0002502470,25.0000000000,25.0000000000,7.4509884030,0.6803325895,0.9878836274
1.6200000000,1.0471975512,0.9871287309,-0.0022682109,2.0140678803,2.0003118075,25.0000000000,25.0000000000,7.4509437216,0.6803285690,0.9878836274
1.6210000000,1.0471975512,0.9871266715,-0.0019294267,2.0139987194,2.0003523547,25.0000000000,25.0000000000,7.4506436468,0.6803012237,0.9878836274
1.6220000000,1.0471975512,0.9871249696,-0.0015630984,2.0138699325,2.0003722050,25.0000000000,25.0000000000,7.4501290076,0.6802542797,0.9878836274
1.6230000000,1.0471975512,0.9871236404,-0.0011892083,2.0136937899,2.0003726074,25.0000000000,25.0000000000,7.4494463533,0.6801919858,0.9878836274
1.6240000000,1.0471975512,0.9871226796,-0.0008259918,2.0134834821,2.0003555865,25.0000000000,25.0000000000,7.4486451808,0.6801188608,0.9878836274
1.6250000000,1.0471975512,0.9871220667,-0.0004892699,2.0132524079,2.0003237674,25.0000000000,25.0000000000,7.4477753150,0.6800394536,0.9878836274
1.6260000000,1.0471975512,0.9871217668,-0.0001919655,2.0130135277,2.0002801892,25.0000000000,25.0000000000,7.4468845500,0.6799581285,0.9878836274
1.6270000000,1.0471975512,0.9871217340,0.0000561950,2.0127788045,2.0002281201,25.0000000000,25.0000000000,7.4460166328,0.6798788804,0.9878836274
1.6280000000,1.0471975512,0.9871219151,0.0002487997,2.0125587509,2.0001708812,25.0000000000,25.0000000000,7.4452096476,0.6798051879,0.9878836274
1.6290000000,1.0471975512,0.9871222522,0.0003827015,2.0123620910,2.0001116853,25.0000000000,25.0000000000,7.4444948348,0.6797399044,0.9878836274
1.6300000000,1.0471975512,0.9871226864,0.0004578219,2.0121955408,2.0000534990,25.0000000000,25.0000000000,7.4438958528,0.6796851919,0.9878836274
1.6310000000,1.0471975512,0.9871231603,0.0004768325,2.0120637065,1.9999989302,25.0000000000,25.0000000000,7.4434284712,0.6796424916,0.9878836274
1.6320000000,1.0471975512,0.9871236209,0.0004447412,2.0119690908,1.9999501440,25.0000000000,25.0000000000,7.4431006647,0.6796125333,0.9878836274
1.6330000000,1.0471975512,0.9871240210,0.0003684131,2.0119121971,1.9999088083,25.0000000000,25.0000000000,7.4429130599,0.6795953757,0.9878836274
1.6340000000,1.0471975512,0.9871243217,0.0002560556,2.0118917164,1.9998760683,25.0000000000,25.0000000000,7.4428596782,0.6795904742,0.9878836274
1.6350000000,1.0471975512,0.9871244924,0.0001166942,2.0119047787,1.9998525482,25.0000000000,25.0000000000,7.4429289090,0.6795967701,0.9878836274
1.6360000000,1.0471975512,0.9871245120,-0.0000403342,2.0119472507,1.9998383764,25.0000000000,25.0000000000,7.4431046423,0.6796127932,0.9878836274
1.6370000000,1.0471975512,0.9871243685,-0.0002058494,2.0120140615,1.9998332320,25.0000000000,25.0000000000,7.4433674933,0.6796367744,0.9878836274
1.6380000000,1.0471975512,0.9871240590,-0.0003712396,2.0120995379,1.9998364067,25.0000000000,25.0000000000,7.4436960501,0.6796667592,0.9878836274
1.6390000000,1.0471975512,0.9871235884,-0.0005288036,2.0121977318,1.9998468784,25.0000000000,25.0000000000,7.4440680854,0.6797007182,0.9878836274
1.6400000000,1.0471975512,0.9871229687,-0.0006720140,2.0123027271,1.9998633924,25.0000000000,25.0000000000,7.4444616789,0.6797366500,0.9878836274
1.6410000000,1.0471975512,0.9871222177,-0.0007956987,2.0124089118,1.9998845436,25.0000000000,25.0000000000,7.4448562074,0.6797726714,0.9878836274
1.6420000000,1.0471975512,0.9871213573,-0.0008961396,2.0125112082,1.9999088583,25.0000000000,25.0000000000,7.4452331702,0.6798070928,0.9878836274
1.6430000000,1.0471975512,0.9871204123,-0.0009710935,2.0126052532,1.9999348701,25.0000000000,25.0000000000,7.4455768296,0.6798384768,0.9878836274
1.6440000000,1.0471975512,0.9871194087,-0.0010197415,2.0126875273,1.9999611873,25.0000000000,25.0000000000,7.4458746542,0.6798656784,0.9878836274
1.6450000000,1.0471975512,0.9871183727,-0.0010425779,2.0127554294,1.9999865502,25.0000000000,25.0000000000,7.4461175670,0.6798878683,0.9878836274
1.6460000000,1.0471975512,0.9871173292,-0.0010412491,2.0128073022,2.0000098761,25.0000000000,25.0000000000,7.4463000059,0.6799045379,0.9878836274
1.6470000000,1.0471975512,0.9871163007,-0.0010183556,2.0128424100,2.0000302908,25.0000000000,25.0000000000,7.4464198140,0.6799154896,0.9863496466
1.6480000000,1.0471975512,0.9871153068,-0.0009772309,2.0128608767,2.0000471480,25.0000000000,25.0000000000,7.4464779821,0.6799208131,0.9863496466
1.6490000000,1.0471975512,0.9871144533,-0.0007084390,2.0564603909,2.0004894198,25.0000000000,25.0000000000,7.6394156200,0.6974989765,0.9863496466
1.6500000000,1.0471975512,0.9871141872,0.0000401846,2.0612934410,2.0008625911,25.0000000000,25.0000000000,7.6391218712,0.6974942832,0.9863496466
1.6510000000,1.0471975512,0.9871148240,0.0010129898,2.0616576212,2.0010245591,25.0000000000,25.0000000000,7.6387357199,0.6974611352,0.9863496466
1.6520000000,1.0471975512,0.9871165032,0.0020867890,2.0614513606,2.0010953098,25.0000000000,25.0000000000,7.6376098378,0.6973587753,0.9863496466
1.6530000000,1.0471975512,0.9871192786,0.0031880898,2.0610502194,2.0010985588,25.0000000000,25.0000000000,7.6358244217,0.6971961201,0.9878836274
1.6540000000,1.0471975512,0.9871231384,0.0042552204,2.0605264513,2.0010432502,25.0000000000,25.0000000000,7.6335820372,0.6969917441,0.9878836274
1.6550000000,1.0471975512,0.9871277079,0.0046750414,2.0174965528,2.0002255498,25.0000000000,25.0000000000,7.4380812408,0.6791852314,0.9878836274
1.6560000000,1.0471975512,0.9871324363,0.0047267369,2.0110436732,1.9999514753,25.0000000000,25.0000000000,7.4357789785,0.6789487534,0.9878836274
1.6570000000,1.0471975512,0.9871370554,0.0045249143,2.0097181697,1.9997107327,25.0000000000,25.0000000000,7.4339988025,0.6787824064,0.9878836274
1.6580000000,1.0471975512,0.9871413340,0.0041062938,2.0093060411,1.9995090376,25.0000000000,25.0000000000,7.4330304284,0.6786933091,0.9878836274
1.6590000000,1.0471975512,0.9871450815,0.0035132610,2.0091936342,1.9993514640,25.0000000000,25.0000000000,7.4327982700,0.6786718875,0.9878836274
1.6600000000,1.0471975512,0.9871481521,0.0027918062,2.0092722665,1.9992406930,25.0000000000,25.0000000000,7.4332079202,0.6787091472,0.9878836274
1.6610000000,1.0471975512,0.9871504467,0.0019890668,2.0095029764,1.9991769697,25.0000000000,25.0000000000,7.4341574933,0.6787957335,0.9878836274
1.6620000000,1.0471975512,0.9871519130,0.0011510190,2.0098550455,1.9991583242,25.0000000000,25.0000000000,7.4355381104,0.6789216993,0.9878836274
1.6630000000,1.0471975512,0.9871525428,0.0003204572,2.0102978188,1.9991808926,25.0000000000,25.0000000000,7.4372361394,0.6790766694,0.9878836274
1.6640000000,1.0471975512,0.9871523676,-0.0004646666,2.0108004435,1.9992392949,25.0000000000,25.0000000000,7.4391370606,0.6792501876,0.9878836274
1.6650000000,1.0471975512,0.9871514535,-0.0011725046,2.0113328622,1.9993270447,25.0000000000,25.0000000000,7.4411299125,0.6794321221,0.9878836274
1.6660000000,1.0471975512,0.9871498937,-0.0017781579,2.0118669510,1.9994369676,25.0000000000,25.0000000000,7.4431115955,0.6796130579,0.9878836274
1.6670000000,1.0471975512,0.9871478019,-0.0022641084,2.0123775442,1.9995616081,25.0000000000,25.0000000000,7.4449906057,0.6797846381,0.9878836274
1.6680000000,1.0471975512,0.9871453049,-0.0026202613,2.0128432566,1.9996936064,25.0000000000,25.0000000000,7.4466899606,0.6799398309,0.9878836274
1.6690000000,1.0471975512,0.9871425347,-0.0028436368,2.0132470634,1.9998260321,25.0000000000,25.0000000000,7.4481492031,0.6800731132,0.9878836274
1.6700000000,1.0471975512,0.9871396224,-0.0029377625,2.0135766256,1.9999526624,25.0000000000,25.0000000000,7.4493254559,0.6801805664,0.9878836274
1.6710000000,1.0471975512,0.9871366920,-0.0029118252,2.0138243678,2.0000681984,25.0000000000,25.0000000000,7.4501935604,0.6802598900,0.9878836274
1.6720000000,1.0471975512,0.9871338551,-0.0027796480,2.0139873285,2.0001684153,25.0000000000,25.0000000000,7.4507453829,0.6803103378,0.9878836274
1.6730000000,1.0471975512,0.9871312074,-0.0025585582,2.0140668123,2.0002502470,25.0000000000,25.0000000000,7.4509884027,0.6803325895,0.9878836274
1.6740000000,1.0471975512,0.9871288257,-0.0022682108,2.0140678802,2.0003118075,25.0000000000,25.0000000000,7.4509437212,0.6803285689,0.9878836274
1.6750000000,1.0471975512,0.9871267663,-0.0019294266,2.0139987194,2.0003523546,25.0000000000,25.0000000000,7.4506436465,0.6803012236,0.9878836274
1.6760000000,1.0471975512,0.9871250645,-0.0015630984,2.0138699325,2.0003722050,25.0000000000,25.0000000000,7.4501290073,0.6802542796,0.9878836274
1.6770000000,1.0471975512,0.9871237352,-0.0011892083,2.0136937899,2.0003726073,25.0000000000,25.0000000000,7.4494463531,0.6801919858,0.9878836274
1.6780000000,1.0471975512,0.9871227745,-0.0008259918,2.0134834821,2.0003555865,25.0000000000,25.0000000000,7.4486451807,0.6801188608,0.9878836274
1.6790000000,1.0471975512,0.9871221616,-0.0004892699,2.0132524079,2.0003237674,25.0000000000,25.0000000000,7.4477753149,0.6800394536,0.9878836274
1.6800000000,1.0471975512,0.9871218616,-0.0001919656,2.0130135277,2.0002801891,25.0000000000,25.0000000000,7.4468845500,0.6799581285,0.9878836274
1.6810000000,1.0471975512,0.9871218289,0.0000561950,2.0127788045,2.0002281201,25.0000000000,25.0000000000,7.4460166328,0.6798788805,0.9878836274
1.6820000000,1.0471975512,0.9871220100,0.0002487996,2.0125587510,2.0001708812,25.0000000000,25.0000000000,7.4452096477,0.6798051879,0.9878836274
1.6830000000,1.0471975512,0.9871223471,0.0003827014,2.0123620910,2.0001116853,25.0000000000,25.0000000000,7.4444948350,0.6797399045,0.9878836274
1.6840000000,1.0471975512,0.9871227812,0.0004578218,2.0121955409,2.0000534990,25.0000000000,25.0000000000,7.4438958530,0.6796851919,0.9878836274
1.6850000000,1.0471975512,0.9871232552,0.0004768324,2.0120637066,1.9999989302,25.0000000000,25.0000000000,7.4434284714,0.6796424916,0.9878836274
1.6860000000,1.0471975512,0.9871237157,0.0004447411,2.0119690908,1.9999501440,25.0000000000,25.0000000000,7.4431006649,0.6796125333,0.9878836274
1.6870000000,1.0471975512,0.9871241159,0.0003684131,2.0119121972,1.9999088083,25.0000000000,25.0000000000,7.4429130601,0.6795953757,0.9878836274
1.6880000000,1.0471975512,0.9871244165,0.0002560556,2.0118917165,1.9998760683,25.0000000000,25.0000000000,7.4428596784,0.6795904743,0.9878836274
1.6890000000,1.0471975512,0.9871245872,0.0001166941,2.0119047788,1.9998525482,25.0000000000,25.0000000000,7.4429289091,0.6795967701,0.9878836274
1.6900000000,1.0471975512,0.9871246068,-0.0000403342,2.0119472507,1.9998383764,25.0000000000,25.0000000000,7.4431046424,0.6796127932,0.9878836274
1.6910000000,1.0471975512,0.9871244633,-0.0002058494,2.0120140615,1.9998332320,25.0000000000,25.0000000000,7.4433674934,0.6796367745,0.9878836274
1.6920000000,1.0471975512,0.9871241538,-0.0003712396,2.0120995379,1.9998364067,25.0000000000,25.0000000000,7.4436960501,0.6796667592,0.9878836274
1.6930000000,1.0471975512,0.9871236832,-0.0005288036,2.0121977318,1.9998468784,25.0000000000,25.0000000000,7.4440680854,0.6797007182,0.9878836274
1.6940000000,1.0471975512,0.9871230635,-0.0006720140,2.0123027271,1.9998633924,25.0000000000,25.0000000000,7.4444616789,0.6797366500,0.9878836274
1.6950000000,1.0471975512,0.9871223125,-0.0007956987,2.0124089118,1.9998845436,25.0000000000,25.0000000000,7.4448562074,0.6797726714,0.9878836274
1.6960000000,1.0471975512,0.9871214521,-0.0008961396,2.0125112081,1.9999088583,25.0000000000,25.0000000000,7.4452331702,0.6798070928,0.9878836274
1.6970000000,1.0471975512,0.9871205071,-0.0009710935,2.0126052532,1.9999348701,25.0000000000,25.0000000000,7.4455768295,0.6798384768,0.9878836274
1.6980000000,1.0471975512,0.9871195036,-0.0010197415,2.0126875273,1.9999611873,25.0000000000,25.0000000000,7.4458746541,0.6798656784,0.9878836274
1.6990000000,1.0471975512,0.9871184676,-0.0010425779,2.0127554293,1.9999865502,25.0000000000,25.0000000000,7.4461175669,0.6798878683,0.9878836274
1.7000000000,1.0471975512,0.9871174240,-0.0010412490,2.0128073021,2.0000098761,25.0000000000,25.0000000000,7.4463000059,0.6799045379,0.9878836274
1.7010000000,1.0471975512,0.9871163955,-0.0010183556,2.0128424100,2.0000302908,25.0000000000,25.0000000000,7.4464198139,0.6799154896,0.9863496466
1.7020000000,1.0471975512,0.9871154016,-0.0009772309,2.0128608766,2.0000471480,25.0000000000,25.0000000000,7.4464779820,0.6799208131,0.9863496466
1.7030000000,1.0471975512,0.9871145482,-0.0007084390,2.0564603909,2.0004894198,25.0000000000,25.0000000000,7.6394156199,0.6974989765,0.9863496466
1.7040000000,1.0471975512,0.9871142820,0.0000401846,2.0612934410,2.0008625911,25.0000000000,25.0000000000,7.6391218712,0.6974942832,0.9863496466
1.7050000000,1.0471975512,0.9871149188,0.0010129898,2.0616576212,2.0010245591,25.0000000000,25.0000000000,7.6387357199,0.6974611352,0.9863496466
1.7060000000,1.0471975512,0.9871165980,0.0020867890,2.0614513606,2.0010953098,25.0000000000,25.0000000000,7.6376098378,0.6973587753,0.9863496466
1.7070000000,1.0471975512,0.9871193734,0.0031880898,2.0610502194,2.0010985588,25.0000000000,25.0000000000,7.6358244217,0.6971961201,0.9878836274
1.7080000000,1.0471975512,0.9871232332,0.0042552204,2.0605264513,2.0010432502,25.0000000000,25.0000000000,7.6335820372,0.6969917441,0.9878836274
1.7090000000,1.0471975512,0.9871278027,0.0046750414,2.0174965528,2.0002255498,25.0000000000,25.0000000000,7.4380812408,0.6791852314,0.9878836274
1.7100000000,1.0471975512,0.9871325311,0.0047267368,2.0110436732,1.9999514753,25.0000000000,25.0000000000,7.4357789785,0.6789487534,0.9878836274
1.7110000000,1.0471975512,0.9871371502,0.0045249143,2.0097181697,1.9997107327,25.0000000000,25.0000000000,7.4339988025,0.6787824064,0.9878836274
1.7120000000,1.0471975512,0.9871414288,0.0041062938,2.0093060411,1.9995090376,25.0000000000,25.0000000000,7.4330304284,0.6786933091,0.9878836274
1.7130000000,1.0471975512,0.9871451763,0.0035132610,2.0091936342,1.9993514640,25.0000000000,25.0000000000,7.4327982700,0.6786718875,0.9878836274
1.7140000000,1.0471975512,0.9871482469,0.0027918062,2.0092722665,1.9992406930,25.0000000000,25.0000000000,7.4332079202,0.6787091472,0.9878836274
1.7150000000,1.0471975512,0.9871505415,0.0019890668,2.0095029764,1.9991769697,25.0000000000,25.0000000000,7.4341574934,0.6787957335,0.9878836274
1.7160000000,1.0471975512,0.9871520078,0.0011510190,2.0098550455,1.9991583242,25.0000000000,25.0000000000,7.4355381104,0.6789216993,0.9878836274
1.7170000000,1.0471975512,0.9871526376,0.0003204572,2.0102978188,1.9991808926,25.0000000000,25.0000000000,7.4372361394,0.6790766694,0.9878836274
1.7180000000,1.0471975512,0.9871524625,-0.0004646666,2.0108004435,1.9992392949,25.0000000000,25.0000000000,7.4391370607,0.6792501876,0.9878836274
1.7190000000,1.0471975512,0.9871515483,-0.0011725046,2.0113328622,1.9993270447,25.0000000000,25.0000000000,7.4411299125,0.6794321221,0.9878836274
1.7200000000,1.0471975512,0.9871499885,-0.0017781579,2.0118669510,1.9994369676,25.0000000000,25.0000000000,7.4431115955,0.6796130579,0.9878836274
1.7210000000,1.0471975512,0.9871478968,-0.0022641084,2.0123775442,1.9995616081,25.0000000000,25.0000000000,7.4449906057,0.6797846381,0.9878836274
1.7220000000,1.0471975512,0.9871453997,-0.0026202613,2.0128432566,1.9996936064,25.0000000000,25.0000000000,7.4466899606,0.6799398309,0.9878836274
1.7230000000,1.0471975512,0.9871426295,-0.0028436368,2.0132470634,1.9998260321,25.0000000000,25.0000000000,7.4481492031,0.6800731132,0.9878836274
1.7240000000,1.0471975512,0.9871397172,-0.0029377625,2.0135766256,1.9999526624,25.0000000000,25.0000000000,7.4493254559,0.6801805664,0.9878836274
1.7250000000,1.0471975512,0.9871367868,-0.0029118252,2.0138243678,2.0000681984,25.0000000000,25.0000000000,7.4501935604,0.6802598900,0.9878836274
1.7260000000,1.0471975512,0.9871339499,-0.0027796480,2.0139873285,2.0001684153,25.0000000000,25.0000000000,7.4507453829,0.6803103378,0.9878836274
1.7270000000,1.0471975512,0.9871313022,-0.0025585582,2.0140668123,2.0002502470,25.0000000000,25.0000000000,7.4509884026,0.6803325895,0.9878836274
1.7280000000,1.0471975512,0.9871289205,-0.0022682108,2.0140678802,2.0003118075,25.0000000000,25.0000000000,7.4509437212,0.6803285689,0.9878836274
1.7290000000,1.0471975512,0.9871268611,-0.0019294266,2.0139987194,2.0003523546,25.0000000000,25.0000000000,7.4506436465,0.6803012236,0.9878836274
1.7300000000,1.0471975512,0.9871251593,-0.0015630984,2.0138699325,2.0003722050,25.0000000000,25.0000000000,7.4501290073,0.6802542796,0.9878836274
1.7310000000,1.0471975512,0.9871238300,-0.0011892083,2.0136937899,2.0003726073,25.0000000000,25.0000000000,7.4494463531,0.6801919858,0.9878836274
1.7320000000,1.0471975512,0.9871228693,-0.0008259918,2.0134834821,2.0003555865,25.0000000000,25.0000000000,7.4486451807,0.6801188608,0.9878836274
1.7330000000,1.0471975512,0.9871222564,-0.0004892699,2.0132524079,2.0003237674,25.0000000000,25.0000000000,7.4477753149,0.6800394536,0.9878836274
1.7340000000,1.0471975512,0.9871219564,-0.0001919656,2.0130135277,2.0002801891,25.0000000000,25.0000000000,7.4468845500,0.6799581285,0.9878836274
1.7350000000,1.0471975512,0.9871219237,0.0000561950,2.0127788045,2.0002281201,25.0000000000,25.0000000000,7.4460166328,0.6798788805,0.9878836274
1.7360000000,1.0471975512,0.9871221048,0.0002487996,2.0125587510,2.0001708812,25.0000000000,25.0000000000,7.4452096477,0.6798051879,0.9878836274
1.7370000000,1.0471975512,0.9871224419,0.0003827014,2.0123620910,2.0001116853,25.0000000000,25.0000000000,7.4444948350,0.6797399045,0.9878836274
1.7380000000,1.0471975512,0.9871228761,0.0004578218,2.0121955409,2.0000534990,25.0000000000,25.0000000000,7.4438958530,0.6796851919,0.9878836274
1.7390000000,1.0471975512,0.9871233500,0.0004768324,2.0120637066,1.9999989302,25.0000000000,25.0000000000,7.4434284714,0.6796424916,0.9878836274
1.7400000000,1.0471975512,0.9871238105,0.0004447411,2.0119690908,1.9999501440,25.0000000000,25.0000000000,7.4431006649,0.6796125333,0.9878836274
1.7410000000,1.0471975512,0.9871242107,0.0003684131,2.0119121972,1.9999088083,25.0000000000,25.0000000000,7.4429130601,0.6795953757,0.9878836274
1.7420000000,1.0471975512,0.9871245114,0.0002560556,2.0118917165,1.9998760683,25.0000000000,25.0000000000,7.4428596784,0.6795904743,0.9878836274
1.7430000000,1.0471975512,0.9871246821,0.0001166941,2.0119047788,1.9998525482,25.0000000000,25.0000000000,7.4429289092,0.6795967701,0.9878836274
1.7440000000,1.0471975512,0.9871247016,-0.0000403342,2.0119472507,1.9998383764,25.0000000000,25.0000000000,7.4431046425,0.6796127932,0.9878836274
1.7450000000,1.0471975512,0.9871245582,-0.0002058494,2.0120140616,1.9998332320,25.0000000000,25.0000000000,7.4433674934,0.6796367745,0.9878836274
1.7460000000,1.0471975512,0.9871242486,-0.0003712396,2.0120995379,1.9998364067,25.0000000000,25.0000000000,7.4436960502,0.6796667592,0.9878836274
1.7470000000,1.0471975512,0.9871237780,-0.0005288036,2.0121977318,1.9998468784,25.0000000000,25.0000000000,7.4440680854,0.6797007182,0.9878836274
1.7480000000,1.0471975512,0.9871231584,-0.0006720140,2.0123027271,1.9998633924,25.0000000000,25.0000000000,7.4444616789,0.6797366500,0.9878836274
1.7490000000,1.0471975512,0.9871224074,-0.0007956987,2.0124089118,1.9998845436,25.0000000000,25.0000000000,7.4448562074,0.6797726714,0.9878836274
1.7500000000,1.0471975512,0.9871215470,-0.0008961396,2.0125112081,1.9999088583,25.0000000000,25.0000000000,7.4452331702,0.6798070928,0.9878836274
1.7510000000,1.0471975512,0.9871206019,-0.0009710935,2.0126052532,1.9999348701,25.0000000000,25.0000000000,7.4455768295,0.6798384768,0.9878836274
1.7520000000,1.0471975512,0.9871195984,-0.0010197415,2.0126875273,1.9999611873,25.0000000000,25.0000000000,7.4458746541,0.6798656784,0.9878836274
1.7530000000,1.0471975512,0.9871185624,-0.0010425778,2.0127554293,1.9999865502,25.0000000000,25.0000000000,7.4461175669,0.6798878683,0.9878836274
1.7540000000,1.0471975512,0.9871175189,-0.0010412490,2.0128073021,2.0000098761,25.0000000000,25.0000000000,7.4463000059,0.6799045379,0.9878836274
1.7550000000,1.0471975512,0.9871164904,-0.0010183556,2.0128424100,2.0000302908,25.0000000000,25.0000000000,7.4464198139,0.6799154896,0.9863496466
1.7560000000,1.0471975512,0.9871154964,-0.0009772309,2.0128608766,2.0000471480,25.0000000000,25.0000000000,7.4464779820,0.6799208131,0.9863496466
1.7570000000,1.0471975512,0.9871146430,-0.0007084390,2.0564603909,2.0004894198,25.0000000000,25.0000000000,7.6394156199,0.6974989765,0.9863496466
1.7580000000,1.0471975512,0.9871143769,0.0000401846,2.0612934410,2.0008625911,25.0000000000,25.0000000000,7.6391218712,0.6974942832,0.9863496466
1.7590000000,1.0471975512,0.9871150136,0.0010129899,2.0616576212,2.0010245591,25.0000000000,25.0000000000,7.6387357199,0.6974611352,0.9863496466
1.7600000000,1.0471975512,0.9871166929,0.0020867890,2.0614513606,2.0010953098,25.0000000000,25.0000000000,7.6376098378,0.6973587753,0.9878836274
1.7610000000,1.0471975512,0.9871194682,0.0031880898,2.0610502194,2.0010985588,25.0000000000,25.0000000000,7.6358244217,0.6971961201,0.9878836274
1.7620000000,1.0471975512,0.9871230176,0.0036864117,2.0181377099,2.0003150480,25.0000000000,25.0000000000,7.4405842868,0.6794136191,0.9878836274
1.7630000000,1.0471975512,0.9871268248,0.0038501473,2.0117340121,2.0000759096,25.0000000000,25.0000000000,7.4383693678,0.6791852314,0.9878836274
1.7640000000,1.0471975512,0.9871306536,0.0037894579,2.0104029588,1.9998606823,25.0000000000,25.0000000000,7.4365345198,0.6790139340,0.9878836274
1.7650000000,1.0471975512,0.9871342960,0.0035314383,2.0099512184,1.9996748348,25.0000000000,25.0000000000,7.4353981403,0.6789095226,0.9878836274
1.7660000000,1.0471975512,0.9871375748,0.0031089423,2.0097727776,1.9995237139,25.0000000000,25.0000000000,7.4349047739,0.6788642714,0.9878836274
1.7670000000,1.0471975512,0.9871403484,0.0025589648,2.0097651804,1.9994106862,25.0000000000,25.0000000000,7.4349822018,0.6788712127,0.9878836274
1.7680000000,1.0471975512,0.9871425138,0.0019205484,2.0098956891,1.9993370164,25.0000000000,25.0000000000,7.4355516011,0.6789230978,0.9878836274
1.7690000000,1.0471975512,0.9871440068,0.0012327577,2.0101397520,1.9993020055,25.0000000000,25.0000000000,7.4365269132,0.6790120631,0.9878836274
1.7700000000,1.0471975512,0.9871448017,0.0005328571,2.0104725824,1.9993032263,25.0000000000,25.0000000000,7.4378160735,0.6791297029,0.9878836274
1.7710000000,1.0471975512,0.9871449078,-0.0001452375,2.0108686637,1.9993368172,25.0000000000,25.0000000000,7.4393240169,0.6792673378,0.9878836274
1.7720000000,1.0471975512,0.9871443657,-0.0007721886,2.0113025529,1.9993978124,25.0000000000,25.0000000000,7.4409564462,0.6794163580,0.9878836274
1.7730000000,1.0471975512,0.9871432420,-0.0013241250,2.0117498803,1.9994804894,25.0000000000,25.0000000000,7.4426236551,0.6795685720,0.9878836274
1.7740000000,1.0471975512,0.9871416231,-0.0017831809,2.0121882902,1.9995787150,25.0000000000,25.0000000000,7.4442439830,0.6797165223,0.9878836274
1.7750000000,1.0471975512,0.9871396099,-0.0021376992,2.0125982323,1.9996862744,25.0000000000,25.0000000000,7.4457466545,0.6798537447,0.9878836274
1.7760000000,1.0471975512,0.9871373108,-0.0023821237,2.0129635580,1.9997971700,25.0000000000,25.0000000000,7.4470738761,0.6799749598,0.9878836274
1.7770000000,1.0471975512,0.9871348361,-0.0025166173,2.0132719063,1.9999058781,25.0000000000,25.0000000000,7.4481821381,0.6800761922,0.9878836274
1.7780000000,1.0471975512,0.9871322930,-0.0025464541,2.0135148768,2.0000075572,25.0000000000,25.0000000000,7.4490427289,0.6801548174,0.9878836274
1.7790000000,1.0471975512,0.9871297804,-0.0024812368,2.0136880034,2.0000982020,25.0000000000,25.0000000000,7.4496415136,0.6802095418,0.9878836274
1.7800000000,1.0471975512,0.9871273853,-0.0023339937,2.0137905472,2.0001747431,25.0000000000,25.0000000000,7.4499780583,0.6802403230,0.9878836274
1.7810000000,1.0471975512,0.9871251804,-0.0021202109,2.0138251396,2.0002350912,25.0000000000,25.0000000000,7.4500642105,0.6802482403,0.9878836274
1.7820000000,1.0471975512,0.9871232216,-0.0018568518,2.0137973048,2.0002781324,25.0000000000,25.0000000000,7.4499222548,0.6802353261,0.9878836274
1.7830000000,1.0471975512,0.9871215476,-0.0015614102,2.0137148988,2.0003036774,25.0000000000,25.0000000000,7.4495827769,0.6802043713,0.9878836274
1.7840000000,1.0471975512,0.9871201796,-0.0012510383,2.0135874975,2.0003123727,25.0000000000,25.0000000000,7.4490823640,0.6801587152,0.9878836274
1.7850000000,1.0471975512,0.9871191225,-0.0009417827,2.0134257701,2.0003055833,25.0000000000,25.0000000000,7.4484612670,0.6801020320,0.9878836274
1.7860000000,1.0471975512,0.9871183661,-0.0006479516,2.0132408660,2.0002852530,25.0000000000,25.0000000000,7.4477611380,0.6800381244,0.9878836274
1.7870000000,1.0471975512,0.9871178872,-0.0003816303,2.0130438450,2.0002537530,25.0000000000,25.0000000000,7.4470229392,0.6799707326,0.9878836274
1.7880000000,1.0471975512,0.9871176520,-0.0001523513,2.0128451703,2.0002137261,25.0000000000,25.0000000000,7.4462851048,0.6799033661,0.9878836274
1.7890000000,1.0471975512,0.9871176192,0.0000330827,2.0126542831,2.0001679355,25.0000000000,25.0000000000,7.4455820134,0.6798391646,0.9878836274
1.7900000000,1.0471975512,0.9871177421,0.0001706287,2.0124792698,2.0001191225,25.0000000000,25.0000000000,7.4449428110,0.6797807905,0.9878836274
1.7910000000,1.0471975512,0.9871179717,0.0002589020,2.0123266266,2.0000698813,25.0000000000,25.0000000000,7.4443906008,0.6797303542,0.9878836274
1.7920000000,1.0471975512,0.9871182593,0.0002989617,2.0122011240,2.0000225538,25.0000000000,25.0000000000,7.4439420009,0.6796893745,0.9878836274
1.7930000000,1.0471975512,0.9871185585,0.0002940044,2.0121057649,1.9999791463,25.0000000000,25.0000000000,7.4436070506,0.6796587693,0.9878836274
1.7940000000,1.0471975512,0.9871188273,0.0002489905,2.0120418310,1.9999412716,25.0000000000,25.0000000000,7.4433894336,0.6796388761,0.9878836274
1.7950000000,1.0471975512,0.9871190294,0.0001702276,2.0120090030,1.9999101149,25.0000000000,25.0000000000,7.4432869737,0.6796294976,0.9878836274
1.7960000000,1.0471975512,0.9871191356,0.0000649348,2.0120055445,1.9998864238,25.0000000000,25.0000000000,7.4432923521,0.6796299666,0.9878836274
1.7970000000,1.0471975512,0.9871191241,-0.0000591897,2.0120285313,1.9998705189,25.0000000000,25.0000000000,7.4433939893,0.6796392267,0.9878836274
1.7980000000,1.0471975512,0.9871189810,-0.0001943781,2.0120741128,1.9998623243,25.0000000000,25.0000000000,7.4435770324,0.6796559223,0.9878836274
1.7990000000,1.0471975512,0.9871186999,-0.0003331626,2.0121377893,1.9998614122,25.0000000000,25.0000000000,7.4438243919,0.6796784938,0.9878836274
1.8000000000,1.0471975512,0.9871182815,-0.0004686918,2.0122146896,1.9998670602,25.0000000000,25.0000000000,7.4441177736,0.6797052710,0.9878836274
1.8010000000,1.0471975512,0.9871177330,-0.0005949861,2.0122998374,1.9998783158,25.0000000000,25.0000000000,7.4444386587,0.6797345631,0.9878836274
1.8020000000,1.0471975512,0.9871170667,-0.0007071247,2.0123883947,1.9998940648,25.0000000000,25.0000000000,7.4447691907,0.6797647397,0.9878836274
1.8030000000,1.0471975512,0.9871162991,-0.0008013641,2.0124758727,1.9999131007,25.0000000000,25.0000000000,7.4450929389,0.6797943002,0.9863496466
1.8040000000,1.0471975512,0.9871154499,-0.0008751887,2.0125583043,1.9999341903,25.0000000000,25.0000000000,7.4453955149,0.6798219306,0.9863496466
1.8050000000,1.0471975512,0.9871146296,-0.0007160828,2.0562387827,2.0003823107,25.0000000000,25.0000000000,7.6386018966,0.6974246699,0.9863496466
1.8060000000,1.0471975512,0.9871142929,-0.0000663305,2.0611458345,2.0007690726,25.0000000000,25.0000000000,7.6385870555,0.6974454367,0.9863496466
1.8070000000,1.0471975512,0.9871147700,0.0008236785,2.0615788109,2.0009483557,25.0000000000,25.0000000000,7.6384782850,0.6974375879,0.9863496466
1.8080000000,1.0471975512,0.9871162184,0.0018334505,2.0614377060,2.0010386020,25.0000000000,25.0000000000,7.6376153163,0.6973592074,0.9863496466
1.8090000000,1.0471975512,0.9871187114,0.0028908740,2.0610956318,2.0010622648,25.0000000000,25.0000000000,7.6360653466,0.6972180296,0.9878836274
1.8100000000,1.0471975512,0.9871222577,0.0039344495,2.0606223713,2.0010271144,25.0000000000,25.0000000000,7.6340210770,0.6970317293,0.9878836274
1.8110000000,1.0471975512,0.9871265014,0.0043478390,2.0176442494,2.0002242550,25.0000000000,25.0000000000,7.4386738223,0.6792392824,0.9878836274
1.8120000000,1.0471975512,0.9871309068,0.0044079860,2.0112262979,1.9999655232,25.0000000000,25.0000000000,7.4364778403,0.6790125365,0.9878836274
1.8130000000,1.0471975512,0.9871352201,0.0042285867,2.0099199606,1.9997378698,25.0000000000,25.0000000000,7.4347588998,0.6788517926,0.9878836274
1.8140000000,1.0471975512,0.9871392228,0.0038438513,2.0095151954,1.9995466249,25.0000000000,25.0000000000,7.4338105046,0.6787645283,0.9878836274
1.8150000000,1.0471975512,0.9871427339,0.0032933823,2.0093996384,1.9993966516,25.0000000000,25.0000000000,7.4335601555,0.6787414538,0.9878836274
1.8160000000,1.0471975512,0.9871456144,0.0026202738,2.0094658807,1.9992905757,25.0000000000,25.0000000000,7.4339181503,0.6787740040,0.9878836274
1.8170000000,1.0471975512,0.9871477694,0.0018688017,2.0096764955,1.9992287284,25.0000000000,25.0000000000,7.4347884510,0.6788533582,0.9878836274
1.8180000000,1.0471975512,0.9871491477,0.0010822446,2.0100025007,1.9992093485,25.0000000000,25.0000000000,7.4360687378,0.6789701678,0.9878836274
1.8190000000,1.0471975512,0.9871497398,0.0003009724,2.0104150785,1.9992288799,25.0000000000,25.0000000000,7.4376522497,0.6791146850,0.9878836274
1.8200000000,1.0471975512,0.9871495737,-0.0004391305,2.0108852155,1.9992823262,25.0000000000,25.0000000000,7.4394312873,0.6792770764,0.9878836274
1.8210000000,1.0471975512,0.9871487101,-0.0011078681,2.0113846091,1.9993636333,25.0000000000,25.0000000000,7.4413013418,0.6794477993,0.9878836274
1.8220000000,1.0471975512,0.9871472355,-0.0016815433,2.0118867311,1.9994660835,25.0000000000,25.0000000000,7.4431651338,0.6796179703,0.9878836274
1.8230000000,1.0471975512,0.9871452561,-0.0021433818,2.0123677951,1.9995826777,25.0000000000,25.0000000000,7.4449361413,0.6797796875,0.9878836274
1.8240000000,1.0471975512,0.9871428903,-0.0024835874,2.0128075367,1.9997064920,25.0000000000,25.0000000000,7.4465413801,0.6799262844,0.9878836274
1.8250000000,1.0471975512,0.9871402624,-0.0026990670,2.0131897682,1.9998309920,25.0000000000,25.0000000000,7.4479233245,0.6800525057,0.9878836274
1.8260000000,1.0471975512,0.9871374954,-0.0027928706,2.0135026947,1.9999502978,25.0000000000,25.0000000000,7.4490409362,0.6801546010,0.9878836274
1.8270000000,1.0471975512,0.9871347063,-0.0027734045,2.0137389977,2.0000593890,25.0000000000,25.0000000000,7.4498698328,0.6802303408,0.9878836274
1.8280000000,1.0471975512,0.9871320006,-0.0026534763,2.0138957031,2.0001542492,25.0000000000,25.0000000000,7.4504016685,0.6802789598,0.9878836274
1.8290000000,1.0471975512,0.9871294689,-0.0024492348,2.0139738627,2.0002319479,25.0000000000,25.0000000000,7.4506428358,0.6803010386,0.9878836274
1.8300000000,1.0471975512,0.9871271841,-0.0021790656,2.0139780814,2.0002906633,25.0000000000,25.0000000000,7.4506126179,0.6802983353,0.9878836274
1.8310000000,1.0471975512,0.9871252000,-0.0018624983,2.0139159293,2.0003296508,25.0000000000,25.0000000000,7.4503409336,0.6802735793,0.9878836274
1.8320000000,1.0471975512,0.9871235508,-0.0015191751,2.0137972770,2.0003491646,25.0000000000,25.0000000000,7.4498658242,0.6802302422,0.9878836274
1.8330000000,1.0471975512,0.9871222512,-0.0011679221,2.0136335937,2.0003503405,25.0000000000,25.0000000000,7.4492308245,0.6801722977,0.9878836274
1.8340000000,1.0471975512,0.9871212984,-0.0008259573,2.0134372447,2.0003350507,25.0000000000,25.0000000000,7.4484823544,0.6801039835,0.9878836274
1.8350000000,1.0471975512,0.9871206734,-0.0005082561,2.0132208203,2.0003057386,25.0000000000,25.0000000000,7.4476672498,0.6800295758,0.9878836274
1.8360000000,1.0471975512,0.9871203441,-0.0002270886,2.0129965245,2.0002652450,25.0000000000,25.0000000000,7.4468305341,0.6799531856,0.9878836274
1.8370000000,1.0471975512,0.9871202680,0.0000082687,2.0127756472,2.0002166335,25.0000000000,25.0000000000,7.4460135075,0.6798785847,0.9878836274
1.8380000000,1.0471975512,0.9871203951,0.0001916505,2.0125681325,2.0001630246,25.0000000000,25.0000000000,7.4452522123,0.6798090648,0.9878836274
1.8390000000,1.0471975512,0.9871206713,0.0003199639,2.0123822567,2.0001074438,25.0000000000,25.0000000000,7.4445763042,0.6797473349,0.9878836274
1.8400000000,1.0471975512,0.9871210412,0.0003930093,2.0122244174,2.0000526907,25.0000000000,25.0000000000,7.4440083396,0.6796954559,0.9878836274
1.8410000000,1.0471975512,0.9871214508,0.0004131858,2.0120990319,2.0000012320,25.0000000000,25.0000000000,7.4435634703,0.6796548128,0.9878836274
1.8420000000,1.0471975512,0.9871218499,0.0003851065,2.0120085398,1.9999551218,25.0000000000,25.0000000000,7.4432495143,0.6796261208,0.9878836274
1.8430000000,1.0471975512,0.9871221943,0.0003151504,2.0119534966,1.9999159489,25.0000000000,25.0000000000,7.4430673624,0.6796094628,0.9878836274
1.8440000000,1.0471975512,0.9871224467,0.0002109798,2.0119327456,1.9998848114,25.0000000000,25.0000000000,7.4430116638,0.6796043515,0.9878836274
1.8450000000,1.0471975512,0.9871225782,0.0000810476,2.0119436521,1.9998623177,25.0000000000,25.0000000000,7.4430717322,0.6796098121,0.9878836274
1.8460000000,1.0471975512,0.9871225684,-0.0000658795,2.0119823817,1.9998486088,25.0000000000,25.0000000000,7.4432326041,0.6796244796,0.9878836274
1.8470000000,1.0471975512,0.9871224058,-0.0002211629,2.0120442047,1.9998434015,25.0000000000,25.0000000000,7.4434761866,0.6796467024,0.9878836274
1.8480000000,1.0471975512,0.9871220871,-0.0003766820,2.0121238113,1.9998460454,25.0000000000,25.0000000000,7.4437824293,0.6796746504,0.9878836274
1.8490000000,1.0471975512,0.9871216168,-0.0005251580,2.0122156200,1.9998555927,25.0000000000,25.0000000000,7.4441304657,0.6797064186,0.9878836274
1.8500000000,1.0471975512,0.9871210059,-0.0006604052,2.0123140665,1.9998708728,25.0000000000,25.0000000000,7.4444996719,0.6797401239,0.9878836274
1.8510000000,1.0471975512,0.9871202707,-0.0007775047,2.0124138616,1.9998905708,25.0000000000,25.0000000000,7.4448706028,0.6797739906,0.9878836274
1.8520000000,1.0471975512,0.9871194318,-0.0008729009,2.0125102088,1.9999133038,25.0000000000,25.0000000000,7.4452257756,0.6798064222,0.9878836274
1.8530000000,1.0471975512,0.9871185123,-0.0009444239,2.0125989763,1.9999376927,25.0000000000,25.0000000000,7.4455502790,0.6798360566,0.9878836274
1.8540000000,1.0471975512,0.9871175367,-0.0009912456,2.0126768201,1.9999624258,25.0000000000,25.0000000000,7.4458321984,0.6798618053,0.9878836274
1.8550000000,1.0471975512,0.9871165295,-0.0010137767,2.0127412567,1.9999863134,25.0000000000,25.0000000000,7.4460628573,0.6798828757,0.9863496466
1.8560000000,1.0471975512,0.9871155142,-0.0010135181,2.0127906892,2.0000083299,25.0000000000,25.0000000000,7.4462368816,0.6798987762,0.9863496466
1.8570000000,1.0471975512,0.9871146021,-0.0007797491,2.0564218041,2.0004568421,25.0000000000,25.0000000000,7.6392894201,0.6974874334,0.9863496466
1.8580000000,1.0471975512,0.9871142467,-0.0000588489,2.0612828306,2.0008378127,25.0000000000,25.0000000000,7.6391044933,0.6974926698,0.9863496466
1.8590000000,1.0471975512,0.9871147715,0.0008943960,2.0616717727,2.0010080922,25.0000000000,25.0000000000,7.6388167621,0.6974685001,0.9863496466
1.8600000000,1.0471975512,0.9871163245,0.0019569651,2.0614868616,2.0010871383,25.0000000000,25.0000000000,7.6377749048,0.6973738061,0.9863496466
1.8610000000,1.0471975512,0.9871189675,0.0030550723,2.0611029706,2.0010982314,25.0000000000,25.0000000000,7.6360560526,0.6972172253,0.9878836274
1.8620000000,1.0471975512,0.9871226963,0.0041263597,2.0605918674,2.0010499504,25.0000000000,25.0000000000,7.6338610322,0.6970171735,0.9878836274
1.8630000000,1.0471975512,0.9871271426,0.0045556156,2.0175752721,2.0002363176,25.0000000000,25.0000000000,7.4383876314,0.6792131887,0.9878836274
1.8640000000,1.0471975512,0.9871317597,0.0046208051,2.0111276979,1.9999664686,25.0000000000,25.0000000000,7.4360938471,0.6789774984,0.9878836274
1.8650000000,1.0471975512,0.9871362833,0.0044359969,2.0098012081,1.9997288146,25.0000000000,25.0000000000,7.4343060910,0.6788104641,0.9878836274
1.8660000000,1.0471975512,0.9871404849,0.0040367495,2.0093841483,1.9995290412,25.0000000000,25.0000000000,7.4333169850,0.6787194768,0.9878836274
1.8670000000,1.0471975512,0.9871441757,0.0034642976,2.0092637031,1.9993722548,25.0000000000,25.0000000000,7.4330530974,0.6786951606,0.9878836274
1.8680000000,1.0471975512,0.9871472103,0.0027635451,2.0093318976,1.9992612189,25.0000000000,25.0000000000,7.4334225621,0.6787287529,0.9878836274
1.8690000000,1.0471975512,0.9871494891,0.0019806513,2.0095504997,1.9991963014,25.0000000000,25.0000000000,7.4343262086,0.6788111472,0.9878836274
1.8700000000,1.0471975512,0.9871509585,0.0011607569,2.0098895244,1.9991756857,25.0000000000,25.0000000000,7.4356578793,0.6789326446,0.9878836274
1.8710000000,1.0471975512,0.9871516081,0.0003459874,2.0103190199,1.9991956811,25.0000000000,25.0000000000,7.4373065300,0.6790831064,0.9878836274
1.8720000000,1.0471975512,0.9871514669,-0.0004261937,2.0108087754,1.9992510908,25.0000000000,25.0000000000,7.4391599831,0.6792522903,0.9878836274
1.8730000000,1.0471975512,0.9871505975,-0.0011242432,2.0113292900,1.9993356120,25.0000000000,25.0000000000,7.4411092871,0.6794302479,0.9878836274
1.8740000000,1.0471975512,0.9871490903,-0.0017233875,2.0118528929,1.9994422459,25.0000000000,25.0000000000,7.4430529602,0.6796077121,0.9878836274
1.8750000000,1.0471975512,0.9871470556,-0.0022060676,2.0123547581,1.9995636964,25.0000000000,25.0000000000,7.4449006890,0.6797764349,0.9878836274
1.8760000000,1.0471975512,0.9871446170,-0.0025620012,2.0128137228,1.9996927423,25.0000000000,25.0000000000,7.4465762431,0.6799294531,0.9878836274
1.8770000000,1.0471975512,0.9871419037,-0.0027878984,2.0132128686,1.9998225661,25.0000000000,25.0000000000,7.4480194898,0.6800612733,0.9878836274
1.8780000000,1.0471975512,0.9871390443,-0.0028868812,2.0135398546,1.9999470294,25.0000000000,25.0000000000,7.4491874780,0.6801679703,0.9878836274
1.8790000000,1.0471975512,0.9871361606,-0.0028676645,2.0137870064,2.0000608888,25.0000000000,25.0000000000,7.4500546229,0.6802472048,0.9878836274
1.8800000000,1.0471975512,0.9871333630,-0.0027435620,2.0139511815,2.0001599464,25.0000000000,25.0000000000,7.4506120682,0.6802981646,0.9878836274
1.8810000000,1.0471975512,0.9871307459,-0.0025313821,2.0140334381,2.0002411356,25.0000000000,25.0000000000,7.4508663394,0.6803214425,0.9878836274
1.8820000000,1.0471975512,0.9871283856,-0.0022502763,2.0140385445,2.0003025462,25.0000000000,25.0000000000,7.4508374218,0.6803188603,0.9878836274
1.8830000000,1.0471975512,0.9871263383,-0.0019205995,2.0139743663,2.0003433913,25.0000000000,25.0000000000,7.4505564139,0.6802932552,0.9878836274
1.8840000000,1.0471975512,0.9871246399,-0.0015628336,2.0138511748,2.0003639265,25.0000000000,25.0000000000,7.4500629080,0.6802482403,0.9878836274
1.8850000000,1.0471975512,0.9871233061,-0.0011966187,2.0136809148,2.0003653278,25.0000000000,25.0000000000,7.4494022505,0.6801879546,0.9878836274
1.8860000000,1.0471975512,0.9871223338,-0.0008399253,2.0134764725,2.0003495406,25.0000000000,25.0000000000,7.4486228211,0.6801168148,0.9878836274
1.8870000000,1.0471975512,0.9871217036,-0.0005083913,2.0132509747,2.0003191075,25.0000000000,25.0000000000,7.4477734573,0.6800392798,0.9878836274
1.8880000000,1.0471975512,0.9871213820,-0.0002148379,2.0130171521,2.0002769870,25.0000000000,25.0000000000,7.4469011271,0.6799596383,0.9878836274
1.8890000000,1.0471975512,0.9871213249,0.0000310326,2.0127867862,2.0002263719,25.0000000000,25.0000000000,7.4460489347,0.6798818265,0.9878836274
1.8900000000,1.0471975512,0.9871214801,0.0002227614,2.0125702599,2.0001705157,25.0000000000,25.0000000000,7.4452545156,0.6798092819,0.9878836274
1.8910000000,1.0471975512,0.9871217914,0.0003570938,2.0123762199,2.0001125743,25.0000000000,25.0000000000,7.4445488559,0.6797448349,0.9878836274
1.8920000000,1.0471975512,0.9871222009,0.0004337940,2.0122113555,2.0000554692,25.0000000000,25.0000000000,7.4439555457,0.6796906409,0.9878836274
1.8930000000,1.0471975512,0.9871226523,0.0004553392,2.0120802922,2.0000017762,25.0000000000,25.0000000000,7.4434904558,0.6796481505,0.9878836274
1.8940000000,1.0471975512,0.9871230933,0.0004265186,2.0119855928,1.9999536409,25.0000000000,25.0000000000,7.4431618092,0.6796181161,0.9878836274
1.8950000000,1.0471975512,0.9871234776,0.0003539677,2.0119278545,1.9999127247,25.0000000000,25.0000000000,7.4429706006,0.6796006300,0.9878836274
1.8960000000,1.0471975512,0.9871237663,0.0002456642,2.0119058877,1.9998801776,25.0000000000,25.0000000000,7.4429113099,0.6795951896,0.9878836274
1.8970000000,1.0471975512,0.9871239292,0.0001104156,2.0119169589,1.9998566383,25.0000000000,25.0000000000,7.4429728443,0.6796007831,0.9878836274
1.8980000000,1.0471975512,0.9871239450,-0.0000426392,2.0119570809,1.9998422586,25.0000000000,25.0000000000,7.4431396405,0.6796159905,0.9878836274
1.8990000000,1.0471975512,0.9871238016,-0.0002044906,2.0120213301,1.9998367471,25.0000000000,25.0000000000,7.4433928608,0.6796390926,0.9878836274
1.9000000000,1.0471975512,0.9871234954,-0.0003666654,2.0121041750,1.9998394292,25.0000000000,25.0000000000,7.4437116155,0.6796681824,0.9878836274
1.9010000000,1.0471975512,0.9871230311,-0.0005215651,2.0121997976,1.9998493192,25.0000000000,25.0000000000,7.4440741524,0.6797012741,0.9878836274
1.9020000000,1.0471975512,0.9871224200,-0.0006627287,2.0123023954,1.9998651987,25.0000000000,25.0000000000,7.4444589624,0.6797364038,0.9878836274
1.9030000000,1.0471975512,0.9871216792,-0.0007850147,2.0124064499,1.9998856978,25.0000000000,25.0000000000,7.4448457568,0.6797717189,0.9878836274
1.9040000000,1.0471975512,0.9871208300,-0.0008847023,2.0125069548,1.9999093751,25.0000000000,25.0000000000,7.4452162854,0.6798055525,0.9878836274
1.9050000000,1.0471975512,0.9871198966,-0.0009595155,2.0125995949,1.9999347922,25.0000000000,25.0000000000,7.4455549742,0.6798364823,0.9878836274
1.9060000000,1.0471975512,0.9871189044,-0.0010085776,2.0126808756,1.9999605809,25.0000000000,25.0000000000,7.4458493697,0.6798633706,0.9878836274
1.9070000000,1.0471975512,0.9871178790,-0.0010323054,2.0127481989,1.9999854992,25.0000000000,25.0000000000,7.4460903932,0.6798853877,0.9878836274
1.9080000000,1.0471975512,0.9871168450,-0.0010322534,2.0127998910,2.0000084761,25.0000000000,25.0000000000,7.4462724087,0.6799020183,0.9878836274
1.9090000000,1.0471975512,0.9871158245,-0.0010109224,2.0128351829,2.0000286439,25.0000000000,25.0000000000,7.4463931251,0.6799130526,0.9863496466
1.9100000000,1.0471975512,0.9871148369,-0.0009715426,2.0128541513,2.0000453568,25.0000000000,25.0000000000,7.4464533512,0.6799185639,0.9863496466
1.9110000000,1.0471975512,0.9871139880,-0.0007046425,2.0564547341,2.0004874801,25.0000000000,25.0000000000,7.6393939644,0.6974970001,0.9863496466
1.9120000000,1.0471975512,0.9871137245,0.0000420566,2.0612888122,2.0008606884,25.0000000000,25.0000000000,7.6391038982,0.6974926431,0.9863496466
1.9130000000,1.0471975512,0.9871143620,0.0010130417,2.0616540194,2.0010227963,25.0000000000,25.0000000000,7.6387219686,0.6974598801,0.9863496466
1.9140000000,1.0471975512,0.9871160402,0.0020852111,2.0614488514,2.0010937651,25.0000000000,25.0000000000,7.6376006165,0.6973579332,0.9863496466
1.9150000000,1.0471975512,0.9871188131,0.0031851381,2.0610488207,2.0010972905,25.0000000000,25.0000000000,7.6358197523,0.6971956931,0.9878836274
1.9160000000,1.0471975512,0.9871226693,0.0042511964,2.0605261213,2.0010422959,25.0000000000,25.0000000000,7.6335816912,0.6969917115,0.9878836274
1.9170000000,1.0471975512,0.9871272343,0.0046702507,2.0174973009,2.0002248895,25.0000000000,25.0000000000,7.4380847764,0.6791855533,0.9878836274
1.9180000000,1.0471975512,0.9871319576,0.0047214761,2.0110453563,1.9999511181,25.0000000000,25.0000000000,7.4357857993,0.6789493754,0.9878836274
1.9190000000,1.0471975512,0.9871365713,0.0045194781,2.0097205887,1.9997106635,25.0000000000,25.0000000000,7.4340082275,0.6787832664,0.9878836274
1.9200000000,1.0471975512,0.9871408445,0.0041009540,2.0093090026,1.9995092294,25.0000000000,25.0000000000,7.4330417449,0.6786943419,0.9878836274
1.9210000000,1.0471975512,0.9871445869,0.0035082565,2.0091969425,1.9993518804,25.0000000000,25.0000000000,7.4328107516,0.6786730269,0.9878836274
1.9220000000,1.0471975512,0.9871476527,0.0027873352,2.0092757309,1.9992412910,25.0000000000,25.0000000000,7.4332208625,0.6787103287,0.9878836274
1.9230000000,1.0471975512,0.9871499433,0.0019852818,2.0095064189,1.9991777024,25.0000000000,25.0000000000,7.4341702445,0.6787968978,0.9878836274
1.9240000000,1.0471975512,0.9871514063,0.0011480243,2.0098583079,1.9991591433,25.0000000000,25.0000000000,7.4355500959,0.6789227938,0.9878836274
1.9250000000,1.0471975512,0.9871520336,0.0003183096,2.0103007678,1.9991817508,25.0000000000,25.0000000000,7.4372468808,0.6790776504,0.9878836274
1.9260000000,1.0471975512,0.9871518569,-0.0004659559,2.0108029745,1.9992401480,25.0000000000,25.0000000000,7.4391461876,0.6792510213,0.9878836274
1.9270000000,1.0471975512,0.9871509419,-0.0011729657,2.0113349012,1.9993278535,25.0000000000,25.0000000000,7.4411371690,0.6794327851,0.9878836274
1.9280000000,1.0471975512,0.9871493822,-0.0017778563,2.0118684546,1.9994376991,25.0000000000,25.0000000000,7.4431168395,0.6796135371,0.9878836274
1.9290000000,1.0471975512,0.9871472912,-0.0022631382,2.0123784984,1.9995622362,25.0000000000,25.0000000000,7.4449938041,0.6797849305,0.9878836274
1.9300000000,1.0471975512,0.9871447954,-0.0026187380,2.0128436748,1.9996941127,25.0000000000,25.0000000000,7.4466911791,0.6799399426,0.9878836274
1.9310000000,1.0471975512,0.9871420270,-0.0028416897,2.0132469824,1.9998264057,25.0000000000,25.0000000000,7.4481485929,0.6800730578,0.9878836274
1.9320000000,1.0471975512,0.9871391169,-0.0029355269,2.0135761016,1.9999528999,25.0000000000,25.0000000000,7.4493232375,0.6801803642,0.9878836274
1.9330000000,1.0471975512,0.9871361888,-0.0029094357,2.0138234718,2.0000683030,25.0000000000,25.0000000000,7.4501900062,0.6802595657,0.9878836274
1.9340000000,1.0471975512,0.9871333543,-0.0027772322,2.0139861413,2.0001683960,25.0000000000,25.0000000000,7.4507407991,0.6803099195,0.9878836274
1.9350000000,1.0471975512,0.9871307090,-0.0025562316,2.0140654199,2.0002501178,25.0000000000,25.0000000000,7.4509831112,0.6803321065,0.9878836274
1.9360000000,1.0471975512,0.9871283295,-0.0022660725,2.0140663692,2.0003115860,25.0000000000,25.0000000000,7.4509380434,0.6803280506,0.9878836274
1.9370000000,1.0471975512,0.9871262721,-0.0019275566,2.0139971726,2.0003520608,25.0000000000,25.0000000000,7.4506378877,0.6803006979,0.9878836274
1.9380000000,1.0471975512,0.9871245719,-0.0015615558,2.0138684259,2.0003718602,25.0000000000,25.0000000000,7.4501234447,0.6802537717,0.9878836274
1.9390000000,1.0471975512,0.9871232440,-0.0011880307,2.0136923896,2.0003722330,25.0000000000,25.0000000000,7.4494412256,0.6801915176,0.9878836274
1.9400000000,1.0471975512,0.9871222842,-0.0008251956,2.0134822422,2.0003552032,25.0000000000,25.0000000000,7.4486406818,0.6801184499,0.9878836274
1.9410000000,1.0471975512,0.9871216718,-0.0004888524,2.0132513695,2.0003233938,25.0000000000,25.0000000000,7.4477715884,0.6800391132,0.9878836274
1.9420000000,1.0471975512,0.9871213721,-0.0001919063,2.0130127179,2.0002798418,25.0000000000,25.0000000000,7.4468816886,0.6799578671,0.9878836274
1.9430000000,1.0471975512,0.9871213392,0.0000559308,2.0127782372,2.0002278125,25.0000000000,25.0000000000,7.4460146791,0.6798787019,0.9878836274
1.9440000000,1.0471975512,0.9871215198,0.0002482584,2.0125584271,2.0001706234,25.0000000000,25.0000000000,7.4452085975,0.6798050918,0.9878836274
1.9450000000,1.0471975512,0.9871218563,0.0003819374,2.0123620001,2.0001114841,25.0000000000,25.0000000000,7.4444946423,0.6797398867,0.9878836274
1.9460000000,1.0471975512,0.9871222896,0.0004568941,2.0121956627,2.0000533580,25.0000000000,25.0000000000,7.4438964367,0.6796852450,0.9878836274
1.9470000000,1.0471975512,0.9871227625,0.0004758015,2.0120640132,1.9999988495,25.0000000000,25.0000000000,7.4434297228,0.6796426057,0.9878836274
1.9480000000,1.0471975512,0.9871232220,0.0004436658,2.0119695484,1.9999501210,25.0000000000,25.0000000000,7.4431024554,0.6796126966,0.9878836274
1.9490000000,1.0471975512,0.9871236211,0.0003673483,2.0119127685,1.9999088381,25.0000000000,25.0000000000,7.4429152495,0.6795955755,0.9878836274
1.9500000000,1.0471975512,0.9871239207,0.0002550498,2.0118923631,1.9998761440,25.0000000000,25.0000000000,7.4428621228,0.6795906974,0.9878836274
1.9510000000,1.0471975512,0.9871240905,0.0001157882,2.0119054625,1.9998526613,25.0000000000,25.0000000000,7.4429314677,0.6795970037,0.9878836274
1.9520000000,1.0471975512,0.9871241092,-0.0000411087,2.0119479358,1.9998385178,25.0000000000,25.0000000000,7.4431071839,0.6796130253,0.9878836274
1.9530000000,1.0471975512,0.9871239651,-0.0002064700,2.0120147159,1.9998333921,25.0000000000,25.0000000000,7.4433699009,0.6796369943,0.9878836274
1.9540000000,1.0471975512,0.9871236550,-0.0003716936,2.0121001342,1.9998365761,25.0000000000,25.0000000000,7.4436982255,0.6796669579,0.9878836274
1.9550000000,1.0471975512,0.9871231841,-0.0005290872,2.0121982484,1.9998470482,25.0000000000,25.0000000000,7.4440699516,0.6797008886,0.9878836274
1.9560000000,1.0471975512,0.9871225642,-0.0006721320,2.0123031482,1.9998635546,25.0000000000,25.0000000000,7.4444631813,0.6797367873,0.9878836274
1.9570000000,1.0471975512,0.9871218132,-0.0007956630,2.0124092278,1.9998846915,25.0000000000,25.0000000000,7.4448573141,0.6797727726,0.9878836274
1.9580000000,1.0471975512,0.9871209529,-0.0008959680,2.0125114154,1.9999089865,25.0000000000,25.0000000000,7.4452338712,0.6798071569,0.9878836274
1.9590000000,1.0471975512,0.9871200081,-0.0009708082,2.0126053534,1.9999349746,25.0000000000,25.0000000000,7.4455771348,0.6798385047,0.9878836274
1.9600000000,1.0471975512,0.9871190049,-0.0010193678,2.0126875270,1.9999612658,25.0000000000,25.0000000000,7.4458745909,0.6798656727,0.9878836274
1.9610000000,1.0471975512,0.9871179694,-0.0010421425,2.0127553392,1.9999866018,25.0000000000,25.0000000000,7.4461171770,0.6798878328,0.9878836274
1.9620000000,1.0471975512,0.9871169263,-0.0010407788,2.0128071358,2.0000099011,25.0000000000,25.0000000000,7.4462993416,0.6799044773,0.9878836274
1.9630000000,1.0471975512,0.9871158982,-0.0010178760,2.0128421832,2.0000302909,25.0000000000,25.0000000000,7.4464189352,0.6799154094,0.9863496466
1.9640000000,1.0471975512,0.9871149048,-0.0009767654,2.0128606063,2.0000471258,25.0000000000,25.0000000000,7.4464769524,0.6799207192,0.9863496466
1.9650000000,1.0471975512,0.9871140518,-0.0007080117,2.0564601129,2.0004893724,25.0000000000,25.0000000000,7.6394145022,0.6974988746,0.9863496466
1.9660000000,1.0471975512,0.9871137860,0.0000405534,2.0612931616,2.0008625268,25.0000000000,25.0000000000,7.6391207273,0.6974941789,0.9863496466
1.9670000000,1.0471975512,0.9871144231,0.0010132869,2.0616573483,2.0010244835,25.0000000000,25.0000000000,7.6387346111,0.6974610341,0.9863496466
1.9680000000,1.0471975512,0.9871161026,0.0020870062,2.0614511070,2.0010952280,25.0000000000,25.0000000000,7.6376088201,0.6973586825,0.9863496466
1.9690000000,1.0471975512,0.9871188782,0.0031882242,2.0610499964,2.0010984759,25.0000000000,25.0000000000,7.6358235399,0.6971960396,0.9878836274
1.9700000000,1.0471975512,0.9871227381,0.0042552737,2.0605262676,2.0010431706,25.0000000000,25.0000000000,7.6335813236,0.6969916790,0.9878836274
1.9710000000,1.0471975512,0.9871273076,0.0046750207,2.0174964073,2.0002254795,25.0000000000,25.0000000000,7.4380807156,0.6791851834,0.9878836274
1.9720000000,1.0471975512,0.9871320359,0.0047266517,2.0110435763,1.9999514146,25.0000000000,25.0000000000,7.4357786494,0.6789487233,0.9878836274
1.9730000000,1.0471975512,0.9871366549,0.0045247755,2.0097181239,1.9997106834,25.0000000000,25.0000000000,7.4339986641,0.6787823937,0.9878836274
1.9740000000,1.0471975512,0.9871409333,0.0041061133,2.0093060433,1.9995090008,25.0000000000,25.0000000000,7.4330304662,0.6786933125,0.9878836274
1.9750000000,1.0471975512,0.9871446806,0.0035130517,2.0091936792,1.9993514400,25.0000000000,25.0000000000,7.4327984633,0.6786719052,0.9878836274
1.9760000000,1.0471975512,0.9871477510,0.0027915809,2.0092723476,1.9992406816,25.0000000000,25.0000000000,7.4332082434,0.6787091766,0.9878836274
1.9770000000,1.0471975512,0.9871500454,0.0019888377,2.0095030861,1.9991769702,25.0000000000,25.0000000000,7.4341579176,0.6787957722,0.9878836274
1.9780000000,1.0471975512,0.9871515115,0.0011507971,2.0098551756,1.9991583353,25.0000000000,25.0000000000,7.4355386053,0.6789217445,0.9878836274
1.9790000000,1.0471975512,0.9871521410,0.0003202522,2.0102979611,1.9991809127,25.0000000000,25.0000000000,7.4372366745,0.6790767182,0.9878836274
1.9800000000,1.0471975512,0.9871519657,-0.0004648470,2.0108005900,1.9992393220,25.0000000000,25.0000000000,7.4391376066,0.6792502375,0.9878836274
1.9810000000,1.0471975512,0.9871510514,-0.0011726546,2.0113330057,1.9993270769,25.0000000000,25.0000000000,7.4411304428,0.6794321705,0.9878836274
1.9820000000,1.0471975512,0.9871494914,-0.0017782736,2.0118670851,1.9994370029,25.0000000000,25.0000000000,7.4431120870,0.6796131028,0.9878836274
1.9830000000,1.0471975512,0.9871473996,-0.0022641880,2.0123776636,1.9995616444,25.0000000000,25.0000000000,7.4449910395,0.6797846777,0.9878836274
1.9840000000,1.0471975512,0.9871449025,-0.0026203049,2.0128433573,1.9996936420,25.0000000000,25.0000000000,7.4466903226,0.6799398640,0.9878836274
1.9850000000,1.0471975512,0.9871421323,-0.0028436462,2.0132471427,1.9998260653,25.0000000000,25.0000000000,7.4481494840,0.6800731388,0.9878836274
1.9860000000,1.0471975512,0.9871392200,-0.0029377409,2.0135766821,1.9999526920,25.0000000000,25.0000000000,7.4493256510,0.6801805842,0.9878836274
1.9870000000,1.0471975512,0.9871362896,-0.0029117768,2.0138244012,2.0000682234,25.0000000000,25.0000000000,7.4501936697,0.6802599000,0.9878836274
1.9880000000,1.0471975512,0.9871334528,-0.0027795778,2.0139873396,2.0001684350,25.0000000000,25.0000000000,7.4507454103,0.6803103403,0.9878836274
1.9890000000,1.0471975512,0.9871308052,-0.0025584719,2.0140668029,2.0002502610,25.0000000000,25.0000000000,7.4509883554,0.6803325852,0.9878836274
1.9900000000,1.0471975512,0.9871284236,-0.0022681140,2.0140678531,2.0003118158,25.0000000000,25.0000000000,7.4509436095,0.6803285588,0.9878836274
1.9910000000,1.0471975512,0.9871263643,-0.0019293250,2.0139986775,2.0003523574,25.0000000000,25.0000000000,7.4506434822,0.6803012087,0.9878836274
1.9920000000,1.0471975512,0.9871246625,-0.0015629972,2.0138698794,2.0003722027,25.0000000000,25.0000000000,7.4501288037,0.6802542610,0.9878836274
1.9930000000,1.0471975512,0.9871233334,-0.0011891122,2.0136937293,2.0003726006,25.0000000000,25.0000000000,7.4494461237,0.6801919649,0.9878836274
1.9940000000,1.0471975512,0.9871223728,-0.0008259047,2.0134834175,2.0003555762,25.0000000000,25.0000000000,7.4486449389,0.6801188387,0.9878836274
1.9950000000,1.0471975512,0.9871217599,-0.0004891950,2.0132523429,2.0003237542,25.0000000000,25.0000000000,7.4477750734,0.6800394316,0.9878836274
1.9960000000,1.0471975512,0.9871214600,-0.0001919050,2.0130134653,2.0002801741,25.0000000000,25.0000000000,7.4468843200,0.6799581075,0.9878836274
1.9970000000,1.0471975512,0.9871214273,0.0000562398,2.0127787473,2.0002281041,25.0000000000,25.0000000000,7.4460164238,0.6798788614,0.9878836274
1.9980000000,1.0471975512,0.9871216085,0.0002488284,2.0125587011,2.0001708651,25.0000000000,25.0000000000,7.4452094673,0.6798051714,0.9878836274
1.9990000000,1.0471975512,0.9871219456,0.0003827143,2.0123620500,2.0001116698,25.0000000000,25.0000000000,7.4444946885,0.6797398911,0.9878836274
2.0000000000,1.0471975512,0.9871223798,0.0004578200,2.0121955098,2.0000534848,25.0000000000,25.0000000000,7.4438957437,0.6796851819,0.9878836274
