time_s,target_rad,angle_rad,speed_rad_s,current_a,torque_nm,winding_c,case_c,motor_voltage_v,duty,encoder_rad
0.0010000000,1.0471975512,0.0000000000,0.0000000000,-0.0000000000,0.0000000000,25.0000000000,25.0000000000,0.0000000000,0.0000000000,0.0000000000
0.0020000000,1.0471975512,0.0000000000,0.0000000000,-0.0000000000,0.0000000000,25.0000000000,25.0000000000,0.0000000000,0.0000000000,0.0000000000
0.0030000000,1.0471975512,0.0000000000,0.0000000000,-0.0000000000,0.0000000000,25.0000000000,25.0000000000,0.0000000000,0.0000000000,0.0000000000
0.0040000000,1.0471975512,0.0000000000,0.0000000000,-0.0000000000,-0.0000000000,25.0000000000,25.0000000000,0.0000000000,0.0000000000,0.0000000000
0.0050000000,1.0471975512,0.0000000000,0.0000000000,-0.0000000000,-0.0000000000,25.0000000000,25.0000000000,-0.0000000000,0.0000000000,0.0000000000
0.0060000000,1.0471975512,0.0000000000,0.0000000000,-0.0000000000,-0.0000000000,25.0000000000,25.0000000000,0.0000000000,1.0000000000,0.0000000000
0.0070000000,1.0471975512,0.0000495332,0.1065128798,2.0231264572,0.1913967758,25.0000000000,25.0000000000,10.9988436771,1.0000000000,0.0000000000
0.0080000000,1.0471975512,0.0003488998,0.4425194679,1.5995403475,0.4164217039,25.0000000000,25.0000000000,11.0200229826,1.0000000000,0.0000000000
0.0090000000,1.0471975512,0.0011055510,0.9638492577,1.1484781942,0.5752631069,25.0000000000,25.0000000000,11.0425760903,1.0000000000,0.0015339808
0.0100000000,1.0471975512,0.0024613208,1.6015078408,0.9286802750,0.6676136812,25.0000000000,25.0000000000,11.0535659862,1.0000000000,0.0030679616
0.0110000000,1.0471975512,0.0044951393,2.2973947756,0.8519170072,0.7070683233,25.0000000000,25.0000000000,11.0574041496,1.0000000000,0.0046019424
0.0120000000,1.0471975512,0.0072361584,3.0064744014,0.8312527928,0.7058605021,25.0000000000,25.0000000000,11.0584373604,1.0000000000,0.0076699039
0.0130000000,1.0471975512,0.0106753221,3.6943301884,0.8193428518,0.6737178645,25.0000000000,25.0000000000,11.0590328574,1.0000000000,0.0107378655
0.0140000000,1.0471975512,0.0147746567,4.3351421769,0.7960179016,0.6186559799,25.0000000000,25.0000000000,11.0601991049,1.0000000000,0.0153398079
0.0150000000,1.0471975512,0.0194750030,4.9103720002,0.7553749566,0.5475655438,25.0000000000,25.0000000000,11.0622312522,1.0000000000,0.0199417502
0.0160000000,1.0471975512,0.0247026902,5.4078176127,0.6981721002,0.4664673202,25.0000000000,25.0000000000,11.0650913950,1.0000000000,0.0245436926
0.0170000000,1.0471975512,0.0303753577,5.8207972896,0.6279487087,0.3805841625,25.0000000000,25.0000000000,11.0686025646,1.0000000000,0.0306796158
0.0180000000,1.0471975512,0.0364069797,6.1473561524,0.5491425644,0.2943442411,25.0000000000,25.0000000000,11.0725428718,1.0000000000,0.0368155389
0.0190000000,1.0471975512,0.0427120926,6.3894668629,0.4661886760,0.2113745398,25.0000000000,25.0000000000,11.0766905662,1.0000000000,0.0429514621
0.0200000000,1.0471975512,0.0492092239,6.5522322100,0.3830910791,0.1345095216,25.0000000000,25.0000000000,11.0808454460,1.0000000000,0.0490873852
0.0210000000,1.0471975512,0.0558235347,6.6431103423,0.3032276385,0.0658224451,25.0000000000,25.0000000000,11.0848386181,1.0000000000,0.0552233084
0.0220000000,1.0471975512,0.0624887153,6.6711853177,0.2292763076,0.0066787162,25.0000000000,25.0000000000,11.0885361846,1.0000000000,0.0628932123
0.0230000000,1.0471975512,0.0691481901,6.6465026268,0.1632097828,-0.0421927769,25.0000000000,25.0000000000,11.0918395109,1.0000000000,0.0690291355
0.0240000000,1.0471975512,0.0757557065,6.5794844422,0.1063315448,-0.0806155829,25.0000000000,25.0000000000,11.0946834228,1.0000000000,0.0751650586
0.0250000000,1.0471975512,0.0822742332,6.4777606046,0.0731988102,-0.1141841041,25.0000000000,25.0000000000,11.0963400595,1.0000000000,0.0828349625
0.0260000000,1.0471975512,0.0886715677,6.3458244574,0.0648007225,-0.1413875877,25.0000000000,25.0000000000,11.0967599639,1.0000000000,0.0889708857
0.0270000000,1.0471975512,0.0949230456,6.1928612923,0.0606025021,-0.1586892834,25.0000000000,25.0000000000,11.0969698749,1.0000000000,0.0951068088
0.0280000000,1.0471975512,0.1010136924,6.0284475205,0.0575566599,-0.1667568359,25.0000000000,25.0000000000,11.0971221670,1.0000000000,0.1012427320
0.0290000000,1.0471975512,0.1069375222,5.8612080314,0.0565829840,-0.1665542707,25.0000000000,25.0000000000,11.0971708508,1.0000000000,0.1073786552
0.0300000000,1.0471975512,0.1126965730,5.6987959738,0.0576862457,-0.1590895054,25.0000000000,25.0000000000,11.0971156877,1.0000000000,0.1119805975
0.0310000000,1.0471975512,0.1182998479,5.5477406623,0.0605225220,-0.1455573420,25.0000000000,25.0000000000,11.0969738739,1.0000000000,0.1181165207
0.0320000000,1.0471975512,0.1237620864,5.4132866122,0.0647424386,-0.1272853089,25.0000000000,25.0000000000,11.0967628781,1.0000000000,0.1242524438
0.0330000000,1.0471975512,0.1291024228,5.2993148415,0.0699952743,-0.1056490000,25.0000000000,25.0000000000,11.0965002363,1.0000000000,0.1288543862
0.0340000000,1.0471975512,0.1343430157,5.2083383929,0.0759267201,-0.0820041622,25.0000000000,25.0000000000,11.0962036640,1.0000000000,0.1349903093
0.0350000000,1.0471975512,0.1395077099,5.1415582218,0.0821945914,-0.0576302148,25.0000000000,25.0000000000,11.0958902704,1.0000000000,0.1395922517
0.0360000000,1.0471975512,0.1446207877,5.0989695105,0.0884834053,-0.0336835680,25.0000000000,25.0000000000,11.0955758297,1.0000000000,0.1441941941
0.0370000000,1.0471975512,0.1497058517,5.0795079306,0.0945150427,-0.0111618251,25.0000000000,25.0000000000,11.0952742479,1.0000000000,0.1503301172
0.0380000000,1.0471975512,0.1547848723,5.0812235115,0.1000646151,0.0091162128,25.0000000000,25.0000000000,11.0949967692,1.0000000000,0.1549320596
0.0390000000,1.0471975512,0.1598772006,5.1009783994,0.1074646151,0.0255778202,25.0000000000,25.0000000000,11.0946267692,1.0000000000,0.1595340019
0.0400000000,1.0471975512,0.1649982013,5.1344663257,0.1179208082,0.0377173213,25.0000000000,25.0000000000,11.0941039596,1.0000000000,0.1656699251
0.0410000000,1.0471975512,0.1701590287,5.1776143770,0.1288224875,0.0459458719,25.0000000000,25.0000000000,11.0935588756,1.0000000000,0.1702718675
0.0420000000,1.0471975512,0.1753670407,5.2267964655,0.1381712602,0.0507213849,25.0000000000,25.0000000000,11.0930914370,1.0000000000,0.1748738098
0.0430000000,1.0471975512,0.1806262599,5.2788534946,0.1450299704,0.0525157640,25.0000000000,25.0000000000,11.0927485015,1.0000000000,0.1810097330
0.0440000000,1.0471975512,0.1859378484,5.3311055325,0.1491532990,0.0518119676,25.0000000000,25.0000000000,11.0925423350,1.0000000000,0.1856116753
0.0450000000,1.0471975512,0.1913005919,5.3813583060,0.1506714141,0.0490958416,25.0000000000,25.0000000000,11.0924664293,1.0000000000,0.1917475985
0.0460000000,1.0471975512,0.1967113830,5.4278980672,0.1499022997,0.0448429248,25.0000000000,25.0000000000,11.0925048850,1.0000000000,0.1963495408
0.0470000000,1.0471975512,0.2021656910,5.4694723578,0.1472483921,0.0395042424,25.0000000000,25.0000000000,11.0926375804,1.0000000000,0.2024854640
0.0480000000,1.0471975512,0.2076580036,5.5052574499,0.1431387150,0.0334937411,25.0000000000,25.0000000000,11.0928430642,1.0000000000,0.2070874064
0.0490000000,1.0471975512,0.2131822295,5.5348149656,0.1379947466,0.0271786028,25.0000000000,25.0000000000,11.0931002627,1.0000000000,0.2132233295
0.0500000000,1.0471975512,0.2187320521,5.5580408336,0.1322092711,0.0208728084,25.0000000000,25.0000000000,11.0933895364,1.0000000000,0.2193592527
0.0510000000,1.0471975512,0.2243012294,5.5751098044,0.1261331018,0.0148338596,25.0000000000,25.0000000000,11.0936933449,1.0000000000,0.2239611950
0.0520000000,1.0471975512,0.2298838371,5.5864184843,0.1200671754,0.0092623293,25.0000000000,25.0000000000,11.0939966412,1.0000000000,0.2300971182
0.0530000000,1.0471975512,0.2354744559,5.5925294498,0.1142586597,0.0043037976,25.0000000000,25.0000000000,11.0942870670,1.0000000000,0.2362330413
0.0540000000,1.0471975512,0.2410683035,5.5941185229,0.1089002056,0.0000526887,25.0000000000,25.0000000000,11.0945549897,1.0000000000,0.2408349837
0.0550000000,1.0471975512,0.2466613178,5.5919268036,0.1041316751,-0.0034424823,25.0000000000,25.0000000000,11.0947934162,1.0000000000,0.2469709068
0.0560000000,1.0471975512,0.2522501953,5.5867185761,0.1000437752,-0.0061729128,25.0000000000,25.0000000000,11.0949978112,1.0000000000,0.2515728492
0.0570000000,1.0471975512,0.2578322789,5.5789989673,0.0979097629,-0.0086192860,25.0000000000,25.0000000000,11.0951045119,1.0000000000,0.2577087724
0.0580000000,1.0471975512,0.2634052498,5.5691256781,0.0973840567,-0.0105352070,25.0000000000,25.0000000000,11.0951307972,1.0000000000,0.2638446955
0.0590000000,1.0471975512,0.2689673781,5.5577924716,0.0970836218,-0.0117237426,25.0000000000,25.0000000000,11.0951458189,1.0000000000,0.2684466379
0.0600000000,1.0471975512,0.2745176435,5.5456941009,0.0968745272,-0.0122441364,25.0000000000,25.0000000000,11.0951562736,1.0000000000,0.2745825610
0.0610000000,1.0471975512,0.2800556763,5.5334545581,0.0968209772,-0.0121663908,25.0000000000,25.0000000000,11.0951589511,1.0000000000,0.2807184842
0.0620000000,1.0471975512,0.2855816863,5.5216260811,0.0969172233,-0.0115656229,25.0000000000,25.0000000000,11.0951541388,1.0000000000,0.2853204265
0.0630000000,1.0471975512,0.2910963846,5.5106770742,0.0971375204,-0.0105307673,25.0000000000,25.0000000000,11.0951431240,1.0000000000,0.2914563497
0.0640000000,1.0471975512,0.2966008915,5.5009808581,0.0974563607,-0.0091597632,25.0000000000,25.0000000000,11.0951271820,1.0000000000,0.2960582921
0.0650000000,1.0471975512,0.3020966385,5.4928105761,0.0978479924,-0.0075534564,25.0000000000,25.0000000000,11.0951076004,1.0000000000,0.3021942152
0.0660000000,1.0471975512,0.3075852675,5.4863393995,0.0982864937,-0.0058107442,25.0000000000,25.0000000000,11.0950856753,1.0000000000,0.3083301384
0.0670000000,1.0471975512,0.3130685333,5.4816450673,0.0987469650,-0.0040245156,25.0000000000,25.0000000000,11.0950626518,1.0000000000,0.3129320807
0.0680000000,1.0471975512,0.3185482133,5.4787180536,0.0992064594,-0.0022782634,25.0000000000,25.0000000000,11.0950396770,1.0000000000,0.3190680039
0.0690000000,1.0471975512,0.3240260312,5.4774853595,0.0995696258,-0.0006117882,25.0000000000,25.0000000000,11.0950215187,1.0000000000,0.3236699462
0.0700000000,1.0471975512,0.3295036153,5.4778236682,0.0998693762,0.0008689019,25.0000000000,25.0000000000,11.0950065312,1.0000000000,0.3298058694
0.0710000000,1.0471975512,0.3349823613,5.4794383100,0.1005141666,0.0020214074,25.0000000000,25.0000000000,11.0949742917,1.0000000000,0.3344078118
0.0720000000,1.0471975512,0.3404633434,5.4820088310,0.1013571120,0.0028630407,25.0000000000,25.0000000000,11.0949321444,1.0000000000,0.3405437349
0.0730000000,1.0471975512,0.3459473327,5.4852437874,0.1021805929,0.0034252024,25.0000000000,25.0000000000,11.0948909704,1.0000000000,0.3466796581
0.0740000000,1.0471975512,0.3514348294,5.4888841745,0.1028588795,0.0037407743,25.0000000000,25.0000000000,11.0948570560,1.0000000000,0.3512816004
0.0750000000,1.0471975512,0.3569260952,5.4927045952,0.1033407958,0.0038438184,25.0000000000,25.0000000000,11.0948329602,1.0000000000,0.3574175236
0.0760000000,1.0471975512,0.3624211884,5.4965143930,0.1036183048,0.0037694198,25.0000000000,25.0000000000,11.0948190848,1.0000000000,0.3620194659
0.0770000000,1.0471975512,0.3679199983,5.5001582316,0.1037059211,0.0035529158,25.0000000000,25.0000000000,11.0948147039,1.0000000000,0.3681553891
0.0780000000,1.0471975512,0.3734222812,5.5035156869,0.1036292428,0.0032288247,25.0000000000,25.0000000000,11.0948185379,1.0000000000,0.3727573315
0.0790000000,1.0471975512,0.3789276937,5.5064997486,0.1034186793,0.0028297710,25.0000000000,25.0000000000,11.0948290660,1.0000000000,0.3788932546
0.0800000000,1.0471975512,0.3844358251,5.5090543397,0.1031058723,0.0023855721,25.0000000000,25.0000000000,11.0948447064,1.0000000000,0.3850291778
0.0810000000,1.0471975512,0.3899462262,5.5111510616,0.1027215250,0.0019225527,25.0000000000,25.0000000000,11.0948639237,1.0000000000,0.3896311201
0.0820000000,1.0471975512,0.3954584345,5.5127854066,0.1022940222,0.0014631035,25.0000000000,25.0000000000,11.0948852989,1.0000000000,0.3957670433
0.0830000000,1.0471975512,0.4009719958,5.5139726751,0.1018485540,0.0010254696,25.0000000000,25.0000000000,11.0949075723,1.0000000000,0.4003689856
0.0840000000,1.0471975512,0.4064864815,5.5147438105,0.1014065968,0.0006237440,25.0000000000,25.0000000000,11.0949296702,1.0000000000,0.4065049088
0.0850000000,1.0471975512,0.4120015010,5.5151413374,0.1009856704,0.0002680297,25.0000000000,25.0000000000,11.0949507165,1.0000000000,0.4126408319
0.0860000000,1.0471975512,0.4175167119,5.5152155480,0.1005993137,-0.0000352626,25.0000000000,25.0000000000,11.0949700343,1.0000000000,0.4172427743
0.0870000000,1.0471975512,0.4230318247,5.5150210503,0.1002572337,-0.0002830198,25.0000000000,25.0000000000,11.0949871383,1.0000000000,0.4233786975
0.0880000000,1.0471975512,0.4285466056,5.5146137548,0.0999655891,-0.0004749657,25.0000000000,25.0000000000,11.0950017205,1.0000000000,0.4279806398
0.0890000000,1.0471975512,0.4340608763,5.5140482049,0.0997282721,-0.0006135965,25.0000000000,25.0000000000,11.0950135864,1.0000000000,0.4341165630
0.0900000000,1.0471975512,0.4395745074,5.5133679895,0.0995861125,-0.0007187554,25.0000000000,25.0000000000,11.0950206944,1.0000000000,0.4402524861
0.0910000000,1.0471975512,0.4450873988,5.5125962680,0.0995701765,-0.0007975665,25.0000000000,25.0000000000,11.0950214912,1.0000000000,0.4448544285
0.0920000000,1.0471975512,0.4505994844,5.5117762055,0.0995688081,-0.0008279366,25.0000000000,25.0000000000,11.0950215596,1.0000000000,0.4509903516
0.0930000000,1.0471975512,0.4561107443,5.5109519569,0.0995684805,-0.0008172942,25.0000000000,25.0000000000,11.0950215760,1.0000000000,0.4555922940
0.0940000000,1.0471975512,0.4616211979,5.5101608977,0.0995735164,-0.0007712335,25.0000000000,25.0000000000,11.0950213242,1.0000000000,0.4617282172
0.0950000000,1.0471975512,0.4671308988,5.5094347797,0.0995831317,-0.0006958086,25.0000000000,25.0000000000,11.0950208434,1.0000000000,0.4678641403
0.0960000000,1.0471975512,0.4726399282,5.5087985647,0.0995975284,-0.0005981482,25.0000000000,25.0000000000,11.0950201236,1.0000000000,0.4724660827
0.0970000000,1.0471975512,0.4781483873,5.5082697370,0.0996177828,-0.0004859062,25.0000000000,25.0000000000,11.0950191109,1.0000000000,0.4786020058
0.0980000000,1.0471975512,0.4836563903,5.5078579065,0.0996461744,-0.0003670675,25.0000000000,25.0000000000,11.0950176913,1.0000000000,0.4832039482
0.0990000000,1.0471975512,0.4891640558,5.5075646241,0.0996864511,-0.0002496818,25.0000000000,25.0000000000,11.0950156774,1.0000000000,0.4893398713
0.1000000000,1.0471975512,0.4946714990,5.5073837774,0.0997422563,-0.0001410137,25.0000000000,25.0000000000,11.0950128872,1.0000000000,0.4939418137
0.1010000000,1.0471975512,0.5001788253,5.5073033338,0.0998128451,-0.0000459942,25.0000000000,25.0000000000,11.0950093577,1.0000000000,0.5000777369
0.1020000000,1.0471975512,0.5056861256,5.5073081573,0.0998912660,0.0000333043,25.0000000000,25.0000000000,11.0950054367,1.0000000000,0.5062136600
0.1030000000,1.0471975512,0.5111934753,5.5073822473,0.0999685440,0.0000965764,25.0000000000,25.0000000000,11.0950015728,1.0000000000,0.5108156024
0.1040000000,1.0471975512,0.5167009337,5.5075098418,0.1000378850,0.0001443141,25.0000000000,25.0000000000,11.0949981058,1.0000000000,0.5169515255
0.1050000000,1.0471975512,0.5222085449,5.5076759722,0.1000955288,0.0001774724,25.0000000000,25.0000000000,11.0949952236,1.0000000000,0.5215534679
0.1060000000,1.0471975512,0.5277163387,5.5078668543,0.1001399951,0.0001973633,25.0000000000,25.0000000000,11.0949930002,1.0000000000,0.5276893910
0.1070000000,1.0471975512,0.5332243321,5.5080701927,0.1001712391,0.0002055700,25.0000000000,25.0000000000,11.0949914380,1.0000000000,0.5338253142
0.1080000000,1.0471975512,0.5387325308,5.5082753942,0.1001900776,0.0002038547,25.0000000000,25.0000000000,11.0949904961,1.0000000000,0.5384272565
0.1090000000,1.0471975512,0.5442409310,5.5084736879,0.1001978346,0.0001940641,25.0000000000,25.0000000000,11.0949901083,1.0000000000,0.5445631797
0.1100000000,1.0471975512,0.5497495213,5.5086581552,0.1001961177,0.0001780435,25.0000000000,25.0000000000,11.0949901941,1.0000000000,0.5491651221
0.1110000000,1.0471975512,0.5552582845,5.5088236809,0.1001866654,0.0001575636,25.0000000000,25.0000000000,11.0949906667,1.0000000000,0.5553010452
0.1120000000,1.0471975512,0.5607671995,5.5089668413,0.1001712360,0.0001342615,25.0000000000,25.0000000000,11.0949914382,1.0000000000,0.5614369684
0.1130000000,1.0471975512,0.5662762426,5.5090857424,0.1001515255,0.0001095982,25.0000000000,25.0000000000,11.0949924237,1.0000000000,0.5660389107
0.1140000000,1.0471975512,0.5717853891,5.5091798250,0.1001291054,0.0000848300,25.0000000000,25.0000000000,11.0949935447,1.0000000000,0.5721748339
0.1150000000,1.0471975512,0.5772946144,5.5092496493,0.1001053792,0.0000609933,25.0000000000,25.0000000000,11.0949947310,1.0000000000,0.5767767762
0.1160000000,1.0471975512,0.5828038951,5.5092966725,0.1000815545,0.0000389013,25.0000000000,25.0000000000,11.0949959223,1.0000000000,0.5829126994
0.1170000000,1.0471975512,0.5883132098,5.5093230286,0.1000586276,0.0000191507,25.0000000000,25.0000000000,11.0949970686,1.0000000000,0.5890486225
0.1180000000,1.0471975512,0.5938225393,5.5093313203,0.1000373804,0.0000021354,25.0000000000,25.0000000000,11.0949981310,1.0000000000,0.5936505649
0.1190000000,1.0471975512,0.5993318674,5.5093244284,0.1000183865,-0.0000119333,25.0000000000,25.0000000000,11.0949990807,1.0000000000,0.5997864881
0.1200000000,1.0471975512,0.6048411807,5.5093053436,0.1000020246,-0.0000230030,25.0000000000,25.0000000000,11.0949998988,1.0000000000,0.6043884304
0.1210000000,1.0471975512,0.6103504690,5.5092770244,0.0999884979,-0.0000311536,25.0000000000,25.0000000000,11.0950005751,1.0000000000,0.6105243536
0.1220000000,1.0471975512,0.6158597247,5.5092422808,0.0999778567,-0.0000365710,25.0000000000,25.0000000000,11.0950011072,1.0000000000,0.6151262959
0.1230000000,1.0471975512,0.6213689430,5.5092036857,0.0999700237,-0.0000395199,25.0000000000,25.0000000000,11.0950014988,1.0000000000,0.6212622191
0.1240000000,1.0471975512,0.6268781217,5.5091635117,0.0999648198,-0.0000403193,25.0000000000,25.0000000000,11.0950017590,1.0000000000,0.6273981422
0.1250000000,1.0471975512,0.6323872602,5.5091236906,0.0999619897,-0.0000393197,25.0000000000,25.0000000000,11.0950019005,1.0000000000,0.6320000846
0.1260000000,1.0471975512,0.6378963600,5.5090857958,0.0999612260,-0.0000368828,25.0000000000,25.0000000000,11.0950019387,1.0000000000,0.6381360078
0.1270000000,1.0471975512,0.6434054238,5.5090510406,0.0999621916,-0.0000333650,25.0000000000,25.0000000000,11.0950018904,1.0000000000,0.6427379501
0.1280000000,1.0471975512,0.6489144553,5.5090202934,0.0999645382,-0.0000291036,25.0000000000,25.0000000000,11.0950017731,1.0000000000,0.6488738733
0.1290000000,1.0471975512,0.6544234588,5.5089941029,0.0999679232,-0.0000244061,25.0000000000,25.0000000000,11.0950016038,1.0000000000,0.6550097964
0.1300000000,1.0471975512,0.6599324392,5.5089727327,0.0999720224,-0.0000195434,25.0000000000,25.0000000000,11.0950013989,1.0000000000,0.6596117388
0.1310000000,1.0471975512,0.6654414012,5.5089562014,0.0999765401,-0.0000147447,25.0000000000,25.0000000000,11.0950011730,1.0000000000,0.6657476619
0.1320000000,1.0471975512,0.6709503496,5.5089443255,0.0999812163,-0.0000101958,25.0000000000,25.0000000000,11.0950009392,1.0000000000,0.6703496043
0.1330000000,1.0471975512,0.6764592889,5.5089367628,0.0999858304,-0.0000060391,25.0000000000,25.0000000000,11.0950007085,1.0000000000,0.6764855275
0.1340000000,1.0471975512,0.6819682231,5.5089330549,0.0999902042,-0.0000023755,25.0000000000,25.0000000000,11.0950004898,1.0000000000,0.6826214506
0.1350000000,1.0471975512,0.6874771557,5.5089326669,0.0999942006,0.0000007325,25.0000000000,25.0000000000,11.0950002900,1.0000000000,0.6872233930
0.1360000000,1.0471975512,0.6929860896,5.5089350227,0.0999977228,0.0000032561,25.0000000000,25.0000000000,11.0950001139,1.0000000000,0.6933593161
0.1370000000,1.0471975512,0.6984950273,5.5089395361,0.1000007106,0.0000051960,25.0000000000,25.0000000000,11.0949999645,1.0000000000,0.6979612585
0.1380000000,1.0471975512,0.7040039706,5.5089456371,0.1000031365,0.0000065764,25.0000000000,25.0000000000,11.0949998432,1.0000000000,0.7040971816
0.1390000000,1.0471975512,0.7095129206,5.5089527918,0.1000050010,0.0000074404,25.0000000000,25.0000000000,11.0949997499,1.0000000000,0.7102331048
0.1400000000,1.0471975512,0.7150218782,5.5089605184,0.1000063276,0.0000078447,25.0000000000,25.0000000000,11.0949996836,1.0000000000,0.7148350472
0.1410000000,1.0471975512,0.7205308436,5.5089683974,0.1000071577,0.0000078546,25.0000000000,25.0000000000,11.0949996421,1.0000000000,0.7209709703
0.1420000000,1.0471975512,0.7260398169,5.5089760779,0.1000075456,0.0000075400,25.0000000000,25.0000000000,11.0949996227,1.0000000000,0.7255729127
0.1430000000,1.0471975512,0.7315487975,5.5089832798,0.1000075544,0.0000069716,25.0000000000,25.0000000000,11.0949996223,1.0000000000,0.7317088358
0.1440000000,1.0471975512,0.7370577849,5.5089897924,0.1000072512,0.0000062182,25.0000000000,25.0000000000,11.0949996374,1.0000000000,0.7363107782
0.1450000000,1.0471975512,0.7425667783,5.5089954711,0.1000067041,0.0000053436,25.0000000000,25.0000000000,11.0949996648,1.0000000000,0.7424467013
0.1460000000,1.0471975512,0.7480757768,5.5090002313,0.1000059791,0.0000044055,25.0000000000,25.0000000000,11.0949997010,1.0000000000,0.7485826245
0.1470000000,1.0471975512,0.7535847795,5.5090040412,0.1000051378,0.0000034536,25.0000000000,25.0000000000,11.0949997431,1.0000000000,0.7531845669
0.1480000000,1.0471975512,0.7590937854,5.5090069137,0.1000042353,0.0000025296,25.0000000000,25.0000000000,11.0949997882,1.0000000000,0.7593204900
0.1490000000,1.0471975512,0.7646027936,5.5090088979,0.1000033198,0.0000016664,25.0000000000,25.0000000000,11.0949998340,1.0000000000,0.7639224324
0.1500000000,1.0471975512,0.7701118033,5.5090100708,0.1000024311,0.0000008886,25.0000000000,25.0000000000,11.0949998784,1.0000000000,0.7700583555
0.1510000000,1.0471975512,0.7756208137,5.5090105287,0.1000016010,0.0000002131,25.0000000000,25.0000000000,11.0949999199,1.0000000000,0.7761942787
0.1520000000,1.0471975512,0.7811298242,5.5090103804,0.1000008532,-0.0000003508,25.0000000000,25.0000000000,11.0949999573,1.0000000000,0.7807962210
0.1530000000,1.0471975512,0.7866388342,5.5090097401,0.1000002036,-0.0000007997,25.0000000000,25.0000000000,11.0949999898,1.0000000000,0.7869321442
0.1540000000,1.0471975512,0.7921478434,5.5090087218,0.0999996616,-0.0000011357,25.0000000000,25.0000000000,11.0950000169,1.0000000000,0.7915340865
0.1550000000,1.0471975512,0.7976568513,5.5090074348,0.0999992301,-0.0000013651,25.0000000000,25.0000000000,11.0950000385,1.0000000000,0.7976700097
0.1560000000,1.0471975512,0.8031658578,5.5090059798,0.0999989071,-0.0000014975,25.0000000000,25.0000000000,11.0950000546,1.0000000000,0.8038059329
0.1570000000,1.0471975512,0.8086748629,5.5090044466,0.0999986867,-0.0000015448,25.0000000000,25.0000000000,11.0950000657,1.0000000000,0.8084078752
0.1580000000,1.0471975512,0.8141838663,5.5090029121,0.0999985595,-0.0000015202,25.0000000000,25.0000000000,11.0950000720,1.0000000000,0.8145437984
0.1590000000,1.0471975512,0.8196928683,5.5090014397,0.0999985142,-0.0000014375,25.0000000000,25.0000000000,11.0950000743,1.0000000000,0.8191457407
0.1600000000,1.0471975512,0.8252018689,5.5090000786,0.0999985380,-0.0000013105,25.0000000000,25.0000000000,11.0950000731,1.0000000000,0.8252816639
0.1610000000,1.0471975512,0.8307108682,5.5089988651,0.0999986177,-0.0000011523,25.0000000000,25.0000000000,11.0950000691,1.0000000000,0.8314175870
0.1620000000,1.0471975512,0.8362198664,5.5089978227,0.0999987399,-0.0000009749,25.0000000000,25.0000000000,11.0950000630,1.0000000000,0.8360195294
0.1630000000,1.0471975512,0.8417288637,5.5089969636,0.0999988921,-0.0000007891,25.0000000000,25.0000000000,11.0950000554,1.0000000000,0.8421554525
0.1640000000,1.0471975512,0.8472378602,5.5089962905,0.0999990627,-0.0000006041,25.0000000000,25.0000000000,11.0950000469,1.0000000000,0.8467573949
0.1650000000,1.0471975512,0.8527468562,5.5089957978,0.0999992414,-0.0000004272,25.0000000000,25.0000000000,11.0950000379,1.0000000000,0.8528933181
0.1660000000,1.0471975512,0.8582558518,5.5089954737,0.0999994194,-0.0000002643,25.0000000000,25.0000000000,11.0950000290,1.0000000000,0.8574952604
0.1670000000,1.0471975512,0.8637648471,5.5089953014,0.0999995895,-0.0000001196,25.0000000000,25.0000000000,11.0950000205,1.0000000000,0.8636311836
0.1680000000,1.0471975512,0.8692738424,5.5089952609,0.0999997461,0.0000000042,25.0000000000,25.0000000000,11.0950000127,1.0000000000,0.8697671067
0.1690000000,1.0471975512,0.8747828377,5.5089953304,0.0999998853,0.0000001058,25.0000000000,25.0000000000,11.0950000057,1.0000000000,0.8743690491
0.1700000000,1.0471975512,0.8802918331,5.5089954874,0.1000000043,0.0000001849,25.0000000000,25.0000000000,11.0949999998,0.9639935124,0.8805049722
0.1710000000,1.0471975512,0.8857951072,5.4972518596,0.0632579771,-0.0193117598,25.0000000000,25.0000000000,10.6971650884,0.9112592512,0.8851069146
0.1720000000,1.0471975512,0.8912680607,5.4535478208,0.0374649589,-0.0575584169,25.0000000000,25.0000000000,10.1131044402,0.8409468278,0.8912428378
0.1730000000,1.0471975512,0.8966677445,5.3604808448,0.0093379875,-0.1127758315,25.0000000000,25.0000000000,9.3340428896,0.7706343708,0.8973787609
0.1740000000,1.0471975512,0.9019370086,5.2068605248,-0.0060843266,-0.1754640617,25.0000000000,25.0000000000,8.5540415159,0.7179000093,0.9019807033
0.1750000000,1.0471975512,0.9070154851,4.9948614214,-0.0037355088,-0.2305795941,25.0000000000,25.0000000000,7.9686901035,0.6475874981,0.9065826456
0.1760000000,1.0471975512,0.9118467347,4.7258903761,-0.0342116297,-0.2893576727,25.0000000000,25.0000000000,7.1882212289,0.5961988381,0.9111845880
0.1770000000,1.0471975512,0.9163748824,4.4037999022,-0.0321514604,-0.3379054072,25.0000000000,25.0000000000,6.6178071029,0.5315673095,0.9157865304
0.1780000000,1.0471975512,0.9205518880,4.0354769595,-0.0549403376,-0.3834182236,25.0000000000,25.0000000000,5.9003971359,0.4747599851,0.9203884727
0.1790000000,1.0471975512,0.9243345535,3.6267404408,-0.0597315957,-0.4201060115,25.0000000000,25.0000000000,5.2698358349,0.4463817899,0.9249904151
0.1800000000,1.0471975512,0.9276931877,3.1967726041,-0.0376970426,-0.4318166688,25.0000000000,25.0000000000,4.9548378679,0.4301188125,0.9280583767
0.1810000000,1.0471975512,0.9306222722,2.7702497770,-0.0245328881,-0.4203869076,25.0000000000,25.0000000000,4.7743188193,0.4264419478,0.9311263382
0.1820000000,1.0471975512,0.9331387700,2.3685703583,-0.0075110452,-0.3881518285,25.0000000000,25.0000000000,4.7335056205,0.4351451775,0.9326603190
0.1830000000,1.0471975512,0.9352802747,2.0120272550,0.0153723453,-0.3359627583,25.0000000000,25.0000000000,4.8293428525,0.4553363050,0.9357282806
0.1840000000,1.0471975512,0.9371038159,1.7193784745,0.0424643126,-0.2658483395,25.0000000000,25.0000000000,5.0521097702,0.4859024362,0.9372622614
0.1850000000,1.0471975512,0.9386835577,1.5066635002,0.0727023663,-0.1808742563,25.0000000000,25.0000000000,5.3898819238,0.5416671241,0.9387962422
0.1860000000,1.0471975512,0.9401074904,1.3863506901,0.1457356587,-0.0843912121,25.0000000000,25.0000000000,6.0052182941,0.6008472587,0.9403302230
0.1870000000,1.0471975512,0.9414716295,1.3627979401,0.2338762772,0.0120324114,25.0000000000,25.0000000000,6.6577107576,0.6764663968,0.9418642038
0.1880000000,1.0471975512,0.9428723512,1.4353936095,0.3600114785,0.1079198714,25.0000000000,25.0000000000,7.4907764308,0.7287656085,0.9433981845
0.1890000000,1.0471975512,0.9444035988,1.5995667064,0.4321389161,0.1959811595,25.0000000000,25.0000000000,8.0676913081,0.7884502943,0.9449321653
0.1900000000,1.0471975512,0.9461508206,1.8453041027,0.5179312606,0.2735690613,25.0000000000,25.0000000000,8.7259017035,0.8338789152,0.9464661461
0.1910000000,1.0471975512,0.9481880464,2.1600406557,0.5722777002,0.3370196705,25.0000000000,25.0000000000,9.2274420740,0.8615909957,0.9480001269
0.1920000000,1.0471975512,0.9505739663,2.5267124345,0.5892861902,0.3817301378,25.0000000000,25.0000000000,9.5341957425,0.8693569197,0.9510680885
0.1930000000,1.0471975512,0.9533475725,2.9241704433,0.5705697634,0.4040207896,25.0000000000,25.0000000000,9.6213333210,0.8561319683,0.9526020693
0.1940000000,1.0471975512,0.9565248446,3.3284658302,0.5190089786,0.4016370551,25.0000000000,25.0000000000,9.4771143997,0.8219175790,0.9572040116
0.1950000000,1.0471975512,0.9600968884,3.7143620758,0.4378670920,0.3738630515,25.0000000000,25.0000000000,9.1013917726,0.7678618905,0.9602719732
0.1960000000,1.0471975512,0.9640296153,4.0568817540,0.3313646491,0.3215270949,25.0000000000,25.0000000000,8.5066987521,0.6959788315,0.9633399348
0.1970000000,1.0471975512,0.9682649388,4.3327916820,0.2044249749,0.2468948992,25.0000000000,25.0000000000,7.7151437804,0.5916526236,0.9679418772
0.1980000000,1.0471975512,0.9727199280,4.5140904327,0.0584318194,0.1388438452,25.0000000000,25.0000000000,6.5644225314,0.4939441869,0.9725438195
0.1990000000,1.0471975512,0.9772754768,4.5628211960,0.0153976361,-0.0026038706,25.0000000000,25.0000000000,5.4820105924,0.3548158173,0.9771457619
0.2000000000,1.0471975512,0.9817822079,4.4519602690,-0.0578316940,-0.1722296691,25.0000000000,25.0000000000,3.9384555719,0.2322421176,0.9817477042
0.2010000000,1.0471975512,0.9860703336,4.1689300453,-0.0880578645,-0.3432879493,25.0000000000,25.0000000000,2.5778875052,0.1141272788,0.9863496466
0.2020000000,1.0471975512,0.9899714396,3.7208406737,-0.1240934893,-0.5043072737,25.0000000000,25.0000000000,1.2668127948,-0.0117033394,0.9894176082
0.2030000000,1.0471975512,0.9933265347,3.1172312064,-0.1717548074,-0.6562136787,25.0000000000,25.0000000000,-0.1213193266,-0.1217611425,0.9940195505
0.2040000000,1.0471975512,0.9960026484,2.4041539809,-0.3375560540,-0.7334420166,25.0000000000,25.0000000000,-1.3346708786,-0.2087413656,0.9955535313
0.2050000000,1.0471975512,0.9979391940,1.6538749064,-0.5801491835,-0.7553713256,25.0000000000,25.0000000000,-2.2880216994,-0.2658949383,0.9986214929
0.2060000000,1.0471975512,0.9991237260,0.9054085736,-0.7585550372,-0.7399727711,25.0000000000,25.0000000000,-2.9135060629,-0.2884060375,0.9986214929
0.2070000000,1.0471975512,0.9995789606,0.1911342544,-0.8298622058,-0.6954334943,25.0000000000,25.0000000000,-3.1598139060,-0.2571033899,1.0001554737
0.2080000000,1.0471975512,0.9993568268,-0.4606188454,-0.7516301104,-0.6227048837,25.0000000000,25.0000000000,-2.8162661228,-0.2074397663,0.9986214929
0.2090000000,1.0471975512,0.9985363943,-1.0238806776,-0.6184049836,-0.5255614305,25.0000000000,25.0000000000,-2.2716611563,-0.0921062609,0.9986214929
0.2100000000,1.0471975512,0.9972199057,-1.4776739506,-0.3225982297,-0.4106583133,25.0000000000,25.0000000000,-1.0062495850,0.0251689531,0.9970875121
0.2110000000,1.0471975512,0.9955233762,-1.8124239570,0.0062357189,-0.2883250634,25.0000000000,25.0000000000,0.2790635932,0.1871526090,0.9955535313
0.2120000000,1.0471975512,0.9935828562,-1.9959279582,0.3252123167,-0.1192358640,25.0000000000,25.0000000000,2.0611333444,0.3324161198,0.9940195505
0.2130000000,1.0471975512,0.9915700047,-2.0000909557,0.5388192977,0.0639894734,25.0000000000,25.0000000000,3.6628779651,0.5061004665,0.9909515890
0.2140000000,1.0471975512,0.9896697204,-1.8168102861,0.7866063153,0.2532387705,25.0000000000,25.0000000000,5.5783848626,0.6486986289,0.9894176082
0.2150000000,1.0471975512,0.9880693032,-1.4482381352,0.9541804812,0.4344270587,25.0000000000,25.0000000000,7.1528457563,0.7895767137,0.9878836274
0.2160000000,1.0471975512,0.9869456166,-0.9088799964,1.1132968778,0.5982544519,25.0000000000,25.0000000000,8.7086366777,0.9071643437,0.9863496466
0.2170000000,1.0471975512,0.9864559324,-0.2214691959,1.2246175150,0.7360286309,25.0000000000,25.0000000000,10.0082933391,0.9957752308,0.9863496466
0.2180000000,1.0471975512,0.9867292864,0.5825377724,1.2795519668,0.8393297754,25.0000000000,25.0000000000,10.9891274633,1.0000000000,0.9863496466
0.2190000000,1.0471975512,0.9878558306,1.4585852164,1.1741320109,0.8912718673,25.0000000000,25.0000000000,11.0412933995,1.0000000000,0.9878836274
0.2200000000,1.0471975512,0.9898745338,2.3541795932,1.0969015018,0.8924211652,25.0000000000,25.0000000000,11.0451549249,1.0000000000,0.9894176082
0.2210000000,1.0471975512,0.9927762199,3.2246956706,1.0472188221,0.8529866906,25.0000000000,25.0000000000,11.0476390589,0.9892405214,0.9924855698
0.2220000000,1.0471975512,0.9965132409,4.0350201786,0.9777220979,0.7813616084,25.0000000000,25.0000000000,10.9316836831,0.8686315736,0.9970875121
0.2230000000,1.0471975512,1.0010022081,4.7460431509,0.6813959440,0.6643219904,25.0000000000,25.0000000000,9.6077406703,0.7161946878,1.0016894545
0.2240000000,1.0471975512,1.0061140126,5.3102570758,0.3596870204,0.5007489534,25.0000000000,25.0000000000,7.9317766835,0.5220104775,1.0062913969
0.2250000000,1.0471975512,1.0116718702,5.6781846827,0.0428290036,0.2831617087,25.0000000000,25.0000000000,5.7921748499,0.3135017539,1.0124273200
0.2260000000,1.0471975512,1.0174319435,5.7718184837,-0.0842150783,-0.0156437396,25.0000000000,25.0000000000,3.4798694687,0.0831264102,1.0170292624
0.2270000000,1.0471975512,1.0230879599,5.5461239834,-0.1737459105,-0.3430355077,25.0000000000,25.0000000000,0.9227031531,-0.1600738604,1.0231651855
0.2280000000,1.0471975512,1.0283220380,5.0177444853,-0.4456936603,-0.6090792767,25.0000000000,25.0000000000,-1.7545351671,-0.3895184141,1.0277671279
0.2290000000,1.0471975512,1.0329041368,4.2999555431,-1.0244188449,-0.7788243127,25.0000000000,25.0000000000,-4.2724334537,-0.5952620317,1.0323690702
0.2300000000,1.0471975512,1.0366655044,3.4183739936,-1.4695628622,-0.9397604456,25.0000000000,25.0000000000,-6.5339304085,-0.7842405511,1.0369710126
0.2310000000,1.0471975512,1.0394493313,2.3855369530,-1.7514225763,-1.0838968122,25.0000000000,25.0000000000,-8.6174989880,-0.9070375790,1.0400389742
0.2320000000,1.0471975512,1.0411208812,1.2305012886,-1.8246813882,-1.1910783848,25.0000000000,25.0000000000,-9.9768830575,-0.9865187208,1.0415729550
0.2330000000,1.0471975512,1.0415857219,-0.0008628657,-1.7952208476,-1.2483470251,25.0000000000,25.0000000000,-10.8605967586,-0.9832895863,1.0415729550
0.2340000000,1.0471975512,1.0408027952,-1.2504203201,-1.6163287959,-1.2424094349,25.0000000000,25.0000000000,-10.8336979678,-0.9257896526,1.0400389742
0.2350000000,1.0471975512,1.0387954137,-2.4513853367,-1.3716426380,-1.1688231342,25.0000000000,25.0000000000,-10.2076830116,-0.8223850690,1.0385049934
0.2360000000,1.0471975512,1.0356535953,-3.5380359423,-1.0863625120,-1.0313219172,25.0000000000,25.0000000000,-9.0741561408,-0.6611174331,1.0354370318
0.2370000000,1.0471975512,1.0315302053,-4.4492258190,-0.7307784099,-0.8342853711,25.0000000000,25.0000000000,-7.3018645867,-0.4481262776,1.0308350895
0.2380000000,1.0471975512,1.0266360833,-5.1291767996,-0.3184336264,-0.5840153690,25.0000000000,25.0000000000,-4.9582799998,-0.1917376992,1.0262331471
0.2390000000,1.0471975512,1.0212424715,-5.5095006532,0.0278916376,-0.2531808338,25.0000000000,25.0000000000,-2.1282884608,0.0972234518,1.0216312047
0.2400000000,1.0471975512,1.0157037842,-5.5119020210,0.2913227212,0.1202003477,25.0000000000,25.0000000000,1.0646141793,0.3881135434,1.0154952816
0.2410000000,1.0471975512,1.0103584407,-5.2092348988,0.8844506483,0.4100528189,25.0000000000,25.0000000000,4.2638377996,0.6844467637,1.0108933392
0.2420000000,1.0471975512,1.0054994381,-4.6119938429,1.4375432505,0.7063518686,25.0000000000,25.0000000000,7.5254819149,0.9721842924,1.0047574161
0.2430000000,1.0471975512,1.0014212053,-3.7224119395,1.8674193948,0.9942982781,25.0000000000,25.0000000000,10.6978746762,1.0000000000,1.0016894545
0.2440000000,1.0471975512,0.9983926161,-2.5870424878,1.7068705272,1.2080498460,25.0000000000,25.0000000000,11.0146564736,1.0000000000,0.9986214929
0.2450000000,1.0471975512,0.9966027091,-1.2984453643,1.5598798498,1.3253038665,25.0000000000,25.0000000000,11.0220060075,1.0000000000,0.9970875121
0.2460000000,1.0471975512,0.9961472756,0.0532645981,1.5066707402,1.3581047297,25.0000000000,25.0000000000,11.0246664630,1.0000000000,0.9955535313
0.2470000000,1.0471975512,0.9970421356,1.3946114585,1.4871929278,1.3239750567,25.0000000000,25.0000000000,11.0256403536,1.0000000000,0.9970875121
0.2480000000,1.0471975512,0.9992402172,2.6688274623,1.4564566776,1.2389102960,25.0000000000,25.0000000000,11.0271771661,1.0000000000,0.9986214929
0.2490000000,1.0471975512,1.0026470338,3.8338618558,1.3954325330,1.1168935264,25.0000000000,25.0000000000,11.0302283734,1.0000000000,1.0032234353
0.2500000000,1.0471975512,1.0071342377,4.8605582479,1.3011061281,0.9701990108,25.0000000000,25.0000000000,11.0349446936,1.0000000000,1.0078253776
0.2510000000,1.0471975512,1.0125515103,5.7310655252,1.1782538720,0.8095606602,25.0000000000,25.0000000000,11.0410873064,0.8578366531,1.0124273200
0.2520000000,1.0471975512,1.0187294088,6.4212555835,0.7513126342,0.6155499446,25.0000000000,25.0000000000,9.4844212174,0.5474279378,1.0185632432
0.2530000000,1.0471975512,1.0254566036,6.8768190361,0.0518965385,0.3523267439,25.0000000000,25.0000000000,6.0738552824,0.2374201192,1.0246991663
0.2540000000,1.0471975512,1.0324219949,6.9658521513,-0.2020655785,-0.0651596779,25.0000000000,25.0000000000,2.6353633233,-0.0950322100,1.0323690702
0.2550000000,1.0471975512,1.0391993755,6.6117326487,-0.3577740198,-0.4980612368,25.0000000000,25.0000000000,-1.0369688304,-0.4052763024,1.0385049934
0.2560000000,1.0471975512,1.0454157768,5.9469266438,-1.0387325492,-0.7601326788,25.0000000000,25.0000000000,-4.4466303290,-0.6865183221,1.0461748973
0.2570000000,1.0471975512,1.0508060138,5.0246131688,-1.6466538642,-1.0154521095,25.0000000000,25.0000000000,-7.5380206822,-0.9501745993,1.0507768397
0.2580000000,1.0471975512,1.0551190333,3.8569126861,-2.0696239335,-1.2530448183,25.0000000000,25.0000000000,-10.4434568552,-1.0000000000,1.0553787821
0.2590000000,1.0471975512,1.0581356570,2.4931060355,-1.9679778430,-1.4188698052,25.0000000000,25.0000000000,-11.0016011078,-1.0000000000,1.0584467436
0.2600000000,1.0471975512,1.0597141052,1.0221038011,-1.8014580787,-1.4908673428,25.0000000000,25.0000000000,-11.0099270961,-1.0000000000,1.0599807244
0.2610000000,1.0471975512,1.0598034084,-0.4678787418,-1.7094161942,-1.4802850518,25.0000000000,25.0000000000,-11.0145291903,-1.0000000000,1.0599807244
0.2620000000,1.0471975512,1.0584304438,-1.9057916322,-1.6471972567,-1.4055961763,25.0000000000,25.0000000000,-11.0176401372,-1.0000000000,1.0584467436
0.2630000000,1.0471975512,1.0556818830,-3.2383686721,-1.5744719510,-1.2838583838,25.0000000000,25.0000000000,-11.0212764025,-1.0000000000,1.0553787821
0.2640000000,1.0471975512,1.0516877202,-4.4279698198,-1.4741717342,-1.1298544939,25.0000000000,25.0000000000,-11.0262914133,-0.9593052702,1.0523108205
0.2650000000,1.0471975512,1.0466091498,-5.4458500121,-1.2632848315,-0.9481373911,25.0000000000,25.0000000000,-10.5851242571,-0.6788083531,1.0461748973
0.2660000000,1.0471975512,1.0406452955,-6.2426753404,-0.5686475159,-0.7000415262,25.0000000000,25.0000000000,-7.5063403439,-0.3590314096,1.0400389742
0.2670000000,1.0471975512,1.0340674696,-6.7339424305,0.0249864495,-0.3557740729,25.0000000000,25.0000000000,-3.9852486467,-0.0167921330,1.0339030510
0.2680000000,1.0471975512,1.0272651149,-6.7830073208,0.2348043950,0.1272298409,25.0000000000,25.0000000000,-0.1863926762,0.3333967733,1.0277671279
0.2690000000,1.0471975512,1.0206774015,-6.4301753853,0.8172473347,0.4723581461,25.0000000000,25.0000000000,3.6598418174,0.6623876016,1.0200972239
0.2700000000,1.0471975512,1.0146462080,-5.7511118007,1.4909668863,0.7994864976,25.0000000000,25.0000000000,7.2779540339,0.9962578689,1.0139613008
0.2710000000,1.0471975512,1.0094975500,-4.7474335125,2.0474947927,1.1208128263,25.0000000000,25.0000000000,10.9560876054,1.0000000000,1.0093593584
0.2720000000,1.0471975512,1.0055304462,-3.4712976005,1.8374800776,1.3554423608,25.0000000000,25.0000000000,11.0081259961,1.0000000000,1.0062913969
0.2730000000,1.0471975512,1.0029516705,-2.0291686284,1.6944064641,1.4812821941,25.0000000000,25.0000000000,11.0152796768,1.0000000000,1.0032234353
0.2740000000,1.0471975512,1.0018634400,-0.5208952725,1.6516276223,1.5140891386,25.0000000000,25.0000000000,11.0174186189,1.0000000000,1.0016894545
0.2750000000,1.0471975512,1.0022799171,0.9727817810,1.6379894653,1.4733940172,25.0000000000,25.0000000000,11.0181005267,1.0000000000,1.0016894545
0.2760000000,1.0471975512,1.0041461915,2.3895178652,1.6066613567,1.3767552886,25.0000000000,25.0000000000,11.0196669322,1.0000000000,1.0047574161
0.2770000000,1.0471975512,1.0073552808,3.6831379974,1.5391758798,1.2395551608,25.0000000000,25.0000000000,11.0230412060,1.0000000000,1.0078253776
0.2780000000,1.0471975512,1.0117630530,4.8216832278,1.4336801515,1.0753428707,25.0000000000,25.0000000000,11.0283159924,1.0000000000,1.0124273200
0.2790000000,1.0471975512,1.0172013578,5.7856906388,1.2962129820,0.8959901506,25.0000000000,25.0000000000,11.0351893509,0.9519911367,1.0170292624
0.2800000000,1.0471975512,1.0234869460,6.5611035831,1.0401429421,0.7020268239,25.0000000000,25.0000000000,10.5150944698,0.6252651750,1.0231651855
0.2810000000,1.0471975512,1.0304090300,7.1055163858,0.2367572760,0.4443135421,25.0000000000,25.0000000000,6.9286055782,0.2643999475,1.0308350895
0.2820000000,1.0471975512,1.0376618576,7.2863625968,-0.2098237693,0.0189085061,25.0000000000,25.0000000000,2.9348394170,-0.0818487390,1.0369710126
0.2830000000,1.0471975512,1.0448011022,6.9932026116,-0.3526563161,-0.4543503766,25.0000000000,25.0000000000,-0.8908881870,-0.4205970052,1.0446409166
0.2840000000,1.0471975512,1.0514175755,6.3545531022,-1.0623865965,-0.7447395931,25.0000000000,25.0000000000,-4.6155074278,-0.7268054379,1.0507768397
0.2850000000,1.0471975512,1.0572155538,5.4286496326,-1.7120046369,-1.0302623981,25.0000000000,25.0000000000,-7.9819401293,-1.0000000000,1.0569127629
0.2860000000,1.0471975512,1.0619145265,4.2286826152,-2.1430251392,-1.2951181255,25.0000000000,25.0000000000,-10.9928487430,-1.0000000000,1.0615147052
0.2870000000,1.0471975512,1.0652724022,2.8150128627,-1.9343566068,-1.4714567526,25.0000000000,25.0000000000,-11.0032821697,-1.0000000000,1.0645826668
0.2880000000,1.0471975512,1.0671390474,1.2898993423,-1.7910578033,-1.5454034335,25.0000000000,25.0000000000,-11.0104471098,-1.0000000000,1.0676506284
0.2890000000,1.0471975512,1.0674621676,-0.2543334900,-1.7280614439,-1.5341355173,25.0000000000,25.0000000000,-11.0135969278,-1.0000000000,1.0676506284
0.2900000000,1.0471975512,1.0662697256,-1.7447709620,-1.6833359238,-1.4571405936,25.0000000000,25.0000000000,-11.0158332038,-1.0000000000,1.0661166476
0.2910000000,1.0471975512,1.0636510468,-3.1266890067,-1.6185887020,-1.3317183250,25.0000000000,25.0000000000,-11.0190705649,-1.0000000000,1.0630486860
0.2920000000,1.0471975512,1.0597400993,-4.3612147133,-1.5202764160,-1.1728940968,25.0000000000,25.0000000000,-11.0239861792,-1.0000000000,1.0599807244
0.2930000000,1.0471975512,1.0547009601,-5.4232563689,-1.3889159923,-0.9937323193,25.0000000000,25.0000000000,-11.0305542004,-0.8373701578,1.0553787821
0.2940000000,1.0471975512,1.0487237944,-6.2812678508,-0.9072020824,-0.7727083554,25.0000000000,25.0000000000,-9.2494486478,-0.5067281078,1.0492428589
0.2950000000,1.0471975512,1.0420483275,-6.8745363746,-0.1467493626,-0.4804227780,25.0000000000,25.0000000000,-5.6173445283,-0.1530374042,1.0415729550
0.2960000000,1.0471975512,1.0350169436,-7.0668940696,0.2098694240,-0.0201005586,25.0000000000,25.0000000000,-1.6987151868,0.2085312783,1.0354370318
0.2970000000,1.0471975512,1.0280899719,-6.7959813055,0.5682804648,0.4016042456,25.0000000000,25.0000000000,2.2862831654,0.5483599699,1.0277671279
0.2980000000,1.0471975512,1.0216481963,-6.1886930424,1.2924511774,0.7274184722,25.0000000000,25.0000000000,6.0221731067,0.8751315747,1.0216312047
0.2990000000,1.0471975512,1.0160170735,-5.2566503159,1.8910738376,1.0498185852,25.0000000000,25.0000000000,9.6194067877,1.0000000000,1.0154952816
0.3000000000,1.0471975512,1.0115039861,-4.0352745020,1.9617630975,1.3133482328,25.0000000000,25.0000000000,11.0019118451,1.0000000000,1.0108933392
0.3010000000,1.0471975512,1.0083462338,-2.6127730307,1.7896799145,1.4745917658,25.0000000000,25.0000000000,11.0105160043,1.0000000000,1.0078253776
0.3020000000,1.0471975512,1.0066796453,-1.0926423603,1.7076707060,1.5360879026,25.0000000000,25.0000000000,11.0146164647,1.0000000000,1.0062913969
0.3030000000,1.0471975512,1.0065451379,0.4367797408,1.6798081338,1.5164973222,25.0000000000,25.0000000000,11.0160095933,1.0000000000,1.0062913969
0.3040000000,1.0471975512,1.0079072536,1.9061914933,1.6503097698,1.4344278325,25.0000000000,25.0000000000,11.0174845115,1.0000000000,1.0078253776
0.3050000000,1.0471975512,1.0106721964,3.2635554749,1.5907573832,1.3063146043,25.0000000000,25.0000000000,11.0204621308,1.0000000000,1.0108933392
0.3060000000,1.0471975512,1.0147037583,4.4719892883,1.4936254247,1.1465828930,25.0000000000,25.0000000000,11.0253187288,1.0000000000,1.0139613008
0.3070000000,1.0471975512,1.0198372996,5.5079106366,1.3623819224,0.9678747040,25.0000000000,25.0000000000,11.0318809039,1.0000000000,1.0200972239
0.3080000000,1.0471975512,1.0258919619,6.3593049085,1.2052348687,0.7811143163,25.0000000000,25.0000000000,11.0397382566,0.6976875838,1.0262331471
0.3090000000,1.0471975512,1.0326651916,6.9898365863,0.4290652226,0.5345709288,25.0000000000,25.0000000000,7.7228789192,0.3472072119,1.0323690702
0.3100000000,1.0471975512,1.0398757893,7.2927901160,-0.1399685064,0.1529991095,25.0000000000,25.0000000000,3.8540000519,-0.0099426164,1.0400389742
0.3110000000,1.0471975512,1.0471045125,7.1287662253,-0.3002390051,-0.3428307356,25.0000000000,25.0000000000,-0.0953510917,-0.3445719702,1.0477088781
0.3120000000,1.0471975512,1.0539114059,6.5768922864,-0.8883518442,-0.6606773194,25.0000000000,25.0000000000,-3.7803312770,-0.6833288644,1.0538448013
0.3130000000,1.0471975512,1.0599807061,5.7276467385,-1.6252966838,-0.9589087831,25.0000000000,25.0000000000,-7.5036855609,-0.9854261585,1.0599807244
0.3140000000,1.0471975512,1.0650168139,4.5858741465,-2.1321767289,-1.2454963709,25.0000000000,25.0000000000,-10.8316215229,-1.0000000000,1.0645826668
0.3150000000,1.0471975512,1.0687550020,3.2060260882,-1.9491030630,-1.4471028564,25.0000000000,25.0000000000,-11.0025448468,-1.0000000000,1.0691846092
0.3160000000,1.0471975512,1.0710205995,1.6908727033,-1.7967483794,-1.5435274883,25.0000000000,25.0000000000,-11.0101625810,-1.0000000000,1.0707185899
0.3170000000,1.0471975512,1.0717400095,0.1369842410,-1.7327995601,-1.5501348127,25.0000000000,25.0000000000,-11.0133600220,-1.0000000000,1.0722525707
0.3180000000,1.0471975512,1.0709244265,-1.3782078308,-1.6949844074,-1.4866293067,25.0000000000,25.0000000000,-11.0152507796,-1.0000000000,1.0707185899
0.3190000000,1.0471975512,1.0686506721,-2.7958864486,-1.6401140939,-1.3707819011,25.0000000000,25.0000000000,-11.0179942953,-1.0000000000,1.0691846092
0.3200000000,1.0471975512,1.0650440106,-4.0735521120,-1.5513744777,-1.2180755120,25.0000000000,25.0000000000,-11.0224312761,-1.0000000000,1.0645826668
0.3210000000,1.0471975512,1.0602631616,-5.1829333297,-1.4276932877,-1.0420177866,25.0000000000,25.0000000000,-11.0286153356,-0.9571354551,1.0599807244
0.3220000000,1.0471975512,1.0544895085,-6.1032844533,-1.1899743590,-0.8456679500,25.0000000000,25.0000000000,-10.5647048341,-0.6466087153,1.0538448013
0.3230000000,1.0471975512,1.0479366786,-6.7888431595,-0.4184420363,-0.5836853385,25.0000000000,25.0000000000,-7.1564346381,-0.2913499362,1.0477088781
0.3240000000,1.0471975512,1.0409018751,-7.1301785606,0.1355690236,-0.1857869283,25.0000000000,25.0000000000,-3.2339842913,0.0575225189,1.0415729550
0.3250000000,1.0471975512,1.0338170016,-6.9970339075,0.3042080893,0.3060395259,25.0000000000,25.0000000000,0.6232895556,0.4223137593,1.0339030510
0.3260000000,1.0471975512,1.0271130195,-6.4882774475,1.0260537689,0.6268885041,25.0000000000,25.0000000000,4.6363800392,0.7582022902,1.0277671279
0.3270000000,1.0471975512,1.0211191642,-5.6570916264,1.7079794703,0.9497255182,25.0000000000,25.0000000000,8.3306464478,1.0000000000,1.0216312047
0.3280000000,1.0471975512,1.0161510277,-4.5188568948,2.0548213529,1.2433913887,25.0000000000,25.0000000000,10.9972589324,1.0000000000,1.0154952816
0.3290000000,1.0471975512,1.0124778657,-3.1426401975,1.8546683848,1.4420680740,25.0000000000,25.0000000000,11.0072665808,1.0000000000,1.0124273200
0.3300000000,1.0471975512,1.0102713316,-1.6348200306,1.7355718889,1.5349933486,25.0000000000,25.0000000000,11.0132214056,1.0000000000,1.0108933392
0.3310000000,1.0471975512,1.0096019611,-0.0907607577,1.6961127450,1.5397295537,25.0000000000,25.0000000000,11.0151943628,1.0000000000,1.0093593584
0.3320000000,1.0471975512,1.0104570381,1.4136175093,1.6714387271,1.4757073297,25.0000000000,25.0000000000,11.0164280636,1.0000000000,1.0108933392
0.3330000000,1.0471975512,1.0127594482,2.8205458804,1.6230909564,1.3602194864,25.0000000000,25.0000000000,11.0188454522,1.0000000000,1.0124273200
0.3340000000,1.0471975512,1.0163844231,4.0881762436,1.5377467371,1.2084073482,25.0000000000,25.0000000000,11.0231126631,1.0000000000,1.0170292624
0.3350000000,1.0471975512,1.0211742175,5.1886264232,1.4161653021,1.0335577915,25.0000000000,25.0000000000,11.0291917349,1.0000000000,1.0216312047
0.3360000000,1.0471975512,1.0269509636,6.1062126161,1.2655442669,0.8472211653,25.0000000000,25.0000000000,11.0367227867,0.7803704104,1.0262331471
0.3370000000,1.0471975512,1.0335161862,6.8108983116,0.6574611206,0.6149524966,25.0000000000,25.0000000000,8.6292384990,0.4274153209,1.0339030510
0.3380000000,1.0471975512,1.0406136159,7.2254790996,-0.0531630163,0.2816190204,25.0000000000,25.0000000000,4.7443100623,0.0809265982,1.0400389742
0.3390000000,1.0471975512,1.0478610238,7.2002208663,-0.2657476387,-0.2011950853,25.0000000000,25.0000000000,0.8982852403,-0.2815228152,1.0477088781
0.3400000000,1.0471975512,1.0547995755,6.7421062859,-0.7463417061,-0.5728538285,25.0000000000,25.0000000000,-3.0875861635,-0.6152170111,1.0553787821
0.3410000000,1.0471975512,1.0610866610,5.9760640117,-1.4797346216,-0.8784605292,25.0000000000,25.0000000000,-6.7549220926,-0.9135789290,1.0615147052
0.3420000000,1.0471975512,1.0664190655,4.9098860639,-2.0056886198,-1.1729917092,25.0000000000,25.0000000000,-10.0404416808,-1.0000000000,1.0661166476
0.3430000000,1.0471975512,1.0705198749,3.5885357956,-1.9907247934,-1.3987020226,25.0000000000,25.0000000000,-11.0004637603,-1.0000000000,1.0707185899
0.3440000000,1.0471975512,1.0731894453,2.1043159980,-1.8257630772,-1.5226953705,25.0000000000,25.0000000000,-11.0087118461,-1.0000000000,1.0737865515
0.3450000000,1.0471975512,1.0743278030,0.5564340575,-1.7442405153,-1.5523639240,25.0000000000,25.0000000000,-11.0127879742,-1.0000000000,1.0737865515
0.3460000000,1.0471975512,1.0739243904,-0.9725658159,-1.7038875017,-1.5067683506,25.0000000000,25.0000000000,-11.0148056249,-1.0000000000,1.0737865515
0.3470000000,1.0471975512,1.0720392851,-2.4190255887,-1.6557384956,-1.4042079208,25.0000000000,25.0000000000,-11.0172130752,-1.0000000000,1.0722525707
0.3480000000,1.0471975512,1.0687854846,-3.7361854995,-1.5768142769,-1.2607370158,25.0000000000,25.0000000000,-11.0211592862,-1.0000000000,1.0691846092
0.3490000000,1.0471975512,1.0643133665,-4.8920427293,-1.4625288381,-1.0903694413,25.0000000000,25.0000000000,-11.0268735581,-1.0000000000,1.0645826668
0.3500000000,1.0471975512,1.0587971340,-5.8674503996,-1.3176485754,-0.9052813508,25.0000000000,25.0000000000,-11.0341175712,-0.7537580716,1.0584467436
0.3510000000,1.0471975512,1.0524360910,-6.6264963994,-0.6598151076,-0.6662455005,25.0000000000,25.0000000000,-8.3337238393,-0.4177749527,1.0523108205
0.3520000000,1.0471975512,1.0454915655,-7.0919428670,0.0233024422,-0.3338454809,25.0000000000,25.0000000000,-4.6373019750,-0.0664531878,1.0461748973
0.3530000000,1.0471975512,1.0383458624,-7.1169672209,0.2555529992,0.1530261997,25.0000000000,25.0000000000,-0.7376303848,0.2865102898,1.0385049934
0.3540000000,1.0471975512,1.0314588025,-6.7096810007,0.7409226166,0.5235263202,25.0000000000,25.0000000000,3.1432180859,0.6305997606,1.0308350895
0.3550000000,1.0471975512,1.0251771352,-5.9852433270,1.4827419956,0.8416967436,25.0000000000,25.0000000000,6.9255202425,0.9583632941,1.0246991663
0.3560000000,1.0471975512,1.0198180562,-4.9447029049,2.0541509399,1.1544577134,25.0000000000,25.0000000000,10.5351250173,1.0000000000,1.0200972239
0.3570000000,1.0471975512,1.0156741343,-3.6357670296,1.9310843841,1.3886147250,25.0000000000,25.0000000000,11.0034457808,1.0000000000,1.0154952816
0.3580000000,1.0471975512,1.0129521563,-2.1594405986,1.7742067022,1.5159392699,25.0000000000,25.0000000000,11.0112896649,1.0000000000,1.0124273200
0.3590000000,1.0471975512,1.0117553288,-0.6165616017,1.7120013929,1.5484096007,25.0000000000,25.0000000000,11.0143999304,1.0000000000,1.0124273200
0.3600000000,1.0471975512,1.0120970121,0.9102197124,1.6856363791,1.5055780628,25.0000000000,25.0000000000,11.0157181810,1.0000000000,1.0124273200
0.3610000000,1.0471975512,1.0139198424,2.3571073361,1.6463550857,1.4055670971,25.0000000000,25.0000000000,11.0176822457,1.0000000000,1.0139613008
0.3620000000,1.0471975512,1.0171132762,3.6770132360,1.5731376990,1.2642597094,25.0000000000,25.0000000000,11.0213431150,1.0000000000,1.0170292624
0.3630000000,1.0471975512,1.0215289815,4.8374895872,1.4627156265,1.0955852883,25.0000000000,25.0000000000,11.0268642187,1.0000000000,1.0216312047
0.3640000000,1.0471975512,1.0269943254,5.8189036509,1.3205483141,0.9117016849,25.0000000000,25.0000000000,11.0339725843,0.8588768810,1.0262331471
0.3650000000,1.0471975512,1.0333166442,6.5967465759,0.8742066375,0.6945893921,25.0000000000,25.0000000000,9.4898230470,0.5243536946,1.0339030510
0.3660000000,1.0471975512,1.0402609356,7.1162245687,0.0935980698,0.4090865814,25.0000000000,25.0000000000,5.8156461065,0.1737128679,1.0400389742
0.3670000000,1.0471975512,1.0474883184,7.2355715279,-0.2340658623,-0.0522444224,25.0000000000,25.0000000000,1.9282128332,-0.1792248078,1.0477088781
0.3680000000,1.0471975512,1.0545369693,6.8883080009,-0.5218595114,-0.4788522413,25.0000000000,25.0000000000,-1.9633023915,-0.5238306900,1.0538448013
0.3690000000,1.0471975512,1.0610289474,6.2160809200,-1.2797704026,-0.7850161556,25.0000000000,25.0000000000,-5.7505321388,-0.8349625862,1.0615147052
0.3700000000,1.0471975512,1.0666580162,5.2395703947,-1.8766156546,-1.0864028253,25.0000000000,25.0000000000,-9.1742539239,-1.0000000000,1.0661166476
0.3710000000,1.0471975512,1.0711351543,3.9891785851,-2.0446692941,-1.3390669209,25.0000000000,25.0000000000,-10.9977665353,-1.0000000000,1.0707185899
0.3720000000,1.0471975512,1.0742327545,2.5449406431,-1.8598530096,-1.4940919916,25.0000000000,25.0000000000,-11.0070073495,-1.0000000000,1.0737865515
0.3730000000,1.0471975512,1.0758211275,1.0089163688,-1.7552376151,-1.5498255621,25.0000000000,25.0000000000,-11.0122381192,-1.0000000000,1.0753205323
0.3740000000,1.0471975512,1.0758650936,-0.5307123416,-1.7103773244,-1.5246201784,25.0000000000,25.0000000000,-11.0144811338,-1.0000000000,1.0753205323
0.3750000000,1.0471975512,1.0744056210,-2.0049639931,-1.6691102253,-1.4373701704,25.0000000000,25.0000000000,-11.0165444887,-1.0000000000,1.0737865515
0.3760000000,1.0471975512,1.0715415184,-3.3623964623,-1.6010983544,-1.3047539747,25.0000000000,25.0000000000,-11.0199450823,-1.0000000000,1.0722525707
0.3770000000,1.0471975512,1.0674132952,-4.5668938663,-1.4975711249,-1.1413260756,25.0000000000,25.0000000000,-11.0251214438,-1.0000000000,1.0676506284
0.3780000000,1.0471975512,1.0621890747,-5.5957118227,-1.3613650372,-0.9597692336,25.0000000000,25.0000000000,-11.0319317481,-0.8665913526,1.0615147052
0.3790000000,1.0471975512,1.0560594029,-6.4225976441,-0.9343961643,-0.7441021115,25.0000000000,25.0000000000,-9.5724442053,-0.5336133342,1.0553787821
0.3800000000,1.0471975512,1.0492581651,-6.9918789899,-0.1542362727,-0.4591326497,25.0000000000,25.0000000000,-5.9153961956,-0.1806094048,1.0492428589
0.3810000000,1.0471975512,1.0421205155,-7.1672339837,0.2137332130,-0.0051521431,25.0000000000,25.0000000000,-2.0047643935,0.1602319253,1.0415729550
0.3820000000,1.0471975512,1.0351045815,-6.8757502651,0.4759745603,0.4266996046,25.0000000000,25.0000000000,1.7547756424,0.5126231382,1.0354370318
0.3830000000,1.0471975512,1.0285946544,-6.2514247102,1.2410932864,0.7398832615,25.0000000000,25.0000000000,5.6280621694,0.8506579107,1.0293011087
0.3840000000,1.0471975512,1.0229059027,-5.3120996124,1.8907871966,1.0545748767,25.0000000000,25.0000000000,9.3477634490,1.0000000000,1.0231651855
0.3850000000,1.0471975512,1.0183400276,-4.0863419576,2.0172970961,1.3182199097,25.0000000000,25.0000000000,10.9991351452,1.0000000000,1.0185632432
0.3860000000,1.0471975512,1.0151349325,-2.6576189921,1.8316508696,1.4815782667,25.0000000000,25.0000000000,11.0084174565,1.0000000000,1.0154952816
0.3870000000,1.0471975512,1.0134283277,-1.1296164448,1.7343562001,1.5443614792,25.0000000000,25.0000000000,11.0132821900,1.0000000000,1.0139613008
0.3880000000,1.0471975512,1.0132621761,0.4083655415,1.6975082565,1.5251300775,25.0000000000,25.0000000000,11.0151245872,1.0000000000,1.0139613008
0.3890000000,1.0471975512,1.0146012134,1.8862701773,1.6633782178,1.4427727354,25.0000000000,25.0000000000,11.0168310891,1.0000000000,1.0139613008
0.3900000000,1.0471975512,1.0173512513,3.2515683160,1.6013569931,1.3139629009,25.0000000000,25.0000000000,11.0199321503,1.0000000000,1.0170292624
0.3910000000,1.0471975512,1.0213753227,4.4670759333,1.5026636686,1.1532892743,25.0000000000,25.0000000000,11.0248668166,1.0000000000,1.0216312047
0.3920000000,1.0471975512,1.0265078115,5.5090389135,1.3701788253,0.9735065753,25.0000000000,25.0000000000,11.0314910587,0.9490731493,1.0262331471
0.3930000000,1.0471975512,1.0325640812,6.3596073687,1.1103375267,0.7753571573,25.0000000000,25.0000000000,10.4791950813,0.6181710181,1.0323690702
0.3940000000,1.0471975512,1.0393282994,6.9728415184,0.2989315409,0.5101046226,25.0000000000,25.0000000000,6.8467517241,0.2833645562,1.0400389742
0.3950000000,1.0471975512,1.0464954498,7.2308238754,-0.1568773450,0.1012404342,25.0000000000,25.0000000000,3.1453465738,-0.0756465670,1.0461748973
0.3960000000,1.0471975512,1.0536289273,7.0156065143,-0.3404147279,-0.3825563702,25.0000000000,25.0000000000,-0.8226561574,-0.4295952915,1.0538448013
0.3970000000,1.0471975512,1.0603075490,6.4382413576,-1.0621565873,-0.6904101001,25.0000000000,25.0000000000,-4.7153999062,-0.7523370036,1.0599807244
0.3980000000,1.0471975512,1.0662166394,5.5535572020,-1.7270376217,-0.9970008973,25.0000000000,25.0000000000,-8.2645888587,-1.0000000000,1.0661166476
0.3990000000,1.0471975512,1.0710564429,4.3774379453,-2.0925940926,-1.2759714770,25.0000000000,25.0000000000,-10.9953702954,-1.0000000000,1.0707185899
0.4000000000,1.0471975512,1.0745718525,2.9766282557,-1.8905766492,-1.4620941826,25.0000000000,25.0000000000,-11.0054711675,-1.0000000000,1.0753205323
0.4010000000,1.0471975512,1.0766033438,1.4556879635,-1.7631784461,-1.5441775690,25.0000000000,25.0000000000,-11.0118410777,-1.0000000000,1.0768545131
0.4020000000,1.0471975512,1.0770908081,-0.0916889684,-1.7138626248,-1.5397363479,25.0000000000,25.0000000000,-11.0143068688,-1.0000000000,1.0768545131
0.4030000000,1.0471975512,1.0760557189,-1.5912557599,-1.6796400741,-1.4682147265,25.0000000000,25.0000000000,-11.0160179963,-1.0000000000,1.0753205323
0.4040000000,1.0471975512,1.0735822738,-2.9869150946,-1.6228250736,-1.3468893649,25.0000000000,25.0000000000,-11.0188587463,-1.0000000000,1.0737865515
0.4050000000,1.0471975512,1.0698006774,-4.2384432804,-1.5304187361,-1.1908352498,25.0000000000,25.0000000000,-11.0234790632,-1.0000000000,1.0691846092
0.4060000000,1.0471975512,1.0648725440,-5.3194857090,-1.4032875994,-1.0132250373,25.0000000000,25.0000000000,-11.0298356200,-0.9773625207,1.0645826668
0.4070000000,1.0471975512,1.0589793629,-6.2131887433,-1.2034809205,-0.8208943940,25.0000000000,25.0000000000,-10.7885499336,-0.6480963535,1.0584467436
0.4080000000,1.0471975512,1.0523312734,-6.8755157168,-0.3843459803,-0.5609885240,25.0000000000,25.0000000000,-7.1746522250,-0.2940474484,1.0523108205
0.4090000000,1.0471975512,1.0452261072,-7.1902747110,0.1487726933,-0.1580618624,25.0000000000,25.0000000000,-3.2639266775,0.0516968457,1.0446409166
0.4100000000,1.0471975512,1.0380979044,-7.0301849839,0.2991104264,0.3345009865,25.0000000000,25.0000000000,0.5588794655,0.4119288712,1.0385049934
0.4110000000,1.0471975512,1.0313766100,-6.4970047566,1.0130205192,0.6485301373,25.0000000000,25.0000000000,4.5217594440,0.7422904087,1.0308350895
0.4120000000,1.0471975512,1.0253849677,-5.6493571012,1.6958661899,0.9630729060,25.0000000000,25.0000000000,8.1546302270,1.0000000000,1.0246991663
0.4130000000,1.0471975512,1.0204313439,-4.5007321025,2.0835663857,1.2525108441,25.0000000000,25.0000000000,10.9958216807,1.0000000000,1.0200972239
0.4140000000,1.0471975512,1.0167812509,-3.1168832167,1.8798611951,1.4488759875,25.0000000000,25.0000000000,11.0060069402,1.0000000000,1.0170292624
0.4150000000,1.0471975512,1.0146040727,-1.6035651081,1.7526819431,1.5397114963,25.0000000000,25.0000000000,11.0123659028,1.0000000000,1.0139613008
0.4160000000,1.0471975512,1.0139682683,-0.0560587667,1.7070225829,1.5424278078,25.0000000000,25.0000000000,11.0146488709,1.0000000000,1.0139613008
0.4170000000,1.0471975512,1.0148591415,1.4498413924,1.6780497998,1.4765502529,25.0000000000,25.0000000000,11.0160975100,1.0000000000,1.0154952816
0.4180000000,1.0471975512,1.0171977843,2.8565875222,1.6266266552,1.3594570957,25.0000000000,25.0000000000,11.0186686672,1.0000000000,1.0170292624
0.4190000000,1.0471975512,1.0208578969,4.1226127308,1.5389731337,1.2063348715,25.0000000000,25.0000000000,11.0230513433,1.0000000000,1.0200972239
0.4200000000,1.0471975512,1.0256805015,5.2203404254,1.4156125981,1.0304837501,25.0000000000,25.0000000000,11.0292193701,1.0000000000,1.0262331471
0.4210000000,1.0471975512,1.0314868041,6.1343915547,1.2636282502,0.8434458999,25.0000000000,25.0000000000,11.0368185875,0.7210595728,1.0308350895
0.4220000000,1.0471975512,1.0380745654,6.8283137478,0.5362833167,0.5988008134,25.0000000000,25.0000000000,7.9769470927,0.3672417634,1.0385049934
0.4230000000,1.0471975512,1.0451704818,7.2080699605,-0.1026400687,0.2344331493,25.0000000000,25.0000000000,4.0763835741,0.0203425640,1.0446409166
0.4240000000,1.0471975512,1.0523666388,7.1276548326,-0.2749154132,-0.2589786138,25.0000000000,25.0000000000,0.2258024609,-0.3245500256,1.0523108205
0.4250000000,1.0471975512,1.0592143024,6.6414827212,-0.8309912364,-0.5989004550,25.0000000000,25.0000000000,-3.5609557219,-0.6755210233,1.0599807244
0.4260000000,1.0471975512,1.0653829199,5.8461584193,-1.5881917019,-0.9099491928,25.0000000000,25.0000000000,-7.4188737732,-0.9733271911,1.0661166476
0.4270000000,1.0471975512,1.0705642119,4.7455504265,-2.0859314955,-1.2088246345,25.0000000000,25.0000000000,-10.6996352460,-1.0000000000,1.0707185899
0.4280000000,1.0471975512,1.0744808358,3.3940066077,-1.9313934371,-1.4239346333,25.0000000000,25.0000000000,-11.0034303281,-1.0000000000,1.0737865515
0.4290000000,1.0471975512,1.0769447963,1.8938940574,-1.7821234242,-1.5331398886,25.0000000000,25.0000000000,-11.0108938288,-1.0000000000,1.0768545131
0.4300000000,1.0471975512,1.0778702340,0.3435055362,-1.7220138424,-1.5504975859,25.0000000000,25.0000000000,-11.0138993079,-1.0000000000,1.0783884939
0.4310000000,1.0471975512,1.0772581306,-1.1775970739,-1.6906169867,-1.4956068982,25.0000000000,25.0000000000,-11.0154691507,-1.0000000000,1.0768545131
0.4320000000,1.0471975512,1.0751772022,-2.6085243638,-1.6430608319,-1.3863489500,25.0000000000,25.0000000000,-11.0178469584,-1.0000000000,1.0753205323
0.4330000000,1.0471975512,1.0717465948,-3.9048437849,-1.5611767691,-1.2383572173,25.0000000000,25.0000000000,-11.0219411615,-1.0000000000,1.0722525707
0.4340000000,1.0471975512,1.0671207422,-5.0365152311,-1.4431842493,-1.0653120662,25.0000000000,25.0000000000,-11.0278407875,-1.0000000000,1.0676506284
0.4350000000,1.0471975512,1.0614761311,-5.9860557360,-1.2951742331,-0.8791066894,25.0000000000,25.0000000000,-11.0352412883,-0.7606948292,1.0615147052
0.4360000000,1.0471975512,1.0550124877,-6.7197327211,-0.6491315363,-0.6416498549,25.0000000000,25.0000000000,-8.4112560268,-0.4065375425,1.0553787821
0.4370000000,1.0471975512,1.0479919667,-7.1561259475,0.0530116655,-0.3005756539,25.0000000000,25.0000000000,-4.5125667214,-0.0566976476,1.0477088781
0.4380000000,1.0471975512,1.0408043109,-7.1453777164,0.2643501975,0.1891845471,25.0000000000,25.0000000000,-0.6293438887,0.2931367508,1.0400389742
0.4390000000,1.0471975512,1.0339085261,-6.7072088458,0.7574871457,0.5526398994,25.0000000000,25.0000000000,3.2159435761,0.6328901953,1.0339030510
0.4400000000,1.0471975512,1.0276458771,-5.9569924935,1.4962028395,0.8653752604,25.0000000000,25.0000000000,6.9502710256,0.9555215568,1.0277671279
0.4410000000,1.0471975512,1.0223278173,-4.8968626029,2.0603578558,1.1715224495,25.0000000000,25.0000000000,10.5032713882,1.0000000000,1.0216312047
0.4420000000,1.0471975512,1.0182405160,-3.5745827512,1.9455235308,1.3998794933,25.0000000000,25.0000000000,11.0027238235,1.0000000000,1.0185632432
0.4430000000,1.0471975512,1.0155852026,-2.0900815542,1.7875594736,1.5223558564,25.0000000000,25.0000000000,11.0106220263,1.0000000000,1.0154952816
0.4440000000,1.0471975512,1.0144604126,-0.5434229079,1.7217822519,1.5506924905,25.0000000000,25.0000000000,11.0139108874,1.0000000000,1.0139613008
0.4450000000,1.0471975512,1.0148755422,0.9834293182,1.6914198533,1.5044065413,25.0000000000,25.0000000000,11.0154290073,1.0000000000,1.0154952816
0.4460000000,1.0471975512,1.0167699424,2.4273565363,1.6483983661,1.4016174384,25.0000000000,25.0000000000,11.0175800817,1.0000000000,1.0170292624
0.4470000000,1.0471975512,1.0200304575,3.7419395398,1.5719471294,1.2581939696,25.0000000000,25.0000000000,11.0214026435,1.0000000000,1.0200972239
0.4480000000,1.0471975512,1.0245067975,4.8953729609,1.4588882555,1.0880317028,25.0000000000,25.0000000000,11.0270555872,1.0000000000,1.0246991663
0.4490000000,1.0471975512,1.0300249870,5.8686211228,1.3147004841,0.9032365917,25.0000000000,25.0000000000,11.0342649758,0.8265076293,1.0293011087
0.4500000000,1.0471975512,1.0363898694,6.6340530187,0.8023967422,0.6791998013,25.0000000000,25.0000000000,9.1341148478,0.4734126784,1.0369710126
0.4510000000,1.0471975512,1.0433572635,7.1276785116,0.0207238214,0.3725893010,25.0000000000,25.0000000000,5.2538445388,0.1226142694,1.0431069358
0.4520000000,1.0471975512,1.0505667747,7.1984935653,-0.2493387952,-0.1049683254,25.0000000000,25.0000000000,1.3610183900,-0.2297922385,1.0507768397
0.4530000000,1.0471975512,1.0575543217,6.8173286464,-0.6268736577,-0.5039612670,25.0000000000,25.0000000000,-2.5193501640,-0.5733254763,1.0569127629
0.4540000000,1.0471975512,1.0639580281,6.1167817296,-1.3793491232,-0.8152566914,25.0000000000,25.0000000000,-6.2949453312,-0.8829853070,1.0645826668
0.4550000000,1.0471975512,1.0694677861,5.1079265646,-1.9456748017,-1.1196331453,25.0000000000,25.0000000000,-9.7038531673,-1.0000000000,1.0691846092
0.4560000000,1.0471975512,1.0737948142,3.8293551430,-2.0004924427,-1.3629356031,25.0000000000,25.0000000000,-10.9999753779,-1.0000000000,1.0737865515
0.4570000000,1.0471975512,1.0767217144,2.3692983030,-1.8280801193,-1.5052100983,25.0000000000,25.0000000000,-11.0085959940,-1.0000000000,1.0768545131
0.4580000000,1.0471975512,1.0781309930,0.8290491913,-1.7403013675,-1.5502362117,25.0000000000,25.0000000000,-11.0129849316,-1.0000000000,1.0783884939
0.4590000000,1.0471975512,1.0779975389,-0.7056758939,-1.7020769105,-1.5168232217,25.0000000000,25.0000000000,-11.0148961545,-1.0000000000,1.0783884939
0.4600000000,1.0471975512,1.0763699779,-2.1682050471,-1.6606414092,-1.4235420348,25.0000000000,25.0000000000,-11.0169679295,-1.0000000000,1.0768545131
0.4610000000,1.0471975512,1.0733526849,-3.5090606035,-1.5896062329,-1.2867408402,25.0000000000,25.0000000000,-11.0205196884,-1.0000000000,1.0737865515
0.4620000000,1.0471975512,1.0690899551,-4.6938036754,-1.4825051789,-1.1207100822,25.0000000000,25.0000000000,-11.0258747411,-1.0000000000,1.0691846092
0.4630000000,1.0471975512,1.0637521731,-5.7011281134,-1.3432661367,-0.9379049746,25.0000000000,25.0000000000,-11.0328366932,-0.8636288553,1.0630486860
0.4640000000,1.0471975512,1.0575310013,-6.5056664641,-0.9083234076,-0.7215326919,25.0000000000,25.0000000000,-9.5408641240,-0.5296608643,1.0569127629
0.4650000000,1.0471975512,1.0506608687,-7.0522732075,-0.1265124311,-0.4364977558,25.0000000000,25.0000000000,-5.8729099724,-0.1775052480,1.0507768397
0.4660000000,1.0471975512,1.0434785994,-7.2020565219,0.2235370850,0.0211868489,25.0000000000,25.0000000000,-1.9703082531,0.1785904763,1.0431069358
0.4670000000,1.0471975512,1.0364450642,-6.8837215035,0.5189465120,0.4514492446,25.0000000000,25.0000000000,1.9564069609,0.5275561441,1.0369710126
0.4680000000,1.0471975512,1.0299425070,-6.2349376147,1.2783372414,0.7640466751,25.0000000000,25.0000000000,5.7919563369,0.8614151682,1.0293011087
0.4690000000,1.0471975512,1.0242846861,-5.2728332144,1.9137466478,1.0763215981,25.0000000000,25.0000000000,9.4660210351,1.0000000000,1.0246991663
0.4700000000,1.0471975512,1.0197700864,-4.0285904200,2.0163100299,1.3344748553,25.0000000000,25.0000000000,10.9991844985,1.0000000000,1.0200972239
0.4710000000,1.0471975512,1.0166309891,-2.5874198331,1.8339475387,1.4918080751,25.0000000000,25.0000000000,11.0083026231,1.0000000000,1.0170292624
0.4720000000,1.0471975512,1.0149992849,-1.0525361671,1.7393808296,1.5493481284,25.0000000000,25.0000000000,11.0130309585,1.0000000000,1.0154952816
0.4730000000,1.0471975512,1.0149119243,0.4876557011,1.7021138116,1.5257851790,25.0000000000,25.0000000000,11.0148943094,1.0000000000,1.0154952816
0.4740000000,1.0471975512,1.0163295269,1.9639790427,1.6657493828,1.4399524181,25.0000000000,25.0000000000,11.0167125309,1.0000000000,1.0170292624
0.4750000000,1.0471975512,1.0191546277,3.3247199866,1.6008975034,1.3084587403,25.0000000000,25.0000000000,11.0199551248,1.0000000000,1.0185632432
0.4760000000,1.0471975512,1.0232477592,4.5334481982,1.4994688054,1.1458322240,25.0000000000,25.0000000000,11.0250265597,1.0000000000,1.0231651855
0.4770000000,1.0471975512,1.0284415206,5.5671007532,1.3646725867,0.9647630957,25.0000000000,25.0000000000,11.0317663707,0.9165426583,1.0277671279
0.4780000000,1.0471975512,1.0345484200,6.4047729899,1.0382125284,0.7593650116,25.0000000000,25.0000000000,10.1217128806,0.5840307271,1.0339030510
0.4790000000,1.0471975512,1.0413451775,6.9968234805,0.2370447570,0.4860506934,25.0000000000,25.0000000000,6.4708888328,0.2310224431,1.0415729550
0.4800000000,1.0471975512,1.0485125293,7.2138934227,-0.1926067144,0.0524093323,25.0000000000,25.0000000000,2.5643491189,-0.1102001875,1.0492428589
0.4810000000,1.0471975512,1.0556005587,6.9572965703,-0.3818571966,-0.4068721237,25.0000000000,25.0000000000,-1.2041292217,-0.4632668656,1.0553787821
0.4820000000,1.0471975512,1.0622058796,6.3558329569,-1.1366774704,-0.7148994324,25.0000000000,25.0000000000,-5.0854283342,-0.7846152498,1.0615147052
0.4830000000,1.0471975512,1.0680170147,5.4462343382,-1.7828260299,-1.0219842792,25.0000000000,25.0000000000,-8.6200879718,-1.0000000000,1.0676506284
0.4840000000,1.0471975512,1.0727358166,4.2492959398,-2.0695890624,-1.2934516995,25.0000000000,25.0000000000,-10.9965205469,-1.0000000000,1.0722525707
0.4850000000,1.0471975512,1.0761152173,2.8370952458,-1.8733236873,-1.4699356203,25.0000000000,25.0000000000,-11.0063338156,-1.0000000000,1.0768545131
0.4860000000,1.0471975512,1.0780049217,1.3135338411,-1.7552929897,-1.5439029694,25.0000000000,25.0000000000,-11.0122353505,-1.0000000000,1.0783884939
0.4870000000,1.0471975512,1.0783524651,-0.2295147183,-1.7089953330,-1.5331962858,25.0000000000,25.0000000000,-11.0145502333,-1.0000000000,1.0783884939
0.4880000000,1.0471975512,1.0771851721,-1.7195326426,-1.6735778395,-1.4570507233,25.0000000000,25.0000000000,-11.0163211080,-1.0000000000,1.0768545131
0.4890000000,1.0471975512,1.0745915074,-3.1019199550,-1.6139206416,-1.3325169146,25.0000000000,25.0000000000,-11.0193039679,-1.0000000000,1.0753205323
0.4900000000,1.0471975512,1.0707045755,-4.3377473128,-1.5185240419,-1.1744796208,25.0000000000,25.0000000000,-11.0240737979,-1.0000000000,1.0707185899
0.4910000000,1.0471975512,1.0656877077,-5.4017775547,-1.3889566230,-0.9959402737,25.0000000000,25.0000000000,-11.0305521688,-0.9646891162,1.0661166476
0.4920000000,1.0471975512,1.0597237674,-6.2766750895,-1.1622601429,-0.8010147825,25.0000000000,25.0000000000,-10.6499361832,-0.6347550462,1.0599807244
0.4930000000,1.0471975512,1.0530254351,-6.9175304437,-0.3467258203,-0.5387136409,25.0000000000,25.0000000000,-7.0284447222,-0.2814664093,1.0523108205
0.4940000000,1.0471975512,1.0458949745,-7.2048752293,0.1602111345,-0.1289902296,25.0000000000,25.0000000000,-3.1242771433,0.0623768890,1.0461748973
0.4950000000,1.0471975512,1.0387697683,-7.0177003464,0.3131508265,0.3566487616,25.0000000000,25.0000000000,0.6767259262,0.4198592342,1.0385049934
0.4960000000,1.0471975512,1.0320737468,-6.4644619935,1.0348592740,0.6673856351,25.0000000000,25.0000000000,4.6086945361,0.7468964786,1.0323690702
0.4970000000,1.0471975512,1.0261252662,-5.6003159578,1.7103780365,0.9780840571,25.0000000000,25.0000000000,8.2050320108,1.0000000000,1.0262331471
0.4980000000,1.0471975512,1.0212285708,-4.4396963271,2.0877004571,1.2626234372,25.0000000000,25.0000000000,10.9956149771,1.0000000000,1.0216312047
0.4990000000,1.0471975512,1.0176443143,-3.0487509066,1.8844723606,1.4542397958,25.0000000000,25.0000000000,11.0057763820,1.0000000000,1.0170292624
0.5000000000,1.0471975512,1.0155373162,-1.5326482361,1.7569914025,1.5410449543,25.0000000000,25.0000000000,11.0121504299,1.0000000000,1.0154952816
0.5010000000,1.0471975512,1.0149721969,0.0140902969,1.7095439351,1.5404922431,25.0000000000,25.0000000000,11.0145228032,1.0000000000,1.0154952816
0.5020000000,1.0471975512,1.0159311719,1.5164070745,1.6781171139,1.4720649147,25.0000000000,25.0000000000,11.0160941443,1.0000000000,1.0154952816
0.5030000000,1.0471975512,1.0183329512,2.9174412715,1.6242200515,1.3530892048,25.0000000000,25.0000000000,11.0187889974,1.0000000000,1.0185632432
0.5040000000,1.0471975512,1.0220495060,4.1762582291,1.5344176973,1.1986949020,25.0000000000,25.0000000000,11.0232791151,1.0000000000,1.0216312047
0.5050000000,1.0471975512,1.0269207244,5.2658525332,1.4093813089,1.0221183500,25.0000000000,25.0000000000,11.0295309346,1.0000000000,1.0262331471
0.5060000000,1.0471975512,1.0327672069,6.1713479213,1.2562328591,0.8348307455,25.0000000000,25.0000000000,11.0371883570,0.6881312307,1.0323690702
0.5070000000,1.0471975512,1.0393848263,6.8529989608,0.4625640066,0.5836992587,25.0000000000,25.0000000000,7.6151284606,0.3519387896,1.0400389742
0.5080000000,1.0471975512,1.0464921189,7.2105403127,-0.1085425110,0.2100746817,25.0000000000,25.0000000000,3.9065205643,-0.0118603739,1.0461748973
0.5090000000,1.0471975512,1.0536732435,7.1011715245,-0.2926327431,-0.2907005678,25.0000000000,25.0000000000,-0.1170185129,-0.3555878783,1.0538448013
0.5100000000,1.0471975512,1.0604839086,6.5978521083,-0.9007449348,-0.6171351282,25.0000000000,25.0000000000,-3.9019882025,-0.6874661905,1.0599807244
0.5110000000,1.0471975512,1.0665974872,5.7844576377,-1.6058978058,-0.9273644438,25.0000000000,25.0000000000,-7.5505798246,-1.0000000000,1.0661166476
0.5120000000,1.0471975512,1.0717063269,4.6666233126,-2.1265898001,-1.2261513306,25.0000000000,25.0000000000,-10.9936705100,-1.0000000000,1.0722525707
0.5130000000,1.0471975512,1.0755345258,3.3006386223,-1.9122957044,-1.4360018974,25.0000000000,25.0000000000,-11.0043852148,-1.0000000000,1.0753205323
0.5140000000,1.0471975512,1.0778997706,1.7928282779,-1.7676312669,-1.5382899655,25.0000000000,25.0000000000,-11.0116184367,-1.0000000000,1.0783884939
0.5150000000,1.0471975512,1.0787228188,0.2410256723,-1.7149530018,-1.5498439458,25.0000000000,25.0000000000,-11.0142523499,-1.0000000000,1.0783884939
0.5160000000,1.0471975512,1.0780101093,-1.2765435692,-1.6861865170,-1.4905069652,25.0000000000,25.0000000000,-11.0156906742,-1.0000000000,1.0783884939
0.5170000000,1.0471975512,1.0758345025,-2.7002530018,-1.6380467809,-1.3779982372,25.0000000000,25.0000000000,-11.0180976610,-1.0000000000,1.0753205323
0.5180000000,1.0471975512,1.0723181376,-3.9867552600,-1.5542943909,-1.2277785157,25.0000000000,25.0000000000,-11.0222852805,-1.0000000000,1.0722525707
0.5190000000,1.0471975512,1.0676174544,-5.1069414849,-1.4342774523,-1.0533846788,25.0000000000,25.0000000000,-11.0282861274,-1.0000000000,1.0676506284
0.5200000000,1.0471975512,1.0619100987,-6.0441277351,-1.2846159588,-0.8665826574,25.0000000000,25.0000000000,-11.0357692021,-0.7387431554,1.0615147052
0.5210000000,1.0471975512,1.0553973935,-6.7627763342,-0.5937251057,-0.6247355867,25.0000000000,25.0000000000,-8.1703627696,-0.4018013974,1.0553787821
0.5220000000,1.0471975512,1.0483457698,-7.1795848915,0.0569324363,-0.2800006336,25.0000000000,25.0000000000,-4.4599955115,-0.0350291850,1.0477088781
0.5230000000,1.0471975512,1.0411497266,-7.1437460078,0.2834629212,0.2171084934,25.0000000000,25.0000000000,-0.3888239533,0.3133573457,1.0415729550
0.5240000000,1.0471975512,1.0342674501,-6.6865367411,0.8025204675,0.5719066281,25.0000000000,25.0000000000,3.4381405140,0.6510707470,1.0339030510
0.5250000000,1.0471975512,1.0280376767,-5.9167792941,1.5302682295,0.8849244744,25.0000000000,25.0000000000,7.1503718798,0.9712663936,1.0277671279
0.5260000000,1.0471975512,1.0227717149,-4.8378234257,2.0825251329,1.1897438656,25.0000000000,25.0000000000,10.6769307124,1.0000000000,1.0231651855
0.5270000000,1.0471975512,1.0187533528,-3.5004353776,1.9331410433,1.4127307937,25.0000000000,25.0000000000,11.0033429478,1.0000000000,1.0185632432
0.5280000000,1.0471975512,1.0161782479,-2.0070017245,1.7804023954,1.5290185136,25.0000000000,25.0000000000,11.0109798802,1.0000000000,1.0154952816
0.5290000000,1.0471975512,1.0151390062,-0.4570272320,1.7199085785,1.5521429832,25.0000000000,25.0000000000,11.0140045711,1.0000000000,1.0154952816
0.5300000000,1.0471975512,1.0156400938,1.0686284940,1.6907746163,1.5017538419,25.0000000000,25.0000000000,11.0154612692,1.0000000000,1.0154952816
0.5310000000,1.0471975512,1.0176170077,2.5078843508,1.6465191364,1.3958503762,25.0000000000,25.0000000000,11.0176740432,1.0000000000,1.0170292624
0.5320000000,1.0471975512,1.0209536963,3.8152325108,1.5679241974,1.2501802141,25.0000000000,25.0000000000,11.0216037901,1.0000000000,1.0216312047
0.5330000000,1.0471975512,1.0254978156,4.9596702561,1.4526909738,1.0785365482,25.0000000000,25.0000000000,11.0273654513,1.0000000000,1.0262331471
0.5340000000,1.0471975512,1.0310740779,5.9228676388,1.3067074734,0.8929303213,25.0000000000,25.0000000000,11.0346646263,0.7910053924,1.0308350895
0.5350000000,1.0471975512,1.0374847853,6.6737922253,0.7223551624,0.6615025533,25.0000000000,25.0000000000,8.7440420971,0.4546875160,1.0369710126
0.5360000000,1.0471975512,1.0444785196,7.1447292946,-0.0003367548,0.3460651630,25.0000000000,25.0000000000,5.0470314280,0.1040238804,1.0446409166
0.5370000000,1.0471975512,1.0516873510,7.1870146756,-0.2533748348,-0.1338276560,25.0000000000,25.0000000000,1.1546650724,-0.2650643138,1.0523108205
0.5380000000,1.0471975512,1.0586487520,6.7840514788,-0.7060753891,-0.5233142470,25.0000000000,25.0000000000,-2.9069101133,-0.6071185038,1.0584467436
0.5390000000,1.0471975512,1.0650057861,6.0615865860,-1.4468244504,-0.8385853246,25.0000000000,25.0000000000,-6.6666741694,-0.9148870760,1.0645826668
0.5400000000,1.0471975512,1.0704450550,5.0280718311,-1.9909338978,-1.1447901015,25.0000000000,25.0000000000,-10.0556998489,-1.0000000000,1.0707185899
0.5410000000,1.0471975512,1.0746781428,3.7279165256,-1.9717560749,-1.3815170777,25.0000000000,25.0000000000,-11.0014121963,-1.0000000000,1.0753205323
0.5420000000,1.0471975512,1.0774947954,2.2548659197,-1.8085281910,-1.5149360184,25.0000000000,25.0000000000,-11.0095735905,-1.0000000000,1.0768545131
0.5430000000,1.0471975512,1.0787860072,0.7097127569,-1.7323091151,-1.5524609820,25.0000000000,25.0000000000,-11.0133845442,-1.0000000000,1.0783884939
0.5440000000,1.0471975512,1.0785337428,-0.8234659968,-1.6984943261,-1.5132112513,25.0000000000,25.0000000000,-11.0150752837,-1.0000000000,1.0783884939
0.5450000000,1.0471975512,1.0767920966,-2.2795411358,-1.6567498257,-1.4155506777,25.0000000000,25.0000000000,-11.0171625087,-1.0000000000,1.0768545131
0.5460000000,1.0471975512,1.0736695089,-3.6103573229,-1.5834164338,-1.2756173799,25.0000000000,25.0000000000,-11.0208291783,-1.0000000000,1.0737865515
0.5470000000,1.0471975512,1.0693131347,-4.7826161904,-1.4736180668,-1.1075352417,25.0000000000,25.0000000000,-11.0263190967,-1.0000000000,1.0691846092
0.5480000000,1.0471975512,1.0638951738,-5.7760013041,-1.3320411708,-0.9236153929,25.0000000000,25.0000000000,-11.0333979415,-0.8388735822,1.0645826668
0.5490000000,1.0471975512,1.0576095091,-6.5631978517,-0.8460649599,-0.7019382301,25.0000000000,25.0000000000,-9.2691935146,-0.5037854762,1.0569127629
0.5500000000,1.0471975512,1.0506960722,-7.0860716439,-0.0757679353,-0.4093403903,25.0000000000,25.0000000000,-5.5882303894,-0.1518093780,1.0507768397
0.5510000000,1.0471975512,1.0435011830,-7.2009375143,0.2369772340,0.0587528681,25.0000000000,25.0000000000,-1.6850840958,0.2030461603,1.0431069358
0.5520000000,1.0471975512,1.0364885649,-6.8532803304,0.5667087081,0.4753838689,25.0000000000,25.0000000000,2.2254769436,0.5499611506,1.0369710126
0.5530000000,1.0471975512,1.0300313168,-6.1807449977,1.3260958845,0.7876703715,25.0000000000,25.0000000000,6.0382639776,0.8636193822,1.0293011087
0.5540000000,1.0471975512,1.0244411190,-5.1978743618,1.9115746174,1.0948271053,25.0000000000,25.0000000000,9.4905964114,1.0000000000,1.0246991663
0.5550000000,1.0471975512,1.0200108264,-3.9395700064,2.0113581432,1.3458595027,25.0000000000,25.0000000000,10.9994320928,1.0000000000,1.0200972239
0.5560000000,1.0471975512,1.0169657857,-2.4911292834,1.8342055602,1.4967516255,25.0000000000,25.0000000000,11.0082897220,1.0000000000,1.0170292624
0.5570000000,1.0471975512,1.0154317501,-0.9546789993,1.7412343039,1.5490366738,25.0000000000,25.0000000000,11.0129382848,1.0000000000,1.0154952816
0.5580000000,1.0471975512,1.0154406998,0.5825389556,1.7025555148,1.5213475759,25.0000000000,25.0000000000,11.0148722243,1.0000000000,1.0154952816
0.5590000000,1.0471975512,1.0169493833,2.0524048449,1.6634899402,1.4324031668,25.0000000000,25.0000000000,11.0168255030,1.0000000000,1.0170292624
0.5600000000,1.0471975512,1.0198574534,3.4041540354,1.5957577190,1.2987093346,25.0000000000,25.0000000000,11.0202121140,1.0000000000,1.0200972239
0.5610000000,1.0471975512,1.0240234476,4.6022068259,1.4918241170,1.1346968281,25.0000000000,25.0000000000,11.0254087941,1.0000000000,1.0246991663
0.5620000000,1.0471975512,1.0292787591,5.6242523240,1.3551271208,0.9529558533,25.0000000000,25.0000000000,11.0322436440,0.8957835660,1.0293011087
0.5630000000,1.0471975512,1.0354342817,6.4476885613,0.9860390561,0.7433112769,25.0000000000,25.0000000000,9.8938956296,0.5627783609,1.0354370318
0.5640000000,1.0471975512,1.0422624344,7.0207665214,0.1926210586,0.4655122317,25.0000000000,25.0000000000,6.2372087528,0.2102634095,1.0415729550
0.5650000000,1.0471975512,1.0494371338,7.2103377611,-0.2050198275,0.0224701673,25.0000000000,25.0000000000,2.3339238455,-0.1472603008,1.0492428589
0.5660000000,1.0471975512,1.0565033553,6.9272979690,-0.4592803158,-0.4258464282,25.0000000000,25.0000000000,-1.6116253234,-0.4984651431,1.0569127629
0.5670000000,1.0471975512,1.0630655764,6.3043244835,-1.2132726482,-0.7380297023,25.0000000000,25.0000000000,-5.4722994555,-0.8175525387,1.0630486860
0.5680000000,1.0471975512,1.0688098276,5.3698589576,-1.8340907386,-1.0475736809,25.0000000000,25.0000000000,-8.9831286426,-1.0000000000,1.0691846092
0.5690000000,1.0471975512,1.0734378034,4.1507303333,-2.0422853967,-1.3126969707,25.0000000000,25.0000000000,-10.9978857302,-1.0000000000,1.0737865515
0.5700000000,1.0471975512,1.0767094028,2.7248523698,-1.8543856661,-1.4803444781,25.0000000000,25.0000000000,-11.0072807167,-1.0000000000,1.0768545131
0.5710000000,1.0471975512,1.0784828139,1.1957269919,-1.7478481707,-1.5467697476,25.0000000000,25.0000000000,-11.0126075915,-1.0000000000,1.0783884939
0.5720000000,1.0471975512,1.0787126943,-0.3463786075,-1.7059850864,-1.5301625750,25.0000000000,25.0000000000,-11.0147007457,-1.0000000000,1.0783884939
0.5730000000,1.0471975512,1.0774319040,-1.8304742428,-1.6702556977,-1.4495620844,25.0000000000,25.0000000000,-11.0164872151,-1.0000000000,1.0768545131
0.5740000000,1.0471975512,1.0747330503,-3.2032740410,-1.6082633119,-1.3218142726,25.0000000000,25.0000000000,-11.0195868344,-1.0000000000,1.0753205323
0.5750000000,1.0471975512,1.0707521799,-4.4269854826,-1.5101094285,-1.1616415148,25.0000000000,25.0000000000,-11.0244945286,-1.0000000000,1.0707185899
0.5760000000,1.0471975512,1.0656545231,-5.4773612279,-1.3781314036,-0.9819047548,25.0000000000,25.0000000000,-11.0310934298,-0.9404286594,1.0661166476
0.5770000000,1.0471975512,1.0596252192,-6.3351775925,-1.1013098637,-0.7816958583,25.0000000000,25.0000000000,-10.3836926256,-0.6092332025,1.0599807244
0.5780000000,1.0471975512,1.0528823113,-6.9530711728,-0.2931527182,-0.5137786043,25.0000000000,25.0000000000,-6.7478309122,-0.2559925165,1.0523108205
0.5790000000,1.0471975512,1.0457366006,-7.2067363676,0.1759280615,-0.0921519371,25.0000000000,25.0000000000,-2.8415169335,0.0867281581,1.0461748973
0.5800000000,1.0471975512,1.0386321960,-6.9853578674,0.3443250262,0.3805112193,25.0000000000,25.0000000000,0.9454663034,0.4422608098,1.0385049934
0.5810000000,1.0471975512,1.0319829136,-6.4091753107,1.0867718698,0.6900861889,25.0000000000,25.0000000000,4.8547563950,0.7667585173,1.0323690702
0.5820000000,1.0471975512,1.0261035499,-5.5230925654,1.7479184025,0.9994107358,25.0000000000,25.0000000000,8.4236236224,1.0000000000,1.0262331471
0.5830000000,1.0471975512,1.0212956714,-4.3447929401,2.0772844115,1.2776140103,25.0000000000,25.0000000000,10.9961357794,1.0000000000,1.0216312047
0.5840000000,1.0471975512,1.0178133097,-2.9435878176,1.8776204165,1.4617494769,25.0000000000,25.0000000000,11.0061189792,1.0000000000,1.0185632432
0.5850000000,1.0471975512,1.0158141062,-1.4240461620,1.7552612249,1.5422127046,25.0000000000,25.0000000000,11.0122369388,1.0000000000,1.0154952816
0.5860000000,1.0471975512,1.0153566813,0.1206359356,1.7086939386,1.5366628241,25.0000000000,25.0000000000,11.0145653031,1.0000000000,1.0154952816
0.5870000000,1.0471975512,1.0164185599,1.6166708666,1.6754766087,1.4644542076,25.0000000000,25.0000000000,11.0162261696,1.0000000000,1.0170292624
0.5880000000,1.0471975512,1.0189149408,3.0083229841,1.6188414244,1.3427703020,25.0000000000,25.0000000000,11.0190579288,1.0000000000,1.0185632432
0.5890000000,1.0471975512,1.0227153258,4.2556512728,1.5263471118,1.1866153567,25.0000000000,25.0000000000,11.0236826444,1.0000000000,1.0231651855
0.5900000000,1.0471975512,1.0276580510,5.3325234576,1.3991269622,1.0091068465,25.0000000000,25.0000000000,11.0300436519,0.9935036126,1.0277671279
0.5910000000,1.0471975512,1.0335626213,6.2240831037,1.2315178971,0.8202869673,25.0000000000,25.0000000000,10.9663142054,0.6645685714,1.0339030510
0.5920000000,1.0471975512,1.0402225755,6.8884773199,0.4059294336,0.5645706819,25.0000000000,25.0000000000,7.3564146707,0.3110899507,1.0400389742
0.5930000000,1.0471975512,1.0473453920,7.2114318836,-0.1434858812,0.1681299058,25.0000000000,25.0000000000,3.4530984522,-0.0339100080,1.0477088781
0.5940000000,1.0471975512,1.0545014673,7.0613529485,-0.2844489595,-0.3287186044,25.0000000000,25.0000000000,-0.3621786406,-0.3932885930,1.0538448013
0.5950000000,1.0471975512,1.0612570233,6.5334216296,-0.9809386652,-0.6423529048,25.0000000000,25.0000000000,-4.3164564492,-0.7227455356,1.0615147052
0.5960000000,1.0471975512,1.0672897451,5.6935316462,-1.6699287277,-0.9544485485,25.0000000000,25.0000000000,-7.9389790083,-1.0000000000,1.0676506284
0.5970000000,1.0471975512,1.0722924443,4.5523693095,-2.1038915642,-1.2462736809,25.0000000000,25.0000000000,-10.9948054218,-1.0000000000,1.0722525707
0.5980000000,1.0471975512,1.0759968430,3.1723048358,-1.8954158916,-1.4465317000,25.0000000000,25.0000000000,-11.0052292054,-1.0000000000,1.0753205323
0.5990000000,1.0471975512,1.0782298456,1.6592400511,-1.7610614412,-1.5406041786,25.0000000000,25.0000000000,-11.0119469279,-1.0000000000,1.0783884939
0.6000000000,1.0471975512,1.0789199716,0.1092812459,-1.7120114259,-1.5457180486,25.0000000000,25.0000000000,-11.0143994287,-1.0000000000,1.0783884939
0.6010000000,1.0471975512,1.0780796999,-1.4010131100,-1.6822962759,-1.4815267265,25.0000000000,25.0000000000,-11.0158851862,-1.0000000000,1.0783884939
0.6020000000,1.0471975512,1.0757863991,-2.8134669125,-1.6313187640,-1.3655374670,25.0000000000,25.0000000000,-11.0184340618,-1.0000000000,1.0753205323
0.6030000000,1.0471975512,1.0721653870,-4.0859948165,-1.5444350878,-1.2130358752,25.0000000000,25.0000000000,-11.0227782456,-1.0000000000,1.0722525707
0.6040000000,1.0471975512,1.0673751225,-5.1905883417,-1.4217564363,-1.0374027835,25.0000000000,25.0000000000,-11.0289121782,-1.0000000000,1.0676506284
0.6050000000,1.0471975512,1.0615942654,-6.1115113220,-1.2702020305,-0.8502524384,25.0000000000,25.0000000000,-11.0364898985,-0.7097717936,1.0615147052
0.6060000000,1.0471975512,1.0550258303,-6.8107477302,-0.5204883342,-0.6029571257,25.0000000000,25.0000000000,-7.8524424923,-0.3730525578,1.0553787821
0.6070000000,1.0471975512,1.0479443238,-7.1962053941,0.0880333880,-0.2421561107,25.0000000000,25.0000000000,-4.1408833917,-0.0076814066,1.0477088781
0.6080000000,1.0471975512,1.0407569963,-7.1195942992,0.2895333005,0.2583561835,25.0000000000,25.0000000000,-0.0852636136,0.3384032504,1.0400389742
0.6090000000,1.0471975512,1.0339145487,-6.6374276776,0.8603349529,0.5965855831,25.0000000000,25.0000000000,3.7132593316,0.6731789230,1.0339030510
0.6100000000,1.0471975512,1.0277490838,-5.8434854363,1.5750168638,0.9086707521,25.0000000000,25.0000000000,7.3935352025,0.9900420719,1.0277671279
0.6110000000,1.0471975512,1.0225705115,-4.7423364865,2.1105815750,1.2108192332,25.0000000000,25.0000000000,10.8839379195,1.0000000000,1.0231651855
0.6120000000,1.0471975512,1.0186587395,-3.3881654208,1.9186363744,1.4265015785,25.0000000000,25.0000000000,11.0040681813,1.0000000000,1.0185632432
0.6130000000,1.0471975512,1.0162019356,-1.8860764669,1.7711133999,1.5347293499,25.0000000000,25.0000000000,11.0114443300,1.0000000000,1.0154952816
0.6140000000,1.0471975512,1.0152850087,-0.3346893985,1.7161096934,1.5511725695,25.0000000000,25.0000000000,11.0141945153,1.0000000000,1.0154952816
0.6150000000,1.0471975512,1.0159061292,1.1866559442,1.6878218699,1.4956198532,25.0000000000,25.0000000000,11.0156089065,1.0000000000,1.0154952816
0.6160000000,1.0471975512,1.0179959712,2.6172960275,1.6416650568,1.3859030031,25.0000000000,25.0000000000,11.0179167472,1.0000000000,1.0185632432
0.6170000000,1.0471975512,1.0214349664,3.9129642570,1.5602622600,1.2375983973,25.0000000000,25.0000000000,11.0219868870,1.0000000000,1.0216312047
0.6180000000,1.0471975512,1.0260683959,5.0437419995,1.4423444837,1.0643493942,25.0000000000,25.0000000000,11.0278827758,1.0000000000,1.0262331471
0.6190000000,1.0471975512,1.0317195907,5.9922401380,1.2942645212,0.8780261471,25.0000000000,25.0000000000,11.0352867739,0.7648029483,1.0323690702
0.6200000000,1.0471975512,1.0381889415,6.7252659662,0.6563181571,0.6413492815,25.0000000000,25.0000000000,8.4564968179,0.4280613445,1.0385049934
0.6210000000,1.0471975512,1.0452174832,7.1673116258,-0.0301816399,0.3110637070,25.0000000000,25.0000000000,4.7514809235,0.0605950150,1.0446409166
0.6220000000,1.0471975512,1.0524223817,7.1655848399,-0.2779617417,-0.1822795958,25.0000000000,25.0000000000,0.6726046665,-0.2891889171,1.0523108205
0.6230000000,1.0471975512,1.0593402033,6.7301471065,-0.7527481257,-0.5503782162,25.0000000000,25.0000000000,-3.1723595738,-0.6288147176,1.0599807244
0.6240000000,1.0471975512,1.0656270484,5.9818927396,-1.4899903255,-0.8635595464,25.0000000000,25.0000000000,-6.9053438491,-0.9512628108,1.0661166476
0.6250000000,1.0471975512,1.0709710442,4.9233816681,-2.0554209363,-1.1700187678,25.0000000000,25.0000000000,-10.4562461528,-1.0000000000,1.0707185899
0.6260000000,1.0471975512,1.0750854797,3.6019238476,-1.9506429749,-1.3995579735,25.0000000000,25.0000000000,-11.0024678513,-1.0000000000,1.0753205323
0.6270000000,1.0471975512,1.0777679068,2.1168956158,-1.7918692136,-1.5233637686,25.0000000000,25.0000000000,-11.0104065393,-1.0000000000,1.0783884939
0.6280000000,1.0471975512,1.0789185403,0.5685611340,-1.7248642282,-1.5527267607,25.0000000000,25.0000000000,-11.0137567886,-1.0000000000,1.0783884939
0.6290000000,1.0471975512,1.0785270397,-0.9607891529,-1.6940834130,-1.5071454433,25.0000000000,25.0000000000,-11.0152958294,-1.0000000000,1.0783884939
0.6300000000,1.0471975512,1.0766534186,-2.4077441897,-1.6511443042,-1.4047876174,25.0000000000,25.0000000000,-11.0174427848,-1.0000000000,1.0768545131
0.6310000000,1.0471975512,1.0734104581,-3.7256420504,-1.5749366908,-1.2615701943,25.0000000000,25.0000000000,-11.0212531655,-1.0000000000,1.0737865515
0.6320000000,1.0471975512,1.0689482888,-4.8824783768,-1.4620943197,-1.0914299848,25.0000000000,25.0000000000,-11.0268952840,-1.0000000000,1.0691846092
0.6330000000,1.0471975512,1.0634409016,-5.8590566382,-1.3180163816,-0.9065095124,25.0000000000,25.0000000000,-11.0340991809,-0.8089624869,1.0630486860
0.6340000000,1.0471975512,1.0570845338,-6.6256366826,-0.7707135519,-0.6786975298,25.0000000000,25.0000000000,-8.9409479266,-0.4730938540,1.0569127629
0.6350000000,1.0471975512,1.0501262567,-7.1182819874,-0.0286610460,-0.3722551719,25.0000000000,25.0000000000,-5.2499087272,-0.1217725791,1.0507768397
0.6360000000,1.0471975512,1.0429256676,-7.1900371998,0.2471060872,0.1035613715,25.0000000000,25.0000000000,-1.3516756277,0.2312752164,1.0431069358
0.6370000000,1.0471975512,1.0359455097,-6.8106356197,0.6297265623,0.5021404646,25.0000000000,25.0000000000,2.5356685738,0.5755190423,1.0354370318
0.6380000000,1.0471975512,1.0295475539,-6.1115112223,1.3827336129,0.8140921073,25.0000000000,25.0000000000,6.3191246889,0.9034938932,1.0293011087
0.6390000000,1.0471975512,1.0240435119,-5.1013437340,1.9839125436,1.1227954341,25.0000000000,25.0000000000,9.9295865878,1.0000000000,1.0246991663
0.6400000000,1.0471975512,1.0197255105,-3.8188676359,1.9885931508,1.3667208150,25.0000000000,25.0000000000,11.0005703425,1.0000000000,1.0200972239
0.6410000000,1.0471975512,1.0168110508,-2.3558686831,1.8165635534,1.5075998055,25.0000000000,25.0000000000,11.0091718223,1.0000000000,1.0170292624
0.6420000000,1.0471975512,1.0154162589,-0.8140910446,1.7341924692,1.5512863998,25.0000000000,25.0000000000,11.0132903765,1.0000000000,1.0154952816
0.6430000000,1.0471975512,1.0155649919,0.7210253889,1.6992855351,1.5168586278,25.0000000000,25.0000000000,11.0150357232,1.0000000000,1.0154952816
0.6440000000,1.0471975512,1.0172076802,2.1831109191,1.6592322654,1.4228413495,25.0000000000,25.0000000000,11.0170383867,1.0000000000,1.0170292624
0.6450000000,1.0471975512,1.0202392670,3.5229247510,1.5885407294,1.2855180060,25.0000000000,25.0000000000,11.0205729635,1.0000000000,1.0200972239
0.6460000000,1.0471975512,1.0245149774,4.7062126053,1.4813430773,1.1191345118,25.0000000000,25.0000000000,11.0259328461,1.0000000000,1.0246991663
0.6470000000,1.0471975512,1.0298641095,5.7118182967,1.3418759845,0.9361162486,25.0000000000,25.0000000000,11.0329062008,0.8665151994,1.0293011087
0.6480000000,1.0471975512,1.0360949697,6.5148255991,0.9124695806,0.7202293447,25.0000000000,25.0000000000,9.5726952342,0.5322748013,1.0354370318
0.6490000000,1.0471975512,1.0429736459,7.0605230612,0.1286648610,0.4358107727,25.0000000000,25.0000000000,5.9018170511,0.1800338169,1.0431069358
0.6500000000,1.0471975512,1.0501639899,7.2100947610,-0.2234848177,-0.0212135189,25.0000000000,25.0000000000,1.9983753675,-0.1759852186,1.0507768397
0.6510000000,1.0471975512,1.0572053264,6.8910891084,-0.5143289228,-0.4528421427,25.0000000000,25.0000000000,-1.9277194804,-0.5247457864,1.0569127629
0.6520000000,1.0471975512,1.0637145923,6.2413435628,-1.2733408386,-0.7647293185,25.0000000000,25.0000000000,-5.7610111866,-0.8407271817,1.0630486860
0.6530000000,1.0471975512,1.0693795544,5.2810058237,-1.8752301084,-1.0727355215,25.0000000000,25.0000000000,-9.2383102112,-1.0000000000,1.0691846092
0.6540000000,1.0471975512,1.0739049927,4.0410041044,-2.0283967841,-1.3304105284,25.0000000000,25.0000000000,-10.9985801608,-1.0000000000,1.0737865515
0.6550000000,1.0471975512,1.0770585839,2.6029611788,-1.8455406957,-1.4892863959,25.0000000000,25.0000000000,-11.0077229652,-1.0000000000,1.0768545131
0.6560000000,1.0471975512,1.0787069294,1.0696595930,-1.7454902656,-1.5482880476,25.0000000000,25.0000000000,-11.0127254867,-1.0000000000,1.0783884939
0.6570000000,1.0471975512,1.0788117088,-0.4701929371,-1.7049095988,-1.5258358146,25.0000000000,25.0000000000,-11.0147545201,-1.0000000000,1.0783884939
0.6580000000,1.0471975512,1.0774112691,-1.9470929658,-1.6672095619,-1.4408116205,25.0000000000,25.0000000000,-11.0166395219,-1.0000000000,1.0768545131
0.6590000000,1.0471975512,1.0746023259,-3.3090679556,-1.6020728857,-1.3098917231,25.0000000000,25.0000000000,-11.0198963557,-1.0000000000,1.0753205323
0.6600000000,1.0471975512,1.0705238201,-4.5194835984,-1.5007953458,-1.1476510779,25.0000000000,25.0000000000,-11.0249602327,-1.0000000000,1.0707185899
0.6610000000,1.0471975512,1.0653428064,-5.5551099430,-1.3662701165,-0.9668120411,25.0000000000,25.0000000000,-11.0316864942,-0.9141121373,1.0645826668
0.6620000000,1.0471975512,1.0592467075,-6.3946278849,-1.0352114683,-0.7610235376,25.0000000000,25.0000000000,-10.0948841508,-0.5818868644,1.0599807244
0.6630000000,1.0471975512,1.0524592243,-6.9880081469,-0.2358758080,-0.4871933021,25.0000000000,25.0000000000,-6.4471504050,-0.2289558262,1.0523108205
0.6640000000,1.0471975512,1.0453001439,-7.2059012618,0.1923803260,-0.0531027188,25.0000000000,25.0000000000,-2.5414096709,0.1123695929,1.0446409166
0.6650000000,1.0471975512,1.0382195114,-6.9505037805,0.3856555524,0.4050074557,25.0000000000,25.0000000000,1.2280197031,0.4656810305,1.0385049934
0.6660000000,1.0471975512,1.0316200202,-6.3504858626,1.1410452772,0.7137415155,25.0000000000,25.0000000000,5.1120071743,0.8049560992,1.0323690702
0.6670000000,1.0471975512,1.0258146844,-5.4395669881,1.8208976511,1.0251443451,25.0000000000,25.0000000000,8.8439678181,1.0000000000,1.0262331471
0.6680000000,1.0471975512,1.0211049873,-4.2387350562,2.0577853351,1.2972236353,25.0000000000,25.0000000000,10.9971107332,1.0000000000,1.0216312047
0.6690000000,1.0471975512,1.0177380923,-2.8236051393,1.8618888267,1.4723130529,25.0000000000,25.0000000000,11.0069055587,1.0000000000,1.0170292624
0.6700000000,1.0471975512,1.0158629281,-1.2985263301,1.7492267309,1.5449426569,25.0000000000,25.0000000000,11.0125386635,1.0000000000,1.0154952816
0.6710000000,1.0471975512,1.0155307068,0.2449038338,1.7062209515,1.5332223309,25.0000000000,25.0000000000,11.0146889524,1.0000000000,1.0154952816
0.6720000000,1.0471975512,1.0167131611,1.7344692628,1.6721722545,1.4563414329,25.0000000000,25.0000000000,11.0163913873,1.0000000000,1.0170292624
0.6730000000,1.0471975512,1.0193211451,3.1158066632,1.6128523328,1.3312861449,25.0000000000,25.0000000000,11.0193573834,1.0000000000,1.0185632432
0.6740000000,1.0471975512,1.0232210754,4.3501713162,1.5173564115,1.1728968439,25.0000000000,25.0000000000,11.0241321794,1.0000000000,1.0231651855
0.6750000000,1.0471975512,1.0282493041,5.4124761147,1.3875600407,0.9941451687,25.0000000000,25.0000000000,11.0306219980,0.9675623694,1.0277671279
0.6760000000,1.0471975512,1.0342229368,6.2858353074,1.1663738066,0.7997033302,25.0000000000,25.0000000000,10.6816236105,0.6373578976,1.0339030510
0.6770000000,1.0471975512,1.0409298082,6.9257721441,0.3488561275,0.5380168761,25.0000000000,25.0000000000,7.0572298569,0.2839859119,1.0415729550
0.6780000000,1.0471975512,1.0480683279,7.2128931484,-0.1601626530,0.1289508449,25.0000000000,25.0000000000,3.1522436220,-0.0597787497,1.0477088781
0.6790000000,1.0471975512,1.0552015249,7.0254715693,-0.3102658606,-0.3579834135,25.0000000000,25.0000000000,-0.6480308288,-0.4170541630,1.0553787821
0.6800000000,1.0471975512,1.0619046269,6.4712128992,-1.0295497341,-0.6681455897,25.0000000000,25.0000000000,-4.5778237227,-0.7437902202,1.0615147052
0.6810000000,1.0471975512,1.0678596157,5.6067687794,-1.7065164247,-0.9781158043,25.0000000000,25.0000000000,-8.1707456228,-1.0000000000,1.0676506284
0.6820000000,1.0471975512,1.0727627706,4.4461403396,-2.0916577535,-1.2627059001,25.0000000000,25.0000000000,-10.9954171123,-1.0000000000,1.0722525707
0.6830000000,1.0471975512,1.0763533193,3.0549117188,-1.8878207890,-1.4546423334,25.0000000000,25.0000000000,-11.0056089605,-1.0000000000,1.0768545131
0.6840000000,1.0471975512,1.0784661432,1.5382437496,-1.7591359257,-1.5416945735,25.0000000000,25.0000000000,-11.0120432037,-1.0000000000,1.0783884939
0.6850000000,1.0471975512,1.0790364012,-0.0092425682,-1.7109833060,-1.5412873974,25.0000000000,25.0000000000,-11.0144508347,-1.0000000000,1.0783884939
0.6860000000,1.0471975512,1.0780817524,-1.5124008565,-1.6792365078,-1.4729257421,25.0000000000,25.0000000000,-11.0160381746,-1.0000000000,1.0783884939
0.6870000000,1.0471975512,1.0756834361,-2.9143043651,-1.6252082955,-1.3539574365,25.0000000000,25.0000000000,-11.0187395852,-1.0000000000,1.0753205323
0.6880000000,1.0471975512,1.0719694843,-4.1739705233,-1.5353444767,-1.1995282061,25.0000000000,25.0000000000,-11.0232327762,-1.0000000000,1.0722525707
0.6890000000,1.0471975512,1.0671000517,-5.2643592585,-1.4102595500,-1.0228862870,25.0000000000,25.0000000000,-11.0294870225,-1.0000000000,1.0676506284
0.6900000000,1.0471975512,1.0612546085,-6.1705699312,-1.2570530324,-0.8355123406,25.0000000000,25.0000000000,-11.0371473484,-0.6835166719,1.0615147052
0.6910000000,1.0471975512,1.0546376154,-6.8523196423,-0.4541101452,-0.5833514254,25.0000000000,25.0000000000,-7.5643295505,-0.3471609014,1.0553787821
0.6920000000,1.0471975512,1.0475321940,-7.2076698094,0.1109567267,-0.2071151508,25.0000000000,25.0000000000,-3.8534860057,0.0168195425,1.0477088781
0.6930000000,1.0471975512,1.0403560973,-7.0947630860,0.2932734792,0.2944754982,25.0000000000,25.0000000000,0.1720332474,0.3607349983,1.0400389742
0.6940000000,1.0471975512,1.0335525279,-6.5902572326,0.9117170553,0.6186044429,25.0000000000,25.0000000000,3.9585726286,0.6927983214,1.0339030510
0.6950000000,1.0471975512,1.0274477374,-5.7748493739,1.6147645417,0.9296830168,25.0000000000,25.0000000000,7.6093231402,1.0000000000,1.0277671279
0.6960000000,1.0471975512,1.0223498716,-4.6549152875,2.1220807524,1.2279690967,25.0000000000,25.0000000000,10.9938959624,1.0000000000,1.0216312047
0.6970000000,1.0471975512,1.0185342154,-3.2877157728,1.9086520230,1.4368578323,25.0000000000,25.0000000000,11.0045673989,1.0000000000,1.0185632432
0.6980000000,1.0471975512,1.0161821595,-1.7795794098,1.7657542509,1.5383234537,25.0000000000,25.0000000000,11.0117122875,1.0000000000,1.0154952816
0.6990000000,1.0471975512,1.0153721755,-0.2281470927,1.7139343780,1.5492550630,25.0000000000,25.0000000000,11.0143032811,1.0000000000,1.0154952816
0.7000000000,1.0471975512,1.0160972457,1.2885399038,1.6853538609,1.4894682205,25.0000000000,25.0000000000,11.0157323070,1.0000000000,1.0154952816
0.7010000000,1.0471975512,1.0182840960,2.7110083404,1.6370896223,1.3766521235,25.0000000000,25.0000000000,11.0181455189,1.0000000000,1.0185632432
0.7020000000,1.0471975512,1.0218103098,3.9960384749,1.5531222898,1.2262444857,25.0000000000,25.0000000000,11.0223438855,1.0000000000,1.0216312047
0.7030000000,1.0471975512,1.0265192847,5.1146290095,1.4329069440,1.0517635173,25.0000000000,25.0000000000,11.0283546528,1.0000000000,1.0262331471
0.7040000000,1.0471975512,1.0322333093,6.0501862265,1.2831074852,0.8649583960,25.0000000000,25.0000000000,11.0358446257,0.7417186837,1.0323690702
0.7050000000,1.0471975512,1.0387512318,6.7675827726,0.5980841152,0.6237760202,25.0000000000,25.0000000000,8.2031731839,0.4048441704,1.0385049934
0.7060000000,1.0471975512,1.0458074708,7.1842820627,-0.0553878958,0.2804329597,25.0000000000,25.0000000000,4.4937702918,0.0382477880,1.0461748973
0.7070000000,1.0471975512,1.0530087337,7.1493544113,-0.2832827427,-0.2159870028,25.0000000000,25.0000000000,0.4245504463,-0.3098821348,1.0523108205
0.7080000000,1.0471975512,1.0598962447,6.6916340431,-0.7953764910,-0.5721359753,25.0000000000,25.0000000000,-3.3999228716,-0.6472843794,1.0599807244
0.7090000000,1.0471975512,1.0661312507,5.9222016543,-1.5245125470,-0.8842787361,25.0000000000,25.0000000000,-7.1086309844,-0.9671377743,1.0661166476
0.7100000000,1.0471975512,1.0714032827,4.8443726286,-2.0781701616,-1.1883524787,25.0000000000,25.0000000000,-10.6313207867,-1.0000000000,1.0707185899
0.7110000000,1.0471975512,1.0754290218,3.5082527309,-1.9382621519,-1.4116513680,25.0000000000,25.0000000000,-11.0030868924,-1.0000000000,1.0753205323
0.7120000000,1.0471975512,1.0780124129,2.0154874692,-1.7842183195,-1.5285930883,25.0000000000,25.0000000000,-11.0107890840,-1.0000000000,1.0783884939
0.7130000000,1.0471975512,1.0790602280,0.4655881670,-1.7219659621,-1.5522583175,25.0000000000,25.0000000000,-11.0139017019,-1.0000000000,1.0783884939
0.7140000000,1.0471975512,1.0785674991,-1.0604378879,-1.6919226661,-1.5022599273,25.0000000000,25.0000000000,-11.0154038667,-1.0000000000,1.0783884939
0.7150000000,1.0471975512,1.0765983693,-2.5003759209,-1.6473578030,-1.3966247254,25.0000000000,25.0000000000,-11.0176321099,-1.0000000000,1.0768545131
0.7160000000,1.0471975512,1.0732686464,-3.8086126333,-1.5687388648,-1.2511265769,25.0000000000,25.0000000000,-11.0215630568,-1.0000000000,1.0737865515
0.7170000000,1.0471975512,1.0687305218,-4.9540613102,-1.4535806614,-1.0795775044,25.0000000000,25.0000000000,-11.0273209669,-1.0000000000,1.0691846092
0.7180000000,1.0471975512,1.0631592047,-5.9183237164,-1.3076810604,-0.8940026664,25.0000000000,25.0000000000,-11.0346159470,-0.7870078537,1.0630486860
0.7190000000,1.0471975512,1.0567525857,-6.6698600151,-0.7154136309,-0.6617493960,25.0000000000,25.0000000000,-8.7000164940,-0.4506976335,1.0569127629
0.7200000000,1.0471975512,1.0497630413,-7.1401438175,0.0038439194,-0.3446559463,25.0000000000,25.0000000000,-5.0027437319,-0.0999596543,1.0492428589
0.7210000000,1.0471975512,1.0425600476,-7.1803296341,0.2538130501,0.1361834363,25.0000000000,25.0000000000,-1.1095521630,0.2516894072,1.0431069358
0.7220000000,1.0471975512,1.0356052549,-6.7778599606,0.6750419987,0.5216657048,25.0000000000,25.0000000000,2.7600003202,0.5939289377,1.0354370318
0.7230000000,1.0471975512,1.0292521824,-6.0594149051,1.4231967598,0.8332393631,25.0000000000,25.0000000000,6.5214513700,0.9194903478,1.0293011087
0.7240000000,1.0471975512,1.0238117842,-5.0309898297,2.0104415707,1.1403644061,25.0000000000,25.0000000000,10.1058207821,1.0000000000,1.0231651855
0.7250000000,1.0471975512,1.0195735548,-3.7342071420,1.9777893209,1.3786790542,25.0000000000,25.0000000000,11.0011105340,1.0000000000,1.0200972239
0.7260000000,1.0471975512,1.0167491874,-2.2633094405,1.8096313582,1.5131506287,25.0000000000,25.0000000000,11.0095184321,1.0000000000,1.0170292624
0.7270000000,1.0471975512,1.0154486752,-0.7194314419,1.7318163862,1.5514679064,25.0000000000,25.0000000000,11.0134091807,1.0000000000,1.0154952816
0.7280000000,1.0471975512,1.0156908058,0.8131599764,1.6977214333,1.5128504911,25.0000000000,25.0000000000,11.0151139283,1.0000000000,1.0154952816
0.7290000000,1.0471975512,1.0174220863,2.2692017047,1.6561963794,1.4156995585,25.0000000000,25.0000000000,11.0171901810,1.0000000000,1.0170292624
0.7300000000,1.0471975512,1.0205345595,3.6004261822,1.5832413097,1.2761684888,25.0000000000,25.0000000000,11.0208379345,1.0000000000,1.0200972239
0.7310000000,1.0471975512,1.0248814473,4.7734332320,1.4738351793,1.1083897890,25.0000000000,25.0000000000,11.0263082410,1.0000000000,1.0246991663
0.7320000000,1.0471975512,1.0302908308,5.7678124006,1.3326032296,0.9246822725,25.0000000000,25.0000000000,11.0333698385,0.8464944113,1.0308350895
0.7330000000,1.0471975512,1.0365694212,6.5570243402,0.8620952271,0.7046708184,25.0000000000,25.0000000000,9.3529832044,0.5117065612,1.0369710126
0.7340000000,1.0471975512,1.0434790652,7.0840772318,0.0874515481,0.4148927167,25.0000000000,25.0000000000,5.6755702522,0.1598844195,1.0431069358
0.7350000000,1.0471975512,1.0506765002,7.2064774954,-0.2343975941,-0.0505124429,25.0000000000,25.0000000000,1.7747170567,-0.1949409271,1.0507768397
0.7360000000,1.0471975512,1.0576984486,6.8642077399,-0.5503342765,-0.4713030595,25.0000000000,25.0000000000,-2.1363275771,-0.5419265570,1.0584467436
0.7370000000,1.0471975512,1.0641694395,6.1962843040,-1.3103909820,-0.7827426692,25.0000000000,25.0000000000,-5.9498652338,-0.8733121437,1.0645826668
0.7380000000,1.0471975512,1.0697775164,5.2167132314,-1.9354740662,-1.0929275358,25.0000000000,25.0000000000,-9.5969910914,-1.0000000000,1.0691846092
0.7390000000,1.0471975512,1.0742270650,3.9588593667,-2.0107683909,-1.3460064348,25.0000000000,25.0000000000,-10.9994615805,-1.0000000000,1.0737865515
0.7400000000,1.0471975512,1.0772910051,2.5096974753,-1.8312790333,-1.4977513950,25.0000000000,25.0000000000,-11.0084360483,-1.0000000000,1.0768545131
0.7410000000,1.0471975512,1.0788428074,0.9719016979,-1.7397184532,-1.5505658137,25.0000000000,25.0000000000,-11.0130140773,-1.0000000000,1.0783884939
0.7420000000,1.0471975512,1.0788500000,-0.5670894748,-1.7025001530,-1.5232504320,25.0000000000,25.0000000000,-11.0148749923,-1.0000000000,1.0783884939
0.7430000000,1.0471975512,1.0773554929,-2.0390207734,-1.6644455336,-1.4345504322,25.0000000000,25.0000000000,-11.0167777233,-1.0000000000,1.0768545131
0.7440000000,1.0471975512,1.0744594195,-3.3930032665,-1.5973466796,-1.3009796931,25.0000000000,25.0000000000,-11.0201326660,-1.0000000000,1.0737865515
0.7450000000,1.0471975512,1.0703031469,-4.5933427554,-1.4937807682,-1.1369805401,25.0000000000,25.0000000000,-11.0253109616,-1.0000000000,1.0707185899
0.7460000000,1.0471975512,1.0650552923,-5.6176284188,-1.3572628977,-0.9551593198,25.0000000000,25.0000000000,-11.0321368551,-0.8939359287,1.0645826668
0.7470000000,1.0471975512,1.0589051587,-6.4429673677,-0.9845308519,-0.7449870935,25.0000000000,25.0000000000,-9.8734622656,-0.5606952348,1.0584467436
0.7480000000,1.0471975512,1.0520808954,-7.0172900727,-0.1914090375,-0.4665000823,25.0000000000,25.0000000000,-6.2141466545,-0.2078258606,1.0523108205
0.7490000000,1.0471975512,1.0449093664,-7.2072443383,0.2053962979,-0.0225498687,25.0000000000,25.0000000000,-2.3068670526,0.1501309788,1.0446409166
0.7500000000,1.0471975512,1.0378461095,-6.9246702267,0.4646234784,0.4247387640,25.0000000000,25.0000000000,1.6432226907,0.4842362969,1.0385049934
0.7510000000,1.0471975512,1.0312851994,-6.3041777436,1.1844222230,0.7343728260,25.0000000000,25.0000000000,5.3158017842,0.8213978220,1.0308350895
0.7520000000,1.0471975512,1.0255387231,-5.3733832305,1.8469025402,1.0443564515,25.0000000000,25.0000000000,9.0251706970,1.0000000000,1.0262331471
0.7530000000,1.0471975512,1.0209056141,-4.1566902302,2.0460499479,1.3106623600,25.0000000000,25.0000000000,10.9976975026,1.0000000000,1.0216312047
0.7540000000,1.0471975512,1.0176270494,-2.7323245051,1.8549190132,1.4791142201,25.0000000000,25.0000000000,11.0072540493,1.0000000000,1.0170292624
0.7550000000,1.0471975512,1.0158455973,-1.2040352268,1.7474032868,1.5461518868,25.0000000000,25.0000000000,11.0126298357,1.0000000000,1.0154952816
0.7560000000,1.0471975512,1.0156071814,0.3377660527,1.7054396413,1.5300329953,25.0000000000,25.0000000000,11.0147280179,1.0000000000,1.0154952816
0.7570000000,1.0471975512,1.0168794053,1.8219828880,1.6699326815,1.4498223112,25.0000000000,25.0000000000,11.0165033659,1.0000000000,1.0170292624
0.7580000000,1.0471975512,1.0195700298,3.1952385330,1.6082547418,1.3223770676,25.0000000000,25.0000000000,11.0195872629,1.0000000000,1.0200972239
0.7590000000,1.0471975512,1.0235432905,4.4196578312,1.5104096647,1.1624268158,25.0000000000,25.0000000000,11.0244795168,1.0000000000,1.0231651855
0.7600000000,1.0471975512,1.0286341612,5.4709176192,1.3786943500,0.9828393458,25.0000000000,25.0000000000,11.0310652825,0.9478642708,1.0293011087
0.7610000000,1.0471975512,1.0346580281,6.3305660615,1.1168997360,0.7842127272,25.0000000000,25.0000000000,10.4654484185,0.6168676218,1.0339030510
0.7620000000,1.0471975512,1.0413984823,6.9521308387,0.3059325581,0.5180898843,25.0000000000,25.0000000000,6.8319339742,0.2637124513,1.0415729550
0.7630000000,1.0471975512,1.0485471909,7.2124306104,-0.1725129450,0.0996677790,25.0000000000,25.0000000000,2.9272082089,-0.0965958268,1.0492428589
0.7640000000,1.0471975512,1.0556597103,6.9943020173,-0.3681096275,-0.3779576605,25.0000000000,25.0000000000,-1.0538081965,-0.4346362072,1.0553787821
0.7650000000,1.0471975512,1.0623193025,6.4203384262,-1.0716311134,-0.6876947857,25.0000000000,25.0000000000,-4.7708803438,-0.7768562704,1.0630486860
0.7660000000,1.0471975512,1.0682107212,5.5353142811,-1.7685932765,-0.9995153429,25.0000000000,25.0000000000,-8.5346749372,-1.0000000000,1.0676506284
0.7670000000,1.0471975512,1.0730302236,4.3559374644,-2.0742275972,-1.2790015000,25.0000000000,25.0000000000,-10.9962886201,-1.0000000000,1.0737865515
0.7680000000,1.0471975512,1.0765227842,2.9532044590,-1.8736925426,-1.4633133662,25.0000000000,25.0000000000,-11.0063153729,-1.0000000000,1.0768545131
0.7690000000,1.0471975512,1.0785306253,1.4320980331,-1.7534498548,-1.5437711562,25.0000000000,25.0000000000,-11.0123275073,-1.0000000000,1.0783884939
0.7700000000,1.0471975512,1.0789951383,-0.1141211734,-1.7084819733,-1.5381845035,25.0000000000,25.0000000000,-11.0145759013,-1.0000000000,1.0783884939
0.7710000000,1.0471975512,1.0779388409,-1.6116416635,-1.6761444312,-1.4659145045,25.0000000000,25.0000000000,-11.0161927784,-1.0000000000,1.0783884939
0.7720000000,1.0471975512,1.0754466035,-3.0046988478,-1.6199238146,-1.3441382014,25.0000000000,25.0000000000,-11.0190038093,-1.0000000000,1.0753205323
0.7730000000,1.0471975512,1.0716490246,-4.2533202743,-1.5275816684,-1.1878600587,25.0000000000,25.0000000000,-11.0236209166,-1.0000000000,1.0722525707
0.7740000000,1.0471975512,1.0667078975,-5.3313461669,-1.4003679561,-1.0102033169,25.0000000000,25.0000000000,-11.0299816022,-0.9897283396,1.0661166476
0.7750000000,1.0471975512,1.0608040695,-6.2234734528,-1.2251553645,-0.8204575856,25.0000000000,25.0000000000,-10.9247268012,-0.6604977841,1.0615147052
0.7760000000,1.0471975512,1.0541449735,-6.8873329296,-0.4005517067,-0.5636315543,25.0000000000,25.0000000000,-7.3114978184,-0.3242792987,1.0538448013
0.7770000000,1.0471975512,1.0470217522,-7.2138405578,0.1270014226,-0.1748620486,25.0000000000,25.0000000000,-3.5995002161,0.0386187885,1.0477088781
0.7780000000,1.0471975512,1.0398602397,-7.0677773877,0.2992723129,0.3272053519,25.0000000000,25.0000000000,0.4137049366,0.3807274330,1.0400389742
0.7790000000,1.0471975512,1.0330970206,-6.5420656620,0.9552417011,0.6393490354,25.0000000000,25.0000000000,4.1783124214,0.7280487980,1.0323690702
0.7800000000,1.0471975512,1.0270539256,-5.7047384431,1.6838838125,0.9525695422,25.0000000000,25.0000000000,7.9971474670,1.0000000000,1.0277671279
0.7810000000,1.0471975512,1.0220393146,-4.5645570080,2.1058285242,1.2457088211,25.0000000000,25.0000000000,10.9947085738,1.0000000000,1.0216312047
0.7820000000,1.0471975512,1.0183226196,-3.1845816040,1.8951049824,1.4466880002,25.0000000000,25.0000000000,11.0052447509,1.0000000000,1.0185632432
0.7830000000,1.0471975512,1.0160776022,-1.6710383277,1.7607705959,1.5412561033,25.0000000000,25.0000000000,11.0119614702,1.0000000000,1.0154952816
0.7840000000,1.0471975512,1.0153762050,-0.1201930617,1.7121698390,1.5467305156,25.0000000000,25.0000000000,11.0143915081,1.0000000000,1.0154952816
0.7850000000,1.0471975512,1.0162062821,1.3912786446,1.6829011564,1.4827901806,25.0000000000,25.0000000000,11.0158549422,1.0000000000,1.0154952816
0.7860000000,1.0471975512,1.0184906916,2.8050992944,1.6322766441,1.3669549276,25.0000000000,25.0000000000,11.0183861678,1.0000000000,1.0185632432
0.7870000000,1.0471975512,1.0221042481,4.0790936788,1.5456419355,1.2145218308,25.0000000000,25.0000000000,11.0227179032,1.0000000000,1.0216312047
0.7880000000,1.0471975512,1.0268885426,5.1851754838,1.4231158617,1.0388841316,25.0000000000,25.0000000000,11.0288442069,1.0000000000,1.0262331471
0.7890000000,1.0471975512,1.0326648957,6.1075436255,1.2716295069,0.8516692288,25.0000000000,25.0000000000,11.0364185247,0.7182075259,1.0323690702
0.7900000000,1.0471975512,1.0392306618,6.8090838407,0.5387314684,0.6059628199,25.0000000000,25.0000000000,7.9451669639,0.3813155990,1.0385049934
0.7910000000,1.0471975512,1.0463135859,7.2000968186,-0.0808919295,0.2494009861,25.0000000000,25.0000000000,4.2326031491,0.0157014731,1.0461748973
0.7920000000,1.0471975512,1.0535098300,7.1316189689,-0.2884920175,-0.2499989283,25.0000000000,25.0000000000,0.1742863518,-0.3306727175,1.0538448013
0.7930000000,1.0471975512,1.0603666210,6.6532149312,-0.8433821313,-0.5926295981,25.0000000000,25.0000000000,-3.6282980577,-0.6657637013,1.0599807244
0.7940000000,1.0471975512,1.0665505465,5.8636200117,-1.5619318119,-0.9041239976,25.0000000000,25.0000000000,-7.3118804935,-0.9829501090,1.0661166476
0.7950000000,1.0471975512,1.0717521729,4.7671560956,-2.1019240993,-1.2061051532,25.0000000000,25.0000000000,-10.8056500050,-1.0000000000,1.0722525707
0.7960000000,1.0471975512,1.0756912971,3.4168091165,-1.9261923530,-1.4233913129,25.0000000000,25.0000000000,-11.0036903823,-1.0000000000,1.0753205323
0.7970000000,1.0471975512,1.0781780414,1.9165432778,-1.7765618437,-1.5336509728,25.0000000000,25.0000000000,-11.0111719078,-1.0000000000,1.0783884939
0.7980000000,1.0471975512,1.0791255620,0.3651574614,-1.7189834462,-1.5517632805,25.0000000000,25.0000000000,-11.0140508277,-1.0000000000,1.0783884939
0.7990000000,1.0471975512,1.0785341263,-1.1575913466,-1.6897115993,-1.4974620004,25.0000000000,25.0000000000,-11.0155144200,-1.0000000000,1.0783884939
0.8000000000,1.0471975512,1.0764718996,-2.5906565975,-1.6435962273,-1.3886368767,25.0000000000,25.0000000000,-11.0178201886,-1.0000000000,1.0768545131
0.8010000000,1.0471975512,1.0730576347,-3.8894486264,-1.5626473695,-1.2409214221,25.0000000000,25.0000000000,-11.0218676315,-1.0000000000,1.0737865515
0.8020000000,1.0471975512,1.0684455261,-5.0237758160,-1.4452449966,-1.0680052485,25.0000000000,25.0000000000,-11.0277377502,-1.0000000000,1.0691846092
0.8030000000,1.0471975512,1.0628119645,-5.9760180914,-1.2975793057,-0.8817986052,25.0000000000,25.0000000000,-11.0351210347,-0.7655792708,1.0630486860
0.8040000000,1.0471975512,1.0563564470,-6.7128778151,-0.6614339184,-0.6452160579,25.0000000000,25.0000000000,-8.4648582101,-0.4288503758,1.0569127629
0.8050000000,1.0471975512,1.0493376796,-7.1592348629,0.0275414505,-0.3157153294,25.0000000000,25.0000000000,-4.7602391712,-0.0786906220,1.0492428589
0.8060000000,1.0471975512,1.0421351381,-7.1678999684,0.2591685800,0.1682809498,25.0000000000,25.0000000000,-0.8734659040,0.2715870459,1.0415729550
0.8070000000,1.0471975512,1.0352082267,-6.7426144507,0.7189080622,0.5410798462,25.0000000000,25.0000000000,2.9786708059,0.6118664509,1.0354370318
0.8080000000,1.0471975512,1.0289023673,-6.0050998303,1.4623712437,0.8520553694,25.0000000000,25.0000000000,6.7185990426,0.9350703928,1.0293011087
0.8090000000,1.0471975512,1.0235275721,-4.9588509364,2.0361638187,1.1574474723,25.0000000000,25.0000000000,10.2774731691,1.0000000000,1.0231651855
0.8100000000,1.0471975512,1.0193705865,-3.6482613277,1.9671722625,1.3901448093,25.0000000000,25.0000000000,11.0016413869,1.0000000000,1.0200972239
0.8110000000,1.0471975512,1.0166373044,-2.1699251620,1.8027314758,1.5182628623,25.0000000000,25.0000000000,11.0098634262,1.0000000000,1.0170292624
0.8120000000,1.0471975512,1.0154316420,-0.6243468572,1.7292731302,1.5512726182,25.0000000000,25.0000000000,11.0135363435,1.0000000000,1.0154952816
0.8130000000,1.0471975512,1.0157673791,0.9053813114,1.6958908576,1.5085271379,25.0000000000,25.0000000000,11.0152054571,1.0000000000,1.0154952816
0.8140000000,1.0471975512,1.0175871606,2.3551018795,1.6528709638,1.4083029397,25.0000000000,25.0000000000,11.0173564518,1.0000000000,1.0170292624
0.8150000000,1.0471975512,1.0207801886,3.6775188922,1.5776716287,1.2666225800,25.0000000000,25.0000000000,11.0211164186,1.0000000000,1.0200972239
0.8160000000,1.0471975512,1.0251977399,4.8400836032,1.4660967748,1.0975039722,25.0000000000,25.0000000000,11.0266951613,1.0000000000,1.0246991663
0.8170000000,1.0471975512,1.0306667325,5.8231273449,1.3231480005,0.9131580783,25.0000000000,25.0000000000,11.0338426000,0.8262818205,1.0308350895
0.8180000000,1.0471975512,1.0369923219,6.5984608384,0.8112055804,0.6890287699,25.0000000000,25.0000000000,9.1311679286,0.4910324793,1.0369710126
0.8190000000,1.0471975512,1.0439317952,7.1057746618,0.0525135345,0.3909937311,25.0000000000,25.0000000000,5.4478348431,0.1397039436,1.0446409166
0.8200000000,1.0471975512,1.0511334334,7.1996288996,-0.2420709165,-0.0804332223,25.0000000000,25.0000000000,1.5507137739,-0.2138653389,1.0507768397
0.8210000000,1.0471975512,1.0581338917,6.8357675712,-0.5912112318,-0.4893762181,25.0000000000,25.0000000000,-2.3443447003,-0.5590263329,1.0584467436
0.8220000000,1.0471975512,1.0645652208,6.1499281809,-1.3477922694,-0.8005257035,25.0000000000,25.0000000000,-6.1378026813,-0.8882006573,1.0645826668
0.8230000000,1.0471975512,1.0701161892,5.1533453345,-1.9601974820,-1.1093325505,25.0000000000,25.0000000000,-9.7610174219,-1.0000000000,1.0707185899
0.8240000000,1.0471975512,1.0744935450,3.8820716685,-2.0008006086,-1.3572688887,25.0000000000,25.0000000000,-10.9999599696,-1.0000000000,1.0737865515
0.8250000000,1.0471975512,1.0774755394,2.4253869630,-1.8249505680,-1.5031095448,25.0000000000,25.0000000000,-11.0087524716,-1.0000000000,1.0768545131
0.8260000000,1.0471975512,1.0789412966,0.8854182683,-1.7376705972,-1.5509662044,25.0000000000,25.0000000000,-11.0131164701,-1.0000000000,1.0783884939
0.8270000000,1.0471975512,1.0788630277,-0.6514694445,-1.7012457401,-1.5197736927,25.0000000000,25.0000000000,-11.0149377130,-1.0000000000,1.0783884939
0.8280000000,1.0471975512,1.0772872759,-2.1180350985,-1.6618501519,-1.4281646166,25.0000000000,25.0000000000,-11.0169074924,-1.0000000000,1.0768545131
0.8290000000,1.0471975512,1.0743168697,-3.4642823792,-1.5926617764,-1.2925343353,25.0000000000,25.0000000000,-11.0203669112,-1.0000000000,1.0737865515
0.8300000000,1.0471975512,1.0700950476,-4.6553013265,-1.4870457004,-1.1272221019,25.0000000000,25.0000000000,-11.0256477150,-1.0000000000,1.0707185899
0.8310000000,1.0471975512,1.0647915761,-5.6693669193,-1.3488798226,-0.9447374624,25.0000000000,25.0000000000,-11.0325560089,-0.8757084815,1.0645826668
0.8320000000,1.0471975512,1.0585972447,-6.4821155452,-0.9386894274,-0.7307812567,25.0000000000,25.0000000000,-9.6734296728,-0.5419122789,1.0584467436
0.8330000000,1.0471975512,1.0517440372,-7.0396297591,-0.1520852579,-0.4482920364,25.0000000000,25.0000000000,-6.0076220332,-0.1893800080,1.0523108205
0.8340000000,1.0471975512,1.0445649056,-7.2051542918,0.2165181169,0.0040774815,25.0000000000,25.0000000000,-2.1021180883,0.1675218898,1.0446409166
0.8350000000,1.0471975512,1.0375187110,-6.9007490067,0.4978738985,0.4410630896,25.0000000000,25.0000000000,1.8345992814,0.5000316816,1.0369710126
0.8360000000,1.0471975512,1.0309918106,-6.2641416240,1.2205694455,0.7504045345,25.0000000000,25.0000000000,5.4893231938,0.8352243098,1.0308350895
0.8370000000,1.0471975512,1.0252951277,-5.3178819849,1.8714158707,1.0593536440,25.0000000000,25.0000000000,9.1774190451,1.0000000000,1.0246991663
0.8380000000,1.0471975512,1.0207256412,-4.0888173647,2.0376819489,1.3211117110,25.0000000000,25.0000000000,10.9981159026,1.0000000000,1.0200972239
0.8390000000,1.0471975512,1.0175197899,-2.6573642981,1.8495245634,1.4842508047,25.0000000000,25.0000000000,11.0075237718,1.0000000000,1.0170292624
0.8400000000,1.0471975512,1.0158150493,-1.1268181403,1.7458311837,1.5468040258,25.0000000000,25.0000000000,11.0127084408,1.0000000000,1.0154952816
0.8410000000,1.0471975512,1.0156531035,0.4133624015,1.7045835629,1.5271638581,25.0000000000,25.0000000000,11.0147708219,1.0000000000,1.0154952816
0.8420000000,1.0471975512,1.0169982533,1.8929874331,1.6678606337,1.4442983348,25.0000000000,25.0000000000,11.0166069683,1.0000000000,1.0170292624
0.8430000000,1.0471975512,1.0197557964,3.2594803618,1.6042799802,1.3149604844,25.0000000000,25.0000000000,11.0197860010,1.0000000000,1.0200972239
0.8440000000,1.0471975512,1.0237882450,4.4756707190,1.5045589384,1.1537890051,25.0000000000,25.0000000000,11.0247720531,1.0000000000,1.0231651855
0.8450000000,1.0471975512,1.0289294995,5.5178531550,1.3713250071,0.9735661789,25.0000000000,25.0000000000,11.0314337496,0.9316699164,1.0293011087
0.8460000000,1.0471975512,1.0349935817,6.3662779793,1.0762002849,0.7715405849,25.0000000000,25.0000000000,10.2877260582,0.6001077412,1.0354370318
0.8470000000,1.0471975512,1.0417606371,6.9728317590,0.2708372485,0.5018191207,25.0000000000,25.0000000000,6.6476540647,0.2471959894,1.0415729550
0.8480000000,1.0471975512,1.0489168617,7.2112684810,-0.1825189870,0.0758191994,25.0000000000,25.0000000000,2.7438754825,-0.1122156291,1.0492428589
0.8490000000,1.0471975512,1.0560141900,6.9723143792,-0.3928989218,-0.3929202668,25.0000000000,25.0000000000,-1.2259485366,-0.4488647124,1.0553787821
0.8500000000,1.0471975512,1.0626426887,6.3838276078,-1.1045344046,-0.7020872166,25.0000000000,25.0000000000,-4.9271715875,-0.7893489392,1.0630486860
0.8510000000,1.0471975512,1.0684888452,5.4849328309,-1.7915577190,-1.0129675738,25.0000000000,25.0000000000,-8.6721953393,-1.0000000000,1.0691846092
0.8520000000,1.0471975512,1.0732506815,4.2944595259,-2.0671849538,-1.2883710969,25.0000000000,25.0000000000,-10.9966407523,-1.0000000000,1.0737865515
0.8530000000,1.0471975512,1.0766774285,2.8853811527,-1.8690691341,-1.4679031387,25.0000000000,25.0000000000,-11.0065465433,-1.0000000000,1.0768545131
0.8540000000,1.0471975512,1.0786158916,1.3622782989,-1.7521303791,-1.5443220537,25.0000000000,25.0000000000,-11.0123934810,-1.0000000000,1.0783884939
0.8550000000,1.0471975512,1.0790112809,-0.1824438132,-1.7077377408,-1.5355624414,25.0000000000,25.0000000000,-11.0146131130,-1.0000000000,1.0783884939
0.8560000000,1.0471975512,1.0778890902,-1.6757899248,-1.6742706058,-1.4609001996,25.0000000000,25.0000000000,-11.0162864697,-1.0000000000,1.0783884939
0.8570000000,1.0471975512,1.0753364090,-3.0627170187,-1.6163194140,-1.3374193001,25.0000000000,25.0000000000,-11.0191840293,-1.0000000000,1.0753205323
0.8580000000,1.0471975512,1.0714853879,-4.3038886012,-1.5222797747,-1.1800425515,25.0000000000,25.0000000000,-11.0238860113,-1.0000000000,1.0707185899
0.8590000000,1.0471975512,1.0664987852,-5.3737025829,-1.3936953459,-1.0018160624,25.0000000000,25.0000000000,-11.0303152327,-0.9750753338,1.0661166476
0.8600000000,1.0471975512,1.0605586781,-6.2556803908,-1.1883292550,-0.8089988673,25.0000000000,25.0000000000,-10.7639197428,-0.6453420834,1.0599807244
0.8610000000,1.0471975512,1.0538756127,-6.9059678447,-0.3688184498,-0.5489214934,25.0000000000,25.0000000000,-7.1448562035,-0.3093505991,1.0538448013
0.8620000000,1.0471975512,1.0467456678,-7.2127250672,0.1360583383,-0.1533187268,25.0000000000,25.0000000000,-3.4337916503,0.0527315310,1.0461748973
0.8630000000,1.0471975512,1.0395986738,-7.0459398436,0.3111061828,0.3443168076,25.0000000000,25.0000000000,0.5697646845,0.4111566327,1.0400389742
0.8640000000,1.0471975512,1.0328674925,-6.5035471868,1.0152204656,0.6571874845,25.0000000000,25.0000000000,4.5130775993,0.7393280231,1.0323690702
0.8650000000,1.0471975512,1.0268740635,-5.6485720205,1.6949479781,0.9695487378,25.0000000000,25.0000000000,8.1217936570,1.0000000000,1.0262331471
0.8660000000,1.0471975512,1.0219247278,-4.4945287955,2.0908386061,1.2573864058,25.0000000000,25.0000000000,10.9954580697,1.0000000000,1.0216312047
0.8670000000,1.0471975512,1.0182834965,-3.1065752968,1.8869336743,1.4525379850,25.0000000000,25.0000000000,11.0056533163,1.0000000000,1.0185632432
0.8680000000,1.0471975512,1.0161185645,-1.5902929959,1.7582026712,1.5422670503,25.0000000000,25.0000000000,11.0120898664,1.0000000000,1.0154952816
0.8690000000,1.0471975512,1.0154973053,-0.0408757694,1.7110219929,1.5439641067,25.0000000000,25.0000000000,11.0144489004,1.0000000000,1.0154952816
0.8700000000,1.0471975512,1.0164040305,1.4659831745,1.6807430393,1.4771778553,25.0000000000,25.0000000000,11.0159628480,1.0000000000,1.0170292624
0.8710000000,1.0471975512,1.0187589563,2.8728601906,1.6282125169,1.3593072746,25.0000000000,25.0000000000,11.0185893742,1.0000000000,1.0185632432
0.8720000000,1.0471975512,1.0224350410,4.1383272914,1.5396245560,1.2055498873,25.0000000000,25.0000000000,11.0230187722,1.0000000000,1.0231651855
0.8730000000,1.0471975512,1.0272727078,5.2349520622,1.4154888990,1.0292079361,25.0000000000,25.0000000000,11.0292255551,1.0000000000,1.0277671279
0.8740000000,1.0471975512,1.0330927068,6.1474971829,1.2628816066,0.8418186697,25.0000000000,25.0000000000,11.0368559197,0.7007005401,1.0323690702
0.8750000000,1.0471975512,1.0396914046,6.8373427705,0.4944676707,0.5928483505,25.0000000000,25.0000000000,7.7530526115,0.3464234726,1.0400389742
0.8760000000,1.0471975512,1.0467888376,7.2036505358,-0.1174204334,0.2171196010,25.0000000000,25.0000000000,3.8453005457,-0.0007203543,1.0461748973
0.8770000000,1.0471975512,1.0539685178,7.1036728650,-0.2775150534,-0.2792377360,25.0000000000,25.0000000000,-0.0000000000,-0.3632494282,1.0538448013
0.8780000000,1.0471975512,1.0607860841,6.6069839955,-0.9140777357,-0.6117890150,25.0000000000,25.0000000000,-3.9863647666,-0.6965450949,1.0615147052
0.8790000000,1.0471975512,1.0669108964,5.7964604432,-1.6184020803,-0.9259564048,25.0000000000,25.0000000000,-7.6507304489,-0.9941300837,1.0676506284
0.8800000000,1.0471975512,1.0720323207,4.6795813404,-2.1041836304,-1.2250503453,25.0000000000,25.0000000000,-10.9296347478,-1.0000000000,1.0722525707
0.8810000000,1.0471975512,1.0758741686,3.3146628791,-1.9059849583,-1.4350769232,25.0000000000,25.0000000000,-11.0047007521,-1.0000000000,1.0753205323
0.8820000000,1.0471975512,1.0782538231,1.8073867931,-1.7654133095,-1.5380046054,25.0000000000,25.0000000000,-11.0117293345,-1.0000000000,1.0783884939
0.8830000000,1.0471975512,1.0790914044,0.2554652831,-1.7140840282,-1.5501947686,25.0000000000,25.0000000000,-11.0142957986,-1.0000000000,1.0783884939
0.8840000000,1.0471975512,1.0783927437,-1.2627932243,-1.6860551494,-1.4913834639,25.0000000000,25.0000000000,-11.0156972425,-1.0000000000,1.0783884939
0.8850000000,1.0471975512,1.0762302078,-2.6876372532,-1.6384806644,-1.3792716283,25.0000000000,25.0000000000,-11.0180759668,-1.0000000000,1.0768545131
0.8860000000,1.0471975512,1.0727255706,-3.9755925706,-1.5551881690,-1.2293244466,25.0000000000,25.0000000000,-11.0222405916,-1.0000000000,1.0722525707
0.8870000000,1.0471975512,1.0680350278,-5.0974326953,-1.4355266327,-1.0550900587,25.0000000000,25.0000000000,-11.0282236684,-1.0000000000,1.0676506284
0.8880000000,1.0471975512,1.0623360908,-6.0363692324,-1.2861141582,-0.8683484538,25.0000000000,25.0000000000,-11.0356942921,-0.7419156592,1.0630486860
0.8890000000,1.0471975512,1.0558298756,-6.7571336077,-0.6016958279,-0.6271175958,25.0000000000,25.0000000000,-8.2051790253,-0.4049633228,1.0553787821
0.8900000000,1.0471975512,1.0487819111,-7.1773814849,0.0535202347,-0.2841571078,25.0000000000,25.0000000000,-4.4950928829,-0.0556339310,1.0492428589
0.8910000000,1.0471975512,1.0415824723,-7.1518015347,0.2647393088,0.2030716568,25.0000000000,25.0000000000,-0.6175366335,0.3105648852,1.0415729550
0.8920000000,1.0471975512,1.0346890199,-6.6995126782,0.7960208907,0.5671940999,25.0000000000,25.0000000000,3.4074691816,0.6485848897,1.0354370318
0.8930000000,1.0471975512,1.0284435629,-5.9339818620,1.5265064485,0.8810203243,25.0000000000,25.0000000000,7.1229669533,0.9515562811,1.0277671279
0.8940000000,1.0471975512,1.0231573317,-4.8603103514,2.0447996108,1.1832739796,25.0000000000,25.0000000000,10.4600347392,1.0000000000,1.0231651855
0.8950000000,1.0471975512,1.0191124504,-3.5291927718,1.9427836060,1.4070958444,25.0000000000,25.0000000000,11.0028608197,1.0000000000,1.0185632432
0.8960000000,1.0471975512,1.0165058547,-2.0398091665,1.7896969767,1.5259364467,25.0000000000,25.0000000000,11.0105151512,1.0000000000,1.0170292624
0.8970000000,1.0471975512,1.0154326223,-0.4914499888,1.7245720450,1.5513447493,25.0000000000,25.0000000000,11.0137713978,1.0000000000,1.0154952816
0.8980000000,1.0471975512,1.0158993704,1.0345522033,1.6930238033,1.5027247200,25.0000000000,25.0000000000,11.0153488098,1.0000000000,1.0154952816
0.8990000000,1.0471975512,1.0178432490,2.4756307707,1.6482192381,1.3981319796,25.0000000000,25.0000000000,11.0175890381,1.0000000000,1.0185632432
0.9000000000,1.0471975512,1.0211494206,3.7858678900,1.5699777017,1.2533897803,25.0000000000,25.0000000000,11.0215011149,1.0000000000,1.0216312047
0.9010000000,1.0471975512,1.0256663876,4.9339160656,1.4553824005,1.0823501350,25.0000000000,25.0000000000,11.0272308800,1.0000000000,1.0262331471
0.9020000000,1.0471975512,1.0312193964,5.9011516043,1.3100125079,0.8970713710,25.0000000000,25.0000000000,11.0344993746,0.7981510497,1.0308350895
0.9030000000,1.0471975512,1.0376113952,6.6570999397,0.7403652232,0.6671772329,25.0000000000,25.0000000000,8.8224583908,0.4621652000,1.0369710126
0.9040000000,1.0471975512,1.0445927912,7.1355572776,0.0105771354,0.3553634427,25.0000000000,25.0000000000,5.1295048631,0.0938805854,1.0446409166
0.9050000000,1.0471975512,1.0517962445,7.1828095787,-0.2689387777,-0.1321613406,25.0000000000,25.0000000000,1.0420744980,-0.2579819611,1.0523108205
0.9060000000,1.0471975512,1.0587557357,6.7840349959,-0.6898953577,-0.5181544060,25.0000000000,25.0000000000,-2.8291050001,-0.6006261146,1.0584467436
0.9070000000,1.0471975512,1.0651162358,6.0672322811,-1.4334347131,-0.8326650473,25.0000000000,25.0000000000,-6.5952781364,-0.9091524072,1.0645826668
0.9080000000,1.0471975512,1.0705649410,5.0397952864,-1.9822571600,-1.1386898732,25.0000000000,25.0000000000,-9.9924788618,-1.0000000000,1.0707185899
0.9090000000,1.0471975512,1.0748132031,3.7449621313,-1.9760711717,-1.3768191413,25.0000000000,25.0000000000,-11.0011964414,-1.0000000000,1.0753205323
0.9100000000,1.0471975512,1.0776492614,2.2754609677,-1.8109820331,-1.5120605505,25.0000000000,25.0000000000,-11.0094508983,-1.0000000000,1.0783884939
0.9110000000,1.0471975512,1.0789623545,0.7321736346,-1.7326643906,-1.5511617623,25.0000000000,25.0000000000,-11.0133667805,-1.0000000000,1.0783884939
0.9120000000,1.0471975512,1.0787329492,-0.8005217718,-1.6981580518,-1.5131806309,25.0000000000,25.0000000000,-11.0150920974,-1.0000000000,1.0783884939
0.9130000000,1.0471975512,1.0770139410,-2.2572070569,-1.6566310542,-1.4165130934,25.0000000000,25.0000000000,-11.0171684473,-1.0000000000,1.0768545131
0.9140000000,1.0471975512,1.0739128379,-3.5894725687,-1.5838958533,-1.2773302780,25.0000000000,25.0000000000,-11.0208052073,-1.0000000000,1.0737865515
0.9150000000,1.0471975512,1.0695760990,-4.7637941036,-1.4747687859,-1.1097821950,25.0000000000,25.0000000000,-11.0262615607,-1.0000000000,1.0691846092
0.9160000000,1.0471975512,1.0641754386,-5.7596534576,-1.3337873913,-0.9262033166,25.0000000000,25.0000000000,-11.0333106304,-0.8432896278,1.0645826668
0.9170000000,1.0471975512,1.0579042082,-6.5500564446,-0.8570740223,-0.7055875408,25.0000000000,25.0000000000,-9.3176611673,-0.5086227135,1.0584467436
0.9180000000,1.0471975512,1.0510012152,-7.0774905373,-0.0846336211,-0.4148337786,25.0000000000,25.0000000000,-5.6414804391,-0.1567872936,1.0507768397
0.9190000000,1.0471975512,1.0438107193,-7.1992429780,0.2346292253,0.0513852668,25.0000000000,25.0000000000,-1.7403389587,0.1981639859,1.0431069358
0.9200000000,1.0471975512,1.0367960697,-6.8571206041,0.5563264190,0.4706708946,25.0000000000,25.0000000000,2.1718039230,0.5453632112,1.0369710126
0.9210000000,1.0471975512,1.0303319995,-6.1893681523,1.3161789485,0.7828568424,25.0000000000,25.0000000000,5.9877226967,0.8594470872,1.0308350895
0.9220000000,1.0471975512,1.0247302081,-5.2112222362,1.9045802071,1.0901951435,25.0000000000,25.0000000000,9.4446336581,1.0000000000,1.0246991663
0.9230000000,1.0471975512,1.0202840135,-3.9568305605,2.0139941361,1.3424860563,25.0000000000,25.0000000000,10.9993002932,1.0000000000,1.0200972239
0.9240000000,1.0471975512,1.0172200849,-2.5108057533,1.8357609837,1.4948936105,25.0000000000,25.0000000000,11.0082119508,1.0000000000,1.0170292624
0.9250000000,1.0471975512,1.0156656313,-0.9753843925,1.7415076717,1.5484714061,25.0000000000,25.0000000000,11.0129246164,1.0000000000,1.0154952816
0.9260000000,1.0471975512,1.0156538584,0.5619304476,1.7025216715,1.5218099854,25.0000000000,25.0000000000,11.0148739164,1.0000000000,1.0154952816
0.9270000000,1.0471975512,1.0171424822,2.0327692931,1.6637623586,1.4336544703,25.0000000000,25.0000000000,11.0168118821,1.0000000000,1.0170292624
0.9280000000,1.0471975512,1.0200318910,3.3861465933,1.5965697746,1.3005387306,25.0000000000,25.0000000000,11.0201715113,1.0000000000,1.0200972239
0.9290000000,1.0471975512,1.0241811537,4.5862869151,1.4931901340,1.1369172475,25.0000000000,25.0000000000,11.0253404933,1.0000000000,1.0246991663
0.9300000000,1.0471975512,1.0294220127,5.6107061526,1.3569579738,0.9554023474,25.0000000000,25.0000000000,11.0321521013,0.9000200437,1.0293011087
0.9310000000,1.0471975512,1.0355657758,6.4371301053,0.9966525788,0.7466950544,25.0000000000,25.0000000000,9.9403898561,0.5672581608,1.0354370318
0.9320000000,1.0471975512,1.0423858135,7.0142382261,0.2020139274,0.4698932373,25.0000000000,25.0000000000,6.2864648884,0.2147533780,1.0431069358
0.9330000000,1.0471975512,1.0495575553,7.2097386189,-0.2022369892,0.0289621971,25.0000000000,25.0000000000,2.3837624953,-0.1429518157,1.0492428589
0.9340000000,1.0471975512,1.0566268560,6.9320729842,-0.4509943299,-0.4217969559,25.0000000000,25.0000000000,-1.5642154382,-0.4944866131,1.0569127629
0.9350000000,1.0471975512,1.0631963741,6.3131359423,-1.2041696943,-0.7339904304,25.0000000000,25.0000000000,-5.4285929208,-0.8140109968,1.0630486860
0.9360000000,1.0471975512,1.0689519160,5.3826086748,-1.8277799475,-1.0437286424,25.0000000000,25.0000000000,-8.9441330673,-1.0000000000,1.0691846092
0.9370000000,1.0471975512,1.0735947444,4.1666928553,-2.0443758852,-1.3099541051,25.0000000000,25.0000000000,-10.9977812057,-1.0000000000,1.0737865515
0.9380000000,1.0471975512,1.0768836036,2.7427277182,-1.8556977571,-1.4789145367,25.0000000000,25.0000000000,-11.0072151121,-1.0000000000,1.0768545131
0.9390000000,1.0471975512,1.0786754213,1.2143166767,-1.7481545354,-1.5464549496,25.0000000000,25.0000000000,-11.0125922732,-1.0000000000,1.0783884939
0.9400000000,1.0471975512,1.0789237995,-0.3280423942,-1.7060794430,-1.5307289500,25.0000000000,25.0000000000,-11.0146960278,-1.0000000000,1.0783884939
0.9410000000,1.0471975512,1.0776607705,-1.8131387390,-1.6706375679,-1.4507986776,25.0000000000,25.0000000000,-11.0164681216,-1.0000000000,1.0783884939
0.9420000000,1.0471975512,1.0749783177,-3.1874914188,-1.6091163335,-1.3235350808,25.0000000000,25.0000000000,-11.0195441833,-1.0000000000,1.0753205323
0.9430000000,1.0471975512,1.0710120455,-4.4131355771,-1.5114352178,-1.1636820927,25.0000000000,25.0000000000,-11.0244282391,-1.0000000000,1.0707185899
0.9440000000,1.0471975512,1.0659269005,-5.4656721019,-1.3798463761,-0.9841208909,25.0000000000,25.0000000000,-11.0310076812,-0.9442846274,1.0661166476
0.9450000000,1.0471975512,1.0599076741,-6.3261815869,-1.1109867405,-0.7847408313,25.0000000000,25.0000000000,-10.4260100267,-0.6132623618,1.0599807244
0.9460000000,1.0471975512,1.0531715687,-6.9476910364,-0.3015944974,-0.5177030597,25.0000000000,25.0000000000,-6.7921324911,-0.2775717236,1.0538448013
0.9470000000,1.0471975512,1.0460252426,-7.2124088628,0.1554528172,-0.1074091681,25.0000000000,25.0000000000,-3.0810461316,0.0829190618,1.0461748973
0.9480000000,1.0471975512,1.0389067604,-7.0030437925,0.3489370317,0.3741942874,25.0000000000,25.0000000000,0.9029547342,0.4387691794,1.0385049934
0.9490000000,1.0471975512,1.0322363980,-6.4321135871,1.0785423881,0.6853418286,25.0000000000,25.0000000000,4.8164107715,0.7636732270,1.0323690702
0.9500000000,1.0471975512,1.0263314879,-5.5500654316,1.7405777354,0.9957886217,25.0000000000,25.0000000000,8.3897439325,1.0000000000,1.0262331471
0.9510000000,1.0471975512,1.0214948674,-4.3743781943,2.0778393500,1.2756641389,25.0000000000,25.0000000000,10.9961080325,1.0000000000,1.0216312047
0.9520000000,1.0471975512,1.0179822467,-2.9740424534,1.8783477183,1.4614970675,25.0000000000,25.0000000000,11.0060826141,1.0000000000,1.0185632432
0.9530000000,1.0471975512,1.0159528838,-1.4538604612,1.7558553952,1.5433458468,25.0000000000,25.0000000000,11.0122072302,1.0000000000,1.0154952816
0.9540000000,1.0471975512,1.0154667003,0.0926370232,1.7096831721,1.5388474592,25.0000000000,25.0000000000,11.0145158414,1.0000000000,1.0154952816
0.9550000000,1.0471975512,1.0165021960,1.5913467203,1.6771405060,1.4673874465,25.0000000000,25.0000000000,11.0161429747,1.0000000000,1.0170292624
0.9560000000,1.0471975512,1.0189752512,2.9862524876,1.6212012904,1.3461849955,25.0000000000,25.0000000000,11.0189399355,1.0000000000,1.0185632432
0.9570000000,1.0471975512,1.0227557903,4.2371679647,1.5292829349,1.1902791565,25.0000000000,25.0000000000,11.0235358533,1.0000000000,1.0231651855
0.9580000000,1.0471975512,1.0276823488,5.3177501349,1.4024616138,1.0128219929,25.0000000000,25.0000000000,11.0298769193,1.0000000000,1.0277671279
0.9590000000,1.0471975512,1.0335747845,6.2137007125,1.2480162824,0.8251996835,25.0000000000,25.0000000000,11.0375991859,0.6710861132,1.0339030510
0.9600000000,1.0471975512,1.0402278512,6.8838392511,0.4195846705,0.5707566857,25.0000000000,25.0000000000,7.4280766234,0.3172506550,1.0400389742
0.9610000000,1.0471975512,1.0473509794,7.2149758084,-0.1399422069,0.1769785311,25.0000000000,25.0000000000,3.5214822704,-0.0283005632,1.0477088781
0.9620000000,1.0471975512,1.0545161090,7.0736092020,-0.2826685983,-0.3204527976,25.0000000000,25.0000000000,-0.3000028217,-0.3883658395,1.0538448013
0.9630000000,1.0471975512,1.0612876117,6.5514884605,-0.9717320136,-0.6368087463,25.0000000000,25.0000000000,-4.2622742181,-0.7185912607,1.0615147052
0.9640000000,1.0471975512,1.0673416335,5.7166717160,-1.6629295670,-0.9496787194,25.0000000000,25.0000000000,-7.8932165159,-1.0000000000,1.0676506284
0.9650000000,1.0471975512,1.0723699634,4.5792653787,-2.1064314364,-1.2432183117,25.0000000000,25.0000000000,-10.9946784282,-1.0000000000,1.0722525707
0.9660000000,1.0471975512,1.0761025730,3.2010753536,-1.8970940674,-1.4453364597,25.0000000000,25.0000000000,-11.0051452966,-1.0000000000,1.0768545131
0.9670000000,1.0471975512,1.0783645901,1.6882139697,-1.7617484882,-1.5409508614,25.0000000000,25.0000000000,-11.0119125756,-1.0000000000,1.0783884939
0.9680000000,1.0471975512,1.0790830813,0.1371373167,-1.7126610110,-1.5472568596,25.0000000000,25.0000000000,-11.0143669495,-1.0000000000,1.0783884939
0.9690000000,1.0471975512,1.0782694121,-1.3752679115,-1.6834656106,-1.4839441466,25.0000000000,25.0000000000,-11.0158267195,-1.0000000000,1.0783884939
0.9700000000,1.0471975512,1.0760001419,-2.7905363718,-1.6331747117,-1.3685582824,25.0000000000,25.0000000000,-11.0183412644,-1.0000000000,1.0753205323
0.9710000000,1.0471975512,1.0724000458,-4.0663292606,-1.5469264460,-1.2164193388,25.0000000000,25.0000000000,-11.0226536777,-1.0000000000,1.0722525707
0.9720000000,1.0471975512,1.0676272726,-5.1744179981,-1.4247348426,-1.0409411290,25.0000000000,25.0000000000,-11.0287632579,-1.0000000000,1.0676506284
0.9730000000,1.0471975512,1.0618603713,-6.0988792365,-1.2734881857,-0.8537708611,25.0000000000,25.0000000000,-11.0363255907,-0.7160805062,1.0615147052
0.9740000000,1.0471975512,1.0553020791,-6.8022557891,-0.5364837435,-0.6075852690,25.0000000000,25.0000000000,-7.9216694315,-0.3791570965,1.0553787821
0.9750000000,1.0471975512,1.0482252357,-7.1943440855,0.0814736163,-0.2501412591,25.0000000000,25.0000000000,-4.2086437715,-0.0133613224,1.0477088781
0.9760000000,1.0471975512,1.0410344676,-7.1262469111,0.2884299525,0.2497963203,25.0000000000,25.0000000000,-0.1483106787,0.3333097858,1.0415729550
0.9770000000,1.0471975512,1.0341821565,-6.6491809244,0.8485854044,0.5915751491,25.0000000000,25.0000000000,3.6573093519,0.6687792058,1.0339030510
0.9780000000,1.0471975512,1.0280018823,-5.8600893050,1.5661178279,0.9039443000,25.0000000000,25.0000000000,7.3451432935,0.9863946830,1.0277671279
0.9790000000,1.0471975512,1.0228039334,-4.7632918972,2.1052229342,1.2067290968,25.0000000000,25.0000000000,10.8437198340,1.0000000000,1.0231651855
0.9800000000,1.0471975512,1.0188690856,-3.4123102063,1.9215626547,1.4239345957,25.0000000000,25.0000000000,11.0039218673,1.0000000000,1.0185632432
0.9810000000,1.0471975512,1.0163870591,-1.9117429799,1.7730430561,1.5338073785,25.0000000000,25.0000000000,11.0113478472,1.0000000000,1.0170292624
0.9820000000,1.0471975512,1.0154443315,-0.3604065729,1.7170110220,1.5516037983,25.0000000000,25.0000000000,11.0141494489,1.0000000000,1.0154952816
0.9830000000,1.0471975512,1.0160403461,1.1620417249,1.6886031271,1.4970883553,25.0000000000,25.0000000000,11.0155698436,1.0000000000,1.0154952816
0.9840000000,1.0471975512,1.0181067436,2.5946437762,1.6428537434,1.3881283799,25.0000000000,25.0000000000,11.0178573128,1.0000000000,1.0185632432
0.9850000000,1.0471975512,1.0215246510,3.8928755772,1.5620224330,1.2403364246,25.0000000000,25.0000000000,11.0218988784,1.0000000000,1.0216312047
0.9860000000,1.0471975512,1.0261398085,5.0265944763,1.4446385788,1.0673877925,25.0000000000,25.0000000000,11.0277680711,1.0000000000,1.0262331471
0.9870000000,1.0471975512,1.0317758016,5.9782179532,1.2969653786,0.8811827375,25.0000000000,25.0000000000,11.0351517311,0.7703726883,1.0323690702
0.9880000000,1.0471975512,1.0382333946,6.7150191985,0.6703748883,0.6455941337,25.0000000000,25.0000000000,8.5176180961,0.4336667963,1.0385049934
0.9890000000,1.0471975512,1.0452552208,7.1631871382,-0.0240927328,0.3184624625,25.0000000000,25.0000000000,4.8137014384,0.0659934977,1.0446409166
0.9900000000,1.0471975512,1.0524609729,7.1694814005,-0.2766724882,-0.1741352696,25.0000000000,25.0000000000,0.7325278243,-0.2841876826,1.0523108205
0.9910000000,1.0471975512,1.0593866029,6.7401222864,-0.7442622401,-0.5446748957,25.0000000000,25.0000000000,-3.1172701653,-0.6243491390,1.0599807244
0.9920000000,1.0471975512,1.0656868678,5.9973246966,-1.4824931430,-0.8582721755,25.0000000000,25.0000000000,-6.8561507852,-0.9474231974,1.0661166476
0.9930000000,1.0471975512,1.0710493957,4.9436820122,-2.0502241500,-1.1654318738,25.0000000000,25.0000000000,-10.4138862840,-1.0000000000,1.0707185899
0.9940000000,1.0471975512,1.0751865396,3.6258631810,-1.9537119157,-1.3965729865,25.0000000000,25.0000000000,-11.0023144042,-1.0000000000,1.0753205323
0.9950000000,1.0471975512,1.0778942179,2.1427206018,-1.7937258178,-1.5221097155,25.0000000000,25.0000000000,-11.0103137091,-1.0000000000,1.0783884939
0.9960000000,1.0471975512,1.0790709930,0.5947189200,-1.7255749720,-1.5529048157,25.0000000000,25.0000000000,-11.0137212514,-1.0000000000,1.0783884939
0.9970000000,1.0471975512,1.0787051745,-0.9355261884,-1.6946458319,-1.5084318942,25.0000000000,25.0000000000,-11.0152677084,-1.0000000000,1.0783884939
0.9980000000,1.0471975512,1.0768557401,-2.3843015228,-1.6521352285,-1.4068946238,25.0000000000,25.0000000000,-11.0173932386,-1.0000000000,1.0768545131
0.9990000000,1.0471975512,1.0736347139,-3.7046802563,-1.5765421083,-1.2642459570,25.0000000000,25.0000000000,-11.0211728946,-1.0000000000,1.0737865515
1.0000000000,1.0471975512,1.0691917130,-4.8644262106,-1.4642835185,-1.0944542806,25.0000000000,25.0000000000,-11.0267858241,-1.0000000000,1.0691846092
