time_s,target_rad,angle_rad,speed_rad_s,current_a,torque_nm,winding_c,case_c,motor_voltage_v,duty,encoder_rad
0.0010000000,0.0000000000,0.0000000000,0.0000000000,2.0421440174,0.2054186944,25.0000000000,25.0000000000,11.1000000000,1.0000000000,0.0000000000
0.0020000000,0.0000000000,0.0000000000,0.0000000000,1.6247392287,0.4769392936,25.0000000000,25.0000000000,11.1000000000,1.0000000000,0.0000000000
0.0030000000,0.0000000000,0.0000000000,0.0000000000,1.1974837205,0.7151835808,25.0000000000,25.0000000000,11.1000000000,1.0000000000,0.0000000000
0.0040000000,0.0000000000,0.0000000000,0.0000000000,1.0339089216,0.9166801061,25.0000000000,25.0000000000,11.1000000000,1.0000000000,0.0000000000
0.0050000000,0.0000000000,0.0000000000,0.0000000000,1.0454824595,1.0908334223,25.0000000000,25.0000000000,11.1000000000,1.0000000000,0.0000000000
0.0060000000,0.0000000000,0.0000000000,0.0000000000,1.1410643287,1.2449976022,25.0000000000,25.0000000000,11.1000000000,1.0000000000,0.0000000000
0.0070000000,0.0000000000,0.0000000000,0.0000000000,1.2686221663,1.3836190933,25.0000000000,25.0000000000,11.1000000000,1.0000000000,0.0000000000
0.0080000000,0.0000000000,0.0000000000,0.0000000000,1.4032320827,1.5093398966,25.0000000000,25.0000000000,11.1000000000,1.0000000000,0.0000000000
0.0090000000,0.0000000000,0.0000000000,0.0000000000,1.5341230227,1.6238555846,25.0000000000,25.0000000000,11.1000000000,1.0000000000,0.0000000000
0.0100000000,0.0000000000,0.0000000000,0.0000000000,1.6571390935,1.7283829272,25.0000000000,25.0000000000,11.1000000000,1.0000000000,0.0000000000
0.0110000000,0.0000000000,0.0000000000,0.0000000000,1.7710310598,1.8238868435,25.0000000000,25.0000000000,11.1000000000,1.0000000000,0.0000000000
0.0120000000,0.0000000000,0.0000000000,0.0000000000,1.8757648050,1.9111859628,25.0000000000,25.0000000000,11.1000000000,1.0000000000,0.0000000000
0.0130000000,0.0000000000,0.0000000000,0.0000000000,1.9717817826,1.9910018089,25.0000000000,25.0000000000,11.1000000000,1.0000000000,0.0000000000
0.0140000000,0.0000000000,0.0000000000,0.0000000000,2.0596849685,2.0639827916,25.0000000000,25.0000000000,11.1000000000,1.0000000000,0.0000000000
0.0150000000,0.0000000000,0.0000000000,0.0000000000,2.1401091729,2.1307170870,25.0000000000,25.0000000000,11.1000000000,1.0000000000,0.0000000000
0.0160000000,0.0000000000,0.0000000000,0.0000000000,2.2136696514,2.1917405672,25.0000000000,25.0000000000,11.1000000000,1.0000000000,0.0000000000
0.0170000000,0.0000000000,0.0000000000,0.0000000000,2.2809434568,2.2475424337,25.0000000000,25.0000000000,11.1000000000,1.0000000000,0.0000000000
0.0180000000,0.0000000000,0.0000000000,0.0000000000,2.3424642547,2.2985696908,25.0000000000,25.0000000000,11.1000000000,1.0000000000,0.0000000000
0.0190000000,0.0000000000,0.0000000000,0.0000000000,2.3987225282,2.3452309562,25.0000000000,25.0000000000,11.1000000000,1.0000000000,0.0000000000
0.0200000000,0.0000000000,0.0000000000,0.0000000000,2.4501678197,2.3878998278,25.0000000000,25.0000000000,11.1000000000,1.0000000000,0.0000000000
0.0210000000,0.0000000000,0.0000000000,0.0000000000,2.4972116323,2.4269179141,25.0000000000,25.0000000000,11.1000000000,1.0000000000,0.0000000000
0.0220000000,0.0000000000,0.0000000000,0.0000000000,2.5402304358,2.4625975853,25.0000000000,25.0000000000,11.1000000000,1.0000000000,0.0000000000
0.0230000000,0.0000000000,0.0000000000,0.0000000000,2.5795685613,2.4952244811,25.0000000000,25.0000000000,11.1000000000,1.0000000000,0.0000000000
0.0240000000,0.0000000000,0.0000000000,0.0000000000,2.6155409088,2.5250597999,25.0000000000,25.0000000000,11.1000000000,1.0000000000,0.0000000000
0.0250000000,0.0000000000,0.0000000000,0.0000000000,2.6484354475,2.5523423912,25.0000000000,25.0000000000,11.1000000000,1.0000000000,0.0000000000
0.0260000000,0.0000000000,0.0000000000,0.0000000000,2.6785155129,2.5772906680,25.0000000000,25.0000000000,11.1000000000,1.0000000000,0.0000000000
0.0270000000,0.0000000000,0.0000000000,0.0000000000,2.7060219114,2.6001043557,25.0000000000,25.0000000000,11.1000000000,1.0000000000,0.0000000000
0.0280000000,0.0000000000,0.0000000000,0.0000000000,2.7311748470,2.6209660910,25.0000000000,25.0000000000,11.1000000000,1.0000000000,0.0000000000
0.0290000000,0.0000000000,0.0000000000,0.0000000000,2.7541756830,2.6400428841,25.0000000000,25.0000000000,11.1000000000,1.0000000000,0.0000000000
0.0300000000,0.0000000000,0.0000000000,0.0000000000,2.7752085541,2.6574874557,25.0000000000,25.0000000000,11.1000000000,1.0000000000,0.0000000000
0.0310000000,0.0000000000,0.0000000000,0.0000000000,2.7944418407,2.6734394597,25.0000000000,25.0000000000,11.1000000000,1.0000000000,0.0000000000
0.0320000000,0.0000000000,0.0000000000,0.0000000000,2.8120295161,2.6880266009,25.0000000000,25.0000000000,11.1000000000,1.0000000000,0.0000000000
0.0330000000,0.0000000000,0.0000000000,0.0000000000,2.8281123798,2.7013656579,25.0000000000,25.0000000000,11.1000000000,1.0000000000,0.0000000000
0.0340000000,0.0000000000,0.0000000000,0.0000000000,2.8428191843,2.7135634174,25.0000000000,25.0000000000,11.1000000000,1.0000000000,0.0000000000
0.0350000000,0.0000000000,0.0000000000,0.0000000000,2.8562676661,2.7247175295,25.0000000000,25.0000000000,11.1000000000,1.0000000000,0.0000000000
0.0360000000,0.0000000000,0.0000000000,0.0000000000,2.8685654879,2.7349172894,25.0000000000,25.0000000000,11.1000000000,1.0000000000,0.0000000000
0.0370000000,0.0000000000,0.0000000000,0.0000000000,2.8798111003,2.7442443521,25.0000000000,25.0000000000,11.1000000000,1.0000000000,0.0000000000
0.0380000000,0.0000000000,0.0000000000,0.0000000000,2.8900945288,2.7527733871,25.0000000000,25.0000000000,11.1000000000,1.0000000000,0.0000000000
0.0390000000,0.0000000000,0.0000000000,0.0000000000,2.8994980905,2.7605726770,25.0000000000,25.0000000000,11.1000000000,1.0000000000,0.0000000000
0.0400000000,0.0000000000,0.0000000000,0.0000000000,2.9080970406,2.7677046700,25.0000000000,25.0000000000,11.1000000000,1.0000000000,0.0000000000
0.0410000000,0.0000000000,0.0000000000,0.0000000000,2.9159601436,2.7742264911,25.0000000000,25.0000000000,11.1000000000,1.0000000000,0.0000000000
0.0420000000,0.0000000000,0.0000000000,0.0000000000,2.9231501520,2.7801904294,25.0000000000,25.0000000000,11.1000000000,1.0000000000,0.0000000000
0.0430000000,0.0000000000,0.0000000000,0.0000000000,2.9297241636,2.7856444150,25.0000000000,25.0000000000,11.1000000000,1.0000000000,0.0000000000
0.0440000000,0.0000000000,0.0000000000,0.0000000000,2.9357338182,2.7906325122,25.0000000000,25.0000000000,11.1000000000,1.0000000000,0.0000000000
0.0450000000,0.0000000000,0.0000000000,0.0000000000,2.9412252966,2.7951954527,25.0000000000,25.0000000000,11.1000000000,1.0000000000,0.0000000000
0.0460000000,0.0000000000,0.0000000000,0.0000000000,2.9462391109,2.7993712285,25.0000000000,25.0000000000,11.1000000000,1.0000000000,0.0000000000
0.0470000000,0.0000000000,0.0000000000,0.0000000000,2.9508097434,2.8031957419,25.0000000000,25.0000000000,11.1000000000,1.0000000000,0.0000000000
0.0480000000,0.0000000000,0.0000000000,0.0000000000,2.9549653071,2.8067034679,25.0000000000,25.0000000000,11.1000000000,1.0000000000,0.0000000000
0.0490000000,0.0000000000,0.0000000000,0.0000000000,2.9587275655,2.8099280187,25.0000000000,25.0000000000,11.1000000000,1.0000000000,0.0000000000
0.0500000000,0.0000000000,0.0000000000,0.0000000000,2.9621127914,2.8129024296,25.0000000000,25.0000000000,11.1000000000,1.0000000000,0.0000000000
0.0510000000,0.0000000000,0.0000000000,0.0000000000,2.9651339229,2.8156589642,25.0000000000,25.0000000000,11.1000000000,1.0000000000,0.0000000000
0.0520000000,0.0000000000,0.0000000000,0.0000000000,2.9678040622,2.8182283432,25.0000000000,25.0000000000,11.1000000000,1.0000000000,0.0000000000
0.0530000000,0.0000000000,0.0000000000,0.0000000000,2.9701405148,2.8206385643,25.0000000000,25.0000000000,11.1000000000,1.0000000000,0.0000000000
0.0540000000,0.0000000000,0.0000000000,0.0000000000,2.9721677471,2.8229137720,25.0000000000,25.0000000000,11.1000000000,1.0000000000,0.0000000000
0.0550000000,0.0000000000,0.0000000000,0.0000000000,2.9739177200,2.8250736851,25.0000000000,25.0000000000,11.1000000000,1.0000000000,0.0000000000
0.0560000000,0.0000000000,0.0000000000,0.0000000000,2.9754273538,2.8271337909,25.0000000000,25.0000000000,11.1000000000,1.0000000000,0.0000000000
0.0570000000,0.0000000000,0.0000000000,0.0000000000,2.9767344714,2.8291060968,25.0000000000,25.0000000000,11.1000000000,1.0000000000,0.0000000000
0.0580000000,0.0000000000,0.0000000000,0.0000000000,2.9778741123,2.8310000376,25.0000000000,25.0000000000,11.1000000000,1.0000000000,0.0000000000
0.0590000000,0.0000000000,0.0000000000,0.0000000000,2.9788763846,2.8328232401,25.0000000000,25.0000000000,11.1000000000,1.0000000000,0.0000000000
0.0600000000,0.0000000000,0.0000000000,0.0000000000,2.9797659156,2.8345820505,25.0000000000,25.0000000000,11.1000000000,1.0000000000,0.0000000000
0.0610000000,0.0000000000,0.0000000000,0.0000000000,2.9805623279,2.8362818652,25.0000000000,25.0000000000,11.1000000000,1.0000000000,0.0000000000
0.0620000000,0.0000000000,0.0000000000,0.0000000000,2.9812811174,2.8379273384,25.0000000000,25.0000000000,11.1000000000,1.0000000000,0.0000000000
0.0630000000,0.0000000000,0.0000000000,0.0000000000,2.9819345469,2.8395225230,25.0000000000,25.0000000000,11.1000000000,1.0000000000,0.0000000000
0.0640000000,0.0000000000,0.0000000000,0.0000000000,2.9825323943,2.8410709733,25.0000000000,25.0000000000,11.1000000000,1.0000000000,0.0000000000
0.0650000000,0.0000000000,0.0000000000,0.0000000000,2.9830825340,2.8425758262,25.0000000000,25.0000000000,11.1000000000,1.0000000000,0.0000000000
0.0660000000,0.0000000000,0.0000000000,0.0000000000,2.9835913721,2.8440398653,25.0000000000,25.0000000000,11.1000000000,1.0000000000,0.0000000000
0.0670000000,0.0000000000,0.0000000000,0.0000000000,2.9840641727,2.8454655736,25.0000000000,25.0000000000,11.1000000000,1.0000000000,0.0000000000
0.0680000000,0.0000000000,0.0000000000,0.0000000000,2.9845053024,2.8468551770,25.0000000000,25.0000000000,11.1000000000,1.0000000000,0.0000000000
0.0690000000,0.0000000000,0.0000000000,0.0000000000,2.9849184150,2.8482106796,25.0000000000,25.0000000000,11.1000000000,1.0000000000,0.0000000000
0.0700000000,0.0000000000,0.0000000000,0.0000000000,2.9853065933,2.8495338940,25.0000000000,25.0000000000,11.1000000000,1.0000000000,0.0000000000
0.0710000000,0.0000000000,0.0000000000,0.0000000000,2.9856724576,2.8508264657,25.0000000000,25.0000000000,11.1000000000,1.0000000000,0.0000000000
0.0720000000,0.0000000000,0.0000000000,0.0000000000,2.9860182515,2.8520898942,25.0000000000,25.0000000000,11.1000000000,1.0000000000,0.0000000000
0.0730000000,0.0000000000,0.0000000000,0.0000000000,2.9863459080,2.8533255509,25.0000000000,25.0000000000,11.1000000000,1.0000000000,0.0000000000
0.0740000000,0.0000000000,0.0000000000,0.0000000000,2.9866571030,2.8545346941,25.0000000000,25.0000000000,11.1000000000,1.0000000000,0.0000000000
0.0750000000,0.0000000000,0.0000000000,0.0000000000,2.9869532975,2.8557184820,25.0000000000,25.0000000000,11.1000000000,1.0000000000,0.0000000000
0.0760000000,0.0000000000,0.0000000000,0.0000000000,2.9872357720,2.8568779835,25.0000000000,25.0000000000,11.1000000000,1.0000000000,0.0000000000
0.0770000000,0.0000000000,0.0000000000,0.0000000000,2.9875056542,2.8580141882,25.0000000000,25.0000000000,11.1000000000,1.0000000000,0.0000000000
0.0780000000,0.0000000000,0.0000000000,0.0000000000,2.9877639417,2.8591280142,25.0000000000,25.0000000000,11.1000000000,1.0000000000,0.0000000000
0.0790000000,0.0000000000,0.0000000000,0.0000000000,2.9880115211,2.8602203158,25.0000000000,25.0000000000,11.1000000000,1.0000000000,0.0000000000
0.0800000000,0.0000000000,0.0000000000,0.0000000000,2.9882491832,2.8612918894,25.0000000000,25.0000000000,11.1000000000,1.0000000000,0.0000000000
0.0810000000,0.0000000000,0.0000000000,0.0000000000,2.9884776360,2.8623434792,25.0000000000,25.0000000000,11.1000000000,1.0000000000,0.0000000000
0.0820000000,0.0000000000,0.0000000000,0.0000000000,2.9886975160,2.8633757822,25.0000000000,25.0000000000,11.1000000000,1.0000000000,0.0000000000
0.0830000000,0.0000000000,0.0000000000,0.0000000000,2.9889093969,2.8643894520,25.0000000000,25.0000000000,11.1000000000,1.0000000000,0.0000000000
0.0840000000,0.0000000000,0.0000000000,0.0000000000,2.9891137976,2.8653851034,25.0000000000,25.0000000000,11.1000000000,1.0000000000,0.0000000000
0.0850000000,0.0000000000,0.0000000000,0.0000000000,2.9893111889,2.8663633149,25.0000000000,25.0000000000,11.1000000000,1.0000000000,0.0000000000
0.0860000000,0.0000000000,0.0000000000,0.0000000000,2.9895019989,2.8673246324,25.0000000000,25.0000000000,11.1000000000,1.0000000000,0.0000000000
0.0870000000,0.0000000000,0.0000000000,0.0000000000,2.9896866184,2.8682695713,25.0000000000,25.0000000000,11.1000000000,1.0000000000,0.0000000000
0.0880000000,0.0000000000,0.0000000000,0.0000000000,2.9898654044,2.8691986195,25.0000000000,25.0000000000,11.1000000000,1.0000000000,0.0000000000
0.0890000000,0.0000000000,0.0000000000,0.0000000000,2.9900386844,2.8701122393,25.0000000000,25.0000000000,11.1000000000,1.0000000000,0.0000000000
0.0900000000,0.0000000000,0.0000000000,0.0000000000,2.9902067591,2.8710108690,25.0000000000,25.0000000000,11.1000000000,1.0000000000,0.0000000000
0.0910000000,0.0000000000,0.0000000000,0.0000000000,2.9903699054,2.8718949253,25.0000000000,25.0000000000,11.1000000000,1.0000000000,0.0000000000
0.0920000000,0.0000000000,0.0000000000,0.0000000000,2.9905283789,2.8727648046,25.0000000000,25.0000000000,11.1000000000,1.0000000000,0.0000000000
0.0930000000,0.0000000000,0.0000000000,0.0000000000,2.9906824157,2.8736208842,25.0000000000,25.0000000000,11.1000000000,1.0000000000,0.0000000000
0.0940000000,0.0000000000,0.0000000000,0.0000000000,2.9908322345,2.8744635240,25.0000000000,25.0000000000,11.1000000000,1.0000000000,0.0000000000
0.0950000000,0.0000000000,0.0000000000,0.0000000000,2.9909780383,2.8752930676,25.0000000000,25.0000000000,11.1000000000,1.0000000000,0.0000000000
0.0960000000,0.0000000000,0.0000000000,0.0000000000,2.9911200157,2.8761098432,25.0000000000,25.0000000000,11.1000000000,1.0000000000,0.0000000000
0.0970000000,0.0000000000,0.0000000000,0.0000000000,2.9912583424,2.8769141648,25.0000000000,25.0000000000,11.1000000000,1.0000000000,0.0000000000
0.0980000000,0.0000000000,0.0000000000,0.0000000000,2.9913931820,2.8777063330,25.0000000000,25.0000000000,11.1000000000,1.0000000000,0.0000000000
0.0990000000,0.0000000000,0.0000000000,0.0000000000,2.9915246875,2.8784866361,25.0000000000,25.0000000000,11.1000000000,1.0000000000,0.0000000000
0.1000000000,0.0000000000,0.0000000000,0.0000000000,2.9916530019,2.8792553503,25.0000000000,25.0000000000,11.1000000000,1.0000000000,0.0000000000
0.1010000000,0.0000000000,0.0000000000,0.0000000000,2.9917782590,2.8800127410,25.0000000000,25.0000000000,11.1000000000,1.0000000000,0.0000000000
0.1020000000,0.0000000000,0.0000000000,0.0000000000,2.9919005845,2.8807590632,25.0000000000,25.0000000000,11.1000000000,1.0000000000,0.0000000000
0.1030000000,0.0000000000,0.0000000000,0.0000000000,2.9920200963,2.8814945621,25.0000000000,25.0000000000,11.1000000000,1.0000000000,0.0000000000
0.1040000000,0.0000000000,0.0000000000,0.0000000000,2.9921369052,2.8822194737,25.0000000000,25.0000000000,11.1000000000,1.0000000000,0.0000000000
0.1050000000,0.0000000000,0.0000000000,0.0000000000,2.9922511156,2.8829340252,25.0000000000,25.0000000000,11.1000000000,1.0000000000,0.0000000000
0.1060000000,0.0000000000,0.0000000000,0.0000000000,2.9923628259,2.8836384357,25.0000000000,25.0000000000,11.1000000000,1.0000000000,0.0000000000
0.1070000000,0.0000000000,0.0000000000,0.0000000000,2.9924721288,2.8843329166,25.0000000000,25.0000000000,11.1000000000,1.0000000000,0.0000000000
0.1080000000,0.0000000000,0.0000000000,0.0000000000,2.9925791119,2.8850176716,25.0000000000,25.0000000000,11.1000000000,1.0000000000,0.0000000000
0.1090000000,0.0000000000,0.0000000000,0.0000000000,2.9926838582,2.8856928978,25.0000000000,25.0000000000,11.1000000000,1.0000000000,0.0000000000
0.1100000000,0.0000000000,0.0000000000,0.0000000000,2.9927864460,2.8863587854,25.0000000000,25.0000000000,11.1000000000,1.0000000000,0.0000000000
0.1110000000,0.0000000000,0.0000000000,0.0000000000,2.9928869495,2.8870155186,25.0000000000,25.0000000000,11.1000000000,1.0000000000,0.0000000000
0.1120000000,0.0000000000,0.0000000000,0.0000000000,2.9929854393,2.8876632753,25.0000000000,25.0000000000,11.1000000000,1.0000000000,0.0000000000
0.1130000000,0.0000000000,0.0000000000,0.0000000000,2.9930819822,2.8883022281,25.0000000000,25.0000000000,11.1000000000,1.0000000000,0.0000000000
0.1140000000,0.0000000000,0.0000000000,0.0000000000,2.9931766416,2.8889325438,25.0000000000,25.0000000000,11.1000000000,1.0000000000,0.0000000000
0.1150000000,0.0000000000,0.0000000000,0.0000000000,2.9932694779,2.8895543842,25.0000000000,25.0000000000,11.1000000000,1.0000000000,0.0000000000
0.1160000000,0.0000000000,0.0000000000,0.0000000000,2.9933605486,2.8901679064,25.0000000000,25.0000000000,11.1000000000,1.0000000000,0.0000000000
0.1170000000,0.0000000000,0.0000000000,0.0000000000,2.9934499084,2.8907732625,25.0000000000,25.0000000000,11.1000000000,1.0000000000,0.0000000000
0.1180000000,0.0000000000,0.0000000000,0.0000000000,2.9935376095,2.8913706004,25.0000000000,25.0000000000,11.1000000000,1.0000000000,0.0000000000
0.1190000000,0.0000000000,0.0000000000,0.0000000000,2.9936237015,2.8919600634,25.0000000000,25.0000000000,11.1000000000,1.0000000000,0.0000000000
0.1200000000,0.0000000000,0.0000000000,0.0000000000,2.9937082319,2.8925417911,25.0000000000,25.0000000000,11.1000000000,1.0000000000,0.0000000000
0.1210000000,0.0000000000,0.0000000000,0.0000000000,2.9937912461,2.8931159189,25.0000000000,25.0000000000,11.1000000000,1.0000000000,0.0000000000
0.1220000000,0.0000000000,0.0000000000,0.0000000000,2.9938727875,2.8936825785,25.0000000000,25.0000000000,11.1000000000,1.0000000000,0.0000000000
0.1230000000,0.0000000000,0.0000000000,0.0000000000,2.9939528974,2.8942418982,25.0000000000,25.0000000000,11.1000000000,1.0000000000,0.0000000000
0.1240000000,0.0000000000,0.0000000000,0.0000000000,2.9940316156,2.8947940027,25.0000000000,25.0000000000,11.1000000000,1.0000000000,0.0000000000
0.1250000000,0.0000000000,0.0000000000,0.0000000000,2.9941089801,2.8953390133,25.0000000000,25.0000000000,11.1000000000,1.0000000000,0.0000000000
0.1260000000,0.0000000000,0.0000000000,0.0000000000,2.9941850273,2.8958770485,25.0000000000,25.0000000000,11.1000000000,1.0000000000,0.0000000000
0.1270000000,0.0000000000,0.0000000000,0.0000000000,2.9942597922,2.8964082234,25.0000000000,25.0000000000,11.1000000000,1.0000000000,0.0000000000
0.1280000000,0.0000000000,0.0000000000,0.0000000000,2.9943333082,2.8969326503,25.0000000000,25.0000000000,11.1000000000,1.0000000000,0.0000000000
0.1290000000,0.0000000000,0.0000000000,0.0000000000,2.9944056076,2.8974504387,25.0000000000,25.0000000000,11.1000000000,1.0000000000,0.0000000000
0.1300000000,0.0000000000,0.0000000000,0.0000000000,2.9944767213,2.8979616955,25.0000000000,25.0000000000,11.1000000000,1.0000000000,0.0000000000
0.1310000000,0.0000000000,0.0000000000,0.0000000000,2.9945466790,2.8984665249,25.0000000000,25.0000000000,11.1000000000,1.0000000000,0.0000000000
0.1320000000,0.0000000000,0.0000000000,0.0000000000,2.9946155094,2.8989650286,25.0000000000,25.0000000000,11.1000000000,1.0000000000,0.0000000000
0.1330000000,0.0000000000,0.0000000000,0.0000000000,2.9946832398,2.8994573058,25.0000000000,25.0000000000,11.1000000000,1.0000000000,0.0000000000
0.1340000000,0.0000000000,0.0000000000,0.0000000000,2.9947498969,2.8999434535,25.0000000000,25.0000000000,11.1000000000,1.0000000000,0.0000000000
0.1350000000,0.0000000000,0.0000000000,0.0000000000,2.9948155061,2.9004235665,25.0000000000,25.0000000000,11.1000000000,1.0000000000,0.0000000000
0.1360000000,0.0000000000,0.0000000000,0.0000000000,2.9948800920,2.9008977374,25.0000000000,25.0000000000,11.1000000000,1.0000000000,0.0000000000
0.1370000000,0.0000000000,0.0000000000,0.0000000000,2.9949436783,2.9013660566,25.0000000000,25.0000000000,11.1000000000,1.0000000000,0.0000000000
0.1380000000,0.0000000000,0.0000000000,0.0000000000,2.9950062880,2.9018286125,25.0000000000,25.0000000000,11.1000000000,1.0000000000,0.0000000000
0.1390000000,0.0000000000,0.0000000000,0.0000000000,2.9950679430,2.9022854918,25.0000000000,25.0000000000,11.1000000000,1.0000000000,0.0000000000
0.1400000000,0.0000000000,0.0000000000,0.0000000000,2.9951286647,2.9027367790,25.0000000000,25.0000000000,11.1000000000,1.0000000000,0.0000000000
0.1410000000,0.0000000000,0.0000000000,0.0000000000,2.9951884738,2.9031825570,25.0000000000,25.0000000000,11.1000000000,1.0000000000,0.0000000000
0.1420000000,0.0000000000,0.0000000000,0.0000000000,2.9952473900,2.9036229068,25.0000000000,25.0000000000,11.1000000000,1.0000000000,0.0000000000
0.1430000000,0.0000000000,0.0000000000,0.0000000000,2.9953054326,2.9040579078,25.0000000000,25.0000000000,11.1000000000,1.0000000000,0.0000000000
0.1440000000,0.0000000000,0.0000000000,0.0000000000,2.9953626203,2.9044876377,25.0000000000,25.0000000000,11.1000000000,1.0000000000,0.0000000000
0.1450000000,0.0000000000,0.0000000000,0.0000000000,2.9954189711,2.9049121725,25.0000000000,25.0000000000,11.1000000000,1.0000000000,0.0000000000
0.1460000000,0.0000000000,0.0000000000,0.0000000000,2.9954745024,2.9053315869,25.0000000000,25.0000000000,11.1000000000,1.0000000000,0.0000000000
0.1470000000,0.0000000000,0.0000000000,0.0000000000,2.9955292310,2.9057459539,25.0000000000,25.0000000000,11.1000000000,1.0000000000,0.0000000000
0.1480000000,0.0000000000,0.0000000000,0.0000000000,2.9955831735,2.9061553451,25.0000000000,25.0000000000,11.1000000000,1.0000000000,0.0000000000
0.1490000000,0.0000000000,0.0000000000,0.0000000000,2.9956363455,2.9065598307,25.0000000000,25.0000000000,11.1000000000,1.0000000000,0.0000000000
0.1500000000,0.0000000000,0.0000000000,0.0000000000,2.9956887625,2.9069594795,25.0000000000,25.0000000000,11.1000000000,1.0000000000,0.0000000000
0.1510000000,0.0000000000,0.0000000000,0.0000000000,2.9957404393,2.9073543590,25.0000000000,25.0000000000,11.1000000000,1.0000000000,0.0000000000
0.1520000000,0.0000000000,0.0000000000,0.0000000000,2.9957913906,2.9077445354,25.0000000000,25.0000000000,11.1000000000,1.0000000000,0.0000000000
0.1530000000,0.0000000000,0.0000000000,0.0000000000,2.9958416302,2.9081300737,25.0000000000,25.0000000000,11.1000000000,1.0000000000,0.0000000000
0.1540000000,0.0000000000,0.0000000000,0.0000000000,2.9958911719,2.9085110376,25.0000000000,25.0000000000,11.1000000000,1.0000000000,0.0000000000
0.1550000000,0.0000000000,0.0000000000,0.0000000000,2.9959400288,2.9088874896,25.0000000000,25.0000000000,11.1000000000,1.0000000000,0.0000000000
0.1560000000,0.0000000000,0.0000000000,0.0000000000,2.9959882139,2.9092594911,25.0000000000,25.0000000000,11.1000000000,1.0000000000,0.0000000000
0.1570000000,0.0000000000,0.0000000000,0.0000000000,2.9960357397,2.9096271025,25.0000000000,25.0000000000,11.1000000000,1.0000000000,0.0000000000
0.1580000000,0.0000000000,0.0000000000,0.0000000000,2.9960826182,2.9099903828,25.0000000000,25.0000000000,11.1000000000,1.0000000000,0.0000000000
0.1590000000,0.0000000000,0.0000000000,0.0000000000,2.9961288614,2.9103493902,25.0000000000,25.0000000000,11.1000000000,1.0000000000,0.0000000000
0.1600000000,0.0000000000,0.0000000000,0.0000000000,2.9961744807,2.9107041819,25.0000000000,25.0000000000,11.1000000000,1.0000000000,0.0000000000
0.1610000000,0.0000000000,0.0000000000,0.0000000000,2.9962194873,2.9110548138,25.0000000000,25.0000000000,11.1000000000,1.0000000000,0.0000000000
0.1620000000,0.0000000000,0.0000000000,0.0000000000,2.9962638922,2.9114013411,25.0000000000,25.0000000000,11.1000000000,1.0000000000,0.0000000000
0.1630000000,0.0000000000,0.0000000000,0.0000000000,2.9963077059,2.9117438180,25.0000000000,25.0000000000,11.1000000000,1.0000000000,0.0000000000
0.1640000000,0.0000000000,0.0000000000,0.0000000000,2.9963509387,2.9120822976,25.0000000000,25.0000000000,11.1000000000,1.0000000000,0.0000000000
0.1650000000,0.0000000000,0.0000000000,0.0000000000,2.9963936008,2.9124168324,25.0000000000,25.0000000000,11.1000000000,1.0000000000,0.0000000000
0.1660000000,0.0000000000,0.0000000000,0.0000000000,2.9964357020,2.9127474737,25.0000000000,25.0000000000,11.1000000000,1.0000000000,0.0000000000
0.1670000000,0.0000000000,0.0000000000,0.0000000000,2.9964772518,2.9130742720,25.0000000000,25.0000000000,11.1000000000,1.0000000000,0.0000000000
0.1680000000,0.0000000000,0.0000000000,0.0000000000,2.9965182595,2.9133972773,25.0000000000,25.0000000000,11.1000000000,1.0000000000,0.0000000000
0.1690000000,0.0000000000,0.0000000000,0.0000000000,2.9965587342,2.9137165382,25.0000000000,25.0000000000,11.1000000000,1.0000000000,0.0000000000
0.1700000000,0.0000000000,0.0000000000,0.0000000000,2.9965986848,2.9140321030,25.0000000000,25.0000000000,11.1000000000,1.0000000000,0.0000000000
0.1710000000,0.0000000000,0.0000000000,0.0000000000,2.9966381201,2.9143440191,25.0000000000,25.0000000000,11.1000000000,1.0000000000,0.0000000000
0.1720000000,0.0000000000,0.0000000000,0.0000000000,2.9966770483,2.9146523328,25.0000000000,25.0000000000,11.1000000000,1.0000000000,0.0000000000
0.1730000000,0.0000000000,0.0000000000,0.0000000000,2.9967154778,2.9149570901,25.0000000000,25.0000000000,11.1000000000,1.0000000000,0.0000000000
0.1740000000,0.0000000000,0.0000000000,0.0000000000,2.9967534166,2.9152583361,25.0000000000,25.0000000000,11.1000000000,1.0000000000,0.0000000000
0.1750000000,0.0000000000,0.0000000000,0.0000000000,2.9967908727,2.9155561151,25.0000000000,25.0000000000,11.1000000000,1.0000000000,0.0000000000
0.1760000000,0.0000000000,0.0000000000,0.0000000000,2.9968278536,2.9158504709,25.0000000000,25.0000000000,11.1000000000,1.0000000000,0.0000000000
0.1770000000,0.0000000000,0.0000000000,0.0000000000,2.9968643670,2.9161414463,25.0000000000,25.0000000000,11.1000000000,1.0000000000,0.0000000000
0.1780000000,0.0000000000,0.0000000000,0.0000000000,2.9969004201,2.9164290838,25.0000000000,25.0000000000,11.1000000000,1.0000000000,0.0000000000
0.1790000000,0.0000000000,0.0000000000,0.0000000000,2.9969360201,2.9167134250,25.0000000000,25.0000000000,11.1000000000,1.0000000000,0.0000000000
0.1800000000,0.0000000000,0.0000000000,0.0000000000,2.9969711741,2.9169945110,25.0000000000,25.0000000000,11.1000000000,1.0000000000,0.0000000000
0.1810000000,0.0000000000,0.0000000000,0.0000000000,2.9970058889,2.9172723822,25.0000000000,25.0000000000,11.1000000000,1.0000000000,0.0000000000
0.1820000000,0.0000000000,0.0000000000,0.0000000000,2.9970401712,2.9175470784,25.0000000000,25.0000000000,11.1000000000,1.0000000000,0.0000000000
0.1830000000,0.0000000000,0.0000000000,0.0000000000,2.9970740277,2.9178186389,25.0000000000,25.0000000000,11.1000000000,1.0000000000,0.0000000000
0.1840000000,0.0000000000,0.0000000000,0.0000000000,2.9971074648,2.9180871022,25.0000000000,25.0000000000,11.1000000000,1.0000000000,0.0000000000
0.1850000000,0.0000000000,0.0000000000,0.0000000000,2.9971404887,2.9183525064,25.0000000000,25.0000000000,11.1000000000,1.0000000000,0.0000000000
0.1860000000,0.0000000000,0.0000000000,0.0000000000,2.9971731056,2.9186148890,25.0000000000,25.0000000000,11.1000000000,1.0000000000,0.0000000000
0.1870000000,0.0000000000,0.0000000000,0.0000000000,2.9972053215,2.9188742869,25.0000000000,25.0000000000,11.1000000000,1.0000000000,0.0000000000
0.1880000000,0.0000000000,0.0000000000,0.0000000000,2.9972371425,2.9191307366,25.0000000000,25.0000000000,11.1000000000,1.0000000000,0.0000000000
0.1890000000,0.0000000000,0.0000000000,0.0000000000,2.9972685742,2.9193842740,25.0000000000,25.0000000000,11.1000000000,1.0000000000,0.0000000000
0.1900000000,0.0000000000,0.0000000000,0.0000000000,2.9972996224,2.9196349344,25.0000000000,25.0000000000,11.1000000000,1.0000000000,0.0000000000
0.1910000000,0.0000000000,0.0000000000,0.0000000000,2.9973302926,2.9198827526,25.0000000000,25.0000000000,11.1000000000,1.0000000000,0.0000000000
0.1920000000,0.0000000000,0.0000000000,0.0000000000,2.9973605903,2.9201277630,25.0000000000,25.0000000000,11.1000000000,1.0000000000,0.0000000000
0.1930000000,0.0000000000,0.0000000000,0.0000000000,2.9973905208,2.9203699996,25.0000000000,25.0000000000,11.1000000000,1.0000000000,0.0000000000
0.1940000000,0.0000000000,0.0000000000,0.0000000000,2.9974200893,2.9206094956,25.0000000000,25.0000000000,11.1000000000,1.0000000000,0.0000000000
0.1950000000,0.0000000000,0.0000000000,0.0000000000,2.9974493010,2.9208462840,25.0000000000,25.0000000000,11.1000000000,1.0000000000,0.0000000000
0.1960000000,0.0000000000,0.0000000000,0.0000000000,2.9974781610,2.9210803973,25.0000000000,25.0000000000,11.1000000000,1.0000000000,0.0000000000
0.1970000000,0.0000000000,0.0000000000,0.0000000000,2.9975066742,2.9213118674,25.0000000000,25.0000000000,11.1000000000,1.0000000000,0.0000000000
0.1980000000,0.0000000000,0.0000000000,0.0000000000,2.9975348454,2.9215407260,25.0000000000,25.0000000000,11.1000000000,1.0000000000,0.0000000000
0.1990000000,0.0000000000,0.0000000000,0.0000000000,2.9975626795,2.9217670042,25.0000000000,25.0000000000,11.1000000000,1.0000000000,0.0000000000
0.2000000000,0.0000000000,0.0000000000,0.0000000000,2.9975901810,2.9219907327,25.0000000000,25.0000000000,11.1000000000,1.0000000000,0.0000000000
0.2010000000,0.0000000000,0.0000000000,0.0000000000,2.9976173545,2.9222119417,25.0000000000,25.0000000000,11.1000000000,1.0000000000,0.0000000000
0.2020000000,0.0000000000,0.0000000000,0.0000000000,2.9976442047,2.9224306612,25.0000000000,25.0000000000,11.1000000000,1.0000000000,0.0000000000
0.2030000000,0.0000000000,0.0000000000,0.0000000000,2.9976707358,2.9226469206,25.0000000000,25.0000000000,11.1000000000,1.0000000000,0.0000000000
0.2040000000,0.0000000000,0.0000000000,0.0000000000,2.9976969523,2.9228607489,25.0000000000,25.0000000000,11.1000000000,1.0000000000,0.0000000000
0.2050000000,0.0000000000,0.0000000000,0.0000000000,2.9977228584,2.9230721750,25.0000000000,25.0000000000,11.1000000000,1.0000000000,0.0000000000
0.2060000000,0.0000000000,0.0000000000,0.0000000000,2.9977484582,2.9232812270,25.0000000000,25.0000000000,11.1000000000,1.0000000000,0.0000000000
0.2070000000,0.0000000000,0.0000000000,0.0000000000,2.9977737560,2.9234879328,25.0000000000,25.0000000000,11.1000000000,1.0000000000,0.0000000000
0.2080000000,0.0000000000,0.0000000000,0.0000000000,2.9977987558,2.9236923201,25.0000000000,25.0000000000,11.1000000000,1.0000000000,0.0000000000
0.2090000000,0.0000000000,0.0000000000,0.0000000000,2.9978234614,2.9238944160,25.0000000000,25.0000000000,11.1000000000,1.0000000000,0.0000000000
0.2100000000,0.0000000000,0.0000000000,0.0000000000,2.9978478769,2.9240942474,25.0000000000,25.0000000000,11.1000000000,1.0000000000,0.0000000000
0.2110000000,0.0000000000,0.0000000000,0.0000000000,2.9978720061,2.9242918406,25.0000000000,25.0000000000,11.1000000000,1.0000000000,0.0000000000
0.2120000000,0.0000000000,0.0000000000,0.0000000000,2.9978958527,2.9244872219,25.0000000000,25.0000000000,11.1000000000,1.0000000000,0.0000000000
0.2130000000,0.0000000000,0.0000000000,0.0000000000,2.9979194205,2.9246804170,25.0000000000,25.0000000000,11.1000000000,1.0000000000,0.0000000000
0.2140000000,0.0000000000,0.0000000000,0.0000000000,2.9979427131,2.9248714514,25.0000000000,25.0000000000,11.1000000000,1.0000000000,0.0000000000
0.2150000000,0.0000000000,0.0000000000,0.0000000000,2.9979657341,2.9250603503,25.0000000000,25.0000000000,11.1000000000,1.0000000000,0.0000000000
0.2160000000,0.0000000000,0.0000000000,0.0000000000,2.9979884870,2.9252471383,25.0000000000,25.0000000000,11.1000000000,1.0000000000,0.0000000000
0.2170000000,0.0000000000,0.0000000000,0.0000000000,2.9980109753,2.9254318400,25.0000000000,25.0000000000,11.1000000000,1.0000000000,0.0000000000
0.2180000000,0.0000000000,0.0000000000,0.0000000000,2.9980332024,2.9256144795,25.0000000000,25.0000000000,11.1000000000,1.0000000000,0.0000000000
0.2190000000,0.0000000000,0.0000000000,0.0000000000,2.9980551717,2.9257950808,25.0000000000,25.0000000000,11.1000000000,1.0000000000,0.0000000000
0.2200000000,0.0000000000,0.0000000000,0.0000000000,2.9980768865,2.9259736673,25.0000000000,25.0000000000,11.1000000000,1.0000000000,0.0000000000
0.2210000000,0.0000000000,0.0000000000,0.0000000000,2.9980983500,2.9261502624,25.0000000000,25.0000000000,11.1000000000,1.0000000000,0.0000000000
0.2220000000,0.0000000000,0.0000000000,0.0000000000,2.9981195654,2.9263248889,25.0000000000,25.0000000000,11.1000000000,1.0000000000,0.0000000000
0.2230000000,0.0000000000,0.0000000000,0.0000000000,2.9981405359,2.9264975695,25.0000000000,25.0000000000,11.1000000000,1.0000000000,0.0000000000
0.2240000000,0.0000000000,0.0000000000,0.0000000000,2.9981612646,2.9266683268,25.0000000000,25.0000000000,11.1000000000,1.0000000000,0.0000000000
0.2250000000,0.0000000000,0.0000000000,0.0000000000,2.9981817545,2.9268371826,25.0000000000,25.0000000000,11.1000000000,1.0000000000,0.0000000000
0.2260000000,0.0000000000,0.0000000000,0.0000000000,2.9982020086,2.9270041589,25.0000000000,25.0000000000,11.1000000000,1.0000000000,0.0000000000
0.2270000000,0.0000000000,0.0000000000,0.0000000000,2.9982220300,2.9271692773,25.0000000000,25.0000000000,11.1000000000,1.0000000000,0.0000000000
0.2280000000,0.0000000000,0.0000000000,0.0000000000,2.9982418214,2.9273325590,25.0000000000,25.0000000000,11.1000000000,1.0000000000,0.0000000000
0.2290000000,0.0000000000,0.0000000000,0.0000000000,2.9982613859,2.9274940250,25.0000000000,25.0000000000,11.1000000000,1.0000000000,0.0000000000
0.2300000000,0.0000000000,0.0000000000,0.0000000000,2.9982807261,2.9276536961,25.0000000000,25.0000000000,11.1000000000,1.0000000000,0.0000000000
0.2310000000,0.0000000000,0.0000000000,0.0000000000,2.9982998450,2.9278115928,25.0000000000,25.0000000000,11.1000000000,1.0000000000,0.0000000000
0.2320000000,0.0000000000,0.0000000000,0.0000000000,2.9983187452,2.9279677354,25.0000000000,25.0000000000,11.1000000000,1.0000000000,0.0000000000
0.2330000000,0.0000000000,0.0000000000,0.0000000000,2.9983374294,2.9281221438,25.0000000000,25.0000000000,11.1000000000,1.0000000000,0.0000000000
0.2340000000,0.0000000000,0.0000000000,0.0000000000,2.9983559003,2.9282748379,25.0000000000,25.0000000000,11.1000000000,1.0000000000,0.0000000000
0.2350000000,0.0000000000,0.0000000000,0.0000000000,2.9983741606,2.9284258371,25.0000000000,25.0000000000,11.1000000000,1.0000000000,0.0000000000
0.2360000000,0.0000000000,0.0000000000,0.0000000000,2.9983922127,2.9285751608,25.0000000000,25.0000000000,11.1000000000,1.0000000000,0.0000000000
0.2370000000,0.0000000000,0.0000000000,0.0000000000,2.9984100593,2.9287228279,25.0000000000,25.0000000000,11.1000000000,1.0000000000,0.0000000000
0.2380000000,0.0000000000,0.0000000000,0.0000000000,2.9984277029,2.9288688573,25.0000000000,25.0000000000,11.1000000000,1.0000000000,0.0000000000
0.2390000000,0.0000000000,0.0000000000,0.0000000000,2.9984451458,2.9290132676,25.0000000000,25.0000000000,11.1000000000,1.0000000000,0.0000000000
0.2400000000,0.0000000000,0.0000000000,0.0000000000,2.9984623907,2.9291560771,25.0000000000,25.0000000000,11.1000000000,1.0000000000,0.0000000000
0.2410000000,0.0000000000,0.0000000000,0.0000000000,2.9984794398,2.9292973040,25.0000000000,25.0000000000,11.1000000000,1.0000000000,0.0000000000
0.2420000000,0.0000000000,0.0000000000,0.0000000000,2.9984962956,2.9294369661,25.0000000000,25.0000000000,11.1000000000,1.0000000000,0.0000000000
0.2430000000,0.0000000000,0.0000000000,0.0000000000,2.9985129604,2.9295750813,25.0000000000,25.0000000000,11.1000000000,1.0000000000,0.0000000000
0.2440000000,0.0000000000,0.0000000000,0.0000000000,2.9985294364,2.9297116670,25.0000000000,25.0000000000,11.1000000000,1.0000000000,0.0000000000
0.2450000000,0.0000000000,0.0000000000,0.0000000000,2.9985457260,2.9298467404,25.0000000000,25.0000000000,11.1000000000,1.0000000000,0.0000000000
0.2460000000,0.0000000000,0.0000000000,0.0000000000,2.9985618314,2.9299803187,25.0000000000,25.0000000000,11.1000000000,1.0000000000,0.0000000000
0.2470000000,0.0000000000,0.0000000000,0.0000000000,2.9985777547,2.9301124187,25.0000000000,25.0000000000,11.1000000000,1.0000000000,0.0000000000
0.2480000000,0.0000000000,0.0000000000,0.0000000000,2.9985934983,2.9302430571,25.0000000000,25.0000000000,11.1000000000,1.0000000000,0.0000000000
0.2490000000,0.0000000000,0.0000000000,0.0000000000,2.9986090641,2.9303722504,25.0000000000,25.0000000000,11.1000000000,1.0000000000,0.0000000000
0.2500000000,0.0000000000,0.0000000000,0.0000000000,2.9986244544,2.9305000148,25.0000000000,25.0000000000,11.1000000000,1.0000000000,0.0000000000
0.2510000000,0.0000000000,0.0000000000,0.0000000000,2.9986396713,2.9306263664,25.0000000000,25.0000000000,11.1000000000,1.0000000000,0.0000000000
0.2520000000,0.0000000000,0.0000000000,0.0000000000,2.9986547167,2.9307513212,25.0000000000,25.0000000000,11.1000000000,1.0000000000,0.0000000000
0.2530000000,0.0000000000,0.0000000000,0.0000000000,2.9986695927,2.9308748948,25.0000000000,25.0000000000,11.1000000000,1.0000000000,0.0000000000
0.2540000000,0.0000000000,0.0000000000,0.0000000000,2.9986843014,2.9309971027,25.0000000000,25.0000000000,11.1000000000,1.0000000000,0.0000000000
0.2550000000,0.0000000000,0.0000000000,0.0000000000,2.9986988446,2.9311179603,25.0000000000,25.0000000000,11.1000000000,1.0000000000,0.0000000000
0.2560000000,0.0000000000,0.0000000000,0.0000000000,2.9987132244,2.9312374828,25.0000000000,25.0000000000,11.1000000000,1.0000000000,0.0000000000
0.2570000000,0.0000000000,0.0000000000,0.0000000000,2.9987274427,2.9313556851,25.0000000000,25.0000000000,11.1000000000,1.0000000000,0.0000000000
0.2580000000,0.0000000000,0.0000000000,0.0000000000,2.9987415014,2.9314725821,25.0000000000,25.0000000000,11.1000000000,1.0000000000,0.0000000000
0.2590000000,0.0000000000,0.0000000000,0.0000000000,2.9987554023,2.9315881883,25.0000000000,25.0000000000,11.1000000000,1.0000000000,0.0000000000
0.2600000000,0.0000000000,0.0000000000,0.0000000000,2.9987691473,2.9317025182,25.0000000000,25.0000000000,11.1000000000,1.0000000000,0.0000000000
0.2610000000,0.0000000000,0.0000000000,0.0000000000,2.9987827383,2.9318155862,25.0000000000,25.0000000000,11.1000000000,1.0000000000,0.0000000000
0.2620000000,0.0000000000,0.0000000000,0.0000000000,2.9987961769,2.9319274063,25.0000000000,25.0000000000,11.1000000000,1.0000000000,0.0000000000
0.2630000000,0.0000000000,0.0000000000,0.0000000000,2.9988094651,2.9320379925,25.0000000000,25.0000000000,11.1000000000,1.0000000000,0.0000000000
0.2640000000,0.0000000000,0.0000000000,0.0000000000,2.9988226046,2.9321473586,25.0000000000,25.0000000000,11.1000000000,1.0000000000,0.0000000000
0.2650000000,0.0000000000,0.0000000000,0.0000000000,2.9988355970,2.9322555182,25.0000000000,25.0000000000,11.1000000000,1.0000000000,0.0000000000
0.2660000000,0.0000000000,0.0000000000,0.0000000000,2.9988484442,2.9323624849,25.0000000000,25.0000000000,11.1000000000,1.0000000000,0.0000000000
0.2670000000,0.0000000000,0.0000000000,0.0000000000,2.9988611477,2.9324682718,25.0000000000,25.0000000000,11.1000000000,1.0000000000,0.0000000000
0.2680000000,0.0000000000,0.0000000000,0.0000000000,2.9988737093,2.9325728923,25.0000000000,25.0000000000,11.1000000000,1.0000000000,0.0000000000
0.2690000000,0.0000000000,0.0000000000,0.0000000000,2.9988861306,2.9326763594,25.0000000000,25.0000000000,11.1000000000,1.0000000000,0.0000000000
0.2700000000,0.0000000000,0.0000000000,0.0000000000,2.9988984133,2.9327786858,25.0000000000,25.0000000000,11.1000000000,1.0000000000,0.0000000000
0.2710000000,0.0000000000,0.0000000000,0.0000000000,2.9989105588,2.9328798843,25.0000000000,25.0000000000,11.1000000000,1.0000000000,0.0000000000
0.2720000000,0.0000000000,0.0000000000,0.0000000000,2.9989225689,2.9329799675,25.0000000000,25.0000000000,11.1000000000,1.0000000000,0.0000000000
0.2730000000,0.0000000000,0.0000000000,0.0000000000,2.9989344451,2.9330789478,25.0000000000,25.0000000000,11.1000000000,1.0000000000,0.0000000000
0.2740000000,0.0000000000,0.0000000000,0.0000000000,2.9989461889,2.9331768375,25.0000000000,25.0000000000,11.1000000000,1.0000000000,0.0000000000
0.2750000000,0.0000000000,0.0000000000,0.0000000000,2.9989578018,2.9332736487,25.0000000000,25.0000000000,11.1000000000,1.0000000000,0.0000000000
0.2760000000,0.0000000000,0.0000000000,0.0000000000,2.9989692854,2.9333693935,25.0000000000,25.0000000000,11.1000000000,1.0000000000,0.0000000000
0.2770000000,0.0000000000,0.0000000000,0.0000000000,2.9989806411,2.9334640837,25.0000000000,25.0000000000,11.1000000000,1.0000000000,0.0000000000
0.2780000000,0.0000000000,0.0000000000,0.0000000000,2.9989918704,2.9335577310,25.0000000000,25.0000000000,11.1000000000,1.0000000000,0.0000000000
0.2790000000,0.0000000000,0.0000000000,0.0000000000,2.9990029748,2.9336503471,25.0000000000,25.0000000000,11.1000000000,1.0000000000,0.0000000000
0.2800000000,0.0000000000,0.0000000000,0.0000000000,2.9990139556,2.9337419433,25.0000000000,25.0000000000,11.1000000000,1.0000000000,0.0000000000
0.2810000000,0.0000000000,0.0000000000,0.0000000000,2.9990248143,2.9338325311,25.0000000000,25.0000000000,11.1000000000,1.0000000000,0.0000000000
0.2820000000,0.0000000000,0.0000000000,0.0000000000,2.9990355524,2.9339221216,25.0000000000,25.0000000000,11.1000000000,1.0000000000,0.0000000000
0.2830000000,0.0000000000,0.0000000000,0.0000000000,2.9990461711,2.9340107259,25.0000000000,25.0000000000,11.1000000000,1.0000000000,0.0000000000
0.2840000000,0.0000000000,0.0000000000,0.0000000000,2.9990566718,2.9340983549,25.0000000000,25.0000000000,11.1000000000,1.0000000000,0.0000000000
0.2850000000,0.0000000000,0.0000000000,0.0000000000,2.9990670559,2.9341850195,25.0000000000,25.0000000000,11.1000000000,1.0000000000,0.0000000000
0.2860000000,0.0000000000,0.0000000000,0.0000000000,2.9990773248,2.9342707305,25.0000000000,25.0000000000,11.1000000000,1.0000000000,0.0000000000
0.2870000000,0.0000000000,0.0000000000,0.0000000000,2.9990874796,2.9343554982,25.0000000000,25.0000000000,11.1000000000,1.0000000000,0.0000000000
0.2880000000,0.0000000000,0.0000000000,0.0000000000,2.9990975218,2.9344393333,25.0000000000,25.0000000000,11.1000000000,1.0000000000,0.0000000000
0.2890000000,0.0000000000,0.0000000000,0.0000000000,2.9991074525,2.9345222461,25.0000000000,25.0000000000,11.1000000000,1.0000000000,0.0000000000
0.2900000000,0.0000000000,0.0000000000,0.0000000000,2.9991172731,2.9346042467,25.0000000000,25.0000000000,11.1000000000,1.0000000000,0.0000000000
0.2910000000,0.0000000000,0.0000000000,0.0000000000,2.9991269848,2.9346853453,25.0000000000,25.0000000000,11.1000000000,1.0000000000,0.0000000000
0.2920000000,0.0000000000,0.0000000000,0.0000000000,2.9991365889,2.9347655519,25.0000000000,25.0000000000,11.1000000000,1.0000000000,0.0000000000
0.2930000000,0.0000000000,0.0000000000,0.0000000000,2.9991460865,2.9348448764,25.0000000000,25.0000000000,11.1000000000,1.0000000000,0.0000000000
0.2940000000,0.0000000000,0.0000000000,0.0000000000,2.9991554789,2.9349233285,25.0000000000,25.0000000000,11.1000000000,1.0000000000,0.0000000000
0.2950000000,0.0000000000,0.0000000000,0.0000000000,2.9991647673,2.9350009180,25.0000000000,25.0000000000,11.1000000000,1.0000000000,0.0000000000
0.2960000000,0.0000000000,0.0000000000,0.0000000000,2.9991739528,2.9350776542,25.0000000000,25.0000000000,11.1000000000,1.0000000000,0.0000000000
0.2970000000,0.0000000000,0.0000000000,0.0000000000,2.9991830366,2.9351535468,25.0000000000,25.0000000000,11.1000000000,1.0000000000,0.0000000000
0.2980000000,0.0000000000,0.0000000000,0.0000000000,2.9991920198,2.9352286049,25.0000000000,25.0000000000,11.1000000000,1.0000000000,0.0000000000
0.2990000000,0.0000000000,0.0000000000,0.0000000000,2.9992009036,2.9353028379,25.0000000000,25.0000000000,11.1000000000,1.0000000000,0.0000000000
0.3000000000,0.0000000000,0.0000000000,0.0000000000,2.9992096892,2.9353762549,25.0000000000,25.0000000000,11.1000000000,1.0000000000,0.0000000000
0.3010000000,0.0000000000,0.0000000000,0.0000000000,2.9992183775,2.9354488649,25.0000000000,25.0000000000,11.1000000000,1.0000000000,0.0000000000
0.3020000000,0.0000000000,0.0000000000,0.0000000000,2.9992269697,2.9355206768,25.0000000000,25.0000000000,11.1000000000,1.0000000000,0.0000000000
0.3030000000,0.0000000000,0.0000000000,0.0000000000,2.9992354670,2.9355916995,25.0000000000,25.0000000000,11.1000000000,1.0000000000,0.0000000000
0.3040000000,0.0000000000,0.0000000000,0.0000000000,2.9992438703,2.9356619416,25.0000000000,25.0000000000,11.1000000000,1.0000000000,0.0000000000
0.3050000000,0.0000000000,0.0000000000,0.0000000000,2.9992521807,2.9357314118,25.0000000000,25.0000000000,11.1000000000,1.0000000000,0.0000000000
0.3060000000,0.0000000000,0.0000000000,0.0000000000,2.9992603992,2.9358001186,25.0000000000,25.0000000000,11.1000000000,1.0000000000,0.0000000000
0.3070000000,0.0000000000,0.0000000000,0.0000000000,2.9992685269,2.9358680705,25.0000000000,25.0000000000,11.1000000000,1.0000000000,0.0000000000
0.3080000000,0.0000000000,0.0000000000,0.0000000000,2.9992765649,2.9359352758,25.0000000000,25.0000000000,11.1000000000,1.0000000000,0.0000000000
0.3090000000,0.0000000000,0.0000000000,0.0000000000,2.9992845141,2.9360017426,25.0000000000,25.0000000000,11.1000000000,1.0000000000,0.0000000000
0.3100000000,0.0000000000,0.0000000000,0.0000000000,2.9992923754,2.9360674793,25.0000000000,25.0000000000,11.1000000000,1.0000000000,0.0000000000
0.3110000000,0.0000000000,0.0000000000,0.0000000000,2.9993001500,2.9361324938,25.0000000000,25.0000000000,11.1000000000,1.0000000000,0.0000000000
0.3120000000,0.0000000000,0.0000000000,0.0000000000,2.9993078387,2.9361967942,25.0000000000,25.0000000000,11.1000000000,1.0000000000,0.0000000000
0.3130000000,0.0000000000,0.0000000000,0.0000000000,2.9993154426,2.9362603882,25.0000000000,25.0000000000,11.1000000000,1.0000000000,0.0000000000
0.3140000000,0.0000000000,0.0000000000,0.0000000000,2.9993229625,2.9363232837,25.0000000000,25.0000000000,11.1000000000,1.0000000000,0.0000000000
0.3150000000,0.0000000000,0.0000000000,0.0000000000,2.9993303995,2.9363854884,25.0000000000,25.0000000000,11.1000000000,1.0000000000,0.0000000000
0.3160000000,0.0000000000,0.0000000000,0.0000000000,2.9993377544,2.9364470099,25.0000000000,25.0000000000,11.1000000000,1.0000000000,0.0000000000
0.3170000000,0.0000000000,0.0000000000,0.0000000000,2.9993450281,2.9365078558,25.0000000000,25.0000000000,11.1000000000,1.0000000000,0.0000000000
0.3180000000,0.0000000000,0.0000000000,0.0000000000,2.9993522217,2.9365680335,25.0000000000,25.0000000000,11.1000000000,1.0000000000,0.0000000000
0.3190000000,0.0000000000,0.0000000000,0.0000000000,2.9993593359,2.9366275503,25.0000000000,25.0000000000,11.1000000000,1.0000000000,0.0000000000
0.3200000000,0.0000000000,0.0000000000,0.0000000000,2.9993663716,2.9366864136,25.0000000000,25.0000000000,11.1000000000,1.0000000000,0.0000000000
0.3210000000,0.0000000000,0.0000000000,0.0000000000,2.9993733298,2.9367446305,25.0000000000,25.0000000000,11.1000000000,1.0000000000,0.0000000000
0.3220000000,0.0000000000,0.0000000000,0.0000000000,2.9993802112,2.9368022082,25.0000000000,25.0000000000,11.1000000000,1.0000000000,0.0000000000
0.3230000000,0.0000000000,0.0000000000,0.0000000000,2.9993870168,2.9368591538,25.0000000000,25.0000000000,11.1000000000,1.0000000000,0.0000000000
0.3240000000,0.0000000000,0.0000000000,0.0000000000,2.9993937474,2.9369154741,25.0000000000,25.0000000000,11.1000000000,1.0000000000,0.0000000000
0.3250000000,0.0000000000,0.0000000000,0.0000000000,2.9994004039,2.9369711761,25.0000000000,25.0000000000,11.1000000000,1.0000000000,0.0000000000
0.3260000000,0.0000000000,0.0000000000,0.0000000000,2.9994069869,2.9370262666,25.0000000000,25.0000000000,11.1000000000,1.0000000000,0.0000000000
0.3270000000,0.0000000000,0.0000000000,0.0000000000,2.9994134975,2.9370807523,25.0000000000,25.0000000000,11.1000000000,1.0000000000,0.0000000000
0.3280000000,0.0000000000,0.0000000000,0.0000000000,2.9994199363,2.9371346399,25.0000000000,25.0000000000,11.1000000000,1.0000000000,0.0000000000
0.3290000000,0.0000000000,0.0000000000,0.0000000000,2.9994263042,2.9371879359,25.0000000000,25.0000000000,11.1000000000,1.0000000000,0.0000000000
0.3300000000,0.0000000000,0.0000000000,0.0000000000,2.9994326019,2.9372406470,25.0000000000,25.0000000000,11.1000000000,1.0000000000,0.0000000000
0.3310000000,0.0000000000,0.0000000000,0.0000000000,2.9994388303,2.9372927795,25.0000000000,25.0000000000,11.1000000000,1.0000000000,0.0000000000
0.3320000000,0.0000000000,0.0000000000,0.0000000000,2.9994449901,2.9373443398,25.0000000000,25.0000000000,11.1000000000,1.0000000000,0.0000000000
0.3330000000,0.0000000000,0.0000000000,0.0000000000,2.9994510821,2.9373953341,25.0000000000,25.0000000000,11.1000000000,1.0000000000,0.0000000000
0.3340000000,0.0000000000,0.0000000000,0.0000000000,2.9994571070,2.9374457688,25.0000000000,25.0000000000,11.1000000000,1.0000000000,0.0000000000
0.3350000000,0.0000000000,0.0000000000,0.0000000000,2.9994630656,2.9374956500,25.0000000000,25.0000000000,11.1000000000,1.0000000000,0.0000000000
0.3360000000,0.0000000000,0.0000000000,0.0000000000,2.9994689586,2.9375449838,25.0000000000,25.0000000000,11.1000000000,1.0000000000,0.0000000000
0.3370000000,0.0000000000,0.0000000000,0.0000000000,2.9994747868,2.9375937761,25.0000000000,25.0000000000,11.1000000000,1.0000000000,0.0000000000
0.3380000000,0.0000000000,0.0000000000,0.0000000000,2.9994805507,2.9376420331,25.0000000000,25.0000000000,11.1000000000,1.0000000000,0.0000000000
0.3390000000,0.0000000000,0.0000000000,0.0000000000,2.9994862513,2.9376897604,25.0000000000,25.0000000000,11.1000000000,1.0000000000,0.0000000000
0.3400000000,0.0000000000,0.0000000000,0.0000000000,2.9994918891,2.9377369641,25.0000000000,25.0000000000,11.1000000000,1.0000000000,0.0000000000
0.3410000000,0.0000000000,0.0000000000,0.0000000000,2.9994974649,2.9377836498,25.0000000000,25.0000000000,11.1000000000,1.0000000000,0.0000000000
0.3420000000,0.0000000000,0.0000000000,0.0000000000,2.9995029793,2.9378298232,25.0000000000,25.0000000000,11.1000000000,1.0000000000,0.0000000000
0.3430000000,0.0000000000,0.0000000000,0.0000000000,2.9995084331,2.9378754900,25.0000000000,25.0000000000,11.1000000000,1.0000000000,0.0000000000
0.3440000000,0.0000000000,0.0000000000,0.0000000000,2.9995138269,2.9379206558,25.0000000000,25.0000000000,11.1000000000,1.0000000000,0.0000000000
0.3450000000,0.0000000000,0.0000000000,0.0000000000,2.9995191613,2.9379653260,25.0000000000,25.0000000000,11.1000000000,1.0000000000,0.0000000000
0.3460000000,0.0000000000,0.0000000000,0.0000000000,2.9995244371,2.9380095061,25.0000000000,25.0000000000,11.1000000000,1.0000000000,0.0000000000
0.3470000000,0.0000000000,0.0000000000,0.0000000000,2.9995296548,2.9380532015,25.0000000000,25.0000000000,11.1000000000,1.0000000000,0.0000000000
0.3480000000,0.0000000000,0.0000000000,0.0000000000,2.9995348151,2.9380964176,25.0000000000,25.0000000000,11.1000000000,1.0000000000,0.0000000000
0.3490000000,0.0000000000,0.0000000000,0.0000000000,2.9995399187,2.9381391595,25.0000000000,25.0000000000,11.1000000000,1.0000000000,0.0000000000
0.3500000000,0.0000000000,0.0000000000,0.0000000000,2.9995449661,2.9381814326,25.0000000000,25.0000000000,11.1000000000,1.0000000000,0.0000000000
0.3510000000,0.0000000000,0.0000000000,0.0000000000,2.9995499581,2.9382232419,25.0000000000,25.0000000000,11.1000000000,1.0000000000,0.0000000000
0.3520000000,0.0000000000,0.0000000000,0.0000000000,2.9995548951,2.9382645926,25.0000000000,25.0000000000,11.1000000000,1.0000000000,0.0000000000
0.3530000000,0.0000000000,0.0000000000,0.0000000000,2.9995597778,2.9383054897,25.0000000000,25.0000000000,11.1000000000,1.0000000000,0.0000000000
0.3540000000,0.0000000000,0.0000000000,0.0000000000,2.9995646069,2.9383459383,25.0000000000,25.0000000000,11.1000000000,1.0000000000,0.0000000000
0.3550000000,0.0000000000,0.0000000000,0.0000000000,2.9995693828,2.9383859431,25.0000000000,25.0000000000,11.1000000000,1.0000000000,0.0000000000
0.3560000000,0.0000000000,0.0000000000,0.0000000000,2.9995741062,2.9384255092,25.0000000000,25.0000000000,11.1000000000,1.0000000000,0.0000000000
0.3570000000,0.0000000000,0.0000000000,0.0000000000,2.9995787777,2.9384646413,25.0000000000,25.0000000000,11.1000000000,1.0000000000,0.0000000000
0.3580000000,0.0000000000,0.0000000000,0.0000000000,2.9995833978,2.9385033442,25.0000000000,25.0000000000,11.1000000000,1.0000000000,0.0000000000
0.3590000000,0.0000000000,0.0000000000,0.0000000000,2.9995879671,2.9385416227,25.0000000000,25.0000000000,11.1000000000,1.0000000000,0.0000000000
0.3600000000,0.0000000000,0.0000000000,0.0000000000,2.9995924862,2.9385794813,25.0000000000,25.0000000000,11.1000000000,1.0000000000,0.0000000000
0.3610000000,0.0000000000,0.0000000000,0.0000000000,2.9995969555,2.9386169248,25.0000000000,25.0000000000,11.1000000000,1.0000000000,0.0000000000
0.3620000000,0.0000000000,0.0000000000,0.0000000000,2.9996013757,2.9386539576,25.0000000000,25.0000000000,11.1000000000,1.0000000000,0.0000000000
0.3630000000,0.0000000000,0.0000000000,0.0000000000,2.9996057473,2.9386905844,25.0000000000,25.0000000000,11.1000000000,1.0000000000,0.0000000000
0.3640000000,0.0000000000,0.0000000000,0.0000000000,2.9996100708,2.9387268095,25.0000000000,25.0000000000,11.1000000000,1.0000000000,0.0000000000
0.3650000000,0.0000000000,0.0000000000,0.0000000000,2.9996143467,2.9387626374,25.0000000000,25.0000000000,11.1000000000,1.0000000000,0.0000000000
0.3660000000,0.0000000000,0.0000000000,0.0000000000,2.9996185756,2.9387980725,25.0000000000,25.0000000000,11.1000000000,1.0000000000,0.0000000000
0.3670000000,0.0000000000,0.0000000000,0.0000000000,2.9996227580,2.9388331190,25.0000000000,25.0000000000,11.1000000000,1.0000000000,0.0000000000
0.3680000000,0.0000000000,0.0000000000,0.0000000000,2.9996268944,2.9388677813,25.0000000000,25.0000000000,11.1000000000,1.0000000000,0.0000000000
0.3690000000,0.0000000000,0.0000000000,0.0000000000,2.9996309853,2.9389020636,25.0000000000,25.0000000000,11.1000000000,1.0000000000,0.0000000000
0.3700000000,0.0000000000,0.0000000000,0.0000000000,2.9996350311,2.9389359700,25.0000000000,25.0000000000,11.1000000000,1.0000000000,0.0000000000
0.3710000000,0.0000000000,0.0000000000,0.0000000000,2.9996390324,2.9389695047,25.0000000000,25.0000000000,11.1000000000,1.0000000000,0.0000000000
0.3720000000,0.0000000000,0.0000000000,0.0000000000,2.9996429897,2.9390026719,25.0000000000,25.0000000000,11.1000000000,1.0000000000,0.0000000000
0.3730000000,0.0000000000,0.0000000000,0.0000000000,2.9996469035,2.9390354754,25.0000000000,25.0000000000,11.1000000000,1.0000000000,0.0000000000
0.3740000000,0.0000000000,0.0000000000,0.0000000000,2.9996507741,2.9390679194,25.0000000000,25.0000000000,11.1000000000,1.0000000000,0.0000000000
0.3750000000,0.0000000000,0.0000000000,0.0000000000,2.9996546021,2.9391000079,25.0000000000,25.0000000000,11.1000000000,1.0000000000,0.0000000000
0.3760000000,0.0000000000,0.0000000000,0.0000000000,2.9996583879,2.9391317446,25.0000000000,25.0000000000,11.1000000000,1.0000000000,0.0000000000
0.3770000000,0.0000000000,0.0000000000,0.0000000000,2.9996621321,2.9391631335,25.0000000000,25.0000000000,11.1000000000,1.0000000000,0.0000000000
0.3780000000,0.0000000000,0.0000000000,0.0000000000,2.9996658350,2.9391941785,25.0000000000,25.0000000000,11.1000000000,1.0000000000,0.0000000000
0.3790000000,0.0000000000,0.0000000000,0.0000000000,2.9996694971,2.9392248833,25.0000000000,25.0000000000,11.1000000000,1.0000000000,0.0000000000
0.3800000000,0.0000000000,0.0000000000,0.0000000000,2.9996731188,2.9392552517,25.0000000000,25.0000000000,11.1000000000,1.0000000000,0.0000000000
0.3810000000,0.0000000000,0.0000000000,0.0000000000,2.9996767006,2.9392852873,25.0000000000,25.0000000000,11.1000000000,1.0000000000,0.0000000000
0.3820000000,0.0000000000,0.0000000000,0.0000000000,2.9996802429,2.9393149940,25.0000000000,25.0000000000,11.1000000000,1.0000000000,0.0000000000
0.3830000000,0.0000000000,0.0000000000,0.0000000000,2.9996837461,2.9393443752,25.0000000000,25.0000000000,11.1000000000,1.0000000000,0.0000000000
0.3840000000,0.0000000000,0.0000000000,0.0000000000,2.9996872106,2.9393734346,25.0000000000,25.0000000000,11.1000000000,1.0000000000,0.0000000000
0.3850000000,0.0000000000,0.0000000000,0.0000000000,2.9996906369,2.9394021757,25.0000000000,25.0000000000,11.1000000000,1.0000000000,0.0000000000
0.3860000000,0.0000000000,0.0000000000,0.0000000000,2.9996940254,2.9394306021,25.0000000000,25.0000000000,11.1000000000,1.0000000000,0.0000000000
0.3870000000,0.0000000000,0.0000000000,0.0000000000,2.9996973764,2.9394587172,25.0000000000,25.0000000000,11.1000000000,1.0000000000,0.0000000000
0.3880000000,0.0000000000,0.0000000000,0.0000000000,2.9997006905,2.9394865245,25.0000000000,25.0000000000,11.1000000000,1.0000000000,0.0000000000
0.3890000000,0.0000000000,0.0000000000,0.0000000000,2.9997039678,2.9395140274,25.0000000000,25.0000000000,11.1000000000,1.0000000000,0.0000000000
0.3900000000,0.0000000000,0.0000000000,0.0000000000,2.9997072090,2.9395412292,25.0000000000,25.0000000000,11.1000000000,1.0000000000,0.0000000000
0.3910000000,0.0000000000,0.0000000000,0.0000000000,2.9997104142,2.9395681334,25.0000000000,25.0000000000,11.1000000000,1.0000000000,0.0000000000
0.3920000000,0.0000000000,0.0000000000,0.0000000000,2.9997135840,2.9395947431,25.0000000000,25.0000000000,11.1000000000,1.0000000000,0.0000000000
0.3930000000,0.0000000000,0.0000000000,0.0000000000,2.9997167187,2.9396210616,25.0000000000,25.0000000000,11.1000000000,1.0000000000,0.0000000000
0.3940000000,0.0000000000,0.0000000000,0.0000000000,2.9997198187,2.9396470923,25.0000000000,25.0000000000,11.1000000000,1.0000000000,0.0000000000
0.3950000000,0.0000000000,0.0000000000,0.0000000000,2.9997228843,2.9396728382,25.0000000000,25.0000000000,11.1000000000,1.0000000000,0.0000000000
0.3960000000,0.0000000000,0.0000000000,0.0000000000,2.9997259159,2.9396983026,25.0000000000,25.0000000000,11.1000000000,1.0000000000,0.0000000000
0.3970000000,0.0000000000,0.0000000000,0.0000000000,2.9997289138,2.9397234885,25.0000000000,25.0000000000,11.1000000000,1.0000000000,0.0000000000
0.3980000000,0.0000000000,0.0000000000,0.0000000000,2.9997318784,2.9397483990,25.0000000000,25.0000000000,11.1000000000,1.0000000000,0.0000000000
0.3990000000,0.0000000000,0.0000000000,0.0000000000,2.9997348101,2.9397730374,25.0000000000,25.0000000000,11.1000000000,1.0000000000,0.0000000000
0.4000000000,0.0000000000,0.0000000000,0.0000000000,2.9997377092,2.9397974064,25.0000000000,25.0000000000,11.1000000000,1.0000000000,0.0000000000
0.4010000000,0.0000000000,0.0000000000,0.0000000000,2.9997405761,2.9398215092,25.0000000000,25.0000000000,11.1000000000,1.0000000000,0.0000000000
0.4020000000,0.0000000000,0.0000000000,0.0000000000,2.9997434110,2.9398453488,25.0000000000,25.0000000000,11.1000000000,1.0000000000,0.0000000000
0.4030000000,0.0000000000,0.0000000000,0.0000000000,2.9997462144,2.9398689280,25.0000000000,25.0000000000,11.1000000000,1.0000000000,0.0000000000
0.4040000000,0.0000000000,0.0000000000,0.0000000000,2.9997489864,2.9398922497,25.0000000000,25.0000000000,11.1000000000,1.0000000000,0.0000000000
0.4050000000,0.0000000000,0.0000000000,0.0000000000,2.9997517276,2.9399153170,25.0000000000,25.0000000000,11.1000000000,1.0000000000,0.0000000000
0.4060000000,0.0000000000,0.0000000000,0.0000000000,2.9997544381,2.9399381325,25.0000000000,25.0000000000,11.1000000000,1.0000000000,0.0000000000
0.4070000000,0.0000000000,0.0000000000,0.0000000000,2.9997571184,2.9399606991,25.0000000000,25.0000000000,11.1000000000,1.0000000000,0.0000000000
0.4080000000,0.0000000000,0.0000000000,0.0000000000,2.9997597686,2.9399830196,25.0000000000,25.0000000000,11.1000000000,1.0000000000,0.0000000000
0.4090000000,0.0000000000,0.0000000000,0.0000000000,2.9997623892,2.9400050968,25.0000000000,25.0000000000,11.1000000000,1.0000000000,0.0000000000
0.4100000000,0.0000000000,0.0000000000,0.0000000000,2.9997649804,2.9400269334,25.0000000000,25.0000000000,11.1000000000,1.0000000000,0.0000000000
0.4110000000,0.0000000000,0.0000000000,0.0000000000,2.9997675425,2.9400485321,25.0000000000,25.0000000000,11.1000000000,1.0000000000,0.0000000000
0.4120000000,0.0000000000,0.0000000000,0.0000000000,2.9997700759,2.9400698956,25.0000000000,25.0000000000,11.1000000000,1.0000000000,0.0000000000
0.4130000000,0.0000000000,0.0000000000,0.0000000000,2.9997725808,2.9400910264,25.0000000000,25.0000000000,11.1000000000,1.0000000000,0.0000000000
0.4140000000,0.0000000000,0.0000000000,0.0000000000,2.9997750576,2.9401119274,25.0000000000,25.0000000000,11.1000000000,1.0000000000,0.0000000000
0.4150000000,0.0000000000,0.0000000000,0.0000000000,2.9997775064,2.9401326010,25.0000000000,25.0000000000,11.1000000000,1.0000000000,0.0000000000
0.4160000000,0.0000000000,0.0000000000,0.0000000000,2.9997799277,2.9401530497,25.0000000000,25.0000000000,11.1000000000,1.0000000000,0.0000000000
0.4170000000,0.0000000000,0.0000000000,0.0000000000,2.9997823216,2.9401732763,25.0000000000,25.0000000000,11.1000000000,1.0000000000,0.0000000000
0.4180000000,0.0000000000,0.0000000000,0.0000000000,2.9997846884,2.9401932831,25.0000000000,25.0000000000,11.1000000000,1.0000000000,0.0000000000
0.4190000000,0.0000000000,0.0000000000,0.0000000000,2.9997870286,2.9402130726,25.0000000000,25.0000000000,11.1000000000,1.0000000000,0.0000000000
0.4200000000,0.0000000000,0.0000000000,0.0000000000,2.9997893422,2.9402326474,25.0000000000,25.0000000000,11.1000000000,1.0000000000,0.0000000000
0.4210000000,0.0000000000,0.0000000000,0.0000000000,2.9997916295,2.9402520099,25.0000000000,25.0000000000,11.1000000000,1.0000000000,0.0000000000
0.4220000000,0.0000000000,0.0000000000,0.0000000000,2.9997938910,2.9402711624,25.0000000000,25.0000000000,11.1000000000,1.0000000000,0.0000000000
0.4230000000,0.0000000000,0.0000000000,0.0000000000,2.9997961267,2.9402901074,25.0000000000,25.0000000000,11.1000000000,1.0000000000,0.0000000000
0.4240000000,0.0000000000,0.0000000000,0.0000000000,2.9997983370,2.9403088472,25.0000000000,25.0000000000,11.1000000000,1.0000000000,0.0000000000
0.4250000000,0.0000000000,0.0000000000,0.0000000000,2.9998005221,2.9403273843,25.0000000000,25.0000000000,11.1000000000,1.0000000000,0.0000000000
0.4260000000,0.0000000000,0.0000000000,0.0000000000,2.9998026823,2.9403457208,25.0000000000,25.0000000000,11.1000000000,1.0000000000,0.0000000000
0.4270000000,0.0000000000,0.0000000000,0.0000000000,2.9998048179,2.9403638591,25.0000000000,25.0000000000,11.1000000000,1.0000000000,0.0000000000
0.4280000000,0.0000000000,0.0000000000,0.0000000000,2.9998069290,2.9403818015,25.0000000000,25.0000000000,11.1000000000,1.0000000000,0.0000000000
0.4290000000,0.0000000000,0.0000000000,0.0000000000,2.9998090160,2.9403995502,25.0000000000,25.0000000000,11.1000000000,1.0000000000,0.0000000000
0.4300000000,0.0000000000,0.0000000000,0.0000000000,2.9998110790,2.9404171074,25.0000000000,25.0000000000,11.1000000000,1.0000000000,0.0000000000
0.4310000000,0.0000000000,0.0000000000,0.0000000000,2.9998131184,2.9404344754,25.0000000000,25.0000000000,11.1000000000,1.0000000000,0.0000000000
0.4320000000,0.0000000000,0.0000000000,0.0000000000,2.9998151343,2.9404516563,25.0000000000,25.0000000000,11.1000000000,1.0000000000,0.0000000000
0.4330000000,0.0000000000,0.0000000000,0.0000000000,2.9998171270,2.9404686523,25.0000000000,25.0000000000,11.1000000000,1.0000000000,0.0000000000
0.4340000000,0.0000000000,0.0000000000,0.0000000000,2.9998190968,2.9404854655,25.0000000000,25.0000000000,11.1000000000,1.0000000000,0.0000000000
0.4350000000,0.0000000000,0.0000000000,0.0000000000,2.9998210439,2.9405020981,25.0000000000,25.0000000000,11.1000000000,1.0000000000,0.0000000000
0.4360000000,0.0000000000,0.0000000000,0.0000000000,2.9998229684,2.9405185520,25.0000000000,25.0000000000,11.1000000000,1.0000000000,0.0000000000
0.4370000000,0.0000000000,0.0000000000,0.0000000000,2.9998248707,2.9405348295,25.0000000000,25.0000000000,11.1000000000,1.0000000000,0.0000000000
0.4380000000,0.0000000000,0.0000000000,0.0000000000,2.9998267509,2.9405509326,25.0000000000,25.0000000000,11.1000000000,1.0000000000,0.0000000000
0.4390000000,0.0000000000,0.0000000000,0.0000000000,2.9998286094,2.9405668632,25.0000000000,25.0000000000,11.1000000000,1.0000000000,0.0000000000
0.4400000000,0.0000000000,0.0000000000,0.0000000000,2.9998304462,2.9405826234,25.0000000000,25.0000000000,11.1000000000,1.0000000000,0.0000000000
0.4410000000,0.0000000000,0.0000000000,0.0000000000,2.9998322617,2.9405982151,25.0000000000,25.0000000000,11.1000000000,1.0000000000,0.0000000000
0.4420000000,0.0000000000,0.0000000000,0.0000000000,2.9998340560,2.9406136405,25.0000000000,25.0000000000,11.1000000000,1.0000000000,0.0000000000
0.4430000000,0.0000000000,0.0000000000,0.0000000000,2.9998358294,2.9406289013,25.0000000000,25.0000000000,11.1000000000,1.0000000000,0.0000000000
0.4440000000,0.0000000000,0.0000000000,0.0000000000,2.9998375821,2.9406439995,25.0000000000,25.0000000000,11.1000000000,1.0000000000,0.0000000000
0.4450000000,0.0000000000,0.0000000000,0.0000000000,2.9998393143,2.9406589370,25.0000000000,25.0000000000,11.1000000000,1.0000000000,0.0000000000
0.4460000000,0.0000000000,0.0000000000,0.0000000000,2.9998410263,2.9406737158,25.0000000000,25.0000000000,11.1000000000,1.0000000000,0.0000000000
0.4470000000,0.0000000000,0.0000000000,0.0000000000,2.9998427181,2.9406883376,25.0000000000,25.0000000000,11.1000000000,1.0000000000,0.0000000000
0.4480000000,0.0000000000,0.0000000000,0.0000000000,2.9998443901,2.9407028044,25.0000000000,25.0000000000,11.1000000000,1.0000000000,0.0000000000
0.4490000000,0.0000000000,0.0000000000,0.0000000000,2.9998460424,2.9407171179,25.0000000000,25.0000000000,11.1000000000,1.0000000000,0.0000000000
0.4500000000,0.0000000000,0.0000000000,0.0000000000,2.9998476753,2.9407312800,25.0000000000,25.0000000000,11.1000000000,1.0000000000,0.0000000000
0.4510000000,0.0000000000,0.0000000000,0.0000000000,2.9998492889,2.9407452924,25.0000000000,25.0000000000,11.1000000000,1.0000000000,0.0000000000
0.4520000000,0.0000000000,0.0000000000,0.0000000000,2.9998508835,2.9407591570,25.0000000000,25.0000000000,11.1000000000,1.0000000000,0.0000000000
0.4530000000,0.0000000000,0.0000000000,0.0000000000,2.9998524593,2.9407728754,25.0000000000,25.0000000000,11.1000000000,1.0000000000,0.0000000000
0.4540000000,0.0000000000,0.0000000000,0.0000000000,2.9998540164,2.9407864494,25.0000000000,25.0000000000,11.1000000000,1.0000000000,0.0000000000
0.4550000000,0.0000000000,0.0000000000,0.0000000000,2.9998555551,2.9407998807,25.0000000000,25.0000000000,11.1000000000,1.0000000000,0.0000000000
0.4560000000,0.0000000000,0.0000000000,0.0000000000,2.9998570756,2.9408131711,25.0000000000,25.0000000000,11.1000000000,1.0000000000,0.0000000000
0.4570000000,0.0000000000,0.0000000000,0.0000000000,2.9998585780,2.9408263221,25.0000000000,25.0000000000,11.1000000000,1.0000000000,0.0000000000
0.4580000000,0.0000000000,0.0000000000,0.0000000000,2.9998600626,2.9408393355,25.0000000000,25.0000000000,11.1000000000,1.0000000000,0.0000000000
0.4590000000,0.0000000000,0.0000000000,0.0000000000,2.9998615295,2.9408522128,25.0000000000,25.0000000000,11.1000000000,1.0000000000,0.0000000000
0.4600000000,0.0000000000,0.0000000000,0.0000000000,2.9998629789,2.9408649558,25.0000000000,25.0000000000,11.1000000000,1.0000000000,0.0000000000
0.4610000000,0.0000000000,0.0000000000,0.0000000000,2.9998644111,2.9408775660,25.0000000000,25.0000000000,11.1000000000,1.0000000000,0.0000000000
0.4620000000,0.0000000000,0.0000000000,0.0000000000,2.9998658262,2.9408900450,25.0000000000,25.0000000000,11.1000000000,1.0000000000,0.0000000000
0.4630000000,0.0000000000,0.0000000000,0.0000000000,2.9998672244,2.9409023944,25.0000000000,25.0000000000,11.1000000000,1.0000000000,0.0000000000
0.4640000000,0.0000000000,0.0000000000,0.0000000000,2.9998686058,2.9409146157,25.0000000000,25.0000000000,11.1000000000,1.0000000000,0.0000000000
0.4650000000,0.0000000000,0.0000000000,0.0000000000,2.9998699708,2.9409267104,25.0000000000,25.0000000000,11.1000000000,1.0000000000,0.0000000000
0.4660000000,0.0000000000,0.0000000000,0.0000000000,2.9998713194,2.9409386802,25.0000000000,25.0000000000,11.1000000000,1.0000000000,0.0000000000
0.4670000000,0.0000000000,0.0000000000,0.0000000000,2.9998726519,2.9409505264,25.0000000000,25.0000000000,11.1000000000,1.0000000000,0.0000000000
0.4680000000,0.0000000000,0.0000000000,0.0000000000,2.9998739684,2.9409622506,25.0000000000,25.0000000000,11.1000000000,1.0000000000,0.0000000000
0.4690000000,0.0000000000,0.0000000000,0.0000000000,2.9998752691,2.9409738541,25.0000000000,25.0000000000,11.1000000000,1.0000000000,0.0000000000
0.4700000000,0.0000000000,0.0000000000,0.0000000000,2.9998765542,2.9409853386,25.0000000000,25.0000000000,11.1000000000,1.0000000000,0.0000000000
0.4710000000,0.0000000000,0.0000000000,0.0000000000,2.9998778238,2.9409967054,25.0000000000,25.0000000000,11.1000000000,1.0000000000,0.0000000000
0.4720000000,0.0000000000,0.0000000000,0.0000000000,2.9998790782,2.9410079559,25.0000000000,25.0000000000,11.1000000000,1.0000000000,0.0000000000
0.4730000000,0.0000000000,0.0000000000,0.0000000000,2.9998803175,2.9410190915,25.0000000000,25.0000000000,11.1000000000,1.0000000000,0.0000000000
0.4740000000,0.0000000000,0.0000000000,0.0000000000,2.9998815419,2.9410301136,25.0000000000,25.0000000000,11.1000000000,1.0000000000,0.0000000000
0.4750000000,0.0000000000,0.0000000000,0.0000000000,2.9998827515,2.9410410236,25.0000000000,25.0000000000,11.1000000000,1.0000000000,0.0000000000
0.4760000000,0.0000000000,0.0000000000,0.0000000000,2.9998839466,2.9410518229,25.0000000000,25.0000000000,11.1000000000,1.0000000000,0.0000000000
0.4770000000,0.0000000000,0.0000000000,0.0000000000,2.9998851273,2.9410625127,25.0000000000,25.0000000000,11.1000000000,1.0000000000,0.0000000000
0.4780000000,0.0000000000,0.0000000000,0.0000000000,2.9998862938,2.9410730943,25.0000000000,25.0000000000,11.1000000000,1.0000000000,0.0000000000
0.4790000000,0.0000000000,0.0000000000,0.0000000000,2.9998874462,2.9410835692,25.0000000000,25.0000000000,11.1000000000,1.0000000000,0.0000000000
0.4800000000,0.0000000000,0.0000000000,0.0000000000,2.9998885847,2.9410939385,25.0000000000,25.0000000000,11.1000000000,1.0000000000,0.0000000000
0.4810000000,0.0000000000,0.0000000000,0.0000000000,2.9998897095,2.9411042036,25.0000000000,25.0000000000,11.1000000000,1.0000000000,0.0000000000
0.4820000000,0.0000000000,0.0000000000,0.0000000000,2.9998908207,2.9411143657,25.0000000000,25.0000000000,11.1000000000,1.0000000000,0.0000000000
0.4830000000,0.0000000000,0.0000000000,0.0000000000,2.9998919185,2.9411244260,25.0000000000,25.0000000000,11.1000000000,1.0000000000,0.0000000000
0.4840000000,0.0000000000,0.0000000000,0.0000000000,2.9998930031,2.9411343858,25.0000000000,25.0000000000,11.1000000000,1.0000000000,0.0000000000
0.4850000000,0.0000000000,0.0000000000,0.0000000000,2.9998940746,2.9411442463,25.0000000000,25.0000000000,11.1000000000,1.0000000000,0.0000000000
0.4860000000,0.0000000000,0.0000000000,0.0000000000,2.9998951332,2.9411540086,25.0000000000,25.0000000000,11.1000000000,1.0000000000,0.0000000000
0.4870000000,0.0000000000,0.0000000000,0.0000000000,2.9998961790,2.9411636740,25.0000000000,25.0000000000,11.1000000000,1.0000000000,0.0000000000
0.4880000000,0.0000000000,0.0000000000,0.0000000000,2.9998972122,2.9411732437,25.0000000000,25.0000000000,11.1000000000,1.0000000000,0.0000000000
0.4890000000,0.0000000000,0.0000000000,0.0000000000,2.9998982330,2.9411827187,25.0000000000,25.0000000000,11.1000000000,1.0000000000,0.0000000000
0.4900000000,0.0000000000,0.0000000000,0.0000000000,2.9998992414,2.9411921003,25.0000000000,25.0000000000,11.1000000000,1.0000000000,0.0000000000
0.4910000000,0.0000000000,0.0000000000,0.0000000000,2.9999002377,2.9412013895,25.0000000000,25.0000000000,11.1000000000,1.0000000000,0.0000000000
0.4920000000,0.0000000000,0.0000000000,0.0000000000,2.9999012220,2.9412105875,25.0000000000,25.0000000000,11.1000000000,1.0000000000,0.0000000000
0.4930000000,0.0000000000,0.0000000000,0.0000000000,2.9999021945,2.9412196954,25.0000000000,25.0000000000,11.1000000000,1.0000000000,0.0000000000
0.4940000000,0.0000000000,0.0000000000,0.0000000000,2.9999031553,2.9412287141,25.0000000000,25.0000000000,11.1000000000,1.0000000000,0.0000000000
0.4950000000,0.0000000000,0.0000000000,0.0000000000,2.9999041045,2.9412376449,25.0000000000,25.0000000000,11.1000000000,1.0000000000,0.0000000000
0.4960000000,0.0000000000,0.0000000000,0.0000000000,2.9999050423,2.9412464888,25.0000000000,25.0000000000,11.1000000000,1.0000000000,0.0000000000
0.4970000000,0.0000000000,0.0000000000,0.0000000000,2.9999059688,2.9412552468,25.0000000000,25.0000000000,11.1000000000,1.0000000000,0.0000000000
0.4980000000,0.0000000000,0.0000000000,0.0000000000,2.9999068843,2.9412639199,25.0000000000,25.0000000000,11.1000000000,1.0000000000,0.0000000000
0.4990000000,0.0000000000,0.0000000000,0.0000000000,2.9999077887,2.9412725092,25.0000000000,25.0000000000,11.1000000000,1.0000000000,0.0000000000
0.5000000000,0.0000000000,0.0000000000,0.0000000000,2.9999086823,2.9412810156,25.0000000000,25.0000000000,11.1000000000,1.0000000000,0.0000000000
0.5010000000,0.0000000000,0.0000000000,0.0000000000,2.9999095652,2.9412894402,25.0000000000,25.0000000000,11.1000000000,1.0000000000,0.0000000000
0.5020000000,0.0000000000,0.0000000000,0.0000000000,2.9999104376,2.9412977839,25.0000000000,25.0000000000,11.1000000000,1.0000000000,0.0000000000
0.5030000000,0.0000000000,0.0000000000,0.0000000000,2.9999112995,2.9413060477,25.0000000000,25.0000000000,11.1000000000,1.0000000000,0.0000000000
0.5040000000,0.0000000000,0.0000000000,0.0000000000,2.9999121511,2.9413142325,25.0000000000,25.0000000000,11.1000000000,1.0000000000,0.0000000000
0.5050000000,0.0000000000,0.0000000000,0.0000000000,2.9999129926,2.9413223393,25.0000000000,25.0000000000,11.1000000000,1.0000000000,0.0000000000
0.5060000000,0.0000000000,0.0000000000,0.0000000000,2.9999138240,2.9413303691,25.0000000000,25.0000000000,11.1000000000,1.0000000000,0.0000000000
0.5070000000,0.0000000000,0.0000000000,0.0000000000,2.9999146456,2.9413383226,25.0000000000,25.0000000000,11.1000000000,1.0000000000,0.0000000000
0.5080000000,0.0000000000,0.0000000000,0.0000000000,2.9999154573,2.9413462009,25.0000000000,25.0000000000,11.1000000000,1.0000000000,0.0000000000
0.5090000000,0.0000000000,0.0000000000,0.0000000000,2.9999162595,2.9413540049,25.0000000000,25.0000000000,11.1000000000,1.0000000000,0.0000000000
0.5100000000,0.0000000000,0.0000000000,0.0000000000,2.9999170521,2.9413617353,25.0000000000,25.0000000000,11.1000000000,1.0000000000,0.0000000000
0.5110000000,0.0000000000,0.0000000000,0.0000000000,2.9999178353,2.9413693931,25.0000000000,25.0000000000,11.1000000000,1.0000000000,0.0000000000
0.5120000000,0.0000000000,0.0000000000,0.0000000000,2.9999186092,2.9413769791,25.0000000000,25.0000000000,11.1000000000,1.0000000000,0.0000000000
0.5130000000,0.0000000000,0.0000000000,0.0000000000,2.9999193741,2.9413844942,25.0000000000,25.0000000000,11.1000000000,1.0000000000,0.0000000000
0.5140000000,0.0000000000,0.0000000000,0.0000000000,2.9999201298,2.9413919392,25.0000000000,25.0000000000,11.1000000000,1.0000000000,0.0000000000
0.5150000000,0.0000000000,0.0000000000,0.0000000000,2.9999208767,2.9413993149,25.0000000000,25.0000000000,11.1000000000,1.0000000000,0.0000000000
0.5160000000,0.0000000000,0.0000000000,0.0000000000,2.9999216148,2.9414066222,25.0000000000,25.0000000000,11.1000000000,1.0000000000,0.0000000000
0.5170000000,0.0000000000,0.0000000000,0.0000000000,2.9999223442,2.9414138618,25.0000000000,25.0000000000,11.1000000000,1.0000000000,0.0000000000
0.5180000000,0.0000000000,0.0000000000,0.0000000000,2.9999230651,2.9414210346,25.0000000000,25.0000000000,11.1000000000,1.0000000000,0.0000000000
0.5190000000,0.0000000000,0.0000000000,0.0000000000,2.9999237775,2.9414281413,25.0000000000,25.0000000000,11.1000000000,1.0000000000,0.0000000000
0.5200000000,0.0000000000,0.0000000000,0.0000000000,2.9999244816,2.9414351826,25.0000000000,25.0000000000,11.1000000000,1.0000000000,0.0000000000
0.5210000000,0.0000000000,0.0000000000,0.0000000000,2.9999251775,2.9414421594,25.0000000000,25.0000000000,11.1000000000,1.0000000000,0.0000000000
0.5220000000,0.0000000000,0.0000000000,0.0000000000,2.9999258652,2.9414490725,25.0000000000,25.0000000000,11.1000000000,1.0000000000,0.0000000000
0.5230000000,0.0000000000,0.0000000000,0.0000000000,2.9999265450,2.9414559224,25.0000000000,25.0000000000,11.1000000000,1.0000000000,0.0000000000
0.5240000000,0.0000000000,0.0000000000,0.0000000000,2.9999272168,2.9414627100,25.0000000000,25.0000000000,11.1000000000,1.0000000000,0.0000000000
0.5250000000,0.0000000000,0.0000000000,0.0000000000,2.9999278809,2.9414694360,25.0000000000,25.0000000000,11.1000000000,1.0000000000,0.0000000000
0.5260000000,0.0000000000,0.0000000000,0.0000000000,2.9999285373,2.9414761011,25.0000000000,25.0000000000,11.1000000000,1.0000000000,0.0000000000
0.5270000000,0.0000000000,0.0000000000,0.0000000000,2.9999291861,2.9414827060,25.0000000000,25.0000000000,11.1000000000,1.0000000000,0.0000000000
0.5280000000,0.0000000000,0.0000000000,0.0000000000,2.9999298274,2.9414892514,25.0000000000,25.0000000000,11.1000000000,1.0000000000,0.0000000000
0.5290000000,0.0000000000,0.0000000000,0.0000000000,2.9999304614,2.9414957380,25.0000000000,25.0000000000,11.1000000000,1.0000000000,0.0000000000
0.5300000000,0.0000000000,0.0000000000,0.0000000000,2.9999310880,2.9415021664,25.0000000000,25.0000000000,11.1000000000,1.0000000000,0.0000000000
0.5310000000,0.0000000000,0.0000000000,0.0000000000,2.9999317075,2.9415085373,25.0000000000,25.0000000000,11.1000000000,1.0000000000,0.0000000000
0.5320000000,0.0000000000,0.0000000000,0.0000000000,2.9999323199,2.9415148514,25.0000000000,25.0000000000,11.1000000000,1.0000000000,0.0000000000
0.5330000000,0.0000000000,0.0000000000,0.0000000000,2.9999329253,2.9415211093,25.0000000000,25.0000000000,11.1000000000,1.0000000000,0.0000000000
0.5340000000,0.0000000000,0.0000000000,0.0000000000,2.9999335238,2.9415273116,25.0000000000,25.0000000000,11.1000000000,1.0000000000,0.0000000000
0.5350000000,0.0000000000,0.0000000000,0.0000000000,2.9999341155,2.9415334590,25.0000000000,25.0000000000,11.1000000000,1.0000000000,0.0000000000
0.5360000000,0.0000000000,0.0000000000,0.0000000000,2.9999347005,2.9415395521,25.0000000000,25.0000000000,11.1000000000,1.0000000000,0.0000000000
0.5370000000,0.0000000000,0.0000000000,0.0000000000,2.9999352788,2.9415455915,25.0000000000,25.0000000000,11.1000000000,1.0000000000,0.0000000000
0.5380000000,0.0000000000,0.0000000000,0.0000000000,2.9999358507,2.9415515779,25.0000000000,25.0000000000,11.1000000000,1.0000000000,0.0000000000
0.5390000000,0.0000000000,0.0000000000,0.0000000000,2.9999364161,2.9415575117,25.0000000000,25.0000000000,11.1000000000,1.0000000000,0.0000000000
0.5400000000,0.0000000000,0.0000000000,0.0000000000,2.9999369751,2.9415633936,25.0000000000,25.0000000000,11.1000000000,1.0000000000,0.0000000000
0.5410000000,0.0000000000,0.0000000000,0.0000000000,2.9999375278,2.9415692242,25.0000000000,25.0000000000,11.1000000000,1.0000000000,0.0000000000
0.5420000000,0.0000000000,0.0000000000,0.0000000000,2.9999380744,2.9415750041,25.0000000000,25.0000000000,11.1000000000,1.0000000000,0.0000000000
0.5430000000,0.0000000000,0.0000000000,0.0000000000,2.9999386148,2.9415807338,25.0000000000,25.0000000000,11.1000000000,1.0000000000,0.0000000000
0.5440000000,0.0000000000,0.0000000000,0.0000000000,2.9999391492,2.9415864138,25.0000000000,25.0000000000,11.1000000000,1.0000000000,0.0000000000
0.5450000000,0.0000000000,0.0000000000,0.0000000000,2.9999396777,2.9415920448,25.0000000000,25.0000000000,11.1000000000,1.0000000000,0.0000000000
0.5460000000,0.0000000000,0.0000000000,0.0000000000,2.9999402003,2.9415976272,25.0000000000,25.0000000000,11.1000000000,1.0000000000,0.0000000000
0.5470000000,0.0000000000,0.0000000000,0.0000000000,2.9999407171,2.9416031616,25.0000000000,25.0000000000,11.1000000000,1.0000000000,0.0000000000
0.5480000000,0.0000000000,0.0000000000,0.0000000000,2.9999412283,2.9416086485,25.0000000000,25.0000000000,11.1000000000,1.0000000000,0.0000000000
0.5490000000,0.0000000000,0.0000000000,0.0000000000,2.9999417337,2.9416140885,25.0000000000,25.0000000000,11.1000000000,1.0000000000,0.0000000000
0.5500000000,0.0000000000,0.0000000000,0.0000000000,2.9999422337,2.9416194821,25.0000000000,25.0000000000,11.1000000000,1.0000000000,0.0000000000
0.5510000000,0.0000000000,0.0000000000,0.0000000000,2.9999427281,2.9416248297,25.0000000000,25.0000000000,11.1000000000,1.0000000000,0.0000000000
0.5520000000,0.0000000000,0.0000000000,0.0000000000,2.9999432171,2.9416301318,25.0000000000,25.0000000000,11.1000000000,1.0000000000,0.0000000000
0.5530000000,0.0000000000,0.0000000000,0.0000000000,2.9999437008,2.9416353891,25.0000000000,25.0000000000,11.1000000000,1.0000000000,0.0000000000
0.5540000000,0.0000000000,0.0000000000,0.0000000000,2.9999441793,2.9416406018,25.0000000000,25.0000000000,11.1000000000,1.0000000000,0.0000000000
0.5550000000,0.0000000000,0.0000000000,0.0000000000,2.9999446525,2.9416457706,25.0000000000,25.0000000000,11.1000000000,1.0000000000,0.0000000000
0.5560000000,0.0000000000,0.0000000000,0.0000000000,2.9999451206,2.9416508959,25.0000000000,25.0000000000,11.1000000000,1.0000000000,0.0000000000
0.5570000000,0.0000000000,0.0000000000,0.0000000000,2.9999455837,2.9416559782,25.0000000000,25.0000000000,11.1000000000,1.0000000000,0.0000000000
0.5580000000,0.0000000000,0.0000000000,0.0000000000,2.9999460417,2.9416610179,25.0000000000,25.0000000000,11.1000000000,1.0000000000,0.0000000000
0.5590000000,0.0000000000,0.0000000000,0.0000000000,2.9999464949,2.9416660154,25.0000000000,25.0000000000,11.1000000000,1.0000000000,0.0000000000
0.5600000000,0.0000000000,0.0000000000,0.0000000000,2.9999469431,2.9416709714,25.0000000000,25.0000000000,11.1000000000,1.0000000000,0.0000000000
0.5610000000,0.0000000000,0.0000000000,0.0000000000,2.9999473866,2.9416758860,25.0000000000,25.0000000000,11.1000000000,1.0000000000,0.0000000000
0.5620000000,0.0000000000,0.0000000000,0.0000000000,2.9999478253,2.9416807599,25.0000000000,25.0000000000,11.1000000000,1.0000000000,0.0000000000
0.5630000000,0.0000000000,0.0000000000,0.0000000000,2.9999482594,2.9416855935,25.0000000000,25.0000000000,11.1000000000,1.0000000000,0.0000000000
0.5640000000,0.0000000000,0.0000000000,0.0000000000,2.9999486889,2.9416903871,25.0000000000,25.0000000000,11.1000000000,1.0000000000,0.0000000000
0.5650000000,0.0000000000,0.0000000000,0.0000000000,2.9999491138,2.9416951412,25.0000000000,25.0000000000,11.1000000000,1.0000000000,0.0000000000
0.5660000000,0.0000000000,0.0000000000,0.0000000000,2.9999495342,2.9416998562,25.0000000000,25.0000000000,11.1000000000,1.0000000000,0.0000000000
0.5670000000,0.0000000000,0.0000000000,0.0000000000,2.9999499502,2.9417045326,25.0000000000,25.0000000000,11.1000000000,1.0000000000,0.0000000000
0.5680000000,0.0000000000,0.0000000000,0.0000000000,2.9999503618,2.9417091706,25.0000000000,25.0000000000,11.1000000000,1.0000000000,0.0000000000
0.5690000000,0.0000000000,0.0000000000,0.0000000000,2.9999507691,2.9417137708,25.0000000000,25.0000000000,11.1000000000,1.0000000000,0.0000000000
0.5700000000,0.0000000000,0.0000000000,0.0000000000,2.9999511722,2.9417183335,25.0000000000,25.0000000000,11.1000000000,1.0000000000,0.0000000000
0.5710000000,0.0000000000,0.0000000000,0.0000000000,2.9999515710,2.9417228591,25.0000000000,25.0000000000,11.1000000000,1.0000000000,0.0000000000
0.5720000000,0.0000000000,0.0000000000,0.0000000000,2.9999519657,2.9417273480,25.0000000000,25.0000000000,11.1000000000,1.0000000000,0.0000000000
0.5730000000,0.0000000000,0.0000000000,0.0000000000,2.9999523563,2.9417318005,25.0000000000,25.0000000000,11.1000000000,1.0000000000,0.0000000000
0.5740000000,0.0000000000,0.0000000000,0.0000000000,2.9999527429,2.9417362171,25.0000000000,25.0000000000,11.1000000000,1.0000000000,0.0000000000
0.5750000000,0.0000000000,0.0000000000,0.0000000000,2.9999531255,2.9417405981,25.0000000000,25.0000000000,11.1000000000,1.0000000000,0.0000000000
0.5760000000,0.0000000000,0.0000000000,0.0000000000,2.9999535041,2.9417449439,25.0000000000,25.0000000000,11.1000000000,1.0000000000,0.0000000000
0.5770000000,0.0000000000,0.0000000000,0.0000000000,2.9999538788,2.9417492548,25.0000000000,25.0000000000,11.1000000000,1.0000000000,0.0000000000
0.5780000000,0.0000000000,0.0000000000,0.0000000000,2.9999542497,2.9417535312,25.0000000000,25.0000000000,11.1000000000,1.0000000000,0.0000000000
0.5790000000,0.0000000000,0.0000000000,0.0000000000,2.9999546169,2.9417577734,25.0000000000,25.0000000000,11.1000000000,1.0000000000,0.0000000000
0.5800000000,0.0000000000,0.0000000000,0.0000000000,2.9999549802,2.9417619819,25.0000000000,25.0000000000,11.1000000000,1.0000000000,0.0000000000
0.5810000000,0.0000000000,0.0000000000,0.0000000000,2.9999553399,2.9417661568,25.0000000000,25.0000000000,11.1000000000,1.0000000000,0.0000000000
0.5820000000,0.0000000000,0.0000000000,0.0000000000,2.9999556960,2.9417702986,25.0000000000,25.0000000000,11.1000000000,1.0000000000,0.0000000000
0.5830000000,0.0000000000,0.0000000000,0.0000000000,2.9999560484,2.9417744076,25.0000000000,25.0000000000,11.1000000000,1.0000000000,0.0000000000
0.5840000000,0.0000000000,0.0000000000,0.0000000000,2.9999563973,2.9417784842,25.0000000000,25.0000000000,11.1000000000,1.0000000000,0.0000000000
0.5850000000,0.0000000000,0.0000000000,0.0000000000,2.9999567427,2.9417825286,25.0000000000,25.0000000000,11.1000000000,1.0000000000,0.0000000000
0.5860000000,0.0000000000,0.0000000000,0.0000000000,2.9999570846,2.9417865411,25.0000000000,25.0000000000,11.1000000000,1.0000000000,0.0000000000
0.5870000000,0.0000000000,0.0000000000,0.0000000000,2.9999574232,2.9417905222,25.0000000000,25.0000000000,11.1000000000,1.0000000000,0.0000000000
0.5880000000,0.0000000000,0.0000000000,0.0000000000,2.9999577583,2.9417944720,25.0000000000,25.0000000000,11.1000000000,1.0000000000,0.0000000000
0.5890000000,0.0000000000,0.0000000000,0.0000000000,2.9999580901,2.9417983910,25.0000000000,25.0000000000,11.1000000000,1.0000000000,0.0000000000
0.5900000000,0.0000000000,0.0000000000,0.0000000000,2.9999584186,2.9418022793,25.0000000000,25.0000000000,11.1000000000,1.0000000000,0.0000000000
0.5910000000,0.0000000000,0.0000000000,0.0000000000,2.9999587438,2.9418061374,25.0000000000,25.0000000000,11.1000000000,1.0000000000,0.0000000000
0.5920000000,0.0000000000,0.0000000000,0.0000000000,2.9999590659,2.9418099655,25.0000000000,25.0000000000,11.1000000000,1.0000000000,0.0000000000
0.5930000000,0.0000000000,0.0000000000,0.0000000000,2.9999593848,2.9418137639,25.0000000000,25.0000000000,11.1000000000,1.0000000000,0.0000000000
0.5940000000,0.0000000000,0.0000000000,0.0000000000,2.9999597005,2.9418175329,25.0000000000,25.0000000000,11.1000000000,1.0000000000,0.0000000000
0.5950000000,0.0000000000,0.0000000000,0.0000000000,2.9999600132,2.9418212728,25.0000000000,25.0000000000,11.1000000000,1.0000000000,0.0000000000
0.5960000000,0.0000000000,0.0000000000,0.0000000000,2.9999603228,2.9418249838,25.0000000000,25.0000000000,11.1000000000,1.0000000000,0.0000000000
0.5970000000,0.0000000000,0.0000000000,0.0000000000,2.9999606294,2.9418286663,25.0000000000,25.0000000000,11.1000000000,1.0000000000,0.0000000000
0.5980000000,0.0000000000,0.0000000000,0.0000000000,2.9999609330,2.9418323205,25.0000000000,25.0000000000,11.1000000000,1.0000000000,0.0000000000
0.5990000000,0.0000000000,0.0000000000,0.0000000000,2.9999612336,2.9418359467,25.0000000000,25.0000000000,11.1000000000,1.0000000000,0.0000000000
0.6000000000,0.0000000000,0.0000000000,0.0000000000,2.9999615314,2.9418395451,25.0000000000,25.0000000000,11.1000000000,1.0000000000,0.0000000000
0.6010000000,0.0000000000,0.0000000000,0.0000000000,2.9999618263,2.9418431161,25.0000000000,25.0000000000,11.1000000000,1.0000000000,0.0000000000
0.6020000000,0.0000000000,0.0000000000,0.0000000000,2.9999621183,2.9418466599,25.0000000000,25.0000000000,11.1000000000,1.0000000000,0.0000000000
0.6030000000,0.0000000000,0.0000000000,0.0000000000,2.9999624076,2.9418501767,25.0000000000,25.0000000000,11.1000000000,1.0000000000,0.0000000000
0.6040000000,0.0000000000,0.0000000000,0.0000000000,2.9999626941,2.9418536669,25.0000000000,25.0000000000,11.1000000000,1.0000000000,0.0000000000
0.6050000000,0.0000000000,0.0000000000,0.0000000000,2.9999629778,2.9418571305,25.0000000000,25.0000000000,11.1000000000,1.0000000000,0.0000000000
0.6060000000,0.0000000000,0.0000000000,0.0000000000,2.9999632589,2.9418605680,25.0000000000,25.0000000000,11.1000000000,1.0000000000,0.0000000000
0.6070000000,0.0000000000,0.0000000000,0.0000000000,2.9999635373,2.9418639796,25.0000000000,25.0000000000,11.1000000000,1.0000000000,0.0000000000
0.6080000000,0.0000000000,0.0000000000,0.0000000000,2.9999638130,2.9418673655,25.0000000000,25.0000000000,11.1000000000,1.0000000000,0.0000000000
0.6090000000,0.0000000000,0.0000000000,0.0000000000,2.9999640862,2.9418707259,25.0000000000,25.0000000000,11.1000000000,1.0000000000,0.0000000000
0.6100000000,0.0000000000,0.0000000000,0.0000000000,2.9999643568,2.9418740610,25.0000000000,25.0000000000,11.1000000000,1.0000000000,0.0000000000
0.6110000000,0.0000000000,0.0000000000,0.0000000000,2.9999646248,2.9418773712,25.0000000000,25.0000000000,11.1000000000,1.0000000000,0.0000000000
0.6120000000,0.0000000000,0.0000000000,0.0000000000,2.9999648903,2.9418806567,25.0000000000,25.0000000000,11.1000000000,1.0000000000,0.0000000000
0.6130000000,0.0000000000,0.0000000000,0.0000000000,2.9999651534,2.9418839176,25.0000000000,25.0000000000,11.1000000000,1.0000000000,0.0000000000
0.6140000000,0.0000000000,0.0000000000,0.0000000000,2.9999654140,2.9418871542,25.0000000000,25.0000000000,11.1000000000,1.0000000000,0.0000000000
0.6150000000,0.0000000000,0.0000000000,0.0000000000,2.9999656721,2.9418903668,25.0000000000,25.0000000000,11.1000000000,1.0000000000,0.0000000000
0.6160000000,0.0000000000,0.0000000000,0.0000000000,2.9999659279,2.9418935555,25.0000000000,25.0000000000,11.1000000000,1.0000000000,0.0000000000
0.6170000000,0.0000000000,0.0000000000,0.0000000000,2.9999661813,2.9418967206,25.0000000000,25.0000000000,11.1000000000,1.0000000000,0.0000000000
0.6180000000,0.0000000000,0.0000000000,0.0000000000,2.9999664324,2.9418998623,25.0000000000,25.0000000000,11.1000000000,1.0000000000,0.0000000000
0.6190000000,0.0000000000,0.0000000000,0.0000000000,2.9999666811,2.9419029807,25.0000000000,25.0000000000,11.1000000000,1.0000000000,0.0000000000
0.6200000000,0.0000000000,0.0000000000,0.0000000000,2.9999669276,2.9419060762,25.0000000000,25.0000000000,11.1000000000,1.0000000000,0.0000000000
0.6210000000,0.0000000000,0.0000000000,0.0000000000,2.9999671718,2.9419091490,25.0000000000,25.0000000000,11.1000000000,1.0000000000,0.0000000000
0.6220000000,0.0000000000,0.0000000000,0.0000000000,2.9999674138,2.9419121991,25.0000000000,25.0000000000,11.1000000000,1.0000000000,0.0000000000
0.6230000000,0.0000000000,0.0000000000,0.0000000000,2.9999676536,2.9419152269,25.0000000000,25.0000000000,11.1000000000,1.0000000000,0.0000000000
0.6240000000,0.0000000000,0.0000000000,0.0000000000,2.9999678912,2.9419182325,25.0000000000,25.0000000000,11.1000000000,1.0000000000,0.0000000000
0.6250000000,0.0000000000,0.0000000000,0.0000000000,2.9999681267,2.9419212162,25.0000000000,25.0000000000,11.1000000000,1.0000000000,0.0000000000
0.6260000000,0.0000000000,0.0000000000,0.0000000000,2.9999683600,2.9419241781,25.0000000000,25.0000000000,11.1000000000,1.0000000000,0.0000000000
0.6270000000,0.0000000000,0.0000000000,0.0000000000,2.9999685912,2.9419271184,25.0000000000,25.0000000000,11.1000000000,1.0000000000,0.0000000000
0.6280000000,0.0000000000,0.0000000000,0.0000000000,2.9999688203,2.9419300374,25.0000000000,25.0000000000,11.1000000000,1.0000000000,0.0000000000
0.6290000000,0.0000000000,0.0000000000,0.0000000000,2.9999690474,2.9419329352,25.0000000000,25.0000000000,11.1000000000,1.0000000000,0.0000000000
0.6300000000,0.0000000000,0.0000000000,0.0000000000,2.9999692724,2.9419358120,25.0000000000,25.0000000000,11.1000000000,1.0000000000,0.0000000000
0.6310000000,0.0000000000,0.0000000000,0.0000000000,2.9999694955,2.9419386679,25.0000000000,25.0000000000,11.1000000000,1.0000000000,0.0000000000
0.6320000000,0.0000000000,0.0000000000,0.0000000000,2.9999697165,2.9419415033,25.0000000000,25.0000000000,11.1000000000,1.0000000000,0.0000000000
0.6330000000,0.0000000000,0.0000000000,0.0000000000,2.9999699356,2.9419443182,25.0000000000,25.0000000000,11.1000000000,1.0000000000,0.0000000000
0.6340000000,0.0000000000,0.0000000000,0.0000000000,2.9999701527,2.9419471128,25.0000000000,25.0000000000,11.1000000000,1.0000000000,0.0000000000
0.6350000000,0.0000000000,0.0000000000,0.0000000000,2.9999703679,2.9419498874,25.0000000000,25.0000000000,11.1000000000,1.0000000000,0.0000000000
0.6360000000,0.0000000000,0.0000000000,0.0000000000,2.9999705813,2.9419526421,25.0000000000,25.0000000000,11.1000000000,1.0000000000,0.0000000000
0.6370000000,0.0000000000,0.0000000000,0.0000000000,2.9999707927,2.9419553770,25.0000000000,25.0000000000,11.1000000000,1.0000000000,0.0000000000
0.6380000000,0.0000000000,0.0000000000,0.0000000000,2.9999710023,2.9419580923,25.0000000000,25.0000000000,11.1000000000,1.0000000000,0.0000000000
0.6390000000,0.0000000000,0.0000000000,0.0000000000,2.9999712100,2.9419607883,25.0000000000,25.0000000000,11.1000000000,1.0000000000,0.0000000000
0.6400000000,0.0000000000,0.0000000000,0.0000000000,2.9999714159,2.9419634651,25.0000000000,25.0000000000,11.1000000000,1.0000000000,0.0000000000
0.6410000000,0.0000000000,0.0000000000,0.0000000000,2.9999716200,2.9419661228,25.0000000000,25.0000000000,11.1000000000,1.0000000000,0.0000000000
0.6420000000,0.0000000000,0.0000000000,0.0000000000,2.9999718224,2.9419687616,25.0000000000,25.0000000000,11.1000000000,1.0000000000,0.0000000000
0.6430000000,0.0000000000,0.0000000000,0.0000000000,2.9999720230,2.9419713817,25.0000000000,25.0000000000,11.1000000000,1.0000000000,0.0000000000
0.6440000000,0.0000000000,0.0000000000,0.0000000000,2.9999722218,2.9419739832,25.0000000000,25.0000000000,11.1000000000,1.0000000000,0.0000000000
0.6450000000,0.0000000000,0.0000000000,0.0000000000,2.9999724190,2.9419765663,25.0000000000,25.0000000000,11.1000000000,1.0000000000,0.0000000000
0.6460000000,0.0000000000,0.0000000000,0.0000000000,2.9999726144,2.9419791312,25.0000000000,25.0000000000,11.1000000000,1.0000000000,0.0000000000
0.6470000000,0.0000000000,0.0000000000,0.0000000000,2.9999728082,2.9419816780,25.0000000000,25.0000000000,11.1000000000,1.0000000000,0.0000000000
0.6480000000,0.0000000000,0.0000000000,0.0000000000,2.9999730002,2.9419842069,25.0000000000,25.0000000000,11.1000000000,1.0000000000,0.0000000000
0.6490000000,0.0000000000,0.0000000000,0.0000000000,2.9999731907,2.9419867179,25.0000000000,25.0000000000,11.1000000000,1.0000000000,0.0000000000
0.6500000000,0.0000000000,0.0000000000,0.0000000000,2.9999733795,2.9419892114,25.0000000000,25.0000000000,11.1000000000,1.0000000000,0.0000000000
0.6510000000,0.0000000000,0.0000000000,0.0000000000,2.9999735667,2.9419916874,25.0000000000,25.0000000000,11.1000000000,1.0000000000,0.0000000000
0.6520000000,0.0000000000,0.0000000000,0.0000000000,2.9999737523,2.9419941460,25.0000000000,25.0000000000,11.1000000000,1.0000000000,0.0000000000
0.6530000000,0.0000000000,0.0000000000,0.0000000000,2.9999739364,2.9419965874,25.0000000000,25.0000000000,11.1000000000,1.0000000000,0.0000000000
0.6540000000,0.0000000000,0.0000000000,0.0000000000,2.9999741188,2.9419990118,25.0000000000,25.0000000000,11.1000000000,1.0000000000,0.0000000000
0.6550000000,0.0000000000,0.0000000000,0.0000000000,2.9999742998,2.9420014193,25.0000000000,25.0000000000,11.1000000000,1.0000000000,0.0000000000
0.6560000000,0.0000000000,0.0000000000,0.0000000000,2.9999744792,2.9420038101,25.0000000000,25.0000000000,11.1000000000,1.0000000000,0.0000000000
0.6570000000,0.0000000000,0.0000000000,0.0000000000,2.9999746571,2.9420061842,25.0000000000,25.0000000000,11.1000000000,1.0000000000,0.0000000000
0.6580000000,0.0000000000,0.0000000000,0.0000000000,2.9999748335,2.9420085419,25.0000000000,25.0000000000,11.1000000000,1.0000000000,0.0000000000
0.6590000000,0.0000000000,0.0000000000,0.0000000000,2.9999750084,2.9420108832,25.0000000000,25.0000000000,11.1000000000,1.0000000000,0.0000000000
0.6600000000,0.0000000000,0.0000000000,0.0000000000,2.9999751819,2.9420132083,25.0000000000,25.0000000000,11.1000000000,1.0000000000,0.0000000000
0.6610000000,0.0000000000,0.0000000000,0.0000000000,2.9999753539,2.9420155173,25.0000000000,25.0000000000,11.1000000000,1.0000000000,0.0000000000
0.6620000000,0.0000000000,0.0000000000,0.0000000000,2.9999755245,2.9420178104,25.0000000000,25.0000000000,11.1000000000,1.0000000000,0.0000000000
0.6630000000,0.0000000000,0.0000000000,0.0000000000,2.9999756937,2.9420200877,25.0000000000,25.0000000000,11.1000000000,1.0000000000,0.0000000000
0.6640000000,0.0000000000,0.0000000000,0.0000000000,2.9999758615,2.9420223493,25.0000000000,25.0000000000,11.1000000000,1.0000000000,0.0000000000
0.6650000000,0.0000000000,0.0000000000,0.0000000000,2.9999760279,2.9420245954,25.0000000000,25.0000000000,11.1000000000,1.0000000000,0.0000000000
0.6660000000,0.0000000000,0.0000000000,0.0000000000,2.9999761929,2.9420268261,25.0000000000,25.0000000000,11.1000000000,1.0000000000,0.0000000000
0.6670000000,0.0000000000,0.0000000000,0.0000000000,2.9999763565,2.9420290414,25.0000000000,25.0000000000,11.1000000000,1.0000000000,0.0000000000
0.6680000000,0.0000000000,0.0000000000,0.0000000000,2.9999765188,2.9420312416,25.0000000000,25.0000000000,11.1000000000,1.0000000000,0.0000000000
0.6690000000,0.0000000000,0.0000000000,0.0000000000,2.9999766798,2.9420334268,25.0000000000,25.0000000000,11.1000000000,1.0000000000,0.0000000000
0.6700000000,0.0000000000,0.0000000000,0.0000000000,2.9999768395,2.9420355970,25.0000000000,25.0000000000,11.1000000000,1.0000000000,0.0000000000
0.6710000000,0.0000000000,0.0000000000,0.0000000000,2.9999769978,2.9420377525,25.0000000000,25.0000000000,11.1000000000,1.0000000000,0.0000000000
0.6720000000,0.0000000000,0.0000000000,0.0000000000,2.9999771549,2.9420398933,25.0000000000,25.0000000000,11.1000000000,1.0000000000,0.0000000000
0.6730000000,0.0000000000,0.0000000000,0.0000000000,2.9999773107,2.9420420195,25.0000000000,25.0000000000,11.1000000000,1.0000000000,0.0000000000
0.6740000000,0.0000000000,0.0000000000,0.0000000000,2.9999774652,2.9420441312,25.0000000000,25.0000000000,11.1000000000,1.0000000000,0.0000000000
0.6750000000,0.0000000000,0.0000000000,0.0000000000,2.9999776185,2.9420462287,25.0000000000,25.0000000000,11.1000000000,1.0000000000,0.0000000000
0.6760000000,0.0000000000,0.0000000000,0.0000000000,2.9999777706,2.9420483119,25.0000000000,25.0000000000,11.1000000000,1.0000000000,0.0000000000
0.6770000000,0.0000000000,0.0000000000,0.0000000000,2.9999779214,2.9420503810,25.0000000000,25.0000000000,11.1000000000,1.0000000000,0.0000000000
0.6780000000,0.0000000000,0.0000000000,0.0000000000,2.9999780710,2.9420524362,25.0000000000,25.0000000000,11.1000000000,1.0000000000,0.0000000000
0.6790000000,0.0000000000,0.0000000000,0.0000000000,2.9999782194,2.9420544774,25.0000000000,25.0000000000,11.1000000000,1.0000000000,0.0000000000
0.6800000000,0.0000000000,0.0000000000,0.0000000000,2.9999783666,2.9420565049,25.0000000000,25.0000000000,11.1000000000,1.0000000000,0.0000000000
0.6810000000,0.0000000000,0.0000000000,0.0000000000,2.9999785126,2.9420585188,25.0000000000,25.0000000000,11.1000000000,1.0000000000,0.0000000000
0.6820000000,0.0000000000,0.0000000000,0.0000000000,2.9999786575,2.9420605191,25.0000000000,25.0000000000,11.1000000000,1.0000000000,0.0000000000
0.6830000000,0.0000000000,0.0000000000,0.0000000000,2.9999788012,2.9420625060,25.0000000000,25.0000000000,11.1000000000,1.0000000000,0.0000000000
0.6840000000,0.0000000000,0.0000000000,0.0000000000,2.9999789437,2.9420644796,25.0000000000,25.0000000000,11.1000000000,1.0000000000,0.0000000000
0.6850000000,0.0000000000,0.0000000000,0.0000000000,2.9999790852,2.9420664399,25.0000000000,25.0000000000,11.1000000000,1.0000000000,0.0000000000
0.6860000000,0.0000000000,0.0000000000,0.0000000000,2.9999792255,2.9420683871,25.0000000000,25.0000000000,11.1000000000,1.0000000000,0.0000000000
0.6870000000,0.0000000000,0.0000000000,0.0000000000,2.9999793647,2.9420703213,25.0000000000,25.0000000000,11.1000000000,1.0000000000,0.0000000000
0.6880000000,0.0000000000,0.0000000000,0.0000000000,2.9999795028,2.9420722426,25.0000000000,25.0000000000,11.1000000000,1.0000000000,0.0000000000
0.6890000000,0.0000000000,0.0000000000,0.0000000000,2.9999796398,2.9420741511,25.0000000000,25.0000000000,11.1000000000,1.0000000000,0.0000000000
0.6900000000,0.0000000000,0.0000000000,0.0000000000,2.9999797758,2.9420760468,25.0000000000,25.0000000000,11.1000000000,1.0000000000,0.0000000000
0.6910000000,0.0000000000,0.0000000000,0.0000000000,2.9999799107,2.9420779300,25.0000000000,25.0000000000,11.1000000000,1.0000000000,0.0000000000
0.6920000000,0.0000000000,0.0000000000,0.0000000000,2.9999800445,2.9420798006,25.0000000000,25.0000000000,11.1000000000,1.0000000000,0.0000000000
0.6930000000,0.0000000000,0.0000000000,0.0000000000,2.9999801773,2.9420816588,25.0000000000,25.0000000000,11.1000000000,1.0000000000,0.0000000000
0.6940000000,0.0000000000,0.0000000000,0.0000000000,2.9999803090,2.9420835047,25.0000000000,25.0000000000,11.1000000000,1.0000000000,0.0000000000
0.6950000000,0.0000000000,0.0000000000,0.0000000000,2.9999804397,2.9420853384,25.0000000000,25.0000000000,11.1000000000,1.0000000000,0.0000000000
0.6960000000,0.0000000000,0.0000000000,0.0000000000,2.9999805694,2.9420871600,25.0000000000,25.0000000000,11.1000000000,1.0000000000,0.0000000000
0.6970000000,0.0000000000,0.0000000000,0.0000000000,2.9999806981,2.9420889695,25.0000000000,25.0000000000,11.1000000000,1.0000000000,0.0000000000
0.6980000000,0.0000000000,0.0000000000,0.0000000000,2.9999808258,2.9420907670,25.0000000000,25.0000000000,11.1000000000,1.0000000000,0.0000000000
0.6990000000,0.0000000000,0.0000000000,0.0000000000,2.9999809525,2.9420925527,25.0000000000,25.0000000000,11.1000000000,1.0000000000,0.0000000000
0.7000000000,0.0000000000,0.0000000000,0.0000000000,2.9999810782,2.9420943267,25.0000000000,25.0000000000,11.1000000000,1.0000000000,0.0000000000
0.7010000000,0.0000000000,0.0000000000,0.0000000000,2.9999812030,2.9420960890,25.0000000000,25.0000000000,11.1000000000,1.0000000000,0.0000000000
0.7020000000,0.0000000000,0.0000000000,0.0000000000,2.9999813268,2.9420978397,25.0000000000,25.0000000000,11.1000000000,1.0000000000,0.0000000000
0.7030000000,0.0000000000,0.0000000000,0.0000000000,2.9999814497,2.9420995789,25.0000000000,25.0000000000,11.1000000000,1.0000000000,0.0000000000
0.7040000000,0.0000000000,0.0000000000,0.0000000000,2.9999815716,2.9421013067,25.0000000000,25.0000000000,11.1000000000,1.0000000000,0.0000000000
0.7050000000,0.0000000000,0.0000000000,0.0000000000,2.9999816925,2.9421030232,25.0000000000,25.0000000000,11.1000000000,1.0000000000,0.0000000000
0.7060000000,0.0000000000,0.0000000000,0.0000000000,2.9999818126,2.9421047284,25.0000000000,25.0000000000,11.1000000000,1.0000000000,0.0000000000
0.7070000000,0.0000000000,0.0000000000,0.0000000000,2.9999819317,2.9421064225,25.0000000000,25.0000000000,11.1000000000,1.0000000000,0.0000000000
0.7080000000,0.0000000000,0.0000000000,0.0000000000,2.9999820500,2.9421081056,25.0000000000,25.0000000000,11.1000000000,1.0000000000,0.0000000000
0.7090000000,0.0000000000,0.0000000000,0.0000000000,2.9999821673,2.9421097776,25.0000000000,25.0000000000,11.1000000000,1.0000000000,0.0000000000
0.7100000000,0.0000000000,0.0000000000,0.0000000000,2.9999822838,2.9421114388,25.0000000000,25.0000000000,11.1000000000,1.0000000000,0.0000000000
0.7110000000,0.0000000000,0.0000000000,0.0000000000,2.9999823993,2.9421130892,25.0000000000,25.0000000000,11.1000000000,1.0000000000,0.0000000000
0.7120000000,0.0000000000,0.0000000000,0.0000000000,2.9999825140,2.9421147288,25.0000000000,25.0000000000,11.1000000000,1.0000000000,0.0000000000
0.7130000000,0.0000000000,0.0000000000,0.0000000000,2.9999826279,2.9421163578,25.0000000000,25.0000000000,11.1000000000,1.0000000000,0.0000000000
0.7140000000,0.0000000000,0.0000000000,0.0000000000,2.9999827408,2.9421179762,25.0000000000,25.0000000000,11.1000000000,1.0000000000,0.0000000000
0.7150000000,0.0000000000,0.0000000000,0.0000000000,2.9999828530,2.9421195841,25.0000000000,25.0000000000,11.1000000000,1.0000000000,0.0000000000
0.7160000000,0.0000000000,0.0000000000,0.0000000000,2.9999829643,2.9421211816,25.0000000000,25.0000000000,11.1000000000,1.0000000000,0.0000000000
0.7170000000,0.0000000000,0.0000000000,0.0000000000,2.9999830747,2.9421227688,25.0000000000,25.0000000000,11.1000000000,1.0000000000,0.0000000000
0.7180000000,0.0000000000,0.0000000000,0.0000000000,2.9999831843,2.9421243457,25.0000000000,25.0000000000,11.1000000000,1.0000000000,0.0000000000
0.7190000000,0.0000000000,0.0000000000,0.0000000000,2.9999832931,2.9421259124,25.0000000000,25.0000000000,11.1000000000,1.0000000000,0.0000000000
0.7200000000,0.0000000000,0.0000000000,0.0000000000,2.9999834011,2.9421274690,25.0000000000,25.0000000000,11.1000000000,1.0000000000,0.0000000000
0.7210000000,0.0000000000,0.0000000000,0.0000000000,2.9999835083,2.9421290156,25.0000000000,25.0000000000,11.1000000000,1.0000000000,0.0000000000
0.7220000000,0.0000000000,0.0000000000,0.0000000000,2.9999836147,2.9421305522,25.0000000000,25.0000000000,11.1000000000,1.0000000000,0.0000000000
0.7230000000,0.0000000000,0.0000000000,0.0000000000,2.9999837203,2.9421320789,25.0000000000,25.0000000000,11.1000000000,1.0000000000,0.0000000000
0.7240000000,0.0000000000,0.0000000000,0.0000000000,2.9999838252,2.9421335959,25.0000000000,25.0000000000,11.1000000000,1.0000000000,0.0000000000
0.7250000000,0.0000000000,0.0000000000,0.0000000000,2.9999839292,2.9421351030,25.0000000000,25.0000000000,11.1000000000,1.0000000000,0.0000000000
0.7260000000,0.0000000000,0.0000000000,0.0000000000,2.9999840325,2.9421366006,25.0000000000,25.0000000000,11.1000000000,1.0000000000,0.0000000000
0.7270000000,0.0000000000,0.0000000000,0.0000000000,2.9999841350,2.9421380885,25.0000000000,25.0000000000,11.1000000000,1.0000000000,0.0000000000
0.7280000000,0.0000000000,0.0000000000,0.0000000000,2.9999842368,2.9421395669,25.0000000000,25.0000000000,11.1000000000,1.0000000000,0.0000000000
0.7290000000,0.0000000000,0.0000000000,0.0000000000,2.9999843378,2.9421410358,25.0000000000,25.0000000000,11.1000000000,1.0000000000,0.0000000000
0.7300000000,0.0000000000,0.0000000000,0.0000000000,2.9999844381,2.9421424954,25.0000000000,25.0000000000,11.1000000000,1.0000000000,0.0000000000
0.7310000000,0.0000000000,0.0000000000,0.0000000000,2.9999845377,2.9421439456,25.0000000000,25.0000000000,11.1000000000,1.0000000000,0.0000000000
0.7320000000,0.0000000000,0.0000000000,0.0000000000,2.9999846365,2.9421453866,25.0000000000,25.0000000000,11.1000000000,1.0000000000,0.0000000000
0.7330000000,0.0000000000,0.0000000000,0.0000000000,2.9999847346,2.9421468184,25.0000000000,25.0000000000,11.1000000000,1.0000000000,0.0000000000
0.7340000000,0.0000000000,0.0000000000,0.0000000000,2.9999848320,2.9421482411,25.0000000000,25.0000000000,11.1000000000,1.0000000000,0.0000000000
0.7350000000,0.0000000000,0.0000000000,0.0000000000,2.9999849286,2.9421496547,25.0000000000,25.0000000000,11.1000000000,1.0000000000,0.0000000000
0.7360000000,0.0000000000,0.0000000000,0.0000000000,2.9999850246,2.9421510594,25.0000000000,25.0000000000,11.1000000000,1.0000000000,0.0000000000
0.7370000000,0.0000000000,0.0000000000,0.0000000000,2.9999851199,2.9421524551,25.0000000000,25.0000000000,11.1000000000,1.0000000000,0.0000000000
0.7380000000,0.0000000000,0.0000000000,0.0000000000,2.9999852145,2.9421538420,25.0000000000,25.0000000000,11.1000000000,1.0000000000,0.0000000000
0.7390000000,0.0000000000,0.0000000000,0.0000000000,2.9999853084,2.9421552200,25.0000000000,25.0000000000,11.1000000000,1.0000000000,0.0000000000
0.7400000000,0.0000000000,0.0000000000,0.0000000000,2.9999854016,2.9421565894,25.0000000000,25.0000000000,11.1000000000,1.0000000000,0.0000000000
0.7410000000,0.0000000000,0.0000000000,0.0000000000,2.9999854942,2.9421579501,25.0000000000,25.0000000000,11.1000000000,1.0000000000,0.0000000000
0.7420000000,0.0000000000,0.0000000000,0.0000000000,2.9999855860,2.9421593021,25.0000000000,25.0000000000,11.1000000000,1.0000000000,0.0000000000
0.7430000000,0.0000000000,0.0000000000,0.0000000000,2.9999856773,2.9421606457,25.0000000000,25.0000000000,11.1000000000,1.0000000000,0.0000000000
0.7440000000,0.0000000000,0.0000000000,0.0000000000,2.9999857678,2.9421619807,25.0000000000,25.0000000000,11.1000000000,1.0000000000,0.0000000000
0.7450000000,0.0000000000,0.0000000000,0.0000000000,2.9999858578,2.9421633074,25.0000000000,25.0000000000,11.1000000000,1.0000000000,0.0000000000
0.7460000000,0.0000000000,0.0000000000,0.0000000000,2.9999859471,2.9421646256,25.0000000000,25.0000000000,11.1000000000,1.0000000000,0.0000000000
0.7470000000,0.0000000000,0.0000000000,0.0000000000,2.9999860357,2.9421659356,25.0000000000,25.0000000000,11.1000000000,1.0000000000,0.0000000000
0.7480000000,0.0000000000,0.0000000000,0.0000000000,2.9999861237,2.9421672373,25.0000000000,25.0000000000,11.1000000000,1.0000000000,0.0000000000
0.7490000000,0.0000000000,0.0000000000,0.0000000000,2.9999862111,2.9421685309,25.0000000000,25.0000000000,11.1000000000,1.0000000000,0.0000000000
0.7500000000,0.0000000000,0.0000000000,0.0000000000,2.9999862978,2.9421698163,25.0000000000,25.0000000000,11.1000000000,1.0000000000,0.0000000000
0.7510000000,0.0000000000,0.0000000000,0.0000000000,2.9999863840,2.9421710937,25.0000000000,25.0000000000,11.1000000000,1.0000000000,0.0000000000
0.7520000000,0.0000000000,0.0000000000,0.0000000000,2.9999864695,2.9421723630,25.0000000000,25.0000000000,11.1000000000,1.0000000000,0.0000000000
0.7530000000,0.0000000000,0.0000000000,0.0000000000,2.9999865545,2.9421736244,25.0000000000,25.0000000000,11.1000000000,1.0000000000,0.0000000000
0.7540000000,0.0000000000,0.0000000000,0.0000000000,2.9999866388,2.9421748779,25.0000000000,25.0000000000,11.1000000000,1.0000000000,0.0000000000
0.7550000000,0.0000000000,0.0000000000,0.0000000000,2.9999867225,2.9421761235,25.0000000000,25.0000000000,11.1000000000,1.0000000000,0.0000000000
0.7560000000,0.0000000000,0.0000000000,0.0000000000,2.9999868056,2.9421773614,25.0000000000,25.0000000000,11.1000000000,1.0000000000,0.0000000000
0.7570000000,0.0000000000,0.0000000000,0.0000000000,2.9999868882,2.9421785915,25.0000000000,25.0000000000,11.1000000000,1.0000000000,0.0000000000
0.7580000000,0.0000000000,0.0000000000,0.0000000000,2.9999869702,2.9421798140,25.0000000000,25.0000000000,11.1000000000,1.0000000000,0.0000000000
0.7590000000,0.0000000000,0.0000000000,0.0000000000,2.9999870516,2.9421810288,25.0000000000,25.0000000000,11.1000000000,1.0000000000,0.0000000000
0.7600000000,0.0000000000,0.0000000000,0.0000000000,2.9999871324,2.9421822361,25.0000000000,25.0000000000,11.1000000000,1.0000000000,0.0000000000
0.7610000000,0.0000000000,0.0000000000,0.0000000000,2.9999872127,2.9421834358,25.0000000000,25.0000000000,11.1000000000,1.0000000000,0.0000000000
0.7620000000,0.0000000000,0.0000000000,0.0000000000,2.9999872924,2.9421846281,25.0000000000,25.0000000000,11.1000000000,1.0000000000,0.0000000000
0.7630000000,0.0000000000,0.0000000000,0.0000000000,2.9999873715,2.9421858129,25.0000000000,25.0000000000,11.1000000000,1.0000000000,0.0000000000
0.7640000000,0.0000000000,0.0000000000,0.0000000000,2.9999874501,2.9421869904,25.0000000000,25.0000000000,11.1000000000,1.0000000000,0.0000000000
0.7650000000,0.0000000000,0.0000000000,0.0000000000,2.9999875281,2.9421881606,25.0000000000,25.0000000000,11.1000000000,1.0000000000,0.0000000000
0.7660000000,0.0000000000,0.0000000000,0.0000000000,2.9999876056,2.9421893235,25.0000000000,25.0000000000,11.1000000000,1.0000000000,0.0000000000
0.7670000000,0.0000000000,0.0000000000,0.0000000000,2.9999876826,2.9421904792,25.0000000000,25.0000000000,11.1000000000,1.0000000000,0.0000000000
0.7680000000,0.0000000000,0.0000000000,0.0000000000,2.9999877590,2.9421916278,25.0000000000,25.0000000000,11.1000000000,1.0000000000,0.0000000000
0.7690000000,0.0000000000,0.0000000000,0.0000000000,2.9999878349,2.9421927692,25.0000000000,25.0000000000,11.1000000000,1.0000000000,0.0000000000
0.7700000000,0.0000000000,0.0000000000,0.0000000000,2.9999879103,2.9421939036,25.0000000000,25.0000000000,11.1000000000,1.0000000000,0.0000000000
0.7710000000,0.0000000000,0.0000000000,0.0000000000,2.9999879851,2.9421950310,25.0000000000,25.0000000000,11.1000000000,1.0000000000,0.0000000000
0.7720000000,0.0000000000,0.0000000000,0.0000000000,2.9999880595,2.9421961514,25.0000000000,25.0000000000,11.1000000000,1.0000000000,0.0000000000
0.7730000000,0.0000000000,0.0000000000,0.0000000000,2.9999881333,2.9421972649,25.0000000000,25.0000000000,11.1000000000,1.0000000000,0.0000000000
0.7740000000,0.0000000000,0.0000000000,0.0000000000,2.9999882066,2.9421983715,25.0000000000,25.0000000000,11.1000000000,1.0000000000,0.0000000000
0.7750000000,0.0000000000,0.0000000000,0.0000000000,2.9999882794,2.9421994713,25.0000000000,25.0000000000,11.1000000000,1.0000000000,0.0000000000
0.7760000000,0.0000000000,0.0000000000,0.0000000000,2.9999883517,2.9422005643,25.0000000000,25.0000000000,11.1000000000,1.0000000000,0.0000000000
0.7770000000,0.0000000000,0.0000000000,0.0000000000,2.9999884235,2.9422016506,25.0000000000,25.0000000000,11.1000000000,1.0000000000,0.0000000000
0.7780000000,0.0000000000,0.0000000000,0.0000000000,2.9999884948,2.9422027303,25.0000000000,25.0000000000,11.1000000000,1.0000000000,0.0000000000
0.7790000000,0.0000000000,0.0000000000,0.0000000000,2.9999885656,2.9422038032,25.0000000000,25.0000000000,11.1000000000,1.0000000000,0.0000000000
0.7800000000,0.0000000000,0.0000000000,0.0000000000,2.9999886360,2.9422048696,25.0000000000,25.0000000000,11.1000000000,1.0000000000,0.0000000000
0.7810000000,0.0000000000,0.0000000000,0.0000000000,2.9999887058,2.9422059295,25.0000000000,25.0000000000,11.1000000000,1.0000000000,0.0000000000
0.7820000000,0.0000000000,0.0000000000,0.0000000000,2.9999887752,2.9422069828,25.0000000000,25.0000000000,11.1000000000,1.0000000000,0.0000000000
0.7830000000,0.0000000000,0.0000000000,0.0000000000,2.9999888441,2.9422080297,25.0000000000,25.0000000000,11.1000000000,1.0000000000,0.0000000000
0.7840000000,0.0000000000,0.0000000000,0.0000000000,2.9999889126,2.9422090701,25.0000000000,25.0000000000,11.1000000000,1.0000000000,0.0000000000
0.7850000000,0.0000000000,0.0000000000,0.0000000000,2.9999889806,2.9422101042,25.0000000000,25.0000000000,11.1000000000,1.0000000000,0.0000000000
0.7860000000,0.0000000000,0.0000000000,0.0000000000,2.9999890481,2.9422111320,25.0000000000,25.0000000000,11.1000000000,1.0000000000,0.0000000000
0.7870000000,0.0000000000,0.0000000000,0.0000000000,2.9999891151,2.9422121535,25.0000000000,25.0000000000,11.1000000000,1.0000000000,0.0000000000
0.7880000000,0.0000000000,0.0000000000,0.0000000000,2.9999891817,2.9422131687,25.0000000000,25.0000000000,11.1000000000,1.0000000000,0.0000000000
0.7890000000,0.0000000000,0.0000000000,0.0000000000,2.9999892479,2.9422141778,25.0000000000,25.0000000000,11.1000000000,1.0000000000,0.0000000000
0.7900000000,0.0000000000,0.0000000000,0.0000000000,2.9999893136,2.9422151806,25.0000000000,25.0000000000,11.1000000000,1.0000000000,0.0000000000
0.7910000000,0.0000000000,0.0000000000,0.0000000000,2.9999893789,2.9422161774,25.0000000000,25.0000000000,11.1000000000,1.0000000000,0.0000000000
0.7920000000,0.0000000000,0.0000000000,0.0000000000,2.9999894437,2.9422171681,25.0000000000,25.0000000000,11.1000000000,1.0000000000,0.0000000000
0.7930000000,0.0000000000,0.0000000000,0.0000000000,2.9999895081,2.9422181528,25.0000000000,25.0000000000,11.1000000000,1.0000000000,0.0000000000
0.7940000000,0.0000000000,0.0000000000,0.0000000000,2.9999895720,2.9422191314,25.0000000000,25.0000000000,11.1000000000,1.0000000000,0.0000000000
0.7950000000,0.0000000000,0.0000000000,0.0000000000,2.9999896356,2.9422201041,25.0000000000,25.0000000000,11.1000000000,1.0000000000,0.0000000000
0.7960000000,0.0000000000,0.0000000000,0.0000000000,2.9999896987,2.9422210709,25.0000000000,25.0000000000,11.1000000000,1.0000000000,0.0000000000
0.7970000000,0.0000000000,0.0000000000,0.0000000000,2.9999897613,2.9422220318,25.0000000000,25.0000000000,11.1000000000,1.0000000000,0.0000000000
0.7980000000,0.0000000000,0.0000000000,0.0000000000,2.9999898236,2.9422229869,25.0000000000,25.0000000000,11.1000000000,1.0000000000,0.0000000000
0.7990000000,0.0000000000,0.0000000000,0.0000000000,2.9999898854,2.9422239362,25.0000000000,25.0000000000,11.1000000000,1.0000000000,0.0000000000
0.8000000000,0.0000000000,0.0000000000,0.0000000000,2.9999899469,2.9422248797,25.0000000000,25.0000000000,11.1000000000,1.0000000000,0.0000000000
0.8010000000,0.0000000000,0.0000000000,0.0000000000,2.9999900079,2.9422258175,25.0000000000,25.0000000000,11.1000000000,1.0000000000,0.0000000000
0.8020000000,0.0000000000,0.0000000000,0.0000000000,2.9999900685,2.9422267497,25.0000000000,25.0000000000,11.1000000000,1.0000000000,0.0000000000
0.8030000000,0.0000000000,0.0000000000,0.0000000000,2.9999901287,2.9422276762,25.0000000000,25.0000000000,11.1000000000,1.0000000000,0.0000000000
0.8040000000,0.0000000000,0.0000000000,0.0000000000,2.9999901885,2.9422285970,25.0000000000,25.0000000000,11.1000000000,1.0000000000,0.0000000000
0.8050000000,0.0000000000,0.0000000000,0.0000000000,2.9999902479,2.9422295123,25.0000000000,25.0000000000,11.1000000000,1.0000000000,0.0000000000
0.8060000000,0.0000000000,0.0000000000,0.0000000000,2.9999903069,2.9422304221,25.0000000000,25.0000000000,11.1000000000,1.0000000000,0.0000000000
0.8070000000,0.0000000000,0.0000000000,0.0000000000,2.9999903655,2.9422313264,25.0000000000,25.0000000000,11.1000000000,1.0000000000,0.0000000000
0.8080000000,0.0000000000,0.0000000000,0.0000000000,2.9999904238,2.9422322252,25.0000000000,25.0000000000,11.1000000000,1.0000000000,0.0000000000
0.8090000000,0.0000000000,0.0000000000,0.0000000000,2.9999904816,2.9422331186,25.0000000000,25.0000000000,11.1000000000,1.0000000000,0.0000000000
0.8100000000,0.0000000000,0.0000000000,0.0000000000,2.9999905391,2.9422340066,25.0000000000,25.0000000000,11.1000000000,1.0000000000,0.0000000000
0.8110000000,0.0000000000,0.0000000000,0.0000000000,2.9999905962,2.9422348893,25.0000000000,25.0000000000,11.1000000000,1.0000000000,0.0000000000
0.8120000000,0.0000000000,0.0000000000,0.0000000000,2.9999906529,2.9422357666,25.0000000000,25.0000000000,11.1000000000,1.0000000000,0.0000000000
0.8130000000,0.0000000000,0.0000000000,0.0000000000,2.9999907092,2.9422366387,25.0000000000,25.0000000000,11.1000000000,1.0000000000,0.0000000000
0.8140000000,0.0000000000,0.0000000000,0.0000000000,2.9999907652,2.9422375055,25.0000000000,25.0000000000,11.1000000000,1.0000000000,0.0000000000
0.8150000000,0.0000000000,0.0000000000,0.0000000000,2.9999908208,2.9422383671,25.0000000000,25.0000000000,11.1000000000,1.0000000000,0.0000000000
0.8160000000,0.0000000000,0.0000000000,0.0000000000,2.9999908760,2.9422392235,25.0000000000,25.0000000000,11.1000000000,1.0000000000,0.0000000000
0.8170000000,0.0000000000,0.0000000000,0.0000000000,2.9999909308,2.9422400748,25.0000000000,25.0000000000,11.1000000000,1.0000000000,0.0000000000
0.8180000000,0.0000000000,0.0000000000,0.0000000000,2.9999909854,2.9422409210,25.0000000000,25.0000000000,11.1000000000,1.0000000000,0.0000000000
0.8190000000,0.0000000000,0.0000000000,0.0000000000,2.9999910395,2.9422417621,25.0000000000,25.0000000000,11.1000000000,1.0000000000,0.0000000000
0.8200000000,0.0000000000,0.0000000000,0.0000000000,2.9999910933,2.9422425981,25.0000000000,25.0000000000,11.1000000000,1.0000000000,0.0000000000
0.8210000000,0.0000000000,0.0000000000,0.0000000000,2.9999911467,2.9422434292,25.0000000000,25.0000000000,11.1000000000,1.0000000000,0.0000000000
0.8220000000,0.0000000000,0.0000000000,0.0000000000,2.9999911998,2.9422442552,25.0000000000,25.0000000000,11.1000000000,1.0000000000,0.0000000000
0.8230000000,0.0000000000,0.0000000000,0.0000000000,2.9999912526,2.9422450764,25.0000000000,25.0000000000,11.1000000000,1.0000000000,0.0000000000
0.8240000000,0.0000000000,0.0000000000,0.0000000000,2.9999913050,2.9422458926,25.0000000000,25.0000000000,11.1000000000,1.0000000000,0.0000000000
0.8250000000,0.0000000000,0.0000000000,0.0000000000,2.9999913571,2.9422467039,25.0000000000,25.0000000000,11.1000000000,1.0000000000,0.0000000000
0.8260000000,0.0000000000,0.0000000000,0.0000000000,2.9999914088,2.9422475103,25.0000000000,25.0000000000,11.1000000000,1.0000000000,0.0000000000
0.8270000000,0.0000000000,0.0000000000,0.0000000000,2.9999914602,2.9422483120,25.0000000000,25.0000000000,11.1000000000,1.0000000000,0.0000000000
0.8280000000,0.0000000000,0.0000000000,0.0000000000,2.9999915112,2.9422491088,25.0000000000,25.0000000000,11.1000000000,1.0000000000,0.0000000000
0.8290000000,0.0000000000,0.0000000000,0.0000000000,2.9999915619,2.9422499010,25.0000000000,25.0000000000,11.1000000000,1.0000000000,0.0000000000
0.8300000000,0.0000000000,0.0000000000,0.0000000000,2.9999916123,2.9422506883,25.0000000000,25.0000000000,11.1000000000,1.0000000000,0.0000000000
0.8310000000,0.0000000000,0.0000000000,0.0000000000,2.9999916624,2.9422514710,25.0000000000,25.0000000000,11.1000000000,1.0000000000,0.0000000000
0.8320000000,0.0000000000,0.0000000000,0.0000000000,2.9999917122,2.9422522490,25.0000000000,25.0000000000,11.1000000000,1.0000000000,0.0000000000
0.8330000000,0.0000000000,0.0000000000,0.0000000000,2.9999917616,2.9422530224,25.0000000000,25.0000000000,11.1000000000,1.0000000000,0.0000000000
0.8340000000,0.0000000000,0.0000000000,0.0000000000,2.9999918107,2.9422537912,25.0000000000,25.0000000000,11.1000000000,1.0000000000,0.0000000000
0.8350000000,0.0000000000,0.0000000000,0.0000000000,2.9999918595,2.9422545554,25.0000000000,25.0000000000,11.1000000000,1.0000000000,0.0000000000
0.8360000000,0.0000000000,0.0000000000,0.0000000000,2.9999919079,2.9422553151,25.0000000000,25.0000000000,11.1000000000,1.0000000000,0.0000000000
0.8370000000,0.0000000000,0.0000000000,0.0000000000,2.9999919561,2.9422560702,25.0000000000,25.0000000000,11.1000000000,1.0000000000,0.0000000000
0.8380000000,0.0000000000,0.0000000000,0.0000000000,2.9999920039,2.9422568209,25.0000000000,25.0000000000,11.1000000000,1.0000000000,0.0000000000
0.8390000000,0.0000000000,0.0000000000,0.0000000000,2.9999920515,2.9422575671,25.0000000000,25.0000000000,11.1000000000,1.0000000000,0.0000000000
0.8400000000,0.0000000000,0.0000000000,0.0000000000,2.9999920987,2.9422583088,25.0000000000,25.0000000000,11.1000000000,1.0000000000,0.0000000000
0.8410000000,0.0000000000,0.0000000000,0.0000000000,2.9999921457,2.9422590462,25.0000000000,25.0000000000,11.1000000000,1.0000000000,0.0000000000
0.8420000000,0.0000000000,0.0000000000,0.0000000000,2.9999921923,2.9422597792,25.0000000000,25.0000000000,11.1000000000,1.0000000000,0.0000000000
0.8430000000,0.0000000000,0.0000000000,0.0000000000,2.9999922386,2.9422605078,25.0000000000,25.0000000000,11.1000000000,1.0000000000,0.0000000000
0.8440000000,0.0000000000,0.0000000000,0.0000000000,2.9999922847,2.9422612322,25.0000000000,25.0000000000,11.1000000000,1.0000000000,0.0000000000
0.8450000000,0.0000000000,0.0000000000,0.0000000000,2.9999923304,2.9422619522,25.0000000000,25.0000000000,11.1000000000,1.0000000000,0.0000000000
0.8460000000,0.0000000000,0.0000000000,0.0000000000,2.9999923758,2.9422626680,25.0000000000,25.0000000000,11.1000000000,1.0000000000,0.0000000000
0.8470000000,0.0000000000,0.0000000000,0.0000000000,2.9999924210,2.9422633795,25.0000000000,25.0000000000,11.1000000000,1.0000000000,0.0000000000
0.8480000000,0.0000000000,0.0000000000,0.0000000000,2.9999924659,2.9422640868,25.0000000000,25.0000000000,11.1000000000,1.0000000000,0.0000000000
0.8490000000,0.0000000000,0.0000000000,0.0000000000,2.9999925105,2.9422647900,25.0000000000,25.0000000000,11.1000000000,1.0000000000,0.0000000000
0.8500000000,0.0000000000,0.0000000000,0.0000000000,2.9999925548,2.9422654890,25.0000000000,25.0000000000,11.1000000000,1.0000000000,0.0000000000
0.8510000000,0.0000000000,0.0000000000,0.0000000000,2.9999925988,2.9422661838,25.0000000000,25.0000000000,11.1000000000,1.0000000000,0.0000000000
0.8520000000,0.0000000000,0.0000000000,0.0000000000,2.9999926425,2.9422668746,25.0000000000,25.0000000000,11.1000000000,1.0000000000,0.0000000000
0.8530000000,0.0000000000,0.0000000000,0.0000000000,2.9999926860,2.9422675613,25.0000000000,25.0000000000,11.1000000000,1.0000000000,0.0000000000
0.8540000000,0.0000000000,0.0000000000,0.0000000000,2.9999927292,2.9422682439,25.0000000000,25.0000000000,11.1000000000,1.0000000000,0.0000000000
0.8550000000,0.0000000000,0.0000000000,0.0000000000,2.9999927721,2.9422689225,25.0000000000,25.0000000000,11.1000000000,1.0000000000,0.0000000000
0.8560000000,0.0000000000,0.0000000000,0.0000000000,2.9999928147,2.9422695971,25.0000000000,25.0000000000,11.1000000000,1.0000000000,0.0000000000
0.8570000000,0.0000000000,0.0000000000,0.0000000000,2.9999928571,2.9422702678,25.0000000000,25.0000000000,11.1000000000,1.0000000000,0.0000000000
0.8580000000,0.0000000000,0.0000000000,0.0000000000,2.9999928992,2.9422709345,25.0000000000,25.0000000000,11.1000000000,1.0000000000,0.0000000000
0.8590000000,0.0000000000,0.0000000000,0.0000000000,2.9999929410,2.9422715972,25.0000000000,25.0000000000,11.1000000000,1.0000000000,0.0000000000
0.8600000000,0.0000000000,0.0000000000,0.0000000000,2.9999929826,2.9422722561,25.0000000000,25.0000000000,11.1000000000,1.0000000000,0.0000000000
0.8610000000,0.0000000000,0.0000000000,0.0000000000,2.9999930239,2.9422729111,25.0000000000,25.0000000000,11.1000000000,1.0000000000,0.0000000000
0.8620000000,0.0000000000,0.0000000000,0.0000000000,2.9999930650,2.9422735622,25.0000000000,25.0000000000,11.1000000000,1.0000000000,0.0000000000
0.8630000000,0.0000000000,0.0000000000,0.0000000000,2.9999931058,2.9422742095,25.0000000000,25.0000000000,11.1000000000,1.0000000000,0.0000000000
0.8640000000,0.0000000000,0.0000000000,0.0000000000,2.9999931463,2.9422748530,25.0000000000,25.0000000000,11.1000000000,1.0000000000,0.0000000000
0.8650000000,0.0000000000,0.0000000000,0.0000000000,2.9999931866,2.9422754927,25.0000000000,25.0000000000,11.1000000000,1.0000000000,0.0000000000
0.8660000000,0.0000000000,0.0000000000,0.0000000000,2.9999932266,2.9422761287,25.0000000000,25.0000000000,11.1000000000,1.0000000000,0.0000000000
0.8670000000,0.0000000000,0.0000000000,0.0000000000,2.9999932664,2.9422767609,25.0000000000,25.0000000000,11.1000000000,1.0000000000,0.0000000000
0.8680000000,0.0000000000,0.0000000000,0.0000000000,2.9999933059,2.9422773895,25.0000000000,25.0000000000,11.1000000000,1.0000000000,0.0000000000
0.8690000000,0.0000000000,0.0000000000,0.0000000000,2.9999933452,2.9422780143,25.0000000000,25.0000000000,11.1000000000,1.0000000000,0.0000000000
0.8700000000,0.0000000000,0.0000000000,0.0000000000,2.9999933842,2.9422786355,25.0000000000,25.0000000000,11.1000000000,1.0000000000,0.0000000000
0.8710000000,0.0000000000,0.0000000000,0.0000000000,2.9999934230,2.9422792531,25.0000000000,25.0000000000,11.1000000000,1.0000000000,0.0000000000
0.8720000000,0.0000000000,0.0000000000,0.0000000000,2.9999934615,2.9422798670,25.0000000000,25.0000000000,11.1000000000,1.0000000000,0.0000000000
0.8730000000,0.0000000000,0.0000000000,0.0000000000,2.9999934998,2.9422804773,25.0000000000,25.0000000000,11.1000000000,1.0000000000,0.0000000000
0.8740000000,0.0000000000,0.0000000000,0.0000000000,2.9999935379,2.9422810841,25.0000000000,25.0000000000,11.1000000000,1.0000000000,0.0000000000
0.8750000000,0.0000000000,0.0000000000,0.0000000000,2.9999935757,2.9422816873,25.0000000000,25.0000000000,11.1000000000,1.0000000000,0.0000000000
0.8760000000,0.0000000000,0.0000000000,0.0000000000,2.9999936133,2.9422822870,25.0000000000,25.0000000000,11.1000000000,1.0000000000,0.0000000000
0.8770000000,0.0000000000,0.0000000000,0.0000000000,2.9999936506,2.9422828832,25.0000000000,25.0000000000,11.1000000000,1.0000000000,0.0000000000
0.8780000000,0.0000000000,0.0000000000,0.0000000000,2.9999936878,2.9422834759,25.0000000000,25.0000000000,11.1000000000,1.0000000000,0.0000000000
0.8790000000,0.0000000000,0.0000000000,0.0000000000,2.9999937246,2.9422840652,25.0000000000,25.0000000000,11.1000000000,1.0000000000,0.0000000000
0.8800000000,0.0000000000,0.0000000000,0.0000000000,2.9999937613,2.9422846510,25.0000000000,25.0000000000,11.1000000000,1.0000000000,0.0000000000
0.8810000000,0.0000000000,0.0000000000,0.0000000000,2.9999937977,2.9422852334,25.0000000000,25.0000000000,11.1000000000,1.0000000000,0.0000000000
0.8820000000,0.0000000000,0.0000000000,0.0000000000,2.9999938339,2.9422858123,25.0000000000,25.0000000000,11.1000000000,1.0000000000,0.0000000000
0.8830000000,0.0000000000,0.0000000000,0.0000000000,2.9999938699,2.9422863880,25.0000000000,25.0000000000,11.1000000000,1.0000000000,0.0000000000
0.8840000000,0.0000000000,0.0000000000,0.0000000000,2.9999939057,2.9422869602,25.0000000000,25.0000000000,11.1000000000,1.0000000000,0.0000000000
0.8850000000,0.0000000000,0.0000000000,0.0000000000,2.9999939412,2.9422875291,25.0000000000,25.0000000000,11.1000000000,1.0000000000,0.0000000000
0.8860000000,0.0000000000,0.0000000000,0.0000000000,2.9999939765,2.9422880948,25.0000000000,25.0000000000,11.1000000000,1.0000000000,0.0000000000
0.8870000000,0.0000000000,0.0000000000,0.0000000000,2.9999940116,2.9422886571,25.0000000000,25.0000000000,11.1000000000,1.0000000000,0.0000000000
0.8880000000,0.0000000000,0.0000000000,0.0000000000,2.9999940465,2.9422892161,25.0000000000,25.0000000000,11.1000000000,1.0000000000,0.0000000000
0.8890000000,0.0000000000,0.0000000000,0.0000000000,2.9999940812,2.9422897719,25.0000000000,25.0000000000,11.1000000000,1.0000000000,0.0000000000
0.8900000000,0.0000000000,0.0000000000,0.0000000000,2.9999941156,2.9422903245,25.0000000000,25.0000000000,11.1000000000,1.0000000000,0.0000000000
0.8910000000,0.0000000000,0.0000000000,0.0000000000,2.9999941499,2.9422908738,25.0000000000,25.0000000000,11.1000000000,1.0000000000,0.0000000000
0.8920000000,0.0000000000,0.0000000000,0.0000000000,2.9999941839,2.9422914200,25.0000000000,25.0000000000,11.1000000000,1.0000000000,0.0000000000
0.8930000000,0.0000000000,0.0000000000,0.0000000000,2.9999942177,2.9422919630,25.0000000000,25.0000000000,11.1000000000,1.0000000000,0.0000000000
0.8940000000,0.0000000000,0.0000000000,0.0000000000,2.9999942513,2.9422925028,25.0000000000,25.0000000000,11.1000000000,1.0000000000,0.0000000000
0.8950000000,0.0000000000,0.0000000000,0.0000000000,2.9999942847,2.9422930395,25.0000000000,25.0000000000,11.1000000000,1.0000000000,0.0000000000
0.8960000000,0.0000000000,0.0000000000,0.0000000000,2.9999943179,2.9422935731,25.0000000000,25.0000000000,11.1000000000,1.0000000000,0.0000000000
0.8970000000,0.0000000000,0.0000000000,0.0000000000,2.9999943509,2.9422941035,25.0000000000,25.0000000000,11.1000000000,1.0000000000,0.0000000000
0.8980000000,0.0000000000,0.0000000000,0.0000000000,2.9999943837,2.9422946309,25.0000000000,25.0000000000,11.1000000000,1.0000000000,0.0000000000
0.8990000000,0.0000000000,0.0000000000,0.0000000000,2.9999944163,2.9422951553,25.0000000000,25.0000000000,11.1000000000,1.0000000000,0.0000000000
0.9000000000,0.0000000000,0.0000000000,0.0000000000,2.9999944487,2.9422956766,25.0000000000,25.0000000000,11.1000000000,1.0000000000,0.0000000000
0.9010000000,0.0000000000,0.0000000000,0.0000000000,2.9999944808,2.9422961949,25.0000000000,25.0000000000,11.1000000000,1.0000000000,0.0000000000
0.9020000000,0.0000000000,0.0000000000,0.0000000000,2.9999945128,2.9422967102,25.0000000000,25.0000000000,11.1000000000,1.0000000000,0.0000000000
0.9030000000,0.0000000000,0.0000000000,0.0000000000,2.9999945446,2.9422972225,25.0000000000,25.0000000000,11.1000000000,1.0000000000,0.0000000000
0.9040000000,0.0000000000,0.0000000000,0.0000000000,2.9999945762,2.9422977318,25.0000000000,25.0000000000,11.1000000000,1.0000000000,0.0000000000
0.9050000000,0.0000000000,0.0000000000,0.0000000000,2.9999946076,2.9422982382,25.0000000000,25.0000000000,11.1000000000,1.0000000000,0.0000000000
0.9060000000,0.0000000000,0.0000000000,0.0000000000,2.9999946388,2.9422987417,25.0000000000,25.0000000000,11.1000000000,1.0000000000,0.0000000000
0.9070000000,0.0000000000,0.0000000000,0.0000000000,2.9999946699,2.9422992422,25.0000000000,25.0000000000,11.1000000000,1.0000000000,0.0000000000
0.9080000000,0.0000000000,0.0000000000,0.0000000000,2.9999947007,2.9422997399,25.0000000000,25.0000000000,11.1000000000,1.0000000000,0.0000000000
0.9090000000,0.0000000000,0.0000000000,0.0000000000,2.9999947313,2.9423002347,25.0000000000,25.0000000000,11.1000000000,1.0000000000,0.0000000000
0.9100000000,0.0000000000,0.0000000000,0.0000000000,2.9999947618,2.9423007266,25.0000000000,25.0000000000,11.1000000000,1.0000000000,0.0000000000
0.9110000000,0.0000000000,0.0000000000,0.0000000000,2.9999947921,2.9423012157,25.0000000000,25.0000000000,11.1000000000,1.0000000000,0.0000000000
0.9120000000,0.0000000000,0.0000000000,0.0000000000,2.9999948222,2.9423017019,25.0000000000,25.0000000000,11.1000000000,1.0000000000,0.0000000000
0.9130000000,0.0000000000,0.0000000000,0.0000000000,2.9999948521,2.9423021854,25.0000000000,25.0000000000,11.1000000000,1.0000000000,0.0000000000
0.9140000000,0.0000000000,0.0000000000,0.0000000000,2.9999948818,2.9423026660,25.0000000000,25.0000000000,11.1000000000,1.0000000000,0.0000000000
0.9150000000,0.0000000000,0.0000000000,0.0000000000,2.9999949113,2.9423031439,25.0000000000,25.0000000000,11.1000000000,1.0000000000,0.0000000000
0.9160000000,0.0000000000,0.0000000000,0.0000000000,2.9999949407,2.9423036191,25.0000000000,25.0000000000,11.1000000000,1.0000000000,0.0000000000
0.9170000000,0.0000000000,0.0000000000,0.0000000000,2.9999949699,2.9423040914,25.0000000000,25.0000000000,11.1000000000,1.0000000000,0.0000000000
0.9180000000,0.0000000000,0.0000000000,0.0000000000,2.9999949989,2.9423045611,25.0000000000,25.0000000000,11.1000000000,1.0000000000,0.0000000000
0.9190000000,0.0000000000,0.0000000000,0.0000000000,2.9999950277,2.9423050281,25.0000000000,25.0000000000,11.1000000000,1.0000000000,0.0000000000
0.9200000000,0.0000000000,0.0000000000,0.0000000000,2.9999950564,2.9423054924,25.0000000000,25.0000000000,11.1000000000,1.0000000000,0.0000000000
0.9210000000,0.0000000000,0.0000000000,0.0000000000,2.9999950849,2.9423059540,25.0000000000,25.0000000000,11.1000000000,1.0000000000,0.0000000000
0.9220000000,0.0000000000,0.0000000000,0.0000000000,2.9999951132,2.9423064129,25.0000000000,25.0000000000,11.1000000000,1.0000000000,0.0000000000
0.9230000000,0.0000000000,0.0000000000,0.0000000000,2.9999951413,2.9423068692,25.0000000000,25.0000000000,11.1000000000,1.0000000000,0.0000000000
0.9240000000,0.0000000000,0.0000000000,0.0000000000,2.9999951693,2.9423073229,25.0000000000,25.0000000000,11.1000000000,1.0000000000,0.0000000000
0.9250000000,0.0000000000,0.0000000000,0.0000000000,2.9999951971,2.9423077740,25.0000000000,25.0000000000,11.1000000000,1.0000000000,0.0000000000
0.9260000000,0.0000000000,0.0000000000,0.0000000000,2.9999952247,2.9423082224,25.0000000000,25.0000000000,11.1000000000,1.0000000000,0.0000000000
0.9270000000,0.0000000000,0.0000000000,0.0000000000,2.9999952522,2.9423086683,25.0000000000,25.0000000000,11.1000000000,1.0000000000,0.0000000000
0.9280000000,0.0000000000,0.0000000000,0.0000000000,2.9999952795,2.9423091117,25.0000000000,25.0000000000,11.1000000000,1.0000000000,0.0000000000
0.9290000000,0.0000000000,0.0000000000,0.0000000000,2.9999953066,2.9423095525,25.0000000000,25.0000000000,11.1000000000,1.0000000000,0.0000000000
0.9300000000,0.0000000000,0.0000000000,0.0000000000,2.9999953336,2.9423099907,25.0000000000,25.0000000000,11.1000000000,1.0000000000,0.0000000000
0.9310000000,0.0000000000,0.0000000000,0.0000000000,2.9999953604,2.9423104265,25.0000000000,25.0000000000,11.1000000000,1.0000000000,0.0000000000
0.9320000000,0.0000000000,0.0000000000,0.0000000000,2.9999953870,2.9423108597,25.0000000000,25.0000000000,11.1000000000,1.0000000000,0.0000000000
0.9330000000,0.0000000000,0.0000000000,0.0000000000,2.9999954135,2.9423112905,25.0000000000,25.0000000000,11.1000000000,1.0000000000,0.0000000000
0.9340000000,0.0000000000,0.0000000000,0.0000000000,2.9999954398,2.9423117188,25.0000000000,25.0000000000,11.1000000000,1.0000000000,0.0000000000
0.9350000000,0.0000000000,0.0000000000,0.0000000000,2.9999954660,2.9423121446,25.0000000000,25.0000000000,11.1000000000,1.0000000000,0.0000000000
0.9360000000,0.0000000000,0.0000000000,0.0000000000,2.9999954920,2.9423125680,25.0000000000,25.0000000000,11.1000000000,1.0000000000,0.0000000000
0.9370000000,0.0000000000,0.0000000000,0.0000000000,2.9999955179,2.9423129889,25.0000000000,25.0000000000,11.1000000000,1.0000000000,0.0000000000
0.9380000000,0.0000000000,0.0000000000,0.0000000000,2.9999955436,2.9423134075,25.0000000000,25.0000000000,11.1000000000,1.0000000000,0.0000000000
0.9390000000,0.0000000000,0.0000000000,0.0000000000,2.9999955691,2.9423138236,25.0000000000,25.0000000000,11.1000000000,1.0000000000,0.0000000000
0.9400000000,0.0000000000,0.0000000000,0.0000000000,2.9999955945,2.9423142374,25.0000000000,25.0000000000,11.1000000000,1.0000000000,0.0000000000
0.9410000000,0.0000000000,0.0000000000,0.0000000000,2.9999956197,2.9423146488,25.0000000000,25.0000000000,11.1000000000,1.0000000000,0.0000000000
0.9420000000,0.0000000000,0.0000000000,0.0000000000,2.9999956448,2.9423150578,25.0000000000,25.0000000000,11.1000000000,1.0000000000,0.0000000000
0.9430000000,0.0000000000,0.0000000000,0.0000000000,2.9999956697,2.9423154645,25.0000000000,25.0000000000,11.1000000000,1.0000000000,0.0000000000
0.9440000000,0.0000000000,0.0000000000,0.0000000000,2.9999956945,2.9423158689,25.0000000000,25.0000000000,11.1000000000,1.0000000000,0.0000000000
0.9450000000,0.0000000000,0.0000000000,0.0000000000,2.9999957192,2.9423162710,25.0000000000,25.0000000000,11.1000000000,1.0000000000,0.0000000000
0.9460000000,0.0000000000,0.0000000000,0.0000000000,2.9999957437,2.9423166707,25.0000000000,25.0000000000,11.1000000000,1.0000000000,0.0000000000
0.9470000000,0.0000000000,0.0000000000,0.0000000000,2.9999957680,2.9423170682,25.0000000000,25.0000000000,11.1000000000,1.0000000000,0.0000000000
0.9480000000,0.0000000000,0.0000000000,0.0000000000,2.9999957922,2.9423174634,25.0000000000,25.0000000000,11.1000000000,1.0000000000,0.0000000000
0.9490000000,0.0000000000,0.0000000000,0.0000000000,2.9999958163,2.9423178564,25.0000000000,25.0000000000,11.1000000000,1.0000000000,0.0000000000
0.9500000000,0.0000000000,0.0000000000,0.0000000000,2.9999958402,2.9423182471,25.0000000000,25.0000000000,11.1000000000,1.0000000000,0.0000000000
0.9510000000,0.0000000000,0.0000000000,0.0000000000,2.9999958639,2.9423186356,25.0000000000,25.0000000000,11.1000000000,1.0000000000,0.0000000000
0.9520000000,0.0000000000,0.0000000000,0.0000000000,2.9999958876,2.9423190218,25.0000000000,25.0000000000,11.1000000000,1.0000000000,0.0000000000
0.9530000000,0.0000000000,0.0000000000,0.0000000000,2.9999959111,2.9423194059,25.0000000000,25.0000000000,11.1000000000,1.0000000000,0.0000000000
0.9540000000,0.0000000000,0.0000000000,0.0000000000,2.9999959344,2.9423197877,25.0000000000,25.0000000000,11.1000000000,1.0000000000,0.0000000000
0.9550000000,0.0000000000,0.0000000000,0.0000000000,2.9999959576,2.9423201674,25.0000000000,25.0000000000,11.1000000000,1.0000000000,0.0000000000
0.9560000000,0.0000000000,0.0000000000,0.0000000000,2.9999959807,2.9423205449,25.0000000000,25.0000000000,11.1000000000,1.0000000000,0.0000000000
0.9570000000,0.0000000000,0.0000000000,0.0000000000,2.9999960036,2.9423209203,25.0000000000,25.0000000000,11.1000000000,1.0000000000,0.0000000000
0.9580000000,0.0000000000,0.0000000000,0.0000000000,2.9999960264,2.9423212935,25.0000000000,25.0000000000,11.1000000000,1.0000000000,0.0000000000
0.9590000000,0.0000000000,0.0000000000,0.0000000000,2.9999960491,2.9423216646,25.0000000000,25.0000000000,11.1000000000,1.0000000000,0.0000000000
0.9600000000,0.0000000000,0.0000000000,0.0000000000,2.9999960716,2.9423220336,25.0000000000,25.0000000000,11.1000000000,1.0000000000,0.0000000000
0.9610000000,0.0000000000,0.0000000000,0.0000000000,2.9999960940,2.9423224004,25.0000000000,25.0000000000,11.1000000000,1.0000000000,0.0000000000
0.9620000000,0.0000000000,0.0000000000,0.0000000000,2.9999961162,2.9423227652,25.0000000000,25.0000000000,11.1000000000,1.0000000000,0.0000000000
0.9630000000,0.0000000000,0.0000000000,0.0000000000,2.9999961384,2.9423231279,25.0000000000,25.0000000000,11.1000000000,1.0000000000,0.0000000000
0.9640000000,0.0000000000,0.0000000000,0.0000000000,2.9999961604,2.9423234886,25.0000000000,25.0000000000,11.1000000000,1.0000000000,0.0000000000
0.9650000000,0.0000000000,0.0000000000,0.0000000000,2.9999961822,2.9423238472,25.0000000000,25.0000000000,11.1000000000,1.0000000000,0.0000000000
0.9660000000,0.0000000000,0.0000000000,0.0000000000,2.9999962040,2.9423242037,25.0000000000,25.0000000000,11.1000000000,1.0000000000,0.0000000000
0.9670000000,0.0000000000,0.0000000000,0.0000000000,2.9999962256,2.9423245583,25.0000000000,25.0000000000,11.1000000000,1.0000000000,0.0000000000
0.9680000000,0.0000000000,0.0000000000,0.0000000000,2.9999962471,2.9423249108,25.0000000000,25.0000000000,11.1000000000,1.0000000000,0.0000000000
0.9690000000,0.0000000000,0.0000000000,0.0000000000,2.9999962684,2.9423252613,25.0000000000,25.0000000000,11.1000000000,1.0000000000,0.0000000000
0.9700000000,0.0000000000,0.0000000000,0.0000000000,2.9999962896,2.9423256098,25.0000000000,25.0000000000,11.1000000000,1.0000000000,0.0000000000
0.9710000000,0.0000000000,0.0000000000,0.0000000000,2.9999963107,2.9423259563,25.0000000000,25.0000000000,11.1000000000,1.0000000000,0.0000000000
0.9720000000,0.0000000000,0.0000000000,0.0000000000,2.9999963317,2.9423263009,25.0000000000,25.0000000000,11.1000000000,1.0000000000,0.0000000000
0.9730000000,0.0000000000,0.0000000000,0.0000000000,2.9999963526,2.9423266435,25.0000000000,25.0000000000,11.1000000000,1.0000000000,0.0000000000
0.9740000000,0.0000000000,0.0000000000,0.0000000000,2.9999963733,2.9423269841,25.0000000000,25.0000000000,11.1000000000,1.0000000000,0.0000000000
0.9750000000,0.0000000000,0.0000000000,0.0000000000,2.9999963939,2.9423273228,25.0000000000,25.0000000000,11.1000000000,1.0000000000,0.0000000000
0.9760000000,0.0000000000,0.0000000000,0.0000000000,2.9999964144,2.9423276596,25.0000000000,25.0000000000,11.1000000000,1.0000000000,0.0000000000
0.9770000000,0.0000000000,0.0000000000,0.0000000000,2.9999964347,2.9423279945,25.0000000000,25.0000000000,11.1000000000,1.0000000000,0.0000000000
0.9780000000,0.0000000000,0.0000000000,0.0000000000,2.9999964550,2.9423283275,25.0000000000,25.0000000000,11.1000000000,1.0000000000,0.0000000000
0.9790000000,0.0000000000,0.0000000000,0.0000000000,2.9999964751,2.9423286586,25.0000000000,25.0000000000,11.1000000000,1.0000000000,0.0000000000
0.9800000000,0.0000000000,0.0000000000,0.0000000000,2.9999964951,2.9423289878,25.0000000000,25.0000000000,11.1000000000,1.0000000000,0.0000000000
0.9810000000,0.0000000000,0.0000000000,0.0000000000,2.9999965150,2.9423293152,25.0000000000,25.0000000000,11.1000000000,1.0000000000,0.0000000000
0.9820000000,0.0000000000,0.0000000000,0.0000000000,2.9999965348,2.9423296407,25.0000000000,25.0000000000,11.1000000000,1.0000000000,0.0000000000
0.9830000000,0.0000000000,0.0000000000,0.0000000000,2.9999965544,2.9423299643,25.0000000000,25.0000000000,11.1000000000,1.0000000000,0.0000000000
0.9840000000,0.0000000000,0.0000000000,0.0000000000,2.9999965740,2.9423302861,25.0000000000,25.0000000000,11.1000000000,1.0000000000,0.0000000000
0.9850000000,0.0000000000,0.0000000000,0.0000000000,2.9999965934,2.9423306061,25.0000000000,25.0000000000,11.1000000000,1.0000000000,0.0000000000
0.9860000000,0.0000000000,0.0000000000,0.0000000000,2.9999966127,2.9423309243,25.0000000000,25.0000000000,11.1000000000,1.0000000000,0.0000000000
0.9870000000,0.0000000000,0.0000000000,0.0000000000,2.9999966319,2.9423312407,25.0000000000,25.0000000000,11.1000000000,1.0000000000,0.0000000000
0.9880000000,0.0000000000,0.0000000000,0.0000000000,2.9999966510,2.9423315553,25.0000000000,25.0000000000,11.1000000000,1.0000000000,0.0000000000
0.9890000000,0.0000000000,0.0000000000,0.0000000000,2.9999966699,2.9423318681,25.0000000000,25.0000000000,11.1000000000,1.0000000000,0.0000000000
0.9900000000,0.0000000000,0.0000000000,0.0000000000,2.9999966888,2.9423321791,25.0000000000,25.0000000000,11.1000000000,1.0000000000,0.0000000000
0.9910000000,0.0000000000,0.0000000000,0.0000000000,2.9999967076,2.9423324884,25.0000000000,25.0000000000,11.1000000000,1.0000000000,0.0000000000
0.9920000000,0.0000000000,0.0000000000,0.0000000000,2.9999967262,2.9423327959,25.0000000000,25.0000000000,11.1000000000,1.0000000000,0.0000000000
0.9930000000,0.0000000000,0.0000000000,0.0000000000,2.9999967447,2.9423331017,25.0000000000,25.0000000000,11.1000000000,1.0000000000,0.0000000000
0.9940000000,0.0000000000,0.0000000000,0.0000000000,2.9999967631,2.9423334057,25.0000000000,25.0000000000,11.1000000000,1.0000000000,0.0000000000
0.9950000000,0.0000000000,0.0000000000,0.0000000000,2.9999967815,2.9423337081,25.0000000000,25.0000000000,11.1000000000,1.0000000000,0.0000000000
0.9960000000,0.0000000000,0.0000000000,0.0000000000,2.9999967997,2.9423340087,25.0000000000,25.0000000000,11.1000000000,1.0000000000,0.0000000000
0.9970000000,0.0000000000,0.0000000000,0.0000000000,2.9999968178,2.9423343076,25.0000000000,25.0000000000,11.1000000000,1.0000000000,0.0000000000
0.9980000000,0.0000000000,0.0000000000,0.0000000000,2.9999968358,2.9423346048,25.0000000000,25.0000000000,11.1000000000,1.0000000000,0.0000000000
0.9990000000,0.0000000000,0.0000000000,0.0000000000,2.9999968536,2.9423349004,25.0000000000,25.0000000000,11.1000000000,1.0000000000,0.0000000000
1.0000000000,0.0000000000,0.0000000000,0.0000000000,2.9999968714,2.9423351943,25.0000000000,25.0000000000,11.1000000000,1.0000000000,0.0000000000
