time_s,target_rad,angle_rad,speed_rad_s,current_a,torque_nm,winding_c,case_c,motor_voltage_v,duty,encoder_rad
0.0000100000,1.0471975512,0.0000000000,0.0000000000,0.0000000000,0.0000000000,25.0000000000,25.0000000000,0.0000000000,0.0000000000,0.0000000000
0.0000200000,1.0471975512,0.0000000000,0.0000000000,0.0000000000,-0.0000000000,25.0000000000,25.0000000000,0.0000000000,0.0000000000,0.0000000000
0.0000300000,1.0471975512,0.0000000000,0.0000000000,0.0000000000,-0.0000000000,25.0000000000,25.0000000000,0.0000000000,0.0000000000,0.0000000000
0.0000400000,1.0471975512,0.0000000000,0.0000000000,0.0000000000,-0.0000000000,25.0000000000,25.0000000000,0.0000000000,0.0000000000,0.0000000000
0.0000500000,1.0471975512,0.0000000000,0.0000000000,0.0000000000,-0.0000000000,25.0000000000,25.0000000000,0.0000000000,0.0000000000,0.0000000000
0.0000600000,1.0471975512,0.0000000000,0.0000000000,0.0000000000,-0.0000000000,25.0000000000,25.0000000000,0.0000000000,0.0000000000,0.0000000000
0.0000700000,1.0471975512,0.0000000000,0.0000000000,0.0000000000,-0.0000000000,25.0000000000,25.0000000000,0.0000000000,0.0000000000,0.0000000000
0.0000800000,1.0471975512,0.0000000000,0.0000000000,0.0000000000,-0.0000000000,25.0000000000,25.0000000000,0.0000000000,0.0000000000,0.0000000000
0.0000900000,1.0471975512,0.0000000000,0.0000000000,0.0000000000,-0.0000000000,25.0000000000,25.0000000000,0.0000000000,0.0000000000,0.0000000000
0.0001000000,1.0471975512,0.0000000000,0.0000000000,0.0000000000,-0.0000000000,25.0000000000,25.0000000000,0.0000000000,0.0000000000,0.0000000000
0.0001100000,1.0471975512,0.0000000000,0.0000000000,0.0000000000,-0.0000000000,25.0000000000,25.0000000000,0.0000000000,0.0000000000,0.0000000000
0.0001200000,1.0471975512,0.0000000000,0.0000000000,0.0000000000,-0.0000000000,25.0000000000,25.0000000000,0.0000000000,0.0000000000,0.0000000000
0.0001300000,1.0471975512,0.0000000000,0.0000000000,0.0000000000,-0.0000000000,25.0000000000,25.0000000000,0.0000000000,0.0000000000,0.0000000000
0.0001400000,1.0471975512,0.0000000000,0.0000000000,0.0000000000,-0.0000000000,25.0000000000,25.0000000000,0.0000000000,0.0000000000,0.0000000000
0.0001500000,1.0471975512,0.0000000000,0.0000000000,0.0000000000,-0.0000000000,25.0000000000,25.0000000000,0.0000000000,0.0000000000,0.0000000000
0.0001600000,1.0471975512,0.0000000000,0.0000000000,0.0000000000,-0.0000000000,25.0000000000,25.0000000000,0.0000000000,0.0000000000,0.0000000000
0.0001700000,1.0471975512,0.0000000000,0.0000000000,0.0000000000,-0.0000000000,25.0000000000,25.0000000000,0.0000000000,0.0000000000,0.0000000000
0.0001800000,1.0471975512,0.0000000000,0.0000000000,0.0000000000,-0.0000000000,25.0000000000,25.0000000000,0.0000000000,0.0000000000,0.0000000000
0.0001900000,1.0471975512,0.0000000000,0.0000000000,0.0000000000,-0.0000000000,25.0000000000,25.0000000000,0.0000000000,0.0000000000,0.0000000000
0.0002000000,1.0471975512,0.0000000000,0.0000000000,0.0000000000,-0.0000000000,25.0000000000,25.0000000000,0.0000000000,0.0000000000,0.0000000000
0.0002100000,1.0471975512,0.0000000000,0.0000000000,0.0000000000,-0.0000000000,25.0000000000,25.0000000000,0.0000000000,0.0000000000,0.0000000000
0.0002200000,1.0471975512,0.0000000000,0.0000000000,0.0000000000,-0.0000000000,25.0000000000,25.0000000000,0.0000000000,0.0000000000,0.0000000000
0.0002300000,1.0471975512,0.0000000000,0.0000000000,0.0000000000,-0.0000000000,25.0000000000,25.0000000000,0.0000000000,0.0000000000,0.0000000000
0.0002400000,1.0471975512,0.0000000000,0.0000000000,0.0000000000,-0.0000000000,25.0000000000,25.0000000000,0.0000000000,0.0000000000,0.0000000000
0.0002500000,1.0471975512,0.0000000000,0.0000000000,-0.0000000000,-0.0000000000,25.0000000000,25.0000000000,0.0000000000,0.0000000000,0.0000000000
0.0002600000,1.0471975512,0.0000000000,0.0000000000,-0.0000000000,-0.0000000000,25.0000000000,25.0000000000,-0.0000000000,0.0000000000,0.0000000000
0.0002700000,1.0471975512,0.0000000000,0.0000000000,-0.0000000000,-0.0000000000,25.0000000000,25.0000000000,-0.0000000000,0.0000000000,0.0000000000
0.0002800000,1.0471975512,0.0000000000,0.0000000000,-0.0000000000,-0.0000000000,25.0000000000,25.0000000000,-0.0000000000,0.0000000000,0.0000000000
0.0002900000,1.0471975512,0.0000000000,0.0000000000,-0.0000000000,-0.0000000000,25.0000000000,25.0000000000,-0.0000000000,0.0000000000,0.0000000000
0.0003000000,1.0471975512,0.0000000000,0.0000000000,-0.0000000000,-0.0000000000,25.0000000000,25.0000000000,-0.0000000000,0.0000000000,0.0000000000
0.0003100000,1.0471975512,0.0000000000,0.0000000000,-0.0000000000,-0.0000000000,25.0000000000,25.0000000000,-0.0000000000,0.0000000000,0.0000000000
0.0003200000,1.0471975512,0.0000000000,0.0000000000,-0.0000000000,-0.0000000000,25.0000000000,25.0000000000,-0.0000000000,0.0000000000,0.0000000000
0.0003300000,1.0471975512,0.0000000000,0.0000000000,-0.0000000000,-0.0000000000,25.0000000000,25.0000000000,-0.0000000000,0.0000000000,0.0000000000
0.0003400000,1.0471975512,0.0000000000,0.0000000000,-0.0000000000,-0.0000000000,25.0000000000,25.0000000000,-0.0000000000,0.0000000000,0.0000000000
0.0003500000,1.0471975512,0.0000000000,0.0000000000,-0.0000000000,-0.0000000000,25.0000000000,25.0000000000,-0.0000000000,0.0000000000,0.0000000000
0.0003600000,1.0471975512,0.0000000000,0.0000000000,-0.0000000000,-0.0000000000,25.0000000000,25.0000000000,-0.0000000000,0.0000000000,0.0000000000
0.0003700000,1.0471975512,0.0000000000,0.0000000000,-0.0000000000,-0.0000000000,25.0000000000,25.0000000000,-0.0000000000,0.0000000000,0.0000000000
0.0003800000,1.0471975512,0.0000000000,0.0000000000,-0.0000000000,-0.0000000000,25.0000000000,25.0000000000,-0.0000000000,0.0000000000,0.0000000000
0.0003900000,1.0471975512,0.0000000000,0.0000000000,-0.0000000000,-0.0000000000,25.0000000000,25.0000000000,-0.0000000000,0.0000000000,0.0000000000
0.0004000000,1.0471975512,0.0000000000,0.0000000000,-0.0000000000,-0.0000000000,25.0000000000,25.0000000000,-0.0000000000,0.0000000000,0.0000000000
0.0004100000,1.0471975512,0.0000000000,0.0000000000,-0.0000000000,-0.0000000000,25.0000000000,25.0000000000,-0.0000000000,0.0000000000,0.0000000000
0.0004200000,1.0471975512,0.0000000000,0.0000000000,-0.0000000000,-0.0000000000,25.0000000000,25.0000000000,-0.0000000000,0.0000000000,0.0000000000
0.0004300000,1.0471975512,0.0000000000,0.0000000000,-0.0000000000,-0.0000000000,25.0000000000,25.0000000000,-0.0000000000,0.0000000000,0.0000000000
0.0004400000,1.0471975512,0.0000000000,0.0000000000,-0.0000000000,-0.0000000000,25.0000000000,25.0000000000,-0.0000000000,0.0000000000,0.0000000000
0.0004500000,1.0471975512,0.0000000000,0.0000000000,-0.0000000000,-0.0000000000,25.0000000000,25.0000000000,-0.0000000000,0.0000000000,0.0000000000
0.0004600000,1.0471975512,0.0000000000,0.0000000000,-0.0000000000,-0.0000000000,25.0000000000,25.0000000000,-0.0000000000,0.0000000000,0.0000000000
0.0004700000,1.0471975512,0.0000000000,0.0000000000,-0.0000000000,-0.0000000000,25.0000000000,25.0000000000,-0.0000000000,0.0000000000,0.0000000000
0.0004800000,1.0471975512,0.0000000000,0.0000000000,-0.0000000000,-0.0000000000,25.0000000000,25.0000000000,-0.0000000000,0.0000000000,0.0000000000
0.0004900000,1.0471975512,0.0000000000,0.0000000000,-0.0000000000,-0.0000000000,25.0000000000,25.0000000000,-0.0000000000,0.0000000000,0.0000000000
0.0005000000,1.0471975512,0.0000000000,0.0000000000,-0.0000000000,-0.0000000000,25.0000000000,25.0000000000,-0.0000000000,0.0000000000,0.0000000000
0.0005100000,1.0471975512,0.0000000000,0.0000000000,-0.0000000000,-0.0000000000,25.0000000000,25.0000000000,-0.0000000000,0.0000000000,0.0000000000
0.0005200000,1.0471975512,0.0000000000,0.0000000000,-0.0000000000,-0.0000000000,25.0000000000,25.0000000000,-0.0000000000,0.0000000000,0.0000000000
0.0005300000,1.0471975512,0.0000000000,0.0000000000,-0.0000000000,-0.0000000000,25.0000000000,25.0000000000,-0.0000000000,0.0000000000,0.0000000000
0.0005400000,1.0471975512,0.0000000000,0.0000000000,-0.0000000000,-0.0000000000,25.0000000000,25.0000000000,-0.0000000000,0.0000000000,0.0000000000
0.0005500000,1.0471975512,0.0000000000,0.0000000000,-0.0000000000,-0.0000000000,25.0000000000,25.0000000000,-0.0000000000,0.0000000000,0.0000000000
0.0005600000,1.0471975512,0.0000000000,0.0000000000,-0.0000000000,-0.0000000000,25.0000000000,25.0000000000,-0.0000000000,0.0000000000,0.0000000000
0.0005700000,1.0471975512,0.0000000000,0.0000000000,-0.0000000000,-0.0000000000,25.0000000000,25.0000000000,-0.0000000000,0.0000000000,0.0000000000
0.0005800000,1.0471975512,0.0000000000,0.0000000000,-0.0000000000,-0.0000000000,25.0000000000,25.0000000000,-0.0000000000,0.0000000000,0.0000000000
0.0005900000,1.0471975512,0.0000000000,0.0000000000,-0.0000000000,-0.0000000000,25.0000000000,25.0000000000,-0.0000000000,0.0000000000,0.0000000000
0.0006000000,1.0471975512,0.0000000000,0.0000000000,-0.0000000000,-0.0000000000,25.0000000000,25.0000000000,-0.0000000000,0.0000000000,0.0000000000
0.0006100000,1.0471975512,0.0000000000,0.0000000000,-0.0000000000,-0.0000000000,25.0000000000,25.0000000000,-0.0000000000,0.0000000000,0.0000000000
0.0006200000,1.0471975512,0.0000000000,0.0000000000,-0.0000000000,-0.0000000000,25.0000000000,25.0000000000,-0.0000000000,0.0000000000,0.0000000000
0.0006300000,1.0471975512,0.0000000000,0.0000000000,-0.0000000000,-0.0000000000,25.0000000000,25.0000000000,-0.0000000000,0.0000000000,0.0000000000
0.0006400000,1.0471975512,0.0000000000,0.0000000000,-0.0000000000,-0.0000000000,25.0000000000,25.0000000000,-0.0000000000,0.0000000000,0.0000000000
0.0006500000,1.0471975512,0.0000000000,0.0000000000,-0.0000000000,-0.0000000000,25.0000000000,25.0000000000,-0.0000000000,0.0000000000,0.0000000000
0.0006600000,1.0471975512,0.0000000000,0.0000000000,-0.0000000000,-0.0000000000,25.0000000000,25.0000000000,-0.0000000000,0.0000000000,0.0000000000
0.0006700000,1.0471975512,0.0000000000,0.0000000000,-0.0000000000,-0.0000000000,25.0000000000,25.0000000000,-0.0000000000,0.0000000000,0.0000000000
0.0006800000,1.0471975512,0.0000000000,0.0000000000,-0.0000000000,-0.0000000000,25.0000000000,25.0000000000,-0.0000000000,0.0000000000,0.0000000000
0.0006900000,1.0471975512,0.0000000000,0.0000000000,-0.0000000000,-0.0000000000,25.0000000000,25.0000000000,-0.0000000000,0.0000000000,0.0000000000
0.0007000000,1.0471975512,0.0000000000,0.0000000000,-0.0000000000,-0.0000000000,25.0000000000,25.0000000000,-0.0000000000,0.0000000000,0.0000000000
0.0007100000,1.0471975512,0.0000000000,0.0000000000,-0.0000000000,-0.0000000000,25.0000000000,25.0000000000,-0.0000000000,0.0000000000,0.0000000000
0.0007200000,1.0471975512,0.0000000000,0.0000000000,-0.0000000000,-0.0000000000,25.0000000000,25.0000000000,-0.0000000000,0.0000000000,0.0000000000
0.0007300000,1.0471975512,0.0000000000,0.0000000000,-0.0000000000,-0.0000000000,25.0000000000,25.0000000000,-0.0000000000,0.0000000000,0.0000000000
0.0007400000,1.0471975512,0.0000000000,0.0000000000,-0.0000000000,-0.0000000000,25.0000000000,25.0000000000,-0.0000000000,0.0000000000,0.0000000000
0.0007500000,1.0471975512,0.0000000000,0.0000000000,-0.0000000000,-0.0000000000,25.0000000000,25.0000000000,-0.0000000000,0.0000000000,0.0000000000
0.0007600000,1.0471975512,0.0000000000,0.0000000000,-0.0000000000,-0.0000000000,25.0000000000,25.0000000000,-0.0000000000,0.0000000000,0.0000000000
0.0007700000,1.0471975512,0.0000000000,0.0000000000,-0.0000000000,-0.0000000000,25.0000000000,25.0000000000,-0.0000000000,0.0000000000,0.0000000000
0.0007800000,1.0471975512,0.0000000000,0.0000000000,-0.0000000000,-0.0000000000,25.0000000000,25.0000000000,-0.0000000000,0.0000000000,0.0000000000
0.0007900000,1.0471975512,0.0000000000,0.0000000000,-0.0000000000,-0.0000000000,25.0000000000,25.0000000000,-0.0000000000,0.0000000000,0.0000000000
0.0008000000,1.0471975512,0.0000000000,0.0000000000,-0.0000000000,-0.0000000000,25.0000000000,25.0000000000,-0.0000000000,0.0000000000,0.0000000000
0.0008100000,1.0471975512,0.0000000000,0.0000000000,-0.0000000000,-0.0000000000,25.0000000000,25.0000000000,-0.0000000000,0.0000000000,0.0000000000
0.0008200000,1.0471975512,0.0000000000,0.0000000000,-0.0000000000,-0.0000000000,25.0000000000,25.0000000000,-0.0000000000,0.0000000000,0.0000000000
0.0008300000,1.0471975512,0.0000000000,0.0000000000,-0.0000000000,-0.0000000000,25.0000000000,25.0000000000,-0.0000000000,0.0000000000,0.0000000000
0.0008400000,1.0471975512,0.0000000000,0.0000000000,-0.0000000000,-0.0000000000,25.0000000000,25.0000000000,-0.0000000000,0.0000000000,0.0000000000
0.0008500000,1.0471975512,0.0000000000,0.0000000000,-0.0000000000,-0.0000000000,25.0000000000,25.0000000000,-0.0000000000,0.0000000000,0.0000000000
0.0008600000,1.0471975512,0.0000000000,0.0000000000,-0.0000000000,-0.0000000000,25.0000000000,25.0000000000,-0.0000000000,0.0000000000,0.0000000000
0.0008700000,1.0471975512,0.0000000000,0.0000000000,-0.0000000000,-0.0000000000,25.0000000000,25.0000000000,-0.0000000000,0.0000000000,0.0000000000
0.0008800000,1.0471975512,0.0000000000,0.0000000000,-0.0000000000,-0.0000000000,25.0000000000,25.0000000000,-0.0000000000,0.0000000000,0.0000000000
0.0008900000,1.0471975512,0.0000000000,0.0000000000,-0.0000000000,-0.0000000000,25.0000000000,25.0000000000,-0.0000000000,0.0000000000,0.0000000000
0.0009000000,1.0471975512,0.0000000000,0.0000000000,-0.0000000000,-0.0000000000,25.0000000000,25.0000000000,-0.0000000000,0.0000000000,0.0000000000
0.0009100000,1.0471975512,0.0000000000,0.0000000000,-0.0000000000,-0.0000000000,25.0000000000,25.0000000000,-0.0000000000,0.0000000000,0.0000000000
0.0009200000,1.0471975512,0.0000000000,0.0000000000,-0.0000000000,-0.0000000000,25.0000000000,25.0000000000,-0.0000000000,0.0000000000,0.0000000000
0.0009300000,1.0471975512,0.0000000000,0.0000000000,-0.0000000000,-0.0000000000,25.0000000000,25.0000000000,-0.0000000000,0.0000000000,0.0000000000
0.0009400000,1.0471975512,0.0000000000,0.0000000000,-0.0000000000,-0.0000000000,25.0000000000,25.0000000000,-0.0000000000,0.0000000000,0.0000000000
0.0009500000,1.0471975512,0.0000000000,0.0000000000,-0.0000000000,-0.0000000000,25.0000000000,25.0000000000,-0.0000000000,0.0000000000,0.0000000000
0.0009600000,1.0471975512,0.0000000000,0.0000000000,-0.0000000000,-0.0000000000,25.0000000000,25.0000000000,-0.0000000000,0.0000000000,0.0000000000
0.0009700000,1.0471975512,0.0000000000,0.0000000000,-0.0000000000,-0.0000000000,25.0000000000,25.0000000000,-0.0000000000,0.0000000000,0.0000000000
0.0009800000,1.0471975512,0.0000000000,0.0000000000,-0.0000000000,-0.0000000000,25.0000000000,25.0000000000,-0.0000000000,0.0000000000,0.0000000000
0.0009900000,1.0471975512,0.0000000000,0.0000000000,-0.0000000000,-0.0000000000,25.0000000000,25.0000000000,-0.0000000000,0.0000000000,0.0000000000
0.0010000000,1.0471975512,0.0000000000,0.0000000000,-0.0000000000,-0.0000000000,25.0000000000,25.0000000000,-0.0000000000,0.0000000000,0.0000000000
0.0010100000,1.0471975512,0.0000000000,0.0000000000,-0.0000000000,-0.0000000000,25.0000000000,25.0000000000,0.0000000000,0.0000000000,0.0000000000
0.0010200000,1.0471975512,0.0000000000,0.0000000000,-0.0000000000,-0.0000000000,25.0000000000,25.0000000000,0.0000000000,0.0000000000,0.0000000000
0.0010300000,1.0471975512,0.0000000000,0.0000000000,-0.0000000000,-0.0000000000,25.0000000000,25.0000000000,0.0000000000,0.0000000000,0.0000000000
0.0010400000,1.0471975512,0.0000000000,0.0000000000,-0.0000000000,-0.0000000000,25.0000000000,25.0000000000,0.0000000000,0.0000000000,0.0000000000
0.0010500000,1.0471975512,0.0000000000,0.0000000000,-0.0000000000,-0.0000000000,25.0000000000,25.0000000000,0.0000000000,0.0000000000,0.0000000000
0.0010600000,1.0471975512,0.0000000000,0.0000000000,-0.0000000000,-0.0000000000,25.0000000000,25.0000000000,0.0000000000,0.0000000000,0.0000000000
0.0010700000,1.0471975512,0.0000000000,0.0000000000,-0.0000000000,-0.0000000000,25.0000000000,25.0000000000,0.0000000000,0.0000000000,0.0000000000
0.0010800000,1.0471975512,0.0000000000,0.0000000000,-0.0000000000,-0.0000000000,25.0000000000,25.0000000000,0.0000000000,0.0000000000,0.0000000000
0.0010900000,1.0471975512,0.0000000000,0.0000000000,-0.0000000000,-0.0000000000,25.0000000000,25.0000000000,0.0000000000,0.0000000000,0.0000000000
0.0011000000,1.0471975512,0.0000000000,0.0000000000,-0.0000000000,-0.0000000000,25.0000000000,25.0000000000,0.0000000000,0.0000000000,0.0000000000
0.0011100000,1.0471975512,0.0000000000,0.0000000000,-0.0000000000,-0.0000000000,25.0000000000,25.0000000000,0.0000000000,0.0000000000,0.0000000000
0.0011200000,1.0471975512,0.0000000000,0.0000000000,-0.0000000000,-0.0000000000,25.0000000000,25.0000000000,0.0000000000,0.0000000000,0.0000000000
0.0011300000,1.0471975512,0.0000000000,0.0000000000,-0.0000000000,-0.0000000000,25.0000000000,25.0000000000,0.0000000000,0.0000000000,0.0000000000
0.0011400000,1.0471975512,0.0000000000,0.0000000000,-0.0000000000,-0.0000000000,25.0000000000,25.0000000000,0.0000000000,0.0000000000,0.0000000000
0.0011500000,1.0471975512,0.0000000000,0.0000000000,-0.0000000000,-0.0000000000,25.0000000000,25.0000000000,0.0000000000,0.0000000000,0.0000000000
0.0011600000,1.0471975512,0.0000000000,0.0000000000,-0.0000000000,-0.0000000000,25.0000000000,25.0000000000,0.0000000000,0.0000000000,0.0000000000
0.0011700000,1.0471975512,0.0000000000,0.0000000000,-0.0000000000,-0.0000000000,25.0000000000,25.0000000000,0.0000000000,0.0000000000,0.0000000000
0.0011800000,1.0471975512,0.0000000000,0.0000000000,-0.0000000000,-0.0000000000,25.0000000000,25.0000000000,0.0000000000,0.0000000000,0.0000000000
0.0011900000,1.0471975512,0.0000000000,0.0000000000,-0.0000000000,-0.0000000000,25.0000000000,25.0000000000,0.0000000000,0.0000000000,0.0000000000
0.0012000000,1.0471975512,0.0000000000,0.0000000000,-0.0000000000,-0.0000000000,25.0000000000,25.0000000000,0.0000000000,0.0000000000,0.0000000000
0.0012100000,1.0471975512,0.0000000000,0.0000000000,-0.0000000000,-0.0000000000,25.0000000000,25.0000000000,0.0000000000,0.0000000000,0.0000000000
0.0012200000,1.0471975512,0.0000000000,0.0000000000,-0.0000000000,-0.0000000000,25.0000000000,25.0000000000,0.0000000000,0.0000000000,0.0000000000
0.0012300000,1.0471975512,0.0000000000,0.0000000000,-0.0000000000,-0.0000000000,25.0000000000,25.0000000000,0.0000000000,0.0000000000,0.0000000000
0.0012400000,1.0471975512,0.0000000000,0.0000000000,-0.0000000000,-0.0000000000,25.0000000000,25.0000000000,0.0000000000,0.0000000000,0.0000000000
0.0012500000,1.0471975512,0.0000000000,0.0000000000,-0.0000000000,-0.0000000000,25.0000000000,25.0000000000,0.0000000000,0.0000000000,0.0000000000
0.0012600000,1.0471975512,0.0000000000,0.0000000000,-0.0000000000,-0.0000000000,25.0000000000,25.0000000000,0.0000000000,0.0000000000,0.0000000000
0.0012700000,1.0471975512,0.0000000000,0.0000000000,-0.0000000000,-0.0000000000,25.0000000000,25.0000000000,0.0000000000,0.0000000000,0.0000000000
0.0012800000,1.0471975512,0.0000000000,0.0000000000,-0.0000000000,-0.0000000000,25.0000000000,25.0000000000,0.0000000000,0.0000000000,0.0000000000
0.0012900000,1.0471975512,0.0000000000,0.0000000000,-0.0000000000,-0.0000000000,25.0000000000,25.0000000000,0.0000000000,0.0000000000,0.0000000000
0.0013000000,1.0471975512,0.0000000000,0.0000000000,-0.0000000000,-0.0000000000,25.0000000000,25.0000000000,0.0000000000,0.0000000000,0.0000000000
0.0013100000,1.0471975512,0.0000000000,0.0000000000,-0.0000000000,-0.0000000000,25.0000000000,25.0000000000,0.0000000000,0.0000000000,0.0000000000
0.0013200000,1.0471975512,0.0000000000,0.0000000000,-0.0000000000,-0.0000000000,25.0000000000,25.0000000000,0.0000000000,0.0000000000,0.0000000000
0.0013300000,1.0471975512,0.0000000000,0.0000000000,-0.0000000000,-0.0000000000,25.0000000000,25.0000000000,0.0000000000,0.0000000000,0.0000000000
0.0013400000,1.0471975512,0.0000000000,0.0000000000,-0.0000000000,-0.0000000000,25.0000000000,25.0000000000,0.0000000000,0.0000000000,0.0000000000
0.0013500000,1.0471975512,0.0000000000,0.0000000000,-0.0000000000,-0.0000000000,25.0000000000,25.0000000000,0.0000000000,0.0000000000,0.0000000000
0.0013600000,1.0471975512,0.0000000000,0.0000000000,-0.0000000000,-0.0000000000,25.0000000000,25.0000000000,0.0000000000,0.0000000000,0.0000000000
0.0013700000,1.0471975512,0.0000000000,0.0000000000,-0.0000000000,-0.0000000000,25.0000000000,25.0000000000,0.0000000000,0.0000000000,0.0000000000
0.0013800000,1.0471975512,0.0000000000,0.0000000000,-0.0000000000,-0.0000000000,25.0000000000,25.0000000000,0.0000000000,0.0000000000,0.0000000000
0.0013900000,1.0471975512,0.0000000000,0.0000000000,-0.0000000000,-0.0000000000,25.0000000000,25.0000000000,0.0000000000,0.0000000000,0.0000000000
0.0014000000,1.0471975512,0.0000000000,0.0000000000,-0.0000000000,-0.0000000000,25.0000000000,25.0000000000,0.0000000000,0.0000000000,0.0000000000
0.0014100000,1.0471975512,0.0000000000,0.0000000000,-0.0000000000,-0.0000000000,25.0000000000,25.0000000000,0.0000000000,0.0000000000,0.0000000000
0.0014200000,1.0471975512,0.0000000000,0.0000000000,-0.0000000000,-0.0000000000,25.0000000000,25.0000000000,0.0000000000,0.0000000000,0.0000000000
0.0014300000,1.0471975512,0.0000000000,0.0000000000,-0.0000000000,-0.0000000000,25.0000000000,25.0000000000,0.0000000000,0.0000000000,0.0000000000
0.0014400000,1.0471975512,0.0000000000,0.0000000000,-0.0000000000,-0.0000000000,25.0000000000,25.0000000000,0.0000000000,0.0000000000,0.0000000000
0.0014500000,1.0471975512,0.0000000000,0.0000000000,-0.0000000000,-0.0000000000,25.0000000000,25.0000000000,0.0000000000,0.0000000000,0.0000000000
0.0014600000,1.0471975512,0.0000000000,0.0000000000,-0.0000000000,-0.0000000000,25.0000000000,25.0000000000,0.0000000000,0.0000000000,0.0000000000
0.0014700000,1.0471975512,0.0000000000,0.0000000000,-0.0000000000,-0.0000000000,25.0000000000,25.0000000000,0.0000000000,0.0000000000,0.0000000000
0.0014800000,1.0471975512,0.0000000000,0.0000000000,-0.0000000000,-0.0000000000,25.0000000000,25.0000000000,0.0000000000,0.0000000000,0.0000000000
0.0014900000,1.0471975512,0.0000000000,0.0000000000,-0.0000000000,-0.0000000000,25.0000000000,25.0000000000,0.0000000000,0.0000000000,0.0000000000
0.0015000000,1.0471975512,0.0000000000,0.0000000000,-0.0000000000,-0.0000000000,25.0000000000,25.0000000000,0.0000000000,0.0000000000,0.0000000000
0.0015100000,1.0471975512,0.0000000000,0.0000000000,-0.0000000000,-0.0000000000,25.0000000000,25.0000000000,0.0000000000,0.0000000000,0.0000000000
0.0015200000,1.0471975512,0.0000000000,0.0000000000,-0.0000000000,-0.0000000000,25.0000000000,25.0000000000,0.0000000000,0.0000000000,0.0000000000
0.0015300000,1.0471975512,0.0000000000,0.0000000000,-0.0000000000,-0.0000000000,25.0000000000,25.0000000000,0.0000000000,0.0000000000,0.0000000000
0.0015400000,1.0471975512,0.0000000000,0.0000000000,-0.0000000000,-0.0000000000,25.0000000000,25.0000000000,0.0000000000,0.0000000000,0.0000000000
0.0015500000,1.0471975512,0.0000000000,0.0000000000,-0.0000000000,-0.0000000000,25.0000000000,25.0000000000,0.0000000000,0.0000000000,0.0000000000
0.0015600000,1.0471975512,0.0000000000,0.0000000000,-0.0000000000,-0.0000000000,25.0000000000,25.0000000000,0.0000000000,0.0000000000,0.0000000000
0.0015700000,1.0471975512,0.0000000000,0.0000000000,-0.0000000000,-0.0000000000,25.0000000000,25.0000000000,0.0000000000,0.0000000000,0.0000000000
0.0015800000,1.0471975512,0.0000000000,0.0000000000,-0.0000000000,-0.0000000000,25.0000000000,25.0000000000,0.0000000000,0.0000000000,0.0000000000
0.0015900000,1.0471975512,0.0000000000,0.0000000000,-0.0000000000,-0.0000000000,25.0000000000,25.0000000000,0.0000000000,0.0000000000,0.0000000000
0.0016000000,1.0471975512,0.0000000000,0.0000000000,-0.0000000000,-0.0000000000,25.0000000000,25.0000000000,0.0000000000,0.0000000000,0.0000000000
0.0016100000,1.0471975512,0.0000000000,0.0000000000,-0.0000000000,-0.0000000000,25.0000000000,25.0000000000,0.0000000000,0.0000000000,0.0000000000
0.0016200000,1.0471975512,0.0000000000,0.0000000000,-0.0000000000,-0.0000000000,25.0000000000,25.0000000000,0.0000000000,0.0000000000,0.0000000000
0.0016300000,1.0471975512,0.0000000000,0.0000000000,-0.0000000000,-0.0000000000,25.0000000000,25.0000000000,0.0000000000,0.0000000000,0.0000000000
0.0016400000,1.0471975512,0.0000000000,0.0000000000,-0.0000000000,-0.0000000000,25.0000000000,25.0000000000,0.0000000000,0.0000000000,0.0000000000
0.0016500000,1.0471975512,0.0000000000,0.0000000000,-0.0000000000,-0.0000000000,25.0000000000,25.0000000000,0.0000000000,0.0000000000,0.0000000000
0.0016600000,1.0471975512,0.0000000000,0.0000000000,-0.0000000000,-0.0000000000,25.0000000000,25.0000000000,0.0000000000,0.0000000000,0.0000000000
0.0016700000,1.0471975512,0.0000000000,0.0000000000,-0.0000000000,-0.0000000000,25.0000000000,25.0000000000,0.0000000000,0.0000000000,0.0000000000
0.0016800000,1.0471975512,0.0000000000,0.0000000000,-0.0000000000,-0.0000000000,25.0000000000,25.0000000000,0.0000000000,0.0000000000,0.0000000000
0.0016900000,1.0471975512,0.0000000000,0.0000000000,-0.0000000000,-0.0000000000,25.0000000000,25.0000000000,0.0000000000,0.0000000000,0.0000000000
0.0017000000,1.0471975512,0.0000000000,0.0000000000,-0.0000000000,-0.0000000000,25.0000000000,25.0000000000,0.0000000000,0.0000000000,0.0000000000
0.0017100000,1.0471975512,0.0000000000,0.0000000000,-0.0000000000,-0.0000000000,25.0000000000,25.0000000000,0.0000000000,0.0000000000,0.0000000000
0.0017200000,1.0471975512,0.0000000000,0.0000000000,-0.0000000000,-0.0000000000,25.0000000000,25.0000000000,0.0000000000,0.0000000000,0.0000000000
0.0017300000,1.0471975512,0.0000000000,0.0000000000,-0.0000000000,-0.0000000000,25.0000000000,25.0000000000,0.0000000000,0.0000000000,0.0000000000
0.0017400000,1.0471975512,0.0000000000,0.0000000000,-0.0000000000,-0.0000000000,25.0000000000,25.0000000000,0.0000000000,0.0000000000,0.0000000000
0.0017500000,1.0471975512,0.0000000000,0.0000000000,-0.0000000000,-0.0000000000,25.0000000000,25.0000000000,0.0000000000,0.0000000000,0.0000000000
0.0017600000,1.0471975512,0.0000000000,0.0000000000,-0.0000000000,-0.0000000000,25.0000000000,25.0000000000,0.0000000000,0.0000000000,0.0000000000
0.0017700000,1.0471975512,0.0000000000,0.0000000000,-0.0000000000,-0.0000000000,25.0000000000,25.0000000000,0.0000000000,0.0000000000,0.0000000000
0.0017800000,1.0471975512,0.0000000000,0.0000000000,-0.0000000000,-0.0000000000,25.0000000000,25.0000000000,0.0000000000,0.0000000000,0.0000000000
0.0017900000,1.0471975512,0.0000000000,0.0000000000,-0.0000000000,-0.0000000000,25.0000000000,25.0000000000,0.0000000000,0.0000000000,0.0000000000
0.0018000000,1.0471975512,0.0000000000,0.0000000000,-0.0000000000,-0.0000000000,25.0000000000,25.0000000000,0.0000000000,0.0000000000,0.0000000000
0.0018100000,1.0471975512,0.0000000000,0.0000000000,-0.0000000000,-0.0000000000,25.0000000000,25.0000000000,0.0000000000,0.0000000000,0.0000000000
0.0018200000,1.0471975512,0.0000000000,0.0000000000,-0.0000000000,-0.0000000000,25.0000000000,25.0000000000,0.0000000000,0.0000000000,0.0000000000
0.0018300000,1.0471975512,0.0000000000,0.0000000000,-0.0000000000,-0.0000000000,25.0000000000,25.0000000000,0.0000000000,0.0000000000,0.0000000000
0.0018400000,1.0471975512,0.0000000000,0.0000000000,-0.0000000000,-0.0000000000,25.0000000000,25.0000000000,0.0000000000,0.0000000000,0.0000000000
0.0018500000,1.0471975512,0.0000000000,0.0000000000,-0.0000000000,-0.0000000000,25.0000000000,25.0000000000,0.0000000000,0.0000000000,0.0000000000
0.0018600000,1.0471975512,0.0000000000,0.0000000000,-0.0000000000,-0.0000000000,25.0000000000,25.0000000000,0.0000000000,0.0000000000,0.0000000000
0.0018700000,1.0471975512,0.0000000000,0.0000000000,-0.0000000000,-0.0000000000,25.0000000000,25.0000000000,0.0000000000,0.0000000000,0.0000000000
0.0018800000,1.0471975512,0.0000000000,0.0000000000,-0.0000000000,-0.0000000000,25.0000000000,25.0000000000,0.0000000000,0.0000000000,0.0000000000
0.0018900000,1.0471975512,0.0000000000,0.0000000000,-0.0000000000,-0.0000000000,25.0000000000,25.0000000000,0.0000000000,0.0000000000,0.0000000000
0.0019000000,1.0471975512,0.0000000000,0.0000000000,-0.0000000000,-0.0000000000,25.0000000000,25.0000000000,0.0000000000,0.0000000000,0.0000000000
0.0019100000,1.0471975512,0.0000000000,0.0000000000,-0.0000000000,-0.0000000000,25.0000000000,25.0000000000,0.0000000000,0.0000000000,0.0000000000
0.0019200000,1.0471975512,0.0000000000,0.0000000000,-0.0000000000,-0.0000000000,25.0000000000,25.0000000000,0.0000000000,0.0000000000,0.0000000000
0.0019300000,1.0471975512,0.0000000000,0.0000000000,-0.0000000000,-0.0000000000,25.0000000000,25.0000000000,0.0000000000,0.0000000000,0.0000000000
0.0019400000,1.0471975512,0.0000000000,0.0000000000,-0.0000000000,-0.0000000000,25.0000000000,25.0000000000,0.0000000000,0.0000000000,0.0000000000
0.0019500000,1.0471975512,0.0000000000,0.0000000000,-0.0000000000,-0.0000000000,25.0000000000,25.0000000000,0.0000000000,0.0000000000,0.0000000000
0.0019600000,1.0471975512,0.0000000000,0.0000000000,-0.0000000000,-0.0000000000,25.0000000000,25.0000000000,0.0000000000,0.0000000000,0.0000000000
0.0019700000,1.0471975512,0.0000000000,0.0000000000,-0.0000000000,-0.0000000000,25.0000000000,25.0000000000,0.0000000000,0.0000000000,0.0000000000
0.0019800000,1.0471975512,0.0000000000,0.0000000000,-0.0000000000,-0.0000000000,25.0000000000,25.0000000000,0.0000000000,0.0000000000,0.0000000000
0.0019900000,1.0471975512,0.0000000000,0.0000000000,-0.0000000000,-0.0000000000,25.0000000000,25.0000000000,0.0000000000,0.0000000000,0.0000000000
0.0020000000,1.0471975512,0.0000000000,0.0000000000,-0.0000000000,-0.0000000000,25.0000000000,25.0000000000,0.0000000000,1.0000000000,0.0000000000
0.0020100000,1.0471975512,0.0000000000,0.0000003869,0.0735934494,0.0000578728,25.0000000000,25.0000000000,11.0963203275,1.0000000000,0.0000000000
0.0020200000,1.0471975512,0.0000000000,0.0000019034,0.1453425102,0.0001888088,25.0000000000,25.0000000000,11.0927328745,1.0000000000,0.0000000000
0.0020300000,1.0471975512,0.0000000001,0.0000052453,0.2152841491,0.0003881587,25.0000000000,25.0000000000,11.0892357925,1.0000000000,0.0000000000
0.0020400000,1.0471975512,0.0000000002,0.0000110646,0.2834550061,0.0006517152,25.0000000000,25.0000000000,11.0858272497,1.0000000000,0.0000000000
0.0020500000,1.0471975512,0.0000000003,0.0000199763,0.3498913236,0.0009759192,25.0000000000,25.0000000000,11.0825054338,1.0000000000,0.0000000000
0.0020600000,1.0471975512,0.0000000006,0.0000325663,0.4146288467,0.0013581073,25.0000000000,25.0000000000,11.0792685577,1.0000000000,0.0000000000
0.0020700000,1.0471975512,0.0000000011,0.0000494018,0.4777027010,0.0017966837,25.0000000000,25.0000000000,11.0761148650,1.0000000000,0.0000000000
0.0020800000,1.0471975512,0.0000000017,0.0000710418,0.5391472691,0.0022911025,25.0000000000,25.0000000000,11.0730426365,1.0000000000,0.0000000000
0.0020900000,1.0471975512,0.0000000026,0.0000980465,0.5989960956,0.0028416261,25.0000000000,25.0000000000,11.0700501952,1.0000000000,0.0000000000
0.0021000000,1.0471975512,0.0000000039,0.0001309819,0.6572818409,0.0034489303,25.0000000000,25.0000000000,11.0671359080,1.0000000000,0.0000000000
0.0021100000,1.0471975512,0.0000000055,0.0001704208,0.7140362896,0.0041136992,25.0000000000,25.0000000000,11.0642981855,1.0000000000,0.0000000000
0.0021200000,1.0471975512,0.0000000075,0.0002169414,0.7692904017,0.0048363326,25.0000000000,25.0000000000,11.0615354799,1.0000000000,0.0000000000
0.0021300000,1.0471975512,0.0000000101,0.0002711223,0.8230743827,0.0056168168,25.0000000000,25.0000000000,11.0588462809,1.0000000000,0.0000000000
0.0021400000,1.0471975512,0.0000000133,0.0003335391,0.8754177563,0.0064547297,25.0000000000,25.0000000000,11.0562291122,1.0000000000,0.0000000000
0.0021500000,1.0471975512,0.0000000171,0.0004047607,0.9263494263,0.0073493203,25.0000000000,25.0000000000,11.0536825287,1.0000000000,0.0000000000
0.0021600000,1.0471975512,0.0000000218,0.0004853466,0.9758977235,0.0082996096,25.0000000000,25.0000000000,11.0512051138,1.0000000000,0.0000000000
0.0021700000,1.0471975512,0.0000000273,0.0005758454,1.0240904407,0.0093044792,25.0000000000,25.0000000000,11.0487954780,1.0000000000,0.0000000000
0.0021800000,1.0471975512,0.0000000338,0.0006767942,1.0709548560,0.0103627366,25.0000000000,25.0000000000,11.0464522572,1.0000000000,0.0000000000
0.0021900000,1.0471975512,0.0000000414,0.0007887175,1.1165177507,0.0114731588,25.0000000000,25.0000000000,11.0441741125,1.0000000000,0.0000000000
0.0022000000,1.0471975512,0.0000000502,0.0009121278,1.1608054216,0.0126345171,25.0000000000,25.0000000000,11.0419597289,1.0000000000,0.0000000000
0.0022100000,1.0471975512,0.0000000603,0.0010475253,1.2038436921,0.0138455921,25.0000000000,25.0000000000,11.0398078154,1.0000000000,0.0000000000
0.0022200000,1.0471975512,0.0000000719,0.0011953982,1.2456579210,0.0151051800,25.0000000000,25.0000000000,11.0377171040,1.0000000000,0.0000000000
0.0022300000,1.0471975512,0.0000000851,0.0013562227,1.2862730108,0.0164120965,25.0000000000,25.0000000000,11.0356863495,1.0000000000,0.0000000000
0.0022400000,1.0471975512,0.0000000999,0.0015304633,1.3257134161,0.0177651778,25.0000000000,25.0000000000,11.0337143292,1.0000000000,0.0000000000
0.0022500000,1.0471975512,0.0000001166,0.0017185730,1.3640031507,0.0191632813,25.0000000000,25.0000000000,11.0317998425,1.0000000000,0.0000000000
0.0022600000,1.0471975512,0.0000001353,0.0019209938,1.4011657959,0.0206052853,25.0000000000,25.0000000000,11.0299417102,1.0000000000,0.0000000000
0.0022700000,1.0471975512,0.0000001561,0.0021381563,1.4372245072,0.0220900890,25.0000000000,25.0000000000,11.0281387746,1.0000000000,0.0000000000
0.0022800000,1.0471975512,0.0000001793,0.0023704803,1.4722020217,0.0236166118,25.0000000000,25.0000000000,11.0263898989,1.0000000000,0.0000000000
0.0022900000,1.0471975512,0.0000002048,0.0026183752,1.5061206655,0.0251837936,25.0000000000,25.0000000000,11.0246939667,1.0000000000,0.0000000000
0.0023000000,1.0471975512,0.0000002330,0.0028822397,1.5390023606,0.0267905938,25.0000000000,25.0000000000,11.0230498820,1.0000000000,0.0000000000
0.0023100000,1.0471975512,0.0000002639,0.0031624623,1.5708686315,0.0284359914,25.0000000000,25.0000000000,11.0214565684,1.0000000000,0.0000000000
0.0023200000,1.0471975512,0.0000002977,0.0034594215,1.6017406125,0.0301189846,25.0000000000,25.0000000000,11.0199129694,1.0000000000,0.0000000000
0.0023300000,1.0471975512,0.0000003347,0.0037734858,1.6316390538,0.0318385901,25.0000000000,25.0000000000,11.0184180473,1.0000000000,0.0000000000
0.0023400000,1.0471975512,0.0000003749,0.0041050141,1.6605843284,0.0335938432,25.0000000000,25.0000000000,11.0169707836,1.0000000000,0.0000000000
0.0023500000,1.0471975512,0.0000004185,0.0044543558,1.6885964387,0.0353837976,25.0000000000,25.0000000000,11.0155701781,1.0000000000,0.0000000000
0.0023600000,1.0471975512,0.0000004658,0.0048218509,1.7156950222,0.0372075245,25.0000000000,25.0000000000,11.0142152489,1.0000000000,0.0000000000
0.0023700000,1.0471975512,0.0000005169,0.0052078303,1.7418993586,0.0390641126,25.0000000000,25.0000000000,11.0129050321,1.0000000000,0.0000000000
0.0023800000,1.0471975512,0.0000005720,0.0056126159,1.7672283752,0.0409526681,25.0000000000,25.0000000000,11.0116385812,1.0000000000,0.0000000000
0.0023900000,1.0471975512,0.0000006313,0.0060365208,1.7917006532,0.0428723139,25.0000000000,25.0000000000,11.0104149673,1.0000000000,0.0000000000
0.0024000000,1.0471975512,0.0000006950,0.0064798494,1.8153344338,0.0448221896,25.0000000000,25.0000000000,11.0092332783,1.0000000000,0.0000000000
0.0024100000,1.0471975512,0.0000007633,0.0069428976,1.8381476238,0.0468014512,25.0000000000,25.0000000000,11.0080926188,1.0000000000,0.0000000000
0.0024200000,1.0471975512,0.0000008363,0.0074259532,1.8601578014,0.0488092704,25.0000000000,25.0000000000,11.0069921099,1.0000000000,0.0000000000
0.0024300000,1.0471975512,0.0000009143,0.0079292955,1.8813822217,0.0508448352,25.0000000000,25.0000000000,11.0059308889,1.0000000000,0.0000000000
0.0024400000,1.0471975512,0.0000009975,0.0084531961,1.9018378227,0.0529073487,25.0000000000,25.0000000000,11.0049081089,1.0000000000,0.0000000000
0.0024500000,1.0471975512,0.0000010861,0.0089979186,1.9215412303,0.0549960294,25.0000000000,25.0000000000,11.0039229385,1.0000000000,0.0000000000
0.0024600000,1.0471975512,0.0000011803,0.0095637189,1.9405087637,0.0571101107,25.0000000000,25.0000000000,11.0029745618,1.0000000000,0.0000000000
0.0024700000,1.0471975512,0.0000012804,0.0101508453,1.9587564409,0.0592488407,25.0000000000,25.0000000000,11.0020621780,1.0000000000,0.0000000000
0.0024800000,1.0471975512,0.0000013864,0.0107595388,1.9762999838,0.0614114819,25.0000000000,25.0000000000,11.0011850008,1.0000000000,0.0000000000
0.0024900000,1.0471975512,0.0000014987,0.0113900331,1.9931548231,0.0635973112,25.0000000000,25.0000000000,11.0003422588,1.0000000000,0.0000000000
0.0025000000,1.0471975512,0.0000016175,0.0120425547,2.0093361038,0.0658056191,25.0000000000,25.0000000000,10.9995331948,1.0000000000,0.0000000000
0.0025100000,1.0471975512,0.0000017430,0.0127173231,2.0248586894,0.0680357100,25.0000000000,25.0000000000,10.9987570655,1.0000000000,0.0000000000
0.0025200000,1.0471975512,0.0000018754,0.0134145512,2.0397371676,0.0702869019,25.0000000000,25.0000000000,10.9980131416,1.0000000000,0.0000000000
0.0025300000,1.0471975512,0.0000020149,0.0141344448,2.0539858543,0.0725585257,25.0000000000,25.0000000000,10.9973007073,1.0000000000,0.0000000000
0.0025400000,1.0471975512,0.0000021618,0.0148772034,2.0676187988,0.0748499254,25.0000000000,25.0000000000,10.9966190601,1.0000000000,0.0000000000
0.0025500000,1.0471975512,0.0000023163,0.0156430199,2.0806497881,0.0771604580,25.0000000000,25.0000000000,10.9959675106,1.0000000000,0.0000000000
0.0025600000,1.0471975512,0.0000024786,0.0164320809,2.0930923518,0.0794894926,25.0000000000,25.0000000000,10.9953453824,1.0000000000,0.0000000000
0.0025700000,1.0471975512,0.0000026490,0.0172445667,2.1049597662,0.0818364110,25.0000000000,25.0000000000,10.9947520117,1.0000000000,0.0000000000
0.0025800000,1.0471975512,0.0000028277,0.0180806517,2.1162650587,0.0842006069,25.0000000000,25.0000000000,10.9941867471,1.0000000000,0.0000000000
0.0025900000,1.0471975512,0.0000030150,0.0189405041,2.1270210125,0.0865814860,25.0000000000,25.0000000000,10.9936489494,1.0000000000,0.0000000000
0.0026000000,1.0471975512,0.0000032110,0.0198242864,2.1372401702,0.0889784655,25.0000000000,25.0000000000,10.9931379915,1.0000000000,0.0000000000
0.0026100000,1.0471975512,0.0000034160,0.0207321554,2.1469348387,0.0913909743,25.0000000000,25.0000000000,10.9926532581,1.0000000000,0.0000000000
0.0026200000,1.0471975512,0.0000036303,0.0216642620,2.1561170928,0.0938184523,25.0000000000,25.0000000000,10.9921941454,1.0000000000,0.0000000000
0.0026300000,1.0471975512,0.0000038541,0.0226207519,2.1647987793,0.0962603508,25.0000000000,25.0000000000,10.9917600610,1.0000000000,0.0000000000
0.0026400000,1.0471975512,0.0000040877,0.0236017653,2.1729915211,0.0987161317,25.0000000000,25.0000000000,10.9913504239,1.0000000000,0.0000000000
0.0026500000,1.0471975512,0.0000043312,0.0246074369,2.1807067210,0.1011852676,25.0000000000,25.0000000000,10.9909646639,1.0000000000,0.0000000000
0.0026600000,1.0471975512,0.0000045850,0.0256378965,2.1879555656,0.1036672417,25.0000000000,25.0000000000,10.9906022217,1.0000000000,0.0000000000
0.0026700000,1.0471975512,0.0000048493,0.0266932687,2.1947490290,0.1061615475,25.0000000000,25.0000000000,10.9902625486,1.0000000000,0.0000000000
0.0026800000,1.0471975512,0.0000051243,0.0277736730,2.2010978765,0.1086676885,25.0000000000,25.0000000000,10.9899451062,1.0000000000,0.0000000000
0.0026900000,1.0471975512,0.0000054103,0.0288792241,2.2070126683,0.1111851783,25.0000000000,25.0000000000,10.9896493666,1.0000000000,0.0000000000
0.0027000000,1.0471975512,0.0000057076,0.0300100320,2.2125037632,0.1137135402,25.0000000000,25.0000000000,10.9893748118,1.0000000000,0.0000000000
0.0027100000,1.0471975512,0.0000060163,0.0311662018,2.2175813217,0.1162523071,25.0000000000,25.0000000000,10.9891209339,1.0000000000,0.0000000000
0.0027200000,1.0471975512,0.0000063369,0.0323478341,2.2222553101,0.1188010212,25.0000000000,25.0000000000,10.9888872345,1.0000000000,0.0000000000
0.0027300000,1.0471975512,0.0000066694,0.0335550251,2.2265355031,0.1213592340,25.0000000000,25.0000000000,10.9886732248,1.0000000000,0.0000000000
0.0027400000,1.0471975512,0.0000070142,0.0347878665,2.2304314880,0.1239265064,25.0000000000,25.0000000000,10.9884784256,1.0000000000,0.0000000000
0.0027500000,1.0471975512,0.0000073715,0.0360464455,2.2339526674,0.1265024077,25.0000000000,25.0000000000,10.9883023666,1.0000000000,0.0000000000
0.0027600000,1.0471975512,0.0000077415,0.0373308454,2.2371082626,0.1290865164,25.0000000000,25.0000000000,10.9881445869,1.0000000000,0.0000000000
0.0027700000,1.0471975512,0.0000081247,0.0386411451,2.2399073170,0.1316784193,25.0000000000,25.0000000000,10.9880046342,1.0000000000,0.0000000000
0.0027800000,1.0471975512,0.0000085211,0.0399774195,2.2423586987,0.1342777119,25.0000000000,25.0000000000,10.9878820651,1.0000000000,0.0000000000
0.0027900000,1.0471975512,0.0000089310,0.0413397395,2.2444711043,0.1368839979,25.0000000000,25.0000000000,10.9877764448,1.0000000000,0.0000000000
0.0028000000,1.0471975512,0.0000093548,0.0427281722,2.2462530613,0.1394968891,25.0000000000,25.0000000000,10.9876873469,1.0000000000,0.0000000000
0.0028100000,1.0471975512,0.0000097927,0.0441427807,2.2477129313,0.1421160053,25.0000000000,25.0000000000,10.9876143534,1.0000000000,0.0000000000
0.0028200000,1.0471975512,0.0000102449,0.0455836245,2.2488589130,0.1447409743,25.0000000000,25.0000000000,10.9875570543,1.0000000000,0.0000000000
0.0028300000,1.0471975512,0.0000107118,0.0470507593,2.2496990450,0.1473714315,25.0000000000,25.0000000000,10.9875150477,1.0000000000,0.0000000000
0.0028400000,1.0471975512,0.0000111934,0.0485442374,2.2502412087,0.1500070200,25.0000000000,25.0000000000,10.9874879396,1.0000000000,0.0000000000
0.0028500000,1.0471975512,0.0000116903,0.0500641075,2.2504931309,0.1526473901,25.0000000000,25.0000000000,10.9874753435,1.0000000000,0.0000000000
0.0028600000,1.0471975512,0.0000122025,0.0516104148,2.2504623867,0.1552921998,25.0000000000,25.0000000000,10.9874768807,1.0000000000,0.0000000000
0.0028700000,1.0471975512,0.0000127304,0.0531832012,2.2501564021,0.1579411139,25.0000000000,25.0000000000,10.9874921799,1.0000000000,0.0000000000
0.0028800000,1.0471975512,0.0000132742,0.0547825053,2.2495824566,0.1605938045,25.0000000000,25.0000000000,10.9875208772,1.0000000000,0.0000000000
0.0028900000,1.0471975512,0.0000138342,0.0564083624,2.2487476861,0.1632499504,25.0000000000,25.0000000000,10.9875626157,1.0000000000,0.0000000000
0.0029000000,1.0471975512,0.0000144107,0.0580608047,2.2476590850,0.1659092375,25.0000000000,25.0000000000,10.9876170458,1.0000000000,0.0000000000
0.0029100000,1.0471975512,0.0000150038,0.0597398613,2.2463235090,0.1685713581,25.0000000000,25.0000000000,10.9876838246,1.0000000000,0.0000000000
0.0029200000,1.0471975512,0.0000156140,0.0614455582,2.2447476775,0.1712360111,25.0000000000,25.0000000000,10.9877626161,1.0000000000,0.0000000000
0.0029300000,1.0471975512,0.0000162414,0.0631779187,2.2429381759,0.1739029020,25.0000000000,25.0000000000,10.9878530912,1.0000000000,0.0000000000
0.0029400000,1.0471975512,0.0000168864,0.0649369629,2.2409014584,0.1765717424,25.0000000000,25.0000000000,10.9879549271,1.0000000000,0.0000000000
0.0029500000,1.0471975512,0.0000175491,0.0667227082,2.2386438496,0.1792422503,25.0000000000,25.0000000000,10.9880678075,1.0000000000,0.0000000000
0.0029600000,1.0471975512,0.0000182299,0.0685351692,2.2361715478,0.1819141496,25.0000000000,25.0000000000,10.9881914226,1.0000000000,0.0000000000
0.0029700000,1.0471975512,0.0000189291,0.0703743577,2.2334906261,0.1845871703,25.0000000000,25.0000000000,10.9883254687,1.0000000000,0.0000000000
0.0029800000,1.0471975512,0.0000196468,0.0722402830,2.2306070358,0.1872610483,25.0000000000,25.0000000000,10.9884696482,1.0000000000,0.0000000000
0.0029900000,1.0471975512,0.0000203834,0.0741329518,2.2275266076,0.1899355250,25.0000000000,25.0000000000,10.9886236696,1.0000000000,0.0000000000
0.0030000000,1.0471975512,0.0000211391,0.0760523681,2.2242550544,0.1926103479,25.0000000000,25.0000000000,10.9887872473,1.0000000000,0.0000000000
0.0030100000,1.0471975512,0.0000219142,0.0779985335,2.2207979733,0.1952852695,25.0000000000,25.0000000000,10.9889601013,1.0000000000,0.0000000000
0.0030200000,1.0471975512,0.0000227090,0.0799714472,2.2171608472,0.1979600483,25.0000000000,25.0000000000,10.9891419576,1.0000000000,0.0000000000
0.0030300000,1.0471975512,0.0000235237,0.0819711060,2.2133490475,0.2006344477,25.0000000000,25.0000000000,10.9893325476,1.0000000000,0.0000000000
0.0030400000,1.0471975512,0.0000243585,0.0839975043,2.2093678359,0.2033082367,25.0000000000,25.0000000000,10.9895316082,1.0000000000,0.0000000000
0.0030500000,1.0471975512,0.0000252139,0.0860506344,2.2052223660,0.2059811891,25.0000000000,25.0000000000,10.9897388817,1.0000000000,0.0000000000
0.0030600000,1.0471975512,0.0000260900,0.0881304863,2.2009176859,0.2086530841,25.0000000000,25.0000000000,10.9899541157,1.0000000000,0.0000000000
0.0030700000,1.0471975512,0.0000269871,0.0902370476,2.1964587394,0.2113237057,25.0000000000,25.0000000000,10.9901770630,1.0000000000,0.0000000000
0.0030800000,1.0471975512,0.0000279054,0.0923703042,2.1918503684,0.2139928428,25.0000000000,25.0000000000,10.9904074816,1.0000000000,0.0000000000
0.0030900000,1.0471975512,0.0000288453,0.0945302396,2.1870973147,0.2166602889,25.0000000000,25.0000000000,10.9906451343,1.0000000000,0.0000000000
0.0031000000,1.0471975512,0.0000298070,0.0967168354,2.1822042215,0.2193258425,25.0000000000,25.0000000000,10.9908897889,1.0000000000,0.0000000000
0.0031100000,1.0471975512,0.0000307908,0.0989300712,2.1771756354,0.2219893066,25.0000000000,25.0000000000,10.9911412182,1.0000000000,0.0000000000
0.0031200000,1.0471975512,0.0000317968,0.1011699246,2.1720160081,0.2246504886,25.0000000000,25.0000000000,10.9913991996,1.0000000000,0.0000000000
0.0031300000,1.0471975512,0.0000328255,0.1034363714,2.1667296983,0.2273092004,25.0000000000,25.0000000000,10.9916635151,1.0000000000,0.0000000000
0.0031400000,1.0471975512,0.0000338771,0.1057293856,2.1613209729,0.2299652584,25.0000000000,25.0000000000,10.9919339514,1.0000000000,0.0000000000
0.0031500000,1.0471975512,0.0000349517,0.1080489391,2.1557940095,0.2326184830,25.0000000000,25.0000000000,10.9922102995,1.0000000000,0.0000000000
0.0031600000,1.0471975512,0.0000360498,0.1103950025,2.1501528969,0.2352686990,25.0000000000,25.0000000000,10.9924923552,1.0000000000,0.0000000000
0.0031700000,1.0471975512,0.0000371715,0.1127675443,2.1444016380,0.2379157352,25.0000000000,25.0000000000,10.9927799181,1.0000000000,0.0000000000
0.0031800000,1.0471975512,0.0000383172,0.1151665315,2.1385441501,0.2405594246,25.0000000000,25.0000000000,10.9930727925,1.0000000000,0.0000000000
0.0031900000,1.0471975512,0.0000394870,0.1175919293,2.1325842676,0.2431996040,25.0000000000,25.0000000000,10.9933707866,1.0000000000,0.0000000000
0.0032000000,1.0471975512,0.0000406813,0.1200437015,2.1265257426,0.2458361141,25.0000000000,25.0000000000,10.9936737129,1.0000000000,0.0000000000
0.0032100000,1.0471975512,0.0000419003,0.1225218103,2.1203722470,0.2484687994,25.0000000000,25.0000000000,10.9939813877,1.0000000000,0.0000000000
0.0032200000,1.0471975512,0.0000431443,0.1250262161,2.1141273736,0.2510975083,25.0000000000,25.0000000000,10.9942936313,1.0000000000,0.0000000000
0.0032300000,1.0471975512,0.0000444135,0.1275568782,2.1077946380,0.2537220927,25.0000000000,25.0000000000,10.9946102681,1.0000000000,0.0000000000
0.0032400000,1.0471975512,0.0000457083,0.1301137542,2.1013774795,0.2563424081,25.0000000000,25.0000000000,10.9949311260,1.0000000000,0.0000000000
0.0032500000,1.0471975512,0.0000470288,0.1326968004,2.0948792628,0.2589583137,25.0000000000,25.0000000000,10.9952560369,1.0000000000,0.0000000000
0.0032600000,1.0471975512,0.0000483753,0.1353059716,2.0883032794,0.2615696720,25.0000000000,25.0000000000,10.9955848360,1.0000000000,0.0000000000
0.0032700000,1.0471975512,0.0000497481,0.1379412213,2.0816527487,0.2641763489,25.0000000000,25.0000000000,10.9959173626,1.0000000000,0.0000000000
0.0032800000,1.0471975512,0.0000511474,0.1406025019,2.0749308195,0.2667782138,25.0000000000,25.0000000000,10.9962534590,1.0000000000,0.0000000000
0.0032900000,1.0471975512,0.0000525736,0.1432897641,2.0681405716,0.2693751391,25.0000000000,25.0000000000,10.9965929714,1.0000000000,0.0000000000
0.0033000000,1.0471975512,0.0000540268,0.1460029576,2.0612850164,0.2719670008,25.0000000000,25.0000000000,10.9969357492,1.0000000000,0.0000000000
0.0033100000,1.0471975512,0.0000555074,0.1487420310,2.0543670988,0.2745536776,25.0000000000,25.0000000000,10.9972816451,1.0000000000,0.0000000000
0.0033200000,1.0471975512,0.0000570155,0.1515069314,2.0473896981,0.2771350516,25.0000000000,25.0000000000,10.9976305151,1.0000000000,0.0000000000
0.0033300000,1.0471975512,0.0000585515,0.1542976050,2.0403556293,0.2797110078,25.0000000000,25.0000000000,10.9979822185,1.0000000000,0.0000000000
0.0033400000,1.0471975512,0.0000601156,0.1571139968,2.0332676442,0.2822814342,25.0000000000,25.0000000000,10.9983366178,1.0000000000,0.0000000000
0.0033500000,1.0471975512,0.0000617080,0.1599560506,2.0261284328,0.2848462217,25.0000000000,25.0000000000,10.9986935784,1.0000000000,0.0000000000
0.0033600000,1.0471975512,0.0000633291,0.1628237093,2.0189406244,0.2874052642,25.0000000000,25.0000000000,10.9990529688,1.0000000000,0.0000000000
0.0033700000,1.0471975512,0.0000649790,0.1657169145,2.0117067886,0.2899584580,25.0000000000,25.0000000000,10.9994146606,1.0000000000,0.0000000000
0.0033800000,1.0471975512,0.0000666580,0.1686356072,2.0044294362,0.2925057027,25.0000000000,25.0000000000,10.9997785282,1.0000000000,0.0000000000
0.0033900000,1.0471975512,0.0000683665,0.1715797270,1.9971110211,0.2950469001,25.0000000000,25.0000000000,11.0001444489,1.0000000000,0.0000000000
0.0034000000,1.0471975512,0.0000701045,0.1745492128,1.9897539405,0.2975819550,25.0000000000,25.0000000000,11.0005123030,1.0000000000,0.0000000000
0.0034100000,1.0471975512,0.0000718725,0.1775440024,1.9823605363,0.3001107745,25.0000000000,25.0000000000,11.0008819732,1.0000000000,0.0000000000
0.0034200000,1.0471975512,0.0000736705,0.1805640329,1.9749330963,0.3026332685,25.0000000000,25.0000000000,11.0012533452,1.0000000000,0.0000000000
0.0034300000,1.0471975512,0.0000754990,0.1836092402,1.9674738551,0.3051493491,25.0000000000,25.0000000000,11.0016263072,1.0000000000,0.0000000000
0.0034400000,1.0471975512,0.0000773581,0.1866795596,1.9599849950,0.3076589312,25.0000000000,25.0000000000,11.0020007502,1.0000000000,0.0000000000
0.0034500000,1.0471975512,0.0000792481,0.1897749256,1.9524686471,0.3101619318,25.0000000000,25.0000000000,11.0023765676,1.0000000000,0.0000000000
0.0034600000,1.0471975512,0.0000811692,0.1928952716,1.9449268922,0.3126582704,25.0000000000,25.0000000000,11.0027536554,1.0000000000,0.0000000000
0.0034700000,1.0471975512,0.0000831218,0.1960405306,1.9373617619,0.3151478687,25.0000000000,25.0000000000,11.0031319119,1.0000000000,0.0000000000
0.0034800000,1.0471975512,0.0000851059,0.1992106344,1.9297752392,0.3176306507,25.0000000000,25.0000000000,11.0035112380,1.0000000000,0.0000000000
0.0034900000,1.0471975512,0.0000871220,0.2024055144,1.9221692600,0.3201065426,25.0000000000,25.0000000000,11.0038915370,1.0000000000,0.0000000000
0.0035000000,1.0471975512,0.0000891702,0.2056251012,1.9145457133,0.3225754728,25.0000000000,25.0000000000,11.0042727143,1.0000000000,0.0000000000
0.0035100000,1.0471975512,0.0000912507,0.2088693246,1.9069064428,0.3250373718,25.0000000000,25.0000000000,11.0046546779,1.0000000000,0.0000000000
0.0035200000,1.0471975512,0.0000933639,0.2121381138,1.8992532471,0.3274921722,25.0000000000,25.0000000000,11.0050373376,1.0000000000,0.0000000000
0.0035300000,1.0471975512,0.0000955100,0.2154313972,1.8915878810,0.3299398086,25.0000000000,25.0000000000,11.0054206060,1.0000000000,0.0000000000
0.0035400000,1.0471975512,0.0000976892,0.2187491029,1.8839120563,0.3323802176,25.0000000000,25.0000000000,11.0058043972,1.0000000000,0.0000000000
0.0035500000,1.0471975512,0.0000999017,0.2220911581,1.8762274424,0.3348133378,25.0000000000,25.0000000000,11.0061886279,1.0000000000,0.0000000000
0.0035600000,1.0471975512,0.0001021479,0.2254574894,1.8685356673,0.3372391096,25.0000000000,25.0000000000,11.0065732166,1.0000000000,0.0000000000
0.0035700000,1.0471975512,0.0001044278,0.2288480229,1.8608383186,0.3396574756,25.0000000000,25.0000000000,11.0069580841,1.0000000000,0.0000000000
0.0035800000,1.0471975512,0.0001067419,0.2322626841,1.8531369436,0.3420683798,25.0000000000,25.0000000000,11.0073431528,1.0000000000,0.0000000000
0.0035900000,1.0471975512,0.0001090903,0.2357013980,1.8454330509,0.3444717683,25.0000000000,25.0000000000,11.0077283475,1.0000000000,0.0000000000
0.0036000000,1.0471975512,0.0001114733,0.2391640891,1.8377281106,0.3468675889,25.0000000000,25.0000000000,11.0081135945,1.0000000000,0.0000000000
0.0036100000,1.0471975512,0.0001138911,0.2426506813,1.8300235552,0.3492557912,25.0000000000,25.0000000000,11.0084988222,1.0000000000,0.0000000000
0.0036200000,1.0471975512,0.0001163439,0.2461610980,1.8223207804,0.3516363263,25.0000000000,25.0000000000,11.0088839610,1.0000000000,0.0000000000
0.0036300000,1.0471975512,0.0001188320,0.2496952623,1.8146211457,0.3540091472,25.0000000000,25.0000000000,11.0092689427,1.0000000000,0.0000000000
0.0036400000,1.0471975512,0.0001213556,0.2532530965,1.8069259754,0.3563742083,25.0000000000,25.0000000000,11.0096537012,1.0000000000,0.0000000000
0.0036500000,1.0471975512,0.0001239150,0.2568345230,1.7992365587,0.3587314658,25.0000000000,25.0000000000,11.0100381721,1.0000000000,0.0000000000
0.0036600000,1.0471975512,0.0001265104,0.2604394631,1.7915541512,0.3610808774,25.0000000000,25.0000000000,11.0104222924,1.0000000000,0.0000000000
0.0036700000,1.0471975512,0.0001291420,0.2640678383,1.7838799746,0.3634224022,25.0000000000,25.0000000000,11.0108060013,1.0000000000,0.0000000000
0.0036800000,1.0471975512,0.0001318100,0.2677195692,1.7762152183,0.3657560010,25.0000000000,25.0000000000,11.0111892391,1.0000000000,0.0000000000
0.0036900000,1.0471975512,0.0001345147,0.2713945765,1.7685610395,0.3680816360,25.0000000000,25.0000000000,11.0115719480,1.0000000000,0.0000000000
0.0037000000,1.0471975512,0.0001372564,0.2750927801,1.7609185637,0.3703992707,25.0000000000,25.0000000000,11.0119540718,1.0000000000,0.0000000000
0.0037100000,1.0471975512,0.0001400352,0.2788140999,1.7532888861,0.3727088702,25.0000000000,25.0000000000,11.0123355557,1.0000000000,0.0000000000
0.0037200000,1.0471975512,0.0001428514,0.2825584551,1.7456730711,0.3750104009,25.0000000000,25.0000000000,11.0127163464,1.0000000000,0.0000000000
0.0037300000,1.0471975512,0.0001457053,0.2863257649,1.7380721539,0.3773038306,25.0000000000,25.0000000000,11.0130963923,1.0000000000,0.0000000000
0.0037400000,1.0471975512,0.0001485969,0.2901159480,1.7304871406,0.3795891282,25.0000000000,25.0000000000,11.0134756430,1.0000000000,0.0000000000
0.0037500000,1.0471975512,0.0001515267,0.2939289230,1.7229190087,0.3818662643,25.0000000000,25.0000000000,11.0138540496,1.0000000000,0.0000000000
0.0037600000,1.0471975512,0.0001544947,0.2977646078,1.7153687079,0.3841352103,25.0000000000,25.0000000000,11.0142315646,1.0000000000,0.0000000000
0.0037700000,1.0471975512,0.0001575013,0.3016229205,1.7078371609,0.3863959393,25.0000000000,25.0000000000,11.0146081420,1.0000000000,0.0000000000
0.0037800000,1.0471975512,0.0001605466,0.3055037787,1.7003252631,0.3886484252,25.0000000000,25.0000000000,11.0149837368,1.0000000000,0.0000000000
0.0037900000,1.0471975512,0.0001636309,0.3094070998,1.6928338840,0.3908926433,25.0000000000,25.0000000000,11.0153583058,1.0000000000,0.0000000000
0.0038000000,1.0471975512,0.0001667544,0.3133328009,1.6853638674,0.3931285702,25.0000000000,25.0000000000,11.0157318066,1.0000000000,0.0000000000
0.0038100000,1.0471975512,0.0001699173,0.3172807989,1.6779160319,0.3953561833,25.0000000000,25.0000000000,11.0161041984,1.0000000000,0.0000000000
0.0038200000,1.0471975512,0.0001731199,0.3212510105,1.6704911714,0.3975754614,25.0000000000,25.0000000000,11.0164754414,1.0000000000,0.0000000000
0.0038300000,1.0471975512,0.0001763623,0.3252433523,1.6630900556,0.3997863842,25.0000000000,25.0000000000,11.0168454972,1.0000000000,0.0000000000
0.0038400000,1.0471975512,0.0001796449,0.3292577405,1.6557134307,0.4019889326,25.0000000000,25.0000000000,11.0172143285,1.0000000000,0.0000000000
0.0038500000,1.0471975512,0.0001829677,0.3332940912,1.6483620195,0.4041830884,25.0000000000,25.0000000000,11.0175818990,1.0000000000,0.0000000000
0.0038600000,1.0471975512,0.0001863311,0.3373523205,1.6410365223,0.4063688346,25.0000000000,25.0000000000,11.0179481739,1.0000000000,0.0000000000
0.0038700000,1.0471975512,0.0001897352,0.3414323440,1.6337376170,0.4085461550,25.0000000000,25.0000000000,11.0183131192,1.0000000000,0.0000000000
0.0038800000,1.0471975512,0.0001931803,0.3455340774,1.6264659597,0.4107150346,25.0000000000,25.0000000000,11.0186767020,1.0000000000,0.0000000000
0.0038900000,1.0471975512,0.0001966665,0.3496574362,1.6192221855,0.4128754592,25.0000000000,25.0000000000,11.0190388907,1.0000000000,0.0000000000
0.0039000000,1.0471975512,0.0002001942,0.3538023358,1.6120069081,0.4150274155,25.0000000000,25.0000000000,11.0193996546,1.0000000000,0.0000000000
0.0039100000,1.0471975512,0.0002037634,0.3579686913,1.6048207211,0.4171708912,25.0000000000,25.0000000000,11.0197589639,1.0000000000,0.0000000000
0.0039200000,1.0471975512,0.0002073745,0.3621564179,1.5976641980,0.4193058749,25.0000000000,25.0000000000,11.0201167901,1.0000000000,0.0000000000
0.0039300000,1.0471975512,0.0002110276,0.3663654306,1.5905378926,0.4214323560,25.0000000000,25.0000000000,11.0204731054,1.0000000000,0.0000000000
0.0039400000,1.0471975512,0.0002147230,0.3705956442,1.5834423396,0.4235503249,25.0000000000,25.0000000000,11.0208278830,1.0000000000,0.0000000000
0.0039500000,1.0471975512,0.0002184608,0.3748469737,1.5763780548,0.4256597726,25.0000000000,25.0000000000,11.0211810973,1.0000000000,0.0000000000
0.0039600000,1.0471975512,0.0002222413,0.3791193336,1.5693455358,0.4277606911,25.0000000000,25.0000000000,11.0215327232,1.0000000000,0.0000000000
0.0039700000,1.0471975512,0.0002260647,0.3834126387,1.5623452619,0.4298530732,25.0000000000,25.0000000000,11.0218827369,1.0000000000,0.0000000000
0.0039800000,1.0471975512,0.0002299312,0.3877268036,1.5553776950,0.4319369123,25.0000000000,25.0000000000,11.0222311153,1.0000000000,0.0000000000
0.0039900000,1.0471975512,0.0002338409,0.3920617427,1.5484432795,0.4340122028,25.0000000000,25.0000000000,11.0225778360,1.0000000000,0.0000000000
0.0040000000,1.0471975512,0.0002377942,0.3964173706,1.5415424433,0.4360789397,25.0000000000,25.0000000000,11.0229228778,1.0000000000,0.0000000000
0.0040100000,1.0471975512,0.0002417912,0.4007936017,1.5346755973,0.4381371187,25.0000000000,25.0000000000,11.0232662201,1.0000000000,0.0000000000
0.0040200000,1.0471975512,0.0002458321,0.4051903504,1.5278431367,0.4401867362,25.0000000000,25.0000000000,11.0236078432,1.0000000000,0.0000000000
0.0040300000,1.0471975512,0.0002499171,0.4096075310,1.5210454405,0.4422277895,25.0000000000,25.0000000000,11.0239477280,1.0000000000,0.0000000000
0.0040400000,1.0471975512,0.0002540464,0.4140450579,1.5142828723,0.4442602764,25.0000000000,25.0000000000,11.0242858564,1.0000000000,0.0000000000
0.0040500000,1.0471975512,0.0002582203,0.4185028454,1.5075557808,0.4462841954,25.0000000000,25.0000000000,11.0246222110,1.0000000000,0.0000000000
0.0040600000,1.0471975512,0.0002624389,0.4229808079,1.5008644995,0.4482995455,25.0000000000,25.0000000000,11.0249567750,1.0000000000,0.0000000000
0.0040700000,1.0471975512,0.0002667024,0.4274788595,1.4942093477,0.4503063267,25.0000000000,25.0000000000,11.0252895326,1.0000000000,0.0000000000
0.0040800000,1.0471975512,0.0002710111,0.4319969148,1.4875906304,0.4523045391,25.0000000000,25.0000000000,11.0256204685,1.0000000000,0.0000000000
0.0040900000,1.0471975512,0.0002753651,0.4365348878,1.4810086386,0.4542941840,25.0000000000,25.0000000000,11.0259495681,1.0000000000,0.0000000000
0.0041000000,1.0471975512,0.0002797646,0.4410926931,1.4744636502,0.4562752627,25.0000000000,25.0000000000,11.0262768175,1.0000000000,0.0000000000
0.0041100000,1.0471975512,0.0002842099,0.4456702450,1.4679559292,0.4582477775,25.0000000000,25.0000000000,11.0266022035,1.0000000000,0.0000000000
0.0041200000,1.0471975512,0.0002887010,0.4502674577,1.4614857271,0.4602117311,25.0000000000,25.0000000000,11.0269257136,1.0000000000,0.0000000000
0.0041300000,1.0471975512,0.0002932383,0.4548842459,1.4550532826,0.4621671267,25.0000000000,25.0000000000,11.0272473359,1.0000000000,0.0000000000
0.0041400000,1.0471975512,0.0002978219,0.4595205238,1.4486588220,0.4641139680,25.0000000000,25.0000000000,11.0275670589,1.0000000000,0.0000000000
0.0041500000,1.0471975512,0.0003024520,0.4641762060,1.4423025593,0.4660522595,25.0000000000,25.0000000000,11.0278848720,1.0000000000,0.0000000000
0.0041600000,1.0471975512,0.0003071289,0.4688512070,1.4359846970,0.4679820059,25.0000000000,25.0000000000,11.0282007652,1.0000000000,0.0000000000
0.0041700000,1.0471975512,0.0003118526,0.4735454415,1.4297054257,0.4699032124,25.0000000000,25.0000000000,11.0285147287,1.0000000000,0.0000000000
0.0041800000,1.0471975512,0.0003166234,0.4782588240,1.4234649250,0.4718158849,25.0000000000,25.0000000000,11.0288267538,1.0000000000,0.0000000000
0.0041900000,1.0471975512,0.0003214414,0.4829912692,1.4172633631,0.4737200297,25.0000000000,25.0000000000,11.0291368318,1.0000000000,0.0000000000
0.0042000000,1.0471975512,0.0003263070,0.4877426920,1.4111008977,0.4756156534,25.0000000000,25.0000000000,11.0294449551,1.0000000000,0.0000000000
0.0042100000,1.0471975512,0.0003312202,0.4925130072,1.4049776757,0.4775027631,25.0000000000,25.0000000000,11.0297511162,1.0000000000,0.0000000000
0.0042200000,1.0471975512,0.0003361812,0.4973021297,1.3988938340,0.4793813665,25.0000000000,25.0000000000,11.0300553083,1.0000000000,0.0000000000
0.0042300000,1.0471975512,0.0003411903,0.5021099744,1.3928494990,0.4812514716,25.0000000000,25.0000000000,11.0303575251,1.0000000000,0.0000000000
0.0042400000,1.0471975512,0.0003462475,0.5069364566,1.3868447877,0.4831130867,25.0000000000,25.0000000000,11.0306577606,1.0000000000,0.0000000000
0.0042500000,1.0471975512,0.0003513532,0.5117814912,1.3808798072,0.4849662208,25.0000000000,25.0000000000,11.0309560096,1.0000000000,0.0000000000
0.0042600000,1.0471975512,0.0003565075,0.5166449937,1.3749546553,0.4868108830,25.0000000000,25.0000000000,11.0312522672,1.0000000000,0.0000000000
0.0042700000,1.0471975512,0.0003617106,0.5215268793,1.3690694208,0.4886470829,25.0000000000,25.0000000000,11.0315465290,1.0000000000,0.0000000000
0.0042800000,1.0471975512,0.0003669626,0.5264270635,1.3632241832,0.4904748305,25.0000000000,25.0000000000,11.0318387908,1.0000000000,0.0000000000
0.0042900000,1.0471975512,0.0003722637,0.5313454619,1.3574190137,0.4922941361,25.0000000000,25.0000000000,11.0321290493,1.0000000000,0.0000000000
0.0043000000,1.0471975512,0.0003776142,0.5362819901,1.3516539747,0.4941050104,25.0000000000,25.0000000000,11.0324173013,1.0000000000,0.0000000000
0.0043100000,1.0471975512,0.0003830142,0.5412365639,1.3459291204,0.4959074644,25.0000000000,25.0000000000,11.0327035440,1.0000000000,0.0000000000
0.0043200000,1.0471975512,0.0003884638,0.5462090991,1.3402444967,0.4977015094,25.0000000000,25.0000000000,11.0329877752,1.0000000000,0.0000000000
0.0043300000,1.0471975512,0.0003939633,0.5511995118,1.3346001419,0.4994871572,25.0000000000,25.0000000000,11.0332699929,1.0000000000,0.0000000000
0.0043400000,1.0471975512,0.0003995129,0.5562077181,1.3289960864,0.5012644196,25.0000000000,25.0000000000,11.0335501957,1.0000000000,0.0000000000
0.0043500000,1.0471975512,0.0004051126,0.5612336342,1.3234323530,0.5030333091,25.0000000000,25.0000000000,11.0338283823,1.0000000000,0.0000000000
0.0043600000,1.0471975512,0.0004107628,0.5662771764,1.3179089574,0.5047938381,25.0000000000,25.0000000000,11.0341045521,1.0000000000,0.0000000000
0.0043700000,1.0471975512,0.0004164635,0.5713382614,1.3124259078,0.5065460196,25.0000000000,25.0000000000,11.0343787046,1.0000000000,0.0000000000
0.0043800000,1.0471975512,0.0004222150,0.5764168057,1.3069832056,0.5082898667,25.0000000000,25.0000000000,11.0346508397,1.0000000000,0.0000000000
0.0043900000,1.0471975512,0.0004280173,0.5815127260,1.3015808456,0.5100253929,25.0000000000,25.0000000000,11.0349209577,1.0000000000,0.0000000000
0.0044000000,1.0471975512,0.0004338708,0.5866259392,1.2962188156,0.5117526118,25.0000000000,25.0000000000,11.0351890592,1.0000000000,0.0000000000
0.0044100000,1.0471975512,0.0004397755,0.5917563625,1.2908970971,0.5134715374,25.0000000000,25.0000000000,11.0354551451,1.0000000000,0.0000000000
0.0044200000,1.0471975512,0.0004457317,0.5969039129,1.2856156653,0.5151821838,25.0000000000,25.0000000000,11.0357192167,1.0000000000,0.0000000000
0.0044300000,1.0471975512,0.0004517394,0.6020685077,1.2803744893,0.5168845656,25.0000000000,25.0000000000,11.0359812755,1.0000000000,0.0000000000
0.0044400000,1.0471975512,0.0004577990,0.6072500645,1.2751735322,0.5185786974,25.0000000000,25.0000000000,11.0362413234,1.0000000000,0.0000000000
0.0044500000,1.0471975512,0.0004639105,0.6124485009,1.2700127512,0.5202645941,25.0000000000,25.0000000000,11.0364993624,1.0000000000,0.0000000000
0.0044600000,1.0471975512,0.0004700740,0.6176637345,1.2648920979,0.5219422707,25.0000000000,25.0000000000,11.0367553951,1.0000000000,0.0000000000
0.0044700000,1.0471975512,0.0004762899,0.6228956834,1.2598115184,0.5236117428,25.0000000000,25.0000000000,11.0370094241,1.0000000000,0.0000000000
0.0044800000,1.0471975512,0.0004825582,0.6281442655,1.2547709534,0.5252730257,25.0000000000,25.0000000000,11.0372614523,1.0000000000,0.0000000000
0.0044900000,1.0471975512,0.0004888791,0.6334093992,1.2497703383,0.5269261352,25.0000000000,25.0000000000,11.0375114831,1.0000000000,0.0000000000
0.0045000000,1.0471975512,0.0004952528,0.6386910028,1.2448096037,0.5285710873,25.0000000000,25.0000000000,11.0377595198,1.0000000000,0.0000000000
0.0045100000,1.0471975512,0.0005016795,0.6439889948,1.2398886749,0.5302078980,25.0000000000,25.0000000000,11.0380055663,1.0000000000,0.0000000000
0.0045200000,1.0471975512,0.0005081592,0.6493032940,1.2350074725,0.5318365837,25.0000000000,25.0000000000,11.0382496264,1.0000000000,0.0000000000
0.0045300000,1.0471975512,0.0005146922,0.6546338193,1.2301659126,0.5334571609,25.0000000000,25.0000000000,11.0384917044,1.0000000000,0.0000000000
0.0045400000,1.0471975512,0.0005212786,0.6599804896,1.2253639065,0.5350696461,25.0000000000,25.0000000000,11.0387318047,1.0000000000,0.0000000000
0.0045500000,1.0471975512,0.0005279187,0.6653432241,1.2206013612,0.5366740562,25.0000000000,25.0000000000,11.0389699319,1.0000000000,0.0000000000
0.0045600000,1.0471975512,0.0005346124,0.6707219424,1.2158781795,0.5382704082,25.0000000000,25.0000000000,11.0392060910,1.0000000000,0.0000000000
0.0045700000,1.0471975512,0.0005413601,0.6761165638,1.2111942598,0.5398587191,25.0000000000,25.0000000000,11.0394402870,1.0000000000,0.0000000000
0.0045800000,1.0471975512,0.0005481618,0.6815270082,1.2065494967,0.5414390063,25.0000000000,25.0000000000,11.0396725252,1.0000000000,0.0000000000
0.0045900000,1.0471975512,0.0005550178,0.6869531953,1.2019437807,0.5430112871,25.0000000000,25.0000000000,11.0399028110,1.0000000000,0.0000000000
0.0046000000,1.0471975512,0.0005619281,0.6923950454,1.1973769986,0.5445755790,25.0000000000,25.0000000000,11.0401311501,1.0000000000,0.0000000000
0.0046100000,1.0471975512,0.0005688930,0.6978524786,1.1928490334,0.5461318998,25.0000000000,25.0000000000,11.0403575483,1.0000000000,0.0000000000
0.0046200000,1.0471975512,0.0005759125,0.7033254153,1.1883597645,0.5476802672,25.0000000000,25.0000000000,11.0405820118,1.0000000000,0.0000000000
0.0046300000,1.0471975512,0.0005829870,0.7088137761,1.1839090679,0.5492206992,25.0000000000,25.0000000000,11.0408045466,1.0000000000,0.0000000000
0.0046400000,1.0471975512,0.0005901164,0.7143174819,1.1794968162,0.5507532137,25.0000000000,25.0000000000,11.0410251592,1.0000000000,0.0000000000
0.0046500000,1.0471975512,0.0005973009,0.7198364536,1.1751228788,0.5522778290,25.0000000000,25.0000000000,11.0412438561,1.0000000000,0.0000000000
0.0046600000,1.0471975512,0.0006045408,0.7253706123,1.1707871216,0.5537945632,25.0000000000,25.0000000000,11.0414606439,1.0000000000,0.0000000000
0.0046700000,1.0471975512,0.0006118361,0.7309198794,1.1664894079,0.5553034347,25.0000000000,25.0000000000,11.0416755296,1.0000000000,0.0000000000
0.0046800000,1.0471975512,0.0006191870,0.7364841764,1.1622295977,0.5568044620,25.0000000000,25.0000000000,11.0418885201,1.0000000000,0.0000000000
0.0046900000,1.0471975512,0.0006265937,0.7420634249,1.1580075483,0.5582976636,25.0000000000,25.0000000000,11.0420996226,1.0000000000,0.0000000000
0.0047000000,1.0471975512,0.0006340563,0.7476575468,1.1538231141,0.5597830582,25.0000000000,25.0000000000,11.0423088443,1.0000000000,0.0000000000
0.0047100000,1.0471975512,0.0006415749,0.7532664643,1.1496761469,0.5612606644,25.0000000000,25.0000000000,11.0425161927,1.0000000000,0.0000000000
0.0047200000,1.0471975512,0.0006491497,0.7588900996,1.1455664958,0.5627305012,25.0000000000,25.0000000000,11.0427216752,1.0000000000,0.0000000000
0.0047300000,1.0471975512,0.0006567809,0.7645283751,1.1414940075,0.5641925872,25.0000000000,25.0000000000,11.0429252996,1.0000000000,0.0000000000
0.0047400000,1.0471975512,0.0006644686,0.7701812135,1.1374585263,0.5656469416,25.0000000000,25.0000000000,11.0431270737,1.0000000000,0.0000000000
0.0047500000,1.0471975512,0.0006722129,0.7758485375,1.1334598939,0.5670935833,25.0000000000,25.0000000000,11.0433270053,1.0000000000,0.0000000000
0.0047600000,1.0471975512,0.0006800140,0.7815302702,1.1294979502,0.5685325314,25.0000000000,25.0000000000,11.0435251025,1.0000000000,0.0000000000
0.0047700000,1.0471975512,0.0006878720,0.7872263349,1.1255725324,0.5699638050,25.0000000000,25.0000000000,11.0437213734,1.0000000000,0.0000000000
0.0047800000,1.0471975512,0.0006957871,0.7929366549,1.1216834760,0.5713874235,25.0000000000,25.0000000000,11.0439158262,1.0000000000,0.0000000000
0.0047900000,1.0471975512,0.0007037594,0.7986611537,1.1178306143,0.5728034060,25.0000000000,25.0000000000,11.0441084693,1.0000000000,0.0000000000
0.0048000000,1.0471975512,0.0007117890,0.8043997553,1.1140137787,0.5742117718,25.0000000000,25.0000000000,11.0442993111,1.0000000000,0.0000000000
0.0048100000,1.0471975512,0.0007198762,0.8101523835,1.1102327989,0.5756125405,25.0000000000,25.0000000000,11.0444883601,1.0000000000,0.0000000000
0.0048200000,1.0471975512,0.0007280209,0.8159189626,1.1064875024,0.5770057312,25.0000000000,25.0000000000,11.0446756249,1.0000000000,0.0000000000
0.0048300000,1.0471975512,0.0007362235,0.8216994169,1.1027777154,0.5783913636,25.0000000000,25.0000000000,11.0448611142,1.0000000000,0.0000000000
0.0048400000,1.0471975512,0.0007444839,0.8274936709,1.0991032621,0.5797694571,25.0000000000,25.0000000000,11.0450448369,1.0000000000,0.0000000000
0.0048500000,1.0471975512,0.0007528024,0.8333016495,1.0954639655,0.5811400313,25.0000000000,25.0000000000,11.0452268017,1.0000000000,0.0000000000
0.0048600000,1.0471975512,0.0007611791,0.8391232775,1.0918596467,0.5825031057,25.0000000000,25.0000000000,11.0454070177,1.0000000000,0.0000000000
0.0048700000,1.0471975512,0.0007696140,0.8449584802,1.0882901256,0.5838586999,25.0000000000,25.0000000000,11.0455854937,1.0000000000,0.0000000000
0.0048800000,1.0471975512,0.0007781075,0.8508071829,1.0847552206,0.5852068336,25.0000000000,25.0000000000,11.0457622390,1.0000000000,0.0000000000
0.0048900000,1.0471975512,0.0007866595,0.8566693110,1.0812547489,0.5865475264,25.0000000000,25.0000000000,11.0459372626,1.0000000000,0.0000000000
0.0049000000,1.0471975512,0.0007952703,0.8625447905,1.0777885261,0.5878807981,25.0000000000,25.0000000000,11.0461105737,1.0000000000,0.0000000000
0.0049100000,1.0471975512,0.0008039399,0.8684335471,1.0743563671,0.5892066682,25.0000000000,25.0000000000,11.0462821816,1.0000000000,0.0000000000
0.0049200000,1.0471975512,0.0008126685,0.8743355071,1.0709580852,0.5905251566,25.0000000000,25.0000000000,11.0464520957,1.0000000000,0.0000000000
0.0049300000,1.0471975512,0.0008214562,0.8802505967,1.0675934929,0.5918362829,25.0000000000,25.0000000000,11.0466203254,1.0000000000,0.0000000000
0.0049400000,1.0471975512,0.0008303031,0.8861787425,1.0642624015,0.5931400670,25.0000000000,25.0000000000,11.0467868799,1.0000000000,0.0000000000
0.0049500000,1.0471975512,0.0008392095,0.8921198712,1.0609646214,0.5944365286,25.0000000000,25.0000000000,11.0469517689,1.0000000000,0.0000000000
0.0049600000,1.0471975512,0.0008481753,0.8980739097,1.0576999621,0.5957256874,25.0000000000,25.0000000000,11.0471150019,1.0000000000,0.0000000000
0.0049700000,1.0471975512,0.0008572008,0.9040407852,1.0544682321,0.5970075633,25.0000000000,25.0000000000,11.0472765884,1.0000000000,0.0000000000
0.0049800000,1.0471975512,0.0008662860,0.9100204249,1.0512692393,0.5982821760,25.0000000000,25.0000000000,11.0474365380,1.0000000000,0.0000000000
0.0049900000,1.0471975512,0.0008754312,0.9160127565,1.0481027906,0.5995495454,25.0000000000,25.0000000000,11.0475948605,1.0000000000,0.0000000000
0.0050000000,1.0471975512,0.0008846363,0.9220177076,1.0449686924,0.6008096911,25.0000000000,25.0000000000,11.0477515654,1.0000000000,0.0015339808
0.0050100000,1.0471975512,0.0008939016,0.9280352060,1.0418667501,0.6020626330,25.0000000000,25.0000000000,11.0479066625,1.0000000000,0.0015339808
0.0050200000,1.0471975512,0.0009032272,0.9340651800,1.0387967688,0.6033083909,25.0000000000,25.0000000000,11.0480601616,1.0000000000,0.0015339808
0.0050300000,1.0471975512,0.0009126132,0.9401075579,1.0357585529,0.6045469845,25.0000000000,25.0000000000,11.0482120724,1.0000000000,0.0015339808
0.0050400000,1.0471975512,0.0009220596,0.9461622680,1.0327519061,0.6057784337,25.0000000000,25.0000000000,11.0483624047,1.0000000000,0.0015339808
0.0050500000,1.0471975512,0.0009315668,0.9522292392,1.0297766320,0.6070027581,25.0000000000,25.0000000000,11.0485111684,1.0000000000,0.0015339808
0.0050600000,1.0471975512,0.0009411346,0.9583084004,1.0268325333,0.6082199776,25.0000000000,25.0000000000,11.0486583733,1.0000000000,0.0015339808
0.0050700000,1.0471975512,0.0009507634,0.9643996806,1.0239194126,0.6094301119,25.0000000000,25.0000000000,11.0488040294,1.0000000000,0.0015339808
0.0050800000,1.0471975512,0.0009604532,0.9705030092,1.0210370719,0.6106331806,25.0000000000,25.0000000000,11.0489481464,1.0000000000,0.0015339808
0.0050900000,1.0471975512,0.0009702041,0.9766183155,1.0181853131,0.6118292036,25.0000000000,25.0000000000,11.0490907343,1.0000000000,0.0015339808
0.0051000000,1.0471975512,0.0009800162,0.9827455294,1.0153639377,0.6130182005,25.0000000000,25.0000000000,11.0492318031,1.0000000000,0.0015339808
0.0051100000,1.0471975512,0.0009898897,0.9888845807,1.0125727469,0.6142001909,25.0000000000,25.0000000000,11.0493713627,1.0000000000,0.0015339808
0.0051200000,1.0471975512,0.0009998246,0.9950353995,1.0098115417,0.6153751946,25.0000000000,25.0000000000,11.0495094229,1.0000000000,0.0015339808
0.0051300000,1.0471975512,0.0010098212,1.0011979161,1.0070801229,0.6165432312,25.0000000000,25.0000000000,11.0496459939,1.0000000000,0.0015339808
0.0051400000,1.0471975512,0.0010198795,1.0073720609,1.0043782913,0.6177043203,25.0000000000,25.0000000000,11.0497810854,1.0000000000,0.0015339808
0.0051500000,1.0471975512,0.0010299996,1.0135577647,1.0017058475,0.6188584814,25.0000000000,25.0000000000,11.0499147076,1.0000000000,0.0015339808
0.0051600000,1.0471975512,0.0010401816,1.0197549582,0.9990625918,0.6200057342,25.0000000000,25.0000000000,11.0500468704,1.0000000000,0.0015339808
0.0051700000,1.0471975512,0.0010504258,1.0259635725,0.9964483249,0.6211460981,25.0000000000,25.0000000000,11.0501775838,1.0000000000,0.0015339808
0.0051800000,1.0471975512,0.0010607320,1.0321835390,0.9938628470,0.6222795927,25.0000000000,25.0000000000,11.0503068577,1.0000000000,0.0015339808
0.0051900000,1.0471975512,0.0010711006,1.0384147891,0.9913059587,0.6234062374,25.0000000000,25.0000000000,11.0504347021,1.0000000000,0.0015339808
0.0052000000,1.0471975512,0.0010815316,1.0446572543,0.9887774604,0.6245260517,25.0000000000,25.0000000000,11.0505611270,1.0000000000,0.0015339808
0.0052100000,1.0471975512,0.0010920250,1.0509108666,0.9862771528,0.6256390551,25.0000000000,25.0000000000,11.0506861424,1.0000000000,0.0015339808
0.0052200000,1.0471975512,0.0011025811,1.0571755580,0.9838048364,0.6267452668,25.0000000000,25.0000000000,11.0508097582,1.0000000000,0.0015339808
0.0052300000,1.0471975512,0.0011131999,1.0634512607,0.9813603121,0.6278447063,25.0000000000,25.0000000000,11.0509319844,1.0000000000,0.0015339808
0.0052400000,1.0471975512,0.0011238816,1.0697379071,0.9789433808,0.6289373929,25.0000000000,25.0000000000,11.0510528310,1.0000000000,0.0015339808
0.0052500000,1.0471975512,0.0011346262,1.0760354299,0.9765538437,0.6300233457,25.0000000000,25.0000000000,11.0511723078,1.0000000000,0.0015339808
0.0052600000,1.0471975512,0.0011454338,1.0823437618,0.9741915021,0.6311025842,25.0000000000,25.0000000000,11.0512904249,1.0000000000,0.0015339808
0.0052700000,1.0471975512,0.0011563047,1.0886628359,0.9718561576,0.6321751274,25.0000000000,25.0000000000,11.0514071921,1.0000000000,0.0015339808
0.0052800000,1.0471975512,0.0011672388,1.0949925853,0.9695476121,0.6332409946,25.0000000000,25.0000000000,11.0515226194,1.0000000000,0.0015339808
0.0052900000,1.0471975512,0.0011782362,1.1013329435,0.9672656676,0.6343002049,25.0000000000,25.0000000000,11.0516367166,1.0000000000,0.0015339808
0.0053000000,1.0471975512,0.0011892972,1.1076838440,0.9650101266,0.6353527773,25.0000000000,25.0000000000,11.0517494937,1.0000000000,0.0015339808
0.0053100000,1.0471975512,0.0012004217,1.1140452206,0.9627807919,0.6363987309,25.0000000000,25.0000000000,11.0518609604,1.0000000000,0.0015339808
0.0053200000,1.0471975512,0.0012116100,1.1204170071,0.9605774665,0.6374380847,25.0000000000,25.0000000000,11.0519711267,1.0000000000,0.0015339808
0.0053300000,1.0471975512,0.0012228620,1.1267991379,0.9583999539,0.6384708577,25.0000000000,25.0000000000,11.0520800023,1.0000000000,0.0015339808
0.0053400000,1.0471975512,0.0012341779,1.1331915472,0.9562480581,0.6394970688,25.0000000000,25.0000000000,11.0521875971,1.0000000000,0.0015339808
0.0053500000,1.0471975512,0.0012455579,1.1395941694,0.9541215833,0.6405167368,25.0000000000,25.0000000000,11.0522939208,1.0000000000,0.0015339808
0.0053600000,1.0471975512,0.0012570019,1.1460069395,0.9520203341,0.6415298806,25.0000000000,25.0000000000,11.0523989833,1.0000000000,0.0015339808
0.0053700000,1.0471975512,0.0012685101,1.1524297921,0.9499441159,0.6425365189,25.0000000000,25.0000000000,11.0525027942,1.0000000000,0.0015339808
0.0053800000,1.0471975512,0.0012800827,1.1588626625,0.9478927341,0.6435366706,25.0000000000,25.0000000000,11.0526053633,1.0000000000,0.0015339808
0.0053900000,1.0471975512,0.0012917196,1.1653054859,0.9458659950,0.6445303542,25.0000000000,25.0000000000,11.0527067003,1.0000000000,0.0015339808
0.0054000000,1.0471975512,0.0013034210,1.1717581977,0.9438637051,0.6455175885,25.0000000000,25.0000000000,11.0528068147,1.0000000000,0.0015339808
0.0054100000,1.0471975512,0.0013151871,1.1782207336,0.9418856716,0.6464983919,25.0000000000,25.0000000000,11.0529057164,1.0000000000,0.0015339808
0.0054200000,1.0471975512,0.0013270178,1.1846930295,0.9399317022,0.6474727832,25.0000000000,25.0000000000,11.0530034149,1.0000000000,0.0015339808
0.0054300000,1.0471975512,0.0013389134,1.1911750213,0.9380016051,0.6484407807,25.0000000000,25.0000000000,11.0530999197,1.0000000000,0.0015339808
0.0054400000,1.0471975512,0.0013508738,1.1976666452,0.9360951891,0.6494024029,25.0000000000,25.0000000000,11.0531952405,1.0000000000,0.0015339808
0.0054500000,1.0471975512,0.0013628992,1.2041678377,0.9342122636,0.6503576682,25.0000000000,25.0000000000,11.0532893868,1.0000000000,0.0015339808
0.0054600000,1.0471975512,0.0013749897,1.2106785353,0.9323526387,0.6513065950,25.0000000000,25.0000000000,11.0533823681,1.0000000000,0.0015339808
0.0054700000,1.0471975512,0.0013871454,1.2171986747,0.9305161248,0.6522492015,25.0000000000,25.0000000000,11.0534741938,1.0000000000,0.0015339808
0.0054800000,1.0471975512,0.0013993664,1.2237281930,0.9287025332,0.6531855059,25.0000000000,25.0000000000,11.0535648733,1.0000000000,0.0015339808
0.0054900000,1.0471975512,0.0014116527,1.2302670271,0.9269116759,0.6541155266,25.0000000000,25.0000000000,11.0536544162,1.0000000000,0.0015339808
0.0055000000,1.0471975512,0.0014240044,1.2368151144,0.9251433652,0.6550392815,25.0000000000,25.0000000000,11.0537428317,1.0000000000,0.0015339808
0.0055100000,1.0471975512,0.0014364218,1.2433723925,0.9233974144,0.6559567889,25.0000000000,25.0000000000,11.0538301293,1.0000000000,0.0015339808
0.0055200000,1.0471975512,0.0014489047,1.2499387988,0.9216736373,0.6568680667,25.0000000000,25.0000000000,11.0539163181,1.0000000000,0.0015339808
0.0055300000,1.0471975512,0.0014614534,1.2565142714,0.9199718485,0.6577731329,25.0000000000,25.0000000000,11.0540014076,1.0000000000,0.0015339808
0.0055400000,1.0471975512,0.0014740680,1.2630987481,0.9182918633,0.6586720054,25.0000000000,25.0000000000,11.0540854068,1.0000000000,0.0015339808
0.0055500000,1.0471975512,0.0014867484,1.2696921672,0.9166334975,0.6595647021,25.0000000000,25.0000000000,11.0541683251,1.0000000000,0.0015339808
0.0055600000,1.0471975512,0.0014994948,1.2762944671,0.9149965678,0.6604512409,25.0000000000,25.0000000000,11.0542501716,1.0000000000,0.0015339808
0.0055700000,1.0471975512,0.0015123073,1.2829055864,0.9133808917,0.6613316395,25.0000000000,25.0000000000,11.0543309554,1.0000000000,0.0015339808
0.0055800000,1.0471975512,0.0015251860,1.2895254636,0.9117862872,0.6622059155,25.0000000000,25.0000000000,11.0544106856,1.0000000000,0.0015339808
0.0055900000,1.0471975512,0.0015381310,1.2961540379,0.9102125733,0.6630740867,25.0000000000,25.0000000000,11.0544893713,1.0000000000,0.0015339808
0.0056000000,1.0471975512,0.0015511423,1.3027912482,0.9086595696,0.6639361706,25.0000000000,25.0000000000,11.0545670215,1.0000000000,0.0015339808
0.0056100000,1.0471975512,0.0015642201,1.3094370338,0.9071270966,0.6647921849,25.0000000000,25.0000000000,11.0546436452,1.0000000000,0.0015339808
0.0056200000,1.0471975512,0.0015773643,1.3160913341,0.9056149753,0.6656421469,25.0000000000,25.0000000000,11.0547192512,1.0000000000,0.0015339808
0.0056300000,1.0471975512,0.0015905752,1.3227540888,0.9041230278,0.6664860741,25.0000000000,25.0000000000,11.0547938486,1.0000000000,0.0015339808
0.0056400000,1.0471975512,0.0016038528,1.3294252376,0.9026510768,0.6673239839,25.0000000000,25.0000000000,11.0548674462,1.0000000000,0.0015339808
0.0056500000,1.0471975512,0.0016171971,1.3361047205,0.9011989459,0.6681558936,25.0000000000,25.0000000000,11.0549400527,1.0000000000,0.0015339808
0.0056600000,1.0471975512,0.0016306083,1.3427924777,0.8997664594,0.6689818205,25.0000000000,25.0000000000,11.0550116770,1.0000000000,0.0015339808
0.0056700000,1.0471975512,0.0016440865,1.3494884493,0.8983534425,0.6698017817,25.0000000000,25.0000000000,11.0550823279,1.0000000000,0.0015339808
0.0056800000,1.0471975512,0.0016576316,1.3561925759,0.8969597212,0.6706157945,25.0000000000,25.0000000000,11.0551520139,1.0000000000,0.0015339808
0.0056900000,1.0471975512,0.0016712439,1.3629047982,0.8955851223,0.6714238758,25.0000000000,25.0000000000,11.0552207439,1.0000000000,0.0015339808
0.0057000000,1.0471975512,0.0016849233,1.3696250569,0.8942294735,0.6722260429,25.0000000000,25.0000000000,11.0552885263,1.0000000000,0.0015339808
0.0057100000,1.0471975512,0.0016986701,1.3763532930,0.8928926032,0.6730223125,25.0000000000,25.0000000000,11.0553553698,1.0000000000,0.0015339808
0.0057200000,1.0471975512,0.0017124841,1.3830894477,0.8915743406,0.6738127017,25.0000000000,25.0000000000,11.0554212830,1.0000000000,0.0015339808
0.0057300000,1.0471975512,0.0017263656,1.3898334624,0.8902745161,0.6745972273,25.0000000000,25.0000000000,11.0554862742,1.0000000000,0.0015339808
0.0057400000,1.0471975512,0.0017403145,1.3965852784,0.8889929606,0.6753759062,25.0000000000,25.0000000000,11.0555503520,1.0000000000,0.0015339808
0.0057500000,1.0471975512,0.0017543311,1.4033448374,0.8877295059,0.6761487550,25.0000000000,25.0000000000,11.0556135247,1.0000000000,0.0015339808
0.0057600000,1.0471975512,0.0017684153,1.4101120814,0.8864839848,0.6769157904,25.0000000000,25.0000000000,11.0556758008,1.0000000000,0.0015339808
0.0057700000,1.0471975512,0.0017825672,1.4168869522,0.8852562309,0.6776770292,25.0000000000,25.0000000000,11.0557371885,1.0000000000,0.0015339808
0.0057800000,1.0471975512,0.0017967869,1.4236693920,0.8840460787,0.6784324879,25.0000000000,25.0000000000,11.0557976961,1.0000000000,0.0015339808
0.0057900000,1.0471975512,0.0018110746,1.4304593432,0.8828533633,0.6791821830,25.0000000000,25.0000000000,11.0558573318,1.0000000000,0.0015339808
0.0058000000,1.0471975512,0.0018254301,1.4372567482,0.8816779212,0.6799261309,25.0000000000,25.0000000000,11.0559161039,1.0000000000,0.0015339808
0.0058100000,1.0471975512,0.0018398537,1.4440615498,0.8805195893,0.6806643481,25.0000000000,25.0000000000,11.0559740205,1.0000000000,0.0015339808
0.0058200000,1.0471975512,0.0018543454,1.4508736906,0.8793782056,0.6813968510,25.0000000000,25.0000000000,11.0560310897,1.0000000000,0.0015339808
0.0058300000,1.0471975512,0.0018689053,1.4576931137,0.8782536089,0.6821236557,25.0000000000,25.0000000000,11.0560873196,1.0000000000,0.0015339808
0.0058400000,1.0471975512,0.0018835334,1.4645197622,0.8771456390,0.6828447787,25.0000000000,25.0000000000,11.0561427180,1.0000000000,0.0015339808
0.0058500000,1.0471975512,0.0018982299,1.4713535795,0.8760541365,0.6835602359,25.0000000000,25.0000000000,11.0561972932,1.0000000000,0.0015339808
0.0058600000,1.0471975512,0.0019129947,1.4781945089,0.8749789429,0.6842700436,25.0000000000,25.0000000000,11.0562510529,1.0000000000,0.0015339808
0.0058700000,1.0471975512,0.0019278280,1.4850424942,0.8739199006,0.6849742179,25.0000000000,25.0000000000,11.0563040050,1.0000000000,0.0015339808
0.0058800000,1.0471975512,0.0019427299,1.4918974790,0.8728768529,0.6856727747,25.0000000000,25.0000000000,11.0563561574,1.0000000000,0.0015339808
0.0058900000,1.0471975512,0.0019577003,1.4987594074,0.8718496440,0.6863657299,25.0000000000,25.0000000000,11.0564075178,1.0000000000,0.0015339808
0.0059000000,1.0471975512,0.0019727394,1.5056282235,0.8708381189,0.6870530996,25.0000000000,25.0000000000,11.0564580941,1.0000000000,0.0015339808
0.0059100000,1.0471975512,0.0019878472,1.5125038715,0.8698421238,0.6877348995,25.0000000000,25.0000000000,11.0565078938,1.0000000000,0.0015339808
0.0059200000,1.0471975512,0.0020030239,1.5193862958,0.8688615054,0.6884111453,25.0000000000,25.0000000000,11.0565569247,1.0000000000,0.0015339808
0.0059300000,1.0471975512,0.0020182694,1.5262754410,0.8678961115,0.6890818529,25.0000000000,25.0000000000,11.0566051944,1.0000000000,0.0015339808
0.0059400000,1.0471975512,0.0020335839,1.5331712518,0.8669457909,0.6897470379,25.0000000000,25.0000000000,11.0566527105,1.0000000000,0.0015339808
0.0059500000,1.0471975512,0.0020489674,1.5400736732,0.8660103932,0.6904067159,25.0000000000,25.0000000000,11.0566994803,1.0000000000,0.0015339808
0.0059600000,1.0471975512,0.0020644199,1.5469826502,0.8650897688,0.6910609024,25.0000000000,25.0000000000,11.0567455116,1.0000000000,0.0015339808
0.0059700000,1.0471975512,0.0020799416,1.5538981280,0.8641837691,0.6917096131,25.0000000000,25.0000000000,11.0567908115,1.0000000000,0.0015339808
0.0059800000,1.0471975512,0.0020955325,1.5608200519,0.8632922465,0.6923528632,25.0000000000,25.0000000000,11.0568353877,1.0000000000,0.0015339808
0.0059900000,1.0471975512,0.0021111927,1.5677483675,0.8624150541,0.6929906682,25.0000000000,25.0000000000,11.0568792473,1.0000000000,0.0015339808
0.0060000000,1.0471975512,0.0021269221,1.5746830204,0.8615520462,0.6936230435,25.0000000000,25.0000000000,11.0569223977,1.0000000000,0.0015339808
0.0060100000,1.0471975512,0.0021427210,1.5816239564,0.8607030776,0.6942500043,25.0000000000,25.0000000000,11.0569648461,1.0000000000,0.0015339808
0.0060200000,1.0471975512,0.0021585894,1.5885711215,0.8598680044,0.6948715658,25.0000000000,25.0000000000,11.0570065998,1.0000000000,0.0015339808
0.0060300000,1.0471975512,0.0021745272,1.5955244619,0.8590466834,0.6954877432,25.0000000000,25.0000000000,11.0570476658,1.0000000000,0.0015339808
0.0060400000,1.0471975512,0.0021905347,1.6024839237,0.8582389722,0.6960985516,25.0000000000,25.0000000000,11.0570880514,1.0000000000,0.0015339808
0.0060500000,1.0471975512,0.0022066117,1.6094494535,0.8574447296,0.6967040061,25.0000000000,25.0000000000,11.0571277635,1.0000000000,0.0015339808
0.0060600000,1.0471975512,0.0022227585,1.6164209977,0.8566638150,0.6973041217,25.0000000000,25.0000000000,11.0571668093,1.0000000000,0.0015339808
0.0060700000,1.0471975512,0.0022389751,1.6233985032,0.8558960889,0.6978989133,25.0000000000,25.0000000000,11.0572051956,1.0000000000,0.0015339808
0.0060800000,1.0471975512,0.0022552614,1.6303819168,0.8551414126,0.6984883958,25.0000000000,25.0000000000,11.0572429294,1.0000000000,0.0015339808
0.0060900000,1.0471975512,0.0022716176,1.6373711855,0.8543996484,0.6990725840,25.0000000000,25.0000000000,11.0572800176,1.0000000000,0.0015339808
0.0061000000,1.0471975512,0.0022880438,1.6443662564,0.8536706594,0.6996514929,25.0000000000,25.0000000000,11.0573164670,1.0000000000,0.0015339808
0.0061100000,1.0471975512,0.0023045400,1.6513670769,0.8529543096,0.7002251370,25.0000000000,25.0000000000,11.0573522845,1.0000000000,0.0015339808
0.0061200000,1.0471975512,0.0023211062,1.6583735946,0.8522504639,0.7007935310,25.0000000000,25.0000000000,11.0573874768,1.0000000000,0.0015339808
0.0061300000,1.0471975512,0.0023377425,1.6653857568,0.8515589882,0.7013566897,25.0000000000,25.0000000000,11.0574220506,1.0000000000,0.0015339808
0.0061400000,1.0471975512,0.0023544490,1.6724035115,0.8508797491,0.7019146275,25.0000000000,25.0000000000,11.0574560125,1.0000000000,0.0015339808
0.0061500000,1.0471975512,0.0023712257,1.6794268065,0.8502126143,0.7024673590,25.0000000000,25.0000000000,11.0574893693,1.0000000000,0.0015339808
0.0061600000,1.0471975512,0.0023880727,1.6864555899,0.8495574522,0.7030148986,25.0000000000,25.0000000000,11.0575221274,1.0000000000,0.0015339808
0.0061700000,1.0471975512,0.0024049900,1.6934898098,0.8489141323,0.7035572608,25.0000000000,25.0000000000,11.0575542934,1.0000000000,0.0015339808
0.0061800000,1.0471975512,0.0024219777,1.7005294147,0.8482825246,0.7040944599,25.0000000000,25.0000000000,11.0575858738,1.0000000000,0.0015339808
0.0061900000,1.0471975512,0.0024390358,1.7075743528,0.8476625005,0.7046265102,25.0000000000,25.0000000000,11.0576168750,1.0000000000,0.0015339808
0.0062000000,1.0471975512,0.0024561644,1.7146245730,0.8470539319,0.7051534261,25.0000000000,25.0000000000,11.0576473034,1.0000000000,0.0015339808
0.0062100000,1.0471975512,0.0024733636,1.7216800239,0.8464566916,0.7056752216,25.0000000000,25.0000000000,11.0576771654,1.0000000000,0.0015339808
0.0062200000,1.0471975512,0.0024906333,1.7287406545,0.8458706536,0.7061919110,25.0000000000,25.0000000000,11.0577064673,1.0000000000,0.0015339808
0.0062300000,1.0471975512,0.0025079737,1.7358064138,0.8452956923,0.7067035084,25.0000000000,25.0000000000,11.0577352154,1.0000000000,0.0015339808
0.0062400000,1.0471975512,0.0025253848,1.7428772509,0.8447316834,0.7072100277,25.0000000000,25.0000000000,11.0577634158,1.0000000000,0.0015339808
0.0062500000,1.0471975512,0.0025428667,1.7499531153,0.8441785031,0.7077114831,25.0000000000,25.0000000000,11.0577910748,1.0000000000,0.0015339808
0.0062600000,1.0471975512,0.0025604193,1.7570339563,0.8436360288,0.7082078885,25.0000000000,25.0000000000,11.0578181986,1.0000000000,0.0015339808
0.0062700000,1.0471975512,0.0025780428,1.7641197236,0.8431041386,0.7086992577,25.0000000000,25.0000000000,11.0578447931,1.0000000000,0.0015339808
0.0062800000,1.0471975512,0.0025957372,1.7712103669,0.8425827114,0.7091856046,25.0000000000,25.0000000000,11.0578708644,1.0000000000,0.0015339808
0.0062900000,1.0471975512,0.0026135025,1.7783058361,0.8420716270,0.7096669431,25.0000000000,25.0000000000,11.0578964186,1.0000000000,0.0015339808
0.0063000000,1.0471975512,0.0026313388,1.7854060813,0.8415707662,0.7101432868,25.0000000000,25.0000000000,11.0579214617,1.0000000000,0.0015339808
0.0063100000,1.0471975512,0.0026492461,1.7925110525,0.8410800105,0.7106146495,25.0000000000,25.0000000000,11.0579459995,1.0000000000,0.0015339808
0.0063200000,1.0471975512,0.0026672246,1.7996207000,0.8405992422,0.7110810449,25.0000000000,25.0000000000,11.0579700379,1.0000000000,0.0015339808
0.0063300000,1.0471975512,0.0026852741,1.8067349744,0.8401283447,0.7115424865,25.0000000000,25.0000000000,11.0579935828,1.0000000000,0.0015339808
0.0063400000,1.0471975512,0.0027033949,1.8138538261,0.8396672019,0.7119989878,25.0000000000,25.0000000000,11.0580166399,1.0000000000,0.0015339808
0.0063500000,1.0471975512,0.0027215868,1.8209772058,0.8392156987,0.7124505625,25.0000000000,25.0000000000,11.0580392151,1.0000000000,0.0015339808
0.0063600000,1.0471975512,0.0027398501,1.8281050645,0.8387737210,0.7128972240,25.0000000000,25.0000000000,11.0580613139,1.0000000000,0.0015339808
0.0063700000,1.0471975512,0.0027581846,1.8352373530,0.8383411554,0.7133389856,25.0000000000,25.0000000000,11.0580829422,1.0000000000,0.0015339808
0.0063800000,1.0471975512,0.0027765905,1.8423740225,0.8379178891,0.7137758607,25.0000000000,25.0000000000,11.0581041055,1.0000000000,0.0015339808
0.0063900000,1.0471975512,0.0027950678,1.8495150241,0.8375038106,0.7142078627,25.0000000000,25.0000000000,11.0581248095,1.0000000000,0.0015339808
0.0064000000,1.0471975512,0.0028136165,1.8566603094,0.8370988088,0.7146350048,25.0000000000,25.0000000000,11.0581450596,1.0000000000,0.0015339808
0.0064100000,1.0471975512,0.0028322367,1.8638098296,0.8367027736,0.7150573003,25.0000000000,25.0000000000,11.0581648613,1.0000000000,0.0015339808
0.0064200000,1.0471975512,0.0028509285,1.8709635366,0.8363155958,0.7154747622,25.0000000000,25.0000000000,11.0581842202,1.0000000000,0.0015339808
0.0064300000,1.0471975512,0.0028696918,1.8781213821,0.8359371669,0.7158874039,25.0000000000,25.0000000000,11.0582031417,1.0000000000,0.0015339808
0.0064400000,1.0471975512,0.0028885267,1.8852833179,0.8355673792,0.7162952382,25.0000000000,25.0000000000,11.0582216310,1.0000000000,0.0015339808
0.0064500000,1.0471975512,0.0029074333,1.8924492960,0.8352061259,0.7166982783,25.0000000000,25.0000000000,11.0582396937,1.0000000000,0.0015339808
0.0064600000,1.0471975512,0.0029264116,1.8996192688,0.8348533008,0.7170965372,25.0000000000,25.0000000000,11.0582573350,1.0000000000,0.0015339808
0.0064700000,1.0471975512,0.0029454616,1.9067931883,0.8345087988,0.7174900278,25.0000000000,25.0000000000,11.0582745601,1.0000000000,0.0015339808
0.0064800000,1.0471975512,0.0029645833,1.9139710070,0.8341725154,0.7178787630,25.0000000000,25.0000000000,11.0582913742,1.0000000000,0.0015339808
0.0064900000,1.0471975512,0.0029837769,1.9211526776,0.8338443469,0.7182627557,25.0000000000,25.0000000000,11.0583077827,1.0000000000,0.0015339808
0.0065000000,1.0471975512,0.0030030423,1.9283381526,0.8335241905,0.7186420186,25.0000000000,25.0000000000,11.0583237905,1.0000000000,0.0015339808
0.0065100000,1.0471975512,0.0030223796,1.9355273848,0.8332119440,0.7190165646,25.0000000000,25.0000000000,11.0583394028,1.0000000000,0.0015339808
0.0065200000,1.0471975512,0.0030417888,1.9427203272,0.8329075062,0.7193864064,25.0000000000,25.0000000000,11.0583546247,1.0000000000,0.0015339808
0.0065300000,1.0471975512,0.0030612700,1.9499169328,0.8326107765,0.7197515566,25.0000000000,25.0000000000,11.0583694612,1.0000000000,0.0015339808
0.0065400000,1.0471975512,0.0030808232,1.9571171548,0.8323216552,0.7201120278,25.0000000000,25.0000000000,11.0583839172,1.0000000000,0.0015339808
0.0065500000,1.0471975512,0.0031004484,1.9643209465,0.8320400434,0.7204678328,25.0000000000,25.0000000000,11.0583979978,1.0000000000,0.0015339808
0.0065600000,1.0471975512,0.0031201456,1.9715282614,0.8317658427,0.7208189840,25.0000000000,25.0000000000,11.0584117079,1.0000000000,0.0015339808
0.0065700000,1.0471975512,0.0031399150,1.9787390530,0.8314989558,0.7211654938,25.0000000000,25.0000000000,11.0584250522,1.0000000000,0.0015339808
0.0065800000,1.0471975512,0.0031597565,1.9859532749,0.8312392859,0.7215073749,25.0000000000,25.0000000000,11.0584380357,1.0000000000,0.0015339808
0.0065900000,1.0471975512,0.0031796702,1.9931708810,0.8309867372,0.7218446396,25.0000000000,25.0000000000,11.0584506631,1.0000000000,0.0015339808
0.0066000000,1.0471975512,0.0031996560,2.0003918253,0.8307412145,0.7221773003,25.0000000000,25.0000000000,11.0584629393,1.0000000000,0.0015339808
0.0066100000,1.0471975512,0.0032197141,2.0076160616,0.8305026232,0.7225053693,25.0000000000,25.0000000000,11.0584748688,1.0000000000,0.0015339808
0.0066200000,1.0471975512,0.0032398445,2.0148435444,0.8302708699,0.7228288590,25.0000000000,25.0000000000,11.0584864565,1.0000000000,0.0015339808
0.0066300000,1.0471975512,0.0032600471,2.0220742277,0.8300458614,0.7231477815,25.0000000000,25.0000000000,11.0584977069,1.0000000000,0.0015339808
0.0066400000,1.0471975512,0.0032803221,2.0293080661,0.8298275056,0.7234621491,25.0000000000,25.0000000000,11.0585086247,1.0000000000,0.0015339808
0.0066500000,1.0471975512,0.0033006695,2.0365450142,0.8296157111,0.7237719740,25.0000000000,25.0000000000,11.0585192144,1.0000000000,0.0015339808
0.0066600000,1.0471975512,0.0033210892,2.0437850264,0.8294103870,0.7240772682,25.0000000000,25.0000000000,11.0585294806,1.0000000000,0.0015339808
0.0066700000,1.0471975512,0.0033415814,2.0510280577,0.8292114434,0.7243780440,25.0000000000,25.0000000000,11.0585394278,1.0000000000,0.0015339808
0.0066800000,1.0471975512,0.0033621460,2.0582740630,0.8290187910,0.7246743132,25.0000000000,25.0000000000,11.0585490604,1.0000000000,0.0015339808
0.0066900000,1.0471975512,0.0033827831,2.0655229973,0.8288323412,0.7249660881,25.0000000000,25.0000000000,11.0585583829,1.0000000000,0.0015339808
0.0067000000,1.0471975512,0.0034034928,2.0727748156,0.8286520062,0.7252533804,25.0000000000,25.0000000000,11.0585673997,1.0000000000,0.0015339808
0.0067100000,1.0471975512,0.0034242749,2.0800294734,0.8284776987,0.7255362022,25.0000000000,25.0000000000,11.0585761151,1.0000000000,0.0015339808
0.0067200000,1.0471975512,0.0034451296,2.0872869259,0.8283093324,0.7258145654,25.0000000000,25.0000000000,11.0585845334,1.0000000000,0.0015339808
0.0067300000,1.0471975512,0.0034660570,2.0945471287,0.8281468214,0.7260884817,25.0000000000,25.0000000000,11.0585926589,1.0000000000,0.0015339808
0.0067400000,1.0471975512,0.0034870569,2.1018100374,0.8279900808,0.7263579631,25.0000000000,25.0000000000,11.0586004960,1.0000000000,0.0015339808
0.0067500000,1.0471975512,0.0035081295,2.1090756077,0.8278390262,0.7266230213,25.0000000000,25.0000000000,11.0586080487,1.0000000000,0.0015339808
0.0067600000,1.0471975512,0.0035292748,2.1163437956,0.8276935739,0.7268836679,25.0000000000,25.0000000000,11.0586153213,1.0000000000,0.0015339808
0.0067700000,1.0471975512,0.0035504927,2.1236145568,0.8275536410,0.7271399149,25.0000000000,25.0000000000,11.0586223179,1.0000000000,0.0015339808
0.0067800000,1.0471975512,0.0035717834,2.1308878477,0.8274191452,0.7273917737,25.0000000000,25.0000000000,11.0586290427,1.0000000000,0.0015339808
0.0067900000,1.0471975512,0.0035931469,2.1381636243,0.8272900048,0.7276392561,25.0000000000,25.0000000000,11.0586354998,1.0000000000,0.0015339808
0.0068000000,1.0471975512,0.0036145831,2.1454418429,0.8271661389,0.7278823735,25.0000000000,25.0000000000,11.0586416931,1.0000000000,0.0015339808
0.0068100000,1.0471975512,0.0036360921,2.1527224601,0.8270474672,0.7281211377,25.0000000000,25.0000000000,11.0586476266,1.0000000000,0.0015339808
0.0068200000,1.0471975512,0.0036576740,2.1600054324,0.8269339102,0.7283555600,25.0000000000,25.0000000000,11.0586533045,1.0000000000,0.0015339808
0.0068300000,1.0471975512,0.0036793286,2.1672907164,0.8268253889,0.7285856520,25.0000000000,25.0000000000,11.0586587306,1.0000000000,0.0015339808
0.0068400000,1.0471975512,0.0037010562,2.1745782689,0.8267218250,0.7288114251,25.0000000000,25.0000000000,11.0586639087,1.0000000000,0.0015339808
0.0068500000,1.0471975512,0.0037228567,2.1818680468,0.8266231409,0.7290328907,25.0000000000,25.0000000000,11.0586688430,1.0000000000,0.0015339808
0.0068600000,1.0471975512,0.0037447300,2.1891600072,0.8265292596,0.7292500602,25.0000000000,25.0000000000,11.0586735370,1.0000000000,0.0015339808
0.0068700000,1.0471975512,0.0037666763,2.1964541071,0.8264401047,0.7294629450,25.0000000000,25.0000000000,11.0586779948,1.0000000000,0.0015339808
0.0068800000,1.0471975512,0.0037886956,2.2037503038,0.8263556007,0.7296715562,25.0000000000,25.0000000000,11.0586822200,1.0000000000,0.0015339808
0.0068900000,1.0471975512,0.0038107878,2.2110485546,0.8262756724,0.7298759053,25.0000000000,25.0000000000,11.0586862164,1.0000000000,0.0015339808
0.0069000000,1.0471975512,0.0038329531,2.2183488171,0.8262002454,0.7300760034,25.0000000000,25.0000000000,11.0586899877,1.0000000000,0.0015339808
0.0069100000,1.0471975512,0.0038551913,2.2256510487,0.8261292460,0.7302718617,25.0000000000,25.0000000000,11.0586935377,1.0000000000,0.0015339808
0.0069200000,1.0471975512,0.0038775026,2.2329552072,0.8260626009,0.7304634914,25.0000000000,25.0000000000,11.0586968700,1.0000000000,0.0015339808
0.0069300000,1.0471975512,0.0038998870,2.2402612503,0.8260002377,0.7306509036,25.0000000000,25.0000000000,11.0586999881,1.0000000000,0.0015339808
0.0069400000,1.0471975512,0.0039223444,2.2475691360,0.8259420845,0.7308341095,25.0000000000,25.0000000000,11.0587028958,1.0000000000,0.0015339808
0.0069500000,1.0471975512,0.0039448749,2.2548788223,0.8258880699,0.7310131200,25.0000000000,25.0000000000,11.0587055965,1.0000000000,0.0015339808
0.0069600000,1.0471975512,0.0039674785,2.2621902673,0.8258381233,0.7311879462,25.0000000000,25.0000000000,11.0587080938,1.0000000000,0.0015339808
0.0069700000,1.0471975512,0.0039901553,2.2695034293,0.8257921745,0.7313585992,25.0000000000,25.0000000000,11.0587103913,1.0000000000,0.0015339808
0.0069800000,1.0471975512,0.0040129052,2.2768182665,0.8257501542,0.7315250897,25.0000000000,25.0000000000,11.0587124923,1.0000000000,0.0015339808
0.0069900000,1.0471975512,0.0040357282,2.2841347376,0.8257119934,0.7316874289,25.0000000000,25.0000000000,11.0587144003,1.0000000000,0.0015339808
0.0070000000,1.0471975512,0.0040586245,2.2914528009,0.8256776238,0.7318456276,25.0000000000,25.0000000000,11.0587161188,1.0000000000,0.0015339808
0.0070100000,1.0471975512,0.0040815939,2.2987724153,0.8256469778,0.7319996966,25.0000000000,25.0000000000,11.0587176511,1.0000000000,0.0046019424
0.0070200000,1.0471975512,0.0041046365,2.3060935395,0.8256199883,0.7321496469,25.0000000000,25.0000000000,11.0587190006,1.0000000000,0.0046019424
0.0070300000,1.0471975512,0.0041277524,2.3134161323,0.8255965887,0.7322954891,25.0000000000,25.0000000000,11.0587201706,1.0000000000,0.0046019424
0.0070400000,1.0471975512,0.0041509415,2.3207401529,0.8255767132,0.7324372341,25.0000000000,25.0000000000,11.0587211643,1.0000000000,0.0046019424
0.0070500000,1.0471975512,0.0041742038,2.3280655602,0.8255602963,0.7325748926,25.0000000000,25.0000000000,11.0587219852,1.0000000000,0.0046019424
0.0070600000,1.0471975512,0.0041975394,2.3353923135,0.8255472733,0.7327084753,25.0000000000,25.0000000000,11.0587226363,1.0000000000,0.0046019424
0.0070700000,1.0471975512,0.0042209483,2.3427203722,0.8255375800,0.7328379929,25.0000000000,25.0000000000,11.0587231210,1.0000000000,0.0046019424
0.0070800000,1.0471975512,0.0042444305,2.3500496956,0.8255311527,0.7329634561,25.0000000000,25.0000000000,11.0587234424,1.0000000000,0.0046019424
0.0070900000,1.0471975512,0.0042679859,2.3573802434,0.8255279283,0.7330848754,25.0000000000,25.0000000000,11.0587236036,1.0000000000,0.0046019424
0.0071000000,1.0471975512,0.0042916147,2.3647119750,0.8255278443,0.7332022615,25.0000000000,25.0000000000,11.0587236078,1.0000000000,0.0046019424
0.0071100000,1.0471975512,0.0043153168,2.3720448504,0.8255308387,0.7333156248,25.0000000000,25.0000000000,11.0587234581,1.0000000000,0.0046019424
0.0071200000,1.0471975512,0.0043390923,2.3793788293,0.8255368502,0.7334249760,25.0000000000,25.0000000000,11.0587231575,1.0000000000,0.0046019424
0.0071300000,1.0471975512,0.0043629411,2.3867138716,0.8255458177,0.7335303255,25.0000000000,25.0000000000,11.0587227091,1.0000000000,0.0046019424
0.0071400000,1.0471975512,0.0043868632,2.3940499376,0.8255576810,0.7336316838,25.0000000000,25.0000000000,11.0587221159,1.0000000000,0.0046019424
0.0071500000,1.0471975512,0.0044108588,2.4013869872,0.8255723804,0.7337290614,25.0000000000,25.0000000000,11.0587213810,1.0000000000,0.0046019424
0.0071600000,1.0471975512,0.0044349277,2.4087249809,0.8255898564,0.7338224685,25.0000000000,25.0000000000,11.0587205072,1.0000000000,0.0046019424
0.0071700000,1.0471975512,0.0044590700,2.4160638789,0.8256100505,0.7339119157,25.0000000000,25.0000000000,11.0587194975,1.0000000000,0.0046019424
0.0071800000,1.0471975512,0.0044832857,2.4234036417,0.8256329043,0.7339974133,25.0000000000,25.0000000000,11.0587183548,1.0000000000,0.0046019424
0.0071900000,1.0471975512,0.0045075747,2.4307442300,0.8256583603,0.7340789716,25.0000000000,25.0000000000,11.0587170820,1.0000000000,0.0046019424
0.0072000000,1.0471975512,0.0045319372,2.4380856044,0.8256863612,0.7341566009,25.0000000000,25.0000000000,11.0587156819,1.0000000000,0.0046019424
0.0072100000,1.0471975512,0.0045563732,2.4454277257,0.8257168505,0.7342303114,25.0000000000,25.0000000000,11.0587141575,1.0000000000,0.0046019424
0.0072200000,1.0471975512,0.0045808825,2.4527705548,0.8257497720,0.7343001134,25.0000000000,25.0000000000,11.0587125114,1.0000000000,0.0046019424
0.0072300000,1.0471975512,0.0046054653,2.4601140526,0.8257850701,0.7343660172,25.0000000000,25.0000000000,11.0587107465,1.0000000000,0.0046019424
0.0072400000,1.0471975512,0.0046301215,2.4674581803,0.8258226897,0.7344280329,25.0000000000,25.0000000000,11.0587088655,1.0000000000,0.0046019424
0.0072500000,1.0471975512,0.0046548512,2.4748028991,0.8258625761,0.7344861706,25.0000000000,25.0000000000,11.0587068712,1.0000000000,0.0046019424
0.0072600000,1.0471975512,0.0046796543,2.4821481703,0.8259046753,0.7345404406,25.0000000000,25.0000000000,11.0587047662,1.0000000000,0.0046019424
0.0072700000,1.0471975512,0.0047045309,2.4894939552,0.8259489338,0.7345908528,25.0000000000,25.0000000000,11.0587025533,1.0000000000,0.0046019424
0.0072800000,1.0471975512,0.0047294809,2.4968402153,0.8259952982,0.7346374175,25.0000000000,25.0000000000,11.0587002351,1.0000000000,0.0046019424
0.0072900000,1.0471975512,0.0047545044,2.5041869123,0.8260437161,0.7346801445,25.0000000000,25.0000000000,11.0586978142,1.0000000000,0.0046019424
0.0073000000,1.0471975512,0.0047796014,2.5115340079,0.8260941353,0.7347190440,25.0000000000,25.0000000000,11.0586952932,1.0000000000,0.0046019424
0.0073100000,1.0471975512,0.0048047718,2.5188814639,0.8261465042,0.7347541260,25.0000000000,25.0000000000,11.0586926748,1.0000000000,0.0046019424
0.0073200000,1.0471975512,0.0048300158,2.5262292421,0.8262007714,0.7347854005,25.0000000000,25.0000000000,11.0586899614,1.0000000000,0.0046019424
0.0073300000,1.0471975512,0.0048553332,2.5335773045,0.8262568865,0.7348128773,25.0000000000,25.0000000000,11.0586871557,1.0000000000,0.0046019424
0.0073400000,1.0471975512,0.0048807240,2.5409256133,0.8263147990,0.7348365664,25.0000000000,25.0000000000,11.0586842600,1.0000000000,0.0046019424
0.0073500000,1.0471975512,0.0049061884,2.5482741307,0.8263744593,0.7348564777,25.0000000000,25.0000000000,11.0586812770,1.0000000000,0.0046019424
0.0073600000,1.0471975512,0.0049317263,2.5556228189,0.8264358181,0.7348726212,25.0000000000,25.0000000000,11.0586782091,1.0000000000,0.0046019424
0.0073700000,1.0471975512,0.0049573376,2.5629716403,0.8264988264,0.7348850065,25.0000000000,25.0000000000,11.0586750587,1.0000000000,0.0046019424
0.0073800000,1.0471975512,0.0049830225,2.5703205575,0.8265634360,0.7348936436,25.0000000000,25.0000000000,11.0586718282,1.0000000000,0.0046019424
0.0073900000,1.0471975512,0.0050087808,2.5776695330,0.8266295989,0.7348985423,25.0000000000,25.0000000000,11.0586685201,1.0000000000,0.0046019424
0.0074000000,1.0471975512,0.0050346126,2.5850185295,0.8266972677,0.7348997123,25.0000000000,25.0000000000,11.0586651366,1.0000000000,0.0046019424
0.0074100000,1.0471975512,0.0050605179,2.5923675099,0.8267663952,0.7348971634,25.0000000000,25.0000000000,11.0586616802,1.0000000000,0.0046019424
0.0074200000,1.0471975512,0.0050864967,2.5997164369,0.8268369350,0.7348909053,25.0000000000,25.0000000000,11.0586581532,1.0000000000,0.0046019424
0.0074300000,1.0471975512,0.0051125490,2.6070652736,0.8269088409,0.7348809477,25.0000000000,25.0000000000,11.0586545580,1.0000000000,0.0046019424
0.0074400000,1.0471975512,0.0051386747,2.6144139830,0.8269820672,0.7348673003,25.0000000000,25.0000000000,11.0586508966,1.0000000000,0.0046019424
0.0074500000,1.0471975512,0.0051648740,2.6217625283,0.8270565686,0.7348499728,25.0000000000,25.0000000000,11.0586471716,1.0000000000,0.0046019424
0.0074600000,1.0471975512,0.0051911467,2.6291108729,0.8271323004,0.7348289747,25.0000000000,25.0000000000,11.0586433850,1.0000000000,0.0046019424
0.0074700000,1.0471975512,0.0052174929,2.6364589800,0.8272092180,0.7348043158,25.0000000000,25.0000000000,11.0586395391,1.0000000000,0.0046019424
0.0074800000,1.0471975512,0.0052439126,2.6438068131,0.8272872775,0.7347760055,25.0000000000,25.0000000000,11.0586356361,1.0000000000,0.0046019424
0.0074900000,1.0471975512,0.0052704058,2.6511543358,0.8273664355,0.7347440535,25.0000000000,25.0000000000,11.0586316782,1.0000000000,0.0046019424
0.0075000000,1.0471975512,0.0052969725,2.6585015117,0.8274466486,0.7347084692,25.0000000000,25.0000000000,11.0586276676,1.0000000000,0.0046019424
0.0075100000,1.0471975512,0.0053236126,2.6658483046,0.8275278743,0.7346692623,25.0000000000,25.0000000000,11.0586236063,1.0000000000,0.0046019424
0.0075200000,1.0471975512,0.0053503262,2.6731946783,0.8276100702,0.7346264422,25.0000000000,25.0000000000,11.0586194965,1.0000000000,0.0046019424
0.0075300000,1.0471975512,0.0053771132,2.6805405968,0.8276931944,0.7345800184,25.0000000000,25.0000000000,11.0586153403,1.0000000000,0.0046019424
0.0075400000,1.0471975512,0.0054039737,2.6878860241,0.8277772054,0.7345300003,25.0000000000,25.0000000000,11.0586111397,1.0000000000,0.0046019424
0.0075500000,1.0471975512,0.0054309076,2.6952309243,0.8278620622,0.7344763974,25.0000000000,25.0000000000,11.0586068969,1.0000000000,0.0046019424
0.0075600000,1.0471975512,0.0054579150,2.7025752617,0.8279477240,0.7344192191,25.0000000000,25.0000000000,11.0586026138,1.0000000000,0.0046019424
0.0075700000,1.0471975512,0.0054849959,2.7099190005,0.8280341506,0.7343584747,25.0000000000,25.0000000000,11.0585982925,1.0000000000,0.0046019424
0.0075800000,1.0471975512,0.0055121501,2.7172621052,0.8281213021,0.7342941737,25.0000000000,25.0000000000,11.0585939349,1.0000000000,0.0046019424
0.0075900000,1.0471975512,0.0055393778,2.7246045403,0.8282091390,0.7342263254,25.0000000000,25.0000000000,11.0585895431,1.0000000000,0.0046019424
0.0076000000,1.0471975512,0.0055666789,2.7319462704,0.8282976221,0.7341549391,25.0000000000,25.0000000000,11.0585851189,1.0000000000,0.0046019424
0.0076100000,1.0471975512,0.0055940535,2.7392872601,0.8283867128,0.7340800241,25.0000000000,25.0000000000,11.0585806644,1.0000000000,0.0046019424
0.0076200000,1.0471975512,0.0056215014,2.7466274743,0.8284763728,0.7340015897,25.0000000000,25.0000000000,11.0585761814,1.0000000000,0.0046019424
0.0076300000,1.0471975512,0.0056490227,2.7539668778,0.8285665639,0.7339196451,25.0000000000,25.0000000000,11.0585716718,1.0000000000,0.0046019424
0.0076400000,1.0471975512,0.0056766174,2.7613054356,0.8286572488,0.7338341997,25.0000000000,25.0000000000,11.0585671376,1.0000000000,0.0046019424
0.0076500000,1.0471975512,0.0057042855,2.7686431127,0.8287483901,0.7337452626,25.0000000000,25.0000000000,11.0585625805,1.0000000000,0.0046019424
0.0076600000,1.0471975512,0.0057320270,2.7759798744,0.8288399510,0.7336528430,25.0000000000,25.0000000000,11.0585580025,1.0000000000,0.0046019424
0.0076700000,1.0471975512,0.0057598418,2.7833156858,0.8289318951,0.7335569502,25.0000000000,25.0000000000,11.0585534052,1.0000000000,0.0046019424
0.0076800000,1.0471975512,0.0057877299,2.7906505123,0.8290241862,0.7334575932,25.0000000000,25.0000000000,11.0585487907,1.0000000000,0.0046019424
0.0076900000,1.0471975512,0.0058156914,2.7979843193,0.8291167886,0.7333547812,25.0000000000,25.0000000000,11.0585441606,1.0000000000,0.0046019424
0.0077000000,1.0471975512,0.0058437263,2.8053170723,0.8292096670,0.7332485234,25.0000000000,25.0000000000,11.0585395167,1.0000000000,0.0046019424
0.0077100000,1.0471975512,0.0058718344,2.8126487370,0.8293027862,0.7331388289,25.0000000000,25.0000000000,11.0585348607,1.0000000000,0.0046019424
0.0077200000,1.0471975512,0.0059000159,2.8199792790,0.8293961118,0.7330257066,25.0000000000,25.0000000000,11.0585301944,1.0000000000,0.0046019424
0.0077300000,1.0471975512,0.0059282707,2.8273086641,0.8294896092,0.7329091658,25.0000000000,25.0000000000,11.0585255195,1.0000000000,0.0046019424
0.0077400000,1.0471975512,0.0059565987,2.8346368583,0.8295832446,0.7327892154,25.0000000000,25.0000000000,11.0585208378,1.0000000000,0.0046019424
0.0077500000,1.0471975512,0.0059850000,2.8419638274,0.8296769843,0.7326658645,25.0000000000,25.0000000000,11.0585161508,1.0000000000,0.0046019424
0.0077600000,1.0471975512,0.0060134746,2.8492895376,0.8297707950,0.7325391221,25.0000000000,25.0000000000,11.0585114602,1.0000000000,0.0046019424
0.0077700000,1.0471975512,0.0060420225,2.8566139550,0.8298646439,0.7324089972,25.0000000000,25.0000000000,11.0585067678,1.0000000000,0.0046019424
0.0077800000,1.0471975512,0.0060706435,2.8639370459,0.8299584983,0.7322754987,25.0000000000,25.0000000000,11.0585020751,1.0000000000,0.0046019424
0.0077900000,1.0471975512,0.0060993378,2.8712587765,0.8300523260,0.7321386357,25.0000000000,25.0000000000,11.0584973837,1.0000000000,0.0046019424
0.0078000000,1.0471975512,0.0061281053,2.8785791133,0.8301460950,0.7319984170,25.0000000000,25.0000000000,11.0584926953,1.0000000000,0.0046019424
0.0078100000,1.0471975512,0.0061569460,2.8858980228,0.8302397737,0.7318548515,25.0000000000,25.0000000000,11.0584880113,1.0000000000,0.0046019424
0.0078200000,1.0471975512,0.0061858598,2.8932154716,0.8303333309,0.7317079482,25.0000000000,25.0000000000,11.0584833335,1.0000000000,0.0046019424
0.0078300000,1.0471975512,0.0062148469,2.9005314264,0.8304267356,0.7315577160,25.0000000000,25.0000000000,11.0584786632,1.0000000000,0.0046019424
0.0078400000,1.0471975512,0.0062439070,2.9078458540,0.8305199572,0.7314041636,25.0000000000,25.0000000000,11.0584740021,1.0000000000,0.0046019424
0.0078500000,1.0471975512,0.0062730403,2.9151587213,0.8306129653,0.7312473000,25.0000000000,25.0000000000,11.0584693517,1.0000000000,0.0046019424
0.0078600000,1.0471975512,0.0063022468,2.9224699951,0.8307057301,0.7310871341,25.0000000000,25.0000000000,11.0584647135,1.0000000000,0.0046019424
0.0078700000,1.0471975512,0.0063315263,2.9297796425,0.8307982218,0.7309236745,25.0000000000,25.0000000000,11.0584600889,1.0000000000,0.0046019424
0.0078800000,1.0471975512,0.0063608789,2.9370876307,0.8308904111,0.7307569301,25.0000000000,25.0000000000,11.0584554794,1.0000000000,0.0046019424
0.0078900000,1.0471975512,0.0063903046,2.9443939269,0.8309822689,0.7305869097,25.0000000000,25.0000000000,11.0584508866,1.0000000000,0.0046019424
0.0079000000,1.0471975512,0.0064198033,2.9516984984,0.8310737664,0.7304136220,25.0000000000,25.0000000000,11.0584463117,1.0000000000,0.0046019424
0.0079100000,1.0471975512,0.0064493751,2.9590013126,0.8311648754,0.7302370758,25.0000000000,25.0000000000,11.0584417562,1.0000000000,0.0046019424
0.0079200000,1.0471975512,0.0064790198,2.9663023369,0.8312555675,0.7300572799,25.0000000000,25.0000000000,11.0584372216,1.0000000000,0.0046019424
0.0079300000,1.0471975512,0.0065087376,2.9736015389,0.8313458151,0.7298742428,25.0000000000,25.0000000000,11.0584327092,1.0000000000,0.0046019424
0.0079400000,1.0471975512,0.0065385283,2.9808988863,0.8314355905,0.7296879734,25.0000000000,25.0000000000,11.0584282205,1.0000000000,0.0046019424
0.0079500000,1.0471975512,0.0065683921,2.9881943469,0.8315248665,0.7294984803,25.0000000000,25.0000000000,11.0584237567,1.0000000000,0.0046019424
0.0079600000,1.0471975512,0.0065983287,2.9954878884,0.8316136161,0.7293057721,25.0000000000,25.0000000000,11.0584193192,1.0000000000,0.0046019424
0.0079700000,1.0471975512,0.0066283383,3.0027794788,0.8317018128,0.7291098576,25.0000000000,25.0000000000,11.0584149094,1.0000000000,0.0046019424
0.0079800000,1.0471975512,0.0066584207,3.0100690860,0.8317894302,0.7289107452,25.0000000000,25.0000000000,11.0584105285,1.0000000000,0.0046019424
0.0079900000,1.0471975512,0.0066885761,3.0173566782,0.8318764421,0.7287084438,25.0000000000,25.0000000000,11.0584061779,1.0000000000,0.0046019424
0.0080000000,1.0471975512,0.0067188043,3.0246422235,0.8319628227,0.7285029618,25.0000000000,25.0000000000,11.0584018589,1.0000000000,0.0046019424
0.0080100000,1.0471975512,0.0067491053,3.0319256902,0.8320485467,0.7282943078,25.0000000000,25.0000000000,11.0583975727,1.0000000000,0.0061359232
0.0080200000,1.0471975512,0.0067794792,3.0392070466,0.8321335887,0.7280824905,25.0000000000,25.0000000000,11.0583933206,1.0000000000,0.0061359232
0.0080300000,1.0471975512,0.0068099259,3.0464862612,0.8322179237,0.7278675183,25.0000000000,25.0000000000,11.0583891038,1.0000000000,0.0061359232
0.0080400000,1.0471975512,0.0068404453,3.0537633024,0.8323015271,0.7276493998,25.0000000000,25.0000000000,11.0583849236,1.0000000000,0.0061359232
0.0080500000,1.0471975512,0.0068710375,3.0610381390,0.8323843745,0.7274281435,25.0000000000,25.0000000000,11.0583807813,1.0000000000,0.0061359232
0.0080600000,1.0471975512,0.0069017024,3.0683107395,0.8324664418,0.7272037580,25.0000000000,25.0000000000,11.0583766779,1.0000000000,0.0061359232
0.0080700000,1.0471975512,0.0069324401,3.0755810727,0.8325477050,0.7269762517,25.0000000000,25.0000000000,11.0583726148,1.0000000000,0.0061359232
0.0080800000,1.0471975512,0.0069632504,3.0828491075,0.8326281405,0.7267456330,25.0000000000,25.0000000000,11.0583685930,1.0000000000,0.0061359232
0.0080900000,1.0471975512,0.0069941334,3.0901148129,0.8327077251,0.7265119106,25.0000000000,25.0000000000,11.0583646137,1.0000000000,0.0061359232
0.0081000000,1.0471975512,0.0070250890,3.0973781578,0.8327864357,0.7262750927,25.0000000000,25.0000000000,11.0583606782,1.0000000000,0.0061359232
0.0081100000,1.0471975512,0.0070561172,3.1046391113,0.8328642493,0.7260351879,25.0000000000,25.0000000000,11.0583567875,1.0000000000,0.0061359232
0.0081200000,1.0471975512,0.0070872181,3.1118976428,0.8329411435,0.7257922045,25.0000000000,25.0000000000,11.0583529428,1.0000000000,0.0061359232
0.0081300000,1.0471975512,0.0071183915,3.1191537213,0.8330170959,0.7255461510,25.0000000000,25.0000000000,11.0583491452,1.0000000000,0.0061359232
0.0081400000,1.0471975512,0.0071496374,3.1264073164,0.8330920846,0.7252970357,25.0000000000,25.0000000000,11.0583453958,1.0000000000,0.0061359232
0.0081500000,1.0471975512,0.0071809559,3.1336583974,0.8331660876,0.7250448671,25.0000000000,25.0000000000,11.0583416956,1.0000000000,0.0061359232
0.0081600000,1.0471975512,0.0072123468,3.1409069338,0.8332390835,0.7247896534,25.0000000000,25.0000000000,11.0583380458,1.0000000000,0.0061359232
0.0081700000,1.0471975512,0.0072438102,3.1481528954,0.8333110509,0.7245314031,25.0000000000,25.0000000000,11.0583344475,1.0000000000,0.0061359232
0.0081800000,1.0471975512,0.0072753461,3.1553962517,0.8333819687,0.7242701245,25.0000000000,25.0000000000,11.0583309016,1.0000000000,0.0061359232
0.0081900000,1.0471975512,0.0073069544,3.1626369726,0.8334518163,0.7240058258,25.0000000000,25.0000000000,11.0583274092,1.0000000000,0.0061359232
0.0082000000,1.0471975512,0.0073386350,3.1698750279,0.8335205729,0.7237385154,25.0000000000,25.0000000000,11.0583239714,1.0000000000,0.0061359232
0.0082100000,1.0471975512,0.0073703880,3.1771103876,0.8335882182,0.7234682016,25.0000000000,25.0000000000,11.0583205891,1.0000000000,0.0061359232
0.0082200000,1.0471975512,0.0074022134,3.1843430217,0.8336547322,0.7231948927,25.0000000000,25.0000000000,11.0583172634,1.0000000000,0.0061359232
0.0082300000,1.0471975512,0.0074341110,3.1915729002,0.8337200949,0.7229185969,25.0000000000,25.0000000000,11.0583139953,1.0000000000,0.0061359232
0.0082400000,1.0471975512,0.0074660810,3.1987999935,0.8337842868,0.7226393225,25.0000000000,25.0000000000,11.0583107857,1.0000000000,0.0061359232
0.0082500000,1.0471975512,0.0074981232,3.2060242718,0.8338472884,0.7223570777,25.0000000000,25.0000000000,11.0583076356,1.0000000000,0.0061359232
0.0082600000,1.0471975512,0.0075302376,3.2132457053,0.8339090805,0.7220718707,25.0000000000,25.0000000000,11.0583045460,1.0000000000,0.0061359232
0.0082700000,1.0471975512,0.0075624242,3.2204642647,0.8339696443,0.7217837098,25.0000000000,25.0000000000,11.0583015178,1.0000000000,0.0061359232
0.0082800000,1.0471975512,0.0075946829,3.2276799203,0.8340289610,0.7214926031,25.0000000000,25.0000000000,11.0582985519,1.0000000000,0.0061359232
0.0082900000,1.0471975512,0.0076270138,3.2348926428,0.8340870121,0.7211985588,25.0000000000,25.0000000000,11.0582956494,1.0000000000,0.0061359232
0.0083000000,1.0471975512,0.0076594168,3.2421024030,0.8341437793,0.7209015852,25.0000000000,25.0000000000,11.0582928110,1.0000000000,0.0061359232
0.0083100000,1.0471975512,0.0076918919,3.2493091714,0.8341992446,0.7206016903,25.0000000000,25.0000000000,11.0582900378,1.0000000000,0.0061359232
0.0083200000,1.0471975512,0.0077244390,3.2565129191,0.8342533902,0.7202988824,25.0000000000,25.0000000000,11.0582873305,1.0000000000,0.0061359232
0.0083300000,1.0471975512,0.0077570582,3.2637136169,0.8343061984,0.7199931695,25.0000000000,25.0000000000,11.0582846901,1.0000000000,0.0061359232
0.0083400000,1.0471975512,0.0077897493,3.2709112358,0.8343576517,0.7196845598,25.0000000000,25.0000000000,11.0582821174,1.0000000000,0.0061359232
0.0083500000,1.0471975512,0.0078225124,3.2781057470,0.8344077332,0.7193730613,25.0000000000,25.0000000000,11.0582796133,1.0000000000,0.0061359232
0.0083600000,1.0471975512,0.0078553474,3.2852971215,0.8344564256,0.7190586822,25.0000000000,25.0000000000,11.0582771787,1.0000000000,0.0061359232
0.0083700000,1.0471975512,0.0078882542,3.2924853308,0.8345037124,0.7187414306,25.0000000000,25.0000000000,11.0582748144,1.0000000000,0.0061359232
0.0083800000,1.0471975512,0.0079212330,3.2996703460,0.8345495768,0.7184213145,25.0000000000,25.0000000000,11.0582725212,1.0000000000,0.0061359232
0.0083900000,1.0471975512,0.0079542835,3.3068521386,0.8345940026,0.7180983420,25.0000000000,25.0000000000,11.0582702999,1.0000000000,0.0061359232
0.0084000000,1.0471975512,0.0079874059,3.3140306802,0.8346369736,0.7177725211,25.0000000000,25.0000000000,11.0582681513,1.0000000000,0.0061359232
0.0084100000,1.0471975512,0.0080206000,3.3212059422,0.8346784739,0.7174438599,25.0000000000,25.0000000000,11.0582660763,1.0000000000,0.0061359232
0.0084200000,1.0471975512,0.0080538659,3.3283778963,0.8347184876,0.7171123664,25.0000000000,25.0000000000,11.0582640756,1.0000000000,0.0061359232
0.0084300000,1.0471975512,0.0080872034,3.3355465144,0.8347569994,0.7167780486,25.0000000000,25.0000000000,11.0582621500,1.0000000000,0.0061359232
0.0084400000,1.0471975512,0.0081206126,3.3427117681,0.8347939936,0.7164409145,25.0000000000,25.0000000000,11.0582603003,1.0000000000,0.0061359232
0.0084500000,1.0471975512,0.0081540935,3.3498736295,0.8348294554,0.7161009721,25.0000000000,25.0000000000,11.0582585272,1.0000000000,0.0061359232
0.0084600000,1.0471975512,0.0081876459,3.3570320704,0.8348633696,0.7157582294,25.0000000000,25.0000000000,11.0582568315,1.0000000000,0.0061359232
0.0084700000,1.0471975512,0.0082212699,3.3641870629,0.8348957215,0.7154126943,25.0000000000,25.0000000000,11.0582552139,1.0000000000,0.0061359232
0.0084800000,1.0471975512,0.0082549654,3.3713385792,0.8349264965,0.7150643748,25.0000000000,25.0000000000,11.0582536752,1.0000000000,0.0061359232
0.0084900000,1.0471975512,0.0082887324,3.3784865914,0.8349556802,0.7147132788,25.0000000000,25.0000000000,11.0582522160,1.0000000000,0.0061359232
0.0085000000,1.0471975512,0.0083225708,3.3856310720,0.8349832585,0.7143594143,25.0000000000,25.0000000000,11.0582508371,1.0000000000,0.0061359232
0.0085100000,1.0471975512,0.0083564807,3.3927719931,0.8350092172,0.7140027891,25.0000000000,25.0000000000,11.0582495391,1.0000000000,0.0061359232
0.0085200000,1.0471975512,0.0083904620,3.3999093274,0.8350335426,0.7136434113,25.0000000000,25.0000000000,11.0582483229,1.0000000000,0.0061359232
0.0085300000,1.0471975512,0.0084245146,3.4070430473,0.8350562210,0.7132812886,25.0000000000,25.0000000000,11.0582471889,1.0000000000,0.0061359232
0.0085400000,1.0471975512,0.0084586385,3.4141731255,0.8350772389,0.7129164289,25.0000000000,25.0000000000,11.0582461381,1.0000000000,0.0061359232
0.0085500000,1.0471975512,0.0084928337,3.4212995345,0.8350965831,0.7125488402,25.0000000000,25.0000000000,11.0582451708,1.0000000000,0.0061359232
0.0085600000,1.0471975512,0.0085271001,3.4284222473,0.8351142405,0.7121785304,25.0000000000,25.0000000000,11.0582442880,1.0000000000,0.0061359232
0.0085700000,1.0471975512,0.0085614377,3.4355412366,0.8351301980,0.7118055071,25.0000000000,25.0000000000,11.0582434901,1.0000000000,0.0061359232
0.0085800000,1.0471975512,0.0085958465,3.4426564754,0.8351444429,0.7114297784,25.0000000000,25.0000000000,11.0582427779,1.0000000000,0.0061359232
0.0085900000,1.0471975512,0.0086303264,3.4497679367,0.8351569627,0.7110513519,25.0000000000,25.0000000000,11.0582421519,1.0000000000,0.0061359232
0.0086000000,1.0471975512,0.0086648774,3.4568755935,0.8351677450,0.7106702356,25.0000000000,25.0000000000,11.0582416128,1.0000000000,0.0061359232
0.0086100000,1.0471975512,0.0086994994,3.4639794191,0.8351767774,0.7102864373,25.0000000000,25.0000000000,11.0582411611,1.0000000000,0.0061359232
0.0086200000,1.0471975512,0.0087341924,3.4710793866,0.8351840479,0.7098999646,25.0000000000,25.0000000000,11.0582407976,1.0000000000,0.0061359232
0.0086300000,1.0471975512,0.0087689565,3.4781754693,0.8351895446,0.7095108255,25.0000000000,25.0000000000,11.0582405228,1.0000000000,0.0061359232
0.0086400000,1.0471975512,0.0088037914,3.4852676408,0.8351932558,0.7091190278,25.0000000000,25.0000000000,11.0582403372,1.0000000000,0.0061359232
0.0086500000,1.0471975512,0.0088386972,3.4923558743,0.8351951699,0.7087245790,25.0000000000,25.0000000000,11.0582402415,1.0000000000,0.0061359232
0.0086600000,1.0471975512,0.0088736739,3.4994401436,0.8351952754,0.7083274871,25.0000000000,25.0000000000,11.0582402362,1.0000000000,0.0061359232
0.0086700000,1.0471975512,0.0089087214,3.5065204221,0.8351935612,0.7079277598,25.0000000000,25.0000000000,11.0582403219,1.0000000000,0.0061359232
0.0086800000,1.0471975512,0.0089438397,3.5135966837,0.8351900161,0.7075254048,25.0000000000,25.0000000000,11.0582404992,1.0000000000,0.0061359232
0.0086900000,1.0471975512,0.0089790287,3.5206689021,0.8351846292,0.7071204298,25.0000000000,25.0000000000,11.0582407685,1.0000000000,0.0061359232
0.0087000000,1.0471975512,0.0090142884,3.5277370511,0.8351773897,0.7067128425,25.0000000000,25.0000000000,11.0582411305,1.0000000000,0.0061359232
0.0087100000,1.0471975512,0.0090496188,3.5348011047,0.8351682871,0.7063026507,25.0000000000,25.0000000000,11.0582415856,1.0000000000,0.0061359232
0.0087200000,1.0471975512,0.0090850198,3.5418610369,0.8351573107,0.7058898620,25.0000000000,25.0000000000,11.0582421345,1.0000000000,0.0061359232
0.0087300000,1.0471975512,0.0091204913,3.5489168218,0.8351444505,0.7054744841,25.0000000000,25.0000000000,11.0582427775,1.0000000000,0.0061359232
0.0087400000,1.0471975512,0.0091560333,3.5559684336,0.8351296961,0.7050565247,25.0000000000,25.0000000000,11.0582435152,1.0000000000,0.0061359232
0.0087500000,1.0471975512,0.0091916459,3.5630158464,0.8351130376,0.7046359915,25.0000000000,25.0000000000,11.0582443481,1.0000000000,0.0061359232
0.0087600000,1.0471975512,0.0092273289,3.5700590347,0.8350944652,0.7042128920,25.0000000000,25.0000000000,11.0582452767,1.0000000000,0.0061359232
0.0087700000,1.0471975512,0.0092630823,3.5770979728,0.8350739690,0.7037872340,25.0000000000,25.0000000000,11.0582463015,1.0000000000,0.0061359232
0.0087800000,1.0471975512,0.0092989060,3.5841326352,0.8350515397,0.7033590251,25.0000000000,25.0000000000,11.0582474230,1.0000000000,0.0061359232
0.0087900000,1.0471975512,0.0093348001,3.5911629964,0.8350271677,0.7029282729,25.0000000000,25.0000000000,11.0582486416,1.0000000000,0.0061359232
0.0088000000,1.0471975512,0.0093707644,3.5981890310,0.8350008438,0.7024949850,25.0000000000,25.0000000000,11.0582499578,1.0000000000,0.0061359232
0.0088100000,1.0471975512,0.0094067989,3.6052107138,0.8349725589,0.7020591690,25.0000000000,25.0000000000,11.0582513721,1.0000000000,0.0061359232
0.0088200000,1.0471975512,0.0094429037,3.6122280196,0.8349423040,0.7016208325,25.0000000000,25.0000000000,11.0582528848,1.0000000000,0.0061359232
0.0088300000,1.0471975512,0.0094790786,3.6192409231,0.8349100703,0.7011799831,25.0000000000,25.0000000000,11.0582544965,1.0000000000,0.0061359232
0.0088400000,1.0471975512,0.0095153235,3.6262493993,0.8348758490,0.7007366283,25.0000000000,25.0000000000,11.0582562076,1.0000000000,0.0061359232
0.0088500000,1.0471975512,0.0095516386,3.6332534233,0.8348396316,0.7002907758,25.0000000000,25.0000000000,11.0582580184,1.0000000000,0.0061359232
0.0088600000,1.0471975512,0.0095880236,3.6402529700,0.8348014097,0.6998424331,25.0000000000,25.0000000000,11.0582599295,1.0000000000,0.0061359232
0.0088700000,1.0471975512,0.0096244786,3.6472480147,0.8347611750,0.6993916078,25.0000000000,25.0000000000,11.0582619412,1.0000000000,0.0061359232
0.0088800000,1.0471975512,0.0096610035,3.6542385326,0.8347189194,0.6989383072,25.0000000000,25.0000000000,11.0582640540,1.0000000000,0.0061359232
0.0088900000,1.0471975512,0.0096975983,3.6612244989,0.8346746348,0.6984825391,25.0000000000,25.0000000000,11.0582662683,1.0000000000,0.0061359232
0.0089000000,1.0471975512,0.0097342629,3.6682058891,0.8346283133,0.6980243109,25.0000000000,25.0000000000,11.0582685843,1.0000000000,0.0061359232
0.0089100000,1.0471975512,0.0097709973,3.6751826787,0.8345799472,0.6975636301,25.0000000000,25.0000000000,11.0582710026,1.0000000000,0.0061359232
0.0089200000,1.0471975512,0.0098078014,3.6821548430,0.8345295289,0.6971005043,25.0000000000,25.0000000000,11.0582735236,1.0000000000,0.0061359232
0.0089300000,1.0471975512,0.0098446752,3.6891223579,0.8344770509,0.6966349408,25.0000000000,25.0000000000,11.0582761475,1.0000000000,0.0061359232
0.0089400000,1.0471975512,0.0098816187,3.6960851989,0.8344225058,0.6961669472,25.0000000000,25.0000000000,11.0582788747,1.0000000000,0.0061359232
0.0089500000,1.0471975512,0.0099186317,3.7030433417,0.8343658864,0.6956965310,25.0000000000,25.0000000000,11.0582817057,1.0000000000,0.0061359232
0.0089600000,1.0471975512,0.0099557143,3.7099967623,0.8343071856,0.6952236996,25.0000000000,25.0000000000,11.0582846407,1.0000000000,0.0061359232
0.0089700000,1.0471975512,0.0099928664,3.7169454365,0.8342463963,0.6947484605,25.0000000000,25.0000000000,11.0582876802,1.0000000000,0.0061359232
0.0089800000,1.0471975512,0.0100300879,3.7238893403,0.8341835118,0.6942708211,25.0000000000,25.0000000000,11.0582908244,1.0000000000,0.0061359232
0.0089900000,1.0471975512,0.0100673789,3.7308284498,0.8341185252,0.6937907888,25.0000000000,25.0000000000,11.0582940737,1.0000000000,0.0061359232
0.0090000000,1.0471975512,0.0101047391,3.7377627410,0.8340514301,0.6933083712,25.0000000000,25.0000000000,11.0582974285,1.0000000000,0.0061359232
0.0090100000,1.0471975512,0.0101421687,3.7446921902,0.8339822198,0.6928235755,25.0000000000,25.0000000000,11.0583008890,1.0000000000,0.0107378655
0.0090200000,1.0471975512,0.0101796676,3.7516167737,0.8339108880,0.6923364092,25.0000000000,25.0000000000,11.0583044556,1.0000000000,0.0107378655
0.0090300000,1.0471975512,0.0102172357,3.7585364678,0.8338374284,0.6918468798,25.0000000000,25.0000000000,11.0583081286,1.0000000000,0.0107378655
0.0090400000,1.0471975512,0.0102548729,3.7654512490,0.8337618350,0.6913549945,25.0000000000,25.0000000000,11.0583119083,1.0000000000,0.0107378655
0.0090500000,1.0471975512,0.0102925792,3.7723610936,0.8336841016,0.6908607608,25.0000000000,25.0000000000,11.0583157949,1.0000000000,0.0107378655
0.0090600000,1.0471975512,0.0103303546,3.7792659784,0.8336042224,0.6903641860,25.0000000000,25.0000000000,11.0583197889,1.0000000000,0.0107378655
0.0090700000,1.0471975512,0.0103681991,3.7861658799,0.8335221915,0.6898652776,25.0000000000,25.0000000000,11.0583238904,1.0000000000,0.0107378655
0.0090800000,1.0471975512,0.0104061124,3.7930607748,0.8334380034,0.6893640428,25.0000000000,25.0000000000,11.0583280998,1.0000000000,0.0107378655
0.0090900000,1.0471975512,0.0104440947,3.7999506401,0.8333516523,0.6888604890,25.0000000000,25.0000000000,11.0583324174,1.0000000000,0.0107378655
0.0091000000,1.0471975512,0.0104821459,3.8068354524,0.8332631330,0.6883546236,25.0000000000,25.0000000000,11.0583368434,1.0000000000,0.0107378655
0.0091100000,1.0471975512,0.0105202658,3.8137151888,0.8331724399,0.6878464539,25.0000000000,25.0000000000,11.0583413780,1.0000000000,0.0107378655
0.0091200000,1.0471975512,0.0105584545,3.8205898263,0.8330795679,0.6873359872,25.0000000000,25.0000000000,11.0583460216,1.0000000000,0.0107378655
0.0091300000,1.0471975512,0.0105967120,3.8274593419,0.8329845119,0.6868232307,25.0000000000,25.0000000000,11.0583507744,1.0000000000,0.0107378655
0.0091400000,1.0471975512,0.0106350380,3.8343237129,0.8328872668,0.6863081919,25.0000000000,25.0000000000,11.0583556367,1.0000000000,0.0107378655
0.0091500000,1.0471975512,0.0106734327,3.8411829163,0.8327878277,0.6857908780,25.0000000000,25.0000000000,11.0583606086,1.0000000000,0.0107378655
0.0091600000,1.0471975512,0.0107118960,3.8480369297,0.8326861898,0.6852712963,25.0000000000,25.0000000000,11.0583656905,1.0000000000,0.0107378655
0.0091700000,1.0471975512,0.0107504277,3.8548857302,0.8325823484,0.6847494541,25.0000000000,25.0000000000,11.0583708826,1.0000000000,0.0107378655
0.0091800000,1.0471975512,0.0107890279,3.8617292955,0.8324762989,0.6842253586,25.0000000000,25.0000000000,11.0583761851,1.0000000000,0.0107378655
0.0091900000,1.0471975512,0.0108276965,3.8685676029,0.8323680367,0.6836990172,25.0000000000,25.0000000000,11.0583815982,1.0000000000,0.0107378655
0.0092000000,1.0471975512,0.0108664334,3.8754006301,0.8322575576,0.6831704370,25.0000000000,25.0000000000,11.0583871221,1.0000000000,0.0107378655
0.0092100000,1.0471975512,0.0109052386,3.8822283548,0.8321448572,0.6826396253,25.0000000000,25.0000000000,11.0583927571,1.0000000000,0.0107378655
0.0092200000,1.0471975512,0.0109441121,3.8890507546,0.8320299313,0.6821065893,25.0000000000,25.0000000000,11.0583985034,1.0000000000,0.0107378655
0.0092300000,1.0471975512,0.0109830537,3.8958678075,0.8319127758,0.6815713363,25.0000000000,25.0000000000,11.0584043612,1.0000000000,0.0107378655
0.0092400000,1.0471975512,0.0110220635,3.9026794913,0.8317933868,0.6810338735,25.0000000000,25.0000000000,11.0584103307,1.0000000000,0.0107378655
0.0092500000,1.0471975512,0.0110611413,3.9094857839,0.8316717602,0.6804942081,25.0000000000,25.0000000000,11.0584164120,1.0000000000,0.0107378655
0.0092600000,1.0471975512,0.0111002872,3.9162866634,0.8315478923,0.6799523473,25.0000000000,25.0000000000,11.0584226054,1.0000000000,0.0107378655
0.0092700000,1.0471975512,0.0111395010,3.9230821079,0.8314217795,0.6794082983,25.0000000000,25.0000000000,11.0584289110,1.0000000000,0.0107378655
0.0092800000,1.0471975512,0.0111787828,3.9298720955,0.8312934180,0.6788620683,25.0000000000,25.0000000000,11.0584353291,1.0000000000,0.0107378655
0.0092900000,1.0471975512,0.0112181324,3.9366566045,0.8311628045,0.6783136644,25.0000000000,25.0000000000,11.0584418598,1.0000000000,0.0107378655
0.0093000000,1.0471975512,0.0112575498,3.9434356132,0.8310299353,0.6777630939,25.0000000000,25.0000000000,11.0584485032,1.0000000000,0.0107378655
0.0093100000,1.0471975512,0.0112970350,3.9502091000,0.8308948073,0.6772103639,25.0000000000,25.0000000000,11.0584552596,1.0000000000,0.0107378655
0.0093200000,1.0471975512,0.0113365878,3.9569770434,0.8307574171,0.6766554816,25.0000000000,25.0000000000,11.0584621291,1.0000000000,0.0107378655
0.0093300000,1.0471975512,0.0113762083,3.9637394218,0.8306177617,0.6760984540,25.0000000000,25.0000000000,11.0584691119,1.0000000000,0.0107378655
0.0093400000,1.0471975512,0.0114158964,3.9704962140,0.8304758379,0.6755392884,25.0000000000,25.0000000000,11.0584762081,1.0000000000,0.0107378655
0.0093500000,1.0471975512,0.0114556520,3.9772473985,0.8303316427,0.6749779919,25.0000000000,25.0000000000,11.0584834179,1.0000000000,0.0107378655
0.0093600000,1.0471975512,0.0114954750,3.9839929541,0.8301851734,0.6744145715,25.0000000000,25.0000000000,11.0584907413,1.0000000000,0.0107378655
0.0093700000,1.0471975512,0.0115353655,3.9907328596,0.8300364271,0.6738490345,25.0000000000,25.0000000000,11.0584981786,1.0000000000,0.0107378655
0.0093800000,1.0471975512,0.0115753234,3.9974670939,0.8298854011,0.6732813878,25.0000000000,25.0000000000,11.0585057299,1.0000000000,0.0107378655
0.0093900000,1.0471975512,0.0116153485,4.0041956360,0.8297320927,0.6727116387,25.0000000000,25.0000000000,11.0585133954,1.0000000000,0.0107378655
0.0094000000,1.0471975512,0.0116554409,4.0109184648,0.8295764995,0.6721397942,25.0000000000,25.0000000000,11.0585211750,1.0000000000,0.0107378655
0.0094100000,1.0471975512,0.0116956004,4.0176355596,0.8294186189,0.6715658614,25.0000000000,25.0000000000,11.0585290691,1.0000000000,0.0107378655
0.0094200000,1.0471975512,0.0117358271,4.0243468994,0.8292584486,0.6709898474,25.0000000000,25.0000000000,11.0585370776,1.0000000000,0.0107378655
0.0094300000,1.0471975512,0.0117761209,4.0310524635,0.8290959864,0.6704117592,25.0000000000,25.0000000000,11.0585452007,1.0000000000,0.0107378655
0.0094400000,1.0471975512,0.0118164817,4.0377522312,0.8289312299,0.6698316038,25.0000000000,25.0000000000,11.0585534385,1.0000000000,0.0107378655
0.0094500000,1.0471975512,0.0118569094,4.0444461819,0.8287641771,0.6692493884,25.0000000000,25.0000000000,11.0585617911,1.0000000000,0.0107378655
0.0094600000,1.0471975512,0.0118974040,4.0511342951,0.8285948260,0.6686651201,25.0000000000,25.0000000000,11.0585702587,1.0000000000,0.0107378655
0.0094700000,1.0471975512,0.0119379655,4.0578165502,0.8284231745,0.6680788057,25.0000000000,25.0000000000,11.0585788413,1.0000000000,0.0107378655
0.0094800000,1.0471975512,0.0119785937,4.0644929269,0.8282492209,0.6674904524,25.0000000000,25.0000000000,11.0585875390,1.0000000000,0.0107378655
0.0094900000,1.0471975512,0.0120192887,4.0711634048,0.8280729632,0.6669000671,25.0000000000,25.0000000000,11.0585963518,1.0000000000,0.0107378655
0.0095000000,1.0471975512,0.0120600503,4.0778279636,0.8278943997,0.6663076570,25.0000000000,25.0000000000,11.0586052800,1.0000000000,0.0107378655
0.0095100000,1.0471975512,0.0121008785,4.0844865832,0.8277135288,0.6657132289,25.0000000000,25.0000000000,11.0586143236,1.0000000000,0.0107378655
0.0095200000,1.0471975512,0.0121417733,4.0911392435,0.8275303490,0.6651167899,25.0000000000,25.0000000000,11.0586234825,1.0000000000,0.0107378655
0.0095300000,1.0471975512,0.0121827346,4.0977859243,0.8273448587,0.6645183470,25.0000000000,25.0000000000,11.0586327571,1.0000000000,0.0107378655
0.0095400000,1.0471975512,0.0122237622,4.1044266057,0.8271570565,0.6639179072,25.0000000000,25.0000000000,11.0586421472,1.0000000000,0.0107378655
0.0095500000,1.0471975512,0.0122648563,4.1110612678,0.8269669410,0.6633154774,25.0000000000,25.0000000000,11.0586516530,1.0000000000,0.0107378655
0.0095600000,1.0471975512,0.0123060166,4.1176898907,0.8267745110,0.6627110646,25.0000000000,25.0000000000,11.0586612745,1.0000000000,0.0107378655
0.0095700000,1.0471975512,0.0123472432,4.1243124547,0.8265797652,0.6621046758,25.0000000000,25.0000000000,11.0586710117,1.0000000000,0.0107378655
0.0095800000,1.0471975512,0.0123885359,4.1309289400,0.8263827026,0.6614963179,25.0000000000,25.0000000000,11.0586808649,1.0000000000,0.0107378655
0.0095900000,1.0471975512,0.0124298948,4.1375393270,0.8261833221,0.6608859979,25.0000000000,25.0000000000,11.0586908339,1.0000000000,0.0107378655
0.0096000000,1.0471975512,0.0124713197,4.1441435961,0.8259816226,0.6602737227,25.0000000000,25.0000000000,11.0587009189,1.0000000000,0.0107378655
0.0096100000,1.0471975512,0.0125128106,4.1507417279,0.8257776033,0.6596594991,25.0000000000,25.0000000000,11.0587111198,1.0000000000,0.0107378655
0.0096200000,1.0471975512,0.0125543675,4.1573337029,0.8255712633,0.6590433343,25.0000000000,25.0000000000,11.0587214368,1.0000000000,0.0107378655
0.0096300000,1.0471975512,0.0125959902,4.1639195017,0.8253626018,0.6584252350,25.0000000000,25.0000000000,11.0587318699,1.0000000000,0.0107378655
0.0096400000,1.0471975512,0.0126376788,4.1704991050,0.8251516181,0.6578052082,25.0000000000,25.0000000000,11.0587424191,1.0000000000,0.0107378655
0.0096500000,1.0471975512,0.0126794331,4.1770724937,0.8249383116,0.6571832607,25.0000000000,25.0000000000,11.0587530844,1.0000000000,0.0107378655
0.0096600000,1.0471975512,0.0127212531,4.1836396485,0.8247226817,0.6565593996,25.0000000000,25.0000000000,11.0587638659,1.0000000000,0.0107378655
0.0096700000,1.0471975512,0.0127631387,4.1902005505,0.8245047279,0.6559336315,25.0000000000,25.0000000000,11.0587747636,1.0000000000,0.0107378655
0.0096800000,1.0471975512,0.0128050898,4.1967551805,0.8242844497,0.6553059635,25.0000000000,25.0000000000,11.0587857775,1.0000000000,0.0107378655
0.0096900000,1.0471975512,0.0128471065,4.2033035196,0.8240618468,0.6546764024,25.0000000000,25.0000000000,11.0587969077,1.0000000000,0.0107378655
0.0097000000,1.0471975512,0.0128891886,4.2098455489,0.8238369188,0.6540449551,25.0000000000,25.0000000000,11.0588081541,1.0000000000,0.0107378655
0.0097100000,1.0471975512,0.0129313361,4.2163812497,0.8236096654,0.6534116283,25.0000000000,25.0000000000,11.0588195167,1.0000000000,0.0107378655
0.0097200000,1.0471975512,0.0129735489,4.2229106031,0.8233800866,0.6527764290,25.0000000000,25.0000000000,11.0588309957,1.0000000000,0.0107378655
0.0097300000,1.0471975512,0.0130158269,4.2294335906,0.8231481822,0.6521393641,25.0000000000,25.0000000000,11.0588425909,1.0000000000,0.0107378655
0.0097400000,1.0471975512,0.0130581701,4.2359501935,0.8229139521,0.6515004402,25.0000000000,25.0000000000,11.0588543024,1.0000000000,0.0107378655
0.0097500000,1.0471975512,0.0131005785,4.2424603932,0.8226773962,0.6508596643,25.0000000000,25.0000000000,11.0588661302,1.0000000000,0.0107378655
0.0097600000,1.0471975512,0.0131430518,4.2489641714,0.8224385148,0.6502170432,25.0000000000,25.0000000000,11.0588780743,1.0000000000,0.0107378655
0.0097700000,1.0471975512,0.0131855902,4.2554615095,0.8221973078,0.6495725837,25.0000000000,25.0000000000,11.0588901346,1.0000000000,0.0107378655
0.0097800000,1.0471975512,0.0132281935,4.2619523893,0.8219537755,0.6489262926,25.0000000000,25.0000000000,11.0589023112,1.0000000000,0.0107378655
0.0097900000,1.0471975512,0.0132708617,4.2684367925,0.8217079181,0.6482781766,25.0000000000,25.0000000000,11.0589146041,1.0000000000,0.0107378655
0.0098000000,1.0471975512,0.0133135946,4.2749147009,0.8214597359,0.6476282426,25.0000000000,25.0000000000,11.0589270132,1.0000000000,0.0107378655
0.0098100000,1.0471975512,0.0133563923,4.2813860963,0.8212092293,0.6469764974,25.0000000000,25.0000000000,11.0589395385,1.0000000000,0.0107378655
0.0098200000,1.0471975512,0.0133992547,4.2878509608,0.8209563986,0.6463229477,25.0000000000,25.0000000000,11.0589521801,1.0000000000,0.0107378655
0.0098300000,1.0471975512,0.0134421816,4.2943092763,0.8207012444,0.6456676003,25.0000000000,25.0000000000,11.0589649378,1.0000000000,0.0107378655
0.0098400000,1.0471975512,0.0134851731,4.3007610249,0.8204437672,0.6450104620,25.0000000000,25.0000000000,11.0589778116,1.0000000000,0.0107378655
0.0098500000,1.0471975512,0.0135282291,4.3072061887,0.8201839675,0.6443515395,25.0000000000,25.0000000000,11.0589908016,1.0000000000,0.0107378655
0.0098600000,1.0471975512,0.0135713494,4.3136447500,0.8199218461,0.6436908395,25.0000000000,25.0000000000,11.0590039077,1.0000000000,0.0107378655
0.0098700000,1.0471975512,0.0136145341,4.3200766909,0.8196574035,0.6430283688,25.0000000000,25.0000000000,11.0590171298,1.0000000000,0.0107378655
0.0098800000,1.0471975512,0.0136577831,4.3265019940,0.8193906406,0.6423641341,25.0000000000,25.0000000000,11.0590304680,1.0000000000,0.0107378655
0.0098900000,1.0471975512,0.0137010962,4.3329206415,0.8191215582,0.6416981422,25.0000000000,25.0000000000,11.0590439221,1.0000000000,0.0107378655
0.0099000000,1.0471975512,0.0137444735,4.3393326159,0.8188501570,0.6410303997,25.0000000000,25.0000000000,11.0590574921,1.0000000000,0.0107378655
0.0099100000,1.0471975512,0.0137879149,4.3457378998,0.8185764381,0.6403609134,25.0000000000,25.0000000000,11.0590711781,1.0000000000,0.0107378655
0.0099200000,1.0471975512,0.0138314203,4.3521364759,0.8183004023,0.6396896900,25.0000000000,25.0000000000,11.0590849799,1.0000000000,0.0107378655
0.0099300000,1.0471975512,0.0138749896,4.3585283267,0.8180220508,0.6390167361,25.0000000000,25.0000000000,11.0590988975,1.0000000000,0.0107378655
0.0099400000,1.0471975512,0.0139186228,4.3649134351,0.8177413845,0.6383420585,25.0000000000,25.0000000000,11.0591129308,1.0000000000,0.0107378655
0.0099500000,1.0471975512,0.0139623197,4.3712917838,0.8174584046,0.6376656638,25.0000000000,25.0000000000,11.0591270798,1.0000000000,0.0107378655
0.0099600000,1.0471975512,0.0140060804,4.3776633557,0.8171731123,0.6369875587,25.0000000000,25.0000000000,11.0591413444,1.0000000000,0.0107378655
0.0099700000,1.0471975512,0.0140499048,4.3840281338,0.8168855088,0.6363077499,25.0000000000,25.0000000000,11.0591557246,1.0000000000,0.0107378655
0.0099800000,1.0471975512,0.0140937928,4.3903861010,0.8165955952,0.6356262440,25.0000000000,25.0000000000,11.0591702202,1.0000000000,0.0107378655
0.0099900000,1.0471975512,0.0141377443,4.3967372405,0.8163033731,0.6349430477,25.0000000000,25.0000000000,11.0591848313,1.0000000000,0.0107378655
0.0100000000,1.0471975512,0.0141817592,4.4030815355,0.8160088437,0.6342581676,25.0000000000,25.0000000000,11.0591995578,1.0000000000,0.0107378655
0.0100100000,1.0471975512,0.0142258376,4.4094189690,0.8157120084,0.6335716103,25.0000000000,25.0000000000,11.0592143996,1.0000000000,0.0138058271
0.0100200000,1.0471975512,0.0142699793,4.4157495244,0.8154128687,0.6328833826,25.0000000000,25.0000000000,11.0592293566,1.0000000000,0.0138058271
0.0100300000,1.0471975512,0.0143141842,4.4220731851,0.8151114261,0.6321934909,25.0000000000,25.0000000000,11.0592444287,1.0000000000,0.0138058271
0.0100400000,1.0471975512,0.0143584523,4.4283899345,0.8148076822,0.6315019420,25.0000000000,25.0000000000,11.0592596159,1.0000000000,0.0138058271
0.0100500000,1.0471975512,0.0144027835,4.4346997559,0.8145016386,0.6308087424,25.0000000000,25.0000000000,11.0592749181,1.0000000000,0.0138058271
0.0100600000,1.0471975512,0.0144471778,4.4410026330,0.8141932969,0.6301138987,25.0000000000,25.0000000000,11.0592903352,1.0000000000,0.0138058271
0.0100700000,1.0471975512,0.0144916351,4.4472985494,0.8138826588,0.6294174175,25.0000000000,25.0000000000,11.0593058671,1.0000000000,0.0138058271
0.0100800000,1.0471975512,0.0145361552,4.4535874888,0.8135697260,0.6287193055,25.0000000000,25.0000000000,11.0593215137,1.0000000000,0.0138058271
0.0100900000,1.0471975512,0.0145807382,4.4598694348,0.8132545004,0.6280195691,25.0000000000,25.0000000000,11.0593372750,1.0000000000,0.0138058271
0.0101000000,1.0471975512,0.0146253840,4.4661443714,0.8129369838,0.6273182150,25.0000000000,25.0000000000,11.0593531508,1.0000000000,0.0138058271
0.0101100000,1.0471975512,0.0146700924,4.4724122823,0.8126171780,0.6266152498,25.0000000000,25.0000000000,11.0593691411,1.0000000000,0.0138058271
0.0101200000,1.0471975512,0.0147148635,4.4786731515,0.8122950850,0.6259106799,25.0000000000,25.0000000000,11.0593852457,1.0000000000,0.0138058271
0.0101300000,1.0471975512,0.0147596971,4.4849269630,0.8119707067,0.6252045119,25.0000000000,25.0000000000,11.0594014647,1.0000000000,0.0138058271
0.0101400000,1.0471975512,0.0148045933,4.4911737010,0.8116440451,0.6244967524,25.0000000000,25.0000000000,11.0594177977,1.0000000000,0.0138058271
0.0101500000,1.0471975512,0.0148495518,4.4974133494,0.8113151023,0.6237874080,25.0000000000,25.0000000000,11.0594342449,1.0000000000,0.0138058271
0.0101600000,1.0471975512,0.0148945727,4.5036458925,0.8109838803,0.6230764850,25.0000000000,25.0000000000,11.0594508060,1.0000000000,0.0138058271
0.0101700000,1.0471975512,0.0149396558,4.5098713146,0.8106503813,0.6223639902,25.0000000000,25.0000000000,11.0594674809,1.0000000000,0.0138058271
0.0101800000,1.0471975512,0.0149848012,4.5160896001,0.8103146074,0.6216499299,25.0000000000,25.0000000000,11.0594842696,1.0000000000,0.0138058271
0.0101900000,1.0471975512,0.0150300087,4.5223007332,0.8099765609,0.6209343107,25.0000000000,25.0000000000,11.0595011720,1.0000000000,0.0138058271
0.0102000000,1.0471975512,0.0150752782,4.5285046985,0.8096362440,0.6202171391,25.0000000000,25.0000000000,11.0595181878,1.0000000000,0.0138058271
0.0102100000,1.0471975512,0.0151206098,4.5347014805,0.8092936589,0.6194984215,25.0000000000,25.0000000000,11.0595353171,1.0000000000,0.0138058271
0.0102200000,1.0471975512,0.0151660032,4.5408910637,0.8089488081,0.6187781646,25.0000000000,25.0000000000,11.0595525596,1.0000000000,0.0138058271
0.0102300000,1.0471975512,0.0152114585,4.5470734329,0.8086016938,0.6180563746,25.0000000000,25.0000000000,11.0595699153,1.0000000000,0.0138058271
0.0102400000,1.0471975512,0.0152569755,4.5532485727,0.8082523186,0.6173330582,25.0000000000,25.0000000000,11.0595873841,1.0000000000,0.0138058271
0.0102500000,1.0471975512,0.0153025543,4.5594164680,0.8079006847,0.6166082218,25.0000000000,25.0000000000,11.0596049658,1.0000000000,0.0138058271
0.0102600000,1.0471975512,0.0153481947,4.5655771035,0.8075467947,0.6158818719,25.0000000000,25.0000000000,11.0596226603,1.0000000000,0.0138058271
0.0102700000,1.0471975512,0.0153938966,4.5717304642,0.8071906512,0.6151540148,25.0000000000,25.0000000000,11.0596404674,1.0000000000,0.0138058271
0.0102800000,1.0471975512,0.0154396600,4.5778765351,0.8068322567,0.6144246570,25.0000000000,25.0000000000,11.0596583872,1.0000000000,0.0138058271
0.0102900000,1.0471975512,0.0154854848,4.5840153013,0.8064716137,0.6136938050,25.0000000000,25.0000000000,11.0596764193,1.0000000000,0.0138058271
0.0103000000,1.0471975512,0.0155313709,4.5901467477,0.8061087249,0.6129614653,25.0000000000,25.0000000000,11.0596945638,1.0000000000,0.0138058271
0.0103100000,1.0471975512,0.0155773183,4.5962708596,0.8057435930,0.6122276441,25.0000000000,25.0000000000,11.0597128204,1.0000000000,0.0138058271
0.0103200000,1.0471975512,0.0156233269,4.6023876222,0.8053762206,0.6114923480,25.0000000000,25.0000000000,11.0597311890,1.0000000000,0.0138058271
0.0103300000,1.0471975512,0.0156693966,4.6084970209,0.8050066105,0.6107555833,25.0000000000,25.0000000000,11.0597496695,1.0000000000,0.0138058271
0.0103400000,1.0471975512,0.0157155274,4.6145990409,0.8046347655,0.6100173565,25.0000000000,25.0000000000,11.0597682617,1.0000000000,0.0138058271
0.0103500000,1.0471975512,0.0157617191,4.6206936678,0.8042606884,0.6092776739,25.0000000000,25.0000000000,11.0597869656,1.0000000000,0.0138058271
0.0103600000,1.0471975512,0.0158079717,4.6267808870,0.8038843819,0.6085365420,25.0000000000,25.0000000000,11.0598057809,1.0000000000,0.0138058271
0.0103700000,1.0471975512,0.0158542851,4.6328606840,0.8035058491,0.6077939670,25.0000000000,25.0000000000,11.0598247075,1.0000000000,0.0138058271
0.0103800000,1.0471975512,0.0159006592,4.6389330444,0.8031250927,0.6070499555,25.0000000000,25.0000000000,11.0598437454,1.0000000000,0.0138058271
0.0103900000,1.0471975512,0.0159470941,4.6449979541,0.8027421157,0.6063045137,25.0000000000,25.0000000000,11.0598628942,1.0000000000,0.0138058271
0.0104000000,1.0471975512,0.0159935895,4.6510553986,0.8023569212,0.6055576480,25.0000000000,25.0000000000,11.0598821539,1.0000000000,0.0138058271
0.0104100000,1.0471975512,0.0160401454,4.6571053638,0.8019695120,0.6048093647,25.0000000000,25.0000000000,11.0599015244,1.0000000000,0.0138058271
0.0104200000,1.0471975512,0.0160867618,4.6631478357,0.8015798913,0.6040596703,25.0000000000,25.0000000000,11.0599210054,1.0000000000,0.0138058271
0.0104300000,1.0471975512,0.0161334385,4.6691828000,0.8011880621,0.6033085710,25.0000000000,25.0000000000,11.0599405969,1.0000000000,0.0138058271
0.0104400000,1.0471975512,0.0161801756,4.6752102428,0.8007940275,0.6025560731,25.0000000000,25.0000000000,11.0599602986,1.0000000000,0.0138058271
0.0104500000,1.0471975512,0.0162269728,4.6812301503,0.8003977906,0.6018021831,25.0000000000,25.0000000000,11.0599801105,1.0000000000,0.0138058271
0.0104600000,1.0471975512,0.0162738302,4.6872425084,0.7999993546,0.6010469071,25.0000000000,25.0000000000,11.0600000323,1.0000000000,0.0138058271
0.0104700000,1.0471975512,0.0163207477,4.6932473034,0.7995987227,0.6002902516,25.0000000000,25.0000000000,11.0600200639,1.0000000000,0.0138058271
0.0104800000,1.0471975512,0.0163677251,4.6992445216,0.7991958981,0.5995322228,25.0000000000,25.0000000000,11.0600402051,1.0000000000,0.0138058271
0.0104900000,1.0471975512,0.0164147625,4.7052341492,0.7987908841,0.5987728269,25.0000000000,25.0000000000,11.0600604558,1.0000000000,0.0138058271
0.0105000000,1.0471975512,0.0164618597,4.7112161726,0.7983836839,0.5980120704,25.0000000000,25.0000000000,11.0600808158,1.0000000000,0.0138058271
0.0105100000,1.0471975512,0.0165090167,4.7171905783,0.7979743009,0.5972499595,25.0000000000,25.0000000000,11.0601012850,1.0000000000,0.0138058271
0.0105200000,1.0471975512,0.0165562334,4.7231573528,0.7975627384,0.5964865004,25.0000000000,25.0000000000,11.0601218631,1.0000000000,0.0138058271
0.0105300000,1.0471975512,0.0166035096,4.7291164827,0.7971489998,0.5957216994,25.0000000000,25.0000000000,11.0601425500,1.0000000000,0.0138058271
0.0105400000,1.0471975512,0.0166508454,4.7350679545,0.7967330884,0.5949555629,25.0000000000,25.0000000000,11.0601633456,1.0000000000,0.0138058271
0.0105500000,1.0471975512,0.0166982407,4.7410117549,0.7963150077,0.5941880969,25.0000000000,25.0000000000,11.0601842496,1.0000000000,0.0138058271
0.0105600000,1.0471975512,0.0167456954,4.7469478708,0.7958947612,0.5934193078,25.0000000000,25.0000000000,11.0602052619,1.0000000000,0.0138058271
0.0105700000,1.0471975512,0.0167932093,4.7528762889,0.7954723523,0.5926492018,25.0000000000,25.0000000000,11.0602263824,1.0000000000,0.0138058271
0.0105800000,1.0471975512,0.0168407825,4.7587969961,0.7950477845,0.5918777852,25.0000000000,25.0000000000,11.0602476108,1.0000000000,0.0138058271
0.0105900000,1.0471975512,0.0168884148,4.7647099794,0.7946210614,0.5911050641,25.0000000000,25.0000000000,11.0602689469,1.0000000000,0.0138058271
0.0106000000,1.0471975512,0.0169361062,4.7706152257,0.7941921866,0.5903310448,25.0000000000,25.0000000000,11.0602903907,1.0000000000,0.0138058271
0.0106100000,1.0471975512,0.0169838566,4.7765127221,0.7937611635,0.5895557334,25.0000000000,25.0000000000,11.0603119418,1.0000000000,0.0138058271
0.0106200000,1.0471975512,0.0170316659,4.7824024558,0.7933279959,0.5887791363,25.0000000000,25.0000000000,11.0603336002,1.0000000000,0.0138058271
0.0106300000,1.0471975512,0.0170795340,4.7882844138,0.7928926874,0.5880012595,25.0000000000,25.0000000000,11.0603553656,1.0000000000,0.0138058271
0.0106400000,1.0471975512,0.0171274609,4.7941585836,0.7924552416,0.5872221093,25.0000000000,25.0000000000,11.0603772379,1.0000000000,0.0138058271
0.0106500000,1.0471975512,0.0171754465,4.8000249524,0.7920156623,0.5864416919,25.0000000000,25.0000000000,11.0603992169,1.0000000000,0.0138058271
0.0106600000,1.0471975512,0.0172234907,4.8058835075,0.7915739531,0.5856600134,25.0000000000,25.0000000000,11.0604213023,1.0000000000,0.0138058271
0.0106700000,1.0471975512,0.0172715934,4.8117342364,0.7911301178,0.5848770800,25.0000000000,25.0000000000,11.0604434941,1.0000000000,0.0138058271
0.0106800000,1.0471975512,0.0173197546,4.8175771266,0.7906841602,0.5840928978,25.0000000000,25.0000000000,11.0604657920,1.0000000000,0.0138058271
0.0106900000,1.0471975512,0.0173679741,4.8234121657,0.7902360840,0.5833074730,25.0000000000,25.0000000000,11.0604881958,1.0000000000,0.0138058271
0.0107000000,1.0471975512,0.0174162520,4.8292393412,0.7897858931,0.5825208118,25.0000000000,25.0000000000,11.0605107053,1.0000000000,0.0138058271
0.0107100000,1.0471975512,0.0174645880,4.8350586409,0.7893335913,0.5817329202,25.0000000000,25.0000000000,11.0605333204,1.0000000000,0.0138058271
0.0107200000,1.0471975512,0.0175129822,4.8408700525,0.7888791825,0.5809438045,25.0000000000,25.0000000000,11.0605560409,1.0000000000,0.0138058271
0.0107300000,1.0471975512,0.0175614344,4.8466735638,0.7884226705,0.5801534707,25.0000000000,25.0000000000,11.0605788665,1.0000000000,0.0138058271
0.0107400000,1.0471975512,0.0176099446,4.8524691627,0.7879640592,0.5793619249,25.0000000000,25.0000000000,11.0606017970,1.0000000000,0.0138058271
0.0107500000,1.0471975512,0.0176585127,4.8582568370,0.7875033527,0.5785691733,25.0000000000,25.0000000000,11.0606248324,1.0000000000,0.0138058271
0.0107600000,1.0471975512,0.0177071387,4.8640365749,0.7870405548,0.5777752219,25.0000000000,25.0000000000,11.0606479723,1.0000000000,0.0138058271
0.0107700000,1.0471975512,0.0177558223,4.8698083643,0.7865756695,0.5769800769,25.0000000000,25.0000000000,11.0606712165,1.0000000000,0.0138058271
0.0107800000,1.0471975512,0.0178045636,4.8755721933,0.7861087008,0.5761837444,25.0000000000,25.0000000000,11.0606945650,1.0000000000,0.0138058271
0.0107900000,1.0471975512,0.0178533625,4.8813280501,0.7856396527,0.5753862303,25.0000000000,25.0000000000,11.0607180174,1.0000000000,0.0138058271
0.0108000000,1.0471975512,0.0179022189,4.8870759230,0.7851685294,0.5745875409,25.0000000000,25.0000000000,11.0607415735,1.0000000000,0.0138058271
0.0108100000,1.0471975512,0.0179511327,4.8928158002,0.7846953347,0.5737876821,25.0000000000,25.0000000000,11.0607652333,1.0000000000,0.0138058271
0.0108200000,1.0471975512,0.0180001039,4.8985476700,0.7842200729,0.5729866600,25.0000000000,25.0000000000,11.0607889964,1.0000000000,0.0138058271
0.0108300000,1.0471975512,0.0180491323,4.9042715210,0.7837427480,0.5721844807,25.0000000000,25.0000000000,11.0608128626,1.0000000000,0.0138058271
0.0108400000,1.0471975512,0.0180982179,4.9099873416,0.7832633641,0.5713811502,25.0000000000,25.0000000000,11.0608368318,1.0000000000,0.0138058271
0.0108500000,1.0471975512,0.0181473606,4.9156951202,0.7827819254,0.5705766745,25.0000000000,25.0000000000,11.0608609037,1.0000000000,0.0138058271
0.0108600000,1.0471975512,0.0181965603,4.9213948456,0.7822984361,0.5697710597,25.0000000000,25.0000000000,11.0608850782,1.0000000000,0.0138058271
0.0108700000,1.0471975512,0.0182458169,4.9270865062,0.7818129003,0.5689643118,25.0000000000,25.0000000000,11.0609093550,1.0000000000,0.0138058271
0.0108800000,1.0471975512,0.0182951304,4.9327700910,0.7813253222,0.5681564369,25.0000000000,25.0000000000,11.0609337339,1.0000000000,0.0138058271
0.0108900000,1.0471975512,0.0183445007,4.9384455886,0.7808357061,0.5673474408,25.0000000000,25.0000000000,11.0609582147,1.0000000000,0.0138058271
0.0109000000,1.0471975512,0.0183939277,4.9441129879,0.7803440562,0.5665373296,25.0000000000,25.0000000000,11.0609827972,1.0000000000,0.0138058271
0.0109100000,1.0471975512,0.0184434112,4.9497722777,0.7798503768,0.5657261094,25.0000000000,25.0000000000,11.0610074812,1.0000000000,0.0138058271
0.0109200000,1.0471975512,0.0184929513,4.9554234471,0.7793546721,0.5649137861,25.0000000000,25.0000000000,11.0610322664,1.0000000000,0.0138058271
0.0109300000,1.0471975512,0.0185425479,4.9610664850,0.7788569464,0.5641003656,25.0000000000,25.0000000000,11.0610571527,1.0000000000,0.0138058271
0.0109400000,1.0471975512,0.0185922008,4.9667013805,0.7783572042,0.5632858540,25.0000000000,25.0000000000,11.0610821398,1.0000000000,0.0138058271
0.0109500000,1.0471975512,0.0186419101,4.9723281227,0.7778554496,0.5624702572,25.0000000000,25.0000000000,11.0611072275,1.0000000000,0.0138058271
0.0109600000,1.0471975512,0.0186916755,4.9779467009,0.7773516870,0.5616535812,25.0000000000,25.0000000000,11.0611324156,1.0000000000,0.0138058271
0.0109700000,1.0471975512,0.0187414970,4.9835571042,0.7768459209,0.5608358318,25.0000000000,25.0000000000,11.0611577040,1.0000000000,0.0138058271
0.0109800000,1.0471975512,0.0187913746,4.9891593221,0.7763381556,0.5600170152,25.0000000000,25.0000000000,11.0611830922,1.0000000000,0.0138058271
0.0109900000,1.0471975512,0.0188413082,4.9947533438,0.7758283955,0.5591971371,25.0000000000,25.0000000000,11.0612085802,1.0000000000,0.0138058271
0.0110000000,1.0471975512,0.0188912976,5.0003391588,0.7753166450,0.5583762036,25.0000000000,25.0000000000,11.0612341677,1.0000000000,0.0138058271
0.0110100000,1.0471975512,0.0189413428,5.0059167567,0.7748029086,0.5575542205,25.0000000000,25.0000000000,11.0612598546,1.0000000000,0.0184077695
0.0110200000,1.0471975512,0.0189914438,5.0114861268,0.7742871908,0.5567311937,25.0000000000,25.0000000000,11.0612856405,1.0000000000,0.0184077695
0.0110300000,1.0471975512,0.0190416004,5.0170472589,0.7737694959,0.5559071292,25.0000000000,25.0000000000,11.0613115252,1.0000000000,0.0184077695
0.0110400000,1.0471975512,0.0190918125,5.0226001426,0.7732498285,0.5550820329,25.0000000000,25.0000000000,11.0613375086,1.0000000000,0.0184077695
0.0110500000,1.0471975512,0.0191420801,5.0281447677,0.7727281932,0.5542559106,25.0000000000,25.0000000000,11.0613635903,1.0000000000,0.0184077695
0.0110600000,1.0471975512,0.0191924031,5.0336811239,0.7722045943,0.5534287682,25.0000000000,25.0000000000,11.0613897703,1.0000000000,0.0184077695
0.0110700000,1.0471975512,0.0192427813,5.0392092010,0.7716790365,0.5526006117,25.0000000000,25.0000000000,11.0614160482,1.0000000000,0.0184077695
0.0110800000,1.0471975512,0.0192932148,5.0447289890,0.7711515243,0.5517714468,25.0000000000,25.0000000000,11.0614424238,1.0000000000,0.0184077695
0.0110900000,1.0471975512,0.0193437035,5.0502404778,0.7706220623,0.5509412795,25.0000000000,25.0000000000,11.0614688969,1.0000000000,0.0184077695
0.0111000000,1.0471975512,0.0193942471,5.0557436575,0.7700906550,0.5501101156,25.0000000000,25.0000000000,11.0614954672,1.0000000000,0.0184077695
0.0111100000,1.0471975512,0.0194448458,5.0612385181,0.7695573071,0.5492779609,25.0000000000,25.0000000000,11.0615221346,1.0000000000,0.0184077695
0.0111200000,1.0471975512,0.0194954993,5.0667250498,0.7690220232,0.5484448213,25.0000000000,25.0000000000,11.0615488988,1.0000000000,0.0184077695
0.0111300000,1.0471975512,0.0195462077,5.0722032427,0.7684848079,0.5476107026,25.0000000000,25.0000000000,11.0615757596,1.0000000000,0.0184077695
0.0111400000,1.0471975512,0.0195969707,5.0776730872,0.7679456658,0.5467756106,25.0000000000,25.0000000000,11.0616027167,1.0000000000,0.0184077695
0.0111500000,1.0471975512,0.0196477884,5.0831345735,0.7674046015,0.5459395512,25.0000000000,25.0000000000,11.0616297699,1.0000000000,0.0184077695
0.0111600000,1.0471975512,0.0196986607,5.0885876919,0.7668616199,0.5451025301,25.0000000000,25.0000000000,11.0616569190,1.0000000000,0.0184077695
0.0111700000,1.0471975512,0.0197495874,5.0940324330,0.7663167255,0.5442645533,25.0000000000,25.0000000000,11.0616841637,1.0000000000,0.0184077695
0.0111800000,1.0471975512,0.0198005685,5.0994687872,0.7657699230,0.5434256264,25.0000000000,25.0000000000,11.0617115038,1.0000000000,0.0184077695
0.0111900000,1.0471975512,0.0198516039,5.1048967450,0.7652212172,0.5425857552,25.0000000000,25.0000000000,11.0617389391,1.0000000000,0.0184077695
0.0112000000,1.0471975512,0.0199026935,5.1103162970,0.7646706128,0.5417449456,25.0000000000,25.0000000000,11.0617664694,1.0000000000,0.0184077695
0.0112100000,1.0471975512,0.0199538373,5.1157274340,0.7641181144,0.5409032032,25.0000000000,25.0000000000,11.0617940943,1.0000000000,0.0184077695
0.0112200000,1.0471975512,0.0200050351,5.1211301466,0.7635637270,0.5400605340,25.0000000000,25.0000000000,11.0618218137,1.0000000000,0.0184077695
0.0112300000,1.0471975512,0.0200562868,5.1265244256,0.7630074551,0.5392169436,25.0000000000,25.0000000000,11.0618496272,1.0000000000,0.0184077695
0.0112400000,1.0471975512,0.0201075925,5.1319102618,0.7624493037,0.5383724377,25.0000000000,25.0000000000,11.0618775348,1.0000000000,0.0184077695
0.0112500000,1.0471975512,0.0201589519,5.1372876461,0.7618892775,0.5375270222,25.0000000000,25.0000000000,11.0619055361,1.0000000000,0.0184077695
0.0112600000,1.0471975512,0.0202103651,5.1426565695,0.7613273812,0.5366807027,25.0000000000,25.0000000000,11.0619336309,1.0000000000,0.0184077695
0.0112700000,1.0471975512,0.0202618318,5.1480170230,0.7607636198,0.5358334851,25.0000000000,25.0000000000,11.0619618190,1.0000000000,0.0184077695
0.0112800000,1.0471975512,0.0203133522,5.1533689975,0.7601979979,0.5349853749,25.0000000000,25.0000000000,11.0619901001,1.0000000000,0.0184077695
0.0112900000,1.0471975512,0.0203649259,5.1587124844,0.7596305206,0.5341363780,25.0000000000,25.0000000000,11.0620184740,1.0000000000,0.0184077695
0.0113000000,1.0471975512,0.0204165531,5.1640474746,0.7590611925,0.5332865000,25.0000000000,25.0000000000,11.0620469404,1.0000000000,0.0184077695
0.0113100000,1.0471975512,0.0204682335,5.1693739595,0.7584900187,0.5324357466,25.0000000000,25.0000000000,11.0620754991,1.0000000000,0.0184077695
0.0113200000,1.0471975512,0.0205199671,5.1746919303,0.7579170039,0.5315841235,25.0000000000,25.0000000000,11.0621041498,1.0000000000,0.0184077695
0.0113300000,1.0471975512,0.0205717539,5.1800013785,0.7573421530,0.5307316365,25.0000000000,25.0000000000,11.0621328924,1.0000000000,0.0184077695
0.0113400000,1.0471975512,0.0206235937,5.1853022953,0.7567654709,0.5298782911,25.0000000000,25.0000000000,11.0621617265,1.0000000000,0.0184077695
0.0113500000,1.0471975512,0.0206754864,5.1905946722,0.7561869626,0.5290240931,25.0000000000,25.0000000000,11.0621906519,1.0000000000,0.0184077695
0.0113600000,1.0471975512,0.0207274320,5.1958785008,0.7556066329,0.5281690481,25.0000000000,25.0000000000,11.0622196684,1.0000000000,0.0184077695
0.0113700000,1.0471975512,0.0207794303,5.2011537727,0.7550244868,0.5273131618,25.0000000000,25.0000000000,11.0622487757,1.0000000000,0.0184077695
0.0113800000,1.0471975512,0.0208314814,5.2064204794,0.7544405291,0.5264564397,25.0000000000,25.0000000000,11.0622779735,1.0000000000,0.0184077695
0.0113900000,1.0471975512,0.0208835850,5.2116786127,0.7538547650,0.5255988877,25.0000000000,25.0000000000,11.0623072618,1.0000000000,0.0184077695
0.0114000000,1.0471975512,0.0209357412,5.2169281643,0.7532671992,0.5247405112,25.0000000000,25.0000000000,11.0623366400,1.0000000000,0.0184077695
0.0114100000,1.0471975512,0.0209879498,5.2221691259,0.7526778368,0.5238813159,25.0000000000,25.0000000000,11.0623661082,1.0000000000,0.0184077695
0.0114200000,1.0471975512,0.0210402107,5.2274014895,0.7520866828,0.5230213074,25.0000000000,25.0000000000,11.0623956659,1.0000000000,0.0184077695
0.0114300000,1.0471975512,0.0210925239,5.2326252470,0.7514937421,0.5221604914,25.0000000000,25.0000000000,11.0624253129,1.0000000000,0.0184077695
0.0114400000,1.0471975512,0.0211448893,5.2378403903,0.7508990197,0.5212988734,25.0000000000,25.0000000000,11.0624550490,1.0000000000,0.0184077695
0.0114500000,1.0471975512,0.0211973067,5.2430469114,0.7503025207,0.5204364590,25.0000000000,25.0000000000,11.0624848740,1.0000000000,0.0184077695
0.0114600000,1.0471975512,0.0212497762,5.2482448024,0.7497042500,0.5195732539,25.0000000000,25.0000000000,11.0625147875,1.0000000000,0.0184077695
0.0114700000,1.0471975512,0.0213022976,5.2534340555,0.7491042127,0.5187092635,25.0000000000,25.0000000000,11.0625447894,1.0000000000,0.0184077695
0.0114800000,1.0471975512,0.0213548708,5.2586146629,0.7485024139,0.5178444935,25.0000000000,25.0000000000,11.0625748793,1.0000000000,0.0184077695
0.0114900000,1.0471975512,0.0214074957,5.2637866167,0.7478988584,0.5169789495,25.0000000000,25.0000000000,11.0626050571,1.0000000000,0.0184077695
0.0115000000,1.0471975512,0.0214601723,5.2689499093,0.7472935515,0.5161126369,25.0000000000,25.0000000000,11.0626353224,1.0000000000,0.0184077695
0.0115100000,1.0471975512,0.0215129005,5.2741045331,0.7466864982,0.5152455614,25.0000000000,25.0000000000,11.0626656751,1.0000000000,0.0184077695
0.0115200000,1.0471975512,0.0215656801,5.2792504805,0.7460777035,0.5143777284,25.0000000000,25.0000000000,11.0626961148,1.0000000000,0.0184077695
0.0115300000,1.0471975512,0.0216185111,5.2843877438,0.7454671725,0.5135091436,25.0000000000,25.0000000000,11.0627266414,1.0000000000,0.0184077695
0.0115400000,1.0471975512,0.0216713935,5.2895163157,0.7448549103,0.5126398123,25.0000000000,25.0000000000,11.0627572545,1.0000000000,0.0184077695
0.0115500000,1.0471975512,0.0217243271,5.2946361888,0.7442409220,0.5117697403,25.0000000000,25.0000000000,11.0627879539,1.0000000000,0.0184077695
0.0115600000,1.0471975512,0.0217773118,5.2997473556,0.7436252126,0.5108989329,25.0000000000,25.0000000000,11.0628187394,1.0000000000,0.0184077695
0.0115700000,1.0471975512,0.0218303475,5.3048498088,0.7430077874,0.5100273956,25.0000000000,25.0000000000,11.0628496106,1.0000000000,0.0184077695
0.0115800000,1.0471975512,0.0218834342,5.3099435413,0.7423886514,0.5091551341,25.0000000000,25.0000000000,11.0628805674,1.0000000000,0.0184077695
0.0115900000,1.0471975512,0.0219365718,5.3150285457,0.7417678097,0.5082821536,25.0000000000,25.0000000000,11.0629116095,1.0000000000,0.0184077695
0.0116000000,1.0471975512,0.0219897602,5.3201048150,0.7411452675,0.5074084598,25.0000000000,25.0000000000,11.0629427366,1.0000000000,0.0184077695
0.0116100000,1.0471975512,0.0220429992,5.3251723420,0.7405210299,0.5065340581,25.0000000000,25.0000000000,11.0629739485,1.0000000000,0.0184077695
0.0116200000,1.0471975512,0.0220962889,5.3302311198,0.7398951021,0.5056589540,25.0000000000,25.0000000000,11.0630052449,1.0000000000,0.0184077695
0.0116300000,1.0471975512,0.0221496291,5.3352811412,0.7392674892,0.5047831529,25.0000000000,25.0000000000,11.0630366255,1.0000000000,0.0184077695
0.0116400000,1.0471975512,0.0222030197,5.3403223995,0.7386381963,0.5039066603,25.0000000000,25.0000000000,11.0630680902,1.0000000000,0.0184077695
0.0116500000,1.0471975512,0.0222564607,5.3453548877,0.7380072287,0.5030294816,25.0000000000,25.0000000000,11.0630996386,1.0000000000,0.0184077695
0.0116600000,1.0471975512,0.0223099519,5.3503785990,0.7373745915,0.5021516223,25.0000000000,25.0000000000,11.0631312704,1.0000000000,0.0184077695
0.0116700000,1.0471975512,0.0223634933,5.3553935266,0.7367402898,0.5012730877,25.0000000000,25.0000000000,11.0631629855,1.0000000000,0.0184077695
0.0116800000,1.0471975512,0.0224170848,5.3603996639,0.7361043290,0.5003938833,25.0000000000,25.0000000000,11.0631947835,1.0000000000,0.0184077695
0.0116900000,1.0471975512,0.0224707263,5.3653970041,0.7354667141,0.4995140146,25.0000000000,25.0000000000,11.0632266643,1.0000000000,0.0184077695
0.0117000000,1.0471975512,0.0225244177,5.3703855407,0.7348274504,0.4986334868,25.0000000000,25.0000000000,11.0632586275,1.0000000000,0.0184077695
0.0117100000,1.0471975512,0.0225781589,5.3753652671,0.7341865431,0.4977523055,25.0000000000,25.0000000000,11.0632906728,1.0000000000,0.0184077695
0.0117200000,1.0471975512,0.0226319498,5.3803361769,0.7335439974,0.4968704759,25.0000000000,25.0000000000,11.0633228001,1.0000000000,0.0184077695
0.0117300000,1.0471975512,0.0226857904,5.3852982635,0.7328998184,0.4959880036,25.0000000000,25.0000000000,11.0633550091,1.0000000000,0.0184077695
0.0117400000,1.0471975512,0.0227396805,5.3902515206,0.7322540115,0.4951048937,25.0000000000,25.0000000000,11.0633872994,1.0000000000,0.0184077695
0.0117500000,1.0471975512,0.0227936201,5.3951959418,0.7316065819,0.4942211518,25.0000000000,25.0000000000,11.0634196709,1.0000000000,0.0184077695
0.0117600000,1.0471975512,0.0228476091,5.4001315210,0.7309575348,0.4933367832,25.0000000000,25.0000000000,11.0634521233,1.0000000000,0.0184077695
0.0117700000,1.0471975512,0.0229016474,5.4050582518,0.7303068753,0.4924517932,25.0000000000,25.0000000000,11.0634846562,1.0000000000,0.0184077695
0.0117800000,1.0471975512,0.0229557349,5.4099761281,0.7296546089,0.4915661872,25.0000000000,25.0000000000,11.0635172696,1.0000000000,0.0184077695
0.0117900000,1.0471975512,0.0230098715,5.4148851437,0.7290007407,0.4906799705,25.0000000000,25.0000000000,11.0635499630,1.0000000000,0.0184077695
0.0118000000,1.0471975512,0.0230640571,5.4197852926,0.7283452760,0.4897931484,25.0000000000,25.0000000000,11.0635827362,1.0000000000,0.0184077695
0.0118100000,1.0471975512,0.0231182916,5.4246765688,0.7276882201,0.4889057262,25.0000000000,25.0000000000,11.0636155890,1.0000000000,0.0184077695
0.0118200000,1.0471975512,0.0231725750,5.4295589663,0.7270295781,0.4880177093,25.0000000000,25.0000000000,11.0636485211,1.0000000000,0.0184077695
0.0118300000,1.0471975512,0.0232269071,5.4344324792,0.7263693555,0.4871291030,25.0000000000,25.0000000000,11.0636815322,1.0000000000,0.0184077695
0.0118400000,1.0471975512,0.0232812880,5.4392971017,0.7257075574,0.4862399125,25.0000000000,25.0000000000,11.0637146221,1.0000000000,0.0184077695
0.0118500000,1.0471975512,0.0233357174,5.4441528279,0.7250441892,0.4853501431,25.0000000000,25.0000000000,11.0637477905,1.0000000000,0.0184077695
0.0118600000,1.0471975512,0.0233901952,5.4489996521,0.7243792561,0.4844598002,25.0000000000,25.0000000000,11.0637810372,1.0000000000,0.0184077695
0.0118700000,1.0471975512,0.0234447215,5.4538375686,0.7237127634,0.4835688890,25.0000000000,25.0000000000,11.0638143618,1.0000000000,0.0184077695
0.0118800000,1.0471975512,0.0234992961,5.4586665718,0.7230447165,0.4826774147,25.0000000000,25.0000000000,11.0638477642,1.0000000000,0.0184077695
0.0118900000,1.0471975512,0.0235539189,5.4634866561,0.7223751205,0.4817853827,25.0000000000,25.0000000000,11.0638812440,1.0000000000,0.0184077695
0.0119000000,1.0471975512,0.0236085899,5.4682978158,0.7217039809,0.4808927981,25.0000000000,25.0000000000,11.0639148010,1.0000000000,0.0184077695
0.0119100000,1.0471975512,0.0236633089,5.4731000457,0.7210313029,0.4799996662,25.0000000000,25.0000000000,11.0639484349,1.0000000000,0.0184077695
0.0119200000,1.0471975512,0.0237180759,5.4778933401,0.7203570918,0.4791059923,25.0000000000,25.0000000000,11.0639821454,1.0000000000,0.0184077695
0.0119300000,1.0471975512,0.0237728907,5.4826776938,0.7196813530,0.4782117816,25.0000000000,25.0000000000,11.0640159324,1.0000000000,0.0184077695
0.0119400000,1.0471975512,0.0238277533,5.4874531014,0.7190040917,0.4773170392,25.0000000000,25.0000000000,11.0640497954,1.0000000000,0.0184077695
0.0119500000,1.0471975512,0.0238826636,5.4922195576,0.7183253134,0.4764217704,25.0000000000,25.0000000000,11.0640837343,1.0000000000,0.0184077695
0.0119600000,1.0471975512,0.0239376214,5.4969770572,0.7176450232,0.4755259804,25.0000000000,25.0000000000,11.0641177488,1.0000000000,0.0184077695
0.0119700000,1.0471975512,0.0239926268,5.5017255950,0.7169632266,0.4746296744,25.0000000000,25.0000000000,11.0641518387,1.0000000000,0.0184077695
0.0119800000,1.0471975512,0.0240476796,5.5064651659,0.7162799289,0.4737328576,25.0000000000,25.0000000000,11.0641860036,1.0000000000,0.0184077695
0.0119900000,1.0471975512,0.0241027798,5.5111957649,0.7155951354,0.4728355351,25.0000000000,25.0000000000,11.0642202432,1.0000000000,0.0184077695
0.0120000000,1.0471975512,0.0241579272,5.5159173869,0.7149088514,0.4719377122,25.0000000000,25.0000000000,11.0642545574,1.0000000000,0.0184077695
0.0120100000,1.0471975512,0.0242131217,5.5206300270,0.7142210824,0.4710393939,25.0000000000,25.0000000000,11.0642889459,1.0000000000,0.0245436926
0.0120200000,1.0471975512,0.0242683633,5.5253336801,0.7135318335,0.4701405855,25.0000000000,25.0000000000,11.0643234083,1.0000000000,0.0245436926
0.0120300000,1.0471975512,0.0243236518,5.5300283416,0.7128411103,0.4692412921,25.0000000000,25.0000000000,11.0643579445,1.0000000000,0.0245436926
0.0120400000,1.0471975512,0.0243789872,5.5347140065,0.7121489180,0.4683415188,25.0000000000,25.0000000000,11.0643925541,1.0000000000,0.0245436926
0.0120500000,1.0471975512,0.0244343695,5.5393906701,0.7114552620,0.4674412708,25.0000000000,25.0000000000,11.0644272369,1.0000000000,0.0245436926
0.0120600000,1.0471975512,0.0244897984,5.5440583278,0.7107601476,0.4665405532,25.0000000000,25.0000000000,11.0644619926,1.0000000000,0.0245436926
0.0120700000,1.0471975512,0.0245452739,5.5487169747,0.7100635803,0.4656393710,25.0000000000,25.0000000000,11.0644968210,1.0000000000,0.0245436926
0.0120800000,1.0471975512,0.0246007960,5.5533666064,0.7093655653,0.4647377295,25.0000000000,25.0000000000,11.0645317217,1.0000000000,0.0245436926
0.0120900000,1.0471975512,0.0246563644,5.5580072182,0.7086661081,0.4638356337,25.0000000000,25.0000000000,11.0645666946,1.0000000000,0.0245436926
0.0121000000,1.0471975512,0.0247119793,5.5626388058,0.7079652140,0.4629330886,25.0000000000,25.0000000000,11.0646017393,1.0000000000,0.0245436926
0.0121100000,1.0471975512,0.0247676403,5.5672613645,0.7072628883,0.4620300995,25.0000000000,25.0000000000,11.0646368556,1.0000000000,0.0245436926
0.0121200000,1.0471975512,0.0248233475,5.5718748901,0.7065591365,0.4611266713,25.0000000000,25.0000000000,11.0646720432,1.0000000000,0.0245436926
0.0121300000,1.0471975512,0.0248791008,5.5764793781,0.7058539639,0.4602228092,25.0000000000,25.0000000000,11.0647073018,1.0000000000,0.0245436926
0.0121400000,1.0471975512,0.0249349001,5.5810748243,0.7051473758,0.4593185181,25.0000000000,25.0000000000,11.0647426312,1.0000000000,0.0245436926
0.0121500000,1.0471975512,0.0249907452,5.5856612244,0.7044393778,0.4584138032,25.0000000000,25.0000000000,11.0647780311,1.0000000000,0.0245436926
0.0121600000,1.0471975512,0.0250466362,5.5902385741,0.7037299751,0.4575086694,25.0000000000,25.0000000000,11.0648135012,1.0000000000,0.0245436926
0.0121700000,1.0471975512,0.0251025728,5.5948068695,0.7030191731,0.4566031219,25.0000000000,25.0000000000,11.0648490413,1.0000000000,0.0245436926
0.0121800000,1.0471975512,0.0251585551,5.5993661063,0.7023069772,0.4556971656,25.0000000000,25.0000000000,11.0648846511,1.0000000000,0.0245436926
0.0121900000,1.0471975512,0.0252145829,5.6039162805,0.7015933929,0.4547908056,25.0000000000,25.0000000000,11.0649203304,1.0000000000,0.0245436926
0.0122000000,1.0471975512,0.0252706561,5.6084573881,0.7008784254,0.4538840469,25.0000000000,25.0000000000,11.0649560787,1.0000000000,0.0245436926
0.0122100000,1.0471975512,0.0253267747,5.6129894252,0.7001620801,0.4529768944,25.0000000000,25.0000000000,11.0649918960,1.0000000000,0.0245436926
0.0122200000,1.0471975512,0.0253829385,5.6175123878,0.6994443625,0.4520693533,25.0000000000,25.0000000000,11.0650277819,1.0000000000,0.0245436926
0.0122300000,1.0471975512,0.0254391475,5.6220262721,0.6987252780,0.4511614284,25.0000000000,25.0000000000,11.0650637361,1.0000000000,0.0245436926
0.0122400000,1.0471975512,0.0254954016,5.6265310744,0.6980048319,0.4502531247,25.0000000000,25.0000000000,11.0650997584,1.0000000000,0.0245436926
0.0122500000,1.0471975512,0.0255517006,5.6310267908,0.6972830296,0.4493444473,25.0000000000,25.0000000000,11.0651358485,1.0000000000,0.0245436926
0.0122600000,1.0471975512,0.0256080445,5.6355134176,0.6965598766,0.4484354011,25.0000000000,25.0000000000,11.0651720062,1.0000000000,0.0245436926
0.0122700000,1.0471975512,0.0256644332,5.6399909513,0.6958353782,0.4475259910,25.0000000000,25.0000000000,11.0652082311,1.0000000000,0.0245436926
0.0122800000,1.0471975512,0.0257208667,5.6444593882,0.6951095397,0.4466162220,25.0000000000,25.0000000000,11.0652445230,1.0000000000,0.0245436926
0.0122900000,1.0471975512,0.0257773447,5.6489187247,0.6943823667,0.4457060991,25.0000000000,25.0000000000,11.0652808817,1.0000000000,0.0245436926
0.0123000000,1.0471975512,0.0258338673,5.6533689573,0.6936538645,0.4447956271,25.0000000000,25.0000000000,11.0653173068,1.0000000000,0.0245436926
0.0123100000,1.0471975512,0.0258904343,5.6578100827,0.6929240385,0.4438848110,25.0000000000,25.0000000000,11.0653537981,1.0000000000,0.0245436926
0.0123200000,1.0471975512,0.0259470456,5.6622420974,0.6921928941,0.4429736557,25.0000000000,25.0000000000,11.0653903553,1.0000000000,0.0245436926
0.0123300000,1.0471975512,0.0260037012,5.6666649980,0.6914604366,0.4420621662,25.0000000000,25.0000000000,11.0654269782,1.0000000000,0.0245436926
0.0123400000,1.0471975512,0.0260604010,5.6710787812,0.6907266716,0.4411503472,25.0000000000,25.0000000000,11.0654636664,1.0000000000,0.0245436926
0.0123500000,1.0471975512,0.0261171448,5.6754834438,0.6899916044,0.4402382038,25.0000000000,25.0000000000,11.0655004198,1.0000000000,0.0245436926
0.0123600000,1.0471975512,0.0261739326,5.6798789825,0.6892552404,0.4393257407,25.0000000000,25.0000000000,11.0655372380,1.0000000000,0.0245436926
0.0123700000,1.0471975512,0.0262307643,5.6842653943,0.6885175849,0.4384129629,25.0000000000,25.0000000000,11.0655741208,1.0000000000,0.0245436926
0.0123800000,1.0471975512,0.0262876398,5.6886426760,0.6877786435,0.4374998753,25.0000000000,25.0000000000,11.0656110678,1.0000000000,0.0245436926
0.0123900000,1.0471975512,0.0263445590,5.6930108245,0.6870384215,0.4365864826,25.0000000000,25.0000000000,11.0656480789,1.0000000000,0.0245436926
0.0124000000,1.0471975512,0.0264015218,5.6973698368,0.6862969242,0.4356727898,25.0000000000,25.0000000000,11.0656851538,1.0000000000,0.0245436926
0.0124100000,1.0471975512,0.0264585281,5.7017197100,0.6855541572,0.4347588017,25.0000000000,25.0000000000,11.0657222921,1.0000000000,0.0245436926
0.0124200000,1.0471975512,0.0265155779,5.7060604411,0.6848101258,0.4338445232,25.0000000000,25.0000000000,11.0657594937,1.0000000000,0.0245436926
0.0124300000,1.0471975512,0.0265726710,5.7103920272,0.6840648354,0.4329299590,25.0000000000,25.0000000000,11.0657967582,1.0000000000,0.0245436926
0.0124400000,1.0471975512,0.0266298073,5.7147144657,0.6833182914,0.4320151139,25.0000000000,25.0000000000,11.0658340854,1.0000000000,0.0245436926
0.0124500000,1.0471975512,0.0266869868,5.7190277536,0.6825704992,0.4310999929,25.0000000000,25.0000000000,11.0658714750,1.0000000000,0.0245436926
0.0124600000,1.0471975512,0.0267442094,5.7233318882,0.6818214642,0.4301846006,25.0000000000,25.0000000000,11.0659089268,1.0000000000,0.0245436926
0.0124700000,1.0471975512,0.0268014749,5.7276268670,0.6810711918,0.4292689420,25.0000000000,25.0000000000,11.0659464404,1.0000000000,0.0245436926
0.0124800000,1.0471975512,0.0268587834,5.7319126871,0.6803196874,0.4283530217,25.0000000000,25.0000000000,11.0659840156,1.0000000000,0.0245436926
0.0124900000,1.0471975512,0.0269161346,5.7361893462,0.6795669564,0.4274368446,25.0000000000,25.0000000000,11.0660216522,1.0000000000,0.0245436926
0.0125000000,1.0471975512,0.0269735285,5.7404568416,0.6788130042,0.4265204154,25.0000000000,25.0000000000,11.0660593498,1.0000000000,0.0245436926
0.0125100000,1.0471975512,0.0270309650,5.7447151708,0.6780578362,0.4256037388,25.0000000000,25.0000000000,11.0660971082,1.0000000000,0.0245436926
0.0125200000,1.0471975512,0.0270884440,5.7489643314,0.6773014579,0.4246868198,25.0000000000,25.0000000000,11.0661349271,1.0000000000,0.0245436926
0.0125300000,1.0471975512,0.0271459655,5.7532043211,0.6765438745,0.4237696629,25.0000000000,25.0000000000,11.0661728063,1.0000000000,0.0245436926
0.0125400000,1.0471975512,0.0272035292,5.7574351375,0.6757850915,0.4228522730,25.0000000000,25.0000000000,11.0662107454,1.0000000000,0.0245436926
0.0125500000,1.0471975512,0.0272611353,5.7616567782,0.6750251143,0.4219346547,25.0000000000,25.0000000000,11.0662487443,1.0000000000,0.0245436926
0.0125600000,1.0471975512,0.0273187834,5.7658692411,0.6742639483,0.4210168128,25.0000000000,25.0000000000,11.0662868026,1.0000000000,0.0245436926
0.0125700000,1.0471975512,0.0273764736,5.7700725239,0.6735015988,0.4200987520,25.0000000000,25.0000000000,11.0663249201,1.0000000000,0.0245436926
0.0125800000,1.0471975512,0.0274342058,5.7742666245,0.6727380714,0.4191804770,25.0000000000,25.0000000000,11.0663630964,1.0000000000,0.0245436926
0.0125900000,1.0471975512,0.0274919799,5.7784515407,0.6719733713,0.4182619925,25.0000000000,25.0000000000,11.0664013314,1.0000000000,0.0245436926
0.0126000000,1.0471975512,0.0275497957,5.7826272706,0.6712075039,0.4173433032,25.0000000000,25.0000000000,11.0664396248,1.0000000000,0.0245436926
0.0126100000,1.0471975512,0.0276076533,5.7867938121,0.6704404747,0.4164244138,25.0000000000,25.0000000000,11.0664779763,1.0000000000,0.0245436926
0.0126200000,1.0471975512,0.0276655524,5.7909511632,0.6696722890,0.4155053289,25.0000000000,25.0000000000,11.0665163856,1.0000000000,0.0245436926
0.0126300000,1.0471975512,0.0277234930,5.7950993221,0.6689029522,0.4145860532,25.0000000000,25.0000000000,11.0665548524,1.0000000000,0.0245436926
0.0126400000,1.0471975512,0.0277814751,5.7992382867,0.6681324697,0.4136665915,25.0000000000,25.0000000000,11.0665933765,1.0000000000,0.0245436926
0.0126500000,1.0471975512,0.0278394984,5.8033680554,0.6673608468,0.4127469482,25.0000000000,25.0000000000,11.0666319577,1.0000000000,0.0245436926
0.0126600000,1.0471975512,0.0278975630,5.8074886264,0.6665880891,0.4118271281,25.0000000000,25.0000000000,11.0666705955,1.0000000000,0.0245436926
0.0126700000,1.0471975512,0.0279556687,5.8115999978,0.6658142018,0.4109071358,25.0000000000,25.0000000000,11.0667092899,1.0000000000,0.0245436926
0.0126800000,1.0471975512,0.0280138155,5.8157021681,0.6650391903,0.4099869759,25.0000000000,25.0000000000,11.0667480405,1.0000000000,0.0245436926
0.0126900000,1.0471975512,0.0280720032,5.8197951355,0.6642630600,0.4090666530,25.0000000000,25.0000000000,11.0667868470,1.0000000000,0.0245436926
0.0127000000,1.0471975512,0.0281302318,5.8238788985,0.6634858163,0.4081461718,25.0000000000,25.0000000000,11.0668257092,1.0000000000,0.0245436926
0.0127100000,1.0471975512,0.0281885012,5.8279534556,0.6627074645,0.4072255368,25.0000000000,25.0000000000,11.0668646268,1.0000000000,0.0245436926
0.0127200000,1.0471975512,0.0282468112,5.8320188052,0.6619280101,0.4063047526,25.0000000000,25.0000000000,11.0669035995,1.0000000000,0.0245436926
0.0127300000,1.0471975512,0.0283051618,5.8360749458,0.6611474583,0.4053838239,25.0000000000,25.0000000000,11.0669426271,1.0000000000,0.0245436926
0.0127400000,1.0471975512,0.0283635529,5.8401218761,0.6603658147,0.4044627552,25.0000000000,25.0000000000,11.0669817093,1.0000000000,0.0245436926
0.0127500000,1.0471975512,0.0284219844,5.8441595947,0.6595830844,0.4035415510,25.0000000000,25.0000000000,11.0670208458,1.0000000000,0.0245436926
0.0127600000,1.0471975512,0.0284804562,5.8481881003,0.6587992729,0.4026202159,25.0000000000,25.0000000000,11.0670600364,1.0000000000,0.0245436926
0.0127700000,1.0471975512,0.0285389683,5.8522073916,0.6580143856,0.4016987545,25.0000000000,25.0000000000,11.0670992807,1.0000000000,0.0245436926
0.0127800000,1.0471975512,0.0285975204,5.8562174673,0.6572284278,0.4007771714,25.0000000000,25.0000000000,11.0671385786,1.0000000000,0.0245436926
0.0127900000,1.0471975512,0.0286561126,5.8602183264,0.6564414049,0.3998554709,25.0000000000,25.0000000000,11.0671779298,1.0000000000,0.0245436926
0.0128000000,1.0471975512,0.0287147447,5.8642099676,0.6556533222,0.3989336578,25.0000000000,25.0000000000,11.0672173339,1.0000000000,0.0245436926
0.0128100000,1.0471975512,0.0287734167,5.8681923898,0.6548641851,0.3980117364,25.0000000000,25.0000000000,11.0672567907,1.0000000000,0.0245436926
0.0128200000,1.0471975512,0.0288321284,5.8721655920,0.6540739989,0.3970897113,25.0000000000,25.0000000000,11.0672963001,1.0000000000,0.0245436926
0.0128300000,1.0471975512,0.0288908798,5.8761295733,0.6532827691,0.3961675871,25.0000000000,25.0000000000,11.0673358615,1.0000000000,0.0245436926
0.0128400000,1.0471975512,0.0289496708,5.8800843326,0.6524905008,0.3952453681,25.0000000000,25.0000000000,11.0673754750,1.0000000000,0.0245436926
0.0128500000,1.0471975512,0.0290085012,5.8840298690,0.6516971995,0.3943230589,25.0000000000,25.0000000000,11.0674151400,1.0000000000,0.0245436926
0.0128600000,1.0471975512,0.0290673711,5.8879661816,0.6509028706,0.3934006639,25.0000000000,25.0000000000,11.0674548565,1.0000000000,0.0245436926
0.0128700000,1.0471975512,0.0291262802,5.8918932698,0.6501075193,0.3924781877,25.0000000000,25.0000000000,11.0674946240,1.0000000000,0.0245436926
0.0128800000,1.0471975512,0.0291852285,5.8958111325,0.6493111510,0.3915556347,25.0000000000,25.0000000000,11.0675344425,1.0000000000,0.0245436926
0.0128900000,1.0471975512,0.0292442159,5.8997197692,0.6485137710,0.3906330093,25.0000000000,25.0000000000,11.0675743114,1.0000000000,0.0245436926
0.0129000000,1.0471975512,0.0293032424,5.9036191792,0.6477153847,0.3897103159,25.0000000000,25.0000000000,11.0676142308,1.0000000000,0.0245436926
0.0129100000,1.0471975512,0.0293623078,5.9075093617,0.6469159974,0.3887875591,25.0000000000,25.0000000000,11.0676542001,1.0000000000,0.0245436926
0.0129200000,1.0471975512,0.0294214120,5.9113903162,0.6461156144,0.3878647432,25.0000000000,25.0000000000,11.0676942193,1.0000000000,0.0245436926
0.0129300000,1.0471975512,0.0294805549,5.9152620421,0.6453142411,0.3869418727,25.0000000000,25.0000000000,11.0677342879,1.0000000000,0.0245436926
0.0129400000,1.0471975512,0.0295397365,5.9191245390,0.6445118827,0.3860189520,25.0000000000,25.0000000000,11.0677744059,1.0000000000,0.0245436926
0.0129500000,1.0471975512,0.0295989567,5.9229778063,0.6437085446,0.3850959854,25.0000000000,25.0000000000,11.0678145728,1.0000000000,0.0245436926
0.0129600000,1.0471975512,0.0296582153,5.9268218436,0.6429042320,0.3841729774,25.0000000000,25.0000000000,11.0678547884,1.0000000000,0.0245436926
0.0129700000,1.0471975512,0.0297175123,5.9306566506,0.6420989504,0.3832499323,25.0000000000,25.0000000000,11.0678950525,1.0000000000,0.0245436926
0.0129800000,1.0471975512,0.0297768475,5.9344822268,0.6412927050,0.3823268546,25.0000000000,25.0000000000,11.0679353647,1.0000000000,0.0245436926
0.0129900000,1.0471975512,0.0298362210,5.9382985721,0.6404855012,0.3814037485,25.0000000000,25.0000000000,11.0679757249,1.0000000000,0.0245436926
0.0130000000,1.0471975512,0.0298956325,5.9421056861,0.6396773441,0.3804806186,25.0000000000,25.0000000000,11.0680161328,1.0000000000,0.0245436926
0.0130100000,1.0471975512,0.0299550821,5.9459035687,0.6388682392,0.3795574690,25.0000000000,25.0000000000,11.0680565880,1.0000000000,0.0291456350
0.0130200000,1.0471975512,0.0300145695,5.9496922197,0.6380581917,0.3786343042,25.0000000000,25.0000000000,11.0680970904,1.0000000000,0.0291456350
0.0130300000,1.0471975512,0.0300740948,5.9534716389,0.6372472069,0.3777111284,25.0000000000,25.0000000000,11.0681376397,1.0000000000,0.0291456350
0.0130400000,1.0471975512,0.0301336578,5.9572418263,0.6364352902,0.3767879461,25.0000000000,25.0000000000,11.0681782355,1.0000000000,0.0291456350
0.0130500000,1.0471975512,0.0301932584,5.9610027819,0.6356224467,0.3758647615,25.0000000000,25.0000000000,11.0682188777,1.0000000000,0.0291456350
0.0130600000,1.0471975512,0.0302528966,5.9647545056,0.6348086818,0.3749415790,25.0000000000,25.0000000000,11.0682595659,1.0000000000,0.0291456350
0.0130700000,1.0471975512,0.0303125722,5.9684969976,0.6339940007,0.3740184028,25.0000000000,25.0000000000,11.0683003000,1.0000000000,0.0291456350
0.0130800000,1.0471975512,0.0303722852,5.9722302579,0.6331784088,0.3730952372,25.0000000000,25.0000000000,11.0683410796,1.0000000000,0.0291456350
0.0130900000,1.0471975512,0.0304320354,5.9759542866,0.6323619113,0.3721720866,25.0000000000,25.0000000000,11.0683819044,1.0000000000,0.0291456350
0.0131000000,1.0471975512,0.0304918228,5.9796690840,0.6315445134,0.3712489552,25.0000000000,25.0000000000,11.0684227743,1.0000000000,0.0291456350
0.0131100000,1.0471975512,0.0305516473,5.9833746502,0.6307262205,0.3703258472,25.0000000000,25.0000000000,11.0684636890,1.0000000000,0.0291456350
0.0131200000,1.0471975512,0.0306115088,5.9870709855,0.6299070378,0.3694027670,25.0000000000,25.0000000000,11.0685046481,1.0000000000,0.0291456350
0.0131300000,1.0471975512,0.0306714072,5.9907580903,0.6290869706,0.3684797187,25.0000000000,25.0000000000,11.0685456515,1.0000000000,0.0291456350
0.0131400000,1.0471975512,0.0307313423,5.9944359649,0.6282660240,0.3675567067,25.0000000000,25.0000000000,11.0685866988,1.0000000000,0.0291456350
0.0131500000,1.0471975512,0.0307913142,5.9981046097,0.6274442035,0.3666337352,25.0000000000,25.0000000000,11.0686277898,1.0000000000,0.0291456350
0.0131600000,1.0471975512,0.0308513227,6.0017640250,0.6266215141,0.3657108084,25.0000000000,25.0000000000,11.0686689243,1.0000000000,0.0291456350
0.0131700000,1.0471975512,0.0309113677,6.0054142115,0.6257979613,0.3647879304,25.0000000000,25.0000000000,11.0687101019,1.0000000000,0.0291456350
0.0131800000,1.0471975512,0.0309714492,6.0090551696,0.6249735501,0.3638651056,25.0000000000,25.0000000000,11.0687513225,1.0000000000,0.0291456350
0.0131900000,1.0471975512,0.0310315670,6.0126868998,0.6241482858,0.3629423381,25.0000000000,25.0000000000,11.0687925857,1.0000000000,0.0291456350
0.0132000000,1.0471975512,0.0310917210,6.0163094029,0.6233221738,0.3620196321,25.0000000000,25.0000000000,11.0688338913,1.0000000000,0.0291456350
0.0132100000,1.0471975512,0.0311519112,6.0199226794,0.6224952191,0.3610969919,25.0000000000,25.0000000000,11.0688752390,1.0000000000,0.0291456350
0.0132200000,1.0471975512,0.0312121375,6.0235267300,0.6216674271,0.3601744215,25.0000000000,25.0000000000,11.0689166286,1.0000000000,0.0291456350
0.0132300000,1.0471975512,0.0312723997,6.0271215554,0.6208388028,0.3592519251,25.0000000000,25.0000000000,11.0689580599,1.0000000000,0.0291456350
0.0132400000,1.0471975512,0.0313326978,6.0307071565,0.6200093517,0.3583295070,25.0000000000,25.0000000000,11.0689995324,1.0000000000,0.0291456350
0.0132500000,1.0471975512,0.0313930317,6.0342835340,0.6191790788,0.3574071712,25.0000000000,25.0000000000,11.0690410461,1.0000000000,0.0291456350
0.0132600000,1.0471975512,0.0314534013,6.0378506888,0.6183479894,0.3564849220,25.0000000000,25.0000000000,11.0690826005,1.0000000000,0.0291456350
0.0132700000,1.0471975512,0.0315138065,6.0414086217,0.6175160887,0.3555627634,25.0000000000,25.0000000000,11.0691241956,1.0000000000,0.0291456350
0.0132800000,1.0471975512,0.0315742472,6.0449573338,0.6166833819,0.3546406995,25.0000000000,25.0000000000,11.0691658309,1.0000000000,0.0291456350
0.0132900000,1.0471975512,0.0316347234,6.0484968260,0.6158498742,0.3537187345,25.0000000000,25.0000000000,11.0692075063,1.0000000000,0.0291456350
0.0133000000,1.0471975512,0.0316952348,6.0520270993,0.6150155707,0.3527968726,25.0000000000,25.0000000000,11.0692492215,1.0000000000,0.0291456350
0.0133100000,1.0471975512,0.0317557815,6.0555481548,0.6141804767,0.3518751177,25.0000000000,25.0000000000,11.0692909762,1.0000000000,0.0291456350
0.0133200000,1.0471975512,0.0318163633,6.0590599936,0.6133445973,0.3509534740,25.0000000000,25.0000000000,11.0693327701,1.0000000000,0.0291456350
0.0133300000,1.0471975512,0.0318769802,6.0625626168,0.6125079378,0.3500319456,25.0000000000,25.0000000000,11.0693746031,1.0000000000,0.0291456350
0.0133400000,1.0471975512,0.0319376320,6.0660560256,0.6116705032,0.3491105365,25.0000000000,25.0000000000,11.0694164748,1.0000000000,0.0291456350
0.0133500000,1.0471975512,0.0319983187,6.0695402213,0.6108322988,0.3481892509,25.0000000000,25.0000000000,11.0694583851,1.0000000000,0.0291456350
0.0133600000,1.0471975512,0.0320590402,6.0730152050,0.6099933298,0.3472680927,25.0000000000,25.0000000000,11.0695003335,1.0000000000,0.0291456350
0.0133700000,1.0471975512,0.0321197964,6.0764809781,0.6091536012,0.3463470661,25.0000000000,25.0000000000,11.0695423199,1.0000000000,0.0291456350
0.0133800000,1.0471975512,0.0321805871,6.0799375420,0.6083131183,0.3454261750,25.0000000000,25.0000000000,11.0695843441,1.0000000000,0.0291456350
0.0133900000,1.0471975512,0.0322414123,6.0833848981,0.6074718862,0.3445054236,25.0000000000,25.0000000000,11.0696264057,1.0000000000,0.0291456350
0.0134000000,1.0471975512,0.0323022720,6.0868230477,0.6066299101,0.3435848158,25.0000000000,25.0000000000,11.0696685045,1.0000000000,0.0291456350
0.0134100000,1.0471975512,0.0323631659,6.0902519923,0.6057871950,0.3426643556,25.0000000000,25.0000000000,11.0697106402,1.0000000000,0.0291456350
0.0134200000,1.0471975512,0.0324240941,6.0936717334,0.6049437462,0.3417440471,25.0000000000,25.0000000000,11.0697528127,1.0000000000,0.0291456350
0.0134300000,1.0471975512,0.0324850564,6.0970822726,0.6040995688,0.3408238943,25.0000000000,25.0000000000,11.0697950216,1.0000000000,0.0291456350
0.0134400000,1.0471975512,0.0325460527,6.1004836115,0.6032546678,0.3399039011,25.0000000000,25.0000000000,11.0698372666,1.0000000000,0.0291456350
0.0134500000,1.0471975512,0.0326070830,6.1038757517,0.6024090484,0.3389840716,25.0000000000,25.0000000000,11.0698795476,1.0000000000,0.0291456350
0.0134600000,1.0471975512,0.0326681472,6.1072586949,0.6015627158,0.3380644097,25.0000000000,25.0000000000,11.0699218642,1.0000000000,0.0291456350
0.0134700000,1.0471975512,0.0327292451,6.1106324427,0.6007156751,0.3371449193,25.0000000000,25.0000000000,11.0699642162,1.0000000000,0.0291456350
0.0134800000,1.0471975512,0.0327903766,6.1139969969,0.5998679313,0.3362256045,25.0000000000,25.0000000000,11.0700066034,1.0000000000,0.0291456350
0.0134900000,1.0471975512,0.0328515418,6.1173523593,0.5990194896,0.3353064692,25.0000000000,25.0000000000,11.0700490255,1.0000000000,0.0291456350
0.0135000000,1.0471975512,0.0329127404,6.1206985317,0.5981703550,0.3343875173,25.0000000000,25.0000000000,11.0700914822,1.0000000000,0.0291456350
0.0135100000,1.0471975512,0.0329739724,6.1240355161,0.5973205327,0.3334687528,25.0000000000,25.0000000000,11.0701339734,1.0000000000,0.0291456350
0.0135200000,1.0471975512,0.0330352377,6.1273633142,0.5964700278,0.3325501796,25.0000000000,25.0000000000,11.0701764986,1.0000000000,0.0291456350
0.0135300000,1.0471975512,0.0330965363,6.1306819280,0.5956188453,0.3316318016,25.0000000000,25.0000000000,11.0702190577,1.0000000000,0.0291456350
0.0135400000,1.0471975512,0.0331578679,6.1339913596,0.5947669903,0.3307136227,25.0000000000,25.0000000000,11.0702616505,1.0000000000,0.0291456350
0.0135500000,1.0471975512,0.0332192326,6.1372916108,0.5939144679,0.3297956469,25.0000000000,25.0000000000,11.0703042766,1.0000000000,0.0291456350
0.0135600000,1.0471975512,0.0332806302,6.1405826839,0.5930612832,0.3288778779,25.0000000000,25.0000000000,11.0703469358,1.0000000000,0.0291456350
0.0135700000,1.0471975512,0.0333420606,6.1438645809,0.5922074412,0.3279603197,25.0000000000,25.0000000000,11.0703896279,1.0000000000,0.0291456350
0.0135800000,1.0471975512,0.0334035238,6.1471373039,0.5913529470,0.3270429762,25.0000000000,25.0000000000,11.0704323526,1.0000000000,0.0291456350
0.0135900000,1.0471975512,0.0334650197,6.1504008550,0.5904978057,0.3261258513,25.0000000000,25.0000000000,11.0704751097,1.0000000000,0.0291456350
0.0136000000,1.0471975512,0.0335265481,6.1536552367,0.5896420223,0.3252089487,25.0000000000,25.0000000000,11.0705178989,1.0000000000,0.0291456350
0.0136100000,1.0471975512,0.0335881090,6.1569004509,0.5887856018,0.3242922723,25.0000000000,25.0000000000,11.0705607199,1.0000000000,0.0291456350
0.0136200000,1.0471975512,0.0336497023,6.1601365002,0.5879285492,0.3233758261,25.0000000000,25.0000000000,11.0706035725,1.0000000000,0.0291456350
0.0136300000,1.0471975512,0.0337113279,6.1633633867,0.5870708697,0.3224596137,25.0000000000,25.0000000000,11.0706464565,1.0000000000,0.0291456350
0.0136400000,1.0471975512,0.0337729856,6.1665811129,0.5862125683,0.3215436391,25.0000000000,25.0000000000,11.0706893716,1.0000000000,0.0291456350
0.0136500000,1.0471975512,0.0338346755,6.1697896811,0.5853536499,0.3206279061,25.0000000000,25.0000000000,11.0707323175,1.0000000000,0.0291456350
0.0136600000,1.0471975512,0.0338963974,6.1729890938,0.5844941196,0.3197124184,25.0000000000,25.0000000000,11.0707752940,1.0000000000,0.0291456350
0.0136700000,1.0471975512,0.0339581512,6.1761793536,0.5836339824,0.3187971798,25.0000000000,25.0000000000,11.0708183009,1.0000000000,0.0291456350
0.0136800000,1.0471975512,0.0340199369,6.1793604628,0.5827732433,0.3178821942,25.0000000000,25.0000000000,11.0708613378,1.0000000000,0.0291456350
0.0136900000,1.0471975512,0.0340817543,6.1825324241,0.5819119073,0.3169674654,25.0000000000,25.0000000000,11.0709044046,1.0000000000,0.0291456350
0.0137000000,1.0471975512,0.0341436033,6.1856952401,0.5810499795,0.3160529970,25.0000000000,25.0000000000,11.0709475010,1.0000000000,0.0291456350
0.0137100000,1.0471975512,0.0342054839,6.1888489134,0.5801874647,0.3151387929,25.0000000000,25.0000000000,11.0709906268,1.0000000000,0.0291456350
0.0137200000,1.0471975512,0.0342673960,6.1919934466,0.5793243680,0.3142248569,25.0000000000,25.0000000000,11.0710337816,1.0000000000,0.0291456350
0.0137300000,1.0471975512,0.0343293395,6.1951288425,0.5784606944,0.3133111926,25.0000000000,25.0000000000,11.0710769653,1.0000000000,0.0291456350
0.0137400000,1.0471975512,0.0343913142,6.1982551039,0.5775964489,0.3123978038,25.0000000000,25.0000000000,11.0711201776,1.0000000000,0.0291456350
0.0137500000,1.0471975512,0.0344533202,6.2013722334,0.5767316363,0.3114846943,25.0000000000,25.0000000000,11.0711634182,1.0000000000,0.0291456350
0.0137600000,1.0471975512,0.0345153572,6.2044802340,0.5758662618,0.3105718677,25.0000000000,25.0000000000,11.0712066869,1.0000000000,0.0291456350
0.0137700000,1.0471975512,0.0345774252,6.2075791084,0.5750003301,0.3096593278,25.0000000000,25.0000000000,11.0712499835,1.0000000000,0.0291456350
0.0137800000,1.0471975512,0.0346395242,6.2106688597,0.5741338464,0.3087470783,25.0000000000,25.0000000000,11.0712933077,1.0000000000,0.0291456350
0.0137900000,1.0471975512,0.0347016540,6.2137494906,0.5732668155,0.3078351229,25.0000000000,25.0000000000,11.0713366592,1.0000000000,0.0291456350
0.0138000000,1.0471975512,0.0347638146,6.2168210042,0.5723992423,0.3069234652,25.0000000000,25.0000000000,11.0713800379,1.0000000000,0.0291456350
0.0138100000,1.0471975512,0.0348260057,6.2198834035,0.5715311319,0.3060121090,25.0000000000,25.0000000000,11.0714234434,1.0000000000,0.0291456350
0.0138200000,1.0471975512,0.0348882275,6.2229366915,0.5706624892,0.3051010580,25.0000000000,25.0000000000,11.0714668755,1.0000000000,0.0291456350
0.0138300000,1.0471975512,0.0349504797,6.2259808713,0.5697933190,0.3041903157,25.0000000000,25.0000000000,11.0715103341,1.0000000000,0.0291456350
0.0138400000,1.0471975512,0.0350127623,6.2290159461,0.5689236262,0.3032798858,25.0000000000,25.0000000000,11.0715538187,1.0000000000,0.0291456350
0.0138500000,1.0471975512,0.0350750751,6.2320419189,0.5680534159,0.3023697721,25.0000000000,25.0000000000,11.0715973292,1.0000000000,0.0291456350
0.0138600000,1.0471975512,0.0351374182,6.2350587929,0.5671826929,0.3014599781,25.0000000000,25.0000000000,11.0716408654,1.0000000000,0.0291456350
0.0138700000,1.0471975512,0.0351997913,6.2380665715,0.5663114621,0.3005505074,25.0000000000,25.0000000000,11.0716844269,1.0000000000,0.0291456350
0.0138800000,1.0471975512,0.0352621945,6.2410652578,0.5654397285,0.2996413637,25.0000000000,25.0000000000,11.0717280136,1.0000000000,0.0291456350
0.0138900000,1.0471975512,0.0353246276,6.2440548551,0.5645674968,0.2987325506,25.0000000000,25.0000000000,11.0717716252,1.0000000000,0.0291456350
0.0139000000,1.0471975512,0.0353870905,6.2470353668,0.5636947720,0.2978240717,25.0000000000,25.0000000000,11.0718152614,1.0000000000,0.0291456350
0.0139100000,1.0471975512,0.0354495831,6.2500067963,0.5628215589,0.2969159306,25.0000000000,25.0000000000,11.0718589221,1.0000000000,0.0291456350
0.0139200000,1.0471975512,0.0355121054,6.2529691469,0.5619478625,0.2960081309,25.0000000000,25.0000000000,11.0719026069,1.0000000000,0.0291456350
0.0139300000,1.0471975512,0.0355746573,6.2559224220,0.5610736876,0.2951006762,25.0000000000,25.0000000000,11.0719463156,1.0000000000,0.0291456350
0.0139400000,1.0471975512,0.0356372386,6.2588666253,0.5601990390,0.2941935699,25.0000000000,25.0000000000,11.0719900480,1.0000000000,0.0291456350
0.0139500000,1.0471975512,0.0356998492,6.2618017601,0.5593239217,0.2932868158,25.0000000000,25.0000000000,11.0720338039,1.0000000000,0.0291456350
0.0139600000,1.0471975512,0.0357624892,6.2647278300,0.5584483404,0.2923804173,25.0000000000,25.0000000000,11.0720775830,1.0000000000,0.0291456350
0.0139700000,1.0471975512,0.0358251584,6.2676448387,0.5575723000,0.2914743780,25.0000000000,25.0000000000,11.0721213850,1.0000000000,0.0291456350
0.0139800000,1.0471975512,0.0358878566,6.2705527897,0.5566958053,0.2905687014,25.0000000000,25.0000000000,11.0721652097,1.0000000000,0.0291456350
0.0139900000,1.0471975512,0.0359505839,6.2734516866,0.5558188613,0.2896633910,25.0000000000,25.0000000000,11.0722090569,1.0000000000,0.0291456350
0.0140000000,1.0471975512,0.0360133401,6.2763415333,0.5549414726,0.2887584505,25.0000000000,25.0000000000,11.0722529264,1.0000000000,0.0291456350
0.0140100000,1.0471975512,0.0360761251,6.2792223333,0.5540636441,0.2878538832,25.0000000000,25.0000000000,11.0722968178,1.0000000000,0.0352815581
0.0140200000,1.0471975512,0.0361389389,6.2820940904,0.5531853806,0.2869496927,25.0000000000,25.0000000000,11.0723407310,1.0000000000,0.0352815581
0.0140300000,1.0471975512,0.0362017813,6.2849568086,0.5523066870,0.2860458825,25.0000000000,25.0000000000,11.0723846657,1.0000000000,0.0352815581
0.0140400000,1.0471975512,0.0362646523,6.2878104914,0.5514275680,0.2851424561,25.0000000000,25.0000000000,11.0724286216,1.0000000000,0.0352815581
0.0140500000,1.0471975512,0.0363275517,6.2906551430,0.5505480284,0.2842394169,25.0000000000,25.0000000000,11.0724725986,1.0000000000,0.0352815581
0.0140600000,1.0471975512,0.0363904796,6.2934907670,0.5496680730,0.2833367685,25.0000000000,25.0000000000,11.0725165963,1.0000000000,0.0352815581
0.0140700000,1.0471975512,0.0364534357,6.2963173676,0.5487877066,0.2824345142,25.0000000000,25.0000000000,11.0725606147,1.0000000000,0.0352815581
0.0140800000,1.0471975512,0.0365164200,6.2991349485,0.5479069340,0.2815326575,25.0000000000,25.0000000000,11.0726046533,1.0000000000,0.0352815581
0.0140900000,1.0471975512,0.0365794324,6.3019435139,0.5470257599,0.2806312019,25.0000000000,25.0000000000,11.0726487120,1.0000000000,0.0352815581
0.0141000000,1.0471975512,0.0366424729,6.3047430678,0.5461441891,0.2797301509,25.0000000000,25.0000000000,11.0726927905,1.0000000000,0.0352815581
0.0141100000,1.0471975512,0.0367055412,6.3075336142,0.5452622264,0.2788295077,25.0000000000,25.0000000000,11.0727368887,1.0000000000,0.0352815581
0.0141200000,1.0471975512,0.0367686374,6.3103151573,0.5443798764,0.2779292759,25.0000000000,25.0000000000,11.0727810062,1.0000000000,0.0352815581
0.0141300000,1.0471975512,0.0368317614,6.3130877012,0.5434971440,0.2770294589,25.0000000000,25.0000000000,11.0728251428,1.0000000000,0.0352815581
0.0141400000,1.0471975512,0.0368949130,6.3158512500,0.5426140339,0.2761300600,25.0000000000,25.0000000000,11.0728692983,1.0000000000,0.0352815581
0.0141500000,1.0471975512,0.0369580922,6.3186058080,0.5417305508,0.2752310827,25.0000000000,25.0000000000,11.0729134725,1.0000000000,0.0352815581
0.0141600000,1.0471975512,0.0370212988,6.3213513795,0.5408466994,0.2743325304,25.0000000000,25.0000000000,11.0729576650,1.0000000000,0.0352815581
0.0141700000,1.0471975512,0.0370845329,6.3240879686,0.5399624844,0.2734344063,25.0000000000,25.0000000000,11.0730018758,1.0000000000,0.0352815581
0.0141800000,1.0471975512,0.0371477942,6.3268155797,0.5390779107,0.2725367140,25.0000000000,25.0000000000,11.0730461045,1.0000000000,0.0352815581
0.0141900000,1.0471975512,0.0372110828,6.3295342171,0.5381929828,0.2716394567,25.0000000000,25.0000000000,11.0730903509,1.0000000000,0.0352815581
0.0142000000,1.0471975512,0.0372743984,6.3322438852,0.5373077054,0.2707426378,25.0000000000,25.0000000000,11.0731346147,1.0000000000,0.0352815581
0.0142100000,1.0471975512,0.0373377411,6.3349445885,0.5364220834,0.2698462606,25.0000000000,25.0000000000,11.0731788958,1.0000000000,0.0352815581
0.0142200000,1.0471975512,0.0374011108,6.3376363314,0.5355361212,0.2689503285,25.0000000000,25.0000000000,11.0732231939,1.0000000000,0.0352815581
0.0142300000,1.0471975512,0.0374645073,6.3403191182,0.5346498237,0.2680548448,25.0000000000,25.0000000000,11.0732675088,1.0000000000,0.0352815581
0.0142400000,1.0471975512,0.0375279305,6.3429929537,0.5337631955,0.2671598128,25.0000000000,25.0000000000,11.0733118402,1.0000000000,0.0352815581
0.0142500000,1.0471975512,0.0375913804,6.3456578422,0.5328762412,0.2662652358,25.0000000000,25.0000000000,11.0733561879,1.0000000000,0.0352815581
0.0142600000,1.0471975512,0.0376548569,6.3483137883,0.5319889656,0.2653711172,25.0000000000,25.0000000000,11.0734005517,1.0000000000,0.0352815581
0.0142700000,1.0471975512,0.0377183599,6.3509607968,0.5311013732,0.2644774602,25.0000000000,25.0000000000,11.0734449313,1.0000000000,0.0352815581
0.0142800000,1.0471975512,0.0377818893,6.3535988722,0.5302134687,0.2635842680,25.0000000000,25.0000000000,11.0734893266,1.0000000000,0.0352815581
0.0142900000,1.0471975512,0.0378454450,6.3562280191,0.5293252569,0.2626915441,25.0000000000,25.0000000000,11.0735337372,1.0000000000,0.0352815581
0.0143000000,1.0471975512,0.0379090270,6.3588482424,0.5284367421,0.2617992916,25.0000000000,25.0000000000,11.0735781629,1.0000000000,0.0352815581
0.0143100000,1.0471975512,0.0379726350,6.3614595467,0.5275479293,0.2609075138,25.0000000000,25.0000000000,11.0736226035,1.0000000000,0.0352815581
0.0143200000,1.0471975512,0.0380362692,6.3640619368,0.5266588228,0.2600162139,25.0000000000,25.0000000000,11.0736670589,1.0000000000,0.0352815581
0.0143300000,1.0471975512,0.0380999292,6.3666554175,0.5257694274,0.2591253952,25.0000000000,25.0000000000,11.0737115286,1.0000000000,0.0352815581
0.0143400000,1.0471975512,0.0381636152,6.3692399936,0.5248797476,0.2582350610,25.0000000000,25.0000000000,11.0737560126,1.0000000000,0.0352815581
0.0143500000,1.0471975512,0.0382273269,6.3718156700,0.5239897881,0.2573452144,25.0000000000,25.0000000000,11.0738005106,1.0000000000,0.0352815581
0.0143600000,1.0471975512,0.0382910643,6.3743824517,0.5230995535,0.2564558586,25.0000000000,25.0000000000,11.0738450223,1.0000000000,0.0352815581
0.0143700000,1.0471975512,0.0383548273,6.3769403435,0.5222090483,0.2555669970,25.0000000000,25.0000000000,11.0738895476,1.0000000000,0.0352815581
0.0143800000,1.0471975512,0.0384186159,6.3794893505,0.5213182771,0.2546786326,25.0000000000,25.0000000000,11.0739340861,1.0000000000,0.0352815581
0.0143900000,1.0471975512,0.0384824298,6.3820294775,0.5204272444,0.2537907686,25.0000000000,25.0000000000,11.0739786378,1.0000000000,0.0352815581
0.0144000000,1.0471975512,0.0385462691,6.3845607297,0.5195359550,0.2529034083,25.0000000000,25.0000000000,11.0740232023,1.0000000000,0.0352815581
0.0144100000,1.0471975512,0.0386101336,6.3870831120,0.5186444132,0.2520165549,25.0000000000,25.0000000000,11.0740677793,1.0000000000,0.0352815581
0.0144200000,1.0471975512,0.0386740233,6.3895966297,0.5177526237,0.2511302114,25.0000000000,25.0000000000,11.0741123688,1.0000000000,0.0352815581
0.0144300000,1.0471975512,0.0387379381,6.3921012877,0.5168605910,0.2502443810,25.0000000000,25.0000000000,11.0741569704,1.0000000000,0.0352815581
0.0144400000,1.0471975512,0.0388018778,6.3945970914,0.5159683197,0.2493590669,25.0000000000,25.0000000000,11.0742015840,1.0000000000,0.0352815581
0.0144500000,1.0471975512,0.0388658424,6.3970840458,0.5150758142,0.2484742723,25.0000000000,25.0000000000,11.0742462093,1.0000000000,0.0352815581
0.0144600000,1.0471975512,0.0389298319,6.3995621561,0.5141830791,0.2475900002,25.0000000000,25.0000000000,11.0742908460,1.0000000000,0.0352815581
0.0144700000,1.0471975512,0.0389938460,6.4020314277,0.5132901190,0.2467062538,25.0000000000,25.0000000000,11.0743354941,1.0000000000,0.0352815581
0.0144800000,1.0471975512,0.0390578848,6.4044918658,0.5123969383,0.2458230362,25.0000000000,25.0000000000,11.0743801531,1.0000000000,0.0352815581
0.0144900000,1.0471975512,0.0391219481,6.4069434756,0.5115035415,0.2449403505,25.0000000000,25.0000000000,11.0744248229,1.0000000000,0.0352815581
0.0145000000,1.0471975512,0.0391860359,6.4093862627,0.5106099331,0.2440581998,25.0000000000,25.0000000000,11.0744695033,1.0000000000,0.0352815581
0.0145100000,1.0471975512,0.0392501480,6.4118202322,0.5097161177,0.2431765872,25.0000000000,25.0000000000,11.0745141941,1.0000000000,0.0352815581
0.0145200000,1.0471975512,0.0393142844,6.4142453897,0.5088220996,0.2422955158,25.0000000000,25.0000000000,11.0745588950,1.0000000000,0.0352815581
0.0145300000,1.0471975512,0.0393784450,6.4166617406,0.5079278835,0.2414149886,25.0000000000,25.0000000000,11.0746036058,1.0000000000,0.0352815581
0.0145400000,1.0471975512,0.0394426296,6.4190692903,0.5070334737,0.2405350087,25.0000000000,25.0000000000,11.0746483263,1.0000000000,0.0352815581
0.0145500000,1.0471975512,0.0395068383,6.4214680443,0.5061388747,0.2396555792,25.0000000000,25.0000000000,11.0746930563,1.0000000000,0.0352815581
0.0145600000,1.0471975512,0.0395710709,6.4238580082,0.5052440910,0.2387767031,25.0000000000,25.0000000000,11.0747377955,1.0000000000,0.0352815581
0.0145700000,1.0471975512,0.0396353274,6.4262391875,0.5043491270,0.2378983835,25.0000000000,25.0000000000,11.0747825437,1.0000000000,0.0352815581
0.0145800000,1.0471975512,0.0396996076,6.4286115878,0.5034539871,0.2370206233,25.0000000000,25.0000000000,11.0748273006,1.0000000000,0.0352815581
0.0145900000,1.0471975512,0.0397639114,6.4309752147,0.5025586759,0.2361434257,25.0000000000,25.0000000000,11.0748720662,1.0000000000,0.0352815581
0.0146000000,1.0471975512,0.0398282388,6.4333300738,0.5016631976,0.2352667936,25.0000000000,25.0000000000,11.0749168401,1.0000000000,0.0352815581
0.0146100000,1.0471975512,0.0398925897,6.4356761709,0.5007675568,0.2343907300,25.0000000000,25.0000000000,11.0749616222,1.0000000000,0.0352815581
0.0146200000,1.0471975512,0.0399569640,6.4380135117,0.4998717579,0.2335152379,25.0000000000,25.0000000000,11.0750064121,1.0000000000,0.0352815581
0.0146300000,1.0471975512,0.0400213616,6.4403421018,0.4989758052,0.2326403203,25.0000000000,25.0000000000,11.0750512097,1.0000000000,0.0352815581
0.0146400000,1.0471975512,0.0400857825,6.4426619471,0.4980797032,0.2317659803,25.0000000000,25.0000000000,11.0750960148,1.0000000000,0.0352815581
0.0146500000,1.0471975512,0.0401502264,6.4449730533,0.4971834562,0.2308922207,25.0000000000,25.0000000000,11.0751408272,1.0000000000,0.0352815581
0.0146600000,1.0471975512,0.0402146934,6.4472754264,0.4962870686,0.2300190445,25.0000000000,25.0000000000,11.0751856466,1.0000000000,0.0352815581
0.0146700000,1.0471975512,0.0402791834,6.4495690720,0.4953905449,0.2291464548,25.0000000000,25.0000000000,11.0752304728,1.0000000000,0.0352815581
0.0146800000,1.0471975512,0.0403436962,6.4518539962,0.4944938893,0.2282744543,25.0000000000,25.0000000000,11.0752753055,1.0000000000,0.0352815581
0.0146900000,1.0471975512,0.0404082318,6.4541302048,0.4935971063,0.2274030462,25.0000000000,25.0000000000,11.0753201447,1.0000000000,0.0352815581
0.0147000000,1.0471975512,0.0404727902,6.4563977038,0.4927002002,0.2265322332,25.0000000000,25.0000000000,11.0753649900,1.0000000000,0.0352815581
0.0147100000,1.0471975512,0.0405373711,6.4586564991,0.4918031754,0.2256620184,25.0000000000,25.0000000000,11.0754098412,1.0000000000,0.0352815581
0.0147200000,1.0471975512,0.0406019745,6.4609065969,0.4909060361,0.2247924046,25.0000000000,25.0000000000,11.0754546982,1.0000000000,0.0352815581
0.0147300000,1.0471975512,0.0406666004,6.4631480029,0.4900087867,0.2239233948,25.0000000000,25.0000000000,11.0754995607,1.0000000000,0.0352815581
0.0147400000,1.0471975512,0.0407312486,6.4653807235,0.4891114316,0.2230549918,25.0000000000,25.0000000000,11.0755444284,1.0000000000,0.0352815581
0.0147500000,1.0471975512,0.0407959191,6.4676047646,0.4882139751,0.2221871985,25.0000000000,25.0000000000,11.0755893012,1.0000000000,0.0352815581
0.0147600000,1.0471975512,0.0408606118,6.4698201323,0.4873164215,0.2213200178,25.0000000000,25.0000000000,11.0756341789,1.0000000000,0.0352815581
0.0147700000,1.0471975512,0.0409253266,6.4720268329,0.4864187750,0.2204534527,25.0000000000,25.0000000000,11.0756790612,1.0000000000,0.0352815581
0.0147800000,1.0471975512,0.0409900633,6.4742248724,0.4855210401,0.2195875059,25.0000000000,25.0000000000,11.0757239480,1.0000000000,0.0352815581
0.0147900000,1.0471975512,0.0410548220,6.4764142571,0.4846232209,0.2187221802,25.0000000000,25.0000000000,11.0757688390,1.0000000000,0.0352815581
0.0148000000,1.0471975512,0.0411196025,6.4785949933,0.4837253218,0.2178574787,25.0000000000,25.0000000000,11.0758137339,1.0000000000,0.0352815581
0.0148100000,1.0471975512,0.0411844047,6.4807670871,0.4828273470,0.2169934040,25.0000000000,25.0000000000,11.0758586327,1.0000000000,0.0352815581
0.0148200000,1.0471975512,0.0412492286,6.4829305449,0.4819293008,0.2161299591,25.0000000000,25.0000000000,11.0759035350,1.0000000000,0.0352815581
0.0148300000,1.0471975512,0.0413140741,6.4850853730,0.4810311875,0.2152671466,25.0000000000,25.0000000000,11.0759484406,1.0000000000,0.0352815581
0.0148400000,1.0471975512,0.0413789411,6.4872315778,0.4801330114,0.2144049696,25.0000000000,25.0000000000,11.0759933494,1.0000000000,0.0352815581
0.0148500000,1.0471975512,0.0414438294,6.4893691655,0.4792347766,0.2135434307,25.0000000000,25.0000000000,11.0760382612,1.0000000000,0.0352815581
0.0148600000,1.0471975512,0.0415087391,6.4914981427,0.4783364874,0.2126825328,25.0000000000,25.0000000000,11.0760831756,1.0000000000,0.0352815581
0.0148700000,1.0471975512,0.0415736700,6.4936185157,0.4774381480,0.2118222786,25.0000000000,25.0000000000,11.0761280926,1.0000000000,0.0352815581
0.0148800000,1.0471975512,0.0416386220,6.4957302910,0.4765397628,0.2109626709,25.0000000000,25.0000000000,11.0761730119,1.0000000000,0.0352815581
0.0148900000,1.0471975512,0.0417035951,6.4978334752,0.4756413358,0.2101037126,25.0000000000,25.0000000000,11.0762179332,1.0000000000,0.0352815581
0.0149000000,1.0471975512,0.0417685891,6.4999280746,0.4747428713,0.2092454063,25.0000000000,25.0000000000,11.0762628564,1.0000000000,0.0352815581
0.0149100000,1.0471975512,0.0418336041,6.5020140958,0.4738443735,0.2083877548,25.0000000000,25.0000000000,11.0763077813,1.0000000000,0.0352815581
0.0149200000,1.0471975512,0.0418986398,6.5040915455,0.4729458466,0.2075307609,25.0000000000,25.0000000000,11.0763527077,1.0000000000,0.0352815581
0.0149300000,1.0471975512,0.0419636962,6.5061604302,0.4720472948,0.2066744273,25.0000000000,25.0000000000,11.0763976353,1.0000000000,0.0352815581
0.0149400000,1.0471975512,0.0420287733,6.5082207566,0.4711487222,0.2058187568,25.0000000000,25.0000000000,11.0764425639,1.0000000000,0.0352815581
0.0149500000,1.0471975512,0.0420938709,6.5102725312,0.4702501331,0.2049637520,25.0000000000,25.0000000000,11.0764874933,1.0000000000,0.0352815581
0.0149600000,1.0471975512,0.0421589890,6.5123157607,0.4693515316,0.2041094157,25.0000000000,25.0000000000,11.0765324234,1.0000000000,0.0352815581
0.0149700000,1.0471975512,0.0422241274,6.5143504520,0.4684529219,0.2032557506,25.0000000000,25.0000000000,11.0765773539,1.0000000000,0.0352815581
0.0149800000,1.0471975512,0.0422892861,6.5163766116,0.4675543081,0.2024027593,25.0000000000,25.0000000000,11.0766222846,1.0000000000,0.0352815581
0.0149900000,1.0471975512,0.0423544650,6.5183942465,0.4666556943,0.2015504446,25.0000000000,25.0000000000,11.0766672153,1.0000000000,0.0352815581
0.0150000000,1.0471975512,0.0424196640,6.5204033632,0.4657570847,0.2006988092,25.0000000000,25.0000000000,11.0767121458,1.0000000000,0.0352815581
0.0150100000,1.0471975512,0.0424848830,6.5224039687,0.4648584835,0.1998478557,25.0000000000,25.0000000000,11.0767570758,1.0000000000,0.0429514621
0.0150200000,1.0471975512,0.0425501220,6.5243960698,0.4639598947,0.1989975867,25.0000000000,25.0000000000,11.0768020053,1.0000000000,0.0429514621
0.0150300000,1.0471975512,0.0426153809,6.5263796734,0.4630613224,0.1981480051,25.0000000000,25.0000000000,11.0768469339,1.0000000000,0.0429514621
0.0150400000,1.0471975512,0.0426806595,6.5283547863,0.4621627708,0.1972991133,25.0000000000,25.0000000000,11.0768918615,1.0000000000,0.0429514621
0.0150500000,1.0471975512,0.0427459578,6.5303214155,0.4612642440,0.1964509140,25.0000000000,25.0000000000,11.0769367878,1.0000000000,0.0429514621
0.0150600000,1.0471975512,0.0428112757,6.5322795680,0.4603657460,0.1956034099,25.0000000000,25.0000000000,11.0769817127,1.0000000000,0.0429514621
0.0150700000,1.0471975512,0.0428766131,6.5342292506,0.4594672809,0.1947566036,25.0000000000,25.0000000000,11.0770266360,1.0000000000,0.0429514621
0.0150800000,1.0471975512,0.0429419700,6.5361704704,0.4585688529,0.1939104977,25.0000000000,25.0000000000,11.0770715574,1.0000000000,0.0429514621
0.0150900000,1.0471975512,0.0430073462,6.5381032344,0.4576704659,0.1930650948,25.0000000000,25.0000000000,11.0771164767,1.0000000000,0.0429514621
0.0151000000,1.0471975512,0.0430727417,6.5400275497,0.4567721241,0.1922203975,25.0000000000,25.0000000000,11.0771613938,1.0000000000,0.0429514621
0.0151100000,1.0471975512,0.0431381563,6.5419434233,0.4558738315,0.1913764084,25.0000000000,25.0000000000,11.0772063084,1.0000000000,0.0429514621
0.0151200000,1.0471975512,0.0432035901,6.5438508623,0.4549755921,0.1905331301,25.0000000000,25.0000000000,11.0772512204,1.0000000000,0.0429514621
0.0151300000,1.0471975512,0.0432690428,6.5457498740,0.4540774100,0.1896905651,25.0000000000,25.0000000000,11.0772961295,1.0000000000,0.0429514621
0.0151400000,1.0471975512,0.0433345145,6.5476404653,0.4531792892,0.1888487161,25.0000000000,25.0000000000,11.0773410355,1.0000000000,0.0429514621
0.0151500000,1.0471975512,0.0434000050,6.5495226435,0.4522812337,0.1880075855,25.0000000000,25.0000000000,11.0773859383,1.0000000000,0.0429514621
0.0151600000,1.0471975512,0.0434655143,6.5513964159,0.4513832476,0.1871671760,25.0000000000,25.0000000000,11.0774308376,1.0000000000,0.0429514621
0.0151700000,1.0471975512,0.0435310423,6.5532617895,0.4504853348,0.1863274900,25.0000000000,25.0000000000,11.0774757333,1.0000000000,0.0429514621
0.0151800000,1.0471975512,0.0435965888,6.5551187718,0.4495874994,0.1854885302,25.0000000000,25.0000000000,11.0775206250,1.0000000000,0.0429514621
0.0151900000,1.0471975512,0.0436621539,6.5569673699,0.4486897453,0.1846502989,25.0000000000,25.0000000000,11.0775655127,1.0000000000,0.0429514621
0.0152000000,1.0471975512,0.0437277374,6.5588075912,0.4477920766,0.1838127988,25.0000000000,25.0000000000,11.0776103962,1.0000000000,0.0429514621
0.0152100000,1.0471975512,0.0437933392,6.5606394429,0.4468944971,0.1829760324,25.0000000000,25.0000000000,11.0776552751,1.0000000000,0.0429514621
0.0152200000,1.0471975512,0.0438589592,6.5624629326,0.4459970110,0.1821400021,25.0000000000,25.0000000000,11.0777001495,1.0000000000,0.0429514621
0.0152300000,1.0471975512,0.0439245975,6.5642780674,0.4450996221,0.1813047104,25.0000000000,25.0000000000,11.0777450189,1.0000000000,0.0429514621
0.0152400000,1.0471975512,0.0439902538,6.5660848550,0.4442023343,0.1804701599,25.0000000000,25.0000000000,11.0777898833,1.0000000000,0.0429514621
0.0152500000,1.0471975512,0.0440559282,6.5678833025,0.4433051518,0.1796363530,25.0000000000,25.0000000000,11.0778347424,1.0000000000,0.0429514621
0.0152600000,1.0471975512,0.0441216204,6.5696734176,0.4424080782,0.1788032921,25.0000000000,25.0000000000,11.0778795961,1.0000000000,0.0429514621
0.0152700000,1.0471975512,0.0441873305,6.5714552078,0.4415111178,0.1779709798,25.0000000000,25.0000000000,11.0779244441,1.0000000000,0.0429514621
0.0152800000,1.0471975512,0.0442530584,6.5732286804,0.4406142742,0.1771394185,25.0000000000,25.0000000000,11.0779692863,1.0000000000,0.0429514621
0.0152900000,1.0471975512,0.0443188039,6.5749938430,0.4397175515,0.1763086105,25.0000000000,25.0000000000,11.0780141224,1.0000000000,0.0429514621
0.0153000000,1.0471975512,0.0443845671,6.5767507033,0.4388209535,0.1754785585,25.0000000000,25.0000000000,11.0780589523,1.0000000000,0.0429514621
0.0153100000,1.0471975512,0.0444503477,6.5784992687,0.4379244842,0.1746492647,25.0000000000,25.0000000000,11.0781037758,1.0000000000,0.0429514621
0.0153200000,1.0471975512,0.0445161457,6.5802395468,0.4370281475,0.1738207316,25.0000000000,25.0000000000,11.0781485926,1.0000000000,0.0429514621
0.0153300000,1.0471975512,0.0445819611,6.5819715454,0.4361319472,0.1729929617,25.0000000000,25.0000000000,11.0781934026,1.0000000000,0.0429514621
0.0153400000,1.0471975512,0.0446477938,6.5836952720,0.4352358872,0.1721659572,25.0000000000,25.0000000000,11.0782382056,1.0000000000,0.0429514621
0.0153500000,1.0471975512,0.0447136436,6.5854107343,0.4343399714,0.1713397207,25.0000000000,25.0000000000,11.0782830014,1.0000000000,0.0429514621
0.0153600000,1.0471975512,0.0447795105,6.5871179401,0.4334442036,0.1705142545,25.0000000000,25.0000000000,11.0783277898,1.0000000000,0.0429514621
0.0153700000,1.0471975512,0.0448453944,6.5888168969,0.4325485878,0.1696895609,25.0000000000,25.0000000000,11.0783725706,1.0000000000,0.0429514621
0.0153800000,1.0471975512,0.0449112953,6.5905076127,0.4316531276,0.1688656424,25.0000000000,25.0000000000,11.0784173436,1.0000000000,0.0429514621
0.0153900000,1.0471975512,0.0449772130,6.5921900950,0.4307578271,0.1680425013,25.0000000000,25.0000000000,11.0784621086,1.0000000000,0.0429514621
0.0154000000,1.0471975512,0.0450431475,6.5938643518,0.4298626900,0.1672201399,25.0000000000,25.0000000000,11.0785068655,1.0000000000,0.0429514621
0.0154100000,1.0471975512,0.0451090986,6.5955303909,0.4289677201,0.1663985607,25.0000000000,25.0000000000,11.0785516140,1.0000000000,0.0429514621
0.0154200000,1.0471975512,0.0451750663,6.5971882201,0.4280729213,0.1655777659,25.0000000000,25.0000000000,11.0785963539,1.0000000000,0.0429514621
0.0154300000,1.0471975512,0.0452410506,6.5988378472,0.4271782973,0.1647577578,25.0000000000,25.0000000000,11.0786410851,1.0000000000,0.0429514621
0.0154400000,1.0471975512,0.0453070513,6.6004792801,0.4262838520,0.1639385389,25.0000000000,25.0000000000,11.0786858074,1.0000000000,0.0429514621
0.0154500000,1.0471975512,0.0453730683,6.6021125268,0.4253895892,0.1631201113,25.0000000000,25.0000000000,11.0787305205,1.0000000000,0.0429514621
0.0154600000,1.0471975512,0.0454391017,6.6037375952,0.4244955125,0.1623024775,25.0000000000,25.0000000000,11.0787752244,1.0000000000,0.0429514621
0.0154700000,1.0471975512,0.0455051512,6.6053544932,0.4236016259,0.1614856397,25.0000000000,25.0000000000,11.0788199187,1.0000000000,0.0429514621
0.0154800000,1.0471975512,0.0455712168,6.6069632288,0.4227079331,0.1606696002,25.0000000000,25.0000000000,11.0788646033,1.0000000000,0.0429514621
0.0154900000,1.0471975512,0.0456372984,6.6085638100,0.4218144378,0.1598543612,25.0000000000,25.0000000000,11.0789092781,1.0000000000,0.0429514621
0.0155000000,1.0471975512,0.0457033960,6.6101562448,0.4209211439,0.1590399251,25.0000000000,25.0000000000,11.0789539428,1.0000000000,0.0429514621
0.0155100000,1.0471975512,0.0457695095,6.6117405413,0.4200280549,0.1582262942,25.0000000000,25.0000000000,11.0789985973,1.0000000000,0.0429514621
0.0155200000,1.0471975512,0.0458356387,6.6133167076,0.4191351748,0.1574134706,25.0000000000,25.0000000000,11.0790432413,1.0000000000,0.0429514621
0.0155300000,1.0471975512,0.0459017836,6.6148847517,0.4182425071,0.1566014566,25.0000000000,25.0000000000,11.0790878746,1.0000000000,0.0429514621
0.0155400000,1.0471975512,0.0459679442,6.6164446817,0.4173500557,0.1557902545,25.0000000000,25.0000000000,11.0791324972,1.0000000000,0.0429514621
0.0155500000,1.0471975512,0.0460341203,6.6179965058,0.4164578242,0.1549798664,25.0000000000,25.0000000000,11.0791771088,1.0000000000,0.0429514621
0.0155600000,1.0471975512,0.0461003118,6.6195402322,0.4155658164,0.1541702947,25.0000000000,25.0000000000,11.0792217092,1.0000000000,0.0429514621
0.0155700000,1.0471975512,0.0461665187,6.6210758690,0.4146740359,0.1533615415,25.0000000000,25.0000000000,11.0792662982,1.0000000000,0.0429514621
0.0155800000,1.0471975512,0.0462327410,6.6226034244,0.4137824865,0.1525536091,25.0000000000,25.0000000000,11.0793108757,1.0000000000,0.0429514621
0.0155900000,1.0471975512,0.0462989784,6.6241229067,0.4128911717,0.1517464996,25.0000000000,25.0000000000,11.0793554414,1.0000000000,0.0429514621
0.0156000000,1.0471975512,0.0463652310,6.6256343240,0.4120000954,0.1509402152,25.0000000000,25.0000000000,11.0793999952,1.0000000000,0.0429514621
0.0156100000,1.0471975512,0.0464314986,6.6271376847,0.4111092611,0.1501347582,25.0000000000,25.0000000000,11.0794445369,1.0000000000,0.0429514621
0.0156200000,1.0471975512,0.0464977812,6.6286329971,0.4102186726,0.1493301306,25.0000000000,25.0000000000,11.0794890664,1.0000000000,0.0429514621
0.0156300000,1.0471975512,0.0465640787,6.6301202694,0.4093283334,0.1485263348,25.0000000000,25.0000000000,11.0795335833,1.0000000000,0.0429514621
0.0156400000,1.0471975512,0.0466303910,6.6315995100,0.4084382473,0.1477233727,25.0000000000,25.0000000000,11.0795780876,1.0000000000,0.0429514621
0.0156500000,1.0471975512,0.0466967180,6.6330707273,0.4075484178,0.1469212466,25.0000000000,25.0000000000,11.0796225791,1.0000000000,0.0429514621
0.0156600000,1.0471975512,0.0467630597,6.6345339295,0.4066588486,0.1461199587,25.0000000000,25.0000000000,11.0796670576,1.0000000000,0.0429514621
0.0156700000,1.0471975512,0.0468294160,6.6359891252,0.4057695432,0.1453195110,25.0000000000,25.0000000000,11.0797115228,1.0000000000,0.0429514621
0.0156800000,1.0471975512,0.0468957867,6.6374363228,0.4048805054,0.1445199057,25.0000000000,25.0000000000,11.0797559747,1.0000000000,0.0429514621
0.0156900000,1.0471975512,0.0469621719,6.6388755306,0.4039917387,0.1437211449,25.0000000000,25.0000000000,11.0798004131,1.0000000000,0.0429514621
0.0157000000,1.0471975512,0.0470285714,6.6403067572,0.4031032467,0.1429232307,25.0000000000,25.0000000000,11.0798448377,1.0000000000,0.0429514621
0.0157100000,1.0471975512,0.0470949851,6.6417300109,0.4022150330,0.1421261652,25.0000000000,25.0000000000,11.0798892483,1.0000000000,0.0429514621
0.0157200000,1.0471975512,0.0471614130,6.6431453005,0.4013271012,0.1413299506,25.0000000000,25.0000000000,11.0799336449,1.0000000000,0.0429514621
0.0157300000,1.0471975512,0.0472278550,6.6445526342,0.4004394548,0.1405345889,25.0000000000,25.0000000000,11.0799780273,1.0000000000,0.0429514621
0.0157400000,1.0471975512,0.0472943111,6.6459520208,0.3995520975,0.1397400821,25.0000000000,25.0000000000,11.0800223951,1.0000000000,0.0429514621
0.0157500000,1.0471975512,0.0473607810,6.6473434687,0.3986650327,0.1389464325,25.0000000000,25.0000000000,11.0800667484,1.0000000000,0.0429514621
0.0157600000,1.0471975512,0.0474272648,6.6487269865,0.3977782640,0.1381536419,25.0000000000,25.0000000000,11.0801110868,1.0000000000,0.0429514621
0.0157700000,1.0471975512,0.0474937624,6.6501025830,0.3968917950,0.1373617126,25.0000000000,25.0000000000,11.0801554102,1.0000000000,0.0429514621
0.0157800000,1.0471975512,0.0475602737,6.6514702665,0.3960056292,0.1365706464,25.0000000000,25.0000000000,11.0801997185,1.0000000000,0.0429514621
0.0157900000,1.0471975512,0.0476267986,6.6528300460,0.3951197701,0.1357804456,25.0000000000,25.0000000000,11.0802440115,1.0000000000,0.0429514621
0.0158000000,1.0471975512,0.0476933371,6.6541819299,0.3942342212,0.1349911121,25.0000000000,25.0000000000,11.0802882889,1.0000000000,0.0429514621
0.0158100000,1.0471975512,0.0477598890,6.6555259270,0.3933489861,0.1342026479,25.0000000000,25.0000000000,11.0803325507,1.0000000000,0.0429514621
0.0158200000,1.0471975512,0.0478264543,6.6568620460,0.3924640682,0.1334150550,25.0000000000,25.0000000000,11.0803767966,1.0000000000,0.0429514621
0.0158300000,1.0471975512,0.0478930329,6.6581902956,0.3915794711,0.1326283355,25.0000000000,25.0000000000,11.0804210264,1.0000000000,0.0429514621
0.0158400000,1.0471975512,0.0479596247,6.6595106845,0.3906951982,0.1318424914,25.0000000000,25.0000000000,11.0804652401,1.0000000000,0.0429514621
0.0158500000,1.0471975512,0.0480262296,6.6608232217,0.3898112529,0.1310575246,25.0000000000,25.0000000000,11.0805094374,1.0000000000,0.0429514621
0.0158600000,1.0471975512,0.0480928476,6.6621279157,0.3889276389,0.1302734372,25.0000000000,25.0000000000,11.0805536181,1.0000000000,0.0429514621
0.0158700000,1.0471975512,0.0481594787,6.6634247755,0.3880443594,0.1294902311,25.0000000000,25.0000000000,11.0805977820,1.0000000000,0.0429514621
0.0158800000,1.0471975512,0.0482261226,6.6647138098,0.3871614181,0.1287079083,25.0000000000,25.0000000000,11.0806419291,1.0000000000,0.0429514621
0.0158900000,1.0471975512,0.0482927793,6.6659950275,0.3862788183,0.1279264707,25.0000000000,25.0000000000,11.0806860591,1.0000000000,0.0429514621
0.0159000000,1.0471975512,0.0483594488,6.6672684376,0.3853965634,0.1271459204,25.0000000000,25.0000000000,11.0807301718,1.0000000000,0.0429514621
0.0159100000,1.0471975512,0.0484261310,6.6685340488,0.3845146569,0.1263662592,25.0000000000,25.0000000000,11.0807742672,1.0000000000,0.0429514621
0.0159200000,1.0471975512,0.0484928258,6.6697918700,0.3836331023,0.1255874891,25.0000000000,25.0000000000,11.0808183449,1.0000000000,0.0429514621
0.0159300000,1.0471975512,0.0485595331,6.6710419103,0.3827519029,0.1248096120,25.0000000000,25.0000000000,11.0808624049,1.0000000000,0.0429514621
0.0159400000,1.0471975512,0.0486262528,6.6722841785,0.3818710621,0.1240326299,25.0000000000,25.0000000000,11.0809064469,1.0000000000,0.0429514621
0.0159500000,1.0471975512,0.0486929849,6.6735186836,0.3809905833,0.1232565446,25.0000000000,25.0000000000,11.0809504708,1.0000000000,0.0429514621
0.0159600000,1.0471975512,0.0487597293,6.6747454346,0.3801104700,0.1224813581,25.0000000000,25.0000000000,11.0809944765,1.0000000000,0.0429514621
0.0159700000,1.0471975512,0.0488264859,6.6759644404,0.3792307255,0.1217070723,25.0000000000,25.0000000000,11.0810384637,1.0000000000,0.0429514621
0.0159800000,1.0471975512,0.0488932547,6.6771757102,0.3783513531,0.1209336890,25.0000000000,25.0000000000,11.0810824323,1.0000000000,0.0429514621
0.0159900000,1.0471975512,0.0489600355,6.6783792529,0.3774723563,0.1201612102,25.0000000000,25.0000000000,11.0811263822,1.0000000000,0.0429514621
0.0160000000,1.0471975512,0.0490268282,6.6795750777,0.3765937384,0.1193896377,25.0000000000,25.0000000000,11.0811703131,1.0000000000,0.0429514621
0.0160100000,1.0471975512,0.0490936329,6.6807631935,0.3757155027,0.1186189734,25.0000000000,25.0000000000,11.0812142249,1.0000000000,0.0490873852
0.0160200000,1.0471975512,0.0491604494,6.6819436095,0.3748376526,0.1178492192,25.0000000000,25.0000000000,11.0812581174,1.0000000000,0.0490873852
0.0160300000,1.0471975512,0.0492272776,6.6831163348,0.3739601915,0.1170803769,25.0000000000,25.0000000000,11.0813019904,1.0000000000,0.0490873852
0.0160400000,1.0471975512,0.0492941175,6.6842813786,0.3730831226,0.1163124483,25.0000000000,25.0000000000,11.0813458439,1.0000000000,0.0490873852
0.0160500000,1.0471975512,0.0493609690,6.6854387499,0.3722064492,0.1155454353,25.0000000000,25.0000000000,11.0813896775,1.0000000000,0.0490873852
0.0160600000,1.0471975512,0.0494278320,6.6865884579,0.3713301748,0.1147793397,25.0000000000,25.0000000000,11.0814334913,1.0000000000,0.0490873852
0.0160700000,1.0471975512,0.0494947065,6.6877305119,0.3704543025,0.1140141634,25.0000000000,25.0000000000,11.0814772849,1.0000000000,0.0490873852
0.0160800000,1.0471975512,0.0495615923,6.6888649211,0.3695788357,0.1132499081,25.0000000000,25.0000000000,11.0815210582,1.0000000000,0.0490873852
0.0160900000,1.0471975512,0.0496284894,6.6899916946,0.3687037776,0.1124865757,25.0000000000,25.0000000000,11.0815648111,1.0000000000,0.0490873852
0.0161000000,1.0471975512,0.0496953977,6.6911108417,0.3678291316,0.1117241680,25.0000000000,25.0000000000,11.0816085434,1.0000000000,0.0490873852
0.0161100000,1.0471975512,0.0497623172,6.6922223717,0.3669549009,0.1109626867,25.0000000000,25.0000000000,11.0816522550,1.0000000000,0.0490873852
0.0161200000,1.0471975512,0.0498292477,6.6933262938,0.3660810888,0.1102021336,25.0000000000,25.0000000000,11.0816959456,1.0000000000,0.0490873852
0.0161300000,1.0471975512,0.0498961892,6.6944226174,0.3652076985,0.1094425105,25.0000000000,25.0000000000,11.0817396151,1.0000000000,0.0490873852
0.0161400000,1.0471975512,0.0499631416,6.6955113518,0.3643347332,0.1086838193,25.0000000000,25.0000000000,11.0817832633,1.0000000000,0.0490873852
0.0161500000,1.0471975512,0.0500301048,6.6965925062,0.3634621963,0.1079260615,25.0000000000,25.0000000000,11.0818268902,1.0000000000,0.0490873852
0.0161600000,1.0471975512,0.0500970788,6.6976660900,0.3625900909,0.1071692391,25.0000000000,25.0000000000,11.0818704955,1.0000000000,0.0490873852
0.0161700000,1.0471975512,0.0501640634,6.6987321127,0.3617184202,0.1064133537,25.0000000000,25.0000000000,11.0819140790,1.0000000000,0.0490873852
0.0161800000,1.0471975512,0.0502310587,6.6997905836,0.3608471875,0.1056584071,25.0000000000,25.0000000000,11.0819576406,1.0000000000,0.0490873852
0.0161900000,1.0471975512,0.0502980645,6.7008415120,0.3599763960,0.1049044010,25.0000000000,25.0000000000,11.0820011802,1.0000000000,0.0490873852
0.0162000000,1.0471975512,0.0503650807,6.7018849074,0.3591060489,0.1041513371,25.0000000000,25.0000000000,11.0820446976,1.0000000000,0.0490873852
0.0162100000,1.0471975512,0.0504321074,6.7029207793,0.3582361493,0.1033992171,25.0000000000,25.0000000000,11.0820881925,1.0000000000,0.0490873852
0.0162200000,1.0471975512,0.0504991443,6.7039491371,0.3573667005,0.1026480428,25.0000000000,25.0000000000,11.0821316650,1.0000000000,0.0490873852
0.0162300000,1.0471975512,0.0505661914,6.7049699902,0.3564977056,0.1018978159,25.0000000000,25.0000000000,11.0821751147,1.0000000000,0.0490873852
0.0162400000,1.0471975512,0.0506332487,6.7059833482,0.3556291678,0.1011485379,25.0000000000,25.0000000000,11.0822185416,1.0000000000,0.0490873852
0.0162500000,1.0471975512,0.0507003161,6.7069892205,0.3547610902,0.1004002107,25.0000000000,25.0000000000,11.0822619455,1.0000000000,0.0490873852
0.0162600000,1.0471975512,0.0507673935,6.7079876167,0.3538934760,0.0996528359,25.0000000000,25.0000000000,11.0823053262,1.0000000000,0.0490873852
0.0162700000,1.0471975512,0.0508344808,6.7089785463,0.3530263284,0.0989064152,25.0000000000,25.0000000000,11.0823486836,1.0000000000,0.0490873852
0.0162800000,1.0471975512,0.0509015780,6.7099620189,0.3521596504,0.0981609502,25.0000000000,25.0000000000,11.0823920175,1.0000000000,0.0490873852
0.0162900000,1.0471975512,0.0509686849,6.7109380440,0.3512934452,0.0974164426,25.0000000000,25.0000000000,11.0824353277,1.0000000000,0.0490873852
0.0163000000,1.0471975512,0.0510358016,6.7119066312,0.3504277160,0.0966728940,25.0000000000,25.0000000000,11.0824786142,1.0000000000,0.0490873852
0.0163100000,1.0471975512,0.0511029279,6.7128677901,0.3495624657,0.0959303061,25.0000000000,25.0000000000,11.0825218767,1.0000000000,0.0490873852
0.0163200000,1.0471975512,0.0511700637,6.7138215304,0.3486976976,0.0951886804,25.0000000000,25.0000000000,11.0825651151,1.0000000000,0.0490873852
0.0163300000,1.0471975512,0.0512372090,6.7147678616,0.3478334147,0.0944480187,25.0000000000,25.0000000000,11.0826083293,1.0000000000,0.0490873852
0.0163400000,1.0471975512,0.0513043637,6.7157067935,0.3469696201,0.0937083225,25.0000000000,25.0000000000,11.0826515190,1.0000000000,0.0490873852
0.0163500000,1.0471975512,0.0513715278,6.7166383357,0.3461063168,0.0929695935,25.0000000000,25.0000000000,11.0826946842,1.0000000000,0.0490873852
0.0163600000,1.0471975512,0.0514387011,6.7175624978,0.3452435080,0.0922318332,25.0000000000,25.0000000000,11.0827378246,1.0000000000,0.0490873852
0.0163700000,1.0471975512,0.0515058836,6.7184792896,0.3443811968,0.0914950433,25.0000000000,25.0000000000,11.0827809402,1.0000000000,0.0490873852
0.0163800000,1.0471975512,0.0515730752,6.7193887208,0.3435193861,0.0907592252,25.0000000000,25.0000000000,11.0828240307,1.0000000000,0.0490873852
0.0163900000,1.0471975512,0.0516402759,6.7202908011,0.3426580790,0.0900243807,25.0000000000,25.0000000000,11.0828670961,1.0000000000,0.0490873852
0.0164000000,1.0471975512,0.0517074855,6.7211855403,0.3417972785,0.0892905112,25.0000000000,25.0000000000,11.0829101361,1.0000000000,0.0490873852
0.0164100000,1.0471975512,0.0517747040,6.7220729481,0.3409369877,0.0885576184,25.0000000000,25.0000000000,11.0829531506,1.0000000000,0.0490873852
0.0164200000,1.0471975512,0.0518419314,6.7229530343,0.3400772097,0.0878257037,25.0000000000,25.0000000000,11.0829961395,1.0000000000,0.0490873852
0.0164300000,1.0471975512,0.0519091675,6.7238258087,0.3392179473,0.0870947688,25.0000000000,25.0000000000,11.0830391026,1.0000000000,0.0490873852
0.0164400000,1.0471975512,0.0519764122,6.7246912811,0.3383592037,0.0863648152,25.0000000000,25.0000000000,11.0830820398,1.0000000000,0.0490873852
0.0164500000,1.0471975512,0.0520436656,6.7255494614,0.3375009817,0.0856358444,25.0000000000,25.0000000000,11.0831249509,1.0000000000,0.0490873852
0.0164600000,1.0471975512,0.0521109274,6.7264003593,0.3366432845,0.0849078579,25.0000000000,25.0000000000,11.0831678358,1.0000000000,0.0490873852
0.0164700000,1.0471975512,0.0521781978,6.7272439848,0.3357861150,0.0841808572,25.0000000000,25.0000000000,11.0832106943,1.0000000000,0.0490873852
0.0164800000,1.0471975512,0.0522454765,6.7280803476,0.3349294761,0.0834548439,25.0000000000,25.0000000000,11.0832535262,1.0000000000,0.0490873852
0.0164900000,1.0471975512,0.0523127635,6.7289094577,0.3340733708,0.0827298195,25.0000000000,25.0000000000,11.0832963315,1.0000000000,0.0490873852
0.0165000000,1.0471975512,0.0523800588,6.7297313251,0.3332178022,0.0820057854,25.0000000000,25.0000000000,11.0833391099,1.0000000000,0.0490873852
0.0165100000,1.0471975512,0.0524473622,6.7305459595,0.3323627730,0.0812827432,25.0000000000,25.0000000000,11.0833818613,1.0000000000,0.0490873852
0.0165200000,1.0471975512,0.0525146737,6.7313533709,0.3315082863,0.0805606943,25.0000000000,25.0000000000,11.0834245857,1.0000000000,0.0490873852
0.0165300000,1.0471975512,0.0525819933,6.7321535693,0.3306543451,0.0798396402,25.0000000000,25.0000000000,11.0834672827,1.0000000000,0.0490873852
0.0165400000,1.0471975512,0.0526493208,6.7329465647,0.3298009522,0.0791195824,25.0000000000,25.0000000000,11.0835099524,1.0000000000,0.0490873852
0.0165500000,1.0471975512,0.0527166561,6.7337323669,0.3289481105,0.0784005223,25.0000000000,25.0000000000,11.0835525945,1.0000000000,0.0490873852
0.0165600000,1.0471975512,0.0527839993,6.7345109861,0.3280958230,0.0776824614,25.0000000000,25.0000000000,11.0835952089,1.0000000000,0.0490873852
0.0165700000,1.0471975512,0.0528513502,6.7352824321,0.3272440925,0.0769654011,25.0000000000,25.0000000000,11.0836377954,1.0000000000,0.0490873852
0.0165800000,1.0471975512,0.0529187088,6.7360467151,0.3263929220,0.0762493428,25.0000000000,25.0000000000,11.0836803539,1.0000000000,0.0490873852
0.0165900000,1.0471975512,0.0529860749,6.7368038450,0.3255423143,0.0755342881,25.0000000000,25.0000000000,11.0837228843,1.0000000000,0.0490873852
0.0166000000,1.0471975512,0.0530534486,6.7375538318,0.3246922724,0.0748202382,25.0000000000,25.0000000000,11.0837653864,1.0000000000,0.0490873852
0.0166100000,1.0471975512,0.0531208297,6.7382966858,0.3238427990,0.0741071947,25.0000000000,25.0000000000,11.0838078601,1.0000000000,0.0490873852
0.0166200000,1.0471975512,0.0531882182,6.7390324168,0.3229938971,0.0733951589,25.0000000000,25.0000000000,11.0838503051,1.0000000000,0.0490873852
0.0166300000,1.0471975512,0.0532556140,6.7397610351,0.3221455694,0.0726841322,25.0000000000,25.0000000000,11.0838927215,1.0000000000,0.0490873852
0.0166400000,1.0471975512,0.0533230170,6.7404825506,0.3212978190,0.0719741160,25.0000000000,25.0000000000,11.0839351091,1.0000000000,0.0490873852
0.0166500000,1.0471975512,0.0533904272,6.7411969736,0.3204506485,0.0712651117,25.0000000000,25.0000000000,11.0839774676,1.0000000000,0.0490873852
0.0166600000,1.0471975512,0.0534578445,6.7419043142,0.3196040608,0.0705571207,25.0000000000,25.0000000000,11.0840197970,1.0000000000,0.0490873852
0.0166700000,1.0471975512,0.0535252688,6.7426045824,0.3187580587,0.0698501444,25.0000000000,25.0000000000,11.0840620971,1.0000000000,0.0490873852
0.0166800000,1.0471975512,0.0535927000,6.7432977885,0.3179126451,0.0691441840,25.0000000000,25.0000000000,11.0841043677,1.0000000000,0.0490873852
0.0166900000,1.0471975512,0.0536601381,6.7439839427,0.3170678228,0.0684392411,25.0000000000,25.0000000000,11.0841466089,1.0000000000,0.0490873852
0.0167000000,1.0471975512,0.0537275831,6.7446630550,0.3162235945,0.0677353168,25.0000000000,25.0000000000,11.0841888203,1.0000000000,0.0490873852
0.0167100000,1.0471975512,0.0537950348,6.7453351358,0.3153799630,0.0670324126,25.0000000000,25.0000000000,11.0842310018,1.0000000000,0.0490873852
0.0167200000,1.0471975512,0.0538624931,6.7460001951,0.3145369312,0.0663305298,25.0000000000,25.0000000000,11.0842731534,1.0000000000,0.0490873852
0.0167300000,1.0471975512,0.0539299580,6.7466582433,0.3136945018,0.0656296697,25.0000000000,25.0000000000,11.0843152749,1.0000000000,0.0490873852
0.0167400000,1.0471975512,0.0539974295,6.7473092906,0.3128526775,0.0649298336,25.0000000000,25.0000000000,11.0843573661,1.0000000000,0.0490873852
0.0167500000,1.0471975512,0.0540649074,6.7479533472,0.3120114611,0.0642310229,25.0000000000,25.0000000000,11.0843994269,1.0000000000,0.0490873852
0.0167600000,1.0471975512,0.0541323917,6.7485904234,0.3111708554,0.0635332388,25.0000000000,25.0000000000,11.0844414572,1.0000000000,0.0490873852
0.0167700000,1.0471975512,0.0541998824,6.7492205295,0.3103308631,0.0628364827,25.0000000000,25.0000000000,11.0844834568,1.0000000000,0.0490873852
0.0167800000,1.0471975512,0.0542673793,6.7498436757,0.3094914870,0.0621407558,25.0000000000,25.0000000000,11.0845254257,1.0000000000,0.0490873852
0.0167900000,1.0471975512,0.0543348823,6.7504598724,0.3086527297,0.0614460594,25.0000000000,25.0000000000,11.0845673635,1.0000000000,0.0490873852
0.0168000000,1.0471975512,0.0544023915,6.7510691299,0.3078145940,0.0607523948,25.0000000000,25.0000000000,11.0846092703,1.0000000000,0.0490873852
0.0168100000,1.0471975512,0.0544699067,6.7516714585,0.3069770826,0.0600597632,25.0000000000,25.0000000000,11.0846511459,1.0000000000,0.0490873852
0.0168200000,1.0471975512,0.0545374279,6.7522668685,0.3061401982,0.0593681660,25.0000000000,25.0000000000,11.0846929901,1.0000000000,0.0490873852
0.0168300000,1.0471975512,0.0546049550,6.7528553703,0.3053039435,0.0586776044,25.0000000000,25.0000000000,11.0847348028,1.0000000000,0.0490873852
0.0168400000,1.0471975512,0.0546724879,6.7534369742,0.3044683211,0.0579880796,25.0000000000,25.0000000000,11.0847765839,1.0000000000,0.0490873852
0.0168500000,1.0471975512,0.0547400266,6.7540116907,0.3036333338,0.0572995928,25.0000000000,25.0000000000,11.0848183333,1.0000000000,0.0490873852
0.0168600000,1.0471975512,0.0548075710,6.7545795301,0.3027989843,0.0566121454,25.0000000000,25.0000000000,11.0848600508,1.0000000000,0.0490873852
0.0168700000,1.0471975512,0.0548751210,6.7551405029,0.3019652751,0.0559257384,25.0000000000,25.0000000000,11.0849017362,1.0000000000,0.0490873852
0.0168800000,1.0471975512,0.0549426765,6.7556946194,0.3011322089,0.0552403732,25.0000000000,25.0000000000,11.0849433896,1.0000000000,0.0490873852
0.0168900000,1.0471975512,0.0550102376,6.7562418901,0.3002997885,0.0545560510,25.0000000000,25.0000000000,11.0849850106,1.0000000000,0.0490873852
0.0169000000,1.0471975512,0.0550778041,6.7567823253,0.2994680163,0.0538727728,25.0000000000,25.0000000000,11.0850265992,1.0000000000,0.0490873852
0.0169100000,1.0471975512,0.0551453759,6.7573159357,0.2986368952,0.0531905401,25.0000000000,25.0000000000,11.0850681552,1.0000000000,0.0490873852
0.0169200000,1.0471975512,0.0552129530,6.7578427315,0.2978064275,0.0525093538,25.0000000000,25.0000000000,11.0851096786,1.0000000000,0.0490873852
0.0169300000,1.0471975512,0.0552805354,6.7583627233,0.2969766161,0.0518292153,25.0000000000,25.0000000000,11.0851511692,1.0000000000,0.0490873852
0.0169400000,1.0471975512,0.0553481228,6.7588759217,0.2961474635,0.0511501257,25.0000000000,25.0000000000,11.0851926268,1.0000000000,0.0490873852
0.0169500000,1.0471975512,0.0554157154,6.7593823370,0.2953189723,0.0504720861,25.0000000000,25.0000000000,11.0852340514,1.0000000000,0.0490873852
0.0169600000,1.0471975512,0.0554833130,6.7598819798,0.2944911450,0.0497950978,25.0000000000,25.0000000000,11.0852754427,1.0000000000,0.0490873852
0.0169700000,1.0471975512,0.0555509155,6.7603748606,0.2936639843,0.0491191618,25.0000000000,25.0000000000,11.0853168008,1.0000000000,0.0490873852
0.0169800000,1.0471975512,0.0556185229,6.7608609899,0.2928374928,0.0484442794,25.0000000000,25.0000000000,11.0853581254,1.0000000000,0.0490873852
0.0169900000,1.0471975512,0.0556861351,6.7613403783,0.2920116730,0.0477704516,25.0000000000,25.0000000000,11.0853994164,1.0000000000,0.0490873852
0.0170000000,1.0471975512,0.0557537520,6.7618130364,0.2911865274,0.0470976796,25.0000000000,25.0000000000,11.0854406736,1.0000000000,0.0490873852
0.0170100000,1.0471975512,0.0558213737,6.7622789747,0.2903620586,0.0464259645,25.0000000000,25.0000000000,11.0854818971,1.0000000000,0.0552233084
0.0170200000,1.0471975512,0.0558889999,6.7627382037,0.2895382692,0.0457553075,25.0000000000,25.0000000000,11.0855230865,1.0000000000,0.0552233084
0.0170300000,1.0471975512,0.0559566307,6.7631907342,0.2887151617,0.0450857096,25.0000000000,25.0000000000,11.0855642419,1.0000000000,0.0552233084
0.0170400000,1.0471975512,0.0560242660,6.7636365766,0.2878927387,0.0444171719,25.0000000000,25.0000000000,11.0856053631,1.0000000000,0.0552233084
0.0170500000,1.0471975512,0.0560919056,6.7640757415,0.2870710025,0.0437496956,25.0000000000,25.0000000000,11.0856464499,1.0000000000,0.0552233084
0.0170600000,1.0471975512,0.0561595496,6.7645082397,0.2862499558,0.0430832818,25.0000000000,25.0000000000,11.0856875022,1.0000000000,0.0552233084
0.0170700000,1.0471975512,0.0562271979,6.7649340818,0.2854296011,0.0424179314,25.0000000000,25.0000000000,11.0857285199,1.0000000000,0.0552233084
0.0170800000,1.0471975512,0.0562948504,6.7653532783,0.2846099408,0.0417536457,25.0000000000,25.0000000000,11.0857695030,1.0000000000,0.0552233084
0.0170900000,1.0471975512,0.0563625070,6.7657658399,0.2837909774,0.0410904256,25.0000000000,25.0000000000,11.0858104511,1.0000000000,0.0552233084
0.0171000000,1.0471975512,0.0564301677,6.7661717773,0.2829727135,0.0404282723,25.0000000000,25.0000000000,11.0858513643,1.0000000000,0.0552233084
0.0171100000,1.0471975512,0.0564978324,6.7665711013,0.2821551514,0.0397671868,25.0000000000,25.0000000000,11.0858922424,1.0000000000,0.0552233084
0.0171200000,1.0471975512,0.0565655011,6.7669638223,0.2813382937,0.0391071700,25.0000000000,25.0000000000,11.0859330853,1.0000000000,0.0552233084
0.0171300000,1.0471975512,0.0566331736,6.7673499513,0.2805221428,0.0384482232,25.0000000000,25.0000000000,11.0859738929,1.0000000000,0.0552233084
0.0171400000,1.0471975512,0.0567008500,6.7677294987,0.2797067012,0.0377903473,25.0000000000,25.0000000000,11.0860146649,1.0000000000,0.0552233084
0.0171500000,1.0471975512,0.0567685301,6.7681024755,0.2788919712,0.0371335433,25.0000000000,25.0000000000,11.0860554014,1.0000000000,0.0552233084
0.0171600000,1.0471975512,0.0568362139,6.7684688923,0.2780779554,0.0364778122,25.0000000000,25.0000000000,11.0860961022,1.0000000000,0.0552233084
0.0171700000,1.0471975512,0.0569039013,6.7688287598,0.2772646561,0.0358231551,25.0000000000,25.0000000000,11.0861367672,1.0000000000,0.0552233084
0.0171800000,1.0471975512,0.0569715922,6.7691820888,0.2764520758,0.0351695730,25.0000000000,25.0000000000,11.0861773962,1.0000000000,0.0552233084
0.0171900000,1.0471975512,0.0570392866,6.7695288901,0.2756402169,0.0345170669,25.0000000000,25.0000000000,11.0862179892,1.0000000000,0.0552233084
0.0172000000,1.0471975512,0.0571069845,6.7698691744,0.2748290817,0.0338656378,25.0000000000,25.0000000000,11.0862585459,1.0000000000,0.0552233084
0.0172100000,1.0471975512,0.0571746857,6.7702029524,0.2740186727,0.0332152866,25.0000000000,25.0000000000,11.0862990664,1.0000000000,0.0552233084
0.0172200000,1.0471975512,0.0572423902,6.7705302351,0.2732089923,0.0325660143,25.0000000000,25.0000000000,11.0863395504,1.0000000000,0.0552233084
0.0172300000,1.0471975512,0.0573100979,6.7708510331,0.2724000428,0.0319178220,25.0000000000,25.0000000000,11.0863799979,1.0000000000,0.0552233084
0.0172400000,1.0471975512,0.0573778087,6.7711653573,0.2715918265,0.0312707105,25.0000000000,25.0000000000,11.0864204087,1.0000000000,0.0552233084
0.0172500000,1.0471975512,0.0574455227,6.7714732185,0.2707843460,0.0306246808,25.0000000000,25.0000000000,11.0864607827,1.0000000000,0.0552233084
0.0172600000,1.0471975512,0.0575132397,6.7717746276,0.2699776034,0.0299797340,25.0000000000,25.0000000000,11.0865011198,1.0000000000,0.0552233084
0.0172700000,1.0471975512,0.0575809597,6.7720695952,0.2691716012,0.0293358708,25.0000000000,25.0000000000,11.0865414199,1.0000000000,0.0552233084
0.0172800000,1.0471975512,0.0576486825,6.7723581324,0.2683663418,0.0286930923,25.0000000000,25.0000000000,11.0865816829,1.0000000000,0.0552233084
0.0172900000,1.0471975512,0.0577164082,6.7726402500,0.2675618273,0.0280513995,25.0000000000,25.0000000000,11.0866219086,1.0000000000,0.0552233084
0.0173000000,1.0471975512,0.0577841367,6.7729159588,0.2667580602,0.0274107931,25.0000000000,25.0000000000,11.0866620970,1.0000000000,0.0552233084
0.0173100000,1.0471975512,0.0578518679,6.7731852696,0.2659550427,0.0267712742,25.0000000000,25.0000000000,11.0867022479,1.0000000000,0.0552233084
0.0173200000,1.0471975512,0.0579196017,6.7734481934,0.2651527772,0.0261328436,25.0000000000,25.0000000000,11.0867423611,1.0000000000,0.0552233084
0.0173300000,1.0471975512,0.0579873381,6.7737047411,0.2643512660,0.0254955023,25.0000000000,25.0000000000,11.0867824367,1.0000000000,0.0552233084
0.0173400000,1.0471975512,0.0580550771,6.7739549236,0.2635505114,0.0248592511,25.0000000000,25.0000000000,11.0868224744,1.0000000000,0.0552233084
0.0173500000,1.0471975512,0.0581228184,6.7741987517,0.2627505155,0.0242240910,25.0000000000,25.0000000000,11.0868624742,1.0000000000,0.0552233084
0.0173600000,1.0471975512,0.0581905622,6.7744362364,0.2619512808,0.0235900227,25.0000000000,25.0000000000,11.0869024360,1.0000000000,0.0552233084
0.0173700000,1.0471975512,0.0582583083,6.7746673887,0.2611528095,0.0229570473,25.0000000000,25.0000000000,11.0869423595,1.0000000000,0.0552233084
0.0173800000,1.0471975512,0.0583260567,6.7748922193,0.2603551038,0.0223251656,25.0000000000,25.0000000000,11.0869822448,1.0000000000,0.0552233084
0.0173900000,1.0471975512,0.0583938072,6.7751107394,0.2595581660,0.0216943784,25.0000000000,25.0000000000,11.0870220917,1.0000000000,0.0552233084
0.0174000000,1.0471975512,0.0584615599,6.7753229598,0.2587619984,0.0210646866,25.0000000000,25.0000000000,11.0870619001,1.0000000000,0.0552233084
0.0174100000,1.0471975512,0.0585293147,6.7755288915,0.2579666031,0.0204360910,25.0000000000,25.0000000000,11.0871016698,1.0000000000,0.0552233084
0.0174200000,1.0471975512,0.0585970715,6.7757285455,0.2571719824,0.0198085925,25.0000000000,25.0000000000,11.0871414009,1.0000000000,0.0552233084
0.0174300000,1.0471975512,0.0586648303,6.7759219328,0.2563781386,0.0191821919,25.0000000000,25.0000000000,11.0871810931,1.0000000000,0.0552233084
0.0174400000,1.0471975512,0.0587325909,6.7761090642,0.2555850738,0.0185568901,25.0000000000,25.0000000000,11.0872207463,1.0000000000,0.0552233084
0.0174500000,1.0471975512,0.0588003533,6.7762899509,0.2547927902,0.0179326878,25.0000000000,25.0000000000,11.0872603605,1.0000000000,0.0552233084
0.0174600000,1.0471975512,0.0588681175,6.7764646038,0.2540012900,0.0173095859,25.0000000000,25.0000000000,11.0872999355,1.0000000000,0.0552233084
0.0174700000,1.0471975512,0.0589358835,6.7766330340,0.2532105755,0.0166875853,25.0000000000,25.0000000000,11.0873394712,1.0000000000,0.0552233084
0.0174800000,1.0471975512,0.0590036510,6.7767952524,0.2524206488,0.0160666866,25.0000000000,25.0000000000,11.0873789676,1.0000000000,0.0552233084
0.0174900000,1.0471975512,0.0590714201,6.7769512701,0.2516315121,0.0154468907,25.0000000000,25.0000000000,11.0874184244,1.0000000000,0.0552233084
0.0175000000,1.0471975512,0.0591391908,6.7771010982,0.2508431675,0.0148281984,25.0000000000,25.0000000000,11.0874578416,1.0000000000,0.0552233084
0.0175100000,1.0471975512,0.0592069629,6.7772447476,0.2500556172,0.0142106105,25.0000000000,25.0000000000,11.0874972191,1.0000000000,0.0552233084
0.0175200000,1.0471975512,0.0592747364,6.7773822293,0.2492688634,0.0135941278,25.0000000000,25.0000000000,11.0875365568,1.0000000000,0.0552233084
0.0175300000,1.0471975512,0.0593425112,6.7775135546,0.2484829082,0.0129787509,25.0000000000,25.0000000000,11.0875758546,1.0000000000,0.0552233084
0.0175400000,1.0471975512,0.0594102872,6.7776387344,0.2476977537,0.0123644808,25.0000000000,25.0000000000,11.0876151123,1.0000000000,0.0552233084
0.0175500000,1.0471975512,0.0594780645,6.7777577798,0.2469134021,0.0117513180,25.0000000000,25.0000000000,11.0876543299,1.0000000000,0.0552233084
0.0175600000,1.0471975512,0.0595458430,6.7778707019,0.2461298555,0.0111392635,25.0000000000,25.0000000000,11.0876935072,1.0000000000,0.0552233084
0.0175700000,1.0471975512,0.0596136225,6.7779775117,0.2453471159,0.0105283179,25.0000000000,25.0000000000,11.0877326442,1.0000000000,0.0552233084
0.0175800000,1.0471975512,0.0596814030,6.7780782204,0.2445651856,0.0099184819,25.0000000000,25.0000000000,11.0877717407,1.0000000000,0.0552233084
0.0175900000,1.0471975512,0.0597491845,6.7781728391,0.2437840665,0.0093097564,25.0000000000,25.0000000000,11.0878107967,1.0000000000,0.0552233084
0.0176000000,1.0471975512,0.0598169669,6.7782613789,0.2430037609,0.0087021420,25.0000000000,25.0000000000,11.0878498120,1.0000000000,0.0552233084
0.0176100000,1.0471975512,0.0598847501,6.7783438508,0.2422242707,0.0080956394,25.0000000000,25.0000000000,11.0878887865,1.0000000000,0.0552233084
0.0176200000,1.0471975512,0.0599525341,6.7784202661,0.2414455980,0.0074902494,25.0000000000,25.0000000000,11.0879277201,1.0000000000,0.0552233084
0.0176300000,1.0471975512,0.0600203189,6.7784906358,0.2406677449,0.0068859726,25.0000000000,25.0000000000,11.0879666128,1.0000000000,0.0552233084
0.0176400000,1.0471975512,0.0600881043,6.7785549711,0.2398907135,0.0062828098,25.0000000000,25.0000000000,11.0880054643,1.0000000000,0.0552233084
0.0176500000,1.0471975512,0.0601558903,6.7786132832,0.2391145058,0.0056807616,25.0000000000,25.0000000000,11.0880442747,1.0000000000,0.0552233084
0.0176600000,1.0471975512,0.0602236768,6.7786655831,0.2383391239,0.0050798288,25.0000000000,25.0000000000,11.0880830438,1.0000000000,0.0552233084
0.0176700000,1.0471975512,0.0602914638,6.7787118821,0.2375645697,0.0044800119,25.0000000000,25.0000000000,11.0881217715,1.0000000000,0.0552233084
0.0176800000,1.0471975512,0.0603592512,6.7787521912,0.2367908454,0.0038813118,25.0000000000,25.0000000000,11.0881604577,1.0000000000,0.0552233084
0.0176900000,1.0471975512,0.0604270390,6.7787865218,0.2360179529,0.0032837290,25.0000000000,25.0000000000,11.0881991024,1.0000000000,0.0552233084
0.0177000000,1.0471975512,0.0604948271,6.7788148849,0.2352458942,0.0026872642,25.0000000000,25.0000000000,11.0882377053,1.0000000000,0.0552233084
0.0177100000,1.0471975512,0.0605626154,6.7788372917,0.2344746714,0.0020919180,25.0000000000,25.0000000000,11.0882762664,1.0000000000,0.0552233084
0.0177200000,1.0471975512,0.0606304039,6.7788537535,0.2337042865,0.0014976912,25.0000000000,25.0000000000,11.0883147857,1.0000000000,0.0552233084
0.0177300000,1.0471975512,0.0606981925,6.7788642814,0.2329347414,0.0009045843,25.0000000000,25.0000000000,11.0883532629,1.0000000000,0.0552233084
0.0177400000,1.0471975512,0.0607659812,6.7788688867,0.2321660381,0.0003125979,25.0000000000,25.0000000000,11.0883916981,1.0000000000,0.0552233084
0.0177500000,1.0471975512,0.0608337699,6.7788675805,0.2313981785,-0.0002782672,25.0000000000,25.0000000000,11.0884300911,1.0000000000,0.0552233084
0.0177600000,1.0471975512,0.0609015585,6.7788603740,0.2306311648,-0.0008680105,25.0000000000,25.0000000000,11.0884684418,1.0000000000,0.0552233084
0.0177700000,1.0471975512,0.0609693470,6.7788472786,0.2298649988,-0.0014566313,25.0000000000,25.0000000000,11.0885067501,1.0000000000,0.0552233084
0.0177800000,1.0471975512,0.0610371354,6.7788283053,0.2290996824,-0.0020441292,25.0000000000,25.0000000000,11.0885450159,1.0000000000,0.0552233084
0.0177900000,1.0471975512,0.0611049235,6.7788034655,0.2283352176,-0.0026305033,25.0000000000,25.0000000000,11.0885832391,1.0000000000,0.0552233084
0.0178000000,1.0471975512,0.0611727113,6.7787727704,0.2275716064,-0.0032157533,25.0000000000,25.0000000000,11.0886214197,1.0000000000,0.0552233084
0.0178100000,1.0471975512,0.0612404987,6.7787362312,0.2268088507,-0.0037998784,25.0000000000,25.0000000000,11.0886595575,1.0000000000,0.0552233084
0.0178200000,1.0471975512,0.0613082858,6.7786938592,0.2260469523,-0.0043828781,25.0000000000,25.0000000000,11.0886976524,1.0000000000,0.0552233084
0.0178300000,1.0471975512,0.0613760724,6.7786456657,0.2252859133,-0.0049647518,25.0000000000,25.0000000000,11.0887357043,1.0000000000,0.0552233084
0.0178400000,1.0471975512,0.0614438584,6.7785916619,0.2245257354,-0.0055454989,25.0000000000,25.0000000000,11.0887737132,1.0000000000,0.0552233084
0.0178500000,1.0471975512,0.0615116439,6.7785318590,0.2237664207,-0.0061251190,25.0000000000,25.0000000000,11.0888116790,1.0000000000,0.0552233084
0.0178600000,1.0471975512,0.0615794287,6.7784662684,0.2230079710,-0.0067036113,25.0000000000,25.0000000000,11.0888496015,1.0000000000,0.0552233084
0.0178700000,1.0471975512,0.0616472128,6.7783949014,0.2222503881,-0.0072809755,25.0000000000,25.0000000000,11.0888874806,1.0000000000,0.0552233084
0.0178800000,1.0471975512,0.0617149962,6.7783177692,0.2214936740,-0.0078572108,25.0000000000,25.0000000000,11.0889253163,1.0000000000,0.0552233084
0.0178900000,1.0471975512,0.0617827788,6.7782348830,0.2207378305,-0.0084323169,25.0000000000,25.0000000000,11.0889631085,1.0000000000,0.0552233084
0.0179000000,1.0471975512,0.0618505605,6.7781462544,0.2199828596,-0.0090062931,25.0000000000,25.0000000000,11.0890008570,1.0000000000,0.0552233084
0.0179100000,1.0471975512,0.0619183412,6.7780518944,0.2192287629,-0.0095791389,25.0000000000,25.0000000000,11.0890385619,1.0000000000,0.0552233084
0.0179200000,1.0471975512,0.0619861210,6.7779518144,0.2184755424,-0.0101508539,25.0000000000,25.0000000000,11.0890762229,1.0000000000,0.0552233084
0.0179300000,1.0471975512,0.0620538997,6.7778460258,0.2177232000,-0.0107214374,25.0000000000,25.0000000000,11.0891138400,1.0000000000,0.0552233084
0.0179400000,1.0471975512,0.0621216773,6.7777345398,0.2169717373,-0.0112908891,25.0000000000,25.0000000000,11.0891514131,1.0000000000,0.0552233084
0.0179500000,1.0471975512,0.0621894538,6.7776173678,0.2162211564,-0.0118592083,25.0000000000,25.0000000000,11.0891889422,1.0000000000,0.0552233084
0.0179600000,1.0471975512,0.0622572291,6.7774945211,0.2154714589,-0.0124263947,25.0000000000,25.0000000000,11.0892264271,1.0000000000,0.0552233084
0.0179700000,1.0471975512,0.0623250031,6.7773660111,0.2147226467,-0.0129924476,25.0000000000,25.0000000000,11.0892638677,1.0000000000,0.0552233084
0.0179800000,1.0471975512,0.0623927757,6.7772318490,0.2139747216,-0.0135573667,25.0000000000,25.0000000000,11.0893012639,1.0000000000,0.0552233084
0.0179900000,1.0471975512,0.0624605470,6.7770920462,0.2132276854,-0.0141211515,25.0000000000,25.0000000000,11.0893386157,1.0000000000,0.0552233084
0.0180000000,1.0471975512,0.0625283168,6.7769466141,0.2124815399,-0.0146838014,25.0000000000,25.0000000000,11.0893759230,1.0000000000,0.0552233084
0.0180100000,1.0471975512,0.0625960852,6.7767955641,0.2117362868,-0.0152453160,25.0000000000,25.0000000000,11.0894131857,1.0000000000,0.0628932123
0.0180200000,1.0471975512,0.0626638519,6.7766389074,0.2109919278,-0.0158056949,25.0000000000,25.0000000000,11.0894504036,1.0000000000,0.0628932123
0.0180300000,1.0471975512,0.0627316171,6.7764766554,0.2102484649,-0.0163649376,25.0000000000,25.0000000000,11.0894875768,1.0000000000,0.0628932123
0.0180400000,1.0471975512,0.0627993806,6.7763088195,0.2095058997,-0.0169230437,25.0000000000,25.0000000000,11.0895247050,1.0000000000,0.0628932123
0.0180500000,1.0471975512,0.0628671424,6.7761354111,0.2087642340,-0.0174800128,25.0000000000,25.0000000000,11.0895617883,1.0000000000,0.0628932123
0.0180600000,1.0471975512,0.0629349024,6.7759564415,0.2080234694,-0.0180358443,25.0000000000,25.0000000000,11.0895988265,1.0000000000,0.0628932123
0.0180700000,1.0471975512,0.0630026606,6.7757719221,0.2072836079,-0.0185905378,25.0000000000,25.0000000000,11.0896358196,1.0000000000,0.0628932123
0.0180800000,1.0471975512,0.0630704169,6.7755818644,0.2065446509,-0.0191440931,25.0000000000,25.0000000000,11.0896727675,1.0000000000,0.0628932123
0.0180900000,1.0471975512,0.0631381713,6.7753862796,0.2058066004,-0.0196965095,25.0000000000,25.0000000000,11.0897096700,1.0000000000,0.0628932123
0.0181000000,1.0471975512,0.0632059236,6.7751851792,0.2050694580,-0.0202477868,25.0000000000,25.0000000000,11.0897465271,1.0000000000,0.0628932123
0.0181100000,1.0471975512,0.0632736739,6.7749785746,0.2043332253,-0.0207979246,25.0000000000,25.0000000000,11.0897833387,1.0000000000,0.0628932123
0.0181200000,1.0471975512,0.0633414221,6.7747664772,0.2035979042,-0.0213469223,25.0000000000,25.0000000000,11.0898201048,1.0000000000,0.0628932123
0.0181300000,1.0471975512,0.0634091682,6.7745488983,0.2028634962,-0.0218947797,25.0000000000,25.0000000000,11.0898568252,1.0000000000,0.0628932123
0.0181400000,1.0471975512,0.0634769120,6.7743258494,0.2021300031,-0.0224414963,25.0000000000,25.0000000000,11.0898934998,1.0000000000,0.0628932123
0.0181500000,1.0471975512,0.0635446535,6.7740973419,0.2013974265,-0.0229870718,25.0000000000,25.0000000000,11.0899301287,1.0000000000,0.0628932123
0.0181600000,1.0471975512,0.0636123928,6.7738633873,0.2006657682,-0.0235315058,25.0000000000,25.0000000000,11.0899667116,1.0000000000,0.0628932123
0.0181700000,1.0471975512,0.0636801296,6.7736239968,0.1999350296,-0.0240747980,25.0000000000,25.0000000000,11.0900032485,1.0000000000,0.0628932123
0.0181800000,1.0471975512,0.0637478640,6.7733791820,0.1992052126,-0.0246169479,25.0000000000,25.0000000000,11.0900397394,1.0000000000,0.0628932123
0.0181900000,1.0471975512,0.0638155959,6.7731289542,0.1984763187,-0.0251579553,25.0000000000,25.0000000000,11.0900761841,1.0000000000,0.0628932123
0.0182000000,1.0471975512,0.0638833253,6.7728733250,0.1977483496,-0.0256978197,25.0000000000,25.0000000000,11.0901125825,1.0000000000,0.0628932123
0.0182100000,1.0471975512,0.0639510521,6.7726123057,0.1970213069,-0.0262365409,25.0000000000,25.0000000000,11.0901489347,1.0000000000,0.0628932123
0.0182200000,1.0471975512,0.0640187762,6.7723459077,0.1962951923,-0.0267741184,25.0000000000,25.0000000000,11.0901852404,1.0000000000,0.0628932123
0.0182300000,1.0471975512,0.0640864976,6.7720741425,0.1955700072,-0.0273105520,25.0000000000,25.0000000000,11.0902214996,1.0000000000,0.0628932123
0.0182400000,1.0471975512,0.0641542163,6.7717970216,0.1948457535,-0.0278458414,25.0000000000,25.0000000000,11.0902577123,1.0000000000,0.0628932123
0.0182500000,1.0471975512,0.0642219322,6.7715145564,0.1941224326,-0.0283799862,25.0000000000,25.0000000000,11.0902938784,1.0000000000,0.0628932123
0.0182600000,1.0471975512,0.0642896452,6.7712267583,0.1934000461,-0.0289129861,25.0000000000,25.0000000000,11.0903299977,1.0000000000,0.0628932123
0.0182700000,1.0471975512,0.0643573552,6.7709336389,0.1926785956,-0.0294448408,25.0000000000,25.0000000000,11.0903660702,1.0000000000,0.0628932123
0.0182800000,1.0471975512,0.0644250623,6.7706352094,0.1919580828,-0.0299755500,25.0000000000,25.0000000000,11.0904020959,1.0000000000,0.0628932123
0.0182900000,1.0471975512,0.0644927664,6.7703314815,0.1912385091,-0.0305051135,25.0000000000,25.0000000000,11.0904380745,1.0000000000,0.0628932123
0.0183000000,1.0471975512,0.0645604674,6.7700224665,0.1905198761,-0.0310335308,25.0000000000,25.0000000000,11.0904740062,1.0000000000,0.0628932123
0.0183100000,1.0471975512,0.0646281653,6.7697081759,0.1898021854,-0.0315608018,25.0000000000,25.0000000000,11.0905098907,1.0000000000,0.0628932123
0.0183200000,1.0471975512,0.0646958600,6.7693886213,0.1890854386,-0.0320869262,25.0000000000,25.0000000000,11.0905457281,1.0000000000,0.0628932123
0.0183300000,1.0471975512,0.0647635514,6.7690638140,0.1883696371,-0.0326119036,25.0000000000,25.0000000000,11.0905815181,1.0000000000,0.0628932123
0.0183400000,1.0471975512,0.0648312396,6.7687337655,0.1876547825,-0.0331357339,25.0000000000,25.0000000000,11.0906172609,1.0000000000,0.0628932123
0.0183500000,1.0471975512,0.0648989244,6.7683984873,0.1869408764,-0.0336584167,25.0000000000,25.0000000000,11.0906529562,1.0000000000,0.0628932123
0.0183600000,1.0471975512,0.0649666058,6.7680579909,0.1862279202,-0.0341799519,25.0000000000,25.0000000000,11.0906886040,1.0000000000,0.0628932123
0.0183700000,1.0471975512,0.0650342838,6.7677122878,0.1855159155,-0.0347003391,25.0000000000,25.0000000000,11.0907242042,1.0000000000,0.0628932123
0.0183800000,1.0471975512,0.0651019583,6.7673613894,0.1848048637,-0.0352195781,25.0000000000,25.0000000000,11.0907597568,1.0000000000,0.0628932123
0.0183900000,1.0471975512,0.0651696293,6.7670053072,0.1840947664,-0.0357376687,25.0000000000,25.0000000000,11.0907952617,1.0000000000,0.0628932123
0.0184000000,1.0471975512,0.0652372966,6.7666440527,0.1833856251,-0.0362546107,25.0000000000,25.0000000000,11.0908307187,1.0000000000,0.0628932123
0.0184100000,1.0471975512,0.0653049603,6.7662776374,0.1826774411,-0.0367704038,25.0000000000,25.0000000000,11.0908661279,1.0000000000,0.0628932123
0.0184200000,1.0471975512,0.0653726203,6.7659060729,0.1819702161,-0.0372850478,25.0000000000,25.0000000000,11.0909014892,1.0000000000,0.0628932123
0.0184300000,1.0471975512,0.0654402765,6.7655293704,0.1812639514,-0.0377985426,25.0000000000,25.0000000000,11.0909368024,1.0000000000,0.0628932123
0.0184400000,1.0471975512,0.0655079290,6.7651475417,0.1805586486,-0.0383108878,25.0000000000,25.0000000000,11.0909720676,1.0000000000,0.0628932123
0.0184500000,1.0471975512,0.0655755776,6.7647605981,0.1798543091,-0.0388220833,25.0000000000,25.0000000000,11.0910072845,1.0000000000,0.0628932123
0.0184600000,1.0471975512,0.0656432222,6.7643685513,0.1791509342,-0.0393321289,25.0000000000,25.0000000000,11.0910424533,1.0000000000,0.0628932123
0.0184700000,1.0471975512,0.0657108629,6.7639714125,0.1784485256,-0.0398410244,25.0000000000,25.0000000000,11.0910775737,1.0000000000,0.0628932123
0.0184800000,1.0471975512,0.0657784996,6.7635691935,0.1777470846,-0.0403487696,25.0000000000,25.0000000000,11.0911126458,1.0000000000,0.0628932123
0.0184900000,1.0471975512,0.0658461323,6.7631619056,0.1770466125,-0.0408553644,25.0000000000,25.0000000000,11.0911476694,1.0000000000,0.0628932123
0.0185000000,1.0471975512,0.0659137608,6.7627495604,0.1763471109,-0.0413608085,25.0000000000,25.0000000000,11.0911826445,1.0000000000,0.0628932123
0.0185100000,1.0471975512,0.0659813852,6.7623321694,0.1756485812,-0.0418651018,25.0000000000,25.0000000000,11.0912175709,1.0000000000,0.0628932123
0.0185200000,1.0471975512,0.0660490053,6.7619097441,0.1749510247,-0.0423682442,25.0000000000,25.0000000000,11.0912524488,1.0000000000,0.0628932123
0.0185300000,1.0471975512,0.0661166212,6.7614822960,0.1742544429,-0.0428702354,25.0000000000,25.0000000000,11.0912872779,1.0000000000,0.0628932123
0.0185400000,1.0471975512,0.0661842328,6.7610498366,0.1735588371,-0.0433710754,25.0000000000,25.0000000000,11.0913220581,1.0000000000,0.0628932123
0.0185500000,1.0471975512,0.0662518400,6.7606123775,0.1728642087,-0.0438707640,25.0000000000,25.0000000000,11.0913567896,1.0000000000,0.0628932123
0.0185600000,1.0471975512,0.0663194428,6.7601699301,0.1721705591,-0.0443693010,25.0000000000,25.0000000000,11.0913914720,1.0000000000,0.0628932123
0.0185700000,1.0471975512,0.0663870412,6.7597225060,0.1714778897,-0.0448666864,25.0000000000,25.0000000000,11.0914261055,1.0000000000,0.0628932123
0.0185800000,1.0471975512,0.0664546350,6.7592701166,0.1707862017,-0.0453629199,25.0000000000,25.0000000000,11.0914606899,1.0000000000,0.0628932123
0.0185900000,1.0471975512,0.0665222243,6.7588127736,0.1700954967,-0.0458580015,25.0000000000,25.0000000000,11.0914952252,1.0000000000,0.0628932123
0.0186000000,1.0471975512,0.0665898090,6.7583504884,0.1694057758,-0.0463519310,25.0000000000,25.0000000000,11.0915297112,1.0000000000,0.0628932123
0.0186100000,1.0471975512,0.0666573890,6.7578832726,0.1687170405,-0.0468447084,25.0000000000,25.0000000000,11.0915641480,1.0000000000,0.0628932123
0.0186200000,1.0471975512,0.0667249643,6.7574111376,0.1680292921,-0.0473363335,25.0000000000,25.0000000000,11.0915985354,1.0000000000,0.0628932123
0.0186300000,1.0471975512,0.0667925348,6.7569340950,0.1673425319,-0.0478268062,25.0000000000,25.0000000000,11.0916328734,1.0000000000,0.0628932123
0.0186400000,1.0471975512,0.0668601005,6.7564521563,0.1666567612,-0.0483161265,25.0000000000,25.0000000000,11.0916671619,1.0000000000,0.0628932123
0.0186500000,1.0471975512,0.0669276614,6.7559653330,0.1659719814,-0.0488042942,25.0000000000,25.0000000000,11.0917014009,1.0000000000,0.0628932123
0.0186600000,1.0471975512,0.0669952174,6.7554736368,0.1652881937,-0.0492913093,25.0000000000,25.0000000000,11.0917355903,1.0000000000,0.0628932123
0.0186700000,1.0471975512,0.0670627684,6.7549770790,0.1646053994,-0.0497771716,25.0000000000,25.0000000000,11.0917697300,1.0000000000,0.0628932123
0.0186800000,1.0471975512,0.0671303144,6.7544756712,0.1639235998,-0.0502618812,25.0000000000,25.0000000000,11.0918038200,1.0000000000,0.0628932123
0.0186900000,1.0471975512,0.0671978554,6.7539694250,0.1632427963,-0.0507454379,25.0000000000,25.0000000000,11.0918378602,1.0000000000,0.0628932123
0.0187000000,1.0471975512,0.0672653912,6.7534583519,0.1625629900,-0.0512278417,25.0000000000,25.0000000000,11.0918718505,1.0000000000,0.0628932123
0.0187100000,1.0471975512,0.0673329219,6.7529424634,0.1618841822,-0.0517090926,25.0000000000,25.0000000000,11.0919057909,1.0000000000,0.0628932123
0.0187200000,1.0471975512,0.0674004475,6.7524217710,0.1612063743,-0.0521891904,25.0000000000,25.0000000000,11.0919396813,1.0000000000,0.0628932123
0.0187300000,1.0471975512,0.0674679677,6.7518962863,0.1605295674,-0.0526681351,25.0000000000,25.0000000000,11.0919735216,1.0000000000,0.0628932123
0.0187400000,1.0471975512,0.0675354827,6.7513660208,0.1598537628,-0.0531459268,25.0000000000,25.0000000000,11.0920073119,1.0000000000,0.0628932123
0.0187500000,1.0471975512,0.0676029924,6.7508309860,0.1591789618,-0.0536225653,25.0000000000,25.0000000000,11.0920410519,1.0000000000,0.0628932123
0.0187600000,1.0471975512,0.0676704966,6.7502911935,0.1585051656,-0.0540980506,25.0000000000,25.0000000000,11.0920747417,1.0000000000,0.0628932123
0.0187700000,1.0471975512,0.0677379955,6.7497466548,0.1578323753,-0.0545723828,25.0000000000,25.0000000000,11.0921083812,1.0000000000,0.0628932123
0.0187800000,1.0471975512,0.0678054888,6.7491973814,0.1571605923,-0.0550455617,25.0000000000,25.0000000000,11.0921419704,1.0000000000,0.0628932123
0.0187900000,1.0471975512,0.0678729766,6.7486433848,0.1564898176,-0.0555175874,25.0000000000,25.0000000000,11.0921755091,1.0000000000,0.0628932123
0.0188000000,1.0471975512,0.0679404589,6.7480846767,0.1558200527,-0.0559884599,25.0000000000,25.0000000000,11.0922089974,1.0000000000,0.0628932123
0.0188100000,1.0471975512,0.0680079355,6.7475212685,0.1551512985,-0.0564581791,25.0000000000,25.0000000000,11.0922424351,1.0000000000,0.0628932123
0.0188200000,1.0471975512,0.0680754065,6.7469531717,0.1544835564,-0.0569267451,25.0000000000,25.0000000000,11.0922758222,1.0000000000,0.0628932123
0.0188300000,1.0471975512,0.0681428717,6.7463803980,0.1538168275,-0.0573941579,25.0000000000,25.0000000000,11.0923091586,1.0000000000,0.0628932123
0.0188400000,1.0471975512,0.0682103312,6.7458029587,0.1531511129,-0.0578604175,25.0000000000,25.0000000000,11.0923424444,1.0000000000,0.0628932123
0.0188500000,1.0471975512,0.0682777849,6.7452208655,0.1524864139,-0.0583255239,25.0000000000,25.0000000000,11.0923756793,1.0000000000,0.0628932123
0.0188600000,1.0471975512,0.0683452327,6.7446341299,0.1518227317,-0.0587894772,25.0000000000,25.0000000000,11.0924088634,1.0000000000,0.0628932123
0.0188700000,1.0471975512,0.0684126746,6.7440427634,0.1511600673,-0.0592522773,25.0000000000,25.0000000000,11.0924419966,1.0000000000,0.0628932123
0.0188800000,1.0471975512,0.0684801105,6.7434467776,0.1504984219,-0.0597139243,25.0000000000,25.0000000000,11.0924750789,1.0000000000,0.0628932123
0.0188900000,1.0471975512,0.0685475405,6.7428461839,0.1498377967,-0.0601744183,25.0000000000,25.0000000000,11.0925081102,1.0000000000,0.0628932123
0.0189000000,1.0471975512,0.0686149644,6.7422409939,0.1491781927,-0.0606337592,25.0000000000,25.0000000000,11.0925410904,1.0000000000,0.0628932123
0.0189100000,1.0471975512,0.0686823823,6.7416312192,0.1485196112,-0.0610919472,25.0000000000,25.0000000000,11.0925740194,1.0000000000,0.0628932123
0.0189200000,1.0471975512,0.0687497940,6.7410168713,0.1478620533,-0.0615489823,25.0000000000,25.0000000000,11.0926068973,1.0000000000,0.0628932123
0.0189300000,1.0471975512,0.0688171995,6.7403979616,0.1472055200,-0.0620048646,25.0000000000,25.0000000000,11.0926397240,1.0000000000,0.0628932123
0.0189400000,1.0471975512,0.0688845988,6.7397745018,0.1465500125,-0.0624595941,25.0000000000,25.0000000000,11.0926724994,1.0000000000,0.0628932123
0.0189500000,1.0471975512,0.0689519918,6.7391465033,0.1458955318,-0.0629131709,25.0000000000,25.0000000000,11.0927052234,1.0000000000,0.0628932123
0.0189600000,1.0471975512,0.0690193786,6.7385139777,0.1452420791,-0.0633655951,25.0000000000,25.0000000000,11.0927378960,1.0000000000,0.0628932123
0.0189700000,1.0471975512,0.0690867589,6.7378769365,0.1445896554,-0.0638168667,25.0000000000,25.0000000000,11.0927705172,1.0000000000,0.0628932123
0.0189800000,1.0471975512,0.0691541329,6.7372353912,0.1439382619,-0.0642669859,25.0000000000,25.0000000000,11.0928030869,1.0000000000,0.0628932123
0.0189900000,1.0471975512,0.0692215004,6.7365893533,0.1432878996,-0.0647159527,25.0000000000,25.0000000000,11.0928356050,1.0000000000,0.0628932123
0.0190000000,1.0471975512,0.0692888614,6.7359388345,0.1426385695,-0.0651637673,25.0000000000,25.0000000000,11.0928680715,1.0000000000,0.0628932123
0.0190100000,1.0471975512,0.0693562159,6.7352838461,0.1419902728,-0.0656104297,25.0000000000,25.0000000000,11.0929004864,1.0000000000,0.0690291355
0.0190200000,1.0471975512,0.0694235638,6.7346243998,0.1413430105,-0.0660559401,25.0000000000,25.0000000000,11.0929328495,1.0000000000,0.0690291355
0.0190300000,1.0471975512,0.0694909051,6.7339605070,0.1406967836,-0.0665002985,25.0000000000,25.0000000000,11.0929651608,1.0000000000,0.0690291355
0.0190400000,1.0471975512,0.0695582397,6.7332921792,0.1400515931,-0.0669435052,25.0000000000,25.0000000000,11.0929974203,1.0000000000,0.0690291355
0.0190500000,1.0471975512,0.0696255675,6.7326194280,0.1394074402,-0.0673855601,25.0000000000,25.0000000000,11.0930296280,1.0000000000,0.0690291355
0.0190600000,1.0471975512,0.0696928887,6.7319422649,0.1387643257,-0.0678264635,25.0000000000,25.0000000000,11.0930617837,1.0000000000,0.0690291355
0.0190700000,1.0471975512,0.0697602030,6.7312607014,0.1381222509,-0.0682662154,25.0000000000,25.0000000000,11.0930938875,1.0000000000,0.0690291355
0.0190800000,1.0471975512,0.0698275104,6.7305747491,0.1374812165,-0.0687048161,25.0000000000,25.0000000000,11.0931259392,1.0000000000,0.0690291355
0.0190900000,1.0471975512,0.0698948110,6.7298844193,0.1368412238,-0.0691422656,25.0000000000,25.0000000000,11.0931579388,1.0000000000,0.0690291355
0.0191000000,1.0471975512,0.0699621046,6.7291897237,0.1362022736,-0.0695785642,25.0000000000,25.0000000000,11.0931898863,1.0000000000,0.0690291355
0.0191100000,1.0471975512,0.0700293913,6.7284906737,0.1355643669,-0.0700137119,25.0000000000,25.0000000000,11.0932217817,1.0000000000,0.0690291355
0.0191200000,1.0471975512,0.0700966709,6.7277872809,0.1349275048,-0.0704477089,25.0000000000,25.0000000000,11.0932536248,1.0000000000,0.0690291355
0.0191300000,1.0471975512,0.0701639435,6.7270795568,0.1342916882,-0.0708805554,25.0000000000,25.0000000000,11.0932854156,1.0000000000,0.0690291355
0.0191400000,1.0471975512,0.0702312090,6.7263675128,0.1336569181,-0.0713122516,25.0000000000,25.0000000000,11.0933171541,1.0000000000,0.0690291355
0.0191500000,1.0471975512,0.0702984673,6.7256511604,0.1330231954,-0.0717427976,25.0000000000,25.0000000000,11.0933488402,1.0000000000,0.0690291355
0.0191600000,1.0471975512,0.0703657184,6.7249305113,0.1323905212,-0.0721721936,25.0000000000,25.0000000000,11.0933804739,1.0000000000,0.0690291355
0.0191700000,1.0471975512,0.0704329622,6.7242055768,0.1317588963,-0.0726004398,25.0000000000,25.0000000000,11.0934120552,1.0000000000,0.0690291355
0.0191800000,1.0471975512,0.0705001988,6.7234763684,0.1311283217,-0.0730275364,25.0000000000,25.0000000000,11.0934435839,1.0000000000,0.0690291355
0.0191900000,1.0471975512,0.0705674281,6.7227428977,0.1304987984,-0.0734534836,25.0000000000,25.0000000000,11.0934750601,1.0000000000,0.0690291355
0.0192000000,1.0471975512,0.0706346500,6.7220051762,0.1298703273,-0.0738782815,25.0000000000,25.0000000000,11.0935064836,1.0000000000,0.0690291355
0.0192100000,1.0471975512,0.0707018645,6.7212632153,0.1292429092,-0.0743019305,25.0000000000,25.0000000000,11.0935378545,1.0000000000,0.0690291355
0.0192200000,1.0471975512,0.0707690715,6.7205170265,0.1286165452,-0.0747244306,25.0000000000,25.0000000000,11.0935691727,1.0000000000,0.0690291355
0.0192300000,1.0471975512,0.0708362711,6.7197666214,0.1279912361,-0.0751457822,25.0000000000,25.0000000000,11.0936004382,1.0000000000,0.0690291355
0.0192400000,1.0471975512,0.0709034631,6.7190120113,0.1273669829,-0.0755659854,25.0000000000,25.0000000000,11.0936316509,1.0000000000,0.0690291355
0.0192500000,1.0471975512,0.0709706475,6.7182532078,0.1267437864,-0.0759850404,25.0000000000,25.0000000000,11.0936628107,1.0000000000,0.0690291355
0.0192600000,1.0471975512,0.0710378243,6.7174902224,0.1261216475,-0.0764029475,25.0000000000,25.0000000000,11.0936939176,1.0000000000,0.0690291355
0.0192700000,1.0471975512,0.0711049935,6.7167230665,0.1255005671,-0.0768197070,25.0000000000,25.0000000000,11.0937249716,1.0000000000,0.0690291355
0.0192800000,1.0471975512,0.0711721549,6.7159517516,0.1248805461,-0.0772353190,25.0000000000,25.0000000000,11.0937559727,1.0000000000,0.0690291355
0.0192900000,1.0471975512,0.0712393086,6.7151762892,0.1242615854,-0.0776497838,25.0000000000,25.0000000000,11.0937869207,1.0000000000,0.0690291355
0.0193000000,1.0471975512,0.0713064546,6.7143966908,0.1236436859,-0.0780631017,25.0000000000,25.0000000000,11.0938178157,1.0000000000,0.0690291355
0.0193100000,1.0471975512,0.0713735926,6.7136129678,0.1230268483,-0.0784752728,25.0000000000,25.0000000000,11.0938486576,1.0000000000,0.0690291355
0.0193200000,1.0471975512,0.0714407229,6.7128251316,0.1224110735,-0.0788862976,25.0000000000,25.0000000000,11.0938794463,1.0000000000,0.0690291355
0.0193300000,1.0471975512,0.0715078452,6.7120331939,0.1217963625,-0.0792961761,25.0000000000,25.0000000000,11.0939101819,1.0000000000,0.0690291355
0.0193400000,1.0471975512,0.0715749595,6.7112371659,0.1211827160,-0.0797049088,25.0000000000,25.0000000000,11.0939408642,1.0000000000,0.0690291355
0.0193500000,1.0471975512,0.0716420659,6.7104370592,0.1205701348,-0.0801124958,25.0000000000,25.0000000000,11.0939714933,1.0000000000,0.0690291355
0.0193600000,1.0471975512,0.0717091643,6.7096328852,0.1199586199,-0.0805189375,25.0000000000,25.0000000000,11.0940020690,1.0000000000,0.0690291355
0.0193700000,1.0471975512,0.0717762545,6.7088246554,0.1193481719,-0.0809242341,25.0000000000,25.0000000000,11.0940325914,1.0000000000,0.0690291355
0.0193800000,1.0471975512,0.0718433367,6.7080123812,0.1187387918,-0.0813283859,25.0000000000,25.0000000000,11.0940630604,1.0000000000,0.0690291355
0.0193900000,1.0471975512,0.0719104107,6.7071960741,0.1181304802,-0.0817313932,25.0000000000,25.0000000000,11.0940934760,1.0000000000,0.0690291355
0.0194000000,1.0471975512,0.0719774765,6.7063757454,0.1175232382,-0.0821332563,25.0000000000,25.0000000000,11.0941238381,1.0000000000,0.0690291355
0.0194100000,1.0471975512,0.0720445341,6.7055514068,0.1169170663,-0.0825339756,25.0000000000,25.0000000000,11.0941541467,1.0000000000,0.0690291355
0.0194200000,1.0471975512,0.0721115834,6.7047230695,0.1163119655,-0.0829335512,25.0000000000,25.0000000000,11.0941844017,1.0000000000,0.0690291355
0.0194300000,1.0471975512,0.0721786244,6.7038907450,0.1157079364,-0.0833319836,25.0000000000,25.0000000000,11.0942146032,1.0000000000,0.0690291355
0.0194400000,1.0471975512,0.0722456570,6.7030544448,0.1151049799,-0.0837292730,25.0000000000,25.0000000000,11.0942447510,1.0000000000,0.0690291355
0.0194500000,1.0471975512,0.0723126813,6.7022141802,0.1145030967,-0.0841254198,25.0000000000,25.0000000000,11.0942748452,1.0000000000,0.0690291355
0.0194600000,1.0471975512,0.0723796971,6.7013699628,0.1139022877,-0.0845204243,25.0000000000,25.0000000000,11.0943048856,1.0000000000,0.0690291355
0.0194700000,1.0471975512,0.0724467044,6.7005218039,0.1133025535,-0.0849142868,25.0000000000,25.0000000000,11.0943348723,1.0000000000,0.0690291355
0.0194800000,1.0471975512,0.0725137032,6.6996697149,0.1127038948,-0.0853070077,25.0000000000,25.0000000000,11.0943648053,1.0000000000,0.0690291355
0.0194900000,1.0471975512,0.0725806935,6.6988137072,0.1121063126,-0.0856985872,25.0000000000,25.0000000000,11.0943946844,1.0000000000,0.0690291355
0.0195000000,1.0471975512,0.0726476752,6.6979537924,0.1115098074,-0.0860890258,25.0000000000,25.0000000000,11.0944245096,1.0000000000,0.0690291355
0.0195100000,1.0471975512,0.0727146483,6.6970899817,0.1109143800,-0.0864783238,25.0000000000,25.0000000000,11.0944542810,1.0000000000,0.0690291355
0.0195200000,1.0471975512,0.0727816127,6.6962222865,0.1103200311,-0.0868664815,25.0000000000,25.0000000000,11.0944839984,1.0000000000,0.0690291355
0.0195300000,1.0471975512,0.0728485684,6.6953507184,0.1097267615,-0.0872534993,25.0000000000,25.0000000000,11.0945136619,1.0000000000,0.0690291355
0.0195400000,1.0471975512,0.0729155153,6.6944752886,0.1091345718,-0.0876393776,25.0000000000,25.0000000000,11.0945432714,1.0000000000,0.0690291355
0.0195500000,1.0471975512,0.0729824535,6.6935960085,0.1085434628,-0.0880241167,25.0000000000,25.0000000000,11.0945728269,1.0000000000,0.0690291355
0.0195600000,1.0471975512,0.0730493828,6.6927128897,0.1079534352,-0.0884077170,25.0000000000,25.0000000000,11.0946023282,1.0000000000,0.0690291355
0.0195700000,1.0471975512,0.0731163033,6.6918259433,0.1073644896,-0.0887901789,25.0000000000,25.0000000000,11.0946317755,1.0000000000,0.0690291355
0.0195800000,1.0471975512,0.0731832149,6.6909351809,0.1067766268,-0.0891715028,25.0000000000,25.0000000000,11.0946611687,1.0000000000,0.0690291355
0.0195900000,1.0471975512,0.0732501175,6.6900406138,0.1061898473,-0.0895516889,25.0000000000,25.0000000000,11.0946905076,1.0000000000,0.0690291355
0.0196000000,1.0471975512,0.0733170112,6.6891422533,0.1056041520,-0.0899307379,25.0000000000,25.0000000000,11.0947197924,1.0000000000,0.0690291355
0.0196100000,1.0471975512,0.0733838958,6.6882401109,0.1050195414,-0.0903086499,25.0000000000,25.0000000000,11.0947490229,1.0000000000,0.0690291355
0.0196200000,1.0471975512,0.0734507714,6.6873341978,0.1044360162,-0.0906854255,25.0000000000,25.0000000000,11.0947781992,1.0000000000,0.0690291355
0.0196300000,1.0471975512,0.0735176380,6.6864245256,0.1038535770,-0.0910610650,25.0000000000,25.0000000000,11.0948073211,1.0000000000,0.0690291355
0.0196400000,1.0471975512,0.0735844954,6.6855111054,0.1032722246,-0.0914355689,25.0000000000,25.0000000000,11.0948363888,1.0000000000,0.0690291355
0.0196500000,1.0471975512,0.0736513436,6.6845939488,0.1026919596,-0.0918089375,25.0000000000,25.0000000000,11.0948654020,1.0000000000,0.0690291355
0.0196600000,1.0471975512,0.0737181826,6.6836730669,0.1021127825,-0.0921811713,25.0000000000,25.0000000000,11.0948943609,1.0000000000,0.0690291355
0.0196700000,1.0471975512,0.0737850124,6.6827484713,0.1015346940,-0.0925522706,25.0000000000,25.0000000000,11.0949232653,1.0000000000,0.0690291355
0.0196800000,1.0471975512,0.0738518330,6.6818201731,0.1009576948,-0.0929222360,25.0000000000,25.0000000000,11.0949521153,1.0000000000,0.0690291355
0.0196900000,1.0471975512,0.0739186442,6.6808881838,0.1003817854,-0.0932910679,25.0000000000,25.0000000000,11.0949809107,1.0000000000,0.0690291355
0.0197000000,1.0471975512,0.0739854460,6.6799525147,0.0998069666,-0.0936587675,25.0000000000,25.0000000000,11.0950096517,1.0000000000,0.0690291355
0.0197100000,1.0471975512,0.0740522385,6.6790131665,0.0992333754,-0.0940269959,25.0000000000,25.0000000000,11.0950383312,1.0000000000,0.0690291355
0.0197200000,1.0471975512,0.0741190216,6.6780701278,0.0986613015,-0.0943962193,25.0000000000,25.0000000000,11.0950669349,1.0000000000,0.0690291355
0.0197300000,1.0471975512,0.0741857952,6.6771233917,0.0980909672,-0.0947661278,25.0000000000,25.0000000000,11.0950954516,1.0000000000,0.0690291355
0.0197400000,1.0471975512,0.0742525593,6.6761729514,0.0975225879,-0.0951367199,25.0000000000,25.0000000000,11.0951238706,1.0000000000,0.0690291355
0.0197500000,1.0471975512,0.0743193139,6.6752188001,0.0969563726,-0.0955079935,25.0000000000,25.0000000000,11.0951521814,1.0000000000,0.0690291355
0.0197600000,1.0471975512,0.0743860589,6.6742609309,0.0963925237,-0.0958799453,25.0000000000,25.0000000000,11.0951803738,1.0000000000,0.0690291355
0.0197700000,1.0471975512,0.0744527943,6.6732993372,0.0958312372,-0.0962525714,25.0000000000,25.0000000000,11.0952084381,1.0000000000,0.0690291355
0.0197800000,1.0471975512,0.0745195200,6.6723340122,0.0952727025,-0.0966258668,25.0000000000,25.0000000000,11.0952363649,1.0000000000,0.0690291355
0.0197900000,1.0471975512,0.0745862361,6.6713649492,0.0947171028,-0.0969998257,25.0000000000,25.0000000000,11.0952641449,1.0000000000,0.0690291355
0.0198000000,1.0471975512,0.0746529425,6.6703921418,0.0941646150,-0.0973744417,25.0000000000,25.0000000000,11.0952917693,1.0000000000,0.0690291355
0.0198100000,1.0471975512,0.0747196391,6.6694155833,0.0936154097,-0.0977497073,25.0000000000,25.0000000000,11.0953192295,1.0000000000,0.0690291355
0.0198200000,1.0471975512,0.0747863259,6.6684352673,0.0930696513,-0.0981256145,25.0000000000,25.0000000000,11.0953465174,1.0000000000,0.0690291355
0.0198300000,1.0471975512,0.0748530028,6.6674511875,0.0925274981,-0.0985021544,25.0000000000,25.0000000000,11.0953736251,1.0000000000,0.0690291355
0.0198400000,1.0471975512,0.0749196699,6.6664633376,0.0919891026,-0.0988793173,25.0000000000,25.0000000000,11.0954005449,1.0000000000,0.0690291355
0.0198500000,1.0471975512,0.0749863271,6.6654717115,0.0914546109,-0.0992570932,25.0000000000,25.0000000000,11.0954272695,1.0000000000,0.0690291355
0.0198600000,1.0471975512,0.0750529744,6.6644763031,0.0909241636,-0.0996354709,25.0000000000,25.0000000000,11.0954537918,1.0000000000,0.0690291355
0.0198700000,1.0471975512,0.0751196117,6.6634771065,0.0903978953,-0.1000144390,25.0000000000,25.0000000000,11.0954801052,1.0000000000,0.0690291355
0.0198800000,1.0471975512,0.0751862389,6.6624741159,0.0898759347,-0.1003939853,25.0000000000,25.0000000000,11.0955062033,1.0000000000,0.0690291355
0.0198900000,1.0471975512,0.0752528561,6.6614673255,0.0893584052,-0.1007740969,25.0000000000,25.0000000000,11.0955320797,1.0000000000,0.0690291355
0.0199000000,1.0471975512,0.0753194632,6.6604567299,0.0888454242,-0.1011547605,25.0000000000,25.0000000000,11.0955577288,1.0000000000,0.0690291355
0.0199100000,1.0471975512,0.0753860602,6.6594423236,0.0883371040,-0.1015359621,25.0000000000,25.0000000000,11.0955831448,1.0000000000,0.0690291355
0.0199200000,1.0471975512,0.0754526470,6.6584241014,0.0878335511,-0.1019176873,25.0000000000,25.0000000000,11.0956083224,1.0000000000,0.0690291355
0.0199300000,1.0471975512,0.0755192235,6.6574020581,0.0873348668,-0.1022999211,25.0000000000,25.0000000000,11.0956332567,1.0000000000,0.0690291355
0.0199400000,1.0471975512,0.0755857899,6.6563761887,0.0868411471,-0.1026826481,25.0000000000,25.0000000000,11.0956579426,1.0000000000,0.0690291355
0.0199500000,1.0471975512,0.0756523459,6.6553464885,0.0863524828,-0.1030658523,25.0000000000,25.0000000000,11.0956823759,1.0000000000,0.0690291355
0.0199600000,1.0471975512,0.0757188916,6.6543129528,0.0858689597,-0.1034495174,25.0000000000,25.0000000000,11.0957065520,1.0000000000,0.0690291355
0.0199700000,1.0471975512,0.0757854270,6.6532755771,0.0853906584,-0.1038336264,25.0000000000,25.0000000000,11.0957304671,1.0000000000,0.0690291355
0.0199800000,1.0471975512,0.0758519519,6.6522343570,0.0849176546,-0.1042181624,25.0000000000,25.0000000000,11.0957541173,1.0000000000,0.0690291355
0.0199900000,1.0471975512,0.0759184664,6.6511892886,0.0844500193,-0.1046031075,25.0000000000,25.0000000000,11.0957774990,1.0000000000,0.0690291355
0.0200000000,1.0471975512,0.0759849705,6.6501403677,0.0839878184,-0.1049884439,25.0000000000,25.0000000000,11.0958006091,1.0000000000,0.0690291355
