time_s,target_rad,angle_rad,speed_rad_s,current_a,torque_nm,winding_c,case_c,motor_voltage_v,duty,encoder_rad
0.0010000000,1.0471975512,0.0000000000,-0.0000000000,0.0000000000,0.0000000000,25.0000000000,25.0000000000,0.0000000000,0.0000000000,0.0000000000
0.0020000000,1.0471975512,0.0000000000,-0.0000000000,-0.0000000000,-0.0000000000,25.0000000000,25.0000000000,0.0000000000,1.0000000000,0.0000000000
0.0030000000,1.0471975512,0.0000876263,0.1350133580,1.8546657377,0.1895482033,25.0000000000,25.0000000000,11.0072667131,1.0000000000,0.0000000000
0.0040000000,1.0471975512,0.0004724214,0.4846406496,1.6192873783,0.3993823844,25.0000000000,25.0000000000,11.0190356311,1.0000000000,0.0000000000
0.0050000000,1.0471975512,0.0013367593,1.0022405968,1.2262992603,0.5516104826,25.0000000000,25.0000000000,11.0386850370,1.0000000000,0.0015339808
0.0060000000,1.0471975512,0.0028017262,1.6256118306,0.9907736589,0.6425800020,25.0000000000,25.0000000000,11.0504613171,1.0000000000,0.0030679616
0.0070000000,1.0471975512,0.0049322565,2.3012696936,0.8829740117,0.6829574301,25.0000000000,25.0000000000,11.0558512994,1.0000000000,0.0046019424
0.0080000000,1.0471975512,0.0077483712,2.9870938286,0.8375509839,0.6839163614,25.0000000000,25.0000000000,11.0581224508,1.0000000000,0.0076699039
0.0090000000,1.0471975512,0.0112355090,3.6508648894,0.8107848406,0.6549086087,25.0000000000,25.0000000000,11.0594607580,1.0000000000,0.0107378655
0.0100000000,1.0471975512,0.0153531727,4.2686208219,0.7806579635,0.6038283201,25.0000000000,25.0000000000,11.0609671018,1.0000000000,0.0153398079
0.0110000000,1.0471975512,0.0200422171,4.8233932619,0.7386999153,0.5373954687,25.0000000000,25.0000000000,11.0630650042,1.0000000000,0.0199417502
0.0120000000,1.0471975512,0.0252310880,5.3042179403,0.6836300248,0.4613883956,25.0000000000,25.0000000000,11.0658184988,1.0000000000,0.0245436926
0.0130000000,1.0471975512,0.0308411774,5.7052761183,0.6175682693,0.3807467205,25.0000000000,25.0000000000,11.0691215865,1.0000000000,0.0306796158
0.0140000000,1.0471975512,0.0367913625,6.0250879308,0.5439848374,0.2996111449,25.0000000000,25.0000000000,11.0728007581,1.0000000000,0.0368155389
0.0150000000,1.0471975512,0.0430017564,6.2657303478,0.4666393266,0.2213457496,25.0000000000,25.0000000000,11.0766680337,1.0000000000,0.0429514621
0.0160000000,1.0471975512,0.0493966957,6.4320807082,0.3890489980,0.1485658587,25.0000000000,25.0000000000,11.0805475501,1.0000000000,0.0490873852
0.0170000000,1.0471975512,0.0559069993,6.5310986233,0.3142357096,0.0831802419,25.0000000000,25.0000000000,11.0842882145,1.0000000000,0.0552233084
0.0180000000,1.0471975512,0.0624715488,6.5711617618,0.2446218503,0.0264487882,25.0000000000,25.0000000000,11.0877689075,1.0000000000,0.0628932123
0.0190000000,1.0471975512,0.0690382548,6.5614692603,0.1820086666,-0.0209468449,25.0000000000,25.0000000000,11.0908995667,1.0000000000,0.0690291355
0.0200000000,1.0471975512,0.0755644835,6.5115228224,0.1276019073,-0.0588235481,25.0000000000,25.0000000000,11.0936199046,1.0000000000,0.0751650586
0.0210000000,1.0471975512,0.0820165316,6.4296985982,0.0869618278,-0.0893978032,25.0000000000,25.0000000000,11.0956519086,1.0000000000,0.0813009818
0.0220000000,1.0471975512,0.0883653800,6.3198119032,0.0717245409,-0.1161463342,25.0000000000,25.0000000000,11.0964137730,1.0000000000,0.0889708857
0.0230000000,1.0471975512,0.0945881740,6.1890732528,0.0663593654,-0.1348828194,25.0000000000,25.0000000000,11.0966820317,1.0000000000,0.0951068088
0.0240000000,1.0471975512,0.1006704179,6.0459422812,0.0633617703,-0.1452066855,25.0000000000,25.0000000000,11.0968319115,1.0000000000,0.1012427320
0.0250000000,1.0471975512,0.1066056630,5.8982715885,0.0619073008,-0.1478937956,25.0000000000,25.0000000000,11.0969046350,1.0000000000,0.1058446744
0.0260000000,1.0471975512,0.1123946288,5.7529929524,0.0621571787,-0.1438912703,25.0000000000,25.0000000000,11.0968921411,1.0000000000,0.1119805975
0.0270000000,1.0471975512,0.1180442090,5.6160193772,0.0639977965,-0.1342435073,25.0000000000,25.0000000000,11.0968001102,1.0000000000,0.1181165207
0.0280000000,1.0471975512,0.1235663779,5.4921464388,0.0671521018,-0.1200897580,25.0000000000,25.0000000000,11.0966423949,1.0000000000,0.1242524438
0.0290000000,1.0471975512,0.1289770231,5.3849909993,0.0713087874,-0.1026170509,25.0000000000,25.0000000000,11.0964345606,1.0000000000,0.1288543862
0.0300000000,1.0471975512,0.1342947606,5.2969867635,0.0761582074,-0.0830026607,25.0000000000,25.0000000000,11.0961920896,1.0000000000,0.1349903093
0.0310000000,1.0471975512,0.1395397839,5.2294323655,0.0814030398,-0.0623638123,25.0000000000,25.0000000000,11.0959298480,1.0000000000,0.1395922517
0.0320000000,1.0471975512,0.1447327955,5.1825823049,0.0867675862,-0.0417173246,25.0000000000,25.0000000000,11.0956616207,1.0000000000,0.1441941941
0.0330000000,1.0471975512,0.1498940537,5.1557708991,0.0920065185,-0.0219490199,25.0000000000,25.0000000000,11.0953996741,1.0000000000,0.1503301172
0.0340000000,1.0471975512,0.1550425615,5.1475596398,0.0969115339,-0.0037926981,25.0000000000,25.0000000000,11.0951544233,1.0000000000,0.1549320596
0.0350000000,1.0471975512,0.1601953647,5.1557985145,0.1018094473,0.0119813866,25.0000000000,25.0000000000,11.0949095276,1.0000000000,0.1595340019
0.0360000000,1.0471975512,0.1653664837,5.1771694947,0.1090153784,0.0242019794,25.0000000000,25.0000000000,11.0945492311,1.0000000000,0.1656699251
0.0370000000,1.0471975512,0.1705664077,5.2081746993,0.1176493072,0.0330025952,25.0000000000,25.0000000000,11.0941175346,1.0000000000,0.1702718675
0.0380000000,1.0471975512,0.1758023865,5.2456660170,0.1259219927,0.0387490718,25.0000000000,25.0000000000,11.0937039004,1.0000000000,0.1764077906
0.0390000000,1.0471975512,0.1810788092,5.2868803609,0.1326837768,0.0418305005,25.0000000000,25.0000000000,11.0933658112,1.0000000000,0.1810097330
0.0400000000,1.0471975512,0.1863975987,5.3294506421,0.1374282356,0.0426446120,25.0000000000,25.0000000000,11.0931285882,1.0000000000,0.1871456561
0.0410000000,1.0471975512,0.1917586103,5.3714093220,0.1400663831,0.0415909275,25.0000000000,25.0000000000,11.0929966808,1.0000000000,0.1917475985
0.0420000000,1.0471975512,0.1971600285,5.4111837033,0.1407445753,0.0390619041,25.0000000000,25.0000000000,11.0929627712,1.0000000000,0.1978835216
0.0430000000,1.0471975512,0.2025987516,5.4475812573,0.1397297725,0.0354327638,25.0000000000,25.0000000000,11.0930135114,1.0000000000,0.2024854640
0.0440000000,1.0471975512,0.2080707537,5.4797650754,0.1373416807,0.0310518484,25.0000000000,25.0000000000,11.0931329160,1.0000000000,0.2086213872
0.0450000000,1.0471975512,0.2135714164,5.5072209279,0.1339126533,0.0262327145,25.0000000000,25.0000000000,11.0933043673,1.0000000000,0.2132233295
0.0460000000,1.0471975512,0.2190958224,5.5297181096,0.1297634915,0.0212485067,25.0000000000,25.0000000000,11.0935118254,1.0000000000,0.2193592527
0.0470000000,1.0471975512,0.2246390067,5.5472664406,0.1251886338,0.0163287019,25.0000000000,25.0000000000,11.0937405683,1.0000000000,0.2239611950
0.0480000000,1.0471975512,0.2301961639,5.5600716829,0.1204472832,0.0116580616,25.0000000000,25.0000000000,11.0939776358,1.0000000000,0.2300971182
0.0490000000,1.0471975512,0.2357628108,5.5684913677,0.1157585989,0.0073775004,25.0000000000,25.0000000000,11.0942120701,1.0000000000,0.2362330413
0.0500000000,1.0471975512,0.2413349069,5.5729926854,0.1112998554,0.0035865172,25.0000000000,25.0000000000,11.0944350072,1.0000000000,0.2408349837
0.0510000000,1.0471975512,0.2469089339,5.5741137256,0.1072068384,0.0003468207,25.0000000000,25.0000000000,11.0946396581,1.0000000000,0.2469709068
0.0520000000,1.0471975512,0.2524819412,5.5724289941,0.1035759312,-0.0023132057,25.0000000000,25.0000000000,11.0948212034,1.0000000000,0.2531068300
0.0530000000,1.0471975512,0.2580515594,5.5685197956,0.1004674419,-0.0043935300,25.0000000000,25.0000000000,11.0949766279,1.0000000000,0.2577087724
0.0540000000,1.0471975512,0.2636158692,5.5627592495,0.0986865573,-0.0062023255,25.0000000000,25.0000000000,11.0950656721,1.0000000000,0.2638446955
0.0550000000,1.0471975512,0.2691732219,5.5554401179,0.0981018170,-0.0076500500,25.0000000000,25.0000000000,11.0950949091,1.0000000000,0.2684466379
0.0560000000,1.0471975512,0.2747224271,5.5470603010,0.0978531117,-0.0085796460,25.0000000000,25.0000000000,11.0951073444,1.0000000000,0.2745825610
0.0570000000,1.0471975512,0.2802628074,5.5381275027,0.0977077030,-0.0090111271,25.0000000000,25.0000000000,11.0951146149,1.0000000000,0.2807184842
0.0580000000,1.0471975512,0.2857941569,5.5290999451,0.0976617131,-0.0089984434,25.0000000000,25.0000000000,11.0951169143,1.0000000000,0.2853204265
0.0590000000,1.0471975512,0.2913166843,5.5203768972,0.0977191030,-0.0086019414,25.0000000000,25.0000000000,11.0951140448,1.0000000000,0.2914563497
0.0600000000,1.0471975512,0.2968309490,5.5122926313,0.0978674035,-0.0078881938,25.0000000000,25.0000000000,11.0951066298,1.0000000000,0.2975922728
0.0610000000,1.0471975512,0.3023377922,5.5051110565,0.0980882815,-0.0069285869,25.0000000000,25.0000000000,11.0950955859,1.0000000000,0.3021942152
0.0620000000,1.0471975512,0.3078382646,5.4990233877,0.0983626072,-0.0057959518,25.0000000000,25.0000000000,11.0950818696,1.0000000000,0.3083301384
0.0630000000,1.0471975512,0.3133335541,5.4941492719,0.0986716689,-0.0045611738,25.0000000000,25.0000000000,11.0950664166,1.0000000000,0.3129320807
0.0640000000,1.0471975512,0.3188249176,5.4905408945,0.0989977407,-0.0032903626,25.0000000000,25.0000000000,11.0950501130,1.0000000000,0.3190680039
0.0650000000,1.0471975512,0.3243136179,5.4881898787,0.0993226282,-0.0020418217,25.0000000000,25.0000000000,11.0950338686,1.0000000000,0.3236699462
0.0660000000,1.0471975512,0.3298008826,5.4870560576,0.0995461392,-0.0008343556,25.0000000000,25.0000000000,11.0950226930,1.0000000000,0.3298058694
0.0670000000,1.0471975512,0.3352878674,5.4870470943,0.0997391191,0.0002491935,25.0000000000,25.0000000000,11.0950130440,1.0000000000,0.3359417925
0.0680000000,1.0471975512,0.3407755458,5.4879557832,0.1001470988,0.0011096016,25.0000000000,25.0000000000,11.0949926451,1.0000000000,0.3405437349
0.0690000000,1.0471975512,0.3462646681,5.4895603535,0.1007032308,0.0017522405,25.0000000000,25.0000000000,11.0949648385,1.0000000000,0.3466796581
0.0700000000,1.0471975512,0.3517557771,5.4916585284,0.1012716778,0.0021980076,25.0000000000,25.0000000000,11.0949364161,1.0000000000,0.3512816004
0.0710000000,1.0471975512,0.3572492300,5.4940703427,0.1017621771,0.0024695300,25.0000000000,25.0000000000,11.0949118911,1.0000000000,0.3574175236
0.0720000000,1.0471975512,0.3627452216,5.4966391216,0.1021314656,0.0025902949,25.0000000000,25.0000000000,11.0948934267,1.0000000000,0.3620194659
0.0730000000,1.0471975512,0.3682438076,5.4992321100,0.1023670736,0.0025843326,25.0000000000,25.0000000000,11.0948816463,1.0000000000,0.3681553891
0.0740000000,1.0471975512,0.3737449293,5.5017406448,0.1024741396,0.0024757051,25.0000000000,25.0000000000,11.0948762930,1.0000000000,0.3742913122
0.0750000000,1.0471975512,0.3792484371,5.5040797002,0.1024671162,0.0022878513,25.0000000000,25.0000000000,11.0948766442,1.0000000000,0.3788932546
0.0760000000,1.0471975512,0.3847541131,5.5061867654,0.1023648878,0.0020429259,25.0000000000,25.0000000000,11.0948817556,1.0000000000,0.3850291778
0.0770000000,1.0471975512,0.3902616929,5.5080201264,0.1021878955,0.0017612310,25.0000000000,25.0000000000,11.0948906052,1.0000000000,0.3896311201
0.0780000000,1.0471975512,0.3957708844,5.5095566791,0.1019563971,0.0014607826,25.0000000000,25.0000000000,11.0949021801,1.0000000000,0.3957670433
0.0790000000,1.0471975512,0.4012813846,5.5107894228,0.1016893867,0.0011570289,25.0000000000,25.0000000000,11.0949155307,1.0000000000,0.4019029664
0.0800000000,1.0471975512,0.4067928937,5.5117247798,0.1014039231,0.0008627126,25.0000000000,25.0000000000,11.0949298038,1.0000000000,0.4065049088
0.0810000000,1.0471975512,0.4123051266,5.5123798758,0.1011147361,0.0005878611,25.0000000000,25.0000000000,11.0949442632,1.0000000000,0.4126408319
0.0820000000,1.0471975512,0.4178178215,5.5127798930,0.1008340327,0.0003398860,25.0000000000,25.0000000000,11.0949582984,1.0000000000,0.4172427743
0.0830000000,1.0471975512,0.4233307462,5.5129555874,0.1005714576,0.0001237669,25.0000000000,25.0000000000,11.0949714271,1.0000000000,0.4233786975
0.0840000000,1.0471975512,0.4288437016,5.5129410389,0.1003341704,-0.0000577013,25.0000000000,25.0000000000,11.0949832915,1.0000000000,0.4295146206
0.0850000000,1.0471975512,0.4343565242,5.5127716818,0.1001270119,-0.0002036196,25.0000000000,25.0000000000,11.0949936494,1.0000000000,0.4341165630
0.0860000000,1.0471975512,0.4398690855,5.5124826402,0.0999527363,-0.0003146746,25.0000000000,25.0000000000,11.0950023632,1.0000000000,0.4402524861
0.0870000000,1.0471975512,0.4453812911,5.5121073367,0.0998124873,-0.0003928990,25.0000000000,25.0000000000,11.0950093756,1.0000000000,0.4448544285
0.0880000000,1.0471975512,0.4508930774,5.5116757715,0.0997087046,-0.0004423156,25.0000000000,25.0000000000,11.0950145648,1.0000000000,0.4509903516
0.0890000000,1.0471975512,0.4564044065,5.5112116196,0.0996498254,-0.0004698609,25.0000000000,25.0000000000,11.0950175087,1.0000000000,0.4571262748
0.0900000000,1.0471975512,0.4619152603,5.5107343055,0.0996312212,-0.0004781031,25.0000000000,25.0000000000,11.0950184389,1.0000000000,0.4617282172
0.0910000000,1.0471975512,0.4674256410,5.5102641680,0.0996315026,-0.0004658070,25.0000000000,25.0000000000,11.0950184249,1.0000000000,0.4678641403
0.0920000000,1.0471975512,0.4729355701,5.5098203561,0.0996387638,-0.0004351048,25.0000000000,25.0000000000,11.0950180618,1.0000000000,0.4724660827
0.0930000000,1.0471975512,0.4784450859,5.5094182661,0.0996510314,-0.0003900751,25.0000000000,25.0000000000,11.0950174484,1.0000000000,0.4786020058
0.0940000000,1.0471975512,0.4839542386,5.5090688913,0.0996691063,-0.0003351729,25.0000000000,25.0000000000,11.0950165447,1.0000000000,0.4832039482
0.0950000000,1.0471975512,0.4894630860,5.5087787498,0.0996941393,-0.0002748619,25.0000000000,25.0000000000,11.0950152930,1.0000000000,0.4893398713
0.0960000000,1.0471975512,0.4949716894,5.5085500883,0.0997269687,-0.0002133170,25.0000000000,25.0000000000,11.0950136516,1.0000000000,0.4954757945
0.0970000000,1.0471975512,0.5004801094,5.5083814905,0.0997672988,-0.0001539951,25.0000000000,25.0000000000,11.0950116351,1.0000000000,0.5000777369
0.0980000000,1.0471975512,0.5059884031,5.5082688330,0.0998131508,-0.0000993428,25.0000000000,25.0000000000,11.0950093425,1.0000000000,0.5062136600
0.0990000000,1.0471975512,0.5114966221,5.5082062706,0.0998613478,-0.0000508586,25.0000000000,25.0000000000,11.0950069326,1.0000000000,0.5108156024
0.1000000000,1.0471975512,0.5170048114,5.5081869930,0.0999086023,-0.0000093525,25.0000000000,25.0000000000,11.0950045699,1.0000000000,0.5169515255
0.1010000000,1.0471975512,0.5225130090,5.5082037435,0.0999522961,0.0000248375,25.0000000000,25.0000000000,11.0950023852,1.0000000000,0.5230874487
0.1020000000,1.0471975512,0.5280212452,5.5082491954,0.0999906971,0.0000517229,25.0000000000,25.0000000000,11.0950004651,1.0000000000,0.5276893910
0.1030000000,1.0471975512,0.5335295436,5.5083162447,0.1000228571,0.0000715914,25.0000000000,25.0000000000,11.0949988571,1.0000000000,0.5338253142
0.1040000000,1.0471975512,0.5390379206,5.5083982413,0.1000484246,0.0000849481,25.0000000000,25.0000000000,11.0949975788,1.0000000000,0.5384272565
0.1050000000,1.0471975512,0.5445463866,5.5084891648,0.1000674777,0.0000924591,25.0000000000,25.0000000000,11.0949966261,1.0000000000,0.5445631797
0.1060000000,1.0471975512,0.5500549466,5.5085837449,0.1000803952,0.0000948987,25.0000000000,25.0000000000,11.0949959802,1.0000000000,0.5506991029
0.1070000000,1.0471975512,0.5555636009,5.5086775329,0.1000877590,0.0000931001,25.0000000000,25.0000000000,11.0949956120,1.0000000000,0.5553010452
0.1080000000,1.0471975512,0.5610723458,5.5087669278,0.1000902800,0.0000879125,25.0000000000,25.0000000000,11.0949954860,1.0000000000,0.5614369684
0.1090000000,1.0471975512,0.5665811750,5.5088491640,0.1000887389,0.0000801641,25.0000000000,25.0000000000,11.0949955631,1.0000000000,0.5660389107
0.1100000000,1.0471975512,0.5720900796,5.5089222687,0.1000839386,0.0000706338,25.0000000000,25.0000000000,11.0949958031,1.0000000000,0.5721748339
0.1110000000,1.0471975512,0.5775990496,5.5089849955,0.1000766666,0.0000600287,25.0000000000,25.0000000000,11.0949961667,1.0000000000,0.5783107570
0.1120000000,1.0471975512,0.5831080741,5.5090367404,0.1000676657,0.0000489693,25.0000000000,25.0000000000,11.0949966167,1.0000000000,0.5829126994
0.1130000000,1.0471975512,0.5886171420,5.5090774491,0.1000576116,0.0000379803,25.0000000000,25.0000000000,11.0949971194,1.0000000000,0.5890486225
0.1140000000,1.0471975512,0.5941262427,5.5091075177,0.1000470988,0.0000274879,25.0000000000,25.0000000000,11.0949976451,1.0000000000,0.5936505649
0.1150000000,1.0471975512,0.5996353659,5.5091276947,0.1000366311,0.0000178199,25.0000000000,25.0000000000,11.0949981684,1.0000000000,0.5997864881
0.1160000000,1.0471975512,0.6051445026,5.5091389865,0.1000266183,0.0000092116,25.0000000000,25.0000000000,11.0949986691,1.0000000000,0.6043884304
0.1170000000,1.0471975512,0.6106536447,5.5091425700,0.1000173769,0.0000018124,25.0000000000,25.0000000000,11.0949991312,1.0000000000,0.6105243536
0.1180000000,1.0471975512,0.6161627855,5.5091397141,0.1000091346,-0.0000043037,25.0000000000,25.0000000000,11.0949995433,1.0000000000,0.6166602767
0.1190000000,1.0471975512,0.6216719195,5.5091317126,0.1000020378,-0.0000091275,25.0000000000,25.0000000000,11.0949998981,1.0000000000,0.6212622191
0.1200000000,1.0471975512,0.6271810425,5.5091198277,0.0999961598,-0.0000127031,25.0000000000,25.0000000000,11.0950001920,1.0000000000,0.6273981422
0.1210000000,1.0471975512,0.6326901515,5.5091052453,0.0999915121,-0.0000151164,25.0000000000,25.0000000000,11.0950004244,1.0000000000,0.6320000846
0.1220000000,1.0471975512,0.6381992447,5.5090890419,0.0999880550,-0.0000164840,25.0000000000,25.0000000000,11.0950005972,1.0000000000,0.6381360078
0.1230000000,1.0471975512,0.6437083211,5.5090721616,0.0999857084,-0.0000169428,25.0000000000,25.0000000000,11.0950007146,1.0000000000,0.6442719309
0.1240000000,1.0471975512,0.6492173806,5.5090554024,0.0999843624,-0.0000166409,25.0000000000,25.0000000000,11.0950007819,1.0000000000,0.6488738733
0.1250000000,1.0471975512,0.6547264240,5.5090394114,0.0999838875,-0.0000157298,25.0000000000,25.0000000000,11.0950008056,1.0000000000,0.6550097964
0.1260000000,1.0471975512,0.6602354523,5.5090246865,0.0999841430,-0.0000143575,25.0000000000,25.0000000000,11.0950007928,1.0000000000,0.6596117388
0.1270000000,1.0471975512,0.6657444670,5.5090115838,0.0999849850,-0.0000126631,25.0000000000,25.0000000000,11.0950007508,1.0000000000,0.6657476619
0.1280000000,1.0471975512,0.6712534700,5.5090003293,0.0999862723,-0.0000107735,25.0000000000,25.0000000000,11.0950006864,1.0000000000,0.6718835851
0.1290000000,1.0471975512,0.6767624633,5.5089910340,0.0999878720,-0.0000087998,25.0000000000,25.0000000000,11.0950006064,1.0000000000,0.6764855275
0.1300000000,1.0471975512,0.6822714487,5.5089837102,0.0999896629,-0.0000068362,25.0000000000,25.0000000000,11.0950005169,1.0000000000,0.6826214506
0.1310000000,1.0471975512,0.6877804282,5.5089782892,0.0999915386,-0.0000049593,25.0000000000,25.0000000000,11.0950004231,1.0000000000,0.6872233930
0.1320000000,1.0471975512,0.6932894037,5.5089746389,0.0999934086,-0.0000032282,25.0000000000,25.0000000000,11.0950003296,1.0000000000,0.6933593161
0.1330000000,1.0471975512,0.6987983767,5.5089725806,0.0999951992,-0.0000016853,25.0000000000,25.0000000000,11.0950002400,1.0000000000,0.6994952393
0.1340000000,1.0471975512,0.7043073487,5.5089719051,0.0999968536,-0.0000003577,25.0000000000,25.0000000000,11.0950001573,1.0000000000,0.7040971816
0.1350000000,1.0471975512,0.7098163209,5.5089723858,0.0999983306,0.0000007409,25.0000000000,25.0000000000,11.0950000835,1.0000000000,0.7102331048
0.1360000000,1.0471975512,0.7153252943,5.5089737919,0.0999996036,0.0000016087,25.0000000000,25.0000000000,11.0950000198,1.0000000000,0.7148350472
0.1370000000,1.0471975512,0.7208342696,5.5089758976,0.1000006593,0.0000022533,25.0000000000,25.0000000000,11.0949999670,1.0000000000,0.7209709703
0.1380000000,1.0471975512,0.7263432474,5.5089784907,0.1000014953,0.0000026898,25.0000000000,25.0000000000,11.0949999252,1.0000000000,0.7271068935
0.1390000000,1.0471975512,0.7318522280,5.5089813783,0.1000021184,0.0000029389,25.0000000000,25.0000000000,11.0949998941,1.0000000000,0.7317088358
0.1400000000,1.0471975512,0.7373612117,5.5089843912,0.1000025428,0.0000030251,25.0000000000,25.0000000000,11.0949998729,1.0000000000,0.7378447590
0.1410000000,1.0471975512,0.7428701983,5.5089873861,0.1000027879,0.0000029746,25.0000000000,25.0000000000,11.0949998606,1.0000000000,0.7424467013
0.1420000000,1.0471975512,0.7483791879,5.5089902467,0.1000028768,0.0000028146,25.0000000000,25.0000000000,11.0949998562,1.0000000000,0.7485826245
0.1430000000,1.0471975512,0.7538881801,5.5089928834,0.1000028345,0.0000025715,25.0000000000,25.0000000000,11.0949998583,1.0000000000,0.7531845669
0.1440000000,1.0471975512,0.7593971748,5.5089952318,0.1000026867,0.0000022702,25.0000000000,25.0000000000,11.0949998657,1.0000000000,0.7593204900
0.1450000000,1.0471975512,0.7649061715,5.5089972511,0.1000024588,0.0000019335,25.0000000000,25.0000000000,11.0949998771,1.0000000000,0.7654564132
0.1460000000,1.0471975512,0.7704151701,5.5089989208,0.1000021743,0.0000015813,25.0000000000,25.0000000000,11.0949998913,1.0000000000,0.7700583555
0.1470000000,1.0471975512,0.7759241700,5.5090002384,0.1000018552,0.0000012304,25.0000000000,25.0000000000,11.0949999072,1.0000000000,0.7761942787
0.1480000000,1.0471975512,0.7814331710,5.5090012157,0.1000015205,0.0000008947,25.0000000000,25.0000000000,11.0949999240,1.0000000000,0.7807962210
0.1490000000,1.0471975512,0.7869421727,5.5090018760,0.1000011863,0.0000005847,25.0000000000,25.0000000000,11.0949999407,1.0000000000,0.7869321442
0.1500000000,1.0471975512,0.7924511749,5.5090022510,0.1000008660,0.0000003082,25.0000000000,25.0000000000,11.0949999567,1.0000000000,0.7930680673
0.1510000000,1.0471975512,0.7979601773,5.5090023781,0.1000005698,0.0000000700,25.0000000000,25.0000000000,11.0949999715,1.0000000000,0.7976700097
0.1520000000,1.0471975512,0.8034691796,5.5090022975,0.1000003051,-0.0000001273,25.0000000000,25.0000000000,11.0949999847,1.0000000000,0.8038059329
0.1530000000,1.0471975512,0.8089781817,5.5090020505,0.1000000767,-0.0000002834,25.0000000000,25.0000000000,11.0949999962,1.0000000000,0.8084078752
0.1540000000,1.0471975512,0.8144871835,5.5090016775,0.0999998871,-0.0000003996,25.0000000000,25.0000000000,11.0950000056,1.0000000000,0.8145437984
0.1550000000,1.0471975512,0.8199961848,5.5090012165,0.0999997367,-0.0000004786,25.0000000000,25.0000000000,11.0950000132,1.0000000000,0.8206797215
0.1560000000,1.0471975512,0.8255051856,5.5090007019,0.0999996244,-0.0000005239,25.0000000000,25.0000000000,11.0950000188,1.0000000000,0.8252816639
0.1570000000,1.0471975512,0.8310141859,5.5090001642,0.0999995476,-0.0000005401,25.0000000000,25.0000000000,11.0950000226,1.0000000000,0.8314175870
0.1580000000,1.0471975512,0.8365231857,5.5089996291,0.0999995030,-0.0000005317,25.0000000000,25.0000000000,11.0950000248,1.0000000000,0.8360195294
0.1590000000,1.0471975512,0.8420321850,5.5089991174,0.0999994864,-0.0000005036,25.0000000000,25.0000000000,11.0950000257,1.0000000000,0.8421554525
0.1600000000,1.0471975512,0.8475411837,5.5089986453,0.0999994934,-0.0000004605,25.0000000000,25.0000000000,11.0950000253,1.0000000000,0.8482913757
0.1610000000,1.0471975512,0.8530501820,5.5089982244,0.0999995193,-0.0000004070,25.0000000000,25.0000000000,11.0950000240,1.0000000000,0.8528933181
0.1620000000,1.0471975512,0.8585591800,5.5089978621,0.0999995597,-0.0000003470,25.0000000000,25.0000000000,11.0950000220,0.9639930051,0.8590292412
0.1630000000,1.0471975512,0.8640593413,5.4957431262,0.0645353391,-0.0176726973,25.0000000000,25.0000000000,10.6970955896,0.8936805989,0.8636311836
0.1640000000,1.0471975512,0.8695188629,5.4439196071,0.0165310043,-0.0624080177,25.0000000000,25.0000000000,9.9190280971,0.8424651516,0.8697671067
0.1650000000,1.0471975512,0.8748901792,5.3435205843,0.0143739869,-0.1111829350,25.0000000000,25.0000000000,9.3506444833,0.7788506533,0.8743690491
0.1660000000,1.0471975512,0.8801218347,5.1903317639,-0.0050930620,-0.1652949440,25.0000000000,25.0000000000,8.6452422517,0.7409701597,0.8805049722
0.1670000000,1.0471975512,0.8851645710,4.9904405811,0.0036643971,-0.2091828301,25.0000000000,25.0000000000,8.2245855530,0.6956387462,0.8851069146
0.1680000000,1.0471975512,0.8899771384,4.7504959080,-0.0081995894,-0.2482859811,25.0000000000,25.0000000000,7.7215900824,0.6783007567,0.8897088570
0.1690000000,1.0471975512,0.8945292831,4.4847613537,0.0080401137,-0.2695332120,25.0000000000,25.0000000000,7.5287363933,0.6707602086,0.8943107993
0.1700000000,1.0471975512,0.8988092405,4.2118050660,0.0200389020,-0.2726094229,25.0000000000,25.0000000000,7.4444363702,0.6710736839,0.8989127417
0.1710000000,1.0471975512,0.9028220849,3.9478387733,0.0306414032,-0.2600224626,25.0000000000,25.0000000000,7.4473858213,0.6761417206,0.9035146841
0.1720000000,1.0471975512,0.9065871172,3.7063949501,0.0413189224,-0.2345495250,25.0000000000,25.0000000000,7.5031071529,0.6825568605,0.9065826456
0.1730000000,1.0471975512,0.9101346664,3.4975889401,0.0512237896,-0.1998408466,25.0000000000,25.0000000000,7.5738199620,0.7046427921,0.9096506072
0.1740000000,1.0471975512,0.9135063742,3.3337978295,0.0766028357,-0.1516400898,25.0000000000,25.0000000000,7.8177048500,0.7220350390,0.9142525496
0.1750000000,1.0471975512,0.9167534920,3.2225775462,0.0890292964,-0.0981610320,25.0000000000,25.0000000000,8.0101374686,0.7143439913,0.9173205112
0.1760000000,1.0471975512,0.9199240645,3.1566056127,0.0771338525,-0.0558675660,25.0000000000,25.0000000000,7.9253616104,0.7144543105,0.9203884727
0.1770000000,1.0471975512,0.9230578969,3.1293386673,0.0887051166,-0.0179750362,25.0000000000,25.0000000000,7.9260075911,0.7044911719,0.9234564343
0.1780000000,1.0471975512,0.9261887708,3.1337556573,0.0901755335,0.0115272572,25.0000000000,25.0000000000,7.8153432311,0.6850560393,0.9265243959
0.1790000000,1.0471975512,0.9293399064,3.1582967834,0.0855241908,0.0286446458,25.0000000000,25.0000000000,7.5998458270,0.6572541983,0.9295923575
0.1800000000,1.0471975512,0.9325214454,3.1895869876,0.0782773021,0.0321918701,25.0000000000,25.0000000000,7.2916077359,0.6229629469,0.9326603190
0.1810000000,1.0471975512,0.9357302580,3.2145202054,0.0697500066,0.0228305307,25.0000000000,25.0000000000,6.9114012099,0.5846536029,0.9357282806
0.1820000000,1.0471975512,0.9389512959,3.2216732991,0.0608865363,0.0025415550,25.0000000000,25.0000000000,6.4866106651,0.5450636696,0.9387962422
0.1830000000,1.0471975512,0.9421600950,3.2023748569,0.0526372504,-0.0256967354,25.0000000000,25.0000000000,6.0475748698,0.5068708938,0.9418642038
0.1840000000,1.0471975512,0.9453260831,3.1514168923,0.0458419872,-0.0582849571,25.0000000000,25.0000000000,5.6239748215,0.4724078195,0.9449321653
0.1850000000,1.0471975512,0.9484162909,3.0673505131,0.0411219728,-0.0914292571,25.0000000000,25.0000000000,5.2416706973,0.4434375099,0.9480001269
0.1860000000,1.0471975512,0.9513990401,2.9523591123,0.0388272580,-0.1215604046,25.0000000000,25.0000000000,4.9202149970,0.4210075276,0.9510680885
0.1870000000,1.0471975512,0.9542472183,2.8117538250,0.0390217204,-0.1456973830,25.0000000000,25.0000000000,4.6712324700,0.4053914553,0.9541360501
0.1880000000,1.0471975512,0.9569408222,2.6531736719,0.0414987595,-0.1617207491,25.0000000000,25.0000000000,4.4977702158,0.3961174732,0.9572040116
0.1890000000,1.0471975512,0.9594685534,2.4855978406,0.0458239326,-0.1685336660,25.0000000000,25.0000000000,4.3946127564,0.3920743042,0.9587379924
0.1900000000,1.0471975512,0.9618283683,2.3182893737,0.0513984488,-0.1661019740,25.0000000000,25.0000000000,4.3494548541,0.4092554954,0.9618059540
0.1910000000,1.0471975512,0.9640313144,2.1662584754,0.0748486048,-0.1467507232,25.0000000000,25.0000000000,4.5389935690,0.4106510416,0.9633399348
0.1920000000,1.0471975512,0.9660986303,2.0361893008,0.0704792207,-0.1245062621,25.0000000000,25.0000000000,4.5547026008,0.4287702724,0.9664078964
0.1930000000,1.0471975512,0.9680571388,1.9352580977,0.0889886736,-0.0930016260,25.0000000000,25.0000000000,4.7549005894,0.4263675297,0.9679418772
0.1940000000,1.0471975512,0.9699366541,1.8631438993,0.0813777436,-0.0654853636,25.0000000000,25.0000000000,4.7286106928,0.4367320223,0.9694758579
0.1950000000,1.0471975512,0.9717658433,1.8203522823,0.0959835369,-0.0353479537,25.0000000000,25.0000000000,4.8429262710,0.4413888845,0.9710098387
0.1960000000,1.0471975512,0.9735741991,1.8066295493,0.1021277398,-0.0069047898,25.0000000000,25.0000000000,4.8943102315,0.4398318113,0.9740778003
0.1970000000,1.0471975512,0.9753874485,1.8172438990,0.1022244036,0.0159776913,25.0000000000,25.0000000000,4.8770218850,0.4142585965,0.9756117811
0.1980000000,1.0471975512,0.9772201783,1.8383499011,0.0815474672,0.0224807736,25.0000000000,25.0000000000,4.5941930478,0.4002556742,0.9771457619
0.1990000000,1.0471975512,0.9790756715,1.8613416218,0.0872901856,0.0233936582,25.0000000000,25.0000000000,4.4384734747,0.3820465809,0.9786797427
0.2000000000,1.0471975512,0.9809521483,1.8811935235,0.0858495448,0.0188668824,25.0000000000,25.0000000000,4.2364245709,0.3615183146,0.9802137235
0.2010000000,1.0471975512,0.9828420018,1.8919351109,0.0811030342,0.0083262366,25.0000000000,25.0000000000,4.0087981408,0.3401902586,0.9832816850
0.2020000000,1.0471975512,0.9847322140,1.8884754093,0.0763484013,-0.0069469625,25.0000000000,25.0000000000,3.7722944508,0.3019281479,0.9848156658
0.2030000000,1.0471975512,0.9866017391,1.8611307585,0.0551256533,-0.0335773425,25.0000000000,25.0000000000,3.3486461588,0.2831935451,0.9863496466
0.2040000000,1.0471975512,0.9884251142,1.8090841941,0.0627242082,-0.0571638777,25.0000000000,25.0000000000,3.1403121403,0.2681706474,0.9878836274
0.2050000000,1.0471975512,0.9901814032,1.7373516457,0.0653185598,-0.0757491796,25.0000000000,25.0000000000,2.9734282580,0.2578342330,0.9894176082
0.2060000000,1.0471975512,0.9918546599,1.6509493572,0.0664684573,-0.0892294653,25.0000000000,25.0000000000,2.8586365632,0.2520969078,0.9924855698
0.2070000000,1.0471975512,0.9934344089,1.5555386828,0.0687446690,-0.0968414639,25.0000000000,25.0000000000,2.7948384435,0.2327620307,0.9940195505
0.2080000000,1.0471975512,0.9949119461,1.4508327854,0.0548427106,-0.1068173720,25.0000000000,25.0000000000,2.5809164053,0.2340278501,0.9955535313
0.2090000000,1.0471975512,0.9962819015,1.3431547024,0.0692450549,-0.1072029670,25.0000000000,25.0000000000,2.5942468829,0.2378701093,0.9955535313
0.2100000000,1.0471975512,0.9975484637,1.2418117870,0.0774394802,-0.0990015847,25.0000000000,25.0000000000,2.6364862389,0.2609193008,0.9970875121
0.2110000000,1.0471975512,0.9987269690,1.1593184468,0.1003034272,-0.0767473014,25.0000000000,25.0000000000,2.8911890672,0.2664788142,0.9986214929
0.2120000000,1.0471975512,0.9998402353,1.0996664311,0.0934376812,-0.0543996955,25.0000000000,25.0000000000,2.9532429536,0.2699225489,1.0001554737
0.2130000000,1.0471975512,1.0009092273,1.0603693292,0.0927489528,-0.0344905650,25.0000000000,25.0000000000,2.9915028448,0.2696909712,1.0001554737
0.2140000000,1.0471975512,1.0019524961,1.0389631415,0.0935888782,-0.0172227257,25.0000000000,25.0000000000,2.9888903363,0.2828673610,1.0016894545
0.2150000000,1.0471975512,1.0029881781,1.0361369223,0.1185325564,0.0018195999,25.0000000000,25.0000000000,3.1339010795,0.2743303994,1.0032234353
0.2160000000,1.0471975512,1.0040331074,1.0489466905,0.1043058720,0.0160698585,25.0000000000,25.0000000000,3.0398521393,0.2615967169,1.0047574161
0.2170000000,1.0471975512,1.0050969161,1.0691339577,0.0925825186,0.0213006911,25.0000000000,25.0000000000,2.8990944315,0.2449729218,1.0047574161
0.2180000000,1.0471975512,1.0061804574,1.0881087029,0.0867095510,0.0182696078,25.0000000000,25.0000000000,2.7148639549,0.2431367964,1.0062913969
0.2190000000,1.0471975512,1.0072817221,1.1056709075,0.0990356958,0.0176250898,25.0000000000,25.0000000000,2.6938666552,0.2224662630,1.0078253776
0.2200000000,1.0471975512,1.0083959571,1.1163246024,0.0841971427,0.0083581785,25.0000000000,25.0000000000,2.4651656627,0.2013294535,1.0078253776
0.2210000000,1.0471975512,1.0095103828,1.1125759686,0.0762590694,-0.0073986932,25.0000000000,25.0000000000,2.2309439799,0.1983292877,1.0093593584
0.2220000000,1.0471975512,1.0106119755,1.0972421084,0.0894083295,-0.0174023015,25.0000000000,25.0000000000,2.1969846765,0.1796806416,1.0108933392
0.2230000000,1.0471975512,1.0116889426,1.0691070598,0.0763093807,-0.0314403694,25.0000000000,25.0000000000,1.9906396522,0.1633243869,1.0124273200
0.2240000000,1.0471975512,1.0127260767,1.0252801777,0.0708381428,-0.0474157379,25.0000000000,25.0000000000,1.8093587880,0.1495812362,1.0124273200
0.2250000000,1.0471975512,1.0137080279,0.9664506187,0.0696158230,-0.0620024106,25.0000000000,25.0000000000,1.6568709310,0.1565209141,1.0139613008
0.2260000000,1.0471975512,1.0146260965,0.9018594810,0.0872088518,-0.0648363404,25.0000000000,25.0000000000,1.7330217040,0.1491539989,1.0139613008
0.2270000000,1.0471975512,1.0154780088,0.8351078236,0.0781359619,-0.0672178374,25.0000000000,25.0000000000,1.6517025901,0.1616612030,1.0154952816
0.2280000000,1.0471975512,1.0162660707,0.7730638942,0.0935736037,-0.0599922143,25.0000000000,25.0000000000,1.7897606733,0.1579858565,1.0170292624
0.2290000000,1.0471975512,1.0169972526,0.7177195857,0.0847488122,-0.0538492605,25.0000000000,25.0000000000,1.7494055671,0.1544688314,1.0170292624
0.2300000000,1.0471975512,1.0176770455,0.6676061820,0.0826681432,-0.0487467564,25.0000000000,25.0000000000,1.7104706215,0.1678413719,1.0170292624
0.2310000000,1.0471975512,1.0183148831,0.6290806091,0.1004176085,-0.0350277521,25.0000000000,25.0000000000,1.8580183480,0.1802702153,1.0185632432
0.2320000000,1.0471975512,1.0189255472,0.6058280085,0.1158818900,-0.0193447064,25.0000000000,25.0000000000,1.9952052949,0.1733212174,1.0185632432
0.2330000000,1.0471975512,1.0195233312,0.5960388032,0.0967268222,-0.0069807728,25.0000000000,25.0000000000,1.9190291718,0.1813003327,1.0200972239
0.2340000000,1.0471975512,1.0201199606,0.5977491613,0.1096915818,0.0044793971,25.0000000000,25.0000000000,2.0069491138,0.1688335257,1.0200972239
0.2350000000,1.0471975512,1.0207239509,0.6064198768,0.0937606588,0.0097182007,25.0000000000,25.0000000000,1.8693641018,0.1711931920,1.0200972239
0.2360000000,1.0471975512,1.0213403190,0.6200819074,0.1034955293,0.0148551771,25.0000000000,25.0000000000,1.8950696551,0.1713794344,1.0216312047
0.2370000000,1.0471975512,1.0219734809,0.6377997860,0.1102310943,0.0185514440,25.0000000000,25.0000000000,1.8968001672,0.1523288772,1.0216312047
0.2380000000,1.0471975512,1.0226230611,0.6530608709,0.0889928321,0.0139226389,25.0000000000,25.0000000000,1.6864008954,0.1495623418,1.0231651855
0.2390000000,1.0471975512,1.0232841515,0.6634814804,0.0958555968,0.0095644698,25.0000000000,25.0000000000,1.6553492140,0.1288521576,1.0231651855
0.2400000000,1.0471975512,1.0239485395,0.6636932928,0.0809893858,-0.0027790342,25.0000000000,25.0000000000,1.4262094796,0.1260920141,1.0246991663
0.2410000000,1.0471975512,1.0246054424,0.6540304894,0.0911254380,-0.0114896126,25.0000000000,25.0000000000,1.3950650841,0.1071095454,1.0246991663
0.2420000000,1.0471975512,1.0252438195,0.6320749177,0.0773917775,-0.0252086956,25.0000000000,25.0000000000,1.1850463650,0.1075146493,1.0246991663
0.2430000000,1.0471975512,1.0258527457,0.6006994338,0.0888276041,-0.0329069408,25.0000000000,25.0000000000,1.1889712266,0.1102331244,1.0262331471
0.2440000000,1.0471975512,1.0264277590,0.5663634809,0.0934101105,-0.0345993457,25.0000000000,25.0000000000,1.2189171752,0.0976096026,1.0262331471
0.2450000000,1.0471975512,1.0269647939,0.5267333004,0.0792076343,-0.0412061984,25.0000000000,25.0000000000,1.0795062067,0.1040215145,1.0262331471
0.2460000000,1.0471975512,1.0274605556,0.4855809123,0.0922038215,-0.0407231696,25.0000000000,25.0000000000,1.1500286202,0.1117687547,1.0277671279
0.2470000000,1.0471975512,1.0279187862,0.4496979354,0.0984949140,-0.0341307581,25.0000000000,25.0000000000,1.2357084312,0.1027799661,1.0277671279
0.2480000000,1.0471975512,1.0283435284,0.4164965638,0.0847607895,-0.0329827103,25.0000000000,25.0000000000,1.1366195838,0.1111865205,1.0277671279
0.2490000000,1.0471975512,1.0287388642,0.3889309409,0.0958774048,-0.0256194349,25.0000000000,25.0000000000,1.2293765076,0.1191943947,1.0293011087
0.2500000000,1.0471975512,1.0291131806,0.3702190050,0.1060802942,-0.0163895485,25.0000000000,25.0000000000,1.3177537664,0.1087789945,1.0293011087
0.2510000000,1.0471975512,1.0294732134,0.3568876794,0.0898362078,-0.0125805013,25.0000000000,25.0000000000,1.2029550283,0.1145045868,1.0293011087
0.2520000000,1.0471975512,1.0298240123,0.3493192361,0.0997789526,-0.0059184278,25.0000000000,25.0000000000,1.2660119656,0.1188950403,1.0293011087
0.2530000000,1.0471975512,1.0301723157,0.3485160223,0.1085257240,0.0008502169,25.0000000000,25.0000000000,1.3143086613,0.1219575468,1.0308350895
0.2540000000,1.0471975512,1.0305246765,0.3541438254,0.1139756085,0.0071324142,25.0000000000,25.0000000000,1.3480299890,0.1060027166,1.0308350895
0.2550000000,1.0471975512,1.0308842074,0.3611840740,0.0906739451,0.0066124289,25.0000000000,25.0000000000,1.1720964565,0.1061694652,1.0308350895
0.2560000000,1.0471975512,1.0312502614,0.3677252324,0.0965617670,0.0066850961,25.0000000000,25.0000000000,1.1736529754,0.1054460865,1.0308350895
0.2570000000,1.0471975512,1.0316231294,0.3745920528,0.0998247329,0.0068962823,25.0000000000,25.0000000000,1.1654603231,0.1043348356,1.0323690702
0.2580000000,1.0471975512,1.0320027640,0.3812825610,0.1008108537,0.0065917416,25.0000000000,25.0000000000,1.1530761320,0.0854142055,1.0323690702
0.2590000000,1.0471975512,1.0323843052,0.3808441423,0.0830367127,-0.0027881052,25.0000000000,25.0000000000,0.9439458449,0.0839762771,1.0323690702
0.2600000000,1.0471975512,1.0327597208,0.3732611923,0.0915161184,-0.0086176255,25.0000000000,25.0000000000,0.9275608702,0.0833075521,1.0323690702
0.2610000000,1.0471975512,1.0331251743,0.3626705976,0.0927305402,-0.0111318395,25.0000000000,25.0000000000,0.9200773008,0.0838421316,1.0323690702
0.2620000000,1.0471975512,1.0334788358,0.3505730622,0.0930197171,-0.0123537882,25.0000000000,25.0000000000,0.9259966746,0.0853230141,1.0339030510
0.2630000000,1.0471975512,1.0338201169,0.3382024859,0.0940614421,-0.0123143635,25.0000000000,25.0000000000,0.9423823844,0.0698716058,1.0339030510
0.2640000000,1.0471975512,1.0341449071,0.3196637414,0.0806489936,-0.0205056078,25.0000000000,25.0000000000,0.7715423748,0.0723525278,1.0339030510
0.2650000000,1.0471975512,1.0344479480,0.2974760714,0.0902454194,-0.0222595977,25.0000000000,25.0000000000,0.7986007874,0.0757173724,1.0339030510
0.2660000000,1.0471975512,1.0347296576,0.2766455745,0.0939282509,-0.0202559794,25.0000000000,25.0000000000,0.8357664211,0.0799423144,1.0354370318
0.2670000000,1.0471975512,1.0349928316,0.2589935860,0.0976255333,-0.0167217925,25.0000000000,25.0000000000,0.8824784133,0.0668636595,1.0354370318
0.2680000000,1.0471975512,1.0352374930,0.2395826011,0.0835415570,-0.0203150607,25.0000000000,25.0000000000,0.7380095429,0.0711361635,1.0354370318
0.2690000000,1.0471975512,1.0354629574,0.2210045779,0.0917064005,-0.0178391988,25.0000000000,25.0000000000,0.7850260945,0.0754967505,1.0354370318
0.2700000000,1.0471975512,1.0356726568,0.2062942260,0.0981803670,-0.0136206004,25.0000000000,25.0000000000,0.8331049117,0.0798059286,1.0354370318
0.2710000000,1.0471975512,1.0358712680,0.1964754110,0.1036673200,-0.0085435170,25.0000000000,25.0000000000,0.8806624414,0.0836461998,1.0354370318
0.2720000000,1.0471975512,1.0360640696,0.1920224327,0.1081510033,-0.0031164818,25.0000000000,25.0000000000,0.9230652678,0.0866914887,1.0354370318
0.2730000000,1.0471975512,1.0362564380,0.1929096106,0.1114172521,0.0021647699,25.0000000000,25.0000000000,0.9567046625,0.0887244069,1.0369710126
0.2740000000,1.0471975512,1.0364533753,0.1986507107,0.1133241178,0.0068535005,25.0000000000,25.0000000000,0.9791747112,0.0720610779,1.0369710126
0.2750000000,1.0471975512,1.0366565470,0.2043864447,0.0877969179,0.0048591701,25.0000000000,25.0000000000,0.7954881192,0.0718605943,1.0369710126
0.2760000000,1.0471975512,1.0368639047,0.2082899364,0.0926679893,0.0037287789,25.0000000000,25.0000000000,0.7930191976,0.0711030858,1.0369710126
0.2770000000,1.0471975512,1.0370746173,0.2114584267,0.0958604124,0.0029833817,25.0000000000,25.0000000000,0.7844512320,0.0702770244,1.0369710126
0.2780000000,1.0471975512,1.0372878921,0.2138102757,0.0972116916,0.0021419746,25.0000000000,25.0000000000,0.7752143859,0.0695009114,1.0369710126
0.2790000000,1.0471975512,1.0375028492,0.2152639865,0.0975818996,0.0012276968,25.0000000000,25.0000000000,0.7665810216,0.0688433529,1.0369710126
0.2800000000,1.0471975512,1.0377185638,0.2157893312,0.0975546273,0.0002986909,25.0000000000,25.0000000000,0.7592834855,0.0683479906,1.0369710126
0.2810000000,1.0471975512,1.0379341317,0.2154241214,0.0974441913,-0.0005750596,25.0000000000,25.0000000000,0.7537904863,0.0680401094,1.0385049934
0.2820000000,1.0471975512,1.0381487377,0.2142742575,0.0974060180,-0.0013269295,25.0000000000,25.0000000000,0.7503749138,0.0503498938,1.0385049934
0.2830000000,1.0471975512,1.0383574078,0.2061289469,0.0794254748,-0.0101647487,25.0000000000,25.0000000000,0.5549125473,0.0504256132,1.0385049934
0.2840000000,1.0471975512,1.0385539605,0.1931305854,0.0841844285,-0.0136884903,25.0000000000,25.0000000000,0.5555150847,0.0513968567,1.0385049934
0.2850000000,1.0471975512,1.0387360706,0.1783516525,0.0873886468,-0.0150337743,25.0000000000,25.0000000000,0.5661356770,0.0533719810,1.0385049934
0.2860000000,1.0471975512,1.0389031476,0.1633513615,0.0905054913,-0.0149024269,25.0000000000,25.0000000000,0.5879037142,0.0560530841,1.0385049934
0.2870000000,1.0471975512,1.0390559790,0.1494593725,0.0940343139,-0.0134881057,25.0000000000,25.0000000000,0.6174875175,0.0591125423,1.0385049934
0.2880000000,1.0471975512,1.0391965244,0.1377909591,0.0977887576,-0.0110178912,25.0000000000,25.0000000000,0.6512597822,0.0622341762,1.0385049934
0.2890000000,1.0471975512,1.0393276552,0.1291849215,0.1014253385,-0.0077834078,25.0000000000,25.0000000000,0.6857280885,0.0651320948,1.0400389742
0.2900000000,1.0471975512,1.0394528382,0.1241525820,0.1046275560,-0.0041217655,25.0000000000,25.0000000000,0.7177348740,0.0499891083,1.0400389742
0.2910000000,1.0471975512,1.0395731593,0.1188115757,0.0810639018,-0.0060379288,25.0000000000,25.0000000000,0.5508259073,0.0517833412,1.0400389742
0.2920000000,1.0471975512,1.0396874075,0.1127543286,0.0873721723,-0.0059756369,25.0000000000,25.0000000000,0.5704264790,0.0532924919,1.0400389742
0.2930000000,1.0471975512,1.0397961138,0.1074420591,0.0935399015,-0.0050566534,25.0000000000,25.0000000000,0.5868696653,0.0547411767,1.0400389742
0.2940000000,1.0471975512,1.0399004542,0.1034281325,0.0977923429,-0.0036494194,25.0000000000,25.0000000000,0.6027374438,0.0560742603,1.0400389742
0.2950000000,1.0471975512,1.0400019828,0.1010353438,0.1006246936,-0.0019728034,25.0000000000,25.0000000000,0.6173930543,0.0572007642,1.0400389742
0.2960000000,1.0471975512,1.0401024206,0.1003812275,0.1025033341,-0.0002262535,25.0000000000,25.0000000000,0.6298033158,0.0580382095,1.0400389742
0.2970000000,1.0471975512,1.0402034702,0.1014040411,0.1036728128,0.0014177478,25.0000000000,25.0000000000,0.6390404852,0.0585318884,1.0400389742
0.2980000000,1.0471975512,1.0403066585,0.1038927332,0.1042527450,0.0028176469,25.0000000000,25.0000000000,0.6444913241,0.0586615220,1.0400389742
0.2990000000,1.0471975512,1.0404132131,0.1075215525,0.1043204727,0.0038677448,25.0000000000,25.0000000000,0.6459268711,0.0584411558,1.0400389742
0.3000000000,1.0471975512,1.0405239767,0.1118891522,0.1039518205,0.0045024126,25.0000000000,25.0000000000,0.6434992378,0.0579151405,1.0400389742
0.3010000000,1.0471975512,1.0406393623,0.1165601056,0.1032352900,0.0046978263,25.0000000000,25.0000000000,0.6376962956,0.0571516429,1.0400389742
0.3020000000,1.0471975512,1.0407593504,0.1211057396,0.1022728534,0.0044704744,25.0000000000,25.0000000000,0.6292695934,0.0562346422,1.0400389742
0.3030000000,1.0471975512,1.0408835234,0.1251410603,0.1011745641,0.0038724815,25.0000000000,25.0000000000,0.6191458005,0.0552552506,1.0415729550
0.3040000000,1.0471975512,1.0410111323,0.1283549588,0.1000506856,0.0029842682,25.0000000000,25.0000000000,0.6083307474,0.0367250161,1.0415729550
0.3050000000,1.0471975512,1.0411386216,0.1266773039,0.0717709651,-0.0032481776,25.0000000000,25.0000000000,0.4040591305,0.0358806757,1.0415729550
0.3060000000,1.0471975512,1.0412605006,0.1199398019,0.0747511404,-0.0077568157,25.0000000000,25.0000000000,0.3945379434,0.0356507506,1.0415729550
0.3070000000,1.0471975512,1.0413730371,0.1098484249,0.0790487407,-0.0107520926,25.0000000000,25.0000000000,0.3917708947,0.0363078489,1.0415729550
0.3080000000,1.0471975512,1.0414739337,0.0977999430,0.0823906925,-0.0123866396,25.0000000000,25.0000000000,0.3988975884,0.0377927847,1.0415729550
0.3090000000,1.0471975512,1.0415621638,0.0850213855,0.0857088256,-0.0128348802,25.0000000000,25.0000000000,0.4152144688,0.0399159069,1.0415729550
0.3100000000,1.0471975512,1.0416378192,0.0725991559,0.0894638519,-0.0122251765,25.0000000000,25.0000000000,0.4385933741,0.0424417828,1.0415729550
0.3110000000,1.0471975512,1.0417019872,0.0614972926,0.0935049097,-0.0106827794,25.0000000000,25.0000000000,0.4664285440,0.0451282035,1.0415729550
0.3120000000,1.0471975512,1.0417566039,0.0525219566,0.0974676150,-0.0083788039,25.0000000000,25.0000000000,0.4960496777,0.0477435936,1.0415729550
0.3130000000,1.0471975512,1.0418042536,0.0462639350,0.1010198245,-0.0055431082,25.0000000000,25.0000000000,0.5249028978,0.0500797864,1.0415729550
0.3140000000,1.0471975512,1.0418479166,0.0430510943,0.1039348684,-0.0024477605,25.0000000000,25.0000000000,0.5506888857,0.0519649993,1.0415729550
0.3150000000,1.0471975512,1.0418906896,0.0429289043,0.1060816428,0.0006236121,25.0000000000,25.0000000000,0.5715074097,0.0532757701,1.0415729550
0.3160000000,1.0471975512,1.0419355104,0.0456724424,0.1074006587,0.0034067917,25.0000000000,25.0000000000,0.5859910154,0.0539451575,1.0415729550
0.3170000000,1.0471975512,1.0419849148,0.0508248292,0.1078910227,0.0056816785,25.0000000000,25.0000000000,0.5933966970,0.0539654649,1.0415729550
0.3180000000,1.0471975512,1.0420408470,0.0577545723,0.1076057867,0.0072893060,25.0000000000,25.0000000000,0.5936363707,0.0533851985,1.0415729550
0.3190000000,1.0471975512,1.0421045359,0.0657242249,0.1066475573,0.0081413361,25.0000000000,25.0000000000,0.5872433258,0.0523009753,1.0415729550
0.3200000000,1.0471975512,1.0421764435,0.0739631623,0.1051599485,0.0082224685,25.0000000000,25.0000000000,0.5752828282,0.0508456087,1.0415729550
0.3210000000,1.0471975512,1.0422562847,0.0817378550,0.1033143462,0.0075863932,25.0000000000,25.0000000000,0.5592205398,0.0491738128,1.0415729550
0.3220000000,1.0471975512,1.0423431120,0.0884138635,0.1012934803,0.0063462037,25.0000000000,25.0000000000,0.5407646480,0.0474470007,1.0431069358
0.3230000000,1.0471975512,1.0424354518,0.0935048397,0.0992743214,0.0046603617,25.0000000000,25.0000000000,0.5216979913,0.0282404554,1.0431069358
0.3240000000,1.0471975512,1.0425298403,0.0942177303,0.0651001032,-0.0006831646,25.0000000000,25.0000000000,0.3102140494,0.0268428623,1.0431069358
0.3250000000,1.0471975512,1.0426212056,0.0900925590,0.0640224985,-0.0050909796,25.0000000000,25.0000000000,0.2947546469,0.0260623746,1.0431069358
0.3260000000,1.0471975512,1.0427060435,0.0828869577,0.0643908546,-0.0078039556,25.0000000000,25.0000000000,0.2860728148,0.0261448405,1.0431069358
0.3270000000,1.0471975512,1.0427821742,0.0737523519,0.0648649945,-0.0095130070,25.0000000000,25.0000000000,0.2869644796,0.0270117745,1.0431069358
0.3280000000,1.0471975512,1.0428482875,0.0635027323,0.0666088835,-0.0104423833,25.0000000000,25.0000000000,0.2965002531,0.0284919903,1.0431069358
0.3290000000,1.0471975512,1.0429038203,0.0528699672,0.0697548437,-0.0106514954,25.0000000000,25.0000000000,0.3127733499,0.0304066180,1.0431069358
0.3300000000,1.0471975512,1.0429489021,0.0425325775,0.0739646592,-0.0101966723,25.0000000000,25.0000000000,0.3338152274,0.0325823571,1.0431069358
0.3310000000,1.0471975512,1.0429842870,0.0330955086,0.0787904106,-0.0091575430,25.0000000000,25.0000000000,0.3577246428,0.0348548042,1.0431069358
0.3320000000,1.0471975512,1.0430112626,0.0250664278,0.0837896732,-0.0076369206,25.0000000000,25.0000000000,0.3826988425,0.0370724362,1.0431069358
0.3330000000,1.0471975512,1.0430315368,0.0188346570,0.0885703153,-0.0057579839,25.0000000000,25.0000000000,0.4070755255,0.0391013170,1.0431069358
0.3340000000,1.0471975512,1.0430471052,0.0146531918,0.0928194390,-0.0036611097,25.0000000000,25.0000000000,0.4293836471,0.0408298658,1.0431069358
0.3350000000,1.0471975512,1.0430601053,0.0126253571,0.0963216513,-0.0014986137,25.0000000000,25.0000000000,0.4483954278,0.0421733008,1.0431069358
0.3360000000,1.0471975512,1.0430726612,0.0126995882,0.0989618964,0.0005744203,25.0000000000,25.0000000000,0.4631755442,0.0430773911,1.0431069358
0.3370000000,1.0471975512,1.0430867342,0.0146762439,0.1007124022,0.0024130529,25.0000000000,25.0000000000,0.4731234206,0.0435209299,1.0431069358
0.3380000000,1.0471975512,1.0431039885,0.0182284345,0.1016102035,0.0038966635,25.0000000000,25.0000000000,0.4780018120,0.0435161913,1.0431069358
0.3390000000,1.0471975512,1.0431256889,0.0229356852,0.1017337452,0.0049411426,25.0000000000,25.0000000000,0.4779430360,0.0431067709,1.0431069358
0.3400000000,1.0471975512,1.0431526388,0.0283265752,0.1011839031,0.0055066824,25.0000000000,25.0000000000,0.4734259620,0.0423626495,1.0431069358
0.3410000000,1.0471975512,1.0431851638,0.0339249452,0.1000711310,0.0055999018,25.0000000000,25.0000000000,0.4652218533,0.0413728384,1.0431069358
0.3420000000,1.0471975512,1.0432231399,0.0392935642,0.0985094040,0.0052697499,25.0000000000,25.0000000000,0.4543130355,0.0402364068,1.0431069358
0.3430000000,1.0471975512,1.0432660596,0.0440690869,0.0966175888,0.0045973366,25.0000000000,25.0000000000,0.4417932362,0.0390529926,1.0431069358
0.3440000000,1.0471975512,1.0433131227,0.0479834406,0.0945260736,0.0036814692,25.0000000000,25.0000000000,0.4287619145,0.0379140509,1.0431069358
0.3450000000,1.0471975512,1.0433633370,0.0508702277,0.0923810819,0.0026238499,25.0000000000,25.0000000000,0.4162269114,0.0368960282,1.0431069358
0.3460000000,1.0471975512,1.0434156165,0.0526590844,0.0903382521,0.0015181725,25.0000000000,25.0000000000,0.4050290005,0.0360562154,1.0431069358
0.3470000000,1.0471975512,1.0434688686,0.0533632267,0.0885451466,0.0004445944,25.0000000000,25.0000000000,0.3957967336,0.0354313211,1.0431069358
0.3480000000,1.0471975512,1.0435220661,0.0530644926,0.0871212098,-0.0005319785,25.0000000000,25.0000000000,0.3889316039,0.0350381852,1.0431069358
0.3490000000,1.0471975512,1.0435743046,0.0518979846,0.0861439980,-0.0013620073,25.0000000000,25.0000000000,0.3846166560,0.0348758497,1.0431069358
0.3500000000,1.0471975512,1.0436248443,0.0500369459,0.0856446661,-0.0020110108,25.0000000000,25.0000000000,0.3828396981,0.0349283539,1.0431069358
0.3510000000,1.0471975512,1.0436731371,0.0476780787,0.0856109252,-0.0024590692,25.0000000000,25.0000000000,0.3834241816,0.0351678653,1.0431069358
0.3520000000,1.0471975512,1.0437188397,0.0450275550,0.0859944318,-0.0027000521,25.0000000000,25.0000000000,0.3860635831,0.0355579273,1.0431069358
0.3530000000,1.0471975512,1.0437618129,0.0422880572,0.0867202320,-0.0027404977,25.0000000000,25.0000000000,0.3903569812,0.0360566859,1.0431069358
0.3540000000,1.0471975512,1.0438021096,0.0396472112,0.0876967851,-0.0025981295,25.0000000000,25.0000000000,0.3958443744,0.0366199886,1.0431069358
0.3550000000,1.0471975512,1.0438399524,0.0372677639,0.0888256442,-0.0023000299,25.0000000000,25.0000000000,0.4020405908,0.0372042585,1.0431069358
0.3560000000,1.0471975512,1.0438757023,0.0352798251,0.0900101286,-0.0018804993,25.0000000000,25.0000000000,0.4084667633,0.0377690581,1.0446409166
0.3570000000,1.0471975512,1.0439098225,0.0337754694,0.0911624634,-0.0013786303,25.0000000000,25.0000000000,0.4146784218,0.0207011339,1.0446409166
0.3580000000,1.0471975512,1.0439417559,0.0311891665,0.0564239604,-0.0029772907,25.0000000000,25.0000000000,0.2269613882,0.0211286207,1.0446409166
0.3590000000,1.0471975512,1.0439703001,0.0276224973,0.0537557062,-0.0036867040,25.0000000000,25.0000000000,0.2318399050,0.0216387327,1.0446409166
0.3600000000,1.0471975512,1.0439950970,0.0238553906,0.0549403313,-0.0037660649,25.0000000000,25.0000000000,0.2374429160,0.0223024988,1.0446409166
0.3610000000,1.0471975512,1.0440162200,0.0202323971,0.0566411006,-0.0035621784,25.0000000000,25.0000000000,0.2447256816,0.0230660605,1.0446409166
0.3620000000,1.0471975512,1.0440339675,0.0169533387,0.0585643523,-0.0031769570,25.0000000000,25.0000000000,0.2531050539,0.0238630058,1.0446409166
0.3630000000,1.0471975512,1.0440487934,0.0141607792,0.0605877950,-0.0026604672,25.0000000000,25.0000000000,0.2618499749,0.0246372309,1.0446409166
0.3640000000,1.0471975512,1.0440612603,0.0119527561,0.0625810633,-0.0020566057,25.0000000000,25.0000000000,0.2703442098,0.0253443472,1.0446409166
0.3650000000,1.0471975512,1.0440719966,0.0103841237,0.0644292760,-0.0014083586,25.0000000000,25.0000000000,0.2781007900,0.0259509261,1.0446409166
0.3660000000,1.0471975512,1.0440816540,0.0094683738,0.0660428811,-0.0007564449,25.0000000000,25.0000000000,0.2847531361,0.0264339676,1.0446409166
0.3670000000,1.0471975512,1.0440908698,0.0091813692,0.0673587282,-0.0001373763,25.0000000000,25.0000000000,0.2900491044,0.0267804256,1.0446409166
0.3680000000,1.0471975512,1.0441002320,0.0094667999,0.0683389069,0.0004181713,25.0000000000,25.0000000000,0.2938457789,0.0269865429,1.0446409166
0.3690000000,1.0471975512,1.0441102533,0.0102429168,0.0689688148,0.0008865137,25.0000000000,25.0000000000,0.2961021854,0.0270568936,1.0446409166
0.3700000000,1.0471975512,1.0441213504,0.0114100224,0.0692546590,0.0012515857,25.0000000000,25.0000000000,0.2968687859,0.0270031325,1.0446409166
0.3710000000,1.0471975512,1.0441338324,0.0128581820,0.0692204687,0.0015050307,25.0000000000,25.0000000000,0.2962737472,0.0268425115,1.0446409166
0.3720000000,1.0471975512,1.0441478956,0.0144746467,0.0689047245,0.0016457940,25.0000000000,25.0000000000,0.2945066413,0.0265962541,1.0446409166
0.3730000000,1.0471975512,1.0441636263,0.0161505546,0.0683567228,0.0016793064,25.0000000000,25.0000000000,0.2918005845,0.0262878922,1.0446409166
0.3740000000,1.0471975512,1.0441810088,0.0177865856,0.0676328065,0.0016163698,25.0000000000,25.0000000000,0.2884139634,0.0259416664,1.0446409166
0.3750000000,1.0471975512,1.0441999382,0.0192973621,0.0667926089,0.0014718658,25.0000000000,25.0000000000,0.2846128664,0.0255810781,1.0446409166
0.3760000000,1.0471975512,1.0442202368,0.0206145066,0.0658954768,0.0012634007,25.0000000000,25.0000000000,0.2806551933,0.0252276618,1.0446409166
0.3770000000,1.0471975512,1.0442416727,0.0216883629,0.0649972474,0.0010099806,25.0000000000,25.0000000000,0.2767771831,0.0249000199,1.0446409166
0.3780000000,1.0471975512,1.0442639785,0.0224884672,0.0641475346,0.0007307886,25.0000000000,25.0000000000,0.2731828444,0.0246131441,1.0446409166
0.3790000000,1.0471975512,1.0442868703,0.0230029122,0.0633876466,0.0004441171,25.0000000000,25.0000000000,0.2700365177,0.0243780211,1.0446409166
0.3800000000,1.0471975512,1.0443100655,0.0232367829,0.0627492006,0.0001664877,25.0000000000,25.0000000000,0.2674585737,0.0242015085,1.0446409166
0.3810000000,1.0471975512,1.0443332974,0.0232098683,0.0622534493,-0.0000880229,25.0000000000,25.0000000000,0.2655240715,0.0240864526,1.0446409166
0.3820000000,1.0471975512,1.0443563283,0.0229538586,0.0619112787,-0.0003082441,25.0000000000,25.0000000000,0.2642640594,0.0240320088,1.0446409166
0.3830000000,1.0471975512,1.0443789591,0.0225092388,0.0617238003,-0.0004861646,25.0000000000,25.0000000000,0.2636691075,0.0240341235,1.0446409166
0.3840000000,1.0471975512,1.0444010354,0.0219220770,0.0616834307,-0.0006169907,25.0000000000,25.0000000000,0.2636945988,0.0240861305,1.0446409166
0.3850000000,1.0471975512,1.0444224511,0.0212408859,0.0617753353,-0.0006990302,25.0000000000,25.0000000000,0.2642672813,0.0241794177,1.0446409166
0.3860000000,1.0471975512,1.0444431481,0.0205137153,0.0619791087,-0.0007334274,25.0000000000,25.0000000000,0.2652925816,0.0243041201,1.0446409166
0.3870000000,1.0471975512,1.0444631147,0.0197855995,0.0622705650,-0.0007237796,25.0000000000,25.0000000000,0.2666622054,0.0244497990,1.0446409166
0.3880000000,1.0471975512,1.0444823800,0.0190964558,0.0626235241,-0.0006756670,25.0000000000,25.0000000000,0.2682615922,0.0246060743,1.0446409166
0.3890000000,1.0471975512,1.0445010086,0.0184794950,0.0630114922,-0.0005961283,25.0000000000,25.0000000000,0.2699768499,0.0247631820,1.0446409166
0.3900000000,1.0471975512,1.0445190920,0.0179601734,0.0634091567,-0.0004931166,25.0000000000,25.0000000000,0.2717008624,0.0249124344,1.0446409166
0.3910000000,1.0471975512,1.0445367414,0.0175556830,0.0637936346,-0.0003749642,25.0000000000,25.0000000000,0.2733383396,0.0250465704,1.0446409166
0.3920000000,1.0471975512,1.0445540789,0.0172749507,0.0641454374,-0.0002498847,25.0000000000,25.0000000000,0.2748096597,0.0251599896,1.0446409166
0.3930000000,1.0471975512,1.0445712293,0.0171190900,0.0644491340,-0.0001255359,25.0000000000,25.0000000000,0.2760534280,0.0252488688,1.0446409166
0.3940000000,1.0471975512,1.0445883137,0.0170822324,0.0646937142,-0.0000086602,25.0000000000,25.0000000000,0.2770277577,0.0253111687,1.0446409166
0.3950000000,1.0471975512,1.0446054426,0.0171526497,0.0648726701,0.0000951839,25.0000000000,25.0000000000,0.2777103387,0.0253465422,1.0446409166
0.3960000000,1.0471975512,1.0446227112,0.0173140732,0.0649838249,0.0001817948,25.0000000000,25.0000000000,0.2780974271,0.0253561597,1.0446409166
0.3970000000,1.0471975512,1.0446401962,0.0175471137,0.0650289493,0.0002484054,25.0000000000,25.0000000000,0.2782019255,0.0253424707,1.0446409166
0.3980000000,1.0471975512,1.0446579535,0.0178306905,0.0650132097,0.0002936709,25.0000000000,25.0000000000,0.2780507646,0.0253089218,1.0446409166
0.3990000000,1.0471975512,1.0446760175,0.0181433897,0.0649444980,0.0003175788,25.0000000000,25.0000000000,0.2776818066,0.0252596517,1.0446409166
0.4000000000,1.0471975512,1.0446944019,0.0184646813,0.0648326902,0.0003212940,25.0000000000,25.0000000000,0.2771404999,0.0251991841,1.0446409166
0.4010000000,1.0471975512,1.0447131011,0.0187759472,0.0646888814,0.0003069571,25.0000000000,25.0000000000,0.2764764991,0.0251321329,1.0446409166
0.4020000000,1.0471975512,1.0447320930,0.0190612814,0.0645246418,0.0002774512,25.0000000000,25.0000000000,0.2757404433,0.0250629389,1.0446409166
0.4030000000,1.0471975512,1.0447513420,0.0193080479,0.0643513298,0.0002361566,25.0000000000,25.0000000000,0.2749810552,0.0249956450,1.0446409166
0.4040000000,1.0471975512,1.0447708025,0.0195071923,0.0641794941,0.0001867060,25.0000000000,25.0000000000,0.2742426847,0.0249337207,1.0446409166
0.4050000000,1.0471975512,1.0447904226,0.0196533210,0.0640183881,0.0001327555,25.0000000000,25.0000000000,0.2735633802,0.0248799383,1.0446409166
0.4060000000,1.0471975512,1.0448101478,0.0197445704,0.0638756102,0.0000777820,25.0000000000,25.0000000000,0.2729735343,0.0248363019,1.0446409166
0.4070000000,1.0471975512,1.0448299238,0.0197822974,0.0637568759,0.0000249138,25.0000000000,25.0000000000,0.2724951077,0.0248040274,1.0446409166
0.4080000000,1.0471975512,1.0448497003,0.0197706316,0.0636659208,-0.0000231992,25.0000000000,25.0000000000,0.2721414077,0.0247835669,1.0446409166
0.4090000000,1.0471975512,1.0448694323,0.0197159275,0.0636045230,-0.0000644749,25.0000000000,25.0000000000,0.2719173663,0.0247746734,1.0446409166
0.4100000000,1.0471975512,1.0448890828,0.0196261588,0.0635726320,-0.0000974459,25.0000000000,25.0000000000,0.2718202436,0.0247764954,1.0446409166
0.4110000000,1.0471975512,1.0449086234,0.0195102960,0.0635685829,-0.0001212687,25.0000000000,25.0000000000,0.2718406693,0.0247876930,1.0446409166
0.4120000000,1.0471975512,1.0449280351,0.0193777000,0.0635893754,-0.0001356971,25.0000000000,25.0000000000,0.2719639240,0.0248065688,1.0446409166
0.4130000000,1.0471975512,1.0449473079,0.0192375660,0.0636309938,-0.0001410270,25.0000000000,25.0000000000,0.2721713639,0.0248312010,1.0446409166
0.4140000000,1.0471975512,1.0449664408,0.0190984393,0.0636887455,-0.0001380178,25.0000000000,25.0000000000,0.2724418943,0.0248595753,1.0446409166
0.4150000000,1.0471975512,1.0449854406,0.0189678233,0.0637575974,-0.0001277971,25.0000000000,25.0000000000,0.2727534064,0.0248897052,1.0446409166
0.4160000000,1.0471975512,1.0450043204,0.0188518887,0.0638324917,-0.0001117576,25.0000000000,25.0000000000,0.2730841035,0.0249197377,1.0446409166
0.4170000000,1.0471975512,1.0450230986,0.0187552895,0.0639086260,-0.0000914496,25.0000000000,25.0000000000,0.2734136569,0.0249480390,1.0446409166
0.4180000000,1.0471975512,1.0450417968,0.0186810831,0.0639816867,-0.0000684788,25.0000000000,25.0000000000,0.2737241488,0.0249732591,1.0446409166
0.4190000000,1.0471975512,1.0450604386,0.0186307466,0.0640480285,-0.0000444115,25.0000000000,25.0000000000,0.2740007751,0.0249943726,1.0446409166
0.4200000000,1.0471975512,1.0450790481,0.0186042783,0.0641047961,-0.0000206933,25.0000000000,25.0000000000,0.2742322965,0.0250106975,1.0446409166
0.4210000000,1.0471975512,1.0450976481,0.0186003688,0.0641499893,0.0000014160,25.0000000000,25.0000000000,0.2744112431,0.0250218930,1.0446409166
0.4220000000,1.0471975512,1.0451162595,0.0186166230,0.0641824726,0.0000208905,25.0000000000,25.0000000000,0.2745338887,0.0250279387,1.0446409166
0.4230000000,1.0471975512,1.0451349001,0.0186498177,0.0642019379,0.0000369673,25.0000000000,25.0000000000,0.2746000232,0.0250290990,1.0446409166
0.4240000000,1.0471975512,1.0451535840,0.0186961738,0.0642088251,0.0000491581,25.0000000000,25.0000000000,0.2746125579,0.0250258753,1.0446409166
0.4250000000,1.0471975512,1.0451723213,0.0187516278,0.0642042118,0.0000572441,25.0000000000,25.0000000000,0.2745770055,0.0250189515,1.0446409166
0.4260000000,1.0471975512,1.0451911181,0.0188120879,0.0641896808,0.0000612572,25.0000000000,25.0000000000,0.2745008772,0.0250091350,1.0446409166
0.4270000000,1.0471975512,1.0452099764,0.0188736613,0.0641671749,0.0000614488,25.0000000000,25.0000000000,0.2743930393,0.0249972985,1.0446409166
0.4280000000,1.0471975512,1.0452288946,0.0189328449,0.0641388492,0.0000582509,25.0000000000,25.0000000000,0.2742630709,0.0249843245,1.0446409166
0.4290000000,1.0471975512,1.0452478683,0.0189866722,0.0641069285,0.0000522310,25.0000000000,25.0000000000,0.2741206552,0.0249710555,1.0446409166
0.4300000000,1.0471975512,1.0452668901,0.0190328134,0.0640735776,0.0000440458,25.0000000000,25.0000000000,0.2739750374,0.0249582529,1.0446409166
0.4310000000,1.0471975512,1.0452859511,0.0190696299,0.0640407893,0.0000343944,25.0000000000,25.0000000000,0.2738345676,0.0249465642,1.0446409166
0.4320000000,1.0471975512,1.0453050413,0.0190961834,0.0640102954,0.0000239754,25.0000000000,25.0000000000,0.2737063477,0.0249365010,1.0446409166
0.4330000000,1.0471975512,1.0453241501,0.0191122068,0.0639835017,0.0000134484,25.0000000000,25.0000000000,0.2735959857,0.0249284266,1.0446409166
0.4340000000,1.0471975512,1.0453432673,0.0191180405,0.0639614486,0.0000034026,25.0000000000,25.0000000000,0.2735074624,0.0249225532,1.0446409166
0.4350000000,1.0471975512,1.0453623833,0.0191145437,0.0639447965,-0.0000056673,25.0000000000,25.0000000000,0.2734431008,0.0249189480,1.0446409166
0.4360000000,1.0471975512,1.0453814896,0.0191029876,0.0639338333,-0.0000133775,25.0000000000,25.0000000000,0.2734036316,0.0249175462,1.0446409166
0.4370000000,1.0471975512,1.0454005794,0.0190849375,0.0639285016,-0.0000194630,25.0000000000,25.0000000000,0.2733883372,0.0249181694,1.0446409166
0.4380000000,1.0471975512,1.0454196475,0.0190621334,0.0639284421,-0.0000237783,25.0000000000,25.0000000000,0.2733952587,0.0249205495,1.0461748973
0.4390000000,1.0471975512,1.0454386904,0.0190363744,0.0639330482,-0.0000262918,25.0000000000,25.0000000000,0.2734214468,0.0073462277,1.0461748973
0.4400000000,1.0471975512,1.0454570500,0.0180387907,0.0256595175,-0.0012829455,25.0000000000,25.0000000000,0.0802601512,0.0073510810,1.0461748973
0.4410000000,1.0471975512,1.0454737768,0.0162473215,0.0198881627,-0.0019179536,25.0000000000,25.0000000000,0.0806025910,0.0074678224,1.0461748973
0.4420000000,1.0471975512,1.0454884300,0.0141025577,0.0193414802,-0.0022026373,25.0000000000,25.0000000000,0.0819257541,0.0077314803,1.0461748973
0.4430000000,1.0471975512,1.0455008211,0.0118148516,0.0198503909,-0.0023052588,25.0000000000,25.0000000000,0.0848269115,0.0081090811,1.0461748973
0.4440000000,1.0471975512,1.0455109182,0.0095294222,0.0207657770,-0.0022706598,25.0000000000,25.0000000000,0.0889725110,0.0085600333,1.0461748973
0.4450000000,1.0471975512,1.0455188147,0.0073661874,0.0219132345,-0.0021213011,25.0000000000,25.0000000000,0.0939207075,0.0090474003,1.0461748973
0.4460000000,1.0471975512,1.0455247080,0.0054235591,0.0231854314,-0.0018789379,25.0000000000,25.0000000000,0.0992668716,0.0095389722,1.0461748973
0.4470000000,1.0471975512,1.0455288767,0.0037769313,0.0244930650,-0.0015670092,25.0000000000,25.0000000000,0.1046579386,0.0100073670,1.0461748973
0.4480000000,1.0471975512,1.0455316568,0.0024775979,0.0257598206,-0.0012097577,25.0000000000,25.0000000000,0.1097937830,0.0104302541,1.0461748973
0.4490000000,1.0471975512,1.0455334174,0.0015528953,0.0269225451,-0.0008309687,25.0000000000,25.0000000000,0.1144296929,0.0107905902,1.0461748973
0.4500000000,1.0471975512,1.0455345381,0.0010075445,0.0279319275,-0.0004528069,25.0000000000,25.0000000000,0.1183789552,0.0110767214,1.0461748973
0.4510000000,1.0471975512,1.0455353879,0.0008260074,0.0287528919,-0.0000948544,25.0000000000,25.0000000000,0.1215139632,0.0112822796,1.0461748973
0.4520000000,1.0471975512,1.0455363068,0.0009756283,0.0293644696,0.0002266140,25.0000000000,25.0000000000,0.1237650803,0.0114058613,1.0461748973
0.4530000000,1.0471975512,1.0455375924,0.0014103083,0.0297590966,0.0004991016,25.0000000000,25.0000000000,0.1251171060,0.0114505069,1.0461748973
0.4540000000,1.0471975512,1.0455394883,0.0020744609,0.0299413757,0.0007141087,25.0000000000,25.0000000000,0.1256035578,0.0114230190,1.0461748973
0.4550000000,1.0471975512,1.0455421785,0.0029070072,0.0299263960,0.0008671159,25.0000000000,25.0000000000,0.1252991914,0.0113331688,1.0461748973
0.4560000000,1.0471975512,1.0455457844,0.0038451955,0.0297377278,0.0009573588,25.0000000000,25.0000000000,0.1243112873,0.0111928409,1.0461748973
0.4570000000,1.0471975512,1.0455503656,0.0048280639,0.0294052220,0.0009874302,25.0000000000,25.0000000000,0.1227702731,0.0110151685,1.0461748973
0.4580000000,1.0471975512,1.0455559243,0.0057994049,0.0289627422,0.0009627527,25.0000000000,25.0000000000,0.1208202334,0.0108137039,1.0461748973
0.4590000000,1.0471975512,1.0455624117,0.0067101355,0.0284459500,0.0008909647,25.0000000000,25.0000000000,0.1186098157,0.0106016641,1.0461748973
0.4600000000,1.0471975512,1.0455697364,0.0075200182,0.0278902501,0.0007812628,25.0000000000,25.0000000000,0.1162839590,0.0103912822,1.0461748973
0.4610000000,1.0471975512,1.0455777742,0.0081987207,0.0273289821,0.0006437415,25.0000000000,25.0000000000,0.1139767829,0.0101932855,1.0461748973
0.4620000000,1.0471975512,1.0455863782,0.0087262370,0.0267919263,0.0004887636,25.0000000000,25.0000000000,0.1118058725,0.0100165136,1.0461748973
0.4630000000,1.0471975512,1.0455953894,0.0090927237,0.0263041657,0.0003263922,25.0000000000,25.0000000000,0.1098680922,0.0098676787,1.0461748973
0.4640000000,1.0471975512,1.0456046457,0.0092978292,0.0258853232,0.0001659035,25.0000000000,25.0000000000,0.1082369672,0.0097512650,1.0461748973
0.4650000000,1.0471975512,1.0456139915,0.0093496089,0.0255491715,0.0000153994,25.0000000000,25.0000000000,0.1069615824,0.0096695547,1.0461748973
0.4660000000,1.0471975512,1.0456232842,0.0092631329,0.0253035933,-0.0001184756,25.0000000000,25.0000000000,0.1060668779,0.0096227661,1.0461748973
0.4670000000,1.0471975512,1.0456324008,0.0090588920,0.0251508533,-0.0002307086,25.0000000000,25.0000000000,0.1055551612,0.0096092812,1.0461748973
0.4680000000,1.0471975512,1.0456412414,0.0087611084,0.0250881311,-0.0003179878,25.0000000000,25.0000000000,0.1054086149,0.0096259430,1.0461748973
0.4690000000,1.0471975512,1.0456497321,0.0083960494,0.0251082584,-0.0003786773,25.0000000000,25.0000000000,0.1055925549,0.0096683975,1.0461748973
0.4700000000,1.0471975512,1.0456578257,0.0079904302,0.0252005953,-0.0004127076,25.0000000000,25.0000000000,0.1060591819,0.0097314573,1.0461748973
0.4710000000,1.0471975512,1.0456655011,0.0075699785,0.0253519865,-0.0004213981,25.0000000000,25.0000000000,0.1067515772,0.0098094678,1.0461748973
0.4720000000,1.0471975512,1.0456727611,0.0071582154,0.0255477366,-0.0004072287,25.0000000000,25.0000000000,0.1076077060,0.0098966533,1.0461748973
0.4730000000,1.0471975512,1.0456796300,0.0067754916,0.0257725521,-0.0003735777,25.0000000000,25.0000000000,0.1085642237,0.0099874306,1.0461748973
0.4740000000,1.0471975512,1.0456861494,0.0064382983,0.0260114043,-0.0003244431,25.0000000000,25.0000000000,0.1095599091,0.0100766761,1.0461748973
0.4750000000,1.0471975512,1.0456923743,0.0061588582,0.0262502786,-0.0002641639,25.0000000000,25.0000000000,0.1105385912,0.0101599384,1.0461748973
0.4760000000,1.0471975512,1.0456983686,0.0059449846,0.0264767836,-0.0001971561,25.0000000000,25.0000000000,0.1114514775,0.0102335911,1.0461748973
0.4770000000,1.0471975512,1.0457042007,0.0058001853,0.0266806053,-0.0001276745,25.0000000000,25.0000000000,0.1122588305,0.0102949255,1.0461748973
0.4780000000,1.0471975512,1.0457099395,0.0057239785,0.0268538008,-0.0000596105,25.0000000000,25.0000000000,0.1129309828,0.0103421855,1.0461748973
0.4790000000,1.0471975512,1.0457156510,0.0057123785,0.0269909349,0.0000036679,25.0000000000,25.0000000000,0.1134487118,0.0103745481,1.0461748973
0.4800000000,1.0471975512,1.0457213947,0.0057585083,0.0270890717,0.0000594307,25.0000000000,25.0000000000,0.1138030304,0.0103920587,1.0461748973
0.4810000000,1.0471975512,1.0457272215,0.0058532910,0.0271476367,0.0001056539,25.0000000000,25.0000000000,0.1139944697,0.0103955279,1.0461748973
0.4820000000,1.0471975512,1.0457331724,0.0059861754,0.0271681738,0.0001410432,25.0000000000,25.0000000000,0.1140319510,0.0103864012,1.0461748973
0.4830000000,1.0471975512,1.0457392770,0.0061458548,0.0271540199,0.0001650165,25.0000000000,25.0000000000,0.1139313525,0.0103666104,1.0461748973
0.4840000000,1.0471975512,1.0457455536,0.0063209415,0.0271099245,0.0001776517,25.0000000000,25.0000000000,0.1137138796,0.0103384171,1.0461748973
0.4850000000,1.0471975512,1.0457520092,0.0065005669,0.0270416405,0.0001796064,25.0000000000,25.0000000000,0.1134043481,0.0103042570,1.0461748973
0.4860000000,1.0471975512,1.0457586411,0.0066748859,0.0269555097,0.0001720163,25.0000000000,25.0000000000,0.1130294775,0.0102665934,1.0461748973
0.4870000000,1.0471975512,1.0457654375,0.0068354690,0.0268580659,0.0001563807,25.0000000000,25.0000000000,0.1126162836,0.0102277861,1.0461748973
0.4880000000,1.0471975512,1.0457723795,0.0069755758,0.0267556737,0.0001344427,25.0000000000,25.0000000000,0.1121906424,0.0101899810,1.0461748973
0.4890000000,1.0471975512,1.0457794427,0.0070903090,0.0266542182,0.0001080705,25.0000000000,25.0000000000,0.1117760784,0.0101550234,1.0461748973
0.4900000000,1.0471975512,1.0457865996,0.0071766547,0.0265588548,0.0000791458,25.0000000000,25.0000000000,0.1113928171,0.0101243971,1.0461748973
0.4910000000,1.0471975512,1.0457938207,0.0072334206,0.0264738260,0.0000494645,25.0000000000,25.0000000000,0.1110571170,0.0100991895,1.0461748973
0.4920000000,1.0471975512,1.0458010766,0.0072610871,0.0264023474,0.0000206540,25.0000000000,25.0000000000,0.1107808864,0.0100800808,1.0461748973
0.4930000000,1.0471975512,1.0458083397,0.0072615881,0.0263465590,-0.0000058923,25.0000000000,25.0000000000,0.1105715691,0.0100673561,1.0461748973
0.4940000000,1.0471975512,1.0458155850,0.0072380426,0.0263075390,-0.0000290595,25.0000000000,25.0000000000,0.1104322759,0.0100609364,1.0461748973
0.4950000000,1.0471975512,1.0458227914,0.0071944560,0.0262853705,-0.0000480373,25.0000000000,25.0000000000,0.1103621251,0.0100604246,1.0461748973
0.4960000000,1.0471975512,1.0458299424,0.0071354093,0.0262792528,-0.0000623264,25.0000000000,25.0000000000,0.1103567503,0.0100651634,1.0461748973
0.4970000000,1.0471975512,1.0458370261,0.0070657550,0.0262876449,-0.0000717282,25.0000000000,25.0000000000,0.1104089311,0.0100742990,1.0461748973
0.4980000000,1.0471975512,1.0458440355,0.0069903344,0.0263084315,-0.0000763209,25.0000000000,25.0000000000,0.1105092974,0.0100868486,1.0461748973
0.4990000000,1.0471975512,1.0458509684,0.0069137271,0.0263390991,-0.0000764230,25.0000000000,25.0000000000,0.1106470647,0.0101017660,1.0461748973
0.5000000000,1.0471975512,1.0458578265,0.0068400446,0.0263769127,-0.0000725489,25.0000000000,25.0000000000,0.1108107569,0.0101180032,1.0461748973
0.5010000000,1.0471975512,1.0458646156,0.0067727704,0.0264190833,-0.0000653598,25.0000000000,25.0000000000,0.1109888817,0.0101345652,1.0461748973
0.5020000000,1.0471975512,1.0458713442,0.0067146527,0.0264629188,-0.0000556123,25.0000000000,25.0000000000,0.1111705282,0.0101505553,1.0461748973
0.5030000000,1.0471975512,1.0458780229,0.0066676464,0.0265059525,-0.0000441082,25.0000000000,25.0000000000,0.1113458662,0.0101652101,1.0461748973
0.5040000000,1.0471975512,1.0458846637,0.0066329037,0.0265460448,-0.0000316477,25.0000000000,25.0000000000,0.1115065302,0.0101779241,1.0461748973
0.5050000000,1.0471975512,1.0458912792,0.0066108074,0.0265814567,-0.0000189878,25.0000000000,25.0000000000,0.1116458843,0.0101882623,1.0461748973
0.5060000000,1.0471975512,1.0458978820,0.0066010397,0.0266108930,-0.0000068085,25.0000000000,25.0000000000,0.1117591664,0.0101959634,1.0461748973
0.5070000000,1.0471975512,1.0459044836,0.0066026801,0.0266335186,0.0000043140,25.0000000000,25.0000000000,0.1118435178,0.0102009333,1.0461748973
0.5080000000,1.0471975512,1.0459110944,0.0066143228,0.0266489485,0.0000139251,25.0000000000,25.0000000000,0.1118979118,0.0102032302,1.0461748973
0.5090000000,1.0471975512,1.0459177232,0.0066342057,0.0266572151,0.0000217011,25.0000000000,25.0000000000,0.1119229947,0.0102030446,1.0461748973
0.5100000000,1.0471975512,1.0459243767,0.0066603435,0.0266587191,0.0000274510,25.0000000000,25.0000000000,0.1119208586,0.0102006733,1.0461748973
0.5110000000,1.0471975512,1.0459310596,0.0066906558,0.0266541652,0.0000311110,25.0000000000,25.0000000000,0.1118947654,0.0101964925,1.0461748973
0.5120000000,1.0471975512,1.0459377745,0.0067230870,0.0266444911,0.0000327334,25.0000000000,25.0000000000,0.1118488423,0.0101909286,1.0461748973
0.5130000000,1.0471975512,1.0459445221,0.0067557091,0.0266307912,0.0000324697,25.0000000000,25.0000000000,0.1117877676,0.0101844303,1.0461748973
0.5140000000,1.0471975512,1.0459513012,0.0067868078,0.0266142424,0.0000305522,25.0000000000,25.0000000000,0.1117164638,0.0101774429,1.0461748973
0.5150000000,1.0471975512,1.0459581094,0.0068149461,0.0265960330,0.0000272717,25.0000000000,25.0000000000,0.1116398145,0.0101703856,1.0461748973
0.5160000000,1.0471975512,1.0459649426,0.0068390069,0.0265772999,0.0000229562,25.0000000000,25.0000000000,0.1115624147,0.0101636325,1.0461748973
0.5170000000,1.0471975512,1.0459717964,0.0068582142,0.0265590755,0.0000179494,25.0000000000,25.0000000000,0.1114883668,0.0101574988,1.0461748973
0.5180000000,1.0471975512,1.0459786653,0.0068721336,0.0265422463,0.0000125912,25.0000000000,25.0000000000,0.1114211241,0.0101522309,1.0461748973
0.5190000000,1.0471975512,1.0459855442,0.0068806550,0.0265275240,0.0000072001,25.0000000000,25.0000000000,0.1113633871,0.0101480020,1.0461748973
0.5200000000,1.0471975512,1.0459924276,0.0068839614,0.0265154283,0.0000020597,25.0000000000,25.0000000000,0.1113170504,0.0101449110,1.0461748973
0.5210000000,1.0471975512,1.0459993108,0.0068824850,0.0265062828,-0.0000025925,25.0000000000,25.0000000000,0.1112831980,0.0101429866,1.0461748973
0.5220000000,1.0471975512,1.0460061893,0.0068768562,0.0265002202,-0.0000065716,25.0000000000,25.0000000000,0.1112621406,0.0101421936,1.0461748973
0.5230000000,1.0471975512,1.0460130596,0.0068678476,0.0264971982,-0.0000097491,25.0000000000,25.0000000000,0.1112534894,0.0101424421,1.0461748973
0.5240000000,1.0471975512,1.0460199189,0.0068563178,0.0264970216,-0.0000120530,25.0000000000,25.0000000000,0.1112562567,0.0101435987,1.0461748973
0.5250000000,1.0471975512,1.0460267654,0.0068431570,0.0264993701,-0.0000134650,25.0000000000,25.0000000000,0.1112689772,0.0101454982,1.0461748973
0.5260000000,1.0471975512,1.0460335982,0.0068292365,0.0265038295,-0.0000140149,25.0000000000,25.0000000000,0.1112898386,0.0101479561,1.0461748973
0.5270000000,1.0471975512,1.0460404170,0.0068153665,0.0265099241,-0.0000137742,25.0000000000,25.0000000000,0.1113168163,0.0101507802,1.0461748973
0.5280000000,1.0471975512,1.0460472224,0.0068022607,0.0265171484,-0.0000128468,25.0000000000,25.0000000000,0.1113478026,0.0101537816,1.0461748973
0.5290000000,1.0471975512,1.0460540158,0.0067905105,0.0265249969,-0.0000113603,25.0000000000,25.0000000000,0.1113807261,0.0101567841,1.0461748973
0.5300000000,1.0471975512,1.0460607987,0.0067805685,0.0265329901,-0.0000094565,25.0000000000,25.0000000000,0.1114136545,0.0101596319,1.0461748973
0.5310000000,1.0471975512,1.0460675733,0.0067727411,0.0265406966,-0.0000072826,25.0000000000,25.0000000000,0.1114448791,0.0101621950,1.0461748973
0.5320000000,1.0471975512,1.0460743417,0.0067671896,0.0265477499,-0.0000049826,25.0000000000,25.0000000000,0.1114729773,0.0101643735,1.0461748973
0.5330000000,1.0471975512,1.0460811063,0.0067639385,0.0265538596,-0.0000026903,25.0000000000,25.0000000000,0.1114968534,0.0101660990,1.0461748973
0.5340000000,1.0471975512,1.0460878694,0.0067628901,0.0265588181,-0.0000005239,25.0000000000,25.0000000000,0.1115157576,0.0101673342,1.0461748973
0.5350000000,1.0471975512,1.0460946328,0.0067638439,0.0265625014,0.0000014189,25.0000000000,25.0000000000,0.1115292848,0.0101680720,1.0461748973
0.5360000000,1.0471975512,1.0461013986,0.0067665185,0.0265648661,0.0000030632,25.0000000000,25.0000000000,0.1115373557,0.0101683316,1.0461748973
0.5370000000,1.0471975512,1.0461081681,0.0067705759,0.0265659421,0.0000043582,25.0000000000,25.0000000000,0.1115401834,0.0101681549,1.0461748973
0.5380000000,1.0471975512,1.0461149424,0.0067756456,0.0265658228,0.0000052772,25.0000000000,25.0000000000,0.1115382281,0.0101676016,1.0461748973
0.5390000000,1.0471975512,1.0461217223,0.0067813474,0.0265646528,0.0000058160,25.0000000000,25.0000000000,0.1115321451,0.0101667440,1.0461748973
0.5400000000,1.0471975512,1.0461285081,0.0067873124,0.0265626145,0.0000059907,25.0000000000,25.0000000000,0.1115227277,0.0101656618,1.0461748973
0.5410000000,1.0471975512,1.0461352999,0.0067932005,0.0265599141,0.0000058345,25.0000000000,25.0000000000,0.1115108506,0.0101644372,1.0461748973
0.5420000000,1.0471975512,1.0461420972,0.0067987153,0.0265567682,0.0000053936,25.0000000000,25.0000000000,0.1114974146,0.0101631502,1.0461748973
0.5430000000,1.0471975512,1.0461488997,0.0068036139,0.0265533918,0.0000047240,25.0000000000,25.0000000000,0.1114832972,0.0101618747,1.0461748973
0.5440000000,1.0471975512,1.0461557064,0.0068077134,0.0265499867,0.0000038868,25.0000000000,25.0000000000,0.1114693098,0.0101606756,1.0461748973
0.5450000000,1.0471975512,1.0461625166,0.0068108938,0.0265467327,0.0000029449,25.0000000000,25.0000000000,0.1114561628,0.0101596063,1.0461748973
0.5460000000,1.0471975512,1.0461693292,0.0068130965,0.0265437813,0.0000019593,25.0000000000,25.0000000000,0.1114444411,0.0101587072,1.0461748973
0.5470000000,1.0471975512,1.0461761432,0.0068143203,0.0265412505,0.0000009862,25.0000000000,25.0000000000,0.1114345876,0.0101580053,1.0461748973
0.5480000000,1.0471975512,1.0461829578,0.0068146152,0.0265392229,0.0000000745,25.0000000000,25.0000000000,0.1114268972,0.0101575140,1.0461748973
0.5490000000,1.0471975512,1.0461897721,0.0068140733,0.0265377454,-0.0000007354,25.0000000000,25.0000000000,0.1114215186,0.0101572346,1.0461748973
0.5500000000,1.0471975512,1.0461965853,0.0068128197,0.0265368311,-0.0000014135,25.0000000000,25.0000000000,0.1114184630,0.0101571570,1.0461748973
0.5510000000,1.0471975512,1.0462033967,0.0068110017,0.0265364620,-0.0000019397,25.0000000000,25.0000000000,0.1114176200,0.0101572619,1.0461748973
0.5520000000,1.0471975512,1.0462102061,0.0068087791,0.0265365943,-0.0000023044,25.0000000000,25.0000000000,0.1114187773,0.0101575226,1.0461748973
0.5530000000,1.0471975512,1.0462170130,0.0068063140,0.0265371631,-0.0000025073,25.0000000000,25.0000000000,0.1114216431,0.0101579077,1.0461748973
0.5540000000,1.0471975512,1.0462238174,0.0068037623,0.0265380883,-0.0000025566,25.0000000000,25.0000000000,0.1114258711,0.0101583827,1.0461748973
0.5550000000,1.0471975512,1.0462306193,0.0068012664,0.0265392806,-0.0000024676,25.0000000000,25.0000000000,0.1114310842,0.0101589126,1.0461748973
0.5560000000,1.0471975512,1.0462374188,0.0067989494,0.0265406472,-0.0000022609,25.0000000000,25.0000000000,0.1114368979,0.0101594636,1.0461748973
0.5570000000,1.0471975512,1.0462442162,0.0067969107,0.0265420972,-0.0000019609,25.0000000000,25.0000000000,0.1114429411,0.0101600046,1.0461748973
0.5580000000,1.0471975512,1.0462510119,0.0067952239,0.0265435456,-0.0000015938,25.0000000000,25.0000000000,0.1114488737,0.0101605087,1.0461748973
0.5590000000,1.0471975512,1.0462578061,0.0067939357,0.0265449174,-0.0000011866,25.0000000000,25.0000000000,0.1114544008,0.0101609541,1.0461748973
0.5600000000,1.0471975512,1.0462645994,0.0067930668,0.0265461505,-0.0000007650,25.0000000000,25.0000000000,0.1114592825,0.0101613243,1.0461748973
0.5610000000,1.0471975512,1.0462713921,0.0067926138,0.0265471968,-0.0000003524,25.0000000000,25.0000000000,0.1114633404,0.0101616091,1.0461748973
0.5620000000,1.0471975512,1.0462781846,0.0067925520,0.0265480237,0.0000000306,25.0000000000,25.0000000000,0.1114664593,0.0101618033,1.0461748973
0.5630000000,1.0471975512,1.0462849774,0.0067928394,0.0265486137,0.0000003677,25.0000000000,25.0000000000,0.1114685862,0.0101619075,1.0461748973
0.5640000000,1.0471975512,1.0462917706,0.0067934205,0.0265489636,0.0000006467,25.0000000000,25.0000000000,0.1114697254,0.0101619267,1.0461748973
0.5650000000,1.0471975512,1.0462985646,0.0067942312,0.0265490831,0.0000008599,25.0000000000,25.0000000000,0.1114699324,0.0101618697,1.0461748973
0.5660000000,1.0471975512,1.0463053596,0.0067952030,0.0265489927,0.0000010037,25.0000000000,25.0000000000,0.1114693042,0.0101617483,1.0461748973
0.5670000000,1.0471975512,1.0463121556,0.0067962667,0.0265487213,0.0000010789,25.0000000000,25.0000000000,0.1114679701,0.0101615762,1.0461748973
0.5680000000,1.0471975512,1.0463189527,0.0067973565,0.0265483040,0.0000010894,25.0000000000,25.0000000000,0.1114660812,0.0101613683,1.0461748973
0.5690000000,1.0471975512,1.0463257508,0.0067984128,0.0265477792,0.0000010421,25.0000000000,25.0000000000,0.1114637995,0.0101611395,1.0461748973
0.5700000000,1.0471975512,1.0463325500,0.0067993848,0.0265471868,0.0000009463,25.0000000000,25.0000000000,0.1114612890,0.0101609040,1.0461748973
0.5710000000,1.0471975512,1.0463393500,0.0068002318,0.0265465652,0.0000008124,25.0000000000,25.0000000000,0.1114587063,0.0101606749,1.0461748973
0.5720000000,1.0471975512,1.0463461508,0.0068009243,0.0265459501,0.0000006519,25.0000000000,25.0000000000,0.1114561939,0.0101604633,1.0461748973
0.5730000000,1.0471975512,1.0463529521,0.0068014442,0.0265453726,0.0000004762,25.0000000000,25.0000000000,0.1114538738,0.0101602781,1.0461748973
0.5740000000,1.0471975512,1.0463597538,0.0068017847,0.0265448583,0.0000002961,25.0000000000,25.0000000000,0.1114518443,0.0101601260,1.0461748973
0.5750000000,1.0471975512,1.0463665557,0.0068019487,0.0265444266,0.0000001215,25.0000000000,25.0000000000,0.1114501769,0.0101600109,1.0461748973
0.5760000000,1.0471975512,1.0463733577,0.0068019482,0.0265440904,-0.0000000392,25.0000000000,25.0000000000,0.1114489162,0.0101599345,1.0461748973
0.5770000000,1.0471975512,1.0463801595,0.0068018023,0.0265438559,-0.0000001792,25.0000000000,25.0000000000,0.1114480805,0.0101598964,1.0461748973
0.5780000000,1.0471975512,1.0463869611,0.0068015354,0.0265437237,-0.0000002938,25.0000000000,25.0000000000,0.1114476640,0.0101598941,1.0461748973
0.5790000000,1.0471975512,1.0463937624,0.0068011753,0.0265436887,-0.0000003798,25.0000000000,25.0000000000,0.1114476398,0.0101599235,1.0461748973
0.5800000000,1.0471975512,1.0464005632,0.0068007516,0.0265437414,-0.0000004362,25.0000000000,25.0000000000,0.1114479637,0.0101599795,1.0461748973
0.5810000000,1.0471975512,1.0464073637,0.0068002935,0.0265438691,-0.0000004634,25.0000000000,25.0000000000,0.1114485786,0.0101600560,1.0461748973
0.5820000000,1.0471975512,1.0464141636,0.0067998288,0.0265440563,-0.0000004634,25.0000000000,25.0000000000,0.1114494189,0.0101601468,1.0461748973
0.5830000000,1.0471975512,1.0464209631,0.0067993823,0.0265442865,-0.0000004394,25.0000000000,25.0000000000,0.1114504149,0.0101602454,1.0461748973
0.5840000000,1.0471975512,1.0464277622,0.0067989752,0.0265445428,-0.0000003954,25.0000000000,25.0000000000,0.1114514969,0.0101603459,1.0461748973
0.5850000000,1.0471975512,1.0464345609,0.0067986240,0.0265448088,-0.0000003360,25.0000000000,25.0000000000,0.1114525989,0.0101604428,1.0461748973
0.5860000000,1.0471975512,1.0464413593,0.0067983404,0.0265450697,-0.0000002660,25.0000000000,25.0000000000,0.1114536613,0.0101605315,1.0461748973
0.5870000000,1.0471975512,1.0464481575,0.0067981313,0.0265453124,-0.0000001903,25.0000000000,25.0000000000,0.1114546336,0.0101606083,1.0461748973
0.5880000000,1.0471975512,1.0464549555,0.0067979990,0.0265455265,-0.0000001135,25.0000000000,25.0000000000,0.1114554759,0.0101606707,1.0461748973
0.5890000000,1.0471975512,1.0464617534,0.0067979413,0.0265457043,-0.0000000397,25.0000000000,25.0000000000,0.1114561594,0.0101607170,1.0461748973
0.5900000000,1.0471975512,1.0464685514,0.0067979528,0.0265458406,0.0000000276,25.0000000000,25.0000000000,0.1114566672,0.0101607468,1.0461748973
0.5910000000,1.0471975512,1.0464753494,0.0067980247,0.0265459332,0.0000000857,25.0000000000,25.0000000000,0.1114569931,0.0101607604,1.0461748973
0.5920000000,1.0471975512,1.0464821475,0.0067981463,0.0265459824,0.0000001326,25.0000000000,25.0000000000,0.1114571414,0.0101607590,1.0461748973
0.5930000000,1.0471975512,1.0464889458,0.0067983056,0.0265459906,0.0000001672,25.0000000000,25.0000000000,0.1114571249,0.0101607443,1.0461748973
0.5940000000,1.0471975512,1.0464957442,0.0067984900,0.0265459622,0.0000001891,25.0000000000,25.0000000000,0.1114569635,0.0101607187,1.0461748973
0.5950000000,1.0471975512,1.0465025428,0.0067986869,0.0265459029,0.0000001987,25.0000000000,25.0000000000,0.1114566825,0.0101606848,1.0461748973
0.5960000000,1.0471975512,1.0465093417,0.0067988848,0.0265458193,0.0000001969,25.0000000000,25.0000000000,0.1114563101,0.0101606453,1.0461748973
0.5970000000,1.0471975512,1.0465161407,0.0067990732,0.0265457186,0.0000001850,25.0000000000,25.0000000000,0.1114558764,0.0101606028,1.0461748973
0.5980000000,1.0471975512,1.0465229399,0.0067992434,0.0265456079,0.0000001649,25.0000000000,25.0000000000,0.1114554109,0.0101605600,1.0461748973
0.5990000000,1.0471975512,1.0465297393,0.0067993888,0.0265454943,0.0000001386,25.0000000000,25.0000000000,0.1114549415,0.0101605191,1.0461748973
0.6000000000,1.0471975512,1.0465365387,0.0067995046,0.0265453838,0.0000001082,25.0000000000,25.0000000000,0.1114544929,0.0101604820,1.0461748973
0.6010000000,1.0471975512,1.0465433383,0.0067995883,0.0265452819,0.0000000757,25.0000000000,25.0000000000,0.1114540860,0.0101604502,1.0461748973
0.6020000000,1.0471975512,1.0465501379,0.0067996393,0.0265451929,0.0000000430,25.0000000000,25.0000000000,0.1114537371,0.0101604247,1.0461748973
0.6030000000,1.0471975512,1.0465569376,0.0067996587,0.0265451199,0.0000000118,25.0000000000,25.0000000000,0.1114534576,0.0101604061,1.0461748973
0.6040000000,1.0471975512,1.0465637373,0.0067996491,0.0265450649,-0.0000000163,25.0000000000,25.0000000000,0.1114532540,0.0101603945,1.0461748973
0.6050000000,1.0471975512,1.0465705369,0.0067996144,0.0265450285,-0.0000000404,25.0000000000,25.0000000000,0.1114531279,0.0101603899,1.0461748973
0.6060000000,1.0471975512,1.0465773365,0.0067995594,0.0265450106,-0.0000000595,25.0000000000,25.0000000000,0.1114530771,0.0101603915,1.0461748973
0.6070000000,1.0471975512,1.0465841360,0.0067994891,0.0265450099,-0.0000000734,25.0000000000,25.0000000000,0.1114530954,0.0101603986,1.0461748973
0.6080000000,1.0471975512,1.0465909354,0.0067994091,0.0265450244,-0.0000000818,25.0000000000,25.0000000000,0.1114531738,0.0101604103,1.0461748973
0.6090000000,1.0471975512,1.0465977347,0.0067993246,0.0265450518,-0.0000000851,25.0000000000,25.0000000000,0.1114533013,0.0101604252,1.0461748973
0.6100000000,1.0471975512,1.0466045340,0.0067992405,0.0265450889,-0.0000000835,25.0000000000,25.0000000000,0.1114534657,0.0101604424,1.0461748973
0.6110000000,1.0471975512,1.0466113332,0.0067991611,0.0265451329,-0.0000000778,25.0000000000,25.0000000000,0.1114536542,0.0101604606,1.0461748973
0.6120000000,1.0471975512,1.0466181323,0.0067990900,0.0265451806,-0.0000000687,25.0000000000,25.0000000000,0.1114538541,0.0101604788,1.0461748973
0.6130000000,1.0471975512,1.0466249313,0.0067990300,0.0265452290,-0.0000000571,25.0000000000,25.0000000000,0.1114540537,0.0101604961,1.0461748973
0.6140000000,1.0471975512,1.0466317303,0.0067989828,0.0265452757,-0.0000000439,25.0000000000,25.0000000000,0.1114542429,0.0101605116,1.0461748973
0.6150000000,1.0471975512,1.0466385293,0.0067989494,0.0265453184,-0.0000000299,25.0000000000,25.0000000000,0.1114544128,0.0101605248,1.0461748973
0.6160000000,1.0471975512,1.0466453282,0.0067989300,0.0265453553,-0.0000000160,25.0000000000,25.0000000000,0.1114545571,0.0101605352,1.0461748973
0.6170000000,1.0471975512,1.0466521271,0.0067989240,0.0265453853,-0.0000000029,25.0000000000,25.0000000000,0.1114546711,0.0101605426,1.0461748973
0.6180000000,1.0471975512,1.0466589261,0.0067989300,0.0265454074,0.0000000089,25.0000000000,25.0000000000,0.1114547524,0.0101605470,1.0461748973
0.6190000000,1.0471975512,1.0466657250,0.0067989464,0.0265454216,0.0000000188,25.0000000000,25.0000000000,0.1114548006,0.0101605485,1.0461748973
0.6200000000,1.0471975512,1.0466725240,0.0067989712,0.0265454280,0.0000000266,25.0000000000,25.0000000000,0.1114548171,0.0101605474,1.0461748973
0.6210000000,1.0471975512,1.0466793230,0.0067990021,0.0265454271,0.0000000321,25.0000000000,25.0000000000,0.1114548046,0.0101605440,1.0461748973
0.6220000000,1.0471975512,1.0466861220,0.0067990368,0.0265454199,0.0000000353,25.0000000000,25.0000000000,0.1114547672,0.0101605387,1.0461748973
0.6230000000,1.0471975512,1.0466929211,0.0067990730,0.0265454074,0.0000000364,25.0000000000,25.0000000000,0.1114547096,0.0101605321,1.0461748973
0.6240000000,1.0471975512,1.0466997202,0.0067991087,0.0265453909,0.0000000354,25.0000000000,25.0000000000,0.1114546373,0.0101605247,1.0461748973
0.6250000000,1.0471975512,1.0467065193,0.0067991420,0.0265453718,0.0000000326,25.0000000000,25.0000000000,0.1114545556,0.0101605169,1.0461748973
0.6260000000,1.0471975512,1.0467133185,0.0067991717,0.0265453513,0.0000000286,25.0000000000,25.0000000000,0.1114544699,0.0101605092,1.0461748973
0.6270000000,1.0471975512,1.0467201176,0.0067991964,0.0265453306,0.0000000235,25.0000000000,25.0000000000,0.1114543851,0.0101605019,1.0461748973
0.6280000000,1.0471975512,1.0467269169,0.0067992156,0.0265453109,0.0000000177,25.0000000000,25.0000000000,0.1114543055,0.0101604954,1.0461748973
0.6290000000,1.0471975512,1.0467337161,0.0067992288,0.0265452931,0.0000000118,25.0000000000,25.0000000000,0.1114542346,0.0101604900,1.0461748973
0.6300000000,1.0471975512,1.0467405153,0.0067992361,0.0265452778,0.0000000059,25.0000000000,25.0000000000,0.1114541751,0.0101604858,1.0461748973
0.6310000000,1.0471975512,1.0467473146,0.0067992378,0.0265452655,0.0000000003,25.0000000000,25.0000000000,0.1114541288,0.0101604828,1.0461748973
0.6320000000,1.0471975512,1.0467541138,0.0067992344,0.0265452566,-0.0000000046,25.0000000000,25.0000000000,0.1114540964,0.0101604812,1.0461748973
0.6330000000,1.0471975512,1.0467609130,0.0067992267,0.0265452512,-0.0000000087,25.0000000000,25.0000000000,0.1114540782,0.0101604807,1.0461748973
0.6340000000,1.0471975512,1.0467677122,0.0067992156,0.0265452490,-0.0000000118,25.0000000000,25.0000000000,0.1114540734,0.0101604814,1.0461748973
0.6350000000,1.0471975512,1.0467745114,0.0067992021,0.0265452499,-0.0000000140,25.0000000000,25.0000000000,0.1114540807,0.0101604830,1.0461748973
0.6360000000,1.0471975512,1.0467813106,0.0067991871,0.0265452534,-0.0000000152,25.0000000000,25.0000000000,0.1114540983,0.0101604853,1.0461748973
0.6370000000,1.0471975512,1.0467881098,0.0067991716,0.0265452590,-0.0000000155,25.0000000000,25.0000000000,0.1114541241,0.0101604882,1.0461748973
0.6380000000,1.0471975512,1.0467949090,0.0067991565,0.0265452663,-0.0000000150,25.0000000000,25.0000000000,0.1114541558,0.0101604914,1.0461748973
0.6390000000,1.0471975512,1.0468017081,0.0067991424,0.0265452746,-0.0000000137,25.0000000000,25.0000000000,0.1114541912,0.0101604948,1.0461748973
0.6400000000,1.0471975512,1.0468085072,0.0067991301,0.0265452834,-0.0000000119,25.0000000000,25.0000000000,0.1114542278,0.0101604981,1.0461748973
0.6410000000,1.0471975512,1.0468153064,0.0067991199,0.0265452922,-0.0000000096,25.0000000000,25.0000000000,0.1114542638,0.0101605011,1.0461748973
0.6420000000,1.0471975512,1.0468221055,0.0067991122,0.0265453005,-0.0000000071,25.0000000000,25.0000000000,0.1114542973,0.0101605038,1.0461748973
0.6430000000,1.0471975512,1.0468289046,0.0067991070,0.0265453080,-0.0000000046,25.0000000000,25.0000000000,0.1114543268,0.0101605060,1.0461748973
0.6440000000,1.0471975512,1.0468357037,0.0067991043,0.0265453143,-0.0000000021,25.0000000000,25.0000000000,0.1114543513,0.0101605078,1.0461748973
0.6450000000,1.0471975512,1.0468425028,0.0067991039,0.0265453193,0.0000000002,25.0000000000,25.0000000000,0.1114543701,0.0101605089,1.0461748973
0.6460000000,1.0471975512,1.0468493019,0.0067991057,0.0265453228,0.0000000023,25.0000000000,25.0000000000,0.1114543828,0.0101605095,1.0461748973
0.6470000000,1.0471975512,1.0468561010,0.0067991093,0.0265453249,0.0000000040,25.0000000000,25.0000000000,0.1114543896,0.0101605096,1.0461748973
0.6480000000,1.0471975512,1.0468629001,0.0067991142,0.0265453256,0.0000000052,25.0000000000,25.0000000000,0.1114543907,0.0101605093,1.0461748973
0.6490000000,1.0471975512,1.0468696992,0.0067991202,0.0265453250,0.0000000061,25.0000000000,25.0000000000,0.1114543868,0.0101605085,1.0461748973
0.6500000000,1.0471975512,1.0468764984,0.0067991266,0.0265453234,0.0000000066,25.0000000000,25.0000000000,0.1114543786,0.0101605075,1.0461748973
0.6510000000,1.0471975512,1.0468832975,0.0067991332,0.0265453208,0.0000000066,25.0000000000,25.0000000000,0.1114543671,0.0101605062,1.0461748973
0.6520000000,1.0471975512,1.0468900966,0.0067991396,0.0265453176,0.0000000063,25.0000000000,25.0000000000,0.1114543532,0.0101605048,1.0461748973
0.6530000000,1.0471975512,1.0468968958,0.0067991455,0.0265453140,0.0000000057,25.0000000000,25.0000000000,0.1114543380,0.0101605034,1.0461748973
0.6540000000,1.0471975512,1.0469036949,0.0067991506,0.0265453102,0.0000000049,25.0000000000,25.0000000000,0.1114543223,0.0101605020,1.0461748973
0.6550000000,1.0471975512,1.0469104941,0.0067991548,0.0265453065,0.0000000039,25.0000000000,25.0000000000,0.1114543071,0.0101605007,1.0461748973
0.6560000000,1.0471975512,1.0469172932,0.0067991579,0.0265453030,0.0000000029,25.0000000000,25.0000000000,0.1114542930,0.0101604996,1.0461748973
0.6570000000,1.0471975512,1.0469240924,0.0067991600,0.0265452999,0.0000000018,25.0000000000,25.0000000000,0.1114542808,0.0101604987,1.0461748973
0.6580000000,1.0471975512,1.0469308916,0.0067991610,0.0265452973,0.0000000007,25.0000000000,25.0000000000,0.1114542707,0.0101604980,1.0461748973
0.6590000000,1.0471975512,1.0469376907,0.0067991609,0.0265452953,-0.0000000003,25.0000000000,25.0000000000,0.1114542631,0.0101604975,1.0461748973
0.6600000000,1.0471975512,1.0469444899,0.0067991600,0.0265452939,-0.0000000011,25.0000000000,25.0000000000,0.1114542581,0.0101604973,1.0477088781
0.6610000000,1.0471975512,1.0469512890,0.0067991584,0.0265452931,-0.0000000018,25.0000000000,25.0000000000,0.1114542556,-0.0074176277,1.0477088781
0.6620000000,1.0471975512,1.0469575537,0.0060088991,-0.0124089905,-0.0010231894,25.0000000000,25.0000000000,-0.0817152178,-0.0074176275,1.0477088781
0.6630000000,1.0471975512,1.0469625009,0.0045572355,-0.0185776101,-0.0015598135,25.0000000000,25.0000000000,-0.0814067848,-0.0073270704,1.0477088781
0.6640000000,1.0471975512,1.0469657536,0.0028010300,-0.0192813978,-0.0018065219,25.0000000000,25.0000000000,-0.0803664112,-0.0071154434,1.0477088781
0.6650000000,1.0471975512,1.0469671466,0.0009182575,-0.0189135294,-0.0018990437,25.0000000000,25.0000000000,-0.0780357454,-0.0068083836,1.0477088781
0.6660000000,1.0471975512,1.0469666465,-0.0009693219,-0.0181750100,-0.0018769123,25.0000000000,25.0000000000,-0.0746643074,-0.0064391039,1.0477088781
0.6670000000,1.0471975512,1.0469643244,-0.0027619396,-0.0172352779,-0.0017593671,25.0000000000,25.0000000000,-0.0706122889,-0.0060381633,1.0477088781
0.6680000000,1.0471975512,1.0469603378,-0.0043777050,-0.0161867856,-0.0015643813,25.0000000000,25.0000000000,-0.0662142736,-0.0056322742,1.0477088781
0.6690000000,1.0471975512,1.0469549120,-0.0057536231,-0.0151041754,-0.0013111795,25.0000000000,25.0000000000,-0.0617630348,-0.0052441766,1.0477088781
0.6700000000,1.0471975512,1.0469483204,-0.0068464531,-0.0140511206,-0.0010196330,25.0000000000,25.0000000000,-0.0575078038,-0.0048924591,1.0477088781
0.6710000000,1.0471975512,1.0469408652,-0.0076325978,-0.0130805220,-0.0007092484,25.0000000000,25.0000000000,-0.0536522703,-0.0045913713,1.0461748973
0.6720000000,1.0471975512,1.0469328577,-0.0081070226,-0.0122339495,-0.0003982245,25.0000000000,25.0000000000,-0.0503525244,0.0132273831,1.0461748973
0.6730000000,1.0471975512,1.0469251285,-0.0075016164,0.0274467876,0.0009101449,25.0000000000,25.0000000000,0.1454516131,0.0134020629,1.0461748973
0.6740000000,1.0471975512,1.0469187465,-0.0059502701,0.0340975372,0.0017268651,25.0000000000,25.0000000000,0.1470580215,0.0134200284,1.0461748973
0.6750000000,1.0471975512,1.0469143475,-0.0038466944,0.0351119747,0.0022094218,25.0000000000,25.0000000000,0.1472067162,0.0132512399,1.0461748973
0.6760000000,1.0471975512,1.0469123063,-0.0014197229,0.0349017872,0.0024859530,25.0000000000,25.0000000000,0.1453436736,0.0129257937,1.0461748973
0.6770000000,1.0471975512,1.0469128135,0.0011558289,0.0341658688,0.0025944351,25.0000000000,25.0000000000,0.1417680162,0.0124849601,1.0461748973
0.6780000000,1.0471975512,1.0469159017,0.0037267685,0.0330849500,0.0025541830,25.0000000000,25.0000000000,0.1369288096,0.0119694068,1.0461748973
0.6790000000,1.0471975512,1.0469214649,0.0061595965,0.0317736087,0.0023855882,25.0000000000,25.0000000000,0.1312717352,0.0114170222,1.0461748973
0.6800000000,1.0471975512,1.0469292807,0.0083438717,0.0303340141,0.0021125894,25.0000000000,25.0000000000,0.1252122457,0.0108620483,1.0461748973
0.6810000000,1.0471975512,1.0469390353,0.0101950263,0.0288595323,0.0017616035,25.0000000000,25.0000000000,0.1191257599,0.0103342619,1.0461748973
0.6820000000,1.0471975512,1.0469503510,0.0116556679,0.0274327984,0.0013599562,25.0000000000,25.0000000000,0.1133386672,0.0098582420,1.0477088781
0.6830000000,1.0471975512,1.0469628127,0.0126953505,0.0261235026,0.0009343803,25.0000000000,25.0000000000,0.1081203110,-0.0081252702,1.0477088781
0.6840000000,1.0471975512,1.0469754617,0.0125214129,-0.0139772696,-0.0005102026,25.0000000000,25.0000000000,-0.0894916353,-0.0084471026,1.0477088781
0.6850000000,1.0471975512,1.0469871023,0.0112785060,-0.0210727823,-0.0014484253,25.0000000000,25.0000000000,-0.0927091996,-0.0085880870,1.0477088781
0.6860000000,1.0471975512,1.0469969755,0.0093591338,-0.0224653394,-0.0020561640,25.0000000000,25.0000000000,-0.0942044989,-0.0085161526,1.0477088781
0.6870000000,1.0471975512,1.0470045822,0.0069930949,-0.0225436512,-0.0024546648,25.0000000000,25.0000000000,-0.0934021112,-0.0082602415,1.0477088781
0.6880000000,1.0471975512,1.0470096152,0.0043644324,-0.0220133148,-0.0026741611,25.0000000000,25.0000000000,-0.0905880152,-0.0078611579,1.0477088781
0.6890000000,1.0471975512,1.0470119386,0.0016411968,-0.0210598840,-0.0027289532,25.0000000000,25.0000000000,-0.0862058586,-0.0073603936,1.0477088781
0.6900000000,1.0471975512,1.0470115731,-0.0010246267,-0.0198018507,-0.0026362030,25.0000000000,25.0000000000,-0.0807102761,-0.0067979516,1.0477088781
0.6910000000,1.0471975512,1.0470086756,-0.0035019593,-0.0183471788,-0.0024180353,25.0000000000,25.0000000000,-0.0745399037,-0.0062112497,1.0477088781
0.6920000000,1.0471975512,1.0470035159,-0.0056847640,-0.0167974917,-0.0021003474,25.0000000000,25.0000000000,-0.0681049974,-0.0056340174,1.0477088781
0.6930000000,1.0471975512,1.0469964492,-0.0074945499,-0.0152457405,-0.0017111160,25.0000000000,25.0000000000,-0.0617753059,-0.0050952702,1.0477088781
0.6940000000,1.0471975512,1.0469878876,-0.0088811926,-0.0137733101,-0.0012787323,25.0000000000,25.0000000000,-0.0558688340,-0.0046185105,1.0477088781
0.6950000000,1.0471975512,1.0469782731,-0.0098222070,-0.0124475952,-0.0008304998,25.0000000000,25.0000000000,-0.0506430863,-0.0042212330,1.0477088781
0.6960000000,1.0471975512,1.0469680502,-0.0103206891,-0.0113203588,-0.0003913622,25.0000000000,25.0000000000,-0.0462896687,-0.0039147620,1.0477088781
0.6970000000,1.0471975512,1.0469576438,-0.0104021840,-0.0104269823,0.0000171024,25.0000000000,25.0000000000,-0.0429325091,-0.0037044046,1.0477088781
0.6980000000,1.0471975512,1.0469474386,-0.0101107668,-0.0097865958,0.0003773979,25.0000000000,25.0000000000,-0.0406295618,-0.0035898873,1.0477088781
0.6990000000,1.0471975512,1.0469377649,-0.0095046253,-0.0094030079,0.0006765354,25.0000000000,25.0000000000,-0.0393775991,-0.0035660226,1.0461748973
0.7000000000,1.0471975512,1.0469288869,-0.0086514300,-0.0092663047,0.0009061788,25.0000000000,25.0000000000,-0.0391195360,0.0139545760,1.0461748973
0.7010000000,1.0471975512,1.0469215241,-0.0068437936,0.0296317237,0.0020759595,25.0000000000,25.0000000000,0.1534142076,0.0138280439,1.0461748973
0.7020000000,1.0471975512,1.0469165843,-0.0042622247,0.0354756555,0.0027102593,25.0000000000,25.0000000000,0.1517175041,0.0135576379,1.0461748973
0.7030000000,1.0471975512,1.0469145044,-0.0013351591,0.0357106986,0.0029791970,25.0000000000,25.0000000000,0.1487042458,0.0131266089,1.0461748973
0.7040000000,1.0471975512,1.0469154369,0.0016891930,0.0347826973,0.0030265262,25.0000000000,25.0000000000,0.1439662242,0.0125756774,1.0461748973
0.7050000000,1.0471975512,1.0469193420,0.0046311822,0.0334181698,0.0029043501,25.0000000000,25.0000000000,0.1379191109,0.0119536465,1.0461748973
0.7060000000,1.0471975512,1.0469260265,0.0073454979,0.0318195650,0.0026442420,25.0000000000,25.0000000000,0.1310944974,0.0113055038,1.0461748973
0.7070000000,1.0471975512,1.0469351745,0.0097172247,0.0301155923,0.0022767740,25.0000000000,25.0000000000,0.1239853130,0.0106703949,1.0461748973
0.7080000000,1.0471975512,1.0469463790,0.0116629468,0.0284145571,0.0018337474,25.0000000000,25.0000000000,0.1170206551,0.0100810605,1.0477088781
0.7090000000,1.0471975512,1.0469591734,0.0131311517,0.0268084169,0.0013470070,25.0000000000,25.0000000000,0.1105593508,-0.0080146950,1.0477088781
0.7100000000,1.0471975512,1.0469725301,0.0133133510,-0.0135916431,-0.0001731933,25.0000000000,25.0000000000,-0.0882835324,-0.0084417541,1.0477088781
0.7110000000,1.0471975512,1.0469851734,0.0123444703,-0.0209738696,-0.0011953748,25.0000000000,25.0000000000,-0.0926547775,-0.0086761622,1.0477088781
0.7120000000,1.0471975512,1.0469962583,0.0106122972,-0.0226253857,-0.0018905291,25.0000000000,25.0000000000,-0.0951741313,-0.0086823407,1.0477088781
0.7130000000,1.0471975512,1.0470051990,0.0083469809,-0.0229245524,-0.0023748924,25.0000000000,25.0000000000,-0.0952277542,-0.0084869375,1.0477088781
0.7140000000,1.0471975512,1.0470116050,0.0057373976,-0.0225700208,-0.0026744005,25.0000000000,25.0000000000,-0.0930765056,-0.0081296498,1.0477088781
0.7150000000,1.0471975512,1.0470152651,0.0029601045,-0.0217434503,-0.0027998870,25.0000000000,25.0000000000,-0.0891519406,-0.0076519698,1.0477088781
0.7160000000,1.0471975512,1.0470161350,0.0001783871,-0.0205623942,-0.0027659428,25.0000000000,25.0000000000,-0.0839087445,-0.0070948754,1.0477088781
0.7170000000,1.0471975512,1.0470143197,-0.0024634987,-0.0191365635,-0.0025930421,25.0000000000,25.0000000000,-0.0777962883,-0.0064975668,1.0477088781
0.7180000000,1.0471975512,1.0470100509,-0.0048453649,-0.0175716230,-0.0023063268,25.0000000000,25.0000000000,-0.0712444107,-0.0058961748,1.0477088781
0.7190000000,1.0471975512,1.0470036600,-0.0068744418,-0.0159663889,-0.0019338445,25.0000000000,25.0000000000,-0.0646492204,-0.0053225370,1.0477088781
0.7200000000,1.0471975512,1.0469955492,-0.0084869474,-0.0144094225,-0.0015047805,25.0000000000,25.0000000000,-0.0583596891,-0.0048032030,1.0477088781
0.7210000000,1.0471975512,1.0469861632,-0.0096479901,-0.0129760792,-0.0010478300,25.0000000000,25.0000000000,-0.0526667490,-0.0043587564,1.0477088781
0.7220000000,1.0471975512,1.0469759606,-0.0103500016,-0.0117263606,-0.0005897838,25.0000000000,25.0000000000,-0.0477958786,-0.0040034875,1.0477088781
0.7230000000,1.0471975512,1.0469653893,-0.0106099501,-0.0107037013,-0.0001543763,25.0000000000,25.0000000000,-0.0439035261,-0.0037454084,1.0477088781
0.7240000000,1.0471975512,1.0469548640,-0.0104656192,-0.0099347017,0.0002385778,25.0000000000,25.0000000000,-0.0410772985,-0.0035865810,1.0477088781
0.7250000000,1.0471975512,1.0469447493,-0.0099712491,-0.0094297385,0.0005737464,25.0000000000,25.0000000000,-0.0393395622,-0.0035237064,1.0477088781
0.7260000000,1.0471975512,1.0469353463,-0.0091928378,-0.0091843281,0.0008405480,25.0000000000,25.0000000000,-0.0386539244,-0.0035489197,1.0461748973
0.7270000000,1.0471975512,1.0469268847,-0.0082033822,-0.0091810938,0.0010331454,25.0000000000,25.0000000000,-0.0389339541,0.0139273993,1.0461748973
0.7280000000,1.0471975512,1.0469200454,-0.0062983845,0.0295946982,0.0021635496,25.0000000000,25.0000000000,0.1531143969,0.0137631130,1.0461748973
0.7290000000,1.0471975512,1.0469156967,-0.0036591409,0.0353333628,0.0027582292,25.0000000000,25.0000000000,0.1510038860,0.0134626732,1.0461748973
0.7300000000,1.0471975512,1.0469142367,-0.0007125475,0.0354828211,0.0029896406,25.0000000000,25.0000000000,0.1476615314,0.0130100183,1.0461748973
0.7310000000,1.0471975512,1.0469157826,0.0022966518,0.0344906926,0.0030033148,25.0000000000,25.0000000000,0.1426866680,0.0124460361,1.0461748973
0.7320000000,1.0471975512,1.0469202631,0.0051936687,0.0330844357,0.0028526397,25.0000000000,25.0000000000,0.1364967785,0.0118192161,1.0461748973
0.7330000000,1.0471975512,1.0469274596,0.0078390218,0.0314661950,0.0025700557,25.0000000000,25.0000000000,0.1296199892,0.0111738325,1.0461748973
0.7340000000,1.0471975512,1.0469370371,0.0101241813,0.0297632091,0.0021865901,25.0000000000,25.0000000000,0.1225413799,0.0105480055,1.0461748973
0.7350000000,1.0471975512,1.0469485759,0.0119722778,0.0280813772,0.0017341105,25.0000000000,25.0000000000,0.1156787922,0.0099732320,1.0477088781
0.7360000000,1.0471975512,1.0469616030,0.0133381482,0.0265095625,0.0012441826,25.0000000000,25.0000000000,0.1093773974,-0.0081040560,1.0477088781
0.7370000000,1.0471975512,1.0469750907,0.0134193841,-0.0138453772,-0.0002732501,25.0000000000,25.0000000000,-0.0892627524,-0.0085101547,1.0477088781
0.7380000000,1.0471975512,1.0469877684,0.0123557414,-0.0211736052,-0.0012881200,25.0000000000,25.0000000000,-0.0934040366,-0.0087225130,1.0477088781
0.7390000000,1.0471975512,1.0469988006,0.0105391560,-0.0227669424,-0.0019719917,25.0000000000,25.0000000000,-0.0956815469,-0.0087068077,1.0477088781
0.7400000000,1.0471975512,1.0470076141,0.0082029744,-0.0230074869,-0.0024421412,25.0000000000,25.0000000000,-0.0954951907,-0.0084907897,1.0477088781
0.7410000000,1.0471975512,1.0470138337,0.0055381756,-0.0225968817,-0.0027256010,25.0000000000,25.0000000000,-0.0931179210,-0.0081150739,1.0477088781
0.7420000000,1.0471975512,1.0470172646,0.0027223559,-0.0217193311,-0.0028342556,25.0000000000,25.0000000000,-0.0889913543,-0.0076218527,1.0477088781
0.7430000000,1.0471975512,1.0470178794,-0.0000811478,-0.0204944150,-0.0027836600,25.0000000000,25.0000000000,-0.0835778437,-0.0070525728,1.0477088781
0.7440000000,1.0471975512,1.0470157992,-0.0027289003,-0.0190332856,-0.0025951289,25.0000000000,25.0000000000,-0.0773318942,-0.0064466751,1.0477088781
0.7450000000,1.0471975512,1.0470112706,-0.0051022614,-0.0174424459,-0.0022944921,25.0000000000,25.0000000000,-0.0706859709,-0.0058403161,1.0477088781
0.7460000000,1.0471975512,1.0470046376,-0.0071105694,-0.0158209690,-0.0019103159,25.0000000000,25.0000000000,-0.0640364601,-0.0052651695,1.0477088781
0.7470000000,1.0471975512,1.0469963131,-0.0086925372,-0.0142571428,-0.0014721286,25.0000000000,25.0000000000,-0.0577305238,-0.0047474610,1.0477088781
0.7480000000,1.0471975512,1.0469867493,-0.0098159810,-0.0128255944,-0.0010087962,25.0000000000,25.0000000000,-0.0520555373,-0.0043073266,1.0477088781
0.7490000000,1.0471975512,1.0469764100,-0.0104760887,-0.0115852318,-0.0005471198,25.0000000000,25.0000000000,-0.0472320637,-0.0039585222,1.0477088781
0.7500000000,1.0471975512,1.0469657452,-0.0106924871,-0.0105781309,-0.0001107012,25.0000000000,25.0000000000,-0.0434106903,-0.0037084773,1.0477088781
0.7510000000,1.0471975512,1.0469551696,-0.0105053943,-0.0098293699,0.0002808966,25.0000000000,25.0000000000,-0.0406726293,-0.0035586574,1.0477088781
0.7520000000,1.0471975512,1.0469450452,-0.0099711626,-0.0093477376,0.0006126854,25.0000000000,25.0000000000,-0.0390337100,-0.0035051867,1.0477088781
0.7530000000,1.0471975512,1.0469356691,-0.0091575083,-0.0091271873,0.0008744920,25.0000000000,25.0000000000,-0.0384512128,-0.0035396698,1.0461748973
0.7540000000,1.0471975512,1.0469272652,-0.0081387097,-0.0091488816,0.0010609233,25.0000000000,25.0000000000,-0.0388328904,0.0139279758,1.0461748973
0.7550000000,1.0471975512,1.0469205080,-0.0062111019,0.0296032239,0.0021844365,25.0000000000,25.0000000000,0.1531203698,0.0137559903,1.0461748973
0.7560000000,1.0471975512,1.0469162586,-0.0035564033,0.0353206335,0.0027719036,25.0000000000,25.0000000000,0.1509254608,0.0134491100,1.0461748973
0.7570000000,1.0471975512,1.0469149080,-0.0006015007,0.0354520117,0.0029962192,25.0000000000,25.0000000000,0.1475125206,0.0129914638,1.0461748973
0.7580000000,1.0471975512,1.0469165665,0.0024092646,0.0344454677,0.0030032863,25.0000000000,25.0000000000,0.1424829749,0.0124240338,1.0461748973
0.7590000000,1.0471975512,1.0469211566,0.0053018130,0.0330287824,0.0028467794,25.0000000000,25.0000000000,0.1362553361,0.0117953105,1.0461748973
0.7600000000,1.0471975512,1.0469284544,0.0079376011,0.0314041954,0.0025593504,25.0000000000,25.0000000000,0.1293577369,0.0111494872,1.0461748973
0.7610000000,1.0471975512,1.0469381205,0.0102091915,0.0296988135,0.0021721613,25.0000000000,25.0000000000,0.1222743677,0.0105245365,1.0461748973
0.7620000000,1.0471975512,1.0469497321,0.0120408856,0.0280182092,0.0017171409,25.0000000000,25.0000000000,0.1154214450,0.0099517561,1.0477088781
0.7630000000,1.0471975512,1.0469628143,0.0133887006,0.0264507657,0.0012258475,25.0000000000,25.0000000000,0.1091419544,-0.0081226558,1.0477088781
0.7640000000,1.0471975512,1.0469763387,0.0134514045,-0.0138974177,-0.0002917874,25.0000000000,25.0000000000,-0.0894666086,-0.0085252475,1.0477088781
0.7650000000,1.0471975512,1.0469890349,0.0123697190,-0.0212167792,-0.0013059420,25.0000000000,25.0000000000,-0.0935694081,-0.0087337287,1.0477088781
0.7660000000,1.0471975512,1.0470000684,0.0105364483,-0.0228000214,-0.0019882556,25.0000000000,25.0000000000,-0.0958043871,-0.0087140172,1.0477088781
0.7670000000,1.0471975512,1.0470088681,0.0081856513,-0.0230299597,-0.0024561809,25.0000000000,25.0000000000,-0.0955740931,-0.0084940841,1.0477088781
0.7680000000,1.0471975512,1.0470150612,0.0055088251,-0.0226088264,-0.0027369471,25.0000000000,25.0000000000,-0.0931538927,-0.0081147361,1.0477088781
0.7690000000,1.0471975512,1.0470184557,0.0026838874,-0.0217213480,-0.0028426341,25.0000000000,25.0000000000,-0.0889875035,-0.0076183204,1.0477088781
0.7700000000,1.0471975512,1.0470190273,-0.0001256915,-0.0204875441,-0.0027889828,25.0000000000,25.0000000000,-0.0835389794,-0.0070463985,1.0477088781
0.7710000000,1.0471975512,1.0470169001,-0.0027765163,-0.0190189050,-0.0025974764,25.0000000000,25.0000000000,-0.0772640786,-0.0064384836,1.0477088781
0.7720000000,1.0471975512,1.0470123235,-0.0051501373,-0.0174221631,-0.0022940888,25.0000000000,25.0000000000,-0.0705960597,-0.0058307640,1.0477088781
0.7730000000,1.0471975512,1.0470056442,-0.0071562060,-0.0157965115,-0.0019075022,25.0000000000,25.0000000000,-0.0639316544,-0.0052549072,1.0477088781
0.7740000000,1.0471975512,1.0469972772,-0.0087338410,-0.0142302551,-0.0014673293,25.0000000000,25.0000000000,-0.0576179574,-0.0047371003,1.0477088781
0.7750000000,1.0471975512,1.0469876765,-0.0098513246,-0.0127979452,-0.0010024891,25.0000000000,25.0000000000,-0.0519419161,-0.0042974132,1.0477088781
0.7760000000,1.0471975512,1.0469773071,-0.0105043407,-0.0115583363,-0.0005398047,25.0000000000,25.0000000000,-0.0471233696,-0.0039495154,1.0477088781
0.7770000000,1.0471975512,1.0469666198,-0.0107130125,-0.0105532900,-0.0001028718,25.0000000000,25.0000000000,-0.0433119570,-0.0037007364,1.0477088781
0.7780000000,1.0471975512,1.0469560296,-0.0105180298,-0.0098076277,0.0002887774,25.0000000000,25.0000000000,-0.0405877932,-0.0035524349,1.0477088781
0.7790000000,1.0471975512,1.0469458983,-0.0099761704,-0.0093298571,0.0006202055,25.0000000000,25.0000000000,-0.0389655348,-0.0035006275,1.0477088781
0.7800000000,1.0471975512,1.0469365225,-0.0091555132,-0.0091136438,0.0008813057,25.0000000000,25.0000000000,-0.0384012834,-0.0035368163,1.0461748973
0.7810000000,1.0471975512,1.0469281252,-0.0081306251,-0.0091398714,0.0010667613,25.0000000000,25.0000000000,-0.0388016678,0.0139291739,1.0461748973
0.7820000000,1.0471975512,1.0469213799,-0.0061980493,0.0296077610,0.0021891109,25.0000000000,25.0000000000,0.1531334417,0.0137556629,1.0461748973
0.7830000000,1.0471975512,1.0469171464,-0.0035396342,0.0353209970,0.0027753024,25.0000000000,25.0000000000,0.1509218087,0.0134474506,1.0461748973
0.7840000000,1.0471975512,1.0469158145,-0.0005823189,0.0354486822,0.0029983106,25.0000000000,25.0000000000,0.1474942675,0.0129887125,1.0461748973
0.7850000000,1.0471975512,1.0469174931,0.0024295813,0.0344390453,0.0030041138,25.0000000000,25.0000000000,0.1424527565,0.0124204601,1.0461748973
0.7860000000,1.0471975512,1.0469221035,0.0053220769,0.0330199540,0.0028464478,25.0000000000,25.0000000000,0.1362161092,0.0117911955,1.0461748973
0.7870000000,1.0471975512,1.0469294208,0.0079567665,0.0313936948,0.0025580125,25.0000000000,25.0000000000,0.1293125857,0.0111451077,1.0461748973
0.7880000000,1.0471975512,1.0469391047,0.0102263915,0.0296873781,0.0021700040,25.0000000000,25.0000000000,0.1222263263,0.0105201506,1.0461748973
0.7890000000,1.0471975512,1.0469507315,0.0120554566,0.0280065408,0.0017143717,25.0000000000,25.0000000000,0.1153733442,0.0099475921,1.0477088781
0.7900000000,1.0471975512,1.0469638261,0.0134001925,0.0264394977,0.0012226811,25.0000000000,25.0000000000,0.1090962978,-0.0081264075,1.0477088781
0.7910000000,1.0471975512,1.0469773594,0.0134595890,-0.0139077804,-0.0002951295,25.0000000000,25.0000000000,-0.0895077342,-0.0085284402,1.0477088781
0.7920000000,1.0471975512,1.0469900613,0.0123745557,-0.0212257653,-0.0013092797,25.0000000000,25.0000000000,-0.0936043980,-0.0087362629,1.0477088781
0.7930000000,1.0471975512,1.0470010972,0.0105380730,-0.0228073206,-0.0019914162,25.0000000000,25.0000000000,-0.0958321521,-0.0087158386,1.0477088781
0.7940000000,1.0471975512,1.0470098963,0.0081843514,-0.0230353963,-0.0024590202,25.0000000000,25.0000000000,-0.0955940384,-0.0084951810,1.0477088781
0.7950000000,1.0471975512,1.0470160862,0.0055050064,-0.0226123376,-0.0027393552,25.0000000000,25.0000000000,-0.0931658923,-0.0081151356,1.0477088781
0.7960000000,1.0471975512,1.0470194754,0.0026780390,-0.0217229754,-0.0028445365,25.0000000000,25.0000000000,-0.0889918563,-0.0076180826,1.0477088781
0.7970000000,1.0471975512,1.0470200399,-0.0001330324,-0.0204874206,-0.0027903401,25.0000000000,25.0000000000,-0.0835363454,-0.0070456094,1.0477088781
0.7980000000,1.0471975512,1.0470179047,-0.0027847981,-0.0190172386,-0.0025982817,25.0000000000,25.0000000000,-0.0772554029,-0.0064372478,1.0477088781
0.7990000000,1.0471975512,1.0470133194,-0.0051588235,-0.0174192175,-0.0022943648,25.0000000000,25.0000000000,-0.0705824901,-0.0058291971,1.0477088781
0.8000000000,1.0471975512,1.0470066315,-0.0071648020,-0.0157925862,-0.0019072960,25.0000000000,25.0000000000,-0.0639144581,-0.0052531284,1.0477088781
0.8010000000,1.0471975512,1.0469982562,-0.0087419139,-0.0142256658,-0.0014667077,25.0000000000,25.0000000000,-0.0575984420,-0.0047352259,1.0477088781
0.8020000000,1.0471975512,1.0469886481,-0.0098585189,-0.0127930054,-0.0010015322,25.0000000000,25.0000000000,-0.0519213569,-0.0042955509,1.0477088781
0.8030000000,1.0471975512,1.0469782724,-0.0105103873,-0.0115533415,-0.0005386006,25.0000000000,25.0000000000,-0.0471029478,-0.0039477599,1.0477088781
0.8040000000,1.0471975512,1.0469675800,-0.0107177327,-0.0105485043,-0.0001015113,25.0000000000,25.0000000000,-0.0432927096,-0.0036991658,1.0477088781
0.8050000000,1.0471975512,1.0469569861,-0.0105213339,-0.0098032738,0.0002902060,25.0000000000,25.0000000000,-0.0405705764,-0.0035511087,1.0477088781
0.8060000000,1.0471975512,1.0469468527,-0.0099780521,-0.0093261097,0.0006216209,25.0000000000,25.0000000000,-0.0389510010,-0.0034995858,1.0477088781
0.8070000000,1.0471975512,1.0469374760,-0.0091560400,-0.0091106259,0.0008826364,25.0000000000,25.0000000000,-0.0383898710,-0.0035360799,1.0461748973
0.8080000000,1.0471975512,1.0469290790,-0.0081299268,-0.0091376542,0.0010679485,25.0000000000,25.0000000000,-0.0387936036,0.0139296025,1.0461748973
0.8090000000,1.0471975512,1.0469223352,-0.0061963035,0.0296091552,0.0021901104,25.0000000000,25.0000000000,0.1531381297,0.0137557972,1.0461748973
0.8100000000,1.0471975512,1.0469181041,-0.0035370522,0.0353215929,0.0027760837,25.0000000000,25.0000000000,0.1509232695,0.0134473177,1.0461748973
0.8110000000,1.0471975512,1.0469167753,-0.0005791318,0.0354485454,0.0029988576,25.0000000000,25.0000000000,0.1474927991,0.0129883502,1.0461748973
0.8120000000,1.0471975512,1.0469184573,0.0024331375,0.0344382686,0.0030044252,25.0000000000,25.0000000000,0.1424487735,0.0124199137,1.0461748973
0.8130000000,1.0471975512,1.0469230715,0.0053257747,0.0330186512,0.0028465350,25.0000000000,25.0000000000,0.1362101095,0.0117905148,1.0461748973
0.8140000000,1.0471975512,1.0469303924,0.0079603974,0.0313919938,0.0025578970,25.0000000000,25.0000000000,0.1293051149,0.0111443436,1.0461748973
0.8150000000,1.0471975512,1.0469400797,0.0102297750,0.0296854129,0.0021697156,25.0000000000,25.0000000000,0.1222179432,0.0105193524,1.0461748973
0.8160000000,1.0471975512,1.0469517097,0.0120584460,0.0280044439,0.0017139454,25.0000000000,25.0000000000,0.1153645899,0.0099468054,1.0477088781
0.8170000000,1.0471975512,1.0469648068,0.0134026785,0.0264373932,0.0012221552,25.0000000000,25.0000000000,0.1090876698,-0.0081271434,1.0477088781
0.8180000000,1.0471975512,1.0469783423,0.0134615033,-0.0139097891,-0.0002957141,25.0000000000,25.0000000000,-0.0895158028,-0.0085290930,1.0477088781
0.8190000000,1.0471975512,1.0469910456,0.0123758655,-0.0212275777,-0.0013098884,25.0000000000,25.0000000000,-0.0936115540,-0.0087368087,1.0477088781
0.8200000000,1.0471975512,1.0470020824,0.0105387802,-0.0228088646,-0.0019920147,25.0000000000,25.0000000000,-0.0958381331,-0.0087162616,1.0477088781
0.8210000000,1.0471975512,1.0470108818,0.0081844890,-0.0230366244,-0.0024595784,25.0000000000,25.0000000000,-0.0955986721,-0.0084954735,1.0477088781
0.8220000000,1.0471975512,1.0470170714,0.0055046333,-0.0226132236,-0.0027398489,25.0000000000,25.0000000000,-0.0931690950,-0.0081152976,1.0477088781
0.8230000000,1.0471975512,1.0470204598,0.0026772337,-0.0217235131,-0.0028449477,25.0000000000,25.0000000000,-0.0889936280,-0.0076181208,1.0477088781
0.8240000000,1.0471975512,1.0470210233,-0.0001341783,-0.0204876223,-0.0027906570,25.0000000000,25.0000000000,-0.0835367601,-0.0070455363,1.0477088781
0.8250000000,1.0471975512,1.0470188868,-0.0027861860,-0.0190171326,-0.0025984990,25.0000000000,25.0000000000,-0.0772545963,-0.0064370799,1.0477088781
0.8260000000,1.0471975512,1.0470143000,-0.0051603538,-0.0174188447,-0.0022944828,25.0000000000,25.0000000000,-0.0705806452,-0.0058289541,1.0477088781
0.8270000000,1.0471975512,1.0470076105,-0.0071663792,-0.0157919966,-0.0019073202,25.0000000000,25.0000000000,-0.0639117905,-0.0052528316,1.0477088781
0.8280000000,1.0471975512,1.0469992337,-0.0087434513,-0.0142249148,-0.0014666477,25.0000000000,25.0000000000,-0.0575951846,-0.0047348967,1.0477088781
0.8290000000,1.0471975512,1.0469896241,-0.0098599418,-0.0127921504,-0.0010014008,25.0000000000,25.0000000000,-0.0519177460,-0.0042952101,1.0477088781
0.8300000000,1.0471975512,1.0469792471,-0.0105116357,-0.0115524387,-0.0005384130,25.0000000000,25.0000000000,-0.0470992106,-0.0039474265,1.0477088781
0.8310000000,1.0471975512,1.0469685536,-0.0107187624,-0.0105476058,-0.0001012836,25.0000000000,25.0000000000,-0.0432890534,-0.0036988560,1.0477088781
0.8320000000,1.0471975512,1.0469579589,-0.0105221172,-0.0098024254,0.0002904575,25.0000000000,25.0000000000,-0.0405671804,-0.0035508358,1.0477088781
0.8330000000,1.0471975512,1.0469478249,-0.0099785771,-0.0093253494,0.0006218804,25.0000000000,25.0000000000,-0.0389480100,-0.0034993596,1.0477088781
0.8340000000,1.0471975512,1.0469384478,-0.0091563096,-0.0091099828,0.0008828896,25.0000000000,25.0000000000,-0.0383873923,-0.0035359066,1.0461748973
0.8350000000,1.0471975512,1.0469300508,-0.0081299567,-0.0091371477,0.0010681831,25.0000000000,25.0000000000,-0.0387917057,0.0139297200,1.0461748973
0.8360000000,1.0471975512,1.0469233071,-0.0061961198,0.0296095144,0.0021903166,25.0000000000,25.0000000000,0.1531394163,0.0137558594,1.0461748973
0.8370000000,1.0471975512,1.0469190764,-0.0035366890,0.0353218033,0.0027762541,25.0000000000,25.0000000000,0.1509239493,0.0134473277,1.0461748973
0.8380000000,1.0471975512,1.0469177480,-0.0005786286,0.0354486143,0.0029989873,25.0000000000,25.0000000000,0.1474929071,0.0129883136,1.0461748973
0.8390000000,1.0471975512,1.0469194306,0.0024337382,0.0344382091,0.0030045121,25.0000000000,25.0000000000,0.1424483702,0.0124198377,1.0461748973
0.8400000000,1.0471975512,1.0469240454,0.0053264304,0.0330184812,0.0028465796,25.0000000000,25.0000000000,0.1362092748,0.0117904080,1.0461748973
0.8410000000,1.0471975512,1.0469313670,0.0079610676,0.0313917348,0.0025579020,25.0000000000,25.0000000000,0.1293039422,0.0111442150,1.0461748973
0.8420000000,1.0471975512,1.0469410550,0.0102304233,0.0296850885,0.0021696853,25.0000000000,25.0000000000,0.1222165326,0.0105192114,1.0461748973
0.8430000000,1.0471975512,1.0469526856,0.0120590413,0.0280040785,0.0017138855,25.0000000000,25.0000000000,0.1153630423,0.0099466605,1.0477088781
0.8440000000,1.0471975512,1.0469657832,0.0134031963,0.0264370105,0.0012220722,25.0000000000,25.0000000000,0.1090860813,-0.0081272841,1.0477088781
0.8450000000,1.0471975512,1.0469793191,0.0134619260,-0.0139101686,-0.0002958127,25.0000000000,25.0000000000,-0.0895173449,-0.0085292227,1.0477088781
0.8460000000,1.0471975512,1.0469920228,0.0123761822,-0.0212279332,-0.0013099963,25.0000000000,25.0000000000,-0.0936129753,-0.0087369219,1.0477088781
0.8470000000,1.0471975512,1.0470030598,0.0105389868,-0.0228091803,-0.0019921251,25.0000000000,25.0000000000,-0.0958393744,-0.0087163545,1.0477088781
0.8480000000,1.0471975512,1.0470118593,0.0081845876,-0.0230368889,-0.0024596854,25.0000000000,25.0000000000,-0.0955996903,-0.0084955437,1.0477088781
0.8490000000,1.0471975512,1.0470180489,0.0055046312,-0.0226134292,-0.0027399472,25.0000000000,25.0000000000,-0.0931698632,-0.0081153440,1.0477088781
0.8500000000,1.0471975512,1.0470214373,0.0026771427,-0.0217236560,-0.0028450333,25.0000000000,25.0000000000,-0.0889941354,-0.0076181438,1.0477088781
0.8510000000,1.0471975512,1.0470220007,-0.0001343432,-0.0204877024,-0.0027907270,25.0000000000,25.0000000000,-0.0835370107,-0.0070455373,1.0477088781
0.8520000000,1.0471975512,1.0470198639,-0.0027864076,-0.0190171530,-0.0025985515,25.0000000000,25.0000000000,-0.0772546068,-0.0064370616,1.0477088781
0.8530000000,1.0471975512,1.0470152769,-0.0051606143,-0.0174188112,-0.0022945172,25.0000000000,25.0000000000,-0.0705804429,-0.0058289195,1.0477088781
0.8540000000,1.0471975512,1.0470085871,-0.0071666605,-0.0157919171,-0.0019073367,25.0000000000,25.0000000000,-0.0639114105,-0.0052527844,1.0477088781
0.8550000000,1.0471975512,1.0470002100,-0.0087437366,-0.0142247987,-0.0014666476,25.0000000000,25.0000000000,-0.0575946671,-0.0047348409,1.0477088781
0.8560000000,1.0471975512,1.0469906001,-0.0098602159,-0.0127920080,-0.0010013861,25.0000000000,25.0000000000,-0.0519171336,-0.0042951495,1.0477088781
0.8570000000,1.0471975512,1.0469802229,-0.0105118858,-0.0115522804,-0.0005383861,25.0000000000,25.0000000000,-0.0470985459,-0.0039473648,1.0477088781
0.8580000000,1.0471975512,1.0469695292,-0.0107189783,-0.0105474415,-0.0001012472,25.0000000000,25.0000000000,-0.0432883767,-0.0036987965,1.0477088781
0.8590000000,1.0471975512,1.0469589343,-0.0105222918,-0.0098022643,0.0002905003,25.0000000000,25.0000000000,-0.0405665279,-0.0035507813,1.0477088781
0.8600000000,1.0471975512,1.0469488001,-0.0099787062,-0.0093251995,0.0006219267,25.0000000000,25.0000000000,-0.0389474126,-0.0034993123,1.0477088781
0.8610000000,1.0471975512,1.0469394230,-0.0091563918,-0.0091098504,0.0008829366,25.0000000000,25.0000000000,-0.0383868744,-0.0035358682,1.0461748973
0.8620000000,1.0471975512,1.0469310259,-0.0081299931,-0.0091370378,0.0010682283,25.0000000000,25.0000000000,-0.0387912848,0.0139297486,1.0461748973
0.8630000000,1.0471975512,1.0469242822,-0.0061961139,0.0296095988,0.0021903579,25.0000000000,25.0000000000,0.1531397297,0.0137558779,1.0461748973
0.8640000000,1.0471975512,1.0469200515,-0.0035366459,0.0353218607,0.0027762899,25.0000000000,25.0000000000,0.1509241516,0.0134473363,1.0461748973
0.8650000000,1.0471975512,1.0469187232,-0.0005785549,0.0354486450,0.0029990162,25.0000000000,25.0000000000,0.1474930006,0.0129883129,1.0461748973
0.8660000000,1.0471975512,1.0469204059,0.0024338352,0.0344382148,0.0030045335,25.0000000000,25.0000000000,0.1424483626,0.0124198290,1.0461748973
0.8670000000,1.0471975512,1.0469250208,0.0053265428,0.0330184644,0.0028465933,25.0000000000,25.0000000000,0.1362091783,0.0117903925,1.0461748973
0.8680000000,1.0471975512,1.0469323425,0.0079611880,0.0313916990,0.0025579080,25.0000000000,25.0000000000,0.1293037720,0.0111441944,1.0461748973
0.8690000000,1.0471975512,1.0469420306,0.0102305444,0.0296850378,0.0021696843,25.0000000000,25.0000000000,0.1222163061,0.0105191873,1.0477088781
0.8700000000,1.0471975512,1.0469536613,0.0120591568,0.0280040172,0.0017138784,25.0000000000,25.0000000000,0.1153627777,-0.0076314904,1.0477088781
0.8710000000,1.0471975512,1.0469662256,0.0126144917,-0.0125228024,0.0002007792,25.0000000000,25.0000000000,-0.0840834034,-0.0081273103,1.0477088781
0.8720000000,1.0471975512,1.0469784456,0.0120116796,-0.0200776660,-0.0008331107,25.0000000000,25.0000000000,-0.0892092608,-0.0084388569,1.0477088781
0.8730000000,1.0471975512,1.0469894555,0.0106205824,-0.0219293058,-0.0015574153,25.0000000000,25.0000000000,-0.0925748464,-0.0085255530,1.0477088781
0.8740000000,1.0471975512,1.0469986332,0.0086564724,-0.0224410815,-0.0020848932,25.0000000000,25.0000000000,-0.0935115847,-0.0084094931,1.0477088781
0.8750000000,1.0471975512,1.0470055398,0.0062972246,-0.0222994127,-0.0024375449,25.0000000000,25.0000000000,-0.0922304029,-0.0081263927,1.0477088781
0.8760000000,1.0471975512,1.0470099077,0.0037123469,-0.0216751160,-0.0026222574,25.0000000000,25.0000000000,-0.0891192034,-0.0077144926,1.0477088781
0.8770000000,1.0471975512,1.0470116321,0.0010619072,-0.0206765766,-0.0026498381,25.0000000000,25.0000000000,-0.0845970395,-0.0072123374,1.0477088781
0.8780000000,1.0471975512,1.0470107569,-0.0015095148,-0.0194063631,-0.0025373084,25.0000000000,25.0000000000,-0.0790866275,-0.0066575418,1.0477088781
0.8790000000,1.0471975512,1.0470074553,-0.0038783021,-0.0179651926,-0.0023068255,25.0000000000,25.0000000000,-0.0730004546,-0.0060854808,1.0477088781
0.8800000000,1.0471975512,1.0470020056,-0.0059456937,-0.0164491462,-0.0019840183,25.0000000000,25.0000000000,-0.0667263791,-0.0055280072,1.0477088781
0.8810000000,1.0471975512,1.0469947647,-0.0076399650,-0.0149461562,-0.0015962755,25.0000000000,25.0000000000,-0.0606135721,-0.0050123648,1.0477088781
0.8820000000,1.0471975512,1.0469861405,-0.0089169674,-0.0135328493,-0.0011711355,25.0000000000,25.0000000000,-0.0549606067,-0.0045603944,1.0477088781
0.8830000000,1.0471975512,1.0469765650,-0.0097591905,-0.0122721122,-0.0007348566,25.0000000000,25.0000000000,-0.0500067722,-0.0041880755,1.0477088781
0.8840000000,1.0471975512,1.0469664693,-0.0101735664,-0.0112115415,-0.0003112180,25.0000000000,25.0000000000,-0.0459270610,-0.0039054044,1.0477088781
0.8850000000,1.0471975512,1.0469562612,-0.0101882744,-0.0103828101,0.0000794122,25.0000000000,25.0000000000,-0.0428308482,-0.0037165849,1.0477088781
0.8860000000,1.0471975512,1.0469463071,-0.0098488259,-0.0098019077,0.0004207270,25.0000000000,25.0000000000,-0.0407639965,-0.0036204897,1.0477088781
0.8870000000,1.0471975512,1.0469369182,-0.0092137129,-0.0094701502,0.0007008478,25.0000000000,25.0000000000,-0.0397139280,-0.0036113400,1.0461748973
0.8880000000,1.0471975512,1.0469283402,-0.0083498936,-0.0093758247,0.0009124220,25.0000000000,25.0000000000,-0.0396170831,0.0138985812,1.0461748973
0.8890000000,1.0471975512,1.0469212753,-0.0065484418,0.0294905707,0.0020658198,25.0000000000,25.0000000000,0.1527997230,0.0137654929,1.0461748973
0.8900000000,1.0471975512,1.0469166160,-0.0039878086,0.0353144371,0.0026859757,25.0000000000,25.0000000000,0.1510312496,0.0134925176,1.0461748973
0.8910000000,1.0471975512,1.0469147865,-0.0010936081,0.0355398589,0.0029437343,25.0000000000,25.0000000000,0.1479899526,0.0130626030,1.0461748973
0.8920000000,1.0471975512,1.0469159298,0.0018891033,0.0346119221,0.0029830778,25.0000000000,25.0000000000,0.1432642973,0.0125159948,1.0461748973
0.8930000000,1.0471975512,1.0469199997,0.0047838872,0.0332562162,0.0028561228,25.0000000000,25.0000000000,0.1372647310,0.0119008971,1.0461748973
0.8940000000,1.0471975512,1.0469267996,0.0074485429,0.0316738214,0.0025943053,25.0000000000,25.0000000000,0.1305162666,0.0112616305,1.0461748973
0.8950000000,1.0471975512,1.0469360137,0.0097710230,0.0299917831,0.0022279222,25.0000000000,25.0000000000,0.1235045089,0.0106366501,1.0461748973
0.8960000000,1.0471975512,1.0469472370,0.0116704201,0.0283166114,0.0017883891,25.0000000000,25.0000000000,0.1166509854,0.0100580233,1.0477088781
0.8970000000,1.0471975512,1.0469600075,0.0130972833,0.0267384622,0.0013070869,25.0000000000,25.0000000000,0.1103071353,-0.0080270700,1.0477088781
0.8980000000,1.0471975512,1.0469733038,0.0132447091,-0.0136332586,-0.0002062174,25.0000000000,25.0000000000,-0.0884188141,-0.0084440606,1.0477088781
0.8990000000,1.0471975512,1.0469858576,0.0122486249,-0.0209881235,-0.0012206334,25.0000000000,25.0000000000,-0.0926796666,-0.0086694497,1.0477088781
0.9000000000,1.0471975512,1.0469968318,0.0104973520,-0.0226147132,-0.0019076065,25.0000000000,25.0000000000,-0.0951001557,-0.0086680014,1.0477088781
0.9010000000,1.0471975512,1.0470056489,0.0082210917,-0.0228924009,-0.0023838516,25.0000000000,25.0000000000,-0.0950701950,-0.0084665961,1.0477088781
0.9020000000,1.0471975512,1.0470119261,0.0056083397,-0.0225205317,-0.0026757213,25.0000000000,25.0000000000,-0.0928531902,-0.0081050533,1.0477088781
0.9030000000,1.0471975512,1.0470154597,0.0028349128,-0.0216811769,-0.0027943894,25.0000000000,25.0000000000,-0.0888820325,-0.0076248825,1.0477088781
0.9040000000,1.0471975512,1.0470162114,0.0000630785,-0.0204920249,-0.0027547041,25.0000000000,25.0000000000,-0.0836115948,-0.0070669858,1.0477088781
0.9050000000,1.0471975512,1.0470142916,-0.0025641177,-0.0190626654,-0.0025773106,25.0000000000,25.0000000000,-0.0774904096,-0.0064704087,1.0477088781
0.9060000000,1.0471975512,1.0470099357,-0.0049278051,-0.0174984202,-0.0022874368,25.0000000000,25.0000000000,-0.0709466154,-0.0058710656,1.0477088781
0.9070000000,1.0471975512,1.0470034774,-0.0069365573,-0.0158975831,-0.0019131375,25.0000000000,25.0000000000,-0.0643739490,-0.0053005354,1.0477088781
0.9080000000,1.0471975512,1.0469953204,-0.0085278898,-0.0143480608,-0.0014835353,25.0000000000,25.0000000000,-0.0581185402,-0.0047850843,1.0477088781
0.9090000000,1.0471975512,1.0469859091,-0.0096681009,-0.0129244717,-0.0010272043,25.0000000000,25.0000000000,-0.0524682121,-0.0043450055,1.0477088781
0.9100000000,1.0471975512,1.0469757011,-0.0103506565,-0.0116860455,-0.0005707688,25.0000000000,25.0000000000,-0.0476452584,-0.0039943075,1.0477088781
0.9110000000,1.0471975512,1.0469651422,-0.0105933681,-0.0106754546,-0.0001377653,25.0000000000,25.0000000000,-0.0438030402,-0.0037407434,1.0477088781
0.9120000000,1.0471975512,1.0469546445,-0.0104346505,-0.0099185859,0.0002522073,25.0000000000,25.0000000000,-0.0410263221,-0.0035861486,1.0477088781
0.9130000000,1.0471975512,1.0469445693,-0.0099291551,-0.0094251817,0.0005840373,25.0000000000,25.0000000000,-0.0393349906,-0.0035270389,1.0477088781
0.9140000000,1.0471975512,1.0469352144,-0.0091430758,-0.0091902278,0.0008473564,25.0000000000,25.0000000000,-0.0386906209,-0.0035554096,1.0461748973
0.9150000000,1.0471975512,1.0469268059,-0.0081494045,-0.0091959352,0.0010365234,25.0000000000,25.0000000000,-0.0390052499,0.0139184520,1.0461748973
0.9160000000,1.0471975512,1.0469200215,-0.0062434675,0.0295727482,0.0021637062,25.0000000000,25.0000000000,0.1530161798,0.0137524540,1.0461748973
0.9170000000,1.0471975512,1.0469157263,-0.0036062659,0.0353063701,0.0027554971,25.0000000000,25.0000000000,0.1508869206,0.0134510507,1.0461748973
0.9180000000,1.0471975512,1.0469143160,-0.0006642419,0.0354527353,0.0029845060,25.0000000000,25.0000000000,0.1475340255,0.0129981480,1.0461748973
0.9190000000,1.0471975512,1.0469159053,0.0023384018,0.0344593838,0.0029963325,25.0000000000,25.0000000000,0.1425564732,0.0124345655,1.0461748973
0.9200000000,1.0471975512,1.0469204217,0.0052274533,0.0330536523,0.0028443910,25.0000000000,25.0000000000,0.1363709944,0.0118086966,1.0461748973
0.9210000000,1.0471975512,1.0469276454,0.0078640106,0.0314374735,0.0025611180,25.0000000000,25.0000000000,0.1295046590,0.0111647013,1.0461748973
0.9220000000,1.0471975512,1.0469372411,0.0101400983,0.0297378072,0.0021775081,25.0000000000,25.0000000000,0.1224412941,0.0105405764,1.0461748973
0.9230000000,1.0471975512,1.0469487891,0.0119793497,0.0280602359,0.0017253723,25.0000000000,25.0000000000,0.1155973864,0.0099676935,1.0477088781
0.9240000000,1.0471975512,1.0469618171,0.0133370340,0.0264932925,0.0012362010,25.0000000000,25.0000000000,0.1093167336,-0.0081076356,1.0477088781
0.9250000000,1.0471975512,1.0469752982,0.0134110981,-0.0138565160,-0.0002801414,25.0000000000,25.0000000000,-0.0893019293,-0.0085118168,1.0477088781
0.9260000000,1.0471975512,1.0469879632,0.0123415415,-0.0211795898,-0.0012937026,25.0000000000,25.0000000000,-0.0934221872,-0.0087223946,1.0477088781
0.9270000000,1.0471975512,1.0469989777,0.0105204600,-0.0227680591,-0.0019761268,25.0000000000,25.0000000000,-0.0956801766,-0.0087051213,1.0477088781
0.9280000000,1.0471975512,1.0470077702,0.0081812696,-0.0230042456,-0.0024447818,25.0000000000,25.0000000000,-0.0954766336,-0.0084878040,1.0477088781
0.9290000000,1.0471975512,1.0470139668,0.0055149325,-0.0225899543,-0.0027267842,25.0000000000,25.0000000000,-0.0930851271,-0.0081110940,1.0477088781
0.9300000000,1.0471975512,1.0470173743,0.0026989535,-0.0217095004,-0.0028340895,25.0000000000,25.0000000000,-0.0889476679,-0.0076171992,1.0477088781
0.9310000000,1.0471975512,1.0470179664,-0.0001034826,-0.0204825230,-0.0027823103,25.0000000000,25.0000000000,-0.0835267849,-0.0070475644,1.0477088781
0.9320000000,1.0471975512,1.0470158654,-0.0027491385,-0.0190201840,-0.0025928029,25.0000000000,25.0000000000,-0.0772769555,-0.0064416115,1.0477088781
0.9330000000,1.0471975512,1.0470113187,-0.0051196017,-0.0174289509,-0.0022914233,25.0000000000,25.0000000000,-0.0706304397,-0.0058354652,1.0477088781
0.9340000000,1.0471975512,1.0470046709,-0.0071244533,-0.0158078229,-0.0019067489,25.0000000000,25.0000000000,-0.0639832722,-0.0052607569,1.0477088781
0.9350000000,1.0471975512,1.0469963353,-0.0087026492,-0.0142449845,-0.0014683052,25.0000000000,25.0000000000,-0.0576821529,-0.0047436638,1.0477088781
0.9360000000,1.0471975512,1.0469867643,-0.0098222367,-0.0128149378,-0.0010049433,25.0000000000,25.0000000000,-0.0520139209,-0.0043042692,1.0477088781
0.9370000000,1.0471975512,1.0469764216,-0.0104786122,-0.0115764538,-0.0005434393,25.0000000000,25.0000000000,-0.0471985658,-0.0039562767,1.0477088781
0.9380000000,1.0471975512,1.0469657568,-0.0106915805,-0.0105714673,-0.0001073628,25.0000000000,25.0000000000,-0.0433860981,-0.0037070653,1.0477088781
0.9390000000,1.0471975512,1.0469551844,-0.0105015014,-0.0098249202,0.0002837605,25.0000000000,25.0000000000,-0.0406571793,-0.0035580553,1.0477088781
0.9400000000,1.0471975512,1.0469450658,-0.0099648298,-0.0093454751,0.0006149822,25.0000000000,25.0000000000,-0.0390271400,-0.0035053317,1.0477088781
0.9410000000,1.0471975512,1.0469356974,-0.0091493443,-0.0091269757,0.0008761689,25.0000000000,25.0000000000,-0.0384528334,-0.0035404680,1.0461748973
0.9420000000,1.0471975512,1.0469273026,-0.0081293473,-0.0091504943,0.0010619656,25.0000000000,25.0000000000,-0.0388416699,0.0139266411,1.0461748973
0.9430000000,1.0471975512,1.0469205552,-0.0062011634,0.0296000865,0.0021848618,25.0000000000,25.0000000000,0.1531057122,0.0137542501,1.0461748973
0.9440000000,1.0471975512,1.0469163158,-0.0035464747,0.0353163288,0.0027717557,25.0000000000,25.0000000000,0.1509063602,0.0134471011,1.0461748973
0.9450000000,1.0471975512,1.0469149748,-0.0005920995,0.0354468940,0.0029955735,25.0000000000,25.0000000000,0.1474904770,0.0129893216,1.0461748973
0.9460000000,1.0471975512,1.0469166420,0.0024177100,0.0344398888,0.0030022356,25.0000000000,25.0000000000,0.1424594752,0.0124218854,1.0461748973
0.9470000000,1.0471975512,1.0469212396,0.0053089744,0.0330230819,0.0028454261,25.0000000000,25.0000000000,0.1362317738,0.0117932685,1.0461748973
0.9480000000,1.0471975512,1.0469285434,0.0079432557,0.0313986829,0.0025578002,25.0000000000,25.0000000000,0.1293353466,0.0111476456,1.0461748973
0.9490000000,1.0471975512,1.0469382140,0.0102132207,0.0296937542,0.0021705178,25.0000000000,25.0000000000,0.1222541786,0.0105229678,1.0461748973
0.9500000000,1.0471975512,1.0469498284,0.0120432690,0.0280138144,0.0017155003,25.0000000000,25.0000000000,0.1154042513,0.0099505100,1.0477088781
0.9510000000,1.0471975512,1.0469629118,0.0133895056,0.0264471877,0.0012242944,25.0000000000,25.0000000000,0.1091283016,-0.0081235520,1.0477088781
0.9520000000,1.0471975512,1.0469764359,0.0134507743,-0.0139000940,-0.0002931805,25.0000000000,25.0000000000,-0.0894764222,-0.0085257878,1.0477088781
0.9530000000,1.0471975512,1.0469891305,0.0123678523,-0.0212185098,-0.0013071245,25.0000000000,25.0000000000,-0.0935753191,-0.0087339266,1.0477088781
0.9540000000,1.0471975512,1.0470001614,0.0105335844,-0.0228008257,-0.0019891904,25.0000000000,25.0000000000,-0.0958065440,-0.0087139023,1.0477088781
0.9550000000,1.0471975512,1.0470089577,0.0081820537,-0.0230299045,-0.0024568482,25.0000000000,25.0000000000,-0.0955728200,-0.0084936985,1.0477088781
0.9560000000,1.0471975512,1.0470151468,0.0055047648,-0.0226080143,-0.0027373433,25.0000000000,25.0000000000,-0.0931496526,-0.0081141310,1.0477088781
0.9570000000,1.0471975512,1.0470185371,0.0026796277,-0.0217199083,-0.0028427703,25.0000000000,25.0000000000,-0.0889808592,-0.0076175526,1.0477088781
0.9580000000,1.0471975512,1.0470191044,-0.0001299074,-0.0204856234,-0.0027888822,25.0000000000,25.0000000000,-0.0835305527,-0.0070455265,1.0477088781
0.9590000000,1.0471975512,1.0470169732,-0.0027804761,-0.0190166579,-0.0025971717,25.0000000000,25.0000000000,-0.0772545115,-0.0064375645,1.0477088781
0.9600000000,1.0471975512,1.0470123929,-0.0051536662,-0.0174197433,-0.0022936195,25.0000000000,25.0000000000,-0.0705859784,-0.0058298506,1.0477088781
0.9610000000,1.0471975512,1.0470057105,-0.0071591721,-0.0157940639,-0.0019069116,25.0000000000,25.0000000000,-0.0639216390,-0.0052540462,1.0477088781
0.9620000000,1.0471975512,1.0469973410,-0.0087361564,-0.0142279093,-0.0014666620,25.0000000000,25.0000000000,-0.0576085171,-0.0047363299,1.0477088781
0.9630000000,1.0471975512,1.0469877385,-0.0098529454,-0.0127958106,-0.0010017883,25.0000000000,25.0000000000,-0.0519334714,-0.0042967627,1.0477088781
0.9640000000,1.0471975512,1.0469773680,-0.0105052637,-0.0115564987,-0.0005391104,25.0000000000,25.0000000000,-0.0471162407,-0.0039490045,1.0477088781
0.9650000000,1.0471975512,1.0469666803,-0.0107132710,-0.0105518099,-0.0001022191,25.0000000000,25.0000000000,-0.0433063591,-0.0037003752,1.0477088781
0.9660000000,1.0471975512,1.0469560903,-0.0105176874,-0.0098065402,0.0002893597,25.0000000000,25.0000000000,-0.0405838375,-0.0035522247,1.0477088781
0.9670000000,1.0471975512,1.0469459598,-0.0099753143,-0.0093291728,0.0006206956,25.0000000000,25.0000000000,-0.0389632352,-0.0035005616,1.0477088781
0.9680000000,1.0471975512,1.0469365851,-0.0091542470,-0.0091133514,0.0008816890,25.0000000000,25.0000000000,-0.0384005666,-0.0035368815,1.0461748973
0.9690000000,1.0471975512,1.0469281893,-0.0081290615,-0.0091399406,0.0010670303,25.0000000000,25.0000000000,-0.0388023876,0.0139289962,1.0461748973
0.9700000000,1.0471975512,1.0469214457,-0.0061963035,0.0296073764,0.0021892648,25.0000000000,25.0000000000,0.1531314888,0.0137553949,1.0461748973
0.9710000000,1.0471975512,1.0469172140,-0.0035378184,0.0353203566,0.0027753455,25.0000000000,25.0000000000,0.1509188658,0.0134471165,1.0461748973
0.9720000000,1.0471975512,1.0469158839,-0.0005805360,0.0354478485,0.0029982537,25.0000000000,25.0000000000,0.1474906011,0.0129883374,1.0461748973
0.9730000000,1.0471975512,1.0469175642,0.0024312422,0.0344380827,0.0030039717,25.0000000000,25.0000000000,0.1424486410,0.0124200682,1.0461748973
0.9740000000,1.0471975512,1.0469221762,0.0053235438,0.0330189269,0.0028462379,25.0000000000,25.0000000000,0.1362118109,0.0117908093,1.0461748973
0.9750000000,1.0471975512,1.0469294947,0.0079579856,0.0313926638,0.0025577536,25.0000000000,25.0000000000,0.1293083497,0.0111447465,1.0461748973
0.9760000000,1.0471975512,1.0469391796,0.0102273284,0.0296863972,0.0021697153,25.0000000000,25.0000000000,0.1222223658,0.0105198303,1.0461748973
0.9770000000,1.0471975512,1.0469508072,0.0120560954,0.0280056554,0.0017140717,25.0000000000,25.0000000000,0.1153698330,0.0099473246,1.0477088781
0.9780000000,1.0471975512,1.0469639021,0.0134005347,0.0264387428,0.0012223866,25.0000000000,25.0000000000,0.1090933662,-0.0081266145,1.0477088781
0.9790000000,1.0471975512,1.0469774356,0.0134596517,-0.0139083822,-0.0002954033,25.0000000000,25.0000000000,-0.0895100013,-0.0085285829,1.0477088781
0.9800000000,1.0471975512,1.0469901374,0.0123743680,-0.0212261984,-0.0013095218,25.0000000000,25.0000000000,-0.0936059601,-0.0087363414,1.0477088781
0.9810000000,1.0471975512,1.0470011730,0.0105376736,-0.0228075820,-0.0019916175,25.0000000000,25.0000000000,-0.0958330106,-0.0087158563,1.0477088781
0.9820000000,1.0471975512,1.0470099715,0.0081837853,-0.0230354926,-0.0024591751,25.0000000000,25.0000000000,-0.0955942307,-0.0084951441,1.0477088781
0.9830000000,1.0471975512,1.0470161607,0.0055043223,-0.0226122831,-0.0027394611,25.0000000000,25.0000000000,-0.0931654855,-0.0081150523,1.0477088781
0.9840000000,1.0471975512,1.0470195492,0.0026772859,-0.0217227902,-0.0028445936,25.0000000000,25.0000000000,-0.0889909408,-0.0076179625,1.0477088781
0.9850000000,1.0471975512,1.0470201129,-0.0001338077,-0.0204871294,-0.0027903510,25.0000000000,25.0000000000,-0.0835350274,-0.0070454631,1.0477088781
0.9860000000,1.0471975512,1.0470179769,-0.0027855529,-0.0190168686,-0.0025982514,25.0000000000,25.0000000000,-0.0772537972,-0.0064370858,1.0477088781
0.9870000000,1.0471975512,1.0470133910,-0.0051595214,-0.0174187969,-0.0022942995,25.0000000000,25.0000000000,-0.0705807128,-0.0058290296,1.0477088781
0.9880000000,1.0471975512,1.0470067024,-0.0071654134,-0.0157921426,-0.0019072032,25.0000000000,25.0000000000,-0.0639126210,-0.0052529647,1.0477088781
0.9890000000,1.0471975512,1.0469983266,-0.0087424175,-0.0142252247,-0.0014665953,25.0000000000,25.0000000000,-0.0575966468,-0.0047350739,1.0477088781
0.9900000000,1.0471975512,1.0469887181,-0.0098589011,-0.0127925893,-0.0010014084,25.0000000000,25.0000000000,-0.0519196913,-0.0042954172,1.0477088781
0.9910000000,1.0471975512,1.0469783420,-0.0105106425,-0.0115529691,-0.0005384731,25.0000000000,25.0000000000,-0.0471014827,-0.0039476493,1.0477088781
0.9920000000,1.0471975512,1.0469676495,-0.0107178624,-0.0105481896,-0.0001013870,25.0000000000,25.0000000000,-0.0432914974,-0.0036990812,1.0477088781
0.9930000000,1.0471975512,1.0469570556,-0.0105213460,-0.0098030265,0.0002903211,25.0000000000,25.0000000000,-0.0405696503,-0.0035510516,1.0477088781
0.9940000000,1.0471975512,1.0469469222,-0.0099779595,-0.0093259347,0.0006217218,25.0000000000,25.0000000000,-0.0389503755,-0.0034995558,1.0477088781
0.9950000000,1.0471975512,1.0469375457,-0.0091558597,-0.0091105239,0.0008827196,25.0000000000,25.0000000000,-0.0383895436,-0.0035360755,1.0461748973
0.9960000000,1.0471975512,1.0469291490,-0.0081296782,-0.0091376220,0.0010680118,25.0000000000,25.0000000000,-0.0387935568,0.0139295840,1.0461748973
0.9970000000,1.0471975512,1.0469224054,-0.0061960074,0.0296091242,0.0021901528,25.0000000000,25.0000000000,0.1531379262,0.0137557595,1.0461748973
0.9980000000,1.0471975512,1.0469181747,-0.0035367295,0.0353215081,0.0027761053,25.0000000000,25.0000000000,0.1509228551,0.0134472649,1.0461748973
0.9990000000,1.0471975512,1.0469168462,-0.0005788023,0.0354484174,0.0029988596,25.0000000000,25.0000000000,0.1474922195,0.0129882868,1.0461748973
1.0000000000,1.0471975512,1.0469185285,0.0024334557,0.0344381089,0.0030044098,25.0000000000,25.0000000000,0.1424480780,0.0124198443,1.0461748973
