time_s,target_rad,angle_rad,speed_rad_s,current_a,torque_nm,winding_c,case_c,motor_voltage_v,duty,encoder_rad
0.0010000000,1.0471975512,-0.0000000000,-0.0000000000,0.0000000000,-0.0000000000,25.0000000000,25.0000000000,-0.0000000000,0.0000000000,0.0000000000
0.0020000000,1.0471975512,-0.0000000000,-0.0000000000,0.0000000000,-0.0000000000,25.0000000000,25.0000000000,0.0000000000,1.0000000000,-0.0000000000
0.0030000000,1.0471975512,0.0000268018,0.0832302668,2.1740719281,0.1921905375,25.0000000000,25.0000000000,10.9912964036,1.0000000000,0.0000000000
0.0040000000,1.0471975512,0.0002624422,0.4073302922,1.5602818818,0.4310044139,25.0000000000,25.0000000000,11.0219859059,1.0000000000,0.0000000000
0.0050000000,1.0471975512,0.0009350111,0.9317350225,1.0721211693,0.5945154946,25.0000000000,25.0000000000,11.0463939415,1.0000000000,0.0015339808
0.0060000000,1.0471975512,0.0022040008,1.5807280989,0.8776832838,0.6873652766,25.0000000000,25.0000000000,11.0561158358,1.0000000000,0.0015339808
0.0070000000,1.0471975512,0.0041597925,2.2924942458,0.8312327396,0.7259358732,25.0000000000,25.0000000000,11.0584383630,1.0000000000,0.0046019424
0.0080000000,1.0471975512,0.0068390761,3.0199261993,0.8310597386,0.7231118443,25.0000000000,25.0000000000,11.0584470131,1.0000000000,0.0061359232
0.0090000000,1.0471975512,0.0102375794,3.7270022871,0.8300050839,0.6886444112,25.0000000000,25.0000000000,11.0584997458,1.0000000000,0.0107378655
0.0100000000,1.0471975512,0.0143197925,4.3864415173,0.8108988106,0.6305484524,25.0000000000,25.0000000000,11.0594550595,1.0000000000,0.0138058271
0.0110000000,1.0471975512,0.0190269591,4.9784016160,0.7703630141,0.5558194094,25.0000000000,25.0000000000,11.0614818493,1.0000000000,0.0184077695
0.0120000000,1.0471975512,0.0242840366,5.4896125432,0.7108184572,0.4706710626,25.0000000000,25.0000000000,11.0644590771,1.0000000000,0.0245436926
0.0130000000,1.0471975512,0.0300058640,5.9126196301,0.6368506765,0.3805641128,25.0000000000,25.0000000000,11.0681574662,1.0000000000,0.0306796158
0.0140000000,1.0471975512,0.0361025720,6.2450140679,0.5535814549,0.2901720890,25.0000000000,25.0000000000,11.0723209273,1.0000000000,0.0368155389
0.0150000000,1.0471975512,0.0424842029,6.4886268279,0.4659257940,0.2033485219,25.0000000000,25.0000000000,11.0767037103,1.0000000000,0.0429514621
0.0160000000,1.0471975512,0.0490645120,6.6487018636,0.3782453266,0.1231187203,25.0000000000,25.0000000000,11.0810877337,1.0000000000,0.0490873852
0.0170000000,1.0471975512,0.0557639432,6.7330769375,0.2941905874,0.0517014178,25.0000000000,25.0000000000,11.0852904706,1.0000000000,0.0552233084
0.0180000000,1.0471975512,0.0625118033,6.7514010778,0.2166431487,-0.0094420618,25.0000000000,25.0000000000,11.0891678426,1.0000000000,0.0628932123
0.0190000000,1.0471975512,0.0692476840,6.7144134858,0.1477172256,-0.0595364552,25.0000000000,25.0000000000,11.0926141387,1.0000000000,0.0690291355
0.0200000000,1.0471975512,0.0759221991,6.6332493535,0.0893363749,-0.0988778699,25.0000000000,25.0000000000,11.0955331813,1.0000000000,0.0751650586
0.0210000000,1.0471975512,0.0824954874,6.5146907619,0.0650380515,-0.1351850678,25.0000000000,25.0000000000,11.0967480974,1.0000000000,0.0828349625
0.0220000000,1.0471975512,0.0889324437,6.3642135589,0.0605681026,-0.1621374560,25.0000000000,25.0000000000,11.0969715949,1.0000000000,0.0889708857
0.0230000000,1.0471975512,0.0952068705,6.1927682860,0.0555802955,-0.1780636575,25.0000000000,25.0000000000,11.0972209852,1.0000000000,0.0951068088
0.0240000000,1.0471975512,0.1013033672,6.0106253788,0.0525568650,-0.1842900890,25.0000000000,25.0000000000,11.0973721568,1.0000000000,0.1012427320
0.0250000000,1.0471975512,0.1072162229,5.8270467988,0.0522588903,-0.1816373523,25.0000000000,25.0000000000,11.0973870555,1.0000000000,0.1073786552
0.0260000000,1.0471975512,0.1129485201,5.6503646228,0.0541182709,-0.1711945481,25.0000000000,25.0000000000,11.0972940865,1.0000000000,0.1135145783
0.0270000000,1.0471975512,0.1185110298,5.4876577468,0.0577897611,-0.1543281452,25.0000000000,25.0000000000,11.0971105119,1.0000000000,0.1181165207
0.0280000000,1.0471975512,0.1239208471,5.3445651089,0.0629216399,-0.1325276419,25.0000000000,25.0000000000,11.0968539180,1.0000000000,0.1242524438
0.0290000000,1.0471975512,0.1291999020,5.2252059679,0.0691160078,-0.1073286385,25.0000000000,25.0000000000,11.0965441996,1.0000000000,0.1288543862
0.0300000000,1.0471975512,0.1343734298,5.1321709535,0.0759742823,-0.0802426580,25.0000000000,25.0000000000,11.0962012859,1.0000000000,0.1349903093
0.0310000000,1.0471975512,0.1394684684,5.0665816917,0.0831152946,-0.0526918851,25.0000000000,25.0000000000,11.0958442353,1.0000000000,0.1395922517
0.0320000000,1.0471975512,0.1445124476,5.0282094423,0.0901887668,-0.0259559956,25.0000000000,25.0000000000,11.0954905617,1.0000000000,0.1441941941
0.0330000000,1.0471975512,0.1495319241,5.0156401998,0.0968875644,-0.0011316060,25.0000000000,25.0000000000,11.0951556218,1.0000000000,0.1487961364
0.0340000000,1.0471975512,0.1545514899,5.0264205420,0.1034152545,0.0206304231,25.0000000000,25.0000000000,11.0948292373,1.0000000000,0.1549320596
0.0350000000,1.0471975512,0.1595924581,5.0564061251,0.1138649828,0.0374470858,25.0000000000,25.0000000000,11.0943067509,1.0000000000,0.1595340019
0.0360000000,1.0471975512,0.1646713589,5.1005965465,0.1270339777,0.0494229862,25.0000000000,25.0000000000,11.0936483011,1.0000000000,0.1641359443
0.0370000000,1.0471975512,0.1697999252,5.1544188996,0.1395067804,0.0570684753,25.0000000000,25.0000000000,11.0930246610,1.0000000000,0.1702718675
0.0380000000,1.0471975512,0.1749855932,5.2138225769,0.1493902531,0.0609121195,25.0000000000,25.0000000000,11.0925304873,1.0000000000,0.1748738098
0.0390000000,1.0471975512,0.1802320320,5.2752936320,0.1560085579,0.0614988654,25.0000000000,25.0000000000,11.0921995721,1.0000000000,0.1794757522
0.0400000000,1.0471975512,0.1855396903,5.3358725230,0.1593428069,0.0593903475,25.0000000000,25.0000000000,11.0920328597,1.0000000000,0.1856116753
0.0410000000,1.0471975512,0.1909063567,5.3931649650,0.1596957316,0.0551524195,25.0000000000,25.0000000000,11.0920152134,1.0000000000,0.1902136177
0.0420000000,1.0471975512,0.1963277248,5.4453367155,0.1575189055,0.0493370588,25.0000000000,25.0000000000,11.0921240547,1.0000000000,0.1963495408
0.0430000000,1.0471975512,0.2017979411,5.4910899679,0.1533229049,0.0424643496,25.0000000000,25.0000000000,11.0923338548,1.0000000000,0.2024854640
0.0440000000,1.0471975512,0.2073101223,5.5296231160,0.1476268894,0.0350073479,25.0000000000,25.0000000000,11.0926186555,1.0000000000,0.2070874064
0.0450000000,1.0471975512,0.2128568234,5.5605774366,0.1409276754,0.0273808889,25.0000000000,25.0000000000,11.0929536162,1.0000000000,0.2132233295
0.0460000000,1.0471975512,0.2184304483,5.5839747749,0.1336796885,0.0199345139,25.0000000000,25.0000000000,11.0933160156,1.0000000000,0.2178252719
0.0470000000,1.0471975512,0.2240235949,5.6001502417,0.1262820376,0.0129492581,25.0000000000,25.0000000000,11.0936858981,1.0000000000,0.2239611950
0.0480000000,1.0471975512,0.2296293319,5.6096835419,0.1190709085,0.0066378271,25.0000000000,25.0000000000,11.0940464546,1.0000000000,0.2300971182
0.0490000000,1.0471975512,0.2352414072,5.6133320270,0.1123162224,0.0011475909,25.0000000000,25.0000000000,11.0943841889,1.0000000000,0.2346990605
0.0500000000,1.0471975512,0.2408543926,5.6119679666,0.1062217775,-0.0034342100,25.0000000000,25.0000000000,11.0946889111,1.0000000000,0.2408349837
0.0510000000,1.0471975512,0.2464637670,5.6065219319,0.1009281879,-0.0070736455,25.0000000000,25.0000000000,11.0949535906,1.0000000000,0.2469709068
0.0520000000,1.0471975512,0.2520659154,5.5978013272,0.0974488127,-0.0101870519,25.0000000000,25.0000000000,11.0951275594,1.0000000000,0.2515728492
0.0530000000,1.0471975512,0.2576577355,5.5861327673,0.0968303258,-0.0128314569,25.0000000000,25.0000000000,11.0951584837,1.0000000000,0.2577087724
0.0540000000,1.0471975512,0.2632366718,5.5723272192,0.0964333944,-0.0145222571,25.0000000000,25.0000000000,11.0951783303,1.0000000000,0.2638446955
0.0550000000,1.0471975512,0.2688010792,5.5572923213,0.0960869083,-0.0153616237,25.0000000000,25.0000000000,11.0951956546,1.0000000000,0.2684466379
0.0560000000,1.0471975512,0.2743501629,5.5418341627,0.0959766182,-0.0154276635,25.0000000000,25.0000000000,11.0952011691,1.0000000000,0.2745825610
0.0570000000,1.0471975512,0.2798838960,5.5266869093,0.0960646894,-0.0147991062,25.0000000000,25.0000000000,11.0951967655,1.0000000000,0.2791845034
0.0580000000,1.0471975512,0.2854029383,5.5124897842,0.0963154091,-0.0135835062,25.0000000000,25.0000000000,11.0951842295,1.0000000000,0.2853204265
0.0590000000,1.0471975512,0.2909085277,5.4997658191,0.0967013138,-0.0119027828,25.0000000000,25.0000000000,11.0951649343,1.0000000000,0.2914563497
0.0600000000,1.0471975512,0.2964023593,5.4889123583,0.0971899519,-0.0098850411,25.0000000000,25.0000000000,11.0951405024,1.0000000000,0.2960582921
0.0610000000,1.0471975512,0.3018864568,5.4801979592,0.0977476014,-0.0076587353,25.0000000000,25.0000000000,11.0951126199,1.0000000000,0.3021942152
0.0620000000,1.0471975512,0.3073630452,5.4737651561,0.0983415361,-0.0053468965,25.0000000000,25.0000000000,11.0950829232,1.0000000000,0.3067961576
0.0630000000,1.0471975512,0.3128344285,5.4696385692,0.0989411660,-0.0030622433,25.0000000000,25.0000000000,11.0950529417,1.0000000000,0.3129320807
0.0640000000,1.0471975512,0.3183028783,5.4677385807,0.0995076571,-0.0008947710,25.0000000000,25.0000000000,11.0950246171,1.0000000000,0.3190680039
0.0650000000,1.0471975512,0.3237705557,5.4679339942,0.0998642217,0.0010994648,25.0000000000,25.0000000000,11.0950067889,1.0000000000,0.3236699462
0.0660000000,1.0471975512,0.3292394066,5.4699027168,0.1006439645,0.0026672585,25.0000000000,25.0000000000,11.0949678018,1.0000000000,0.3298058694
0.0670000000,1.0471975512,0.3347109738,5.4732132806,0.1017729553,0.0038158707,25.0000000000,25.0000000000,11.0949113522,1.0000000000,0.3344078118
0.0680000000,1.0471975512,0.3401863846,5.4774683837,0.1029070604,0.0045870205,25.0000000000,25.0000000000,11.0948546470,1.0000000000,0.3405437349
0.0690000000,1.0471975512,0.3456663915,5.4823133400,0.1038475586,0.0050236969,25.0000000000,25.0000000000,11.0948076221,1.0000000000,0.3451456773
0.0700000000,1.0471975512,0.3511514154,5.4874371014,0.1045165343,0.0051702982,25.0000000000,25.0000000000,11.0947741733,1.0000000000,0.3512816004
0.0710000000,1.0471975512,0.3566415902,5.4925740517,0.1049017255,0.0050731246,25.0000000000,25.0000000000,11.0947549137,1.0000000000,0.3558835428
0.0720000000,1.0471975512,0.3621368090,5.4975055390,0.1050232388,0.0047795193,25.0000000000,25.0000000000,11.0947488381,1.0000000000,0.3620194659
0.0730000000,1.0471975512,0.3676367713,5.5020601367,0.1049165183,0.0043363478,25.0000000000,25.0000000000,11.0947541741,1.0000000000,0.3681553891
0.0740000000,1.0471975512,0.3731410299,5.5061123044,0.1046236175,0.0037883916,25.0000000000,25.0000000000,11.0947688191,1.0000000000,0.3727573315
0.0750000000,1.0471975512,0.3786490351,5.5095795357,0.1041883797,0.0031769475,25.0000000000,25.0000000000,11.0947905810,1.0000000000,0.3788932546
0.0760000000,1.0471975512,0.3841601758,5.5124182713,0.1036535082,0.0025387486,25.0000000000,25.0000000000,11.0948173246,1.0000000000,0.3834951970
0.0770000000,1.0471975512,0.3896738157,5.5146189208,0.1030586581,0.0019052376,25.0000000000,25.0000000000,11.0948470671,1.0000000000,0.3896311201
0.0780000000,1.0471975512,0.3951893247,5.5162003378,0.1024391767,0.0013021772,25.0000000000,25.0000000000,11.0948780412,1.0000000000,0.3957670433
0.0790000000,1.0471975512,0.4007061041,5.5172040705,0.1018253202,0.0007495620,25.0000000000,25.0000000000,11.0949087340,1.0000000000,0.4003689856
0.0800000000,1.0471975512,0.4062236059,5.5176886627,0.1012418508,0.0002617856,25.0000000000,25.0000000000,11.0949379075,1.0000000000,0.4065049088
0.0810000000,1.0471975512,0.4117413476,5.5177242367,0.1007079472,-0.0001519863,25.0000000000,25.0000000000,11.0949646026,1.0000000000,0.4111068512
0.0820000000,1.0471975512,0.4172589206,5.5173875338,0.1002373694,-0.0004872898,25.0000000000,25.0000000000,11.0949881315,1.0000000000,0.4172427743
0.0830000000,1.0471975512,0.4227759945,5.5167575403,0.0998388350,-0.0007437398,25.0000000000,25.0000000000,11.0950080582,1.0000000000,0.4233786975
0.0840000000,1.0471975512,0.4282923168,5.5159079123,0.0995475506,-0.0009414929,25.0000000000,25.0000000000,11.0950226225,1.0000000000,0.4279806398
0.0850000000,1.0471975512,0.4338076845,5.5148631372,0.0995395320,-0.0011213368,25.0000000000,25.0000000000,11.0950230234,1.0000000000,0.4341165630
0.0860000000,1.0471975512,0.4393219301,5.5136863368,0.0995252394,-0.0012160009,25.0000000000,25.0000000000,11.0950237380,1.0000000000,0.4387185053
0.0870000000,1.0471975512,0.4448349610,5.5124479370,0.0995216944,-0.0012479674,25.0000000000,25.0000000000,11.0950239153,1.0000000000,0.4448544285
0.0880000000,1.0471975512,0.4503467492,5.5112108817,0.0995234515,-0.0012185391,25.0000000000,25.0000000000,11.0950238274,1.0000000000,0.4509903516
0.0890000000,1.0471975512,0.4558573268,5.5100320208,0.0995310168,-0.0011362501,25.0000000000,25.0000000000,11.0950234492,1.0000000000,0.4555922940
0.0900000000,1.0471975512,0.4613667785,5.5089594742,0.0995434059,-0.0010103282,25.0000000000,25.0000000000,11.0950228297,1.0000000000,0.4617282172
0.0910000000,1.0471975512,0.4668752316,5.5080312881,0.0995604465,-0.0008514278,25.0000000000,25.0000000000,11.0950219777,1.0000000000,0.4663301595
0.0920000000,1.0471975512,0.4723828458,5.5072744338,0.0995828377,-0.0006709560,25.0000000000,25.0000000000,11.0950208581,1.0000000000,0.4724660827
0.0930000000,1.0471975512,0.4778898014,5.5067041810,0.0996130932,-0.0004808465,25.0000000000,25.0000000000,11.0950193453,1.0000000000,0.4786020058
0.0940000000,1.0471975512,0.4833962879,5.5063236117,0.0996569557,-0.0002935172,25.0000000000,25.0000000000,11.0950171522,1.0000000000,0.4832039482
0.0950000000,1.0471975512,0.4889024908,5.5061232585,0.0997238780,-0.0001214302,25.0000000000,25.0000000000,11.0950138061,1.0000000000,0.4893398713
0.0960000000,1.0471975512,0.4944085802,5.5060823694,0.0998195979,0.0000258539,25.0000000000,25.0000000000,11.0950090201,1.0000000000,0.4939418137
0.0970000000,1.0471975512,0.4999147013,5.5061737777,0.0999345420,0.0001447952,25.0000000000,25.0000000000,11.0950032729,1.0000000000,0.5000777369
0.0980000000,1.0471975512,0.5054209714,5.5063691792,0.1000502933,0.0002357981,25.0000000000,25.0000000000,11.0949974853,1.0000000000,0.5046796792
0.0990000000,1.0471975512,0.5109274800,5.5066414478,0.1001527994,0.0003004946,25.0000000000,25.0000000000,11.0949923600,1.0000000000,0.5108156024
0.1000000000,1.0471975512,0.5164342902,5.5069653965,0.1002350538,0.0003410687,25.0000000000,25.0000000000,11.0949882473,1.0000000000,0.5169515255
0.1010000000,1.0471975512,0.5219414415,5.5073182719,0.1002948119,0.0003601632,25.0000000000,25.0000000000,11.0949852594,1.0000000000,0.5215534679
0.1020000000,1.0471975512,0.5274489521,5.5076801651,0.1003324885,0.0003607800,25.0000000000,25.0000000000,11.0949833756,1.0000000000,0.5276893910
0.1030000000,1.0471975512,0.5329568216,5.5080342965,0.1003499360,0.0003461375,25.0000000000,25.0000000000,11.0949825032,1.0000000000,0.5322913334
0.1040000000,1.0471975512,0.5384650350,5.5083671517,0.1003497781,0.0003195187,25.0000000000,25.0000000000,11.0949825111,1.0000000000,0.5384272565
0.1050000000,1.0471975512,0.5439735652,5.5086684698,0.1003350203,0.0002841311,25.0000000000,25.0000000000,11.0949832490,1.0000000000,0.5445631797
0.1060000000,1.0471975512,0.5494823766,5.5089311035,0.1003087981,0.0002429887,25.0000000000,25.0000000000,11.0949845601,1.0000000000,0.5491651221
0.1070000000,1.0471975512,0.5549914281,5.5091507747,0.1002741979,0.0001988208,25.0000000000,25.0000000000,11.0949862901,1.0000000000,0.5553010452
0.1080000000,1.0471975512,0.5605006755,5.5093257532,0.1002341264,0.0001540075,25.0000000000,25.0000000000,11.0949882937,1.0000000000,0.5599029876
0.1090000000,1.0471975512,0.5660100743,5.5094564855,0.1001912161,0.0001105415,25.0000000000,25.0000000000,11.0949904392,1.0000000000,0.5660389107
0.1100000000,1.0471975512,0.5715195813,5.5095451963,0.1001477610,0.0000700114,25.0000000000,25.0000000000,11.0949926119,1.0000000000,0.5721748339
0.1110000000,1.0471975512,0.5770291562,5.5095954859,0.1001056786,0.0000336060,25.0000000000,25.0000000000,11.0949947161,1.0000000000,0.5767767762
0.1120000000,1.0471975512,0.5825387631,5.5096119387,0.1000664949,0.0000021339,25.0000000000,25.0000000000,11.0949966753,1.0000000000,0.5829126994
0.1130000000,1.0471975512,0.5880483707,5.5095997602,0.1000313488,-0.0000239442,25.0000000000,25.0000000000,11.0949984326,1.0000000000,0.5875146418
0.1140000000,1.0471975512,0.5935579534,5.5095644497,0.1000010114,-0.0000444743,25.0000000000,25.0000000000,11.0949999494,1.0000000000,0.5936505649
0.1150000000,1.0471975512,0.5990674909,5.5095115185,0.0999759186,-0.0000595621,25.0000000000,25.0000000000,11.0950012041,1.0000000000,0.5997864881
0.1160000000,1.0471975512,0.6045769686,5.5094462567,0.0999562105,-0.0000695232,25.0000000000,25.0000000000,11.0950021895,1.0000000000,0.6043884304
0.1170000000,1.0471975512,0.6100863767,5.5093735494,0.0999417764,-0.0000748334,25.0000000000,25.0000000000,11.0950029112,1.0000000000,0.6105243536
0.1180000000,1.0471975512,0.6155957100,5.5092977429,0.0999323032,-0.0000760801,25.0000000000,25.0000000000,11.0950033848,1.0000000000,0.6151262959
0.1190000000,1.0471975512,0.6211049676,5.5092225563,0.0999273226,-0.0000739188,25.0000000000,25.0000000000,11.0950036339,1.0000000000,0.6212622191
0.1200000000,1.0471975512,0.6266141518,5.5091510352,0.0999262590,-0.0000690334,25.0000000000,25.0000000000,11.0950036871,1.0000000000,0.6258641615
0.1210000000,1.0471975512,0.6321232674,5.5090855414,0.0999284731,-0.0000621029,25.0000000000,25.0000000000,11.0950035763,1.0000000000,0.6320000846
0.1220000000,1.0471975512,0.6376323216,5.5090277728,0.0999333001,-0.0000537739,25.0000000000,25.0000000000,11.0950033350,1.0000000000,0.6381360078
0.1230000000,1.0471975512,0.6431413226,5.5089788076,0.0999400826,-0.0000446394,25.0000000000,25.0000000000,11.0950029959,1.0000000000,0.6427379501
0.1240000000,1.0471975512,0.6486502796,5.5089391669,0.0999481962,-0.0000352231,25.0000000000,25.0000000000,11.0950025902,1.0000000000,0.6488738733
0.1250000000,1.0471975512,0.6541592019,5.5089088897,0.0999570695,-0.0000259691,25.0000000000,25.0000000000,11.0950021465,1.0000000000,0.6534758156
0.1260000000,1.0471975512,0.6596680987,5.5088876153,0.0999661985,-0.0000172376,25.0000000000,25.0000000000,11.0950016901,1.0000000000,0.6596117388
0.1270000000,1.0471975512,0.6651769788,5.5088746678,0.0999751560,-0.0000093041,25.0000000000,25.0000000000,11.0950012422,1.0000000000,0.6657476619
0.1280000000,1.0471975512,0.6706858500,5.5088691399,0.0999835962,-0.0000023623,25.0000000000,25.0000000000,11.0950008202,1.0000000000,0.6703496043
0.1290000000,1.0471975512,0.6761947191,5.5088699709,0.0999912550,0.0000034692,25.0000000000,25.0000000000,11.0950004373,1.0000000000,0.6764855275
0.1300000000,1.0471975512,0.6817035919,5.5088760179,0.0999979470,0.0000081392,25.0000000000,25.0000000000,11.0950001027,1.0000000000,0.6810874698
0.1310000000,1.0471975512,0.6872124730,5.5088861187,0.1000035598,0.0000116541,25.0000000000,25.0000000000,11.0949998220,1.0000000000,0.6872233930
0.1320000000,1.0471975512,0.6927213658,5.5088991431,0.1000080457,0.0000140677,25.0000000000,25.0000000000,11.0949995977,1.0000000000,0.6933593161
0.1330000000,1.0471975512,0.6982302728,5.5089140355,0.1000114127,0.0000154706,25.0000000000,25.0000000000,11.0949994294,1.0000000000,0.6979612585
0.1340000000,1.0471975512,0.7037391952,5.5089298456,0.1000137145,0.0000159802,25.0000000000,25.0000000000,11.0949993143,1.0000000000,0.7040971816
0.1350000000,1.0471975512,0.7092481335,5.5089457503,0.1000150400,0.0000157305,25.0000000000,25.0000000000,11.0949992480,1.0000000000,0.7086991240
0.1360000000,1.0471975512,0.7147570874,5.5089610659,0.1000155037,0.0000148645,25.0000000000,25.0000000000,11.0949992248,1.0000000000,0.7148350472
0.1370000000,1.0471975512,0.7202660561,5.5089752525,0.1000152362,0.0000135258,25.0000000000,25.0000000000,11.0949992382,1.0000000000,0.7209709703
0.1380000000,1.0471975512,0.7257750383,5.5089879118,0.1000143761,0.0000118529,25.0000000000,25.0000000000,11.0949992812,1.0000000000,0.7255729127
0.1390000000,1.0471975512,0.7312840321,5.5089987787,0.1000130628,0.0000099742,25.0000000000,25.0000000000,11.0949993469,1.0000000000,0.7317088358
0.1400000000,1.0471975512,0.7367930358,5.5090077097,0.1000114303,0.0000080044,25.0000000000,25.0000000000,11.0949994285,1.0000000000,0.7363107782
0.1410000000,1.0471975512,0.7423020474,5.5090146674,0.1000096027,0.0000060421,25.0000000000,25.0000000000,11.0949995199,1.0000000000,0.7424467013
0.1420000000,1.0471975512,0.7478110649,5.5090197037,0.1000076907,0.0000041681,25.0000000000,25.0000000000,11.0949996155,1.0000000000,0.7470486437
0.1430000000,1.0471975512,0.7533200864,5.5090229420,0.1000057891,0.0000024458,25.0000000000,25.0000000000,11.0949997105,1.0000000000,0.7531845669
0.1440000000,1.0471975512,0.7588291104,5.5090245599,0.1000039761,0.0000009210,25.0000000000,25.0000000000,11.0949998012,1.0000000000,0.7593204900
0.1450000000,1.0471975512,0.7643381351,5.5090247717,0.1000023121,-0.0000003769,25.0000000000,25.0000000000,11.0949998844,1.0000000000,0.7639224324
0.1460000000,1.0471975512,0.7698471595,5.5090238136,0.1000008410,-0.0000014328,25.0000000000,25.0000000000,11.0949999580,1.0000000000,0.7700583555
0.1470000000,1.0471975512,0.7753561824,5.5090219294,0.0999995910,-0.0000022446,25.0000000000,25.0000000000,11.0950000205,1.0000000000,0.7746602979
0.1480000000,1.0471975512,0.7808652030,5.5090193597,0.0999985759,-0.0000028208,25.0000000000,25.0000000000,11.0950000712,1.0000000000,0.7807962210
0.1490000000,1.0471975512,0.7863742208,5.5090163317,0.0999977974,-0.0000031784,25.0000000000,25.0000000000,11.0950001101,1.0000000000,0.7869321442
0.1500000000,1.0471975512,0.7918832354,5.5090130522,0.0999972469,-0.0000033403,25.0000000000,25.0000000000,11.0950001377,1.0000000000,0.7915340865
0.1510000000,1.0471975512,0.7973922466,5.5090097026,0.0999969079,-0.0000033338,25.0000000000,25.0000000000,11.0950001546,1.0000000000,0.7976700097
0.1520000000,1.0471975512,0.8029012546,5.5090064356,0.0999967576,-0.0000031887,25.0000000000,25.0000000000,11.0950001621,1.0000000000,0.8022719521
0.1530000000,1.0471975512,0.8084102594,5.5090033739,0.0999967695,-0.0000029350,25.0000000000,25.0000000000,11.0950001615,1.0000000000,0.8084078752
0.1540000000,1.0471975512,0.8139192612,5.5090006102,0.0999969149,-0.0000026024,25.0000000000,25.0000000000,11.0950001543,1.0000000000,0.8145437984
0.1550000000,1.0471975512,0.8194282605,5.5089982085,0.0999971643,-0.0000022186,25.0000000000,25.0000000000,11.0950001418,1.0000000000,0.8191457407
0.1560000000,1.0471975512,0.8249372577,5.5089962065,0.0999974893,-0.0000018086,25.0000000000,25.0000000000,11.0950001255,1.0000000000,0.8252816639
0.1570000000,1.0471975512,0.8304462530,5.5089946185,0.0999978630,-0.0000013942,25.0000000000,25.0000000000,11.0950001069,1.0000000000,0.8298836062
0.1580000000,1.0471975512,0.8359552469,5.5089934390,0.0999982612,-0.0000009934,25.0000000000,25.0000000000,11.0950000869,1.0000000000,0.8360195294
0.1590000000,1.0471975512,0.8414642399,5.5089926463,0.0999986630,-0.0000006208,25.0000000000,25.0000000000,11.0950000669,1.0000000000,0.8421554525
0.1600000000,1.0471975512,0.8469732323,5.5089922064,0.0999990508,-0.0000002871,25.0000000000,25.0000000000,11.0950000475,1.0000000000,0.8467573949
0.1610000000,1.0471975512,0.8524822244,5.5089920761,0.0999994109,0.0000000005,25.0000000000,25.0000000000,11.0950000295,1.0000000000,0.8528933181
0.1620000000,1.0471975512,0.8579912166,5.5089922070,0.0999997330,0.0000002380,25.0000000000,25.0000000000,11.0950000133,0.9639944108,0.8574952604
0.1630000000,1.0471975512,0.8634966834,5.4986925886,0.0629389729,-0.0211311813,25.0000000000,25.0000000000,10.6971910116,0.9112600748,0.8636311836
0.1640000000,1.0471975512,0.8689763779,5.4562755944,0.0433136953,-0.0612139835,25.0000000000,25.0000000000,10.1128211450,0.8421278435,0.8682331259
0.1650000000,1.0471975512,0.8743890913,5.3650346845,0.0186392747,-0.1172765867,25.0000000000,25.0000000000,9.3466870996,0.7948442324,0.8743690491
0.1660000000,1.0471975512,0.8796811578,5.2196868325,0.0277938916,-0.1672269454,25.0000000000,25.0000000000,8.8213812854,0.7377125525,0.8789709915
0.1670000000,1.0471975512,0.8848014812,5.0241649048,0.0028074081,-0.2192292254,25.0000000000,25.0000000000,8.1884689622,0.7082242245,0.8851069146
0.1680000000,1.0471975512,0.8897009544,4.7837606657,0.0178196119,-0.2554055494,25.0000000000,25.0000000000,7.8603979112,0.6719399105,0.8897088570
0.1690000000,1.0471975512,0.8943428260,4.5119120286,0.0001872061,-0.2846399243,25.0000000000,25.0000000000,7.4585236462,0.6637679251,0.8943107993
0.1700000000,1.0471975512,0.8987009466,4.2213742128,0.0218935986,-0.2920513141,25.0000000000,25.0000000000,7.3667292882,0.6644663040,0.8989127417
0.1710000000,1.0471975512,0.9027689661,3.9347444898,0.0283585179,-0.2796493432,25.0000000000,25.0000000000,7.3741580483,0.6717414872,0.9035146841
0.1720000000,1.0471975512,0.9065600452,3.6687099584,0.0376496502,-0.2522850906,25.0000000000,25.0000000000,7.4544480255,0.6818572381,0.9065826456
0.1730000000,1.0471975512,0.9101021492,3.4366378560,0.0484056353,-0.2130617482,25.0000000000,25.0000000000,7.5661950616,0.7086113628,0.9096506072
0.1740000000,1.0471975512,0.9134363504,3.2529235676,0.0764225707,-0.1564360523,25.0000000000,25.0000000000,7.8617649988,0.7310038042,0.9127185688
0.1750000000,1.0471975512,0.9166187206,3.1300646369,0.0858946899,-0.0936595130,25.0000000000,25.0000000000,8.1098474920,0.7456740066,0.9173205112
0.1760000000,1.0471975512,0.9197112005,3.0687342063,0.0944094713,-0.0337659380,25.0000000000,25.0000000000,8.2722609996,0.7319314542,0.9203884727
0.1770000000,1.0471975512,0.9227708981,3.0579151797,0.0818880445,0.0071982888,25.0000000000,25.0000000000,8.1203447394,0.7232990652,0.9234564343
0.1780000000,1.0471975512,0.9258393793,3.0829167526,0.1000427704,0.0403163116,25.0000000000,25.0000000000,8.0236174848,0.7026445148,0.9265243959
0.1790000000,1.0471975512,0.9289481974,3.1345579251,0.0958257289,0.0600830392,25.0000000000,25.0000000000,7.7945628275,0.6718741454,0.9295923575
0.1800000000,1.0471975512,0.9321156397,3.1965578134,0.0897463629,0.0624345837,25.0000000000,25.0000000000,7.4533156953,0.6329931932,0.9326603190
0.1810000000,1.0471975512,0.9353430008,3.2520755746,0.0821520910,0.0485983583,25.0000000000,25.0000000000,7.0221168398,0.5888699282,0.9357282806
0.1820000000,1.0471975512,0.9386156361,3.2861300273,0.0728434048,0.0208999168,25.0000000000,25.0000000000,6.5328140332,0.5428683040,0.9387962422
0.1830000000,1.0471975512,0.9419054020,3.2867382887,0.0631607308,-0.0170421642,25.0000000000,25.0000000000,6.0226801373,0.4983870140,0.9418642038
0.1840000000,1.0471975512,0.9451743142,3.2461008954,0.0541983067,-0.0606259270,25.0000000000,25.0000000000,5.5293859399,0.4584985424,0.9449321653
0.1850000000,1.0471975512,0.9483791306,3.1612559899,0.0468710557,-0.1048709542,25.0000000000,25.0000000000,5.0869902676,0.4256328838,0.9480001269
0.1860000000,1.0471975512,0.9514762755,3.0341558437,0.0418931725,-0.1449724907,25.0000000000,25.0000000000,4.7224303518,0.4013444395,0.9510680885
0.1870000000,1.0471975512,0.9544265569,2.8712149485,0.0396880614,-0.1768079761,25.0000000000,25.0000000000,4.4529388759,0.3861866963,0.9541360501
0.1880000000,1.0471975512,0.9571991788,2.6823991652,0.0403575710,-0.1973491520,25.0000000000,25.0000000000,4.2846544505,0.3797013509,0.9572040116
0.1890000000,1.0471975512,0.9597746511,2.4799759965,0.0436884721,-0.2049351001,25.0000000000,25.0000000000,4.2125005716,0.3805172482,0.9602719732
0.1900000000,1.0471975512,0.9621463365,2.2770779912,0.0491907692,-0.1993841926,25.0000000000,25.0000000000,4.2212819164,0.3865430583,0.9618059540
0.1910000000,1.0471975512,0.9643205345,2.0862434292,0.0561641926,-0.1819410010,25.0000000000,25.0000000000,4.2878197376,0.4128063621,0.9648739156
0.1920000000,1.0471975512,0.9663168876,1.9231213155,0.0818775799,-0.1447553790,25.0000000000,25.0000000000,4.5780567405,0.4214388565,0.9664078964
0.1930000000,1.0471975512,0.9681707744,1.7986495439,0.0723714831,-0.1073635992,25.0000000000,25.0000000000,4.6743527330,0.4444475210,0.9679418772
0.1940000000,1.0471975512,0.9699211131,1.7149267638,0.1011521763,-0.0621128268,25.0000000000,25.0000000000,4.9283098745,0.4614262051,0.9694758579
0.1950000000,1.0471975512,0.9716121504,1.6769922871,0.1164136974,-0.0171897674,25.0000000000,25.0000000000,5.1160101921,0.4707204086,0.9710098387
0.1960000000,1.0471975512,0.9732882263,1.6814553902,0.1271097569,0.0225153591,25.0000000000,25.0000000000,5.2186410475,0.4709254186,0.9725438195
0.1970000000,1.0471975512,0.9749883227,1.7214113092,0.1303965258,0.0539445773,25.0000000000,25.0000000000,5.2207523207,0.4617274272,0.9756117811
0.1980000000,1.0471975512,0.9767430494,1.7873212010,0.1246295839,0.0748542210,25.0000000000,25.0000000000,5.1189429630,0.4261826330,0.9771457619
0.1990000000,1.0471975512,0.9785710982,1.8636332963,0.0887710678,0.0747796924,25.0000000000,25.0000000000,4.7261886725,0.4008575186,0.9786797427
0.2000000000,1.0471975512,0.9804722060,1.9321900368,0.0974624518,0.0631496011,25.0000000000,25.0000000000,4.4446453337,0.3706611769,0.9802137235
0.2010000000,1.0471975512,0.9824341368,1.9847671676,0.0896117743,0.0427748982,25.0000000000,25.0000000000,4.1098584750,0.3389179198,0.9817477042
0.2020000000,1.0471975512,0.9844359534,2.0120900030,0.0813173199,0.0136618528,25.0000000000,25.0000000000,3.7579230439,0.3082323334,0.9848156658
0.2030000000,1.0471975512,0.9864485192,2.0075021129,0.0744631432,-0.0202069825,25.0000000000,25.0000000000,3.4176557431,0.2633913863,0.9863496466
0.2040000000,1.0471975512,0.9884364940,1.9633900851,0.0505471548,-0.0651779988,25.0000000000,25.0000000000,2.9211170305,0.2414966463,0.9878836274
0.2050000000,1.0471975512,0.9903573844,1.8777053962,0.0634084831,-0.1013443886,25.0000000000,25.0000000000,2.6774423497,0.2268150798,0.9909515890
0.2060000000,1.0471975512,0.9921756428,1.7616840708,0.0600185826,-0.1274996226,25.0000000000,25.0000000000,2.5146464568,0.2029258512,0.9924855698
0.2070000000,1.0471975512,0.9938641423,1.6195942145,0.0423593780,-0.1542196177,25.0000000000,25.0000000000,2.2503589790,0.2042763014,0.9940195505
0.2080000000,1.0471975512,0.9953991169,1.4590132500,0.0629148727,-0.1634160586,25.0000000000,25.0000000000,2.2643212019,0.2124447622,0.9955535313
0.2090000000,1.0471975512,0.9967721124,1.2981893079,0.0666142951,-0.1571839380,25.0000000000,25.0000000000,2.3548061454,0.2261411531,0.9970875121
0.2100000000,1.0471975512,0.9979899286,1.1497832891,0.0730620563,-0.1395953491,25.0000000000,25.0000000000,2.5065136969,0.2426293524,0.9986214929
0.2110000000,1.0471975512,0.9990706884,1.0242351043,0.0810693808,-0.1124762380,25.0000000000,25.0000000000,2.6891323422,0.2590904665,0.9986214929
0.2120000000,1.0471975512,1.0000416959,0.9293737473,0.0884313865,-0.0791476686,25.0000000000,25.0000000000,2.8714826093,0.2904968484,1.0001554737
0.2130000000,1.0471975512,1.0009367075,0.8709092867,0.1322632427,-0.0398129797,25.0000000000,25.0000000000,3.2179018547,0.2994922251,1.0016894545
0.2140000000,1.0471975512,1.0017941688,0.8514527184,0.1272901524,-0.0022963744,25.0000000000,25.0000000000,3.3179991906,0.3019003846,1.0016894545
0.2150000000,1.0471975512,1.0026509119,0.8662163878,0.1224768599,0.0286634832,25.0000000000,25.0000000000,3.3449704260,0.3141230854,1.0032234353
0.2160000000,1.0471975512,1.0035377229,0.9090271273,0.1540622584,0.0545728639,25.0000000000,25.0000000000,3.4790631346,0.3009645188,1.0032234353
0.2170000000,1.0471975512,1.0044795856,0.9733918162,0.1316825995,0.0713974848,25.0000000000,25.0000000000,3.3341220292,0.2982685487,1.0047574161
0.2180000000,1.0471975512,1.0054929365,1.0499197263,0.1433155991,0.0800488117,25.0000000000,25.0000000000,3.3036151107,0.2719667886,1.0047574161
0.2190000000,1.0471975512,1.0065855077,1.1298060314,0.1053988348,0.0781209019,25.0000000000,25.0000000000,3.0135614116,0.2588355185,1.0062913969
0.2200000000,1.0471975512,1.0077549505,1.2027235253,0.1082668132,0.0677706636,25.0000000000,25.0000000000,2.8676609148,0.2255374622,1.0078253776
0.2210000000,1.0471975512,1.0089890808,1.2575549318,0.0855035568,0.0421989082,25.0000000000,25.0000000000,2.4991906528,0.1917436423,1.0093593584
0.2220000000,1.0471975512,1.0102620578,1.2808309128,0.0783150504,0.0068341020,25.0000000000,25.0000000000,2.1244386766,0.1597744534,1.0108933392
0.2230000000,1.0471975512,1.0115387414,1.2668097538,0.0713251543,-0.0317224145,25.0000000000,25.0000000000,1.7699301754,0.1323335656,1.0108933392
0.2240000000,1.0471975512,1.0127809191,1.2143753913,0.0651871905,-0.0696342611,25.0000000000,25.0000000000,1.4656432183,0.1290088906,1.0124273200
0.2250000000,1.0471975512,1.0139530480,1.1313596454,0.0795611016,-0.0925699532,25.0000000000,25.0000000000,1.4280206307,0.1157769635,1.0139613008
0.2260000000,1.0471975512,1.0150310540,1.0275974699,0.0614239026,-0.1133004548,25.0000000000,25.0000000000,1.2820530994,0.1098848411,1.0154952816
0.2270000000,1.0471975512,1.0159952055,0.9059778610,0.0641732050,-0.1274358128,25.0000000000,25.0000000000,1.2165130765,0.1100399870,1.0154952816
0.2280000000,1.0471975512,1.0168323252,0.7758351080,0.0675720581,-0.1311850063,25.0000000000,25.0000000000,1.2180652523,0.1328432029,1.0170292624
0.2290000000,1.0471975512,1.0175410202,0.6522442426,0.0896736234,-0.1149288379,25.0000000000,25.0000000000,1.4700758715,0.1415799469,1.0170292624
0.2300000000,1.0471975512,1.0181360677,0.5475508173,0.0780393069,-0.0960817177,25.0000000000,25.0000000000,1.5676354453,0.1688998513,1.0185632432
0.2310000000,1.0471975512,1.0186379898,0.4663148483,0.1122076615,-0.0670799166,25.0000000000,25.0000000000,1.8691779666,0.1769786614,1.0185632432
0.2320000000,1.0471975512,1.0190747837,0.4154727803,0.1001159530,-0.0368797095,25.0000000000,25.0000000000,1.9594573434,0.1991160852,1.0185632432
0.2330000000,1.0471975512,1.0194767174,0.3947812338,0.1328356683,-0.0064359012,25.0000000000,25.0000000000,2.2035467624,0.2160108690,1.0200972239
0.2340000000,1.0471975512,1.0198741043,0.4043527607,0.1575834528,0.0233083912,25.0000000000,25.0000000000,2.3898414731,0.2092512124,1.0200972239
0.2350000000,1.0471975512,1.0202957878,0.4404760723,0.1331310172,0.0460529138,25.0000000000,25.0000000000,2.3160319072,0.2135636305,1.0200972239
0.2360000000,1.0471975512,1.0207642034,0.4955740852,0.1482019799,0.0622377713,25.0000000000,25.0000000000,2.3631461992,0.2115804129,1.0200972239
0.2370000000,1.0471975512,1.0212951571,0.5637332381,0.1533494478,0.0724527226,25.0000000000,25.0000000000,2.3408751107,0.2042750369,1.0216312047
0.2380000000,1.0471975512,1.0218983780,0.6385622530,0.1478789695,0.0759391234,25.0000000000,25.0000000000,2.2600589613,0.1752337603,1.0216312047
0.2390000000,1.0471975512,1.0225763662,0.7115176137,0.0990742498,0.0686418171,25.0000000000,25.0000000000,1.9401410272,0.1609274111,1.0231651855
0.2400000000,1.0471975512,1.0233211623,0.7715452670,0.1026336322,0.0525277539,25.0000000000,25.0000000000,1.7811625811,0.1278360429,1.0231651855
0.2410000000,1.0471975512,1.0241151582,0.8089388035,0.0811350062,0.0231629129,25.0000000000,25.0000000000,1.4149233259,0.1132007590,1.0246991663
0.2420000000,1.0471975512,1.0249307947,0.8174118309,0.0928565497,-0.0031080616,25.0000000000,25.0000000000,1.2518855969,0.0840200083,1.0246991663
0.2430000000,1.0471975512,1.0257401784,0.7968972189,0.0697422249,-0.0362154554,25.0000000000,25.0000000000,0.9291349812,0.0772477581,1.0262331471
0.2440000000,1.0471975512,1.0265124812,0.7469156973,0.0844045962,-0.0601304018,25.0000000000,25.0000000000,0.8532298851,0.0586343093,1.0262331471
0.2450000000,1.0471975512,1.0272225993,0.6736701453,0.0649841945,-0.0847156169,25.0000000000,25.0000000000,0.6475916240,0.0638441080,1.0277671279
0.2460000000,1.0471975512,1.0278484817,0.5822454804,0.0829014585,-0.0951125140,25.0000000000,25.0000000000,0.7045245254,0.0572642043,1.0277671279
0.2470000000,1.0471975512,1.0283785496,0.4826797920,0.0676466090,-0.1033864241,25.0000000000,25.0000000000,0.6322503368,0.0732398098,1.0277671279
0.2480000000,1.0471975512,1.0288072759,0.3826260725,0.0862521003,-0.0953858693,25.0000000000,25.0000000000,0.8086492837,0.0926370000,1.0293011087
0.2490000000,1.0471975512,1.0291424805,0.2962063815,0.0962234398,-0.0776348579,25.0000000000,25.0000000000,1.0234595283,0.0962227818,1.0293011087
0.2500000000,1.0471975512,1.0294009822,0.2276980025,0.0822325599,-0.0614859021,25.0000000000,25.0000000000,1.0639612505,0.1167077024,1.0293011087
0.2510000000,1.0471975512,1.0296003240,0.1779753992,0.1136145628,-0.0386619470,25.0000000000,25.0000000000,1.2897747682,0.1348006446,1.0293011087
0.2520000000,1.0471975512,1.0297628103,0.1528461022,0.1342113607,-0.0131251354,25.0000000000,25.0000000000,1.4895765870,0.1495449063,1.0293011087
0.2530000000,1.0471975512,1.0299138017,0.1533317246,0.1491585288,0.0122089461,25.0000000000,25.0000000000,1.6524905339,0.1597966425,1.0293011087
0.2540000000,1.0471975512,1.0300783304,0.1779760691,0.1586291269,0.0350403382,25.0000000000,25.0000000000,1.7658112757,0.1648668624,1.0308350895
0.2550000000,1.0471975512,1.0302788255,0.2232268457,0.1622490896,0.0534627058,25.0000000000,25.0000000000,1.8219097180,0.1469998135,1.0308350895
0.2560000000,1.0471975512,1.0305327398,0.2823257519,0.1223481329,0.0625145369,25.0000000000,25.0000000000,1.6255805228,0.1416699945,1.0308350895
0.2570000000,1.0471975512,1.0308488558,0.3461506513,0.1261353352,0.0641760765,25.0000000000,25.0000000000,1.5662301718,0.1322328492,1.0308350895
0.2580000000,1.0471975512,1.0312285815,0.4087299872,0.1235060145,0.0604635153,25.0000000000,25.0000000000,1.4616093250,0.1202004818,1.0308350895
0.2590000000,1.0471975512,1.0316679129,0.4649460715,0.1137093017,0.0518586110,25.0000000000,25.0000000000,1.3285398828,0.1070132344,1.0323690702
0.2600000000,1.0471975512,1.0321580347,0.5103198349,0.1008072738,0.0392078468,25.0000000000,25.0000000000,1.1828065387,0.0763995970,1.0323690702
0.2610000000,1.0471975512,1.0326838815,0.5348118367,0.0783059162,0.0106529239,25.0000000000,25.0000000000,0.8441202312,0.0646823905,1.0323690702
0.2620000000,1.0471975512,1.0332192261,0.5322511887,0.0907900527,-0.0121162922,25.0000000000,25.0000000000,0.7134350322,0.0560172106,1.0339030510
0.2630000000,1.0471975512,1.0337411739,0.5098381239,0.0842659599,-0.0308415157,25.0000000000,25.0000000000,0.6175777398,0.0343999243,1.0339030510
0.2640000000,1.0471975512,1.0342294447,0.4652435046,0.0634083802,-0.0550169142,25.0000000000,25.0000000000,0.3786687407,0.0349486917,1.0339030510
0.2650000000,1.0471975512,1.0346630477,0.4039861755,0.0665586576,-0.0661456062,25.0000000000,25.0000000000,0.3846025447,0.0403332423,1.0339030510
0.2660000000,1.0471975512,1.0350307366,0.3349283315,0.0722071489,-0.0712241907,25.0000000000,25.0000000000,0.4440886323,0.0500450905,1.0354370318
0.2670000000,1.0471975512,1.0353281918,0.2649254730,0.0802195522,-0.0684744775,25.0000000000,25.0000000000,0.5514895267,0.0452363356,1.0354370318
0.2680000000,1.0471975512,1.0355563346,0.1953922509,0.0744190599,-0.0699343784,25.0000000000,25.0000000000,0.4984023719,0.0596427573,1.0354370318
0.2690000000,1.0471975512,1.0357166569,0.1313064974,0.0944227733,-0.0580464811,25.0000000000,25.0000000000,0.6573134675,0.0748138885,1.0354370318
0.2700000000,1.0471975512,1.0358202762,0.0818146642,0.1064852638,-0.0415192785,25.0000000000,25.0000000000,0.8251098992,0.0897431405,1.0354370318
0.2710000000,1.0471975512,1.0358837723,0.0503508345,0.1197724093,-0.0224171859,25.0000000000,25.0000000000,0.9901602392,0.1028791128,1.0354370318
0.2720000000,1.0471975512,1.0359261963,0.0385673450,0.1322232670,-0.0024769866,25.0000000000,25.0000000000,1.1353469891,0.1130525883,1.0354370318
0.2730000000,1.0471975512,1.0359673210,0.0463615140,0.1417186534,0.0165413344,25.0000000000,25.0000000000,1.2477977973,0.1194896145,1.0354370318
0.2740000000,1.0471975512,1.0360259002,0.0719281430,0.1471318108,0.0330119150,25.0000000000,25.0000000000,1.3189781299,0.1218149816,1.0354370318
0.2750000000,1.0471975512,1.0361180723,0.1119852316,0.1480682502,0.0456087399,25.0000000000,25.0000000000,1.3447428828,0.1200479452,1.0354370318
0.2760000000,1.0471975512,1.0362560681,0.1621393056,0.1446580065,0.0534207732,25.0000000000,25.0000000000,1.3252992917,0.1145742228,1.0369710126
0.2770000000,1.0471975512,1.0364473348,0.2173377043,0.1374404909,0.0560147228,25.0000000000,25.0000000000,1.2649018489,0.0885120031,1.0369710126
0.2780000000,1.0471975512,1.0366935092,0.2702938683,0.0932010980,0.0484960977,25.0000000000,25.0000000000,0.9778231796,0.0779446852,1.0369710126
0.2790000000,1.0471975512,1.0369868206,0.3115563019,0.0995986523,0.0354596837,25.0000000000,25.0000000000,0.8602060730,0.0665926968,1.0369710126
0.2800000000,1.0471975512,1.0373145987,0.3399394370,0.0934915697,0.0220430200,25.0000000000,25.0000000000,0.7345043563,0.0561883761,1.0369710126
0.2810000000,1.0471975512,1.0376630426,0.3534230960,0.0886367378,0.0063797245,25.0000000000,25.0000000000,0.6192591373,0.0477337480,1.0369710126
0.2820000000,1.0471975512,1.0380167893,0.3516610950,0.0827804795,-0.0084795292,25.0000000000,25.0000000000,0.5257055784,0.0419613204,1.0385049934
0.2830000000,1.0471975512,1.0383612480,0.3360647161,0.0774709923,-0.0213972454,25.0000000000,25.0000000000,0.4618971070,0.0216988921,1.0385049934
0.2840000000,1.0471975512,1.0386823168,0.3054340866,0.0452729754,-0.0369589377,25.0000000000,25.0000000000,0.2385940534,0.0221439538,1.0385049934
0.2850000000,1.0471975512,1.0389662623,0.2637063314,0.0472610182,-0.0453030799,25.0000000000,25.0000000000,0.2434348363,0.0258764962,1.0385049934
0.2860000000,1.0471975512,1.0392048808,0.2158337452,0.0543613238,-0.0496172278,25.0000000000,25.0000000000,0.2845110421,0.0325244160,1.0385049934
0.2870000000,1.0471975512,1.0393941471,0.1658270141,0.0661856806,-0.0498265629,25.0000000000,25.0000000000,0.3577117334,0.0413341701,1.0400389742
0.2880000000,1.0471975512,1.0395341833,0.1180004921,0.0793537586,-0.0454795092,25.0000000000,25.0000000000,0.4548416006,0.0338912715,1.0400389742
0.2890000000,1.0471975512,1.0396282244,0.0730018766,0.0654123692,-0.0442710723,25.0000000000,25.0000000000,0.3729224952,0.0444394004,1.0400389742
0.2900000000,1.0471975512,1.0396791038,0.0326437476,0.0864307874,-0.0363410762,25.0000000000,25.0000000000,0.4889558050,0.0548699263,1.0400389742
0.2910000000,1.0471975512,1.0396945504,0.0020361520,0.1012485017,-0.0252455572,25.0000000000,25.0000000000,0.6039937573,0.0647098902,1.0400389742
0.2920000000,1.0471975512,1.0396856888,-0.0164504519,0.1129436830,-0.0124151077,25.0000000000,25.0000000000,0.7126325975,0.0731372443,1.0400389742
0.2930000000,1.0471975512,1.0396652976,-0.0217835119,0.1220434686,0.0008411673,25.0000000000,25.0000000000,0.8057212381,0.0794693301,1.0400389742
0.2940000000,1.0471975512,1.0396465064,-0.0142011598,0.1283435976,0.0132939698,25.0000000000,25.0000000000,0.8756923840,0.0832464966,1.0400389742
0.2950000000,1.0471975512,1.0396415803,0.0049050925,0.1316027212,0.0238675844,25.0000000000,25.0000000000,0.9174559765,0.0842662064,1.0400389742
0.2960000000,1.0471975512,1.0396608650,0.0331861449,0.1317686010,0.0317178846,25.0000000000,25.0000000000,0.9287664605,0.0825866460,1.0400389742
0.2970000000,1.0471975512,1.0397119646,0.0676007646,0.1290337302,0.0362925018,25.0000000000,25.0000000000,0.9102600839,0.0785060959,1.0400389742
0.2980000000,1.0471975512,1.0397992125,0.1047269629,0.1238239345,0.0373634513,25.0000000000,25.0000000000,0.8652264678,0.0725221959,1.0400389742
0.2990000000,1.0471975512,1.0399234648,0.1410898341,0.1167546683,0.0350293459,25.0000000000,25.0000000000,0.7991586416,0.0652758970,1.0400389742
0.3000000000,1.0471975512,1.0400822165,0.1734758114,0.1085688767,0.0296883605,25.0000000000,25.0000000000,0.7191340132,0.0574858695,1.0400389742
0.3010000000,1.0471975512,1.0402700130,0.1992060674,0.1000649834,0.0219860482,25.0000000000,25.0000000000,0.6330899019,0.0498796961,1.0400389742
0.3020000000,1.0471975512,1.0404791013,0.2163446176,0.0920366750,0.0127396600,25.0000000000,25.0000000000,0.5490627924,0.0431281392,1.0400389742
0.3030000000,1.0471975512,1.0407002463,0.2238227798,0.0852161109,0.0028552234,25.0000000000,25.0000000000,0.4744615396,0.0377884276,1.0400389742
0.3040000000,1.0471975512,1.0409236503,0.2215452159,0.0798442000,-0.0066398345,25.0000000000,25.0000000000,0.4154593361,0.0342616375,1.0415729550
0.3050000000,1.0471975512,1.0411399664,0.2104325049,0.0758267231,-0.0147820008,25.0000000000,25.0000000000,0.3765128401,0.0151811071,1.0415729550
0.3060000000,1.0471975512,1.0413407324,0.1908044138,0.0343080565,-0.0236992293,25.0000000000,25.0000000000,0.1667948856,0.0157033272,1.0415729550
0.3070000000,1.0471975512,1.0415177041,0.1639308974,0.0361986174,-0.0291895482,25.0000000000,25.0000000000,0.1724970013,0.0182136509,1.0415729550
0.3080000000,1.0471975512,1.0416654557,0.1330367923,0.0419702806,-0.0320867293,25.0000000000,25.0000000000,0.2000730105,0.0225482908,1.0415729550
0.3090000000,1.0471975512,1.0417812218,0.1004369699,0.0517506767,-0.0327611848,25.0000000000,25.0000000000,0.2476984943,0.0282558145,1.0415729550
0.3100000000,1.0471975512,1.0418644711,0.0683408730,0.0644010292,-0.0312265511,25.0000000000,25.0000000000,0.3104194892,0.0348452408,1.0415729550
0.3110000000,1.0471975512,1.0419168758,0.0389441992,0.0780144383,-0.0275051118,25.0000000000,25.0000000000,0.3828814507,0.0418178957,1.0415729550
0.3120000000,1.0471975512,1.0419422793,0.0143789247,0.0906659014,-0.0217250586,25.0000000000,25.0000000000,0.4596453472,0.0486728338,1.0415729550
0.3130000000,1.0471975512,1.0419465412,-0.0034864795,0.1011514419,-0.0142970942,25.0000000000,25.0000000000,0.5352108836,0.0549152760,1.0415729550
0.3140000000,1.0471975512,1.0419371059,-0.0133638185,0.1092439395,-0.0059311364,25.0000000000,25.0000000000,0.6040973668,0.0600837216,1.0415729550
0.3150000000,1.0471975512,1.0419222958,-0.0147544692,0.1151160257,0.0025445819,25.0000000000,25.0000000000,0.6611735088,0.0637998041,1.0415729550
0.3160000000,1.0471975512,1.0419104944,-0.0079765131,0.1188763809,0.0103398459,25.0000000000,25.0000000000,0.7022340066,0.0658172022,1.0415729550
0.3170000000,1.0471975512,1.0419093682,0.0059204260,0.1205534900,0.0167826706,25.0000000000,25.0000000000,0.7245432697,0.0660492047,1.0415729550
0.3180000000,1.0471975512,1.0419252087,0.0253002877,0.1202163758,0.0213669681,25.0000000000,25.0000000000,0.7271353530,0.0645727340,1.0415729550
0.3190000000,1.0471975512,1.0419624408,0.0481244320,0.1180491265,0.0237841048,25.0000000000,25.0000000000,0.7108548909,0.0616137301,1.0415729550
0.3200000000,1.0471975512,1.0420233289,0.0721583297,0.1143653937,0.0239377406,25.0000000000,25.0000000000,0.6781941342,0.0575187738,1.0415729550
0.3210000000,1.0471975512,1.0421078940,0.0951833791,0.1095863768,0.0219404073,25.0000000000,25.0000000000,0.6329790709,0.0527172139,1.0415729550
0.3220000000,1.0471975512,1.0422140371,0.1151961423,0.1041974303,0.0180934670,25.0000000000,25.0000000000,0.5799512031,0.0476779577,1.0415729550
0.3230000000,1.0471975512,1.0423378488,0.1305815503,0.0986811945,0.0128575840,25.0000000000,25.0000000000,0.5242912704,0.0428650358,1.0415729550
0.3240000000,1.0471975512,1.0424740772,0.1402583710,0.0933975253,0.0068295068,25.0000000000,25.0000000000,0.4711320211,0.0386955370,1.0431069358
0.3250000000,1.0471975512,1.0426167306,0.1438060342,0.0884198407,0.0007192965,25.0000000000,25.0000000000,0.4250994684,0.0179237806,1.0431069358
0.3260000000,1.0471975512,1.0427593467,0.1402742808,0.0436917418,-0.0072522761,25.0000000000,25.0000000000,0.1967693774,0.0159204326,1.0431069358
0.3270000000,1.0471975512,1.0428945673,0.1299257294,0.0396793625,-0.0127114161,25.0000000000,25.0000000000,0.1747328342,0.0153234678,1.0431069358
0.3280000000,1.0471975512,1.0430169158,0.1150678019,0.0378205499,-0.0165573096,25.0000000000,25.0000000000,0.1681994650,0.0162108420,1.0431069358
0.3290000000,1.0471975512,1.0431226233,0.0970574832,0.0394369830,-0.0191049180,25.0000000000,25.0000000000,0.1779684971,0.0183571222,1.0431069358
0.3300000000,1.0471975512,1.0432092332,0.0772083294,0.0443466432,-0.0203283603,25.0000000000,25.0000000000,0.2015467241,0.0214940928,1.0431069358
0.3310000000,1.0471975512,1.0432756059,0.0568316916,0.0518167843,-0.0202584377,25.0000000000,25.0000000000,0.2359935906,0.0253371236,1.0431069358
0.3320000000,1.0471975512,1.0433218855,0.0371784229,0.0610031401,-0.0189791719,25.0000000000,25.0000000000,0.2781919145,0.0295936296,1.0431069358
0.3330000000,1.0471975512,1.0433494137,0.0193921252,0.0710088344,-0.0166165296,25.0000000000,25.0000000000,0.3249388472,0.0339739814,1.0431069358
0.3340000000,1.0471975512,1.0433606013,0.0044709409,0.0809375530,-0.0133331799,25.0000000000,25.0000000000,0.3730643156,0.0382023168,1.0431069358
0.3350000000,1.0471975512,1.0433587636,-0.0067703586,0.0899780642,-0.0093334889,25.0000000000,25.0000000000,0.4195468136,0.0420263263,1.0431069358
0.3360000000,1.0471975512,1.0433479120,-0.0137493574,0.0975196173,-0.0048782759,25.0000000000,25.0000000000,0.4616162414,0.0452264891,1.0431069358
0.3370000000,1.0471975512,1.0433324889,-0.0161785041,0.1032460934,-0.0002925448,25.0000000000,25.0000000000,0.4968517244,0.0476263049,1.0431069358
0.3380000000,1.0471975512,1.0433170416,-0.0141206655,0.1071269447,0.0040567764,25.0000000000,25.0000000000,0.5232956367,0.0491045724,1.0431069358
0.3390000000,1.0471975512,1.0433058585,-0.0080058641,0.1093068228,0.0078107960,25.0000000000,25.0000000000,0.5395954129,0.0496078953,1.0431069358
0.3400000000,1.0471975512,1.0433026171,0.0014053270,0.1099913251,0.0106706894,25.0000000000,25.0000000000,0.5451480715,0.0491588521,1.0431069358
0.3410000000,1.0471975512,1.0433100937,0.0131028752,0.1093923581,0.0124344198,25.0000000000,25.0000000000,0.5401936403,0.0478558874,1.0431069358
0.3420000000,1.0471975512,1.0433299701,0.0259361773,0.1077149527,0.0130174836,25.0000000000,25.0000000000,0.5258146029,0.0458639648,1.0431069358
0.3430000000,1.0471975512,1.0433627576,0.0387376096,0.1051426128,0.0124631504,25.0000000000,25.0000000000,0.5038328789,0.0433974154,1.0431069358
0.3440000000,1.0471975512,1.0434078490,0.0504520817,0.1018016647,0.0109443474,25.0000000000,25.0000000000,0.4766212280,0.0406972046,1.0431069358
0.3450000000,1.0471975512,1.0434636974,0.0602587876,0.0977456065,0.0087430564,25.0000000000,25.0000000000,0.4468516912,0.0380047196,1.0431069358
0.3460000000,1.0471975512,1.0435280964,0.0676463180,0.0930723389,0.0061773249,25.0000000000,25.0000000000,0.4171987708,0.0355347114,1.0431069358
0.3470000000,1.0471975512,1.0435984895,0.0723960169,0.0881313911,0.0035067103,25.0000000000,25.0000000000,0.3900287269,0.0334531587,1.0431069358
0.3480000000,1.0471975512,1.0436722221,0.0745048552,0.0834895364,0.0009122423,25.0000000000,25.0000000000,0.3671555842,0.0318681069,1.0431069358
0.3490000000,1.0471975512,1.0437467231,0.0741251783,0.0796651689,-0.0014677596,25.0000000000,25.0000000000,0.3497527279,0.0308339259,1.0431069358
0.3500000000,1.0471975512,1.0438196417,0.0715338119,0.0769788796,-0.0035200109,25.0000000000,25.0000000000,0.3384076338,0.0303603432,1.0431069358
0.3510000000,1.0471975512,1.0438889588,0.0671070314,0.0755625885,-0.0051574456,25.0000000000,25.0000000000,0.3332216804,0.0304205006,1.0446409166
0.3520000000,1.0471975512,1.0439530723,0.0612927454,0.0754052782,-0.0063219571,25.0000000000,25.0000000000,0.3338972926,0.0133797259,1.0446409166
0.3530000000,1.0471975512,1.0440105083,0.0536137019,0.0347011701,-0.0088349825,25.0000000000,25.0000000000,0.1467798995,0.0143146692,1.0446409166
0.3540000000,1.0471975512,1.0440591684,0.0441390796,0.0357889202,-0.0098612939,25.0000000000,25.0000000000,0.1571033824,0.0156620944,1.0446409166
0.3550000000,1.0471975512,1.0440980049,0.0341319977,0.0391892235,-0.0100536330,25.0000000000,25.0000000000,0.1718897869,0.0174215188,1.0446409166
0.3560000000,1.0471975512,1.0441268526,0.0242497811,0.0436197382,-0.0096651014,25.0000000000,25.0000000000,0.1911978713,0.0194479581,1.0446409166
0.3570000000,1.0471975512,1.0441461286,0.0150301058,0.0487754839,-0.0087752175,25.0000000000,25.0000000000,0.2134335602,0.0215935963,1.0446409166
0.3580000000,1.0471975512,1.0441567436,0.0069258730,0.0542698587,-0.0074765789,25.0000000000,25.0000000000,0.2369754261,0.0237229124,1.0446409166
0.3590000000,1.0471975512,1.0441600092,0.0002891392,0.0597416400,-0.0058764680,25.0000000000,25.0000000000,0.2603372456,0.0257162471,1.0446409166
0.3600000000,1.0471975512,1.0441575301,-0.0046401838,0.0648772979,-0.0040905316,25.0000000000,25.0000000000,0.2822064780,0.0274734281,1.0446409166
0.3610000000,1.0471975512,1.0441510886,-0.0077392955,0.0694217283,-0.0022364297,25.0000000000,25.0000000000,0.3014839660,0.0289168775,1.0446409166
0.3620000000,1.0471975512,1.0441425283,-0.0090010652,0.0731847760,-0.0004273427,25.0000000000,25.0000000000,0.3173181011,0.0299937342,1.0446409166
0.3630000000,1.0471975512,1.0441336415,-0.0085260883,0.0760426455,0.0012345279,25.0000000000,25.0000000000,0.3291283170,0.0306767507,1.0446409166
0.3640000000,1.0471975512,1.0441260690,-0.0065084466,0.0779344896,0.0026640093,25.0000000000,25.0000000000,0.3366152080,0.0309638306,1.0446409166
0.3650000000,1.0471975512,1.0441212162,-0.0032159847,0.0788558300,0.0037978246,25.0000000000,25.0000000000,0.3397557281,0.0308761658,1.0446409166
0.3660000000,1.0471975512,1.0441201922,0.0010332837,0.0788510273,0.0045974743,25.0000000000,25.0000000000,0.3387828894,0.0304550451,1.0446409166
0.3670000000,1.0471975512,1.0441237726,0.0058963538,0.0780063776,0.0050496329,25.0000000000,25.0000000000,0.3341506820,0.0297575545,1.0446409166
0.3680000000,1.0471975512,1.0441323876,0.0110294992,0.0764439072,0.0051641491,25.0000000000,25.0000000000,0.3264866593,0.0288515424,1.0446409166
0.3690000000,1.0471975512,1.0441461332,0.0161095487,0.0743146209,0.0049703072,25.0000000000,25.0000000000,0.3165363892,0.0278103212,1.0446409166
0.3700000000,1.0471975512,1.0441648008,0.0208508983,0.0717898563,0.0045122323,25.0000000000,25.0000000000,0.3051050722,0.0267075798,1.0446409166
0.3710000000,1.0471975512,1.0441879218,0.0250178154,0.0690505008,0.0038441692,25.0000000000,25.0000000000,0.2930016106,0.0256128905,1.0446409166
0.3720000000,1.0471975512,1.0442148223,0.0284321490,0.0662751275,0.0030260410,25.0000000000,25.0000000000,0.2809893276,0.0245880523,1.0446409166
0.3730000000,1.0471975512,1.0442446822,0.0309768314,0.0636286720,0.0021194535,25.0000000000,25.0000000000,0.2697459464,0.0236843794,1.0446409166
0.3740000000,1.0471975512,1.0442765971,0.0325956517,0.0612530131,0.0011842019,25.0000000000,25.0000000000,0.2598339601,0.0229409438,1.0446409166
0.3750000000,1.0471975512,1.0443096371,0.0332898230,0.0592602059,0.0002753159,25.0000000000,25.0000000000,0.2516814656,0.0223837228,1.0446409166
0.3760000000,1.0471975512,1.0443429017,0.0331119024,0.0577285602,-0.0005593178,25.0000000000,25.0000000000,0.2455728955,0.0220255662,1.0446409166
0.3770000000,1.0471975512,1.0443755664,0.0321576581,0.0567014016,-0.0012807257,25.0000000000,25.0000000000,0.2416487147,0.0218668761,1.0446409166
0.3780000000,1.0471975512,1.0444069212,0.0305565007,0.0561881791,-0.0018599927,25.0000000000,25.0000000000,0.2399129155,0.0218968794,1.0446409166
0.3790000000,1.0471975512,1.0444363989,0.0284611004,0.0561675006,-0.0022787936,25.0000000000,25.0000000000,0.2402469859,0.0220953601,1.0446409166
0.3800000000,1.0471975512,1.0444635923,0.0260367875,0.0565916553,-0.0025293411,25.0000000000,25.0000000000,0.2424289146,0.0224347157,1.0446409166
0.3810000000,1.0471975512,1.0444882620,0.0234512907,0.0573921730,-0.0026138090,25.0000000000,25.0000000000,0.2461557355,0.0228821993,1.0446409166
0.3820000000,1.0471975512,1.0445103331,0.0208653008,0.0584859838,-0.0025433026,25.0000000000,25.0000000000,0.2510681128,0.0234022172,1.0446409166
0.3830000000,1.0471975512,1.0445298838,0.0184242660,0.0597817530,-0.0023364619,25.0000000000,25.0000000000,0.2567755230,0.0239585587,1.0446409166
0.3840000000,1.0471975512,1.0445471270,0.0162517375,0.0611860051,-0.0020177905,25.0000000000,25.0000000000,0.2628807018,0.0245164515,1.0446409166
0.3850000000,1.0471975512,1.0445623848,0.0144444865,0.0626086961,-0.0016158084,25.0000000000,25.0000000000,0.2690021770,0.0250443513,1.0446409166
0.3860000000,1.0471975512,1.0445760607,0.0130695170,0.0639679638,-0.0011611265,25.0000000000,25.0000000000,0.2747939015,0.0255153969,1.0446409166
0.3870000000,1.0471975512,1.0445886089,0.0121629957,0.0651938670,-0.0006845470,25.0000000000,25.0000000000,0.2799612125,0.0259084796,1.0446409166
0.3880000000,1.0471975512,1.0446005033,0.0117310230,0.0662310198,-0.0002152874,25.0000000000,25.0000000000,0.2842725730,0.0262089007,1.0446409166
0.3890000000,1.0471975512,1.0446122093,0.0117520653,0.0670401140,0.0002205733,25.0000000000,25.0000000000,0.2875667918,0.0264086116,1.0446409166
0.3900000000,1.0471975512,1.0446241575,0.0121807844,0.0675984001,0.0006013426,25.0000000000,25.0000000000,0.2897556690,0.0265060558,1.0446409166
0.3910000000,1.0471975512,1.0446367230,0.0129529201,0.0678992428,0.0009105931,25.0000000000,25.0000000000,0.2908222576,0.0265056503,1.0446409166
0.3920000000,1.0471975512,1.0446502087,0.0139908377,0.0679508940,0.0011376384,25.0000000000,25.0000000000,0.2908151740,0.0264169674,1.0446409166
0.3930000000,1.0471975512,1.0446648355,0.0152093341,0.0677746279,0.0012776048,25.0000000000,25.0000000000,0.2898396063,0.0262536893,1.0446409166
0.3940000000,1.0471975512,1.0446807377,0.0165213158,0.0674023778,0.0013311343,25.0000000000,25.0000000000,0.2880458321,0.0260324208,1.0446409166
0.3950000000,1.0471975512,1.0446979637,0.0178430088,0.0668740188,0.0013037786,25.0000000000,25.0000000000,0.2856161703,0.0257714446,1.0446409166
0.3960000000,1.0471975512,1.0447164822,0.0190984340,0.0662344445,0.0012051617,25.0000000000,25.0000000000,0.2827513127,0.0254895016,1.0446409166
0.3970000000,1.0471975512,1.0447361913,0.0202229589,0.0655305981,0.0010479946,25.0000000000,25.0000000000,0.2796569378,0.0252046690,1.0446409166
0.3980000000,1.0471975512,1.0447569321,0.0211658234,0.0648086274,0.0008470213,25.0000000000,25.0000000000,0.2765313943,0.0249333916,1.0446409166
0.3990000000,1.0471975512,1.0447785027,0.0218916072,0.0641113198,0.0006179684,25.0000000000,25.0000000000,0.2735550807,0.0246897086,1.0446409166
0.4000000000,1.0471975512,1.0448006743,0.0223806772,0.0634759555,0.0003765559,25.0000000000,25.0000000000,0.2708819677,0.0244846984,1.0446409166
0.4010000000,1.0471975512,1.0448232066,0.0226287017,0.0629326782,0.0001376181,25.0000000000,25.0000000000,0.2686335184,0.0243261500,1.0446409166
0.4020000000,1.0471975512,1.0448458627,0.0226453593,0.0625034384,-0.0000856321,25.0000000000,25.0000000000,0.2668950931,0.0242184543,1.0446409166
0.4030000000,1.0471975512,1.0448684219,0.0224524011,0.0622015220,-0.0002821733,25.0000000000,25.0000000000,0.2657147666,0.0241626976,1.0446409166
0.4040000000,1.0471975512,1.0448906904,0.0220812373,0.0620316345,-0.0004435671,25.0000000000,25.0000000000,0.2651043620,0.0241569307,1.0446409166
0.4050000000,1.0471975512,1.0449125101,0.0215702280,0.0619904796,-0.0005641706,25.0000000000,25.0000000000,0.2650424064,0.0241965794,1.0446409166
0.4060000000,1.0471975512,1.0449337634,0.0209618564,0.0620677467,-0.0006411748,25.0000000000,25.0000000000,0.2654786443,0.0242749612,1.0446409166
0.4070000000,1.0471975512,1.0449543762,0.0202999478,0.0622474037,-0.0006744870,25.0000000000,25.0000000000,0.2663396987,0.0243838663,1.0446409166
0.4080000000,1.0471975512,1.0449743179,0.0196270817,0.0625091889,-0.0006664747,25.0000000000,25.0000000000,0.2675354562,0.0245141680,1.0446409166
0.4090000000,1.0471975512,1.0449935986,0.0189823220,0.0628301920,-0.0006215991,25.0000000000,25.0000000000,0.2689657549,0.0246564236,1.0446409166
0.4100000000,1.0471975512,1.0450122648,0.0183993574,0.0631864233,-0.0005459679,25.0000000000,25.0000000000,0.2705269807,0.0248014354,1.0446409166
0.4110000000,1.0471975512,1.0450303932,0.0179051204,0.0635542821,-0.0004468363,25.0000000000,25.0000000000,0.2721182191,0.0249407442,1.0446409166
0.4120000000,1.0471975512,1.0450480835,0.0175189158,0.0639118518,-0.0003320906,25.0000000000,25.0000000000,0.2736466676,0.0250670339,1.0446409166
0.4130000000,1.0471975512,1.0450654504,0.0172520618,0.0642399658,-0.0002097423,25.0000000000,25.0000000000,0.2750320782,0.0251744346,1.0446409166
0.4140000000,1.0471975512,1.0450826158,0.0171080180,0.0645230102,-0.0000874621,25.0000000000,25.0000000000,0.2762100733,0.0252587141,1.0446409166
0.4150000000,1.0471975512,1.0450997009,0.0170829474,0.0647494464,0.0000278248,25.0000000000,25.0000000000,0.2771342545,0.0253173601,1.0446409166
0.4160000000,1.0471975512,1.0451168198,0.0171666409,0.0649120540,0.0001302622,25.0000000000,25.0000000000,0.2777770945,0.0253495560,1.0446409166
0.4170000000,1.0471975512,1.0451340735,0.0173437171,0.0650079107,0.0002152944,25.0000000000,25.0000000000,0.2781296759,0.0253560633,1.0446409166
0.4180000000,1.0471975512,1.0451515454,0.0175950011,0.0650381355,0.0002798012,25.0000000000,25.0000000000,0.2782003964,0.0253390256,1.0446409166
0.4190000000,1.0471975512,1.0451692985,0.0178989867,0.0650074334,0.0003221355,25.0000000000,25.0000000000,0.2780128124,0.0253017117,1.0446409166
0.4200000000,1.0471975512,1.0451873735,0.0182332886,0.0649234847,0.0003420730,25.0000000000,25.0000000000,0.2776028256,0.0252482206,1.0446409166
0.4210000000,1.0471975512,1.0452057890,0.0185760008,0.0647962271,0.0003406841,25.0000000000,25.0000000000,0.2770154368,0.0251831668,1.0446409166
0.4220000000,1.0471975512,1.0452245426,0.0189068938,0.0646370789,0.0003201441,25.0000000000,25.0000000000,0.2763012976,0.0251113680,1.0446409166
0.4230000000,1.0471975512,1.0452436128,0.0192083968,0.0644581531,0.0002834999,25.0000000000,25.0000000000,0.2755132773,0.0250375511,1.0446409166
0.4240000000,1.0471975512,1.0452629623,0.0194663311,0.0642715058,0.0002344092,25.0000000000,25.0000000000,0.2747032416,0.0249660929,1.0446409166
0.4250000000,1.0471975512,1.0452825419,0.0196703776,0.0640884590,0.0001768731,25.0000000000,25.0000000000,0.2739192082,0.0249008067,1.0446409166
0.4260000000,1.0471975512,1.0453022939,0.0198142792,0.0639190291,0.0001149750,25.0000000000,25.0000000000,0.2732030031,0.0248447816,1.0446409166
0.4270000000,1.0471975512,1.0453221567,0.0198957940,0.0637714846,0.0000526419,25.0000000000,25.0000000000,0.2725885018,0.0248002792,1.0446409166
0.4280000000,1.0471975512,1.0453420684,0.0199164259,0.0636520460,-0.0000065611,25.0000000000,25.0000000000,0.2721004965,0.0247686870,1.0446409166
0.4290000000,1.0471975512,1.0453619703,0.0198809711,0.0635647318,-0.0000595963,25.0000000000,25.0000000000,0.2717541895,0.0247505267,1.0446409166
0.4300000000,1.0471975512,1.0453818103,0.0197969245,0.0635113447,-0.0001040719,25.0000000000,25.0000000000,0.2715552794,0.0247455094,1.0446409166
0.4310000000,1.0471975512,1.0454015447,0.0196737918,0.0634915868,-0.0001383135,25.0000000000,25.0000000000,0.2715005748,0.0247526317,1.0446409166
0.4320000000,1.0471975512,1.0454211399,0.0195223565,0.0635032828,-0.0001613877,25.0000000000,25.0000000000,0.2715790482,0.0247703029,1.0461748973
0.4330000000,1.0471975512,1.0454405737,0.0193539468,0.0635426880,-0.0001730824,25.0000000000,25.0000000000,0.2717732278,0.0072183667,1.0461748973
0.4340000000,1.0471975512,1.0454595506,0.0184016246,0.0207660557,-0.0015997417,25.0000000000,25.0000000000,0.0790855674,0.0072507594,1.0461748973
0.4350000000,1.0471975512,1.0454769650,0.0164613298,0.0187733451,-0.0021571508,25.0000000000,25.0000000000,0.0795447621,0.0073760839,1.0461748973
0.4360000000,1.0471975512,1.0454922214,0.0141541493,0.0190016257,-0.0024143456,25.0000000000,25.0000000000,0.0809244495,0.0076610875,1.0461748973
0.4370000000,1.0471975512,1.0455050676,0.0116777769,0.0197014075,-0.0025110222,25.0000000000,25.0000000000,0.0840530007,0.0080679727,1.0461748973
0.4380000000,1.0471975512,1.0455154156,0.0091830115,0.0207404598,-0.0024633743,25.0000000000,25.0000000000,0.0885174740,0.0085551867,1.0461748973
0.4390000000,1.0471975512,1.0455233205,0.0068054749,0.0220104088,-0.0022882905,25.0000000000,25.0000000000,0.0938620518,0.0090846727,1.0461748973
0.4400000000,1.0471975512,1.0455289631,0.0046611532,0.0234093346,-0.0020076728,25.0000000000,25.0000000000,0.0996694008,0.0096218614,1.0461748973
0.4410000000,1.0471975512,1.0455326276,0.0028421606,0.0248438565,-0.0016469032,25.0000000000,25.0000000000,0.1055604687,0.0101361769,1.0461748973
0.4420000000,1.0471975512,1.0455346766,0.0014141521,0.0262307555,-0.0012331727,25.0000000000,25.0000000000,0.1112000257,0.0106017758,1.0461748973
0.4430000000,1.0471975512,1.0455355235,0.0004153855,0.0274990382,-0.0007938649,25.0000000000,25.0000000000,0.1163047598,0.0109982130,1.0461748973
0.4440000000,1.0471975512,1.0455356059,-0.0001426666,0.0285918070,-0.0003550723,25.0000000000,25.0000000000,0.1206505742,0.0113108818,1.0461748973
0.4450000000,1.0471975512,1.0455353593,-0.0002733258,0.0294675332,0.0000596821,25.0000000000,25.0000000000,0.1240774117,0.0115311643,1.0461748973
0.4460000000,1.0471975512,1.0455351943,-0.0000115723,0.0301005585,0.0004304668,25.0000000000,25.0000000000,0.1264908959,0.0116562780,1.0461748973
0.4470000000,1.0471975512,1.0455354766,0.0005899572,0.0304807991,0.0007416714,25.0000000000,25.0000000000,0.1278606456,0.0116888401,1.0461748973
0.4480000000,1.0471975512,1.0455365119,0.0014655381,0.0306127024,0.0009824305,25.0000000000,25.0000000000,0.1282154897,0.0116361909,1.0461748973
0.4490000000,1.0471975512,1.0455385355,0.0025411876,0.0305135666,0.0011467449,25.0000000000,25.0000000000,0.1276360409,0.0115095322,1.0461748973
0.4500000000,1.0471975512,1.0455417063,0.0037394649,0.0302113576,0.0012333256,25.0000000000,25.0000000000,0.1262452392,0.0113229424,1.0461748973
0.4510000000,1.0471975512,1.0455461062,0.0049839826,0.0297421774,0.0012451949,25.0000000000,25.0000000000,0.1241975522,0.0110923351,1.0461748973
0.4520000000,1.0471975512,1.0455517429,0.0062034116,0.0291475457,0.0011890927,25.0000000000,25.0000000000,0.1216675424,0.0108344202,1.0461748973
0.4530000000,1.0471975512,1.0455585570,0.0073348130,0.0284716511,0.0010747425,25.0000000000,25.0000000000,0.1188384819,0.0105657265,1.0461748973
0.4540000000,1.0471975512,1.0455664321,0.0083261860,0.0277587230,0.0009140293,25.0000000000,25.0000000000,0.1158916280,0.0103017306,1.0461748973
0.4550000000,1.0471975512,1.0455752059,0.0091381725,0.0270506509,0.0007201466,25.0000000000,25.0000000000,0.1129966770,0.0100561297,1.0461748973
0.4560000000,1.0471975512,1.0455846842,0.0097449146,0.0263849606,0.0005067581,25.0000000000,25.0000000000,0.1103037912,0.0098402824,1.0461748973
0.4570000000,1.0471975512,1.0455946542,0.0101341034,0.0257932207,0.0002872204,25.0000000000,25.0000000000,0.1079374736,0.0096628312,1.0461748973
0.4580000000,1.0471975512,1.0456048975,0.0103062978,0.0252999272,0.0000738990,25.0000000000,25.0000000000,0.1059924304,0.0095295079,1.0461748973
0.4590000000,1.0471975512,1.0456152027,0.0102736242,0.0249218792,-0.0001223934,25.0000000000,25.0000000000,0.1045314439,0.0094431142,1.0461748973
0.4600000000,1.0471975512,1.0456253759,0.0100579865,0.0246680318,-0.0002928213,25.0000000000,25.0000000000,0.1035851663,0.0094036615,1.0461748973
0.4610000000,1.0471975512,1.0456352492,0.0096889315,0.0245397880,-0.0004308023,25.0000000000,25.0000000000,0.1031536532,0.0094086454,1.0461748973
0.4620000000,1.0471975512,1.0456446874,0.0092013160,0.0245316678,-0.0005321371,25.0000000000,25.0000000000,0.1032093805,0.0094534279,1.0461748973
0.4630000000,1.0471975512,1.0456535918,0.0086329205,0.0246322828,-0.0005949995,25.0000000000,25.0000000000,0.1037014359,0.0095316958,1.0461748973
0.4640000000,1.0471975512,1.0456619022,0.0080221405,0.0248255318,-0.0006198011,25.0000000000,25.0000000000,0.1045605470,0.0096359631,1.0461748973
0.4650000000,1.0471975512,1.0456695959,0.0074058715,0.0250919316,-0.0006089504,25.0000000000,25.0000000000,0.1057045937,0.0097580870,1.0461748973
0.4660000000,1.0471975512,1.0456766857,0.0068176806,0.0254099968,-0.0005665287,25.0000000000,25.0000000000,0.1070442654,0.0098897681,1.0461748973
0.4670000000,1.0471975512,1.0456832153,0.0062863353,0.0257575907,-0.0004979083,25.0000000000,25.0000000000,0.1084885465,0.0100230104,1.0461748973
0.4680000000,1.0471975512,1.0456892543,0.0058347324,0.0261131763,-0.0004093393,25.0000000000,25.0000000000,0.1099497567,0.0101505192,1.0461748973
0.4690000000,1.0471975512,1.0456948916,0.0054792463,0.0264569111,-0.0003075283,25.0000000000,25.0000000000,0.1113479181,0.0102660235,1.0461748973
0.4700000000,1.0471975512,1.0457002292,0.0052294901,0.0267715430,-0.0001992351,25.0000000000,25.0000000000,0.1126142841,0.0103645114,1.0461748973
0.4710000000,1.0471975512,1.0457053747,0.0050884629,0.0270430778,-0.0000909041,25.0000000000,25.0000000000,0.1136939225,0.0104423753,1.0461748973
0.4720000000,1.0471975512,1.0457104359,0.0050530377,0.0272612070,0.0000116506,25.0000000000,25.0000000000,0.1145473051,0.0104974677,1.0461748973
0.4730000000,1.0471975512,1.0457155141,0.0051147305,0.0274194968,0.0001034956,25.0000000000,25.0000000000,0.1151509170,0.0105290734,1.0461748973
0.4740000000,1.0471975512,1.0457206999,0.0052606817,0.0275153508,0.0001807572,25.0000000000,25.0000000000,0.1154969472,0.0105378068,1.0461748973
0.4750000000,1.0471975512,1.0457260694,0.0054747766,0.0275497717,0.0002407251,25.0000000000,25.0000000000,0.1155921664,0.0105254487,1.0461748973
0.4760000000,1.0471975512,1.0457316811,0.0057388303,0.0275269545,0.0002818841,25.0000000000,25.0000000000,0.1154561324,0.0104947362,1.0461748973
0.4770000000,1.0471975512,1.0457375749,0.0060337675,0.0274537487,0.0003038774,25.0000000000,25.0000000000,0.1151188838,0.0104491216,1.0461748973
0.4780000000,1.0471975512,1.0457437715,0.0063407339,0.0273390308,0.0003074121,25.0000000000,25.0000000000,0.1146182979,0.0103925170,1.0461748973
0.4790000000,1.0471975512,1.0457502735,0.0066420861,0.0271930309,0.0002941155,25.0000000000,25.0000000000,0.1139972867,0.0103290389,1.0461748973
0.4800000000,1.0471975512,1.0457570667,0.0069222183,0.0270266509,0.0002663576,25.0000000000,25.0000000000,0.1133009992,0.0102627674,1.0461748973
0.4810000000,1.0471975512,1.0457641229,0.0071681992,0.0268508151,0.0002270506,25.0000000000,25.0000000000,0.1125741779,0.0101975309,1.0461748973
0.4820000000,1.0471975512,1.0457714024,0.0073702013,0.0266758814,0.0001794385,25.0000000000,25.0000000000,0.1118587994,0.0101367254,1.0461748973
0.4830000000,1.0471975512,1.0457788575,0.0075217223,0.0265111418,0.0001268913,25.0000000000,25.0000000000,0.1111920943,0.0100831748,1.0461748973
0.4840000000,1.0471975512,1.0457864358,0.0076196059,0.0263644284,0.0000727113,25.0000000000,25.0000000000,0.1106050191,0.0100390365,1.0461748973
0.4850000000,1.0471975512,1.0457940833,0.0076638814,0.0262418366,0.0000199632,25.0000000000,25.0000000000,0.1101212136,0.0100057507,1.0461748973
0.4860000000,1.0471975512,1.0458017478,0.0076574485,0.0261475683,-0.0000286666,25.0000000000,25.0000000000,0.1097564548,0.0099840343,1.0461748973
0.4870000000,1.0471975512,1.0458093812,0.0076056397,0.0260838934,-0.0000709770,25.0000000000,25.0000000000,0.1095185856,0.0099739132,1.0461748973
0.4880000000,1.0471975512,1.0458169419,0.0075156945,0.0260512172,-0.0001053218,25.0000000000,25.0000000000,0.1094078752,0.0099747895,1.0461748973
0.4890000000,1.0471975512,1.0458243962,0.0073961847,0.0260482427,-0.0001306437,25.0000000000,25.0000000000,0.1094177510,0.0099855346,1.0461748973
0.4900000000,1.0471975512,1.0458317194,0.0072564236,0.0260722077,-0.0001464726,25.0000000000,25.0000000000,0.1095358236,0.0100046020,1.0461748973
0.4910000000,1.0471975512,1.0458388964,0.0071058944,0.0261191769,-0.0001528935,25.0000000000,25.0000000000,0.1097451230,0.0100301511,1.0461748973
0.4920000000,1.0471975512,1.0458459212,0.0069537250,0.0261843691,-0.0001504870,25.0000000000,25.0000000000,0.1100254586,0.0100601750,1.0461748973
0.4930000000,1.0471975512,1.0458527967,0.0068082339,0.0262624965,-0.0001402500,25.0000000000,25.0000000000,0.1103548179,0.0100926243,1.0461748973
0.4940000000,1.0471975512,1.0458595336,0.0066765640,0.0263480982,-0.0001235010,25.0000000000,25.0000000000,0.1107107251,0.0101255210,1.0461748973
0.4950000000,1.0471975512,1.0458661488,0.0065644149,0.0264358500,-0.0001017780,25.0000000000,25.0000000000,0.1110714908,0.0101570576,1.0461748973
0.4960000000,1.0471975512,1.0458726640,0.0064758796,0.0265208365,-0.0000767346,25.0000000000,25.0000000000,0.1114172979,0.0101856773,1.0461748973
0.4970000000,1.0471975512,1.0458791045,0.0064133827,0.0265987740,-0.0000500399,25.0000000000,25.0000000000,0.1117310791,0.0102101325,1.0461748973
0.4980000000,1.0471975512,1.0458854967,0.0063777142,0.0266661783,-0.0000232874,25.0000000000,25.0000000000,0.1119991618,0.0102295217,1.0461748973
0.4990000000,1.0471975512,1.0458918672,0.0063681481,0.0267204723,0.0000020826,25.0000000000,25.0000000000,0.1122116676,0.0102433037,1.0461748973
0.5000000000,1.0471975512,1.0458982412,0.0063826304,0.0267600351,0.0000248460,25.0000000000,25.0000000000,0.1123626688,0.0102512908,1.0461748973
0.5010000000,1.0471975512,1.0459046410,0.0064180194,0.0267841948,0.0000440384,25.0000000000,25.0000000000,0.1124501182,0.0102536248,1.0461748973
0.5020000000,1.0471975512,1.0459110856,0.0064703615,0.0267931711,0.0000589821,25.0000000000,25.0000000000,0.1124755771,0.0102507366,1.0461748973
0.5030000000,1.0471975512,1.0459175896,0.0065351829,0.0267879761,0.0000692937,25.0000000000,25.0000000000,0.1124437772,0.0102432945,1.0461748973
0.5040000000,1.0471975512,1.0459241629,0.0066077809,0.0267702817,0.0000748758,25.0000000000,25.0000000000,0.1123620546,0.0102321454,1.0461748973
0.5050000000,1.0471975512,1.0459308108,0.0066834983,0.0267422656,0.0000758946,25.0000000000,25.0000000000,0.1122397011,0.0102182518,1.0461748973
0.5060000000,1.0471975512,1.0459375342,0.0067579688,0.0267064449,0.0000727442,25.0000000000,25.0000000000,0.1120872727,0.0102026284,1.0461748973
0.5070000000,1.0471975512,1.0459443295,0.0068273224,0.0266655073,0.0000660036,25.0000000000,25.0000000000,0.1119159000,0.0101862830,1.0461748973
0.5080000000,1.0471975512,1.0459511901,0.0068883443,0.0266221508,0.0000563875,25.0000000000,25.0000000000,0.1117366340,0.0101701630,1.0461748973
0.5090000000,1.0471975512,1.0459581061,0.0069385825,0.0265789378,0.0000446943,25.0000000000,25.0000000000,0.1115598623,0.0101551104,1.0461748973
0.5100000000,1.0471975512,1.0459650659,0.0069764044,0.0265381709,0.0000317551,25.0000000000,25.0000000000,0.1113948167,0.0101418272,1.0461748973
0.5110000000,1.0471975512,1.0459720564,0.0070010036,0.0265017953,0.0000183862,25.0000000000,25.0000000000,0.1112491922,0.0101308515,1.0461748973
0.5120000000,1.0471975512,1.0459790646,0.0070123619,0.0264713295,0.0000053465,25.0000000000,25.0000000000,0.1111288856,0.0101225449,1.0461748973
0.5130000000,1.0471975512,1.0459860773,0.0070111726,0.0264478255,-0.0000066973,25.0000000000,25.0000000000,0.1110378566,0.0101170899,1.0461748973
0.5140000000,1.0471975512,1.0459930827,0.0069987336,0.0264318590,-0.0000171976,25.0000000000,25.0000000000,0.1109781054,0.0101144988,1.0461748973
0.5150000000,1.0471975512,1.0460000705,0.0069768181,0.0264235446,-0.0000257433,25.0000000000,25.0000000000,0.1109497592,0.0101146286,1.0461748973
0.5160000000,1.0471975512,1.0460070323,0.0069475330,0.0264225754,-0.0000320684,25.0000000000,25.0000000000,0.1109512486,0.0101172048,1.0461748973
0.5170000000,1.0471975512,1.0460139619,0.0069131730,0.0264282810,-0.0000360523,25.0000000000,25.0000000000,0.1109795596,0.0101218488,1.0461748973
0.5180000000,1.0471975512,1.0460208555,0.0068760791,0.0264396990,-0.0000377117,25.0000000000,25.0000000000,0.1110305365,0.0101281081,1.0461748973
0.5190000000,1.0471975512,1.0460277116,0.0068385090,0.0264556554,-0.0000371862,25.0000000000,25.0000000000,0.1110992174,0.0101354884,1.0461748973
0.5200000000,1.0471975512,1.0460345308,0.0068025234,0.0264748483,-0.0000347188,25.0000000000,25.0000000000,0.1111801792,0.0101434838,1.0461748973
0.5210000000,1.0471975512,1.0460413156,0.0067698958,0.0264959306,-0.0000306328,25.0000000000,25.0000000000,0.1112678738,0.0101516051,1.0461748973
0.5220000000,1.0471975512,1.0460480703,0.0067420451,0.0265175860,-0.0000253064,25.0000000000,25.0000000000,0.1113569378,0.0101594047,1.0461748973
0.5230000000,1.0471975512,1.0460548001,0.0067199946,0.0265385975,-0.0000191471,25.0000000000,25.0000000000,0.1114424619,0.0101664959,1.0461748973
0.5240000000,1.0471975512,1.0460615112,0.0067043561,0.0265579017,-0.0000125671,25.0000000000,25.0000000000,0.1115202091,0.0101725683,1.0461748973
0.5250000000,1.0471975512,1.0460682102,0.0066953373,0.0265746319,-0.0000059604,25.0000000000,25.0000000000,0.1115867763,0.0101773965,1.0461748973
0.5260000000,1.0471975512,1.0460749037,0.0066927708,0.0265881443,0.0000003161,25.0000000000,25.0000000000,0.1116396942,0.0101808441,1.0461748973
0.5270000000,1.0471975512,1.0460815978,0.0066961595,0.0265980309,0.0000059583,25.0000000000,25.0000000000,0.1116774682,0.0101828620,1.0461748973
0.5280000000,1.0471975512,1.0460882981,0.0067047361,0.0266041183,0.0000107262,25.0000000000,25.0000000000,0.1116995625,0.0101834827,1.0461748973
0.5290000000,1.0471975512,1.0460950093,0.0067175306,0.0266064539,0.0000144501,25.0000000000,25.0000000000,0.1117063347,0.0101828102,1.0461748973
0.5300000000,1.0471975512,1.0461017351,0.0067334422,0.0266052814,0.0000170330,25.0000000000,25.0000000000,0.1116989287,0.0101810078,1.0461748973
0.5310000000,1.0471975512,1.0461084779,0.0067513112,0.0266010087,0.0000184488,25.0000000000,25.0000000000,0.1116791359,0.0101782833,1.0461748973
0.5320000000,1.0471975512,1.0461152391,0.0067699871,0.0265941697,0.0000187362,25.0000000000,25.0000000000,0.1116492356,0.0101748734,1.0461748973
0.5330000000,1.0471975512,1.0461220190,0.0067883895,0.0265853835,0.0000179909,25.0000000000,25.0000000000,0.1116118251,0.0101710283,1.0461748973
0.5340000000,1.0471975512,1.0461288166,0.0068055585,0.0265753126,0.0000163544,25.0000000000,25.0000000000,0.1115696485,0.0101669970,1.0461748973
0.5350000000,1.0471975512,1.0461356304,0.0068206950,0.0265646232,0.0000140021,25.0000000000,25.0000000000,0.1115254357,0.0101630140,1.0461748973
0.5360000000,1.0471975512,1.0461424580,0.0068331875,0.0265539494,0.0000111304,25.0000000000,25.0000000000,0.1114817574,0.0101592879,1.0461748973
0.5370000000,1.0471975512,1.0461492965,0.0068426262,0.0265438616,0.0000079445,25.0000000000,25.0000000000,0.1114409027,0.0101559933,1.0461748973
0.5380000000,1.0471975512,1.0461561426,0.0068488056,0.0265348433,0.0000046460,25.0000000000,25.0000000000,0.1114047840,0.0101532645,1.0461748973
0.5390000000,1.0471975512,1.0461629933,0.0068517148,0.0265272726,0.0000014228,25.0000000000,25.0000000000,0.1113748720,0.0101511919,1.0461748973
0.5400000000,1.0471975512,1.0461698451,0.0068515195,0.0265214131,-0.0000015596,25.0000000000,25.0000000000,0.1113521597,0.0101498223,1.0461748973
0.5410000000,1.0471975512,1.0461766953,0.0068485356,0.0265174106,-0.0000041651,25.0000000000,25.0000000000,0.1113371569,0.0101491598,1.0461748973
0.5420000000,1.0471975512,1.0461835411,0.0068431972,0.0265152971,-0.0000062911,25.0000000000,25.0000000000,0.1113299094,0.0101491706,1.0461748973
0.5430000000,1.0471975512,1.0461903807,0.0068360221,0.0265150000,-0.0000078707,25.0000000000,25.0000000000,0.1113300431,0.0101497876,1.0461748973
0.5440000000,1.0471975512,1.0461972123,0.0068275757,0.0265163568,-0.0000088730,25.0000000000,25.0000000000,0.1113368250,0.0101509184,1.0461748973
0.5450000000,1.0471975512,1.0462040350,0.0068184357,0.0265191318,-0.0000093010,25.0000000000,25.0000000000,0.1113492375,0.0101524517,1.0461748973
0.5460000000,1.0471975512,1.0462108485,0.0068091604,0.0265230370,-0.0000091883,25.0000000000,25.0000000000,0.1113660615,0.0101542657,1.0461748973
0.5470000000,1.0471975512,1.0462176529,0.0068002603,0.0265277518,-0.0000085941,25.0000000000,25.0000000000,0.1113859611,0.0101562355,1.0461748973
0.5480000000,1.0471975512,1.0462244488,0.0067921757,0.0265329438,-0.0000075976,25.0000000000,25.0000000000,0.1114075671,0.0101582403,1.0461748973
0.5490000000,1.0471975512,1.0462312372,0.0067852597,0.0265382877,-0.0000062918,25.0000000000,25.0000000000,0.1114295533,0.0101601692,1.0461748973
0.5500000000,1.0471975512,1.0462380194,0.0067797683,0.0265434822,-0.0000047771,25.0000000000,25.0000000000,0.1114507037,0.0101619261,1.0461748973
0.5510000000,1.0471975512,1.0462447969,0.0067758558,0.0265482633,-0.0000031553,25.0000000000,25.0000000000,0.1114699665,0.0101634338,1.0461748973
0.5520000000,1.0471975512,1.0462515715,0.0067735765,0.0265524155,-0.0000015238,25.0000000000,25.0000000000,0.1114864947,0.0101646360,1.0461748973
0.5530000000,1.0471975512,1.0462583445,0.0067728921,0.0265557780,0.0000000289,25.0000000000,25.0000000000,0.1114996711,0.0101654983,1.0461748973
0.5540000000,1.0471975512,1.0462651177,0.0067736824,0.0265582482,0.0000014274,25.0000000000,25.0000000000,0.1115091190,0.0101660079,1.0461748973
0.5550000000,1.0471975512,1.0462718924,0.0067757600,0.0265597814,0.0000026118,25.0000000000,25.0000000000,0.1115146986,0.0101661721,1.0461748973
0.5560000000,1.0471975512,1.0462786698,0.0067788869,0.0265603876,0.0000035397,25.0000000000,25.0000000000,0.1115164912,0.0101660162,1.0461748973
0.5570000000,1.0471975512,1.0462854507,0.0067827922,0.0265601255,0.0000041865,25.0000000000,25.0000000000,0.1115147732,0.0101655799,1.0461748973
0.5580000000,1.0471975512,1.0462922358,0.0067871901,0.0265590945,0.0000045453,25.0000000000,25.0000000000,0.1115099818,0.0101649142,1.0461748973
0.5590000000,1.0471975512,1.0462990254,0.0067917964,0.0265574255,0.0000046252,25.0000000000,25.0000000000,0.1115026763,0.0101640774,1.0461748973
0.5600000000,1.0471975512,1.0463058196,0.0067963435,0.0265552707,0.0000044492,25.0000000000,25.0000000000,0.1114934956,0.0101631312,1.0461748973
0.5610000000,1.0471975512,1.0463126183,0.0068005935,0.0265527935,0.0000040520,25.0000000000,25.0000000000,0.1114831163,0.0101621370,1.0461748973
0.5620000000,1.0471975512,1.0463194209,0.0068043479,0.0265501583,0.0000034767,25.0000000000,25.0000000000,0.1114722126,0.0101611529,1.0461748973
0.5630000000,1.0471975512,1.0463262270,0.0068074540,0.0265475219,0.0000027715,25.0000000000,25.0000000000,0.1114614208,0.0101602306,1.0461748973
0.5640000000,1.0471975512,1.0463330357,0.0068098091,0.0265450259,0.0000019871,25.0000000000,25.0000000000,0.1114513085,0.0101594135,1.0461748973
0.5650000000,1.0471975512,1.0463398464,0.0068113608,0.0265427902,0.0000011733,25.0000000000,25.0000000000,0.1114423508,0.0101587351,1.0461748973
0.5660000000,1.0471975512,1.0463466583,0.0068121050,0.0265409090,0.0000003767,25.0000000000,25.0000000000,0.1114349145,0.0101582181,1.0461748973
0.5670000000,1.0471975512,1.0463534704,0.0068120811,0.0265394484,-0.0000003618,25.0000000000,25.0000000000,0.1114292486,0.0101578743,1.0461748973
0.5680000000,1.0471975512,1.0463602822,0.0068113660,0.0265384454,-0.0000010083,25.0000000000,25.0000000000,0.1114254827,0.0101577052,1.0461748973
0.5690000000,1.0471975512,1.0463670929,0.0068100660,0.0265379085,-0.0000015371,25.0000000000,25.0000000000,0.1114236320,0.0101577025,1.0461748973
0.5700000000,1.0471975512,1.0463739020,0.0068083083,0.0265378209,-0.0000019315,25.0000000000,25.0000000000,0.1114236071,0.0101578502,1.0461748973
0.5710000000,1.0471975512,1.0463807093,0.0068062321,0.0265381431,-0.0000021836,25.0000000000,25.0000000000,0.1114252300,0.0101581254,1.0461748973
0.5720000000,1.0471975512,1.0463875143,0.0068039802,0.0265388173,-0.0000022938,25.0000000000,25.0000000000,0.1114282515,0.0101585010,1.0461748973
0.5730000000,1.0471975512,1.0463943171,0.0068016904,0.0265397730,-0.0000022702,25.0000000000,25.0000000000,0.1114323721,0.0101589468,1.0461748973
0.5740000000,1.0471975512,1.0464011176,0.0067994894,0.0265409311,-0.0000021272,25.0000000000,25.0000000000,0.1114372628,0.0101594321,1.0461748973
0.5750000000,1.0471975512,1.0464079160,0.0067974863,0.0265422096,-0.0000018843,25.0000000000,25.0000000000,0.1114425856,0.0101599270,1.0461748973
0.5760000000,1.0471975512,1.0464147125,0.0067957690,0.0265435283,-0.0000015642,25.0000000000,25.0000000000,0.1114480128,0.0101604039,1.0461748973
0.5770000000,1.0471975512,1.0464215076,0.0067944016,0.0265448123,-0.0000011917,25.0000000000,25.0000000000,0.1114532430,0.0101608392,1.0461748973
0.5780000000,1.0471975512,1.0464283014,0.0067934229,0.0265459964,-0.0000007920,25.0000000000,25.0000000000,0.1114580153,0.0101612135,1.0461748973
0.5790000000,1.0471975512,1.0464350945,0.0067928472,0.0265470268,-0.0000003891,25.0000000000,25.0000000000,0.1114621188,0.0101615128,1.0461748973
0.5800000000,1.0471975512,1.0464418872,0.0067926656,0.0265478635,-0.0000000050,25.0000000000,25.0000000000,0.1114653994,0.0101617285,1.0461748973
0.5810000000,1.0471975512,1.0464486799,0.0067928493,0.0265484806,0.0000003416,25.0000000000,25.0000000000,0.1114677620,0.0101618571,1.0461748973
0.5820000000,1.0471975512,1.0464554730,0.0067933523,0.0265488666,0.0000006358,25.0000000000,25.0000000000,0.1114691704,0.0101619004,1.0461748973
0.5830000000,1.0471975512,1.0464622668,0.0067941164,0.0265490236,0.0000008669,25.0000000000,25.0000000000,0.1114696428,0.0101618643,1.0461748973
0.5840000000,1.0471975512,1.0464690614,0.0067950748,0.0265489657,0.0000010289,25.0000000000,25.0000000000,0.1114692460,0.0101617588,1.0461748973
0.5850000000,1.0471975512,1.0464758570,0.0067961571,0.0265487170,0.0000011198,25.0000000000,25.0000000000,0.1114680867,0.0101615962,1.0461748973
0.5860000000,1.0471975512,1.0464826538,0.0067972931,0.0265483098,0.0000011417,25.0000000000,25.0000000000,0.1114663021,0.0101613908,1.0461748973
0.5870000000,1.0471975512,1.0464894517,0.0067984166,0.0265477815,0.0000011002,25.0000000000,25.0000000000,0.1114640493,0.0101611580,1.0461748973
0.5880000000,1.0471975512,1.0464962507,0.0067994686,0.0265471722,0.0000010039,25.0000000000,25.0000000000,0.1114614953,0.0101609128,1.0461748973
0.5890000000,1.0471975512,1.0465030506,0.0068003998,0.0265465226,0.0000008632,25.0000000000,25.0000000000,0.1114588064,0.0101606697,1.0461748973
0.5900000000,1.0471975512,1.0465098515,0.0068011720,0.0265458714,0.0000006900,25.0000000000,25.0000000000,0.1114561402,0.0101604414,1.0461748973
0.5910000000,1.0471975512,1.0465166530,0.0068017595,0.0265452539,0.0000004969,25.0000000000,25.0000000000,0.1114536373,0.0101602388,1.0461748973
0.5920000000,1.0471975512,1.0465234549,0.0068021491,0.0265446997,0.0000002962,25.0000000000,25.0000000000,0.1114514159,0.0101600702,1.0461748973
0.5930000000,1.0471975512,1.0465302572,0.0068023392,0.0265442323,0.0000000993,25.0000000000,25.0000000000,0.1114495674,0.0101599412,1.0461748973
0.5940000000,1.0471975512,1.0465370596,0.0068023393,0.0265438682,-0.0000000836,25.0000000000,25.0000000000,0.1114481542,0.0101598550,1.0461748973
0.5950000000,1.0471975512,1.0465438618,0.0068021681,0.0265436169,-0.0000002440,25.0000000000,25.0000000000,0.1114472092,0.0101598118,1.0461748973
0.5960000000,1.0471975512,1.0465506638,0.0068018516,0.0265434807,-0.0000003755,25.0000000000,25.0000000000,0.1114467371,0.0101598099,1.0461748973
0.5970000000,1.0471975512,1.0465574655,0.0068014211,0.0265434555,-0.0000004740,25.0000000000,25.0000000000,0.1114467166,0.0101598451,1.0461748973
0.5980000000,1.0471975512,1.0465642666,0.0068009108,0.0265435319,-0.0000005373,25.0000000000,25.0000000000,0.1114471045,0.0101599121,1.0461748973
0.5990000000,1.0471975512,1.0465710672,0.0068003560,0.0265436956,-0.0000005657,25.0000000000,25.0000000000,0.1114478398,0.0101600041,1.0461748973
0.6000000000,1.0471975512,1.0465778673,0.0067997908,0.0265439295,-0.0000005609,25.0000000000,25.0000000000,0.1114488489,0.0101601136,1.0461748973
0.6010000000,1.0471975512,1.0465846668,0.0067992465,0.0265442139,-0.0000005265,25.0000000000,25.0000000000,0.1114500507,0.0101602332,1.0461748973
0.6020000000,1.0471975512,1.0465914658,0.0067987502,0.0265445287,-0.0000004673,25.0000000000,25.0000000000,0.1114513620,0.0101603553,1.0461748973
0.6030000000,1.0471975512,1.0465982643,0.0067983239,0.0265448541,-0.0000003888,25.0000000000,25.0000000000,0.1114527016,0.0101604733,1.0461748973
0.6040000000,1.0471975512,1.0466050624,0.0067979834,0.0265451715,-0.0000002972,25.0000000000,25.0000000000,0.1114539949,0.0101605811,1.0461748973
0.6050000000,1.0471975512,1.0466118603,0.0067977386,0.0265454647,-0.0000001987,25.0000000000,25.0000000000,0.1114551771,0.0101606740,1.0461748973
0.6060000000,1.0471975512,1.0466186579,0.0067975933,0.0265457204,-0.0000000993,25.0000000000,25.0000000000,0.1114561958,0.0101607486,1.0461748973
0.6070000000,1.0471975512,1.0466254555,0.0067975454,0.0265459286,-0.0000000043,25.0000000000,25.0000000000,0.1114570125,0.0101608025,1.0461748973
0.6080000000,1.0471975512,1.0466322530,0.0067975878,0.0265460827,0.0000000816,25.0000000000,25.0000000000,0.1114576032,0.0101608349,1.0461748973
0.6090000000,1.0471975512,1.0466390507,0.0067977096,0.0265461799,0.0000001547,25.0000000000,25.0000000000,0.1114579585,0.0101608463,1.0461748973
0.6100000000,1.0471975512,1.0466458485,0.0067978962,0.0265462204,0.0000002123,25.0000000000,25.0000000000,0.1114580825,0.0101608380,1.0461748973
0.6110000000,1.0471975512,1.0466526465,0.0067981314,0.0265462078,0.0000002529,25.0000000000,25.0000000000,0.1114579914,0.0101608125,1.0461748973
0.6120000000,1.0471975512,1.0466594448,0.0067983978,0.0265461479,0.0000002759,25.0000000000,25.0000000000,0.1114577110,0.0101607728,1.0461748973
0.6130000000,1.0471975512,1.0466662433,0.0067986779,0.0265460486,0.0000002818,25.0000000000,25.0000000000,0.1114572752,0.0101607224,1.0461748973
0.6140000000,1.0471975512,1.0466730422,0.0067989555,0.0265459190,0.0000002721,25.0000000000,25.0000000000,0.1114567224,0.0101606651,1.0461748973
0.6150000000,1.0471975512,1.0466798413,0.0067992159,0.0265457692,0.0000002487,25.0000000000,25.0000000000,0.1114560940,0.0101606046,1.0461748973
0.6160000000,1.0471975512,1.0466866406,0.0067994468,0.0265456090,0.0000002143,25.0000000000,25.0000000000,0.1114554310,0.0101605446,1.0461748973
0.6170000000,1.0471975512,1.0466934401,0.0067996388,0.0265454482,0.0000001718,25.0000000000,25.0000000000,0.1114547723,0.0101604881,1.0461748973
0.6180000000,1.0471975512,1.0467002399,0.0067997853,0.0265452955,0.0000001242,25.0000000000,25.0000000000,0.1114541529,0.0101604378,1.0461748973
0.6190000000,1.0471975512,1.0467070397,0.0067998831,0.0265451581,0.0000000747,25.0000000000,25.0000000000,0.1114536020,0.0101603959,1.0461748973
0.6200000000,1.0471975512,1.0467138396,0.0067999316,0.0265450420,0.0000000261,25.0000000000,25.0000000000,0.1114531425,0.0101603638,1.0461748973
0.6210000000,1.0471975512,1.0467206396,0.0067999331,0.0265449512,-0.0000000192,25.0000000000,25.0000000000,0.1114527901,0.0101603421,1.0461748973
0.6220000000,1.0471975512,1.0467274395,0.0067998922,0.0265448883,-0.0000000590,25.0000000000,25.0000000000,0.1114525530,0.0101603311,1.0461748973
0.6230000000,1.0471975512,1.0467342393,0.0067998152,0.0265448537,-0.0000000917,25.0000000000,25.0000000000,0.1114524327,0.0101603303,1.0461748973
0.6240000000,1.0471975512,1.0467410391,0.0067997097,0.0265448467,-0.0000001163,25.0000000000,25.0000000000,0.1114524241,0.0101603387,1.0461748973
0.6250000000,1.0471975512,1.0467478387,0.0067995843,0.0265448647,-0.0000001322,25.0000000000,25.0000000000,0.1114525167,0.0101603550,1.0461748973
0.6260000000,1.0471975512,1.0467546382,0.0067994476,0.0265449045,-0.0000001395,25.0000000000,25.0000000000,0.1114526956,0.0101603775,1.0461748973
0.6270000000,1.0471975512,1.0467614376,0.0067993081,0.0265449617,-0.0000001386,25.0000000000,25.0000000000,0.1114529427,0.0101604045,1.0461748973
0.6280000000,1.0471975512,1.0467682369,0.0067991735,0.0265450315,-0.0000001303,25.0000000000,25.0000000000,0.1114532380,0.0101604339,1.0461748973
0.6290000000,1.0471975512,1.0467750360,0.0067990506,0.0265451091,-0.0000001159,25.0000000000,25.0000000000,0.1114535610,0.0101604641,1.0461748973
0.6300000000,1.0471975512,1.0467818350,0.0067989447,0.0265451893,-0.0000000966,25.0000000000,25.0000000000,0.1114538916,0.0101604932,1.0461748973
0.6310000000,1.0471975512,1.0467886338,0.0067988600,0.0265452678,-0.0000000741,25.0000000000,25.0000000000,0.1114542114,0.0101605199,1.0461748973
0.6320000000,1.0471975512,1.0467954327,0.0067987988,0.0265453404,-0.0000000499,25.0000000000,25.0000000000,0.1114545043,0.0101605430,1.0461748973
0.6330000000,1.0471975512,1.0468022315,0.0067987621,0.0265454038,-0.0000000253,25.0000000000,25.0000000000,0.1114547572,0.0101605616,1.0461748973
0.6340000000,1.0471975512,1.0468090302,0.0067987495,0.0265454556,-0.0000000018,25.0000000000,25.0000000000,0.1114549604,0.0101605750,1.0461748973
0.6350000000,1.0471975512,1.0468158290,0.0067987593,0.0265454941,0.0000000195,25.0000000000,25.0000000000,0.1114551081,0.0101605832,1.0461748973
0.6360000000,1.0471975512,1.0468226277,0.0067987887,0.0265455186,0.0000000376,25.0000000000,25.0000000000,0.1114551977,0.0101605862,1.0461748973
0.6370000000,1.0471975512,1.0468294265,0.0067988343,0.0265455290,0.0000000520,25.0000000000,25.0000000000,0.1114552301,0.0101605843,1.0461748973
0.6380000000,1.0471975512,1.0468362254,0.0067988920,0.0265455263,0.0000000621,25.0000000000,25.0000000000,0.1114552093,0.0101605781,1.0461748973
0.6390000000,1.0471975512,1.0468430243,0.0067989576,0.0265455119,0.0000000679,25.0000000000,25.0000000000,0.1114551416,0.0101605684,1.0461748973
0.6400000000,1.0471975512,1.0468498233,0.0067990266,0.0265454877,0.0000000696,25.0000000000,25.0000000000,0.1114550351,0.0101605561,1.0461748973
0.6410000000,1.0471975512,1.0468566224,0.0067990952,0.0265454559,0.0000000673,25.0000000000,25.0000000000,0.1114548995,0.0101605420,1.0461748973
0.6420000000,1.0471975512,1.0468634215,0.0067991597,0.0265454191,0.0000000616,25.0000000000,25.0000000000,0.1114547449,0.0101605271,1.0461748973
0.6430000000,1.0471975512,1.0468702207,0.0067992169,0.0265453796,0.0000000532,25.0000000000,25.0000000000,0.1114545814,0.0101605122,1.0461748973
0.6440000000,1.0471975512,1.0468770200,0.0067992646,0.0265453399,0.0000000428,25.0000000000,25.0000000000,0.1114544187,0.0101604982,1.0461748973
0.6450000000,1.0471975512,1.0468838192,0.0067993012,0.0265453021,0.0000000311,25.0000000000,25.0000000000,0.1114542654,0.0101604858,1.0461748973
0.6460000000,1.0471975512,1.0468906186,0.0067993257,0.0265452680,0.0000000188,25.0000000000,25.0000000000,0.1114541288,0.0101604754,1.0461748973
0.6470000000,1.0471975512,1.0468974179,0.0067993381,0.0265452392,0.0000000068,25.0000000000,25.0000000000,0.1114540146,0.0101604674,1.0461748973
0.6480000000,1.0471975512,1.0469042172,0.0067993388,0.0265452166,-0.0000000044,25.0000000000,25.0000000000,0.1114539268,0.0101604619,1.0461748973
0.6490000000,1.0471975512,1.0469110166,0.0067993291,0.0265452008,-0.0000000143,25.0000000000,25.0000000000,0.1114538673,0.0101604591,1.0461748973
0.6500000000,1.0471975512,1.0469178159,0.0067993103,0.0265451921,-0.0000000224,25.0000000000,25.0000000000,0.1114538367,0.0101604588,1.0461748973
0.6510000000,1.0471975512,1.0469246152,0.0067992845,0.0265451901,-0.0000000285,25.0000000000,25.0000000000,0.1114538337,0.0101604609,1.0461748973
0.6520000000,1.0471975512,1.0469314144,0.0067992537,0.0265451944,-0.0000000325,25.0000000000,25.0000000000,0.1114538558,0.0101604648,1.0461748973
0.6530000000,1.0471975512,1.0469382137,0.0067992200,0.0265452040,-0.0000000344,25.0000000000,25.0000000000,0.1114538993,0.0101604703,1.0461748973
0.6540000000,1.0471975512,1.0469450129,0.0067991856,0.0265452180,-0.0000000342,25.0000000000,25.0000000000,0.1114539597,0.0101604769,1.0477088781
0.6550000000,1.0471975512,1.0469518121,0.0067991523,0.0265452352,-0.0000000322,25.0000000000,25.0000000000,0.1114540323,-0.0074176408,1.0477088781
0.6560000000,1.0471975512,1.0469583713,0.0061500241,-0.0170159503,-0.0011754524,25.0000000000,25.0000000000,-0.0814850154,-0.0074176334,1.0477088781
0.6570000000,1.0471975512,1.0469637799,0.0046833158,-0.0194982125,-0.0016556141,25.0000000000,25.0000000000,-0.0813608197,-0.0073432450,1.0477088781
0.6580000000,1.0471975512,1.0469675312,0.0028936061,-0.0194337772,-0.0018869169,25.0000000000,25.0000000000,-0.0805383310,-0.0071379785,1.0477088781
0.6590000000,1.0471975512,1.0469693972,0.0009443676,-0.0189373937,-0.0019878644,25.0000000000,25.0000000000,-0.0782846913,-0.0068302596,1.0477088781
0.6600000000,1.0471975512,1.0469692843,-0.0010426870,-0.0181542245,-0.0019723360,25.0000000000,25.0000000000,-0.0749081699,-0.0064530338,1.0477088781
0.6610000000,1.0471975512,1.0469672141,-0.0029575999,-0.0171714714,-0.0018529768,25.0000000000,25.0000000000,-0.0707701020,-0.0060367213,1.0477088781
0.6620000000,1.0471975512,1.0469633105,-0.0047052477,-0.0160704689,-0.0016464818,25.0000000000,25.0000000000,-0.0662040829,-0.0056091322,1.0477088781
0.6630000000,1.0471975512,1.0469577835,-0.0062088671,-0.0149263815,-0.0013725009,25.0000000000,25.0000000000,-0.0615150479,-0.0051950719,1.0477088781
0.6640000000,1.0471975512,1.0469509085,-0.0074123048,-0.0138069376,-0.0010523162,25.0000000000,25.0000000000,-0.0569749513,-0.0048157397,1.0477088781
0.6650000000,1.0471975512,1.0469430059,-0.0082809574,-0.0127706963,-0.0007075566,25.0000000000,25.0000000000,-0.0528161758,-0.0044881698,1.0477088781
0.6660000000,1.0471975512,1.0469344194,-0.0088014787,-0.0118654072,-0.0003590185,25.0000000000,25.0000000000,-0.0492254143,-0.0042248446,1.0461748973
0.6670000000,1.0471975512,1.0469254952,-0.0089803886,-0.0111268196,-0.0000256453,25.0000000000,25.0000000000,-0.0463394338,0.0135445904,1.0461748973
0.6680000000,1.0471975512,1.0469168002,-0.0081996381,0.0330224651,0.0014462218,25.0000000000,25.0000000000,0.1486938300,0.0136607469,1.0461748973
0.6690000000,1.0471975512,1.0469095437,-0.0063105276,0.0357786202,0.0022008609,25.0000000000,25.0000000000,0.1498453599,0.0136293578,1.0461748973
0.6700000000,1.0471975512,1.0469044994,-0.0038597222,0.0358427271,0.0026405098,25.0000000000,25.0000000000,0.1494937350,0.0133971871,1.0461748973
0.6710000000,1.0471975512,1.0469020992,-0.0010748008,0.0353108971,0.0028868181,25.0000000000,25.0000000000,0.1469432317,0.0130002601,1.0461748973
0.6720000000,1.0471975512,1.0469025782,0.0018592808,0.0343266658,0.0029531557,25.0000000000,25.0000000000,0.1425865541,0.0124826682,1.0461748973
0.6730000000,1.0471975512,1.0469059926,0.0047699074,0.0330018527,0.0028541539,25.0000000000,25.0000000000,0.1369075240,0.0118876512,1.0461748973
0.6740000000,1.0471975512,1.0469122351,0.0075030065,0.0314499677,0.0026116487,25.0000000000,25.0000000000,0.1303804299,0.0112566095,1.0461748973
0.6750000000,1.0471975512,1.0469210574,0.0099294069,0.0297813525,0.0022529599,25.0000000000,25.0000000000,0.1234592976,0.0106278985,1.0461748973
0.6760000000,1.0471975512,1.0469320971,0.0119492476,0.0280995614,0.0018088754,25.0000000000,25.0000000000,0.1165646956,0.0100354980,1.0461748973
0.6770000000,1.0471975512,1.0469449087,0.0134943767,0.0264975666,0.0013116622,25.0000000000,25.0000000000,0.1100691500,0.0095078411,1.0477088781
0.6780000000,1.0471975512,1.0469589959,0.0145288221,0.0250543356,0.0007932031,25.0000000000,25.0000000000,0.1042843195,-0.0085111711,1.0477088781
0.6790000000,1.0471975512,1.0469736038,0.0144011432,-0.0197454819,-0.0008876835,25.0000000000,25.0000000000,-0.0934867253,-0.0088501534,1.0477088781
0.6800000000,1.0471975512,1.0469873189,0.0129643273,-0.0231808604,-0.0018434692,25.0000000000,25.0000000000,-0.0970776601,-0.0090050137,1.0477088781
0.6810000000,1.0471975512,1.0469991647,0.0107585744,-0.0237811951,-0.0024925418,25.0000000000,25.0000000000,-0.0987665919,-0.0089177968,1.0477088781
0.6820000000,1.0471975512,1.0470085017,0.0080141363,-0.0236551983,-0.0029374644,25.0000000000,25.0000000000,-0.0978047846,-0.0086214277,1.0477088781
0.6830000000,1.0471975512,1.0470148985,0.0049327249,-0.0229548465,-0.0031811743,25.0000000000,25.0000000000,-0.0945501054,-0.0081587537,1.0477088781
0.6840000000,1.0471975512,1.0470181238,0.0017123234,-0.0217906258,-0.0032308726,25.0000000000,25.0000000000,-0.0894726352,-0.0075743130,1.0477088781
0.6850000000,1.0471975512,1.0470181389,-0.0014613819,-0.0202792920,-0.0031031873,25.0000000000,25.0000000000,-0.0830609097,-0.0069130618,1.0477088781
0.6860000000,1.0471975512,1.0470150800,-0.0044236275,-0.0185402682,-0.0028225289,25.0000000000,25.0000000000,-0.0758079726,-0.0062187564,1.0477088781
0.6870000000,1.0471975512,1.0470092339,-0.0070372590,-0.0166911420,-0.0024190169,25.0000000000,25.0000000000,-0.0681936386,-0.0055321553,1.0477088781
0.6880000000,1.0471975512,1.0470010078,-0.0091972822,-0.0148427001,-0.0019263115,25.0000000000,25.0000000000,-0.0606647890,-0.0048893547,1.0477088781
0.6890000000,1.0471975512,1.0469908957,-0.0108332544,-0.0130942308,-0.0013794771,25.0000000000,25.0000000000,-0.0536171254,-0.0043204339,1.0477088781
0.6900000000,1.0471975512,1.0469794435,-0.0119096065,-0.0115296135,-0.0008129837,25.0000000000,25.0000000000,-0.0473803361,-0.0038485050,1.0477088781
0.6910000000,1.0471975512,1.0469672145,-0.0124240845,-0.0102144842,-0.0002589401,25.0000000000,25.0000000000,-0.0422076809,-0.0034891996,1.0477088781
0.6920000000,1.0471975512,1.0469547582,-0.0124045793,-0.0091945945,0.0002543759,25.0000000000,25.0000000000,-0.0382703859,-0.0032505921,1.0477088781
0.6930000000,1.0471975512,1.0469425820,-0.0119046707,-0.0084953702,0.0007036399,25.0000000000,25.0000000000,-0.0356568037,-0.0031335235,1.0477088781
0.6940000000,1.0471975512,1.0469311285,-0.0109982467,-0.0081225836,0.0010712309,25.0000000000,25.0000000000,-0.0343759813,-0.0031322745,1.0461748973
0.6950000000,1.0471975512,1.0469207583,-0.0097735746,-0.0080640009,0.0013456060,25.0000000000,25.0000000000,-0.0343650465,0.0143426065,1.0461748973
0.6960000000,1.0471975512,1.0469119757,-0.0076847959,0.0353068507,0.0026925121,25.0000000000,25.0000000000,0.1574375897,0.0141506474,1.0461748973
0.6970000000,1.0471975512,1.0469058620,-0.0046421600,0.0372362436,0.0032674981,25.0000000000,25.0000000000,0.1552103740,0.0138153114,1.0461748973
0.6980000000,1.0471975512,1.0469030095,-0.0012407350,0.0364867062,0.0034864566,25.0000000000,25.0000000000,0.1515256217,0.0132989831,1.0461748973
0.6990000000,1.0471975512,1.0469036292,0.0022603138,0.0351879672,0.0034883391,25.0000000000,25.0000000000,0.1458593138,0.0126510443,1.0461748973
0.7000000000,1.0471975512,1.0469077121,0.0056607574,0.0335178070,0.0033021791,25.0000000000,25.0000000000,0.1387507014,0.0119258843,1.0461748973
0.7010000000,1.0471975512,1.0469150634,0.0087877309,0.0316169256,0.0029570251,25.0000000000,25.0000000000,0.1307964691,0.0111736421,1.0461748973
0.7020000000,1.0471975512,1.0469253317,0.0115003892,0.0296192563,0.0024873019,25.0000000000,25.0000000000,0.1225464647,0.0104391963,1.0461748973
0.7030000000,1.0471975512,1.0469380442,0.0136941669,0.0276465737,0.0019306087,25.0000000000,25.0000000000,0.1144927499,0.0097611256,1.0461748973
0.7040000000,1.0471975512,1.0469526434,0.0153027055,0.0258050661,0.0013254037,25.0000000000,25.0000000000,0.1070582410,0.0091707019,1.0477088781
0.7050000000,1.0471975512,1.0469685260,0.0162975620,0.0241822343,0.0007088839,25.0000000000,25.0000000000,0.1005856790,-0.0088869599,1.0477088781
0.7060000000,1.0471975512,1.0469848406,0.0160402385,-0.0207374000,-0.0010549421,25.0000000000,25.0000000000,-0.0976083854,-0.0092407305,1.0477088781
0.7070000000,1.0471975512,1.0470000917,0.0143989278,-0.0242214905,-0.0020778963,25.0000000000,25.0000000000,-0.1013610342,-0.0093881287,1.0477088781
0.7080000000,1.0471975512,1.0470132372,0.0119318893,-0.0248115903,-0.0027746357,25.0000000000,25.0000000000,-0.1029676490,-0.0092737474,1.0477088781
0.7090000000,1.0471975512,1.0470235913,0.0088891392,-0.0246223200,-0.0032473651,25.0000000000,25.0000000000,-0.1017074805,-0.0089338550,1.0477088781
0.7100000000,1.0471975512,1.0470306960,0.0054920293,-0.0238134184,-0.0034995476,25.0000000000,25.0000000000,-0.0979751197,-0.0084152353,1.0477088781
0.7110000000,1.0471975512,1.0470343128,0.0019571486,-0.0225054259,-0.0035398584,25.0000000000,25.0000000000,-0.0922838408,-0.0077666454,1.0477088781
0.7120000000,1.0471975512,1.0470344130,-0.0015131325,-0.0208261667,-0.0033872109,25.0000000000,25.0000000000,-0.0851684552,-0.0070372829,1.0477088781
0.7130000000,1.0471975512,1.0470311586,-0.0047399885,-0.0189063788,-0.0030689024,25.0000000000,25.0000000000,-0.0771685211,-0.0062749367,1.0477088781
0.7140000000,1.0471975512,1.0470248744,-0.0075753097,-0.0168745718,-0.0026183232,25.0000000000,25.0000000000,-0.0688080691,-0.0055239932,1.0477088781
0.7150000000,1.0471975512,1.0470160149,-0.0099065236,-0.0148515021,-0.0020725763,25.0000000000,25.0000000000,-0.0605737494,-0.0048236175,1.0477088781
0.7160000000,1.0471975512,1.0470051270,-0.0116590497,-0.0129450220,-0.0014701409,25.0000000000,25.0000000000,-0.0528949037,-0.0042062923,1.0477088781
0.7170000000,1.0471975512,1.0469928119,-0.0127964981,-0.0112458395,-0.0008486987,25.0000000000,25.0000000000,-0.0461275525,-0.0036968050,1.0477088781
0.7180000000,1.0471975512,1.0469796876,-0.0133188255,-0.0098244852,-0.0002432167,25.0000000000,25.0000000000,-0.0405433109,-0.0033117193,1.0477088781
0.7190000000,1.0471975512,1.0469663543,-0.0132587479,-0.0087296008,0.0003156370,25.0000000000,25.0000000000,-0.0363236044,-0.0030593222,1.0477088781
0.7200000000,1.0471975512,1.0469533644,-0.0126767703,-0.0079875430,0.0008026967,25.0000000000,25.0000000000,-0.0335590990,-0.0029400080,1.0477088781
0.7210000000,1.0471975512,1.0469411977,-0.0116552320,-0.0076032037,0.0011990926,25.0000000000,25.0000000000,-0.0322539286,-0.0029470406,1.0461748973
0.7220000000,1.0471975512,1.0469302427,-0.0102917783,-0.0075618846,0.0014926332,25.0000000000,25.0000000000,-0.0323340568,0.0145105084,1.0461748973
0.7230000000,1.0471975512,1.0469210222,-0.0080501719,0.0357659438,0.0028493883,25.0000000000,25.0000000000,0.1592783459,0.0142939801,1.0461748973
0.7240000000,1.0471975512,1.0469146270,-0.0048496518,0.0376304978,0.0034250182,25.0000000000,25.0000000000,0.1567816544,0.0139288468,1.0461748973
0.7250000000,1.0471975512,1.0469116493,-0.0012945819,0.0368036313,0.0036357290,25.0000000000,25.0000000000,0.1527700179,0.0133795276,1.0461748973
0.7260000000,1.0471975512,1.0469122917,0.0023478754,0.0354186814,0.0036221121,25.0000000000,25.0000000000,0.1467418219,0.0126974869,1.0461748973
0.7270000000,1.0471975512,1.0469165291,0.0058710888,0.0336582638,0.0034147980,25.0000000000,25.0000000000,0.1392591919,0.0119390718,1.0461748973
0.7280000000,1.0471975512,1.0469241456,0.0090974481,0.0316682703,0.0030445446,25.0000000000,25.0000000000,0.1309402831,0.0111561337,1.0461748973
0.7290000000,1.0471975512,1.0469347647,0.0118830981,0.0295873367,0.0025475211,25.0000000000,25.0000000000,0.1223537168,0.0103949511,1.0461748973
0.7300000000,1.0471975512,1.0469478863,0.0141221805,0.0275411747,0.0019630093,25.0000000000,25.0000000000,0.1140068981,0.0096951478,1.0477088781
0.7310000000,1.0471975512,1.0469629253,0.0157486543,0.0256389951,0.0013310058,25.0000000000,25.0000000000,0.1063341908,-0.0084894588,1.0477088781
0.7320000000,1.0471975512,1.0469790129,0.0160896193,-0.0196078389,-0.0004807049,25.0000000000,25.0000000000,-0.0932526006,-0.0089790797,1.0477088781
0.7330000000,1.0471975512,1.0469946047,0.0149851204,-0.0234542362,-0.0015765141,25.0000000000,25.0000000000,-0.0984950733,-0.0092629619,1.0477088781
0.7340000000,1.0471975512,1.0470085848,0.0129708694,-0.0244104295,-0.0023660565,25.0000000000,25.0000000000,-0.1015983560,-0.0092783368,1.0477088781
0.7350000000,1.0471975512,1.0470201740,0.0102808084,-0.0245721754,-0.0029443216,25.0000000000,25.0000000000,-0.1017609294,-0.0090552080,1.0477088781
0.7360000000,1.0471975512,1.0470288091,0.0071273026,-0.0240825942,-0.0033078142,25.0000000000,25.0000000000,-0.0993086795,-0.0086353854,1.0477088781
0.7370000000,1.0471975512,1.0470341406,0.0037247088,-0.0230483899,-0.0034586644,25.0000000000,25.0000000000,-0.0947003583,-0.0080641089,1.0477088781
0.7380000000,1.0471975512,1.0470360303,0.0002793511,-0.0215872219,-0.0034099467,25.0000000000,25.0000000000,-0.0884322478,-0.0073885621,1.0477088781
0.7390000000,1.0471975512,1.0470345371,-0.0030206462,-0.0198235936,-0.0031840670,25.0000000000,25.0000000000,-0.0810218601,-0.0066559799,1.0477088781
0.7400000000,1.0471975512,1.0470298949,-0.0060135693,-0.0178836932,-0.0028106336,25.0000000000,25.0000000000,-0.0729871917,-0.0059115369,1.0477088781
0.7410000000,1.0471975512,1.0470224823,-0.0085700945,-0.0158896330,-0.0023241603,25.0000000000,25.0000000000,-0.0648235776,-0.0051963517,1.0477088781
0.7420000000,1.0471975512,1.0470127884,-0.0105969494,-0.0139538737,-0.0017617449,25.0000000000,25.0000000000,-0.0569818097,-0.0045458028,1.0477088781
0.7430000000,1.0471975512,1.0470013756,-0.0120382958,-0.0121744165,-0.0011608458,25.0000000000,25.0000000000,-0.0498496907,-0.0039882680,1.0477088781
0.7440000000,1.0471975512,1.0469888426,-0.0128749920,-0.0106311058,-0.0005572612,25.0000000000,25.0000000000,-0.0437382192,-0.0035443344,1.0477088781
0.7450000000,1.0471975512,1.0469757887,-0.0131219837,-0.0093832109,0.0000166029,25.0000000000,25.0000000000,-0.0388729514,-0.0032264893,1.0477088781
0.7460000000,1.0471975512,1.0469627822,-0.0128241450,-0.0084683259,0.0005331171,25.0000000000,25.0000000000,-0.0353906149,-0.0030392636,1.0477088781
0.7470000000,1.0471975512,1.0469503326,-0.0120509430,-0.0079025255,0.0009704233,25.0000000000,25.0000000000,-0.0333406995,-0.0029797805,1.0477088781
0.7480000000,1.0471975512,1.0469388701,-0.0108903214,-0.0076816483,0.0013130275,25.0000000000,25.0000000000,-0.0326914814,-0.0030386414,1.0461748973
0.7490000000,1.0471975512,1.0469287295,-0.0094422051,-0.0077835272,0.0015519969,25.0000000000,25.0000000000,-0.0333397433,0.0143770557,1.0461748973
0.7500000000,1.0471975512,1.0469203794,-0.0071696181,0.0354278312,0.0028559465,25.0000000000,25.0000000000,0.1578139267,0.0141298998,1.0461748973
0.7510000000,1.0471975512,1.0469148583,-0.0039889112,0.0372079461,0.0033831697,25.0000000000,25.0000000000,0.1549814910,0.0137459026,1.0461748973
0.7520000000,1.0471975512,1.0469127106,-0.0004981948,0.0363256502,0.0035528613,25.0000000000,25.0000000000,0.1507632369,0.0131894219,1.0461748973
0.7530000000,1.0471975512,1.0469140984,0.0030434202,0.0349155779,0.0035068178,25.0000000000,25.0000000000,0.1446568039,0.0125111749,1.0461748973
0.7540000000,1.0471975512,1.0469189652,0.0064383779,0.0331594700,0.0032765120,25.0000000000,25.0000000000,0.1372160674,0.0117662122,1.0461748973
0.7550000000,1.0471975512,1.0469270724,0.0095186929,0.0312002327,0.0028929839,25.0000000000,25.0000000000,0.1290449434,0.0110046973,1.0461748973
0.7560000000,1.0471975512,1.0469380311,0.0121501182,0.0291722857,0.0023921346,25.0000000000,25.0000000000,0.1206935260,0.0102709618,1.0461748973
0.7570000000,1.0471975512,1.0469513378,0.0142358749,0.0271963141,0.0018125010,25.0000000000,25.0000000000,0.1126478603,0.0096025549,1.0477088781
0.7580000000,1.0471975512,1.0469664128,0.0157180429,0.0253760514,0.0011929484,25.0000000000,25.0000000000,0.1053195570,-0.0085487836,1.0477088781
0.7590000000,1.0471975512,1.0469824001,0.0159306119,-0.0197832396,-0.0006000836,25.0000000000,25.0000000000,-0.0939023364,-0.0090052344,1.0477088781
0.7600000000,1.0471975512,1.0469977739,0.0147188464,-0.0235403489,-0.0016727936,25.0000000000,25.0000000000,-0.0987810839,-0.0092578183,1.0477088781
0.7610000000,1.0471975512,1.0470114417,0.0126221085,-0.0244117119,-0.0024363221,25.0000000000,25.0000000000,-0.1015411979,-0.0092452522,1.0477088781
0.7620000000,1.0471975512,1.0470226503,0.0098763253,-0.0244969574,-0.0029873787,25.0000000000,25.0000000000,-0.1013974518,-0.0089987007,1.0477088781
0.7630000000,1.0471975512,1.0470308634,0.0066941993,-0.0239423838,-0.0033240503,25.0000000000,25.0000000000,-0.0986884585,-0.0085607814,1.0477088781
0.7640000000,1.0471975512,1.0470357584,0.0032889359,-0.0228570207,-0.0034498672,25.0000000000,25.0000000000,-0.0938818221,-0.0079771769,1.0477088781
0.7650000000,1.0471975512,1.0470372215,-0.0001355681,-0.0213599066,-0.0033790654,25.0000000000,25.0000000000,-0.0874786685,-0.0072951603,1.0477088781
0.7660000000,1.0471975512,1.0470353337,-0.0033946313,-0.0195759843,-0.0031349365,25.0000000000,25.0000000000,-0.0799974796,-0.0065617327,1.0477088781
0.7670000000,1.0471975512,1.0470303465,-0.0063307110,-0.0176310026,-0.0027476798,25.0000000000,25.0000000000,-0.0719536825,-0.0058215577,1.0477088781
0.7680000000,1.0471975512,1.0470226523,-0.0088190878,-0.0156458600,-0.0022521051,25.0000000000,25.0000000000,-0.0638369980,-0.0051150203,1.0477088781
0.7690000000,1.0471975512,1.0470127487,-0.0107712374,-0.0137311684,-0.0016853261,25.0000000000,25.0000000000,-0.0560901672,-0.0044766046,1.0477088781
0.7700000000,1.0471975512,1.0470012024,-0.0121359484,-0.0119826076,-0.0010845640,25.0000000000,25.0000000000,-0.0490911812,-0.0039336969,1.0477088781
0.7710000000,1.0471975512,1.0469886115,-0.0128983510,-0.0104774010,-0.0004851652,25.0000000000,25.0000000000,-0.0431401660,-0.0035058587,1.0477088781
0.7720000000,1.0471975512,1.0469755712,-0.0130771161,-0.0092720702,0.0000810865,25.0000000000,25.0000000000,-0.0384514282,-0.0032045747,1.0477088781
0.7730000000,1.0471975512,1.0469626418,-0.0127201533,-0.0084014944,0.0005873041,25.0000000000,25.0000000000,-0.0351507045,-0.0030334477,1.0477088781
0.7740000000,1.0471975512,1.0469503226,-0.0118991822,-0.0078792095,0.0010124415,25.0000000000,25.0000000000,-0.0332773094,-0.0029887892,1.0477088781
0.7750000000,1.0471975512,1.0469390315,-0.0107035731,-0.0076988094,0.0013418361,25.0000000000,25.0000000000,-0.0327906193,-0.0030605362,1.0461748973
0.7760000000,1.0471975512,1.0469290903,-0.0092338575,-0.0078362661,0.0015673601,25.0000000000,25.0000000000,-0.0335801390,0.0143447085,1.0461748973
0.7770000000,1.0471975512,1.0469209541,-0.0069529176,0.0353460203,0.0028582642,25.0000000000,25.0000000000,0.1574589634,0.0140898514,1.0461748973
0.7780000000,1.0471975512,1.0469156484,-0.0037764249,0.0371049040,0.0033734921,25.0000000000,25.0000000000,0.1545421052,0.0137010464,1.0461748973
0.7790000000,1.0471975512,1.0469137059,-0.0003009816,0.0362085214,0.0035329795,25.0000000000,25.0000000000,0.1502711885,0.0131426446,1.0461748973
0.7800000000,1.0471975512,1.0469152786,0.0032162611,0.0347918410,0.0034788291,25.0000000000,25.0000000000,0.1441437629,0.0124651872,1.0461748973
0.7810000000,1.0471975512,1.0469203021,0.0065799679,0.0330364053,0.0032427295,25.0000000000,25.0000000000,0.1367117581,0.0117234123,1.0461748973
0.7820000000,1.0471975512,1.0469285322,0.0096245180,0.0310844023,0.0028557984,25.0000000000,25.0000000000,0.1285756559,0.0109670723,1.0461748973
0.7830000000,1.0471975512,1.0469395767,0.0122180325,0.0290692266,0.0023538786,25.0000000000,25.0000000000,0.1202810417,0.0102400226,1.0461748973
0.7840000000,1.0471975512,1.0469529311,0.0142659774,0.0271103339,0.0017753300,25.0000000000,25.0000000000,0.1123087347,0.0095793029,1.0477088781
0.7850000000,1.0471975512,1.0469680170,0.0157124473,0.0253101131,0.0011587444,25.0000000000,25.0000000000,0.1050647569,-0.0085638591,1.0477088781
0.7860000000,1.0471975512,1.0469839814,0.0158931488,-0.0198276799,-0.0006297652,25.0000000000,25.0000000000,-0.0940674523,-0.0090121309,1.0477088781
0.7870000000,1.0471975512,1.0469993031,0.0146546529,-0.0235627825,-0.0016968427,25.0000000000,25.0000000000,-0.0988565138,-0.0092569736,1.0477088781
0.7880000000,1.0471975512,1.0470128951,0.0125372437,-0.0244131746,-0.0024539969,25.0000000000,25.0000000000,-0.1015317488,-0.0092374738,1.0477088781
0.7890000000,1.0471975512,1.0470240108,0.0097773610,-0.0244794479,-0.0029983621,25.0000000000,25.0000000000,-0.1013119873,-0.0089850867,1.0477088781
0.7900000000,1.0471975512,1.0470321205,0.0065878120,-0.0239086948,-0.0033284166,25.0000000000,25.0000000000,-0.0985390279,-0.0085426339,1.0477088781
0.7910000000,1.0471975512,1.0470369080,0.0031815384,-0.0228105311,-0.0034480381,25.0000000000,25.0000000000,-0.0936827097,-0.0079559121,1.0477088781
0.7920000000,1.0471975512,1.0470382659,-0.0002381440,-0.0213043482,-0.0033717523,25.0000000000,25.0000000000,-0.0872454068,-0.0072722210,1.0477088781
0.7930000000,1.0471975512,1.0470362803,-0.0034873886,-0.0195152105,-0.0031230726,25.0000000000,25.0000000000,-0.0797458925,-0.0065385087,1.0477088781
0.7940000000,1.0471975512,1.0470312075,-0.0064096712,-0.0175687702,-0.0027323479,25.0000000000,25.0000000000,-0.0716990082,-0.0057993166,1.0477088781
0.7950000000,1.0471975512,1.0470234429,-0.0088814012,-0.0155856367,-0.0022344652,25.0000000000,25.0000000000,-0.0635931319,-0.0050948516,1.0477088781
0.7960000000,1.0471975512,1.0470134866,-0.0108152230,-0.0136759746,-0.0016665459,25.0000000000,25.0000000000,-0.0558690536,-0.0044593797,1.0477088781
0.7970000000,1.0471975512,1.0470019063,-0.0121610674,-0.0119348978,-0.0010657563,25.0000000000,25.0000000000,-0.0489023694,-0.0039200441,1.0477088781
0.7980000000,1.0471975512,1.0469893002,-0.0129051224,-0.0104389877,-0.0004673343,25.0000000000,25.0000000000,-0.0429905398,-0.0034961539,1.0477088781
0.7990000000,1.0471975512,1.0469762622,-0.0130669847,-0.0092440899,0.0000970875,25.0000000000,25.0000000000,-0.0383451033,-0.0031989463,1.0477088781
0.8000000000,1.0471975512,1.0469633510,-0.0126953220,-0.0083844142,0.0006008033,25.0000000000,25.0000000000,-0.0350890836,-0.0030317945,1.0477088781
0.8010000000,1.0471975512,1.0469510632,-0.0118624195,-0.0078728682,0.0010229662,25.0000000000,25.0000000000,-0.0332592757,-0.0029908080,1.0477088781
0.8020000000,1.0471975512,1.0469398138,-0.0106580106,-0.0077024884,0.0013491184,25.0000000000,25.0000000000,-0.0328128446,-0.0030657584,1.0461748973
0.8030000000,1.0471975512,1.0469299214,-0.0091827877,-0.0078487829,0.0015713308,25.0000000000,25.0000000000,-0.0336374788,0.0143368764,1.0461748973
0.8040000000,1.0471975512,1.0469218377,-0.0068996081,0.0353262495,0.0028590123,25.0000000000,25.0000000000,0.1573730152,0.0140800831,1.0461748973
0.8050000000,1.0471975512,1.0469165851,-0.0037239850,0.0370797981,0.0033712680,25.0000000000,25.0000000000,0.1544349329,0.0136900534,1.0461748973
0.8060000000,1.0471975512,1.0469146933,-0.0002521572,0.0361798380,0.0035282169,25.0000000000,25.0000000000,0.1501506011,0.0131311390,1.0461748973
0.8070000000,1.0471975512,1.0469163120,0.0032592011,0.0347614242,0.0034720399,25.0000000000,25.0000000000,0.1440175713,0.0124538396,1.0461748973
0.8080000000,1.0471975512,1.0469213745,0.0066152981,0.0330060553,0.0032344808,25.0000000000,25.0000000000,0.1365873164,0.0117128178,1.0461748973
0.8090000000,1.0471975512,1.0469296353,0.0096510934,0.0310557469,0.0028466784,25.0000000000,25.0000000000,0.1284594907,0.0109577266,1.0461748973
0.8100000000,1.0471975512,1.0469407014,0.0122352918,0.0290436447,0.0023444628,25.0000000000,25.0000000000,0.1201785830,0.0102323045,1.0461748973
0.8110000000,1.0471975512,1.0469540681,0.0142739145,0.0270889042,0.0017661523,25.0000000000,25.0000000000,0.1122241343,0.0095734661,1.0477088781
0.8120000000,1.0471975512,1.0469691572,0.0157115558,0.0252935840,0.0011502723,25.0000000000,25.0000000000,0.1050007941,-0.0085676871,1.0477088781
0.8130000000,1.0471975512,1.0469851164,0.0158843498,-0.0198389321,-0.0006371432,25.0000000000,25.0000000000,-0.0941093800,-0.0090139427,1.0477088781
0.8140000000,1.0471975512,1.0470004256,0.0146391944,-0.0235686124,-0.0017028481,25.0000000000,25.0000000000,-0.0988763336,-0.0092568713,1.0477088781
0.8150000000,1.0471975512,1.0470139993,0.0125166069,-0.0244138217,-0.0024584410,25.0000000000,25.0000000000,-0.1015305799,-0.0092356512,1.0477088781
0.8160000000,1.0471975512,1.0470250924,0.0097531586,-0.0244753910,-0.0030011611,25.0000000000,25.0000000000,-0.1012919593,-0.0089818106,1.0477088781
0.8170000000,1.0471975512,1.0470331767,0.0065616884,-0.0239006114,-0.0033295835,25.0000000000,25.0000000000,-0.0985030673,-0.0085382225,1.0477088781
0.8180000000,1.0471975512,1.0470379378,0.0031550781,-0.0227992458,-0.0034476721,25.0000000000,25.0000000000,-0.0936343070,-0.0079507128,1.0477088781
0.8190000000,1.0471975512,1.0470392696,-0.0002634956,-0.0212907763,-0.0033700247,25.0000000000,25.0000000000,-0.0871883737,-0.0072665892,1.0477088781
0.8200000000,1.0471975512,1.0470372599,-0.0035103884,-0.0195003002,-0.0031202105,25.0000000000,25.0000000000,-0.0796841255,-0.0065327877,1.0477088781
0.8210000000,1.0471975512,1.0470321657,-0.0064293246,-0.0175534489,-0.0027286161,25.0000000000,25.0000000000,-0.0716362715,-0.0057938205,1.0477088781
0.8220000000,1.0471975512,1.0470243836,-0.0088969902,-0.0155707632,-0.0022301486,25.0000000000,25.0000000000,-0.0635328693,-0.0050898514,1.0477088781
0.8230000000,1.0471975512,1.0470144142,-0.0108263172,-0.0136622997,-0.0016619322,25.0000000000,25.0000000000,-0.0558142357,-0.0044550932,1.0477088781
0.8240000000,1.0471975512,1.0470028252,-0.0121675183,-0.0119230341,-0.0010611206,25.0000000000,25.0000000000,-0.0488553832,-0.0039166295,1.0477088781
0.8250000000,1.0471975512,1.0469902151,-0.0129070434,-0.0104293909,-0.0004629255,25.0000000000,25.0000000000,-0.0429531184,-0.0034937074,1.0477088781
0.8260000000,1.0471975512,1.0469771774,-0.0130647194,-0.0092370494,0.0001010569,25.0000000000,25.0000000000,-0.0383182994,-0.0031975030,1.0477088781
0.8270000000,1.0471975512,1.0469642704,-0.0126894028,-0.0083800542,0.0006041652,25.0000000000,25.0000000000,-0.0350732801,-0.0030313324,1.0477088781
0.8280000000,1.0471975512,1.0469519903,-0.0118535211,-0.0078711576,0.0010256014,25.0000000000,25.0000000000,-0.0332542319,-0.0029912553,1.0477088781
0.8290000000,1.0471975512,1.0469407510,-0.0106469001,-0.0077032577,0.0013509580,25.0000000000,25.0000000000,-0.0328177705,-0.0030670017,1.0461748973
0.8300000000,1.0471975512,1.0469308705,-0.0091702744,-0.0078517470,0.0015723551,25.0000000000,25.0000000000,-0.0336511311,0.0143349815,1.0461748973
0.8310000000,1.0471975512,1.0469227997,-0.0068864980,0.0353214760,0.0028592407,25.0000000000,25.0000000000,0.1573522214,0.0140777018,1.0461748973
0.8320000000,1.0471975512,1.0469175602,-0.0037110471,0.0370736848,0.0033707600,25.0000000000,25.0000000000,0.1544088059,0.0136873604,1.0461748973
0.8330000000,1.0471975512,1.0469156810,-0.0002400730,0.0361728170,0.0035270777,25.0000000000,25.0000000000,0.1501210601,0.0131283099,1.0461748973
0.8340000000,1.0471975512,1.0469173109,0.0032698659,0.0347539500,0.0034703942,25.0000000000,25.0000000000,0.1439865423,0.0124510403,1.0461748973
0.8350000000,1.0471975512,1.0469223831,0.0066241107,0.0329985728,0.0032324676,25.0000000000,25.0000000000,0.1365566186,0.0117101961,1.0461748973
0.8360000000,1.0471975512,1.0469306517,0.0096577638,0.0310486600,0.0028444424,25.0000000000,25.0000000000,0.1284307438,0.0109554059,1.0461748973
0.8370000000,1.0471975512,1.0469417233,0.0122396738,0.0290372966,0.0023421461,25.0000000000,25.0000000000,0.1201531404,0.0102303797,1.0461748973
0.8380000000,1.0471975512,1.0469550931,0.0142759988,0.0270835648,0.0017638869,25.0000000000,25.0000000000,0.1122030367,0.0095720016,1.0477088781
0.8390000000,1.0471975512,1.0469701831,0.0157114572,0.0252894425,0.0011481744,25.0000000000,25.0000000000,0.1049847452,-0.0085686582,1.0477088781
0.8400000000,1.0471975512,1.0469861411,0.0158822896,-0.0198417788,-0.0006389766,25.0000000000,25.0000000000,-0.0941200168,-0.0090144170,1.0477088781
0.8410000000,1.0471975512,1.0470014474,0.0146354758,-0.0235701235,-0.0017043471,25.0000000000,25.0000000000,-0.0988815222,-0.0092568723,1.0477088781
0.8420000000,1.0471975512,1.0470150167,0.0125115915,-0.0244140523,-0.0024595578,25.0000000000,25.0000000000,-0.1015305800,-0.0092352256,1.0477088781
0.8430000000,1.0471975512,1.0470261042,0.0097472422,-0.0244744557,-0.0030018736,25.0000000000,25.0000000000,-0.1012872818,-0.0089810231,1.0477088781
0.8440000000,1.0471975512,1.0470341823,0.0065552760,-0.0238986742,-0.0033298935,25.0000000000,25.0000000000,-0.0984944226,-0.0085371507,1.0477088781
0.8450000000,1.0471975512,1.0470389369,0.0031485608,-0.0227965082,-0.0034476029,25.0000000000,25.0000000000,-0.0936225477,-0.0079494422,1.0477088781
0.8460000000,1.0471975512,1.0470402623,-0.0002697595,-0.0212874625,-0.0033696176,25.0000000000,25.0000000000,-0.0871744348,-0.0072652071,1.0477088781
0.8470000000,1.0471975512,1.0470382466,-0.0035160898,-0.0194966434,-0.0031195206,25.0000000000,25.0000000000,-0.0796689664,-0.0065313789,1.0477088781
0.8480000000,1.0471975512,1.0470331472,-0.0064342148,-0.0175496781,-0.0027277083,25.0000000000,25.0000000000,-0.0716208217,-0.0057924627,1.0477088781
0.8490000000,1.0471975512,1.0470253607,-0.0089008885,-0.0155670910,-0.0022290928,25.0000000000,25.0000000000,-0.0635179818,-0.0050886122,1.0477088781
0.8500000000,1.0471975512,1.0470153879,-0.0108291136,-0.0136589125,-0.0016607992,25.0000000000,25.0000000000,-0.0558006494,-0.0044540269,1.0477088781
0.8510000000,1.0471975512,1.0470037968,-0.0121691723,-0.0119200850,-0.0010599783,25.0000000000,25.0000000000,-0.0488436943,-0.0039157759,1.0477088781
0.8520000000,1.0471975512,1.0469911855,-0.0129075793,-0.0104269942,-0.0004618357,25.0000000000,25.0000000000,-0.0429437632,-0.0034930910,1.0477088781
0.8530000000,1.0471975512,1.0469781479,-0.0130642187,-0.0092352788,0.0001020413,25.0000000000,25.0000000000,-0.0383115466,-0.0031971334,1.0477088781
0.8540000000,1.0471975512,1.0469652419,-0.0126879942,-0.0083789426,0.0006050022,25.0000000000,25.0000000000,-0.0350692334,-0.0030312050,1.0477088781
0.8550000000,1.0471975512,1.0469529636,-0.0118513690,-0.0078706995,0.0010262609,25.0000000000,25.0000000000,-0.0332528405,-0.0029913530,1.0477088781
0.8560000000,1.0471975512,1.0469417268,-0.0106441921,-0.0077034132,0.0013514224,25.0000000000,25.0000000000,-0.0328188472,-0.0030672971,1.0461748973
0.8570000000,1.0471975512,1.0469318492,-0.0091672095,-0.0078524473,0.0015726188,25.0000000000,25.0000000000,-0.0336543758,0.0143345235,1.0461748973
0.8580000000,1.0471975512,1.0469237816,-0.0068832749,0.0353203245,0.0028593079,25.0000000000,25.0000000000,0.1573471946,0.0140771216,1.0461748973
0.8590000000,1.0471975512,1.0469185453,-0.0037078560,0.0370721971,0.0033706448,25.0000000000,25.0000000000,0.1544024397,0.0136867010,1.0461748973
0.8600000000,1.0471975512,1.0469166691,-0.0002370830,0.0361710991,0.0035268056,25.0000000000,25.0000000000,0.1501138260,0.0131276145,1.0461748973
0.8610000000,1.0471975512,1.0469183019,0.0032725138,0.0347521140,0.0034699956,25.0000000000,25.0000000000,0.1439789152,0.0124503500,1.0461748973
0.8620000000,1.0471975512,1.0469233766,0.0066263081,0.0329967287,0.0032319765,25.0000000000,25.0000000000,0.1365490481,0.0117095475,1.0461748973
0.8630000000,1.0471975512,1.0469316470,0.0096594373,0.0310469078,0.0028438944,25.0000000000,25.0000000000,0.1284236320,0.0109548298,1.0461748973
0.8640000000,1.0471975512,1.0469427200,0.0122407852,0.0290357218,0.0023415762,25.0000000000,25.0000000000,0.1201468244,0.0102298999,1.0477088781
0.8650000000,1.0471975512,1.0469560907,0.0142765441,0.0270822350,0.0017633279,25.0000000000,25.0000000000,0.1121977773,-0.0080064907,1.0477088781
0.8660000000,1.0471975512,1.0469709418,0.0150644713,-0.0182843835,-0.0000242000,25.0000000000,25.0000000000,-0.0879578277,-0.0085689043,1.0477088781
0.8670000000,1.0471975512,1.0469857517,0.0144177034,-0.0223186813,-0.0011210337,25.0000000000,25.0000000000,-0.0939989036,-0.0089404009,1.0477088781
0.8680000000,1.0471975512,1.0469994021,0.0128467169,-0.0235036807,-0.0019362406,25.0000000000,25.0000000000,-0.0980632660,-0.0090520351,1.0477088781
0.8690000000,1.0471975512,1.0470110869,0.0105629708,-0.0239193464,-0.0025606976,25.0000000000,25.0000000000,-0.0992816219,-0.0089278304,1.0477088781
0.8700000000,1.0471975512,1.0470201960,0.0077607162,-0.0236935804,-0.0029863506,25.0000000000,25.0000000000,-0.0979142379,-0.0086040300,1.0477088781
0.8710000000,1.0471975512,1.0470263173,0.0046409622,-0.0229181907,-0.0032104044,25.0000000000,25.0000000000,-0.0943588231,-0.0081210151,1.0477088781
0.8720000000,1.0471975512,1.0470292393,0.0014016823,-0.0216975465,-0.0032409108,25.0000000000,25.0000000000,-0.0890583898,-0.0075220101,1.0477088781
0.8730000000,1.0471975512,1.0470289421,-0.0017724091,-0.0201450942,-0.0030954400,25.0000000000,25.0000000000,-0.0824870576,-0.0068513135,1.0477088781
0.8740000000,1.0471975512,1.0470255795,-0.0047183862,-0.0183785895,-0.0027991907,25.0000000000,25.0000000000,-0.0751306506,-0.0061522411,1.0477088781
0.8750000000,1.0471975512,1.0470194537,-0.0073016234,-0.0165145510,-0.0023828845,25.0000000000,25.0000000000,-0.0674641491,-0.0054651208,1.0477088781
0.8760000000,1.0471975512,1.0470109845,-0.0094201496,-0.0146627210,-0.0018805796,25.0000000000,25.0000000000,-0.0599297053,-0.0048255435,1.0477088781
0.8770000000,1.0471975512,1.0470006752,-0.0110068328,-0.0129211273,-0.0013275319,25.0000000000,25.0000000000,-0.0529174766,-0.0042629896,1.0477088781
0.8780000000,1.0471975512,1.0469890777,-0.0120294995,-0.0113721150,-0.0007582058,25.0000000000,25.0000000000,-0.0467505791,-0.0037998922,1.0477088781
0.8790000000,1.0471975512,1.0469767579,-0.0124891889,-0.0100795457,-0.0002045263,25.0000000000,25.0000000000,-0.0416748260,-0.0034511545,1.0477088781
0.8800000000,1.0471975512,1.0469642649,-0.0124168187,-0.0090872397,0.0003055638,25.0000000000,25.0000000000,-0.0378534529,-0.0032241091,1.0477088781
0.8810000000,1.0471975512,1.0469521026,-0.0118685943,-0.0084186331,0.0007491936,25.0000000000,25.0000000000,-0.0353666795,-0.0031188794,1.0477088781
0.8820000000,1.0471975512,1.0469407080,-0.0109205291,-0.0080775542,0.0011092787,25.0000000000,25.0000000000,-0.0342156841,-0.0031290865,1.0461748973
0.8830000000,1.0471975512,1.0469304340,-0.0096624514,-0.0080499641,0.0013748597,25.0000000000,25.0000000000,-0.0343303619,0.0143352947,1.0461748973
0.8840000000,1.0471975512,1.0469217761,-0.0075494811,0.0352922765,0.0027122375,25.0000000000,25.0000000000,0.1573571574,0.0141342577,1.0461748973
0.8850000000,1.0471975512,1.0469158063,-0.0044923373,0.0371969808,0.0032775047,25.0000000000,25.0000000000,0.1550304117,0.0137916107,1.0461748973
0.8860000000,1.0471975512,1.0469131070,-0.0010859140,0.0364271626,0.0034871957,25.0000000000,25.0000000000,0.1512655203,0.0132699643,1.0461748973
0.8870000000,1.0471975512,1.0469138802,0.0024113144,0.0351132334,0.0034806986,25.0000000000,25.0000000000,0.1455409418,0.0126187937,1.0461748973
0.8880000000,1.0471975512,1.0469181086,0.0058002041,0.0334333627,0.0032874050,25.0000000000,25.0000000000,0.1383969421,0.0118924556,1.0461748973
0.8890000000,1.0471975512,1.0469255902,0.0089092815,0.0315282549,0.0029366210,25.0000000000,25.0000000000,0.1304298443,0.0111409484,1.0461748973
0.8900000000,1.0471975512,1.0469359684,0.0115992928,0.0295315421,0.0024629219,25.0000000000,25.0000000000,0.1221879497,0.0104089207,1.0461748973
0.8910000000,1.0471975512,1.0469487663,0.0137673585,0.0275644438,0.0019039535,25.0000000000,25.0000000000,0.1141607978,0.0097346543,1.0477088781
0.8920000000,1.0471975512,1.0469634244,0.0153488007,0.0257323949,0.0012981255,25.0000000000,25.0000000000,0.1067680431,-0.0084290459,1.0477088781
0.8930000000,1.0471975512,1.0469790998,0.0156704322,-0.0194553929,-0.0004884248,25.0000000000,25.0000000000,-0.0925896401,-0.0089030535,1.0477088781
0.8940000000,1.0471975512,1.0469942731,0.0145709017,-0.0232577917,-0.0015608793,25.0000000000,25.0000000000,-0.0976610039,-0.0091769135,1.0477088781
0.8950000000,1.0471975512,1.0470078515,0.0125833229,-0.0241846446,-0.0023302613,25.0000000000,25.0000000000,-0.1006545076,-0.0091878466,1.0477088781
0.8960000000,1.0471975512,1.0470190756,0.0099380367,-0.0243318070,-0.0028922837,25.0000000000,25.0000000000,-0.1007685068,-0.0089655534,1.0477088781
0.8970000000,1.0471975512,1.0470273981,0.0068432191,-0.0238418675,-0.0032439264,25.0000000000,25.0000000000,-0.0983255491,-0.0085512793,1.0477088781
0.8980000000,1.0471975512,1.0470324811,0.0035087095,-0.0228201866,-0.0033875172,25.0000000000,25.0000000000,-0.0937781910,-0.0079895023,1.0477088781
0.8990000000,1.0471975512,1.0470341933,0.0001362615,-0.0213825084,-0.0033360611,25.0000000000,25.0000000000,-0.0876143501,-0.0073265071,1.0477088781
0.9000000000,1.0471975512,1.0470325962,-0.0030903726,-0.0196510174,-0.0031116590,25.0000000000,25.0000000000,-0.0803416784,-0.0066085555,1.0477088781
0.9010000000,1.0471975512,1.0470279218,-0.0060134392,-0.0177493414,-0.0027434197,25.0000000000,25.0000000000,-0.0724674989,-0.0058798346,1.0477088781
0.9020000000,1.0471975512,1.0470205435,-0.0085069934,-0.0157969516,-0.0022652107,25.0000000000,25.0000000000,-0.0644763168,-0.0051805154,1.0477088781
0.9030000000,1.0471975512,1.0470109420,-0.0104804390,-0.0139037393,-0.0017133850,25.0000000000,25.0000000000,-0.0568085344,-0.0045451156,1.0477088781
0.9040000000,1.0471975512,1.0469996690,-0.0118798398,-0.0121653404,-0.0011246071,25.0000000000,25.0000000000,-0.0498425159,-0.0040012755,1.0477088781
0.9050000000,1.0471975512,1.0469873111,-0.0126871583,-0.0106595476,-0.0005338793,25.0000000000,25.0000000000,-0.0438811801,-0.0035689959,1.0477088781
0.9060000000,1.0471975512,1.0469744549,-0.0129176664,-0.0094439716,0.0000271490,25.0000000000,25.0000000000,-0.0391436555,-0.0032603442,1.0477088781
0.9070000000,1.0471975512,1.0469616557,-0.0126158469,-0.0085549907,0.0005315291,25.0000000000,25.0000000000,-0.0357620709,-0.0030796041,1.0477088781
0.9080000000,1.0471975512,1.0469494114,-0.0118501485,-0.0080079277,0.0009579793,25.0000000000,25.0000000000,-0.0337832087,-0.0030238200,1.0477088781
0.9090000000,1.0471975512,1.0469381411,-0.0107069862,-0.0077983271,0.0012914574,25.0000000000,25.0000000000,-0.0331744853,-0.0030836705,1.0461748973
0.9100000000,1.0471975512,1.0469281709,-0.0092843766,-0.0079041546,0.0015233460,25.0000000000,25.0000000000,-0.0338335347,0.0143335325,1.0461748973
0.9110000000,1.0471975512,1.0469199624,-0.0070432194,0.0353102587,0.0028223306,25.0000000000,25.0000000000,0.1573366977,0.0140900524,1.0461748973
0.9120000000,1.0471975512,1.0469145492,-0.0038977610,0.0370998693,0.0033468178,25.0000000000,25.0000000000,0.1545445885,0.0137114947,1.0461748973
0.9130000000,1.0471975512,1.0469124731,-0.0004437654,0.0362313413,0.0035160934,25.0000000000,25.0000000000,0.1503860241,0.0131617729,1.0461748973
0.9140000000,1.0471975512,1.0469138961,0.0030618191,0.0348385914,0.0034716643,25.0000000000,25.0000000000,0.1443537492,0.0124911132,1.0461748973
0.9150000000,1.0471975512,1.0469187632,0.0064233092,0.0331022629,0.0032447032,25.0000000000,25.0000000000,0.1369962433,0.0117540730,1.0461748973
0.9160000000,1.0471975512,1.0469268393,0.0094742633,0.0311639762,0.0028658954,25.0000000000,25.0000000000,0.1289120112,0.0110003545,1.0461748973
0.9170000000,1.0471975512,1.0469377404,0.0120816019,0.0291569059,0.0023707505,25.0000000000,25.0000000000,0.1206460894,0.0102738816,1.0461748973
0.9180000000,1.0471975512,1.0469509684,0.0141493139,0.0272006148,0.0017974012,25.0000000000,25.0000000000,0.1126800555,0.0096118662,1.0477088781
0.9190000000,1.0471975512,1.0469659501,0.0156198470,0.0253978880,0.0011843191,25.0000000000,25.0000000000,0.1054218206,-0.0085342088,1.0477088781
0.9200000000,1.0471975512,1.0469818359,0.0158271491,-0.0197465661,-0.0006024647,25.0000000000,25.0000000000,-0.0937423898,-0.0089866945,1.0477088781
0.9210000000,1.0471975512,1.0469971062,0.0146161641,-0.0234925209,-0.0016693520,25.0000000000,25.0000000000,-0.0985776832,-0.0092366925,1.0477088781
0.9220000000,1.0471975512,1.0470106742,0.0125256312,-0.0243563402,-0.0024278297,25.0000000000,25.0000000000,-0.1013094693,-0.0092229228,1.0477088781
0.9230000000,1.0471975512,1.0470217917,0.0097906021,-0.0244376950,-0.0029747917,25.0000000000,25.0000000000,-0.1011525579,-0.0089764805,1.0477088781
0.9240000000,1.0471975512,1.0470299264,0.0066227531,-0.0238827670,-0.0033084475,25.0000000000,25.0000000000,-0.0984447950,-0.0085398481,1.0477088781
0.9250000000,1.0471975512,1.0470347586,0.0032341770,-0.0228002659,-0.0034323818,25.0000000000,25.0000000000,-0.0936523006,-0.0079585231,1.0477088781
0.9260000000,1.0471975512,1.0470361765,-0.0001723602,-0.0213087660,-0.0033608182,25.0000000000,25.0000000000,-0.0872741687,-0.0072795585,1.0477088781
0.9270000000,1.0471975512,1.0470342615,-0.0034132632,-0.0195326432,-0.0031169771,25.0000000000,25.0000000000,-0.0798264667,-0.0065497157,1.0477088781
0.9280000000,1.0471975512,1.0470292651,-0.0063319778,-0.0175970162,-0.0027309376,25.0000000000,25.0000000000,-0.0718219935,-0.0058134142,1.0477088781
0.9290000000,1.0471975512,1.0470215781,-0.0088046317,-0.0156221306,-0.0022373525,25.0000000000,25.0000000000,-0.0637477910,-0.0051108034,1.0477088781
0.9300000000,1.0471975512,1.0470116963,-0.0107433766,-0.0137179606,-0.0016731527,25.0000000000,25.0000000000,-0.0560440196,-0.0044761527,1.0477088781
0.9310000000,1.0471975512,1.0470001837,-0.0120974865,-0.0119795963,-0.0010753639,25.0000000000,25.0000000000,-0.0490863155,-0.0039366636,1.0477088781
0.9320000000,1.0471975512,1.0469876356,-0.0128523797,-0.0104837473,-0.0004791354,25.0000000000,25.0000000000,-0.0431727785,-0.0035117495,1.0477088781
0.9330000000,1.0471975512,1.0469746438,-0.0130268226,-0.0092865171,0.0000839371,25.0000000000,25.0000000000,-0.0385160932,-0.0032127880,1.0477088781
0.9340000000,1.0471975512,1.0469617656,-0.0126686414,-0.0084224758,0.0005871366,25.0000000000,25.0000000000,-0.0352408230,-0.0030433176,1.0477088781
0.9350000000,1.0471975512,1.0469494973,-0.0118493148,-0.0079049645,0.0010095617,25.0000000000,25.0000000000,-0.0333855770,-0.0029996269,1.0477088781
0.9360000000,1.0471975512,1.0469382540,-0.0106578444,-0.0077274957,0.0013366639,25.0000000000,25.0000000000,-0.0329094841,-0.0030716695,1.0461748973
0.9370000000,1.0471975512,1.0469283554,-0.0091942960,-0.0078660664,0.0015603962,25.0000000000,25.0000000000,-0.0337022281,0.0143339018,1.0461748973
0.9380000000,1.0471975512,1.0469202548,-0.0069210301,0.0353168497,0.0028500293,25.0000000000,25.0000000000,0.1573404670,0.0140799146,1.0461748973
0.9390000000,1.0471975512,1.0469149765,-0.0037531992,0.0370779746,0.0033645373,25.0000000000,25.0000000000,0.1544331532,0.0136924239,1.0461748973
0.9400000000,1.0471975512,1.0469130524,-0.0002868241,0.0361849109,0.0035238809,25.0000000000,25.0000000000,0.1501766600,0.0131356719,1.0461748973
0.9410000000,1.0471975512,1.0469146345,0.0032214823,0.0347724519,0.0034700932,25.0000000000,25.0000000000,0.1440673357,0.0124600786,1.0461748973
0.9420000000,1.0471975512,1.0469196587,0.0065768533,0.0330218701,0.0032347901,25.0000000000,25.0000000000,0.1366557788,0.0117202596,1.0461748973
0.9430000000,1.0471975512,1.0469278817,0.0096140562,0.0310750352,0.0028490027,25.0000000000,25.0000000000,0.1285411299,0.0109658529,1.0461748973
0.9440000000,1.0471975512,1.0469389124,0.0122015081,0.0290650320,0.0023484773,25.0000000000,25.0000000000,0.1202677159,0.0102406118,1.0461748973
0.9450000000,1.0471975512,1.0469522477,0.0142448724,0.0271110360,0.0017714743,25.0000000000,25.0000000000,0.1123152389,0.0095814911,1.0477088781
0.9460000000,1.0471975512,1.0469673107,0.0156883425,0.0253151981,0.0011564877,25.0000000000,25.0000000000,0.1050887908,-0.0085603466,1.0477088781
0.9470000000,1.0471975512,1.0469832501,0.0158676215,-0.0198188683,-0.0006304709,25.0000000000,25.0000000000,-0.0940289040,-0.0090076124,1.0477088781
0.9480000000,1.0471975512,1.0469985462,0.0146292073,-0.0235511452,-0.0016960973,25.0000000000,25.0000000000,-0.0988069408,-0.0092517892,1.0477088781
0.9490000000,1.0471975512,1.0470121135,0.0125132351,-0.0243996011,-0.0024519867,25.0000000000,25.0000000000,-0.1014748801,-0.0092319658,1.0477088781
0.9500000000,1.0471975512,1.0470232065,0.0097559318,-0.0244648423,-0.0029953203,25.0000000000,25.0000000000,-0.1012515780,-0.0089795815,1.0477088781
0.9510000000,1.0471975512,1.0470312965,0.0065698537,-0.0238939359,-0.0033246081,25.0000000000,25.0000000000,-0.0984786580,-0.0085374257,1.0477088781
0.9520000000,1.0471975512,1.0470360682,0.0031676684,-0.0227964214,-0.0034437425,25.0000000000,25.0000000000,-0.0936256042,-0.0079512501,1.0477088781
0.9530000000,1.0471975512,1.0470374145,-0.0002475880,-0.0212915782,-0.0033672473,25.0000000000,25.0000000000,-0.0871942975,-0.0072683006,1.0477088781
0.9540000000,1.0471975512,1.0470354219,-0.0034923387,-0.0195043319,-0.0031186195,25.0000000000,25.0000000000,-0.0797029203,-0.0065354663,1.0477088781
0.9550000000,1.0471975512,1.0470303464,-0.0064103061,-0.0175601797,-0.0027281791,25.0000000000,25.0000000000,-0.0716656672,-0.0057972281,1.0477088781
0.9560000000,1.0471975512,1.0470225833,-0.0088781118,-0.0155795700,-0.0022307749,25.0000000000,25.0000000000,-0.0635702537,-0.0050937346,1.0477088781
0.9570000000,1.0471975512,1.0470126322,-0.0108085710,-0.0136725089,-0.0016634834,25.0000000000,25.0000000000,-0.0558568286,-0.0044591981,1.0477088781
0.9580000000,1.0471975512,1.0470010600,-0.0121517381,-0.0119339634,-0.0010634229,25.0000000000,25.0000000000,-0.0489004010,-0.0039207156,1.0477088781
0.9590000000,1.0471975512,1.0469884643,-0.0128938762,-0.0104403863,-0.0004657823,25.0000000000,25.0000000000,-0.0429979234,-0.0034975587,1.0477088781
0.9600000000,1.0471975512,1.0469754383,-0.0130546092,-0.0092475180,0.0000978523,25.0000000000,25.0000000000,-0.0383605252,-0.0032009375,1.0477088781
0.9610000000,1.0471975512,1.0469625396,-0.0126825872,-0.0083894895,0.0006008176,25.0000000000,25.0000000000,-0.0351109313,-0.0030342082,1.0477088781
0.9620000000,1.0471975512,1.0469502645,-0.0118500390,-0.0078791583,0.0010223032,25.0000000000,25.0000000000,-0.0332857532,-0.0029934742,1.0477088781
0.9630000000,1.0471975512,1.0469390270,-0.0106466090,-0.0077095385,0.0013478799,25.0000000000,25.0000000000,-0.0328420862,-0.0030685101,1.0461748973
0.9640000000,1.0471975512,1.0469291452,-0.0091728759,-0.0078561425,0.0015696393,25.0000000000,25.0000000000,-0.0336676553,0.0143341940,1.0461748973
0.9650000000,1.0471975512,1.0469210705,-0.0068915692,0.0353190145,0.0028569959,25.0000000000,25.0000000000,0.1573436022,0.0140776061,1.0461748973
0.9660000000,1.0471975512,1.0469158248,-0.0037180739,0.0370730909,0.0033690628,25.0000000000,25.0000000000,0.1544077735,0.0136878937,1.0461748973
0.9670000000,1.0471975512,1.0469139378,-0.0002484847,0.0361739299,0.0035259661,25.0000000000,25.0000000000,0.1501269238,0.0131293817,1.0461748973
0.9680000000,1.0471975512,1.0469155589,0.0032606580,0.0347565443,0.0034698697,25.0000000000,25.0000000000,0.1439983101,0.0124525401,1.0461748973
0.9690000000,1.0471975512,1.0469206217,0.0066146794,0.0330023660,0.0032324999,25.0000000000,25.0000000000,0.1365730770,0.0117120012,1.0461748973
0.9700000000,1.0471975512,1.0469288809,0.0096486369,0.0310533320,0.0028449743,25.0000000000,25.0000000000,0.1284505465,0.0109573892,1.0461748973
0.9710000000,1.0471975512,1.0469399438,0.0122313103,0.0290425110,0.0023430996,25.0000000000,25.0000000000,0.1201748942,0.0102324172,1.0461748973
0.9720000000,1.0471975512,1.0469533058,0.0142687714,0.0270889883,0.0017651690,25.0000000000,25.0000000000,0.1122253819,0.0095739787,1.0477088781
0.9730000000,1.0471975512,1.0469683893,0.0157056408,0.0252947632,0.0011496841,25.0000000000,25.0000000000,0.1050064254,-0.0085668414,1.0477088781
0.9740000000,1.0471975512,1.0469843423,0.0158780534,-0.0198368174,-0.0006373465,25.0000000000,25.0000000000,-0.0941000988,-0.0090128421,1.0477088781
0.9750000000,1.0471975512,1.0469996452,0.0146328908,-0.0235657824,-0.0017026899,25.0000000000,25.0000000000,-0.0988642578,-0.0092555994,1.0477088781
0.9760000000,1.0471975512,1.0470132128,0.0125106343,-0.0244104956,-0.0024579663,25.0000000000,25.0000000000,-0.1015166288,-0.0092342930,1.0477088781
0.9770000000,1.0471975512,1.0470243002,0.0097478040,-0.0244717925,-0.0030004266,25.0000000000,25.0000000000,-0.1012770624,-0.0089804471,1.0477088781
0.9780000000,1.0471975512,1.0470323796,0.0065571771,-0.0238969587,-0.0033286543,25.0000000000,25.0000000000,-0.0984881146,-0.0085369271,1.0477088781
0.9790000000,1.0471975512,1.0470371367,0.0031515680,-0.0227957392,-0.0034466171,25.0000000000,25.0000000000,-0.0936201038,-0.0079495482,1.0477088781
0.9800000000,1.0471975512,1.0470384656,-0.0002659158,-0.0212875889,-0.0033689128,25.0000000000,25.0000000000,-0.0871756055,-0.0072656047,1.0477088781
0.9810000000,1.0471975512,1.0470364540,-0.0035116969,-0.0194975711,-0.0031191067,25.0000000000,25.0000000000,-0.0796733334,-0.0065320181,1.0477088781
0.9820000000,1.0471975512,1.0470313591,-0.0064295610,-0.0175512792,-0.0027275784,25.0000000000,25.0000000000,-0.0716278374,-0.0057932858,1.0477088781
0.9830000000,1.0471975512,1.0470235773,-0.0088962475,-0.0155692143,-0.0022292259,25.0000000000,25.0000000000,-0.0635270111,-0.0050895570,1.0477088781
0.9840000000,1.0471975512,1.0470136091,-0.0108247315,-0.0136613936,-0.0016611623,25.0000000000,25.0000000000,-0.0558110125,-0.0044550311,1.0477088781
0.9850000000,1.0471975512,1.0470020221,-0.0121652570,-0.0119227563,-0.0010605293,25.0000000000,25.0000000000,-0.0488547074,-0.0039167802,1.0477088781
0.9860000000,1.0471975512,1.0469894145,-0.0129042934,-0.0104296944,-0.0004625268,25.0000000000,25.0000000000,-0.0429547754,-0.0034940418,1.0477088781
0.9870000000,1.0471975512,1.0469763797,-0.0130616752,-0.0092378611,0.0001012608,25.0000000000,25.0000000000,-0.0383219713,-0.0031979853,1.0477088781
0.9880000000,1.0471975512,1.0469634759,-0.0126862555,-0.0083812809,0.0006041826,25.0000000000,25.0000000000,-0.0350785730,-0.0030319224,1.0477088781
0.9890000000,1.0471975512,1.0469511988,-0.0118504484,-0.0078726932,0.0010254496,25.0000000000,25.0000000000,-0.0332607044,-0.0029919109,1.0477088781
0.9900000000,1.0471975512,1.0469399625,-0.0106440584,-0.0077049898,0.0013506619,25.0000000000,25.0000000000,-0.0328249618,-0.0030676816,1.0461748973
0.9910000000,1.0471975512,1.0469300846,-0.0091677922,-0.0078535640,0.0015719445,25.0000000000,25.0000000000,-0.0336585876,0.0143343159,1.0461748973
0.9920000000,1.0471975512,1.0469220161,-0.0068844727,0.0353196821,0.0028587472,25.0000000000,25.0000000000,0.1573449228,0.0140770846,1.0461748973
0.9930000000,1.0471975512,1.0469167784,-0.0037095443,0.0370720149,0.0033702171,25.0000000000,25.0000000000,0.1544020381,0.0136868197,1.0461748973
0.9940000000,1.0471975512,1.0469149003,-0.0002391227,0.0361713393,0.0035265210,25.0000000000,25.0000000000,0.1501151322,0.0131278673,1.0461748973
0.9950000000,1.0471975512,1.0469165310,0.0032702670,0.0347527225,0.0034698552,25.0000000000,25.0000000000,0.1439816913,0.0124507101,1.0461748973
0.9960000000,1.0471975512,1.0469216033,0.0066239952,0.0329976374,0.0032319735,25.0000000000,25.0000000000,0.1365530004,0.0117099851,1.0461748973
0.9970000000,1.0471975512,1.0469298715,0.0096571888,0.0310480387,0.0028440153,25.0000000000,25.0000000000,0.1284284323,0.0109553136,1.0461748973
0.9980000000,1.0471975512,1.0469409423,0.0122387154,0.0290369925,0.0023418022,25.0000000000,25.0000000000,0.1201521313,0.0102303995,1.0461748973
0.9990000000,1.0471975512,1.0469543110,0.0142747461,0.0270835635,0.0017636364,25.0000000000,25.0000000000,0.1122032560,0.0095721213,1.0477088781
1.0000000000,1.0471975512,1.0469693996,0.0157100062,0.0252897146,0.0011480215,25.0000000000,25.0000000000,0.1049860603,-0.0085684548,1.0477088781
