time_s,target_rad,angle_rad,speed_rad_s,current_a,torque_nm,winding_c,case_c,motor_voltage_v,duty,encoder_rad
0.0500000000,0.0000000000,0.0925620349,2.6604355720,1.5920752739,1.4646601605,25.3161824590,25.0000183444,11.1000000000,1.0000000000,0.0925620349
0.1000000000,0.0000000000,0.2252094913,2.6539079494,1.5998430227,1.4709063016,25.6035906056,25.0000663105,11.1000000000,1.0000000000,0.2252094913
0.1500000000,0.0000000000,0.3578081257,2.6504465158,1.5998671899,1.4709293772,25.8906856580,25.0001433204,11.1000000000,1.0000000000,0.3578081257
0.2000000000,0.0000000000,0.4902369115,2.6470460266,1.5998674274,1.4709295383,26.1773879815,25.0002493237,11.1000000000,1.0000000000,0.4902369115
0.2500000000,0.0000000000,0.6224958168,2.6436505072,1.5998676090,1.4709296315,26.4636976847,25.0003842711,11.1000000000,1.0000000000,0.6224958168
0.3000000000,0.0000000000,0.7545850741,2.6402596377,1.5998677902,1.4709297244,26.7496153537,25.0005481133,11.1000000000,1.0000000000,0.7545850741
0.3500000000,0.0000000000,0.8865049156,2.6368734098,1.5998679712,1.4709298172,27.0351415757,25.0007408012,11.1000000000,1.0000000000,0.8865049156
0.4000000000,0.0000000000,1.0182555731,2.6334918167,1.5998681519,1.4709299098,27.3202769371,25.0009622857,11.1000000000,1.0000000000,1.0182555731
0.4500000000,0.0000000000,1.1498372784,2.6301148514,1.5998683323,1.4709300023,27.6050220233,25.0012125178,11.1000000000,1.0000000000,1.1498372784
0.5000000000,0.0000000000,1.2812502624,2.6267425070,1.5998685125,1.4709300947,27.8893774188,25.0014914484,11.1000000000,1.0000000000,1.2812502624
0.5500000000,0.0000000000,1.4124947562,2.6233747764,1.5998686924,1.4709301869,28.1733437074,25.0017990288,11.1000000000,1.0000000000,1.4124947562
0.6000000000,0.0000000000,1.5435709901,2.6200116530,1.5998688720,1.4709302790,28.4569214719,25.0021352102,11.1000000000,1.0000000000,1.5435709901
0.6500000000,0.0000000000,1.6744791944,2.6166531296,1.5998690513,1.4709303709,28.7401112941,25.0024999438,11.1000000000,1.0000000000,1.6744791944
0.7000000000,0.0000000000,1.8052195989,2.6132991996,1.5998692304,1.4709304627,29.0229137550,25.0028931810,11.1000000000,1.0000000000,1.8052195989
0.7500000000,0.0000000000,1.9357924330,2.6099498558,1.5998694092,1.4709305544,29.3053294350,25.0033148732,11.1000000000,1.0000000000,1.9357924330
0.8000000000,0.0000000000,2.0661979259,2.6066050916,1.5998695878,1.4709306459,29.5873589131,25.0037649719,11.1000000000,1.0000000000,2.0661979259
0.8500000000,0.0000000000,2.1964363063,2.6032649001,1.5998697661,1.4709307373,29.8690027678,25.0042434288,11.1000000000,1.0000000000,2.1964363063
0.9000000000,0.0000000000,2.3265078028,2.5999292743,1.5998699441,1.4709308285,30.1502615766,25.0047501954,11.1000000000,1.0000000000,2.3265078028
0.9500000000,0.0000000000,2.4564126434,2.5965982075,1.5998701218,1.4709309197,30.4311359162,25.0052852234,11.1000000000,1.0000000000,2.4564126434
1.0000000000,0.0000000000,2.5861510559,2.5932716929,1.5998702993,1.4709310106,30.7116263623,25.0058484648,11.1000000000,1.0000000000,2.5861510559
1.0500000000,0.0000000000,2.7157232676,2.5899497236,1.5998704765,1.4709311015,30.9917334898,25.0064398714,11.1000000000,1.0000000000,2.7157232676
1.1000000000,0.0000000000,2.8451295057,2.5866322928,1.5998706535,1.4709311922,31.2714578727,25.0070593950,11.1000000000,1.0000000000,2.8451295057
1.1500000000,0.0000000000,2.9743699970,2.5833193937,1.5998708301,1.4709312828,31.5508000842,25.0077069878,11.1000000000,1.0000000000,2.9743699970
1.2000000000,0.0000000000,3.1034449677,2.5800110196,1.5998710065,1.4709313732,31.8297606965,25.0083826019,11.1000000000,1.0000000000,3.1034449677
1.2500000000,0.0000000000,3.2323546440,2.5767071637,1.5998711827,1.4709314635,32.1083402812,25.0090861894,11.1000000000,1.0000000000,3.2323546440
1.3000000000,0.0000000000,3.3610992517,2.5734078191,1.5998713586,1.4709315537,32.3865394086,25.0098177025,11.1000000000,1.0000000000,3.3610992517
1.3500000000,0.0000000000,3.4896790160,2.5701129792,1.5998715342,1.4709316437,32.6643586486,25.0105770936,11.1000000000,1.0000000000,3.4896790160
1.4000000000,0.0000000000,3.6180941620,2.5668226373,1.5998717096,1.4709317336,32.9417985699,25.0113643151,11.1000000000,1.0000000000,3.6180941620
1.4500000000,0.0000000000,3.7463449144,2.5635367865,1.5998718847,1.4709318234,33.2188597405,25.0121793194,11.1000000000,1.0000000000,3.7463449144
1.5000000000,0.0000000000,3.8744314977,2.5602554201,1.5998720595,1.4709319130,33.4955427275,25.0130220591,11.1000000000,1.0000000000,3.8744314977
1.5500000000,0.0000000000,4.0023541358,2.5569785315,1.5998722341,1.4709320025,33.7718480971,25.0138924868,11.1000000000,1.0000000000,4.0023541358
1.6000000000,0.0000000000,4.1301130525,2.5537061140,1.5998724084,1.4709320919,34.0477764148,25.0147905552,11.1000000000,1.0000000000,4.1301130525
1.6500000000,0.0000000000,4.2577084710,2.5504381608,1.5998725825,1.4709321811,34.3233282450,25.0157162170,11.1000000000,1.0000000000,4.2577084710
1.7000000000,0.0000000000,4.3851406146,2.5471746652,1.5998727563,1.4709322702,34.5985041514,25.0166694251,11.1000000000,1.0000000000,4.3851406146
1.7500000000,0.0000000000,4.5124097058,2.5439156207,1.5998729298,1.4709323591,34.8733046968,25.0176501324,11.1000000000,1.0000000000,4.5124097058
1.8000000000,0.0000000000,4.6395159670,2.5406610205,1.5998731031,1.4709324480,35.1477304433,25.0186582918,11.1000000000,1.0000000000,4.6395159670
1.8500000000,0.0000000000,4.7664596202,2.5374108579,1.5998732761,1.4709325367,35.4217819518,25.0196938563,11.1000000000,1.0000000000,4.7664596202
1.9000000000,0.0000000000,4.8932408873,2.5341651265,1.5998734488,1.4709326252,35.6954597827,25.0207567792,11.1000000000,1.0000000000,4.8932408873
1.9500000000,0.0000000000,5.0198599894,2.5309238194,1.5998736213,1.4709327136,35.9687644953,25.0218470136,11.1000000000,1.0000000000,5.0198599894
2.0000000000,0.0000000000,5.1463171477,2.5276869301,1.5998737936,1.4709328019,36.2416966483,25.0229645128,11.1000000000,1.0000000000,5.1463171477
2.0500000000,0.0000000000,5.2726125829,2.5244544520,1.5998739656,1.4709328901,36.5142567994,25.0241092301,11.1000000000,1.0000000000,5.2726125829
2.1000000000,0.0000000000,5.3987465153,2.5212263784,1.5998741373,1.4709329781,36.7864455053,25.0252811188,11.1000000000,1.0000000000,5.3987465153
2.1500000000,0.0000000000,5.5247191650,2.5180027029,1.5998743088,1.4709330660,37.0582633223,25.0264801326,11.1000000000,1.0000000000,5.5247191650
2.2000000000,0.0000000000,5.6505307517,2.5147834187,1.5998744800,1.4709331538,37.3297108053,25.0277062249,11.1000000000,1.0000000000,5.6505307517
2.2500000000,0.0000000000,5.7761814949,2.5115685194,1.5998746509,1.4709332414,37.6007885089,25.0289593494,11.1000000000,1.0000000000,5.7761814949
2.3000000000,0.0000000000,5.9016716135,2.5083579983,1.5998748216,1.4709333289,37.8714969864,25.0302394597,11.1000000000,1.0000000000,5.9016716135
2.3500000000,0.0000000000,6.0270013263,2.5051518490,1.5998749921,1.4709334163,38.1418367906,25.0315465097,11.1000000000,1.0000000000,6.0270013263
2.4000000000,0.0000000000,6.1521708517,2.5019500648,1.5998751622,1.4709335036,38.4118084733,25.0328804531,11.1000000000,1.0000000000,6.1521708517
2.4500000000,0.0000000000,6.2771804077,2.4987526393,1.5998753322,1.4709335907,38.6814125854,25.0342412439,11.1000000000,1.0000000000,6.2771804077
2.5000000000,0.0000000000,6.4020302122,2.4955595659,1.5998755019,1.4709336777,38.9506496772,25.0356288361,11.1000000000,1.0000000000,6.4020302122
2.5500000000,0.0000000000,6.5267204826,2.4923708381,1.5998756713,1.4709337645,39.2195202980,25.0370431836,11.1000000000,1.0000000000,6.5267204826
2.6000000000,0.0000000000,6.6512514359,2.4891864494,1.5998758405,1.4709338512,39.4880249962,25.0384842406,11.1000000000,1.0000000000,6.6512514359
2.6500000000,0.0000000000,6.7756232890,2.4860063934,1.5998760094,1.4709339378,39.7561643195,25.0399519614,11.1000000000,1.0000000000,6.7756232890
2.7000000000,0.0000000000,6.8998362583,2.4828306635,1.5998761780,1.4709340243,40.0239388147,25.0414463001,11.1000000000,1.0000000000,6.8998362583
2.7500000000,0.0000000000,7.0238905599,2.4796592532,1.5998763465,1.4709341106,40.2913490279,25.0429672111,11.1000000000,1.0000000000,7.0238905599
2.8000000000,0.0000000000,7.1477864096,2.4764921561,1.5998765146,1.4709341968,40.5583955042,25.0445146488,11.1000000000,1.0000000000,7.1477864096
2.8500000000,0.0000000000,7.2715240229,2.4733293658,1.5998766825,1.4709342829,40.8250787879,25.0460885677,11.1000000000,1.0000000000,7.2715240229
2.9000000000,0.0000000000,7.3951036150,2.4701708757,1.5998768502,1.4709343689,41.0913994226,25.0476889223,11.1000000000,1.0000000000,7.3951036150
2.9500000000,0.0000000000,7.5185254007,2.4670166796,1.5998770176,1.4709344547,41.3573579510,25.0493156672,11.1000000000,1.0000000000,7.5185254007
3.0000000000,0.0000000000,7.6417895945,2.4638667709,1.5998771847,1.4709345404,41.6229549150,25.0509687571,11.1000000000,1.0000000000,7.6417895945
3.0500000000,0.0000000000,7.7648964106,2.4607211432,1.5998773517,1.4709346259,41.8881908556,25.0526481468,11.1000000000,1.0000000000,7.7648964106
3.1000000000,0.0000000000,7.8878460630,2.4575797901,1.5998775183,1.4709347114,42.1530663130,25.0543537911,11.1000000000,1.0000000000,7.8878460630
3.1500000000,0.0000000000,8.0106387650,2.4544427053,1.5998776847,1.4709347967,42.4175818267,25.0560856448,11.1000000000,1.0000000000,8.0106387650
3.2000000000,0.0000000000,8.1332747301,2.4513098823,1.5998778509,1.4709348819,42.6817379353,25.0578436629,11.1000000000,1.0000000000,8.1332747301
3.2500000000,0.0000000000,8.2557541711,2.4481813148,1.5998780168,1.4709349669,42.9455351766,25.0596278006,11.1000000000,1.0000000000,8.2557541711
3.3000000000,0.0000000000,8.3780773005,2.4450569964,1.5998781825,1.4709350518,43.2089740874,25.0614380127,11.1000000000,1.0000000000,8.3780773005
3.3500000000,0.0000000000,8.5002443308,2.4419369207,1.5998783479,1.4709351366,43.4720552040,25.0632742546,11.1000000000,1.0000000000,8.5002443308
3.4000000000,0.0000000000,8.6222554738,2.4388210815,1.5998785130,1.4709352213,43.7347790618,25.0651364814,11.1000000000,1.0000000000,8.6222554738
3.4500000000,0.0000000000,8.7441109412,2.4357094723,1.5998786780,1.4709353059,43.9971461952,25.0670246486,11.1000000000,1.0000000000,8.7441109412
3.5000000000,0.0000000000,8.8658109443,2.4326020868,1.5998788426,1.4709353903,44.2591571380,25.0689387113,11.1000000000,1.0000000000,8.8658109443
3.5500000000,0.0000000000,8.9873556941,2.4294989188,1.5998790071,1.4709354746,44.5208124230,25.0708786251,11.1000000000,1.0000000000,8.9873556941
3.6000000000,0.0000000000,9.1087454014,2.4263999619,1.5998791712,1.4709355587,44.7821125825,25.0728443455,11.1000000000,1.0000000000,9.1087454014
3.6500000000,0.0000000000,9.2299802765,2.4233052098,1.5998793352,1.4709356428,45.0430581476,25.0748358281,11.1000000000,1.0000000000,9.2299802765
3.7000000000,0.0000000000,9.3510605294,2.4202146562,1.5998794989,1.4709357267,45.3036496490,25.0768530286,11.1000000000,1.0000000000,9.3510605294
3.7500000000,0.0000000000,9.4719863700,2.4171282949,1.5998796623,1.4709358105,45.5638876162,25.0788959025,11.1000000000,1.0000000000,9.4719863700
3.8000000000,0.0000000000,9.5927580077,2.4140461195,1.5998798255,1.4709358941,45.8237725781,25.0809644058,11.1000000000,1.0000000000,9.5927580077
3.8500000000,0.0000000000,9.7133756515,2.4109681239,1.5998799885,1.4709359777,46.0833050630,25.0830584942,11.1000000000,1.0000000000,9.7133756515
3.9000000000,0.0000000000,9.8338395104,2.4078943017,1.5998801512,1.4709360611,46.3424855979,25.0851781238,11.1000000000,1.0000000000,9.8338395104
3.9500000000,0.0000000000,9.9541497928,2.4048246468,1.5998803137,1.4709361444,46.6013147095,25.0873232504,11.1000000000,1.0000000000,9.9541497928
4.0000000000,0.0000000000,10.0743067069,2.4017591528,1.5998804759,1.4709362275,46.8597929234,25.0894938302,11.1000000000,1.0000000000,10.0743067069
4.0500000000,0.0000000000,10.1943104606,2.3986978136,1.5998806379,1.4709363106,47.1179207645,25.0916898192,11.1000000000,1.0000000000,10.1943104606
4.1000000000,0.0000000000,10.3141612615,2.3956406230,1.5998807996,1.4709363935,47.3756987569,25.0939111737,11.1000000000,1.0000000000,10.3141612615
4.1500000000,0.0000000000,10.4338593167,2.3925875747,1.5998809611,1.4709364763,47.6331274240,25.0961578499,11.1000000000,1.0000000000,10.4338593167
4.2000000000,0.0000000000,10.5534048333,2.3895386626,1.5998811224,1.4709365589,47.8902072881,25.0984298042,11.1000000000,1.0000000000,10.5534048333
4.2500000000,0.0000000000,10.6727980179,2.3864938805,1.5998812834,1.4709366415,48.1469388711,25.1007269928,11.1000000000,1.0000000000,10.6727980179
4.3000000000,0.0000000000,10.7920390768,2.3834532221,1.5998814442,1.4709367239,48.4033226938,25.1030493724,11.1000000000,1.0000000000,10.7920390768
4.3500000000,0.0000000000,10.9111282161,2.3804166814,1.5998816047,1.4709368062,48.6593592765,25.1053968994,11.1000000000,1.0000000000,10.9111282161
4.4000000000,0.0000000000,11.0300656414,2.3773842522,1.5998817650,1.4709368884,48.9150491384,25.1077695305,11.1000000000,1.0000000000,11.0300656414
4.4500000000,0.0000000000,11.1488515582,2.3743559283,1.5998819251,1.4709369704,49.1703927981,25.1101672222,11.1000000000,1.0000000000,11.1488515582
4.5000000000,0.0000000000,11.2674861715,2.3713317035,1.5998820849,1.4709370524,49.4253907735,25.1125899313,11.1000000000,1.0000000000,11.2674861715
4.5500000000,0.0000000000,11.3859696862,2.3683115719,1.5998822445,1.4709371342,49.6800435814,25.1150376146,11.1000000000,1.0000000000,11.3859696862
4.6000000000,0.0000000000,11.5043023067,2.3652955272,1.5998824038,1.4709372159,49.9343517381,25.1175102290,11.1000000000,1.0000000000,11.5043023067
4.6500000000,0.0000000000,11.6224842373,2.3622835633,1.5998825629,1.4709372974,50.1883157591,25.1200077314,11.1000000000,1.0000000000,11.6224842373
4.7000000000,0.0000000000,11.7405156817,2.3592756741,1.5998827218,1.4709373789,50.4419361589,25.1225300787,11.1000000000,1.0000000000,11.7405156817
4.7500000000,0.0000000000,11.8583968435,2.3562718536,1.5998828804,1.4709374602,50.6952134515,25.1250772281,11.1000000000,1.0000000000,11.8583968435
4.8000000000,0.0000000000,11.9761279261,2.3532720956,1.5998830388,1.4709375414,50.9481481500,25.1276491367,11.1000000000,1.0000000000,11.9761279261
4.8500000000,0.0000000000,12.0937091324,2.3502763941,1.5998831969,1.4709376224,51.2007407665,25.1302457617,11.1000000000,1.0000000000,12.0937091324
4.9000000000,0.0000000000,12.2111406650,2.3472847431,1.5998833549,1.4709377034,51.4529918128,25.1328670603,11.1000000000,1.0000000000,12.2111406650
4.9500000000,0.0000000000,12.3284227263,2.3442971364,1.5998835125,1.4709377842,51.7049017995,25.1355129898,11.1000000000,1.0000000000,12.3284227263
5.0000000000,0.0000000000,12.4455555184,2.3413135680,1.5998836700,1.4709378649,51.9564712366,25.1381835077,11.1000000000,1.0000000000,12.4455555184
5.0500000000,0.0000000000,12.5625392429,2.3383340318,1.5998838272,1.4709379455,52.2077006334,25.1408785713,11.1000000000,1.0000000000,12.5625392429
5.1000000000,0.0000000000,12.6793741014,2.3353585220,1.5998839842,1.4709380260,52.4585904983,25.1435981383,11.1000000000,1.0000000000,12.6793741014
5.1500000000,0.0000000000,12.7960602949,2.3323870324,1.5998841409,1.4709381064,52.7091413389,25.1463421662,11.1000000000,1.0000000000,12.7960602949
5.2000000000,0.0000000000,12.9125980244,2.3294195569,1.5998842974,1.4709381866,52.9593536622,25.1491106126,11.1000000000,1.0000000000,12.9125980244
5.2500000000,0.0000000000,13.0289874904,2.3264560898,1.5998844537,1.4709382667,53.2092279743,25.1519034353,11.1000000000,1.0000000000,13.0289874904
5.3000000000,0.0000000000,13.1452288931,2.3234966248,1.5998846097,1.4709383467,53.4587647805,25.1547205921,11.1000000000,1.0000000000,13.1452288931
5.3500000000,0.0000000000,13.2613224325,2.3205411561,1.5998847655,1.4709384266,53.7079645855,25.1575620408,11.1000000000,1.0000000000,13.2613224325
5.4000000000,0.0000000000,13.3772683082,2.3175896777,1.5998849211,1.4709385063,53.9568278931,25.1604277392,11.1000000000,1.0000000000,13.3772683082
5.4500000000,0.0000000000,13.4930667196,2.3146421836,1.5998850764,1.4709385859,54.2053552064,25.1633176455,11.1000000000,1.0000000000,13.4930667196
5.5000000000,0.0000000000,13.6087178657,2.3116986678,1.5998852315,1.4709386655,54.4535470277,25.1662317176,11.1000000000,1.0000000000,13.6087178657
5.5500000000,0.0000000000,13.7242219452,2.3087591245,1.5998853864,1.4709387449,54.7014038586,25.1691699137,11.1000000000,1.0000000000,13.7242219452
5.6000000000,0.0000000000,13.8395791567,2.3058235476,1.5998855411,1.4709388241,54.9489261997,25.1721321918,11.1000000000,1.0000000000,13.8395791567
5.6500000000,0.0000000000,13.9547896983,2.3028919313,1.5998856955,1.4709389033,55.1961145512,25.1751185103,11.1000000000,1.0000000000,13.9547896983
5.7000000000,0.0000000000,14.0698537679,2.2999642696,1.5998858497,1.4709389823,55.4429694124,25.1781288275,11.1000000000,1.0000000000,14.0698537679
5.7500000000,0.0000000000,14.1847715630,2.2970405566,1.5998860036,1.4709390612,55.6894912817,25.1811631016,11.1000000000,1.0000000000,14.1847715630
5.8000000000,0.0000000000,14.2995432809,2.2941207865,1.5998861573,1.4709391400,55.9356806570,25.1842212912,11.1000000000,1.0000000000,14.2995432809
5.8500000000,0.0000000000,14.4141691186,2.2912049532,1.5998863108,1.4709392187,56.1815380351,25.1873033548,11.1000000000,1.0000000000,14.4141691186
5.9000000000,0.0000000000,14.5286492727,2.2882930511,1.5998864641,1.4709392973,56.4270639125,25.1904092508,11.1000000000,1.0000000000,14.5286492727
5.9500000000,0.0000000000,14.6429839398,2.2853850740,1.5998866171,1.4709393758,56.6722587845,25.1935389379,11.1000000000,1.0000000000,14.6429839398
6.0000000000,0.0000000000,14.7571733157,2.2824810163,1.5998867699,1.4709394541,56.9171231460,25.1966923748,11.1000000000,1.0000000000,14.7571733157
6.0500000000,0.0000000000,14.8712175964,2.2795808720,1.5998869225,1.4709395323,57.1616574910,25.1998695202,11.1000000000,1.0000000000,14.8712175964
6.1000000000,0.0000000000,14.9851169774,2.2766846354,1.5998870748,1.4709396104,57.4058623126,25.2030703330,11.1000000000,1.0000000000,14.9851169774
6.1500000000,0.0000000000,15.0988716539,2.2737923004,1.5998872270,1.4709396884,57.6497381035,25.2062947720,11.1000000000,1.0000000000,15.0988716539
6.2000000000,0.0000000000,15.2124818208,2.2709038614,1.5998873789,1.4709397663,57.8932853553,25.2095427962,11.1000000000,1.0000000000,15.2124818208
6.2500000000,0.0000000000,15.3259476727,2.2680193126,1.5998875305,1.4709398440,58.1365045591,25.2128143646,11.1000000000,1.0000000000,15.3259476727
6.3000000000,0.0000000000,15.4392694041,2.2651386480,1.5998876820,1.4709399216,58.3793962052,25.2161094361,11.1000000000,1.0000000000,15.4392694041
6.3500000000,0.0000000000,15.5524472089,2.2622618619,1.5998878332,1.4709399992,58.6219607831,25.2194279700,11.1000000000,1.0000000000,15.5524472089
6.4000000000,0.0000000000,15.6654812809,2.2593889485,1.5998879842,1.4709400766,58.8641987815,25.2227699255,11.1000000000,1.0000000000,15.6654812809
6.4500000000,0.0000000000,15.7783718136,2.2565199020,1.5998881349,1.4709401538,59.1061106886,25.2261352618,11.1000000000,1.0000000000,15.7783718136
6.5000000000,0.0000000000,15.8911190002,2.2536547166,1.5998882855,1.4709402310,59.3476969916,25.2295239381,11.1000000000,1.0000000000,15.8911190002
6.5500000000,0.0000000000,16.0037230335,2.2507933867,1.5998884358,1.4709403081,59.5889581771,25.2329359140,11.1000000000,1.0000000000,16.0037230335
6.6000000000,0.0000000000,16.1161841063,2.2479359063,1.5998885859,1.4709403850,59.8298947310,25.2363711488,11.1000000000,1.0000000000,16.1161841063
6.6500000000,0.0000000000,16.2285024107,2.2450822697,1.5998887357,1.4709404618,60.0705071383,25.2398296020,11.1000000000,1.0000000000,16.2285024107
6.7000000000,0.0000000000,16.3406781390,2.2422324713,1.5998888854,1.4709405385,60.3107958834,25.2433112333,11.1000000000,1.0000000000,16.3406781390
6.7500000000,0.0000000000,16.4527114827,2.2393865053,1.5998890348,1.4709406151,60.5507614500,25.2468160021,11.1000000000,1.0000000000,16.4527114827
6.8000000000,0.0000000000,16.5646026333,2.2365443659,1.5998891840,1.4709406916,60.7904043208,25.2503438683,11.1000000000,1.0000000000,16.5646026333
6.8500000000,0.0000000000,16.6763517821,2.2337060475,1.5998893329,1.4709407680,61.0297249782,25.2538947916,11.1000000000,1.0000000000,16.6763517821
6.9000000000,0.0000000000,16.7879591199,2.2308715443,1.5998894817,1.4709408442,61.2687239034,25.2574687317,11.1000000000,1.0000000000,16.7879591199
6.9500000000,0.0000000000,16.8994248374,2.2280408506,1.5998896302,1.4709409204,61.5074015773,25.2610656486,11.1000000000,1.0000000000,16.8994248374
7.0000000000,0.0000000000,17.0107491247,2.2252139607,1.5998897785,1.4709409964,61.7457584798,25.2646855023,11.1000000000,1.0000000000,17.0107491247
7.0500000000,0.0000000000,17.1219321721,2.2223908691,1.5998899266,1.4709410723,61.9837950902,25.2683282526,11.1000000000,1.0000000000,17.1219321721
7.1000000000,0.0000000000,17.2329741692,2.2195715699,1.5998900745,1.4709411481,62.2215118869,25.2719938597,11.1000000000,1.0000000000,17.2329741692
7.1500000000,0.0000000000,17.3438753055,2.2167560575,1.5998902221,1.4709412238,62.4589093478,25.2756822837,11.1000000000,1.0000000000,17.3438753055
7.2000000000,0.0000000000,17.4546357702,2.2139443263,1.5998903695,1.4709412994,62.6959879500,25.2793934847,11.1000000000,1.0000000000,17.4546357702
7.2500000000,0.0000000000,17.5652557521,2.2111363706,1.5998905167,1.4709413748,62.9327481697,25.2831274231,11.1000000000,1.0000000000,17.5652557521
7.3000000000,0.0000000000,17.6757354400,2.2083321848,1.5998906637,1.4709414502,63.1691904827,25.2868840591,11.1000000000,1.0000000000,17.6757354400
7.3500000000,0.0000000000,17.7860750221,2.2055317632,1.5998908105,1.4709415254,63.4053153638,25.2906633531,11.1000000000,1.0000000000,17.7860750221
7.4000000000,0.0000000000,17.8962746866,2.2027351003,1.5998909570,1.4709416005,63.6411232872,25.2944652656,11.1000000000,1.0000000000,17.8962746866
7.4500000000,0.0000000000,18.0063346211,2.1999421904,1.5998911033,1.4709416755,63.8766147265,25.2982897569,11.1000000000,1.0000000000,18.0063346211
7.5000000000,0.0000000000,18.1162550132,2.1971530279,1.5998912494,1.4709417504,64.1117901542,25.3021367878,11.1000000000,1.0000000000,18.1162550132
7.5500000000,0.0000000000,18.2260360501,2.1943676072,1.5998913953,1.4709418252,64.3466500426,25.3060063187,11.1000000000,1.0000000000,18.2260360501
7.6000000000,0.0000000000,18.3356779187,2.1915859227,1.5998915410,1.4709418999,64.5811948629,25.3098983104,11.1000000000,1.0000000000,18.3356779187
7.6500000000,0.0000000000,18.4451808058,2.1888079689,1.5998916864,1.4709419745,64.8154250857,25.3138127235,11.1000000000,1.0000000000,18.4451808058
7.7000000000,0.0000000000,18.5545448976,2.1860337401,1.5998918317,1.4709420489,65.0493411809,25.3177495190,11.1000000000,1.0000000000,18.5545448976
7.7500000000,0.0000000000,18.6637703802,2.1832632309,1.5998919767,1.4709421233,65.2829436178,25.3217086576,11.1000000000,1.0000000000,18.6637703802
7.8000000000,0.0000000000,18.7728574396,2.1804964356,1.5998921215,1.4709421975,65.5162328647,25.3256901003,11.1000000000,1.0000000000,18.7728574396
7.8500000000,0.0000000000,18.8818062612,2.1777333488,1.5998922661,1.4709422716,65.7492093894,25.3296938080,11.1000000000,1.0000000000,18.8818062612
7.9000000000,0.0000000000,18.9906170303,2.1749739648,1.5998924104,1.4709423456,65.9818736590,25.3337197417,11.1000000000,1.0000000000,18.9906170303
7.9500000000,0.0000000000,19.0992899320,2.1722182781,1.5998925546,1.4709424195,66.2142261399,25.3377678626,11.1000000000,1.0000000000,19.0992899320
8.0000000000,0.0000000000,19.2078251508,2.1694662833,1.5998926985,1.4709424933,66.4462672977,25.3418381319,11.1000000000,1.0000000000,19.2078251508
8.0500000000,0.0000000000,19.3162228713,2.1667179748,1.5998928422,1.4709425670,66.6779975972,25.3459305107,11.1000000000,1.0000000000,19.3162228713
8.1000000000,0.0000000000,19.4244832776,2.1639733472,1.5998929857,1.4709426405,66.9094175028,25.3500449603,11.1000000000,1.0000000000,19.4244832776
8.1500000000,0.0000000000,19.5326065536,2.1612323948,1.5998931290,1.4709427140,67.1405274780,25.3541814420,11.1000000000,1.0000000000,19.5326065536
8.2000000000,0.0000000000,19.6405928829,2.1584951122,1.5998932721,1.4709427873,67.3713279856,25.3583399173,11.1000000000,1.0000000000,19.6405928829
8.2500000000,0.0000000000,19.7484424490,2.1557614941,1.5998934150,1.4709428606,67.6018194877,25.3625203476,11.1000000000,1.0000000000,19.7484424490
8.3000000000,0.0000000000,19.8561554347,2.1530315347,1.5998935576,1.4709429337,67.8320024458,25.3667226944,11.1000000000,1.0000000000,19.8561554347
8.3500000000,0.0000000000,19.9637320230,2.1503052288,1.5998937001,1.4709430067,68.0618773205,25.3709469192,11.1000000000,1.0000000000,19.9637320230
8.4000000000,0.0000000000,20.0711723963,2.1475825709,1.5998938423,1.4709430796,68.2914445720,25.3751929838,11.1000000000,1.0000000000,20.0711723963
8.4500000000,0.0000000000,20.1784767369,2.1448635555,1.5998939843,1.4709431524,68.5207046595,25.3794608499,11.1000000000,1.0000000000,20.1784767369
8.5000000000,0.0000000000,20.2856452268,2.1421481772,1.5998941261,1.4709432251,68.7496580416,25.3837504790,11.1000000000,1.0000000000,20.2856452268
8.5500000000,0.0000000000,20.3926780476,2.1394364305,1.5998942677,1.4709432977,68.9783051764,25.3880618332,11.1000000000,1.0000000000,20.3926780476
8.6000000000,0.0000000000,20.4995753809,2.1367283100,1.5998944091,1.4709433702,69.2066465210,25.3923948741,11.1000000000,1.0000000000,20.4995753809
8.6500000000,0.0000000000,20.6063374077,2.1340238104,1.5998945502,1.4709434426,69.4346825320,25.3967495639,11.1000000000,1.0000000000,20.6063374077
8.7000000000,0.0000000000,20.7129643090,2.1313229262,1.5998946912,1.4709435148,69.6624136653,25.4011258644,11.1000000000,1.0000000000,20.7129643090
8.7500000000,0.0000000000,20.8194562654,2.1286256520,1.5998948319,1.4709435870,69.8898403761,25.4055237377,11.1000000000,1.0000000000,20.8194562654
8.8000000000,0.0000000000,20.9258134572,2.1259319824,1.5998949725,1.4709436590,70.1169631188,25.4099431458,11.1000000000,1.0000000000,20.9258134572
8.8500000000,0.0000000000,21.0320360646,2.1232419121,1.5998951128,1.4709437310,70.3437823472,25.4143840511,11.1000000000,1.0000000000,21.0320360646
8.9000000000,0.0000000000,21.1381242673,2.1205554356,1.5998952529,1.4709438028,70.5702985144,25.4188464156,11.1000000000,1.0000000000,21.1381242673
8.9500000000,0.0000000000,21.2440782448,2.1178725477,1.5998953928,1.4709438745,70.7965120729,25.4233302017,11.1000000000,1.0000000000,21.2440782448
9.0000000000,0.0000000000,21.3498981766,2.1151932429,1.5998955325,1.4709439461,71.0224234743,25.4278353717,11.1000000000,1.0000000000,21.3498981766
9.0500000000,0.0000000000,21.4555842415,2.1125175159,1.5998956720,1.4709440176,71.2480331698,25.4323618880,11.1000000000,1.0000000000,21.4555842415
9.1000000000,0.0000000000,21.5611366183,2.1098453614,1.5998958113,1.4709440890,71.4733416097,25.4369097130,11.1000000000,1.0000000000,21.5611366183
9.1500000000,0.0000000000,21.6665554855,2.1071767740,1.5998959504,1.4709441603,71.6983492437,25.4414788093,11.1000000000,1.0000000000,21.6665554855
9.2000000000,0.0000000000,21.7718410213,2.1045117485,1.5998960892,1.4709442315,71.9230565207,25.4460691395,11.1000000000,1.0000000000,21.7718410213
9.2500000000,0.0000000000,21.8769934037,2.1018502794,1.5998962279,1.4709443026,72.1474638892,25.4506806660,11.1000000000,1.0000000000,21.8769934037
9.3000000000,0.0000000000,21.9820128103,2.0991923616,1.5998963664,1.4709443736,72.3715717967,25.4553133517,11.1000000000,1.0000000000,21.9820128103
9.3500000000,0.0000000000,22.0868994185,2.0965379896,1.5998965046,1.4709444444,72.5953806903,25.4599671593,11.1000000000,1.0000000000,22.0868994185
9.4000000000,0.0000000000,22.1916534055,2.0938871582,1.5998966426,1.4709445152,72.8188910161,25.4646420516,11.1000000000,1.0000000000,22.1916534055
9.4500000000,0.0000000000,22.2962749482,2.0912398622,1.5998967805,1.4709445859,73.0421032199,25.4693379914,11.1000000000,1.0000000000,22.2962749482
9.5000000000,0.0000000000,22.4007642232,2.0885960962,1.5998969181,1.4709446564,73.2650177466,25.4740549416,11.1000000000,1.0000000000,22.4007642232
9.5500000000,0.0000000000,22.5051214069,2.0859558550,1.5998970555,1.4709447269,73.4876350403,25.4787928652,11.1000000000,1.0000000000,22.5051214069
9.6000000000,0.0000000000,22.6093466753,2.0833191332,1.5998971927,1.4709447972,73.7099555449,25.4835517253,11.1000000000,1.0000000000,22.6093466753
9.6500000000,0.0000000000,22.7134402042,2.0806859258,1.5998973298,1.4709448674,73.9319797030,25.4883314850,11.1000000000,1.0000000000,22.7134402042
9.7000000000,0.0000000000,22.8174021694,2.0780562274,1.5998974666,1.4709449376,74.1537079570,25.4931321073,11.1000000000,1.0000000000,22.8174021694
9.7500000000,0.0000000000,22.9212327459,2.0754300328,1.5998976032,1.4709450076,74.3751407485,25.4979535555,11.1000000000,1.0000000000,22.9212327459
9.8000000000,0.0000000000,23.0249321090,2.0728073367,1.5998977396,1.4709450775,74.5962785184,25.5027957928,11.1000000000,1.0000000000,23.0249321090
9.8500000000,0.0000000000,23.1285004334,2.0701881340,1.5998978758,1.4709451474,74.8171217069,25.5076587825,11.1000000000,1.0000000000,23.1285004334
9.9000000000,0.0000000000,23.2319378935,2.0675724194,1.5998980118,1.4709452171,75.0376707536,25.5125424881,11.1000000000,1.0000000000,23.2319378935
9.9500000000,0.0000000000,23.3352446638,2.0649601877,1.5998981476,1.4709452867,75.2579260974,25.5174468728,11.1000000000,1.0000000000,23.3352446638
10.0000000000,0.0000000000,23.4384209181,2.0623514337,1.5998982831,1.4709453562,75.4778881766,25.5223719004,11.1000000000,1.0000000000,23.4384209181
10.0500000000,0.0000000000,23.5414668302,2.0597461523,1.5998984185,1.4709454256,75.6975574286,25.5273175341,11.1000000000,1.0000000000,23.5414668302
10.1000000000,0.0000000000,23.6443825737,2.0571443383,1.5998985537,1.4709454949,75.9169342906,25.5322837377,11.1000000000,1.0000000000,23.6443825737
10.1500000000,0.0000000000,23.7471683216,2.0545459865,1.5998986887,1.4709455641,76.1360191986,25.5372704749,11.1000000000,1.0000000000,23.7471683216
10.2000000000,0.0000000000,23.8498242471,2.0519510916,1.5998988235,1.4709456332,76.3548125883,25.5422777092,11.1000000000,1.0000000000,23.8498242471
10.2500000000,0.0000000000,23.9523505228,2.0493596487,1.5998989581,1.4709457022,76.5733148947,25.5473054045,11.1000000000,1.0000000000,23.9523505228
10.3000000000,0.0000000000,24.0547473211,2.0467716525,1.5998990924,1.4709457711,76.7915265520,25.5523535246,11.1000000000,1.0000000000,24.0547473211
10.3500000000,0.0000000000,24.1570148143,2.0441870978,1.5998992266,1.4709458399,77.0094479938,25.5574220333,11.1000000000,1.0000000000,24.1570148143
10.4000000000,0.0000000000,24.2591531743,2.0416059796,1.5998993606,1.4709459085,77.2270796531,25.5625108947,11.1000000000,1.0000000000,24.2591531743
10.4500000000,0.0000000000,24.3611625727,2.0390282927,1.5998994944,1.4709459771,77.4444219622,25.5676200726,11.1000000000,1.0000000000,24.3611625727
10.5000000000,0.0000000000,24.4630431811,2.0364540320,1.5998996280,1.4709460456,77.6614753528,25.5727495312,11.1000000000,1.0000000000,24.4630431811
10.5500000000,0.0000000000,24.5647951705,2.0338831924,1.5998997613,1.4709461140,77.8782402558,25.5778992344,11.1000000000,1.0000000000,24.5647951705
10.6000000000,0.0000000000,24.6664187119,2.0313157688,1.5998998945,1.4709461822,78.0947171016,25.5830691466,11.1000000000,1.0000000000,24.6664187119
10.6500000000,0.0000000000,24.7679139759,2.0287517561,1.5999000275,1.4709462504,78.3109063199,25.5882592318,11.1000000000,1.0000000000,24.7679139759
10.7000000000,0.0000000000,24.8692811330,2.0261911492,1.5999001603,1.4709463185,78.5268083397,25.5934694544,11.1000000000,1.0000000000,24.8692811330
10.7500000000,0.0000000000,24.9705203532,2.0236339431,1.5999002929,1.4709463865,78.7424235895,25.5986997787,11.1000000000,1.0000000000,24.9705203532
10.8000000000,0.0000000000,25.0716318066,2.0210801326,1.5999004253,1.4709464543,78.9577524969,25.6039501690,11.1000000000,1.0000000000,25.0716318066
10.8500000000,0.0000000000,25.1726156627,2.0185297127,1.5999005575,1.4709465221,79.1727954891,25.6092205897,11.1000000000,1.0000000000,25.1726156627
10.9000000000,0.0000000000,25.2734720910,2.0159826783,1.5999006895,1.4709465898,79.3875529925,25.6145110054,11.1000000000,1.0000000000,25.2734720910
10.9500000000,0.0000000000,25.3742012604,2.0134390244,1.5999008213,1.4709466573,79.6020254329,25.6198213806,11.1000000000,1.0000000000,25.3742012604
11.0000000000,0.0000000000,25.4748033401,2.0108987460,1.5999009529,1.4709467248,79.8162132355,25.6251516799,11.1000000000,1.0000000000,25.4748033401
11.0500000000,0.0000000000,25.5752784985,2.0083618380,1.5999010843,1.4709467921,80.0301168248,25.6305018679,11.1000000000,1.0000000000,25.5752784985
11.1000000000,0.0000000000,25.6756269041,2.0058282953,1.5999012155,1.4709468594,80.2437366246,25.6358719094,11.1000000000,1.0000000000,25.6756269041
11.1500000000,0.0000000000,25.7758487250,2.0032981131,1.5999013465,1.4709469266,80.4570730582,25.6412617690,11.1000000000,1.0000000000,25.7758487250
11.2000000000,0.0000000000,25.8759441291,2.0007712862,1.5999014773,1.4709469936,80.6701265482,25.6466714116,11.1000000000,1.0000000000,25.8759441291
11.2500000000,0.0000000000,25.9759132840,1.9982478097,1.5999016079,1.4709470606,80.8828975166,25.6521008021,11.1000000000,1.0000000000,25.9759132840
11.3000000000,0.0000000000,26.0757563571,1.9957276786,1.5999017383,1.4709471275,81.0953863845,25.6575499054,11.1000000000,1.0000000000,26.0757563571
11.3500000000,0.0000000000,26.1754735155,1.9932108878,1.5999018686,1.4709471942,81.3075935728,25.6630186865,11.1000000000,1.0000000000,26.1754735155
11.4000000000,0.0000000000,26.2750649261,1.9906974324,1.5999019986,1.4709472609,81.5195195014,25.6685071103,11.1000000000,1.0000000000,26.2750649261
11.4500000000,0.0000000000,26.3745307556,1.9881873075,1.5999021285,1.4709473274,81.7311645898,25.6740151420,11.1000000000,1.0000000000,26.3745307556
11.5000000000,0.0000000000,26.4738711703,1.9856805080,1.5999022581,1.4709473939,81.9425292566,25.6795427468,11.1000000000,1.0000000000,26.4738711703
11.5500000000,0.0000000000,26.5730863363,1.9831770290,1.5999023876,1.4709474603,82.1536139201,25.6850898897,11.1000000000,1.0000000000,26.5730863363
11.6000000000,0.0000000000,26.6721764196,1.9806768655,1.5999025168,1.4709475265,82.3644189977,25.6906565360,11.1000000000,1.0000000000,26.6721764196
11.6500000000,0.0000000000,26.7711415858,1.9781800127,1.5999026459,1.4709475927,82.5749449063,25.6962426511,11.1000000000,1.0000000000,26.7711415858
11.7000000000,0.0000000000,26.8699820003,1.9756864656,1.5999027748,1.4709476588,82.7851920621,25.7018482003,11.1000000000,1.0000000000,26.8699820003
11.7500000000,0.0000000000,26.9686978281,1.9731962192,1.5999029035,1.4709477248,82.9951608807,25.7074731490,11.1000000000,1.0000000000,26.9686978281
11.8000000000,0.0000000000,27.0672892344,1.9707092686,1.5999030320,1.4709477906,83.2048517771,25.7131174627,11.1000000000,1.0000000000,27.0672892344
11.8500000000,0.0000000000,27.1657563836,1.9682256090,1.5999031603,1.4709478564,83.4142651657,25.7187811068,11.1000000000,1.0000000000,27.1657563836
11.9000000000,0.0000000000,27.2640994402,1.9657452353,1.5999032884,1.4709479221,83.6234014601,25.7244640469,11.1000000000,1.0000000000,27.2640994402
11.9500000000,0.0000000000,27.3623185684,1.9632681428,1.5999034163,1.4709479877,83.8322610734,25.7301662487,11.1000000000,1.0000000000,27.3623185684
12.0000000000,0.0000000000,27.4604139321,1.9607943265,1.5999035441,1.4709480531,84.0408444181,25.7358876778,11.1000000000,1.0000000000,27.4604139321
12.0500000000,0.0000000000,27.5583856950,1.9583237816,1.5999036716,1.4709481185,84.2491519061,25.7416282999,11.1000000000,1.0000000000,27.5583856950
12.1000000000,0.0000000000,27.6562340204,1.9558565031,1.5999037990,1.4709481838,84.4571839485,25.7473880809,11.1000000000,1.0000000000,27.6562340204
12.1500000000,0.0000000000,27.7539590717,1.9533924862,1.5999039261,1.4709482490,84.6649409560,25.7531669865,11.1000000000,1.0000000000,27.7539590717
12.2000000000,0.0000000000,27.8515610117,1.9509317260,1.5999040531,1.4709483141,84.8724233385,25.7589649826,11.1000000000,1.0000000000,27.8515610117
12.2500000000,0.0000000000,27.9490400031,1.9484742177,1.5999041799,1.4709483791,85.0796315054,25.7647820352,11.1000000000,1.0000000000,27.9490400031
12.3000000000,0.0000000000,28.0463962084,1.9460199565,1.5999043065,1.4709484440,85.2865658653,25.7706181103,11.1000000000,1.0000000000,28.0463962084
12.3500000000,0.0000000000,28.1436297898,1.9435689375,1.5999044329,1.4709485088,85.4932268265,25.7764731738,11.1000000000,1.0000000000,28.1436297898
12.4000000000,0.0000000000,28.2407409094,1.9411211558,1.5999045591,1.4709485735,85.6996147963,25.7823471920,11.1000000000,1.0000000000,28.2407409094
12.4500000000,0.0000000000,28.3377297287,1.9386766067,1.5999046851,1.4709486381,85.9057301818,25.7882401308,11.1000000000,1.0000000000,28.3377297287
12.5000000000,0.0000000000,28.4345964094,1.9362352852,1.5999048110,1.4709487026,86.1115733891,25.7941519566,11.1000000000,1.0000000000,28.4345964094
12.5500000000,0.0000000000,28.5313411127,1.9337971868,1.5999049366,1.4709487670,86.3171448238,25.8000826356,11.1000000000,1.0000000000,28.5313411127
12.6000000000,0.0000000000,28.6279639996,1.9313623064,1.5999050621,1.4709488313,86.5224448911,25.8060321341,11.1000000000,1.0000000000,28.6279639996
12.6500000000,0.0000000000,28.7244652308,1.9289306393,1.5999051874,1.4709488956,86.7274739952,25.8120004184,11.1000000000,1.0000000000,28.7244652308
12.7000000000,0.0000000000,28.8208449669,1.9265021808,1.5999053125,1.4709489597,86.9322325401,25.8179874549,11.1000000000,1.0000000000,28.8208449669
12.7500000000,0.0000000000,28.9171033682,1.9240769260,1.5999054374,1.4709490237,87.1367209290,25.8239932102,11.1000000000,1.0000000000,28.9171033682
12.8000000000,0.0000000000,29.0132405948,1.9216548703,1.5999055621,1.4709490876,87.3409395643,25.8300176506,11.1000000000,1.0000000000,29.0132405948
12.8500000000,0.0000000000,29.1092568065,1.9192360087,1.5999056866,1.4709491515,87.5448888481,25.8360607429,11.1000000000,1.0000000000,29.1092568065
12.9000000000,0.0000000000,29.2051521628,1.9168203366,1.5999058110,1.4709492152,87.7485691817,25.8421224535,11.1000000000,1.0000000000,29.2051521628
12.9500000000,0.0000000000,29.3009268231,1.9144078491,1.5999059351,1.4709492789,87.9519809659,25.8482027491,11.1000000000,1.0000000000,29.3009268231
13.0000000000,0.0000000000,29.3965809465,1.9119985417,1.5999060591,1.4709493424,88.1551246009,25.8543015966,11.1000000000,1.0000000000,29.3965809465
13.0500000000,0.0000000000,29.4921146918,1.9095924094,1.5999061829,1.4709494059,88.3580004861,25.8604189625,11.1000000000,1.0000000000,29.4921146918
13.1000000000,0.0000000000,29.5875282178,1.9071894477,1.5999063065,1.4709494693,88.5606090206,25.8665548139,11.1000000000,1.0000000000,29.5875282178
13.1500000000,0.0000000000,29.6828216827,1.9047896517,1.5999064300,1.4709495325,88.7629506026,25.8727091174,11.1000000000,1.0000000000,29.6828216827
13.2000000000,0.0000000000,29.7779952448,1.9023930168,1.5999065532,1.4709495957,88.9650256299,25.8788818401,11.1000000000,1.0000000000,29.7779952448
13.2500000000,0.0000000000,29.8730490620,1.8999995382,1.5999066763,1.4709496588,89.1668344996,25.8850729489,11.1000000000,1.0000000000,29.8730490620
13.3000000000,0.0000000000,29.9679832919,1.8976092112,1.5999067991,1.4709497218,89.3683776082,25.8912824108,11.1000000000,1.0000000000,29.9679832919
13.3500000000,0.0000000000,30.0627980921,1.8952220312,1.5999069218,1.4709497847,89.5696553517,25.8975101930,11.1000000000,1.0000000000,30.0627980921
13.4000000000,0.0000000000,30.1574936196,1.8928379935,1.5999070443,1.4709498475,89.7706681254,25.9037562625,11.1000000000,1.0000000000,30.1574936196
13.4500000000,0.0000000000,30.2520700316,1.8904570934,1.5999071667,1.4709499102,89.9714163239,25.9100205865,11.1000000000,1.0000000000,30.2520700316
13.5000000000,0.0000000000,30.3465274848,1.8880793261,1.5999072888,1.4709499728,90.1719003416,25.9163031323,11.1000000000,1.0000000000,30.3465274848
13.5500000000,0.0000000000,30.4408661356,1.8857046871,1.5999074108,1.4709500353,90.3721205718,25.9226038671,11.1000000000,1.0000000000,30.4408661356
13.6000000000,0.0000000000,30.5350861404,1.8833331717,1.5999075326,1.4709500978,90.5720774075,25.9289227583,11.1000000000,1.0000000000,30.5350861404
13.6500000000,0.0000000000,30.6291876553,1.8809647752,1.5999076542,1.4709501601,90.7717712411,25.9352597732,11.1000000000,1.0000000000,30.6291876553
13.7000000000,0.0000000000,30.7231708359,1.8785994930,1.5999077756,1.4709502224,90.9712024643,25.9416148792,11.1000000000,1.0000000000,30.7231708359
13.7500000000,0.0000000000,30.8170358380,1.8762373205,1.5999078968,1.4709502845,91.1703714682,25.9479880439,11.1000000000,1.0000000000,30.8170358380
13.8000000000,0.0000000000,30.9107828169,1.8738782529,1.5999080179,1.4709503466,91.3692786435,25.9543792348,11.1000000000,1.0000000000,30.9107828169
13.8500000000,0.0000000000,31.0044119276,1.8715222858,1.5999081387,1.4709504085,91.5679243800,25.9607884194,11.1000000000,1.0000000000,31.0044119276
13.9000000000,0.0000000000,31.0979233252,1.8691694144,1.5999082594,1.4709504704,91.7663090672,25.9672155654,11.1000000000,1.0000000000,31.0979233252
13.9500000000,0.0000000000,31.1913171642,1.8668196342,1.5999083800,1.4709505322,91.9644330939,25.9736606404,11.1000000000,1.0000000000,31.1913171642
14.0000000000,0.0000000000,31.2845935991,1.8644729406,1.5999085003,1.4709505939,92.1622968482,25.9801236123,11.1000000000,1.0000000000,31.2845935991
14.0500000000,0.0000000000,31.3777527842,1.8621293290,1.5999086205,1.4709506555,92.3599007178,25.9866044487,11.1000000000,1.0000000000,31.3777527842
14.1000000000,0.0000000000,31.4707948732,1.8597887947,1.5999087404,1.4709507170,92.5572450898,25.9931031175,11.1000000000,1.0000000000,31.4707948732
14.1500000000,0.0000000000,31.5637200201,1.8574513332,1.5999088602,1.4709507784,92.7543303504,25.9996195867,11.1000000000,1.0000000000,31.5637200201
14.2000000000,0.0000000000,31.6565283783,1.8551169400,1.5999089799,1.4709508397,92.9511568857,26.0061538240,11.1000000000,1.0000000000,31.6565283783
14.2500000000,0.0000000000,31.7492201011,1.8527856104,1.5999090993,1.4709509010,93.1477250808,26.0127057975,11.1000000000,1.0000000000,31.7492201011
14.3000000000,0.0000000000,31.8417953416,1.8504573399,1.5999092186,1.4709509621,93.3440353205,26.0192754753,11.1000000000,1.0000000000,31.8417953416
14.3500000000,0.0000000000,31.9342542525,1.8481321239,1.5999093377,1.4709510231,93.5400879888,26.0258628253,11.1000000000,1.0000000000,31.9342542525
14.4000000000,0.0000000000,32.0265969866,1.8458099580,1.5999094566,1.4709510841,93.7358834694,26.0324678158,11.1000000000,1.0000000000,32.0265969866
14.4500000000,0.0000000000,32.1188236961,1.8434908375,1.5999095753,1.4709511450,93.9314221451,26.0390904148,11.1000000000,1.0000000000,32.1188236961
14.5000000000,0.0000000000,32.2109345333,1.8411747579,1.5999096939,1.4709512058,94.1267043982,26.0457305907,11.1000000000,1.0000000000,32.2109345333
14.5500000000,0.0000000000,32.3029296500,1.8388617147,1.5999098123,1.4709512664,94.3217306107,26.0523883117,11.1000000000,1.0000000000,32.3029296500
14.6000000000,0.0000000000,32.3948091979,1.8365517033,1.5999099305,1.4709513270,94.5165011636,26.0590635462,11.1000000000,1.0000000000,32.3948091979
14.6500000000,0.0000000000,32.4865733285,1.8342447194,1.5999100485,1.4709513875,94.7110164376,26.0657562624,11.1000000000,1.0000000000,32.4865733285
14.7000000000,0.0000000000,32.5782221931,1.8319407583,1.5999101663,1.4709514480,94.9052768128,26.0724664289,11.1000000000,1.0000000000,32.5782221931
14.7500000000,0.0000000000,32.6697559427,1.8296398155,1.5999102840,1.4709515083,95.0992826687,26.0791940141,11.1000000000,1.0000000000,32.6697559427
14.8000000000,0.0000000000,32.7611747280,1.8273418866,1.5999104015,1.4709515685,95.2930343841,26.0859389864,11.1000000000,1.0000000000,32.7611747280
14.8500000000,0.0000000000,32.8524786996,1.8250469671,1.5999105189,1.4709516287,95.4865323373,26.0927013146,11.1000000000,1.0000000000,32.8524786996
14.9000000000,0.0000000000,32.9436680079,1.8227550525,1.5999106360,1.4709516887,95.6797769062,26.0994809672,11.1000000000,1.0000000000,32.9436680079
14.9500000000,0.0000000000,33.0347428030,1.8204661383,1.5999107530,1.4709517487,95.8727684679,26.1062779128,11.1000000000,1.0000000000,33.0347428030
15.0000000000,0.0000000000,33.1257032349,1.8181802201,1.5999108698,1.4709518086,96.0655073991,26.1130921202,11.1000000000,1.0000000000,33.1257032349
15.0500000000,0.0000000000,33.2165494530,1.8158972934,1.5999109864,1.4709518684,96.2579940757,26.1199235581,11.1000000000,1.0000000000,33.2165494530
15.1000000000,0.0000000000,33.3072816071,1.8136173537,1.5999111029,1.4709519281,96.4502288732,26.1267721955,11.1000000000,1.0000000000,33.3072816071
15.1500000000,0.0000000000,33.3978998461,1.8113403966,1.5999112192,1.4709519877,96.6422121666,26.1336380010,11.1000000000,1.0000000000,33.3978998461
15.2000000000,0.0000000000,33.4884043193,1.8090664177,1.5999113353,1.4709520472,96.8339443301,26.1405209436,11.1000000000,1.0000000000,33.4884043193
15.2500000000,0.0000000000,33.5787951752,1.8067954125,1.5999114512,1.4709521066,97.0254257377,26.1474209923,11.1000000000,1.0000000000,33.5787951752
15.3000000000,0.0000000000,33.6690725626,1.8045273767,1.5999115670,1.4709521660,97.2166567623,26.1543381161,11.1000000000,1.0000000000,33.6690725626
15.3500000000,0.0000000000,33.7592366298,1.8022623057,1.5999116826,1.4709522252,97.4076377768,26.1612722841,11.1000000000,1.0000000000,33.7592366298
15.4000000000,0.0000000000,33.8492875248,1.8000001952,1.5999117980,1.4709522844,97.5983691531,26.1682234652,11.1000000000,1.0000000000,33.8492875248
15.4500000000,0.0000000000,33.9392253957,1.7977410408,1.5999119133,1.4709523435,97.7888512628,26.1751916288,11.1000000000,1.0000000000,33.9392253957
15.5000000000,0.0000000000,34.0290503900,1.7954848380,1.5999120283,1.4709524025,97.9790844769,26.1821767439,11.1000000000,1.0000000000,34.0290503900
15.5500000000,0.0000000000,34.1187626552,1.7932315826,1.5999121432,1.4709524614,98.1690691656,26.1891787798,11.1000000000,1.0000000000,34.1187626552
15.6000000000,0.0000000000,34.2083623386,1.7909812700,1.5999122580,1.4709525202,98.3588056989,26.1961977058,11.1000000000,1.0000000000,34.2083623386
15.6500000000,0.0000000000,34.2978495872,1.7887338960,1.5999123726,1.4709525789,98.5482944461,26.2032334913,11.1000000000,1.0000000000,34.2978495872
15.7000000000,0.0000000000,34.3872245478,1.7864894561,1.5999124869,1.4709526376,98.7375357757,26.2102861056,11.1000000000,1.0000000000,34.3872245478
15.7500000000,0.0000000000,34.4764873670,1.7842479460,1.5999126012,1.4709526961,98.9265300560,26.2173555182,11.1000000000,1.0000000000,34.4764873670
15.8000000000,0.0000000000,34.5656381912,1.7820093613,1.5999127152,1.4709527546,99.1152776545,26.2244416985,11.1000000000,1.0000000000,34.5656381912
15.8500000000,0.0000000000,34.6546771665,1.7797736977,1.5999128291,1.4709528130,99.3037789383,26.2315446160,11.1000000000,1.0000000000,34.6546771665
15.9000000000,0.0000000000,34.7436044388,1.7775409509,1.5999129428,1.4709528713,99.4920342739,26.2386642404,11.1000000000,1.0000000000,34.7436044388
15.9500000000,0.0000000000,34.8324201539,1.7753111164,1.5999130564,1.4709529295,99.6800440272,26.2458005413,11.1000000000,1.0000000000,34.8324201539
16.0000000000,0.0000000000,34.9211244572,1.7730841900,1.5999131698,1.4709529876,99.8678085636,26.2529534883,11.1000000000,1.0000000000,34.9211244572
16.0500000000,0.0000000000,35.0097174941,1.7708601673,1.5999132830,1.4709530457,100.0553282478,26.2601230512,11.1000000000,1.0000000000,35.0097174941
16.1000000000,0.0000000000,35.0981994097,1.7686390440,1.5999133960,1.4709531036,100.2426034442,26.2673091996,11.1000000000,1.0000000000,35.0981994097
16.1500000000,0.0000000000,35.1865703487,1.7664208159,1.5999135089,1.4709531615,100.4296345165,26.2745119035,11.1000000000,1.0000000000,35.1865703487
16.2000000000,0.0000000000,35.2748304558,1.7642054785,1.5999136216,1.4709532192,100.6164218277,26.2817311327,11.1000000000,1.0000000000,35.2748304558
16.2500000000,0.0000000000,35.3629798754,1.7619930276,1.5999137341,1.4709532769,100.8029657406,26.2889668570,11.1000000000,1.0000000000,35.3629798754
16.3000000000,0.0000000000,35.4510187517,1.7597834589,1.5999138465,1.4709533345,100.9892666172,26.2962190464,11.1000000000,1.0000000000,35.4510187517
16.3500000000,0.0000000000,35.5389472288,1.7575767682,1.5999139587,1.4709533921,101.1753248191,26.3034876710,11.1000000000,1.0000000000,35.5389472288
16.4000000000,0.0000000000,35.6267654504,1.7553729511,1.5999140707,1.4709534495,101.3611407070,26.3107727007,11.1000000000,1.0000000000,35.6267654504
16.4500000000,0.0000000000,35.7144735601,1.7531720033,1.5999141826,1.4709535068,101.5467146416,26.3180741057,11.1000000000,1.0000000000,35.7144735601
16.5000000000,0.0000000000,35.8020717012,1.7509739206,1.5999142943,1.4709535641,101.7320469827,26.3253918561,11.1000000000,1.0000000000,35.8020717012
16.5500000000,0.0000000000,35.8895600168,1.7487786988,1.5999144059,1.4709536213,101.9171380896,26.3327259220,11.1000000000,1.0000000000,35.8895600168
16.6000000000,0.0000000000,35.9769386499,1.7465863336,1.5999145172,1.4709536784,102.1019883210,26.3400762737,11.1000000000,1.0000000000,35.9769386499
16.6500000000,0.0000000000,36.0642077433,1.7443968207,1.5999146284,1.4709537354,102.2865980354,26.3474428815,11.1000000000,1.0000000000,36.0642077433
16.7000000000,0.0000000000,36.1513674393,1.7422101559,1.5999147395,1.4709537923,102.4709675902,26.3548257157,11.1000000000,1.0000000000,36.1513674393
16.7500000000,0.0000000000,36.2384178803,1.7400263349,1.5999148504,1.4709538492,102.6550973428,26.3622247466,11.1000000000,1.0000000000,36.2384178803
16.8000000000,0.0000000000,36.3253592083,1.7378453536,1.5999149611,1.4709539059,102.8389876496,26.3696399447,11.1000000000,1.0000000000,36.3253592083
16.8500000000,0.0000000000,36.4121915653,1.7356672077,1.5999150716,1.4709539626,103.0226388669,26.3770712804,11.1000000000,1.0000000000,36.4121915653
16.9000000000,0.0000000000,36.4989150929,1.7334918929,1.5999151820,1.4709540192,103.2060513501,26.3845187242,11.1000000000,1.0000000000,36.4989150929
16.9500000000,0.0000000000,36.5855299324,1.7313194052,1.5999152922,1.4709540757,103.3892254542,26.3919822467,11.1000000000,1.0000000000,36.5855299324
17.0000000000,0.0000000000,36.6720362253,1.7291497402,1.5999154023,1.4709541321,103.5721615338,26.3994618185,11.1000000000,1.0000000000,36.6720362253
17.0500000000,0.0000000000,36.7584341124,1.7269828938,1.5999155122,1.4709541884,103.7548599427,26.4069574101,11.1000000000,1.0000000000,36.7584341124
17.1000000000,0.0000000000,36.8447237346,1.7248188618,1.5999156219,1.4709542447,103.9373210343,26.4144689924,11.1000000000,1.0000000000,36.8447237346
17.1500000000,0.0000000000,36.9309052325,1.7226576401,1.5999157314,1.4709543008,104.1195451614,26.4219965359,11.1000000000,1.0000000000,36.9309052325
17.2000000000,0.0000000000,37.0169787465,1.7204992243,1.5999158408,1.4709543569,104.3015326765,26.4295400116,11.1000000000,1.0000000000,37.0169787465
17.2500000000,0.0000000000,37.1029444168,1.7183436104,1.5999159501,1.4709544129,104.4832839313,26.4370993901,11.1000000000,1.0000000000,37.1029444168
17.3000000000,0.0000000000,37.1888023833,1.7161907942,1.5999160592,1.4709544688,104.6647992770,26.4446746425,11.1000000000,1.0000000000,37.1888023833
17.3500000000,0.0000000000,37.2745527859,1.7140407716,1.5999161681,1.4709545247,104.8460790644,26.4522657395,11.1000000000,1.0000000000,37.2745527859
17.4000000000,0.0000000000,37.3601957641,1.7118935383,1.5999162768,1.4709545804,105.0271236436,26.4598726522,11.1000000000,1.0000000000,37.3601957641
17.4500000000,0.0000000000,37.4457314572,1.7097490903,1.5999163854,1.4709546361,105.2079333644,26.4674953515,11.1000000000,1.0000000000,37.4457314572
17.5000000000,0.0000000000,37.5311600044,1.7076074234,1.5999164938,1.4709546917,105.3885085758,26.4751338085,11.1000000000,1.0000000000,37.5311600044
17.5500000000,0.0000000000,37.6164815447,1.7054685334,1.5999166021,1.4709547472,105.5688496265,26.4827879944,11.1000000000,1.0000000000,37.6164815447
17.6000000000,0.0000000000,37.7016962167,1.7033324163,1.5999167102,1.4709548026,105.7489568646,26.4904578801,11.1000000000,1.0000000000,37.7016962167
17.6500000000,0.0000000000,37.7868041590,1.7011990679,1.5999168182,1.4709548579,105.9288306375,26.4981434369,11.1000000000,1.0000000000,37.7868041590
17.7000000000,0.0000000000,37.8718055099,1.6990684841,1.5999169260,1.4709549132,106.1084712924,26.5058446361,11.1000000000,1.0000000000,37.8718055099
17.7500000000,0.0000000000,37.9567004076,1.6969406608,1.5999170336,1.4709549684,106.2878791757,26.5135614489,11.1000000000,1.0000000000,37.9567004076
17.8000000000,0.0000000000,38.0414889900,1.6948155939,1.5999171410,1.4709550234,106.4670546334,26.5212938465,11.1000000000,1.0000000000,38.0414889900
17.8500000000,0.0000000000,38.1261713947,1.6926932792,1.5999172484,1.4709550785,106.6459980109,26.5290418005,11.1000000000,1.0000000000,38.1261713947
17.9000000000,0.0000000000,38.2107477592,1.6905737128,1.5999173555,1.4709551334,106.8247096532,26.5368052821,11.1000000000,1.0000000000,38.2107477592
17.9500000000,0.0000000000,38.2952182209,1.6884568905,1.5999174625,1.4709551882,107.0031899047,26.5445842628,11.1000000000,1.0000000000,38.2952182209
18.0000000000,0.0000000000,38.3795829169,1.6863428083,1.5999175693,1.4709552430,107.1814391092,26.5523787142,11.1000000000,1.0000000000,38.3795829169
18.0500000000,0.0000000000,38.4638419840,1.6842314620,1.5999176760,1.4709552977,107.3594576102,26.5601886077,11.1000000000,1.0000000000,38.4638419840
18.1000000000,0.0000000000,38.5479955590,1.6821228477,1.5999177825,1.4709553523,107.5372457505,26.5680139149,11.1000000000,1.0000000000,38.5479955590
18.1500000000,0.0000000000,38.6320437782,1.6800169612,1.5999178888,1.4709554068,107.7148038723,26.5758546074,11.1000000000,1.0000000000,38.6320437782
18.2000000000,0.0000000000,38.7159867781,1.6779137985,1.5999179950,1.4709554612,107.8921323175,26.5837106570,11.1000000000,1.0000000000,38.7159867781
18.2500000000,0.0000000000,38.7998246946,1.6758133555,1.5999181011,1.4709555156,108.0692314275,26.5915820354,11.1000000000,1.0000000000,38.7998246946
18.3000000000,0.0000000000,38.8835576637,1.6737156282,1.5999182070,1.4709555699,108.2461015429,26.5994687142,11.1000000000,1.0000000000,38.8835576637
18.3500000000,0.0000000000,38.9671858210,1.6716206127,1.5999183127,1.4709556241,108.4227430040,26.6073706653,11.1000000000,1.0000000000,38.9671858210
18.4000000000,0.0000000000,39.0507093020,1.6695283047,1.5999184182,1.4709556782,108.5991561506,26.6152878605,11.1000000000,1.0000000000,39.0507093020
18.4500000000,0.0000000000,39.1341282420,1.6674387004,1.5999185237,1.4709557322,108.7753413219,26.6232202718,11.1000000000,1.0000000000,39.1341282420
18.5000000000,0.0000000000,39.2174427760,1.6653517958,1.5999186289,1.4709557862,108.9512988565,26.6311678710,11.1000000000,1.0000000000,39.2174427760
18.5500000000,0.0000000000,39.3006530389,1.6632675867,1.5999187340,1.4709558401,109.1270290928,26.6391306301,11.1000000000,1.0000000000,39.3006530389
18.6000000000,0.0000000000,39.3837591654,1.6611860692,1.5999188389,1.4709558939,109.3025323684,26.6471085211,11.1000000000,1.0000000000,39.3837591654
18.6500000000,0.0000000000,39.4667612900,1.6591072393,1.5999189437,1.4709559476,109.4778090204,26.6551015162,11.1000000000,1.0000000000,39.4667612900
18.7000000000,0.0000000000,39.5496595469,1.6570310930,1.5999190484,1.4709560012,109.6528593856,26.6631095874,11.1000000000,1.0000000000,39.5496595469
18.7500000000,0.0000000000,39.6324540701,1.6549576263,1.5999191528,1.4709560548,109.8276838001,26.6711327068,11.1000000000,1.0000000000,39.6324540701
18.8000000000,0.0000000000,39.7151449937,1.6528868352,1.5999192571,1.4709561082,110.0022825995,26.6791708466,11.1000000000,1.0000000000,39.7151449937
18.8500000000,0.0000000000,39.7977324511,1.6508187159,1.5999193613,1.4709561616,110.1766561191,26.6872239792,11.1000000000,1.0000000000,39.7977324511
18.9000000000,0.0000000000,39.8802165760,1.6487532642,1.5999194653,1.4709562150,110.3508046933,26.6952920766,11.1000000000,1.0000000000,39.8802165760
18.9500000000,0.0000000000,39.9625975016,1.6466904763,1.5999195692,1.4709562682,110.5247286564,26.7033751114,11.1000000000,1.0000000000,39.9625975016
19.0000000000,0.0000000000,40.0448753609,1.6446303481,1.5999196729,1.4709563214,110.6984283419,26.7114730558,11.1000000000,1.0000000000,40.0448753609
19.0500000000,0.0000000000,40.1270502869,1.6425728758,1.5999197764,1.4709563744,110.8719040831,26.7195858822,11.1000000000,1.0000000000,40.1270502869
19.1000000000,0.0000000000,40.2091224122,1.6405180553,1.5999198798,1.4709564274,111.0451562124,26.7277135631,11.1000000000,1.0000000000,40.2091224122
19.1500000000,0.0000000000,40.2910918693,1.6384658828,1.5999199830,1.4709564804,111.2181850620,26.7358560710,11.1000000000,1.0000000000,40.2910918693
19.2000000000,0.0000000000,40.3729587905,1.6364163544,1.5999200861,1.4709565332,111.3909909636,26.7440133784,11.1000000000,1.0000000000,40.3729587905
19.2500000000,0.0000000000,40.4547233079,1.6343694660,1.5999201891,1.4709565860,111.5635742481,26.7521854579,11.1000000000,1.0000000000,40.4547233079
19.3000000000,0.0000000000,40.5363855534,1.6323252137,1.5999202918,1.4709566387,111.7359352463,26.7603722821,11.1000000000,1.0000000000,40.5363855534
19.3500000000,0.0000000000,40.6179456587,1.6302835938,1.5999203945,1.4709566913,111.9080742882,26.7685738237,11.1000000000,1.0000000000,40.6179456587
19.4000000000,0.0000000000,40.6994037553,1.6282446022,1.5999204969,1.4709567438,112.0799917034,26.7767900553,11.1000000000,1.0000000000,40.6994037553
19.4500000000,0.0000000000,40.7807599745,1.6262082350,1.5999205993,1.4709567963,112.2516878211,26.7850209498,11.1000000000,1.0000000000,40.7807599745
19.5000000000,0.0000000000,40.8620144474,1.6241744884,1.5999207014,1.4709568486,112.4231629697,26.7932664798,11.1000000000,1.0000000000,40.8620144474
19.5500000000,0.0000000000,40.9431673049,1.6221433584,1.5999208034,1.4709569009,112.5944174775,26.8015266183,11.1000000000,1.0000000000,40.9431673049
19.6000000000,0.0000000000,41.0242186779,1.6201148412,1.5999209053,1.4709569531,112.7654516721,26.8098013381,11.1000000000,1.0000000000,41.0242186779
19.6500000000,0.0000000000,41.1051686967,1.6180889329,1.5999210070,1.4709570053,112.9362658805,26.8180906121,11.1000000000,1.0000000000,41.1051686967
19.7000000000,0.0000000000,41.1860174918,1.6160656297,1.5999211086,1.4709570574,113.1068604294,26.8263944134,11.1000000000,1.0000000000,41.1860174918
19.7500000000,0.0000000000,41.2667651932,1.6140449276,1.5999212100,1.4709571093,113.2772356449,26.8347127147,11.1000000000,1.0000000000,41.2667651932
19.8000000000,0.0000000000,41.3474119310,1.6120268228,1.5999213113,1.4709571613,113.4473918526,26.8430454893,11.1000000000,1.0000000000,41.3474119310
19.8500000000,0.0000000000,41.4279578349,1.6100113114,1.5999214124,1.4709572131,113.6173293778,26.8513927102,11.1000000000,1.0000000000,41.4279578349
19.9000000000,0.0000000000,41.5084030344,1.6079983896,1.5999215133,1.4709572648,113.7870485449,26.8597543506,11.1000000000,1.0000000000,41.5084030344
19.9500000000,0.0000000000,41.5887476590,1.6059880536,1.5999216142,1.4709573165,113.9565496782,26.8681303835,11.1000000000,1.0000000000,41.5887476590
20.0000000000,0.0000000000,41.6689918378,1.6039802994,1.5999217148,1.4709573681,114.1258331014,26.8765207822,11.1000000000,1.0000000000,41.6689918378
20.0500000000,0.0000000000,41.7491356998,1.6019751234,1.5999218153,1.4709574197,114.2948991376,26.8849255200,11.1000000000,1.0000000000,41.7491356998
20.1000000000,0.0000000000,41.8291793738,1.5999725216,1.5999219157,1.4709574711,114.4637481095,26.8933445701,11.1000000000,1.0000000000,41.8291793738
20.1500000000,0.0000000000,41.9091229884,1.5979724902,1.5999220159,1.4709575225,114.6323803393,26.9017779058,11.1000000000,1.0000000000,41.9091229884
20.2000000000,0.0000000000,41.9889666721,1.5959750254,1.5999221160,1.4709575738,114.8007961488,26.9102255007,11.1000000000,1.0000000000,41.9889666721
20.2500000000,0.0000000000,42.0687105530,1.5939801235,1.5999222159,1.4709576250,114.9689958590,26.9186873279,11.1000000000,1.0000000000,42.0687105530
20.3000000000,0.0000000000,42.1483547592,1.5919877805,1.5999223157,1.4709576762,115.1369797909,26.9271633611,11.1000000000,1.0000000000,42.1483547592
20.3500000000,0.0000000000,42.2278994185,1.5899979928,1.5999224153,1.4709577272,115.3047482645,26.9356535737,11.1000000000,1.0000000000,42.2278994185
20.4000000000,0.0000000000,42.3073446586,1.5880107565,1.5999225148,1.4709577782,115.4723015998,26.9441579392,11.1000000000,1.0000000000,42.3073446586
20.4500000000,0.0000000000,42.3866906070,1.5860260678,1.5999226141,1.4709578291,115.6396401159,26.9526764313,11.1000000000,1.0000000000,42.3866906070
20.5000000000,0.0000000000,42.4659373909,1.5840439229,1.5999227133,1.4709578800,115.8067641317,26.9612090235,11.1000000000,1.0000000000,42.4659373909
20.5500000000,0.0000000000,42.5450851375,1.5820643182,1.5999228123,1.4709579307,115.9736739655,26.9697556895,11.1000000000,1.0000000000,42.5450851375
20.6000000000,0.0000000000,42.6241339736,1.5800872497,1.5999229112,1.4709579814,116.1403699351,26.9783164030,11.1000000000,1.0000000000,42.6241339736
20.6500000000,0.0000000000,42.7030840259,1.5781127138,1.5999230099,1.4709580321,116.3068523579,26.9868911378,11.1000000000,1.0000000000,42.7030840259
20.7000000000,0.0000000000,42.7819354209,1.5761407066,1.5999231085,1.4709580826,116.4731215508,26.9954798676,11.1000000000,1.0000000000,42.7819354209
20.7500000000,0.0000000000,42.8606882851,1.5741712245,1.5999232070,1.4709581331,116.6391778300,27.0040825663,11.1000000000,1.0000000000,42.8606882851
20.8000000000,0.0000000000,42.9393427445,1.5722042637,1.5999233053,1.4709581835,116.8050215117,27.0126992077,11.1000000000,1.0000000000,42.9393427445
20.8500000000,0.0000000000,43.0178989251,1.5702398204,1.5999234034,1.4709582338,116.9706529111,27.0213297657,11.1000000000,1.0000000000,43.0178989251
20.9000000000,0.0000000000,43.0963569527,1.5682778910,1.5999235014,1.4709582840,117.1360723433,27.0299742143,11.1000000000,1.0000000000,43.0963569527
20.9500000000,0.0000000000,43.1747169529,1.5663184716,1.5999235993,1.4709583342,117.3012801228,27.0386325274,11.1000000000,1.0000000000,43.1747169529
21.0000000000,0.0000000000,43.2529790510,1.5643615586,1.5999236970,1.4709583843,117.4662765634,27.0473046792,11.1000000000,1.0000000000,43.2529790510
21.0500000000,0.0000000000,43.3311433724,1.5624071482,1.5999237946,1.4709584343,117.6310619789,27.0559906436,11.1000000000,1.0000000000,43.3311433724
21.1000000000,0.0000000000,43.4092100419,1.5604552368,1.5999238920,1.4709584842,117.7956366822,27.0646903948,11.1000000000,1.0000000000,43.4092100419
21.1500000000,0.0000000000,43.4871791845,1.5585058205,1.5999239893,1.4709585341,117.9600009859,27.0734039068,11.1000000000,1.0000000000,43.4871791845
21.2000000000,0.0000000000,43.5650509248,1.5565588958,1.5999240864,1.4709585839,118.1241552021,27.0821311540,11.1000000000,1.0000000000,43.5650509248
21.2500000000,0.0000000000,43.6428253874,1.5546144590,1.5999241834,1.4709586336,118.2880996425,27.0908721105,11.1000000000,1.0000000000,43.6428253874
21.3000000000,0.0000000000,43.7205026964,1.5526725062,1.5999242803,1.4709586833,118.4518346182,27.0996267506,11.1000000000,1.0000000000,43.7205026964
21.3500000000,0.0000000000,43.7980829760,1.5507330340,1.5999243770,1.4709587329,118.6153604399,27.1083950486,11.1000000000,1.0000000000,43.7980829760
21.4000000000,0.0000000000,43.8755663501,1.5487960385,1.5999244736,1.4709587824,118.7786774179,27.1171769788,11.1000000000,1.0000000000,43.8755663501
21.4500000000,0.0000000000,43.9529529425,1.5468615161,1.5999245700,1.4709588318,118.9417858619,27.1259725157,11.1000000000,1.0000000000,43.9529529425
21.5000000000,0.0000000000,44.0302428766,1.5449294631,1.5999246663,1.4709588811,119.1046860812,27.1347816337,11.1000000000,1.0000000000,44.0302428766
21.5500000000,0.0000000000,44.1074362760,1.5429998759,1.5999247624,1.4709589304,119.2673783846,27.1436043071,11.1000000000,1.0000000000,44.1074362760
21.6000000000,0.0000000000,44.1845332637,1.5410727509,1.5999248584,1.4709589796,119.4298630804,27.1524405106,11.1000000000,1.0000000000,44.1845332637
21.6500000000,0.0000000000,44.2615339628,1.5391480843,1.5999249542,1.4709590288,119.5921404766,27.1612902187,11.1000000000,1.0000000000,44.2615339628
21.7000000000,0.0000000000,44.3384384960,1.5372258725,1.5999250499,1.4709590778,119.7542108805,27.1701534060,11.1000000000,1.0000000000,44.3384384960
21.7500000000,0.0000000000,44.4152469861,1.5353061119,1.5999251455,1.4709591268,119.9160745992,27.1790300470,11.1000000000,1.0000000000,44.4152469861
21.8000000000,0.0000000000,44.4919595555,1.5333887989,1.5999252409,1.4709591757,120.0777319390,27.1879201166,11.1000000000,1.0000000000,44.4919595555
21.8500000000,0.0000000000,44.5685763265,1.5314739297,1.5999253362,1.4709592246,120.2391832061,27.1968235892,11.1000000000,1.0000000000,44.5685763265
21.9000000000,0.0000000000,44.6450974211,1.5295615009,1.5999254314,1.4709592734,120.4004287060,27.2057404398,11.1000000000,1.0000000000,44.6450974211
21.9500000000,0.0000000000,44.7215229614,1.5276515088,1.5999255264,1.4709593221,120.5614687437,27.2146706431,11.1000000000,1.0000000000,44.7215229614
22.0000000000,0.0000000000,44.7978530689,1.5257439497,1.5999256212,1.4709593707,120.7223036240,27.2236141738,11.1000000000,1.0000000000,44.7978530689
22.0500000000,0.0000000000,44.8740878653,1.5238388200,1.5999257159,1.4709594193,120.8829336510,27.2325710070,11.1000000000,1.0000000000,44.8740878653
22.1000000000,0.0000000000,44.9502274719,1.5219361163,1.5999258105,1.4709594677,121.0433591284,27.2415411174,11.1000000000,1.0000000000,44.9502274719
22.1500000000,0.0000000000,45.0262720100,1.5200358348,1.5999259050,1.4709595161,121.2035803594,27.2505244800,11.1000000000,1.0000000000,45.0262720100
22.2000000000,0.0000000000,45.1022216006,1.5181379719,1.5999259993,1.4709595645,121.3635976469,27.2595210698,11.1000000000,1.0000000000,45.1022216006
22.2500000000,0.0000000000,45.1780763644,1.5162425242,1.5999260934,1.4709596128,121.5234112933,27.2685308618,11.1000000000,1.0000000000,45.1780763644
22.3000000000,0.0000000000,45.2538364222,1.5143494879,1.5999261874,1.4709596610,121.6830216003,27.2775538311,11.1000000000,1.0000000000,45.2538364222
22.3500000000,0.0000000000,45.3295018944,1.5124588596,1.5999262813,1.4709597091,121.8424288694,27.2865899527,11.1000000000,1.0000000000,45.3295018944
22.4000000000,0.0000000000,45.4050729013,1.5105706357,1.5999263751,1.4709597571,122.0016334016,27.2956392018,11.1000000000,1.0000000000,45.4050729013
22.4500000000,0.0000000000,45.4805495630,1.5086848125,1.5999264687,1.4709598051,122.1606354974,27.3047015535,11.1000000000,1.0000000000,45.4805495630
22.5000000000,0.0000000000,45.5559319996,1.5068013866,1.5999265621,1.4709598530,122.3194354569,27.3137769832,11.1000000000,1.0000000000,45.5559319996
22.5500000000,0.0000000000,45.6312203306,1.5049203544,1.5999266554,1.4709599009,122.4780335796,27.3228654659,11.1000000000,1.0000000000,45.6312203306
22.6000000000,0.0000000000,45.7064146759,1.5030417124,1.5999267486,1.4709599486,122.6364301647,27.3319669770,11.1000000000,1.0000000000,45.7064146759
22.6500000000,0.0000000000,45.7815151546,1.5011654569,1.5999268417,1.4709599963,122.7946255109,27.3410814919,11.1000000000,1.0000000000,45.7815151546
22.7000000000,0.0000000000,45.8565218861,1.4992915845,1.5999269346,1.4709600440,122.9526199165,27.3502089858,11.1000000000,1.0000000000,45.8565218861
22.7500000000,0.0000000000,45.9314349895,1.4974200916,1.5999270274,1.4709600915,123.1104136792,27.3593494343,11.1000000000,1.0000000000,45.9314349895
22.8000000000,0.0000000000,46.0062545836,1.4955509748,1.5999271200,1.4709601390,123.2680070964,27.3685028126,11.1000000000,1.0000000000,46.0062545836
22.8500000000,0.0000000000,46.0809807871,1.4936842304,1.5999272125,1.4709601864,123.4254004649,27.3776690964,11.1000000000,1.0000000000,46.0809807871
22.9000000000,0.0000000000,46.1556137185,1.4918198550,1.5999273049,1.4709602338,123.5825940813,27.3868482611,11.1000000000,1.0000000000,46.1556137185
22.9500000000,0.0000000000,46.2301534962,1.4899578450,1.5999273971,1.4709602811,123.7395882416,27.3960402823,11.1000000000,1.0000000000,46.2301534962
23.0000000000,0.0000000000,46.3046002384,1.4880981971,1.5999274892,1.4709603283,123.8963832412,27.4052451356,11.1000000000,1.0000000000,46.3046002384
23.0500000000,0.0000000000,46.3789540631,1.4862409075,1.5999275811,1.4709603754,124.0529793752,27.4144627965,11.1000000000,1.0000000000,46.3789540631
23.1000000000,0.0000000000,46.4532150881,1.4843859730,1.5999276729,1.4709604225,124.2093769384,27.4236932409,11.1000000000,1.0000000000,46.4532150881
23.1500000000,0.0000000000,46.5273834310,1.4825333899,1.5999277646,1.4709604695,124.3655762249,27.4329364443,11.1000000000,1.0000000000,46.5273834310
23.2000000000,0.0000000000,46.6014592093,1.4806831548,1.5999278562,1.4709605164,124.5215775285,27.4421923825,11.1000000000,1.0000000000,46.6014592093
23.2500000000,0.0000000000,46.6754425404,1.4788352642,1.5999279476,1.4709605633,124.6773811426,27.4514610313,11.1000000000,1.0000000000,46.6754425404
23.3000000000,0.0000000000,46.7493335414,1.4769897147,1.5999280388,1.4709606101,124.8329873599,27.4607423666,11.1000000000,1.0000000000,46.7493335414
23.3500000000,0.0000000000,46.8231323291,1.4751465027,1.5999281300,1.4709606568,124.9883964729,27.4700363641,11.1000000000,1.0000000000,46.8231323291
23.4000000000,0.0000000000,46.8968390205,1.4733056249,1.5999282210,1.4709607034,125.1436087736,27.4793429999,11.1000000000,1.0000000000,46.8968390205
23.4500000000,0.0000000000,46.9704537321,1.4714670777,1.5999283118,1.4709607500,125.2986245536,27.4886622497,11.1000000000,1.0000000000,46.9704537321
23.5000000000,0.0000000000,47.0439765803,1.4696308577,1.5999284026,1.4709607965,125.4534441040,27.4979940896,11.1000000000,1.0000000000,47.0439765803
23.5500000000,0.0000000000,47.1174076815,1.4677969614,1.5999284932,1.4709608430,125.6080677154,27.5073384956,11.1000000000,1.0000000000,47.1174076815
23.6000000000,0.0000000000,47.1907471517,1.4659653855,1.5999285836,1.4709608893,125.7624956780,27.5166954437,11.1000000000,1.0000000000,47.1907471517
23.6500000000,0.0000000000,47.2639951068,1.4641361265,1.5999286740,1.4709609357,125.9167282817,27.5260649100,11.1000000000,1.0000000000,47.2639951068
23.7000000000,0.0000000000,47.3371516626,1.4623091809,1.5999287642,1.4709609819,126.0707658158,27.5354468706,11.1000000000,1.0000000000,47.3371516626
23.7500000000,0.0000000000,47.4102169346,1.4604845453,1.5999288542,1.4709610281,126.2246085691,27.5448413017,11.1000000000,1.0000000000,47.4102169346
23.8000000000,0.0000000000,47.4831910383,1.4586622163,1.5999289442,1.4709610742,126.3782568303,27.5542481795,11.1000000000,1.0000000000,47.4831910383
23.8500000000,0.0000000000,47.5560740889,1.4568421905,1.5999290340,1.4709611202,126.5317108872,27.5636674802,11.1000000000,1.0000000000,47.5560740889
23.9000000000,0.0000000000,47.6288662015,1.4550244645,1.5999291236,1.4709611662,126.6849710276,27.5730991801,11.1000000000,1.0000000000,47.6288662015
23.9500000000,0.0000000000,47.7015674909,1.4532090349,1.5999292132,1.4709612121,126.8380375385,27.5825432554,11.1000000000,1.0000000000,47.7015674909
24.0000000000,0.0000000000,47.7741780720,1.4513958982,1.5999293026,1.4709612579,126.9909107067,27.5919996826,11.1000000000,1.0000000000,47.7741780720
24.0500000000,0.0000000000,47.8466980592,1.4495850511,1.5999293918,1.4709613036,127.1435908185,27.6014684379,11.1000000000,1.0000000000,47.8466980592
24.1000000000,0.0000000000,47.9191275669,1.4477764902,1.5999294810,1.4709613493,127.2960781598,27.6109494979,11.1000000000,1.0000000000,47.9191275669
24.1500000000,0.0000000000,47.9914667093,1.4459702121,1.5999295700,1.4709613950,127.4483730159,27.6204428389,11.1000000000,1.0000000000,47.9914667093
24.2000000000,0.0000000000,48.0637156006,1.4441662134,1.5999296588,1.4709614405,127.6004756720,27.6299484375,11.1000000000,1.0000000000,48.0637156006
24.2500000000,0.0000000000,48.1358743545,1.4423644908,1.5999297476,1.4709614860,127.7523864125,27.6394662701,11.1000000000,1.0000000000,48.1358743545
24.3000000000,0.0000000000,48.2079430848,1.4405650408,1.5999298362,1.4709615314,127.9041055217,27.6489963133,11.1000000000,1.0000000000,48.2079430848
24.3500000000,0.0000000000,48.2799219050,1.4387678602,1.5999299246,1.4709615768,128.0556332831,27.6585385438,11.1000000000,1.0000000000,48.2799219050
24.4000000000,0.0000000000,48.3518109285,1.4369729455,1.5999300130,1.4709616221,128.2069699801,27.6680929381,11.1000000000,1.0000000000,48.3518109285
24.4500000000,0.0000000000,48.4236102685,1.4351802934,1.5999301012,1.4709616673,128.3581158955,27.6776594730,11.1000000000,1.0000000000,48.4236102685
24.5000000000,0.0000000000,48.4953200381,1.4333899005,1.5999301893,1.4709617125,128.5090713118,27.6872381250,11.1000000000,1.0000000000,48.4953200381
24.5500000000,0.0000000000,48.5669403500,1.4316017636,1.5999302772,1.4709617575,128.6598365110,27.6968288711,11.1000000000,1.0000000000,48.5669403500
24.6000000000,0.0000000000,48.6384713171,1.4298158792,1.5999303651,1.4709618026,128.8104117745,27.7064316879,11.1000000000,1.0000000000,48.6384713171
24.6500000000,0.0000000000,48.7099130518,1.4280322441,1.5999304528,1.4709618475,128.9607973837,27.7160465523,11.1000000000,1.0000000000,48.7099130518
24.7000000000,0.0000000000,48.7812656666,1.4262508549,1.5999305403,1.4709618924,129.1109936191,27.7256734411,11.1000000000,1.0000000000,48.7812656666
24.7500000000,0.0000000000,48.8525292736,1.4244717082,1.5999306278,1.4709619372,129.2610007610,27.7353123312,11.1000000000,1.0000000000,48.8525292736
24.8000000000,0.0000000000,48.9237039848,1.4226948009,1.5999307151,1.4709619820,129.4108190894,27.7449631995,11.1000000000,1.0000000000,48.9237039848
24.8500000000,0.0000000000,48.9947899121,1.4209201294,1.5999308022,1.4709620267,129.5604488837,27.7546260230,11.1000000000,1.0000000000,48.9947899121
24.9000000000,0.0000000000,49.0657871673,1.4191476907,1.5999308893,1.4709620713,129.7098904229,27.7643007787,11.1000000000,1.0000000000,49.0657871673
24.9500000000,0.0000000000,49.1366958619,1.4173774812,1.5999309762,1.4709621159,129.8591439855,27.7739874436,11.1000000000,1.0000000000,49.1366958619
25.0000000000,0.0000000000,49.2075161073,1.4156094978,1.5999310630,1.4709621603,130.0082098498,27.7836859947,11.1000000000,1.0000000000,49.2075161073
25.0500000000,0.0000000000,49.2782480146,1.4138437372,1.5999311496,1.4709622048,130.1570882936,27.7933964093,11.1000000000,1.0000000000,49.2782480146
25.1000000000,0.0000000000,49.3488916949,1.4120801960,1.5999312362,1.4709622491,130.3057795941,27.8031186643,11.1000000000,1.0000000000,49.3488916949
25.1500000000,0.0000000000,49.4194472591,1.4103188709,1.5999313226,1.4709622934,130.4542840283,27.8128527371,11.1000000000,1.0000000000,49.4194472591
25.2000000000,0.0000000000,49.4899148180,1.4085597588,1.5999314089,1.4709623377,130.6026018727,27.8225986047,11.1000000000,1.0000000000,49.4899148180
25.2500000000,0.0000000000,49.5602944820,1.4068028563,1.5999314950,1.4709623818,130.7507334034,27.8323562445,11.1000000000,1.0000000000,49.5602944820
25.3000000000,0.0000000000,49.6305863616,1.4050481601,1.5999315810,1.4709624259,130.8986788959,27.8421256337,11.1000000000,1.0000000000,49.6305863616
25.3500000000,0.0000000000,49.7007905669,1.4032956671,1.5999316669,1.4709624699,131.0464386257,27.8519067496,11.1000000000,1.0000000000,49.7007905669
25.4000000000,0.0000000000,49.7709072082,1.4015453738,1.5999317527,1.4709625139,131.1940128674,27.8616995696,11.1000000000,1.0000000000,49.7709072082
25.4500000000,0.0000000000,49.8409363951,1.3997972772,1.5999318383,1.4709625578,131.3414018955,27.8715040711,11.1000000000,1.0000000000,49.8409363951
25.5000000000,0.0000000000,49.9108782376,1.3980513739,1.5999319238,1.4709626017,131.4886059840,27.8813202314,11.1000000000,1.0000000000,49.9108782376
25.5500000000,0.0000000000,49.9807328452,1.3963076606,1.5999320092,1.4709626454,131.6356254066,27.8911480281,11.1000000000,1.0000000000,49.9807328452
25.6000000000,0.0000000000,50.0505003272,1.3945661342,1.5999320945,1.4709626891,131.7824604362,27.9009874386,11.1000000000,1.0000000000,50.0505003272
25.6500000000,0.0000000000,50.1201807930,1.3928267914,1.5999321796,1.4709627328,131.9291113458,27.9108384405,11.1000000000,1.0000000000,50.1201807930
25.7000000000,0.0000000000,50.1897743516,1.3910896290,1.5999322646,1.4709627764,132.0755784076,27.9207010113,11.1000000000,1.0000000000,50.1897743516
25.7500000000,0.0000000000,50.2592811120,1.3893546437,1.5999323495,1.4709628199,132.2218618936,27.9305751286,11.1000000000,1.0000000000,50.2592811120
25.8000000000,0.0000000000,50.3287011829,1.3876218324,1.5999324343,1.4709628633,132.3679620753,27.9404607701,11.1000000000,1.0000000000,50.3287011829
25.8500000000,0.0000000000,50.3980346730,1.3858911918,1.5999325189,1.4709629067,132.5138792238,27.9503579134,11.1000000000,1.0000000000,50.3980346730
25.9000000000,0.0000000000,50.4672816906,1.3841627187,1.5999326034,1.4709629500,132.6596136098,27.9602665362,11.1000000000,1.0000000000,50.4672816906
25.9500000000,0.0000000000,50.5364423441,1.3824364100,1.5999326878,1.4709629933,132.8051655036,27.9701866162,11.1000000000,1.0000000000,50.5364423441
26.0000000000,0.0000000000,50.6055167417,1.3807122623,1.5999327721,1.4709630365,132.9505351751,27.9801181312,11.1000000000,1.0000000000,50.6055167417
26.0500000000,0.0000000000,50.6745049912,1.3789902725,1.5999328562,1.4709630796,133.0957228937,27.9900610591,11.1000000000,1.0000000000,50.6745049912
26.1000000000,0.0000000000,50.7434072004,1.3772704375,1.5999329402,1.4709631227,133.2407289286,28.0000153776,11.1000000000,1.0000000000,50.7434072004
26.1500000000,0.0000000000,50.8122234771,1.3755527540,1.5999330241,1.4709631657,133.3855535483,28.0099810646,11.1000000000,1.0000000000,50.8122234771
26.2000000000,0.0000000000,50.8809539288,1.3738372188,1.5999331078,1.4709632086,133.5301970211,28.0199580981,11.1000000000,1.0000000000,50.8809539288
26.2500000000,0.0000000000,50.9495986626,1.3721238288,1.5999331915,1.4709632515,133.6746596148,28.0299464560,11.1000000000,1.0000000000,50.9495986626
26.3000000000,0.0000000000,51.0181577859,1.3704125808,1.5999332750,1.4709632943,133.8189415970,28.0399461162,11.1000000000,1.0000000000,51.0181577859
26.3500000000,0.0000000000,51.0866314057,1.3687034717,1.5999333584,1.4709633370,133.9630432346,28.0499570568,11.1000000000,1.0000000000,51.0866314057
26.4000000000,0.0000000000,51.1550196287,1.3669964982,1.5999334416,1.4709633797,134.1069647943,28.0599792558,11.1000000000,1.0000000000,51.1550196287
26.4500000000,0.0000000000,51.2233225617,1.3652916573,1.5999335248,1.4709634224,134.2507065422,28.0700126912,11.1000000000,1.0000000000,51.2233225617
26.5000000000,0.0000000000,51.2915403112,1.3635889457,1.5999336078,1.4709634649,134.3942687443,28.0800573413,11.1000000000,1.0000000000,51.2915403112
26.5500000000,0.0000000000,51.3596729836,1.3618883604,1.5999336907,1.4709635074,134.5376516659,28.0901131842,11.1000000000,1.0000000000,51.3596729836
26.6000000000,0.0000000000,51.4277206852,1.3601898981,1.5999337735,1.4709635498,134.6808555721,28.1001801979,11.1000000000,1.0000000000,51.4277206852
26.6500000000,0.0000000000,51.4956835219,1.3584935558,1.5999338561,1.4709635922,134.8238807274,28.1102583608,11.1000000000,1.0000000000,51.4956835219
26.7000000000,0.0000000000,51.5635615998,1.3567993303,1.5999339387,1.4709636345,134.9667273961,28.1203476511,11.1000000000,1.0000000000,51.5635615998
26.7500000000,0.0000000000,51.6313550245,1.3551072184,1.5999340211,1.4709636768,135.1093958421,28.1304480471,11.1000000000,1.0000000000,51.6313550245
26.8000000000,0.0000000000,51.6990639017,1.3534172171,1.5999341034,1.4709637190,135.2518863287,28.1405595271,11.1000000000,1.0000000000,51.6990639017
26.8500000000,0.0000000000,51.7666883368,1.3517293233,1.5999341855,1.4709637611,135.3941991189,28.1506820694,11.1000000000,1.0000000000,51.7666883368
26.9000000000,0.0000000000,51.8342284351,1.3500435338,1.5999342676,1.4709638031,135.5363344755,28.1608156525,11.1000000000,1.0000000000,51.8342284351
26.9500000000,0.0000000000,51.9016843017,1.3483598455,1.5999343495,1.4709638451,135.6782926605,28.1709602547,11.1000000000,1.0000000000,51.9016843017
27.0000000000,0.0000000000,51.9690560416,1.3466782553,1.5999344313,1.4709638871,135.8200739359,28.1811158546,11.1000000000,1.0000000000,51.9690560416
27.0500000000,0.0000000000,52.0363437596,1.3449987601,1.5999345130,1.4709639289,135.9616785630,28.1912824305,11.1000000000,1.0000000000,52.0363437596
27.1000000000,0.0000000000,52.1035475604,1.3433213568,1.5999345945,1.4709639707,136.1031068030,28.2014599610,11.1000000000,1.0000000000,52.1035475604
27.1500000000,0.0000000000,52.1706675484,1.3416460423,1.5999346760,1.4709640125,136.2443589164,28.2116484246,11.1000000000,1.0000000000,52.1706675484
27.2000000000,0.0000000000,52.2377038282,1.3399728136,1.5999347573,1.4709640542,136.3854351636,28.2218478001,11.1000000000,1.0000000000,52.2377038282
27.2500000000,0.0000000000,52.3046565037,1.3383016675,1.5999348385,1.4709640958,136.5263358043,28.2320580659,11.1000000000,1.0000000000,52.3046565037
27.3000000000,0.0000000000,52.3715256792,1.3366326010,1.5999349196,1.4709641374,136.6670610980,28.2422792007,11.1000000000,1.0000000000,52.3715256792
27.3500000000,0.0000000000,52.4383114585,1.3349656110,1.5999350005,1.4709641789,136.8076113038,28.2525111832,11.1000000000,1.0000000000,52.4383114585
27.4000000000,0.0000000000,52.5050139453,1.3333006945,1.5999350814,1.4709642203,136.9479866804,28.2627539921,11.1000000000,1.0000000000,52.5050139453
27.4500000000,0.0000000000,52.5716332432,1.3316378483,1.5999351621,1.4709642617,137.0881874860,28.2730076062,11.1000000000,1.0000000000,52.5716332432
27.5000000000,0.0000000000,52.6381694557,1.3299770694,1.5999352427,1.4709643030,137.2282139786,28.2832720043,11.1000000000,1.0000000000,52.6381694557
27.5500000000,0.0000000000,52.7046226860,1.3283183548,1.5999353232,1.4709643443,137.3680664157,28.2935471651,11.1000000000,1.0000000000,52.7046226860
27.6000000000,0.0000000000,52.7709930373,1.3266617015,1.5999354035,1.4709643855,137.5077450544,28.3038330676,11.1000000000,1.0000000000,52.7709930373
27.6500000000,0.0000000000,52.8372806125,1.3250071063,1.5999354838,1.4709644266,137.6472501513,28.3141296906,11.1000000000,1.0000000000,52.8372806125
27.7000000000,0.0000000000,52.9034855145,1.3233545662,1.5999355639,1.4709644677,137.7865819629,28.3244370130,11.1000000000,1.0000000000,52.9034855145
27.7500000000,0.0000000000,52.9696078459,1.3217040782,1.5999356439,1.4709645087,137.9257407451,28.3347550138,11.1000000000,1.0000000000,52.9696078459
27.8000000000,0.0000000000,53.0356477093,1.3200556393,1.5999357238,1.4709645496,138.0647267535,28.3450836720,11.1000000000,1.0000000000,53.0356477093
27.8500000000,0.0000000000,53.1016052070,1.3184092464,1.5999358036,1.4709645905,138.2035402432,28.3554229665,11.1000000000,1.0000000000,53.1016052070
27.9000000000,0.0000000000,53.1674804413,1.3167648965,1.5999358832,1.4709646314,138.3421814690,28.3657728765,11.1000000000,1.0000000000,53.1674804413
27.9500000000,0.0000000000,53.2332735142,1.3151225867,1.5999359628,1.4709646721,138.4806506854,28.3761333810,11.1000000000,1.0000000000,53.2332735142
28.0000000000,0.0000000000,53.2989845276,1.3134823138,1.5999360422,1.4709647129,138.6189481463,28.3865044591,11.1000000000,1.0000000000,53.2989845276
28.0500000000,0.0000000000,53.3646135834,1.3118440749,1.5999361215,1.4709647535,138.7570741054,28.3968860900,11.1000000000,1.0000000000,53.3646135834
28.1000000000,0.0000000000,53.4301607830,1.3102078670,1.5999362007,1.4709647941,138.8950288160,28.4072782529,11.1000000000,1.0000000000,53.4301607830
28.1500000000,0.0000000000,53.4956262281,1.3085736871,1.5999362797,1.4709648346,139.0328125309,28.4176809269,11.1000000000,1.0000000000,53.4956262281
28.2000000000,0.0000000000,53.5610100198,1.3069415321,1.5999363587,1.4709648751,139.1704255026,28.4280940913,11.1000000000,1.0000000000,53.5610100198
28.2500000000,0.0000000000,53.6263122594,1.3053113992,1.5999364375,1.4709649155,139.3078679832,28.4385177254,11.1000000000,1.0000000000,53.6263122594
28.3000000000,0.0000000000,53.6915330479,1.3036832852,1.5999365162,1.4709649559,139.4451402244,28.4489518085,11.1000000000,1.0000000000,53.6915330479
28.3500000000,0.0000000000,53.7566724862,1.3020571873,1.5999365948,1.4709649962,139.5822424777,28.4593963199,11.1000000000,1.0000000000,53.7566724862
28.4000000000,0.0000000000,53.8217306749,1.3004331024,1.5999366733,1.4709650364,139.7191749939,28.4698512391,11.1000000000,1.0000000000,53.8217306749
28.4500000000,0.0000000000,53.8867077147,1.2988110277,1.5999367517,1.4709650766,139.8559380236,28.4803165453,11.1000000000,1.0000000000,53.8867077147
28.5000000000,0.0000000000,53.9516037060,1.2971909600,1.5999368299,1.4709651167,139.9925318170,28.4907922181,11.1000000000,1.0000000000,53.9516037060
28.5500000000,0.0000000000,54.0164187490,1.2955728965,1.5999369081,1.4709651568,140.1289566241,28.5012782369,11.1000000000,1.0000000000,54.0164187490
28.6000000000,0.0000000000,54.0811529438,1.2939568342,1.5999369861,1.4709651967,140.2652126941,28.5117745813,11.1000000000,1.0000000000,54.0811529438
28.6500000000,0.0000000000,54.1458063905,1.2923427701,1.5999370640,1.4709652367,140.4013002762,28.5222812306,11.1000000000,1.0000000000,54.1458063905
28.7000000000,0.0000000000,54.2103791889,1.2907307013,1.5999371418,1.4709652766,140.5372196191,28.5327981647,11.1000000000,1.0000000000,54.2103791889
28.7500000000,0.0000000000,54.2748714387,1.2891206249,1.5999372195,1.4709653164,140.6729709711,28.5433253629,11.1000000000,1.0000000000,54.2748714387
28.8000000000,0.0000000000,54.3392832393,1.2875125379,1.5999372970,1.4709653561,140.8085545802,28.5538628049,11.1000000000,1.0000000000,54.3392832393
28.8500000000,0.0000000000,54.4036146903,1.2859064373,1.5999373745,1.4709653959,140.9439706938,28.5644104705,11.1000000000,1.0000000000,54.4036146903
28.9000000000,0.0000000000,54.4678658907,1.2843023203,1.5999374518,1.4709654355,141.0792195593,28.5749683393,11.1000000000,1.0000000000,54.4678658907
28.9500000000,0.0000000000,54.5320369398,1.2827001839,1.5999375290,1.4709654751,141.2143014233,28.5855363910,11.1000000000,1.0000000000,54.5320369398
29.0000000000,0.0000000000,54.5961279365,1.2811000252,1.5999376061,1.4709655146,141.3492165325,28.5961146054,11.1000000000,1.0000000000,54.5961279365
29.0500000000,0.0000000000,54.6601389796,1.2795018413,1.5999376831,1.4709655541,141.4839651328,28.6067029622,11.1000000000,1.0000000000,54.6601389796
29.1000000000,0.0000000000,54.7240701677,1.2779056292,1.5999377600,1.4709655935,141.6185474699,28.6173014414,11.1000000000,1.0000000000,54.7240701677
29.1500000000,0.0000000000,54.7879215994,1.2763113861,1.5999378368,1.4709656328,141.7529637892,28.6279100227,11.1000000000,1.0000000000,54.7879215994
29.2000000000,0.0000000000,54.8516933729,1.2747191090,1.5999379134,1.4709656721,141.8872143357,28.6385286860,11.1000000000,1.0000000000,54.8516933729
29.2500000000,0.0000000000,54.9153855867,1.2731287951,1.5999379900,1.4709657114,142.0212993538,28.6491574112,11.1000000000,1.0000000000,54.9153855867
29.3000000000,0.0000000000,54.9789983386,1.2715404414,1.5999380664,1.4709657506,142.1552190879,28.6597961783,11.1000000000,1.0000000000,54.9789983386
29.3500000000,0.0000000000,55.0425317267,1.2699540451,1.5999381427,1.4709657897,142.2889737818,28.6704449673,11.1000000000,1.0000000000,55.0425317267
29.4000000000,0.0000000000,55.1059858488,1.2683696032,1.5999382189,1.4709658287,142.4225636790,28.6811037581,11.1000000000,1.0000000000,55.1059858488
29.4500000000,0.0000000000,55.1693608024,1.2667871130,1.5999382950,1.4709658677,142.5559890225,28.6917725308,11.1000000000,1.0000000000,55.1693608024
29.5000000000,0.0000000000,55.2326566851,1.2652065714,1.5999383710,1.4709659067,142.6892500552,28.7024512655,11.1000000000,1.0000000000,55.2326566851
29.5500000000,0.0000000000,55.2958735943,1.2636279757,1.5999384468,1.4709659456,142.8223470194,28.7131399423,11.1000000000,1.0000000000,55.2958735943
29.6000000000,0.0000000000,55.3590116271,1.2620513230,1.5999385226,1.4709659844,142.9552801571,28.7238385413,11.1000000000,1.0000000000,55.3590116271
29.6500000000,0.0000000000,55.4220708807,1.2604766103,1.5999385982,1.4709660232,143.0880497100,28.7345470427,11.1000000000,1.0000000000,55.4220708807
29.7000000000,0.0000000000,55.4850514519,1.2589038349,1.5999386738,1.4709660619,143.2206559192,28.7452654266,11.1000000000,1.0000000000,55.4850514519
29.7500000000,0.0000000000,55.5479534375,1.2573329938,1.5999387492,1.4709661006,143.3530990259,28.7559936733,11.1000000000,1.0000000000,55.5479534375
29.8000000000,0.0000000000,55.6107769342,1.2557640843,1.5999388245,1.4709661392,143.4853792704,28.7667317630,11.1000000000,1.0000000000,55.6107769342
29.8500000000,0.0000000000,55.6735220385,1.2541971035,1.5999388997,1.4709661777,143.6174968931,28.7774796761,11.1000000000,1.0000000000,55.6735220385
29.9000000000,0.0000000000,55.7361888468,1.2526320485,1.5999389748,1.4709662162,143.7494521336,28.7882373928,11.1000000000,1.0000000000,55.7361888468
29.9500000000,0.0000000000,55.7987774551,1.2510689165,1.5999390497,1.4709662547,143.8812452315,28.7990048935,11.1000000000,1.0000000000,55.7987774551
30.0000000000,0.0000000000,55.8612879597,1.2495077047,1.5999391246,1.4709662930,144.0128764259,28.8097821586,11.1000000000,1.0000000000,55.8612879597
30.0500000000,0.0000000000,55.9237204564,1.2479484102,1.5999391994,1.4709663313,144.1443459555,28.8205691685,11.1000000000,1.0000000000,55.9237204564
30.1000000000,0.0000000000,55.9860750411,1.2463910302,1.5999392740,1.4709663696,144.2756540587,28.8313659036,11.1000000000,1.0000000000,55.9860750411
30.1500000000,0.0000000000,56.0483518094,1.2448355619,1.5999393485,1.4709664078,144.4068009735,28.8421723444,11.1000000000,1.0000000000,56.0483518094
30.2000000000,0.0000000000,56.1105508567,1.2432820024,1.5999394230,1.4709664460,144.5377869375,28.8529884714,11.1000000000,1.0000000000,56.1105508567
30.2500000000,0.0000000000,56.1726722785,1.2417303490,1.5999394973,1.4709664841,144.6686121881,28.8638142651,11.1000000000,1.0000000000,56.1726722785
30.3000000000,0.0000000000,56.2347161700,1.2401805989,1.5999395715,1.4709665221,144.7992769621,28.8746497062,11.1000000000,1.0000000000,56.2347161700
30.3500000000,0.0000000000,56.2966826262,1.2386327491,1.5999396456,1.4709665601,144.9297814962,28.8854947751,11.1000000000,1.0000000000,56.2966826262
30.4000000000,0.0000000000,56.3585717422,1.2370867970,1.5999397196,1.4709665980,145.0601260266,28.8963494525,11.1000000000,1.0000000000,56.3585717422
30.4500000000,0.0000000000,56.4203836126,1.2355427398,1.5999397934,1.4709666359,145.1903107892,28.9072137190,11.1000000000,1.0000000000,56.4203836126
30.5000000000,0.0000000000,56.4821183323,1.2340005746,1.5999398672,1.4709666737,145.3203360194,28.9180875555,11.1000000000,1.0000000000,56.4821183323
30.5500000000,0.0000000000,56.5437759956,1.2324602986,1.5999399409,1.4709667115,145.4502019524,28.9289709424,11.1000000000,1.0000000000,56.5437759956
30.6000000000,0.0000000000,56.6053566971,1.2309219091,1.5999400144,1.4709667492,145.5799088229,28.9398638607,11.1000000000,1.0000000000,56.6053566971
30.6500000000,0.0000000000,56.6668605309,1.2293854033,1.5999400878,1.4709667868,145.7094568656,28.9507662910,11.1000000000,1.0000000000,56.6668605309
30.7000000000,0.0000000000,56.7282875911,1.2278507784,1.5999401612,1.4709668244,145.8388463143,28.9616782143,11.1000000000,1.0000000000,56.7282875911
30.7500000000,0.0000000000,56.7896379717,1.2263180317,1.5999402344,1.4709668620,145.9680774029,28.9725996112,11.1000000000,1.0000000000,56.7896379717
30.8000000000,0.0000000000,56.8509117666,1.2247871603,1.5999403075,1.4709668994,146.0971503648,28.9835304627,11.1000000000,1.0000000000,56.8509117666
30.8500000000,0.0000000000,56.9121090695,1.2232581616,1.5999403805,1.4709669369,146.2260654329,28.9944707497,11.1000000000,1.0000000000,56.9121090695
30.9000000000,0.0000000000,56.9732299738,1.2217310327,1.5999404534,1.4709669742,146.3548228399,29.0054204531,11.1000000000,1.0000000000,56.9732299738
30.9500000000,0.0000000000,57.0342745730,1.2202057709,1.5999405262,1.4709670116,146.4834228182,29.0163795538,11.1000000000,1.0000000000,57.0342745730
31.0000000000,0.0000000000,57.0952429605,1.2186823734,1.5999405989,1.4709670488,146.6118655997,29.0273480328,11.1000000000,1.0000000000,57.0952429605
31.0500000000,0.0000000000,57.1561352292,1.2171608376,1.5999406715,1.4709670860,146.7401514160,29.0383258712,11.1000000000,1.0000000000,57.1561352292
31.1000000000,0.0000000000,57.2169514723,1.2156411606,1.5999407440,1.4709671232,146.8682804984,29.0493130500,11.1000000000,1.0000000000,57.2169514723
31.1500000000,0.0000000000,57.2776917826,1.2141233397,1.5999408163,1.4709671603,146.9962530779,29.0603095503,11.1000000000,1.0000000000,57.2776917826
31.2000000000,0.0000000000,57.3383562529,1.2126073722,1.5999408886,1.4709671973,147.1240693849,29.0713153531,11.1000000000,1.0000000000,57.3383562529
31.2500000000,0.0000000000,57.3989449756,1.2110932554,1.5999409607,1.4709672343,147.2517296498,29.0823304396,11.1000000000,1.0000000000,57.3989449756
31.3000000000,0.0000000000,57.4594580434,1.2095809865,1.5999410328,1.4709672712,147.3792341023,29.0933547909,11.1000000000,1.0000000000,57.4594580434
31.3500000000,0.0000000000,57.5198955484,1.2080705628,1.5999411047,1.4709673081,147.5065829721,29.1043883883,11.1000000000,1.0000000000,57.5198955484
31.4000000000,0.0000000000,57.5802575830,1.2065619815,1.5999411766,1.4709673449,147.6337764883,29.1154312129,11.1000000000,1.0000000000,57.5802575830
31.4500000000,0.0000000000,57.6405442391,1.2050552401,1.5999412483,1.4709673817,147.7608148796,29.1264832461,11.1000000000,1.0000000000,57.6405442391
31.5000000000,0.0000000000,57.7007556087,1.2035503357,1.5999413199,1.4709674184,147.8876983747,29.1375444691,11.1000000000,1.0000000000,57.7007556087
31.5500000000,0.0000000000,57.7608917835,1.2020472657,1.5999413914,1.4709674551,148.0144272016,29.1486148631,11.1000000000,1.0000000000,57.7608917835
31.6000000000,0.0000000000,57.8209528552,1.2005460274,1.5999414629,1.4709674917,148.1410015882,29.1596944096,11.1000000000,1.0000000000,57.8209528552
31.6500000000,0.0000000000,57.8809389152,1.1990466180,1.5999415342,1.4709675283,148.2674217619,29.1707830899,11.1000000000,1.0000000000,57.8809389152
31.7000000000,0.0000000000,57.9408500551,1.1975490349,1.5999416054,1.4709675648,148.3936879497,29.1818808854,11.1000000000,1.0000000000,57.9408500551
31.7500000000,0.0000000000,58.0006863659,1.1960532754,1.5999416765,1.4709676012,148.5198003785,29.1929877775,11.1000000000,1.0000000000,58.0006863659
31.8000000000,0.0000000000,58.0604479389,1.1945593367,1.5999417475,1.4709676376,148.6457592747,29.2041037476,11.1000000000,1.0000000000,58.0604479389
31.8500000000,0.0000000000,58.1201348649,1.1930672163,1.5999418183,1.4709676739,148.7715648644,29.2152287774,11.1000000000,1.0000000000,58.1201348649
31.9000000000,0.0000000000,58.1797472348,1.1915769114,1.5999418891,1.4709677102,148.8972173732,29.2263628482,11.1000000000,1.0000000000,58.1797472348
31.9500000000,0.0000000000,58.2392851394,1.1900884194,1.5999419598,1.4709677465,149.0227170267,29.2375059416,11.1000000000,1.0000000000,58.2392851394
32.0000000000,0.0000000000,58.2987486692,1.1886017376,1.5999420304,1.4709677826,149.1480640498,29.2486580392,11.1000000000,1.0000000000,58.2987486692
32.0500000000,0.0000000000,58.3581379146,1.1871168633,1.5999421009,1.4709678188,149.2732586672,29.2598191225,11.1000000000,1.0000000000,58.3581379146
32.1000000000,0.0000000000,58.4174529659,1.1856337939,1.5999421712,1.4709678548,149.3983011034,29.2709891733,11.1000000000,1.0000000000,58.4174529659
32.1500000000,0.0000000000,58.4766939133,1.1841525267,1.5999422415,1.4709678909,149.5231915823,29.2821681731,11.1000000000,1.0000000000,58.4766939133
32.2000000000,0.0000000000,58.5358608468,1.1826730591,1.5999423117,1.4709679268,149.6479303277,29.2933561037,11.1000000000,1.0000000000,58.5358608468
32.2500000000,0.0000000000,58.5949538564,1.1811953883,1.5999423817,1.4709679627,149.7725175629,29.3045529467,11.1000000000,1.0000000000,58.5949538564
32.3000000000,0.0000000000,58.6539730319,1.1797195119,1.5999424517,1.4709679986,149.8969535110,29.3157586839,11.1000000000,1.0000000000,58.6539730319
32.3500000000,0.0000000000,58.7129184627,1.1782454270,1.5999425215,1.4709680344,150.0212383946,29.3269732971,11.1000000000,1.0000000000,58.7129184627
32.4000000000,0.0000000000,58.7717902386,1.1767731312,1.5999425913,1.4709680702,150.1453724360,29.3381967681,11.1000000000,1.0000000000,58.7717902386
32.4500000000,0.0000000000,58.8305884488,1.1753026217,1.5999426609,1.4709681059,150.2693558574,29.3494290786,11.1000000000,1.0000000000,58.8305884488
32.5000000000,0.0000000000,58.8893131825,1.1738338959,1.5999427305,1.4709681415,150.3931888802,29.3606702106,11.1000000000,1.0000000000,58.8893131825
32.5500000000,0.0000000000,58.9479645290,1.1723669513,1.5999427999,1.4709681771,150.5168717260,29.3719201459,11.1000000000,1.0000000000,58.9479645290
32.6000000000,0.0000000000,59.0065425772,1.1709017851,1.5999428692,1.4709682127,150.6404046157,29.3831788665,11.1000000000,1.0000000000,59.0065425772
32.6500000000,0.0000000000,59.0650474159,1.1694383948,1.5999429385,1.4709682482,150.7637877699,29.3944463543,11.1000000000,1.0000000000,59.0650474159
32.7000000000,0.0000000000,59.1234791338,1.1679767777,1.5999430076,1.4709682836,150.8870214090,29.4057225912,11.1000000000,1.0000000000,59.1234791338
32.7500000000,0.0000000000,59.1818378197,1.1665169313,1.5999430766,1.4709683190,151.0101057530,29.4170075593,11.1000000000,1.0000000000,59.1818378197
32.8000000000,0.0000000000,59.2401235618,1.1650588530,1.5999431456,1.4709683543,151.1330410216,29.4283012405,11.1000000000,1.0000000000,59.2401235618
32.8500000000,0.0000000000,59.2983364485,1.1636025400,1.5999432144,1.4709683896,151.2558274342,29.4396036170,11.1000000000,1.0000000000,59.2983364485
32.9000000000,0.0000000000,59.3564765682,1.1621479900,1.5999432831,1.4709684248,151.3784652096,29.4509146708,11.1000000000,1.0000000000,59.3564765682
32.9500000000,0.0000000000,59.4145440087,1.1606952001,1.5999433518,1.4709684600,151.5009545666,29.4622343840,11.1000000000,1.0000000000,59.4145440087
33.0000000000,0.0000000000,59.4725388581,1.1592441679,1.5999434203,1.4709684952,151.6232957236,29.4735627388,11.1000000000,1.0000000000,59.4725388581
33.0500000000,0.0000000000,59.5304612041,1.1577948908,1.5999434887,1.4709685302,151.7454888985,29.4848997173,11.1000000000,1.0000000000,59.5304612041
33.1000000000,0.0000000000,59.5883111345,1.1563473662,1.5999435571,1.4709685653,151.8675343091,29.4962453017,11.1000000000,1.0000000000,59.5883111345
33.1500000000,0.0000000000,59.6460887368,1.1549015915,1.5999436253,1.4709686002,151.9894321727,29.5075994743,11.1000000000,1.0000000000,59.6460887368
33.2000000000,0.0000000000,59.7037940984,1.1534575642,1.5999436934,1.4709686352,152.1111827063,29.5189622172,11.1000000000,1.0000000000,59.7037940984
33.2500000000,0.0000000000,59.7614273066,1.1520152816,1.5999437614,1.4709686700,152.2327861266,29.5303335128,11.1000000000,1.0000000000,59.7614273066
33.3000000000,0.0000000000,59.8189884487,1.1505747412,1.5999438294,1.4709687049,152.3542426500,29.5417133434,11.1000000000,1.0000000000,59.8189884487
33.3500000000,0.0000000000,59.8764776116,1.1491359405,1.5999438972,1.4709687396,152.4755524926,29.5531016913,11.1000000000,1.0000000000,59.8764776116
33.4000000000,0.0000000000,59.9338948822,1.1476988768,1.5999439649,1.4709687743,152.5967158700,29.5644985389,11.1000000000,1.0000000000,59.9338948822
33.4500000000,0.0000000000,59.9912403473,1.1462635477,1.5999440325,1.4709688090,152.7177329977,29.5759038685,11.1000000000,1.0000000000,59.9912403473
33.5000000000,0.0000000000,60.0485140936,1.1448299506,1.5999441001,1.4709688436,152.8386040907,29.5873176626,11.1000000000,1.0000000000,60.0485140936
33.5500000000,0.0000000000,60.1057162077,1.1433980829,1.5999441675,1.4709688782,152.9593293637,29.5987399036,11.1000000000,1.0000000000,60.1057162077
33.6000000000,0.0000000000,60.1628467758,1.1419679420,1.5999442348,1.4709689127,153.0799090313,29.6101705740,11.1000000000,1.0000000000,60.1628467758
33.6500000000,0.0000000000,60.2199058844,1.1405395256,1.5999443020,1.4709689472,153.2003433074,29.6216096563,11.1000000000,1.0000000000,60.2199058844
33.7000000000,0.0000000000,60.2768936194,1.1391128309,1.5999443692,1.4709689816,153.3206324058,29.6330571329,11.1000000000,1.0000000000,60.2768936194
33.7500000000,0.0000000000,60.3338100671,1.1376878556,1.5999444362,1.4709690160,153.4407765401,29.6445129866,11.1000000000,1.0000000000,60.3338100671
33.8000000000,0.0000000000,60.3906553132,1.1362645970,1.5999445031,1.4709690503,153.5607759232,29.6559771998,11.1000000000,1.0000000000,60.3906553132
33.8500000000,0.0000000000,60.4474294435,1.1348430526,1.5999445700,1.4709690845,153.6806307681,29.6674497551,11.1000000000,1.0000000000,60.4474294435
33.9000000000,0.0000000000,60.5041325437,1.1334232200,1.5999446367,1.4709691187,153.8003412871,29.6789306352,11.1000000000,1.0000000000,60.5041325437
33.9500000000,0.0000000000,60.5607646992,1.1320050965,1.5999447034,1.4709691529,153.9199076925,29.6904198227,11.1000000000,1.0000000000,60.5607646992
34.0000000000,0.0000000000,60.6173259956,1.1305886798,1.5999447699,1.4709691870,154.0393301961,29.7019173004,11.1000000000,1.0000000000,60.6173259956
34.0500000000,0.0000000000,60.6738165179,1.1291739672,1.5999448363,1.4709692211,154.1586090093,29.7134230509,11.1000000000,1.0000000000,60.6738165179
34.1000000000,0.0000000000,60.7302363515,1.1277609563,1.5999449027,1.4709692551,154.2777443435,29.7249370570,11.1000000000,1.0000000000,60.7302363515
34.1500000000,0.0000000000,60.7865855812,1.1263496445,1.5999449689,1.4709692890,154.3967364095,29.7364593015,11.1000000000,1.0000000000,60.7865855812
34.2000000000,0.0000000000,60.8428642920,1.1249400295,1.5999450351,1.4709693230,154.5155854177,29.7479897671,11.1000000000,1.0000000000,60.8428642920
34.2500000000,0.0000000000,60.8990725687,1.1235321086,1.5999451011,1.4709693568,154.6342915786,29.7595284368,11.1000000000,1.0000000000,60.8990725687
34.3000000000,0.0000000000,60.9552104958,1.1221258794,1.5999451671,1.4709693906,154.7528551019,29.7710752932,11.1000000000,1.0000000000,60.9552104958
34.3500000000,0.0000000000,61.0112781580,1.1207213395,1.5999452329,1.4709694244,154.8712761974,29.7826303194,11.1000000000,1.0000000000,61.0112781580
34.4000000000,0.0000000000,61.0672756396,1.1193184862,1.5999452987,1.4709694581,154.9895550743,29.7941934982,11.1000000000,1.0000000000,61.0672756396
34.4500000000,0.0000000000,61.1232030248,1.1179173172,1.5999453644,1.4709694918,155.1076919415,29.8057648125,11.1000000000,1.0000000000,61.1232030248
34.5000000000,0.0000000000,61.1790603978,1.1165178300,1.5999454299,1.4709695254,155.2256870077,29.8173442454,11.1000000000,1.0000000000,61.1790603978
34.5500000000,0.0000000000,61.2348478427,1.1151200221,1.5999454954,1.4709695589,155.3435404813,29.8289317797,11.1000000000,1.0000000000,61.2348478427
34.6000000000,0.0000000000,61.2905654433,1.1137238910,1.5999455608,1.4709695925,155.4612525703,29.8405273986,11.1000000000,1.0000000000,61.2905654433
34.6500000000,0.0000000000,61.3462132833,1.1123294343,1.5999456261,1.4709696259,155.5788234824,29.8521310850,11.1000000000,1.0000000000,61.3462132833
34.7000000000,0.0000000000,61.4017914466,1.1109366495,1.5999456913,1.4709696593,155.6962534250,29.8637428220,11.1000000000,1.0000000000,61.4017914466
34.7500000000,0.0000000000,61.4573000165,1.1095455342,1.5999457563,1.4709696927,155.8135426052,29.8753625927,11.1000000000,1.0000000000,61.4573000165
34.8000000000,0.0000000000,61.5127390765,1.1081560859,1.5999458213,1.4709697260,155.9306912298,29.8869903802,11.1000000000,1.0000000000,61.5127390765
34.8500000000,0.0000000000,61.5681087099,1.1067683021,1.5999458862,1.4709697593,156.0476995051,29.8986261677,11.1000000000,1.0000000000,61.5681087099
34.9000000000,0.0000000000,61.6234089998,1.1053821804,1.5999459510,1.4709697925,156.1645676374,29.9102699383,11.1000000000,1.0000000000,61.6234089998
34.9500000000,0.0000000000,61.6786400293,1.1039977184,1.5999460157,1.4709698257,156.2812958326,29.9219216753,11.1000000000,1.0000000000,61.6786400293
35.0000000000,0.0000000000,61.7338018812,1.1026149137,1.5999460804,1.4709698588,156.3978842960,29.9335813618,11.1000000000,1.0000000000,61.7338018812
35.0500000000,0.0000000000,61.7888946385,1.1012337638,1.5999461449,1.4709698919,156.5143332330,29.9452489811,11.1000000000,1.0000000000,61.7888946385
35.1000000000,0.0000000000,61.8439183837,1.0998542662,1.5999462093,1.4709699249,156.6306428484,29.9569245166,11.1000000000,1.0000000000,61.8439183837
35.1500000000,0.0000000000,61.8988731994,1.0984764185,1.5999462736,1.4709699579,156.7468133468,29.9686079514,11.1000000000,1.0000000000,61.8988731994
35.2000000000,0.0000000000,61.9537591680,1.0971002184,1.5999463379,1.4709699908,156.8628449325,29.9802992689,11.1000000000,1.0000000000,61.9537591680
35.2500000000,0.0000000000,62.0085763719,1.0957256634,1.5999464020,1.4709700237,156.9787378096,29.9919984525,11.1000000000,1.0000000000,62.0085763719
35.3000000000,0.0000000000,62.0633248932,1.0943527511,1.5999464660,1.4709700565,157.0944921816,30.0037054855,11.1000000000,1.0000000000,62.0633248932
35.3500000000,0.0000000000,62.1180048140,1.0929814791,1.5999465300,1.4709700893,157.2101082519,30.0154203514,11.1000000000,1.0000000000,62.1180048140
35.4000000000,0.0000000000,62.1726162163,1.0916118449,1.5999465939,1.4709701220,157.3255862236,30.0271430336,11.1000000000,1.0000000000,62.1726162163
35.4500000000,0.0000000000,62.2271591818,1.0902438462,1.5999466576,1.4709701547,157.4409262993,30.0388735155,11.1000000000,1.0000000000,62.2271591818
35.5000000000,0.0000000000,62.2816337923,1.0888774806,1.5999467213,1.4709701874,157.5561286817,30.0506117807,11.1000000000,1.0000000000,62.2816337923
35.5500000000,0.0000000000,62.3360401294,1.0875127456,1.5999467849,1.4709702200,157.6711935727,30.0623578126,11.1000000000,1.0000000000,62.3360401294
35.6000000000,0.0000000000,62.3903782746,1.0861496389,1.5999468484,1.4709702525,157.7861211742,30.0741115948,11.1000000000,1.0000000000,62.3903782746
35.6500000000,0.0000000000,62.4446483091,1.0847881581,1.5999469117,1.4709702850,157.9009116878,30.0858731109,11.1000000000,1.0000000000,62.4446483091
35.7000000000,0.0000000000,62.4988503142,1.0834283007,1.5999469750,1.4709703175,158.0155653146,30.0976423444,11.1000000000,1.0000000000,62.4988503142
35.7500000000,0.0000000000,62.5529843711,1.0820700645,1.5999470382,1.4709703499,158.1300822556,30.1094192790,11.1000000000,1.0000000000,62.5529843711
35.8000000000,0.0000000000,62.6070505606,1.0807134471,1.5999471014,1.4709703822,158.2444627113,30.1212038982,11.1000000000,1.0000000000,62.6070505606
35.8500000000,0.0000000000,62.6610489638,1.0793584460,1.5999471644,1.4709704145,158.3587068821,30.1329961858,11.1000000000,1.0000000000,62.6610489638
35.9000000000,0.0000000000,62.7149796613,1.0780050588,1.5999472273,1.4709704468,158.4728149680,30.1447961255,11.1000000000,1.0000000000,62.7149796613
35.9500000000,0.0000000000,62.7688427338,1.0766532833,1.5999472901,1.4709704790,158.5867871687,30.1566037009,11.1000000000,1.0000000000,62.7688427338
36.0000000000,0.0000000000,62.8226382617,1.0753031171,1.5999473529,1.4709705111,158.7006236836,30.1684188958,11.1000000000,1.0000000000,62.8226382617
36.0500000000,0.0000000000,62.8763663256,1.0739545578,1.5999474155,1.4709705433,158.8143247118,30.1802416940,11.1000000000,1.0000000000,62.8763663256
36.1000000000,0.0000000000,62.9300270056,1.0726076029,1.5999474781,1.4709705753,158.9278904520,30.1920720793,11.1000000000,1.0000000000,62.9300270056
36.1500000000,0.0000000000,62.9836203820,1.0712622503,1.5999475406,1.4709706074,159.0413211028,30.2039100354,11.1000000000,1.0000000000,62.9836203820
36.2000000000,0.0000000000,63.0371465347,1.0699184975,1.5999476029,1.4709706393,159.1546168623,30.2157555464,11.1000000000,1.0000000000,63.0371465347
36.2500000000,0.0000000000,63.0906055437,1.0685763422,1.5999476652,1.4709706713,159.2677779286,30.2276085959,11.1000000000,1.0000000000,63.0906055437
36.3000000000,0.0000000000,63.1439974888,1.0672357820,1.5999477274,1.4709707031,159.3808044991,30.2394691679,11.1000000000,1.0000000000,63.1439974888
36.3500000000,0.0000000000,63.1973224498,1.0658968147,1.5999477895,1.4709707350,159.4936967712,30.2513372463,11.1000000000,1.0000000000,63.1973224498
36.4000000000,0.0000000000,63.2505805061,1.0645594378,1.5999478515,1.4709707668,159.6064549418,30.2632128151,11.1000000000,1.0000000000,63.2505805061
36.4500000000,0.0000000000,63.3037717372,1.0632236490,1.5999479134,1.4709707985,159.7190792077,30.2750958582,11.1000000000,1.0000000000,63.3037717372
36.5000000000,0.0000000000,63.3568962226,1.0618894460,1.5999479753,1.4709708302,159.8315697653,30.2869863597,11.1000000000,1.0000000000,63.3568962226
36.5500000000,0.0000000000,63.4099540413,1.0605568266,1.5999480370,1.4709708618,159.9439268106,30.2988843035,11.1000000000,1.0000000000,63.4099540413
36.6000000000,0.0000000000,63.4629452726,1.0592257882,1.5999480986,1.4709708935,160.0561505396,30.3107896737,11.1000000000,1.0000000000,63.4629452726
36.6500000000,0.0000000000,63.5158699953,1.0578963288,1.5999481602,1.4709709250,160.1682411477,30.3227024544,11.1000000000,1.0000000000,63.5158699953
36.7000000000,0.0000000000,63.5687282885,1.0565684458,1.5999482217,1.4709709565,160.2801988301,30.3346226297,11.1000000000,1.0000000000,63.5687282885
36.7500000000,0.0000000000,63.6215202308,1.0552421370,1.5999482830,1.4709709880,160.3920237818,30.3465501837,11.1000000000,1.0000000000,63.6215202308
36.8000000000,0.0000000000,63.6742459009,1.0539174002,1.5999483443,1.4709710194,160.5037161974,30.3584851004,11.1000000000,1.0000000000,63.6742459009
36.8500000000,0.0000000000,63.7269053773,1.0525942330,1.5999484055,1.4709710508,160.6152762712,30.3704273642,11.1000000000,1.0000000000,63.7269053773
36.9000000000,0.0000000000,63.7794987385,1.0512726330,1.5999484666,1.4709710821,160.7267041972,30.3823769593,11.1000000000,1.0000000000,63.7794987385
36.9500000000,0.0000000000,63.8320260628,1.0499525981,1.5999485276,1.4709711134,160.8380001694,30.3943338697,11.1000000000,1.0000000000,63.8320260628
37.0000000000,0.0000000000,63.8844874282,1.0486341258,1.5999485886,1.4709711446,160.9491643810,30.4062980798,11.1000000000,1.0000000000,63.8844874282
37.0500000000,0.0000000000,63.9368829130,1.0473172140,1.5999486494,1.4709711758,161.0601970252,30.4182695739,11.1000000000,1.0000000000,63.9368829130
37.1000000000,0.0000000000,63.9892125951,1.0460018603,1.5999487102,1.4709712069,161.1710982950,30.4302483361,11.1000000000,1.0000000000,63.9892125951
37.1500000000,0.0000000000,64.0414765522,1.0446880624,1.5999487708,1.4709712380,161.2818683829,30.4422343510,11.1000000000,1.0000000000,64.0414765522
37.2000000000,0.0000000000,64.0936748622,1.0433758181,1.5999488314,1.4709712691,161.3925074812,30.4542276027,11.1000000000,1.0000000000,64.0936748622
37.2500000000,0.0000000000,64.1458076027,1.0420651251,1.5999488919,1.4709713001,161.5030157818,30.4662280758,11.1000000000,1.0000000000,64.1458076027
37.3000000000,0.0000000000,64.1978748511,1.0407559811,1.5999489523,1.4709713310,161.6133934766,30.4782357544,11.1000000000,1.0000000000,64.1978748511
37.3500000000,0.0000000000,64.2498766849,1.0394483839,1.5999490126,1.4709713620,161.7236407570,30.4902506232,11.1000000000,1.0000000000,64.2498766849
37.4000000000,0.0000000000,64.3018131812,1.0381423311,1.5999490728,1.4709713928,161.8337578139,30.5022726665,11.1000000000,1.0000000000,64.3018131812
37.4500000000,0.0000000000,64.3536844174,1.0368378205,1.5999491329,1.4709714237,161.9437448384,30.5143018688,11.1000000000,1.0000000000,64.3536844174
37.5000000000,0.0000000000,64.4054904704,1.0355348499,1.5999491930,1.4709714544,162.0536020210,30.5263382146,11.1000000000,1.0000000000,64.4054904704
37.5500000000,0.0000000000,64.4572314171,1.0342334170,1.5999492529,1.4709714852,162.1633295519,30.5383816884,11.1000000000,1.0000000000,64.4572314171
37.6000000000,0.0000000000,64.5089073345,1.0329335196,1.5999493128,1.4709715159,162.2729276211,30.5504322747,11.1000000000,1.0000000000,64.5089073345
37.6500000000,0.0000000000,64.5605182991,1.0316351553,1.5999493725,1.4709715465,162.3823964182,30.5624899581,11.1000000000,1.0000000000,64.5605182991
37.7000000000,0.0000000000,64.6120643877,1.0303383220,1.5999494322,1.4709715771,162.4917361328,30.5745547233,11.1000000000,1.0000000000,64.6120643877
37.7500000000,0.0000000000,64.6635456766,1.0290430174,1.5999494918,1.4709716077,162.6009469539,30.5866265547,11.1000000000,1.0000000000,64.6635456766
37.8000000000,0.0000000000,64.7149622422,1.0277492392,1.5999495513,1.4709716382,162.7100290704,30.5987054371,11.1000000000,1.0000000000,64.7149622422
37.8500000000,0.0000000000,64.7663141609,1.0264569853,1.5999496108,1.4709716686,162.8189826708,30.6107913551,11.1000000000,1.0000000000,64.7663141609
37.9000000000,0.0000000000,64.8176015088,1.0251662534,1.5999496701,1.4709716990,162.9278079433,30.6228842934,11.1000000000,1.0000000000,64.8176015088
37.9500000000,0.0000000000,64.8688243619,1.0238770412,1.5999497294,1.4709717294,163.0365050760,30.6349842367,11.1000000000,1.0000000000,64.8688243619
38.0000000000,0.0000000000,64.9199827961,1.0225893466,1.5999497885,1.4709717598,163.1450742565,30.6470911697,11.1000000000,1.0000000000,64.9199827961
38.0500000000,0.0000000000,64.9710768872,1.0213031673,1.5999498476,1.4709717900,163.2535156722,30.6592050773,11.1000000000,1.0000000000,64.9710768872
38.1000000000,0.0000000000,65.0221067110,1.0200185011,1.5999499066,1.4709718203,163.3618295104,30.6713259441,11.1000000000,1.0000000000,65.0221067110
38.1500000000,0.0000000000,65.0730723431,1.0187353458,1.5999499655,1.4709718505,163.4700159577,30.6834537550,11.1000000000,1.0000000000,65.0730723431
38.2000000000,0.0000000000,65.1239738589,1.0174536992,1.5999500243,1.4709718806,163.5780752009,30.6955884948,11.1000000000,1.0000000000,65.1239738589
38.2500000000,0.0000000000,65.1748113338,1.0161735590,1.5999500831,1.4709719107,163.6860074261,30.7077301484,11.1000000000,1.0000000000,65.1748113338
38.3000000000,0.0000000000,65.2255848430,1.0148949231,1.5999501417,1.4709719408,163.7938128193,30.7198787006,11.1000000000,1.0000000000,65.2255848430
38.3500000000,0.0000000000,65.2762944618,1.0136177893,1.5999502003,1.4709719708,163.9014915664,30.7320341364,11.1000000000,1.0000000000,65.2762944618
38.4000000000,0.0000000000,65.3269402652,1.0123421553,1.5999502588,1.4709720008,164.0090438527,30.7441964406,11.1000000000,1.0000000000,65.3269402652
38.4500000000,0.0000000000,65.3775223280,1.0110680189,1.5999503171,1.4709720307,164.1164698633,30.7563655983,11.1000000000,1.0000000000,65.3775223280
38.5000000000,0.0000000000,65.4280407252,1.0097953781,1.5999503755,1.4709720606,164.2237697832,30.7685415943,11.1000000000,1.0000000000,65.4280407252
38.5500000000,0.0000000000,65.4784955314,1.0085242305,1.5999504337,1.4709720905,164.3309437970,30.7807244138,11.1000000000,1.0000000000,65.4784955314
38.6000000000,0.0000000000,65.5288868212,1.0072545740,1.5999504918,1.4709721203,164.4379920889,30.7929140417,11.1000000000,1.0000000000,65.5288868212
38.6500000000,0.0000000000,65.5792146691,1.0059864064,1.5999505499,1.4709721500,164.5449148430,30.8051104630,11.1000000000,1.0000000000,65.5792146691
38.7000000000,0.0000000000,65.6294791496,1.0047197255,1.5999506078,1.4709721798,164.6517122431,30.8173136628,11.1000000000,1.0000000000,65.6294791496
38.7500000000,0.0000000000,65.6796803369,1.0034545292,1.5999506657,1.4709722094,164.7583844727,30.8295236262,11.1000000000,1.0000000000,65.6796803369
38.8000000000,0.0000000000,65.7298183051,1.0021908153,1.5999507235,1.4709722391,164.8649317149,30.8417403384,11.1000000000,1.0000000000,65.7298183051
38.8500000000,0.0000000000,65.7798931283,1.0009285816,1.5999507812,1.4709722686,164.9713541528,30.8539637844,11.1000000000,1.0000000000,65.7798931283
38.9000000000,0.0000000000,65.8299048805,0.9996678259,1.5999508388,1.4709722982,165.0776519689,30.8661939495,11.1000000000,1.0000000000,65.8299048805
38.9500000000,0.0000000000,65.8798536355,0.9984085462,1.5999508964,1.4709723277,165.1838253456,30.8784308187,11.1000000000,1.0000000000,65.8798536355
39.0000000000,0.0000000000,65.9297394671,0.9971507401,1.5999509538,1.4709723571,165.2898744651,30.8906743774,11.1000000000,1.0000000000,65.9297394671
39.0500000000,0.0000000000,65.9795624489,0.9958944056,1.5999510112,1.4709723865,165.3957995091,30.9029246107,11.1000000000,1.0000000000,65.9795624489
39.1000000000,0.0000000000,66.0293226543,0.9946395406,1.5999510685,1.4709724159,165.5016006592,30.9151815039,11.1000000000,1.0000000000,66.0293226543
39.1500000000,0.0000000000,66.0790201568,0.9933861428,1.5999511257,1.4709724452,165.6072780968,30.9274450423,11.1000000000,1.0000000000,66.0790201568
39.2000000000,0.0000000000,66.1286550298,0.9921342101,1.5999511828,1.4709724745,165.7128320027,30.9397152111,11.1000000000,1.0000000000,66.1286550298
39.2500000000,0.0000000000,66.1782273463,0.9908837404,1.5999512399,1.4709725038,165.8182625578,30.9519919958,11.1000000000,1.0000000000,66.1782273463
39.3000000000,0.0000000000,66.2277371796,0.9896347315,1.5999512968,1.4709725330,165.9235699424,30.9642753816,11.1000000000,1.0000000000,66.2277371796
39.3500000000,0.0000000000,66.2771846025,0.9883871813,1.5999513537,1.4709725621,166.0287543369,30.9765653539,11.1000000000,1.0000000000,66.2771846025
39.4000000000,0.0000000000,66.3265696880,0.9871410877,1.5999514105,1.4709725912,166.1338159210,30.9888618981,11.1000000000,1.0000000000,66.3265696880
39.4500000000,0.0000000000,66.3758925088,0.9858964486,1.5999514672,1.4709726203,166.2387548745,31.0011649997,11.1000000000,1.0000000000,66.3758925088
39.5000000000,0.0000000000,66.4251531376,0.9846532617,1.5999515238,1.4709726493,166.3435713766,31.0134746440,11.1000000000,1.0000000000,66.4251531376
39.5500000000,0.0000000000,66.4743516470,0.9834115250,1.5999515804,1.4709726783,166.4482656066,31.0257908165,11.1000000000,1.0000000000,66.4743516470
39.6000000000,0.0000000000,66.5234881093,0.9821712364,1.5999516368,1.4709727072,166.5528377432,31.0381135027,11.1000000000,1.0000000000,66.5234881093
39.6500000000,0.0000000000,66.5725625970,0.9809323937,1.5999516932,1.4709727361,166.6572879650,31.0504426882,11.1000000000,1.0000000000,66.5725625970
39.7000000000,0.0000000000,66.6215751823,0.9796949949,1.5999517495,1.4709727650,166.7616164502,31.0627783583,11.1000000000,1.0000000000,66.6215751823
39.7500000000,0.0000000000,66.6705259373,0.9784590378,1.5999518057,1.4709727938,166.8658233770,31.0751204988,11.1000000000,1.0000000000,66.6705259373
39.8000000000,0.0000000000,66.7194149340,0.9772245203,1.5999518618,1.4709728226,166.9699089230,31.0874690952,11.1000000000,1.0000000000,66.7194149340
39.8500000000,0.0000000000,66.7682422444,0.9759914402,1.5999519179,1.4709728513,167.0738732658,31.0998241330,11.1000000000,1.0000000000,66.7682422444
39.9000000000,0.0000000000,66.8170079402,0.9747597956,1.5999519738,1.4709728800,167.1777165825,31.1121855980,11.1000000000,1.0000000000,66.8170079402
39.9500000000,0.0000000000,66.8657120933,0.9735295844,1.5999520297,1.4709729087,167.2814390501,31.1245534756,11.1000000000,1.0000000000,66.8657120933
40.0000000000,0.0000000000,66.9143547752,0.9723008043,1.5999520855,1.4709729373,167.3850408452,31.1369277517,11.1000000000,1.0000000000,66.9143547752
40.0500000000,0.0000000000,66.9629360573,0.9710734533,1.5999521412,1.4709729658,167.4885221444,31.1493084119,11.1000000000,1.0000000000,66.9629360573
40.1000000000,0.0000000000,67.0114560112,0.9698475294,1.5999521969,1.4709729944,167.5918831236,31.1616954418,11.1000000000,1.0000000000,67.0114560112
40.1500000000,0.0000000000,67.0599147081,0.9686230304,1.5999522524,1.4709730228,167.6951239589,31.1740888273,11.1000000000,1.0000000000,67.0599147081
40.2000000000,0.0000000000,67.1083122191,0.9673999543,1.5999523079,1.4709730513,167.7982448258,31.1864885541,11.1000000000,1.0000000000,67.1083122191
40.2500000000,0.0000000000,67.1566486155,0.9661782989,1.5999523633,1.4709730797,167.9012458997,31.1988946080,11.1000000000,1.0000000000,67.1566486155
40.3000000000,0.0000000000,67.2049239681,0.9649580623,1.5999524186,1.4709731080,168.0041273556,31.2113069748,11.1000000000,1.0000000000,67.2049239681
40.3500000000,0.0000000000,67.2531383478,0.9637392423,1.5999524738,1.4709731363,168.1068893684,31.2237256402,11.1000000000,1.0000000000,67.2531383478
40.4000000000,0.0000000000,67.3012918254,0.9625218369,1.5999525290,1.4709731646,168.2095321126,31.2361505902,11.1000000000,1.0000000000,67.3012918254
40.4500000000,0.0000000000,67.3493844716,0.9613058439,1.5999525841,1.4709731928,168.3120557626,31.2485818107,11.1000000000,1.0000000000,67.3493844716
40.5000000000,0.0000000000,67.3974163570,0.9600912614,1.5999526391,1.4709732210,168.4144604923,31.2610192874,11.1000000000,1.0000000000,67.3974163570
40.5500000000,0.0000000000,67.4453875520,0.9588780873,1.5999526940,1.4709732492,168.5167464755,31.2734630063,11.1000000000,1.0000000000,67.4453875520
40.6000000000,0.0000000000,67.4932981269,0.9576663195,1.5999527488,1.4709732773,168.6189138857,31.2859129534,11.1000000000,1.0000000000,67.4932981269
40.6500000000,0.0000000000,67.5411481521,0.9564559559,1.5999528035,1.4709733054,168.7209628962,31.2983691146,11.1000000000,1.0000000000,67.5411481521
40.7000000000,0.0000000000,67.5889376977,0.9552469945,1.5999528582,1.4709733334,168.8228936799,31.3108314759,11.1000000000,1.0000000000,67.5889376977
40.7500000000,0.0000000000,67.6366668337,0.9540394333,1.5999529128,1.4709733614,168.9247064096,31.3233000233,11.1000000000,1.0000000000,67.6366668337
40.8000000000,0.0000000000,67.6843356301,0.9528332703,1.5999529673,1.4709733893,169.0264012577,31.3357747428,11.1000000000,1.0000000000,67.6843356301
40.8500000000,0.0000000000,67.7319441568,0.9516285032,1.5999530217,1.4709734172,169.1279783964,31.3482556205,11.1000000000,1.0000000000,67.7319441568
40.9000000000,0.0000000000,67.7794924835,0.9504251303,1.5999530761,1.4709734451,169.2294379976,31.3607426424,11.1000000000,1.0000000000,67.7794924835
40.9500000000,0.0000000000,67.8269806798,0.9492231493,1.5999531304,1.4709734729,169.3307802331,31.3732357947,11.1000000000,1.0000000000,67.8269806798
41.0000000000,0.0000000000,67.8744088153,0.9480225583,1.5999531846,1.4709735007,169.4320052742,31.3857350633,11.1000000000,1.0000000000,67.8744088153
41.0500000000,0.0000000000,67.9217769594,0.9468233552,1.5999532387,1.4709735284,169.5331132920,31.3982404346,11.1000000000,1.0000000000,67.9217769594
41.1000000000,0.0000000000,67.9690851814,0.9456255380,1.5999532927,1.4709735561,169.6341044576,31.4107518945,11.1000000000,1.0000000000,67.9690851814
41.1500000000,0.0000000000,68.0163335507,0.9444291047,1.5999533467,1.4709735838,169.7349789416,31.4232694294,11.1000000000,1.0000000000,68.0163335507
41.2000000000,0.0000000000,68.0635221363,0.9432340533,1.5999534005,1.4709736114,169.8357369142,31.4357930253,11.1000000000,1.0000000000,68.0635221363
41.2500000000,0.0000000000,68.1106510074,0.9420403817,1.5999534543,1.4709736390,169.9363785457,31.4483226686,11.1000000000,1.0000000000,68.1106510074
41.3000000000,0.0000000000,68.1577202327,0.9408480880,1.5999535081,1.4709736665,170.0369040059,31.4608583454,11.1000000000,1.0000000000,68.1577202327
41.3500000000,0.0000000000,68.2047298812,0.9396571701,1.5999535617,1.4709736940,170.1373134644,31.4734000421,11.1000000000,1.0000000000,68.2047298812
41.4000000000,0.0000000000,68.2516800215,0.9384676259,1.5999536153,1.4709737215,170.2376070906,31.4859477449,11.1000000000,1.0000000000,68.2516800215
41.4500000000,0.0000000000,68.2985707224,0.9372794536,1.5999536687,1.4709737489,170.3377850536,31.4985014401,11.1000000000,1.0000000000,68.2985707224
41.5000000000,0.0000000000,68.3454020524,0.9360926511,1.5999537221,1.4709737763,170.4378475223,31.5110611141,11.1000000000,1.0000000000,68.3454020524
41.5500000000,0.0000000000,68.3921740799,0.9349072164,1.5999537755,1.4709738036,170.5377946651,31.5236267531,11.1000000000,1.0000000000,68.3921740799
41.6000000000,0.0000000000,68.4388868732,0.9337231475,1.5999538287,1.4709738309,170.6376266506,31.5361983437,11.1000000000,1.0000000000,68.4388868732
41.6500000000,0.0000000000,68.4855405005,0.9325404425,1.5999538819,1.4709738582,170.7373436466,31.5487758721,11.1000000000,1.0000000000,68.4855405005
41.7000000000,0.0000000000,68.5321350301,0.9313590992,1.5999539350,1.4709738854,170.8369458211,31.5613593248,11.1000000000,1.0000000000,68.5321350301
41.7500000000,0.0000000000,68.5786705299,0.9301791158,1.5999539880,1.4709739126,170.9364333417,31.5739486882,11.1000000000,1.0000000000,68.5786705299
41.8000000000,0.0000000000,68.6251470679,0.9290004902,1.5999540410,1.4709739397,171.0358063757,31.5865439488,11.1000000000,1.0000000000,68.6251470679
41.8500000000,0.0000000000,68.6715647119,0.9278232205,1.5999540938,1.4709739668,171.1350650900,31.5991450930,11.1000000000,1.0000000000,68.6715647119
41.9000000000,0.0000000000,68.7179235297,0.9266473047,1.5999541466,1.4709739939,171.2342096516,31.6117521075,11.1000000000,1.0000000000,68.7179235297
41.9500000000,0.0000000000,68.7642235888,0.9254727409,1.5999541993,1.4709740209,171.3332402271,31.6243649786,11.1000000000,1.0000000000,68.7642235888
42.0000000000,0.0000000000,68.8104649569,0.9242995269,1.5999542519,1.4709740479,171.4321569826,31.6369836929,11.1000000000,1.0000000000,68.8104649569
42.0500000000,0.0000000000,68.8566477014,0.9231276610,1.5999543045,1.4709740748,171.5309600844,31.6496082370,11.1000000000,1.0000000000,68.8566477014
42.1000000000,0.0000000000,68.9027718896,0.9219571410,1.5999543570,1.4709741017,171.6296496981,31.6622385976,11.1000000000,1.0000000000,68.9027718896
42.1500000000,0.0000000000,68.9488375888,0.9207879651,1.5999544094,1.4709741286,171.7282259894,31.6748747611,11.1000000000,1.0000000000,68.9488375888
42.2000000000,0.0000000000,68.9948448661,0.9196201313,1.5999544617,1.4709741554,171.8266891236,31.6875167142,11.1000000000,1.0000000000,68.9948448661
42.2500000000,0.0000000000,69.0407937885,0.9184536376,1.5999545140,1.4709741822,171.9250392657,31.7001644436,11.1000000000,1.0000000000,69.0407937885
42.3000000000,0.0000000000,69.0866844231,0.9172884821,1.5999545661,1.4709742089,172.0232765805,31.7128179359,11.1000000000,1.0000000000,69.0866844231
42.3500000000,0.0000000000,69.1325168367,0.9161246628,1.5999546182,1.4709742356,172.1214012326,31.7254771778,11.1000000000,1.0000000000,69.1325168367
42.4000000000,0.0000000000,69.1782910960,0.9149621778,1.5999546702,1.4709742623,172.2194133864,31.7381421561,11.1000000000,1.0000000000,69.1782910960
42.4500000000,0.0000000000,69.2240072677,0.9138010251,1.5999547222,1.4709742889,172.3173132058,31.7508128575,11.1000000000,1.0000000000,69.2240072677
42.5000000000,0.0000000000,69.2696654184,0.9126412028,1.5999547741,1.4709743155,172.4151008547,31.7634892687,11.1000000000,1.0000000000,69.2696654184
42.5500000000,0.0000000000,69.3152656144,0.9114827089,1.5999548259,1.4709743421,172.5127764968,31.7761713765,11.1000000000,1.0000000000,69.3152656144
42.6000000000,0.0000000000,69.3608079223,0.9103255416,1.5999548776,1.4709743686,172.6103402951,31.7888591677,11.1000000000,1.0000000000,69.3608079223
42.6500000000,0.0000000000,69.4062924083,0.9091696988,1.5999549292,1.4709743951,172.7077924130,31.8015526292,11.1000000000,1.0000000000,69.4062924083
42.7000000000,0.0000000000,69.4517191384,0.9080151787,1.5999549808,1.4709744215,172.8051330132,31.8142517477,11.1000000000,1.0000000000,69.4517191384
42.7500000000,0.0000000000,69.4970881790,0.9068619793,1.5999550323,1.4709744479,172.9023622582,31.8269565101,11.1000000000,1.0000000000,69.4970881790
42.8000000000,0.0000000000,69.5423995958,0.9057100986,1.5999550837,1.4709744742,172.9994803105,31.8396669033,11.1000000000,1.0000000000,69.5423995958
42.8500000000,0.0000000000,69.5876534548,0.9045595349,1.5999551350,1.4709745006,173.0964873321,31.8523829143,11.1000000000,1.0000000000,69.5876534548
42.9000000000,0.0000000000,69.6328498217,0.9034102861,1.5999551863,1.4709745268,173.1933834849,31.8651045298,11.1000000000,1.0000000000,69.6328498217
42.9500000000,0.0000000000,69.6779887624,0.9022623503,1.5999552375,1.4709745531,173.2901689304,31.8778317369,11.1000000000,1.0000000000,69.6779887624
43.0000000000,0.0000000000,69.7230703423,0.9011157256,1.5999552886,1.4709745793,173.3868438301,31.8905645225,11.1000000000,1.0000000000,69.7230703423
43.0500000000,0.0000000000,69.7680946270,0.8999704102,1.5999553397,1.4709746055,173.4834083450,31.9033028737,11.1000000000,1.0000000000,69.7680946270
43.1000000000,0.0000000000,69.8130616819,0.8988264020,1.5999553906,1.4709746316,173.5798626361,31.9160467774,11.1000000000,1.0000000000,69.8130616819
43.1500000000,0.0000000000,69.8579715723,0.8976836992,1.5999554415,1.4709746577,173.6762068639,31.9287962206,11.1000000000,1.0000000000,69.8579715723
43.2000000000,0.0000000000,69.9028243634,0.8965423000,1.5999554923,1.4709746837,173.7724411889,31.9415511904,11.1000000000,1.0000000000,69.9028243634
43.2500000000,0.0000000000,69.9476201204,0.8954022023,1.5999555431,1.4709747098,173.8685657711,31.9543116738,11.1000000000,1.0000000000,69.9476201204
43.3000000000,0.0000000000,69.9923589082,0.8942634043,1.5999555938,1.4709747357,173.9645807705,31.9670776580,11.1000000000,1.0000000000,69.9923589082
43.3500000000,0.0000000000,70.0370407918,0.8931259041,1.5999556444,1.4709747617,174.0604863468,31.9798491300,11.1000000000,1.0000000000,70.0370407918
43.4000000000,0.0000000000,70.0816658361,0.8919896999,1.5999556949,1.4709747876,174.1562826594,31.9926260770,11.1000000000,1.0000000000,70.0816658361
43.4500000000,0.0000000000,70.1262341057,0.8908547896,1.5999557453,1.4709748134,174.2519698674,32.0054084861,11.1000000000,1.0000000000,70.1262341057
43.5000000000,0.0000000000,70.1707456653,0.8897211715,1.5999557957,1.4709748393,174.3475481299,32.0181963445,11.1000000000,1.0000000000,70.1707456653
43.5500000000,0.0000000000,70.2152005796,0.8885888437,1.5999558460,1.4709748650,174.4430176054,32.0309896394,11.1000000000,1.0000000000,70.2152005796
43.6000000000,0.0000000000,70.2595989129,0.8874578042,1.5999558963,1.4709748908,174.5383784525,32.0437883579,11.1000000000,1.0000000000,70.2595989129
43.6500000000,0.0000000000,70.3039407296,0.8863280513,1.5999559464,1.4709749165,174.6336308294,32.0565924874,11.1000000000,1.0000000000,70.3039407296
43.7000000000,0.0000000000,70.3482260940,0.8851995830,1.5999559965,1.4709749422,174.7287748941,32.0694020150,11.1000000000,1.0000000000,70.3482260940
43.7500000000,0.0000000000,70.3924550702,0.8840723974,1.5999560465,1.4709749678,174.8238108042,32.0822169281,11.1000000000,1.0000000000,70.3924550702
43.8000000000,0.0000000000,70.4366277224,0.8829464927,1.5999560965,1.4709749934,174.9187387174,32.0950372138,11.1000000000,1.0000000000,70.4366277224
43.8500000000,0.0000000000,70.4807441146,0.8818218670,1.5999561463,1.4709750190,175.0135587909,32.1078628596,11.1000000000,1.0000000000,70.4807441146
43.9000000000,0.0000000000,70.5248043106,0.8806985185,1.5999561961,1.4709750445,175.1082711817,32.1206938528,11.1000000000,1.0000000000,70.5248043106
43.9500000000,0.0000000000,70.5688083743,0.8795764453,1.5999562458,1.4709750700,175.2028760465,32.1335301806,11.1000000000,1.0000000000,70.5688083743
44.0000000000,0.0000000000,70.6127563693,0.8784556456,1.5999562955,1.4709750955,175.2973735421,32.1463718305,11.1000000000,1.0000000000,70.6127563693
44.0500000000,0.0000000000,70.6566483593,0.8773361174,1.5999563451,1.4709751209,175.3917638247,32.1592187899,11.1000000000,1.0000000000,70.6566483593
44.1000000000,0.0000000000,70.7004844078,0.8762178590,1.5999563946,1.4709751462,175.4860470503,32.1720710462,11.1000000000,1.0000000000,70.7004844078
44.1500000000,0.0000000000,70.7442645783,0.8751008685,1.5999564440,1.4709751716,175.5802233748,32.1849285868,11.1000000000,1.0000000000,70.7442645783
44.2000000000,0.0000000000,70.7879889341,0.8739851440,1.5999564934,1.4709751969,175.6742929539,32.1977913991,11.1000000000,1.0000000000,70.7879889341
44.2500000000,0.0000000000,70.8316575384,0.8728706838,1.5999565427,1.4709752222,175.7682559429,32.2106594706,11.1000000000,1.0000000000,70.8316575384
44.3000000000,0.0000000000,70.8752704545,0.8717574859,1.5999565919,1.4709752474,175.8621124970,32.2235327889,11.1000000000,1.0000000000,70.8752704545
44.3500000000,0.0000000000,70.9188277453,0.8706455485,1.5999566410,1.4709752726,175.9558627710,32.2364113413,11.1000000000,1.0000000000,70.9188277453
44.4000000000,0.0000000000,70.9623294739,0.8695348698,1.5999566901,1.4709752977,176.0495069197,32.2492951155,11.1000000000,1.0000000000,70.9623294739
44.4500000000,0.0000000000,71.0057757031,0.8684254480,1.5999567391,1.4709753229,176.1430450974,32.2621840990,11.1000000000,1.0000000000,71.0057757031
44.5000000000,0.0000000000,71.0491664957,0.8673172812,1.5999567880,1.4709753479,176.2364774585,32.2750782794,11.1000000000,1.0000000000,71.0491664957
44.5500000000,0.0000000000,71.0925019145,0.8662103676,1.5999568369,1.4709753730,176.3298041568,32.2879776442,11.1000000000,1.0000000000,71.0925019145
44.6000000000,0.0000000000,71.1357820220,0.8651047054,1.5999568857,1.4709753980,176.4230253461,32.3008821810,11.1000000000,1.0000000000,71.1357820220
44.6500000000,0.0000000000,71.1790068808,0.8640002928,1.5999569344,1.4709754230,176.5161411800,32.3137918776,11.1000000000,1.0000000000,71.1790068808
44.7000000000,0.0000000000,71.2221765532,0.8628971279,1.5999569830,1.4709754479,176.6091518116,32.3267067215,11.1000000000,1.0000000000,71.2221765532
44.7500000000,0.0000000000,71.2652911017,0.8617952089,1.5999570316,1.4709754728,176.7020573942,32.3396267004,11.1000000000,1.0000000000,71.2652911017
44.8000000000,0.0000000000,71.3083505885,0.8606945341,1.5999570801,1.4709754977,176.7948580804,32.3525518019,11.1000000000,1.0000000000,71.3083505885
44.8500000000,0.0000000000,71.3513550757,0.8595951016,1.5999571286,1.4709755225,176.8875540228,32.3654820139,11.1000000000,1.0000000000,71.3513550757
44.9000000000,0.0000000000,71.3943046254,0.8584969095,1.5999571769,1.4709755473,176.9801453739,32.3784173239,11.1000000000,1.0000000000,71.3943046254
44.9500000000,0.0000000000,71.4371992995,0.8573999562,1.5999572252,1.4709755721,177.0726322858,32.3913577198,11.1000000000,1.0000000000,71.4371992995
45.0000000000,0.0000000000,71.4800391600,0.8563042398,1.5999572734,1.4709755968,177.1650149102,32.4043031894,11.1000000000,1.0000000000,71.4800391600
45.0500000000,0.0000000000,71.5228242687,0.8552097584,1.5999573216,1.4709756215,177.2572933990,32.4172537203,11.1000000000,1.0000000000,71.5228242687
45.1000000000,0.0000000000,71.5655546872,0.8541165104,1.5999573697,1.4709756461,177.3494679035,32.4302093004,11.1000000000,1.0000000000,71.5655546872
45.1500000000,0.0000000000,71.6082304772,0.8530244939,1.5999574177,1.4709756707,177.4415385750,32.4431699176,11.1000000000,1.0000000000,71.6082304772
45.2000000000,0.0000000000,71.6508517002,0.8519337070,1.5999574656,1.4709756953,177.5335055644,32.4561355596,11.1000000000,1.0000000000,71.6508517002
45.2500000000,0.0000000000,71.6934184176,0.8508441482,1.5999575135,1.4709757199,177.6253690225,32.4691062144,11.1000000000,1.0000000000,71.6934184176
45.3000000000,0.0000000000,71.7359306908,0.8497558154,1.5999575613,1.4709757444,177.7171290999,32.4820818697,11.1000000000,1.0000000000,71.7359306908
45.3500000000,0.0000000000,71.7783885810,0.8486687070,1.5999576091,1.4709757688,177.8087859467,32.4950625136,11.1000000000,1.0000000000,71.7783885810
45.4000000000,0.0000000000,71.8207921495,0.8475828212,1.5999576567,1.4709757933,177.9003397131,32.5080481339,11.1000000000,1.0000000000,71.8207921495
45.4500000000,0.0000000000,71.8631414572,0.8464981562,1.5999577043,1.4709758177,177.9917905490,32.5210387185,11.1000000000,1.0000000000,71.8631414572
45.5000000000,0.0000000000,71.9054365653,0.8454147103,1.5999577519,1.4709758420,178.0831386039,32.5340342555,11.1000000000,1.0000000000,71.9054365653
45.5500000000,0.0000000000,71.9476775345,0.8443324816,1.5999577993,1.4709758664,178.1743840273,32.5470347328,11.1000000000,1.0000000000,71.9476775345
45.6000000000,0.0000000000,71.9898644257,0.8432514684,1.5999578467,1.4709758907,178.2655269683,32.5600401383,11.1000000000,1.0000000000,71.9898644257
45.6500000000,0.0000000000,72.0319972996,0.8421716689,1.5999578940,1.4709759149,178.3565675759,32.5730504601,11.1000000000,1.0000000000,72.0319972996
45.7000000000,0.0000000000,72.0740762169,0.8410930813,1.5999579413,1.4709759391,178.4475059987,32.5860656863,11.1000000000,1.0000000000,72.0740762169
45.7500000000,0.0000000000,72.1161012381,0.8400157040,1.5999579885,1.4709759633,178.5383423853,32.5990858049,11.1000000000,1.0000000000,72.1161012381
45.8000000000,0.0000000000,72.1580724237,0.8389395351,1.5999580356,1.4709759875,178.6290768839,32.6121108039,11.1000000000,1.0000000000,72.1580724237
45.8500000000,0.0000000000,72.1999898340,0.8378645729,1.5999580826,1.4709760116,178.7197096426,32.6251406714,11.1000000000,1.0000000000,72.1999898340
45.9000000000,0.0000000000,72.2418535293,0.8367908156,1.5999581296,1.4709760357,178.8102408093,32.6381753956,11.1000000000,1.0000000000,72.2418535293
45.9500000000,0.0000000000,72.2836635699,0.8357182615,1.5999581765,1.4709760597,178.9006705314,32.6512149646,11.1000000000,1.0000000000,72.2836635699
46.0000000000,0.0000000000,72.3254200159,0.8346469089,1.5999582234,1.4709760837,178.9909989564,32.6642593665,11.1000000000,1.0000000000,72.3254200159
46.0500000000,0.0000000000,72.3671229272,0.8335767559,1.5999582701,1.4709761077,179.0812262315,32.6773085895,11.1000000000,1.0000000000,72.3671229272
46.1000000000,0.0000000000,72.4087723637,0.8325078009,1.5999583168,1.4709761317,179.1713525035,32.6903626218,11.1000000000,1.0000000000,72.4087723637
46.1500000000,0.0000000000,72.4503683855,0.8314400420,1.5999583635,1.4709761556,179.2613779192,32.7034214515,11.1000000000,1.0000000000,72.4503683855
46.2000000000,0.0000000000,72.4919110521,0.8303734777,1.5999584100,1.4709761795,179.3513026250,32.7164850669,11.1000000000,1.0000000000,72.4919110521
46.2500000000,0.0000000000,72.5334004234,0.8293081061,1.5999584565,1.4709762033,179.4411267673,32.7295534563,11.1000000000,1.0000000000,72.5334004234
46.3000000000,0.0000000000,72.5748365588,0.8282439254,1.5999585030,1.4709762271,179.5308504921,32.7426266078,11.1000000000,1.0000000000,72.5748365588
46.3500000000,0.0000000000,72.6162195179,0.8271809341,1.5999585493,1.4709762509,179.6204739452,32.7557045099,11.1000000000,1.0000000000,72.6162195179
46.4000000000,0.0000000000,72.6575493601,0.8261191303,1.5999585956,1.4709762746,179.7099972721,32.7687871506,11.1000000000,1.0000000000,72.6575493601
46.4500000000,0.0000000000,72.6988261448,0.8250585123,1.5999586419,1.4709762983,179.7994206184,32.7818745185,11.1000000000,1.0000000000,72.6988261448
46.5000000000,0.0000000000,72.7400499311,0.8239990784,1.5999586880,1.4709763220,179.8887441292,32.7949666018,11.1000000000,1.0000000000,72.7400499311
46.5500000000,0.0000000000,72.7812207782,0.8229408269,1.5999587341,1.4709763456,179.9779679493,32.8080633888,11.1000000000,1.0000000000,72.7812207782
46.6000000000,0.0000000000,72.8223387452,0.8218837561,1.5999587802,1.4709763692,180.0670922236,32.8211648680,11.1000000000,1.0000000000,72.8223387452
46.6500000000,0.0000000000,72.8634038912,0.8208278642,1.5999588261,1.4709763928,180.1561170965,32.8342710277,11.1000000000,1.0000000000,72.8634038912
46.7000000000,0.0000000000,72.9044162749,0.8197731495,1.5999588720,1.4709764163,180.2450427124,32.8473818563,11.1000000000,1.0000000000,72.9044162749
46.7500000000,0.0000000000,72.9453759552,0.8187196104,1.5999589179,1.4709764398,180.3338692153,32.8604973423,11.1000000000,1.0000000000,72.9453759552
46.8000000000,0.0000000000,72.9862829908,0.8176672451,1.5999589636,1.4709764632,180.4225967491,32.8736174741,11.1000000000,1.0000000000,72.9862829908
46.8500000000,0.0000000000,73.0271374404,0.8166160519,1.5999590093,1.4709764867,180.5112254574,32.8867422401,11.1000000000,1.0000000000,73.0271374404
46.9000000000,0.0000000000,73.0679393626,0.8155660292,1.5999590550,1.4709765101,180.5997554836,32.8998716288,11.1000000000,1.0000000000,73.0679393626
46.9500000000,0.0000000000,73.1086888157,0.8145171752,1.5999591005,1.4709765334,180.6881869710,32.9130056288,11.1000000000,1.0000000000,73.1086888157
47.0000000000,0.0000000000,73.1493858583,0.8134694881,1.5999591460,1.4709765568,180.7765200624,32.9261442286,11.1000000000,1.0000000000,73.1493858583
47.0500000000,0.0000000000,73.1900305485,0.8124229665,1.5999591915,1.4709765800,180.8647549008,32.9392874166,11.1000000000,1.0000000000,73.1900305485
47.1000000000,0.0000000000,73.2306229447,0.8113776084,1.5999592368,1.4709766033,180.9528916287,32.9524351815,11.1000000000,1.0000000000,73.2306229447
47.1500000000,0.0000000000,73.2711631049,0.8103334123,1.5999592821,1.4709766265,181.0409303884,32.9655875118,11.1000000000,1.0000000000,73.2711631049
47.2000000000,0.0000000000,73.3116510873,0.8092903765,1.5999593274,1.4709766497,181.1288713220,32.9787443961,11.1000000000,1.0000000000,73.3116510873
47.2500000000,0.0000000000,73.3520869497,0.8082484993,1.5999593726,1.4709766729,181.2167145715,32.9919058230,11.1000000000,1.0000000000,73.3520869497
47.3000000000,0.0000000000,73.3924707501,0.8072077790,1.5999594177,1.4709766960,181.3044602785,33.0050717811,11.1000000000,1.0000000000,73.3924707501
47.3500000000,0.0000000000,73.4328025463,0.8061682139,1.5999594627,1.4709767191,181.3921085846,33.0182422591,11.1000000000,1.0000000000,73.4328025463
47.4000000000,0.0000000000,73.4730823959,0.8051298023,1.5999595077,1.4709767421,181.4796596309,33.0314172457,11.1000000000,1.0000000000,73.4730823959
47.4500000000,0.0000000000,73.5133103566,0.8040925426,1.5999595526,1.4709767652,181.5671135587,33.0445967295,11.1000000000,1.0000000000,73.5133103566
47.5000000000,0.0000000000,73.5534864860,0.8030564332,1.5999595974,1.4709767882,181.6544705087,33.0577806992,11.1000000000,1.0000000000,73.5534864860
47.5500000000,0.0000000000,73.5936108415,0.8020214723,1.5999596422,1.4709768111,181.7417306215,33.0709691435,11.1000000000,1.0000000000,73.5936108415
47.6000000000,0.0000000000,73.6336834805,0.8009876582,1.5999596869,1.4709768340,181.8288940376,33.0841620512,11.1000000000,1.0000000000,73.6336834805
47.6500000000,0.0000000000,73.6737044603,0.7999549894,1.5999597316,1.4709768569,181.9159608972,33.0973594110,11.1000000000,1.0000000000,73.6737044603
47.7000000000,0.0000000000,73.7136738381,0.7989234641,1.5999597762,1.4709768798,182.0029313403,33.1105612117,11.1000000000,1.0000000000,73.7136738381
47.7500000000,0.0000000000,73.7535916710,0.7978930807,1.5999598207,1.4709769026,182.0898055067,33.1237674421,11.1000000000,1.0000000000,73.7535916710
47.8000000000,0.0000000000,73.7934580162,0.7968638375,1.5999598651,1.4709769254,182.1765835359,33.1369780910,11.1000000000,1.0000000000,73.7934580162
47.8500000000,0.0000000000,73.8332729305,0.7958357330,1.5999599095,1.4709769481,182.2632655673,33.1501931471,11.1000000000,1.0000000000,73.8332729305
47.9000000000,0.0000000000,73.8730364709,0.7948087653,1.5999599539,1.4709769709,182.3498517401,33.1634125995,11.1000000000,1.0000000000,73.8730364709
47.9500000000,0.0000000000,73.9127486940,0.7937829330,1.5999599981,1.4709769936,182.4363421932,33.1766364368,11.1000000000,1.0000000000,73.9127486940
48.0000000000,0.0000000000,73.9524096568,0.7927582343,1.5999600423,1.4709770162,182.5227370654,33.1898646480,11.1000000000,1.0000000000,73.9524096568
48.0500000000,0.0000000000,73.9920194158,0.7917346675,1.5999600865,1.4709770388,182.6090364952,33.2030972220,11.1000000000,1.0000000000,73.9920194158
48.1000000000,0.0000000000,74.0315780275,0.7907122312,1.5999601305,1.4709770614,182.6952406208,33.2163341476,11.1000000000,1.0000000000,74.0315780275
48.1500000000,0.0000000000,74.0710855484,0.7896909236,1.5999601745,1.4709770840,182.7813495805,33.2295754139,11.1000000000,1.0000000000,74.0710855484
48.2000000000,0.0000000000,74.1105420350,0.7886707430,1.5999602185,1.4709771065,182.8673635121,33.2428210098,11.1000000000,1.0000000000,74.1105420350
48.2500000000,0.0000000000,74.1499475435,0.7876516879,1.5999602624,1.4709771290,182.9532825532,33.2560709241,11.1000000000,1.0000000000,74.1499475435
48.3000000000,0.0000000000,74.1893021302,0.7866337566,1.5999603062,1.4709771515,183.0391068415,33.2693251460,11.1000000000,1.0000000000,74.1893021302
48.3500000000,0.0000000000,74.2286058511,0.7856169476,1.5999603499,1.4709771739,183.1248365141,33.2825836644,11.1000000000,1.0000000000,74.2286058511
48.4000000000,0.0000000000,74.2678587624,0.7846012591,1.5999603936,1.4709771963,183.2104717082,33.2958464683,11.1000000000,1.0000000000,74.2678587624
48.4500000000,0.0000000000,74.3070609201,0.7835866895,1.5999604372,1.4709772187,183.2960125605,33.3091135468,11.1000000000,1.0000000000,74.3070609201
48.5000000000,0.0000000000,74.3462123800,0.7825732372,1.5999604808,1.4709772410,183.3814592078,33.3223848889,11.1000000000,1.0000000000,74.3462123800
48.5500000000,0.0000000000,74.3853131981,0.7815609007,1.5999605243,1.4709772633,183.4668117865,33.3356604837,11.1000000000,1.0000000000,74.3853131981
48.6000000000,0.0000000000,74.4243634299,0.7805496783,1.5999605677,1.4709772856,183.5520704329,33.3489403202,11.1000000000,1.0000000000,74.4243634299
48.6500000000,0.0000000000,74.4633631312,0.7795395683,1.5999606111,1.4709773078,183.6372352829,33.3622243877,11.1000000000,1.0000000000,74.4633631312
48.7000000000,0.0000000000,74.5023123575,0.7785305692,1.5999606544,1.4709773300,183.7223064725,33.3755126751,11.1000000000,1.0000000000,74.5023123575
48.7500000000,0.0000000000,74.5412111645,0.7775226793,1.5999606977,1.4709773522,183.8072841372,33.3888051717,11.1000000000,1.0000000000,74.5412111645
48.8000000000,0.0000000000,74.5800596073,0.7765158971,1.5999607409,1.4709773743,183.8921684125,33.4021018665,11.1000000000,1.0000000000,74.5800596073
48.8500000000,0.0000000000,74.6188577416,0.7755102210,1.5999607840,1.4709773964,183.9769594335,33.4154027488,11.1000000000,1.0000000000,74.6188577416
48.9000000000,0.0000000000,74.6576056223,0.7745056493,1.5999608270,1.4709774185,184.0616573354,33.4287078078,11.1000000000,1.0000000000,74.6576056223
48.9500000000,0.0000000000,74.6963033048,0.7735021804,1.5999608700,1.4709774405,184.1462622529,33.4420170326,11.1000000000,1.0000000000,74.6963033048
49.0000000000,0.0000000000,74.7349508442,0.7724998128,1.5999609130,1.4709774625,184.2307743206,33.4553304125,11.1000000000,1.0000000000,74.7349508442
49.0500000000,0.0000000000,74.7735482955,0.7714985448,1.5999609558,1.4709774845,184.3151936730,33.4686479368,11.1000000000,1.0000000000,74.7735482955
49.1000000000,0.0000000000,74.8120957135,0.7704983750,1.5999609987,1.4709775065,184.3995204442,33.4819695947,11.1000000000,1.0000000000,74.8120957135
49.1500000000,0.0000000000,74.8505931532,0.7694993015,1.5999610414,1.4709775284,184.4837547682,33.4952953754,11.1000000000,1.0000000000,74.8505931532
49.2000000000,0.0000000000,74.8890406694,0.7685013230,1.5999610841,1.4709775503,184.5678967789,33.5086252682,11.1000000000,1.0000000000,74.8890406694
49.2500000000,0.0000000000,74.9274383167,0.7675044378,1.5999611267,1.4709775721,184.6519466098,33.5219592626,11.1000000000,1.0000000000,74.9274383167
49.3000000000,0.0000000000,74.9657861497,0.7665086443,1.5999611693,1.4709775939,184.7359043944,33.5352973477,11.1000000000,1.0000000000,74.9657861497
49.3500000000,0.0000000000,75.0040842231,0.7655139410,1.5999612118,1.4709776157,184.8197702657,33.5486395130,11.1000000000,1.0000000000,75.0040842231
49.4000000000,0.0000000000,75.0423325913,0.7645203262,1.5999612542,1.4709776375,184.9035443569,33.5619857478,11.1000000000,1.0000000000,75.0423325913
49.4500000000,0.0000000000,75.0805313086,0.7635277984,1.5999612966,1.4709776592,184.9872268006,33.5753360415,11.1000000000,1.0000000000,75.0805313086
49.5000000000,0.0000000000,75.1186804294,0.7625363560,1.5999613389,1.4709776809,185.0708177296,33.5886903835,11.1000000000,1.0000000000,75.1186804294
49.5500000000,0.0000000000,75.1567800078,0.7615459975,1.5999613812,1.4709777026,185.1543172762,33.6020487632,11.1000000000,1.0000000000,75.1567800078
49.6000000000,0.0000000000,75.1948300981,0.7605567212,1.5999614234,1.4709777242,185.2377255725,33.6154111700,11.1000000000,1.0000000000,75.1948300981
49.6500000000,0.0000000000,75.2328307544,0.7595685257,1.5999614655,1.4709777458,185.3210427506,33.6287775933,11.1000000000,1.0000000000,75.2328307544
49.7000000000,0.0000000000,75.2707820305,0.7585814093,1.5999615076,1.4709777674,185.4042689423,33.6421480227,11.1000000000,1.0000000000,75.2707820305
49.7500000000,0.0000000000,75.3086839805,0.7575953705,1.5999615496,1.4709777889,185.4874042791,33.6555224476,11.1000000000,1.0000000000,75.3086839805
49.8000000000,0.0000000000,75.3465366581,0.7566104078,1.5999615916,1.4709778104,185.5704488925,33.6689008575,11.1000000000,1.0000000000,75.3465366581
49.8500000000,0.0000000000,75.3843401171,0.7556265195,1.5999616335,1.4709778319,185.6534029137,33.6822832420,11.1000000000,1.0000000000,75.3843401171
49.9000000000,0.0000000000,75.4220944112,0.7546437041,1.5999616753,1.4709778533,185.7362664736,33.6956695905,11.1000000000,1.0000000000,75.4220944112
49.9500000000,0.0000000000,75.4597995941,0.7536619601,1.5999617171,1.4709778748,185.8190397030,33.7090598926,11.1000000000,1.0000000000,75.4597995941
50.0000000000,0.0000000000,75.4974557191,0.7526812860,1.5999617588,1.4709778961,185.9017227326,33.7224541378,11.1000000000,1.0000000000,75.4974557191
50.0500000000,0.0000000000,75.5350628399,0.7517016801,1.5999618004,1.4709779175,185.9843156928,33.7358523158,11.1000000000,1.0000000000,75.5350628399
50.1000000000,0.0000000000,75.5726210096,0.7507231409,1.5999618420,1.4709779388,186.0668187138,33.7492544162,11.1000000000,1.0000000000,75.5726210096
50.1500000000,0.0000000000,75.6101302818,0.7497456670,1.5999618835,1.4709779601,186.1492319255,33.7626604285,11.1000000000,1.0000000000,75.6101302818
50.2000000000,0.0000000000,75.6475907094,0.7487692567,1.5999619250,1.4709779814,186.2315554579,33.7760703424,11.1000000000,1.0000000000,75.6475907094
50.2500000000,0.0000000000,75.6850023458,0.7477939085,1.5999619664,1.4709780026,186.3137894405,33.7894841475,11.1000000000,1.0000000000,75.6850023458
50.3000000000,0.0000000000,75.7223652440,0.7468196208,1.5999620078,1.4709780238,186.3959340028,33.8029018335,11.1000000000,1.0000000000,75.7223652440
50.3500000000,0.0000000000,75.7596794569,0.7458463923,1.5999620491,1.4709780450,186.4779892739,33.8163233901,11.1000000000,1.0000000000,75.7596794569
50.4000000000,0.0000000000,75.7969450374,0.7448742212,1.5999620903,1.4709780661,186.5599553830,33.8297488069,11.1000000000,1.0000000000,75.7969450374
50.4500000000,0.0000000000,75.8341620385,0.7439031061,1.5999621315,1.4709780872,186.6418324589,33.8431780738,11.1000000000,1.0000000000,75.8341620385
50.5000000000,0.0000000000,75.8713305127,0.7429330455,1.5999621726,1.4709781083,186.7236206302,33.8566111803,11.1000000000,1.0000000000,75.8713305127
50.5500000000,0.0000000000,75.9084505130,0.7419640379,1.5999622136,1.4709781293,186.8053200253,33.8700481163,11.1000000000,1.0000000000,75.9084505130
50.6000000000,0.0000000000,75.9455220917,0.7409960816,1.5999622546,1.4709781503,186.8869307726,33.8834888716,11.1000000000,1.0000000000,75.9455220917
50.6500000000,0.0000000000,75.9825453016,0.7400291752,1.5999622956,1.4709781713,186.9684530001,33.8969334358,11.1000000000,1.0000000000,75.9825453016
50.7000000000,0.0000000000,76.0195201949,0.7390633173,1.5999623364,1.4709781923,187.0498868357,33.9103817988,11.1000000000,1.0000000000,76.0195201949
50.7500000000,0.0000000000,76.0564468241,0.7380985062,1.5999623772,1.4709782132,187.1312324070,33.9238339504,11.1000000000,1.0000000000,76.0564468241
50.8000000000,0.0000000000,76.0933252416,0.7371347404,1.5999624180,1.4709782341,187.2124898416,33.9372898805,11.1000000000,1.0000000000,76.0933252416
50.8500000000,0.0000000000,76.1301554995,0.7361720185,1.5999624587,1.4709782549,187.2936592667,33.9507495788,11.1000000000,1.0000000000,76.1301554995
50.9000000000,0.0000000000,76.1669376499,0.7352103389,1.5999624993,1.4709782758,187.3747408095,33.9642130353,11.1000000000,1.0000000000,76.1669376499
50.9500000000,0.0000000000,76.2036717450,0.7342497002,1.5999625399,1.4709782966,187.4557345968,33.9776802397,11.1000000000,1.0000000000,76.2036717450
51.0000000000,0.0000000000,76.2403578367,0.7332901008,1.5999625804,1.4709783174,187.5366407554,33.9911511821,11.1000000000,1.0000000000,76.2403578367
51.0500000000,0.0000000000,76.2769959771,0.7323315392,1.5999626209,1.4709783381,187.6174594118,34.0046258522,11.1000000000,1.0000000000,76.2769959771
51.1000000000,0.0000000000,76.3135862178,0.7313740140,1.5999626613,1.4709783588,187.6981906923,34.0181042401,11.1000000000,1.0000000000,76.3135862178
51.1500000000,0.0000000000,76.3501286107,0.7304175236,1.5999627017,1.4709783795,187.7788347231,34.0315863357,11.1000000000,1.0000000000,76.3501286107
51.2000000000,0.0000000000,76.3866232076,0.7294620665,1.5999627419,1.4709784002,187.8593916302,34.0450721289,11.1000000000,1.0000000000,76.3866232076
51.2500000000,0.0000000000,76.4230700600,0.7285076413,1.5999627822,1.4709784208,187.9398615393,34.0585616097,11.1000000000,1.0000000000,76.4230700600
51.3000000000,0.0000000000,76.4594692194,0.7275542465,1.5999628224,1.4709784414,188.0202445760,34.0720547681,11.1000000000,1.0000000000,76.4594692194
51.3500000000,0.0000000000,76.4958207375,0.7266018805,1.5999628625,1.4709784619,188.1005408657,34.0855515941,11.1000000000,1.0000000000,76.4958207375
51.4000000000,0.0000000000,76.5321246654,0.7256505419,1.5999629025,1.4709784825,188.1807505336,34.0990520777,11.1000000000,1.0000000000,76.5321246654
51.4500000000,0.0000000000,76.5683810547,0.7247002292,1.5999629425,1.4709785030,188.2608737047,34.1125562089,11.1000000000,1.0000000000,76.5683810547
51.5000000000,0.0000000000,76.6045899565,0.7237509409,1.5999629825,1.4709785234,188.3409105038,34.1260639779,11.1000000000,1.0000000000,76.6045899565
51.5500000000,0.0000000000,76.6407514220,0.7228026756,1.5999630223,1.4709785439,188.4208610555,34.1395753746,11.1000000000,1.0000000000,76.6407514220
51.6000000000,0.0000000000,76.6768655024,0.7218554318,1.5999630622,1.4709785643,188.5007254843,34.1530903891,11.1000000000,1.0000000000,76.6768655024
51.6500000000,0.0000000000,76.7129322486,0.7209092079,1.5999631019,1.4709785847,188.5805039145,34.1666090116,11.1000000000,1.0000000000,76.7129322486
51.7000000000,0.0000000000,76.7489517117,0.7199640026,1.5999631417,1.4709786051,188.6601964702,34.1801312322,11.1000000000,1.0000000000,76.7489517117
51.7500000000,0.0000000000,76.7849239424,0.7190198144,1.5999631813,1.4709786254,188.7398032751,34.1936570410,11.1000000000,1.0000000000,76.7849239424
51.8000000000,0.0000000000,76.8208489917,0.7180766417,1.5999632209,1.4709786457,188.8193244531,34.2071864282,11.1000000000,1.0000000000,76.8208489917
51.8500000000,0.0000000000,76.8567269103,0.7171344831,1.5999632604,1.4709786659,188.8987601275,34.2207193838,11.1000000000,1.0000000000,76.8567269103
51.9000000000,0.0000000000,76.8925577487,0.7161933372,1.5999632999,1.4709786862,188.9781104219,34.2342558981,11.1000000000,1.0000000000,76.8925577487
51.9500000000,0.0000000000,76.9283415577,0.7152532026,1.5999633393,1.4709787064,189.0573754591,34.2477959614,11.1000000000,1.0000000000,76.9283415577
52.0000000000,0.0000000000,76.9640783878,0.7143140776,1.5999633787,1.4709787266,189.1365553624,34.2613395637,11.1000000000,1.0000000000,76.9640783878
52.0500000000,0.0000000000,76.9997682893,0.7133759610,1.5999634180,1.4709787467,189.2156502543,34.2748866953,11.1000000000,1.0000000000,76.9997682893
52.1000000000,0.0000000000,77.0354113127,0.7124388512,1.5999634573,1.4709787669,189.2946602575,34.2884373465,11.1000000000,1.0000000000,77.0354113127
52.1500000000,0.0000000000,77.0710075082,0.7115027467,1.5999634965,1.4709787870,189.3735854944,34.3019915075,11.1000000000,1.0000000000,77.0710075082
52.2000000000,0.0000000000,77.1065569261,0.7105676462,1.5999635356,1.4709788070,189.4524260872,34.3155491686,11.1000000000,1.0000000000,77.1065569261
52.2500000000,0.0000000000,77.1420596166,0.7096335482,1.5999635747,1.4709788271,189.5311821580,34.3291103201,11.1000000000,1.0000000000,77.1420596166
52.3000000000,0.0000000000,77.1775156297,0.7087004513,1.5999636137,1.4709788471,189.6098538284,34.3426749522,11.1000000000,1.0000000000,77.1775156297
52.3500000000,0.0000000000,77.2129250155,0.7077683539,1.5999636527,1.4709788670,189.6884412204,34.3562430554,11.1000000000,1.0000000000,77.2129250155
52.4000000000,0.0000000000,77.2482878239,0.7068372547,1.5999636916,1.4709788870,189.7669444552,34.3698146199,11.1000000000,1.0000000000,77.2482878239
52.4500000000,0.0000000000,77.2836041047,0.7059071522,1.5999637305,1.4709789069,189.8453636542,34.3833896361,11.1000000000,1.0000000000,77.2836041047
52.5000000000,0.0000000000,77.3188739077,0.7049780450,1.5999637693,1.4709789268,189.9236989385,34.3969680943,11.1000000000,1.0000000000,77.3188739077
52.5500000000,0.0000000000,77.3540972828,0.7040499316,1.5999638080,1.4709789467,190.0019504291,34.4105499850,11.1000000000,1.0000000000,77.3540972828
52.6000000000,0.0000000000,77.3892742794,0.7031228106,1.5999638467,1.4709789665,190.0801182467,34.4241352985,11.1000000000,1.0000000000,77.3892742794
52.6500000000,0.0000000000,77.4244049473,0.7021966807,1.5999638854,1.4709789863,190.1582025118,34.4377240253,11.1000000000,1.0000000000,77.4244049473
52.7000000000,0.0000000000,77.4594893359,0.7012715403,1.5999639240,1.4709790061,190.2362033448,34.4513161557,11.1000000000,1.0000000000,77.4594893359
52.7500000000,0.0000000000,77.4945274946,0.7003473880,1.5999639625,1.4709790258,190.3141208660,34.4649116802,11.1000000000,1.0000000000,77.4945274946
52.8000000000,0.0000000000,77.5295194729,0.6994242224,1.5999640010,1.4709790456,190.3919551953,34.4785105893,11.1000000000,1.0000000000,77.5295194729
52.8500000000,0.0000000000,77.5644653200,0.6985020422,1.5999640394,1.4709790653,190.4697064526,34.4921128734,11.1000000000,1.0000000000,77.5644653200
52.9000000000,0.0000000000,77.5993650852,0.6975808458,1.5999640777,1.4709790849,190.5473747575,34.5057185231,11.1000000000,1.0000000000,77.5993650852
52.9500000000,0.0000000000,77.6342188175,0.6966606318,1.5999641160,1.4709791046,190.6249602296,34.5193275288,11.1000000000,1.0000000000,77.6342188175
53.0000000000,0.0000000000,77.6690265662,0.6957413989,1.5999641543,1.4709791242,190.7024629881,34.5329398811,11.1000000000,1.0000000000,77.6690265662
53.0500000000,0.0000000000,77.7037883801,0.6948231456,1.5999641925,1.4709791437,190.7798831521,34.5465555704,11.1000000000,1.0000000000,77.7037883801
53.1000000000,0.0000000000,77.7385043083,0.6939058705,1.5999642306,1.4709791633,190.8572208407,34.5601745874,11.1000000000,1.0000000000,77.7385043083
53.1500000000,0.0000000000,77.7731743996,0.6929895723,1.5999642687,1.4709791828,190.9344761724,34.5737969226,11.1000000000,1.0000000000,77.7731743996
53.2000000000,0.0000000000,77.8077987028,0.6920742494,1.5999643067,1.4709792023,191.0116492660,34.5874225665,11.1000000000,1.0000000000,77.8077987028
53.2500000000,0.0000000000,77.8423772667,0.6911599005,1.5999643447,1.4709792218,191.0887402398,34.6010515099,11.1000000000,1.0000000000,77.8423772667
53.3000000000,0.0000000000,77.8769101398,0.6902465242,1.5999643826,1.4709792412,191.1657492120,34.6146837432,11.1000000000,1.0000000000,77.8769101398
53.3500000000,0.0000000000,77.9113973709,0.6893341192,1.5999644205,1.4709792606,191.2426763007,34.6283192571,11.1000000000,1.0000000000,77.9113973709
53.4000000000,0.0000000000,77.9458390084,0.6884226839,1.5999644583,1.4709792800,191.3195216237,34.6419580423,11.1000000000,1.0000000000,77.9458390084
53.4500000000,0.0000000000,77.9802351008,0.6875122170,1.5999644961,1.4709792994,191.3962852988,34.6556000894,11.1000000000,1.0000000000,77.9802351008
53.5000000000,0.0000000000,78.0145856964,0.6866027171,1.5999645338,1.4709793187,191.4729674434,34.6692453890,11.1000000000,1.0000000000,78.0145856964
53.5500000000,0.0000000000,78.0488908436,0.6856941828,1.5999645714,1.4709793380,191.5495681750,34.6828939320,11.1000000000,1.0000000000,78.0488908436
53.6000000000,0.0000000000,78.0831505905,0.6847866127,1.5999646090,1.4709793573,191.6260876105,34.6965457088,11.1000000000,1.0000000000,78.0831505905
53.6500000000,0.0000000000,78.1173649855,0.6838800055,1.5999646465,1.4709793765,191.7025258671,34.7102007104,11.1000000000,1.0000000000,78.1173649855
53.7000000000,0.0000000000,78.1515340766,0.6829743598,1.5999646840,1.4709793957,191.7788830615,34.7238589273,11.1000000000,1.0000000000,78.1515340766
53.7500000000,0.0000000000,78.1856579117,0.6820696741,1.5999647215,1.4709794149,191.8551593103,34.7375203504,11.1000000000,1.0000000000,78.1856579117
53.8000000000,0.0000000000,78.2197365390,0.6811659471,1.5999647588,1.4709794341,191.9313547300,34.7511849704,11.1000000000,1.0000000000,78.2197365390
53.8500000000,0.0000000000,78.2537700062,0.6802631774,1.5999647962,1.4709794532,192.0074694369,34.7648527781,11.1000000000,1.0000000000,78.2537700062
53.9000000000,0.0000000000,78.2877583613,0.6793613636,1.5999648334,1.4709794723,192.0835035471,34.7785237642,11.1000000000,1.0000000000,78.2877583613
53.9500000000,0.0000000000,78.3217016519,0.6784605044,1.5999648706,1.4709794914,192.1594571765,34.7921979197,11.1000000000,1.0000000000,78.3217016519
54.0000000000,0.0000000000,78.3555999258,0.6775605984,1.5999649078,1.4709795105,192.2353304408,34.8058752352,11.1000000000,1.0000000000,78.3555999258
54.0500000000,0.0000000000,78.3894532305,0.6766616442,1.5999649449,1.4709795295,192.3111234557,34.8195557016,11.1000000000,1.0000000000,78.3894532305
54.1000000000,0.0000000000,78.4232616137,0.6757636404,1.5999649820,1.4709795485,192.3868363365,34.8332393098,11.1000000000,1.0000000000,78.4232616137
54.1500000000,0.0000000000,78.4570251228,0.6748665857,1.5999650190,1.4709795674,192.4624691985,34.8469260506,11.1000000000,1.0000000000,78.4570251228
54.2000000000,0.0000000000,78.4907438053,0.6739704787,1.5999650559,1.4709795864,192.5380221567,34.8606159150,11.1000000000,1.0000000000,78.4907438053
54.2500000000,0.0000000000,78.5244177084,0.6730753181,1.5999650928,1.4709796053,192.6134953260,34.8743088937,11.1000000000,1.0000000000,78.5244177084
54.3000000000,0.0000000000,78.5580468795,0.6721811025,1.5999651297,1.4709796242,192.6888888211,34.8880049778,11.1000000000,1.0000000000,78.5580468795
54.3500000000,0.0000000000,78.5916313657,0.6712878305,1.5999651665,1.4709796430,192.7642027565,34.9017041580,11.1000000000,1.0000000000,78.5916313657
54.4000000000,0.0000000000,78.6251712143,0.6703955008,1.5999652032,1.4709796619,192.8394372466,34.9154064255,11.1000000000,1.0000000000,78.6251712143
54.4500000000,0.0000000000,78.6586664723,0.6695041120,1.5999652399,1.4709796807,192.9145924056,34.9291117710,11.1000000000,1.0000000000,78.6586664723
54.5000000000,0.0000000000,78.6921171866,0.6686136627,1.5999652765,1.4709796995,192.9896683476,34.9428201857,11.1000000000,1.0000000000,78.6921171866
54.5500000000,0.0000000000,78.7255234044,0.6677241517,1.5999653131,1.4709797182,193.0646651863,34.9565316604,11.1000000000,1.0000000000,78.7255234044
54.6000000000,0.0000000000,78.7588851723,0.6668355776,1.5999653496,1.4709797369,193.1395830354,34.9702461861,11.1000000000,1.0000000000,78.7588851723
54.6500000000,0.0000000000,78.7922025372,0.6659479390,1.5999653861,1.4709797556,193.2144220085,34.9839637539,11.1000000000,1.0000000000,78.7922025372
54.7000000000,0.0000000000,78.8254755460,0.6650612345,1.5999654225,1.4709797743,193.2891822188,34.9976843548,11.1000000000,1.0000000000,78.8254755460
54.7500000000,0.0000000000,78.8587042451,0.6641754629,1.5999654589,1.4709797930,193.3638637796,35.0114079798,11.1000000000,1.0000000000,78.8587042451
54.8000000000,0.0000000000,78.8918886813,0.6632906228,1.5999654952,1.4709798116,193.4384668038,35.0251346200,11.1000000000,1.0000000000,78.8918886813
54.8500000000,0.0000000000,78.9250289011,0.6624067129,1.5999655315,1.4709798302,193.5129914042,35.0388642664,11.1000000000,1.0000000000,78.9250289011
54.9000000000,0.0000000000,78.9581249510,0.6615237318,1.5999655677,1.4709798487,193.5874376935,35.0525969102,11.1000000000,1.0000000000,78.9581249510
54.9500000000,0.0000000000,78.9911768772,0.6606416781,1.5999656039,1.4709798673,193.6618057842,35.0663325423,11.1000000000,1.0000000000,78.9911768772
55.0000000000,0.0000000000,79.0241847263,0.6597605507,1.5999656400,1.4709798858,193.7360957886,35.0800711540,11.1000000000,1.0000000000,79.0241847263
55.0500000000,0.0000000000,79.0571485445,0.6588803480,1.5999656760,1.4709799043,193.8103078188,35.0938127363,11.1000000000,1.0000000000,79.0571485445
55.1000000000,0.0000000000,79.0900683779,0.6580010689,1.5999657120,1.4709799227,193.8844419868,35.1075572804,11.1000000000,1.0000000000,79.0900683779
55.1500000000,0.0000000000,79.1229442727,0.6571227119,1.5999657480,1.4709799412,193.9584984044,35.1213047774,11.1000000000,1.0000000000,79.1229442727
55.2000000000,0.0000000000,79.1557762750,0.6562452758,1.5999657839,1.4709799596,194.0324771832,35.1350552185,11.1000000000,1.0000000000,79.1557762750
55.2500000000,0.0000000000,79.1885644308,0.6553687592,1.5999658197,1.4709799779,194.1063784347,35.1488085949,11.1000000000,1.0000000000,79.1885644308
55.3000000000,0.0000000000,79.2213087860,0.6544931608,1.5999658555,1.4709799963,194.1802022703,35.1625648977,11.1000000000,1.0000000000,79.2213087860
55.3500000000,0.0000000000,79.2540093866,0.6536184794,1.5999658913,1.4709800146,194.2539488010,35.1763241183,11.1000000000,1.0000000000,79.2540093866
55.4000000000,0.0000000000,79.2866662782,0.6527447134,1.5999659270,1.4709800329,194.3276181377,35.1900862477,11.1000000000,1.0000000000,79.2866662782
55.4500000000,0.0000000000,79.3192795067,0.6518718618,1.5999659626,1.4709800512,194.4012103914,35.2038512773,11.1000000000,1.0000000000,79.3192795067
55.5000000000,0.0000000000,79.3518491177,0.6509999231,1.5999659982,1.4709800694,194.4747256726,35.2176191983,11.1000000000,1.0000000000,79.3518491177
55.5500000000,0.0000000000,79.3843751568,0.6501288960,1.5999660338,1.4709800877,194.5481640918,35.2313900019,11.1000000000,1.0000000000,79.3843751568
55.6000000000,0.0000000000,79.4168576697,0.6492587793,1.5999660693,1.4709801059,194.6215257592,35.2451636794,11.1000000000,1.0000000000,79.4168576697
55.6500000000,0.0000000000,79.4492967017,0.6483895716,1.5999661047,1.4709801240,194.6948107851,35.2589402222,11.1000000000,1.0000000000,79.4492967017
55.7000000000,0.0000000000,79.4816922983,0.6475212716,1.5999661401,1.4709801422,194.7680192794,35.2727196215,11.1000000000,1.0000000000,79.4816922983
55.7500000000,0.0000000000,79.5140445048,0.6466538780,1.5999661754,1.4709801603,194.8411513518,35.2865018687,11.1000000000,1.0000000000,79.5140445048
55.8000000000,0.0000000000,79.5463533665,0.6457873895,1.5999662107,1.4709801784,194.9142071121,35.3002869550,11.1000000000,1.0000000000,79.5463533665
55.8500000000,0.0000000000,79.5786189287,0.6449218049,1.5999662460,1.4709801964,194.9871866696,35.3140748719,11.1000000000,1.0000000000,79.5786189287
55.9000000000,0.0000000000,79.6108412365,0.6440571228,1.5999662811,1.4709802145,195.0600901338,35.3278656107,11.1000000000,1.0000000000,79.6108412365
55.9500000000,0.0000000000,79.6430203349,0.6431933419,1.5999663163,1.4709802325,195.1329176136,35.3416591628,11.1000000000,1.0000000000,79.6430203349
56.0000000000,0.0000000000,79.6751562691,0.6423304610,1.5999663514,1.4709802505,195.2056692181,35.3554555195,11.1000000000,1.0000000000,79.6751562691
56.0500000000,0.0000000000,79.7072490839,0.6414684786,1.5999663864,1.4709802684,195.2783450562,35.3692546723,11.1000000000,1.0000000000,79.7072490839
56.1000000000,0.0000000000,79.7392988243,0.6406073937,1.5999664214,1.4709802864,195.3509452364,35.3830566126,11.1000000000,1.0000000000,79.7392988243
56.1500000000,0.0000000000,79.7713055351,0.6397472048,1.5999664563,1.4709803043,195.4234698672,35.3968613318,11.1000000000,1.0000000000,79.7713055351
56.2000000000,0.0000000000,79.8032692611,0.6388879107,1.5999664912,1.4709803222,195.4959190570,35.4106688213,11.1000000000,1.0000000000,79.8032692611
56.2500000000,0.0000000000,79.8351900469,0.6380295101,1.5999665261,1.4709803400,195.5682929138,35.4244790727,11.1000000000,1.0000000000,79.8351900469
56.3000000000,0.0000000000,79.8670679373,0.6371720018,1.5999665608,1.4709803579,195.6405915458,35.4382920774,11.1000000000,1.0000000000,79.8670679373
56.3500000000,0.0000000000,79.8989029767,0.6363153843,1.5999665956,1.4709803757,195.7128150607,35.4521078269,11.1000000000,1.0000000000,79.8989029767
56.4000000000,0.0000000000,79.9306952097,0.6354596566,1.5999666303,1.4709803934,195.7849635662,35.4659263127,11.1000000000,1.0000000000,79.9306952097
56.4500000000,0.0000000000,79.9624446808,0.6346048172,1.5999666649,1.4709804112,195.8570371698,35.4797475262,11.1000000000,1.0000000000,79.9624446808
56.5000000000,0.0000000000,79.9941514343,0.6337508649,1.5999666995,1.4709804289,195.9290359789,35.4935714591,11.1000000000,1.0000000000,79.9941514343
56.5500000000,0.0000000000,80.0258155146,0.6328977985,1.5999667340,1.4709804466,196.0009601005,35.5073981029,11.1000000000,1.0000000000,80.0258155146
56.6000000000,0.0000000000,80.0574369659,0.6320456167,1.5999667685,1.4709804643,196.0728096418,35.5212274490,11.1000000000,1.0000000000,80.0574369659
56.6500000000,0.0000000000,80.0890158324,0.6311943182,1.5999668030,1.4709804820,196.1445847096,35.5350594892,11.1000000000,1.0000000000,80.0890158324
56.7000000000,0.0000000000,80.1205521582,0.6303439017,1.5999668373,1.4709804996,196.2162854107,35.5488942150,11.1000000000,1.0000000000,80.1205521582
56.7500000000,0.0000000000,80.1520459874,0.6294943660,1.5999668717,1.4709805172,196.2879118514,35.5627316179,11.1000000000,1.0000000000,80.1520459874
56.8000000000,0.0000000000,80.1834973640,0.6286457099,1.5999669060,1.4709805348,196.3594641383,35.5765716896,11.1000000000,1.0000000000,80.1834973640
56.8500000000,0.0000000000,80.2149063320,0.6277979320,1.5999669402,1.4709805523,196.4309423774,35.5904144217,11.1000000000,1.0000000000,80.2149063320
56.9000000000,0.0000000000,80.2462729352,0.6269510310,1.5999669744,1.4709805699,196.5023466750,35.6042598059,11.1000000000,1.0000000000,80.2462729352
56.9500000000,0.0000000000,80.2775972175,0.6261050059,1.5999670086,1.4709805874,196.5736771369,35.6181078337,11.1000000000,1.0000000000,80.2775972175
57.0000000000,0.0000000000,80.3088792225,0.6252598552,1.5999670427,1.4709806049,196.6449338687,35.6319584969,11.1000000000,1.0000000000,80.3088792225
57.0500000000,0.0000000000,80.3401189941,0.6244155778,1.5999670767,1.4709806223,196.7161169762,35.6458117871,11.1000000000,1.0000000000,80.3401189941
57.1000000000,0.0000000000,80.3713165757,0.6235721723,1.5999671107,1.4709806397,196.7872265646,35.6596676961,11.1000000000,1.0000000000,80.3713165757
57.1500000000,0.0000000000,80.4024720110,0.6227296376,1.5999671446,1.4709806571,196.8582627394,35.6735262155,11.1000000000,1.0000000000,80.4024720110
57.2000000000,0.0000000000,80.4335853435,0.6218879724,1.5999671785,1.4709806745,196.9292256055,35.6873873370,11.1000000000,1.0000000000,80.4335853435
57.2500000000,0.0000000000,80.4646566167,0.6210471755,1.5999672124,1.4709806919,197.0001152679,35.7012510524,11.1000000000,1.0000000000,80.4646566167
57.3000000000,0.0000000000,80.4956858738,0.6202072455,1.5999672462,1.4709807092,197.0709318314,35.7151173534,11.1000000000,1.0000000000,80.4956858738
57.3500000000,0.0000000000,80.5266731582,0.6193681814,1.5999672800,1.4709807265,197.1416754006,35.7289862318,11.1000000000,1.0000000000,80.5266731582
57.4000000000,0.0000000000,80.5576185132,0.6185299817,1.5999673137,1.4709807438,197.2123460800,35.7428576794,11.1000000000,1.0000000000,80.5576185132
57.4500000000,0.0000000000,80.5885219820,0.6176926453,1.5999673473,1.4709807610,197.2829439740,35.7567316878,11.1000000000,1.0000000000,80.5885219820
57.5000000000,0.0000000000,80.6193836077,0.6168561710,1.5999673809,1.4709807783,197.3534691866,35.7706082490,11.1000000000,1.0000000000,80.6193836077
57.5500000000,0.0000000000,80.6502034333,0.6160205575,1.5999674145,1.4709807955,197.4239218218,35.7844873548,11.1000000000,1.0000000000,80.6502034333
57.6000000000,0.0000000000,80.6809815019,0.6151858037,1.5999674480,1.4709808127,197.4943019835,35.7983689969,11.1000000000,1.0000000000,80.6809815019
57.6500000000,0.0000000000,80.7117178564,0.6143519081,1.5999674815,1.4709808298,197.5646097754,35.8122531671,11.1000000000,1.0000000000,80.7117178564
57.7000000000,0.0000000000,80.7424125398,0.6135188697,1.5999675149,1.4709808469,197.6348453011,35.8261398575,11.1000000000,1.0000000000,80.7424125398
57.7500000000,0.0000000000,80.7730655947,0.6126866872,1.5999675483,1.4709808640,197.7050086637,35.8400290597,11.1000000000,1.0000000000,80.7730655947
57.8000000000,0.0000000000,80.8036770640,0.6118553594,1.5999675816,1.4709808811,197.7750999667,35.8539207658,11.1000000000,1.0000000000,80.8036770640
57.8500000000,0.0000000000,80.8342469904,0.6110248851,1.5999676149,1.4709808982,197.8451193131,35.8678149675,11.1000000000,1.0000000000,80.8342469904
57.9000000000,0.0000000000,80.8647754166,0.6101952629,1.5999676481,1.4709809152,197.9150668057,35.8817116568,11.1000000000,1.0000000000,80.8647754166
57.9500000000,0.0000000000,80.8952623850,0.6093664918,1.5999676813,1.4709809322,197.9849425473,35.8956108256,11.1000000000,1.0000000000,80.8952623850
58.0000000000,0.0000000000,80.9257079382,0.6085385706,1.5999677144,1.4709809492,198.0547466405,35.9095124658,11.1000000000,1.0000000000,80.9257079382
58.0500000000,0.0000000000,80.9561121188,0.6077114979,1.5999677475,1.4709809662,198.1244791878,35.9234165693,11.1000000000,1.0000000000,80.9561121188
58.1000000000,0.0000000000,80.9864749690,0.6068852725,1.5999677805,1.4709809831,198.1941402914,35.9373231282,11.1000000000,1.0000000000,80.9864749690
58.1500000000,0.0000000000,81.0167965312,0.6060598934,1.5999678135,1.4709810000,198.2637300535,35.9512321344,11.1000000000,1.0000000000,81.0167965312
58.2000000000,0.0000000000,81.0470768477,0.6052353592,1.5999678465,1.4709810169,198.3332485760,35.9651435798,11.1000000000,1.0000000000,81.0470768477
58.2500000000,0.0000000000,81.0773159607,0.6044116687,1.5999678794,1.4709810338,198.4026959608,35.9790574565,11.1000000000,1.0000000000,81.0773159607
58.3000000000,0.0000000000,81.1075139123,0.6035888208,1.5999679122,1.4709810506,198.4720723095,35.9929737565,11.1000000000,1.0000000000,81.1075139123
58.3500000000,0.0000000000,81.1376707447,0.6027668142,1.5999679450,1.4709810674,198.5413777237,36.0068924718,11.1000000000,1.0000000000,81.1376707447
58.4000000000,0.0000000000,81.1677864999,0.6019456478,1.5999679778,1.4709810842,198.6106123047,36.0208135943,11.1000000000,1.0000000000,81.1677864999
58.4500000000,0.0000000000,81.1978612198,0.6011253203,1.5999680105,1.4709811010,198.6797761538,36.0347371163,11.1000000000,1.0000000000,81.1978612198
58.5000000000,0.0000000000,81.2278949464,0.6003058305,1.5999680431,1.4709811177,198.7488693720,36.0486630296,11.1000000000,1.0000000000,81.2278949464
58.5500000000,0.0000000000,81.2578877215,0.5994871773,1.5999680758,1.4709811345,198.8178920602,36.0625913265,11.1000000000,1.0000000000,81.2578877215
58.6000000000,0.0000000000,81.2878395870,0.5986693594,1.5999681083,1.4709811512,198.8868443191,36.0765219989,11.1000000000,1.0000000000,81.2878395870
58.6500000000,0.0000000000,81.3177505844,0.5978523757,1.5999681409,1.4709811678,198.9557262494,36.0904550390,11.1000000000,1.0000000000,81.3177505844
58.7000000000,0.0000000000,81.3476207556,0.5970362249,1.5999681733,1.4709811845,199.0245379516,36.1043904389,11.1000000000,1.0000000000,81.3476207556
58.7500000000,0.0000000000,81.3774501422,0.5962209059,1.5999682058,1.4709812011,199.0932795259,36.1183281906,11.1000000000,1.0000000000,81.3774501422
58.8000000000,0.0000000000,81.4072387856,0.5954064175,1.5999682381,1.4709812177,199.1619510724,36.1322682865,11.1000000000,1.0000000000,81.4072387856
58.8500000000,0.0000000000,81.4369867275,0.5945927585,1.5999682705,1.4709812343,199.2305526912,36.1462107185,11.1000000000,1.0000000000,81.4369867275
58.9000000000,0.0000000000,81.4666940091,0.5937799277,1.5999683028,1.4709812508,199.2990844822,36.1601554788,11.1000000000,1.0000000000,81.4666940091
58.9500000000,0.0000000000,81.4963606720,0.5929679239,1.5999683350,1.4709812674,199.3675465450,36.1741025597,11.1000000000,1.0000000000,81.4963606720
59.0000000000,0.0000000000,81.5259867574,0.5921567460,1.5999683672,1.4709812839,199.4359389791,36.1880519533,11.1000000000,1.0000000000,81.5259867574
59.0500000000,0.0000000000,81.5555723066,0.5913463927,1.5999683994,1.4709813003,199.5042618841,36.2020036517,11.1000000000,1.0000000000,81.5555723066
59.1000000000,0.0000000000,81.5851173607,0.5905368629,1.5999684315,1.4709813168,199.5725153590,36.2159576473,11.1000000000,1.0000000000,81.5851173607
59.1500000000,0.0000000000,81.6146219611,0.5897281555,1.5999684635,1.4709813332,199.6406995031,36.2299139322,11.1000000000,1.0000000000,81.6146219611
59.2000000000,0.0000000000,81.6440861486,0.5889202692,1.5999684955,1.4709813497,199.7088144152,36.2438724987,11.1000000000,1.0000000000,81.6440861486
59.2500000000,0.0000000000,81.6735099643,0.5881132029,1.5999685275,1.4709813660,199.7768601943,36.2578333391,11.1000000000,1.0000000000,81.6735099643
59.3000000000,0.0000000000,81.7028934493,0.5873069553,1.5999685594,1.4709813824,199.8448369388,36.2717964455,11.1000000000,1.0000000000,81.7028934493
59.3500000000,0.0000000000,81.7322366444,0.5865015255,1.5999685913,1.4709813988,199.9127447474,36.2857618102,11.1000000000,1.0000000000,81.7322366444
59.4000000000,0.0000000000,81.7615395904,0.5856969120,1.5999686232,1.4709814151,199.9805837184,36.2997294256,11.1000000000,1.0000000000,81.7615395904
59.4500000000,0.0000000000,81.7908023282,0.5848931139,1.5999686549,1.4709814314,200.0483539500,36.3136992839,11.1000000000,1.0000000000,81.7908023282
59.5000000000,0.0000000000,81.8200248985,0.5840901299,1.5999686867,1.4709814476,200.1160555402,36.3276713775,11.1000000000,1.0000000000,81.8200248985
59.5500000000,0.0000000000,81.8492073419,0.5832879589,1.5999687184,1.4709814639,200.1836885870,36.3416456987,11.1000000000,1.0000000000,81.8492073419
59.6000000000,0.0000000000,81.8783496991,0.5824865998,1.5999687500,1.4709814801,200.2512531881,36.3556222398,11.1000000000,1.0000000000,81.8783496991
59.6500000000,0.0000000000,81.9074520107,0.5816860512,1.5999687816,1.4709814963,200.3187494412,36.3696009931,11.1000000000,1.0000000000,81.9074520107
59.7000000000,0.0000000000,81.9365143171,0.5808863122,1.5999688132,1.4709815125,200.3861774437,36.3835819511,11.1000000000,1.0000000000,81.9365143171
59.7500000000,0.0000000000,81.9655366588,0.5800873816,1.5999688447,1.4709815287,200.4535372929,36.3975651060,11.1000000000,1.0000000000,81.9655366588
59.8000000000,0.0000000000,81.9945190761,0.5792892581,1.5999688762,1.4709815448,200.5208290861,36.4115504503,11.1000000000,1.0000000000,81.9945190761
59.8500000000,0.0000000000,82.0234616095,0.5784919407,1.5999689076,1.4709815609,200.5880529202,36.4255379764,11.1000000000,1.0000000000,82.0234616095
59.9000000000,0.0000000000,82.0523642991,0.5776954282,1.5999689390,1.4709815770,200.6552088921,36.4395276767,11.1000000000,1.0000000000,82.0523642991
59.9500000000,0.0000000000,82.0812271852,0.5768997194,1.5999689703,1.4709815931,200.7222970987,36.4535195436,11.1000000000,1.0000000000,82.0812271852
60.0000000000,0.0000000000,82.1100503080,0.5761048132,1.5999690016,1.4709816091,200.7893176364,36.4675135696,11.1000000000,1.0000000000,82.1100503080
