time_s,target_rad,angle_rad,speed_rad_s,current_a,torque_nm,winding_c,case_c,motor_voltage_v,duty,encoder_rad
0.0500000000,0.0000000000,0.2547734273,5.4852714992,0.0997728187,0.0002794219,25.0558910960,25.0000043211,11.1000000000,1.0000000000,0.2547734273
0.1000000000,0.0000000000,0.5302516683,5.5114424688,0.0999821564,-0.0000084054,25.0789420228,25.0000112581,11.1000000000,1.0000000000,0.5302516683
0.1500000000,0.0000000000,0.8058262002,5.5114917055,0.0999992557,-0.0000003953,25.1018853065,25.0000205165,11.1000000000,1.0000000000,0.8058262002
0.2000000000,0.0000000000,1.0814003216,5.5114748225,0.0999993379,-0.0000003396,25.1247887583,25.0000320904,11.1000000000,1.0000000000,1.0814003216
0.2500000000,0.0000000000,1.3569735965,5.5114578733,0.0999993394,-0.0000003387,25.1476525468,25.0000459750,11.1000000000,1.0000000000,1.3569735965
0.3000000000,0.0000000000,1.6325460248,5.5114409537,0.0999993405,-0.0000003381,25.1704767449,25.0000621656,11.1000000000,1.0000000000,1.6325460248
0.3500000000,0.0000000000,1.9081176079,5.5114240634,0.0999993416,-0.0000003375,25.1932614250,25.0000806574,11.1000000000,1.0000000000,1.9081176079
0.4000000000,0.0000000000,2.1836883472,5.5114072024,0.0999993428,-0.0000003370,25.2160066597,25.0001014457,11.1000000000,1.0000000000,2.1836883472
0.4500000000,0.0000000000,2.4592582444,5.5113903705,0.0999993439,-0.0000003364,25.2387125213,25.0001245256,11.1000000000,1.0000000000,2.4592582444
0.5000000000,0.0000000000,2.7348273007,5.5113735677,0.0999993451,-0.0000003358,25.2613790820,25.0001498925,11.1000000000,1.0000000000,2.7348273007
0.5500000000,0.0000000000,3.0103955177,5.5113567941,0.0999993462,-0.0000003352,25.2840064138,25.0001775417,11.1000000000,1.0000000000,3.0103955177
0.6000000000,0.0000000000,3.2859628968,5.5113400494,0.0999993473,-0.0000003346,25.3065945886,25.0002074684,11.1000000000,1.0000000000,3.2859628968
0.6500000000,0.0000000000,3.5615294395,5.5113233338,0.0999993485,-0.0000003341,25.3291436783,25.0002396679,11.1000000000,1.0000000000,3.5615294395
0.7000000000,0.0000000000,3.8370951471,5.5113066470,0.0999993496,-0.0000003335,25.3516537545,25.0002741354,11.1000000000,1.0000000000,3.8370951471
0.7500000000,0.0000000000,4.1126600213,5.5112899892,0.0999993507,-0.0000003329,25.3741248887,25.0003108665,11.1000000000,1.0000000000,4.1126600213
0.8000000000,0.0000000000,4.3882240633,5.5112733601,0.0999993518,-0.0000003323,25.3965571524,25.0003498562,11.1000000000,1.0000000000,4.3882240633
0.8500000000,0.0000000000,4.6637872747,5.5112567598,0.0999993529,-0.0000003317,25.4189506167,25.0003911000,11.1000000000,1.0000000000,4.6637872747
0.9000000000,0.0000000000,4.9393496569,5.5112401882,0.0999993541,-0.0000003312,25.4413053529,25.0004345932,11.1000000000,1.0000000000,4.9393496569
0.9500000000,0.0000000000,5.2149112112,5.5112236453,0.0999993552,-0.0000003306,25.4636214318,25.0004803312,11.1000000000,1.0000000000,5.2149112112
1.0000000000,0.0000000000,5.4904719392,5.5112071309,0.0999993563,-0.0000003300,25.4858989244,25.0005283092,11.1000000000,1.0000000000,5.4904719392
1.0500000000,0.0000000000,5.7660318423,5.5111906452,0.0999993574,-0.0000003295,25.5081379015,25.0005785227,11.1000000000,1.0000000000,5.7660318423
1.1000000000,0.0000000000,6.0415909219,5.5111741879,0.0999993585,-0.0000003289,25.5303384336,25.0006309670,11.1000000000,1.0000000000,6.0415909219
1.1500000000,0.0000000000,6.3171491793,5.5111577591,0.0999993596,-0.0000003283,25.5525005911,25.0006856375,11.1000000000,1.0000000000,6.3171491793
1.2000000000,0.0000000000,6.5927066162,5.5111413586,0.0999993607,-0.0000003278,25.5746244445,25.0007425296,11.1000000000,1.0000000000,6.5927066162
1.2500000000,0.0000000000,6.8682632338,5.5111249865,0.0999993618,-0.0000003272,25.5967100640,25.0008016386,11.1000000000,1.0000000000,6.8682632338
1.3000000000,0.0000000000,7.1438190335,5.5111086427,0.0999993629,-0.0000003266,25.6187575196,25.0008629601,11.1000000000,1.0000000000,7.1438190335
1.3500000000,0.0000000000,7.4193740168,5.5110923272,0.0999993640,-0.0000003261,25.6407668813,25.0009264893,11.1000000000,1.0000000000,7.4193740168
1.4000000000,0.0000000000,7.6949281852,5.5110760398,0.0999993651,-0.0000003255,25.6627382190,25.0009922218,11.1000000000,1.0000000000,7.6949281852
1.4500000000,0.0000000000,7.9704815399,5.5110597805,0.0999993662,-0.0000003249,25.6846716022,25.0010601529,11.1000000000,1.0000000000,7.9704815399
1.5000000000,0.0000000000,8.2460340825,5.5110435494,0.0999993673,-0.0000003244,25.7065671007,25.0011302781,11.1000000000,1.0000000000,8.2460340825
1.5500000000,0.0000000000,8.5215858143,5.5110273462,0.0999993684,-0.0000003238,25.7284247838,25.0012025928,11.1000000000,1.0000000000,8.5215858143
1.6000000000,0.0000000000,8.7971367366,5.5110111711,0.0999993695,-0.0000003233,25.7502447208,25.0012770926,11.1000000000,1.0000000000,8.7971367366
1.6500000000,0.0000000000,9.0726868510,5.5109950239,0.0999993706,-0.0000003227,25.7720269810,25.0013537727,11.1000000000,1.0000000000,9.0726868510
1.7000000000,0.0000000000,9.3482361588,5.5109789046,0.0999993717,-0.0000003221,25.7937716334,25.0014326288,11.1000000000,1.0000000000,9.3482361588
1.7500000000,0.0000000000,9.6237846614,5.5109628130,0.0999993728,-0.0000003216,25.8154787469,25.0015136563,11.1000000000,1.0000000000,9.6237846614
1.8000000000,0.0000000000,9.8993323602,5.5109467493,0.0999993739,-0.0000003210,25.8371483904,25.0015968507,11.1000000000,1.0000000000,9.8993323602
1.8500000000,0.0000000000,10.1748792566,5.5109307133,0.0999993749,-0.0000003205,25.8587806324,25.0016822075,11.1000000000,1.0000000000,10.1748792566
1.9000000000,0.0000000000,10.4504253519,5.5109147050,0.0999993760,-0.0000003199,25.8803755416,25.0017697222,11.1000000000,1.0000000000,10.4504253519
1.9500000000,0.0000000000,10.7259706475,5.5108987243,0.0999993771,-0.0000003194,25.9019331864,25.0018593902,11.1000000000,1.0000000000,10.7259706475
2.0000000000,0.0000000000,11.0015151449,5.5108827711,0.0999993782,-0.0000003188,25.9234536350,25.0019512073,11.1000000000,1.0000000000,11.0015151449
2.0500000000,0.0000000000,11.2770588454,5.5108668455,0.0999993792,-0.0000003183,25.9449369557,25.0020451687,11.1000000000,1.0000000000,11.2770588454
2.1000000000,0.0000000000,11.5526017504,5.5108509474,0.0999993803,-0.0000003177,25.9663832165,25.0021412702,11.1000000000,1.0000000000,11.5526017504
2.1500000000,0.0000000000,11.8281438612,5.5108350767,0.0999993814,-0.0000003172,25.9877924852,25.0022395073,11.1000000000,1.0000000000,11.8281438612
2.2000000000,0.0000000000,12.1036851792,5.5108192333,0.0999993825,-0.0000003166,26.0091648298,25.0023398754,11.1000000000,1.0000000000,12.1036851792
2.2500000000,0.0000000000,12.3792257058,5.5108034173,0.0999993835,-0.0000003161,26.0305003178,25.0024423702,11.1000000000,1.0000000000,12.3792257058
2.3000000000,0.0000000000,12.6547654424,5.5107876285,0.0999993846,-0.0000003155,26.0517990169,25.0025469873,11.1000000000,1.0000000000,12.6547654424
2.3500000000,0.0000000000,12.9303043903,5.5107718670,0.0999993856,-0.0000003150,26.0730609944,25.0026537222,11.1000000000,1.0000000000,12.9303043903
2.4000000000,0.0000000000,13.2058425508,5.5107561326,0.0999993867,-0.0000003144,26.0942863176,25.0027625705,11.1000000000,1.0000000000,13.2058425508
2.4500000000,0.0000000000,13.4813799254,5.5107404254,0.0999993878,-0.0000003139,26.1154750536,25.0028735278,11.1000000000,1.0000000000,13.4813799254
2.5000000000,0.0000000000,13.7569165153,5.5107247452,0.0999993888,-0.0000003134,26.1366272697,25.0029865898,11.1000000000,1.0000000000,13.7569165153
2.5500000000,0.0000000000,14.0324523220,5.5107090921,0.0999993899,-0.0000003128,26.1577430325,25.0031017520,11.1000000000,1.0000000000,14.0324523220
2.6000000000,0.0000000000,14.3079873468,5.5106934659,0.0999993909,-0.0000003123,26.1788224091,25.0032190100,11.1000000000,1.0000000000,14.3079873468
2.6500000000,0.0000000000,14.5835215910,5.5106778667,0.0999993920,-0.0000003117,26.1998654659,25.0033383595,11.1000000000,1.0000000000,14.5835215910
2.7000000000,0.0000000000,14.8590550560,5.5106622943,0.0999993930,-0.0000003112,26.2208722697,25.0034597962,11.1000000000,1.0000000000,14.8590550560
2.7500000000,0.0000000000,15.1345877431,5.5106467488,0.0999993941,-0.0000003107,26.2418428867,25.0035833156,11.1000000000,1.0000000000,15.1345877431
2.8000000000,0.0000000000,15.4101196537,5.5106312300,0.0999993951,-0.0000003101,26.2627773834,25.0037089134,11.1000000000,1.0000000000,15.4101196537
2.8500000000,0.0000000000,15.6856507890,5.5106157380,0.0999993961,-0.0000003096,26.2836758259,25.0038365854,11.1000000000,1.0000000000,15.6856507890
2.9000000000,0.0000000000,15.9611811505,5.5106002726,0.0999993972,-0.0000003091,26.3045382802,25.0039663271,11.1000000000,1.0000000000,15.9611811505
2.9500000000,0.0000000000,16.2367107395,5.5105848339,0.0999993982,-0.0000003085,26.3253648124,25.0040981342,11.1000000000,1.0000000000,16.2367107395
3.0000000000,0.0000000000,16.5122395572,5.5105694217,0.0999993993,-0.0000003080,26.3461554881,25.0042320025,11.1000000000,1.0000000000,16.5122395572
3.0500000000,0.0000000000,16.7877676051,5.5105540361,0.0999994003,-0.0000003075,26.3669103732,25.0043679276,11.1000000000,1.0000000000,16.7877676051
3.1000000000,0.0000000000,17.0632948844,5.5105386769,0.0999994013,-0.0000003069,26.3876295332,25.0045059052,11.1000000000,1.0000000000,17.0632948844
3.1500000000,0.0000000000,17.3388213965,5.5105233442,0.0999994024,-0.0000003064,26.4083130336,25.0046459311,11.1000000000,1.0000000000,17.3388213965
3.2000000000,0.0000000000,17.6143471427,5.5105080379,0.0999994034,-0.0000003059,26.4289609396,25.0047880009,11.1000000000,1.0000000000,17.6143471427
3.2500000000,0.0000000000,17.8898721243,5.5104927579,0.0999994044,-0.0000003054,26.4495733165,25.0049321104,11.1000000000,1.0000000000,17.8898721243
3.3000000000,0.0000000000,18.1653963426,5.5104775042,0.0999994054,-0.0000003048,26.4701502294,25.0050782554,11.1000000000,1.0000000000,18.1653963426
3.3500000000,0.0000000000,18.4409197989,5.5104622768,0.0999994065,-0.0000003043,26.4906917433,25.0052264315,11.1000000000,1.0000000000,18.4409197989
3.4000000000,0.0000000000,18.7164424946,5.5104470755,0.0999994075,-0.0000003038,26.5111979229,25.0053766345,11.1000000000,1.0000000000,18.7164424946
3.4500000000,0.0000000000,18.9919644310,5.5104319004,0.0999994085,-0.0000003033,26.5316688332,25.0055288602,11.1000000000,1.0000000000,18.9919644310
3.5000000000,0.0000000000,19.2674856093,5.5104167514,0.0999994095,-0.0000003027,26.5521045385,25.0056831044,11.1000000000,1.0000000000,19.2674856093
3.5500000000,0.0000000000,19.5430060309,5.5104016284,0.0999994105,-0.0000003022,26.5725051036,25.0058393627,11.1000000000,1.0000000000,19.5430060309
3.6000000000,0.0000000000,19.8185256970,5.5103865315,0.0999994115,-0.0000003017,26.5928705926,25.0059976311,11.1000000000,1.0000000000,19.8185256970
3.6500000000,0.0000000000,20.0940446090,5.5103714604,0.0999994126,-0.0000003012,26.6132010700,25.0061579053,11.1000000000,1.0000000000,20.0940446090
3.7000000000,0.0000000000,20.3695627682,5.5103564153,0.0999994136,-0.0000003007,26.6334965997,25.0063201811,11.1000000000,1.0000000000,20.3695627682
3.7500000000,0.0000000000,20.6450801758,5.5103413961,0.0999994146,-0.0000003002,26.6537572459,25.0064844542,11.1000000000,1.0000000000,20.6450801758
3.8000000000,0.0000000000,20.9205968332,5.5103264027,0.0999994156,-0.0000002996,26.6739830725,25.0066507206,11.1000000000,1.0000000000,20.9205968332
3.8500000000,0.0000000000,21.1961127416,5.5103114350,0.0999994166,-0.0000002991,26.6941741431,25.0068189760,11.1000000000,1.0000000000,21.1961127416
3.9000000000,0.0000000000,21.4716279024,5.5102964930,0.0999994176,-0.0000002986,26.7143305216,25.0069892163,11.1000000000,1.0000000000,21.4716279024
3.9500000000,0.0000000000,21.7471423167,5.5102815768,0.0999994186,-0.0000002981,26.7344522713,25.0071614373,11.1000000000,1.0000000000,21.7471423167
4.0000000000,0.0000000000,22.0226559860,5.5102666861,0.0999994196,-0.0000002976,26.7545394559,25.0073356349,11.1000000000,1.0000000000,22.0226559860
4.0500000000,0.0000000000,22.2981689114,5.5102518210,0.0999994206,-0.0000002971,26.7745921385,25.0075118049,11.1000000000,1.0000000000,22.2981689114
4.1000000000,0.0000000000,22.5736810942,5.5102369815,0.0999994216,-0.0000002966,26.7946103824,25.0076899431,11.1000000000,1.0000000000,22.5736810942
4.1500000000,0.0000000000,22.8491925358,5.5102221674,0.0999994226,-0.0000002961,26.8145942507,25.0078700455,11.1000000000,1.0000000000,22.8491925358
4.2000000000,0.0000000000,23.1247032374,5.5102073788,0.0999994236,-0.0000002955,26.8345438062,25.0080521079,11.1000000000,1.0000000000,23.1247032374
4.2500000000,0.0000000000,23.4002132002,5.5101926155,0.0999994246,-0.0000002950,26.8544591120,25.0082361262,11.1000000000,1.0000000000,23.4002132002
4.3000000000,0.0000000000,23.6757224256,5.5101778776,0.0999994255,-0.0000002945,26.8743402306,25.0084220963,11.1000000000,1.0000000000,23.6757224256
4.3500000000,0.0000000000,23.9512309148,5.5101631650,0.0999994265,-0.0000002940,26.8941872248,25.0086100141,11.1000000000,1.0000000000,23.9512309148
4.4000000000,0.0000000000,24.2267386690,5.5101484777,0.0999994275,-0.0000002935,26.9140001569,25.0087998755,11.1000000000,1.0000000000,24.2267386690
4.4500000000,0.0000000000,24.5022456896,5.5101338155,0.0999994285,-0.0000002930,26.9337790894,25.0089916765,11.1000000000,1.0000000000,24.5022456896
4.5000000000,0.0000000000,24.7777519778,5.5101191785,0.0999994295,-0.0000002925,26.9535240846,25.0091854128,11.1000000000,1.0000000000,24.7777519778
4.5500000000,0.0000000000,25.0532575348,5.5101045666,0.0999994304,-0.0000002920,26.9732352047,25.0093810806,11.1000000000,1.0000000000,25.0532575348
4.6000000000,0.0000000000,25.3287623618,5.5100899798,0.0999994314,-0.0000002915,26.9929125115,25.0095786756,11.1000000000,1.0000000000,25.3287623618
4.6500000000,0.0000000000,25.6042664603,5.5100754180,0.0999994324,-0.0000002910,27.0125560672,25.0097781940,11.1000000000,1.0000000000,25.6042664603
4.7000000000,0.0000000000,25.8797698313,5.5100608812,0.0999994334,-0.0000002905,27.0321659334,25.0099796315,11.1000000000,1.0000000000,25.8797698313
4.7500000000,0.0000000000,26.1552724762,5.5100463693,0.0999994343,-0.0000002900,27.0517421720,25.0101829842,11.1000000000,1.0000000000,26.1552724762
4.8000000000,0.0000000000,26.4307743962,5.5100318823,0.0999994353,-0.0000002895,27.0712848444,25.0103882480,11.1000000000,1.0000000000,26.4307743962
4.8500000000,0.0000000000,26.7062755925,5.5100174201,0.0999994363,-0.0000002890,27.0907940121,25.0105954190,11.1000000000,1.0000000000,26.7062755925
4.9000000000,0.0000000000,26.9817760663,5.5100029827,0.0999994373,-0.0000002885,27.1102697365,25.0108044931,11.1000000000,1.0000000000,26.9817760663
4.9500000000,0.0000000000,27.2572758190,5.5099885701,0.0999994382,-0.0000002880,27.1297120789,25.0110154662,11.1000000000,1.0000000000,27.2572758190
5.0000000000,0.0000000000,27.5327748518,5.5099741822,0.0999994392,-0.0000002875,27.1491211003,25.0112283345,11.1000000000,1.0000000000,27.5327748518
5.0500000000,0.0000000000,27.8082731658,5.5099598189,0.0999994401,-0.0000002870,27.1684968618,25.0114430939,11.1000000000,1.0000000000,27.8082731658
5.1000000000,0.0000000000,28.0837707623,5.5099454802,0.0999994411,-0.0000002866,27.1878394243,25.0116597404,11.1000000000,1.0000000000,28.0837707623
5.1500000000,0.0000000000,28.3592676426,5.5099311661,0.0999994421,-0.0000002861,27.2071488486,25.0118782700,11.1000000000,1.0000000000,28.3592676426
5.2000000000,0.0000000000,28.6347638078,5.5099168765,0.0999994430,-0.0000002856,27.2264251953,25.0120986788,11.1000000000,1.0000000000,28.6347638078
5.2500000000,0.0000000000,28.9102592593,5.5099026114,0.0999994440,-0.0000002851,27.2456685250,25.0123209628,11.1000000000,1.0000000000,28.9102592593
5.3000000000,0.0000000000,29.1857539981,5.5098883707,0.0999994449,-0.0000002846,27.2648788982,25.0125451180,11.1000000000,1.0000000000,29.1857539981
5.3500000000,0.0000000000,29.4612480256,5.5098741544,0.0999994459,-0.0000002841,27.2840563752,25.0127711405,11.1000000000,1.0000000000,29.4612480256
5.4000000000,0.0000000000,29.7367413429,5.5098599625,0.0999994468,-0.0000002836,27.3032010163,25.0129990264,11.1000000000,1.0000000000,29.7367413429
5.4500000000,0.0000000000,30.0122339514,5.5098457948,0.0999994478,-0.0000002831,27.3223128815,25.0132287717,11.1000000000,1.0000000000,30.0122339514
5.5000000000,0.0000000000,30.2877258521,5.5098316514,0.0999994487,-0.0000002827,27.3413920309,25.0134603726,11.1000000000,1.0000000000,30.2877258521
5.5500000000,0.0000000000,30.5632170462,5.5098175322,0.0999994497,-0.0000002822,27.3604385244,25.0136938250,11.1000000000,1.0000000000,30.5632170462
5.6000000000,0.0000000000,30.8387075351,5.5098034372,0.0999994506,-0.0000002817,27.3794524218,25.0139291250,11.1000000000,1.0000000000,30.8387075351
5.6500000000,0.0000000000,31.1141973200,5.5097893663,0.0999994515,-0.0000002812,27.3984337827,25.0141662688,11.1000000000,1.0000000000,31.1141973200
5.7000000000,0.0000000000,31.3896864019,5.5097753195,0.0999994525,-0.0000002807,27.4173826667,25.0144052525,11.1000000000,1.0000000000,31.3896864019
5.7500000000,0.0000000000,31.6651747821,5.5097612966,0.0999994534,-0.0000002802,27.4362991333,25.0146460722,11.1000000000,1.0000000000,31.6651747821
5.8000000000,0.0000000000,31.9406624619,5.5097472978,0.0999994543,-0.0000002798,27.4551832419,25.0148887239,11.1000000000,1.0000000000,31.9406624619
5.8500000000,0.0000000000,32.2161494424,5.5097333230,0.0999994553,-0.0000002793,27.4740350515,25.0151332039,11.1000000000,1.0000000000,32.2161494424
5.9000000000,0.0000000000,32.4916357248,5.5097193720,0.0999994562,-0.0000002788,27.4928546215,25.0153795082,11.1000000000,1.0000000000,32.4916357248
5.9500000000,0.0000000000,32.7671213103,5.5097054449,0.0999994571,-0.0000002783,27.5116420107,25.0156276330,11.1000000000,1.0000000000,32.7671213103
6.0000000000,0.0000000000,33.0426062001,5.5096915415,0.0999994581,-0.0000002779,27.5303972782,25.0158775745,11.1000000000,1.0000000000,33.0426062001
6.0500000000,0.0000000000,33.3180903954,5.5096776620,0.0999994590,-0.0000002774,27.5491204827,25.0161293287,11.1000000000,1.0000000000,33.3180903954
6.1000000000,0.0000000000,33.5935738973,5.5096638062,0.0999994599,-0.0000002769,27.5678116829,25.0163828919,11.1000000000,1.0000000000,33.5935738973
6.1500000000,0.0000000000,33.8690567072,5.5096499741,0.0999994608,-0.0000002764,27.5864709375,25.0166382602,11.1000000000,1.0000000000,33.8690567072
6.2000000000,0.0000000000,34.1445388260,5.5096361656,0.0999994618,-0.0000002760,27.6050983048,25.0168954298,11.1000000000,1.0000000000,34.1445388260
6.2500000000,0.0000000000,34.4200202551,5.5096223807,0.0999994627,-0.0000002755,27.6236938432,25.0171543969,11.1000000000,1.0000000000,34.4200202551
6.3000000000,0.0000000000,34.6955009956,5.5096086193,0.0999994636,-0.0000002750,27.6422576110,25.0174151576,11.1000000000,1.0000000000,34.6955009956
6.3500000000,0.0000000000,34.9709810487,5.5095948815,0.0999994645,-0.0000002745,27.6607896664,25.0176777082,11.1000000000,1.0000000000,34.9709810487
6.4000000000,0.0000000000,35.2464604155,5.5095811671,0.0999994654,-0.0000002741,27.6792900675,25.0179420448,11.1000000000,1.0000000000,35.2464604155
6.4500000000,0.0000000000,35.5219390973,5.5095674761,0.0999994663,-0.0000002736,27.6977588720,25.0182081638,11.1000000000,1.0000000000,35.5219390973
6.5000000000,0.0000000000,35.7974170952,5.5095538086,0.0999994673,-0.0000002731,27.7161961380,25.0184760612,11.1000000000,1.0000000000,35.7974170952
6.5500000000,0.0000000000,36.0728944103,5.5095401643,0.0999994682,-0.0000002727,27.7346019230,25.0187457334,11.1000000000,1.0000000000,36.0728944103
6.6000000000,0.0000000000,36.3483710438,5.5095265434,0.0999994691,-0.0000002722,27.7529762848,25.0190171765,11.1000000000,1.0000000000,36.3483710438
6.6500000000,0.0000000000,36.6238469970,5.5095129457,0.0999994700,-0.0000002717,27.7713192809,25.0192903868,11.1000000000,1.0000000000,36.6238469970
6.7000000000,0.0000000000,36.8993222708,5.5094993712,0.0999994709,-0.0000002713,27.7896309685,25.0195653605,11.1000000000,1.0000000000,36.8993222708
6.7500000000,0.0000000000,37.1747968666,5.5094858199,0.0999994718,-0.0000002708,27.8079114051,25.0198420940,11.1000000000,1.0000000000,37.1747968666
6.8000000000,0.0000000000,37.4502707855,5.5094722917,0.0999994727,-0.0000002704,27.8261606479,25.0201205834,11.1000000000,1.0000000000,37.4502707855
6.8500000000,0.0000000000,37.7257440286,5.5094587866,0.0999994736,-0.0000002699,27.8443787539,25.0204008250,11.1000000000,1.0000000000,37.7257440286
6.9000000000,0.0000000000,38.0012165971,5.5094453045,0.0999994745,-0.0000002694,27.8625657801,25.0206828151,11.1000000000,1.0000000000,38.0012165971
6.9500000000,0.0000000000,38.2766884921,5.5094318454,0.0999994754,-0.0000002690,27.8807217834,25.0209665500,11.1000000000,1.0000000000,38.2766884921
7.0000000000,0.0000000000,38.5521597148,5.5094184093,0.0999994763,-0.0000002685,27.8988468206,25.0212520259,11.1000000000,1.0000000000,38.5521597148
7.0500000000,0.0000000000,38.8276302663,5.5094049961,0.0999994772,-0.0000002681,27.9169409483,25.0215392392,11.1000000000,1.0000000000,38.8276302663
7.1000000000,0.0000000000,39.1031001478,5.5093916058,0.0999994781,-0.0000002676,27.9350042231,25.0218281862,11.1000000000,1.0000000000,39.1031001478
7.1500000000,0.0000000000,39.3785693604,5.5093782383,0.0999994790,-0.0000002671,27.9530367015,25.0221188631,11.1000000000,1.0000000000,39.3785693604
7.2000000000,0.0000000000,39.6540379052,5.5093648936,0.0999994798,-0.0000002667,27.9710384398,25.0224112664,11.1000000000,1.0000000000,39.6540379052
7.2500000000,0.0000000000,39.9295057834,5.5093515716,0.0999994807,-0.0000002662,27.9890094942,25.0227053922,11.1000000000,1.0000000000,39.9295057834
7.3000000000,0.0000000000,40.2049729962,5.5093382723,0.0999994816,-0.0000002658,28.0069499210,25.0230012370,11.1000000000,1.0000000000,40.2049729962
7.3500000000,0.0000000000,40.4804395446,5.5093249957,0.0999994825,-0.0000002653,28.0248597762,25.0232987971,11.1000000000,1.0000000000,40.4804395446
7.4000000000,0.0000000000,40.7559054298,5.5093117417,0.0999994834,-0.0000002649,28.0427391156,25.0235980688,11.1000000000,1.0000000000,40.7559054298
7.4500000000,0.0000000000,41.0313706529,5.5092985103,0.0999994843,-0.0000002644,28.0605879952,25.0238990484,11.1000000000,1.0000000000,41.0313706529
7.5000000000,0.0000000000,41.3068352151,5.5092853015,0.0999994851,-0.0000002640,28.0784064707,25.0242017324,11.1000000000,1.0000000000,41.3068352151
7.5500000000,0.0000000000,41.5822991175,5.5092721151,0.0999994860,-0.0000002635,28.0961945977,25.0245061171,11.1000000000,1.0000000000,41.5822991175
7.6000000000,0.0000000000,41.8577623611,5.5092589512,0.0999994869,-0.0000002631,28.1139524317,25.0248121989,11.1000000000,1.0000000000,41.8577623611
7.6500000000,0.0000000000,42.1332249472,5.5092458097,0.0999994878,-0.0000002626,28.1316800282,25.0251199741,11.1000000000,1.0000000000,42.1332249472
7.7000000000,0.0000000000,42.4086868768,5.5092326906,0.0999994886,-0.0000002622,28.1493774424,25.0254294391,11.1000000000,1.0000000000,42.4086868768
7.7500000000,0.0000000000,42.6841481511,5.5092195938,0.0999994895,-0.0000002617,28.1670447297,25.0257405904,11.1000000000,1.0000000000,42.6841481511
7.8000000000,0.0000000000,42.9596087712,5.5092065193,0.0999994904,-0.0000002613,28.1846819451,25.0260534243,11.1000000000,1.0000000000,42.9596087712
7.8500000000,0.0000000000,43.2350687381,5.5091934671,0.0999994912,-0.0000002608,28.2022891437,25.0263679372,11.1000000000,1.0000000000,43.2350687381
7.9000000000,0.0000000000,43.5105280530,5.5091804370,0.0999994921,-0.0000002604,28.2198663803,25.0266841255,11.1000000000,1.0000000000,43.5105280530
7.9500000000,0.0000000000,43.7859867171,5.5091674292,0.0999994930,-0.0000002600,28.2374137098,25.0270019857,11.1000000000,1.0000000000,43.7859867171
8.0000000000,0.0000000000,44.0614447313,5.5091544434,0.0999994938,-0.0000002595,28.2549311869,25.0273215142,11.1000000000,1.0000000000,44.0614447313
8.0500000000,0.0000000000,44.3369020969,5.5091414798,0.0999994947,-0.0000002591,28.2724188662,25.0276427074,11.1000000000,1.0000000000,44.3369020969
8.1000000000,0.0000000000,44.6123588149,5.5091285382,0.0999994956,-0.0000002586,28.2898768023,25.0279655618,11.1000000000,1.0000000000,44.6123588149
8.1500000000,0.0000000000,44.8878148864,5.5091156186,0.0999994964,-0.0000002582,28.3073050494,25.0282900737,11.1000000000,1.0000000000,44.8878148864
8.2000000000,0.0000000000,45.1632703126,5.5091027210,0.0999994973,-0.0000002578,28.3247036621,25.0286162397,11.1000000000,1.0000000000,45.1632703126
8.2500000000,0.0000000000,45.4387250945,5.5090898453,0.0999994981,-0.0000002573,28.3420726943,25.0289440562,11.1000000000,1.0000000000,45.4387250945
8.3000000000,0.0000000000,45.7141792332,5.5090769915,0.0999994990,-0.0000002569,28.3594122004,25.0292735197,11.1000000000,1.0000000000,45.7141792332
8.3500000000,0.0000000000,45.9896327298,5.5090641595,0.0999994998,-0.0000002564,28.3767222342,25.0296046266,11.1000000000,1.0000000000,45.9896327298
8.4000000000,0.0000000000,46.2650855854,5.5090513494,0.0999995007,-0.0000002560,28.3940028497,25.0299373735,11.1000000000,1.0000000000,46.2650855854
8.4500000000,0.0000000000,46.5405378011,5.5090385610,0.0999995015,-0.0000002556,28.4112541007,25.0302717568,11.1000000000,1.0000000000,46.5405378011
8.5000000000,0.0000000000,46.8159893780,5.5090257943,0.0999995024,-0.0000002551,28.4284760410,25.0306077729,11.1000000000,1.0000000000,46.8159893780
8.5500000000,0.0000000000,47.0914403171,5.5090130494,0.0999995032,-0.0000002547,28.4456687240,25.0309454185,11.1000000000,1.0000000000,47.0914403171
8.6000000000,0.0000000000,47.3668906196,5.5090003261,0.0999995041,-0.0000002543,28.4628322034,25.0312846900,11.1000000000,1.0000000000,47.3668906196
8.6500000000,0.0000000000,47.6423402865,5.5089876244,0.0999995049,-0.0000002538,28.4799665326,25.0316255839,11.1000000000,1.0000000000,47.6423402865
8.7000000000,0.0000000000,47.9177893189,5.5089749442,0.0999995057,-0.0000002534,28.4970717648,25.0319680967,11.1000000000,1.0000000000,47.9177893189
8.7500000000,0.0000000000,48.1932377179,5.5089622856,0.0999995066,-0.0000002530,28.5141479534,25.0323122250,11.1000000000,1.0000000000,48.1932377179
8.8000000000,0.0000000000,48.4686854846,5.5089496485,0.0999995074,-0.0000002525,28.5311951513,25.0326579653,11.1000000000,1.0000000000,48.4686854846
8.8500000000,0.0000000000,48.7441326200,5.5089370328,0.0999995083,-0.0000002521,28.5482134117,25.0330053141,11.1000000000,1.0000000000,48.7441326200
8.9000000000,0.0000000000,49.0195791252,5.5089244386,0.0999995091,-0.0000002517,28.5652027875,25.0333542680,11.1000000000,1.0000000000,49.0195791252
8.9500000000,0.0000000000,49.2950250013,5.5089118657,0.0999995099,-0.0000002513,28.5821633314,25.0337048235,11.1000000000,1.0000000000,49.2950250013
9.0000000000,0.0000000000,49.5704702493,5.5088993142,0.0999995108,-0.0000002508,28.5990950963,25.0340569772,11.1000000000,1.0000000000,49.5704702493
9.0500000000,0.0000000000,49.8459148704,5.5088867839,0.0999995116,-0.0000002504,28.6159981347,25.0344107256,11.1000000000,1.0000000000,49.8459148704
9.1000000000,0.0000000000,50.1213588655,5.5088742749,0.0999995124,-0.0000002500,28.6328724993,25.0347660654,11.1000000000,1.0000000000,50.1213588655
9.1500000000,0.0000000000,50.3968022357,5.5088617871,0.0999995132,-0.0000002496,28.6497182423,25.0351229930,11.1000000000,1.0000000000,50.3968022357
9.2000000000,0.0000000000,50.6722449822,5.5088493205,0.0999995141,-0.0000002491,28.6665354162,25.0354815052,11.1000000000,1.0000000000,50.6722449822
9.2500000000,0.0000000000,50.9476871059,5.5088368751,0.0999995149,-0.0000002487,28.6833240732,25.0358415984,11.1000000000,1.0000000000,50.9476871059
9.3000000000,0.0000000000,51.2231286079,5.5088244507,0.0999995157,-0.0000002483,28.7000842655,25.0362032692,11.1000000000,1.0000000000,51.2231286079
9.3500000000,0.0000000000,51.4985694892,5.5088120474,0.0999995165,-0.0000002479,28.7168160451,25.0365665143,11.1000000000,1.0000000000,51.4985694892
9.4000000000,0.0000000000,51.7740097510,5.5087996652,0.0999995174,-0.0000002475,28.7335194640,25.0369313303,11.1000000000,1.0000000000,51.7740097510
9.4500000000,0.0000000000,52.0494493942,5.5087873039,0.0999995182,-0.0000002470,28.7501945740,25.0372977138,11.1000000000,1.0000000000,52.0494493942
9.5000000000,0.0000000000,52.3248884200,5.5087749635,0.0999995190,-0.0000002466,28.7668414269,25.0376656614,11.1000000000,1.0000000000,52.3248884200
9.5500000000,0.0000000000,52.6003268293,5.5087626441,0.0999995198,-0.0000002462,28.7834600744,25.0380351697,11.1000000000,1.0000000000,52.6003268293
9.6000000000,0.0000000000,52.8757646232,5.5087503456,0.0999995206,-0.0000002458,28.8000505680,25.0384062354,11.1000000000,1.0000000000,52.8757646232
9.6500000000,0.0000000000,53.1512018028,5.5087380678,0.0999995214,-0.0000002454,28.8166129592,25.0387788551,11.1000000000,1.0000000000,53.1512018028
9.7000000000,0.0000000000,53.4266383690,5.5087258109,0.0999995222,-0.0000002450,28.8331472994,25.0391530255,11.1000000000,1.0000000000,53.4266383690
9.7500000000,0.0000000000,53.7020743230,5.5087135747,0.0999995230,-0.0000002445,28.8496536399,25.0395287431,11.1000000000,1.0000000000,53.7020743230
9.8000000000,0.0000000000,53.9775096657,5.5087013593,0.0999995239,-0.0000002441,28.8661320319,25.0399060048,11.1000000000,1.0000000000,53.9775096657
9.8500000000,0.0000000000,54.2529443982,5.5086891645,0.0999995247,-0.0000002437,28.8825825264,25.0402848071,11.1000000000,1.0000000000,54.2529443982
9.9000000000,0.0000000000,54.5283785216,5.5086769903,0.0999995255,-0.0000002433,28.8990051746,25.0406651466,11.1000000000,1.0000000000,54.5283785216
9.9500000000,0.0000000000,54.8038120368,5.5086648368,0.0999995263,-0.0000002429,28.9154000272,25.0410470202,11.1000000000,1.0000000000,54.8038120368
10.0000000000,0.0000000000,55.0792449449,5.5086527039,0.0999995271,-0.0000002425,28.9317671351,25.0414304245,11.1000000000,1.0000000000,55.0792449449
10.0500000000,0.0000000000,55.3546772469,5.5086405914,0.0999995279,-0.0000002421,28.9481065491,25.0418153561,11.1000000000,1.0000000000,55.3546772469
10.1000000000,0.0000000000,55.6301089438,5.5086284995,0.0999995287,-0.0000002417,28.9644183198,25.0422018117,11.1000000000,1.0000000000,55.6301089438
10.1500000000,0.0000000000,55.9055400368,5.5086164280,0.0999995295,-0.0000002412,28.9807024976,25.0425897881,11.1000000000,1.0000000000,55.9055400368
10.2000000000,0.0000000000,56.1809705267,5.5086043769,0.0999995303,-0.0000002408,28.9969591331,25.0429792820,11.1000000000,1.0000000000,56.1809705267
10.2500000000,0.0000000000,56.4564004146,5.5085923462,0.0999995311,-0.0000002404,29.0131882766,25.0433702901,11.1000000000,1.0000000000,56.4564004146
10.3000000000,0.0000000000,56.7318297015,5.5085803359,0.0999995318,-0.0000002400,29.0293899783,25.0437628091,11.1000000000,1.0000000000,56.7318297015
10.3500000000,0.0000000000,57.0072583885,5.5085683458,0.0999995326,-0.0000002396,29.0455642885,25.0441568357,11.1000000000,1.0000000000,57.0072583885
10.4000000000,0.0000000000,57.2826864766,5.5085563761,0.0999995334,-0.0000002392,29.0617112571,25.0445523667,11.1000000000,1.0000000000,57.2826864766
10.4500000000,0.0000000000,57.5581139667,5.5085444265,0.0999995342,-0.0000002388,29.0778309342,25.0449493987,11.1000000000,1.0000000000,57.5581139667
10.5000000000,0.0000000000,57.8335408599,5.5085324972,0.0999995350,-0.0000002384,29.0939233697,25.0453479287,11.1000000000,1.0000000000,57.8335408599
10.5500000000,0.0000000000,58.1089671571,5.5085205880,0.0999995358,-0.0000002380,29.1099886133,25.0457479532,11.1000000000,1.0000000000,58.1089671571
10.6000000000,0.0000000000,58.3843928595,5.5085086989,0.0999995366,-0.0000002376,29.1260267147,25.0461494691,11.1000000000,1.0000000000,58.3843928595
10.6500000000,0.0000000000,58.6598179680,5.5084968299,0.0999995374,-0.0000002372,29.1420377236,25.0465524732,11.1000000000,1.0000000000,58.6598179680
10.7000000000,0.0000000000,58.9352424835,5.5084849810,0.0999995381,-0.0000002368,29.1580216895,25.0469569621,11.1000000000,1.0000000000,58.9352424835
10.7500000000,0.0000000000,59.2106664072,5.5084731521,0.0999995389,-0.0000002364,29.1739786618,25.0473629327,11.1000000000,1.0000000000,59.2106664072
10.8000000000,0.0000000000,59.4860897400,5.5084613431,0.0999995397,-0.0000002360,29.1899086899,25.0477703818,11.1000000000,1.0000000000,59.4860897400
10.8500000000,0.0000000000,59.7615124828,5.5084495541,0.0999995405,-0.0000002356,29.2058118229,25.0481793061,11.1000000000,1.0000000000,59.7615124828
10.9000000000,0.0000000000,60.0369346368,5.5084377850,0.0999995413,-0.0000002352,29.2216881101,25.0485897025,11.1000000000,1.0000000000,60.0369346368
10.9500000000,0.0000000000,60.3123562029,5.5084260357,0.0999995420,-0.0000002348,29.2375376004,25.0490015677,11.1000000000,1.0000000000,60.3123562029
11.0000000000,0.0000000000,60.5877771820,5.5084143063,0.0999995428,-0.0000002344,29.2533603430,25.0494148985,11.1000000000,1.0000000000,60.5877771820
11.0500000000,0.0000000000,60.8631975752,5.5084025967,0.0999995436,-0.0000002340,29.2691563866,25.0498296919,11.1000000000,1.0000000000,60.8631975752
11.1000000000,0.0000000000,61.1386173835,5.5083909068,0.0999995443,-0.0000002336,29.2849257801,25.0502459445,11.1000000000,1.0000000000,61.1386173835
11.1500000000,0.0000000000,61.4140366079,5.5083792366,0.0999995451,-0.0000002332,29.3006685722,25.0506636532,11.1000000000,1.0000000000,61.4140366079
11.2000000000,0.0000000000,61.6894552492,5.5083675862,0.0999995459,-0.0000002328,29.3163848114,25.0510828148,11.1000000000,1.0000000000,61.6894552492
11.2500000000,0.0000000000,61.9648733086,5.5083559553,0.0999995466,-0.0000002324,29.3320745463,25.0515034262,11.1000000000,1.0000000000,61.9648733086
11.3000000000,0.0000000000,62.2402907870,5.5083443441,0.0999995474,-0.0000002320,29.3477378254,25.0519254843,11.1000000000,1.0000000000,62.2402907870
11.3500000000,0.0000000000,62.5157076853,5.5083327525,0.0999995482,-0.0000002317,29.3633746969,25.0523489857,11.1000000000,1.0000000000,62.5157076853
11.4000000000,0.0000000000,62.7911240046,5.5083211804,0.0999995489,-0.0000002313,29.3789852092,25.0527739276,11.1000000000,1.0000000000,62.7911240046
11.4500000000,0.0000000000,63.0665397459,5.5083096278,0.0999995497,-0.0000002309,29.3945694104,25.0532003066,11.1000000000,1.0000000000,63.0665397459
11.5000000000,0.0000000000,63.3419549100,5.5082980947,0.0999995504,-0.0000002305,29.4101273485,25.0536281196,11.1000000000,1.0000000000,63.3419549100
11.5500000000,0.0000000000,63.6173694981,5.5082865810,0.0999995512,-0.0000002301,29.4256590716,25.0540573635,11.1000000000,1.0000000000,63.6173694981
11.6000000000,0.0000000000,63.8927835109,5.5082750867,0.0999995520,-0.0000002297,29.4411646276,25.0544880353,11.1000000000,1.0000000000,63.8927835109
11.6500000000,0.0000000000,64.1681969496,5.5082636118,0.0999995527,-0.0000002293,29.4566440642,25.0549201317,11.1000000000,1.0000000000,64.1681969496
11.7000000000,0.0000000000,64.4436098151,5.5082521562,0.0999995535,-0.0000002289,29.4720974292,25.0553536497,11.1000000000,1.0000000000,64.4436098151
11.7500000000,0.0000000000,64.7190221083,5.5082407198,0.0999995542,-0.0000002286,29.4875247703,25.0557885862,11.1000000000,1.0000000000,64.7190221083
11.8000000000,0.0000000000,64.9944338303,5.5082293028,0.0999995550,-0.0000002282,29.5029261350,25.0562249380,11.1000000000,1.0000000000,64.9944338303
11.8500000000,0.0000000000,65.2698449819,5.5082179050,0.0999995557,-0.0000002278,29.5183015707,25.0566627021,11.1000000000,1.0000000000,65.2698449819
11.9000000000,0.0000000000,65.5452555642,5.5082065263,0.0999995565,-0.0000002274,29.5336511248,25.0571018754,11.1000000000,1.0000000000,65.5452555642
11.9500000000,0.0000000000,65.8206655780,5.5081951668,0.0999995572,-0.0000002270,29.5489748446,25.0575424548,11.1000000000,1.0000000000,65.8206655780
12.0000000000,0.0000000000,66.0960750244,5.5081838264,0.0999995580,-0.0000002266,29.5642727773,25.0579844373,11.1000000000,1.0000000000,66.0960750244
12.0500000000,0.0000000000,66.3714839043,5.5081725051,0.0999995587,-0.0000002263,29.5795449700,25.0584278197,11.1000000000,1.0000000000,66.3714839043
12.1000000000,0.0000000000,66.6468922187,5.5081612029,0.0999995594,-0.0000002259,29.5947914697,25.0588725990,11.1000000000,1.0000000000,66.6468922187
12.1500000000,0.0000000000,66.9222999685,5.5081499196,0.0999995602,-0.0000002255,29.6100123234,25.0593187721,11.1000000000,1.0000000000,66.9222999685
12.2000000000,0.0000000000,67.1977071546,5.5081386554,0.0999995609,-0.0000002251,29.6252075779,25.0597663360,11.1000000000,1.0000000000,67.1977071546
12.2500000000,0.0000000000,67.4731137780,5.5081274100,0.0999995617,-0.0000002247,29.6403772800,25.0602152877,11.1000000000,1.0000000000,67.4731137780
12.3000000000,0.0000000000,67.7485198397,5.5081161836,0.0999995624,-0.0000002244,29.6555214763,25.0606656241,11.1000000000,1.0000000000,67.7485198397
12.3500000000,0.0000000000,68.0239253406,5.5081049761,0.0999995631,-0.0000002240,29.6706402135,25.0611173421,11.1000000000,1.0000000000,68.0239253406
12.4000000000,0.0000000000,68.2993302817,5.5080937874,0.0999995639,-0.0000002236,29.6857335381,25.0615704388,11.1000000000,1.0000000000,68.2993302817
12.4500000000,0.0000000000,68.5747346638,5.5080826175,0.0999995646,-0.0000002232,29.7008014964,25.0620249110,11.1000000000,1.0000000000,68.5747346638
12.5000000000,0.0000000000,68.8501384879,5.5080714664,0.0999995653,-0.0000002229,29.7158441348,25.0624807559,11.1000000000,1.0000000000,68.8501384879
12.5500000000,0.0000000000,69.1255417550,5.5080603340,0.0999995661,-0.0000002225,29.7308614996,25.0629379704,11.1000000000,1.0000000000,69.1255417550
12.6000000000,0.0000000000,69.4009444660,5.5080492203,0.0999995668,-0.0000002221,29.7458536368,25.0633965514,11.1000000000,1.0000000000,69.4009444660
12.6500000000,0.0000000000,69.6763466219,5.5080381252,0.0999995675,-0.0000002217,29.7608205927,25.0638564960,11.1000000000,1.0000000000,69.6763466219
12.7000000000,0.0000000000,69.9517482234,5.5080270488,0.0999995683,-0.0000002214,29.7757624132,25.0643178012,11.1000000000,1.0000000000,69.9517482234
12.7500000000,0.0000000000,70.2271492717,5.5080159911,0.0999995690,-0.0000002210,29.7906791441,25.0647804640,11.1000000000,1.0000000000,70.2271492717
12.8000000000,0.0000000000,70.5025497676,5.5080049518,0.0999995697,-0.0000002206,29.8055708314,25.0652444814,11.1000000000,1.0000000000,70.5025497676
12.8500000000,0.0000000000,70.7779497121,5.5079939311,0.0999995704,-0.0000002202,29.8204375207,25.0657098504,11.1000000000,1.0000000000,70.7779497121
12.9000000000,0.0000000000,71.0533491060,5.5079829289,0.0999995711,-0.0000002199,29.8352792577,25.0661765681,11.1000000000,1.0000000000,71.0533491060
12.9500000000,0.0000000000,71.3287479503,5.5079719452,0.0999995719,-0.0000002195,29.8500960880,25.0666446314,11.1000000000,1.0000000000,71.3287479503
13.0000000000,0.0000000000,71.6041462459,5.5079609799,0.0999995726,-0.0000002191,29.8648880570,25.0671140375,11.1000000000,1.0000000000,71.6041462459
13.0500000000,0.0000000000,71.8795439938,5.5079500330,0.0999995733,-0.0000002188,29.8796552103,25.0675847834,11.1000000000,1.0000000000,71.8795439938
13.1000000000,0.0000000000,72.1549411948,5.5079391044,0.0999995740,-0.0000002184,29.8943975930,25.0680568661,11.1000000000,1.0000000000,72.1549411948
13.1500000000,0.0000000000,72.4303378500,5.5079281942,0.0999995747,-0.0000002180,29.9091152504,25.0685302826,11.1000000000,1.0000000000,72.4303378500
13.2000000000,0.0000000000,72.7057339601,5.5079173023,0.0999995754,-0.0000002177,29.9238082277,25.0690050301,11.1000000000,1.0000000000,72.7057339601
13.2500000000,0.0000000000,72.9811295261,5.5079064286,0.0999995762,-0.0000002173,29.9384765699,25.0694811056,11.1000000000,1.0000000000,72.9811295261
13.3000000000,0.0000000000,73.2565245489,5.5078955732,0.0999995769,-0.0000002169,29.9531203220,25.0699585062,11.1000000000,1.0000000000,73.2565245489
13.3500000000,0.0000000000,73.5319190295,5.5078847359,0.0999995776,-0.0000002166,29.9677395289,25.0704372289,11.1000000000,1.0000000000,73.5319190295
13.4000000000,0.0000000000,73.8073129687,5.5078739169,0.0999995783,-0.0000002162,29.9823342355,25.0709172709,11.1000000000,1.0000000000,73.8073129687
13.4500000000,0.0000000000,74.0827063674,5.5078631159,0.0999995790,-0.0000002159,29.9969044865,25.0713986292,11.1000000000,1.0000000000,74.0827063674
13.5000000000,0.0000000000,74.3580992266,5.5078523331,0.0999995797,-0.0000002155,30.0114503265,25.0718813009,11.1000000000,1.0000000000,74.3580992266
13.5500000000,0.0000000000,74.6334915471,5.5078415683,0.0999995804,-0.0000002151,30.0259718000,25.0723652831,11.1000000000,1.0000000000,74.6334915471
13.6000000000,0.0000000000,74.9088833300,5.5078308215,0.0999995811,-0.0000002148,30.0404689517,25.0728505730,11.1000000000,1.0000000000,74.9088833300
13.6500000000,0.0000000000,75.1842745759,5.5078200927,0.0999995818,-0.0000002144,30.0549418258,25.0733371675,11.1000000000,1.0000000000,75.1842745759
13.7000000000,0.0000000000,75.4596652859,5.5078093819,0.0999995825,-0.0000002141,30.0693904668,25.0738250639,11.1000000000,1.0000000000,75.4596652859
13.7500000000,0.0000000000,75.7350554609,5.5077986891,0.0999995832,-0.0000002137,30.0838149188,25.0743142593,11.1000000000,1.0000000000,75.7350554609
13.8000000000,0.0000000000,76.0104451017,5.5077880141,0.0999995839,-0.0000002133,30.0982152261,25.0748047508,11.1000000000,1.0000000000,76.0104451017
13.8500000000,0.0000000000,76.2858342093,5.5077773570,0.0999995846,-0.0000002130,30.1125914326,25.0752965355,11.1000000000,1.0000000000,76.2858342093
13.9000000000,0.0000000000,76.5612227845,5.5077667177,0.0999995853,-0.0000002126,30.1269435824,25.0757896106,11.1000000000,1.0000000000,76.5612227845
13.9500000000,0.0000000000,76.8366108282,5.5077560963,0.0999995860,-0.0000002123,30.1412717195,25.0762839732,11.1000000000,1.0000000000,76.8366108282
14.0000000000,0.0000000000,77.1119983413,5.5077454926,0.0999995867,-0.0000002119,30.1555758876,25.0767796204,11.1000000000,1.0000000000,77.1119983413
14.0500000000,0.0000000000,77.3873853248,5.5077349066,0.0999995874,-0.0000002116,30.1698561305,25.0772765494,11.1000000000,1.0000000000,77.3873853248
14.1000000000,0.0000000000,77.6627717794,5.5077243384,0.0999995881,-0.0000002112,30.1841124918,25.0777747574,11.1000000000,1.0000000000,77.6627717794
14.1500000000,0.0000000000,77.9381577061,5.5077137878,0.0999995887,-0.0000002109,30.1983450153,25.0782742416,11.1000000000,1.0000000000,77.9381577061
14.2000000000,0.0000000000,78.2135431058,5.5077032548,0.0999995894,-0.0000002105,30.2125537443,25.0787749990,11.1000000000,1.0000000000,78.2135431058
14.2500000000,0.0000000000,78.4889279793,5.5076927395,0.0999995901,-0.0000002101,30.2267387223,25.0792770269,11.1000000000,1.0000000000,78.4889279793
14.3000000000,0.0000000000,78.7643123275,5.5076822417,0.0999995908,-0.0000002098,30.2408999928,25.0797803225,11.1000000000,1.0000000000,78.7643123275
14.3500000000,0.0000000000,79.0396961513,5.5076717615,0.0999995915,-0.0000002094,30.2550375988,25.0802848829,11.1000000000,1.0000000000,79.0396961513
14.4000000000,0.0000000000,79.3150794516,5.5076612988,0.0999995922,-0.0000002091,30.2691515837,25.0807907053,11.1000000000,1.0000000000,79.3150794516
14.4500000000,0.0000000000,79.5904622292,5.5076508535,0.0999995929,-0.0000002087,30.2832419905,25.0812977869,11.1000000000,1.0000000000,79.5904622292
14.5000000000,0.0000000000,79.8658444850,5.5076404257,0.0999995935,-0.0000002084,30.2973088624,25.0818061250,11.1000000000,1.0000000000,79.8658444850
14.5500000000,0.0000000000,80.1412262200,5.5076300154,0.0999995942,-0.0000002081,30.3113522421,25.0823157167,11.1000000000,1.0000000000,80.1412262200
14.6000000000,0.0000000000,80.4166074348,5.5076196224,0.0999995949,-0.0000002077,30.3253721727,25.0828265593,11.1000000000,1.0000000000,80.4166074348
14.6500000000,0.0000000000,80.6919881306,5.5076092467,0.0999995956,-0.0000002074,30.3393686969,25.0833386499,11.1000000000,1.0000000000,80.6919881306
14.7000000000,0.0000000000,80.9673683080,5.5075988884,0.0999995962,-0.0000002070,30.3533418574,25.0838519859,11.1000000000,1.0000000000,80.9673683080
14.7500000000,0.0000000000,81.2427479679,5.5075885474,0.0999995969,-0.0000002067,30.3672916968,25.0843665643,11.1000000000,1.0000000000,81.2427479679
14.8000000000,0.0000000000,81.5181271113,5.5075782236,0.0999995976,-0.0000002063,30.3812182578,25.0848823825,11.1000000000,1.0000000000,81.5181271113
14.8500000000,0.0000000000,81.7935057390,5.5075679170,0.0999995983,-0.0000002060,30.3951215828,25.0853994376,11.1000000000,1.0000000000,81.7935057390
14.9000000000,0.0000000000,82.0688838518,5.5075576277,0.0999995989,-0.0000002056,30.4090017142,25.0859177270,11.1000000000,1.0000000000,82.0688838518
14.9500000000,0.0000000000,82.3442614507,5.5075473555,0.0999995996,-0.0000002053,30.4228586943,25.0864372479,11.1000000000,1.0000000000,82.3442614507
15.0000000000,0.0000000000,82.6196385364,5.5075371004,0.0999996003,-0.0000002049,30.4366925654,25.0869579975,11.1000000000,1.0000000000,82.6196385364
15.0500000000,0.0000000000,82.8950151098,5.5075268624,0.0999996009,-0.0000002046,30.4505033696,25.0874799730,11.1000000000,1.0000000000,82.8950151098
15.1000000000,0.0000000000,83.1703911717,5.5075166415,0.0999996016,-0.0000002043,30.4642911491,25.0880031719,11.1000000000,1.0000000000,83.1703911717
15.1500000000,0.0000000000,83.4457667231,5.5075064377,0.0999996023,-0.0000002039,30.4780559458,25.0885275912,11.1000000000,1.0000000000,83.4457667231
15.2000000000,0.0000000000,83.7211417648,5.5074962508,0.0999996029,-0.0000002036,30.4917978017,25.0890532284,11.1000000000,1.0000000000,83.7211417648
15.2500000000,0.0000000000,83.9965162976,5.5074860809,0.0999996036,-0.0000002032,30.5055167586,25.0895800806,11.1000000000,1.0000000000,83.9965162976
15.3000000000,0.0000000000,84.2718903224,5.5074759280,0.0999996042,-0.0000002029,30.5192128584,25.0901081452,11.1000000000,1.0000000000,84.2718903224
15.3500000000,0.0000000000,84.5472638400,5.5074657920,0.0999996049,-0.0000002026,30.5328861426,25.0906374194,11.1000000000,1.0000000000,84.5472638400
15.4000000000,0.0000000000,84.8226368512,5.5074556728,0.0999996056,-0.0000002022,30.5465366530,25.0911679006,11.1000000000,1.0000000000,84.8226368512
15.4500000000,0.0000000000,85.0980093570,5.5074455706,0.0999996062,-0.0000002019,30.5601644312,25.0916995860,11.1000000000,1.0000000000,85.0980093570
15.5000000000,0.0000000000,85.3733813581,5.5074354851,0.0999996069,-0.0000002016,30.5737695184,25.0922324729,11.1000000000,1.0000000000,85.3733813581
15.5500000000,0.0000000000,85.6487528554,5.5074254164,0.0999996075,-0.0000002012,30.5873519563,25.0927665588,11.1000000000,1.0000000000,85.6487528554
15.6000000000,0.0000000000,85.9241238497,5.5074153645,0.0999996082,-0.0000002009,30.6009117860,25.0933018408,11.1000000000,1.0000000000,85.9241238497
15.6500000000,0.0000000000,86.1994943419,5.5074053293,0.0999996088,-0.0000002006,30.6144490489,25.0938383163,11.1000000000,1.0000000000,86.1994943419
15.7000000000,0.0000000000,86.4748643328,5.5073953108,0.0999996095,-0.0000002002,30.6279637861,25.0943759826,11.1000000000,1.0000000000,86.4748643328
15.7500000000,0.0000000000,86.7502338232,5.5073853090,0.0999996101,-0.0000001999,30.6414560387,25.0949148370,11.1000000000,1.0000000000,86.7502338232
15.8000000000,0.0000000000,87.0256028140,5.5073753238,0.0999996108,-0.0000001996,30.6549258476,25.0954548770,11.1000000000,1.0000000000,87.0256028140
15.8500000000,0.0000000000,87.3009713060,5.5073653552,0.0999996114,-0.0000001992,30.6683732539,25.0959960997,11.1000000000,1.0000000000,87.3009713060
15.9000000000,0.0000000000,87.5763393000,5.5073554032,0.0999996121,-0.0000001989,30.6817982985,25.0965385027,11.1000000000,1.0000000000,87.5763393000
15.9500000000,0.0000000000,87.8517067969,5.5073454678,0.0999996127,-0.0000001986,30.6952010220,25.0970820831,11.1000000000,1.0000000000,87.8517067969
16.0000000000,0.0000000000,88.1270737974,5.5073355488,0.0999996134,-0.0000001982,30.7085814653,25.0976268385,11.1000000000,1.0000000000,88.1270737974
16.0500000000,0.0000000000,88.4024403025,5.5073256464,0.0999996140,-0.0000001979,30.7219396689,25.0981727660,11.1000000000,1.0000000000,88.4024403025
16.1000000000,0.0000000000,88.6778063129,5.5073157604,0.0999996146,-0.0000001976,30.7352756734,25.0987198632,11.1000000000,1.0000000000,88.6778063129
16.1500000000,0.0000000000,88.9531718294,5.5073058908,0.0999996153,-0.0000001972,30.7485895193,25.0992681273,11.1000000000,1.0000000000,88.9531718294
16.2000000000,0.0000000000,89.2285368529,5.5072960376,0.0999996159,-0.0000001969,30.7618812470,25.0998175558,11.1000000000,1.0000000000,89.2285368529
16.2500000000,0.0000000000,89.5039013842,5.5072862008,0.0999996166,-0.0000001966,30.7751508970,25.1003681460,11.1000000000,1.0000000000,89.5039013842
16.3000000000,0.0000000000,89.7792654241,5.5072763804,0.0999996172,-0.0000001963,30.7883985093,25.1009198954,11.1000000000,1.0000000000,89.7792654241
16.3500000000,0.0000000000,90.0546289735,5.5072665762,0.0999996178,-0.0000001959,30.8016241242,25.1014728012,11.1000000000,1.0000000000,90.0546289735
16.4000000000,0.0000000000,90.3299920330,5.5072567883,0.0999996185,-0.0000001956,30.8148277819,25.1020268609,11.1000000000,1.0000000000,90.3299920330
16.4500000000,0.0000000000,90.6053546037,5.5072470167,0.0999996191,-0.0000001953,30.8280095224,25.1025820719,11.1000000000,1.0000000000,90.6053546037
16.5000000000,0.0000000000,90.8807166861,5.5072372612,0.0999996197,-0.0000001950,30.8411693856,25.1031384317,11.1000000000,1.0000000000,90.8807166861
16.5500000000,0.0000000000,91.1560782813,5.5072275220,0.0999996204,-0.0000001946,30.8543074115,25.1036959375,11.1000000000,1.0000000000,91.1560782813
16.6000000000,0.0000000000,91.4314393900,5.5072177989,0.0999996210,-0.0000001943,30.8674236398,25.1042545869,11.1000000000,1.0000000000,91.4314393900
16.6500000000,0.0000000000,91.7068000129,5.5072080920,0.0999996216,-0.0000001940,30.8805181103,25.1048143772,11.1000000000,1.0000000000,91.7068000129
16.7000000000,0.0000000000,91.9821601509,5.5071984011,0.0999996223,-0.0000001937,30.8935908627,25.1053753058,11.1000000000,1.0000000000,91.9821601509
16.7500000000,0.0000000000,92.2575198049,5.5071887264,0.0999996229,-0.0000001934,30.9066419366,25.1059373703,11.1000000000,1.0000000000,92.2575198049
16.8000000000,0.0000000000,92.5328789755,5.5071790676,0.0999996235,-0.0000001930,30.9196713715,25.1065005680,11.1000000000,1.0000000000,92.5328789755
16.8500000000,0.0000000000,92.8082376637,5.5071694249,0.0999996241,-0.0000001927,30.9326792069,25.1070648964,11.1000000000,1.0000000000,92.8082376637
16.9000000000,0.0000000000,93.0835958701,5.5071597982,0.0999996248,-0.0000001924,30.9456654822,25.1076303529,11.1000000000,1.0000000000,93.0835958701
16.9500000000,0.0000000000,93.3589535956,5.5071501874,0.0999996254,-0.0000001921,30.9586302366,25.1081969350,11.1000000000,1.0000000000,93.3589535956
17.0000000000,0.0000000000,93.6343108411,5.5071405925,0.0999996260,-0.0000001918,30.9715735094,25.1087646400,11.1000000000,1.0000000000,93.6343108411
17.0500000000,0.0000000000,93.9096676072,5.5071310136,0.0999996266,-0.0000001914,30.9844953398,25.1093334656,11.1000000000,1.0000000000,93.9096676072
17.1000000000,0.0000000000,94.1850238949,5.5071214505,0.0999996272,-0.0000001911,30.9973957668,25.1099034091,11.1000000000,1.0000000000,94.1850238949
17.1500000000,0.0000000000,94.4603797048,5.5071119032,0.0999996279,-0.0000001908,31.0102748296,25.1104744680,11.1000000000,1.0000000000,94.4603797048
17.2000000000,0.0000000000,94.7357350377,5.5071023717,0.0999996285,-0.0000001905,31.0231325669,25.1110466398,11.1000000000,1.0000000000,94.7357350377
17.2500000000,0.0000000000,95.0110898946,5.5070928561,0.0999996291,-0.0000001902,31.0359690178,25.1116199219,11.1000000000,1.0000000000,95.0110898946
17.3000000000,0.0000000000,95.2864442761,5.5070833561,0.0999996297,-0.0000001899,31.0487842210,25.1121943119,11.1000000000,1.0000000000,95.2864442761
17.3500000000,0.0000000000,95.5617981830,5.5070738719,0.0999996303,-0.0000001895,31.0615782152,25.1127698072,11.1000000000,1.0000000000,95.5617981830
17.4000000000,0.0000000000,95.8371516161,5.5070644034,0.0999996309,-0.0000001892,31.0743510391,25.1133464053,11.1000000000,1.0000000000,95.8371516161
17.4500000000,0.0000000000,96.1125045763,5.5070549506,0.0999996315,-0.0000001889,31.0871027314,25.1139241037,11.1000000000,1.0000000000,96.1125045763
17.5000000000,0.0000000000,96.3878570642,5.5070455134,0.0999996321,-0.0000001886,31.0998333304,25.1145028999,11.1000000000,1.0000000000,96.3878570642
17.5500000000,0.0000000000,96.6632090808,5.5070360918,0.0999996327,-0.0000001883,31.1125428747,25.1150827915,11.1000000000,1.0000000000,96.6632090808
17.6000000000,0.0000000000,96.9385606266,5.5070266858,0.0999996334,-0.0000001880,31.1252314027,25.1156637759,11.1000000000,1.0000000000,96.9385606266
17.6500000000,0.0000000000,97.2139117026,5.5070172953,0.0999996340,-0.0000001877,31.1378989526,25.1162458506,11.1000000000,1.0000000000,97.2139117026
17.7000000000,0.0000000000,97.4892623095,5.5070079204,0.0999996346,-0.0000001874,31.1505455627,25.1168290132,11.1000000000,1.0000000000,97.4892623095
17.7500000000,0.0000000000,97.7646124481,5.5069985609,0.0999996352,-0.0000001870,31.1631712712,25.1174132612,11.1000000000,1.0000000000,97.7646124481
17.8000000000,0.0000000000,98.0399621191,5.5069892169,0.0999996358,-0.0000001867,31.1757761161,25.1179985921,11.1000000000,1.0000000000,98.0399621191
17.8500000000,0.0000000000,98.3153113233,5.5069798884,0.0999996364,-0.0000001864,31.1883601355,25.1185850034,11.1000000000,1.0000000000,98.3153113233
17.9000000000,0.0000000000,98.5906600616,5.5069705752,0.0999996370,-0.0000001861,31.2009233673,25.1191724928,11.1000000000,1.0000000000,98.5906600616
17.9500000000,0.0000000000,98.8660083346,5.5069612775,0.0999996376,-0.0000001858,31.2134658494,25.1197610577,11.1000000000,1.0000000000,98.8660083346
18.0000000000,0.0000000000,99.1413561431,5.5069519951,0.0999996382,-0.0000001855,31.2259876197,25.1203506956,11.1000000000,1.0000000000,99.1413561431
18.0500000000,0.0000000000,99.4167034880,5.5069427280,0.0999996388,-0.0000001852,31.2384887158,25.1209414042,11.1000000000,1.0000000000,99.4167034880
18.1000000000,0.0000000000,99.6920503699,5.5069334762,0.0999996394,-0.0000001849,31.2509691755,25.1215331810,11.1000000000,1.0000000000,99.6920503699
18.1500000000,0.0000000000,99.9673967896,5.5069242397,0.0999996400,-0.0000001846,31.2634290363,25.1221260236,11.1000000000,1.0000000000,99.9673967896
18.2000000000,0.0000000000,100.2427427480,5.5069150185,0.0999996406,-0.0000001843,31.2758683359,25.1227199294,11.1000000000,1.0000000000,100.2427427480
18.2500000000,0.0000000000,100.5180882457,5.5069058124,0.0999996412,-0.0000001840,31.2882871116,25.1233148962,11.1000000000,1.0000000000,100.5180882457
18.3000000000,0.0000000000,100.7934332835,5.5068966216,0.0999996417,-0.0000001837,31.3006854008,25.1239109214,11.1000000000,1.0000000000,100.7934332835
18.3500000000,0.0000000000,101.0687778622,5.5068874459,0.0999996423,-0.0000001834,31.3130632409,25.1245080027,11.1000000000,1.0000000000,101.0687778622
18.4000000000,0.0000000000,101.3441219825,5.5068782853,0.0999996429,-0.0000001831,31.3254206692,25.1251061376,11.1000000000,1.0000000000,101.3441219825
18.4500000000,0.0000000000,101.6194656452,5.5068691398,0.0999996435,-0.0000001828,31.3377577228,25.1257053237,11.1000000000,1.0000000000,101.6194656452
18.5000000000,0.0000000000,101.8948088510,5.5068600094,0.0999996441,-0.0000001825,31.3500744389,25.1263055586,11.1000000000,1.0000000000,101.8948088510
18.5500000000,0.0000000000,102.1701516008,5.5068508941,0.0999996447,-0.0000001822,31.3623708545,25.1269068399,11.1000000000,1.0000000000,102.1701516008
18.6000000000,0.0000000000,102.4454938951,5.5068417938,0.0999996453,-0.0000001819,31.3746470066,25.1275091653,11.1000000000,1.0000000000,102.4454938951
18.6500000000,0.0000000000,102.7208357349,5.5068327084,0.0999996459,-0.0000001816,31.3869029321,25.1281125323,11.1000000000,1.0000000000,102.7208357349
18.7000000000,0.0000000000,102.9961771208,5.5068236381,0.0999996464,-0.0000001813,31.3991386679,25.1287169385,11.1000000000,1.0000000000,102.9961771208
18.7500000000,0.0000000000,103.2715180537,5.5068145826,0.0999996470,-0.0000001810,31.4113542507,25.1293223815,11.1000000000,1.0000000000,103.2715180537
18.8000000000,0.0000000000,103.5468585341,5.5068055421,0.0999996476,-0.0000001807,31.4235497173,25.1299288591,11.1000000000,1.0000000000,103.5468585341
18.8500000000,0.0000000000,103.8221985630,5.5067965165,0.0999996482,-0.0000001804,31.4357251043,25.1305363687,11.1000000000,1.0000000000,103.8221985630
18.9000000000,0.0000000000,104.0975381409,5.5067875057,0.0999996488,-0.0000001801,31.4478804483,25.1311449081,11.1000000000,1.0000000000,104.0975381409
18.9500000000,0.0000000000,104.3728772688,5.5067785098,0.0999996493,-0.0000001798,31.4600157859,25.1317544748,11.1000000000,1.0000000000,104.3728772688
19.0000000000,0.0000000000,104.6482159472,5.5067695287,0.0999996499,-0.0000001795,31.4721311533,25.1323650665,11.1000000000,1.0000000000,104.6482159472
19.0500000000,0.0000000000,104.9235541770,5.5067605623,0.0999996505,-0.0000001792,31.4842265871,25.1329766808,11.1000000000,1.0000000000,104.9235541770
19.1000000000,0.0000000000,105.1988919589,5.5067516107,0.0999996511,-0.0000001789,31.4963021235,25.1335893155,11.1000000000,1.0000000000,105.1988919589
19.1500000000,0.0000000000,105.4742292936,5.5067426738,0.0999996516,-0.0000001786,31.5083577987,25.1342029681,11.1000000000,1.0000000000,105.4742292936
19.2000000000,0.0000000000,105.7495661819,5.5067337516,0.0999996522,-0.0000001783,31.5203936491,25.1348176363,11.1000000000,1.0000000000,105.7495661819
19.2500000000,0.0000000000,106.0249026244,5.5067248441,0.0999996528,-0.0000001780,31.5324097105,25.1354333177,11.1000000000,1.0000000000,106.0249026244
19.3000000000,0.0000000000,106.3002386220,5.5067159513,0.0999996534,-0.0000001777,31.5444060192,25.1360500101,11.1000000000,1.0000000000,106.3002386220
19.3500000000,0.0000000000,106.5755741754,5.5067070730,0.0999996539,-0.0000001774,31.5563826111,25.1366677110,11.1000000000,1.0000000000,106.5755741754
19.4000000000,0.0000000000,106.8509092852,5.5066982093,0.0999996545,-0.0000001771,31.5683395220,25.1372864183,11.1000000000,1.0000000000,106.8509092852
19.4500000000,0.0000000000,107.1262439523,5.5066893602,0.0999996551,-0.0000001769,31.5802767879,25.1379061295,11.1000000000,1.0000000000,107.1262439523
19.5000000000,0.0000000000,107.4015781773,5.5066805257,0.0999996556,-0.0000001766,31.5921944444,25.1385268423,11.1000000000,1.0000000000,107.4015781773
19.5500000000,0.0000000000,107.6769119610,5.5066717056,0.0999996562,-0.0000001763,31.6040925274,25.1391485544,11.1000000000,1.0000000000,107.6769119610
19.6000000000,0.0000000000,107.9522453040,5.5066629000,0.0999996568,-0.0000001760,31.6159710725,25.1397712636,11.1000000000,1.0000000000,107.9522453040
19.6500000000,0.0000000000,108.2275782072,5.5066541089,0.0999996573,-0.0000001757,31.6278301151,25.1403949674,11.1000000000,1.0000000000,108.2275782072
19.7000000000,0.0000000000,108.5029106712,5.5066453322,0.0999996579,-0.0000001754,31.6396696910,25.1410196637,11.1000000000,1.0000000000,108.5029106712
19.7500000000,0.0000000000,108.7782426968,5.5066365700,0.0999996584,-0.0000001751,31.6514898354,25.1416453501,11.1000000000,1.0000000000,108.7782426968
19.8000000000,0.0000000000,109.0535742847,5.5066278221,0.0999996590,-0.0000001748,31.6632905838,25.1422720243,11.1000000000,1.0000000000,109.0535742847
19.8500000000,0.0000000000,109.3289054356,5.5066190885,0.0999996596,-0.0000001745,31.6750719716,25.1428996840,11.1000000000,1.0000000000,109.3289054356
19.9000000000,0.0000000000,109.6042361502,5.5066103693,0.0999996601,-0.0000001743,31.6868340338,25.1435283270,11.1000000000,1.0000000000,109.6042361502
19.9500000000,0.0000000000,109.8795664292,5.5066016644,0.0999996607,-0.0000001740,31.6985768059,25.1441579510,11.1000000000,1.0000000000,109.8795664292
20.0000000000,0.0000000000,110.1548962733,5.5065929737,0.0999996612,-0.0000001737,31.7103003227,25.1447885536,11.1000000000,1.0000000000,110.1548962733
20.0500000000,0.0000000000,110.4302256834,5.5065842973,0.0999996618,-0.0000001734,31.7220046195,25.1454201327,11.1000000000,1.0000000000,110.4302256834
20.1000000000,0.0000000000,110.7055546600,5.5065756351,0.0999996623,-0.0000001731,31.7336897313,25.1460526860,11.1000000000,1.0000000000,110.7055546600
20.1500000000,0.0000000000,110.9808832038,5.5065669871,0.0999996629,-0.0000001728,31.7453556928,25.1466862112,11.1000000000,1.0000000000,110.9808832038
20.2000000000,0.0000000000,111.2562113157,5.5065583533,0.0999996635,-0.0000001725,31.7570025391,25.1473207060,11.1000000000,1.0000000000,111.2562113157
20.2500000000,0.0000000000,111.5315389963,5.5065497337,0.0999996640,-0.0000001723,31.7686303049,25.1479561682,11.1000000000,1.0000000000,111.5315389963
20.3000000000,0.0000000000,111.8068662463,5.5065411281,0.0999996646,-0.0000001720,31.7802390249,25.1485925956,11.1000000000,1.0000000000,111.8068662463
20.3500000000,0.0000000000,112.0821930663,5.5065325366,0.0999996651,-0.0000001717,31.7918287338,25.1492299859,11.1000000000,1.0000000000,112.0821930663
20.4000000000,0.0000000000,112.3575194572,5.5065239593,0.0999996657,-0.0000001714,31.8033994663,25.1498683368,11.1000000000,1.0000000000,112.3575194572
20.4500000000,0.0000000000,112.6328454196,5.5065153959,0.0999996662,-0.0000001711,31.8149512568,25.1505076462,11.1000000000,1.0000000000,112.6328454196
20.5000000000,0.0000000000,112.9081709543,5.5065068466,0.0999996667,-0.0000001709,31.8264841398,25.1511479118,11.1000000000,1.0000000000,112.9081709543
20.5500000000,0.0000000000,113.1834960618,5.5064983112,0.0999996673,-0.0000001706,31.8379981498,25.1517891313,11.1000000000,1.0000000000,113.1834960618
20.6000000000,0.0000000000,113.4588207430,5.5064897899,0.0999996678,-0.0000001703,31.8494933212,25.1524313027,11.1000000000,1.0000000000,113.4588207430
20.6500000000,0.0000000000,113.7341449985,5.5064812824,0.0999996684,-0.0000001700,31.8609696881,25.1530744235,11.1000000000,1.0000000000,113.7341449985
20.7000000000,0.0000000000,114.0094688290,5.5064727889,0.0999996689,-0.0000001697,31.8724272849,25.1537184917,11.1000000000,1.0000000000,114.0094688290
20.7500000000,0.0000000000,114.2847922352,5.5064643093,0.0999996695,-0.0000001695,31.8838661456,25.1543635050,11.1000000000,1.0000000000,114.2847922352
20.8000000000,0.0000000000,114.5601152178,5.5064558435,0.0999996700,-0.0000001692,31.8952863044,25.1550094612,11.1000000000,1.0000000000,114.5601152178
20.8500000000,0.0000000000,114.8354377774,5.5064473916,0.0999996705,-0.0000001689,31.9066877954,25.1556563581,11.1000000000,1.0000000000,114.8354377774
20.9000000000,0.0000000000,115.1107599149,5.5064389534,0.0999996711,-0.0000001686,31.9180706525,25.1563041935,11.1000000000,1.0000000000,115.1107599149
20.9500000000,0.0000000000,115.3860816309,5.5064305291,0.0999996716,-0.0000001684,31.9294349096,25.1569529652,11.1000000000,1.0000000000,115.3860816309
21.0000000000,0.0000000000,115.6614029260,5.5064221186,0.0999996722,-0.0000001681,31.9407806005,25.1576026710,11.1000000000,1.0000000000,115.6614029260
21.0500000000,0.0000000000,115.9367238009,5.5064137217,0.0999996727,-0.0000001678,31.9521077591,25.1582533088,11.1000000000,1.0000000000,115.9367238009
21.1000000000,0.0000000000,116.2120442564,5.5064053386,0.0999996732,-0.0000001675,31.9634164191,25.1589048763,11.1000000000,1.0000000000,116.2120442564
21.1500000000,0.0000000000,116.4873642931,5.5063969692,0.0999996738,-0.0000001673,31.9747066141,25.1595573715,11.1000000000,1.0000000000,116.4873642931
21.2000000000,0.0000000000,116.7626839118,5.5063886134,0.0999996743,-0.0000001670,31.9859783777,25.1602107920,11.1000000000,1.0000000000,116.7626839118
21.2500000000,0.0000000000,117.0380031130,5.5063802713,0.0999996748,-0.0000001667,31.9972317435,25.1608651358,11.1000000000,1.0000000000,117.0380031130
21.3000000000,0.0000000000,117.3133218974,5.5063719428,0.0999996754,-0.0000001664,32.0084667450,25.1615204006,11.1000000000,1.0000000000,117.3133218974
21.3500000000,0.0000000000,117.5886402659,5.5063636279,0.0999996759,-0.0000001662,32.0196834155,25.1621765844,11.1000000000,1.0000000000,117.5886402659
21.4000000000,0.0000000000,117.8639582189,5.5063553265,0.0999996764,-0.0000001659,32.0308817885,25.1628336850,11.1000000000,1.0000000000,117.8639582189
21.4500000000,0.0000000000,118.1392757573,5.5063470387,0.0999996769,-0.0000001656,32.0420618971,25.1634917001,11.1000000000,1.0000000000,118.1392757573
21.5000000000,0.0000000000,118.4145928816,5.5063387644,0.0999996775,-0.0000001654,32.0532237747,25.1641506277,11.1000000000,1.0000000000,118.4145928816
21.5500000000,0.0000000000,118.6899095926,5.5063305036,0.0999996780,-0.0000001651,32.0643674544,25.1648104656,11.1000000000,1.0000000000,118.6899095926
21.6000000000,0.0000000000,118.9652258909,5.5063222562,0.0999996785,-0.0000001648,32.0754929693,25.1654712117,11.1000000000,1.0000000000,118.9652258909
21.6500000000,0.0000000000,119.2405417772,5.5063140223,0.0999996790,-0.0000001646,32.0866003525,25.1661328639,11.1000000000,1.0000000000,119.2405417772
21.7000000000,0.0000000000,119.5158572522,5.5063058018,0.0999996796,-0.0000001643,32.0976896369,25.1667954200,11.1000000000,1.0000000000,119.5158572522
21.7500000000,0.0000000000,119.7911723166,5.5062975947,0.0999996801,-0.0000001640,32.1087608555,25.1674588778,11.1000000000,1.0000000000,119.7911723166
21.8000000000,0.0000000000,120.0664869709,5.5062894010,0.0999996806,-0.0000001638,32.1198140411,25.1681232353,11.1000000000,1.0000000000,120.0664869709
21.8500000000,0.0000000000,120.3418012160,5.5062812206,0.0999996811,-0.0000001635,32.1308492265,25.1687884903,11.1000000000,1.0000000000,120.3418012160
21.9000000000,0.0000000000,120.6171150523,5.5062730535,0.0999996816,-0.0000001632,32.1418664446,25.1694546408,11.1000000000,1.0000000000,120.6171150523
21.9500000000,0.0000000000,120.8924284807,5.5062648998,0.0999996822,-0.0000001630,32.1528657279,25.1701216846,11.1000000000,1.0000000000,120.8924284807
22.0000000000,0.0000000000,121.1677415018,5.5062567593,0.0999996827,-0.0000001627,32.1638471090,25.1707896196,11.1000000000,1.0000000000,121.1677415018
22.0500000000,0.0000000000,121.4430541162,5.5062486320,0.0999996832,-0.0000001624,32.1748106207,25.1714584437,11.1000000000,1.0000000000,121.4430541162
22.1000000000,0.0000000000,121.7183663246,5.5062405180,0.0999996837,-0.0000001622,32.1857562952,25.1721281548,11.1000000000,1.0000000000,121.7183663246
22.1500000000,0.0000000000,121.9936781277,5.5062324172,0.0999996842,-0.0000001619,32.1966841652,25.1727987508,11.1000000000,1.0000000000,121.9936781277
22.2000000000,0.0000000000,122.2689895261,5.5062243295,0.0999996847,-0.0000001616,32.2075942629,25.1734702296,11.1000000000,1.0000000000,122.2689895261
22.2500000000,0.0000000000,122.5443005205,5.5062162550,0.0999996853,-0.0000001614,32.2184866207,25.1741425891,11.1000000000,1.0000000000,122.5443005205
22.3000000000,0.0000000000,122.8196111115,5.5062081936,0.0999996858,-0.0000001611,32.2293612709,25.1748158273,11.1000000000,1.0000000000,122.8196111115
22.3500000000,0.0000000000,123.0949212998,5.5062001453,0.0999996863,-0.0000001608,32.2402182456,25.1754899421,11.1000000000,1.0000000000,123.0949212998
22.4000000000,0.0000000000,123.3702310860,5.5061921101,0.0999996868,-0.0000001606,32.2510575770,25.1761649313,11.1000000000,1.0000000000,123.3702310860
22.4500000000,0.0000000000,123.6455404709,5.5061840880,0.0999996873,-0.0000001603,32.2618792973,25.1768407930,11.1000000000,1.0000000000,123.6455404709
22.5000000000,0.0000000000,123.9208494550,5.5061760789,0.0999996878,-0.0000001601,32.2726834383,25.1775175250,11.1000000000,1.0000000000,123.9208494550
22.5500000000,0.0000000000,124.1961580390,5.5061680828,0.0999996883,-0.0000001598,32.2834700321,25.1781951253,11.1000000000,1.0000000000,124.1961580390
22.6000000000,0.0000000000,124.4714662235,5.5061600997,0.0999996888,-0.0000001595,32.2942391106,25.1788735918,11.1000000000,1.0000000000,124.4714662235
22.6500000000,0.0000000000,124.7467740093,5.5061521295,0.0999996893,-0.0000001593,32.3049907056,25.1795529225,11.1000000000,1.0000000000,124.7467740093
22.7000000000,0.0000000000,125.0220813968,5.5061441723,0.0999996898,-0.0000001590,32.3157248489,25.1802331153,11.1000000000,1.0000000000,125.0220813968
22.7500000000,0.0000000000,125.2973883869,5.5061362280,0.0999996903,-0.0000001588,32.3264415723,25.1809141682,11.1000000000,1.0000000000,125.2973883869
22.8000000000,0.0000000000,125.5726949802,5.5061282965,0.0999996908,-0.0000001585,32.3371409074,25.1815960791,11.1000000000,1.0000000000,125.5726949802
22.8500000000,0.0000000000,125.8480011772,5.5061203780,0.0999996913,-0.0000001583,32.3478228859,25.1822788460,11.1000000000,1.0000000000,125.8480011772
22.9000000000,0.0000000000,126.1233069786,5.5061124723,0.0999996918,-0.0000001580,32.3584875392,25.1829624668,11.1000000000,1.0000000000,126.1233069786
22.9500000000,0.0000000000,126.3986123851,5.5061045794,0.0999996923,-0.0000001577,32.3691348990,25.1836469395,11.1000000000,1.0000000000,126.3986123851
23.0000000000,0.0000000000,126.6739173973,5.5060966993,0.0999996928,-0.0000001575,32.3797649965,25.1843322622,11.1000000000,1.0000000000,126.6739173973
23.0500000000,0.0000000000,126.9492220159,5.5060888320,0.0999996933,-0.0000001572,32.3903778633,25.1850184327,11.1000000000,1.0000000000,126.9492220159
23.1000000000,0.0000000000,127.2245262415,5.5060809774,0.0999996938,-0.0000001570,32.4009735306,25.1857054490,11.1000000000,1.0000000000,127.2245262415
23.1500000000,0.0000000000,127.4998300746,5.5060731356,0.0999996943,-0.0000001567,32.4115520298,25.1863933091,11.1000000000,1.0000000000,127.4998300746
23.2000000000,0.0000000000,127.7751335160,5.5060653064,0.0999996948,-0.0000001565,32.4221133919,25.1870820111,11.1000000000,1.0000000000,127.7751335160
23.2500000000,0.0000000000,128.0504365664,5.5060574900,0.0999996953,-0.0000001562,32.4326576482,25.1877715528,11.1000000000,1.0000000000,128.0504365664
23.3000000000,0.0000000000,128.3257392262,5.5060496862,0.0999996958,-0.0000001560,32.4431848297,25.1884619323,11.1000000000,1.0000000000,128.3257392262
23.3500000000,0.0000000000,128.6010414962,5.5060418950,0.0999996963,-0.0000001557,32.4536949676,25.1891531477,11.1000000000,1.0000000000,128.6010414962
23.4000000000,0.0000000000,128.8763433770,5.5060341165,0.0999996968,-0.0000001555,32.4641880927,25.1898451968,11.1000000000,1.0000000000,128.8763433770
23.4500000000,0.0000000000,129.1516448692,5.5060263505,0.0999996973,-0.0000001552,32.4746642360,25.1905380777,11.1000000000,1.0000000000,129.1516448692
23.5000000000,0.0000000000,129.4269459735,5.5060185971,0.0999996978,-0.0000001550,32.4851234283,25.1912317884,11.1000000000,1.0000000000,129.4269459735
23.5500000000,0.0000000000,129.7022466904,5.5060108562,0.0999996983,-0.0000001547,32.4955657005,25.1919263269,11.1000000000,1.0000000000,129.7022466904
23.6000000000,0.0000000000,129.9775470206,5.5060031279,0.0999996987,-0.0000001545,32.5059910833,25.1926216913,11.1000000000,1.0000000000,129.9775470206
23.6500000000,0.0000000000,130.2528469648,5.5059954121,0.0999996992,-0.0000001542,32.5163996074,25.1933178795,11.1000000000,1.0000000000,130.2528469648
23.7000000000,0.0000000000,130.5281465235,5.5059877087,0.0999996997,-0.0000001540,32.5267913035,25.1940148896,11.1000000000,1.0000000000,130.5281465235
23.7500000000,0.0000000000,130.8034456974,5.5059800178,0.0999997002,-0.0000001537,32.5371662021,25.1947127196,11.1000000000,1.0000000000,130.8034456974
23.8000000000,0.0000000000,131.0787444871,5.5059723393,0.0999997007,-0.0000001535,32.5475243337,25.1954113675,11.1000000000,1.0000000000,131.0787444871
23.8500000000,0.0000000000,131.3540428932,5.5059646732,0.0999997012,-0.0000001532,32.5578657288,25.1961108314,11.1000000000,1.0000000000,131.3540428932
23.9000000000,0.0000000000,131.6293409163,5.5059570196,0.0999997017,-0.0000001530,32.5681904179,25.1968111094,11.1000000000,1.0000000000,131.6293409163
23.9500000000,0.0000000000,131.9046385571,5.5059493782,0.0999997021,-0.0000001527,32.5784984313,25.1975121993,11.1000000000,1.0000000000,131.9046385571
24.0000000000,0.0000000000,132.1799358161,5.5059417492,0.0999997026,-0.0000001525,32.5887897992,25.1982140994,11.1000000000,1.0000000000,132.1799358161
24.0500000000,0.0000000000,132.4552326941,5.5059341326,0.0999997031,-0.0000001522,32.5990645519,25.1989168076,11.1000000000,1.0000000000,132.4552326941
24.1000000000,0.0000000000,132.7305291916,5.5059265282,0.0999997036,-0.0000001520,32.6093227197,25.1996203221,11.1000000000,1.0000000000,132.7305291916
24.1500000000,0.0000000000,133.0058253091,5.5059189361,0.0999997041,-0.0000001517,32.6195643326,25.2003246408,11.1000000000,1.0000000000,133.0058253091
24.2000000000,0.0000000000,133.2811210474,5.5059113562,0.0999997045,-0.0000001515,32.6297894208,25.2010297618,11.1000000000,1.0000000000,133.2811210474
24.2500000000,0.0000000000,133.5564164071,5.5059037886,0.0999997050,-0.0000001512,32.6399980141,25.2017356832,11.1000000000,1.0000000000,133.5564164071
24.3000000000,0.0000000000,133.8317113887,5.5058962332,0.0999997055,-0.0000001510,32.6501901427,25.2024424031,11.1000000000,1.0000000000,133.8317113887
24.3500000000,0.0000000000,134.1070059929,5.5058886899,0.0999997060,-0.0000001508,32.6603658364,25.2031499195,11.1000000000,1.0000000000,134.1070059929
24.4000000000,0.0000000000,134.3823002202,5.5058811589,0.0999997064,-0.0000001505,32.6705251251,25.2038582305,11.1000000000,1.0000000000,134.3823002202
24.4500000000,0.0000000000,134.6575940713,5.5058736399,0.0999997069,-0.0000001503,32.6806680386,25.2045673342,11.1000000000,1.0000000000,134.6575940713
24.5000000000,0.0000000000,134.9328875468,5.5058661331,0.0999997074,-0.0000001500,32.6907946066,25.2052772287,11.1000000000,1.0000000000,134.9328875468
24.5500000000,0.0000000000,135.2081806473,5.5058586384,0.0999997079,-0.0000001498,32.7009048588,25.2059879120,11.1000000000,1.0000000000,135.2081806473
24.6000000000,0.0000000000,135.4834733734,5.5058511557,0.0999997083,-0.0000001495,32.7109988248,25.2066993822,11.1000000000,1.0000000000,135.4834733734
24.6500000000,0.0000000000,135.7587657257,5.5058436851,0.0999997088,-0.0000001493,32.7210765343,25.2074116376,11.1000000000,1.0000000000,135.7587657257
24.7000000000,0.0000000000,136.0340577048,5.5058362265,0.0999997093,-0.0000001491,32.7311380168,25.2081246760,11.1000000000,1.0000000000,136.0340577048
24.7500000000,0.0000000000,136.3093493113,5.5058287800,0.0999997097,-0.0000001488,32.7411833016,25.2088384957,11.1000000000,1.0000000000,136.3093493113
24.8000000000,0.0000000000,136.5846405458,5.5058213454,0.0999997102,-0.0000001486,32.7512124183,25.2095530947,11.1000000000,1.0000000000,136.5846405458
24.8500000000,0.0000000000,136.8599314089,5.5058139228,0.0999997107,-0.0000001483,32.7612253962,25.2102684712,11.1000000000,1.0000000000,136.8599314089
24.9000000000,0.0000000000,137.1352219012,5.5058065121,0.0999997111,-0.0000001481,32.7712222647,25.2109846233,11.1000000000,1.0000000000,137.1352219012
24.9500000000,0.0000000000,137.4105120233,5.5057991133,0.0999997116,-0.0000001479,32.7812030529,25.2117015490,11.1000000000,1.0000000000,137.4105120233
25.0000000000,0.0000000000,137.6858017758,5.5057917265,0.0999997121,-0.0000001476,32.7911677901,25.2124192466,11.1000000000,1.0000000000,137.6858017758
25.0500000000,0.0000000000,137.9610911592,5.5057843515,0.0999997125,-0.0000001474,32.8011165054,25.2131377140,11.1000000000,1.0000000000,137.9610911592
25.1000000000,0.0000000000,138.2363801743,5.5057769884,0.0999997130,-0.0000001472,32.8110492279,25.2138569495,11.1000000000,1.0000000000,138.2363801743
25.1500000000,0.0000000000,138.5116688215,5.5057696371,0.0999997134,-0.0000001469,32.8209659867,25.2145769512,11.1000000000,1.0000000000,138.5116688215
25.2000000000,0.0000000000,138.7869571015,5.5057622976,0.0999997139,-0.0000001467,32.8308668108,25.2152977173,11.1000000000,1.0000000000,138.7869571015
25.2500000000,0.0000000000,139.0622450148,5.5057549699,0.0999997144,-0.0000001464,32.8407517290,25.2160192457,11.1000000000,1.0000000000,139.0622450148
25.3000000000,0.0000000000,139.3375325620,5.5057476540,0.0999997148,-0.0000001462,32.8506207702,25.2167415348,11.1000000000,1.0000000000,139.3375325620
25.3500000000,0.0000000000,139.6128197438,5.5057403499,0.0999997153,-0.0000001460,32.8604739634,25.2174645826,11.1000000000,1.0000000000,139.6128197438
25.4000000000,0.0000000000,139.8881065607,5.5057330574,0.0999997157,-0.0000001457,32.8703113372,25.2181883873,11.1000000000,1.0000000000,139.8881065607
25.4500000000,0.0000000000,140.1633930133,5.5057257767,0.0999997162,-0.0000001455,32.8801329204,25.2189129470,11.1000000000,1.0000000000,140.1633930133
25.5000000000,0.0000000000,140.4386791022,5.5057185076,0.0999997166,-0.0000001453,32.8899387416,25.2196382599,11.1000000000,1.0000000000,140.4386791022
25.5500000000,0.0000000000,140.7139648280,5.5057112502,0.0999997171,-0.0000001450,32.8997288295,25.2203643242,11.1000000000,1.0000000000,140.7139648280
25.6000000000,0.0000000000,140.9892501912,5.5057040045,0.0999997176,-0.0000001448,32.9095032127,25.2210911379,11.1000000000,1.0000000000,140.9892501912
25.6500000000,0.0000000000,141.2645351924,5.5056967704,0.0999997180,-0.0000001446,32.9192619195,25.2218186994,11.1000000000,1.0000000000,141.2645351924
25.7000000000,0.0000000000,141.5398198323,5.5056895479,0.0999997185,-0.0000001443,32.9290049785,25.2225470067,11.1000000000,1.0000000000,141.5398198323
25.7500000000,0.0000000000,141.8151041113,5.5056823369,0.0999997189,-0.0000001441,32.9387324182,25.2232760580,11.1000000000,1.0000000000,141.8151041113
25.8000000000,0.0000000000,142.0903880301,5.5056751375,0.0999997194,-0.0000001439,32.9484442667,25.2240058515,11.1000000000,1.0000000000,142.0903880301
25.8500000000,0.0000000000,142.3656715893,5.5056679497,0.0999997198,-0.0000001437,32.9581405526,25.2247363854,11.1000000000,1.0000000000,142.3656715893
25.9000000000,0.0000000000,142.6409547894,5.5056607733,0.0999997203,-0.0000001434,32.9678213039,25.2254676578,11.1000000000,1.0000000000,142.6409547894
25.9500000000,0.0000000000,142.9162376310,5.5056536085,0.0999997207,-0.0000001432,32.9774865489,25.2261996670,11.1000000000,1.0000000000,142.9162376310
26.0000000000,0.0000000000,143.1915201146,5.5056464551,0.0999997212,-0.0000001430,32.9871363157,25.2269324111,11.1000000000,1.0000000000,143.1915201146
26.0500000000,0.0000000000,143.4668022409,5.5056393132,0.0999997216,-0.0000001427,32.9967706324,25.2276658883,11.1000000000,1.0000000000,143.4668022409
26.1000000000,0.0000000000,143.7420840105,5.5056321827,0.0999997220,-0.0000001425,33.0063895271,25.2284000969,11.1000000000,1.0000000000,143.7420840105
26.1500000000,0.0000000000,144.0173654238,5.5056250637,0.0999997225,-0.0000001423,33.0159930277,25.2291350349,11.1000000000,1.0000000000,144.0173654238
26.2000000000,0.0000000000,144.2926464814,5.5056179560,0.0999997229,-0.0000001421,33.0255811622,25.2298707007,11.1000000000,1.0000000000,144.2926464814
26.2500000000,0.0000000000,144.5679271841,5.5056108597,0.0999997234,-0.0000001418,33.0351539585,25.2306070924,11.1000000000,1.0000000000,144.5679271841
26.3000000000,0.0000000000,144.8432075322,5.5056037747,0.0999997238,-0.0000001416,33.0447114444,25.2313442083,11.1000000000,1.0000000000,144.8432075322
26.3500000000,0.0000000000,145.1184875263,5.5055967011,0.0999997243,-0.0000001414,33.0542536477,25.2320820465,11.1000000000,1.0000000000,145.1184875263
26.4000000000,0.0000000000,145.3937671671,5.5055896388,0.0999997247,-0.0000001411,33.0637805961,25.2328206053,11.1000000000,1.0000000000,145.3937671671
26.4500000000,0.0000000000,145.6690464551,5.5055825877,0.0999997251,-0.0000001409,33.0732923172,25.2335598829,11.1000000000,1.0000000000,145.6690464551
26.5000000000,0.0000000000,145.9443253908,5.5055755480,0.0999997256,-0.0000001407,33.0827888388,25.2342998775,11.1000000000,1.0000000000,145.9443253908
26.5500000000,0.0000000000,146.2196039749,5.5055685195,0.0999997260,-0.0000001405,33.0922701884,25.2350405874,11.1000000000,1.0000000000,146.2196039749
26.6000000000,0.0000000000,146.4948822079,5.5055615022,0.0999997265,-0.0000001402,33.1017363935,25.2357820107,11.1000000000,1.0000000000,146.4948822079
26.6500000000,0.0000000000,146.7701600903,5.5055544961,0.0999997269,-0.0000001400,33.1111874816,25.2365241457,11.1000000000,1.0000000000,146.7701600903
26.7000000000,0.0000000000,147.0454376227,5.5055475012,0.0999997273,-0.0000001398,33.1206234802,25.2372669907,11.1000000000,1.0000000000,147.0454376227
26.7500000000,0.0000000000,147.3207148056,5.5055405175,0.0999997278,-0.0000001396,33.1300444165,25.2380105438,11.1000000000,1.0000000000,147.3207148056
26.8000000000,0.0000000000,147.5959916397,5.5055335449,0.0999997282,-0.0000001394,33.1394503180,25.2387548034,11.1000000000,1.0000000000,147.5959916397
26.8500000000,0.0000000000,147.8712681255,5.5055265834,0.0999997286,-0.0000001391,33.1488412118,25.2394997677,11.1000000000,1.0000000000,147.8712681255
26.9000000000,0.0000000000,148.1465442635,5.5055196331,0.0999997291,-0.0000001389,33.1582171253,25.2402454349,11.1000000000,1.0000000000,148.1465442635
26.9500000000,0.0000000000,148.4218200542,5.5055126938,0.0999997295,-0.0000001387,33.1675780856,25.2409918032,11.1000000000,1.0000000000,148.4218200542
27.0000000000,0.0000000000,148.6970954983,5.5055057656,0.0999997299,-0.0000001385,33.1769241198,25.2417388710,11.1000000000,1.0000000000,148.6970954983
27.0500000000,0.0000000000,148.9723705964,5.5054988484,0.0999997304,-0.0000001382,33.1862552549,25.2424866365,11.1000000000,1.0000000000,148.9723705964
27.1000000000,0.0000000000,149.2476453488,5.5054919423,0.0999997308,-0.0000001380,33.1955715181,25.2432350980,11.1000000000,1.0000000000,149.2476453488
27.1500000000,0.0000000000,149.5229197563,5.5054850471,0.0999997312,-0.0000001378,33.2048729363,25.2439842537,11.1000000000,1.0000000000,149.5229197563
27.2000000000,0.0000000000,149.7981938193,5.5054781630,0.0999997317,-0.0000001376,33.2141595364,25.2447341019,11.1000000000,1.0000000000,149.7981938193
27.2500000000,0.0000000000,150.0734675384,5.5054712898,0.0999997321,-0.0000001374,33.2234313453,25.2454846408,11.1000000000,1.0000000000,150.0734675384
27.3000000000,0.0000000000,150.3487409141,5.5054644276,0.0999997325,-0.0000001371,33.2326883898,25.2462358689,11.1000000000,1.0000000000,150.3487409141
27.3500000000,0.0000000000,150.6240139470,5.5054575763,0.0999997329,-0.0000001369,33.2419306966,25.2469877842,11.1000000000,1.0000000000,150.6240139470
27.4000000000,0.0000000000,150.8992866377,5.5054507359,0.0999997334,-0.0000001367,33.2511582926,25.2477403852,11.1000000000,1.0000000000,150.8992866377
27.4500000000,0.0000000000,151.1745589866,5.5054439063,0.0999997338,-0.0000001365,33.2603712044,25.2484936700,11.1000000000,1.0000000000,151.1745589866
27.5000000000,0.0000000000,151.4498309944,5.5054370877,0.0999997342,-0.0000001363,33.2695694585,25.2492476371,11.1000000000,1.0000000000,151.4498309944
27.5500000000,0.0000000000,151.7251026615,5.5054302799,0.0999997346,-0.0000001361,33.2787530817,25.2500022846,11.1000000000,1.0000000000,151.7251026615
27.6000000000,0.0000000000,152.0003739885,5.5054234829,0.0999997350,-0.0000001358,33.2879221004,25.2507576110,11.1000000000,1.0000000000,152.0003739885
27.6500000000,0.0000000000,152.2756449760,5.5054166967,0.0999997355,-0.0000001356,33.2970765411,25.2515136144,11.1000000000,1.0000000000,152.2756449760
27.7000000000,0.0000000000,152.5509156245,5.5054099213,0.0999997359,-0.0000001354,33.3062164302,25.2522702932,11.1000000000,1.0000000000,152.5509156245
27.7500000000,0.0000000000,152.8261859345,5.5054031567,0.0999997363,-0.0000001352,33.3153417941,25.2530276456,11.1000000000,1.0000000000,152.8261859345
27.8000000000,0.0000000000,153.1014559065,5.5053964028,0.0999997367,-0.0000001350,33.3244526592,25.2537856701,11.1000000000,1.0000000000,153.1014559065
27.8500000000,0.0000000000,153.3767255412,5.5053896597,0.0999997371,-0.0000001348,33.3335490517,25.2545443649,11.1000000000,1.0000000000,153.3767255412
27.9000000000,0.0000000000,153.6519948390,5.5053829272,0.0999997376,-0.0000001346,33.3426309979,25.2553037283,11.1000000000,1.0000000000,153.6519948390
27.9500000000,0.0000000000,153.9272638005,5.5053762055,0.0999997380,-0.0000001343,33.3516985240,25.2560637587,11.1000000000,1.0000000000,153.9272638005
28.0000000000,0.0000000000,154.2025324261,5.5053694944,0.0999997384,-0.0000001341,33.3607516560,25.2568244543,11.1000000000,1.0000000000,154.2025324261
28.0500000000,0.0000000000,154.4778007165,5.5053627940,0.0999997388,-0.0000001339,33.3697904201,25.2575858136,11.1000000000,1.0000000000,154.4778007165
28.1000000000,0.0000000000,154.7530686722,5.5053561042,0.0999997392,-0.0000001337,33.3788148424,25.2583478348,11.1000000000,1.0000000000,154.7530686722
28.1500000000,0.0000000000,155.0283362937,5.5053494250,0.0999997396,-0.0000001335,33.3878249488,25.2591105162,11.1000000000,1.0000000000,155.0283362937
28.2000000000,0.0000000000,155.3036035815,5.5053427564,0.0999997401,-0.0000001333,33.3968207653,25.2598738562,11.1000000000,1.0000000000,155.3036035815
28.2500000000,0.0000000000,155.5788705362,5.5053360984,0.0999997405,-0.0000001331,33.4058023177,25.2606378531,11.1000000000,1.0000000000,155.5788705362
28.3000000000,0.0000000000,155.8541371583,5.5053294510,0.0999997409,-0.0000001329,33.4147696320,25.2614025054,11.1000000000,1.0000000000,155.8541371583
28.3500000000,0.0000000000,156.1294034483,5.5053228140,0.0999997413,-0.0000001326,33.4237227340,25.2621678112,11.1000000000,1.0000000000,156.1294034483
28.4000000000,0.0000000000,156.4046694067,5.5053161876,0.0999997417,-0.0000001324,33.4326616493,25.2629337690,11.1000000000,1.0000000000,156.4046694067
28.4500000000,0.0000000000,156.6799350341,5.5053095717,0.0999997421,-0.0000001322,33.4415864037,25.2637003771,11.1000000000,1.0000000000,156.6799350341
28.5000000000,0.0000000000,156.9552003310,5.5053029663,0.0999997425,-0.0000001320,33.4504970229,25.2644676339,11.1000000000,1.0000000000,156.9552003310
28.5500000000,0.0000000000,157.2304652979,5.5052963713,0.0999997429,-0.0000001318,33.4593935324,25.2652355377,11.1000000000,1.0000000000,157.2304652979
28.6000000000,0.0000000000,157.5057299354,5.5052897868,0.0999997433,-0.0000001316,33.4682759580,25.2660040869,11.1000000000,1.0000000000,157.5057299354
28.6500000000,0.0000000000,157.7809942439,5.5052832127,0.0999997437,-0.0000001314,33.4771443249,25.2667732799,11.1000000000,1.0000000000,157.7809942439
28.7000000000,0.0000000000,158.0562582240,5.5052766490,0.0999997441,-0.0000001312,33.4859986589,25.2675431149,11.1000000000,1.0000000000,158.0562582240
28.7500000000,0.0000000000,158.3315218762,5.5052700957,0.0999997445,-0.0000001310,33.4948389852,25.2683135905,11.1000000000,1.0000000000,158.3315218762
28.8000000000,0.0000000000,158.6067852010,5.5052635527,0.0999997449,-0.0000001308,33.5036653292,25.2690847049,11.1000000000,1.0000000000,158.6067852010
28.8500000000,0.0000000000,158.8820481989,5.5052570201,0.0999997454,-0.0000001306,33.5124777163,25.2698564566,11.1000000000,1.0000000000,158.8820481989
28.9000000000,0.0000000000,159.1573108705,5.5052504978,0.0999997458,-0.0000001304,33.5212761718,25.2706288438,11.1000000000,1.0000000000,159.1573108705
28.9500000000,0.0000000000,159.4325732163,5.5052439858,0.0999997462,-0.0000001301,33.5300607209,25.2714018651,11.1000000000,1.0000000000,159.4325732163
29.0000000000,0.0000000000,159.7078352367,5.5052374842,0.0999997466,-0.0000001299,33.5388313888,25.2721755188,11.1000000000,1.0000000000,159.7078352367
29.0500000000,0.0000000000,159.9830969324,5.5052309927,0.0999997470,-0.0000001297,33.5475882006,25.2729498032,11.1000000000,1.0000000000,159.9830969324
29.1000000000,0.0000000000,160.2583583038,5.5052245116,0.0999997474,-0.0000001295,33.5563311815,25.2737247168,11.1000000000,1.0000000000,160.2583583038
29.1500000000,0.0000000000,160.5336193513,5.5052180407,0.0999997478,-0.0000001293,33.5650603565,25.2745002579,11.1000000000,1.0000000000,160.5336193513
29.2000000000,0.0000000000,160.8088800757,5.5052115800,0.0999997482,-0.0000001291,33.5737757506,25.2752764250,11.1000000000,1.0000000000,160.8088800757
29.2500000000,0.0000000000,161.0841404772,5.5052051294,0.0999997486,-0.0000001289,33.5824773888,25.2760532165,11.1000000000,1.0000000000,161.0841404772
29.3000000000,0.0000000000,161.3594005565,5.5051986891,0.0999997489,-0.0000001287,33.5911652959,25.2768306307,11.1000000000,1.0000000000,161.3594005565
29.3500000000,0.0000000000,161.6346603141,5.5051922589,0.0999997493,-0.0000001285,33.5998394969,25.2776086661,11.1000000000,1.0000000000,161.6346603141
29.4000000000,0.0000000000,161.9099197505,5.5051858389,0.0999997497,-0.0000001283,33.6085000166,25.2783873210,11.1000000000,1.0000000000,161.9099197505
29.4500000000,0.0000000000,162.1851788661,5.5051794290,0.0999997501,-0.0000001281,33.6171468798,25.2791665939,11.1000000000,1.0000000000,162.1851788661
29.5000000000,0.0000000000,162.4604376615,5.5051730292,0.0999997505,-0.0000001279,33.6257801111,25.2799464833,11.1000000000,1.0000000000,162.4604376615
29.5500000000,0.0000000000,162.7356961372,5.5051666395,0.0999997509,-0.0000001277,33.6343997353,25.2807269875,11.1000000000,1.0000000000,162.7356961372
29.6000000000,0.0000000000,163.0109542937,5.5051602598,0.0999997513,-0.0000001275,33.6430057770,25.2815081049,11.1000000000,1.0000000000,163.0109542937
29.6500000000,0.0000000000,163.2862121315,5.5051538903,0.0999997517,-0.0000001273,33.6515982609,25.2822898339,11.1000000000,1.0000000000,163.2862121315
29.7000000000,0.0000000000,163.5614696511,5.5051475307,0.0999997521,-0.0000001271,33.6601772114,25.2830721731,11.1000000000,1.0000000000,163.5614696511
29.7500000000,0.0000000000,163.8367268530,5.5051411811,0.0999997525,-0.0000001269,33.6687426530,25.2838551208,11.1000000000,1.0000000000,163.8367268530
29.8000000000,0.0000000000,164.1119837377,5.5051348416,0.0999997529,-0.0000001267,33.6772946103,25.2846386755,11.1000000000,1.0000000000,164.1119837377
29.8500000000,0.0000000000,164.3872403056,5.5051285120,0.0999997533,-0.0000001265,33.6858331077,25.2854228355,11.1000000000,1.0000000000,164.3872403056
29.9000000000,0.0000000000,164.6624965574,5.5051221924,0.0999997537,-0.0000001263,33.6943581694,25.2862075994,11.1000000000,1.0000000000,164.6624965574
29.9500000000,0.0000000000,164.9377524935,5.5051158827,0.0999997540,-0.0000001261,33.7028698199,25.2869929656,11.1000000000,1.0000000000,164.9377524935
30.0000000000,0.0000000000,165.2130081143,5.5051095830,0.0999997544,-0.0000001259,33.7113680834,25.2877789325,11.1000000000,1.0000000000,165.2130081143
30.0500000000,0.0000000000,165.4882634205,5.5051032931,0.0999997548,-0.0000001257,33.7198529842,25.2885654986,11.1000000000,1.0000000000,165.4882634205
30.1000000000,0.0000000000,165.7635184124,5.5050970132,0.0999997552,-0.0000001255,33.7283245464,25.2893526623,11.1000000000,1.0000000000,165.7635184124
30.1500000000,0.0000000000,166.0387730906,5.5050907431,0.0999997556,-0.0000001253,33.7367827942,25.2901404221,11.1000000000,1.0000000000,166.0387730906
30.2000000000,0.0000000000,166.3140274555,5.5050844829,0.0999997560,-0.0000001251,33.7452277517,25.2909287764,11.1000000000,1.0000000000,166.3140274555
30.2500000000,0.0000000000,166.5892815077,5.5050782325,0.0999997564,-0.0000001249,33.7536594430,25.2917177238,11.1000000000,1.0000000000,166.5892815077
30.3000000000,0.0000000000,166.8645352477,5.5050719919,0.0999997567,-0.0000001247,33.7620778920,25.2925072625,11.1000000000,1.0000000000,166.8645352477
30.3500000000,0.0000000000,167.1397886759,5.5050657611,0.0999997571,-0.0000001245,33.7704831227,25.2932973913,11.1000000000,1.0000000000,167.1397886759
30.4000000000,0.0000000000,167.4150417929,5.5050595401,0.0999997575,-0.0000001243,33.7788751591,25.2940881084,11.1000000000,1.0000000000,167.4150417929
30.4500000000,0.0000000000,167.6902945990,5.5050533289,0.0999997579,-0.0000001241,33.7872540251,25.2948794124,11.1000000000,1.0000000000,167.6902945990
30.5000000000,0.0000000000,167.9655470949,5.5050471274,0.0999997583,-0.0000001239,33.7956197444,25.2956713017,11.1000000000,1.0000000000,167.9655470949
30.5500000000,0.0000000000,168.2407992809,5.5050409356,0.0999997586,-0.0000001237,33.8039723408,25.2964637749,11.1000000000,1.0000000000,168.2407992809
30.6000000000,0.0000000000,168.5160511577,5.5050347536,0.0999997590,-0.0000001236,33.8123118382,25.2972568303,11.1000000000,1.0000000000,168.5160511577
30.6500000000,0.0000000000,168.7913027256,5.5050285812,0.0999997594,-0.0000001234,33.8206382602,25.2980504666,11.1000000000,1.0000000000,168.7913027256
30.7000000000,0.0000000000,169.0665539851,5.5050224185,0.0999997598,-0.0000001232,33.8289516305,25.2988446821,11.1000000000,1.0000000000,169.0665539851
30.7500000000,0.0000000000,169.3418049368,5.5050162655,0.0999997601,-0.0000001230,33.8372519727,25.2996394754,11.1000000000,1.0000000000,169.3418049368
30.8000000000,0.0000000000,169.6170555811,5.5050101221,0.0999997605,-0.0000001228,33.8455393104,25.3004348450,11.1000000000,1.0000000000,169.6170555811
30.8500000000,0.0000000000,169.8923059185,5.5050039884,0.0999997609,-0.0000001226,33.8538136670,25.3012307893,11.1000000000,1.0000000000,169.8923059185
30.9000000000,0.0000000000,170.1675559494,5.5049978642,0.0999997613,-0.0000001224,33.8620750661,25.3020273068,11.1000000000,1.0000000000,170.1675559494
30.9500000000,0.0000000000,170.4428056744,5.5049917496,0.0999997616,-0.0000001222,33.8703235312,25.3028243962,11.1000000000,1.0000000000,170.4428056744
31.0000000000,0.0000000000,170.7180550940,5.5049856446,0.0999997620,-0.0000001220,33.8785590856,25.3036220557,11.1000000000,1.0000000000,170.7180550940
31.0500000000,0.0000000000,170.9933042086,5.5049795492,0.0999997624,-0.0000001218,33.8867817527,25.3044202841,11.1000000000,1.0000000000,170.9933042086
31.1000000000,0.0000000000,171.2685530186,5.5049734633,0.0999997628,-0.0000001216,33.8949915558,25.3052190797,11.1000000000,1.0000000000,171.2685530186
31.1500000000,0.0000000000,171.5438015246,5.5049673869,0.0999997631,-0.0000001214,33.9031885182,25.3060184411,11.1000000000,1.0000000000,171.5438015246
31.2000000000,0.0000000000,171.8190497271,5.5049613200,0.0999997635,-0.0000001213,33.9113726630,25.3068183668,11.1000000000,1.0000000000,171.8190497271
31.2500000000,0.0000000000,172.0942976265,5.5049552626,0.0999997639,-0.0000001211,33.9195440136,25.3076188553,11.1000000000,1.0000000000,172.0942976265
31.3000000000,0.0000000000,172.3695452233,5.5049492146,0.0999997642,-0.0000001209,33.9277025930,25.3084199051,11.1000000000,1.0000000000,172.3695452233
31.3500000000,0.0000000000,172.6447925179,5.5049431762,0.0999997646,-0.0000001207,33.9358484243,25.3092215149,11.1000000000,1.0000000000,172.6447925179
31.4000000000,0.0000000000,172.9200395109,5.5049371471,0.0999997650,-0.0000001205,33.9439815306,25.3100236830,11.1000000000,1.0000000000,172.9200395109
31.4500000000,0.0000000000,173.1952862026,5.5049311275,0.0999997653,-0.0000001203,33.9521019350,25.3108264080,11.1000000000,1.0000000000,173.1952862026
31.5000000000,0.0000000000,173.4705325937,5.5049251172,0.0999997657,-0.0000001201,33.9602096603,25.3116296885,11.1000000000,1.0000000000,173.4705325937
31.5500000000,0.0000000000,173.7457786845,5.5049191164,0.0999997661,-0.0000001199,33.9683047295,25.3124335230,11.1000000000,1.0000000000,173.7457786845
31.6000000000,0.0000000000,174.0210244755,5.5049131249,0.0999997664,-0.0000001197,33.9763871655,25.3132379100,11.1000000000,1.0000000000,174.0210244755
31.6500000000,0.0000000000,174.2962699672,5.5049071427,0.0999997668,-0.0000001196,33.9844569911,25.3140428481,11.1000000000,1.0000000000,174.2962699672
31.7000000000,0.0000000000,174.5715151601,5.5049011699,0.0999997672,-0.0000001194,33.9925142292,25.3148483357,11.1000000000,1.0000000000,174.5715151601
31.7500000000,0.0000000000,174.8467600545,5.5048952064,0.0999997675,-0.0000001192,34.0005589025,25.3156543716,11.1000000000,1.0000000000,174.8467600545
31.8000000000,0.0000000000,175.1220046511,5.5048892522,0.0999997679,-0.0000001190,34.0085910337,25.3164609541,11.1000000000,1.0000000000,175.1220046511
31.8500000000,0.0000000000,175.3972489502,5.5048833073,0.0999997683,-0.0000001188,34.0166106456,25.3172680819,11.1000000000,1.0000000000,175.3972489502
31.9000000000,0.0000000000,175.6724929522,5.5048773717,0.0999997686,-0.0000001186,34.0246177606,25.3180757536,11.1000000000,1.0000000000,175.6724929522
31.9500000000,0.0000000000,175.9477366578,5.5048714452,0.0999997690,-0.0000001184,34.0326124015,25.3188839676,11.1000000000,1.0000000000,175.9477366578
32.0000000000,0.0000000000,176.2229800673,5.5048655281,0.0999997693,-0.0000001183,34.0405945908,25.3196927225,11.1000000000,1.0000000000,176.2229800673
32.0500000000,0.0000000000,176.4982231812,5.5048596201,0.0999997697,-0.0000001181,34.0485643510,25.3205020169,11.1000000000,1.0000000000,176.4982231812
32.1000000000,0.0000000000,176.7734660000,5.5048537213,0.0999997701,-0.0000001179,34.0565217046,25.3213118494,11.1000000000,1.0000000000,176.7734660000
32.1500000000,0.0000000000,177.0487085240,5.5048478318,0.0999997704,-0.0000001177,34.0644666739,25.3221222185,11.1000000000,1.0000000000,177.0487085240
32.2000000000,0.0000000000,177.3239507539,5.5048419513,0.0999997708,-0.0000001175,34.0723992815,25.3229331228,11.1000000000,1.0000000000,177.3239507539
32.2500000000,0.0000000000,177.5991926899,5.5048360801,0.0999997711,-0.0000001173,34.0803195496,25.3237445609,11.1000000000,1.0000000000,177.5991926899
32.3000000000,0.0000000000,177.8744343327,5.5048302179,0.0999997715,-0.0000001172,34.0882275005,25.3245565313,11.1000000000,1.0000000000,177.8744343327
32.3500000000,0.0000000000,178.1496756826,5.5048243649,0.0999997718,-0.0000001170,34.0961231565,25.3253690327,11.1000000000,1.0000000000,178.1496756826
32.4000000000,0.0000000000,178.4249167401,5.5048185210,0.0999997722,-0.0000001168,34.1040065398,25.3261820636,11.1000000000,1.0000000000,178.4249167401
32.4500000000,0.0000000000,178.7001575056,5.5048126861,0.0999997725,-0.0000001166,34.1118776726,25.3269956225,11.1000000000,1.0000000000,178.7001575056
32.5000000000,0.0000000000,178.9753979797,5.5048068603,0.0999997729,-0.0000001164,34.1197365771,25.3278097082,11.1000000000,1.0000000000,178.9753979797
32.5500000000,0.0000000000,179.2506381627,5.5048010436,0.0999997733,-0.0000001163,34.1275832753,25.3286243191,11.1000000000,1.0000000000,179.2506381627
32.6000000000,0.0000000000,179.5258780552,5.5047952359,0.0999997736,-0.0000001161,34.1354177894,25.3294394539,11.1000000000,1.0000000000,179.5258780552
32.6500000000,0.0000000000,179.8011176574,5.5047894372,0.0999997740,-0.0000001159,34.1432401412,25.3302551112,11.1000000000,1.0000000000,179.8011176574
32.7000000000,0.0000000000,180.0763569701,5.5047836475,0.0999997743,-0.0000001157,34.1510503528,25.3310712895,11.1000000000,1.0000000000,180.0763569701
32.7500000000,0.0000000000,180.3515959934,5.5047778668,0.0999997747,-0.0000001155,34.1588484462,25.3318879875,11.1000000000,1.0000000000,180.3515959934
32.8000000000,0.0000000000,180.6268347280,5.5047720951,0.0999997750,-0.0000001154,34.1666344432,25.3327052037,11.1000000000,1.0000000000,180.6268347280
32.8500000000,0.0000000000,180.9020731742,5.5047663323,0.0999997754,-0.0000001152,34.1744083657,25.3335229369,11.1000000000,1.0000000000,180.9020731742
32.9000000000,0.0000000000,181.1773113326,5.5047605784,0.0999997757,-0.0000001150,34.1821702354,25.3343411855,11.1000000000,1.0000000000,181.1773113326
32.9500000000,0.0000000000,181.4525492035,5.5047548335,0.0999997761,-0.0000001148,34.1899200743,25.3351599482,11.1000000000,1.0000000000,181.4525492035
33.0000000000,0.0000000000,181.7277867874,5.5047490974,0.0999997764,-0.0000001146,34.1976579040,25.3359792236,11.1000000000,1.0000000000,181.7277867874
33.0500000000,0.0000000000,182.0030240847,5.5047433703,0.0999997767,-0.0000001145,34.2053837462,25.3367990103,11.1000000000,1.0000000000,182.0030240847
33.1000000000,0.0000000000,182.2782610959,5.5047376520,0.0999997771,-0.0000001143,34.2130976225,25.3376193070,11.1000000000,1.0000000000,182.2782610959
33.1500000000,0.0000000000,182.5534978215,5.5047319426,0.0999997774,-0.0000001141,34.2207995547,25.3384401122,11.1000000000,1.0000000000,182.5534978215
33.2000000000,0.0000000000,182.8287342618,5.5047262420,0.0999997778,-0.0000001139,34.2284895642,25.3392614247,11.1000000000,1.0000000000,182.8287342618
33.2500000000,0.0000000000,183.1039704174,5.5047205503,0.0999997781,-0.0000001138,34.2361676726,25.3400832429,11.1000000000,1.0000000000,183.1039704174
33.3000000000,0.0000000000,183.3792062886,5.5047148673,0.0999997785,-0.0000001136,34.2438339014,25.3409055656,11.1000000000,1.0000000000,183.3792062886
33.3500000000,0.0000000000,183.6544418759,5.5047091932,0.0999997788,-0.0000001134,34.2514882720,25.3417283914,11.1000000000,1.0000000000,183.6544418759
33.4000000000,0.0000000000,183.9296771797,5.5047035278,0.0999997792,-0.0000001132,34.2591308059,25.3425517189,11.1000000000,1.0000000000,183.9296771797
33.4500000000,0.0000000000,184.2049122005,5.5046978711,0.0999997795,-0.0000001131,34.2667615244,25.3433755468,11.1000000000,1.0000000000,184.2049122005
33.5000000000,0.0000000000,184.4801469387,5.5046922232,0.0999997798,-0.0000001129,34.2743804490,25.3441998736,11.1000000000,1.0000000000,184.4801469387
33.5500000000,0.0000000000,184.7553813947,5.5046865841,0.0999997802,-0.0000001127,34.2819876008,25.3450246981,11.1000000000,1.0000000000,184.7553813947
33.6000000000,0.0000000000,185.0306155691,5.5046809536,0.0999997805,-0.0000001125,34.2895830011,25.3458500189,11.1000000000,1.0000000000,185.0306155691
33.6500000000,0.0000000000,185.3058494621,5.5046753319,0.0999997809,-0.0000001124,34.2971666712,25.3466758346,11.1000000000,1.0000000000,185.3058494621
33.7000000000,0.0000000000,185.5810830743,5.5046697188,0.0999997812,-0.0000001122,34.3047386323,25.3475021439,11.1000000000,1.0000000000,185.5810830743
33.7500000000,0.0000000000,185.8563164061,5.5046641144,0.0999997815,-0.0000001120,34.3122989054,25.3483289455,11.1000000000,1.0000000000,185.8563164061
33.8000000000,0.0000000000,186.1315494579,5.5046585186,0.0999997819,-0.0000001118,34.3198475117,25.3491562379,11.1000000000,1.0000000000,186.1315494579
33.8500000000,0.0000000000,186.4067822301,5.5046529315,0.0999997822,-0.0000001117,34.3273844723,25.3499840199,11.1000000000,1.0000000000,186.4067822301
33.9000000000,0.0000000000,186.6820147233,5.5046473530,0.0999997825,-0.0000001115,34.3349098082,25.3508122901,11.1000000000,1.0000000000,186.6820147233
33.9500000000,0.0000000000,186.9572469377,5.5046417831,0.0999997829,-0.0000001113,34.3424235403,25.3516410472,11.1000000000,1.0000000000,186.9572469377
34.0000000000,0.0000000000,187.2324788739,5.5046362218,0.0999997832,-0.0000001112,34.3499256896,25.3524702898,11.1000000000,1.0000000000,187.2324788739
34.0500000000,0.0000000000,187.5077105323,5.5046306690,0.0999997835,-0.0000001110,34.3574162771,25.3533000167,11.1000000000,1.0000000000,187.5077105323
34.1000000000,0.0000000000,187.7829419132,5.5046251249,0.0999997839,-0.0000001108,34.3648953235,25.3541302264,11.1000000000,1.0000000000,187.7829419132
34.1500000000,0.0000000000,188.0581730172,5.5046195892,0.0999997842,-0.0000001106,34.3723628498,25.3549609177,11.1000000000,1.0000000000,188.0581730172
34.2000000000,0.0000000000,188.3334038446,5.5046140621,0.0999997845,-0.0000001105,34.3798188768,25.3557920892,11.1000000000,1.0000000000,188.3334038446
34.2500000000,0.0000000000,188.6086343959,5.5046085434,0.0999997849,-0.0000001103,34.3872634251,25.3566237397,11.1000000000,1.0000000000,188.6086343959
34.3000000000,0.0000000000,188.8838646715,5.5046030333,0.0999997852,-0.0000001101,34.3946965155,25.3574558677,11.1000000000,1.0000000000,188.8838646715
34.3500000000,0.0000000000,189.1590946719,5.5045975317,0.0999997855,-0.0000001100,34.4021181686,25.3582884721,11.1000000000,1.0000000000,189.1590946719
34.4000000000,0.0000000000,189.4343243974,5.5045920385,0.0999997859,-0.0000001098,34.4095284052,25.3591215514,11.1000000000,1.0000000000,189.4343243974
34.4500000000,0.0000000000,189.7095538484,5.5045865538,0.0999997862,-0.0000001096,34.4169272458,25.3599551043,11.1000000000,1.0000000000,189.7095538484
34.5000000000,0.0000000000,189.9847830255,5.5045810775,0.0999997865,-0.0000001095,34.4243147110,25.3607891296,11.1000000000,1.0000000000,189.9847830255
34.5500000000,0.0000000000,190.2600119289,5.5045756096,0.0999997869,-0.0000001093,34.4316908214,25.3616236260,11.1000000000,1.0000000000,190.2600119289
34.6000000000,0.0000000000,190.5352405592,5.5045701501,0.0999997872,-0.0000001091,34.4390555973,25.3624585921,11.1000000000,1.0000000000,190.5352405592
34.6500000000,0.0000000000,190.8104689168,5.5045646990,0.0999997875,-0.0000001089,34.4464090593,25.3632940266,11.1000000000,1.0000000000,190.8104689168
34.7000000000,0.0000000000,191.0856970020,5.5045592563,0.0999997878,-0.0000001088,34.4537512277,25.3641299283,11.1000000000,1.0000000000,191.0856970020
34.7500000000,0.0000000000,191.3609248154,5.5045538219,0.0999997882,-0.0000001086,34.4610821230,25.3649662958,11.1000000000,1.0000000000,191.3609248154
34.8000000000,0.0000000000,191.6361523572,5.5045483959,0.0999997885,-0.0000001084,34.4684017655,25.3658031279,11.1000000000,1.0000000000,191.6361523572
34.8500000000,0.0000000000,191.9113796280,5.5045429782,0.0999997888,-0.0000001083,34.4757101755,25.3666404233,11.1000000000,1.0000000000,191.9113796280
34.9000000000,0.0000000000,192.1866066281,5.5045375688,0.0999997891,-0.0000001081,34.4830073733,25.3674781806,11.1000000000,1.0000000000,192.1866066281
34.9500000000,0.0000000000,192.4618333580,5.5045321677,0.0999997895,-0.0000001079,34.4902933790,25.3683163986,11.1000000000,1.0000000000,192.4618333580
35.0000000000,0.0000000000,192.7370598180,5.5045267749,0.0999997898,-0.0000001078,34.4975682129,25.3691550760,11.1000000000,1.0000000000,192.7370598180
35.0500000000,0.0000000000,193.0122860087,5.5045213903,0.0999997901,-0.0000001076,34.5048318951,25.3699942116,11.1000000000,1.0000000000,193.0122860087
35.1000000000,0.0000000000,193.2875119303,5.5045160140,0.0999997904,-0.0000001075,34.5120844458,25.3708338040,11.1000000000,1.0000000000,193.2875119303
35.1500000000,0.0000000000,193.5627375834,5.5045106460,0.0999997907,-0.0000001073,34.5193258850,25.3716738520,11.1000000000,1.0000000000,193.5627375834
35.2000000000,0.0000000000,193.8379629682,5.5045052862,0.0999997911,-0.0000001071,34.5265562327,25.3725143542,11.1000000000,1.0000000000,193.8379629682
35.2500000000,0.0000000000,194.1131880853,5.5044999345,0.0999997914,-0.0000001070,34.5337755090,25.3733553095,11.1000000000,1.0000000000,194.1131880853
35.3000000000,0.0000000000,194.3884129351,5.5044945911,0.0999997917,-0.0000001068,34.5409837338,25.3741967166,11.1000000000,1.0000000000,194.3884129351
35.3500000000,0.0000000000,194.6636375179,5.5044892559,0.0999997920,-0.0000001066,34.5481809271,25.3750385741,11.1000000000,1.0000000000,194.6636375179
35.4000000000,0.0000000000,194.9388618341,5.5044839288,0.0999997923,-0.0000001065,34.5553671088,25.3758808809,11.1000000000,1.0000000000,194.9388618341
35.4500000000,0.0000000000,195.2140858843,5.5044786098,0.0999997927,-0.0000001063,34.5625422987,25.3767236357,11.1000000000,1.0000000000,195.2140858843
35.5000000000,0.0000000000,195.4893096687,5.5044732990,0.0999997930,-0.0000001061,34.5697065166,25.3775668371,11.1000000000,1.0000000000,195.4893096687
35.5500000000,0.0000000000,195.7645331878,5.5044679963,0.0999997933,-0.0000001060,34.5768597823,25.3784104840,11.1000000000,1.0000000000,195.7645331878
35.6000000000,0.0000000000,196.0397564420,5.5044627017,0.0999997936,-0.0000001058,34.5840021156,25.3792545752,11.1000000000,1.0000000000,196.0397564420
35.6500000000,0.0000000000,196.3149794316,5.5044574152,0.0999997939,-0.0000001057,34.5911335362,25.3800991092,11.1000000000,1.0000000000,196.3149794316
35.7000000000,0.0000000000,196.5902021572,5.5044521368,0.0999997942,-0.0000001055,34.5982540637,25.3809440850,11.1000000000,1.0000000000,196.5902021572
35.7500000000,0.0000000000,196.8654246191,5.5044468665,0.0999997946,-0.0000001053,34.6053637178,25.3817895012,11.1000000000,1.0000000000,196.8654246191
35.8000000000,0.0000000000,197.1406468177,5.5044416042,0.0999997949,-0.0000001052,34.6124625181,25.3826353566,11.1000000000,1.0000000000,197.1406468177
35.8500000000,0.0000000000,197.4158687533,5.5044363499,0.0999997952,-0.0000001050,34.6195504842,25.3834816500,11.1000000000,1.0000000000,197.4158687533
35.9000000000,0.0000000000,197.6910904265,5.5044311036,0.0999997955,-0.0000001049,34.6266276355,25.3843283801,11.1000000000,1.0000000000,197.6910904265
35.9500000000,0.0000000000,197.9663118376,5.5044258653,0.0999997958,-0.0000001047,34.6336939917,25.3851755457,11.1000000000,1.0000000000,197.9663118376
36.0000000000,0.0000000000,198.2415329870,5.5044206351,0.0999997961,-0.0000001045,34.6407495721,25.3860231456,11.1000000000,1.0000000000,198.2415329870
36.0500000000,0.0000000000,198.5167538751,5.5044154128,0.0999997964,-0.0000001044,34.6477943961,25.3868711785,11.1000000000,1.0000000000,198.5167538751
36.1000000000,0.0000000000,198.7919745024,5.5044101984,0.0999997967,-0.0000001042,34.6548284832,25.3877196431,11.1000000000,1.0000000000,198.7919745024
36.1500000000,0.0000000000,199.0671948691,5.5044049920,0.0999997970,-0.0000001041,34.6618518527,25.3885685384,11.1000000000,1.0000000000,199.0671948691
36.2000000000,0.0000000000,199.3424149757,5.5043997936,0.0999997974,-0.0000001039,34.6688645240,25.3894178629,11.1000000000,1.0000000000,199.3424149757
36.2500000000,0.0000000000,199.6176348226,5.5043946030,0.0999997977,-0.0000001037,34.6758665162,25.3902676156,11.1000000000,1.0000000000,199.6176348226
36.3000000000,0.0000000000,199.8928544102,5.5043894204,0.0999997980,-0.0000001036,34.6828578487,25.3911177952,11.1000000000,1.0000000000,199.8928544102
36.3500000000,0.0000000000,200.1680737389,5.5043842456,0.0999997983,-0.0000001034,34.6898385407,25.3919684005,11.1000000000,1.0000000000,200.1680737389
36.4000000000,0.0000000000,200.4432928090,5.5043790787,0.0999997986,-0.0000001033,34.6968086112,25.3928194302,11.1000000000,1.0000000000,200.4432928090
36.4500000000,0.0000000000,200.7185116210,5.5043739197,0.0999997989,-0.0000001031,34.7037680796,25.3936708832,11.1000000000,1.0000000000,200.7185116210
36.5000000000,0.0000000000,200.9937301753,5.5043687685,0.0999997992,-0.0000001030,34.7107169648,25.3945227582,11.1000000000,1.0000000000,200.9937301753
36.5500000000,0.0000000000,201.2689484723,5.5043636252,0.0999997995,-0.0000001028,34.7176552859,25.3953750540,11.1000000000,1.0000000000,201.2689484723
36.6000000000,0.0000000000,201.5441665123,5.5043584896,0.0999997998,-0.0000001026,34.7245830620,25.3962277695,11.1000000000,1.0000000000,201.5441665123
36.6500000000,0.0000000000,201.8193842957,5.5043533619,0.0999998001,-0.0000001025,34.7315003121,25.3970809033,11.1000000000,1.0000000000,201.8193842957
36.7000000000,0.0000000000,202.0946018230,5.5043482420,0.0999998004,-0.0000001023,34.7384070551,25.3979344544,11.1000000000,1.0000000000,202.0946018230
36.7500000000,0.0000000000,202.3698190945,5.5043431298,0.0999998007,-0.0000001022,34.7453033100,25.3987884215,11.1000000000,1.0000000000,202.3698190945
36.8000000000,0.0000000000,202.6450361106,5.5043380254,0.0999998010,-0.0000001020,34.7521890956,25.3996428034,11.1000000000,1.0000000000,202.6450361106
36.8500000000,0.0000000000,202.9202528716,5.5043329287,0.0999998013,-0.0000001019,34.7590644308,25.4004975990,11.1000000000,1.0000000000,202.9202528716
36.9000000000,0.0000000000,203.1954693781,5.5043278398,0.0999998016,-0.0000001017,34.7659293345,25.4013528069,11.1000000000,1.0000000000,203.1954693781
36.9500000000,0.0000000000,203.4706856303,5.5043227586,0.0999998019,-0.0000001016,34.7727838254,25.4022084262,11.1000000000,1.0000000000,203.4706856303
37.0000000000,0.0000000000,203.7459016287,5.5043176851,0.0999998022,-0.0000001014,34.7796279222,25.4030644554,11.1000000000,1.0000000000,203.7459016287
37.0500000000,0.0000000000,204.0211173736,5.5043126193,0.0999998025,-0.0000001012,34.7864616438,25.4039208935,11.1000000000,1.0000000000,204.0211173736
37.1000000000,0.0000000000,204.2963328655,5.5043075612,0.0999998028,-0.0000001011,34.7932850087,25.4047777394,11.1000000000,1.0000000000,204.2963328655
37.1500000000,0.0000000000,204.5715481046,5.5043025107,0.0999998031,-0.0000001009,34.8000980357,25.4056349917,11.1000000000,1.0000000000,204.5715481046
37.2000000000,0.0000000000,204.8467630914,5.5042974679,0.0999998034,-0.0000001008,34.8069007433,25.4064926493,11.1000000000,1.0000000000,204.8467630914
37.2500000000,0.0000000000,205.1219778263,5.5042924327,0.0999998037,-0.0000001006,34.8136931501,25.4073507111,11.1000000000,1.0000000000,205.1219778263
37.3000000000,0.0000000000,205.3971923097,5.5042874052,0.0999998040,-0.0000001005,34.8204752747,25.4082091758,11.1000000000,1.0000000000,205.3971923097
37.3500000000,0.0000000000,205.6724065418,5.5042823852,0.0999998043,-0.0000001003,34.8272471356,25.4090680424,11.1000000000,1.0000000000,205.6724065418
37.4000000000,0.0000000000,205.9476205232,5.5042773729,0.0999998046,-0.0000001002,34.8340087513,25.4099273095,11.1000000000,1.0000000000,205.9476205232
37.4500000000,0.0000000000,206.2228342542,5.5042723681,0.0999998049,-0.0000001000,34.8407601401,25.4107869762,11.1000000000,1.0000000000,206.2228342542
37.5000000000,0.0000000000,206.4980477352,5.5042673709,0.0999998052,-0.0000000999,34.8475013206,25.4116470411,11.1000000000,1.0000000000,206.4980477352
37.5500000000,0.0000000000,206.7732609665,5.5042623812,0.0999998055,-0.0000000997,34.8542323111,25.4125075032,11.1000000000,1.0000000000,206.7732609665
37.6000000000,0.0000000000,207.0484739485,5.5042573991,0.0999998058,-0.0000000996,34.8609531300,25.4133683612,11.1000000000,1.0000000000,207.0484739485
37.6500000000,0.0000000000,207.3236866816,5.5042524245,0.0999998061,-0.0000000994,34.8676637955,25.4142296140,11.1000000000,1.0000000000,207.3236866816
37.7000000000,0.0000000000,207.5988991662,5.5042474574,0.0999998064,-0.0000000993,34.8743643259,25.4150912605,11.1000000000,1.0000000000,207.5988991662
37.7500000000,0.0000000000,207.8741114027,5.5042424979,0.0999998067,-0.0000000991,34.8810547395,25.4159532995,11.1000000000,1.0000000000,207.8741114027
37.8000000000,0.0000000000,208.1493233913,5.5042375458,0.0999998070,-0.0000000990,34.8877350545,25.4168157299,11.1000000000,1.0000000000,208.1493233913
37.8500000000,0.0000000000,208.4245351326,5.5042326012,0.0999998072,-0.0000000988,34.8944052891,25.4176785504,11.1000000000,1.0000000000,208.4245351326
37.9000000000,0.0000000000,208.6997466269,5.5042276640,0.0999998075,-0.0000000987,34.9010654613,25.4185417600,11.1000000000,1.0000000000,208.6997466269
37.9500000000,0.0000000000,208.9749578745,5.5042227343,0.0999998078,-0.0000000985,34.9077155894,25.4194053575,11.1000000000,1.0000000000,208.9749578745
38.0000000000,0.0000000000,209.2501688758,5.5042178120,0.0999998081,-0.0000000984,34.9143556913,25.4202693418,11.1000000000,1.0000000000,209.2501688758
38.0500000000,0.0000000000,209.5253796312,5.5042128972,0.0999998084,-0.0000000982,34.9209857851,25.4211337117,11.1000000000,1.0000000000,209.5253796312
38.1000000000,0.0000000000,209.8005901411,5.5042079897,0.0999998087,-0.0000000981,34.9276058889,25.4219984661,11.1000000000,1.0000000000,209.8005901411
38.1500000000,0.0000000000,210.0758004058,5.5042030897,0.0999998090,-0.0000000979,34.9342160206,25.4228636038,11.1000000000,1.0000000000,210.0758004058
38.2000000000,0.0000000000,210.3510104257,5.5041981970,0.0999998093,-0.0000000978,34.9408161982,25.4237291238,11.1000000000,1.0000000000,210.3510104257
38.2500000000,0.0000000000,210.6262202012,5.5041933117,0.0999998096,-0.0000000976,34.9474064395,25.4245950248,11.1000000000,1.0000000000,210.6262202012
38.3000000000,0.0000000000,210.9014297326,5.5041884337,0.0999998098,-0.0000000975,34.9539867624,25.4254613057,11.1000000000,1.0000000000,210.9014297326
38.3500000000,0.0000000000,211.1766390203,5.5041835631,0.0999998101,-0.0000000973,34.9605571848,25.4263279655,11.1000000000,1.0000000000,211.1766390203
38.4000000000,0.0000000000,211.4518480647,5.5041786998,0.0999998104,-0.0000000972,34.9671177245,25.4271950030,11.1000000000,1.0000000000,211.4518480647
38.4500000000,0.0000000000,211.7270568661,5.5041738438,0.0999998107,-0.0000000971,34.9736683993,25.4280624171,11.1000000000,1.0000000000,211.7270568661
38.5000000000,0.0000000000,212.0022654249,5.5041689951,0.0999998110,-0.0000000969,34.9802092269,25.4289302066,11.1000000000,1.0000000000,212.0022654249
38.5500000000,0.0000000000,212.2774737415,5.5041641537,0.0999998113,-0.0000000968,34.9867402250,25.4297983704,11.1000000000,1.0000000000,212.2774737415
38.6000000000,0.0000000000,212.5526818162,5.5041593196,0.0999998116,-0.0000000966,34.9932614112,25.4306669075,11.1000000000,1.0000000000,212.5526818162
38.6500000000,0.0000000000,212.8278896494,5.5041544927,0.0999998118,-0.0000000965,34.9997728034,25.4315358167,11.1000000000,1.0000000000,212.8278896494
38.7000000000,0.0000000000,213.1030972415,5.5041496731,0.0999998121,-0.0000000963,35.0062744190,25.4324050968,11.1000000000,1.0000000000,213.1030972415
38.7500000000,0.0000000000,213.3783045928,5.5041448607,0.0999998124,-0.0000000962,35.0127662757,25.4332747469,11.1000000000,1.0000000000,213.3783045928
38.8000000000,0.0000000000,213.6535117037,5.5041400556,0.0999998127,-0.0000000960,35.0192483909,25.4341447657,11.1000000000,1.0000000000,213.6535117037
38.8500000000,0.0000000000,213.9287185745,5.5041352576,0.0999998130,-0.0000000959,35.0257207823,25.4350151521,11.1000000000,1.0000000000,213.9287185745
38.9000000000,0.0000000000,214.2039252056,5.5041304669,0.0999998132,-0.0000000958,35.0321834672,25.4358859051,11.1000000000,1.0000000000,214.2039252056
38.9500000000,0.0000000000,214.4791315973,5.5041256833,0.0999998135,-0.0000000956,35.0386364632,25.4367570236,11.1000000000,1.0000000000,214.4791315973
39.0000000000,0.0000000000,214.7543377501,5.5041209069,0.0999998138,-0.0000000955,35.0450797877,25.4376285065,11.1000000000,1.0000000000,214.7543377501
39.0500000000,0.0000000000,215.0295436643,5.5041161377,0.0999998141,-0.0000000953,35.0515134580,25.4385003526,11.1000000000,1.0000000000,215.0295436643
39.1000000000,0.0000000000,215.3047493402,5.5041113756,0.0999998144,-0.0000000952,35.0579374915,25.4393725608,11.1000000000,1.0000000000,215.3047493402
39.1500000000,0.0000000000,215.5799547782,5.5041066206,0.0999998146,-0.0000000950,35.0643519056,25.4402451302,11.1000000000,1.0000000000,215.5799547782
39.2000000000,0.0000000000,215.8551599786,5.5041018727,0.0999998149,-0.0000000949,35.0707567175,25.4411180595,11.1000000000,1.0000000000,215.8551599786
39.2500000000,0.0000000000,216.1303649418,5.5040971320,0.0999998152,-0.0000000948,35.0771519445,25.4419913477,11.1000000000,1.0000000000,216.1303649418
39.3000000000,0.0000000000,216.4055696682,5.5040923983,0.0999998155,-0.0000000946,35.0835376038,25.4428649937,11.1000000000,1.0000000000,216.4055696682
39.3500000000,0.0000000000,216.6807741581,5.5040876718,0.0999998157,-0.0000000945,35.0899137127,25.4437389964,11.1000000000,1.0000000000,216.6807741581
39.4000000000,0.0000000000,216.9559784119,5.5040829522,0.0999998160,-0.0000000943,35.0962802882,25.4446133548,11.1000000000,1.0000000000,216.9559784119
39.4500000000,0.0000000000,217.2311824299,5.5040782398,0.0999998163,-0.0000000942,35.1026373475,25.4454880677,11.1000000000,1.0000000000,217.2311824299
39.5000000000,0.0000000000,217.5063862125,5.5040735344,0.0999998166,-0.0000000940,35.1089849078,25.4463631341,11.1000000000,1.0000000000,217.5063862125
39.5500000000,0.0000000000,217.7815897599,5.5040688360,0.0999998168,-0.0000000939,35.1153229860,25.4472385528,11.1000000000,1.0000000000,217.7815897599
39.6000000000,0.0000000000,218.0567930727,5.5040641446,0.0999998171,-0.0000000938,35.1216515993,25.4481143229,11.1000000000,1.0000000000,218.0567930727
39.6500000000,0.0000000000,218.3319961511,5.5040594603,0.0999998174,-0.0000000936,35.1279707646,25.4489904433,11.1000000000,1.0000000000,218.3319961511
39.7000000000,0.0000000000,218.6071989954,5.5040547829,0.0999998177,-0.0000000935,35.1342804989,25.4498669128,11.1000000000,1.0000000000,218.6071989954
39.7500000000,0.0000000000,218.8824016061,5.5040501125,0.0999998179,-0.0000000933,35.1405808192,25.4507437305,11.1000000000,1.0000000000,218.8824016061
39.8000000000,0.0000000000,219.1576039835,5.5040454491,0.0999998182,-0.0000000932,35.1468717424,25.4516208952,11.1000000000,1.0000000000,219.1576039835
39.8500000000,0.0000000000,219.4328061279,5.5040407926,0.0999998185,-0.0000000931,35.1531532853,25.4524984059,11.1000000000,1.0000000000,219.4328061279
39.9000000000,0.0000000000,219.7080080396,5.5040361431,0.0999998187,-0.0000000929,35.1594254648,25.4533762615,11.1000000000,1.0000000000,219.7080080396
39.9500000000,0.0000000000,219.9832097190,5.5040315005,0.0999998190,-0.0000000928,35.1656882977,25.4542544609,11.1000000000,1.0000000000,219.9832097190
40.0000000000,0.0000000000,220.2584111666,5.5040268648,0.0999998193,-0.0000000927,35.1719418009,25.4551330032,11.1000000000,1.0000000000,220.2584111666
40.0500000000,0.0000000000,220.5336123825,5.5040222360,0.0999998196,-0.0000000925,35.1781859910,25.4560118872,11.1000000000,1.0000000000,220.5336123825
40.1000000000,0.0000000000,220.8088133671,5.5040176141,0.0999998198,-0.0000000924,35.1844208849,25.4568911119,11.1000000000,1.0000000000,220.8088133671
40.1500000000,0.0000000000,221.0840141209,5.5040129991,0.0999998201,-0.0000000922,35.1906464991,25.4577706762,11.1000000000,1.0000000000,221.0840141209
40.2000000000,0.0000000000,221.3592146441,5.5040083909,0.0999998204,-0.0000000921,35.1968628505,25.4586505791,11.1000000000,1.0000000000,221.3592146441
40.2500000000,0.0000000000,221.6344149371,5.5040037897,0.0999998206,-0.0000000920,35.2030699555,25.4595308196,11.1000000000,1.0000000000,221.6344149371
40.3000000000,0.0000000000,221.9096150002,5.5039991952,0.0999998209,-0.0000000918,35.2092678308,25.4604113965,11.1000000000,1.0000000000,221.9096150002
40.3500000000,0.0000000000,222.1848148338,5.5039946076,0.0999998212,-0.0000000917,35.2154564930,25.4612923089,11.1000000000,1.0000000000,222.1848148338
40.4000000000,0.0000000000,222.4600144382,5.5039900268,0.0999998214,-0.0000000916,35.2216359587,25.4621735558,11.1000000000,1.0000000000,222.4600144382
40.4500000000,0.0000000000,222.7352138137,5.5039854528,0.0999998217,-0.0000000914,35.2278062443,25.4630551359,11.1000000000,1.0000000000,222.7352138137
40.5000000000,0.0000000000,223.0104129607,5.5039808856,0.0999998220,-0.0000000913,35.2339673663,25.4639370485,11.1000000000,1.0000000000,223.0104129607
40.5500000000,0.0000000000,223.2856118795,5.5039763252,0.0999998222,-0.0000000911,35.2401193412,25.4648192923,11.1000000000,1.0000000000,223.2856118795
40.6000000000,0.0000000000,223.5608105705,5.5039717715,0.0999998225,-0.0000000910,35.2462621854,25.4657018663,11.1000000000,1.0000000000,223.5608105705
40.6500000000,0.0000000000,223.8360090340,5.5039672246,0.0999998227,-0.0000000909,35.2523959153,25.4665847697,11.1000000000,1.0000000000,223.8360090340
40.7000000000,0.0000000000,224.1112072704,5.5039626844,0.0999998230,-0.0000000907,35.2585205472,25.4674680012,11.1000000000,1.0000000000,224.1112072704
40.7500000000,0.0000000000,224.3864052799,5.5039581510,0.0999998233,-0.0000000906,35.2646360976,25.4683515598,11.1000000000,1.0000000000,224.3864052799
40.8000000000,0.0000000000,224.6616030630,5.5039536243,0.0999998235,-0.0000000905,35.2707425826,25.4692354447,11.1000000000,1.0000000000,224.6616030630
40.8500000000,0.0000000000,224.9368006198,5.5039491043,0.0999998238,-0.0000000903,35.2768400186,25.4701196546,11.1000000000,1.0000000000,224.9368006198
40.9000000000,0.0000000000,225.2119979509,5.5039445910,0.0999998241,-0.0000000902,35.2829284218,25.4710041887,11.1000000000,1.0000000000,225.2119979509
40.9500000000,0.0000000000,225.4871950565,5.5039400844,0.0999998243,-0.0000000901,35.2890078084,25.4718890458,11.1000000000,1.0000000000,225.4871950565
41.0000000000,0.0000000000,225.7623919370,5.5039355845,0.0999998246,-0.0000000899,35.2950781946,25.4727742250,11.1000000000,1.0000000000,225.7623919370
41.0500000000,0.0000000000,226.0375885926,5.5039310912,0.0999998248,-0.0000000898,35.3011395965,25.4736597252,11.1000000000,1.0000000000,226.0375885926
41.1000000000,0.0000000000,226.3127850237,5.5039266046,0.0999998251,-0.0000000897,35.3071920303,25.4745455455,11.1000000000,1.0000000000,226.3127850237
41.1500000000,0.0000000000,226.5879812307,5.5039221246,0.0999998254,-0.0000000895,35.3132355121,25.4754316848,11.1000000000,1.0000000000,226.5879812307
41.2000000000,0.0000000000,226.8631772139,5.5039176512,0.0999998256,-0.0000000894,35.3192700579,25.4763181421,11.1000000000,1.0000000000,226.8631772139
41.2500000000,0.0000000000,227.1383729736,5.5039131844,0.0999998259,-0.0000000893,35.3252956838,25.4772049164,11.1000000000,1.0000000000,227.1383729736
41.3000000000,0.0000000000,227.4135685102,5.5039087243,0.0999998261,-0.0000000891,35.3313124058,25.4780920067,11.1000000000,1.0000000000,227.4135685102
41.3500000000,0.0000000000,227.6887638239,5.5039042707,0.0999998264,-0.0000000890,35.3373202398,25.4789794120,11.1000000000,1.0000000000,227.6887638239
41.4000000000,0.0000000000,227.9639589151,5.5038998237,0.0999998266,-0.0000000889,35.3433192017,25.4798671313,11.1000000000,1.0000000000,227.9639589151
41.4500000000,0.0000000000,228.2391537841,5.5038953833,0.0999998269,-0.0000000887,35.3493093076,25.4807551636,11.1000000000,1.0000000000,228.2391537841
41.5000000000,0.0000000000,228.5143484313,5.5038909494,0.0999998272,-0.0000000886,35.3552905733,25.4816435078,11.1000000000,1.0000000000,228.5143484313
41.5500000000,0.0000000000,228.7895428570,5.5038865221,0.0999998274,-0.0000000885,35.3612630146,25.4825321631,11.1000000000,1.0000000000,228.7895428570
41.6000000000,0.0000000000,229.0647370615,5.5038821013,0.0999998277,-0.0000000884,35.3672266474,25.4834211284,11.1000000000,1.0000000000,229.0647370615
41.6500000000,0.0000000000,229.3399310452,5.5038776870,0.0999998279,-0.0000000882,35.3731814874,25.4843104026,11.1000000000,1.0000000000,229.3399310452
41.7000000000,0.0000000000,229.6151248083,5.5038732792,0.0999998282,-0.0000000881,35.3791275505,25.4851999849,11.1000000000,1.0000000000,229.6151248083
41.7500000000,0.0000000000,229.8903183512,5.5038688779,0.0999998284,-0.0000000880,35.3850648524,25.4860898742,11.1000000000,1.0000000000,229.8903183512
41.8000000000,0.0000000000,230.1655116742,5.5038644831,0.0999998287,-0.0000000878,35.3909934088,25.4869800696,11.1000000000,1.0000000000,230.1655116742
41.8500000000,0.0000000000,230.4407047777,5.5038600948,0.0999998289,-0.0000000877,35.3969132353,25.4878705700,11.1000000000,1.0000000000,230.4407047777
41.9000000000,0.0000000000,230.7158976619,5.5038557129,0.0999998292,-0.0000000876,35.4028243477,25.4887613745,11.1000000000,1.0000000000,230.7158976619
41.9500000000,0.0000000000,230.9910903272,5.5038513375,0.0999998294,-0.0000000875,35.4087267616,25.4896524821,11.1000000000,1.0000000000,230.9910903272
42.0000000000,0.0000000000,231.2662827739,5.5038469685,0.0999998297,-0.0000000873,35.4146204925,25.4905438918,11.1000000000,1.0000000000,231.2662827739
42.0500000000,0.0000000000,231.5414750023,5.5038426060,0.0999998299,-0.0000000872,35.4205055560,25.4914356026,11.1000000000,1.0000000000,231.5414750023
42.1000000000,0.0000000000,231.8166670128,5.5038382498,0.0999998302,-0.0000000871,35.4263819677,25.4923276136,11.1000000000,1.0000000000,231.8166670128
42.1500000000,0.0000000000,232.0918588056,5.5038339001,0.0999998304,-0.0000000869,35.4322497431,25.4932199238,11.1000000000,1.0000000000,232.0918588056
42.2000000000,0.0000000000,232.3670503812,5.5038295567,0.0999998307,-0.0000000868,35.4381088976,25.4941125322,11.1000000000,1.0000000000,232.3670503812
42.2500000000,0.0000000000,232.6422417397,5.5038252198,0.0999998309,-0.0000000867,35.4439594467,25.4950054379,11.1000000000,1.0000000000,232.6422417397
42.3000000000,0.0000000000,232.9174328816,5.5038208891,0.0999998312,-0.0000000866,35.4498014058,25.4958986398,11.1000000000,1.0000000000,232.9174328816
42.3500000000,0.0000000000,233.1926238071,5.5038165649,0.0999998314,-0.0000000864,35.4556347904,25.4967921370,11.1000000000,1.0000000000,233.1926238071
42.4000000000,0.0000000000,233.4678145166,5.5038122470,0.0999998317,-0.0000000863,35.4614596158,25.4976859286,11.1000000000,1.0000000000,233.4678145166
42.4500000000,0.0000000000,233.7430050103,5.5038079354,0.0999998319,-0.0000000862,35.4672758973,25.4985800136,11.1000000000,1.0000000000,233.7430050103
42.5000000000,0.0000000000,234.0181952887,5.5038036302,0.0999998322,-0.0000000860,35.4730836503,25.4994743910,11.1000000000,1.0000000000,234.0181952887
42.5500000000,0.0000000000,234.2933853519,5.5037993312,0.0999998324,-0.0000000859,35.4788828900,25.5003690599,11.1000000000,1.0000000000,234.2933853519
42.6000000000,0.0000000000,234.5685752004,5.5037950386,0.0999998327,-0.0000000858,35.4846736316,25.5012640193,11.1000000000,1.0000000000,234.5685752004
42.6500000000,0.0000000000,234.8437648344,5.5037907522,0.0999998329,-0.0000000857,35.4904558905,25.5021592682,11.1000000000,1.0000000000,234.8437648344
42.7000000000,0.0000000000,235.1189542543,5.5037864722,0.0999998332,-0.0000000855,35.4962296818,25.5030548057,11.1000000000,1.0000000000,235.1189542543
42.7500000000,0.0000000000,235.3941434604,5.5037821984,0.0999998334,-0.0000000854,35.5019950207,25.5039506309,11.1000000000,1.0000000000,235.3941434604
42.8000000000,0.0000000000,235.6693324529,5.5037779308,0.0999998336,-0.0000000853,35.5077519224,25.5048467428,11.1000000000,1.0000000000,235.6693324529
42.8500000000,0.0000000000,235.9445212322,5.5037736695,0.0999998339,-0.0000000852,35.5135004018,25.5057431405,11.1000000000,1.0000000000,235.9445212322
42.9000000000,0.0000000000,236.2197097987,5.5037694144,0.0999998341,-0.0000000850,35.5192404742,25.5066398229,11.1000000000,1.0000000000,236.2197097987
42.9500000000,0.0000000000,236.4948981525,5.5037651656,0.0999998344,-0.0000000849,35.5249721546,25.5075367893,11.1000000000,1.0000000000,236.4948981525
43.0000000000,0.0000000000,236.7700862941,5.5037609229,0.0999998346,-0.0000000848,35.5306954580,25.5084340385,11.1000000000,1.0000000000,236.7700862941
43.0500000000,0.0000000000,237.0452742237,5.5037566865,0.0999998349,-0.0000000847,35.5364103994,25.5093315697,11.1000000000,1.0000000000,237.0452742237
43.1000000000,0.0000000000,237.3204619417,5.5037524562,0.0999998351,-0.0000000845,35.5421169939,25.5102293820,11.1000000000,1.0000000000,237.3204619417
43.1500000000,0.0000000000,237.5956494483,5.5037482321,0.0999998353,-0.0000000844,35.5478152563,25.5111274744,11.1000000000,1.0000000000,237.5956494483
43.2000000000,0.0000000000,237.8708367439,5.5037440142,0.0999998356,-0.0000000843,35.5535052015,25.5120258460,11.1000000000,1.0000000000,237.8708367439
43.2500000000,0.0000000000,238.1460238288,5.5037398025,0.0999998358,-0.0000000842,35.5591868446,25.5129244958,11.1000000000,1.0000000000,238.1460238288
43.3000000000,0.0000000000,238.4212107032,5.5037355969,0.0999998361,-0.0000000841,35.5648602002,25.5138234229,11.1000000000,1.0000000000,238.4212107032
43.3500000000,0.0000000000,238.6963973676,5.5037313974,0.0999998363,-0.0000000839,35.5705252834,25.5147226264,11.1000000000,1.0000000000,238.6963973676
43.4000000000,0.0000000000,238.9715838221,5.5037272040,0.0999998365,-0.0000000838,35.5761821088,25.5156221054,11.1000000000,1.0000000000,238.9715838221
43.4500000000,0.0000000000,239.2467700671,5.5037230168,0.0999998368,-0.0000000837,35.5818306913,25.5165218589,11.1000000000,1.0000000000,239.2467700671
43.5000000000,0.0000000000,239.5219561029,5.5037188356,0.0999998370,-0.0000000836,35.5874710456,25.5174218860,11.1000000000,1.0000000000,239.5219561029
43.5500000000,0.0000000000,239.7971419299,5.5037146605,0.0999998372,-0.0000000834,35.5931031865,25.5183221858,11.1000000000,1.0000000000,239.7971419299
43.6000000000,0.0000000000,240.0723275482,5.5037104915,0.0999998375,-0.0000000833,35.5987271287,25.5192227573,11.1000000000,1.0000000000,240.0723275482
43.6500000000,0.0000000000,240.3475129583,5.5037063286,0.0999998377,-0.0000000832,35.6043428868,25.5201235997,11.1000000000,1.0000000000,240.3475129583
43.7000000000,0.0000000000,240.6226981604,5.5037021718,0.0999998380,-0.0000000831,35.6099504755,25.5210247120,11.1000000000,1.0000000000,240.6226981604
43.7500000000,0.0000000000,240.8978831548,5.5036980209,0.0999998382,-0.0000000830,35.6155499093,25.5219260934,11.1000000000,1.0000000000,240.8978831548
43.8000000000,0.0000000000,241.1730679419,5.5036938762,0.0999998384,-0.0000000828,35.6211412030,25.5228277428,11.1000000000,1.0000000000,241.1730679419
43.8500000000,0.0000000000,241.4482525218,5.5036897374,0.0999998387,-0.0000000827,35.6267243711,25.5237296594,11.1000000000,1.0000000000,241.4482525218
43.9000000000,0.0000000000,241.7234368950,5.5036856046,0.0999998389,-0.0000000826,35.6322994281,25.5246318424,11.1000000000,1.0000000000,241.7234368950
43.9500000000,0.0000000000,241.9986210617,5.5036814779,0.0999998391,-0.0000000825,35.6378663885,25.5255342906,11.1000000000,1.0000000000,241.9986210617
44.0000000000,0.0000000000,242.2738050223,5.5036773571,0.0999998394,-0.0000000824,35.6434252669,25.5264370034,11.1000000000,1.0000000000,242.2738050223
44.0500000000,0.0000000000,242.5489887770,5.5036732424,0.0999998396,-0.0000000822,35.6489760776,25.5273399797,11.1000000000,1.0000000000,242.5489887770
44.1000000000,0.0000000000,242.8241723261,5.5036691336,0.0999998398,-0.0000000821,35.6545188351,25.5282432187,11.1000000000,1.0000000000,242.8241723261
44.1500000000,0.0000000000,243.0993556699,5.5036650307,0.0999998401,-0.0000000820,35.6600535539,25.5291467194,11.1000000000,1.0000000000,243.0993556699
44.2000000000,0.0000000000,243.3745388087,5.5036609338,0.0999998403,-0.0000000819,35.6655802482,25.5300504810,11.1000000000,1.0000000000,243.3745388087
44.2500000000,0.0000000000,243.6497217429,5.5036568429,0.0999998405,-0.0000000818,35.6710989325,25.5309545026,11.1000000000,1.0000000000,243.6497217429
44.3000000000,0.0000000000,243.9249044727,5.5036527578,0.0999998408,-0.0000000816,35.6766096211,25.5318587832,11.1000000000,1.0000000000,243.9249044727
44.3500000000,0.0000000000,244.2000869984,5.5036486787,0.0999998410,-0.0000000815,35.6821123283,25.5327633220,11.1000000000,1.0000000000,244.2000869984
44.4000000000,0.0000000000,244.4752693203,5.5036446055,0.0999998412,-0.0000000814,35.6876070684,25.5336681181,11.1000000000,1.0000000000,244.4752693203
44.4500000000,0.0000000000,244.7504514387,5.5036405382,0.0999998414,-0.0000000813,35.6930938556,25.5345731706,11.1000000000,1.0000000000,244.7504514387
44.5000000000,0.0000000000,245.0256333539,5.5036364768,0.0999998417,-0.0000000812,35.6985727041,25.5354784786,11.1000000000,1.0000000000,245.0256333539
44.5500000000,0.0000000000,245.3008150662,5.5036324212,0.0999998419,-0.0000000811,35.7040436282,25.5363840412,11.1000000000,1.0000000000,245.3008150662
44.6000000000,0.0000000000,245.5759965758,5.5036283715,0.0999998421,-0.0000000809,35.7095066420,25.5372898576,11.1000000000,1.0000000000,245.5759965758
44.6500000000,0.0000000000,245.8511778832,5.5036243277,0.0999998424,-0.0000000808,35.7149617596,25.5381959268,11.1000000000,1.0000000000,245.8511778832
44.7000000000,0.0000000000,246.1263589885,5.5036202897,0.0999998426,-0.0000000807,35.7204089952,25.5391022479,11.1000000000,1.0000000000,246.1263589885
44.7500000000,0.0000000000,246.4015398921,5.5036162575,0.0999998428,-0.0000000806,35.7258483629,25.5400088202,11.1000000000,1.0000000000,246.4015398921
44.8000000000,0.0000000000,246.6767205942,5.5036122312,0.0999998430,-0.0000000805,35.7312798767,25.5409156426,11.1000000000,1.0000000000,246.6767205942
44.8500000000,0.0000000000,246.9519010952,5.5036082107,0.0999998433,-0.0000000804,35.7367035506,25.5418227144,11.1000000000,1.0000000000,246.9519010952
44.9000000000,0.0000000000,247.2270813953,5.5036041959,0.0999998435,-0.0000000802,35.7421193988,25.5427300347,11.1000000000,1.0000000000,247.2270813953
44.9500000000,0.0000000000,247.5022614948,5.5036001870,0.0999998437,-0.0000000801,35.7475274352,25.5436376026,11.1000000000,1.0000000000,247.5022614948
45.0000000000,0.0000000000,247.7774413940,5.5035961839,0.0999998439,-0.0000000800,35.7529276737,25.5445454171,11.1000000000,1.0000000000,247.7774413940
45.0500000000,0.0000000000,248.0526210933,5.5035921865,0.0999998442,-0.0000000799,35.7583201282,25.5454534775,11.1000000000,1.0000000000,248.0526210933
45.1000000000,0.0000000000,248.3278005928,5.5035881948,0.0999998444,-0.0000000798,35.7637048128,25.5463617829,11.1000000000,1.0000000000,248.3278005928
45.1500000000,0.0000000000,248.6029798929,5.5035842090,0.0999998446,-0.0000000797,35.7690817413,25.5472703324,11.1000000000,1.0000000000,248.6029798929
45.2000000000,0.0000000000,248.8781589939,5.5035802288,0.0999998448,-0.0000000796,35.7744509275,25.5481791252,11.1000000000,1.0000000000,248.8781589939
45.2500000000,0.0000000000,249.1533378960,5.5035762544,0.0999998451,-0.0000000794,35.7798123853,25.5490881603,11.1000000000,1.0000000000,249.1533378960
45.3000000000,0.0000000000,249.4285165996,5.5035722857,0.0999998453,-0.0000000793,35.7851661284,25.5499974370,11.1000000000,1.0000000000,249.4285165996
45.3500000000,0.0000000000,249.7036951048,5.5035683228,0.0999998455,-0.0000000792,35.7905121708,25.5509069543,11.1000000000,1.0000000000,249.7036951048
45.4000000000,0.0000000000,249.9788734121,5.5035643655,0.0999998457,-0.0000000791,35.7958505261,25.5518167114,11.1000000000,1.0000000000,249.9788734121
45.4500000000,0.0000000000,250.2540515217,5.5035604139,0.0999998460,-0.0000000790,35.8011812080,25.5527267075,11.1000000000,1.0000000000,250.2540515217
45.5000000000,0.0000000000,250.5292294339,5.5035564680,0.0999998462,-0.0000000789,35.8065042303,25.5536369417,11.1000000000,1.0000000000,250.5292294339
45.5500000000,0.0000000000,250.8044071489,5.5035525277,0.0999998464,-0.0000000788,35.8118196067,25.5545474131,11.1000000000,1.0000000000,250.8044071489
45.6000000000,0.0000000000,251.0795846671,5.5035485932,0.0999998466,-0.0000000786,35.8171273508,25.5554581209,11.1000000000,1.0000000000,251.0795846671
45.6500000000,0.0000000000,251.3547619886,5.5035446642,0.0999998468,-0.0000000785,35.8224274763,25.5563690643,11.1000000000,1.0000000000,251.3547619886
45.7000000000,0.0000000000,251.6299391139,5.5035407409,0.0999998471,-0.0000000784,35.8277199967,25.5572802423,11.1000000000,1.0000000000,251.6299391139
45.7500000000,0.0000000000,251.9051160432,5.5035368232,0.0999998473,-0.0000000783,35.8330049257,25.5581916542,11.1000000000,1.0000000000,251.9051160432
45.8000000000,0.0000000000,252.1802927768,5.5035329112,0.0999998475,-0.0000000782,35.8382822768,25.5591032992,11.1000000000,1.0000000000,252.1802927768
45.8500000000,0.0000000000,252.4554693149,5.5035290047,0.0999998477,-0.0000000781,35.8435520635,25.5600151762,11.1000000000,1.0000000000,252.4554693149
45.9000000000,0.0000000000,252.7306456578,5.5035251039,0.0999998479,-0.0000000780,35.8488142994,25.5609272846,11.1000000000,1.0000000000,252.7306456578
45.9500000000,0.0000000000,253.0058218059,5.5035212086,0.0999998481,-0.0000000779,35.8540689979,25.5618396235,11.1000000000,1.0000000000,253.0058218059
46.0000000000,0.0000000000,253.2809977593,5.5035173189,0.0999998484,-0.0000000777,35.8593161725,25.5627521920,11.1000000000,1.0000000000,253.2809977593
46.0500000000,0.0000000000,253.5561735184,5.5035134348,0.0999998486,-0.0000000776,35.8645558366,25.5636649894,11.1000000000,1.0000000000,253.5561735184
46.1000000000,0.0000000000,253.8313490835,5.5035095563,0.0999998488,-0.0000000775,35.8697880036,25.5645780147,11.1000000000,1.0000000000,253.8313490835
46.1500000000,0.0000000000,254.1065244548,5.5035056832,0.0999998490,-0.0000000774,35.8750126869,25.5654912671,11.1000000000,1.0000000000,254.1065244548
46.2000000000,0.0000000000,254.3816996326,5.5035018158,0.0999998492,-0.0000000773,35.8802299000,25.5664047459,11.1000000000,1.0000000000,254.3816996326
46.2500000000,0.0000000000,254.6568746171,5.5034979538,0.0999998494,-0.0000000772,35.8854396560,25.5673184501,11.1000000000,1.0000000000,254.6568746171
46.3000000000,0.0000000000,254.9320494087,5.5034940974,0.0999998497,-0.0000000771,35.8906419684,25.5682323790,11.1000000000,1.0000000000,254.9320494087
46.3500000000,0.0000000000,255.2072240077,5.5034902465,0.0999998499,-0.0000000770,35.8958368503,25.5691465317,11.1000000000,1.0000000000,255.2072240077
46.4000000000,0.0000000000,255.4823984142,5.5034864010,0.0999998501,-0.0000000769,35.9010243152,25.5700609074,11.1000000000,1.0000000000,255.4823984142
46.4500000000,0.0000000000,255.7575726287,5.5034825611,0.0999998503,-0.0000000767,35.9062043761,25.5709755053,11.1000000000,1.0000000000,255.7575726287
46.5000000000,0.0000000000,256.0327466512,5.5034787267,0.0999998505,-0.0000000766,35.9113770464,25.5718903245,11.1000000000,1.0000000000,256.0327466512
46.5500000000,0.0000000000,256.3079204823,5.5034748977,0.0999998507,-0.0000000765,35.9165423392,25.5728053643,11.1000000000,1.0000000000,256.3079204823
46.6000000000,0.0000000000,256.5830941220,5.5034710741,0.0999998509,-0.0000000764,35.9217002676,25.5737206238,11.1000000000,1.0000000000,256.5830941220
46.6500000000,0.0000000000,256.8582675707,5.5034672561,0.0999998512,-0.0000000763,35.9268508449,25.5746361022,11.1000000000,1.0000000000,256.8582675707
46.7000000000,0.0000000000,257.1334408286,5.5034634434,0.0999998514,-0.0000000762,35.9319940841,25.5755517986,11.1000000000,1.0000000000,257.1334408286
46.7500000000,0.0000000000,257.4086138960,5.5034596362,0.0999998516,-0.0000000761,35.9371299983,25.5764677124,11.1000000000,1.0000000000,257.4086138960
46.8000000000,0.0000000000,257.6837867733,5.5034558344,0.0999998518,-0.0000000760,35.9422586006,25.5773838426,11.1000000000,1.0000000000,257.6837867733
46.8500000000,0.0000000000,257.9589594606,5.5034520381,0.0999998520,-0.0000000759,35.9473799041,25.5783001885,11.1000000000,1.0000000000,257.9589594606
46.9000000000,0.0000000000,258.2341319582,5.5034482471,0.0999998522,-0.0000000758,35.9524939217,25.5792167491,11.1000000000,1.0000000000,258.2341319582
46.9500000000,0.0000000000,258.5093042664,5.5034444615,0.0999998524,-0.0000000757,35.9576006665,25.5801335239,11.1000000000,1.0000000000,258.5093042664
47.0000000000,0.0000000000,258.7844763855,5.5034406813,0.0999998526,-0.0000000756,35.9627001513,25.5810505118,11.1000000000,1.0000000000,258.7844763855
47.0500000000,0.0000000000,259.0596483158,5.5034369065,0.0999998528,-0.0000000754,35.9677923893,25.5819677122,11.1000000000,1.0000000000,259.0596483158
47.1000000000,0.0000000000,259.3348200574,5.5034331370,0.0999998531,-0.0000000753,35.9728773932,25.5828851242,11.1000000000,1.0000000000,259.3348200574
47.1500000000,0.0000000000,259.6099916107,5.5034293729,0.0999998533,-0.0000000752,35.9779551761,25.5838027470,11.1000000000,1.0000000000,259.6099916107
47.2000000000,0.0000000000,259.8851629760,5.5034256141,0.0999998535,-0.0000000751,35.9830257507,25.5847205799,11.1000000000,1.0000000000,259.8851629760
47.2500000000,0.0000000000,260.1603341534,5.5034218607,0.0999998537,-0.0000000750,35.9880891299,25.5856386219,11.1000000000,1.0000000000,260.1603341534
47.3000000000,0.0000000000,260.4355051434,5.5034181126,0.0999998539,-0.0000000749,35.9931453266,25.5865568724,11.1000000000,1.0000000000,260.4355051434
47.3500000000,0.0000000000,260.7106759461,5.5034143698,0.0999998541,-0.0000000748,35.9981943536,25.5874753305,11.1000000000,1.0000000000,260.7106759461
47.4000000000,0.0000000000,260.9858465618,5.5034106323,0.0999998543,-0.0000000747,36.0032362235,25.5883939955,11.1000000000,1.0000000000,260.9858465618
47.4500000000,0.0000000000,261.2610169907,5.5034069001,0.0999998545,-0.0000000746,36.0082709493,25.5893128665,11.1000000000,1.0000000000,261.2610169907
47.5000000000,0.0000000000,261.5361872332,5.5034031732,0.0999998547,-0.0000000745,36.0132985437,25.5902319428,11.1000000000,1.0000000000,261.5361872332
47.5500000000,0.0000000000,261.8113572895,5.5033994515,0.0999998549,-0.0000000744,36.0183190193,25.5911512235,11.1000000000,1.0000000000,261.8113572895
47.6000000000,0.0000000000,262.0865271598,5.5033957352,0.0999998551,-0.0000000743,36.0233323888,25.5920707079,11.1000000000,1.0000000000,262.0865271598
47.6500000000,0.0000000000,262.3616968445,5.5033920241,0.0999998553,-0.0000000742,36.0283386649,25.5929903952,11.1000000000,1.0000000000,262.3616968445
47.7000000000,0.0000000000,262.6368663438,5.5033883182,0.0999998555,-0.0000000741,36.0333378603,25.5939102846,11.1000000000,1.0000000000,262.6368663438
47.7500000000,0.0000000000,262.9120356579,5.5033846176,0.0999998557,-0.0000000740,36.0383299875,25.5948303754,11.1000000000,1.0000000000,262.9120356579
47.8000000000,0.0000000000,263.1872047872,5.5033809222,0.0999998559,-0.0000000739,36.0433150592,25.5957506666,11.1000000000,1.0000000000,263.1872047872
47.8500000000,0.0000000000,263.4623737318,5.5033772320,0.0999998561,-0.0000000738,36.0482930879,25.5966711577,11.1000000000,1.0000000000,263.4623737318
47.9000000000,0.0000000000,263.7375424920,5.5033735471,0.0999998563,-0.0000000737,36.0532640862,25.5975918478,11.1000000000,1.0000000000,263.7375424920
47.9500000000,0.0000000000,264.0127110681,5.5033698673,0.0999998565,-0.0000000735,36.0582280665,25.5985127360,11.1000000000,1.0000000000,264.0127110681
48.0000000000,0.0000000000,264.2878794604,5.5033661928,0.0999998568,-0.0000000734,36.0631850415,25.5994338217,11.1000000000,1.0000000000,264.2878794604
48.0500000000,0.0000000000,264.5630476691,5.5033625234,0.0999998570,-0.0000000733,36.0681350236,25.6003551041,11.1000000000,1.0000000000,264.5630476691
48.1000000000,0.0000000000,264.8382156945,5.5033588592,0.0999998572,-0.0000000732,36.0730780253,25.6012765824,11.1000000000,1.0000000000,264.8382156945
48.1500000000,0.0000000000,265.1133835368,5.5033552002,0.0999998574,-0.0000000731,36.0780140589,25.6021982558,11.1000000000,1.0000000000,265.1133835368
48.2000000000,0.0000000000,265.3885511964,5.5033515463,0.0999998576,-0.0000000730,36.0829431369,25.6031201236,11.1000000000,1.0000000000,265.3885511964
48.2500000000,0.0000000000,265.6637186733,5.5033478976,0.0999998578,-0.0000000729,36.0878652716,25.6040421849,11.1000000000,1.0000000000,265.6637186733
48.3000000000,0.0000000000,265.9388859680,5.5033442540,0.0999998580,-0.0000000728,36.0927804756,25.6049644391,11.1000000000,1.0000000000,265.9388859680
48.3500000000,0.0000000000,266.2140530806,5.5033406155,0.0999998582,-0.0000000727,36.0976887610,25.6058868853,11.1000000000,1.0000000000,266.2140530806
48.4000000000,0.0000000000,266.4892200114,5.5033369822,0.0999998584,-0.0000000726,36.1025901402,25.6068095228,11.1000000000,1.0000000000,266.4892200114
48.4500000000,0.0000000000,266.7643867607,5.5033333539,0.0999998586,-0.0000000725,36.1074846255,25.6077323509,11.1000000000,1.0000000000,266.7643867607
48.5000000000,0.0000000000,267.0395533288,5.5033297308,0.0999998588,-0.0000000724,36.1123722292,25.6086553688,11.1000000000,1.0000000000,267.0395533288
48.5500000000,0.0000000000,267.3147197158,5.5033261127,0.0999998590,-0.0000000723,36.1172529635,25.6095785756,11.1000000000,1.0000000000,267.3147197158
48.6000000000,0.0000000000,267.5898859221,5.5033224998,0.0999998592,-0.0000000722,36.1221268406,25.6105019707,11.1000000000,1.0000000000,267.5898859221
48.6500000000,0.0000000000,267.8650519478,5.5033188919,0.0999998593,-0.0000000721,36.1269938729,25.6114255534,11.1000000000,1.0000000000,267.8650519478
48.7000000000,0.0000000000,268.1402177933,5.5033152891,0.0999998595,-0.0000000720,36.1318540724,25.6123493228,11.1000000000,1.0000000000,268.1402177933
48.7500000000,0.0000000000,268.4153834588,5.5033116913,0.0999998597,-0.0000000719,36.1367074513,25.6132732781,11.1000000000,1.0000000000,268.4153834588
48.8000000000,0.0000000000,268.6905489445,5.5033080986,0.0999998599,-0.0000000718,36.1415540217,25.6141974188,11.1000000000,1.0000000000,268.6905489445
48.8500000000,0.0000000000,268.9657142508,5.5033045109,0.0999998601,-0.0000000717,36.1463937958,25.6151217439,11.1000000000,1.0000000000,268.9657142508
48.9000000000,0.0000000000,269.2408793778,5.5033009283,0.0999998603,-0.0000000716,36.1512267857,25.6160462528,11.1000000000,1.0000000000,269.2408793778
48.9500000000,0.0000000000,269.5160443258,5.5032973507,0.0999998605,-0.0000000715,36.1560530035,25.6169709447,11.1000000000,1.0000000000,269.5160443258
49.0000000000,0.0000000000,269.7912090951,5.5032937780,0.0999998607,-0.0000000714,36.1608724611,25.6178958189,11.1000000000,1.0000000000,269.7912090951
49.0500000000,0.0000000000,270.0663736858,5.5032902104,0.0999998609,-0.0000000713,36.1656851706,25.6188208746,11.1000000000,1.0000000000,270.0663736858
49.1000000000,0.0000000000,270.3415380984,5.5032866478,0.0999998611,-0.0000000712,36.1704911441,25.6197461110,11.1000000000,1.0000000000,270.3415380984
49.1500000000,0.0000000000,270.6167023329,5.5032830902,0.0999998613,-0.0000000711,36.1752903934,25.6206715275,11.1000000000,1.0000000000,270.6167023329
49.2000000000,0.0000000000,270.8918663897,5.5032795375,0.0999998615,-0.0000000710,36.1800829307,25.6215971233,11.1000000000,1.0000000000,270.8918663897
49.2500000000,0.0000000000,271.1670302690,5.5032759898,0.0999998617,-0.0000000709,36.1848687677,25.6225228977,11.1000000000,1.0000000000,271.1670302690
49.3000000000,0.0000000000,271.4421939710,5.5032724471,0.0999998619,-0.0000000708,36.1896479165,25.6234488498,11.1000000000,1.0000000000,271.4421939710
49.3500000000,0.0000000000,271.7173574961,5.5032689093,0.0999998621,-0.0000000707,36.1944203889,25.6243749791,11.1000000000,1.0000000000,271.7173574961
49.4000000000,0.0000000000,271.9925208444,5.5032653765,0.0999998623,-0.0000000706,36.1991861968,25.6253012847,11.1000000000,1.0000000000,271.9925208444
49.4500000000,0.0000000000,272.2676840162,5.5032618485,0.0999998625,-0.0000000705,36.2039453520,25.6262277660,11.1000000000,1.0000000000,272.2676840162
49.5000000000,0.0000000000,272.5428470117,5.5032583256,0.0999998627,-0.0000000704,36.2086978664,25.6271544221,11.1000000000,1.0000000000,272.5428470117
49.5500000000,0.0000000000,272.8180098312,5.5032548075,0.0999998628,-0.0000000703,36.2134437519,25.6280812524,11.1000000000,1.0000000000,272.8180098312
49.6000000000,0.0000000000,273.0931724749,5.5032512943,0.0999998630,-0.0000000702,36.2181830201,25.6290082562,11.1000000000,1.0000000000,273.0931724749
49.6500000000,0.0000000000,273.3683349431,5.5032477860,0.0999998632,-0.0000000701,36.2229156828,25.6299354326,11.1000000000,1.0000000000,273.3683349431
49.7000000000,0.0000000000,273.6434972361,5.5032442827,0.0999998634,-0.0000000700,36.2276417518,25.6308627811,11.1000000000,1.0000000000,273.6434972361
49.7500000000,0.0000000000,273.9186593540,5.5032407841,0.0999998636,-0.0000000699,36.2323612389,25.6317903008,11.1000000000,1.0000000000,273.9186593540
49.8000000000,0.0000000000,274.1938212971,5.5032372905,0.0999998638,-0.0000000698,36.2370741557,25.6327179910,11.1000000000,1.0000000000,274.1938212971
49.8500000000,0.0000000000,274.4689830657,5.5032338017,0.0999998640,-0.0000000697,36.2417805138,25.6336458511,11.1000000000,1.0000000000,274.4689830657
49.9000000000,0.0000000000,274.7441446599,5.5032303178,0.0999998642,-0.0000000696,36.2464803250,25.6345738803,11.1000000000,1.0000000000,274.7441446599
49.9500000000,0.0000000000,275.0193060801,5.5032268387,0.0999998644,-0.0000000695,36.2511736009,25.6355020778,11.1000000000,1.0000000000,275.0193060801
50.0000000000,0.0000000000,275.2944673265,5.5032233645,0.0999998646,-0.0000000694,36.2558603531,25.6364304431,11.1000000000,1.0000000000,275.2944673265
50.0500000000,0.0000000000,275.5696283993,5.5032198951,0.0999998647,-0.0000000693,36.2605405932,25.6373589753,11.1000000000,1.0000000000,275.5696283993
50.1000000000,0.0000000000,275.8447892988,5.5032164305,0.0999998649,-0.0000000692,36.2652143327,25.6382876737,11.1000000000,1.0000000000,275.8447892988
50.1500000000,0.0000000000,276.1199500251,5.5032129707,0.0999998651,-0.0000000692,36.2698815833,25.6392165376,11.1000000000,1.0000000000,276.1199500251
50.2000000000,0.0000000000,276.3951105786,5.5032095157,0.0999998653,-0.0000000691,36.2745423564,25.6401455664,11.1000000000,1.0000000000,276.3951105786
50.2500000000,0.0000000000,276.6702709595,5.5032060655,0.0999998655,-0.0000000690,36.2791966636,25.6410747593,11.1000000000,1.0000000000,276.6702709595
50.3000000000,0.0000000000,276.9454311680,5.5032026201,0.0999998657,-0.0000000689,36.2838445163,25.6420041156,11.1000000000,1.0000000000,276.9454311680
50.3500000000,0.0000000000,277.2205912044,5.5031991795,0.0999998659,-0.0000000688,36.2884859260,25.6429336346,11.1000000000,1.0000000000,277.2205912044
50.4000000000,0.0000000000,277.4957510689,5.5031957437,0.0999998661,-0.0000000687,36.2931209042,25.6438633156,11.1000000000,1.0000000000,277.4957510689
50.4500000000,0.0000000000,277.7709107617,5.5031923126,0.0999998662,-0.0000000686,36.2977494623,25.6447931578,11.1000000000,1.0000000000,277.7709107617
50.5000000000,0.0000000000,278.0460702830,5.5031888862,0.0999998664,-0.0000000685,36.3023716116,25.6457231607,11.1000000000,1.0000000000,278.0460702830
50.5500000000,0.0000000000,278.3212296332,5.5031854646,0.0999998666,-0.0000000684,36.3069873636,25.6466533234,11.1000000000,1.0000000000,278.3212296332
50.6000000000,0.0000000000,278.5963888125,5.5031820477,0.0999998668,-0.0000000683,36.3115967297,25.6475836453,11.1000000000,1.0000000000,278.5963888125
50.6500000000,0.0000000000,278.8715478210,5.5031786356,0.0999998670,-0.0000000682,36.3161997211,25.6485141258,11.1000000000,1.0000000000,278.8715478210
50.7000000000,0.0000000000,279.1467066591,5.5031752282,0.0999998672,-0.0000000681,36.3207963491,25.6494447640,11.1000000000,1.0000000000,279.1467066591
50.7500000000,0.0000000000,279.4218653269,5.5031718254,0.0999998673,-0.0000000680,36.3253866252,25.6503755593,11.1000000000,1.0000000000,279.4218653269
50.8000000000,0.0000000000,279.6970238247,5.5031684274,0.0999998675,-0.0000000679,36.3299705606,25.6513065110,11.1000000000,1.0000000000,279.6970238247
50.8500000000,0.0000000000,279.9721821527,5.5031650341,0.0999998677,-0.0000000678,36.3345481664,25.6522376184,11.1000000000,1.0000000000,279.9721821527
50.9000000000,0.0000000000,280.2473403112,5.5031616454,0.0999998679,-0.0000000677,36.3391194540,25.6531688808,11.1000000000,1.0000000000,280.2473403112
50.9500000000,0.0000000000,280.5224983004,5.5031582615,0.0999998681,-0.0000000676,36.3436844346,25.6541002976,11.1000000000,1.0000000000,280.5224983004
51.0000000000,0.0000000000,280.7976561205,5.5031548822,0.0999998683,-0.0000000675,36.3482431193,25.6550318680,11.1000000000,1.0000000000,280.7976561205
51.0500000000,0.0000000000,281.0728137718,5.5031515075,0.0999998684,-0.0000000675,36.3527955194,25.6559635913,11.1000000000,1.0000000000,281.0728137718
51.1000000000,0.0000000000,281.3479712545,5.5031481375,0.0999998686,-0.0000000674,36.3573416460,25.6568954670,11.1000000000,1.0000000000,281.3479712545
51.1500000000,0.0000000000,281.6231285688,5.5031447722,0.0999998688,-0.0000000673,36.3618815102,25.6578274942,11.1000000000,1.0000000000,281.6231285688
51.2000000000,0.0000000000,281.8982857150,5.5031414115,0.0999998690,-0.0000000672,36.3664151232,25.6587596723,11.1000000000,1.0000000000,281.8982857150
51.2500000000,0.0000000000,282.1734426933,5.5031380554,0.0999998692,-0.0000000671,36.3709424960,25.6596920006,11.1000000000,1.0000000000,282.1734426933
51.3000000000,0.0000000000,282.4485995038,5.5031347039,0.0999998693,-0.0000000670,36.3754636397,25.6606244785,11.1000000000,1.0000000000,282.4485995038
51.3500000000,0.0000000000,282.7237561470,5.5031313570,0.0999998695,-0.0000000669,36.3799785653,25.6615571052,11.1000000000,1.0000000000,282.7237561470
51.4000000000,0.0000000000,282.9989126229,5.5031280148,0.0999998697,-0.0000000668,36.3844872840,25.6624898801,11.1000000000,1.0000000000,282.9989126229
51.4500000000,0.0000000000,283.2740689318,5.5031246771,0.0999998699,-0.0000000667,36.3889898066,25.6634228025,11.1000000000,1.0000000000,283.2740689318
51.5000000000,0.0000000000,283.5492250740,5.5031213440,0.0999998701,-0.0000000666,36.3934861442,25.6643558718,11.1000000000,1.0000000000,283.5492250740
51.5500000000,0.0000000000,283.8243810497,5.5031180155,0.0999998702,-0.0000000665,36.3979763078,25.6652890872,11.1000000000,1.0000000000,283.8243810497
51.6000000000,0.0000000000,284.0995368590,5.5031146916,0.0999998704,-0.0000000664,36.4024603083,25.6662224481,11.1000000000,1.0000000000,284.0995368590
51.6500000000,0.0000000000,284.3746925023,5.5031113722,0.0999998706,-0.0000000663,36.4069381567,25.6671559538,11.1000000000,1.0000000000,284.3746925023
51.7000000000,0.0000000000,284.6498479797,5.5031080574,0.0999998708,-0.0000000663,36.4114098638,25.6680896037,11.1000000000,1.0000000000,284.6498479797
51.7500000000,0.0000000000,284.9250032915,5.5031047471,0.0999998709,-0.0000000662,36.4158754405,25.6690233970,11.1000000000,1.0000000000,284.9250032915
51.8000000000,0.0000000000,285.2001584380,5.5031014414,0.0999998711,-0.0000000661,36.4203348978,25.6699573331,11.1000000000,1.0000000000,285.2001584380
51.8500000000,0.0000000000,285.4753134192,5.5030981401,0.0999998713,-0.0000000660,36.4247882464,25.6708914114,11.1000000000,1.0000000000,285.4753134192
51.9000000000,0.0000000000,285.7504682356,5.5030948435,0.0999998715,-0.0000000659,36.4292354973,25.6718256312,11.1000000000,1.0000000000,285.7504682356
51.9500000000,0.0000000000,286.0256228872,5.5030915513,0.0999998717,-0.0000000658,36.4336766611,25.6727599918,11.1000000000,1.0000000000,286.0256228872
52.0000000000,0.0000000000,286.3007773743,5.5030882636,0.0999998718,-0.0000000657,36.4381117487,25.6736944925,11.1000000000,1.0000000000,286.3007773743
52.0500000000,0.0000000000,286.5759316972,5.5030849804,0.0999998720,-0.0000000656,36.4425407709,25.6746291328,11.1000000000,1.0000000000,286.5759316972
52.1000000000,0.0000000000,286.8510858560,5.5030817017,0.0999998722,-0.0000000655,36.4469637384,25.6755639118,11.1000000000,1.0000000000,286.8510858560
52.1500000000,0.0000000000,287.1262398511,5.5030784275,0.0999998724,-0.0000000654,36.4513806620,25.6764988291,11.1000000000,1.0000000000,287.1262398511
52.2000000000,0.0000000000,287.4013936825,5.5030751578,0.0999998725,-0.0000000654,36.4557915523,25.6774338839,11.1000000000,1.0000000000,287.4013936825
52.2500000000,0.0000000000,287.6765473506,5.5030718925,0.0999998727,-0.0000000653,36.4601964201,25.6783690755,11.1000000000,1.0000000000,287.6765473506
52.3000000000,0.0000000000,287.9517008555,5.5030686317,0.0999998729,-0.0000000652,36.4645952759,25.6793044034,11.1000000000,1.0000000000,287.9517008555
52.3500000000,0.0000000000,288.2268541975,5.5030653753,0.0999998731,-0.0000000651,36.4689881306,25.6802398668,11.1000000000,1.0000000000,288.2268541975
52.4000000000,0.0000000000,288.5020073768,5.5030621234,0.0999998732,-0.0000000650,36.4733749947,25.6811754651,11.1000000000,1.0000000000,288.5020073768
52.4500000000,0.0000000000,288.7771603937,5.5030588759,0.0999998734,-0.0000000649,36.4777558788,25.6821111977,11.1000000000,1.0000000000,288.7771603937
52.5000000000,0.0000000000,289.0523132483,5.5030556328,0.0999998736,-0.0000000648,36.4821307935,25.6830470639,11.1000000000,1.0000000000,289.0523132483
52.5500000000,0.0000000000,289.3274659408,5.5030523941,0.0999998737,-0.0000000647,36.4864997494,25.6839830631,11.1000000000,1.0000000000,289.3274659408
52.6000000000,0.0000000000,289.6026184716,5.5030491599,0.0999998739,-0.0000000646,36.4908627570,25.6849191946,11.1000000000,1.0000000000,289.6026184716
52.6500000000,0.0000000000,289.8777708407,5.5030459301,0.0999998741,-0.0000000646,36.4952198269,25.6858554577,11.1000000000,1.0000000000,289.8777708407
52.7000000000,0.0000000000,290.1529230485,5.5030427046,0.0999998743,-0.0000000645,36.4995709697,25.6867918519,11.1000000000,1.0000000000,290.1529230485
52.7500000000,0.0000000000,290.4280750951,5.5030394835,0.0999998744,-0.0000000644,36.5039161957,25.6877283765,11.1000000000,1.0000000000,290.4280750951
52.8000000000,0.0000000000,290.7032269808,5.5030362669,0.0999998746,-0.0000000643,36.5082555154,25.6886650308,11.1000000000,1.0000000000,290.7032269808
52.8500000000,0.0000000000,290.9783787058,5.5030330546,0.0999998748,-0.0000000642,36.5125889394,25.6896018142,11.1000000000,1.0000000000,290.9783787058
52.9000000000,0.0000000000,291.2535302703,5.5030298466,0.0999998749,-0.0000000641,36.5169164781,25.6905387261,11.1000000000,1.0000000000,291.2535302703
52.9500000000,0.0000000000,291.5286816745,5.5030266430,0.0999998751,-0.0000000640,36.5212381419,25.6914757658,11.1000000000,1.0000000000,291.5286816745
53.0000000000,0.0000000000,291.8038329187,5.5030234437,0.0999998753,-0.0000000639,36.5255539411,25.6924129327,11.1000000000,1.0000000000,291.8038329187
53.0500000000,0.0000000000,292.0789840030,5.5030202488,0.0999998754,-0.0000000639,36.5298638862,25.6933502262,11.1000000000,1.0000000000,292.0789840030
53.1000000000,0.0000000000,292.3541349277,5.5030170583,0.0999998756,-0.0000000638,36.5341679876,25.6942876456,11.1000000000,1.0000000000,292.3541349277
53.1500000000,0.0000000000,292.6292856929,5.5030138720,0.0999998758,-0.0000000637,36.5384662555,25.6952251903,11.1000000000,1.0000000000,292.6292856929
53.2000000000,0.0000000000,292.9044362990,5.5030106901,0.0999998760,-0.0000000636,36.5427587003,25.6961628597,11.1000000000,1.0000000000,292.9044362990
53.2500000000,0.0000000000,293.1795867461,5.5030075124,0.0999998761,-0.0000000635,36.5470453323,25.6971006531,11.1000000000,1.0000000000,293.1795867461
53.3000000000,0.0000000000,293.4547370345,5.5030043391,0.0999998763,-0.0000000634,36.5513261618,25.6980385699,11.1000000000,1.0000000000,293.4547370345
53.3500000000,0.0000000000,293.7298871643,5.5030011701,0.0999998765,-0.0000000633,36.5556011991,25.6989766094,11.1000000000,1.0000000000,293.7298871643
53.4000000000,0.0000000000,294.0050371357,5.5029980053,0.0999998766,-0.0000000633,36.5598704543,25.6999147712,11.1000000000,1.0000000000,294.0050371357
53.4500000000,0.0000000000,294.2801869490,5.5029948449,0.0999998768,-0.0000000632,36.5641339378,25.7008530544,11.1000000000,1.0000000000,294.2801869490
53.5000000000,0.0000000000,294.5553366045,5.5029916887,0.0999998770,-0.0000000631,36.5683916598,25.7017914586,11.1000000000,1.0000000000,294.5553366045
53.5500000000,0.0000000000,294.8304861022,5.5029885368,0.0999998771,-0.0000000630,36.5726436304,25.7027299830,11.1000000000,1.0000000000,294.8304861022
53.6000000000,0.0000000000,295.1056354425,5.5029853891,0.0999998773,-0.0000000629,36.5768898598,25.7036686271,11.1000000000,1.0000000000,295.1056354425
53.6500000000,0.0000000000,295.3807846255,5.5029822456,0.0999998775,-0.0000000628,36.5811303581,25.7046073903,11.1000000000,1.0000000000,295.3807846255
53.7000000000,0.0000000000,295.6559336514,5.5029791065,0.0999998776,-0.0000000627,36.5853651356,25.7055462719,11.1000000000,1.0000000000,295.6559336514
53.7500000000,0.0000000000,295.9310825205,5.5029759715,0.0999998778,-0.0000000627,36.5895942023,25.7064852712,11.1000000000,1.0000000000,295.9310825205
53.8000000000,0.0000000000,296.2062312330,5.5029728408,0.0999998779,-0.0000000626,36.5938175683,25.7074243878,11.1000000000,1.0000000000,296.2062312330
53.8500000000,0.0000000000,296.4813797890,5.5029697143,0.0999998781,-0.0000000625,36.5980352437,25.7083636209,11.1000000000,1.0000000000,296.4813797890
53.9000000000,0.0000000000,296.7565281888,5.5029665920,0.0999998783,-0.0000000624,36.6022472385,25.7093029700,11.1000000000,1.0000000000,296.7565281888
53.9500000000,0.0000000000,297.0316764327,5.5029634739,0.0999998784,-0.0000000623,36.6064535629,25.7102424345,11.1000000000,1.0000000000,297.0316764327
54.0000000000,0.0000000000,297.3068245207,5.5029603600,0.0999998786,-0.0000000622,36.6106542268,25.7111820137,11.1000000000,1.0000000000,297.3068245207
54.0500000000,0.0000000000,297.5819724532,5.5029572503,0.0999998788,-0.0000000622,36.6148492402,25.7121217070,11.1000000000,1.0000000000,297.5819724532
54.1000000000,0.0000000000,297.8571202303,5.5029541447,0.0999998789,-0.0000000621,36.6190386132,25.7130615138,11.1000000000,1.0000000000,297.8571202303
54.1500000000,0.0000000000,298.1322678522,5.5029510434,0.0999998791,-0.0000000620,36.6232223556,25.7140014336,11.1000000000,1.0000000000,298.1322678522
54.2000000000,0.0000000000,298.4074153192,5.5029479462,0.0999998793,-0.0000000619,36.6274004775,25.7149414656,11.1000000000,1.0000000000,298.4074153192
54.2500000000,0.0000000000,298.6825626314,5.5029448532,0.0999998794,-0.0000000618,36.6315729888,25.7158816094,11.1000000000,1.0000000000,298.6825626314
54.3000000000,0.0000000000,298.9577097891,5.5029417643,0.0999998796,-0.0000000617,36.6357398993,25.7168218642,11.1000000000,1.0000000000,298.9577097891
54.3500000000,0.0000000000,299.2328567925,5.5029386796,0.0999998797,-0.0000000617,36.6399012190,25.7177622296,11.1000000000,1.0000000000,299.2328567925
54.4000000000,0.0000000000,299.5080036417,5.5029355990,0.0999998799,-0.0000000616,36.6440569578,25.7187027048,11.1000000000,1.0000000000,299.5080036417
54.4500000000,0.0000000000,299.7831503371,5.5029325225,0.0999998801,-0.0000000615,36.6482071256,25.7196432893,11.1000000000,1.0000000000,299.7831503371
54.5000000000,0.0000000000,300.0582968787,5.5029294502,0.0999998802,-0.0000000614,36.6523517321,25.7205839825,11.1000000000,1.0000000000,300.0582968787
54.5500000000,0.0000000000,300.3334432668,5.5029263819,0.0999998804,-0.0000000613,36.6564907871,25.7215247839,11.1000000000,1.0000000000,300.3334432668
54.6000000000,0.0000000000,300.6085895016,5.5029233178,0.0999998805,-0.0000000612,36.6606243006,25.7224656927,11.1000000000,1.0000000000,300.6085895016
54.6500000000,0.0000000000,300.8837355833,5.5029202578,0.0999998807,-0.0000000612,36.6647522823,25.7234067084,11.1000000000,1.0000000000,300.8837355833
54.7000000000,0.0000000000,301.1588815122,5.5029172019,0.0999998809,-0.0000000611,36.6688747419,25.7243478304,11.1000000000,1.0000000000,301.1588815122
54.7500000000,0.0000000000,301.4340272883,5.5029141500,0.0999998810,-0.0000000610,36.6729916892,25.7252890581,11.1000000000,1.0000000000,301.4340272883
54.8000000000,0.0000000000,301.7091729120,5.5029111023,0.0999998812,-0.0000000609,36.6771031340,25.7262303910,11.1000000000,1.0000000000,301.7091729120
54.8500000000,0.0000000000,301.9843183834,5.5029080586,0.0999998813,-0.0000000608,36.6812090859,25.7271718284,11.1000000000,1.0000000000,301.9843183834
54.9000000000,0.0000000000,302.2594637027,5.5029050190,0.0999998815,-0.0000000608,36.6853095547,25.7281133697,11.1000000000,1.0000000000,302.2594637027
54.9500000000,0.0000000000,302.5346088702,5.5029019834,0.0999998817,-0.0000000607,36.6894045500,25.7290550144,11.1000000000,1.0000000000,302.5346088702
55.0000000000,0.0000000000,302.8097538860,5.5028989519,0.0999998818,-0.0000000606,36.6934940815,25.7299967619,11.1000000000,1.0000000000,302.8097538860
55.0500000000,0.0000000000,303.0848987503,5.5028959244,0.0999998820,-0.0000000605,36.6975781589,25.7309386115,11.1000000000,1.0000000000,303.0848987503
55.1000000000,0.0000000000,303.3600434633,5.5028929010,0.0999998821,-0.0000000604,36.7016567917,25.7318805628,11.1000000000,1.0000000000,303.3600434633
55.1500000000,0.0000000000,303.6351880253,5.5028898816,0.0999998823,-0.0000000604,36.7057299896,25.7328226150,11.1000000000,1.0000000000,303.6351880253
55.2000000000,0.0000000000,303.9103324365,5.5028868662,0.0999998824,-0.0000000603,36.7097977622,25.7337647677,11.1000000000,1.0000000000,303.9103324365
55.2500000000,0.0000000000,304.1854766970,5.5028838548,0.0999998826,-0.0000000602,36.7138601190,25.7347070202,11.1000000000,1.0000000000,304.1854766970
55.3000000000,0.0000000000,304.4606208070,5.5028808475,0.0999998828,-0.0000000601,36.7179170696,25.7356493720,11.1000000000,1.0000000000,304.4606208070
55.3500000000,0.0000000000,304.7357647667,5.5028778441,0.0999998829,-0.0000000600,36.7219686235,25.7365918225,11.1000000000,1.0000000000,304.7357647667
55.4000000000,0.0000000000,305.0109085765,5.5028748447,0.0999998831,-0.0000000600,36.7260147903,25.7375343711,11.1000000000,1.0000000000,305.0109085765
55.4500000000,0.0000000000,305.2860522363,5.5028718494,0.0999998832,-0.0000000599,36.7300555795,25.7384770172,11.1000000000,1.0000000000,305.2860522363
55.5000000000,0.0000000000,305.5611957465,5.5028688580,0.0999998834,-0.0000000598,36.7340910006,25.7394197603,11.1000000000,1.0000000000,305.5611957465
55.5500000000,0.0000000000,305.8363391072,5.5028658705,0.0999998835,-0.0000000597,36.7381210629,25.7403625997,11.1000000000,1.0000000000,305.8363391072
55.6000000000,0.0000000000,306.1114823187,5.5028628871,0.0999998837,-0.0000000596,36.7421457760,25.7413055350,11.1000000000,1.0000000000,306.1114823187
55.6500000000,0.0000000000,306.3866253811,5.5028599076,0.0999998838,-0.0000000596,36.7461651494,25.7422485655,11.1000000000,1.0000000000,306.3866253811
55.7000000000,0.0000000000,306.6617682946,5.5028569320,0.0999998840,-0.0000000595,36.7501791923,25.7431916907,11.1000000000,1.0000000000,306.6617682946
55.7500000000,0.0000000000,306.9369110595,5.5028539604,0.0999998842,-0.0000000594,36.7541879143,25.7441349100,11.1000000000,1.0000000000,306.9369110595
55.8000000000,0.0000000000,307.2120536759,5.5028509927,0.0999998843,-0.0000000593,36.7581913247,25.7450782228,11.1000000000,1.0000000000,307.2120536759
55.8500000000,0.0000000000,307.4871961440,5.5028480290,0.0999998845,-0.0000000592,36.7621894328,25.7460216286,11.1000000000,1.0000000000,307.4871961440
55.9000000000,0.0000000000,307.7623384640,5.5028450692,0.0999998846,-0.0000000592,36.7661822481,25.7469651267,11.1000000000,1.0000000000,307.7623384640
55.9500000000,0.0000000000,308.0374806362,5.5028421133,0.0999998848,-0.0000000591,36.7701697798,25.7479087167,11.1000000000,1.0000000000,308.0374806362
56.0000000000,0.0000000000,308.3126226606,5.5028391613,0.0999998849,-0.0000000590,36.7741520373,25.7488523980,11.1000000000,1.0000000000,308.3126226606
56.0500000000,0.0000000000,308.5877645376,5.5028362132,0.0999998851,-0.0000000589,36.7781290298,25.7497961700,11.1000000000,1.0000000000,308.5877645376
56.1000000000,0.0000000000,308.8629062673,5.5028332690,0.0999998852,-0.0000000588,36.7821007667,25.7507400320,11.1000000000,1.0000000000,308.8629062673
56.1500000000,0.0000000000,309.1380478499,5.5028303287,0.0999998854,-0.0000000588,36.7860672572,25.7516839837,11.1000000000,1.0000000000,309.1380478499
56.2000000000,0.0000000000,309.4131892855,5.5028273923,0.0999998855,-0.0000000587,36.7900285105,25.7526280244,11.1000000000,1.0000000000,309.4131892855
56.2500000000,0.0000000000,309.6883305745,5.5028244597,0.0999998857,-0.0000000586,36.7939845359,25.7535721536,11.1000000000,1.0000000000,309.6883305745
56.3000000000,0.0000000000,309.9634717169,5.5028215311,0.0999998858,-0.0000000585,36.7979353426,25.7545163706,11.1000000000,1.0000000000,309.9634717169
56.3500000000,0.0000000000,310.2386127130,5.5028186062,0.0999998860,-0.0000000585,36.8018809397,25.7554606750,11.1000000000,1.0000000000,310.2386127130
56.4000000000,0.0000000000,310.5137535630,5.5028156853,0.0999998861,-0.0000000584,36.8058213366,25.7564050662,11.1000000000,1.0000000000,310.5137535630
56.4500000000,0.0000000000,310.7888942670,5.5028127682,0.0999998863,-0.0000000583,36.8097565422,25.7573495437,11.1000000000,1.0000000000,310.7888942670
56.5000000000,0.0000000000,311.0640348253,5.5028098549,0.0999998864,-0.0000000582,36.8136865658,25.7582941068,11.1000000000,1.0000000000,311.0640348253
56.5500000000,0.0000000000,311.3391752380,5.5028069455,0.0999998866,-0.0000000582,36.8176114165,25.7592387550,11.1000000000,1.0000000000,311.3391752380
56.6000000000,0.0000000000,311.6143155054,5.5028040399,0.0999998867,-0.0000000581,36.8215311034,25.7601834878,11.1000000000,1.0000000000,311.6143155054
56.6500000000,0.0000000000,311.8894556276,5.5028011381,0.0999998869,-0.0000000580,36.8254456355,25.7611283047,11.1000000000,1.0000000000,311.8894556276
56.7000000000,0.0000000000,312.1645956047,5.5027982401,0.0999998870,-0.0000000579,36.8293550221,25.7620732050,11.1000000000,1.0000000000,312.1645956047
56.7500000000,0.0000000000,312.4397354371,5.5027953459,0.0999998872,-0.0000000578,36.8332592721,25.7630181883,11.1000000000,1.0000000000,312.4397354371
56.8000000000,0.0000000000,312.7148751249,5.5027924556,0.0999998873,-0.0000000578,36.8371583945,25.7639632540,11.1000000000,1.0000000000,312.7148751249
56.8500000000,0.0000000000,312.9900146683,5.5027895690,0.0999998875,-0.0000000577,36.8410523984,25.7649084015,11.1000000000,1.0000000000,312.9900146683
56.9000000000,0.0000000000,313.2651540675,5.5027866862,0.0999998876,-0.0000000576,36.8449412929,25.7658536303,11.1000000000,1.0000000000,313.2651540675
56.9500000000,0.0000000000,313.5402933226,5.5027838072,0.0999998878,-0.0000000575,36.8488250869,25.7667989398,11.1000000000,1.0000000000,313.5402933226
57.0000000000,0.0000000000,313.8154324339,5.5027809320,0.0999998879,-0.0000000575,36.8527037893,25.7677443296,11.1000000000,1.0000000000,313.8154324339
57.0500000000,0.0000000000,314.0905714015,5.5027780605,0.0999998881,-0.0000000574,36.8565774092,25.7686897990,11.1000000000,1.0000000000,314.0905714015
57.1000000000,0.0000000000,314.3657102257,5.5027751928,0.0999998882,-0.0000000573,36.8604459555,25.7696353476,11.1000000000,1.0000000000,314.3657102257
57.1500000000,0.0000000000,314.6408489065,5.5027723289,0.0999998883,-0.0000000572,36.8643094370,25.7705809748,11.1000000000,1.0000000000,314.6408489065
57.2000000000,0.0000000000,314.9159874443,5.5027694687,0.0999998885,-0.0000000572,36.8681678628,25.7715266800,11.1000000000,1.0000000000,314.9159874443
57.2500000000,0.0000000000,315.1911258392,5.5027666123,0.0999998886,-0.0000000571,36.8720212418,25.7724724627,11.1000000000,1.0000000000,315.1911258392
57.3000000000,0.0000000000,315.4662640913,5.5027637595,0.0999998888,-0.0000000570,36.8758695827,25.7734183224,11.1000000000,1.0000000000,315.4662640913
57.3500000000,0.0000000000,315.7414022009,5.5027609106,0.0999998889,-0.0000000569,36.8797128945,25.7743642586,11.1000000000,1.0000000000,315.7414022009
57.4000000000,0.0000000000,316.0165401682,5.5027580653,0.0999998891,-0.0000000569,36.8835511860,25.7753102707,11.1000000000,1.0000000000,316.0165401682
57.4500000000,0.0000000000,316.2916779933,5.5027552237,0.0999998892,-0.0000000568,36.8873844660,25.7762563582,11.1000000000,1.0000000000,316.2916779933
57.5000000000,0.0000000000,316.5668156764,5.5027523859,0.0999998894,-0.0000000567,36.8912127434,25.7772025205,11.1000000000,1.0000000000,316.5668156764
57.5500000000,0.0000000000,316.8419532178,5.5027495518,0.0999998895,-0.0000000566,36.8950360269,25.7781487571,11.1000000000,1.0000000000,316.8419532178
57.6000000000,0.0000000000,317.1170906175,5.5027467213,0.0999998897,-0.0000000566,36.8988543254,25.7790950675,11.1000000000,1.0000000000,317.1170906175
57.6500000000,0.0000000000,317.3922278758,5.5027438945,0.0999998898,-0.0000000565,36.9026676475,25.7800414512,11.1000000000,1.0000000000,317.3922278758
57.7000000000,0.0000000000,317.6673649929,5.5027410715,0.0999998899,-0.0000000564,36.9064760021,25.7809879077,11.1000000000,1.0000000000,317.6673649929
57.7500000000,0.0000000000,317.9425019689,5.5027382521,0.0999998901,-0.0000000564,36.9102793979,25.7819344363,11.1000000000,1.0000000000,317.9425019689
57.8000000000,0.0000000000,318.2176388041,5.5027354363,0.0999998902,-0.0000000563,36.9140778435,25.7828810366,11.1000000000,1.0000000000,318.2176388041
57.8500000000,0.0000000000,318.4927754986,5.5027326243,0.0999998904,-0.0000000562,36.9178713478,25.7838277081,11.1000000000,1.0000000000,318.4927754986
57.9000000000,0.0000000000,318.7679120525,5.5027298159,0.0999998905,-0.0000000561,36.9216599193,25.7847744503,11.1000000000,1.0000000000,318.7679120525
57.9500000000,0.0000000000,319.0430484662,5.5027270111,0.0999998907,-0.0000000561,36.9254435668,25.7857212625,11.1000000000,1.0000000000,319.0430484662
58.0000000000,0.0000000000,319.3181847397,5.5027242100,0.0999998908,-0.0000000560,36.9292222989,25.7866681443,11.1000000000,1.0000000000,319.3181847397
58.0500000000,0.0000000000,319.5933208732,5.5027214125,0.0999998909,-0.0000000559,36.9329961242,25.7876150953,11.1000000000,1.0000000000,319.5933208732
58.1000000000,0.0000000000,319.8684568670,5.5027186187,0.0999998911,-0.0000000558,36.9367650514,25.7885621147,11.1000000000,1.0000000000,319.8684568670
58.1500000000,0.0000000000,320.1435927212,5.5027158284,0.0999998912,-0.0000000558,36.9405290890,25.7895092022,11.1000000000,1.0000000000,320.1435927212
58.2000000000,0.0000000000,320.4187284360,5.5027130418,0.0999998914,-0.0000000557,36.9442882457,25.7904563573,11.1000000000,1.0000000000,320.4187284360
58.2500000000,0.0000000000,320.6938640115,5.5027102588,0.0999998915,-0.0000000556,36.9480425301,25.7914035793,11.1000000000,1.0000000000,320.6938640115
58.3000000000,0.0000000000,320.9689994480,5.5027074795,0.0999998916,-0.0000000556,36.9517919506,25.7923508679,11.1000000000,1.0000000000,320.9689994480
58.3500000000,0.0000000000,321.2441347456,5.5027047037,0.0999998918,-0.0000000555,36.9555365158,25.7932982224,11.1000000000,1.0000000000,321.2441347456
58.4000000000,0.0000000000,321.5192699046,5.5027019315,0.0999998919,-0.0000000554,36.9592762343,25.7942456424,11.1000000000,1.0000000000,321.5192699046
58.4500000000,0.0000000000,321.7944049250,5.5026991629,0.0999998921,-0.0000000553,36.9630111146,25.7951931273,11.1000000000,1.0000000000,321.7944049250
58.5000000000,0.0000000000,322.0695398071,5.5026963978,0.0999998922,-0.0000000553,36.9667411651,25.7961406767,11.1000000000,1.0000000000,322.0695398071
58.5500000000,0.0000000000,322.3446745510,5.5026936364,0.0999998923,-0.0000000552,36.9704663944,25.7970882900,11.1000000000,1.0000000000,322.3446745510
58.6000000000,0.0000000000,322.6198091570,5.5026908785,0.0999998925,-0.0000000551,36.9741868108,25.7980359668,11.1000000000,1.0000000000,322.6198091570
58.6500000000,0.0000000000,322.8949436251,5.5026881242,0.0999998926,-0.0000000551,36.9779024230,25.7989837064,11.1000000000,1.0000000000,322.8949436251
58.7000000000,0.0000000000,323.1700779557,5.5026853734,0.0999998928,-0.0000000550,36.9816132392,25.7999315085,11.1000000000,1.0000000000,323.1700779557
58.7500000000,0.0000000000,323.4452121488,5.5026826262,0.0999998929,-0.0000000549,36.9853192679,25.8008793725,11.1000000000,1.0000000000,323.4452121488
58.8000000000,0.0000000000,323.7203462046,5.5026798825,0.0999998930,-0.0000000548,36.9890205175,25.8018272979,11.1000000000,1.0000000000,323.7203462046
58.8500000000,0.0000000000,323.9954801234,5.5026771424,0.0999998932,-0.0000000548,36.9927169965,25.8027752842,11.1000000000,1.0000000000,323.9954801234
58.9000000000,0.0000000000,324.2706139052,5.5026744058,0.0999998933,-0.0000000547,36.9964087131,25.8037233309,11.1000000000,1.0000000000,324.2706139052
58.9500000000,0.0000000000,324.5457475504,5.5026716727,0.0999998934,-0.0000000546,37.0000956757,25.8046714375,11.1000000000,1.0000000000,324.5457475504
59.0000000000,0.0000000000,324.8208810589,5.5026689431,0.0999998936,-0.0000000546,37.0037778926,25.8056196035,11.1000000000,1.0000000000,324.8208810589
59.0500000000,0.0000000000,325.0960144311,5.5026662170,0.0999998937,-0.0000000545,37.0074553723,25.8065678284,11.1000000000,1.0000000000,325.0960144311
59.1000000000,0.0000000000,325.3711476671,5.5026634945,0.0999998939,-0.0000000544,37.0111281230,25.8075161117,11.1000000000,1.0000000000,325.3711476671
59.1500000000,0.0000000000,325.6462807670,5.5026607755,0.0999998940,-0.0000000543,37.0147961529,25.8084644529,11.1000000000,1.0000000000,325.6462807670
59.2000000000,0.0000000000,325.9214137311,5.5026580599,0.0999998941,-0.0000000543,37.0184594705,25.8094128515,11.1000000000,1.0000000000,325.9214137311
59.2500000000,0.0000000000,326.1965465595,5.5026553478,0.0999998943,-0.0000000542,37.0221180838,25.8103613070,11.1000000000,1.0000000000,326.1965465595
59.3000000000,0.0000000000,326.4716792524,5.5026526392,0.0999998944,-0.0000000541,37.0257720013,25.8113098189,11.1000000000,1.0000000000,326.4716792524
59.3500000000,0.0000000000,326.7468118099,5.5026499341,0.0999998945,-0.0000000541,37.0294212310,25.8122583868,11.1000000000,1.0000000000,326.7468118099
59.4000000000,0.0000000000,327.0219442323,5.5026472325,0.0999998947,-0.0000000540,37.0330657813,25.8132070101,11.1000000000,1.0000000000,327.0219442323
59.4500000000,0.0000000000,327.2970765197,5.5026445343,0.0999998948,-0.0000000539,37.0367056604,25.8141556883,11.1000000000,1.0000000000,327.2970765197
59.5000000000,0.0000000000,327.5722086723,5.5026418396,0.0999998949,-0.0000000539,37.0403408764,25.8151044210,11.1000000000,1.0000000000,327.5722086723
59.5500000000,0.0000000000,327.8473406903,5.5026391483,0.0999998951,-0.0000000538,37.0439714375,25.8160532076,11.1000000000,1.0000000000,327.8473406903
59.6000000000,0.0000000000,328.1224725738,5.5026364605,0.0999998952,-0.0000000537,37.0475973518,25.8170020478,11.1000000000,1.0000000000,328.1224725738
59.6500000000,0.0000000000,328.3976043229,5.5026337761,0.0999998953,-0.0000000537,37.0512186276,25.8179509409,11.1000000000,1.0000000000,328.3976043229
59.7000000000,0.0000000000,328.6727359380,5.5026310951,0.0999998955,-0.0000000536,37.0548352729,25.8188998865,11.1000000000,1.0000000000,328.6727359380
59.7500000000,0.0000000000,328.9478674191,5.5026284176,0.0999998956,-0.0000000535,37.0584472958,25.8198488841,11.1000000000,1.0000000000,328.9478674191
59.8000000000,0.0000000000,329.2229987664,5.5026257435,0.0999998957,-0.0000000535,37.0620547045,25.8207979332,11.1000000000,1.0000000000,329.2229987664
59.8500000000,0.0000000000,329.4981299802,5.5026230728,0.0999998959,-0.0000000534,37.0656575070,25.8217470334,11.1000000000,1.0000000000,329.4981299802
59.9000000000,0.0000000000,329.7732610604,5.5026204055,0.0999998960,-0.0000000533,37.0692557115,25.8226961842,11.1000000000,1.0000000000,329.7732610604
59.9500000000,0.0000000000,330.0483920074,5.5026177416,0.0999998961,-0.0000000532,37.0728493258,25.8236453850,11.1000000000,1.0000000000,330.0483920074
60.0000000000,0.0000000000,330.3235228213,5.5026150811,0.0999998963,-0.0000000532,37.0764383582,25.8245946355,11.1000000000,1.0000000000,330.3235228213
