id,request_s,completion_s,position_raw,position_rad,speed_raw,speed_rad_s,load_raw,voltage_raw,voltage_v,temperature_c,status,moving,current_raw,current_a_uncalibrated
4,0.000122539,0.006166442,2054,3.150796538,0,0.000000000,0,104,10.400,49,0,0,0,0.000000
5,0.006425041,0.012078400,2054,3.150796538,0,0.000000000,1054,105,10.500,47,0,0,0,0.000000
6,0.012335169,0.018238278,2057,3.155398481,0,0.000000000,1068,103,10.300,47,0,0,14,0.014000
7,0.018497311,0.024291747,2038,3.126252846,0,0.000000000,0,104,10.400,47,0,0,0,0.000000
8,0.024539850,0.030186261,2024,3.104777115,0,0.000000000,37,105,10.500,47,0,0,40,0.040000
9,0.030456889,0.036389194,2045,3.136990711,0,0.000000000,0,105,10.500,47,0,0,33,0.033000
10,0.036692764,0.042143160,2055,3.152330519,0,0.000000000,1054,104,10.400,48,0,0,0,0.000000
11,0.042398224,0.048312922,2066,3.169204308,0,0.000000000,1068,106,10.600,48,0,0,38,0.038000
12,0.048564702,0.054127940,2055,3.152330519,0,0.000000000,1054,104,10.400,46,0,0,0,0.000000
4,0.054423553,0.060312238,2054,3.150796538,0,0.000000000,0,104,10.400,49,0,0,0,0.000000
5,0.060577916,0.066212820,2054,3.150796538,0,0.000000000,1054,105,10.500,47,0,0,0,0.000000
6,0.066470937,0.072200528,2057,3.155398481,0,0.000000000,1068,103,10.300,47,0,0,14,0.014000
7,0.072471832,0.078161724,2038,3.126252846,0,0.000000000,0,104,10.400,47,0,0,0,0.000000
8,0.078411024,0.084089146,2024,3.104777115,0,0.000000000,37,105,10.500,47,0,0,40,0.040000
9,0.084344978,0.090114888,2045,3.136990711,0,0.000000000,0,105,10.500,48,0,0,33,0.033000
10,0.090378570,0.096320661,2055,3.152330519,0,0.000000000,1054,104,10.400,48,0,0,0,0.000000
11,0.096571320,0.101986236,2066,3.169204308,0,0.000000000,1068,106,10.600,48,0,0,39,0.039000
12,0.102233486,0.108061894,2055,3.152330519,0,0.000000000,1054,104,10.400,46,0,0,0,0.000000
4,0.108325770,0.114294108,2054,3.150796538,0,0.000000000,0,104,10.400,49,0,0,0,0.000000
5,0.114530187,0.120082457,2054,3.150796538,0,0.000000000,1054,105,10.500,47,0,0,0,0.000000
6,0.120332172,0.125983506,2057,3.155398481,0,0.000000000,1068,103,10.300,47,0,0,14,0.014000
7,0.126233227,0.131790499,2038,3.126252846,0,0.000000000,0,104,10.400,47,0,0,0,0.000000
8,0.132028282,0.138001143,2024,3.104777115,0,0.000000000,37,105,10.500,47,0,0,40,0.040000
9,0.138247401,0.143951107,2045,3.136990711,0,0.000000000,0,105,10.500,47,0,0,33,0.033000
10,0.144204566,0.150068535,2055,3.152330519,0,0.000000000,1054,104,10.400,48,0,0,0,0.000000
11,0.150305331,0.156047455,2066,3.169204308,0,0.000000000,1068,106,10.600,48,0,0,38,0.038000
12,0.156334670,0.161816823,2055,3.152330519,0,0.000000000,1054,104,10.400,46,0,0,0,0.000000
4,0.162056869,0.167881227,2054,3.150796538,0,0.000000000,0,104,10.400,49,0,0,0,0.000000
5,0.168123343,0.173907016,2054,3.150796538,0,0.000000000,1054,105,10.500,47,0,0,0,0.000000
6,0.174146262,0.179978345,2057,3.155398481,0,0.000000000,1068,103,10.300,47,0,0,13,0.013000
7,0.180240341,0.185769315,2038,3.126252846,0,0.000000000,0,104,10.400,47,0,0,0,0.000000
8,0.186009181,0.192005351,2024,3.104777115,0,0.000000000,37,105,10.500,47,0,0,40,0.040000
9,0.192272409,0.197888263,2045,3.136990711,0,0.000000000,0,105,10.500,48,0,0,33,0.033000
10,0.198134951,0.203834259,2055,3.152330519,0,0.000000000,1054,104,10.400,48,0,0,0,0.000000
11,0.204070551,0.209798682,2066,3.169204308,0,0.000000000,1068,106,10.600,48,0,0,38,0.038000
12,0.210068651,0.215868521,2055,3.152330519,0,0.000000000,1054,105,10.500,46,0,0,0,0.000000
4,0.216107195,0.221732961,2054,3.150796538,0,0.000000000,0,104,10.400,49,0,0,0,0.000000
5,0.221964758,0.227850269,2054,3.150796538,0,0.000000000,1054,105,10.500,47,0,0,0,0.000000
6,0.228079716,0.234032932,2057,3.155398481,0,0.000000000,1068,103,10.300,47,0,0,14,0.014000
7,0.234259095,0.239779756,2038,3.126252846,0,0.000000000,0,104,10.400,47,0,0,0,0.000000
8,0.239972533,0.245773836,2024,3.104777115,0,0.000000000,37,105,10.500,47,0,0,40,0.040000
9,0.245973788,0.251789566,2045,3.136990711,0,0.000000000,0,105,10.500,47,0,0,33,0.033000
10,0.251990736,0.257641263,2055,3.152330519,0,0.000000000,1054,104,10.400,48,0,0,0,0.000000
11,0.257835858,0.263851630,2066,3.169204308,0,0.000000000,1068,106,10.600,48,0,0,38,0.038000
12,0.264031918,0.269619503,2055,3.152330519,0,0.000000000,1054,105,10.500,46,0,0,0,0.000000
4,0.269753383,0.275600291,2054,3.150796538,0,0.000000000,0,104,10.400,49,0,0,0,0.000000
5,0.275734321,0.281676709,2054,3.150796538,0,0.000000000,1054,105,10.500,47,0,0,0,0.000000
6,0.281812596,0.287810216,2057,3.155398481,0,0.000000000,1068,103,10.300,47,0,0,14,0.014000
7,0.287950203,0.293795701,2038,3.126252846,0,0.000000000,0,104,10.400,47,0,0,0,0.000000
8,0.293938537,0.300047318,2024,3.104777115,0,0.000000000,37,105,10.500,47,0,0,40,0.040000
9,0.300194279,0.305888241,2045,3.136990711,0,0.000000000,0,105,10.500,48,0,0,33,0.033000
10,0.306036910,0.311865369,2055,3.152330519,0,0.000000000,1054,104,10.400,48,0,0,0,0.000000
11,0.312008800,0.317806268,2066,3.169204308,0,0.000000000,1068,106,10.600,48,0,0,38,0.038000
12,0.317960160,0.323842731,2055,3.152330519,0,0.000000000,1054,105,10.500,46,0,0,0,0.000000
4,0.324027897,0.329854283,2054,3.150796538,0,0.000000000,0,104,10.400,49,0,0,0,0.000000
5,0.330015941,0.335732321,2054,3.150796538,0,0.000000000,1054,105,10.500,47,0,0,0,0.000000
6,0.335891561,0.341790711,2057,3.155398481,0,0.000000000,1068,103,10.300,47,0,0,13,0.013000
7,0.341952408,0.347918536,2038,3.126252846,0,0.000000000,0,104,10.400,47,0,0,0,0.000000
8,0.348060021,0.353734375,2024,3.104777115,0,0.000000000,37,105,10.500,47,0,0,40,0.040000
9,0.353875817,0.359820829,2045,3.136990711,0,0.000000000,0,105,10.500,47,0,0,32,0.032000
10,0.359962195,0.365705745,2055,3.152330519,0,0.000000000,1054,104,10.400,48,0,0,0,0.000000
11,0.365845530,0.371654301,2066,3.169204308,0,0.000000000,1068,106,10.600,48,0,0,37,0.037000
12,0.371795691,0.377733302,2055,3.152330519,0,0.000000000,1054,105,10.500,46,0,0,0,0.000000
4,0.377871606,0.383945460,2054,3.150796538,0,0.000000000,0,104,10.400,49,0,0,0,0.000000
5,0.384096813,0.389666792,2054,3.150796538,0,0.000000000,1054,105,10.500,47,0,0,0,0.000000
6,0.389813811,0.395647555,2057,3.155398481,0,0.000000000,1068,103,10.300,47,0,0,13,0.013000
7,0.395793685,0.401739359,2038,3.126252846,0,0.000000000,0,104,10.400,47,0,0,0,0.000000
8,0.401886771,0.407866415,2024,3.104777115,0,0.000000000,37,105,10.500,47,0,0,40,0.040000
9,0.408025093,0.413875660,2045,3.136990711,0,0.000000000,0,105,10.500,47,0,0,33,0.033000
10,0.414083733,0.419987505,2055,3.152330519,0,0.000000000,1054,104,10.400,48,0,0,0,0.000000
11,0.420152066,0.425719389,2066,3.169204308,0,0.000000000,1068,106,10.600,48,0,0,38,0.038000
12,0.425889052,0.431914919,2055,3.152330519,0,0.000000000,1054,105,10.500,46,0,0,0,0.000000
4,0.432086997,0.437742323,2054,3.150796538,0,0.000000000,0,104,10.400,49,0,0,0,0.000000
5,0.437903705,0.443992261,2054,3.150796538,0,0.000000000,1054,105,10.500,47,0,0,0,0.000000
6,0.444157280,0.449972503,2057,3.155398481,0,0.000000000,1068,103,10.300,47,0,0,14,0.014000
7,0.450143036,0.456004410,2038,3.126252846,0,0.000000000,0,104,10.400,47,0,0,0,0.000000
8,0.456171344,0.461837660,2024,3.104777115,0,0.000000000,37,105,10.500,47,0,0,40,0.040000
9,0.462007946,0.467808390,2045,3.136990711,0,0.000000000,0,105,10.500,48,0,0,33,0.033000
10,0.467979109,0.473895975,2055,3.152330519,0,0.000000000,1054,104,10.400,48,0,0,0,0.000000
11,0.474059158,0.479973734,2066,3.169204308,0,0.000000000,1068,106,10.600,48,0,0,38,0.038000
12,0.480138929,0.485715519,2055,3.152330519,0,0.000000000,1054,105,10.500,46,0,0,0,0.000000
4,0.485878766,0.491962669,2054,3.150796538,0,0.000000000,0,104,10.400,49,0,0,0,0.000000
5,0.492133131,0.497951501,2054,3.150796538,0,0.000000000,1054,105,10.500,47,0,0,0,0.000000
6,0.498141853,0.504047106,2057,3.155398481,0,0.000000000,1068,103,10.300,47,0,0,14,0.014000
7,0.504213630,0.509865661,2038,3.126252846,0,0.000000000,0,104,10.400,47,0,0,0,0.000000
8,0.510036976,0.516039638,2024,3.104777115,0,0.000000000,37,105,10.500,47,0,0,40,0.040000
9,0.516231405,0.521985579,2045,3.136990711,0,0.000000000,0,105,10.500,48,0,0,33,0.033000
10,0.522178231,0.527982635,2055,3.152330519,0,0.000000000,1054,104,10.400,48,0,0,0,0.000000
11,0.528164688,0.533835539,2066,3.169204308,0,0.000000000,1068,106,10.600,48,0,0,38,0.038000
12,0.534035820,0.539786289,2055,3.152330519,0,0.000000000,1054,105,10.500,46,0,0,0,0.000000
4,0.539956843,0.546054582,2054,3.150796538,0,0.000000000,0,104,10.400,49,0,0,0,0.000000
5,0.546223359,0.551765799,2054,3.150796538,0,0.000000000,1054,105,10.500,47,0,0,0,0.000000
6,0.551950877,0.558040289,2057,3.155398481,0,0.000000000,1068,103,10.300,47,0,0,13,0.013000
7,0.558230219,0.563791765,2038,3.126252846,0,0.000000000,0,104,10.400,47,0,0,0,0.000000
8,0.563977135,0.569983359,2024,3.104777115,0,0.000000000,37,105,10.500,47,0,0,40,0.040000
9,0.570169413,0.575951940,2045,3.136990711,0,0.000000000,0,105,10.500,48,0,0,33,0.033000
10,0.576129046,0.581727120,2055,3.152330519,0,0.000000000,1054,104,10.400,48,0,0,0,0.000000
11,0.581896606,0.587873091,2066,3.169204308,0,0.000000000,1068,106,10.600,48,0,0,39,0.039000
12,0.588048185,0.593866616,2055,3.152330519,0,0.000000000,1054,105,10.500,46,0,0,0,0.000000
4,0.594033450,0.599859701,2054,3.150796538,0,0.000000000,0,104,10.400,49,0,0,0,0.000000
5,0.600025085,0.605694557,2054,3.150796538,0,0.000000000,1054,105,10.500,47,0,0,0,0.000000
6,0.605864795,0.611785250,2057,3.155398481,0,0.000000000,1068,103,10.300,47,0,0,13,0.013000
7,0.611945778,0.617980348,2038,3.126252846,0,0.000000000,0,104,10.400,47,0,0,0,0.000000
8,0.618139351,0.623879438,2024,3.104777115,0,0.000000000,37,105,10.500,47,0,0,40,0.040000
9,0.624046404,0.630079890,2045,3.136990711,0,0.000000000,0,105,10.500,48,0,0,33,0.033000
10,0.630263397,0.635961620,2055,3.152330519,0,0.000000000,1054,104,10.400,48,0,0,0,0.000000
11,0.636213109,0.641875929,2066,3.169204308,0,0.000000000,1068,106,10.600,48,0,0,38,0.038000
12,0.642048757,0.647919567,2055,3.152330519,0,0.000000000,1054,105,10.500,46,0,0,0,0.000000
4,0.648086034,0.653931451,2054,3.150796538,0,0.000000000,0,104,10.400,49,0,0,0,0.000000
5,0.654125206,0.659825908,2054,3.150796538,0,0.000000000,1054,105,10.500,47,0,0,0,0.000000
6,0.660120494,0.665986290,2057,3.155398481,0,0.000000000,1068,103,10.300,47,0,0,14,0.014000
7,0.666169959,0.671917689,2038,3.126252846,0,0.000000000,0,104,10.400,47,0,0,0,0.000000
8,0.672102281,0.677927820,2024,3.104777115,0,0.000000000,37,105,10.500,47,0,0,40,0.040000
9,0.678102100,0.684009831,2045,3.136990711,0,0.000000000,0,105,10.500,48,0,0,33,0.033000
10,0.684180870,0.689781100,2055,3.152330519,0,0.000000000,1054,104,10.400,48,0,0,0,0.000000
11,0.689955272,0.695916571,2066,3.169204308,0,0.000000000,1068,106,10.600,48,0,0,38,0.038000
12,0.696087281,0.701969762,2055,3.152330519,0,0.000000000,1054,105,10.500,46,0,0,0,0.000000
4,0.702140409,0.708056778,2054,3.150796538,0,0.000000000,0,104,10.400,49,0,0,0,0.000000
5,0.708234921,0.713758545,2054,3.150796538,0,0.000000000,1054,105,10.500,47,0,0,0,0.000000
6,0.713928625,0.719785975,2057,3.155398481,0,0.000000000,1068,103,10.300,47,0,0,14,0.014000
7,0.719955505,0.725967522,2038,3.126252846,0,0.000000000,0,104,10.400,47,0,0,0,0.000000
8,0.726134030,0.731857468,2024,3.104777115,0,0.000000000,37,105,10.500,47,0,0,40,0.040000
9,0.732028261,0.737995819,2045,3.136990711,0,0.000000000,0,105,10.500,48,0,0,33,0.033000
10,0.738167110,0.744045859,2055,3.152330519,0,0.000000000,1054,104,10.400,48,0,0,0,0.000000
11,0.744227137,0.750029814,2066,3.169204308,0,0.000000000,1068,106,10.600,48,0,0,38,0.038000
12,0.750199850,0.755860635,2055,3.152330519,0,0.000000000,1054,105,10.500,46,0,0,0,0.000000
4,0.756026937,0.761948512,2054,3.150796538,0,0.000000000,0,104,10.400,49,0,0,0,0.000000
5,0.762118470,0.767943038,2054,3.150796538,0,0.000000000,1054,105,10.500,47,0,0,0,0.000000
6,0.768117020,0.773733839,2057,3.155398481,0,0.000000000,1068,103,10.300,47,0,0,14,0.014000
7,0.773905890,0.780037441,2038,3.126252846,0,0.000000000,0,104,10.400,47,0,0,0,0.000000
8,0.780209412,0.785778238,2024,3.104777115,0,0.000000000,37,105,10.500,47,0,0,40,0.040000
9,0.785949911,0.791738032,2045,3.136990711,0,0.000000000,0,105,10.500,48,0,0,33,0.033000
10,0.791912342,0.798021830,2055,3.152330519,0,0.000000000,1054,104,10.400,48,0,0,0,0.000000
11,0.798191431,0.803745945,2066,3.169204308,0,0.000000000,1068,106,10.600,48,0,0,38,0.038000
12,0.803935330,0.810014440,2055,3.152330519,0,0.000000000,1054,105,10.500,46,0,0,0,0.000000
4,0.810182836,0.816147406,2054,3.150796538,0,0.000000000,0,104,10.400,49,0,0,0,0.000000
5,0.816327320,0.821755300,2054,3.150796538,0,0.000000000,1054,105,10.500,47,0,0,0,0.000000
6,0.821921013,0.827868950,2057,3.155398481,0,0.000000000,1068,103,10.300,47,0,0,14,0.014000
7,0.828038071,0.834030546,2038,3.126252846,0,0.000000000,0,104,10.400,47,0,0,0,0.000000
8,0.834200383,0.839935005,2024,3.104777115,0,0.000000000,37,105,10.500,47,0,0,40,0.040000
9,0.840104698,0.845890179,2045,3.136990711,0,0.000000000,0,105,10.500,47,0,0,33,0.033000
10,0.846061493,0.852064882,2055,3.152330519,0,0.000000000,1054,104,10.400,48,0,0,0,0.000000
11,0.852283703,0.857840540,2066,3.169204308,0,0.000000000,1068,106,10.600,48,0,0,38,0.038000
12,0.858011264,0.863741925,2055,3.152330519,0,0.000000000,1054,105,10.500,46,0,0,0,0.000000
4,0.863907144,0.869932899,2054,3.150796538,0,0.000000000,0,104,10.400,49,0,0,0,0.000000
5,0.870109367,0.875900804,2054,3.150796538,0,0.000000000,1054,105,10.500,47,0,0,0,0.000000
6,0.876070179,0.881895736,2057,3.155398481,0,0.000000000,1068,103,10.300,47,0,0,14,0.014000
7,0.882084897,0.888089669,2038,3.126252846,0,0.000000000,0,104,10.400,47,0,0,0,0.000000
8,0.888309360,0.893936228,2024,3.104777115,0,0.000000000,37,105,10.500,47,0,0,41,0.041000
9,0.894126029,0.899857828,2045,3.136990711,0,0.000000000,0,105,10.500,48,0,0,33,0.033000
10,0.900039517,0.905824328,2055,3.152330519,0,0.000000000,1054,104,10.400,48,0,0,0,0.000000
11,0.906017014,0.911776770,2066,3.169204308,0,0.000000000,1068,106,10.600,48,0,0,38,0.038000
12,0.912036854,0.918039000,2055,3.152330519,0,0.000000000,1054,104,10.400,46,0,0,0,0.000000
4,0.918224651,0.924078965,2054,3.150796538,0,0.000000000,0,104,10.400,49,0,0,0,0.000000
5,0.924339879,0.929865845,2054,3.150796538,0,0.000000000,1054,105,10.500,47,0,0,0,0.000000
6,0.930045019,0.935934444,2057,3.155398481,0,0.000000000,1068,103,10.300,47,0,0,13,0.013000
7,0.936104378,0.941884631,2038,3.126252846,0,0.000000000,0,104,10.400,47,0,0,0,0.000000
8,0.942059363,0.947970212,2024,3.104777115,0,0.000000000,37,105,10.500,47,0,0,40,0.040000
9,0.948231134,0.953896449,2045,3.136990711,0,0.000000000,0,105,10.500,48,0,0,33,0.033000
10,0.954095319,0.960167297,2055,3.152330519,0,0.000000000,1054,104,10.400,48,0,0,0,0.000000
11,0.960348524,0.965892113,2066,3.169204308,0,0.000000000,1068,106,10.600,48,0,0,38,0.038000
12,0.966068292,0.971856089,2055,3.152330519,0,0.000000000,1054,105,10.500,46,0,0,0,0.000000
4,0.972031362,0.977852816,2054,3.150796538,0,0.000000000,0,104,10.400,49,0,0,0,0.000000
5,0.978021164,0.983824455,2054,3.150796538,0,0.000000000,1054,105,10.500,47,0,0,0,0.000000
6,0.983989052,0.989936488,2057,3.155398481,0,0.000000000,1068,103,10.300,47,0,0,13,0.013000
7,0.990127026,0.995937207,2038,3.126252846,0,0.000000000,0,104,10.400,47,0,0,0,0.000000
8,0.996107901,1.001930112,2024,3.104777115,0,0.000000000,37,105,10.500,47,0,0,40,0.040000
9,1.002137619,1.007971863,2045,3.136990711,0,0.000000000,0,105,10.500,48,0,0,33,0.033000
10,1.008151144,1.013723193,2055,3.152330519,0,0.000000000,1054,104,10.400,48,0,0,0,0.000000
11,1.013895089,1.020033221,2066,3.169204308,0,0.000000000,1068,106,10.600,48,0,0,38,0.038000
12,1.020223467,1.025951724,2055,3.152330519,0,0.000000000,1054,105,10.500,46,0,0,0,0.000000
4,1.026127712,1.031867212,2054,3.150796538,0,0.000000000,0,104,10.400,49,0,0,0,0.000000
5,1.032058716,1.037739389,2054,3.150796538,0,0.000000000,1054,105,10.500,47,0,0,0,0.000000
6,1.037919906,1.043853957,2057,3.155398481,0,0.000000000,1068,103,10.300,47,0,0,14,0.014000
7,1.044030394,1.049886318,2038,3.126252846,0,0.000000000,0,104,10.400,47,0,0,0,0.000000
8,1.050060699,1.056028259,2024,3.104777115,0,0.000000000,37,105,10.500,47,0,0,40,0.040000
9,1.056212216,1.061716500,2045,3.136990711,0,0.000000000,0,105,10.500,48,0,0,33,0.033000
10,1.061920078,1.067725951,2055,3.152330519,0,0.000000000,1054,104,10.400,48,0,0,0,0.000000
11,1.067905121,1.074651084,2066,3.169204308,0,0.000000000,1068,106,10.600,48,0,0,39,0.039000
12,1.074862049,1.080161558,2055,3.152330519,0,0.000000000,1054,105,10.500,46,0,0,0,0.000000
4,1.080464939,1.085916097,2054,3.150796538,0,0.000000000,0,104,10.400,49,0,0,0,0.000000
5,1.086097225,1.092282655,2054,3.150796538,0,0.000000000,1054,105,10.500,47,0,0,0,0.000000
6,1.092486774,1.097897058,2057,3.155398481,0,0.000000000,1068,103,10.300,47,0,0,14,0.014000
7,1.098212083,1.103719961,2038,3.126252846,0,0.000000000,0,104,10.400,47,0,0,0,0.000000
8,1.103902009,1.109745761,2024,3.104777115,0,0.000000000,37,105,10.500,47,0,0,40,0.040000
9,1.109931971,1.116068013,2045,3.136990711,0,0.000000000,0,105,10.500,48,0,0,32,0.032000
10,1.116276244,1.122143529,2055,3.152330519,0,0.000000000,1054,104,10.400,48,0,0,0,0.000000
11,1.122399407,1.127992582,2066,3.169204308,0,0.000000000,1068,106,10.600,48,0,0,38,0.038000
12,1.128177227,1.133885959,2055,3.152330519,0,0.000000000,1054,105,10.500,46,0,0,0,0.000000
4,1.134068139,1.139884734,2054,3.150796538,0,0.000000000,0,104,10.400,49,0,0,0,0.000000
5,1.140076290,1.146454094,2054,3.150796538,0,0.000000000,1054,105,10.500,47,0,0,0,0.000000
6,1.146697104,1.151754613,2057,3.155398481,0,0.000000000,1068,103,10.300,47,0,0,13,0.013000
7,1.151937883,1.158707573,2038,3.126252846,0,0.000000000,0,104,10.400,47,0,0,0,0.000000
8,1.159027086,1.163992674,2024,3.104777115,0,0.000000000,37,105,10.500,47,0,0,40,0.040000
9,1.164176777,1.169894530,2045,3.136990711,0,0.000000000,0,105,10.500,47,0,0,33,0.033000
10,1.170111963,1.175816649,2055,3.152330519,0,0.000000000,1054,104,10.400,48,0,0,0,0.000000
11,1.175994747,1.181851932,2066,3.169204308,0,0.000000000,1068,106,10.600,48,0,0,38,0.038000
12,1.182034750,1.187813120,2055,3.152330519,0,0.000000000,1054,105,10.500,46,0,0,0,0.000000
4,1.188015657,1.193797254,2054,3.150796538,0,0.000000000,0,104,10.400,49,0,0,0,0.000000
5,1.193974897,1.199734105,2054,3.150796538,0,0.000000000,1054,105,10.500,47,0,0,0,0.000000
6,1.199913015,1.205804214,2057,3.155398481,0,0.000000000,1068,103,10.300,47,0,0,13,0.013000
7,1.205980393,1.211879305,2038,3.126252846,0,0.000000000,0,104,10.400,47,0,0,0,0.000000
8,1.212049471,1.217860628,2024,3.104777115,0,0.000000000,37,105,10.500,47,0,0,40,0.040000
9,1.218035703,1.223824703,2045,3.136990711,0,0.000000000,0,105,10.500,48,0,0,33,0.033000
10,1.224003714,1.229711429,2055,3.152330519,0,0.000000000,1054,104,10.400,48,0,0,0,0.000000
11,1.229876351,1.235597887,2066,3.169204308,0,0.000000000,1068,106,10.600,48,0,0,39,0.039000
12,1.235767509,1.241581267,2055,3.152330519,0,0.000000000,1054,105,10.500,46,0,0,0,0.000000
4,1.241749303,1.247574677,2054,3.150796538,0,0.000000000,0,104,10.400,49,0,0,0,0.000000
5,1.247732988,1.253743119,2054,3.150796538,0,0.000000000,1054,105,10.500,47,0,0,0,0.000000
6,1.253889615,1.259639035,2057,3.155398481,0,0.000000000,1068,103,10.300,47,0,0,13,0.013000
7,1.259784638,1.265715291,2038,3.126252846,0,0.000000000,0,104,10.400,47,0,0,0,0.000000
8,1.265860505,1.271606273,2024,3.104777115,0,0.000000000,37,105,10.500,47,0,0,40,0.040000
9,1.271755407,1.277794469,2045,3.136990711,0,0.000000000,0,105,10.500,47,0,0,33,0.033000
10,1.277940668,1.283498927,2055,3.152330519,0,0.000000000,1054,104,10.400,48,0,0,0,0.000000
11,1.283640422,1.289532334,2066,3.169204308,0,0.000000000,1068,106,10.600,48,0,0,38,0.038000
12,1.289677691,1.296216023,2055,3.152330519,0,0.000000000,1054,105,10.500,46,0,0,0,0.000000
4,1.296365302,1.301773514,2054,3.150796538,0,0.000000000,0,104,10.400,49,0,0,0,0.000000
5,1.301924516,1.307742875,2054,3.150796538,0,0.000000000,1054,105,10.500,47,0,0,0,0.000000
6,1.307892013,1.313636646,2057,3.155398481,0,0.000000000,1068,103,10.300,47,0,0,13,0.013000
7,1.313782154,1.319571008,2038,3.126252846,0,0.000000000,0,104,10.400,47,0,0,0,0.000000
8,1.319712086,1.325539068,2024,3.104777115,0,0.000000000,37,105,10.500,47,0,0,41,0.041000
9,1.325683664,1.331698860,2045,3.136990711,0,0.000000000,0,105,10.500,47,0,0,33,0.033000
10,1.331876236,1.337612620,2055,3.152330519,0,0.000000000,1054,104,10.400,48,0,0,0,0.000000
11,1.337755844,1.343671378,2066,3.169204308,0,0.000000000,1068,106,10.600,48,0,0,39,0.039000
12,1.343823967,1.349678339,2055,3.152330519,0,0.000000000,1054,105,10.500,46,0,0,0,0.000000
4,1.349843393,1.355555974,2054,3.150796538,0,0.000000000,0,104,10.400,49,0,0,0,0.000000
5,1.355702693,1.361517415,2054,3.150796538,0,0.000000000,1054,105,10.500,47,0,0,0,0.000000
6,1.361660443,1.367685618,2057,3.155398481,0,0.000000000,1068,103,10.300,47,0,0,13,0.013000
7,1.367831498,1.373774302,2038,3.126252846,0,0.000000000,0,104,10.400,47,0,0,0,0.000000
8,1.373920159,1.379677724,2024,3.104777115,0,0.000000000,37,105,10.500,47,0,0,40,0.040000
9,1.379824632,1.385747578,2045,3.136990711,0,0.000000000,0,105,10.500,48,0,0,33,0.033000
10,1.385893572,1.391640598,2055,3.152330519,0,0.000000000,1054,104,10.400,48,0,0,0,0.000000
11,1.391786002,1.397654518,2066,3.169204308,0,0.000000000,1068,106,10.600,48,0,0,38,0.038000
12,1.397802919,1.403632324,2055,3.152330519,0,0.000000000,1054,105,10.500,46,0,0,0,0.000000
4,1.403776993,1.409683353,2054,3.150796538,0,0.000000000,0,104,10.400,49,0,0,0,0.000000
5,1.409825876,1.415543303,2054,3.150796538,0,0.000000000,1054,105,10.500,47,0,0,0,0.000000
6,1.415686453,1.421712648,2057,3.155398481,0,0.000000000,1068,103,10.300,47,0,0,13,0.013000
7,1.421858716,1.427636016,2038,3.126252846,0,0.000000000,0,104,10.400,47,0,0,0,0.000000
8,1.427777642,1.433536554,2024,3.104777115,0,0.000000000,37,105,10.500,47,0,0,40,0.040000
9,1.433684532,1.439662245,2045,3.136990711,0,0.000000000,0,105,10.500,47,0,0,33,0.033000
10,1.439811791,1.445587148,2055,3.152330519,0,0.000000000,1054,104,10.400,48,0,0,0,0.000000
11,1.445730418,1.451684846,2066,3.169204308,0,0.000000000,1068,106,10.600,48,0,0,38,0.038000
12,1.451842066,1.457634872,2055,3.152330519,0,0.000000000,1054,105,10.500,46,0,0,0,0.000000
4,1.457784305,1.463617931,2054,3.150796538,0,0.000000000,0,104,10.400,49,0,0,0,0.000000
5,1.463760164,1.469594888,2054,3.150796538,0,0.000000000,1054,105,10.500,47,0,0,0,0.000000
6,1.469738063,1.475480488,2057,3.155398481,0,0.000000000,1068,103,10.300,47,0,0,13,0.013000
7,1.475625993,1.481671021,2038,3.126252846,0,0.000000000,0,104,10.400,47,0,0,0,0.000000
8,1.481811774,1.487557250,2024,3.104777115,0,0.000000000,37,105,10.500,47,0,0,40,0.040000
9,1.487704979,1.493485450,2045,3.136990711,0,0.000000000,0,105,10.500,48,0,0,33,0.033000
10,1.493633352,1.499504476,2055,3.152330519,0,0.000000000,1054,104,10.400,48,0,0,0,0.000000
11,1.499646615,1.505795064,2066,3.169204308,0,0.000000000,1068,106,10.600,48,0,0,38,0.038000
12,1.505942259,1.511694984,2055,3.152330519,0,0.000000000,1054,105,10.500,46,0,0,0,0.000000
4,1.511899396,1.517640557,2054,3.150796538,0,0.000000000,0,104,10.400,49,0,0,0,0.000000
5,1.517783944,1.523496113,2054,3.150796538,0,0.000000000,1054,105,10.500,47,0,0,0,0.000000
6,1.523638358,1.529663753,2057,3.155398481,0,0.000000000,1068,103,10.300,47,0,0,14,0.014000
7,1.529809386,1.535773308,2038,3.126252846,0,0.000000000,0,104,10.400,47,0,0,0,0.000000
8,1.535918770,1.541666384,2024,3.104777115,0,0.000000000,37,105,10.500,47,0,0,40,0.040000
9,1.541814088,1.547587986,2045,3.136990711,0,0.000000000,0,105,10.500,48,0,0,33,0.033000
10,1.547733999,1.553728562,2055,3.152330519,0,0.000000000,1054,104,10.400,48,0,0,0,0.000000
11,1.553872147,1.559491863,2066,3.169204308,0,0.000000000,1068,106,10.600,48,0,0,38,0.038000
12,1.559641596,1.566140599,2055,3.152330519,0,0.000000000,1054,105,10.500,46,0,0,0,0.000000
4,1.566286151,1.571725993,2054,3.150796538,0,0.000000000,0,104,10.400,49,0,0,0,0.000000
5,1.571876771,1.577606948,2054,3.150796538,0,0.000000000,1054,105,10.500,47,0,0,0,0.000000
6,1.577789413,1.583574580,2057,3.155398481,0,0.000000000,1068,103,10.300,47,0,0,13,0.013000
7,1.583721921,1.589726228,2038,3.126252846,0,0.000000000,0,104,10.400,47,0,0,0,0.000000
8,1.589879904,1.595661030,2024,3.104777115,0,0.000000000,37,105,10.500,47,0,0,40,0.040000
9,1.595838767,1.601596131,2045,3.136990711,0,0.000000000,0,105,10.500,48,0,0,33,0.033000
10,1.601768127,1.607614363,2055,3.152330519,0,0.000000000,1054,104,10.400,48,0,0,0,0.000000
11,1.607786923,1.613725568,2066,3.169204308,0,0.000000000,1068,106,10.600,48,0,0,38,0.038000
12,1.613895538,1.619680614,2055,3.152330519,0,0.000000000,1054,105,10.500,46,0,0,0,0.000000
4,1.619868161,1.625713466,2054,3.150796538,0,0.000000000,0,104,10.400,49,0,0,0,0.000000
5,1.625887823,1.631811093,2054,3.150796538,0,0.000000000,1054,105,10.500,47,0,0,0,0.000000
6,1.631984815,1.637631303,2057,3.155398481,0,0.000000000,1068,103,10.300,47,0,0,13,0.013000
7,1.637800922,1.643629028,2038,3.126252846,0,0.000000000,0,104,10.400,47,0,0,0,0.000000
8,1.643792539,1.649715470,2024,3.104777115,0,0.000000000,37,105,10.500,47,0,0,40,0.040000
9,1.649880100,1.655747015,2045,3.136990711,0,0.000000000,0,105,10.500,48,0,0,33,0.033000
10,1.655920780,1.661727784,2055,3.152330519,0,0.000000000,1054,104,10.400,48,0,0,0,0.000000
11,1.661894190,1.667679891,2066,3.169204308,0,0.000000000,1068,106,10.600,48,0,0,38,0.038000
12,1.667852290,1.673598323,2055,3.152330519,0,0.000000000,1054,105,10.500,46,0,0,0,0.000000
4,1.673768253,1.679625015,2054,3.150796538,0,0.000000000,0,104,10.400,49,0,0,0,0.000000
5,1.679790413,1.685684533,2054,3.150796538,0,0.000000000,1054,105,10.500,47,0,0,0,0.000000
6,1.685853854,1.691773478,2057,3.155398481,0,0.000000000,1068,103,10.300,47,0,0,14,0.014000
7,1.692191293,1.697527934,2038,3.126252846,0,0.000000000,0,104,10.400,47,0,0,0,0.000000
8,1.697687984,1.703728723,2024,3.104777115,0,0.000000000,37,105,10.500,47,0,0,40,0.040000
9,1.703881825,1.709638824,2045,3.136990711,0,0.000000000,0,105,10.500,47,0,0,33,0.033000
10,1.709790731,1.715535886,2055,3.152330519,0,0.000000000,1054,104,10.400,48,0,0,0,0.000000
11,1.715678438,1.721636165,2066,3.169204308,0,0.000000000,1068,106,10.600,48,0,0,38,0.038000
12,1.721790658,1.727709176,2055,3.152330519,0,0.000000000,1054,104,10.400,46,0,0,0,0.000000
4,1.727853862,1.733981320,2054,3.150796538,0,0.000000000,0,104,10.400,49,0,0,0,0.000000
5,1.734183919,1.739614749,2054,3.150796538,0,0.000000000,1054,105,10.500,47,0,0,0,0.000000
6,1.739760769,1.745495890,2057,3.155398481,0,0.000000000,1068,103,10.300,48,0,0,14,0.014000
7,1.745646939,1.751510097,2038,3.126252846,0,0.000000000,0,104,10.400,47,0,0,0,0.000000
8,1.751652076,1.757838251,2024,3.104777115,0,0.000000000,37,105,10.500,47,0,0,40,0.040000
9,1.757987714,1.763661489,2045,3.136990711,0,0.000000000,0,105,10.500,48,0,0,33,0.033000
10,1.763810901,1.769735657,2055,3.152330519,0,0.000000000,1054,104,10.400,48,0,0,0,0.000000
11,1.769903947,1.775621075,2066,3.169204308,0,0.000000000,1068,106,10.600,48,0,0,38,0.038000
12,1.775774172,1.781627508,2055,3.152330519,0,0.000000000,1054,104,10.400,46,0,0,0,0.000000
4,1.781772439,1.787741917,2054,3.150796538,0,0.000000000,0,104,10.400,49,0,0,0,0.000000
5,1.787890194,1.793684221,2054,3.150796538,0,0.000000000,1054,105,10.500,47,0,0,0,0.000000
6,1.793836289,1.799867378,2057,3.155398481,0,0.000000000,1068,103,10.300,47,0,0,14,0.014000
7,1.800021452,1.805730732,2038,3.126252846,0,0.000000000,0,104,10.400,47,0,0,0,0.000000
8,1.805879019,1.811542673,2024,3.104777115,0,0.000000000,37,105,10.500,47,0,0,40,0.040000
9,1.811696979,1.817812913,2045,3.136990711,0,0.000000000,0,105,10.500,48,0,0,33,0.033000
10,1.817981315,1.823711777,2055,3.152330519,0,0.000000000,1054,104,10.400,48,0,0,0,0.000000
11,1.823861262,1.829669165,2066,3.169204308,0,0.000000000,1068,106,10.600,48,0,0,39,0.039000
12,1.829819590,1.835785854,2055,3.152330519,0,0.000000000,1054,104,10.400,46,0,0,0,0.000000
4,1.835938593,1.841766112,2054,3.150796538,0,0.000000000,0,104,10.400,49,0,0,0,0.000000
5,1.841917982,1.847467287,2054,3.150796538,0,0.000000000,1054,105,10.500,47,0,0,0,0.000000
6,1.847618359,1.853538537,2057,3.155398481,0,0.000000000,1068,103,10.300,47,0,0,14,0.014000
7,1.853686977,1.859598957,2038,3.126252846,0,0.000000000,0,104,10.400,47,0,0,0,0.000000
8,1.859744889,1.865694657,2024,3.104777115,0,0.000000000,37,105,10.500,47,0,0,40,0.040000
9,1.865844233,1.871719229,2045,3.136990711,0,0.000000000,0,105,10.500,48,0,0,33,0.033000
10,1.871878343,1.877658062,2055,3.152330519,0,0.000000000,1054,104,10.400,48,0,0,0,0.000000
11,1.877804484,1.883577131,2066,3.169204308,0,0.000000000,1068,106,10.600,48,0,0,39,0.039000
12,1.883725294,1.889499634,2055,3.152330519,0,0.000000000,1054,104,10.400,46,0,0,0,0.000000
4,1.889661210,1.895703186,2054,3.150796538,0,0.000000000,0,104,10.400,49,0,0,0,0.000000
5,1.895846440,1.901483515,2054,3.150796538,0,0.000000000,1054,105,10.500,47,0,0,0,0.000000
6,1.901631100,1.907496309,2057,3.155398481,0,0.000000000,1068,103,10.300,47,0,0,14,0.014000
7,1.907643160,1.913495484,2038,3.126252846,0,0.000000000,0,104,10.400,47,0,0,0,0.000000
8,1.913636362,1.919433802,2024,3.104777115,0,0.000000000,37,105,10.500,47,0,0,41,0.041000
9,1.919578991,1.925714164,2045,3.136990711,0,0.000000000,0,105,10.500,47,0,0,33,0.033000
10,1.925864201,1.931649519,2055,3.152330519,0,0.000000000,1054,104,10.400,48,0,0,0,0.000000
11,1.931791539,1.937664494,2066,3.169204308,0,0.000000000,1068,106,10.600,48,0,0,38,0.038000
12,1.937808592,1.943549570,2055,3.152330519,0,0.000000000,1054,105,10.500,46,0,0,0,0.000000
4,1.943692144,1.949656609,2054,3.150796538,0,0.000000000,0,104,10.400,49,0,0,0,0.000000
5,1.949793792,1.955630502,2054,3.150796538,0,0.000000000,1054,105,10.500,47,0,0,0,0.000000
6,1.955773896,1.961489804,2057,3.155398481,0,0.000000000,1068,103,10.300,47,0,0,13,0.013000
7,1.961637021,1.967633840,2038,3.126252846,0,0.000000000,0,104,10.400,47,0,0,0,0.000000
8,1.967775652,1.973625179,2024,3.104777115,0,0.000000000,37,105,10.500,47,0,0,40,0.040000
9,1.973775092,1.979444090,2045,3.136990711,0,0.000000000,0,105,10.500,48,0,0,33,0.033000
10,1.979591263,1.985499302,2055,3.152330519,0,0.000000000,1054,104,10.400,48,0,0,0,0.000000
11,1.985640416,1.991573477,2066,3.169204308,0,0.000000000,1068,106,10.600,48,0,0,38,0.038000
12,1.991724027,1.997525931,2055,3.152330519,0,0.000000000,1054,104,10.400,46,0,0,0,0.000000
4,1.997668052,2.003454697,2054,3.150796538,0,0.000000000,0,104,10.400,49,0,0,0,0.000000
5,2.003597306,2.009499185,2054,3.150796538,0,0.000000000,1054,105,10.500,47,0,0,0,0.000000
6,2.009643680,2.015432662,2057,3.155398481,0,0.000000000,1068,103,10.300,47,0,0,14,0.014000
7,2.015577076,2.021720749,2038,3.126252846,0,0.000000000,0,104,10.400,47,0,0,0,0.000000
8,2.021864647,2.027752651,2024,3.104777115,0,0.000000000,37,105,10.500,47,0,0,40,0.040000
9,2.027901136,2.033718089,2045,3.136990711,0,0.000000000,0,105,10.500,48,0,0,33,0.033000
10,2.033865539,2.039746688,2055,3.152330519,0,0.000000000,1054,104,10.400,48,0,0,0,0.000000
11,2.039888906,2.045631434,2066,3.169204308,0,0.000000000,1068,106,10.600,48,0,0,38,0.038000
12,2.045778892,2.051551346,2055,3.152330519,0,0.000000000,1054,105,10.500,46,0,0,0,0.000000
4,2.051694536,2.057486035,2054,3.150796538,0,0.000000000,0,104,10.400,49,0,0,0,0.000000
5,2.057627567,2.063584767,2054,3.150796538,0,0.000000000,1054,105,10.500,47,0,0,0,0.000000
6,2.063729787,2.069632477,2057,3.155398481,0,0.000000000,1068,103,10.300,47,0,0,14,0.014000
7,2.069780654,2.075675063,2038,3.126252846,0,0.000000000,0,104,10.400,47,0,0,0,0.000000
8,2.075817742,2.081527837,2024,3.104777115,0,0.000000000,37,105,10.500,47,0,0,40,0.040000
9,2.081670960,2.087424996,2045,3.136990711,0,0.000000000,0,105,10.500,48,0,0,33,0.033000
10,2.087574470,2.093596371,2055,3.152330519,0,0.000000000,1054,104,10.400,48,0,0,0,0.000000
11,2.093737917,2.099589661,2066,3.169204308,0,0.000000000,1068,106,10.600,48,0,0,38,0.038000
12,2.099734587,2.105547062,2055,3.152330519,0,0.000000000,1054,105,10.500,46,0,0,0,0.000000
4,2.105689801,2.111651979,2054,3.150796538,0,0.000000000,0,104,10.400,49,0,0,0,0.000000
5,2.111793945,2.117515397,2054,3.150796538,0,0.000000000,1054,105,10.500,47,0,0,0,0.000000
6,2.117653073,2.123436937,2057,3.155398481,0,0.000000000,1068,103,10.300,47,0,0,13,0.013000
7,2.123578978,2.129550446,2038,3.126252846,0,0.000000000,0,104,10.400,47,0,0,0,0.000000
8,2.129687649,2.135503805,2024,3.104777115,0,0.000000000,37,105,10.500,47,0,0,40,0.040000
9,2.135640147,2.141513054,2045,3.136990711,0,0.000000000,0,105,10.500,48,0,0,33,0.033000
10,2.141639317,2.147674942,2055,3.152330519,0,0.000000000,1054,104,10.400,48,0,0,0,0.000000
11,2.147812907,2.153751025,2066,3.169204308,0,0.000000000,1068,106,10.600,48,0,0,38,0.038000
12,2.153891005,2.159678027,2055,3.152330519,0,0.000000000,1054,105,10.500,46,0,0,0,0.000000
4,2.159817817,2.165862513,2054,3.150796538,0,0.000000000,0,104,10.400,49,0,0,0,0.000000
5,2.166028157,2.171685852,2054,3.150796538,0,0.000000000,1054,105,10.500,47,0,0,0,0.000000
6,2.171831389,2.177589424,2057,3.155398481,0,0.000000000,1068,103,10.300,47,0,0,13,0.013000
7,2.177735201,2.183566367,2038,3.126252846,0,0.000000000,0,104,10.400,47,0,0,0,0.000000
8,2.183726182,2.189700923,2024,3.104777115,0,0.000000000,37,105,10.500,47,0,0,40,0.040000
9,2.189847646,2.195756898,2045,3.136990711,0,0.000000000,0,105,10.500,48,0,0,33,0.033000
10,2.195903074,2.201681573,2055,3.152330519,0,0.000000000,1054,104,10.400,48,0,0,0,0.000000
11,2.201823248,2.207584506,2066,3.169204308,0,0.000000000,1068,106,10.600,48,0,0,38,0.038000
12,2.207727203,2.213466390,2055,3.152330519,0,0.000000000,1054,105,10.500,46,0,0,0,0.000000
4,2.213606301,2.219708268,2054,3.150796538,0,0.000000000,0,104,10.400,49,0,0,0,0.000000
5,2.219906573,2.225626645,2054,3.150796538,0,0.000000000,1054,105,10.500,47,0,0,0,0.000000
6,2.225828510,2.231644766,2057,3.155398481,0,0.000000000,1068,103,10.300,47,0,0,14,0.014000
7,2.231849327,2.237786680,2038,3.126252846,0,0.000000000,0,104,10.400,47,0,0,0,0.000000
8,2.237983026,2.243652423,2024,3.104777115,0,0.000000000,37,105,10.500,47,0,0,40,0.040000
9,2.243855716,2.249849806,2045,3.136990711,0,0.000000000,0,105,10.500,48,0,0,33,0.033000
10,2.250052912,2.255976761,2055,3.152330519,0,0.000000000,1054,104,10.400,48,0,0,0,0.000000
11,2.256229908,2.262066564,2066,3.169204308,0,0.000000000,1068,106,10.600,48,0,0,38,0.038000
12,2.262327911,2.268071233,2055,3.152330519,0,0.000000000,1054,105,10.500,46,0,0,0,0.000000
4,2.268425601,2.273762303,2054,3.150796538,0,0.000000000,0,104,10.400,49,0,0,0,0.000000
5,2.273922321,2.279740115,2054,3.150796538,0,0.000000000,1054,105,10.500,47,0,0,0,0.000000
6,2.279902541,2.285553217,2057,3.155398481,0,0.000000000,1068,103,10.300,47,0,0,13,0.013000
7,2.285716324,2.291612171,2038,3.126252846,0,0.000000000,0,104,10.400,47,0,0,0,0.000000
8,2.291770246,2.297528995,2024,3.104777115,0,0.000000000,37,105,10.500,47,0,0,40,0.040000
9,2.297692531,2.303617592,2045,3.136990711,0,0.000000000,0,105,10.500,48,0,0,33,0.033000
10,2.303780975,2.309575671,2055,3.152330519,0,0.000000000,1054,104,10.400,48,0,0,0,0.000000
11,2.309734686,2.315631560,2066,3.169204308,0,0.000000000,1068,106,10.600,48,0,0,38,0.038000
12,2.315795234,2.321528779,2055,3.152330519,0,0.000000000,1054,105,10.500,46,0,0,0,0.000000
4,2.321667446,2.327456911,2054,3.150796538,0,0.000000000,0,104,10.400,49,0,0,0,0.000000
5,2.327594154,2.333713326,2054,3.150796538,0,0.000000000,1054,105,10.500,47,0,0,0,0.000000
6,2.333852700,2.339570602,2057,3.155398481,0,0.000000000,1068,103,10.300,47,0,0,13,0.013000
7,2.339716742,2.345734628,2038,3.126252846,0,0.000000000,0,104,10.400,47,0,0,0,0.000000
8,2.345895186,2.351660680,2024,3.104777115,0,0.000000000,37,105,10.500,47,0,0,40,0.040000
9,2.351806545,2.357453813,2045,3.136990711,0,0.000000000,0,105,10.500,48,0,0,33,0.033000
10,2.357600168,2.363589074,2055,3.152330519,0,0.000000000,1054,104,10.400,48,0,0,0,0.000000
11,2.363731551,2.369575764,2066,3.169204308,0,0.000000000,1068,106,10.600,48,0,0,38,0.038000
12,2.369722920,2.375513995,2055,3.152330519,0,0.000000000,1054,105,10.500,46,0,0,0,0.000000
4,2.375658549,2.381566545,2054,3.150796538,0,0.000000000,0,104,10.400,49,0,0,0,0.000000
5,2.381712046,2.387669947,2054,3.150796538,0,0.000000000,1054,105,10.500,47,0,0,0,0.000000
6,2.387813699,2.393633819,2057,3.155398481,0,0.000000000,1068,103,10.300,47,0,0,13,0.013000
7,2.393781038,2.399638882,2038,3.126252846,0,0.000000000,0,104,10.400,47,0,0,0,0.000000
8,2.399796465,2.405461922,2024,3.104777115,0,0.000000000,37,105,10.500,47,0,0,40,0.040000
9,2.405610947,2.411668225,2045,3.136990711,0,0.000000000,0,105,10.500,48,0,0,33,0.033000
10,2.411819091,2.417649614,2055,3.152330519,0,0.000000000,1054,104,10.400,48,0,0,0,0.000000
11,2.417791531,2.423487634,2066,3.169204308,0,0.000000000,1068,106,10.600,48,0,0,39,0.039000
12,2.423633684,2.429505484,2055,3.152330519,0,0.000000000,1054,105,10.500,46,0,0,0,0.000000
4,2.429654632,2.435561321,2054,3.150796538,0,0.000000000,0,104,10.400,49,0,0,0,0.000000
5,2.435720962,2.441566812,2054,3.150796538,0,0.000000000,1054,105,10.500,47,0,0,0,0.000000
6,2.441740127,2.447513999,2057,3.155398481,0,0.000000000,1068,103,10.300,47,0,0,14,0.014000
7,2.447659186,2.453636475,2038,3.126252846,0,0.000000000,0,104,10.400,47,0,0,0,0.000000
8,2.453799052,2.459426283,2024,3.104777115,0,0.000000000,37,105,10.500,47,0,0,40,0.040000
9,2.459572696,2.465641057,2045,3.136990711,0,0.000000000,0,105,10.500,47,0,0,33,0.033000
10,2.465788357,2.471423883,2055,3.152330519,0,0.000000000,1054,104,10.400,48,0,0,0,0.000000
11,2.471565077,2.477580851,2066,3.169204308,0,0.000000000,1068,106,10.600,48,0,0,38,0.038000
12,2.477726768,2.483513132,2055,3.152330519,0,0.000000000,1054,105,10.500,46,0,0,0,0.000000
4,2.483652132,2.489635310,2054,3.150796538,0,0.000000000,0,104,10.400,49,0,0,0,0.000000
5,2.489773150,2.495548952,2054,3.150796538,0,0.000000000,1054,105,10.500,47,0,0,0,0.000000
6,2.495687192,2.501591725,2057,3.155398481,0,0.000000000,1068,103,10.300,47,0,0,13,0.013000
7,2.501731893,2.507369661,2038,3.126252846,0,0.000000000,0,104,10.400,47,0,0,0,0.000000
8,2.507505432,2.513504253,2024,3.104777115,0,0.000000000,37,105,10.500,47,0,0,40,0.040000
9,2.513646048,2.519831354,2045,3.136990711,0,0.000000000,0,105,10.500,48,0,0,33,0.033000
10,2.520032504,2.525783949,2055,3.152330519,0,0.000000000,1054,104,10.400,48,0,0,0,0.000000
11,2.525978781,2.531920541,2066,3.169204308,0,0.000000000,1068,106,10.600,48,0,0,39,0.039000
12,2.532182050,2.537995219,2055,3.152330519,0,0.000000000,1054,104,10.400,46,0,0,0,0.000000
4,2.538250049,2.543556976,2054,3.150796538,0,0.000000000,0,104,10.400,49,0,0,0,0.000000
5,2.543717810,2.549478659,2054,3.150796538,0,0.000000000,1054,105,10.500,47,0,0,0,0.000000
6,2.549640306,2.555440955,2057,3.155398481,0,0.000000000,1068,103,10.300,47,0,0,14,0.014000
7,2.555592311,2.561616046,2038,3.126252846,0,0.000000000,0,104,10.400,47,0,0,0,0.000000
8,2.561756446,2.567639810,2024,3.104777115,0,0.000000000,37,105,10.500,47,0,0,40,0.040000
9,2.567786682,2.573489676,2045,3.136990711,0,0.000000000,0,105,10.500,47,0,0,33,0.033000
10,2.573637676,2.579436134,2055,3.152330519,0,0.000000000,1054,104,10.400,48,0,0,0,0.000000
11,2.579577311,2.585349680,2066,3.169204308,0,0.000000000,1068,106,10.600,48,0,0,38,0.038000
12,2.585495469,2.591531548,2055,3.152330519,0,0.000000000,1054,104,10.400,46,0,0,0,0.000000
4,2.591674150,2.597716201,2054,3.150796538,0,0.000000000,0,104,10.400,49,0,0,0,0.000000
5,2.597913484,2.603401235,2054,3.150796538,0,0.000000000,1054,105,10.500,47,0,0,0,0.000000
6,2.603544113,2.609549198,2057,3.155398481,0,0.000000000,1068,103,10.300,47,0,0,13,0.013000
7,2.609695836,2.615491446,2038,3.126252846,0,0.000000000,0,104,10.400,47,0,0,0,0.000000
8,2.615631963,2.621621307,2024,3.104777115,0,0.000000000,37,105,10.500,47,0,0,40,0.040000
9,2.621764328,2.627743618,2045,3.136990711,0,0.000000000,0,105,10.500,48,0,0,33,0.033000
10,2.627890984,2.633547580,2055,3.152330519,0,0.000000000,1054,104,10.400,48,0,0,0,0.000000
11,2.633686085,2.639608080,2066,3.169204308,0,0.000000000,1068,106,10.600,48,0,0,38,0.038000
12,2.639752923,2.645383397,2055,3.152330519,0,0.000000000,1054,104,10.400,46,0,0,0,0.000000
4,2.645525567,2.651658640,2054,3.150796538,0,0.000000000,0,104,10.400,49,0,0,0,0.000000
5,2.651800084,2.657433309,2054,3.150796538,0,0.000000000,1054,105,10.500,47,0,0,0,0.000000
6,2.657577253,2.663660755,2057,3.155398481,0,0.000000000,1068,103,10.300,47,0,0,14,0.014000
7,2.663807019,2.669613945,2038,3.126252846,0,0.000000000,0,104,10.400,47,0,0,0,0.000000
8,2.669755463,2.675568205,2024,3.104777115,0,0.000000000,37,105,10.500,47,0,0,40,0.040000
9,2.675714172,2.681384900,2045,3.136990711,0,0.000000000,0,105,10.500,48,0,0,33,0.033000
10,2.681532623,2.687589376,2055,3.152330519,0,0.000000000,1054,104,10.400,48,0,0,0,0.000000
11,2.687730742,2.693426870,2066,3.169204308,0,0.000000000,1068,106,10.600,48,0,0,38,0.038000
12,2.693572912,2.699657183,2055,3.152330519,0,0.000000000,1054,105,10.500,46,0,0,0,0.000000
4,2.699800149,2.705384216,2054,3.150796538,0,0.000000000,0,104,10.400,49,0,0,0,0.000000
5,2.705540966,2.711447948,2054,3.150796538,0,0.000000000,1054,105,10.500,47,0,0,0,0.000000
6,2.711592602,2.717460669,2057,3.155398481,0,0.000000000,1068,103,10.300,47,0,0,13,0.013000
7,2.717605460,2.723729020,2038,3.126252846,0,0.000000000,0,104,10.400,47,0,0,0,0.000000
8,2.723867254,2.729508408,2024,3.104777115,0,0.000000000,37,105,10.500,47,0,0,40,0.040000
9,2.729649655,2.735577824,2045,3.136990711,0,0.000000000,0,105,10.500,48,0,0,33,0.033000
10,2.735783958,2.741611751,2055,3.152330519,0,0.000000000,1054,104,10.400,48,0,0,0,0.000000
11,2.741773181,2.747645230,2066,3.169204308,0,0.000000000,1068,106,10.600,48,0,0,39,0.039000
12,2.747789766,2.753616062,2055,3.152330519,0,0.000000000,1054,105,10.500,46,0,0,0,0.000000
4,2.753760554,2.759544365,2054,3.150796538,0,0.000000000,0,104,10.400,49,0,0,0,0.000000
5,2.759687293,2.765414354,2054,3.150796538,0,0.000000000,1054,105,10.500,47,0,0,0,0.000000
6,2.765555927,2.771499703,2057,3.155398481,0,0.000000000,1068,103,10.300,47,0,0,13,0.013000
7,2.771645460,2.777376445,2038,3.126252846,0,0.000000000,0,104,10.400,47,0,0,0,0.000000
8,2.777517900,2.783576295,2024,3.104777115,0,0.000000000,37,105,10.500,47,0,0,40,0.040000
9,2.783721491,2.789576185,2045,3.136990711,0,0.000000000,0,105,10.500,48,0,0,33,0.033000
10,2.789720927,2.795556506,2055,3.152330519,0,0.000000000,1054,104,10.400,48,0,0,0,0.000000
11,2.795697202,2.801851480,2066,3.169204308,0,0.000000000,1068,106,10.600,48,0,0,38,0.038000
12,2.802051070,2.807684826,2055,3.152330519,0,0.000000000,1054,105,10.500,46,0,0,0,0.000000
4,2.807885825,2.813822250,2054,3.150796538,0,0.000000000,0,104,10.400,49,0,0,0,0.000000
5,2.814022333,2.819715401,2054,3.150796538,0,0.000000000,1054,105,10.500,47,0,0,0,0.000000
6,2.819912593,2.825808009,2057,3.155398481,0,0.000000000,1068,103,10.300,47,0,0,13,0.013000
7,2.826008430,2.831714475,2038,3.126252846,0,0.000000000,0,104,10.400,47,0,0,0,0.000000
8,2.831995493,2.837586352,2024,3.104777115,0,0.000000000,37,105,10.500,47,0,0,40,0.040000
9,2.837789012,2.843419897,2045,3.136990711,0,0.000000000,0,105,10.500,48,0,0,33,0.033000
10,2.843584679,2.849654839,2055,3.152330519,0,0.000000000,1054,104,10.400,48,0,0,0,0.000000
11,2.849815403,2.855728381,2066,3.169204308,0,0.000000000,1068,106,10.600,48,0,0,38,0.038000
12,2.855930672,2.861609185,2055,3.152330519,0,0.000000000,1054,105,10.500,46,0,0,0,0.000000
4,2.861773008,2.867542790,2054,3.150796538,0,0.000000000,0,104,10.400,49,0,0,0,0.000000
5,2.867702159,2.873460485,2054,3.150796538,0,0.000000000,1054,105,10.500,47,0,0,0,0.000000
6,2.873622873,2.879409060,2057,3.155398481,0,0.000000000,1068,103,10.300,47,0,0,13,0.013000
7,2.879558163,2.885382962,2038,3.126252846,0,0.000000000,0,104,10.400,47,0,0,0,0.000000
8,2.885526018,2.891546556,2024,3.104777115,0,0.000000000,37,105,10.500,47,0,0,40,0.040000
9,2.891692142,2.897495773,2045,3.136990711,0,0.000000000,0,105,10.500,48,0,0,33,0.033000
10,2.897641605,2.903640815,2055,3.152330519,0,0.000000000,1054,104,10.400,48,0,0,0,0.000000
11,2.903780555,2.909528219,2066,3.169204308,0,0.000000000,1068,106,10.600,48,0,0,38,0.038000
12,2.909672829,2.915446461,2055,3.152330519,0,0.000000000,1054,105,10.500,46,0,0,0,0.000000
4,2.915586268,2.921415999,2054,3.150796538,0,0.000000000,0,104,10.400,49,0,0,0,0.000000
5,2.921554180,2.927600992,2054,3.150796538,0,0.000000000,1054,105,10.500,47,0,0,0,0.000000
6,2.927738665,2.933537570,2057,3.155398481,0,0.000000000,1068,103,10.300,47,0,0,13,0.013000
7,2.933678447,2.939390956,2038,3.126252846,0,0.000000000,0,104,10.400,47,0,0,0,0.000000
8,2.939529460,2.945588653,2024,3.104777115,0,0.000000000,37,105,10.500,47,0,0,40,0.040000
9,2.945731534,2.951604389,2045,3.136990711,0,0.000000000,0,105,10.500,47,0,0,33,0.033000
10,2.951747640,2.957436500,2055,3.152330519,0,0.000000000,1054,104,10.400,48,0,0,0,0.000000
11,2.957576155,2.963939455,2066,3.169204308,0,0.000000000,1068,106,10.600,48,0,0,38,0.038000
12,2.964087000,2.969475950,2055,3.152330519,0,0.000000000,1054,105,10.500,46,0,0,0,0.000000
4,2.969618989,2.975361520,2054,3.150796538,0,0.000000000,0,104,10.400,49,0,0,0,0.000000
5,2.975520952,2.981478040,2054,3.150796538,0,0.000000000,1054,105,10.500,47,0,0,0,0.000000
6,2.981622532,2.987652249,2057,3.155398481,0,0.000000000,1068,103,10.300,47,0,0,14,0.014000
7,2.987798874,2.993697304,2038,3.126252846,0,0.000000000,0,104,10.400,47,0,0,0,0.000000
8,2.993839352,2.999349811,2024,3.104777115,0,0.000000000,37,105,10.500,47,0,0,40,0.040000
9,2.999492625,3.005528842,2045,3.136990711,0,0.000000000,0,105,10.500,48,0,0,33,0.033000
10,3.005670634,3.011405104,2055,3.152330519,0,0.000000000,1054,104,10.400,48,0,0,0,0.000000
11,3.011543371,3.017613405,2066,3.169204308,0,0.000000000,1068,106,10.600,48,0,0,38,0.038000
12,3.017755556,3.023535634,2055,3.152330519,0,0.000000000,1054,105,10.500,46,0,0,0,0.000000
4,3.023675076,3.029694260,2054,3.150796538,0,0.000000000,0,104,10.400,49,0,0,0,0.000000
5,3.029888040,3.035846211,2054,3.150796538,0,0.000000000,1054,105,10.500,47,0,0,0,0.000000
6,3.036043595,3.041718375,2057,3.155398481,0,0.000000000,1068,103,10.300,47,0,0,13,0.013000
7,3.041920880,3.047532231,2038,3.126252846,0,0.000000000,0,104,10.400,47,0,0,0,0.000000
8,3.047692619,3.053497226,2024,3.104777115,0,0.000000000,37,105,10.500,47,0,0,40,0.040000
9,3.053642014,3.059404039,2045,3.136990711,0,0.000000000,0,105,10.500,48,0,0,33,0.033000
10,3.059551910,3.065604359,2055,3.152330519,0,0.000000000,1054,104,10.400,48,0,0,0,0.000000
11,3.065742501,3.071600251,2066,3.169204308,0,0.000000000,1068,106,10.600,48,0,0,38,0.038000
12,3.071742362,3.077455413,2055,3.152330519,0,0.000000000,1054,105,10.500,46,0,0,0,0.000000
4,3.077592464,3.083636223,2054,3.150796538,0,0.000000000,0,104,10.400,49,0,0,0,0.000000
5,3.083772055,3.090004834,2054,3.150796538,0,0.000000000,1054,105,10.500,47,0,0,0,0.000000
6,3.090265825,3.095452483,2057,3.155398481,0,0.000000000,1068,103,10.300,47,0,0,14,0.014000
7,3.095615454,3.101453483,2038,3.126252846,0,0.000000000,0,104,10.400,47,0,0,0,0.000000
8,3.101611187,3.107502239,2024,3.104777115,0,0.000000000,37,105,10.500,47,0,0,40,0.040000
9,3.107666050,3.113543845,2045,3.136990711,0,0.000000000,0,105,10.500,48,0,0,33,0.033000
10,3.113707553,3.119577229,2055,3.152330519,0,0.000000000,1054,104,10.400,48,0,0,0,0.000000
11,3.119736374,3.125461929,2066,3.169204308,0,0.000000000,1068,106,10.600,48,0,0,38,0.038000
12,3.125624082,3.131508014,2055,3.152330519,0,0.000000000,1054,105,10.500,46,0,0,0,0.000000
4,3.131667943,3.138439694,2054,3.150796538,0,0.000000000,0,104,10.400,49,0,0,0,0.000000
5,3.138695741,3.143544940,2054,3.150796538,0,0.000000000,1054,105,10.500,47,0,0,0,0.000000
6,3.143742722,3.149660571,2057,3.155398481,0,0.000000000,1068,103,10.300,47,0,0,14,0.014000
7,3.149823038,3.155711708,2038,3.126252846,0,0.000000000,0,104,10.400,47,0,0,0,0.000000
8,3.155870143,3.161468885,2024,3.104777115,0,0.000000000,37,105,10.500,47,0,0,40,0.040000
9,3.161610714,3.167648463,2045,3.136990711,0,0.000000000,0,105,10.500,48,0,0,33,0.033000
10,3.167788942,3.173511114,2055,3.152330519,0,0.000000000,1054,104,10.400,48,0,0,0,0.000000
11,3.173649741,3.179371370,2066,3.169204308,0,0.000000000,1068,106,10.600,48,0,0,38,0.038000
12,3.179512299,3.185556519,2055,3.152330519,0,0.000000000,1054,105,10.500,46,0,0,0,0.000000
4,3.185698174,3.191481593,2054,3.150796538,0,0.000000000,0,104,10.400,49,0,0,0,0.000000
5,3.191641906,3.197557110,2054,3.150796538,0,0.000000000,1054,105,10.500,47,0,0,0,0.000000
6,3.197718416,3.203644393,2057,3.155398481,0,0.000000000,1068,103,10.300,47,0,0,14,0.014000
7,3.203806766,3.209899970,2038,3.126252846,0,0.000000000,0,104,10.400,47,0,0,0,0.000000
8,3.210126445,3.215955398,2024,3.104777115,0,0.000000000,37,105,10.500,47,0,0,40,0.040000
9,3.216158449,3.221566922,2045,3.136990711,0,0.000000000,0,105,10.500,48,0,0,34,0.034000
10,3.221769035,3.227570435,2055,3.152330519,0,0.000000000,1054,104,10.400,48,0,0,0,0.000000
11,3.227768099,3.233790806,2066,3.169204308,0,0.000000000,1068,106,10.600,48,0,0,37,0.037000
12,3.233991486,3.239523754,2055,3.152330519,0,0.000000000,1054,105,10.500,46,0,0,0,0.000000
4,3.239720672,3.245699767,2054,3.150796538,0,0.000000000,0,104,10.400,49,0,0,0,0.000000
5,3.245916228,3.251397369,2054,3.150796538,0,0.000000000,1054,105,10.500,47,0,0,0,0.000000
6,3.251558214,3.257564592,2057,3.155398481,0,0.000000000,1068,103,10.300,47,0,0,14,0.014000
7,3.257728306,3.263601183,2038,3.126252846,0,0.000000000,0,104,10.400,47,0,0,0,0.000000
8,3.263760355,3.269387594,2024,3.104777115,0,0.000000000,37,105,10.500,47,0,0,40,0.040000
9,3.269529279,3.275413525,2045,3.136990711,0,0.000000000,0,105,10.500,48,0,0,33,0.033000
10,3.275556234,3.281486024,2055,3.152330519,0,0.000000000,1054,104,10.400,48,0,0,0,0.000000
11,3.281624416,3.287476782,2066,3.169204308,0,0.000000000,1068,106,10.600,48,0,0,37,0.037000
12,3.287617562,3.293384518,2055,3.152330519,0,0.000000000,1054,105,10.500,46,0,0,0,0.000000
4,3.293523583,3.299620398,2054,3.150796538,0,0.000000000,0,104,10.400,49,0,0,0,0.000000
5,3.299759042,3.305590684,2054,3.150796538,0,0.000000000,1054,105,10.500,47,0,0,0,0.000000
6,3.305730825,3.311581140,2057,3.155398481,0,0.000000000,1068,103,10.300,47,0,0,13,0.013000
7,3.311722441,3.317572172,2038,3.126252846,0,0.000000000,0,104,10.400,47,0,0,0,0.000000
8,3.317707546,3.323696475,2024,3.104777115,0,0.000000000,37,105,10.500,47,0,0,40,0.040000
9,3.323837578,3.329577041,2045,3.136990711,0,0.000000000,0,105,10.500,48,0,0,33,0.033000
10,3.329782619,3.335617512,2055,3.152330519,0,0.000000000,1054,104,10.400,48,0,0,0,0.000000
11,3.335814027,3.341680441,2066,3.169204308,0,0.000000000,1068,106,10.600,48,0,0,38,0.038000
12,3.341887610,3.347447384,2055,3.152330519,0,0.000000000,1054,105,10.500,46,0,0,0,0.000000
4,3.347609446,3.353456092,2054,3.150796538,0,0.000000000,0,104,10.400,49,0,0,0,0.000000
5,3.353600659,3.359386617,2054,3.150796538,0,0.000000000,1054,105,10.500,47,0,0,0,0.000000
6,3.359528889,3.365601504,2057,3.155398481,0,0.000000000,1068,103,10.300,47,0,0,14,0.014000
7,3.365745370,3.371503941,2038,3.126252846,0,0.000000000,0,104,10.400,47,0,0,0,0.000000
8,3.371644814,3.377504015,2024,3.104777115,0,0.000000000,37,105,10.500,47,0,0,40,0.040000
9,3.377649983,3.383427212,2045,3.136990711,0,0.000000000,0,105,10.500,48,0,0,33,0.033000
10,3.383572781,3.389348956,2055,3.152330519,0,0.000000000,1054,104,10.400,48,0,0,0,0.000000
11,3.389489362,3.395529339,2066,3.169204308,0,0.000000000,1068,106,10.600,48,0,0,38,0.038000
12,3.395673894,3.401455419,2055,3.152330519,0,0.000000000,1054,105,10.500,46,0,0,0,0.000000
4,3.401598540,3.407266161,2054,3.150796538,0,0.000000000,0,104,10.400,49,0,0,0,0.000000
5,3.407407949,3.413265074,2054,3.150796538,0,0.000000000,1054,105,10.500,47,0,0,0,0.000000
6,3.413422319,3.419837787,2057,3.155398481,0,0.000000000,1068,103,10.300,47,0,0,13,0.013000
7,3.420100091,3.425606489,2038,3.126252846,0,0.000000000,0,104,10.400,47,0,0,0,0.000000
8,3.425764919,3.431565060,2024,3.104777115,0,0.000000000,37,105,10.500,47,0,0,40,0.040000
9,3.431728614,3.437624549,2045,3.136990711,0,0.000000000,0,105,10.500,48,0,0,33,0.033000
10,3.437788654,3.443516223,2055,3.152330519,0,0.000000000,1054,104,10.400,48,0,0,0,0.000000
11,3.443675547,3.450177117,2066,3.169204308,0,0.000000000,1068,106,10.600,48,0,0,38,0.038000
12,3.450443396,3.455748193,2055,3.152330519,0,0.000000000,1054,105,10.500,46,0,0,0,0.000000
4,3.456004714,3.461501757,2054,3.150796538,0,0.000000000,0,104,10.400,49,0,0,0,0.000000
5,3.461661131,3.467537004,2054,3.150796538,0,0.000000000,1054,105,10.500,47,0,0,0,0.000000
6,3.467698270,3.473548448,2057,3.155398481,0,0.000000000,1068,103,10.300,47,0,0,14,0.014000
7,3.473712211,3.479514419,2038,3.126252846,0,0.000000000,0,104,10.400,47,0,0,0,0.000000
8,3.479680279,3.485458172,2024,3.104777115,0,0.000000000,37,105,10.500,47,0,0,40,0.040000
9,3.485627185,3.491540248,2045,3.136990711,0,0.000000000,0,105,10.500,48,0,0,33,0.033000
10,3.491707989,3.497733020,2055,3.152330519,0,0.000000000,1054,104,10.400,48,0,0,0,0.000000
11,3.497930359,3.503727533,2066,3.169204308,0,0.000000000,1068,106,10.600,48,0,0,38,0.038000
12,3.503935687,3.509758606,2055,3.152330519,0,0.000000000,1054,105,10.500,46,0,0,0,0.000000
4,3.509962712,3.515635857,2054,3.150796538,0,0.000000000,0,104,10.400,49,0,0,0,0.000000
5,3.515836244,3.521732606,2054,3.150796538,0,0.000000000,1054,105,10.500,47,0,0,0,0.000000
6,3.521958914,3.527927622,2057,3.155398481,0,0.000000000,1068,103,10.300,47,0,0,14,0.014000
7,3.528189112,3.533937372,2038,3.126252846,0,0.000000000,0,104,10.400,47,0,0,0,0.000000
8,3.534193106,3.539847817,2024,3.104777115,0,0.000000000,37,105,10.500,47,0,0,40,0.040000
9,3.540110474,3.545682225,2045,3.136990711,0,0.000000000,0,105,10.500,48,0,0,33,0.033000
10,3.545885793,3.552297412,2055,3.152330519,0,0.000000000,1054,104,10.400,48,0,0,0,0.000000
11,3.552558381,3.557566343,2066,3.169204308,0,0.000000000,1068,106,10.600,48,0,0,38,0.038000
12,3.557770438,3.563481163,2055,3.152330519,0,0.000000000,1054,105,10.500,46,0,0,0,0.000000
4,3.563640908,3.569450643,2054,3.150796538,0,0.000000000,0,104,10.400,49,0,0,0,0.000000
5,3.569592655,3.575543639,2054,3.150796538,0,0.000000000,1054,105,10.500,47,0,0,0,0.000000
6,3.575685360,3.581278442,2057,3.155398481,0,0.000000000,1068,103,10.300,47,0,0,14,0.014000
7,3.581423259,3.587483590,2038,3.126252846,0,0.000000000,0,104,10.400,47,0,0,0,0.000000
8,3.587623917,3.593779647,2024,3.104777115,0,0.000000000,37,105,10.500,47,0,0,41,0.041000
9,3.593928361,3.599351190,2045,3.136990711,0,0.000000000,0,105,10.500,48,0,0,33,0.033000
10,3.599497520,3.605647807,2055,3.152330519,0,0.000000000,1054,104,10.400,48,0,0,0,0.000000
11,3.605790717,3.611387371,2066,3.169204308,0,0.000000000,1068,106,10.600,48,0,0,38,0.038000
12,3.611532409,3.617419777,2055,3.152330519,0,0.000000000,1054,105,10.500,46,0,0,0,0.000000
4,3.617563168,3.623347600,2054,3.150796538,0,0.000000000,0,104,10.400,49,0,0,0,0.000000
5,3.623488912,3.629407962,2054,3.150796538,0,0.000000000,1054,105,10.500,47,0,0,0,0.000000
6,3.629547348,3.635835487,2057,3.155398481,0,0.000000000,1068,103,10.300,47,0,0,14,0.014000
7,3.635978619,3.641395596,2038,3.126252846,0,0.000000000,0,104,10.400,47,0,0,0,0.000000
8,3.641555168,3.647409763,2024,3.104777115,0,0.000000000,37,105,10.500,47,0,0,40,0.040000
9,3.647552556,3.653336707,2045,3.136990711,0,0.000000000,0,105,10.500,48,0,0,33,0.033000
10,3.653479350,3.659226638,2055,3.152330519,0,0.000000000,1054,104,10.400,48,0,0,0,0.000000
11,3.659365059,3.665605833,2066,3.169204308,0,0.000000000,1068,106,10.600,48,0,0,39,0.039000
12,3.665807201,3.671497604,2055,3.152330519,0,0.000000000,1054,105,10.500,46,0,0,0,0.000000
4,3.671659228,3.677379668,2054,3.150796538,0,0.000000000,0,104,10.400,49,0,0,0,0.000000
5,3.677522260,3.683334500,2054,3.150796538,0,0.000000000,1054,105,10.500,47,0,0,0,0.000000
6,3.683474817,3.689447883,2057,3.155398481,0,0.000000000,1068,103,10.300,48,0,0,14,0.014000
7,3.689588647,3.695471133,2038,3.126252846,0,0.000000000,0,104,10.400,47,0,0,0,0.000000
8,3.695612844,3.701419473,2024,3.104777115,0,0.000000000,37,105,10.500,47,0,0,40,0.040000
9,3.701566063,3.707610667,2045,3.136990711,0,0.000000000,0,105,10.500,48,0,0,33,0.033000
10,3.707756381,3.713377681,2055,3.152330519,0,0.000000000,1054,104,10.400,48,0,0,0,0.000000
11,3.713518337,3.719529703,2066,3.169204308,0,0.000000000,1068,106,10.600,48,0,0,38,0.038000
12,3.719695436,3.725467283,2055,3.152330519,0,0.000000000,1054,105,10.500,46,0,0,0,0.000000
4,3.725628683,3.731540446,2054,3.150796538,0,0.000000000,0,104,10.400,49,0,0,0,0.000000
5,3.731700535,3.737566258,2054,3.150796538,0,0.000000000,1054,105,10.500,47,0,0,0,0.000000
6,3.737727358,3.743591238,2057,3.155398481,0,0.000000000,1068,103,10.300,47,0,0,13,0.013000
7,3.743754757,3.749573090,2038,3.126252846,0,0.000000000,0,104,10.400,47,0,0,0,0.000000
8,3.749732299,3.755481738,2024,3.104777115,0,0.000000000,37,105,10.500,47,0,0,41,0.041000
9,3.755644765,3.761511022,2045,3.136990711,0,0.000000000,0,105,10.500,48,0,0,33,0.033000
10,3.761678329,3.767557413,2055,3.152330519,0,0.000000000,1054,104,10.400,48,0,0,0,0.000000
11,3.767714903,3.773491043,2066,3.169204308,0,0.000000000,1068,106,10.600,48,0,0,38,0.038000
12,3.773653268,3.779251123,2055,3.152330519,0,0.000000000,1054,105,10.500,46,0,0,0,0.000000
4,3.779390384,3.785284902,2054,3.150796538,0,0.000000000,0,104,10.400,49,0,0,0,0.000000
5,3.785439426,3.791630138,2054,3.150796538,0,0.000000000,1054,105,10.500,47,0,0,0,0.000000
6,3.791784639,3.797575298,2057,3.155398481,0,0.000000000,1068,103,10.300,47,0,0,14,0.014000
7,3.797717274,3.803510709,2038,3.126252846,0,0.000000000,0,104,10.400,47,0,0,0,0.000000
8,3.803648004,3.809435568,2024,3.104777115,0,0.000000000,37,105,10.500,47,0,0,40,0.040000
9,3.809577647,3.815280488,2045,3.136990711,0,0.000000000,0,105,10.500,48,0,0,33,0.033000
10,3.815423449,3.821335278,2055,3.152330519,0,0.000000000,1054,104,10.400,48,0,0,0,0.000000
11,3.821472842,3.827647683,2066,3.169204308,0,0.000000000,1068,106,10.600,48,0,0,38,0.038000
12,3.827787363,3.833315748,2055,3.152330519,0,0.000000000,1054,105,10.500,46,0,0,0,0.000000
4,3.833455388,3.839276992,2054,3.150796538,0,0.000000000,0,104,10.400,49,0,0,0,0.000000
5,3.839415233,3.845420528,2054,3.150796538,0,0.000000000,1054,105,10.500,47,0,0,0,0.000000
6,3.845560424,3.851559390,2057,3.155398481,0,0.000000000,1068,103,10.300,47,0,0,14,0.014000
7,3.851745073,3.857410450,2038,3.126252846,0,0.000000000,0,104,10.400,47,0,0,0,0.000000
8,3.857547536,3.863364572,2024,3.104777115,0,0.000000000,37,105,10.500,47,0,0,40,0.040000
9,3.863506825,3.869436443,2045,3.136990711,0,0.000000000,0,105,10.500,48,0,0,33,0.033000
10,3.869579729,3.875645584,2055,3.152330519,0,0.000000000,1054,104,10.400,48,0,0,0,0.000000
11,3.875813256,3.881278878,2066,3.169204308,0,0.000000000,1068,106,10.600,48,0,0,38,0.038000
12,3.881438408,3.887412824,2055,3.152330519,0,0.000000000,1054,105,10.500,46,0,0,0,0.000000
4,3.887557497,3.893376294,2054,3.150796538,0,0.000000000,0,104,10.400,49,0,0,0,0.000000
5,3.893515182,3.899458255,2054,3.150796538,0,0.000000000,1054,105,10.500,47,0,0,0,0.000000
6,3.899596496,3.905325823,2057,3.155398481,0,0.000000000,1068,103,10.300,47,0,0,14,0.014000
7,3.905459310,3.911472645,2038,3.126252846,0,0.000000000,0,105,10.500,47,0,0,0,0.000000
8,3.911590881,3.917534323,2024,3.104777115,0,0.000000000,37,105,10.500,47,0,0,41,0.041000
9,3.917697843,3.923535765,2045,3.136990711,0,0.000000000,0,105,10.500,48,0,0,33,0.033000
10,3.923700926,3.929331668,2055,3.152330519,0,0.000000000,1054,104,10.400,48,0,0,0,0.000000
11,3.929490693,3.935380065,2066,3.169204308,0,0.000000000,1068,106,10.600,48,0,0,38,0.038000
12,3.935543169,3.941647416,2055,3.152330519,0,0.000000000,1054,105,10.500,46,0,0,0,0.000000
4,3.941806908,3.947436163,2054,3.150796538,0,0.000000000,0,104,10.400,49,0,0,0,0.000000
5,3.947596193,3.953252984,2054,3.150796538,0,0.000000000,1054,105,10.500,47,0,0,0,0.000000
6,3.953393778,3.959434005,2057,3.155398481,0,0.000000000,1068,103,10.300,47,0,0,14,0.014000
7,3.959577112,3.965410862,2038,3.126252846,0,0.000000000,0,105,10.500,47,0,0,0,0.000000
8,3.965543095,3.971257077,2024,3.104777115,0,0.000000000,37,105,10.500,47,0,0,41,0.041000
9,3.971390729,3.977362367,2045,3.136990711,0,0.000000000,0,105,10.500,47,0,0,33,0.033000
10,3.977480226,3.983202624,2055,3.152330519,0,0.000000000,1054,104,10.400,48,0,0,0,0.000000
11,3.983316306,3.989368299,2066,3.169204308,0,0.000000000,1068,106,10.600,48,0,0,38,0.038000
12,3.989502473,3.995425810,2055,3.152330519,0,0.000000000,1054,105,10.500,46,0,0,0,0.000000
4,3.995538954,4.001288337,2054,3.150796538,0,0.000000000,0,104,10.400,49,0,0,0,0.000000
5,4.001421807,4.007498672,2054,3.150796538,0,0.000000000,1054,105,10.500,47,0,0,0,0.000000
6,4.007638939,4.013282955,2057,3.155398481,0,0.000000000,1068,103,10.300,47,0,0,14,0.014000
7,4.013423682,4.019619069,2038,3.126252846,0,0.000000000,0,104,10.400,47,0,0,0,0.000000
8,4.019813362,4.027434682,2024,3.104777115,0,0.000000000,37,105,10.500,47,0,0,40,0.040000
9,4.027643710,4.031520674,2045,3.136990711,0,0.000000000,0,105,10.500,48,0,0,33,0.033000
10,4.031746471,4.037601271,2055,3.152330519,0,0.000000000,1054,104,10.400,48,0,0,0,0.000000
11,4.037798446,4.043498794,2066,3.169204308,0,0.000000000,1068,106,10.600,48,0,0,38,0.038000
12,4.043702051,4.049715775,2055,3.152330519,0,0.000000000,1054,105,10.500,46,0,0,0,0.000000
4,4.049914002,4.055484245,2054,3.150796538,0,0.000000000,0,104,10.400,49,0,0,0,0.000000
5,4.055642768,4.061438440,2054,3.150796538,0,0.000000000,1054,105,10.500,47,0,0,0,0.000000
6,4.061597310,4.067436307,2057,3.155398481,0,0.000000000,1068,103,10.300,47,0,0,13,0.013000
7,4.067580582,4.073451810,2038,3.126252846,0,0.000000000,0,104,10.400,47,0,0,0,0.000000
8,4.073596608,4.079216249,2024,3.104777115,0,0.000000000,37,105,10.500,47,0,0,40,0.040000
9,4.079363686,4.085296292,2045,3.136990711,0,0.000000000,0,105,10.500,48,0,0,33,0.033000
10,4.085441837,4.091493746,2055,3.152330519,0,0.000000000,1054,104,10.400,48,0,0,0,0.000000
11,4.091631419,4.097389767,2066,3.169204308,0,0.000000000,1068,106,10.600,48,0,0,38,0.038000
12,4.097530962,4.103269488,2055,3.152330519,0,0.000000000,1054,105,10.500,46,0,0,0,0.000000
4,4.103408136,4.109334772,2054,3.150796538,0,0.000000000,0,104,10.400,49,0,0,0,0.000000
5,4.109473566,4.115317427,2054,3.150796538,0,0.000000000,1054,105,10.500,47,0,0,0,0.000000
6,4.115456371,4.121360732,2057,3.155398481,0,0.000000000,1068,103,10.300,47,0,0,14,0.014000
7,4.121500817,4.127305618,2038,3.126252846,0,0.000000000,0,104,10.400,47,0,0,0,0.000000
8,4.127443291,4.133446046,2024,3.104777115,0,0.000000000,37,105,10.500,47,0,0,41,0.041000
9,4.133588803,4.139362319,2045,3.136990711,0,0.000000000,0,105,10.500,48,0,0,33,0.033000
10,4.139504323,4.145361301,2055,3.152330519,0,0.000000000,1054,104,10.400,48,0,0,0,0.000000
11,4.145500202,4.151317312,2066,3.169204308,0,0.000000000,1068,106,10.600,48,0,0,38,0.038000
12,4.151459060,4.157352366,2055,3.152330519,0,0.000000000,1054,105,10.500,46,0,0,0,0.000000
4,4.157492673,4.163309598,2054,3.150796538,0,0.000000000,0,104,10.400,49,0,0,0,0.000000
5,4.163450628,4.169477610,2054,3.150796538,0,0.000000000,1054,105,10.500,47,0,0,0,0.000000
6,4.169620042,4.175445589,2057,3.155398481,0,0.000000000,1068,103,10.300,47,0,0,13,0.013000
7,4.175590957,4.181309514,2038,3.126252846,0,0.000000000,0,104,10.400,47,0,0,0,0.000000
8,4.181445722,4.187390063,2024,3.104777115,0,0.000000000,37,105,10.500,47,0,0,40,0.040000
9,4.187533672,4.193271122,2045,3.136990711,0,0.000000000,0,105,10.500,47,0,0,33,0.033000
10,4.193414944,4.199456382,2055,3.152330519,0,0.000000000,1054,104,10.400,48,0,0,0,0.000000
11,4.199578069,4.205430940,2066,3.169204308,0,0.000000000,1068,106,10.600,48,0,0,38,0.038000
12,4.205541304,4.211274944,2055,3.152330519,0,0.000000000,1054,105,10.500,46,0,0,0,0.000000
4,4.211384302,4.217463542,2054,3.150796538,0,0.000000000,0,104,10.400,49,0,0,0,0.000000
5,4.217572114,4.223229008,2054,3.150796538,0,0.000000000,1054,105,10.500,47,0,0,0,0.000000
6,4.223337929,4.229268662,2057,3.155398481,0,0.000000000,1068,103,10.300,47,0,0,13,0.013000
7,4.229382064,4.235169256,2038,3.126252846,0,0.000000000,0,104,10.400,47,0,0,0,0.000000
8,4.235280063,4.241212709,2024,3.104777115,0,0.000000000,37,105,10.500,47,0,0,40,0.040000
9,4.241326415,4.247254432,2045,3.136990711,0,0.000000000,0,105,10.500,48,0,0,33,0.033000
10,4.247368282,4.253434395,2055,3.152330519,0,0.000000000,1054,104,10.400,48,0,0,0,0.000000
11,4.253576056,4.259445613,2066,3.169204308,0,0.000000000,1068,106,10.600,48,0,0,38,0.038000
12,4.259558333,4.265506242,2055,3.152330519,0,0.000000000,1054,105,10.500,46,0,0,0,0.000000
4,4.265643820,4.271339982,2054,3.150796538,0,0.000000000,0,104,10.400,49,0,0,0,0.000000
5,4.271451674,4.277124362,2054,3.150796538,0,0.000000000,1054,105,10.500,47,0,0,0,0.000000
6,4.277236489,4.283210169,2057,3.155398481,0,0.000000000,1068,103,10.300,47,0,0,14,0.014000
7,4.283348118,4.289522194,2038,3.126252846,0,0.000000000,0,104,10.400,47,0,0,0,0.000000
8,4.289656199,4.295522427,2024,3.104777115,0,0.000000000,37,105,10.500,47,0,0,40,0.040000
9,4.295685419,4.301507222,2045,3.136990711,0,0.000000000,0,105,10.500,47,0,0,33,0.033000
10,4.301647458,4.308073157,2055,3.152330519,0,0.000000000,1054,104,10.400,48,0,0,0,0.000000
11,4.308329747,4.313856155,2066,3.169204308,0,0.000000000,1068,106,10.600,48,0,0,38,0.038000
12,4.314121257,4.319600713,2055,3.152330519,0,0.000000000,1054,105,10.500,46,0,0,0,0.000000
4,4.319798434,4.326246033,2054,3.150796538,0,0.000000000,0,104,10.400,49,0,0,0,0.000000
5,4.326560524,4.332077977,2054,3.150796538,0,0.000000000,1054,105,10.500,47,0,0,0,0.000000
6,4.332397125,4.338062290,2057,3.155398481,0,0.000000000,1068,103,10.300,47,0,0,13,0.013000
7,4.338337760,4.344079892,2038,3.126252846,0,0.000000000,0,104,10.400,47,0,0,0,0.000000
8,4.344352209,4.349827515,2024,3.104777115,0,0.000000000,37,105,10.500,47,0,0,40,0.040000
9,4.350038988,4.355770843,2045,3.136990711,0,0.000000000,0,105,10.500,48,0,0,33,0.033000
10,4.355959080,4.361821886,2055,3.152330519,0,0.000000000,1054,104,10.400,48,0,0,0,0.000000
11,4.362048523,4.367820763,2066,3.169204308,0,0.000000000,1068,106,10.600,48,0,0,37,0.037000
12,4.368007390,4.373782167,2055,3.152330519,0,0.000000000,1054,104,10.400,46,0,0,0,0.000000
4,4.373971200,4.379606045,2054,3.150796538,0,0.000000000,0,104,10.400,49,0,0,0,0.000000
5,4.379789646,4.385739962,2054,3.150796538,0,0.000000000,1054,105,10.500,47,0,0,0,0.000000
6,4.385931797,4.391876020,2057,3.155398481,0,0.000000000,1068,103,10.300,47,0,0,14,0.014000
7,4.392074837,4.397874043,2038,3.126252846,0,0.000000000,0,104,10.400,47,0,0,0,0.000000
8,4.398066077,4.403851370,2024,3.104777115,0,0.000000000,37,105,10.500,47,0,0,40,0.040000
9,4.404049379,4.409683392,2045,3.136990711,0,0.000000000,0,105,10.500,48,0,0,33,0.033000
10,4.409872901,4.415729024,2055,3.152330519,0,0.000000000,1054,104,10.400,48,0,0,0,0.000000
11,4.415911802,4.421710180,2066,3.169204308,0,0.000000000,1068,106,10.600,48,0,0,38,0.038000
12,4.421901879,4.427898053,2055,3.152330519,0,0.000000000,1054,104,10.400,46,0,0,0,0.000000
4,4.429497300,4.454786656,2054,3.150796538,0,0.000000000,0,104,10.400,49,0,0,0,0.000000
5,4.454987186,4.463631817,2054,3.150796538,0,0.000000000,1054,105,10.500,47,0,0,0,0.000000
6,4.463804232,4.469674540,2057,3.155398481,0,0.000000000,1068,103,10.300,47,0,0,13,0.013000
7,4.469850738,4.475768159,2038,3.126252846,0,0.000000000,0,104,10.400,47,0,0,0,0.000000
8,4.475943205,4.481725829,2024,3.104777115,0,0.000000000,37,105,10.500,47,0,0,40,0.040000
9,4.481898597,4.487673078,2045,3.136990711,0,0.000000000,0,105,10.500,48,0,0,33,0.033000
10,4.487843226,4.493557591,2055,3.152330519,0,0.000000000,1054,104,10.400,48,0,0,0,0.000000
11,4.493718457,4.499470151,2066,3.169204308,0,0.000000000,1068,106,10.600,48,0,0,37,0.037000
12,4.499617188,4.505611957,2055,3.152330519,0,0.000000000,1054,104,10.400,46,0,0,0,0.000000
4,4.505754182,4.511663880,2054,3.150796538,0,0.000000000,0,104,10.400,49,0,0,0,0.000000
5,4.511815914,4.517488760,2054,3.150796538,0,0.000000000,1054,105,10.500,47,0,0,0,0.000000
6,4.517634060,4.523469425,2057,3.155398481,0,0.000000000,1068,103,10.300,47,0,0,14,0.014000
7,4.523616641,4.529821793,2038,3.126252846,0,0.000000000,0,104,10.400,47,0,0,0,0.000000
8,4.530017439,4.535731856,2024,3.104777115,0,0.000000000,37,105,10.500,47,0,0,40,0.040000
9,4.535935884,4.542264408,2045,3.136990711,0,0.000000000,0,105,10.500,48,0,0,33,0.033000
10,4.542471586,4.547635548,2055,3.152330519,0,0.000000000,1054,104,10.400,48,0,0,0,0.000000
11,4.547835408,4.553648046,2066,3.169204308,0,0.000000000,1068,106,10.600,48,0,0,38,0.038000
12,4.553811036,4.559600958,2055,3.152330519,0,0.000000000,1054,104,10.400,46,0,0,0,0.000000
4,4.559778571,4.565433198,2054,3.150796538,0,0.000000000,0,104,10.400,49,0,0,0,0.000000
5,4.565573321,4.571498697,2054,3.150796538,0,0.000000000,1054,105,10.500,47,0,0,0,0.000000
6,4.571643559,4.577409208,2057,3.155398481,0,0.000000000,1068,103,10.300,47,0,0,14,0.014000
7,4.577555071,4.583586718,2038,3.126252846,0,0.000000000,0,104,10.400,47,0,0,0,0.000000
8,4.583730420,4.589450043,2024,3.104777115,0,0.000000000,37,105,10.500,47,0,0,40,0.040000
9,4.589598972,4.595581826,2045,3.136990711,0,0.000000000,0,105,10.500,47,0,0,33,0.033000
10,4.595727450,4.601501705,2055,3.152330519,0,0.000000000,1054,104,10.400,48,0,0,0,0.000000
11,4.601644430,4.607599507,2066,3.169204308,0,0.000000000,1068,106,10.600,48,0,0,38,0.038000
12,4.607747057,4.614395436,2055,3.152330519,0,0.000000000,1054,104,10.400,46,0,0,0,0.000000
4,4.614538081,4.619406766,2054,3.150796538,0,0.000000000,0,104,10.400,49,0,0,0,0.000000
5,4.619551726,4.625448938,2054,3.150796538,0,0.000000000,1054,105,10.500,47,0,0,0,0.000000
6,4.625589416,4.631431997,2057,3.155398481,0,0.000000000,1068,103,10.300,47,0,0,14,0.014000
7,4.631575207,4.637451327,2038,3.126252846,0,0.000000000,0,104,10.400,47,0,0,0,0.000000
8,4.637588863,4.643716188,2024,3.104777115,0,0.000000000,37,105,10.500,47,0,0,40,0.040000
9,4.643880336,4.649740188,2045,3.136990711,0,0.000000000,0,105,10.500,48,0,0,33,0.033000
10,4.649912486,4.655626020,2055,3.152330519,0,0.000000000,1054,104,10.400,48,0,0,0,0.000000
11,4.655763747,4.661560237,2066,3.169204308,0,0.000000000,1068,106,10.600,48,0,0,38,0.038000
12,4.661726115,4.667389775,2055,3.152330519,0,0.000000000,1054,105,10.500,46,0,0,0,0.000000
4,4.667531632,4.673389025,2054,3.150796538,0,0.000000000,0,104,10.400,49,0,0,0,0.000000
5,4.673534508,4.679549374,2054,3.150796538,0,0.000000000,1054,105,10.500,47,0,0,0,0.000000
6,4.679693810,4.685471608,2057,3.155398481,0,0.000000000,1068,103,10.300,47,0,0,14,0.014000
7,4.685616566,4.691409908,2038,3.126252846,0,0.000000000,0,104,10.400,47,0,0,0,0.000000
8,4.691554385,4.697618302,2024,3.104777115,0,0.000000000,37,105,10.500,47,0,0,41,0.041000
9,4.697774626,4.703594978,2045,3.136990711,0,0.000000000,0,105,10.500,48,0,0,33,0.033000
10,4.703743011,4.709510703,2055,3.152330519,0,0.000000000,1054,104,10.400,48,0,0,0,0.000000
11,4.709655292,4.715604921,2066,3.169204308,0,0.000000000,1068,106,10.600,48,0,0,37,0.037000
12,4.715752260,4.721504746,2055,3.152330519,0,0.000000000,1054,105,10.500,46,0,0,0,0.000000
4,4.721652170,4.727372005,2054,3.150796538,0,0.000000000,0,104,10.400,49,0,0,0,0.000000
5,4.727514246,4.733497348,2054,3.150796538,0,0.000000000,1054,105,10.500,47,0,0,0,0.000000
6,4.733643292,4.739411221,2057,3.155398481,0,0.000000000,1068,103,10.300,47,0,0,14,0.014000
7,4.739558233,4.745564172,2038,3.126252846,0,0.000000000,0,104,10.400,47,0,0,0,0.000000
8,4.745709197,4.751388252,2024,3.104777115,0,0.000000000,37,105,10.500,47,0,0,40,0.040000
9,4.751534208,4.757547068,2045,3.136990711,0,0.000000000,0,105,10.500,48,0,0,33,0.033000
10,4.757741389,4.763391879,2055,3.152330519,0,0.000000000,1054,104,10.400,48,0,0,0,0.000000
11,4.763531401,4.769522213,2066,3.169204308,0,0.000000000,1068,106,10.600,48,0,0,38,0.038000
12,4.769668328,4.775684077,2055,3.152330519,0,0.000000000,1054,105,10.500,46,0,0,0,0.000000
4,4.775829861,4.781430720,2054,3.150796538,0,0.000000000,0,104,10.400,49,0,0,0,0.000000
5,4.781572256,4.787620641,2054,3.150796538,0,0.000000000,1054,105,10.500,47,0,0,0,0.000000
6,4.787761897,4.793364561,2057,3.155398481,0,0.000000000,1068,103,10.300,47,0,0,13,0.013000
7,4.793510856,4.799389709,2038,3.126252846,0,0.000000000,0,104,10.400,47,0,0,0,0.000000
8,4.799536356,4.805570800,2024,3.104777115,0,0.000000000,37,105,10.500,47,0,0,40,0.040000
9,4.805720511,4.811529996,2045,3.136990711,0,0.000000000,0,105,10.500,48,0,0,33,0.033000
10,4.811680382,4.817429013,2055,3.152330519,0,0.000000000,1054,104,10.400,48,0,0,0,0.000000
11,4.817572141,4.823426598,2066,3.169204308,0,0.000000000,1068,106,10.600,48,0,0,38,0.038000
12,4.823577156,4.829520476,2055,3.152330519,0,0.000000000,1054,105,10.500,46,0,0,0,0.000000
4,4.829670046,4.835386571,2054,3.150796538,0,0.000000000,0,104,10.400,49,0,0,0,0.000000
5,4.835528671,4.841502999,2054,3.150796538,0,0.000000000,1054,105,10.500,47,0,0,0,0.000000
6,4.841644495,4.847560520,2057,3.155398481,0,0.000000000,1068,103,10.300,47,0,0,13,0.013000
7,4.847706303,4.853605451,2038,3.126252846,0,0.000000000,0,104,10.400,47,0,0,0,0.000000
8,4.853748406,4.859548983,2024,3.104777115,0,0.000000000,37,105,10.500,47,0,0,40,0.040000
9,4.859697178,4.865597063,2045,3.136990711,0,0.000000000,0,105,10.500,48,0,0,33,0.033000
10,4.865744190,4.871385011,2055,3.152330519,0,0.000000000,1054,104,10.400,48,0,0,0,0.000000
11,4.871533575,4.877519623,2066,3.169204308,0,0.000000000,1068,106,10.600,48,0,0,37,0.037000
12,4.877669095,4.883393821,2055,3.152330519,0,0.000000000,1054,105,10.500,46,0,0,0,0.000000
4,4.883538714,4.889464992,2054,3.150796538,0,0.000000000,0,104,10.400,49,0,0,0,0.000000
5,4.889606745,4.895470062,2054,3.150796538,0,0.000000000,1054,105,10.500,47,0,0,0,0.000000
6,4.895614726,4.901495039,2057,3.155398481,0,0.000000000,1068,103,10.300,47,0,0,14,0.014000
7,4.901644416,4.907592605,2038,3.126252846,0,0.000000000,0,104,10.400,47,0,0,0,0.000000
8,4.907734236,4.913349376,2024,3.104777115,0,0.000000000,37,105,10.500,47,0,0,40,0.040000
9,4.913495641,4.919430600,2045,3.136990711,0,0.000000000,0,105,10.500,48,0,0,33,0.033000
10,4.919577024,4.925463070,2055,3.152330519,0,0.000000000,1054,104,10.400,48,0,0,0,0.000000
11,4.925599760,4.931433923,2066,3.169204308,0,0.000000000,1068,106,10.600,48,0,0,38,0.038000
12,4.931575631,4.937470946,2055,3.152330519,0,0.000000000,1054,105,10.500,46,0,0,0,0.000000
4,4.937609657,4.943480124,2054,3.150796538,0,0.000000000,0,104,10.400,49,0,0,0,0.000000
5,4.943616133,4.949620870,2054,3.150796538,0,0.000000000,1054,105,10.500,47,0,0,0,0.000000
6,4.949759091,4.955454990,2057,3.155398481,0,0.000000000,1068,103,10.300,47,0,0,14,0.014000
7,4.955596613,4.961615950,2038,3.126252846,0,0.000000000,0,104,10.400,47,0,0,0,0.000000
8,4.961753551,4.967459401,2024,3.104777115,0,0.000000000,37,105,10.500,47,0,0,40,0.040000
9,4.967601957,4.973488574,2045,3.136990711,0,0.000000000,0,105,10.500,47,0,0,33,0.033000
10,4.973635646,4.979544024,2055,3.152330519,0,0.000000000,1054,104,10.400,48,0,0,0,0.000000
11,4.979682888,4.985286754,2066,3.169204308,0,0.000000000,1068,106,10.600,48,0,0,38,0.038000
12,4.985428482,4.991435933,2055,3.152330519,0,0.000000000,1054,104,10.400,46,0,0,0,0.000000
4,4.991609851,4.997452501,2054,3.150796538,0,0.000000000,0,104,10.400,49,0,0,0,0.000000
5,4.997590670,5.003548066,2054,3.150796538,0,0.000000000,1054,105,10.500,47,0,0,0,0.000000
6,5.003692720,5.009563423,2057,3.155398481,0,0.000000000,1068,103,10.300,47,0,0,13,0.013000
7,5.009708589,5.015551234,2038,3.126252846,0,0.000000000,0,104,10.400,47,0,0,0,0.000000
8,5.015688275,5.021334736,2024,3.104777115,0,0.000000000,37,105,10.500,47,0,0,40,0.040000
9,5.021475990,5.027454395,2045,3.136990711,0,0.000000000,0,105,10.500,48,0,0,33,0.033000
10,5.027597897,5.033497408,2055,3.152330519,0,0.000000000,1054,104,10.400,48,0,0,0,0.000000
11,5.033634997,5.039318650,2066,3.169204308,0,0.000000000,1068,106,10.600,48,0,0,38,0.038000
12,5.039458460,5.045343015,2055,3.152330519,0,0.000000000,1054,105,10.500,46,0,0,0,0.000000
4,5.045481475,5.051484900,2054,3.150796538,0,0.000000000,0,104,10.400,49,0,0,0,0.000000
5,5.051622928,5.057413735,2054,3.150796538,0,0.000000000,1054,105,10.500,47,0,0,0,0.000000
6,5.057556655,5.063497418,2057,3.155398481,0,0.000000000,1068,103,10.300,47,0,0,13,0.013000
7,5.063639202,5.069566089,2038,3.126252846,0,0.000000000,0,104,10.400,47,0,0,0,0.000000
8,5.069704262,5.075574250,2024,3.104777115,0,0.000000000,37,105,10.500,47,0,0,40,0.040000
9,5.075718526,5.081449213,2045,3.136990711,0,0.000000000,0,105,10.500,47,0,0,33,0.033000
10,5.081591236,5.087472154,2055,3.152330519,0,0.000000000,1054,104,10.400,48,0,0,0,0.000000
11,5.087613201,5.093491162,2066,3.169204308,0,0.000000000,1068,106,10.600,48,0,0,38,0.038000
12,5.093639741,5.099550631,2055,3.152330519,0,0.000000000,1054,105,10.500,46,0,0,0,0.000000
4,5.099688892,5.105590811,2054,3.150796538,0,0.000000000,0,104,10.400,49,0,0,0,0.000000
5,5.105732529,5.111578578,2054,3.150796538,0,0.000000000,1054,105,10.500,47,0,0,0,0.000000
6,5.111720891,5.117546898,2057,3.155398481,0,0.000000000,1068,103,10.300,47,0,0,14,0.014000
7,5.117692190,5.123295062,2038,3.126252846,0,0.000000000,0,104,10.400,47,0,0,0,0.000000
8,5.123431690,5.129612185,2024,3.104777115,0,0.000000000,37,105,10.500,47,0,0,40,0.040000
9,5.129777047,5.135491496,2045,3.136990711,0,0.000000000,0,105,10.500,48,0,0,33,0.033000
10,5.135634120,5.141582430,2055,3.152330519,0,0.000000000,1054,104,10.400,48,0,0,0,0.000000
11,5.141719570,5.147451635,2066,3.169204308,0,0.000000000,1068,106,10.600,48,0,0,37,0.037000
12,5.147593824,5.153421997,2055,3.152330519,0,0.000000000,1054,104,10.400,46,0,0,0,0.000000
4,5.153559564,5.159386034,2054,3.150796538,0,0.000000000,0,104,10.400,49,0,0,0,0.000000
5,5.159524931,5.165492027,2054,3.150796538,0,0.000000000,1054,105,10.500,47,0,0,0,0.000000
6,5.165631275,5.171391033,2057,3.155398481,0,0.000000000,1068,103,10.300,47,0,0,14,0.014000
7,5.171599616,5.177481485,2038,3.126252846,0,0.000000000,0,104,10.400,47,0,0,0,0.000000
8,5.177622886,5.183311560,2024,3.104777115,0,0.000000000,37,105,10.500,47,0,0,40,0.040000
9,5.183454134,5.189457990,2045,3.136990711,0,0.000000000,0,105,10.500,47,0,0,33,0.033000
10,5.189599399,5.195379931,2055,3.152330519,0,0.000000000,1054,104,10.400,48,0,0,0,0.000000
11,5.195518117,5.201276678,2066,3.169204308,0,0.000000000,1068,106,10.600,48,0,0,38,0.038000
12,5.201417868,5.207528801,2055,3.152330519,0,0.000000000,1054,104,10.400,46,0,0,0,0.000000
4,5.207671607,5.213392053,2054,3.150796538,0,0.000000000,0,104,10.400,49,0,0,0,0.000000
5,5.213528640,5.219506150,2054,3.150796538,0,0.000000000,1054,105,10.500,47,0,0,0,0.000000
6,5.219649972,5.225366937,2057,3.155398481,0,0.000000000,1068,103,10.300,47,0,0,13,0.013000
7,5.225509283,5.231250265,2038,3.126252846,0,0.000000000,0,104,10.400,47,0,0,0,0.000000
8,5.231387595,5.237250430,2024,3.104777115,0,0.000000000,37,105,10.500,47,0,0,40,0.040000
9,5.237395419,5.243379126,2045,3.136990711,0,0.000000000,0,105,10.500,47,0,0,33,0.033000
10,5.243521610,5.249534033,2055,3.152330519,0,0.000000000,1054,104,10.400,48,0,0,0,0.000000
11,5.249670489,5.255558850,2066,3.169204308,0,0.000000000,1068,106,10.600,48,0,0,38,0.038000
12,5.255701585,5.261565696,2055,3.152330519,0,0.000000000,1054,104,10.400,46,0,0,0,0.000000
4,5.261704127,5.267325504,2054,3.150796538,0,0.000000000,0,104,10.400,49,0,0,0,0.000000
5,5.267463509,5.273526905,2054,3.150796538,0,0.000000000,1054,105,10.500,47,0,0,0,0.000000
6,5.273673166,5.279501070,2057,3.155398481,0,0.000000000,1068,103,10.300,47,0,0,14,0.014000
7,5.279647812,5.285419933,2038,3.126252846,0,0.000000000,0,104,10.400,47,0,0,0,0.000000
8,5.285561948,5.291471168,2024,3.104777115,0,0.000000000,37,105,10.500,47,0,0,40,0.040000
9,5.291621395,5.297326532,2045,3.136990711,0,0.000000000,0,105,10.500,48,0,0,33,0.033000
10,5.297472800,5.303394025,2055,3.152330519,0,0.000000000,1054,104,10.400,48,0,0,0,0.000000
11,5.303535846,5.309454643,2066,3.169204308,0,0.000000000,1068,106,10.600,48,0,0,37,0.037000
12,5.309601571,5.315281600,2055,3.152330519,0,0.000000000,1054,105,10.500,46,0,0,0,0.000000
4,5.315424256,5.321467859,2054,3.150796538,0,0.000000000,0,104,10.400,49,0,0,0,0.000000
5,5.321611451,5.327270309,2054,3.150796538,0,0.000000000,1054,105,10.500,47,0,0,0,0.000000
6,5.327415516,5.333357626,2057,3.155398481,0,0.000000000,1068,103,10.300,47,0,0,13,0.013000
7,5.333504648,5.339360291,2038,3.126252846,0,0.000000000,0,104,10.400,47,0,0,0,0.000000
8,5.339506746,5.345409764,2024,3.104777115,0,0.000000000,37,105,10.500,47,0,0,40,0.040000
9,5.345558494,5.351411539,2045,3.136990711,0,0.000000000,0,105,10.500,48,0,0,33,0.033000
10,5.351560084,5.357511116,2055,3.152330519,0,0.000000000,1054,104,10.400,48,0,0,0,0.000000
11,5.357658884,5.363362034,2066,3.169204308,0,0.000000000,1068,106,10.600,48,0,0,38,0.038000
12,5.363509491,5.369539204,2055,3.152330519,0,0.000000000,1054,105,10.500,46,0,0,0,0.000000
4,5.369683599,5.375468796,2054,3.150796538,0,0.000000000,0,104,10.400,49,0,0,0,0.000000
5,5.375615069,5.381992916,2054,3.150796538,0,0.000000000,1054,105,10.500,47,0,0,0,0.000000
6,5.382157839,5.387562499,2057,3.155398481,0,0.000000000,1068,103,10.300,47,0,0,14,0.014000
7,5.387720384,5.393579511,2038,3.126252846,0,0.000000000,0,104,10.400,47,0,0,0,0.000000
8,5.393737399,5.399568301,2024,3.104777115,0,0.000000000,37,105,10.500,47,0,0,40,0.040000
9,5.399732686,5.405579338,2045,3.136990711,0,0.000000000,0,105,10.500,48,0,0,33,0.033000
10,5.405761680,5.411788789,2055,3.152330519,0,0.000000000,1054,104,10.400,48,0,0,0,0.000000
11,5.411994764,5.417604260,2066,3.169204308,0,0.000000000,1068,106,10.600,48,0,0,38,0.038000
12,5.417786889,5.423425050,2055,3.152330519,0,0.000000000,1054,105,10.500,46,0,0,0,0.000000
4,5.423598469,5.429435506,2054,3.150796538,0,0.000000000,0,104,10.400,49,0,0,0,0.000000
5,5.429601924,5.435573634,2054,3.150796538,0,0.000000000,1054,105,10.500,47,0,0,0,0.000000
6,5.435748790,5.441674678,2057,3.155398481,0,0.000000000,1068,103,10.300,47,0,0,13,0.013000
7,5.441859017,5.447497579,2038,3.126252846,0,0.000000000,0,104,10.400,47,0,0,0,0.000000
8,5.447662919,5.453595187,2024,3.104777115,0,0.000000000,37,105,10.500,47,0,0,40,0.040000
9,5.453769997,5.459441320,2045,3.136990711,0,0.000000000,0,105,10.500,47,0,0,33,0.033000
10,5.459620936,5.465607989,2055,3.152330519,0,0.000000000,1054,104,10.400,48,0,0,0,0.000000
11,5.465769845,5.471552071,2066,3.169204308,0,0.000000000,1068,106,10.600,48,0,0,38,0.038000
12,5.471716846,5.477588219,2055,3.152330519,0,0.000000000,1054,105,10.500,46,0,0,0,0.000000
4,5.477737446,5.483496422,2054,3.150796538,0,0.000000000,0,104,10.400,49,0,0,0,0.000000
5,5.483644089,5.489510516,2054,3.150796538,0,0.000000000,1054,105,10.500,47,0,0,0,0.000000
6,5.489654750,5.495444209,2057,3.155398481,0,0.000000000,1068,103,10.300,47,0,0,14,0.014000
7,5.495605058,5.501643538,2038,3.126252846,0,0.000000000,0,104,10.400,47,0,0,0,0.000000
8,5.501804658,5.507534438,2024,3.104777115,0,0.000000000,37,105,10.500,47,0,0,40,0.040000
9,5.507714555,5.513584025,2045,3.136990711,0,0.000000000,0,105,10.500,48,0,0,33,0.033000
10,5.513759830,5.519627757,2055,3.152330519,0,0.000000000,1054,104,10.400,48,0,0,0,0.000000
11,5.519802485,5.525500581,2066,3.169204308,0,0.000000000,1068,106,10.600,48,0,0,38,0.038000
12,5.525679180,5.531570170,2055,3.152330519,0,0.000000000,1054,105,10.500,46,0,0,0,0.000000
4,5.531742263,5.537745521,2054,3.150796538,0,0.000000000,0,104,10.400,49,0,0,0,0.000000
5,5.537917620,5.543458867,2054,3.150796538,0,0.000000000,1054,105,10.500,47,0,0,0,0.000000
6,5.543634553,5.549420899,2057,3.155398481,0,0.000000000,1068,103,10.300,48,0,0,14,0.014000
7,5.549597675,5.555477087,2038,3.126252846,0,0.000000000,0,104,10.400,47,0,0,0,0.000000
8,5.555644495,5.561607027,2024,3.104777115,0,0.000000000,37,105,10.500,47,0,0,40,0.040000
9,5.561797314,5.567316830,2045,3.136990711,0,0.000000000,0,105,10.500,47,0,0,33,0.033000
10,5.567495961,5.573420143,2055,3.152330519,0,0.000000000,1054,104,10.400,48,0,0,0,0.000000
11,5.573593643,5.579456527,2066,3.169204308,0,0.000000000,1068,106,10.600,48,0,0,38,0.038000
12,5.579634128,5.585289710,2055,3.152330519,0,0.000000000,1054,105,10.500,46,0,0,0,0.000000
4,5.585493862,5.591376617,2054,3.150796538,0,0.000000000,0,104,10.400,49,0,0,0,0.000000
5,5.591549796,5.597428488,2054,3.150796538,0,0.000000000,1054,105,10.500,47,0,0,0,0.000000
6,5.597625854,5.603341641,2057,3.155398481,0,0.000000000,1068,103,10.300,47,0,0,13,0.013000
7,5.603522008,5.609353834,2038,3.126252846,0,0.000000000,0,104,10.400,47,0,0,0,0.000000
8,5.609525688,5.615259587,2024,3.104777115,0,0.000000000,37,105,10.500,47,0,0,40,0.040000
9,5.615440402,5.621452556,2045,3.136990711,0,0.000000000,0,105,10.500,47,0,0,33,0.033000
10,5.621630954,5.627377804,2055,3.152330519,0,0.000000000,1054,104,10.400,48,0,0,0,0.000000
11,5.627552700,5.633341767,2066,3.169204308,0,0.000000000,1068,106,10.600,48,0,0,38,0.038000
12,5.633519726,5.639447864,2055,3.152330519,0,0.000000000,1054,105,10.500,46,0,0,0,0.000000
4,5.639655132,5.645386431,2054,3.150796538,0,0.000000000,0,104,10.400,49,0,0,0,0.000000
5,5.645566720,5.651486135,2054,3.150796538,0,0.000000000,1054,105,10.500,47,0,0,0,0.000000
6,5.651670734,5.657311234,2057,3.155398481,0,0.000000000,1068,103,10.300,47,0,0,14,0.014000
7,5.657500468,5.663533136,2038,3.126252846,0,0.000000000,0,104,10.400,47,0,0,0,0.000000
8,5.663750084,5.669577803,2024,3.104777115,0,0.000000000,37,105,10.500,47,0,0,40,0.040000
9,5.669770419,5.675426132,2045,3.136990711,0,0.000000000,0,105,10.500,48,0,0,33,0.033000
10,5.675604815,5.681285700,2055,3.152330519,0,0.000000000,1054,104,10.400,48,0,0,0,0.000000
11,5.681458769,5.687396984,2066,3.169204308,0,0.000000000,1068,106,10.600,48,0,0,38,0.038000
12,5.687573550,5.693504712,2055,3.152330519,0,0.000000000,1054,105,10.500,46,0,0,0,0.000000
4,5.693683819,5.699375310,2054,3.150796538,0,0.000000000,0,104,10.400,49,0,0,0,0.000000
5,5.699550529,5.705575069,2054,3.150796538,0,0.000000000,1054,105,10.500,47,0,0,0,0.000000
6,5.705786004,5.711469039,2057,3.155398481,0,0.000000000,1068,103,10.300,47,0,0,14,0.014000
7,5.711659934,5.717430733,2038,3.126252846,0,0.000000000,0,104,10.400,47,0,0,0,0.000000
8,5.717610203,5.723306084,2024,3.104777115,0,0.000000000,37,105,10.500,47,0,0,40,0.040000
9,5.723487566,5.729390119,2045,3.136990711,0,0.000000000,0,105,10.500,48,0,0,33,0.033000
10,5.729570947,5.735360368,2055,3.152330519,0,0.000000000,1054,104,10.400,48,0,0,0,0.000000
11,5.735533344,5.741406468,2066,3.169204308,0,0.000000000,1068,106,10.600,48,0,0,38,0.038000
12,5.741583049,5.747303058,2055,3.152330519,0,0.000000000,1054,105,10.500,46,0,0,0,0.000000
4,5.747482239,5.753514926,2054,3.150796538,0,0.000000000,0,104,10.400,49,0,0,0,0.000000
5,5.753690148,5.759286769,2054,3.150796538,0,0.000000000,1054,105,10.500,47,0,0,0,0.000000
6,5.759459987,5.765362656,2057,3.155398481,0,0.000000000,1068,103,10.300,47,0,0,14,0.014000
7,5.765545228,5.771245779,2038,3.126252846,0,0.000000000,0,104,10.400,47,0,0,0,0.000000
8,5.771418534,5.777346558,2024,3.104777115,0,0.000000000,37,105,10.500,47,0,0,40,0.040000
9,5.777526153,5.783514590,2045,3.136990711,0,0.000000000,0,105,10.500,48,0,0,33,0.033000
10,5.783716162,5.789304338,2055,3.152330519,0,0.000000000,1054,104,10.400,48,0,0,0,0.000000
11,5.789480913,5.795442908,2066,3.169204308,0,0.000000000,1068,106,10.600,48,0,0,38,0.038000
12,5.795621603,5.801366163,2055,3.152330519,0,0.000000000,1054,105,10.500,46,0,0,0,0.000000
4,5.801540924,5.807510357,2054,3.150796538,0,0.000000000,0,104,10.400,49,0,0,0,0.000000
5,5.807684905,5.813395551,2054,3.150796538,0,0.000000000,1054,105,10.500,47,0,0,0,0.000000
6,5.813575835,5.819357799,2057,3.155398481,0,0.000000000,1068,103,10.300,47,0,0,13,0.013000
7,5.819534483,5.825524393,2038,3.126252846,0,0.000000000,0,104,10.400,47,0,0,0,0.000000
8,5.825700617,5.831416660,2024,3.104777115,0,0.000000000,37,105,10.500,47,0,0,40,0.040000
9,5.831602191,5.837344938,2045,3.136990711,0,0.000000000,0,105,10.500,47,0,0,33,0.033000
10,5.837524364,5.843354004,2055,3.152330519,0,0.000000000,1054,104,10.400,48,0,0,0,0.000000
11,5.843527601,5.849515591,2066,3.169204308,0,0.000000000,1068,106,10.600,48,0,0,39,0.039000
12,5.849700843,5.855542565,2055,3.152330519,0,0.000000000,1054,105,10.500,46,0,0,0,0.000000
4,5.855723066,5.861437056,2054,3.150796538,0,0.000000000,0,104,10.400,49,0,0,0,0.000000
5,5.861634460,5.867421613,2054,3.150796538,0,0.000000000,1054,105,10.500,47,0,0,0,0.000000
6,5.867595125,5.873547778,2057,3.155398481,0,0.000000000,1068,103,10.300,47,0,0,14,0.014000
7,5.873732114,5.879405217,2038,3.126252846,0,0.000000000,0,104,10.400,47,0,0,0,0.000000
8,5.879577854,5.885344700,2024,3.104777115,0,0.000000000,37,105,10.500,47,0,0,40,0.040000
9,5.885523808,5.891408101,2045,3.136990711,0,0.000000000,0,105,10.500,48,0,0,33,0.033000
10,5.891588221,5.897284190,2055,3.152330519,0,0.000000000,1054,104,10.400,48,0,0,0,0.000000
11,5.897456653,5.903362132,2066,3.169204308,0,0.000000000,1068,106,10.600,48,0,0,38,0.038000
12,5.903587833,5.909333376,2055,3.152330519,0,0.000000000,1054,105,10.500,46,0,0,0,0.000000
4,5.909510319,5.915389895,2054,3.150796538,0,0.000000000,0,104,10.400,49,0,0,0,0.000000
5,5.915572876,5.921211232,2054,3.150796538,0,0.000000000,1054,105,10.500,47,0,0,0,0.000000
6,5.921384840,5.927311178,2057,3.155398481,0,0.000000000,1068,103,10.300,47,0,0,14,0.014000
7,5.927488838,5.933407747,2038,3.126252846,0,0.000000000,0,104,10.400,47,0,0,0,0.000000
8,5.933576244,5.939321015,2024,3.104777115,0,0.000000000,37,105,10.500,47,0,0,41,0.041000
9,5.939489165,5.945272502,2045,3.136990711,0,0.000000000,0,105,10.500,48,0,0,33,0.033000
10,5.945443622,5.951394792,2055,3.152330519,0,0.000000000,1054,104,10.400,48,0,0,0,0.000000
11,5.951558530,5.957381409,2066,3.169204308,0,0.000000000,1068,106,10.600,48,0,0,38,0.038000
12,5.957552897,5.963458228,2055,3.152330519,0,0.000000000,1054,105,10.500,46,0,0,0,0.000000
4,5.963632155,5.969237279,2054,3.150796538,0,0.000000000,0,104,10.400,49,0,0,0,0.000000
5,5.969412034,5.975587222,2054,3.150796538,0,0.000000000,1054,105,10.500,47,0,0,0,0.000000
6,5.975782824,5.981393483,2057,3.155398481,0,0.000000000,1068,103,10.300,47,0,0,13,0.013000
7,5.981574896,5.987350173,2038,3.126252846,0,0.000000000,0,104,10.400,47,0,0,0,0.000000
8,5.987529457,5.993311713,2024,3.104777115,0,0.000000000,37,105,10.500,47,0,0,40,0.040000
9,5.993490273,5.999303958,2045,3.136990711,0,0.000000000,0,105,10.500,48,0,0,33,0.033000
10,5.999487797,6.005550860,2055,3.152330519,0,0.000000000,1054,104,10.400,48,0,0,0,0.000000
11,6.005752485,6.011307085,2066,3.169204308,0,0.000000000,1068,106,10.600,48,0,0,37,0.037000
12,6.011488773,6.017464203,2055,3.152330519,0,0.000000000,1054,105,10.500,46,0,0,0,0.000000
4,6.017652397,6.023386463,2054,3.150796538,0,0.000000000,0,104,10.400,49,0,0,0,0.000000
5,6.023667908,6.029332868,2054,3.150796538,0,0.000000000,1054,105,10.500,47,0,0,0,0.000000
6,6.029507771,6.035315583,2057,3.155398481,0,0.000000000,1068,103,10.300,47,0,0,13,0.013000
7,6.035496413,6.041221288,2038,3.126252846,0,0.000000000,0,104,10.400,47,0,0,0,0.000000
8,6.041395739,6.047439184,2024,3.104777115,0,0.000000000,37,105,10.500,47,0,0,40,0.040000
9,6.047617414,6.053294136,2045,3.136990711,0,0.000000000,0,105,10.500,48,0,0,33,0.033000
10,6.053475295,6.059377658,2055,3.152330519,0,0.000000000,1054,104,10.400,48,0,0,0,0.000000
11,6.059538127,6.065415812,2066,3.169204308,0,0.000000000,1068,106,10.600,48,0,0,38,0.038000
12,6.065583077,6.071366914,2055,3.152330519,0,0.000000000,1054,105,10.500,46,0,0,0,0.000000
4,6.071530692,6.077333647,2054,3.150796538,0,0.000000000,0,104,10.400,49,0,0,0,0.000000
5,6.077499863,6.083323040,2054,3.150796538,0,0.000000000,1054,105,10.500,47,0,0,0,0.000000
6,6.083493127,6.089461527,2057,3.155398481,0,0.000000000,1068,103,10.300,47,0,0,13,0.013000
7,6.089648278,6.095548515,2038,3.126252846,0,0.000000000,0,104,10.400,47,0,0,0,0.000000
8,6.095724349,6.101365183,2024,3.104777115,0,0.000000000,37,105,10.500,47,0,0,40,0.040000
9,6.101553226,6.107402640,2045,3.136990711,0,0.000000000,0,105,10.500,48,0,0,33,0.033000
10,6.107581997,6.113436304,2055,3.152330519,0,0.000000000,1054,104,10.400,48,0,0,0,0.000000
11,6.113689376,6.119299778,2066,3.169204308,0,0.000000000,1068,106,10.600,48,0,0,38,0.038000
12,6.119484866,6.125422521,2055,3.152330519,0,0.000000000,1054,105,10.500,46,0,0,0,0.000000
4,6.125611606,6.131402841,2054,3.150796538,0,0.000000000,0,104,10.400,49,0,0,0,0.000000
5,6.131589747,6.137417345,2054,3.150796538,0,0.000000000,1054,105,10.500,47,0,0,0,0.000000
6,6.137601552,6.146979620,2057,3.155398481,0,0.000000000,1068,103,10.300,47,0,0,13,0.013000
7,6.147164401,6.155302597,2038,3.126252846,0,0.000000000,0,104,10.400,47,0,0,0,0.000000
8,6.155485891,6.161721764,2024,3.104777115,0,0.000000000,37,105,10.500,47,0,0,40,0.040000
9,6.161917218,6.167286764,2045,3.136990711,0,0.000000000,0,105,10.500,48,0,0,33,0.033000
10,6.167477773,6.173537933,2055,3.152330519,0,0.000000000,1054,104,10.400,48,0,0,0,0.000000
11,6.173723010,6.179489726,2066,3.169204308,0,0.000000000,1068,106,10.600,48,0,0,37,0.037000
12,6.179676455,6.185236959,2055,3.152330519,0,0.000000000,1054,105,10.500,46,0,0,0,0.000000
4,6.185420116,6.191369600,2054,3.150796538,0,0.000000000,0,104,10.400,49,0,0,0,0.000000
5,6.191543486,6.197695761,2054,3.150796538,0,0.000000000,1054,105,10.500,47,0,0,0,0.000000
6,6.197950819,6.203428251,2057,3.155398481,0,0.000000000,1068,103,10.300,47,0,0,14,0.014000
7,6.203614413,6.209435392,2038,3.126252846,0,0.000000000,0,104,10.400,47,0,0,0,0.000000
8,6.209629714,6.215228436,2024,3.104777115,0,0.000000000,37,105,10.500,47,0,0,40,0.040000
9,6.215414827,6.221424879,2045,3.136990711,0,0.000000000,0,105,10.500,47,0,0,33,0.033000
10,6.221606766,6.227307317,2055,3.152330519,0,0.000000000,1054,104,10.400,48,0,0,0,0.000000
11,6.227487442,6.233350197,2066,3.169204308,0,0.000000000,1068,106,10.600,48,0,0,38,0.038000
12,6.233561230,6.239329165,2055,3.152330519,0,0.000000000,1054,105,10.500,46,0,0,0,0.000000
4,6.239513242,6.245355559,2054,3.150796538,0,0.000000000,0,104,10.400,49,0,0,0,0.000000
5,6.245543470,6.251364734,2054,3.150796538,0,0.000000000,1054,105,10.500,47,0,0,0,0.000000
6,6.251546425,6.257240497,2057,3.155398481,0,0.000000000,1068,103,10.300,47,0,0,13,0.013000
7,6.257424648,6.263248262,2038,3.126252846,0,0.000000000,0,104,10.400,47,0,0,0,0.000000
8,6.263431671,6.269261131,2024,3.104777115,0,0.000000000,37,105,10.500,47,0,0,40,0.040000
9,6.269443247,6.275309242,2045,3.136990711,0,0.000000000,0,105,10.500,48,0,0,33,0.033000
10,6.275486030,6.281207505,2055,3.152330519,0,0.000000000,1054,104,10.400,48,0,0,0,0.000000
11,6.281381936,6.287301205,2066,3.169204308,0,0.000000000,1068,106,10.600,48,0,0,38,0.038000
12,6.287476825,6.293284157,2055,3.152330519,0,0.000000000,1054,105,10.500,46,0,0,0,0.000000
4,6.293458334,6.299212977,2054,3.150796538,0,0.000000000,0,104,10.400,49,0,0,0,0.000000
5,6.299399854,6.305321677,2054,3.150796538,0,0.000000000,1054,105,10.500,47,0,0,0,0.000000
6,6.305500502,6.311316585,2057,3.155398481,0,0.000000000,1068,103,10.300,47,0,0,13,0.013000
7,6.311494972,6.317464042,2038,3.126252846,0,0.000000000,0,104,10.400,47,0,0,0,0.000000
8,6.317637587,6.323515636,2024,3.104777115,0,0.000000000,37,105,10.500,47,0,0,40,0.040000
9,6.323694408,6.329458038,2045,3.136990711,0,0.000000000,0,105,10.500,47,0,0,33,0.033000
10,6.329637779,6.335281571,2055,3.152330519,0,0.000000000,1054,104,10.400,48,0,0,0,0.000000
11,6.335454422,6.341238092,2066,3.169204308,0,0.000000000,1068,106,10.600,48,0,0,37,0.037000
12,6.341419664,6.347335465,2055,3.152330519,0,0.000000000,1054,105,10.500,46,0,0,0,0.000000
4,6.347508419,6.353379676,2054,3.150796538,0,0.000000000,0,104,10.400,49,0,0,0,0.000000
5,6.353552506,6.359261164,2054,3.150796538,0,0.000000000,1054,105,10.500,47,0,0,0,0.000000
6,6.359433872,6.365113091,2057,3.155398481,0,0.000000000,1068,103,10.300,47,0,0,14,0.014000
7,6.365304391,6.371325189,2038,3.126252846,0,0.000000000,0,104,10.400,47,0,0,0,0.000000
8,6.371500846,6.377292469,2024,3.104777115,0,0.000000000,37,105,10.500,47,0,0,40,0.040000
9,6.377483073,6.383370213,2045,3.136990711,0,0.000000000,0,105,10.500,48,0,0,33,0.033000
10,6.383555132,6.389430347,2055,3.152330519,0,0.000000000,1054,104,10.400,48,0,0,0,0.000000
11,6.389603010,6.395451008,2066,3.169204308,0,0.000000000,1068,106,10.600,48,0,0,38,0.038000
12,6.395631906,6.401363064,2055,3.152330519,0,0.000000000,1054,105,10.500,46,0,0,0,0.000000
4,6.401568123,6.407307240,2054,3.150796538,0,0.000000000,0,104,10.400,49,0,0,0,0.000000
5,6.407490307,6.413317371,2054,3.150796538,0,0.000000000,1054,105,10.500,47,0,0,0,0.000000
6,6.413532585,6.419364675,2057,3.155398481,0,0.000000000,1068,103,10.300,47,0,0,13,0.013000
7,6.419546685,6.425476643,2038,3.126252846,0,0.000000000,0,104,10.400,47,0,0,0,0.000000
8,6.425662267,6.431412428,2024,3.104777115,0,0.000000000,37,105,10.500,47,0,0,40,0.040000
9,6.431660476,6.437550965,2045,3.136990711,0,0.000000000,0,105,10.500,48,0,0,33,0.033000
10,6.437739958,6.443274512,2055,3.152330519,0,0.000000000,1054,104,10.400,48,0,0,0,0.000000
11,6.443452196,6.449339646,2066,3.169204308,0,0.000000000,1068,106,10.600,48,0,0,38,0.038000
12,6.449539911,6.455290476,2055,3.152330519,0,0.000000000,1054,105,10.500,46,0,0,0,0.000000
4,6.455468770,6.461434047,2054,3.150796538,0,0.000000000,0,104,10.400,49,0,0,0,0.000000
5,6.461629822,6.467322778,2054,3.150796538,0,0.000000000,1054,105,10.500,47,0,0,0,0.000000
6,6.467498731,6.473660957,2057,3.155398481,0,0.000000000,1068,103,10.300,47,0,0,13,0.013000
7,6.473979693,6.479475187,2038,3.126252846,0,0.000000000,0,104,10.400,47,0,0,0,0.000000
8,6.479700176,6.485315786,2024,3.104777115,0,0.000000000,37,105,10.500,47,0,0,40,0.040000
9,6.485502213,6.491358160,2045,3.136990711,0,0.000000000,0,105,10.500,48,0,0,33,0.033000
10,6.491546718,6.497422964,2055,3.152330519,0,0.000000000,1054,104,10.400,48,0,0,0,0.000000
11,6.497618302,6.503552430,2066,3.169204308,0,0.000000000,1068,106,10.600,48,0,0,38,0.038000
12,6.503745341,6.509292897,2055,3.152330519,0,0.000000000,1054,105,10.500,46,0,0,0,0.000000
4,6.509482112,6.515541222,2054,3.150796538,0,0.000000000,0,104,10.400,49,0,0,0,0.000000
5,6.515748344,6.521196832,2054,3.150796538,0,0.000000000,1054,105,10.500,47,0,0,0,0.000000
6,6.521378506,6.527376550,2057,3.155398481,0,0.000000000,1068,103,10.300,47,0,0,14,0.014000
7,6.527560351,6.533325360,2038,3.126252846,0,0.000000000,0,105,10.500,47,0,0,0,0.000000
8,6.533525842,6.539277486,2024,3.104777115,0,0.000000000,37,105,10.500,47,0,0,40,0.040000
9,6.539465090,6.545314452,2045,3.136990711,0,0.000000000,0,105,10.500,47,0,0,33,0.033000
10,6.545506194,6.551309348,2055,3.152330519,0,0.000000000,1054,104,10.400,48,0,0,0,0.000000
11,6.551492322,6.557320290,2066,3.169204308,0,0.000000000,1068,106,10.600,48,0,0,37,0.037000
12,6.557505424,6.563299931,2055,3.152330519,0,0.000000000,1054,105,10.500,46,0,0,0,0.000000
4,6.563487278,6.569261881,2054,3.150796538,0,0.000000000,0,104,10.400,49,0,0,0,0.000000
5,6.569446016,6.575209908,2054,3.150796538,0,0.000000000,1054,105,10.500,47,0,0,0,0.000000
6,6.575393679,6.581384614,2057,3.155398481,0,0.000000000,1068,103,10.300,47,0,0,14,0.014000
7,6.581578056,6.587153811,2038,3.126252846,0,0.000000000,0,104,10.400,47,0,0,0,0.000000
8,6.587366775,6.593302596,2024,3.104777115,0,0.000000000,37,105,10.500,47,0,0,40,0.040000
9,6.593488067,6.599335119,2045,3.136990711,0,0.000000000,0,105,10.500,48,0,0,33,0.033000
10,6.599520630,6.605295420,2055,3.152330519,0,0.000000000,1054,104,10.400,48,0,0,0,0.000000
11,6.605488860,6.611326372,2066,3.169204308,0,0.000000000,1068,106,10.600,48,0,0,38,0.038000
12,6.611509314,6.617366996,2055,3.152330519,0,0.000000000,1054,105,10.500,46,0,0,0,0.000000
4,6.617548532,6.623433571,2054,3.150796538,0,0.000000000,0,104,10.400,49,0,0,0,0.000000
5,6.623633481,6.629203303,2054,3.150796538,0,0.000000000,1054,105,10.500,47,0,0,0,0.000000
6,6.629382512,6.635344935,2057,3.155398481,0,0.000000000,1068,103,10.300,47,0,0,13,0.013000
7,6.635522976,6.641464366,2038,3.126252846,0,0.000000000,0,104,10.400,47,0,0,0,0.000000
8,6.641646849,6.647298745,2024,3.104777115,0,0.000000000,37,105,10.500,47,0,0,40,0.040000
9,6.647478861,6.653067025,2045,3.136990711,0,0.000000000,0,105,10.500,48,0,0,33,0.033000
10,6.653244766,6.659423076,2055,3.152330519,0,0.000000000,1054,104,10.400,48,0,0,0,0.000000
11,6.659637324,6.665177412,2066,3.169204308,0,0.000000000,1068,106,10.600,48,0,0,38,0.038000
12,6.665356942,6.671220084,2055,3.152330519,0,0.000000000,1054,105,10.500,46,0,0,0,0.000000
4,6.671394263,6.677254367,2054,3.150796538,0,0.000000000,0,104,10.400,49,0,0,0,0.000000
5,6.677428527,6.683207988,2054,3.150796538,0,0.000000000,1054,105,10.500,47,0,0,0,0.000000
6,6.683383446,6.689264181,2057,3.155398481,0,0.000000000,1068,103,10.300,47,0,0,14,0.014000
7,6.689442639,6.695233250,2038,3.126252846,0,0.000000000,0,104,10.400,47,0,0,0,0.000000
8,6.695409925,6.701531562,2024,3.104777115,0,0.000000000,37,105,10.500,47,0,0,41,0.041000
9,6.701714317,6.707268155,2045,3.136990711,0,0.000000000,0,105,10.500,47,0,0,33,0.033000
10,6.707448821,6.713470790,2055,3.152330519,0,0.000000000,1054,104,10.400,48,0,0,0,0.000000
11,6.713648691,6.719315266,2066,3.169204308,0,0.000000000,1068,106,10.600,48,0,0,38,0.038000
12,6.719493076,6.725398040,2055,3.152330519,0,0.000000000,1054,105,10.500,46,0,0,0,0.000000
4,6.725587063,6.731387521,2054,3.150796538,0,0.000000000,0,104,10.400,49,0,0,0,0.000000
5,6.731562796,6.737120371,2054,3.150796538,0,0.000000000,1054,105,10.500,47,0,0,0,0.000000
6,6.737294609,6.743211926,2057,3.155398481,0,0.000000000,1068,103,10.300,48,0,0,13,0.013000
7,6.743387788,6.749187825,2038,3.126252846,0,0.000000000,0,104,10.400,47,0,0,0,0.000000
8,6.749373153,6.755276153,2024,3.104777115,0,0.000000000,37,105,10.500,47,0,0,41,0.041000
9,6.755457114,6.761287642,2045,3.136990711,0,0.000000000,0,105,10.500,48,0,0,33,0.033000
10,6.761489996,6.767304786,2055,3.152330519,0,0.000000000,1054,104,10.400,48,0,0,0,0.000000
11,6.767501755,6.773398521,2066,3.169204308,0,0.000000000,1068,106,10.600,48,0,0,38,0.038000
12,6.773586783,6.779375720,2055,3.152330519,0,0.000000000,1054,105,10.500,46,0,0,0,0.000000
4,6.779555513,6.785227791,2054,3.150796538,0,0.000000000,0,104,10.400,49,0,0,0,0.000000
5,6.785402665,6.791037555,2054,3.150796538,0,0.000000000,1054,105,10.500,47,0,0,0,0.000000
6,6.791211031,6.797209518,2057,3.155398481,0,0.000000000,1068,103,10.300,47,0,0,14,0.014000
7,6.797406555,6.803350875,2038,3.126252846,0,0.000000000,0,104,10.400,47,0,0,0,0.000000
8,6.803534142,6.809491656,2024,3.104777115,0,0.000000000,37,105,10.500,47,0,0,40,0.040000
9,6.809711926,6.815280366,2045,3.136990711,0,0.000000000,0,105,10.500,47,0,0,33,0.033000
10,6.815461566,6.821287366,2055,3.152330519,0,0.000000000,1054,104,10.400,48,0,0,0,0.000000
11,6.821464346,6.827203494,2066,3.169204308,0,0.000000000,1068,106,10.600,48,0,0,38,0.038000
12,6.827385719,6.833340819,2055,3.152330519,0,0.000000000,1054,105,10.500,46,0,0,0,0.000000
4,6.833516639,6.839331812,2054,3.150796538,0,0.000000000,0,104,10.400,49,0,0,0,0.000000
5,6.839509062,6.845260138,2054,3.150796538,0,0.000000000,1054,105,10.500,47,0,0,0,0.000000
6,6.845447679,6.851208114,2057,3.155398481,0,0.000000000,1068,103,10.300,47,0,0,13,0.013000
7,6.851393060,6.857090721,2038,3.126252846,0,0.000000000,0,104,10.400,47,0,0,0,0.000000
8,6.857265531,6.863207606,2024,3.104777115,0,0.000000000,37,105,10.500,47,0,0,40,0.040000
9,6.863408203,6.869473251,2045,3.136990711,0,0.000000000,0,105,10.500,48,0,0,33,0.033000
10,6.869738960,6.875287786,2055,3.152330519,0,0.000000000,1054,104,10.400,48,0,0,0,0.000000
11,6.875462865,6.881477062,2066,3.169204308,0,0.000000000,1068,106,10.600,48,0,0,38,0.038000
12,6.881687219,6.887168553,2055,3.152330519,0,0.000000000,1054,104,10.400,46,0,0,0,0.000000
4,6.887348218,6.893339391,2054,3.150796538,0,0.000000000,0,104,10.400,49,0,0,0,0.000000
5,6.893512068,6.899438671,2054,3.150796538,0,0.000000000,1054,105,10.500,47,0,0,0,0.000000
6,6.899620961,6.905262254,2057,3.155398481,0,0.000000000,1068,103,10.300,47,0,0,13,0.013000
7,6.905451190,6.911810629,2038,3.126252846,0,0.000000000,0,104,10.400,47,0,0,0,0.000000
8,6.912069261,6.917735440,2024,3.104777115,0,0.000000000,37,105,10.500,47,0,0,40,0.040000
9,6.918037351,6.923727523,2045,3.136990711,0,0.000000000,0,105,10.500,48,0,0,33,0.033000
10,6.924006128,6.929405212,2055,3.152330519,0,0.000000000,1054,104,10.400,48,0,0,0,0.000000
11,6.929662148,6.935346869,2066,3.169204308,0,0.000000000,1068,106,10.600,48,0,0,38,0.038000
12,6.935551046,6.941331566,2055,3.152330519,0,0.000000000,1054,104,10.400,46,0,0,0,0.000000
4,6.941529647,6.947208756,2054,3.150796538,0,0.000000000,0,104,10.400,49,0,0,0,0.000000
5,6.947382506,6.953488459,2054,3.150796538,0,0.000000000,1054,105,10.500,47,0,0,0,0.000000
6,6.953666352,6.959182390,2057,3.155398481,0,0.000000000,1068,103,10.300,47,0,0,14,0.014000
7,6.959361669,6.965194172,2038,3.126252846,0,0.000000000,0,104,10.400,47,0,0,0,0.000000
8,6.965371058,6.971397796,2024,3.104777115,0,0.000000000,37,105,10.500,47,0,0,40,0.040000
9,6.971578517,6.977323982,2045,3.136990711,0,0.000000000,0,105,10.500,48,0,0,33,0.033000
10,6.977518242,6.983302413,2055,3.152330519,0,0.000000000,1054,104,10.400,48,0,0,0,0.000000
11,6.983474452,6.989085210,2066,3.169204308,0,0.000000000,1068,106,10.600,48,0,0,38,0.038000
12,6.989254564,6.995295902,2055,3.152330519,0,0.000000000,1054,104,10.400,46,0,0,0,0.000000
4,6.995469820,7.001307965,2054,3.150796538,0,0.000000000,0,104,10.400,49,0,0,0,0.000000
5,7.001481077,7.007171038,2054,3.150796538,0,0.000000000,1054,105,10.500,47,0,0,0,0.000000
6,7.007345232,7.013401289,2057,3.155398481,0,0.000000000,1068,103,10.300,47,0,0,14,0.014000
7,7.013606802,7.019175706,2038,3.126252846,0,0.000000000,0,104,10.400,47,0,0,0,0.000000
8,7.019348596,7.025273908,2024,3.104777115,0,0.000000000,37,105,10.500,47,0,0,40,0.040000
9,7.025452371,7.031492601,2045,3.136990711,0,0.000000000,0,105,10.500,48,0,0,33,0.033000
10,7.031671049,7.037425555,2055,3.152330519,0,0.000000000,1054,104,10.400,48,0,0,0,0.000000
11,7.037613545,7.043190183,2066,3.169204308,0,0.000000000,1068,106,10.600,48,0,0,38,0.038000
12,7.043369834,7.049257397,2055,3.152330519,0,0.000000000,1054,104,10.400,46,0,0,0,0.000000
4,7.049433639,7.055309004,2054,3.150796538,0,0.000000000,0,104,10.400,49,0,0,0,0.000000
5,7.055482500,7.061263124,2054,3.150796538,0,0.000000000,1054,105,10.500,47,0,0,0,0.000000
6,7.061449862,7.067553871,2057,3.155398481,0,0.000000000,1068,103,10.300,47,0,0,13,0.013000
7,7.067734560,7.073384716,2038,3.126252846,0,0.000000000,0,104,10.400,47,0,0,0,0.000000
8,7.073558528,7.079246623,2024,3.104777115,0,0.000000000,37,105,10.500,47,0,0,40,0.040000
9,7.079478838,7.085400636,2045,3.136990711,0,0.000000000,0,105,10.500,48,0,0,33,0.033000
10,7.085585878,7.091248969,2055,3.152330519,0,0.000000000,1054,104,10.400,48,0,0,0,0.000000
11,7.091422600,7.097429473,2066,3.169204308,0,0.000000000,1068,106,10.600,48,0,0,38,0.038000
12,7.097608766,7.103266306,2055,3.152330519,0,0.000000000,1054,105,10.500,46,0,0,0,0.000000
4,7.103441203,7.109358639,2054,3.150796538,0,0.000000000,0,104,10.400,49,0,0,0,0.000000
5,7.109552340,7.115261549,2054,3.150796538,0,0.000000000,1054,105,10.500,47,0,0,0,0.000000
6,7.115453705,7.121296344,2057,3.155398481,0,0.000000000,1068,103,10.300,47,0,0,14,0.014000
7,7.121474438,7.127353094,2038,3.126252846,0,0.000000000,0,104,10.400,47,0,0,0,0.000000
8,7.127527548,7.133276581,2024,3.104777115,0,0.000000000,37,105,10.500,47,0,0,40,0.040000
9,7.133481740,7.139117625,2045,3.136990711,0,0.000000000,0,105,10.500,48,0,0,33,0.033000
10,7.139294951,7.145222000,2055,3.152330519,0,0.000000000,1054,104,10.400,48,0,0,0,0.000000
11,7.145388055,7.151265250,2066,3.169204308,0,0.000000000,1068,106,10.600,48,0,0,38,0.038000
12,7.151430474,7.157933462,2055,3.152330519,0,0.000000000,1054,105,10.500,46,0,0,0,0.000000
4,7.158100435,7.163188151,2054,3.150796538,0,0.000000000,0,104,10.400,49,0,0,0,0.000000
5,7.163332492,7.169256485,2054,3.150796538,0,0.000000000,1054,105,10.500,47,0,0,0,0.000000
6,7.169420223,7.175207921,2057,3.155398481,0,0.000000000,1068,103,10.300,47,0,0,13,0.013000
7,7.175358646,7.181207520,2038,3.126252846,0,0.000000000,0,104,10.400,47,0,0,0,0.000000
8,7.181376474,7.187274498,2024,3.104777115,0,0.000000000,37,105,10.500,47,0,0,41,0.041000
9,7.187433834,7.193419214,2045,3.136990711,0,0.000000000,0,105,10.500,47,0,0,33,0.033000
10,7.193578735,7.199165569,2055,3.152330519,0,0.000000000,1054,104,10.400,48,0,0,0,0.000000
11,7.199339465,7.205482120,2066,3.169204308,0,0.000000000,1068,106,10.600,48,0,0,37,0.037000
12,7.205663630,7.211320595,2055,3.152330519,0,0.000000000,1054,104,10.400,46,0,0,0,0.000000
4,7.211509590,7.217327961,2054,3.150796538,0,0.000000000,0,104,10.400,49,0,0,0,0.000000
5,7.217503732,7.223480827,2054,3.150796538,0,0.000000000,1054,105,10.500,47,0,0,0,0.000000
6,7.223685110,7.229481808,2057,3.155398481,0,0.000000000,1068,103,10.300,47,0,0,14,0.014000
7,7.229705389,7.235174227,2038,3.126252846,0,0.000000000,0,104,10.400,47,0,0,0,0.000000
8,7.235375306,7.241063127,2024,3.104777115,0,0.000000000,37,105,10.500,47,0,0,40,0.040000
9,7.241237197,7.247203841,2045,3.136990711,0,0.000000000,0,105,10.500,48,0,0,33,0.033000
10,7.247409425,7.253501591,2055,3.152330519,0,0.000000000,1054,104,10.400,48,0,0,0,0.000000
11,7.253703493,7.259236977,2066,3.169204308,0,0.000000000,1068,106,10.600,48,0,0,38,0.038000
12,7.259436810,7.265267577,2055,3.152330519,0,0.000000000,1054,105,10.500,46,0,0,0,0.000000
4,7.265467553,7.271245380,2054,3.150796538,0,0.000000000,0,104,10.400,49,0,0,0,0.000000
5,7.271410504,7.277242587,2054,3.150796538,0,0.000000000,1054,105,10.500,47,0,0,0,0.000000
6,7.277417720,7.283121513,2057,3.155398481,0,0.000000000,1068,103,10.300,47,0,0,13,0.013000
7,7.283311949,7.289268481,2038,3.126252846,0,0.000000000,0,104,10.400,47,0,0,0,0.000000
8,7.289456885,7.295168930,2024,3.104777115,0,0.000000000,37,105,10.500,47,0,0,40,0.040000
9,7.295346056,7.301128137,2045,3.136990711,0,0.000000000,0,105,10.500,48,0,0,33,0.033000
10,7.301312024,7.307664734,2055,3.152330519,0,0.000000000,1054,104,10.400,48,0,0,0,0.000000
11,7.307841779,7.313160900,2066,3.169204308,0,0.000000000,1068,106,10.600,48,0,0,38,0.038000
12,7.313337583,7.319325730,2055,3.152330519,0,0.000000000,1054,105,10.500,46,0,0,0,0.000000
4,7.319500938,7.325322495,2054,3.150796538,0,0.000000000,0,104,10.400,49,0,0,0,0.000000
5,7.325520801,7.331463773,2054,3.150796538,0,0.000000000,1054,105,10.500,47,0,0,0,0.000000
6,7.331665344,7.337172185,2057,3.155398481,0,0.000000000,1068,103,10.300,47,0,0,14,0.014000
7,7.337342250,7.343078351,2038,3.126252846,0,0.000000000,0,104,10.400,47,0,0,0,0.000000
8,7.343224833,7.348995725,2024,3.104777115,0,0.000000000,37,105,10.500,47,0,0,40,0.040000
9,7.349144783,7.355166174,2045,3.136990711,0,0.000000000,0,105,10.500,48,0,0,33,0.033000
10,7.355312707,7.361199485,2055,3.152330519,0,0.000000000,1054,104,10.400,48,0,0,0,0.000000
11,7.361340516,7.367153634,2066,3.169204308,0,0.000000000,1068,106,10.600,48,0,0,37,0.037000
12,7.367298481,7.373261595,2055,3.152330519,0,0.000000000,1054,105,10.500,46,0,0,0,0.000000
4,7.373407454,7.379096520,2054,3.150796538,0,0.000000000,0,104,10.400,49,0,0,0,0.000000
5,7.379251605,7.385180198,2054,3.150796538,0,0.000000000,1054,105,10.500,47,0,0,0,0.000000
6,7.385335500,7.391294158,2057,3.155398481,0,0.000000000,1068,103,10.300,47,0,0,13,0.013000
7,7.391470768,7.397202160,2038,3.126252846,0,0.000000000,0,104,10.400,47,0,0,0,0.000000
8,7.397379744,7.403213673,2024,3.104777115,0,0.000000000,37,105,10.500,47,0,0,40,0.040000
9,7.403392641,7.409343721,2045,3.136990711,0,0.000000000,0,105,10.500,48,0,0,33,0.033000
10,7.409516745,7.415187417,2055,3.152330519,0,0.000000000,1054,104,10.400,48,0,0,0,0.000000
11,7.415364530,7.421172687,2066,3.169204308,0,0.000000000,1068,106,10.600,48,0,0,37,0.037000
12,7.421345757,7.427122344,2055,3.152330519,0,0.000000000,1054,105,10.500,46,0,0,0,0.000000
4,7.427290160,7.433178840,2054,3.150796538,0,0.000000000,0,104,10.400,49,0,0,0,0.000000
5,7.433351610,7.439149340,2054,3.150796538,0,0.000000000,1054,105,10.500,47,0,0,0,0.000000
6,7.439322934,7.445127969,2057,3.155398481,0,0.000000000,1068,103,10.300,47,0,0,14,0.014000
7,7.445299353,7.451259267,2038,3.126252846,0,0.000000000,0,104,10.400,47,0,0,0,0.000000
8,7.451431015,7.457369280,2024,3.104777115,0,0.000000000,37,105,10.500,47,0,0,41,0.041000
9,7.457532608,7.463308365,2045,3.136990711,0,0.000000000,0,105,10.500,48,0,0,33,0.033000
10,7.463471252,7.469049078,2055,3.152330519,0,0.000000000,1054,104,10.400,48,0,0,0,0.000000
11,7.469191897,7.475050155,2066,3.169204308,0,0.000000000,1068,106,10.600,48,0,0,37,0.037000
12,7.475205455,7.481191117,2055,3.152330519,0,0.000000000,1054,105,10.500,46,0,0,0,0.000000
4,7.481384223,7.487239840,2054,3.150796538,0,0.000000000,0,104,10.400,49,0,0,0,0.000000
5,7.487416125,7.493093335,2054,3.150796538,0,0.000000000,1054,105,10.500,47,0,0,0,0.000000
6,7.493267900,7.499276830,2057,3.155398481,0,0.000000000,1068,103,10.300,47,0,0,14,0.014000
7,7.499457880,7.505175018,2038,3.126252846,0,0.000000000,0,104,10.400,47,0,0,0,0.000000
8,7.505352508,7.511255238,2024,3.104777115,0,0.000000000,37,105,10.500,47,0,0,40,0.040000
9,7.511453885,7.517240964,2045,3.136990711,0,0.000000000,0,105,10.500,48,0,0,33,0.033000
10,7.517446694,7.523284051,2055,3.152330519,0,0.000000000,1054,104,10.400,48,0,0,0,0.000000
11,7.523461276,7.529268548,2066,3.169204308,0,0.000000000,1068,106,10.600,48,0,0,37,0.037000
12,7.529446699,7.535137904,2055,3.152330519,0,0.000000000,1054,105,10.500,46,0,0,0,0.000000
4,7.535312798,7.541420118,2054,3.150796538,0,0.000000000,0,104,10.400,49,0,0,0,0.000000
5,7.541612072,7.547096549,2054,3.150796538,0,0.000000000,1054,105,10.500,47,0,0,0,0.000000
6,7.547272610,7.553193823,2057,3.155398481,0,0.000000000,1068,103,10.300,47,0,0,14,0.014000
7,7.553375246,7.559184211,2038,3.126252846,0,0.000000000,0,104,10.400,47,0,0,0,0.000000
8,7.559361193,7.565298429,2024,3.104777115,0,0.000000000,37,105,10.500,47,0,0,40,0.040000
9,7.565488597,7.571221296,2045,3.136990711,0,0.000000000,0,105,10.500,47,0,0,34,0.034000
10,7.571407090,7.577167336,2055,3.152330519,0,0.000000000,1054,104,10.400,48,0,0,0,0.000000
11,7.577344455,7.583247699,2066,3.169204308,0,0.000000000,1068,106,10.600,48,0,0,38,0.038000
12,7.583426277,7.589197769,2055,3.152330519,0,0.000000000,1054,105,10.500,46,0,0,0,0.000000
4,7.589372427,7.595216297,2054,3.150796538,0,0.000000000,0,104,10.400,49,0,0,0,0.000000
5,7.595397631,7.601290572,2054,3.150796538,0,0.000000000,1054,105,10.500,47,0,0,0,0.000000
6,7.601500145,7.607138743,2057,3.155398481,0,0.000000000,1068,103,10.300,47,0,0,14,0.014000
7,7.607341033,7.613077012,2038,3.126252846,0,0.000000000,0,104,10.400,47,0,0,0,0.000000
8,7.613252333,7.619856506,2024,3.104777115,0,0.000000000,37,105,10.500,47,0,0,41,0.041000
9,7.620045785,7.625348451,2045,3.136990711,0,0.000000000,0,105,10.500,48,0,0,33,0.033000
10,7.625532065,7.631132462,2055,3.152330519,0,0.000000000,1054,104,10.400,48,0,0,0,0.000000
11,7.631327969,7.637049289,2066,3.169204308,0,0.000000000,1068,106,10.600,48,0,0,37,0.037000
12,7.637237995,7.643145354,2055,3.152330519,0,0.000000000,1054,105,10.500,46,0,0,0,0.000000
4,7.643328299,7.649297206,2054,3.150796538,0,0.000000000,0,104,10.400,49,0,0,0,0.000000
5,7.649482114,7.655151101,2054,3.150796538,0,0.000000000,1054,105,10.500,47,0,0,0,0.000000
6,7.655324000,7.661025579,2057,3.155398481,0,0.000000000,1068,103,10.300,47,0,0,13,0.013000
7,7.661188496,7.667085351,2038,3.126252846,0,0.000000000,0,104,10.400,47,0,0,0,0.000000
8,7.667252154,7.673366458,2024,3.104777115,0,0.000000000,37,105,10.500,47,0,0,40,0.040000
9,7.673548375,7.679311091,2045,3.136990711,0,0.000000000,0,105,10.500,47,0,0,33,0.033000
10,7.679501158,7.685305558,2055,3.152330519,0,0.000000000,1054,104,10.400,48,0,0,0,0.000000
11,7.685486800,7.691091818,2066,3.169204308,0,0.000000000,1068,106,10.600,48,0,0,39,0.039000
12,7.691270784,7.697271080,2055,3.152330519,0,0.000000000,1054,105,10.500,46,0,0,0,0.000000
4,7.697458375,7.703123601,2054,3.150796538,0,0.000000000,0,104,10.400,49,0,0,0,0.000000
5,7.703299239,7.709260888,2054,3.150796538,0,0.000000000,1054,105,10.500,47,0,0,0,0.000000
6,7.709435907,7.715111057,2057,3.155398481,0,0.000000000,1068,103,10.300,47,0,0,13,0.013000
7,7.715294369,7.721174589,2038,3.126252846,0,0.000000000,0,104,10.400,47,0,0,0,0.000000
8,7.721347743,7.727227293,2024,3.104777115,0,0.000000000,37,105,10.500,47,0,0,40,0.040000
9,7.727408970,7.733176719,2045,3.136990711,0,0.000000000,0,105,10.500,47,0,0,33,0.033000
10,7.733358459,7.739212373,2055,3.152330519,0,0.000000000,1054,104,10.400,48,0,0,0,0.000000
11,7.739386285,7.745036600,2066,3.169204308,0,0.000000000,1068,106,10.600,48,0,0,38,0.038000
12,7.745213719,7.751063899,2055,3.152330519,0,0.000000000,1054,104,10.400,46,0,0,0,0.000000
4,7.751230935,7.757075150,2054,3.150796538,0,0.000000000,0,104,10.400,49,0,0,0,0.000000
5,7.757237051,7.763051474,2054,3.150796538,0,0.000000000,1054,105,10.500,47,0,0,0,0.000000
6,7.763198061,7.769022939,2057,3.155398481,0,0.000000000,1068,103,10.300,47,0,0,13,0.013000
7,7.769170645,7.775143357,2038,3.126252846,0,0.000000000,0,104,10.400,47,0,0,0,0.000000
8,7.775291364,7.781211567,2024,3.104777115,0,0.000000000,37,105,10.500,47,0,0,40,0.040000
9,7.781375496,7.787178117,2045,3.136990711,0,0.000000000,0,105,10.500,48,0,0,33,0.033000
10,7.787329511,7.792974711,2055,3.152330519,0,0.000000000,1054,104,10.400,48,0,0,0,0.000000
11,7.793119664,7.799191565,2066,3.169204308,0,0.000000000,1068,106,10.600,48,0,0,38,0.038000
12,7.799345716,7.805134749,2055,3.152330519,0,0.000000000,1054,104,10.400,46,0,0,0,0.000000
4,7.805279230,7.811107521,2054,3.150796538,0,0.000000000,0,104,10.400,49,0,0,0,0.000000
5,7.811267694,7.817008127,2054,3.150796538,0,0.000000000,1054,105,10.500,47,0,0,0,0.000000
6,7.817153260,7.822980437,2057,3.155398481,0,0.000000000,1068,103,10.300,47,0,0,13,0.013000
7,7.823132472,7.829189779,2038,3.126252846,0,0.000000000,0,104,10.400,47,0,0,0,0.000000
8,7.829331912,7.835101602,2024,3.104777115,0,0.000000000,37,105,10.500,47,0,0,40,0.040000
9,7.835243309,7.840907988,2045,3.136990711,0,0.000000000,0,105,10.500,47,0,0,33,0.033000
10,7.841050797,7.846996513,2055,3.152330519,0,0.000000000,1054,104,10.400,48,0,0,0,0.000000
11,7.847136648,7.853123182,2066,3.169204308,0,0.000000000,1068,106,10.600,48,0,0,38,0.038000
12,7.853271304,7.859199557,2055,3.152330519,0,0.000000000,1054,104,10.400,46,0,0,0,0.000000
4,7.859362244,7.865308029,2054,3.150796538,0,0.000000000,0,104,10.400,49,0,0,0,0.000000
5,7.865475616,7.871032992,2054,3.150796538,0,0.000000000,1054,105,10.500,47,0,0,0,0.000000
6,7.871198749,7.877269689,2057,3.155398481,0,0.000000000,1068,103,10.300,47,0,0,14,0.014000
7,7.877436075,7.883169894,2038,3.126252846,0,0.000000000,0,104,10.400,47,0,0,0,0.000000
8,7.883333853,7.889221424,2024,3.104777115,0,0.000000000,37,105,10.500,47,0,0,41,0.041000
9,7.889391716,7.894987837,2045,3.136990711,0,0.000000000,0,105,10.500,48,0,0,33,0.033000
10,7.895153825,7.901262968,2055,3.152330519,0,0.000000000,1054,104,10.400,48,0,0,0,0.000000
11,7.901423855,7.907158437,2066,3.169204308,0,0.000000000,1068,106,10.600,48,0,0,38,0.038000
12,7.907322015,7.913094383,2055,3.152330519,0,0.000000000,1054,104,10.400,46,0,0,0,0.000000
4,7.913253244,7.919020574,2054,3.150796538,0,0.000000000,0,104,10.400,49,0,0,0,0.000000
5,7.919179460,7.925029357,2054,3.150796538,0,0.000000000,1054,105,10.500,47,0,0,0,0.000000
6,7.925190416,7.931104675,2057,3.155398481,0,0.000000000,1068,103,10.300,47,0,0,13,0.013000
7,7.931268441,7.937137473,2038,3.126252846,0,0.000000000,0,104,10.400,47,0,0,0,0.000000
8,7.937297355,7.943092538,2024,3.104777115,0,0.000000000,37,105,10.500,47,0,0,40,0.040000
9,7.943237786,7.948844870,2045,3.136990711,0,0.000000000,0,105,10.500,47,0,0,33,0.033000
10,7.948988071,7.954996290,2055,3.152330519,0,0.000000000,1054,104,10.400,48,0,0,0,0.000000
11,7.955138223,7.961138181,2066,3.169204308,0,0.000000000,1068,106,10.600,48,0,0,38,0.038000
12,7.961305389,7.967269139,2055,3.152330519,0,0.000000000,1054,104,10.400,46,0,0,0,0.000000
4,7.967487907,7.973393686,2054,3.150796538,0,0.000000000,0,104,10.400,49,0,0,0,0.000000
5,7.973590721,7.979284227,2054,3.150796538,0,0.000000000,1054,105,10.500,47,0,0,0,0.000000
6,7.979486209,7.985353258,2057,3.155398481,0,0.000000000,1068,103,10.300,47,0,0,14,0.014000
7,7.985562570,7.991515989,2038,3.126252846,0,0.000000000,0,104,10.400,47,0,0,0,0.000000
8,7.991774667,7.997315823,2024,3.104777115,0,0.000000000,37,105,10.500,47,0,0,41,0.041000
9,7.997578819,8.003300260,2045,3.136990711,0,0.000000000,0,105,10.500,48,0,0,33,0.033000
10,8.003565312,8.009728419,2055,3.152330519,0,0.000000000,1054,104,10.400,48,0,0,0,0.000000
11,8.009987434,8.015319542,2066,3.169204308,0,0.000000000,1068,106,10.600,48,0,0,38,0.038000
12,8.015580610,8.021287532,2055,3.152330519,0,0.000000000,1054,105,10.500,46,0,0,0,0.000000
4,8.021543130,8.027557372,2054,3.150796538,0,0.000000000,0,104,10.400,49,0,0,0,0.000000
5,8.027817302,8.033356321,2054,3.150796538,0,0.000000000,1054,105,10.500,47,0,0,0,0.000000
6,8.033615033,8.039414213,2057,3.155398481,0,0.000000000,1068,103,10.300,47,0,0,14,0.014000
7,8.039617388,8.045144010,2038,3.126252846,0,0.000000000,0,104,10.400,47,0,0,0,0.000000
8,8.045305144,8.051230437,2024,3.104777115,0,0.000000000,37,105,10.500,47,0,0,40,0.040000
9,8.051394583,8.057249904,2045,3.136990711,0,0.000000000,0,105,10.500,47,0,0,33,0.033000
10,8.057453873,8.063123091,2055,3.152330519,0,0.000000000,1054,104,10.400,48,0,0,0,0.000000
11,8.063319749,8.069385443,2066,3.169204308,0,0.000000000,1068,106,10.600,48,0,0,38,0.038000
12,8.069587238,8.075091742,2055,3.152330519,0,0.000000000,1054,105,10.500,46,0,0,0,0.000000
4,8.075256530,8.081329342,2054,3.150796538,0,0.000000000,0,104,10.400,49,0,0,0,0.000000
5,8.081494460,8.086940638,2054,3.150796538,0,0.000000000,1054,105,10.500,47,0,0,0,0.000000
6,8.087105203,8.093322875,2057,3.155398481,0,0.000000000,1068,103,10.300,47,0,0,13,0.013000
7,8.093492283,8.099128669,2038,3.126252846,0,0.000000000,0,104,10.400,47,0,0,0,0.000000
8,8.099289991,8.105068308,2024,3.104777115,0,0.000000000,37,105,10.500,47,0,0,40,0.040000
9,8.105236267,8.110958588,2045,3.136990711,0,0.000000000,0,105,10.500,48,0,0,33,0.033000
10,8.111124513,8.117170279,2055,3.152330519,0,0.000000000,1054,104,10.400,48,0,0,0,0.000000
11,8.117330502,8.122929887,2066,3.169204308,0,0.000000000,1068,106,10.600,48,0,0,38,0.038000
12,8.123093703,8.129025048,2055,3.152330519,0,0.000000000,1054,105,10.500,46,0,0,0,0.000000
4,8.129186658,8.135044927,2054,3.150796538,0,0.000000000,0,104,10.400,49,0,0,0,0.000000
5,8.135204811,8.140995049,2054,3.150796538,0,0.000000000,1054,105,10.500,47,0,0,0,0.000000
6,8.141157850,8.146871218,2057,3.155398481,0,0.000000000,1068,103,10.300,47,0,0,14,0.014000
7,8.147015297,8.153026178,2038,3.126252846,0,0.000000000,0,104,10.400,47,0,0,0,0.000000
8,8.153169084,8.159179737,2024,3.104777115,0,0.000000000,37,105,10.500,47,0,0,41,0.041000
9,8.159330246,8.165208595,2045,3.136990711,0,0.000000000,0,105,10.500,47,0,0,33,0.033000
10,8.165362948,8.171054711,2055,3.152330519,0,0.000000000,1054,104,10.400,48,0,0,0,0.000000
11,8.171208358,8.177260308,2066,3.169204308,0,0.000000000,1068,106,10.600,48,0,0,38,0.038000
12,8.177439209,8.183204685,2055,3.152330519,0,0.000000000,1054,105,10.500,46,0,0,0,0.000000
4,8.183374343,8.189170721,2054,3.150796538,0,0.000000000,0,104,10.400,49,0,0,0,0.000000
5,8.189339583,8.195148507,2054,3.150796538,0,0.000000000,1054,105,10.500,47,0,0,0,0.000000
6,8.195316763,8.201197097,2057,3.155398481,0,0.000000000,1068,103,10.300,47,0,0,14,0.014000
7,8.201360600,8.207176235,2038,3.126252846,0,0.000000000,0,104,10.400,47,0,0,0,0.000000
8,8.207337128,8.213428760,2024,3.104777115,0,0.000000000,37,105,10.500,47,0,0,40,0.040000
9,8.213632389,8.219311112,2045,3.136990711,0,0.000000000,0,105,10.500,48,0,0,33,0.033000
10,8.219512592,8.225348523,2055,3.152330519,0,0.000000000,1054,104,10.400,48,0,0,0,0.000000
11,8.225544322,8.231310628,2066,3.169204308,0,0.000000000,1068,106,10.600,48,0,0,38,0.038000
12,8.231511678,8.237222625,2055,3.152330519,0,0.000000000,1054,105,10.500,46,0,0,0,0.000000
4,8.237421304,8.243201760,2054,3.150796538,0,0.000000000,0,104,10.400,49,0,0,0,0.000000
5,8.243399823,8.249079753,2054,3.150796538,0,0.000000000,1054,105,10.500,47,0,0,1,0.001000
6,8.249247015,8.254997447,2057,3.155398481,0,0.000000000,1068,103,10.300,47,0,0,14,0.014000
7,8.255162382,8.261123195,2038,3.126252846,0,0.000000000,0,104,10.400,47,0,0,0,0.000000
8,8.261320114,8.267210438,2024,3.104777115,0,0.000000000,37,105,10.500,47,0,0,40,0.040000
9,8.267416431,8.273167938,2045,3.136990711,0,0.000000000,0,105,10.500,48,0,0,33,0.033000
10,8.273337504,8.278926771,2055,3.152330519,0,0.000000000,1054,104,10.400,48,0,0,0,0.000000
11,8.279070314,8.285074318,2066,3.169204308,0,0.000000000,1068,106,10.600,48,0,0,37,0.037000
12,8.285221636,8.290964624,2055,3.152330519,0,0.000000000,1054,105,10.500,46,0,0,0,0.000000
4,8.291124634,8.297309763,2054,3.150796538,0,0.000000000,0,104,10.400,49,0,0,0,0.000000
5,8.297453451,8.302979567,2054,3.150796538,0,0.000000000,1054,105,10.500,47,0,0,0,0.000000
6,8.303126252,8.309083007,2057,3.155398481,0,0.000000000,1068,103,10.300,47,0,0,14,0.014000
7,8.309232575,8.315130230,2038,3.126252846,0,0.000000000,0,104,10.400,47,0,0,0,0.000000
8,8.315272821,8.321055572,2024,3.104777115,0,0.000000000,37,105,10.500,47,0,0,40,0.040000
9,8.321201621,8.326969369,2045,3.136990711,0,0.000000000,0,105,10.500,48,0,0,33,0.033000
10,8.327116782,8.333000852,2055,3.152330519,0,0.000000000,1054,104,10.400,48,0,0,0,0.000000
11,8.333143025,8.338895875,2066,3.169204308,0,0.000000000,1068,106,10.600,48,0,0,37,0.037000
12,8.339043105,8.344968477,2055,3.152330519,0,0.000000000,1054,105,10.500,46,0,0,0,0.000000
4,8.345110993,8.351020888,2054,3.150796538,0,0.000000000,0,104,10.400,49,0,0,0,0.000000
5,8.351164278,8.356963173,2054,3.150796538,0,0.000000000,1054,105,10.500,47,0,0,0,0.000000
6,8.357102487,8.362838912,2057,3.155398481,0,0.000000000,1068,103,10.300,47,0,0,13,0.013000
7,8.362980883,8.368941405,2038,3.126252846,0,0.000000000,0,104,10.400,47,0,0,0,0.000000
8,8.369087738,8.374995855,2024,3.104777115,0,0.000000000,37,105,10.500,47,0,0,40,0.040000
9,8.375144339,8.381112605,2045,3.136990711,0,0.000000000,0,105,10.500,48,0,0,33,0.033000
10,8.381265507,8.387206140,2055,3.152330519,0,0.000000000,1054,104,10.400,48,0,0,0,0.000000
11,8.387353802,8.393168923,2066,3.169204308,0,0.000000000,1068,106,10.600,48,0,0,38,0.038000
12,8.393322249,8.399079479,2055,3.152330519,0,0.000000000,1054,105,10.500,46,0,0,0,0.000000
4,8.399244631,8.405129985,2054,3.150796538,0,0.000000000,0,104,10.400,49,0,0,0,0.000000
5,8.405304896,8.411212373,2054,3.150796538,0,0.000000000,1054,105,10.500,47,0,0,1,0.001000
6,8.411404095,8.417058302,2057,3.155398481,0,0.000000000,1068,103,10.300,47,0,0,13,0.013000
7,8.417239649,8.423023113,2038,3.126252846,0,0.000000000,0,104,10.400,47,0,0,0,0.000000
8,8.423198626,8.429219303,2024,3.104777115,0,0.000000000,37,105,10.500,47,0,0,40,0.040000
9,8.429399080,8.434931873,2045,3.136990711,0,0.000000000,0,105,10.500,47,0,0,33,0.033000
10,8.435116479,8.441324451,2055,3.152330519,0,0.000000000,1054,104,10.400,48,0,0,0,0.000000
11,8.441510593,8.447088362,2066,3.169204308,0,0.000000000,1068,106,10.600,48,0,0,38,0.038000
12,8.447316036,8.453069654,2055,3.152330519,0,0.000000000,1054,105,10.500,46,0,0,0,0.000000
4,8.453247775,8.459287516,2054,3.150796538,0,0.000000000,0,104,10.400,49,0,0,0,0.000000
5,8.459461443,8.465161302,2054,3.150796538,0,0.000000000,1054,105,10.500,47,0,0,0,0.000000
6,8.465349259,8.471170347,2057,3.155398481,0,0.000000000,1068,103,10.300,47,0,0,14,0.014000
7,8.471348299,8.477154929,2038,3.126252846,0,0.000000000,0,104,10.400,47,0,0,0,0.000000
8,8.477327275,8.483025440,2024,3.104777115,0,0.000000000,37,105,10.500,47,0,0,40,0.040000
9,8.483281031,8.489044972,2045,3.136990711,0,0.000000000,0,105,10.500,48,0,0,33,0.033000
10,8.489225091,8.495758216,2055,3.152330519,0,0.000000000,1054,104,10.400,48,0,0,0,0.000000
11,8.496024259,8.501144499,2066,3.169204308,0,0.000000000,1068,106,10.600,48,0,0,38,0.038000
12,8.501322471,8.507092089,2055,3.152330519,0,0.000000000,1054,105,10.500,46,0,0,0,0.000000
4,8.507267772,8.513245811,2054,3.150796538,0,0.000000000,0,104,10.400,49,0,0,0,0.000000
5,8.513424987,8.519126734,2054,3.150796538,0,0.000000000,1054,105,10.500,47,0,0,0,0.000000
6,8.519299086,8.525086577,2057,3.155398481,0,0.000000000,1068,103,10.300,47,0,0,14,0.014000
7,8.525281232,8.531247189,2038,3.126252846,0,0.000000000,0,104,10.400,47,0,0,0,0.000000
8,8.531424762,8.537191440,2024,3.104777115,0,0.000000000,37,105,10.500,47,0,0,40,0.040000
9,8.537376279,8.543120605,2045,3.136990711,0,0.000000000,0,105,10.500,47,0,0,33,0.033000
10,8.543331922,8.549198464,2055,3.152330519,0,0.000000000,1054,104,10.400,48,0,0,0,0.000000
11,8.549380357,8.555058173,2066,3.169204308,0,0.000000000,1068,106,10.600,48,0,0,38,0.038000
12,8.555244478,8.561216747,2055,3.152330519,0,0.000000000,1054,105,10.500,46,0,0,0,0.000000
4,8.561405012,8.567132457,2054,3.150796538,0,0.000000000,0,104,10.400,49,0,0,0,0.000000
5,8.567327717,8.573205234,2054,3.150796538,0,0.000000000,1054,105,10.500,47,0,0,0,0.000000
6,8.573390208,8.579328789,2057,3.155398481,0,0.000000000,1068,103,10.300,47,0,0,14,0.014000
7,8.579527068,8.585109494,2038,3.126252846,0,0.000000000,0,104,10.400,47,0,0,0,0.000000
8,8.585290684,8.591004414,2024,3.104777115,0,0.000000000,37,105,10.500,47,0,0,40,0.040000
9,8.591196692,8.597297107,2045,3.136990711,0,0.000000000,0,105,10.500,48,0,0,33,0.033000
10,8.597485188,8.603155234,2055,3.152330519,0,0.000000000,1054,104,10.400,48,0,0,0,0.000000
11,8.603337010,8.609147397,2066,3.169204308,0,0.000000000,1068,106,10.600,48,0,0,38,0.038000
12,8.609333601,8.615138026,2055,3.152330519,0,0.000000000,1054,104,10.400,46,0,0,0,0.000000
4,8.615332876,8.621094987,2054,3.150796538,0,0.000000000,0,104,10.400,49,0,0,0,0.000000
5,8.621275911,8.627183602,2054,3.150796538,0,0.000000000,1054,105,10.500,47,0,0,0,0.000000
6,8.627363978,8.633232389,2057,3.155398481,0,0.000000000,1068,103,10.300,47,0,0,13,0.013000
7,8.633416811,8.639372679,2038,3.126252846,0,0.000000000,0,104,10.400,47,0,0,0,0.000000
8,8.639615600,8.645221847,2024,3.104777115,0,0.000000000,37,105,10.500,47,0,0,40,0.040000
9,8.645409597,8.651045790,2045,3.136990711,0,0.000000000,0,105,10.500,48,0,0,33,0.033000
10,8.651236374,8.657182054,2055,3.152330519,0,0.000000000,1054,104,10.400,48,0,0,0,0.000000
11,8.657363521,8.663225327,2066,3.169204308,0,0.000000000,1068,106,10.600,48,0,0,38,0.038000
12,8.663415020,8.669204276,2055,3.152330519,0,0.000000000,1054,105,10.500,46,0,0,0,0.000000
4,8.669385308,8.675387627,2054,3.150796538,0,0.000000000,0,104,10.400,49,0,0,0,0.000000
5,8.675647714,8.681164556,2054,3.150796538,0,0.000000000,1054,105,10.500,47,0,0,0,0.000000
6,8.681345609,8.687045433,2057,3.155398481,0,0.000000000,1068,103,10.300,47,0,0,13,0.013000
7,8.687254342,8.692980381,2038,3.126252846,0,0.000000000,0,104,10.400,47,0,0,0,0.000000
8,8.693162460,8.699258363,2024,3.104777115,0,0.000000000,37,105,10.500,47,0,0,40,0.040000
9,8.699449146,8.705321192,2045,3.136990711,0,0.000000000,0,105,10.500,48,0,0,33,0.033000
10,8.705536076,8.711041160,2055,3.152330519,0,0.000000000,1054,104,10.400,48,0,0,0,0.000000
11,8.711227600,8.717210157,2066,3.169204308,0,0.000000000,1068,106,10.600,48,0,0,38,0.038000
12,8.717426542,8.723020813,2055,3.152330519,0,0.000000000,1054,105,10.500,46,0,0,0,0.000000
4,8.723214590,8.728990141,2054,3.150796538,0,0.000000000,0,104,10.400,49,0,0,0,0.000000
5,8.729175824,8.735205705,2054,3.150796538,0,0.000000000,1054,105,10.500,47,0,0,0,0.000000
6,8.735391441,8.741081565,2057,3.155398481,0,0.000000000,1068,103,10.300,47,0,0,13,0.013000
7,8.741264441,8.747052062,2038,3.126252846,0,0.000000000,0,104,10.400,47,0,0,0,0.000000
8,8.747235678,8.753149349,2024,3.104777115,0,0.000000000,37,105,10.500,47,0,0,41,0.041000
9,8.753343440,8.758992903,2045,3.136990711,0,0.000000000,0,105,10.500,48,0,0,33,0.033000
10,8.759184775,8.765080304,2055,3.152330519,0,0.000000000,1054,104,10.400,48,0,0,0,0.000000
11,8.765258077,8.771077244,2066,3.169204308,0,0.000000000,1068,106,10.600,48,0,0,38,0.038000
12,8.771265799,8.777094838,2055,3.152330519,0,0.000000000,1054,105,10.500,46,0,0,0,0.000000
4,8.777273680,8.782926558,2054,3.150796538,0,0.000000000,0,104,10.400,49,0,0,0,0.000000
5,8.783105888,8.789081471,2054,3.150796538,0,0.000000000,1054,105,10.500,47,0,0,0,0.000000
6,8.789262467,8.795123080,2057,3.155398481,0,0.000000000,1068,103,10.300,47,0,0,14,0.014000
7,8.795329038,8.800972950,2038,3.126252846,0,0.000000000,0,104,10.400,47,0,0,0,0.000000
8,8.801150877,8.807285214,2024,3.104777115,0,0.000000000,37,105,10.500,47,0,0,40,0.040000
9,8.807485887,8.812992510,2045,3.136990711,0,0.000000000,0,105,10.500,48,0,0,33,0.033000
10,8.813179157,8.819193067,2055,3.152330519,0,0.000000000,1054,104,10.400,48,0,0,0,0.000000
11,8.819386393,8.825172899,2066,3.169204308,0,0.000000000,1068,106,10.600,48,0,0,38,0.038000
12,8.825388428,8.831264326,2055,3.152330519,0,0.000000000,1054,105,10.500,46,0,0,0,0.000000
4,8.831454562,8.837165096,2054,3.150796538,0,0.000000000,0,104,10.400,49,0,0,0,0.000000
5,8.837340472,8.843077732,2054,3.150796538,0,0.000000000,1054,105,10.500,47,0,0,0,0.000000
6,8.843260371,8.849072378,2057,3.155398481,0,0.000000000,1068,103,10.300,47,0,0,13,0.013000
7,8.849248494,8.854936487,2038,3.126252846,0,0.000000000,0,104,10.400,47,0,0,0,0.000000
8,8.855108349,8.860981624,2024,3.104777115,0,0.000000000,37,105,10.500,47,0,0,40,0.040000
9,8.861159164,8.867016375,2045,3.136990711,0,0.000000000,0,105,10.500,48,0,0,33,0.033000
10,8.867192401,8.872845341,2055,3.152330519,0,0.000000000,1054,104,10.400,48,0,0,0,0.000000
11,8.873017696,8.879050617,2066,3.169204308,0,0.000000000,1068,106,10.600,48,0,0,37,0.037000
12,8.879236970,8.885012582,2055,3.152330519,0,0.000000000,1054,105,10.500,46,0,0,0,0.000000
4,8.885186845,8.891014005,2054,3.150796538,0,0.000000000,0,104,10.400,49,0,0,0,0.000000
5,8.891190212,8.896948932,2054,3.150796538,0,0.000000000,1054,105,10.500,47,0,0,0,0.000000
6,8.897127675,8.903079206,2057,3.155398481,0,0.000000000,1068,103,10.300,47,0,0,13,0.013000
7,8.903257576,8.909083251,2038,3.126252846,0,0.000000000,0,104,10.400,47,0,0,0,0.000000
8,8.909262466,8.915042961,2024,3.104777115,0,0.000000000,37,105,10.500,47,0,0,40,0.040000
9,8.915225506,8.921131951,2045,3.136990711,0,0.000000000,0,105,10.500,48,0,0,33,0.033000
10,8.921318610,8.927183506,2055,3.152330519,0,0.000000000,1054,104,10.400,48,0,0,0,0.000000
11,8.927375410,8.933169881,2066,3.169204308,0,0.000000000,1068,106,10.600,48,0,0,38,0.038000
12,8.933352727,8.938905446,2055,3.152330519,0,0.000000000,1054,105,10.500,46,0,0,0,0.000000
4,8.939083086,8.945062294,2054,3.150796538,0,0.000000000,0,104,10.400,49,0,0,0,0.000000
5,8.945236409,8.950880497,2054,3.150796538,0,0.000000000,1054,105,10.500,47,0,0,0,0.000000
6,8.951053711,8.956913981,2057,3.155398481,0,0.000000000,1068,103,10.300,47,0,0,13,0.013000
7,8.957085122,8.963018078,2038,3.126252846,0,0.000000000,0,104,10.400,47,0,0,0,0.000000
8,8.963184424,8.969009084,2024,3.104777115,0,0.000000000,37,105,10.500,47,0,0,40,0.040000
9,8.969179872,8.974899605,2045,3.136990711,0,0.000000000,0,105,10.500,47,0,0,33,0.033000
10,8.975068974,8.980793787,2055,3.152330519,0,0.000000000,1054,104,10.400,48,0,0,0,0.000000
11,8.980939438,8.986887231,2066,3.169204308,0,0.000000000,1068,106,10.600,48,0,0,38,0.038000
12,8.987044312,8.993004016,2055,3.152330519,0,0.000000000,1054,105,10.500,46,0,0,0,0.000000
4,8.993166616,8.998956852,2054,3.150796538,0,0.000000000,0,104,10.400,49,0,0,0,0.000000
5,8.999132250,9.004973733,2054,3.150796538,0,0.000000000,1054,105,10.500,47,0,0,0,0.000000
6,9.005148460,9.011019080,2057,3.155398481,0,0.000000000,1068,103,10.300,47,0,0,14,0.014000
7,9.011204067,9.017190998,2038,3.126252846,0,0.000000000,0,104,10.400,47,0,0,0,0.000000
8,9.017374175,9.023068057,2024,3.104777115,0,0.000000000,37,105,10.500,47,0,0,40,0.040000
9,9.023247462,9.029056488,2045,3.136990711,0,0.000000000,0,105,10.500,48,0,0,33,0.033000
10,9.029240029,9.034983957,2055,3.152330519,0,0.000000000,1054,104,10.400,48,0,0,0,0.000000
11,9.035156152,9.041240268,2066,3.169204308,0,0.000000000,1068,106,10.600,48,0,0,38,0.038000
12,9.041430077,9.046947253,2055,3.152330519,0,0.000000000,1054,105,10.500,46,0,0,0,0.000000
4,9.047122227,9.053129756,2054,3.150796538,0,0.000000000,0,104,10.400,49,0,0,0,0.000000
5,9.053301960,9.058910017,2054,3.150796538,0,0.000000000,1054,105,10.500,47,0,0,0,0.000000
6,9.059081734,9.064834460,2057,3.155398481,0,0.000000000,1068,103,10.300,47,0,0,14,0.014000
7,9.064997036,9.070829424,2038,3.126252846,0,0.000000000,0,105,10.500,47,0,0,0,0.000000
8,9.070984923,9.076783016,2024,3.104777115,0,0.000000000,37,105,10.500,47,0,0,40,0.040000
9,9.076930720,9.082990335,2045,3.136990711,0,0.000000000,0,105,10.500,47,0,0,33,0.033000
10,9.083204303,9.088873920,2055,3.152330519,0,0.000000000,1054,104,10.400,48,0,0,0,0.000000
11,9.089023691,9.095032922,2066,3.169204308,0,0.000000000,1068,106,10.600,48,0,0,38,0.038000
12,9.095208679,9.100903770,2055,3.152330519,0,0.000000000,1054,105,10.500,46,0,0,0,0.000000
4,9.101080096,9.107078020,2054,3.150796538,0,0.000000000,0,104,10.400,49,0,0,0,0.000000
5,9.107254622,9.112977574,2054,3.150796538,0,0.000000000,1054,105,10.500,47,0,0,0,0.000000
6,9.113155954,9.119278666,2057,3.155398481,0,0.000000000,1068,103,10.300,47,0,0,14,0.014000
7,9.119468939,9.125004432,2038,3.126252846,0,0.000000000,0,105,10.500,47,0,0,0,0.000000
8,9.125186956,9.131303036,2024,3.104777115,0,0.000000000,37,105,10.500,47,0,0,40,0.040000
9,9.131490712,9.136925926,2045,3.136990711,0,0.000000000,0,105,10.500,48,0,0,33,0.033000
10,9.137104887,9.143201894,2055,3.152330519,0,0.000000000,1054,104,10.400,48,0,0,0,0.000000
11,9.143389093,9.148931345,2066,3.169204308,0,0.000000000,1068,106,10.600,48,0,0,38,0.038000
12,9.149108931,9.155060834,2055,3.152330519,0,0.000000000,1054,105,10.500,46,0,0,0,0.000000
4,9.155232565,9.161055750,2054,3.150796538,0,0.000000000,0,104,10.400,49,0,0,0,0.000000
5,9.161226606,9.167303958,2054,3.150796538,0,0.000000000,1054,105,10.500,47,0,0,0,0.000000
6,9.167476669,9.173157691,2057,3.155398481,0,0.000000000,1068,103,10.300,47,0,0,13,0.013000
7,9.173416776,9.179054318,2038,3.126252846,0,0.000000000,0,104,10.400,47,0,0,0,0.000000
8,9.179252417,9.184898453,2024,3.104777115,0,0.000000000,37,105,10.500,47,0,0,40,0.040000
9,9.185070046,9.190919206,2045,3.136990711,0,0.000000000,0,105,10.500,48,0,0,33,0.033000
10,9.191098076,9.197031272,2055,3.152330519,0,0.000000000,1054,104,10.400,48,0,0,0,0.000000
11,9.197216075,9.203165520,2066,3.169204308,0,0.000000000,1068,106,10.600,48,0,0,38,0.038000
12,9.203340851,9.209059436,2055,3.152330519,0,0.000000000,1054,105,10.500,46,0,0,0,0.000000
4,9.209228471,9.215088093,2054,3.150796538,0,0.000000000,0,104,10.400,49,0,0,0,0.000000
5,9.215249931,9.220971510,2054,3.150796538,0,0.000000000,1054,105,10.500,47,0,0,0,0.000000
6,9.221138109,9.227057145,2057,3.155398481,0,0.000000000,1068,103,10.300,47,0,0,13,0.013000
7,9.227219612,9.233104021,2038,3.126252846,0,0.000000000,0,104,10.400,47,0,0,0,0.000000
8,9.233262869,9.239160003,2024,3.104777115,0,0.000000000,37,105,10.500,47,0,0,40,0.040000
9,9.239425368,9.245093172,2045,3.136990711,0,0.000000000,0,105,10.500,48,0,0,33,0.033000
10,9.245295539,9.251083925,2055,3.152330519,0,0.000000000,1054,104,10.400,48,0,0,0,0.000000
11,9.251283676,9.257136970,2066,3.169204308,0,0.000000000,1068,106,10.600,48,0,0,38,0.038000
12,9.257391186,9.262872268,2055,3.152330519,0,0.000000000,1054,105,10.500,46,0,0,0,0.000000
4,9.263036300,9.268972549,2054,3.150796538,0,0.000000000,0,104,10.400,49,0,0,0,0.000000
5,9.269132886,9.274997647,2054,3.150796538,0,0.000000000,1054,105,10.500,47,0,0,0,0.000000
6,9.275160066,9.280868242,2057,3.155398481,0,0.000000000,1068,103,10.300,47,0,0,13,0.013000
7,9.281014639,9.286806605,2038,3.126252846,0,0.000000000,0,104,10.400,47,0,0,0,0.000000
8,9.286951154,9.293128245,2024,3.104777115,0,0.000000000,37,105,10.500,47,0,0,40,0.040000
9,9.293290090,9.299005664,2045,3.136990711,0,0.000000000,0,105,10.500,47,0,0,33,0.033000
10,9.299173965,9.305156515,2055,3.152330519,0,0.000000000,1054,104,10.400,48,0,0,0,0.000000
11,9.305356206,9.311153346,2066,3.169204308,0,0.000000000,1068,106,10.600,48,0,0,38,0.038000
12,9.311362600,9.317191576,2055,3.152330519,0,0.000000000,1054,105,10.500,46,0,0,0,0.000000
4,9.317389538,9.323167654,2054,3.150796538,0,0.000000000,0,104,10.400,49,0,0,0,0.000000
5,9.323382155,9.329205670,2054,3.150796538,0,0.000000000,1054,105,10.500,47,0,0,0,0.000000
6,9.329405685,9.335038185,2057,3.155398481,0,0.000000000,1068,103,10.300,47,0,0,14,0.014000
7,9.335241769,9.340859254,2038,3.126252846,0,0.000000000,0,104,10.400,47,0,0,0,0.000000
8,9.341021079,9.347126526,2024,3.104777115,0,0.000000000,37,105,10.500,47,0,0,40,0.040000
9,9.347339460,9.353145480,2045,3.136990711,0,0.000000000,0,105,10.500,48,0,0,33,0.033000
10,9.353386403,9.359009530,2055,3.152330519,0,0.000000000,1054,104,10.400,48,0,0,0,0.000000
11,9.359186823,9.364926204,2066,3.169204308,0,0.000000000,1068,106,10.600,48,0,0,38,0.038000
12,9.365104148,9.371134880,2055,3.152330519,0,0.000000000,1054,105,10.500,46,0,0,0,0.000000
4,9.371323196,9.377070380,2054,3.150796538,0,0.000000000,0,104,10.400,49,0,0,0,0.000000
5,9.377243421,9.383036195,2054,3.150796538,0,0.000000000,1054,105,10.500,47,0,0,0,0.000000
6,9.383214106,9.389075648,2057,3.155398481,0,0.000000000,1068,103,10.300,47,0,0,13,0.013000
7,9.389270686,9.394957435,2038,3.126252846,0,0.000000000,0,104,10.400,47,0,0,0,0.000000
8,9.395137459,9.400953017,2024,3.104777115,0,0.000000000,37,105,10.500,47,0,0,40,0.040000
9,9.401132776,9.407126732,2045,3.136990711,0,0.000000000,0,105,10.500,48,0,0,33,0.033000
10,9.407310435,9.413162463,2055,3.152330519,0,0.000000000,1054,104,10.400,48,0,0,0,0.000000
11,9.413336108,9.419022433,2066,3.169204308,0,0.000000000,1068,106,10.600,48,0,0,38,0.038000
12,9.419200140,9.424955284,2055,3.152330519,0,0.000000000,1054,105,10.500,46,0,0,0,0.000000
4,9.425135679,9.430949129,2054,3.150796538,0,0.000000000,0,104,10.400,49,0,0,0,0.000000
5,9.431129059,9.436917200,2054,3.150796538,0,0.000000000,1054,105,10.500,47,0,0,0,0.000000
6,9.437092245,9.443069079,2057,3.155398481,0,0.000000000,1068,103,10.300,47,0,0,13,0.013000
7,9.443246297,9.449156595,2038,3.126252846,0,0.000000000,0,104,10.400,47,0,0,0,0.000000
8,9.449335140,9.455059721,2024,3.104777115,0,0.000000000,37,105,10.500,47,0,0,40,0.040000
9,9.455261806,9.461185709,2045,3.136990711,0,0.000000000,0,105,10.500,48,0,0,33,0.033000
10,9.461367356,9.466921988,2055,3.152330519,0,0.000000000,1054,104,10.400,48,0,0,0,0.000000
11,9.467095641,9.472945805,2066,3.169204308,0,0.000000000,1068,106,10.600,48,0,0,37,0.037000
12,9.473148707,9.479119980,2055,3.152330519,0,0.000000000,1054,105,10.500,46,0,0,0,0.000000
4,9.479309543,9.484869101,2054,3.150796538,0,0.000000000,0,104,10.400,49,0,0,0,0.000000
5,9.485049893,9.491110770,2054,3.150796538,0,0.000000000,1054,105,10.500,47,0,0,0,0.000000
6,9.491296731,9.497002566,2057,3.155398481,0,0.000000000,1068,103,10.300,47,0,0,13,0.013000
7,9.497187175,9.502916300,2038,3.126252846,0,0.000000000,0,104,10.400,47,0,0,0,0.000000
8,9.503096354,9.509092218,2024,3.104777115,0,0.000000000,37,105,10.500,47,0,0,40,0.040000
9,9.509280140,9.514987084,2045,3.136990711,0,0.000000000,0,105,10.500,48,0,0,33,0.033000
10,9.515241119,9.521011200,2055,3.152330519,0,0.000000000,1054,104,10.400,48,0,0,0,0.000000
11,9.521196202,9.526927275,2066,3.169204308,0,0.000000000,1068,106,10.600,48,0,0,38,0.038000
12,9.527118860,9.533095034,2055,3.152330519,0,0.000000000,1054,104,10.400,46,0,0,0,0.000000
4,9.533274346,9.539199930,2054,3.150796538,0,0.000000000,0,104,10.400,49,0,0,0,0.000000
5,9.539376420,9.544937110,2054,3.150796538,0,0.000000000,1054,105,10.500,47,0,0,0,0.000000
6,9.545112739,9.550931871,2057,3.155398481,0,0.000000000,1068,103,10.300,47,0,0,14,0.014000
7,9.551117335,9.557061283,2038,3.126252846,0,0.000000000,0,104,10.400,47,0,0,0,0.000000
8,9.557270901,9.562917211,2024,3.104777115,0,0.000000000,37,105,10.500,47,0,0,40,0.040000
9,9.563099992,9.568995224,2045,3.136990711,0,0.000000000,0,105,10.500,48,0,0,33,0.033000
10,9.569174854,9.575063005,2055,3.152330519,0,0.000000000,1054,104,10.400,48,0,0,0,0.000000
11,9.575248867,9.581015742,2066,3.169204308,0,0.000000000,1068,106,10.600,48,0,0,38,0.038000
12,9.581216708,9.587102372,2055,3.152330519,0,0.000000000,1054,104,10.400,46,0,0,0,0.000000
4,9.587277234,9.593032022,2054,3.150796538,0,0.000000000,0,104,10.400,49,0,0,0,0.000000
5,9.593218534,9.598996030,2054,3.150796538,0,0.000000000,1054,105,10.500,47,0,0,0,0.000000
6,9.599177167,9.605170327,2057,3.155398481,0,0.000000000,1068,103,10.300,47,0,0,13,0.013000
7,9.605347139,9.610937675,2038,3.126252846,0,0.000000000,0,104,10.400,47,0,0,0,0.000000
8,9.611114655,9.616967539,2024,3.104777115,0,0.000000000,37,105,10.500,47,0,0,40,0.040000
9,9.617177068,9.622998485,2045,3.136990711,0,0.000000000,0,105,10.500,48,0,0,33,0.033000
10,9.623185834,9.628990774,2055,3.152330519,0,0.000000000,1054,104,10.400,48,0,0,0,0.000000
11,9.629183475,9.635086347,2066,3.169204308,0,0.000000000,1068,106,10.600,48,0,0,38,0.038000
12,9.635264930,9.641016700,2055,3.152330519,0,0.000000000,1054,105,10.500,46,0,0,0,0.000000
4,9.641192672,9.647021752,2054,3.150796538,0,0.000000000,0,104,10.400,49,0,0,0,0.000000
5,9.647197175,9.652879620,2054,3.150796538,0,0.000000000,1054,105,10.500,47,0,0,0,0.000000
6,9.653058024,9.659251269,2057,3.155398481,0,0.000000000,1068,103,10.300,47,0,0,13,0.013000
7,9.659478322,9.664978301,2038,3.126252846,0,0.000000000,0,104,10.400,47,0,0,0,0.000000
8,9.665151122,9.670913173,2024,3.104777115,0,0.000000000,37,105,10.500,47,0,0,40,0.040000
9,9.671093879,9.677038356,2045,3.136990711,0,0.000000000,0,105,10.500,48,0,0,33,0.033000
10,9.677230423,9.683076229,2055,3.152330519,0,0.000000000,1054,104,10.400,48,0,0,0,0.000000
11,9.683251080,9.689088071,2066,3.169204308,0,0.000000000,1068,106,10.600,48,0,0,38,0.038000
12,9.689274520,9.695061743,2055,3.152330519,0,0.000000000,1054,105,10.500,46,0,0,0,0.000000
4,9.695245330,9.701025619,2054,3.150796538,0,0.000000000,0,104,10.400,49,0,0,0,0.000000
5,9.701203020,9.707088765,2054,3.150796538,0,0.000000000,1054,105,10.500,47,0,0,0,0.000000
6,9.707270121,9.713071850,2057,3.155398481,0,0.000000000,1068,103,10.300,47,0,0,13,0.013000
7,9.713260263,9.719190763,2038,3.126252846,0,0.000000000,0,104,10.400,47,0,0,0,0.000000
8,9.719418260,9.724921580,2024,3.104777115,0,0.000000000,37,105,10.500,47,0,0,40,0.040000
9,9.725109269,9.730941527,2045,3.136990711,0,0.000000000,0,105,10.500,48,0,0,33,0.033000
10,9.731123197,9.736907866,2055,3.152330519,0,0.000000000,1054,104,10.400,48,0,0,0,0.000000
11,9.737082080,9.742946584,2066,3.169204308,0,0.000000000,1068,106,10.600,48,0,0,37,0.037000
12,9.743124702,9.749042736,2055,3.152330519,0,0.000000000,1054,105,10.500,46,0,0,0,0.000000
4,9.749243215,9.754809019,2054,3.150796538,0,0.000000000,0,104,10.400,49,0,0,0,0.000000
5,9.754979737,9.760819506,2054,3.150796538,0,0.000000000,1054,105,10.500,47,0,0,0,0.000000
6,9.760987074,9.766951525,2057,3.155398481,0,0.000000000,1068,103,10.300,47,0,0,13,0.013000
7,9.767112758,9.772910066,2038,3.126252846,0,0.000000000,0,104,10.400,47,0,0,0,0.000000
8,9.773065148,9.778894881,2024,3.104777115,0,0.000000000,37,105,10.500,47,0,0,40,0.040000
9,9.779041690,9.784782669,2045,3.136990711,0,0.000000000,0,105,10.500,48,0,0,33,0.033000
10,9.784930364,9.790712764,2055,3.152330519,0,0.000000000,1054,104,10.400,48,0,0,0,0.000000
11,9.790861189,9.796801854,2066,3.169204308,0,0.000000000,1068,106,10.600,48,0,0,38,0.038000
12,9.796952064,9.803058716,2055,3.152330519,0,0.000000000,1054,105,10.500,46,0,0,0,0.000000
4,9.803218530,9.808919759,2054,3.150796538,0,0.000000000,0,104,10.400,49,0,0,0,0.000000
5,9.809079801,9.814976334,2054,3.150796538,0,0.000000000,1054,105,10.500,47,0,0,0,0.000000
6,9.815151382,9.821039340,2057,3.155398481,0,0.000000000,1068,103,10.300,47,0,0,14,0.014000
7,9.821223339,9.826952699,2038,3.126252846,0,0.000000000,0,104,10.400,47,0,0,0,0.000000
8,9.827125498,9.832825810,2024,3.104777115,0,0.000000000,37,105,10.500,47,0,0,40,0.040000
9,9.833003299,9.838918434,2045,3.136990711,0,0.000000000,0,105,10.500,48,0,0,33,0.033000
10,9.839098714,9.844738709,2055,3.152330519,0,0.000000000,1054,104,10.400,48,0,0,0,0.000000
11,9.844903852,9.850812264,2066,3.169204308,0,0.000000000,1068,106,10.600,48,0,0,38,0.038000
12,9.850963908,9.856750129,2055,3.152330519,0,0.000000000,1054,105,10.500,46,0,0,0,0.000000
4,9.856893535,9.862725747,2054,3.150796538,0,0.000000000,0,104,10.400,49,0,0,0,0.000000
5,9.862867858,9.868665809,2054,3.150796538,0,0.000000000,1054,105,10.500,47,0,0,0,0.000000
6,9.868807974,9.874707874,2057,3.155398481,0,0.000000000,1068,103,10.300,47,0,0,14,0.014000
7,9.874853405,9.880924917,2038,3.126252846,0,0.000000000,0,104,10.400,47,0,0,0,0.000000
8,9.881067881,9.886822688,2024,3.104777115,0,0.000000000,37,105,10.500,47,0,0,40,0.040000
9,9.886970477,9.892768507,2045,3.136990711,0,0.000000000,0,105,10.500,48,0,0,33,0.033000
10,9.892920284,9.898991899,2055,3.152330519,0,0.000000000,1054,104,10.400,48,0,0,0,0.000000
11,9.899138008,9.904890989,2066,3.169204308,0,0.000000000,1068,106,10.600,48,0,0,37,0.037000
12,9.905043627,9.910846658,2055,3.152330519,0,0.000000000,1054,105,10.500,46,0,0,0,0.000000
4,9.911001943,9.916929136,2054,3.150796538,0,0.000000000,0,104,10.400,49,0,0,0,0.000000
5,9.917078850,9.922962993,2054,3.150796538,0,0.000000000,1054,105,10.500,47,0,0,0,0.000000
6,9.923118059,9.928767444,2057,3.155398481,0,0.000000000,1068,103,10.300,47,0,0,13,0.013000
7,9.928923177,9.934769211,2038,3.126252846,0,0.000000000,0,104,10.400,47,0,0,0,0.000000
8,9.934911458,9.940663916,2024,3.104777115,0,0.000000000,37,105,10.500,47,0,0,41,0.041000
9,9.940812917,9.946865192,2045,3.136990711,0,0.000000000,0,105,10.500,48,0,0,33,0.033000
10,9.947013039,9.952775521,2055,3.152330519,0,0.000000000,1054,104,10.400,48,0,0,0,0.000000
11,9.952918221,9.958646179,2066,3.169204308,0,0.000000000,1068,106,10.600,48,0,0,38,0.038000
12,9.958793697,9.964888949,2055,3.152330519,0,0.000000000,1054,105,10.500,46,0,0,0,0.000000
4,9.965032268,9.970779006,2054,3.150796538,0,0.000000000,0,104,10.400,49,0,0,0,0.000000
5,9.970924354,9.976653199,2054,3.150796538,0,0.000000000,1054,105,10.500,47,0,0,0,0.000000
6,9.976797516,9.982884895,2057,3.155398481,0,0.000000000,1068,103,10.300,47,0,0,13,0.013000
7,9.983031455,9.988921293,2038,3.126252846,0,0.000000000,0,104,10.400,47,0,0,0,0.000000
8,9.989127137,9.995316904,2024,3.104777115,0,0.000000000,37,105,10.500,47,0,0,40,0.040000
9,9.995477239,10.001173716,2045,3.136990711,0,0.000000000,0,105,10.500,48,0,0,33,0.033000
10,10.001355212,10.007000006,2055,3.152330519,0,0.000000000,1054,104,10.400,48,0,0,0,0.000000
11,10.007173745,10.012871009,2066,3.169204308,0,0.000000000,1068,106,10.600,48,0,0,37,0.037000
12,10.013048514,10.019078415,2055,3.152330519,0,0.000000000,1054,105,10.500,46,0,0,0,0.000000
4,10.019255543,10.024782740,2054,3.150796538,0,0.000000000,0,104,10.400,49,0,0,0,0.000000
5,10.024971380,10.031132305,2054,3.150796538,0,0.000000000,1054,105,10.500,47,0,0,0,0.000000
6,10.031307971,10.036839154,2057,3.155398481,0,0.000000000,1068,103,10.300,47,0,0,14,0.014000
7,10.037020079,10.043014878,2038,3.126252846,0,0.000000000,0,104,10.400,47,0,0,0,0.000000
8,10.043185946,10.048872289,2024,3.104777115,0,0.000000000,37,105,10.500,47,0,0,40,0.040000
9,10.049051881,10.055165912,2045,3.136990711,0,0.000000000,0,105,10.500,48,0,0,33,0.033000
10,10.055344429,10.060870788,2055,3.152330519,0,0.000000000,1054,104,10.400,48,0,0,0,0.000000
11,10.061053082,10.066957594,2066,3.169204308,0,0.000000000,1068,106,10.600,48,0,0,38,0.038000
12,10.067151089,10.073032172,2055,3.152330519,0,0.000000000,1054,105,10.500,46,0,0,0,0.000000
4,10.073214446,10.079016960,2054,3.150796538,0,0.000000000,0,104,10.400,49,0,0,0,0.000000
5,10.079198033,10.084991140,2054,3.150796538,0,0.000000000,1054,105,10.500,47,0,0,0,0.000000
6,10.085180952,10.091017608,2057,3.155398481,0,0.000000000,1068,103,10.300,47,0,0,13,0.013000
7,10.091292841,10.097042064,2038,3.126252846,0,0.000000000,0,104,10.400,47,0,0,0,0.000000
8,10.097222809,10.103111419,2024,3.104777115,0,0.000000000,37,105,10.500,47,0,0,40,0.040000
9,10.103312204,10.108945454,2045,3.136990711,0,0.000000000,0,105,10.500,48,0,0,33,0.033000
10,10.109136470,10.115072996,2055,3.152330519,0,0.000000000,1054,104,10.400,48,0,0,0,0.000000
11,10.115252390,10.121012438,2066,3.169204308,0,0.000000000,1068,106,10.600,48,0,0,38,0.038000
12,10.121201047,10.126836980,2055,3.152330519,0,0.000000000,1054,105,10.500,46,0,0,0,0.000000
4,10.127055664,10.132883107,2054,3.150796538,0,0.000000000,0,104,10.400,49,0,0,0,0.000000
5,10.133065280,10.139003295,2054,3.150796538,0,0.000000000,1054,105,10.500,47,0,0,0,0.000000
6,10.139199812,10.144973864,2057,3.155398481,0,0.000000000,1068,103,10.300,47,0,0,13,0.013000
7,10.145158258,10.150931315,2038,3.126252846,0,0.000000000,0,104,10.400,47,0,0,0,0.000000
8,10.151111867,10.157049989,2024,3.104777115,0,0.000000000,37,105,10.500,47,0,0,41,0.041000
9,10.157233385,10.163201372,2045,3.136990711,0,0.000000000,0,105,10.500,47,0,0,33,0.033000
10,10.163394394,10.168933729,2055,3.152330519,0,0.000000000,1054,104,10.400,48,0,0,0,0.000000
11,10.169113495,10.175247721,2066,3.169204308,0,0.000000000,1068,106,10.600,48,0,0,38,0.038000
12,10.175437555,10.181104039,2055,3.152330519,0,0.000000000,1054,105,10.500,46,0,0,0,0.000000
4,10.181285379,10.186917433,2054,3.150796538,0,0.000000000,0,104,10.400,49,0,0,0,0.000000
5,10.187109867,10.192895606,2054,3.150796538,0,0.000000000,1054,105,10.500,47,0,0,0,0.000000
6,10.193075410,10.198937931,2057,3.155398481,0,0.000000000,1068,103,10.300,47,0,0,14,0.014000
7,10.199123687,10.205145615,2038,3.126252846,0,0.000000000,0,104,10.400,47,0,0,0,0.000000
8,10.205326599,10.210889289,2024,3.104777115,0,0.000000000,37,105,10.500,47,0,0,40,0.040000
9,10.211075523,10.217041465,2045,3.136990711,0,0.000000000,0,105,10.500,48,0,0,33,0.033000
10,10.217226920,10.223066291,2055,3.152330519,0,0.000000000,1054,104,10.400,48,0,0,0,0.000000
11,10.223249024,10.228800164,2066,3.169204308,0,0.000000000,1068,106,10.600,48,0,0,38,0.038000
12,10.228981215,10.234914351,2055,3.152330519,0,0.000000000,1054,105,10.500,46,0,0,0,0.000000
4,10.235088778,10.240711601,2054,3.150796538,0,0.000000000,0,104,10.400,49,0,0,0,0.000000
5,10.240881116,10.246719871,2054,3.150796538,0,0.000000000,1054,105,10.500,47,0,0,0,0.000000
6,10.246898348,10.252808243,2057,3.155398481,0,0.000000000,1068,103,10.300,47,0,0,13,0.013000
7,10.252984613,10.258884199,2038,3.126252846,0,0.000000000,0,104,10.400,47,0,0,0,0.000000
8,10.259050170,10.264865548,2024,3.104777115,0,0.000000000,37,105,10.500,47,0,0,40,0.040000
9,10.265038073,10.270812009,2045,3.136990711,0,0.000000000,0,105,10.500,48,0,0,33,0.033000
10,10.270983421,10.276872078,2055,3.152330519,0,0.000000000,1054,104,10.400,48,0,0,0,0.000000
11,10.277041853,10.282854128,2066,3.169204308,0,0.000000000,1068,106,10.600,48,0,0,38,0.038000
12,10.283026081,10.288947651,2055,3.152330519,0,0.000000000,1054,104,10.400,46,0,0,0,0.000000
4,10.289123814,10.294826963,2054,3.150796538,0,0.000000000,0,104,10.400,49,0,0,0,0.000000
5,10.294999491,10.300855156,2054,3.150796538,0,0.000000000,1054,105,10.500,47,0,0,0,0.000000
6,10.301047579,10.307072066,2057,3.155398481,0,0.000000000,1068,103,10.300,47,0,0,14,0.014000
7,10.307247874,10.313047898,2038,3.126252846,0,0.000000000,0,104,10.400,47,0,0,0,0.000000
8,10.313220113,10.318977267,2024,3.104777115,0,0.000000000,37,105,10.500,47,0,0,40,0.040000
9,10.319166273,10.324754246,2045,3.136990711,0,0.000000000,0,105,10.500,48,0,0,33,0.033000
10,10.324937326,10.330965848,2055,3.152330519,0,0.000000000,1054,104,10.400,48,0,0,0,0.000000
11,10.331136043,10.336961253,2066,3.169204308,0,0.000000000,1068,106,10.600,48,0,0,37,0.037000
12,10.337125708,10.342746329,2055,3.152330519,0,0.000000000,1054,104,10.400,46,0,0,0,0.000000
4,10.342888786,10.348711828,2054,3.150796538,0,0.000000000,0,104,10.400,49,0,0,0,0.000000
5,10.348853758,10.354944824,2054,3.150796538,0,0.000000000,1054,105,10.500,47,0,0,0,0.000000
6,10.355087213,10.360828719,2057,3.155398481,0,0.000000000,1068,103,10.300,47,0,0,13,0.013000
7,10.360970238,10.366715588,2038,3.126252846,0,0.000000000,0,104,10.400,47,0,0,0,0.000000
8,10.366858918,10.372726073,2024,3.104777115,0,0.000000000,37,105,10.500,47,0,0,40,0.040000
9,10.372868234,10.378634271,2045,3.136990711,0,0.000000000,0,105,10.500,48,0,0,33,0.033000
10,10.378787406,10.384772943,2055,3.152330519,0,0.000000000,1054,104,10.400,48,0,0,0,0.000000
11,10.384918984,10.390916411,2066,3.169204308,0,0.000000000,1068,106,10.600,48,0,0,38,0.038000
12,10.391066332,10.397063963,2055,3.152330519,0,0.000000000,1054,105,10.500,46,0,0,0,0.000000
4,10.397243789,10.402939952,2054,3.150796538,0,0.000000000,0,104,10.400,49,0,0,0,0.000000
5,10.403089123,10.409008346,2054,3.150796538,0,0.000000000,1054,105,10.500,47,0,0,0,0.000000
6,10.409155709,10.414897870,2057,3.155398481,0,0.000000000,1068,103,10.300,47,0,0,14,0.014000
7,10.415056404,10.420841173,2038,3.126252846,0,0.000000000,0,104,10.400,47,0,0,0,0.000000
8,10.420995063,10.426793435,2024,3.104777115,0,0.000000000,37,105,10.500,47,0,0,40,0.040000
9,10.426980326,10.432864670,2045,3.136990711,0,0.000000000,0,105,10.500,48,0,0,33,0.033000
10,10.433049647,10.438952846,2055,3.152330519,0,0.000000000,1054,104,10.400,48,0,0,0,0.000000
11,10.439126780,10.444796629,2066,3.169204308,0,0.000000000,1068,106,10.600,48,0,0,38,0.038000
12,10.444979193,10.450846578,2055,3.152330519,0,0.000000000,1054,104,10.400,46,0,0,0,0.000000
4,10.451021038,10.457133257,2054,3.150796538,0,0.000000000,0,104,10.400,49,0,0,0,0.000000
5,10.457312205,10.462882796,2054,3.150796538,0,0.000000000,1054,105,10.500,47,0,0,0,0.000000
6,10.463058171,10.468985989,2057,3.155398481,0,0.000000000,1068,103,10.300,47,0,0,13,0.013000
7,10.469171065,10.475006519,2038,3.126252846,0,0.000000000,0,104,10.400,47,0,0,0,0.000000
8,10.475178743,10.480936315,2024,3.104777115,0,0.000000000,37,105,10.500,47,0,0,40,0.040000
9,10.481122628,10.486799613,2045,3.136990711,0,0.000000000,0,105,10.500,48,0,0,33,0.033000
10,10.486965428,10.492966611,2055,3.152330519,0,0.000000000,1054,104,10.400,48,0,0,0,0.000000
11,10.493134017,10.498932678,2066,3.169204308,0,0.000000000,1068,106,10.600,48,0,0,38,0.038000
12,10.499112942,10.505072673,2055,3.152330519,0,0.000000000,1054,105,10.500,46,0,0,0,0.000000
4,10.505266308,10.510824211,2054,3.150796538,0,0.000000000,0,104,10.400,49,0,0,0,0.000000
5,10.511019238,10.517090393,2054,3.150796538,0,0.000000000,1054,105,10.500,47,0,0,0,0.000000
6,10.517268670,10.522924623,2057,3.155398481,0,0.000000000,1068,103,10.300,47,0,0,13,0.013000
7,10.523104495,10.528921066,2038,3.126252846,0,0.000000000,0,104,10.400,47,0,0,0,0.000000
8,10.529098468,10.534788916,2024,3.104777115,0,0.000000000,37,105,10.500,47,0,0,40,0.040000
9,10.534968297,10.540831668,2045,3.136990711,0,0.000000000,0,105,10.500,47,0,0,33,0.033000
10,10.541010360,10.546845063,2055,3.152330519,0,0.000000000,1054,104,10.400,48,0,0,0,0.000000
11,10.547018716,10.552960744,2066,3.169204308,0,0.000000000,1068,106,10.600,48,0,0,38,0.038000
12,10.553141443,10.559125130,2055,3.152330519,0,0.000000000,1054,105,10.500,46,0,0,0,0.000000
4,10.559320324,10.564958078,2054,3.150796538,0,0.000000000,0,104,10.400,49,0,0,0,0.000000
5,10.565131837,10.571082620,2054,3.150796538,0,0.000000000,1054,105,10.500,47,0,0,0,0.000000
6,10.571259881,10.576985815,2057,3.155398481,0,0.000000000,1068,103,10.300,47,0,0,14,0.014000
7,10.577171361,10.582917583,2038,3.126252846,0,0.000000000,0,104,10.400,47,0,0,0,0.000000
8,10.583092691,10.588951546,2024,3.104777115,0,0.000000000,37,105,10.500,47,0,0,40,0.040000
9,10.589130259,10.594791902,2045,3.136990711,0,0.000000000,0,105,10.500,48,0,0,33,0.033000
10,10.595023612,10.601121480,2055,3.152330519,0,0.000000000,1054,104,10.400,48,0,0,0,0.000000
11,10.601298458,10.606841135,2066,3.169204308,0,0.000000000,1068,106,10.600,48,0,0,38,0.038000
12,10.607021353,10.612862461,2055,3.152330519,0,0.000000000,1054,105,10.500,46,0,0,0,0.000000
4,10.613048443,10.618914740,2054,3.150796538,0,0.000000000,0,104,10.400,49,0,0,0,0.000000
5,10.619085439,10.624837319,2054,3.150796538,0,0.000000000,1054,105,10.500,47,0,0,0,0.000000
6,10.625030994,10.630814931,2057,3.155398481,0,0.000000000,1068,103,10.300,47,0,0,13,0.013000
7,10.631018469,10.636935419,2038,3.126252846,0,0.000000000,0,104,10.400,47,0,0,0,0.000000
8,10.637113688,10.642808242,2024,3.104777115,0,0.000000000,37,105,10.500,47,0,0,40,0.040000
9,10.642998604,10.648913788,2045,3.136990711,0,0.000000000,0,105,10.500,47,0,0,33,0.033000
10,10.649098561,10.654968308,2055,3.152330519,0,0.000000000,1054,104,10.400,48,0,0,0,0.000000
11,10.655139123,10.660818428,2066,3.169204308,0,0.000000000,1068,106,10.600,48,0,0,39,0.039000
12,10.661002736,10.666820806,2055,3.152330519,0,0.000000000,1054,105,10.500,46,0,0,0,0.000000
4,10.666993643,10.672711438,2054,3.150796538,0,0.000000000,0,104,10.400,49,0,0,0,0.000000
5,10.672884437,10.678846927,2054,3.150796538,0,0.000000000,1054,105,10.500,47,0,0,0,0.000000
6,10.679019086,10.684707842,2057,3.155398481,0,0.000000000,1068,103,10.300,47,0,0,14,0.014000
7,10.684883983,10.690903237,2038,3.126252846,0,0.000000000,0,104,10.400,47,0,0,0,0.000000
8,10.691075109,10.696910033,2024,3.104777115,0,0.000000000,37,105,10.500,47,0,0,40,0.040000
9,10.697085130,10.702940273,2045,3.136990711,0,0.000000000,0,105,10.500,48,0,0,33,0.033000
10,10.703121777,10.708891557,2055,3.152330519,0,0.000000000,1054,104,10.400,48,0,0,0,0.000000
11,10.709072245,10.714956520,2066,3.169204308,0,0.000000000,1068,106,10.600,48,0,0,39,0.039000
12,10.715135062,10.720877837,2055,3.152330519,0,0.000000000,1054,105,10.500,46,0,0,0,0.000000
4,10.721055454,10.726940121,2054,3.150796538,0,0.000000000,0,104,10.400,49,0,0,0,0.000000
5,10.727119794,10.732744810,2054,3.150796538,0,0.000000000,1054,105,10.500,47,0,0,0,0.000000
6,10.732920269,10.739070479,2057,3.155398481,0,0.000000000,1068,103,10.300,47,0,0,13,0.013000
7,10.739254361,10.744851686,2038,3.126252846,0,0.000000000,0,104,10.400,47,0,0,0,0.000000
8,10.745070087,10.750848512,2024,3.104777115,0,0.000000000,37,105,10.500,47,0,0,40,0.040000
9,10.751031681,10.756781658,2045,3.136990711,0,0.000000000,0,105,10.500,48,0,0,33,0.033000
10,10.756966375,10.762968759,2055,3.152330519,0,0.000000000,1054,104,10.400,48,0,0,0,0.000000
11,10.763161342,10.769050292,2066,3.169204308,0,0.000000000,1068,106,10.600,48,0,0,38,0.038000
12,10.769248462,10.774939577,2055,3.152330519,0,0.000000000,1054,105,10.500,46,0,0,0,0.000000
4,10.775150398,10.780814801,2054,3.150796538,0,0.000000000,0,104,10.400,49,0,0,0,0.000000
5,10.780997660,10.787033157,2054,3.150796538,0,0.000000000,1054,105,10.500,47,0,0,0,0.000000
6,10.787214634,10.792934154,2057,3.155398481,0,0.000000000,1068,103,10.300,47,0,0,14,0.014000
7,10.793140449,10.799145901,2038,3.126252846,0,0.000000000,0,104,10.400,47,0,0,0,0.000000
8,10.799324623,10.805113830,2024,3.104777115,0,0.000000000,37,105,10.500,47,0,0,40,0.040000
9,10.805301180,10.811002415,2045,3.136990711,0,0.000000000,0,105,10.500,48,0,0,33,0.033000
10,10.811189167,10.816826941,2055,3.152330519,0,0.000000000,1054,104,10.400,48,0,0,0,0.000000
11,10.817001003,10.822772919,2066,3.169204308,0,0.000000000,1068,106,10.600,48,0,0,38,0.038000
12,10.822951339,10.828824862,2055,3.152330519,0,0.000000000,1054,105,10.500,46,0,0,0,0.000000
4,10.829001937,10.834979051,2054,3.150796538,0,0.000000000,0,104,10.400,49,0,0,0,0.000000
5,10.835193316,10.840735495,2054,3.150796538,0,0.000000000,1054,105,10.500,47,0,0,0,0.000000
6,10.840909807,10.846781922,2057,3.155398481,0,0.000000000,1068,103,10.300,47,0,0,13,0.013000
7,10.846973259,10.852716516,2038,3.126252846,0,0.000000000,0,104,10.400,47,0,0,0,0.000000
8,10.852888151,10.858930377,2024,3.104777115,0,0.000000000,37,105,10.500,47,0,0,40,0.040000
9,10.859115729,10.864759935,2045,3.136990711,0,0.000000000,0,105,10.500,48,0,0,33,0.033000
10,10.864965239,10.870820915,2055,3.152330519,0,0.000000000,1054,104,10.400,48,0,0,0,0.000000
11,10.870991668,10.876891724,2066,3.169204308,0,0.000000000,1068,106,10.600,48,0,0,38,0.038000
12,10.877069662,10.882734472,2055,3.152330519,0,0.000000000,1054,105,10.500,46,0,0,0,0.000000
4,10.882906885,10.888926463,2054,3.150796538,0,0.000000000,0,104,10.400,49,0,0,0,0.000000
5,10.889099621,10.894833492,2054,3.150796538,0,0.000000000,1054,105,10.500,47,0,0,0,0.000000
6,10.895008551,10.901085509,2057,3.155398481,0,0.000000000,1068,103,10.300,47,0,0,14,0.014000
7,10.901274263,10.907028658,2038,3.126252846,0,0.000000000,0,104,10.400,47,0,0,0,0.000000
8,10.907210059,10.913067131,2024,3.104777115,0,0.000000000,37,105,10.500,47,0,0,40,0.040000
9,10.913279608,10.918919314,2045,3.136990711,0,0.000000000,0,105,10.500,48,0,0,33,0.033000
10,10.919108742,10.925477686,2055,3.152330519,0,0.000000000,1054,104,10.400,48,0,0,0,0.000000
11,10.925845158,10.930990002,2066,3.169204308,0,0.000000000,1068,106,10.600,48,0,0,38,0.038000
12,10.931366802,10.937221273,2055,3.152330519,0,0.000000000,1054,105,10.500,46,0,0,0,0.000000
4,10.937533647,10.942950147,2054,3.150796538,0,0.000000000,0,104,10.400,49,0,0,0,0.000000
5,10.943164396,10.949142095,2054,3.150796538,0,0.000000000,1054,105,10.500,47,0,0,0,0.000000
6,10.949325485,10.954756921,2057,3.155398481,0,0.000000000,1068,103,10.300,47,0,0,14,0.014000
7,10.954942667,10.961048867,2038,3.126252846,0,0.000000000,0,104,10.400,47,0,0,0,0.000000
8,10.961340961,10.967246707,2024,3.104777115,0,0.000000000,37,105,10.500,47,0,0,40,0.040000
9,10.967505287,10.973161872,2045,3.136990711,0,0.000000000,0,105,10.500,48,0,0,33,0.033000
10,10.973513222,10.979326492,2055,3.152330519,0,0.000000000,1054,104,10.400,48,0,0,0,0.000000
11,10.979632707,10.984926901,2066,3.169204308,0,0.000000000,1068,106,10.600,48,0,0,38,0.038000
12,10.985126827,10.991081043,2055,3.152330519,0,0.000000000,1054,105,10.500,46,0,0,0,0.000000
4,10.991282322,10.997340846,2054,3.150796538,0,0.000000000,0,104,10.400,49,0,0,0,0.000000
5,10.997829585,11.004939757,2054,3.150796538,0,0.000000000,1054,105,10.500,47,0,0,0,0.000000
6,11.005239506,11.020049315,2057,3.155398481,0,0.000000000,1068,103,10.300,47,0,0,14,0.014000
7,11.020385659,11.027695611,2038,3.126252846,0,0.000000000,0,104,10.400,47,0,0,0,0.000000
8,11.027996037,11.064765901,2024,3.104777115,0,0.000000000,37,105,10.500,47,0,0,41,0.041000
9,11.064951058,11.069091947,2045,3.136990711,0,0.000000000,0,105,10.500,48,0,0,33,0.033000
10,11.069300402,11.075721884,2055,3.152330519,0,0.000000000,1054,104,10.400,48,0,0,0,0.000000
11,11.075907126,11.084511366,2066,3.169204308,0,0.000000000,1068,106,10.600,48,0,0,38,0.038000
12,11.084866343,11.093414525,2055,3.152330519,0,0.000000000,1054,105,10.500,46,0,0,0,0.000000
4,11.093617341,11.098921325,2054,3.150796538,0,0.000000000,0,104,10.400,49,0,0,0,0.000000
5,11.099105698,11.105129212,2054,3.150796538,0,0.000000000,1054,105,10.500,47,0,0,0,0.000000
6,11.105309362,11.111109084,2057,3.155398481,0,0.000000000,1068,103,10.300,47,0,0,14,0.014000
7,11.111313667,11.116947788,2038,3.126252846,0,0.000000000,0,104,10.400,47,0,0,0,0.000000
8,11.117149487,11.122792106,2024,3.104777115,0,0.000000000,37,105,10.500,47,0,0,40,0.040000
9,11.122980346,11.128902429,2045,3.136990711,0,0.000000000,0,105,10.500,48,0,0,33,0.033000
10,11.129086287,11.135056786,2055,3.152330519,0,0.000000000,1054,104,10.400,48,0,0,0,0.000000
11,11.135240772,11.142184591,2066,3.169204308,0,0.000000000,1068,106,10.600,48,0,0,38,0.038000
12,11.142600616,11.146901354,2055,3.152330519,0,0.000000000,1054,105,10.500,46,0,0,0,0.000000
4,11.147102170,11.152768896,2054,3.150796538,0,0.000000000,0,104,10.400,49,0,0,0,0.000000
5,11.152953811,11.159319397,2054,3.150796538,0,0.000000000,1054,105,10.500,47,0,0,0,0.000000
6,11.159531391,11.164767169,2057,3.155398481,0,0.000000000,1068,103,10.300,47,0,0,14,0.014000
7,11.164952498,11.170797647,2038,3.126252846,0,0.000000000,0,104,10.400,47,0,0,0,0.000000
8,11.171001513,11.176773007,2024,3.104777115,0,0.000000000,37,105,10.500,47,0,0,40,0.040000
9,11.176959137,11.182785317,2045,3.136990711,0,0.000000000,0,105,10.500,48,0,0,33,0.033000
10,11.182962802,11.188770032,2055,3.152330519,0,0.000000000,1054,104,10.400,48,0,0,0,0.000000
11,11.188988306,11.194919321,2066,3.169204308,0,0.000000000,1068,106,10.600,48,0,0,39,0.039000
12,11.195102546,11.200731256,2055,3.152330519,0,0.000000000,1054,105,10.500,46,0,0,0,0.000000
4,11.200908587,11.206840911,2054,3.150796538,0,0.000000000,0,104,10.400,49,0,0,0,0.000000
5,11.207028501,11.212753133,2054,3.150796538,0,0.000000000,1054,105,10.500,47,0,0,0,0.000000
6,11.212928863,11.218754536,2057,3.155398481,0,0.000000000,1068,103,10.300,47,0,0,13,0.013000
7,11.218927176,11.225041931,2038,3.126252846,0,0.000000000,0,104,10.400,47,0,0,0,0.000000
8,11.225215114,11.230878864,2024,3.104777115,0,0.000000000,37,105,10.500,47,0,0,41,0.041000
9,11.231065107,11.236964224,2045,3.136990711,0,0.000000000,0,105,10.500,48,0,0,33,0.033000
10,11.237174377,11.242922154,2055,3.152330519,0,0.000000000,1054,104,10.400,48,0,0,0,0.000000
11,11.243097001,11.248726842,2066,3.169204308,0,0.000000000,1068,106,10.600,48,0,0,38,0.038000
12,11.248904141,11.254968136,2055,3.152330519,0,0.000000000,1054,105,10.500,46,0,0,0,0.000000
4,11.255160518,11.260945957,2054,3.150796538,0,0.000000000,0,104,10.400,49,0,0,0,0.000000
5,11.261120480,11.266810915,2054,3.150796538,0,0.000000000,1054,105,10.500,47,0,0,0,0.000000
6,11.266989484,11.272897941,2057,3.155398481,0,0.000000000,1068,103,10.300,47,0,0,14,0.014000
7,11.273088986,11.278970651,2038,3.126252846,0,0.000000000,0,104,10.400,47,0,0,0,0.000000
8,11.279142437,11.284842544,2024,3.104777115,0,0.000000000,37,105,10.500,47,0,0,40,0.040000
9,11.285024771,11.290875346,2045,3.136990711,0,0.000000000,0,105,10.500,47,0,0,33,0.033000
10,11.291062817,11.296905466,2055,3.152330519,0,0.000000000,1054,104,10.400,48,0,0,0,0.000000
11,11.297078696,11.302743206,2066,3.169204308,0,0.000000000,1068,106,10.600,48,0,0,38,0.038000
12,11.302928316,11.308769546,2055,3.152330519,0,0.000000000,1054,105,10.500,46,0,0,0,0.000000
4,11.308952282,11.315024048,2054,3.150796538,0,0.000000000,0,104,10.400,49,0,0,0,0.000000
5,11.315207830,11.321013680,2054,3.150796538,0,0.000000000,1054,105,10.500,47,0,0,0,0.000000
6,11.321194859,11.326909824,2057,3.155398481,0,0.000000000,1068,103,10.300,47,0,0,13,0.013000
7,11.327094575,11.332810570,2038,3.126252846,0,0.000000000,0,104,10.400,47,0,0,0,0.000000
8,11.332996592,11.338940404,2024,3.104777115,0,0.000000000,37,105,10.500,47,0,0,40,0.040000
9,11.339190638,11.344794071,2045,3.136990711,0,0.000000000,0,105,10.500,48,0,0,33,0.033000
10,11.344980207,11.350938374,2055,3.152330519,0,0.000000000,1054,104,10.400,48,0,0,0,0.000000
11,11.351125239,11.356903207,2066,3.169204308,0,0.000000000,1068,106,10.600,48,0,0,38,0.038000
12,11.357081151,11.362857782,2055,3.152330519,0,0.000000000,1054,105,10.500,46,0,0,0,0.000000
4,11.363034264,11.368817141,2054,3.150796538,0,0.000000000,0,104,10.400,49,0,0,0,0.000000
5,11.368993590,11.374926963,2054,3.150796538,0,0.000000000,1054,105,10.500,47,0,0,0,0.000000
6,11.375101041,11.380907683,2057,3.155398481,0,0.000000000,1068,103,10.300,47,0,0,14,0.014000
7,11.381104519,11.386680154,2038,3.126252846,0,0.000000000,0,104,10.400,47,0,0,0,0.000000
8,11.386852789,11.392999471,2024,3.104777115,0,0.000000000,37,105,10.500,47,0,0,40,0.040000
9,11.393178416,11.398912370,2045,3.136990711,0,0.000000000,0,105,10.500,48,0,0,33,0.033000
10,11.399099769,11.404942758,2055,3.152330519,0,0.000000000,1054,104,10.400,48,0,0,0,0.000000
11,11.405114961,11.410933976,2066,3.169204308,0,0.000000000,1068,106,10.600,48,0,0,38,0.038000
12,11.411109196,11.416756202,2055,3.152330519,0,0.000000000,1054,105,10.500,46,0,0,0,0.000000
4,11.416940759,11.422723150,2054,3.150796538,0,0.000000000,0,104,10.400,49,0,0,0,0.000000
5,11.422896367,11.428782316,2054,3.150796538,0,0.000000000,1054,105,10.500,47,0,0,0,0.000000
6,11.428956982,11.434943201,2057,3.155398481,0,0.000000000,1068,103,10.300,47,0,0,13,0.013000
7,11.435140036,11.440915794,2038,3.126252846,0,0.000000000,0,104,10.400,47,0,0,0,0.000000
8,11.441094772,11.446792517,2024,3.104777115,0,0.000000000,37,105,10.500,47,0,0,40,0.040000
9,11.446976160,11.466922309,2045,3.136990711,0,0.000000000,0,105,10.500,48,0,0,33,0.033000
10,11.480150389,11.499137742,2055,3.152330519,0,0.000000000,1054,104,10.400,48,0,0,0,0.000000
11,11.499824489,11.515222451,2066,3.169204308,0,0.000000000,1068,106,10.600,48,0,0,37,0.037000
12,11.515889987,11.530964211,2055,3.152330519,0,0.000000000,1054,105,10.500,46,0,0,0,0.000000
4,11.531631489,11.548495327,2054,3.150796538,0,0.000000000,0,104,10.400,49,0,0,0,0.000000
5,11.549144259,11.564512877,2054,3.150796538,0,0.000000000,1054,105,10.500,47,0,0,0,0.000000
6,11.565151119,11.581204267,2057,3.155398481,0,0.000000000,1068,103,10.300,47,0,0,14,0.014000
7,11.581857910,11.597985715,2038,3.126252846,0,0.000000000,0,104,10.400,47,0,0,0,0.000000
8,11.598625627,11.614879300,2024,3.104777115,0,0.000000000,37,105,10.500,47,0,0,40,0.040000
9,11.615544009,11.631220102,2045,3.136990711,0,0.000000000,0,105,10.500,48,0,0,33,0.033000
10,11.631922889,11.648042267,2055,3.152330519,0,0.000000000,1054,104,10.400,48,0,0,0,0.000000
11,11.648762925,11.665826332,2066,3.169204308,0,0.000000000,1068,106,10.600,48,0,0,38,0.038000
12,11.666493902,11.682640242,2055,3.152330519,0,0.000000000,1054,105,10.500,46,0,0,0,0.000000
4,11.683559795,11.698396889,2054,3.150796538,0,0.000000000,0,104,10.400,49,0,0,0,0.000000
5,11.699034350,11.715372800,2054,3.150796538,0,0.000000000,1054,105,10.500,47,0,0,0,0.000000
6,11.716012009,11.731861815,2057,3.155398481,0,0.000000000,1068,103,10.300,47,0,0,13,0.013000
7,11.732526544,11.749291930,2038,3.126252846,0,0.000000000,0,104,10.400,47,0,0,0,0.000000
8,11.750111139,11.766176534,2024,3.104777115,0,0.000000000,37,105,10.500,47,0,0,40,0.040000
9,11.766990637,11.784465289,2045,3.136990711,0,0.000000000,0,105,10.500,48,0,0,33,0.033000
10,11.785889985,11.796528953,2055,3.152330519,0,0.000000000,1054,104,10.400,48,0,0,0,0.000000
11,11.797080733,11.807179183,2066,3.169204308,0,0.000000000,1068,106,10.600,48,0,0,37,0.037000
12,11.807666325,11.814289719,2055,3.152330519,0,0.000000000,1054,105,10.500,46,0,0,0,0.000000
4,11.814857717,11.819521116,2054,3.150796538,0,0.000000000,0,104,10.400,49,0,0,0,0.000000
5,11.819744525,11.825543296,2054,3.150796538,0,0.000000000,1054,105,10.500,47,0,0,0,0.000000
6,11.825955564,11.830864333,2057,3.155398481,0,0.000000000,1068,103,10.300,47,0,0,13,0.013000
7,11.831076270,11.836997849,2038,3.126252846,0,0.000000000,0,104,10.400,47,0,0,0,0.000000
8,11.837173181,11.842647225,2024,3.104777115,0,0.000000000,37,105,10.500,47,0,0,40,0.040000
9,11.842827709,11.848821111,2045,3.136990711,0,0.000000000,0,105,10.500,47,0,0,33,0.033000
10,11.849002230,11.855413865,2055,3.152330519,0,0.000000000,1054,104,10.400,48,0,0,0,0.000000
11,11.855878140,11.860973634,2066,3.169204308,0,0.000000000,1068,106,10.600,48,0,0,38,0.038000
12,11.861160423,11.866906756,2055,3.152330519,0,0.000000000,1054,105,10.500,46,0,0,0,0.000000
4,11.867094520,11.872883167,2054,3.150796538,0,0.000000000,0,104,10.400,49,0,0,0,0.000000
5,11.873059363,11.878655895,2054,3.150796538,0,0.000000000,1054,105,10.500,47,0,0,0,0.000000
6,11.878826355,11.884834494,2057,3.155398481,0,0.000000000,1068,103,10.300,47,0,0,14,0.014000
7,11.885018592,11.890769980,2038,3.126252846,0,0.000000000,0,104,10.400,47,0,0,0,0.000000
8,11.890944110,11.896834640,2024,3.104777115,0,0.000000000,37,105,10.500,47,0,0,40,0.040000
9,11.897015240,11.902967126,2045,3.136990711,0,0.000000000,0,105,10.500,47,0,0,33,0.033000
10,11.903193044,11.908875294,2055,3.152330519,0,0.000000000,1054,104,10.400,48,0,0,0,0.000000
11,11.909049386,11.914861509,2066,3.169204308,0,0.000000000,1068,106,10.600,48,0,0,37,0.037000
12,11.915041428,11.920859138,2055,3.152330519,0,0.000000000,1054,105,10.500,46,0,0,0,0.000000
4,11.921041286,11.926909069,2054,3.150796538,0,0.000000000,0,104,10.400,49,0,0,0,0.000000
5,11.927081729,11.932736130,2054,3.150796538,0,0.000000000,1054,105,10.500,47,0,0,0,0.000000
6,11.932908815,11.938749853,2057,3.155398481,0,0.000000000,1068,103,10.300,47,0,0,14,0.014000
7,11.938915925,11.944704416,2038,3.126252846,0,0.000000000,0,104,10.400,47,0,0,0,0.000000
8,11.944850279,11.950607930,2024,3.104777115,0,0.000000000,37,105,10.500,47,0,0,40,0.040000
9,11.950753925,11.956616607,2045,3.136990711,0,0.000000000,0,105,10.500,48,0,0,33,0.033000
10,11.956763081,11.962617898,2055,3.152330519,0,0.000000000,1054,104,10.400,48,0,0,0,0.000000
11,11.962763012,11.970057435,2066,3.169204308,0,0.000000000,1068,106,10.600,48,0,0,38,0.038000
12,11.970594312,11.974823445,2055,3.152330519,0,0.000000000,1054,105,10.500,46,0,0,0,0.000000
4,11.974969185,11.980793576,2054,3.150796538,0,0.000000000,0,104,10.400,49,0,0,0,0.000000
5,11.980942348,11.986694550,2054,3.150796538,0,0.000000000,1054,105,10.500,47,0,0,0,0.000000
6,11.986840975,11.992783520,2057,3.155398481,0,0.000000000,1068,103,10.300,47,0,0,14,0.014000
7,11.992932694,11.998666169,2038,3.126252846,0,0.000000000,0,104,10.400,47,0,0,0,0.000000
8,11.998817672,12.004790043,2024,3.104777115,0,0.000000000,37,105,10.500,47,0,0,41,0.041000
9,12.004945101,12.010530127,2045,3.136990711,0,0.000000000,0,105,10.500,48,0,0,33,0.033000
10,12.010675971,12.016559190,2055,3.152330519,0,0.000000000,1054,104,10.400,48,0,0,0,0.000000
11,12.016702377,12.022615662,2066,3.169204308,0,0.000000000,1068,106,10.600,48,0,0,38,0.038000
12,12.022761691,12.028859010,2055,3.152330519,0,0.000000000,1054,105,10.500,46,0,0,0,0.000000
4,12.029002911,12.034622752,2054,3.150796538,0,0.000000000,0,104,10.400,49,0,0,0,0.000000
5,12.034760466,12.040509553,2054,3.150796538,0,0.000000000,1054,105,10.500,47,0,0,0,0.000000
6,12.040641837,12.046402856,2057,3.155398481,0,0.000000000,1068,103,10.300,47,0,0,14,0.014000
7,12.046520814,12.052421939,2038,3.126252846,0,0.000000000,0,104,10.400,47,0,0,0,0.000000
8,12.052539012,12.058753195,2024,3.104777115,0,0.000000000,37,105,10.500,47,0,0,40,0.040000
9,12.058950494,12.064653411,2045,3.136990711,0,0.000000000,0,105,10.500,48,0,0,33,0.033000
10,12.064778452,12.070527539,2055,3.152330519,0,0.000000000,1054,104,10.400,48,0,0,0,0.000000
11,12.070668221,12.076704875,2066,3.169204308,0,0.000000000,1068,106,10.600,48,0,0,38,0.038000
12,12.076855781,12.082596980,2055,3.152330519,0,0.000000000,1054,105,10.500,46,0,0,0,0.000000
4,12.082752805,12.088674207,2054,3.150796538,0,0.000000000,0,104,10.400,49,0,0,0,0.000000
5,12.088820000,12.094640160,2054,3.150796538,0,0.000000000,1054,105,10.500,47,0,0,0,0.000000
6,12.094786764,12.100692060,2057,3.155398481,0,0.000000000,1068,103,10.300,47,0,0,14,0.014000
7,12.100841835,12.106610539,2038,3.126252846,0,0.000000000,0,104,10.400,47,0,0,0,0.000000
8,12.106752614,12.112630884,2024,3.104777115,0,0.000000000,37,105,10.500,47,0,0,41,0.041000
9,12.112778864,12.118564104,2045,3.136990711,0,0.000000000,0,105,10.500,48,0,0,33,0.033000
10,12.118711694,12.124487273,2055,3.152330519,0,0.000000000,1054,104,10.400,48,0,0,0,0.000000
11,12.124630392,12.130618728,2066,3.169204308,0,0.000000000,1068,106,10.600,48,0,0,39,0.039000
12,12.130759629,12.136510556,2055,3.152330519,0,0.000000000,1054,105,10.500,46,0,0,0,0.000000
4,12.136630601,12.142833183,2054,3.150796538,0,0.000000000,0,104,10.400,49,0,0,0,0.000000
5,12.142949284,12.149162684,2054,3.150796538,0,0.000000000,1054,105,10.500,47,0,0,0,0.000000
6,12.149280534,12.155435139,2057,3.155398481,0,0.000000000,1068,103,10.300,47,0,0,13,0.013000
7,12.155618900,12.160776033,2038,3.126252846,0,0.000000000,0,104,10.400,47,0,0,0,0.000000
8,12.160937781,12.166551919,2024,3.104777115,0,0.000000000,37,105,10.500,47,0,0,41,0.041000
9,12.166695557,12.172904818,2045,3.136990711,0,0.000000000,0,105,10.500,47,0,0,33,0.033000
10,12.173067509,12.178672245,2055,3.152330519,0,0.000000000,1054,104,10.400,48,0,0,0,0.000000
11,12.178847564,12.184886126,2066,3.169204308,0,0.000000000,1068,106,10.600,48,0,0,38,0.038000
12,12.185094769,12.190597606,2055,3.152330519,0,0.000000000,1054,105,10.500,46,0,0,0,0.000000
4,12.190772810,12.196751496,2054,3.150796538,0,0.000000000,0,104,10.400,49,0,0,0,0.000000
5,12.196924839,12.202683677,2054,3.150796538,0,0.000000000,1054,105,10.500,47,0,0,0,0.000000
6,12.202866829,12.208893499,2057,3.155398481,0,0.000000000,1068,103,10.300,47,0,0,13,0.013000
7,12.209073412,12.214855244,2038,3.126252846,0,0.000000000,0,104,10.400,47,0,0,0,0.000000
8,12.215060957,12.220747309,2024,3.104777115,0,0.000000000,37,105,10.500,47,0,0,40,0.040000
9,12.220927909,12.226901706,2045,3.136990711,0,0.000000000,0,105,10.500,48,0,0,33,0.033000
10,12.227080924,12.232707740,2055,3.152330519,0,0.000000000,1054,104,10.400,48,0,0,0,0.000000
11,12.232899557,12.238624328,2066,3.169204308,0,0.000000000,1068,106,10.600,48,0,0,38,0.038000
12,12.238802022,12.244878188,2055,3.152330519,0,0.000000000,1054,105,10.500,46,0,0,0,0.000000
4,12.245052834,12.250816525,2054,3.150796538,0,0.000000000,0,104,10.400,49,0,0,0,0.000000
5,12.250990087,12.257151209,2054,3.150796538,0,0.000000000,1054,105,10.500,47,0,0,0,0.000000
6,12.257352860,12.262784244,2057,3.155398481,0,0.000000000,1068,103,10.300,47,0,0,14,0.014000
7,12.262970068,12.268747128,2038,3.126252846,0,0.000000000,0,104,10.400,47,0,0,0,0.000000
8,12.268938606,12.274690624,2024,3.104777115,0,0.000000000,37,105,10.500,47,0,0,40,0.040000
9,12.274872161,12.280753838,2045,3.136990711,0,0.000000000,0,105,10.500,48,0,0,33,0.033000
10,12.280934714,12.287043614,2055,3.152330519,0,0.000000000,1054,104,10.400,48,0,0,0,0.000000
11,12.287222391,12.292709934,2066,3.169204308,0,0.000000000,1068,106,10.600,48,0,0,39,0.039000
12,12.292905150,12.298843516,2055,3.152330519,0,0.000000000,1054,105,10.500,46,0,0,0,0.000000
4,12.299065464,12.304937072,2054,3.150796538,0,0.000000000,0,104,10.400,49,0,0,0,0.000000
5,12.305117683,12.310797134,2054,3.150796538,0,0.000000000,1054,105,10.500,47,0,0,0,0.000000
6,12.310972456,12.316668055,2057,3.155398481,0,0.000000000,1068,103,10.300,47,0,0,13,0.013000
7,12.316860745,12.322626230,2038,3.126252846,0,0.000000000,0,104,10.400,47,0,0,0,0.000000
8,12.322812212,12.328662639,2024,3.104777115,0,0.000000000,37,105,10.500,47,0,0,41,0.041000
9,12.328841760,12.334980407,2045,3.136990711,0,0.000000000,0,105,10.500,48,0,0,33,0.033000
10,12.335192164,12.340779332,2055,3.152330519,0,0.000000000,1054,104,10.400,48,0,0,0,0.000000
11,12.340953790,12.346765278,2066,3.169204308,0,0.000000000,1068,106,10.600,48,0,0,38,0.038000
12,12.346944449,12.352849706,2055,3.152330519,0,0.000000000,1054,105,10.500,46,0,0,0,0.000000
4,12.353040924,12.358826027,2054,3.150796538,0,0.000000000,0,104,10.400,49,0,0,0,0.000000
5,12.359006108,12.364655392,2054,3.150796538,0,0.000000000,1054,105,10.500,47,0,0,0,0.000000
6,12.364837780,12.370908293,2057,3.155398481,0,0.000000000,1068,103,10.300,47,0,0,14,0.014000
7,12.371105914,12.376955707,2038,3.126252846,0,0.000000000,0,104,10.400,47,0,0,0,0.000000
8,12.377145832,12.382886841,2024,3.104777115,0,0.000000000,37,105,10.500,47,0,0,40,0.040000
9,12.383071817,12.388728915,2045,3.136990711,0,0.000000000,0,105,10.500,48,0,0,33,0.033000
10,12.388930065,12.394793011,2055,3.152330519,0,0.000000000,1054,104,10.400,48,0,0,0,0.000000
11,12.394971873,12.400772485,2066,3.169204308,0,0.000000000,1068,106,10.600,48,0,0,38,0.038000
12,12.400952040,12.406838757,2055,3.152330519,0,0.000000000,1054,105,10.500,46,0,0,0,0.000000
4,12.407029182,12.412876125,2054,3.150796538,0,0.000000000,0,104,10.400,49,0,0,0,0.000000
5,12.413048876,12.418601268,2054,3.150796538,0,0.000000000,1054,105,10.500,47,0,0,0,0.000000
6,12.418778449,12.424757778,2057,3.155398481,0,0.000000000,1068,103,10.300,47,0,0,13,0.013000
7,12.424938648,12.430778086,2038,3.126252846,0,0.000000000,0,104,10.400,47,0,0,0,0.000000
8,12.430973804,12.436743702,2024,3.104777115,0,0.000000000,37,105,10.500,47,0,0,40,0.040000
9,12.436924264,12.442870811,2045,3.136990711,0,0.000000000,0,105,10.500,48,0,0,33,0.033000
10,12.443056979,12.448562148,2055,3.152330519,0,0.000000000,1054,104,10.400,48,0,0,0,0.000000
11,12.448737957,12.454600141,2066,3.169204308,0,0.000000000,1068,106,10.600,48,0,0,38,0.038000
12,12.454780782,12.460902961,2055,3.152330519,0,0.000000000,1054,105,10.500,46,0,0,0,0.000000
4,12.461080765,12.466637838,2054,3.150796538,0,0.000000000,0,104,10.400,49,0,0,0,0.000000
5,12.466859461,12.472647444,2054,3.150796538,0,0.000000000,1054,105,10.500,47,0,0,0,0.000000
6,12.472932710,12.478945258,2057,3.155398481,0,0.000000000,1068,103,10.300,47,0,0,14,0.014000
7,12.479133349,12.484701667,2038,3.126252846,0,0.000000000,0,104,10.400,47,0,0,0,0.000000
8,12.484906097,12.490793218,2024,3.104777115,0,0.000000000,37,105,10.500,47,0,0,40,0.040000
9,12.490971200,12.496758580,2045,3.136990711,0,0.000000000,0,105,10.500,48,0,0,33,0.033000
10,12.496945514,12.502769548,2055,3.152330519,0,0.000000000,1054,104,10.400,48,0,0,0,0.000000
11,12.502942928,12.508717913,2066,3.169204308,0,0.000000000,1068,106,10.600,48,0,0,38,0.038000
12,12.508894574,12.514805560,2055,3.152330519,0,0.000000000,1054,105,10.500,46,0,0,0,0.000000
4,12.514992376,12.520576662,2054,3.150796538,0,0.000000000,0,104,10.400,49,0,0,0,0.000000
5,12.520745573,12.526688054,2054,3.150796538,0,0.000000000,1054,105,10.500,47,0,0,0,0.000000
6,12.526854488,12.532712166,2057,3.155398481,0,0.000000000,1068,103,10.300,47,0,0,13,0.013000
7,12.532882203,12.538556226,2038,3.126252846,0,0.000000000,0,104,10.400,47,0,0,0,0.000000
8,12.538717638,12.544573952,2024,3.104777115,0,0.000000000,37,105,10.500,47,0,0,40,0.040000
9,12.544719964,12.550633803,2045,3.136990711,0,0.000000000,0,105,10.500,48,0,0,33,0.033000
10,12.550781593,12.556642180,2055,3.152330519,0,0.000000000,1054,104,10.400,48,0,0,0,0.000000
11,12.556785056,12.562485791,2066,3.169204308,0,0.000000000,1068,106,10.600,48,0,0,38,0.038000
12,12.562631443,12.568646237,2055,3.152330519,0,0.000000000,1054,105,10.500,46,0,0,0,0.000000
4,12.568792903,12.574531573,2054,3.150796538,0,0.000000000,0,104,10.400,49,0,0,0,0.000000
5,12.574677617,12.580621311,2054,3.150796538,0,0.000000000,1054,105,10.500,47,0,0,0,0.000000
6,12.580787592,12.586583370,2057,3.155398481,0,0.000000000,1068,103,10.300,47,0,0,14,0.014000
7,12.586741015,12.592517586,2038,3.126252846,0,0.000000000,0,104,10.400,47,0,0,0,0.000000
8,12.592673482,12.598695552,2024,3.104777115,0,0.000000000,37,105,10.500,47,0,0,40,0.040000
9,12.598877827,12.604813361,2045,3.136990711,0,0.000000000,0,105,10.500,48,0,0,33,0.033000
10,12.605079835,12.610691415,2055,3.152330519,0,0.000000000,1054,104,10.400,48,0,0,0,0.000000
11,12.610870457,12.616598128,2066,3.169204308,0,0.000000000,1068,106,10.600,48,0,0,38,0.038000
12,12.616787807,12.622610628,2055,3.152330519,0,0.000000000,1054,105,10.500,46,0,0,0,0.000000
4,12.622789174,12.628761946,2054,3.150796538,0,0.000000000,0,104,10.400,49,0,0,0,0.000000
5,12.628935342,12.634975675,2054,3.150796538,0,0.000000000,1054,105,10.500,47,0,0,0,0.000000
6,12.635237071,12.640674139,2057,3.155398481,0,0.000000000,1068,103,10.300,47,0,0,14,0.014000
7,12.640852129,12.646489253,2038,3.126252846,0,0.000000000,0,104,10.400,47,0,0,0,0.000000
8,12.646659192,12.652659992,2024,3.104777115,0,0.000000000,37,105,10.500,47,0,0,40,0.040000
9,12.652836695,12.658488193,2045,3.136990711,0,0.000000000,0,105,10.500,47,0,0,33,0.033000
10,12.658659453,12.664544613,2055,3.152330519,0,0.000000000,1054,104,10.400,48,0,0,0,0.000000
11,12.664713186,12.670969126,2066,3.169204308,0,0.000000000,1068,106,10.600,48,0,0,38,0.038000
12,12.671150439,12.676539981,2055,3.152330519,0,0.000000000,1054,105,10.500,46,0,0,0,0.000000
4,12.676718512,12.682698608,2054,3.150796538,0,0.000000000,0,104,10.400,49,0,0,0,0.000000
5,12.682880671,12.688604607,2054,3.150796538,0,0.000000000,1054,105,10.500,47,0,0,0,0.000000
6,12.688783982,12.694609869,2057,3.155398481,0,0.000000000,1068,103,10.300,47,0,0,13,0.013000
7,12.694787408,12.700749836,2038,3.126252846,0,0.000000000,0,104,10.400,47,0,0,0,0.000000
8,12.700933610,12.706627769,2024,3.104777115,0,0.000000000,37,105,10.500,47,0,0,40,0.040000
9,12.706820273,12.712956805,2045,3.136990711,0,0.000000000,0,105,10.500,48,0,0,33,0.033000
10,12.713184550,12.718764362,2055,3.152330519,0,0.000000000,1054,104,10.400,48,0,0,0,0.000000
11,12.718948814,12.724788978,2066,3.169204308,0,0.000000000,1068,106,10.600,48,0,0,38,0.038000
12,12.724968507,12.730795358,2055,3.152330519,0,0.000000000,1054,105,10.500,46,0,0,0,0.000000
4,12.730991232,12.736784491,2054,3.150796538,0,0.000000000,0,104,10.400,49,0,0,0,0.000000
5,12.736964174,12.742568979,2054,3.150796538,0,0.000000000,1054,105,10.500,47,0,0,0,0.000000
6,12.742742108,12.748626290,2057,3.155398481,0,0.000000000,1068,103,10.300,47,0,0,14,0.014000
7,12.748801330,12.754506785,2038,3.126252846,0,0.000000000,0,104,10.400,47,0,0,0,0.000000
8,12.754678783,12.760624989,2024,3.104777115,0,0.000000000,37,105,10.500,47,0,0,40,0.040000
9,12.760800231,12.766659585,2045,3.136990711,0,0.000000000,0,105,10.500,47,0,0,33,0.033000
10,12.766832608,12.772652037,2055,3.152330519,0,0.000000000,1054,104,10.400,48,0,0,0,0.000000
11,12.772831113,12.778611224,2066,3.169204308,0,0.000000000,1068,106,10.600,48,0,0,38,0.038000
12,12.778836515,12.784566155,2055,3.152330519,0,0.000000000,1054,104,10.400,46,0,0,0,0.000000
4,12.784745862,12.790559143,2054,3.150796538,0,0.000000000,0,104,10.400,49,0,0,0,0.000000
5,12.790735331,12.796545528,2054,3.150796538,0,0.000000000,1054,105,10.500,47,0,0,0,0.000000
6,12.796734243,12.802776188,2057,3.155398481,0,0.000000000,1068,103,10.300,47,0,0,14,0.014000
7,12.802960243,12.809755881,2038,3.126252846,0,0.000000000,0,104,10.400,47,0,0,0,0.000000
8,12.809997248,12.814659753,2024,3.104777115,0,0.000000000,37,105,10.500,47,0,0,41,0.041000
9,12.814869459,12.820724294,2045,3.136990711,0,0.000000000,0,105,10.500,48,0,0,33,0.033000
10,12.820909534,12.826760328,2055,3.152330519,0,0.000000000,1054,104,10.400,48,0,0,0,0.000000
11,12.826941186,12.832822272,2066,3.169204308,0,0.000000000,1068,106,10.600,48,0,0,38,0.038000
12,12.833016414,12.838749895,2055,3.152330519,0,0.000000000,1054,104,10.400,46,0,0,0,0.000000
4,12.838925450,12.844678599,2054,3.150796538,0,0.000000000,0,104,10.400,49,0,0,0,0.000000
5,12.844867282,12.851061682,2054,3.150796538,0,0.000000000,1054,105,10.500,47,0,0,0,0.000000
6,12.851247733,12.856691433,2057,3.155398481,0,0.000000000,1068,103,10.300,47,0,0,14,0.014000
7,12.856875213,12.862625949,2038,3.126252846,0,0.000000000,0,104,10.400,47,0,0,0,0.000000
8,12.862807011,12.868910792,2024,3.104777115,0,0.000000000,37,105,10.500,47,0,0,40,0.040000
9,12.869096442,12.874689375,2045,3.136990711,0,0.000000000,0,105,10.500,47,0,0,33,0.033000
10,12.874890199,12.880737148,2055,3.152330519,0,0.000000000,1054,104,10.400,48,0,0,0,0.000000
11,12.880916699,12.886619037,2066,3.169204308,0,0.000000000,1068,106,10.600,48,0,0,38,0.038000
12,12.886806813,12.892717423,2055,3.152330519,0,0.000000000,1054,104,10.400,46,0,0,0,0.000000
4,12.892895228,12.898674962,2054,3.150796538,0,0.000000000,0,104,10.400,49,0,0,0,0.000000
5,12.898855888,12.904602224,2054,3.150796538,0,0.000000000,1054,105,10.500,47,0,0,0,0.000000
6,12.904788033,12.911017219,2057,3.155398481,0,0.000000000,1068,103,10.300,47,0,0,13,0.013000
7,12.911270663,12.916553748,2038,3.126252846,0,0.000000000,0,104,10.400,47,0,0,0,0.000000
8,12.916740597,12.922679967,2024,3.104777115,0,0.000000000,37,105,10.500,47,0,0,40,0.040000
9,12.922904307,12.928670910,2045,3.136990711,0,0.000000000,0,105,10.500,47,0,0,33,0.033000
10,12.928858629,12.934854484,2055,3.152330519,0,0.000000000,1054,104,10.400,48,0,0,0,0.000000
11,12.935034152,12.940805207,2066,3.169204308,0,0.000000000,1068,106,10.600,48,0,0,39,0.039000
12,12.941183951,12.946989255,2055,3.152330519,0,0.000000000,1054,104,10.400,46,0,0,0,0.000000
4,12.947187750,12.953281954,2054,3.150796538,0,0.000000000,0,104,10.400,49,0,0,0,0.000000
5,12.953709026,12.959567912,2054,3.150796538,0,0.000000000,1054,105,10.500,47,0,0,0,0.000000
6,12.959970454,12.964834342,2057,3.155398481,0,0.000000000,1068,103,10.300,47,0,0,13,0.013000
7,12.965035626,12.970862219,2038,3.126252846,0,0.000000000,0,104,10.400,47,0,0,0,0.000000
8,12.971339549,12.977080598,2024,3.104777115,0,0.000000000,37,105,10.500,47,0,0,40,0.040000
9,12.977298707,12.983108070,2045,3.136990711,0,0.000000000,0,105,10.500,48,0,0,33,0.033000
10,12.983380313,12.988632882,2055,3.152330519,0,0.000000000,1054,104,10.400,48,0,0,0,0.000000
11,12.988817644,12.994859190,2066,3.169204308,0,0.000000000,1068,106,10.600,48,0,0,38,0.038000
12,12.995115897,13.000962129,2055,3.152330519,0,0.000000000,1054,104,10.400,46,0,0,0,0.000000
4,13.001281452,13.006585466,2054,3.150796538,0,0.000000000,0,104,10.400,49,0,0,0,0.000000
5,13.006765176,13.012680243,2054,3.150796538,0,0.000000000,1054,105,10.500,47,0,0,0,0.000000
6,13.012881351,13.018559857,2057,3.155398481,0,0.000000000,1068,103,10.300,47,0,0,14,0.014000
7,13.018737802,13.024793793,2038,3.126252846,0,0.000000000,0,104,10.400,47,0,0,0,0.000000
8,13.025045467,13.030546969,2024,3.104777115,0,0.000000000,37,105,10.500,47,0,0,40,0.040000
9,13.030734912,13.036847973,2045,3.136990711,0,0.000000000,0,105,10.500,47,0,0,33,0.033000
10,13.037036107,13.042729403,2055,3.152330519,0,0.000000000,1054,104,10.400,48,0,0,0,0.000000
11,13.042916654,13.048563359,2066,3.169204308,0,0.000000000,1068,106,10.600,48,0,0,39,0.039000
12,13.048742967,13.054680000,2055,3.152330519,0,0.000000000,1054,104,10.400,46,0,0,0,0.000000
4,13.054843242,13.061325905,2054,3.150796538,0,0.000000000,0,104,10.400,49,0,0,0,0.000000
5,13.061514262,13.067963414,2054,3.150796538,0,0.000000000,1054,105,10.500,47,0,0,0,0.000000
6,13.068142251,13.072858536,2057,3.155398481,0,0.000000000,1068,103,10.300,47,0,0,14,0.014000
7,13.073042529,13.078589429,2038,3.126252846,0,0.000000000,0,104,10.400,47,0,0,0,0.000000
8,13.078780172,13.084881047,2024,3.104777115,0,0.000000000,37,105,10.500,47,0,0,40,0.040000
9,13.085063456,13.090517182,2045,3.136990711,0,0.000000000,0,105,10.500,48,0,0,33,0.033000
10,13.090696446,13.097205576,2055,3.152330519,0,0.000000000,1054,104,10.400,48,0,0,0,0.000000
11,13.097502436,13.102578839,2066,3.169204308,0,0.000000000,1068,106,10.600,48,0,0,38,0.038000
12,13.102766778,13.108817669,2055,3.152330519,0,0.000000000,1054,105,10.500,46,0,0,0,0.000000
4,13.108993816,13.114623777,2054,3.150796538,0,0.000000000,0,104,10.400,49,0,0,0,0.000000
5,13.114837274,13.120634902,2054,3.150796538,0,0.000000000,1054,105,10.500,47,0,0,0,0.000000
6,13.120811362,13.127026817,2057,3.155398481,0,0.000000000,1068,103,10.300,47,0,0,14,0.014000
7,13.127337255,13.132615042,2038,3.126252846,0,0.000000000,0,104,10.400,47,0,0,0,0.000000
8,13.132778467,13.138856005,2024,3.104777115,0,0.000000000,37,105,10.500,47,0,0,40,0.040000
9,13.139034815,13.144691528,2045,3.136990711,0,0.000000000,0,105,10.500,48,0,0,33,0.033000
10,13.144872825,13.150716926,2055,3.152330519,0,0.000000000,1054,104,10.400,48,0,0,0,0.000000
11,13.150878914,13.156635347,2066,3.169204308,0,0.000000000,1068,106,10.600,48,0,0,38,0.038000
12,13.156785605,13.162664248,2055,3.152330519,0,0.000000000,1054,105,10.500,46,0,0,0,0.000000
4,13.162829130,13.168474051,2054,3.150796538,0,0.000000000,0,104,10.400,49,0,0,0,0.000000
5,13.168618875,13.174366150,2054,3.150796538,0,0.000000000,1054,105,10.500,47,0,0,0,0.000000
6,13.174510428,13.180597287,2057,3.155398481,0,0.000000000,1068,103,10.300,47,0,0,13,0.013000
7,13.180742722,13.186865269,2038,3.126252846,0,0.000000000,0,104,10.400,47,0,0,0,0.000000
8,13.187014486,13.192660771,2024,3.104777115,0,0.000000000,37,105,10.500,47,0,0,40,0.040000
9,13.192818871,13.198589024,2045,3.136990711,0,0.000000000,0,105,10.500,48,0,0,33,0.033000
10,13.198749957,13.204593785,2055,3.152330519,0,0.000000000,1054,104,10.400,48,0,0,0,0.000000
11,13.204747643,13.210558482,2066,3.169204308,0,0.000000000,1068,106,10.600,48,0,0,38,0.038000
12,13.210731482,13.216638134,2055,3.152330519,0,0.000000000,1054,105,10.500,46,0,0,0,0.000000
4,13.216812967,13.222791302,2054,3.150796538,0,0.000000000,0,104,10.400,49,0,0,0,0.000000
5,13.222965690,13.228737252,2054,3.150796538,0,0.000000000,1054,105,10.500,47,0,0,0,0.000000
6,13.228928492,13.234712514,2057,3.155398481,0,0.000000000,1068,103,10.300,47,0,0,13,0.013000
7,13.234889614,13.240603279,2038,3.126252846,0,0.000000000,0,104,10.400,47,0,0,0,0.000000
8,13.240778337,13.246609377,2024,3.104777115,0,0.000000000,37,105,10.500,47,0,0,40,0.040000
9,13.246791747,13.252666761,2045,3.136990711,0,0.000000000,0,105,10.500,48,0,0,33,0.033000
10,13.252845803,13.258732782,2055,3.152330519,0,0.000000000,1054,104,10.400,48,0,0,0,0.000000
11,13.258906305,13.264574386,2066,3.169204308,0,0.000000000,1068,106,10.600,48,0,0,38,0.038000
12,13.264764569,13.270683448,2055,3.152330519,0,0.000000000,1054,105,10.500,46,0,0,0,0.000000
4,13.270839967,13.276425155,2054,3.150796538,0,0.000000000,0,104,10.400,49,0,0,0,0.000000
5,13.276569701,13.282542605,2054,3.150796538,0,0.000000000,1054,105,10.500,47,0,0,0,0.000000
6,13.282687313,13.288496502,2057,3.155398481,0,0.000000000,1068,103,10.300,47,0,0,13,0.013000
7,13.288656506,13.294669897,2038,3.126252846,0,0.000000000,0,104,10.400,47,0,0,0,0.000000
8,13.294835826,13.300739950,2024,3.104777115,0,0.000000000,37,105,10.500,47,0,0,40,0.040000
9,13.300907354,13.306788478,2045,3.136990711,0,0.000000000,0,105,10.500,48,0,0,33,0.033000
10,13.306956987,13.312737161,2055,3.152330519,0,0.000000000,1054,104,10.400,48,0,0,0,0.000000
11,13.312908054,13.318827524,2066,3.169204308,0,0.000000000,1068,106,10.600,48,0,0,39,0.039000
12,13.319001293,13.324788910,2055,3.152330519,0,0.000000000,1054,105,10.500,46,0,0,0,0.000000
4,13.324971852,13.330611181,2054,3.150796538,0,0.000000000,0,104,10.400,49,0,0,0,0.000000
5,13.330786512,13.336568519,2054,3.150796538,0,0.000000000,1054,105,10.500,47,0,0,0,0.000000
6,13.336745082,13.342602325,2057,3.155398481,0,0.000000000,1068,103,10.300,48,0,0,14,0.014000
7,13.342807384,13.348922322,2038,3.126252846,0,0.000000000,0,104,10.400,47,0,0,0,0.000000
8,13.349120600,13.354935271,2024,3.104777115,0,0.000000000,37,105,10.500,47,0,0,41,0.041000
9,13.355162975,13.360729369,2045,3.136990711,0,0.000000000,0,105,10.500,48,0,0,33,0.033000
10,13.360933192,13.366727736,2055,3.152330519,0,0.000000000,1054,104,10.400,48,0,0,0,0.000000
11,13.366900139,13.372457326,2066,3.169204308,0,0.000000000,1068,106,10.600,48,0,0,38,0.038000
12,13.372623173,13.378594253,2055,3.152330519,0,0.000000000,1054,105,10.500,46,0,0,0,0.000000
4,13.378760949,13.384394331,2054,3.150796538,0,0.000000000,0,104,10.400,49,0,0,0,0.000000
5,13.384577062,13.390887611,2054,3.150796538,0,0.000000000,1054,105,10.500,47,0,0,0,0.000000
6,13.391089681,13.396738002,2057,3.155398481,0,0.000000000,1068,103,10.300,47,0,0,14,0.014000
7,13.396947873,13.402674729,2038,3.126252846,0,0.000000000,0,104,10.400,47,0,0,0,0.000000
8,13.402874870,13.408741608,2024,3.104777115,0,0.000000000,37,105,10.500,47,0,0,40,0.040000
9,13.408948133,13.414611508,2045,3.136990711,0,0.000000000,0,105,10.500,48,0,0,33,0.033000
10,13.414817975,13.420694403,2055,3.152330519,0,0.000000000,1054,104,10.400,48,0,0,0,0.000000
11,13.420904988,13.426691275,2066,3.169204308,0,0.000000000,1068,106,10.600,48,0,0,38,0.038000
12,13.426868150,13.432733819,2055,3.152330519,0,0.000000000,1054,105,10.500,46,0,0,0,0.000000
4,13.432970339,13.438802954,2054,3.150796538,0,0.000000000,0,104,10.400,49,0,0,0,0.000000
5,13.438999226,13.444742339,2054,3.150796538,0,0.000000000,1054,105,10.500,47,0,0,0,0.000000
6,13.444941987,13.450896838,2057,3.155398481,0,0.000000000,1068,103,10.300,47,0,0,14,0.014000
7,13.451152891,13.456574658,2038,3.126252846,0,0.000000000,0,104,10.400,47,0,0,0,0.000000
8,13.456746132,13.462493623,2024,3.104777115,0,0.000000000,37,105,10.500,47,0,0,40,0.040000
9,13.462681566,13.468600567,2045,3.136990711,0,0.000000000,0,105,10.500,48,0,0,33,0.033000
10,13.468779287,13.474505981,2055,3.152330519,0,0.000000000,1054,104,10.400,48,0,0,0,0.000000
11,13.474672117,13.480494653,2066,3.169204308,0,0.000000000,1068,106,10.600,48,0,0,39,0.039000
12,13.480660206,13.486570606,2055,3.152330519,0,0.000000000,1054,105,10.500,46,0,0,0,0.000000
4,13.486810516,13.492557566,2054,3.150796538,0,0.000000000,0,104,10.400,49,0,0,0,0.000000
5,13.492726520,13.498753154,2054,3.150796538,0,0.000000000,1054,105,10.500,47,0,0,0,0.000000
6,13.498930815,13.504629869,2057,3.155398481,0,0.000000000,1068,103,10.300,47,0,0,13,0.013000
7,13.504803224,13.510775727,2038,3.126252846,0,0.000000000,0,104,10.400,47,0,0,0,0.000000
8,13.510950508,13.516657047,2024,3.104777115,0,0.000000000,37,105,10.500,47,0,0,40,0.040000
9,13.516838142,13.522631841,2045,3.136990711,0,0.000000000,0,105,10.500,47,0,0,33,0.033000
10,13.522813625,13.528758426,2055,3.152330519,0,0.000000000,1054,104,10.400,48,0,0,0,0.000000
11,13.528965851,13.534678855,2066,3.169204308,0,0.000000000,1068,106,10.600,48,0,0,38,0.038000
12,13.534858608,13.541248633,2055,3.152330519,0,0.000000000,1054,105,10.500,46,0,0,0,0.000000
4,13.541510436,13.546847366,2054,3.150796538,0,0.000000000,0,104,10.400,49,0,0,0,0.000000
5,13.547027840,13.552633517,2054,3.150796538,0,0.000000000,1054,105,10.500,47,0,0,0,0.000000
6,13.552808030,13.558539227,2057,3.155398481,0,0.000000000,1068,103,10.300,47,0,0,13,0.013000
7,13.558709924,13.564563013,2038,3.126252846,0,0.000000000,0,104,10.400,47,0,0,0,0.000000
8,13.564731949,13.570644813,2024,3.104777115,0,0.000000000,37,105,10.500,47,0,0,40,0.040000
9,13.570800031,13.576585474,2045,3.136990711,0,0.000000000,0,105,10.500,48,0,0,33,0.033000
10,13.576789379,13.582581096,2055,3.152330519,0,0.000000000,1054,104,10.400,48,0,0,0,0.000000
11,13.582759194,13.588616461,2066,3.169204308,0,0.000000000,1068,106,10.600,48,0,0,38,0.038000
12,13.588770073,13.594489034,2055,3.152330519,0,0.000000000,1054,105,10.500,46,0,0,0,0.000000
4,13.594655330,13.600641563,2054,3.150796538,0,0.000000000,0,104,10.400,49,0,0,0,0.000000
5,13.600795291,13.607361166,2054,3.150796538,0,0.000000000,1054,105,10.500,47,0,0,0,0.000000
6,13.607622009,13.612479288,2057,3.155398481,0,0.000000000,1068,103,10.300,47,0,0,13,0.013000
7,13.612653886,13.618660126,2038,3.126252846,0,0.000000000,0,104,10.400,47,0,0,0,0.000000
8,13.618834373,13.624657321,2024,3.104777115,0,0.000000000,37,105,10.500,47,0,0,40,0.040000
9,13.624838559,13.630654108,2045,3.136990711,0,0.000000000,0,105,10.500,47,0,0,33,0.033000
10,13.630836778,13.636891599,2055,3.152330519,0,0.000000000,1054,104,10.400,48,0,0,0,0.000000
11,13.637089796,13.642669133,2066,3.169204308,0,0.000000000,1068,106,10.600,48,0,0,38,0.038000
12,13.642871294,13.648637008,2055,3.152330519,0,0.000000000,1054,105,10.500,46,0,0,0,0.000000
4,13.648841716,13.654699008,2054,3.150796538,0,0.000000000,0,104,10.400,49,0,0,0,0.000000
5,13.654897521,13.660777802,2054,3.150796538,0,0.000000000,1054,105,10.500,47,0,0,0,0.000000
6,13.660975522,13.666628612,2057,3.155398481,0,0.000000000,1068,103,10.300,47,0,0,14,0.014000
7,13.666799951,13.672598080,2038,3.126252846,0,0.000000000,0,104,10.400,47,0,0,0,0.000000
8,13.672765076,13.678383473,2024,3.104777115,0,0.000000000,37,105,10.500,47,0,0,40,0.040000
9,13.678556269,13.684681410,2045,3.136990711,0,0.000000000,0,105,10.500,48,0,0,33,0.033000
10,13.684850922,13.690807596,2055,3.152330519,0,0.000000000,1054,104,10.400,48,0,0,0,0.000000
11,13.690982158,13.696680867,2066,3.169204308,0,0.000000000,1068,106,10.600,48,0,0,38,0.038000
12,13.696861367,13.702819030,2055,3.152330519,0,0.000000000,1054,105,10.500,46,0,0,0,0.000000
4,13.702988576,13.708628107,2054,3.150796538,0,0.000000000,0,104,10.400,49,0,0,0,0.000000
5,13.708790411,13.714785364,2054,3.150796538,0,0.000000000,1054,105,10.500,47,0,0,0,0.000000
6,13.714966537,13.720771056,2057,3.155398481,0,0.000000000,1068,103,10.300,47,0,0,13,0.013000
7,13.720949048,13.726601937,2038,3.126252846,0,0.000000000,0,104,10.400,47,0,0,0,0.000000
8,13.726775034,13.732680214,2024,3.104777115,0,0.000000000,37,105,10.500,47,0,0,40,0.040000
9,13.732873257,13.738755744,2045,3.136990711,0,0.000000000,0,105,10.500,48,0,0,33,0.033000
10,13.738929681,13.744634493,2055,3.152330519,0,0.000000000,1054,104,10.400,48,0,0,0,0.000000
11,13.744802736,13.750617895,2066,3.169204308,0,0.000000000,1068,106,10.600,48,0,0,38,0.038000
12,13.750798196,13.756423844,2055,3.152330519,0,0.000000000,1054,105,10.500,46,0,0,0,0.000000
4,13.756591222,13.762413335,2054,3.150796538,0,0.000000000,0,104,10.400,49,0,0,0,0.000000
5,13.762580035,13.768638296,2054,3.150796538,0,0.000000000,1054,105,10.500,47,0,0,0,0.000000
6,13.768806564,13.774715363,2057,3.155398481,0,0.000000000,1068,103,10.300,47,0,0,14,0.014000
7,13.774892113,13.780531577,2038,3.126252846,0,0.000000000,0,104,10.400,47,0,0,0,0.000000
8,13.780702993,13.786636896,2024,3.104777115,0,0.000000000,37,105,10.500,47,0,0,40,0.040000
9,13.786823653,13.792784835,2045,3.136990711,0,0.000000000,0,105,10.500,48,0,0,33,0.033000
10,13.792969286,13.798506651,2055,3.152330519,0,0.000000000,1054,104,10.400,48,0,0,0,0.000000
11,13.798701222,13.804709556,2066,3.169204308,0,0.000000000,1068,106,10.600,48,0,0,38,0.038000
12,13.804889251,13.811295699,2055,3.152330519,0,0.000000000,1054,105,10.500,46,0,0,0,0.000000
4,13.811554237,13.816878143,2054,3.150796538,0,0.000000000,0,104,10.400,49,0,0,0,0.000000
5,13.817077823,13.822562645,2054,3.150796538,0,0.000000000,1054,105,10.500,47,0,0,0,0.000000
6,13.822762801,13.828713122,2057,3.155398481,0,0.000000000,1068,103,10.300,47,0,0,14,0.014000
7,13.828915397,13.834666234,2038,3.126252846,0,0.000000000,0,104,10.400,47,0,0,0,0.000000
8,13.834865106,13.840597761,2024,3.104777115,0,0.000000000,37,105,10.500,47,0,0,40,0.040000
9,13.840801040,13.846513512,2045,3.136990711,0,0.000000000,0,105,10.500,48,0,0,33,0.033000
10,13.846718615,13.852676224,2055,3.152330519,0,0.000000000,1054,104,10.400,48,0,0,0,0.000000
11,13.853065235,13.858925569,2066,3.169204308,0,0.000000000,1068,106,10.600,48,0,0,38,0.038000
12,13.859189503,13.864611839,2055,3.152330519,0,0.000000000,1054,105,10.500,46,0,0,0,0.000000
4,13.864771490,13.870492615,2054,3.150796538,0,0.000000000,0,104,10.400,49,0,0,0,0.000000
5,13.870652228,13.876486166,2054,3.150796538,0,0.000000000,1054,105,10.500,47,0,0,0,0.000000
6,13.876649308,13.882346187,2057,3.155398481,0,0.000000000,1068,103,10.300,47,0,0,14,0.014000
7,13.882511255,13.888494030,2038,3.126252846,0,0.000000000,0,104,10.400,47,0,0,0,0.000000
8,13.888664085,13.894547022,2024,3.104777115,0,0.000000000,37,105,10.500,47,0,0,40,0.040000
9,13.894735673,13.900551656,2045,3.136990711,0,0.000000000,0,105,10.500,48,0,0,33,0.033000
10,13.900722269,13.906713838,2055,3.152330519,0,0.000000000,1054,104,10.400,48,0,0,0,0.000000
11,13.906880355,13.912708835,2066,3.169204308,0,0.000000000,1068,106,10.600,48,0,0,37,0.037000
12,13.912888794,13.918722585,2055,3.152330519,0,0.000000000,1054,105,10.500,46,0,0,0,0.000000
4,13.918890800,13.924501155,2054,3.150796538,0,0.000000000,0,104,10.400,49,0,0,0,0.000000
5,13.924660882,13.930446447,2054,3.150796538,0,0.000000000,1054,105,10.500,47,0,0,0,0.000000
6,13.930608155,13.936473073,2057,3.155398481,0,0.000000000,1068,103,10.300,47,0,0,14,0.014000
7,13.936636930,13.942503207,2038,3.126252846,0,0.000000000,0,104,10.400,47,0,0,0,0.000000
8,13.942662850,13.948538638,2024,3.104777115,0,0.000000000,37,105,10.500,47,0,0,40,0.040000
9,13.948705311,13.954358258,2045,3.136990711,0,0.000000000,0,105,10.500,48,0,0,33,0.033000
10,13.954523684,13.960546875,2055,3.152330519,0,0.000000000,1054,104,10.400,48,0,0,0,0.000000
11,13.960706841,13.966404108,2066,3.169204308,0,0.000000000,1068,106,10.600,48,0,0,39,0.039000
12,13.966568539,13.972479076,2055,3.152330519,0,0.000000000,1054,105,10.500,46,0,0,0,0.000000
4,13.972643230,13.978571082,2054,3.150796538,0,0.000000000,0,104,10.400,49,0,0,0,0.000000
5,13.978731620,13.984465822,2054,3.150796538,0,0.000000000,1054,105,10.500,47,0,0,0,0.000000
6,13.984606584,13.990404669,2057,3.155398481,0,0.000000000,1068,103,10.300,47,0,0,13,0.013000
7,13.990548352,13.996294548,2038,3.126252846,0,0.000000000,0,104,10.400,47,0,0,0,0.000000
8,13.996452120,14.002639867,2024,3.104777115,0,0.000000000,37,105,10.500,47,0,0,40,0.040000
9,14.002872033,14.008492116,2045,3.136990711,0,0.000000000,0,105,10.500,48,0,0,33,0.033000
10,14.008641000,14.014652235,2055,3.152330519,0,0.000000000,1054,104,10.400,48,0,0,0,0.000000
11,14.014800260,14.020479085,2066,3.169204308,0,0.000000000,1068,106,10.600,48,0,0,38,0.038000
12,14.020628501,14.026353265,2055,3.152330519,0,0.000000000,1054,105,10.500,46,0,0,0,0.000000
4,14.026506481,14.032499805,2054,3.150796538,0,0.000000000,0,104,10.400,49,0,0,0,0.000000
5,14.032645258,14.038816819,2054,3.150796538,0,0.000000000,1054,105,10.500,47,0,0,0,0.000000
6,14.039017797,14.044792988,2057,3.155398481,0,0.000000000,1068,103,10.300,47,0,0,13,0.013000
7,14.045027730,14.050753711,2038,3.126252846,0,0.000000000,0,104,10.400,47,0,0,0,0.000000
8,14.051008305,14.056877433,2024,3.104777115,0,0.000000000,37,105,10.500,47,0,0,40,0.040000
9,14.057145230,14.062447750,2045,3.136990711,0,0.000000000,0,105,10.500,48,0,0,33,0.033000
10,14.062655519,14.068363637,2055,3.152330519,0,0.000000000,1054,104,10.400,48,0,0,0,0.000000
11,14.068507530,14.074303420,2066,3.169204308,0,0.000000000,1068,106,10.600,48,0,0,38,0.038000
12,14.074448460,14.080479360,2055,3.152330519,0,0.000000000,1054,105,10.500,46,0,0,0,0.000000
4,14.080622650,14.086821785,2054,3.150796538,0,0.000000000,0,104,10.400,49,0,0,0,0.000000
5,14.087014496,14.092580435,2054,3.150796538,0,0.000000000,1054,105,10.500,47,0,0,0,0.000000
6,14.092725567,14.098687904,2057,3.155398481,0,0.000000000,1068,103,10.300,47,0,0,14,0.014000
7,14.098895082,14.104835859,2038,3.126252846,0,0.000000000,0,104,10.400,47,0,0,0,0.000000
8,14.105036902,14.110904971,2024,3.104777115,0,0.000000000,37,105,10.500,47,0,0,40,0.040000
9,14.111123608,14.116769520,2045,3.136990711,0,0.000000000,0,105,10.500,48,0,0,33,0.033000
10,14.116973684,14.122793634,2055,3.152330519,0,0.000000000,1054,104,10.400,48,0,0,0,0.000000
11,14.122993579,14.128790070,2066,3.169204308,0,0.000000000,1068,106,10.600,48,0,0,38,0.038000
12,14.128995362,14.134721739,2055,3.152330519,0,0.000000000,1054,105,10.500,46,0,0,0,0.000000
4,14.134919303,14.140550919,2054,3.150796538,0,0.000000000,0,104,10.400,49,0,0,0,0.000000
5,14.140746454,14.146577026,2054,3.150796538,0,0.000000000,1054,105,10.500,47,0,0,0,0.000000
6,14.146776066,14.152511547,2057,3.155398481,0,0.000000000,1068,103,10.300,47,0,0,14,0.014000
7,14.152771703,14.158893956,2038,3.126252846,0,0.000000000,0,105,10.500,47,0,0,0,0.000000
8,14.159157321,14.164586118,2024,3.104777115,0,0.000000000,37,105,10.500,47,0,0,40,0.040000
9,14.164753707,14.170380285,2045,3.136990711,0,0.000000000,0,105,10.500,48,0,0,33,0.033000
10,14.170529101,14.176385947,2055,3.152330519,0,0.000000000,1054,104,10.400,48,0,0,0,0.000000
11,14.176529226,14.182449426,2066,3.169204308,0,0.000000000,1068,106,10.600,48,0,0,38,0.038000
12,14.182598811,14.188543158,2055,3.152330519,0,0.000000000,1054,105,10.500,46,0,0,0,0.000000
4,14.188691121,14.194618587,2054,3.150796538,0,0.000000000,0,104,10.400,49,0,0,0,0.000000
5,14.194835524,14.200557242,2054,3.150796538,0,0.000000000,1054,105,10.500,47,0,0,0,0.000000
6,14.200731901,14.206432280,2057,3.155398481,0,0.000000000,1068,103,10.300,47,0,0,14,0.014000
7,14.206612288,14.212691129,2038,3.126252846,0,0.000000000,0,105,10.500,47,0,0,0,0.000000
8,14.212869560,14.218449447,2024,3.104777115,0,0.000000000,37,105,10.500,47,0,0,40,0.040000
9,14.218628337,14.224295105,2045,3.136990711,0,0.000000000,0,105,10.500,48,0,0,33,0.033000
10,14.224465000,14.230501481,2055,3.152330519,0,0.000000000,1054,104,10.400,48,0,0,0,0.000000
11,14.230666363,14.236304124,2066,3.169204308,0,0.000000000,1068,106,10.600,48,0,0,38,0.038000
12,14.236472670,14.242696310,2055,3.152330519,0,0.000000000,1054,105,10.500,46,0,0,0,0.000000
4,14.242947830,14.248546325,2054,3.150796538,0,0.000000000,0,104,10.400,49,0,0,0,0.000000
5,14.248719530,14.254326154,2054,3.150796538,0,0.000000000,1054,105,10.500,47,0,0,0,0.000000
6,14.254496189,14.260450821,2057,3.155398481,0,0.000000000,1068,103,10.300,47,0,0,14,0.014000
7,14.260617865,14.266389594,2038,3.126252846,0,0.000000000,0,105,10.500,47,0,0,0,0.000000
8,14.266552504,14.272602487,2024,3.104777115,0,0.000000000,37,105,10.500,47,0,0,40,0.040000
9,14.272788368,14.278447638,2045,3.136990711,0,0.000000000,0,105,10.500,48,0,0,33,0.033000
10,14.278635250,14.284760466,2055,3.152330519,0,0.000000000,1054,104,10.400,48,0,0,0,0.000000
11,14.284946904,14.290683585,2066,3.169204308,0,0.000000000,1068,106,10.600,48,0,0,39,0.039000
12,14.290863343,14.296590859,2055,3.152330519,0,0.000000000,1054,105,10.500,46,0,0,0,0.000000
4,14.296787643,14.302565971,2054,3.150796538,0,0.000000000,0,104,10.400,49,0,0,0,0.000000
5,14.302741554,14.308462569,2054,3.150796538,0,0.000000000,1054,105,10.500,47,0,0,0,0.000000
6,14.308646133,14.314557827,2057,3.155398481,0,0.000000000,1068,103,10.300,47,0,0,14,0.014000
7,14.314745357,14.320645774,2038,3.126252846,0,0.000000000,0,104,10.400,47,0,0,0,0.000000
8,14.320826088,14.326502997,2024,3.104777115,0,0.000000000,37,105,10.500,47,0,0,40,0.040000
9,14.326729404,14.332502179,2045,3.136990711,0,0.000000000,0,105,10.500,48,0,0,33,0.033000
10,14.332680559,14.338366533,2055,3.152330519,0,0.000000000,1054,104,10.400,48,0,0,0,0.000000
11,14.338538389,14.344500909,2066,3.169204308,0,0.000000000,1068,106,10.600,48,0,0,37,0.037000
12,14.344677689,14.350411884,2055,3.152330519,0,0.000000000,1054,105,10.500,46,0,0,0,0.000000
4,14.350596739,14.356434457,2054,3.150796538,0,0.000000000,0,104,10.400,49,0,0,0,0.000000
5,14.356598623,14.362406964,2054,3.150796538,0,0.000000000,1054,105,10.500,47,0,0,0,0.000000
6,14.362554588,14.368345121,2057,3.155398481,0,0.000000000,1068,103,10.300,47,0,0,13,0.013000
7,14.368492628,14.374386207,2038,3.126252846,0,0.000000000,0,104,10.400,47,0,0,0,0.000000
8,14.374530299,14.380407226,2024,3.104777115,0,0.000000000,37,105,10.500,47,0,0,40,0.040000
9,14.380554652,14.386527938,2045,3.136990711,0,0.000000000,0,105,10.500,48,0,0,33,0.033000
10,14.386703931,14.392554078,2055,3.152330519,0,0.000000000,1054,104,10.400,48,0,0,0,0.000000
11,14.392702327,14.398663103,2066,3.169204308,0,0.000000000,1068,106,10.600,48,0,0,38,0.038000
12,14.398838434,14.404628289,2055,3.152330519,0,0.000000000,1054,105,10.500,46,0,0,0,0.000000
4,14.404806234,14.410428034,2054,3.150796538,0,0.000000000,0,104,10.400,49,0,0,0,0.000000
5,14.410603834,14.416654412,2054,3.150796538,0,0.000000000,1054,105,10.500,47,0,0,0,0.000000
6,14.416828334,14.422722560,2057,3.155398481,0,0.000000000,1068,103,10.300,47,0,0,14,0.014000
7,14.422909689,14.428580546,2038,3.126252846,0,0.000000000,0,104,10.400,47,0,0,0,0.000000
8,14.428758035,14.434598753,2024,3.104777115,0,0.000000000,37,105,10.500,47,0,0,40,0.040000
9,14.434786143,14.440540037,2045,3.136990711,0,0.000000000,0,105,10.500,48,0,0,33,0.033000
10,14.440720682,14.446478933,2055,3.152330519,0,0.000000000,1054,104,10.400,48,0,0,0,0.000000
11,14.446665230,14.452440729,2066,3.169204308,0,0.000000000,1068,106,10.600,48,0,0,38,0.038000
12,14.452618658,14.458660564,2055,3.152330519,0,0.000000000,1054,105,10.500,46,0,0,0,0.000000
4,14.458863969,14.464479824,2054,3.150796538,0,0.000000000,0,104,10.400,49,0,0,0,0.000000
5,14.464680515,14.470337160,2054,3.150796538,0,0.000000000,1054,105,10.500,47,0,0,0,0.000000
6,14.470499346,14.476585444,2057,3.155398481,0,0.000000000,1068,103,10.300,47,0,0,14,0.014000
7,14.476754220,14.482412583,2038,3.126252846,0,0.000000000,0,104,10.400,47,0,0,0,0.000000
8,14.482571315,14.488572794,2024,3.104777115,0,0.000000000,37,105,10.500,47,0,0,40,0.040000
9,14.488738994,14.494328823,2045,3.136990711,0,0.000000000,0,105,10.500,48,0,0,33,0.033000
10,14.494493408,14.500471396,2055,3.152330519,0,0.000000000,1054,104,10.400,48,0,0,0,0.000000
11,14.500615341,14.506361859,2066,3.169204308,0,0.000000000,1068,106,10.600,48,0,0,38,0.038000
12,14.506539134,14.512680129,2055,3.152330519,0,0.000000000,1054,105,10.500,46,0,0,0,0.000000
4,14.512847038,14.518534164,2054,3.150796538,0,0.000000000,0,104,10.400,49,0,0,0,0.000000
5,14.518682840,14.524277551,2054,3.150796538,0,0.000000000,1054,105,10.500,47,0,0,0,0.000000
6,14.524448438,14.530646235,2057,3.155398481,0,0.000000000,1068,103,10.300,47,0,0,13,0.013000
7,14.530822143,14.536563172,2038,3.126252846,0,0.000000000,0,104,10.400,47,0,0,0,0.000000
8,14.536726453,14.542487979,2024,3.104777115,0,0.000000000,37,105,10.500,47,0,0,40,0.040000
9,14.542692097,14.548704008,2045,3.136990711,0,0.000000000,0,105,10.500,48,0,0,33,0.033000
10,14.548907885,14.554802280,2055,3.152330519,0,0.000000000,1054,104,10.400,48,0,0,0,0.000000
11,14.555000890,14.560621743,2066,3.169204308,0,0.000000000,1068,106,10.600,48,0,0,38,0.038000
12,14.560822906,14.566566973,2055,3.152330519,0,0.000000000,1054,105,10.500,46,0,0,0,0.000000
4,14.566764092,14.572515830,2054,3.150796538,0,0.000000000,0,104,10.400,49,0,0,0,0.000000
5,14.572676997,14.578358799,2054,3.150796538,0,0.000000000,1054,105,10.500,47,0,0,0,0.000000
6,14.578519309,14.584408029,2057,3.155398481,0,0.000000000,1068,103,10.300,47,0,0,13,0.013000
7,14.584570799,14.590479457,2038,3.126252846,0,0.000000000,0,104,10.400,47,0,0,0,0.000000
8,14.590642519,14.596534694,2024,3.104777115,0,0.000000000,37,105,10.500,47,0,0,40,0.040000
9,14.596702588,14.602349649,2045,3.136990711,0,0.000000000,0,105,10.500,48,0,0,33,0.033000
10,14.602498599,14.608396913,2055,3.152330519,0,0.000000000,1054,104,10.400,48,0,0,0,0.000000
11,14.608543550,14.614704434,2066,3.169204308,0,0.000000000,1068,106,10.600,48,0,0,38,0.038000
12,14.614860099,14.620718161,2055,3.152330519,0,0.000000000,1054,104,10.400,46,0,0,0,0.000000
4,14.620869779,14.626645371,2054,3.150796538,0,0.000000000,0,104,10.400,49,0,0,0,0.000000
5,14.626846556,14.632546290,2054,3.150796538,0,0.000000000,1054,105,10.500,47,0,0,0,0.000000
6,14.632702777,14.638818326,2057,3.155398481,0,0.000000000,1068,103,10.300,47,0,0,14,0.014000
7,14.639004391,14.644364773,2038,3.126252846,0,0.000000000,0,104,10.400,47,0,0,0,0.000000
8,14.644538773,14.650659211,2024,3.104777115,0,0.000000000,37,105,10.500,47,0,0,40,0.040000
9,14.650844977,14.656466639,2045,3.136990711,0,0.000000000,0,105,10.500,48,0,0,33,0.033000
10,14.656647609,14.662618592,2055,3.152330519,0,0.000000000,1054,104,10.400,48,0,0,0,0.000000
11,14.662805659,14.668557421,2066,3.169204308,0,0.000000000,1068,106,10.600,48,0,0,38,0.038000
12,14.668752103,14.674520441,2055,3.152330519,0,0.000000000,1054,104,10.400,46,0,0,0,0.000000
4,14.674702687,14.680503464,2054,3.150796538,0,0.000000000,0,104,10.400,49,0,0,0,0.000000
5,14.680688084,14.686424105,2054,3.150796538,0,0.000000000,1054,105,10.500,47,0,0,0,0.000000
6,14.686605541,14.692597351,2057,3.155398481,0,0.000000000,1068,103,10.300,47,0,0,13,0.013000
7,14.692781104,14.698550598,2038,3.126252846,0,0.000000000,0,104,10.400,47,0,0,0,0.000000
8,14.698732174,14.704510838,2024,3.104777115,0,0.000000000,37,105,10.500,47,0,0,40,0.040000
9,14.704711408,14.710481147,2045,3.136990711,0,0.000000000,0,105,10.500,48,0,0,33,0.033000
10,14.710668588,14.716496688,2055,3.152330519,0,0.000000000,1054,104,10.400,48,0,0,0,0.000000
11,14.716679791,14.722403818,2066,3.169204308,0,0.000000000,1068,106,10.600,48,0,0,37,0.037000
12,14.722582658,14.728380238,2055,3.152330519,0,0.000000000,1054,105,10.500,46,0,0,0,0.000000
4,14.728556567,14.734519550,2054,3.150796538,0,0.000000000,0,104,10.400,49,0,0,0,0.000000
5,14.734694084,14.740467580,2054,3.150796538,0,0.000000000,1054,105,10.500,47,0,0,0,0.000000
6,14.740642556,14.746493507,2057,3.155398481,0,0.000000000,1068,103,10.300,47,0,0,14,0.014000
7,14.746669906,14.752293903,2038,3.126252846,0,0.000000000,0,104,10.400,47,0,0,0,0.000000
8,14.752459623,14.758887335,2024,3.104777115,0,0.000000000,37,105,10.500,47,0,0,40,0.040000
9,14.759052873,14.764298560,2045,3.136990711,0,0.000000000,0,105,10.500,48,0,0,33,0.033000
10,14.764482747,14.770728308,2055,3.152330519,0,0.000000000,1054,104,10.400,48,0,0,0,0.000000
11,14.770904346,14.776598142,2066,3.169204308,0,0.000000000,1068,106,10.600,48,0,0,38,0.038000
12,14.776771998,14.782463500,2055,3.152330519,0,0.000000000,1054,105,10.500,46,0,0,0,0.000000
4,14.782636803,14.788612291,2054,3.150796538,0,0.000000000,0,104,10.400,49,0,0,0,0.000000
5,14.788780678,14.794467379,2054,3.150796538,0,0.000000000,1054,105,10.500,47,0,0,0,0.000000
6,14.794640324,14.800405902,2057,3.155398481,0,0.000000000,1068,103,10.300,47,0,0,14,0.014000
7,14.800583951,14.806522466,2038,3.126252846,0,0.000000000,0,104,10.400,47,0,0,0,0.000000
8,14.806682841,14.812564258,2024,3.104777115,0,0.000000000,37,105,10.500,47,0,0,40,0.040000
9,14.812721755,14.818312353,2045,3.136990711,0,0.000000000,0,105,10.500,48,0,0,33,0.033000
10,14.818459461,14.824380767,2055,3.152330519,0,0.000000000,1054,104,10.400,48,0,0,0,0.000000
11,14.824523025,14.830276736,2066,3.169204308,0,0.000000000,1068,106,10.600,48,0,0,38,0.038000
12,14.830419526,14.836428183,2055,3.152330519,0,0.000000000,1054,105,10.500,46,0,0,0,0.000000
4,14.836567682,14.842432813,2054,3.150796538,0,0.000000000,0,104,10.400,49,0,0,0,0.000000
5,14.842572801,14.848269386,2054,3.150796538,0,0.000000000,1054,105,10.500,47,0,0,0,0.000000
6,14.848415289,14.854376996,2057,3.155398481,0,0.000000000,1068,103,10.300,47,0,0,13,0.013000
7,14.854531451,14.860439912,2038,3.126252846,0,0.000000000,0,104,10.400,47,0,0,0,0.000000
8,14.860614488,14.866532653,2024,3.104777115,0,0.000000000,37,105,10.500,47,0,0,40,0.040000
9,14.866712103,14.872488455,2045,3.136990711,0,0.000000000,0,105,10.500,47,0,0,33,0.033000
10,14.872669070,14.878487202,2055,3.152330519,0,0.000000000,1054,104,10.400,48,0,0,0,0.000000
11,14.878666746,14.884323703,2066,3.169204308,0,0.000000000,1068,106,10.600,48,0,0,38,0.038000
12,14.884501556,14.890653774,2055,3.152330519,0,0.000000000,1054,105,10.500,46,0,0,0,0.000000
4,14.890832236,14.896696879,2054,3.150796538,0,0.000000000,0,104,10.400,49,0,0,0,0.000000
5,14.896890688,14.902430835,2054,3.150796538,0,0.000000000,1054,105,10.500,47,0,0,0,0.000000
6,14.902612685,14.908631613,2057,3.155398481,0,0.000000000,1068,103,10.300,47,0,0,14,0.014000
7,14.908812483,14.914430620,2038,3.126252846,0,0.000000000,0,104,10.400,47,0,0,0,0.000000
8,14.914605398,14.920712370,2024,3.104777115,0,0.000000000,37,105,10.500,47,0,0,40,0.040000
9,14.920908087,14.926576530,2045,3.136990711,0,0.000000000,0,105,10.500,48,0,0,33,0.033000
10,14.926762253,14.932620933,2055,3.152330519,0,0.000000000,1054,104,10.400,48,0,0,0,0.000000
11,14.932804887,14.938473190,2066,3.169204308,0,0.000000000,1068,106,10.600,48,0,0,38,0.038000
12,14.938652208,14.944689383,2055,3.152330519,0,0.000000000,1054,105,10.500,46,0,0,0,0.000000
4,14.944888239,14.950583479,2054,3.150796538,0,0.000000000,0,104,10.400,49,0,0,0,0.000000
5,14.950756311,14.956730594,2054,3.150796538,0,0.000000000,1054,105,10.500,47,0,0,0,0.000000
6,14.956913548,14.962326653,2057,3.155398481,0,0.000000000,1068,103,10.300,47,0,0,13,0.013000
7,14.962518573,14.968532144,2038,3.126252846,0,0.000000000,0,104,10.400,47,0,0,0,0.000000
8,14.968715498,14.974410620,2024,3.104777115,0,0.000000000,37,105,10.500,47,0,0,40,0.040000
9,14.974597063,14.980467137,2045,3.136990711,0,0.000000000,0,105,10.500,48,0,0,33,0.033000
10,14.980654958,14.986327402,2055,3.152330519,0,0.000000000,1054,104,10.400,48,0,0,0,0.000000
11,14.986525093,14.992382764,2066,3.169204308,0,0.000000000,1068,106,10.600,48,0,0,38,0.038000
12,14.992568998,14.998671448,2055,3.152330519,0,0.000000000,1054,105,10.500,46,0,0,0,0.000000
4,14.998861136,15.004472887,2054,3.150796538,0,0.000000000,0,104,10.400,49,0,0,0,0.000000
5,15.004652906,15.010627277,2054,3.150796538,0,0.000000000,1054,105,10.500,47,0,0,0,0.000000
6,15.010802860,15.016576244,2057,3.155398481,0,0.000000000,1068,103,10.300,47,0,0,14,0.014000
7,15.016764444,15.022345911,2038,3.126252846,0,0.000000000,0,104,10.400,47,0,0,0,0.000000
8,15.022560982,15.028386593,2024,3.104777115,0,0.000000000,37,105,10.500,47,0,0,40,0.040000
9,15.028574668,15.034597114,2045,3.136990711,0,0.000000000,0,105,10.500,48,0,0,33,0.033000
10,15.034831580,15.040374652,2055,3.152330519,0,0.000000000,1054,104,10.400,48,0,0,0,0.000000
11,15.040555463,15.046706005,2066,3.169204308,0,0.000000000,1068,106,10.600,48,0,0,38,0.038000
12,15.046896893,15.052673316,2055,3.152330519,0,0.000000000,1054,105,10.500,46,0,0,0,0.000000
4,15.052856868,15.058438977,2054,3.150796538,0,0.000000000,0,104,10.400,49,0,0,0,0.000000
5,15.058624107,15.064738158,2054,3.150796538,0,0.000000000,1054,105,10.500,47,0,0,0,0.000000
6,15.064954282,15.070612371,2057,3.155398481,0,0.000000000,1068,103,10.300,47,0,0,14,0.014000
7,15.070798177,15.076503468,2038,3.126252846,0,0.000000000,0,104,10.400,47,0,0,0,0.000000
8,15.076684674,15.082709572,2024,3.104777115,0,0.000000000,37,105,10.500,47,0,0,40,0.040000
9,15.082901908,15.088813511,2045,3.136990711,0,0.000000000,0,105,10.500,48,0,0,33,0.033000
10,15.088998484,15.094494287,2055,3.152330519,0,0.000000000,1054,104,10.400,48,0,0,0,0.000000
11,15.094675990,15.100407648,2066,3.169204308,0,0.000000000,1068,106,10.600,48,0,0,38,0.038000
12,15.100599372,15.106481878,2055,3.152330519,0,0.000000000,1054,105,10.500,46,0,0,0,0.000000
4,15.106663960,15.112632107,2054,3.150796538,0,0.000000000,0,104,10.400,49,0,0,0,0.000000
5,15.112808419,15.118583566,2054,3.150796538,0,0.000000000,1054,105,10.500,47,0,0,0,0.000000
6,15.118766433,15.124700028,2057,3.155398481,0,0.000000000,1068,103,10.300,47,0,0,14,0.014000
7,15.124918231,15.130548961,2038,3.126252846,0,0.000000000,0,104,10.400,47,0,0,0,0.000000
8,15.130722931,15.136389212,2024,3.104777115,0,0.000000000,37,105,10.500,47,0,0,40,0.040000
9,15.136573678,15.142543890,2045,3.136990711,0,0.000000000,0,105,10.500,48,0,0,33,0.033000
10,15.142724571,15.148445566,2055,3.152330519,0,0.000000000,1054,104,10.400,48,0,0,0,0.000000
11,15.148629909,15.154602490,2066,3.169204308,0,0.000000000,1068,106,10.600,48,0,0,37,0.037000
12,15.154779624,15.160463326,2055,3.152330519,0,0.000000000,1054,105,10.500,46,0,0,0,0.000000
4,15.160636996,15.166537036,2054,3.150796538,0,0.000000000,0,104,10.400,49,0,0,0,0.000000
5,15.166710206,15.172523875,2054,3.150796538,0,0.000000000,1054,105,10.500,47,0,0,0,0.000000
6,15.172702146,15.178599986,2057,3.155398481,0,0.000000000,1068,103,10.300,47,0,0,13,0.013000
7,15.178799166,15.184482550,2038,3.126252846,0,0.000000000,0,104,10.400,47,0,0,0,0.000000
8,15.184656604,15.190608135,2024,3.104777115,0,0.000000000,37,105,10.500,47,0,0,40,0.040000
9,15.190788902,15.196479985,2045,3.136990711,0,0.000000000,0,105,10.500,48,0,0,33,0.033000
10,15.196678227,15.202708542,2055,3.152330519,0,0.000000000,1054,104,10.400,48,0,0,0,0.000000
11,15.202882252,15.208390562,2066,3.169204308,0,0.000000000,1068,106,10.600,48,0,0,38,0.038000
12,15.208568709,15.214637863,2055,3.152330519,0,0.000000000,1054,105,10.500,46,0,0,0,0.000000
4,15.214815922,15.220630015,2054,3.150796538,0,0.000000000,0,104,10.400,49,0,0,0,0.000000
5,15.220804050,15.226418522,2054,3.150796538,0,0.000000000,1054,105,10.500,47,0,0,0,0.000000
6,15.226594775,15.232380017,2057,3.155398481,0,0.000000000,1068,103,10.300,47,0,0,14,0.014000
7,15.232559886,15.238394030,2038,3.126252846,0,0.000000000,0,104,10.400,47,0,0,0,0.000000
8,15.238567027,15.244503536,2024,3.104777115,0,0.000000000,37,105,10.500,47,0,0,40,0.040000
9,15.244679666,15.250280444,2045,3.136990711,0,0.000000000,0,105,10.500,47,0,0,33,0.033000
10,15.250450077,15.256337374,2055,3.152330519,0,0.000000000,1054,104,10.400,48,0,0,0,0.000000
11,15.256492130,15.262374497,2066,3.169204308,0,0.000000000,1068,106,10.600,48,0,0,38,0.038000
12,15.262521048,15.268390729,2055,3.152330519,0,0.000000000,1054,104,10.400,46,0,0,0,0.000000
4,15.268535741,15.274555905,2054,3.150796538,0,0.000000000,0,104,10.400,49,0,0,0,0.000000
5,15.274710627,15.280467115,2054,3.150796538,0,0.000000000,1054,105,10.500,47,0,0,0,0.000000
6,15.280656452,15.286431837,2057,3.155398481,0,0.000000000,1068,103,10.300,47,0,0,14,0.014000
7,15.286611747,15.292447028,2038,3.126252846,0,0.000000000,0,104,10.400,47,0,0,0,0.000000
8,15.292619117,15.298487632,2024,3.104777115,0,0.000000000,37,105,10.500,47,0,0,40,0.040000
9,15.298680768,15.304699556,2045,3.136990711,0,0.000000000,0,105,10.500,48,0,0,33,0.033000
10,15.304884414,15.310610592,2055,3.152330519,0,0.000000000,1054,104,10.400,48,0,0,0,0.000000
11,15.310782956,15.317209646,2066,3.169204308,0,0.000000000,1068,106,10.600,48,0,0,38,0.038000
12,15.317402045,15.322610261,2055,3.152330519,0,0.000000000,1054,104,10.400,46,0,0,0,0.000000
4,15.322869166,15.329012292,2054,3.150796538,0,0.000000000,0,104,10.400,49,0,0,0,0.000000
5,15.329282225,15.335091299,2054,3.150796538,0,0.000000000,1054,105,10.500,47,0,0,0,0.000000
6,15.335351383,15.340520518,2057,3.155398481,0,0.000000000,1068,103,10.300,47,0,0,14,0.014000
7,15.340722540,15.346370352,2038,3.126252846,0,0.000000000,0,104,10.400,47,0,0,0,0.000000
8,15.346533176,15.352503537,2024,3.104777115,0,0.000000000,37,105,10.500,47,0,0,40,0.040000
9,15.352670527,15.358454966,2045,3.136990711,0,0.000000000,0,105,10.500,48,0,0,33,0.033000
10,15.358620564,15.364104347,2055,3.152330519,0,0.000000000,1054,104,10.400,48,0,0,0,0.000000
11,15.364246567,15.370698592,2066,3.169204308,0,0.000000000,1068,106,10.600,48,0,0,38,0.038000
12,15.370852692,15.376271341,2055,3.152330519,0,0.000000000,1054,104,10.400,46,0,0,0,0.000000
4,15.376426217,15.382569095,2054,3.150796538,0,0.000000000,0,104,10.400,49,0,0,0,0.000000
5,15.382748732,15.388414649,2054,3.150796538,0,0.000000000,1054,105,10.500,47,0,0,0,0.000000
6,15.388594900,15.394538193,2057,3.155398481,0,0.000000000,1068,103,10.300,47,0,0,14,0.014000
7,15.394723924,15.400534656,2038,3.126252846,0,0.000000000,0,104,10.400,47,0,0,0,0.000000
8,15.400708697,15.406549402,2024,3.104777115,0,0.000000000,37,105,10.500,47,0,0,41,0.041000
9,15.406728834,15.412384242,2045,3.136990711,0,0.000000000,0,105,10.500,48,0,0,33,0.033000
10,15.412588782,15.418341898,2055,3.152330519,0,0.000000000,1054,104,10.400,48,0,0,0,0.000000
11,15.418515672,15.424701047,2066,3.169204308,0,0.000000000,1068,106,10.600,48,0,0,39,0.039000
12,15.424967482,15.430658647,2055,3.152330519,0,0.000000000,1054,104,10.400,46,0,0,0,0.000000
4,15.430924202,15.436662992,2054,3.150796538,0,0.000000000,0,104,10.400,49,0,0,0,0.000000
5,15.436861696,15.442424210,2054,3.150796538,0,0.000000000,1054,105,10.500,47,0,0,0,0.000000
6,15.442597847,15.448366941,2057,3.155398481,0,0.000000000,1068,103,10.300,47,0,0,13,0.013000
7,15.448570737,15.454610777,2038,3.126252846,0,0.000000000,0,104,10.400,47,0,0,0,0.000000
8,15.454808013,15.460513561,2024,3.104777115,0,0.000000000,37,105,10.500,47,0,0,40,0.040000
9,15.460717519,15.466300384,2045,3.136990711,0,0.000000000,0,105,10.500,48,0,0,33,0.033000
10,15.466467498,15.472499658,2055,3.152330519,0,0.000000000,1054,104,10.400,48,0,0,0,0.000000
11,15.472667996,15.478436591,2066,3.169204308,0,0.000000000,1068,106,10.600,48,0,0,39,0.039000
12,15.478612493,15.484344075,2055,3.152330519,0,0.000000000,1054,104,10.400,46,0,0,0,0.000000
4,15.484510955,15.490496066,2054,3.150796538,0,0.000000000,0,104,10.400,49,0,0,0,0.000000
5,15.490670484,15.496522424,2054,3.150796538,0,0.000000000,1054,105,10.500,47,0,0,0,0.000000
6,15.496749881,15.502563878,2057,3.155398481,0,0.000000000,1068,103,10.300,47,0,0,14,0.014000
7,15.502766993,15.508554162,2038,3.126252846,0,0.000000000,0,104,10.400,47,0,0,0,0.000000
8,15.508752039,15.514681771,2024,3.104777115,0,0.000000000,37,105,10.500,47,0,0,40,0.040000
9,15.514946442,15.520702999,2045,3.136990711,0,0.000000000,0,105,10.500,48,0,0,33,0.033000
10,15.520970278,15.526344159,2055,3.152330519,0,0.000000000,1054,104,10.400,48,0,0,0,0.000000
11,15.526505410,15.532323189,2066,3.169204308,0,0.000000000,1068,106,10.600,48,0,0,39,0.039000
12,15.532488557,15.538310114,2055,3.152330519,0,0.000000000,1054,104,10.400,46,0,0,0,0.000000
4,15.538472262,15.544385682,2054,3.150796538,0,0.000000000,0,104,10.400,49,0,0,0,0.000000
5,15.544530337,15.550514432,2054,3.150796538,0,0.000000000,1054,105,10.500,47,0,0,0,0.000000
6,15.550715617,15.556357683,2057,3.155398481,0,0.000000000,1068,103,10.300,47,0,0,13,0.013000
7,15.556504101,15.562299594,2038,3.126252846,0,0.000000000,0,104,10.400,47,0,0,0,0.000000
8,15.562443819,15.568192772,2024,3.104777115,0,0.000000000,37,105,10.500,47,0,0,40,0.040000
9,15.568345652,15.574261476,2045,3.136990711,0,0.000000000,0,105,10.500,48,0,0,33,0.033000
10,15.574435172,15.580274919,2055,3.152330519,0,0.000000000,1054,104,10.400,48,0,0,0,0.000000
11,15.580459505,15.586520733,2066,3.169204308,0,0.000000000,1068,106,10.600,48,0,0,38,0.038000
12,15.586699412,15.592389802,2055,3.152330519,0,0.000000000,1054,104,10.400,46,0,0,0,0.000000
4,15.592566522,15.598625431,2054,3.150796538,0,0.000000000,0,104,10.400,49,0,0,0,0.000000
5,15.598800582,15.604779244,2054,3.150796538,0,0.000000000,1054,105,10.500,47,0,0,0,0.000000
6,15.604976744,15.610374696,2057,3.155398481,0,0.000000000,1068,103,10.300,47,0,0,14,0.014000
7,15.610561235,15.616591692,2038,3.126252846,0,0.000000000,0,104,10.400,47,0,0,0,0.000000
8,15.616772468,15.622407367,2024,3.104777115,0,0.000000000,37,105,10.500,47,0,0,40,0.040000
9,15.622590788,15.628283441,2045,3.136990711,0,0.000000000,0,105,10.500,47,0,0,33,0.033000
10,15.628465431,15.634572383,2055,3.152330519,0,0.000000000,1054,104,10.400,48,0,0,0,0.000000
11,15.634746052,15.640569172,2066,3.169204308,0,0.000000000,1068,106,10.600,48,0,0,37,0.037000
12,15.640759093,15.646468807,2055,3.152330519,0,0.000000000,1054,105,10.500,46,0,0,0,0.000000
4,15.646673191,15.652445576,2054,3.150796538,0,0.000000000,0,104,10.400,49,0,0,0,0.000000
5,15.652644315,15.658371316,2054,3.150796538,0,0.000000000,1054,105,10.500,47,0,0,0,0.000000
6,15.658553130,15.664375504,2057,3.155398481,0,0.000000000,1068,103,10.300,47,0,0,14,0.014000
7,15.664560762,15.670326515,2038,3.126252846,0,0.000000000,0,104,10.400,47,0,0,0,0.000000
8,15.670506447,15.676315644,2024,3.104777115,0,0.000000000,37,105,10.500,47,0,0,40,0.040000
9,15.676506556,15.682263616,2045,3.136990711,0,0.000000000,0,105,10.500,48,0,0,33,0.033000
10,15.682467729,15.688289440,2055,3.152330519,0,0.000000000,1054,104,10.400,48,0,0,0,0.000000
11,15.688462452,15.694519039,2066,3.169204308,0,0.000000000,1068,106,10.600,48,0,0,38,0.038000
12,15.694696975,15.700519052,2055,3.152330519,0,0.000000000,1054,105,10.500,46,0,0,0,0.000000
4,15.700711133,15.706489231,2054,3.150796538,0,0.000000000,0,104,10.400,49,0,0,0,0.000000
5,15.706662954,15.712415174,2054,3.150796538,0,0.000000000,1054,105,10.500,47,0,0,0,0.000000
6,15.712589114,15.718488466,2057,3.155398481,0,0.000000000,1068,103,10.300,47,0,0,14,0.014000
7,15.718670116,15.724355737,2038,3.126252846,0,0.000000000,0,104,10.400,47,0,0,0,0.000000
8,15.724531641,15.730590212,2024,3.104777115,0,0.000000000,37,105,10.500,47,0,0,40,0.040000
9,15.730814021,15.736367991,2045,3.136990711,0,0.000000000,0,105,10.500,48,0,0,33,0.033000
10,15.736557041,15.742522221,2055,3.152330519,0,0.000000000,1054,104,10.400,48,0,0,0,0.000000
11,15.742700060,15.748448088,2066,3.169204308,0,0.000000000,1068,106,10.600,48,0,0,39,0.039000
12,15.748631253,15.754403681,2055,3.152330519,0,0.000000000,1054,105,10.500,46,0,0,0,0.000000
4,15.754579179,15.760452022,2054,3.150796538,0,0.000000000,0,104,10.400,49,0,0,0,0.000000
5,15.760624908,15.766664951,2054,3.150796538,0,0.000000000,1054,105,10.500,47,0,0,0,0.000000
6,15.766861600,15.772357079,2057,3.155398481,0,0.000000000,1068,103,10.300,47,0,0,14,0.014000
7,15.772551906,15.778335437,2038,3.126252846,0,0.000000000,0,104,10.400,47,0,0,0,0.000000
8,15.778510889,15.784320078,2024,3.104777115,0,0.000000000,37,105,10.500,47,0,0,40,0.040000
9,15.784502223,15.790366741,2045,3.136990711,0,0.000000000,0,105,10.500,48,0,0,33,0.033000
10,15.790562259,15.796347877,2055,3.152330519,0,0.000000000,1054,104,10.400,48,0,0,0,0.000000
11,15.796578028,15.802444424,2066,3.169204308,0,0.000000000,1068,106,10.600,48,0,0,38,0.038000
12,15.802630238,15.808334956,2055,3.152330519,0,0.000000000,1054,105,10.500,46,0,0,0,0.000000
4,15.808511899,15.814328974,2054,3.150796538,0,0.000000000,0,104,10.400,49,0,0,0,0.000000
5,15.814508292,15.820217956,2054,3.150796538,0,0.000000000,1054,105,10.500,47,0,0,0,0.000000
6,15.820392858,15.826286425,2057,3.155398481,0,0.000000000,1068,103,10.300,47,0,0,14,0.014000
7,15.826461859,15.832264217,2038,3.126252846,0,0.000000000,0,104,10.400,47,0,0,0,0.000000
8,15.832429800,15.838389073,2024,3.104777115,0,0.000000000,37,105,10.500,47,0,0,41,0.041000
9,15.838563021,15.844359443,2045,3.136990711,0,0.000000000,0,105,10.500,48,0,0,33,0.033000
10,15.844530176,15.850277590,2055,3.152330519,0,0.000000000,1054,104,10.400,48,0,0,0,0.000000
11,15.850439605,15.856234330,2066,3.169204308,0,0.000000000,1068,106,10.600,48,0,0,39,0.039000
12,15.856399788,15.862189752,2055,3.152330519,0,0.000000000,1054,105,10.500,46,0,0,0,0.000000
4,15.862334569,15.868222607,2054,3.150796538,0,0.000000000,0,104,10.400,49,0,0,0,0.000000
5,15.868368997,15.874321665,2054,3.150796538,0,0.000000000,1054,105,10.500,47,0,0,0,0.000000
6,15.874475987,15.880415848,2057,3.155398481,0,0.000000000,1068,103,10.300,47,0,0,13,0.013000
7,15.880571037,15.886486083,2038,3.126252846,0,0.000000000,0,105,10.500,47,0,0,0,0.000000
8,15.886654747,15.892461285,2024,3.104777115,0,0.000000000,37,105,10.500,47,0,0,40,0.040000
9,15.892643396,15.898536983,2045,3.136990711,0,0.000000000,0,105,10.500,48,0,0,33,0.033000
10,15.898721354,15.904453536,2055,3.152330519,0,0.000000000,1054,104,10.400,48,0,0,0,0.000000
11,15.904625966,15.910438266,2066,3.169204308,0,0.000000000,1068,106,10.600,48,0,0,38,0.038000
12,15.910612823,15.916353381,2055,3.152330519,0,0.000000000,1054,105,10.500,46,0,0,0,0.000000
4,15.916530489,15.922531701,2054,3.150796538,0,0.000000000,0,104,10.400,49,0,0,0,0.000000
5,15.922699272,15.928162549,2054,3.150796538,0,0.000000000,1054,105,10.500,47,0,0,0,0.000000
6,15.928327871,15.934394845,2057,3.155398481,0,0.000000000,1068,103,10.300,47,0,0,14,0.014000
7,15.934559839,15.940150992,2038,3.126252846,0,0.000000000,0,104,10.400,47,0,0,0,0.000000
8,15.940311657,15.946222438,2024,3.104777115,0,0.000000000,37,105,10.500,47,0,0,40,0.040000
9,15.946390815,15.952341483,2045,3.136990711,0,0.000000000,0,105,10.500,48,0,0,33,0.033000
10,15.952490147,15.958324015,2055,3.152330519,0,0.000000000,1054,104,10.400,48,0,0,0,0.000000
11,15.958465239,15.964272137,2066,3.169204308,0,0.000000000,1068,106,10.600,48,0,0,38,0.038000
12,15.964421862,15.970492437,2055,3.152330519,0,0.000000000,1054,105,10.500,46,0,0,0,0.000000
4,15.970719799,15.976424702,2054,3.150796538,0,0.000000000,0,104,10.400,49,0,0,0,0.000000
5,15.976580727,15.982406081,2054,3.150796538,0,0.000000000,1054,105,10.500,47,0,0,0,0.000000
6,15.982585296,15.988269619,2057,3.155398481,0,0.000000000,1068,103,10.300,47,0,0,14,0.014000
7,15.988450730,15.994368862,2038,3.126252846,0,0.000000000,0,104,10.400,47,0,0,0,0.000000
8,15.994548760,16.000342406,2024,3.104777115,0,0.000000000,37,105,10.500,47,0,0,41,0.041000
9,16.000522882,16.006424258,2045,3.136990711,0,0.000000000,0,105,10.500,48,0,0,33,0.033000
10,16.006603278,16.012356866,2055,3.152330519,0,0.000000000,1054,104,10.400,48,0,0,0,0.000000
11,16.012530185,16.018361186,2066,3.169204308,0,0.000000000,1068,106,10.600,48,0,0,38,0.038000
12,16.018533419,16.024115626,2055,3.152330519,0,0.000000000,1054,105,10.500,46,0,0,0,0.000000
4,16.024279006,16.030328399,2054,3.150796538,0,0.000000000,0,104,10.400,49,0,0,0,0.000000
5,16.030489087,16.036129414,2054,3.150796538,0,0.000000000,1054,105,10.500,47,0,0,0,0.000000
6,16.036294015,16.042368820,2057,3.155398481,0,0.000000000,1068,103,10.300,47,0,0,14,0.014000
7,16.042518076,16.048203421,2038,3.126252846,0,0.000000000,0,104,10.400,47,0,0,0,0.000000
8,16.048345711,16.054068365,2024,3.104777115,0,0.000000000,37,105,10.500,47,0,0,40,0.040000
9,16.054216682,16.060115854,2045,3.136990711,0,0.000000000,0,105,10.500,48,0,0,33,0.033000
10,16.060263464,16.066257905,2055,3.152330519,0,0.000000000,1054,104,10.400,48,0,0,0,0.000000
11,16.066402060,16.072372313,2066,3.169204308,0,0.000000000,1068,106,10.600,48,0,0,38,0.038000
12,16.072525203,16.078453032,2055,3.152330519,0,0.000000000,1054,105,10.500,46,0,0,0,0.000000
4,16.078620079,16.084335235,2054,3.150796538,0,0.000000000,0,104,10.400,49,0,0,0,0.000000
5,16.084514203,16.090188180,2054,3.150796538,0,0.000000000,1054,105,10.500,47,0,0,0,0.000000
6,16.090366434,16.096349495,2057,3.155398481,0,0.000000000,1068,103,10.300,47,0,0,14,0.014000
7,16.096533005,16.102283290,2038,3.126252846,0,0.000000000,0,104,10.400,47,0,0,0,0.000000
8,16.102458503,16.108434617,2024,3.104777115,0,0.000000000,37,105,10.500,47,0,0,40,0.040000
9,16.108614072,16.114257239,2045,3.136990711,0,0.000000000,0,105,10.500,48,0,0,33,0.033000
10,16.114432796,16.120411229,2055,3.152330519,0,0.000000000,1054,104,10.400,48,0,0,0,0.000000
11,16.120608940,16.126356259,2066,3.169204308,0,0.000000000,1068,106,10.600,48,0,0,38,0.038000
12,16.126559203,16.132319140,2055,3.152330519,0,0.000000000,1054,104,10.400,46,0,0,0,0.000000
4,16.132515969,16.138528892,2054,3.150796538,0,0.000000000,0,104,10.400,49,0,0,0,0.000000
5,16.138788632,16.144426585,2054,3.150796538,0,0.000000000,1054,105,10.500,47,0,0,0,0.000000
6,16.144586621,16.150236583,2057,3.155398481,0,0.000000000,1068,103,10.300,47,0,0,13,0.013000
7,16.150383808,16.156550503,2038,3.126252846,0,0.000000000,0,104,10.400,47,0,0,0,0.000000
8,16.156804463,16.162172157,2024,3.104777115,0,0.000000000,37,105,10.500,47,0,0,40,0.040000
9,16.162337722,16.168409242,2045,3.136990711,0,0.000000000,0,105,10.500,48,0,0,33,0.033000
10,16.168558864,16.174480407,2055,3.152330519,0,0.000000000,1054,104,10.400,48,0,0,0,0.000000
11,16.174677138,16.180327375,2066,3.169204308,0,0.000000000,1068,106,10.600,48,0,0,39,0.039000
12,16.180499421,16.186346344,2055,3.152330519,0,0.000000000,1054,105,10.500,46,0,0,0,0.000000
4,16.186515490,16.192448311,2054,3.150796538,0,0.000000000,0,104,10.400,49,0,0,0,0.000000
5,16.192611721,16.198401215,2054,3.150796538,0,0.000000000,1054,105,10.500,47,0,0,0,0.000000
6,16.198573518,16.204335295,2057,3.155398481,0,0.000000000,1068,103,10.300,47,0,0,14,0.014000
7,16.204538145,16.210363535,2038,3.126252846,0,0.000000000,0,104,10.400,47,0,0,0,0.000000
8,16.210560712,16.216293880,2024,3.104777115,0,0.000000000,37,105,10.500,47,0,0,40,0.040000
9,16.216497498,16.222242810,2045,3.136990711,0,0.000000000,0,105,10.500,48,0,0,33,0.033000
10,16.222447660,16.228446226,2055,3.152330519,0,0.000000000,1054,104,10.400,48,0,0,0,0.000000
11,16.228643471,16.234333236,2066,3.169204308,0,0.000000000,1068,106,10.600,48,0,0,39,0.039000
12,16.234534017,16.240247456,2055,3.152330519,0,0.000000000,1054,105,10.500,46,0,0,0,0.000000
4,16.240445755,16.246271740,2054,3.150796538,0,0.000000000,0,104,10.400,49,0,0,0,0.000000
5,16.246432483,16.252190749,2054,3.150796538,0,0.000000000,1054,105,10.500,47,0,0,0,0.000000
6,16.252353066,16.258599695,2057,3.155398481,0,0.000000000,1068,103,10.300,47,0,0,13,0.013000
7,16.258800873,16.264269211,2038,3.126252846,0,0.000000000,0,104,10.400,47,0,0,0,0.000000
8,16.264430399,16.270339052,2024,3.104777115,0,0.000000000,37,105,10.500,47,0,0,40,0.040000
9,16.270558388,16.276492171,2045,3.136990711,0,0.000000000,0,105,10.500,48,0,0,33,0.033000
10,16.276702681,16.282440611,2055,3.152330519,0,0.000000000,1054,104,10.400,48,0,0,0,0.000000
11,16.282645342,16.288498802,2066,3.169204308,0,0.000000000,1068,106,10.600,48,0,0,38,0.038000
12,16.288760784,16.294682461,2055,3.152330519,0,0.000000000,1054,104,10.400,46,0,0,0,0.000000
4,16.294972625,16.300603469,2054,3.150796538,0,0.000000000,0,104,10.400,49,0,0,0,0.000000
5,16.300863195,16.306775840,2054,3.150796538,0,0.000000000,1054,105,10.500,47,0,0,0,0.000000
6,16.307037911,16.312678078,2057,3.155398481,0,0.000000000,1068,103,10.300,47,0,0,13,0.013000
7,16.312940674,16.318643003,2038,3.126252846,0,0.000000000,0,104,10.400,47,0,0,0,0.000000
8,16.318900485,16.324747158,2024,3.104777115,0,0.000000000,37,105,10.500,47,0,0,40,0.040000
9,16.325010636,16.331063963,2045,3.136990711,0,0.000000000,0,105,10.500,48,0,0,33,0.033000
10,16.331334023,16.336662390,2055,3.152330519,0,0.000000000,1054,104,10.400,48,0,0,0,0.000000
11,16.336919700,16.342368960,2066,3.169204308,0,0.000000000,1068,106,10.600,48,0,0,38,0.038000
12,16.342571305,16.348201690,2055,3.152330519,0,0.000000000,1054,105,10.500,46,0,0,0,0.000000
4,16.348364202,16.354388694,2054,3.150796538,0,0.000000000,0,104,10.400,49,0,0,0,0.000000
5,16.354547196,16.360284850,2054,3.150796538,0,0.000000000,1054,105,10.500,47,0,0,0,0.000000
6,16.360448783,16.366080527,2057,3.155398481,0,0.000000000,1068,103,10.300,47,0,0,14,0.014000
7,16.366227599,16.372299382,2038,3.126252846,0,0.000000000,0,104,10.400,47,0,0,0,0.000000
8,16.372444725,16.378249444,2024,3.104777115,0,0.000000000,37,105,10.500,47,0,0,40,0.040000
9,16.378417343,16.384360203,2045,3.136990711,0,0.000000000,0,105,10.500,48,0,0,33,0.033000
10,16.384516052,16.390189237,2055,3.152330519,0,0.000000000,1054,104,10.400,48,0,0,0,0.000000
11,16.390332985,16.396310050,2066,3.169204308,0,0.000000000,1068,106,10.600,48,0,0,39,0.039000
12,16.396477857,16.402481857,2055,3.152330519,0,0.000000000,1054,105,10.500,46,0,0,0,0.000000
4,16.402657598,16.408502359,2054,3.150796538,0,0.000000000,0,104,10.400,49,0,0,0,0.000000
5,16.408683680,16.414247295,2054,3.150796538,0,0.000000000,1054,105,10.500,47,0,0,0,0.000000
6,16.414434757,16.420247217,2057,3.155398481,0,0.000000000,1068,103,10.300,47,0,0,13,0.013000
7,16.420426797,16.426183031,2038,3.126252846,0,0.000000000,0,104,10.400,47,0,0,0,0.000000
8,16.426356975,16.432448640,2024,3.104777115,0,0.000000000,37,105,10.500,47,0,0,40,0.040000
9,16.432624521,16.438224017,2045,3.136990711,0,0.000000000,0,105,10.500,48,0,0,33,0.033000
10,16.438437834,16.444153296,2055,3.152330519,0,0.000000000,1054,104,10.400,48,0,0,0,0.000000
11,16.444319400,16.450286255,2066,3.169204308,0,0.000000000,1068,106,10.600,48,0,0,39,0.039000
12,16.450466919,16.456175473,2055,3.152330519,0,0.000000000,1054,105,10.500,46,0,0,0,0.000000
4,16.456337963,16.462190126,2054,3.150796538,0,0.000000000,0,104,10.400,49,0,0,0,0.000000
5,16.462332449,16.468303322,2054,3.150796538,0,0.000000000,1054,105,10.500,47,0,0,0,0.000000
6,16.468449579,16.474171424,2057,3.155398481,0,0.000000000,1068,103,10.300,48,0,0,13,0.013000
7,16.474320335,16.480245080,2038,3.126252846,0,0.000000000,0,104,10.400,47,0,0,0,0.000000
8,16.480413380,16.486153323,2024,3.104777115,0,0.000000000,37,105,10.500,47,0,0,40,0.040000
9,16.486313486,16.492176937,2045,3.136990711,0,0.000000000,0,105,10.500,47,0,0,33,0.033000
10,16.492333666,16.498409929,2055,3.152330519,0,0.000000000,1054,104,10.400,48,0,0,0,0.000000
11,16.498578630,16.504243393,2066,3.169204308,0,0.000000000,1068,106,10.600,48,0,0,39,0.039000
12,16.504414780,16.510319171,2055,3.152330519,0,0.000000000,1054,105,10.500,46,0,0,0,0.000000
4,16.510486926,16.516329129,2054,3.150796538,0,0.000000000,0,104,10.400,49,0,0,0,0.000000
5,16.516488978,16.522191014,2054,3.150796538,0,0.000000000,1054,105,10.500,47,0,0,0,0.000000
6,16.522339426,16.528121079,2057,3.155398481,0,0.000000000,1068,103,10.300,47,0,0,13,0.013000
7,16.528274571,16.534063225,2038,3.126252846,0,0.000000000,0,104,10.400,47,0,0,0,0.000000
8,16.534204604,16.540143628,2024,3.104777115,0,0.000000000,37,105,10.500,47,0,0,41,0.041000
9,16.540290974,16.546106776,2045,3.136990711,0,0.000000000,0,105,10.500,48,0,0,33,0.033000
10,16.546255685,16.552060179,2055,3.152330519,0,0.000000000,1054,104,10.400,48,0,0,0,0.000000
11,16.552203909,16.558211540,2066,3.169204308,0,0.000000000,1068,106,10.600,48,0,0,39,0.039000
12,16.558352491,16.564086427,2055,3.152330519,0,0.000000000,1054,105,10.500,46,0,0,0,0.000000
4,16.564231624,16.570471275,2054,3.150796538,0,0.000000000,0,104,10.400,49,0,0,0,0.000000
5,16.570694037,16.576140429,2054,3.150796538,0,0.000000000,1054,105,10.500,47,0,0,0,0.000000
6,16.576291143,16.582311103,2057,3.155398481,0,0.000000000,1068,103,10.300,47,0,0,14,0.014000
7,16.582471734,16.588174496,2038,3.126252846,0,0.000000000,0,104,10.400,47,0,0,0,0.000000
8,16.588362779,16.594409644,2024,3.104777115,0,0.000000000,37,105,10.500,47,0,0,40,0.040000
9,16.594594159,16.600465409,2045,3.136990711,0,0.000000000,0,105,10.500,47,0,0,33,0.033000
10,16.600666464,16.606409755,2055,3.152330519,0,0.000000000,1054,104,10.400,48,0,0,0,0.000000
11,16.606588949,16.612171794,2066,3.169204308,0,0.000000000,1068,106,10.600,48,0,0,38,0.038000
12,16.612356509,16.618458363,2055,3.152330519,0,0.000000000,1054,105,10.500,46,0,0,0,0.000000
4,16.618637711,16.624517387,2054,3.150796538,0,0.000000000,0,104,10.400,49,0,0,0,0.000000
5,16.624691664,16.630239409,2054,3.150796538,0,0.000000000,1054,105,10.500,47,0,0,0,0.000000
6,16.630429941,16.636232334,2057,3.155398481,0,0.000000000,1068,103,10.300,47,0,0,14,0.014000
7,16.636407639,16.642159549,2038,3.126252846,0,0.000000000,0,104,10.400,47,0,0,0,0.000000
8,16.642331640,16.648264511,2024,3.104777115,0,0.000000000,37,105,10.500,47,0,0,40,0.040000
9,16.648451708,16.654327765,2045,3.136990711,0,0.000000000,0,105,10.500,48,0,0,33,0.033000
10,16.654500812,16.660173965,2055,3.152330519,0,0.000000000,1054,104,10.400,48,0,0,0,0.000000
11,16.660339999,16.666267718,2066,3.169204308,0,0.000000000,1068,106,10.600,48,0,0,38,0.038000
12,16.666439433,16.672588477,2055,3.152330519,0,0.000000000,1054,105,10.500,46,0,0,0,0.000000
4,16.672774579,16.678385965,2054,3.150796538,0,0.000000000,0,104,10.400,49,0,0,0,0.000000
5,16.678569228,16.684181259,2054,3.150796538,0,0.000000000,1054,105,10.500,47,0,0,0,0.000000
6,16.684367557,16.690261774,2057,3.155398481,0,0.000000000,1068,103,10.300,47,0,0,14,0.014000
7,16.690440850,16.696382032,2038,3.126252846,0,0.000000000,0,105,10.500,47,0,0,0,0.000000
8,16.696581714,16.702153335,2024,3.104777115,0,0.000000000,37,105,10.500,47,0,0,40,0.040000
9,16.702366261,16.708330967,2045,3.136990711,0,0.000000000,0,105,10.500,48,0,0,32,0.032000
10,16.708514509,16.714515621,2055,3.152330519,0,0.000000000,1054,104,10.400,48,0,0,0,0.000000
11,16.714699985,16.720208218,2066,3.169204308,0,0.000000000,1068,106,10.600,48,0,0,39,0.039000
12,16.720388543,16.726200212,2055,3.152330519,0,0.000000000,1054,105,10.500,46,0,0,0,0.000000
4,16.726379474,16.732769952,2054,3.150796538,0,0.000000000,0,104,10.400,49,0,0,0,0.000000
5,16.732949732,16.738557910,2054,3.150796538,0,0.000000000,1054,105,10.500,47,0,0,0,0.000000
6,16.738820379,16.744354747,2057,3.155398481,0,0.000000000,1068,103,10.300,47,0,0,14,0.014000
7,16.744542477,16.750346066,2038,3.126252846,0,0.000000000,0,105,10.500,47,0,0,0,0.000000
8,16.750536027,16.756303326,2024,3.104777115,0,0.000000000,37,105,10.500,47,0,0,40,0.040000
9,16.756482699,16.762348402,2045,3.136990711,0,0.000000000,0,105,10.500,48,0,0,33,0.033000
10,16.762532989,16.768531422,2055,3.152330519,0,0.000000000,1054,104,10.400,48,0,0,0,0.000000
11,16.768707134,16.774279344,2066,3.169204308,0,0.000000000,1068,106,10.600,48,0,0,39,0.039000
12,16.774480148,16.780307926,2055,3.152330519,0,0.000000000,1054,105,10.500,46,0,0,0,0.000000
4,16.780516188,16.786395713,2054,3.150796538,0,0.000000000,0,104,10.400,49,0,0,0,0.000000
5,16.786572304,16.792217339,2054,3.150796538,0,0.000000000,1054,105,10.500,47,0,0,0,0.000000
6,16.792393556,16.798215084,2057,3.155398481,0,0.000000000,1068,103,10.300,47,0,0,13,0.013000
7,16.798406044,16.804259718,2038,3.126252846,0,0.000000000,0,104,10.400,47,0,0,0,0.000000
8,16.804432222,16.810144243,2024,3.104777115,0,0.000000000,37,105,10.500,47,0,0,40,0.040000
9,16.810321185,16.816199288,2045,3.136990711,0,0.000000000,0,105,10.500,48,0,0,33,0.033000
10,16.816375625,16.822248357,2055,3.152330519,0,0.000000000,1054,104,10.400,48,0,0,0,0.000000
11,16.822413424,16.828216856,2066,3.169204308,0,0.000000000,1068,106,10.600,48,0,0,39,0.039000
12,16.828386539,16.834075632,2055,3.152330519,0,0.000000000,1054,105,10.500,46,0,0,0,0.000000
4,16.834637472,16.840113834,2054,3.150796538,0,0.000000000,0,104,10.400,49,0,0,0,0.000000
5,16.840256726,16.846068559,2054,3.150796538,0,0.000000000,1054,105,10.500,47,0,0,0,0.000000
6,16.846215096,16.852143434,2057,3.155398481,0,0.000000000,1068,103,10.300,47,0,0,13,0.013000
7,16.852291473,16.858103821,2038,3.126252846,0,0.000000000,0,104,10.400,47,0,0,0,0.000000
8,16.858247149,16.864249327,2024,3.104777115,0,0.000000000,37,105,10.500,47,0,0,40,0.040000
9,16.864398835,16.870301634,2045,3.136990711,0,0.000000000,0,105,10.500,48,0,0,33,0.033000
10,16.870517669,16.876176245,2055,3.152330519,0,0.000000000,1054,104,10.400,48,0,0,0,0.000000
11,16.876324384,16.882298073,2066,3.169204308,0,0.000000000,1068,106,10.600,48,0,0,38,0.038000
12,16.882491319,16.888501362,2055,3.152330519,0,0.000000000,1054,105,10.500,46,0,0,0,0.000000
4,16.888678011,16.894328179,2054,3.150796538,0,0.000000000,0,104,10.400,49,0,0,0,0.000000
5,16.894511522,16.900308524,2054,3.150796538,0,0.000000000,1054,105,10.500,47,0,0,0,0.000000
6,16.900483655,16.906309615,2057,3.155398481,0,0.000000000,1068,103,10.300,47,0,0,14,0.014000
7,16.906496203,16.912353081,2038,3.126252846,0,0.000000000,0,104,10.400,47,0,0,0,0.000000
8,16.912556502,16.918398371,2024,3.104777115,0,0.000000000,37,105,10.500,47,0,0,40,0.040000
9,16.918584778,16.924233935,2045,3.136990711,0,0.000000000,0,105,10.500,48,0,0,33,0.033000
10,16.924414030,16.930407118,2055,3.152330519,0,0.000000000,1054,104,10.400,48,0,0,0,0.000000
11,16.930583772,16.936212629,2066,3.169204308,0,0.000000000,1068,106,10.600,48,0,0,39,0.039000
12,16.936390617,16.942110092,2055,3.152330519,0,0.000000000,1054,105,10.500,46,0,0,0,0.000000
4,16.942283654,16.948262725,2054,3.150796538,0,0.000000000,0,104,10.400,49,0,0,0,0.000000
5,16.948435134,16.954182212,2054,3.150796538,0,0.000000000,1054,105,10.500,47,0,0,0,0.000000
6,16.954342637,16.960240198,2057,3.155398481,0,0.000000000,1068,103,10.300,47,0,0,13,0.013000
7,16.960404921,16.966166803,2038,3.126252846,0,0.000000000,0,104,10.400,47,0,0,0,0.000000
8,16.966313663,16.972211128,2024,3.104777115,0,0.000000000,37,105,10.500,47,0,0,41,0.041000
9,16.972369007,16.978325278,2045,3.136990711,0,0.000000000,0,105,10.500,48,0,0,33,0.033000
10,16.978566084,16.984221668,2055,3.152330519,0,0.000000000,1054,104,10.400,48,0,0,0,0.000000
11,16.984397248,16.990213635,2066,3.169204308,0,0.000000000,1068,106,10.600,48,0,0,38,0.038000
12,16.990391988,16.996317988,2055,3.152330519,0,0.000000000,1054,105,10.500,46,0,0,0,0.000000
4,16.996503686,17.002404467,2054,3.150796538,0,0.000000000,0,104,10.400,49,0,0,0,0.000000
5,17.002579853,17.008295455,2054,3.150796538,0,0.000000000,1054,105,10.500,47,0,0,0,0.000000
6,17.008472618,17.014157393,2057,3.155398481,0,0.000000000,1068,103,10.300,47,0,0,14,0.014000
7,17.014347018,17.020397982,2038,3.126252846,0,0.000000000,0,104,10.400,47,0,0,0,0.000000
8,17.020592687,17.026245773,2024,3.104777115,0,0.000000000,37,105,10.500,47,0,0,40,0.040000
9,17.026425208,17.032392822,2045,3.136990711,0,0.000000000,0,105,10.500,48,0,0,33,0.033000
10,17.032572101,17.038537150,2055,3.152330519,0,0.000000000,1054,104,10.400,48,0,0,0,0.000000
11,17.038713332,17.044280489,2066,3.169204308,0,0.000000000,1068,106,10.600,48,0,0,38,0.038000
12,17.044521595,17.050176886,2055,3.152330519,0,0.000000000,1054,105,10.500,46,0,0,0,0.000000
4,17.050355647,17.056396031,2054,3.150796538,0,0.000000000,0,104,10.400,49,0,0,0,0.000000
5,17.056568339,17.062170572,2054,3.150796538,0,0.000000000,1054,105,10.500,47,0,0,0,0.000000
6,17.062362248,17.068248768,2057,3.155398481,0,0.000000000,1068,103,10.300,47,0,0,14,0.014000
7,17.068427266,17.074287985,2038,3.126252846,0,0.000000000,0,104,10.400,47,0,0,0,0.000000
8,17.074463724,17.080361483,2024,3.104777115,0,0.000000000,37,105,10.500,47,0,0,41,0.041000
9,17.080592383,17.086291323,2045,3.136990711,0,0.000000000,0,105,10.500,48,0,0,33,0.033000
10,17.086478517,17.092211739,2055,3.152330519,0,0.000000000,1054,104,10.400,48,0,0,0,0.000000
11,17.092391436,17.098267387,2066,3.169204308,0,0.000000000,1068,106,10.600,48,0,0,38,0.038000
12,17.098448583,17.104238779,2055,3.152330519,0,0.000000000,1054,105,10.500,46,0,0,0,0.000000
4,17.104417687,17.110398463,2054,3.150796538,0,0.000000000,0,104,10.400,49,0,0,0,0.000000
5,17.110573595,17.116164882,2054,3.150796538,0,0.000000000,1054,105,10.500,47,0,0,0,0.000000
6,17.116369668,17.122176871,2057,3.155398481,0,0.000000000,1068,103,10.300,47,0,0,13,0.013000
7,17.122355655,17.128310111,2038,3.126252846,0,0.000000000,0,104,10.400,47,0,0,0,0.000000
8,17.128486128,17.134442864,2024,3.104777115,0,0.000000000,37,105,10.500,47,0,0,40,0.040000
9,17.134729801,17.140319899,2045,3.136990711,0,0.000000000,0,105,10.500,48,0,0,33,0.033000
10,17.140502791,17.146306888,2055,3.152330519,0,0.000000000,1054,104,10.400,48,0,0,0,0.000000
11,17.146529058,17.152231829,2066,3.169204308,0,0.000000000,1068,106,10.600,48,0,0,39,0.039000
12,17.152454715,17.158275962,2055,3.152330519,0,0.000000000,1054,105,10.500,46,0,0,0,0.000000
4,17.158455354,17.164230551,2054,3.150796538,0,0.000000000,0,104,10.400,49,0,0,0,0.000000
5,17.164423707,17.170235526,2054,3.150796538,0,0.000000000,1054,105,10.500,47,0,0,0,0.000000
6,17.170413336,17.176277491,2057,3.155398481,0,0.000000000,1068,103,10.300,47,0,0,14,0.014000
7,17.176468132,17.182436585,2038,3.126252846,0,0.000000000,0,104,10.400,47,0,0,0,0.000000
8,17.182613720,17.188377785,2024,3.104777115,0,0.000000000,37,105,10.500,47,0,0,41,0.041000
9,17.188558284,17.194173230,2045,3.136990711,0,0.000000000,0,105,10.500,48,0,0,33,0.033000
10,17.194353090,17.200412928,2055,3.152330519,0,0.000000000,1054,104,10.400,48,0,0,0,0.000000
11,17.200591664,17.206480943,2066,3.169204308,0,0.000000000,1068,106,10.600,48,0,0,38,0.038000
12,17.206759002,17.212279611,2055,3.152330519,0,0.000000000,1054,105,10.500,46,0,0,0,0.000000
4,17.212479356,17.218327064,2054,3.150796538,0,0.000000000,0,104,10.400,49,0,0,0,0.000000
5,17.218509039,17.224330284,2054,3.150796538,0,0.000000000,1054,105,10.500,47,0,0,0,0.000000
6,17.224506236,17.230239526,2057,3.155398481,0,0.000000000,1068,103,10.300,47,0,0,13,0.013000
7,17.230426166,17.236199333,2038,3.126252846,0,0.000000000,0,104,10.400,47,0,0,0,0.000000
8,17.236371627,17.242047284,2024,3.104777115,0,0.000000000,37,105,10.500,47,0,0,40,0.040000
9,17.242225996,17.248195722,2045,3.136990711,0,0.000000000,0,105,10.500,48,0,0,33,0.033000
10,17.248376383,17.254249249,2055,3.152330519,0,0.000000000,1054,104,10.400,48,0,0,0,0.000000
11,17.254434651,17.260306947,2066,3.169204308,0,0.000000000,1068,106,10.600,48,0,0,38,0.038000
12,17.260476448,17.266055958,2055,3.152330519,0,0.000000000,1054,105,10.500,46,0,0,0,0.000000
4,17.266223239,17.272020754,2054,3.150796538,0,0.000000000,0,104,10.400,49,0,0,0,0.000000
5,17.272181318,17.277973214,2054,3.150796538,0,0.000000000,1054,105,10.500,47,0,0,0,0.000000
6,17.278116978,17.284068649,2057,3.155398481,0,0.000000000,1068,103,10.300,47,0,0,13,0.013000
7,17.284229758,17.290095888,2038,3.126252846,0,0.000000000,0,104,10.400,47,0,0,0,0.000000
8,17.290244215,17.296251973,2024,3.104777115,0,0.000000000,37,105,10.500,47,0,0,40,0.040000
9,17.296429948,17.302089143,2045,3.136990711,0,0.000000000,0,105,10.500,48,0,0,33,0.033000
10,17.302253831,17.308066901,2055,3.152330519,0,0.000000000,1054,104,10.400,48,0,0,0,0.000000
11,17.308240145,17.314433015,2066,3.169204308,0,0.000000000,1068,106,10.600,48,0,0,38,0.038000
12,17.314615030,17.320195850,2055,3.152330519,0,0.000000000,1054,105,10.500,46,0,0,0,0.000000
4,17.320396150,17.326322223,2054,3.150796538,0,0.000000000,0,104,10.400,49,0,0,0,0.000000
5,17.326495958,17.332241951,2054,3.150796538,0,0.000000000,1054,105,10.500,47,0,0,0,0.000000
6,17.332424909,17.338608653,2057,3.155398481,0,0.000000000,1068,103,10.300,47,0,0,13,0.013000
7,17.338789188,17.344327008,2038,3.126252846,0,0.000000000,0,104,10.400,47,0,0,0,0.000000
8,17.344503293,17.350178998,2024,3.104777115,0,0.000000000,37,105,10.500,47,0,0,40,0.040000
9,17.350437517,17.356329751,2045,3.136990711,0,0.000000000,0,105,10.500,48,0,0,33,0.033000
10,17.356507333,17.362236354,2055,3.152330519,0,0.000000000,1054,104,10.400,48,0,0,0,0.000000
11,17.362413658,17.368106872,2066,3.169204308,0,0.000000000,1068,106,10.600,48,0,0,38,0.038000
12,17.368284244,17.374223260,2055,3.152330519,0,0.000000000,1054,105,10.500,46,0,0,0,0.000000
4,17.374399297,17.380442586,2054,3.150796538,0,0.000000000,0,104,10.400,49,0,0,0,0.000000
5,17.380638916,17.386208034,2054,3.150796538,0,0.000000000,1054,105,10.500,47,0,0,0,0.000000
6,17.386384561,17.392096162,2057,3.155398481,0,0.000000000,1068,103,10.300,47,0,0,13,0.013000
7,17.392275603,17.398305830,2038,3.126252846,0,0.000000000,0,104,10.400,47,0,0,0,0.000000
8,17.398482455,17.404113069,2024,3.104777115,0,0.000000000,37,105,10.500,47,0,0,41,0.041000
9,17.404294216,17.410175618,2045,3.136990711,0,0.000000000,0,105,10.500,48,0,0,33,0.033000
10,17.410362606,17.416232095,2055,3.152330519,0,0.000000000,1054,104,10.400,48,0,0,0,0.000000
11,17.416448170,17.422348516,2066,3.169204308,0,0.000000000,1068,106,10.600,48,0,0,38,0.038000
12,17.422534759,17.428181570,2055,3.152330519,0,0.000000000,1054,104,10.400,46,0,0,0,0.000000
4,17.428354347,17.434281365,2054,3.150796538,0,0.000000000,0,104,10.400,49,0,0,0,0.000000
5,17.434510242,17.440260083,2054,3.150796538,0,0.000000000,1054,105,10.500,47,0,0,0,0.000000
6,17.440444284,17.446187121,2057,3.155398481,0,0.000000000,1068,103,10.300,47,0,0,13,0.013000
7,17.446462542,17.452165583,2038,3.126252846,0,0.000000000,0,104,10.400,47,0,0,0,0.000000
8,17.452342756,17.458172798,2024,3.104777115,0,0.000000000,37,105,10.500,47,0,0,40,0.040000
9,17.458352275,17.464266134,2045,3.136990711,0,0.000000000,0,105,10.500,48,0,0,33,0.033000
10,17.464460092,17.470212882,2055,3.152330519,0,0.000000000,1054,104,10.400,48,0,0,0,0.000000
11,17.470388347,17.476255957,2066,3.169204308,0,0.000000000,1068,106,10.600,48,0,0,38,0.038000
12,17.476432739,17.482155380,2055,3.152330519,0,0.000000000,1054,105,10.500,46,0,0,0,0.000000
4,17.482338921,17.488257394,2054,3.150796538,0,0.000000000,0,104,10.400,49,0,0,0,0.000000
5,17.488434082,17.494136656,2054,3.150796538,0,0.000000000,1054,105,10.500,47,0,0,0,0.000000
6,17.494315152,17.500441155,2057,3.155398481,0,0.000000000,1068,103,10.300,47,0,0,14,0.014000
7,17.500664696,17.506395793,2038,3.126252846,0,0.000000000,0,104,10.400,47,0,0,0,0.000000
8,17.506582090,17.512076325,2024,3.104777115,0,0.000000000,37,105,10.500,47,0,0,40,0.040000
9,17.512277362,17.518432397,2045,3.136990711,0,0.000000000,0,105,10.500,48,0,0,33,0.033000
10,17.518627022,17.524168903,2055,3.152330519,0,0.000000000,1054,104,10.400,48,0,0,0,0.000000
11,17.524341949,17.530262316,2066,3.169204308,0,0.000000000,1068,106,10.600,48,0,0,38,0.038000
12,17.530454233,17.536116973,2055,3.152330519,0,0.000000000,1054,105,10.500,46,0,0,0,0.000000
4,17.536292516,17.542030509,2054,3.150796538,0,0.000000000,0,104,10.400,49,0,0,0,0.000000
5,17.542199652,17.548118399,2054,3.150796538,0,0.000000000,1054,105,10.500,47,0,0,0,0.000000
6,17.548287494,17.554285128,2057,3.155398481,0,0.000000000,1068,103,10.300,47,0,0,14,0.014000
7,17.554457228,17.559991399,2038,3.126252846,0,0.000000000,0,104,10.400,47,0,0,0,0.000000
8,17.560144600,17.566016447,2024,3.104777115,0,0.000000000,37,105,10.500,47,0,0,40,0.040000
9,17.566165493,17.572098666,2045,3.136990711,0,0.000000000,0,105,10.500,47,0,0,33,0.033000
10,17.572255059,17.578280530,2055,3.152330519,0,0.000000000,1054,104,10.400,48,0,0,0,0.000000
11,17.578437349,17.584325530,2066,3.169204308,0,0.000000000,1068,106,10.600,48,0,0,39,0.039000
12,17.584474785,17.590091262,2055,3.152330519,0,0.000000000,1054,105,10.500,46,0,0,0,0.000000
4,17.590237548,17.596182029,2054,3.150796538,0,0.000000000,0,104,10.400,49,0,0,0,0.000000
5,17.596336287,17.602206647,2054,3.150796538,0,0.000000000,1054,105,10.500,47,0,0,0,0.000000
6,17.602392061,17.608018587,2057,3.155398481,0,0.000000000,1068,103,10.300,47,0,0,14,0.014000
7,17.608187429,17.614224338,2038,3.126252846,0,0.000000000,0,104,10.400,47,0,0,0,0.000000
8,17.614405857,17.620491209,2024,3.104777115,0,0.000000000,37,105,10.500,47,0,0,40,0.040000
9,17.620778560,17.626466775,2045,3.136990711,0,0.000000000,0,105,10.500,48,0,0,33,0.033000
10,17.626672762,17.632332445,2055,3.152330519,0,0.000000000,1054,104,10.400,48,0,0,0,0.000000
11,17.632534966,17.638204502,2066,3.169204308,0,0.000000000,1068,106,10.600,48,0,0,39,0.039000
12,17.638410465,17.644282057,2055,3.152330519,0,0.000000000,1054,105,10.500,46,0,0,0,0.000000
4,17.644489630,17.650479731,2054,3.150796538,0,0.000000000,0,104,10.400,49,0,0,0,0.000000
5,17.650655738,17.656302326,2054,3.150796538,0,0.000000000,1054,105,10.500,47,0,0,0,0.000000
6,17.656468124,17.662182300,2057,3.155398481,0,0.000000000,1068,103,10.300,47,0,0,13,0.013000
7,17.662354215,17.668259605,2038,3.126252846,0,0.000000000,0,104,10.400,47,0,0,0,0.000000
8,17.668434023,17.674113429,2024,3.104777115,0,0.000000000,37,105,10.500,47,0,0,40,0.040000
9,17.674287864,17.680212873,2045,3.136990711,0,0.000000000,0,105,10.500,48,0,0,33,0.033000
10,17.680395699,17.686066445,2055,3.152330519,0,0.000000000,1054,104,10.400,48,0,0,0,0.000000
11,17.686241183,17.692174142,2066,3.169204308,0,0.000000000,1068,106,10.600,48,0,0,39,0.039000
12,17.692352519,17.698085154,2055,3.152330519,0,0.000000000,1054,105,10.500,46,0,0,0,0.000000
4,17.698262563,17.704401425,2054,3.150796538,0,0.000000000,0,104,10.400,49,0,0,0,0.000000
5,17.704622029,17.710204190,2054,3.150796538,0,0.000000000,1054,105,10.500,47,0,0,0,0.000000
6,17.710382269,17.716329074,2057,3.155398481,0,0.000000000,1068,103,10.300,47,0,0,13,0.013000
7,17.716518216,17.722222052,2038,3.126252846,0,0.000000000,0,104,10.400,47,0,0,0,0.000000
8,17.722394670,17.728331244,2024,3.104777115,0,0.000000000,37,105,10.500,47,0,0,40,0.040000
9,17.728519827,17.734115726,2045,3.136990711,0,0.000000000,0,105,10.500,48,0,0,33,0.033000
10,17.734295526,17.740160562,2055,3.152330519,0,0.000000000,1054,104,10.400,48,0,0,0,0.000000
11,17.740335407,17.746259912,2066,3.169204308,0,0.000000000,1068,106,10.600,48,0,0,39,0.039000
12,17.746452637,17.752194869,2055,3.152330519,0,0.000000000,1054,105,10.500,46,0,0,0,0.000000
4,17.752369773,17.758201001,2054,3.150796538,0,0.000000000,0,104,10.400,49,0,0,0,0.000000
5,17.758374643,17.764356433,2054,3.150796538,0,0.000000000,1054,105,10.500,47,0,0,0,0.000000
6,17.764540037,17.770111187,2057,3.155398481,0,0.000000000,1068,103,10.300,47,0,0,13,0.013000
7,17.770290460,17.776032499,2038,3.126252846,0,0.000000000,0,104,10.400,47,0,0,0,0.000000
8,17.776211454,17.782237722,2024,3.104777115,0,0.000000000,37,105,10.500,47,0,0,40,0.040000
9,17.782446887,17.788190745,2045,3.136990711,0,0.000000000,0,105,10.500,48,0,0,33,0.033000
10,17.788371240,17.794067836,2055,3.152330519,0,0.000000000,1054,104,10.400,48,0,0,0,0.000000
11,17.794242854,17.800102482,2066,3.169204308,0,0.000000000,1068,106,10.600,48,0,0,39,0.039000
12,17.800303191,17.806170047,2055,3.152330519,0,0.000000000,1054,105,10.500,46,0,0,0,0.000000
4,17.806343083,17.812219507,2054,3.150796538,0,0.000000000,0,104,10.400,49,0,0,0,0.000000
5,17.812403132,17.818071720,2054,3.150796538,0,0.000000000,1054,105,10.500,47,0,0,0,0.000000
6,17.818237655,17.824047345,2057,3.155398481,0,0.000000000,1068,103,10.300,47,0,0,14,0.014000
7,17.824192646,17.830198184,2038,3.126252846,0,0.000000000,0,104,10.400,47,0,0,0,0.000000
8,17.830340529,17.836128046,2024,3.104777115,0,0.000000000,37,105,10.500,47,0,0,40,0.040000
9,17.836274514,17.842156727,2045,3.136990711,0,0.000000000,0,105,10.500,48,0,0,33,0.033000
10,17.842298855,17.848111762,2055,3.152330519,0,0.000000000,1054,104,10.400,48,0,0,0,0.000000
11,17.848249286,17.854051588,2066,3.169204308,0,0.000000000,1068,106,10.600,48,0,0,39,0.039000
12,17.854200873,17.860308123,2055,3.152330519,0,0.000000000,1054,105,10.500,46,0,0,0,0.000000
4,17.860507746,17.866144491,2054,3.150796538,0,0.000000000,0,104,10.400,49,0,0,0,0.000000
5,17.866288170,17.872019892,2054,3.150796538,0,0.000000000,1054,105,10.500,47,0,0,0,0.000000
6,17.872167430,17.878474210,2057,3.155398481,0,0.000000000,1068,103,10.300,47,0,0,13,0.013000
7,17.878662606,17.884204376,2038,3.126252846,0,0.000000000,0,104,10.400,47,0,0,0,0.000000
8,17.884349075,17.890179835,2024,3.104777115,0,0.000000000,37,105,10.500,47,0,0,40,0.040000
9,17.890328991,17.896264093,2045,3.136990711,0,0.000000000,0,105,10.500,48,0,0,33,0.033000
10,17.896415575,17.902216995,2055,3.152330519,0,0.000000000,1054,104,10.400,48,0,0,0,0.000000
11,17.902359926,17.908172759,2066,3.169204308,0,0.000000000,1068,106,10.600,48,0,0,38,0.038000
12,17.908320125,17.914117153,2055,3.152330519,0,0.000000000,1054,104,10.400,46,0,0,0,0.000000
4,17.914272888,17.920268657,2054,3.150796538,0,0.000000000,0,104,10.400,49,0,0,0,0.000000
5,17.920437328,17.926338501,2054,3.150796538,0,0.000000000,1054,105,10.500,47,0,0,0,0.000000
6,17.926488710,17.931977893,2057,3.155398481,0,0.000000000,1068,103,10.300,47,0,0,14,0.014000
7,17.932123126,17.937936353,2038,3.126252846,0,0.000000000,0,104,10.400,47,0,0,0,0.000000
8,17.938078659,17.944179162,2024,3.104777115,0,0.000000000,37,105,10.500,47,0,0,40,0.040000
9,17.944325843,17.949917575,2045,3.136990711,0,0.000000000,0,105,10.500,48,0,0,33,0.033000
10,17.950059786,17.956063300,2055,3.152330519,0,0.000000000,1054,104,10.400,48,0,0,0,0.000000
11,17.956201181,17.962002967,2066,3.169204308,0,0.000000000,1068,106,10.600,48,0,0,38,0.038000
12,17.962146492,17.968128597,2055,3.152330519,0,0.000000000,1054,104,10.400,46,0,0,0,0.000000
4,17.968267587,17.974037846,2054,3.150796538,0,0.000000000,0,104,10.400,49,0,0,0,0.000000
5,17.974175049,17.979923586,2054,3.150796538,0,0.000000000,1054,105,10.500,47,0,0,0,0.000000
6,17.980067548,17.986259710,2057,3.155398481,0,0.000000000,1068,103,10.300,47,0,0,14,0.014000
7,17.986464039,17.992094679,2038,3.126252846,0,0.000000000,0,104,10.400,47,0,0,0,0.000000
8,17.992240581,17.998069755,2024,3.104777115,0,0.000000000,37,105,10.500,47,0,0,40,0.040000
9,17.998221463,18.004077058,2045,3.136990711,0,0.000000000,0,105,10.500,48,0,0,34,0.034000
10,18.004229046,18.010040725,2055,3.152330519,0,0.000000000,1054,104,10.400,48,0,0,0,0.000000
11,18.010195271,18.016208676,2066,3.169204308,0,0.000000000,1068,106,10.600,48,0,0,39,0.039000
12,18.016365207,18.022109781,2055,3.152330519,0,0.000000000,1054,104,10.400,46,0,0,0,0.000000
4,18.022261669,18.028126446,2054,3.150796538,0,0.000000000,0,104,10.400,49,0,0,0,0.000000
5,18.028278887,18.034285526,2054,3.150796538,0,0.000000000,1054,105,10.500,47,0,0,0,0.000000
6,18.034435207,18.040176604,2057,3.155398481,0,0.000000000,1068,103,10.300,47,0,0,13,0.013000
7,18.040353486,18.046325103,2038,3.126252846,0,0.000000000,0,104,10.400,47,0,0,0,0.000000
8,18.046528912,18.052193083,2024,3.104777115,0,0.000000000,37,105,10.500,47,0,0,40,0.040000
9,18.052373181,18.058151499,2045,3.136990711,0,0.000000000,0,105,10.500,48,0,0,33,0.033000
10,18.058332011,18.064215727,2055,3.152330519,0,0.000000000,1054,104,10.400,48,0,0,0,0.000000
11,18.064392249,18.070152373,2066,3.169204308,0,0.000000000,1068,106,10.600,48,0,0,39,0.039000
12,18.070340739,18.076117265,2055,3.152330519,0,0.000000000,1054,104,10.400,46,0,0,0,0.000000
4,18.076295321,18.082147883,2054,3.150796538,0,0.000000000,0,104,10.400,49,0,0,0,0.000000
5,18.082330521,18.088125633,2054,3.150796538,0,0.000000000,1054,105,10.500,47,0,0,0,0.000000
6,18.088303016,18.094061565,2057,3.155398481,0,0.000000000,1068,103,10.300,47,0,0,14,0.014000
7,18.094241786,18.100268165,2038,3.126252846,0,0.000000000,0,104,10.400,47,0,0,0,0.000000
8,18.100464911,18.106080542,2024,3.104777115,0,0.000000000,37,105,10.500,47,0,0,40,0.040000
9,18.106256326,18.112137996,2045,3.136990711,0,0.000000000,0,105,10.500,48,0,0,33,0.033000
10,18.112330677,18.118205488,2055,3.152330519,0,0.000000000,1054,104,10.400,48,0,0,0,0.000000
11,18.118370222,18.124171899,2066,3.169204308,0,0.000000000,1068,106,10.600,48,0,0,38,0.038000
12,18.124339646,18.129964883,2055,3.152330519,0,0.000000000,1054,105,10.500,46,0,0,0,0.000000
4,18.130109610,18.136125628,2054,3.150796538,0,0.000000000,0,104,10.400,49,0,0,0,0.000000
5,18.136267736,18.142109626,2054,3.150796538,0,0.000000000,1054,105,10.500,47,0,0,0,0.000000
6,18.142252622,18.148073285,2057,3.155398481,0,0.000000000,1068,103,10.300,47,0,0,13,0.013000
7,18.148215739,18.154168031,2038,3.126252846,0,0.000000000,0,104,10.400,47,0,0,0,0.000000
8,18.154304454,18.160035633,2024,3.104777115,0,0.000000000,37,105,10.500,47,0,0,40,0.040000
9,18.160203805,18.166020031,2045,3.136990711,0,0.000000000,0,105,10.500,48,0,0,33,0.033000
10,18.166168371,18.172228556,2055,3.152330519,0,0.000000000,1054,104,10.400,48,0,0,0,0.000000
11,18.172371500,18.177835963,2066,3.169204308,0,0.000000000,1068,106,10.600,48,0,0,38,0.038000
12,18.177983165,18.184103328,2055,3.152330519,0,0.000000000,1054,105,10.500,46,0,0,0,0.000000
4,18.184259023,18.189951391,2054,3.150796538,0,0.000000000,0,104,10.400,49,0,0,0,0.000000
5,18.190095961,18.196243159,2054,3.150796538,0,0.000000000,1054,105,10.500,47,0,0,0,0.000000
6,18.196435278,18.202112005,2057,3.155398481,0,0.000000000,1068,103,10.300,47,0,0,13,0.013000
7,18.202260489,18.208168350,2038,3.126252846,0,0.000000000,0,104,10.400,47,0,0,0,0.000000
8,18.208311990,18.213938300,2024,3.104777115,0,0.000000000,37,105,10.500,47,0,0,40,0.040000
9,18.214089145,18.220113865,2045,3.136990711,0,0.000000000,0,105,10.500,47,0,0,33,0.033000
10,18.220261753,18.226056813,2055,3.152330519,0,0.000000000,1054,104,10.400,48,0,0,0,0.000000
11,18.226193624,18.232032666,2066,3.169204308,0,0.000000000,1068,106,10.600,48,0,0,39,0.039000
12,18.232169037,18.237870464,2055,3.152330519,0,0.000000000,1054,105,10.500,46,0,0,0,0.000000
4,18.237986543,18.244069708,2054,3.150796538,0,0.000000000,0,104,10.400,49,0,0,0,0.000000
5,18.244180603,18.250070232,2054,3.150796538,0,0.000000000,1054,105,10.500,47,0,0,0,0.000000
6,18.250184843,18.256142755,2057,3.155398481,0,0.000000000,1068,103,10.300,47,0,0,14,0.014000
7,18.256277146,18.261889349,2038,3.126252846,0,0.000000000,0,104,10.400,47,0,0,0,0.000000
8,18.262035660,18.268109251,2024,3.104777115,0,0.000000000,37,105,10.500,47,0,0,40,0.040000
9,18.268227317,18.274024564,2045,3.136990711,0,0.000000000,0,105,10.500,48,0,0,32,0.032000
10,18.274160947,18.280897466,2055,3.152330519,0,0.000000000,1054,104,10.400,48,0,0,0,0.000000
11,18.281190962,18.286486973,2066,3.169204308,0,0.000000000,1068,106,10.600,48,0,0,38,0.038000
12,18.286757373,18.292356612,2055,3.152330519,0,0.000000000,1054,105,10.500,46,0,0,0,0.000000
4,18.292523129,18.298428338,2054,3.150796538,0,0.000000000,0,104,10.400,49,0,0,0,0.000000
5,18.298629123,18.304162730,2054,3.150796538,0,0.000000000,1054,105,10.500,47,0,0,0,0.000000
6,18.304362232,18.310180670,2057,3.155398481,0,0.000000000,1068,103,10.300,47,0,0,13,0.013000
7,18.310385945,18.316386972,2038,3.126252846,0,0.000000000,0,104,10.400,47,0,0,0,0.000000
8,18.316583770,18.322316959,2024,3.104777115,0,0.000000000,37,105,10.500,47,0,0,40,0.040000
9,18.322522827,18.328976806,2045,3.136990711,0,0.000000000,0,105,10.500,48,0,0,33,0.033000
10,18.329249170,18.334443051,2055,3.152330519,0,0.000000000,1054,104,10.400,48,0,0,0,0.000000
11,18.334640199,18.340244526,2066,3.169204308,0,0.000000000,1068,106,10.600,48,0,0,38,0.038000
12,18.340450471,18.346130677,2055,3.152330519,0,0.000000000,1054,105,10.500,46,0,0,0,0.000000
4,18.346329606,18.352185562,2054,3.150796538,0,0.000000000,0,104,10.400,49,0,0,0,0.000000
5,18.352385629,18.358148614,2054,3.150796538,0,0.000000000,1054,105,10.500,47,0,0,0,0.000000
6,18.358310018,18.363964047,2057,3.155398481,0,0.000000000,1068,103,10.300,47,0,0,14,0.014000
7,18.364109645,18.369892416,2038,3.126252846,0,0.000000000,0,104,10.400,47,0,0,0,0.000000
8,18.370028881,18.376034986,2024,3.104777115,0,0.000000000,37,105,10.500,47,0,0,41,0.041000
9,18.376178390,18.382081330,2045,3.136990711,0,0.000000000,0,105,10.500,48,0,0,32,0.032000
10,18.382231950,18.387936987,2055,3.152330519,0,0.000000000,1054,104,10.400,48,0,0,0,0.000000
11,18.388083218,18.394460626,2066,3.169204308,0,0.000000000,1068,106,10.600,48,0,0,39,0.039000
12,18.394627746,18.400230918,2055,3.152330519,0,0.000000000,1054,105,10.500,46,0,0,0,0.000000
4,18.400396765,18.406094472,2054,3.150796538,0,0.000000000,0,104,10.400,49,0,0,0,0.000000
5,18.406258016,18.412134766,2054,3.150796538,0,0.000000000,1054,105,10.500,47,0,0,0,0.000000
6,18.412303758,18.418166300,2057,3.155398481,0,0.000000000,1068,103,10.300,47,0,0,14,0.014000
7,18.418345782,18.424092876,2038,3.126252846,0,0.000000000,0,104,10.400,47,0,0,0,0.000000
8,18.424268867,18.430154262,2024,3.104777115,0,0.000000000,37,105,10.500,47,0,0,40,0.040000
9,18.430350117,18.436219695,2045,3.136990711,0,0.000000000,0,105,10.500,48,0,0,33,0.033000
10,18.436402385,18.442319409,2055,3.152330519,0,0.000000000,1054,104,10.400,48,0,0,0,0.000000
11,18.442496342,18.448113774,2066,3.169204308,0,0.000000000,1068,106,10.600,48,0,0,38,0.038000
12,18.448294724,18.453982770,2055,3.152330519,0,0.000000000,1054,105,10.500,46,0,0,0,0.000000
4,18.454160663,18.460105215,2054,3.150796538,0,0.000000000,0,104,10.400,49,0,0,0,0.000000
5,18.460279579,18.466002066,2054,3.150796538,0,0.000000000,1054,105,10.500,47,0,0,0,0.000000
6,18.466175433,18.472013628,2057,3.155398481,0,0.000000000,1068,103,10.300,47,0,0,14,0.014000
7,18.472191747,18.478163465,2038,3.126252846,0,0.000000000,0,104,10.400,47,0,0,0,0.000000
8,18.478339910,18.484055595,2024,3.104777115,0,0.000000000,37,105,10.500,47,0,0,40,0.040000
9,18.484233926,18.490114638,2045,3.136990711,0,0.000000000,0,105,10.500,48,0,0,33,0.033000
10,18.490345589,18.496059905,2055,3.152330519,0,0.000000000,1054,104,10.400,48,0,0,0,0.000000
11,18.496236227,18.502298633,2066,3.169204308,0,0.000000000,1068,106,10.600,48,0,0,39,0.039000
12,18.502498723,18.508260962,2055,3.152330519,0,0.000000000,1054,105,10.500,46,0,0,0,0.000000
4,18.508439762,18.514058502,2054,3.150796538,0,0.000000000,0,104,10.400,49,0,0,0,0.000000
5,18.514290780,18.520204130,2054,3.150796538,0,0.000000000,1054,105,10.500,47,0,0,0,0.000000
6,18.520393116,18.526264115,2057,3.155398481,0,0.000000000,1068,103,10.300,47,0,0,13,0.013000
7,18.526461954,18.532241565,2038,3.126252846,0,0.000000000,0,104,10.400,47,0,0,0,0.000000
8,18.532437729,18.538140475,2024,3.104777115,0,0.000000000,37,105,10.500,47,0,0,40,0.040000
9,18.538356347,18.544138425,2045,3.136990711,0,0.000000000,0,105,10.500,48,0,0,33,0.033000
10,18.544327892,18.550136868,2055,3.152330519,0,0.000000000,1054,104,10.400,48,0,0,0,0.000000
11,18.550321374,18.556017995,2066,3.169204308,0,0.000000000,1068,106,10.600,48,0,0,38,0.038000
12,18.556200776,18.562155740,2055,3.152330519,0,0.000000000,1054,105,10.500,46,0,0,0,0.000000
4,18.562357639,18.568105069,2054,3.150796538,0,0.000000000,0,104,10.400,49,0,0,0,0.000000
5,18.568289173,18.574161732,2054,3.150796538,0,0.000000000,1054,105,10.500,47,0,0,0,0.000000
6,18.574345548,18.580203485,2057,3.155398481,0,0.000000000,1068,103,10.300,47,0,0,13,0.013000
7,18.580401024,18.586143106,2038,3.126252846,0,0.000000000,0,104,10.400,47,0,0,0,0.000000
8,18.586325084,18.592483144,2024,3.104777115,0,0.000000000,37,105,10.500,47,0,0,40,0.040000
9,18.592713438,18.598241406,2045,3.136990711,0,0.000000000,0,105,10.500,48,0,0,33,0.033000
10,18.598442311,18.604223506,2055,3.152330519,0,0.000000000,1054,104,10.400,48,0,0,0,0.000000
11,18.604406605,18.610111089,2066,3.169204308,0,0.000000000,1068,106,10.600,48,0,0,38,0.038000
12,18.610293315,18.616076087,2055,3.152330519,0,0.000000000,1054,105,10.500,46,0,0,0,0.000000
4,18.616277921,18.622144466,2054,3.150796538,0,0.000000000,0,104,10.400,49,0,0,0,0.000000
5,18.622324015,18.628294080,2054,3.150796538,0,0.000000000,1054,105,10.500,47,0,0,0,0.000000
6,18.628479685,18.633939409,2057,3.155398481,0,0.000000000,1068,103,10.300,47,0,0,14,0.014000
7,18.634123465,18.640684725,2038,3.126252846,0,0.000000000,0,104,10.400,47,0,0,0,0.000000
8,18.640942432,18.646046231,2024,3.104777115,0,0.000000000,37,105,10.500,47,0,0,40,0.040000
9,18.646225078,18.652216477,2045,3.136990711,0,0.000000000,0,105,10.500,48,0,0,33,0.033000
10,18.652418520,18.658068295,2055,3.152330519,0,0.000000000,1054,104,10.400,48,0,0,0,0.000000
11,18.658240410,18.664180513,2066,3.169204308,0,0.000000000,1068,106,10.600,48,0,0,38,0.038000
12,18.664357260,18.670017298,2055,3.152330519,0,0.000000000,1054,105,10.500,46,0,0,0,0.000000
4,18.670190330,18.675909150,2054,3.150796538,0,0.000000000,0,104,10.400,49,0,0,0,0.000000
5,18.676089728,18.681998522,2054,3.150796538,0,0.000000000,1054,105,10.500,47,0,0,0,0.000000
6,18.682166461,18.688081030,2057,3.155398481,0,0.000000000,1068,103,10.300,47,0,0,13,0.013000
7,18.688250919,18.694197405,2038,3.126252846,0,0.000000000,0,104,10.400,47,0,0,0,0.000000
8,18.694374659,18.700270975,2024,3.104777115,0,0.000000000,37,105,10.500,47,0,0,40,0.040000
9,18.700460409,18.706215180,2045,3.136990711,0,0.000000000,0,105,10.500,48,0,0,33,0.033000
10,18.706403530,18.712189685,2055,3.152330519,0,0.000000000,1054,104,10.400,48,0,0,0,0.000000
11,18.712363089,18.718246745,2066,3.169204308,0,0.000000000,1068,106,10.600,48,0,0,38,0.038000
12,18.718440710,18.724225075,2055,3.152330519,0,0.000000000,1054,105,10.500,46,0,0,0,0.000000
4,18.724419050,18.730019511,2054,3.150796538,0,0.000000000,0,104,10.400,49,0,0,0,0.000000
5,18.730193256,18.736275042,2054,3.150796538,0,0.000000000,1054,105,10.500,47,0,0,0,0.000000
6,18.736450766,18.742130217,2057,3.155398481,0,0.000000000,1068,103,10.300,47,0,0,13,0.013000
7,18.742308579,18.748031497,2038,3.126252846,0,0.000000000,0,104,10.400,47,0,0,0,0.000000
8,18.748207633,18.754063811,2024,3.104777115,0,0.000000000,37,105,10.500,47,0,0,40,0.040000
9,18.754247878,18.760012089,2045,3.136990711,0,0.000000000,0,105,10.500,48,0,0,33,0.033000
10,18.760192363,18.766005585,2055,3.152330519,0,0.000000000,1054,104,10.400,48,0,0,0,0.000000
11,18.766178148,18.772210142,2066,3.169204308,0,0.000000000,1068,106,10.600,48,0,0,39,0.039000
12,18.772386092,18.778414203,2055,3.152330519,0,0.000000000,1054,105,10.500,46,0,0,0,0.000000
4,18.778593218,18.784258517,2054,3.150796538,0,0.000000000,0,104,10.400,49,0,0,0,0.000000
5,18.784441519,18.790045735,2054,3.150796538,0,0.000000000,1054,105,10.500,47,0,0,0,0.000000
6,18.790228183,18.795947397,2057,3.155398481,0,0.000000000,1068,103,10.300,47,0,0,13,0.013000
7,18.796126984,18.802108814,2038,3.126252846,0,0.000000000,0,104,10.400,47,0,0,0,0.000000
8,18.802294318,18.808136851,2024,3.104777115,0,0.000000000,37,105,10.500,47,0,0,40,0.040000
9,18.808352734,18.814194854,2045,3.136990711,0,0.000000000,0,105,10.500,48,0,0,33,0.033000
10,18.814387314,18.820182313,2055,3.152330519,0,0.000000000,1054,104,10.400,48,0,0,0,0.000000
11,18.820388219,18.826212631,2066,3.169204308,0,0.000000000,1068,106,10.600,48,0,0,39,0.039000
12,18.826396399,18.832244805,2055,3.152330519,0,0.000000000,1054,105,10.500,46,0,0,0,0.000000
4,18.832420053,18.838386975,2054,3.150796538,0,0.000000000,0,104,10.400,49,0,0,0,0.000000
5,18.838582699,18.844177941,2054,3.150796538,0,0.000000000,1054,105,10.500,47,0,0,0,0.000000
6,18.844361572,18.850264647,2057,3.155398481,0,0.000000000,1068,103,10.300,47,0,0,13,0.013000
7,18.850457304,18.856075627,2038,3.126252846,0,0.000000000,0,104,10.400,47,0,0,0,0.000000
8,18.856270263,18.862174242,2024,3.104777115,0,0.000000000,37,105,10.500,47,0,0,40,0.040000
9,18.862363412,18.868193064,2045,3.136990711,0,0.000000000,0,105,10.500,48,0,0,33,0.033000
10,18.868381141,18.874132869,2055,3.152330519,0,0.000000000,1054,104,10.400,48,0,0,0,0.000000
11,18.874312380,18.880054851,2066,3.169204308,0,0.000000000,1068,106,10.600,48,0,0,38,0.038000
12,18.880247424,18.886227927,2055,3.152330519,0,0.000000000,1054,105,10.500,46,0,0,0,0.000000
4,18.886410405,18.892007754,2054,3.150796538,0,0.000000000,0,104,10.400,49,0,0,0,0.000000
5,18.892191316,18.898141520,2054,3.150796538,0,0.000000000,1054,105,10.500,47,0,0,0,0.000000
6,18.898335129,18.903969603,2057,3.155398481,0,0.000000000,1068,103,10.300,47,0,0,14,0.014000
7,18.904156956,18.910117589,2038,3.126252846,0,0.000000000,0,104,10.400,47,0,0,0,0.000000
8,18.910298875,18.916157908,2024,3.104777115,0,0.000000000,37,105,10.500,47,0,0,40,0.040000
9,18.916342980,18.922231330,2045,3.136990711,0,0.000000000,0,105,10.500,48,0,0,33,0.033000
10,18.922428649,18.928029534,2055,3.152330519,0,0.000000000,1054,104,10.400,48,0,0,0,0.000000
11,18.928219479,18.934020972,2066,3.169204308,0,0.000000000,1068,106,10.600,48,0,0,38,0.038000
12,18.934210918,18.940147730,2055,3.152330519,0,0.000000000,1054,105,10.500,46,0,0,0,0.000000
4,18.940331147,18.946173290,2054,3.150796538,0,0.000000000,0,104,10.400,49,0,0,0,0.000000
5,18.946363525,18.952127486,2054,3.150796538,0,0.000000000,1054,105,10.500,47,0,0,0,0.000000
6,18.952324913,18.958351808,2057,3.155398481,0,0.000000000,1068,103,10.300,47,0,0,14,0.014000
7,18.958735652,18.964324497,2038,3.126252846,0,0.000000000,0,104,10.400,47,0,0,0,0.000000
8,18.964555993,18.970264967,2024,3.104777115,0,0.000000000,37,105,10.500,47,0,0,40,0.040000
9,18.970454876,18.976162893,2045,3.136990711,0,0.000000000,0,105,10.500,48,0,0,33,0.033000
10,18.976355498,18.982056159,2055,3.152330519,0,0.000000000,1054,104,10.400,48,0,0,0,0.000000
11,18.982243158,18.988134806,2066,3.169204308,0,0.000000000,1068,106,10.600,48,0,0,38,0.038000
12,18.988317416,18.994453096,2055,3.152330519,0,0.000000000,1054,105,10.500,46,0,0,0,0.000000
4,18.994661403,19.000218504,2054,3.150796538,0,0.000000000,0,104,10.400,49,0,0,0,0.000000
5,19.000419839,19.006195193,2054,3.150796538,0,0.000000000,1054,105,10.500,47,0,0,0,0.000000
6,19.006378275,19.012012704,2057,3.155398481,0,0.000000000,1068,103,10.300,47,0,0,13,0.013000
7,19.012191636,19.018064559,2038,3.126252846,0,0.000000000,0,104,10.400,47,0,0,0,0.000000
8,19.018258842,19.024046634,2024,3.104777115,0,0.000000000,37,105,10.500,47,0,0,40,0.040000
9,19.024228848,19.030214698,2045,3.136990711,0,0.000000000,0,105,10.500,48,0,0,33,0.033000
10,19.030423002,19.036196695,2055,3.152330519,0,0.000000000,1054,104,10.400,48,0,0,0,0.000000
11,19.036432382,19.042077236,2066,3.169204308,0,0.000000000,1068,106,10.600,48,0,0,38,0.038000
12,19.042257494,19.048158568,2055,3.152330519,0,0.000000000,1054,105,10.500,46,0,0,0,0.000000
4,19.048332824,19.054108794,2054,3.150796538,0,0.000000000,0,104,10.400,49,0,0,0,0.000000
5,19.054290481,19.060033779,2054,3.150796538,0,0.000000000,1054,105,10.500,47,0,0,0,0.000000
6,19.060210757,19.066151194,2057,3.155398481,0,0.000000000,1068,103,10.300,47,0,0,13,0.013000
7,19.066353357,19.071985505,2038,3.126252846,0,0.000000000,0,104,10.400,47,0,0,0,0.000000
8,19.072158227,19.078126960,2024,3.104777115,0,0.000000000,37,105,10.500,47,0,0,40,0.040000
9,19.078317224,19.084266711,2045,3.136990711,0,0.000000000,0,105,10.500,48,0,0,33,0.033000
10,19.084489354,19.090020118,2055,3.152330519,0,0.000000000,1054,104,10.400,48,0,0,0,0.000000
11,19.090194880,19.096123204,2066,3.169204308,0,0.000000000,1068,106,10.600,48,0,0,38,0.038000
12,19.096303971,19.101962079,2055,3.152330519,0,0.000000000,1054,105,10.500,46,0,0,0,0.000000
4,19.102157308,19.108184973,2054,3.150796538,0,0.000000000,0,104,10.400,49,0,0,0,0.000000
5,19.108361273,19.113922702,2054,3.150796538,0,0.000000000,1054,105,10.500,47,0,0,0,0.000000
6,19.114105671,19.120155293,2057,3.155398481,0,0.000000000,1068,103,10.300,47,0,0,13,0.013000
7,19.120348818,19.126032499,2038,3.126252846,0,0.000000000,0,104,10.400,47,0,0,0,0.000000
8,19.126214341,19.132293095,2024,3.104777115,0,0.000000000,37,105,10.500,47,0,0,40,0.040000
9,19.132478627,19.138090299,2045,3.136990711,0,0.000000000,0,105,10.500,48,0,0,33,0.033000
10,19.138271661,19.144259401,2055,3.152330519,0,0.000000000,1054,104,10.400,48,0,0,0,0.000000
11,19.144442368,19.150013503,2066,3.169204308,0,0.000000000,1068,106,10.600,48,0,0,38,0.038000
12,19.150192550,19.156028769,2055,3.152330519,0,0.000000000,1054,105,10.500,46,0,0,0,0.000000
4,19.156216689,19.162151771,2054,3.150796538,0,0.000000000,0,104,10.400,49,0,0,0,0.000000
5,19.162335704,19.167977161,2054,3.150796538,0,0.000000000,1054,105,10.500,47,0,0,0,0.000000
6,19.168164434,19.173936464,2057,3.155398481,0,0.000000000,1068,103,10.300,48,0,0,13,0.013000
7,19.174119229,19.180239047,2038,3.126252846,0,0.000000000,0,104,10.400,47,0,0,0,0.000000
8,19.180419686,19.186088455,2024,3.104777115,0,0.000000000,37,105,10.500,47,0,0,40,0.040000
9,19.186301988,19.192151323,2045,3.136990711,0,0.000000000,0,105,10.500,48,0,0,33,0.033000
10,19.192344375,19.198254393,2055,3.152330519,0,0.000000000,1054,104,10.400,48,0,0,0,0.000000
11,19.198437915,19.204220789,2066,3.169204308,0,0.000000000,1068,106,10.600,48,0,0,39,0.039000
12,19.204413922,19.209945599,2055,3.152330519,0,0.000000000,1054,105,10.500,46,0,0,0,0.000000
4,19.210141293,19.216081610,2054,3.150796538,0,0.000000000,0,104,10.400,49,0,0,0,0.000000
5,19.216255678,19.222096083,2054,3.150796538,0,0.000000000,1054,105,10.500,47,0,0,0,0.000000
6,19.222284239,19.228011624,2057,3.155398481,0,0.000000000,1068,103,10.300,47,0,0,13,0.013000
7,19.228190247,19.234157522,2038,3.126252846,0,0.000000000,0,104,10.400,47,0,0,0,0.000000
8,19.234330239,19.240119148,2024,3.104777115,0,0.000000000,37,105,10.500,47,0,0,40,0.040000
9,19.240299781,19.246133253,2045,3.136990711,0,0.000000000,0,105,10.500,48,0,0,33,0.033000
10,19.246421888,19.252068701,2055,3.152330519,0,0.000000000,1054,104,10.400,48,0,0,0,0.000000
11,19.252243905,19.258268644,2066,3.169204308,0,0.000000000,1068,106,10.600,48,0,0,39,0.039000
12,19.258452416,19.264120972,2055,3.152330519,0,0.000000000,1054,105,10.500,46,0,0,0,0.000000
4,19.264301496,19.269961418,2054,3.150796538,0,0.000000000,0,104,10.400,49,0,0,0,0.000000
5,19.270136528,19.276099357,2054,3.150796538,0,0.000000000,1054,105,10.500,47,0,0,0,0.000000
6,19.276275038,19.281923816,2057,3.155398481,0,0.000000000,1068,103,10.300,47,0,0,13,0.013000
7,19.282099141,19.287894718,2038,3.126252846,0,0.000000000,0,104,10.400,47,0,0,0,0.000000
8,19.288067420,19.294287868,2024,3.104777115,0,0.000000000,37,105,10.500,47,0,0,40,0.040000
9,19.294532807,19.300212121,2045,3.136990711,0,0.000000000,0,105,10.500,48,0,0,33,0.033000
10,19.300395356,19.305947225,2055,3.152330519,0,0.000000000,1054,104,10.400,48,0,0,0,0.000000
11,19.306129753,19.311992293,2066,3.169204308,0,0.000000000,1068,106,10.600,48,0,0,38,0.038000
12,19.312171310,19.318071641,2055,3.152330519,0,0.000000000,1054,105,10.500,46,0,0,0,0.000000
4,19.318257293,19.323982948,2054,3.150796538,0,0.000000000,0,104,10.400,49,0,0,0,0.000000
5,19.324158033,19.329937954,2054,3.150796538,0,0.000000000,1054,105,10.500,47,0,0,0,0.000000
6,19.330120103,19.336292813,2057,3.155398481,0,0.000000000,1068,103,10.300,47,0,0,13,0.013000
7,19.336481780,19.342147288,2038,3.126252846,0,0.000000000,0,105,10.500,47,0,0,0,0.000000
8,19.342321793,19.348104243,2024,3.104777115,0,0.000000000,37,105,10.500,47,0,0,40,0.040000
9,19.348285065,19.353965029,2045,3.136990711,0,0.000000000,0,105,10.500,48,0,0,33,0.033000
10,19.354202658,19.360091148,2055,3.152330519,0,0.000000000,1054,104,10.400,48,0,0,0,0.000000
11,19.360266162,19.365986623,2066,3.169204308,0,0.000000000,1068,106,10.600,48,0,0,39,0.039000
12,19.366164023,19.372074883,2055,3.152330519,0,0.000000000,1054,105,10.500,46,0,0,0,0.000000
4,19.372252180,19.378014103,2054,3.150796538,0,0.000000000,0,104,10.400,49,0,0,0,0.000000
5,19.378219978,19.384092439,2054,3.150796538,0,0.000000000,1054,105,10.500,47,0,0,0,0.000000
6,19.384260942,19.389850410,2057,3.155398481,0,0.000000000,1068,103,10.300,47,0,0,14,0.014000
7,19.390023565,19.395975939,2038,3.126252846,0,0.000000000,0,104,10.400,47,0,0,0,0.000000
8,19.396152859,19.402051730,2024,3.104777115,0,0.000000000,37,105,10.500,47,0,0,40,0.040000
9,19.402234773,19.408000874,2045,3.136990711,0,0.000000000,0,105,10.500,48,0,0,33,0.033000
10,19.408179613,19.414052704,2055,3.152330519,0,0.000000000,1054,104,10.400,48,0,0,0,0.000000
11,19.414228175,19.420130968,2066,3.169204308,0,0.000000000,1068,106,10.600,48,0,0,39,0.039000
12,19.420309293,19.426032480,2055,3.152330519,0,0.000000000,1054,105,10.500,46,0,0,0,0.000000
4,19.426231196,19.431981909,2054,3.150796538,0,0.000000000,0,104,10.400,49,0,0,0,0.000000
5,19.432162980,19.437982825,2054,3.150796538,0,0.000000000,1054,105,10.500,47,0,0,0,0.000000
6,19.438177068,19.444097552,2057,3.155398481,0,0.000000000,1068,103,10.300,47,0,0,13,0.013000
7,19.444275456,19.449914406,2038,3.126252846,0,0.000000000,0,104,10.400,47,0,0,0,0.000000
8,19.450093630,19.456026818,2024,3.104777115,0,0.000000000,37,105,10.500,47,0,0,40,0.040000
9,19.456231197,19.462131419,2045,3.136990711,0,0.000000000,0,105,10.500,48,0,0,33,0.033000
10,19.462310075,19.467954048,2055,3.152330519,0,0.000000000,1054,104,10.400,48,0,0,0,0.000000
11,19.468128529,19.474051960,2066,3.169204308,0,0.000000000,1068,106,10.600,48,0,0,38,0.038000
12,19.474227959,19.479813503,2055,3.152330519,0,0.000000000,1054,105,10.500,46,0,0,0,0.000000
4,19.479980833,19.485865258,2054,3.150796538,0,0.000000000,0,104,10.400,49,0,0,0,0.000000
5,19.486035535,19.491942798,2054,3.150796538,0,0.000000000,1054,105,10.500,47,0,0,0,0.000000
6,19.492117742,19.497892034,2057,3.155398481,0,0.000000000,1068,103,10.300,47,0,0,13,0.013000
7,19.498070455,19.504051448,2038,3.126252846,0,0.000000000,0,104,10.400,47,0,0,0,0.000000
8,19.504295333,19.510018013,2024,3.104777115,0,0.000000000,37,105,10.500,47,0,0,40,0.040000
9,19.510204743,19.515971284,2045,3.136990711,0,0.000000000,0,105,10.500,48,0,0,33,0.033000
10,19.516156774,19.522017413,2055,3.152330519,0,0.000000000,1054,104,10.400,48,0,0,0,0.000000
11,19.522191253,19.528051505,2066,3.169204308,0,0.000000000,1068,106,10.600,48,0,0,38,0.038000
12,19.528235793,19.533902858,2055,3.152330519,0,0.000000000,1054,105,10.500,46,0,0,0,0.000000
4,19.534111318,19.540168958,2054,3.150796538,0,0.000000000,0,104,10.400,49,0,0,0,0.000000
5,19.540351058,19.546044849,2054,3.150796538,0,0.000000000,1054,105,10.500,47,0,0,0,0.000000
6,19.546222967,19.551991418,2057,3.155398481,0,0.000000000,1068,103,10.300,47,0,0,13,0.013000
7,19.552173319,19.558035717,2038,3.126252846,0,0.000000000,0,104,10.400,47,0,0,0,0.000000
8,19.558209364,19.564050650,2024,3.104777115,0,0.000000000,37,105,10.500,47,0,0,40,0.040000
9,19.564226987,19.570026065,2045,3.136990711,0,0.000000000,0,105,10.500,47,0,0,33,0.033000
10,19.570205757,19.576026946,2055,3.152330519,0,0.000000000,1054,104,10.400,48,0,0,0,0.000000
11,19.576293031,19.582091159,2066,3.169204308,0,0.000000000,1068,106,10.600,48,0,0,38,0.038000
12,19.582262193,19.587894806,2055,3.152330519,0,0.000000000,1054,105,10.500,46,0,0,0,0.000000
4,19.588064098,19.594308483,2054,3.150796538,0,0.000000000,0,104,10.400,49,0,0,0,0.000000
5,19.594483966,19.600018800,2054,3.150796538,0,0.000000000,1054,105,10.500,47,0,0,0,0.000000
6,19.600193810,19.606217442,2057,3.155398481,0,0.000000000,1068,103,10.300,48,0,0,13,0.013000
7,19.606399790,19.611930139,2038,3.126252846,0,0.000000000,0,104,10.400,47,0,0,0,0.000000
8,19.612100756,19.618080437,2024,3.104777115,0,0.000000000,37,105,10.500,47,0,0,40,0.040000
9,19.618277208,19.623960063,2045,3.136990711,0,0.000000000,0,105,10.500,48,0,0,33,0.033000
10,19.624142293,19.630117812,2055,3.152330519,0,0.000000000,1054,104,10.400,48,0,0,0,0.000000
11,19.630294251,19.636230000,2066,3.169204308,0,0.000000000,1068,106,10.600,48,0,0,38,0.038000
12,19.636419055,19.641931917,2055,3.152330519,0,0.000000000,1054,105,10.500,46,0,0,0,0.000000
4,19.642109097,19.648047922,2054,3.150796538,0,0.000000000,0,104,10.400,49,0,0,0,0.000000
5,19.648210556,19.653974483,2054,3.150796538,0,0.000000000,1054,105,10.500,47,0,0,0,0.000000
6,19.654148467,19.659986987,2057,3.155398481,0,0.000000000,1068,103,10.300,47,0,0,14,0.014000
7,19.660164347,19.665880327,2038,3.126252846,0,0.000000000,0,104,10.400,47,0,0,0,0.000000
8,19.666047860,19.672054002,2024,3.104777115,0,0.000000000,37,105,10.500,47,0,0,40,0.040000
9,19.672230466,19.677957402,2045,3.136990711,0,0.000000000,0,105,10.500,48,0,0,33,0.033000
10,19.678126747,19.683736362,2055,3.152330519,0,0.000000000,1054,104,10.400,48,0,0,0,0.000000
11,19.683878145,19.689890831,2066,3.169204308,0,0.000000000,1068,106,10.600,48,0,0,38,0.038000
12,19.690038126,19.696754496,2055,3.152330519,0,0.000000000,1054,105,10.500,46,0,0,0,0.000000
4,19.697012946,19.702163764,2054,3.150796538,0,0.000000000,0,104,10.400,49,0,0,0,0.000000
5,19.702349506,19.708013579,2054,3.150796538,0,0.000000000,1054,105,10.500,47,0,0,0,0.000000
6,19.708189471,19.713920832,2057,3.155398481,0,0.000000000,1068,103,10.300,47,0,0,14,0.014000
7,19.714092074,19.720082015,2038,3.126252846,0,0.000000000,0,104,10.400,47,0,0,0,0.000000
8,19.720263820,19.725899710,2024,3.104777115,0,0.000000000,37,105,10.500,47,0,0,40,0.040000
9,19.726079242,19.731903315,2045,3.136990711,0,0.000000000,0,105,10.500,48,0,0,33,0.033000
10,19.732082524,19.738287141,2055,3.152330519,0,0.000000000,1054,104,10.400,48,0,0,0,0.000000
11,19.738510469,19.744173689,2066,3.169204308,0,0.000000000,1068,106,10.600,48,0,0,38,0.038000
12,19.744351939,19.750010816,2055,3.152330519,0,0.000000000,1054,105,10.500,46,0,0,0,0.000000
4,19.750186710,19.755982497,2054,3.150796538,0,0.000000000,0,104,10.400,49,0,0,0,0.000000
5,19.756155760,19.761835624,2054,3.150796538,0,0.000000000,1054,105,10.500,47,0,0,0,0.000000
6,19.762008759,19.768084622,2057,3.155398481,0,0.000000000,1068,103,10.300,47,0,0,14,0.014000
7,19.768260672,19.773907594,2038,3.126252846,0,0.000000000,0,104,10.400,47,0,0,0,0.000000
8,19.774072726,19.779991941,2024,3.104777115,0,0.000000000,37,105,10.500,47,0,0,40,0.040000
9,19.780156417,19.785917782,2045,3.136990711,0,0.000000000,0,105,10.500,48,0,0,33,0.033000
10,19.786065596,19.792024335,2055,3.152330519,0,0.000000000,1054,104,10.400,48,0,0,0,0.000000
11,19.792168683,19.798084457,2066,3.169204308,0,0.000000000,1068,106,10.600,48,0,0,38,0.038000
12,19.798238326,19.803901665,2055,3.152330519,0,0.000000000,1054,105,10.500,46,0,0,0,0.000000
4,19.804059818,19.809974017,2054,3.150796538,0,0.000000000,0,104,10.400,49,0,0,0,0.000000
5,19.810139030,19.816066223,2054,3.150796538,0,0.000000000,1054,105,10.500,47,0,0,0,0.000000
6,19.816232612,19.821931712,2057,3.155398481,0,0.000000000,1068,103,10.300,47,0,0,14,0.014000
7,19.822100650,19.827903297,2038,3.126252846,0,0.000000000,0,104,10.400,47,0,0,0,0.000000
8,19.828070875,19.833918284,2024,3.104777115,0,0.000000000,37,105,10.500,47,0,0,40,0.040000
9,19.834082692,19.839990677,2045,3.136990711,0,0.000000000,0,105,10.500,48,0,0,33,0.033000
10,19.840155917,19.845923898,2055,3.152330519,0,0.000000000,1054,104,10.400,48,0,0,0,0.000000
11,19.846083537,19.852441724,2066,3.169204308,0,0.000000000,1068,106,10.600,48,0,0,39,0.039000
12,19.852614902,19.857921181,2055,3.152330519,0,0.000000000,1054,104,10.400,46,0,0,0,0.000000
4,19.858084956,19.863745894,2054,3.150796538,0,0.000000000,0,104,10.400,49,0,0,0,0.000000
5,19.863890712,19.869980380,2054,3.150796538,0,0.000000000,1054,105,10.500,47,0,0,0,0.000000
6,19.870127552,19.875912422,2057,3.155398481,0,0.000000000,1068,103,10.300,47,0,0,14,0.014000
7,19.876060943,19.881937682,2038,3.126252846,0,0.000000000,0,104,10.400,47,0,0,0,0.000000
8,19.882087824,19.888089294,2024,3.104777115,0,0.000000000,37,105,10.500,47,0,0,40,0.040000
9,19.888274326,19.893956347,2045,3.136990711,0,0.000000000,0,105,10.500,48,0,0,33,0.033000
10,19.894136654,19.899844060,2055,3.152330519,0,0.000000000,1054,104,10.400,48,0,0,0,0.000000
11,19.900024109,19.905959776,2066,3.169204308,0,0.000000000,1068,106,10.600,48,0,0,38,0.038000
12,19.906137207,19.912057503,2055,3.152330519,0,0.000000000,1054,105,10.500,46,0,0,0,0.000000
4,19.912230841,19.918086450,2054,3.150796538,0,0.000000000,0,104,10.400,49,0,0,0,0.000000
5,19.918253454,19.923872254,2054,3.150796538,0,0.000000000,1054,105,10.500,47,0,0,0,0.000000
6,19.924038182,19.930109814,2057,3.155398481,0,0.000000000,1068,103,10.300,47,0,0,13,0.013000
7,19.930275657,19.935933612,2038,3.126252846,0,0.000000000,0,104,10.400,47,0,0,0,0.000000
8,19.936092532,19.941974354,2024,3.104777115,0,0.000000000,37,105,10.500,47,0,0,41,0.041000
9,19.942139118,19.948008977,2045,3.136990711,0,0.000000000,0,105,10.500,48,0,0,33,0.033000
10,19.948173357,19.953877812,2055,3.152330519,0,0.000000000,1054,104,10.400,48,0,0,0,0.000000
11,19.954041459,19.960015237,2066,3.169204308,0,0.000000000,1068,106,10.600,48,0,0,38,0.038000
12,19.960177880,19.965904831,2055,3.152330519,0,0.000000000,1054,104,10.400,46,0,0,0,0.000000
4,19.966047789,19.971796279,2054,3.150796538,0,0.000000000,0,104,10.400,49,0,0,0,0.000000
5,19.971940046,19.977923921,2054,3.150796538,0,0.000000000,1054,105,10.500,47,0,0,0,0.000000
6,19.978073802,19.983835443,2057,3.155398481,0,0.000000000,1068,103,10.300,47,0,0,14,0.014000
7,19.983990687,19.990041357,2038,3.126252846,0,0.000000000,0,104,10.400,47,0,0,0,0.000000
8,19.990191531,19.996033455,2024,3.104777115,0,0.000000000,37,105,10.500,47,0,0,40,0.040000
9,19.996213874,20.001908660,2045,3.136990711,0,0.000000000,0,105,10.500,48,0,0,33,0.033000
10,20.002089692,20.008048952,2055,3.152330519,0,0.000000000,1054,104,10.400,48,0,0,0,0.000000
11,20.008221812,20.013872852,2066,3.169204308,0,0.000000000,1068,106,10.600,48,0,0,38,0.038000
12,20.014050127,20.019992827,2055,3.152330519,0,0.000000000,1054,104,10.400,46,0,0,0,0.000000
4,20.020165781,20.025821508,2054,3.150796538,0,0.000000000,0,104,10.400,49,0,0,0,0.000000
5,20.025993822,20.031890482,2054,3.150796538,0,0.000000000,1054,105,10.500,47,0,0,0,0.000000
6,20.032058711,20.037833302,2057,3.155398481,0,0.000000000,1068,103,10.300,47,0,0,14,0.014000
7,20.038005403,20.043980239,2038,3.126252846,0,0.000000000,0,104,10.400,47,0,0,0,0.000000
8,20.044153345,20.050238862,2024,3.104777115,0,0.000000000,37,105,10.500,47,0,0,40,0.040000
9,20.050422442,20.056110345,2045,3.136990711,0,0.000000000,0,105,10.500,48,0,0,33,0.033000
10,20.056301950,20.062069645,2055,3.152330519,0,0.000000000,1054,104,10.400,48,0,0,0,0.000000
11,20.062248510,20.067925968,2066,3.169204308,0,0.000000000,1068,106,10.600,48,0,0,38,0.038000
12,20.068104884,20.074131143,2055,3.152330519,0,0.000000000,1054,105,10.500,46,0,0,0,0.000000
4,20.074322102,20.079918659,2054,3.150796538,0,0.000000000,0,104,10.400,49,0,0,0,0.000000
5,20.080093186,20.085993920,2054,3.150796538,0,0.000000000,1054,105,10.500,47,0,0,0,0.000000
6,20.086177168,20.092021910,2057,3.155398481,0,0.000000000,1068,103,10.300,47,0,0,14,0.014000
7,20.092216742,20.097882918,2038,3.126252846,0,0.000000000,0,104,10.400,47,0,0,0,0.000000
8,20.098066416,20.104088541,2024,3.104777115,0,0.000000000,37,105,10.500,47,0,0,40,0.040000
9,20.104276708,20.110059865,2045,3.136990711,0,0.000000000,0,105,10.500,48,0,0,33,0.033000
10,20.110268756,20.115918625,2055,3.152330519,0,0.000000000,1054,104,10.400,48,0,0,0,0.000000
11,20.116163795,20.121927967,2066,3.169204308,0,0.000000000,1068,106,10.600,48,0,0,38,0.038000
12,20.122112819,20.127951104,2055,3.152330519,0,0.000000000,1054,105,10.500,46,0,0,0,0.000000
4,20.128154732,20.133907663,2054,3.150796538,0,0.000000000,0,104,10.400,49,0,0,0,0.000000
5,20.134087315,20.140026482,2054,3.150796538,0,0.000000000,1054,105,10.500,47,0,0,0,0.000000
6,20.140203971,20.146043531,2057,3.155398481,0,0.000000000,1068,103,10.300,47,0,0,13,0.013000
7,20.146225557,20.151771661,2038,3.126252846,0,0.000000000,0,104,10.400,47,0,0,0,0.000000
8,20.151943813,20.157896626,2024,3.104777115,0,0.000000000,37,105,10.500,47,0,0,40,0.040000
9,20.158111034,20.164133197,2045,3.136990711,0,0.000000000,0,105,10.500,48,0,0,33,0.033000
10,20.164315839,20.169968167,2055,3.152330519,0,0.000000000,1054,104,10.400,48,0,0,0,0.000000
11,20.170150961,20.175975525,2066,3.169204308,0,0.000000000,1068,106,10.600,48,0,0,39,0.039000
12,20.176162479,20.181874861,2055,3.152330519,0,0.000000000,1054,105,10.500,46,0,0,0,0.000000
4,20.182057506,20.187873269,2054,3.150796538,0,0.000000000,0,104,10.400,49,0,0,0,0.000000
5,20.188047394,20.194008301,2054,3.150796538,0,0.000000000,1054,105,10.500,47,0,0,0,0.000000
6,20.194188917,20.200182496,2057,3.155398481,0,0.000000000,1068,103,10.300,47,0,0,13,0.013000
7,20.200371059,20.205913577,2038,3.126252846,0,0.000000000,0,104,10.400,47,0,0,0,0.000000
8,20.206096351,20.212018396,2024,3.104777115,0,0.000000000,37,105,10.500,47,0,0,41,0.041000
9,20.212214884,20.217909971,2045,3.136990711,0,0.000000000,0,105,10.500,48,0,0,33,0.033000
10,20.218098279,20.224030320,2055,3.152330519,0,0.000000000,1054,104,10.400,48,0,0,0,0.000000
11,20.224223901,20.230102226,2066,3.169204308,0,0.000000000,1068,106,10.600,48,0,0,39,0.039000
12,20.230314995,20.236049871,2055,3.152330519,0,0.000000000,1054,105,10.500,46,0,0,0,0.000000
4,20.236234059,20.242075557,2054,3.150796538,0,0.000000000,0,104,10.400,49,0,0,0,0.000000
5,20.242277598,20.247904888,2054,3.150796538,0,0.000000000,1054,105,10.500,47,0,0,0,0.000000
6,20.248090748,20.254132099,2057,3.155398481,0,0.000000000,1068,103,10.300,47,0,0,14,0.014000
7,20.254311914,20.260091148,2038,3.126252846,0,0.000000000,0,104,10.400,47,0,0,0,0.000000
8,20.260277747,20.265964674,2024,3.104777115,0,0.000000000,37,105,10.500,47,0,0,40,0.040000
9,20.266153438,20.272023935,2045,3.136990711,0,0.000000000,0,105,10.500,48,0,0,33,0.033000
10,20.272216026,20.278066477,2055,3.152330519,0,0.000000000,1054,104,10.400,48,0,0,0,0.000000
11,20.278263801,20.283829731,2066,3.169204308,0,0.000000000,1068,106,10.600,48,0,0,38,0.038000
12,20.284009136,20.289927429,2055,3.152330519,0,0.000000000,1054,105,10.500,46,0,0,0,0.000000
4,20.290102231,20.295912654,2054,3.150796538,0,0.000000000,0,104,10.400,49,0,0,0,0.000000
5,20.296087286,20.302035311,2054,3.150796538,0,0.000000000,1054,105,10.500,47,0,0,0,0.000000
6,20.302227247,20.308006932,2057,3.155398481,0,0.000000000,1068,103,10.300,47,0,0,13,0.013000
7,20.308186219,20.314081161,2038,3.126252846,0,0.000000000,0,104,10.400,47,0,0,0,0.000000
8,20.314265101,20.319939263,2024,3.104777115,0,0.000000000,37,105,10.500,47,0,0,40,0.040000
9,20.320133161,20.326009547,2045,3.136990711,0,0.000000000,0,105,10.500,48,0,0,33,0.033000
10,20.326197018,20.331888128,2055,3.152330519,0,0.000000000,1054,104,10.400,48,0,0,0,0.000000
11,20.332067741,20.338045668,2066,3.169204308,0,0.000000000,1068,106,10.600,48,0,0,38,0.038000
12,20.338237081,20.344013496,2055,3.152330519,0,0.000000000,1054,104,10.400,46,0,0,0,0.000000
4,20.344281401,20.349887798,2054,3.150796538,0,0.000000000,0,104,10.400,49,0,0,0,0.000000
5,20.350072436,20.356020567,2054,3.150796538,0,0.000000000,1054,105,10.500,47,0,0,0,0.000000
6,20.356221136,20.362002663,2057,3.155398481,0,0.000000000,1068,103,10.300,47,0,0,13,0.013000
7,20.362186407,20.367929234,2038,3.126252846,0,0.000000000,0,104,10.400,47,0,0,0,0.000000
8,20.368114831,20.373915392,2024,3.104777115,0,0.000000000,37,105,10.500,47,0,0,40,0.040000
9,20.374103214,20.380134625,2045,3.136990711,0,0.000000000,0,105,10.500,48,0,0,33,0.033000
10,20.380322538,20.386109049,2055,3.152330519,0,0.000000000,1054,104,10.400,48,0,0,0,0.000000
11,20.386290215,20.391922359,2066,3.169204308,0,0.000000000,1068,106,10.600,48,0,0,38,0.038000
12,20.392139101,20.397804483,2055,3.152330519,0,0.000000000,1054,105,10.500,46,0,0,0,0.000000
4,20.397984287,20.403986852,2054,3.150796538,0,0.000000000,0,104,10.400,49,0,0,0,0.000000
5,20.404167197,20.409967601,2054,3.150796538,0,0.000000000,1054,105,10.500,47,0,0,0,0.000000
6,20.410156857,20.415857802,2057,3.155398481,0,0.000000000,1068,103,10.300,47,0,0,14,0.014000
7,20.416037253,20.422015263,2038,3.126252846,0,0.000000000,0,104,10.400,47,0,0,0,0.000000
8,20.422198851,20.427982229,2024,3.104777115,0,0.000000000,37,105,10.500,47,0,0,40,0.040000
9,20.428183217,20.433894588,2045,3.136990711,0,0.000000000,0,105,10.500,47,0,0,33,0.033000
10,20.434087892,20.439965981,2055,3.152330519,0,0.000000000,1054,104,10.400,48,0,0,0,0.000000
11,20.440152343,20.445899564,2066,3.169204308,0,0.000000000,1068,106,10.600,48,0,0,38,0.038000
12,20.446082604,20.452112691,2055,3.152330519,0,0.000000000,1054,104,10.400,46,0,0,0,0.000000
4,20.452358392,20.457981871,2054,3.150796538,0,0.000000000,0,104,10.400,49,0,0,0,0.000000
5,20.458157276,20.463938901,2054,3.150796538,0,0.000000000,1054,105,10.500,47,0,0,0,0.000000
6,20.464156278,20.470235439,2057,3.155398481,0,0.000000000,1068,103,10.300,48,0,0,14,0.014000
7,20.470416411,20.475847481,2038,3.126252846,0,0.000000000,0,104,10.400,47,0,0,0,0.000000
8,20.476020823,20.482000471,2024,3.104777115,0,0.000000000,37,105,10.500,47,0,0,40,0.040000
9,20.482182192,20.488036924,2045,3.136990711,0,0.000000000,0,105,10.500,48,0,0,33,0.033000
10,20.488230423,20.493966986,2055,3.152330519,0,0.000000000,1054,104,10.400,48,0,0,0,0.000000
11,20.494141937,20.499877547,2066,3.169204308,0,0.000000000,1068,106,10.600,48,0,0,39,0.039000
12,20.500083336,20.506022521,2055,3.152330519,0,0.000000000,1054,105,10.500,46,0,0,0,0.000000
4,20.506198565,20.512004561,2054,3.150796538,0,0.000000000,0,104,10.400,49,0,0,0,0.000000
5,20.512176782,20.518033189,2054,3.150796538,0,0.000000000,1054,105,10.500,47,0,0,0,0.000000
6,20.518209632,20.524041968,2057,3.155398481,0,0.000000000,1068,103,10.300,47,0,0,14,0.014000
7,20.524227884,20.529972213,2038,3.126252846,0,0.000000000,0,104,10.400,47,0,0,0,0.000000
8,20.530181614,20.536051711,2024,3.104777115,0,0.000000000,37,105,10.500,47,0,0,40,0.040000
9,20.536238234,20.541830125,2045,3.136990711,0,0.000000000,0,105,10.500,48,0,0,33,0.033000
10,20.542015425,20.547895383,2055,3.152330519,0,0.000000000,1054,104,10.400,48,0,0,0,0.000000
11,20.548077555,20.553957065,2066,3.169204308,0,0.000000000,1068,106,10.600,48,0,0,38,0.038000
12,20.554134702,20.559835043,2055,3.152330519,0,0.000000000,1054,104,10.400,46,0,0,0,0.000000
4,20.560009856,20.565875283,2054,3.150796538,0,0.000000000,0,104,10.400,49,0,0,0,0.000000
5,20.566064400,20.572019281,2054,3.150796538,0,0.000000000,1054,105,10.500,47,0,0,0,0.000000
6,20.572194457,20.577874957,2057,3.155398481,0,0.000000000,1068,103,10.300,47,0,0,13,0.013000
7,20.578051845,20.583909265,2038,3.126252846,0,0.000000000,0,104,10.400,47,0,0,0,0.000000
8,20.584082990,20.589711343,2024,3.104777115,0,0.000000000,37,105,10.500,47,0,0,40,0.040000
9,20.589888615,20.595934397,2045,3.136990711,0,0.000000000,0,105,10.500,48,0,0,33,0.033000
10,20.596129339,20.601831715,2055,3.152330519,0,0.000000000,1054,104,10.400,48,0,0,0,0.000000
11,20.602006358,20.607995887,2066,3.169204308,0,0.000000000,1068,106,10.600,48,0,0,39,0.039000
12,20.608179258,20.613893364,2055,3.152330519,0,0.000000000,1054,104,10.400,46,0,0,0,0.000000
4,20.614068265,20.620027090,2054,3.150796538,0,0.000000000,0,104,10.400,49,0,0,0,0.000000
5,20.620200936,20.626002067,2054,3.150796538,0,0.000000000,1054,105,10.500,47,0,0,0,0.000000
6,20.626180017,20.631960526,2057,3.155398481,0,0.000000000,1068,103,10.300,47,0,0,13,0.013000
7,20.632146015,20.638007822,2038,3.126252846,0,0.000000000,0,104,10.400,47,0,0,0,0.000000
8,20.638191850,20.643968065,2024,3.104777115,0,0.000000000,37,105,10.500,47,0,0,40,0.040000
9,20.644176420,20.649898550,2045,3.136990711,0,0.000000000,0,105,10.500,48,0,0,33,0.033000
10,20.650083922,20.655982476,2055,3.152330519,0,0.000000000,1054,104,10.400,48,0,0,0,0.000000
11,20.656157066,20.661897860,2066,3.169204308,0,0.000000000,1068,106,10.600,48,0,0,38,0.038000
12,20.662077571,20.667866854,2055,3.152330519,0,0.000000000,1054,105,10.500,46,0,0,0,0.000000
4,20.668042977,20.674011769,2054,3.150796538,0,0.000000000,0,104,10.400,49,0,0,0,0.000000
5,20.674206527,20.680124315,2054,3.150796538,0,0.000000000,1054,105,10.500,47,0,0,0,0.000000
6,20.680299988,20.685831730,2057,3.155398481,0,0.000000000,1068,103,10.300,47,0,0,13,0.013000
7,20.686009433,20.691942468,2038,3.126252846,0,0.000000000,0,104,10.400,47,0,0,0,0.000000
8,20.692128010,20.697921855,2024,3.104777115,0,0.000000000,37,105,10.500,47,0,0,40,0.040000
9,20.698112547,20.703893016,2045,3.136990711,0,0.000000000,0,105,10.500,47,0,0,33,0.033000
10,20.704079700,20.709935559,2055,3.152330519,0,0.000000000,1054,104,10.400,48,0,0,0,0.000000
11,20.710109635,20.716277662,2066,3.169204308,0,0.000000000,1068,106,10.600,48,0,0,38,0.038000
12,20.716524014,20.722020506,2055,3.152330519,0,0.000000000,1054,105,10.500,46,0,0,0,0.000000
4,20.722197170,20.727974593,2054,3.150796538,0,0.000000000,0,104,10.400,49,0,0,0,0.000000
5,20.728162530,20.734005303,2054,3.150796538,0,0.000000000,1054,105,10.500,47,0,0,0,0.000000
6,20.734181970,20.739884665,2057,3.155398481,0,0.000000000,1068,103,10.300,47,0,0,13,0.013000
7,20.740067398,20.745920046,2038,3.126252846,0,0.000000000,0,104,10.400,47,0,0,0,0.000000
8,20.746095210,20.752136080,2024,3.104777115,0,0.000000000,37,105,10.500,47,0,0,40,0.040000
9,20.752317647,20.758070495,2045,3.136990711,0,0.000000000,0,105,10.500,48,0,0,33,0.033000
10,20.758260005,20.763918491,2055,3.152330519,0,0.000000000,1054,104,10.400,48,0,0,0,0.000000
11,20.764093382,20.770026380,2066,3.169204308,0,0.000000000,1068,106,10.600,48,0,0,38,0.038000
12,20.770205758,20.775835333,2055,3.152330519,0,0.000000000,1054,105,10.500,46,0,0,0,0.000000
4,20.776014292,20.781910178,2054,3.150796538,0,0.000000000,0,104,10.400,49,0,0,0,0.000000
5,20.782082560,20.787932746,2054,3.150796538,0,0.000000000,1054,105,10.500,47,0,0,0,0.000000
6,20.788105606,20.793727030,2057,3.155398481,0,0.000000000,1068,103,10.300,47,0,0,13,0.013000
7,20.793901778,20.800078628,2038,3.126252846,0,0.000000000,0,104,10.400,47,0,0,0,0.000000
8,20.800260495,20.805872998,2024,3.104777115,0,0.000000000,37,105,10.500,47,0,0,40,0.040000
9,20.806089563,20.811875402,2045,3.136990711,0,0.000000000,0,105,10.500,48,0,0,33,0.033000
10,20.812055163,20.817850809,2055,3.152330519,0,0.000000000,1054,104,10.400,48,0,0,0,0.000000
11,20.818028107,20.824055875,2066,3.169204308,0,0.000000000,1068,106,10.600,48,0,0,38,0.038000
12,20.824239824,20.829808672,2055,3.152330519,0,0.000000000,1054,105,10.500,46,0,0,0,0.000000
4,20.829983660,20.836058266,2054,3.150796538,0,0.000000000,0,104,10.400,49,0,0,0,0.000000
5,20.836232870,20.842001342,2054,3.150796538,0,0.000000000,1054,105,10.500,47,0,0,0,0.000000
6,20.842186457,20.847774771,2057,3.155398481,0,0.000000000,1068,103,10.300,47,0,0,14,0.014000
7,20.847958750,20.853922024,2038,3.126252846,0,0.000000000,0,104,10.400,47,0,0,0,0.000000
8,20.854098120,20.859846362,2024,3.104777115,0,0.000000000,37,105,10.500,47,0,0,40,0.040000
9,20.860029073,20.866105553,2045,3.136990711,0,0.000000000,0,105,10.500,48,0,0,33,0.033000
10,20.866290925,20.873142274,2055,3.152330519,0,0.000000000,1054,104,10.400,48,0,0,0,0.000000
11,20.873333934,20.877867394,2066,3.169204308,0,0.000000000,1068,106,10.600,48,0,0,38,0.038000
12,20.878049140,20.884053922,2055,3.152330519,0,0.000000000,1054,105,10.500,46,0,0,0,0.000000
4,20.884230194,20.889844205,2054,3.150796538,0,0.000000000,0,104,10.400,49,0,0,0,0.000000
5,20.890037785,20.896051511,2054,3.150796538,0,0.000000000,1054,105,10.500,47,0,0,0,0.000000
6,20.896227328,20.901984980,2057,3.155398481,0,0.000000000,1068,103,10.300,47,0,0,13,0.013000
7,20.902163305,20.907962375,2038,3.126252846,0,0.000000000,0,104,10.400,47,0,0,0,0.000000
8,20.908138318,20.914003388,2024,3.104777115,0,0.000000000,37,105,10.500,47,0,0,40,0.040000
9,20.914183199,20.919855982,2045,3.136990711,0,0.000000000,0,105,10.500,48,0,0,33,0.033000
10,20.920034590,20.925955466,2055,3.152330519,0,0.000000000,1054,104,10.400,48,0,0,0,0.000000
11,20.926134013,20.932111232,2066,3.169204308,0,0.000000000,1068,106,10.600,48,0,0,38,0.038000
12,20.932351965,20.937930055,2055,3.152330519,0,0.000000000,1054,105,10.500,46,0,0,0,0.000000
4,20.938106054,20.944045585,2054,3.150796538,0,0.000000000,0,104,10.400,49,0,0,0,0.000000
5,20.944228994,20.950083885,2054,3.150796538,0,0.000000000,1054,105,10.500,47,0,0,0,0.000000
6,20.950260902,20.955990895,2057,3.155398481,0,0.000000000,1068,103,10.300,47,0,0,14,0.014000
7,20.956169236,20.962086810,2038,3.126252846,0,0.000000000,0,104,10.400,47,0,0,0,0.000000
8,20.962261859,20.967668579,2024,3.104777115,0,0.000000000,37,105,10.500,47,0,0,41,0.041000
9,20.967841052,20.973882552,2045,3.136990711,0,0.000000000,0,105,10.500,48,0,0,33,0.033000
10,20.974055105,20.979920964,2055,3.152330519,0,0.000000000,1054,104,10.400,48,0,0,0,0.000000
11,20.980065977,20.985759199,2066,3.169204308,0,0.000000000,1068,106,10.600,48,0,0,38,0.038000
12,20.985907004,20.991704370,2055,3.152330519,0,0.000000000,1054,105,10.500,46,0,0,0,0.000000
4,20.991847373,20.998028532,2054,3.150796538,0,0.000000000,0,104,10.400,49,0,0,0,0.000000
5,20.998188516,21.003882503,2054,3.150796538,0,0.000000000,1054,105,10.500,47,0,0,0,0.000000
6,21.004039128,21.009835915,2057,3.155398481,0,0.000000000,1068,103,10.300,47,0,0,13,0.013000
7,21.010015225,21.015966204,2038,3.126252846,0,0.000000000,0,104,10.400,47,0,0,0,0.000000
8,21.016139759,21.021982825,2024,3.104777115,0,0.000000000,37,105,10.500,47,0,0,40,0.040000
9,21.022178101,21.027795935,2045,3.136990711,0,0.000000000,0,105,10.500,48,0,0,33,0.033000
10,21.027976176,21.033859923,2055,3.152330519,0,0.000000000,1054,104,10.400,48,0,0,0,0.000000
11,21.034032642,21.039912612,2066,3.169204308,0,0.000000000,1068,106,10.600,48,0,0,38,0.038000
12,21.040111969,21.045992257,2055,3.152330519,0,0.000000000,1054,105,10.500,46,0,0,0,0.000000
4,21.046166704,21.051815155,2054,3.150796538,0,0.000000000,0,104,10.400,49,0,0,0,0.000000
5,21.051987496,21.058052265,2054,3.150796538,0,0.000000000,1054,105,10.500,47,0,0,0,0.000000
6,21.058226174,21.063879474,2057,3.155398481,0,0.000000000,1068,103,10.300,48,0,0,14,0.014000
7,21.064056809,21.069737479,2038,3.126252846,0,0.000000000,0,104,10.400,47,0,0,0,0.000000
8,21.069903803,21.075727231,2024,3.104777115,0,0.000000000,37,105,10.500,47,0,0,40,0.040000
9,21.075899883,21.081785745,2045,3.136990711,0,0.000000000,0,105,10.500,48,0,0,33,0.033000
10,21.081946250,21.087879549,2055,3.152330519,0,0.000000000,1054,104,10.400,48,0,0,0,0.000000
11,21.088023885,21.093741611,2066,3.169204308,0,0.000000000,1068,106,10.600,48,0,0,38,0.038000
12,21.093890760,21.099928375,2055,3.152330519,0,0.000000000,1054,105,10.500,46,0,0,0,0.000000
4,21.100083809,21.105973859,2054,3.150796538,0,0.000000000,0,104,10.400,49,0,0,0,0.000000
5,21.106185464,21.111973005,2054,3.150796538,0,0.000000000,1054,105,10.500,47,0,0,0,0.000000
6,21.112151422,21.117876456,2057,3.155398481,0,0.000000000,1068,103,10.300,47,0,0,14,0.014000
7,21.118054041,21.124069149,2038,3.126252846,0,0.000000000,0,104,10.400,47,0,0,0,0.000000
8,21.124247368,21.130041387,2024,3.104777115,0,0.000000000,37,105,10.500,47,0,0,40,0.040000
9,21.130221550,21.135931370,2045,3.136990711,0,0.000000000,0,105,10.500,48,0,0,33,0.033000
10,21.136109336,21.142013484,2055,3.152330519,0,0.000000000,1054,104,10.400,48,0,0,0,0.000000
11,21.142200456,21.147912284,2066,3.169204308,0,0.000000000,1068,106,10.600,48,0,0,38,0.038000
12,21.148097047,21.153784437,2055,3.152330519,0,0.000000000,1054,105,10.500,46,0,0,0,0.000000
4,21.153959307,21.159852491,2054,3.150796538,0,0.000000000,0,104,10.400,49,0,0,0,0.000000
5,21.160030980,21.166103339,2054,3.150796538,0,0.000000000,1054,105,10.500,47,0,0,0,0.000000
6,21.166285134,21.171731504,2057,3.155398481,0,0.000000000,1068,103,10.300,47,0,0,14,0.014000
7,21.171914339,21.177961820,2038,3.126252846,0,0.000000000,0,104,10.400,47,0,0,0,0.000000
8,21.178139130,21.183792559,2024,3.104777115,0,0.000000000,37,105,10.500,47,0,0,40,0.040000
9,21.183972415,21.189913687,2045,3.136990711,0,0.000000000,0,105,10.500,48,0,0,33,0.033000
10,21.190101251,21.195865542,2055,3.152330519,0,0.000000000,1054,104,10.400,48,0,0,0,0.000000
11,21.196083684,21.201931464,2066,3.169204308,0,0.000000000,1068,106,10.600,48,0,0,39,0.039000
12,21.202116825,21.208008610,2055,3.152330519,0,0.000000000,1054,105,10.500,46,0,0,0,0.000000
4,21.208194365,21.213946433,2054,3.150796538,0,0.000000000,0,104,10.400,49,0,0,0,0.000000
5,21.214128108,21.219796190,2054,3.150796538,0,0.000000000,1054,105,10.500,47,0,0,0,0.000000
6,21.219978439,21.226044144,2057,3.155398481,0,0.000000000,1068,103,10.300,47,0,0,14,0.014000
7,21.226236334,21.231811737,2038,3.126252846,0,0.000000000,0,104,10.400,47,0,0,0,0.000000
8,21.232021011,21.237996995,2024,3.104777115,0,0.000000000,37,105,10.500,47,0,0,41,0.041000
9,21.238188799,21.244048424,2045,3.136990711,0,0.000000000,0,105,10.500,48,0,0,33,0.033000
10,21.244245480,21.249777895,2055,3.152330519,0,0.000000000,1054,104,10.400,48,0,0,0,0.000000
11,21.249958975,21.255735871,2066,3.169204308,0,0.000000000,1068,106,10.600,48,0,0,39,0.039000
12,21.255921073,21.262013503,2055,3.152330519,0,0.000000000,1054,105,10.500,46,0,0,0,0.000000
4,21.262199222,21.267907565,2054,3.150796538,0,0.000000000,0,104,10.400,49,0,0,0,0.000000
5,21.268089791,21.273945117,2054,3.150796538,0,0.000000000,1054,105,10.500,47,0,0,0,0.000000
6,21.274156322,21.280037994,2057,3.155398481,0,0.000000000,1068,103,10.300,48,0,0,14,0.014000
7,21.280230596,21.285728503,2038,3.126252846,0,0.000000000,0,104,10.400,47,0,0,0,0.000000
8,21.285951739,21.291820601,2024,3.104777115,0,0.000000000,37,105,10.500,47,0,0,40,0.040000
9,21.292014275,21.297885215,2045,3.136990711,0,0.000000000,0,105,10.500,48,0,0,33,0.033000
10,21.298073042,21.303863755,2055,3.152330519,0,0.000000000,1054,104,10.400,48,0,0,0,0.000000
11,21.304045485,21.309890616,2066,3.169204308,0,0.000000000,1068,106,10.600,48,0,0,38,0.038000
12,21.310108813,21.315934284,2055,3.152330519,0,0.000000000,1054,105,10.500,46,0,0,0,0.000000
4,21.316117138,21.321901895,2054,3.150796538,0,0.000000000,0,104,10.400,49,0,0,0,0.000000
5,21.322083525,21.327970817,2054,3.150796538,0,0.000000000,1054,105,10.500,47,0,0,0,0.000000
6,21.328154376,21.334189999,2057,3.155398481,0,0.000000000,1068,103,10.300,47,0,0,14,0.014000
7,21.334376194,21.339787369,2038,3.126252846,0,0.000000000,0,104,10.400,47,0,0,0,0.000000
8,21.339971937,21.346010927,2024,3.104777115,0,0.000000000,37,105,10.500,47,0,0,40,0.040000
9,21.346205892,21.351788586,2045,3.136990711,0,0.000000000,0,105,10.500,48,0,0,33,0.033000
10,21.352060306,21.357965878,2055,3.152330519,0,0.000000000,1054,104,10.400,48,0,0,0,0.000000
11,21.358148344,21.364168125,2066,3.169204308,0,0.000000000,1068,106,10.600,48,0,0,38,0.038000
12,21.364582111,21.369806402,2055,3.152330519,0,0.000000000,1054,105,10.500,46,0,0,0,0.000000
4,21.369996576,21.375776777,2054,3.150796538,0,0.000000000,0,104,10.400,49,0,0,0,0.000000
5,21.375960024,21.381966659,2054,3.150796538,0,0.000000000,1054,105,10.500,47,0,0,0,0.000000
6,21.382164884,21.387949624,2057,3.155398481,0,0.000000000,1068,103,10.300,47,0,0,14,0.014000
7,21.388134874,21.393745117,2038,3.126252846,0,0.000000000,0,104,10.400,47,0,0,0,0.000000
8,21.393927074,21.399881944,2024,3.104777115,0,0.000000000,37,105,10.500,47,0,0,40,0.040000
9,21.400206149,21.406002087,2045,3.136990711,0,0.000000000,0,105,10.500,48,0,0,33,0.033000
10,21.406192444,21.411863407,2055,3.152330519,0,0.000000000,1054,104,10.400,48,0,0,0,0.000000
11,21.412063289,21.418037510,2066,3.169204308,0,0.000000000,1068,106,10.600,48,0,0,39,0.039000
12,21.418229188,21.423898757,2055,3.152330519,0,0.000000000,1054,105,10.500,46,0,0,0,0.000000
4,21.424088080,21.429968683,2054,3.150796538,0,0.000000000,0,104,10.400,49,0,0,0,0.000000
5,21.430163888,21.435964198,2054,3.150796538,0,0.000000000,1054,105,10.500,47,0,0,0,0.000000
6,21.436170094,21.442017213,2057,3.155398481,0,0.000000000,1068,103,10.300,47,0,0,14,0.014000
7,21.442213060,21.448022443,2038,3.126252846,0,0.000000000,0,104,10.400,47,0,0,0,0.000000
8,21.448230542,21.453749008,2024,3.104777115,0,0.000000000,37,105,10.500,47,0,0,40,0.040000
9,21.453934815,21.459880588,2045,3.136990711,0,0.000000000,0,105,10.500,48,0,0,33,0.033000
10,21.460069587,21.465782144,2055,3.152330519,0,0.000000000,1054,104,10.400,48,0,0,0,0.000000
11,21.465975823,21.472132918,2066,3.169204308,0,0.000000000,1068,106,10.600,48,0,0,38,0.038000
12,21.472319724,21.477751302,2055,3.152330519,0,0.000000000,1054,105,10.500,46,0,0,0,0.000000
4,21.477932202,21.483934740,2054,3.150796538,0,0.000000000,0,104,10.400,49,0,0,0,0.000000
5,21.484123873,21.489966085,2054,3.150796538,0,0.000000000,1054,105,10.500,47,0,0,0,0.000000
6,21.490160942,21.495956940,2057,3.155398481,0,0.000000000,1068,103,10.300,47,0,0,14,0.014000
7,21.496148121,21.501885356,2038,3.126252846,0,0.000000000,0,104,10.400,47,0,0,0,0.000000
8,21.502067466,21.507846765,2024,3.104777115,0,0.000000000,37,105,10.500,47,0,0,40,0.040000
9,21.508031078,21.513705136,2045,3.136990711,0,0.000000000,0,105,10.500,48,0,0,33,0.033000
10,21.513889187,21.519928033,2055,3.152330519,0,0.000000000,1054,104,10.400,48,0,0,0,0.000000
11,21.520119037,21.525813510,2066,3.169204308,0,0.000000000,1068,106,10.600,48,0,0,38,0.038000
12,21.526007751,21.531926314,2055,3.152330519,0,0.000000000,1054,105,10.500,46,0,0,0,0.000000
4,21.532104268,21.538018054,2054,3.150796538,0,0.000000000,0,104,10.400,49,0,0,0,0.000000
5,21.538195533,21.543989328,2054,3.150796538,0,0.000000000,1054,105,10.500,47,0,0,0,0.000000
6,21.544174473,21.549849797,2057,3.155398481,0,0.000000000,1068,103,10.300,47,0,0,14,0.014000
7,21.550027057,21.555792748,2038,3.126252846,0,0.000000000,0,104,10.400,47,0,0,0,0.000000
8,21.555963883,21.561867450,2024,3.104777115,0,0.000000000,37,105,10.500,47,0,0,40,0.040000
9,21.562046141,21.568205006,2045,3.136990711,0,0.000000000,0,105,10.500,48,0,0,33,0.033000
10,21.568424329,21.573999048,2055,3.152330519,0,0.000000000,1054,104,10.400,48,0,0,0,0.000000
11,21.574179336,21.579758625,2066,3.169204308,0,0.000000000,1068,106,10.600,48,0,0,39,0.039000
12,21.579944011,21.585902751,2055,3.152330519,0,0.000000000,1054,105,10.500,46,0,0,0,0.000000
4,21.586078940,21.591872814,2054,3.150796538,0,0.000000000,0,104,10.400,49,0,0,0,0.000000
5,21.592058274,21.597761263,2054,3.150796538,0,0.000000000,1054,105,10.500,47,0,0,0,0.000000
6,21.597938313,21.603805409,2057,3.155398481,0,0.000000000,1068,103,10.300,47,0,0,14,0.014000
7,21.603990801,21.610057780,2038,3.126252846,0,0.000000000,0,104,10.400,47,0,0,0,0.000000
8,21.610246551,21.615833756,2024,3.104777115,0,0.000000000,37,105,10.500,47,0,0,40,0.040000
9,21.616020709,21.621703326,2045,3.136990711,0,0.000000000,0,105,10.500,48,0,0,33,0.033000
10,21.621883063,21.627999922,2055,3.152330519,0,0.000000000,1054,104,10.400,48,0,0,0,0.000000
11,21.628175466,21.633780234,2066,3.169204308,0,0.000000000,1068,106,10.600,48,0,0,39,0.039000
12,21.633958713,21.639728378,2055,3.152330519,0,0.000000000,1054,105,10.500,46,0,0,0,0.000000
4,21.639902319,21.645670940,2054,3.150796538,0,0.000000000,0,104,10.400,49,0,0,0,0.000000
5,21.645842431,21.651788255,2054,3.150796538,0,0.000000000,1054,105,10.500,47,0,0,0,0.000000
6,21.651967697,21.657780182,2057,3.155398481,0,0.000000000,1068,103,10.300,47,0,0,13,0.013000
7,21.657995783,21.663975344,2038,3.126252846,0,0.000000000,0,104,10.400,47,0,0,0,0.000000
8,21.664156062,21.669890573,2024,3.104777115,0,0.000000000,37,105,10.500,47,0,0,40,0.040000
9,21.670077287,21.675792406,2045,3.136990711,0,0.000000000,0,105,10.500,48,0,0,33,0.033000
10,21.675996692,21.681758806,2055,3.152330519,0,0.000000000,1054,104,10.400,48,0,0,0,0.000000
11,21.681939703,21.687829860,2066,3.169204308,0,0.000000000,1068,106,10.600,48,0,0,39,0.039000
12,21.688021698,21.693902825,2055,3.152330519,0,0.000000000,1054,105,10.500,46,0,0,0,0.000000
4,21.694092639,21.699900965,2054,3.150796538,0,0.000000000,0,104,10.400,49,0,0,0,0.000000
5,21.700082623,21.705713142,2054,3.150796538,0,0.000000000,1054,105,10.500,47,0,0,0,0.000000
6,21.705894163,21.711813775,2057,3.155398481,0,0.000000000,1068,103,10.300,47,0,0,14,0.014000
7,21.712000871,21.717943061,2038,3.126252846,0,0.000000000,0,104,10.400,47,0,0,0,0.000000
8,21.718217898,21.723704778,2024,3.104777115,0,0.000000000,37,105,10.500,47,0,0,40,0.040000
9,21.723883201,21.729809408,2045,3.136990711,0,0.000000000,0,105,10.500,48,0,0,33,0.033000
10,21.730023188,21.735887683,2055,3.152330519,0,0.000000000,1054,104,10.400,48,0,0,0,0.000000
11,21.736088138,21.741747921,2066,3.169204308,0,0.000000000,1068,106,10.600,48,0,0,38,0.038000
12,21.742006422,21.748014850,2055,3.152330519,0,0.000000000,1054,105,10.500,46,0,0,0,0.000000
4,21.748190936,21.753611143,2054,3.150796538,0,0.000000000,0,104,10.400,49,0,0,0,0.000000
5,21.753781479,21.759891908,2054,3.150796538,0,0.000000000,1054,105,10.500,47,0,0,0,0.000000
6,21.760084159,21.765829728,2057,3.155398481,0,0.000000000,1068,103,10.300,48,0,0,14,0.014000
7,21.766008412,21.771860786,2038,3.126252846,0,0.000000000,0,104,10.400,47,0,0,0,0.000000
8,21.772035973,21.777943544,2024,3.104777115,0,0.000000000,37,105,10.500,47,0,0,40,0.040000
9,21.778144511,21.783840183,2045,3.136990711,0,0.000000000,0,105,10.500,48,0,0,33,0.033000
10,21.784020583,21.789855868,2055,3.152330519,0,0.000000000,1054,104,10.400,48,0,0,0,0.000000
11,21.790029692,21.795709267,2066,3.169204308,0,0.000000000,1068,106,10.600,48,0,0,38,0.038000
12,21.795886423,21.801859063,2055,3.152330519,0,0.000000000,1054,105,10.500,46,0,0,0,0.000000
4,21.802034004,21.807885240,2054,3.150796538,0,0.000000000,0,104,10.400,49,0,0,0,0.000000
5,21.808057487,21.813680544,2054,3.150796538,0,0.000000000,1054,105,10.500,47,0,0,0,0.000000
6,21.813847503,21.819796103,2057,3.155398481,0,0.000000000,1068,103,10.300,47,0,0,14,0.014000
7,21.819959402,21.825640748,2038,3.126252846,0,0.000000000,0,104,10.400,47,0,0,0,0.000000
8,21.825805228,21.831674817,2024,3.104777115,0,0.000000000,37,105,10.500,47,0,0,40,0.040000
9,21.831822773,21.837700249,2045,3.136990711,0,0.000000000,0,105,10.500,48,0,0,33,0.033000
10,21.837848277,21.843721737,2055,3.152330519,0,0.000000000,1054,104,10.400,48,0,0,0,0.000000
11,21.843866694,21.849943143,2066,3.169204308,0,0.000000000,1068,106,10.600,48,0,0,38,0.038000
12,21.850129650,21.855722451,2055,3.152330519,0,0.000000000,1054,105,10.500,46,0,0,0,0.000000
4,21.855878973,21.861715033,2054,3.150796538,0,0.000000000,0,104,10.400,49,0,0,0,0.000000
5,21.861897116,21.867895806,2054,3.150796538,0,0.000000000,1054,105,10.500,47,0,0,0,0.000000
6,21.868070514,21.873752230,2057,3.155398481,0,0.000000000,1068,103,10.300,47,0,0,14,0.014000
7,21.873944025,21.879860013,2038,3.126252846,0,0.000000000,0,105,10.500,47,0,0,0,0.000000
8,21.880058430,21.885745317,2024,3.104777115,0,0.000000000,37,105,10.500,47,0,0,40,0.040000
9,21.885925916,21.891869261,2045,3.136990711,0,0.000000000,0,105,10.500,48,0,0,33,0.033000
10,21.892052153,21.897940972,2055,3.152330519,0,0.000000000,1054,104,10.400,48,0,0,0,0.000000
11,21.898114103,21.903680881,2066,3.169204308,0,0.000000000,1068,106,10.600,48,0,0,40,0.040000
12,21.903860303,21.909924247,2055,3.152330519,0,0.000000000,1054,105,10.500,46,0,0,0,0.000000
4,21.910101652,21.915618623,2054,3.150796538,0,0.000000000,0,104,10.400,49,0,0,0,0.000000
5,21.915793901,21.921725359,2054,3.150796538,0,0.000000000,1054,105,10.500,47,0,0,0,0.000000
6,21.921897810,21.927758356,2057,3.155398481,0,0.000000000,1068,103,10.300,47,0,0,13,0.013000
7,21.927933124,21.933725768,2038,3.126252846,0,0.000000000,0,104,10.400,47,0,0,0,0.000000
8,21.933896937,21.939845267,2024,3.104777115,0,0.000000000,37,105,10.500,47,0,0,40,0.040000
9,21.940023096,21.945830452,2045,3.136990711,0,0.000000000,0,105,10.500,48,0,0,33,0.033000
10,21.946001886,21.951716456,2055,3.152330519,0,0.000000000,1054,104,10.400,48,0,0,0,0.000000
11,21.951870423,21.957728563,2066,3.169204308,0,0.000000000,1068,106,10.600,48,0,0,39,0.039000
12,21.957875493,21.963824490,2055,3.152330519,0,0.000000000,1054,105,10.500,46,0,0,0,0.000000
4,21.963971788,21.969644182,2054,3.150796538,0,0.000000000,0,104,10.400,49,0,0,0,0.000000
5,21.969793566,21.975694291,2054,3.150796538,0,0.000000000,1054,105,10.500,47,0,0,0,0.000000
6,21.975862397,21.981713201,2057,3.155398481,0,0.000000000,1068,103,10.300,47,0,0,14,0.014000
7,21.981891006,21.987867777,2038,3.126252846,0,0.000000000,0,104,10.400,47,0,0,0,0.000000
8,21.988040194,21.993785895,2024,3.104777115,0,0.000000000,37,105,10.500,47,0,0,40,0.040000
9,21.993964795,21.999630916,2045,3.136990711,0,0.000000000,0,105,10.500,47,0,0,33,0.033000
10,21.999809898,22.005544053,2055,3.152330519,0,0.000000000,1054,104,10.400,48,0,0,0,0.000000
11,22.005709206,22.011579718,2066,3.169204308,0,0.000000000,1068,106,10.600,48,0,0,38,0.038000
12,22.011732849,22.017542069,2055,3.152330519,0,0.000000000,1054,105,10.500,46,0,0,0,0.000000
4,22.017686172,22.023622087,2054,3.150796538,0,0.000000000,0,104,10.400,49,0,0,0,0.000000
5,22.023770228,22.029612278,2054,3.150796538,0,0.000000000,1054,105,10.500,47,0,0,0,0.000000
6,22.029755347,22.035625542,2057,3.155398481,0,0.000000000,1068,103,10.300,48,0,0,14,0.014000
7,22.035767382,22.041749582,2038,3.126252846,0,0.000000000,0,104,10.400,47,0,0,0,0.000000
8,22.041892220,22.047711330,2024,3.104777115,0,0.000000000,37,105,10.500,47,0,0,40,0.040000
9,22.047854880,22.053646527,2045,3.136990711,0,0.000000000,0,105,10.500,48,0,0,33,0.033000
10,22.053791304,22.059738148,2055,3.152330519,0,0.000000000,1054,104,10.400,48,0,0,0,0.000000
11,22.059877938,22.065606665,2066,3.169204308,0,0.000000000,1068,106,10.600,48,0,0,39,0.039000
12,22.065817355,22.071643136,2055,3.152330519,0,0.000000000,1054,105,10.500,46,0,0,0,0.000000
4,22.071789456,22.078033390,2054,3.150796538,0,0.000000000,0,104,10.400,49,0,0,0,0.000000
5,22.078236702,22.083635478,2054,3.150796538,0,0.000000000,1054,105,10.500,47,0,0,0,0.000000
6,22.083800817,22.089872622,2057,3.155398481,0,0.000000000,1068,103,10.300,47,0,0,14,0.014000
7,22.090046830,22.095836530,2038,3.126252846,0,0.000000000,0,104,10.400,47,0,0,0,0.000000
8,22.096003218,22.101912524,2024,3.104777115,0,0.000000000,37,105,10.500,47,0,0,40,0.040000
9,22.102079072,22.107621772,2045,3.136990711,0,0.000000000,0,105,10.500,48,0,0,33,0.033000
10,22.107786633,22.113631965,2055,3.152330519,0,0.000000000,1054,104,10.400,48,0,0,0,0.000000
11,22.113790527,22.119692582,2066,3.169204308,0,0.000000000,1068,106,10.600,48,0,0,38,0.038000
12,22.119855874,22.125897399,2055,3.152330519,0,0.000000000,1054,105,10.500,46,0,0,0,0.000000
4,22.126095291,22.131734191,2054,3.150796538,0,0.000000000,0,104,10.400,49,0,0,0,0.000000
5,22.131931063,22.137743868,2054,3.150796538,0,0.000000000,1054,105,10.500,47,0,0,0,0.000000
6,22.137947037,22.143620303,2057,3.155398481,0,0.000000000,1068,103,10.300,47,0,0,14,0.014000
7,22.143785303,22.149626008,2038,3.126252846,0,0.000000000,0,104,10.400,47,0,0,0,0.000000
8,22.149768592,22.155561543,2024,3.104777115,0,0.000000000,37,105,10.500,47,0,0,41,0.041000
9,22.155713106,22.161817907,2045,3.136990711,0,0.000000000,0,105,10.500,47,0,0,33,0.033000
10,22.161969846,22.167727079,2055,3.152330519,0,0.000000000,1054,104,10.400,48,0,0,0,0.000000
11,22.167879476,22.173919005,2066,3.169204308,0,0.000000000,1068,106,10.600,48,0,0,38,0.038000
12,22.174122158,22.179822502,2055,3.152330519,0,0.000000000,1054,105,10.500,46,0,0,0,0.000000
4,22.179987324,22.185707820,2054,3.150796538,0,0.000000000,0,104,10.400,49,0,0,0,0.000000
5,22.185882052,22.191832934,2054,3.150796538,0,0.000000000,1054,105,10.500,47,0,0,0,0.000000
6,22.192005724,22.197681099,2057,3.155398481,0,0.000000000,1068,103,10.300,47,0,0,13,0.013000
7,22.197856607,22.203559164,2038,3.126252846,0,0.000000000,0,104,10.400,47,0,0,0,0.000000
8,22.203722530,22.209671621,2024,3.104777115,0,0.000000000,37,105,10.500,47,0,0,40,0.040000
9,22.209837358,22.215700452,2045,3.136990711,0,0.000000000,0,105,10.500,48,0,0,33,0.033000
10,22.215865929,22.221611431,2055,3.152330519,0,0.000000000,1054,104,10.400,48,0,0,0,0.000000
11,22.221771507,22.227617752,2066,3.169204308,0,0.000000000,1068,106,10.600,48,0,0,39,0.039000
12,22.227780164,22.233698287,2055,3.152330519,0,0.000000000,1054,105,10.500,46,0,0,0,0.000000
4,22.233859842,22.239772987,2054,3.150796538,0,0.000000000,0,104,10.400,49,0,0,0,0.000000
5,22.239932598,22.245722025,2054,3.150796538,0,0.000000000,1054,105,10.500,47,0,0,0,0.000000
6,22.245867345,22.251680352,2057,3.155398481,0,0.000000000,1068,103,10.300,47,0,0,14,0.014000
7,22.251832086,22.257756393,2038,3.126252846,0,0.000000000,0,104,10.400,47,0,0,0,0.000000
8,22.257935221,22.263863217,2024,3.104777115,0,0.000000000,37,105,10.500,47,0,0,40,0.040000
9,22.264044219,22.269727023,2045,3.136990711,0,0.000000000,0,105,10.500,48,0,0,33,0.033000
10,22.269905693,22.275697443,2055,3.152330519,0,0.000000000,1054,104,10.400,48,0,0,0,0.000000
11,22.275882682,22.281599497,2066,3.169204308,0,0.000000000,1068,106,10.600,48,0,0,38,0.038000
12,22.281778867,22.287694503,2055,3.152330519,0,0.000000000,1054,104,10.400,46,0,0,0,0.000000
4,22.287874557,22.293704831,2054,3.150796538,0,0.000000000,0,104,10.400,49,0,0,0,0.000000
5,22.293894311,22.299818497,2054,3.150796538,0,0.000000000,1054,105,10.500,47,0,0,0,0.000000
6,22.299995395,22.305769474,2057,3.155398481,0,0.000000000,1068,103,10.300,47,0,0,13,0.013000
7,22.305949572,22.311822190,2038,3.126252846,0,0.000000000,0,104,10.400,47,0,0,0,0.000000
8,22.311997418,22.317644741,2024,3.104777115,0,0.000000000,37,105,10.500,47,0,0,40,0.040000
9,22.317822601,22.323682609,2045,3.136990711,0,0.000000000,0,105,10.500,48,0,0,33,0.033000
10,22.323860369,22.329756081,2055,3.152330519,0,0.000000000,1054,104,10.400,48,0,0,0,0.000000
11,22.329928286,22.335795156,2066,3.169204308,0,0.000000000,1068,106,10.600,48,0,0,38,0.038000
12,22.335967822,22.341565660,2055,3.152330519,0,0.000000000,1054,104,10.400,46,0,0,0,0.000000
4,22.341735749,22.347800131,2054,3.150796538,0,0.000000000,0,104,10.400,49,0,0,0,0.000000
5,22.348272588,22.353836226,2054,3.150796538,0,0.000000000,1054,105,10.500,47,0,0,0,0.000000
6,22.354017222,22.359736282,2057,3.155398481,0,0.000000000,1068,103,10.300,47,0,0,13,0.013000
7,22.359921726,22.365788588,2038,3.126252846,0,0.000000000,0,104,10.400,47,0,0,0,0.000000
8,22.365961046,22.371687595,2024,3.104777115,0,0.000000000,37,105,10.500,47,0,0,40,0.040000
9,22.371868671,22.378595498,2045,3.136990711,0,0.000000000,0,105,10.500,48,0,0,33,0.033000
10,22.378914039,22.383648441,2055,3.152330519,0,0.000000000,1054,104,10.400,48,0,0,0,0.000000
11,22.383823914,22.389880648,2066,3.169204308,0,0.000000000,1068,106,10.600,48,0,0,39,0.039000
12,22.390130785,22.395848873,2055,3.152330519,0,0.000000000,1054,105,10.500,46,0,0,0,0.000000
4,22.396079454,22.401846644,2054,3.150796538,0,0.000000000,0,104,10.400,49,0,0,0,0.000000
5,22.402022300,22.407740222,2054,3.150796538,0,0.000000000,1054,105,10.500,47,0,0,0,0.000000
6,22.407927941,22.413750872,2057,3.155398481,0,0.000000000,1068,103,10.300,47,0,0,14,0.014000
7,22.414074746,22.420134066,2038,3.126252846,0,0.000000000,0,104,10.400,47,0,0,0,0.000000
8,22.420354027,22.425775376,2024,3.104777115,0,0.000000000,37,105,10.500,47,0,0,40,0.040000
9,22.425969830,22.431685883,2045,3.136990711,0,0.000000000,0,105,10.500,48,0,0,33,0.033000
10,22.431870156,22.437883818,2055,3.152330519,0,0.000000000,1054,104,10.400,48,0,0,0,0.000000
11,22.438073345,22.443739445,2066,3.169204308,0,0.000000000,1068,106,10.600,48,0,0,39,0.039000
12,22.443922587,22.449850161,2055,3.152330519,0,0.000000000,1054,105,10.500,46,0,0,0,0.000000
4,22.450033546,22.455894297,2054,3.150796538,0,0.000000000,0,104,10.400,49,0,0,0,0.000000
5,22.456068862,22.461684036,2054,3.150796538,0,0.000000000,1054,105,10.500,47,0,0,0,0.000000
6,22.461867011,22.467832664,2057,3.155398481,0,0.000000000,1068,103,10.300,47,0,0,14,0.014000
7,22.468017995,22.473731356,2038,3.126252846,0,0.000000000,0,104,10.400,47,0,0,0,0.000000
8,22.473904108,22.479766674,2024,3.104777115,0,0.000000000,37,105,10.500,47,0,0,40,0.040000
9,22.479946203,22.485844141,2045,3.136990711,0,0.000000000,0,105,10.500,48,0,0,33,0.033000
10,22.486031785,22.491734366,2055,3.152330519,0,0.000000000,1054,104,10.400,48,0,0,0,0.000000
11,22.491907312,22.497871512,2066,3.169204308,0,0.000000000,1068,106,10.600,48,0,0,38,0.038000
12,22.498131751,22.503739199,2055,3.152330519,0,0.000000000,1054,105,10.500,46,0,0,0,0.000000
4,22.503917961,22.509779486,2054,3.150796538,0,0.000000000,0,104,10.400,49,0,0,0,0.000000
5,22.509957911,22.515745306,2054,3.150796538,0,0.000000000,1054,105,10.500,47,0,0,0,0.000000
6,22.515923018,22.521607764,2057,3.155398481,0,0.000000000,1068,103,10.300,47,0,0,14,0.014000
7,22.521786758,22.528131711,2038,3.126252846,0,0.000000000,0,104,10.400,47,0,0,0,0.000000
8,22.528346839,22.534002586,2024,3.104777115,0,0.000000000,37,105,10.500,47,0,0,41,0.041000
9,22.534216808,22.539741278,2045,3.136990711,0,0.000000000,0,105,10.500,48,0,0,33,0.033000
10,22.539952481,22.545780698,2055,3.152330519,0,0.000000000,1054,104,10.400,48,0,0,0,0.000000
11,22.545961171,22.551643757,2066,3.169204308,0,0.000000000,1068,106,10.600,48,0,0,39,0.039000
12,22.551821786,22.557818878,2055,3.152330519,0,0.000000000,1054,105,10.500,46,0,0,0,0.000000
4,22.557999458,22.563858816,2054,3.150796538,0,0.000000000,0,104,10.400,49,0,0,0,0.000000
5,22.564034812,22.569668528,2054,3.150796538,0,0.000000000,1054,105,10.500,47,0,0,0,0.000000
6,22.569845848,22.575624626,2057,3.155398481,0,0.000000000,1068,103,10.300,47,0,0,13,0.013000
7,22.575804871,22.581772906,2038,3.126252846,0,0.000000000,0,104,10.400,47,0,0,0,0.000000
8,22.581952935,22.587718411,2024,3.104777115,0,0.000000000,37,105,10.500,47,0,0,40,0.040000
9,22.587898311,22.593567706,2045,3.136990711,0,0.000000000,0,105,10.500,48,0,0,34,0.034000
10,22.593748688,22.599780275,2055,3.152330519,0,0.000000000,1054,104,10.400,48,0,0,0,0.000000
11,22.599960708,22.605600241,2066,3.169204308,0,0.000000000,1068,106,10.600,48,0,0,38,0.038000
12,22.605780670,22.611856983,2055,3.152330519,0,0.000000000,1054,105,10.500,46,0,0,0,0.000000
4,22.612039403,22.617816458,2054,3.150796538,0,0.000000000,0,104,10.400,49,0,0,0,0.000000
5,22.617998134,22.623808319,2054,3.150796538,0,0.000000000,1054,105,10.500,47,0,0,0,0.000000
6,22.623984981,22.629668161,2057,3.155398481,0,0.000000000,1068,103,10.300,47,0,0,13,0.013000
7,22.629847620,22.636532817,2038,3.126252846,0,0.000000000,0,104,10.400,47,0,0,0,0.000000
8,22.636804463,22.641636612,2024,3.104777115,0,0.000000000,37,105,10.500,47,0,0,40,0.040000
9,22.641815692,22.647623674,2045,3.136990711,0,0.000000000,0,105,10.500,48,0,0,33,0.033000
10,22.647825133,22.653803453,2055,3.152330519,0,0.000000000,1054,104,10.400,48,0,0,0,0.000000
11,22.653971206,22.659564996,2066,3.169204308,0,0.000000000,1068,106,10.600,48,0,0,38,0.038000
12,22.659721181,22.665420103,2055,3.152330519,0,0.000000000,1054,105,10.500,46,0,0,0,0.000000
4,22.665565505,22.671723142,2054,3.150796538,0,0.000000000,0,104,10.400,49,0,0,0,0.000000
5,22.671885503,22.677696253,2054,3.150796538,0,0.000000000,1054,105,10.500,47,0,0,0,0.000000
6,22.677852332,22.683737903,2057,3.155398481,0,0.000000000,1068,103,10.300,47,0,0,13,0.013000
7,22.683920015,22.689632767,2038,3.126252846,0,0.000000000,0,104,10.400,47,0,0,0,0.000000
8,22.689807501,22.695833893,2024,3.104777115,0,0.000000000,37,105,10.500,47,0,0,40,0.040000
9,22.696016189,22.701849220,2045,3.136990711,0,0.000000000,0,105,10.500,48,0,0,33,0.033000
10,22.702033667,22.708032891,2055,3.152330519,0,0.000000000,1054,104,10.400,48,0,0,0,0.000000
11,22.708211174,22.713682773,2066,3.169204308,0,0.000000000,1068,106,10.600,48,0,0,39,0.039000
12,22.713861938,22.719691591,2055,3.152330519,0,0.000000000,1054,105,10.500,46,0,0,0,0.000000
4,22.719886293,22.725636251,2054,3.150796538,0,0.000000000,0,104,10.400,49,0,0,0,0.000000
5,22.725809347,22.731699511,2054,3.150796538,0,0.000000000,1054,105,10.500,47,0,0,0,0.000000
6,22.731875821,22.737690382,2057,3.155398481,0,0.000000000,1068,103,10.300,47,0,0,13,0.013000
7,22.737881140,22.743763921,2038,3.126252846,0,0.000000000,0,104,10.400,47,0,0,0,0.000000
8,22.743936707,22.749702846,2024,3.104777115,0,0.000000000,37,105,10.500,47,0,0,40,0.040000
9,22.749883133,22.755587415,2045,3.136990711,0,0.000000000,0,105,10.500,48,0,0,33,0.033000
10,22.755760516,22.761633099,2055,3.152330519,0,0.000000000,1054,104,10.400,48,0,0,0,0.000000
11,22.761780182,22.767695150,2066,3.169204308,0,0.000000000,1068,106,10.600,48,0,0,38,0.038000
12,22.767842263,22.773936462,2055,3.152330519,0,0.000000000,1054,105,10.500,46,0,0,0,0.000000
4,22.774108398,22.779651595,2054,3.150796538,0,0.000000000,0,104,10.400,49,0,0,0,0.000000
5,22.779795628,22.785777725,2054,3.150796538,0,0.000000000,1054,105,10.500,47,0,0,0,0.000000
6,22.785948562,22.791865814,2057,3.155398481,0,0.000000000,1068,103,10.300,47,0,0,14,0.014000
7,22.792044571,22.797751123,2038,3.126252846,0,0.000000000,0,104,10.400,47,0,0,0,0.000000
8,22.797919050,22.804128925,2024,3.104777115,0,0.000000000,37,105,10.500,47,0,0,40,0.040000
9,22.804372839,22.809778899,2045,3.136990711,0,0.000000000,0,105,10.500,48,0,0,33,0.033000
10,22.809950894,22.815877337,2055,3.152330519,0,0.000000000,1054,104,10.400,48,0,0,0,0.000000
11,22.816078272,22.821690409,2066,3.169204308,0,0.000000000,1068,106,10.600,48,0,0,38,0.038000
12,22.821868373,22.827550222,2055,3.152330519,0,0.000000000,1054,105,10.500,46,0,0,0,0.000000
4,22.827711725,22.833629433,2054,3.150796538,0,0.000000000,0,104,10.400,49,0,0,0,0.000000
5,22.833794675,22.839735190,2054,3.150796538,0,0.000000000,1054,105,10.500,47,0,0,0,0.000000
6,22.839897364,22.845625461,2057,3.155398481,0,0.000000000,1068,103,10.300,47,0,0,14,0.014000
7,22.845773110,22.851672022,2038,3.126252846,0,0.000000000,0,104,10.400,47,0,0,0,0.000000
8,22.851817201,22.857635828,2024,3.104777115,0,0.000000000,37,105,10.500,47,0,0,40,0.040000
9,22.857785352,22.863627570,2045,3.136990711,0,0.000000000,0,105,10.500,48,0,0,33,0.033000
10,22.863776161,22.869537254,2055,3.152330519,0,0.000000000,1054,104,10.400,48,0,0,0,0.000000
11,22.869682290,22.875826093,2066,3.169204308,0,0.000000000,1068,106,10.600,48,0,0,38,0.038000
12,22.876019127,22.881569912,2055,3.152330519,0,0.000000000,1054,105,10.500,46,0,0,0,0.000000
4,22.881735661,22.887676921,2054,3.150796538,0,0.000000000,0,104,10.400,49,0,0,0,0.000000
5,22.887929091,22.893760660,2054,3.150796538,0,0.000000000,1054,105,10.500,47,0,0,0,0.000000
6,22.893906283,22.899563870,2057,3.155398481,0,0.000000000,1068,103,10.300,47,0,0,13,0.013000
7,22.899717608,22.905696277,2038,3.126252846,0,0.000000000,0,104,10.400,47,0,0,0,0.000000
8,22.905846192,22.911651638,2024,3.104777115,0,0.000000000,37,105,10.500,47,0,0,40,0.040000
9,22.911800394,22.917620434,2045,3.136990711,0,0.000000000,0,105,10.500,48,0,0,33,0.033000
10,22.917772533,22.923947860,2055,3.152330519,0,0.000000000,1054,104,10.400,48,0,0,0,0.000000
11,22.924112560,22.929593708,2066,3.169204308,0,0.000000000,1068,106,10.600,48,0,0,38,0.038000
12,22.929773180,22.935570148,2055,3.152330519,0,0.000000000,1054,105,10.500,46,0,0,0,0.000000
4,22.935765809,22.941544358,2054,3.150796538,0,0.000000000,0,104,10.400,49,0,0,0,0.000000
5,22.941718078,22.947800879,2054,3.150796538,0,0.000000000,1054,105,10.500,47,0,0,0,0.000000
6,22.947980580,22.953816671,2057,3.155398481,0,0.000000000,1068,103,10.300,48,0,0,14,0.014000
7,22.954025755,22.959647865,2038,3.126252846,0,0.000000000,0,104,10.400,47,0,0,0,0.000000
8,22.959818876,22.965560550,2024,3.104777115,0,0.000000000,37,105,10.500,47,0,0,40,0.040000
9,22.965739361,22.971966831,2045,3.136990711,0,0.000000000,0,105,10.500,48,0,0,33,0.033000
10,22.972171755,22.977528730,2055,3.152330519,0,0.000000000,1054,104,10.400,48,0,0,0,0.000000
11,22.977697071,22.984080962,2066,3.169204308,0,0.000000000,1068,106,10.600,48,0,0,39,0.039000
12,22.984289258,22.989829321,2055,3.152330519,0,0.000000000,1054,105,10.500,46,0,0,0,0.000000
4,22.990005645,22.995782650,2054,3.150796538,0,0.000000000,0,104,10.400,49,0,0,0,0.000000
5,22.995977235,23.001629955,2054,3.150796538,0,0.000000000,1054,105,10.500,47,0,0,0,0.000000
6,23.001805344,23.007721828,2057,3.155398481,0,0.000000000,1068,103,10.300,48,0,0,14,0.014000
7,23.007900658,23.013741747,2038,3.126252846,0,0.000000000,0,104,10.400,47,0,0,0,0.000000
8,23.013926220,23.019702044,2024,3.104777115,0,0.000000000,37,105,10.500,47,0,0,40,0.040000
9,23.019881393,23.025586112,2045,3.136990711,0,0.000000000,0,105,10.500,48,0,0,33,0.033000
10,23.025761838,23.031682299,2055,3.152330519,0,0.000000000,1054,104,10.400,48,0,0,0,0.000000
11,23.031866269,23.037662395,2066,3.169204308,0,0.000000000,1068,106,10.600,48,0,0,39,0.039000
12,23.037842669,23.043817605,2055,3.152330519,0,0.000000000,1054,105,10.500,46,0,0,0,0.000000
4,23.044000290,23.049930667,2054,3.150796538,0,0.000000000,0,104,10.400,49,0,0,0,0.000000
5,23.050104670,23.055606322,2054,3.150796538,0,0.000000000,1054,105,10.500,47,0,0,0,0.000000
6,23.055782486,23.061700556,2057,3.155398481,0,0.000000000,1068,103,10.300,47,0,0,14,0.014000
7,23.061884326,23.067640680,2038,3.126252846,0,0.000000000,0,104,10.400,47,0,0,0,0.000000
8,23.067812268,23.073721904,2024,3.104777115,0,0.000000000,37,105,10.500,47,0,0,40,0.040000
9,23.073912750,23.079618362,2045,3.136990711,0,0.000000000,0,105,10.500,48,0,0,33,0.033000
10,23.079818009,23.085634510,2055,3.152330519,0,0.000000000,1054,104,10.400,48,0,0,0,0.000000
11,23.085820096,23.091817854,2066,3.169204308,0,0.000000000,1068,106,10.600,48,0,0,38,0.038000
12,23.092001858,23.097760270,2055,3.152330519,0,0.000000000,1054,104,10.400,46,0,0,0,0.000000
4,23.097943225,23.103719643,2054,3.150796538,0,0.000000000,0,104,10.400,49,0,0,0,0.000000
5,23.103918802,23.109852040,2054,3.150796538,0,0.000000000,1054,105,10.500,47,0,0,0,0.000000
6,23.110052749,23.115679840,2057,3.155398481,0,0.000000000,1068,103,10.300,48,0,0,14,0.014000
7,23.115869400,23.121907764,2038,3.126252846,0,0.000000000,0,104,10.400,47,0,0,0,0.000000
8,23.122082880,23.127790480,2024,3.104777115,0,0.000000000,37,105,10.500,47,0,0,40,0.040000
9,23.127971824,23.133654414,2045,3.136990711,0,0.000000000,0,105,10.500,48,0,0,33,0.033000
10,23.133839206,23.139914417,2055,3.152330519,0,0.000000000,1054,104,10.400,48,0,0,0,0.000000
11,23.140136038,23.145666510,2066,3.169204308,0,0.000000000,1068,106,10.600,48,0,0,38,0.038000
12,23.145847045,23.151846714,2055,3.152330519,0,0.000000000,1054,104,10.400,46,0,0,0,0.000000
4,23.152043163,23.157573051,2054,3.150796538,0,0.000000000,0,104,10.400,49,0,0,0,0.000000
5,23.157749255,23.163551979,2054,3.150796538,0,0.000000000,1054,105,10.500,47,0,0,0,0.000000
6,23.163727248,23.169665407,2057,3.155398481,0,0.000000000,1068,103,10.300,47,0,0,13,0.013000
7,23.169844559,23.175714299,2038,3.126252846,0,0.000000000,0,104,10.400,47,0,0,0,0.000000
8,23.175891810,23.181932054,2024,3.104777115,0,0.000000000,37,105,10.500,47,0,0,40,0.040000
9,23.182144536,23.187915476,2045,3.136990711,0,0.000000000,0,105,10.500,48,0,0,33,0.033000
10,23.188098875,23.193713427,2055,3.152330519,0,0.000000000,1054,104,10.400,48,0,0,0,0.000000
11,23.193890226,23.199519078,2066,3.169204308,0,0.000000000,1068,106,10.600,48,0,0,39,0.039000
12,23.199701042,23.205761596,2055,3.152330519,0,0.000000000,1054,104,10.400,46,0,0,0,0.000000
4,23.205936182,23.211618840,2054,3.150796538,0,0.000000000,0,104,10.400,49,0,0,0,0.000000
5,23.211793475,23.217809172,2054,3.150796538,0,0.000000000,1054,105,10.500,47,0,0,0,0.000000
6,23.218011369,23.223792704,2057,3.155398481,0,0.000000000,1068,103,10.300,47,0,0,13,0.013000
7,23.223970989,23.229630244,2038,3.126252846,0,0.000000000,0,104,10.400,47,0,0,0,0.000000
8,23.229791958,23.235809427,2024,3.104777115,0,0.000000000,37,105,10.500,47,0,0,40,0.040000
9,23.235987991,23.241697189,2045,3.136990711,0,0.000000000,0,105,10.500,48,0,0,33,0.033000
10,23.241864908,23.247631449,2055,3.152330519,0,0.000000000,1054,104,10.400,48,0,0,0,0.000000
11,23.247791986,23.253566908,2066,3.169204308,0,0.000000000,1068,106,10.600,48,0,0,38,0.038000
12,23.253730457,23.259612197,2055,3.152330519,0,0.000000000,1054,104,10.400,46,0,0,0,0.000000
4,23.259772344,23.265651113,2054,3.150796538,0,0.000000000,0,104,10.400,49,0,0,0,0.000000
5,23.265811311,23.271730935,2054,3.150796538,0,0.000000000,1054,105,10.500,47,0,0,0,0.000000
6,23.271891855,23.277566909,2057,3.155398481,0,0.000000000,1068,103,10.300,47,0,0,13,0.013000
7,23.277734319,23.283689254,2038,3.126252846,0,0.000000000,0,104,10.400,47,0,0,0,0.000000
8,23.283834893,23.289488971,2024,3.104777115,0,0.000000000,37,105,10.500,47,0,0,40,0.040000
9,23.289640103,23.295728459,2045,3.136990711,0,0.000000000,0,105,10.500,48,0,0,33,0.033000
10,23.295900854,23.301697701,2055,3.152330519,0,0.000000000,1054,104,10.400,48,0,0,0,0.000000
11,23.301870945,23.307561320,2066,3.169204308,0,0.000000000,1068,106,10.600,48,0,0,38,0.038000
12,23.307739659,23.313764033,2055,3.152330519,0,0.000000000,1054,104,10.400,46,0,0,0,0.000000
4,23.313940694,23.319779479,2054,3.150796538,0,0.000000000,0,104,10.400,49,0,0,0,0.000000
5,23.319952510,23.325568702,2054,3.150796538,0,0.000000000,1054,105,10.500,47,0,0,0,0.000000
6,23.325744392,23.331763669,2057,3.155398481,0,0.000000000,1068,103,10.300,47,0,0,14,0.014000
7,23.331943546,23.337733823,2038,3.126252846,0,0.000000000,0,104,10.400,47,0,0,0,0.000000
8,23.337907403,23.343648089,2024,3.104777115,0,0.000000000,37,105,10.500,47,0,0,40,0.040000
9,23.343829445,23.349800838,2045,3.136990711,0,0.000000000,0,105,10.500,48,0,0,33,0.033000
10,23.349980600,23.355804037,2055,3.152330519,0,0.000000000,1054,104,10.400,48,0,0,0,0.000000
11,23.356005050,23.361773689,2066,3.169204308,0,0.000000000,1068,106,10.600,48,0,0,38,0.038000
12,23.361960594,23.367828336,2055,3.152330519,0,0.000000000,1054,105,10.500,46,0,0,0,0.000000
4,23.368012133,23.373655977,2054,3.150796538,0,0.000000000,0,104,10.400,49,0,0,0,0.000000
5,23.373829495,23.379671535,2054,3.150796538,0,0.000000000,1054,105,10.500,47,0,0,0,0.000000
6,23.379849538,23.385636463,2057,3.155398481,0,0.000000000,1068,103,10.300,47,0,0,14,0.014000
7,23.385817393,23.391623355,2038,3.126252846,0,0.000000000,0,104,10.400,47,0,0,0,0.000000
8,23.391804956,23.397883517,2024,3.104777115,0,0.000000000,37,105,10.500,47,0,0,40,0.040000
9,23.398100960,23.403616381,2045,3.136990711,0,0.000000000,0,105,10.500,47,0,0,33,0.033000
10,23.403810189,23.409609474,2055,3.152330519,0,0.000000000,1054,104,10.400,48,0,0,0,0.000000
11,23.409792283,23.415609374,2066,3.169204308,0,0.000000000,1068,106,10.600,48,0,0,39,0.039000
12,23.415804239,23.421623034,2055,3.152330519,0,0.000000000,1054,104,10.400,46,0,0,0,0.000000
4,23.421837443,23.427760488,2054,3.150796538,0,0.000000000,0,104,10.400,49,0,0,0,0.000000
5,23.427938725,23.433625372,2054,3.150796538,0,0.000000000,1054,105,10.500,47,0,0,0,0.000000
6,23.433808678,23.439775431,2057,3.155398481,0,0.000000000,1068,103,10.300,47,0,0,13,0.013000
7,23.439956504,23.445613142,2038,3.126252846,0,0.000000000,0,104,10.400,47,0,0,0,0.000000
8,23.445792920,23.451733374,2024,3.104777115,0,0.000000000,37,105,10.500,47,0,0,40,0.040000
9,23.451964542,23.457499010,2045,3.136990711,0,0.000000000,0,105,10.500,48,0,0,33,0.033000
10,23.457681856,23.463612955,2055,3.152330519,0,0.000000000,1054,104,10.400,48,0,0,0,0.000000
11,23.463788335,23.469587165,2066,3.169204308,0,0.000000000,1068,106,10.600,48,0,0,39,0.039000
12,23.469765130,23.475835963,2055,3.152330519,0,0.000000000,1054,105,10.500,46,0,0,0,0.000000
4,23.476033944,23.481666915,2054,3.150796538,0,0.000000000,0,104,10.400,49,0,0,0,0.000000
5,23.481916144,23.487644012,2054,3.150796538,0,0.000000000,1054,105,10.500,47,0,0,0,0.000000
6,23.487833224,23.493672999,2057,3.155398481,0,0.000000000,1068,103,10.300,47,0,0,14,0.014000
7,23.493859424,23.499696234,2038,3.126252846,0,0.000000000,0,104,10.400,47,0,0,0,0.000000
8,23.499874606,23.505766357,2024,3.104777115,0,0.000000000,37,105,10.500,47,0,0,40,0.040000
9,23.505946586,23.511602083,2045,3.136990711,0,0.000000000,0,105,10.500,48,0,0,33,0.033000
10,23.511792761,23.517893128,2055,3.152330519,0,0.000000000,1054,104,10.400,48,0,0,0,0.000000
11,23.518132253,23.523622777,2066,3.169204308,0,0.000000000,1068,106,10.600,48,0,0,39,0.039000
12,23.523810799,23.529564426,2055,3.152330519,0,0.000000000,1054,105,10.500,46,0,0,0,0.000000
4,23.529744591,23.535784204,2054,3.150796538,0,0.000000000,0,104,10.400,49,0,0,0,0.000000
5,23.535985546,23.541917832,2054,3.150796538,0,0.000000000,1054,105,10.500,47,0,0,0,0.000000
6,23.542098689,23.547636269,2057,3.155398481,0,0.000000000,1068,103,10.300,47,0,0,13,0.013000
7,23.547824419,23.553846418,2038,3.126252846,0,0.000000000,0,104,10.400,47,0,0,0,0.000000
8,23.554034689,23.559554979,2024,3.104777115,0,0.000000000,37,105,10.500,47,0,0,40,0.040000
9,23.559736597,23.565673941,2045,3.136990711,0,0.000000000,0,105,10.500,48,0,0,33,0.033000
10,23.565910125,23.571608762,2055,3.152330519,0,0.000000000,1054,104,10.400,48,0,0,0,0.000000
11,23.571786045,23.577599219,2066,3.169204308,0,0.000000000,1068,106,10.600,48,0,0,38,0.038000
12,23.577778150,23.583476889,2055,3.152330519,0,0.000000000,1054,105,10.500,46,0,0,0,0.000000
4,23.583649623,23.589896069,2054,3.150796538,0,0.000000000,0,104,10.400,49,0,0,0,0.000000
5,23.590078686,23.595671904,2054,3.150796538,0,0.000000000,1054,105,10.500,47,0,0,0,0.000000
6,23.595847085,23.601628549,2057,3.155398481,0,0.000000000,1068,103,10.300,47,0,0,14,0.014000
7,23.601816143,23.607529030,2038,3.126252846,0,0.000000000,0,104,10.400,47,0,0,0,0.000000
8,23.607704004,23.613704949,2024,3.104777115,0,0.000000000,37,105,10.500,47,0,0,40,0.040000
9,23.613885144,23.619792340,2045,3.136990711,0,0.000000000,0,105,10.500,48,0,0,33,0.033000
10,23.619977889,23.625619093,2055,3.152330519,0,0.000000000,1054,104,10.400,48,0,0,0,0.000000
11,23.625794701,23.631832227,2066,3.169204308,0,0.000000000,1068,106,10.600,48,0,0,38,0.038000
12,23.632034818,23.637713537,2055,3.152330519,0,0.000000000,1054,105,10.500,46,0,0,0,0.000000
4,23.637893349,23.643621191,2054,3.150796538,0,0.000000000,0,104,10.400,49,0,0,0,0.000000
5,23.643794555,23.649601714,2054,3.150796538,0,0.000000000,1054,105,10.500,47,0,0,0,0.000000
6,23.649805911,23.655694472,2057,3.155398481,0,0.000000000,1068,103,10.300,47,0,0,13,0.013000
7,23.655871817,23.661611394,2038,3.126252846,0,0.000000000,0,104,10.400,47,0,0,0,0.000000
8,23.661792606,23.667544921,2024,3.104777115,0,0.000000000,37,105,10.500,47,0,0,40,0.040000
9,23.667727279,23.673788535,2045,3.136990711,0,0.000000000,0,105,10.500,48,0,0,33,0.033000
10,23.673970868,23.679886450,2055,3.152330519,0,0.000000000,1054,104,10.400,48,0,0,0,0.000000
11,23.680080685,23.685752928,2066,3.169204308,0,0.000000000,1068,106,10.600,48,0,0,39,0.039000
12,23.685933175,23.691528935,2055,3.152330519,0,0.000000000,1054,105,10.500,46,0,0,0,0.000000
4,23.691705117,23.697807104,2054,3.150796538,0,0.000000000,0,104,10.400,49,0,0,0,0.000000
5,23.697995088,23.703551773,2054,3.150796538,0,0.000000000,1054,105,10.500,47,0,0,0,0.000000
6,23.703748086,23.709528590,2057,3.155398481,0,0.000000000,1068,103,10.300,47,0,0,13,0.013000
7,23.709706764,23.715760416,2038,3.126252846,0,0.000000000,0,104,10.400,47,0,0,0,0.000000
8,23.715954645,23.721740511,2024,3.104777115,0,0.000000000,37,105,10.500,47,0,0,40,0.040000
9,23.721928733,23.727661945,2045,3.136990711,0,0.000000000,0,105,10.500,48,0,0,33,0.033000
10,23.727849224,23.733917202,2055,3.152330519,0,0.000000000,1054,104,10.400,48,0,0,0,0.000000
11,23.734123433,23.739662395,2066,3.169204308,0,0.000000000,1068,106,10.600,48,0,0,38,0.038000
12,23.739849120,23.745630123,2055,3.152330519,0,0.000000000,1054,105,10.500,46,0,0,0,0.000000
4,23.745813963,23.751676840,2054,3.150796538,0,0.000000000,0,104,10.400,49,0,0,0,0.000000
5,23.751861030,23.757620303,2054,3.150796538,0,0.000000000,1054,105,10.500,47,0,0,0,0.000000
6,23.757801187,23.763585803,2057,3.155398481,0,0.000000000,1068,103,10.300,48,0,0,14,0.014000
7,23.763771088,23.769766110,2038,3.126252846,0,0.000000000,0,104,10.400,47,0,0,0,0.000000
8,23.769950524,23.775857257,2024,3.104777115,0,0.000000000,37,105,10.500,47,0,0,40,0.040000
9,23.776128585,23.781599538,2045,3.136990711,0,0.000000000,0,105,10.500,48,0,0,33,0.033000
10,23.781785945,23.787696689,2055,3.152330519,0,0.000000000,1054,104,10.400,48,0,0,0,0.000000
11,23.787907631,23.793546105,2066,3.169204308,0,0.000000000,1068,106,10.600,48,0,0,39,0.039000
12,23.793728628,23.799656936,2055,3.152330519,0,0.000000000,1054,104,10.400,46,0,0,0,0.000000
4,23.799831234,23.805697482,2054,3.150796538,0,0.000000000,0,104,10.400,49,0,0,0,0.000000
5,23.805873350,23.811659544,2054,3.150796538,0,0.000000000,1054,105,10.500,47,0,0,0,0.000000
6,23.811834413,23.817635134,2057,3.155398481,0,0.000000000,1068,103,10.300,48,0,0,13,0.013000
7,23.817809326,23.823445384,2038,3.126252846,0,0.000000000,0,104,10.400,47,0,0,0,0.000000
8,23.823610361,23.829546138,2024,3.104777115,0,0.000000000,37,105,10.500,47,0,0,40,0.040000
9,23.829717985,23.835546312,2045,3.136990711,0,0.000000000,0,105,10.500,48,0,0,33,0.033000
10,23.835715513,23.841675415,2055,3.152330519,0,0.000000000,1054,104,10.400,48,0,0,0,0.000000
11,23.841849441,23.847753595,2066,3.169204308,0,0.000000000,1068,106,10.600,48,0,0,39,0.039000
12,23.847944047,23.853761204,2055,3.152330519,0,0.000000000,1054,105,10.500,46,0,0,0,0.000000
4,23.853937653,23.859595816,2054,3.150796538,0,0.000000000,0,104,10.400,49,0,0,0,0.000000
5,23.859768613,23.865715294,2054,3.150796538,0,0.000000000,1054,105,10.500,47,0,0,0,0.000000
6,23.865906375,23.871680998,2057,3.155398481,0,0.000000000,1068,103,10.300,48,0,0,14,0.014000
7,23.871859014,23.877608318,2038,3.126252846,0,0.000000000,0,104,10.400,47,0,0,0,0.000000
8,23.877786043,23.883520616,2024,3.104777115,0,0.000000000,37,105,10.500,47,0,0,40,0.040000
9,23.883707980,23.889881513,2045,3.136990711,0,0.000000000,0,105,10.500,48,0,0,33,0.033000
10,23.890065680,23.895693362,2055,3.152330519,0,0.000000000,1054,104,10.400,48,0,0,0,0.000000
11,23.895866777,23.901627245,2066,3.169204308,0,0.000000000,1068,106,10.600,48,0,0,39,0.039000
12,23.901838294,23.907603590,2055,3.152330519,0,0.000000000,1054,105,10.500,46,0,0,0,0.000000
4,23.907804132,23.913759398,2054,3.150796538,0,0.000000000,0,104,10.400,49,0,0,0,0.000000
5,23.914019353,23.919916717,2054,3.150796538,0,0.000000000,1054,105,10.500,47,0,0,0,0.000000
6,23.920179850,23.925681281,2057,3.155398481,0,0.000000000,1068,103,10.300,47,0,0,14,0.014000
7,23.925946933,23.931848636,2038,3.126252846,0,0.000000000,0,104,10.400,47,0,0,0,0.000000
8,23.932108845,23.937977854,2024,3.104777115,0,0.000000000,37,105,10.500,47,0,0,40,0.040000
9,23.938241470,23.943926236,2045,3.136990711,0,0.000000000,0,105,10.500,48,0,0,33,0.033000
10,23.944191773,23.949676116,2055,3.152330519,0,0.000000000,1054,104,10.400,48,0,0,0,0.000000
11,23.949872606,23.955723794,2066,3.169204308,0,0.000000000,1068,106,10.600,48,0,0,38,0.038000
12,23.955938017,23.961485796,2055,3.152330519,0,0.000000000,1054,104,10.400,46,0,0,0,0.000000
4,23.961682726,23.967779822,2054,3.150796538,0,0.000000000,0,104,10.400,49,0,0,0,0.000000
5,23.967979577,23.973484078,2054,3.150796538,0,0.000000000,1054,105,10.500,47,0,0,0,0.000000
6,23.973645943,23.979520633,2057,3.155398481,0,0.000000000,1068,103,10.300,47,0,0,14,0.014000
7,23.979686072,23.985380285,2038,3.126252846,0,0.000000000,0,104,10.400,47,0,0,0,0.000000
8,23.985542491,23.991557478,2024,3.104777115,0,0.000000000,37,105,10.500,47,0,0,40,0.040000
9,23.991715003,23.997426688,2045,3.136990711,0,0.000000000,0,105,10.500,48,0,0,33,0.033000
10,23.997592909,24.003639942,2055,3.152330519,0,0.000000000,1054,104,10.400,48,0,0,0,0.000000
11,24.003812688,24.009527765,2066,3.169204308,0,0.000000000,1068,106,10.600,48,0,0,38,0.038000
12,24.009707572,24.015608133,2055,3.152330519,0,0.000000000,1054,105,10.500,46,0,0,0,0.000000
4,24.015792588,24.021491543,2054,3.150796538,0,0.000000000,0,104,10.400,49,0,0,0,0.000000
5,24.021660856,24.027305543,2054,3.150796538,0,0.000000000,1054,105,10.500,47,0,0,0,0.000000
6,24.027492463,24.033326208,2057,3.155398481,0,0.000000000,1068,103,10.300,47,0,0,14,0.014000
7,24.033471928,24.039479559,2038,3.126252846,0,0.000000000,0,104,10.400,47,0,0,0,0.000000
8,24.039622221,24.045622403,2024,3.104777115,0,0.000000000,37,105,10.500,47,0,0,40,0.040000
9,24.045792805,24.051338868,2045,3.136990711,0,0.000000000,0,105,10.500,48,0,0,33,0.033000
10,24.051503514,24.057637636,2055,3.152330519,0,0.000000000,1054,104,10.400,48,0,0,0,0.000000
11,24.057797970,24.063541993,2066,3.169204308,0,0.000000000,1068,106,10.600,48,0,0,38,0.038000
12,24.063707383,24.069343570,2055,3.152330519,0,0.000000000,1054,105,10.500,46,0,0,0,0.000000
4,24.069502694,24.075393514,2054,3.150796538,0,0.000000000,0,104,10.400,49,0,0,0,0.000000
5,24.075558445,24.081366944,2054,3.150796538,0,0.000000000,1054,105,10.500,47,0,0,0,0.000000
6,24.081514644,24.087484248,2057,3.155398481,0,0.000000000,1068,103,10.300,47,0,0,13,0.013000
7,24.087638190,24.093581926,2038,3.126252846,0,0.000000000,0,104,10.400,47,0,0,0,0.000000
8,24.093754822,24.099732737,2024,3.104777115,0,0.000000000,37,105,10.500,47,0,0,40,0.040000
9,24.099913025,24.105493116,2045,3.136990711,0,0.000000000,0,105,10.500,48,0,0,33,0.033000
10,24.105673638,24.111492464,2055,3.152330519,0,0.000000000,1054,104,10.400,48,0,0,0,0.000000
11,24.111667993,24.117785302,2066,3.169204308,0,0.000000000,1068,106,10.600,48,0,0,39,0.039000
12,24.118015100,24.123525504,2055,3.152330519,0,0.000000000,1054,105,10.500,46,0,0,0,0.000000
4,24.123710322,24.129494556,2054,3.150796538,0,0.000000000,0,104,10.400,49,0,0,0,0.000000
5,24.129702682,24.135494516,2054,3.150796538,0,0.000000000,1054,105,10.500,47,0,0,0,0.000000
6,24.135681532,24.141579772,2057,3.155398481,0,0.000000000,1068,103,10.300,47,0,0,13,0.013000
7,24.141763564,24.147715055,2038,3.126252846,0,0.000000000,0,104,10.400,47,0,0,0,0.000000
8,24.147942033,24.153680437,2024,3.104777115,0,0.000000000,37,105,10.500,47,0,0,40,0.040000
9,24.153868999,24.159607795,2045,3.136990711,0,0.000000000,0,105,10.500,48,0,0,33,0.033000
10,24.159869537,24.165707009,2055,3.152330519,0,0.000000000,1054,104,10.400,48,0,0,0,0.000000
11,24.165894889,24.171779155,2066,3.169204308,0,0.000000000,1068,106,10.600,48,0,0,38,0.038000
12,24.171966731,24.177530098,2055,3.152330519,0,0.000000000,1054,105,10.500,46,0,0,0,0.000000
4,24.177725512,24.183530672,2054,3.150796538,0,0.000000000,0,104,10.400,49,0,0,0,0.000000
5,24.183731932,24.189567733,2054,3.150796538,0,0.000000000,1054,105,10.500,47,0,0,0,0.000000
6,24.189751185,24.195602777,2057,3.155398481,0,0.000000000,1068,103,10.300,47,0,0,14,0.014000
7,24.195788955,24.201474349,2038,3.126252846,0,0.000000000,0,104,10.400,47,0,0,0,0.000000
8,24.201662889,24.207423355,2024,3.104777115,0,0.000000000,37,105,10.500,47,0,0,40,0.040000
9,24.207608263,24.213588579,2045,3.136990711,0,0.000000000,0,105,10.500,48,0,0,33,0.033000
10,24.213781373,24.219470567,2055,3.152330519,0,0.000000000,1054,104,10.400,48,0,0,0,0.000000
11,24.219651354,24.225518741,2066,3.169204308,0,0.000000000,1068,106,10.600,48,0,0,38,0.038000
12,24.225706012,24.231515887,2055,3.152330519,0,0.000000000,1054,105,10.500,46,0,0,0,0.000000
4,24.231703620,24.237708820,2054,3.150796538,0,0.000000000,0,104,10.400,49,0,0,0,0.000000
5,24.237892482,24.243540977,2054,3.150796538,0,0.000000000,1054,105,10.500,47,0,0,0,0.000000
6,24.243722562,24.249554102,2057,3.155398481,0,0.000000000,1068,103,10.300,47,0,0,14,0.014000
7,24.249739988,24.255998834,2038,3.126252846,0,0.000000000,0,104,10.400,47,0,0,0,0.000000
8,24.256202427,24.261732810,2024,3.104777115,0,0.000000000,37,105,10.500,47,0,0,40,0.040000
9,24.261920587,24.267615907,2045,3.136990711,0,0.000000000,0,105,10.500,48,0,0,33,0.033000
10,24.267829817,24.273485412,2055,3.152330519,0,0.000000000,1054,104,10.400,48,0,0,0,0.000000
11,24.273667409,24.279573875,2066,3.169204308,0,0.000000000,1068,106,10.600,48,0,0,38,0.038000
12,24.279759491,24.285707053,2055,3.152330519,0,0.000000000,1054,105,10.500,46,0,0,0,0.000000
4,24.285883652,24.291577709,2054,3.150796538,0,0.000000000,0,104,10.400,49,0,0,0,0.000000
5,24.291843113,24.297687446,2054,3.150796538,0,0.000000000,1054,105,10.500,47,0,0,0,0.000000
6,24.297900103,24.303598972,2057,3.155398481,0,0.000000000,1068,103,10.300,47,0,0,14,0.014000
7,24.303787932,24.309698191,2038,3.126252846,0,0.000000000,0,104,10.400,47,0,0,0,0.000000
8,24.309878912,24.315735132,2024,3.104777115,0,0.000000000,37,105,10.500,47,0,0,41,0.041000
9,24.315928179,24.321564802,2045,3.136990711,0,0.000000000,0,105,10.500,48,0,0,33,0.033000
10,24.321764882,24.327638027,2055,3.152330519,0,0.000000000,1054,104,10.400,48,0,0,0,0.000000
11,24.327818746,24.333691654,2066,3.169204308,0,0.000000000,1068,106,10.600,48,0,0,38,0.038000
12,24.333890145,24.339539477,2055,3.152330519,0,0.000000000,1054,105,10.500,46,0,0,0,0.000000
4,24.339721377,24.345645840,2054,3.150796538,0,0.000000000,0,104,10.400,49,0,0,0,0.000000
5,24.345821593,24.351616952,2054,3.150796538,0,0.000000000,1054,105,10.500,47,0,0,0,0.000000
6,24.351804274,24.357497789,2057,3.155398481,0,0.000000000,1068,103,10.300,48,0,0,14,0.014000
7,24.357732165,24.363606607,2038,3.126252846,0,0.000000000,0,105,10.500,47,0,0,0,0.000000
8,24.363782267,24.369742061,2024,3.104777115,0,0.000000000,37,105,10.500,47,0,0,40,0.040000
9,24.369933259,24.375519213,2045,3.136990711,0,0.000000000,0,105,10.500,48,0,0,33,0.033000
10,24.375706197,24.381766297,2055,3.152330519,0,0.000000000,1054,104,10.400,48,0,0,0,0.000000
11,24.381950826,24.387797714,2066,3.169204308,0,0.000000000,1068,106,10.600,48,0,0,39,0.039000
12,24.387982057,24.393750808,2055,3.152330519,0,0.000000000,1054,105,10.500,46,0,0,0,0.000000
4,24.393975057,24.399746811,2054,3.150796538,0,0.000000000,0,104,10.400,49,0,0,0,0.000000
5,24.399929817,24.405717606,2054,3.150796538,0,0.000000000,1054,105,10.500,47,0,0,0,0.000000
6,24.405928611,24.411643491,2057,3.155398481,0,0.000000000,1068,103,10.300,47,0,0,14,0.014000
7,24.411827542,24.417531257,2038,3.126252846,0,0.000000000,0,105,10.500,47,0,0,0,0.000000
8,24.417718154,24.423445942,2024,3.104777115,0,0.000000000,37,105,10.500,47,0,0,40,0.040000
9,24.423643262,24.429846411,2045,3.136990711,0,0.000000000,0,105,10.500,48,0,0,33,0.033000
10,24.430040328,24.435537788,2055,3.152330519,0,0.000000000,1054,104,10.400,48,0,0,0,0.000000
11,24.435721909,24.441821307,2066,3.169204308,0,0.000000000,1068,106,10.600,48,0,0,38,0.038000
12,24.442020926,24.447624350,2055,3.152330519,0,0.000000000,1054,105,10.500,46,0,0,0,0.000000
4,24.447807083,24.453656825,2054,3.150796538,0,0.000000000,0,104,10.400,49,0,0,0,0.000000
5,24.453838996,24.459534688,2054,3.150796538,0,0.000000000,1054,105,10.500,47,0,0,0,0.000000
6,24.459717607,24.465648152,2057,3.155398481,0,0.000000000,1068,103,10.300,47,0,0,13,0.013000
7,24.465842307,24.471822596,2038,3.126252846,0,0.000000000,0,105,10.500,47,0,0,0,0.000000
8,24.472035132,24.477674801,2024,3.104777115,0,0.000000000,37,105,10.500,47,0,0,41,0.041000
9,24.477865462,24.483605258,2045,3.136990711,0,0.000000000,0,105,10.500,48,0,0,33,0.033000
10,24.483792294,24.489682399,2055,3.152330519,0,0.000000000,1054,104,10.400,48,0,0,0,0.000000
11,24.489881067,24.495841287,2066,3.169204308,0,0.000000000,1068,106,10.600,48,0,0,38,0.038000
12,24.496026175,24.501628279,2055,3.152330519,0,0.000000000,1054,105,10.500,46,0,0,0,0.000000
4,24.501814620,24.507698814,2054,3.150796538,0,0.000000000,0,104,10.400,49,0,0,0,0.000000
5,24.507902869,24.513550621,2054,3.150796538,0,0.000000000,1054,105,10.500,47,0,0,0,0.000000
6,24.513732348,24.519649692,2057,3.155398481,0,0.000000000,1068,103,10.300,47,0,0,13,0.013000
7,24.519836046,24.525687112,2038,3.126252846,0,0.000000000,0,104,10.400,47,0,0,0,0.000000
8,24.525870046,24.531581380,2024,3.104777115,0,0.000000000,37,105,10.500,47,0,0,40,0.040000
9,24.531771323,24.537669563,2045,3.136990711,0,0.000000000,0,105,10.500,48,0,0,33,0.033000
10,24.537856592,24.543487879,2055,3.152330519,0,0.000000000,1054,104,10.400,48,0,0,0,0.000000
11,24.543671821,24.549555537,2066,3.169204308,0,0.000000000,1068,106,10.600,48,0,0,38,0.038000
12,24.549740200,24.555571035,2055,3.152330519,0,0.000000000,1054,105,10.500,46,0,0,0,0.000000
4,24.555752916,24.561626861,2054,3.150796538,0,0.000000000,0,104,10.400,49,0,0,0,0.000000
5,24.561805851,24.567897469,2054,3.150796538,0,0.000000000,1054,105,10.500,47,0,0,0,0.000000
6,24.568098201,24.573635251,2057,3.155398481,0,0.000000000,1068,103,10.300,47,0,0,14,0.014000
7,24.573827916,24.579679833,2038,3.126252846,0,0.000000000,0,104,10.400,47,0,0,0,0.000000
8,24.579877806,24.585530581,2024,3.104777115,0,0.000000000,37,105,10.500,47,0,0,40,0.040000
9,24.585716520,24.591636957,2045,3.136990711,0,0.000000000,0,105,10.500,48,0,0,33,0.033000
10,24.591825125,24.597470432,2055,3.152330519,0,0.000000000,1054,104,10.400,48,0,0,0,0.000000
11,24.597655268,24.603517996,2066,3.169204308,0,0.000000000,1068,106,10.600,48,0,0,38,0.038000
12,24.603713211,24.609655529,2055,3.152330519,0,0.000000000,1054,105,10.500,46,0,0,0,0.000000
4,24.609868741,24.615561637,2054,3.150796538,0,0.000000000,0,104,10.400,49,0,0,0,0.000000
5,24.615751058,24.621531243,2054,3.150796538,0,0.000000000,1054,105,10.500,47,0,0,0,0.000000
6,24.621711551,24.627514982,2057,3.155398481,0,0.000000000,1068,103,10.300,48,0,0,14,0.014000
7,24.627728196,24.633563006,2038,3.126252846,0,0.000000000,0,104,10.400,47,0,0,0,0.000000
8,24.633767657,24.639563141,2024,3.104777115,0,0.000000000,37,105,10.500,47,0,0,40,0.040000
9,24.639750563,24.645557257,2045,3.136990711,0,0.000000000,0,105,10.500,48,0,0,33,0.033000
10,24.645752521,24.651726141,2055,3.152330519,0,0.000000000,1054,104,10.400,48,0,0,0,0.000000
11,24.651905751,24.657544881,2066,3.169204308,0,0.000000000,1068,106,10.600,48,0,0,38,0.038000
12,24.657733403,24.663566439,2055,3.152330519,0,0.000000000,1054,105,10.500,46,0,0,0,0.000000
4,24.663757203,24.669555650,2054,3.150796538,0,0.000000000,0,104,10.400,49,0,0,0,0.000000
5,24.669735916,24.675561751,2054,3.150796538,0,0.000000000,1054,105,10.500,47,0,0,0,0.000000
6,24.675742748,24.681627791,2057,3.155398481,0,0.000000000,1068,103,10.300,47,0,0,14,0.014000
7,24.681829052,24.687466490,2038,3.126252846,0,0.000000000,0,104,10.400,47,0,0,0,0.000000
8,24.687645113,24.693427095,2024,3.104777115,0,0.000000000,37,105,10.500,47,0,0,40,0.040000
9,24.693612969,24.699548116,2045,3.136990711,0,0.000000000,0,105,10.500,48,0,0,33,0.033000
10,24.699729177,24.705415750,2055,3.152330519,0,0.000000000,1054,104,10.400,48,0,0,0,0.000000
11,24.705589301,24.711516026,2066,3.169204308,0,0.000000000,1068,106,10.600,48,0,0,37,0.037000
12,24.711695016,24.717607388,2055,3.152330519,0,0.000000000,1054,105,10.500,46,0,0,0,0.000000
4,24.717787963,24.723569486,2054,3.150796538,0,0.000000000,0,104,10.400,49,0,0,0,0.000000
5,24.723751229,24.729416911,2054,3.150796538,0,0.000000000,1054,105,10.500,47,0,0,0,0.000000
6,24.729594490,24.735639380,2057,3.155398481,0,0.000000000,1068,103,10.300,47,0,0,14,0.014000
7,24.735828376,24.742015158,2038,3.126252846,0,0.000000000,0,104,10.400,47,0,0,0,0.000000
8,24.742221219,24.747497148,2024,3.104777115,0,0.000000000,37,105,10.500,47,0,0,40,0.040000
9,24.747678163,24.753624921,2045,3.136990711,0,0.000000000,0,105,10.500,47,0,0,33,0.033000
10,24.753839798,24.759623983,2055,3.152330519,0,0.000000000,1054,104,10.400,48,0,0,0,0.000000
11,24.759850538,24.765590186,2066,3.169204308,0,0.000000000,1068,106,10.600,48,0,0,38,0.038000
12,24.765775271,24.771555595,2055,3.152330519,0,0.000000000,1054,105,10.500,46,0,0,0,0.000000
4,24.771741170,24.777636509,2054,3.150796538,0,0.000000000,0,104,10.400,49,0,0,0,0.000000
5,24.777819110,24.783495533,2054,3.150796538,0,0.000000000,1054,105,10.500,47,0,0,0,0.000000
6,24.783692120,24.789725776,2057,3.155398481,0,0.000000000,1068,103,10.300,47,0,0,13,0.013000
7,24.789916537,24.795633931,2038,3.126252846,0,0.000000000,0,104,10.400,47,0,0,0,0.000000
8,24.795815530,24.801596980,2024,3.104777115,0,0.000000000,37,105,10.500,47,0,0,40,0.040000
9,24.801787573,24.807602615,2045,3.136990711,0,0.000000000,0,105,10.500,48,0,0,33,0.033000
10,24.807796616,24.813691671,2055,3.152330519,0,0.000000000,1054,104,10.400,48,0,0,0,0.000000
11,24.813873849,24.819725096,2066,3.169204308,0,0.000000000,1068,106,10.600,48,0,0,39,0.039000
12,24.819925846,24.825585782,2055,3.152330519,0,0.000000000,1054,104,10.400,46,0,0,0,0.000000
4,24.825768139,24.831405173,2054,3.150796538,0,0.000000000,0,104,10.400,49,0,0,0,0.000000
5,24.831586037,24.837729951,2054,3.150796538,0,0.000000000,1054,105,10.500,47,0,0,0,0.000000
6,24.837930816,24.843763954,2057,3.155398481,0,0.000000000,1068,103,10.300,47,0,0,13,0.013000
7,24.843948686,24.849401841,2038,3.126252846,0,0.000000000,0,104,10.400,47,0,0,0,0.000000
8,24.849581351,24.855744901,2024,3.104777115,0,0.000000000,37,105,10.500,47,0,0,40,0.040000
9,24.855961779,24.861409311,2045,3.136990711,0,0.000000000,0,105,10.500,48,0,0,33,0.033000
10,24.861597416,24.867592336,2055,3.152330519,0,0.000000000,1054,104,10.400,48,0,0,0,0.000000
11,24.867773061,24.873618691,2066,3.169204308,0,0.000000000,1068,106,10.600,48,0,0,39,0.039000
12,24.873814521,24.879600352,2055,3.152330519,0,0.000000000,1054,105,10.500,46,0,0,0,0.000000
4,24.879785342,24.885376393,2054,3.150796538,0,0.000000000,0,104,10.400,49,0,0,0,0.000000
5,24.885558647,24.891623612,2054,3.150796538,0,0.000000000,1054,105,10.500,47,0,0,0,0.000000
6,24.891806896,24.897520120,2057,3.155398481,0,0.000000000,1068,103,10.300,47,0,0,14,0.014000
7,24.897705555,24.903574353,2038,3.126252846,0,0.000000000,0,104,10.400,47,0,0,0,0.000000
8,24.903753679,24.909476731,2024,3.104777115,0,0.000000000,37,105,10.500,47,0,0,40,0.040000
9,24.909662212,24.915684316,2045,3.136990711,0,0.000000000,0,105,10.500,48,0,0,33,0.033000
10,24.915981678,24.921490170,2055,3.152330519,0,0.000000000,1054,104,10.400,48,0,0,0,0.000000
11,24.921675132,24.927583907,2066,3.169204308,0,0.000000000,1068,106,10.600,48,0,0,39,0.039000
12,24.927789988,24.933588095,2055,3.152330519,0,0.000000000,1054,104,10.400,46,0,0,0,0.000000
4,24.933767611,24.939480024,2054,3.150796538,0,0.000000000,0,104,10.400,49,0,0,0,0.000000
5,24.939659801,24.945457271,2054,3.150796538,0,0.000000000,1054,105,10.500,47,0,0,0,0.000000
6,24.945644368,24.951405090,2057,3.155398481,0,0.000000000,1068,103,10.300,47,0,0,13,0.013000
7,24.951598610,24.957572833,2038,3.126252846,0,0.000000000,0,104,10.400,47,0,0,0,0.000000
8,24.957790549,24.963635423,2024,3.104777115,0,0.000000000,37,105,10.500,47,0,0,40,0.040000
9,24.963833084,24.969456186,2045,3.136990711,0,0.000000000,0,105,10.500,48,0,0,33,0.033000
10,24.969644677,24.975671882,2055,3.152330519,0,0.000000000,1054,104,10.400,48,0,0,0,0.000000
11,24.975870931,24.981461603,2066,3.169204308,0,0.000000000,1068,106,10.600,48,0,0,38,0.038000
12,24.981645099,24.987435816,2055,3.152330519,0,0.000000000,1054,104,10.400,46,0,0,0,0.000000
4,24.987620186,24.993614511,2054,3.150796538,0,0.000000000,0,104,10.400,49,0,0,0,0.000000
5,24.993812281,24.999543746,2054,3.150796538,0,0.000000000,1054,105,10.500,47,0,0,0,0.000000
6,24.999727099,25.005669215,2057,3.155398481,0,0.000000000,1068,103,10.300,47,0,0,14,0.014000
7,25.005853165,25.011551820,2038,3.126252846,0,0.000000000,0,104,10.400,47,0,0,0,0.000000
8,25.011746298,25.017503135,2024,3.104777115,0,0.000000000,37,105,10.500,47,0,0,40,0.040000
9,25.017698353,25.023500661,2045,3.136990711,0,0.000000000,0,105,10.500,48,0,0,33,0.033000
10,25.023688970,25.029544720,2055,3.152330519,0,0.000000000,1054,104,10.400,48,0,0,0,0.000000
11,25.029731283,25.035448918,2066,3.169204308,0,0.000000000,1068,106,10.600,48,0,0,39,0.039000
12,25.035645597,25.041346565,2055,3.152330519,0,0.000000000,1054,105,10.500,46,0,0,0,0.000000
4,25.041521180,25.047604724,2054,3.150796538,0,0.000000000,0,104,10.400,49,0,0,0,0.000000
5,25.047789693,25.053638075,2054,3.150796538,0,0.000000000,1054,105,10.500,47,0,0,0,0.000000
6,25.053814536,25.059484832,2057,3.155398481,0,0.000000000,1068,103,10.300,47,0,0,13,0.013000
7,25.059664556,25.065690905,2038,3.126252846,0,0.000000000,0,104,10.400,47,0,0,0,0.000000
8,25.065866707,25.071469546,2024,3.104777115,0,0.000000000,37,105,10.500,47,0,0,40,0.040000
9,25.071649308,25.077436951,2045,3.136990711,0,0.000000000,0,105,10.500,48,0,0,33,0.033000
10,25.077618662,25.083464895,2055,3.152330519,0,0.000000000,1054,104,10.400,48,0,0,0,0.000000
11,25.083638845,25.089897854,2066,3.169204308,0,0.000000000,1068,106,10.600,48,0,0,38,0.038000
12,25.090139527,25.095422722,2055,3.152330519,0,0.000000000,1054,105,10.500,46,0,0,0,0.000000
4,25.095598451,25.101394430,2054,3.150796538,0,0.000000000,0,104,10.400,49,0,0,0,0.000000
5,25.101598719,25.107570794,2054,3.150796538,0,0.000000000,1054,105,10.500,47,0,0,0,0.000000
6,25.107751097,25.113420653,2057,3.155398481,0,0.000000000,1068,103,10.300,48,0,0,14,0.014000
7,25.113600416,25.119440165,2038,3.126252846,0,0.000000000,0,104,10.400,47,0,0,0,0.000000
8,25.119622147,25.125602862,2024,3.104777115,0,0.000000000,37,105,10.500,47,0,0,40,0.040000
9,25.125793505,25.131521030,2045,3.136990711,0,0.000000000,0,105,10.500,48,0,0,33,0.033000
10,25.131716940,25.137712305,2055,3.152330519,0,0.000000000,1054,104,10.400,48,0,0,0,0.000000
11,25.137898870,25.143533835,2066,3.169204308,0,0.000000000,1068,106,10.600,48,0,0,38,0.038000
12,25.143713480,25.149368452,2055,3.152330519,0,0.000000000,1054,105,10.500,46,0,0,0,0.000000
4,25.149545498,25.155694517,2054,3.150796538,0,0.000000000,0,104,10.400,49,0,0,0,0.000000
5,25.155869995,25.161461374,2054,3.150796538,0,0.000000000,1054,105,10.500,47,0,0,0,0.000000
6,25.161639240,25.167643560,2057,3.155398481,0,0.000000000,1068,103,10.300,47,0,0,14,0.014000
7,25.167869167,25.173505085,2038,3.126252846,0,0.000000000,0,104,10.400,47,0,0,0,0.000000
8,25.173693103,25.179387958,2024,3.104777115,0,0.000000000,37,105,10.500,47,0,0,40,0.040000
9,25.179573271,25.185665686,2045,3.136990711,0,0.000000000,0,105,10.500,48,0,0,34,0.034000
10,25.185864055,25.191477163,2055,3.152330519,0,0.000000000,1054,104,10.400,48,0,0,0,0.000000
11,25.191672415,25.197601363,2066,3.169204308,0,0.000000000,1068,106,10.600,48,0,0,38,0.038000
12,25.197788858,25.203506963,2055,3.152330519,0,0.000000000,1054,105,10.500,46,0,0,0,0.000000
4,25.203698180,25.209489114,2054,3.150796538,0,0.000000000,0,104,10.400,49,0,0,0,0.000000
5,25.209676606,25.215434432,2054,3.150796538,0,0.000000000,1054,105,10.500,47,0,0,0,0.000000
6,25.215614707,25.221627352,2057,3.155398481,0,0.000000000,1068,103,10.300,48,0,0,14,0.014000
7,25.221845147,25.227802075,2038,3.126252846,0,0.000000000,0,104,10.400,47,0,0,0,0.000000
8,25.227977486,25.233462196,2024,3.104777115,0,0.000000000,37,105,10.500,47,0,0,40,0.040000
9,25.233650675,25.239554075,2045,3.136990711,0,0.000000000,0,105,10.500,48,0,0,33,0.033000
10,25.239750422,25.245373051,2055,3.152330519,0,0.000000000,1054,104,10.400,48,0,0,0,0.000000
11,25.245553537,25.251429227,2066,3.169204308,0,0.000000000,1068,106,10.600,48,0,0,39,0.039000
12,25.251607439,25.257589998,2055,3.152330519,0,0.000000000,1054,105,10.500,46,0,0,0,0.000000
4,25.257767955,25.263434968,2054,3.150796538,0,0.000000000,0,104,10.400,49,0,0,0,0.000000
5,25.263609037,25.269570978,2054,3.150796538,0,0.000000000,1054,105,10.500,47,0,0,0,0.000000
6,25.269809378,25.275353252,2057,3.155398481,0,0.000000000,1068,103,10.300,47,0,0,13,0.013000
7,25.275546635,25.281527528,2038,3.126252846,0,0.000000000,0,104,10.400,47,0,0,0,0.000000
8,25.281706319,25.287449163,2024,3.104777115,0,0.000000000,37,105,10.500,47,0,0,40,0.040000
9,25.287634667,25.293643815,2045,3.136990711,0,0.000000000,0,105,10.500,48,0,0,33,0.033000
10,25.293832882,25.299989027,2055,3.152330519,0,0.000000000,1054,104,10.400,48,0,0,0,0.000000
11,25.300220343,25.305617194,2066,3.169204308,0,0.000000000,1068,106,10.600,48,0,0,38,0.038000
12,25.305804542,25.311629412,2055,3.152330519,0,0.000000000,1054,105,10.500,46,0,0,0,0.000000
4,25.311835307,25.317374942,2054,3.150796538,0,0.000000000,0,104,10.400,49,0,0,0,0.000000
5,25.317566975,25.323603765,2054,3.150796538,0,0.000000000,1054,105,10.500,47,0,0,0,0.000000
6,25.323784107,25.329504595,2057,3.155398481,0,0.000000000,1068,103,10.300,47,0,0,14,0.014000
7,25.329690645,25.335522749,2038,3.126252846,0,0.000000000,0,104,10.400,47,0,0,0,0.000000
8,25.335710708,25.341533978,2024,3.104777115,0,0.000000000,37,105,10.500,47,0,0,40,0.040000
9,25.341759668,25.347522670,2045,3.136990711,0,0.000000000,0,105,10.500,48,0,0,33,0.033000
10,25.347712895,25.353577380,2055,3.152330519,0,0.000000000,1054,104,10.400,48,0,0,0,0.000000
11,25.353757164,25.359520150,2066,3.169204308,0,0.000000000,1068,106,10.600,48,0,0,39,0.039000
12,25.359718180,25.365341871,2055,3.152330519,0,0.000000000,1054,105,10.500,46,0,0,0,0.000000
4,25.365522469,25.371371960,2054,3.150796538,0,0.000000000,0,104,10.400,49,0,0,0,0.000000
5,25.371556277,25.377825574,2054,3.150796538,0,0.000000000,1054,105,10.500,47,0,0,0,0.000000
6,25.378019999,25.383492920,2057,3.155398481,0,0.000000000,1068,103,10.300,47,0,0,14,0.014000
7,25.383678288,25.389645738,2038,3.126252846,0,0.000000000,0,104,10.400,47,0,0,0,0.000000
8,25.389821437,25.395372540,2024,3.104777115,0,0.000000000,37,105,10.500,47,0,0,40,0.040000
9,25.395568780,25.401443531,2045,3.136990711,0,0.000000000,0,105,10.500,48,0,0,33,0.033000
10,25.401627130,25.407415848,2055,3.152330519,0,0.000000000,1054,104,10.400,48,0,0,0,0.000000
11,25.407611410,25.413542103,2066,3.169204308,0,0.000000000,1068,106,10.600,48,0,0,39,0.039000
12,25.413739852,25.419346888,2055,3.152330519,0,0.000000000,1054,105,10.500,46,0,0,0,0.000000
4,25.419531206,25.425463714,2054,3.150796538,0,0.000000000,0,104,10.400,49,0,0,0,0.000000
5,25.425644723,25.431371696,2054,3.150796538,0,0.000000000,1054,105,10.500,47,0,0,0,0.000000
6,25.431554880,25.437466324,2057,3.155398481,0,0.000000000,1068,103,10.300,47,0,0,14,0.014000
7,25.437658022,25.443559756,2038,3.126252846,0,0.000000000,0,104,10.400,47,0,0,0,0.000000
8,25.443740094,25.449402399,2024,3.104777115,0,0.000000000,37,105,10.500,47,0,0,40,0.040000
9,25.449589119,25.455335528,2045,3.136990711,0,0.000000000,0,105,10.500,48,0,0,33,0.033000
10,25.455522621,25.461357546,2055,3.152330519,0,0.000000000,1054,104,10.400,48,0,0,0,0.000000
11,25.461537488,25.467475795,2066,3.169204308,0,0.000000000,1068,106,10.600,48,0,0,39,0.039000
12,25.467662965,25.473734280,2055,3.152330519,0,0.000000000,1054,105,10.500,46,0,0,0,0.000000
4,25.473923079,25.479516713,2054,3.150796538,0,0.000000000,0,104,10.400,49,0,0,0,0.000000
5,25.479693024,25.485425192,2054,3.150796538,0,0.000000000,1054,105,10.500,47,0,0,0,0.000000
6,25.485613477,25.491381943,2057,3.155398481,0,0.000000000,1068,103,10.300,47,0,0,13,0.013000
7,25.491562164,25.497601381,2038,3.126252846,0,0.000000000,0,104,10.400,47,0,0,0,0.000000
8,25.497819957,25.503798934,2024,3.104777115,0,0.000000000,37,105,10.500,47,0,0,40,0.040000
9,25.503986989,25.509436451,2045,3.136990711,0,0.000000000,0,105,10.500,48,0,0,33,0.033000
10,25.509624048,25.515554807,2055,3.152330519,0,0.000000000,1054,104,10.400,48,0,0,0,0.000000
11,25.515756849,25.521640352,2066,3.169204308,0,0.000000000,1068,106,10.600,48,0,0,39,0.039000
12,25.521829356,25.527491031,2055,3.152330519,0,0.000000000,1054,104,10.400,46,0,0,0,0.000000
4,25.527665787,25.533322320,2054,3.150796538,0,0.000000000,0,104,10.400,49,0,0,0,0.000000
5,25.533505505,25.539343869,2054,3.150796538,0,0.000000000,1054,105,10.500,47,0,0,0,0.000000
6,25.539519285,25.545413009,2057,3.155398481,0,0.000000000,1068,103,10.300,47,0,0,13,0.013000
7,25.545601624,25.551528621,2038,3.126252846,0,0.000000000,0,104,10.400,47,0,0,0,0.000000
8,25.551725969,25.557546240,2024,3.104777115,0,0.000000000,37,105,10.500,47,0,0,40,0.040000
9,25.557731839,25.563314592,2045,3.136990711,0,0.000000000,0,105,10.500,48,0,0,33,0.033000
10,25.563499903,25.569666136,2055,3.152330519,0,0.000000000,1054,104,10.400,48,0,0,0,0.000000
11,25.569864265,25.575520729,2066,3.169204308,0,0.000000000,1068,106,10.600,48,0,0,38,0.038000
12,25.575700506,25.581534649,2055,3.152330519,0,0.000000000,1054,104,10.400,46,0,0,0,0.000000
4,25.581717862,25.587605875,2054,3.150796538,0,0.000000000,0,104,10.400,49,0,0,0,0.000000
5,25.587802764,25.593452429,2054,3.150796538,0,0.000000000,1054,105,10.500,47,0,0,0,0.000000
6,25.593635893,25.599413585,2057,3.155398481,0,0.000000000,1068,103,10.300,47,0,0,13,0.013000
7,25.599598939,25.605540904,2038,3.126252846,0,0.000000000,0,104,10.400,47,0,0,0,0.000000
8,25.605727921,25.611622494,2024,3.104777115,0,0.000000000,37,105,10.500,47,0,0,40,0.040000
9,25.611808147,25.617513713,2045,3.136990711,0,0.000000000,0,105,10.500,47,0,0,33,0.033000
10,25.617693374,25.623374554,2055,3.152330519,0,0.000000000,1054,104,10.400,48,0,0,0,0.000000
11,25.623576300,25.629449941,2066,3.169204308,0,0.000000000,1068,106,10.600,48,0,0,39,0.039000
12,25.629635295,25.635510654,2055,3.152330519,0,0.000000000,1054,104,10.400,46,0,0,0,0.000000
4,25.635688594,25.641640168,2054,3.150796538,0,0.000000000,0,104,10.400,49,0,0,0,0.000000
5,25.641824698,25.647616685,2054,3.150796538,0,0.000000000,1054,105,10.500,47,0,0,0,0.000000
6,25.647892139,25.653339864,2057,3.155398481,0,0.000000000,1068,103,10.300,47,0,0,14,0.014000
7,25.653518553,25.659616864,2038,3.126252846,0,0.000000000,0,104,10.400,47,0,0,0,0.000000
8,25.659823776,25.665352269,2024,3.104777115,0,0.000000000,37,105,10.500,47,0,0,41,0.041000
9,25.665540237,25.671422381,2045,3.136990711,0,0.000000000,0,105,10.500,48,0,0,33,0.033000
10,25.671611132,25.677499779,2055,3.152330519,0,0.000000000,1054,104,10.400,48,0,0,0,0.000000
11,25.677684250,25.683579853,2066,3.169204308,0,0.000000000,1068,106,10.600,48,0,0,39,0.039000
12,25.683774109,25.689481895,2055,3.152330519,0,0.000000000,1054,104,10.400,46,0,0,0,0.000000
4,25.689727012,25.695601179,2054,3.150796538,0,0.000000000,0,104,10.400,49,0,0,0,0.000000
5,25.695783824,25.701515847,2054,3.150796538,0,0.000000000,1054,105,10.500,47,0,0,0,0.000000
6,25.701695412,25.707646354,2057,3.155398481,0,0.000000000,1068,103,10.300,47,0,0,14,0.014000
7,25.707838095,25.713551290,2038,3.126252846,0,0.000000000,0,104,10.400,47,0,0,0,0.000000
8,25.713736967,25.719342220,2024,3.104777115,0,0.000000000,37,105,10.500,47,0,0,40,0.040000
9,25.719527009,25.725602657,2045,3.136990711,0,0.000000000,0,105,10.500,48,0,0,33,0.033000
10,25.725796104,25.731394336,2055,3.152330519,0,0.000000000,1054,104,10.400,48,0,0,0,0.000000
11,25.731573693,25.737341629,2066,3.169204308,0,0.000000000,1068,106,10.600,48,0,0,38,0.038000
12,25.737536899,25.743449030,2055,3.152330519,0,0.000000000,1054,104,10.400,46,0,0,0,0.000000
4,25.743638984,25.749581134,2054,3.150796538,0,0.000000000,0,104,10.400,49,0,0,0,0.000000
5,25.749753246,25.755492897,2054,3.150796538,0,0.000000000,1054,105,10.500,47,0,0,0,0.000000
6,25.755673973,25.761611632,2057,3.155398481,0,0.000000000,1068,103,10.300,47,0,0,13,0.013000
7,25.761808998,25.767486905,2038,3.126252846,0,0.000000000,0,104,10.400,47,0,0,0,0.000000
8,25.767666859,25.773311753,2024,3.104777115,0,0.000000000,37,105,10.500,47,0,0,40,0.040000
9,25.773496949,25.779368077,2045,3.136990711,0,0.000000000,0,105,10.500,48,0,0,33,0.033000
10,25.779557259,25.785508672,2055,3.152330519,0,0.000000000,1054,104,10.400,48,0,0,0,0.000000
11,25.785692125,25.791424157,2066,3.169204308,0,0.000000000,1068,106,10.600,48,0,0,38,0.038000
12,25.791609420,25.797466213,2055,3.152330519,0,0.000000000,1054,104,10.400,46,0,0,0,0.000000
4,25.797647620,25.803357478,2054,3.150796538,0,0.000000000,0,104,10.400,49,0,0,0,0.000000
5,25.803536722,25.809479538,2054,3.150796538,0,0.000000000,1054,105,10.500,47,0,0,0,0.000000
6,25.809660212,25.815336890,2057,3.155398481,0,0.000000000,1068,103,10.300,47,0,0,14,0.014000
7,25.815518979,25.821883175,2038,3.126252846,0,0.000000000,0,104,10.400,47,0,0,0,0.000000
8,25.822080484,25.827619835,2024,3.104777115,0,0.000000000,37,105,10.500,47,0,0,40,0.040000
9,25.827819249,25.833637434,2045,3.136990711,0,0.000000000,0,105,10.500,48,0,0,33,0.033000
10,25.833836853,25.839360014,2055,3.152330519,0,0.000000000,1054,104,10.400,48,0,0,0,0.000000
11,25.839539684,25.845592604,2066,3.169204308,0,0.000000000,1068,106,10.600,48,0,0,38,0.038000
12,25.845769380,25.851389239,2055,3.152330519,0,0.000000000,1054,105,10.500,46,0,0,0,0.000000
4,25.851566854,25.857473119,2054,3.150796538,0,0.000000000,0,104,10.400,49,0,0,0,0.000000
5,25.857653814,25.863525029,2054,3.150796538,0,0.000000000,1054,105,10.500,47,0,0,0,0.000000
6,25.863744065,25.869630026,2057,3.155398481,0,0.000000000,1068,103,10.300,47,0,0,13,0.013000
7,25.869814310,25.875448084,2038,3.126252846,0,0.000000000,0,104,10.400,47,0,0,0,0.000000
8,25.875624499,25.881362196,2024,3.104777115,0,0.000000000,37,105,10.500,47,0,0,40,0.040000
9,25.881556410,25.887650035,2045,3.136990711,0,0.000000000,0,105,10.500,48,0,0,33,0.033000
10,25.887830789,25.893317013,2055,3.152330519,0,0.000000000,1054,104,10.400,48,0,0,0,0.000000
11,25.893490605,25.899357077,2066,3.169204308,0,0.000000000,1068,106,10.600,48,0,0,39,0.039000
12,25.899567597,25.905342416,2055,3.152330519,0,0.000000000,1054,105,10.500,46,0,0,0,0.000000
4,25.905524670,25.911542870,2054,3.150796538,0,0.000000000,0,104,10.400,49,0,0,0,0.000000
5,25.911724588,25.917513904,2054,3.150796538,0,0.000000000,1054,105,10.500,47,0,0,0,0.000000
6,25.917697740,25.923429590,2057,3.155398481,0,0.000000000,1068,103,10.300,47,0,0,13,0.013000
7,25.923607812,25.929498332,2038,3.126252846,0,0.000000000,0,104,10.400,47,0,0,0,0.000000
8,25.929679613,25.935591098,2024,3.104777115,0,0.000000000,37,105,10.500,47,0,0,40,0.040000
9,25.935780827,25.941426473,2045,3.136990711,0,0.000000000,0,105,10.500,48,0,0,33,0.033000
10,25.941613628,25.947369988,2055,3.152330519,0,0.000000000,1054,104,10.400,48,0,0,0,0.000000
11,25.947552723,25.953407954,2066,3.169204308,0,0.000000000,1068,106,10.600,48,0,0,38,0.038000
12,25.953593098,25.959449528,2055,3.152330519,0,0.000000000,1054,105,10.500,46,0,0,0,0.000000
4,25.959743937,25.965415153,2054,3.150796538,0,0.000000000,0,104,10.400,49,0,0,0,0.000000
5,25.965597988,25.971434980,2054,3.150796538,0,0.000000000,1054,105,10.500,47,0,0,0,0.000000
6,25.971647144,25.977526595,2057,3.155398481,0,0.000000000,1068,103,10.300,48,0,0,14,0.014000
7,25.977713813,25.983288588,2038,3.126252846,0,0.000000000,0,104,10.400,47,0,0,0,0.000000
8,25.983470728,25.989306432,2024,3.104777115,0,0.000000000,37,105,10.500,47,0,0,40,0.040000
9,25.989497705,25.995468297,2045,3.136990711,0,0.000000000,0,105,10.500,48,0,0,33,0.033000
10,25.995662836,26.001486668,2055,3.152330519,0,0.000000000,1054,104,10.400,48,0,0,0,0.000000
11,26.001742070,26.007474488,2066,3.169204308,0,0.000000000,1068,106,10.600,48,0,0,38,0.038000
12,26.007685200,26.013403367,2055,3.152330519,0,0.000000000,1054,105,10.500,46,0,0,0,0.000000
4,26.013588709,26.019338666,2054,3.150796538,0,0.000000000,0,104,10.400,49,0,0,0,0.000000
5,26.019537557,26.025486770,2054,3.150796538,0,0.000000000,1054,105,10.500,47,0,0,0,0.000000
6,26.025666803,26.031315068,2057,3.155398481,0,0.000000000,1068,103,10.300,47,0,0,13,0.013000
7,26.031503678,26.037704870,2038,3.126252846,0,0.000000000,0,104,10.400,47,0,0,0,0.000000
8,26.037926638,26.043514579,2024,3.104777115,0,0.000000000,37,105,10.500,47,0,0,41,0.041000
9,26.043711127,26.049309730,2045,3.136990711,0,0.000000000,0,105,10.500,48,0,0,33,0.033000
10,26.049498248,26.055438114,2055,3.152330519,0,0.000000000,1054,104,10.400,48,0,0,0,0.000000
11,26.055621018,26.061476261,2066,3.169204308,0,0.000000000,1068,106,10.600,48,0,0,39,0.039000
12,26.061663568,26.067405465,2055,3.152330519,0,0.000000000,1054,105,10.500,46,0,0,0,0.000000
4,26.067600059,26.073484643,2054,3.150796538,0,0.000000000,0,104,10.400,49,0,0,0,0.000000
5,26.073771498,26.079379473,2054,3.150796538,0,0.000000000,1054,105,10.500,47,0,0,0,0.000000
6,26.079561473,26.085523951,2057,3.155398481,0,0.000000000,1068,103,10.300,47,0,0,14,0.014000
7,26.085714719,26.091385112,2038,3.126252846,0,0.000000000,0,104,10.400,47,0,0,0,0.000000
8,26.091578837,26.097424003,2024,3.104777115,0,0.000000000,37,105,10.500,47,0,0,40,0.040000
9,26.097604298,26.103696901,2045,3.136990711,0,0.000000000,0,105,10.500,48,0,0,33,0.033000
10,26.104147764,26.109500261,2055,3.152330519,0,0.000000000,1054,104,10.400,48,0,0,0,0.000000
11,26.109692606,26.115404961,2066,3.169204308,0,0.000000000,1068,106,10.600,48,0,0,38,0.038000
12,26.115591219,26.121426986,2055,3.152330519,0,0.000000000,1054,105,10.500,46,0,0,0,0.000000
4,26.121617708,26.127519116,2054,3.150796538,0,0.000000000,0,104,10.400,49,0,0,0,0.000000
5,26.127696147,26.133384332,2054,3.150796538,0,0.000000000,1054,105,10.500,47,0,0,0,0.000000
6,26.133559513,26.139263467,2057,3.155398481,0,0.000000000,1068,103,10.300,47,0,0,14,0.014000
7,26.139441374,26.145316490,2038,3.126252846,0,0.000000000,0,104,10.400,47,0,0,0,0.000000
8,26.145491249,26.151361287,2024,3.104777115,0,0.000000000,37,105,10.500,47,0,0,41,0.041000
9,26.151541766,26.157328520,2045,3.136990711,0,0.000000000,0,105,10.500,48,0,0,33,0.033000
10,26.157515393,26.163305306,2055,3.152330519,0,0.000000000,1054,104,10.400,48,0,0,0,0.000000
11,26.163480016,26.169489008,2066,3.169204308,0,0.000000000,1068,106,10.600,48,0,0,38,0.038000
12,26.169669391,26.175350009,2055,3.152330519,0,0.000000000,1054,105,10.500,46,0,0,0,0.000000
4,26.175523213,26.181506792,2054,3.150796538,0,0.000000000,0,104,10.400,49,0,0,0,0.000000
5,26.181678549,26.187847813,2054,3.150796538,0,0.000000000,1054,105,10.500,47,0,0,0,0.000000
6,26.188052220,26.193363381,2057,3.155398481,0,0.000000000,1068,103,10.300,47,0,0,14,0.014000
7,26.193550603,26.199309087,2038,3.126252846,0,0.000000000,0,104,10.400,47,0,0,0,0.000000
8,26.199517470,26.205304719,2024,3.104777115,0,0.000000000,37,105,10.500,47,0,0,40,0.040000
9,26.205490511,26.211426064,2045,3.136990711,0,0.000000000,0,105,10.500,48,0,0,33,0.033000
10,26.211604866,26.217424646,2055,3.152330519,0,0.000000000,1054,104,10.400,48,0,0,0,0.000000
11,26.217600802,26.223600152,2066,3.169204308,0,0.000000000,1068,106,10.600,48,0,0,38,0.038000
12,26.223873798,26.229377975,2055,3.152330519,0,0.000000000,1054,105,10.500,46,0,0,0,0.000000
4,26.229555202,26.235306918,2054,3.150796538,0,0.000000000,0,104,10.400,49,0,0,0,0.000000
5,26.235510028,26.241376773,2054,3.150796538,0,0.000000000,1054,105,10.500,47,0,0,0,0.000000
6,26.241560565,26.247257038,2057,3.155398481,0,0.000000000,1068,103,10.300,47,0,0,13,0.013000
7,26.247441643,26.253459518,2038,3.126252846,0,0.000000000,0,104,10.400,47,0,0,0,0.000000
8,26.253641680,26.259617257,2024,3.104777115,0,0.000000000,37,105,10.500,47,0,0,40,0.040000
9,26.259804738,26.265526554,2045,3.136990711,0,0.000000000,0,105,10.500,48,0,0,33,0.033000
10,26.265713896,26.271477386,2055,3.152330519,0,0.000000000,1054,104,10.400,48,0,0,0,0.000000
11,26.271679108,26.277373515,2066,3.169204308,0,0.000000000,1068,106,10.600,48,0,0,38,0.038000
12,26.277557683,26.283463177,2055,3.152330519,0,0.000000000,1054,105,10.500,46,0,0,0,0.000000
4,26.283643763,26.289249269,2054,3.150796538,0,0.000000000,0,104,10.400,49,0,0,0,0.000000
5,26.289430779,26.295610053,2054,3.150796538,0,0.000000000,1054,105,10.500,47,0,0,0,0.000000
6,26.295813990,26.301274305,2057,3.155398481,0,0.000000000,1068,103,10.300,47,0,0,13,0.013000
7,26.301459458,26.307550078,2038,3.126252846,0,0.000000000,0,104,10.400,47,0,0,0,0.000000
8,26.307737008,26.313631000,2024,3.104777115,0,0.000000000,37,105,10.500,47,0,0,40,0.040000
9,26.313819023,26.319509212,2045,3.136990711,0,0.000000000,0,105,10.500,48,0,0,33,0.033000
10,26.319688948,26.325458934,2055,3.152330519,0,0.000000000,1054,104,10.400,48,0,0,0,0.000000
11,26.325638958,26.331465118,2066,3.169204308,0,0.000000000,1068,106,10.600,48,0,0,38,0.038000
12,26.331661984,26.337592808,2055,3.152330519,0,0.000000000,1054,105,10.500,46,0,0,0,0.000000
4,26.337823592,26.343508407,2054,3.150796538,0,0.000000000,0,104,10.400,49,0,0,0,0.000000
5,26.343697211,26.349288351,2054,3.150796538,0,0.000000000,1054,105,10.500,47,0,0,0,0.000000
6,26.349470117,26.355271561,2057,3.155398481,0,0.000000000,1068,103,10.300,47,0,0,13,0.013000
7,26.355473462,26.361510298,2038,3.126252846,0,0.000000000,0,104,10.400,47,0,0,0,0.000000
8,26.361713900,26.367302699,2024,3.104777115,0,0.000000000,37,105,10.500,47,0,0,40,0.040000
9,26.367492374,26.373481810,2045,3.136990711,0,0.000000000,0,105,10.500,48,0,0,33,0.033000
10,26.373679847,26.379462001,2055,3.152330519,0,0.000000000,1054,104,10.400,48,0,0,0,0.000000
11,26.379644775,26.385343482,2066,3.169204308,0,0.000000000,1068,106,10.600,48,0,0,39,0.039000
12,26.385525937,26.391486011,2055,3.152330519,0,0.000000000,1054,105,10.500,46,0,0,0,0.000000
4,26.391671158,26.397409425,2054,3.150796538,0,0.000000000,0,104,10.400,49,0,0,0,0.000000
5,26.397581687,26.403326164,2054,3.150796538,0,0.000000000,1054,105,10.500,47,0,0,0,0.000000
6,26.403513796,26.409495325,2057,3.155398481,0,0.000000000,1068,103,10.300,47,0,0,14,0.014000
7,26.409685190,26.415394932,2038,3.126252846,0,0.000000000,0,104,10.400,47,0,0,0,0.000000
8,26.415577024,26.421409632,2024,3.104777115,0,0.000000000,37,105,10.500,47,0,0,40,0.040000
9,26.421598513,26.427323805,2045,3.136990711,0,0.000000000,0,105,10.500,48,0,0,33,0.033000
10,26.427515369,26.433260273,2055,3.152330519,0,0.000000000,1054,104,10.400,48,0,0,0,0.000000
11,26.433440997,26.439550888,2066,3.169204308,0,0.000000000,1068,106,10.600,48,0,0,39,0.039000
12,26.439736822,26.445383715,2055,3.152330519,0,0.000000000,1054,105,10.500,46,0,0,0,0.000000
4,26.445581025,26.451402362,2054,3.150796538,0,0.000000000,0,104,10.400,49,0,0,0,0.000000
5,26.451583858,26.457403236,2054,3.150796538,0,0.000000000,1054,105,10.500,47,0,0,0,0.000000
6,26.457585332,26.463408533,2057,3.155398481,0,0.000000000,1068,103,10.300,47,0,0,14,0.014000
7,26.463595181,26.469600663,2038,3.126252846,0,0.000000000,0,104,10.400,47,0,0,0,0.000000
8,26.469835546,26.475500061,2024,3.104777115,0,0.000000000,37,105,10.500,47,0,0,40,0.040000
9,26.475685246,26.481500829,2045,3.136990711,0,0.000000000,0,105,10.500,48,0,0,33,0.033000
10,26.481683972,26.487211740,2055,3.152330519,0,0.000000000,1054,104,10.400,48,0,0,0,0.000000
11,26.487388012,26.493443905,2066,3.169204308,0,0.000000000,1068,106,10.600,48,0,0,39,0.039000
12,26.493636989,26.499409701,2055,3.152330519,0,0.000000000,1054,105,10.500,46,0,0,0,0.000000
4,26.499588782,26.505218529,2054,3.150796538,0,0.000000000,0,104,10.400,49,0,0,0,0.000000
5,26.505396052,26.511478943,2054,3.150796538,0,0.000000000,1054,105,10.500,47,0,0,0,0.000000
6,26.511660695,26.517471889,2057,3.155398481,0,0.000000000,1068,103,10.300,47,0,0,14,0.014000
7,26.517720979,26.523254985,2038,3.126252846,0,0.000000000,0,104,10.400,47,0,0,0,0.000000
8,26.523438982,26.529400885,2024,3.104777115,0,0.000000000,37,105,10.500,47,0,0,40,0.040000
9,26.529584983,26.535226337,2045,3.136990711,0,0.000000000,0,105,10.500,48,0,0,33,0.033000
10,26.535421261,26.541563003,2055,3.152330519,0,0.000000000,1054,104,10.400,48,0,0,0,0.000000
11,26.541745383,26.547173809,2066,3.169204308,0,0.000000000,1068,106,10.600,48,0,0,39,0.039000
12,26.547352452,26.553184748,2055,3.152330519,0,0.000000000,1054,105,10.500,46,0,0,0,0.000000
4,26.553373434,26.560309437,2054,3.150796538,0,0.000000000,0,104,10.400,49,0,0,0,0.000000
5,26.560470304,26.565246552,2054,3.150796538,0,0.000000000,1054,105,10.500,47,0,0,0,0.000000
6,26.565392802,26.571213882,2057,3.155398481,0,0.000000000,1068,103,10.300,47,0,0,13,0.013000
7,26.571361782,26.577201765,2038,3.126252846,0,0.000000000,0,104,10.400,47,0,0,0,0.000000
8,26.577346674,26.583462040,2024,3.104777115,0,0.000000000,37,105,10.500,47,0,0,40,0.040000
9,26.583625163,26.589340422,2045,3.136990711,0,0.000000000,0,105,10.500,48,0,0,33,0.033000
10,26.589513434,26.595428712,2055,3.152330519,0,0.000000000,1054,104,10.400,48,0,0,0,0.000000
11,26.595609615,26.601260394,2066,3.169204308,0,0.000000000,1068,106,10.600,48,0,0,39,0.039000
12,26.601438337,26.607313891,2055,3.152330519,0,0.000000000,1054,105,10.500,46,0,0,0,0.000000
4,26.607492398,26.613461739,2054,3.150796538,0,0.000000000,0,104,10.400,49,0,0,0,0.000000
5,26.613636457,26.619283318,2054,3.150796538,0,0.000000000,1054,105,10.500,47,0,0,0,0.000000
6,26.619481055,26.625377571,2057,3.155398481,0,0.000000000,1068,103,10.300,47,0,0,14,0.014000
7,26.625582230,26.631403356,2038,3.126252846,0,0.000000000,0,104,10.400,47,0,0,0,0.000000
8,26.631577598,26.637340327,2024,3.104777115,0,0.000000000,37,105,10.500,47,0,0,40,0.040000
9,26.637521563,26.643368888,2045,3.136990711,0,0.000000000,0,105,10.500,48,0,0,33,0.033000
10,26.643573282,26.649398395,2055,3.152330519,0,0.000000000,1054,104,10.400,48,0,0,0,0.000000
11,26.649575655,26.655379760,2066,3.169204308,0,0.000000000,1068,106,10.600,48,0,0,38,0.038000
12,26.655576757,26.661411904,2055,3.152330519,0,0.000000000,1054,105,10.500,46,0,0,0,0.000000
4,26.661594918,26.667427237,2054,3.150796538,0,0.000000000,0,104,10.400,49,0,0,0,0.000000
5,26.667609108,26.673436199,2054,3.150796538,0,0.000000000,1054,105,10.500,47,0,0,0,0.000000
6,26.673613302,26.679388989,2057,3.155398481,0,0.000000000,1068,103,10.300,47,0,0,13,0.013000
7,26.679571720,26.685361642,2038,3.126252846,0,0.000000000,0,104,10.400,47,0,0,0,0.000000
8,26.685535589,26.691199525,2024,3.104777115,0,0.000000000,37,105,10.500,47,0,0,40,0.040000
9,26.691376419,26.697364196,2045,3.136990711,0,0.000000000,0,105,10.500,48,0,0,33,0.033000
10,26.697543243,26.703469892,2055,3.152330519,0,0.000000000,1054,104,10.400,48,0,0,0,0.000000
11,26.703649579,26.709336826,2066,3.169204308,0,0.000000000,1068,106,10.600,48,0,0,39,0.039000
12,26.709517833,26.715155791,2055,3.152330519,0,0.000000000,1054,105,10.500,46,0,0,0,0.000000
4,26.715332022,26.721253269,2054,3.150796538,0,0.000000000,0,104,10.400,49,0,0,0,0.000000
5,26.721428599,26.727413864,2054,3.150796538,0,0.000000000,1054,105,10.500,47,0,0,0,0.000000
6,26.727595791,26.733186174,2057,3.155398481,0,0.000000000,1068,103,10.300,47,0,0,14,0.014000
7,26.733364052,26.739380042,2038,3.126252846,0,0.000000000,0,104,10.400,47,0,0,0,0.000000
8,26.739555937,26.745228797,2024,3.104777115,0,0.000000000,37,105,10.500,47,0,0,40,0.040000
9,26.745409880,26.751322177,2045,3.136990711,0,0.000000000,0,105,10.500,48,0,0,33,0.033000
10,26.751513265,26.757186052,2055,3.152330519,0,0.000000000,1054,104,10.400,48,0,0,0,0.000000
11,26.757389969,26.763325962,2066,3.169204308,0,0.000000000,1068,106,10.600,48,0,0,38,0.038000
12,26.763513168,26.769553767,2055,3.152330519,0,0.000000000,1054,105,10.500,46,0,0,0,0.000000
4,26.769734177,26.775451615,2054,3.150796538,0,0.000000000,0,104,10.400,49,0,0,0,0.000000
5,26.775624971,26.781386989,2054,3.150796538,0,0.000000000,1054,105,10.500,47,0,0,0,0.000000
6,26.781571723,26.787441170,2057,3.155398481,0,0.000000000,1068,103,10.300,47,0,0,14,0.014000
7,26.787621400,26.793414096,2038,3.126252846,0,0.000000000,0,104,10.400,47,0,0,0,0.000000
8,26.793588522,26.799352128,2024,3.104777115,0,0.000000000,37,105,10.500,47,0,0,40,0.040000
9,26.799531325,26.805324391,2045,3.136990711,0,0.000000000,0,105,10.500,48,0,0,33,0.033000
10,26.805514662,26.811236856,2055,3.152330519,0,0.000000000,1054,104,10.400,48,0,0,0,0.000000
11,26.811445665,26.817403266,2066,3.169204308,0,0.000000000,1068,106,10.600,48,0,0,39,0.039000
12,26.817585765,26.823334172,2055,3.152330519,0,0.000000000,1054,105,10.500,46,0,0,0,0.000000
4,26.823509079,26.829374514,2054,3.150796538,0,0.000000000,0,104,10.400,49,0,0,0,0.000000
5,26.829558157,26.835333248,2054,3.150796538,0,0.000000000,1054,105,10.500,47,0,0,0,0.000000
6,26.835507571,26.841238561,2057,3.155398481,0,0.000000000,1068,103,10.300,47,0,0,13,0.013000
7,26.841419671,26.847355864,2038,3.126252846,0,0.000000000,0,104,10.400,47,0,0,0,0.000000
8,26.847528926,26.853165442,2024,3.104777115,0,0.000000000,37,105,10.500,47,0,0,40,0.040000
9,26.853343251,26.859258138,2045,3.136990711,0,0.000000000,0,105,10.500,47,0,0,33,0.033000
10,26.859438319,26.865199582,2055,3.152330519,0,0.000000000,1054,104,10.400,48,0,0,0,0.000000
11,26.865372527,26.871565009,2066,3.169204308,0,0.000000000,1068,106,10.600,48,0,0,39,0.039000
12,26.871751575,26.877304936,2055,3.152330519,0,0.000000000,1054,105,10.500,46,0,0,0,0.000000
4,26.877507754,26.982590866,2054,3.150796538,0,0.000000000,0,104,10.400,49,0,0,0,0.000000
5,26.982920931,26.991529768,2054,3.150796538,0,0.000000000,1054,105,10.500,47,0,0,0,0.000000
6,26.991798181,26.997478291,2057,3.155398481,0,0.000000000,1068,103,10.300,47,0,0,13,0.013000
7,26.997694532,27.003298525,2038,3.126252846,0,0.000000000,0,105,10.500,47,0,0,0,0.000000
8,27.003480448,27.009285187,2024,3.104777115,0,0.000000000,37,105,10.500,47,0,0,40,0.040000
9,27.009471074,27.015340570,2045,3.136990711,0,0.000000000,0,105,10.500,48,0,0,33,0.033000
10,27.015528161,27.021312976,2055,3.152330519,0,0.000000000,1054,104,10.400,48,0,0,0,0.000000
11,27.021513773,27.027566603,2066,3.169204308,0,0.000000000,1068,106,10.600,48,0,0,39,0.039000
12,27.027760626,27.033222740,2055,3.152330519,0,0.000000000,1054,105,10.500,46,0,0,0,0.000000
4,27.033402718,27.039425016,2054,3.150796538,0,0.000000000,0,104,10.400,49,0,0,0,0.000000
5,27.039601236,27.045364513,2054,3.150796538,0,0.000000000,1054,105,10.500,47,0,0,0,0.000000
6,27.045571883,27.051518602,2057,3.155398481,0,0.000000000,1068,103,10.300,48,0,0,14,0.014000
7,27.051702431,27.057361510,2038,3.126252846,0,0.000000000,0,105,10.500,47,0,0,0,0.000000
8,27.057553860,27.063405457,2024,3.104777115,0,0.000000000,37,105,10.500,47,0,0,40,0.040000
9,27.063607642,27.069349841,2045,3.136990711,0,0.000000000,0,105,10.500,48,0,0,33,0.033000
10,27.069536091,27.075317672,2055,3.152330519,0,0.000000000,1054,104,10.400,48,0,0,0,0.000000
11,27.075542981,27.089671261,2066,3.169204308,0,0.000000000,1068,106,10.600,48,0,0,38,0.038000
12,27.089891319,27.099303251,2055,3.152330519,0,0.000000000,1054,105,10.500,46,0,0,0,0.000000
4,27.099523027,27.105445309,2054,3.150796538,0,0.000000000,0,104,10.400,49,0,0,0,0.000000
5,27.105631236,27.111236859,2054,3.150796538,0,0.000000000,1054,105,10.500,47,0,0,0,0.000000
6,27.111420656,27.117415081,2057,3.155398481,0,0.000000000,1068,103,10.300,47,0,0,14,0.014000
7,27.117625854,27.123276273,2038,3.126252846,0,0.000000000,0,104,10.400,47,0,0,0,0.000000
8,27.123457278,27.129210560,2024,3.104777115,0,0.000000000,37,105,10.500,47,0,0,40,0.040000
9,27.129388463,27.135137387,2045,3.136990711,0,0.000000000,0,105,10.500,48,0,0,33,0.033000
10,27.135314741,27.141454056,2055,3.152330519,0,0.000000000,1054,104,10.400,48,0,0,0,0.000000
11,27.141630783,27.147174573,2066,3.169204308,0,0.000000000,1068,106,10.600,48,0,0,38,0.038000
12,27.147352906,27.153550787,2055,3.152330519,0,0.000000000,1054,105,10.500,46,0,0,0,0.000000
4,27.153817204,27.159318385,2054,3.150796538,0,0.000000000,0,104,10.400,49,0,0,0,0.000000
5,27.159501849,27.165377141,2054,3.150796538,0,0.000000000,1054,105,10.500,47,0,0,0,0.000000
6,27.165623333,27.171313048,2057,3.155398481,0,0.000000000,1068,103,10.300,47,0,0,13,0.013000
7,27.171501386,27.177170827,2038,3.126252846,0,0.000000000,0,104,10.400,47,0,0,0,0.000000
8,27.177356306,27.183231428,2024,3.104777115,0,0.000000000,37,105,10.500,47,0,0,40,0.040000
9,27.183437369,27.189391591,2045,3.136990711,0,0.000000000,0,105,10.500,48,0,0,33,0.033000
10,27.189639093,27.195292614,2055,3.152330519,0,0.000000000,1054,104,10.400,48,0,0,0,0.000000
11,27.195581369,27.201508340,2066,3.169204308,0,0.000000000,1068,106,10.600,48,0,0,39,0.039000
12,27.201760224,27.207239673,2055,3.152330519,0,0.000000000,1054,105,10.500,46,0,0,0,0.000000
4,27.207424531,27.213154496,2054,3.150796538,0,0.000000000,0,104,10.400,49,0,0,0,0.000000
5,27.213336711,27.219328114,2054,3.150796538,0,0.000000000,1054,105,10.500,47,0,0,0,0.000000
6,27.219561711,27.225449108,2057,3.155398481,0,0.000000000,1068,103,10.300,47,0,0,13,0.013000
7,27.225656393,27.231149261,2038,3.126252846,0,0.000000000,0,104,10.400,47,0,0,0,0.000000
8,27.231391174,27.237337704,2024,3.104777115,0,0.000000000,37,105,10.500,47,0,0,40,0.040000
9,27.237551699,27.243378413,2045,3.136990711,0,0.000000000,0,105,10.500,48,0,0,33,0.033000
10,27.243579085,27.249308923,2055,3.152330519,0,0.000000000,1054,104,10.400,48,0,0,0,0.000000
11,27.249499368,27.255430945,2066,3.169204308,0,0.000000000,1068,106,10.600,48,0,0,39,0.039000
12,27.255619875,27.261426901,2055,3.152330519,0,0.000000000,1054,105,10.500,46,0,0,0,0.000000
4,27.261633404,27.267392984,2054,3.150796538,0,0.000000000,0,104,10.400,49,0,0,0,0.000000
5,27.267615889,27.273227631,2054,3.150796538,0,0.000000000,1054,105,10.500,47,0,0,0,0.000000
6,27.273415435,27.279297186,2057,3.155398481,0,0.000000000,1068,103,10.300,48,0,0,14,0.014000
7,27.279483128,27.307960405,2038,3.126252846,0,0.000000000,0,104,10.400,47,0,0,0,0.000000
8,27.308283383,27.318287519,2024,3.104777115,0,0.000000000,37,105,10.500,47,0,0,40,0.040000
9,27.318604425,27.338383005,2045,3.136990711,0,0.000000000,0,105,10.500,48,0,0,33,0.033000
10,27.341145199,27.345206173,2055,3.152330519,0,0.000000000,1054,104,10.400,48,0,0,0,0.000000
11,27.345428407,27.351207085,2066,3.169204308,0,0.000000000,1068,106,10.600,48,0,0,39,0.039000
12,27.351399904,27.357864891,2055,3.152330519,0,0.000000000,1054,105,10.500,46,0,0,0,0.000000
4,27.358173379,27.370776340,2054,3.150796538,0,0.000000000,0,104,10.400,49,0,0,0,0.000000
5,27.370969062,27.375624908,2054,3.150796538,0,0.000000000,1054,105,10.500,47,0,0,0,0.000000
6,27.375820001,27.381184265,2057,3.155398481,0,0.000000000,1068,103,10.300,47,0,0,13,0.013000
7,27.381372789,27.387148364,2038,3.126252846,0,0.000000000,0,104,10.400,47,0,0,0,0.000000
8,27.387335281,27.393412481,2024,3.104777115,0,0.000000000,37,105,10.500,47,0,0,40,0.040000
9,27.393627792,27.399185373,2045,3.136990711,0,0.000000000,0,105,10.500,48,0,0,33,0.033000
10,27.399378144,27.405192254,2055,3.152330519,0,0.000000000,1054,104,10.400,48,0,0,0,0.000000
11,27.405372502,27.411379640,2066,3.169204308,0,0.000000000,1068,106,10.600,48,0,0,39,0.039000
12,27.411583816,27.417476816,2055,3.152330519,0,0.000000000,1054,104,10.400,46,0,0,0,0.000000
4,27.417657942,27.423363081,2054,3.150796538,0,0.000000000,0,104,10.400,49,0,0,0,0.000000
5,27.423561381,27.429417834,2054,3.150796538,0,0.000000000,1054,105,10.500,47,0,0,0,0.000000
6,27.429599832,27.435208205,2057,3.155398481,0,0.000000000,1068,103,10.300,47,0,0,14,0.014000
7,27.435408192,27.441332641,2038,3.126252846,0,0.000000000,0,104,10.400,47,0,0,0,0.000000
8,27.441515583,27.447109290,2024,3.104777115,0,0.000000000,37,105,10.500,47,0,0,40,0.040000
9,27.447288600,27.453241885,2045,3.136990711,0,0.000000000,0,105,10.500,48,0,0,33,0.033000
10,27.453420163,27.459086911,2055,3.152330519,0,0.000000000,1054,104,10.400,48,0,0,0,0.000000
11,27.459261085,27.465313360,2066,3.169204308,0,0.000000000,1068,106,10.600,48,0,0,39,0.039000
12,27.465518792,27.471368699,2055,3.152330519,0,0.000000000,1054,104,10.400,46,0,0,0,0.000000
4,27.471624993,27.477114096,2054,3.150796538,0,0.000000000,0,104,10.400,49,0,0,0,0.000000
5,27.477287424,27.483213415,2054,3.150796538,0,0.000000000,1054,105,10.500,47,0,0,0,0.000000
6,27.483402018,27.489392443,2057,3.155398481,0,0.000000000,1068,103,10.300,47,0,0,13,0.013000
7,27.489573596,27.495396153,2038,3.126252846,0,0.000000000,0,104,10.400,47,0,0,0,0.000000
8,27.495588874,27.501254901,2024,3.104777115,0,0.000000000,37,105,10.500,47,0,0,40,0.040000
9,27.501436315,27.507235657,2045,3.136990711,0,0.000000000,0,105,10.500,48,0,0,33,0.033000
10,27.507416917,27.513333332,2055,3.152330519,0,0.000000000,1054,104,10.400,48,0,0,0,0.000000
11,27.513526646,27.519368657,2066,3.169204308,0,0.000000000,1068,106,10.600,48,0,0,40,0.040000
12,27.519547124,27.525166160,2055,3.152330519,0,0.000000000,1054,104,10.400,46,0,0,0,0.000000
4,27.525342125,27.531435692,2054,3.150796538,0,0.000000000,0,104,10.400,49,0,0,0,0.000000
5,27.531617130,27.537235050,2054,3.150796538,0,0.000000000,1054,105,10.500,47,0,0,0,0.000000
6,27.537410208,27.543318003,2057,3.155398481,0,0.000000000,1068,103,10.300,47,0,0,13,0.013000
7,27.543517078,27.549161269,2038,3.126252846,0,0.000000000,0,104,10.400,47,0,0,0,0.000000
8,27.549334693,27.555289470,2024,3.104777115,0,0.000000000,37,105,10.500,47,0,0,40,0.040000
9,27.555465679,27.561217400,2045,3.136990711,0,0.000000000,0,105,10.500,48,0,0,33,0.033000
10,27.561400975,27.567158005,2055,3.152330519,0,0.000000000,1054,104,10.400,48,0,0,0,0.000000
11,27.567330939,27.573252075,2066,3.169204308,0,0.000000000,1068,106,10.600,48,0,0,39,0.039000
12,27.573486600,27.579252564,2055,3.152330519,0,0.000000000,1054,105,10.500,46,0,0,0,0.000000
4,27.579429922,27.585280806,2054,3.150796538,0,0.000000000,0,104,10.400,49,0,0,0,0.000000
5,27.585474388,27.591116565,2054,3.150796538,0,0.000000000,1054,105,10.500,47,0,0,0,0.000000
6,27.591292415,27.597189605,2057,3.155398481,0,0.000000000,1068,103,10.300,48,0,0,14,0.014000
7,27.597368030,27.603268300,2038,3.126252846,0,0.000000000,0,104,10.400,47,0,0,0,0.000000
8,27.603448590,27.609287420,2024,3.104777115,0,0.000000000,37,105,10.500,47,0,0,40,0.040000
9,27.609470400,27.615331643,2045,3.136990711,0,0.000000000,0,105,10.500,48,0,0,33,0.033000
10,27.615562366,27.621359261,2055,3.152330519,0,0.000000000,1054,104,10.400,48,0,0,0,0.000000
11,27.621540884,27.627213390,2066,3.169204308,0,0.000000000,1068,106,10.600,48,0,0,39,0.039000
12,27.627394920,27.633263378,2055,3.152330519,0,0.000000000,1054,104,10.400,46,0,0,0,0.000000
4,27.633440397,27.639202862,2054,3.150796538,0,0.000000000,0,104,10.400,49,0,0,0,0.000000
5,27.639379244,27.645209490,2054,3.150796538,0,0.000000000,1054,105,10.500,47,0,0,0,0.000000
6,27.645390045,27.651367600,2057,3.155398481,0,0.000000000,1068,103,10.300,47,0,0,14,0.014000
7,27.651581313,27.657225465,2038,3.126252846,0,0.000000000,0,104,10.400,47,0,0,0,0.000000
8,27.657406431,27.663170535,2024,3.104777115,0,0.000000000,37,105,10.500,47,0,0,40,0.040000
9,27.663351988,27.669080915,2045,3.136990711,0,0.000000000,0,105,10.500,48,0,0,33,0.033000
10,27.669271565,27.675366746,2055,3.152330519,0,0.000000000,1054,104,10.400,48,0,0,0,0.000000
11,27.675566806,27.681139748,2066,3.169204308,0,0.000000000,1068,106,10.600,48,0,0,39,0.039000
12,27.681324370,27.687283241,2055,3.152330519,0,0.000000000,1054,105,10.500,46,0,0,0,0.000000
4,27.687472782,27.693211724,2054,3.150796538,0,0.000000000,0,104,10.400,49,0,0,0,0.000000
5,27.693385899,27.699235989,2054,3.150796538,0,0.000000000,1054,105,10.500,47,0,0,0,0.000000
6,27.699429642,27.705295261,2057,3.155398481,0,0.000000000,1068,103,10.300,48,0,0,13,0.013000
7,27.705481345,27.711267701,2038,3.126252846,0,0.000000000,0,104,10.400,47,0,0,0,0.000000
8,27.711445343,27.717339215,2024,3.104777115,0,0.000000000,37,105,10.500,47,0,0,40,0.040000
9,27.717537950,27.723456891,2045,3.136990711,0,0.000000000,0,105,10.500,47,0,0,33,0.033000
10,27.723721540,27.729137282,2055,3.152330519,0,0.000000000,1054,104,10.400,48,0,0,0,0.000000
11,27.729313359,27.735988753,2066,3.169204308,0,0.000000000,1068,106,10.600,48,0,0,39,0.039000
12,27.736209755,27.741315641,2055,3.152330519,0,0.000000000,1054,105,10.500,46,0,0,0,0.000000
4,27.741488880,27.747016821,2054,3.150796538,0,0.000000000,0,104,10.400,49,0,0,0,0.000000
5,27.747190469,27.753247575,2054,3.150796538,0,0.000000000,1054,105,10.500,47,0,0,0,0.000000
6,27.753420940,27.759256137,2057,3.155398481,0,0.000000000,1068,103,10.300,47,0,0,13,0.013000
7,27.759431677,27.765092626,2038,3.126252846,0,0.000000000,0,104,10.400,47,0,0,0,0.000000
8,27.765269368,27.771122612,2024,3.104777115,0,0.000000000,37,105,10.500,47,0,0,40,0.040000
9,27.771295382,27.777384730,2045,3.136990711,0,0.000000000,0,105,10.500,48,0,0,34,0.034000
10,27.777569190,27.783262067,2055,3.152330519,0,0.000000000,1054,104,10.400,48,0,0,0,0.000000
11,27.783436101,27.789191678,2066,3.169204308,0,0.000000000,1068,106,10.600,48,0,0,38,0.038000
12,27.789367977,27.795129390,2055,3.152330519,0,0.000000000,1054,105,10.500,46,0,0,0,0.000000
4,27.795346328,27.801321629,2054,3.150796538,0,0.000000000,0,104,10.400,49,0,0,0,0.000000
5,27.801498282,27.807134114,2054,3.150796538,0,0.000000000,1054,105,10.500,47,0,0,0,0.000000
6,27.807309867,27.813251869,2057,3.155398481,0,0.000000000,1068,103,10.300,47,0,0,13,0.013000
7,27.813441447,27.819077016,2038,3.126252846,0,0.000000000,0,104,10.400,47,0,0,0,0.000000
8,27.819243891,27.825192941,2024,3.104777115,0,0.000000000,37,105,10.500,47,0,0,40,0.040000
9,27.825358339,27.830976528,2045,3.136990711,0,0.000000000,0,105,10.500,48,0,0,33,0.033000
10,27.831124293,27.837139875,2055,3.152330519,0,0.000000000,1054,104,10.400,48,0,0,0,0.000000
11,27.837285423,27.843434047,2066,3.169204308,0,0.000000000,1068,106,10.600,48,0,0,39,0.039000
12,27.843597014,27.849000664,2055,3.152330519,0,0.000000000,1054,105,10.500,46,0,0,0,0.000000
4,27.849146549,27.855092821,2054,3.150796538,0,0.000000000,0,104,10.400,49,0,0,0,0.000000
5,27.855236491,27.860975543,2054,3.150796538,0,0.000000000,1054,105,10.500,47,0,0,0,0.000000
6,27.861121661,27.866925338,2057,3.155398481,0,0.000000000,1068,103,10.300,47,0,0,14,0.014000
7,27.867076811,27.873222951,2038,3.126252846,0,0.000000000,0,104,10.400,47,0,0,0,0.000000
8,27.873370590,27.879194690,2024,3.104777115,0,0.000000000,37,105,10.500,47,0,0,40,0.040000
9,27.879353009,27.885134407,2045,3.136990711,0,0.000000000,0,105,10.500,48,0,0,33,0.033000
10,27.885299958,27.891245345,2055,3.152330519,0,0.000000000,1054,104,10.400,48,0,0,0,0.000000
11,27.891419496,27.897331929,2066,3.169204308,0,0.000000000,1068,106,10.600,48,0,0,39,0.039000
12,27.897538944,27.903196343,2055,3.152330519,0,0.000000000,1054,105,10.500,46,0,0,0,0.000000
4,27.903375434,27.909355730,2054,3.150796538,0,0.000000000,0,104,10.400,49,0,0,0,0.000000
5,27.909525484,27.915059008,2054,3.150796538,0,0.000000000,1054,105,10.500,47,0,0,0,0.000000
6,27.915228154,27.921003335,2057,3.155398481,0,0.000000000,1068,103,10.300,47,0,0,13,0.013000
7,27.921172939,27.927248146,2038,3.126252846,0,0.000000000,0,104,10.400,47,0,0,0,0.000000
8,27.927409066,27.933283150,2024,3.104777115,0,0.000000000,37,105,10.500,47,0,0,40,0.040000
9,27.933487186,27.939087289,2045,3.136990711,0,0.000000000,0,105,10.500,48,0,0,33,0.033000
10,27.939291772,27.945368389,2055,3.152330519,0,0.000000000,1054,104,10.400,48,0,0,0,0.000000
11,27.945565469,27.951162624,2066,3.169204308,0,0.000000000,1068,106,10.600,48,0,0,39,0.039000
12,27.951309121,27.957118228,2055,3.152330519,0,0.000000000,1054,105,10.500,46,0,0,0,0.000000
4,27.957265210,27.963050224,2054,3.150796538,0,0.000000000,0,104,10.400,49,0,0,0,0.000000
5,27.963191909,27.969032631,2054,3.150796538,0,0.000000000,1054,105,10.500,47,0,0,0,0.000000
6,27.969177469,27.975195272,2057,3.155398481,0,0.000000000,1068,103,10.300,47,0,0,14,0.014000
7,27.975345821,27.981139152,2038,3.126252846,0,0.000000000,0,104,10.400,47,0,0,0,0.000000
8,27.981306327,27.987030160,2024,3.104777115,0,0.000000000,37,105,10.500,47,0,0,40,0.040000
9,27.987185484,27.993166169,2045,3.136990711,0,0.000000000,0,105,10.500,48,0,0,33,0.033000
10,27.993317381,27.999234337,2055,3.152330519,0,0.000000000,1054,104,10.400,48,0,0,0,0.000000
11,27.999382023,28.005256863,2066,3.169204308,0,0.000000000,1068,106,10.600,48,0,0,38,0.038000
12,28.005426024,28.010985604,2055,3.152330519,0,0.000000000,1054,105,10.500,46,0,0,0,0.000000
4,28.011130620,28.017345052,2054,3.150796538,0,0.000000000,0,104,10.400,49,0,0,0,0.000000
5,28.017486549,28.023286349,2054,3.150796538,0,0.000000000,1054,105,10.500,47,0,0,0,0.000000
6,28.023428303,28.029187723,2057,3.155398481,0,0.000000000,1068,103,10.300,47,0,0,14,0.014000
7,28.029333968,28.035091335,2038,3.126252846,0,0.000000000,0,104,10.400,47,0,0,0,0.000000
8,28.035229050,28.041056001,2024,3.104777115,0,0.000000000,37,105,10.500,47,0,0,40,0.040000
9,28.041199604,28.047080306,2045,3.136990711,0,0.000000000,0,105,10.500,48,0,0,33,0.033000
10,28.047222356,28.053143729,2055,3.152330519,0,0.000000000,1054,104,10.400,48,0,0,0,0.000000
11,28.053281799,28.059097415,2066,3.169204308,0,0.000000000,1068,106,10.600,48,0,0,39,0.039000
12,28.059243661,28.065253028,2055,3.152330519,0,0.000000000,1054,104,10.400,46,0,0,0,0.000000
4,28.065405678,28.071077950,2054,3.150796538,0,0.000000000,0,104,10.400,49,0,0,0,0.000000
5,28.071223386,28.077188103,2054,3.150796538,0,0.000000000,1054,105,10.500,47,0,0,0,0.000000
6,28.077337516,28.083923759,2057,3.155398481,0,0.000000000,1068,103,10.300,47,0,0,13,0.013000
7,28.084073835,28.089066209,2038,3.126252846,0,0.000000000,0,104,10.400,47,0,0,0,0.000000
8,28.089215828,28.095310356,2024,3.104777115,0,0.000000000,37,105,10.500,47,0,0,40,0.040000
9,28.095459069,28.101029943,2045,3.136990711,0,0.000000000,0,105,10.500,48,0,0,33,0.033000
10,28.101176945,28.107121270,2055,3.152330519,0,0.000000000,1054,104,10.400,48,0,0,0,0.000000
11,28.107264801,28.112945279,2066,3.169204308,0,0.000000000,1068,106,10.600,48,0,0,39,0.039000
12,28.113090079,28.119104837,2055,3.152330519,0,0.000000000,1054,104,10.400,46,0,0,0,0.000000
4,28.119246629,28.125036369,2054,3.150796538,0,0.000000000,0,104,10.400,49,0,0,0,0.000000
5,28.125173859,28.130910956,2054,3.150796538,0,0.000000000,1054,105,10.500,47,0,0,1,0.001000
6,28.131053220,28.137777139,2057,3.155398481,0,0.000000000,1068,103,10.300,47,0,0,14,0.014000
7,28.138043063,28.143446078,2038,3.126252846,0,0.000000000,0,104,10.400,47,0,0,0,0.000000
8,28.143700219,28.149166168,2024,3.104777115,0,0.000000000,37,105,10.500,47,0,0,40,0.040000
9,28.149374679,28.155025722,2045,3.136990711,0,0.000000000,0,105,10.500,48,0,0,33,0.033000
10,28.155192719,28.161147548,2055,3.152330519,0,0.000000000,1054,104,10.400,48,0,0,0,0.000000
11,28.161307421,28.166997927,2066,3.169204308,0,0.000000000,1068,106,10.600,48,0,0,40,0.040000
12,28.167163871,28.173173634,2055,3.152330519,0,0.000000000,1054,104,10.400,46,0,0,0,0.000000
4,28.173316370,28.179039444,2054,3.150796538,0,0.000000000,0,104,10.400,49,0,0,0,0.000000
5,28.179185578,28.184987778,2054,3.150796538,0,0.000000000,1054,105,10.500,47,0,0,0,0.000000
6,28.185151369,28.191215478,2057,3.155398481,0,0.000000000,1068,103,10.300,47,0,0,13,0.013000
7,28.191384359,28.197016716,2038,3.126252846,0,0.000000000,0,104,10.400,47,0,0,0,0.000000
8,28.197166763,28.203141089,2024,3.104777115,0,0.000000000,37,105,10.500,47,0,0,40,0.040000
9,28.203320531,28.209293929,2045,3.136990711,0,0.000000000,0,105,10.500,48,0,0,33,0.033000
10,28.209480781,28.215151809,2055,3.152330519,0,0.000000000,1054,104,10.400,48,0,0,0,0.000000
11,28.215354035,28.221202164,2066,3.169204308,0,0.000000000,1068,106,10.600,48,0,0,39,0.039000
12,28.221381747,28.227111949,2055,3.152330519,0,0.000000000,1054,104,10.400,46,0,0,0,0.000000
4,28.227287638,28.233117919,2054,3.150796538,0,0.000000000,0,104,10.400,49,0,0,0,0.000000
5,28.233300641,28.239097958,2054,3.150796538,0,0.000000000,1054,105,10.500,47,0,0,0,0.000000
6,28.239271498,28.245106547,2057,3.155398481,0,0.000000000,1068,103,10.300,47,0,0,14,0.014000
7,28.245284096,28.251331284,2038,3.126252846,0,0.000000000,0,104,10.400,47,0,0,0,0.000000
8,28.251513404,28.257183699,2024,3.104777115,0,0.000000000,37,105,10.500,47,0,0,40,0.040000
9,28.257366800,28.263342049,2045,3.136990711,0,0.000000000,0,105,10.500,48,0,0,33,0.033000
10,28.263534009,28.269033888,2055,3.152330519,0,0.000000000,1054,104,10.400,48,0,0,0,0.000000
11,28.269206984,28.275260122,2066,3.169204308,0,0.000000000,1068,106,10.600,48,0,0,39,0.039000
12,28.275447412,28.281249868,2055,3.152330519,0,0.000000000,1054,104,10.400,46,0,0,0,0.000000
4,28.281437908,28.287326552,2054,3.150796538,0,0.000000000,0,104,10.400,49,0,0,0,0.000000
5,28.287512113,28.293801753,2054,3.150796538,0,0.000000000,1054,105,10.500,47,0,0,0,0.000000
6,28.294078138,28.299281184,2057,3.155398481,0,0.000000000,1068,103,10.300,48,0,0,13,0.013000
7,28.299458707,28.305246577,2038,3.126252846,0,0.000000000,0,104,10.400,47,0,0,0,0.000000
8,28.305421070,28.311264443,2024,3.104777115,0,0.000000000,37,105,10.500,47,0,0,40,0.040000
9,28.311445289,28.317200978,2045,3.136990711,0,0.000000000,0,105,10.500,48,0,0,33,0.033000
10,28.317381204,28.323170973,2055,3.152330519,0,0.000000000,1054,104,10.400,48,0,0,0,0.000000
11,28.323335716,28.329078538,2066,3.169204308,0,0.000000000,1068,106,10.600,48,0,0,39,0.039000
12,28.329249728,28.335096661,2055,3.152330519,0,0.000000000,1054,104,10.400,46,0,0,0,0.000000
4,28.335239791,28.340974661,2054,3.150796538,0,0.000000000,0,104,10.400,49,0,0,0,0.000000
5,28.341117624,28.346891171,2054,3.150796538,0,0.000000000,1054,105,10.500,47,0,0,0,0.000000
6,28.347034244,28.353026212,2057,3.155398481,0,0.000000000,1068,103,10.300,47,0,0,14,0.014000
7,28.353171088,28.359031456,2038,3.126252846,0,0.000000000,0,104,10.400,47,0,0,0,0.000000
8,28.359177009,28.365043278,2024,3.104777115,0,0.000000000,37,105,10.500,47,0,0,40,0.040000
9,28.365192623,28.370989403,2045,3.136990711,0,0.000000000,0,105,10.500,48,0,0,33,0.033000
10,28.371143464,28.377146165,2055,3.152330519,0,0.000000000,1054,104,10.400,48,0,0,0,0.000000
11,28.377301233,28.382927279,2066,3.169204308,0,0.000000000,1068,106,10.600,48,0,0,38,0.038000
12,28.383082783,28.389242992,2055,3.152330519,0,0.000000000,1054,104,10.400,46,0,0,0,0.000000
4,28.389394128,28.395026768,2054,3.150796538,0,0.000000000,0,104,10.400,49,0,0,0,0.000000
5,28.395202095,28.401587488,2054,3.150796538,0,0.000000000,1054,105,10.500,47,0,0,0,0.000000
6,28.401765323,28.407133878,2057,3.155398481,0,0.000000000,1068,103,10.300,47,0,0,13,0.013000
7,28.407310919,28.413247743,2038,3.126252846,0,0.000000000,0,104,10.400,47,0,0,0,0.000000
8,28.413426080,28.419198180,2024,3.104777115,0,0.000000000,37,105,10.500,47,0,0,40,0.040000
9,28.419396358,28.425071088,2045,3.136990711,0,0.000000000,0,105,10.500,48,0,0,33,0.033000
10,28.425251310,28.431226241,2055,3.152330519,0,0.000000000,1054,104,10.400,48,0,0,0,0.000000
11,28.431399833,28.436982738,2066,3.169204308,0,0.000000000,1068,106,10.600,48,0,0,38,0.038000
12,28.437151819,28.442955219,2055,3.152330519,0,0.000000000,1054,105,10.500,46,0,0,0,0.000000
4,28.443110733,28.449000424,2054,3.150796538,0,0.000000000,0,104,10.400,49,0,0,0,0.000000
5,28.449142763,28.454948099,2054,3.150796538,0,0.000000000,1054,105,10.500,47,0,0,0,0.000000
6,28.455090890,28.460917913,2057,3.155398481,0,0.000000000,1068,103,10.300,48,0,0,13,0.013000
7,28.461098938,28.467212373,2038,3.126252846,0,0.000000000,0,104,10.400,47,0,0,0,0.000000
8,28.467433736,28.473145139,2024,3.104777115,0,0.000000000,37,105,10.500,47,0,0,40,0.040000
9,28.473299783,28.479300642,2045,3.136990711,0,0.000000000,0,105,10.500,48,0,0,33,0.033000
10,28.479479777,28.485176618,2055,3.152330519,0,0.000000000,1054,104,10.400,48,0,0,0,0.000000
11,28.485325333,28.490982510,2066,3.169204308,0,0.000000000,1068,106,10.600,48,0,0,38,0.038000
12,28.491135906,28.497075693,2055,3.152330519,0,0.000000000,1054,104,10.400,46,0,0,0,0.000000
4,28.497226947,28.503049498,2054,3.150796538,0,0.000000000,0,104,10.400,49,0,0,0,0.000000
5,28.503194559,28.509137658,2054,3.150796538,0,0.000000000,1054,105,10.500,47,0,0,0,0.000000
6,28.509336536,28.515350416,2057,3.155398481,0,0.000000000,1068,103,10.300,47,0,0,13,0.013000
7,28.515516301,28.521308932,2038,3.126252846,0,0.000000000,0,104,10.400,47,0,0,0,0.000000
8,28.521507896,28.527161205,2024,3.104777115,0,0.000000000,37,105,10.500,47,0,0,40,0.040000
9,28.527368110,28.533392503,2045,3.136990711,0,0.000000000,0,105,10.500,48,0,0,33,0.033000
10,28.533595263,28.539149383,2055,3.152330519,0,0.000000000,1054,104,10.400,48,0,0,0,0.000000
11,28.539346926,28.545082266,2066,3.169204308,0,0.000000000,1068,106,10.600,48,0,0,38,0.038000
12,28.545284911,28.551100078,2055,3.152330519,0,0.000000000,1054,105,10.500,46,0,0,0,0.000000
4,28.551262430,28.556840510,2054,3.150796538,0,0.000000000,0,104,10.400,49,0,0,0,0.000000
5,28.556986271,28.562887099,2054,3.150796538,0,0.000000000,1054,105,10.500,47,0,0,0,0.000000
6,28.563033260,28.569087208,2057,3.155398481,0,0.000000000,1068,103,10.300,48,0,0,14,0.014000
7,28.569243342,28.575128017,2038,3.126252846,0,0.000000000,0,104,10.400,47,0,0,0,0.000000
8,28.575285236,28.581259728,2024,3.104777115,0,0.000000000,37,105,10.500,47,0,0,40,0.040000
9,28.581432895,28.587112242,2045,3.136990711,0,0.000000000,0,105,10.500,47,0,0,33,0.033000
10,28.587265987,28.593156544,2055,3.152330519,0,0.000000000,1054,104,10.400,48,0,0,0,0.000000
11,28.593335028,28.599238022,2066,3.169204308,0,0.000000000,1068,106,10.600,48,0,0,38,0.038000
12,28.599418874,28.605182485,2055,3.152330519,0,0.000000000,1054,105,10.500,46,0,0,0,0.000000
4,28.605356106,28.611098380,2054,3.150796538,0,0.000000000,0,104,10.400,49,0,0,0,0.000000
5,28.611272644,28.617208603,2054,3.150796538,0,0.000000000,1054,105,10.500,47,0,0,0,0.000000
6,28.617384231,28.623020272,2057,3.155398481,0,0.000000000,1068,103,10.300,47,0,0,14,0.014000
7,28.623198857,28.629737843,2038,3.126252846,0,0.000000000,0,104,10.400,47,0,0,0,0.000000
8,28.630014966,28.634974662,2024,3.104777115,0,0.000000000,37,105,10.500,47,0,0,40,0.040000
9,28.635152138,28.641116228,2045,3.136990711,0,0.000000000,0,105,10.500,48,0,0,34,0.034000
10,28.641286572,28.647111362,2055,3.152330519,0,0.000000000,1054,104,10.400,48,0,0,0,0.000000
11,28.647262282,28.653047167,2066,3.169204308,0,0.000000000,1068,106,10.600,48,0,0,38,0.038000
12,28.653195112,28.658878144,2055,3.152330519,0,0.000000000,1054,105,10.500,46,0,0,0,0.000000
4,28.659022201,28.665095517,2054,3.150796538,0,0.000000000,0,104,10.400,49,0,0,0,0.000000
5,28.665257602,28.671005355,2054,3.150796538,0,0.000000000,1054,105,10.500,47,0,0,0,0.000000
6,28.671149539,28.677349848,2057,3.155398481,0,0.000000000,1068,103,10.300,48,0,0,14,0.014000
7,28.677512170,28.682954017,2038,3.126252846,0,0.000000000,0,104,10.400,47,0,0,0,0.000000
8,28.683103349,28.689134958,2024,3.104777115,0,0.000000000,37,105,10.500,47,0,0,40,0.040000
9,28.689297954,28.694912677,2045,3.136990711,0,0.000000000,0,105,10.500,48,0,0,34,0.034000
10,28.695067646,28.701148133,2055,3.152330519,0,0.000000000,1054,104,10.400,48,0,0,0,0.000000
11,28.701308221,28.707058281,2066,3.169204308,0,0.000000000,1068,106,10.600,48,0,0,38,0.038000
12,28.707238050,28.713146887,2055,3.152330519,0,0.000000000,1054,105,10.500,46,0,0,0,0.000000
4,28.713323395,28.719422477,2054,3.150796538,0,0.000000000,0,104,10.400,49,0,0,0,0.000000
5,28.719600507,28.725270115,2054,3.150796538,0,0.000000000,1054,105,10.500,47,0,0,0,0.000000
6,28.725444975,28.731084607,2057,3.155398481,0,0.000000000,1068,103,10.300,47,0,0,14,0.014000
7,28.731261695,28.737123682,2038,3.126252846,0,0.000000000,0,104,10.400,47,0,0,0,0.000000
8,28.737303363,28.743090079,2024,3.104777115,0,0.000000000,37,105,10.500,47,0,0,41,0.041000
9,28.743270178,28.749019492,2045,3.136990711,0,0.000000000,0,105,10.500,48,0,0,33,0.033000
10,28.749195302,28.755038981,2055,3.152330519,0,0.000000000,1054,104,10.400,48,0,0,0,0.000000
11,28.755207542,28.761166003,2066,3.169204308,0,0.000000000,1068,106,10.600,48,0,0,38,0.038000
12,28.761345477,28.767132821,2055,3.152330519,0,0.000000000,1054,105,10.500,46,0,0,0,0.000000
4,28.767284997,28.772904155,2054,3.150796538,0,0.000000000,0,104,10.400,49,0,0,0,0.000000
5,28.773047809,28.778999596,2054,3.150796538,0,0.000000000,1054,105,10.500,47,0,0,0,0.000000
6,28.779149818,28.785057310,2057,3.155398481,0,0.000000000,1068,103,10.300,47,0,0,14,0.014000
7,28.785248671,28.791044659,2038,3.126252846,0,0.000000000,0,104,10.400,47,0,0,0,0.000000
8,28.791221993,28.797239431,2024,3.104777115,0,0.000000000,37,105,10.500,47,0,0,40,0.040000
9,28.797430173,28.803054665,2045,3.136990711,0,0.000000000,0,105,10.500,48,0,0,34,0.034000
10,28.803258905,28.809318997,2055,3.152330519,0,0.000000000,1054,104,10.400,48,0,0,0,0.000000
11,28.809496352,28.815012186,2066,3.169204308,0,0.000000000,1068,106,10.600,48,0,0,38,0.038000
12,28.815193942,28.821163572,2055,3.152330519,0,0.000000000,1054,105,10.500,46,0,0,0,0.000000
4,28.821352125,28.827213070,2054,3.150796538,0,0.000000000,0,104,10.400,49,0,0,0,0.000000
5,28.827401927,28.833281466,2054,3.150796538,0,0.000000000,1054,105,10.500,47,0,0,0,0.000000
6,28.833467168,28.839433930,2057,3.155398481,0,0.000000000,1068,103,10.300,47,0,0,14,0.014000
7,28.839659935,28.845426084,2038,3.126252846,0,0.000000000,0,104,10.400,47,0,0,0,0.000000
8,28.845704385,28.851203974,2024,3.104777115,0,0.000000000,37,105,10.500,47,0,0,40,0.040000
9,28.851727327,28.857087863,2045,3.136990711,0,0.000000000,0,105,10.500,48,0,0,34,0.034000
10,28.857289935,28.863076302,2055,3.152330519,0,0.000000000,1054,104,10.400,48,0,0,0,0.000000
11,28.863254702,28.869176127,2066,3.169204308,0,0.000000000,1068,106,10.600,48,0,0,38,0.038000
12,28.869365932,28.875055458,2055,3.152330519,0,0.000000000,1054,105,10.500,46,0,0,0,0.000000
4,28.875232492,28.881213357,2054,3.150796538,0,0.000000000,0,104,10.400,49,0,0,0,0.000000
5,28.881392982,28.887191669,2054,3.150796538,0,0.000000000,1054,105,10.500,47,0,0,0,0.000000
6,28.887374630,28.893172424,2057,3.155398481,0,0.000000000,1068,103,10.300,47,0,0,13,0.013000
7,28.893377528,28.899140675,2038,3.126252846,0,0.000000000,0,104,10.400,47,0,0,0,0.000000
8,28.899320477,28.905038380,2024,3.104777115,0,0.000000000,37,105,10.500,47,0,0,40,0.040000
9,28.905219317,28.911183991,2045,3.136990711,0,0.000000000,0,105,10.500,48,0,0,33,0.033000
10,28.911369962,28.917131997,2055,3.152330519,0,0.000000000,1054,104,10.400,48,0,0,0,0.000000
11,28.917313195,28.923113291,2066,3.169204308,0,0.000000000,1068,106,10.600,48,0,0,39,0.039000
12,28.923301104,28.929026858,2055,3.152330519,0,0.000000000,1054,105,10.500,46,0,0,0,0.000000
4,28.929220805,28.935029492,2054,3.150796538,0,0.000000000,0,104,10.400,49,0,0,0,0.000000
5,28.935209706,28.941174837,2054,3.150796538,0,0.000000000,1054,105,10.500,47,0,0,0,0.000000
6,28.941353749,28.947254520,2057,3.155398481,0,0.000000000,1068,103,10.300,48,0,0,14,0.014000
7,28.947441574,28.953225712,2038,3.126252846,0,0.000000000,0,104,10.400,47,0,0,0,0.000000
8,28.953410824,28.959328689,2024,3.104777115,0,0.000000000,37,105,10.500,47,0,0,40,0.040000
9,28.959527290,28.965149373,2045,3.136990711,0,0.000000000,0,105,10.500,48,0,0,33,0.033000
10,28.965340242,28.971045055,2055,3.152330519,0,0.000000000,1054,104,10.400,48,0,0,0,0.000000
11,28.971225122,28.977126996,2066,3.169204308,0,0.000000000,1068,106,10.600,48,0,0,38,0.038000
12,28.977316979,28.983001957,2055,3.152330519,0,0.000000000,1054,105,10.500,46,0,0,0,0.000000
4,28.983196295,28.989018121,2054,3.150796538,0,0.000000000,0,104,10.400,49,0,0,0,0.000000
5,28.989201765,28.995231306,2054,3.150796538,0,0.000000000,1054,105,10.500,47,0,0,0,0.000000
6,28.995422143,29.001204382,2057,3.155398481,0,0.000000000,1068,103,10.300,47,0,0,14,0.014000
7,29.001398068,29.007100599,2038,3.126252846,0,0.000000000,0,104,10.400,47,0,0,0,0.000000
8,29.007281645,29.013230082,2024,3.104777115,0,0.000000000,37,105,10.500,47,0,0,40,0.040000
9,29.013429506,29.019170588,2045,3.136990711,0,0.000000000,0,105,10.500,48,0,0,33,0.033000
10,29.019373275,29.025272963,2055,3.152330519,0,0.000000000,1054,104,10.400,48,0,0,0,0.000000
11,29.025458536,29.031118237,2066,3.169204308,0,0.000000000,1068,106,10.600,48,0,0,39,0.039000
12,29.031328608,29.037000331,2055,3.152330519,0,0.000000000,1054,105,10.500,46,0,0,0,0.000000
4,29.037177505,29.043119146,2054,3.150796538,0,0.000000000,0,104,10.400,49,0,0,0,0.000000
5,29.043292504,29.049192872,2054,3.150796538,0,0.000000000,1054,105,10.500,47,0,0,0,0.000000
6,29.049371777,29.055241007,2057,3.155398481,0,0.000000000,1068,103,10.300,47,0,0,13,0.013000
7,29.055421236,29.061198213,2038,3.126252846,0,0.000000000,0,104,10.400,47,0,0,0,0.000000
8,29.061375837,29.067218036,2024,3.104777115,0,0.000000000,37,105,10.500,47,0,0,40,0.040000
9,29.067408784,29.073077758,2045,3.136990711,0,0.000000000,0,105,10.500,48,0,0,33,0.033000
10,29.073263290,29.079063118,2055,3.152330519,0,0.000000000,1054,104,10.400,48,0,0,0,0.000000
11,29.079243724,29.085029833,2066,3.169204308,0,0.000000000,1068,106,10.600,48,0,0,39,0.039000
12,29.085218871,29.091407006,2055,3.152330519,0,0.000000000,1054,105,10.500,46,0,0,0,0.000000
4,29.091594804,29.097128048,2054,3.150796538,0,0.000000000,0,104,10.400,49,0,0,0,0.000000
5,29.097308727,29.103226735,2054,3.150796538,0,0.000000000,1054,105,10.500,47,0,0,0,0.000000
6,29.103411722,29.109003186,2057,3.155398481,0,0.000000000,1068,103,10.300,47,0,0,14,0.014000
7,29.109187547,29.115246002,2038,3.126252846,0,0.000000000,0,104,10.400,47,0,0,0,0.000000
8,29.115426714,29.121163228,2024,3.104777115,0,0.000000000,37,105,10.500,47,0,0,40,0.040000
9,29.121352842,29.127455336,2045,3.136990711,0,0.000000000,0,105,10.500,48,0,0,33,0.033000
10,29.127743741,29.132983884,2055,3.152330519,0,0.000000000,1054,104,10.400,48,0,0,0,0.000000
11,29.133166377,29.139244084,2066,3.169204308,0,0.000000000,1068,106,10.600,48,0,0,38,0.038000
12,29.139439081,29.145041180,2055,3.152330519,0,0.000000000,1054,105,10.500,46,0,0,0,0.000000
4,29.145226367,29.151020788,2054,3.150796538,0,0.000000000,0,104,10.400,49,0,0,0,0.000000
5,29.151206617,29.157108681,2054,3.150796538,0,0.000000000,1054,105,10.500,47,0,0,0,0.000000
6,29.157290799,29.163208672,2057,3.155398481,0,0.000000000,1068,103,10.300,47,0,0,13,0.013000
7,29.163387891,29.169230510,2038,3.126252846,0,0.000000000,0,104,10.400,47,0,0,0,0.000000
8,29.169450843,29.174987086,2024,3.104777115,0,0.000000000,37,105,10.500,47,0,0,40,0.040000
9,29.175173519,29.181151982,2045,3.136990711,0,0.000000000,0,105,10.500,48,0,0,33,0.033000
10,29.181339430,29.187139981,2055,3.152330519,0,0.000000000,1054,104,10.400,48,0,0,0,0.000000
11,29.187322805,29.193154182,2066,3.169204308,0,0.000000000,1068,106,10.600,48,0,0,39,0.039000
12,29.193334831,29.199019024,2055,3.152330519,0,0.000000000,1054,105,10.500,46,0,0,0,0.000000
4,29.199194849,29.205194801,2054,3.150796538,0,0.000000000,0,104,10.400,49,0,0,0,0.000000
5,29.205375681,29.210988274,2054,3.150796538,0,0.000000000,1054,105,10.500,47,0,0,0,0.000000
6,29.211173156,29.216967516,2057,3.155398481,0,0.000000000,1068,103,10.300,47,0,0,14,0.014000
7,29.217147762,29.223087605,2038,3.126252846,0,0.000000000,0,104,10.400,47,0,0,0,0.000000
8,29.223268960,29.229611746,2024,3.104777115,0,0.000000000,37,105,10.500,47,0,0,40,0.040000
9,29.229828412,29.235193537,2045,3.136990711,0,0.000000000,0,105,10.500,48,0,0,33,0.033000
10,29.235385300,29.241065330,2055,3.152330519,0,0.000000000,1054,104,10.400,48,0,0,0,0.000000
11,29.241252573,29.247159956,2066,3.169204308,0,0.000000000,1068,106,10.600,48,0,0,39,0.039000
12,29.247346538,29.253095611,2055,3.152330519,0,0.000000000,1054,105,10.500,46,0,0,0,0.000000
4,29.253458695,29.259208904,2054,3.150796538,0,0.000000000,0,104,10.400,49,0,0,0,0.000000
5,29.259385251,29.265140437,2054,3.150796538,0,0.000000000,1054,105,10.500,47,0,0,0,0.000000
6,29.265318484,29.271340456,2057,3.155398481,0,0.000000000,1068,103,10.300,47,0,0,14,0.014000
7,29.271570023,29.277121900,2038,3.126252846,0,0.000000000,0,104,10.400,47,0,0,0,0.000000
8,29.277300152,29.283231346,2024,3.104777115,0,0.000000000,37,105,10.500,47,0,0,40,0.040000
9,29.283411886,29.289041919,2045,3.136990711,0,0.000000000,0,105,10.500,48,0,0,33,0.033000
10,29.289230956,29.294988012,2055,3.152330519,0,0.000000000,1054,104,10.400,48,0,0,0,0.000000
11,29.295169550,29.301125631,2066,3.169204308,0,0.000000000,1068,106,10.600,48,0,0,38,0.038000
12,29.301304771,29.307243134,2055,3.152330519,0,0.000000000,1054,105,10.500,46,0,0,0,0.000000
4,29.307440383,29.313133958,2054,3.150796538,0,0.000000000,0,104,10.400,49,0,0,0,0.000000
5,29.313308429,29.319016252,2054,3.150796538,0,0.000000000,1054,105,10.500,47,0,0,0,0.000000
6,29.319192057,29.324993314,2057,3.155398481,0,0.000000000,1068,103,10.300,47,0,0,14,0.014000
7,29.325173220,29.331315063,2038,3.126252846,0,0.000000000,0,104,10.400,47,0,0,0,0.000000
8,29.331505625,29.337140856,2024,3.104777115,0,0.000000000,37,105,10.500,47,0,0,40,0.040000
9,29.337335931,29.343201818,2045,3.136990711,0,0.000000000,0,105,10.500,48,0,0,33,0.033000
10,29.343398054,29.349121421,2055,3.152330519,0,0.000000000,1054,104,10.400,48,0,0,0,0.000000
11,29.349303756,29.355116271,2066,3.169204308,0,0.000000000,1068,106,10.600,48,0,0,39,0.039000
12,29.355353076,29.361124031,2055,3.152330519,0,0.000000000,1054,105,10.500,46,0,0,0,0.000000
4,29.361308010,29.367141613,2054,3.150796538,0,0.000000000,0,104,10.400,49,0,0,0,0.000000
5,29.367327781,29.373400832,2054,3.150796538,0,0.000000000,1054,105,10.500,47,0,0,0,0.000000
6,29.373593426,29.379064472,2057,3.155398481,0,0.000000000,1068,103,10.300,47,0,0,14,0.014000
7,29.379246331,29.384933201,2038,3.126252846,0,0.000000000,0,104,10.400,47,0,0,0,0.000000
8,29.385112671,29.391168052,2024,3.104777115,0,0.000000000,37,105,10.500,47,0,0,40,0.040000
9,29.391357138,29.397001661,2045,3.136990711,0,0.000000000,0,105,10.500,48,0,0,33,0.033000
10,29.397187732,29.402967940,2055,3.152330519,0,0.000000000,1054,104,10.400,48,0,0,0,0.000000
11,29.403150050,29.408981557,2066,3.169204308,0,0.000000000,1068,106,10.600,48,0,0,39,0.039000
12,29.409201784,29.414939522,2055,3.152330519,0,0.000000000,1054,105,10.500,46,0,0,0,0.000000
4,29.415122552,29.421090586,2054,3.150796538,0,0.000000000,0,104,10.400,49,0,0,0,0.000000
5,29.421264429,29.427035427,2054,3.150796538,0,0.000000000,1054,105,10.500,47,0,0,0,0.000000
6,29.427213363,29.433284622,2057,3.155398481,0,0.000000000,1068,103,10.300,47,0,0,14,0.014000
7,29.433468736,29.439009377,2038,3.126252846,0,0.000000000,0,104,10.400,47,0,0,0,0.000000
8,29.439214554,29.444992377,2024,3.104777115,0,0.000000000,37,105,10.500,47,0,0,40,0.040000
9,29.445189936,29.451104626,2045,3.136990711,0,0.000000000,0,105,10.500,48,0,0,33,0.033000
10,29.451292316,29.457319991,2055,3.152330519,0,0.000000000,1054,104,10.400,48,0,0,0,0.000000
11,29.457539113,29.464490184,2066,3.169204308,0,0.000000000,1068,106,10.600,48,0,0,39,0.039000
12,29.464980889,29.469048076,2055,3.152330519,0,0.000000000,1054,105,10.500,46,0,0,0,0.000000
4,29.469228875,29.475008968,2054,3.150796538,0,0.000000000,0,104,10.400,49,0,0,0,0.000000
5,29.475185098,29.481176156,2054,3.150796538,0,0.000000000,1054,105,10.500,47,0,0,0,0.000000
6,29.481362785,29.487046874,2057,3.155398481,0,0.000000000,1068,103,10.300,47,0,0,14,0.014000
7,29.487233775,29.493196058,2038,3.126252846,0,0.000000000,0,104,10.400,47,0,0,0,0.000000
8,29.493378925,29.499082943,2024,3.104777115,0,0.000000000,37,105,10.500,47,0,0,40,0.040000
9,29.499262674,29.505011655,2045,3.136990711,0,0.000000000,0,105,10.500,48,0,0,33,0.033000
10,29.505208610,29.510982843,2055,3.152330519,0,0.000000000,1054,104,10.400,48,0,0,0,0.000000
11,29.511167605,29.517031925,2066,3.169204308,0,0.000000000,1068,106,10.600,48,0,0,39,0.039000
12,29.517220875,29.522987673,2055,3.152330519,0,0.000000000,1054,105,10.500,46,0,0,0,0.000000
4,29.523173985,29.529251632,2054,3.150796538,0,0.000000000,0,104,10.400,49,0,0,0,0.000000
5,29.529446600,29.534913158,2054,3.150796538,0,0.000000000,1054,105,10.500,47,0,0,0,0.000000
6,29.535097478,29.541411046,2057,3.155398481,0,0.000000000,1068,103,10.300,47,0,0,13,0.013000
7,29.541596773,29.547052302,2038,3.126252846,0,0.000000000,0,105,10.500,47,0,0,0,0.000000
8,29.547232255,29.553143739,2024,3.104777115,0,0.000000000,37,105,10.500,47,0,0,40,0.040000
9,29.553322650,29.559226737,2045,3.136990711,0,0.000000000,0,105,10.500,48,0,0,33,0.033000
10,29.559410708,29.564987480,2055,3.152330519,0,0.000000000,1054,104,10.400,48,0,0,0,0.000000
11,29.565164496,29.571320056,2066,3.169204308,0,0.000000000,1068,106,10.600,48,0,0,40,0.040000
12,29.571536105,29.577160439,2055,3.152330519,0,0.000000000,1054,105,10.500,46,0,0,0,0.000000
4,29.577336544,29.582946535,2054,3.150796538,0,0.000000000,0,104,10.400,49,0,0,0,0.000000
5,29.583122255,29.589269775,2054,3.150796538,0,0.000000000,1054,105,10.500,47,0,0,0,0.000000
6,29.589449998,29.594995795,2057,3.155398481,0,0.000000000,1068,103,10.300,47,0,0,14,0.014000
7,29.595173640,29.601071561,2038,3.126252846,0,0.000000000,0,104,10.400,47,0,0,0,0.000000
8,29.601247377,29.607038339,2024,3.104777115,0,0.000000000,37,105,10.500,47,0,0,40,0.040000
9,29.607256355,29.613110495,2045,3.136990711,0,0.000000000,0,105,10.500,48,0,0,34,0.034000
10,29.613295445,29.619001738,2055,3.152330519,0,0.000000000,1054,104,10.400,48,0,0,0,0.000000
11,29.619181451,29.625006018,2066,3.169204308,0,0.000000000,1068,106,10.600,48,0,0,39,0.039000
12,29.625201105,29.631090688,2055,3.152330519,0,0.000000000,1054,105,10.500,46,0,0,0,0.000000
4,29.631277600,29.637036535,2054,3.150796538,0,0.000000000,0,104,10.400,49,0,0,0,0.000000
5,29.637238568,29.643086401,2054,3.150796538,0,0.000000000,1054,105,10.500,47,0,0,0,0.000000
6,29.643267585,29.649166699,2057,3.155398481,0,0.000000000,1068,103,10.300,47,0,0,14,0.014000
7,29.649353669,29.655098032,2038,3.126252846,0,0.000000000,0,104,10.400,47,0,0,0,0.000000
8,29.655290064,29.661048113,2024,3.104777115,0,0.000000000,37,105,10.500,47,0,0,41,0.041000
9,29.661227577,29.667141925,2045,3.136990711,0,0.000000000,0,105,10.500,48,0,0,33,0.033000
10,29.667317549,29.673045482,2055,3.152330519,0,0.000000000,1054,104,10.400,48,0,0,0,0.000000
11,29.673215646,29.678967380,2066,3.169204308,0,0.000000000,1068,106,10.600,48,0,0,39,0.039000
12,29.679150124,29.685122897,2055,3.152330519,0,0.000000000,1054,105,10.500,46,0,0,0,0.000000
4,29.685296447,29.690997325,2054,3.150796538,0,0.000000000,0,104,10.400,49,0,0,0,0.000000
5,29.691172541,29.696989181,2054,3.150796538,0,0.000000000,1054,105,10.500,47,0,0,0,0.000000
6,29.697232960,29.703089567,2057,3.155398481,0,0.000000000,1068,103,10.300,47,0,0,13,0.013000
7,29.703270279,29.709044155,2038,3.126252846,0,0.000000000,0,104,10.400,47,0,0,0,0.000000
8,29.709222213,29.715271009,2024,3.104777115,0,0.000000000,37,105,10.500,47,0,0,40,0.040000
9,29.715474219,29.720958954,2045,3.136990711,0,0.000000000,0,105,10.500,48,0,0,33,0.033000
10,29.721142511,29.727151463,2055,3.152330519,0,0.000000000,1054,104,10.400,48,0,0,0,0.000000
11,29.727330615,29.733088843,2066,3.169204308,0,0.000000000,1068,106,10.600,48,0,0,39,0.039000
12,29.733268477,29.739170338,2055,3.152330519,0,0.000000000,1054,105,10.500,46,0,0,0,0.000000
4,29.739353120,29.745106567,2054,3.150796538,0,0.000000000,0,104,10.400,49,0,0,0,0.000000
5,29.745279462,29.750946552,2054,3.150796538,0,0.000000000,1054,105,10.500,47,0,0,0,0.000000
6,29.751120507,29.757001102,2057,3.155398481,0,0.000000000,1068,103,10.300,48,0,0,14,0.014000
7,29.757178294,29.762860081,2038,3.126252846,0,0.000000000,0,104,10.400,47,0,0,0,0.000000
8,29.763032718,29.769106263,2024,3.104777115,0,0.000000000,37,105,10.500,47,0,0,40,0.040000
9,29.769280812,29.775074936,2045,3.136990711,0,0.000000000,0,105,10.500,48,0,0,34,0.034000
10,29.775248280,29.781096956,2055,3.152330519,0,0.000000000,1054,104,10.400,48,0,0,0,0.000000
11,29.781286055,29.786928619,2066,3.169204308,0,0.000000000,1068,106,10.600,48,0,0,39,0.039000
12,29.787107515,29.793009065,2055,3.152330519,0,0.000000000,1054,105,10.500,46,0,0,0,0.000000
4,29.793201685,29.798909151,2054,3.150796538,0,0.000000000,0,104,10.400,49,0,0,0,0.000000
5,29.799083759,29.804919368,2054,3.150796538,0,0.000000000,1054,105,10.500,47,0,0,0,0.000000
6,29.805095036,29.811013921,2057,3.155398481,0,0.000000000,1068,103,10.300,47,0,0,13,0.013000
7,29.811197943,29.817249508,2038,3.126252846,0,0.000000000,0,104,10.400,47,0,0,0,0.000000
8,29.817454855,29.823174073,2024,3.104777115,0,0.000000000,37,105,10.500,47,0,0,40,0.040000
9,29.823413067,29.829526776,2045,3.136990711,0,0.000000000,0,105,10.500,48,0,0,33,0.033000
10,29.829733715,29.835244225,2055,3.152330519,0,0.000000000,1054,104,10.400,48,0,0,0,0.000000
11,29.835445031,29.840935874,2066,3.169204308,0,0.000000000,1068,106,10.600,48,0,0,39,0.039000
12,29.841119158,29.846924385,2055,3.152330519,0,0.000000000,1054,105,10.500,46,0,0,0,0.000000
4,29.847100110,29.853072702,2054,3.150796538,0,0.000000000,0,104,10.400,49,0,0,0,0.000000
5,29.853246479,29.858909870,2054,3.150796538,0,0.000000000,1054,105,10.500,47,0,0,0,0.000000
6,29.859079455,29.864820176,2057,3.155398481,0,0.000000000,1068,103,10.300,48,0,0,13,0.013000
7,29.864985737,29.870766144,2038,3.126252846,0,0.000000000,0,104,10.400,47,0,0,0,0.000000
8,29.870910343,29.877212937,2024,3.104777115,0,0.000000000,37,105,10.500,47,0,0,40,0.040000
9,29.877392053,29.883350691,2045,3.136990711,0,0.000000000,0,105,10.500,48,0,0,33,0.033000
10,29.883545389,29.888929657,2055,3.152330519,0,0.000000000,1054,104,10.400,48,0,0,0,0.000000
11,29.889112836,29.895181581,2066,3.169204308,0,0.000000000,1068,106,10.600,48,0,0,39,0.039000
12,29.895369322,29.901111520,2055,3.152330519,0,0.000000000,1054,105,10.500,46,0,0,0,0.000000
4,29.901288624,29.907116998,2054,3.150796538,0,0.000000000,0,104,10.400,49,0,0,0,0.000000
5,29.907302708,29.913049654,2054,3.150796538,0,0.000000000,1054,105,10.500,47,0,0,0,0.000000
6,29.913232920,29.919044913,2057,3.155398481,0,0.000000000,1068,103,10.300,47,0,0,14,0.014000
7,29.919224408,29.925222112,2038,3.126252846,0,0.000000000,0,104,10.400,47,0,0,0,0.000000
8,29.925413850,29.931091767,2024,3.104777115,0,0.000000000,37,105,10.500,47,0,0,40,0.040000
9,29.931278070,29.937011495,2045,3.136990711,0,0.000000000,0,105,10.500,48,0,0,33,0.033000
10,29.937193120,29.943027904,2055,3.152330519,0,0.000000000,1054,104,10.400,48,0,0,0,0.000000
11,29.943204397,29.949094279,2066,3.169204308,0,0.000000000,1068,106,10.600,48,0,0,38,0.038000
12,29.949286190,29.955090477,2055,3.152330519,0,0.000000000,1054,104,10.400,46,0,0,0,0.000000
4,29.955267721,29.960965053,2054,3.150796538,0,0.000000000,0,104,10.400,49,0,0,0,0.000000
5,29.961160917,29.966934327,2054,3.150796538,0,0.000000000,1054,105,10.500,47,0,0,0,0.000000
6,29.967110766,29.972966280,2057,3.155398481,0,0.000000000,1068,103,10.300,47,0,0,13,0.013000
7,29.973145754,29.979163925,2038,3.126252846,0,0.000000000,0,104,10.400,47,0,0,0,0.000000
8,29.979348183,29.984914909,2024,3.104777115,0,0.000000000,37,105,10.500,47,0,0,41,0.041000
9,29.985096936,29.991125234,2045,3.136990711,0,0.000000000,0,105,10.500,48,0,0,33,0.033000
10,29.991328436,29.997138650,2055,3.152330519,0,0.000000000,1054,104,10.400,48,0,0,0,0.000000
11,29.997311927,30.002980390,2066,3.169204308,0,0.000000000,1068,106,10.600,48,0,0,39,0.039000
