# robocad OBJ
mtllib axial_resistor.mtl
o body
usemtl PLA_d6bc8e
v -0.00270 0.00320 -0.00000
v 0.00270 0.00320 -0.00000
v 0.00270 0.00318 0.00021
v 0.00270 0.00313 0.00041
v 0.00270 0.00304 0.00060
v 0.00270 0.00292 0.00077
v 0.00270 0.00277 0.00092
v 0.00270 0.00260 0.00104
v 0.00270 0.00241 0.00113
v 0.00270 0.00221 0.00118
v 0.00270 0.00200 0.00120
v 0.00270 0.00179 0.00118
v 0.00270 0.00159 0.00113
v 0.00270 0.00140 0.00104
v 0.00270 0.00123 0.00092
v 0.00270 0.00108 0.00077
v 0.00270 0.00096 0.00060
v 0.00270 0.00087 0.00041
v 0.00270 0.00082 0.00021
v 0.00270 0.00080 0.00000
v 0.00270 0.00082 -0.00021
v 0.00270 0.00087 -0.00041
v 0.00270 0.00096 -0.00060
v 0.00270 0.00108 -0.00077
v 0.00270 0.00123 -0.00092
v 0.00270 0.00140 -0.00104
v 0.00270 0.00159 -0.00113
v 0.00270 0.00179 -0.00118
v 0.00270 0.00200 -0.00120
v 0.00270 0.00221 -0.00118
v 0.00270 0.00241 -0.00113
v 0.00270 0.00260 -0.00104
v 0.00270 0.00277 -0.00092
v 0.00270 0.00292 -0.00077
v 0.00270 0.00304 -0.00060
v 0.00270 0.00313 -0.00041
v 0.00270 0.00318 -0.00021
v -0.00270 0.00318 0.00021
v -0.00270 0.00313 0.00041
v -0.00270 0.00304 0.00060
v -0.00270 0.00292 0.00077
v -0.00270 0.00277 0.00092
v -0.00270 0.00260 0.00104
v -0.00270 0.00241 0.00113
v -0.00270 0.00221 0.00118
v -0.00270 0.00200 0.00120
v -0.00270 0.00179 0.00118
v -0.00270 0.00159 0.00113
v -0.00270 0.00140 0.00104
v -0.00270 0.00123 0.00092
v -0.00270 0.00108 0.00077
v -0.00270 0.00096 0.00060
v -0.00270 0.00087 0.00041
v -0.00270 0.00082 0.00021
v -0.00270 0.00080 0.00000
v -0.00270 0.00082 -0.00021
v -0.00270 0.00087 -0.00041
v -0.00270 0.00096 -0.00060
v -0.00270 0.00108 -0.00077
v -0.00270 0.00123 -0.00092
v -0.00270 0.00140 -0.00104
v -0.00270 0.00159 -0.00113
v -0.00270 0.00179 -0.00118
v -0.00270 0.00200 -0.00120
v -0.00270 0.00221 -0.00118
v -0.00270 0.00241 -0.00113
v -0.00270 0.00260 -0.00104
v -0.00270 0.00277 -0.00092
v -0.00270 0.00292 -0.00077
v -0.00270 0.00304 -0.00060
v -0.00270 0.00313 -0.00041
v -0.00270 0.00318 -0.00021
v -0.00279 0.00319 -0.00000
v -0.00287 0.00317 -0.00000
v -0.00295 0.00313 -0.00000
v -0.00302 0.00308 -0.00000
v -0.00308 0.00302 -0.00000
v -0.00313 0.00295 -0.00000
v -0.00317 0.00287 -0.00000
v -0.00319 0.00279 -0.00000
v -0.00320 0.00270 -0.00000
v -0.00320 0.00269 0.00012
v -0.00320 0.00266 0.00024
v -0.00320 0.00261 0.00035
v -0.00320 0.00254 0.00045
v -0.00320 0.00245 0.00054
v -0.00320 0.00235 0.00061
v -0.00320 0.00224 0.00066
v -0.00320 0.00212 0.00069
v -0.00320 0.00200 0.00070
v -0.00320 0.00188 0.00069
v -0.00320 0.00176 0.00066
v -0.00320 0.00165 0.00061
v -0.00320 0.00155 0.00054
v -0.00320 0.00146 0.00045
v -0.00320 0.00139 0.00035
v -0.00320 0.00134 0.00024
v -0.00320 0.00131 0.00012
v -0.00320 0.00130 0.00000
v -0.00320 0.00131 -0.00012
v -0.00320 0.00134 -0.00024
v -0.00320 0.00139 -0.00035
v -0.00320 0.00146 -0.00045
v -0.00320 0.00155 -0.00054
v -0.00320 0.00165 -0.00061
v -0.00320 0.00176 -0.00066
v -0.00320 0.00188 -0.00069
v -0.00320 0.00200 -0.00070
v -0.00320 0.00212 -0.00069
v -0.00320 0.00224 -0.00066
v -0.00320 0.00235 -0.00061
v -0.00320 0.00245 -0.00054
v -0.00320 0.00254 -0.00045
v -0.00320 0.00261 -0.00035
v -0.00320 0.00266 -0.00024
v -0.00320 0.00269 -0.00012
v -0.00279 0.00317 0.00021
v -0.00287 0.00315 0.00020
v -0.00279 0.00312 0.00041
v -0.00295 0.00312 0.00020
v -0.00287 0.00310 0.00040
v -0.00302 0.00307 0.00019
v -0.00279 0.00303 0.00060
v -0.00295 0.00306 0.00039
v -0.00308 0.00301 0.00018
v -0.00287 0.00301 0.00058
v -0.00302 0.00302 0.00037
v -0.00313 0.00294 0.00016
v -0.00279 0.00291 0.00077
v -0.00295 0.00298 0.00057
v -0.00308 0.00296 0.00035
v -0.00317 0.00286 0.00015
v -0.00287 0.00290 0.00075
v -0.00302 0.00294 0.00054
v -0.00313 0.00289 0.00032
v -0.00319 0.00277 0.00014
v -0.00279 0.00277 0.00091
v -0.00295 0.00287 0.00073
v -0.00308 0.00288 0.00051
v -0.00317 0.00282 0.00030
v -0.00287 0.00275 0.00090
v -0.00302 0.00283 0.00070
v -0.00313 0.00282 0.00047
v -0.00319 0.00274 0.00027
v -0.00279 0.00260 0.00103
v -0.00295 0.00273 0.00087
v -0.00308 0.00278 0.00066
v -0.00317 0.00275 0.00044
v -0.00287 0.00258 0.00101
v -0.00302 0.00270 0.00083
v -0.00313 0.00273 0.00061
v -0.00319 0.00268 0.00039
v -0.00279 0.00241 0.00112
v -0.00295 0.00257 0.00098
v -0.00308 0.00266 0.00078
v -0.00317 0.00267 0.00056
v -0.00287 0.00240 0.00110
v -0.00302 0.00254 0.00094
v -0.00313 0.00261 0.00073
v -0.00319 0.00260 0.00051
v -0.00279 0.00221 0.00117
v -0.00295 0.00239 0.00106
v -0.00308 0.00251 0.00088
v -0.00317 0.00256 0.00067
v -0.00287 0.00220 0.00115
v -0.00302 0.00237 0.00102
v -0.00313 0.00248 0.00082
v -0.00319 0.00251 0.00060
v -0.00279 0.00200 0.00119
v -0.00295 0.00220 0.00112
v -0.00308 0.00235 0.00096
v -0.00317 0.00244 0.00075
v -0.00287 0.00200 0.00117
v -0.00302 0.00219 0.00107
v -0.00313 0.00232 0.00089
v -0.00319 0.00239 0.00068
v -0.00279 0.00179 0.00117
v -0.00295 0.00200 0.00113
v -0.00308 0.00218 0.00101
v -0.00317 0.00230 0.00082
v -0.00287 0.00180 0.00115
v -0.00302 0.00200 0.00108
v -0.00313 0.00216 0.00094
v -0.00319 0.00227 0.00074
v -0.00279 0.00159 0.00112
v -0.00295 0.00180 0.00112
v -0.00308 0.00200 0.00102
v -0.00317 0.00215 0.00086
v -0.00287 0.00160 0.00110
v -0.00302 0.00181 0.00107
v -0.00313 0.00200 0.00095
v -0.00319 0.00214 0.00077
v -0.00279 0.00140 0.00103
v -0.00295 0.00161 0.00106
v -0.00308 0.00182 0.00101
v -0.00317 0.00200 0.00087
v -0.00287 0.00142 0.00101
v -0.00302 0.00163 0.00102
v -0.00313 0.00184 0.00094
v -0.00319 0.00200 0.00079
v -0.00279 0.00123 0.00091
v -0.00295 0.00143 0.00098
v -0.00308 0.00165 0.00096
v -0.00317 0.00185 0.00086
v -0.00287 0.00125 0.00090
v -0.00302 0.00146 0.00094
v -0.00313 0.00168 0.00089
v -0.00319 0.00186 0.00077
v -0.00279 0.00109 0.00077
v -0.00295 0.00127 0.00087
v -0.00308 0.00149 0.00088
v -0.00317 0.00170 0.00082
v -0.00287 0.00110 0.00075
v -0.00302 0.00130 0.00083
v -0.00313 0.00153 0.00082
v -0.00319 0.00173 0.00074
v -0.00279 0.00097 0.00060
v -0.00295 0.00113 0.00073
v -0.00308 0.00134 0.00078
v -0.00317 0.00156 0.00075
v -0.00287 0.00099 0.00058
v -0.00302 0.00117 0.00070
v -0.00313 0.00139 0.00073
v -0.00319 0.00161 0.00068
v -0.00279 0.00088 0.00041
v -0.00295 0.00102 0.00057
v -0.00308 0.00122 0.00066
v -0.00317 0.00144 0.00067
v -0.00287 0.00090 0.00040
v -0.00302 0.00106 0.00054
v -0.00313 0.00127 0.00061
v -0.00319 0.00149 0.00060
v -0.00279 0.00083 0.00021
v -0.00295 0.00094 0.00039
v -0.00308 0.00112 0.00051
v -0.00317 0.00133 0.00056
v -0.00287 0.00085 0.00020
v -0.00302 0.00098 0.00037
v -0.00313 0.00118 0.00048
v -0.00319 0.00140 0.00051
v -0.00279 0.00081 -0.00000
v -0.00295 0.00088 0.00020
v -0.00308 0.00104 0.00035
v -0.00317 0.00125 0.00044
v -0.00287 0.00083 -0.00000
v -0.00302 0.00093 0.00019
v -0.00313 0.00111 0.00032
v -0.00319 0.00132 0.00039
v -0.00279 0.00083 -0.00021
v -0.00295 0.00087 -0.00000
v -0.00308 0.00099 0.00018
v -0.00317 0.00118 0.00030
v -0.00287 0.00085 -0.00020
v -0.00302 0.00092 -0.00000
v -0.00313 0.00106 0.00016
v -0.00319 0.00126 0.00027
v -0.00279 0.00088 -0.00041
v -0.00295 0.00088 -0.00020
v -0.00308 0.00098 -0.00000
v -0.00317 0.00114 0.00015
v -0.00287 0.00090 -0.00040
v -0.00302 0.00093 -0.00019
v -0.00313 0.00105 -0.00000
v -0.00319 0.00123 0.00014
v -0.00279 0.00097 -0.00060
v -0.00295 0.00094 -0.00039
v -0.00308 0.00099 -0.00018
v -0.00317 0.00113 -0.00000
v -0.00287 0.00099 -0.00058
v -0.00302 0.00098 -0.00037
v -0.00313 0.00106 -0.00016
v -0.00319 0.00121 -0.00000
v -0.00279 0.00109 -0.00077
v -0.00295 0.00102 -0.00057
v -0.00308 0.00104 -0.00035
v -0.00317 0.00114 -0.00015
v -0.00287 0.00110 -0.00075
v -0.00302 0.00106 -0.00054
v -0.00313 0.00111 -0.00032
v -0.00319 0.00123 -0.00014
v -0.00279 0.00123 -0.00091
v -0.00295 0.00113 -0.00073
v -0.00308 0.00112 -0.00051
v -0.00317 0.00118 -0.00030
v -0.00287 0.00125 -0.00090
v -0.00302 0.00117 -0.00070
v -0.00313 0.00118 -0.00047
v -0.00319 0.00126 -0.00027
v -0.00279 0.00140 -0.00103
v -0.00295 0.00127 -0.00087
v -0.00308 0.00122 -0.00066
v -0.00317 0.00125 -0.00044
v -0.00287 0.00142 -0.00101
v -0.00302 0.00130 -0.00083
v -0.00313 0.00127 -0.00061
v -0.00319 0.00132 -0.00039
v -0.00279 0.00159 -0.00112
v -0.00295 0.00143 -0.00098
v -0.00308 0.00134 -0.00078
v -0.00317 0.00133 -0.00056
v -0.00287 0.00160 -0.00110
v -0.00302 0.00146 -0.00094
v -0.00313 0.00139 -0.00073
v -0.00319 0.00140 -0.00051
v -0.00279 0.00179 -0.00117
v -0.00295 0.00161 -0.00106
v -0.00308 0.00149 -0.00088
v -0.00317 0.00144 -0.00067
v -0.00287 0.00180 -0.00115
v -0.00302 0.00163 -0.00102
v -0.00313 0.00152 -0.00082
v -0.00319 0.00149 -0.00060
v -0.00279 0.00200 -0.00119
v -0.00295 0.00180 -0.00112
v -0.00308 0.00165 -0.00096
v -0.00317 0.00156 -0.00075
v -0.00287 0.00200 -0.00117
v -0.00302 0.00181 -0.00107
v -0.00313 0.00168 -0.00089
v -0.00319 0.00161 -0.00068
v -0.00279 0.00221 -0.00117
v -0.00295 0.00200 -0.00113
v -0.00308 0.00182 -0.00101
v -0.00317 0.00170 -0.00082
v -0.00287 0.00220 -0.00115
v -0.00302 0.00200 -0.00108
v -0.00313 0.00184 -0.00094
v -0.00319 0.00173 -0.00074
v -0.00279 0.00241 -0.00112
v -0.00295 0.00220 -0.00112
v -0.00308 0.00200 -0.00102
v -0.00317 0.00185 -0.00086
v -0.00287 0.00240 -0.00110
v -0.00302 0.00219 -0.00107
v -0.00313 0.00200 -0.00095
v -0.00319 0.00186 -0.00077
v -0.00279 0.00260 -0.00103
v -0.00295 0.00239 -0.00106
v -0.00308 0.00218 -0.00101
v -0.00317 0.00200 -0.00087
v -0.00287 0.00258 -0.00101
v -0.00302 0.00237 -0.00102
v -0.00313 0.00216 -0.00094
v -0.00319 0.00200 -0.00079
v -0.00279 0.00277 -0.00091
v -0.00295 0.00257 -0.00098
v -0.00308 0.00235 -0.00096
v -0.00317 0.00215 -0.00086
v -0.00287 0.00275 -0.00090
v -0.00302 0.00254 -0.00094
v -0.00313 0.00232 -0.00089
v -0.00319 0.00214 -0.00077
v -0.00279 0.00291 -0.00077
v -0.00295 0.00273 -0.00087
v -0.00308 0.00251 -0.00088
v -0.00317 0.00230 -0.00082
v -0.00287 0.00290 -0.00075
v -0.00302 0.00270 -0.00083
v -0.00313 0.00247 -0.00082
v -0.00319 0.00227 -0.00074
v -0.00279 0.00303 -0.00060
v -0.00295 0.00287 -0.00073
v -0.00308 0.00266 -0.00078
v -0.00317 0.00244 -0.00075
v -0.00287 0.00301 -0.00058
v -0.00302 0.00283 -0.00070
v -0.00313 0.00261 -0.00073
v -0.00319 0.00239 -0.00068
v -0.00279 0.00312 -0.00041
v -0.00295 0.00298 -0.00057
v -0.00308 0.00278 -0.00066
v -0.00317 0.00256 -0.00067
v -0.00287 0.00310 -0.00040
v -0.00302 0.00294 -0.00054
v -0.00313 0.00273 -0.00061
v -0.00319 0.00251 -0.00060
v -0.00279 0.00317 -0.00021
v -0.00295 0.00306 -0.00039
v -0.00308 0.00288 -0.00051
v -0.00317 0.00267 -0.00056
v -0.00287 0.00315 -0.00020
v -0.00302 0.00302 -0.00037
v -0.00313 0.00282 -0.00048
v -0.00319 0.00260 -0.00051
v -0.00295 0.00312 -0.00020
v -0.00308 0.00296 -0.00035
v -0.00317 0.00275 -0.00044
v -0.00302 0.00307 -0.00019
v -0.00313 0.00289 -0.00032
v -0.00319 0.00268 -0.00039
v -0.00308 0.00301 -0.00018
v -0.00317 0.00282 -0.00030
v -0.00313 0.00294 -0.00016
v -0.00319 0.00274 -0.00027
v -0.00317 0.00286 -0.00015
v -0.00319 0.00277 -0.00014
v 0.00279 0.00319 -0.00000
v 0.00287 0.00317 -0.00000
v 0.00295 0.00313 -0.00000
v 0.00302 0.00308 -0.00000
v 0.00308 0.00302 -0.00000
v 0.00313 0.00295 -0.00000
v 0.00317 0.00287 -0.00000
v 0.00319 0.00279 -0.00000
v 0.00320 0.00270 -0.00000
v 0.00320 0.00269 0.00012
v 0.00320 0.00266 0.00024
v 0.00320 0.00261 0.00035
v 0.00320 0.00254 0.00045
v 0.00320 0.00245 0.00054
v 0.00320 0.00235 0.00061
v 0.00320 0.00224 0.00066
v 0.00320 0.00212 0.00069
v 0.00320 0.00200 0.00070
v 0.00320 0.00188 0.00069
v 0.00320 0.00176 0.00066
v 0.00320 0.00165 0.00061
v 0.00320 0.00155 0.00054
v 0.00320 0.00146 0.00045
v 0.00320 0.00139 0.00035
v 0.00320 0.00134 0.00024
v 0.00320 0.00131 0.00012
v 0.00320 0.00130 0.00000
v 0.00320 0.00131 -0.00012
v 0.00320 0.00134 -0.00024
v 0.00320 0.00139 -0.00035
v 0.00320 0.00146 -0.00045
v 0.00320 0.00155 -0.00054
v 0.00320 0.00165 -0.00061
v 0.00320 0.00176 -0.00066
v 0.00320 0.00188 -0.00069
v 0.00320 0.00200 -0.00070
v 0.00320 0.00212 -0.00069
v 0.00320 0.00224 -0.00066
v 0.00320 0.00235 -0.00061
v 0.00320 0.00245 -0.00054
v 0.00320 0.00254 -0.00045
v 0.00320 0.00261 -0.00035
v 0.00320 0.00266 -0.00024
v 0.00320 0.00269 -0.00012
v 0.00279 0.00317 0.00021
v 0.00287 0.00315 0.00020
v 0.00279 0.00312 0.00041
v 0.00295 0.00312 0.00020
v 0.00287 0.00310 0.00040
v 0.00302 0.00307 0.00019
v 0.00279 0.00303 0.00060
v 0.00295 0.00306 0.00039
v 0.00308 0.00301 0.00018
v 0.00287 0.00301 0.00058
v 0.00302 0.00302 0.00037
v 0.00313 0.00294 0.00016
v 0.00279 0.00291 0.00077
v 0.00295 0.00298 0.00057
v 0.00308 0.00296 0.00035
v 0.00317 0.00286 0.00015
v 0.00287 0.00290 0.00075
v 0.00302 0.00294 0.00054
v 0.00313 0.00289 0.00032
v 0.00319 0.00277 0.00014
v 0.00279 0.00277 0.00091
v 0.00295 0.00287 0.00073
v 0.00308 0.00288 0.00051
v 0.00317 0.00282 0.00030
v 0.00287 0.00275 0.00090
v 0.00302 0.00283 0.00070
v 0.00313 0.00282 0.00047
v 0.00319 0.00274 0.00027
v 0.00279 0.00260 0.00103
v 0.00295 0.00273 0.00087
v 0.00308 0.00278 0.00066
v 0.00317 0.00275 0.00044
v 0.00287 0.00258 0.00101
v 0.00302 0.00270 0.00083
v 0.00313 0.00273 0.00061
v 0.00319 0.00268 0.00039
v 0.00279 0.00241 0.00112
v 0.00295 0.00257 0.00098
v 0.00308 0.00266 0.00078
v 0.00317 0.00267 0.00056
v 0.00287 0.00240 0.00110
v 0.00302 0.00254 0.00094
v 0.00313 0.00261 0.00073
v 0.00319 0.00260 0.00051
v 0.00279 0.00221 0.00117
v 0.00295 0.00239 0.00106
v 0.00308 0.00251 0.00088
v 0.00317 0.00256 0.00067
v 0.00287 0.00220 0.00115
v 0.00302 0.00237 0.00102
v 0.00313 0.00248 0.00082
v 0.00319 0.00251 0.00060
v 0.00279 0.00200 0.00119
v 0.00295 0.00220 0.00112
v 0.00308 0.00235 0.00096
v 0.00317 0.00244 0.00075
v 0.00287 0.00200 0.00117
v 0.00302 0.00219 0.00107
v 0.00313 0.00232 0.00089
v 0.00319 0.00239 0.00068
v 0.00279 0.00179 0.00117
v 0.00295 0.00200 0.00113
v 0.00308 0.00218 0.00101
v 0.00317 0.00230 0.00082
v 0.00287 0.00180 0.00115
v 0.00302 0.00200 0.00108
v 0.00313 0.00216 0.00094
v 0.00319 0.00227 0.00074
v 0.00279 0.00159 0.00112
v 0.00295 0.00180 0.00112
v 0.00308 0.00200 0.00102
v 0.00317 0.00215 0.00086
v 0.00287 0.00160 0.00110
v 0.00302 0.00181 0.00107
v 0.00313 0.00200 0.00095
v 0.00319 0.00214 0.00077
v 0.00279 0.00140 0.00103
v 0.00295 0.00161 0.00106
v 0.00308 0.00182 0.00101
v 0.00317 0.00200 0.00087
v 0.00287 0.00142 0.00101
v 0.00302 0.00163 0.00102
v 0.00313 0.00184 0.00094
v 0.00319 0.00200 0.00079
v 0.00279 0.00123 0.00091
v 0.00295 0.00143 0.00098
v 0.00308 0.00165 0.00096
v 0.00317 0.00185 0.00086
v 0.00287 0.00125 0.00090
v 0.00302 0.00146 0.00094
v 0.00313 0.00168 0.00089
v 0.00319 0.00186 0.00077
v 0.00279 0.00109 0.00077
v 0.00295 0.00127 0.00087
v 0.00308 0.00149 0.00088
v 0.00317 0.00170 0.00082
v 0.00287 0.00110 0.00075
v 0.00302 0.00130 0.00083
v 0.00313 0.00153 0.00082
v 0.00319 0.00173 0.00074
v 0.00279 0.00097 0.00060
v 0.00295 0.00113 0.00073
v 0.00308 0.00134 0.00078
v 0.00317 0.00156 0.00075
v 0.00287 0.00099 0.00058
v 0.00302 0.00117 0.00070
v 0.00313 0.00139 0.00073
v 0.00319 0.00161 0.00068
v 0.00279 0.00088 0.00041
v 0.00295 0.00102 0.00057
v 0.00308 0.00122 0.00066
v 0.00317 0.00144 0.00067
v 0.00287 0.00090 0.00040
v 0.00302 0.00106 0.00054
v 0.00313 0.00127 0.00061
v 0.00319 0.00149 0.00060
v 0.00279 0.00083 0.00021
v 0.00295 0.00094 0.00039
v 0.00308 0.00112 0.00051
v 0.00317 0.00133 0.00056
v 0.00287 0.00085 0.00020
v 0.00302 0.00098 0.00037
v 0.00313 0.00118 0.00048
v 0.00319 0.00140 0.00051
v 0.00279 0.00081 -0.00000
v 0.00295 0.00088 0.00020
v 0.00308 0.00104 0.00035
v 0.00317 0.00125 0.00044
v 0.00287 0.00083 -0.00000
v 0.00302 0.00093 0.00019
v 0.00313 0.00111 0.00032
v 0.00319 0.00132 0.00039
v 0.00279 0.00083 -0.00021
v 0.00295 0.00087 -0.00000
v 0.00308 0.00099 0.00018
v 0.00317 0.00118 0.00030
v 0.00287 0.00085 -0.00020
v 0.00302 0.00092 -0.00000
v 0.00313 0.00106 0.00016
v 0.00319 0.00126 0.00027
v 0.00279 0.00088 -0.00041
v 0.00295 0.00088 -0.00020
v 0.00308 0.00098 -0.00000
v 0.00317 0.00114 0.00015
v 0.00287 0.00090 -0.00040
v 0.00302 0.00093 -0.00019
v 0.00313 0.00105 -0.00000
v 0.00319 0.00123 0.00014
v 0.00279 0.00097 -0.00060
v 0.00295 0.00094 -0.00039
v 0.00308 0.00099 -0.00018
v 0.00317 0.00113 -0.00000
v 0.00287 0.00099 -0.00058
v 0.00302 0.00098 -0.00037
v 0.00313 0.00106 -0.00016
v 0.00319 0.00121 -0.00000
v 0.00279 0.00109 -0.00077
v 0.00295 0.00102 -0.00057
v 0.00308 0.00104 -0.00035
v 0.00317 0.00114 -0.00015
v 0.00287 0.00110 -0.00075
v 0.00302 0.00106 -0.00054
v 0.00313 0.00111 -0.00032
v 0.00319 0.00123 -0.00014
v 0.00279 0.00123 -0.00091
v 0.00295 0.00113 -0.00073
v 0.00308 0.00112 -0.00051
v 0.00317 0.00118 -0.00030
v 0.00287 0.00125 -0.00090
v 0.00302 0.00117 -0.00070
v 0.00313 0.00118 -0.00047
v 0.00319 0.00126 -0.00027
v 0.00279 0.00140 -0.00103
v 0.00295 0.00127 -0.00087
v 0.00308 0.00122 -0.00066
v 0.00317 0.00125 -0.00044
v 0.00287 0.00142 -0.00101
v 0.00302 0.00130 -0.00083
v 0.00313 0.00127 -0.00061
v 0.00319 0.00132 -0.00039
v 0.00279 0.00159 -0.00112
v 0.00295 0.00143 -0.00098
v 0.00308 0.00134 -0.00078
v 0.00317 0.00133 -0.00056
v 0.00287 0.00160 -0.00110
v 0.00302 0.00146 -0.00094
v 0.00313 0.00139 -0.00073
v 0.00319 0.00140 -0.00051
v 0.00279 0.00179 -0.00117
v 0.00295 0.00161 -0.00106
v 0.00308 0.00149 -0.00088
v 0.00317 0.00144 -0.00067
v 0.00287 0.00180 -0.00115
v 0.00302 0.00163 -0.00102
v 0.00313 0.00152 -0.00082
v 0.00319 0.00149 -0.00060
v 0.00279 0.00200 -0.00119
v 0.00295 0.00180 -0.00112
v 0.00308 0.00165 -0.00096
v 0.00317 0.00156 -0.00075
v 0.00287 0.00200 -0.00117
v 0.00302 0.00181 -0.00107
v 0.00313 0.00168 -0.00089
v 0.00319 0.00161 -0.00068
v 0.00279 0.00221 -0.00117
v 0.00295 0.00200 -0.00113
v 0.00308 0.00182 -0.00101
v 0.00317 0.00170 -0.00082
v 0.00287 0.00220 -0.00115
v 0.00302 0.00200 -0.00108
v 0.00313 0.00184 -0.00094
v 0.00319 0.00173 -0.00074
v 0.00279 0.00241 -0.00112
v 0.00295 0.00220 -0.00112
v 0.00308 0.00200 -0.00102
v 0.00317 0.00185 -0.00086
v 0.00287 0.00240 -0.00110
v 0.00302 0.00219 -0.00107
v 0.00313 0.00200 -0.00095
v 0.00319 0.00186 -0.00077
v 0.00279 0.00260 -0.00103
v 0.00295 0.00239 -0.00106
v 0.00308 0.00218 -0.00101
v 0.00317 0.00200 -0.00087
v 0.00287 0.00258 -0.00101
v 0.00302 0.00237 -0.00102
v 0.00313 0.00216 -0.00094
v 0.00319 0.00200 -0.00079
v 0.00279 0.00277 -0.00091
v 0.00295 0.00257 -0.00098
v 0.00308 0.00235 -0.00096
v 0.00317 0.00215 -0.00086
v 0.00287 0.00275 -0.00090
v 0.00302 0.00254 -0.00094
v 0.00313 0.00232 -0.00089
v 0.00319 0.00214 -0.00077
v 0.00279 0.00291 -0.00077
v 0.00295 0.00273 -0.00087
v 0.00308 0.00251 -0.00088
v 0.00317 0.00230 -0.00082
v 0.00287 0.00290 -0.00075
v 0.00302 0.00270 -0.00083
v 0.00313 0.00247 -0.00082
v 0.00319 0.00227 -0.00074
v 0.00279 0.00303 -0.00060
v 0.00295 0.00287 -0.00073
v 0.00308 0.00266 -0.00078
v 0.00317 0.00244 -0.00075
v 0.00287 0.00301 -0.00058
v 0.00302 0.00283 -0.00070
v 0.00313 0.00261 -0.00073
v 0.00319 0.00239 -0.00068
v 0.00279 0.00312 -0.00041
v 0.00295 0.00298 -0.00057
v 0.00308 0.00278 -0.00066
v 0.00317 0.00256 -0.00067
v 0.00287 0.00310 -0.00040
v 0.00302 0.00294 -0.00054
v 0.00313 0.00273 -0.00061
v 0.00319 0.00251 -0.00060
v 0.00279 0.00317 -0.00021
v 0.00295 0.00306 -0.00039
v 0.00308 0.00288 -0.00051
v 0.00317 0.00267 -0.00056
v 0.00287 0.00315 -0.00020
v 0.00302 0.00302 -0.00037
v 0.00313 0.00282 -0.00048
v 0.00319 0.00260 -0.00051
v 0.00295 0.00312 -0.00020
v 0.00308 0.00296 -0.00035
v 0.00317 0.00275 -0.00044
v 0.00302 0.00307 -0.00019
v 0.00313 0.00289 -0.00032
v 0.00319 0.00268 -0.00039
v 0.00308 0.00301 -0.00018
v 0.00317 0.00282 -0.00030
v 0.00313 0.00294 -0.00016
v 0.00319 0.00274 -0.00027
v 0.00317 0.00286 -0.00015
v 0.00319 0.00277 -0.00014
vn -0.0000 1.0000 -0.0000
vn -0.0000 1.0000 -0.0000
vn 0.0000 0.9848 0.1736
vn 0.0000 0.9397 0.3420
vn 0.0000 0.8660 0.5000
vn 0.0000 0.7660 0.6428
vn 0.0000 0.6428 0.7660
vn 0.0000 0.5000 0.8660
vn 0.0000 0.3420 0.9397
vn 0.0000 0.1736 0.9848
vn 0.0000 0.0000 1.0000
vn 0.0000 -0.1736 0.9848
vn 0.0000 -0.3420 0.9397
vn 0.0000 -0.5000 0.8660
vn 0.0000 -0.6428 0.7660
vn 0.0000 -0.7660 0.6428
vn 0.0000 -0.8660 0.5000
vn 0.0000 -0.9397 0.3420
vn 0.0000 -0.9848 0.1736
vn 0.0000 -1.0000 0.0000
vn 0.0000 -0.9848 -0.1736
vn 0.0000 -0.9397 -0.3420
vn 0.0000 -0.8660 -0.5000
vn 0.0000 -0.7660 -0.6428
vn 0.0000 -0.6428 -0.7660
vn 0.0000 -0.5000 -0.8660
vn 0.0000 -0.3420 -0.9397
vn 0.0000 -0.1736 -0.9848
vn 0.0000 -0.0000 -1.0000
vn -0.0000 0.1736 -0.9848
vn -0.0000 0.3420 -0.9397
vn -0.0000 0.5000 -0.8660
vn -0.0000 0.6428 -0.7660
vn -0.0000 0.7660 -0.6428
vn -0.0000 0.8660 -0.5000
vn -0.0000 0.9397 -0.3420
vn -0.0000 0.9848 -0.1736
vn 0.0000 0.9848 0.1736
vn 0.0000 0.9397 0.3420
vn 0.0000 0.8660 0.5000
vn 0.0000 0.7660 0.6428
vn 0.0000 0.6428 0.7660
vn 0.0000 0.5000 0.8660
vn 0.0000 0.3420 0.9397
vn 0.0000 0.1736 0.9848
vn 0.0000 0.0000 1.0000
vn 0.0000 -0.1736 0.9848
vn 0.0000 -0.3420 0.9397
vn 0.0000 -0.5000 0.8660
vn 0.0000 -0.6428 0.7660
vn 0.0000 -0.7660 0.6428
vn 0.0000 -0.8660 0.5000
vn 0.0000 -0.9397 0.3420
vn 0.0000 -0.9848 0.1736
vn 0.0000 -1.0000 0.0000
vn 0.0000 -0.9848 -0.1736
vn 0.0000 -0.9397 -0.3420
vn 0.0000 -0.8660 -0.5000
vn 0.0000 -0.7660 -0.6428
vn 0.0000 -0.6428 -0.7660
vn 0.0000 -0.5000 -0.8660
vn 0.0000 -0.3420 -0.9397
vn 0.0000 -0.1736 -0.9848
vn 0.0000 -0.0000 -1.0000
vn -0.0000 0.1736 -0.9848
vn -0.0000 0.3420 -0.9397
vn -0.0000 0.5000 -0.8660
vn -0.0000 0.6428 -0.7660
vn -0.0000 0.7660 -0.6428
vn -0.0000 0.8660 -0.5000
vn -0.0000 0.9397 -0.3420
vn -0.0000 0.9848 -0.1736
vn -0.1736 0.9848 0.0000
vn -0.3420 0.9397 0.0000
vn -0.5000 0.8660 0.0000
vn -0.6428 0.7660 0.0000
vn -0.7660 0.6428 0.0000
vn -0.8660 0.5000 0.0000
vn -0.9397 0.3420 0.0000
vn -0.9848 0.1736 0.0000
vn -1.0000 0.0000 0.0000
vn -1.0000 0.0000 0.0000
vn -1.0000 0.0000 0.0000
vn -1.0000 0.0000 0.0000
vn -1.0000 0.0000 0.0000
vn -1.0000 0.0000 0.0000
vn -1.0000 0.0000 0.0000
vn -1.0000 0.0000 0.0000
vn -1.0000 0.0000 0.0000
vn -1.0000 -0.0000 0.0000
vn -1.0000 -0.0000 0.0000
vn -1.0000 -0.0000 0.0000
vn -1.0000 -0.0000 0.0000
vn -1.0000 -0.0000 0.0000
vn -1.0000 -0.0000 0.0000
vn -1.0000 -0.0000 0.0000
vn -1.0000 -0.0000 0.0000
vn -1.0000 -0.0000 0.0000
vn -1.0000 -0.0000 0.0000
vn -1.0000 -0.0000 -0.0000
vn -1.0000 -0.0000 -0.0000
vn -1.0000 -0.0000 -0.0000
vn -1.0000 -0.0000 -0.0000
vn -1.0000 -0.0000 -0.0000
vn -1.0000 -0.0000 -0.0000
vn -1.0000 -0.0000 -0.0000
vn -1.0000 -0.0000 -0.0000
vn -1.0000 -0.0000 -0.0000
vn -1.0000 0.0000 -0.0000
vn -1.0000 0.0000 -0.0000
vn -1.0000 0.0000 -0.0000
vn -1.0000 0.0000 -0.0000
vn -1.0000 0.0000 -0.0000
vn -1.0000 0.0000 -0.0000
vn -1.0000 0.0000 -0.0000
vn -1.0000 0.0000 -0.0000
vn -0.1736 0.9698 0.1710
vn -0.3420 0.9254 0.1632
vn -0.1736 0.9254 0.3368
vn -0.5000 0.8529 0.1504
vn -0.3420 0.8830 0.3214
vn -0.6428 0.7544 0.1330
vn -0.1736 0.8529 0.4924
vn -0.5000 0.8138 0.2962
vn -0.7660 0.6330 0.1116
vn -0.3420 0.8138 0.4698
vn -0.6428 0.7198 0.2620
vn -0.8660 0.4924 0.0868
vn -0.1736 0.7544 0.6330
vn -0.5000 0.7500 0.4330
vn -0.7660 0.6040 0.2198
vn -0.9397 0.3368 0.0594
vn -0.3420 0.7198 0.6040
vn -0.6428 0.6634 0.3830
vn -0.8660 0.4698 0.1710
vn -0.9848 0.1710 0.0302
vn -0.1736 0.6330 0.7544
vn -0.5000 0.6634 0.5567
vn -0.7660 0.5567 0.3214
vn -0.9397 0.3214 0.1170
vn -0.3420 0.6040 0.7198
vn -0.6428 0.5868 0.4924
vn -0.8660 0.4330 0.2500
vn -0.9848 0.1632 0.0594
vn -0.1736 0.4924 0.8529
vn -0.5000 0.5567 0.6634
vn -0.7660 0.4924 0.4132
vn -0.9397 0.2962 0.1710
vn -0.3420 0.4698 0.8138
vn -0.6428 0.4924 0.5868
vn -0.8660 0.3830 0.3214
vn -0.9848 0.1504 0.0868
vn -0.1736 0.3368 0.9254
vn -0.5000 0.4330 0.7500
vn -0.7660 0.4132 0.4924
vn -0.9397 0.2620 0.2198
vn -0.3420 0.3214 0.8830
vn -0.6428 0.3830 0.6634
vn -0.8660 0.3214 0.3830
vn -0.9848 0.1330 0.1116
vn -0.1736 0.1710 0.9698
vn -0.5000 0.2962 0.8138
vn -0.7660 0.3214 0.5567
vn -0.9397 0.2198 0.2620
vn -0.3420 0.1632 0.9254
vn -0.6428 0.2620 0.7198
vn -0.8660 0.2500 0.4330
vn -0.9848 0.1116 0.1330
vn -0.1736 -0.0000 0.9848
vn -0.5000 0.1504 0.8529
vn -0.7660 0.2198 0.6040
vn -0.9397 0.1710 0.2962
vn -0.3420 -0.0000 0.9397
vn -0.6428 0.1330 0.7544
vn -0.8660 0.1710 0.4698
vn -0.9848 0.0868 0.1504
vn -0.1736 -0.1710 0.9698
vn -0.5000 -0.0000 0.8660
vn -0.7660 0.1116 0.6330
vn -0.9397 0.1170 0.3214
vn -0.3420 -0.1632 0.9254
vn -0.6428 -0.0000 0.7660
vn -0.8660 0.0868 0.4924
vn -0.9848 0.0594 0.1632
vn -0.1736 -0.3368 0.9254
vn -0.5000 -0.1504 0.8529
vn -0.7660 -0.0000 0.6428
vn -0.9397 0.0594 0.3368
vn -0.3420 -0.3214 0.8830
vn -0.6428 -0.1330 0.7544
vn -0.8660 -0.0000 0.5000
vn -0.9848 0.0302 0.1710
vn -0.1736 -0.4924 0.8529
vn -0.5000 -0.2962 0.8138
vn -0.7660 -0.1116 0.6330
vn -0.9397 -0.0000 0.3420
vn -0.3420 -0.4698 0.8138
vn -0.6428 -0.2620 0.7198
vn -0.8660 -0.0868 0.4924
vn -0.9848 -0.0000 0.1736
vn -0.1736 -0.6330 0.7544
vn -0.5000 -0.4330 0.7500
vn -0.7660 -0.2198 0.6040
vn -0.9397 -0.0594 0.3368
vn -0.3420 -0.6040 0.7198
vn -0.6428 -0.3830 0.6634
vn -0.8660 -0.1710 0.4698
vn -0.9848 -0.0302 0.1710
vn -0.1736 -0.7544 0.6330
vn -0.5000 -0.5567 0.6634
vn -0.7660 -0.3214 0.5567
vn -0.9397 -0.1170 0.3214
vn -0.3420 -0.7198 0.6040
vn -0.6428 -0.4924 0.5868
vn -0.8660 -0.2500 0.4330
vn -0.9848 -0.0594 0.1632
vn -0.1736 -0.8529 0.4924
vn -0.5000 -0.6634 0.5567
vn -0.7660 -0.4132 0.4924
vn -0.9397 -0.1710 0.2962
vn -0.3420 -0.8138 0.4698
vn -0.6428 -0.5868 0.4924
vn -0.8660 -0.3214 0.3830
vn -0.9848 -0.0868 0.1504
vn -0.1736 -0.9254 0.3368
vn -0.5000 -0.7500 0.4330
vn -0.7660 -0.4924 0.4132
vn -0.9397 -0.2198 0.2620
vn -0.3420 -0.8830 0.3214
vn -0.6428 -0.6634 0.3830
vn -0.8660 -0.3830 0.3214
vn -0.9848 -0.1116 0.1330
vn -0.1736 -0.9698 0.1710
vn -0.5000 -0.8138 0.2962
vn -0.7660 -0.5567 0.3214
vn -0.9397 -0.2620 0.2198
vn -0.3420 -0.9254 0.1632
vn -0.6428 -0.7198 0.2620
vn -0.8660 -0.4330 0.2500
vn -0.9848 -0.1330 0.1116
vn -0.1736 -0.9848 0.0000
vn -0.5000 -0.8529 0.1504
vn -0.7660 -0.6040 0.2198
vn -0.9397 -0.2962 0.1710
vn -0.3420 -0.9397 0.0000
vn -0.6428 -0.7544 0.1330
vn -0.8660 -0.4698 0.1710
vn -0.9848 -0.1504 0.0868
vn -0.1736 -0.9698 -0.1710
vn -0.5000 -0.8660 0.0000
vn -0.7660 -0.6330 0.1116
vn -0.9397 -0.3214 0.1170
vn -0.3420 -0.9254 -0.1632
vn -0.6428 -0.7660 0.0000
vn -0.8660 -0.4924 0.0868
vn -0.9848 -0.1632 0.0594
vn -0.1736 -0.9254 -0.3368
vn -0.5000 -0.8529 -0.1504
vn -0.7660 -0.6428 0.0000
vn -0.9397 -0.3368 0.0594
vn -0.3420 -0.8830 -0.3214
vn -0.6428 -0.7544 -0.1330
vn -0.8660 -0.5000 0.0000
vn -0.9848 -0.1710 0.0302
vn -0.1736 -0.8529 -0.4924
vn -0.5000 -0.8138 -0.2962
vn -0.7660 -0.6330 -0.1116
vn -0.9397 -0.3420 0.0000
vn -0.3420 -0.8138 -0.4698
vn -0.6428 -0.7198 -0.2620
vn -0.8660 -0.4924 -0.0868
vn -0.9848 -0.1736 0.0000
vn -0.1736 -0.7544 -0.6330
vn -0.5000 -0.7500 -0.4330
vn -0.7660 -0.6040 -0.2198
vn -0.9397 -0.3368 -0.0594
vn -0.3420 -0.7198 -0.6040
vn -0.6428 -0.6634 -0.3830
vn -0.8660 -0.4698 -0.1710
vn -0.9848 -0.1710 -0.0302
vn -0.1736 -0.6330 -0.7544
vn -0.5000 -0.6634 -0.5567
vn -0.7660 -0.5567 -0.3214
vn -0.9397 -0.3214 -0.1170
vn -0.3420 -0.6040 -0.7198
vn -0.6428 -0.5868 -0.4924
vn -0.8660 -0.4330 -0.2500
vn -0.9848 -0.1632 -0.0594
vn -0.1736 -0.4924 -0.8529
vn -0.5000 -0.5567 -0.6634
vn -0.7660 -0.4924 -0.4132
vn -0.9397 -0.2962 -0.1710
vn -0.3420 -0.4698 -0.8138
vn -0.6428 -0.4924 -0.5868
vn -0.8660 -0.3830 -0.3214
vn -0.9848 -0.1504 -0.0868
vn -0.1736 -0.3368 -0.9254
vn -0.5000 -0.4330 -0.7500
vn -0.7660 -0.4132 -0.4924
vn -0.9397 -0.2620 -0.2198
vn -0.3420 -0.3214 -0.8830
vn -0.6428 -0.3830 -0.6634
vn -0.8660 -0.3214 -0.3830
vn -0.9848 -0.1330 -0.1116
vn -0.1736 -0.1710 -0.9698
vn -0.5000 -0.2962 -0.8138
vn -0.7660 -0.3214 -0.5567
vn -0.9397 -0.2198 -0.2620
vn -0.3420 -0.1632 -0.9254
vn -0.6428 -0.2620 -0.7198
vn -0.8660 -0.2500 -0.4330
vn -0.9848 -0.1116 -0.1330
vn -0.1736 -0.0000 -0.9848
vn -0.5000 -0.1504 -0.8529
vn -0.7660 -0.2198 -0.6040
vn -0.9397 -0.1710 -0.2962
vn -0.3420 -0.0000 -0.9397
vn -0.6428 -0.1330 -0.7544
vn -0.8660 -0.1710 -0.4698
vn -0.9848 -0.0868 -0.1504
vn -0.1736 0.1710 -0.9698
vn -0.5000 -0.0000 -0.8660
vn -0.7660 -0.1116 -0.6330
vn -0.9397 -0.1170 -0.3214
vn -0.3420 0.1632 -0.9254
vn -0.6428 -0.0000 -0.7660
vn -0.8660 -0.0868 -0.4924
vn -0.9848 -0.0594 -0.1632
vn -0.1736 0.3368 -0.9254
vn -0.5000 0.1504 -0.8529
vn -0.7660 -0.0000 -0.6428
vn -0.9397 -0.0594 -0.3368
vn -0.3420 0.3214 -0.8830
vn -0.6428 0.1330 -0.7544
vn -0.8660 -0.0000 -0.5000
vn -0.9848 -0.0302 -0.1710
vn -0.1736 0.4924 -0.8529
vn -0.5000 0.2962 -0.8138
vn -0.7660 0.1116 -0.6330
vn -0.9397 -0.0000 -0.3420
vn -0.3420 0.4698 -0.8138
vn -0.6428 0.2620 -0.7198
vn -0.8660 0.0868 -0.4924
vn -0.9848 -0.0000 -0.1736
vn -0.1736 0.6330 -0.7544
vn -0.5000 0.4330 -0.7500
vn -0.7660 0.2198 -0.6040
vn -0.9397 0.0594 -0.3368
vn -0.3420 0.6040 -0.7198
vn -0.6428 0.3830 -0.6634
vn -0.8660 0.1710 -0.4698
vn -0.9848 0.0302 -0.1710
vn -0.1736 0.7544 -0.6330
vn -0.5000 0.5567 -0.6634
vn -0.7660 0.3214 -0.5567
vn -0.9397 0.1170 -0.3214
vn -0.3420 0.7198 -0.6040
vn -0.6428 0.4924 -0.5868
vn -0.8660 0.2500 -0.4330
vn -0.9848 0.0594 -0.1632
vn -0.1736 0.8529 -0.4924
vn -0.5000 0.6634 -0.5567
vn -0.7660 0.4132 -0.4924
vn -0.9397 0.1710 -0.2962
vn -0.3420 0.8138 -0.4698
vn -0.6428 0.5868 -0.4924
vn -0.8660 0.3214 -0.3830
vn -0.9848 0.0868 -0.1504
vn -0.1736 0.9254 -0.3368
vn -0.5000 0.7500 -0.4330
vn -0.7660 0.4924 -0.4132
vn -0.9397 0.2198 -0.2620
vn -0.3420 0.8830 -0.3214
vn -0.6428 0.6634 -0.3830
vn -0.8660 0.3830 -0.3214
vn -0.9848 0.1116 -0.1330
vn -0.1736 0.9698 -0.1710
vn -0.5000 0.8138 -0.2962
vn -0.7660 0.5567 -0.3214
vn -0.9397 0.2620 -0.2198
vn -0.3420 0.9254 -0.1632
vn -0.6428 0.7198 -0.2620
vn -0.8660 0.4330 -0.2500
vn -0.9848 0.1330 -0.1116
vn -0.5000 0.8529 -0.1504
vn -0.7660 0.6040 -0.2198
vn -0.9397 0.2962 -0.1710
vn -0.6428 0.7544 -0.1330
vn -0.8660 0.4698 -0.1710
vn -0.9848 0.1504 -0.0868
vn -0.7660 0.6330 -0.1116
vn -0.9397 0.3214 -0.1170
vn -0.8660 0.4924 -0.0868
vn -0.9848 0.1632 -0.0594
vn -0.9397 0.3368 -0.0594
vn -0.9848 0.1710 -0.0302
vn 0.1736 0.9848 -0.0000
vn 0.3420 0.9397 -0.0000
vn 0.5000 0.8660 -0.0000
vn 0.6428 0.7660 -0.0000
vn 0.7660 0.6428 -0.0000
vn 0.8660 0.5000 -0.0000
vn 0.9397 0.3420 -0.0000
vn 0.9848 0.1736 -0.0000
vn 1.0000 0.0000 -0.0000
vn 1.0000 0.0000 0.0000
vn 1.0000 0.0000 0.0000
vn 1.0000 0.0000 0.0000
vn 1.0000 0.0000 0.0000
vn 1.0000 0.0000 0.0000
vn 1.0000 0.0000 0.0000
vn 1.0000 0.0000 0.0000
vn 1.0000 0.0000 0.0000
vn 1.0000 0.0000 0.0000
vn 1.0000 -0.0000 0.0000
vn 1.0000 -0.0000 0.0000
vn 1.0000 -0.0000 0.0000
vn 1.0000 -0.0000 0.0000
vn 1.0000 -0.0000 0.0000
vn 1.0000 -0.0000 0.0000
vn 1.0000 -0.0000 0.0000
vn 1.0000 -0.0000 0.0000
vn 1.0000 -0.0000 0.0000
vn 1.0000 -0.0000 -0.0000
vn 1.0000 -0.0000 -0.0000
vn 1.0000 -0.0000 -0.0000
vn 1.0000 -0.0000 -0.0000
vn 1.0000 -0.0000 -0.0000
vn 1.0000 -0.0000 -0.0000
vn 1.0000 -0.0000 -0.0000
vn 1.0000 -0.0000 -0.0000
vn 1.0000 -0.0000 -0.0000
vn 1.0000 0.0000 -0.0000
vn 1.0000 0.0000 -0.0000
vn 1.0000 0.0000 -0.0000
vn 1.0000 0.0000 -0.0000
vn 1.0000 0.0000 -0.0000
vn 1.0000 0.0000 -0.0000
vn 1.0000 0.0000 -0.0000
vn 1.0000 0.0000 -0.0000
vn 0.1736 0.9698 0.1710
vn 0.3420 0.9254 0.1632
vn 0.1736 0.9254 0.3368
vn 0.5000 0.8529 0.1504
vn 0.3420 0.8830 0.3214
vn 0.6428 0.7544 0.1330
vn 0.1736 0.8529 0.4924
vn 0.5000 0.8138 0.2962
vn 0.7660 0.6330 0.1116
vn 0.3420 0.8138 0.4698
vn 0.6428 0.7198 0.2620
vn 0.8660 0.4924 0.0868
vn 0.1736 0.7544 0.6330
vn 0.5000 0.7500 0.4330
vn 0.7660 0.6040 0.2198
vn 0.9397 0.3368 0.0594
vn 0.3420 0.7198 0.6040
vn 0.6428 0.6634 0.3830
vn 0.8660 0.4698 0.1710
vn 0.9848 0.1710 0.0302
vn 0.1736 0.6330 0.7544
vn 0.5000 0.6634 0.5567
vn 0.7660 0.5567 0.3214
vn 0.9397 0.3214 0.1170
vn 0.3420 0.6040 0.7198
vn 0.6428 0.5868 0.4924
vn 0.8660 0.4330 0.2500
vn 0.9848 0.1632 0.0594
vn 0.1736 0.4924 0.8529
vn 0.5000 0.5567 0.6634
vn 0.7660 0.4924 0.4132
vn 0.9397 0.2962 0.1710
vn 0.3420 0.4698 0.8138
vn 0.6428 0.4924 0.5868
vn 0.8660 0.3830 0.3214
vn 0.9848 0.1504 0.0868
vn 0.1736 0.3368 0.9254
vn 0.5000 0.4330 0.7500
vn 0.7660 0.4132 0.4924
vn 0.9397 0.2620 0.2198
vn 0.3420 0.3214 0.8830
vn 0.6428 0.3830 0.6634
vn 0.8660 0.3214 0.3830
vn 0.9848 0.1330 0.1116
vn 0.1736 0.1710 0.9698
vn 0.5000 0.2962 0.8138
vn 0.7660 0.3214 0.5567
vn 0.9397 0.2198 0.2620
vn 0.3420 0.1632 0.9254
vn 0.6428 0.2620 0.7198
vn 0.8660 0.2500 0.4330
vn 0.9848 0.1116 0.1330
vn 0.1736 0.0000 0.9848
vn 0.5000 0.1504 0.8529
vn 0.7660 0.2198 0.6040
vn 0.9397 0.1710 0.2962
vn 0.3420 0.0000 0.9397
vn 0.6428 0.1330 0.7544
vn 0.8660 0.1710 0.4698
vn 0.9848 0.0868 0.1504
vn 0.1736 -0.1710 0.9698
vn 0.5000 0.0000 0.8660
vn 0.7660 0.1116 0.6330
vn 0.9397 0.1170 0.3214
vn 0.3420 -0.1632 0.9254
vn 0.6428 0.0000 0.7660
vn 0.8660 0.0868 0.4924
vn 0.9848 0.0594 0.1632
vn 0.1736 -0.3368 0.9254
vn 0.5000 -0.1504 0.8529
vn 0.7660 0.0000 0.6428
vn 0.9397 0.0594 0.3368
vn 0.3420 -0.3214 0.8830
vn 0.6428 -0.1330 0.7544
vn 0.8660 0.0000 0.5000
vn 0.9848 0.0302 0.1710
vn 0.1736 -0.4924 0.8529
vn 0.5000 -0.2962 0.8138
vn 0.7660 -0.1116 0.6330
vn 0.9397 0.0000 0.3420
vn 0.3420 -0.4698 0.8138
vn 0.6428 -0.2620 0.7198
vn 0.8660 -0.0868 0.4924
vn 0.9848 0.0000 0.1736
vn 0.1736 -0.6330 0.7544
vn 0.5000 -0.4330 0.7500
vn 0.7660 -0.2198 0.6040
vn 0.9397 -0.0594 0.3368
vn 0.3420 -0.6040 0.7198
vn 0.6428 -0.3830 0.6634
vn 0.8660 -0.1710 0.4698
vn 0.9848 -0.0302 0.1710
vn 0.1736 -0.7544 0.6330
vn 0.5000 -0.5567 0.6634
vn 0.7660 -0.3214 0.5567
vn 0.9397 -0.1170 0.3214
vn 0.3420 -0.7198 0.6040
vn 0.6428 -0.4924 0.5868
vn 0.8660 -0.2500 0.4330
vn 0.9848 -0.0594 0.1632
vn 0.1736 -0.8529 0.4924
vn 0.5000 -0.6634 0.5567
vn 0.7660 -0.4132 0.4924
vn 0.9397 -0.1710 0.2962
vn 0.3420 -0.8138 0.4698
vn 0.6428 -0.5868 0.4924
vn 0.8660 -0.3214 0.3830
vn 0.9848 -0.0868 0.1504
vn 0.1736 -0.9254 0.3368
vn 0.5000 -0.7500 0.4330
vn 0.7660 -0.4924 0.4132
vn 0.9397 -0.2198 0.2620
vn 0.3420 -0.8830 0.3214
vn 0.6428 -0.6634 0.3830
vn 0.8660 -0.3830 0.3214
vn 0.9848 -0.1116 0.1330
vn 0.1736 -0.9698 0.1710
vn 0.5000 -0.8138 0.2962
vn 0.7660 -0.5567 0.3214
vn 0.9397 -0.2620 0.2198
vn 0.3420 -0.9254 0.1632
vn 0.6428 -0.7198 0.2620
vn 0.8660 -0.4330 0.2500
vn 0.9848 -0.1330 0.1116
vn 0.1736 -0.9848 0.0000
vn 0.5000 -0.8529 0.1504
vn 0.7660 -0.6040 0.2198
vn 0.9397 -0.2962 0.1710
vn 0.3420 -0.9397 0.0000
vn 0.6428 -0.7544 0.1330
vn 0.8660 -0.4698 0.1710
vn 0.9848 -0.1504 0.0868
vn 0.1736 -0.9698 -0.1710
vn 0.5000 -0.8660 0.0000
vn 0.7660 -0.6330 0.1116
vn 0.9397 -0.3214 0.1170
vn 0.3420 -0.9254 -0.1632
vn 0.6428 -0.7660 0.0000
vn 0.8660 -0.4924 0.0868
vn 0.9848 -0.1632 0.0594
vn 0.1736 -0.9254 -0.3368
vn 0.5000 -0.8529 -0.1504
vn 0.7660 -0.6428 0.0000
vn 0.9397 -0.3368 0.0594
vn 0.3420 -0.8830 -0.3214
vn 0.6428 -0.7544 -0.1330
vn 0.8660 -0.5000 0.0000
vn 0.9848 -0.1710 0.0302
vn 0.1736 -0.8529 -0.4924
vn 0.5000 -0.8138 -0.2962
vn 0.7660 -0.6330 -0.1116
vn 0.9397 -0.3420 0.0000
vn 0.3420 -0.8138 -0.4698
vn 0.6428 -0.7198 -0.2620
vn 0.8660 -0.4924 -0.0868
vn 0.9848 -0.1736 0.0000
vn 0.1736 -0.7544 -0.6330
vn 0.5000 -0.7500 -0.4330
vn 0.7660 -0.6040 -0.2198
vn 0.9397 -0.3368 -0.0594
vn 0.3420 -0.7198 -0.6040
vn 0.6428 -0.6634 -0.3830
vn 0.8660 -0.4698 -0.1710
vn 0.9848 -0.1710 -0.0302
vn 0.1736 -0.6330 -0.7544
vn 0.5000 -0.6634 -0.5567
vn 0.7660 -0.5567 -0.3214
vn 0.9397 -0.3214 -0.1170
vn 0.3420 -0.6040 -0.7198
vn 0.6428 -0.5868 -0.4924
vn 0.8660 -0.4330 -0.2500
vn 0.9848 -0.1632 -0.0594
vn 0.1736 -0.4924 -0.8529
vn 0.5000 -0.5567 -0.6634
vn 0.7660 -0.4924 -0.4132
vn 0.9397 -0.2962 -0.1710
vn 0.3420 -0.4698 -0.8138
vn 0.6428 -0.4924 -0.5868
vn 0.8660 -0.3830 -0.3214
vn 0.9848 -0.1504 -0.0868
vn 0.1736 -0.3368 -0.9254
vn 0.5000 -0.4330 -0.7500
vn 0.7660 -0.4132 -0.4924
vn 0.9397 -0.2620 -0.2198
vn 0.3420 -0.3214 -0.8830
vn 0.6428 -0.3830 -0.6634
vn 0.8660 -0.3214 -0.3830
vn 0.9848 -0.1330 -0.1116
vn 0.1736 -0.1710 -0.9698
vn 0.5000 -0.2962 -0.8138
vn 0.7660 -0.3214 -0.5567
vn 0.9397 -0.2198 -0.2620
vn 0.3420 -0.1632 -0.9254
vn 0.6428 -0.2620 -0.7198
vn 0.8660 -0.2500 -0.4330
vn 0.9848 -0.1116 -0.1330
vn 0.1736 -0.0000 -0.9848
vn 0.5000 -0.1504 -0.8529
vn 0.7660 -0.2198 -0.6040
vn 0.9397 -0.1710 -0.2962
vn 0.3420 -0.0000 -0.9397
vn 0.6428 -0.1330 -0.7544
vn 0.8660 -0.1710 -0.4698
vn 0.9848 -0.0868 -0.1504
vn 0.1736 0.1710 -0.9698
vn 0.5000 -0.0000 -0.8660
vn 0.7660 -0.1116 -0.6330
vn 0.9397 -0.1170 -0.3214
vn 0.3420 0.1632 -0.9254
vn 0.6428 -0.0000 -0.7660
vn 0.8660 -0.0868 -0.4924
vn 0.9848 -0.0594 -0.1632
vn 0.1736 0.3368 -0.9254
vn 0.5000 0.1504 -0.8529
vn 0.7660 -0.0000 -0.6428
vn 0.9397 -0.0594 -0.3368
vn 0.3420 0.3214 -0.8830
vn 0.6428 0.1330 -0.7544
vn 0.8660 -0.0000 -0.5000
vn 0.9848 -0.0302 -0.1710
vn 0.1736 0.4924 -0.8529
vn 0.5000 0.2962 -0.8138
vn 0.7660 0.1116 -0.6330
vn 0.9397 -0.0000 -0.3420
vn 0.3420 0.4698 -0.8138
vn 0.6428 0.2620 -0.7198
vn 0.8660 0.0868 -0.4924
vn 0.9848 -0.0000 -0.1736
vn 0.1736 0.6330 -0.7544
vn 0.5000 0.4330 -0.7500
vn 0.7660 0.2198 -0.6040
vn 0.9397 0.0594 -0.3368
vn 0.3420 0.6040 -0.7198
vn 0.6428 0.3830 -0.6634
vn 0.8660 0.1710 -0.4698
vn 0.9848 0.0302 -0.1710
vn 0.1736 0.7544 -0.6330
vn 0.5000 0.5567 -0.6634
vn 0.7660 0.3214 -0.5567
vn 0.9397 0.1170 -0.3214
vn 0.3420 0.7198 -0.6040
vn 0.6428 0.4924 -0.5868
vn 0.8660 0.2500 -0.4330
vn 0.9848 0.0594 -0.1632
vn 0.1736 0.8529 -0.4924
vn 0.5000 0.6634 -0.5567
vn 0.7660 0.4132 -0.4924
vn 0.9397 0.1710 -0.2962
vn 0.3420 0.8138 -0.4698
vn 0.6428 0.5868 -0.4924
vn 0.8660 0.3214 -0.3830
vn 0.9848 0.0868 -0.1504
vn 0.1736 0.9254 -0.3368
vn 0.5000 0.7500 -0.4330
vn 0.7660 0.4924 -0.4132
vn 0.9397 0.2198 -0.2620
vn 0.3420 0.8830 -0.3214
vn 0.6428 0.6634 -0.3830
vn 0.8660 0.3830 -0.3214
vn 0.9848 0.1116 -0.1330
vn 0.1736 0.9698 -0.1710
vn 0.5000 0.8138 -0.2962
vn 0.7660 0.5567 -0.3214
vn 0.9397 0.2620 -0.2198
vn 0.3420 0.9254 -0.1632
vn 0.6428 0.7198 -0.2620
vn 0.8660 0.4330 -0.2500
vn 0.9848 0.1330 -0.1116
vn 0.5000 0.8529 -0.1504
vn 0.7660 0.6040 -0.2198
vn 0.9397 0.2962 -0.1710
vn 0.6428 0.7544 -0.1330
vn 0.8660 0.4698 -0.1710
vn 0.9848 0.1504 -0.0868
vn 0.7660 0.6330 -0.1116
vn 0.9397 0.3214 -0.1170
vn 0.8660 0.4924 -0.0868
vn 0.9848 0.1632 -0.0594
vn 0.9397 0.3368 -0.0594
vn 0.9848 0.1710 -0.0302
f 3//3 2//2 1//1
f 3//3 1//1 38//38
f 4//4 38//38 39//39
f 4//4 3//3 38//38
f 5//5 39//39 40//40
f 5//5 4//4 39//39
f 6//6 40//40 41//41
f 6//6 41//41 42//42
f 6//6 5//5 40//40
f 7//7 6//6 42//42
f 8//8 7//7 42//42
f 8//8 42//42 43//43
f 9//9 8//8 43//43
f 9//9 43//43 44//44
f 10//10 9//9 44//44
f 10//10 44//44 45//45
f 11//11 10//10 45//45
f 11//11 45//45 46//46
f 11//11 46//46 47//47
f 12//12 11//11 47//47
f 12//12 47//47 48//48
f 13//13 12//12 48//48
f 14//14 13//13 48//48
f 14//14 48//48 49//49
f 15//15 14//14 49//49
f 15//15 49//49 50//50
f 16//16 15//15 50//50
f 16//16 50//50 51//51
f 17//17 16//16 51//51
f 17//17 51//51 52//52
f 18//18 17//17 52//52
f 18//18 52//52 53//53
f 19//19 18//18 53//53
f 19//19 53//53 54//54
f 19//19 54//54 55//55
f 20//20 19//19 55//55
f 20//20 55//55 56//56
f 21//21 20//20 56//56
f 22//22 56//56 57//57
f 22//22 21//21 56//56
f 23//23 22//22 57//57
f 23//23 57//57 58//58
f 24//24 58//58 59//59
f 24//24 59//59 60//60
f 24//24 23//23 58//58
f 25//25 24//24 60//60
f 26//26 60//60 61//61
f 26//26 25//25 60//60
f 27//27 61//61 62//62
f 27//27 26//26 61//61
f 28//28 62//62 63//63
f 28//28 27//27 62//62
f 29//29 63//63 64//64
f 29//29 28//28 63//63
f 30//30 64//64 65//65
f 30//30 65//65 66//66
f 30//30 29//29 64//64
f 31//31 30//30 66//66
f 32//32 66//66 67//67
f 32//32 31//31 66//66
f 33//33 32//32 67//67
f 33//33 67//67 68//68
f 33//33 68//68 69//69
f 34//34 33//33 69//69
f 35//35 34//34 69//69
f 35//35 69//69 70//70
f 35//35 70//70 71//71
f 36//36 35//35 71//71
f 37//37 36//36 71//71
f 37//37 71//71 72//72
f 2//2 37//37 72//72
f 2//2 72//72 1//1
f 73//73 1//1 72//72
f 81//81 80//80 116//116
f 117//117 1//1 73//73
f 117//117 38//38 1//1
f 118//118 73//73 74//74
f 118//118 117//117 73//73
f 119//119 39//39 38//38
f 119//119 38//38 117//117
f 120//120 74//74 75//75
f 120//120 118//118 74//74
f 121//121 117//117 118//118
f 121//121 119//119 117//117
f 122//122 75//75 76//76
f 122//122 120//120 75//75
f 123//123 40//40 39//39
f 123//123 39//39 119//119
f 124//124 118//118 120//120
f 124//124 121//121 118//118
f 125//125 76//76 77//77
f 125//125 122//122 76//76
f 126//126 119//119 121//121
f 126//126 123//123 119//119
f 127//127 120//120 122//122
f 127//127 124//124 120//120
f 128//128 77//77 78//78
f 128//128 125//125 77//77
f 129//129 41//41 40//40
f 129//129 40//40 123//123
f 130//130 121//121 124//124
f 130//130 126//126 121//121
f 131//131 122//122 125//125
f 131//131 127//127 122//122
f 132//132 128//128 78//78
f 132//132 78//78 79//79
f 133//133 129//129 123//123
f 133//133 123//123 126//126
f 134//134 124//124 127//127
f 134//134 130//130 124//124
f 135//135 125//125 128//128
f 135//135 131//131 125//125
f 136//136 79//79 80//80
f 136//136 80//80 81//81
f 136//136 132//132 79//79
f 136//136 81//81 82//82
f 137//137 42//42 41//41
f 137//137 41//41 129//129
f 138//138 126//126 130//130
f 138//138 133//133 126//126
f 139//139 127//127 131//131
f 139//139 134//134 127//127
f 140//140 128//128 132//132
f 140//140 135//135 128//128
f 141//141 137//137 129//129
f 141//141 129//129 133//133
f 142//142 138//138 130//130
f 142//142 130//130 134//134
f 143//143 139//139 131//131
f 143//143 131//131 135//135
f 144//144 132//132 136//136
f 144//144 140//140 132//132
f 144//144 82//82 83//83
f 144//144 136//136 82//82
f 145//145 43//43 42//42
f 145//145 42//42 137//137
f 145//145 137//137 141//141
f 146//146 133//133 138//138
f 146//146 141//141 133//133
f 147//147 134//134 139//139
f 147//147 142//142 134//134
f 148//148 135//135 140//140
f 148//148 143//143 135//135
f 149//149 145//145 141//141
f 150//150 146//146 138//138
f 150//150 138//138 142//142
f 151//151 139//139 143//143
f 151//151 147//147 139//139
f 152//152 140//140 144//144
f 152//152 83//83 84//84
f 152//152 148//148 140//140
f 152//152 144//144 83//83
f 153//153 44//44 43//43
f 153//153 43//43 145//145
f 154//154 141//141 146//146
f 154//154 149//149 141//141
f 155//155 150//150 142//142
f 155//155 142//142 147//147
f 156//156 151//151 143//143
f 156//156 143//143 148//148
f 157//157 153//153 145//145
f 157//157 145//145 149//149
f 158//158 146//146 150//150
f 158//158 154//154 146//146
f 159//159 155//155 147//147
f 159//159 147//147 151//151
f 160//160 84//84 85//85
f 160//160 156//156 148//148
f 160//160 152//152 84//84
f 160//160 148//148 152//152
f 161//161 45//45 44//44
f 161//161 44//44 153//153
f 162//162 149//149 154//154
f 162//162 157//157 149//149
f 163//163 158//158 150//150
f 163//163 150//150 155//155
f 164//164 151//151 156//156
f 164//164 159//159 151//151
f 165//165 153//153 157//157
f 165//165 161//161 153//153
f 166//166 162//162 154//154
f 166//166 154//154 158//158
f 167//167 155//155 159//159
f 167//167 163//163 155//155
f 168//168 164//164 156//156
f 168//168 156//156 160//160
f 168//168 85//85 86//86
f 168//168 160//160 85//85
f 169//169 46//46 45//45
f 169//169 45//45 161//161
f 170//170 157//157 162//162
f 170//170 165//165 157//157
f 171//171 166//166 158//158
f 171//171 158//158 163//163
f 172//172 159//159 164//164
f 172//172 167//167 159//159
f 173//173 169//169 161//161
f 173//173 161//161 165//165
f 174//174 170//170 162//162
f 174//174 162//162 166//166
f 175//175 163//163 167//167
f 175//175 171//171 163//163
f 176//176 172//172 164//164
f 176//176 168//168 86//86
f 176//176 86//86 87//87
f 176//176 164//164 168//168
f 177//177 46//46 169//169
f 177//177 47//47 46//46
f 178//178 173//173 165//165
f 178//178 165//165 170//170
f 179//179 166//166 171//171
f 179//179 174//174 166//166
f 180//180 167//167 172//172
f 180//180 175//175 167//167
f 181//181 177//177 169//169
f 181//181 169//169 173//173
f 181//181 173//173 178//178
f 182//182 170//170 174//174
f 182//182 178//178 170//170
f 183//183 171//171 175//175
f 183//183 179//179 171//171
f 183//183 175//175 180//180
f 184//184 172//172 176//176
f 184//184 176//176 87//87
f 184//184 87//87 88//88
f 184//184 180//180 172//172
f 185//185 48//48 47//47
f 185//185 47//47 177//177
f 186//186 181//181 178//178
f 187//187 174//174 179//179
f 187//187 182//182 174//174
f 188//188 183//183 180//180
f 189//189 185//185 177//177
f 189//189 177//177 181//181
f 190//190 178//178 182//182
f 190//190 186//186 178//178
f 191//191 179//179 183//183
f 191//191 187//187 179//179
f 192//192 184//184 88//88
f 192//192 88//88 89//89
f 192//192 180//180 184//184
f 192//192 188//188 180//180
f 193//193 49//49 48//48
f 193//193 48//48 185//185
f 194//194 181//181 186//186
f 194//194 189//189 181//181
f 195//195 190//190 182//182
f 195//195 182//182 187//187
f 196//196 183//183 188//188
f 196//196 191//191 183//183
f 197//197 193//193 185//185
f 197//197 185//185 189//189
f 198//198 194//194 186//186
f 198//198 186//186 190//190
f 199//199 195//195 187//187
f 199//199 187//187 191//191
f 200//200 188//188 192//192
f 200//200 89//89 90//90
f 200//200 192//192 89//89
f 200//200 196//196 188//188
f 201//201 193//193 197//197
f 201//201 50//50 49//49
f 201//201 49//49 193//193
f 202//202 197//197 189//189
f 202//202 189//189 194//194
f 203//203 198//198 190//190
f 203//203 190//190 195//195
f 204//204 199//199 191//191
f 204//204 191//191 196//196
f 205//205 201//201 197//197
f 206//206 202//202 194//194
f 206//206 194//194 198//198
f 207//207 195//195 199//199
f 207//207 203//203 195//195
f 208//208 200//200 90//90
f 208//208 196//196 200//200
f 208//208 204//204 196//196
f 208//208 90//90 91//91
f 209//209 51//51 50//50
f 209//209 50//50 201//201
f 210//210 197//197 202//202
f 210//210 205//205 197//197
f 211//211 206//206 198//198
f 211//211 198//198 203//203
f 212//212 207//207 199//199
f 212//212 204//204 208//208
f 212//212 199//199 204//204
f 213//213 201//201 205//205
f 213//213 209//209 201//201
f 214//214 210//210 202//202
f 214//214 202//202 206//206
f 215//215 211//211 203//203
f 215//215 203//203 207//207
f 215//215 207//207 212//212
f 216//216 208//208 91//91
f 216//216 212//212 208//208
f 216//216 91//91 92//92
f 217//217 52//52 51//51
f 217//217 51//51 209//209
f 218//218 205//205 210//210
f 218//218 213//213 205//205
f 219//219 206//206 211//211
f 219//219 214//214 206//206
f 220//220 215//215 212//212
f 220//220 212//212 216//216
f 221//221 209//209 213//213
f 221//221 217//217 209//209
f 222//222 210//210 214//214
f 222//222 218//218 210//210
f 223//223 211//211 215//215
f 223//223 219//219 211//211
f 224//224 220//220 216//216
f 224//224 92//92 93//93
f 224//224 216//216 92//92
f 225//225 53//53 52//52
f 225//225 52//52 217//217
f 226//226 213//213 218//218
f 226//226 221//221 213//213
f 227//227 214//214 219//219
f 227//227 222//222 214//214
f 228//228 215//215 220//220
f 228//228 223//223 215//215
f 229//229 217//217 221//221
f 229//229 225//225 217//217
f 230//230 218//218 222//222
f 230//230 226//226 218//218
f 231//231 219//219 223//223
f 231//231 227//227 219//219
f 232//232 224//224 93//93
f 232//232 220//220 224//224
f 232//232 93//93 94//94
f 232//232 228//228 220//220
f 233//233 54//54 53//53
f 233//233 55//55 54//54
f 233//233 53//53 225//225
f 234//234 229//229 221//221
f 234//234 221//221 226//226
f 235//235 230//230 222//222
f 235//235 222//222 227//227
f 236//236 223//223 228//228
f 236//236 231//231 223//223
f 237//237 225//225 229//229
f 237//237 233//233 225//225
f 238//238 234//234 226//226
f 238//238 226//226 230//230
f 239//239 227//227 231//231
f 239//239 235//235 227//227
f 240//240 236//236 228//228
f 240//240 232//232 94//94
f 240//240 228//228 232//232
f 240//240 94//94 95//95
f 241//241 55//55 233//233
f 242//242 229//229 234//234
f 242//242 237//237 229//229
f 243//243 235//235 239//239
f 243//243 238//238 230//230
f 243//243 230//230 235//235
f 244//244 239//239 231//231
f 244//244 231//231 236//236
f 245//245 233//233 237//237
f 245//245 241//241 233//233
f 246//246 234//234 238//238
f 246//246 242//242 234//234
f 247//247 243//243 239//239
f 248//248 236//236 240//240
f 248//248 240//240 95//95
f 248//248 244//244 236//236
f 248//248 95//95 96//96
f 248//248 96//96 97//97
f 249//249 56//56 55//55
f 249//249 55//55 241//241
f 250//250 237//237 242//242
f 250//250 245//245 237//237
f 251//251 238//238 243//243
f 251//251 246//246 238//238
f 252//252 247//247 239//239
f 252//252 239//239 244//244
f 253//253 241//241 245//245
f 253//253 249//249 241//241
f 254//254 242//242 246//246
f 254//254 250//250 242//242
f 255//255 243//243 247//247
f 255//255 251//251 243//243
f 256//256 244//244 248//248
f 256//256 252//252 244//244
f 256//256 248//248 97//97
f 256//256 97//97 98//98
f 257//257 57//57 56//56
f 257//257 56//56 249//249
f 258//258 245//245 250//250
f 258//258 253//253 245//245
f 259//259 246//246 251//251
f 259//259 254//254 246//246
f 260//260 247//247 252//252
f 260//260 255//255 247//247
f 261//261 249//249 253//253
f 261//261 257//257 249//249
f 262//262 250//250 254//254
f 262//262 258//258 250//250
f 263//263 251//251 255//255
f 263//263 259//259 251//251
f 264//264 252//252 256//256
f 264//264 260//260 252//252
f 264//264 256//256 98//98
f 265//265 58//58 57//57
f 265//265 57//57 257//257
f 266//266 261//261 253//253
f 266//266 253//253 258//258
f 267//267 262//262 254//254
f 267//267 254//254 259//259
f 268//268 255//255 260//260
f 268//268 263//263 255//255
f 269//269 265//265 257//257
f 269//269 257//257 261//261
f 270//270 266//266 258//258
f 270//270 258//258 262//262
f 271//271 267//267 259//259
f 271//271 259//259 263//263
f 272//272 260//260 264//264
f 272//272 268//268 260//260
f 272//272 264//264 98//98
f 272//272 98//98 99//99
f 273//273 58//58 265//265
f 273//273 59//59 58//58
f 274//274 261//261 266//266
f 274//274 269//269 261//261
f 275//275 262//262 267//267
f 275//275 270//270 262//262
f 276//276 263//263 268//268
f 276//276 271//271 263//263
f 277//277 273//273 265//265
f 277//277 265//265 269//269
f 278//278 266//266 270//270
f 278//278 274//274 266//266
f 279//279 275//275 267//267
f 279//279 267//267 271//271
f 280//280 276//276 268//268
f 280//280 272//272 99//99
f 280//280 268//268 272//272
f 280//280 99//99 100//100
f 281//281 59//59 273//273
f 281//281 60//60 59//59
f 281//281 61//61 60//60
f 282//282 269//269 274//274
f 282//282 277//277 269//269
f 283//283 270//270 275//275
f 283//283 278//278 270//270
f 284//284 271//271 276//276
f 284//284 279//279 271//271
f 285//285 273//273 277//277
f 285//285 281//281 273//273
f 285//285 277//277 282//282
f 286//286 274//274 278//278
f 286//286 282//282 274//274
f 287//287 275//275 279//279
f 287//287 283//283 275//275
f 288//288 276//276 280//280
f 288//288 284//284 276//276
f 288//288 280//280 100//100
f 288//288 100//100 101//101
f 289//289 61//61 281//281
f 290//290 285//285 282//282
f 291//291 278//278 283//283
f 291//291 286//286 278//278
f 291//291 283//283 287//287
f 292//292 279//279 284//284
f 292//292 287//287 279//279
f 293//293 289//289 281//281
f 293//293 281//281 285//285
f 294//294 282//282 286//286
f 294//294 290//290 282//282
f 295//295 291//291 287//287
f 296//296 284//284 288//288
f 296//296 101//101 102//102
f 296//296 288//288 101//101
f 296//296 292//292 284//284
f 297//297 61//61 289//289
f 297//297 62//62 61//61
f 298//298 293//293 285//285
f 298//298 285//285 290//290
f 299//299 291//291 295//295
f 299//299 286//286 291//291
f 299//299 294//294 286//286
f 300//300 295//295 287//287
f 300//300 292//292 296//296
f 300//300 287//287 292//292
f 301//301 297//297 289//289
f 301//301 289//289 293//293
f 302//302 298//298 290//290
f 302//302 290//290 294//294
f 303//303 299//299 295//295
f 304//304 296//296 102//102
f 304//304 102//102 103//103
f 304//304 300//300 296//296
f 305//305 62//62 297//297
f 305//305 63//63 62//62
f 306//306 301//301 293//293
f 306//306 293//293 298//298
f 307//307 294//294 299//299
f 307//307 299//299 303//303
f 307//307 302//302 294//294
f 308//308 295//295 300//300
f 308//308 303//303 295//295
f 309//309 297//297 301//301
f 309//309 301//301 306//306
f 309//309 305//305 297//297
f 310//310 298//298 302//302
f 310//310 306//306 298//298
f 311//311 307//307 303//303
f 312//312 308//308 300//300
f 312//312 300//300 304//304
f 312//312 304//304 103//103
f 312//312 103//103 104//104
f 313//313 63//63 305//305
f 313//313 64//64 63//63
f 314//314 309//309 306//306
f 315//315 310//310 302//302
f 315//315 302//302 307//307
f 316//316 311//311 303//303
f 316//316 303//303 308//308
f 317//317 313//313 305//305
f 317//317 305//305 309//309
f 317//317 309//309 314//314
f 318//318 314//314 306//306
f 318//318 306//306 310//310
f 319//319 307//307 311//311
f 319//319 315//315 307//307
f 320//320 308//308 312//312
f 320//320 316//316 308//308
f 320//320 312//312 104//104
f 320//320 104//104 105//105
f 321//321 64//64 313//313
f 321//321 65//65 64//64
f 322//322 317//317 314//314
f 323//323 318//318 310//310
f 323//323 310//310 315//315
f 324//324 311//311 316//316
f 324//324 319//319 311//311
f 325//325 313//313 317//317
f 325//325 321//321 313//313
f 326//326 314//314 318//318
f 326//326 322//322 314//314
f 327//327 323//323 315//315
f 327//327 319//319 324//324
f 327//327 315//315 319//319
f 328//328 316//316 320//320
f 328//328 105//105 106//106
f 328//328 324//324 316//316
f 328//328 106//106 107//107
f 328//328 320//320 105//105
f 329//329 65//65 321//321
f 329//329 66//66 65//65
f 330//330 325//325 317//317
f 330//330 317//317 322//322
f 331//331 318//318 323//323
f 331//331 326//326 318//318
f 332//332 327//327 324//324
f 333//333 329//329 321//321
f 333//333 321//321 325//325
f 334//334 330//330 322//322
f 334//334 322//322 326//326
f 335//335 331//331 323//323
f 335//335 323//323 327//327
f 336//336 324//324 328//328
f 336//336 332//332 324//324
f 336//336 328//328 107//107
f 337//337 66//66 329//329
f 337//337 67//67 66//66
f 337//337 329//329 333//333
f 338//338 333//333 325//325
f 338//338 325//325 330//330
f 339//339 334//334 326//326
f 339//339 326//326 331//331
f 340//340 327//327 332//332
f 340//340 335//335 327//327
f 341//341 337//337 333//333
f 341//341 333//333 338//338
f 342//342 330//330 334//334
f 342//342 338//338 330//330
f 343//343 339//339 331//331
f 343//343 331//331 335//335
f 344//344 332//332 336//336
f 344//344 336//336 107//107
f 344//344 107//107 108//108
f 344//344 340//340 332//332
f 345//345 67//67 337//337
f 345//345 337//337 341//341
f 345//345 68//68 67//67
f 346//346 341//341 338//338
f 347//347 334//334 339//339
f 347//347 342//342 334//334
f 348//348 335//335 340//340
f 348//348 340//340 344//344
f 348//348 343//343 335//335
f 349//349 345//345 341//341
f 349//349 341//341 346//346
f 350//350 346//346 338//338
f 350//350 338//338 342//342
f 351//351 339//339 343//343
f 351//351 347//347 339//339
f 352//352 348//348 344//344
f 352//352 344//344 108//108
f 352//352 108//108 109//109
f 353//353 69//69 68//68
f 353//353 70//70 69//69
f 353//353 68//68 345//345
f 354//354 349//349 346//346
f 355//355 342//342 347//347
f 355//355 347//347 351//351
f 355//355 350//350 342//342
f 356//356 351//351 343//343
f 356//356 343//343 348//348
f 357//357 353//353 345//345
f 357//357 345//345 349//349
f 358//358 346//346 350//350
f 358//358 354//354 346//346
f 359//359 355//355 351//351
f 360//360 348//348 352//352
f 360//360 356//356 348//348
f 360//360 352//352 109//109
f 360//360 109//109 110//110
f 361//361 70//70 353//353
f 362//362 357//357 349//349
f 362//362 349//349 354//354
f 363//363 350//350 355//355
f 363//363 358//358 350//350
f 363//363 355//355 359//359
f 364//364 351//351 356//356
f 364//364 356//356 360//360
f 364//364 359//359 351//351
f 365//365 361//361 353//353
f 365//365 353//353 357//357
f 366//366 354//354 358//358
f 366//366 362//362 354//354
f 367//367 363//363 359//359
f 368//368 364//364 360//360
f 368//368 110//110 111//111
f 368//368 111//111 112//112
f 368//368 360//360 110//110
f 369//369 71//71 70//70
f 369//369 72//72 71//71
f 369//369 70//70 361//361
f 370//370 365//365 357//357
f 370//370 357//357 362//362
f 371//371 366//366 358//358
f 371//371 358//358 363//363
f 372//372 367//367 359//359
f 372//372 359//359 364//364
f 372//372 364//364 368//368
f 373//373 369//369 361//361
f 373//373 361//361 365//365
f 374//374 362//362 366//366
f 374//374 370//370 362//362
f 375//375 371//371 363//363
f 375//375 363//363 367//367
f 376//376 368//368 112//112
f 376//376 372//372 368//368
f 377//377 73//73 72//72
f 377//377 72//72 369//369
f 377//377 369//369 373//373
f 378//378 373//373 365//365
f 378//378 365//365 370//370
f 379//379 366//366 371//371
f 379//379 374//374 366//366
f 380//380 367//367 372//372
f 380//380 375//375 367//367
f 380//380 372//372 376//376
f 381//381 377//377 373//373
f 381//381 74//74 73//73
f 381//381 73//73 377//377
f 382//382 370//370 374//374
f 382//382 378//378 370//370
f 383//383 371//371 375//375
f 383//383 379//379 371//371
f 383//383 375//375 380//380
f 384//384 376//376 112//112
f 384//384 380//380 376//376
f 384//384 112//112 113//113
f 385//385 381//381 373//373
f 385//385 373//373 378//378
f 385//385 75//75 74//74
f 385//385 74//74 381//381
f 386//386 374//374 379//379
f 386//386 382//382 374//374
f 387//387 383//383 380//380
f 388//388 75//75 385//385
f 388//388 76//76 75//75
f 388//388 382//382 386//386
f 388//388 378//378 382//382
f 388//388 385//385 378//378
f 389//389 379//379 383//383
f 389//389 386//386 379//379
f 390//390 387//387 380//380
f 390//390 380//380 384//384
f 390//390 384//384 113//113
f 390//390 113//113 114//114
f 391//391 77//77 76//76
f 391//391 76//76 388//388
f 391//391 388//388 386//386
f 392//392 383//383 387//387
f 392//392 389//389 383//383
f 393//393 78//78 77//77
f 393//393 79//79 78//78
f 393//393 386//386 389//389
f 393//393 77//77 391//391
f 393//393 391//391 386//386
f 393//393 389//389 392//392
f 394//394 387//387 390//390
f 394//394 392//392 387//387
f 394//394 114//114 115//115
f 394//394 115//115 116//116
f 394//394 390//390 114//114
f 395//395 79//79 393//393
f 395//395 393//393 392//392
f 396//396 394//394 116//116
f 396//396 395//395 392//392
f 396//396 80//80 79//79
f 396//396 79//79 395//395
f 396//396 116//116 80//80
f 396//396 392//392 394//394
f 397//397 37//37 2//2
f 405//405 440//440 404//404
f 441//441 397//397 2//2
f 441//441 2//2 3//3
f 442//442 398//398 397//397
f 442//442 397//397 441//441
f 443//443 3//3 4//4
f 443//443 441//441 3//3
f 444//444 399//399 398//398
f 444//444 398//398 442//442
f 445//445 442//442 441//441
f 445//445 441//441 443//443
f 446//446 400//400 399//399
f 446//446 399//399 444//444
f 447//447 4//4 5//5
f 447//447 443//443 4//4
f 448//448 444//444 442//442
f 448//448 442//442 445//445
f 449//449 401//401 400//400
f 449//449 400//400 446//446
f 450//450 445//445 443//443
f 450//450 443//443 447//447
f 451//451 446//446 444//444
f 451//451 444//444 448//448
f 452//452 402//402 401//401
f 452//452 401//401 449//449
f 453//453 5//5 6//6
f 453//453 447//447 5//5
f 454//454 448//448 445//445
f 454//454 445//445 450//450
f 455//455 449//449 446//446
f 455//455 446//446 451//451
f 456//456 402//402 452//452
f 456//456 403//403 402//402
f 457//457 447//447 453//453
f 457//457 450//450 447//447
f 458//458 451//451 448//448
f 458//458 448//448 454//454
f 459//459 452//452 449//449
f 459//459 449//449 455//455
f 460//460 404//404 403//403
f 460//460 405//405 404//404
f 460//460 403//403 456//456
f 460//460 406//406 405//405
f 461//461 6//6 7//7
f 461//461 453//453 6//6
f 462//462 454//454 450//450
f 462//462 450//450 457//457
f 463//463 455//455 451//451
f 463//463 451//451 458//458
f 464//464 456//456 452//452
f 464//464 452//452 459//459
f 465//465 453//453 461//461
f 465//465 457//457 453//453
f 466//466 454//454 462//462
f 466//466 458//458 454//454
f 467//467 455//455 463//463
f 467//467 459//459 455//455
f 468//468 460//460 456//456
f 468//468 456//456 464//464
f 468//468 407//407 406//406
f 468//468 406//406 460//460
f 469//469 7//7 8//8
f 469//469 461//461 7//7
f 469//469 465//465 461//461
f 470//470 462//462 457//457
f 470//470 457//457 465//465
f 471//471 463//463 458//458
f 471//471 458//458 466//466
f 472//472 464//464 459//459
f 472//472 459//459 467//467
f 473//473 465//465 469//469
f 474//474 462//462 470//470
f 474//474 466//466 462//462
f 475//475 467//467 463//463
f 475//475 463//463 471//471
f 476//476 468//468 464//464
f 476//476 408//408 407//407
f 476//476 464//464 472//472
f 476//476 407//407 468//468
f 477//477 8//8 9//9
f 477//477 469//469 8//8
f 478//478 470//470 465//465
f 478//478 465//465 473//473
f 479//479 466//466 474//474
f 479//479 471//471 466//466
f 480//480 467//467 475//475
f 480//480 472//472 467//467
f 481//481 469//469 477//477
f 481//481 473//473 469//469
f 482//482 474//474 470//470
f 482//482 470//470 478//478
f 483//483 471//471 479//479
f 483//483 475//475 471//471
f 484//484 409//409 408//408
f 484//484 472//472 480//480
f 484//484 408//408 476//476
f 484//484 476//476 472//472
f 485//485 9//9 10//10
f 485//485 477//477 9//9
f 486//486 478//478 473//473
f 486//486 473//473 481//481
f 487//487 474//474 482//482
f 487//487 479//479 474//474
f 488//488 480//480 475//475
f 488//488 475//475 483//483
f 489//489 481//481 477//477
f 489//489 477//477 485//485
f 490//490 478//478 486//486
f 490//490 482//482 478//478
f 491//491 483//483 479//479
f 491//491 479//479 487//487
f 492//492 480//480 488//488
f 492//492 484//484 480//480
f 492//492 410//410 409//409
f 492//492 409//409 484//484
f 493//493 10//10 11//11
f 493//493 485//485 10//10
f 494//494 486//486 481//481
f 494//494 481//481 489//489
f 495//495 482//482 490//490
f 495//495 487//487 482//482
f 496//496 488//488 483//483
f 496//496 483//483 491//491
f 497//497 485//485 493//493
f 497//497 489//489 485//485
f 498//498 486//486 494//494
f 498//498 490//490 486//486
f 499//499 491//491 487//487
f 499//499 487//487 495//495
f 500//500 488//488 496//496
f 500//500 410//410 492//492
f 500//500 411//411 410//410
f 500//500 492//492 488//488
f 501//501 493//493 11//11
f 501//501 11//11 12//12
f 502//502 489//489 497//497
f 502//502 494//494 489//489
f 503//503 495//495 490//490
f 503//503 490//490 498//498
f 504//504 496//496 491//491
f 504//504 491//491 499//499
f 505//505 493//493 501//501
f 505//505 497//497 493//493
f 505//505 502//502 497//497
f 506//506 498//498 494//494
f 506//506 494//494 502//502
f 507//507 499//499 495//495
f 507//507 495//495 503//503
f 507//507 504//504 499//499
f 508//508 500//500 496//496
f 508//508 411//411 500//500
f 508//508 412//412 411//411
f 508//508 496//496 504//504
f 509//509 12//12 13//13
f 509//509 501//501 12//12
f 510//510 502//502 505//505
f 511//511 503//503 498//498
f 511//511 498//498 506//506
f 512//512 504//504 507//507
f 513//513 501//501 509//509
f 513//513 505//505 501//501
f 514//514 506//506 502//502
f 514//514 502//502 510//510
f 515//515 507//507 503//503
f 515//515 503//503 511//511
f 516//516 412//412 508//508
f 516//516 413//413 412//412
f 516//516 508//508 504//504
f 516//516 504//504 512//512
f 517//517 13//13 14//14
f 517//517 509//509 13//13
f 518//518 510//510 505//505
f 518//518 505//505 513//513
f 519//519 506//506 514//514
f 519//519 511//511 506//506
f 520//520 512//512 507//507
f 520//520 507//507 515//515
f 521//521 509//509 517//517
f 521//521 513//513 509//509
f 522//522 510//510 518//518
f 522//522 514//514 510//510
f 523//523 511//511 519//519
f 523//523 515//515 511//511
f 524//524 516//516 512//512
f 524//524 414//414 413//413
f 524//524 413//413 516//516
f 524//524 512//512 520//520
f 525//525 521//521 517//517
f 525//525 14//14 15//15
f 525//525 517//517 14//14
f 526//526 513//513 521//521
f 526//526 518//518 513//513
f 527//527 514//514 522//522
f 527//527 519//519 514//514
f 528//528 515//515 523//523
f 528//528 520//520 515//515
f 529//529 521//521 525//525
f 530//530 518//518 526//526
f 530//530 522//522 518//518
f 531//531 523//523 519//519
f 531//531 519//519 527//527
f 532//532 414//414 524//524
f 532//532 524//524 520//520
f 532//532 520//520 528//528
f 532//532 415//415 414//414
f 533//533 15//15 16//16
f 533//533 525//525 15//15
f 534//534 526//526 521//521
f 534//534 521//521 529//529
f 535//535 522//522 530//530
f 535//535 527//527 522//522
f 536//536 523//523 531//531
f 536//536 532//532 528//528
f 536//536 528//528 523//523
f 537//537 529//529 525//525
f 537//537 525//525 533//533
f 538//538 526//526 534//534
f 538//538 530//530 526//526
f 539//539 527//527 535//535
f 539//539 531//531 527//527
f 539//539 536//536 531//531
f 540//540 415//415 532//532
f 540//540 532//532 536//536
f 540//540 416//416 415//415
f 541//541 16//16 17//17
f 541//541 533//533 16//16
f 542//542 534//534 529//529
f 542//542 529//529 537//537
f 543//543 535//535 530//530
f 543//543 530//530 538//538
f 544//544 536//536 539//539
f 544//544 540//540 536//536
f 545//545 537//537 533//533
f 545//545 533//533 541//541
f 546//546 538//538 534//534
f 546//546 534//534 542//542
f 547//547 539//539 535//535
f 547//547 535//535 543//543
f 548//548 540//540 544//544
f 548//548 417//417 416//416
f 548//548 416//416 540//540
f 549//549 17//17 18//18
f 549//549 541//541 17//17
f 550//550 542//542 537//537
f 550//550 537//537 545//545
f 551//551 543//543 538//538
f 551//551 538//538 546//546
f 552//552 544//544 539//539
f 552//552 539//539 547//547
f 553//553 545//545 541//541
f 553//553 541//541 549//549
f 554//554 546//546 542//542
f 554//554 542//542 550//550
f 555//555 547//547 543//543
f 555//555 543//543 551//551
f 556//556 417//417 548//548
f 556//556 548//548 544//544
f 556//556 418//418 417//417
f 556//556 544//544 552//552
f 557//557 18//18 19//19
f 557//557 19//19 20//20
f 557//557 549//549 18//18
f 558//558 545//545 553//553
f 558//558 550//550 545//545
f 559//559 546//546 554//554
f 559//559 551//551 546//546
f 560//560 552//552 547//547
f 560//560 547//547 555//555
f 561//561 553//553 549//549
f 561//561 549//549 557//557
f 562//562 550//550 558//558
f 562//562 554//554 550//550
f 563//563 555//555 551//551
f 563//563 551//551 559//559
f 564//564 552//552 560//560
f 564//564 418//418 556//556
f 564//564 556//556 552//552
f 564//564 419//419 418//418
f 565//565 557//557 20//20
f 566//566 558//558 553//553
f 566//566 553//553 561//561
f 567//567 563//563 559//559
f 567//567 554//554 562//562
f 567//567 559//559 554//554
f 568//568 555//555 563//563
f 568//568 560//560 555//555
f 569//569 561//561 557//557
f 569//569 557//557 565//565
f 570//570 562//562 558//558
f 570//570 558//558 566//566
f 571//571 563//563 567//567
f 572//572 564//564 560//560
f 572//572 419//419 564//564
f 572//572 560//560 568//568
f 572//572 420//420 419//419
f 572//572 421//421 420//420
f 573//573 20//20 21//21
f 573//573 565//565 20//20
f 574//574 566//566 561//561
f 574//574 561//561 569//569
f 575//575 567//567 562//562
f 575//575 562//562 570//570
f 576//576 563//563 571//571
f 576//576 568//568 563//563
f 577//577 569//569 565//565
f 577//577 565//565 573//573
f 578//578 570//570 566//566
f 578//578 566//566 574//574
f 579//579 571//571 567//567
f 579//579 567//567 575//575
f 580//580 572//572 568//568
f 580//580 568//568 576//576
f 580//580 421//421 572//572
f 580//580 422//422 421//421
f 581//581 21//21 22//22
f 581//581 573//573 21//21
f 582//582 574//574 569//569
f 582//582 569//569 577//577
f 583//583 575//575 570//570
f 583//583 570//570 578//578
f 584//584 576//576 571//571
f 584//584 571//571 579//579
f 585//585 577//577 573//573
f 585//585 573//573 581//581
f 586//586 578//578 574//574
f 586//586 574//574 582//582
f 587//587 579//579 575//575
f 587//587 575//575 583//583
f 588//588 580//580 576//576
f 588//588 576//576 584//584
f 588//588 422//422 580//580
f 589//589 22//22 23//23
f 589//589 581//581 22//22
f 590//590 577//577 585//585
f 590//590 582//582 577//577
f 591//591 578//578 586//586
f 591//591 583//583 578//578
f 592//592 584//584 579//579
f 592//592 579//579 587//587
f 593//593 581//581 589//589
f 593//593 585//585 581//581
f 594//594 582//582 590//590
f 594//594 586//586 582//582
f 595//595 583//583 591//591
f 595//595 587//587 583//583
f 596//596 588//588 584//584
f 596//596 584//584 592//592
f 596//596 422//422 588//588
f 596//596 423//423 422//422
f 597//597 589//589 23//23
f 597//597 23//23 24//24
f 598//598 590//590 585//585
f 598//598 585//585 593//593
f 599//599 591//591 586//586
f 599//599 586//586 594//594
f 600//600 592//592 587//587
f 600//600 587//587 595//595
f 601//601 589//589 597//597
f 601//601 593//593 589//589
f 602//602 594//594 590//590
f 602//602 590//590 598//598
f 603//603 591//591 599//599
f 603//603 595//595 591//591
f 604//604 592//592 600//600
f 604//604 423//423 596//596
f 604//604 596//596 592//592
f 604//604 424//424 423//423
f 605//605 597//597 24//24
f 605//605 24//24 25//25
f 605//605 25//25 26//26
f 606//606 598//598 593//593
f 606//606 593//593 601//601
f 607//607 599//599 594//594
f 607//607 594//594 602//602
f 608//608 600//600 595//595
f 608//608 595//595 603//603
f 609//609 601//601 597//597
f 609//609 597//597 605//605
f 609//609 606//606 601//601
f 610//610 602//602 598//598
f 610//610 598//598 606//606
f 611//611 603//603 599//599
f 611//611 599//599 607//607
f 612//612 604//604 600//600
f 612//612 600//600 608//608
f 612//612 424//424 604//604
f 612//612 425//425 424//424
f 613//613 605//605 26//26
f 614//614 606//606 609//609
f 615//615 607//607 602//602
f 615//615 602//602 610//610
f 615//615 611//611 607//607
f 616//616 608//608 603//603
f 616//616 603//603 611//611
f 617//617 605//605 613//613
f 617//617 609//609 605//605
f 618//618 610//610 606//606
f 618//618 606//606 614//614
f 619//619 611//611 615//615
f 620//620 612//612 608//608
f 620//620 426//426 425//425
f 620//620 425//425 612//612
f 620//620 608//608 616//616
f 621//621 613//613 26//26
f 621//621 26//26 27//27
f 622//622 609//609 617//617
f 622//622 614//614 609//609
f 623//623 619//619 615//615
f 623//623 615//615 610//610
f 623//623 610//610 618//618
f 624//624 611//611 619//619
f 624//624 620//620 616//616
f 624//624 616//616 611//611
f 625//625 613//613 621//621
f 625//625 617//617 613//613
f 626//626 614//614 622//622
f 626//626 618//618 614//614
f 627//627 619//619 623//623
f 628//628 426//426 620//620
f 628//628 427//427 426//426
f 628//628 620//620 624//624
f 629//629 621//621 27//27
f 629//629 27//27 28//28
f 630//630 617//617 625//625
f 630//630 622//622 617//617
f 631//631 623//623 618//618
f 631//631 627//627 623//623
f 631//631 618//618 626//626
f 632//632 624//624 619//619
f 632//632 619//619 627//627
f 633//633 625//625 621//621
f 633//633 630//630 625//625
f 633//633 621//621 629//629
f 634//634 626//626 622//622
f 634//634 622//622 630//630
f 635//635 627//627 631//631
f 636//636 624//624 632//632
f 636//636 628//628 624//624
f 636//636 427//427 628//628
f 636//636 428//428 427//427
f 637//637 629//629 28//28
f 637//637 28//28 29//29
f 638//638 630//630 633//633
f 639//639 626//626 634//634
f 639//639 631//631 626//626
f 640//640 627//627 635//635
f 640//640 632//632 627//627
f 641//641 629//629 637//637
f 641//641 633//633 629//629
f 641//641 638//638 633//633
f 642//642 630//630 638//638
f 642//642 634//634 630//630
f 643//643 635//635 631//631
f 643//643 631//631 639//639
f 644//644 636//636 632//632
f 644//644 632//632 640//640
f 644//644 428//428 636//636
f 644//644 429//429 428//428
f 645//645 637//637 29//29
f 645//645 29//29 30//30
f 646//646 638//638 641//641
f 647//647 634//634 642//642
f 647//647 639//639 634//634
f 648//648 640//640 635//635
f 648//648 635//635 643//643
f 649//649 641//641 637//637
f 649//649 637//637 645//645
f 650//650 642//642 638//638
f 650//650 638//638 646//646
f 651//651 639//639 647//647
f 651//651 648//648 643//643
f 651//651 643//643 639//639
f 652//652 644//644 640//640
f 652//652 430//430 429//429
f 652//652 640//640 648//648
f 652//652 431//431 430//430
f 652//652 429//429 644//644
f 653//653 645//645 30//30
f 653//653 30//30 31//31
f 654//654 641//641 649//649
f 654//654 646//646 641//641
f 655//655 647//647 642//642
f 655//655 642//642 650//650
f 656//656 648//648 651//651
f 657//657 645//645 653//653
f 657//657 649//649 645//645
f 658//658 646//646 654//654
f 658//658 650//650 646//646
f 659//659 647//647 655//655
f 659//659 651//651 647//647
f 660//660 652//652 648//648
f 660//660 648//648 656//656
f 660//660 431//431 652//652
f 661//661 653//653 31//31
f 661//661 31//31 32//32
f 661//661 657//657 653//653
f 662//662 649//649 657//657
f 662//662 654//654 649//649
f 663//663 650//650 658//658
f 663//663 655//655 650//650
f 664//664 656//656 651//651
f 664//664 651//651 659//659
f 665//665 657//657 661//661
f 665//665 662//662 657//657
f 666//666 658//658 654//654
f 666//666 654//654 662//662
f 667//667 655//655 663//663
f 667//667 659//659 655//655
f 668//668 660//660 656//656
f 668//668 431//431 660//660
f 668//668 432//432 431//431
f 668//668 656//656 664//664
f 669//669 661//661 32//32
f 669//669 665//665 661//661
f 669//669 32//32 33//33
f 670//670 662//662 665//665
f 671//671 663//663 658//658
f 671//671 658//658 666//666
f 672//672 664//664 659//659
f 672//672 668//668 664//664
f 672//672 659//659 667//667
f 673//673 665//665 669//669
f 673//673 670//670 665//665
f 674//674 662//662 670//670
f 674//674 666//666 662//662
f 675//675 667//667 663//663
f 675//675 663//663 671//671
f 676//676 668//668 672//672
f 676//676 432//432 668//668
f 676//676 433//433 432//432
f 677//677 33//33 34//34
f 677//677 34//34 35//35
f 677//677 669//669 33//33
f 678//678 670//670 673//673
f 679//679 671//671 666//666
f 679//679 675//675 671//671
f 679//679 666//666 674//674
f 680//680 667//667 675//675
f 680//680 672//672 667//667
f 681//681 669//669 677//677
f 681//681 673//673 669//669
f 682//682 674//674 670//670
f 682//682 670//670 678//678
f 683//683 675//675 679//679
f 684//684 676//676 672//672
f 684//684 672//672 680//680
f 684//684 433//433 676//676
f 684//684 434//434 433//433
f 685//685 677//677 35//35
f 686//686 673//673 681//681
f 686//686 678//678 673//673
f 687//687 679//679 674//674
f 687//687 674//674 682//682
f 687//687 683//683 679//679
f 688//688 680//680 675//675
f 688//688 684//684 680//680
f 688//688 675//675 683//683
f 689//689 677//677 685//685
f 689//689 681//681 677//677
f 690//690 682//682 678//678
f 690//690 678//678 686//686
f 691//691 683//683 687//687
f 692//692 684//684 688//688
f 692//692 435//435 434//434
f 692//692 436//436 435//435
f 692//692 434//434 684//684
f 693//693 35//35 36//36
f 693//693 36//36 37//37
f 693//693 685//685 35//35
f 694//694 681//681 689//689
f 694//694 686//686 681//681
f 695//695 682//682 690//690
f 695//695 687//687 682//682
f 696//696 683//683 691//691
f 696//696 688//688 683//683
f 696//696 692//692 688//688
f 697//697 685//685 693//693
f 697//697 689//689 685//685
f 698//698 690//690 686//686
f 698//698 686//686 694//694
f 699//699 687//687 695//695
f 699//699 691//691 687//687
f 700//700 436//436 692//692
f 700//700 692//692 696//696
f 701//701 37//37 397//397
f 701//701 693//693 37//37
f 701//701 697//697 693//693
f 702//702 689//689 697//697
f 702//702 694//694 689//689
f 703//703 695//695 690//690
f 703//703 690//690 698//698
f 704//704 696//696 691//691
f 704//704 691//691 699//699
f 704//704 700//700 696//696
f 705//705 697//697 701//701
f 705//705 397//397 398//398
f 705//705 701//701 397//397
f 706//706 698//698 694//694
f 706//706 694//694 702//702
f 707//707 699//699 695//695
f 707//707 695//695 703//703
f 707//707 704//704 699//699
f 708//708 436//436 700//700
f 708//708 700//700 704//704
f 708//708 437//437 436//436
f 709//709 697//697 705//705
f 709//709 702//702 697//697
f 709//709 398//398 399//399
f 709//709 705//705 398//398
f 710//710 703//703 698//698
f 710//710 698//698 706//706
f 711//711 704//704 707//707
f 712//712 709//709 399//399
f 712//712 399//399 400//400
f 712//712 710//710 706//706
f 712//712 706//706 702//702
f 712//712 702//702 709//709
f 713//713 707//707 703//703
f 713//713 703//703 710//710
f 714//714 704//704 711//711
f 714//714 708//708 704//704
f 714//714 437//437 708//708
f 714//714 438//438 437//437
f 715//715 400//400 401//401
f 715//715 712//712 400//400
f 715//715 710//710 712//712
f 716//716 711//711 707//707
f 716//716 707//707 713//713
f 717//717 401//401 402//402
f 717//717 402//402 403//403
f 717//717 713//713 710//710
f 717//717 715//715 401//401
f 717//717 710//710 715//715
f 717//717 716//716 713//713
f 718//718 714//714 711//711
f 718//718 711//711 716//716
f 718//718 439//439 438//438
f 718//718 440//440 439//439
f 718//718 438//438 714//714
f 719//719 717//717 403//403
f 719//719 716//716 717//717
f 720//720 440//440 718//718
f 720//720 716//716 719//719
f 720//720 403//403 404//404
f 720//720 719//719 403//403
f 720//720 404//404 440//440
f 720//720 718//718 716//716
f 112//112 111//111 110//110
f 95//95 97//97 96//96
f 114//114 109//109 108//108
f 114//114 110//110 109//109
f 114//114 113//113 112//112
f 114//114 112//112 110//110
f 93//93 95//95 94//94
f 116//116 115//115 114//114
f 81//81 116//116 114//114
f 88//88 90//90 89//89
f 86//86 88//88 87//87
f 85//85 82//82 81//81
f 85//85 83//83 82//82
f 85//85 84//84 83//83
f 85//85 91//91 90//90
f 85//85 92//92 91//91
f 85//85 93//93 92//92
f 85//85 98//98 97//97
f 85//85 99//99 98//98
f 85//85 100//100 99//99
f 85//85 101//101 100//100
f 85//85 102//102 101//101
f 85//85 103//103 102//102
f 85//85 104//104 103//103
f 85//85 105//105 104//104
f 85//85 106//106 105//105
f 85//85 107//107 106//106
f 85//85 108//108 107//107
f 85//85 114//114 108//108
f 85//85 88//88 86//86
f 85//85 97//97 95//95
f 85//85 90//90 88//88
f 85//85 95//95 93//93
f 85//85 81//81 114//114
f 436//436 434//434 435//435
f 419//419 420//420 421//421
f 438//438 432//432 433//433
f 438//438 433//433 434//434
f 438//438 436//436 437//437
f 438//438 434//434 436//436
f 417//417 418//418 419//419
f 440//440 438//438 439//439
f 405//405 438//438 440//440
f 412//412 413//413 414//414
f 410//410 411//411 412//412
f 409//409 405//405 406//406
f 409//409 406//406 407//407
f 409//409 407//407 408//408
f 409//409 414//414 415//415
f 409//409 415//415 416//416
f 409//409 416//416 417//417
f 409//409 421//421 422//422
f 409//409 422//422 423//423
f 409//409 423//423 424//424
f 409//409 424//424 425//425
f 409//409 425//425 426//426
f 409//409 426//426 427//427
f 409//409 427//427 428//428
f 409//409 428//428 429//429
f 409//409 429//429 430//430
f 409//409 430//430 431//431
f 409//409 431//431 432//432
f 409//409 432//432 438//438
f 409//409 410//410 412//412
f 409//409 419//419 421//421
f 409//409 412//412 414//414
f 409//409 417//417 419//419
f 409//409 438//438 405//405
o band
usemtl PLA_723f19
v -0.00160 0.00324 -0.00000
v -0.00160 0.00322 0.00022
v -0.00160 0.00317 0.00042
v -0.00160 0.00307 0.00062
v -0.00160 0.00295 0.00080
v -0.00160 0.00280 0.00095
v -0.00160 0.00262 0.00107
v -0.00160 0.00242 0.00117
v -0.00160 0.00222 0.00122
v -0.00160 0.00200 0.00124
v -0.00160 0.00178 0.00122
v -0.00160 0.00158 0.00117
v -0.00160 0.00138 0.00107
v -0.00160 0.00120 0.00095
v -0.00160 0.00105 0.00080
v -0.00160 0.00093 0.00062
v -0.00160 0.00083 0.00042
v -0.00160 0.00078 0.00022
v -0.00160 0.00076 0.00000
v -0.00160 0.00078 -0.00022
v -0.00160 0.00083 -0.00042
v -0.00160 0.00093 -0.00062
v -0.00160 0.00105 -0.00080
v -0.00160 0.00120 -0.00095
v -0.00160 0.00138 -0.00107
v -0.00160 0.00158 -0.00117
v -0.00160 0.00178 -0.00122
v -0.00160 0.00200 -0.00124
v -0.00160 0.00222 -0.00122
v -0.00160 0.00242 -0.00117
v -0.00160 0.00262 -0.00107
v -0.00160 0.00280 -0.00095
v -0.00160 0.00295 -0.00080
v -0.00160 0.00307 -0.00062
v -0.00160 0.00317 -0.00042
v -0.00160 0.00322 -0.00022
v -0.00210 0.00324 -0.00000
v -0.00210 0.00322 0.00022
v -0.00210 0.00317 0.00042
v -0.00210 0.00307 0.00062
v -0.00210 0.00295 0.00080
v -0.00210 0.00280 0.00095
v -0.00210 0.00262 0.00107
v -0.00210 0.00242 0.00117
v -0.00210 0.00222 0.00122
v -0.00210 0.00200 0.00124
v -0.00210 0.00178 0.00122
v -0.00210 0.00158 0.00117
v -0.00210 0.00138 0.00107
v -0.00210 0.00120 0.00095
v -0.00210 0.00105 0.00080
v -0.00210 0.00093 0.00062
v -0.00210 0.00083 0.00042
v -0.00210 0.00078 0.00022
v -0.00210 0.00076 0.00000
v -0.00210 0.00078 -0.00022
v -0.00210 0.00083 -0.00042
v -0.00210 0.00093 -0.00062
v -0.00210 0.00105 -0.00080
v -0.00210 0.00120 -0.00095
v -0.00210 0.00138 -0.00107
v -0.00210 0.00158 -0.00117
v -0.00210 0.00178 -0.00122
v -0.00210 0.00200 -0.00124
v -0.00210 0.00222 -0.00122
v -0.00210 0.00242 -0.00117
v -0.00210 0.00262 -0.00107
v -0.00210 0.00280 -0.00095
v -0.00210 0.00295 -0.00080
v -0.00210 0.00307 -0.00062
v -0.00210 0.00317 -0.00042
v -0.00210 0.00322 -0.00022
vn -0.0000 1.0000 -0.0000
vn 0.0000 0.9848 0.1736
vn 0.0000 0.9397 0.3420
vn 0.0000 0.8660 0.5000
vn 0.0000 0.7660 0.6428
vn 0.0000 0.6428 0.7660
vn 0.0000 0.5000 0.8660
vn 0.0000 0.3420 0.9397
vn 0.0000 0.1736 0.9848
vn 0.0000 0.0000 1.0000
vn 0.0000 -0.1736 0.9848
vn 0.0000 -0.3420 0.9397
vn 0.0000 -0.5000 0.8660
vn 0.0000 -0.6428 0.7660
vn 0.0000 -0.7660 0.6428
vn 0.0000 -0.8660 0.5000
vn 0.0000 -0.9397 0.3420
vn 0.0000 -0.9848 0.1736
vn 0.0000 -1.0000 0.0000
vn 0.0000 -0.9848 -0.1736
vn 0.0000 -0.9397 -0.3420
vn 0.0000 -0.8660 -0.5000
vn 0.0000 -0.7660 -0.6428
vn 0.0000 -0.6428 -0.7660
vn 0.0000 -0.5000 -0.8660
vn 0.0000 -0.3420 -0.9397
vn 0.0000 -0.1736 -0.9848
vn 0.0000 -0.0000 -1.0000
vn -0.0000 0.1736 -0.9848
vn -0.0000 0.3420 -0.9397
vn -0.0000 0.5000 -0.8660
vn -0.0000 0.6428 -0.7660
vn -0.0000 0.7660 -0.6428
vn -0.0000 0.8660 -0.5000
vn -0.0000 0.9397 -0.3420
vn -0.0000 0.9848 -0.1736
vn -0.0000 1.0000 -0.0000
vn 0.0000 0.9848 0.1736
vn 0.0000 0.9397 0.3420
vn 0.0000 0.8660 0.5000
vn 0.0000 0.7660 0.6428
vn 0.0000 0.6428 0.7660
vn 0.0000 0.5000 0.8660
vn 0.0000 0.3420 0.9397
vn 0.0000 0.1736 0.9848
vn 0.0000 0.0000 1.0000
vn 0.0000 -0.1736 0.9848
vn 0.0000 -0.3420 0.9397
vn 0.0000 -0.5000 0.8660
vn 0.0000 -0.6428 0.7660
vn 0.0000 -0.7660 0.6428
vn 0.0000 -0.8660 0.5000
vn 0.0000 -0.9397 0.3420
vn 0.0000 -0.9848 0.1736
vn 0.0000 -1.0000 0.0000
vn 0.0000 -0.9848 -0.1736
vn 0.0000 -0.9397 -0.3420
vn 0.0000 -0.8660 -0.5000
vn 0.0000 -0.7660 -0.6428
vn 0.0000 -0.6428 -0.7660
vn 0.0000 -0.5000 -0.8660
vn 0.0000 -0.3420 -0.9397
vn 0.0000 -0.1736 -0.9848
vn 0.0000 -0.0000 -1.0000
vn -0.0000 0.1736 -0.9848
vn -0.0000 0.3420 -0.9397
vn -0.0000 0.5000 -0.8660
vn -0.0000 0.6428 -0.7660
vn -0.0000 0.7660 -0.6428
vn -0.0000 0.8660 -0.5000
vn -0.0000 0.9397 -0.3420
vn -0.0000 0.9848 -0.1736
f 722//722 721//721 757//757
f 722//722 757//757 758//758
f 723//723 758//758 759//759
f 723//723 722//722 758//758
f 724//724 759//759 760//760
f 724//724 723//723 759//759
f 725//725 760//760 761//761
f 725//725 724//724 760//760
f 726//726 761//761 762//762
f 726//726 725//725 761//761
f 727//727 726//726 762//762
f 727//727 762//762 763//763
f 728//728 727//727 763//763
f 728//728 763//763 764//764
f 729//729 728//728 764//764
f 729//729 764//764 765//765
f 730//730 729//729 765//765
f 730//730 765//765 766//766
f 731//731 730//730 766//766
f 731//731 766//766 767//767
f 732//732 731//731 767//767
f 732//732 767//767 768//768
f 733//733 732//732 768//768
f 733//733 768//768 769//769
f 734//734 733//733 769//769
f 734//734 769//769 770//770
f 735//735 734//734 770//770
f 735//735 770//770 771//771
f 736//736 735//735 771//771
f 736//736 771//771 772//772
f 737//737 736//736 772//772
f 737//737 772//772 773//773
f 738//738 737//737 773//773
f 738//738 773//773 774//774
f 739//739 738//738 774//774
f 739//739 774//774 775//775
f 740//740 775//775 776//776
f 740//740 739//739 775//775
f 741//741 776//776 777//777
f 741//741 740//740 776//776
f 742//742 777//777 778//778
f 742//742 741//741 777//777
f 743//743 778//778 779//779
f 743//743 742//742 778//778
f 744//744 779//779 780//780
f 744//744 743//743 779//779
f 745//745 780//780 781//781
f 745//745 744//744 780//780
f 746//746 781//781 782//782
f 746//746 745//745 781//781
f 747//747 746//746 782//782
f 747//747 782//782 783//783
f 748//748 783//783 784//784
f 748//748 747//747 783//783
f 749//749 784//784 785//785
f 749//749 748//748 784//784
f 750//750 785//785 786//786
f 750//750 749//749 785//785
f 751//751 786//786 787//787
f 751//751 750//750 786//786
f 752//752 751//751 787//787
f 752//752 787//787 788//788
f 753//753 752//752 788//788
f 753//753 788//788 789//789
f 754//754 753//753 789//789
f 754//754 789//789 790//790
f 755//755 754//754 790//790
f 755//755 790//790 791//791
f 756//756 755//755 791//791
f 756//756 791//791 792//792
f 721//721 756//756 792//792
f 721//721 792//792 757//757
f 741//741 742//742 743//743
f 737//737 738//738 739//739
f 751//751 749//749 750//750
f 735//735 736//736 737//737
f 735//735 737//737 739//739
f 753//753 751//751 752//752
f 755//755 753//753 754//754
f 756//756 753//753 755//755
f 731//731 732//732 733//733
f 729//729 730//730 731//731
f 722//722 756//756 721//721
f 722//722 753//753 756//756
f 723//723 753//753 722//722
f 726//726 727//727 728//728
f 726//726 728//728 729//729
f 725//725 753//753 723//723
f 725//725 723//723 724//724
f 725//725 726//726 729//729
f 725//725 733//733 734//734
f 725//725 734//734 735//735
f 725//725 739//739 740//740
f 725//725 740//740 741//741
f 725//725 743//743 744//744
f 725//725 744//744 745//745
f 725//725 745//745 746//746
f 725//725 746//746 747//747
f 725//725 747//747 748//748
f 725//725 748//748 749//749
f 725//725 741//741 743//743
f 725//725 749//749 751//751
f 725//725 751//751 753//753
f 725//725 735//735 739//739
f 725//725 731//731 733//733
f 725//725 729//729 731//731
f 777//777 779//779 778//778
f 773//773 775//775 774//774
f 787//787 786//786 785//785
f 771//771 773//773 772//772
f 771//771 775//775 773//773
f 789//789 788//788 787//787
f 791//791 790//790 789//789
f 792//792 791//791 789//789
f 767//767 769//769 768//768
f 765//765 767//767 766//766
f 758//758 757//757 792//792
f 758//758 792//792 789//789
f 759//759 758//758 789//789
f 762//762 764//764 763//763
f 762//762 765//765 764//764
f 761//761 759//759 789//789
f 761//761 760//760 759//759
f 761//761 765//765 762//762
f 761//761 770//770 769//769
f 761//761 771//771 770//770
f 761//761 776//776 775//775
f 761//761 777//777 776//776
f 761//761 780//780 779//779
f 761//761 781//781 780//780
f 761//761 782//782 781//781
f 761//761 783//783 782//782
f 761//761 784//784 783//783
f 761//761 785//785 784//784
f 761//761 779//779 777//777
f 761//761 787//787 785//785
f 761//761 789//789 787//787
f 761//761 775//775 771//771
f 761//761 769//769 767//767
f 761//761 767//767 765//765
o band_2
usemtl PLA_111114
v -0.00060 0.00324 -0.00000
v -0.00060 0.00322 0.00022
v -0.00060 0.00317 0.00042
v -0.00060 0.00307 0.00062
v -0.00060 0.00295 0.00080
v -0.00060 0.00280 0.00095
v -0.00060 0.00262 0.00107
v -0.00060 0.00242 0.00117
v -0.00060 0.00222 0.00122
v -0.00060 0.00200 0.00124
v -0.00060 0.00178 0.00122
v -0.00060 0.00158 0.00117
v -0.00060 0.00138 0.00107
v -0.00060 0.00120 0.00095
v -0.00060 0.00105 0.00080
v -0.00060 0.00093 0.00062
v -0.00060 0.00083 0.00042
v -0.00060 0.00078 0.00022
v -0.00060 0.00076 0.00000
v -0.00060 0.00078 -0.00022
v -0.00060 0.00083 -0.00042
v -0.00060 0.00093 -0.00062
v -0.00060 0.00105 -0.00080
v -0.00060 0.00120 -0.00095
v -0.00060 0.00138 -0.00107
v -0.00060 0.00158 -0.00117
v -0.00060 0.00178 -0.00122
v -0.00060 0.00200 -0.00124
v -0.00060 0.00222 -0.00122
v -0.00060 0.00242 -0.00117
v -0.00060 0.00262 -0.00107
v -0.00060 0.00280 -0.00095
v -0.00060 0.00295 -0.00080
v -0.00060 0.00307 -0.00062
v -0.00060 0.00317 -0.00042
v -0.00060 0.00322 -0.00022
v -0.00110 0.00324 -0.00000
v -0.00110 0.00322 0.00022
v -0.00110 0.00317 0.00042
v -0.00110 0.00307 0.00062
v -0.00110 0.00295 0.00080
v -0.00110 0.00280 0.00095
v -0.00110 0.00262 0.00107
v -0.00110 0.00242 0.00117
v -0.00110 0.00222 0.00122
v -0.00110 0.00200 0.00124
v -0.00110 0.00178 0.00122
v -0.00110 0.00158 0.00117
v -0.00110 0.00138 0.00107
v -0.00110 0.00120 0.00095
v -0.00110 0.00105 0.00080
v -0.00110 0.00093 0.00062
v -0.00110 0.00083 0.00042
v -0.00110 0.00078 0.00022
v -0.00110 0.00076 0.00000
v -0.00110 0.00078 -0.00022
v -0.00110 0.00083 -0.00042
v -0.00110 0.00093 -0.00062
v -0.00110 0.00105 -0.00080
v -0.00110 0.00120 -0.00095
v -0.00110 0.00138 -0.00107
v -0.00110 0.00158 -0.00117
v -0.00110 0.00178 -0.00122
v -0.00110 0.00200 -0.00124
v -0.00110 0.00222 -0.00122
v -0.00110 0.00242 -0.00117
v -0.00110 0.00262 -0.00107
v -0.00110 0.00280 -0.00095
v -0.00110 0.00295 -0.00080
v -0.00110 0.00307 -0.00062
v -0.00110 0.00317 -0.00042
v -0.00110 0.00322 -0.00022
vn -0.0000 1.0000 -0.0000
vn 0.0000 0.9848 0.1736
vn 0.0000 0.9397 0.3420
vn 0.0000 0.8660 0.5000
vn 0.0000 0.7660 0.6428
vn 0.0000 0.6428 0.7660
vn 0.0000 0.5000 0.8660
vn 0.0000 0.3420 0.9397
vn 0.0000 0.1736 0.9848
vn 0.0000 0.0000 1.0000
vn 0.0000 -0.1736 0.9848
vn 0.0000 -0.3420 0.9397
vn 0.0000 -0.5000 0.8660
vn 0.0000 -0.6428 0.7660
vn 0.0000 -0.7660 0.6428
vn 0.0000 -0.8660 0.5000
vn 0.0000 -0.9397 0.3420
vn 0.0000 -0.9848 0.1736
vn 0.0000 -1.0000 0.0000
vn 0.0000 -0.9848 -0.1736
vn 0.0000 -0.9397 -0.3420
vn 0.0000 -0.8660 -0.5000
vn 0.0000 -0.7660 -0.6428
vn 0.0000 -0.6428 -0.7660
vn 0.0000 -0.5000 -0.8660
vn 0.0000 -0.3420 -0.9397
vn 0.0000 -0.1736 -0.9848
vn 0.0000 -0.0000 -1.0000
vn -0.0000 0.1736 -0.9848
vn -0.0000 0.3420 -0.9397
vn -0.0000 0.5000 -0.8660
vn -0.0000 0.6428 -0.7660
vn -0.0000 0.7660 -0.6428
vn -0.0000 0.8660 -0.5000
vn -0.0000 0.9397 -0.3420
vn -0.0000 0.9848 -0.1736
vn -0.0000 1.0000 -0.0000
vn 0.0000 0.9848 0.1736
vn 0.0000 0.9397 0.3420
vn 0.0000 0.8660 0.5000
vn 0.0000 0.7660 0.6428
vn 0.0000 0.6428 0.7660
vn 0.0000 0.5000 0.8660
vn 0.0000 0.3420 0.9397
vn 0.0000 0.1736 0.9848
vn 0.0000 0.0000 1.0000
vn 0.0000 -0.1736 0.9848
vn 0.0000 -0.3420 0.9397
vn 0.0000 -0.5000 0.8660
vn 0.0000 -0.6428 0.7660
vn 0.0000 -0.7660 0.6428
vn 0.0000 -0.8660 0.5000
vn 0.0000 -0.9397 0.3420
vn 0.0000 -0.9848 0.1736
vn 0.0000 -1.0000 0.0000
vn 0.0000 -0.9848 -0.1736
vn 0.0000 -0.9397 -0.3420
vn 0.0000 -0.8660 -0.5000
vn 0.0000 -0.7660 -0.6428
vn 0.0000 -0.6428 -0.7660
vn 0.0000 -0.5000 -0.8660
vn 0.0000 -0.3420 -0.9397
vn 0.0000 -0.1736 -0.9848
vn 0.0000 -0.0000 -1.0000
vn -0.0000 0.1736 -0.9848
vn -0.0000 0.3420 -0.9397
vn -0.0000 0.5000 -0.8660
vn -0.0000 0.6428 -0.7660
vn -0.0000 0.7660 -0.6428
vn -0.0000 0.8660 -0.5000
vn -0.0000 0.9397 -0.3420
vn -0.0000 0.9848 -0.1736
f 794//794 793//793 829//829
f 794//794 829//829 830//830
f 795//795 830//830 831//831
f 795//795 794//794 830//830
f 796//796 831//831 832//832
f 796//796 795//795 831//831
f 797//797 832//832 833//833
f 797//797 796//796 832//832
f 798//798 833//833 834//834
f 798//798 797//797 833//833
f 799//799 798//798 834//834
f 799//799 834//834 835//835
f 800//800 799//799 835//835
f 800//800 835//835 836//836
f 801//801 800//800 836//836
f 801//801 836//836 837//837
f 802//802 801//801 837//837
f 802//802 837//837 838//838
f 803//803 802//802 838//838
f 803//803 838//838 839//839
f 804//804 803//803 839//839
f 804//804 839//839 840//840
f 805//805 804//804 840//840
f 805//805 840//840 841//841
f 806//806 805//805 841//841
f 806//806 841//841 842//842
f 807//807 806//806 842//842
f 807//807 842//842 843//843
f 808//808 807//807 843//843
f 808//808 843//843 844//844
f 809//809 808//808 844//844
f 809//809 844//844 845//845
f 810//810 809//809 845//845
f 810//810 845//845 846//846
f 811//811 810//810 846//846
f 811//811 846//846 847//847
f 812//812 847//847 848//848
f 812//812 811//811 847//847
f 813//813 848//848 849//849
f 813//813 812//812 848//848
f 814//814 849//849 850//850
f 814//814 813//813 849//849
f 815//815 850//850 851//851
f 815//815 814//814 850//850
f 816//816 851//851 852//852
f 816//816 815//815 851//851
f 817//817 852//852 853//853
f 817//817 816//816 852//852
f 818//818 853//853 854//854
f 818//818 817//817 853//853
f 819//819 854//854 855//855
f 819//819 818//818 854//854
f 820//820 819//819 855//855
f 820//820 855//855 856//856
f 821//821 856//856 857//857
f 821//821 820//820 856//856
f 822//822 857//857 858//858
f 822//822 821//821 857//857
f 823//823 858//858 859//859
f 823//823 822//822 858//858
f 824//824 859//859 860//860
f 824//824 823//823 859//859
f 825//825 824//824 860//860
f 825//825 860//860 861//861
f 826//826 825//825 861//861
f 826//826 861//861 862//862
f 827//827 826//826 862//862
f 827//827 862//862 863//863
f 828//828 827//827 863//863
f 828//828 863//863 864//864
f 793//793 828//828 864//864
f 793//793 864//864 829//829
f 813//813 814//814 815//815
f 809//809 810//810 811//811
f 823//823 821//821 822//822
f 807//807 808//808 809//809
f 807//807 809//809 811//811
f 825//825 823//823 824//824
f 827//827 825//825 826//826
f 828//828 825//825 827//827
f 803//803 804//804 805//805
f 801//801 802//802 803//803
f 794//794 828//828 793//793
f 794//794 825//825 828//828
f 795//795 825//825 794//794
f 798//798 799//799 800//800
f 798//798 800//800 801//801
f 797//797 825//825 795//795
f 797//797 795//795 796//796
f 797//797 798//798 801//801
f 797//797 805//805 806//806
f 797//797 806//806 807//807
f 797//797 811//811 812//812
f 797//797 812//812 813//813
f 797//797 815//815 816//816
f 797//797 816//816 817//817
f 797//797 817//817 818//818
f 797//797 818//818 819//819
f 797//797 819//819 820//820
f 797//797 820//820 821//821
f 797//797 813//813 815//815
f 797//797 821//821 823//823
f 797//797 823//823 825//825
f 797//797 807//807 811//811
f 797//797 803//803 805//805
f 797//797 801//801 803//803
f 849//849 851//851 850//850
f 845//845 847//847 846//846
f 859//859 858//858 857//857
f 843//843 845//845 844//844
f 843//843 847//847 845//845
f 861//861 860//860 859//859
f 863//863 862//862 861//861
f 864//864 863//863 861//861
f 839//839 841//841 840//840
f 837//837 839//839 838//838
f 830//830 829//829 864//864
f 830//830 864//864 861//861
f 831//831 830//830 861//861
f 834//834 836//836 835//835
f 834//834 837//837 836//836
f 833//833 831//831 861//861
f 833//833 832//832 831//831
f 833//833 837//837 834//834
f 833//833 842//842 841//841
f 833//833 843//843 842//842
f 833//833 848//848 847//847
f 833//833 849//849 848//848
f 833//833 852//852 851//851
f 833//833 853//853 852//852
f 833//833 854//854 853//853
f 833//833 855//855 854//854
f 833//833 856//856 855//855
f 833//833 857//857 856//856
f 833//833 851//851 849//849
f 833//833 859//859 857//857
f 833//833 861//861 859//859
f 833//833 847//847 843//843
f 833//833 841//841 839//839
f 833//833 839//839 837//837
o band_3
usemtl PLA_f27219
v 0.00040 0.00324 -0.00000
v 0.00040 0.00322 0.00022
v 0.00040 0.00317 0.00042
v 0.00040 0.00307 0.00062
v 0.00040 0.00295 0.00080
v 0.00040 0.00280 0.00095
v 0.00040 0.00262 0.00107
v 0.00040 0.00242 0.00117
v 0.00040 0.00222 0.00122
v 0.00040 0.00200 0.00124
v 0.00040 0.00178 0.00122
v 0.00040 0.00158 0.00117
v 0.00040 0.00138 0.00107
v 0.00040 0.00120 0.00095
v 0.00040 0.00105 0.00080
v 0.00040 0.00093 0.00062
v 0.00040 0.00083 0.00042
v 0.00040 0.00078 0.00022
v 0.00040 0.00076 0.00000
v 0.00040 0.00078 -0.00022
v 0.00040 0.00083 -0.00042
v 0.00040 0.00093 -0.00062
v 0.00040 0.00105 -0.00080
v 0.00040 0.00120 -0.00095
v 0.00040 0.00138 -0.00107
v 0.00040 0.00158 -0.00117
v 0.00040 0.00178 -0.00122
v 0.00040 0.00200 -0.00124
v 0.00040 0.00222 -0.00122
v 0.00040 0.00242 -0.00117
v 0.00040 0.00262 -0.00107
v 0.00040 0.00280 -0.00095
v 0.00040 0.00295 -0.00080
v 0.00040 0.00307 -0.00062
v 0.00040 0.00317 -0.00042
v 0.00040 0.00322 -0.00022
v -0.00010 0.00324 -0.00000
v -0.00010 0.00322 0.00022
v -0.00010 0.00317 0.00042
v -0.00010 0.00307 0.00062
v -0.00010 0.00295 0.00080
v -0.00010 0.00280 0.00095
v -0.00010 0.00262 0.00107
v -0.00010 0.00242 0.00117
v -0.00010 0.00222 0.00122
v -0.00010 0.00200 0.00124
v -0.00010 0.00178 0.00122
v -0.00010 0.00158 0.00117
v -0.00010 0.00138 0.00107
v -0.00010 0.00120 0.00095
v -0.00010 0.00105 0.00080
v -0.00010 0.00093 0.00062
v -0.00010 0.00083 0.00042
v -0.00010 0.00078 0.00022
v -0.00010 0.00076 0.00000
v -0.00010 0.00078 -0.00022
v -0.00010 0.00083 -0.00042
v -0.00010 0.00093 -0.00062
v -0.00010 0.00105 -0.00080
v -0.00010 0.00120 -0.00095
v -0.00010 0.00138 -0.00107
v -0.00010 0.00158 -0.00117
v -0.00010 0.00178 -0.00122
v -0.00010 0.00200 -0.00124
v -0.00010 0.00222 -0.00122
v -0.00010 0.00242 -0.00117
v -0.00010 0.00262 -0.00107
v -0.00010 0.00280 -0.00095
v -0.00010 0.00295 -0.00080
v -0.00010 0.00307 -0.00062
v -0.00010 0.00317 -0.00042
v -0.00010 0.00322 -0.00022
vn -0.0000 1.0000 -0.0000
vn 0.0000 0.9848 0.1736
vn 0.0000 0.9397 0.3420
vn 0.0000 0.8660 0.5000
vn 0.0000 0.7660 0.6428
vn 0.0000 0.6428 0.7660
vn 0.0000 0.5000 0.8660
vn 0.0000 0.3420 0.9397
vn 0.0000 0.1736 0.9848
vn 0.0000 0.0000 1.0000
vn 0.0000 -0.1736 0.9848
vn 0.0000 -0.3420 0.9397
vn 0.0000 -0.5000 0.8660
vn 0.0000 -0.6428 0.7660
vn 0.0000 -0.7660 0.6428
vn 0.0000 -0.8660 0.5000
vn 0.0000 -0.9397 0.3420
vn 0.0000 -0.9848 0.1736
vn 0.0000 -1.0000 0.0000
vn 0.0000 -0.9848 -0.1736
vn 0.0000 -0.9397 -0.3420
vn 0.0000 -0.8660 -0.5000
vn 0.0000 -0.7660 -0.6428
vn 0.0000 -0.6428 -0.7660
vn 0.0000 -0.5000 -0.8660
vn 0.0000 -0.3420 -0.9397
vn 0.0000 -0.1736 -0.9848
vn 0.0000 -0.0000 -1.0000
vn -0.0000 0.1736 -0.9848
vn -0.0000 0.3420 -0.9397
vn -0.0000 0.5000 -0.8660
vn -0.0000 0.6428 -0.7660
vn -0.0000 0.7660 -0.6428
vn -0.0000 0.8660 -0.5000
vn -0.0000 0.9397 -0.3420
vn -0.0000 0.9848 -0.1736
vn -0.0000 1.0000 -0.0000
vn 0.0000 0.9848 0.1736
vn 0.0000 0.9397 0.3420
vn 0.0000 0.8660 0.5000
vn 0.0000 0.7660 0.6428
vn 0.0000 0.6428 0.7660
vn 0.0000 0.5000 0.8660
vn 0.0000 0.3420 0.9397
vn 0.0000 0.1736 0.9848
vn 0.0000 0.0000 1.0000
vn 0.0000 -0.1736 0.9848
vn 0.0000 -0.3420 0.9397
vn 0.0000 -0.5000 0.8660
vn 0.0000 -0.6428 0.7660
vn 0.0000 -0.7660 0.6428
vn 0.0000 -0.8660 0.5000
vn 0.0000 -0.9397 0.3420
vn 0.0000 -0.9848 0.1736
vn 0.0000 -1.0000 0.0000
vn 0.0000 -0.9848 -0.1736
vn 0.0000 -0.9397 -0.3420
vn 0.0000 -0.8660 -0.5000
vn 0.0000 -0.7660 -0.6428
vn 0.0000 -0.6428 -0.7660
vn 0.0000 -0.5000 -0.8660
vn 0.0000 -0.3420 -0.9397
vn 0.0000 -0.1736 -0.9848
vn 0.0000 -0.0000 -1.0000
vn -0.0000 0.1736 -0.9848
vn -0.0000 0.3420 -0.9397
vn -0.0000 0.5000 -0.8660
vn -0.0000 0.6428 -0.7660
vn -0.0000 0.7660 -0.6428
vn -0.0000 0.8660 -0.5000
vn -0.0000 0.9397 -0.3420
vn -0.0000 0.9848 -0.1736
f 866//866 865//865 901//901
f 866//866 901//901 902//902
f 867//867 902//902 903//903
f 867//867 866//866 902//902
f 868//868 903//903 904//904
f 868//868 867//867 903//903
f 869//869 904//904 905//905
f 869//869 868//868 904//904
f 870//870 905//905 906//906
f 870//870 869//869 905//905
f 871//871 870//870 906//906
f 871//871 906//906 907//907
f 872//872 871//871 907//907
f 872//872 907//907 908//908
f 873//873 872//872 908//908
f 873//873 908//908 909//909
f 874//874 873//873 909//909
f 874//874 909//909 910//910
f 875//875 874//874 910//910
f 875//875 910//910 911//911
f 876//876 875//875 911//911
f 876//876 911//911 912//912
f 877//877 876//876 912//912
f 877//877 912//912 913//913
f 878//878 877//877 913//913
f 878//878 913//913 914//914
f 879//879 878//878 914//914
f 879//879 914//914 915//915
f 880//880 879//879 915//915
f 880//880 915//915 916//916
f 881//881 880//880 916//916
f 881//881 916//916 917//917
f 882//882 881//881 917//917
f 882//882 917//917 918//918
f 883//883 882//882 918//918
f 883//883 918//918 919//919
f 884//884 919//919 920//920
f 884//884 883//883 919//919
f 885//885 920//920 921//921
f 885//885 884//884 920//920
f 886//886 921//921 922//922
f 886//886 885//885 921//921
f 887//887 922//922 923//923
f 887//887 886//886 922//922
f 888//888 923//923 924//924
f 888//888 887//887 923//923
f 889//889 924//924 925//925
f 889//889 888//888 924//924
f 890//890 925//925 926//926
f 890//890 889//889 925//925
f 891//891 890//890 926//926
f 891//891 926//926 927//927
f 892//892 927//927 928//928
f 892//892 891//891 927//927
f 893//893 928//928 929//929
f 893//893 892//892 928//928
f 894//894 929//929 930//930
f 894//894 893//893 929//929
f 895//895 930//930 931//931
f 895//895 894//894 930//930
f 896//896 895//895 931//931
f 896//896 931//931 932//932
f 897//897 896//896 932//932
f 897//897 932//932 933//933
f 898//898 897//897 933//933
f 898//898 933//933 934//934
f 899//899 898//898 934//934
f 899//899 934//934 935//935
f 900//900 899//899 935//935
f 900//900 935//935 936//936
f 865//865 900//900 936//936
f 865//865 936//936 901//901
f 885//885 886//886 887//887
f 881//881 882//882 883//883
f 895//895 893//893 894//894
f 879//879 880//880 881//881
f 879//879 881//881 883//883
f 897//897 895//895 896//896
f 899//899 897//897 898//898
f 900//900 897//897 899//899
f 875//875 876//876 877//877
f 873//873 874//874 875//875
f 866//866 900//900 865//865
f 866//866 897//897 900//900
f 867//867 897//897 866//866
f 870//870 871//871 872//872
f 870//870 872//872 873//873
f 869//869 897//897 867//867
f 869//869 867//867 868//868
f 869//869 870//870 873//873
f 869//869 877//877 878//878
f 869//869 878//878 879//879
f 869//869 883//883 884//884
f 869//869 884//884 885//885
f 869//869 887//887 888//888
f 869//869 888//888 889//889
f 869//869 889//889 890//890
f 869//869 890//890 891//891
f 869//869 891//891 892//892
f 869//869 892//892 893//893
f 869//869 885//885 887//887
f 869//869 893//893 895//895
f 869//869 895//895 897//897
f 869//869 879//879 883//883
f 869//869 875//875 877//877
f 869//869 873//873 875//875
f 921//921 923//923 922//922
f 917//917 919//919 918//918
f 931//931 930//930 929//929
f 915//915 917//917 916//916
f 915//915 919//919 917//917
f 933//933 932//932 931//931
f 935//935 934//934 933//933
f 936//936 935//935 933//933
f 911//911 913//913 912//912
f 909//909 911//911 910//910
f 902//902 901//901 936//936
f 902//902 936//936 933//933
f 903//903 902//902 933//933
f 906//906 908//908 907//907
f 906//906 909//909 908//908
f 905//905 903//903 933//933
f 905//905 904//904 903//903
f 905//905 909//909 906//906
f 905//905 914//914 913//913
f 905//905 915//915 914//914
f 905//905 920//920 919//919
f 905//905 921//921 920//920
f 905//905 924//924 923//923
f 905//905 925//925 924//924
f 905//905 926//926 925//925
f 905//905 927//927 926//926
f 905//905 928//928 927//927
f 905//905 929//929 928//928
f 905//905 923//923 921//921
f 905//905 931//931 929//929
f 905//905 933//933 931//931
f 905//905 919//919 915//915
f 905//905 913//913 911//911
f 905//905 911//911 909//909
o band_4
usemtl PLA_cca83f
v 0.00240 0.00324 -0.00000
v 0.00240 0.00322 0.00022
v 0.00240 0.00317 0.00042
v 0.00240 0.00307 0.00062
v 0.00240 0.00295 0.00080
v 0.00240 0.00280 0.00095
v 0.00240 0.00262 0.00107
v 0.00240 0.00242 0.00117
v 0.00240 0.00222 0.00122
v 0.00240 0.00200 0.00124
v 0.00240 0.00178 0.00122
v 0.00240 0.00158 0.00117
v 0.00240 0.00138 0.00107
v 0.00240 0.00120 0.00095
v 0.00240 0.00105 0.00080
v 0.00240 0.00093 0.00062
v 0.00240 0.00083 0.00042
v 0.00240 0.00078 0.00022
v 0.00240 0.00076 0.00000
v 0.00240 0.00078 -0.00022
v 0.00240 0.00083 -0.00042
v 0.00240 0.00093 -0.00062
v 0.00240 0.00105 -0.00080
v 0.00240 0.00120 -0.00095
v 0.00240 0.00138 -0.00107
v 0.00240 0.00158 -0.00117
v 0.00240 0.00178 -0.00122
v 0.00240 0.00200 -0.00124
v 0.00240 0.00222 -0.00122
v 0.00240 0.00242 -0.00117
v 0.00240 0.00262 -0.00107
v 0.00240 0.00280 -0.00095
v 0.00240 0.00295 -0.00080
v 0.00240 0.00307 -0.00062
v 0.00240 0.00317 -0.00042
v 0.00240 0.00322 -0.00022
v 0.00190 0.00324 -0.00000
v 0.00190 0.00322 0.00022
v 0.00190 0.00317 0.00042
v 0.00190 0.00307 0.00062
v 0.00190 0.00295 0.00080
v 0.00190 0.00280 0.00095
v 0.00190 0.00262 0.00107
v 0.00190 0.00242 0.00117
v 0.00190 0.00222 0.00122
v 0.00190 0.00200 0.00124
v 0.00190 0.00178 0.00122
v 0.00190 0.00158 0.00117
v 0.00190 0.00138 0.00107
v 0.00190 0.00120 0.00095
v 0.00190 0.00105 0.00080
v 0.00190 0.00093 0.00062
v 0.00190 0.00083 0.00042
v 0.00190 0.00078 0.00022
v 0.00190 0.00076 0.00000
v 0.00190 0.00078 -0.00022
v 0.00190 0.00083 -0.00042
v 0.00190 0.00093 -0.00062
v 0.00190 0.00105 -0.00080
v 0.00190 0.00120 -0.00095
v 0.00190 0.00138 -0.00107
v 0.00190 0.00158 -0.00117
v 0.00190 0.00178 -0.00122
v 0.00190 0.00200 -0.00124
v 0.00190 0.00222 -0.00122
v 0.00190 0.00242 -0.00117
v 0.00190 0.00262 -0.00107
v 0.00190 0.00280 -0.00095
v 0.00190 0.00295 -0.00080
v 0.00190 0.00307 -0.00062
v 0.00190 0.00317 -0.00042
v 0.00190 0.00322 -0.00022
vn -0.0000 1.0000 -0.0000
vn 0.0000 0.9848 0.1736
vn 0.0000 0.9397 0.3420
vn 0.0000 0.8660 0.5000
vn 0.0000 0.7660 0.6428
vn 0.0000 0.6428 0.7660
vn 0.0000 0.5000 0.8660
vn 0.0000 0.3420 0.9397
vn 0.0000 0.1736 0.9848
vn 0.0000 0.0000 1.0000
vn 0.0000 -0.1736 0.9848
vn 0.0000 -0.3420 0.9397
vn 0.0000 -0.5000 0.8660
vn 0.0000 -0.6428 0.7660
vn 0.0000 -0.7660 0.6428
vn 0.0000 -0.8660 0.5000
vn 0.0000 -0.9397 0.3420
vn 0.0000 -0.9848 0.1736
vn 0.0000 -1.0000 0.0000
vn 0.0000 -0.9848 -0.1736
vn 0.0000 -0.9397 -0.3420
vn 0.0000 -0.8660 -0.5000
vn 0.0000 -0.7660 -0.6428
vn 0.0000 -0.6428 -0.7660
vn 0.0000 -0.5000 -0.8660
vn 0.0000 -0.3420 -0.9397
vn 0.0000 -0.1736 -0.9848
vn 0.0000 -0.0000 -1.0000
vn -0.0000 0.1736 -0.9848
vn -0.0000 0.3420 -0.9397
vn -0.0000 0.5000 -0.8660
vn -0.0000 0.6428 -0.7660
vn -0.0000 0.7660 -0.6428
vn -0.0000 0.8660 -0.5000
vn -0.0000 0.9397 -0.3420
vn -0.0000 0.9848 -0.1736
vn -0.0000 1.0000 -0.0000
vn 0.0000 0.9848 0.1736
vn 0.0000 0.9397 0.3420
vn 0.0000 0.8660 0.5000
vn 0.0000 0.7660 0.6428
vn 0.0000 0.6428 0.7660
vn 0.0000 0.5000 0.8660
vn 0.0000 0.3420 0.9397
vn 0.0000 0.1736 0.9848
vn 0.0000 0.0000 1.0000
vn 0.0000 -0.1736 0.9848
vn 0.0000 -0.3420 0.9397
vn 0.0000 -0.5000 0.8660
vn 0.0000 -0.6428 0.7660
vn 0.0000 -0.7660 0.6428
vn 0.0000 -0.8660 0.5000
vn 0.0000 -0.9397 0.3420
vn 0.0000 -0.9848 0.1736
vn 0.0000 -1.0000 0.0000
vn 0.0000 -0.9848 -0.1736
vn 0.0000 -0.9397 -0.3420
vn 0.0000 -0.8660 -0.5000
vn 0.0000 -0.7660 -0.6428
vn 0.0000 -0.6428 -0.7660
vn 0.0000 -0.5000 -0.8660
vn 0.0000 -0.3420 -0.9397
vn 0.0000 -0.1736 -0.9848
vn 0.0000 -0.0000 -1.0000
vn -0.0000 0.1736 -0.9848
vn -0.0000 0.3420 -0.9397
vn -0.0000 0.5000 -0.8660
vn -0.0000 0.6428 -0.7660
vn -0.0000 0.7660 -0.6428
vn -0.0000 0.8660 -0.5000
vn -0.0000 0.9397 -0.3420
vn -0.0000 0.9848 -0.1736
f 938//938 937//937 973//973
f 938//938 973//973 974//974
f 939//939 974//974 975//975
f 939//939 938//938 974//974
f 940//940 975//975 976//976
f 940//940 939//939 975//975
f 941//941 976//976 977//977
f 941//941 940//940 976//976
f 942//942 977//977 978//978
f 942//942 941//941 977//977
f 943//943 942//942 978//978
f 943//943 978//978 979//979
f 944//944 943//943 979//979
f 944//944 979//979 980//980
f 945//945 944//944 980//980
f 945//945 980//980 981//981
f 946//946 945//945 981//981
f 946//946 981//981 982//982
f 947//947 946//946 982//982
f 947//947 982//982 983//983
f 948//948 947//947 983//983
f 948//948 983//983 984//984
f 949//949 948//948 984//984
f 949//949 984//984 985//985
f 950//950 949//949 985//985
f 950//950 985//985 986//986
f 951//951 950//950 986//986
f 951//951 986//986 987//987
f 952//952 951//951 987//987
f 952//952 987//987 988//988
f 953//953 952//952 988//988
f 953//953 988//988 989//989
f 954//954 953//953 989//989
f 954//954 989//989 990//990
f 955//955 954//954 990//990
f 955//955 990//990 991//991
f 956//956 991//991 992//992
f 956//956 955//955 991//991
f 957//957 992//992 993//993
f 957//957 956//956 992//992
f 958//958 993//993 994//994
f 958//958 957//957 993//993
f 959//959 994//994 995//995
f 959//959 958//958 994//994
f 960//960 995//995 996//996
f 960//960 959//959 995//995
f 961//961 996//996 997//997
f 961//961 960//960 996//996
f 962//962 997//997 998//998
f 962//962 961//961 997//997
f 963//963 962//962 998//998
f 963//963 998//998 999//999
f 964//964 999//999 1000//1000
f 964//964 963//963 999//999
f 965//965 1000//1000 1001//1001
f 965//965 964//964 1000//1000
f 966//966 1001//1001 1002//1002
f 966//966 965//965 1001//1001
f 967//967 1002//1002 1003//1003
f 967//967 966//966 1002//1002
f 968//968 967//967 1003//1003
f 968//968 1003//1003 1004//1004
f 969//969 968//968 1004//1004
f 969//969 1004//1004 1005//1005
f 970//970 969//969 1005//1005
f 970//970 1005//1005 1006//1006
f 971//971 970//970 1006//1006
f 971//971 1006//1006 1007//1007
f 972//972 971//971 1007//1007
f 972//972 1007//1007 1008//1008
f 937//937 972//972 1008//1008
f 937//937 1008//1008 973//973
f 957//957 958//958 959//959
f 953//953 954//954 955//955
f 967//967 965//965 966//966
f 951//951 952//952 953//953
f 951//951 953//953 955//955
f 969//969 967//967 968//968
f 971//971 969//969 970//970
f 972//972 969//969 971//971
f 947//947 948//948 949//949
f 945//945 946//946 947//947
f 938//938 972//972 937//937
f 938//938 969//969 972//972
f 939//939 969//969 938//938
f 942//942 943//943 944//944
f 942//942 944//944 945//945
f 941//941 969//969 939//939
f 941//941 939//939 940//940
f 941//941 942//942 945//945
f 941//941 949//949 950//950
f 941//941 950//950 951//951
f 941//941 955//955 956//956
f 941//941 956//956 957//957
f 941//941 959//959 960//960
f 941//941 960//960 961//961
f 941//941 961//961 962//962
f 941//941 962//962 963//963
f 941//941 963//963 964//964
f 941//941 964//964 965//965
f 941//941 957//957 959//959
f 941//941 965//965 967//967
f 941//941 967//967 969//969
f 941//941 951//951 955//955
f 941//941 947//947 949//949
f 941//941 945//945 947//947
f 993//993 995//995 994//994
f 989//989 991//991 990//990
f 1003//1003 1002//1002 1001//1001
f 987//987 989//989 988//988
f 987//987 991//991 989//989
f 1005//1005 1004//1004 1003//1003
f 1007//1007 1006//1006 1005//1005
f 1008//1008 1007//1007 1005//1005
f 983//983 985//985 984//984
f 981//981 983//983 982//982
f 974//974 973//973 1008//1008
f 974//974 1008//1008 1005//1005
f 975//975 974//974 1005//1005
f 978//978 980//980 979//979
f 978//978 981//981 980//980
f 977//977 975//975 1005//1005
f 977//977 976//976 975//975
f 977//977 981//981 978//978
f 977//977 986//986 985//985
f 977//977 987//987 986//986
f 977//977 992//992 991//991
f 977//977 993//993 992//992
f 977//977 996//996 995//995
f 977//977 997//997 996//996
f 977//977 998//998 997//997
f 977//977 999//999 998//998
f 977//977 1000//1000 999//999
f 977//977 1001//1001 1000//1000
f 977//977 995//995 993//993
f 977//977 1003//1003 1001//1001
f 977//977 1005//1005 1003//1003
f 977//977 991//991 987//987
f 977//977 985//985 983//983
f 977//977 983//983 981//981
o lead
usemtl PLA_c6c9cc
v -0.00560 0.00170 -0.00000
v -0.00560 0.00170 0.00005
v -0.00560 0.00172 0.00010
v -0.00560 0.00174 0.00015
v -0.00560 0.00177 0.00019
v -0.00560 0.00181 0.00023
v -0.00560 0.00185 0.00026
v -0.00560 0.00190 0.00028
v -0.00560 0.00195 0.00030
v -0.00560 0.00200 0.00030
v -0.00560 0.00205 0.00030
v -0.00560 0.00210 0.00028
v -0.00560 0.00215 0.00026
v -0.00560 0.00219 0.00023
v -0.00560 0.00223 0.00019
v -0.00560 0.00226 0.00015
v -0.00560 0.00228 0.00010
v -0.00560 0.00230 0.00005
v -0.00560 0.00230 0.00000
v -0.00560 0.00230 -0.00005
v -0.00560 0.00228 -0.00010
v -0.00560 0.00226 -0.00015
v -0.00560 0.00223 -0.00019
v -0.00560 0.00219 -0.00023
v -0.00560 0.00215 -0.00026
v -0.00560 0.00210 -0.00028
v -0.00560 0.00205 -0.00030
v -0.00560 0.00200 -0.00030
v -0.00560 0.00195 -0.00030
v -0.00560 0.00190 -0.00028
v -0.00560 0.00185 -0.00026
v -0.00560 0.00181 -0.00023
v -0.00560 0.00177 -0.00019
v -0.00560 0.00174 -0.00015
v -0.00560 0.00172 -0.00010
v -0.00560 0.00170 -0.00005
v -0.00320 0.00170 -0.00000
v -0.00320 0.00170 0.00005
v -0.00320 0.00172 0.00010
v -0.00320 0.00174 0.00015
v -0.00320 0.00177 0.00019
v -0.00320 0.00181 0.00023
v -0.00320 0.00185 0.00026
v -0.00320 0.00190 0.00028
v -0.00320 0.00195 0.00030
v -0.00320 0.00200 0.00030
v -0.00320 0.00205 0.00030
v -0.00320 0.00210 0.00028
v -0.00320 0.00215 0.00026
v -0.00320 0.00219 0.00023
v -0.00320 0.00223 0.00019
v -0.00320 0.00226 0.00015
v -0.00320 0.00228 0.00010
v -0.00320 0.00230 0.00005
v -0.00320 0.00230 0.00000
v -0.00320 0.00230 -0.00005
v -0.00320 0.00228 -0.00010
v -0.00320 0.00226 -0.00015
v -0.00320 0.00223 -0.00019
v -0.00320 0.00219 -0.00023
v -0.00320 0.00215 -0.00026
v -0.00320 0.00210 -0.00028
v -0.00320 0.00205 -0.00030
v -0.00320 0.00200 -0.00030
v -0.00320 0.00195 -0.00030
v -0.00320 0.00190 -0.00028
v -0.00320 0.00185 -0.00026
v -0.00320 0.00181 -0.00023
v -0.00320 0.00177 -0.00019
v -0.00320 0.00174 -0.00015
v -0.00320 0.00172 -0.00010
v -0.00320 0.00170 -0.00005
vn -0.0000 -1.0000 -0.0000
vn -0.0000 -0.9848 0.1736
vn -0.0000 -0.9397 0.3420
vn -0.0000 -0.8660 0.5000
vn -0.0000 -0.7660 0.6428
vn -0.0000 -0.6428 0.7660
vn -0.0000 -0.5000 0.8660
vn -0.0000 -0.3420 0.9397
vn -0.0000 -0.1736 0.9848
vn -0.0000 -0.0000 1.0000
vn 0.0000 0.1736 0.9848
vn 0.0000 0.3420 0.9397
vn 0.0000 0.5000 0.8660
vn 0.0000 0.6428 0.7660
vn 0.0000 0.7660 0.6428
vn 0.0000 0.8660 0.5000
vn 0.0000 0.9397 0.3420
vn 0.0000 0.9848 0.1736
vn 0.0000 1.0000 0.0000
vn 0.0000 0.9848 -0.1736
vn 0.0000 0.9397 -0.3420
vn 0.0000 0.8660 -0.5000
vn 0.0000 0.7660 -0.6428
vn 0.0000 0.6428 -0.7660
vn 0.0000 0.5000 -0.8660
vn 0.0000 0.3420 -0.9397
vn 0.0000 0.1736 -0.9848
vn 0.0000 0.0000 -1.0000
vn 0.0000 -0.1736 -0.9848
vn 0.0000 -0.3420 -0.9397
vn 0.0000 -0.5000 -0.8660
vn 0.0000 -0.6428 -0.7660
vn 0.0000 -0.7660 -0.6428
vn 0.0000 -0.8660 -0.5000
vn 0.0000 -0.9397 -0.3420
vn 0.0000 -0.9848 -0.1736
vn -0.0000 -1.0000 -0.0000
vn -0.0000 -0.9848 0.1736
vn -0.0000 -0.9397 0.3420
vn -0.0000 -0.8660 0.5000
vn -0.0000 -0.7660 0.6428
vn -0.0000 -0.6428 0.7660
vn -0.0000 -0.5000 0.8660
vn -0.0000 -0.3420 0.9397
vn -0.0000 -0.1736 0.9848
vn -0.0000 -0.0000 1.0000
vn 0.0000 0.1736 0.9848
vn 0.0000 0.3420 0.9397
vn 0.0000 0.5000 0.8660
vn 0.0000 0.6428 0.7660
vn 0.0000 0.7660 0.6428
vn 0.0000 0.8660 0.5000
vn 0.0000 0.9397 0.3420
vn 0.0000 0.9848 0.1736
vn 0.0000 1.0000 0.0000
vn 0.0000 0.9848 -0.1736
vn 0.0000 0.9397 -0.3420
vn 0.0000 0.8660 -0.5000
vn 0.0000 0.7660 -0.6428
vn 0.0000 0.6428 -0.7660
vn 0.0000 0.5000 -0.8660
vn 0.0000 0.3420 -0.9397
vn 0.0000 0.1736 -0.9848
vn 0.0000 0.0000 -1.0000
vn 0.0000 -0.1736 -0.9848
vn 0.0000 -0.3420 -0.9397
vn 0.0000 -0.5000 -0.8660
vn 0.0000 -0.6428 -0.7660
vn 0.0000 -0.7660 -0.6428
vn 0.0000 -0.8660 -0.5000
vn 0.0000 -0.9397 -0.3420
vn 0.0000 -0.9848 -0.1736
f 1010//1010 1009//1009 1045//1045
f 1010//1010 1045//1045 1046//1046
f 1011//1011 1046//1046 1047//1047
f 1011//1011 1010//1010 1046//1046
f 1012//1012 1047//1047 1048//1048
f 1012//1012 1011//1011 1047//1047
f 1013//1013 1048//1048 1049//1049
f 1013//1013 1012//1012 1048//1048
f 1014//1014 1049//1049 1050//1050
f 1014//1014 1050//1050 1051//1051
f 1014//1014 1013//1013 1049//1049
f 1015//1015 1014//1014 1051//1051
f 1016//1016 1015//1015 1051//1051
f 1016//1016 1051//1051 1052//1052
f 1017//1017 1016//1016 1052//1052
f 1017//1017 1052//1052 1053//1053
f 1018//1018 1017//1017 1053//1053
f 1018//1018 1053//1053 1054//1054
f 1019//1019 1018//1018 1054//1054
f 1019//1019 1054//1054 1055//1055
f 1020//1020 1019//1019 1055//1055
f 1020//1020 1055//1055 1056//1056
f 1020//1020 1056//1056 1057//1057
f 1021//1021 1020//1020 1057//1057
f 1022//1022 1021//1021 1057//1057
f 1022//1022 1057//1057 1058//1058
f 1023//1023 1022//1022 1058//1058
f 1023//1023 1058//1058 1059//1059
f 1024//1024 1023//1023 1059//1059
f 1024//1024 1059//1059 1060//1060
f 1025//1025 1024//1024 1060//1060
f 1025//1025 1060//1060 1061//1061
f 1025//1025 1061//1061 1062//1062
f 1026//1026 1025//1025 1062//1062
f 1027//1027 1026//1026 1062//1062
f 1027//1027 1062//1062 1063//1063
f 1027//1027 1063//1063 1064//1064
f 1028//1028 1027//1027 1064//1064
f 1029//1029 1064//1064 1065//1065
f 1029//1029 1028//1028 1064//1064
f 1030//1030 1065//1065 1066//1066
f 1030//1030 1029//1029 1065//1065
f 1031//1031 1066//1066 1067//1067
f 1031//1031 1030//1030 1066//1066
f 1032//1032 1067//1067 1068//1068
f 1032//1032 1031//1031 1067//1067
f 1033//1033 1068//1068 1069//1069
f 1033//1033 1032//1032 1068//1068
f 1034//1034 1069//1069 1070//1070
f 1034//1034 1033//1033 1069//1069
f 1035//1035 1070//1070 1071//1071
f 1035//1035 1034//1034 1070//1070
f 1036//1036 1071//1071 1072//1072
f 1036//1036 1035//1035 1071//1071
f 1037//1037 1072//1072 1073//1073
f 1037//1037 1036//1036 1072//1072
f 1038//1038 1073//1073 1074//1074
f 1038//1038 1037//1037 1073//1073
f 1039//1039 1074//1074 1075//1075
f 1039//1039 1038//1038 1074//1074
f 1040//1040 1039//1039 1075//1075
f 1040//1040 1075//1075 1076//1076
f 1041//1041 1040//1040 1076//1076
f 1041//1041 1076//1076 1077//1077
f 1042//1042 1041//1041 1077//1077
f 1042//1042 1077//1077 1078//1078
f 1043//1043 1042//1042 1078//1078
f 1043//1043 1078//1078 1079//1079
f 1044//1044 1043//1043 1079//1079
f 1044//1044 1079//1079 1080//1080
f 1009//1009 1044//1044 1080//1080
f 1009//1009 1080//1080 1045//1045
f 1010//1010 1042//1042 1043//1043
f 1010//1010 1043//1043 1044//1044
f 1010//1010 1044//1044 1009//1009
f 1017//1017 1018//1018 1019//1019
f 1014//1014 1010//1010 1011//1011
f 1014//1014 1011//1011 1012//1012
f 1014//1014 1012//1012 1013//1013
f 1014//1014 1015//1015 1016//1016
f 1014//1014 1016//1016 1017//1017
f 1014//1014 1019//1019 1020//1020
f 1014//1014 1020//1020 1021//1021
f 1014//1014 1021//1021 1022//1022
f 1014//1014 1022//1022 1023//1023
f 1014//1014 1023//1023 1024//1024
f 1014//1014 1024//1024 1025//1025
f 1014//1014 1025//1025 1026//1026
f 1014//1014 1026//1026 1027//1027
f 1014//1014 1027//1027 1028//1028
f 1014//1014 1028//1028 1029//1029
f 1014//1014 1029//1029 1030//1030
f 1014//1014 1030//1030 1031//1031
f 1014//1014 1031//1031 1032//1032
f 1014//1014 1032//1032 1033//1033
f 1014//1014 1033//1033 1034//1034
f 1014//1014 1034//1034 1035//1035
f 1014//1014 1035//1035 1036//1036
f 1014//1014 1036//1036 1037//1037
f 1014//1014 1037//1037 1038//1038
f 1014//1014 1038//1038 1039//1039
f 1014//1014 1039//1039 1040//1040
f 1014//1014 1040//1040 1041//1041
f 1014//1014 1041//1041 1042//1042
f 1014//1014 1042//1042 1010//1010
f 1014//1014 1017//1017 1019//1019
f 1046//1046 1079//1079 1078//1078
f 1046//1046 1080//1080 1079//1079
f 1046//1046 1045//1045 1080//1080
f 1053//1053 1055//1055 1054//1054
f 1050//1050 1047//1047 1046//1046
f 1050//1050 1048//1048 1047//1047
f 1050//1050 1049//1049 1048//1048
f 1050//1050 1052//1052 1051//1051
f 1050//1050 1053//1053 1052//1052
f 1050//1050 1056//1056 1055//1055
f 1050//1050 1057//1057 1056//1056
f 1050//1050 1058//1058 1057//1057
f 1050//1050 1059//1059 1058//1058
f 1050//1050 1060//1060 1059//1059
f 1050//1050 1061//1061 1060//1060
f 1050//1050 1062//1062 1061//1061
f 1050//1050 1063//1063 1062//1062
f 1050//1050 1064//1064 1063//1063
f 1050//1050 1065//1065 1064//1064
f 1050//1050 1066//1066 1065//1065
f 1050//1050 1067//1067 1066//1066
f 1050//1050 1068//1068 1067//1067
f 1050//1050 1069//1069 1068//1068
f 1050//1050 1070//1070 1069//1069
f 1050//1050 1071//1071 1070//1070
f 1050//1050 1072//1072 1071//1071
f 1050//1050 1073//1073 1072//1072
f 1050//1050 1074//1074 1073//1073
f 1050//1050 1075//1075 1074//1074
f 1050//1050 1076//1076 1075//1075
f 1050//1050 1077//1077 1076//1076
f 1050//1050 1078//1078 1077//1077
f 1050//1050 1046//1046 1078//1078
f 1050//1050 1055//1055 1053//1053
o lead_2
usemtl PLA_c6c9cc
v -0.00505 0.00230 0.00000
v -0.00505 0.00230 -0.00005
v -0.00507 0.00230 -0.00010
v -0.00509 0.00230 -0.00015
v -0.00512 0.00230 -0.00019
v -0.00516 0.00230 -0.00023
v -0.00520 0.00230 -0.00026
v -0.00525 0.00230 -0.00028
v -0.00530 0.00230 -0.00030
v -0.00535 0.00230 -0.00030
v -0.00540 0.00230 -0.00030
v -0.00545 0.00230 -0.00028
v -0.00550 0.00230 -0.00026
v -0.00554 0.00230 -0.00023
v -0.00558 0.00230 -0.00019
v -0.00561 0.00230 -0.00015
v -0.00563 0.00230 -0.00010
v -0.00565 0.00230 -0.00005
v -0.00565 0.00230 -0.00000
v -0.00565 0.00230 0.00005
v -0.00563 0.00230 0.00010
v -0.00561 0.00230 0.00015
v -0.00558 0.00230 0.00019
v -0.00554 0.00230 0.00023
v -0.00550 0.00230 0.00026
v -0.00545 0.00230 0.00028
v -0.00540 0.00230 0.00030
v -0.00535 0.00230 0.00030
v -0.00530 0.00230 0.00030
v -0.00525 0.00230 0.00028
v -0.00520 0.00230 0.00026
v -0.00516 0.00230 0.00023
v -0.00512 0.00230 0.00019
v -0.00509 0.00230 0.00015
v -0.00507 0.00230 0.00010
v -0.00505 0.00230 0.00005
v -0.00505 0.00000 0.00000
v -0.00505 0.00000 -0.00005
v -0.00507 0.00000 -0.00010
v -0.00509 0.00000 -0.00015
v -0.00512 0.00000 -0.00019
v -0.00516 0.00000 -0.00023
v -0.00520 0.00000 -0.00026
v -0.00525 0.00000 -0.00028
v -0.00530 0.00000 -0.00030
v -0.00535 0.00000 -0.00030
v -0.00540 0.00000 -0.00030
v -0.00545 0.00000 -0.00028
v -0.00550 0.00000 -0.00026
v -0.00554 0.00000 -0.00023
v -0.00558 0.00000 -0.00019
v -0.00561 0.00000 -0.00015
v -0.00563 0.00000 -0.00010
v -0.00565 0.00000 -0.00005
v -0.00565 0.00000 -0.00000
v -0.00565 0.00000 0.00005
v -0.00563 0.00000 0.00010
v -0.00561 0.00000 0.00015
v -0.00558 0.00000 0.00019
v -0.00554 0.00000 0.00023
v -0.00550 0.00000 0.00026
v -0.00545 0.00000 0.00028
v -0.00540 0.00000 0.00030
v -0.00535 0.00000 0.00030
v -0.00530 0.00000 0.00030
v -0.00525 0.00000 0.00028
v -0.00520 0.00000 0.00026
v -0.00516 0.00000 0.00023
v -0.00512 0.00000 0.00019
v -0.00509 0.00000 0.00015
v -0.00507 0.00000 0.00010
v -0.00505 0.00000 0.00005
vn 1.0000 -0.0000 -0.0000
vn 0.9848 -0.0000 -0.1736
vn 0.9397 -0.0000 -0.3420
vn 0.8660 -0.0000 -0.5000
vn 0.7660 -0.0000 -0.6428
vn 0.6428 -0.0000 -0.7660
vn 0.5000 -0.0000 -0.8660
vn 0.3420 -0.0000 -0.9397
vn 0.1736 -0.0000 -0.9848
vn 0.0000 -0.0000 -1.0000
vn -0.1736 0.0000 -0.9848
vn -0.3420 0.0000 -0.9397
vn -0.5000 0.0000 -0.8660
vn -0.6428 0.0000 -0.7660
vn -0.7660 0.0000 -0.6428
vn -0.8660 0.0000 -0.5000
vn -0.9397 0.0000 -0.3420
vn -0.9848 0.0000 -0.1736
vn -1.0000 0.0000 -0.0000
vn -0.9848 0.0000 0.1736
vn -0.9397 0.0000 0.3420
vn -0.8660 0.0000 0.5000
vn -0.7660 0.0000 0.6428
vn -0.6428 0.0000 0.7660
vn -0.5000 0.0000 0.8660
vn -0.3420 0.0000 0.9397
vn -0.1736 0.0000 0.9848
vn -0.0000 0.0000 1.0000
vn 0.1736 0.0000 0.9848
vn 0.3420 0.0000 0.9397
vn 0.5000 0.0000 0.8660
vn 0.6428 0.0000 0.7660
vn 0.7660 0.0000 0.6428
vn 0.8660 0.0000 0.5000
vn 0.9397 0.0000 0.3420
vn 0.9848 0.0000 0.1736
vn 1.0000 -0.0000 -0.0000
vn 0.9848 -0.0000 -0.1736
vn 0.9397 -0.0000 -0.3420
vn 0.8660 -0.0000 -0.5000
vn 0.7660 -0.0000 -0.6428
vn 0.6428 -0.0000 -0.7660
vn 0.5000 -0.0000 -0.8660
vn 0.3420 -0.0000 -0.9397
vn 0.1736 -0.0000 -0.9848
vn 0.0000 -0.0000 -1.0000
vn -0.1736 0.0000 -0.9848
vn -0.3420 0.0000 -0.9397
vn -0.5000 0.0000 -0.8660
vn -0.6428 0.0000 -0.7660
vn -0.7660 0.0000 -0.6428
vn -0.8660 0.0000 -0.5000
vn -0.9397 0.0000 -0.3420
vn -0.9848 0.0000 -0.1736
vn -1.0000 0.0000 -0.0000
vn -0.9848 0.0000 0.1736
vn -0.9397 0.0000 0.3420
vn -0.8660 0.0000 0.5000
vn -0.7660 0.0000 0.6428
vn -0.6428 0.0000 0.7660
vn -0.5000 0.0000 0.8660
vn -0.3420 0.0000 0.9397
vn -0.1736 0.0000 0.9848
vn -0.0000 0.0000 1.0000
vn 0.1736 0.0000 0.9848
vn 0.3420 0.0000 0.9397
vn 0.5000 0.0000 0.8660
vn 0.6428 0.0000 0.7660
vn 0.7660 0.0000 0.6428
vn 0.8660 0.0000 0.5000
vn 0.9397 0.0000 0.3420
vn 0.9848 0.0000 0.1736
f 1082//1082 1081//1081 1117//1117
f 1082//1082 1117//1117 1118//1118
f 1083//1083 1118//1118 1119//1119
f 1083//1083 1082//1082 1118//1118
f 1084//1084 1119//1119 1120//1120
f 1084//1084 1083//1083 1119//1119
f 1085//1085 1120//1120 1121//1121
f 1085//1085 1121//1121 1122//1122
f 1085//1085 1084//1084 1120//1120
f 1086//1086 1085//1085 1122//1122
f 1087//1087 1086//1086 1122//1122
f 1087//1087 1122//1122 1123//1123
f 1088//1088 1087//1087 1123//1123
f 1088//1088 1123//1123 1124//1124
f 1089//1089 1088//1088 1124//1124
f 1089//1089 1124//1124 1125//1125
f 1090//1090 1089//1089 1125//1125
f 1090//1090 1125//1125 1126//1126
f 1090//1090 1126//1126 1127//1127
f 1091//1091 1090//1090 1127//1127
f 1092//1092 1091//1091 1127//1127
f 1092//1092 1127//1127 1128//1128
f 1093//1093 1092//1092 1128//1128
f 1093//1093 1128//1128 1129//1129
f 1094//1094 1093//1093 1129//1129
f 1094//1094 1129//1129 1130//1130
f 1094//1094 1130//1130 1131//1131
f 1095//1095 1094//1094 1131//1131
f 1096//1096 1095//1095 1131//1131
f 1096//1096 1131//1131 1132//1132
f 1097//1097 1096//1096 1132//1132
f 1097//1097 1132//1132 1133//1133
f 1098//1098 1097//1097 1133//1133
f 1098//1098 1133//1133 1134//1134
f 1099//1099 1098//1098 1134//1134
f 1099//1099 1134//1134 1135//1135
f 1100//1100 1135//1135 1136//1136
f 1100//1100 1099//1099 1135//1135
f 1101//1101 1136//1136 1137//1137
f 1101//1101 1137//1137 1138//1138
f 1101//1101 1100//1100 1136//1136
f 1102//1102 1138//1138 1139//1139
f 1102//1102 1101//1101 1138//1138
f 1103//1103 1139//1139 1140//1140
f 1103//1103 1102//1102 1139//1139
f 1104//1104 1140//1140 1141//1141
f 1104//1104 1103//1103 1140//1140
f 1105//1105 1104//1104 1141//1141
f 1106//1106 1141//1141 1142//1142
f 1106//1106 1105//1105 1141//1141
f 1107//1107 1142//1142 1143//1143
f 1107//1107 1106//1106 1142//1142
f 1108//1108 1143//1143 1144//1144
f 1108//1108 1144//1144 1145//1145
f 1108//1108 1107//1107 1143//1143
f 1109//1109 1108//1108 1145//1145
f 1110//1110 1145//1145 1146//1146
f 1110//1110 1146//1146 1147//1147
f 1110//1110 1109//1109 1145//1145
f 1111//1111 1147//1147 1148//1148
f 1111//1111 1110//1110 1147//1147
f 1112//1112 1111//1111 1148//1148
f 1113//1113 1112//1112 1148//1148
f 1113//1113 1148//1148 1149//1149
f 1114//1114 1113//1113 1149//1149
f 1114//1114 1149//1149 1150//1150
f 1115//1115 1114//1114 1150//1150
f 1115//1115 1150//1150 1151//1151
f 1115//1115 1151//1151 1152//1152
f 1116//1116 1115//1115 1152//1152
f 1081//1081 1116//1116 1152//1152
f 1081//1081 1152//1152 1117//1117
f 1082//1082 1114//1114 1115//1115
f 1082//1082 1115//1115 1116//1116
f 1082//1082 1116//1116 1081//1081
f 1089//1089 1090//1090 1091//1091
f 1086//1086 1082//1082 1083//1083
f 1086//1086 1083//1083 1084//1084
f 1086//1086 1084//1084 1085//1085
f 1086//1086 1087//1087 1088//1088
f 1086//1086 1088//1088 1089//1089
f 1086//1086 1091//1091 1092//1092
f 1086//1086 1092//1092 1093//1093
f 1086//1086 1093//1093 1094//1094
f 1086//1086 1094//1094 1095//1095
f 1086//1086 1095//1095 1096//1096
f 1086//1086 1096//1096 1097//1097
f 1086//1086 1097//1097 1098//1098
f 1086//1086 1098//1098 1099//1099
f 1086//1086 1099//1099 1100//1100
f 1086//1086 1100//1100 1101//1101
f 1086//1086 1101//1101 1102//1102
f 1086//1086 1102//1102 1103//1103
f 1086//1086 1103//1103 1104//1104
f 1086//1086 1104//1104 1105//1105
f 1086//1086 1105//1105 1106//1106
f 1086//1086 1106//1106 1107//1107
f 1086//1086 1107//1107 1108//1108
f 1086//1086 1108//1108 1109//1109
f 1086//1086 1109//1109 1110//1110
f 1086//1086 1110//1110 1111//1111
f 1086//1086 1111//1111 1112//1112
f 1086//1086 1112//1112 1113//1113
f 1086//1086 1113//1113 1114//1114
f 1086//1086 1114//1114 1082//1082
f 1086//1086 1089//1089 1091//1091
f 1118//1118 1151//1151 1150//1150
f 1118//1118 1152//1152 1151//1151
f 1118//1118 1117//1117 1152//1152
f 1125//1125 1127//1127 1126//1126
f 1122//1122 1119//1119 1118//1118
f 1122//1122 1120//1120 1119//1119
f 1122//1122 1121//1121 1120//1120
f 1122//1122 1124//1124 1123//1123
f 1122//1122 1125//1125 1124//1124
f 1122//1122 1128//1128 1127//1127
f 1122//1122 1129//1129 1128//1128
f 1122//1122 1130//1130 1129//1129
f 1122//1122 1131//1131 1130//1130
f 1122//1122 1132//1132 1131//1131
f 1122//1122 1133//1133 1132//1132
f 1122//1122 1134//1134 1133//1133
f 1122//1122 1135//1135 1134//1134
f 1122//1122 1136//1136 1135//1135
f 1122//1122 1137//1137 1136//1136
f 1122//1122 1138//1138 1137//1137
f 1122//1122 1139//1139 1138//1138
f 1122//1122 1140//1140 1139//1139
f 1122//1122 1141//1141 1140//1140
f 1122//1122 1142//1142 1141//1141
f 1122//1122 1143//1143 1142//1142
f 1122//1122 1144//1144 1143//1143
f 1122//1122 1145//1145 1144//1144
f 1122//1122 1146//1146 1145//1145
f 1122//1122 1147//1147 1146//1146
f 1122//1122 1148//1148 1147//1147
f 1122//1122 1149//1149 1148//1148
f 1122//1122 1150//1150 1149//1149
f 1122//1122 1118//1118 1150//1150
f 1122//1122 1127//1127 1125//1125
o lead_3
usemtl PLA_c6c9cc
v 0.00560 0.00230 -0.00000
v 0.00560 0.00230 0.00005
v 0.00560 0.00228 0.00010
v 0.00560 0.00226 0.00015
v 0.00560 0.00223 0.00019
v 0.00560 0.00219 0.00023
v 0.00560 0.00215 0.00026
v 0.00560 0.00210 0.00028
v 0.00560 0.00205 0.00030
v 0.00560 0.00200 0.00030
v 0.00560 0.00195 0.00030
v 0.00560 0.00190 0.00028
v 0.00560 0.00185 0.00026
v 0.00560 0.00181 0.00023
v 0.00560 0.00177 0.00019
v 0.00560 0.00174 0.00015
v 0.00560 0.00172 0.00010
v 0.00560 0.00170 0.00005
v 0.00560 0.00170 0.00000
v 0.00560 0.00170 -0.00005
v 0.00560 0.00172 -0.00010
v 0.00560 0.00174 -0.00015
v 0.00560 0.00177 -0.00019
v 0.00560 0.00181 -0.00023
v 0.00560 0.00185 -0.00026
v 0.00560 0.00190 -0.00028
v 0.00560 0.00195 -0.00030
v 0.00560 0.00200 -0.00030
v 0.00560 0.00205 -0.00030
v 0.00560 0.00210 -0.00028
v 0.00560 0.00215 -0.00026
v 0.00560 0.00219 -0.00023
v 0.00560 0.00223 -0.00019
v 0.00560 0.00226 -0.00015
v 0.00560 0.00228 -0.00010
v 0.00560 0.00230 -0.00005
v 0.00320 0.00230 -0.00000
v 0.00320 0.00230 0.00005
v 0.00320 0.00228 0.00010
v 0.00320 0.00226 0.00015
v 0.00320 0.00223 0.00019
v 0.00320 0.00219 0.00023
v 0.00320 0.00215 0.00026
v 0.00320 0.00210 0.00028
v 0.00320 0.00205 0.00030
v 0.00320 0.00200 0.00030
v 0.00320 0.00195 0.00030
v 0.00320 0.00190 0.00028
v 0.00320 0.00185 0.00026
v 0.00320 0.00181 0.00023
v 0.00320 0.00177 0.00019
v 0.00320 0.00174 0.00015
v 0.00320 0.00172 0.00010
v 0.00320 0.00170 0.00005
v 0.00320 0.00170 0.00000
v 0.00320 0.00170 -0.00005
v 0.00320 0.00172 -0.00010
v 0.00320 0.00174 -0.00015
v 0.00320 0.00177 -0.00019
v 0.00320 0.00181 -0.00023
v 0.00320 0.00185 -0.00026
v 0.00320 0.00190 -0.00028
v 0.00320 0.00195 -0.00030
v 0.00320 0.00200 -0.00030
v 0.00320 0.00205 -0.00030
v 0.00320 0.00210 -0.00028
v 0.00320 0.00215 -0.00026
v 0.00320 0.00219 -0.00023
v 0.00320 0.00223 -0.00019
v 0.00320 0.00226 -0.00015
v 0.00320 0.00228 -0.00010
v 0.00320 0.00230 -0.00005
vn -0.0000 1.0000 -0.0000
vn 0.0000 0.9848 0.1736
vn 0.0000 0.9397 0.3420
vn 0.0000 0.8660 0.5000
vn 0.0000 0.7660 0.6428
vn 0.0000 0.6428 0.7660
vn 0.0000 0.5000 0.8660
vn 0.0000 0.3420 0.9397
vn 0.0000 0.1736 0.9848
vn 0.0000 0.0000 1.0000
vn 0.0000 -0.1736 0.9848
vn 0.0000 -0.3420 0.9397
vn 0.0000 -0.5000 0.8660
vn 0.0000 -0.6428 0.7660
vn 0.0000 -0.7660 0.6428
vn 0.0000 -0.8660 0.5000
vn 0.0000 -0.9397 0.3420
vn 0.0000 -0.9848 0.1736
vn 0.0000 -1.0000 0.0000
vn 0.0000 -0.9848 -0.1736
vn 0.0000 -0.9397 -0.3420
vn 0.0000 -0.8660 -0.5000
vn 0.0000 -0.7660 -0.6428
vn 0.0000 -0.6428 -0.7660
vn 0.0000 -0.5000 -0.8660
vn 0.0000 -0.3420 -0.9397
vn 0.0000 -0.1736 -0.9848
vn 0.0000 -0.0000 -1.0000
vn -0.0000 0.1736 -0.9848
vn -0.0000 0.3420 -0.9397
vn -0.0000 0.5000 -0.8660
vn -0.0000 0.6428 -0.7660
vn -0.0000 0.7660 -0.6428
vn -0.0000 0.8660 -0.5000
vn -0.0000 0.9397 -0.3420
vn -0.0000 0.9848 -0.1736
vn -0.0000 1.0000 -0.0000
vn 0.0000 0.9848 0.1736
vn 0.0000 0.9397 0.3420
vn 0.0000 0.8660 0.5000
vn 0.0000 0.7660 0.6428
vn 0.0000 0.6428 0.7660
vn 0.0000 0.5000 0.8660
vn 0.0000 0.3420 0.9397
vn 0.0000 0.1736 0.9848
vn 0.0000 0.0000 1.0000
vn 0.0000 -0.1736 0.9848
vn 0.0000 -0.3420 0.9397
vn 0.0000 -0.5000 0.8660
vn 0.0000 -0.6428 0.7660
vn 0.0000 -0.7660 0.6428
vn 0.0000 -0.8660 0.5000
vn 0.0000 -0.9397 0.3420
vn 0.0000 -0.9848 0.1736
vn 0.0000 -1.0000 0.0000
vn 0.0000 -0.9848 -0.1736
vn 0.0000 -0.9397 -0.3420
vn 0.0000 -0.8660 -0.5000
vn 0.0000 -0.7660 -0.6428
vn 0.0000 -0.6428 -0.7660
vn 0.0000 -0.5000 -0.8660
vn 0.0000 -0.3420 -0.9397
vn 0.0000 -0.1736 -0.9848
vn 0.0000 -0.0000 -1.0000
vn -0.0000 0.1736 -0.9848
vn -0.0000 0.3420 -0.9397
vn -0.0000 0.5000 -0.8660
vn -0.0000 0.6428 -0.7660
vn -0.0000 0.7660 -0.6428
vn -0.0000 0.8660 -0.5000
vn -0.0000 0.9397 -0.3420
vn -0.0000 0.9848 -0.1736
f 1154//1154 1153//1153 1189//1189
f 1154//1154 1189//1189 1190//1190
f 1155//1155 1190//1190 1191//1191
f 1155//1155 1154//1154 1190//1190
f 1156//1156 1191//1191 1192//1192
f 1156//1156 1155//1155 1191//1191
f 1157//1157 1192//1192 1193//1193
f 1157//1157 1156//1156 1192//1192
f 1158//1158 1193//1193 1194//1194
f 1158//1158 1194//1194 1195//1195
f 1158//1158 1157//1157 1193//1193
f 1159//1159 1158//1158 1195//1195
f 1160//1160 1159//1159 1195//1195
f 1160//1160 1195//1195 1196//1196
f 1161//1161 1160//1160 1196//1196
f 1161//1161 1196//1196 1197//1197
f 1162//1162 1161//1161 1197//1197
f 1162//1162 1197//1197 1198//1198
f 1163//1163 1162//1162 1198//1198
f 1163//1163 1198//1198 1199//1199
f 1164//1164 1163//1163 1199//1199
f 1164//1164 1199//1199 1200//1200
f 1164//1164 1200//1200 1201//1201
f 1165//1165 1164//1164 1201//1201
f 1166//1166 1165//1165 1201//1201
f 1166//1166 1201//1201 1202//1202
f 1167//1167 1166//1166 1202//1202
f 1167//1167 1202//1202 1203//1203
f 1168//1168 1167//1167 1203//1203
f 1168//1168 1203//1203 1204//1204
f 1169//1169 1168//1168 1204//1204
f 1169//1169 1204//1204 1205//1205
f 1169//1169 1205//1205 1206//1206
f 1170//1170 1169//1169 1206//1206
f 1171//1171 1170//1170 1206//1206
f 1171//1171 1206//1206 1207//1207
f 1171//1171 1207//1207 1208//1208
f 1172//1172 1171//1171 1208//1208
f 1173//1173 1208//1208 1209//1209
f 1173//1173 1172//1172 1208//1208
f 1174//1174 1209//1209 1210//1210
f 1174//1174 1173//1173 1209//1209
f 1175//1175 1210//1210 1211//1211
f 1175//1175 1174//1174 1210//1210
f 1176//1176 1211//1211 1212//1212
f 1176//1176 1175//1175 1211//1211
f 1177//1177 1212//1212 1213//1213
f 1177//1177 1176//1176 1212//1212
f 1178//1178 1213//1213 1214//1214
f 1178//1178 1177//1177 1213//1213
f 1179//1179 1214//1214 1215//1215
f 1179//1179 1178//1178 1214//1214
f 1180//1180 1215//1215 1216//1216
f 1180//1180 1179//1179 1215//1215
f 1181//1181 1216//1216 1217//1217
f 1181//1181 1180//1180 1216//1216
f 1182//1182 1217//1217 1218//1218
f 1182//1182 1181//1181 1217//1217
f 1183//1183 1218//1218 1219//1219
f 1183//1183 1182//1182 1218//1218
f 1184//1184 1183//1183 1219//1219
f 1184//1184 1219//1219 1220//1220
f 1185//1185 1184//1184 1220//1220
f 1185//1185 1220//1220 1221//1221
f 1186//1186 1185//1185 1221//1221
f 1186//1186 1221//1221 1222//1222
f 1187//1187 1186//1186 1222//1222
f 1187//1187 1222//1222 1223//1223
f 1188//1188 1187//1187 1223//1223
f 1188//1188 1223//1223 1224//1224
f 1153//1153 1188//1188 1224//1224
f 1153//1153 1224//1224 1189//1189
f 1163//1163 1164//1164 1165//1165
f 1154//1154 1188//1188 1153//1153
f 1159//1159 1160//1160 1161//1161
f 1157//1157 1159//1159 1161//1161
f 1157//1157 1154//1154 1155//1155
f 1157//1157 1155//1155 1156//1156
f 1157//1157 1158//1158 1159//1159
f 1157//1157 1161//1161 1162//1162
f 1157//1157 1162//1162 1163//1163
f 1157//1157 1165//1165 1166//1166
f 1157//1157 1166//1166 1167//1167
f 1157//1157 1167//1167 1168//1168
f 1157//1157 1168//1168 1169//1169
f 1157//1157 1169//1169 1170//1170
f 1157//1157 1170//1170 1171//1171
f 1157//1157 1171//1171 1172//1172
f 1157//1157 1172//1172 1173//1173
f 1157//1157 1173//1173 1174//1174
f 1157//1157 1174//1174 1175//1175
f 1157//1157 1175//1175 1176//1176
f 1157//1157 1176//1176 1177//1177
f 1157//1157 1177//1177 1178//1178
f 1157//1157 1178//1178 1179//1179
f 1157//1157 1179//1179 1180//1180
f 1157//1157 1180//1180 1181//1181
f 1157//1157 1181//1181 1182//1182
f 1157//1157 1182//1182 1183//1183
f 1157//1157 1183//1183 1184//1184
f 1157//1157 1184//1184 1185//1185
f 1157//1157 1185//1185 1186//1186
f 1157//1157 1186//1186 1187//1187
f 1157//1157 1187//1187 1188//1188
f 1157//1157 1188//1188 1154//1154
f 1157//1157 1163//1163 1165//1165
f 1199//1199 1201//1201 1200//1200
f 1190//1190 1189//1189 1224//1224
f 1195//1195 1197//1197 1196//1196
f 1193//1193 1197//1197 1195//1195
f 1193//1193 1191//1191 1190//1190
f 1193//1193 1192//1192 1191//1191
f 1193//1193 1195//1195 1194//1194
f 1193//1193 1198//1198 1197//1197
f 1193//1193 1199//1199 1198//1198
f 1193//1193 1202//1202 1201//1201
f 1193//1193 1203//1203 1202//1202
f 1193//1193 1204//1204 1203//1203
f 1193//1193 1205//1205 1204//1204
f 1193//1193 1206//1206 1205//1205
f 1193//1193 1207//1207 1206//1206
f 1193//1193 1208//1208 1207//1207
f 1193//1193 1209//1209 1208//1208
f 1193//1193 1210//1210 1209//1209
f 1193//1193 1211//1211 1210//1210
f 1193//1193 1212//1212 1211//1211
f 1193//1193 1213//1213 1212//1212
f 1193//1193 1214//1214 1213//1213
f 1193//1193 1215//1215 1214//1214
f 1193//1193 1216//1216 1215//1215
f 1193//1193 1217//1217 1216//1216
f 1193//1193 1218//1218 1217//1217
f 1193//1193 1219//1219 1218//1218
f 1193//1193 1220//1220 1219//1219
f 1193//1193 1221//1221 1220//1220
f 1193//1193 1222//1222 1221//1221
f 1193//1193 1223//1223 1222//1222
f 1193//1193 1224//1224 1223//1223
f 1193//1193 1190//1190 1224//1224
f 1193//1193 1201//1201 1199//1199
o lead_4
usemtl PLA_c6c9cc
v 0.00565 0.00230 0.00000
v 0.00565 0.00230 -0.00005
v 0.00563 0.00230 -0.00010
v 0.00561 0.00230 -0.00015
v 0.00558 0.00230 -0.00019
v 0.00554 0.00230 -0.00023
v 0.00550 0.00230 -0.00026
v 0.00545 0.00230 -0.00028
v 0.00540 0.00230 -0.00030
v 0.00535 0.00230 -0.00030
v 0.00530 0.00230 -0.00030
v 0.00525 0.00230 -0.00028
v 0.00520 0.00230 -0.00026
v 0.00516 0.00230 -0.00023
v 0.00512 0.00230 -0.00019
v 0.00509 0.00230 -0.00015
v 0.00507 0.00230 -0.00010
v 0.00505 0.00230 -0.00005
v 0.00505 0.00230 -0.00000
v 0.00505 0.00230 0.00005
v 0.00507 0.00230 0.00010
v 0.00509 0.00230 0.00015
v 0.00512 0.00230 0.00019
v 0.00516 0.00230 0.00023
v 0.00520 0.00230 0.00026
v 0.00525 0.00230 0.00028
v 0.00530 0.00230 0.00030
v 0.00535 0.00230 0.00030
v 0.00540 0.00230 0.00030
v 0.00545 0.00230 0.00028
v 0.00550 0.00230 0.00026
v 0.00554 0.00230 0.00023
v 0.00558 0.00230 0.00019
v 0.00561 0.00230 0.00015
v 0.00563 0.00230 0.00010
v 0.00565 0.00230 0.00005
v 0.00565 0.00000 0.00000
v 0.00565 0.00000 -0.00005
v 0.00563 0.00000 -0.00010
v 0.00561 0.00000 -0.00015
v 0.00558 0.00000 -0.00019
v 0.00554 0.00000 -0.00023
v 0.00550 0.00000 -0.00026
v 0.00545 0.00000 -0.00028
v 0.00540 0.00000 -0.00030
v 0.00535 0.00000 -0.00030
v 0.00530 0.00000 -0.00030
v 0.00525 0.00000 -0.00028
v 0.00520 0.00000 -0.00026
v 0.00516 0.00000 -0.00023
v 0.00512 0.00000 -0.00019
v 0.00509 0.00000 -0.00015
v 0.00507 0.00000 -0.00010
v 0.00505 0.00000 -0.00005
v 0.00505 0.00000 -0.00000
v 0.00505 0.00000 0.00005
v 0.00507 0.00000 0.00010
v 0.00509 0.00000 0.00015
v 0.00512 0.00000 0.00019
v 0.00516 0.00000 0.00023
v 0.00520 0.00000 0.00026
v 0.00525 0.00000 0.00028
v 0.00530 0.00000 0.00030
v 0.00535 0.00000 0.00030
v 0.00540 0.00000 0.00030
v 0.00545 0.00000 0.00028
v 0.00550 0.00000 0.00026
v 0.00554 0.00000 0.00023
v 0.00558 0.00000 0.00019
v 0.00561 0.00000 0.00015
v 0.00563 0.00000 0.00010
v 0.00565 0.00000 0.00005
vn 1.0000 -0.0000 -0.0000
vn 0.9848 -0.0000 -0.1736
vn 0.9397 -0.0000 -0.3420
vn 0.8660 -0.0000 -0.5000
vn 0.7660 -0.0000 -0.6428
vn 0.6428 -0.0000 -0.7660
vn 0.5000 -0.0000 -0.8660
vn 0.3420 -0.0000 -0.9397
vn 0.1736 -0.0000 -0.9848
vn 0.0000 -0.0000 -1.0000
vn -0.1736 0.0000 -0.9848
vn -0.3420 0.0000 -0.9397
vn -0.5000 0.0000 -0.8660
vn -0.6428 0.0000 -0.7660
vn -0.7660 0.0000 -0.6428
vn -0.8660 0.0000 -0.5000
vn -0.9397 0.0000 -0.3420
vn -0.9848 0.0000 -0.1736
vn -1.0000 0.0000 -0.0000
vn -0.9848 0.0000 0.1736
vn -0.9397 0.0000 0.3420
vn -0.8660 0.0000 0.5000
vn -0.7660 0.0000 0.6428
vn -0.6428 0.0000 0.7660
vn -0.5000 0.0000 0.8660
vn -0.3420 0.0000 0.9397
vn -0.1736 0.0000 0.9848
vn -0.0000 0.0000 1.0000
vn 0.1736 0.0000 0.9848
vn 0.3420 0.0000 0.9397
vn 0.5000 0.0000 0.8660
vn 0.6428 0.0000 0.7660
vn 0.7660 0.0000 0.6428
vn 0.8660 0.0000 0.5000
vn 0.9397 0.0000 0.3420
vn 0.9848 0.0000 0.1736
vn 1.0000 -0.0000 -0.0000
vn 0.9848 -0.0000 -0.1736
vn 0.9397 -0.0000 -0.3420
vn 0.8660 -0.0000 -0.5000
vn 0.7660 -0.0000 -0.6428
vn 0.6428 -0.0000 -0.7660
vn 0.5000 -0.0000 -0.8660
vn 0.3420 -0.0000 -0.9397
vn 0.1736 -0.0000 -0.9848
vn 0.0000 -0.0000 -1.0000
vn -0.1736 0.0000 -0.9848
vn -0.3420 0.0000 -0.9397
vn -0.5000 0.0000 -0.8660
vn -0.6428 0.0000 -0.7660
vn -0.7660 0.0000 -0.6428
vn -0.8660 0.0000 -0.5000
vn -0.9397 0.0000 -0.3420
vn -0.9848 0.0000 -0.1736
vn -1.0000 0.0000 -0.0000
vn -0.9848 0.0000 0.1736
vn -0.9397 0.0000 0.3420
vn -0.8660 0.0000 0.5000
vn -0.7660 0.0000 0.6428
vn -0.6428 0.0000 0.7660
vn -0.5000 0.0000 0.8660
vn -0.3420 0.0000 0.9397
vn -0.1736 0.0000 0.9848
vn -0.0000 0.0000 1.0000
vn 0.1736 0.0000 0.9848
vn 0.3420 0.0000 0.9397
vn 0.5000 0.0000 0.8660
vn 0.6428 0.0000 0.7660
vn 0.7660 0.0000 0.6428
vn 0.8660 0.0000 0.5000
vn 0.9397 0.0000 0.3420
vn 0.9848 0.0000 0.1736
f 1226//1226 1225//1225 1261//1261
f 1226//1226 1261//1261 1262//1262
f 1227//1227 1262//1262 1263//1263
f 1227//1227 1226//1226 1262//1262
f 1228//1228 1263//1263 1264//1264
f 1228//1228 1227//1227 1263//1263
f 1229//1229 1264//1264 1265//1265
f 1229//1229 1265//1265 1266//1266
f 1229//1229 1228//1228 1264//1264
f 1230//1230 1229//1229 1266//1266
f 1231//1231 1230//1230 1266//1266
f 1231//1231 1266//1266 1267//1267
f 1232//1232 1231//1231 1267//1267
f 1232//1232 1267//1267 1268//1268
f 1233//1233 1232//1232 1268//1268
f 1233//1233 1268//1268 1269//1269
f 1234//1234 1233//1233 1269//1269
f 1234//1234 1269//1269 1270//1270
f 1234//1234 1270//1270 1271//1271
f 1235//1235 1234//1234 1271//1271
f 1236//1236 1235//1235 1271//1271
f 1236//1236 1271//1271 1272//1272
f 1237//1237 1236//1236 1272//1272
f 1237//1237 1272//1272 1273//1273
f 1238//1238 1237//1237 1273//1273
f 1238//1238 1273//1273 1274//1274
f 1238//1238 1274//1274 1275//1275
f 1239//1239 1238//1238 1275//1275
f 1240//1240 1239//1239 1275//1275
f 1240//1240 1275//1275 1276//1276
f 1241//1241 1240//1240 1276//1276
f 1241//1241 1276//1276 1277//1277
f 1242//1242 1241//1241 1277//1277
f 1242//1242 1277//1277 1278//1278
f 1243//1243 1242//1242 1278//1278
f 1243//1243 1278//1278 1279//1279
f 1244//1244 1279//1279 1280//1280
f 1244//1244 1243//1243 1279//1279
f 1245//1245 1280//1280 1281//1281
f 1245//1245 1281//1281 1282//1282
f 1245//1245 1244//1244 1280//1280
f 1246//1246 1282//1282 1283//1283
f 1246//1246 1245//1245 1282//1282
f 1247//1247 1283//1283 1284//1284
f 1247//1247 1246//1246 1283//1283
f 1248//1248 1284//1284 1285//1285
f 1248//1248 1247//1247 1284//1284
f 1249//1249 1248//1248 1285//1285
f 1250//1250 1285//1285 1286//1286
f 1250//1250 1249//1249 1285//1285
f 1251//1251 1286//1286 1287//1287
f 1251//1251 1250//1250 1286//1286
f 1252//1252 1287//1287 1288//1288
f 1252//1252 1288//1288 1289//1289
f 1252//1252 1251//1251 1287//1287
f 1253//1253 1252//1252 1289//1289
f 1254//1254 1289//1289 1290//1290
f 1254//1254 1290//1290 1291//1291
f 1254//1254 1253//1253 1289//1289
f 1255//1255 1291//1291 1292//1292
f 1255//1255 1254//1254 1291//1291
f 1256//1256 1255//1255 1292//1292
f 1257//1257 1256//1256 1292//1292
f 1257//1257 1292//1292 1293//1293
f 1258//1258 1257//1257 1293//1293
f 1258//1258 1293//1293 1294//1294
f 1259//1259 1258//1258 1294//1294
f 1259//1259 1294//1294 1295//1295
f 1259//1259 1295//1295 1296//1296
f 1260//1260 1259//1259 1296//1296
f 1225//1225 1260//1260 1296//1296
f 1225//1225 1296//1296 1261//1261
f 1226//1226 1258//1258 1259//1259
f 1226//1226 1259//1259 1260//1260
f 1226//1226 1260//1260 1225//1225
f 1233//1233 1234//1234 1235//1235
f 1230//1230 1226//1226 1227//1227
f 1230//1230 1227//1227 1228//1228
f 1230//1230 1228//1228 1229//1229
f 1230//1230 1231//1231 1232//1232
f 1230//1230 1232//1232 1233//1233
f 1230//1230 1235//1235 1236//1236
f 1230//1230 1236//1236 1237//1237
f 1230//1230 1237//1237 1238//1238
f 1230//1230 1238//1238 1239//1239
f 1230//1230 1239//1239 1240//1240
f 1230//1230 1240//1240 1241//1241
f 1230//1230 1241//1241 1242//1242
f 1230//1230 1242//1242 1243//1243
f 1230//1230 1243//1243 1244//1244
f 1230//1230 1244//1244 1245//1245
f 1230//1230 1245//1245 1246//1246
f 1230//1230 1246//1246 1247//1247
f 1230//1230 1247//1247 1248//1248
f 1230//1230 1248//1248 1249//1249
f 1230//1230 1249//1249 1250//1250
f 1230//1230 1250//1250 1251//1251
f 1230//1230 1251//1251 1252//1252
f 1230//1230 1252//1252 1253//1253
f 1230//1230 1253//1253 1254//1254
f 1230//1230 1254//1254 1255//1255
f 1230//1230 1255//1255 1256//1256
f 1230//1230 1256//1256 1257//1257
f 1230//1230 1257//1257 1258//1258
f 1230//1230 1258//1258 1226//1226
f 1230//1230 1233//1233 1235//1235
f 1262//1262 1295//1295 1294//1294
f 1262//1262 1296//1296 1295//1295
f 1262//1262 1261//1261 1296//1296
f 1269//1269 1271//1271 1270//1270
f 1266//1266 1263//1263 1262//1262
f 1266//1266 1264//1264 1263//1263
f 1266//1266 1265//1265 1264//1264
f 1266//1266 1268//1268 1267//1267
f 1266//1266 1269//1269 1268//1268
f 1266//1266 1272//1272 1271//1271
f 1266//1266 1273//1273 1272//1272
f 1266//1266 1274//1274 1273//1273
f 1266//1266 1275//1275 1274//1274
f 1266//1266 1276//1276 1275//1275
f 1266//1266 1277//1277 1276//1276
f 1266//1266 1278//1278 1277//1277
f 1266//1266 1279//1279 1278//1278
f 1266//1266 1280//1280 1279//1279
f 1266//1266 1281//1281 1280//1280
f 1266//1266 1282//1282 1281//1281
f 1266//1266 1283//1283 1282//1282
f 1266//1266 1284//1284 1283//1283
f 1266//1266 1285//1285 1284//1284
f 1266//1266 1286//1286 1285//1285
f 1266//1266 1287//1287 1286//1286
f 1266//1266 1288//1288 1287//1287
f 1266//1266 1289//1289 1288//1288
f 1266//1266 1290//1290 1289//1289
f 1266//1266 1291//1291 1290//1290
f 1266//1266 1292//1292 1291//1291
f 1266//1266 1293//1293 1292//1292
f 1266//1266 1294//1294 1293//1293
f 1266//1266 1262//1262 1294//1294
f 1266//1266 1271//1271 1269//1269
