# robocad OBJ
mtllib battery_3s.mtl
o cell
usemtl PLA_285bb7
v -0.03150 0.01820 0.01900
v 0.03150 0.01820 0.01900
v 0.03150 0.01814 0.02003
v 0.03150 0.01797 0.02104
v 0.03150 0.01768 0.02202
v 0.03150 0.01728 0.02297
v 0.03150 0.01677 0.02387
v 0.03150 0.01617 0.02470
v 0.03150 0.01547 0.02545
v 0.03150 0.01470 0.02613
v 0.03150 0.01385 0.02671
v 0.03150 0.01294 0.02719
v 0.03150 0.01198 0.02756
v 0.03150 0.01099 0.02782
v 0.03150 0.00997 0.02797
v 0.03150 0.00894 0.02800
v 0.03150 0.00792 0.02791
v 0.03150 0.00691 0.02770
v 0.03150 0.00593 0.02739
v 0.03150 0.00500 0.02696
v 0.03150 0.00412 0.02643
v 0.03150 0.00331 0.02580
v 0.03150 0.00257 0.02509
v 0.03150 0.00192 0.02429
v 0.03150 0.00136 0.02343
v 0.03150 0.00091 0.02250
v 0.03150 0.00056 0.02154
v 0.03150 0.00033 0.02053
v 0.03150 0.00021 0.01951
v 0.03150 0.00021 0.01849
v 0.03150 0.00033 0.01747
v 0.03150 0.00056 0.01646
v 0.03150 0.00091 0.01550
v 0.03150 0.00136 0.01457
v 0.03150 0.00192 0.01371
v 0.03150 0.00257 0.01291
v 0.03150 0.00331 0.01220
v 0.03150 0.00412 0.01157
v 0.03150 0.00500 0.01104
v 0.03150 0.00593 0.01061
v 0.03150 0.00691 0.01030
v 0.03150 0.00792 0.01009
v 0.03150 0.00894 0.01000
v 0.03150 0.00997 0.01003
v 0.03150 0.01099 0.01018
v 0.03150 0.01198 0.01044
v 0.03150 0.01294 0.01081
v 0.03150 0.01385 0.01129
v 0.03150 0.01470 0.01187
v 0.03150 0.01547 0.01255
v 0.03150 0.01617 0.01330
v 0.03150 0.01677 0.01413
v 0.03150 0.01728 0.01503
v 0.03150 0.01768 0.01598
v 0.03150 0.01797 0.01696
v 0.03150 0.01814 0.01797
v -0.03150 0.01814 0.02003
v -0.03150 0.01797 0.02104
v -0.03150 0.01768 0.02202
v -0.03150 0.01728 0.02297
v -0.03150 0.01677 0.02387
v -0.03150 0.01617 0.02470
v -0.03150 0.01547 0.02545
v -0.03150 0.01470 0.02613
v -0.03150 0.01385 0.02671
v -0.03150 0.01294 0.02719
v -0.03150 0.01198 0.02756
v -0.03150 0.01099 0.02782
v -0.03150 0.00997 0.02797
v -0.03150 0.00894 0.02800
v -0.03150 0.00792 0.02791
v -0.03150 0.00691 0.02770
v -0.03150 0.00593 0.02739
v -0.03150 0.00500 0.02696
v -0.03150 0.00412 0.02643
v -0.03150 0.00331 0.02580
v -0.03150 0.00257 0.02509
v -0.03150 0.00192 0.02429
v -0.03150 0.00136 0.02343
v -0.03150 0.00091 0.02250
v -0.03150 0.00056 0.02154
v -0.03150 0.00033 0.02053
v -0.03150 0.00021 0.01951
v -0.03150 0.00021 0.01849
v -0.03150 0.00033 0.01747
v -0.03150 0.00056 0.01646
v -0.03150 0.00091 0.01550
v -0.03150 0.00136 0.01457
v -0.03150 0.00192 0.01371
v -0.03150 0.00257 0.01291
v -0.03150 0.00331 0.01220
v -0.03150 0.00412 0.01157
v -0.03150 0.00500 0.01104
v -0.03150 0.00593 0.01061
v -0.03150 0.00691 0.01030
v -0.03150 0.00792 0.01009
v -0.03150 0.00894 0.01000
v -0.03150 0.00997 0.01003
v -0.03150 0.01099 0.01018
v -0.03150 0.01198 0.01044
v -0.03150 0.01294 0.01081
v -0.03150 0.01385 0.01129
v -0.03150 0.01470 0.01187
v -0.03150 0.01547 0.01255
v -0.03150 0.01617 0.01330
v -0.03150 0.01677 0.01413
v -0.03150 0.01728 0.01503
v -0.03150 0.01768 0.01598
v -0.03150 0.01797 0.01696
v -0.03150 0.01814 0.01797
v -0.03167 0.01818 0.01900
v -0.03184 0.01814 0.01900
v -0.03200 0.01807 0.01900
v -0.03214 0.01797 0.01900
v -0.03227 0.01784 0.01900
v -0.03237 0.01770 0.01900
v -0.03244 0.01754 0.01900
v -0.03248 0.01737 0.01900
v -0.03250 0.01720 0.01900
v -0.03250 0.01714 0.01996
v -0.03250 0.01697 0.02091
v -0.03250 0.01668 0.02184
v -0.03250 0.01628 0.02272
v -0.03250 0.01578 0.02354
v -0.03250 0.01519 0.02430
v -0.03250 0.01450 0.02499
v -0.03250 0.01374 0.02558
v -0.03250 0.01292 0.02608
v -0.03250 0.01204 0.02648
v -0.03250 0.01111 0.02677
v -0.03250 0.01016 0.02694
v -0.03250 0.00920 0.02700
v -0.03250 0.00824 0.02694
v -0.03250 0.00729 0.02677
v -0.03250 0.00636 0.02648
v -0.03250 0.00548 0.02608
v -0.03250 0.00466 0.02558
v -0.03250 0.00390 0.02499
v -0.03250 0.00321 0.02430
v -0.03250 0.00262 0.02354
v -0.03250 0.00212 0.02272
v -0.03250 0.00172 0.02184
v -0.03250 0.00143 0.02091
v -0.03250 0.00126 0.01996
v -0.03250 0.00120 0.01900
v -0.03250 0.00126 0.01804
v -0.03250 0.00143 0.01709
v -0.03250 0.00172 0.01616
v -0.03250 0.00212 0.01528
v -0.03250 0.00262 0.01446
v -0.03250 0.00321 0.01370
v -0.03250 0.00390 0.01301
v -0.03250 0.00466 0.01242
v -0.03250 0.00548 0.01192
v -0.03250 0.00636 0.01152
v -0.03250 0.00729 0.01123
v -0.03250 0.00824 0.01106
v -0.03250 0.00920 0.01100
v -0.03250 0.01016 0.01106
v -0.03250 0.01111 0.01123
v -0.03250 0.01204 0.01152
v -0.03250 0.01292 0.01192
v -0.03250 0.01374 0.01242
v -0.03250 0.01450 0.01301
v -0.03250 0.01519 0.01370
v -0.03250 0.01578 0.01446
v -0.03250 0.01628 0.01528
v -0.03250 0.01668 0.01616
v -0.03250 0.01697 0.01709
v -0.03250 0.01714 0.01804
v -0.03167 0.01813 0.02002
v -0.03184 0.01808 0.02002
v -0.03200 0.01801 0.02001
v -0.03214 0.01791 0.02000
v -0.03227 0.01779 0.01999
v -0.03237 0.01764 0.01997
v -0.03167 0.01795 0.02104
v -0.03244 0.01749 0.01995
v -0.03184 0.01791 0.02102
v -0.03248 0.01732 0.01993
v -0.03200 0.01784 0.02101
v -0.03214 0.01774 0.02099
v -0.03227 0.01762 0.02096
v -0.03237 0.01748 0.02093
v -0.03167 0.01766 0.02202
v -0.03244 0.01733 0.02089
v -0.03184 0.01762 0.02200
v -0.03248 0.01716 0.02085
v -0.03200 0.01755 0.02198
v -0.03214 0.01746 0.02195
v -0.03227 0.01734 0.02190
v -0.03237 0.01721 0.02186
v -0.03167 0.01726 0.02296
v -0.03244 0.01706 0.02180
v -0.03184 0.01722 0.02294
v -0.03248 0.01690 0.02175
v -0.03200 0.01716 0.02291
v -0.03214 0.01707 0.02287
v -0.03227 0.01696 0.02281
v -0.03237 0.01683 0.02275
v -0.03167 0.01676 0.02386
v -0.03244 0.01669 0.02268
v -0.03184 0.01672 0.02383
v -0.03248 0.01654 0.02261
v -0.03167 0.01659 0.02410
v -0.03200 0.01666 0.02379
v -0.03184 0.01656 0.02408
v -0.03214 0.01657 0.02374
v -0.03200 0.01650 0.02404
v -0.03227 0.01647 0.02367
v -0.03214 0.01641 0.02398
v -0.03237 0.01635 0.02360
v -0.03167 0.01616 0.02469
v -0.03227 0.01631 0.02391
v -0.03244 0.01622 0.02351
v -0.03184 0.01612 0.02466
v -0.03237 0.01620 0.02383
v -0.03248 0.01608 0.02342
v -0.03167 0.01593 0.02496
v -0.03200 0.01606 0.02461
v -0.03244 0.01607 0.02374
v -0.03184 0.01589 0.02493
v -0.03214 0.01599 0.02455
v -0.03248 0.01593 0.02364
v -0.03200 0.01584 0.02488
v -0.03227 0.01589 0.02447
v -0.03214 0.01576 0.02481
v -0.03237 0.01578 0.02438
v -0.03167 0.01546 0.02544
v -0.03227 0.01567 0.02473
v -0.03244 0.01566 0.02428
v -0.03184 0.01543 0.02541
v -0.03237 0.01556 0.02464
v -0.03248 0.01553 0.02417
v -0.03200 0.01538 0.02536
v -0.03167 0.01516 0.02573
v -0.03244 0.01544 0.02453
v -0.03214 0.01531 0.02529
v -0.03184 0.01513 0.02569
v -0.03248 0.01532 0.02442
v -0.03227 0.01522 0.02520
v -0.03200 0.01508 0.02564
v -0.03237 0.01512 0.02510
v -0.03214 0.01501 0.02556
v -0.03167 0.01469 0.02612
v -0.03244 0.01501 0.02498
v -0.03227 0.01493 0.02547
v -0.03184 0.01466 0.02608
v -0.03248 0.01490 0.02486
v -0.03237 0.01484 0.02536
v -0.03200 0.01461 0.02602
v -0.03167 0.01430 0.02639
v -0.03244 0.01473 0.02524
v -0.03214 0.01455 0.02594
v -0.03184 0.01428 0.02636
v -0.03248 0.01462 0.02512
v -0.03227 0.01448 0.02584
v -0.03200 0.01424 0.02630
v -0.03237 0.01439 0.02573
v -0.03214 0.01418 0.02621
v -0.03167 0.01384 0.02669
v -0.03244 0.01429 0.02561
v -0.03227 0.01411 0.02611
v -0.03184 0.01382 0.02666
v -0.03248 0.01419 0.02547
v -0.03237 0.01403 0.02600
v -0.03200 0.01378 0.02659
v -0.03167 0.01338 0.02696
v -0.03244 0.01394 0.02587
v -0.03214 0.01373 0.02651
v -0.03184 0.01335 0.02692
v -0.03248 0.01384 0.02573
v -0.03227 0.01366 0.02640
v -0.03200 0.01332 0.02685
v -0.03237 0.01359 0.02628
v -0.03167 0.01293 0.02717
v -0.03214 0.01327 0.02676
v -0.03244 0.01351 0.02614
v -0.03184 0.01291 0.02713
v -0.03227 0.01322 0.02665
v -0.03248 0.01342 0.02600
v -0.03200 0.01288 0.02706
v -0.03237 0.01315 0.02653
v -0.03214 0.01284 0.02697
v -0.03167 0.01239 0.02740
v -0.03244 0.01308 0.02639
v -0.03227 0.01279 0.02686
v -0.03184 0.01237 0.02736
v -0.03248 0.01300 0.02624
v -0.03237 0.01273 0.02673
v -0.03200 0.01234 0.02729
v -0.03167 0.01198 0.02755
v -0.03244 0.01267 0.02659
v -0.03214 0.01231 0.02720
v -0.03184 0.01196 0.02750
v -0.03248 0.01260 0.02644
v -0.03227 0.01226 0.02708
v -0.03200 0.01194 0.02743
v -0.03237 0.01221 0.02695
v -0.03214 0.01191 0.02734
v -0.03167 0.01135 0.02772
v -0.03244 0.01216 0.02680
v -0.03227 0.01187 0.02722
v -0.03184 0.01134 0.02768
v -0.03248 0.01210 0.02664
v -0.03237 0.01183 0.02708
v -0.03200 0.01132 0.02761
v -0.03167 0.01098 0.02781
v -0.03244 0.01178 0.02693
v -0.03214 0.01130 0.02751
v -0.03184 0.01098 0.02776
v -0.03248 0.01173 0.02677
v -0.03227 0.01127 0.02739
v -0.03200 0.01096 0.02769
v -0.03237 0.01123 0.02725
v -0.03214 0.01094 0.02759
v -0.03167 0.01028 0.02792
v -0.03244 0.01120 0.02710
v -0.03227 0.01092 0.02747
v -0.03184 0.01028 0.02787
v -0.03248 0.01116 0.02694
v -0.03237 0.01089 0.02733
v -0.03167 0.00997 0.02795
v -0.03200 0.01027 0.02780
v -0.03244 0.01086 0.02718
v -0.03184 0.00997 0.02791
v -0.03214 0.01026 0.02770
v -0.03248 0.01082 0.02701
v -0.03200 0.00996 0.02783
v -0.03227 0.01024 0.02758
v -0.03214 0.00995 0.02773
v -0.03237 0.01022 0.02744
v -0.03227 0.00994 0.02761
v -0.03167 0.00920 0.02798
v -0.03244 0.01021 0.02728
v -0.03237 0.00993 0.02747
v -0.03184 0.00920 0.02794
v -0.03248 0.01019 0.02711
v -0.03244 0.00991 0.02731
v -0.03200 0.00920 0.02787
v -0.03248 0.00990 0.02714
v -0.03214 0.00920 0.02777
v -0.03227 0.00920 0.02764
v -0.03237 0.00920 0.02750
v -0.03167 0.00812 0.02792
v -0.03244 0.00920 0.02734
v -0.03184 0.00812 0.02787
v -0.03248 0.00920 0.02717
v -0.03200 0.00813 0.02780
v -0.03214 0.00814 0.02770
v -0.03227 0.00816 0.02758
v -0.03237 0.00818 0.02744
v -0.03167 0.00705 0.02772
v -0.03244 0.00819 0.02728
v -0.03184 0.00706 0.02768
v -0.03248 0.00821 0.02711
v -0.03200 0.00708 0.02761
v -0.03214 0.00710 0.02751
v -0.03227 0.00713 0.02739
v -0.03237 0.00717 0.02725
v -0.03167 0.00601 0.02740
v -0.03244 0.00720 0.02710
v -0.03184 0.00603 0.02736
v -0.03248 0.00724 0.02694
v -0.03200 0.00606 0.02729
v -0.03214 0.00609 0.02720
v -0.03227 0.00614 0.02708
v -0.03237 0.00619 0.02695
v -0.03167 0.00502 0.02696
v -0.03244 0.00624 0.02680
v -0.03184 0.00505 0.02692
v -0.03248 0.00630 0.02664
v -0.03200 0.00508 0.02685
v -0.03214 0.00513 0.02676
v -0.03227 0.00518 0.02665
v -0.03237 0.00525 0.02653
v -0.03167 0.00413 0.02642
v -0.03244 0.00532 0.02639
v -0.03184 0.00415 0.02638
v -0.03248 0.00540 0.02624
v -0.03200 0.00420 0.02632
v -0.03214 0.00425 0.02624
v -0.03227 0.00432 0.02613
v -0.03237 0.00440 0.02602
v -0.03167 0.00332 0.02579
v -0.03244 0.00449 0.02589
v -0.03184 0.00335 0.02576
v -0.03248 0.00459 0.02575
v -0.03200 0.00339 0.02570
v -0.03214 0.00346 0.02562
v -0.03227 0.00354 0.02553
v -0.03237 0.00363 0.02542
v -0.03167 0.00258 0.02508
v -0.03244 0.00374 0.02530
v -0.03184 0.00261 0.02504
v -0.03248 0.00385 0.02518
v -0.03200 0.00267 0.02499
v -0.03214 0.00274 0.02493
v -0.03227 0.00283 0.02484
v -0.03237 0.00294 0.02475
v -0.03167 0.00193 0.02428
v -0.03244 0.00305 0.02464
v -0.03184 0.00197 0.02425
v -0.03248 0.00318 0.02453
v -0.03200 0.00203 0.02421
v -0.03214 0.00211 0.02415
v -0.03227 0.00221 0.02408
v -0.03237 0.00232 0.02400
v -0.03167 0.00138 0.02342
v -0.03244 0.00245 0.02390
v -0.03184 0.00142 0.02340
v -0.03248 0.00259 0.02380
v -0.03167 0.00124 0.02318
v -0.03200 0.00148 0.02336
v -0.03184 0.00128 0.02315
v -0.03214 0.00157 0.02331
v -0.03200 0.00135 0.02312
v -0.03227 0.00167 0.02325
v -0.03214 0.00144 0.02307
v -0.03237 0.00180 0.02318
v -0.03227 0.00155 0.02302
v -0.03167 0.00092 0.02250
v -0.03244 0.00194 0.02310
v -0.03237 0.00167 0.02295
v -0.03184 0.00097 0.02248
v -0.03248 0.00208 0.02302
v -0.03167 0.00080 0.02219
v -0.03244 0.00181 0.02288
v -0.03200 0.00103 0.02245
v -0.03184 0.00084 0.02217
v -0.03248 0.00196 0.02280
v -0.03214 0.00113 0.02241
v -0.03200 0.00091 0.02214
v -0.03227 0.00124 0.02236
v -0.03214 0.00100 0.02211
v -0.03237 0.00137 0.02231
v -0.03167 0.00058 0.02153
v -0.03227 0.00112 0.02206
v -0.03244 0.00152 0.02225
v -0.03184 0.00062 0.02152
v -0.03237 0.00125 0.02201
v -0.03248 0.00167 0.02218
v -0.03200 0.00069 0.02150
v -0.03167 0.00048 0.02115
v -0.03244 0.00140 0.02196
v -0.03214 0.00079 0.02147
v -0.03184 0.00052 0.02114
v -0.03248 0.00156 0.02190
v -0.03227 0.00091 0.02143
v -0.03200 0.00059 0.02112
v -0.03237 0.00104 0.02139
v -0.03214 0.00069 0.02110
v -0.03167 0.00035 0.02053
v -0.03244 0.00120 0.02135
v -0.03227 0.00081 0.02107
v -0.03184 0.00039 0.02052
v -0.03248 0.00136 0.02130
v -0.03237 0.00095 0.02103
v -0.03200 0.00046 0.02051
v -0.03167 0.00028 0.02008
v -0.03244 0.00110 0.02100
v -0.03214 0.00056 0.02049
v -0.03184 0.00033 0.02008
v -0.03248 0.00126 0.02096
v -0.03227 0.00068 0.02047
v -0.03200 0.00040 0.02007
v -0.03237 0.00082 0.02045
v -0.03214 0.00050 0.02006
v -0.03167 0.00023 0.01951
v -0.03244 0.00098 0.02042
v -0.03227 0.00062 0.02004
v -0.03184 0.00027 0.01951
v -0.03248 0.00115 0.02039
v -0.03237 0.00076 0.02002
v -0.03200 0.00035 0.01951
v -0.03167 0.00022 0.01900
v -0.03244 0.00092 0.02001
v -0.03214 0.00045 0.01950
v -0.03184 0.00026 0.01900
v -0.03248 0.00109 0.01999
v -0.03227 0.00057 0.01949
v -0.03200 0.00033 0.01900
v -0.03237 0.00071 0.01949
v -0.03167 0.00023 0.01849
v -0.03214 0.00043 0.01900
v -0.03244 0.00087 0.01948
v -0.03184 0.00027 0.01849
v -0.03227 0.00056 0.01900
v -0.03248 0.00104 0.01947
v -0.03200 0.00035 0.01849
v -0.03237 0.00070 0.01900
v -0.03214 0.00045 0.01850
v -0.03167 0.00028 0.01792
v -0.03244 0.00086 0.01900
v -0.03227 0.00057 0.01851
v -0.03184 0.00033 0.01792
v -0.03248 0.00103 0.01900
v -0.03237 0.00071 0.01851
v -0.03200 0.00040 0.01793
v -0.03167 0.00035 0.01747
v -0.03244 0.00087 0.01852
v -0.03214 0.00050 0.01794
v -0.03184 0.00039 0.01748
v -0.03248 0.00104 0.01853
v -0.03227 0.00062 0.01796
v -0.03200 0.00046 0.01749
v -0.03237 0.00076 0.01798
v -0.03214 0.00056 0.01751
v -0.03167 0.00048 0.01685
v -0.03244 0.00092 0.01799
v -0.03227 0.00068 0.01753
v -0.03184 0.00052 0.01686
v -0.03248 0.00109 0.01801
v -0.03237 0.00082 0.01755
v -0.03200 0.00059 0.01688
v -0.03167 0.00058 0.01647
v -0.03244 0.00098 0.01758
v -0.03214 0.00069 0.01690
v -0.03184 0.00062 0.01648
v -0.03248 0.00115 0.01761
v -0.03227 0.00081 0.01693
v -0.03200 0.00069 0.01650
v -0.03237 0.00095 0.01697
v -0.03214 0.00079 0.01653
v -0.03167 0.00080 0.01581
v -0.03244 0.00110 0.01700
v -0.03227 0.00091 0.01657
v -0.03184 0.00084 0.01583
v -0.03248 0.00126 0.01704
v -0.03237 0.00104 0.01661
v -0.03167 0.00092 0.01550
v -0.03200 0.00091 0.01586
v -0.03244 0.00120 0.01665
v -0.03184 0.00097 0.01552
v -0.03214 0.00100 0.01589
v -0.03248 0.00136 0.01670
v -0.03200 0.00103 0.01555
v -0.03227 0.00112 0.01594
v -0.03214 0.00113 0.01559
v -0.03237 0.00125 0.01599
v -0.03227 0.00124 0.01564
v -0.03167 0.00124 0.01482
v -0.03244 0.00140 0.01604
v -0.03237 0.00137 0.01569
v -0.03184 0.00128 0.01485
v -0.03248 0.00156 0.01610
v -0.03167 0.00138 0.01458
v -0.03244 0.00152 0.01575
v -0.03200 0.00135 0.01488
v -0.03184 0.00142 0.01460
v -0.03248 0.00167 0.01582
v -0.03214 0.00144 0.01493
v -0.03200 0.00148 0.01464
v -0.03227 0.00155 0.01498
v -0.03214 0.00157 0.01469
v -0.03237 0.00167 0.01505
v -0.03227 0.00167 0.01475
v -0.03167 0.00181 0.01390
v -0.03244 0.00181 0.01512
v -0.03237 0.00180 0.01482
v -0.03184 0.00184 0.01392
v -0.03248 0.00196 0.01520
v -0.03244 0.00194 0.01490
v -0.03200 0.00190 0.01396
v -0.03248 0.00208 0.01498
v -0.03214 0.00199 0.01402
v -0.03227 0.00209 0.01409
v -0.03237 0.00220 0.01417
v -0.03167 0.00247 0.01304
v -0.03244 0.00233 0.01426
v -0.03184 0.00251 0.01307
v -0.03248 0.00247 0.01436
v -0.03200 0.00256 0.01312
v -0.03214 0.00264 0.01319
v -0.03227 0.00273 0.01327
v -0.03237 0.00284 0.01336
v -0.03167 0.00324 0.01227
v -0.03244 0.00296 0.01347
v -0.03184 0.00327 0.01231
v -0.03248 0.00308 0.01358
v -0.03200 0.00332 0.01236
v -0.03214 0.00339 0.01244
v -0.03227 0.00347 0.01253
v -0.03237 0.00356 0.01264
v -0.03167 0.00410 0.01161
v -0.03244 0.00367 0.01276
v -0.03184 0.00412 0.01164
v -0.03248 0.00378 0.01288
v -0.03200 0.00416 0.01170
v -0.03214 0.00422 0.01179
v -0.03227 0.00429 0.01189
v -0.03237 0.00437 0.01200
v -0.03167 0.00501 0.01105
v -0.03244 0.00446 0.01213
v -0.03184 0.00503 0.01109
v -0.03248 0.00456 0.01227
v -0.03200 0.00506 0.01116
v -0.03214 0.00511 0.01125
v -0.03227 0.00517 0.01136
v -0.03237 0.00523 0.01148
v -0.03167 0.00594 0.01063
v -0.03244 0.00531 0.01162
v -0.03184 0.00596 0.01067
v -0.03248 0.00539 0.01177
v -0.03200 0.00598 0.01074
v -0.03214 0.00602 0.01083
v -0.03227 0.00606 0.01095
v -0.03237 0.00612 0.01108
v -0.03167 0.00692 0.01031
v -0.03244 0.00617 0.01123
v -0.03184 0.00693 0.01035
v -0.03248 0.00623 0.01138
v -0.03200 0.00695 0.01043
v -0.03214 0.00697 0.01052
v -0.03227 0.00700 0.01064
v -0.03237 0.00704 0.01078
v -0.03167 0.00792 0.01011
v -0.03244 0.00708 0.01093
v -0.03184 0.00793 0.01015
v -0.03248 0.00712 0.01109
v -0.03200 0.00794 0.01022
v -0.03214 0.00795 0.01032
v -0.03227 0.00797 0.01045
v -0.03237 0.00799 0.01059
v -0.03167 0.00894 0.01002
v -0.03244 0.00801 0.01074
v -0.03184 0.00894 0.01006
v -0.03248 0.00804 0.01091
v -0.03200 0.00895 0.01014
v -0.03214 0.00895 0.01024
v -0.03227 0.00895 0.01036
v -0.03237 0.00896 0.01050
v -0.03167 0.00997 0.01005
v -0.03244 0.00896 0.01066
v -0.03184 0.00997 0.01009
v -0.03248 0.00897 0.01083
v -0.03167 0.01028 0.01008
v -0.03200 0.00996 0.01017
v -0.03184 0.01028 0.01013
v -0.03214 0.00995 0.01027
v -0.03200 0.01027 0.01020
v -0.03227 0.00994 0.01039
v -0.03214 0.01026 0.01030
v -0.03237 0.00993 0.01053
v -0.03167 0.01098 0.01019
v -0.03227 0.01024 0.01042
v -0.03244 0.00991 0.01069
v -0.03184 0.01098 0.01024
v -0.03237 0.01022 0.01056
v -0.03248 0.00990 0.01086
v -0.03200 0.01096 0.01031
v -0.03167 0.01135 0.01028
v -0.03244 0.01021 0.01072
v -0.03214 0.01094 0.01041
v -0.03184 0.01134 0.01032
v -0.03248 0.01019 0.01089
v -0.03227 0.01092 0.01053
v -0.03200 0.01132 0.01039
v -0.03237 0.01089 0.01067
v -0.03214 0.01130 0.01049
v -0.03167 0.01198 0.01045
v -0.03244 0.01086 0.01082
v -0.03227 0.01127 0.01061
v -0.03184 0.01196 0.01050
v -0.03248 0.01082 0.01099
v -0.03237 0.01123 0.01075
v -0.03200 0.01194 0.01057
v -0.03167 0.01239 0.01060
v -0.03244 0.01120 0.01090
v -0.03214 0.01191 0.01066
v -0.03184 0.01237 0.01064
v -0.03248 0.01116 0.01106
v -0.03227 0.01187 0.01078
v -0.03200 0.01234 0.01071
v -0.03237 0.01183 0.01092
v -0.03214 0.01231 0.01080
v -0.03167 0.01293 0.01083
v -0.03244 0.01178 0.01107
v -0.03227 0.01226 0.01092
v -0.03184 0.01291 0.01087
v -0.03248 0.01173 0.01123
v -0.03237 0.01221 0.01105
v -0.03200 0.01288 0.01094
v -0.03167 0.01338 0.01104
v -0.03244 0.01216 0.01120
v -0.03214 0.01284 0.01103
v -0.03184 0.01335 0.01108
v -0.03248 0.01210 0.01136
v -0.03227 0.01279 0.01114
v -0.03200 0.01332 0.01115
v -0.03237 0.01273 0.01127
v -0.03167 0.01384 0.01131
v -0.03214 0.01327 0.01124
v -0.03244 0.01267 0.01141
v -0.03184 0.01382 0.01134
v -0.03227 0.01322 0.01135
v -0.03248 0.01260 0.01156
v -0.03200 0.01378 0.01141
v -0.03237 0.01315 0.01147
v -0.03214 0.01373 0.01149
v -0.03167 0.01430 0.01161
v -0.03244 0.01308 0.01161
v -0.03227 0.01366 0.01160
v -0.03184 0.01428 0.01164
v -0.03248 0.01300 0.01176
v -0.03237 0.01359 0.01172
v -0.03200 0.01424 0.01170
v -0.03167 0.01469 0.01188
v -0.03244 0.01351 0.01186
v -0.03214 0.01418 0.01179
v -0.03184 0.01466 0.01192
v -0.03248 0.01342 0.01200
v -0.03227 0.01411 0.01189
v -0.03200 0.01461 0.01198
v -0.03237 0.01403 0.01200
v -0.03214 0.01455 0.01206
v -0.03167 0.01516 0.01227
v -0.03244 0.01394 0.01213
v -0.03227 0.01448 0.01216
v -0.03184 0.01513 0.01231
v -0.03248 0.01384 0.01227
v -0.03237 0.01439 0.01227
v -0.03200 0.01508 0.01236
v -0.03167 0.01546 0.01256
v -0.03244 0.01429 0.01239
v -0.03214 0.01501 0.01244
v -0.03184 0.01543 0.01259
v -0.03248 0.01419 0.01253
v -0.03227 0.01493 0.01253
v -0.03200 0.01538 0.01264
v -0.03237 0.01484 0.01264
v -0.03214 0.01531 0.01271
v -0.03167 0.01593 0.01304
v -0.03244 0.01473 0.01276
v -0.03227 0.01522 0.01280
v -0.03184 0.01589 0.01307
v -0.03248 0.01462 0.01288
v -0.03237 0.01512 0.01290
v -0.03167 0.01616 0.01331
v -0.03200 0.01584 0.01312
v -0.03244 0.01501 0.01302
v -0.03184 0.01612 0.01334
v -0.03214 0.01576 0.01319
v -0.03248 0.01490 0.01314
v -0.03200 0.01606 0.01339
v -0.03227 0.01567 0.01327
v -0.03214 0.01599 0.01345
v -0.03237 0.01556 0.01336
v -0.03167 0.01659 0.01390
v -0.03227 0.01589 0.01353
v -0.03244 0.01544 0.01347
v -0.03184 0.01656 0.01392
v -0.03237 0.01578 0.01362
v -0.03248 0.01532 0.01358
v -0.03167 0.01676 0.01414
v -0.03200 0.01650 0.01396
v -0.03244 0.01566 0.01372
v -0.03184 0.01672 0.01417
v -0.03214 0.01641 0.01402
v -0.03248 0.01553 0.01383
v -0.03200 0.01666 0.01421
v -0.03227 0.01631 0.01409
v -0.03214 0.01657 0.01426
v -0.03237 0.01620 0.01417
v -0.03227 0.01647 0.01433
v -0.03167 0.01716 0.01482
v -0.03244 0.01607 0.01426
v -0.03237 0.01635 0.01440
v -0.03184 0.01712 0.01485
v -0.03248 0.01593 0.01436
v -0.03244 0.01622 0.01449
v -0.03200 0.01705 0.01488
v -0.03248 0.01608 0.01458
v -0.03214 0.01696 0.01493
v -0.03227 0.01685 0.01498
v -0.03237 0.01673 0.01505
v -0.03167 0.01760 0.01581
v -0.03244 0.01659 0.01512
v -0.03184 0.01756 0.01583
v -0.03248 0.01644 0.01520
v -0.03200 0.01749 0.01586
v -0.03214 0.01740 0.01589
v -0.03227 0.01728 0.01594
v -0.03237 0.01715 0.01599
v -0.03167 0.01792 0.01685
v -0.03244 0.01700 0.01604
v -0.03184 0.01788 0.01686
v -0.03248 0.01684 0.01610
v -0.03200 0.01781 0.01688
v -0.03214 0.01771 0.01690
v -0.03227 0.01759 0.01693
v -0.03237 0.01745 0.01697
v -0.03167 0.01812 0.01792
v -0.03244 0.01730 0.01700
v -0.03184 0.01807 0.01792
v -0.03248 0.01714 0.01704
v -0.03200 0.01800 0.01793
v -0.03214 0.01790 0.01794
v -0.03227 0.01778 0.01796
v -0.03237 0.01764 0.01798
v -0.03244 0.01748 0.01799
v -0.03248 0.01731 0.01801
v 0.03167 0.01818 0.01900
v 0.03184 0.01814 0.01900
v 0.03200 0.01807 0.01900
v 0.03214 0.01797 0.01900
v 0.03227 0.01784 0.01900
v 0.03237 0.01770 0.01900
v 0.03244 0.01754 0.01900
v 0.03248 0.01737 0.01900
v 0.03250 0.01720 0.01900
v 0.03250 0.01714 0.01996
v 0.03250 0.01697 0.02091
v 0.03250 0.01668 0.02184
v 0.03250 0.01628 0.02272
v 0.03250 0.01578 0.02354
v 0.03250 0.01519 0.02430
v 0.03250 0.01450 0.02499
v 0.03250 0.01374 0.02558
v 0.03250 0.01292 0.02608
v 0.03250 0.01204 0.02648
v 0.03250 0.01111 0.02677
v 0.03250 0.01016 0.02694
v 0.03250 0.00920 0.02700
v 0.03250 0.00824 0.02694
v 0.03250 0.00729 0.02677
v 0.03250 0.00636 0.02648
v 0.03250 0.00548 0.02608
v 0.03250 0.00466 0.02558
v 0.03250 0.00390 0.02499
v 0.03250 0.00321 0.02430
v 0.03250 0.00262 0.02354
v 0.03250 0.00212 0.02272
v 0.03250 0.00172 0.02184
v 0.03250 0.00143 0.02091
v 0.03250 0.00126 0.01996
v 0.03250 0.00120 0.01900
v 0.03250 0.00126 0.01804
v 0.03250 0.00143 0.01709
v 0.03250 0.00172 0.01616
v 0.03250 0.00212 0.01528
v 0.03250 0.00262 0.01446
v 0.03250 0.00321 0.01370
v 0.03250 0.00390 0.01301
v 0.03250 0.00466 0.01242
v 0.03250 0.00548 0.01192
v 0.03250 0.00636 0.01152
v 0.03250 0.00729 0.01123
v 0.03250 0.00824 0.01106
v 0.03250 0.00920 0.01100
v 0.03250 0.01016 0.01106
v 0.03250 0.01111 0.01123
v 0.03250 0.01204 0.01152
v 0.03250 0.01292 0.01192
v 0.03250 0.01374 0.01242
v 0.03250 0.01450 0.01301
v 0.03250 0.01519 0.01370
v 0.03250 0.01578 0.01446
v 0.03250 0.01628 0.01528
v 0.03250 0.01668 0.01616
v 0.03250 0.01697 0.01709
v 0.03250 0.01714 0.01804
v 0.03167 0.01813 0.02002
v 0.03184 0.01808 0.02002
v 0.03200 0.01801 0.02001
v 0.03214 0.01791 0.02000
v 0.03227 0.01779 0.01999
v 0.03237 0.01764 0.01997
v 0.03167 0.01795 0.02104
v 0.03244 0.01749 0.01995
v 0.03184 0.01791 0.02102
v 0.03248 0.01732 0.01993
v 0.03200 0.01784 0.02101
v 0.03214 0.01774 0.02099
v 0.03227 0.01762 0.02096
v 0.03237 0.01748 0.02093
v 0.03167 0.01766 0.02202
v 0.03244 0.01733 0.02089
v 0.03184 0.01762 0.02200
v 0.03248 0.01716 0.02085
v 0.03200 0.01755 0.02198
v 0.03214 0.01746 0.02195
v 0.03227 0.01734 0.02190
v 0.03237 0.01721 0.02186
v 0.03167 0.01726 0.02296
v 0.03244 0.01706 0.02180
v 0.03184 0.01722 0.02294
v 0.03248 0.01690 0.02175
v 0.03200 0.01716 0.02291
v 0.03214 0.01707 0.02287
v 0.03227 0.01696 0.02281
v 0.03237 0.01683 0.02275
v 0.03167 0.01676 0.02386
v 0.03244 0.01669 0.02268
v 0.03184 0.01672 0.02383
v 0.03248 0.01654 0.02261
v 0.03167 0.01659 0.02410
v 0.03200 0.01666 0.02379
v 0.03184 0.01656 0.02408
v 0.03214 0.01657 0.02374
v 0.03200 0.01650 0.02404
v 0.03227 0.01647 0.02367
v 0.03214 0.01641 0.02398
v 0.03237 0.01635 0.02360
v 0.03167 0.01616 0.02469
v 0.03227 0.01631 0.02391
v 0.03244 0.01622 0.02351
v 0.03184 0.01612 0.02466
v 0.03237 0.01620 0.02383
v 0.03248 0.01608 0.02342
v 0.03167 0.01593 0.02496
v 0.03200 0.01606 0.02461
v 0.03244 0.01607 0.02374
v 0.03184 0.01589 0.02493
v 0.03214 0.01599 0.02455
v 0.03248 0.01593 0.02364
v 0.03200 0.01584 0.02488
v 0.03227 0.01589 0.02447
v 0.03214 0.01576 0.02481
v 0.03237 0.01578 0.02438
v 0.03167 0.01546 0.02544
v 0.03227 0.01567 0.02473
v 0.03244 0.01566 0.02428
v 0.03184 0.01543 0.02541
v 0.03237 0.01556 0.02464
v 0.03248 0.01553 0.02417
v 0.03200 0.01538 0.02536
v 0.03167 0.01516 0.02573
v 0.03244 0.01544 0.02453
v 0.03214 0.01531 0.02529
v 0.03184 0.01513 0.02569
v 0.03248 0.01532 0.02442
v 0.03227 0.01522 0.02520
v 0.03200 0.01508 0.02564
v 0.03237 0.01512 0.02510
v 0.03214 0.01501 0.02556
v 0.03167 0.01469 0.02612
v 0.03244 0.01501 0.02498
v 0.03227 0.01493 0.02547
v 0.03184 0.01466 0.02608
v 0.03248 0.01490 0.02486
v 0.03237 0.01484 0.02536
v 0.03200 0.01461 0.02602
v 0.03167 0.01430 0.02639
v 0.03244 0.01473 0.02524
v 0.03214 0.01455 0.02594
v 0.03184 0.01428 0.02636
v 0.03248 0.01462 0.02512
v 0.03227 0.01448 0.02584
v 0.03200 0.01424 0.02630
v 0.03237 0.01439 0.02573
v 0.03214 0.01418 0.02621
v 0.03167 0.01384 0.02669
v 0.03244 0.01429 0.02561
v 0.03227 0.01411 0.02611
v 0.03184 0.01382 0.02666
v 0.03248 0.01419 0.02547
v 0.03237 0.01403 0.02600
v 0.03200 0.01378 0.02659
v 0.03167 0.01338 0.02696
v 0.03244 0.01394 0.02587
v 0.03214 0.01373 0.02651
v 0.03184 0.01335 0.02692
v 0.03248 0.01384 0.02573
v 0.03227 0.01366 0.02640
v 0.03200 0.01332 0.02685
v 0.03237 0.01359 0.02628
v 0.03167 0.01293 0.02717
v 0.03214 0.01327 0.02676
v 0.03244 0.01351 0.02614
v 0.03184 0.01291 0.02713
v 0.03227 0.01322 0.02665
v 0.03248 0.01342 0.02600
v 0.03200 0.01288 0.02706
v 0.03237 0.01315 0.02653
v 0.03214 0.01284 0.02697
v 0.03167 0.01239 0.02740
v 0.03244 0.01308 0.02639
v 0.03227 0.01279 0.02686
v 0.03184 0.01237 0.02736
v 0.03248 0.01300 0.02624
v 0.03237 0.01273 0.02673
v 0.03200 0.01234 0.02729
v 0.03167 0.01198 0.02755
v 0.03244 0.01267 0.02659
v 0.03214 0.01231 0.02720
v 0.03184 0.01196 0.02750
v 0.03248 0.01260 0.02644
v 0.03227 0.01226 0.02708
v 0.03200 0.01194 0.02743
v 0.03237 0.01221 0.02695
v 0.03214 0.01191 0.02734
v 0.03167 0.01135 0.02772
v 0.03244 0.01216 0.02680
v 0.03227 0.01187 0.02722
v 0.03184 0.01134 0.02768
v 0.03248 0.01210 0.02664
v 0.03237 0.01183 0.02708
v 0.03200 0.01132 0.02761
v 0.03167 0.01098 0.02781
v 0.03244 0.01178 0.02693
v 0.03214 0.01130 0.02751
v 0.03184 0.01098 0.02776
v 0.03248 0.01173 0.02677
v 0.03227 0.01127 0.02739
v 0.03200 0.01096 0.02769
v 0.03237 0.01123 0.02725
v 0.03214 0.01094 0.02759
v 0.03167 0.01028 0.02792
v 0.03244 0.01120 0.02710
v 0.03227 0.01092 0.02747
v 0.03184 0.01028 0.02787
v 0.03248 0.01116 0.02694
v 0.03237 0.01089 0.02733
v 0.03167 0.00997 0.02795
v 0.03200 0.01027 0.02780
v 0.03244 0.01086 0.02718
v 0.03184 0.00997 0.02791
v 0.03214 0.01026 0.02770
v 0.03248 0.01082 0.02701
v 0.03200 0.00996 0.02783
v 0.03227 0.01024 0.02758
v 0.03214 0.00995 0.02773
v 0.03237 0.01022 0.02744
v 0.03227 0.00994 0.02761
v 0.03167 0.00920 0.02798
v 0.03244 0.01021 0.02728
v 0.03237 0.00993 0.02747
v 0.03184 0.00920 0.02794
v 0.03248 0.01019 0.02711
v 0.03244 0.00991 0.02731
v 0.03200 0.00920 0.02787
v 0.03248 0.00990 0.02714
v 0.03214 0.00920 0.02777
v 0.03227 0.00920 0.02764
v 0.03237 0.00920 0.02750
v 0.03167 0.00812 0.02792
v 0.03244 0.00920 0.02734
v 0.03184 0.00812 0.02787
v 0.03248 0.00920 0.02717
v 0.03200 0.00813 0.02780
v 0.03214 0.00814 0.02770
v 0.03227 0.00816 0.02758
v 0.03237 0.00818 0.02744
v 0.03167 0.00705 0.02772
v 0.03244 0.00819 0.02728
v 0.03184 0.00706 0.02768
v 0.03248 0.00821 0.02711
v 0.03200 0.00708 0.02761
v 0.03214 0.00710 0.02751
v 0.03227 0.00713 0.02739
v 0.03237 0.00717 0.02725
v 0.03167 0.00601 0.02740
v 0.03244 0.00720 0.02710
v 0.03184 0.00603 0.02736
v 0.03248 0.00724 0.02694
v 0.03200 0.00606 0.02729
v 0.03214 0.00609 0.02720
v 0.03227 0.00614 0.02708
v 0.03237 0.00619 0.02695
v 0.03167 0.00502 0.02696
v 0.03244 0.00624 0.02680
v 0.03184 0.00505 0.02692
v 0.03248 0.00630 0.02664
v 0.03200 0.00508 0.02685
v 0.03214 0.00513 0.02676
v 0.03227 0.00518 0.02665
v 0.03237 0.00525 0.02653
v 0.03167 0.00413 0.02642
v 0.03244 0.00532 0.02639
v 0.03184 0.00415 0.02638
v 0.03248 0.00540 0.02624
v 0.03200 0.00420 0.02632
v 0.03214 0.00425 0.02624
v 0.03227 0.00432 0.02613
v 0.03237 0.00440 0.02602
v 0.03167 0.00332 0.02579
v 0.03244 0.00449 0.02589
v 0.03184 0.00335 0.02576
v 0.03248 0.00459 0.02575
v 0.03200 0.00339 0.02570
v 0.03214 0.00346 0.02562
v 0.03227 0.00354 0.02553
v 0.03237 0.00363 0.02542
v 0.03167 0.00258 0.02508
v 0.03244 0.00374 0.02530
v 0.03184 0.00261 0.02504
v 0.03248 0.00385 0.02518
v 0.03200 0.00267 0.02499
v 0.03214 0.00274 0.02493
v 0.03227 0.00283 0.02484
v 0.03237 0.00294 0.02475
v 0.03167 0.00193 0.02428
v 0.03244 0.00305 0.02464
v 0.03184 0.00197 0.02425
v 0.03248 0.00318 0.02453
v 0.03200 0.00203 0.02421
v 0.03214 0.00211 0.02415
v 0.03227 0.00221 0.02408
v 0.03237 0.00232 0.02400
v 0.03167 0.00138 0.02342
v 0.03244 0.00245 0.02390
v 0.03184 0.00142 0.02340
v 0.03248 0.00259 0.02380
v 0.03167 0.00124 0.02318
v 0.03200 0.00148 0.02336
v 0.03184 0.00128 0.02315
v 0.03214 0.00157 0.02331
v 0.03200 0.00135 0.02312
v 0.03227 0.00167 0.02325
v 0.03214 0.00144 0.02307
v 0.03237 0.00180 0.02318
v 0.03227 0.00155 0.02302
v 0.03167 0.00092 0.02250
v 0.03244 0.00194 0.02310
v 0.03237 0.00167 0.02295
v 0.03184 0.00097 0.02248
v 0.03248 0.00208 0.02302
v 0.03167 0.00080 0.02219
v 0.03244 0.00181 0.02288
v 0.03200 0.00103 0.02245
v 0.03184 0.00084 0.02217
v 0.03248 0.00196 0.02280
v 0.03214 0.00113 0.02241
v 0.03200 0.00091 0.02214
v 0.03227 0.00124 0.02236
v 0.03214 0.00100 0.02211
v 0.03237 0.00137 0.02231
v 0.03167 0.00058 0.02153
v 0.03227 0.00112 0.02206
v 0.03244 0.00152 0.02225
v 0.03184 0.00062 0.02152
v 0.03237 0.00125 0.02201
v 0.03248 0.00167 0.02218
v 0.03200 0.00069 0.02150
v 0.03167 0.00048 0.02115
v 0.03244 0.00140 0.02196
v 0.03214 0.00079 0.02147
v 0.03184 0.00052 0.02114
v 0.03248 0.00156 0.02190
v 0.03227 0.00091 0.02143
v 0.03200 0.00059 0.02112
v 0.03237 0.00104 0.02139
v 0.03214 0.00069 0.02110
v 0.03167 0.00035 0.02053
v 0.03244 0.00120 0.02135
v 0.03227 0.00081 0.02107
v 0.03184 0.00039 0.02052
v 0.03248 0.00136 0.02130
v 0.03237 0.00095 0.02103
v 0.03200 0.00046 0.02051
v 0.03167 0.00028 0.02008
v 0.03244 0.00110 0.02100
v 0.03214 0.00056 0.02049
v 0.03184 0.00033 0.02008
v 0.03248 0.00126 0.02096
v 0.03227 0.00068 0.02047
v 0.03200 0.00040 0.02007
v 0.03237 0.00082 0.02045
v 0.03214 0.00050 0.02006
v 0.03167 0.00023 0.01951
v 0.03244 0.00098 0.02042
v 0.03227 0.00062 0.02004
v 0.03184 0.00027 0.01951
v 0.03248 0.00115 0.02039
v 0.03237 0.00076 0.02002
v 0.03200 0.00035 0.01951
v 0.03167 0.00022 0.01900
v 0.03244 0.00092 0.02001
v 0.03214 0.00045 0.01950
v 0.03184 0.00026 0.01900
v 0.03248 0.00109 0.01999
v 0.03227 0.00057 0.01949
v 0.03200 0.00033 0.01900
v 0.03237 0.00071 0.01949
v 0.03167 0.00023 0.01849
v 0.03214 0.00043 0.01900
v 0.03244 0.00087 0.01948
v 0.03184 0.00027 0.01849
v 0.03227 0.00056 0.01900
v 0.03248 0.00104 0.01947
v 0.03200 0.00035 0.01849
v 0.03237 0.00070 0.01900
v 0.03214 0.00045 0.01850
v 0.03167 0.00028 0.01792
v 0.03244 0.00086 0.01900
v 0.03227 0.00057 0.01851
v 0.03184 0.00033 0.01792
v 0.03248 0.00103 0.01900
v 0.03237 0.00071 0.01851
v 0.03200 0.00040 0.01793
v 0.03167 0.00035 0.01747
v 0.03244 0.00087 0.01852
v 0.03214 0.00050 0.01794
v 0.03184 0.00039 0.01748
v 0.03248 0.00104 0.01853
v 0.03227 0.00062 0.01796
v 0.03200 0.00046 0.01749
v 0.03237 0.00076 0.01798
v 0.03214 0.00056 0.01751
v 0.03167 0.00048 0.01685
v 0.03244 0.00092 0.01799
v 0.03227 0.00068 0.01753
v 0.03184 0.00052 0.01686
v 0.03248 0.00109 0.01801
v 0.03237 0.00082 0.01755
v 0.03200 0.00059 0.01688
v 0.03167 0.00058 0.01647
v 0.03244 0.00098 0.01758
v 0.03214 0.00069 0.01690
v 0.03184 0.00062 0.01648
v 0.03248 0.00115 0.01761
v 0.03227 0.00081 0.01693
v 0.03200 0.00069 0.01650
v 0.03237 0.00095 0.01697
v 0.03214 0.00079 0.01653
v 0.03167 0.00080 0.01581
v 0.03244 0.00110 0.01700
v 0.03227 0.00091 0.01657
v 0.03184 0.00084 0.01583
v 0.03248 0.00126 0.01704
v 0.03237 0.00104 0.01661
v 0.03167 0.00092 0.01550
v 0.03200 0.00091 0.01586
v 0.03244 0.00120 0.01665
v 0.03184 0.00097 0.01552
v 0.03214 0.00100 0.01589
v 0.03248 0.00136 0.01670
v 0.03200 0.00103 0.01555
v 0.03227 0.00112 0.01594
v 0.03214 0.00113 0.01559
v 0.03237 0.00125 0.01599
v 0.03227 0.00124 0.01564
v 0.03167 0.00124 0.01482
v 0.03244 0.00140 0.01604
v 0.03237 0.00137 0.01569
v 0.03184 0.00128 0.01485
v 0.03248 0.00156 0.01610
v 0.03167 0.00138 0.01458
v 0.03244 0.00152 0.01575
v 0.03200 0.00135 0.01488
v 0.03184 0.00142 0.01460
v 0.03248 0.00167 0.01582
v 0.03214 0.00144 0.01493
v 0.03200 0.00148 0.01464
v 0.03227 0.00155 0.01498
v 0.03214 0.00157 0.01469
v 0.03237 0.00167 0.01505
v 0.03227 0.00167 0.01475
v 0.03167 0.00181 0.01390
v 0.03244 0.00181 0.01512
v 0.03237 0.00180 0.01482
v 0.03184 0.00184 0.01392
v 0.03248 0.00196 0.01520
v 0.03244 0.00194 0.01490
v 0.03200 0.00190 0.01396
v 0.03248 0.00208 0.01498
v 0.03214 0.00199 0.01402
v 0.03227 0.00209 0.01409
v 0.03237 0.00220 0.01417
v 0.03167 0.00247 0.01304
v 0.03244 0.00233 0.01426
v 0.03184 0.00251 0.01307
v 0.03248 0.00247 0.01436
v 0.03200 0.00256 0.01312
v 0.03214 0.00264 0.01319
v 0.03227 0.00273 0.01327
v 0.03237 0.00284 0.01336
v 0.03167 0.00324 0.01227
v 0.03244 0.00296 0.01347
v 0.03184 0.00327 0.01231
v 0.03248 0.00308 0.01358
v 0.03200 0.00332 0.01236
v 0.03214 0.00339 0.01244
v 0.03227 0.00347 0.01253
v 0.03237 0.00356 0.01264
v 0.03167 0.00410 0.01161
v 0.03244 0.00367 0.01276
v 0.03184 0.00412 0.01164
v 0.03248 0.00378 0.01288
v 0.03200 0.00416 0.01170
v 0.03214 0.00422 0.01179
v 0.03227 0.00429 0.01189
v 0.03237 0.00437 0.01200
v 0.03167 0.00501 0.01105
v 0.03244 0.00446 0.01213
v 0.03184 0.00503 0.01109
v 0.03248 0.00456 0.01227
v 0.03200 0.00506 0.01116
v 0.03214 0.00511 0.01125
v 0.03227 0.00517 0.01136
v 0.03237 0.00523 0.01148
v 0.03167 0.00594 0.01063
v 0.03244 0.00531 0.01162
v 0.03184 0.00596 0.01067
v 0.03248 0.00539 0.01177
v 0.03200 0.00598 0.01074
v 0.03214 0.00602 0.01083
v 0.03227 0.00606 0.01095
v 0.03237 0.00612 0.01108
v 0.03167 0.00692 0.01031
v 0.03244 0.00617 0.01123
v 0.03184 0.00693 0.01035
v 0.03248 0.00623 0.01138
v 0.03200 0.00695 0.01043
v 0.03214 0.00697 0.01052
v 0.03227 0.00700 0.01064
v 0.03237 0.00704 0.01078
v 0.03167 0.00792 0.01011
v 0.03244 0.00708 0.01093
v 0.03184 0.00793 0.01015
v 0.03248 0.00712 0.01109
v 0.03200 0.00794 0.01022
v 0.03214 0.00795 0.01032
v 0.03227 0.00797 0.01045
v 0.03237 0.00799 0.01059
v 0.03167 0.00894 0.01002
v 0.03244 0.00801 0.01074
v 0.03184 0.00894 0.01006
v 0.03248 0.00804 0.01091
v 0.03200 0.00895 0.01014
v 0.03214 0.00895 0.01024
v 0.03227 0.00895 0.01036
v 0.03237 0.00896 0.01050
v 0.03167 0.00997 0.01005
v 0.03244 0.00896 0.01066
v 0.03184 0.00997 0.01009
v 0.03248 0.00897 0.01083
v 0.03167 0.01028 0.01008
v 0.03200 0.00996 0.01017
v 0.03184 0.01028 0.01013
v 0.03214 0.00995 0.01027
v 0.03200 0.01027 0.01020
v 0.03227 0.00994 0.01039
v 0.03214 0.01026 0.01030
v 0.03237 0.00993 0.01053
v 0.03167 0.01098 0.01019
v 0.03227 0.01024 0.01042
v 0.03244 0.00991 0.01069
v 0.03184 0.01098 0.01024
v 0.03237 0.01022 0.01056
v 0.03248 0.00990 0.01086
v 0.03200 0.01096 0.01031
v 0.03167 0.01135 0.01028
v 0.03244 0.01021 0.01072
v 0.03214 0.01094 0.01041
v 0.03184 0.01134 0.01032
v 0.03248 0.01019 0.01089
v 0.03227 0.01092 0.01053
v 0.03200 0.01132 0.01039
v 0.03237 0.01089 0.01067
v 0.03214 0.01130 0.01049
v 0.03167 0.01198 0.01045
v 0.03244 0.01086 0.01082
v 0.03227 0.01127 0.01061
v 0.03184 0.01196 0.01050
v 0.03248 0.01082 0.01099
v 0.03237 0.01123 0.01075
v 0.03200 0.01194 0.01057
v 0.03167 0.01239 0.01060
v 0.03244 0.01120 0.01090
v 0.03214 0.01191 0.01066
v 0.03184 0.01237 0.01064
v 0.03248 0.01116 0.01106
v 0.03227 0.01187 0.01078
v 0.03200 0.01234 0.01071
v 0.03237 0.01183 0.01092
v 0.03214 0.01231 0.01080
v 0.03167 0.01293 0.01083
v 0.03244 0.01178 0.01107
v 0.03227 0.01226 0.01092
v 0.03184 0.01291 0.01087
v 0.03248 0.01173 0.01123
v 0.03237 0.01221 0.01105
v 0.03200 0.01288 0.01094
v 0.03167 0.01338 0.01104
v 0.03244 0.01216 0.01120
v 0.03214 0.01284 0.01103
v 0.03184 0.01335 0.01108
v 0.03248 0.01210 0.01136
v 0.03227 0.01279 0.01114
v 0.03200 0.01332 0.01115
v 0.03237 0.01273 0.01127
v 0.03167 0.01384 0.01131
v 0.03214 0.01327 0.01124
v 0.03244 0.01267 0.01141
v 0.03184 0.01382 0.01134
v 0.03227 0.01322 0.01135
v 0.03248 0.01260 0.01156
v 0.03200 0.01378 0.01141
v 0.03237 0.01315 0.01147
v 0.03214 0.01373 0.01149
v 0.03167 0.01430 0.01161
v 0.03244 0.01308 0.01161
v 0.03227 0.01366 0.01160
v 0.03184 0.01428 0.01164
v 0.03248 0.01300 0.01176
v 0.03237 0.01359 0.01172
v 0.03200 0.01424 0.01170
v 0.03167 0.01469 0.01188
v 0.03244 0.01351 0.01186
v 0.03214 0.01418 0.01179
v 0.03184 0.01466 0.01192
v 0.03248 0.01342 0.01200
v 0.03227 0.01411 0.01189
v 0.03200 0.01461 0.01198
v 0.03237 0.01403 0.01200
v 0.03214 0.01455 0.01206
v 0.03167 0.01516 0.01227
v 0.03244 0.01394 0.01213
v 0.03227 0.01448 0.01216
v 0.03184 0.01513 0.01231
v 0.03248 0.01384 0.01227
v 0.03237 0.01439 0.01227
v 0.03200 0.01508 0.01236
v 0.03167 0.01546 0.01256
v 0.03244 0.01429 0.01239
v 0.03214 0.01501 0.01244
v 0.03184 0.01543 0.01259
v 0.03248 0.01419 0.01253
v 0.03227 0.01493 0.01253
v 0.03200 0.01538 0.01264
v 0.03237 0.01484 0.01264
v 0.03214 0.01531 0.01271
v 0.03167 0.01593 0.01304
v 0.03244 0.01473 0.01276
v 0.03227 0.01522 0.01280
v 0.03184 0.01589 0.01307
v 0.03248 0.01462 0.01288
v 0.03237 0.01512 0.01290
v 0.03167 0.01616 0.01331
v 0.03200 0.01584 0.01312
v 0.03244 0.01501 0.01302
v 0.03184 0.01612 0.01334
v 0.03214 0.01576 0.01319
v 0.03248 0.01490 0.01314
v 0.03200 0.01606 0.01339
v 0.03227 0.01567 0.01327
v 0.03214 0.01599 0.01345
v 0.03237 0.01556 0.01336
v 0.03167 0.01659 0.01390
v 0.03227 0.01589 0.01353
v 0.03244 0.01544 0.01347
v 0.03184 0.01656 0.01392
v 0.03237 0.01578 0.01362
v 0.03248 0.01532 0.01358
v 0.03167 0.01676 0.01414
v 0.03200 0.01650 0.01396
v 0.03244 0.01566 0.01372
v 0.03184 0.01672 0.01417
v 0.03214 0.01641 0.01402
v 0.03248 0.01553 0.01383
v 0.03200 0.01666 0.01421
v 0.03227 0.01631 0.01409
v 0.03214 0.01657 0.01426
v 0.03237 0.01620 0.01417
v 0.03227 0.01647 0.01433
v 0.03167 0.01716 0.01482
v 0.03244 0.01607 0.01426
v 0.03237 0.01635 0.01440
v 0.03184 0.01712 0.01485
v 0.03248 0.01593 0.01436
v 0.03244 0.01622 0.01449
v 0.03200 0.01705 0.01488
v 0.03248 0.01608 0.01458
v 0.03214 0.01696 0.01493
v 0.03227 0.01685 0.01498
v 0.03237 0.01673 0.01505
v 0.03167 0.01760 0.01581
v 0.03244 0.01659 0.01512
v 0.03184 0.01756 0.01583
v 0.03248 0.01644 0.01520
v 0.03200 0.01749 0.01586
v 0.03214 0.01740 0.01589
v 0.03227 0.01728 0.01594
v 0.03237 0.01715 0.01599
v 0.03167 0.01792 0.01685
v 0.03244 0.01700 0.01604
v 0.03184 0.01788 0.01686
v 0.03248 0.01684 0.01610
v 0.03200 0.01781 0.01688
v 0.03214 0.01771 0.01690
v 0.03227 0.01759 0.01693
v 0.03237 0.01745 0.01697
v 0.03167 0.01812 0.01792
v 0.03244 0.01730 0.01700
v 0.03184 0.01807 0.01792
v 0.03248 0.01714 0.01704
v 0.03200 0.01800 0.01793
v 0.03214 0.01790 0.01794
v 0.03227 0.01778 0.01796
v 0.03237 0.01764 0.01798
v 0.03244 0.01748 0.01799
v 0.03248 0.01731 0.01801
vn -0.0000 1.0000 -0.0000
vn -0.0000 1.0000 -0.0000
vn 0.0000 0.9935 0.1140
vn 0.0000 0.9740 0.2265
vn 0.0000 0.9418 0.3360
vn 0.0000 0.8974 0.4412
vn 0.0000 0.8413 0.5406
vn 0.0000 0.7741 0.6330
vn 0.0000 0.6969 0.7171
vn 0.0000 0.6106 0.7919
vn 0.0000 0.5164 0.8563
vn 0.0000 0.4154 0.9096
vn 0.0000 0.3090 0.9511
vn 0.0000 0.1986 0.9801
vn 0.0000 0.0856 0.9963
vn 0.0000 -0.0286 0.9996
vn 0.0000 -0.1423 0.9898
vn 0.0000 -0.2542 0.9671
vn 0.0000 -0.3628 0.9319
vn 0.0000 -0.4667 0.8844
vn 0.0000 -0.5644 0.8255
vn 0.0000 -0.6549 0.7557
vn 0.0000 -0.7367 0.6762
vn 0.0000 -0.8090 0.5878
vn 0.0000 -0.8707 0.4917
vn 0.0000 -0.9211 0.3893
vn 0.0000 -0.9595 0.2817
vn 0.0000 -0.9854 0.1705
vn 0.0000 -0.9984 0.0571
vn 0.0000 -0.9984 -0.0571
vn 0.0000 -0.9854 -0.1705
vn 0.0000 -0.9595 -0.2817
vn 0.0000 -0.9211 -0.3893
vn 0.0000 -0.8707 -0.4917
vn 0.0000 -0.8090 -0.5878
vn 0.0000 -0.7367 -0.6762
vn 0.0000 -0.6549 -0.7557
vn 0.0000 -0.5644 -0.8255
vn 0.0000 -0.4667 -0.8844
vn 0.0000 -0.3628 -0.9319
vn 0.0000 -0.2542 -0.9671
vn 0.0000 -0.1423 -0.9898
vn 0.0000 -0.0286 -0.9996
vn -0.0000 0.0856 -0.9963
vn -0.0000 0.1986 -0.9801
vn -0.0000 0.3090 -0.9511
vn -0.0000 0.4154 -0.9096
vn -0.0000 0.5164 -0.8563
vn -0.0000 0.6106 -0.7919
vn -0.0000 0.6969 -0.7171
vn -0.0000 0.7741 -0.6330
vn -0.0000 0.8413 -0.5406
vn -0.0000 0.8974 -0.4412
vn -0.0000 0.9418 -0.3360
vn -0.0000 0.9740 -0.2265
vn -0.0000 0.9935 -0.1140
vn 0.0000 0.9935 0.1140
vn 0.0000 0.9740 0.2265
vn 0.0000 0.9418 0.3360
vn 0.0000 0.8974 0.4412
vn 0.0000 0.8413 0.5406
vn 0.0000 0.7741 0.6330
vn 0.0000 0.6969 0.7171
vn 0.0000 0.6106 0.7919
vn 0.0000 0.5164 0.8563
vn 0.0000 0.4154 0.9096
vn 0.0000 0.3090 0.9511
vn 0.0000 0.1986 0.9801
vn 0.0000 0.0856 0.9963
vn 0.0000 -0.0286 0.9996
vn 0.0000 -0.1423 0.9898
vn 0.0000 -0.2542 0.9671
vn 0.0000 -0.3628 0.9319
vn 0.0000 -0.4667 0.8844
vn 0.0000 -0.5644 0.8255
vn 0.0000 -0.6549 0.7557
vn 0.0000 -0.7367 0.6762
vn 0.0000 -0.8090 0.5878
vn 0.0000 -0.8707 0.4917
vn 0.0000 -0.9211 0.3893
vn 0.0000 -0.9595 0.2817
vn 0.0000 -0.9854 0.1705
vn 0.0000 -0.9984 0.0571
vn 0.0000 -0.9984 -0.0571
vn 0.0000 -0.9854 -0.1705
vn 0.0000 -0.9595 -0.2817
vn 0.0000 -0.9211 -0.3893
vn 0.0000 -0.8707 -0.4917
vn 0.0000 -0.8090 -0.5878
vn 0.0000 -0.7367 -0.6762
vn 0.0000 -0.6549 -0.7557
vn 0.0000 -0.5644 -0.8255
vn 0.0000 -0.4667 -0.8844
vn 0.0000 -0.3628 -0.9319
vn 0.0000 -0.2542 -0.9671
vn 0.0000 -0.1423 -0.9898
vn 0.0000 -0.0286 -0.9996
vn -0.0000 0.0856 -0.9963
vn -0.0000 0.1986 -0.9801
vn -0.0000 0.3090 -0.9511
vn -0.0000 0.4154 -0.9096
vn -0.0000 0.5164 -0.8563
vn -0.0000 0.6106 -0.7919
vn -0.0000 0.6969 -0.7171
vn -0.0000 0.7741 -0.6330
vn -0.0000 0.8413 -0.5406
vn -0.0000 0.8974 -0.4412
vn -0.0000 0.9418 -0.3360
vn -0.0000 0.9740 -0.2265
vn -0.0000 0.9935 -0.1140
vn -0.1736 0.9848 0.0000
vn -0.3420 0.9397 0.0000
vn -0.5000 0.8660 0.0000
vn -0.6428 0.7660 0.0000
vn -0.7660 0.6428 0.0000
vn -0.8660 0.5000 0.0000
vn -0.9397 0.3420 0.0000
vn -0.9848 0.1736 0.0000
vn -1.0000 0.0000 0.0000
vn -1.0000 0.0000 0.0000
vn -1.0000 0.0000 0.0000
vn -1.0000 0.0000 0.0000
vn -1.0000 0.0000 0.0000
vn -1.0000 0.0000 0.0000
vn -1.0000 0.0000 0.0000
vn -1.0000 0.0000 0.0000
vn -1.0000 0.0000 0.0000
vn -1.0000 0.0000 0.0000
vn -1.0000 0.0000 0.0000
vn -1.0000 0.0000 0.0000
vn -1.0000 0.0000 0.0000
vn -1.0000 -0.0000 0.0000
vn -1.0000 -0.0000 0.0000
vn -1.0000 -0.0000 0.0000
vn -1.0000 -0.0000 0.0000
vn -1.0000 -0.0000 0.0000
vn -1.0000 -0.0000 0.0000
vn -1.0000 -0.0000 0.0000
vn -1.0000 -0.0000 0.0000
vn -1.0000 -0.0000 0.0000
vn -1.0000 -0.0000 0.0000
vn -1.0000 -0.0000 0.0000
vn -1.0000 -0.0000 0.0000
vn -1.0000 -0.0000 0.0000
vn -1.0000 -0.0000 0.0000
vn -1.0000 -0.0000 -0.0000
vn -1.0000 -0.0000 -0.0000
vn -1.0000 -0.0000 -0.0000
vn -1.0000 -0.0000 -0.0000
vn -1.0000 -0.0000 -0.0000
vn -1.0000 -0.0000 -0.0000
vn -1.0000 -0.0000 -0.0000
vn -1.0000 -0.0000 -0.0000
vn -1.0000 -0.0000 -0.0000
vn -1.0000 -0.0000 -0.0000
vn -1.0000 -0.0000 -0.0000
vn -1.0000 -0.0000 -0.0000
vn -1.0000 -0.0000 -0.0000
vn -1.0000 0.0000 -0.0000
vn -1.0000 0.0000 -0.0000
vn -1.0000 0.0000 -0.0000
vn -1.0000 0.0000 -0.0000
vn -1.0000 0.0000 -0.0000
vn -1.0000 0.0000 -0.0000
vn -1.0000 0.0000 -0.0000
vn -1.0000 0.0000 -0.0000
vn -1.0000 0.0000 -0.0000
vn -1.0000 0.0000 -0.0000
vn -1.0000 0.0000 -0.0000
vn -1.0000 0.0000 -0.0000
vn -0.1736 0.9784 0.1123
vn -0.3420 0.9336 0.1071
vn -0.5000 0.8604 0.0987
vn -0.6428 0.7611 0.0873
vn -0.7660 0.6386 0.0733
vn -0.8660 0.4967 0.0570
vn -0.1736 0.9592 0.2231
vn -0.9397 0.3398 0.0390
vn -0.3420 0.9153 0.2128
vn -0.9848 0.1725 0.0198
vn -0.5000 0.8435 0.1962
vn -0.6428 0.7461 0.1735
vn -0.7660 0.6261 0.1456
vn -0.8660 0.4870 0.1132
vn -0.1736 0.9275 0.3309
vn -0.9397 0.3331 0.0775
vn -0.3420 0.8850 0.3158
vn -0.9848 0.1691 0.0393
vn -0.5000 0.8157 0.2910
vn -0.6428 0.7215 0.2574
vn -0.7660 0.6054 0.2160
vn -0.8660 0.4709 0.1680
vn -0.1736 0.8838 0.4345
vn -0.9397 0.3221 0.1149
vn -0.3420 0.8433 0.4146
vn -0.9848 0.1635 0.0584
vn -0.5000 0.7772 0.3821
vn -0.6428 0.6874 0.3380
vn -0.7660 0.5768 0.2836
vn -0.8660 0.4487 0.2206
vn -0.1736 0.8285 0.5324
vn -0.9397 0.3069 0.1509
vn -0.3420 0.7905 0.5080
vn -0.9848 0.1558 0.0766
vn -0.1736 0.8105 0.5594
vn -0.5000 0.7285 0.4682
vn -0.3420 0.7734 0.5338
vn -0.6428 0.6444 0.4142
vn -0.5000 0.7127 0.4920
vn -0.7660 0.5407 0.3475
vn -0.6428 0.6304 0.4352
vn -0.8660 0.4206 0.2703
vn -0.1736 0.7624 0.6234
vn -0.7660 0.5290 0.3651
vn -0.9397 0.2877 0.1849
vn -0.3420 0.7275 0.5948
vn -0.8660 0.4115 0.2840
vn -0.9848 0.1461 0.0939
vn -0.1736 0.7371 0.6530
vn -0.5000 0.6704 0.5482
vn -0.9397 0.2815 0.1943
vn -0.3420 0.7034 0.6231
vn -0.6428 0.5930 0.4849
vn -0.9848 0.1429 0.0986
vn -0.5000 0.6482 0.5743
vn -0.7660 0.4976 0.4069
vn -0.6428 0.5734 0.5080
vn -0.8660 0.3871 0.3165
vn -0.1736 0.6863 0.7062
vn -0.7660 0.4811 0.4262
vn -0.9397 0.2648 0.2165
vn -0.3420 0.6549 0.6739
vn -0.8660 0.3743 0.3316
vn -0.9848 0.1344 0.1099
vn -0.5000 0.6036 0.6211
vn -0.1736 0.6530 0.7371
vn -0.9397 0.2560 0.2268
vn -0.6428 0.5339 0.5494
vn -0.3420 0.6231 0.7034
vn -0.9848 0.1300 0.1152
vn -0.7660 0.4480 0.4610
vn -0.5000 0.5743 0.6482
vn -0.8660 0.3485 0.3586
vn -0.6428 0.5080 0.5734
vn -0.1736 0.6014 0.7799
vn -0.9397 0.2384 0.2453
vn -0.7660 0.4262 0.4811
vn -0.3420 0.5738 0.7441
vn -0.9848 0.1210 0.1245
vn -0.8660 0.3316 0.3743
vn -0.5000 0.5288 0.6858
vn -0.1736 0.5594 0.8105
vn -0.9397 0.2268 0.2560
vn -0.6428 0.4678 0.6066
vn -0.3420 0.5338 0.7734
vn -0.9848 0.1152 0.1300
vn -0.7660 0.3925 0.5090
vn -0.5000 0.4920 0.7127
vn -0.8660 0.3053 0.3960
vn -0.6428 0.4352 0.6304
vn -0.1736 0.5086 0.8433
vn -0.9397 0.2089 0.2708
vn -0.7660 0.3651 0.5290
vn -0.3420 0.4853 0.8047
vn -0.9848 0.1060 0.1375
vn -0.8660 0.2840 0.4115
vn -0.5000 0.4472 0.7416
vn -0.1736 0.4577 0.8720
vn -0.9397 0.1943 0.2815
vn -0.6428 0.3956 0.6560
vn -0.3420 0.4367 0.8321
vn -0.9848 0.0986 0.1429
vn -0.7660 0.3319 0.5505
vn -0.5000 0.4025 0.7668
vn -0.8660 0.2582 0.4282
vn -0.1736 0.4091 0.8958
vn -0.6428 0.3560 0.6783
vn -0.9397 0.1766 0.2929
vn -0.3420 0.3904 0.8548
vn -0.7660 0.2987 0.5692
vn -0.9848 0.0897 0.1487
vn -0.5000 0.3598 0.7878
vn -0.8660 0.2324 0.4427
vn -0.6428 0.3182 0.6968
vn -0.1736 0.3492 0.9208
vn -0.9397 0.1589 0.3028
vn -0.7660 0.2670 0.5847
vn -0.3420 0.3332 0.8786
vn -0.9848 0.0807 0.1538
vn -0.8660 0.2077 0.4548
vn -0.5000 0.3071 0.8097
vn -0.1736 0.3043 0.9366
vn -0.9397 0.1421 0.3111
vn -0.6428 0.2716 0.7163
vn -0.3420 0.2904 0.8937
vn -0.9848 0.0721 0.1580
vn -0.7660 0.2279 0.6010
vn -0.5000 0.2676 0.8236
vn -0.8660 0.1773 0.4675
vn -0.6428 0.2367 0.7286
vn -0.1736 0.2357 0.9562
vn -0.9397 0.1213 0.3198
vn -0.7660 0.1986 0.6113
vn -0.3420 0.2249 0.9124
vn -0.9848 0.0616 0.1624
vn -0.8660 0.1545 0.4755
vn -0.5000 0.2073 0.8409
vn -0.1736 0.1956 0.9652
vn -0.9397 0.1057 0.3253
vn -0.6428 0.1833 0.7438
vn -0.3420 0.1866 0.9210
vn -0.9848 0.0537 0.1651
vn -0.7660 0.1538 0.6241
vn -0.5000 0.1720 0.8488
vn -0.8660 0.1197 0.4855
vn -0.6428 0.1521 0.7508
vn -0.1736 0.1187 0.9776
vn -0.9397 0.0819 0.3321
vn -0.7660 0.1277 0.6300
vn -0.3420 0.1133 0.9328
vn -0.9848 0.0416 0.1686
vn -0.8660 0.0993 0.4900
vn -0.1736 0.0843 0.9812
vn -0.5000 0.1044 0.8597
vn -0.9397 0.0679 0.3352
vn -0.3420 0.0804 0.9362
vn -0.6428 0.0923 0.7605
vn -0.9848 0.0345 0.1702
vn -0.5000 0.0741 0.8628
vn -0.7660 0.0775 0.6381
vn -0.6428 0.0656 0.7632
vn -0.8660 0.0603 0.4964
vn -0.7660 0.0550 0.6404
vn -0.1736 -0.0000 0.9848
vn -0.9397 0.0412 0.3395
vn -0.8660 0.0428 0.4982
vn -0.3420 -0.0000 0.9397
vn -0.9848 0.0209 0.1724
vn -0.9397 0.0293 0.3408
vn -0.5000 -0.0000 0.8660
vn -0.9848 0.0149 0.1730
vn -0.6428 -0.0000 0.7660
vn -0.7660 -0.0000 0.6428
vn -0.8660 -0.0000 0.5000
vn -0.1736 -0.1187 0.9776
vn -0.9397 -0.0000 0.3420
vn -0.3420 -0.1133 0.9328
vn -0.9848 -0.0000 0.1736
vn -0.5000 -0.1044 0.8597
vn -0.6428 -0.0923 0.7605
vn -0.7660 -0.0775 0.6381
vn -0.8660 -0.0603 0.4964
vn -0.1736 -0.2357 0.9562
vn -0.9397 -0.0412 0.3395
vn -0.3420 -0.2249 0.9124
vn -0.9848 -0.0209 0.1724
vn -0.5000 -0.2073 0.8409
vn -0.6428 -0.1833 0.7438
vn -0.7660 -0.1538 0.6241
vn -0.8660 -0.1197 0.4855
vn -0.1736 -0.3492 0.9208
vn -0.9397 -0.0819 0.3321
vn -0.3420 -0.3332 0.8786
vn -0.9848 -0.0416 0.1686
vn -0.5000 -0.3071 0.8097
vn -0.6428 -0.2716 0.7163
vn -0.7660 -0.2279 0.6010
vn -0.8660 -0.1773 0.4675
vn -0.1736 -0.4577 0.8720
vn -0.9397 -0.1213 0.3198
vn -0.3420 -0.4367 0.8321
vn -0.9848 -0.0616 0.1624
vn -0.5000 -0.4025 0.7668
vn -0.6428 -0.3560 0.6783
vn -0.7660 -0.2987 0.5692
vn -0.8660 -0.2324 0.4427
vn -0.1736 -0.5559 0.8129
vn -0.9397 -0.1589 0.3028
vn -0.3420 -0.5304 0.7757
vn -0.9848 -0.0807 0.1538
vn -0.5000 -0.4888 0.7149
vn -0.6428 -0.4324 0.6323
vn -0.7660 -0.3628 0.5306
vn -0.8660 -0.2822 0.4127
vn -0.1736 -0.6449 0.7443
vn -0.9397 -0.1931 0.2823
vn -0.3420 -0.6154 0.7102
vn -0.9848 -0.0980 0.1433
vn -0.5000 -0.5671 0.6545
vn -0.6428 -0.5017 0.5789
vn -0.7660 -0.4209 0.4858
vn -0.8660 -0.3274 0.3779
vn -0.1736 -0.7255 0.6659
vn -0.9397 -0.2240 0.2585
vn -0.3420 -0.6923 0.6354
vn -0.9848 -0.1137 0.1312
vn -0.5000 -0.6380 0.5856
vn -0.6428 -0.5644 0.5180
vn -0.7660 -0.4736 0.4346
vn -0.8660 -0.3684 0.3381
vn -0.1736 -0.7967 0.5789
vn -0.9397 -0.2520 0.2313
vn -0.3420 -0.7602 0.5523
vn -0.9848 -0.1279 0.1174
vn -0.5000 -0.7006 0.5090
vn -0.6428 -0.6197 0.4503
vn -0.7660 -0.5200 0.3778
vn -0.8660 -0.4045 0.2939
vn -0.1736 -0.8575 0.4843
vn -0.9397 -0.2767 0.2010
vn -0.3420 -0.8182 0.4621
vn -0.9848 -0.1405 0.1021
vn -0.1736 -0.8720 0.4577
vn -0.5000 -0.7541 0.4259
vn -0.3420 -0.8321 0.4367
vn -0.6428 -0.6670 0.3767
vn -0.5000 -0.7668 0.4025
vn -0.7660 -0.5597 0.3161
vn -0.6428 -0.6783 0.3560
vn -0.8660 -0.4354 0.2459
vn -0.7660 -0.5692 0.2987
vn -0.1736 -0.9071 0.3834
vn -0.9397 -0.2978 0.1682
vn -0.8660 -0.4427 0.2324
vn -0.3420 -0.8656 0.3658
vn -0.9848 -0.1512 0.0854
vn -0.1736 -0.9208 0.3492
vn -0.9397 -0.3028 0.1589
vn -0.5000 -0.7977 0.3371
vn -0.3420 -0.8786 0.3332
vn -0.9848 -0.1538 0.0807
vn -0.6428 -0.7056 0.2982
vn -0.5000 -0.8097 0.3071
vn -0.7660 -0.5921 0.2502
vn -0.6428 -0.7163 0.2716
vn -0.8660 -0.4606 0.1946
vn -0.1736 -0.9449 0.2775
vn -0.7660 -0.6010 0.2279
vn -0.9397 -0.3150 0.1331
vn -0.3420 -0.9016 0.2647
vn -0.8660 -0.4675 0.1773
vn -0.9848 -0.1600 0.0676
vn -0.5000 -0.8309 0.2440
vn -0.1736 -0.9562 0.2357
vn -0.9397 -0.3198 0.1213
vn -0.6428 -0.7350 0.2158
vn -0.3420 -0.9124 0.2249
vn -0.9848 -0.1624 0.0616
vn -0.7660 -0.6168 0.1811
vn -0.5000 -0.8409 0.2073
vn -0.8660 -0.4797 0.1409
vn -0.6428 -0.7438 0.1833
vn -0.1736 -0.9704 0.1679
vn -0.9397 -0.3282 0.0964
vn -0.7660 -0.6241 0.1538
vn -0.3420 -0.9259 0.1602
vn -0.9848 -0.1666 0.0489
vn -0.8660 -0.4855 0.1197
vn -0.5000 -0.8533 0.1477
vn -0.1736 -0.9776 0.1187
vn -0.9397 -0.3321 0.0819
vn -0.6428 -0.7548 0.1306
vn -0.3420 -0.9328 0.1133
vn -0.9848 -0.1686 0.0416
vn -0.7660 -0.6334 0.1096
vn -0.5000 -0.8597 0.1044
vn -0.8660 -0.4927 0.0853
vn -0.6428 -0.7605 0.0923
vn -0.1736 -0.9832 0.0562
vn -0.9397 -0.3370 0.0583
vn -0.7660 -0.6381 0.0775
vn -0.3420 -0.9382 0.0536
vn -0.9848 -0.1711 0.0296
vn -0.8660 -0.4964 0.0603
vn -0.5000 -0.8646 0.0494
vn -0.1736 -0.9848 0.0000
vn -0.9397 -0.3395 0.0412
vn -0.6428 -0.7648 0.0437
vn -0.3420 -0.9397 0.0000
vn -0.9848 -0.1724 0.0209
vn -0.7660 -0.6417 0.0367
vn -0.5000 -0.8660 0.0000
vn -0.8660 -0.4992 0.0285
vn -0.1736 -0.9832 -0.0562
vn -0.6428 -0.7660 0.0000
vn -0.9397 -0.3415 0.0195
vn -0.3420 -0.9382 -0.0536
vn -0.7660 -0.6428 0.0000
vn -0.9848 -0.1734 0.0099
vn -0.5000 -0.8646 -0.0494
vn -0.8660 -0.5000 0.0000
vn -0.6428 -0.7648 -0.0437
vn -0.1736 -0.9776 -0.1187
vn -0.9397 -0.3420 0.0000
vn -0.7660 -0.6417 -0.0367
vn -0.3420 -0.9328 -0.1133
vn -0.9848 -0.1736 0.0000
vn -0.8660 -0.4992 -0.0285
vn -0.5000 -0.8597 -0.1044
vn -0.1736 -0.9704 -0.1679
vn -0.9397 -0.3415 -0.0195
vn -0.6428 -0.7605 -0.0923
vn -0.3420 -0.9259 -0.1602
vn -0.9848 -0.1734 -0.0099
vn -0.7660 -0.6381 -0.0775
vn -0.5000 -0.8533 -0.1477
vn -0.8660 -0.4964 -0.0603
vn -0.6428 -0.7548 -0.1306
vn -0.1736 -0.9562 -0.2357
vn -0.9397 -0.3395 -0.0412
vn -0.7660 -0.6334 -0.1096
vn -0.3420 -0.9124 -0.2249
vn -0.9848 -0.1724 -0.0209
vn -0.8660 -0.4927 -0.0853
vn -0.5000 -0.8409 -0.2073
vn -0.1736 -0.9449 -0.2775
vn -0.9397 -0.3370 -0.0583
vn -0.6428 -0.7438 -0.1833
vn -0.3420 -0.9016 -0.2647
vn -0.9848 -0.1711 -0.0296
vn -0.7660 -0.6241 -0.1538
vn -0.5000 -0.8309 -0.2440
vn -0.8660 -0.4855 -0.1197
vn -0.6428 -0.7350 -0.2158
vn -0.1736 -0.9208 -0.3492
vn -0.9397 -0.3321 -0.0819
vn -0.7660 -0.6168 -0.1811
vn -0.3420 -0.8786 -0.3332
vn -0.9848 -0.1686 -0.0416
vn -0.8660 -0.4797 -0.1409
vn -0.1736 -0.9071 -0.3834
vn -0.5000 -0.8097 -0.3071
vn -0.9397 -0.3282 -0.0964
vn -0.3420 -0.8656 -0.3658
vn -0.6428 -0.7163 -0.2716
vn -0.9848 -0.1666 -0.0489
vn -0.5000 -0.7977 -0.3371
vn -0.7660 -0.6010 -0.2279
vn -0.6428 -0.7056 -0.2982
vn -0.8660 -0.4675 -0.1773
vn -0.7660 -0.5921 -0.2502
vn -0.1736 -0.8720 -0.4577
vn -0.9397 -0.3198 -0.1213
vn -0.8660 -0.4606 -0.1946
vn -0.3420 -0.8321 -0.4367
vn -0.9848 -0.1624 -0.0616
vn -0.1736 -0.8575 -0.4843
vn -0.9397 -0.3150 -0.1331
vn -0.5000 -0.7668 -0.4025
vn -0.3420 -0.8182 -0.4621
vn -0.9848 -0.1600 -0.0676
vn -0.6428 -0.6783 -0.3560
vn -0.5000 -0.7541 -0.4259
vn -0.7660 -0.5692 -0.2987
vn -0.6428 -0.6670 -0.3767
vn -0.8660 -0.4427 -0.2324
vn -0.7660 -0.5597 -0.3161
vn -0.1736 -0.8105 -0.5594
vn -0.9397 -0.3028 -0.1589
vn -0.8660 -0.4354 -0.2459
vn -0.3420 -0.7734 -0.5338
vn -0.9848 -0.1538 -0.0807
vn -0.9397 -0.2978 -0.1682
vn -0.5000 -0.7127 -0.4920
vn -0.9848 -0.1512 -0.0854
vn -0.6428 -0.6304 -0.4352
vn -0.7660 -0.5290 -0.3651
vn -0.8660 -0.4115 -0.2840
vn -0.1736 -0.7371 -0.6530
vn -0.9397 -0.2815 -0.1943
vn -0.3420 -0.7034 -0.6231
vn -0.9848 -0.1429 -0.0986
vn -0.5000 -0.6482 -0.5743
vn -0.6428 -0.5734 -0.5080
vn -0.7660 -0.4811 -0.4262
vn -0.8660 -0.3743 -0.3316
vn -0.1736 -0.6530 -0.7371
vn -0.9397 -0.2560 -0.2268
vn -0.3420 -0.6231 -0.7034
vn -0.9848 -0.1300 -0.1152
vn -0.5000 -0.5743 -0.6482
vn -0.6428 -0.5080 -0.5734
vn -0.7660 -0.4262 -0.4811
vn -0.8660 -0.3316 -0.3743
vn -0.1736 -0.5594 -0.8105
vn -0.9397 -0.2268 -0.2560
vn -0.3420 -0.5338 -0.7734
vn -0.9848 -0.1152 -0.1300
vn -0.5000 -0.4920 -0.7127
vn -0.6428 -0.4352 -0.6304
vn -0.7660 -0.3651 -0.5290
vn -0.8660 -0.2840 -0.4115
vn -0.1736 -0.4596 -0.8710
vn -0.9397 -0.1943 -0.2815
vn -0.3420 -0.4385 -0.8311
vn -0.9848 -0.0986 -0.1429
vn -0.5000 -0.4041 -0.7659
vn -0.6428 -0.3575 -0.6775
vn -0.7660 -0.3000 -0.5685
vn -0.8660 -0.2333 -0.4422
vn -0.1736 -0.3573 -0.9177
vn -0.9397 -0.1596 -0.3025
vn -0.3420 -0.3409 -0.8757
vn -0.9848 -0.0810 -0.1536
vn -0.5000 -0.3142 -0.8070
vn -0.6428 -0.2779 -0.7138
vn -0.7660 -0.2332 -0.5990
vn -0.8660 -0.1814 -0.4659
vn -0.1736 -0.2504 -0.9525
vn -0.9397 -0.1241 -0.3187
vn -0.3420 -0.2389 -0.9088
vn -0.9848 -0.0630 -0.1618
vn -0.5000 -0.2202 -0.8376
vn -0.6428 -0.1947 -0.7409
vn -0.7660 -0.1634 -0.6217
vn -0.8660 -0.1271 -0.4836
vn -0.1736 -0.1402 -0.9748
vn -0.9397 -0.0869 -0.3308
vn -0.3420 -0.1337 -0.9301
vn -0.9848 -0.0441 -0.1679
vn -0.5000 -0.1232 -0.8572
vn -0.6428 -0.1090 -0.7582
vn -0.7660 -0.0915 -0.6362
vn -0.8660 -0.0712 -0.4949
vn -0.1736 -0.0281 -0.9844
vn -0.9397 -0.0487 -0.3385
vn -0.3420 -0.0268 -0.9393
vn -0.9848 -0.0247 -0.1719
vn -0.5000 -0.0247 -0.8657
vn -0.6428 -0.0219 -0.7657
vn -0.7660 -0.0184 -0.6425
vn -0.8660 -0.0143 -0.4998
vn -0.1736 0.0843 -0.9812
vn -0.9397 -0.0098 -0.3419
vn -0.3420 0.0804 -0.9362
vn -0.9848 -0.0050 -0.1736
vn -0.1736 0.1187 -0.9776
vn -0.5000 0.0741 -0.8628
vn -0.3420 0.1133 -0.9328
vn -0.6428 0.0656 -0.7632
vn -0.5000 0.1044 -0.8597
vn -0.7660 0.0550 -0.6404
vn -0.6428 0.0923 -0.7605
vn -0.8660 0.0428 -0.4982
vn -0.1736 0.1956 -0.9652
vn -0.7660 0.0775 -0.6381
vn -0.9397 0.0293 -0.3408
vn -0.3420 0.1866 -0.9210
vn -0.8660 0.0603 -0.4964
vn -0.9848 0.0149 -0.1730
vn -0.5000 0.1720 -0.8488
vn -0.1736 0.2357 -0.9562
vn -0.9397 0.0412 -0.3395
vn -0.6428 0.1521 -0.7508
vn -0.3420 0.2249 -0.9124
vn -0.9848 0.0209 -0.1724
vn -0.7660 0.1277 -0.6300
vn -0.5000 0.2073 -0.8409
vn -0.8660 0.0993 -0.4900
vn -0.6428 0.1833 -0.7438
vn -0.1736 0.3043 -0.9366
vn -0.9397 0.0679 -0.3352
vn -0.7660 0.1538 -0.6241
vn -0.3420 0.2904 -0.8937
vn -0.9848 0.0345 -0.1702
vn -0.8660 0.1197 -0.4855
vn -0.5000 0.2676 -0.8236
vn -0.1736 0.3492 -0.9208
vn -0.9397 0.0819 -0.3321
vn -0.6428 0.2367 -0.7286
vn -0.3420 0.3332 -0.8786
vn -0.9848 0.0416 -0.1686
vn -0.7660 0.1986 -0.6113
vn -0.5000 0.3071 -0.8097
vn -0.8660 0.1545 -0.4755
vn -0.6428 0.2716 -0.7163
vn -0.1736 0.4091 -0.8958
vn -0.9397 0.1057 -0.3253
vn -0.7660 0.2279 -0.6010
vn -0.3420 0.3904 -0.8548
vn -0.9848 0.0537 -0.1651
vn -0.8660 0.1773 -0.4675
vn -0.5000 0.3598 -0.7878
vn -0.1736 0.4577 -0.8720
vn -0.9397 0.1213 -0.3198
vn -0.6428 0.3182 -0.6968
vn -0.3420 0.4367 -0.8321
vn -0.9848 0.0616 -0.1624
vn -0.7660 0.2670 -0.5847
vn -0.5000 0.4025 -0.7668
vn -0.8660 0.2077 -0.4548
vn -0.1736 0.5086 -0.8433
vn -0.6428 0.3560 -0.6783
vn -0.9397 0.1421 -0.3111
vn -0.3420 0.4853 -0.8047
vn -0.7660 0.2987 -0.5692
vn -0.9848 0.0721 -0.1580
vn -0.5000 0.4472 -0.7416
vn -0.8660 0.2324 -0.4427
vn -0.6428 0.3956 -0.6560
vn -0.1736 0.5594 -0.8105
vn -0.9397 0.1589 -0.3028
vn -0.7660 0.3319 -0.5505
vn -0.3420 0.5338 -0.7734
vn -0.9848 0.0807 -0.1538
vn -0.8660 0.2582 -0.4282
vn -0.5000 0.4920 -0.7127
vn -0.1736 0.6014 -0.7799
vn -0.9397 0.1766 -0.2929
vn -0.6428 0.4352 -0.6304
vn -0.3420 0.5738 -0.7441
vn -0.9848 0.0897 -0.1487
vn -0.7660 0.3651 -0.5290
vn -0.5000 0.5288 -0.6858
vn -0.8660 0.2840 -0.4115
vn -0.6428 0.4678 -0.6066
vn -0.1736 0.6530 -0.7371
vn -0.9397 0.1943 -0.2815
vn -0.7660 0.3925 -0.5090
vn -0.3420 0.6231 -0.7034
vn -0.9848 0.0986 -0.1429
vn -0.8660 0.3053 -0.3960
vn -0.5000 0.5743 -0.6482
vn -0.1736 0.6863 -0.7062
vn -0.9397 0.2089 -0.2708
vn -0.6428 0.5080 -0.5734
vn -0.3420 0.6549 -0.6739
vn -0.9848 0.1060 -0.1375
vn -0.7660 0.4262 -0.4811
vn -0.5000 0.6036 -0.6211
vn -0.8660 0.3316 -0.3743
vn -0.6428 0.5339 -0.5494
vn -0.1736 0.7371 -0.6530
vn -0.9397 0.2268 -0.2560
vn -0.7660 0.4480 -0.4610
vn -0.3420 0.7034 -0.6231
vn -0.9848 0.1152 -0.1300
vn -0.8660 0.3485 -0.3586
vn -0.1736 0.7624 -0.6234
vn -0.5000 0.6482 -0.5743
vn -0.9397 0.2384 -0.2453
vn -0.3420 0.7275 -0.5948
vn -0.6428 0.5734 -0.5080
vn -0.9848 0.1210 -0.1245
vn -0.5000 0.6704 -0.5482
vn -0.7660 0.4811 -0.4262
vn -0.6428 0.5930 -0.4849
vn -0.8660 0.3743 -0.3316
vn -0.1736 0.8105 -0.5594
vn -0.7660 0.4976 -0.4069
vn -0.9397 0.2560 -0.2268
vn -0.3420 0.7734 -0.5338
vn -0.8660 0.3871 -0.3165
vn -0.9848 0.1300 -0.1152
vn -0.1736 0.8285 -0.5324
vn -0.5000 0.7127 -0.4920
vn -0.9397 0.2648 -0.2165
vn -0.3420 0.7905 -0.5080
vn -0.6428 0.6304 -0.4352
vn -0.9848 0.1344 -0.1099
vn -0.5000 0.7285 -0.4682
vn -0.7660 0.5290 -0.3651
vn -0.6428 0.6444 -0.4142
vn -0.8660 0.4115 -0.2840
vn -0.7660 0.5407 -0.3475
vn -0.1736 0.8720 -0.4577
vn -0.9397 0.2815 -0.1943
vn -0.8660 0.4206 -0.2703
vn -0.3420 0.8321 -0.4367
vn -0.9848 0.1429 -0.0986
vn -0.9397 0.2877 -0.1849
vn -0.5000 0.7668 -0.4025
vn -0.9848 0.1461 -0.0939
vn -0.6428 0.6783 -0.3560
vn -0.7660 0.5692 -0.2987
vn -0.8660 0.4427 -0.2324
vn -0.1736 0.9208 -0.3492
vn -0.9397 0.3028 -0.1589
vn -0.3420 0.8786 -0.3332
vn -0.9848 0.1538 -0.0807
vn -0.5000 0.8097 -0.3071
vn -0.6428 0.7163 -0.2716
vn -0.7660 0.6010 -0.2279
vn -0.8660 0.4675 -0.1773
vn -0.1736 0.9562 -0.2357
vn -0.9397 0.3198 -0.1213
vn -0.3420 0.9124 -0.2249
vn -0.9848 0.1624 -0.0616
vn -0.5000 0.8409 -0.2073
vn -0.6428 0.7438 -0.1833
vn -0.7660 0.6241 -0.1538
vn -0.8660 0.4855 -0.1197
vn -0.1736 0.9776 -0.1187
vn -0.9397 0.3321 -0.0819
vn -0.3420 0.9328 -0.1133
vn -0.9848 0.1686 -0.0416
vn -0.5000 0.8597 -0.1044
vn -0.6428 0.7605 -0.0923
vn -0.7660 0.6381 -0.0775
vn -0.8660 0.4964 -0.0603
vn -0.9397 0.3395 -0.0412
vn -0.9848 0.1724 -0.0209
vn 0.1736 0.9848 -0.0000
vn 0.3420 0.9397 -0.0000
vn 0.5000 0.8660 -0.0000
vn 0.6428 0.7660 -0.0000
vn 0.7660 0.6428 -0.0000
vn 0.8660 0.5000 -0.0000
vn 0.9397 0.3420 -0.0000
vn 0.9848 0.1736 -0.0000
vn 1.0000 0.0000 -0.0000
vn 1.0000 0.0000 0.0000
vn 1.0000 0.0000 0.0000
vn 1.0000 0.0000 0.0000
vn 1.0000 0.0000 0.0000
vn 1.0000 0.0000 0.0000
vn 1.0000 0.0000 0.0000
vn 1.0000 0.0000 0.0000
vn 1.0000 0.0000 0.0000
vn 1.0000 0.0000 0.0000
vn 1.0000 0.0000 0.0000
vn 1.0000 0.0000 0.0000
vn 1.0000 0.0000 0.0000
vn 1.0000 0.0000 0.0000
vn 1.0000 -0.0000 0.0000
vn 1.0000 -0.0000 0.0000
vn 1.0000 -0.0000 0.0000
vn 1.0000 -0.0000 0.0000
vn 1.0000 -0.0000 0.0000
vn 1.0000 -0.0000 0.0000
vn 1.0000 -0.0000 0.0000
vn 1.0000 -0.0000 0.0000
vn 1.0000 -0.0000 0.0000
vn 1.0000 -0.0000 0.0000
vn 1.0000 -0.0000 0.0000
vn 1.0000 -0.0000 0.0000
vn 1.0000 -0.0000 0.0000
vn 1.0000 -0.0000 -0.0000
vn 1.0000 -0.0000 -0.0000
vn 1.0000 -0.0000 -0.0000
vn 1.0000 -0.0000 -0.0000
vn 1.0000 -0.0000 -0.0000
vn 1.0000 -0.0000 -0.0000
vn 1.0000 -0.0000 -0.0000
vn 1.0000 -0.0000 -0.0000
vn 1.0000 -0.0000 -0.0000
vn 1.0000 -0.0000 -0.0000
vn 1.0000 -0.0000 -0.0000
vn 1.0000 -0.0000 -0.0000
vn 1.0000 -0.0000 -0.0000
vn 1.0000 0.0000 -0.0000
vn 1.0000 0.0000 -0.0000
vn 1.0000 0.0000 -0.0000
vn 1.0000 0.0000 -0.0000
vn 1.0000 0.0000 -0.0000
vn 1.0000 0.0000 -0.0000
vn 1.0000 0.0000 -0.0000
vn 1.0000 0.0000 -0.0000
vn 1.0000 0.0000 -0.0000
vn 1.0000 0.0000 -0.0000
vn 1.0000 0.0000 -0.0000
vn 1.0000 0.0000 -0.0000
vn 0.1736 0.9784 0.1123
vn 0.3420 0.9336 0.1071
vn 0.5000 0.8604 0.0987
vn 0.6428 0.7611 0.0873
vn 0.7660 0.6386 0.0733
vn 0.8660 0.4967 0.0570
vn 0.1736 0.9592 0.2231
vn 0.9397 0.3398 0.0390
vn 0.3420 0.9153 0.2128
vn 0.9848 0.1725 0.0198
vn 0.5000 0.8435 0.1962
vn 0.6428 0.7461 0.1735
vn 0.7660 0.6261 0.1456
vn 0.8660 0.4870 0.1132
vn 0.1736 0.9275 0.3309
vn 0.9397 0.3331 0.0775
vn 0.3420 0.8850 0.3158
vn 0.9848 0.1691 0.0393
vn 0.5000 0.8157 0.2910
vn 0.6428 0.7215 0.2574
vn 0.7660 0.6054 0.2160
vn 0.8660 0.4709 0.1680
vn 0.1736 0.8838 0.4345
vn 0.9397 0.3221 0.1149
vn 0.3420 0.8433 0.4146
vn 0.9848 0.1635 0.0584
vn 0.5000 0.7772 0.3821
vn 0.6428 0.6874 0.3380
vn 0.7660 0.5768 0.2836
vn 0.8660 0.4487 0.2206
vn 0.1736 0.8285 0.5324
vn 0.9397 0.3069 0.1509
vn 0.3420 0.7905 0.5080
vn 0.9848 0.1558 0.0766
vn 0.1736 0.8105 0.5594
vn 0.5000 0.7285 0.4682
vn 0.3420 0.7734 0.5338
vn 0.6428 0.6444 0.4142
vn 0.5000 0.7127 0.4920
vn 0.7660 0.5407 0.3475
vn 0.6428 0.6304 0.4352
vn 0.8660 0.4206 0.2703
vn 0.1736 0.7624 0.6234
vn 0.7660 0.5290 0.3651
vn 0.9397 0.2877 0.1849
vn 0.3420 0.7275 0.5948
vn 0.8660 0.4115 0.2840
vn 0.9848 0.1461 0.0939
vn 0.1736 0.7371 0.6530
vn 0.5000 0.6704 0.5482
vn 0.9397 0.2815 0.1943
vn 0.3420 0.7034 0.6231
vn 0.6428 0.5930 0.4849
vn 0.9848 0.1429 0.0986
vn 0.5000 0.6482 0.5743
vn 0.7660 0.4976 0.4069
vn 0.6428 0.5734 0.5080
vn 0.8660 0.3871 0.3165
vn 0.1736 0.6863 0.7062
vn 0.7660 0.4811 0.4262
vn 0.9397 0.2648 0.2165
vn 0.3420 0.6549 0.6739
vn 0.8660 0.3743 0.3316
vn 0.9848 0.1344 0.1099
vn 0.5000 0.6036 0.6211
vn 0.1736 0.6530 0.7371
vn 0.9397 0.2560 0.2268
vn 0.6428 0.5339 0.5494
vn 0.3420 0.6231 0.7034
vn 0.9848 0.1300 0.1152
vn 0.7660 0.4480 0.4610
vn 0.5000 0.5743 0.6482
vn 0.8660 0.3485 0.3586
vn 0.6428 0.5080 0.5734
vn 0.1736 0.6014 0.7799
vn 0.9397 0.2384 0.2453
vn 0.7660 0.4262 0.4811
vn 0.3420 0.5738 0.7441
vn 0.9848 0.1210 0.1245
vn 0.8660 0.3316 0.3743
vn 0.5000 0.5288 0.6858
vn 0.1736 0.5594 0.8105
vn 0.9397 0.2268 0.2560
vn 0.6428 0.4678 0.6066
vn 0.3420 0.5338 0.7734
vn 0.9848 0.1152 0.1300
vn 0.7660 0.3925 0.5090
vn 0.5000 0.4920 0.7127
vn 0.8660 0.3053 0.3960
vn 0.6428 0.4352 0.6304
vn 0.1736 0.5086 0.8433
vn 0.9397 0.2089 0.2708
vn 0.7660 0.3651 0.5290
vn 0.3420 0.4853 0.8047
vn 0.9848 0.1060 0.1375
vn 0.8660 0.2840 0.4115
vn 0.5000 0.4472 0.7416
vn 0.1736 0.4577 0.8720
vn 0.9397 0.1943 0.2815
vn 0.6428 0.3956 0.6560
vn 0.3420 0.4367 0.8321
vn 0.9848 0.0986 0.1429
vn 0.7660 0.3319 0.5505
vn 0.5000 0.4025 0.7668
vn 0.8660 0.2582 0.4282
vn 0.1736 0.4091 0.8958
vn 0.6428 0.3560 0.6783
vn 0.9397 0.1766 0.2929
vn 0.3420 0.3904 0.8548
vn 0.7660 0.2987 0.5692
vn 0.9848 0.0897 0.1487
vn 0.5000 0.3598 0.7878
vn 0.8660 0.2324 0.4427
vn 0.6428 0.3182 0.6968
vn 0.1736 0.3492 0.9208
vn 0.9397 0.1589 0.3028
vn 0.7660 0.2670 0.5847
vn 0.3420 0.3332 0.8786
vn 0.9848 0.0807 0.1538
vn 0.8660 0.2077 0.4548
vn 0.5000 0.3071 0.8097
vn 0.1736 0.3043 0.9366
vn 0.9397 0.1421 0.3111
vn 0.6428 0.2716 0.7163
vn 0.3420 0.2904 0.8937
vn 0.9848 0.0721 0.1580
vn 0.7660 0.2279 0.6010
vn 0.5000 0.2676 0.8236
vn 0.8660 0.1773 0.4675
vn 0.6428 0.2367 0.7286
vn 0.1736 0.2357 0.9562
vn 0.9397 0.1213 0.3198
vn 0.7660 0.1986 0.6113
vn 0.3420 0.2249 0.9124
vn 0.9848 0.0616 0.1624
vn 0.8660 0.1545 0.4755
vn 0.5000 0.2073 0.8409
vn 0.1736 0.1956 0.9652
vn 0.9397 0.1057 0.3253
vn 0.6428 0.1833 0.7438
vn 0.3420 0.1866 0.9210
vn 0.9848 0.0537 0.1651
vn 0.7660 0.1538 0.6241
vn 0.5000 0.1720 0.8488
vn 0.8660 0.1197 0.4855
vn 0.6428 0.1521 0.7508
vn 0.1736 0.1187 0.9776
vn 0.9397 0.0819 0.3321
vn 0.7660 0.1277 0.6300
vn 0.3420 0.1133 0.9328
vn 0.9848 0.0416 0.1686
vn 0.8660 0.0993 0.4900
vn 0.1736 0.0843 0.9812
vn 0.5000 0.1044 0.8597
vn 0.9397 0.0679 0.3352
vn 0.3420 0.0804 0.9362
vn 0.6428 0.0923 0.7605
vn 0.9848 0.0345 0.1702
vn 0.5000 0.0741 0.8628
vn 0.7660 0.0775 0.6381
vn 0.6428 0.0656 0.7632
vn 0.8660 0.0603 0.4964
vn 0.7660 0.0550 0.6404
vn 0.1736 0.0000 0.9848
vn 0.9397 0.0412 0.3395
vn 0.8660 0.0428 0.4982
vn 0.3420 0.0000 0.9397
vn 0.9848 0.0209 0.1724
vn 0.9397 0.0293 0.3408
vn 0.5000 0.0000 0.8660
vn 0.9848 0.0149 0.1730
vn 0.6428 0.0000 0.7660
vn 0.7660 0.0000 0.6428
vn 0.8660 0.0000 0.5000
vn 0.1736 -0.1187 0.9776
vn 0.9397 0.0000 0.3420
vn 0.3420 -0.1133 0.9328
vn 0.9848 0.0000 0.1736
vn 0.5000 -0.1044 0.8597
vn 0.6428 -0.0923 0.7605
vn 0.7660 -0.0775 0.6381
vn 0.8660 -0.0603 0.4964
vn 0.1736 -0.2357 0.9562
vn 0.9397 -0.0412 0.3395
vn 0.3420 -0.2249 0.9124
vn 0.9848 -0.0209 0.1724
vn 0.5000 -0.2073 0.8409
vn 0.6428 -0.1833 0.7438
vn 0.7660 -0.1538 0.6241
vn 0.8660 -0.1197 0.4855
vn 0.1736 -0.3492 0.9208
vn 0.9397 -0.0819 0.3321
vn 0.3420 -0.3332 0.8786
vn 0.9848 -0.0416 0.1686
vn 0.5000 -0.3071 0.8097
vn 0.6428 -0.2716 0.7163
vn 0.7660 -0.2279 0.6010
vn 0.8660 -0.1773 0.4675
vn 0.1736 -0.4577 0.8720
vn 0.9397 -0.1213 0.3198
vn 0.3420 -0.4367 0.8321
vn 0.9848 -0.0616 0.1624
vn 0.5000 -0.4025 0.7668
vn 0.6428 -0.3560 0.6783
vn 0.7660 -0.2987 0.5692
vn 0.8660 -0.2324 0.4427
vn 0.1736 -0.5559 0.8129
vn 0.9397 -0.1589 0.3028
vn 0.3420 -0.5304 0.7757
vn 0.9848 -0.0807 0.1538
vn 0.5000 -0.4888 0.7149
vn 0.6428 -0.4324 0.6323
vn 0.7660 -0.3628 0.5306
vn 0.8660 -0.2822 0.4127
vn 0.1736 -0.6449 0.7443
vn 0.9397 -0.1931 0.2823
vn 0.3420 -0.6154 0.7102
vn 0.9848 -0.0980 0.1433
vn 0.5000 -0.5671 0.6545
vn 0.6428 -0.5017 0.5789
vn 0.7660 -0.4209 0.4858
vn 0.8660 -0.3274 0.3779
vn 0.1736 -0.7255 0.6659
vn 0.9397 -0.2240 0.2585
vn 0.3420 -0.6923 0.6354
vn 0.9848 -0.1137 0.1312
vn 0.5000 -0.6380 0.5856
vn 0.6428 -0.5644 0.5180
vn 0.7660 -0.4736 0.4346
vn 0.8660 -0.3684 0.3381
vn 0.1736 -0.7967 0.5789
vn 0.9397 -0.2520 0.2313
vn 0.3420 -0.7602 0.5523
vn 0.9848 -0.1279 0.1174
vn 0.5000 -0.7006 0.5090
vn 0.6428 -0.6197 0.4503
vn 0.7660 -0.5200 0.3778
vn 0.8660 -0.4045 0.2939
vn 0.1736 -0.8575 0.4843
vn 0.9397 -0.2767 0.2010
vn 0.3420 -0.8182 0.4621
vn 0.9848 -0.1405 0.1021
vn 0.1736 -0.8720 0.4577
vn 0.5000 -0.7541 0.4259
vn 0.3420 -0.8321 0.4367
vn 0.6428 -0.6670 0.3767
vn 0.5000 -0.7668 0.4025
vn 0.7660 -0.5597 0.3161
vn 0.6428 -0.6783 0.3560
vn 0.8660 -0.4354 0.2459
vn 0.7660 -0.5692 0.2987
vn 0.1736 -0.9071 0.3834
vn 0.9397 -0.2978 0.1682
vn 0.8660 -0.4427 0.2324
vn 0.3420 -0.8656 0.3658
vn 0.9848 -0.1512 0.0854
vn 0.1736 -0.9208 0.3492
vn 0.9397 -0.3028 0.1589
vn 0.5000 -0.7977 0.3371
vn 0.3420 -0.8786 0.3332
vn 0.9848 -0.1538 0.0807
vn 0.6428 -0.7056 0.2982
vn 0.5000 -0.8097 0.3071
vn 0.7660 -0.5921 0.2502
vn 0.6428 -0.7163 0.2716
vn 0.8660 -0.4606 0.1946
vn 0.1736 -0.9449 0.2775
vn 0.7660 -0.6010 0.2279
vn 0.9397 -0.3150 0.1331
vn 0.3420 -0.9016 0.2647
vn 0.8660 -0.4675 0.1773
vn 0.9848 -0.1600 0.0676
vn 0.5000 -0.8309 0.2440
vn 0.1736 -0.9562 0.2357
vn 0.9397 -0.3198 0.1213
vn 0.6428 -0.7350 0.2158
vn 0.3420 -0.9124 0.2249
vn 0.9848 -0.1624 0.0616
vn 0.7660 -0.6168 0.1811
vn 0.5000 -0.8409 0.2073
vn 0.8660 -0.4797 0.1409
vn 0.6428 -0.7438 0.1833
vn 0.1736 -0.9704 0.1679
vn 0.9397 -0.3282 0.0964
vn 0.7660 -0.6241 0.1538
vn 0.3420 -0.9259 0.1602
vn 0.9848 -0.1666 0.0489
vn 0.8660 -0.4855 0.1197
vn 0.5000 -0.8533 0.1477
vn 0.1736 -0.9776 0.1187
vn 0.9397 -0.3321 0.0819
vn 0.6428 -0.7548 0.1306
vn 0.3420 -0.9328 0.1133
vn 0.9848 -0.1686 0.0416
vn 0.7660 -0.6334 0.1096
vn 0.5000 -0.8597 0.1044
vn 0.8660 -0.4927 0.0853
vn 0.6428 -0.7605 0.0923
vn 0.1736 -0.9832 0.0562
vn 0.9397 -0.3370 0.0583
vn 0.7660 -0.6381 0.0775
vn 0.3420 -0.9382 0.0536
vn 0.9848 -0.1711 0.0296
vn 0.8660 -0.4964 0.0603
vn 0.5000 -0.8646 0.0494
vn 0.1736 -0.9848 0.0000
vn 0.9397 -0.3395 0.0412
vn 0.6428 -0.7648 0.0437
vn 0.3420 -0.9397 0.0000
vn 0.9848 -0.1724 0.0209
vn 0.7660 -0.6417 0.0367
vn 0.5000 -0.8660 0.0000
vn 0.8660 -0.4992 0.0285
vn 0.1736 -0.9832 -0.0562
vn 0.6428 -0.7660 0.0000
vn 0.9397 -0.3415 0.0195
vn 0.3420 -0.9382 -0.0536
vn 0.7660 -0.6428 0.0000
vn 0.9848 -0.1734 0.0099
vn 0.5000 -0.8646 -0.0494
vn 0.8660 -0.5000 0.0000
vn 0.6428 -0.7648 -0.0437
vn 0.1736 -0.9776 -0.1187
vn 0.9397 -0.3420 0.0000
vn 0.7660 -0.6417 -0.0367
vn 0.3420 -0.9328 -0.1133
vn 0.9848 -0.1736 0.0000
vn 0.8660 -0.4992 -0.0285
vn 0.5000 -0.8597 -0.1044
vn 0.1736 -0.9704 -0.1679
vn 0.9397 -0.3415 -0.0195
vn 0.6428 -0.7605 -0.0923
vn 0.3420 -0.9259 -0.1602
vn 0.9848 -0.1734 -0.0099
vn 0.7660 -0.6381 -0.0775
vn 0.5000 -0.8533 -0.1477
vn 0.8660 -0.4964 -0.0603
vn 0.6428 -0.7548 -0.1306
vn 0.1736 -0.9562 -0.2357
vn 0.9397 -0.3395 -0.0412
vn 0.7660 -0.6334 -0.1096
vn 0.3420 -0.9124 -0.2249
vn 0.9848 -0.1724 -0.0209
vn 0.8660 -0.4927 -0.0853
vn 0.5000 -0.8409 -0.2073
vn 0.1736 -0.9449 -0.2775
vn 0.9397 -0.3370 -0.0583
vn 0.6428 -0.7438 -0.1833
vn 0.3420 -0.9016 -0.2647
vn 0.9848 -0.1711 -0.0296
vn 0.7660 -0.6241 -0.1538
vn 0.5000 -0.8309 -0.2440
vn 0.8660 -0.4855 -0.1197
vn 0.6428 -0.7350 -0.2158
vn 0.1736 -0.9208 -0.3492
vn 0.9397 -0.3321 -0.0819
vn 0.7660 -0.6168 -0.1811
vn 0.3420 -0.8786 -0.3332
vn 0.9848 -0.1686 -0.0416
vn 0.8660 -0.4797 -0.1409
vn 0.1736 -0.9071 -0.3834
vn 0.5000 -0.8097 -0.3071
vn 0.9397 -0.3282 -0.0964
vn 0.3420 -0.8656 -0.3658
vn 0.6428 -0.7163 -0.2716
vn 0.9848 -0.1666 -0.0489
vn 0.5000 -0.7977 -0.3371
vn 0.7660 -0.6010 -0.2279
vn 0.6428 -0.7056 -0.2982
vn 0.8660 -0.4675 -0.1773
vn 0.7660 -0.5921 -0.2502
vn 0.1736 -0.8720 -0.4577
vn 0.9397 -0.3198 -0.1213
vn 0.8660 -0.4606 -0.1946
vn 0.3420 -0.8321 -0.4367
vn 0.9848 -0.1624 -0.0616
vn 0.1736 -0.8575 -0.4843
vn 0.9397 -0.3150 -0.1331
vn 0.5000 -0.7668 -0.4025
vn 0.3420 -0.8182 -0.4621
vn 0.9848 -0.1600 -0.0676
vn 0.6428 -0.6783 -0.3560
vn 0.5000 -0.7541 -0.4259
vn 0.7660 -0.5692 -0.2987
vn 0.6428 -0.6670 -0.3767
vn 0.8660 -0.4427 -0.2324
vn 0.7660 -0.5597 -0.3161
vn 0.1736 -0.8105 -0.5594
vn 0.9397 -0.3028 -0.1589
vn 0.8660 -0.4354 -0.2459
vn 0.3420 -0.7734 -0.5338
vn 0.9848 -0.1538 -0.0807
vn 0.9397 -0.2978 -0.1682
vn 0.5000 -0.7127 -0.4920
vn 0.9848 -0.1512 -0.0854
vn 0.6428 -0.6304 -0.4352
vn 0.7660 -0.5290 -0.3651
vn 0.8660 -0.4115 -0.2840
vn 0.1736 -0.7371 -0.6530
vn 0.9397 -0.2815 -0.1943
vn 0.3420 -0.7034 -0.6231
vn 0.9848 -0.1429 -0.0986
vn 0.5000 -0.6482 -0.5743
vn 0.6428 -0.5734 -0.5080
vn 0.7660 -0.4811 -0.4262
vn 0.8660 -0.3743 -0.3316
vn 0.1736 -0.6530 -0.7371
vn 0.9397 -0.2560 -0.2268
vn 0.3420 -0.6231 -0.7034
vn 0.9848 -0.1300 -0.1152
vn 0.5000 -0.5743 -0.6482
vn 0.6428 -0.5080 -0.5734
vn 0.7660 -0.4262 -0.4811
vn 0.8660 -0.3316 -0.3743
vn 0.1736 -0.5594 -0.8105
vn 0.9397 -0.2268 -0.2560
vn 0.3420 -0.5338 -0.7734
vn 0.9848 -0.1152 -0.1300
vn 0.5000 -0.4920 -0.7127
vn 0.6428 -0.4352 -0.6304
vn 0.7660 -0.3651 -0.5290
vn 0.8660 -0.2840 -0.4115
vn 0.1736 -0.4596 -0.8710
vn 0.9397 -0.1943 -0.2815
vn 0.3420 -0.4385 -0.8311
vn 0.9848 -0.0986 -0.1429
vn 0.5000 -0.4041 -0.7659
vn 0.6428 -0.3575 -0.6775
vn 0.7660 -0.3000 -0.5685
vn 0.8660 -0.2333 -0.4422
vn 0.1736 -0.3573 -0.9177
vn 0.9397 -0.1596 -0.3025
vn 0.3420 -0.3409 -0.8757
vn 0.9848 -0.0810 -0.1536
vn 0.5000 -0.3142 -0.8070
vn 0.6428 -0.2779 -0.7138
vn 0.7660 -0.2332 -0.5990
vn 0.8660 -0.1814 -0.4659
vn 0.1736 -0.2504 -0.9525
vn 0.9397 -0.1241 -0.3187
vn 0.3420 -0.2389 -0.9088
vn 0.9848 -0.0630 -0.1618
vn 0.5000 -0.2202 -0.8376
vn 0.6428 -0.1947 -0.7409
vn 0.7660 -0.1634 -0.6217
vn 0.8660 -0.1271 -0.4836
vn 0.1736 -0.1402 -0.9748
vn 0.9397 -0.0869 -0.3308
vn 0.3420 -0.1337 -0.9301
vn 0.9848 -0.0441 -0.1679
vn 0.5000 -0.1232 -0.8572
vn 0.6428 -0.1090 -0.7582
vn 0.7660 -0.0915 -0.6362
vn 0.8660 -0.0712 -0.4949
vn 0.1736 -0.0281 -0.9844
vn 0.9397 -0.0487 -0.3385
vn 0.3420 -0.0268 -0.9393
vn 0.9848 -0.0247 -0.1719
vn 0.5000 -0.0247 -0.8657
vn 0.6428 -0.0219 -0.7657
vn 0.7660 -0.0184 -0.6425
vn 0.8660 -0.0143 -0.4998
vn 0.1736 0.0843 -0.9812
vn 0.9397 -0.0098 -0.3419
vn 0.3420 0.0804 -0.9362
vn 0.9848 -0.0050 -0.1736
vn 0.1736 0.1187 -0.9776
vn 0.5000 0.0741 -0.8628
vn 0.3420 0.1133 -0.9328
vn 0.6428 0.0656 -0.7632
vn 0.5000 0.1044 -0.8597
vn 0.7660 0.0550 -0.6404
vn 0.6428 0.0923 -0.7605
vn 0.8660 0.0428 -0.4982
vn 0.1736 0.1956 -0.9652
vn 0.7660 0.0775 -0.6381
vn 0.9397 0.0293 -0.3408
vn 0.3420 0.1866 -0.9210
vn 0.8660 0.0603 -0.4964
vn 0.9848 0.0149 -0.1730
vn 0.5000 0.1720 -0.8488
vn 0.1736 0.2357 -0.9562
vn 0.9397 0.0412 -0.3395
vn 0.6428 0.1521 -0.7508
vn 0.3420 0.2249 -0.9124
vn 0.9848 0.0209 -0.1724
vn 0.7660 0.1277 -0.6300
vn 0.5000 0.2073 -0.8409
vn 0.8660 0.0993 -0.4900
vn 0.6428 0.1833 -0.7438
vn 0.1736 0.3043 -0.9366
vn 0.9397 0.0679 -0.3352
vn 0.7660 0.1538 -0.6241
vn 0.3420 0.2904 -0.8937
vn 0.9848 0.0345 -0.1702
vn 0.8660 0.1197 -0.4855
vn 0.5000 0.2676 -0.8236
vn 0.1736 0.3492 -0.9208
vn 0.9397 0.0819 -0.3321
vn 0.6428 0.2367 -0.7286
vn 0.3420 0.3332 -0.8786
vn 0.9848 0.0416 -0.1686
vn 0.7660 0.1986 -0.6113
vn 0.5000 0.3071 -0.8097
vn 0.8660 0.1545 -0.4755
vn 0.6428 0.2716 -0.7163
vn 0.1736 0.4091 -0.8958
vn 0.9397 0.1057 -0.3253
vn 0.7660 0.2279 -0.6010
vn 0.3420 0.3904 -0.8548
vn 0.9848 0.0537 -0.1651
vn 0.8660 0.1773 -0.4675
vn 0.5000 0.3598 -0.7878
vn 0.1736 0.4577 -0.8720
vn 0.9397 0.1213 -0.3198
vn 0.6428 0.3182 -0.6968
vn 0.3420 0.4367 -0.8321
vn 0.9848 0.0616 -0.1624
vn 0.7660 0.2670 -0.5847
vn 0.5000 0.4025 -0.7668
vn 0.8660 0.2077 -0.4548
vn 0.1736 0.5086 -0.8433
vn 0.6428 0.3560 -0.6783
vn 0.9397 0.1421 -0.3111
vn 0.3420 0.4853 -0.8047
vn 0.7660 0.2987 -0.5692
vn 0.9848 0.0721 -0.1580
vn 0.5000 0.4472 -0.7416
vn 0.8660 0.2324 -0.4427
vn 0.6428 0.3956 -0.6560
vn 0.1736 0.5594 -0.8105
vn 0.9397 0.1589 -0.3028
vn 0.7660 0.3319 -0.5505
vn 0.3420 0.5338 -0.7734
vn 0.9848 0.0807 -0.1538
vn 0.8660 0.2582 -0.4282
vn 0.5000 0.4920 -0.7127
vn 0.1736 0.6014 -0.7799
vn 0.9397 0.1766 -0.2929
vn 0.6428 0.4352 -0.6304
vn 0.3420 0.5738 -0.7441
vn 0.9848 0.0897 -0.1487
vn 0.7660 0.3651 -0.5290
vn 0.5000 0.5288 -0.6858
vn 0.8660 0.2840 -0.4115
vn 0.6428 0.4678 -0.6066
vn 0.1736 0.6530 -0.7371
vn 0.9397 0.1943 -0.2815
vn 0.7660 0.3925 -0.5090
vn 0.3420 0.6231 -0.7034
vn 0.9848 0.0986 -0.1429
vn 0.8660 0.3053 -0.3960
vn 0.5000 0.5743 -0.6482
vn 0.1736 0.6863 -0.7062
vn 0.9397 0.2089 -0.2708
vn 0.6428 0.5080 -0.5734
vn 0.3420 0.6549 -0.6739
vn 0.9848 0.1060 -0.1375
vn 0.7660 0.4262 -0.4811
vn 0.5000 0.6036 -0.6211
vn 0.8660 0.3316 -0.3743
vn 0.6428 0.5339 -0.5494
vn 0.1736 0.7371 -0.6530
vn 0.9397 0.2268 -0.2560
vn 0.7660 0.4480 -0.4610
vn 0.3420 0.7034 -0.6231
vn 0.9848 0.1152 -0.1300
vn 0.8660 0.3485 -0.3586
vn 0.1736 0.7624 -0.6234
vn 0.5000 0.6482 -0.5743
vn 0.9397 0.2384 -0.2453
vn 0.3420 0.7275 -0.5948
vn 0.6428 0.5734 -0.5080
vn 0.9848 0.1210 -0.1245
vn 0.5000 0.6704 -0.5482
vn 0.7660 0.4811 -0.4262
vn 0.6428 0.5930 -0.4849
vn 0.8660 0.3743 -0.3316
vn 0.1736 0.8105 -0.5594
vn 0.7660 0.4976 -0.4069
vn 0.9397 0.2560 -0.2268
vn 0.3420 0.7734 -0.5338
vn 0.8660 0.3871 -0.3165
vn 0.9848 0.1300 -0.1152
vn 0.1736 0.8285 -0.5324
vn 0.5000 0.7127 -0.4920
vn 0.9397 0.2648 -0.2165
vn 0.3420 0.7905 -0.5080
vn 0.6428 0.6304 -0.4352
vn 0.9848 0.1344 -0.1099
vn 0.5000 0.7285 -0.4682
vn 0.7660 0.5290 -0.3651
vn 0.6428 0.6444 -0.4142
vn 0.8660 0.4115 -0.2840
vn 0.7660 0.5407 -0.3475
vn 0.1736 0.8720 -0.4577
vn 0.9397 0.2815 -0.1943
vn 0.8660 0.4206 -0.2703
vn 0.3420 0.8321 -0.4367
vn 0.9848 0.1429 -0.0986
vn 0.9397 0.2877 -0.1849
vn 0.5000 0.7668 -0.4025
vn 0.9848 0.1461 -0.0939
vn 0.6428 0.6783 -0.3560
vn 0.7660 0.5692 -0.2987
vn 0.8660 0.4427 -0.2324
vn 0.1736 0.9208 -0.3492
vn 0.9397 0.3028 -0.1589
vn 0.3420 0.8786 -0.3332
vn 0.9848 0.1538 -0.0807
vn 0.5000 0.8097 -0.3071
vn 0.6428 0.7163 -0.2716
vn 0.7660 0.6010 -0.2279
vn 0.8660 0.4675 -0.1773
vn 0.1736 0.9562 -0.2357
vn 0.9397 0.3198 -0.1213
vn 0.3420 0.9124 -0.2249
vn 0.9848 0.1624 -0.0616
vn 0.5000 0.8409 -0.2073
vn 0.6428 0.7438 -0.1833
vn 0.7660 0.6241 -0.1538
vn 0.8660 0.4855 -0.1197
vn 0.1736 0.9776 -0.1187
vn 0.9397 0.3321 -0.0819
vn 0.3420 0.9328 -0.1133
vn 0.9848 0.1686 -0.0416
vn 0.5000 0.8597 -0.1044
vn 0.6428 0.7605 -0.0923
vn 0.7660 0.6381 -0.0775
vn 0.8660 0.4964 -0.0603
vn 0.9397 0.3395 -0.0412
vn 0.9848 0.1724 -0.0209
f 2//2 1//1 57//57
f 3//3 2//2 57//57
f 3//3 57//57 58//58
f 4//4 3//3 58//58
f 5//5 4//4 58//58
f 5//5 58//58 59//59
f 6//6 5//5 59//59
f 6//6 59//59 60//60
f 6//6 60//60 61//61
f 7//7 6//6 61//61
f 8//8 7//7 61//61
f 8//8 61//61 62//62
f 8//8 62//62 63//63
f 9//9 8//8 63//63
f 10//10 9//9 63//63
f 10//10 63//63 64//64
f 10//10 64//64 65//65
f 11//11 10//10 65//65
f 12//12 11//11 65//65
f 12//12 65//65 66//66
f 13//13 12//12 66//66
f 13//13 66//66 67//67
f 14//14 13//13 67//67
f 14//14 67//67 68//68
f 15//15 14//14 68//68
f 15//15 68//68 69//69
f 15//15 69//69 70//70
f 16//16 15//15 70//70
f 17//17 70//70 71//71
f 17//17 16//16 70//70
f 18//18 71//71 72//72
f 18//18 17//17 71//71
f 19//19 72//72 73//73
f 19//19 18//18 72//72
f 20//20 73//73 74//74
f 20//20 19//19 73//73
f 21//21 74//74 75//75
f 21//21 75//75 76//76
f 21//21 20//20 74//74
f 22//22 21//21 76//76
f 23//23 76//76 77//77
f 23//23 22//22 76//76
f 24//24 23//23 77//77
f 24//24 77//77 78//78
f 25//25 24//24 78//78
f 25//25 78//78 79//79
f 26//26 25//25 79//79
f 26//26 79//79 80//80
f 27//27 26//26 80//80
f 27//27 80//80 81//81
f 27//27 81//81 82//82
f 28//28 27//27 82//82
f 29//29 28//28 82//82
f 29//29 82//82 83//83
f 30//30 29//29 83//83
f 30//30 83//83 84//84
f 31//31 30//30 84//84
f 31//31 84//84 85//85
f 32//32 31//31 85//85
f 32//32 85//85 86//86
f 33//33 32//32 86//86
f 33//33 86//86 87//87
f 33//33 87//87 88//88
f 34//34 33//33 88//88
f 35//35 34//34 88//88
f 35//35 88//88 89//89
f 36//36 35//35 89//89
f 36//36 89//89 90//90
f 37//37 36//36 90//90
f 37//37 90//90 91//91
f 38//38 37//37 91//91
f 38//38 91//91 92//92
f 39//39 38//38 92//92
f 39//39 92//92 93//93
f 39//39 93//93 94//94
f 40//40 39//39 94//94
f 41//41 40//40 94//94
f 41//41 94//94 95//95
f 41//41 95//95 96//96
f 42//42 41//41 96//96
f 43//43 42//42 96//96
f 43//43 96//96 97//97
f 44//44 43//43 97//97
f 44//44 97//97 98//98
f 45//45 44//44 98//98
f 45//45 98//98 99//99
f 46//46 99//99 100//100
f 46//46 45//45 99//99
f 47//47 100//100 101//101
f 47//47 46//46 100//100
f 48//48 101//101 102//102
f 48//48 47//47 101//101
f 49//49 48//48 102//102
f 49//49 102//102 103//103
f 50//50 49//49 103//103
f 50//50 103//103 104//104
f 51//51 104//104 105//105
f 51//51 50//50 104//104
f 52//52 105//105 106//106
f 52//52 51//51 105//105
f 53//53 106//106 107//107
f 53//53 107//107 108//108
f 53//53 52//52 106//106
f 54//54 53//53 108//108
f 54//54 108//108 109//109
f 55//55 54//54 109//109
f 56//56 109//109 110//110
f 56//56 55//55 109//109
f 2//2 110//110 1//1
f 2//2 56//56 110//110
f 111//111 1//1 110//110
f 171//171 1//1 111//111
f 171//171 57//57 1//1
f 172//172 111//111 112//112
f 172//172 171//171 111//111
f 173//173 112//112 113//113
f 173//173 172//172 112//112
f 174//174 113//113 114//114
f 174//174 173//173 113//113
f 175//175 114//114 115//115
f 175//175 174//174 114//114
f 176//176 115//115 116//116
f 176//176 175//175 115//115
f 177//177 58//58 57//57
f 177//177 57//57 171//171
f 178//178 116//116 117//117
f 178//178 176//176 116//116
f 179//179 177//177 171//171
f 179//179 171//171 172//172
f 180//180 117//117 118//118
f 180//180 118//118 119//119
f 180//180 178//178 117//117
f 180//180 119//119 120//120
f 181//181 172//172 173//173
f 181//181 179//179 172//172
f 182//182 173//173 174//174
f 182//182 181//181 173//173
f 183//183 182//182 174//174
f 183//183 174//174 175//175
f 184//184 175//175 176//176
f 184//184 183//183 175//175
f 185//185 59//59 58//58
f 185//185 58//58 177//177
f 186//186 184//184 176//176
f 186//186 176//176 178//178
f 187//187 185//185 177//177
f 187//187 177//177 179//179
f 188//188 186//186 178//178
f 188//188 120//120 121//121
f 188//188 121//121 186//186
f 188//188 178//178 180//180
f 188//188 180//180 120//120
f 189//189 187//187 179//179
f 189//189 179//179 181//181
f 189//189 181//181 182//182
f 190//190 189//189 182//182
f 191//191 190//190 182//182
f 191//191 182//182 183//183
f 192//192 183//183 184//184
f 192//192 191//191 183//183
f 193//193 60//60 59//59
f 193//193 59//59 185//185
f 194//194 184//184 186//186
f 194//194 192//192 184//184
f 194//194 186//186 121//121
f 195//195 185//185 187//187
f 195//195 193//193 185//185
f 196//196 194//194 121//121
f 196//196 122//122 194//194
f 196//196 121//121 122//122
f 197//197 187//187 189//189
f 197//197 195//195 187//187
f 198//198 197//197 189//189
f 198//198 189//189 190//190
f 199//199 190//190 191//191
f 199//199 198//198 190//190
f 200//200 191//191 192//192
f 200//200 199//199 191//191
f 201//201 61//61 60//60
f 201//201 60//60 193//193
f 201//201 193//193 195//195
f 202//202 192//192 194//194
f 202//202 194//194 122//122
f 202//202 200//200 192//192
f 203//203 201//201 195//195
f 204//204 123//123 202//202
f 204//204 202//202 122//122
f 204//204 122//122 123//123
f 205//205 62//62 61//61
f 205//205 61//61 201//201
f 205//205 201//201 203//203
f 206//206 195//195 197//197
f 206//206 203//203 195//195
f 207//207 205//205 203//203
f 208//208 206//206 197//197
f 208//208 197//197 198//198
f 209//209 203//203 206//206
f 209//209 207//207 203//203
f 210//210 208//208 198//198
f 210//210 198//198 199//199
f 211//211 209//209 206//206
f 211//211 206//206 208//208
f 212//212 210//210 199//199
f 212//212 199//199 200//200
f 213//213 62//62 205//205
f 213//213 205//205 207//207
f 214//214 211//211 208//208
f 214//214 208//208 210//210
f 215//215 202//202 123//123
f 215//215 212//212 200//200
f 215//215 200//200 202//202
f 216//216 213//213 207//207
f 217//217 214//214 210//210
f 217//217 210//210 212//212
f 218//218 123//123 124//124
f 218//218 215//215 123//123
f 219//219 63//63 62//62
f 219//219 62//62 213//213
f 220//220 207//207 209//209
f 220//220 209//209 211//211
f 220//220 216//216 207//207
f 221//221 212//212 215//215
f 221//221 217//217 212//212
f 221//221 215//215 218//218
f 222//222 213//213 216//216
f 222//222 219//219 213//213
f 223//223 220//220 211//211
f 224//224 218//218 124//124
f 224//224 221//221 218//218
f 225//225 222//222 216//216
f 225//225 216//216 220//220
f 226//226 214//214 217//217
f 226//226 223//223 211//211
f 226//226 211//211 214//214
f 227//227 220//220 223//223
f 227//227 225//225 220//220
f 228//228 226//226 217//217
f 229//229 63//63 219//219
f 230//230 223//223 226//226
f 230//230 227//227 223//223
f 231//231 228//228 217//217
f 231//231 217//217 221//221
f 232//232 229//229 219//219
f 232//232 219//219 222//222
f 233//233 230//230 226//226
f 233//233 226//226 228//228
f 234//234 221//221 224//224
f 234//234 231//231 221//221
f 234//234 124//124 125//125
f 234//234 224//224 124//124
f 235//235 232//232 222//222
f 235//235 222//222 225//225
f 236//236 64//64 63//63
f 236//236 63//63 229//229
f 237//237 228//228 231//231
f 237//237 233//233 228//228
f 238//238 225//225 227//227
f 238//238 235//235 225//225
f 239//239 229//229 232//232
f 239//239 232//232 235//235
f 239//239 236//236 229//229
f 240//240 231//231 234//234
f 240//240 237//237 231//231
f 240//240 234//234 125//125
f 241//241 227//227 230//230
f 241//241 238//238 227//227
f 242//242 239//239 235//235
f 243//243 230//230 233//233
f 243//243 241//241 230//230
f 244//244 235//235 238//238
f 244//244 238//238 241//241
f 244//244 242//242 235//235
f 245//245 64//64 236//236
f 246//246 233//233 237//237
f 246//246 243//243 233//233
f 247//247 244//244 241//241
f 248//248 236//236 239//239
f 248//248 245//245 236//236
f 249//249 237//237 240//240
f 249//249 240//240 125//125
f 249//249 246//246 237//237
f 249//249 125//125 126//126
f 250//250 241//241 243//243
f 250//250 247//247 241//241
f 251//251 242//242 244//244
f 251//251 239//239 242//242
f 251//251 248//248 239//239
f 252//252 65//65 64//64
f 252//252 64//64 245//245
f 253//253 243//243 246//246
f 253//253 250//250 243//243
f 253//253 246//246 249//249
f 254//254 251//251 244//244
f 255//255 245//245 248//248
f 255//255 252//252 245//245
f 256//256 249//249 126//126
f 256//256 253//253 249//249
f 257//257 244//244 247//247
f 257//257 254//254 244//244
f 258//258 248//248 251//251
f 258//258 255//255 248//248
f 259//259 247//247 250//250
f 259//259 257//257 247//247
f 260//260 254//254 257//257
f 260//260 251//251 254//254
f 260//260 258//258 251//251
f 261//261 65//65 252//252
f 262//262 250//250 253//253
f 262//262 259//259 250//250
f 263//263 260//260 257//257
f 264//264 255//255 258//258
f 264//264 261//261 252//252
f 264//264 252//252 255//255
f 265//265 253//253 256//256
f 265//265 262//262 253//253
f 265//265 126//126 127//127
f 265//265 256//256 126//126
f 266//266 263//263 257//257
f 266//266 257//257 259//259
f 267//267 264//264 258//258
f 268//268 65//65 261//261
f 268//268 66//66 65//65
f 269//269 259//259 262//262
f 269//269 262//262 265//265
f 269//269 266//266 259//259
f 270//270 267//267 258//258
f 270//270 258//258 260//260
f 271//271 261//261 264//264
f 271//271 268//268 261//261
f 271//271 264//264 267//267
f 272//272 269//269 265//265
f 272//272 265//265 127//127
f 273//273 263//263 266//266
f 273//273 260//260 263//263
f 273//273 270//270 260//260
f 274//274 271//271 267//267
f 275//275 273//273 266//266
f 276//276 268//268 271//271
f 276//276 66//66 268//268
f 277//277 267//267 270//270
f 277//277 274//274 267//267
f 278//278 266//266 269//269
f 278//278 275//275 266//266
f 279//279 271//271 274//274
f 279//279 276//276 271//271
f 280//280 270//270 273//273
f 280//280 277//277 270//270
f 281//281 269//269 272//272
f 281//281 272//272 127//127
f 281//281 278//278 269//269
f 281//281 127//127 128//128
f 282//282 279//279 274//274
f 283//283 273//273 275//275
f 283//283 280//280 273//273
f 283//283 275//275 278//278
f 284//284 274//274 277//277
f 284//284 282//282 274//274
f 285//285 67//67 66//66
f 285//285 66//66 276//276
f 286//286 283//283 278//278
f 287//287 277//277 280//280
f 287//287 284//284 277//277
f 287//287 280//280 283//283
f 288//288 276//276 279//279
f 288//288 285//285 276//276
f 289//289 278//278 281//281
f 289//289 281//281 128//128
f 289//289 286//286 278//278
f 290//290 287//287 283//283
f 290//290 283//283 286//286
f 291//291 279//279 282//282
f 291//291 288//288 279//279
f 292//292 67//67 285//285
f 293//293 290//290 286//286
f 294//294 282//282 284//284
f 294//294 291//291 282//282
f 295//295 288//288 291//291
f 295//295 292//292 285//285
f 295//295 285//285 288//288
f 296//296 293//293 286//286
f 296//296 128//128 129//129
f 296//296 286//286 289//289
f 296//296 289//289 128//128
f 297//297 294//294 284//284
f 297//297 284//284 287//287
f 298//298 295//295 291//291
f 299//299 297//297 287//287
f 299//299 287//287 290//290
f 300//300 291//291 294//294
f 300//300 298//298 291//291
f 301//301 67//67 292//292
f 301//301 68//68 67//67
f 302//302 293//293 296//296
f 302//302 299//299 290//290
f 302//302 290//290 293//293
f 303//303 300//300 294//294
f 303//303 294//294 297//297
f 304//304 292//292 295//295
f 304//304 301//301 292//292
f 305//305 296//296 129//129
f 305//305 302//302 296//296
f 306//306 297//297 299//299
f 306//306 299//299 302//302
f 306//306 303//303 297//297
f 307//307 304//304 295//295
f 307//307 295//295 298//298
f 308//308 68//68 301//301
f 308//308 301//301 304//304
f 309//309 306//306 302//302
f 310//310 298//298 300//300
f 310//310 307//307 298//298
f 311//311 308//308 304//304
f 312//312 305//305 129//129
f 312//312 302//302 305//305
f 312//312 309//309 302//302
f 312//312 129//129 130//130
f 313//313 300//300 303//303
f 313//313 310//310 300//300
f 314//314 304//304 307//307
f 314//314 311//311 304//304
f 315//315 303//303 306//306
f 315//315 313//313 303//303
f 316//316 307//307 310//310
f 316//316 314//314 307//307
f 316//316 310//310 313//313
f 317//317 69//69 68//68
f 317//317 68//68 308//308
f 318//318 306//306 309//309
f 318//318 315//315 306//306
f 319//319 316//316 313//313
f 320//320 308//308 311//311
f 320//320 317//317 308//308
f 321//321 309//309 312//312
f 321//321 312//312 130//130
f 321//321 318//318 309//309
f 322//322 313//313 315//315
f 322//322 319//319 313//313
f 322//322 315//315 318//318
f 323//323 69//69 317//317
f 324//324 311//311 314//314
f 324//324 320//320 311//311
f 325//325 322//322 318//318
f 326//326 317//317 320//320
f 326//326 323//323 317//317
f 327//327 314//314 316//316
f 327//327 324//324 314//314
f 328//328 325//325 318//318
f 328//328 321//321 130//130
f 328//328 130//130 131//131
f 328//328 318//318 321//321
f 329//329 320//320 324//324
f 329//329 326//326 320//320
f 330//330 327//327 316//316
f 330//330 316//316 319//319
f 330//330 319//319 322//322
f 331//331 324//324 327//327
f 331//331 329//329 324//324
f 332//332 330//330 322//322
f 332//332 322//322 325//325
f 333//333 331//331 327//327
f 333//333 327//327 330//330
f 334//334 323//323 326//326
f 334//334 70//70 69//69
f 334//334 69//69 323//323
f 335//335 332//332 325//325
f 336//336 330//330 332//332
f 336//336 333//333 330//330
f 337//337 70//70 334//334
f 337//337 334//334 326//326
f 338//338 335//335 325//325
f 338//338 325//325 328//328
f 338//338 328//328 131//131
f 339//339 332//332 335//335
f 339//339 336//336 332//332
f 340//340 337//337 326//326
f 340//340 326//326 329//329
f 340//340 70//70 337//337
f 341//341 335//335 338//338
f 341//341 339//339 335//335
f 341//341 338//338 131//131
f 341//341 131//131 132//132
f 342//342 329//329 331//331
f 342//342 340//340 329//329
f 343//343 331//331 333//333
f 343//343 342//342 331//331
f 344//344 333//333 336//336
f 344//344 343//343 333//333
f 345//345 71//71 70//70
f 346//346 336//336 339//339
f 346//346 344//344 336//336
f 347//347 71//71 345//345
f 347//347 345//345 70//70
f 348//348 339//339 341//341
f 348//348 341//341 132//132
f 348//348 346//346 339//339
f 348//348 132//132 133//133
f 349//349 347//347 70//70
f 349//349 70//70 340//340
f 350//350 340//340 342//342
f 350//350 349//349 340//340
f 351//351 342//342 343//343
f 351//351 343//343 344//344
f 351//351 350//350 342//342
f 352//352 344//344 346//346
f 352//352 351//351 344//344
f 353//353 72//72 71//71
f 354//354 352//352 346//346
f 355//355 71//71 347//347
f 355//355 72//72 353//353
f 355//355 347//347 349//349
f 355//355 353//353 71//71
f 356//356 354//354 346//346
f 356//356 346//346 348//348
f 356//356 348//348 133//133
f 357//357 355//355 349//349
f 358//358 349//349 350//350
f 358//358 357//357 349//349
f 359//359 358//358 350//350
f 359//359 350//350 351//351
f 360//360 359//359 351//351
f 360//360 351//351 352//352
f 360//360 352//352 354//354
f 361//361 73//73 72//72
f 362//362 360//360 354//354
f 363//363 73//73 361//361
f 363//363 361//361 72//72
f 363//363 72//72 355//355
f 364//364 362//362 354//354
f 364//364 354//354 356//356
f 364//364 133//133 134//134
f 364//364 134//134 135//135
f 364//364 356//356 133//133
f 365//365 363//363 355//355
f 365//365 355//355 357//357
f 366//366 365//365 357//357
f 366//366 357//357 358//358
f 367//367 358//358 359//359
f 367//367 359//359 360//360
f 367//367 366//366 358//358
f 368//368 367//367 360//360
f 369//369 74//74 73//73
f 370//370 368//368 360//360
f 370//370 360//360 362//362
f 371//371 73//73 363//363
f 371//371 369//369 73//73
f 372//372 362//362 364//364
f 372//372 370//370 362//362
f 372//372 364//364 135//135
f 373//373 363//363 365//365
f 373//373 371//371 363//363
f 374//374 365//365 366//366
f 374//374 373//373 365//365
f 375//375 366//366 367//367
f 375//375 374//374 366//366
f 376//376 367//367 368//368
f 376//376 375//375 367//367
f 377//377 74//74 369//369
f 377//377 75//75 74//74
f 378//378 368//368 370//370
f 378//378 376//376 368//368
f 379//379 369//369 371//371
f 379//379 377//377 369//369
f 380//380 370//370 372//372
f 380//380 372//372 135//135
f 380//380 378//378 370//370
f 380//380 135//135 136//136
f 381//381 379//379 371//371
f 381//381 371//371 373//373
f 381//381 373//373 374//374
f 382//382 374//374 375//375
f 382//382 381//381 374//374
f 383//383 382//382 375//375
f 384//384 375//375 376//376
f 384//384 383//383 375//375
f 385//385 75//75 377//377
f 385//385 76//76 75//75
f 385//385 77//77 76//76
f 386//386 376//376 378//378
f 386//386 378//378 380//380
f 386//386 384//384 376//376
f 387//387 377//377 379//379
f 387//387 379//379 381//381
f 387//387 385//385 377//377
f 388//388 380//380 136//136
f 388//388 386//386 380//380
f 388//388 136//136 137//137
f 389//389 387//387 381//381
f 390//390 389//389 381//381
f 390//390 381//381 382//382
f 390//390 382//382 383//383
f 391//391 390//390 383//383
f 392//392 383//383 384//384
f 392//392 391//391 383//383
f 393//393 77//77 385//385
f 394//394 392//392 384//384
f 394//394 384//384 386//386
f 395//395 385//385 387//387
f 395//395 393//393 385//385
f 396//396 138//138 394//394
f 396//396 386//386 388//388
f 396//396 137//137 138//138
f 396//396 388//388 137//137
f 396//396 394//394 386//386
f 397//397 395//395 387//387
f 397//397 387//387 389//389
f 398//398 397//397 389//389
f 398//398 389//389 390//390
f 399//399 398//398 390//390
f 399//399 390//390 391//391
f 400//400 391//391 392//392
f 400//400 399//399 391//391
f 401//401 77//77 393//393
f 401//401 78//78 77//77
f 402//402 392//392 394//394
f 402//402 394//394 138//138
f 402//402 400//400 392//392
f 403//403 401//401 393//393
f 403//403 393//393 395//395
f 404//404 402//402 138//138
f 404//404 139//139 402//402
f 404//404 138//138 139//139
f 405//405 397//397 398//398
f 405//405 395//395 397//397
f 405//405 403//403 395//395
f 406//406 405//405 398//398
f 407//407 399//399 400//400
f 407//407 398//398 399//399
f 407//407 406//406 398//398
f 408//408 407//407 400//400
f 409//409 78//78 401//401
f 409//409 79//79 78//78
f 410//410 400//400 402//402
f 410//410 402//402 139//139
f 410//410 408//408 400//400
f 411//411 401//401 403//403
f 411//411 409//409 401//401
f 412//412 410//410 139//139
f 412//412 140//140 410//410
f 412//412 139//139 140//140
f 413//413 80//80 79//79
f 413//413 79//79 409//409
f 414//414 403//403 405//405
f 414//414 411//411 403//403
f 415//415 413//413 409//409
f 415//415 409//409 411//411
f 416//416 405//405 406//406
f 416//416 414//414 405//405
f 417//417 411//411 414//414
f 417//417 415//415 411//411
f 418//418 406//406 407//407
f 418//418 416//416 406//406
f 419//419 416//416 418//418
f 419//419 417//417 414//414
f 419//419 414//414 416//416
f 420//420 407//407 408//408
f 420//420 418//418 407//407
f 421//421 419//419 418//418
f 422//422 80//80 413//413
f 422//422 413//413 415//415
f 423//423 408//408 410//410
f 423//423 410//410 140//140
f 423//423 420//420 408//408
f 424//424 421//421 418//418
f 424//424 418//418 420//420
f 425//425 422//422 415//415
f 426//426 423//423 140//140
f 426//426 140//140 141//141
f 427//427 81//81 80//80
f 427//427 80//80 422//422
f 427//427 422//422 425//425
f 428//428 423//423 426//426
f 428//428 420//420 423//423
f 428//428 424//424 420//420
f 429//429 415//415 417//417
f 429//429 425//425 415//415
f 430//430 427//427 425//425
f 430//430 425//425 429//429
f 431//431 426//426 141//141
f 431//431 428//428 426//426
f 432//432 429//429 417//417
f 432//432 417//417 419//419
f 433//433 430//430 429//429
f 433//433 429//429 432//432
f 434//434 432//432 419//419
f 434//434 419//419 421//421
f 435//435 433//433 432//432
f 436//436 434//434 421//421
f 436//436 421//421 424//424
f 437//437 81//81 427//427
f 438//438 435//435 432//432
f 438//438 432//432 434//434
f 439//439 424//424 428//428
f 439//439 436//436 424//424
f 440//440 427//427 430//430
f 440//440 437//437 427//427
f 441//441 434//434 436//436
f 441//441 436//436 439//439
f 441//441 438//438 434//434
f 442//442 428//428 431//431
f 442//442 439//439 428//428
f 442//442 141//141 142//142
f 442//442 431//431 141//141
f 443//443 430//430 433//433
f 443//443 440//440 430//430
f 444//444 437//437 440//440
f 444//444 82//82 81//81
f 444//444 81//81 437//437
f 445//445 441//441 439//439
f 446//446 433//433 435//435
f 446//446 443//443 433//433
f 447//447 444//444 440//440
f 448//448 445//445 439//439
f 448//448 439//439 442//442
f 448//448 442//442 142//142
f 449//449 435//435 438//438
f 449//449 446//446 435//435
f 450//450 440//440 443//443
f 450//450 447//447 440//440
f 451//451 449//449 438//438
f 451//451 438//438 441//441
f 452//452 443//443 446//446
f 452//452 450//450 443//443
f 453//453 82//82 444//444
f 454//454 441//441 445//445
f 454//454 451//451 441//441
f 455//455 446//446 449//449
f 455//455 452//452 446//446
f 456//456 453//453 444//444
f 456//456 444//444 447//447
f 457//457 445//445 448//448
f 457//457 448//448 142//142
f 457//457 454//454 445//445
f 457//457 142//142 143//143
f 458//458 449//449 451//451
f 458//458 455//455 449//449
f 459//459 456//456 447//447
f 459//459 447//447 450//450
f 460//460 83//83 82//82
f 460//460 82//82 453//453
f 461//461 458//458 451//451
f 461//461 451//451 454//454
f 462//462 450//450 452//452
f 462//462 459//459 450//450
f 463//463 460//460 453//453
f 463//463 453//453 456//456
f 464//464 461//461 454//454
f 464//464 454//454 457//457
f 464//464 457//457 143//143
f 465//465 462//462 452//452
f 465//465 452//452 455//455
f 466//466 463//463 456//456
f 466//466 456//456 459//459
f 466//466 459//459 462//462
f 467//467 465//465 455//455
f 467//467 455//455 458//458
f 468//468 466//466 462//462
f 469//469 83//83 460//460
f 470//470 467//467 458//458
f 470//470 458//458 461//461
f 471//471 462//462 465//465
f 471//471 468//468 462//462
f 472//472 460//460 463//463
f 472//472 469//469 460//460
f 473//473 461//461 464//464
f 473//473 464//464 143//143
f 473//473 470//470 461//461
f 473//473 143//143 144//144
f 474//474 471//471 465//465
f 474//474 465//465 467//467
f 474//474 467//467 470//470
f 475//475 472//472 463//463
f 475//475 463//463 466//466
f 476//476 83//83 469//469
f 476//476 84//84 83//83
f 477//477 474//474 470//470
f 478//478 466//466 468//468
f 478//478 475//475 466//466
f 479//479 476//476 469//469
f 479//479 469//469 472//472
f 480//480 470//470 473//473
f 480//480 473//473 144//144
f 480//480 477//477 470//470
f 481//481 471//471 474//474
f 481//481 468//468 471//471
f 481//481 478//478 468//468
f 482//482 472//472 475//475
f 482//482 479//479 472//472
f 483//483 481//481 474//474
f 484//484 84//84 476//476
f 485//485 475//475 478//478
f 485//485 482//482 475//475
f 486//486 474//474 477//477
f 486//486 483//483 474//474
f 487//487 476//476 479//479
f 487//487 484//484 476//476
f 488//488 478//478 481//481
f 488//488 485//485 478//478
f 489//489 480//480 144//144
f 489//489 477//477 480//480
f 489//489 486//486 477//477
f 489//489 144//144 145//145
f 490//490 479//479 482//482
f 490//490 482//482 485//485
f 490//490 487//487 479//479
f 491//491 481//481 483//483
f 491//491 488//488 481//481
f 492//492 485//485 488//488
f 492//492 490//490 485//485
f 493//493 85//85 84//84
f 493//493 84//84 484//484
f 493//493 484//484 487//487
f 494//494 483//483 486//486
f 494//494 491//491 483//483
f 495//495 492//492 488//488
f 496//496 493//493 487//487
f 497//497 486//486 489//489
f 497//497 489//489 145//145
f 497//497 494//494 486//486
f 498//498 495//495 488//488
f 498//498 488//488 491//491
f 499//499 490//490 492//492
f 499//499 496//496 487//487
f 499//499 487//487 490//490
f 500//500 85//85 493//493
f 500//500 493//493 496//496
f 501//501 498//498 491//491
f 501//501 491//491 494//494
f 502//502 499//499 492//492
f 503//503 500//500 496//496
f 504//504 497//497 145//145
f 504//504 494//494 497//497
f 504//504 501//501 494//494
f 504//504 145//145 146//146
f 505//505 502//502 492//492
f 505//505 492//492 495//495
f 506//506 496//496 499//499
f 506//506 503//503 496//496
f 507//507 495//495 498//498
f 507//507 505//505 495//495
f 508//508 499//499 502//502
f 508//508 506//506 499//499
f 509//509 85//85 500//500
f 509//509 86//86 85//85
f 510//510 507//507 498//498
f 510//510 498//498 501//501
f 511//511 502//502 505//505
f 511//511 505//505 507//507
f 511//511 508//508 502//502
f 512//512 500//500 503//503
f 512//512 509//509 500//500
f 513//513 501//501 504//504
f 513//513 504//504 146//146
f 513//513 510//510 501//501
f 514//514 507//507 510//510
f 514//514 511//511 507//507
f 515//515 503//503 506//506
f 515//515 512//512 503//503
f 516//516 86//86 509//509
f 517//517 514//514 510//510
f 518//518 506//506 508//508
f 518//518 515//515 506//506
f 519//519 509//509 512//512
f 519//519 516//516 509//509
f 520//520 146//146 147//147
f 520//520 513//513 146//146
f 520//520 510//510 513//513
f 520//520 517//517 510//510
f 521//521 508//508 511//511
f 521//521 518//518 508//508
f 522//522 512//512 515//515
f 522//522 519//519 512//512
f 523//523 511//511 514//514
f 523//523 521//521 511//511
f 524//524 515//515 518//518
f 524//524 522//522 515//515
f 525//525 87//87 86//86
f 525//525 516//516 519//519
f 525//525 86//86 516//516
f 526//526 523//523 514//514
f 526//526 514//514 517//517
f 527//527 524//524 518//518
f 527//527 518//518 521//521
f 527//527 521//521 523//523
f 528//528 525//525 519//519
f 529//529 526//526 517//517
f 529//529 520//520 147//147
f 529//529 517//517 520//520
f 530//530 527//527 523//523
f 531//531 87//87 525//525
f 532//532 528//528 519//519
f 532//532 519//519 522//522
f 533//533 523//523 526//526
f 533//533 530//530 523//523
f 534//534 531//531 525//525
f 534//534 525//525 528//528
f 535//535 524//524 527//527
f 535//535 532//532 522//522
f 535//535 522//522 524//524
f 536//536 533//533 526//526
f 536//536 147//147 148//148
f 536//536 526//526 529//529
f 536//536 529//529 147//147
f 537//537 528//528 532//532
f 537//537 534//534 528//528
f 537//537 532//532 535//535
f 538//538 535//535 527//527
f 539//539 537//537 535//535
f 540//540 527//527 530//530
f 540//540 530//530 533//533
f 540//540 538//538 527//527
f 541//541 535//535 538//538
f 541//541 539//539 535//535
f 542//542 87//87 531//531
f 542//542 88//88 87//87
f 542//542 531//531 534//534
f 543//543 540//540 533//533
f 544//544 538//538 540//540
f 544//544 541//541 538//538
f 545//545 542//542 534//534
f 546//546 533//533 536//536
f 546//546 536//536 148//148
f 546//546 543//543 533//533
f 547//547 88//88 542//542
f 548//548 544//544 540//540
f 548//548 540//540 543//543
f 548//548 543//543 546//546
f 549//549 537//537 539//539
f 549//549 545//545 534//534
f 549//549 534//534 537//537
f 550//550 542//542 545//545
f 550//550 547//547 542//542
f 551//551 148//148 149//149
f 551//551 546//546 148//148
f 551//551 548//548 546//546
f 552//552 549//549 539//539
f 553//553 550//550 545//545
f 553//553 545//545 549//549
f 554//554 552//552 539//539
f 554//554 539//539 541//541
f 555//555 549//549 552//552
f 555//555 553//553 549//549
f 556//556 541//541 544//544
f 556//556 544//544 548//548
f 556//556 554//554 541//541
f 557//557 555//555 552//552
f 557//557 552//552 554//554
f 558//558 89//89 88//88
f 558//558 88//88 547//547
f 559//559 556//556 548//548
f 560//560 554//554 556//556
f 560//560 557//557 554//554
f 561//561 558//558 547//547
f 561//561 547//547 550//550
f 561//561 89//89 558//558
f 562//562 548//548 551//551
f 562//562 559//559 548//548
f 562//562 551//551 149//149
f 563//563 560//560 556//556
f 563//563 556//556 559//559
f 564//564 561//561 550//550
f 564//564 550//550 553//553
f 565//565 149//149 150//150
f 565//565 559//559 562//562
f 565//565 563//563 559//559
f 565//565 562//562 149//149
f 566//566 564//564 553//553
f 566//566 553//553 555//555
f 567//567 566//566 555//555
f 567//567 555//555 557//557
f 568//568 557//557 560//560
f 568//568 567//567 557//557
f 568//568 560//560 563//563
f 569//569 90//90 89//89
f 570//570 568//568 563//563
f 571//571 569//569 89//89
f 571//571 90//90 569//569
f 571//571 89//89 561//561
f 572//572 565//565 150//150
f 572//572 563//563 565//565
f 572//572 570//570 563//563
f 573//573 571//571 561//561
f 573//573 561//561 564//564
f 574//574 564//564 566//566
f 574//574 573//573 564//564
f 575//575 566//566 567//567
f 575//575 574//574 566//566
f 576//576 567//567 568//568
f 576//576 575//575 567//567
f 577//577 91//91 90//90
f 578//578 576//576 568//568
f 578//578 568//568 570//570
f 579//579 90//90 571//571
f 579//579 577//577 90//90
f 579//579 91//91 577//577
f 580//580 150//150 151//151
f 580//580 151//151 152//152
f 580//580 570//570 572//572
f 580//580 572//572 150//150
f 580//580 578//578 570//570
f 581//581 579//579 571//571
f 581//581 571//571 573//573
f 582//582 573//573 574//574
f 582//582 574//574 575//575
f 582//582 581//581 573//573
f 583//583 582//582 575//575
f 584//584 575//575 576//576
f 584//584 576//576 578//578
f 584//584 583//583 575//575
f 585//585 92//92 91//91
f 586//586 578//578 580//580
f 586//586 584//584 578//578
f 587//587 91//91 579//579
f 587//587 585//585 91//91
f 588//588 152//152 153//153
f 588//588 580//580 152//152
f 588//588 586//586 580//580
f 589//589 579//579 581//581
f 589//589 587//587 579//579
f 590//590 581//581 582//582
f 590//590 582//582 583//583
f 590//590 589//589 581//581
f 591//591 590//590 583//583
f 592//592 583//583 584//584
f 592//592 584//584 586//586
f 592//592 591//591 583//583
f 593//593 93//93 92//92
f 593//593 92//92 585//585
f 594//594 592//592 586//586
f 595//595 585//585 587//587
f 595//595 593//593 585//585
f 596//596 594//594 586//586
f 596//596 588//588 153//153
f 596//596 586//586 588//588
f 597//597 595//595 587//587
f 597//597 587//587 589//589
f 598//598 597//597 589//589
f 598//598 589//589 590//590
f 599//599 598//598 590//590
f 599//599 590//590 591//591
f 600//600 599//599 591//591
f 600//600 591//591 592//592
f 601//601 94//94 93//93
f 601//601 93//93 593//593
f 602//602 592//592 594//594
f 602//602 600//600 592//592
f 603//603 595//595 597//597
f 603//603 601//601 593//593
f 603//603 593//593 595//595
f 604//604 153//153 154//154
f 604//604 596//596 153//153
f 604//604 594//594 596//596
f 604//604 602//602 594//594
f 605//605 603//603 597//597
f 606//606 597//597 598//598
f 606//606 605//605 597//597
f 606//606 598//598 599//599
f 607//607 606//606 599//599
f 608//608 599//599 600//600
f 608//608 600//600 602//602
f 608//608 607//607 599//599
f 609//609 94//94 601//601
f 609//609 95//95 94//94
f 610//610 608//608 602//602
f 611//611 601//601 603//603
f 611//611 609//609 601//601
f 612//612 154//154 155//155
f 612//612 604//604 154//154
f 612//612 602//602 604//604
f 612//612 155//155 610//610
f 612//612 610//610 602//602
f 613//613 611//611 603//603
f 613//613 603//603 605//605
f 614//614 613//613 605//605
f 614//614 605//605 606//606
f 615//615 606//606 607//607
f 615//615 614//614 606//606
f 616//616 607//607 608//608
f 616//616 615//615 607//607
f 617//617 96//96 95//95
f 617//617 95//95 609//609
f 618//618 610//610 155//155
f 618//618 608//608 610//610
f 618//618 616//616 608//608
f 619//619 617//617 609//609
f 619//619 611//611 613//613
f 619//619 609//609 611//611
f 620//620 155//155 156//156
f 620//620 618//618 155//155
f 620//620 156//156 618//618
f 621//621 619//619 613//613
f 622//622 621//621 613//613
f 622//622 613//613 614//614
f 622//622 614//614 615//615
f 623//623 622//622 615//615
f 624//624 615//615 616//616
f 624//624 623//623 615//615
f 625//625 97//97 96//96
f 625//625 617//617 619//619
f 625//625 96//96 617//617
f 626//626 618//618 156//156
f 626//626 616//616 618//618
f 626//626 624//624 616//616
f 627//627 625//625 619//619
f 628//628 156//156 157//157
f 628//628 157//157 626//626
f 628//628 626//626 156//156
f 629//629 619//619 621//621
f 629//629 627//627 619//619
f 630//630 629//629 621//621
f 630//630 621//621 622//622
f 631//631 630//630 622//622
f 631//631 622//622 623//623
f 632//632 631//631 623//623
f 632//632 623//623 624//624
f 633//633 98//98 97//97
f 633//633 97//97 625//625
f 634//634 632//632 624//624
f 634//634 626//626 157//157
f 634//634 624//624 626//626
f 635//635 627//627 629//629
f 635//635 633//633 625//625
f 635//635 625//625 627//627
f 636//636 158//158 634//634
f 636//636 157//157 158//158
f 636//636 634//634 157//157
f 637//637 98//98 633//633
f 637//637 99//99 98//98
f 638//638 635//635 629//629
f 639//639 633//633 635//635
f 639//639 637//637 633//633
f 639//639 635//635 638//638
f 640//640 630//630 631//631
f 640//640 638//638 629//629
f 640//640 629//629 630//630
f 641//641 639//639 638//638
f 642//642 640//640 631//631
f 643//643 638//638 640//640
f 643//643 641//641 638//638
f 644//644 642//642 631//631
f 644//644 631//631 632//632
f 645//645 99//99 637//637
f 645//645 637//637 639//639
f 646//646 640//640 642//642
f 646//646 643//643 640//640
f 647//647 634//634 158//158
f 647//647 632//632 634//634
f 647//647 644//644 632//632
f 648//648 645//645 639//639
f 649//649 642//642 644//644
f 649//649 646//646 642//642
f 649//649 644//644 647//647
f 650//650 158//158 159//159
f 650//650 647//647 158//158
f 651//651 648//648 639//639
f 651//651 639//639 641//641
f 652//652 100//100 99//99
f 652//652 99//99 645//645
f 653//653 649//649 647//647
f 653//653 647//647 650//650
f 654//654 641//641 643//643
f 654//654 651//651 641//641
f 655//655 645//645 648//648
f 655//655 648//648 651//651
f 655//655 652//652 645//645
f 656//656 650//650 159//159
f 656//656 653//653 650//650
f 657//657 643//643 646//646
f 657//657 646//646 649//649
f 657//657 654//654 643//643
f 658//658 655//655 651//651
f 659//659 657//657 649//649
f 660//660 651//651 654//654
f 660//660 654//654 657//657
f 660//660 658//658 651//651
f 661//661 100//100 652//652
f 662//662 649//649 653//653
f 662//662 659//659 649//649
f 663//663 660//660 657//657
f 664//664 661//661 652//652
f 664//664 652//652 655//655
f 665//665 159//159 160//160
f 665//665 656//656 159//159
f 665//665 653//653 656//656
f 665//665 662//662 653//653
f 666//666 663//663 657//657
f 666//666 657//657 659//659
f 667//667 664//664 655//655
f 667//667 655//655 658//658
f 668//668 100//100 661//661
f 668//668 101//101 100//100
f 668//668 661//661 664//664
f 669//669 659//659 662//662
f 669//669 666//666 659//659
f 670//670 658//658 660//660
f 670//670 660//660 663//663
f 670//670 667//667 658//658
f 671//671 668//668 664//664
f 672//672 662//662 665//665
f 672//672 669//669 662//662
f 672//672 665//665 160//160
f 673//673 670//670 663//663
f 674//674 664//664 667//667
f 674//674 671//671 664//664
f 675//675 663//663 666//666
f 675//675 666//666 669//669
f 675//675 673//673 663//663
f 676//676 674//674 667//667
f 676//676 667//667 670//670
f 677//677 101//101 668//668
f 678//678 675//675 669//669
f 679//679 670//670 673//673
f 679//679 676//676 670//670
f 680//680 677//677 668//668
f 680//680 668//668 671//671
f 681//681 160//160 161//161
f 681//681 672//672 160//160
f 681//681 669//669 672//672
f 681//681 678//678 669//669
f 682//682 673//673 675//675
f 682//682 679//679 673//673
f 683//683 671//671 674//674
f 683//683 680//680 671//671
f 684//684 101//101 677//677
f 684//684 102//102 101//101
f 685//685 682//682 675//675
f 685//685 675//675 678//678
f 686//686 674//674 676//676
f 686//686 676//676 679//679
f 686//686 683//683 674//674
f 687//687 684//684 677//677
f 687//687 677//677 680//680
f 688//688 681//681 161//161
f 688//688 678//678 681//681
f 688//688 685//685 678//678
f 689//689 686//686 679//679
f 689//689 679//679 682//682
f 690//690 680//680 683//683
f 690//690 687//687 680//680
f 691//691 682//682 685//685
f 691//691 689//689 682//682
f 692//692 102//102 684//684
f 693//693 683//683 686//686
f 693//693 690//690 683//683
f 694//694 691//691 685//685
f 695//695 692//692 684//684
f 695//695 684//684 687//687
f 696//696 686//686 689//689
f 696//696 693//693 686//686
f 697//697 694//694 685//685
f 697//697 161//161 162//162
f 697//697 688//688 161//161
f 697//697 685//685 688//688
f 698//698 695//695 687//687
f 698//698 687//687 690//690
f 699//699 691//691 694//694
f 699//699 696//696 689//689
f 699//699 689//689 691//691
f 700//700 698//698 690//690
f 700//700 690//690 693//693
f 701//701 103//103 102//102
f 701//701 102//102 692//692
f 702//702 699//699 694//694
f 703//703 700//700 693//693
f 703//703 693//693 696//696
f 704//704 695//695 698//698
f 704//704 701//701 692//692
f 704//704 692//692 695//695
f 705//705 697//697 162//162
f 705//705 702//702 694//694
f 705//705 694//694 697//697
f 706//706 703//703 696//696
f 706//706 696//696 699//699
f 707//707 704//704 698//698
f 708//708 103//103 701//701
f 709//709 699//699 702//702
f 709//709 706//706 699//699
f 710//710 698//698 700//700
f 710//710 700//700 703//703
f 710//710 707//707 698//698
f 711//711 701//701 704//704
f 711//711 704//704 707//707
f 711//711 708//708 701//701
f 712//712 162//162 163//163
f 712//712 705//705 162//162
f 712//712 709//709 702//702
f 712//712 702//702 705//705
f 713//713 710//710 703//703
f 714//714 707//707 710//710
f 714//714 711//711 707//707
f 715//715 703//703 706//706
f 715//715 706//706 709//709
f 715//715 713//713 703//703
f 716//716 714//714 710//710
f 717//717 103//103 708//708
f 717//717 708//708 711//711
f 717//717 104//104 103//103
f 718//718 709//709 712//712
f 718//718 715//715 709//709
f 719//719 710//710 713//713
f 719//719 716//716 710//710
f 720//720 717//717 711//711
f 721//721 712//712 163//163
f 721//721 718//718 712//712
f 722//722 713//713 715//715
f 722//722 719//719 713//713
f 723//723 711//711 714//714
f 723//723 720//720 711//711
f 724//724 104//104 717//717
f 725//725 715//715 718//718
f 725//725 722//722 715//715
f 726//726 723//723 714//714
f 726//726 714//714 716//716
f 727//727 724//724 717//717
f 727//727 717//717 720//720
f 727//727 720//720 723//723
f 728//728 163//163 164//164
f 728//728 721//721 163//163
f 728//728 718//718 721//721
f 728//728 725//725 718//718
f 729//729 716//716 719//719
f 729//729 726//726 716//716
f 730//730 727//727 723//723
f 731//731 729//729 719//719
f 731//731 719//719 722//722
f 732//732 730//730 723//723
f 732//732 723//723 726//726
f 733//733 105//105 104//104
f 733//733 104//104 724//724
f 733//733 724//724 727//727
f 734//734 731//731 722//722
f 734//734 722//722 725//725
f 735//735 726//726 729//729
f 735//735 732//732 726//726
f 735//735 729//729 731//731
f 736//736 733//733 727//727
f 737//737 725//725 728//728
f 737//737 728//728 164//164
f 737//737 734//734 725//725
f 738//738 731//731 734//734
f 738//738 735//735 731//731
f 739//739 105//105 733//733
f 740//740 727//727 730//730
f 740//740 736//736 727//727
f 741//741 734//734 737//737
f 741//741 738//738 734//734
f 742//742 739//739 733//733
f 742//742 733//733 736//736
f 743//743 740//740 730//730
f 743//743 730//730 732//732
f 744//744 164//164 165//165
f 744//744 737//737 164//164
f 744//744 741//741 737//737
f 745//745 736//736 740//740
f 745//745 742//742 736//736
f 745//745 740//740 743//743
f 746//746 743//743 732//732
f 746//746 732//732 735//735
f 747//747 745//745 743//743
f 748//748 746//746 735//735
f 748//748 735//735 738//738
f 749//749 105//105 739//739
f 749//749 106//106 105//105
f 750//750 743//743 746//746
f 750//750 747//747 743//743
f 751//751 748//748 738//738
f 751//751 738//738 741//741
f 752//752 749//749 739//739
f 752//752 739//739 742//742
f 752//752 742//742 745//745
f 753//753 746//746 748//748
f 753//753 750//750 746//746
f 753//753 748//748 751//751
f 754//754 744//744 165//165
f 754//754 741//741 744//744
f 754//754 751//751 741//741
f 755//755 106//106 749//749
f 756//756 752//752 745//745
f 757//757 753//753 751//751
f 757//757 751//751 754//754
f 758//758 755//755 749//749
f 758//758 749//749 752//752
f 759//759 745//745 747//747
f 759//759 756//756 745//745
f 760//760 165//165 166//166
f 760//760 754//754 165//165
f 760//760 757//757 754//754
f 761//761 756//756 759//759
f 761//761 758//758 752//752
f 761//761 752//752 756//756
f 762//762 747//747 750//750
f 762//762 750//750 753//753
f 762//762 759//759 747//747
f 763//763 761//761 759//759
f 764//764 762//762 753//753
f 765//765 759//759 762//762
f 765//765 763//763 759//759
f 765//765 762//762 764//764
f 766//766 106//106 755//755
f 766//766 107//107 106//106
f 767//767 764//764 753//753
f 767//767 753//753 757//757
f 767//767 757//757 760//760
f 768//768 764//764 767//767
f 768//768 765//765 764//764
f 769//769 758//758 761//761
f 769//769 107//107 766//766
f 769//769 766//766 755//755
f 769//769 755//755 758//758
f 770//770 767//767 760//760
f 770//770 760//760 166//166
f 771//771 768//768 767//767
f 772//772 769//769 761//761
f 773//773 767//767 770//770
f 773//773 166//166 167//167
f 773//773 771//771 767//767
f 773//773 770//770 166//166
f 774//774 761//761 763//763
f 774//774 772//772 761//761
f 775//775 774//774 763//763
f 775//775 763//763 765//765
f 776//776 765//765 768//768
f 776//776 775//775 765//765
f 776//776 768//768 771//771
f 777//777 108//108 107//107
f 778//778 776//776 771//771
f 779//779 777//777 107//107
f 779//779 108//108 777//777
f 779//779 107//107 769//769
f 780//780 773//773 167//167
f 780//780 771//771 773//773
f 780//780 778//778 771//771
f 781//781 769//769 772//772
f 781//781 772//772 774//774
f 781//781 779//779 769//769
f 782//782 781//781 774//774
f 783//783 774//774 775//775
f 783//783 775//775 776//776
f 783//783 782//782 774//774
f 784//784 776//776 778//778
f 784//784 783//783 776//776
f 785//785 109//109 108//108
f 786//786 784//784 778//778
f 787//787 108//108 779//779
f 787//787 785//785 108//108
f 787//787 109//109 785//785
f 788//788 167//167 168//168
f 788//788 780//780 167//167
f 788//788 778//778 780//780
f 788//788 786//786 778//778
f 789//789 781//781 782//782
f 789//789 779//779 781//781
f 789//789 787//787 779//779
f 790//790 789//789 782//782
f 791//791 782//782 783//783
f 791//791 790//790 782//782
f 792//792 783//783 784//784
f 792//792 791//791 783//783
f 793//793 111//111 110//110
f 793//793 110//110 109//109
f 793//793 112//112 111//111
f 794//794 792//792 784//784
f 794//794 784//784 786//786
f 794//794 786//786 788//788
f 795//795 793//793 109//109
f 795//795 112//112 793//793
f 795//795 109//109 787//787
f 796//796 168//168 169//169
f 796//796 788//788 168//168
f 796//796 794//794 788//788
f 797//797 787//787 789//789
f 797//797 113//113 112//112
f 797//797 112//112 795//795
f 797//797 795//795 787//787
f 798//798 797//797 789//789
f 798//798 789//789 790//790
f 798//798 114//114 113//113
f 798//798 113//113 797//797
f 799//799 798//798 790//790
f 799//799 115//115 114//114
f 799//799 790//790 791//791
f 799//799 114//114 798//798
f 800//800 799//799 791//791
f 800//800 116//116 115//115
f 800//800 115//115 799//799
f 800//800 791//791 792//792
f 801//801 116//116 800//800
f 801//801 800//800 792//792
f 801//801 117//117 116//116
f 801//801 792//792 794//794
f 802//802 794//794 796//796
f 802//802 801//801 794//794
f 802//802 117//117 801//801
f 802//802 169//169 170//170
f 802//802 170//170 119//119
f 802//802 118//118 117//117
f 802//802 119//119 118//118
f 802//802 796//796 169//169
f 803//803 56//56 2//2
f 863//863 803//803 2//2
f 863//863 2//2 3//3
f 864//864 804//804 803//803
f 864//864 803//803 863//863
f 865//865 805//805 804//804
f 865//865 804//804 864//864
f 866//866 806//806 805//805
f 866//866 805//805 865//865
f 867//867 807//807 806//806
f 867//867 806//806 866//866
f 868//868 808//808 807//807
f 868//868 807//807 867//867
f 869//869 3//3 4//4
f 869//869 863//863 3//3
f 870//870 809//809 808//808
f 870//870 808//808 868//868
f 871//871 863//863 869//869
f 871//871 864//864 863//863
f 872//872 810//810 809//809
f 872//872 811//811 810//810
f 872//872 809//809 870//870
f 872//872 812//812 811//811
f 873//873 865//865 864//864
f 873//873 864//864 871//871
f 874//874 866//866 865//865
f 874//874 865//865 873//873
f 875//875 866//866 874//874
f 875//875 867//867 866//866
f 876//876 868//868 867//867
f 876//876 867//867 875//875
f 877//877 4//4 5//5
f 877//877 869//869 4//4
f 878//878 868//868 876//876
f 878//878 870//870 868//868
f 879//879 869//869 877//877
f 879//879 871//871 869//869
f 880//880 870//870 878//878
f 880//880 813//813 812//812
f 880//880 878//878 813//813
f 880//880 872//872 870//870
f 880//880 812//812 872//872
f 881//881 871//871 879//879
f 881//881 873//873 871//871
f 881//881 874//874 873//873
f 882//882 874//874 881//881
f 883//883 874//874 882//882
f 883//883 875//875 874//874
f 884//884 876//876 875//875
f 884//884 875//875 883//883
f 885//885 5//5 6//6
f 885//885 877//877 5//5
f 886//886 878//878 876//876
f 886//886 876//876 884//884
f 886//886 813//813 878//878
f 887//887 879//879 877//877
f 887//887 877//877 885//885
f 888//888 813//813 886//886
f 888//888 886//886 814//814
f 888//888 814//814 813//813
f 889//889 881//881 879//879
f 889//889 879//879 887//887
f 890//890 881//881 889//889
f 890//890 882//882 881//881
f 891//891 883//883 882//882
f 891//891 882//882 890//890
f 892//892 884//884 883//883
f 892//892 883//883 891//891
f 893//893 6//6 7//7
f 893//893 885//885 6//6
f 893//893 887//887 885//885
f 894//894 886//886 884//884
f 894//894 814//814 886//886
f 894//894 884//884 892//892
f 895//895 887//887 893//893
f 896//896 894//894 815//815
f 896//896 814//814 894//894
f 896//896 815//815 814//814
f 897//897 7//7 8//8
f 897//897 893//893 7//7
f 897//897 895//895 893//893
f 898//898 889//889 887//887
f 898//898 887//887 895//895
f 899//899 895//895 897//897
f 900//900 889//889 898//898
f 900//900 890//890 889//889
f 901//901 898//898 895//895
f 901//901 895//895 899//899
f 902//902 890//890 900//900
f 902//902 891//891 890//890
f 903//903 898//898 901//901
f 903//903 900//900 898//898
f 904//904 891//891 902//902
f 904//904 892//892 891//891
f 905//905 897//897 8//8
f 905//905 899//899 897//897
f 906//906 900//900 903//903
f 906//906 902//902 900//900
f 907//907 815//815 894//894
f 907//907 892//892 904//904
f 907//907 894//894 892//892
f 908//908 899//899 905//905
f 909//909 902//902 906//906
f 909//909 904//904 902//902
f 910//910 816//816 815//815
f 910//910 815//815 907//907
f 911//911 8//8 9//9
f 911//911 905//905 8//8
f 912//912 901//901 899//899
f 912//912 903//903 901//901
f 912//912 899//899 908//908
f 913//913 907//907 904//904
f 913//913 904//904 909//909
f 913//913 910//910 907//907
f 914//914 908//908 905//905
f 914//914 905//905 911//911
f 915//915 903//903 912//912
f 916//916 816//816 910//910
f 916//916 910//910 913//913
f 917//917 908//908 914//914
f 917//917 912//912 908//908
f 918//918 909//909 906//906
f 918//918 903//903 915//915
f 918//918 906//906 903//903
f 919//919 915//915 912//912
f 919//919 912//912 917//917
f 920//920 909//909 918//918
f 921//921 911//911 9//9
f 922//922 918//918 915//915
f 922//922 915//915 919//919
f 923//923 909//909 920//920
f 923//923 913//913 909//909
f 924//924 911//911 921//921
f 924//924 914//914 911//911
f 925//925 918//918 922//922
f 925//925 920//920 918//918
f 926//926 916//916 913//913
f 926//926 913//913 923//923
f 926//926 817//817 816//816
f 926//926 816//816 916//916
f 927//927 914//914 924//924
f 927//927 917//917 914//914
f 928//928 9//9 10//10
f 928//928 921//921 9//9
f 929//929 923//923 920//920
f 929//929 920//920 925//925
f 930//930 919//919 917//917
f 930//930 917//917 927//927
f 931//931 924//924 921//921
f 931//931 927//927 924//924
f 931//931 921//921 928//928
f 932//932 926//926 923//923
f 932//932 923//923 929//929
f 932//932 817//817 926//926
f 933//933 922//922 919//919
f 933//933 919//919 930//930
f 934//934 927//927 931//931
f 935//935 925//925 922//922
f 935//935 922//922 933//933
f 936//936 930//930 927//927
f 936//936 933//933 930//930
f 936//936 927//927 934//934
f 937//937 928//928 10//10
f 938//938 929//929 925//925
f 938//938 925//925 935//935
f 939//939 933//933 936//936
f 940//940 931//931 928//928
f 940//940 928//928 937//937
f 941//941 932//932 929//929
f 941//941 817//817 932//932
f 941//941 929//929 938//938
f 941//941 818//818 817//817
f 942//942 935//935 933//933
f 942//942 933//933 939//939
f 943//943 936//936 934//934
f 943//943 934//934 931//931
f 943//943 931//931 940//940
f 944//944 10//10 11//11
f 944//944 937//937 10//10
f 945//945 938//938 935//935
f 945//945 935//935 942//942
f 945//945 941//941 938//938
f 946//946 936//936 943//943
f 947//947 940//940 937//937
f 947//947 937//937 944//944
f 948//948 818//818 941//941
f 948//948 941//941 945//945
f 949//949 939//939 936//936
f 949//949 936//936 946//946
f 950//950 943//943 940//940
f 950//950 940//940 947//947
f 951//951 942//942 939//939
f 951//951 939//939 949//949
f 952//952 949//949 946//946
f 952//952 946//946 943//943
f 952//952 943//943 950//950
f 953//953 944//944 11//11
f 954//954 945//945 942//942
f 954//954 942//942 951//951
f 955//955 949//949 952//952
f 956//956 950//950 947//947
f 956//956 944//944 953//953
f 956//956 947//947 944//944
f 957//957 948//948 945//945
f 957//957 945//945 954//954
f 957//957 819//819 818//818
f 957//957 818//818 948//948
f 958//958 949//949 955//955
f 958//958 951//951 949//949
f 959//959 950//950 956//956
f 960//960 953//953 11//11
f 960//960 11//11 12//12
f 961//961 954//954 951//951
f 961//961 957//957 954//954
f 961//961 951//951 958//958
f 962//962 950//950 959//959
f 962//962 952//952 950//950
f 963//963 956//956 953//953
f 963//963 953//953 960//960
f 963//963 959//959 956//956
f 964//964 957//957 961//961
f 964//964 819//819 957//957
f 965//965 958//958 955//955
f 965//965 955//955 952//952
f 965//965 952//952 962//962
f 966//966 959//959 963//963
f 967//967 958//958 965//965
f 968//968 963//963 960//960
f 968//968 960//960 12//12
f 969//969 962//962 959//959
f 969//969 959//959 966//966
f 970//970 961//961 958//958
f 970//970 958//958 967//967
f 971//971 966//966 963//963
f 971//971 963//963 968//968
f 972//972 965//965 962//962
f 972//972 962//962 969//969
f 973//973 964//964 961//961
f 973//973 819//819 964//964
f 973//973 961//961 970//970
f 973//973 820//820 819//819
f 974//974 966//966 971//971
f 975//975 967//967 965//965
f 975//975 965//965 972//972
f 975//975 970//970 967//967
f 976//976 969//969 966//966
f 976//976 966//966 974//974
f 977//977 12//12 13//13
f 977//977 968//968 12//12
f 978//978 970//970 975//975
f 979//979 972//972 969//969
f 979//979 969//969 976//976
f 979//979 975//975 972//972
f 980//980 971//971 968//968
f 980//980 968//968 977//977
f 981//981 973//973 970//970
f 981//981 820//820 973//973
f 981//981 970//970 978//978
f 982//982 975//975 979//979
f 982//982 978//978 975//975
f 983//983 974//974 971//971
f 983//983 971//971 980//980
f 984//984 977//977 13//13
f 985//985 978//978 982//982
f 986//986 976//976 974//974
f 986//986 974//974 983//983
f 987//987 983//983 980//980
f 987//987 977//977 984//984
f 987//987 980//980 977//977
f 988//988 978//978 985//985
f 988//988 821//821 820//820
f 988//988 981//981 978//978
f 988//988 820//820 981//981
f 989//989 976//976 986//986
f 989//989 979//979 976//976
f 990//990 983//983 987//987
f 991//991 979//979 989//989
f 991//991 982//982 979//979
f 992//992 986//986 983//983
f 992//992 983//983 990//990
f 993//993 984//984 13//13
f 993//993 13//13 14//14
f 994//994 988//988 985//985
f 994//994 982//982 991//991
f 994//994 985//985 982//982
f 995//995 986//986 992//992
f 995//995 989//989 986//986
f 996//996 987//987 984//984
f 996//996 984//984 993//993
f 997//997 821//821 988//988
f 997//997 988//988 994//994
f 998//998 991//991 989//989
f 998//998 994//994 991//991
f 998//998 989//989 995//995
f 999//999 987//987 996//996
f 999//999 990//990 987//987
f 1000//1000 993//993 14//14
f 1000//1000 996//996 993//993
f 1001//1001 994//994 998//998
f 1002//1002 992//992 990//990
f 1002//1002 990//990 999//999
f 1003//1003 996//996 1000//1000
f 1004//1004 821//821 997//997
f 1004//1004 997//997 994//994
f 1004//1004 994//994 1001//1001
f 1004//1004 822//822 821//821
f 1005//1005 995//995 992//992
f 1005//1005 992//992 1002//1002
f 1006//1006 999//999 996//996
f 1006//1006 996//996 1003//1003
f 1007//1007 998//998 995//995
f 1007//1007 995//995 1005//1005
f 1008//1008 1002//1002 999//999
f 1008//1008 999//999 1006//1006
f 1008//1008 1005//1005 1002//1002
f 1009//1009 14//14 15//15
f 1009//1009 1000//1000 14//14
f 1010//1010 1001//1001 998//998
f 1010//1010 998//998 1007//1007
f 1011//1011 1005//1005 1008//1008
f 1012//1012 1003//1003 1000//1000
f 1012//1012 1000//1000 1009//1009
f 1013//1013 1004//1004 1001//1001
f 1013//1013 822//822 1004//1004
f 1013//1013 1001//1001 1010//1010
f 1014//1014 1007//1007 1005//1005
f 1014//1014 1005//1005 1011//1011
f 1014//1014 1010//1010 1007//1007
f 1015//1015 1009//1009 15//15
f 1016//1016 1006//1006 1003//1003
f 1016//1016 1003//1003 1012//1012
f 1017//1017 1010//1010 1014//1014
f 1018//1018 1012//1012 1009//1009
f 1018//1018 1009//1009 1015//1015
f 1019//1019 1008//1008 1006//1006
f 1019//1019 1006//1006 1016//1016
f 1020//1020 1010//1010 1017//1017
f 1020//1020 822//822 1013//1013
f 1020//1020 823//823 822//822
f 1020//1020 1013//1013 1010//1010
f 1021//1021 1016//1016 1012//1012
f 1021//1021 1012//1012 1018//1018
f 1022//1022 1008//1008 1019//1019
f 1022//1022 1011//1011 1008//1008
f 1022//1022 1014//1014 1011//1011
f 1023//1023 1019//1019 1016//1016
f 1023//1023 1016//1016 1021//1021
f 1024//1024 1014//1014 1022//1022
f 1024//1024 1017//1017 1014//1014
f 1025//1025 1019//1019 1023//1023
f 1025//1025 1022//1022 1019//1019
f 1026//1026 1018//1018 1015//1015
f 1026//1026 15//15 16//16
f 1026//1026 1015//1015 15//15
f 1027//1027 1017//1017 1024//1024
f 1028//1028 1024//1024 1022//1022
f 1028//1028 1022//1022 1025//1025
f 1029//1029 1026//1026 16//16
f 1029//1029 1018//1018 1026//1026
f 1030//1030 1017//1017 1027//1027
f 1030//1030 1020//1020 1017//1017
f 1030//1030 823//823 1020//1020
f 1031//1031 1027//1027 1024//1024
f 1031//1031 1024//1024 1028//1028
f 1032//1032 1018//1018 1029//1029
f 1032//1032 1021//1021 1018//1018
f 1032//1032 1029//1029 16//16
f 1033//1033 1030//1030 1027//1027
f 1033//1033 1027//1027 1031//1031
f 1033//1033 823//823 1030//1030
f 1033//1033 824//824 823//823
f 1034//1034 1023//1023 1021//1021
f 1034//1034 1021//1021 1032//1032
f 1035//1035 1025//1025 1023//1023
f 1035//1035 1023//1023 1034//1034
f 1036//1036 1028//1028 1025//1025
f 1036//1036 1025//1025 1035//1035
f 1037//1037 16//16 17//17
f 1038//1038 1031//1031 1028//1028
f 1038//1038 1028//1028 1036//1036
f 1039//1039 1037//1037 17//17
f 1039//1039 16//16 1037//1037
f 1040//1040 1033//1033 1031//1031
f 1040//1040 824//824 1033//1033
f 1040//1040 1031//1031 1038//1038
f 1040//1040 825//825 824//824
f 1041//1041 16//16 1039//1039
f 1041//1041 1032//1032 16//16
f 1042//1042 1034//1034 1032//1032
f 1042//1042 1032//1032 1041//1041
f 1043//1043 1035//1035 1034//1034
f 1043//1043 1036//1036 1035//1035
f 1043//1043 1034//1034 1042//1042
f 1044//1044 1038//1038 1036//1036
f 1044//1044 1036//1036 1043//1043
f 1045//1045 17//17 18//18
f 1046//1046 1038//1038 1044//1044
f 1047//1047 1039//1039 17//17
f 1047//1047 1045//1045 18//18
f 1047//1047 1041//1041 1039//1039
f 1047//1047 17//17 1045//1045
f 1048//1048 1038//1038 1046//1046
f 1048//1048 1040//1040 1038//1038
f 1048//1048 825//825 1040//1040
f 1049//1049 1041//1041 1047//1047
f 1050//1050 1042//1042 1041//1041
f 1050//1050 1041//1041 1049//1049
f 1051//1051 1042//1042 1050//1050
f 1051//1051 1043//1043 1042//1042
f 1052//1052 1043//1043 1051//1051
f 1052//1052 1044//1044 1043//1043
f 1052//1052 1046//1046 1044//1044
f 1053//1053 18//18 19//19
f 1054//1054 1046//1046 1052//1052
f 1055//1055 1053//1053 19//19
f 1055//1055 18//18 1053//1053
f 1055//1055 1047//1047 18//18
f 1056//1056 1046//1046 1054//1054
f 1056//1056 1048//1048 1046//1046
f 1056//1056 826//826 825//825
f 1056//1056 827//827 826//826
f 1056//1056 825//825 1048//1048
f 1057//1057 1047//1047 1055//1055
f 1057//1057 1049//1049 1047//1047
f 1058//1058 1049//1049 1057//1057
f 1058//1058 1050//1050 1049//1049
f 1059//1059 1051//1051 1050//1050
f 1059//1059 1052//1052 1051//1051
f 1059//1059 1050//1050 1058//1058
f 1060//1060 1052//1052 1059//1059
f 1061//1061 19//19 20//20
f 1062//1062 1052//1052 1060//1060
f 1062//1062 1054//1054 1052//1052
f 1063//1063 1055//1055 19//19
f 1063//1063 19//19 1061//1061
f 1064//1064 1056//1056 1054//1054
f 1064//1064 1054//1054 1062//1062
f 1064//1064 827//827 1056//1056
f 1065//1065 1057//1057 1055//1055
f 1065//1065 1055//1055 1063//1063
f 1066//1066 1058//1058 1057//1057
f 1066//1066 1057//1057 1065//1065
f 1067//1067 1059//1059 1058//1058
f 1067//1067 1058//1058 1066//1066
f 1068//1068 1060//1060 1059//1059
f 1068//1068 1059//1059 1067//1067
f 1069//1069 1061//1061 20//20
f 1069//1069 20//20 21//21
f 1070//1070 1062//1062 1060//1060
f 1070//1070 1060//1060 1068//1068
f 1071//1071 1063//1063 1061//1061
f 1071//1071 1061//1061 1069//1069
f 1072//1072 1064//1064 1062//1062
f 1072//1072 827//827 1064//1064
f 1072//1072 1062//1062 1070//1070
f 1072//1072 828//828 827//827
f 1073//1073 1063//1063 1071//1071
f 1073//1073 1065//1065 1063//1063
f 1073//1073 1066//1066 1065//1065
f 1074//1074 1067//1067 1066//1066
f 1074//1074 1066//1066 1073//1073
f 1075//1075 1067//1067 1074//1074
f 1076//1076 1068//1068 1067//1067
f 1076//1076 1067//1067 1075//1075
f 1077//1077 1069//1069 21//21
f 1077//1077 21//21 22//22
f 1077//1077 22//22 23//23
f 1078//1078 1070//1070 1068//1068
f 1078//1078 1072//1072 1070//1070
f 1078//1078 1068//1068 1076//1076
f 1079//1079 1071//1071 1069//1069
f 1079//1079 1073//1073 1071//1071
f 1079//1079 1069//1069 1077//1077
f 1080//1080 828//828 1072//1072
f 1080//1080 1072//1072 1078//1078
f 1080//1080 829//829 828//828
f 1081//1081 1073//1073 1079//1079
f 1082//1082 1073//1073 1081//1081
f 1082//1082 1074//1074 1073//1073
f 1082//1082 1075//1075 1074//1074
f 1083//1083 1075//1075 1082//1082
f 1084//1084 1076//1076 1075//1075
f 1084//1084 1075//1075 1083//1083
f 1085//1085 1077//1077 23//23
f 1086//1086 1076//1076 1084//1084
f 1086//1086 1078//1078 1076//1076
f 1087//1087 1079//1079 1077//1077
f 1087//1087 1077//1077 1085//1085
f 1088//1088 1086//1086 830//830
f 1088//1088 1080//1080 1078//1078
f 1088//1088 830//830 829//829
f 1088//1088 829//829 1080//1080
f 1088//1088 1078//1078 1086//1086
f 1089//1089 1079//1079 1087//1087
f 1089//1089 1081//1081 1079//1079
f 1090//1090 1081//1081 1089//1089
f 1090//1090 1082//1082 1081//1081
f 1091//1091 1082//1082 1090//1090
f 1091//1091 1083//1083 1082//1082
f 1092//1092 1084//1084 1083//1083
f 1092//1092 1083//1083 1091//1091
f 1093//1093 1085//1085 23//23
f 1093//1093 23//23 24//24
f 1094//1094 1086//1086 1084//1084
f 1094//1094 830//830 1086//1086
f 1094//1094 1084//1084 1092//1092
f 1095//1095 1085//1085 1093//1093
f 1095//1095 1087//1087 1085//1085
f 1096//1096 830//830 1094//1094
f 1096//1096 1094//1094 831//831
f 1096//1096 831//831 830//830
f 1097//1097 1090//1090 1089//1089
f 1097//1097 1089//1089 1087//1087
f 1097//1097 1087//1087 1095//1095
f 1098//1098 1090//1090 1097//1097
f 1099//1099 1092//1092 1091//1091
f 1099//1099 1091//1091 1090//1090
f 1099//1099 1090//1090 1098//1098
f 1100//1100 1092//1092 1099//1099
f 1101//1101 1093//1093 24//24
f 1101//1101 24//24 25//25
f 1102//1102 1094//1094 1092//1092
f 1102//1102 831//831 1094//1094
f 1102//1102 1092//1092 1100//1100
f 1103//1103 1095//1095 1093//1093
f 1103//1103 1093//1093 1101//1101
f 1104//1104 831//831 1102//1102
f 1104//1104 1102//1102 832//832
f 1104//1104 832//832 831//831
f 1105//1105 25//25 26//26
f 1105//1105 1101//1101 25//25
f 1106//1106 1097//1097 1095//1095
f 1106//1106 1095//1095 1103//1103
f 1107//1107 1101//1101 1105//1105
f 1107//1107 1103//1103 1101//1101
f 1108//1108 1098//1098 1097//1097
f 1108//1108 1097//1097 1106//1106
f 1109//1109 1106//1106 1103//1103
f 1109//1109 1103//1103 1107//1107
f 1110//1110 1099//1099 1098//1098
f 1110//1110 1098//1098 1108//1108
f 1111//1111 1110//1110 1108//1108
f 1111//1111 1106//1106 1109//1109
f 1111//1111 1108//1108 1106//1106
f 1112//1112 1100//1100 1099//1099
f 1112//1112 1099//1099 1110//1110
f 1113//1113 1110//1110 1111//1111
f 1114//1114 1105//1105 26//26
f 1114//1114 1107//1107 1105//1105
f 1115//1115 1102//1102 1100//1100
f 1115//1115 832//832 1102//1102
f 1115//1115 1100//1100 1112//1112
f 1116//1116 1110//1110 1113//1113
f 1116//1116 1112//1112 1110//1110
f 1117//1117 1107//1107 1114//1114
f 1118//1118 832//832 1115//1115
f 1118//1118 833//833 832//832
f 1119//1119 26//26 27//27
f 1119//1119 1114//1114 26//26
f 1119//1119 1117//1117 1114//1114
f 1120//1120 1118//1118 1115//1115
f 1120//1120 1115//1115 1112//1112
f 1120//1120 1112//1112 1116//1116
f 1121//1121 1109//1109 1107//1107
f 1121//1121 1107//1107 1117//1117
f 1122//1122 1117//1117 1119//1119
f 1122//1122 1121//1121 1117//1117
f 1123//1123 833//833 1118//1118
f 1123//1123 1118//1118 1120//1120
f 1124//1124 1109//1109 1121//1121
f 1124//1124 1111//1111 1109//1109
f 1125//1125 1121//1121 1122//1122
f 1125//1125 1124//1124 1121//1121
f 1126//1126 1111//1111 1124//1124
f 1126//1126 1113//1113 1111//1111
f 1127//1127 1124//1124 1125//1125
f 1128//1128 1113//1113 1126//1126
f 1128//1128 1116//1116 1113//1113
f 1129//1129 1119//1119 27//27
f 1130//1130 1124//1124 1127//1127
f 1130//1130 1126//1126 1124//1124
f 1131//1131 1120//1120 1116//1116
f 1131//1131 1116//1116 1128//1128
f 1132//1132 1122//1122 1119//1119
f 1132//1132 1119//1119 1129//1129
f 1133//1133 1128//1128 1126//1126
f 1133//1133 1131//1131 1128//1128
f 1133//1133 1126//1126 1130//1130
f 1134//1134 1123//1123 1120//1120
f 1134//1134 1120//1120 1131//1131
f 1134//1134 834//834 833//833
f 1134//1134 833//833 1123//1123
f 1135//1135 1125//1125 1122//1122
f 1135//1135 1122//1122 1132//1132
f 1136//1136 1132//1132 1129//1129
f 1136//1136 27//27 28//28
f 1136//1136 1129//1129 27//27
f 1137//1137 1131//1131 1133//1133
f 1138//1138 1127//1127 1125//1125
f 1138//1138 1125//1125 1135//1135
f 1139//1139 1132//1132 1136//1136
f 1140//1140 1131//1131 1137//1137
f 1140//1140 1134//1134 1131//1131
f 1140//1140 834//834 1134//1134
f 1141//1141 1130//1130 1127//1127
f 1141//1141 1127//1127 1138//1138
f 1142//1142 1135//1135 1132//1132
f 1142//1142 1132//1132 1139//1139
f 1143//1143 1130//1130 1141//1141
f 1143//1143 1133//1133 1130//1130
f 1144//1144 1138//1138 1135//1135
f 1144//1144 1135//1135 1142//1142
f 1145//1145 1136//1136 28//28
f 1146//1146 1137//1137 1133//1133
f 1146//1146 1133//1133 1143//1143
f 1147//1147 1141//1141 1138//1138
f 1147//1147 1138//1138 1144//1144
f 1148//1148 1136//1136 1145//1145
f 1148//1148 1139//1139 1136//1136
f 1149//1149 1140//1140 1137//1137
f 1149//1149 834//834 1140//1140
f 1149//1149 1137//1137 1146//1146
f 1149//1149 835//835 834//834
f 1150//1150 1143//1143 1141//1141
f 1150//1150 1141//1141 1147//1147
f 1151//1151 1139//1139 1148//1148
f 1151//1151 1142//1142 1139//1139
f 1152//1152 28//28 29//29
f 1152//1152 1145//1145 28//28
f 1153//1153 1143//1143 1150//1150
f 1153//1153 1146//1146 1143//1143
f 1154//1154 1144//1144 1142//1142
f 1154//1154 1142//1142 1151//1151
f 1155//1155 1145//1145 1152//1152
f 1155//1155 1148//1148 1145//1145
f 1156//1156 1146//1146 1153//1153
f 1156//1156 1149//1149 1146//1146
f 1156//1156 835//835 1149//1149
f 1157//1157 1144//1144 1154//1154
f 1157//1157 1147//1147 1144//1144
f 1158//1158 1148//1148 1155//1155
f 1158//1158 1151//1151 1148//1148
f 1158//1158 1154//1154 1151//1151
f 1159//1159 1147//1147 1157//1157
f 1159//1159 1150//1150 1147//1147
f 1160//1160 1154//1154 1158//1158
f 1161//1161 1152//1152 29//29
f 1162//1162 1150//1150 1159//1159
f 1162//1162 1153//1153 1150//1150
f 1163//1163 1157//1157 1154//1154
f 1163//1163 1154//1154 1160//1160
f 1164//1164 1155//1155 1152//1152
f 1164//1164 1152//1152 1161//1161
f 1165//1165 1156//1156 1153//1153
f 1165//1165 835//835 1156//1156
f 1165//1165 1153//1153 1162//1162
f 1165//1165 836//836 835//835
f 1166//1166 1157//1157 1163//1163
f 1166//1166 1159//1159 1157//1157
f 1166//1166 1162//1162 1159//1159
f 1167//1167 1155//1155 1164//1164
f 1167//1167 1158//1158 1155//1155
f 1168//1168 1161//1161 29//29
f 1168//1168 29//29 30//30
f 1169//1169 1162//1162 1166//1166
f 1170//1170 1160//1160 1158//1158
f 1170//1170 1158//1158 1167//1167
f 1171//1171 1161//1161 1168//1168
f 1171//1171 1164//1164 1161//1161
f 1172//1172 1165//1165 1162//1162
f 1172//1172 836//836 1165//1165
f 1172//1172 1162//1162 1169//1169
f 1173//1173 1166//1166 1163//1163
f 1173//1173 1163//1163 1160//1160
f 1173//1173 1160//1160 1170//1170
f 1174//1174 1167//1167 1164//1164
f 1174//1174 1164//1164 1171//1171
f 1175//1175 1166//1166 1173//1173
f 1176//1176 1168//1168 30//30
f 1177//1177 1170//1170 1167//1167
f 1177//1177 1167//1167 1174//1174
f 1178//1178 1169//1169 1166//1166
f 1178//1178 1166//1166 1175//1175
f 1179//1179 1171//1171 1168//1168
f 1179//1179 1168//1168 1176//1176
f 1180//1180 1173//1173 1170//1170
f 1180//1180 1170//1170 1177//1177
f 1181//1181 836//836 1172//1172
f 1181//1181 1172//1172 1169//1169
f 1181//1181 1169//1169 1178//1178
f 1181//1181 837//837 836//836
f 1182//1182 1174//1174 1171//1171
f 1182//1182 1177//1177 1174//1174
f 1182//1182 1171//1171 1179//1179
f 1183//1183 1175//1175 1173//1173
f 1183//1183 1173//1173 1180//1180
f 1184//1184 1180//1180 1177//1177
f 1184//1184 1177//1177 1182//1182
f 1185//1185 30//30 31//31
f 1185//1185 1176//1176 30//30
f 1185//1185 1179//1179 1176//1176
f 1186//1186 1178//1178 1175//1175
f 1186//1186 1175//1175 1183//1183
f 1187//1187 1180//1180 1184//1184
f 1188//1188 1179//1179 1185//1185
f 1189//1189 1181//1181 1178//1178
f 1189//1189 837//837 1181//1181
f 1189//1189 1178//1178 1186//1186
f 1190//1190 1180//1180 1187//1187
f 1190//1190 1183//1183 1180//1180
f 1191//1191 1184//1184 1182//1182
f 1191//1191 1179//1179 1188//1188
f 1191//1191 1182//1182 1179//1179
f 1192//1192 1185//1185 31//31
f 1192//1192 1188//1188 1185//1185
f 1193//1193 1183//1183 1190//1190
f 1193//1193 1186//1186 1183//1183
f 1194//1194 1184//1184 1191//1191
f 1195//1195 1188//1188 1192//1192
f 1196//1196 837//837 1189//1189
f 1196//1196 1189//1189 1186//1186
f 1196//1196 1186//1186 1193//1193
f 1196//1196 838//838 837//837
f 1197//1197 1184//1184 1194//1194
f 1197//1197 1187//1187 1184//1184
f 1198//1198 1191//1191 1188//1188
f 1198//1198 1188//1188 1195//1195
f 1199//1199 1190//1190 1187//1187
f 1199//1199 1187//1187 1197//1197
f 1200//1200 1194//1194 1191//1191
f 1200//1200 1191//1191 1198//1198
f 1201//1201 1192//1192 31//31
f 1201//1201 31//31 32//32
f 1202//1202 1190//1190 1199//1199
f 1202//1202 1193//1193 1190//1190
f 1203//1203 1197//1197 1194//1194
f 1203//1203 1199//1199 1197//1197
f 1203//1203 1194//1194 1200//1200
f 1204//1204 1195//1195 1192//1192
f 1204//1204 1192//1192 1201//1201
f 1205//1205 1196//1196 1193//1193
f 1205//1205 838//838 1196//1196
f 1205//1205 1193//1193 1202//1202
f 1206//1206 1202//1202 1199//1199
f 1206//1206 1199//1199 1203//1203
f 1207//1207 1198//1198 1195//1195
f 1207//1207 1195//1195 1204//1204
f 1208//1208 1201//1201 32//32
f 1209//1209 1202//1202 1206//1206
f 1210//1210 1200//1200 1198//1198
f 1210//1210 1198//1198 1207//1207
f 1211//1211 1204//1204 1201//1201
f 1211//1211 1201//1201 1208//1208
f 1212//1212 839//839 838//838
f 1212//1212 838//838 1205//1205
f 1212//1212 1205//1205 1202//1202
f 1212//1212 1202//1202 1209//1209
f 1213//1213 1203//1203 1200//1200
f 1213//1213 1200//1200 1210//1210
f 1214//1214 1207//1207 1204//1204
f 1214//1214 1204//1204 1211//1211
f 1215//1215 1206//1206 1203//1203
f 1215//1215 1203//1203 1213//1213
f 1216//1216 1210//1210 1207//1207
f 1216//1216 1207//1207 1214//1214
f 1217//1217 32//32 33//33
f 1217//1217 1211//1211 1208//1208
f 1217//1217 1208//1208 32//32
f 1218//1218 1206//1206 1215//1215
f 1218//1218 1209//1209 1206//1206
f 1219//1219 1210//1210 1216//1216
f 1219//1219 1213//1213 1210//1210
f 1219//1219 1215//1215 1213//1213
f 1220//1220 1211//1211 1217//1217
f 1221//1221 1209//1209 1218//1218
f 1221//1221 839//839 1212//1212
f 1221//1221 1212//1212 1209//1209
f 1222//1222 1215//1215 1219//1219
f 1223//1223 1217//1217 33//33
f 1224//1224 1211//1211 1220//1220
f 1224//1224 1214//1214 1211//1211
f 1225//1225 1218//1218 1215//1215
f 1225//1225 1215//1215 1222//1222
f 1226//1226 1217//1217 1223//1223
f 1226//1226 1220//1220 1217//1217
f 1227//1227 1219//1219 1216//1216
f 1227//1227 1214//1214 1224//1224
f 1227//1227 1216//1216 1214//1214
f 1228//1228 1218//1218 1225//1225
f 1228//1228 840//840 839//839
f 1228//1228 1221//1221 1218//1218
f 1228//1228 839//839 1221//1221
f 1229//1229 1224//1224 1220//1220
f 1229//1229 1220//1220 1226//1226
f 1229//1229 1227//1227 1224//1224
f 1230//1230 1219//1219 1227//1227
f 1231//1231 1227//1227 1229//1229
f 1232//1232 1222//1222 1219//1219
f 1232//1232 1225//1225 1222//1222
f 1232//1232 1219//1219 1230//1230
f 1233//1233 1230//1230 1227//1227
f 1233//1233 1227//1227 1231//1231
f 1234//1234 1223//1223 33//33
f 1234//1234 33//33 34//34
f 1234//1234 1226//1226 1223//1223
f 1235//1235 1225//1225 1232//1232
f 1236//1236 1232//1232 1230//1230
f 1236//1236 1230//1230 1233//1233
f 1237//1237 1226//1226 1234//1234
f 1238//1238 1228//1228 1225//1225
f 1238//1238 840//840 1228//1228
f 1238//1238 1225//1225 1235//1235
f 1239//1239 1234//1234 34//34
f 1240//1240 1232//1232 1236//1236
f 1240//1240 1235//1235 1232//1232
f 1240//1240 1238//1238 1235//1235
f 1241//1241 1231//1231 1229//1229
f 1241//1241 1226//1226 1237//1237
f 1241//1241 1229//1229 1226//1226
f 1242//1242 1237//1237 1234//1234
f 1242//1242 1234//1234 1239//1239
f 1243//1243 841//841 840//840
f 1243//1243 840//840 1238//1238
f 1243//1243 1238//1238 1240//1240
f 1244//1244 1231//1231 1241//1241
f 1245//1245 1237//1237 1242//1242
f 1245//1245 1241//1241 1237//1237
f 1246//1246 1231//1231 1244//1244
f 1246//1246 1233//1233 1231//1231
f 1247//1247 1244//1244 1241//1241
f 1247//1247 1241//1241 1245//1245
f 1248//1248 1236//1236 1233//1233
f 1248//1248 1240//1240 1236//1236
f 1248//1248 1233//1233 1246//1246
f 1249//1249 1244//1244 1247//1247
f 1249//1249 1246//1246 1244//1244
f 1250//1250 34//34 35//35
f 1250//1250 1239//1239 34//34
f 1251//1251 1240//1240 1248//1248
f 1252//1252 1248//1248 1246//1246
f 1252//1252 1246//1246 1249//1249
f 1253//1253 1239//1239 1250//1250
f 1253//1253 1242//1242 1239//1239
f 1253//1253 1250//1250 35//35
f 1254//1254 1243//1243 1240//1240
f 1254//1254 1240//1240 1251//1251
f 1254//1254 841//841 1243//1243
f 1255//1255 1248//1248 1252//1252
f 1255//1255 1251//1251 1248//1248
f 1256//1256 1242//1242 1253//1253
f 1256//1256 1245//1245 1242//1242
f 1257//1257 842//842 841//841
f 1257//1257 1254//1254 1251//1251
f 1257//1257 1251//1251 1255//1255
f 1257//1257 841//841 1254//1254
f 1258//1258 1245//1245 1256//1256
f 1258//1258 1247//1247 1245//1245
f 1259//1259 1247//1247 1258//1258
f 1259//1259 1249//1249 1247//1247
f 1260//1260 1252//1252 1249//1249
f 1260//1260 1249//1249 1259//1259
f 1260//1260 1255//1255 1252//1252
f 1261//1261 35//35 36//36
f 1262//1262 1255//1255 1260//1260
f 1263//1263 35//35 1261//1261
f 1263//1263 1261//1261 36//36
f 1263//1263 1253//1253 35//35
f 1264//1264 842//842 1257//1257
f 1264//1264 1257//1257 1255//1255
f 1264//1264 1255//1255 1262//1262
f 1265//1265 1253//1253 1263//1263
f 1265//1265 1256//1256 1253//1253
f 1266//1266 1258//1258 1256//1256
f 1266//1266 1256//1256 1265//1265
f 1267//1267 1259//1259 1258//1258
f 1267//1267 1258//1258 1266//1266
f 1268//1268 1260//1260 1259//1259
f 1268//1268 1259//1259 1267//1267
f 1269//1269 36//36 37//37
f 1270//1270 1260//1260 1268//1268
f 1270//1270 1262//1262 1260//1260
f 1271//1271 1263//1263 36//36
f 1271//1271 36//36 1269//1269
f 1271//1271 1269//1269 37//37
f 1272//1272 843//843 842//842
f 1272//1272 844//844 843//843
f 1272//1272 1264//1264 1262//1262
f 1272//1272 842//842 1264//1264
f 1272//1272 1262//1262 1270//1270
f 1273//1273 1263//1263 1271//1271
f 1273//1273 1265//1265 1263//1263
f 1274//1274 1266//1266 1265//1265
f 1274//1274 1267//1267 1266//1266
f 1274//1274 1265//1265 1273//1273
f 1275//1275 1267//1267 1274//1274
f 1276//1276 1268//1268 1267//1267
f 1276//1276 1270//1270 1268//1268
f 1276//1276 1267//1267 1275//1275
f 1277//1277 37//37 38//38
f 1278//1278 1272//1272 1270//1270
f 1278//1278 1270//1270 1276//1276
f 1279//1279 1271//1271 37//37
f 1279//1279 37//37 1277//1277
f 1280//1280 845//845 844//844
f 1280//1280 844//844 1272//1272
f 1280//1280 1272//1272 1278//1278
f 1281//1281 1273//1273 1271//1271
f 1281//1281 1271//1271 1279//1279
f 1282//1282 1274//1274 1273//1273
f 1282//1282 1275//1275 1274//1274
f 1282//1282 1273//1273 1281//1281
f 1283//1283 1275//1275 1282//1282
f 1284//1284 1276//1276 1275//1275
f 1284//1284 1278//1278 1276//1276
f 1284//1284 1275//1275 1283//1283
f 1285//1285 38//38 39//39
f 1285//1285 1277//1277 38//38
f 1286//1286 1278//1278 1284//1284
f 1287//1287 1279//1279 1277//1277
f 1287//1287 1277//1277 1285//1285
f 1288//1288 1278//1278 1286//1286
f 1288//1288 845//845 1280//1280
f 1288//1288 1280//1280 1278//1278
f 1289//1289 1279//1279 1287//1287
f 1289//1289 1281//1281 1279//1279
f 1290//1290 1281//1281 1289//1289
f 1290//1290 1282//1282 1281//1281
f 1291//1291 1282//1282 1290//1290
f 1291//1291 1283//1283 1282//1282
f 1292//1292 1283//1283 1291//1291
f 1292//1292 1284//1284 1283//1283
f 1293//1293 39//39 40//40
f 1293//1293 1285//1285 39//39
f 1294//1294 1286//1286 1284//1284
f 1294//1294 1284//1284 1292//1292
f 1295//1295 1289//1289 1287//1287
f 1295//1295 1285//1285 1293//1293
f 1295//1295 1287//1287 1285//1285
f 1296//1296 846//846 845//845
f 1296//1296 845//845 1288//1288
f 1296//1296 1288//1288 1286//1286
f 1296//1296 1286//1286 1294//1294
f 1297//1297 1289//1289 1295//1295
f 1298//1298 1290//1290 1289//1289
f 1298//1298 1289//1289 1297//1297
f 1298//1298 1291//1291 1290//1290
f 1299//1299 1291//1291 1298//1298
f 1300//1300 1292//1292 1291//1291
f 1300//1300 1294//1294 1292//1292
f 1300//1300 1291//1291 1299//1299
f 1301//1301 1293//1293 40//40
f 1301//1301 40//40 41//41
f 1302//1302 1294//1294 1300//1300
f 1303//1303 1295//1295 1293//1293
f 1303//1303 1293//1293 1301//1301
f 1304//1304 847//847 846//846
f 1304//1304 846//846 1296//1296
f 1304//1304 1296//1296 1294//1294
f 1304//1304 1302//1302 847//847
f 1304//1304 1294//1294 1302//1302
f 1305//1305 1295//1295 1303//1303
f 1305//1305 1297//1297 1295//1295
f 1306//1306 1297//1297 1305//1305
f 1306//1306 1298//1298 1297//1297
f 1307//1307 1299//1299 1298//1298
f 1307//1307 1298//1298 1306//1306
f 1308//1308 1300//1300 1299//1299
f 1308//1308 1299//1299 1307//1307
f 1309//1309 41//41 42//42
f 1309//1309 1301//1301 41//41
f 1310//1310 847//847 1302//1302
f 1310//1310 1302//1302 1300//1300
f 1310//1310 1300//1300 1308//1308
f 1311//1311 1301//1301 1309//1309
f 1311//1311 1305//1305 1303//1303
f 1311//1311 1303//1303 1301//1301
f 1312//1312 848//848 847//847
f 1312//1312 847//847 1310//1310
f 1312//1312 1310//1310 848//848
f 1313//1313 1305//1305 1311//1311
f 1314//1314 1305//1305 1313//1313
f 1314//1314 1306//1306 1305//1305
f 1314//1314 1307//1307 1306//1306
f 1315//1315 1307//1307 1314//1314
f 1316//1316 1308//1308 1307//1307
f 1316//1316 1307//1307 1315//1315
f 1317//1317 42//42 43//43
f 1317//1317 1311//1311 1309//1309
f 1317//1317 1309//1309 42//42
f 1318//1318 848//848 1310//1310
f 1318//1318 1310//1310 1308//1308
f 1318//1318 1308//1308 1316//1316
f 1319//1319 1311//1311 1317//1317
f 1320//1320 849//849 848//848
f 1320//1320 1318//1318 849//849
f 1320//1320 848//848 1318//1318
f 1321//1321 1313//1313 1311//1311
f 1321//1321 1311//1311 1319//1319
f 1322//1322 1313//1313 1321//1321
f 1322//1322 1314//1314 1313//1313
f 1323//1323 1314//1314 1322//1322
f 1323//1323 1315//1315 1314//1314
f 1324//1324 1315//1315 1323//1323
f 1324//1324 1316//1316 1315//1315
f 1325//1325 43//43 44//44
f 1325//1325 1317//1317 43//43
f 1326//1326 1316//1316 1324//1324
f 1326//1326 849//849 1318//1318
f 1326//1326 1318//1318 1316//1316
f 1327//1327 1321//1321 1319//1319
f 1327//1327 1317//1317 1325//1325
f 1327//1327 1319//1319 1317//1317
f 1328//1328 1326//1326 850//850
f 1328//1328 850//850 849//849
f 1328//1328 849//849 1326//1326
f 1329//1329 1325//1325 44//44
f 1329//1329 44//44 45//45
f 1330//1330 1321//1321 1327//1327
f 1331//1331 1327//1327 1325//1325
f 1331//1331 1325//1325 1329//1329
f 1331//1331 1330//1330 1327//1327
f 1332//1332 1323//1323 1322//1322
f 1332//1332 1321//1321 1330//1330
f 1332//1332 1322//1322 1321//1321
f 1333//1333 1330//1330 1331//1331
f 1334//1334 1323//1323 1332//1332
f 1335//1335 1332//1332 1330//1330
f 1335//1335 1330//1330 1333//1333
f 1336//1336 1323//1323 1334//1334
f 1336//1336 1324//1324 1323//1323
f 1337//1337 1329//1329 45//45
f 1337//1337 1331//1331 1329//1329
f 1338//1338 1334//1334 1332//1332
f 1338//1338 1332//1332 1335//1335
f 1339//1339 850//850 1326//1326
f 1339//1339 1326//1326 1324//1324
f 1339//1339 1324//1324 1336//1336
f 1340//1340 1331//1331 1337//1337
f 1341//1341 1336//1336 1334//1334
f 1341//1341 1334//1334 1338//1338
f 1341//1341 1339//1339 1336//1336
f 1342//1342 851//851 850//850
f 1342//1342 850//850 1339//1339
f 1343//1343 1331//1331 1340//1340
f 1343//1343 1333//1333 1331//1331
f 1344//1344 45//45 46//46
f 1344//1344 1337//1337 45//45
f 1345//1345 1339//1339 1341//1341
f 1345//1345 1342//1342 1339//1339
f 1346//1346 1335//1335 1333//1333
f 1346//1346 1333//1333 1343//1343
f 1347//1347 1340//1340 1337//1337
f 1347//1347 1343//1343 1340//1340
f 1347//1347 1337//1337 1344//1344
f 1348//1348 851//851 1342//1342
f 1348//1348 1342//1342 1345//1345
f 1349//1349 1338//1338 1335//1335
f 1349//1349 1341//1341 1338//1338
f 1349//1349 1335//1335 1346//1346
f 1350//1350 1343//1343 1347//1347
f 1351//1351 1341//1341 1349//1349
f 1352//1352 1346//1346 1343//1343
f 1352//1352 1349//1349 1346//1346
f 1352//1352 1343//1343 1350//1350
f 1353//1353 1344//1344 46//46
f 1354//1354 1345//1345 1341//1341
f 1354//1354 1341//1341 1351//1351
f 1355//1355 1349//1349 1352//1352
f 1356//1356 1344//1344 1353//1353
f 1356//1356 1347//1347 1344//1344
f 1357//1357 852//852 851//851
f 1357//1357 851//851 1348//1348
f 1357//1357 1348//1348 1345//1345
f 1357//1357 1345//1345 1354//1354
f 1358//1358 1349//1349 1355//1355
f 1358//1358 1351//1351 1349//1349
f 1359//1359 1347//1347 1356//1356
f 1359//1359 1350//1350 1347//1347
f 1360//1360 1353//1353 46//46
f 1360//1360 46//46 47//47
f 1360//1360 1356//1356 1353//1353
f 1361//1361 1354//1354 1351//1351
f 1361//1361 1351//1351 1358//1358
f 1362//1362 1352//1352 1350//1350
f 1362//1362 1355//1355 1352//1352
f 1362//1362 1350//1350 1359//1359
f 1363//1363 1356//1356 1360//1360
f 1364//1364 1357//1357 1354//1354
f 1364//1364 1354//1354 1361//1361
f 1364//1364 852//852 1357//1357
f 1365//1365 1355//1355 1362//1362
f 1366//1366 1359//1359 1356//1356
f 1366//1366 1356//1356 1363//1363
f 1367//1367 1358//1358 1355//1355
f 1367//1367 1361//1361 1358//1358
f 1367//1367 1355//1355 1365//1365
f 1368//1368 1359//1359 1366//1366
f 1368//1368 1362//1362 1359//1359
f 1369//1369 1360//1360 47//47
f 1370//1370 1361//1361 1367//1367
f 1371//1371 1365//1365 1362//1362
f 1371//1371 1362//1362 1368//1368
f 1372//1372 1360//1360 1369//1369
f 1372//1372 1363//1363 1360//1360
f 1373//1373 853//853 852//852
f 1373//1373 852//852 1364//1364
f 1373//1373 1364//1364 1361//1361
f 1373//1373 1361//1361 1370//1370
f 1374//1374 1367//1367 1365//1365
f 1374//1374 1365//1365 1371//1371
f 1375//1375 1366//1366 1363//1363
f 1375//1375 1363//1363 1372//1372
f 1376//1376 1369//1369 47//47
f 1376//1376 47//47 48//48
f 1377//1377 1367//1367 1374//1374
f 1377//1377 1370//1370 1367//1367
f 1378//1378 1368//1368 1366//1366
f 1378//1378 1371//1371 1368//1368
f 1378//1378 1366//1366 1375//1375
f 1379//1379 1369//1369 1376//1376
f 1379//1379 1372//1372 1369//1369
f 1380//1380 853//853 1373//1373
f 1380//1380 1373//1373 1370//1370
f 1380//1380 1370//1370 1377//1377
f 1381//1381 1371//1371 1378//1378
f 1381//1381 1374//1374 1371//1371
f 1382//1382 1375//1375 1372//1372
f 1382//1382 1372//1372 1379//1379
f 1383//1383 1377//1377 1374//1374
f 1383//1383 1374//1374 1381//1381
f 1384//1384 1376//1376 48//48
f 1385//1385 1378//1378 1375//1375
f 1385//1385 1375//1375 1382//1382
f 1386//1386 1377//1377 1383//1383
f 1387//1387 1376//1376 1384//1384
f 1387//1387 1379//1379 1376//1376
f 1388//1388 1381//1381 1378//1378
f 1388//1388 1378//1378 1385//1385
f 1389//1389 1377//1377 1386//1386
f 1389//1389 854//854 853//853
f 1389//1389 853//853 1380//1380
f 1389//1389 1380//1380 1377//1377
f 1390//1390 1379//1379 1387//1387
f 1390//1390 1382//1382 1379//1379
f 1391//1391 1386//1386 1383//1383
f 1391//1391 1381//1381 1388//1388
f 1391//1391 1383//1383 1381//1381
f 1392//1392 1382//1382 1390//1390
f 1392//1392 1385//1385 1382//1382
f 1393//1393 48//48 49//49
f 1393//1393 1384//1384 48//48
f 1394//1394 1386//1386 1391//1391
f 1395//1395 1385//1385 1392//1392
f 1395//1395 1388//1388 1385//1385
f 1396//1396 1390//1390 1387//1387
f 1396//1396 1384//1384 1393//1393
f 1396//1396 1387//1387 1384//1384
f 1397//1397 854//854 1389//1389
f 1397//1397 1386//1386 1394//1394
f 1397//1397 1389//1389 1386//1386
f 1398//1398 1388//1388 1395//1395
f 1398//1398 1391//1391 1388//1388
f 1399//1399 1390//1390 1396//1396
f 1400//1400 1393//1393 49//49
f 1401//1401 1394//1394 1391//1391
f 1401//1401 1391//1391 1398//1398
f 1402//1402 1392//1392 1390//1390
f 1402//1402 1395//1395 1392//1392
f 1402//1402 1390//1390 1399//1399
f 1403//1403 1396//1396 1393//1393
f 1403//1403 1399//1399 1396//1396
f 1403//1403 1393//1393 1400//1400
f 1404//1404 855//855 854//854
f 1404//1404 854//854 1397//1397
f 1404//1404 1394//1394 1401//1401
f 1404//1404 1397//1397 1394//1394
f 1405//1405 1395//1395 1402//1402
f 1406//1406 1402//1402 1399//1399
f 1406//1406 1399//1399 1403//1403
f 1407//1407 1398//1398 1395//1395
f 1407//1407 1401//1401 1398//1398
f 1407//1407 1395//1395 1405//1405
f 1408//1408 1402//1402 1406//1406
f 1409//1409 1400//1400 49//49
f 1409//1409 1403//1403 1400//1400
f 1409//1409 49//49 50//50
f 1410//1410 1404//1404 1401//1401
f 1410//1410 1401//1401 1407//1407
f 1411//1411 1405//1405 1402//1402
f 1411//1411 1402//1402 1408//1408
f 1412//1412 1403//1403 1409//1409
f 1413//1413 855//855 1404//1404
f 1413//1413 1404//1404 1410//1410
f 1414//1414 1407//1407 1405//1405
f 1414//1414 1405//1405 1411//1411
f 1415//1415 1406//1406 1403//1403
f 1415//1415 1403//1403 1412//1412
f 1416//1416 1409//1409 50//50
f 1417//1417 1410//1410 1407//1407
f 1417//1417 1407//1407 1414//1414
f 1418//1418 1406//1406 1415//1415
f 1418//1418 1408//1408 1406//1406
f 1419//1419 1409//1409 1416//1416
f 1419//1419 1412//1412 1409//1409
f 1419//1419 1415//1415 1412//1412
f 1420//1420 856//856 855//855
f 1420//1420 855//855 1413//1413
f 1420//1420 1413//1413 1410//1410
f 1420//1420 1410//1410 1417//1417
f 1421//1421 1411//1411 1408//1408
f 1421//1421 1408//1408 1418//1418
f 1422//1422 1415//1415 1419//1419
f 1423//1423 1411//1411 1421//1421
f 1423//1423 1414//1414 1411//1411
f 1424//1424 1415//1415 1422//1422
f 1424//1424 1418//1418 1415//1415
f 1425//1425 50//50 51//51
f 1425//1425 1416//1416 50//50
f 1425//1425 1419//1419 1416//1416
f 1426//1426 1414//1414 1423//1423
f 1426//1426 1417//1417 1414//1414
f 1427//1427 1421//1421 1418//1418
f 1427//1427 1418//1418 1424//1424
f 1427//1427 1423//1423 1421//1421
f 1428//1428 1419//1419 1425//1425
f 1429//1429 1420//1420 1417//1417
f 1429//1429 856//856 1420//1420
f 1429//1429 1417//1417 1426//1426
f 1430//1430 1426//1426 1423//1423
f 1430//1430 1423//1423 1427//1427
f 1431//1431 1425//1425 51//51
f 1432//1432 1422//1422 1419//1419
f 1432//1432 1419//1419 1428//1428
f 1433//1433 1429//1429 1426//1426
f 1433//1433 1426//1426 1430//1430
f 1434//1434 1425//1425 1431//1431
f 1434//1434 1428//1428 1425//1425
f 1435//1435 1422//1422 1432//1432
f 1435//1435 1424//1424 1422//1422
f 1436//1436 857//857 856//856
f 1436//1436 856//856 1429//1429
f 1436//1436 1429//1429 1433//1433
f 1437//1437 1432//1432 1428//1428
f 1437//1437 1428//1428 1434//1434
f 1437//1437 1435//1435 1432//1432
f 1438//1438 1424//1424 1435//1435
f 1438//1438 1427//1427 1424//1424
f 1439//1439 1435//1435 1437//1437
f 1440//1440 1427//1427 1438//1438
f 1440//1440 1430//1430 1427//1427
f 1441//1441 1431//1431 51//51
f 1441//1441 51//51 52//52
f 1442//1442 1438//1438 1435//1435
f 1442//1442 1435//1435 1439//1439
f 1443//1443 1430//1430 1440//1440
f 1443//1443 1433//1433 1430//1430
f 1444//1444 1431//1431 1441//1441
f 1444//1444 1434//1434 1431//1431
f 1444//1444 1437//1437 1434//1434
f 1445//1445 1440//1440 1438//1438
f 1445//1445 1438//1438 1442//1442
f 1445//1445 1443//1443 1440//1440
f 1446//1446 857//857 1436//1436
f 1446//1446 1436//1436 1433//1433
f 1446//1446 1433//1433 1443//1443
f 1447//1447 1441//1441 52//52
f 1448//1448 1437//1437 1444//1444
f 1449//1449 1443//1443 1445//1445
f 1449//1449 1446//1446 1443//1443
f 1450//1450 1441//1441 1447//1447
f 1450//1450 1444//1444 1441//1441
f 1451//1451 1439//1439 1437//1437
f 1451//1451 1437//1437 1448//1448
f 1452//1452 858//858 857//857
f 1452//1452 857//857 1446//1446
f 1452//1452 1446//1446 1449//1449
f 1453//1453 1451//1451 1448//1448
f 1453//1453 1444//1444 1450//1450
f 1453//1453 1448//1448 1444//1444
f 1454//1454 1442//1442 1439//1439
f 1454//1454 1445//1445 1442//1442
f 1454//1454 1439//1439 1451//1451
f 1455//1455 1451//1451 1453//1453
f 1456//1456 1445//1445 1454//1454
f 1457//1457 1454//1454 1451//1451
f 1457//1457 1451//1451 1455//1455
f 1457//1457 1456//1456 1454//1454
f 1458//1458 1447//1447 52//52
f 1458//1458 52//52 53//53
f 1459//1459 1445//1445 1456//1456
f 1459//1459 1449//1449 1445//1445
f 1459//1459 1452//1452 1449//1449
f 1460//1460 1459//1459 1456//1456
f 1460//1460 1456//1456 1457//1457
f 1461//1461 1453//1453 1450//1450
f 1461//1461 1458//1458 53//53
f 1461//1461 1447//1447 1458//1458
f 1461//1461 1450//1450 1447//1447
f 1462//1462 1452//1452 1459//1459
f 1462//1462 858//858 1452//1452
f 1463//1463 1459//1459 1460//1460
f 1464//1464 1453//1453 1461//1461
f 1465//1465 1462//1462 1459//1459
f 1465//1465 859//859 858//858
f 1465//1465 1459//1459 1463//1463
f 1465//1465 858//858 1462//1462
f 1466//1466 1455//1455 1453//1453
f 1466//1466 1453//1453 1464//1464
f 1467//1467 1455//1455 1466//1466
f 1467//1467 1457//1457 1455//1455
f 1468//1468 1460//1460 1457//1457
f 1468//1468 1457//1457 1467//1467
f 1468//1468 1463//1463 1460//1460
f 1469//1469 53//53 54//54
f 1470//1470 1463//1463 1468//1468
f 1471//1471 53//53 1469//1469
f 1471//1471 1469//1469 54//54
f 1471//1471 1461//1461 53//53
f 1472//1472 859//859 1465//1465
f 1472//1472 1465//1465 1463//1463
f 1472//1472 1463//1463 1470//1470
f 1473//1473 1464//1464 1461//1461
f 1473//1473 1466//1466 1464//1464
f 1473//1473 1461//1461 1471//1471
f 1474//1474 1466//1466 1473//1473
f 1475//1475 1467//1467 1466//1466
f 1475//1475 1468//1468 1467//1467
f 1475//1475 1466//1466 1474//1474
f 1476//1476 1470//1470 1468//1468
f 1476//1476 1468//1468 1475//1475
f 1477//1477 54//54 55//55
f 1478//1478 1470//1470 1476//1476
f 1479//1479 1471//1471 54//54
f 1479//1479 54//54 1477//1477
f 1479//1479 1477//1477 55//55
f 1480//1480 860//860 859//859
f 1480//1480 859//859 1472//1472
f 1480//1480 1472//1472 1470//1470
f 1480//1480 1470//1470 1478//1478
f 1481//1481 1474//1474 1473//1473
f 1481//1481 1473//1473 1471//1471
f 1481//1481 1471//1471 1479//1479
f 1482//1482 1474//1474 1481//1481
f 1483//1483 1475//1475 1474//1474
f 1483//1483 1474//1474 1482//1482
f 1484//1484 1476//1476 1475//1475
f 1484//1484 1475//1475 1483//1483
f 1485//1485 56//56 803//803
f 1485//1485 55//55 56//56
f 1485//1485 803//803 804//804
f 1486//1486 1476//1476 1484//1484
f 1486//1486 1478//1478 1476//1476
f 1486//1486 1480//1480 1478//1478
f 1487//1487 55//55 1485//1485
f 1487//1487 1485//1485 804//804
f 1487//1487 1479//1479 55//55
f 1488//1488 861//861 860//860
f 1488//1488 860//860 1480//1480
f 1488//1488 1480//1480 1486//1486
f 1489//1489 1481//1481 1479//1479
f 1489//1489 804//804 805//805
f 1489//1489 1487//1487 804//804
f 1489//1489 1479//1479 1487//1487
f 1490//1490 1481//1481 1489//1489
f 1490//1490 1482//1482 1481//1481
f 1490//1490 805//805 806//806
f 1490//1490 1489//1489 805//805
f 1491//1491 1482//1482 1490//1490
f 1491//1491 806//806 807//807
f 1491//1491 1483//1483 1482//1482
f 1491//1491 1490//1490 806//806
f 1492//1492 1483//1483 1491//1491
f 1492//1492 807//807 808//808
f 1492//1492 1491//1491 807//807
f 1492//1492 1484//1484 1483//1483
f 1493//1493 1492//1492 808//808
f 1493//1493 1484//1484 1492//1492
f 1493//1493 808//808 809//809
f 1493//1493 1486//1486 1484//1484
f 1494//1494 1488//1488 1486//1486
f 1494//1494 1486//1486 1493//1493
f 1494//1494 1493//1493 809//809
f 1494//1494 862//862 861//861
f 1494//1494 811//811 862//862
f 1494//1494 809//809 810//810
f 1494//1494 810//810 811//811
f 1494//1494 861//861 1488//1488
f 148//148 150//150 149//149
f 148//148 151//151 150//150
f 156//156 152//152 151//151
f 156//156 153//153 152//152
f 156//156 154//154 153//153
f 156//156 155//155 154//154
f 146//146 148//148 147//147
f 158//158 157//157 156//156
f 159//159 158//158 156//156
f 144//144 146//146 145//145
f 162//162 161//161 160//160
f 163//163 160//160 159//159
f 163//163 148//148 146//146
f 163//163 156//156 151//151
f 163//163 151//151 148//148
f 163//163 146//146 144//144
f 163//163 159//159 156//156
f 163//163 162//162 160//160
f 165//165 163//163 144//144
f 165//165 143//143 142//142
f 165//165 144//144 143//143
f 165//165 164//164 163//163
f 137//137 139//139 138//138
f 167//167 166//166 165//165
f 135//135 139//139 137//137
f 135//135 137//137 136//136
f 135//135 140//140 139//139
f 135//135 141//141 140//140
f 170//170 165//165 142//142
f 170//170 167//167 165//165
f 170//170 168//168 167//167
f 170//170 169//169 168//168
f 131//131 133//133 132//132
f 120//120 119//119 170//170
f 130//130 134//134 133//133
f 130//130 135//135 134//134
f 130//130 133//133 131//131
f 123//123 121//121 120//120
f 123//123 122//122 121//121
f 123//123 120//120 170//170
f 123//123 170//170 142//142
f 127//127 129//129 128//128
f 125//125 124//124 123//123
f 125//125 142//142 141//141
f 125//125 123//123 142//142
f 126//126 130//130 129//129
f 126//126 141//141 135//135
f 126//126 125//125 141//141
f 126//126 135//135 130//130
f 126//126 129//129 127//127
f 840//840 841//841 842//842
f 840//840 842//842 843//843
f 848//848 843//843 844//844
f 848//848 844//844 845//845
f 848//848 845//845 846//846
f 848//848 846//846 847//847
f 838//838 839//839 840//840
f 850//850 848//848 849//849
f 851//851 848//848 850//850
f 836//836 837//837 838//838
f 854//854 852//852 853//853
f 855//855 851//851 852//852
f 855//855 838//838 840//840
f 855//855 843//843 848//848
f 855//855 840//840 843//843
f 855//855 836//836 838//838
f 855//855 848//848 851//851
f 855//855 852//852 854//854
f 857//857 836//836 855//855
f 857//857 834//834 835//835
f 857//857 835//835 836//836
f 857//857 855//855 856//856
f 829//829 830//830 831//831
f 859//859 857//857 858//858
f 827//827 829//829 831//831
f 827//827 828//828 829//829
f 827//827 831//831 832//832
f 827//827 832//832 833//833
f 862//862 834//834 857//857
f 862//862 857//857 859//859
f 862//862 859//859 860//860
f 862//862 860//860 861//861
f 823//823 824//824 825//825
f 812//812 862//862 811//811
f 822//822 825//825 826//826
f 822//822 826//826 827//827
f 822//822 823//823 825//825
f 815//815 812//812 813//813
f 815//815 813//813 814//814
f 815//815 862//862 812//812
f 815//815 834//834 862//862
f 819//819 820//820 821//821
f 817//817 815//815 816//816
f 817//817 833//833 834//834
f 817//817 834//834 815//815
f 818//818 821//821 822//822
f 818//818 827//827 833//833
f 818//818 833//833 817//817
f 818//818 822//822 827//827
f 818//818 819//819 821//821
o cap
usemtl PLA_a8aaa8
v -0.03250 0.01570 0.01900
v -0.03250 0.01564 0.01987
v -0.03250 0.01547 0.02072
v -0.03250 0.01518 0.02154
v -0.03250 0.01479 0.02231
v -0.03250 0.01430 0.02303
v -0.03250 0.01372 0.02367
v -0.03250 0.01306 0.02423
v -0.03250 0.01232 0.02470
v -0.03250 0.01154 0.02507
v -0.03250 0.01071 0.02532
v -0.03250 0.00985 0.02547
v -0.03250 0.00898 0.02550
v -0.03250 0.00812 0.02541
v -0.03250 0.00727 0.02521
v -0.03250 0.00646 0.02490
v -0.03250 0.00570 0.02448
v -0.03250 0.00500 0.02396
v -0.03250 0.00438 0.02336
v -0.03250 0.00384 0.02268
v -0.03250 0.00340 0.02193
v -0.03250 0.00306 0.02113
v -0.03250 0.00283 0.02029
v -0.03250 0.00271 0.01943
v -0.03250 0.00271 0.01857
v -0.03250 0.00283 0.01771
v -0.03250 0.00306 0.01687
v -0.03250 0.00340 0.01607
v -0.03250 0.00384 0.01532
v -0.03250 0.00438 0.01464
v -0.03250 0.00500 0.01404
v -0.03250 0.00570 0.01352
v -0.03250 0.00646 0.01310
v -0.03250 0.00727 0.01279
v -0.03250 0.00812 0.01259
v -0.03250 0.00898 0.01250
v -0.03250 0.00985 0.01253
v -0.03250 0.01071 0.01268
v -0.03250 0.01154 0.01293
v -0.03250 0.01232 0.01330
v -0.03250 0.01306 0.01377
v -0.03250 0.01372 0.01433
v -0.03250 0.01430 0.01497
v -0.03250 0.01479 0.01569
v -0.03250 0.01518 0.01646
v -0.03250 0.01547 0.01728
v -0.03250 0.01564 0.01813
v -0.03290 0.01570 0.01900
v -0.03290 0.01564 0.01987
v -0.03290 0.01547 0.02072
v -0.03290 0.01518 0.02154
v -0.03290 0.01479 0.02231
v -0.03290 0.01430 0.02303
v -0.03290 0.01372 0.02367
v -0.03290 0.01306 0.02423
v -0.03290 0.01232 0.02470
v -0.03290 0.01154 0.02507
v -0.03290 0.01071 0.02532
v -0.03290 0.00985 0.02547
v -0.03290 0.00898 0.02550
v -0.03290 0.00812 0.02541
v -0.03290 0.00727 0.02521
v -0.03290 0.00646 0.02490
v -0.03290 0.00570 0.02448
v -0.03290 0.00500 0.02396
v -0.03290 0.00438 0.02336
v -0.03290 0.00384 0.02268
v -0.03290 0.00340 0.02193
v -0.03290 0.00306 0.02113
v -0.03290 0.00283 0.02029
v -0.03290 0.00271 0.01943
v -0.03290 0.00271 0.01857
v -0.03290 0.00283 0.01771
v -0.03290 0.00306 0.01687
v -0.03290 0.00340 0.01607
v -0.03290 0.00384 0.01532
v -0.03290 0.00438 0.01464
v -0.03290 0.00500 0.01404
v -0.03290 0.00570 0.01352
v -0.03290 0.00646 0.01310
v -0.03290 0.00727 0.01279
v -0.03290 0.00812 0.01259
v -0.03290 0.00898 0.01250
v -0.03290 0.00985 0.01253
v -0.03290 0.01071 0.01268
v -0.03290 0.01154 0.01293
v -0.03290 0.01232 0.01330
v -0.03290 0.01306 0.01377
v -0.03290 0.01372 0.01433
v -0.03290 0.01430 0.01497
v -0.03290 0.01479 0.01569
v -0.03290 0.01518 0.01646
v -0.03290 0.01547 0.01728
v -0.03290 0.01564 0.01813
vn -0.0000 1.0000 -0.0000
vn 0.0000 0.9911 0.1333
vn 0.0000 0.9645 0.2642
vn 0.0000 0.9206 0.3904
vn 0.0000 0.8604 0.5096
vn 0.0000 0.7848 0.6197
vn 0.0000 0.6952 0.7188
vn 0.0000 0.5932 0.8051
vn 0.0000 0.4806 0.8769
vn 0.0000 0.3594 0.9332
vn 0.0000 0.2318 0.9728
vn 0.0000 0.1001 0.9950
vn 0.0000 -0.0334 0.9994
vn 0.0000 -0.1663 0.9861
vn 0.0000 -0.2963 0.9551
vn 0.0000 -0.4209 0.9071
vn 0.0000 -0.5381 0.8429
vn 0.0000 -0.6456 0.7637
vn 0.0000 -0.7417 0.6708
vn 0.0000 -0.8244 0.5659
vn 0.0000 -0.8925 0.4510
vn 0.0000 -0.9447 0.3280
vn 0.0000 -0.9800 0.1992
vn 0.0000 -0.9978 0.0668
vn 0.0000 -0.9978 -0.0668
vn 0.0000 -0.9800 -0.1992
vn 0.0000 -0.9447 -0.3280
vn 0.0000 -0.8925 -0.4510
vn 0.0000 -0.8244 -0.5659
vn 0.0000 -0.7417 -0.6708
vn 0.0000 -0.6456 -0.7637
vn 0.0000 -0.5381 -0.8429
vn 0.0000 -0.4209 -0.9071
vn 0.0000 -0.2963 -0.9551
vn 0.0000 -0.1663 -0.9861
vn 0.0000 -0.0334 -0.9994
vn -0.0000 0.1001 -0.9950
vn -0.0000 0.2318 -0.9728
vn -0.0000 0.3594 -0.9332
vn -0.0000 0.4806 -0.8769
vn -0.0000 0.5932 -0.8051
vn -0.0000 0.6952 -0.7188
vn -0.0000 0.7848 -0.6197
vn -0.0000 0.8604 -0.5096
vn -0.0000 0.9206 -0.3904
vn -0.0000 0.9645 -0.2642
vn -0.0000 0.9911 -0.1333
vn -0.0000 1.0000 -0.0000
vn 0.0000 0.9911 0.1333
vn 0.0000 0.9645 0.2642
vn 0.0000 0.9206 0.3904
vn 0.0000 0.8604 0.5096
vn 0.0000 0.7848 0.6197
vn 0.0000 0.6952 0.7188
vn 0.0000 0.5932 0.8051
vn 0.0000 0.4806 0.8769
vn 0.0000 0.3594 0.9332
vn 0.0000 0.2318 0.9728
vn 0.0000 0.1001 0.9950
vn 0.0000 -0.0334 0.9994
vn 0.0000 -0.1663 0.9861
vn 0.0000 -0.2963 0.9551
vn 0.0000 -0.4209 0.9071
vn 0.0000 -0.5381 0.8429
vn 0.0000 -0.6456 0.7637
vn 0.0000 -0.7417 0.6708
vn 0.0000 -0.8244 0.5659
vn 0.0000 -0.8925 0.4510
vn 0.0000 -0.9447 0.3280
vn 0.0000 -0.9800 0.1992
vn 0.0000 -0.9978 0.0668
vn 0.0000 -0.9978 -0.0668
vn 0.0000 -0.9800 -0.1992
vn 0.0000 -0.9447 -0.3280
vn 0.0000 -0.8925 -0.4510
vn 0.0000 -0.8244 -0.5659
vn 0.0000 -0.7417 -0.6708
vn 0.0000 -0.6456 -0.7637
vn 0.0000 -0.5381 -0.8429
vn 0.0000 -0.4209 -0.9071
vn 0.0000 -0.2963 -0.9551
vn 0.0000 -0.1663 -0.9861
vn 0.0000 -0.0334 -0.9994
vn -0.0000 0.1001 -0.9950
vn -0.0000 0.2318 -0.9728
vn -0.0000 0.3594 -0.9332
vn -0.0000 0.4806 -0.8769
vn -0.0000 0.5932 -0.8051
vn -0.0000 0.6952 -0.7188
vn -0.0000 0.7848 -0.6197
vn -0.0000 0.8604 -0.5096
vn -0.0000 0.9206 -0.3904
vn -0.0000 0.9645 -0.2642
vn -0.0000 0.9911 -0.1333
f 1496//1496 1495//1495 1542//1542
f 1496//1496 1542//1542 1543//1543
f 1497//1497 1496//1496 1543//1543
f 1497//1497 1543//1543 1544//1544
f 1498//1498 1497//1497 1544//1544
f 1498//1498 1544//1544 1545//1545
f 1499//1499 1498//1498 1545//1545
f 1499//1499 1545//1545 1546//1546
f 1500//1500 1499//1499 1546//1546
f 1500//1500 1546//1546 1547//1547
f 1501//1501 1500//1500 1547//1547
f 1501//1501 1547//1547 1548//1548
f 1502//1502 1501//1501 1548//1548
f 1502//1502 1548//1548 1549//1549
f 1503//1503 1502//1502 1549//1549
f 1503//1503 1549//1549 1550//1550
f 1504//1504 1503//1503 1550//1550
f 1504//1504 1550//1550 1551//1551
f 1504//1504 1551//1551 1552//1552
f 1505//1505 1504//1504 1552//1552
f 1506//1506 1505//1505 1552//1552
f 1506//1506 1552//1552 1553//1553
f 1507//1507 1506//1506 1553//1553
f 1507//1507 1553//1553 1554//1554
f 1508//1508 1507//1507 1554//1554
f 1508//1508 1554//1554 1555//1555
f 1509//1509 1508//1508 1555//1555
f 1509//1509 1555//1555 1556//1556
f 1510//1510 1509//1509 1556//1556
f 1510//1510 1556//1556 1557//1557
f 1511//1511 1557//1557 1558//1558
f 1511//1511 1510//1510 1557//1557
f 1512//1512 1558//1558 1559//1559
f 1512//1512 1511//1511 1558//1558
f 1513//1513 1559//1559 1560//1560
f 1513//1513 1560//1560 1561//1561
f 1513//1513 1512//1512 1559//1559
f 1514//1514 1513//1513 1561//1561
f 1515//1515 1561//1561 1562//1562
f 1515//1515 1514//1514 1561//1561
f 1516//1516 1562//1562 1563//1563
f 1516//1516 1515//1515 1562//1562
f 1517//1517 1563//1563 1564//1564
f 1517//1517 1516//1516 1563//1563
f 1518//1518 1564//1564 1565//1565
f 1518//1518 1565//1565 1566//1566
f 1518//1518 1517//1517 1564//1564
f 1519//1519 1518//1518 1566//1566
f 1520//1520 1566//1566 1567//1567
f 1520//1520 1519//1519 1566//1566
f 1521//1521 1520//1520 1567//1567
f 1521//1521 1567//1567 1568//1568
f 1521//1521 1568//1568 1569//1569
f 1522//1522 1521//1521 1569//1569
f 1523//1523 1522//1522 1569//1569
f 1523//1523 1569//1569 1570//1570
f 1524//1524 1523//1523 1570//1570
f 1524//1524 1570//1570 1571//1571
f 1525//1525 1524//1524 1571//1571
f 1525//1525 1571//1571 1572//1572
f 1526//1526 1525//1525 1572//1572
f 1526//1526 1572//1572 1573//1573
f 1527//1527 1526//1526 1573//1573
f 1527//1527 1573//1573 1574//1574
f 1528//1528 1527//1527 1574//1574
f 1528//1528 1574//1574 1575//1575
f 1529//1529 1528//1528 1575//1575
f 1529//1529 1575//1575 1576//1576
f 1530//1530 1529//1529 1576//1576
f 1530//1530 1576//1576 1577//1577
f 1531//1531 1530//1530 1577//1577
f 1531//1531 1577//1577 1578//1578
f 1532//1532 1531//1531 1578//1578
f 1532//1532 1578//1578 1579//1579
f 1533//1533 1532//1532 1579//1579
f 1533//1533 1579//1579 1580//1580
f 1534//1534 1533//1533 1580//1580
f 1534//1534 1580//1580 1581//1581
f 1535//1535 1534//1534 1581//1581
f 1535//1535 1581//1581 1582//1582
f 1536//1536 1535//1535 1582//1582
f 1536//1536 1582//1582 1583//1583
f 1537//1537 1536//1536 1583//1583
f 1537//1537 1583//1583 1584//1584
f 1538//1538 1537//1537 1584//1584
f 1538//1538 1584//1584 1585//1585
f 1539//1539 1538//1538 1585//1585
f 1539//1539 1585//1585 1586//1586
f 1540//1540 1539//1539 1586//1586
f 1540//1540 1586//1586 1587//1587
f 1541//1541 1540//1540 1587//1587
f 1541//1541 1587//1587 1588//1588
f 1495//1495 1541//1541 1588//1588
f 1495//1495 1588//1588 1542//1542
f 1528//1528 1524//1524 1525//1525
f 1528//1528 1525//1525 1526//1526
f 1528//1528 1526//1526 1527//1527
f 1520//1520 1521//1521 1522//1522
f 1520//1520 1522//1522 1523//1523
f 1519//1519 1523//1523 1524//1524
f 1519//1519 1520//1520 1523//1523
f 1532//1532 1528//1528 1529//1529
f 1532//1532 1529//1529 1530//1530
f 1532//1532 1530//1530 1531//1531
f 1515//1515 1516//1516 1517//1517
f 1515//1515 1517//1517 1518//1518
f 1514//1514 1515//1515 1518//1518
f 1535//1535 1532//1532 1533//1533
f 1535//1535 1533//1533 1534//1534
f 1536//1536 1528//1528 1532//1532
f 1536//1536 1532//1532 1535//1535
f 1510//1510 1511//1511 1512//1512
f 1510//1510 1512//1512 1513//1513
f 1539//1539 1537//1537 1538//1538
f 1541//1541 1536//1536 1537//1537
f 1541//1541 1539//1539 1540//1540
f 1541//1541 1524//1524 1528//1528
f 1541//1541 1519//1519 1524//1524
f 1541//1541 1528//1528 1536//1536
f 1541//1541 1537//1537 1539//1539
f 1496//1496 1541//1541 1495//1495
f 1497//1497 1519//1519 1541//1541
f 1497//1497 1518//1518 1519//1519
f 1497//1497 1541//1541 1496//1496
f 1497//1497 1514//1514 1518//1518
f 1504//1504 1505//1505 1506//1506
f 1504//1504 1506//1506 1507//1507
f 1504//1504 1507//1507 1508//1508
f 1504//1504 1508//1508 1509//1509
f 1504//1504 1509//1509 1510//1510
f 1504//1504 1513//1513 1514//1514
f 1504//1504 1510//1510 1513//1513
f 1500//1500 1497//1497 1498//1498
f 1500//1500 1498//1498 1499//1499
f 1500//1500 1514//1514 1497//1497
f 1501//1501 1502//1502 1503//1503
f 1501//1501 1503//1503 1504//1504
f 1501//1501 1504//1504 1514//1514
f 1501//1501 1514//1514 1500//1500
f 1575//1575 1572//1572 1571//1571
f 1575//1575 1573//1573 1572//1572
f 1575//1575 1574//1574 1573//1573
f 1567//1567 1569//1569 1568//1568
f 1567//1567 1570//1570 1569//1569
f 1566//1566 1571//1571 1570//1570
f 1566//1566 1570//1570 1567//1567
f 1579//1579 1576//1576 1575//1575
f 1579//1579 1577//1577 1576//1576
f 1579//1579 1578//1578 1577//1577
f 1562//1562 1564//1564 1563//1563
f 1562//1562 1565//1565 1564//1564
f 1561//1561 1565//1565 1562//1562
f 1582//1582 1580//1580 1579//1579
f 1582//1582 1581//1581 1580//1580
f 1583//1583 1579//1579 1575//1575
f 1583//1583 1582//1582 1579//1579
f 1557//1557 1559//1559 1558//1558
f 1557//1557 1560//1560 1559//1559
f 1586//1586 1585//1585 1584//1584
f 1588//1588 1584//1584 1583//1583
f 1588//1588 1587//1587 1586//1586
f 1588//1588 1575//1575 1571//1571
f 1588//1588 1571//1571 1566//1566
f 1588//1588 1583//1583 1575//1575
f 1588//1588 1586//1586 1584//1584
f 1543//1543 1542//1542 1588//1588
f 1544//1544 1588//1588 1566//1566
f 1544//1544 1566//1566 1565//1565
f 1544//1544 1543//1543 1588//1588
f 1544//1544 1565//1565 1561//1561
f 1551//1551 1553//1553 1552//1552
f 1551//1551 1554//1554 1553//1553
f 1551//1551 1555//1555 1554//1554
f 1551//1551 1556//1556 1555//1555
f 1551//1551 1557//1557 1556//1556
f 1551//1551 1561//1561 1560//1560
f 1551//1551 1560//1560 1557//1557
f 1547//1547 1545//1545 1544//1544
f 1547//1547 1546//1546 1545//1545
f 1547//1547 1544//1544 1561//1561
f 1548//1548 1550//1550 1549//1549
f 1548//1548 1551//1551 1550//1550
f 1548//1548 1561//1561 1551//1551
f 1548//1548 1547//1547 1561//1561
o cap_2
usemtl PLA_a8aaa8
v 0.03290 0.01570 0.01900
v 0.03290 0.01564 0.01987
v 0.03290 0.01547 0.02072
v 0.03290 0.01518 0.02154
v 0.03290 0.01479 0.02231
v 0.03290 0.01430 0.02303
v 0.03290 0.01372 0.02367
v 0.03290 0.01306 0.02423
v 0.03290 0.01232 0.02470
v 0.03290 0.01154 0.02507
v 0.03290 0.01071 0.02532
v 0.03290 0.00985 0.02547
v 0.03290 0.00898 0.02550
v 0.03290 0.00812 0.02541
v 0.03290 0.00727 0.02521
v 0.03290 0.00646 0.02490
v 0.03290 0.00570 0.02448
v 0.03290 0.00500 0.02396
v 0.03290 0.00438 0.02336
v 0.03290 0.00384 0.02268
v 0.03290 0.00340 0.02193
v 0.03290 0.00306 0.02113
v 0.03290 0.00283 0.02029
v 0.03290 0.00271 0.01943
v 0.03290 0.00271 0.01857
v 0.03290 0.00283 0.01771
v 0.03290 0.00306 0.01687
v 0.03290 0.00340 0.01607
v 0.03290 0.00384 0.01532
v 0.03290 0.00438 0.01464
v 0.03290 0.00500 0.01404
v 0.03290 0.00570 0.01352
v 0.03290 0.00646 0.01310
v 0.03290 0.00727 0.01279
v 0.03290 0.00812 0.01259
v 0.03290 0.00898 0.01250
v 0.03290 0.00985 0.01253
v 0.03290 0.01071 0.01268
v 0.03290 0.01154 0.01293
v 0.03290 0.01232 0.01330
v 0.03290 0.01306 0.01377
v 0.03290 0.01372 0.01433
v 0.03290 0.01430 0.01497
v 0.03290 0.01479 0.01569
v 0.03290 0.01518 0.01646
v 0.03290 0.01547 0.01728
v 0.03290 0.01564 0.01813
v 0.03250 0.01570 0.01900
v 0.03250 0.01564 0.01987
v 0.03250 0.01547 0.02072
v 0.03250 0.01518 0.02154
v 0.03250 0.01479 0.02231
v 0.03250 0.01430 0.02303
v 0.03250 0.01372 0.02367
v 0.03250 0.01306 0.02423
v 0.03250 0.01232 0.02470
v 0.03250 0.01154 0.02507
v 0.03250 0.01071 0.02532
v 0.03250 0.00985 0.02547
v 0.03250 0.00898 0.02550
v 0.03250 0.00812 0.02541
v 0.03250 0.00727 0.02521
v 0.03250 0.00646 0.02490
v 0.03250 0.00570 0.02448
v 0.03250 0.00500 0.02396
v 0.03250 0.00438 0.02336
v 0.03250 0.00384 0.02268
v 0.03250 0.00340 0.02193
v 0.03250 0.00306 0.02113
v 0.03250 0.00283 0.02029
v 0.03250 0.00271 0.01943
v 0.03250 0.00271 0.01857
v 0.03250 0.00283 0.01771
v 0.03250 0.00306 0.01687
v 0.03250 0.00340 0.01607
v 0.03250 0.00384 0.01532
v 0.03250 0.00438 0.01464
v 0.03250 0.00500 0.01404
v 0.03250 0.00570 0.01352
v 0.03250 0.00646 0.01310
v 0.03250 0.00727 0.01279
v 0.03250 0.00812 0.01259
v 0.03250 0.00898 0.01250
v 0.03250 0.00985 0.01253
v 0.03250 0.01071 0.01268
v 0.03250 0.01154 0.01293
v 0.03250 0.01232 0.01330
v 0.03250 0.01306 0.01377
v 0.03250 0.01372 0.01433
v 0.03250 0.01430 0.01497
v 0.03250 0.01479 0.01569
v 0.03250 0.01518 0.01646
v 0.03250 0.01547 0.01728
v 0.03250 0.01564 0.01813
vn -0.0000 1.0000 -0.0000
vn 0.0000 0.9911 0.1333
vn 0.0000 0.9645 0.2642
vn 0.0000 0.9206 0.3904
vn 0.0000 0.8604 0.5096
vn 0.0000 0.7848 0.6197
vn 0.0000 0.6952 0.7188
vn 0.0000 0.5932 0.8051
vn 0.0000 0.4806 0.8769
vn 0.0000 0.3594 0.9332
vn 0.0000 0.2318 0.9728
vn 0.0000 0.1001 0.9950
vn 0.0000 -0.0334 0.9994
vn 0.0000 -0.1663 0.9861
vn 0.0000 -0.2963 0.9551
vn 0.0000 -0.4209 0.9071
vn 0.0000 -0.5381 0.8429
vn 0.0000 -0.6456 0.7637
vn 0.0000 -0.7417 0.6708
vn 0.0000 -0.8244 0.5659
vn 0.0000 -0.8925 0.4510
vn 0.0000 -0.9447 0.3280
vn 0.0000 -0.9800 0.1992
vn 0.0000 -0.9978 0.0668
vn 0.0000 -0.9978 -0.0668
vn 0.0000 -0.9800 -0.1992
vn 0.0000 -0.9447 -0.3280
vn 0.0000 -0.8925 -0.4510
vn 0.0000 -0.8244 -0.5659
vn 0.0000 -0.7417 -0.6708
vn 0.0000 -0.6456 -0.7637
vn 0.0000 -0.5381 -0.8429
vn 0.0000 -0.4209 -0.9071
vn 0.0000 -0.2963 -0.9551
vn 0.0000 -0.1663 -0.9861
vn 0.0000 -0.0334 -0.9994
vn -0.0000 0.1001 -0.9950
vn -0.0000 0.2318 -0.9728
vn -0.0000 0.3594 -0.9332
vn -0.0000 0.4806 -0.8769
vn -0.0000 0.5932 -0.8051
vn -0.0000 0.6952 -0.7188
vn -0.0000 0.7848 -0.6197
vn -0.0000 0.8604 -0.5096
vn -0.0000 0.9206 -0.3904
vn -0.0000 0.9645 -0.2642
vn -0.0000 0.9911 -0.1333
vn -0.0000 1.0000 -0.0000
vn 0.0000 0.9911 0.1333
vn 0.0000 0.9645 0.2642
vn 0.0000 0.9206 0.3904
vn 0.0000 0.8604 0.5096
vn 0.0000 0.7848 0.6197
vn 0.0000 0.6952 0.7188
vn 0.0000 0.5932 0.8051
vn 0.0000 0.4806 0.8769
vn 0.0000 0.3594 0.9332
vn 0.0000 0.2318 0.9728
vn 0.0000 0.1001 0.9950
vn 0.0000 -0.0334 0.9994
vn 0.0000 -0.1663 0.9861
vn 0.0000 -0.2963 0.9551
vn 0.0000 -0.4209 0.9071
vn 0.0000 -0.5381 0.8429
vn 0.0000 -0.6456 0.7637
vn 0.0000 -0.7417 0.6708
vn 0.0000 -0.8244 0.5659
vn 0.0000 -0.8925 0.4510
vn 0.0000 -0.9447 0.3280
vn 0.0000 -0.9800 0.1992
vn 0.0000 -0.9978 0.0668
vn 0.0000 -0.9978 -0.0668
vn 0.0000 -0.9800 -0.1992
vn 0.0000 -0.9447 -0.3280
vn 0.0000 -0.8925 -0.4510
vn 0.0000 -0.8244 -0.5659
vn 0.0000 -0.7417 -0.6708
vn 0.0000 -0.6456 -0.7637
vn 0.0000 -0.5381 -0.8429
vn 0.0000 -0.4209 -0.9071
vn 0.0000 -0.2963 -0.9551
vn 0.0000 -0.1663 -0.9861
vn 0.0000 -0.0334 -0.9994
vn -0.0000 0.1001 -0.9950
vn -0.0000 0.2318 -0.9728
vn -0.0000 0.3594 -0.9332
vn -0.0000 0.4806 -0.8769
vn -0.0000 0.5932 -0.8051
vn -0.0000 0.6952 -0.7188
vn -0.0000 0.7848 -0.6197
vn -0.0000 0.8604 -0.5096
vn -0.0000 0.9206 -0.3904
vn -0.0000 0.9645 -0.2642
vn -0.0000 0.9911 -0.1333
f 1590//1590 1589//1589 1636//1636
f 1590//1590 1636//1636 1637//1637
f 1591//1591 1590//1590 1637//1637
f 1591//1591 1637//1637 1638//1638
f 1592//1592 1591//1591 1638//1638
f 1592//1592 1638//1638 1639//1639
f 1593//1593 1592//1592 1639//1639
f 1593//1593 1639//1639 1640//1640
f 1594//1594 1593//1593 1640//1640
f 1594//1594 1640//1640 1641//1641
f 1595//1595 1594//1594 1641//1641
f 1595//1595 1641//1641 1642//1642
f 1596//1596 1595//1595 1642//1642
f 1596//1596 1642//1642 1643//1643
f 1597//1597 1596//1596 1643//1643
f 1597//1597 1643//1643 1644//1644
f 1598//1598 1597//1597 1644//1644
f 1598//1598 1644//1644 1645//1645
f 1598//1598 1645//1645 1646//1646
f 1599//1599 1598//1598 1646//1646
f 1600//1600 1599//1599 1646//1646
f 1600//1600 1646//1646 1647//1647
f 1601//1601 1600//1600 1647//1647
f 1601//1601 1647//1647 1648//1648
f 1602//1602 1601//1601 1648//1648
f 1602//1602 1648//1648 1649//1649
f 1603//1603 1602//1602 1649//1649
f 1603//1603 1649//1649 1650//1650
f 1604//1604 1603//1603 1650//1650
f 1604//1604 1650//1650 1651//1651
f 1605//1605 1651//1651 1652//1652
f 1605//1605 1604//1604 1651//1651
f 1606//1606 1652//1652 1653//1653
f 1606//1606 1605//1605 1652//1652
f 1607//1607 1653//1653 1654//1654
f 1607//1607 1654//1654 1655//1655
f 1607//1607 1606//1606 1653//1653
f 1608//1608 1607//1607 1655//1655
f 1609//1609 1655//1655 1656//1656
f 1609//1609 1608//1608 1655//1655
f 1610//1610 1656//1656 1657//1657
f 1610//1610 1609//1609 1656//1656
f 1611//1611 1657//1657 1658//1658
f 1611//1611 1610//1610 1657//1657
f 1612//1612 1658//1658 1659//1659
f 1612//1612 1659//1659 1660//1660
f 1612//1612 1611//1611 1658//1658
f 1613//1613 1612//1612 1660//1660
f 1614//1614 1660//1660 1661//1661
f 1614//1614 1613//1613 1660//1660
f 1615//1615 1614//1614 1661//1661
f 1615//1615 1661//1661 1662//1662
f 1615//1615 1662//1662 1663//1663
f 1616//1616 1615//1615 1663//1663
f 1617//1617 1616//1616 1663//1663
f 1617//1617 1663//1663 1664//1664
f 1618//1618 1617//1617 1664//1664
f 1618//1618 1664//1664 1665//1665
f 1619//1619 1618//1618 1665//1665
f 1619//1619 1665//1665 1666//1666
f 1620//1620 1619//1619 1666//1666
f 1620//1620 1666//1666 1667//1667
f 1621//1621 1620//1620 1667//1667
f 1621//1621 1667//1667 1668//1668
f 1622//1622 1621//1621 1668//1668
f 1622//1622 1668//1668 1669//1669
f 1623//1623 1622//1622 1669//1669
f 1623//1623 1669//1669 1670//1670
f 1624//1624 1623//1623 1670//1670
f 1624//1624 1670//1670 1671//1671
f 1625//1625 1624//1624 1671//1671
f 1625//1625 1671//1671 1672//1672
f 1626//1626 1625//1625 1672//1672
f 1626//1626 1672//1672 1673//1673
f 1627//1627 1626//1626 1673//1673
f 1627//1627 1673//1673 1674//1674
f 1628//1628 1627//1627 1674//1674
f 1628//1628 1674//1674 1675//1675
f 1629//1629 1628//1628 1675//1675
f 1629//1629 1675//1675 1676//1676
f 1630//1630 1629//1629 1676//1676
f 1630//1630 1676//1676 1677//1677
f 1631//1631 1630//1630 1677//1677
f 1631//1631 1677//1677 1678//1678
f 1632//1632 1631//1631 1678//1678
f 1632//1632 1678//1678 1679//1679
f 1633//1633 1632//1632 1679//1679
f 1633//1633 1679//1679 1680//1680
f 1634//1634 1633//1633 1680//1680
f 1634//1634 1680//1680 1681//1681
f 1635//1635 1634//1634 1681//1681
f 1635//1635 1681//1681 1682//1682
f 1589//1589 1635//1635 1682//1682
f 1589//1589 1682//1682 1636//1636
f 1622//1622 1618//1618 1619//1619
f 1622//1622 1619//1619 1620//1620
f 1622//1622 1620//1620 1621//1621
f 1614//1614 1615//1615 1616//1616
f 1614//1614 1616//1616 1617//1617
f 1613//1613 1617//1617 1618//1618
f 1613//1613 1614//1614 1617//1617
f 1626//1626 1622//1622 1623//1623
f 1626//1626 1623//1623 1624//1624
f 1626//1626 1624//1624 1625//1625
f 1609//1609 1610//1610 1611//1611
f 1609//1609 1611//1611 1612//1612
f 1608//1608 1609//1609 1612//1612
f 1629//1629 1626//1626 1627//1627
f 1629//1629 1627//1627 1628//1628
f 1630//1630 1622//1622 1626//1626
f 1630//1630 1626//1626 1629//1629
f 1604//1604 1605//1605 1606//1606
f 1604//1604 1606//1606 1607//1607
f 1633//1633 1631//1631 1632//1632
f 1635//1635 1630//1630 1631//1631
f 1635//1635 1633//1633 1634//1634
f 1635//1635 1618//1618 1622//1622
f 1635//1635 1613//1613 1618//1618
f 1635//1635 1622//1622 1630//1630
f 1635//1635 1631//1631 1633//1633
f 1590//1590 1635//1635 1589//1589
f 1591//1591 1613//1613 1635//1635
f 1591//1591 1612//1612 1613//1613
f 1591//1591 1635//1635 1590//1590
f 1591//1591 1608//1608 1612//1612
f 1598//1598 1599//1599 1600//1600
f 1598//1598 1600//1600 1601//1601
f 1598//1598 1601//1601 1602//1602
f 1598//1598 1602//1602 1603//1603
f 1598//1598 1603//1603 1604//1604
f 1598//1598 1607//1607 1608//1608
f 1598//1598 1604//1604 1607//1607
f 1594//1594 1591//1591 1592//1592
f 1594//1594 1592//1592 1593//1593
f 1594//1594 1608//1608 1591//1591
f 1595//1595 1596//1596 1597//1597
f 1595//1595 1597//1597 1598//1598
f 1595//1595 1598//1598 1608//1608
f 1595//1595 1608//1608 1594//1594
f 1669//1669 1666//1666 1665//1665
f 1669//1669 1667//1667 1666//1666
f 1669//1669 1668//1668 1667//1667
f 1661//1661 1663//1663 1662//1662
f 1661//1661 1664//1664 1663//1663
f 1660//1660 1665//1665 1664//1664
f 1660//1660 1664//1664 1661//1661
f 1673//1673 1670//1670 1669//1669
f 1673//1673 1671//1671 1670//1670
f 1673//1673 1672//1672 1671//1671
f 1656//1656 1658//1658 1657//1657
f 1656//1656 1659//1659 1658//1658
f 1655//1655 1659//1659 1656//1656
f 1676//1676 1674//1674 1673//1673
f 1676//1676 1675//1675 1674//1674
f 1677//1677 1673//1673 1669//1669
f 1677//1677 1676//1676 1673//1673
f 1651//1651 1653//1653 1652//1652
f 1651//1651 1654//1654 1653//1653
f 1680//1680 1679//1679 1678//1678
f 1682//1682 1678//1678 1677//1677
f 1682//1682 1681//1681 1680//1680
f 1682//1682 1669//1669 1665//1665
f 1682//1682 1665//1665 1660//1660
f 1682//1682 1677//1677 1669//1669
f 1682//1682 1680//1680 1678//1678
f 1637//1637 1636//1636 1682//1682
f 1638//1638 1682//1682 1660//1660
f 1638//1638 1660//1660 1659//1659
f 1638//1638 1637//1637 1682//1682
f 1638//1638 1659//1659 1655//1655
f 1645//1645 1647//1647 1646//1646
f 1645//1645 1648//1648 1647//1647
f 1645//1645 1649//1649 1648//1648
f 1645//1645 1650//1650 1649//1649
f 1645//1645 1651//1651 1650//1650
f 1645//1645 1655//1655 1654//1654
f 1645//1645 1654//1654 1651//1651
f 1641//1641 1639//1639 1638//1638
f 1641//1641 1640//1640 1639//1639
f 1641//1641 1638//1638 1655//1655
f 1642//1642 1644//1644 1643//1643
f 1642//1642 1645//1645 1644//1644
f 1642//1642 1655//1655 1645//1645
f 1642//1642 1641//1641 1655//1655
o cell_2
usemtl PLA_285bb7
v -0.03150 0.01820 -0.00000
v 0.03150 0.01820 -0.00000
v 0.03150 0.01814 0.00103
v 0.03150 0.01797 0.00204
v 0.03150 0.01768 0.00302
v 0.03150 0.01728 0.00397
v 0.03150 0.01677 0.00487
v 0.03150 0.01617 0.00570
v 0.03150 0.01547 0.00645
v 0.03150 0.01470 0.00713
v 0.03150 0.01385 0.00771
v 0.03150 0.01294 0.00819
v 0.03150 0.01198 0.00856
v 0.03150 0.01099 0.00882
v 0.03150 0.00997 0.00897
v 0.03150 0.00894 0.00900
v 0.03150 0.00792 0.00891
v 0.03150 0.00691 0.00870
v 0.03150 0.00593 0.00839
v 0.03150 0.00500 0.00796
v 0.03150 0.00412 0.00743
v 0.03150 0.00331 0.00680
v 0.03150 0.00257 0.00609
v 0.03150 0.00192 0.00529
v 0.03150 0.00136 0.00443
v 0.03150 0.00091 0.00350
v 0.03150 0.00056 0.00254
v 0.03150 0.00033 0.00153
v 0.03150 0.00021 0.00051
v 0.03150 0.00021 -0.00051
v 0.03150 0.00033 -0.00153
v 0.03150 0.00056 -0.00254
v 0.03150 0.00091 -0.00350
v 0.03150 0.00136 -0.00443
v 0.03150 0.00192 -0.00529
v 0.03150 0.00257 -0.00609
v 0.03150 0.00331 -0.00680
v 0.03150 0.00412 -0.00743
v 0.03150 0.00500 -0.00796
v 0.03150 0.00593 -0.00839
v 0.03150 0.00691 -0.00870
v 0.03150 0.00792 -0.00891
v 0.03150 0.00894 -0.00900
v 0.03150 0.00997 -0.00897
v 0.03150 0.01099 -0.00882
v 0.03150 0.01198 -0.00856
v 0.03150 0.01294 -0.00819
v 0.03150 0.01385 -0.00771
v 0.03150 0.01470 -0.00713
v 0.03150 0.01547 -0.00645
v 0.03150 0.01617 -0.00570
v 0.03150 0.01677 -0.00487
v 0.03150 0.01728 -0.00397
v 0.03150 0.01768 -0.00302
v 0.03150 0.01797 -0.00204
v 0.03150 0.01814 -0.00103
v -0.03150 0.01814 0.00103
v -0.03150 0.01797 0.00204
v -0.03150 0.01768 0.00302
v -0.03150 0.01728 0.00397
v -0.03150 0.01677 0.00487
v -0.03150 0.01617 0.00570
v -0.03150 0.01547 0.00645
v -0.03150 0.01470 0.00713
v -0.03150 0.01385 0.00771
v -0.03150 0.01294 0.00819
v -0.03150 0.01198 0.00856
v -0.03150 0.01099 0.00882
v -0.03150 0.00997 0.00897
v -0.03150 0.00894 0.00900
v -0.03150 0.00792 0.00891
v -0.03150 0.00691 0.00870
v -0.03150 0.00593 0.00839
v -0.03150 0.00500 0.00796
v -0.03150 0.00412 0.00743
v -0.03150 0.00331 0.00680
v -0.03150 0.00257 0.00609
v -0.03150 0.00192 0.00529
v -0.03150 0.00136 0.00443
v -0.03150 0.00091 0.00350
v -0.03150 0.00056 0.00254
v -0.03150 0.00033 0.00153
v -0.03150 0.00021 0.00051
v -0.03150 0.00021 -0.00051
v -0.03150 0.00033 -0.00153
v -0.03150 0.00056 -0.00254
v -0.03150 0.00091 -0.00350
v -0.03150 0.00136 -0.00443
v -0.03150 0.00192 -0.00529
v -0.03150 0.00257 -0.00609
v -0.03150 0.00331 -0.00680
v -0.03150 0.00412 -0.00743
v -0.03150 0.00500 -0.00796
v -0.03150 0.00593 -0.00839
v -0.03150 0.00691 -0.00870
v -0.03150 0.00792 -0.00891
v -0.03150 0.00894 -0.00900
v -0.03150 0.00997 -0.00897
v -0.03150 0.01099 -0.00882
v -0.03150 0.01198 -0.00856
v -0.03150 0.01294 -0.00819
v -0.03150 0.01385 -0.00771
v -0.03150 0.01470 -0.00713
v -0.03150 0.01547 -0.00645
v -0.03150 0.01617 -0.00570
v -0.03150 0.01677 -0.00487
v -0.03150 0.01728 -0.00397
v -0.03150 0.01768 -0.00302
v -0.03150 0.01797 -0.00204
v -0.03150 0.01814 -0.00103
v -0.03167 0.01818 -0.00000
v -0.03184 0.01814 -0.00000
v -0.03200 0.01807 -0.00000
v -0.03214 0.01797 -0.00000
v -0.03227 0.01784 -0.00000
v -0.03237 0.01770 -0.00000
v -0.03244 0.01754 -0.00000
v -0.03248 0.01737 -0.00000
v -0.03250 0.01720 -0.00000
v -0.03250 0.01714 0.00096
v -0.03250 0.01697 0.00191
v -0.03250 0.01668 0.00284
v -0.03250 0.01628 0.00372
v -0.03250 0.01578 0.00454
v -0.03250 0.01519 0.00530
v -0.03250 0.01450 0.00599
v -0.03250 0.01374 0.00658
v -0.03250 0.01292 0.00708
v -0.03250 0.01204 0.00748
v -0.03250 0.01111 0.00777
v -0.03250 0.01016 0.00794
v -0.03250 0.00920 0.00800
v -0.03250 0.00824 0.00794
v -0.03250 0.00729 0.00777
v -0.03250 0.00636 0.00748
v -0.03250 0.00548 0.00708
v -0.03250 0.00466 0.00658
v -0.03250 0.00390 0.00599
v -0.03250 0.00321 0.00530
v -0.03250 0.00262 0.00454
v -0.03250 0.00212 0.00372
v -0.03250 0.00172 0.00284
v -0.03250 0.00143 0.00191
v -0.03250 0.00126 0.00096
v -0.03250 0.00120 0.00000
v -0.03250 0.00126 -0.00096
v -0.03250 0.00143 -0.00191
v -0.03250 0.00172 -0.00284
v -0.03250 0.00212 -0.00372
v -0.03250 0.00262 -0.00454
v -0.03250 0.00321 -0.00530
v -0.03250 0.00390 -0.00599
v -0.03250 0.00466 -0.00658
v -0.03250 0.00548 -0.00708
v -0.03250 0.00636 -0.00748
v -0.03250 0.00729 -0.00777
v -0.03250 0.00824 -0.00794
v -0.03250 0.00920 -0.00800
v -0.03250 0.01016 -0.00794
v -0.03250 0.01111 -0.00777
v -0.03250 0.01204 -0.00748
v -0.03250 0.01292 -0.00708
v -0.03250 0.01374 -0.00658
v -0.03250 0.01450 -0.00599
v -0.03250 0.01519 -0.00530
v -0.03250 0.01578 -0.00454
v -0.03250 0.01628 -0.00372
v -0.03250 0.01668 -0.00284
v -0.03250 0.01697 -0.00191
v -0.03250 0.01714 -0.00096
v -0.03167 0.01813 0.00102
v -0.03184 0.01808 0.00102
v -0.03200 0.01801 0.00101
v -0.03214 0.01791 0.00100
v -0.03227 0.01779 0.00099
v -0.03237 0.01764 0.00097
v -0.03167 0.01795 0.00204
v -0.03244 0.01749 0.00095
v -0.03184 0.01791 0.00202
v -0.03248 0.01732 0.00093
v -0.03200 0.01784 0.00201
v -0.03214 0.01774 0.00199
v -0.03227 0.01762 0.00196
v -0.03237 0.01748 0.00193
v -0.03167 0.01766 0.00302
v -0.03244 0.01733 0.00189
v -0.03184 0.01762 0.00300
v -0.03248 0.01716 0.00185
v -0.03200 0.01755 0.00298
v -0.03214 0.01746 0.00295
v -0.03227 0.01734 0.00290
v -0.03237 0.01721 0.00286
v -0.03167 0.01726 0.00396
v -0.03244 0.01706 0.00280
v -0.03184 0.01722 0.00394
v -0.03248 0.01690 0.00275
v -0.03200 0.01716 0.00391
v -0.03214 0.01707 0.00387
v -0.03227 0.01696 0.00381
v -0.03237 0.01683 0.00375
v -0.03167 0.01676 0.00486
v -0.03244 0.01669 0.00368
v -0.03184 0.01672 0.00483
v -0.03248 0.01654 0.00361
v -0.03167 0.01659 0.00510
v -0.03200 0.01666 0.00479
v -0.03184 0.01656 0.00508
v -0.03214 0.01657 0.00474
v -0.03200 0.01650 0.00504
v -0.03227 0.01647 0.00467
v -0.03214 0.01641 0.00498
v -0.03237 0.01635 0.00460
v -0.03167 0.01616 0.00569
v -0.03227 0.01631 0.00491
v -0.03244 0.01622 0.00451
v -0.03184 0.01612 0.00566
v -0.03237 0.01620 0.00483
v -0.03248 0.01608 0.00442
v -0.03167 0.01593 0.00596
v -0.03200 0.01606 0.00561
v -0.03244 0.01607 0.00474
v -0.03184 0.01589 0.00593
v -0.03214 0.01599 0.00555
v -0.03248 0.01593 0.00464
v -0.03200 0.01584 0.00588
v -0.03227 0.01589 0.00547
v -0.03214 0.01576 0.00581
v -0.03237 0.01578 0.00538
v -0.03167 0.01546 0.00644
v -0.03227 0.01567 0.00573
v -0.03244 0.01566 0.00528
v -0.03184 0.01543 0.00641
v -0.03237 0.01556 0.00564
v -0.03248 0.01553 0.00517
v -0.03200 0.01538 0.00636
v -0.03167 0.01516 0.00673
v -0.03244 0.01544 0.00553
v -0.03214 0.01531 0.00629
v -0.03184 0.01513 0.00669
v -0.03248 0.01532 0.00542
v -0.03227 0.01522 0.00620
v -0.03200 0.01508 0.00664
v -0.03237 0.01512 0.00610
v -0.03214 0.01501 0.00656
v -0.03167 0.01469 0.00712
v -0.03244 0.01501 0.00598
v -0.03227 0.01493 0.00647
v -0.03184 0.01466 0.00708
v -0.03248 0.01490 0.00586
v -0.03237 0.01484 0.00636
v -0.03200 0.01461 0.00702
v -0.03167 0.01430 0.00739
v -0.03244 0.01473 0.00624
v -0.03214 0.01455 0.00694
v -0.03184 0.01428 0.00736
v -0.03248 0.01462 0.00612
v -0.03227 0.01448 0.00684
v -0.03200 0.01424 0.00730
v -0.03237 0.01439 0.00673
v -0.03214 0.01418 0.00721
v -0.03167 0.01384 0.00769
v -0.03244 0.01429 0.00661
v -0.03227 0.01411 0.00711
v -0.03184 0.01382 0.00766
v -0.03248 0.01419 0.00647
v -0.03237 0.01403 0.00700
v -0.03200 0.01378 0.00759
v -0.03167 0.01338 0.00796
v -0.03244 0.01394 0.00687
v -0.03214 0.01373 0.00751
v -0.03184 0.01335 0.00792
v -0.03248 0.01384 0.00673
v -0.03227 0.01366 0.00740
v -0.03200 0.01332 0.00785
v -0.03237 0.01359 0.00728
v -0.03167 0.01293 0.00817
v -0.03214 0.01327 0.00776
v -0.03244 0.01351 0.00714
v -0.03184 0.01291 0.00813
v -0.03227 0.01322 0.00765
v -0.03248 0.01342 0.00700
v -0.03200 0.01288 0.00806
v -0.03237 0.01315 0.00753
v -0.03214 0.01284 0.00797
v -0.03167 0.01239 0.00840
v -0.03244 0.01308 0.00739
v -0.03227 0.01279 0.00786
v -0.03184 0.01237 0.00836
v -0.03248 0.01300 0.00724
v -0.03237 0.01273 0.00773
v -0.03200 0.01234 0.00829
v -0.03167 0.01198 0.00855
v -0.03244 0.01267 0.00759
v -0.03214 0.01231 0.00820
v -0.03184 0.01196 0.00850
v -0.03248 0.01260 0.00744
v -0.03227 0.01226 0.00808
v -0.03200 0.01194 0.00843
v -0.03237 0.01221 0.00795
v -0.03214 0.01191 0.00834
v -0.03167 0.01135 0.00872
v -0.03244 0.01216 0.00780
v -0.03227 0.01187 0.00822
v -0.03184 0.01134 0.00868
v -0.03248 0.01210 0.00764
v -0.03237 0.01183 0.00808
v -0.03200 0.01132 0.00861
v -0.03167 0.01098 0.00881
v -0.03244 0.01178 0.00793
v -0.03214 0.01130 0.00851
v -0.03184 0.01098 0.00876
v -0.03248 0.01173 0.00777
v -0.03227 0.01127 0.00839
v -0.03200 0.01096 0.00869
v -0.03237 0.01123 0.00825
v -0.03214 0.01094 0.00859
v -0.03167 0.01028 0.00892
v -0.03244 0.01120 0.00810
v -0.03227 0.01092 0.00847
v -0.03184 0.01028 0.00887
v -0.03248 0.01116 0.00794
v -0.03237 0.01089 0.00833
v -0.03167 0.00997 0.00895
v -0.03200 0.01027 0.00880
v -0.03244 0.01086 0.00818
v -0.03184 0.00997 0.00891
v -0.03214 0.01026 0.00870
v -0.03248 0.01082 0.00801
v -0.03200 0.00996 0.00883
v -0.03227 0.01024 0.00858
v -0.03214 0.00995 0.00873
v -0.03237 0.01022 0.00844
v -0.03227 0.00994 0.00861
v -0.03167 0.00920 0.00898
v -0.03244 0.01021 0.00828
v -0.03237 0.00993 0.00847
v -0.03184 0.00920 0.00894
v -0.03248 0.01019 0.00811
v -0.03244 0.00991 0.00831
v -0.03200 0.00920 0.00887
v -0.03248 0.00990 0.00814
v -0.03214 0.00920 0.00877
v -0.03227 0.00920 0.00864
v -0.03237 0.00920 0.00850
v -0.03167 0.00812 0.00892
v -0.03244 0.00920 0.00834
v -0.03184 0.00812 0.00887
v -0.03248 0.00920 0.00817
v -0.03200 0.00813 0.00880
v -0.03214 0.00814 0.00870
v -0.03227 0.00816 0.00858
v -0.03237 0.00818 0.00844
v -0.03167 0.00705 0.00872
v -0.03244 0.00819 0.00828
v -0.03184 0.00706 0.00868
v -0.03248 0.00821 0.00811
v -0.03200 0.00708 0.00861
v -0.03214 0.00710 0.00851
v -0.03227 0.00713 0.00839
v -0.03237 0.00717 0.00825
v -0.03167 0.00601 0.00840
v -0.03244 0.00720 0.00810
v -0.03184 0.00603 0.00836
v -0.03248 0.00724 0.00794
v -0.03200 0.00606 0.00829
v -0.03214 0.00609 0.00820
v -0.03227 0.00614 0.00808
v -0.03237 0.00619 0.00795
v -0.03167 0.00502 0.00796
v -0.03244 0.00624 0.00780
v -0.03184 0.00505 0.00792
v -0.03248 0.00630 0.00764
v -0.03200 0.00508 0.00785
v -0.03214 0.00513 0.00776
v -0.03227 0.00518 0.00765
v -0.03237 0.00525 0.00753
v -0.03167 0.00413 0.00742
v -0.03244 0.00532 0.00739
v -0.03184 0.00415 0.00738
v -0.03248 0.00540 0.00724
v -0.03200 0.00420 0.00732
v -0.03214 0.00425 0.00724
v -0.03227 0.00432 0.00713
v -0.03237 0.00440 0.00702
v -0.03167 0.00332 0.00679
v -0.03244 0.00449 0.00689
v -0.03184 0.00335 0.00676
v -0.03248 0.00459 0.00675
v -0.03200 0.00339 0.00670
v -0.03214 0.00346 0.00662
v -0.03227 0.00354 0.00653
v -0.03237 0.00363 0.00642
v -0.03167 0.00258 0.00608
v -0.03244 0.00374 0.00630
v -0.03184 0.00261 0.00604
v -0.03248 0.00385 0.00618
v -0.03200 0.00267 0.00599
v -0.03214 0.00274 0.00593
v -0.03227 0.00283 0.00584
v -0.03237 0.00294 0.00575
v -0.03167 0.00193 0.00528
v -0.03244 0.00305 0.00564
v -0.03184 0.00197 0.00525
v -0.03248 0.00318 0.00553
v -0.03200 0.00203 0.00521
v -0.03214 0.00211 0.00515
v -0.03227 0.00221 0.00508
v -0.03237 0.00232 0.00500
v -0.03167 0.00138 0.00442
v -0.03244 0.00245 0.00490
v -0.03184 0.00142 0.00440
v -0.03248 0.00259 0.00480
v -0.03167 0.00124 0.00418
v -0.03200 0.00148 0.00436
v -0.03184 0.00128 0.00415
v -0.03214 0.00157 0.00431
v -0.03200 0.00135 0.00412
v -0.03227 0.00167 0.00425
v -0.03214 0.00144 0.00407
v -0.03237 0.00180 0.00418
v -0.03227 0.00155 0.00402
v -0.03167 0.00092 0.00350
v -0.03244 0.00194 0.00410
v -0.03237 0.00167 0.00395
v -0.03184 0.00097 0.00348
v -0.03248 0.00208 0.00402
v -0.03167 0.00080 0.00319
v -0.03244 0.00181 0.00388
v -0.03200 0.00103 0.00345
v -0.03184 0.00084 0.00317
v -0.03248 0.00196 0.00380
v -0.03214 0.00113 0.00341
v -0.03200 0.00091 0.00314
v -0.03227 0.00124 0.00336
v -0.03214 0.00100 0.00311
v -0.03237 0.00137 0.00331
v -0.03167 0.00058 0.00253
v -0.03227 0.00112 0.00306
v -0.03244 0.00152 0.00325
v -0.03184 0.00062 0.00252
v -0.03237 0.00125 0.00301
v -0.03248 0.00167 0.00318
v -0.03200 0.00069 0.00250
v -0.03167 0.00048 0.00215
v -0.03244 0.00140 0.00296
v -0.03214 0.00079 0.00247
v -0.03184 0.00052 0.00214
v -0.03248 0.00156 0.00290
v -0.03227 0.00091 0.00243
v -0.03200 0.00059 0.00212
v -0.03237 0.00104 0.00239
v -0.03214 0.00069 0.00210
v -0.03167 0.00035 0.00153
v -0.03244 0.00120 0.00235
v -0.03227 0.00081 0.00207
v -0.03184 0.00039 0.00152
v -0.03248 0.00136 0.00230
v -0.03237 0.00095 0.00203
v -0.03200 0.00046 0.00151
v -0.03167 0.00028 0.00108
v -0.03244 0.00110 0.00200
v -0.03214 0.00056 0.00149
v -0.03184 0.00033 0.00108
v -0.03248 0.00126 0.00196
v -0.03227 0.00068 0.00147
v -0.03200 0.00040 0.00107
v -0.03237 0.00082 0.00145
v -0.03214 0.00050 0.00106
v -0.03167 0.00023 0.00051
v -0.03244 0.00098 0.00142
v -0.03227 0.00062 0.00104
v -0.03184 0.00027 0.00051
v -0.03248 0.00115 0.00139
v -0.03237 0.00076 0.00102
v -0.03200 0.00035 0.00051
v -0.03167 0.00022 -0.00000
v -0.03244 0.00092 0.00101
v -0.03214 0.00045 0.00050
v -0.03184 0.00026 -0.00000
v -0.03248 0.00109 0.00099
v -0.03227 0.00057 0.00049
v -0.03200 0.00033 -0.00000
v -0.03237 0.00071 0.00049
v -0.03167 0.00023 -0.00051
v -0.03214 0.00043 -0.00000
v -0.03244 0.00087 0.00048
v -0.03184 0.00027 -0.00051
v -0.03227 0.00056 -0.00000
v -0.03248 0.00104 0.00047
v -0.03200 0.00035 -0.00051
v -0.03237 0.00070 -0.00000
v -0.03214 0.00045 -0.00050
v -0.03167 0.00028 -0.00108
v -0.03244 0.00086 -0.00000
v -0.03227 0.00057 -0.00049
v -0.03184 0.00033 -0.00108
v -0.03248 0.00103 -0.00000
v -0.03237 0.00071 -0.00049
v -0.03200 0.00040 -0.00107
v -0.03167 0.00035 -0.00153
v -0.03244 0.00087 -0.00048
v -0.03214 0.00050 -0.00106
v -0.03184 0.00039 -0.00152
v -0.03248 0.00104 -0.00047
v -0.03227 0.00062 -0.00104
v -0.03200 0.00046 -0.00151
v -0.03237 0.00076 -0.00102
v -0.03214 0.00056 -0.00149
v -0.03167 0.00048 -0.00215
v -0.03244 0.00092 -0.00101
v -0.03227 0.00068 -0.00147
v -0.03184 0.00052 -0.00214
v -0.03248 0.00109 -0.00099
v -0.03237 0.00082 -0.00145
v -0.03200 0.00059 -0.00212
v -0.03167 0.00058 -0.00253
v -0.03244 0.00098 -0.00142
v -0.03214 0.00069 -0.00210
v -0.03184 0.00062 -0.00252
v -0.03248 0.00115 -0.00139
v -0.03227 0.00081 -0.00207
v -0.03200 0.00069 -0.00250
v -0.03237 0.00095 -0.00203
v -0.03214 0.00079 -0.00247
v -0.03167 0.00080 -0.00319
v -0.03244 0.00110 -0.00200
v -0.03227 0.00091 -0.00243
v -0.03184 0.00084 -0.00317
v -0.03248 0.00126 -0.00196
v -0.03237 0.00104 -0.00239
v -0.03167 0.00092 -0.00350
v -0.03200 0.00091 -0.00314
v -0.03244 0.00120 -0.00235
v -0.03184 0.00097 -0.00348
v -0.03214 0.00100 -0.00311
v -0.03248 0.00136 -0.00230
v -0.03200 0.00103 -0.00345
v -0.03227 0.00112 -0.00306
v -0.03214 0.00113 -0.00341
v -0.03237 0.00125 -0.00301
v -0.03227 0.00124 -0.00336
v -0.03167 0.00124 -0.00418
v -0.03244 0.00140 -0.00296
v -0.03237 0.00137 -0.00331
v -0.03184 0.00128 -0.00415
v -0.03248 0.00156 -0.00290
v -0.03167 0.00138 -0.00442
v -0.03244 0.00152 -0.00325
v -0.03200 0.00135 -0.00412
v -0.03184 0.00142 -0.00440
v -0.03248 0.00167 -0.00318
v -0.03214 0.00144 -0.00407
v -0.03200 0.00148 -0.00436
v -0.03227 0.00155 -0.00402
v -0.03214 0.00157 -0.00431
v -0.03237 0.00167 -0.00395
v -0.03227 0.00167 -0.00425
v -0.03167 0.00181 -0.00510
v -0.03244 0.00181 -0.00388
v -0.03237 0.00180 -0.00418
v -0.03184 0.00184 -0.00508
v -0.03248 0.00196 -0.00380
v -0.03244 0.00194 -0.00410
v -0.03200 0.00190 -0.00504
v -0.03248 0.00208 -0.00402
v -0.03214 0.00199 -0.00498
v -0.03227 0.00209 -0.00491
v -0.03237 0.00220 -0.00483
v -0.03167 0.00247 -0.00596
v -0.03244 0.00233 -0.00474
v -0.03184 0.00251 -0.00593
v -0.03248 0.00247 -0.00464
v -0.03200 0.00256 -0.00588
v -0.03214 0.00264 -0.00581
v -0.03227 0.00273 -0.00573
v -0.03237 0.00284 -0.00564
v -0.03167 0.00324 -0.00673
v -0.03244 0.00296 -0.00553
v -0.03184 0.00327 -0.00669
v -0.03248 0.00308 -0.00542
v -0.03200 0.00332 -0.00664
v -0.03214 0.00339 -0.00656
v -0.03227 0.00347 -0.00647
v -0.03237 0.00356 -0.00636
v -0.03167 0.00410 -0.00739
v -0.03244 0.00367 -0.00624
v -0.03184 0.00412 -0.00736
v -0.03248 0.00378 -0.00612
v -0.03200 0.00416 -0.00730
v -0.03214 0.00422 -0.00721
v -0.03227 0.00429 -0.00711
v -0.03237 0.00437 -0.00700
v -0.03167 0.00501 -0.00795
v -0.03244 0.00446 -0.00687
v -0.03184 0.00503 -0.00791
v -0.03248 0.00456 -0.00673
v -0.03200 0.00506 -0.00784
v -0.03214 0.00511 -0.00775
v -0.03227 0.00517 -0.00764
v -0.03237 0.00523 -0.00752
v -0.03167 0.00594 -0.00837
v -0.03244 0.00531 -0.00738
v -0.03184 0.00596 -0.00833
v -0.03248 0.00539 -0.00723
v -0.03200 0.00598 -0.00826
v -0.03214 0.00602 -0.00817
v -0.03227 0.00606 -0.00805
v -0.03237 0.00612 -0.00792
v -0.03167 0.00692 -0.00869
v -0.03244 0.00617 -0.00777
v -0.03184 0.00693 -0.00865
v -0.03248 0.00623 -0.00762
v -0.03200 0.00695 -0.00857
v -0.03214 0.00697 -0.00848
v -0.03227 0.00700 -0.00836
v -0.03237 0.00704 -0.00822
v -0.03167 0.00792 -0.00889
v -0.03244 0.00708 -0.00807
v -0.03184 0.00793 -0.00885
v -0.03248 0.00712 -0.00791
v -0.03200 0.00794 -0.00878
v -0.03214 0.00795 -0.00868
v -0.03227 0.00797 -0.00855
v -0.03237 0.00799 -0.00841
v -0.03167 0.00894 -0.00898
v -0.03244 0.00801 -0.00826
v -0.03184 0.00894 -0.00894
v -0.03248 0.00804 -0.00809
v -0.03200 0.00895 -0.00886
v -0.03214 0.00895 -0.00876
v -0.03227 0.00895 -0.00864
v -0.03237 0.00896 -0.00850
v -0.03167 0.00997 -0.00895
v -0.03244 0.00896 -0.00834
v -0.03184 0.00997 -0.00891
v -0.03248 0.00897 -0.00817
v -0.03167 0.01028 -0.00892
v -0.03200 0.00996 -0.00883
v -0.03184 0.01028 -0.00887
v -0.03214 0.00995 -0.00873
v -0.03200 0.01027 -0.00880
v -0.03227 0.00994 -0.00861
v -0.03214 0.01026 -0.00870
v -0.03237 0.00993 -0.00847
v -0.03167 0.01098 -0.00881
v -0.03227 0.01024 -0.00858
v -0.03244 0.00991 -0.00831
v -0.03184 0.01098 -0.00876
v -0.03237 0.01022 -0.00844
v -0.03248 0.00990 -0.00814
v -0.03200 0.01096 -0.00869
v -0.03167 0.01135 -0.00872
v -0.03244 0.01021 -0.00828
v -0.03214 0.01094 -0.00859
v -0.03184 0.01134 -0.00868
v -0.03248 0.01019 -0.00811
v -0.03227 0.01092 -0.00847
v -0.03200 0.01132 -0.00861
v -0.03237 0.01089 -0.00833
v -0.03214 0.01130 -0.00851
v -0.03167 0.01198 -0.00855
v -0.03244 0.01086 -0.00818
v -0.03227 0.01127 -0.00839
v -0.03184 0.01196 -0.00850
v -0.03248 0.01082 -0.00801
v -0.03237 0.01123 -0.00825
v -0.03200 0.01194 -0.00843
v -0.03167 0.01239 -0.00840
v -0.03244 0.01120 -0.00810
v -0.03214 0.01191 -0.00834
v -0.03184 0.01237 -0.00836
v -0.03248 0.01116 -0.00794
v -0.03227 0.01187 -0.00822
v -0.03200 0.01234 -0.00829
v -0.03237 0.01183 -0.00808
v -0.03214 0.01231 -0.00820
v -0.03167 0.01293 -0.00817
v -0.03244 0.01178 -0.00793
v -0.03227 0.01226 -0.00808
v -0.03184 0.01291 -0.00813
v -0.03248 0.01173 -0.00777
v -0.03237 0.01221 -0.00795
v -0.03200 0.01288 -0.00806
v -0.03167 0.01338 -0.00796
v -0.03244 0.01216 -0.00780
v -0.03214 0.01284 -0.00797
v -0.03184 0.01335 -0.00792
v -0.03248 0.01210 -0.00764
v -0.03227 0.01279 -0.00786
v -0.03200 0.01332 -0.00785
v -0.03237 0.01273 -0.00773
v -0.03167 0.01384 -0.00769
v -0.03214 0.01327 -0.00776
v -0.03244 0.01267 -0.00759
v -0.03184 0.01382 -0.00766
v -0.03227 0.01322 -0.00765
v -0.03248 0.01260 -0.00744
v -0.03200 0.01378 -0.00759
v -0.03237 0.01315 -0.00753
v -0.03214 0.01373 -0.00751
v -0.03167 0.01430 -0.00739
v -0.03244 0.01308 -0.00739
v -0.03227 0.01366 -0.00740
v -0.03184 0.01428 -0.00736
v -0.03248 0.01300 -0.00724
v -0.03237 0.01359 -0.00728
v -0.03200 0.01424 -0.00730
v -0.03167 0.01469 -0.00712
v -0.03244 0.01351 -0.00714
v -0.03214 0.01418 -0.00721
v -0.03184 0.01466 -0.00708
v -0.03248 0.01342 -0.00700
v -0.03227 0.01411 -0.00711
v -0.03200 0.01461 -0.00702
v -0.03237 0.01403 -0.00700
v -0.03214 0.01455 -0.00694
v -0.03167 0.01516 -0.00673
v -0.03244 0.01394 -0.00687
v -0.03227 0.01448 -0.00684
v -0.03184 0.01513 -0.00669
v -0.03248 0.01384 -0.00673
v -0.03237 0.01439 -0.00673
v -0.03200 0.01508 -0.00664
v -0.03167 0.01546 -0.00644
v -0.03244 0.01429 -0.00661
v -0.03214 0.01501 -0.00656
v -0.03184 0.01543 -0.00641
v -0.03248 0.01419 -0.00647
v -0.03227 0.01493 -0.00647
v -0.03200 0.01538 -0.00636
v -0.03237 0.01484 -0.00636
v -0.03214 0.01531 -0.00629
v -0.03167 0.01593 -0.00596
v -0.03244 0.01473 -0.00624
v -0.03227 0.01522 -0.00620
v -0.03184 0.01589 -0.00593
v -0.03248 0.01462 -0.00612
v -0.03237 0.01512 -0.00610
v -0.03167 0.01616 -0.00569
v -0.03200 0.01584 -0.00588
v -0.03244 0.01501 -0.00598
v -0.03184 0.01612 -0.00566
v -0.03214 0.01576 -0.00581
v -0.03248 0.01490 -0.00586
v -0.03200 0.01606 -0.00561
v -0.03227 0.01567 -0.00573
v -0.03214 0.01599 -0.00555
v -0.03237 0.01556 -0.00564
v -0.03167 0.01659 -0.00510
v -0.03227 0.01589 -0.00547
v -0.03244 0.01544 -0.00553
v -0.03184 0.01656 -0.00508
v -0.03237 0.01578 -0.00538
v -0.03248 0.01532 -0.00542
v -0.03167 0.01676 -0.00486
v -0.03200 0.01650 -0.00504
v -0.03244 0.01566 -0.00528
v -0.03184 0.01672 -0.00483
v -0.03214 0.01641 -0.00498
v -0.03248 0.01553 -0.00517
v -0.03200 0.01666 -0.00479
v -0.03227 0.01631 -0.00491
v -0.03214 0.01657 -0.00474
v -0.03237 0.01620 -0.00483
v -0.03227 0.01647 -0.00467
v -0.03167 0.01716 -0.00418
v -0.03244 0.01607 -0.00474
v -0.03237 0.01635 -0.00460
v -0.03184 0.01712 -0.00415
v -0.03248 0.01593 -0.00464
v -0.03244 0.01622 -0.00451
v -0.03200 0.01705 -0.00412
v -0.03248 0.01608 -0.00442
v -0.03214 0.01696 -0.00407
v -0.03227 0.01685 -0.00402
v -0.03237 0.01673 -0.00395
v -0.03167 0.01760 -0.00319
v -0.03244 0.01659 -0.00388
v -0.03184 0.01756 -0.00317
v -0.03248 0.01644 -0.00380
v -0.03200 0.01749 -0.00314
v -0.03214 0.01740 -0.00311
v -0.03227 0.01728 -0.00306
v -0.03237 0.01715 -0.00301
v -0.03167 0.01792 -0.00215
v -0.03244 0.01700 -0.00296
v -0.03184 0.01788 -0.00214
v -0.03248 0.01684 -0.00290
v -0.03200 0.01781 -0.00212
v -0.03214 0.01771 -0.00210
v -0.03227 0.01759 -0.00207
v -0.03237 0.01745 -0.00203
v -0.03167 0.01812 -0.00108
v -0.03244 0.01730 -0.00200
v -0.03184 0.01807 -0.00108
v -0.03248 0.01714 -0.00196
v -0.03200 0.01800 -0.00107
v -0.03214 0.01790 -0.00106
v -0.03227 0.01778 -0.00104
v -0.03237 0.01764 -0.00102
v -0.03244 0.01748 -0.00101
v -0.03248 0.01731 -0.00099
v 0.03167 0.01818 -0.00000
v 0.03184 0.01814 -0.00000
v 0.03200 0.01807 -0.00000
v 0.03214 0.01797 -0.00000
v 0.03227 0.01784 -0.00000
v 0.03237 0.01770 -0.00000
v 0.03244 0.01754 -0.00000
v 0.03248 0.01737 -0.00000
v 0.03250 0.01720 -0.00000
v 0.03250 0.01714 0.00096
v 0.03250 0.01697 0.00191
v 0.03250 0.01668 0.00284
v 0.03250 0.01628 0.00372
v 0.03250 0.01578 0.00454
v 0.03250 0.01519 0.00530
v 0.03250 0.01450 0.00599
v 0.03250 0.01374 0.00658
v 0.03250 0.01292 0.00708
v 0.03250 0.01204 0.00748
v 0.03250 0.01111 0.00777
v 0.03250 0.01016 0.00794
v 0.03250 0.00920 0.00800
v 0.03250 0.00824 0.00794
v 0.03250 0.00729 0.00777
v 0.03250 0.00636 0.00748
v 0.03250 0.00548 0.00708
v 0.03250 0.00466 0.00658
v 0.03250 0.00390 0.00599
v 0.03250 0.00321 0.00530
v 0.03250 0.00262 0.00454
v 0.03250 0.00212 0.00372
v 0.03250 0.00172 0.00284
v 0.03250 0.00143 0.00191
v 0.03250 0.00126 0.00096
v 0.03250 0.00120 0.00000
v 0.03250 0.00126 -0.00096
v 0.03250 0.00143 -0.00191
v 0.03250 0.00172 -0.00284
v 0.03250 0.00212 -0.00372
v 0.03250 0.00262 -0.00454
v 0.03250 0.00321 -0.00530
v 0.03250 0.00390 -0.00599
v 0.03250 0.00466 -0.00658
v 0.03250 0.00548 -0.00708
v 0.03250 0.00636 -0.00748
v 0.03250 0.00729 -0.00777
v 0.03250 0.00824 -0.00794
v 0.03250 0.00920 -0.00800
v 0.03250 0.01016 -0.00794
v 0.03250 0.01111 -0.00777
v 0.03250 0.01204 -0.00748
v 0.03250 0.01292 -0.00708
v 0.03250 0.01374 -0.00658
v 0.03250 0.01450 -0.00599
v 0.03250 0.01519 -0.00530
v 0.03250 0.01578 -0.00454
v 0.03250 0.01628 -0.00372
v 0.03250 0.01668 -0.00284
v 0.03250 0.01697 -0.00191
v 0.03250 0.01714 -0.00096
v 0.03167 0.01813 0.00102
v 0.03184 0.01808 0.00102
v 0.03200 0.01801 0.00101
v 0.03214 0.01791 0.00100
v 0.03227 0.01779 0.00099
v 0.03237 0.01764 0.00097
v 0.03167 0.01795 0.00204
v 0.03244 0.01749 0.00095
v 0.03184 0.01791 0.00202
v 0.03248 0.01732 0.00093
v 0.03200 0.01784 0.00201
v 0.03214 0.01774 0.00199
v 0.03227 0.01762 0.00196
v 0.03237 0.01748 0.00193
v 0.03167 0.01766 0.00302
v 0.03244 0.01733 0.00189
v 0.03184 0.01762 0.00300
v 0.03248 0.01716 0.00185
v 0.03200 0.01755 0.00298
v 0.03214 0.01746 0.00295
v 0.03227 0.01734 0.00290
v 0.03237 0.01721 0.00286
v 0.03167 0.01726 0.00396
v 0.03244 0.01706 0.00280
v 0.03184 0.01722 0.00394
v 0.03248 0.01690 0.00275
v 0.03200 0.01716 0.00391
v 0.03214 0.01707 0.00387
v 0.03227 0.01696 0.00381
v 0.03237 0.01683 0.00375
v 0.03167 0.01676 0.00486
v 0.03244 0.01669 0.00368
v 0.03184 0.01672 0.00483
v 0.03248 0.01654 0.00361
v 0.03167 0.01659 0.00510
v 0.03200 0.01666 0.00479
v 0.03184 0.01656 0.00508
v 0.03214 0.01657 0.00474
v 0.03200 0.01650 0.00504
v 0.03227 0.01647 0.00467
v 0.03214 0.01641 0.00498
v 0.03237 0.01635 0.00460
v 0.03167 0.01616 0.00569
v 0.03227 0.01631 0.00491
v 0.03244 0.01622 0.00451
v 0.03184 0.01612 0.00566
v 0.03237 0.01620 0.00483
v 0.03248 0.01608 0.00442
v 0.03167 0.01593 0.00596
v 0.03200 0.01606 0.00561
v 0.03244 0.01607 0.00474
v 0.03184 0.01589 0.00593
v 0.03214 0.01599 0.00555
v 0.03248 0.01593 0.00464
v 0.03200 0.01584 0.00588
v 0.03227 0.01589 0.00547
v 0.03214 0.01576 0.00581
v 0.03237 0.01578 0.00538
v 0.03167 0.01546 0.00644
v 0.03227 0.01567 0.00573
v 0.03244 0.01566 0.00528
v 0.03184 0.01543 0.00641
v 0.03237 0.01556 0.00564
v 0.03248 0.01553 0.00517
v 0.03200 0.01538 0.00636
v 0.03167 0.01516 0.00673
v 0.03244 0.01544 0.00553
v 0.03214 0.01531 0.00629
v 0.03184 0.01513 0.00669
v 0.03248 0.01532 0.00542
v 0.03227 0.01522 0.00620
v 0.03200 0.01508 0.00664
v 0.03237 0.01512 0.00610
v 0.03214 0.01501 0.00656
v 0.03167 0.01469 0.00712
v 0.03244 0.01501 0.00598
v 0.03227 0.01493 0.00647
v 0.03184 0.01466 0.00708
v 0.03248 0.01490 0.00586
v 0.03237 0.01484 0.00636
v 0.03200 0.01461 0.00702
v 0.03167 0.01430 0.00739
v 0.03244 0.01473 0.00624
v 0.03214 0.01455 0.00694
v 0.03184 0.01428 0.00736
v 0.03248 0.01462 0.00612
v 0.03227 0.01448 0.00684
v 0.03200 0.01424 0.00730
v 0.03237 0.01439 0.00673
v 0.03214 0.01418 0.00721
v 0.03167 0.01384 0.00769
v 0.03244 0.01429 0.00661
v 0.03227 0.01411 0.00711
v 0.03184 0.01382 0.00766
v 0.03248 0.01419 0.00647
v 0.03237 0.01403 0.00700
v 0.03200 0.01378 0.00759
v 0.03167 0.01338 0.00796
v 0.03244 0.01394 0.00687
v 0.03214 0.01373 0.00751
v 0.03184 0.01335 0.00792
v 0.03248 0.01384 0.00673
v 0.03227 0.01366 0.00740
v 0.03200 0.01332 0.00785
v 0.03237 0.01359 0.00728
v 0.03167 0.01293 0.00817
v 0.03214 0.01327 0.00776
v 0.03244 0.01351 0.00714
v 0.03184 0.01291 0.00813
v 0.03227 0.01322 0.00765
v 0.03248 0.01342 0.00700
v 0.03200 0.01288 0.00806
v 0.03237 0.01315 0.00753
v 0.03214 0.01284 0.00797
v 0.03167 0.01239 0.00840
v 0.03244 0.01308 0.00739
v 0.03227 0.01279 0.00786
v 0.03184 0.01237 0.00836
v 0.03248 0.01300 0.00724
v 0.03237 0.01273 0.00773
v 0.03200 0.01234 0.00829
v 0.03167 0.01198 0.00855
v 0.03244 0.01267 0.00759
v 0.03214 0.01231 0.00820
v 0.03184 0.01196 0.00850
v 0.03248 0.01260 0.00744
v 0.03227 0.01226 0.00808
v 0.03200 0.01194 0.00843
v 0.03237 0.01221 0.00795
v 0.03214 0.01191 0.00834
v 0.03167 0.01135 0.00872
v 0.03244 0.01216 0.00780
v 0.03227 0.01187 0.00822
v 0.03184 0.01134 0.00868
v 0.03248 0.01210 0.00764
v 0.03237 0.01183 0.00808
v 0.03200 0.01132 0.00861
v 0.03167 0.01098 0.00881
v 0.03244 0.01178 0.00793
v 0.03214 0.01130 0.00851
v 0.03184 0.01098 0.00876
v 0.03248 0.01173 0.00777
v 0.03227 0.01127 0.00839
v 0.03200 0.01096 0.00869
v 0.03237 0.01123 0.00825
v 0.03214 0.01094 0.00859
v 0.03167 0.01028 0.00892
v 0.03244 0.01120 0.00810
v 0.03227 0.01092 0.00847
v 0.03184 0.01028 0.00887
v 0.03248 0.01116 0.00794
v 0.03237 0.01089 0.00833
v 0.03167 0.00997 0.00895
v 0.03200 0.01027 0.00880
v 0.03244 0.01086 0.00818
v 0.03184 0.00997 0.00891
v 0.03214 0.01026 0.00870
v 0.03248 0.01082 0.00801
v 0.03200 0.00996 0.00883
v 0.03227 0.01024 0.00858
v 0.03214 0.00995 0.00873
v 0.03237 0.01022 0.00844
v 0.03227 0.00994 0.00861
v 0.03167 0.00920 0.00898
v 0.03244 0.01021 0.00828
v 0.03237 0.00993 0.00847
v 0.03184 0.00920 0.00894
v 0.03248 0.01019 0.00811
v 0.03244 0.00991 0.00831
v 0.03200 0.00920 0.00887
v 0.03248 0.00990 0.00814
v 0.03214 0.00920 0.00877
v 0.03227 0.00920 0.00864
v 0.03237 0.00920 0.00850
v 0.03167 0.00812 0.00892
v 0.03244 0.00920 0.00834
v 0.03184 0.00812 0.00887
v 0.03248 0.00920 0.00817
v 0.03200 0.00813 0.00880
v 0.03214 0.00814 0.00870
v 0.03227 0.00816 0.00858
v 0.03237 0.00818 0.00844
v 0.03167 0.00705 0.00872
v 0.03244 0.00819 0.00828
v 0.03184 0.00706 0.00868
v 0.03248 0.00821 0.00811
v 0.03200 0.00708 0.00861
v 0.03214 0.00710 0.00851
v 0.03227 0.00713 0.00839
v 0.03237 0.00717 0.00825
v 0.03167 0.00601 0.00840
v 0.03244 0.00720 0.00810
v 0.03184 0.00603 0.00836
v 0.03248 0.00724 0.00794
v 0.03200 0.00606 0.00829
v 0.03214 0.00609 0.00820
v 0.03227 0.00614 0.00808
v 0.03237 0.00619 0.00795
v 0.03167 0.00502 0.00796
v 0.03244 0.00624 0.00780
v 0.03184 0.00505 0.00792
v 0.03248 0.00630 0.00764
v 0.03200 0.00508 0.00785
v 0.03214 0.00513 0.00776
v 0.03227 0.00518 0.00765
v 0.03237 0.00525 0.00753
v 0.03167 0.00413 0.00742
v 0.03244 0.00532 0.00739
v 0.03184 0.00415 0.00738
v 0.03248 0.00540 0.00724
v 0.03200 0.00420 0.00732
v 0.03214 0.00425 0.00724
v 0.03227 0.00432 0.00713
v 0.03237 0.00440 0.00702
v 0.03167 0.00332 0.00679
v 0.03244 0.00449 0.00689
v 0.03184 0.00335 0.00676
v 0.03248 0.00459 0.00675
v 0.03200 0.00339 0.00670
v 0.03214 0.00346 0.00662
v 0.03227 0.00354 0.00653
v 0.03237 0.00363 0.00642
v 0.03167 0.00258 0.00608
v 0.03244 0.00374 0.00630
v 0.03184 0.00261 0.00604
v 0.03248 0.00385 0.00618
v 0.03200 0.00267 0.00599
v 0.03214 0.00274 0.00593
v 0.03227 0.00283 0.00584
v 0.03237 0.00294 0.00575
v 0.03167 0.00193 0.00528
v 0.03244 0.00305 0.00564
v 0.03184 0.00197 0.00525
v 0.03248 0.00318 0.00553
v 0.03200 0.00203 0.00521
v 0.03214 0.00211 0.00515
v 0.03227 0.00221 0.00508
v 0.03237 0.00232 0.00500
v 0.03167 0.00138 0.00442
v 0.03244 0.00245 0.00490
v 0.03184 0.00142 0.00440
v 0.03248 0.00259 0.00480
v 0.03167 0.00124 0.00418
v 0.03200 0.00148 0.00436
v 0.03184 0.00128 0.00415
v 0.03214 0.00157 0.00431
v 0.03200 0.00135 0.00412
v 0.03227 0.00167 0.00425
v 0.03214 0.00144 0.00407
v 0.03237 0.00180 0.00418
v 0.03227 0.00155 0.00402
v 0.03167 0.00092 0.00350
v 0.03244 0.00194 0.00410
v 0.03237 0.00167 0.00395
v 0.03184 0.00097 0.00348
v 0.03248 0.00208 0.00402
v 0.03167 0.00080 0.00319
v 0.03244 0.00181 0.00388
v 0.03200 0.00103 0.00345
v 0.03184 0.00084 0.00317
v 0.03248 0.00196 0.00380
v 0.03214 0.00113 0.00341
v 0.03200 0.00091 0.00314
v 0.03227 0.00124 0.00336
v 0.03214 0.00100 0.00311
v 0.03237 0.00137 0.00331
v 0.03167 0.00058 0.00253
v 0.03227 0.00112 0.00306
v 0.03244 0.00152 0.00325
v 0.03184 0.00062 0.00252
v 0.03237 0.00125 0.00301
v 0.03248 0.00167 0.00318
v 0.03200 0.00069 0.00250
v 0.03167 0.00048 0.00215
v 0.03244 0.00140 0.00296
v 0.03214 0.00079 0.00247
v 0.03184 0.00052 0.00214
v 0.03248 0.00156 0.00290
v 0.03227 0.00091 0.00243
v 0.03200 0.00059 0.00212
v 0.03237 0.00104 0.00239
v 0.03214 0.00069 0.00210
v 0.03167 0.00035 0.00153
v 0.03244 0.00120 0.00235
v 0.03227 0.00081 0.00207
v 0.03184 0.00039 0.00152
v 0.03248 0.00136 0.00230
v 0.03237 0.00095 0.00203
v 0.03200 0.00046 0.00151
v 0.03167 0.00028 0.00108
v 0.03244 0.00110 0.00200
v 0.03214 0.00056 0.00149
v 0.03184 0.00033 0.00108
v 0.03248 0.00126 0.00196
v 0.03227 0.00068 0.00147
v 0.03200 0.00040 0.00107
v 0.03237 0.00082 0.00145
v 0.03214 0.00050 0.00106
v 0.03167 0.00023 0.00051
v 0.03244 0.00098 0.00142
v 0.03227 0.00062 0.00104
v 0.03184 0.00027 0.00051
v 0.03248 0.00115 0.00139
v 0.03237 0.00076 0.00102
v 0.03200 0.00035 0.00051
v 0.03167 0.00022 -0.00000
v 0.03244 0.00092 0.00101
v 0.03214 0.00045 0.00050
v 0.03184 0.00026 -0.00000
v 0.03248 0.00109 0.00099
v 0.03227 0.00057 0.00049
v 0.03200 0.00033 -0.00000
v 0.03237 0.00071 0.00049
v 0.03167 0.00023 -0.00051
v 0.03214 0.00043 -0.00000
v 0.03244 0.00087 0.00048
v 0.03184 0.00027 -0.00051
v 0.03227 0.00056 -0.00000
v 0.03248 0.00104 0.00047
v 0.03200 0.00035 -0.00051
v 0.03237 0.00070 -0.00000
v 0.03214 0.00045 -0.00050
v 0.03167 0.00028 -0.00108
v 0.03244 0.00086 -0.00000
v 0.03227 0.00057 -0.00049
v 0.03184 0.00033 -0.00108
v 0.03248 0.00103 -0.00000
v 0.03237 0.00071 -0.00049
v 0.03200 0.00040 -0.00107
v 0.03167 0.00035 -0.00153
v 0.03244 0.00087 -0.00048
v 0.03214 0.00050 -0.00106
v 0.03184 0.00039 -0.00152
v 0.03248 0.00104 -0.00047
v 0.03227 0.00062 -0.00104
v 0.03200 0.00046 -0.00151
v 0.03237 0.00076 -0.00102
v 0.03214 0.00056 -0.00149
v 0.03167 0.00048 -0.00215
v 0.03244 0.00092 -0.00101
v 0.03227 0.00068 -0.00147
v 0.03184 0.00052 -0.00214
v 0.03248 0.00109 -0.00099
v 0.03237 0.00082 -0.00145
v 0.03200 0.00059 -0.00212
v 0.03167 0.00058 -0.00253
v 0.03244 0.00098 -0.00142
v 0.03214 0.00069 -0.00210
v 0.03184 0.00062 -0.00252
v 0.03248 0.00115 -0.00139
v 0.03227 0.00081 -0.00207
v 0.03200 0.00069 -0.00250
v 0.03237 0.00095 -0.00203
v 0.03214 0.00079 -0.00247
v 0.03167 0.00080 -0.00319
v 0.03244 0.00110 -0.00200
v 0.03227 0.00091 -0.00243
v 0.03184 0.00084 -0.00317
v 0.03248 0.00126 -0.00196
v 0.03237 0.00104 -0.00239
v 0.03167 0.00092 -0.00350
v 0.03200 0.00091 -0.00314
v 0.03244 0.00120 -0.00235
v 0.03184 0.00097 -0.00348
v 0.03214 0.00100 -0.00311
v 0.03248 0.00136 -0.00230
v 0.03200 0.00103 -0.00345
v 0.03227 0.00112 -0.00306
v 0.03214 0.00113 -0.00341
v 0.03237 0.00125 -0.00301
v 0.03227 0.00124 -0.00336
v 0.03167 0.00124 -0.00418
v 0.03244 0.00140 -0.00296
v 0.03237 0.00137 -0.00331
v 0.03184 0.00128 -0.00415
v 0.03248 0.00156 -0.00290
v 0.03167 0.00138 -0.00442
v 0.03244 0.00152 -0.00325
v 0.03200 0.00135 -0.00412
v 0.03184 0.00142 -0.00440
v 0.03248 0.00167 -0.00318
v 0.03214 0.00144 -0.00407
v 0.03200 0.00148 -0.00436
v 0.03227 0.00155 -0.00402
v 0.03214 0.00157 -0.00431
v 0.03237 0.00167 -0.00395
v 0.03227 0.00167 -0.00425
v 0.03167 0.00181 -0.00510
v 0.03244 0.00181 -0.00388
v 0.03237 0.00180 -0.00418
v 0.03184 0.00184 -0.00508
v 0.03248 0.00196 -0.00380
v 0.03244 0.00194 -0.00410
v 0.03200 0.00190 -0.00504
v 0.03248 0.00208 -0.00402
v 0.03214 0.00199 -0.00498
v 0.03227 0.00209 -0.00491
v 0.03237 0.00220 -0.00483
v 0.03167 0.00247 -0.00596
v 0.03244 0.00233 -0.00474
v 0.03184 0.00251 -0.00593
v 0.03248 0.00247 -0.00464
v 0.03200 0.00256 -0.00588
v 0.03214 0.00264 -0.00581
v 0.03227 0.00273 -0.00573
v 0.03237 0.00284 -0.00564
v 0.03167 0.00324 -0.00673
v 0.03244 0.00296 -0.00553
v 0.03184 0.00327 -0.00669
v 0.03248 0.00308 -0.00542
v 0.03200 0.00332 -0.00664
v 0.03214 0.00339 -0.00656
v 0.03227 0.00347 -0.00647
v 0.03237 0.00356 -0.00636
v 0.03167 0.00410 -0.00739
v 0.03244 0.00367 -0.00624
v 0.03184 0.00412 -0.00736
v 0.03248 0.00378 -0.00612
v 0.03200 0.00416 -0.00730
v 0.03214 0.00422 -0.00721
v 0.03227 0.00429 -0.00711
v 0.03237 0.00437 -0.00700
v 0.03167 0.00501 -0.00795
v 0.03244 0.00446 -0.00687
v 0.03184 0.00503 -0.00791
v 0.03248 0.00456 -0.00673
v 0.03200 0.00506 -0.00784
v 0.03214 0.00511 -0.00775
v 0.03227 0.00517 -0.00764
v 0.03237 0.00523 -0.00752
v 0.03167 0.00594 -0.00837
v 0.03244 0.00531 -0.00738
v 0.03184 0.00596 -0.00833
v 0.03248 0.00539 -0.00723
v 0.03200 0.00598 -0.00826
v 0.03214 0.00602 -0.00817
v 0.03227 0.00606 -0.00805
v 0.03237 0.00612 -0.00792
v 0.03167 0.00692 -0.00869
v 0.03244 0.00617 -0.00777
v 0.03184 0.00693 -0.00865
v 0.03248 0.00623 -0.00762
v 0.03200 0.00695 -0.00857
v 0.03214 0.00697 -0.00848
v 0.03227 0.00700 -0.00836
v 0.03237 0.00704 -0.00822
v 0.03167 0.00792 -0.00889
v 0.03244 0.00708 -0.00807
v 0.03184 0.00793 -0.00885
v 0.03248 0.00712 -0.00791
v 0.03200 0.00794 -0.00878
v 0.03214 0.00795 -0.00868
v 0.03227 0.00797 -0.00855
v 0.03237 0.00799 -0.00841
v 0.03167 0.00894 -0.00898
v 0.03244 0.00801 -0.00826
v 0.03184 0.00894 -0.00894
v 0.03248 0.00804 -0.00809
v 0.03200 0.00895 -0.00886
v 0.03214 0.00895 -0.00876
v 0.03227 0.00895 -0.00864
v 0.03237 0.00896 -0.00850
v 0.03167 0.00997 -0.00895
v 0.03244 0.00896 -0.00834
v 0.03184 0.00997 -0.00891
v 0.03248 0.00897 -0.00817
v 0.03167 0.01028 -0.00892
v 0.03200 0.00996 -0.00883
v 0.03184 0.01028 -0.00887
v 0.03214 0.00995 -0.00873
v 0.03200 0.01027 -0.00880
v 0.03227 0.00994 -0.00861
v 0.03214 0.01026 -0.00870
v 0.03237 0.00993 -0.00847
v 0.03167 0.01098 -0.00881
v 0.03227 0.01024 -0.00858
v 0.03244 0.00991 -0.00831
v 0.03184 0.01098 -0.00876
v 0.03237 0.01022 -0.00844
v 0.03248 0.00990 -0.00814
v 0.03200 0.01096 -0.00869
v 0.03167 0.01135 -0.00872
v 0.03244 0.01021 -0.00828
v 0.03214 0.01094 -0.00859
v 0.03184 0.01134 -0.00868
v 0.03248 0.01019 -0.00811
v 0.03227 0.01092 -0.00847
v 0.03200 0.01132 -0.00861
v 0.03237 0.01089 -0.00833
v 0.03214 0.01130 -0.00851
v 0.03167 0.01198 -0.00855
v 0.03244 0.01086 -0.00818
v 0.03227 0.01127 -0.00839
v 0.03184 0.01196 -0.00850
v 0.03248 0.01082 -0.00801
v 0.03237 0.01123 -0.00825
v 0.03200 0.01194 -0.00843
v 0.03167 0.01239 -0.00840
v 0.03244 0.01120 -0.00810
v 0.03214 0.01191 -0.00834
v 0.03184 0.01237 -0.00836
v 0.03248 0.01116 -0.00794
v 0.03227 0.01187 -0.00822
v 0.03200 0.01234 -0.00829
v 0.03237 0.01183 -0.00808
v 0.03214 0.01231 -0.00820
v 0.03167 0.01293 -0.00817
v 0.03244 0.01178 -0.00793
v 0.03227 0.01226 -0.00808
v 0.03184 0.01291 -0.00813
v 0.03248 0.01173 -0.00777
v 0.03237 0.01221 -0.00795
v 0.03200 0.01288 -0.00806
v 0.03167 0.01338 -0.00796
v 0.03244 0.01216 -0.00780
v 0.03214 0.01284 -0.00797
v 0.03184 0.01335 -0.00792
v 0.03248 0.01210 -0.00764
v 0.03227 0.01279 -0.00786
v 0.03200 0.01332 -0.00785
v 0.03237 0.01273 -0.00773
v 0.03167 0.01384 -0.00769
v 0.03214 0.01327 -0.00776
v 0.03244 0.01267 -0.00759
v 0.03184 0.01382 -0.00766
v 0.03227 0.01322 -0.00765
v 0.03248 0.01260 -0.00744
v 0.03200 0.01378 -0.00759
v 0.03237 0.01315 -0.00753
v 0.03214 0.01373 -0.00751
v 0.03167 0.01430 -0.00739
v 0.03244 0.01308 -0.00739
v 0.03227 0.01366 -0.00740
v 0.03184 0.01428 -0.00736
v 0.03248 0.01300 -0.00724
v 0.03237 0.01359 -0.00728
v 0.03200 0.01424 -0.00730
v 0.03167 0.01469 -0.00712
v 0.03244 0.01351 -0.00714
v 0.03214 0.01418 -0.00721
v 0.03184 0.01466 -0.00708
v 0.03248 0.01342 -0.00700
v 0.03227 0.01411 -0.00711
v 0.03200 0.01461 -0.00702
v 0.03237 0.01403 -0.00700
v 0.03214 0.01455 -0.00694
v 0.03167 0.01516 -0.00673
v 0.03244 0.01394 -0.00687
v 0.03227 0.01448 -0.00684
v 0.03184 0.01513 -0.00669
v 0.03248 0.01384 -0.00673
v 0.03237 0.01439 -0.00673
v 0.03200 0.01508 -0.00664
v 0.03167 0.01546 -0.00644
v 0.03244 0.01429 -0.00661
v 0.03214 0.01501 -0.00656
v 0.03184 0.01543 -0.00641
v 0.03248 0.01419 -0.00647
v 0.03227 0.01493 -0.00647
v 0.03200 0.01538 -0.00636
v 0.03237 0.01484 -0.00636
v 0.03214 0.01531 -0.00629
v 0.03167 0.01593 -0.00596
v 0.03244 0.01473 -0.00624
v 0.03227 0.01522 -0.00620
v 0.03184 0.01589 -0.00593
v 0.03248 0.01462 -0.00612
v 0.03237 0.01512 -0.00610
v 0.03167 0.01616 -0.00569
v 0.03200 0.01584 -0.00588
v 0.03244 0.01501 -0.00598
v 0.03184 0.01612 -0.00566
v 0.03214 0.01576 -0.00581
v 0.03248 0.01490 -0.00586
v 0.03200 0.01606 -0.00561
v 0.03227 0.01567 -0.00573
v 0.03214 0.01599 -0.00555
v 0.03237 0.01556 -0.00564
v 0.03167 0.01659 -0.00510
v 0.03227 0.01589 -0.00547
v 0.03244 0.01544 -0.00553
v 0.03184 0.01656 -0.00508
v 0.03237 0.01578 -0.00538
v 0.03248 0.01532 -0.00542
v 0.03167 0.01676 -0.00486
v 0.03200 0.01650 -0.00504
v 0.03244 0.01566 -0.00528
v 0.03184 0.01672 -0.00483
v 0.03214 0.01641 -0.00498
v 0.03248 0.01553 -0.00517
v 0.03200 0.01666 -0.00479
v 0.03227 0.01631 -0.00491
v 0.03214 0.01657 -0.00474
v 0.03237 0.01620 -0.00483
v 0.03227 0.01647 -0.00467
v 0.03167 0.01716 -0.00418
v 0.03244 0.01607 -0.00474
v 0.03237 0.01635 -0.00460
v 0.03184 0.01712 -0.00415
v 0.03248 0.01593 -0.00464
v 0.03244 0.01622 -0.00451
v 0.03200 0.01705 -0.00412
v 0.03248 0.01608 -0.00442
v 0.03214 0.01696 -0.00407
v 0.03227 0.01685 -0.00402
v 0.03237 0.01673 -0.00395
v 0.03167 0.01760 -0.00319
v 0.03244 0.01659 -0.00388
v 0.03184 0.01756 -0.00317
v 0.03248 0.01644 -0.00380
v 0.03200 0.01749 -0.00314
v 0.03214 0.01740 -0.00311
v 0.03227 0.01728 -0.00306
v 0.03237 0.01715 -0.00301
v 0.03167 0.01792 -0.00215
v 0.03244 0.01700 -0.00296
v 0.03184 0.01788 -0.00214
v 0.03248 0.01684 -0.00290
v 0.03200 0.01781 -0.00212
v 0.03214 0.01771 -0.00210
v 0.03227 0.01759 -0.00207
v 0.03237 0.01745 -0.00203
v 0.03167 0.01812 -0.00108
v 0.03244 0.01730 -0.00200
v 0.03184 0.01807 -0.00108
v 0.03248 0.01714 -0.00196
v 0.03200 0.01800 -0.00107
v 0.03214 0.01790 -0.00106
v 0.03227 0.01778 -0.00104
v 0.03237 0.01764 -0.00102
v 0.03244 0.01748 -0.00101
v 0.03248 0.01731 -0.00099
vn -0.0000 1.0000 -0.0000
vn -0.0000 1.0000 -0.0000
vn 0.0000 0.9935 0.1140
vn 0.0000 0.9740 0.2265
vn 0.0000 0.9418 0.3360
vn 0.0000 0.8974 0.4412
vn 0.0000 0.8413 0.5406
vn 0.0000 0.7741 0.6330
vn 0.0000 0.6969 0.7171
vn 0.0000 0.6106 0.7919
vn 0.0000 0.5164 0.8563
vn 0.0000 0.4154 0.9096
vn 0.0000 0.3090 0.9511
vn 0.0000 0.1986 0.9801
vn 0.0000 0.0856 0.9963
vn 0.0000 -0.0286 0.9996
vn 0.0000 -0.1423 0.9898
vn 0.0000 -0.2542 0.9671
vn 0.0000 -0.3628 0.9319
vn 0.0000 -0.4667 0.8844
vn 0.0000 -0.5644 0.8255
vn 0.0000 -0.6549 0.7557
vn 0.0000 -0.7367 0.6762
vn 0.0000 -0.8090 0.5878
vn 0.0000 -0.8707 0.4917
vn 0.0000 -0.9211 0.3893
vn 0.0000 -0.9595 0.2817
vn 0.0000 -0.9854 0.1705
vn 0.0000 -0.9984 0.0571
vn 0.0000 -0.9984 -0.0571
vn 0.0000 -0.9854 -0.1705
vn 0.0000 -0.9595 -0.2817
vn 0.0000 -0.9211 -0.3893
vn 0.0000 -0.8707 -0.4917
vn 0.0000 -0.8090 -0.5878
vn 0.0000 -0.7367 -0.6762
vn 0.0000 -0.6549 -0.7557
vn 0.0000 -0.5644 -0.8255
vn 0.0000 -0.4667 -0.8844
vn 0.0000 -0.3628 -0.9319
vn 0.0000 -0.2542 -0.9671
vn 0.0000 -0.1423 -0.9898
vn 0.0000 -0.0286 -0.9996
vn -0.0000 0.0856 -0.9963
vn -0.0000 0.1986 -0.9801
vn -0.0000 0.3090 -0.9511
vn -0.0000 0.4154 -0.9096
vn -0.0000 0.5164 -0.8563
vn -0.0000 0.6106 -0.7919
vn -0.0000 0.6969 -0.7171
vn -0.0000 0.7741 -0.6330
vn -0.0000 0.8413 -0.5406
vn -0.0000 0.8974 -0.4412
vn -0.0000 0.9418 -0.3360
vn -0.0000 0.9740 -0.2265
vn -0.0000 0.9935 -0.1140
vn 0.0000 0.9935 0.1140
vn 0.0000 0.9740 0.2265
vn 0.0000 0.9418 0.3360
vn 0.0000 0.8974 0.4412
vn 0.0000 0.8413 0.5406
vn 0.0000 0.7741 0.6330
vn 0.0000 0.6969 0.7171
vn 0.0000 0.6106 0.7919
vn 0.0000 0.5164 0.8563
vn 0.0000 0.4154 0.9096
vn 0.0000 0.3090 0.9511
vn 0.0000 0.1986 0.9801
vn 0.0000 0.0856 0.9963
vn 0.0000 -0.0286 0.9996
vn 0.0000 -0.1423 0.9898
vn 0.0000 -0.2542 0.9671
vn 0.0000 -0.3628 0.9319
vn 0.0000 -0.4667 0.8844
vn 0.0000 -0.5644 0.8255
vn 0.0000 -0.6549 0.7557
vn 0.0000 -0.7367 0.6762
vn 0.0000 -0.8090 0.5878
vn 0.0000 -0.8707 0.4917
vn 0.0000 -0.9211 0.3893
vn 0.0000 -0.9595 0.2817
vn 0.0000 -0.9854 0.1705
vn 0.0000 -0.9984 0.0571
vn 0.0000 -0.9984 -0.0571
vn 0.0000 -0.9854 -0.1705
vn 0.0000 -0.9595 -0.2817
vn 0.0000 -0.9211 -0.3893
vn 0.0000 -0.8707 -0.4917
vn 0.0000 -0.8090 -0.5878
vn 0.0000 -0.7367 -0.6762
vn 0.0000 -0.6549 -0.7557
vn 0.0000 -0.5644 -0.8255
vn 0.0000 -0.4667 -0.8844
vn 0.0000 -0.3628 -0.9319
vn 0.0000 -0.2542 -0.9671
vn 0.0000 -0.1423 -0.9898
vn 0.0000 -0.0286 -0.9996
vn -0.0000 0.0856 -0.9963
vn -0.0000 0.1986 -0.9801
vn -0.0000 0.3090 -0.9511
vn -0.0000 0.4154 -0.9096
vn -0.0000 0.5164 -0.8563
vn -0.0000 0.6106 -0.7919
vn -0.0000 0.6969 -0.7171
vn -0.0000 0.7741 -0.6330
vn -0.0000 0.8413 -0.5406
vn -0.0000 0.8974 -0.4412
vn -0.0000 0.9418 -0.3360
vn -0.0000 0.9740 -0.2265
vn -0.0000 0.9935 -0.1140
vn -0.1736 0.9848 0.0000
vn -0.3420 0.9397 0.0000
vn -0.5000 0.8660 0.0000
vn -0.6428 0.7660 0.0000
vn -0.7660 0.6428 0.0000
vn -0.8660 0.5000 0.0000
vn -0.9397 0.3420 0.0000
vn -0.9848 0.1736 0.0000
vn -1.0000 0.0000 0.0000
vn -1.0000 0.0000 0.0000
vn -1.0000 0.0000 0.0000
vn -1.0000 0.0000 0.0000
vn -1.0000 0.0000 0.0000
vn -1.0000 0.0000 0.0000
vn -1.0000 0.0000 0.0000
vn -1.0000 0.0000 0.0000
vn -1.0000 0.0000 0.0000
vn -1.0000 0.0000 0.0000
vn -1.0000 0.0000 0.0000
vn -1.0000 0.0000 0.0000
vn -1.0000 0.0000 0.0000
vn -1.0000 -0.0000 0.0000
vn -1.0000 -0.0000 0.0000
vn -1.0000 -0.0000 0.0000
vn -1.0000 -0.0000 0.0000
vn -1.0000 -0.0000 0.0000
vn -1.0000 -0.0000 0.0000
vn -1.0000 -0.0000 0.0000
vn -1.0000 -0.0000 0.0000
vn -1.0000 -0.0000 0.0000
vn -1.0000 -0.0000 0.0000
vn -1.0000 -0.0000 0.0000
vn -1.0000 -0.0000 0.0000
vn -1.0000 -0.0000 0.0000
vn -1.0000 -0.0000 0.0000
vn -1.0000 -0.0000 -0.0000
vn -1.0000 -0.0000 -0.0000
vn -1.0000 -0.0000 -0.0000
vn -1.0000 -0.0000 -0.0000
vn -1.0000 -0.0000 -0.0000
vn -1.0000 -0.0000 -0.0000
vn -1.0000 -0.0000 -0.0000
vn -1.0000 -0.0000 -0.0000
vn -1.0000 -0.0000 -0.0000
vn -1.0000 -0.0000 -0.0000
vn -1.0000 -0.0000 -0.0000
vn -1.0000 -0.0000 -0.0000
vn -1.0000 -0.0000 -0.0000
vn -1.0000 0.0000 -0.0000
vn -1.0000 0.0000 -0.0000
vn -1.0000 0.0000 -0.0000
vn -1.0000 0.0000 -0.0000
vn -1.0000 0.0000 -0.0000
vn -1.0000 0.0000 -0.0000
vn -1.0000 0.0000 -0.0000
vn -1.0000 0.0000 -0.0000
vn -1.0000 0.0000 -0.0000
vn -1.0000 0.0000 -0.0000
vn -1.0000 0.0000 -0.0000
vn -1.0000 0.0000 -0.0000
vn -0.1736 0.9784 0.1123
vn -0.3420 0.9336 0.1071
vn -0.5000 0.8604 0.0987
vn -0.6428 0.7611 0.0873
vn -0.7660 0.6386 0.0733
vn -0.8660 0.4967 0.0570
vn -0.1736 0.9592 0.2231
vn -0.9397 0.3398 0.0390
vn -0.3420 0.9153 0.2128
vn -0.9848 0.1725 0.0198
vn -0.5000 0.8435 0.1962
vn -0.6428 0.7461 0.1735
vn -0.7660 0.6261 0.1456
vn -0.8660 0.4870 0.1132
vn -0.1736 0.9275 0.3309
vn -0.9397 0.3331 0.0775
vn -0.3420 0.8850 0.3158
vn -0.9848 0.1691 0.0393
vn -0.5000 0.8157 0.2910
vn -0.6428 0.7215 0.2574
vn -0.7660 0.6054 0.2160
vn -0.8660 0.4709 0.1680
vn -0.1736 0.8838 0.4345
vn -0.9397 0.3221 0.1149
vn -0.3420 0.8433 0.4146
vn -0.9848 0.1635 0.0584
vn -0.5000 0.7772 0.3821
vn -0.6428 0.6874 0.3380
vn -0.7660 0.5768 0.2836
vn -0.8660 0.4487 0.2206
vn -0.1736 0.8285 0.5324
vn -0.9397 0.3069 0.1509
vn -0.3420 0.7905 0.5080
vn -0.9848 0.1558 0.0766
vn -0.1736 0.8105 0.5594
vn -0.5000 0.7285 0.4682
vn -0.3420 0.7734 0.5338
vn -0.6428 0.6444 0.4142
vn -0.5000 0.7127 0.4920
vn -0.7660 0.5407 0.3475
vn -0.6428 0.6304 0.4352
vn -0.8660 0.4206 0.2703
vn -0.1736 0.7624 0.6234
vn -0.7660 0.5290 0.3651
vn -0.9397 0.2877 0.1849
vn -0.3420 0.7275 0.5948
vn -0.8660 0.4115 0.2840
vn -0.9848 0.1461 0.0939
vn -0.1736 0.7371 0.6530
vn -0.5000 0.6704 0.5482
vn -0.9397 0.2815 0.1943
vn -0.3420 0.7034 0.6231
vn -0.6428 0.5930 0.4849
vn -0.9848 0.1429 0.0986
vn -0.5000 0.6482 0.5743
vn -0.7660 0.4976 0.4069
vn -0.6428 0.5734 0.5080
vn -0.8660 0.3871 0.3165
vn -0.1736 0.6863 0.7062
vn -0.7660 0.4811 0.4262
vn -0.9397 0.2648 0.2165
vn -0.3420 0.6549 0.6739
vn -0.8660 0.3743 0.3316
vn -0.9848 0.1344 0.1099
vn -0.5000 0.6036 0.6211
vn -0.1736 0.6530 0.7371
vn -0.9397 0.2560 0.2268
vn -0.6428 0.5339 0.5494
vn -0.3420 0.6231 0.7034
vn -0.9848 0.1300 0.1152
vn -0.7660 0.4480 0.4610
vn -0.5000 0.5743 0.6482
vn -0.8660 0.3485 0.3586
vn -0.6428 0.5080 0.5734
vn -0.1736 0.6014 0.7799
vn -0.9397 0.2384 0.2453
vn -0.7660 0.4262 0.4811
vn -0.3420 0.5738 0.7441
vn -0.9848 0.1210 0.1245
vn -0.8660 0.3316 0.3743
vn -0.5000 0.5288 0.6858
vn -0.1736 0.5594 0.8105
vn -0.9397 0.2268 0.2560
vn -0.6428 0.4678 0.6066
vn -0.3420 0.5338 0.7734
vn -0.9848 0.1152 0.1300
vn -0.7660 0.3925 0.5090
vn -0.5000 0.4920 0.7127
vn -0.8660 0.3053 0.3960
vn -0.6428 0.4352 0.6304
vn -0.1736 0.5086 0.8433
vn -0.9397 0.2089 0.2708
vn -0.7660 0.3651 0.5290
vn -0.3420 0.4853 0.8047
vn -0.9848 0.1060 0.1375
vn -0.8660 0.2840 0.4115
vn -0.5000 0.4472 0.7416
vn -0.1736 0.4577 0.8720
vn -0.9397 0.1943 0.2815
vn -0.6428 0.3956 0.6560
vn -0.3420 0.4367 0.8321
vn -0.9848 0.0986 0.1429
vn -0.7660 0.3319 0.5505
vn -0.5000 0.4025 0.7668
vn -0.8660 0.2582 0.4282
vn -0.1736 0.4091 0.8958
vn -0.6428 0.3560 0.6783
vn -0.9397 0.1766 0.2929
vn -0.3420 0.3904 0.8548
vn -0.7660 0.2987 0.5692
vn -0.9848 0.0897 0.1487
vn -0.5000 0.3598 0.7878
vn -0.8660 0.2324 0.4427
vn -0.6428 0.3182 0.6968
vn -0.1736 0.3492 0.9208
vn -0.9397 0.1589 0.3028
vn -0.7660 0.2670 0.5847
vn -0.3420 0.3332 0.8786
vn -0.9848 0.0807 0.1538
vn -0.8660 0.2077 0.4548
vn -0.5000 0.3071 0.8097
vn -0.1736 0.3043 0.9366
vn -0.9397 0.1421 0.3111
vn -0.6428 0.2716 0.7163
vn -0.3420 0.2904 0.8937
vn -0.9848 0.0721 0.1580
vn -0.7660 0.2279 0.6010
vn -0.5000 0.2676 0.8236
vn -0.8660 0.1773 0.4675
vn -0.6428 0.2367 0.7286
vn -0.1736 0.2357 0.9562
vn -0.9397 0.1213 0.3198
vn -0.7660 0.1986 0.6113
vn -0.3420 0.2249 0.9124
vn -0.9848 0.0616 0.1624
vn -0.8660 0.1545 0.4755
vn -0.5000 0.2073 0.8409
vn -0.1736 0.1956 0.9652
vn -0.9397 0.1057 0.3253
vn -0.6428 0.1833 0.7438
vn -0.3420 0.1866 0.9210
vn -0.9848 0.0537 0.1651
vn -0.7660 0.1538 0.6241
vn -0.5000 0.1720 0.8488
vn -0.8660 0.1197 0.4855
vn -0.6428 0.1521 0.7508
vn -0.1736 0.1187 0.9776
vn -0.9397 0.0819 0.3321
vn -0.7660 0.1277 0.6300
vn -0.3420 0.1133 0.9328
vn -0.9848 0.0416 0.1686
vn -0.8660 0.0993 0.4900
vn -0.1736 0.0843 0.9812
vn -0.5000 0.1044 0.8597
vn -0.9397 0.0679 0.3352
vn -0.3420 0.0804 0.9362
vn -0.6428 0.0923 0.7605
vn -0.9848 0.0345 0.1702
vn -0.5000 0.0741 0.8628
vn -0.7660 0.0775 0.6381
vn -0.6428 0.0656 0.7632
vn -0.8660 0.0603 0.4964
vn -0.7660 0.0550 0.6404
vn -0.1736 -0.0000 0.9848
vn -0.9397 0.0412 0.3395
vn -0.8660 0.0428 0.4982
vn -0.3420 -0.0000 0.9397
vn -0.9848 0.0209 0.1724
vn -0.9397 0.0293 0.3408
vn -0.5000 -0.0000 0.8660
vn -0.9848 0.0149 0.1730
vn -0.6428 -0.0000 0.7660
vn -0.7660 -0.0000 0.6428
vn -0.8660 -0.0000 0.5000
vn -0.1736 -0.1187 0.9776
vn -0.9397 -0.0000 0.3420
vn -0.3420 -0.1133 0.9328
vn -0.9848 -0.0000 0.1736
vn -0.5000 -0.1044 0.8597
vn -0.6428 -0.0923 0.7605
vn -0.7660 -0.0775 0.6381
vn -0.8660 -0.0603 0.4964
vn -0.1736 -0.2357 0.9562
vn -0.9397 -0.0412 0.3395
vn -0.3420 -0.2249 0.9124
vn -0.9848 -0.0209 0.1724
vn -0.5000 -0.2073 0.8409
vn -0.6428 -0.1833 0.7438
vn -0.7660 -0.1538 0.6241
vn -0.8660 -0.1197 0.4855
vn -0.1736 -0.3492 0.9208
vn -0.9397 -0.0819 0.3321
vn -0.3420 -0.3332 0.8786
vn -0.9848 -0.0416 0.1686
vn -0.5000 -0.3071 0.8097
vn -0.6428 -0.2716 0.7163
vn -0.7660 -0.2279 0.6010
vn -0.8660 -0.1773 0.4675
vn -0.1736 -0.4577 0.8720
vn -0.9397 -0.1213 0.3198
vn -0.3420 -0.4367 0.8321
vn -0.9848 -0.0616 0.1624
vn -0.5000 -0.4025 0.7668
vn -0.6428 -0.3560 0.6783
vn -0.7660 -0.2987 0.5692
vn -0.8660 -0.2324 0.4427
vn -0.1736 -0.5559 0.8129
vn -0.9397 -0.1589 0.3028
vn -0.3420 -0.5304 0.7757
vn -0.9848 -0.0807 0.1538
vn -0.5000 -0.4888 0.7149
vn -0.6428 -0.4324 0.6323
vn -0.7660 -0.3628 0.5306
vn -0.8660 -0.2822 0.4127
vn -0.1736 -0.6449 0.7443
vn -0.9397 -0.1931 0.2823
vn -0.3420 -0.6154 0.7102
vn -0.9848 -0.0980 0.1433
vn -0.5000 -0.5671 0.6545
vn -0.6428 -0.5017 0.5789
vn -0.7660 -0.4209 0.4858
vn -0.8660 -0.3274 0.3779
vn -0.1736 -0.7255 0.6659
vn -0.9397 -0.2240 0.2585
vn -0.3420 -0.6923 0.6354
vn -0.9848 -0.1137 0.1312
vn -0.5000 -0.6380 0.5856
vn -0.6428 -0.5644 0.5180
vn -0.7660 -0.4736 0.4346
vn -0.8660 -0.3684 0.3381
vn -0.1736 -0.7967 0.5789
vn -0.9397 -0.2520 0.2313
vn -0.3420 -0.7602 0.5523
vn -0.9848 -0.1279 0.1174
vn -0.5000 -0.7006 0.5090
vn -0.6428 -0.6197 0.4503
vn -0.7660 -0.5200 0.3778
vn -0.8660 -0.4045 0.2939
vn -0.1736 -0.8575 0.4843
vn -0.9397 -0.2767 0.2010
vn -0.3420 -0.8182 0.4621
vn -0.9848 -0.1405 0.1021
vn -0.1736 -0.8720 0.4577
vn -0.5000 -0.7541 0.4259
vn -0.3420 -0.8321 0.4367
vn -0.6428 -0.6670 0.3767
vn -0.5000 -0.7668 0.4025
vn -0.7660 -0.5597 0.3161
vn -0.6428 -0.6783 0.3560
vn -0.8660 -0.4354 0.2459
vn -0.7660 -0.5692 0.2987
vn -0.1736 -0.9071 0.3834
vn -0.9397 -0.2978 0.1682
vn -0.8660 -0.4427 0.2324
vn -0.3420 -0.8656 0.3658
vn -0.9848 -0.1512 0.0854
vn -0.1736 -0.9208 0.3492
vn -0.9397 -0.3028 0.1589
vn -0.5000 -0.7977 0.3371
vn -0.3420 -0.8786 0.3332
vn -0.9848 -0.1538 0.0807
vn -0.6428 -0.7056 0.2982
vn -0.5000 -0.8097 0.3071
vn -0.7660 -0.5921 0.2502
vn -0.6428 -0.7163 0.2716
vn -0.8660 -0.4606 0.1946
vn -0.1736 -0.9449 0.2775
vn -0.7660 -0.6010 0.2279
vn -0.9397 -0.3150 0.1331
vn -0.3420 -0.9016 0.2647
vn -0.8660 -0.4675 0.1773
vn -0.9848 -0.1600 0.0676
vn -0.5000 -0.8309 0.2440
vn -0.1736 -0.9562 0.2357
vn -0.9397 -0.3198 0.1213
vn -0.6428 -0.7350 0.2158
vn -0.3420 -0.9124 0.2249
vn -0.9848 -0.1624 0.0616
vn -0.7660 -0.6168 0.1811
vn -0.5000 -0.8409 0.2073
vn -0.8660 -0.4797 0.1409
vn -0.6428 -0.7438 0.1833
vn -0.1736 -0.9704 0.1679
vn -0.9397 -0.3282 0.0964
vn -0.7660 -0.6241 0.1538
vn -0.3420 -0.9259 0.1602
vn -0.9848 -0.1666 0.0489
vn -0.8660 -0.4855 0.1197
vn -0.5000 -0.8533 0.1477
vn -0.1736 -0.9776 0.1187
vn -0.9397 -0.3321 0.0819
vn -0.6428 -0.7548 0.1306
vn -0.3420 -0.9328 0.1133
vn -0.9848 -0.1686 0.0416
vn -0.7660 -0.6334 0.1096
vn -0.5000 -0.8597 0.1044
vn -0.8660 -0.4927 0.0853
vn -0.6428 -0.7605 0.0923
vn -0.1736 -0.9832 0.0562
vn -0.9397 -0.3370 0.0583
vn -0.7660 -0.6381 0.0775
vn -0.3420 -0.9382 0.0536
vn -0.9848 -0.1711 0.0296
vn -0.8660 -0.4964 0.0603
vn -0.5000 -0.8646 0.0494
vn -0.1736 -0.9848 0.0000
vn -0.9397 -0.3395 0.0412
vn -0.6428 -0.7648 0.0437
vn -0.3420 -0.9397 0.0000
vn -0.9848 -0.1724 0.0209
vn -0.7660 -0.6417 0.0367
vn -0.5000 -0.8660 0.0000
vn -0.8660 -0.4992 0.0285
vn -0.1736 -0.9832 -0.0562
vn -0.6428 -0.7660 0.0000
vn -0.9397 -0.3415 0.0195
vn -0.3420 -0.9382 -0.0536
vn -0.7660 -0.6428 0.0000
vn -0.9848 -0.1734 0.0099
vn -0.5000 -0.8646 -0.0494
vn -0.8660 -0.5000 0.0000
vn -0.6428 -0.7648 -0.0437
vn -0.1736 -0.9776 -0.1187
vn -0.9397 -0.3420 0.0000
vn -0.7660 -0.6417 -0.0367
vn -0.3420 -0.9328 -0.1133
vn -0.9848 -0.1736 0.0000
vn -0.8660 -0.4992 -0.0285
vn -0.5000 -0.8597 -0.1044
vn -0.1736 -0.9704 -0.1679
vn -0.9397 -0.3415 -0.0195
vn -0.6428 -0.7605 -0.0923
vn -0.3420 -0.9259 -0.1602
vn -0.9848 -0.1734 -0.0099
vn -0.7660 -0.6381 -0.0775
vn -0.5000 -0.8533 -0.1477
vn -0.8660 -0.4964 -0.0603
vn -0.6428 -0.7548 -0.1306
vn -0.1736 -0.9562 -0.2357
vn -0.9397 -0.3395 -0.0412
vn -0.7660 -0.6334 -0.1096
vn -0.3420 -0.9124 -0.2249
vn -0.9848 -0.1724 -0.0209
vn -0.8660 -0.4927 -0.0853
vn -0.5000 -0.8409 -0.2073
vn -0.1736 -0.9449 -0.2775
vn -0.9397 -0.3370 -0.0583
vn -0.6428 -0.7438 -0.1833
vn -0.3420 -0.9016 -0.2647
vn -0.9848 -0.1711 -0.0296
vn -0.7660 -0.6241 -0.1538
vn -0.5000 -0.8309 -0.2440
vn -0.8660 -0.4855 -0.1197
vn -0.6428 -0.7350 -0.2158
vn -0.1736 -0.9208 -0.3492
vn -0.9397 -0.3321 -0.0819
vn -0.7660 -0.6168 -0.1811
vn -0.3420 -0.8786 -0.3332
vn -0.9848 -0.1686 -0.0416
vn -0.8660 -0.4797 -0.1409
vn -0.1736 -0.9071 -0.3834
vn -0.5000 -0.8097 -0.3071
vn -0.9397 -0.3282 -0.0964
vn -0.3420 -0.8656 -0.3658
vn -0.6428 -0.7163 -0.2716
vn -0.9848 -0.1666 -0.0489
vn -0.5000 -0.7977 -0.3371
vn -0.7660 -0.6010 -0.2279
vn -0.6428 -0.7056 -0.2982
vn -0.8660 -0.4675 -0.1773
vn -0.7660 -0.5921 -0.2502
vn -0.1736 -0.8720 -0.4577
vn -0.9397 -0.3198 -0.1213
vn -0.8660 -0.4606 -0.1946
vn -0.3420 -0.8321 -0.4367
vn -0.9848 -0.1624 -0.0616
vn -0.1736 -0.8575 -0.4843
vn -0.9397 -0.3150 -0.1331
vn -0.5000 -0.7668 -0.4025
vn -0.3420 -0.8182 -0.4621
vn -0.9848 -0.1600 -0.0676
vn -0.6428 -0.6783 -0.3560
vn -0.5000 -0.7541 -0.4259
vn -0.7660 -0.5692 -0.2987
vn -0.6428 -0.6670 -0.3767
vn -0.8660 -0.4427 -0.2324
vn -0.7660 -0.5597 -0.3161
vn -0.1736 -0.8105 -0.5594
vn -0.9397 -0.3028 -0.1589
vn -0.8660 -0.4354 -0.2459
vn -0.3420 -0.7734 -0.5338
vn -0.9848 -0.1538 -0.0807
vn -0.9397 -0.2978 -0.1682
vn -0.5000 -0.7127 -0.4920
vn -0.9848 -0.1512 -0.0854
vn -0.6428 -0.6304 -0.4352
vn -0.7660 -0.5290 -0.3651
vn -0.8660 -0.4115 -0.2840
vn -0.1736 -0.7371 -0.6530
vn -0.9397 -0.2815 -0.1943
vn -0.3420 -0.7034 -0.6231
vn -0.9848 -0.1429 -0.0986
vn -0.5000 -0.6482 -0.5743
vn -0.6428 -0.5734 -0.5080
vn -0.7660 -0.4811 -0.4262
vn -0.8660 -0.3743 -0.3316
vn -0.1736 -0.6530 -0.7371
vn -0.9397 -0.2560 -0.2268
vn -0.3420 -0.6231 -0.7034
vn -0.9848 -0.1300 -0.1152
vn -0.5000 -0.5743 -0.6482
vn -0.6428 -0.5080 -0.5734
vn -0.7660 -0.4262 -0.4811
vn -0.8660 -0.3316 -0.3743
vn -0.1736 -0.5594 -0.8105
vn -0.9397 -0.2268 -0.2560
vn -0.3420 -0.5338 -0.7734
vn -0.9848 -0.1152 -0.1300
vn -0.5000 -0.4920 -0.7127
vn -0.6428 -0.4352 -0.6304
vn -0.7660 -0.3651 -0.5290
vn -0.8660 -0.2840 -0.4115
vn -0.1736 -0.4596 -0.8710
vn -0.9397 -0.1943 -0.2815
vn -0.3420 -0.4385 -0.8311
vn -0.9848 -0.0986 -0.1429
vn -0.5000 -0.4041 -0.7659
vn -0.6428 -0.3575 -0.6775
vn -0.7660 -0.3000 -0.5685
vn -0.8660 -0.2333 -0.4422
vn -0.1736 -0.3573 -0.9177
vn -0.9397 -0.1596 -0.3025
vn -0.3420 -0.3409 -0.8757
vn -0.9848 -0.0810 -0.1536
vn -0.5000 -0.3142 -0.8070
vn -0.6428 -0.2779 -0.7138
vn -0.7660 -0.2332 -0.5990
vn -0.8660 -0.1814 -0.4659
vn -0.1736 -0.2504 -0.9525
vn -0.9397 -0.1241 -0.3187
vn -0.3420 -0.2389 -0.9088
vn -0.9848 -0.0630 -0.1618
vn -0.5000 -0.2202 -0.8376
vn -0.6428 -0.1947 -0.7409
vn -0.7660 -0.1634 -0.6217
vn -0.8660 -0.1271 -0.4836
vn -0.1736 -0.1402 -0.9748
vn -0.9397 -0.0869 -0.3308
vn -0.3420 -0.1337 -0.9301
vn -0.9848 -0.0441 -0.1679
vn -0.5000 -0.1232 -0.8572
vn -0.6428 -0.1090 -0.7582
vn -0.7660 -0.0915 -0.6362
vn -0.8660 -0.0712 -0.4949
vn -0.1736 -0.0281 -0.9844
vn -0.9397 -0.0487 -0.3385
vn -0.3420 -0.0268 -0.9393
vn -0.9848 -0.0247 -0.1719
vn -0.5000 -0.0247 -0.8657
vn -0.6428 -0.0219 -0.7657
vn -0.7660 -0.0184 -0.6425
vn -0.8660 -0.0143 -0.4998
vn -0.1736 0.0843 -0.9812
vn -0.9397 -0.0098 -0.3419
vn -0.3420 0.0804 -0.9362
vn -0.9848 -0.0050 -0.1736
vn -0.1736 0.1187 -0.9776
vn -0.5000 0.0741 -0.8628
vn -0.3420 0.1133 -0.9328
vn -0.6428 0.0656 -0.7632
vn -0.5000 0.1044 -0.8597
vn -0.7660 0.0550 -0.6404
vn -0.6428 0.0923 -0.7605
vn -0.8660 0.0428 -0.4982
vn -0.1736 0.1956 -0.9652
vn -0.7660 0.0775 -0.6381
vn -0.9397 0.0293 -0.3408
vn -0.3420 0.1866 -0.9210
vn -0.8660 0.0603 -0.4964
vn -0.9848 0.0149 -0.1730
vn -0.5000 0.1720 -0.8488
vn -0.1736 0.2357 -0.9562
vn -0.9397 0.0412 -0.3395
vn -0.6428 0.1521 -0.7508
vn -0.3420 0.2249 -0.9124
vn -0.9848 0.0209 -0.1724
vn -0.7660 0.1277 -0.6300
vn -0.5000 0.2073 -0.8409
vn -0.8660 0.0993 -0.4900
vn -0.6428 0.1833 -0.7438
vn -0.1736 0.3043 -0.9366
vn -0.9397 0.0679 -0.3352
vn -0.7660 0.1538 -0.6241
vn -0.3420 0.2904 -0.8937
vn -0.9848 0.0345 -0.1702
vn -0.8660 0.1197 -0.4855
vn -0.5000 0.2676 -0.8236
vn -0.1736 0.3492 -0.9208
vn -0.9397 0.0819 -0.3321
vn -0.6428 0.2367 -0.7286
vn -0.3420 0.3332 -0.8786
vn -0.9848 0.0416 -0.1686
vn -0.7660 0.1986 -0.6113
vn -0.5000 0.3071 -0.8097
vn -0.8660 0.1545 -0.4755
vn -0.6428 0.2716 -0.7163
vn -0.1736 0.4091 -0.8958
vn -0.9397 0.1057 -0.3253
vn -0.7660 0.2279 -0.6010
vn -0.3420 0.3904 -0.8548
vn -0.9848 0.0537 -0.1651
vn -0.8660 0.1773 -0.4675
vn -0.5000 0.3598 -0.7878
vn -0.1736 0.4577 -0.8720
vn -0.9397 0.1213 -0.3198
vn -0.6428 0.3182 -0.6968
vn -0.3420 0.4367 -0.8321
vn -0.9848 0.0616 -0.1624
vn -0.7660 0.2670 -0.5847
vn -0.5000 0.4025 -0.7668
vn -0.8660 0.2077 -0.4548
vn -0.1736 0.5086 -0.8433
vn -0.6428 0.3560 -0.6783
vn -0.9397 0.1421 -0.3111
vn -0.3420 0.4853 -0.8047
vn -0.7660 0.2987 -0.5692
vn -0.9848 0.0721 -0.1580
vn -0.5000 0.4472 -0.7416
vn -0.8660 0.2324 -0.4427
vn -0.6428 0.3956 -0.6560
vn -0.1736 0.5594 -0.8105
vn -0.9397 0.1589 -0.3028
vn -0.7660 0.3319 -0.5505
vn -0.3420 0.5338 -0.7734
vn -0.9848 0.0807 -0.1538
vn -0.8660 0.2582 -0.4282
vn -0.5000 0.4920 -0.7127
vn -0.1736 0.6014 -0.7799
vn -0.9397 0.1766 -0.2929
vn -0.6428 0.4352 -0.6304
vn -0.3420 0.5738 -0.7441
vn -0.9848 0.0897 -0.1487
vn -0.7660 0.3651 -0.5290
vn -0.5000 0.5288 -0.6858
vn -0.8660 0.2840 -0.4115
vn -0.6428 0.4678 -0.6066
vn -0.1736 0.6530 -0.7371
vn -0.9397 0.1943 -0.2815
vn -0.7660 0.3925 -0.5090
vn -0.3420 0.6231 -0.7034
vn -0.9848 0.0986 -0.1429
vn -0.8660 0.3053 -0.3960
vn -0.5000 0.5743 -0.6482
vn -0.1736 0.6863 -0.7062
vn -0.9397 0.2089 -0.2708
vn -0.6428 0.5080 -0.5734
vn -0.3420 0.6549 -0.6739
vn -0.9848 0.1060 -0.1375
vn -0.7660 0.4262 -0.4811
vn -0.5000 0.6036 -0.6211
vn -0.8660 0.3316 -0.3743
vn -0.6428 0.5339 -0.5494
vn -0.1736 0.7371 -0.6530
vn -0.9397 0.2268 -0.2560
vn -0.7660 0.4480 -0.4610
vn -0.3420 0.7034 -0.6231
vn -0.9848 0.1152 -0.1300
vn -0.8660 0.3485 -0.3586
vn -0.1736 0.7624 -0.6234
vn -0.5000 0.6482 -0.5743
vn -0.9397 0.2384 -0.2453
vn -0.3420 0.7275 -0.5948
vn -0.6428 0.5734 -0.5080
vn -0.9848 0.1210 -0.1245
vn -0.5000 0.6704 -0.5482
vn -0.7660 0.4811 -0.4262
vn -0.6428 0.5930 -0.4849
vn -0.8660 0.3743 -0.3316
vn -0.1736 0.8105 -0.5594
vn -0.7660 0.4976 -0.4069
vn -0.9397 0.2560 -0.2268
vn -0.3420 0.7734 -0.5338
vn -0.8660 0.3871 -0.3165
vn -0.9848 0.1300 -0.1152
vn -0.1736 0.8285 -0.5324
vn -0.5000 0.7127 -0.4920
vn -0.9397 0.2648 -0.2165
vn -0.3420 0.7905 -0.5080
vn -0.6428 0.6304 -0.4352
vn -0.9848 0.1344 -0.1099
vn -0.5000 0.7285 -0.4682
vn -0.7660 0.5290 -0.3651
vn -0.6428 0.6444 -0.4142
vn -0.8660 0.4115 -0.2840
vn -0.7660 0.5407 -0.3475
vn -0.1736 0.8720 -0.4577
vn -0.9397 0.2815 -0.1943
vn -0.8660 0.4206 -0.2703
vn -0.3420 0.8321 -0.4367
vn -0.9848 0.1429 -0.0986
vn -0.9397 0.2877 -0.1849
vn -0.5000 0.7668 -0.4025
vn -0.9848 0.1461 -0.0939
vn -0.6428 0.6783 -0.3560
vn -0.7660 0.5692 -0.2987
vn -0.8660 0.4427 -0.2324
vn -0.1736 0.9208 -0.3492
vn -0.9397 0.3028 -0.1589
vn -0.3420 0.8786 -0.3332
vn -0.9848 0.1538 -0.0807
vn -0.5000 0.8097 -0.3071
vn -0.6428 0.7163 -0.2716
vn -0.7660 0.6010 -0.2279
vn -0.8660 0.4675 -0.1773
vn -0.1736 0.9562 -0.2357
vn -0.9397 0.3198 -0.1213
vn -0.3420 0.9124 -0.2249
vn -0.9848 0.1624 -0.0616
vn -0.5000 0.8409 -0.2073
vn -0.6428 0.7438 -0.1833
vn -0.7660 0.6241 -0.1538
vn -0.8660 0.4855 -0.1197
vn -0.1736 0.9776 -0.1187
vn -0.9397 0.3321 -0.0819
vn -0.3420 0.9328 -0.1133
vn -0.9848 0.1686 -0.0416
vn -0.5000 0.8597 -0.1044
vn -0.6428 0.7605 -0.0923
vn -0.7660 0.6381 -0.0775
vn -0.8660 0.4964 -0.0603
vn -0.9397 0.3395 -0.0412
vn -0.9848 0.1724 -0.0209
vn 0.1736 0.9848 -0.0000
vn 0.3420 0.9397 -0.0000
vn 0.5000 0.8660 -0.0000
vn 0.6428 0.7660 -0.0000
vn 0.7660 0.6428 -0.0000
vn 0.8660 0.5000 -0.0000
vn 0.9397 0.3420 -0.0000
vn 0.9848 0.1736 -0.0000
vn 1.0000 0.0000 -0.0000
vn 1.0000 0.0000 0.0000
vn 1.0000 0.0000 0.0000
vn 1.0000 0.0000 0.0000
vn 1.0000 0.0000 0.0000
vn 1.0000 0.0000 0.0000
vn 1.0000 0.0000 0.0000
vn 1.0000 0.0000 0.0000
vn 1.0000 0.0000 0.0000
vn 1.0000 0.0000 0.0000
vn 1.0000 0.0000 0.0000
vn 1.0000 0.0000 0.0000
vn 1.0000 0.0000 0.0000
vn 1.0000 0.0000 0.0000
vn 1.0000 -0.0000 0.0000
vn 1.0000 -0.0000 0.0000
vn 1.0000 -0.0000 0.0000
vn 1.0000 -0.0000 0.0000
vn 1.0000 -0.0000 0.0000
vn 1.0000 -0.0000 0.0000
vn 1.0000 -0.0000 0.0000
vn 1.0000 -0.0000 0.0000
vn 1.0000 -0.0000 0.0000
vn 1.0000 -0.0000 0.0000
vn 1.0000 -0.0000 0.0000
vn 1.0000 -0.0000 0.0000
vn 1.0000 -0.0000 0.0000
vn 1.0000 -0.0000 -0.0000
vn 1.0000 -0.0000 -0.0000
vn 1.0000 -0.0000 -0.0000
vn 1.0000 -0.0000 -0.0000
vn 1.0000 -0.0000 -0.0000
vn 1.0000 -0.0000 -0.0000
vn 1.0000 -0.0000 -0.0000
vn 1.0000 -0.0000 -0.0000
vn 1.0000 -0.0000 -0.0000
vn 1.0000 -0.0000 -0.0000
vn 1.0000 -0.0000 -0.0000
vn 1.0000 -0.0000 -0.0000
vn 1.0000 -0.0000 -0.0000
vn 1.0000 0.0000 -0.0000
vn 1.0000 0.0000 -0.0000
vn 1.0000 0.0000 -0.0000
vn 1.0000 0.0000 -0.0000
vn 1.0000 0.0000 -0.0000
vn 1.0000 0.0000 -0.0000
vn 1.0000 0.0000 -0.0000
vn 1.0000 0.0000 -0.0000
vn 1.0000 0.0000 -0.0000
vn 1.0000 0.0000 -0.0000
vn 1.0000 0.0000 -0.0000
vn 1.0000 0.0000 -0.0000
vn 0.1736 0.9784 0.1123
vn 0.3420 0.9336 0.1071
vn 0.5000 0.8604 0.0987
vn 0.6428 0.7611 0.0873
vn 0.7660 0.6386 0.0733
vn 0.8660 0.4967 0.0570
vn 0.1736 0.9592 0.2231
vn 0.9397 0.3398 0.0390
vn 0.3420 0.9153 0.2128
vn 0.9848 0.1725 0.0198
vn 0.5000 0.8435 0.1962
vn 0.6428 0.7461 0.1735
vn 0.7660 0.6261 0.1456
vn 0.8660 0.4870 0.1132
vn 0.1736 0.9275 0.3309
vn 0.9397 0.3331 0.0775
vn 0.3420 0.8850 0.3158
vn 0.9848 0.1691 0.0393
vn 0.5000 0.8157 0.2910
vn 0.6428 0.7215 0.2574
vn 0.7660 0.6054 0.2160
vn 0.8660 0.4709 0.1680
vn 0.1736 0.8838 0.4345
vn 0.9397 0.3221 0.1149
vn 0.3420 0.8433 0.4146
vn 0.9848 0.1635 0.0584
vn 0.5000 0.7772 0.3821
vn 0.6428 0.6874 0.3380
vn 0.7660 0.5768 0.2836
vn 0.8660 0.4487 0.2206
vn 0.1736 0.8285 0.5324
vn 0.9397 0.3069 0.1509
vn 0.3420 0.7905 0.5080
vn 0.9848 0.1558 0.0766
vn 0.1736 0.8105 0.5594
vn 0.5000 0.7285 0.4682
vn 0.3420 0.7734 0.5338
vn 0.6428 0.6444 0.4142
vn 0.5000 0.7127 0.4920
vn 0.7660 0.5407 0.3475
vn 0.6428 0.6304 0.4352
vn 0.8660 0.4206 0.2703
vn 0.1736 0.7624 0.6234
vn 0.7660 0.5290 0.3651
vn 0.9397 0.2877 0.1849
vn 0.3420 0.7275 0.5948
vn 0.8660 0.4115 0.2840
vn 0.9848 0.1461 0.0939
vn 0.1736 0.7371 0.6530
vn 0.5000 0.6704 0.5482
vn 0.9397 0.2815 0.1943
vn 0.3420 0.7034 0.6231
vn 0.6428 0.5930 0.4849
vn 0.9848 0.1429 0.0986
vn 0.5000 0.6482 0.5743
vn 0.7660 0.4976 0.4069
vn 0.6428 0.5734 0.5080
vn 0.8660 0.3871 0.3165
vn 0.1736 0.6863 0.7062
vn 0.7660 0.4811 0.4262
vn 0.9397 0.2648 0.2165
vn 0.3420 0.6549 0.6739
vn 0.8660 0.3743 0.3316
vn 0.9848 0.1344 0.1099
vn 0.5000 0.6036 0.6211
vn 0.1736 0.6530 0.7371
vn 0.9397 0.2560 0.2268
vn 0.6428 0.5339 0.5494
vn 0.3420 0.6231 0.7034
vn 0.9848 0.1300 0.1152
vn 0.7660 0.4480 0.4610
vn 0.5000 0.5743 0.6482
vn 0.8660 0.3485 0.3586
vn 0.6428 0.5080 0.5734
vn 0.1736 0.6014 0.7799
vn 0.9397 0.2384 0.2453
vn 0.7660 0.4262 0.4811
vn 0.3420 0.5738 0.7441
vn 0.9848 0.1210 0.1245
vn 0.8660 0.3316 0.3743
vn 0.5000 0.5288 0.6858
vn 0.1736 0.5594 0.8105
vn 0.9397 0.2268 0.2560
vn 0.6428 0.4678 0.6066
vn 0.3420 0.5338 0.7734
vn 0.9848 0.1152 0.1300
vn 0.7660 0.3925 0.5090
vn 0.5000 0.4920 0.7127
vn 0.8660 0.3053 0.3960
vn 0.6428 0.4352 0.6304
vn 0.1736 0.5086 0.8433
vn 0.9397 0.2089 0.2708
vn 0.7660 0.3651 0.5290
vn 0.3420 0.4853 0.8047
vn 0.9848 0.1060 0.1375
vn 0.8660 0.2840 0.4115
vn 0.5000 0.4472 0.7416
vn 0.1736 0.4577 0.8720
vn 0.9397 0.1943 0.2815
vn 0.6428 0.3956 0.6560
vn 0.3420 0.4367 0.8321
vn 0.9848 0.0986 0.1429
vn 0.7660 0.3319 0.5505
vn 0.5000 0.4025 0.7668
vn 0.8660 0.2582 0.4282
vn 0.1736 0.4091 0.8958
vn 0.6428 0.3560 0.6783
vn 0.9397 0.1766 0.2929
vn 0.3420 0.3904 0.8548
vn 0.7660 0.2987 0.5692
vn 0.9848 0.0897 0.1487
vn 0.5000 0.3598 0.7878
vn 0.8660 0.2324 0.4427
vn 0.6428 0.3182 0.6968
vn 0.1736 0.3492 0.9208
vn 0.9397 0.1589 0.3028
vn 0.7660 0.2670 0.5847
vn 0.3420 0.3332 0.8786
vn 0.9848 0.0807 0.1538
vn 0.8660 0.2077 0.4548
vn 0.5000 0.3071 0.8097
vn 0.1736 0.3043 0.9366
vn 0.9397 0.1421 0.3111
vn 0.6428 0.2716 0.7163
vn 0.3420 0.2904 0.8937
vn 0.9848 0.0721 0.1580
vn 0.7660 0.2279 0.6010
vn 0.5000 0.2676 0.8236
vn 0.8660 0.1773 0.4675
vn 0.6428 0.2367 0.7286
vn 0.1736 0.2357 0.9562
vn 0.9397 0.1213 0.3198
vn 0.7660 0.1986 0.6113
vn 0.3420 0.2249 0.9124
vn 0.9848 0.0616 0.1624
vn 0.8660 0.1545 0.4755
vn 0.5000 0.2073 0.8409
vn 0.1736 0.1956 0.9652
vn 0.9397 0.1057 0.3253
vn 0.6428 0.1833 0.7438
vn 0.3420 0.1866 0.9210
vn 0.9848 0.0537 0.1651
vn 0.7660 0.1538 0.6241
vn 0.5000 0.1720 0.8488
vn 0.8660 0.1197 0.4855
vn 0.6428 0.1521 0.7508
vn 0.1736 0.1187 0.9776
vn 0.9397 0.0819 0.3321
vn 0.7660 0.1277 0.6300
vn 0.3420 0.1133 0.9328
vn 0.9848 0.0416 0.1686
vn 0.8660 0.0993 0.4900
vn 0.1736 0.0843 0.9812
vn 0.5000 0.1044 0.8597
vn 0.9397 0.0679 0.3352
vn 0.3420 0.0804 0.9362
vn 0.6428 0.0923 0.7605
vn 0.9848 0.0345 0.1702
vn 0.5000 0.0741 0.8628
vn 0.7660 0.0775 0.6381
vn 0.6428 0.0656 0.7632
vn 0.8660 0.0603 0.4964
vn 0.7660 0.0550 0.6404
vn 0.1736 0.0000 0.9848
vn 0.9397 0.0412 0.3395
vn 0.8660 0.0428 0.4982
vn 0.3420 0.0000 0.9397
vn 0.9848 0.0209 0.1724
vn 0.9397 0.0293 0.3408
vn 0.5000 0.0000 0.8660
vn 0.9848 0.0149 0.1730
vn 0.6428 0.0000 0.7660
vn 0.7660 0.0000 0.6428
vn 0.8660 0.0000 0.5000
vn 0.1736 -0.1187 0.9776
vn 0.9397 0.0000 0.3420
vn 0.3420 -0.1133 0.9328
vn 0.9848 0.0000 0.1736
vn 0.5000 -0.1044 0.8597
vn 0.6428 -0.0923 0.7605
vn 0.7660 -0.0775 0.6381
vn 0.8660 -0.0603 0.4964
vn 0.1736 -0.2357 0.9562
vn 0.9397 -0.0412 0.3395
vn 0.3420 -0.2249 0.9124
vn 0.9848 -0.0209 0.1724
vn 0.5000 -0.2073 0.8409
vn 0.6428 -0.1833 0.7438
vn 0.7660 -0.1538 0.6241
vn 0.8660 -0.1197 0.4855
vn 0.1736 -0.3492 0.9208
vn 0.9397 -0.0819 0.3321
vn 0.3420 -0.3332 0.8786
vn 0.9848 -0.0416 0.1686
vn 0.5000 -0.3071 0.8097
vn 0.6428 -0.2716 0.7163
vn 0.7660 -0.2279 0.6010
vn 0.8660 -0.1773 0.4675
vn 0.1736 -0.4577 0.8720
vn 0.9397 -0.1213 0.3198
vn 0.3420 -0.4367 0.8321
vn 0.9848 -0.0616 0.1624
vn 0.5000 -0.4025 0.7668
vn 0.6428 -0.3560 0.6783
vn 0.7660 -0.2987 0.5692
vn 0.8660 -0.2324 0.4427
vn 0.1736 -0.5559 0.8129
vn 0.9397 -0.1589 0.3028
vn 0.3420 -0.5304 0.7757
vn 0.9848 -0.0807 0.1538
vn 0.5000 -0.4888 0.7149
vn 0.6428 -0.4324 0.6323
vn 0.7660 -0.3628 0.5306
vn 0.8660 -0.2822 0.4127
vn 0.1736 -0.6449 0.7443
vn 0.9397 -0.1931 0.2823
vn 0.3420 -0.6154 0.7102
vn 0.9848 -0.0980 0.1433
vn 0.5000 -0.5671 0.6545
vn 0.6428 -0.5017 0.5789
vn 0.7660 -0.4209 0.4858
vn 0.8660 -0.3274 0.3779
vn 0.1736 -0.7255 0.6659
vn 0.9397 -0.2240 0.2585
vn 0.3420 -0.6923 0.6354
vn 0.9848 -0.1137 0.1312
vn 0.5000 -0.6380 0.5856
vn 0.6428 -0.5644 0.5180
vn 0.7660 -0.4736 0.4346
vn 0.8660 -0.3684 0.3381
vn 0.1736 -0.7967 0.5789
vn 0.9397 -0.2520 0.2313
vn 0.3420 -0.7602 0.5523
vn 0.9848 -0.1279 0.1174
vn 0.5000 -0.7006 0.5090
vn 0.6428 -0.6197 0.4503
vn 0.7660 -0.5200 0.3778
vn 0.8660 -0.4045 0.2939
vn 0.1736 -0.8575 0.4843
vn 0.9397 -0.2767 0.2010
vn 0.3420 -0.8182 0.4621
vn 0.9848 -0.1405 0.1021
vn 0.1736 -0.8720 0.4577
vn 0.5000 -0.7541 0.4259
vn 0.3420 -0.8321 0.4367
vn 0.6428 -0.6670 0.3767
vn 0.5000 -0.7668 0.4025
vn 0.7660 -0.5597 0.3161
vn 0.6428 -0.6783 0.3560
vn 0.8660 -0.4354 0.2459
vn 0.7660 -0.5692 0.2987
vn 0.1736 -0.9071 0.3834
vn 0.9397 -0.2978 0.1682
vn 0.8660 -0.4427 0.2324
vn 0.3420 -0.8656 0.3658
vn 0.9848 -0.1512 0.0854
vn 0.1736 -0.9208 0.3492
vn 0.9397 -0.3028 0.1589
vn 0.5000 -0.7977 0.3371
vn 0.3420 -0.8786 0.3332
vn 0.9848 -0.1538 0.0807
vn 0.6428 -0.7056 0.2982
vn 0.5000 -0.8097 0.3071
vn 0.7660 -0.5921 0.2502
vn 0.6428 -0.7163 0.2716
vn 0.8660 -0.4606 0.1946
vn 0.1736 -0.9449 0.2775
vn 0.7660 -0.6010 0.2279
vn 0.9397 -0.3150 0.1331
vn 0.3420 -0.9016 0.2647
vn 0.8660 -0.4675 0.1773
vn 0.9848 -0.1600 0.0676
vn 0.5000 -0.8309 0.2440
vn 0.1736 -0.9562 0.2357
vn 0.9397 -0.3198 0.1213
vn 0.6428 -0.7350 0.2158
vn 0.3420 -0.9124 0.2249
vn 0.9848 -0.1624 0.0616
vn 0.7660 -0.6168 0.1811
vn 0.5000 -0.8409 0.2073
vn 0.8660 -0.4797 0.1409
vn 0.6428 -0.7438 0.1833
vn 0.1736 -0.9704 0.1679
vn 0.9397 -0.3282 0.0964
vn 0.7660 -0.6241 0.1538
vn 0.3420 -0.9259 0.1602
vn 0.9848 -0.1666 0.0489
vn 0.8660 -0.4855 0.1197
vn 0.5000 -0.8533 0.1477
vn 0.1736 -0.9776 0.1187
vn 0.9397 -0.3321 0.0819
vn 0.6428 -0.7548 0.1306
vn 0.3420 -0.9328 0.1133
vn 0.9848 -0.1686 0.0416
vn 0.7660 -0.6334 0.1096
vn 0.5000 -0.8597 0.1044
vn 0.8660 -0.4927 0.0853
vn 0.6428 -0.7605 0.0923
vn 0.1736 -0.9832 0.0562
vn 0.9397 -0.3370 0.0583
vn 0.7660 -0.6381 0.0775
vn 0.3420 -0.9382 0.0536
vn 0.9848 -0.1711 0.0296
vn 0.8660 -0.4964 0.0603
vn 0.5000 -0.8646 0.0494
vn 0.1736 -0.9848 0.0000
vn 0.9397 -0.3395 0.0412
vn 0.6428 -0.7648 0.0437
vn 0.3420 -0.9397 0.0000
vn 0.9848 -0.1724 0.0209
vn 0.7660 -0.6417 0.0367
vn 0.5000 -0.8660 0.0000
vn 0.8660 -0.4992 0.0285
vn 0.1736 -0.9832 -0.0562
vn 0.6428 -0.7660 0.0000
vn 0.9397 -0.3415 0.0195
vn 0.3420 -0.9382 -0.0536
vn 0.7660 -0.6428 0.0000
vn 0.9848 -0.1734 0.0099
vn 0.5000 -0.8646 -0.0494
vn 0.8660 -0.5000 0.0000
vn 0.6428 -0.7648 -0.0437
vn 0.1736 -0.9776 -0.1187
vn 0.9397 -0.3420 0.0000
vn 0.7660 -0.6417 -0.0367
vn 0.3420 -0.9328 -0.1133
vn 0.9848 -0.1736 0.0000
vn 0.8660 -0.4992 -0.0285
vn 0.5000 -0.8597 -0.1044
vn 0.1736 -0.9704 -0.1679
vn 0.9397 -0.3415 -0.0195
vn 0.6428 -0.7605 -0.0923
vn 0.3420 -0.9259 -0.1602
vn 0.9848 -0.1734 -0.0099
vn 0.7660 -0.6381 -0.0775
vn 0.5000 -0.8533 -0.1477
vn 0.8660 -0.4964 -0.0603
vn 0.6428 -0.7548 -0.1306
vn 0.1736 -0.9562 -0.2357
vn 0.9397 -0.3395 -0.0412
vn 0.7660 -0.6334 -0.1096
vn 0.3420 -0.9124 -0.2249
vn 0.9848 -0.1724 -0.0209
vn 0.8660 -0.4927 -0.0853
vn 0.5000 -0.8409 -0.2073
vn 0.1736 -0.9449 -0.2775
vn 0.9397 -0.3370 -0.0583
vn 0.6428 -0.7438 -0.1833
vn 0.3420 -0.9016 -0.2647
vn 0.9848 -0.1711 -0.0296
vn 0.7660 -0.6241 -0.1538
vn 0.5000 -0.8309 -0.2440
vn 0.8660 -0.4855 -0.1197
vn 0.6428 -0.7350 -0.2158
vn 0.1736 -0.9208 -0.3492
vn 0.9397 -0.3321 -0.0819
vn 0.7660 -0.6168 -0.1811
vn 0.3420 -0.8786 -0.3332
vn 0.9848 -0.1686 -0.0416
vn 0.8660 -0.4797 -0.1409
vn 0.1736 -0.9071 -0.3834
vn 0.5000 -0.8097 -0.3071
vn 0.9397 -0.3282 -0.0964
vn 0.3420 -0.8656 -0.3658
vn 0.6428 -0.7163 -0.2716
vn 0.9848 -0.1666 -0.0489
vn 0.5000 -0.7977 -0.3371
vn 0.7660 -0.6010 -0.2279
vn 0.6428 -0.7056 -0.2982
vn 0.8660 -0.4675 -0.1773
vn 0.7660 -0.5921 -0.2502
vn 0.1736 -0.8720 -0.4577
vn 0.9397 -0.3198 -0.1213
vn 0.8660 -0.4606 -0.1946
vn 0.3420 -0.8321 -0.4367
vn 0.9848 -0.1624 -0.0616
vn 0.1736 -0.8575 -0.4843
vn 0.9397 -0.3150 -0.1331
vn 0.5000 -0.7668 -0.4025
vn 0.3420 -0.8182 -0.4621
vn 0.9848 -0.1600 -0.0676
vn 0.6428 -0.6783 -0.3560
vn 0.5000 -0.7541 -0.4259
vn 0.7660 -0.5692 -0.2987
vn 0.6428 -0.6670 -0.3767
vn 0.8660 -0.4427 -0.2324
vn 0.7660 -0.5597 -0.3161
vn 0.1736 -0.8105 -0.5594
vn 0.9397 -0.3028 -0.1589
vn 0.8660 -0.4354 -0.2459
vn 0.3420 -0.7734 -0.5338
vn 0.9848 -0.1538 -0.0807
vn 0.9397 -0.2978 -0.1682
vn 0.5000 -0.7127 -0.4920
vn 0.9848 -0.1512 -0.0854
vn 0.6428 -0.6304 -0.4352
vn 0.7660 -0.5290 -0.3651
vn 0.8660 -0.4115 -0.2840
vn 0.1736 -0.7371 -0.6530
vn 0.9397 -0.2815 -0.1943
vn 0.3420 -0.7034 -0.6231
vn 0.9848 -0.1429 -0.0986
vn 0.5000 -0.6482 -0.5743
vn 0.6428 -0.5734 -0.5080
vn 0.7660 -0.4811 -0.4262
vn 0.8660 -0.3743 -0.3316
vn 0.1736 -0.6530 -0.7371
vn 0.9397 -0.2560 -0.2268
vn 0.3420 -0.6231 -0.7034
vn 0.9848 -0.1300 -0.1152
vn 0.5000 -0.5743 -0.6482
vn 0.6428 -0.5080 -0.5734
vn 0.7660 -0.4262 -0.4811
vn 0.8660 -0.3316 -0.3743
vn 0.1736 -0.5594 -0.8105
vn 0.9397 -0.2268 -0.2560
vn 0.3420 -0.5338 -0.7734
vn 0.9848 -0.1152 -0.1300
vn 0.5000 -0.4920 -0.7127
vn 0.6428 -0.4352 -0.6304
vn 0.7660 -0.3651 -0.5290
vn 0.8660 -0.2840 -0.4115
vn 0.1736 -0.4596 -0.8710
vn 0.9397 -0.1943 -0.2815
vn 0.3420 -0.4385 -0.8311
vn 0.9848 -0.0986 -0.1429
vn 0.5000 -0.4041 -0.7659
vn 0.6428 -0.3575 -0.6775
vn 0.7660 -0.3000 -0.5685
vn 0.8660 -0.2333 -0.4422
vn 0.1736 -0.3573 -0.9177
vn 0.9397 -0.1596 -0.3025
vn 0.3420 -0.3409 -0.8757
vn 0.9848 -0.0810 -0.1536
vn 0.5000 -0.3142 -0.8070
vn 0.6428 -0.2779 -0.7138
vn 0.7660 -0.2332 -0.5990
vn 0.8660 -0.1814 -0.4659
vn 0.1736 -0.2504 -0.9525
vn 0.9397 -0.1241 -0.3187
vn 0.3420 -0.2389 -0.9088
vn 0.9848 -0.0630 -0.1618
vn 0.5000 -0.2202 -0.8376
vn 0.6428 -0.1947 -0.7409
vn 0.7660 -0.1634 -0.6217
vn 0.8660 -0.1271 -0.4836
vn 0.1736 -0.1402 -0.9748
vn 0.9397 -0.0869 -0.3308
vn 0.3420 -0.1337 -0.9301
vn 0.9848 -0.0441 -0.1679
vn 0.5000 -0.1232 -0.8572
vn 0.6428 -0.1090 -0.7582
vn 0.7660 -0.0915 -0.6362
vn 0.8660 -0.0712 -0.4949
vn 0.1736 -0.0281 -0.9844
vn 0.9397 -0.0487 -0.3385
vn 0.3420 -0.0268 -0.9393
vn 0.9848 -0.0247 -0.1719
vn 0.5000 -0.0247 -0.8657
vn 0.6428 -0.0219 -0.7657
vn 0.7660 -0.0184 -0.6425
vn 0.8660 -0.0143 -0.4998
vn 0.1736 0.0843 -0.9812
vn 0.9397 -0.0098 -0.3419
vn 0.3420 0.0804 -0.9362
vn 0.9848 -0.0050 -0.1736
vn 0.1736 0.1187 -0.9776
vn 0.5000 0.0741 -0.8628
vn 0.3420 0.1133 -0.9328
vn 0.6428 0.0656 -0.7632
vn 0.5000 0.1044 -0.8597
vn 0.7660 0.0550 -0.6404
vn 0.6428 0.0923 -0.7605
vn 0.8660 0.0428 -0.4982
vn 0.1736 0.1956 -0.9652
vn 0.7660 0.0775 -0.6381
vn 0.9397 0.0293 -0.3408
vn 0.3420 0.1866 -0.9210
vn 0.8660 0.0603 -0.4964
vn 0.9848 0.0149 -0.1730
vn 0.5000 0.1720 -0.8488
vn 0.1736 0.2357 -0.9562
vn 0.9397 0.0412 -0.3395
vn 0.6428 0.1521 -0.7508
vn 0.3420 0.2249 -0.9124
vn 0.9848 0.0209 -0.1724
vn 0.7660 0.1277 -0.6300
vn 0.5000 0.2073 -0.8409
vn 0.8660 0.0993 -0.4900
vn 0.6428 0.1833 -0.7438
vn 0.1736 0.3043 -0.9366
vn 0.9397 0.0679 -0.3352
vn 0.7660 0.1538 -0.6241
vn 0.3420 0.2904 -0.8937
vn 0.9848 0.0345 -0.1702
vn 0.8660 0.1197 -0.4855
vn 0.5000 0.2676 -0.8236
vn 0.1736 0.3492 -0.9208
vn 0.9397 0.0819 -0.3321
vn 0.6428 0.2367 -0.7286
vn 0.3420 0.3332 -0.8786
vn 0.9848 0.0416 -0.1686
vn 0.7660 0.1986 -0.6113
vn 0.5000 0.3071 -0.8097
vn 0.8660 0.1545 -0.4755
vn 0.6428 0.2716 -0.7163
vn 0.1736 0.4091 -0.8958
vn 0.9397 0.1057 -0.3253
vn 0.7660 0.2279 -0.6010
vn 0.3420 0.3904 -0.8548
vn 0.9848 0.0537 -0.1651
vn 0.8660 0.1773 -0.4675
vn 0.5000 0.3598 -0.7878
vn 0.1736 0.4577 -0.8720
vn 0.9397 0.1213 -0.3198
vn 0.6428 0.3182 -0.6968
vn 0.3420 0.4367 -0.8321
vn 0.9848 0.0616 -0.1624
vn 0.7660 0.2670 -0.5847
vn 0.5000 0.4025 -0.7668
vn 0.8660 0.2077 -0.4548
vn 0.1736 0.5086 -0.8433
vn 0.6428 0.3560 -0.6783
vn 0.9397 0.1421 -0.3111
vn 0.3420 0.4853 -0.8047
vn 0.7660 0.2987 -0.5692
vn 0.9848 0.0721 -0.1580
vn 0.5000 0.4472 -0.7416
vn 0.8660 0.2324 -0.4427
vn 0.6428 0.3956 -0.6560
vn 0.1736 0.5594 -0.8105
vn 0.9397 0.1589 -0.3028
vn 0.7660 0.3319 -0.5505
vn 0.3420 0.5338 -0.7734
vn 0.9848 0.0807 -0.1538
vn 0.8660 0.2582 -0.4282
vn 0.5000 0.4920 -0.7127
vn 0.1736 0.6014 -0.7799
vn 0.9397 0.1766 -0.2929
vn 0.6428 0.4352 -0.6304
vn 0.3420 0.5738 -0.7441
vn 0.9848 0.0897 -0.1487
vn 0.7660 0.3651 -0.5290
vn 0.5000 0.5288 -0.6858
vn 0.8660 0.2840 -0.4115
vn 0.6428 0.4678 -0.6066
vn 0.1736 0.6530 -0.7371
vn 0.9397 0.1943 -0.2815
vn 0.7660 0.3925 -0.5090
vn 0.3420 0.6231 -0.7034
vn 0.9848 0.0986 -0.1429
vn 0.8660 0.3053 -0.3960
vn 0.5000 0.5743 -0.6482
vn 0.1736 0.6863 -0.7062
vn 0.9397 0.2089 -0.2708
vn 0.6428 0.5080 -0.5734
vn 0.3420 0.6549 -0.6739
vn 0.9848 0.1060 -0.1375
vn 0.7660 0.4262 -0.4811
vn 0.5000 0.6036 -0.6211
vn 0.8660 0.3316 -0.3743
vn 0.6428 0.5339 -0.5494
vn 0.1736 0.7371 -0.6530
vn 0.9397 0.2268 -0.2560
vn 0.7660 0.4480 -0.4610
vn 0.3420 0.7034 -0.6231
vn 0.9848 0.1152 -0.1300
vn 0.8660 0.3485 -0.3586
vn 0.1736 0.7624 -0.6234
vn 0.5000 0.6482 -0.5743
vn 0.9397 0.2384 -0.2453
vn 0.3420 0.7275 -0.5948
vn 0.6428 0.5734 -0.5080
vn 0.9848 0.1210 -0.1245
vn 0.5000 0.6704 -0.5482
vn 0.7660 0.4811 -0.4262
vn 0.6428 0.5930 -0.4849
vn 0.8660 0.3743 -0.3316
vn 0.1736 0.8105 -0.5594
vn 0.7660 0.4976 -0.4069
vn 0.9397 0.2560 -0.2268
vn 0.3420 0.7734 -0.5338
vn 0.8660 0.3871 -0.3165
vn 0.9848 0.1300 -0.1152
vn 0.1736 0.8285 -0.5324
vn 0.5000 0.7127 -0.4920
vn 0.9397 0.2648 -0.2165
vn 0.3420 0.7905 -0.5080
vn 0.6428 0.6304 -0.4352
vn 0.9848 0.1344 -0.1099
vn 0.5000 0.7285 -0.4682
vn 0.7660 0.5290 -0.3651
vn 0.6428 0.6444 -0.4142
vn 0.8660 0.4115 -0.2840
vn 0.7660 0.5407 -0.3475
vn 0.1736 0.8720 -0.4577
vn 0.9397 0.2815 -0.1943
vn 0.8660 0.4206 -0.2703
vn 0.3420 0.8321 -0.4367
vn 0.9848 0.1429 -0.0986
vn 0.9397 0.2877 -0.1849
vn 0.5000 0.7668 -0.4025
vn 0.9848 0.1461 -0.0939
vn 0.6428 0.6783 -0.3560
vn 0.7660 0.5692 -0.2987
vn 0.8660 0.4427 -0.2324
vn 0.1736 0.9208 -0.3492
vn 0.9397 0.3028 -0.1589
vn 0.3420 0.8786 -0.3332
vn 0.9848 0.1538 -0.0807
vn 0.5000 0.8097 -0.3071
vn 0.6428 0.7163 -0.2716
vn 0.7660 0.6010 -0.2279
vn 0.8660 0.4675 -0.1773
vn 0.1736 0.9562 -0.2357
vn 0.9397 0.3198 -0.1213
vn 0.3420 0.9124 -0.2249
vn 0.9848 0.1624 -0.0616
vn 0.5000 0.8409 -0.2073
vn 0.6428 0.7438 -0.1833
vn 0.7660 0.6241 -0.1538
vn 0.8660 0.4855 -0.1197
vn 0.1736 0.9776 -0.1187
vn 0.9397 0.3321 -0.0819
vn 0.3420 0.9328 -0.1133
vn 0.9848 0.1686 -0.0416
vn 0.5000 0.8597 -0.1044
vn 0.6428 0.7605 -0.0923
vn 0.7660 0.6381 -0.0775
vn 0.8660 0.4964 -0.0603
vn 0.9397 0.3395 -0.0412
vn 0.9848 0.1724 -0.0209
f 1684//1684 1683//1683 1739//1739
f 1685//1685 1684//1684 1739//1739
f 1685//1685 1739//1739 1740//1740
f 1686//1686 1685//1685 1740//1740
f 1687//1687 1686//1686 1740//1740
f 1687//1687 1740//1740 1741//1741
f 1688//1688 1687//1687 1741//1741
f 1688//1688 1741//1741 1742//1742
f 1688//1688 1742//1742 1743//1743
f 1689//1689 1688//1688 1743//1743
f 1690//1690 1689//1689 1743//1743
f 1690//1690 1743//1743 1744//1744
f 1690//1690 1744//1744 1745//1745
f 1691//1691 1690//1690 1745//1745
f 1692//1692 1691//1691 1745//1745
f 1692//1692 1745//1745 1746//1746
f 1692//1692 1746//1746 1747//1747
f 1693//1693 1692//1692 1747//1747
f 1694//1694 1693//1693 1747//1747
f 1694//1694 1747//1747 1748//1748
f 1695//1695 1694//1694 1748//1748
f 1695//1695 1748//1748 1749//1749
f 1696//1696 1695//1695 1749//1749
f 1696//1696 1749//1749 1750//1750
f 1697//1697 1696//1696 1750//1750
f 1697//1697 1750//1750 1751//1751
f 1697//1697 1751//1751 1752//1752
f 1698//1698 1697//1697 1752//1752
f 1699//1699 1752//1752 1753//1753
f 1699//1699 1698//1698 1752//1752
f 1700//1700 1753//1753 1754//1754
f 1700//1700 1699//1699 1753//1753
f 1701//1701 1754//1754 1755//1755
f 1701//1701 1700//1700 1754//1754
f 1702//1702 1755//1755 1756//1756
f 1702//1702 1701//1701 1755//1755
f 1703//1703 1756//1756 1757//1757
f 1703//1703 1757//1757 1758//1758
f 1703//1703 1702//1702 1756//1756
f 1704//1704 1703//1703 1758//1758
f 1705//1705 1758//1758 1759//1759
f 1705//1705 1704//1704 1758//1758
f 1706//1706 1705//1705 1759//1759
f 1706//1706 1759//1759 1760//1760
f 1707//1707 1706//1706 1760//1760
f 1707//1707 1760//1760 1761//1761
f 1708//1708 1707//1707 1761//1761
f 1708//1708 1761//1761 1762//1762
f 1709//1709 1708//1708 1762//1762
f 1709//1709 1762//1762 1763//1763
f 1709//1709 1763//1763 1764//1764
f 1710//1710 1709//1709 1764//1764
f 1711//1711 1710//1710 1764//1764
f 1711//1711 1764//1764 1765//1765
f 1712//1712 1711//1711 1765//1765
f 1712//1712 1765//1765 1766//1766
f 1713//1713 1712//1712 1766//1766
f 1713//1713 1766//1766 1767//1767
f 1714//1714 1713//1713 1767//1767
f 1714//1714 1767//1767 1768//1768
f 1715//1715 1714//1714 1768//1768
f 1715//1715 1768//1768 1769//1769
f 1715//1715 1769//1769 1770//1770
f 1716//1716 1715//1715 1770//1770
f 1717//1717 1716//1716 1770//1770
f 1717//1717 1770//1770 1771//1771
f 1718//1718 1717//1717 1771//1771
f 1718//1718 1771//1771 1772//1772
f 1719//1719 1718//1718 1772//1772
f 1719//1719 1772//1772 1773//1773
f 1720//1720 1719//1719 1773//1773
f 1720//1720 1773//1773 1774//1774
f 1721//1721 1720//1720 1774//1774
f 1721//1721 1774//1774 1775//1775
f 1721//1721 1775//1775 1776//1776
f 1722//1722 1721//1721 1776//1776
f 1723//1723 1722//1722 1776//1776
f 1723//1723 1776//1776 1777//1777
f 1723//1723 1777//1777 1778//1778
f 1724//1724 1723//1723 1778//1778
f 1725//1725 1724//1724 1778//1778
f 1725//1725 1778//1778 1779//1779
f 1726//1726 1725//1725 1779//1779
f 1726//1726 1779//1779 1780//1780
f 1727//1727 1726//1726 1780//1780
f 1727//1727 1780//1780 1781//1781
f 1728//1728 1781//1781 1782//1782
f 1728//1728 1727//1727 1781//1781
f 1729//1729 1782//1782 1783//1783
f 1729//1729 1728//1728 1782//1782
f 1730//1730 1783//1783 1784//1784
f 1730//1730 1729//1729 1783//1783
f 1731//1731 1730//1730 1784//1784
f 1731//1731 1784//1784 1785//1785
f 1732//1732 1731//1731 1785//1785
f 1732//1732 1785//1785 1786//1786
f 1733//1733 1786//1786 1787//1787
f 1733//1733 1732//1732 1786//1786
f 1734//1734 1787//1787 1788//1788
f 1734//1734 1733//1733 1787//1787
f 1735//1735 1788//1788 1789//1789
f 1735//1735 1789//1789 1790//1790
f 1735//1735 1734//1734 1788//1788
f 1736//1736 1735//1735 1790//1790
f 1736//1736 1790//1790 1791//1791
f 1737//1737 1736//1736 1791//1791
f 1738//1738 1791//1791 1792//1792
f 1738//1738 1737//1737 1791//1791
f 1684//1684 1792//1792 1683//1683
f 1684//1684 1738//1738 1792//1792
f 1793//1793 1683//1683 1792//1792
f 1853//1853 1683//1683 1793//1793
f 1853//1853 1739//1739 1683//1683
f 1854//1854 1793//1793 1794//1794
f 1854//1854 1853//1853 1793//1793
f 1855//1855 1794//1794 1795//1795
f 1855//1855 1854//1854 1794//1794
f 1856//1856 1795//1795 1796//1796
f 1856//1856 1855//1855 1795//1795
f 1857//1857 1796//1796 1797//1797
f 1857//1857 1856//1856 1796//1796
f 1858//1858 1797//1797 1798//1798
f 1858//1858 1857//1857 1797//1797
f 1859//1859 1740//1740 1739//1739
f 1859//1859 1739//1739 1853//1853
f 1860//1860 1798//1798 1799//1799
f 1860//1860 1858//1858 1798//1798
f 1861//1861 1859//1859 1853//1853
f 1861//1861 1853//1853 1854//1854
f 1862//1862 1799//1799 1800//1800
f 1862//1862 1800//1800 1801//1801
f 1862//1862 1860//1860 1799//1799
f 1862//1862 1801//1801 1802//1802
f 1863//1863 1854//1854 1855//1855
f 1863//1863 1861//1861 1854//1854
f 1864//1864 1855//1855 1856//1856
f 1864//1864 1863//1863 1855//1855
f 1865//1865 1864//1864 1856//1856
f 1865//1865 1856//1856 1857//1857
f 1866//1866 1857//1857 1858//1858
f 1866//1866 1865//1865 1857//1857
f 1867//1867 1741//1741 1740//1740
f 1867//1867 1740//1740 1859//1859
f 1868//1868 1866//1866 1858//1858
f 1868//1868 1858//1858 1860//1860
f 1869//1869 1867//1867 1859//1859
f 1869//1869 1859//1859 1861//1861
f 1870//1870 1868//1868 1860//1860
f 1870//1870 1802//1802 1803//1803
f 1870//1870 1803//1803 1868//1868
f 1870//1870 1860//1860 1862//1862
f 1870//1870 1862//1862 1802//1802
f 1871//1871 1869//1869 1861//1861
f 1871//1871 1861//1861 1863//1863
f 1871//1871 1863//1863 1864//1864
f 1872//1872 1871//1871 1864//1864
f 1873//1873 1872//1872 1864//1864
f 1873//1873 1864//1864 1865//1865
f 1874//1874 1865//1865 1866//1866
f 1874//1874 1873//1873 1865//1865
f 1875//1875 1742//1742 1741//1741
f 1875//1875 1741//1741 1867//1867
f 1876//1876 1866//1866 1868//1868
f 1876//1876 1874//1874 1866//1866
f 1876//1876 1868//1868 1803//1803
f 1877//1877 1867//1867 1869//1869
f 1877//1877 1875//1875 1867//1867
f 1878//1878 1876//1876 1803//1803
f 1878//1878 1804//1804 1876//1876
f 1878//1878 1803//1803 1804//1804
f 1879//1879 1869//1869 1871//1871
f 1879//1879 1877//1877 1869//1869
f 1880//1880 1879//1879 1871//1871
f 1880//1880 1871//1871 1872//1872
f 1881//1881 1872//1872 1873//1873
f 1881//1881 1880//1880 1872//1872
f 1882//1882 1873//1873 1874//1874
f 1882//1882 1881//1881 1873//1873
f 1883//1883 1743//1743 1742//1742
f 1883//1883 1742//1742 1875//1875
f 1883//1883 1875//1875 1877//1877
f 1884//1884 1874//1874 1876//1876
f 1884//1884 1876//1876 1804//1804
f 1884//1884 1882//1882 1874//1874
f 1885//1885 1883//1883 1877//1877
f 1886//1886 1805//1805 1884//1884
f 1886//1886 1884//1884 1804//1804
f 1886//1886 1804//1804 1805//1805
f 1887//1887 1744//1744 1743//1743
f 1887//1887 1743//1743 1883//1883
f 1887//1887 1883//1883 1885//1885
f 1888//1888 1877//1877 1879//1879
f 1888//1888 1885//1885 1877//1877
f 1889//1889 1887//1887 1885//1885
f 1890//1890 1888//1888 1879//1879
f 1890//1890 1879//1879 1880//1880
f 1891//1891 1885//1885 1888//1888
f 1891//1891 1889//1889 1885//1885
f 1892//1892 1890//1890 1880//1880
f 1892//1892 1880//1880 1881//1881
f 1893//1893 1891//1891 1888//1888
f 1893//1893 1888//1888 1890//1890
f 1894//1894 1892//1892 1881//1881
f 1894//1894 1881//1881 1882//1882
f 1895//1895 1744//1744 1887//1887
f 1895//1895 1887//1887 1889//1889
f 1896//1896 1893//1893 1890//1890
f 1896//1896 1890//1890 1892//1892
f 1897//1897 1884//1884 1805//1805
f 1897//1897 1894//1894 1882//1882
f 1897//1897 1882//1882 1884//1884
f 1898//1898 1895//1895 1889//1889
f 1899//1899 1896//1896 1892//1892
f 1899//1899 1892//1892 1894//1894
f 1900//1900 1805//1805 1806//1806
f 1900//1900 1897//1897 1805//1805
f 1901//1901 1745//1745 1744//1744
f 1901//1901 1744//1744 1895//1895
f 1902//1902 1889//1889 1891//1891
f 1902//1902 1891//1891 1893//1893
f 1902//1902 1898//1898 1889//1889
f 1903//1903 1894//1894 1897//1897
f 1903//1903 1899//1899 1894//1894
f 1903//1903 1897//1897 1900//1900
f 1904//1904 1895//1895 1898//1898
f 1904//1904 1901//1901 1895//1895
f 1905//1905 1902//1902 1893//1893
f 1906//1906 1900//1900 1806//1806
f 1906//1906 1903//1903 1900//1900
f 1907//1907 1904//1904 1898//1898
f 1907//1907 1898//1898 1902//1902
f 1908//1908 1896//1896 1899//1899
f 1908//1908 1905//1905 1893//1893
f 1908//1908 1893//1893 1896//1896
f 1909//1909 1902//1902 1905//1905
f 1909//1909 1907//1907 1902//1902
f 1910//1910 1908//1908 1899//1899
f 1911//1911 1745//1745 1901//1901
f 1912//1912 1905//1905 1908//1908
f 1912//1912 1909//1909 1905//1905
f 1913//1913 1910//1910 1899//1899
f 1913//1913 1899//1899 1903//1903
f 1914//1914 1911//1911 1901//1901
f 1914//1914 1901//1901 1904//1904
f 1915//1915 1912//1912 1908//1908
f 1915//1915 1908//1908 1910//1910
f 1916//1916 1903//1903 1906//1906
f 1916//1916 1913//1913 1903//1903
f 1916//1916 1806//1806 1807//1807
f 1916//1916 1906//1906 1806//1806
f 1917//1917 1914//1914 1904//1904
f 1917//1917 1904//1904 1907//1907
f 1918//1918 1746//1746 1745//1745
f 1918//1918 1745//1745 1911//1911
f 1919//1919 1910//1910 1913//1913
f 1919//1919 1915//1915 1910//1910
f 1920//1920 1907//1907 1909//1909
f 1920//1920 1917//1917 1907//1907
f 1921//1921 1911//1911 1914//1914
f 1921//1921 1914//1914 1917//1917
f 1921//1921 1918//1918 1911//1911
f 1922//1922 1913//1913 1916//1916
f 1922//1922 1919//1919 1913//1913
f 1922//1922 1916//1916 1807//1807
f 1923//1923 1909//1909 1912//1912
f 1923//1923 1920//1920 1909//1909
f 1924//1924 1921//1921 1917//1917
f 1925//1925 1912//1912 1915//1915
f 1925//1925 1923//1923 1912//1912
f 1926//1926 1917//1917 1920//1920
f 1926//1926 1920//1920 1923//1923
f 1926//1926 1924//1924 1917//1917
f 1927//1927 1746//1746 1918//1918
f 1928//1928 1915//1915 1919//1919
f 1928//1928 1925//1925 1915//1915
f 1929//1929 1926//1926 1923//1923
f 1930//1930 1918//1918 1921//1921
f 1930//1930 1927//1927 1918//1918
f 1931//1931 1919//1919 1922//1922
f 1931//1931 1922//1922 1807//1807
f 1931//1931 1928//1928 1919//1919
f 1931//1931 1807//1807 1808//1808
f 1932//1932 1923//1923 1925//1925
f 1932//1932 1929//1929 1923//1923
f 1933//1933 1924//1924 1926//1926
f 1933//1933 1921//1921 1924//1924
f 1933//1933 1930//1930 1921//1921
f 1934//1934 1747//1747 1746//1746
f 1934//1934 1746//1746 1927//1927
f 1935//1935 1925//1925 1928//1928
f 1935//1935 1932//1932 1925//1925
f 1935//1935 1928//1928 1931//1931
f 1936//1936 1933//1933 1926//1926
f 1937//1937 1927//1927 1930//1930
f 1937//1937 1934//1934 1927//1927
f 1938//1938 1931//1931 1808//1808
f 1938//1938 1935//1935 1931//1931
f 1939//1939 1926//1926 1929//1929
f 1939//1939 1936//1936 1926//1926
f 1940//1940 1930//1930 1933//1933
f 1940//1940 1937//1937 1930//1930
f 1941//1941 1929//1929 1932//1932
f 1941//1941 1939//1939 1929//1929
f 1942//1942 1936//1936 1939//1939
f 1942//1942 1933//1933 1936//1936
f 1942//1942 1940//1940 1933//1933
f 1943//1943 1747//1747 1934//1934
f 1944//1944 1932//1932 1935//1935
f 1944//1944 1941//1941 1932//1932
f 1945//1945 1942//1942 1939//1939
f 1946//1946 1937//1937 1940//1940
f 1946//1946 1943//1943 1934//1934
f 1946//1946 1934//1934 1937//1937
f 1947//1947 1935//1935 1938//1938
f 1947//1947 1944//1944 1935//1935
f 1947//1947 1808//1808 1809//1809
f 1947//1947 1938//1938 1808//1808
f 1948//1948 1945//1945 1939//1939
f 1948//1948 1939//1939 1941//1941
f 1949//1949 1946//1946 1940//1940
f 1950//1950 1747//1747 1943//1943
f 1950//1950 1748//1748 1747//1747
f 1951//1951 1941//1941 1944//1944
f 1951//1951 1944//1944 1947//1947
f 1951//1951 1948//1948 1941//1941
f 1952//1952 1949//1949 1940//1940
f 1952//1952 1940//1940 1942//1942
f 1953//1953 1943//1943 1946//1946
f 1953//1953 1950//1950 1943//1943
f 1953//1953 1946//1946 1949//1949
f 1954//1954 1951//1951 1947//1947
f 1954//1954 1947//1947 1809//1809
f 1955//1955 1945//1945 1948//1948
f 1955//1955 1942//1942 1945//1945
f 1955//1955 1952//1952 1942//1942
f 1956//1956 1953//1953 1949//1949
f 1957//1957 1955//1955 1948//1948
f 1958//1958 1950//1950 1953//1953
f 1958//1958 1748//1748 1950//1950
f 1959//1959 1949//1949 1952//1952
f 1959//1959 1956//1956 1949//1949
f 1960//1960 1948//1948 1951//1951
f 1960//1960 1957//1957 1948//1948
f 1961//1961 1953//1953 1956//1956
f 1961//1961 1958//1958 1953//1953
f 1962//1962 1952//1952 1955//1955
f 1962//1962 1959//1959 1952//1952
f 1963//1963 1951//1951 1954//1954
f 1963//1963 1954//1954 1809//1809
f 1963//1963 1960//1960 1951//1951
f 1963//1963 1809//1809 1810//1810
f 1964//1964 1961//1961 1956//1956
f 1965//1965 1955//1955 1957//1957
f 1965//1965 1962//1962 1955//1955
f 1965//1965 1957//1957 1960//1960
f 1966//1966 1956//1956 1959//1959
f 1966//1966 1964//1964 1956//1956
f 1967//1967 1749//1749 1748//1748
f 1967//1967 1748//1748 1958//1958
f 1968//1968 1965//1965 1960//1960
f 1969//1969 1959//1959 1962//1962
f 1969//1969 1966//1966 1959//1959
f 1969//1969 1962//1962 1965//1965
f 1970//1970 1958//1958 1961//1961
f 1970//1970 1967//1967 1958//1958
f 1971//1971 1960//1960 1963//1963
f 1971//1971 1963//1963 1810//1810
f 1971//1971 1968//1968 1960//1960
f 1972//1972 1969//1969 1965//1965
f 1972//1972 1965//1965 1968//1968
f 1973//1973 1961//1961 1964//1964
f 1973//1973 1970//1970 1961//1961
f 1974//1974 1749//1749 1967//1967
f 1975//1975 1972//1972 1968//1968
f 1976//1976 1964//1964 1966//1966
f 1976//1976 1973//1973 1964//1964
f 1977//1977 1970//1970 1973//1973
f 1977//1977 1974//1974 1967//1967
f 1977//1977 1967//1967 1970//1970
f 1978//1978 1975//1975 1968//1968
f 1978//1978 1810//1810 1811//1811
f 1978//1978 1968//1968 1971//1971
f 1978//1978 1971//1971 1810//1810
f 1979//1979 1976//1976 1966//1966
f 1979//1979 1966//1966 1969//1969
f 1980//1980 1977//1977 1973//1973
f 1981//1981 1979//1979 1969//1969
f 1981//1981 1969//1969 1972//1972
f 1982//1982 1973//1973 1976//1976
f 1982//1982 1980//1980 1973//1973
f 1983//1983 1749//1749 1974//1974
f 1983//1983 1750//1750 1749//1749
f 1984//1984 1975//1975 1978//1978
f 1984//1984 1981//1981 1972//1972
f 1984//1984 1972//1972 1975//1975
f 1985//1985 1982//1982 1976//1976
f 1985//1985 1976//1976 1979//1979
f 1986//1986 1974//1974 1977//1977
f 1986//1986 1983//1983 1974//1974
f 1987//1987 1978//1978 1811//1811
f 1987//1987 1984//1984 1978//1978
f 1988//1988 1979//1979 1981//1981
f 1988//1988 1981//1981 1984//1984
f 1988//1988 1985//1985 1979//1979
f 1989//1989 1986//1986 1977//1977
f 1989//1989 1977//1977 1980//1980
f 1990//1990 1750//1750 1983//1983
f 1990//1990 1983//1983 1986//1986
f 1991//1991 1988//1988 1984//1984
f 1992//1992 1980//1980 1982//1982
f 1992//1992 1989//1989 1980//1980
f 1993//1993 1990//1990 1986//1986
f 1994//1994 1987//1987 1811//1811
f 1994//1994 1984//1984 1987//1987
f 1994//1994 1991//1991 1984//1984
f 1994//1994 1811//1811 1812//1812
f 1995//1995 1982//1982 1985//1985
f 1995//1995 1992//1992 1982//1982
f 1996//1996 1986//1986 1989//1989
f 1996//1996 1993//1993 1986//1986
f 1997//1997 1985//1985 1988//1988
f 1997//1997 1995//1995 1985//1985
f 1998//1998 1989//1989 1992//1992
f 1998//1998 1996//1996 1989//1989
f 1998//1998 1992//1992 1995//1995
f 1999//1999 1751//1751 1750//1750
f 1999//1999 1750//1750 1990//1990
f 2000//2000 1988//1988 1991//1991
f 2000//2000 1997//1997 1988//1988
f 2001//2001 1998//1998 1995//1995
f 2002//2002 1990//1990 1993//1993
f 2002//2002 1999//1999 1990//1990
f 2003//2003 1991//1991 1994//1994
f 2003//2003 1994//1994 1812//1812
f 2003//2003 2000//2000 1991//1991
f 2004//2004 1995//1995 1997//1997
f 2004//2004 2001//2001 1995//1995
f 2004//2004 1997//1997 2000//2000
f 2005//2005 1751//1751 1999//1999
f 2006//2006 1993//1993 1996//1996
f 2006//2006 2002//2002 1993//1993
f 2007//2007 2004//2004 2000//2000
f 2008//2008 1999//1999 2002//2002
f 2008//2008 2005//2005 1999//1999
f 2009//2009 1996//1996 1998//1998
f 2009//2009 2006//2006 1996//1996
f 2010//2010 2007//2007 2000//2000
f 2010//2010 2003//2003 1812//1812
f 2010//2010 1812//1812 1813//1813
f 2010//2010 2000//2000 2003//2003
f 2011//2011 2002//2002 2006//2006
f 2011//2011 2008//2008 2002//2002
f 2012//2012 2009//2009 1998//1998
f 2012//2012 1998//1998 2001//2001
f 2012//2012 2001//2001 2004//2004
f 2013//2013 2006//2006 2009//2009
f 2013//2013 2011//2011 2006//2006
f 2014//2014 2012//2012 2004//2004
f 2014//2014 2004//2004 2007//2007
f 2015//2015 2013//2013 2009//2009
f 2015//2015 2009//2009 2012//2012
f 2016//2016 2005//2005 2008//2008
f 2016//2016 1752//1752 1751//1751
f 2016//2016 1751//1751 2005//2005
f 2017//2017 2014//2014 2007//2007
f 2018//2018 2012//2012 2014//2014
f 2018//2018 2015//2015 2012//2012
f 2019//2019 1752//1752 2016//2016
f 2019//2019 2016//2016 2008//2008
f 2020//2020 2017//2017 2007//2007
f 2020//2020 2007//2007 2010//2010
f 2020//2020 2010//2010 1813//1813
f 2021//2021 2014//2014 2017//2017
f 2021//2021 2018//2018 2014//2014
f 2022//2022 2019//2019 2008//2008
f 2022//2022 2008//2008 2011//2011
f 2022//2022 1752//1752 2019//2019
f 2023//2023 2017//2017 2020//2020
f 2023//2023 2021//2021 2017//2017
f 2023//2023 2020//2020 1813//1813
f 2023//2023 1813//1813 1814//1814
f 2024//2024 2011//2011 2013//2013
f 2024//2024 2022//2022 2011//2011
f 2025//2025 2013//2013 2015//2015
f 2025//2025 2024//2024 2013//2013
f 2026//2026 2015//2015 2018//2018
f 2026//2026 2025//2025 2015//2015
f 2027//2027 1753//1753 1752//1752
f 2028//2028 2018//2018 2021//2021
f 2028//2028 2026//2026 2018//2018
f 2029//2029 1753//1753 2027//2027
f 2029//2029 2027//2027 1752//1752
f 2030//2030 2021//2021 2023//2023
f 2030//2030 2023//2023 1814//1814
f 2030//2030 2028//2028 2021//2021
f 2030//2030 1814//1814 1815//1815
f 2031//2031 2029//2029 1752//1752
f 2031//2031 1752//1752 2022//2022
f 2032//2032 2022//2022 2024//2024
f 2032//2032 2031//2031 2022//2022
f 2033//2033 2024//2024 2025//2025
f 2033//2033 2025//2025 2026//2026
f 2033//2033 2032//2032 2024//2024
f 2034//2034 2026//2026 2028//2028
f 2034//2034 2033//2033 2026//2026
f 2035//2035 1754//1754 1753//1753
f 2036//2036 2034//2034 2028//2028
f 2037//2037 1753//1753 2029//2029
f 2037//2037 1754//1754 2035//2035
f 2037//2037 2029//2029 2031//2031
f 2037//2037 2035//2035 1753//1753
f 2038//2038 2036//2036 2028//2028
f 2038//2038 2028//2028 2030//2030
f 2038//2038 2030//2030 1815//1815
f 2039//2039 2037//2037 2031//2031
f 2040//2040 2031//2031 2032//2032
f 2040//2040 2039//2039 2031//2031
f 2041//2041 2040//2040 2032//2032
f 2041//2041 2032//2032 2033//2033
f 2042//2042 2041//2041 2033//2033
f 2042//2042 2033//2033 2034//2034
f 2042//2042 2034//2034 2036//2036
f 2043//2043 1755//1755 1754//1754
f 2044//2044 2042//2042 2036//2036
f 2045//2045 1755//1755 2043//2043
f 2045//2045 2043//2043 1754//1754
f 2045//2045 1754//1754 2037//2037
f 2046//2046 2044//2044 2036//2036
f 2046//2046 2036//2036 2038//2038
f 2046//2046 1815//1815 1816//1816
f 2046//2046 1816//1816 1817//1817
f 2046//2046 2038//2038 1815//1815
f 2047//2047 2045//2045 2037//2037
f 2047//2047 2037//2037 2039//2039
f 2048//2048 2047//2047 2039//2039
f 2048//2048 2039//2039 2040//2040
f 2049//2049 2040//2040 2041//2041
f 2049//2049 2041//2041 2042//2042
f 2049//2049 2048//2048 2040//2040
f 2050//2050 2049//2049 2042//2042
f 2051//2051 1756//1756 1755//1755
f 2052//2052 2050//2050 2042//2042
f 2052//2052 2042//2042 2044//2044
f 2053//2053 1755//1755 2045//2045
f 2053//2053 2051//2051 1755//1755
f 2054//2054 2044//2044 2046//2046
f 2054//2054 2052//2052 2044//2044
f 2054//2054 2046//2046 1817//1817
f 2055//2055 2045//2045 2047//2047
f 2055//2055 2053//2053 2045//2045
f 2056//2056 2047//2047 2048//2048
f 2056//2056 2055//2055 2047//2047
f 2057//2057 2048//2048 2049//2049
f 2057//2057 2056//2056 2048//2048
f 2058//2058 2049//2049 2050//2050
f 2058//2058 2057//2057 2049//2049
f 2059//2059 1756//1756 2051//2051
f 2059//2059 1757//1757 1756//1756
f 2060//2060 2050//2050 2052//2052
f 2060//2060 2058//2058 2050//2050
f 2061//2061 2051//2051 2053//2053
f 2061//2061 2059//2059 2051//2051
f 2062//2062 2052//2052 2054//2054
f 2062//2062 2054//2054 1817//1817
f 2062//2062 2060//2060 2052//2052
f 2062//2062 1817//1817 1818//1818
f 2063//2063 2061//2061 2053//2053
f 2063//2063 2053//2053 2055//2055
f 2063//2063 2055//2055 2056//2056
f 2064//2064 2056//2056 2057//2057
f 2064//2064 2063//2063 2056//2056
f 2065//2065 2064//2064 2057//2057
f 2066//2066 2057//2057 2058//2058
f 2066//2066 2065//2065 2057//2057
f 2067//2067 1757//1757 2059//2059
f 2067//2067 1758//1758 1757//1757
f 2067//2067 1759//1759 1758//1758
f 2068//2068 2058//2058 2060//2060
f 2068//2068 2060//2060 2062//2062
f 2068//2068 2066//2066 2058//2058
f 2069//2069 2059//2059 2061//2061
f 2069//2069 2061//2061 2063//2063
f 2069//2069 2067//2067 2059//2059
f 2070//2070 2062//2062 1818//1818
f 2070//2070 2068//2068 2062//2062
f 2070//2070 1818//1818 1819//1819
f 2071//2071 2069//2069 2063//2063
f 2072//2072 2071//2071 2063//2063
f 2072//2072 2063//2063 2064//2064
f 2072//2072 2064//2064 2065//2065
f 2073//2073 2072//2072 2065//2065
f 2074//2074 2065//2065 2066//2066
f 2074//2074 2073//2073 2065//2065
f 2075//2075 1759//1759 2067//2067
f 2076//2076 2074//2074 2066//2066
f 2076//2076 2066//2066 2068//2068
f 2077//2077 2067//2067 2069//2069
f 2077//2077 2075//2075 2067//2067
f 2078//2078 1820//1820 2076//2076
f 2078//2078 2068//2068 2070//2070
f 2078//2078 1819//1819 1820//1820
f 2078//2078 2070//2070 1819//1819
f 2078//2078 2076//2076 2068//2068
f 2079//2079 2077//2077 2069//2069
f 2079//2079 2069//2069 2071//2071
f 2080//2080 2079//2079 2071//2071
f 2080//2080 2071//2071 2072//2072
f 2081//2081 2080//2080 2072//2072
f 2081//2081 2072//2072 2073//2073
f 2082//2082 2073//2073 2074//2074
f 2082//2082 2081//2081 2073//2073
f 2083//2083 1759//1759 2075//2075
f 2083//2083 1760//1760 1759//1759
f 2084//2084 2074//2074 2076//2076
f 2084//2084 2076//2076 1820//1820
f 2084//2084 2082//2082 2074//2074
f 2085//2085 2083//2083 2075//2075
f 2085//2085 2075//2075 2077//2077
f 2086//2086 2084//2084 1820//1820
f 2086//2086 1821//1821 2084//2084
f 2086//2086 1820//1820 1821//1821
f 2087//2087 2079//2079 2080//2080
f 2087//2087 2077//2077 2079//2079
f 2087//2087 2085//2085 2077//2077
f 2088//2088 2087//2087 2080//2080
f 2089//2089 2081//2081 2082//2082
f 2089//2089 2080//2080 2081//2081
f 2089//2089 2088//2088 2080//2080
f 2090//2090 2089//2089 2082//2082
f 2091//2091 1760//1760 2083//2083
f 2091//2091 1761//1761 1760//1760
f 2092//2092 2082//2082 2084//2084
f 2092//2092 2084//2084 1821//1821
f 2092//2092 2090//2090 2082//2082
f 2093//2093 2083//2083 2085//2085
f 2093//2093 2091//2091 2083//2083
f 2094//2094 2092//2092 1821//1821
f 2094//2094 1822//1822 2092//2092
f 2094//2094 1821//1821 1822//1822
f 2095//2095 1762//1762 1761//1761
f 2095//2095 1761//1761 2091//2091
f 2096//2096 2085//2085 2087//2087
f 2096//2096 2093//2093 2085//2085
f 2097//2097 2095//2095 2091//2091
f 2097//2097 2091//2091 2093//2093
f 2098//2098 2087//2087 2088//2088
f 2098//2098 2096//2096 2087//2087
f 2099//2099 2093//2093 2096//2096
f 2099//2099 2097//2097 2093//2093
f 2100//2100 2088//2088 2089//2089
f 2100//2100 2098//2098 2088//2088
f 2101//2101 2098//2098 2100//2100
f 2101//2101 2099//2099 2096//2096
f 2101//2101 2096//2096 2098//2098
f 2102//2102 2089//2089 2090//2090
f 2102//2102 2100//2100 2089//2089
f 2103//2103 2101//2101 2100//2100
f 2104//2104 1762//1762 2095//2095
f 2104//2104 2095//2095 2097//2097
f 2105//2105 2090//2090 2092//2092
f 2105//2105 2092//2092 1822//1822
f 2105//2105 2102//2102 2090//2090
f 2106//2106 2103//2103 2100//2100
f 2106//2106 2100//2100 2102//2102
f 2107//2107 2104//2104 2097//2097
f 2108//2108 2105//2105 1822//1822
f 2108//2108 1822//1822 1823//1823
f 2109//2109 1763//1763 1762//1762
f 2109//2109 1762//1762 2104//2104
f 2109//2109 2104//2104 2107//2107
f 2110//2110 2105//2105 2108//2108
f 2110//2110 2102//2102 2105//2105
f 2110//2110 2106//2106 2102//2102
f 2111//2111 2097//2097 2099//2099
f 2111//2111 2107//2107 2097//2097
f 2112//2112 2109//2109 2107//2107
f 2112//2112 2107//2107 2111//2111
f 2113//2113 2108//2108 1823//1823
f 2113//2113 2110//2110 2108//2108
f 2114//2114 2111//2111 2099//2099
f 2114//2114 2099//2099 2101//2101
f 2115//2115 2112//2112 2111//2111
f 2115//2115 2111//2111 2114//2114
f 2116//2116 2114//2114 2101//2101
f 2116//2116 2101//2101 2103//2103
f 2117//2117 2115//2115 2114//2114
f 2118//2118 2116//2116 2103//2103
f 2118//2118 2103//2103 2106//2106
f 2119//2119 1763//1763 2109//2109
f 2120//2120 2117//2117 2114//2114
f 2120//2120 2114//2114 2116//2116
f 2121//2121 2106//2106 2110//2110
f 2121//2121 2118//2118 2106//2106
f 2122//2122 2109//2109 2112//2112
f 2122//2122 2119//2119 2109//2109
f 2123//2123 2116//2116 2118//2118
f 2123//2123 2118//2118 2121//2121
f 2123//2123 2120//2120 2116//2116
f 2124//2124 2110//2110 2113//2113
f 2124//2124 2121//2121 2110//2110
f 2124//2124 1823//1823 1824//1824
f 2124//2124 2113//2113 1823//1823
f 2125//2125 2112//2112 2115//2115
f 2125//2125 2122//2122 2112//2112
f 2126//2126 2119//2119 2122//2122
f 2126//2126 1764//1764 1763//1763
f 2126//2126 1763//1763 2119//2119
f 2127//2127 2123//2123 2121//2121
f 2128//2128 2115//2115 2117//2117
f 2128//2128 2125//2125 2115//2115
f 2129//2129 2126//2126 2122//2122
f 2130//2130 2127//2127 2121//2121
f 2130//2130 2121//2121 2124//2124
f 2130//2130 2124//2124 1824//1824
f 2131//2131 2117//2117 2120//2120
f 2131//2131 2128//2128 2117//2117
f 2132//2132 2122//2122 2125//2125
f 2132//2132 2129//2129 2122//2122
f 2133//2133 2131//2131 2120//2120
f 2133//2133 2120//2120 2123//2123
f 2134//2134 2125//2125 2128//2128
f 2134//2134 2132//2132 2125//2125
f 2135//2135 1764//1764 2126//2126
f 2136//2136 2123//2123 2127//2127
f 2136//2136 2133//2133 2123//2123
f 2137//2137 2128//2128 2131//2131
f 2137//2137 2134//2134 2128//2128
f 2138//2138 2135//2135 2126//2126
f 2138//2138 2126//2126 2129//2129
f 2139//2139 2127//2127 2130//2130
f 2139//2139 2130//2130 1824//1824
f 2139//2139 2136//2136 2127//2127
f 2139//2139 1824//1824 1825//1825
f 2140//2140 2131//2131 2133//2133
f 2140//2140 2137//2137 2131//2131
f 2141//2141 2138//2138 2129//2129
f 2141//2141 2129//2129 2132//2132
f 2142//2142 1765//1765 1764//1764
f 2142//2142 1764//1764 2135//2135
f 2143//2143 2140//2140 2133//2133
f 2143//2143 2133//2133 2136//2136
f 2144//2144 2132//2132 2134//2134
f 2144//2144 2141//2141 2132//2132
f 2145//2145 2142//2142 2135//2135
f 2145//2145 2135//2135 2138//2138
f 2146//2146 2143//2143 2136//2136
f 2146//2146 2136//2136 2139//2139
f 2146//2146 2139//2139 1825//1825
f 2147//2147 2144//2144 2134//2134
f 2147//2147 2134//2134 2137//2137
f 2148//2148 2145//2145 2138//2138
f 2148//2148 2138//2138 2141//2141
f 2148//2148 2141//2141 2144//2144
f 2149//2149 2147//2147 2137//2137
f 2149//2149 2137//2137 2140//2140
f 2150//2150 2148//2148 2144//2144
f 2151//2151 1765//1765 2142//2142
f 2152//2152 2149//2149 2140//2140
f 2152//2152 2140//2140 2143//2143
f 2153//2153 2144//2144 2147//2147
f 2153//2153 2150//2150 2144//2144
f 2154//2154 2142//2142 2145//2145
f 2154//2154 2151//2151 2142//2142
f 2155//2155 2143//2143 2146//2146
f 2155//2155 2146//2146 1825//1825
f 2155//2155 2152//2152 2143//2143
f 2155//2155 1825//1825 1826//1826
f 2156//2156 2153//2153 2147//2147
f 2156//2156 2147//2147 2149//2149
f 2156//2156 2149//2149 2152//2152
f 2157//2157 2154//2154 2145//2145
f 2157//2157 2145//2145 2148//2148
f 2158//2158 1765//1765 2151//2151
f 2158//2158 1766//1766 1765//1765
f 2159//2159 2156//2156 2152//2152
f 2160//2160 2148//2148 2150//2150
f 2160//2160 2157//2157 2148//2148
f 2161//2161 2158//2158 2151//2151
f 2161//2161 2151//2151 2154//2154
f 2162//2162 2152//2152 2155//2155
f 2162//2162 2155//2155 1826//1826
f 2162//2162 2159//2159 2152//2152
f 2163//2163 2153//2153 2156//2156
f 2163//2163 2150//2150 2153//2153
f 2163//2163 2160//2160 2150//2150
f 2164//2164 2154//2154 2157//2157
f 2164//2164 2161//2161 2154//2154
f 2165//2165 2163//2163 2156//2156
f 2166//2166 1766//1766 2158//2158
f 2167//2167 2157//2157 2160//2160
f 2167//2167 2164//2164 2157//2157
f 2168//2168 2156//2156 2159//2159
f 2168//2168 2165//2165 2156//2156
f 2169//2169 2158//2158 2161//2161
f 2169//2169 2166//2166 2158//2158
f 2170//2170 2160//2160 2163//2163
f 2170//2170 2167//2167 2160//2160
f 2171//2171 2162//2162 1826//1826
f 2171//2171 2159//2159 2162//2162
f 2171//2171 2168//2168 2159//2159
f 2171//2171 1826//1826 1827//1827
f 2172//2172 2161//2161 2164//2164
f 2172//2172 2164//2164 2167//2167
f 2172//2172 2169//2169 2161//2161
f 2173//2173 2163//2163 2165//2165
f 2173//2173 2170//2170 2163//2163
f 2174//2174 2167//2167 2170//2170
f 2174//2174 2172//2172 2167//2167
f 2175//2175 1767//1767 1766//1766
f 2175//2175 1766//1766 2166//2166
f 2175//2175 2166//2166 2169//2169
f 2176//2176 2165//2165 2168//2168
f 2176//2176 2173//2173 2165//2165
f 2177//2177 2174//2174 2170//2170
f 2178//2178 2175//2175 2169//2169
f 2179//2179 2168//2168 2171//2171
f 2179//2179 2171//2171 1827//1827
f 2179//2179 2176//2176 2168//2168
f 2180//2180 2177//2177 2170//2170
f 2180//2180 2170//2170 2173//2173
f 2181//2181 2172//2172 2174//2174
f 2181//2181 2178//2178 2169//2169
f 2181//2181 2169//2169 2172//2172
f 2182//2182 1767//1767 2175//2175
f 2182//2182 2175//2175 2178//2178
f 2183//2183 2180//2180 2173//2173
f 2183//2183 2173//2173 2176//2176
f 2184//2184 2181//2181 2174//2174
f 2185//2185 2182//2182 2178//2178
f 2186//2186 2179//2179 1827//1827
f 2186//2186 2176//2176 2179//2179
f 2186//2186 2183//2183 2176//2176
f 2186//2186 1827//1827 1828//1828
f 2187//2187 2184//2184 2174//2174
f 2187//2187 2174//2174 2177//2177
f 2188//2188 2178//2178 2181//2181
f 2188//2188 2185//2185 2178//2178
f 2189//2189 2177//2177 2180//2180
f 2189//2189 2187//2187 2177//2177
f 2190//2190 2181//2181 2184//2184
f 2190//2190 2188//2188 2181//2181
f 2191//2191 1767//1767 2182//2182
f 2191//2191 1768//1768 1767//1767
f 2192//2192 2189//2189 2180//2180
f 2192//2192 2180//2180 2183//2183
f 2193//2193 2184//2184 2187//2187
f 2193//2193 2187//2187 2189//2189
f 2193//2193 2190//2190 2184//2184
f 2194//2194 2182//2182 2185//2185
f 2194//2194 2191//2191 2182//2182
f 2195//2195 2183//2183 2186//2186
f 2195//2195 2186//2186 1828//1828
f 2195//2195 2192//2192 2183//2183
f 2196//2196 2189//2189 2192//2192
f 2196//2196 2193//2193 2189//2189
f 2197//2197 2185//2185 2188//2188
f 2197//2197 2194//2194 2185//2185
f 2198//2198 1768//1768 2191//2191
f 2199//2199 2196//2196 2192//2192
f 2200//2200 2188//2188 2190//2190
f 2200//2200 2197//2197 2188//2188
f 2201//2201 2191//2191 2194//2194
f 2201//2201 2198//2198 2191//2191
f 2202//2202 1828//1828 1829//1829
f 2202//2202 2195//2195 1828//1828
f 2202//2202 2192//2192 2195//2195
f 2202//2202 2199//2199 2192//2192
f 2203//2203 2190//2190 2193//2193
f 2203//2203 2200//2200 2190//2190
f 2204//2204 2194//2194 2197//2197
f 2204//2204 2201//2201 2194//2194
f 2205//2205 2193//2193 2196//2196
f 2205//2205 2203//2203 2193//2193
f 2206//2206 2197//2197 2200//2200
f 2206//2206 2204//2204 2197//2197
f 2207//2207 1769//1769 1768//1768
f 2207//2207 2198//2198 2201//2201
f 2207//2207 1768//1768 2198//2198
f 2208//2208 2205//2205 2196//2196
f 2208//2208 2196//2196 2199//2199
f 2209//2209 2206//2206 2200//2200
f 2209//2209 2200//2200 2203//2203
f 2209//2209 2203//2203 2205//2205
f 2210//2210 2207//2207 2201//2201
f 2211//2211 2208//2208 2199//2199
f 2211//2211 2202//2202 1829//1829
f 2211//2211 2199//2199 2202//2202
f 2212//2212 2209//2209 2205//2205
f 2213//2213 1769//1769 2207//2207
f 2214//2214 2210//2210 2201//2201
f 2214//2214 2201//2201 2204//2204
f 2215//2215 2205//2205 2208//2208
f 2215//2215 2212//2212 2205//2205
f 2216//2216 2213//2213 2207//2207
f 2216//2216 2207//2207 2210//2210
f 2217//2217 2206//2206 2209//2209
f 2217//2217 2214//2214 2204//2204
f 2217//2217 2204//2204 2206//2206
f 2218//2218 2215//2215 2208//2208
f 2218//2218 1829//1829 1830//1830
f 2218//2218 2208//2208 2211//2211
f 2218//2218 2211//2211 1829//1829
f 2219//2219 2210//2210 2214//2214
f 2219//2219 2216//2216 2210//2210
f 2219//2219 2214//2214 2217//2217
f 2220//2220 2217//2217 2209//2209
f 2221//2221 2219//2219 2217//2217
f 2222//2222 2209//2209 2212//2212
f 2222//2222 2212//2212 2215//2215
f 2222//2222 2220//2220 2209//2209
f 2223//2223 2217//2217 2220//2220
f 2223//2223 2221//2221 2217//2217
f 2224//2224 1769//1769 2213//2213
f 2224//2224 1770//1770 1769//1769
f 2224//2224 2213//2213 2216//2216
f 2225//2225 2222//2222 2215//2215
f 2226//2226 2220//2220 2222//2222
f 2226//2226 2223//2223 2220//2220
f 2227//2227 2224//2224 2216//2216
f 2228//2228 2215//2215 2218//2218
f 2228//2228 2218//2218 1830//1830
f 2228//2228 2225//2225 2215//2215
f 2229//2229 1770//1770 2224//2224
f 2230//2230 2226//2226 2222//2222
f 2230//2230 2222//2222 2225//2225
f 2230//2230 2225//2225 2228//2228
f 2231//2231 2219//2219 2221//2221
f 2231//2231 2227//2227 2216//2216
f 2231//2231 2216//2216 2219//2219
f 2232//2232 2224//2224 2227//2227
f 2232//2232 2229//2229 2224//2224
f 2233//2233 1830//1830 1831//1831
f 2233//2233 2228//2228 1830//1830
f 2233//2233 2230//2230 2228//2228
f 2234//2234 2231//2231 2221//2221
f 2235//2235 2232//2232 2227//2227
f 2235//2235 2227//2227 2231//2231
f 2236//2236 2234//2234 2221//2221
f 2236//2236 2221//2221 2223//2223
f 2237//2237 2231//2231 2234//2234
f 2237//2237 2235//2235 2231//2231
f 2238//2238 2223//2223 2226//2226
f 2238//2238 2226//2226 2230//2230
f 2238//2238 2236//2236 2223//2223
f 2239//2239 2237//2237 2234//2234
f 2239//2239 2234//2234 2236//2236
f 2240//2240 1771//1771 1770//1770
f 2240//2240 1770//1770 2229//2229
f 2241//2241 2238//2238 2230//2230
f 2242//2242 2236//2236 2238//2238
f 2242//2242 2239//2239 2236//2236
f 2243//2243 2240//2240 2229//2229
f 2243//2243 2229//2229 2232//2232
f 2243//2243 1771//1771 2240//2240
f 2244//2244 2230//2230 2233//2233
f 2244//2244 2241//2241 2230//2230
f 2244//2244 2233//2233 1831//1831
f 2245//2245 2242//2242 2238//2238
f 2245//2245 2238//2238 2241//2241
f 2246//2246 2243//2243 2232//2232
f 2246//2246 2232//2232 2235//2235
f 2247//2247 1831//1831 1832//1832
f 2247//2247 2241//2241 2244//2244
f 2247//2247 2245//2245 2241//2241
f 2247//2247 2244//2244 1831//1831
f 2248//2248 2246//2246 2235//2235
f 2248//2248 2235//2235 2237//2237
f 2249//2249 2248//2248 2237//2237
f 2249//2249 2237//2237 2239//2239
f 2250//2250 2239//2239 2242//2242
f 2250//2250 2249//2249 2239//2239
f 2250//2250 2242//2242 2245//2245
f 2251//2251 1772//1772 1771//1771
f 2252//2252 2250//2250 2245//2245
f 2253//2253 2251//2251 1771//1771
f 2253//2253 1772//1772 2251//2251
f 2253//2253 1771//1771 2243//2243
f 2254//2254 2247//2247 1832//1832
f 2254//2254 2245//2245 2247//2247
f 2254//2254 2252//2252 2245//2245
f 2255//2255 2253//2253 2243//2243
f 2255//2255 2243//2243 2246//2246
f 2256//2256 2246//2246 2248//2248
f 2256//2256 2255//2255 2246//2246
f 2257//2257 2248//2248 2249//2249
f 2257//2257 2256//2256 2248//2248
f 2258//2258 2249//2249 2250//2250
f 2258//2258 2257//2257 2249//2249
f 2259//2259 1773//1773 1772//1772
f 2260//2260 2258//2258 2250//2250
f 2260//2260 2250//2250 2252//2252
f 2261//2261 1772//1772 2253//2253
f 2261//2261 2259//2259 1772//1772
f 2261//2261 1773//1773 2259//2259
f 2262//2262 1832//1832 1833//1833
f 2262//2262 1833//1833 1834//1834
f 2262//2262 2252//2252 2254//2254
f 2262//2262 2254//2254 1832//1832
f 2262//2262 2260//2260 2252//2252
f 2263//2263 2261//2261 2253//2253
f 2263//2263 2253//2253 2255//2255
f 2264//2264 2255//2255 2256//2256
f 2264//2264 2256//2256 2257//2257
f 2264//2264 2263//2263 2255//2255
f 2265//2265 2264//2264 2257//2257
f 2266//2266 2257//2257 2258//2258
f 2266//2266 2258//2258 2260//2260
f 2266//2266 2265//2265 2257//2257
f 2267//2267 1774//1774 1773//1773
f 2268//2268 2260//2260 2262//2262
f 2268//2268 2266//2266 2260//2260
f 2269//2269 1773//1773 2261//2261
f 2269//2269 2267//2267 1773//1773
f 2270//2270 1834//1834 1835//1835
f 2270//2270 2262//2262 1834//1834
f 2270//2270 2268//2268 2262//2262
f 2271//2271 2261//2261 2263//2263
f 2271//2271 2269//2269 2261//2261
f 2272//2272 2263//2263 2264//2264
f 2272//2272 2264//2264 2265//2265
f 2272//2272 2271//2271 2263//2263
f 2273//2273 2272//2272 2265//2265
f 2274//2274 2265//2265 2266//2266
f 2274//2274 2266//2266 2268//2268
f 2274//2274 2273//2273 2265//2265
f 2275//2275 1775//1775 1774//1774
f 2275//2275 1774//1774 2267//2267
f 2276//2276 2274//2274 2268//2268
f 2277//2277 2267//2267 2269//2269
f 2277//2277 2275//2275 2267//2267
f 2278//2278 2276//2276 2268//2268
f 2278//2278 2270//2270 1835//1835
f 2278//2278 2268//2268 2270//2270
f 2279//2279 2277//2277 2269//2269
f 2279//2279 2269//2269 2271//2271
f 2280//2280 2279//2279 2271//2271
f 2280//2280 2271//2271 2272//2272
f 2281//2281 2280//2280 2272//2272
f 2281//2281 2272//2272 2273//2273
f 2282//2282 2281//2281 2273//2273
f 2282//2282 2273//2273 2274//2274
f 2283//2283 1776//1776 1775//1775
f 2283//2283 1775//1775 2275//2275
f 2284//2284 2274//2274 2276//2276
f 2284//2284 2282//2282 2274//2274
f 2285//2285 2277//2277 2279//2279
f 2285//2285 2283//2283 2275//2275
f 2285//2285 2275//2275 2277//2277
f 2286//2286 1835//1835 1836//1836
f 2286//2286 2278//2278 1835//1835
f 2286//2286 2276//2276 2278//2278
f 2286//2286 2284//2284 2276//2276
f 2287//2287 2285//2285 2279//2279
f 2288//2288 2279//2279 2280//2280
f 2288//2288 2287//2287 2279//2279
f 2288//2288 2280//2280 2281//2281
f 2289//2289 2288//2288 2281//2281
f 2290//2290 2281//2281 2282//2282
f 2290//2290 2282//2282 2284//2284
f 2290//2290 2289//2289 2281//2281
f 2291//2291 1776//1776 2283//2283
f 2291//2291 1777//1777 1776//1776
f 2292//2292 2290//2290 2284//2284
f 2293//2293 2283//2283 2285//2285
f 2293//2293 2291//2291 2283//2283
f 2294//2294 1836//1836 1837//1837
f 2294//2294 2286//2286 1836//1836
f 2294//2294 2284//2284 2286//2286
f 2294//2294 1837//1837 2292//2292
f 2294//2294 2292//2292 2284//2284
f 2295//2295 2293//2293 2285//2285
f 2295//2295 2285//2285 2287//2287
f 2296//2296 2295//2295 2287//2287
f 2296//2296 2287//2287 2288//2288
f 2297//2297 2288//2288 2289//2289
f 2297//2297 2296//2296 2288//2288
f 2298//2298 2289//2289 2290//2290
f 2298//2298 2297//2297 2289//2289
f 2299//2299 1778//1778 1777//1777
f 2299//2299 1777//1777 2291//2291
f 2300//2300 2292//2292 1837//1837
f 2300//2300 2290//2290 2292//2292
f 2300//2300 2298//2298 2290//2290
f 2301//2301 2299//2299 2291//2291
f 2301//2301 2293//2293 2295//2295
f 2301//2301 2291//2291 2293//2293
f 2302//2302 1837//1837 1838//1838
f 2302//2302 2300//2300 1837//1837
f 2302//2302 1838//1838 2300//2300
f 2303//2303 2301//2301 2295//2295
f 2304//2304 2303//2303 2295//2295
f 2304//2304 2295//2295 2296//2296
f 2304//2304 2296//2296 2297//2297
f 2305//2305 2304//2304 2297//2297
f 2306//2306 2297//2297 2298//2298
f 2306//2306 2305//2305 2297//2297
f 2307//2307 1779//1779 1778//1778
f 2307//2307 2299//2299 2301//2301
f 2307//2307 1778//1778 2299//2299
f 2308//2308 2300//2300 1838//1838
f 2308//2308 2298//2298 2300//2300
f 2308//2308 2306//2306 2298//2298
f 2309//2309 2307//2307 2301//2301
f 2310//2310 1838//1838 1839//1839
f 2310//2310 1839//1839 2308//2308
f 2310//2310 2308//2308 1838//1838
f 2311//2311 2301//2301 2303//2303
f 2311//2311 2309//2309 2301//2301
f 2312//2312 2311//2311 2303//2303
f 2312//2312 2303//2303 2304//2304
f 2313//2313 2312//2312 2304//2304
f 2313//2313 2304//2304 2305//2305
f 2314//2314 2313//2313 2305//2305
f 2314//2314 2305//2305 2306//2306
f 2315//2315 1780//1780 1779//1779
f 2315//2315 1779//1779 2307//2307
f 2316//2316 2314//2314 2306//2306
f 2316//2316 2308//2308 1839//1839
f 2316//2316 2306//2306 2308//2308
f 2317//2317 2309//2309 2311//2311
f 2317//2317 2315//2315 2307//2307
f 2317//2317 2307//2307 2309//2309
f 2318//2318 1840//1840 2316//2316
f 2318//2318 1839//1839 1840//1840
f 2318//2318 2316//2316 1839//1839
f 2319//2319 1780//1780 2315//2315
f 2319//2319 1781//1781 1780//1780
f 2320//2320 2317//2317 2311//2311
f 2321//2321 2315//2315 2317//2317
f 2321//2321 2319//2319 2315//2315
f 2321//2321 2317//2317 2320//2320
f 2322//2322 2312//2312 2313//2313
f 2322//2322 2320//2320 2311//2311
f 2322//2322 2311//2311 2312//2312
f 2323//2323 2321//2321 2320//2320
f 2324//2324 2322//2322 2313//2313
f 2325//2325 2320//2320 2322//2322
f 2325//2325 2323//2323 2320//2320
f 2326//2326 2324//2324 2313//2313
f 2326//2326 2313//2313 2314//2314
f 2327//2327 1781//1781 2319//2319
f 2327//2327 2319//2319 2321//2321
f 2328//2328 2322//2322 2324//2324
f 2328//2328 2325//2325 2322//2322
f 2329//2329 2316//2316 1840//1840
f 2329//2329 2314//2314 2316//2316
f 2329//2329 2326//2326 2314//2314
f 2330//2330 2327//2327 2321//2321
f 2331//2331 2324//2324 2326//2326
f 2331//2331 2328//2328 2324//2324
f 2331//2331 2326//2326 2329//2329
f 2332//2332 1840//1840 1841//1841
f 2332//2332 2329//2329 1840//1840
f 2333//2333 2330//2330 2321//2321
f 2333//2333 2321//2321 2323//2323
f 2334//2334 1782//1782 1781//1781
f 2334//2334 1781//1781 2327//2327
f 2335//2335 2331//2331 2329//2329
f 2335//2335 2329//2329 2332//2332
f 2336//2336 2323//2323 2325//2325
f 2336//2336 2333//2333 2323//2323
f 2337//2337 2327//2327 2330//2330
f 2337//2337 2330//2330 2333//2333
f 2337//2337 2334//2334 2327//2327
f 2338//2338 2332//2332 1841//1841
f 2338//2338 2335//2335 2332//2332
f 2339//2339 2325//2325 2328//2328
f 2339//2339 2328//2328 2331//2331
f 2339//2339 2336//2336 2325//2325
f 2340//2340 2337//2337 2333//2333
f 2341//2341 2339//2339 2331//2331
f 2342//2342 2333//2333 2336//2336
f 2342//2342 2336//2336 2339//2339
f 2342//2342 2340//2340 2333//2333
f 2343//2343 1782//1782 2334//2334
f 2344//2344 2331//2331 2335//2335
f 2344//2344 2341//2341 2331//2331
f 2345//2345 2342//2342 2339//2339
f 2346//2346 2343//2343 2334//2334
f 2346//2346 2334//2334 2337//2337
f 2347//2347 1841//1841 1842//1842
f 2347//2347 2338//2338 1841//1841
f 2347//2347 2335//2335 2338//2338
f 2347//2347 2344//2344 2335//2335
f 2348//2348 2345//2345 2339//2339
f 2348//2348 2339//2339 2341//2341
f 2349//2349 2346//2346 2337//2337
f 2349//2349 2337//2337 2340//2340
f 2350//2350 1782//1782 2343//2343
f 2350//2350 1783//1783 1782//1782
f 2350//2350 2343//2343 2346//2346
f 2351//2351 2341//2341 2344//2344
f 2351//2351 2348//2348 2341//2341
f 2352//2352 2340//2340 2342//2342
f 2352//2352 2342//2342 2345//2345
f 2352//2352 2349//2349 2340//2340
f 2353//2353 2350//2350 2346//2346
f 2354//2354 2344//2344 2347//2347
f 2354//2354 2351//2351 2344//2344
f 2354//2354 2347//2347 1842//1842
f 2355//2355 2352//2352 2345//2345
f 2356//2356 2346//2346 2349//2349
f 2356//2356 2353//2353 2346//2346
f 2357//2357 2345//2345 2348//2348
f 2357//2357 2348//2348 2351//2351
f 2357//2357 2355//2355 2345//2345
f 2358//2358 2356//2356 2349//2349
f 2358//2358 2349//2349 2352//2352
f 2359//2359 1783//1783 2350//2350
f 2360//2360 2357//2357 2351//2351
f 2361//2361 2352//2352 2355//2355
f 2361//2361 2358//2358 2352//2352
f 2362//2362 2359//2359 2350//2350
f 2362//2362 2350//2350 2353//2353
f 2363//2363 1842//1842 1843//1843
f 2363//2363 2354//2354 1842//1842
f 2363//2363 2351//2351 2354//2354
f 2363//2363 2360//2360 2351//2351
f 2364//2364 2355//2355 2357//2357
f 2364//2364 2361//2361 2355//2355
f 2365//2365 2353//2353 2356//2356
f 2365//2365 2362//2362 2353//2353
f 2366//2366 1783//1783 2359//2359
f 2366//2366 1784//1784 1783//1783
f 2367//2367 2364//2364 2357//2357
f 2367//2367 2357//2357 2360//2360
f 2368//2368 2356//2356 2358//2358
f 2368//2368 2358//2358 2361//2361
f 2368//2368 2365//2365 2356//2356
f 2369//2369 2366//2366 2359//2359
f 2369//2369 2359//2359 2362//2362
f 2370//2370 2363//2363 1843//1843
f 2370//2370 2360//2360 2363//2363
f 2370//2370 2367//2367 2360//2360
f 2371//2371 2368//2368 2361//2361
f 2371//2371 2361//2361 2364//2364
f 2372//2372 2362//2362 2365//2365
f 2372//2372 2369//2369 2362//2362
f 2373//2373 2364//2364 2367//2367
f 2373//2373 2371//2371 2364//2364
f 2374//2374 1784//1784 2366//2366
f 2375//2375 2365//2365 2368//2368
f 2375//2375 2372//2372 2365//2365
f 2376//2376 2373//2373 2367//2367
f 2377//2377 2374//2374 2366//2366
f 2377//2377 2366//2366 2369//2369
f 2378//2378 2368//2368 2371//2371
f 2378//2378 2375//2375 2368//2368
f 2379//2379 2376//2376 2367//2367
f 2379//2379 1843//1843 1844//1844
f 2379//2379 2370//2370 1843//1843
f 2379//2379 2367//2367 2370//2370
f 2380//2380 2377//2377 2369//2369
f 2380//2380 2369//2369 2372//2372
f 2381//2381 2373//2373 2376//2376
f 2381//2381 2378//2378 2371//2371
f 2381//2381 2371//2371 2373//2373
f 2382//2382 2380//2380 2372//2372
f 2382//2382 2372//2372 2375//2375
f 2383//2383 1785//1785 1784//1784
f 2383//2383 1784//1784 2374//2374
f 2384//2384 2381//2381 2376//2376
f 2385//2385 2382//2382 2375//2375
f 2385//2385 2375//2375 2378//2378
f 2386//2386 2377//2377 2380//2380
f 2386//2386 2383//2383 2374//2374
f 2386//2386 2374//2374 2377//2377
f 2387//2387 2379//2379 1844//1844
f 2387//2387 2384//2384 2376//2376
f 2387//2387 2376//2376 2379//2379
f 2388//2388 2385//2385 2378//2378
f 2388//2388 2378//2378 2381//2381
f 2389//2389 2386//2386 2380//2380
f 2390//2390 1785//1785 2383//2383
f 2391//2391 2381//2381 2384//2384
f 2391//2391 2388//2388 2381//2381
f 2392//2392 2380//2380 2382//2382
f 2392//2392 2382//2382 2385//2385
f 2392//2392 2389//2389 2380//2380
f 2393//2393 2383//2383 2386//2386
f 2393//2393 2386//2386 2389//2389
f 2393//2393 2390//2390 2383//2383
f 2394//2394 1844//1844 1845//1845
f 2394//2394 2387//2387 1844//1844
f 2394//2394 2391//2391 2384//2384
f 2394//2394 2384//2384 2387//2387
f 2395//2395 2392//2392 2385//2385
f 2396//2396 2389//2389 2392//2392
f 2396//2396 2393//2393 2389//2389
f 2397//2397 2385//2385 2388//2388
f 2397//2397 2388//2388 2391//2391
f 2397//2397 2395//2395 2385//2385
f 2398//2398 2396//2396 2392//2392
f 2399//2399 1785//1785 2390//2390
f 2399//2399 2390//2390 2393//2393
f 2399//2399 1786//1786 1785//1785
f 2400//2400 2391//2391 2394//2394
f 2400//2400 2397//2397 2391//2391
f 2401//2401 2392//2392 2395//2395
f 2401//2401 2398//2398 2392//2392
f 2402//2402 2399//2399 2393//2393
f 2403//2403 2394//2394 1845//1845
f 2403//2403 2400//2400 2394//2394
f 2404//2404 2395//2395 2397//2397
f 2404//2404 2401//2401 2395//2395
f 2405//2405 2393//2393 2396//2396
f 2405//2405 2402//2402 2393//2393
f 2406//2406 1786//1786 2399//2399
f 2407//2407 2397//2397 2400//2400
f 2407//2407 2404//2404 2397//2397
f 2408//2408 2405//2405 2396//2396
f 2408//2408 2396//2396 2398//2398
f 2409//2409 2406//2406 2399//2399
f 2409//2409 2399//2399 2402//2402
f 2409//2409 2402//2402 2405//2405
f 2410//2410 1845//1845 1846//1846
f 2410//2410 2403//2403 1845//1845
f 2410//2410 2400//2400 2403//2403
f 2410//2410 2407//2407 2400//2400
f 2411//2411 2398//2398 2401//2401
f 2411//2411 2408//2408 2398//2398
f 2412//2412 2409//2409 2405//2405
f 2413//2413 2411//2411 2401//2401
f 2413//2413 2401//2401 2404//2404
f 2414//2414 2412//2412 2405//2405
f 2414//2414 2405//2405 2408//2408
f 2415//2415 1787//1787 1786//1786
f 2415//2415 1786//1786 2406//2406
f 2415//2415 2406//2406 2409//2409
f 2416//2416 2413//2413 2404//2404
f 2416//2416 2404//2404 2407//2407
f 2417//2417 2408//2408 2411//2411
f 2417//2417 2414//2414 2408//2408
f 2417//2417 2411//2411 2413//2413
f 2418//2418 2415//2415 2409//2409
f 2419//2419 2407//2407 2410//2410
f 2419//2419 2410//2410 1846//1846
f 2419//2419 2416//2416 2407//2407
f 2420//2420 2413//2413 2416//2416
f 2420//2420 2417//2417 2413//2413
f 2421//2421 1787//1787 2415//2415
f 2422//2422 2409//2409 2412//2412
f 2422//2422 2418//2418 2409//2409
f 2423//2423 2416//2416 2419//2419
f 2423//2423 2420//2420 2416//2416
f 2424//2424 2421//2421 2415//2415
f 2424//2424 2415//2415 2418//2418
f 2425//2425 2422//2422 2412//2412
f 2425//2425 2412//2412 2414//2414
f 2426//2426 1846//1846 1847//1847
f 2426//2426 2419//2419 1846//1846
f 2426//2426 2423//2423 2419//2419
f 2427//2427 2418//2418 2422//2422
f 2427//2427 2424//2424 2418//2418
f 2427//2427 2422//2422 2425//2425
f 2428//2428 2425//2425 2414//2414
f 2428//2428 2414//2414 2417//2417
f 2429//2429 2427//2427 2425//2425
f 2430//2430 2428//2428 2417//2417
f 2430//2430 2417//2417 2420//2420
f 2431//2431 1787//1787 2421//2421
f 2431//2431 1788//1788 1787//1787
f 2432//2432 2425//2425 2428//2428
f 2432//2432 2429//2429 2425//2425
f 2433//2433 2430//2430 2420//2420
f 2433//2433 2420//2420 2423//2423
f 2434//2434 2431//2431 2421//2421
f 2434//2434 2421//2421 2424//2424
f 2434//2434 2424//2424 2427//2427
f 2435//2435 2428//2428 2430//2430
f 2435//2435 2432//2432 2428//2428
f 2435//2435 2430//2430 2433//2433
f 2436//2436 2426//2426 1847//1847
f 2436//2436 2423//2423 2426//2426
f 2436//2436 2433//2433 2423//2423
f 2437//2437 1788//1788 2431//2431
f 2438//2438 2434//2434 2427//2427
f 2439//2439 2435//2435 2433//2433
f 2439//2439 2433//2433 2436//2436
f 2440//2440 2437//2437 2431//2431
f 2440//2440 2431//2431 2434//2434
f 2441//2441 2427//2427 2429//2429
f 2441//2441 2438//2438 2427//2427
f 2442//2442 1847//1847 1848//1848
f 2442//2442 2436//2436 1847//1847
f 2442//2442 2439//2439 2436//2436
f 2443//2443 2438//2438 2441//2441
f 2443//2443 2440//2440 2434//2434
f 2443//2443 2434//2434 2438//2438
f 2444//2444 2429//2429 2432//2432
f 2444//2444 2432//2432 2435//2435
f 2444//2444 2441//2441 2429//2429
f 2445//2445 2443//2443 2441//2441
f 2446//2446 2444//2444 2435//2435
f 2447//2447 2441//2441 2444//2444
f 2447//2447 2445//2445 2441//2441
f 2447//2447 2444//2444 2446//2446
f 2448//2448 1788//1788 2437//2437
f 2448//2448 1789//1789 1788//1788
f 2449//2449 2446//2446 2435//2435
f 2449//2449 2435//2435 2439//2439
f 2449//2449 2439//2439 2442//2442
f 2450//2450 2446//2446 2449//2449
f 2450//2450 2447//2447 2446//2446
f 2451//2451 2440//2440 2443//2443
f 2451//2451 1789//1789 2448//2448
f 2451//2451 2448//2448 2437//2437
f 2451//2451 2437//2437 2440//2440
f 2452//2452 2449//2449 2442//2442
f 2452//2452 2442//2442 1848//1848
f 2453//2453 2450//2450 2449//2449
f 2454//2454 2451//2451 2443//2443
f 2455//2455 2449//2449 2452//2452
f 2455//2455 1848//1848 1849//1849
f 2455//2455 2453//2453 2449//2449
f 2455//2455 2452//2452 1848//1848
f 2456//2456 2443//2443 2445//2445
f 2456//2456 2454//2454 2443//2443
f 2457//2457 2456//2456 2445//2445
f 2457//2457 2445//2445 2447//2447
f 2458//2458 2447//2447 2450//2450
f 2458//2458 2457//2457 2447//2447
f 2458//2458 2450//2450 2453//2453
f 2459//2459 1790//1790 1789//1789
f 2460//2460 2458//2458 2453//2453
f 2461//2461 2459//2459 1789//1789
f 2461//2461 1790//1790 2459//2459
f 2461//2461 1789//1789 2451//2451
f 2462//2462 2455//2455 1849//1849
f 2462//2462 2453//2453 2455//2455
f 2462//2462 2460//2460 2453//2453
f 2463//2463 2451//2451 2454//2454
f 2463//2463 2454//2454 2456//2456
f 2463//2463 2461//2461 2451//2451
f 2464//2464 2463//2463 2456//2456
f 2465//2465 2456//2456 2457//2457
f 2465//2465 2457//2457 2458//2458
f 2465//2465 2464//2464 2456//2456
f 2466//2466 2458//2458 2460//2460
f 2466//2466 2465//2465 2458//2458
f 2467//2467 1791//1791 1790//1790
f 2468//2468 2466//2466 2460//2460
f 2469//2469 1790//1790 2461//2461
f 2469//2469 2467//2467 1790//1790
f 2469//2469 1791//1791 2467//2467
f 2470//2470 1849//1849 1850//1850
f 2470//2470 2462//2462 1849//1849
f 2470//2470 2460//2460 2462//2462
f 2470//2470 2468//2468 2460//2460
f 2471//2471 2463//2463 2464//2464
f 2471//2471 2461//2461 2463//2463
f 2471//2471 2469//2469 2461//2461
f 2472//2472 2471//2471 2464//2464
f 2473//2473 2464//2464 2465//2465
f 2473//2473 2472//2472 2464//2464
f 2474//2474 2465//2465 2466//2466
f 2474//2474 2473//2473 2465//2465
f 2475//2475 1793//1793 1792//1792
f 2475//2475 1792//1792 1791//1791
f 2475//2475 1794//1794 1793//1793
f 2476//2476 2474//2474 2466//2466
f 2476//2476 2466//2466 2468//2468
f 2476//2476 2468//2468 2470//2470
f 2477//2477 2475//2475 1791//1791
f 2477//2477 1794//1794 2475//2475
f 2477//2477 1791//1791 2469//2469
f 2478//2478 1850//1850 1851//1851
f 2478//2478 2470//2470 1850//1850
f 2478//2478 2476//2476 2470//2470
f 2479//2479 2469//2469 2471//2471
f 2479//2479 1795//1795 1794//1794
f 2479//2479 1794//1794 2477//2477
f 2479//2479 2477//2477 2469//2469
f 2480//2480 2479//2479 2471//2471
f 2480//2480 2471//2471 2472//2472
f 2480//2480 1796//1796 1795//1795
f 2480//2480 1795//1795 2479//2479
f 2481//2481 2480//2480 2472//2472
f 2481//2481 1797//1797 1796//1796
f 2481//2481 2472//2472 2473//2473
f 2481//2481 1796//1796 2480//2480
f 2482//2482 2481//2481 2473//2473
f 2482//2482 1798//1798 1797//1797
f 2482//2482 1797//1797 2481//2481
f 2482//2482 2473//2473 2474//2474
f 2483//2483 1798//1798 2482//2482
f 2483//2483 2482//2482 2474//2474
f 2483//2483 1799//1799 1798//1798
f 2483//2483 2474//2474 2476//2476
f 2484//2484 2476//2476 2478//2478
f 2484//2484 2483//2483 2476//2476
f 2484//2484 1799//1799 2483//2483
f 2484//2484 1851//1851 1852//1852
f 2484//2484 1852//1852 1801//1801
f 2484//2484 1800//1800 1799//1799
f 2484//2484 1801//1801 1800//1800
f 2484//2484 2478//2478 1851//1851
f 2485//2485 1738//1738 1684//1684
f 2545//2545 2485//2485 1684//1684
f 2545//2545 1684//1684 1685//1685
f 2546//2546 2486//2486 2485//2485
f 2546//2546 2485//2485 2545//2545
f 2547//2547 2487//2487 2486//2486
f 2547//2547 2486//2486 2546//2546
f 2548//2548 2488//2488 2487//2487
f 2548//2548 2487//2487 2547//2547
f 2549//2549 2489//2489 2488//2488
f 2549//2549 2488//2488 2548//2548
f 2550//2550 2490//2490 2489//2489
f 2550//2550 2489//2489 2549//2549
f 2551//2551 1685//1685 1686//1686
f 2551//2551 2545//2545 1685//1685
f 2552//2552 2491//2491 2490//2490
f 2552//2552 2490//2490 2550//2550
f 2553//2553 2545//2545 2551//2551
f 2553//2553 2546//2546 2545//2545
f 2554//2554 2492//2492 2491//2491
f 2554//2554 2493//2493 2492//2492
f 2554//2554 2491//2491 2552//2552
f 2554//2554 2494//2494 2493//2493
f 2555//2555 2547//2547 2546//2546
f 2555//2555 2546//2546 2553//2553
f 2556//2556 2548//2548 2547//2547
f 2556//2556 2547//2547 2555//2555
f 2557//2557 2548//2548 2556//2556
f 2557//2557 2549//2549 2548//2548
f 2558//2558 2550//2550 2549//2549
f 2558//2558 2549//2549 2557//2557
f 2559//2559 1686//1686 1687//1687
f 2559//2559 2551//2551 1686//1686
f 2560//2560 2550//2550 2558//2558
f 2560//2560 2552//2552 2550//2550
f 2561//2561 2551//2551 2559//2559
f 2561//2561 2553//2553 2551//2551
f 2562//2562 2552//2552 2560//2560
f 2562//2562 2495//2495 2494//2494
f 2562//2562 2560//2560 2495//2495
f 2562//2562 2554//2554 2552//2552
f 2562//2562 2494//2494 2554//2554
f 2563//2563 2553//2553 2561//2561
f 2563//2563 2555//2555 2553//2553
f 2563//2563 2556//2556 2555//2555
f 2564//2564 2556//2556 2563//2563
f 2565//2565 2556//2556 2564//2564
f 2565//2565 2557//2557 2556//2556
f 2566//2566 2558//2558 2557//2557
f 2566//2566 2557//2557 2565//2565
f 2567//2567 1687//1687 1688//1688
f 2567//2567 2559//2559 1687//1687
f 2568//2568 2560//2560 2558//2558
f 2568//2568 2558//2558 2566//2566
f 2568//2568 2495//2495 2560//2560
f 2569//2569 2561//2561 2559//2559
f 2569//2569 2559//2559 2567//2567
f 2570//2570 2495//2495 2568//2568
f 2570//2570 2568//2568 2496//2496
f 2570//2570 2496//2496 2495//2495
f 2571//2571 2563//2563 2561//2561
f 2571//2571 2561//2561 2569//2569
f 2572//2572 2563//2563 2571//2571
f 2572//2572 2564//2564 2563//2563
f 2573//2573 2565//2565 2564//2564
f 2573//2573 2564//2564 2572//2572
f 2574//2574 2566//2566 2565//2565
f 2574//2574 2565//2565 2573//2573
f 2575//2575 1688//1688 1689//1689
f 2575//2575 2567//2567 1688//1688
f 2575//2575 2569//2569 2567//2567
f 2576//2576 2568//2568 2566//2566
f 2576//2576 2496//2496 2568//2568
f 2576//2576 2566//2566 2574//2574
f 2577//2577 2569//2569 2575//2575
f 2578//2578 2576//2576 2497//2497
f 2578//2578 2496//2496 2576//2576
f 2578//2578 2497//2497 2496//2496
f 2579//2579 1689//1689 1690//1690
f 2579//2579 2575//2575 1689//1689
f 2579//2579 2577//2577 2575//2575
f 2580//2580 2571//2571 2569//2569
f 2580//2580 2569//2569 2577//2577
f 2581//2581 2577//2577 2579//2579
f 2582//2582 2571//2571 2580//2580
f 2582//2582 2572//2572 2571//2571
f 2583//2583 2580//2580 2577//2577
f 2583//2583 2577//2577 2581//2581
f 2584//2584 2572//2572 2582//2582
f 2584//2584 2573//2573 2572//2572
f 2585//2585 2580//2580 2583//2583
f 2585//2585 2582//2582 2580//2580
f 2586//2586 2573//2573 2584//2584
f 2586//2586 2574//2574 2573//2573
f 2587//2587 2579//2579 1690//1690
f 2587//2587 2581//2581 2579//2579
f 2588//2588 2582//2582 2585//2585
f 2588//2588 2584//2584 2582//2582
f 2589//2589 2497//2497 2576//2576
f 2589//2589 2574//2574 2586//2586
f 2589//2589 2576//2576 2574//2574
f 2590//2590 2581//2581 2587//2587
f 2591//2591 2584//2584 2588//2588
f 2591//2591 2586//2586 2584//2584
f 2592//2592 2498//2498 2497//2497
f 2592//2592 2497//2497 2589//2589
f 2593//2593 1690//1690 1691//1691
f 2593//2593 2587//2587 1690//1690
f 2594//2594 2583//2583 2581//2581
f 2594//2594 2585//2585 2583//2583
f 2594//2594 2581//2581 2590//2590
f 2595//2595 2589//2589 2586//2586
f 2595//2595 2586//2586 2591//2591
f 2595//2595 2592//2592 2589//2589
f 2596//2596 2590//2590 2587//2587
f 2596//2596 2587//2587 2593//2593
f 2597//2597 2585//2585 2594//2594
f 2598//2598 2498//2498 2592//2592
f 2598//2598 2592//2592 2595//2595
f 2599//2599 2590//2590 2596//2596
f 2599//2599 2594//2594 2590//2590
f 2600//2600 2591//2591 2588//2588
f 2600//2600 2585//2585 2597//2597
f 2600//2600 2588//2588 2585//2585
f 2601//2601 2597//2597 2594//2594
f 2601//2601 2594//2594 2599//2599
f 2602//2602 2591//2591 2600//2600
f 2603//2603 2593//2593 1691//1691
f 2604//2604 2600//2600 2597//2597
f 2604//2604 2597//2597 2601//2601
f 2605//2605 2591//2591 2602//2602
f 2605//2605 2595//2595 2591//2591
f 2606//2606 2593//2593 2603//2603
f 2606//2606 2596//2596 2593//2593
f 2607//2607 2600//2600 2604//2604
f 2607//2607 2602//2602 2600//2600
f 2608//2608 2598//2598 2595//2595
f 2608//2608 2595//2595 2605//2605
f 2608//2608 2499//2499 2498//2498
f 2608//2608 2498//2498 2598//2598
f 2609//2609 2596//2596 2606//2606
f 2609//2609 2599//2599 2596//2596
f 2610//2610 1691//1691 1692//1692
f 2610//2610 2603//2603 1691//1691
f 2611//2611 2605//2605 2602//2602
f 2611//2611 2602//2602 2607//2607
f 2612//2612 2601//2601 2599//2599
f 2612//2612 2599//2599 2609//2609
f 2613//2613 2606//2606 2603//2603
f 2613//2613 2609//2609 2606//2606
f 2613//2613 2603//2603 2610//2610
f 2614//2614 2608//2608 2605//2605
f 2614//2614 2605//2605 2611//2611
f 2614//2614 2499//2499 2608//2608
f 2615//2615 2604//2604 2601//2601
f 2615//2615 2601//2601 2612//2612
f 2616//2616 2609//2609 2613//2613
f 2617//2617 2607//2607 2604//2604
f 2617//2617 2604//2604 2615//2615
f 2618//2618 2612//2612 2609//2609
f 2618//2618 2615//2615 2612//2612
f 2618//2618 2609//2609 2616//2616
f 2619//2619 2610//2610 1692//1692
f 2620//2620 2611//2611 2607//2607
f 2620//2620 2607//2607 2617//2617
f 2621//2621 2615//2615 2618//2618
f 2622//2622 2613//2613 2610//2610
f 2622//2622 2610//2610 2619//2619
f 2623//2623 2614//2614 2611//2611
f 2623//2623 2499//2499 2614//2614
f 2623//2623 2611//2611 2620//2620
f 2623//2623 2500//2500 2499//2499
f 2624//2624 2617//2617 2615//2615
f 2624//2624 2615//2615 2621//2621
f 2625//2625 2618//2618 2616//2616
f 2625//2625 2616//2616 2613//2613
f 2625//2625 2613//2613 2622//2622
f 2626//2626 1692//1692 1693//1693
f 2626//2626 2619//2619 1692//1692
f 2627//2627 2620//2620 2617//2617
f 2627//2627 2617//2617 2624//2624
f 2627//2627 2623//2623 2620//2620
f 2628//2628 2618//2618 2625//2625
f 2629//2629 2622//2622 2619//2619
f 2629//2629 2619//2619 2626//2626
f 2630//2630 2500//2500 2623//2623
f 2630//2630 2623//2623 2627//2627
f 2631//2631 2621//2621 2618//2618
f 2631//2631 2618//2618 2628//2628
f 2632//2632 2625//2625 2622//2622
f 2632//2632 2622//2622 2629//2629
f 2633//2633 2624//2624 2621//2621
f 2633//2633 2621//2621 2631//2631
f 2634//2634 2631//2631 2628//2628
f 2634//2634 2628//2628 2625//2625
f 2634//2634 2625//2625 2632//2632
f 2635//2635 2626//2626 1693//1693
f 2636//2636 2627//2627 2624//2624
f 2636//2636 2624//2624 2633//2633
f 2637//2637 2631//2631 2634//2634
f 2638//2638 2632//2632 2629//2629
f 2638//2638 2626//2626 2635//2635
f 2638//2638 2629//2629 2626//2626
f 2639//2639 2630//2630 2627//2627
f 2639//2639 2627//2627 2636//2636
f 2639//2639 2501//2501 2500//2500
f 2639//2639 2500//2500 2630//2630
f 2640//2640 2631//2631 2637//2637
f 2640//2640 2633//2633 2631//2631
f 2641//2641 2632//2632 2638//2638
f 2642//2642 2635//2635 1693//1693
f 2642//2642 1693//1693 1694//1694
f 2643//2643 2636//2636 2633//2633
f 2643//2643 2639//2639 2636//2636
f 2643//2643 2633//2633 2640//2640
f 2644//2644 2632//2632 2641//2641
f 2644//2644 2634//2634 2632//2632
f 2645//2645 2638//2638 2635//2635
f 2645//2645 2635//2635 2642//2642
f 2645//2645 2641//2641 2638//2638
f 2646//2646 2639//2639 2643//2643
f 2646//2646 2501//2501 2639//2639
f 2647//2647 2640//2640 2637//2637
f 2647//2647 2637//2637 2634//2634
f 2647//2647 2634//2634 2644//2644
f 2648//2648 2641//2641 2645//2645
f 2649//2649 2640//2640 2647//2647
f 2650//2650 2645//2645 2642//2642
f 2650//2650 2642//2642 1694//1694
f 2651//2651 2644//2644 2641//2641
f 2651//2651 2641//2641 2648//2648
f 2652//2652 2643//2643 2640//2640
f 2652//2652 2640//2640 2649//2649
f 2653//2653 2648//2648 2645//2645
f 2653//2653 2645//2645 2650//2650
f 2654//2654 2647//2647 2644//2644
f 2654//2654 2644//2644 2651//2651
f 2655//2655 2646//2646 2643//2643
f 2655//2655 2501//2501 2646//2646
f 2655//2655 2643//2643 2652//2652
f 2655//2655 2502//2502 2501//2501
f 2656//2656 2648//2648 2653//2653
f 2657//2657 2649//2649 2647//2647
f 2657//2657 2647//2647 2654//2654
f 2657//2657 2652//2652 2649//2649
f 2658//2658 2651//2651 2648//2648
f 2658//2658 2648//2648 2656//2656
f 2659//2659 1694//1694 1695//1695
f 2659//2659 2650//2650 1694//1694
f 2660//2660 2652//2652 2657//2657
f 2661//2661 2654//2654 2651//2651
f 2661//2661 2651//2651 2658//2658
f 2661//2661 2657//2657 2654//2654
f 2662//2662 2653//2653 2650//2650
f 2662//2662 2650//2650 2659//2659
f 2663//2663 2655//2655 2652//2652
f 2663//2663 2502//2502 2655//2655
f 2663//2663 2652//2652 2660//2660
f 2664//2664 2657//2657 2661//2661
f 2664//2664 2660//2660 2657//2657
f 2665//2665 2656//2656 2653//2653
f 2665//2665 2653//2653 2662//2662
f 2666//2666 2659//2659 1695//1695
f 2667//2667 2660//2660 2664//2664
f 2668//2668 2658//2658 2656//2656
f 2668//2668 2656//2656 2665//2665
f 2669//2669 2665//2665 2662//2662
f 2669//2669 2659//2659 2666//2666
f 2669//2669 2662//2662 2659//2659
f 2670//2670 2660//2660 2667//2667
f 2670//2670 2503//2503 2502//2502
f 2670//2670 2663//2663 2660//2660
f 2670//2670 2502//2502 2663//2663
f 2671//2671 2658//2658 2668//2668
f 2671//2671 2661//2661 2658//2658
f 2672//2672 2665//2665 2669//2669
f 2673//2673 2661//2661 2671//2671
f 2673//2673 2664//2664 2661//2661
f 2674//2674 2668//2668 2665//2665
f 2674//2674 2665//2665 2672//2672
f 2675//2675 2666//2666 1695//1695
f 2675//2675 1695//1695 1696//1696
f 2676//2676 2670//2670 2667//2667
f 2676//2676 2664//2664 2673//2673
f 2676//2676 2667//2667 2664//2664
f 2677//2677 2668//2668 2674//2674
f 2677//2677 2671//2671 2668//2668
f 2678//2678 2669//2669 2666//2666
f 2678//2678 2666//2666 2675//2675
f 2679//2679 2503//2503 2670//2670
f 2679//2679 2670//2670 2676//2676
f 2680//2680 2673//2673 2671//2671
f 2680//2680 2676//2676 2673//2673
f 2680//2680 2671//2671 2677//2677
f 2681//2681 2669//2669 2678//2678
f 2681//2681 2672//2672 2669//2669
f 2682//2682 2675//2675 1696//1696
f 2682//2682 2678//2678 2675//2675
f 2683//2683 2676//2676 2680//2680
f 2684//2684 2674//2674 2672//2672
f 2684//2684 2672//2672 2681//2681
f 2685//2685 2678//2678 2682//2682
f 2686//2686 2503//2503 2679//2679
f 2686//2686 2679//2679 2676//2676
f 2686//2686 2676//2676 2683//2683
f 2686//2686 2504//2504 2503//2503
f 2687//2687 2677//2677 2674//2674
f 2687//2687 2674//2674 2684//2684
f 2688//2688 2681//2681 2678//2678
f 2688//2688 2678//2678 2685//2685
f 2689//2689 2680//2680 2677//2677
f 2689//2689 2677//2677 2687//2687
f 2690//2690 2684//2684 2681//2681
f 2690//2690 2681//2681 2688//2688
f 2690//2690 2687//2687 2684//2684
f 2691//2691 1696//1696 1697//1697
f 2691//2691 2682//2682 1696//1696
f 2692//2692 2683//2683 2680//2680
f 2692//2692 2680//2680 2689//2689
f 2693//2693 2687//2687 2690//2690
f 2694//2694 2685//2685 2682//2682
f 2694//2694 2682//2682 2691//2691
f 2695//2695 2686//2686 2683//2683
f 2695//2695 2504//2504 2686//2686
f 2695//2695 2683//2683 2692//2692
f 2696//2696 2689//2689 2687//2687
f 2696//2696 2687//2687 2693//2693
f 2696//2696 2692//2692 2689//2689
f 2697//2697 2691//2691 1697//1697
f 2698//2698 2688//2688 2685//2685
f 2698//2698 2685//2685 2694//2694
f 2699//2699 2692//2692 2696//2696
f 2700//2700 2694//2694 2691//2691
f 2700//2700 2691//2691 2697//2697
f 2701//2701 2690//2690 2688//2688
f 2701//2701 2688//2688 2698//2698
f 2702//2702 2692//2692 2699//2699
f 2702//2702 2504//2504 2695//2695
f 2702//2702 2505//2505 2504//2504
f 2702//2702 2695//2695 2692//2692
f 2703//2703 2698//2698 2694//2694
f 2703//2703 2694//2694 2700//2700
f 2704//2704 2690//2690 2701//2701
f 2704//2704 2693//2693 2690//2690
f 2704//2704 2696//2696 2693//2693
f 2705//2705 2701//2701 2698//2698
f 2705//2705 2698//2698 2703//2703
f 2706//2706 2696//2696 2704//2704
f 2706//2706 2699//2699 2696//2696
f 2707//2707 2701//2701 2705//2705
f 2707//2707 2704//2704 2701//2701
f 2708//2708 2700//2700 2697//2697
f 2708//2708 1697//1697 1698//1698
f 2708//2708 2697//2697 1697//1697
f 2709//2709 2699//2699 2706//2706
f 2710//2710 2706//2706 2704//2704
f 2710//2710 2704//2704 2707//2707
f 2711//2711 2708//2708 1698//1698
f 2711//2711 2700//2700 2708//2708
f 2712//2712 2699//2699 2709//2709
f 2712//2712 2702//2702 2699//2699
f 2712//2712 2505//2505 2702//2702
f 2713//2713 2709//2709 2706//2706
f 2713//2713 2706//2706 2710//2710
f 2714//2714 2700//2700 2711//2711
f 2714//2714 2703//2703 2700//2700
f 2714//2714 2711//2711 1698//1698
f 2715//2715 2712//2712 2709//2709
f 2715//2715 2709//2709 2713//2713
f 2715//2715 2505//2505 2712//2712
f 2715//2715 2506//2506 2505//2505
f 2716//2716 2705//2705 2703//2703
f 2716//2716 2703//2703 2714//2714
f 2717//2717 2707//2707 2705//2705
f 2717//2717 2705//2705 2716//2716
f 2718//2718 2710//2710 2707//2707
f 2718//2718 2707//2707 2717//2717
f 2719//2719 1698//1698 1699//1699
f 2720//2720 2713//2713 2710//2710
f 2720//2720 2710//2710 2718//2718
f 2721//2721 2719//2719 1699//1699
f 2721//2721 1698//1698 2719//2719
f 2722//2722 2715//2715 2713//2713
f 2722//2722 2506//2506 2715//2715
f 2722//2722 2713//2713 2720//2720
f 2722//2722 2507//2507 2506//2506
f 2723//2723 1698//1698 2721//2721
f 2723//2723 2714//2714 1698//1698
f 2724//2724 2716//2716 2714//2714
f 2724//2724 2714//2714 2723//2723
f 2725//2725 2717//2717 2716//2716
f 2725//2725 2718//2718 2717//2717
f 2725//2725 2716//2716 2724//2724
f 2726//2726 2720//2720 2718//2718
f 2726//2726 2718//2718 2725//2725
f 2727//2727 1699//1699 1700//1700
f 2728//2728 2720//2720 2726//2726
f 2729//2729 2721//2721 1699//1699
f 2729//2729 2727//2727 1700//1700
f 2729//2729 2723//2723 2721//2721
f 2729//2729 1699//1699 2727//2727
f 2730//2730 2720//2720 2728//2728
f 2730//2730 2722//2722 2720//2720
f 2730//2730 2507//2507 2722//2722
f 2731//2731 2723//2723 2729//2729
f 2732//2732 2724//2724 2723//2723
f 2732//2732 2723//2723 2731//2731
f 2733//2733 2724//2724 2732//2732
f 2733//2733 2725//2725 2724//2724
f 2734//2734 2725//2725 2733//2733
f 2734//2734 2726//2726 2725//2725
f 2734//2734 2728//2728 2726//2726
f 2735//2735 1700//1700 1701//1701
f 2736//2736 2728//2728 2734//2734
f 2737//2737 2735//2735 1701//1701
f 2737//2737 1700//1700 2735//2735
f 2737//2737 2729//2729 1700//1700
f 2738//2738 2728//2728 2736//2736
f 2738//2738 2730//2730 2728//2728
f 2738//2738 2508//2508 2507//2507
f 2738//2738 2509//2509 2508//2508
f 2738//2738 2507//2507 2730//2730
f 2739//2739 2729//2729 2737//2737
f 2739//2739 2731//2731 2729//2729
f 2740//2740 2731//2731 2739//2739
f 2740//2740 2732//2732 2731//2731
f 2741//2741 2733//2733 2732//2732
f 2741//2741 2734//2734 2733//2733
f 2741//2741 2732//2732 2740//2740
f 2742//2742 2734//2734 2741//2741
f 2743//2743 1701//1701 1702//1702
f 2744//2744 2734//2734 2742//2742
f 2744//2744 2736//2736 2734//2734
f 2745//2745 2737//2737 1701//1701
f 2745//2745 1701//1701 2743//2743
f 2746//2746 2738//2738 2736//2736
f 2746//2746 2736//2736 2744//2744
f 2746//2746 2509//2509 2738//2738
f 2747//2747 2739//2739 2737//2737
f 2747//2747 2737//2737 2745//2745
f 2748//2748 2740//2740 2739//2739
f 2748//2748 2739//2739 2747//2747
f 2749//2749 2741//2741 2740//2740
f 2749//2749 2740//2740 2748//2748
f 2750//2750 2742//2742 2741//2741
f 2750//2750 2741//2741 2749//2749
f 2751//2751 2743//2743 1702//1702
f 2751//2751 1702//1702 1703//1703
f 2752//2752 2744//2744 2742//2742
f 2752//2752 2742//2742 2750//2750
f 2753//2753 2745//2745 2743//2743
f 2753//2753 2743//2743 2751//2751
f 2754//2754 2746//2746 2744//2744
f 2754//2754 2509//2509 2746//2746
f 2754//2754 2744//2744 2752//2752
f 2754//2754 2510//2510 2509//2509
f 2755//2755 2745//2745 2753//2753
f 2755//2755 2747//2747 2745//2745
f 2755//2755 2748//2748 2747//2747
f 2756//2756 2749//2749 2748//2748
f 2756//2756 2748//2748 2755//2755
f 2757//2757 2749//2749 2756//2756
f 2758//2758 2750//2750 2749//2749
f 2758//2758 2749//2749 2757//2757
f 2759//2759 2751//2751 1703//1703
f 2759//2759 1703//1703 1704//1704
f 2759//2759 1704//1704 1705//1705
f 2760//2760 2752//2752 2750//2750
f 2760//2760 2754//2754 2752//2752
f 2760//2760 2750//2750 2758//2758
f 2761//2761 2753//2753 2751//2751
f 2761//2761 2755//2755 2753//2753
f 2761//2761 2751//2751 2759//2759
f 2762//2762 2510//2510 2754//2754
f 2762//2762 2754//2754 2760//2760
f 2762//2762 2511//2511 2510//2510
f 2763//2763 2755//2755 2761//2761
f 2764//2764 2755//2755 2763//2763
f 2764//2764 2756//2756 2755//2755
f 2764//2764 2757//2757 2756//2756
f 2765//2765 2757//2757 2764//2764
f 2766//2766 2758//2758 2757//2757
f 2766//2766 2757//2757 2765//2765
f 2767//2767 2759//2759 1705//1705
f 2768//2768 2758//2758 2766//2766
f 2768//2768 2760//2760 2758//2758
f 2769//2769 2761//2761 2759//2759
f 2769//2769 2759//2759 2767//2767
f 2770//2770 2768//2768 2512//2512
f 2770//2770 2762//2762 2760//2760
f 2770//2770 2512//2512 2511//2511
f 2770//2770 2511//2511 2762//2762
f 2770//2770 2760//2760 2768//2768
f 2771//2771 2761//2761 2769//2769
f 2771//2771 2763//2763 2761//2761
f 2772//2772 2763//2763 2771//2771
f 2772//2772 2764//2764 2763//2763
f 2773//2773 2764//2764 2772//2772
f 2773//2773 2765//2765 2764//2764
f 2774//2774 2766//2766 2765//2765
f 2774//2774 2765//2765 2773//2773
f 2775//2775 2767//2767 1705//1705
f 2775//2775 1705//1705 1706//1706
f 2776//2776 2768//2768 2766//2766
f 2776//2776 2512//2512 2768//2768
f 2776//2776 2766//2766 2774//2774
f 2777//2777 2767//2767 2775//2775
f 2777//2777 2769//2769 2767//2767
f 2778//2778 2512//2512 2776//2776
f 2778//2778 2776//2776 2513//2513
f 2778//2778 2513//2513 2512//2512
f 2779//2779 2772//2772 2771//2771
f 2779//2779 2771//2771 2769//2769
f 2779//2779 2769//2769 2777//2777
f 2780//2780 2772//2772 2779//2779
f 2781//2781 2774//2774 2773//2773
f 2781//2781 2773//2773 2772//2772
f 2781//2781 2772//2772 2780//2780
f 2782//2782 2774//2774 2781//2781
f 2783//2783 2775//2775 1706//1706
f 2783//2783 1706//1706 1707//1707
f 2784//2784 2776//2776 2774//2774
f 2784//2784 2513//2513 2776//2776
f 2784//2784 2774//2774 2782//2782
f 2785//2785 2777//2777 2775//2775
f 2785//2785 2775//2775 2783//2783
f 2786//2786 2513//2513 2784//2784
f 2786//2786 2784//2784 2514//2514
f 2786//2786 2514//2514 2513//2513
f 2787//2787 1707//1707 1708//1708
f 2787//2787 2783//2783 1707//1707
f 2788//2788 2779//2779 2777//2777
f 2788//2788 2777//2777 2785//2785
f 2789//2789 2783//2783 2787//2787
f 2789//2789 2785//2785 2783//2783
f 2790//2790 2780//2780 2779//2779
f 2790//2790 2779//2779 2788//2788
f 2791//2791 2788//2788 2785//2785
f 2791//2791 2785//2785 2789//2789
f 2792//2792 2781//2781 2780//2780
f 2792//2792 2780//2780 2790//2790
f 2793//2793 2792//2792 2790//2790
f 2793//2793 2788//2788 2791//2791
f 2793//2793 2790//2790 2788//2788
f 2794//2794 2782//2782 2781//2781
f 2794//2794 2781//2781 2792//2792
f 2795//2795 2792//2792 2793//2793
f 2796//2796 2787//2787 1708//1708
f 2796//2796 2789//2789 2787//2787
f 2797//2797 2784//2784 2782//2782
f 2797//2797 2514//2514 2784//2784
f 2797//2797 2782//2782 2794//2794
f 2798//2798 2792//2792 2795//2795
f 2798//2798 2794//2794 2792//2792
f 2799//2799 2789//2789 2796//2796
f 2800//2800 2514//2514 2797//2797
f 2800//2800 2515//2515 2514//2514
f 2801//2801 1708//1708 1709//1709
f 2801//2801 2796//2796 1708//1708
f 2801//2801 2799//2799 2796//2796
f 2802//2802 2800//2800 2797//2797
f 2802//2802 2797//2797 2794//2794
f 2802//2802 2794//2794 2798//2798
f 2803//2803 2791//2791 2789//2789
f 2803//2803 2789//2789 2799//2799
f 2804//2804 2799//2799 2801//2801
f 2804//2804 2803//2803 2799//2799
f 2805//2805 2515//2515 2800//2800
f 2805//2805 2800//2800 2802//2802
f 2806//2806 2791//2791 2803//2803
f 2806//2806 2793//2793 2791//2791
f 2807//2807 2803//2803 2804//2804
f 2807//2807 2806//2806 2803//2803
f 2808//2808 2793//2793 2806//2806
f 2808//2808 2795//2795 2793//2793
f 2809//2809 2806//2806 2807//2807
f 2810//2810 2795//2795 2808//2808
f 2810//2810 2798//2798 2795//2795
f 2811//2811 2801//2801 1709//1709
f 2812//2812 2806//2806 2809//2809
f 2812//2812 2808//2808 2806//2806
f 2813//2813 2802//2802 2798//2798
f 2813//2813 2798//2798 2810//2810
f 2814//2814 2804//2804 2801//2801
f 2814//2814 2801//2801 2811//2811
f 2815//2815 2810//2810 2808//2808
f 2815//2815 2813//2813 2810//2810
f 2815//2815 2808//2808 2812//2812
f 2816//2816 2805//2805 2802//2802
f 2816//2816 2802//2802 2813//2813
f 2816//2816 2516//2516 2515//2515
f 2816//2816 2515//2515 2805//2805
f 2817//2817 2807//2807 2804//2804
f 2817//2817 2804//2804 2814//2814
f 2818//2818 2814//2814 2811//2811
f 2818//2818 1709//1709 1710//1710
f 2818//2818 2811//2811 1709//1709
f 2819//2819 2813//2813 2815//2815
f 2820//2820 2809//2809 2807//2807
f 2820//2820 2807//2807 2817//2817
f 2821//2821 2814//2814 2818//2818
f 2822//2822 2813//2813 2819//2819
f 2822//2822 2816//2816 2813//2813
f 2822//2822 2516//2516 2816//2816
f 2823//2823 2812//2812 2809//2809
f 2823//2823 2809//2809 2820//2820
f 2824//2824 2817//2817 2814//2814
f 2824//2824 2814//2814 2821//2821
f 2825//2825 2812//2812 2823//2823
f 2825//2825 2815//2815 2812//2812
f 2826//2826 2820//2820 2817//2817
f 2826//2826 2817//2817 2824//2824
f 2827//2827 2818//2818 1710//1710
f 2828//2828 2819//2819 2815//2815
f 2828//2828 2815//2815 2825//2825
f 2829//2829 2823//2823 2820//2820
f 2829//2829 2820//2820 2826//2826
f 2830//2830 2818//2818 2827//2827
f 2830//2830 2821//2821 2818//2818
f 2831//2831 2822//2822 2819//2819
f 2831//2831 2516//2516 2822//2822
f 2831//2831 2819//2819 2828//2828
f 2831//2831 2517//2517 2516//2516
f 2832//2832 2825//2825 2823//2823
f 2832//2832 2823//2823 2829//2829
f 2833//2833 2821//2821 2830//2830
f 2833//2833 2824//2824 2821//2821
f 2834//2834 1710//1710 1711//1711
f 2834//2834 2827//2827 1710//1710
f 2835//2835 2825//2825 2832//2832
f 2835//2835 2828//2828 2825//2825
f 2836//2836 2826//2826 2824//2824
f 2836//2836 2824//2824 2833//2833
f 2837//2837 2827//2827 2834//2834
f 2837//2837 2830//2830 2827//2827
f 2838//2838 2828//2828 2835//2835
f 2838//2838 2831//2831 2828//2828
f 2838//2838 2517//2517 2831//2831
f 2839//2839 2826//2826 2836//2836
f 2839//2839 2829//2829 2826//2826
f 2840//2840 2830//2830 2837//2837
f 2840//2840 2833//2833 2830//2830
f 2840//2840 2836//2836 2833//2833
f 2841//2841 2829//2829 2839//2839
f 2841//2841 2832//2832 2829//2829
f 2842//2842 2836//2836 2840//2840
f 2843//2843 2834//2834 1711//1711
f 2844//2844 2832//2832 2841//2841
f 2844//2844 2835//2835 2832//2832
f 2845//2845 2839//2839 2836//2836
f 2845//2845 2836//2836 2842//2842
f 2846//2846 2837//2837 2834//2834
f 2846//2846 2834//2834 2843//2843
f 2847//2847 2838//2838 2835//2835
f 2847//2847 2517//2517 2838//2838
f 2847//2847 2835//2835 2844//2844
f 2847//2847 2518//2518 2517//2517
f 2848//2848 2839//2839 2845//2845
f 2848//2848 2841//2841 2839//2839
f 2848//2848 2844//2844 2841//2841
f 2849//2849 2837//2837 2846//2846
f 2849//2849 2840//2840 2837//2837
f 2850//2850 2843//2843 1711//1711
f 2850//2850 1711//1711 1712//1712
f 2851//2851 2844//2844 2848//2848
f 2852//2852 2842//2842 2840//2840
f 2852//2852 2840//2840 2849//2849
f 2853//2853 2843//2843 2850//2850
f 2853//2853 2846//2846 2843//2843
f 2854//2854 2847//2847 2844//2844
f 2854//2854 2518//2518 2847//2847
f 2854//2854 2844//2844 2851//2851
f 2855//2855 2848//2848 2845//2845
f 2855//2855 2845//2845 2842//2842
f 2855//2855 2842//2842 2852//2852
f 2856//2856 2849//2849 2846//2846
f 2856//2856 2846//2846 2853//2853
f 2857//2857 2848//2848 2855//2855
f 2858//2858 2850//2850 1712//1712
f 2859//2859 2852//2852 2849//2849
f 2859//2859 2849//2849 2856//2856
f 2860//2860 2851//2851 2848//2848
f 2860//2860 2848//2848 2857//2857
f 2861//2861 2853//2853 2850//2850
f 2861//2861 2850//2850 2858//2858
f 2862//2862 2855//2855 2852//2852
f 2862//2862 2852//2852 2859//2859
f 2863//2863 2518//2518 2854//2854
f 2863//2863 2854//2854 2851//2851
f 2863//2863 2851//2851 2860//2860
f 2863//2863 2519//2519 2518//2518
f 2864//2864 2856//2856 2853//2853
f 2864//2864 2859//2859 2856//2856
f 2864//2864 2853//2853 2861//2861
f 2865//2865 2857//2857 2855//2855
f 2865//2865 2855//2855 2862//2862
f 2866//2866 2862//2862 2859//2859
f 2866//2866 2859//2859 2864//2864
f 2867//2867 1712//1712 1713//1713
f 2867//2867 2858//2858 1712//1712
f 2867//2867 2861//2861 2858//2858
f 2868//2868 2860//2860 2857//2857
f 2868//2868 2857//2857 2865//2865
f 2869//2869 2862//2862 2866//2866
f 2870//2870 2861//2861 2867//2867
f 2871//2871 2863//2863 2860//2860
f 2871//2871 2519//2519 2863//2863
f 2871//2871 2860//2860 2868//2868
f 2872//2872 2862//2862 2869//2869
f 2872//2872 2865//2865 2862//2862
f 2873//2873 2866//2866 2864//2864
f 2873//2873 2861//2861 2870//2870
f 2873//2873 2864//2864 2861//2861
f 2874//2874 2867//2867 1713//1713
f 2874//2874 2870//2870 2867//2867
f 2875//2875 2865//2865 2872//2872
f 2875//2875 2868//2868 2865//2865
f 2876//2876 2866//2866 2873//2873
f 2877//2877 2870//2870 2874//2874
f 2878//2878 2519//2519 2871//2871
f 2878//2878 2871//2871 2868//2868
f 2878//2878 2868//2868 2875//2875
f 2878//2878 2520//2520 2519//2519
f 2879//2879 2866//2866 2876//2876
f 2879//2879 2869//2869 2866//2866
f 2880//2880 2873//2873 2870//2870
f 2880//2880 2870//2870 2877//2877
f 2881//2881 2872//2872 2869//2869
f 2881//2881 2869//2869 2879//2879
f 2882//2882 2876//2876 2873//2873
f 2882//2882 2873//2873 2880//2880
f 2883//2883 2874//2874 1713//1713
f 2883//2883 1713//1713 1714//1714
f 2884//2884 2872//2872 2881//2881
f 2884//2884 2875//2875 2872//2872
f 2885//2885 2879//2879 2876//2876
f 2885//2885 2881//2881 2879//2879
f 2885//2885 2876//2876 2882//2882
f 2886//2886 2877//2877 2874//2874
f 2886//2886 2874//2874 2883//2883
f 2887//2887 2878//2878 2875//2875
f 2887//2887 2520//2520 2878//2878
f 2887//2887 2875//2875 2884//2884
f 2888//2888 2884//2884 2881//2881
f 2888//2888 2881//2881 2885//2885
f 2889//2889 2880//2880 2877//2877
f 2889//2889 2877//2877 2886//2886
f 2890//2890 2883//2883 1714//1714
f 2891//2891 2884//2884 2888//2888
f 2892//2892 2882//2882 2880//2880
f 2892//2892 2880//2880 2889//2889
f 2893//2893 2886//2886 2883//2883
f 2893//2893 2883//2883 2890//2890
f 2894//2894 2521//2521 2520//2520
f 2894//2894 2520//2520 2887//2887
f 2894//2894 2887//2887 2884//2884
f 2894//2894 2884//2884 2891//2891
f 2895//2895 2885//2885 2882//2882
f 2895//2895 2882//2882 2892//2892
f 2896//2896 2889//2889 2886//2886
f 2896//2896 2886//2886 2893//2893
f 2897//2897 2888//2888 2885//2885
f 2897//2897 2885//2885 2895//2895
f 2898//2898 2892//2892 2889//2889
f 2898//2898 2889//2889 2896//2896
f 2899//2899 1714//1714 1715//1715
f 2899//2899 2893//2893 2890//2890
f 2899//2899 2890//2890 1714//1714
f 2900//2900 2888//2888 2897//2897
f 2900//2900 2891//2891 2888//2888
f 2901//2901 2892//2892 2898//2898
f 2901//2901 2895//2895 2892//2892
f 2901//2901 2897//2897 2895//2895
f 2902//2902 2893//2893 2899//2899
f 2903//2903 2891//2891 2900//2900
f 2903//2903 2521//2521 2894//2894
f 2903//2903 2894//2894 2891//2891
f 2904//2904 2897//2897 2901//2901
f 2905//2905 2899//2899 1715//1715
f 2906//2906 2893//2893 2902//2902
f 2906//2906 2896//2896 2893//2893
f 2907//2907 2900//2900 2897//2897
f 2907//2907 2897//2897 2904//2904
f 2908//2908 2899//2899 2905//2905
f 2908//2908 2902//2902 2899//2899
f 2909//2909 2901//2901 2898//2898
f 2909//2909 2896//2896 2906//2906
f 2909//2909 2898//2898 2896//2896
f 2910//2910 2900//2900 2907//2907
f 2910//2910 2522//2522 2521//2521
f 2910//2910 2903//2903 2900//2900
f 2910//2910 2521//2521 2903//2903
f 2911//2911 2906//2906 2902//2902
f 2911//2911 2902//2902 2908//2908
f 2911//2911 2909//2909 2906//2906
f 2912//2912 2901//2901 2909//2909
f 2913//2913 2909//2909 2911//2911
f 2914//2914 2904//2904 2901//2901
f 2914//2914 2907//2907 2904//2904
f 2914//2914 2901//2901 2912//2912
f 2915//2915 2912//2912 2909//2909
f 2915//2915 2909//2909 2913//2913
f 2916//2916 2905//2905 1715//1715
f 2916//2916 1715//1715 1716//1716
f 2916//2916 2908//2908 2905//2905
f 2917//2917 2907//2907 2914//2914
f 2918//2918 2914//2914 2912//2912
f 2918//2918 2912//2912 2915//2915
f 2919//2919 2908//2908 2916//2916
f 2920//2920 2910//2910 2907//2907
f 2920//2920 2522//2522 2910//2910
f 2920//2920 2907//2907 2917//2917
f 2921//2921 2916//2916 1716//1716
f 2922//2922 2914//2914 2918//2918
f 2922//2922 2917//2917 2914//2914
f 2922//2922 2920//2920 2917//2917
f 2923//2923 2913//2913 2911//2911
f 2923//2923 2908//2908 2919//2919
f 2923//2923 2911//2911 2908//2908
f 2924//2924 2919//2919 2916//2916
f 2924//2924 2916//2916 2921//2921
f 2925//2925 2523//2523 2522//2522
f 2925//2925 2522//2522 2920//2920
f 2925//2925 2920//2920 2922//2922
f 2926//2926 2913//2913 2923//2923
f 2927//2927 2919//2919 2924//2924
f 2927//2927 2923//2923 2919//2919
f 2928//2928 2913//2913 2926//2926
f 2928//2928 2915//2915 2913//2913
f 2929//2929 2926//2926 2923//2923
f 2929//2929 2923//2923 2927//2927
f 2930//2930 2918//2918 2915//2915
f 2930//2930 2922//2922 2918//2918
f 2930//2930 2915//2915 2928//2928
f 2931//2931 2926//2926 2929//2929
f 2931//2931 2928//2928 2926//2926
f 2932//2932 1716//1716 1717//1717
f 2932//2932 2921//2921 1716//1716
f 2933//2933 2922//2922 2930//2930
f 2934//2934 2930//2930 2928//2928
f 2934//2934 2928//2928 2931//2931
f 2935//2935 2921//2921 2932//2932
f 2935//2935 2924//2924 2921//2921
f 2935//2935 2932//2932 1717//1717
f 2936//2936 2925//2925 2922//2922
f 2936//2936 2922//2922 2933//2933
f 2936//2936 2523//2523 2925//2925
f 2937//2937 2930//2930 2934//2934
f 2937//2937 2933//2933 2930//2930
f 2938//2938 2924//2924 2935//2935
f 2938//2938 2927//2927 2924//2924
f 2939//2939 2524//2524 2523//2523
f 2939//2939 2936//2936 2933//2933
f 2939//2939 2933//2933 2937//2937
f 2939//2939 2523//2523 2936//2936
f 2940//2940 2927//2927 2938//2938
f 2940//2940 2929//2929 2927//2927
f 2941//2941 2929//2929 2940//2940
f 2941//2941 2931//2931 2929//2929
f 2942//2942 2934//2934 2931//2931
f 2942//2942 2931//2931 2941//2941
f 2942//2942 2937//2937 2934//2934
f 2943//2943 1717//1717 1718//1718
f 2944//2944 2937//2937 2942//2942
f 2945//2945 1717//1717 2943//2943
f 2945//2945 2943//2943 1718//1718
f 2945//2945 2935//2935 1717//1717
f 2946//2946 2524//2524 2939//2939
f 2946//2946 2939//2939 2937//2937
f 2946//2946 2937//2937 2944//2944
f 2947//2947 2935//2935 2945//2945
f 2947//2947 2938//2938 2935//2935
f 2948//2948 2940//2940 2938//2938
f 2948//2948 2938//2938 2947//2947
f 2949//2949 2941//2941 2940//2940
f 2949//2949 2940//2940 2948//2948
f 2950//2950 2942//2942 2941//2941
f 2950//2950 2941//2941 2949//2949
f 2951//2951 1718//1718 1719//1719
f 2952//2952 2942//2942 2950//2950
f 2952//2952 2944//2944 2942//2942
f 2953//2953 2945//2945 1718//1718
f 2953//2953 1718//1718 2951//2951
f 2953//2953 2951//2951 1719//1719
f 2954//2954 2525//2525 2524//2524
f 2954//2954 2526//2526 2525//2525
f 2954//2954 2946//2946 2944//2944
f 2954//2954 2524//2524 2946//2946
f 2954//2954 2944//2944 2952//2952
f 2955//2955 2945//2945 2953//2953
f 2955//2955 2947//2947 2945//2945
f 2956//2956 2948//2948 2947//2947
f 2956//2956 2949//2949 2948//2948
f 2956//2956 2947//2947 2955//2955
f 2957//2957 2949//2949 2956//2956
f 2958//2958 2950//2950 2949//2949
f 2958//2958 2952//2952 2950//2950
f 2958//2958 2949//2949 2957//2957
f 2959//2959 1719//1719 1720//1720
f 2960//2960 2954//2954 2952//2952
f 2960//2960 2952//2952 2958//2958
f 2961//2961 2953//2953 1719//1719
f 2961//2961 1719//1719 2959//2959
f 2962//2962 2527//2527 2526//2526
f 2962//2962 2526//2526 2954//2954
f 2962//2962 2954//2954 2960//2960
f 2963//2963 2955//2955 2953//2953
f 2963//2963 2953//2953 2961//2961
f 2964//2964 2956//2956 2955//2955
f 2964//2964 2957//2957 2956//2956
f 2964//2964 2955//2955 2963//2963
f 2965//2965 2957//2957 2964//2964
f 2966//2966 2958//2958 2957//2957
f 2966//2966 2960//2960 2958//2958
f 2966//2966 2957//2957 2965//2965
f 2967//2967 1720//1720 1721//1721
f 2967//2967 2959//2959 1720//1720
f 2968//2968 2960//2960 2966//2966
f 2969//2969 2961//2961 2959//2959
f 2969//2969 2959//2959 2967//2967
f 2970//2970 2960//2960 2968//2968
f 2970//2970 2527//2527 2962//2962
f 2970//2970 2962//2962 2960//2960
f 2971//2971 2961//2961 2969//2969
f 2971//2971 2963//2963 2961//2961
f 2972//2972 2963//2963 2971//2971
f 2972//2972 2964//2964 2963//2963
f 2973//2973 2964//2964 2972//2972
f 2973//2973 2965//2965 2964//2964
f 2974//2974 2965//2965 2973//2973
f 2974//2974 2966//2966 2965//2965
f 2975//2975 1721//1721 1722//1722
f 2975//2975 2967//2967 1721//1721
f 2976//2976 2968//2968 2966//2966
f 2976//2976 2966//2966 2974//2974
f 2977//2977 2971//2971 2969//2969
f 2977//2977 2967//2967 2975//2975
f 2977//2977 2969//2969 2967//2967
f 2978//2978 2528//2528 2527//2527
f 2978//2978 2527//2527 2970//2970
f 2978//2978 2970//2970 2968//2968
f 2978//2978 2968//2968 2976//2976
f 2979//2979 2971//2971 2977//2977
f 2980//2980 2972//2972 2971//2971
f 2980//2980 2971//2971 2979//2979
f 2980//2980 2973//2973 2972//2972
f 2981//2981 2973//2973 2980//2980
f 2982//2982 2974//2974 2973//2973
f 2982//2982 2976//2976 2974//2974
f 2982//2982 2973//2973 2981//2981
f 2983//2983 2975//2975 1722//1722
f 2983//2983 1722//1722 1723//1723
f 2984//2984 2976//2976 2982//2982
f 2985//2985 2977//2977 2975//2975
f 2985//2985 2975//2975 2983//2983
f 2986//2986 2529//2529 2528//2528
f 2986//2986 2528//2528 2978//2978
f 2986//2986 2978//2978 2976//2976
f 2986//2986 2984//2984 2529//2529
f 2986//2986 2976//2976 2984//2984
f 2987//2987 2977//2977 2985//2985
f 2987//2987 2979//2979 2977//2977
f 2988//2988 2979//2979 2987//2987
f 2988//2988 2980//2980 2979//2979
f 2989//2989 2981//2981 2980//2980
f 2989//2989 2980//2980 2988//2988
f 2990//2990 2982//2982 2981//2981
f 2990//2990 2981//2981 2989//2989
f 2991//2991 1723//1723 1724//1724
f 2991//2991 2983//2983 1723//1723
f 2992//2992 2529//2529 2984//2984
f 2992//2992 2984//2984 2982//2982
f 2992//2992 2982//2982 2990//2990
f 2993//2993 2983//2983 2991//2991
f 2993//2993 2987//2987 2985//2985
f 2993//2993 2985//2985 2983//2983
f 2994//2994 2530//2530 2529//2529
f 2994//2994 2529//2529 2992//2992
f 2994//2994 2992//2992 2530//2530
f 2995//2995 2987//2987 2993//2993
f 2996//2996 2987//2987 2995//2995
f 2996//2996 2988//2988 2987//2987
f 2996//2996 2989//2989 2988//2988
f 2997//2997 2989//2989 2996//2996
f 2998//2998 2990//2990 2989//2989
f 2998//2998 2989//2989 2997//2997
f 2999//2999 1724//1724 1725//1725
f 2999//2999 2993//2993 2991//2991
f 2999//2999 2991//2991 1724//1724
f 3000//3000 2530//2530 2992//2992
f 3000//3000 2992//2992 2990//2990
f 3000//3000 2990//2990 2998//2998
f 3001//3001 2993//2993 2999//2999
f 3002//3002 2531//2531 2530//2530
f 3002//3002 3000//3000 2531//2531
f 3002//3002 2530//2530 3000//3000
f 3003//3003 2995//2995 2993//2993
f 3003//3003 2993//2993 3001//3001
f 3004//3004 2995//2995 3003//3003
f 3004//3004 2996//2996 2995//2995
f 3005//3005 2996//2996 3004//3004
f 3005//3005 2997//2997 2996//2996
f 3006//3006 2997//2997 3005//3005
f 3006//3006 2998//2998 2997//2997
f 3007//3007 1725//1725 1726//1726
f 3007//3007 2999//2999 1725//1725
f 3008//3008 2998//2998 3006//3006
f 3008//3008 2531//2531 3000//3000
f 3008//3008 3000//3000 2998//2998
f 3009//3009 3003//3003 3001//3001
f 3009//3009 2999//2999 3007//3007
f 3009//3009 3001//3001 2999//2999
f 3010//3010 3008//3008 2532//2532
f 3010//3010 2532//2532 2531//2531
f 3010//3010 2531//2531 3008//3008
f 3011//3011 3007//3007 1726//1726
f 3011//3011 1726//1726 1727//1727
f 3012//3012 3003//3003 3009//3009
f 3013//3013 3009//3009 3007//3007
f 3013//3013 3007//3007 3011//3011
f 3013//3013 3012//3012 3009//3009
f 3014//3014 3005//3005 3004//3004
f 3014//3014 3003//3003 3012//3012
f 3014//3014 3004//3004 3003//3003
f 3015//3015 3012//3012 3013//3013
f 3016//3016 3005//3005 3014//3014
f 3017//3017 3014//3014 3012//3012
f 3017//3017 3012//3012 3015//3015
f 3018//3018 3005//3005 3016//3016
f 3018//3018 3006//3006 3005//3005
f 3019//3019 3011//3011 1727//1727
f 3019//3019 3013//3013 3011//3011
f 3020//3020 3016//3016 3014//3014
f 3020//3020 3014//3014 3017//3017
f 3021//3021 2532//2532 3008//3008
f 3021//3021 3008//3008 3006//3006
f 3021//3021 3006//3006 3018//3018
f 3022//3022 3013//3013 3019//3019
f 3023//3023 3018//3018 3016//3016
f 3023//3023 3016//3016 3020//3020
f 3023//3023 3021//3021 3018//3018
f 3024//3024 2533//2533 2532//2532
f 3024//3024 2532//2532 3021//3021
f 3025//3025 3013//3013 3022//3022
f 3025//3025 3015//3015 3013//3013
f 3026//3026 1727//1727 1728//1728
f 3026//3026 3019//3019 1727//1727
f 3027//3027 3021//3021 3023//3023
f 3027//3027 3024//3024 3021//3021
f 3028//3028 3017//3017 3015//3015
f 3028//3028 3015//3015 3025//3025
f 3029//3029 3022//3022 3019//3019
f 3029//3029 3025//3025 3022//3022
f 3029//3029 3019//3019 3026//3026
f 3030//3030 2533//2533 3024//3024
f 3030//3030 3024//3024 3027//3027
f 3031//3031 3020//3020 3017//3017
f 3031//3031 3023//3023 3020//3020
f 3031//3031 3017//3017 3028//3028
f 3032//3032 3025//3025 3029//3029
f 3033//3033 3023//3023 3031//3031
f 3034//3034 3028//3028 3025//3025
f 3034//3034 3031//3031 3028//3028
f 3034//3034 3025//3025 3032//3032
f 3035//3035 3026//3026 1728//1728
f 3036//3036 3027//3027 3023//3023
f 3036//3036 3023//3023 3033//3033
f 3037//3037 3031//3031 3034//3034
f 3038//3038 3026//3026 3035//3035
f 3038//3038 3029//3029 3026//3026
f 3039//3039 2534//2534 2533//2533
f 3039//3039 2533//2533 3030//3030
f 3039//3039 3030//3030 3027//3027
f 3039//3039 3027//3027 3036//3036
f 3040//3040 3031//3031 3037//3037
f 3040//3040 3033//3033 3031//3031
f 3041//3041 3029//3029 3038//3038
f 3041//3041 3032//3032 3029//3029
f 3042//3042 3035//3035 1728//1728
f 3042//3042 1728//1728 1729//1729
f 3042//3042 3038//3038 3035//3035
f 3043//3043 3036//3036 3033//3033
f 3043//3043 3033//3033 3040//3040
f 3044//3044 3034//3034 3032//3032
f 3044//3044 3037//3037 3034//3034
f 3044//3044 3032//3032 3041//3041
f 3045//3045 3038//3038 3042//3042
f 3046//3046 3039//3039 3036//3036
f 3046//3046 3036//3036 3043//3043
f 3046//3046 2534//2534 3039//3039
f 3047//3047 3037//3037 3044//3044
f 3048//3048 3041//3041 3038//3038
f 3048//3048 3038//3038 3045//3045
f 3049//3049 3040//3040 3037//3037
f 3049//3049 3043//3043 3040//3040
f 3049//3049 3037//3037 3047//3047
f 3050//3050 3041//3041 3048//3048
f 3050//3050 3044//3044 3041//3041
f 3051//3051 3042//3042 1729//1729
f 3052//3052 3043//3043 3049//3049
f 3053//3053 3047//3047 3044//3044
f 3053//3053 3044//3044 3050//3050
f 3054//3054 3042//3042 3051//3051
f 3054//3054 3045//3045 3042//3042
f 3055//3055 2535//2535 2534//2534
f 3055//3055 2534//2534 3046//3046
f 3055//3055 3046//3046 3043//3043
f 3055//3055 3043//3043 3052//3052
f 3056//3056 3049//3049 3047//3047
f 3056//3056 3047//3047 3053//3053
f 3057//3057 3048//3048 3045//3045
f 3057//3057 3045//3045 3054//3054
f 3058//3058 3051//3051 1729//1729
f 3058//3058 1729//1729 1730//1730
f 3059//3059 3049//3049 3056//3056
f 3059//3059 3052//3052 3049//3049
f 3060//3060 3050//3050 3048//3048
f 3060//3060 3053//3053 3050//3050
f 3060//3060 3048//3048 3057//3057
f 3061//3061 3051//3051 3058//3058
f 3061//3061 3054//3054 3051//3051
f 3062//3062 2535//2535 3055//3055
f 3062//3062 3055//3055 3052//3052
f 3062//3062 3052//3052 3059//3059
f 3063//3063 3053//3053 3060//3060
f 3063//3063 3056//3056 3053//3053
f 3064//3064 3057//3057 3054//3054
f 3064//3064 3054//3054 3061//3061
f 3065//3065 3059//3059 3056//3056
f 3065//3065 3056//3056 3063//3063
f 3066//3066 3058//3058 1730//1730
f 3067//3067 3060//3060 3057//3057
f 3067//3067 3057//3057 3064//3064
f 3068//3068 3059//3059 3065//3065
f 3069//3069 3058//3058 3066//3066
f 3069//3069 3061//3061 3058//3058
f 3070//3070 3063//3063 3060//3060
f 3070//3070 3060//3060 3067//3067
f 3071//3071 3059//3059 3068//3068
f 3071//3071 2536//2536 2535//2535
f 3071//3071 2535//2535 3062//3062
f 3071//3071 3062//3062 3059//3059
f 3072//3072 3061//3061 3069//3069
f 3072//3072 3064//3064 3061//3061
f 3073//3073 3068//3068 3065//3065
f 3073//3073 3063//3063 3070//3070
f 3073//3073 3065//3065 3063//3063
f 3074//3074 3064//3064 3072//3072
f 3074//3074 3067//3067 3064//3064
f 3075//3075 1730//1730 1731//1731
f 3075//3075 3066//3066 1730//1730
f 3076//3076 3068//3068 3073//3073
f 3077//3077 3067//3067 3074//3074
f 3077//3077 3070//3070 3067//3067
f 3078//3078 3072//3072 3069//3069
f 3078//3078 3066//3066 3075//3075
f 3078//3078 3069//3069 3066//3066
f 3079//3079 2536//2536 3071//3071
f 3079//3079 3068//3068 3076//3076
f 3079//3079 3071//3071 3068//3068
f 3080//3080 3070//3070 3077//3077
f 3080//3080 3073//3073 3070//3070
f 3081//3081 3072//3072 3078//3078
f 3082//3082 3075//3075 1731//1731
f 3083//3083 3076//3076 3073//3073
f 3083//3083 3073//3073 3080//3080
f 3084//3084 3074//3074 3072//3072
f 3084//3084 3077//3077 3074//3074
f 3084//3084 3072//3072 3081//3081
f 3085//3085 3078//3078 3075//3075
f 3085//3085 3081//3081 3078//3078
f 3085//3085 3075//3075 3082//3082
f 3086//3086 2537//2537 2536//2536
f 3086//3086 2536//2536 3079//3079
f 3086//3086 3076//3076 3083//3083
f 3086//3086 3079//3079 3076//3076
f 3087//3087 3077//3077 3084//3084
f 3088//3088 3084//3084 3081//3081
f 3088//3088 3081//3081 3085//3085
f 3089//3089 3080//3080 3077//3077
f 3089//3089 3083//3083 3080//3080
f 3089//3089 3077//3077 3087//3087
f 3090//3090 3084//3084 3088//3088
f 3091//3091 3082//3082 1731//1731
f 3091//3091 3085//3085 3082//3082
f 3091//3091 1731//1731 1732//1732
f 3092//3092 3086//3086 3083//3083
f 3092//3092 3083//3083 3089//3089
f 3093//3093 3087//3087 3084//3084
f 3093//3093 3084//3084 3090//3090
f 3094//3094 3085//3085 3091//3091
f 3095//3095 2537//2537 3086//3086
f 3095//3095 3086//3086 3092//3092
f 3096//3096 3089//3089 3087//3087
f 3096//3096 3087//3087 3093//3093
f 3097//3097 3088//3088 3085//3085
f 3097//3097 3085//3085 3094//3094
f 3098//3098 3091//3091 1732//1732
f 3099//3099 3092//3092 3089//3089
f 3099//3099 3089//3089 3096//3096
f 3100//3100 3088//3088 3097//3097
f 3100//3100 3090//3090 3088//3088
f 3101//3101 3091//3091 3098//3098
f 3101//3101 3094//3094 3091//3091
f 3101//3101 3097//3097 3094//3094
f 3102//3102 2538//2538 2537//2537
f 3102//3102 2537//2537 3095//3095
f 3102//3102 3095//3095 3092//3092
f 3102//3102 3092//3092 3099//3099
f 3103//3103 3093//3093 3090//3090
f 3103//3103 3090//3090 3100//3100
f 3104//3104 3097//3097 3101//3101
f 3105//3105 3093//3093 3103//3103
f 3105//3105 3096//3096 3093//3093
f 3106//3106 3097//3097 3104//3104
f 3106//3106 3100//3100 3097//3097
f 3107//3107 1732//1732 1733//1733
f 3107//3107 3098//3098 1732//1732
f 3107//3107 3101//3101 3098//3098
f 3108//3108 3096//3096 3105//3105
f 3108//3108 3099//3099 3096//3096
f 3109//3109 3103//3103 3100//3100
f 3109//3109 3100//3100 3106//3106
f 3109//3109 3105//3105 3103//3103
f 3110//3110 3101//3101 3107//3107
f 3111//3111 3102//3102 3099//3099
f 3111//3111 2538//2538 3102//3102
f 3111//3111 3099//3099 3108//3108
f 3112//3112 3108//3108 3105//3105
f 3112//3112 3105//3105 3109//3109
f 3113//3113 3107//3107 1733//1733
f 3114//3114 3104//3104 3101//3101
f 3114//3114 3101//3101 3110//3110
f 3115//3115 3111//3111 3108//3108
f 3115//3115 3108//3108 3112//3112
f 3116//3116 3107//3107 3113//3113
f 3116//3116 3110//3110 3107//3107
f 3117//3117 3104//3104 3114//3114
f 3117//3117 3106//3106 3104//3104
f 3118//3118 2539//2539 2538//2538
f 3118//3118 2538//2538 3111//3111
f 3118//3118 3111//3111 3115//3115
f 3119//3119 3114//3114 3110//3110
f 3119//3119 3110//3110 3116//3116
f 3119//3119 3117//3117 3114//3114
f 3120//3120 3106//3106 3117//3117
f 3120//3120 3109//3109 3106//3106
f 3121//3121 3117//3117 3119//3119
f 3122//3122 3109//3109 3120//3120
f 3122//3122 3112//3112 3109//3109
f 3123//3123 3113//3113 1733//1733
f 3123//3123 1733//1733 1734//1734
f 3124//3124 3120//3120 3117//3117
f 3124//3124 3117//3117 3121//3121
f 3125//3125 3112//3112 3122//3122
f 3125//3125 3115//3115 3112//3112
f 3126//3126 3113//3113 3123//3123
f 3126//3126 3116//3116 3113//3113
f 3126//3126 3119//3119 3116//3116
f 3127//3127 3122//3122 3120//3120
f 3127//3127 3120//3120 3124//3124
f 3127//3127 3125//3125 3122//3122
f 3128//3128 2539//2539 3118//3118
f 3128//3128 3118//3118 3115//3115
f 3128//3128 3115//3115 3125//3125
f 3129//3129 3123//3123 1734//1734
f 3130//3130 3119//3119 3126//3126
f 3131//3131 3125//3125 3127//3127
f 3131//3131 3128//3128 3125//3125
f 3132//3132 3123//3123 3129//3129
f 3132//3132 3126//3126 3123//3123
f 3133//3133 3121//3121 3119//3119
f 3133//3133 3119//3119 3130//3130
f 3134//3134 2540//2540 2539//2539
f 3134//3134 2539//2539 3128//3128
f 3134//3134 3128//3128 3131//3131
f 3135//3135 3133//3133 3130//3130
f 3135//3135 3126//3126 3132//3132
f 3135//3135 3130//3130 3126//3126
f 3136//3136 3124//3124 3121//3121
f 3136//3136 3127//3127 3124//3124
f 3136//3136 3121//3121 3133//3133
f 3137//3137 3133//3133 3135//3135
f 3138//3138 3127//3127 3136//3136
f 3139//3139 3136//3136 3133//3133
f 3139//3139 3133//3133 3137//3137
f 3139//3139 3138//3138 3136//3136
f 3140//3140 3129//3129 1734//1734
f 3140//3140 1734//1734 1735//1735
f 3141//3141 3127//3127 3138//3138
f 3141//3141 3131//3131 3127//3127
f 3141//3141 3134//3134 3131//3131
f 3142//3142 3141//3141 3138//3138
f 3142//3142 3138//3138 3139//3139
f 3143//3143 3135//3135 3132//3132
f 3143//3143 3140//3140 1735//1735
f 3143//3143 3129//3129 3140//3140
f 3143//3143 3132//3132 3129//3129
f 3144//3144 3134//3134 3141//3141
f 3144//3144 2540//2540 3134//3134
f 3145//3145 3141//3141 3142//3142
f 3146//3146 3135//3135 3143//3143
f 3147//3147 3144//3144 3141//3141
f 3147//3147 2541//2541 2540//2540
f 3147//3147 3141//3141 3145//3145
f 3147//3147 2540//2540 3144//3144
f 3148//3148 3137//3137 3135//3135
f 3148//3148 3135//3135 3146//3146
f 3149//3149 3137//3137 3148//3148
f 3149//3149 3139//3139 3137//3137
f 3150//3150 3142//3142 3139//3139
f 3150//3150 3139//3139 3149//3149
f 3150//3150 3145//3145 3142//3142
f 3151//3151 1735//1735 1736//1736
f 3152//3152 3145//3145 3150//3150
f 3153//3153 1735//1735 3151//3151
f 3153//3153 3151//3151 1736//1736
f 3153//3153 3143//3143 1735//1735
f 3154//3154 2541//2541 3147//3147
f 3154//3154 3147//3147 3145//3145
f 3154//3154 3145//3145 3152//3152
f 3155//3155 3146//3146 3143//3143
f 3155//3155 3148//3148 3146//3146
f 3155//3155 3143//3143 3153//3153
f 3156//3156 3148//3148 3155//3155
f 3157//3157 3149//3149 3148//3148
f 3157//3157 3150//3150 3149//3149
f 3157//3157 3148//3148 3156//3156
f 3158//3158 3152//3152 3150//3150
f 3158//3158 3150//3150 3157//3157
f 3159//3159 1736//1736 1737//1737
f 3160//3160 3152//3152 3158//3158
f 3161//3161 3153//3153 1736//1736
f 3161//3161 1736//1736 3159//3159
f 3161//3161 3159//3159 1737//1737
f 3162//3162 2542//2542 2541//2541
f 3162//3162 2541//2541 3154//3154
f 3162//3162 3154//3154 3152//3152
f 3162//3162 3152//3152 3160//3160
f 3163//3163 3156//3156 3155//3155
f 3163//3163 3155//3155 3153//3153
f 3163//3163 3153//3153 3161//3161
f 3164//3164 3156//3156 3163//3163
f 3165//3165 3157//3157 3156//3156
f 3165//3165 3156//3156 3164//3164
f 3166//3166 3158//3158 3157//3157
f 3166//3166 3157//3157 3165//3165
f 3167//3167 1738//1738 2485//2485
f 3167//3167 1737//1737 1738//1738
f 3167//3167 2485//2485 2486//2486
f 3168//3168 3158//3158 3166//3166
f 3168//3168 3160//3160 3158//3158
f 3168//3168 3162//3162 3160//3160
f 3169//3169 1737//1737 3167//3167
f 3169//3169 3167//3167 2486//2486
f 3169//3169 3161//3161 1737//1737
f 3170//3170 2543//2543 2542//2542
f 3170//3170 2542//2542 3162//3162
f 3170//3170 3162//3162 3168//3168
f 3171//3171 3163//3163 3161//3161
f 3171//3171 2486//2486 2487//2487
f 3171//3171 3169//3169 2486//2486
f 3171//3171 3161//3161 3169//3169
f 3172//3172 3163//3163 3171//3171
f 3172//3172 3164//3164 3163//3163
f 3172//3172 2487//2487 2488//2488
f 3172//3172 3171//3171 2487//2487
f 3173//3173 3164//3164 3172//3172
f 3173//3173 2488//2488 2489//2489
f 3173//3173 3165//3165 3164//3164
f 3173//3173 3172//3172 2488//2488
f 3174//3174 3165//3165 3173//3173
f 3174//3174 2489//2489 2490//2490
f 3174//3174 3173//3173 2489//2489
f 3174//3174 3166//3166 3165//3165
f 3175//3175 3174//3174 2490//2490
f 3175//3175 3166//3166 3174//3174
f 3175//3175 2490//2490 2491//2491
f 3175//3175 3168//3168 3166//3166
f 3176//3176 3170//3170 3168//3168
f 3176//3176 3168//3168 3175//3175
f 3176//3176 3175//3175 2491//2491
f 3176//3176 2544//2544 2543//2543
f 3176//3176 2493//2493 2544//2544
f 3176//3176 2491//2491 2492//2492
f 3176//3176 2492//2492 2493//2493
f 3176//3176 2543//2543 3170//3170
f 1832//1832 1834//1834 1833//1833
f 1837//1837 1836//1836 1835//1835
f 1830//1830 1832//1832 1831//1831
f 1830//1830 1834//1834 1832//1832
f 1838//1838 1837//1837 1835//1835
f 1840//1840 1839//1839 1838//1838
f 1840//1840 1838//1838 1835//1835
f 1827//1827 1829//1829 1828//1828
f 1827//1827 1830//1830 1829//1829
f 1842//1842 1835//1835 1834//1834
f 1842//1842 1841//1841 1840//1840
f 1842//1842 1840//1840 1835//1835
f 1825//1825 1827//1827 1826//1826
f 1844//1844 1843//1843 1842//1842
f 1823//1823 1825//1825 1824//1824
f 1823//1823 1834//1834 1830//1830
f 1823//1823 1830//1830 1827//1827
f 1823//1823 1827//1827 1825//1825
f 1821//1821 1823//1823 1822//1822
f 1821//1821 1834//1834 1823//1823
f 1819//1819 1821//1821 1820//1820
f 1848//1848 1845//1845 1844//1844
f 1848//1848 1846//1846 1845//1845
f 1848//1848 1847//1847 1846//1846
f 1817//1817 1821//1821 1819//1819
f 1817//1817 1819//1819 1818//1818
f 1851//1851 1848//1848 1844//1844
f 1851//1851 1849//1849 1848//1848
f 1851//1851 1850//1850 1849//1849
f 1852//1852 1851//1851 1844//1844
f 1852//1852 1844//1844 1842//1842
f 1813//1813 1834//1834 1821//1821
f 1813//1813 1815//1815 1814//1814
f 1813//1813 1816//1816 1815//1815
f 1813//1813 1817//1817 1816//1816
f 1813//1813 1821//1821 1817//1817
f 1813//1813 1842//1842 1834//1834
f 1802//1802 1801//1801 1852//1852
f 1804//1804 1803//1803 1802//1802
f 1804//1804 1802//1802 1852//1852
f 1810//1810 1812//1812 1811//1811
f 1806//1806 1805//1805 1804//1804
f 1808//1808 1807//1807 1806//1806
f 1808//1808 1810//1810 1809//1809
f 1808//1808 1813//1813 1812//1812
f 1808//1808 1812//1812 1810//1810
f 1808//1808 1852//1852 1842//1842
f 1808//1808 1842//1842 1813//1813
f 1808//1808 1804//1804 1852//1852
f 1808//1808 1806//1806 1804//1804
f 2524//2524 2525//2525 2526//2526
f 2529//2529 2527//2527 2528//2528
f 2522//2522 2523//2523 2524//2524
f 2522//2522 2524//2524 2526//2526
f 2530//2530 2527//2527 2529//2529
f 2532//2532 2530//2530 2531//2531
f 2532//2532 2527//2527 2530//2530
f 2519//2519 2520//2520 2521//2521
f 2519//2519 2521//2521 2522//2522
f 2534//2534 2526//2526 2527//2527
f 2534//2534 2532//2532 2533//2533
f 2534//2534 2527//2527 2532//2532
f 2517//2517 2518//2518 2519//2519
f 2536//2536 2534//2534 2535//2535
f 2515//2515 2516//2516 2517//2517
f 2515//2515 2522//2522 2526//2526
f 2515//2515 2519//2519 2522//2522
f 2515//2515 2517//2517 2519//2519
f 2513//2513 2514//2514 2515//2515
f 2513//2513 2515//2515 2526//2526
f 2511//2511 2512//2512 2513//2513
f 2540//2540 2536//2536 2537//2537
f 2540//2540 2537//2537 2538//2538
f 2540//2540 2538//2538 2539//2539
f 2509//2509 2511//2511 2513//2513
f 2509//2509 2510//2510 2511//2511
f 2543//2543 2536//2536 2540//2540
f 2543//2543 2540//2540 2541//2541
f 2543//2543 2541//2541 2542//2542
f 2544//2544 2536//2536 2543//2543
f 2544//2544 2534//2534 2536//2536
f 2505//2505 2513//2513 2526//2526
f 2505//2505 2506//2506 2507//2507
f 2505//2505 2507//2507 2508//2508
f 2505//2505 2508//2508 2509//2509
f 2505//2505 2509//2509 2513//2513
f 2505//2505 2526//2526 2534//2534
f 2494//2494 2544//2544 2493//2493
f 2496//2496 2494//2494 2495//2495
f 2496//2496 2544//2544 2494//2494
f 2502//2502 2503//2503 2504//2504
f 2498//2498 2496//2496 2497//2497
f 2500//2500 2498//2498 2499//2499
f 2500//2500 2501//2501 2502//2502
f 2500//2500 2504//2504 2505//2505
f 2500//2500 2502//2502 2504//2504
f 2500//2500 2534//2534 2544//2544
f 2500//2500 2505//2505 2534//2534
f 2500//2500 2544//2544 2496//2496
f 2500//2500 2496//2496 2498//2498
o cap_3
usemtl PLA_a8aaa8
v -0.03250 0.01570 -0.00000
v -0.03250 0.01564 0.00087
v -0.03250 0.01547 0.00172
v -0.03250 0.01518 0.00254
v -0.03250 0.01479 0.00331
v -0.03250 0.01430 0.00403
v -0.03250 0.01372 0.00467
v -0.03250 0.01306 0.00523
v -0.03250 0.01232 0.00570
v -0.03250 0.01154 0.00607
v -0.03250 0.01071 0.00632
v -0.03250 0.00985 0.00647
v -0.03250 0.00898 0.00650
v -0.03250 0.00812 0.00641
v -0.03250 0.00727 0.00621
v -0.03250 0.00646 0.00590
v -0.03250 0.00570 0.00548
v -0.03250 0.00500 0.00496
v -0.03250 0.00438 0.00436
v -0.03250 0.00384 0.00368
v -0.03250 0.00340 0.00293
v -0.03250 0.00306 0.00213
v -0.03250 0.00283 0.00129
v -0.03250 0.00271 0.00043
v -0.03250 0.00271 -0.00043
v -0.03250 0.00283 -0.00129
v -0.03250 0.00306 -0.00213
v -0.03250 0.00340 -0.00293
v -0.03250 0.00384 -0.00368
v -0.03250 0.00438 -0.00436
v -0.03250 0.00500 -0.00496
v -0.03250 0.00570 -0.00548
v -0.03250 0.00646 -0.00590
v -0.03250 0.00727 -0.00621
v -0.03250 0.00812 -0.00641
v -0.03250 0.00898 -0.00650
v -0.03250 0.00985 -0.00647
v -0.03250 0.01071 -0.00632
v -0.03250 0.01154 -0.00607
v -0.03250 0.01232 -0.00570
v -0.03250 0.01306 -0.00523
v -0.03250 0.01372 -0.00467
v -0.03250 0.01430 -0.00403
v -0.03250 0.01479 -0.00331
v -0.03250 0.01518 -0.00254
v -0.03250 0.01547 -0.00172
v -0.03250 0.01564 -0.00087
v -0.03290 0.01570 -0.00000
v -0.03290 0.01564 0.00087
v -0.03290 0.01547 0.00172
v -0.03290 0.01518 0.00254
v -0.03290 0.01479 0.00331
v -0.03290 0.01430 0.00403
v -0.03290 0.01372 0.00467
v -0.03290 0.01306 0.00523
v -0.03290 0.01232 0.00570
v -0.03290 0.01154 0.00607
v -0.03290 0.01071 0.00632
v -0.03290 0.00985 0.00647
v -0.03290 0.00898 0.00650
v -0.03290 0.00812 0.00641
v -0.03290 0.00727 0.00621
v -0.03290 0.00646 0.00590
v -0.03290 0.00570 0.00548
v -0.03290 0.00500 0.00496
v -0.03290 0.00438 0.00436
v -0.03290 0.00384 0.00368
v -0.03290 0.00340 0.00293
v -0.03290 0.00306 0.00213
v -0.03290 0.00283 0.00129
v -0.03290 0.00271 0.00043
v -0.03290 0.00271 -0.00043
v -0.03290 0.00283 -0.00129
v -0.03290 0.00306 -0.00213
v -0.03290 0.00340 -0.00293
v -0.03290 0.00384 -0.00368
v -0.03290 0.00438 -0.00436
v -0.03290 0.00500 -0.00496
v -0.03290 0.00570 -0.00548
v -0.03290 0.00646 -0.00590
v -0.03290 0.00727 -0.00621
v -0.03290 0.00812 -0.00641
v -0.03290 0.00898 -0.00650
v -0.03290 0.00985 -0.00647
v -0.03290 0.01071 -0.00632
v -0.03290 0.01154 -0.00607
v -0.03290 0.01232 -0.00570
v -0.03290 0.01306 -0.00523
v -0.03290 0.01372 -0.00467
v -0.03290 0.01430 -0.00403
v -0.03290 0.01479 -0.00331
v -0.03290 0.01518 -0.00254
v -0.03290 0.01547 -0.00172
v -0.03290 0.01564 -0.00087
vn -0.0000 1.0000 -0.0000
vn 0.0000 0.9911 0.1333
vn 0.0000 0.9645 0.2642
vn 0.0000 0.9206 0.3904
vn 0.0000 0.8604 0.5096
vn 0.0000 0.7848 0.6197
vn 0.0000 0.6952 0.7188
vn 0.0000 0.5932 0.8051
vn 0.0000 0.4806 0.8769
vn 0.0000 0.3594 0.9332
vn 0.0000 0.2318 0.9728
vn 0.0000 0.1001 0.9950
vn 0.0000 -0.0334 0.9994
vn 0.0000 -0.1663 0.9861
vn 0.0000 -0.2963 0.9551
vn 0.0000 -0.4209 0.9071
vn 0.0000 -0.5381 0.8429
vn 0.0000 -0.6456 0.7637
vn 0.0000 -0.7417 0.6708
vn 0.0000 -0.8244 0.5659
vn 0.0000 -0.8925 0.4510
vn 0.0000 -0.9447 0.3280
vn 0.0000 -0.9800 0.1992
vn 0.0000 -0.9978 0.0668
vn 0.0000 -0.9978 -0.0668
vn 0.0000 -0.9800 -0.1992
vn 0.0000 -0.9447 -0.3280
vn 0.0000 -0.8925 -0.4510
vn 0.0000 -0.8244 -0.5659
vn 0.0000 -0.7417 -0.6708
vn 0.0000 -0.6456 -0.7637
vn 0.0000 -0.5381 -0.8429
vn 0.0000 -0.4209 -0.9071
vn 0.0000 -0.2963 -0.9551
vn 0.0000 -0.1663 -0.9861
vn 0.0000 -0.0334 -0.9994
vn -0.0000 0.1001 -0.9950
vn -0.0000 0.2318 -0.9728
vn -0.0000 0.3594 -0.9332
vn -0.0000 0.4806 -0.8769
vn -0.0000 0.5932 -0.8051
vn -0.0000 0.6952 -0.7188
vn -0.0000 0.7848 -0.6197
vn -0.0000 0.8604 -0.5096
vn -0.0000 0.9206 -0.3904
vn -0.0000 0.9645 -0.2642
vn -0.0000 0.9911 -0.1333
vn -0.0000 1.0000 -0.0000
vn 0.0000 0.9911 0.1333
vn 0.0000 0.9645 0.2642
vn 0.0000 0.9206 0.3904
vn 0.0000 0.8604 0.5096
vn 0.0000 0.7848 0.6197
vn 0.0000 0.6952 0.7188
vn 0.0000 0.5932 0.8051
vn 0.0000 0.4806 0.8769
vn 0.0000 0.3594 0.9332
vn 0.0000 0.2318 0.9728
vn 0.0000 0.1001 0.9950
vn 0.0000 -0.0334 0.9994
vn 0.0000 -0.1663 0.9861
vn 0.0000 -0.2963 0.9551
vn 0.0000 -0.4209 0.9071
vn 0.0000 -0.5381 0.8429
vn 0.0000 -0.6456 0.7637
vn 0.0000 -0.7417 0.6708
vn 0.0000 -0.8244 0.5659
vn 0.0000 -0.8925 0.4510
vn 0.0000 -0.9447 0.3280
vn 0.0000 -0.9800 0.1992
vn 0.0000 -0.9978 0.0668
vn 0.0000 -0.9978 -0.0668
vn 0.0000 -0.9800 -0.1992
vn 0.0000 -0.9447 -0.3280
vn 0.0000 -0.8925 -0.4510
vn 0.0000 -0.8244 -0.5659
vn 0.0000 -0.7417 -0.6708
vn 0.0000 -0.6456 -0.7637
vn 0.0000 -0.5381 -0.8429
vn 0.0000 -0.4209 -0.9071
vn 0.0000 -0.2963 -0.9551
vn 0.0000 -0.1663 -0.9861
vn 0.0000 -0.0334 -0.9994
vn -0.0000 0.1001 -0.9950
vn -0.0000 0.2318 -0.9728
vn -0.0000 0.3594 -0.9332
vn -0.0000 0.4806 -0.8769
vn -0.0000 0.5932 -0.8051
vn -0.0000 0.6952 -0.7188
vn -0.0000 0.7848 -0.6197
vn -0.0000 0.8604 -0.5096
vn -0.0000 0.9206 -0.3904
vn -0.0000 0.9645 -0.2642
vn -0.0000 0.9911 -0.1333
f 3178//3178 3177//3177 3224//3224
f 3178//3178 3224//3224 3225//3225
f 3179//3179 3178//3178 3225//3225
f 3179//3179 3225//3225 3226//3226
f 3180//3180 3179//3179 3226//3226
f 3180//3180 3226//3226 3227//3227
f 3181//3181 3180//3180 3227//3227
f 3181//3181 3227//3227 3228//3228
f 3182//3182 3181//3181 3228//3228
f 3182//3182 3228//3228 3229//3229
f 3183//3183 3182//3182 3229//3229
f 3183//3183 3229//3229 3230//3230
f 3184//3184 3183//3183 3230//3230
f 3184//3184 3230//3230 3231//3231
f 3185//3185 3184//3184 3231//3231
f 3185//3185 3231//3231 3232//3232
f 3186//3186 3185//3185 3232//3232
f 3186//3186 3232//3232 3233//3233
f 3186//3186 3233//3233 3234//3234
f 3187//3187 3186//3186 3234//3234
f 3188//3188 3187//3187 3234//3234
f 3188//3188 3234//3234 3235//3235
f 3189//3189 3188//3188 3235//3235
f 3189//3189 3235//3235 3236//3236
f 3190//3190 3189//3189 3236//3236
f 3190//3190 3236//3236 3237//3237
f 3191//3191 3190//3190 3237//3237
f 3191//3191 3237//3237 3238//3238
f 3192//3192 3191//3191 3238//3238
f 3192//3192 3238//3238 3239//3239
f 3193//3193 3239//3239 3240//3240
f 3193//3193 3192//3192 3239//3239
f 3194//3194 3240//3240 3241//3241
f 3194//3194 3193//3193 3240//3240
f 3195//3195 3241//3241 3242//3242
f 3195//3195 3242//3242 3243//3243
f 3195//3195 3194//3194 3241//3241
f 3196//3196 3195//3195 3243//3243
f 3197//3197 3243//3243 3244//3244
f 3197//3197 3196//3196 3243//3243
f 3198//3198 3244//3244 3245//3245
f 3198//3198 3197//3197 3244//3244
f 3199//3199 3245//3245 3246//3246
f 3199//3199 3198//3198 3245//3245
f 3200//3200 3246//3246 3247//3247
f 3200//3200 3247//3247 3248//3248
f 3200//3200 3199//3199 3246//3246
f 3201//3201 3200//3200 3248//3248
f 3202//3202 3248//3248 3249//3249
f 3202//3202 3201//3201 3248//3248
f 3203//3203 3202//3202 3249//3249
f 3203//3203 3249//3249 3250//3250
f 3203//3203 3250//3250 3251//3251
f 3204//3204 3203//3203 3251//3251
f 3205//3205 3204//3204 3251//3251
f 3205//3205 3251//3251 3252//3252
f 3206//3206 3205//3205 3252//3252
f 3206//3206 3252//3252 3253//3253
f 3207//3207 3206//3206 3253//3253
f 3207//3207 3253//3253 3254//3254
f 3208//3208 3207//3207 3254//3254
f 3208//3208 3254//3254 3255//3255
f 3209//3209 3208//3208 3255//3255
f 3209//3209 3255//3255 3256//3256
f 3210//3210 3209//3209 3256//3256
f 3210//3210 3256//3256 3257//3257
f 3211//3211 3210//3210 3257//3257
f 3211//3211 3257//3257 3258//3258
f 3212//3212 3211//3211 3258//3258
f 3212//3212 3258//3258 3259//3259
f 3213//3213 3212//3212 3259//3259
f 3213//3213 3259//3259 3260//3260
f 3214//3214 3213//3213 3260//3260
f 3214//3214 3260//3260 3261//3261
f 3215//3215 3214//3214 3261//3261
f 3215//3215 3261//3261 3262//3262
f 3216//3216 3215//3215 3262//3262
f 3216//3216 3262//3262 3263//3263
f 3217//3217 3216//3216 3263//3263
f 3217//3217 3263//3263 3264//3264
f 3218//3218 3217//3217 3264//3264
f 3218//3218 3264//3264 3265//3265
f 3219//3219 3218//3218 3265//3265
f 3219//3219 3265//3265 3266//3266
f 3220//3220 3219//3219 3266//3266
f 3220//3220 3266//3266 3267//3267
f 3221//3221 3220//3220 3267//3267
f 3221//3221 3267//3267 3268//3268
f 3222//3222 3221//3221 3268//3268
f 3222//3222 3268//3268 3269//3269
f 3223//3223 3222//3222 3269//3269
f 3223//3223 3269//3269 3270//3270
f 3177//3177 3223//3223 3270//3270
f 3177//3177 3270//3270 3224//3224
f 3203//3203 3204//3204 3205//3205
f 3203//3203 3205//3205 3206//3206
f 3210//3210 3206//3206 3207//3207
f 3210//3210 3207//3207 3208//3208
f 3210//3210 3208//3208 3209//3209
f 3201//3201 3202//3202 3203//3203
f 3201//3201 3203//3203 3206//3206
f 3214//3214 3211//3211 3212//3212
f 3214//3214 3212//3212 3213//3213
f 3197//3197 3198//3198 3199//3199
f 3197//3197 3199//3199 3200//3200
f 3197//3197 3200//3200 3201//3201
f 3197//3197 3201//3201 3206//3206
f 3196//3196 3197//3197 3206//3206
f 3217//3217 3210//3210 3211//3211
f 3217//3217 3214//3214 3215//3215
f 3217//3217 3215//3215 3216//3216
f 3217//3217 3211//3211 3214//3214
f 3193//3193 3194//3194 3195//3195
f 3193//3193 3195//3195 3196//3196
f 3193//3193 3206//3206 3210//3210
f 3193//3193 3196//3196 3206//3206
f 3220//3220 3217//3217 3218//3218
f 3220//3220 3218//3218 3219//3219
f 3221//3221 3217//3217 3220//3220
f 3191//3191 3192//3192 3193//3193
f 3222//3222 3217//3217 3221//3221
f 3190//3190 3191//3191 3193//3193
f 3223//3223 3217//3217 3222//3222
f 3188//3188 3190//3190 3193//3193
f 3188//3188 3189//3189 3190//3190
f 3188//3188 3193//3193 3210//3210
f 3178//3178 3223//3223 3177//3177
f 3186//3186 3178//3178 3179//3179
f 3186//3186 3187//3187 3188//3188
f 3186//3186 3217//3217 3223//3223
f 3186//3186 3188//3188 3210//3210
f 3186//3186 3223//3223 3178//3178
f 3186//3186 3210//3210 3217//3217
f 3182//3182 3179//3179 3180//3180
f 3182//3182 3180//3180 3181//3181
f 3183//3183 3184//3184 3185//3185
f 3183//3183 3185//3185 3186//3186
f 3183//3183 3186//3186 3179//3179
f 3183//3183 3179//3179 3182//3182
f 3250//3250 3252//3252 3251//3251
f 3250//3250 3253//3253 3252//3252
f 3257//3257 3254//3254 3253//3253
f 3257//3257 3255//3255 3254//3254
f 3257//3257 3256//3256 3255//3255
f 3248//3248 3250//3250 3249//3249
f 3248//3248 3253//3253 3250//3250
f 3261//3261 3259//3259 3258//3258
f 3261//3261 3260//3260 3259//3259
f 3244//3244 3246//3246 3245//3245
f 3244//3244 3247//3247 3246//3246
f 3244//3244 3248//3248 3247//3247
f 3244//3244 3253//3253 3248//3248
f 3243//3243 3253//3253 3244//3244
f 3264//3264 3258//3258 3257//3257
f 3264//3264 3262//3262 3261//3261
f 3264//3264 3263//3263 3262//3262
f 3264//3264 3261//3261 3258//3258
f 3240//3240 3242//3242 3241//3241
f 3240//3240 3243//3243 3242//3242
f 3240//3240 3257//3257 3253//3253
f 3240//3240 3253//3253 3243//3243
f 3267//3267 3265//3265 3264//3264
f 3267//3267 3266//3266 3265//3265
f 3268//3268 3267//3267 3264//3264
f 3238//3238 3240//3240 3239//3239
f 3269//3269 3268//3268 3264//3264
f 3237//3237 3240//3240 3238//3238
f 3270//3270 3269//3269 3264//3264
f 3235//3235 3240//3240 3237//3237
f 3235//3235 3237//3237 3236//3236
f 3235//3235 3257//3257 3240//3240
f 3225//3225 3224//3224 3270//3270
f 3233//3233 3226//3226 3225//3225
f 3233//3233 3235//3235 3234//3234
f 3233//3233 3270//3270 3264//3264
f 3233//3233 3257//3257 3235//3235
f 3233//3233 3225//3225 3270//3270
f 3233//3233 3264//3264 3257//3257
f 3229//3229 3227//3227 3226//3226
f 3229//3229 3228//3228 3227//3227
f 3230//3230 3232//3232 3231//3231
f 3230//3230 3233//3233 3232//3232
f 3230//3230 3226//3226 3233//3233
f 3230//3230 3229//3229 3226//3226
o cap_4
usemtl PLA_a8aaa8
v 0.03290 0.01570 -0.00000
v 0.03290 0.01564 0.00087
v 0.03290 0.01547 0.00172
v 0.03290 0.01518 0.00254
v 0.03290 0.01479 0.00331
v 0.03290 0.01430 0.00403
v 0.03290 0.01372 0.00467
v 0.03290 0.01306 0.00523
v 0.03290 0.01232 0.00570
v 0.03290 0.01154 0.00607
v 0.03290 0.01071 0.00632
v 0.03290 0.00985 0.00647
v 0.03290 0.00898 0.00650
v 0.03290 0.00812 0.00641
v 0.03290 0.00727 0.00621
v 0.03290 0.00646 0.00590
v 0.03290 0.00570 0.00548
v 0.03290 0.00500 0.00496
v 0.03290 0.00438 0.00436
v 0.03290 0.00384 0.00368
v 0.03290 0.00340 0.00293
v 0.03290 0.00306 0.00213
v 0.03290 0.00283 0.00129
v 0.03290 0.00271 0.00043
v 0.03290 0.00271 -0.00043
v 0.03290 0.00283 -0.00129
v 0.03290 0.00306 -0.00213
v 0.03290 0.00340 -0.00293
v 0.03290 0.00384 -0.00368
v 0.03290 0.00438 -0.00436
v 0.03290 0.00500 -0.00496
v 0.03290 0.00570 -0.00548
v 0.03290 0.00646 -0.00590
v 0.03290 0.00727 -0.00621
v 0.03290 0.00812 -0.00641
v 0.03290 0.00898 -0.00650
v 0.03290 0.00985 -0.00647
v 0.03290 0.01071 -0.00632
v 0.03290 0.01154 -0.00607
v 0.03290 0.01232 -0.00570
v 0.03290 0.01306 -0.00523
v 0.03290 0.01372 -0.00467
v 0.03290 0.01430 -0.00403
v 0.03290 0.01479 -0.00331
v 0.03290 0.01518 -0.00254
v 0.03290 0.01547 -0.00172
v 0.03290 0.01564 -0.00087
v 0.03250 0.01570 -0.00000
v 0.03250 0.01564 0.00087
v 0.03250 0.01547 0.00172
v 0.03250 0.01518 0.00254
v 0.03250 0.01479 0.00331
v 0.03250 0.01430 0.00403
v 0.03250 0.01372 0.00467
v 0.03250 0.01306 0.00523
v 0.03250 0.01232 0.00570
v 0.03250 0.01154 0.00607
v 0.03250 0.01071 0.00632
v 0.03250 0.00985 0.00647
v 0.03250 0.00898 0.00650
v 0.03250 0.00812 0.00641
v 0.03250 0.00727 0.00621
v 0.03250 0.00646 0.00590
v 0.03250 0.00570 0.00548
v 0.03250 0.00500 0.00496
v 0.03250 0.00438 0.00436
v 0.03250 0.00384 0.00368
v 0.03250 0.00340 0.00293
v 0.03250 0.00306 0.00213
v 0.03250 0.00283 0.00129
v 0.03250 0.00271 0.00043
v 0.03250 0.00271 -0.00043
v 0.03250 0.00283 -0.00129
v 0.03250 0.00306 -0.00213
v 0.03250 0.00340 -0.00293
v 0.03250 0.00384 -0.00368
v 0.03250 0.00438 -0.00436
v 0.03250 0.00500 -0.00496
v 0.03250 0.00570 -0.00548
v 0.03250 0.00646 -0.00590
v 0.03250 0.00727 -0.00621
v 0.03250 0.00812 -0.00641
v 0.03250 0.00898 -0.00650
v 0.03250 0.00985 -0.00647
v 0.03250 0.01071 -0.00632
v 0.03250 0.01154 -0.00607
v 0.03250 0.01232 -0.00570
v 0.03250 0.01306 -0.00523
v 0.03250 0.01372 -0.00467
v 0.03250 0.01430 -0.00403
v 0.03250 0.01479 -0.00331
v 0.03250 0.01518 -0.00254
v 0.03250 0.01547 -0.00172
v 0.03250 0.01564 -0.00087
vn -0.0000 1.0000 -0.0000
vn 0.0000 0.9911 0.1333
vn 0.0000 0.9645 0.2642
vn 0.0000 0.9206 0.3904
vn 0.0000 0.8604 0.5096
vn 0.0000 0.7848 0.6197
vn 0.0000 0.6952 0.7188
vn 0.0000 0.5932 0.8051
vn 0.0000 0.4806 0.8769
vn 0.0000 0.3594 0.9332
vn 0.0000 0.2318 0.9728
vn 0.0000 0.1001 0.9950
vn 0.0000 -0.0334 0.9994
vn 0.0000 -0.1663 0.9861
vn 0.0000 -0.2963 0.9551
vn 0.0000 -0.4209 0.9071
vn 0.0000 -0.5381 0.8429
vn 0.0000 -0.6456 0.7637
vn 0.0000 -0.7417 0.6708
vn 0.0000 -0.8244 0.5659
vn 0.0000 -0.8925 0.4510
vn 0.0000 -0.9447 0.3280
vn 0.0000 -0.9800 0.1992
vn 0.0000 -0.9978 0.0668
vn 0.0000 -0.9978 -0.0668
vn 0.0000 -0.9800 -0.1992
vn 0.0000 -0.9447 -0.3280
vn 0.0000 -0.8925 -0.4510
vn 0.0000 -0.8244 -0.5659
vn 0.0000 -0.7417 -0.6708
vn 0.0000 -0.6456 -0.7637
vn 0.0000 -0.5381 -0.8429
vn 0.0000 -0.4209 -0.9071
vn 0.0000 -0.2963 -0.9551
vn 0.0000 -0.1663 -0.9861
vn 0.0000 -0.0334 -0.9994
vn -0.0000 0.1001 -0.9950
vn -0.0000 0.2318 -0.9728
vn -0.0000 0.3594 -0.9332
vn -0.0000 0.4806 -0.8769
vn -0.0000 0.5932 -0.8051
vn -0.0000 0.6952 -0.7188
vn -0.0000 0.7848 -0.6197
vn -0.0000 0.8604 -0.5096
vn -0.0000 0.9206 -0.3904
vn -0.0000 0.9645 -0.2642
vn -0.0000 0.9911 -0.1333
vn -0.0000 1.0000 -0.0000
vn 0.0000 0.9911 0.1333
vn 0.0000 0.9645 0.2642
vn 0.0000 0.9206 0.3904
vn 0.0000 0.8604 0.5096
vn 0.0000 0.7848 0.6197
vn 0.0000 0.6952 0.7188
vn 0.0000 0.5932 0.8051
vn 0.0000 0.4806 0.8769
vn 0.0000 0.3594 0.9332
vn 0.0000 0.2318 0.9728
vn 0.0000 0.1001 0.9950
vn 0.0000 -0.0334 0.9994
vn 0.0000 -0.1663 0.9861
vn 0.0000 -0.2963 0.9551
vn 0.0000 -0.4209 0.9071
vn 0.0000 -0.5381 0.8429
vn 0.0000 -0.6456 0.7637
vn 0.0000 -0.7417 0.6708
vn 0.0000 -0.8244 0.5659
vn 0.0000 -0.8925 0.4510
vn 0.0000 -0.9447 0.3280
vn 0.0000 -0.9800 0.1992
vn 0.0000 -0.9978 0.0668
vn 0.0000 -0.9978 -0.0668
vn 0.0000 -0.9800 -0.1992
vn 0.0000 -0.9447 -0.3280
vn 0.0000 -0.8925 -0.4510
vn 0.0000 -0.8244 -0.5659
vn 0.0000 -0.7417 -0.6708
vn 0.0000 -0.6456 -0.7637
vn 0.0000 -0.5381 -0.8429
vn 0.0000 -0.4209 -0.9071
vn 0.0000 -0.2963 -0.9551
vn 0.0000 -0.1663 -0.9861
vn 0.0000 -0.0334 -0.9994
vn -0.0000 0.1001 -0.9950
vn -0.0000 0.2318 -0.9728
vn -0.0000 0.3594 -0.9332
vn -0.0000 0.4806 -0.8769
vn -0.0000 0.5932 -0.8051
vn -0.0000 0.6952 -0.7188
vn -0.0000 0.7848 -0.6197
vn -0.0000 0.8604 -0.5096
vn -0.0000 0.9206 -0.3904
vn -0.0000 0.9645 -0.2642
vn -0.0000 0.9911 -0.1333
f 3272//3272 3271//3271 3318//3318
f 3272//3272 3318//3318 3319//3319
f 3273//3273 3272//3272 3319//3319
f 3273//3273 3319//3319 3320//3320
f 3274//3274 3273//3273 3320//3320
f 3274//3274 3320//3320 3321//3321
f 3275//3275 3274//3274 3321//3321
f 3275//3275 3321//3321 3322//3322
f 3276//3276 3275//3275 3322//3322
f 3276//3276 3322//3322 3323//3323
f 3277//3277 3276//3276 3323//3323
f 3277//3277 3323//3323 3324//3324
f 3278//3278 3277//3277 3324//3324
f 3278//3278 3324//3324 3325//3325
f 3279//3279 3278//3278 3325//3325
f 3279//3279 3325//3325 3326//3326
f 3280//3280 3279//3279 3326//3326
f 3280//3280 3326//3326 3327//3327
f 3280//3280 3327//3327 3328//3328
f 3281//3281 3280//3280 3328//3328
f 3282//3282 3281//3281 3328//3328
f 3282//3282 3328//3328 3329//3329
f 3283//3283 3282//3282 3329//3329
f 3283//3283 3329//3329 3330//3330
f 3284//3284 3283//3283 3330//3330
f 3284//3284 3330//3330 3331//3331
f 3285//3285 3284//3284 3331//3331
f 3285//3285 3331//3331 3332//3332
f 3286//3286 3285//3285 3332//3332
f 3286//3286 3332//3332 3333//3333
f 3287//3287 3333//3333 3334//3334
f 3287//3287 3286//3286 3333//3333
f 3288//3288 3334//3334 3335//3335
f 3288//3288 3287//3287 3334//3334
f 3289//3289 3335//3335 3336//3336
f 3289//3289 3336//3336 3337//3337
f 3289//3289 3288//3288 3335//3335
f 3290//3290 3289//3289 3337//3337
f 3291//3291 3337//3337 3338//3338
f 3291//3291 3290//3290 3337//3337
f 3292//3292 3338//3338 3339//3339
f 3292//3292 3291//3291 3338//3338
f 3293//3293 3339//3339 3340//3340
f 3293//3293 3292//3292 3339//3339
f 3294//3294 3340//3340 3341//3341
f 3294//3294 3341//3341 3342//3342
f 3294//3294 3293//3293 3340//3340
f 3295//3295 3294//3294 3342//3342
f 3296//3296 3342//3342 3343//3343
f 3296//3296 3295//3295 3342//3342
f 3297//3297 3296//3296 3343//3343
f 3297//3297 3343//3343 3344//3344
f 3297//3297 3344//3344 3345//3345
f 3298//3298 3297//3297 3345//3345
f 3299//3299 3298//3298 3345//3345
f 3299//3299 3345//3345 3346//3346
f 3300//3300 3299//3299 3346//3346
f 3300//3300 3346//3346 3347//3347
f 3301//3301 3300//3300 3347//3347
f 3301//3301 3347//3347 3348//3348
f 3302//3302 3301//3301 3348//3348
f 3302//3302 3348//3348 3349//3349
f 3303//3303 3302//3302 3349//3349
f 3303//3303 3349//3349 3350//3350
f 3304//3304 3303//3303 3350//3350
f 3304//3304 3350//3350 3351//3351
f 3305//3305 3304//3304 3351//3351
f 3305//3305 3351//3351 3352//3352
f 3306//3306 3305//3305 3352//3352
f 3306//3306 3352//3352 3353//3353
f 3307//3307 3306//3306 3353//3353
f 3307//3307 3353//3353 3354//3354
f 3308//3308 3307//3307 3354//3354
f 3308//3308 3354//3354 3355//3355
f 3309//3309 3308//3308 3355//3355
f 3309//3309 3355//3355 3356//3356
f 3310//3310 3309//3309 3356//3356
f 3310//3310 3356//3356 3357//3357
f 3311//3311 3310//3310 3357//3357
f 3311//3311 3357//3357 3358//3358
f 3312//3312 3311//3311 3358//3358
f 3312//3312 3358//3358 3359//3359
f 3313//3313 3312//3312 3359//3359
f 3313//3313 3359//3359 3360//3360
f 3314//3314 3313//3313 3360//3360
f 3314//3314 3360//3360 3361//3361
f 3315//3315 3314//3314 3361//3361
f 3315//3315 3361//3361 3362//3362
f 3316//3316 3315//3315 3362//3362
f 3316//3316 3362//3362 3363//3363
f 3317//3317 3316//3316 3363//3363
f 3317//3317 3363//3363 3364//3364
f 3271//3271 3317//3317 3364//3364
f 3271//3271 3364//3364 3318//3318
f 3297//3297 3298//3298 3299//3299
f 3297//3297 3299//3299 3300//3300
f 3304//3304 3300//3300 3301//3301
f 3304//3304 3301//3301 3302//3302
f 3304//3304 3302//3302 3303//3303
f 3295//3295 3296//3296 3297//3297
f 3295//3295 3297//3297 3300//3300
f 3308//3308 3305//3305 3306//3306
f 3308//3308 3306//3306 3307//3307
f 3291//3291 3292//3292 3293//3293
f 3291//3291 3293//3293 3294//3294
f 3291//3291 3294//3294 3295//3295
f 3291//3291 3295//3295 3300//3300
f 3290//3290 3291//3291 3300//3300
f 3311//3311 3304//3304 3305//3305
f 3311//3311 3308//3308 3309//3309
f 3311//3311 3309//3309 3310//3310
f 3311//3311 3305//3305 3308//3308
f 3287//3287 3288//3288 3289//3289
f 3287//3287 3289//3289 3290//3290
f 3287//3287 3300//3300 3304//3304
f 3287//3287 3290//3290 3300//3300
f 3314//3314 3311//3311 3312//3312
f 3314//3314 3312//3312 3313//3313
f 3315//3315 3311//3311 3314//3314
f 3285//3285 3286//3286 3287//3287
f 3316//3316 3311//3311 3315//3315
f 3284//3284 3285//3285 3287//3287
f 3317//3317 3311//3311 3316//3316
f 3282//3282 3284//3284 3287//3287
f 3282//3282 3283//3283 3284//3284
f 3282//3282 3287//3287 3304//3304
f 3272//3272 3317//3317 3271//3271
f 3280//3280 3272//3272 3273//3273
f 3280//3280 3281//3281 3282//3282
f 3280//3280 3311//3311 3317//3317
f 3280//3280 3282//3282 3304//3304
f 3280//3280 3317//3317 3272//3272
f 3280//3280 3304//3304 3311//3311
f 3276//3276 3273//3273 3274//3274
f 3276//3276 3274//3274 3275//3275
f 3277//3277 3278//3278 3279//3279
f 3277//3277 3279//3279 3280//3280
f 3277//3277 3280//3280 3273//3273
f 3277//3277 3273//3273 3276//3276
f 3344//3344 3346//3346 3345//3345
f 3344//3344 3347//3347 3346//3346
f 3351//3351 3348//3348 3347//3347
f 3351//3351 3349//3349 3348//3348
f 3351//3351 3350//3350 3349//3349
f 3342//3342 3344//3344 3343//3343
f 3342//3342 3347//3347 3344//3344
f 3355//3355 3353//3353 3352//3352
f 3355//3355 3354//3354 3353//3353
f 3338//3338 3340//3340 3339//3339
f 3338//3338 3341//3341 3340//3340
f 3338//3338 3342//3342 3341//3341
f 3338//3338 3347//3347 3342//3342
f 3337//3337 3347//3347 3338//3338
f 3358//3358 3352//3352 3351//3351
f 3358//3358 3356//3356 3355//3355
f 3358//3358 3357//3357 3356//3356
f 3358//3358 3355//3355 3352//3352
f 3334//3334 3336//3336 3335//3335
f 3334//3334 3337//3337 3336//3336
f 3334//3334 3351//3351 3347//3347
f 3334//3334 3347//3347 3337//3337
f 3361//3361 3359//3359 3358//3358
f 3361//3361 3360//3360 3359//3359
f 3362//3362 3361//3361 3358//3358
f 3332//3332 3334//3334 3333//3333
f 3363//3363 3362//3362 3358//3358
f 3331//3331 3334//3334 3332//3332
f 3364//3364 3363//3363 3358//3358
f 3329//3329 3334//3334 3331//3331
f 3329//3329 3331//3331 3330//3330
f 3329//3329 3351//3351 3334//3334
f 3319//3319 3318//3318 3364//3364
f 3327//3327 3320//3320 3319//3319
f 3327//3327 3329//3329 3328//3328
f 3327//3327 3364//3364 3358//3358
f 3327//3327 3351//3351 3329//3329
f 3327//3327 3319//3319 3364//3364
f 3327//3327 3358//3358 3351//3351
f 3323//3323 3321//3321 3320//3320
f 3323//3323 3322//3322 3321//3321
f 3324//3324 3326//3326 3325//3325
f 3324//3324 3327//3327 3326//3326
f 3324//3324 3320//3320 3327//3327
f 3324//3324 3323//3323 3320//3320
o cell_3
usemtl PLA_285bb7
v -0.03150 0.01820 -0.01900
v 0.03150 0.01820 -0.01900
v 0.03150 0.01814 -0.01797
v 0.03150 0.01797 -0.01696
v 0.03150 0.01768 -0.01598
v 0.03150 0.01728 -0.01503
v 0.03150 0.01677 -0.01413
v 0.03150 0.01617 -0.01330
v 0.03150 0.01547 -0.01255
v 0.03150 0.01470 -0.01187
v 0.03150 0.01385 -0.01129
v 0.03150 0.01294 -0.01081
v 0.03150 0.01198 -0.01044
v 0.03150 0.01099 -0.01018
v 0.03150 0.00997 -0.01003
v 0.03150 0.00894 -0.01000
v 0.03150 0.00792 -0.01009
v 0.03150 0.00691 -0.01030
v 0.03150 0.00593 -0.01061
v 0.03150 0.00500 -0.01104
v 0.03150 0.00412 -0.01157
v 0.03150 0.00331 -0.01220
v 0.03150 0.00257 -0.01291
v 0.03150 0.00192 -0.01371
v 0.03150 0.00136 -0.01457
v 0.03150 0.00091 -0.01550
v 0.03150 0.00056 -0.01646
v 0.03150 0.00033 -0.01747
v 0.03150 0.00021 -0.01849
v 0.03150 0.00021 -0.01951
v 0.03150 0.00033 -0.02053
v 0.03150 0.00056 -0.02154
v 0.03150 0.00091 -0.02250
v 0.03150 0.00136 -0.02343
v 0.03150 0.00192 -0.02429
v 0.03150 0.00257 -0.02509
v 0.03150 0.00331 -0.02580
v 0.03150 0.00412 -0.02643
v 0.03150 0.00500 -0.02696
v 0.03150 0.00593 -0.02739
v 0.03150 0.00691 -0.02770
v 0.03150 0.00792 -0.02791
v 0.03150 0.00894 -0.02800
v 0.03150 0.00997 -0.02797
v 0.03150 0.01099 -0.02782
v 0.03150 0.01198 -0.02756
v 0.03150 0.01294 -0.02719
v 0.03150 0.01385 -0.02671
v 0.03150 0.01470 -0.02613
v 0.03150 0.01547 -0.02545
v 0.03150 0.01617 -0.02470
v 0.03150 0.01677 -0.02387
v 0.03150 0.01728 -0.02297
v 0.03150 0.01768 -0.02202
v 0.03150 0.01797 -0.02104
v 0.03150 0.01814 -0.02003
v -0.03150 0.01814 -0.01797
v -0.03150 0.01797 -0.01696
v -0.03150 0.01768 -0.01598
v -0.03150 0.01728 -0.01503
v -0.03150 0.01677 -0.01413
v -0.03150 0.01617 -0.01330
v -0.03150 0.01547 -0.01255
v -0.03150 0.01470 -0.01187
v -0.03150 0.01385 -0.01129
v -0.03150 0.01294 -0.01081
v -0.03150 0.01198 -0.01044
v -0.03150 0.01099 -0.01018
v -0.03150 0.00997 -0.01003
v -0.03150 0.00894 -0.01000
v -0.03150 0.00792 -0.01009
v -0.03150 0.00691 -0.01030
v -0.03150 0.00593 -0.01061
v -0.03150 0.00500 -0.01104
v -0.03150 0.00412 -0.01157
v -0.03150 0.00331 -0.01220
v -0.03150 0.00257 -0.01291
v -0.03150 0.00192 -0.01371
v -0.03150 0.00136 -0.01457
v -0.03150 0.00091 -0.01550
v -0.03150 0.00056 -0.01646
v -0.03150 0.00033 -0.01747
v -0.03150 0.00021 -0.01849
v -0.03150 0.00021 -0.01951
v -0.03150 0.00033 -0.02053
v -0.03150 0.00056 -0.02154
v -0.03150 0.00091 -0.02250
v -0.03150 0.00136 -0.02343
v -0.03150 0.00192 -0.02429
v -0.03150 0.00257 -0.02509
v -0.03150 0.00331 -0.02580
v -0.03150 0.00412 -0.02643
v -0.03150 0.00500 -0.02696
v -0.03150 0.00593 -0.02739
v -0.03150 0.00691 -0.02770
v -0.03150 0.00792 -0.02791
v -0.03150 0.00894 -0.02800
v -0.03150 0.00997 -0.02797
v -0.03150 0.01099 -0.02782
v -0.03150 0.01198 -0.02756
v -0.03150 0.01294 -0.02719
v -0.03150 0.01385 -0.02671
v -0.03150 0.01470 -0.02613
v -0.03150 0.01547 -0.02545
v -0.03150 0.01617 -0.02470
v -0.03150 0.01677 -0.02387
v -0.03150 0.01728 -0.02297
v -0.03150 0.01768 -0.02202
v -0.03150 0.01797 -0.02104
v -0.03150 0.01814 -0.02003
v -0.03167 0.01818 -0.01900
v -0.03184 0.01814 -0.01900
v -0.03200 0.01807 -0.01900
v -0.03214 0.01797 -0.01900
v -0.03227 0.01784 -0.01900
v -0.03237 0.01770 -0.01900
v -0.03244 0.01754 -0.01900
v -0.03248 0.01737 -0.01900
v -0.03250 0.01720 -0.01900
v -0.03250 0.01714 -0.01804
v -0.03250 0.01697 -0.01709
v -0.03250 0.01668 -0.01616
v -0.03250 0.01628 -0.01528
v -0.03250 0.01578 -0.01446
v -0.03250 0.01519 -0.01370
v -0.03250 0.01450 -0.01301
v -0.03250 0.01374 -0.01242
v -0.03250 0.01292 -0.01192
v -0.03250 0.01204 -0.01152
v -0.03250 0.01111 -0.01123
v -0.03250 0.01016 -0.01106
v -0.03250 0.00920 -0.01100
v -0.03250 0.00824 -0.01106
v -0.03250 0.00729 -0.01123
v -0.03250 0.00636 -0.01152
v -0.03250 0.00548 -0.01192
v -0.03250 0.00466 -0.01242
v -0.03250 0.00390 -0.01301
v -0.03250 0.00321 -0.01370
v -0.03250 0.00262 -0.01446
v -0.03250 0.00212 -0.01528
v -0.03250 0.00172 -0.01616
v -0.03250 0.00143 -0.01709
v -0.03250 0.00126 -0.01804
v -0.03250 0.00120 -0.01900
v -0.03250 0.00126 -0.01996
v -0.03250 0.00143 -0.02091
v -0.03250 0.00172 -0.02184
v -0.03250 0.00212 -0.02272
v -0.03250 0.00262 -0.02354
v -0.03250 0.00321 -0.02430
v -0.03250 0.00390 -0.02499
v -0.03250 0.00466 -0.02558
v -0.03250 0.00548 -0.02608
v -0.03250 0.00636 -0.02648
v -0.03250 0.00729 -0.02677
v -0.03250 0.00824 -0.02694
v -0.03250 0.00920 -0.02700
v -0.03250 0.01016 -0.02694
v -0.03250 0.01111 -0.02677
v -0.03250 0.01204 -0.02648
v -0.03250 0.01292 -0.02608
v -0.03250 0.01374 -0.02558
v -0.03250 0.01450 -0.02499
v -0.03250 0.01519 -0.02430
v -0.03250 0.01578 -0.02354
v -0.03250 0.01628 -0.02272
v -0.03250 0.01668 -0.02184
v -0.03250 0.01697 -0.02091
v -0.03250 0.01714 -0.01996
v -0.03167 0.01813 -0.01798
v -0.03184 0.01808 -0.01798
v -0.03200 0.01801 -0.01799
v -0.03214 0.01791 -0.01800
v -0.03227 0.01779 -0.01801
v -0.03237 0.01764 -0.01803
v -0.03167 0.01795 -0.01696
v -0.03244 0.01749 -0.01805
v -0.03184 0.01791 -0.01698
v -0.03248 0.01732 -0.01807
v -0.03200 0.01784 -0.01699
v -0.03214 0.01774 -0.01701
v -0.03227 0.01762 -0.01704
v -0.03237 0.01748 -0.01707
v -0.03167 0.01766 -0.01598
v -0.03244 0.01733 -0.01711
v -0.03184 0.01762 -0.01600
v -0.03248 0.01716 -0.01715
v -0.03200 0.01755 -0.01602
v -0.03214 0.01746 -0.01605
v -0.03227 0.01734 -0.01610
v -0.03237 0.01721 -0.01614
v -0.03167 0.01726 -0.01504
v -0.03244 0.01706 -0.01620
v -0.03184 0.01722 -0.01506
v -0.03248 0.01690 -0.01625
v -0.03200 0.01716 -0.01509
v -0.03214 0.01707 -0.01513
v -0.03227 0.01696 -0.01519
v -0.03237 0.01683 -0.01525
v -0.03167 0.01676 -0.01414
v -0.03244 0.01669 -0.01532
v -0.03184 0.01672 -0.01417
v -0.03248 0.01654 -0.01539
v -0.03167 0.01659 -0.01390
v -0.03200 0.01666 -0.01421
v -0.03184 0.01656 -0.01392
v -0.03214 0.01657 -0.01426
v -0.03200 0.01650 -0.01396
v -0.03227 0.01647 -0.01433
v -0.03214 0.01641 -0.01402
v -0.03237 0.01635 -0.01440
v -0.03167 0.01616 -0.01331
v -0.03227 0.01631 -0.01409
v -0.03244 0.01622 -0.01449
v -0.03184 0.01612 -0.01334
v -0.03237 0.01620 -0.01417
v -0.03248 0.01608 -0.01458
v -0.03167 0.01593 -0.01304
v -0.03200 0.01606 -0.01339
v -0.03244 0.01607 -0.01426
v -0.03184 0.01589 -0.01307
v -0.03214 0.01599 -0.01345
v -0.03248 0.01593 -0.01436
v -0.03200 0.01584 -0.01312
v -0.03227 0.01589 -0.01353
v -0.03214 0.01576 -0.01319
v -0.03237 0.01578 -0.01362
v -0.03167 0.01546 -0.01256
v -0.03227 0.01567 -0.01327
v -0.03244 0.01566 -0.01372
v -0.03184 0.01543 -0.01259
v -0.03237 0.01556 -0.01336
v -0.03248 0.01553 -0.01383
v -0.03200 0.01538 -0.01264
v -0.03167 0.01516 -0.01227
v -0.03244 0.01544 -0.01347
v -0.03214 0.01531 -0.01271
v -0.03184 0.01513 -0.01231
v -0.03248 0.01532 -0.01358
v -0.03227 0.01522 -0.01280
v -0.03200 0.01508 -0.01236
v -0.03237 0.01512 -0.01290
v -0.03214 0.01501 -0.01244
v -0.03167 0.01469 -0.01188
v -0.03244 0.01501 -0.01302
v -0.03227 0.01493 -0.01253
v -0.03184 0.01466 -0.01192
v -0.03248 0.01490 -0.01314
v -0.03237 0.01484 -0.01264
v -0.03200 0.01461 -0.01198
v -0.03167 0.01430 -0.01161
v -0.03244 0.01473 -0.01276
v -0.03214 0.01455 -0.01206
v -0.03184 0.01428 -0.01164
v -0.03248 0.01462 -0.01288
v -0.03227 0.01448 -0.01216
v -0.03200 0.01424 -0.01170
v -0.03237 0.01439 -0.01227
v -0.03214 0.01418 -0.01179
v -0.03167 0.01384 -0.01131
v -0.03244 0.01429 -0.01239
v -0.03227 0.01411 -0.01189
v -0.03184 0.01382 -0.01134
v -0.03248 0.01419 -0.01253
v -0.03237 0.01403 -0.01200
v -0.03200 0.01378 -0.01141
v -0.03167 0.01338 -0.01104
v -0.03244 0.01394 -0.01213
v -0.03214 0.01373 -0.01149
v -0.03184 0.01335 -0.01108
v -0.03248 0.01384 -0.01227
v -0.03227 0.01366 -0.01160
v -0.03200 0.01332 -0.01115
v -0.03237 0.01359 -0.01172
v -0.03167 0.01293 -0.01083
v -0.03214 0.01327 -0.01124
v -0.03244 0.01351 -0.01186
v -0.03184 0.01291 -0.01087
v -0.03227 0.01322 -0.01135
v -0.03248 0.01342 -0.01200
v -0.03200 0.01288 -0.01094
v -0.03237 0.01315 -0.01147
v -0.03214 0.01284 -0.01103
v -0.03167 0.01239 -0.01060
v -0.03244 0.01308 -0.01161
v -0.03227 0.01279 -0.01114
v -0.03184 0.01237 -0.01064
v -0.03248 0.01300 -0.01176
v -0.03237 0.01273 -0.01127
v -0.03200 0.01234 -0.01071
v -0.03167 0.01198 -0.01045
v -0.03244 0.01267 -0.01141
v -0.03214 0.01231 -0.01080
v -0.03184 0.01196 -0.01050
v -0.03248 0.01260 -0.01156
v -0.03227 0.01226 -0.01092
v -0.03200 0.01194 -0.01057
v -0.03237 0.01221 -0.01105
v -0.03214 0.01191 -0.01066
v -0.03167 0.01135 -0.01028
v -0.03244 0.01216 -0.01120
v -0.03227 0.01187 -0.01078
v -0.03184 0.01134 -0.01032
v -0.03248 0.01210 -0.01136
v -0.03237 0.01183 -0.01092
v -0.03200 0.01132 -0.01039
v -0.03167 0.01098 -0.01019
v -0.03244 0.01178 -0.01107
v -0.03214 0.01130 -0.01049
v -0.03184 0.01098 -0.01024
v -0.03248 0.01173 -0.01123
v -0.03227 0.01127 -0.01061
v -0.03200 0.01096 -0.01031
v -0.03237 0.01123 -0.01075
v -0.03214 0.01094 -0.01041
v -0.03167 0.01028 -0.01008
v -0.03244 0.01120 -0.01090
v -0.03227 0.01092 -0.01053
v -0.03184 0.01028 -0.01013
v -0.03248 0.01116 -0.01106
v -0.03237 0.01089 -0.01067
v -0.03167 0.00997 -0.01005
v -0.03200 0.01027 -0.01020
v -0.03244 0.01086 -0.01082
v -0.03184 0.00997 -0.01009
v -0.03214 0.01026 -0.01030
v -0.03248 0.01082 -0.01099
v -0.03200 0.00996 -0.01017
v -0.03227 0.01024 -0.01042
v -0.03214 0.00995 -0.01027
v -0.03237 0.01022 -0.01056
v -0.03227 0.00994 -0.01039
v -0.03167 0.00920 -0.01002
v -0.03244 0.01021 -0.01072
v -0.03237 0.00993 -0.01053
v -0.03184 0.00920 -0.01006
v -0.03248 0.01019 -0.01089
v -0.03244 0.00991 -0.01069
v -0.03200 0.00920 -0.01013
v -0.03248 0.00990 -0.01086
v -0.03214 0.00920 -0.01023
v -0.03227 0.00920 -0.01036
v -0.03237 0.00920 -0.01050
v -0.03167 0.00812 -0.01008
v -0.03244 0.00920 -0.01066
v -0.03184 0.00812 -0.01013
v -0.03248 0.00920 -0.01083
v -0.03200 0.00813 -0.01020
v -0.03214 0.00814 -0.01030
v -0.03227 0.00816 -0.01042
v -0.03237 0.00818 -0.01056
v -0.03167 0.00705 -0.01028
v -0.03244 0.00819 -0.01072
v -0.03184 0.00706 -0.01032
v -0.03248 0.00821 -0.01089
v -0.03200 0.00708 -0.01039
v -0.03214 0.00710 -0.01049
v -0.03227 0.00713 -0.01061
v -0.03237 0.00717 -0.01075
v -0.03167 0.00601 -0.01060
v -0.03244 0.00720 -0.01090
v -0.03184 0.00603 -0.01064
v -0.03248 0.00724 -0.01106
v -0.03200 0.00606 -0.01071
v -0.03214 0.00609 -0.01080
v -0.03227 0.00614 -0.01092
v -0.03237 0.00619 -0.01105
v -0.03167 0.00502 -0.01104
v -0.03244 0.00624 -0.01120
v -0.03184 0.00505 -0.01108
v -0.03248 0.00630 -0.01136
v -0.03200 0.00508 -0.01115
v -0.03214 0.00513 -0.01124
v -0.03227 0.00518 -0.01135
v -0.03237 0.00525 -0.01147
v -0.03167 0.00413 -0.01158
v -0.03244 0.00532 -0.01161
v -0.03184 0.00415 -0.01162
v -0.03248 0.00540 -0.01176
v -0.03200 0.00420 -0.01168
v -0.03214 0.00425 -0.01176
v -0.03227 0.00432 -0.01187
v -0.03237 0.00440 -0.01198
v -0.03167 0.00332 -0.01221
v -0.03244 0.00449 -0.01211
v -0.03184 0.00335 -0.01224
v -0.03248 0.00459 -0.01225
v -0.03200 0.00339 -0.01230
v -0.03214 0.00346 -0.01238
v -0.03227 0.00354 -0.01247
v -0.03237 0.00363 -0.01258
v -0.03167 0.00258 -0.01292
v -0.03244 0.00374 -0.01270
v -0.03184 0.00261 -0.01296
v -0.03248 0.00385 -0.01282
v -0.03200 0.00267 -0.01301
v -0.03214 0.00274 -0.01307
v -0.03227 0.00283 -0.01316
v -0.03237 0.00294 -0.01325
v -0.03167 0.00193 -0.01372
v -0.03244 0.00305 -0.01336
v -0.03184 0.00197 -0.01375
v -0.03248 0.00318 -0.01347
v -0.03200 0.00203 -0.01379
v -0.03214 0.00211 -0.01385
v -0.03227 0.00221 -0.01392
v -0.03237 0.00232 -0.01400
v -0.03167 0.00138 -0.01458
v -0.03244 0.00245 -0.01410
v -0.03184 0.00142 -0.01460
v -0.03248 0.00259 -0.01420
v -0.03167 0.00124 -0.01482
v -0.03200 0.00148 -0.01464
v -0.03184 0.00128 -0.01485
v -0.03214 0.00157 -0.01469
v -0.03200 0.00135 -0.01488
v -0.03227 0.00167 -0.01475
v -0.03214 0.00144 -0.01493
v -0.03237 0.00180 -0.01482
v -0.03227 0.00155 -0.01498
v -0.03167 0.00092 -0.01550
v -0.03244 0.00194 -0.01490
v -0.03237 0.00167 -0.01505
v -0.03184 0.00097 -0.01552
v -0.03248 0.00208 -0.01498
v -0.03167 0.00080 -0.01581
v -0.03244 0.00181 -0.01512
v -0.03200 0.00103 -0.01555
v -0.03184 0.00084 -0.01583
v -0.03248 0.00196 -0.01520
v -0.03214 0.00113 -0.01559
v -0.03200 0.00091 -0.01586
v -0.03227 0.00124 -0.01564
v -0.03214 0.00100 -0.01589
v -0.03237 0.00137 -0.01569
v -0.03167 0.00058 -0.01647
v -0.03227 0.00112 -0.01594
v -0.03244 0.00152 -0.01575
v -0.03184 0.00062 -0.01648
v -0.03237 0.00125 -0.01599
v -0.03248 0.00167 -0.01582
v -0.03200 0.00069 -0.01650
v -0.03167 0.00048 -0.01685
v -0.03244 0.00140 -0.01604
v -0.03214 0.00079 -0.01653
v -0.03184 0.00052 -0.01686
v -0.03248 0.00156 -0.01610
v -0.03227 0.00091 -0.01657
v -0.03200 0.00059 -0.01688
v -0.03237 0.00104 -0.01661
v -0.03214 0.00069 -0.01690
v -0.03167 0.00035 -0.01747
v -0.03244 0.00120 -0.01665
v -0.03227 0.00081 -0.01693
v -0.03184 0.00039 -0.01748
v -0.03248 0.00136 -0.01670
v -0.03237 0.00095 -0.01697
v -0.03200 0.00046 -0.01749
v -0.03167 0.00028 -0.01792
v -0.03244 0.00110 -0.01700
v -0.03214 0.00056 -0.01751
v -0.03184 0.00033 -0.01792
v -0.03248 0.00126 -0.01704
v -0.03227 0.00068 -0.01753
v -0.03200 0.00040 -0.01793
v -0.03237 0.00082 -0.01755
v -0.03214 0.00050 -0.01794
v -0.03167 0.00023 -0.01849
v -0.03244 0.00098 -0.01758
v -0.03227 0.00062 -0.01796
v -0.03184 0.00027 -0.01849
v -0.03248 0.00115 -0.01761
v -0.03237 0.00076 -0.01798
v -0.03200 0.00035 -0.01849
v -0.03167 0.00022 -0.01900
v -0.03244 0.00092 -0.01799
v -0.03214 0.00045 -0.01850
v -0.03184 0.00026 -0.01900
v -0.03248 0.00109 -0.01801
v -0.03227 0.00057 -0.01851
v -0.03200 0.00033 -0.01900
v -0.03237 0.00071 -0.01851
v -0.03167 0.00023 -0.01951
v -0.03214 0.00043 -0.01900
v -0.03244 0.00087 -0.01852
v -0.03184 0.00027 -0.01951
v -0.03227 0.00056 -0.01900
v -0.03248 0.00104 -0.01853
v -0.03200 0.00035 -0.01951
v -0.03237 0.00070 -0.01900
v -0.03214 0.00045 -0.01950
v -0.03167 0.00028 -0.02008
v -0.03244 0.00086 -0.01900
v -0.03227 0.00057 -0.01949
v -0.03184 0.00033 -0.02008
v -0.03248 0.00103 -0.01900
v -0.03237 0.00071 -0.01949
v -0.03200 0.00040 -0.02007
v -0.03167 0.00035 -0.02053
v -0.03244 0.00087 -0.01948
v -0.03214 0.00050 -0.02006
v -0.03184 0.00039 -0.02052
v -0.03248 0.00104 -0.01947
v -0.03227 0.00062 -0.02004
v -0.03200 0.00046 -0.02051
v -0.03237 0.00076 -0.02002
v -0.03214 0.00056 -0.02049
v -0.03167 0.00048 -0.02115
v -0.03244 0.00092 -0.02001
v -0.03227 0.00068 -0.02047
v -0.03184 0.00052 -0.02114
v -0.03248 0.00109 -0.01999
v -0.03237 0.00082 -0.02045
v -0.03200 0.00059 -0.02112
v -0.03167 0.00058 -0.02153
v -0.03244 0.00098 -0.02042
v -0.03214 0.00069 -0.02110
v -0.03184 0.00062 -0.02152
v -0.03248 0.00115 -0.02039
v -0.03227 0.00081 -0.02107
v -0.03200 0.00069 -0.02150
v -0.03237 0.00095 -0.02103
v -0.03214 0.00079 -0.02147
v -0.03167 0.00080 -0.02219
v -0.03244 0.00110 -0.02100
v -0.03227 0.00091 -0.02143
v -0.03184 0.00084 -0.02217
v -0.03248 0.00126 -0.02096
v -0.03237 0.00104 -0.02139
v -0.03167 0.00092 -0.02250
v -0.03200 0.00091 -0.02214
v -0.03244 0.00120 -0.02135
v -0.03184 0.00097 -0.02248
v -0.03214 0.00100 -0.02211
v -0.03248 0.00136 -0.02130
v -0.03200 0.00103 -0.02245
v -0.03227 0.00112 -0.02206
v -0.03214 0.00113 -0.02241
v -0.03237 0.00125 -0.02201
v -0.03227 0.00124 -0.02236
v -0.03167 0.00124 -0.02318
v -0.03244 0.00140 -0.02196
v -0.03237 0.00137 -0.02231
v -0.03184 0.00128 -0.02315
v -0.03248 0.00156 -0.02190
v -0.03167 0.00138 -0.02342
v -0.03244 0.00152 -0.02225
v -0.03200 0.00135 -0.02312
v -0.03184 0.00142 -0.02340
v -0.03248 0.00167 -0.02218
v -0.03214 0.00144 -0.02307
v -0.03200 0.00148 -0.02336
v -0.03227 0.00155 -0.02302
v -0.03214 0.00157 -0.02331
v -0.03237 0.00167 -0.02295
v -0.03227 0.00167 -0.02325
v -0.03167 0.00181 -0.02410
v -0.03244 0.00181 -0.02288
v -0.03237 0.00180 -0.02318
v -0.03184 0.00184 -0.02408
v -0.03248 0.00196 -0.02280
v -0.03244 0.00194 -0.02310
v -0.03200 0.00190 -0.02404
v -0.03248 0.00208 -0.02302
v -0.03214 0.00199 -0.02398
v -0.03227 0.00209 -0.02391
v -0.03237 0.00220 -0.02383
v -0.03167 0.00247 -0.02496
v -0.03244 0.00233 -0.02374
v -0.03184 0.00251 -0.02493
v -0.03248 0.00247 -0.02364
v -0.03200 0.00256 -0.02488
v -0.03214 0.00264 -0.02481
v -0.03227 0.00273 -0.02473
v -0.03237 0.00284 -0.02464
v -0.03167 0.00324 -0.02573
v -0.03244 0.00296 -0.02453
v -0.03184 0.00327 -0.02569
v -0.03248 0.00308 -0.02442
v -0.03200 0.00332 -0.02564
v -0.03214 0.00339 -0.02556
v -0.03227 0.00347 -0.02547
v -0.03237 0.00356 -0.02536
v -0.03167 0.00410 -0.02639
v -0.03244 0.00367 -0.02524
v -0.03184 0.00412 -0.02636
v -0.03248 0.00378 -0.02512
v -0.03200 0.00416 -0.02630
v -0.03214 0.00422 -0.02621
v -0.03227 0.00429 -0.02611
v -0.03237 0.00437 -0.02600
v -0.03167 0.00501 -0.02695
v -0.03244 0.00446 -0.02587
v -0.03184 0.00503 -0.02691
v -0.03248 0.00456 -0.02573
v -0.03200 0.00506 -0.02684
v -0.03214 0.00511 -0.02675
v -0.03227 0.00517 -0.02664
v -0.03237 0.00523 -0.02652
v -0.03167 0.00594 -0.02737
v -0.03244 0.00531 -0.02638
v -0.03184 0.00596 -0.02733
v -0.03248 0.00539 -0.02623
v -0.03200 0.00598 -0.02726
v -0.03214 0.00602 -0.02717
v -0.03227 0.00606 -0.02705
v -0.03237 0.00612 -0.02692
v -0.03167 0.00692 -0.02769
v -0.03244 0.00617 -0.02677
v -0.03184 0.00693 -0.02765
v -0.03248 0.00623 -0.02662
v -0.03200 0.00695 -0.02757
v -0.03214 0.00697 -0.02748
v -0.03227 0.00700 -0.02736
v -0.03237 0.00704 -0.02722
v -0.03167 0.00792 -0.02789
v -0.03244 0.00708 -0.02707
v -0.03184 0.00793 -0.02785
v -0.03248 0.00712 -0.02691
v -0.03200 0.00794 -0.02778
v -0.03214 0.00795 -0.02768
v -0.03227 0.00797 -0.02755
v -0.03237 0.00799 -0.02741
v -0.03167 0.00894 -0.02798
v -0.03244 0.00801 -0.02726
v -0.03184 0.00894 -0.02794
v -0.03248 0.00804 -0.02709
v -0.03200 0.00895 -0.02786
v -0.03214 0.00895 -0.02776
v -0.03227 0.00895 -0.02764
v -0.03237 0.00896 -0.02750
v -0.03167 0.00997 -0.02795
v -0.03244 0.00896 -0.02734
v -0.03184 0.00997 -0.02791
v -0.03248 0.00897 -0.02717
v -0.03167 0.01028 -0.02792
v -0.03200 0.00996 -0.02783
v -0.03184 0.01028 -0.02787
v -0.03214 0.00995 -0.02773
v -0.03200 0.01027 -0.02780
v -0.03227 0.00994 -0.02761
v -0.03214 0.01026 -0.02770
v -0.03237 0.00993 -0.02747
v -0.03167 0.01098 -0.02781
v -0.03227 0.01024 -0.02758
v -0.03244 0.00991 -0.02731
v -0.03184 0.01098 -0.02776
v -0.03237 0.01022 -0.02744
v -0.03248 0.00990 -0.02714
v -0.03200 0.01096 -0.02769
v -0.03167 0.01135 -0.02772
v -0.03244 0.01021 -0.02728
v -0.03214 0.01094 -0.02759
v -0.03184 0.01134 -0.02768
v -0.03248 0.01019 -0.02711
v -0.03227 0.01092 -0.02747
v -0.03200 0.01132 -0.02761
v -0.03237 0.01089 -0.02733
v -0.03214 0.01130 -0.02751
v -0.03167 0.01198 -0.02755
v -0.03244 0.01086 -0.02718
v -0.03227 0.01127 -0.02739
v -0.03184 0.01196 -0.02750
v -0.03248 0.01082 -0.02701
v -0.03237 0.01123 -0.02725
v -0.03200 0.01194 -0.02743
v -0.03167 0.01239 -0.02740
v -0.03244 0.01120 -0.02710
v -0.03214 0.01191 -0.02734
v -0.03184 0.01237 -0.02736
v -0.03248 0.01116 -0.02694
v -0.03227 0.01187 -0.02722
v -0.03200 0.01234 -0.02729
v -0.03237 0.01183 -0.02708
v -0.03214 0.01231 -0.02720
v -0.03167 0.01293 -0.02717
v -0.03244 0.01178 -0.02693
v -0.03227 0.01226 -0.02708
v -0.03184 0.01291 -0.02713
v -0.03248 0.01173 -0.02677
v -0.03237 0.01221 -0.02695
v -0.03200 0.01288 -0.02706
v -0.03167 0.01338 -0.02696
v -0.03244 0.01216 -0.02680
v -0.03214 0.01284 -0.02697
v -0.03184 0.01335 -0.02692
v -0.03248 0.01210 -0.02664
v -0.03227 0.01279 -0.02686
v -0.03200 0.01332 -0.02685
v -0.03237 0.01273 -0.02673
v -0.03167 0.01384 -0.02669
v -0.03214 0.01327 -0.02676
v -0.03244 0.01267 -0.02659
v -0.03184 0.01382 -0.02666
v -0.03227 0.01322 -0.02665
v -0.03248 0.01260 -0.02644
v -0.03200 0.01378 -0.02659
v -0.03237 0.01315 -0.02653
v -0.03214 0.01373 -0.02651
v -0.03167 0.01430 -0.02639
v -0.03244 0.01308 -0.02639
v -0.03227 0.01366 -0.02640
v -0.03184 0.01428 -0.02636
v -0.03248 0.01300 -0.02624
v -0.03237 0.01359 -0.02628
v -0.03200 0.01424 -0.02630
v -0.03167 0.01469 -0.02612
v -0.03244 0.01351 -0.02614
v -0.03214 0.01418 -0.02621
v -0.03184 0.01466 -0.02608
v -0.03248 0.01342 -0.02600
v -0.03227 0.01411 -0.02611
v -0.03200 0.01461 -0.02602
v -0.03237 0.01403 -0.02600
v -0.03214 0.01455 -0.02594
v -0.03167 0.01516 -0.02573
v -0.03244 0.01394 -0.02587
v -0.03227 0.01448 -0.02584
v -0.03184 0.01513 -0.02569
v -0.03248 0.01384 -0.02573
v -0.03237 0.01439 -0.02573
v -0.03200 0.01508 -0.02564
v -0.03167 0.01546 -0.02544
v -0.03244 0.01429 -0.02561
v -0.03214 0.01501 -0.02556
v -0.03184 0.01543 -0.02541
v -0.03248 0.01419 -0.02547
v -0.03227 0.01493 -0.02547
v -0.03200 0.01538 -0.02536
v -0.03237 0.01484 -0.02536
v -0.03214 0.01531 -0.02529
v -0.03167 0.01593 -0.02496
v -0.03244 0.01473 -0.02524
v -0.03227 0.01522 -0.02520
v -0.03184 0.01589 -0.02493
v -0.03248 0.01462 -0.02512
v -0.03237 0.01512 -0.02510
v -0.03167 0.01616 -0.02469
v -0.03200 0.01584 -0.02488
v -0.03244 0.01501 -0.02498
v -0.03184 0.01612 -0.02466
v -0.03214 0.01576 -0.02481
v -0.03248 0.01490 -0.02486
v -0.03200 0.01606 -0.02461
v -0.03227 0.01567 -0.02473
v -0.03214 0.01599 -0.02455
v -0.03237 0.01556 -0.02464
v -0.03167 0.01659 -0.02410
v -0.03227 0.01589 -0.02447
v -0.03244 0.01544 -0.02453
v -0.03184 0.01656 -0.02408
v -0.03237 0.01578 -0.02438
v -0.03248 0.01532 -0.02442
v -0.03167 0.01676 -0.02386
v -0.03200 0.01650 -0.02404
v -0.03244 0.01566 -0.02428
v -0.03184 0.01672 -0.02383
v -0.03214 0.01641 -0.02398
v -0.03248 0.01553 -0.02417
v -0.03200 0.01666 -0.02379
v -0.03227 0.01631 -0.02391
v -0.03214 0.01657 -0.02374
v -0.03237 0.01620 -0.02383
v -0.03227 0.01647 -0.02367
v -0.03167 0.01716 -0.02318
v -0.03244 0.01607 -0.02374
v -0.03237 0.01635 -0.02360
v -0.03184 0.01712 -0.02315
v -0.03248 0.01593 -0.02364
v -0.03244 0.01622 -0.02351
v -0.03200 0.01705 -0.02312
v -0.03248 0.01608 -0.02342
v -0.03214 0.01696 -0.02307
v -0.03227 0.01685 -0.02302
v -0.03237 0.01673 -0.02295
v -0.03167 0.01760 -0.02219
v -0.03244 0.01659 -0.02288
v -0.03184 0.01756 -0.02217
v -0.03248 0.01644 -0.02280
v -0.03200 0.01749 -0.02214
v -0.03214 0.01740 -0.02211
v -0.03227 0.01728 -0.02206
v -0.03237 0.01715 -0.02201
v -0.03167 0.01792 -0.02115
v -0.03244 0.01700 -0.02196
v -0.03184 0.01788 -0.02114
v -0.03248 0.01684 -0.02190
v -0.03200 0.01781 -0.02112
v -0.03214 0.01771 -0.02110
v -0.03227 0.01759 -0.02107
v -0.03237 0.01745 -0.02103
v -0.03167 0.01812 -0.02008
v -0.03244 0.01730 -0.02100
v -0.03184 0.01807 -0.02008
v -0.03248 0.01714 -0.02096
v -0.03200 0.01800 -0.02007
v -0.03214 0.01790 -0.02006
v -0.03227 0.01778 -0.02004
v -0.03237 0.01764 -0.02002
v -0.03244 0.01748 -0.02001
v -0.03248 0.01731 -0.01999
v 0.03167 0.01818 -0.01900
v 0.03184 0.01814 -0.01900
v 0.03200 0.01807 -0.01900
v 0.03214 0.01797 -0.01900
v 0.03227 0.01784 -0.01900
v 0.03237 0.01770 -0.01900
v 0.03244 0.01754 -0.01900
v 0.03248 0.01737 -0.01900
v 0.03250 0.01720 -0.01900
v 0.03250 0.01714 -0.01804
v 0.03250 0.01697 -0.01709
v 0.03250 0.01668 -0.01616
v 0.03250 0.01628 -0.01528
v 0.03250 0.01578 -0.01446
v 0.03250 0.01519 -0.01370
v 0.03250 0.01450 -0.01301
v 0.03250 0.01374 -0.01242
v 0.03250 0.01292 -0.01192
v 0.03250 0.01204 -0.01152
v 0.03250 0.01111 -0.01123
v 0.03250 0.01016 -0.01106
v 0.03250 0.00920 -0.01100
v 0.03250 0.00824 -0.01106
v 0.03250 0.00729 -0.01123
v 0.03250 0.00636 -0.01152
v 0.03250 0.00548 -0.01192
v 0.03250 0.00466 -0.01242
v 0.03250 0.00390 -0.01301
v 0.03250 0.00321 -0.01370
v 0.03250 0.00262 -0.01446
v 0.03250 0.00212 -0.01528
v 0.03250 0.00172 -0.01616
v 0.03250 0.00143 -0.01709
v 0.03250 0.00126 -0.01804
v 0.03250 0.00120 -0.01900
v 0.03250 0.00126 -0.01996
v 0.03250 0.00143 -0.02091
v 0.03250 0.00172 -0.02184
v 0.03250 0.00212 -0.02272
v 0.03250 0.00262 -0.02354
v 0.03250 0.00321 -0.02430
v 0.03250 0.00390 -0.02499
v 0.03250 0.00466 -0.02558
v 0.03250 0.00548 -0.02608
v 0.03250 0.00636 -0.02648
v 0.03250 0.00729 -0.02677
v 0.03250 0.00824 -0.02694
v 0.03250 0.00920 -0.02700
v 0.03250 0.01016 -0.02694
v 0.03250 0.01111 -0.02677
v 0.03250 0.01204 -0.02648
v 0.03250 0.01292 -0.02608
v 0.03250 0.01374 -0.02558
v 0.03250 0.01450 -0.02499
v 0.03250 0.01519 -0.02430
v 0.03250 0.01578 -0.02354
v 0.03250 0.01628 -0.02272
v 0.03250 0.01668 -0.02184
v 0.03250 0.01697 -0.02091
v 0.03250 0.01714 -0.01996
v 0.03167 0.01813 -0.01798
v 0.03184 0.01808 -0.01798
v 0.03200 0.01801 -0.01799
v 0.03214 0.01791 -0.01800
v 0.03227 0.01779 -0.01801
v 0.03237 0.01764 -0.01803
v 0.03167 0.01795 -0.01696
v 0.03244 0.01749 -0.01805
v 0.03184 0.01791 -0.01698
v 0.03248 0.01732 -0.01807
v 0.03200 0.01784 -0.01699
v 0.03214 0.01774 -0.01701
v 0.03227 0.01762 -0.01704
v 0.03237 0.01748 -0.01707
v 0.03167 0.01766 -0.01598
v 0.03244 0.01733 -0.01711
v 0.03184 0.01762 -0.01600
v 0.03248 0.01716 -0.01715
v 0.03200 0.01755 -0.01602
v 0.03214 0.01746 -0.01605
v 0.03227 0.01734 -0.01610
v 0.03237 0.01721 -0.01614
v 0.03167 0.01726 -0.01504
v 0.03244 0.01706 -0.01620
v 0.03184 0.01722 -0.01506
v 0.03248 0.01690 -0.01625
v 0.03200 0.01716 -0.01509
v 0.03214 0.01707 -0.01513
v 0.03227 0.01696 -0.01519
v 0.03237 0.01683 -0.01525
v 0.03167 0.01676 -0.01414
v 0.03244 0.01669 -0.01532
v 0.03184 0.01672 -0.01417
v 0.03248 0.01654 -0.01539
v 0.03167 0.01659 -0.01390
v 0.03200 0.01666 -0.01421
v 0.03184 0.01656 -0.01392
v 0.03214 0.01657 -0.01426
v 0.03200 0.01650 -0.01396
v 0.03227 0.01647 -0.01433
v 0.03214 0.01641 -0.01402
v 0.03237 0.01635 -0.01440
v 0.03167 0.01616 -0.01331
v 0.03227 0.01631 -0.01409
v 0.03244 0.01622 -0.01449
v 0.03184 0.01612 -0.01334
v 0.03237 0.01620 -0.01417
v 0.03248 0.01608 -0.01458
v 0.03167 0.01593 -0.01304
v 0.03200 0.01606 -0.01339
v 0.03244 0.01607 -0.01426
v 0.03184 0.01589 -0.01307
v 0.03214 0.01599 -0.01345
v 0.03248 0.01593 -0.01436
v 0.03200 0.01584 -0.01312
v 0.03227 0.01589 -0.01353
v 0.03214 0.01576 -0.01319
v 0.03237 0.01578 -0.01362
v 0.03167 0.01546 -0.01256
v 0.03227 0.01567 -0.01327
v 0.03244 0.01566 -0.01372
v 0.03184 0.01543 -0.01259
v 0.03237 0.01556 -0.01336
v 0.03248 0.01553 -0.01383
v 0.03200 0.01538 -0.01264
v 0.03167 0.01516 -0.01227
v 0.03244 0.01544 -0.01347
v 0.03214 0.01531 -0.01271
v 0.03184 0.01513 -0.01231
v 0.03248 0.01532 -0.01358
v 0.03227 0.01522 -0.01280
v 0.03200 0.01508 -0.01236
v 0.03237 0.01512 -0.01290
v 0.03214 0.01501 -0.01244
v 0.03167 0.01469 -0.01188
v 0.03244 0.01501 -0.01302
v 0.03227 0.01493 -0.01253
v 0.03184 0.01466 -0.01192
v 0.03248 0.01490 -0.01314
v 0.03237 0.01484 -0.01264
v 0.03200 0.01461 -0.01198
v 0.03167 0.01430 -0.01161
v 0.03244 0.01473 -0.01276
v 0.03214 0.01455 -0.01206
v 0.03184 0.01428 -0.01164
v 0.03248 0.01462 -0.01288
v 0.03227 0.01448 -0.01216
v 0.03200 0.01424 -0.01170
v 0.03237 0.01439 -0.01227
v 0.03214 0.01418 -0.01179
v 0.03167 0.01384 -0.01131
v 0.03244 0.01429 -0.01239
v 0.03227 0.01411 -0.01189
v 0.03184 0.01382 -0.01134
v 0.03248 0.01419 -0.01253
v 0.03237 0.01403 -0.01200
v 0.03200 0.01378 -0.01141
v 0.03167 0.01338 -0.01104
v 0.03244 0.01394 -0.01213
v 0.03214 0.01373 -0.01149
v 0.03184 0.01335 -0.01108
v 0.03248 0.01384 -0.01227
v 0.03227 0.01366 -0.01160
v 0.03200 0.01332 -0.01115
v 0.03237 0.01359 -0.01172
v 0.03167 0.01293 -0.01083
v 0.03214 0.01327 -0.01124
v 0.03244 0.01351 -0.01186
v 0.03184 0.01291 -0.01087
v 0.03227 0.01322 -0.01135
v 0.03248 0.01342 -0.01200
v 0.03200 0.01288 -0.01094
v 0.03237 0.01315 -0.01147
v 0.03214 0.01284 -0.01103
v 0.03167 0.01239 -0.01060
v 0.03244 0.01308 -0.01161
v 0.03227 0.01279 -0.01114
v 0.03184 0.01237 -0.01064
v 0.03248 0.01300 -0.01176
v 0.03237 0.01273 -0.01127
v 0.03200 0.01234 -0.01071
v 0.03167 0.01198 -0.01045
v 0.03244 0.01267 -0.01141
v 0.03214 0.01231 -0.01080
v 0.03184 0.01196 -0.01050
v 0.03248 0.01260 -0.01156
v 0.03227 0.01226 -0.01092
v 0.03200 0.01194 -0.01057
v 0.03237 0.01221 -0.01105
v 0.03214 0.01191 -0.01066
v 0.03167 0.01135 -0.01028
v 0.03244 0.01216 -0.01120
v 0.03227 0.01187 -0.01078
v 0.03184 0.01134 -0.01032
v 0.03248 0.01210 -0.01136
v 0.03237 0.01183 -0.01092
v 0.03200 0.01132 -0.01039
v 0.03167 0.01098 -0.01019
v 0.03244 0.01178 -0.01107
v 0.03214 0.01130 -0.01049
v 0.03184 0.01098 -0.01024
v 0.03248 0.01173 -0.01123
v 0.03227 0.01127 -0.01061
v 0.03200 0.01096 -0.01031
v 0.03237 0.01123 -0.01075
v 0.03214 0.01094 -0.01041
v 0.03167 0.01028 -0.01008
v 0.03244 0.01120 -0.01090
v 0.03227 0.01092 -0.01053
v 0.03184 0.01028 -0.01013
v 0.03248 0.01116 -0.01106
v 0.03237 0.01089 -0.01067
v 0.03167 0.00997 -0.01005
v 0.03200 0.01027 -0.01020
v 0.03244 0.01086 -0.01082
v 0.03184 0.00997 -0.01009
v 0.03214 0.01026 -0.01030
v 0.03248 0.01082 -0.01099
v 0.03200 0.00996 -0.01017
v 0.03227 0.01024 -0.01042
v 0.03214 0.00995 -0.01027
v 0.03237 0.01022 -0.01056
v 0.03227 0.00994 -0.01039
v 0.03167 0.00920 -0.01002
v 0.03244 0.01021 -0.01072
v 0.03237 0.00993 -0.01053
v 0.03184 0.00920 -0.01006
v 0.03248 0.01019 -0.01089
v 0.03244 0.00991 -0.01069
v 0.03200 0.00920 -0.01013
v 0.03248 0.00990 -0.01086
v 0.03214 0.00920 -0.01023
v 0.03227 0.00920 -0.01036
v 0.03237 0.00920 -0.01050
v 0.03167 0.00812 -0.01008
v 0.03244 0.00920 -0.01066
v 0.03184 0.00812 -0.01013
v 0.03248 0.00920 -0.01083
v 0.03200 0.00813 -0.01020
v 0.03214 0.00814 -0.01030
v 0.03227 0.00816 -0.01042
v 0.03237 0.00818 -0.01056
v 0.03167 0.00705 -0.01028
v 0.03244 0.00819 -0.01072
v 0.03184 0.00706 -0.01032
v 0.03248 0.00821 -0.01089
v 0.03200 0.00708 -0.01039
v 0.03214 0.00710 -0.01049
v 0.03227 0.00713 -0.01061
v 0.03237 0.00717 -0.01075
v 0.03167 0.00601 -0.01060
v 0.03244 0.00720 -0.01090
v 0.03184 0.00603 -0.01064
v 0.03248 0.00724 -0.01106
v 0.03200 0.00606 -0.01071
v 0.03214 0.00609 -0.01080
v 0.03227 0.00614 -0.01092
v 0.03237 0.00619 -0.01105
v 0.03167 0.00502 -0.01104
v 0.03244 0.00624 -0.01120
v 0.03184 0.00505 -0.01108
v 0.03248 0.00630 -0.01136
v 0.03200 0.00508 -0.01115
v 0.03214 0.00513 -0.01124
v 0.03227 0.00518 -0.01135
v 0.03237 0.00525 -0.01147
v 0.03167 0.00413 -0.01158
v 0.03244 0.00532 -0.01161
v 0.03184 0.00415 -0.01162
v 0.03248 0.00540 -0.01176
v 0.03200 0.00420 -0.01168
v 0.03214 0.00425 -0.01176
v 0.03227 0.00432 -0.01187
v 0.03237 0.00440 -0.01198
v 0.03167 0.00332 -0.01221
v 0.03244 0.00449 -0.01211
v 0.03184 0.00335 -0.01224
v 0.03248 0.00459 -0.01225
v 0.03200 0.00339 -0.01230
v 0.03214 0.00346 -0.01238
v 0.03227 0.00354 -0.01247
v 0.03237 0.00363 -0.01258
v 0.03167 0.00258 -0.01292
v 0.03244 0.00374 -0.01270
v 0.03184 0.00261 -0.01296
v 0.03248 0.00385 -0.01282
v 0.03200 0.00267 -0.01301
v 0.03214 0.00274 -0.01307
v 0.03227 0.00283 -0.01316
v 0.03237 0.00294 -0.01325
v 0.03167 0.00193 -0.01372
v 0.03244 0.00305 -0.01336
v 0.03184 0.00197 -0.01375
v 0.03248 0.00318 -0.01347
v 0.03200 0.00203 -0.01379
v 0.03214 0.00211 -0.01385
v 0.03227 0.00221 -0.01392
v 0.03237 0.00232 -0.01400
v 0.03167 0.00138 -0.01458
v 0.03244 0.00245 -0.01410
v 0.03184 0.00142 -0.01460
v 0.03248 0.00259 -0.01420
v 0.03167 0.00124 -0.01482
v 0.03200 0.00148 -0.01464
v 0.03184 0.00128 -0.01485
v 0.03214 0.00157 -0.01469
v 0.03200 0.00135 -0.01488
v 0.03227 0.00167 -0.01475
v 0.03214 0.00144 -0.01493
v 0.03237 0.00180 -0.01482
v 0.03227 0.00155 -0.01498
v 0.03167 0.00092 -0.01550
v 0.03244 0.00194 -0.01490
v 0.03237 0.00167 -0.01505
v 0.03184 0.00097 -0.01552
v 0.03248 0.00208 -0.01498
v 0.03167 0.00080 -0.01581
v 0.03244 0.00181 -0.01512
v 0.03200 0.00103 -0.01555
v 0.03184 0.00084 -0.01583
v 0.03248 0.00196 -0.01520
v 0.03214 0.00113 -0.01559
v 0.03200 0.00091 -0.01586
v 0.03227 0.00124 -0.01564
v 0.03214 0.00100 -0.01589
v 0.03237 0.00137 -0.01569
v 0.03167 0.00058 -0.01647
v 0.03227 0.00112 -0.01594
v 0.03244 0.00152 -0.01575
v 0.03184 0.00062 -0.01648
v 0.03237 0.00125 -0.01599
v 0.03248 0.00167 -0.01582
v 0.03200 0.00069 -0.01650
v 0.03167 0.00048 -0.01685
v 0.03244 0.00140 -0.01604
v 0.03214 0.00079 -0.01653
v 0.03184 0.00052 -0.01686
v 0.03248 0.00156 -0.01610
v 0.03227 0.00091 -0.01657
v 0.03200 0.00059 -0.01688
v 0.03237 0.00104 -0.01661
v 0.03214 0.00069 -0.01690
v 0.03167 0.00035 -0.01747
v 0.03244 0.00120 -0.01665
v 0.03227 0.00081 -0.01693
v 0.03184 0.00039 -0.01748
v 0.03248 0.00136 -0.01670
v 0.03237 0.00095 -0.01697
v 0.03200 0.00046 -0.01749
v 0.03167 0.00028 -0.01792
v 0.03244 0.00110 -0.01700
v 0.03214 0.00056 -0.01751
v 0.03184 0.00033 -0.01792
v 0.03248 0.00126 -0.01704
v 0.03227 0.00068 -0.01753
v 0.03200 0.00040 -0.01793
v 0.03237 0.00082 -0.01755
v 0.03214 0.00050 -0.01794
v 0.03167 0.00023 -0.01849
v 0.03244 0.00098 -0.01758
v 0.03227 0.00062 -0.01796
v 0.03184 0.00027 -0.01849
v 0.03248 0.00115 -0.01761
v 0.03237 0.00076 -0.01798
v 0.03200 0.00035 -0.01849
v 0.03167 0.00022 -0.01900
v 0.03244 0.00092 -0.01799
v 0.03214 0.00045 -0.01850
v 0.03184 0.00026 -0.01900
v 0.03248 0.00109 -0.01801
v 0.03227 0.00057 -0.01851
v 0.03200 0.00033 -0.01900
v 0.03237 0.00071 -0.01851
v 0.03167 0.00023 -0.01951
v 0.03214 0.00043 -0.01900
v 0.03244 0.00087 -0.01852
v 0.03184 0.00027 -0.01951
v 0.03227 0.00056 -0.01900
v 0.03248 0.00104 -0.01853
v 0.03200 0.00035 -0.01951
v 0.03237 0.00070 -0.01900
v 0.03214 0.00045 -0.01950
v 0.03167 0.00028 -0.02008
v 0.03244 0.00086 -0.01900
v 0.03227 0.00057 -0.01949
v 0.03184 0.00033 -0.02008
v 0.03248 0.00103 -0.01900
v 0.03237 0.00071 -0.01949
v 0.03200 0.00040 -0.02007
v 0.03167 0.00035 -0.02053
v 0.03244 0.00087 -0.01948
v 0.03214 0.00050 -0.02006
v 0.03184 0.00039 -0.02052
v 0.03248 0.00104 -0.01947
v 0.03227 0.00062 -0.02004
v 0.03200 0.00046 -0.02051
v 0.03237 0.00076 -0.02002
v 0.03214 0.00056 -0.02049
v 0.03167 0.00048 -0.02115
v 0.03244 0.00092 -0.02001
v 0.03227 0.00068 -0.02047
v 0.03184 0.00052 -0.02114
v 0.03248 0.00109 -0.01999
v 0.03237 0.00082 -0.02045
v 0.03200 0.00059 -0.02112
v 0.03167 0.00058 -0.02153
v 0.03244 0.00098 -0.02042
v 0.03214 0.00069 -0.02110
v 0.03184 0.00062 -0.02152
v 0.03248 0.00115 -0.02039
v 0.03227 0.00081 -0.02107
v 0.03200 0.00069 -0.02150
v 0.03237 0.00095 -0.02103
v 0.03214 0.00079 -0.02147
v 0.03167 0.00080 -0.02219
v 0.03244 0.00110 -0.02100
v 0.03227 0.00091 -0.02143
v 0.03184 0.00084 -0.02217
v 0.03248 0.00126 -0.02096
v 0.03237 0.00104 -0.02139
v 0.03167 0.00092 -0.02250
v 0.03200 0.00091 -0.02214
v 0.03244 0.00120 -0.02135
v 0.03184 0.00097 -0.02248
v 0.03214 0.00100 -0.02211
v 0.03248 0.00136 -0.02130
v 0.03200 0.00103 -0.02245
v 0.03227 0.00112 -0.02206
v 0.03214 0.00113 -0.02241
v 0.03237 0.00125 -0.02201
v 0.03227 0.00124 -0.02236
v 0.03167 0.00124 -0.02318
v 0.03244 0.00140 -0.02196
v 0.03237 0.00137 -0.02231
v 0.03184 0.00128 -0.02315
v 0.03248 0.00156 -0.02190
v 0.03167 0.00138 -0.02342
v 0.03244 0.00152 -0.02225
v 0.03200 0.00135 -0.02312
v 0.03184 0.00142 -0.02340
v 0.03248 0.00167 -0.02218
v 0.03214 0.00144 -0.02307
v 0.03200 0.00148 -0.02336
v 0.03227 0.00155 -0.02302
v 0.03214 0.00157 -0.02331
v 0.03237 0.00167 -0.02295
v 0.03227 0.00167 -0.02325
v 0.03167 0.00181 -0.02410
v 0.03244 0.00181 -0.02288
v 0.03237 0.00180 -0.02318
v 0.03184 0.00184 -0.02408
v 0.03248 0.00196 -0.02280
v 0.03244 0.00194 -0.02310
v 0.03200 0.00190 -0.02404
v 0.03248 0.00208 -0.02302
v 0.03214 0.00199 -0.02398
v 0.03227 0.00209 -0.02391
v 0.03237 0.00220 -0.02383
v 0.03167 0.00247 -0.02496
v 0.03244 0.00233 -0.02374
v 0.03184 0.00251 -0.02493
v 0.03248 0.00247 -0.02364
v 0.03200 0.00256 -0.02488
v 0.03214 0.00264 -0.02481
v 0.03227 0.00273 -0.02473
v 0.03237 0.00284 -0.02464
v 0.03167 0.00324 -0.02573
v 0.03244 0.00296 -0.02453
v 0.03184 0.00327 -0.02569
v 0.03248 0.00308 -0.02442
v 0.03200 0.00332 -0.02564
v 0.03214 0.00339 -0.02556
v 0.03227 0.00347 -0.02547
v 0.03237 0.00356 -0.02536
v 0.03167 0.00410 -0.02639
v 0.03244 0.00367 -0.02524
v 0.03184 0.00412 -0.02636
v 0.03248 0.00378 -0.02512
v 0.03200 0.00416 -0.02630
v 0.03214 0.00422 -0.02621
v 0.03227 0.00429 -0.02611
v 0.03237 0.00437 -0.02600
v 0.03167 0.00501 -0.02695
v 0.03244 0.00446 -0.02587
v 0.03184 0.00503 -0.02691
v 0.03248 0.00456 -0.02573
v 0.03200 0.00506 -0.02684
v 0.03214 0.00511 -0.02675
v 0.03227 0.00517 -0.02664
v 0.03237 0.00523 -0.02652
v 0.03167 0.00594 -0.02737
v 0.03244 0.00531 -0.02638
v 0.03184 0.00596 -0.02733
v 0.03248 0.00539 -0.02623
v 0.03200 0.00598 -0.02726
v 0.03214 0.00602 -0.02717
v 0.03227 0.00606 -0.02705
v 0.03237 0.00612 -0.02692
v 0.03167 0.00692 -0.02769
v 0.03244 0.00617 -0.02677
v 0.03184 0.00693 -0.02765
v 0.03248 0.00623 -0.02662
v 0.03200 0.00695 -0.02757
v 0.03214 0.00697 -0.02748
v 0.03227 0.00700 -0.02736
v 0.03237 0.00704 -0.02722
v 0.03167 0.00792 -0.02789
v 0.03244 0.00708 -0.02707
v 0.03184 0.00793 -0.02785
v 0.03248 0.00712 -0.02691
v 0.03200 0.00794 -0.02778
v 0.03214 0.00795 -0.02768
v 0.03227 0.00797 -0.02755
v 0.03237 0.00799 -0.02741
v 0.03167 0.00894 -0.02798
v 0.03244 0.00801 -0.02726
v 0.03184 0.00894 -0.02794
v 0.03248 0.00804 -0.02709
v 0.03200 0.00895 -0.02786
v 0.03214 0.00895 -0.02776
v 0.03227 0.00895 -0.02764
v 0.03237 0.00896 -0.02750
v 0.03167 0.00997 -0.02795
v 0.03244 0.00896 -0.02734
v 0.03184 0.00997 -0.02791
v 0.03248 0.00897 -0.02717
v 0.03167 0.01028 -0.02792
v 0.03200 0.00996 -0.02783
v 0.03184 0.01028 -0.02787
v 0.03214 0.00995 -0.02773
v 0.03200 0.01027 -0.02780
v 0.03227 0.00994 -0.02761
v 0.03214 0.01026 -0.02770
v 0.03237 0.00993 -0.02747
v 0.03167 0.01098 -0.02781
v 0.03227 0.01024 -0.02758
v 0.03244 0.00991 -0.02731
v 0.03184 0.01098 -0.02776
v 0.03237 0.01022 -0.02744
v 0.03248 0.00990 -0.02714
v 0.03200 0.01096 -0.02769
v 0.03167 0.01135 -0.02772
v 0.03244 0.01021 -0.02728
v 0.03214 0.01094 -0.02759
v 0.03184 0.01134 -0.02768
v 0.03248 0.01019 -0.02711
v 0.03227 0.01092 -0.02747
v 0.03200 0.01132 -0.02761
v 0.03237 0.01089 -0.02733
v 0.03214 0.01130 -0.02751
v 0.03167 0.01198 -0.02755
v 0.03244 0.01086 -0.02718
v 0.03227 0.01127 -0.02739
v 0.03184 0.01196 -0.02750
v 0.03248 0.01082 -0.02701
v 0.03237 0.01123 -0.02725
v 0.03200 0.01194 -0.02743
v 0.03167 0.01239 -0.02740
v 0.03244 0.01120 -0.02710
v 0.03214 0.01191 -0.02734
v 0.03184 0.01237 -0.02736
v 0.03248 0.01116 -0.02694
v 0.03227 0.01187 -0.02722
v 0.03200 0.01234 -0.02729
v 0.03237 0.01183 -0.02708
v 0.03214 0.01231 -0.02720
v 0.03167 0.01293 -0.02717
v 0.03244 0.01178 -0.02693
v 0.03227 0.01226 -0.02708
v 0.03184 0.01291 -0.02713
v 0.03248 0.01173 -0.02677
v 0.03237 0.01221 -0.02695
v 0.03200 0.01288 -0.02706
v 0.03167 0.01338 -0.02696
v 0.03244 0.01216 -0.02680
v 0.03214 0.01284 -0.02697
v 0.03184 0.01335 -0.02692
v 0.03248 0.01210 -0.02664
v 0.03227 0.01279 -0.02686
v 0.03200 0.01332 -0.02685
v 0.03237 0.01273 -0.02673
v 0.03167 0.01384 -0.02669
v 0.03214 0.01327 -0.02676
v 0.03244 0.01267 -0.02659
v 0.03184 0.01382 -0.02666
v 0.03227 0.01322 -0.02665
v 0.03248 0.01260 -0.02644
v 0.03200 0.01378 -0.02659
v 0.03237 0.01315 -0.02653
v 0.03214 0.01373 -0.02651
v 0.03167 0.01430 -0.02639
v 0.03244 0.01308 -0.02639
v 0.03227 0.01366 -0.02640
v 0.03184 0.01428 -0.02636
v 0.03248 0.01300 -0.02624
v 0.03237 0.01359 -0.02628
v 0.03200 0.01424 -0.02630
v 0.03167 0.01469 -0.02612
v 0.03244 0.01351 -0.02614
v 0.03214 0.01418 -0.02621
v 0.03184 0.01466 -0.02608
v 0.03248 0.01342 -0.02600
v 0.03227 0.01411 -0.02611
v 0.03200 0.01461 -0.02602
v 0.03237 0.01403 -0.02600
v 0.03214 0.01455 -0.02594
v 0.03167 0.01516 -0.02573
v 0.03244 0.01394 -0.02587
v 0.03227 0.01448 -0.02584
v 0.03184 0.01513 -0.02569
v 0.03248 0.01384 -0.02573
v 0.03237 0.01439 -0.02573
v 0.03200 0.01508 -0.02564
v 0.03167 0.01546 -0.02544
v 0.03244 0.01429 -0.02561
v 0.03214 0.01501 -0.02556
v 0.03184 0.01543 -0.02541
v 0.03248 0.01419 -0.02547
v 0.03227 0.01493 -0.02547
v 0.03200 0.01538 -0.02536
v 0.03237 0.01484 -0.02536
v 0.03214 0.01531 -0.02529
v 0.03167 0.01593 -0.02496
v 0.03244 0.01473 -0.02524
v 0.03227 0.01522 -0.02520
v 0.03184 0.01589 -0.02493
v 0.03248 0.01462 -0.02512
v 0.03237 0.01512 -0.02510
v 0.03167 0.01616 -0.02469
v 0.03200 0.01584 -0.02488
v 0.03244 0.01501 -0.02498
v 0.03184 0.01612 -0.02466
v 0.03214 0.01576 -0.02481
v 0.03248 0.01490 -0.02486
v 0.03200 0.01606 -0.02461
v 0.03227 0.01567 -0.02473
v 0.03214 0.01599 -0.02455
v 0.03237 0.01556 -0.02464
v 0.03167 0.01659 -0.02410
v 0.03227 0.01589 -0.02447
v 0.03244 0.01544 -0.02453
v 0.03184 0.01656 -0.02408
v 0.03237 0.01578 -0.02438
v 0.03248 0.01532 -0.02442
v 0.03167 0.01676 -0.02386
v 0.03200 0.01650 -0.02404
v 0.03244 0.01566 -0.02428
v 0.03184 0.01672 -0.02383
v 0.03214 0.01641 -0.02398
v 0.03248 0.01553 -0.02417
v 0.03200 0.01666 -0.02379
v 0.03227 0.01631 -0.02391
v 0.03214 0.01657 -0.02374
v 0.03237 0.01620 -0.02383
v 0.03227 0.01647 -0.02367
v 0.03167 0.01716 -0.02318
v 0.03244 0.01607 -0.02374
v 0.03237 0.01635 -0.02360
v 0.03184 0.01712 -0.02315
v 0.03248 0.01593 -0.02364
v 0.03244 0.01622 -0.02351
v 0.03200 0.01705 -0.02312
v 0.03248 0.01608 -0.02342
v 0.03214 0.01696 -0.02307
v 0.03227 0.01685 -0.02302
v 0.03237 0.01673 -0.02295
v 0.03167 0.01760 -0.02219
v 0.03244 0.01659 -0.02288
v 0.03184 0.01756 -0.02217
v 0.03248 0.01644 -0.02280
v 0.03200 0.01749 -0.02214
v 0.03214 0.01740 -0.02211
v 0.03227 0.01728 -0.02206
v 0.03237 0.01715 -0.02201
v 0.03167 0.01792 -0.02115
v 0.03244 0.01700 -0.02196
v 0.03184 0.01788 -0.02114
v 0.03248 0.01684 -0.02190
v 0.03200 0.01781 -0.02112
v 0.03214 0.01771 -0.02110
v 0.03227 0.01759 -0.02107
v 0.03237 0.01745 -0.02103
v 0.03167 0.01812 -0.02008
v 0.03244 0.01730 -0.02100
v 0.03184 0.01807 -0.02008
v 0.03248 0.01714 -0.02096
v 0.03200 0.01800 -0.02007
v 0.03214 0.01790 -0.02006
v 0.03227 0.01778 -0.02004
v 0.03237 0.01764 -0.02002
v 0.03244 0.01748 -0.02001
v 0.03248 0.01731 -0.01999
vn -0.0000 1.0000 -0.0000
vn -0.0000 1.0000 -0.0000
vn 0.0000 0.9935 0.1140
vn 0.0000 0.9740 0.2265
vn 0.0000 0.9418 0.3360
vn 0.0000 0.8974 0.4412
vn 0.0000 0.8413 0.5406
vn 0.0000 0.7741 0.6330
vn 0.0000 0.6969 0.7171
vn 0.0000 0.6106 0.7919
vn 0.0000 0.5164 0.8563
vn 0.0000 0.4154 0.9096
vn 0.0000 0.3090 0.9511
vn 0.0000 0.1986 0.9801
vn 0.0000 0.0856 0.9963
vn 0.0000 -0.0286 0.9996
vn 0.0000 -0.1423 0.9898
vn 0.0000 -0.2542 0.9671
vn 0.0000 -0.3628 0.9319
vn 0.0000 -0.4667 0.8844
vn 0.0000 -0.5644 0.8255
vn 0.0000 -0.6549 0.7557
vn 0.0000 -0.7367 0.6762
vn 0.0000 -0.8090 0.5878
vn 0.0000 -0.8707 0.4917
vn 0.0000 -0.9211 0.3893
vn 0.0000 -0.9595 0.2817
vn 0.0000 -0.9854 0.1705
vn 0.0000 -0.9984 0.0571
vn 0.0000 -0.9984 -0.0571
vn 0.0000 -0.9854 -0.1705
vn 0.0000 -0.9595 -0.2817
vn 0.0000 -0.9211 -0.3893
vn 0.0000 -0.8707 -0.4917
vn 0.0000 -0.8090 -0.5878
vn 0.0000 -0.7367 -0.6762
vn 0.0000 -0.6549 -0.7557
vn 0.0000 -0.5644 -0.8255
vn 0.0000 -0.4667 -0.8844
vn 0.0000 -0.3628 -0.9319
vn 0.0000 -0.2542 -0.9671
vn 0.0000 -0.1423 -0.9898
vn 0.0000 -0.0286 -0.9996
vn -0.0000 0.0856 -0.9963
vn -0.0000 0.1986 -0.9801
vn -0.0000 0.3090 -0.9511
vn -0.0000 0.4154 -0.9096
vn -0.0000 0.5164 -0.8563
vn -0.0000 0.6106 -0.7919
vn -0.0000 0.6969 -0.7171
vn -0.0000 0.7741 -0.6330
vn -0.0000 0.8413 -0.5406
vn -0.0000 0.8974 -0.4412
vn -0.0000 0.9418 -0.3360
vn -0.0000 0.9740 -0.2265
vn -0.0000 0.9935 -0.1140
vn 0.0000 0.9935 0.1140
vn 0.0000 0.9740 0.2265
vn 0.0000 0.9418 0.3360
vn 0.0000 0.8974 0.4412
vn 0.0000 0.8413 0.5406
vn 0.0000 0.7741 0.6330
vn 0.0000 0.6969 0.7171
vn 0.0000 0.6106 0.7919
vn 0.0000 0.5164 0.8563
vn 0.0000 0.4154 0.9096
vn 0.0000 0.3090 0.9511
vn 0.0000 0.1986 0.9801
vn 0.0000 0.0856 0.9963
vn 0.0000 -0.0286 0.9996
vn 0.0000 -0.1423 0.9898
vn 0.0000 -0.2542 0.9671
vn 0.0000 -0.3628 0.9319
vn 0.0000 -0.4667 0.8844
vn 0.0000 -0.5644 0.8255
vn 0.0000 -0.6549 0.7557
vn 0.0000 -0.7367 0.6762
vn 0.0000 -0.8090 0.5878
vn 0.0000 -0.8707 0.4917
vn 0.0000 -0.9211 0.3893
vn 0.0000 -0.9595 0.2817
vn 0.0000 -0.9854 0.1705
vn 0.0000 -0.9984 0.0571
vn 0.0000 -0.9984 -0.0571
vn 0.0000 -0.9854 -0.1705
vn 0.0000 -0.9595 -0.2817
vn 0.0000 -0.9211 -0.3893
vn 0.0000 -0.8707 -0.4917
vn 0.0000 -0.8090 -0.5878
vn 0.0000 -0.7367 -0.6762
vn 0.0000 -0.6549 -0.7557
vn 0.0000 -0.5644 -0.8255
vn 0.0000 -0.4667 -0.8844
vn 0.0000 -0.3628 -0.9319
vn 0.0000 -0.2542 -0.9671
vn 0.0000 -0.1423 -0.9898
vn 0.0000 -0.0286 -0.9996
vn -0.0000 0.0856 -0.9963
vn -0.0000 0.1986 -0.9801
vn -0.0000 0.3090 -0.9511
vn -0.0000 0.4154 -0.9096
vn -0.0000 0.5164 -0.8563
vn -0.0000 0.6106 -0.7919
vn -0.0000 0.6969 -0.7171
vn -0.0000 0.7741 -0.6330
vn -0.0000 0.8413 -0.5406
vn -0.0000 0.8974 -0.4412
vn -0.0000 0.9418 -0.3360
vn -0.0000 0.9740 -0.2265
vn -0.0000 0.9935 -0.1140
vn -0.1736 0.9848 0.0000
vn -0.3420 0.9397 0.0000
vn -0.5000 0.8660 0.0000
vn -0.6428 0.7660 0.0000
vn -0.7660 0.6428 0.0000
vn -0.8660 0.5000 0.0000
vn -0.9397 0.3420 0.0000
vn -0.9848 0.1736 0.0000
vn -1.0000 0.0000 0.0000
vn -1.0000 0.0000 0.0000
vn -1.0000 0.0000 0.0000
vn -1.0000 0.0000 0.0000
vn -1.0000 0.0000 0.0000
vn -1.0000 0.0000 0.0000
vn -1.0000 0.0000 0.0000
vn -1.0000 0.0000 0.0000
vn -1.0000 0.0000 0.0000
vn -1.0000 0.0000 0.0000
vn -1.0000 0.0000 0.0000
vn -1.0000 0.0000 0.0000
vn -1.0000 0.0000 0.0000
vn -1.0000 -0.0000 0.0000
vn -1.0000 -0.0000 0.0000
vn -1.0000 -0.0000 0.0000
vn -1.0000 -0.0000 0.0000
vn -1.0000 -0.0000 0.0000
vn -1.0000 -0.0000 0.0000
vn -1.0000 -0.0000 0.0000
vn -1.0000 -0.0000 0.0000
vn -1.0000 -0.0000 0.0000
vn -1.0000 -0.0000 0.0000
vn -1.0000 -0.0000 0.0000
vn -1.0000 -0.0000 0.0000
vn -1.0000 -0.0000 0.0000
vn -1.0000 -0.0000 0.0000
vn -1.0000 -0.0000 -0.0000
vn -1.0000 -0.0000 -0.0000
vn -1.0000 -0.0000 -0.0000
vn -1.0000 -0.0000 -0.0000
vn -1.0000 -0.0000 -0.0000
vn -1.0000 -0.0000 -0.0000
vn -1.0000 -0.0000 -0.0000
vn -1.0000 -0.0000 -0.0000
vn -1.0000 -0.0000 -0.0000
vn -1.0000 -0.0000 -0.0000
vn -1.0000 -0.0000 -0.0000
vn -1.0000 -0.0000 -0.0000
vn -1.0000 -0.0000 -0.0000
vn -1.0000 0.0000 -0.0000
vn -1.0000 0.0000 -0.0000
vn -1.0000 0.0000 -0.0000
vn -1.0000 0.0000 -0.0000
vn -1.0000 0.0000 -0.0000
vn -1.0000 0.0000 -0.0000
vn -1.0000 0.0000 -0.0000
vn -1.0000 0.0000 -0.0000
vn -1.0000 0.0000 -0.0000
vn -1.0000 0.0000 -0.0000
vn -1.0000 0.0000 -0.0000
vn -1.0000 0.0000 -0.0000
vn -0.1736 0.9784 0.1123
vn -0.3420 0.9336 0.1071
vn -0.5000 0.8604 0.0987
vn -0.6428 0.7611 0.0873
vn -0.7660 0.6386 0.0733
vn -0.8660 0.4967 0.0570
vn -0.1736 0.9592 0.2231
vn -0.9397 0.3398 0.0390
vn -0.3420 0.9153 0.2128
vn -0.9848 0.1725 0.0198
vn -0.5000 0.8435 0.1962
vn -0.6428 0.7461 0.1735
vn -0.7660 0.6261 0.1456
vn -0.8660 0.4870 0.1132
vn -0.1736 0.9275 0.3309
vn -0.9397 0.3331 0.0775
vn -0.3420 0.8850 0.3158
vn -0.9848 0.1691 0.0393
vn -0.5000 0.8157 0.2910
vn -0.6428 0.7215 0.2574
vn -0.7660 0.6054 0.2160
vn -0.8660 0.4709 0.1680
vn -0.1736 0.8838 0.4345
vn -0.9397 0.3221 0.1149
vn -0.3420 0.8433 0.4146
vn -0.9848 0.1635 0.0584
vn -0.5000 0.7772 0.3821
vn -0.6428 0.6874 0.3380
vn -0.7660 0.5768 0.2836
vn -0.8660 0.4487 0.2206
vn -0.1736 0.8285 0.5324
vn -0.9397 0.3069 0.1509
vn -0.3420 0.7905 0.5080
vn -0.9848 0.1558 0.0766
vn -0.1736 0.8105 0.5594
vn -0.5000 0.7285 0.4682
vn -0.3420 0.7734 0.5338
vn -0.6428 0.6444 0.4142
vn -0.5000 0.7127 0.4920
vn -0.7660 0.5407 0.3475
vn -0.6428 0.6304 0.4352
vn -0.8660 0.4206 0.2703
vn -0.1736 0.7624 0.6234
vn -0.7660 0.5290 0.3651
vn -0.9397 0.2877 0.1849
vn -0.3420 0.7275 0.5948
vn -0.8660 0.4115 0.2840
vn -0.9848 0.1461 0.0939
vn -0.1736 0.7371 0.6530
vn -0.5000 0.6704 0.5482
vn -0.9397 0.2815 0.1943
vn -0.3420 0.7034 0.6231
vn -0.6428 0.5930 0.4849
vn -0.9848 0.1429 0.0986
vn -0.5000 0.6482 0.5743
vn -0.7660 0.4976 0.4069
vn -0.6428 0.5734 0.5080
vn -0.8660 0.3871 0.3165
vn -0.1736 0.6863 0.7062
vn -0.7660 0.4811 0.4262
vn -0.9397 0.2648 0.2165
vn -0.3420 0.6549 0.6739
vn -0.8660 0.3743 0.3316
vn -0.9848 0.1344 0.1099
vn -0.5000 0.6036 0.6211
vn -0.1736 0.6530 0.7371
vn -0.9397 0.2560 0.2268
vn -0.6428 0.5339 0.5494
vn -0.3420 0.6231 0.7034
vn -0.9848 0.1300 0.1152
vn -0.7660 0.4480 0.4610
vn -0.5000 0.5743 0.6482
vn -0.8660 0.3485 0.3586
vn -0.6428 0.5080 0.5734
vn -0.1736 0.6014 0.7799
vn -0.9397 0.2384 0.2453
vn -0.7660 0.4262 0.4811
vn -0.3420 0.5738 0.7441
vn -0.9848 0.1210 0.1245
vn -0.8660 0.3316 0.3743
vn -0.5000 0.5288 0.6858
vn -0.1736 0.5594 0.8105
vn -0.9397 0.2268 0.2560
vn -0.6428 0.4678 0.6066
vn -0.3420 0.5338 0.7734
vn -0.9848 0.1152 0.1300
vn -0.7660 0.3925 0.5090
vn -0.5000 0.4920 0.7127
vn -0.8660 0.3053 0.3960
vn -0.6428 0.4352 0.6304
vn -0.1736 0.5086 0.8433
vn -0.9397 0.2089 0.2708
vn -0.7660 0.3651 0.5290
vn -0.3420 0.4853 0.8047
vn -0.9848 0.1060 0.1375
vn -0.8660 0.2840 0.4115
vn -0.5000 0.4472 0.7416
vn -0.1736 0.4577 0.8720
vn -0.9397 0.1943 0.2815
vn -0.6428 0.3956 0.6560
vn -0.3420 0.4367 0.8321
vn -0.9848 0.0986 0.1429
vn -0.7660 0.3319 0.5505
vn -0.5000 0.4025 0.7668
vn -0.8660 0.2582 0.4282
vn -0.1736 0.4091 0.8958
vn -0.6428 0.3560 0.6783
vn -0.9397 0.1766 0.2929
vn -0.3420 0.3904 0.8548
vn -0.7660 0.2987 0.5692
vn -0.9848 0.0897 0.1487
vn -0.5000 0.3598 0.7878
vn -0.8660 0.2324 0.4427
vn -0.6428 0.3182 0.6968
vn -0.1736 0.3492 0.9208
vn -0.9397 0.1589 0.3028
vn -0.7660 0.2670 0.5847
vn -0.3420 0.3332 0.8786
vn -0.9848 0.0807 0.1538
vn -0.8660 0.2077 0.4548
vn -0.5000 0.3071 0.8097
vn -0.1736 0.3043 0.9366
vn -0.9397 0.1421 0.3111
vn -0.6428 0.2716 0.7163
vn -0.3420 0.2904 0.8937
vn -0.9848 0.0721 0.1580
vn -0.7660 0.2279 0.6010
vn -0.5000 0.2676 0.8236
vn -0.8660 0.1773 0.4675
vn -0.6428 0.2367 0.7286
vn -0.1736 0.2357 0.9562
vn -0.9397 0.1213 0.3198
vn -0.7660 0.1986 0.6113
vn -0.3420 0.2249 0.9124
vn -0.9848 0.0616 0.1624
vn -0.8660 0.1545 0.4755
vn -0.5000 0.2073 0.8409
vn -0.1736 0.1956 0.9652
vn -0.9397 0.1057 0.3253
vn -0.6428 0.1833 0.7438
vn -0.3420 0.1866 0.9210
vn -0.9848 0.0537 0.1651
vn -0.7660 0.1538 0.6241
vn -0.5000 0.1720 0.8488
vn -0.8660 0.1197 0.4855
vn -0.6428 0.1521 0.7508
vn -0.1736 0.1187 0.9776
vn -0.9397 0.0819 0.3321
vn -0.7660 0.1277 0.6300
vn -0.3420 0.1133 0.9328
vn -0.9848 0.0416 0.1686
vn -0.8660 0.0993 0.4900
vn -0.1736 0.0843 0.9812
vn -0.5000 0.1044 0.8597
vn -0.9397 0.0679 0.3352
vn -0.3420 0.0804 0.9362
vn -0.6428 0.0923 0.7605
vn -0.9848 0.0345 0.1702
vn -0.5000 0.0741 0.8628
vn -0.7660 0.0775 0.6381
vn -0.6428 0.0656 0.7632
vn -0.8660 0.0603 0.4964
vn -0.7660 0.0550 0.6404
vn -0.1736 -0.0000 0.9848
vn -0.9397 0.0412 0.3395
vn -0.8660 0.0428 0.4982
vn -0.3420 -0.0000 0.9397
vn -0.9848 0.0209 0.1724
vn -0.9397 0.0293 0.3408
vn -0.5000 -0.0000 0.8660
vn -0.9848 0.0149 0.1730
vn -0.6428 -0.0000 0.7660
vn -0.7660 -0.0000 0.6428
vn -0.8660 -0.0000 0.5000
vn -0.1736 -0.1187 0.9776
vn -0.9397 -0.0000 0.3420
vn -0.3420 -0.1133 0.9328
vn -0.9848 -0.0000 0.1736
vn -0.5000 -0.1044 0.8597
vn -0.6428 -0.0923 0.7605
vn -0.7660 -0.0775 0.6381
vn -0.8660 -0.0603 0.4964
vn -0.1736 -0.2357 0.9562
vn -0.9397 -0.0412 0.3395
vn -0.3420 -0.2249 0.9124
vn -0.9848 -0.0209 0.1724
vn -0.5000 -0.2073 0.8409
vn -0.6428 -0.1833 0.7438
vn -0.7660 -0.1538 0.6241
vn -0.8660 -0.1197 0.4855
vn -0.1736 -0.3492 0.9208
vn -0.9397 -0.0819 0.3321
vn -0.3420 -0.3332 0.8786
vn -0.9848 -0.0416 0.1686
vn -0.5000 -0.3071 0.8097
vn -0.6428 -0.2716 0.7163
vn -0.7660 -0.2279 0.6010
vn -0.8660 -0.1773 0.4675
vn -0.1736 -0.4577 0.8720
vn -0.9397 -0.1213 0.3198
vn -0.3420 -0.4367 0.8321
vn -0.9848 -0.0616 0.1624
vn -0.5000 -0.4025 0.7668
vn -0.6428 -0.3560 0.6783
vn -0.7660 -0.2987 0.5692
vn -0.8660 -0.2324 0.4427
vn -0.1736 -0.5559 0.8129
vn -0.9397 -0.1589 0.3028
vn -0.3420 -0.5304 0.7757
vn -0.9848 -0.0807 0.1538
vn -0.5000 -0.4888 0.7149
vn -0.6428 -0.4324 0.6323
vn -0.7660 -0.3628 0.5306
vn -0.8660 -0.2822 0.4127
vn -0.1736 -0.6449 0.7443
vn -0.9397 -0.1931 0.2823
vn -0.3420 -0.6154 0.7102
vn -0.9848 -0.0980 0.1433
vn -0.5000 -0.5671 0.6545
vn -0.6428 -0.5017 0.5789
vn -0.7660 -0.4209 0.4858
vn -0.8660 -0.3274 0.3779
vn -0.1736 -0.7255 0.6659
vn -0.9397 -0.2240 0.2585
vn -0.3420 -0.6923 0.6354
vn -0.9848 -0.1137 0.1312
vn -0.5000 -0.6380 0.5856
vn -0.6428 -0.5644 0.5180
vn -0.7660 -0.4736 0.4346
vn -0.8660 -0.3684 0.3381
vn -0.1736 -0.7967 0.5789
vn -0.9397 -0.2520 0.2313
vn -0.3420 -0.7602 0.5523
vn -0.9848 -0.1279 0.1174
vn -0.5000 -0.7006 0.5090
vn -0.6428 -0.6197 0.4503
vn -0.7660 -0.5200 0.3778
vn -0.8660 -0.4045 0.2939
vn -0.1736 -0.8575 0.4843
vn -0.9397 -0.2767 0.2010
vn -0.3420 -0.8182 0.4621
vn -0.9848 -0.1405 0.1021
vn -0.1736 -0.8720 0.4577
vn -0.5000 -0.7541 0.4259
vn -0.3420 -0.8321 0.4367
vn -0.6428 -0.6670 0.3767
vn -0.5000 -0.7668 0.4025
vn -0.7660 -0.5597 0.3161
vn -0.6428 -0.6783 0.3560
vn -0.8660 -0.4354 0.2459
vn -0.7660 -0.5692 0.2987
vn -0.1736 -0.9071 0.3834
vn -0.9397 -0.2978 0.1682
vn -0.8660 -0.4427 0.2324
vn -0.3420 -0.8656 0.3658
vn -0.9848 -0.1512 0.0854
vn -0.1736 -0.9208 0.3492
vn -0.9397 -0.3028 0.1589
vn -0.5000 -0.7977 0.3371
vn -0.3420 -0.8786 0.3332
vn -0.9848 -0.1538 0.0807
vn -0.6428 -0.7056 0.2982
vn -0.5000 -0.8097 0.3071
vn -0.7660 -0.5921 0.2502
vn -0.6428 -0.7163 0.2716
vn -0.8660 -0.4606 0.1946
vn -0.1736 -0.9449 0.2775
vn -0.7660 -0.6010 0.2279
vn -0.9397 -0.3150 0.1331
vn -0.3420 -0.9016 0.2647
vn -0.8660 -0.4675 0.1773
vn -0.9848 -0.1600 0.0676
vn -0.5000 -0.8309 0.2440
vn -0.1736 -0.9562 0.2357
vn -0.9397 -0.3198 0.1213
vn -0.6428 -0.7350 0.2158
vn -0.3420 -0.9124 0.2249
vn -0.9848 -0.1624 0.0616
vn -0.7660 -0.6168 0.1811
vn -0.5000 -0.8409 0.2073
vn -0.8660 -0.4797 0.1409
vn -0.6428 -0.7438 0.1833
vn -0.1736 -0.9704 0.1679
vn -0.9397 -0.3282 0.0964
vn -0.7660 -0.6241 0.1538
vn -0.3420 -0.9259 0.1602
vn -0.9848 -0.1666 0.0489
vn -0.8660 -0.4855 0.1197
vn -0.5000 -0.8533 0.1477
vn -0.1736 -0.9776 0.1187
vn -0.9397 -0.3321 0.0819
vn -0.6428 -0.7548 0.1306
vn -0.3420 -0.9328 0.1133
vn -0.9848 -0.1686 0.0416
vn -0.7660 -0.6334 0.1096
vn -0.5000 -0.8597 0.1044
vn -0.8660 -0.4927 0.0853
vn -0.6428 -0.7605 0.0923
vn -0.1736 -0.9832 0.0562
vn -0.9397 -0.3370 0.0583
vn -0.7660 -0.6381 0.0775
vn -0.3420 -0.9382 0.0536
vn -0.9848 -0.1711 0.0296
vn -0.8660 -0.4964 0.0603
vn -0.5000 -0.8646 0.0494
vn -0.1736 -0.9848 0.0000
vn -0.9397 -0.3395 0.0412
vn -0.6428 -0.7648 0.0437
vn -0.3420 -0.9397 0.0000
vn -0.9848 -0.1724 0.0209
vn -0.7660 -0.6417 0.0367
vn -0.5000 -0.8660 0.0000
vn -0.8660 -0.4992 0.0285
vn -0.1736 -0.9832 -0.0562
vn -0.6428 -0.7660 0.0000
vn -0.9397 -0.3415 0.0195
vn -0.3420 -0.9382 -0.0536
vn -0.7660 -0.6428 0.0000
vn -0.9848 -0.1734 0.0099
vn -0.5000 -0.8646 -0.0494
vn -0.8660 -0.5000 0.0000
vn -0.6428 -0.7648 -0.0437
vn -0.1736 -0.9776 -0.1187
vn -0.9397 -0.3420 0.0000
vn -0.7660 -0.6417 -0.0367
vn -0.3420 -0.9328 -0.1133
vn -0.9848 -0.1736 0.0000
vn -0.8660 -0.4992 -0.0285
vn -0.5000 -0.8597 -0.1044
vn -0.1736 -0.9704 -0.1679
vn -0.9397 -0.3415 -0.0195
vn -0.6428 -0.7605 -0.0923
vn -0.3420 -0.9259 -0.1602
vn -0.9848 -0.1734 -0.0099
vn -0.7660 -0.6381 -0.0775
vn -0.5000 -0.8533 -0.1477
vn -0.8660 -0.4964 -0.0603
vn -0.6428 -0.7548 -0.1306
vn -0.1736 -0.9562 -0.2357
vn -0.9397 -0.3395 -0.0412
vn -0.7660 -0.6334 -0.1096
vn -0.3420 -0.9124 -0.2249
vn -0.9848 -0.1724 -0.0209
vn -0.8660 -0.4927 -0.0853
vn -0.5000 -0.8409 -0.2073
vn -0.1736 -0.9449 -0.2775
vn -0.9397 -0.3370 -0.0583
vn -0.6428 -0.7438 -0.1833
vn -0.3420 -0.9016 -0.2647
vn -0.9848 -0.1711 -0.0296
vn -0.7660 -0.6241 -0.1538
vn -0.5000 -0.8309 -0.2440
vn -0.8660 -0.4855 -0.1197
vn -0.6428 -0.7350 -0.2158
vn -0.1736 -0.9208 -0.3492
vn -0.9397 -0.3321 -0.0819
vn -0.7660 -0.6168 -0.1811
vn -0.3420 -0.8786 -0.3332
vn -0.9848 -0.1686 -0.0416
vn -0.8660 -0.4797 -0.1409
vn -0.1736 -0.9071 -0.3834
vn -0.5000 -0.8097 -0.3071
vn -0.9397 -0.3282 -0.0964
vn -0.3420 -0.8656 -0.3658
vn -0.6428 -0.7163 -0.2716
vn -0.9848 -0.1666 -0.0489
vn -0.5000 -0.7977 -0.3371
vn -0.7660 -0.6010 -0.2279
vn -0.6428 -0.7056 -0.2982
vn -0.8660 -0.4675 -0.1773
vn -0.7660 -0.5921 -0.2502
vn -0.1736 -0.8720 -0.4577
vn -0.9397 -0.3198 -0.1213
vn -0.8660 -0.4606 -0.1946
vn -0.3420 -0.8321 -0.4367
vn -0.9848 -0.1624 -0.0616
vn -0.1736 -0.8575 -0.4843
vn -0.9397 -0.3150 -0.1331
vn -0.5000 -0.7668 -0.4025
vn -0.3420 -0.8182 -0.4621
vn -0.9848 -0.1600 -0.0676
vn -0.6428 -0.6783 -0.3560
vn -0.5000 -0.7541 -0.4259
vn -0.7660 -0.5692 -0.2987
vn -0.6428 -0.6670 -0.3767
vn -0.8660 -0.4427 -0.2324
vn -0.7660 -0.5597 -0.3161
vn -0.1736 -0.8105 -0.5594
vn -0.9397 -0.3028 -0.1589
vn -0.8660 -0.4354 -0.2459
vn -0.3420 -0.7734 -0.5338
vn -0.9848 -0.1538 -0.0807
vn -0.9397 -0.2978 -0.1682
vn -0.5000 -0.7127 -0.4920
vn -0.9848 -0.1512 -0.0854
vn -0.6428 -0.6304 -0.4352
vn -0.7660 -0.5290 -0.3651
vn -0.8660 -0.4115 -0.2840
vn -0.1736 -0.7371 -0.6530
vn -0.9397 -0.2815 -0.1943
vn -0.3420 -0.7034 -0.6231
vn -0.9848 -0.1429 -0.0986
vn -0.5000 -0.6482 -0.5743
vn -0.6428 -0.5734 -0.5080
vn -0.7660 -0.4811 -0.4262
vn -0.8660 -0.3743 -0.3316
vn -0.1736 -0.6530 -0.7371
vn -0.9397 -0.2560 -0.2268
vn -0.3420 -0.6231 -0.7034
vn -0.9848 -0.1300 -0.1152
vn -0.5000 -0.5743 -0.6482
vn -0.6428 -0.5080 -0.5734
vn -0.7660 -0.4262 -0.4811
vn -0.8660 -0.3316 -0.3743
vn -0.1736 -0.5594 -0.8105
vn -0.9397 -0.2268 -0.2560
vn -0.3420 -0.5338 -0.7734
vn -0.9848 -0.1152 -0.1300
vn -0.5000 -0.4920 -0.7127
vn -0.6428 -0.4352 -0.6304
vn -0.7660 -0.3651 -0.5290
vn -0.8660 -0.2840 -0.4115
vn -0.1736 -0.4596 -0.8710
vn -0.9397 -0.1943 -0.2815
vn -0.3420 -0.4385 -0.8311
vn -0.9848 -0.0986 -0.1429
vn -0.5000 -0.4041 -0.7659
vn -0.6428 -0.3575 -0.6775
vn -0.7660 -0.3000 -0.5685
vn -0.8660 -0.2333 -0.4422
vn -0.1736 -0.3573 -0.9177
vn -0.9397 -0.1596 -0.3025
vn -0.3420 -0.3409 -0.8757
vn -0.9848 -0.0810 -0.1536
vn -0.5000 -0.3142 -0.8070
vn -0.6428 -0.2779 -0.7138
vn -0.7660 -0.2332 -0.5990
vn -0.8660 -0.1814 -0.4659
vn -0.1736 -0.2504 -0.9525
vn -0.9397 -0.1241 -0.3187
vn -0.3420 -0.2389 -0.9088
vn -0.9848 -0.0630 -0.1618
vn -0.5000 -0.2202 -0.8376
vn -0.6428 -0.1947 -0.7409
vn -0.7660 -0.1634 -0.6217
vn -0.8660 -0.1271 -0.4836
vn -0.1736 -0.1402 -0.9748
vn -0.9397 -0.0869 -0.3308
vn -0.3420 -0.1337 -0.9301
vn -0.9848 -0.0441 -0.1679
vn -0.5000 -0.1232 -0.8572
vn -0.6428 -0.1090 -0.7582
vn -0.7660 -0.0915 -0.6362
vn -0.8660 -0.0712 -0.4949
vn -0.1736 -0.0281 -0.9844
vn -0.9397 -0.0487 -0.3385
vn -0.3420 -0.0268 -0.9393
vn -0.9848 -0.0247 -0.1719
vn -0.5000 -0.0247 -0.8657
vn -0.6428 -0.0219 -0.7657
vn -0.7660 -0.0184 -0.6425
vn -0.8660 -0.0143 -0.4998
vn -0.1736 0.0843 -0.9812
vn -0.9397 -0.0098 -0.3419
vn -0.3420 0.0804 -0.9362
vn -0.9848 -0.0050 -0.1736
vn -0.1736 0.1187 -0.9776
vn -0.5000 0.0741 -0.8628
vn -0.3420 0.1133 -0.9328
vn -0.6428 0.0656 -0.7632
vn -0.5000 0.1044 -0.8597
vn -0.7660 0.0550 -0.6404
vn -0.6428 0.0923 -0.7605
vn -0.8660 0.0428 -0.4982
vn -0.1736 0.1956 -0.9652
vn -0.7660 0.0775 -0.6381
vn -0.9397 0.0293 -0.3408
vn -0.3420 0.1866 -0.9210
vn -0.8660 0.0603 -0.4964
vn -0.9848 0.0149 -0.1730
vn -0.5000 0.1720 -0.8488
vn -0.1736 0.2357 -0.9562
vn -0.9397 0.0412 -0.3395
vn -0.6428 0.1521 -0.7508
vn -0.3420 0.2249 -0.9124
vn -0.9848 0.0209 -0.1724
vn -0.7660 0.1277 -0.6300
vn -0.5000 0.2073 -0.8409
vn -0.8660 0.0993 -0.4900
vn -0.6428 0.1833 -0.7438
vn -0.1736 0.3043 -0.9366
vn -0.9397 0.0679 -0.3352
vn -0.7660 0.1538 -0.6241
vn -0.3420 0.2904 -0.8937
vn -0.9848 0.0345 -0.1702
vn -0.8660 0.1197 -0.4855
vn -0.5000 0.2676 -0.8236
vn -0.1736 0.3492 -0.9208
vn -0.9397 0.0819 -0.3321
vn -0.6428 0.2367 -0.7286
vn -0.3420 0.3332 -0.8786
vn -0.9848 0.0416 -0.1686
vn -0.7660 0.1986 -0.6113
vn -0.5000 0.3071 -0.8097
vn -0.8660 0.1545 -0.4755
vn -0.6428 0.2716 -0.7163
vn -0.1736 0.4091 -0.8958
vn -0.9397 0.1057 -0.3253
vn -0.7660 0.2279 -0.6010
vn -0.3420 0.3904 -0.8548
vn -0.9848 0.0537 -0.1651
vn -0.8660 0.1773 -0.4675
vn -0.5000 0.3598 -0.7878
vn -0.1736 0.4577 -0.8720
vn -0.9397 0.1213 -0.3198
vn -0.6428 0.3182 -0.6968
vn -0.3420 0.4367 -0.8321
vn -0.9848 0.0616 -0.1624
vn -0.7660 0.2670 -0.5847
vn -0.5000 0.4025 -0.7668
vn -0.8660 0.2077 -0.4548
vn -0.1736 0.5086 -0.8433
vn -0.6428 0.3560 -0.6783
vn -0.9397 0.1421 -0.3111
vn -0.3420 0.4853 -0.8047
vn -0.7660 0.2987 -0.5692
vn -0.9848 0.0721 -0.1580
vn -0.5000 0.4472 -0.7416
vn -0.8660 0.2324 -0.4427
vn -0.6428 0.3956 -0.6560
vn -0.1736 0.5594 -0.8105
vn -0.9397 0.1589 -0.3028
vn -0.7660 0.3319 -0.5505
vn -0.3420 0.5338 -0.7734
vn -0.9848 0.0807 -0.1538
vn -0.8660 0.2582 -0.4282
vn -0.5000 0.4920 -0.7127
vn -0.1736 0.6014 -0.7799
vn -0.9397 0.1766 -0.2929
vn -0.6428 0.4352 -0.6304
vn -0.3420 0.5738 -0.7441
vn -0.9848 0.0897 -0.1487
vn -0.7660 0.3651 -0.5290
vn -0.5000 0.5288 -0.6858
vn -0.8660 0.2840 -0.4115
vn -0.6428 0.4678 -0.6066
vn -0.1736 0.6530 -0.7371
vn -0.9397 0.1943 -0.2815
vn -0.7660 0.3925 -0.5090
vn -0.3420 0.6231 -0.7034
vn -0.9848 0.0986 -0.1429
vn -0.8660 0.3053 -0.3960
vn -0.5000 0.5743 -0.6482
vn -0.1736 0.6863 -0.7062
vn -0.9397 0.2089 -0.2708
vn -0.6428 0.5080 -0.5734
vn -0.3420 0.6549 -0.6739
vn -0.9848 0.1060 -0.1375
vn -0.7660 0.4262 -0.4811
vn -0.5000 0.6036 -0.6211
vn -0.8660 0.3316 -0.3743
vn -0.6428 0.5339 -0.5494
vn -0.1736 0.7371 -0.6530
vn -0.9397 0.2268 -0.2560
vn -0.7660 0.4480 -0.4610
vn -0.3420 0.7034 -0.6231
vn -0.9848 0.1152 -0.1300
vn -0.8660 0.3485 -0.3586
vn -0.1736 0.7624 -0.6234
vn -0.5000 0.6482 -0.5743
vn -0.9397 0.2384 -0.2453
vn -0.3420 0.7275 -0.5948
vn -0.6428 0.5734 -0.5080
vn -0.9848 0.1210 -0.1245
vn -0.5000 0.6704 -0.5482
vn -0.7660 0.4811 -0.4262
vn -0.6428 0.5930 -0.4849
vn -0.8660 0.3743 -0.3316
vn -0.1736 0.8105 -0.5594
vn -0.7660 0.4976 -0.4069
vn -0.9397 0.2560 -0.2268
vn -0.3420 0.7734 -0.5338
vn -0.8660 0.3871 -0.3165
vn -0.9848 0.1300 -0.1152
vn -0.1736 0.8285 -0.5324
vn -0.5000 0.7127 -0.4920
vn -0.9397 0.2648 -0.2165
vn -0.3420 0.7905 -0.5080
vn -0.6428 0.6304 -0.4352
vn -0.9848 0.1344 -0.1099
vn -0.5000 0.7285 -0.4682
vn -0.7660 0.5290 -0.3651
vn -0.6428 0.6444 -0.4142
vn -0.8660 0.4115 -0.2840
vn -0.7660 0.5407 -0.3475
vn -0.1736 0.8720 -0.4577
vn -0.9397 0.2815 -0.1943
vn -0.8660 0.4206 -0.2703
vn -0.3420 0.8321 -0.4367
vn -0.9848 0.1429 -0.0986
vn -0.9397 0.2877 -0.1849
vn -0.5000 0.7668 -0.4025
vn -0.9848 0.1461 -0.0939
vn -0.6428 0.6783 -0.3560
vn -0.7660 0.5692 -0.2987
vn -0.8660 0.4427 -0.2324
vn -0.1736 0.9208 -0.3492
vn -0.9397 0.3028 -0.1589
vn -0.3420 0.8786 -0.3332
vn -0.9848 0.1538 -0.0807
vn -0.5000 0.8097 -0.3071
vn -0.6428 0.7163 -0.2716
vn -0.7660 0.6010 -0.2279
vn -0.8660 0.4675 -0.1773
vn -0.1736 0.9562 -0.2357
vn -0.9397 0.3198 -0.1213
vn -0.3420 0.9124 -0.2249
vn -0.9848 0.1624 -0.0616
vn -0.5000 0.8409 -0.2073
vn -0.6428 0.7438 -0.1833
vn -0.7660 0.6241 -0.1538
vn -0.8660 0.4855 -0.1197
vn -0.1736 0.9776 -0.1187
vn -0.9397 0.3321 -0.0819
vn -0.3420 0.9328 -0.1133
vn -0.9848 0.1686 -0.0416
vn -0.5000 0.8597 -0.1044
vn -0.6428 0.7605 -0.0923
vn -0.7660 0.6381 -0.0775
vn -0.8660 0.4964 -0.0603
vn -0.9397 0.3395 -0.0412
vn -0.9848 0.1724 -0.0209
vn 0.1736 0.9848 -0.0000
vn 0.3420 0.9397 -0.0000
vn 0.5000 0.8660 -0.0000
vn 0.6428 0.7660 -0.0000
vn 0.7660 0.6428 -0.0000
vn 0.8660 0.5000 -0.0000
vn 0.9397 0.3420 -0.0000
vn 0.9848 0.1736 -0.0000
vn 1.0000 0.0000 -0.0000
vn 1.0000 0.0000 0.0000
vn 1.0000 0.0000 0.0000
vn 1.0000 0.0000 0.0000
vn 1.0000 0.0000 0.0000
vn 1.0000 0.0000 0.0000
vn 1.0000 0.0000 0.0000
vn 1.0000 0.0000 0.0000
vn 1.0000 0.0000 0.0000
vn 1.0000 0.0000 0.0000
vn 1.0000 0.0000 0.0000
vn 1.0000 0.0000 0.0000
vn 1.0000 0.0000 0.0000
vn 1.0000 0.0000 0.0000
vn 1.0000 -0.0000 0.0000
vn 1.0000 -0.0000 0.0000
vn 1.0000 -0.0000 0.0000
vn 1.0000 -0.0000 0.0000
vn 1.0000 -0.0000 0.0000
vn 1.0000 -0.0000 0.0000
vn 1.0000 -0.0000 0.0000
vn 1.0000 -0.0000 0.0000
vn 1.0000 -0.0000 0.0000
vn 1.0000 -0.0000 0.0000
vn 1.0000 -0.0000 0.0000
vn 1.0000 -0.0000 0.0000
vn 1.0000 -0.0000 0.0000
vn 1.0000 -0.0000 -0.0000
vn 1.0000 -0.0000 -0.0000
vn 1.0000 -0.0000 -0.0000
vn 1.0000 -0.0000 -0.0000
vn 1.0000 -0.0000 -0.0000
vn 1.0000 -0.0000 -0.0000
vn 1.0000 -0.0000 -0.0000
vn 1.0000 -0.0000 -0.0000
vn 1.0000 -0.0000 -0.0000
vn 1.0000 -0.0000 -0.0000
vn 1.0000 -0.0000 -0.0000
vn 1.0000 -0.0000 -0.0000
vn 1.0000 -0.0000 -0.0000
vn 1.0000 0.0000 -0.0000
vn 1.0000 0.0000 -0.0000
vn 1.0000 0.0000 -0.0000
vn 1.0000 0.0000 -0.0000
vn 1.0000 0.0000 -0.0000
vn 1.0000 0.0000 -0.0000
vn 1.0000 0.0000 -0.0000
vn 1.0000 0.0000 -0.0000
vn 1.0000 0.0000 -0.0000
vn 1.0000 0.0000 -0.0000
vn 1.0000 0.0000 -0.0000
vn 1.0000 0.0000 -0.0000
vn 0.1736 0.9784 0.1123
vn 0.3420 0.9336 0.1071
vn 0.5000 0.8604 0.0987
vn 0.6428 0.7611 0.0873
vn 0.7660 0.6386 0.0733
vn 0.8660 0.4967 0.0570
vn 0.1736 0.9592 0.2231
vn 0.9397 0.3398 0.0390
vn 0.3420 0.9153 0.2128
vn 0.9848 0.1725 0.0198
vn 0.5000 0.8435 0.1962
vn 0.6428 0.7461 0.1735
vn 0.7660 0.6261 0.1456
vn 0.8660 0.4870 0.1132
vn 0.1736 0.9275 0.3309
vn 0.9397 0.3331 0.0775
vn 0.3420 0.8850 0.3158
vn 0.9848 0.1691 0.0393
vn 0.5000 0.8157 0.2910
vn 0.6428 0.7215 0.2574
vn 0.7660 0.6054 0.2160
vn 0.8660 0.4709 0.1680
vn 0.1736 0.8838 0.4345
vn 0.9397 0.3221 0.1149
vn 0.3420 0.8433 0.4146
vn 0.9848 0.1635 0.0584
vn 0.5000 0.7772 0.3821
vn 0.6428 0.6874 0.3380
vn 0.7660 0.5768 0.2836
vn 0.8660 0.4487 0.2206
vn 0.1736 0.8285 0.5324
vn 0.9397 0.3069 0.1509
vn 0.3420 0.7905 0.5080
vn 0.9848 0.1558 0.0766
vn 0.1736 0.8105 0.5594
vn 0.5000 0.7285 0.4682
vn 0.3420 0.7734 0.5338
vn 0.6428 0.6444 0.4142
vn 0.5000 0.7127 0.4920
vn 0.7660 0.5407 0.3475
vn 0.6428 0.6304 0.4352
vn 0.8660 0.4206 0.2703
vn 0.1736 0.7624 0.6234
vn 0.7660 0.5290 0.3651
vn 0.9397 0.2877 0.1849
vn 0.3420 0.7275 0.5948
vn 0.8660 0.4115 0.2840
vn 0.9848 0.1461 0.0939
vn 0.1736 0.7371 0.6530
vn 0.5000 0.6704 0.5482
vn 0.9397 0.2815 0.1943
vn 0.3420 0.7034 0.6231
vn 0.6428 0.5930 0.4849
vn 0.9848 0.1429 0.0986
vn 0.5000 0.6482 0.5743
vn 0.7660 0.4976 0.4069
vn 0.6428 0.5734 0.5080
vn 0.8660 0.3871 0.3165
vn 0.1736 0.6863 0.7062
vn 0.7660 0.4811 0.4262
vn 0.9397 0.2648 0.2165
vn 0.3420 0.6549 0.6739
vn 0.8660 0.3743 0.3316
vn 0.9848 0.1344 0.1099
vn 0.5000 0.6036 0.6211
vn 0.1736 0.6530 0.7371
vn 0.9397 0.2560 0.2268
vn 0.6428 0.5339 0.5494
vn 0.3420 0.6231 0.7034
vn 0.9848 0.1300 0.1152
vn 0.7660 0.4480 0.4610
vn 0.5000 0.5743 0.6482
vn 0.8660 0.3485 0.3586
vn 0.6428 0.5080 0.5734
vn 0.1736 0.6014 0.7799
vn 0.9397 0.2384 0.2453
vn 0.7660 0.4262 0.4811
vn 0.3420 0.5738 0.7441
vn 0.9848 0.1210 0.1245
vn 0.8660 0.3316 0.3743
vn 0.5000 0.5288 0.6858
vn 0.1736 0.5594 0.8105
vn 0.9397 0.2268 0.2560
vn 0.6428 0.4678 0.6066
vn 0.3420 0.5338 0.7734
vn 0.9848 0.1152 0.1300
vn 0.7660 0.3925 0.5090
vn 0.5000 0.4920 0.7127
vn 0.8660 0.3053 0.3960
vn 0.6428 0.4352 0.6304
vn 0.1736 0.5086 0.8433
vn 0.9397 0.2089 0.2708
vn 0.7660 0.3651 0.5290
vn 0.3420 0.4853 0.8047
vn 0.9848 0.1060 0.1375
vn 0.8660 0.2840 0.4115
vn 0.5000 0.4472 0.7416
vn 0.1736 0.4577 0.8720
vn 0.9397 0.1943 0.2815
vn 0.6428 0.3956 0.6560
vn 0.3420 0.4367 0.8321
vn 0.9848 0.0986 0.1429
vn 0.7660 0.3319 0.5505
vn 0.5000 0.4025 0.7668
vn 0.8660 0.2582 0.4282
vn 0.1736 0.4091 0.8958
vn 0.6428 0.3560 0.6783
vn 0.9397 0.1766 0.2929
vn 0.3420 0.3904 0.8548
vn 0.7660 0.2987 0.5692
vn 0.9848 0.0897 0.1487
vn 0.5000 0.3598 0.7878
vn 0.8660 0.2324 0.4427
vn 0.6428 0.3182 0.6968
vn 0.1736 0.3492 0.9208
vn 0.9397 0.1589 0.3028
vn 0.7660 0.2670 0.5847
vn 0.3420 0.3332 0.8786
vn 0.9848 0.0807 0.1538
vn 0.8660 0.2077 0.4548
vn 0.5000 0.3071 0.8097
vn 0.1736 0.3043 0.9366
vn 0.9397 0.1421 0.3111
vn 0.6428 0.2716 0.7163
vn 0.3420 0.2904 0.8937
vn 0.9848 0.0721 0.1580
vn 0.7660 0.2279 0.6010
vn 0.5000 0.2676 0.8236
vn 0.8660 0.1773 0.4675
vn 0.6428 0.2367 0.7286
vn 0.1736 0.2357 0.9562
vn 0.9397 0.1213 0.3198
vn 0.7660 0.1986 0.6113
vn 0.3420 0.2249 0.9124
vn 0.9848 0.0616 0.1624
vn 0.8660 0.1545 0.4755
vn 0.5000 0.2073 0.8409
vn 0.1736 0.1956 0.9652
vn 0.9397 0.1057 0.3253
vn 0.6428 0.1833 0.7438
vn 0.3420 0.1866 0.9210
vn 0.9848 0.0537 0.1651
vn 0.7660 0.1538 0.6241
vn 0.5000 0.1720 0.8488
vn 0.8660 0.1197 0.4855
vn 0.6428 0.1521 0.7508
vn 0.1736 0.1187 0.9776
vn 0.9397 0.0819 0.3321
vn 0.7660 0.1277 0.6300
vn 0.3420 0.1133 0.9328
vn 0.9848 0.0416 0.1686
vn 0.8660 0.0993 0.4900
vn 0.1736 0.0843 0.9812
vn 0.5000 0.1044 0.8597
vn 0.9397 0.0679 0.3352
vn 0.3420 0.0804 0.9362
vn 0.6428 0.0923 0.7605
vn 0.9848 0.0345 0.1702
vn 0.5000 0.0741 0.8628
vn 0.7660 0.0775 0.6381
vn 0.6428 0.0656 0.7632
vn 0.8660 0.0603 0.4964
vn 0.7660 0.0550 0.6404
vn 0.1736 0.0000 0.9848
vn 0.9397 0.0412 0.3395
vn 0.8660 0.0428 0.4982
vn 0.3420 0.0000 0.9397
vn 0.9848 0.0209 0.1724
vn 0.9397 0.0293 0.3408
vn 0.5000 0.0000 0.8660
vn 0.9848 0.0149 0.1730
vn 0.6428 0.0000 0.7660
vn 0.7660 0.0000 0.6428
vn 0.8660 0.0000 0.5000
vn 0.1736 -0.1187 0.9776
vn 0.9397 0.0000 0.3420
vn 0.3420 -0.1133 0.9328
vn 0.9848 0.0000 0.1736
vn 0.5000 -0.1044 0.8597
vn 0.6428 -0.0923 0.7605
vn 0.7660 -0.0775 0.6381
vn 0.8660 -0.0603 0.4964
vn 0.1736 -0.2357 0.9562
vn 0.9397 -0.0412 0.3395
vn 0.3420 -0.2249 0.9124
vn 0.9848 -0.0209 0.1724
vn 0.5000 -0.2073 0.8409
vn 0.6428 -0.1833 0.7438
vn 0.7660 -0.1538 0.6241
vn 0.8660 -0.1197 0.4855
vn 0.1736 -0.3492 0.9208
vn 0.9397 -0.0819 0.3321
vn 0.3420 -0.3332 0.8786
vn 0.9848 -0.0416 0.1686
vn 0.5000 -0.3071 0.8097
vn 0.6428 -0.2716 0.7163
vn 0.7660 -0.2279 0.6010
vn 0.8660 -0.1773 0.4675
vn 0.1736 -0.4577 0.8720
vn 0.9397 -0.1213 0.3198
vn 0.3420 -0.4367 0.8321
vn 0.9848 -0.0616 0.1624
vn 0.5000 -0.4025 0.7668
vn 0.6428 -0.3560 0.6783
vn 0.7660 -0.2987 0.5692
vn 0.8660 -0.2324 0.4427
vn 0.1736 -0.5559 0.8129
vn 0.9397 -0.1589 0.3028
vn 0.3420 -0.5304 0.7757
vn 0.9848 -0.0807 0.1538
vn 0.5000 -0.4888 0.7149
vn 0.6428 -0.4324 0.6323
vn 0.7660 -0.3628 0.5306
vn 0.8660 -0.2822 0.4127
vn 0.1736 -0.6449 0.7443
vn 0.9397 -0.1931 0.2823
vn 0.3420 -0.6154 0.7102
vn 0.9848 -0.0980 0.1433
vn 0.5000 -0.5671 0.6545
vn 0.6428 -0.5017 0.5789
vn 0.7660 -0.4209 0.4858
vn 0.8660 -0.3274 0.3779
vn 0.1736 -0.7255 0.6659
vn 0.9397 -0.2240 0.2585
vn 0.3420 -0.6923 0.6354
vn 0.9848 -0.1137 0.1312
vn 0.5000 -0.6380 0.5856
vn 0.6428 -0.5644 0.5180
vn 0.7660 -0.4736 0.4346
vn 0.8660 -0.3684 0.3381
vn 0.1736 -0.7967 0.5789
vn 0.9397 -0.2520 0.2313
vn 0.3420 -0.7602 0.5523
vn 0.9848 -0.1279 0.1174
vn 0.5000 -0.7006 0.5090
vn 0.6428 -0.6197 0.4503
vn 0.7660 -0.5200 0.3778
vn 0.8660 -0.4045 0.2939
vn 0.1736 -0.8575 0.4843
vn 0.9397 -0.2767 0.2010
vn 0.3420 -0.8182 0.4621
vn 0.9848 -0.1405 0.1021
vn 0.1736 -0.8720 0.4577
vn 0.5000 -0.7541 0.4259
vn 0.3420 -0.8321 0.4367
vn 0.6428 -0.6670 0.3767
vn 0.5000 -0.7668 0.4025
vn 0.7660 -0.5597 0.3161
vn 0.6428 -0.6783 0.3560
vn 0.8660 -0.4354 0.2459
vn 0.7660 -0.5692 0.2987
vn 0.1736 -0.9071 0.3834
vn 0.9397 -0.2978 0.1682
vn 0.8660 -0.4427 0.2324
vn 0.3420 -0.8656 0.3658
vn 0.9848 -0.1512 0.0854
vn 0.1736 -0.9208 0.3492
vn 0.9397 -0.3028 0.1589
vn 0.5000 -0.7977 0.3371
vn 0.3420 -0.8786 0.3332
vn 0.9848 -0.1538 0.0807
vn 0.6428 -0.7056 0.2982
vn 0.5000 -0.8097 0.3071
vn 0.7660 -0.5921 0.2502
vn 0.6428 -0.7163 0.2716
vn 0.8660 -0.4606 0.1946
vn 0.1736 -0.9449 0.2775
vn 0.7660 -0.6010 0.2279
vn 0.9397 -0.3150 0.1331
vn 0.3420 -0.9016 0.2647
vn 0.8660 -0.4675 0.1773
vn 0.9848 -0.1600 0.0676
vn 0.5000 -0.8309 0.2440
vn 0.1736 -0.9562 0.2357
vn 0.9397 -0.3198 0.1213
vn 0.6428 -0.7350 0.2158
vn 0.3420 -0.9124 0.2249
vn 0.9848 -0.1624 0.0616
vn 0.7660 -0.6168 0.1811
vn 0.5000 -0.8409 0.2073
vn 0.8660 -0.4797 0.1409
vn 0.6428 -0.7438 0.1833
vn 0.1736 -0.9704 0.1679
vn 0.9397 -0.3282 0.0964
vn 0.7660 -0.6241 0.1538
vn 0.3420 -0.9259 0.1602
vn 0.9848 -0.1666 0.0489
vn 0.8660 -0.4855 0.1197
vn 0.5000 -0.8533 0.1477
vn 0.1736 -0.9776 0.1187
vn 0.9397 -0.3321 0.0819
vn 0.6428 -0.7548 0.1306
vn 0.3420 -0.9328 0.1133
vn 0.9848 -0.1686 0.0416
vn 0.7660 -0.6334 0.1096
vn 0.5000 -0.8597 0.1044
vn 0.8660 -0.4927 0.0853
vn 0.6428 -0.7605 0.0923
vn 0.1736 -0.9832 0.0562
vn 0.9397 -0.3370 0.0583
vn 0.7660 -0.6381 0.0775
vn 0.3420 -0.9382 0.0536
vn 0.9848 -0.1711 0.0296
vn 0.8660 -0.4964 0.0603
vn 0.5000 -0.8646 0.0494
vn 0.1736 -0.9848 0.0000
vn 0.9397 -0.3395 0.0412
vn 0.6428 -0.7648 0.0437
vn 0.3420 -0.9397 0.0000
vn 0.9848 -0.1724 0.0209
vn 0.7660 -0.6417 0.0367
vn 0.5000 -0.8660 0.0000
vn 0.8660 -0.4992 0.0285
vn 0.1736 -0.9832 -0.0562
vn 0.6428 -0.7660 0.0000
vn 0.9397 -0.3415 0.0195
vn 0.3420 -0.9382 -0.0536
vn 0.7660 -0.6428 0.0000
vn 0.9848 -0.1734 0.0099
vn 0.5000 -0.8646 -0.0494
vn 0.8660 -0.5000 0.0000
vn 0.6428 -0.7648 -0.0437
vn 0.1736 -0.9776 -0.1187
vn 0.9397 -0.3420 0.0000
vn 0.7660 -0.6417 -0.0367
vn 0.3420 -0.9328 -0.1133
vn 0.9848 -0.1736 0.0000
vn 0.8660 -0.4992 -0.0285
vn 0.5000 -0.8597 -0.1044
vn 0.1736 -0.9704 -0.1679
vn 0.9397 -0.3415 -0.0195
vn 0.6428 -0.7605 -0.0923
vn 0.3420 -0.9259 -0.1602
vn 0.9848 -0.1734 -0.0099
vn 0.7660 -0.6381 -0.0775
vn 0.5000 -0.8533 -0.1477
vn 0.8660 -0.4964 -0.0603
vn 0.6428 -0.7548 -0.1306
vn 0.1736 -0.9562 -0.2357
vn 0.9397 -0.3395 -0.0412
vn 0.7660 -0.6334 -0.1096
vn 0.3420 -0.9124 -0.2249
vn 0.9848 -0.1724 -0.0209
vn 0.8660 -0.4927 -0.0853
vn 0.5000 -0.8409 -0.2073
vn 0.1736 -0.9449 -0.2775
vn 0.9397 -0.3370 -0.0583
vn 0.6428 -0.7438 -0.1833
vn 0.3420 -0.9016 -0.2647
vn 0.9848 -0.1711 -0.0296
vn 0.7660 -0.6241 -0.1538
vn 0.5000 -0.8309 -0.2440
vn 0.8660 -0.4855 -0.1197
vn 0.6428 -0.7350 -0.2158
vn 0.1736 -0.9208 -0.3492
vn 0.9397 -0.3321 -0.0819
vn 0.7660 -0.6168 -0.1811
vn 0.3420 -0.8786 -0.3332
vn 0.9848 -0.1686 -0.0416
vn 0.8660 -0.4797 -0.1409
vn 0.1736 -0.9071 -0.3834
vn 0.5000 -0.8097 -0.3071
vn 0.9397 -0.3282 -0.0964
vn 0.3420 -0.8656 -0.3658
vn 0.6428 -0.7163 -0.2716
vn 0.9848 -0.1666 -0.0489
vn 0.5000 -0.7977 -0.3371
vn 0.7660 -0.6010 -0.2279
vn 0.6428 -0.7056 -0.2982
vn 0.8660 -0.4675 -0.1773
vn 0.7660 -0.5921 -0.2502
vn 0.1736 -0.8720 -0.4577
vn 0.9397 -0.3198 -0.1213
vn 0.8660 -0.4606 -0.1946
vn 0.3420 -0.8321 -0.4367
vn 0.9848 -0.1624 -0.0616
vn 0.1736 -0.8575 -0.4843
vn 0.9397 -0.3150 -0.1331
vn 0.5000 -0.7668 -0.4025
vn 0.3420 -0.8182 -0.4621
vn 0.9848 -0.1600 -0.0676
vn 0.6428 -0.6783 -0.3560
vn 0.5000 -0.7541 -0.4259
vn 0.7660 -0.5692 -0.2987
vn 0.6428 -0.6670 -0.3767
vn 0.8660 -0.4427 -0.2324
vn 0.7660 -0.5597 -0.3161
vn 0.1736 -0.8105 -0.5594
vn 0.9397 -0.3028 -0.1589
vn 0.8660 -0.4354 -0.2459
vn 0.3420 -0.7734 -0.5338
vn 0.9848 -0.1538 -0.0807
vn 0.9397 -0.2978 -0.1682
vn 0.5000 -0.7127 -0.4920
vn 0.9848 -0.1512 -0.0854
vn 0.6428 -0.6304 -0.4352
vn 0.7660 -0.5290 -0.3651
vn 0.8660 -0.4115 -0.2840
vn 0.1736 -0.7371 -0.6530
vn 0.9397 -0.2815 -0.1943
vn 0.3420 -0.7034 -0.6231
vn 0.9848 -0.1429 -0.0986
vn 0.5000 -0.6482 -0.5743
vn 0.6428 -0.5734 -0.5080
vn 0.7660 -0.4811 -0.4262
vn 0.8660 -0.3743 -0.3316
vn 0.1736 -0.6530 -0.7371
vn 0.9397 -0.2560 -0.2268
vn 0.3420 -0.6231 -0.7034
vn 0.9848 -0.1300 -0.1152
vn 0.5000 -0.5743 -0.6482
vn 0.6428 -0.5080 -0.5734
vn 0.7660 -0.4262 -0.4811
vn 0.8660 -0.3316 -0.3743
vn 0.1736 -0.5594 -0.8105
vn 0.9397 -0.2268 -0.2560
vn 0.3420 -0.5338 -0.7734
vn 0.9848 -0.1152 -0.1300
vn 0.5000 -0.4920 -0.7127
vn 0.6428 -0.4352 -0.6304
vn 0.7660 -0.3651 -0.5290
vn 0.8660 -0.2840 -0.4115
vn 0.1736 -0.4596 -0.8710
vn 0.9397 -0.1943 -0.2815
vn 0.3420 -0.4385 -0.8311
vn 0.9848 -0.0986 -0.1429
vn 0.5000 -0.4041 -0.7659
vn 0.6428 -0.3575 -0.6775
vn 0.7660 -0.3000 -0.5685
vn 0.8660 -0.2333 -0.4422
vn 0.1736 -0.3573 -0.9177
vn 0.9397 -0.1596 -0.3025
vn 0.3420 -0.3409 -0.8757
vn 0.9848 -0.0810 -0.1536
vn 0.5000 -0.3142 -0.8070
vn 0.6428 -0.2779 -0.7138
vn 0.7660 -0.2332 -0.5990
vn 0.8660 -0.1814 -0.4659
vn 0.1736 -0.2504 -0.9525
vn 0.9397 -0.1241 -0.3187
vn 0.3420 -0.2389 -0.9088
vn 0.9848 -0.0630 -0.1618
vn 0.5000 -0.2202 -0.8376
vn 0.6428 -0.1947 -0.7409
vn 0.7660 -0.1634 -0.6217
vn 0.8660 -0.1271 -0.4836
vn 0.1736 -0.1402 -0.9748
vn 0.9397 -0.0869 -0.3308
vn 0.3420 -0.1337 -0.9301
vn 0.9848 -0.0441 -0.1679
vn 0.5000 -0.1232 -0.8572
vn 0.6428 -0.1090 -0.7582
vn 0.7660 -0.0915 -0.6362
vn 0.8660 -0.0712 -0.4949
vn 0.1736 -0.0281 -0.9844
vn 0.9397 -0.0487 -0.3385
vn 0.3420 -0.0268 -0.9393
vn 0.9848 -0.0247 -0.1719
vn 0.5000 -0.0247 -0.8657
vn 0.6428 -0.0219 -0.7657
vn 0.7660 -0.0184 -0.6425
vn 0.8660 -0.0143 -0.4998
vn 0.1736 0.0843 -0.9812
vn 0.9397 -0.0098 -0.3419
vn 0.3420 0.0804 -0.9362
vn 0.9848 -0.0050 -0.1736
vn 0.1736 0.1187 -0.9776
vn 0.5000 0.0741 -0.8628
vn 0.3420 0.1133 -0.9328
vn 0.6428 0.0656 -0.7632
vn 0.5000 0.1044 -0.8597
vn 0.7660 0.0550 -0.6404
vn 0.6428 0.0923 -0.7605
vn 0.8660 0.0428 -0.4982
vn 0.1736 0.1956 -0.9652
vn 0.7660 0.0775 -0.6381
vn 0.9397 0.0293 -0.3408
vn 0.3420 0.1866 -0.9210
vn 0.8660 0.0603 -0.4964
vn 0.9848 0.0149 -0.1730
vn 0.5000 0.1720 -0.8488
vn 0.1736 0.2357 -0.9562
vn 0.9397 0.0412 -0.3395
vn 0.6428 0.1521 -0.7508
vn 0.3420 0.2249 -0.9124
vn 0.9848 0.0209 -0.1724
vn 0.7660 0.1277 -0.6300
vn 0.5000 0.2073 -0.8409
vn 0.8660 0.0993 -0.4900
vn 0.6428 0.1833 -0.7438
vn 0.1736 0.3043 -0.9366
vn 0.9397 0.0679 -0.3352
vn 0.7660 0.1538 -0.6241
vn 0.3420 0.2904 -0.8937
vn 0.9848 0.0345 -0.1702
vn 0.8660 0.1197 -0.4855
vn 0.5000 0.2676 -0.8236
vn 0.1736 0.3492 -0.9208
vn 0.9397 0.0819 -0.3321
vn 0.6428 0.2367 -0.7286
vn 0.3420 0.3332 -0.8786
vn 0.9848 0.0416 -0.1686
vn 0.7660 0.1986 -0.6113
vn 0.5000 0.3071 -0.8097
vn 0.8660 0.1545 -0.4755
vn 0.6428 0.2716 -0.7163
vn 0.1736 0.4091 -0.8958
vn 0.9397 0.1057 -0.3253
vn 0.7660 0.2279 -0.6010
vn 0.3420 0.3904 -0.8548
vn 0.9848 0.0537 -0.1651
vn 0.8660 0.1773 -0.4675
vn 0.5000 0.3598 -0.7878
vn 0.1736 0.4577 -0.8720
vn 0.9397 0.1213 -0.3198
vn 0.6428 0.3182 -0.6968
vn 0.3420 0.4367 -0.8321
vn 0.9848 0.0616 -0.1624
vn 0.7660 0.2670 -0.5847
vn 0.5000 0.4025 -0.7668
vn 0.8660 0.2077 -0.4548
vn 0.1736 0.5086 -0.8433
vn 0.6428 0.3560 -0.6783
vn 0.9397 0.1421 -0.3111
vn 0.3420 0.4853 -0.8047
vn 0.7660 0.2987 -0.5692
vn 0.9848 0.0721 -0.1580
vn 0.5000 0.4472 -0.7416
vn 0.8660 0.2324 -0.4427
vn 0.6428 0.3956 -0.6560
vn 0.1736 0.5594 -0.8105
vn 0.9397 0.1589 -0.3028
vn 0.7660 0.3319 -0.5505
vn 0.3420 0.5338 -0.7734
vn 0.9848 0.0807 -0.1538
vn 0.8660 0.2582 -0.4282
vn 0.5000 0.4920 -0.7127
vn 0.1736 0.6014 -0.7799
vn 0.9397 0.1766 -0.2929
vn 0.6428 0.4352 -0.6304
vn 0.3420 0.5738 -0.7441
vn 0.9848 0.0897 -0.1487
vn 0.7660 0.3651 -0.5290
vn 0.5000 0.5288 -0.6858
vn 0.8660 0.2840 -0.4115
vn 0.6428 0.4678 -0.6066
vn 0.1736 0.6530 -0.7371
vn 0.9397 0.1943 -0.2815
vn 0.7660 0.3925 -0.5090
vn 0.3420 0.6231 -0.7034
vn 0.9848 0.0986 -0.1429
vn 0.8660 0.3053 -0.3960
vn 0.5000 0.5743 -0.6482
vn 0.1736 0.6863 -0.7062
vn 0.9397 0.2089 -0.2708
vn 0.6428 0.5080 -0.5734
vn 0.3420 0.6549 -0.6739
vn 0.9848 0.1060 -0.1375
vn 0.7660 0.4262 -0.4811
vn 0.5000 0.6036 -0.6211
vn 0.8660 0.3316 -0.3743
vn 0.6428 0.5339 -0.5494
vn 0.1736 0.7371 -0.6530
vn 0.9397 0.2268 -0.2560
vn 0.7660 0.4480 -0.4610
vn 0.3420 0.7034 -0.6231
vn 0.9848 0.1152 -0.1300
vn 0.8660 0.3485 -0.3586
vn 0.1736 0.7624 -0.6234
vn 0.5000 0.6482 -0.5743
vn 0.9397 0.2384 -0.2453
vn 0.3420 0.7275 -0.5948
vn 0.6428 0.5734 -0.5080
vn 0.9848 0.1210 -0.1245
vn 0.5000 0.6704 -0.5482
vn 0.7660 0.4811 -0.4262
vn 0.6428 0.5930 -0.4849
vn 0.8660 0.3743 -0.3316
vn 0.1736 0.8105 -0.5594
vn 0.7660 0.4976 -0.4069
vn 0.9397 0.2560 -0.2268
vn 0.3420 0.7734 -0.5338
vn 0.8660 0.3871 -0.3165
vn 0.9848 0.1300 -0.1152
vn 0.1736 0.8285 -0.5324
vn 0.5000 0.7127 -0.4920
vn 0.9397 0.2648 -0.2165
vn 0.3420 0.7905 -0.5080
vn 0.6428 0.6304 -0.4352
vn 0.9848 0.1344 -0.1099
vn 0.5000 0.7285 -0.4682
vn 0.7660 0.5290 -0.3651
vn 0.6428 0.6444 -0.4142
vn 0.8660 0.4115 -0.2840
vn 0.7660 0.5407 -0.3475
vn 0.1736 0.8720 -0.4577
vn 0.9397 0.2815 -0.1943
vn 0.8660 0.4206 -0.2703
vn 0.3420 0.8321 -0.4367
vn 0.9848 0.1429 -0.0986
vn 0.9397 0.2877 -0.1849
vn 0.5000 0.7668 -0.4025
vn 0.9848 0.1461 -0.0939
vn 0.6428 0.6783 -0.3560
vn 0.7660 0.5692 -0.2987
vn 0.8660 0.4427 -0.2324
vn 0.1736 0.9208 -0.3492
vn 0.9397 0.3028 -0.1589
vn 0.3420 0.8786 -0.3332
vn 0.9848 0.1538 -0.0807
vn 0.5000 0.8097 -0.3071
vn 0.6428 0.7163 -0.2716
vn 0.7660 0.6010 -0.2279
vn 0.8660 0.4675 -0.1773
vn 0.1736 0.9562 -0.2357
vn 0.9397 0.3198 -0.1213
vn 0.3420 0.9124 -0.2249
vn 0.9848 0.1624 -0.0616
vn 0.5000 0.8409 -0.2073
vn 0.6428 0.7438 -0.1833
vn 0.7660 0.6241 -0.1538
vn 0.8660 0.4855 -0.1197
vn 0.1736 0.9776 -0.1187
vn 0.9397 0.3321 -0.0819
vn 0.3420 0.9328 -0.1133
vn 0.9848 0.1686 -0.0416
vn 0.5000 0.8597 -0.1044
vn 0.6428 0.7605 -0.0923
vn 0.7660 0.6381 -0.0775
vn 0.8660 0.4964 -0.0603
vn 0.9397 0.3395 -0.0412
vn 0.9848 0.1724 -0.0209
f 3366//3366 3365//3365 3421//3421
f 3367//3367 3366//3366 3421//3421
f 3367//3367 3421//3421 3422//3422
f 3368//3368 3367//3367 3422//3422
f 3369//3369 3368//3368 3422//3422
f 3369//3369 3422//3422 3423//3423
f 3370//3370 3369//3369 3423//3423
f 3370//3370 3423//3423 3424//3424
f 3370//3370 3424//3424 3425//3425
f 3371//3371 3370//3370 3425//3425
f 3372//3372 3371//3371 3425//3425
f 3372//3372 3425//3425 3426//3426
f 3372//3372 3426//3426 3427//3427
f 3373//3373 3372//3372 3427//3427
f 3374//3374 3373//3373 3427//3427
f 3374//3374 3427//3427 3428//3428
f 3374//3374 3428//3428 3429//3429
f 3375//3375 3374//3374 3429//3429
f 3376//3376 3375//3375 3429//3429
f 3376//3376 3429//3429 3430//3430
f 3377//3377 3376//3376 3430//3430
f 3377//3377 3430//3430 3431//3431
f 3378//3378 3377//3377 3431//3431
f 3378//3378 3431//3431 3432//3432
f 3379//3379 3378//3378 3432//3432
f 3379//3379 3432//3432 3433//3433
f 3379//3379 3433//3433 3434//3434
f 3380//3380 3379//3379 3434//3434
f 3381//3381 3434//3434 3435//3435
f 3381//3381 3380//3380 3434//3434
f 3382//3382 3435//3435 3436//3436
f 3382//3382 3381//3381 3435//3435
f 3383//3383 3436//3436 3437//3437
f 3383//3383 3382//3382 3436//3436
f 3384//3384 3437//3437 3438//3438
f 3384//3384 3383//3383 3437//3437
f 3385//3385 3438//3438 3439//3439
f 3385//3385 3439//3439 3440//3440
f 3385//3385 3384//3384 3438//3438
f 3386//3386 3385//3385 3440//3440
f 3387//3387 3440//3440 3441//3441
f 3387//3387 3386//3386 3440//3440
f 3388//3388 3387//3387 3441//3441
f 3388//3388 3441//3441 3442//3442
f 3389//3389 3388//3388 3442//3442
f 3389//3389 3442//3442 3443//3443
f 3390//3390 3389//3389 3443//3443
f 3390//3390 3443//3443 3444//3444
f 3391//3391 3390//3390 3444//3444
f 3391//3391 3444//3444 3445//3445
f 3391//3391 3445//3445 3446//3446
f 3392//3392 3391//3391 3446//3446
f 3393//3393 3392//3392 3446//3446
f 3393//3393 3446//3446 3447//3447
f 3394//3394 3393//3393 3447//3447
f 3394//3394 3447//3447 3448//3448
f 3395//3395 3394//3394 3448//3448
f 3395//3395 3448//3448 3449//3449
f 3396//3396 3395//3395 3449//3449
f 3396//3396 3449//3449 3450//3450
f 3397//3397 3396//3396 3450//3450
f 3397//3397 3450//3450 3451//3451
f 3397//3397 3451//3451 3452//3452
f 3398//3398 3397//3397 3452//3452
f 3399//3399 3398//3398 3452//3452
f 3399//3399 3452//3452 3453//3453
f 3400//3400 3399//3399 3453//3453
f 3400//3400 3453//3453 3454//3454
f 3401//3401 3400//3400 3454//3454
f 3401//3401 3454//3454 3455//3455
f 3402//3402 3401//3401 3455//3455
f 3402//3402 3455//3455 3456//3456
f 3403//3403 3402//3402 3456//3456
f 3403//3403 3456//3456 3457//3457
f 3403//3403 3457//3457 3458//3458
f 3404//3404 3403//3403 3458//3458
f 3405//3405 3404//3404 3458//3458
f 3405//3405 3458//3458 3459//3459
f 3405//3405 3459//3459 3460//3460
f 3406//3406 3405//3405 3460//3460
f 3407//3407 3406//3406 3460//3460
f 3407//3407 3460//3460 3461//3461
f 3408//3408 3407//3407 3461//3461
f 3408//3408 3461//3461 3462//3462
f 3409//3409 3408//3408 3462//3462
f 3409//3409 3462//3462 3463//3463
f 3410//3410 3463//3463 3464//3464
f 3410//3410 3409//3409 3463//3463
f 3411//3411 3464//3464 3465//3465
f 3411//3411 3410//3410 3464//3464
f 3412//3412 3465//3465 3466//3466
f 3412//3412 3411//3411 3465//3465
f 3413//3413 3412//3412 3466//3466
f 3413//3413 3466//3466 3467//3467
f 3414//3414 3413//3413 3467//3467
f 3414//3414 3467//3467 3468//3468
f 3415//3415 3468//3468 3469//3469
f 3415//3415 3414//3414 3468//3468
f 3416//3416 3469//3469 3470//3470
f 3416//3416 3415//3415 3469//3469
f 3417//3417 3470//3470 3471//3471
f 3417//3417 3471//3471 3472//3472
f 3417//3417 3416//3416 3470//3470
f 3418//3418 3417//3417 3472//3472
f 3418//3418 3472//3472 3473//3473
f 3419//3419 3418//3418 3473//3473
f 3420//3420 3473//3473 3474//3474
f 3420//3420 3419//3419 3473//3473
f 3366//3366 3474//3474 3365//3365
f 3366//3366 3420//3420 3474//3474
f 3475//3475 3365//3365 3474//3474
f 3483//3483 3482//3482 3534//3534
f 3535//3535 3365//3365 3475//3475
f 3535//3535 3421//3421 3365//3365
f 3536//3536 3475//3475 3476//3476
f 3536//3536 3535//3535 3475//3475
f 3537//3537 3476//3476 3477//3477
f 3537//3537 3536//3536 3476//3476
f 3538//3538 3477//3477 3478//3478
f 3538//3538 3537//3537 3477//3477
f 3539//3539 3478//3478 3479//3479
f 3539//3539 3538//3538 3478//3478
f 3540//3540 3479//3479 3480//3480
f 3540//3540 3539//3539 3479//3479
f 3541//3541 3422//3422 3421//3421
f 3541//3541 3421//3421 3535//3535
f 3542//3542 3480//3480 3481//3481
f 3542//3542 3540//3540 3480//3480
f 3543//3543 3541//3541 3535//3535
f 3543//3543 3535//3535 3536//3536
f 3544//3544 3481//3481 3482//3482
f 3544//3544 3482//3482 3483//3483
f 3544//3544 3542//3542 3481//3481
f 3544//3544 3483//3483 3484//3484
f 3545//3545 3536//3536 3537//3537
f 3545//3545 3543//3543 3536//3536
f 3546//3546 3537//3537 3538//3538
f 3546//3546 3545//3545 3537//3537
f 3547//3547 3546//3546 3538//3538
f 3547//3547 3538//3538 3539//3539
f 3548//3548 3539//3539 3540//3540
f 3548//3548 3547//3547 3539//3539
f 3549//3549 3423//3423 3422//3422
f 3549//3549 3422//3422 3541//3541
f 3550//3550 3548//3548 3540//3540
f 3550//3550 3540//3540 3542//3542
f 3551//3551 3549//3549 3541//3541
f 3551//3551 3541//3541 3543//3543
f 3552//3552 3550//3550 3542//3542
f 3552//3552 3484//3484 3485//3485
f 3552//3552 3485//3485 3550//3550
f 3552//3552 3542//3542 3544//3544
f 3552//3552 3544//3544 3484//3484
f 3553//3553 3551//3551 3543//3543
f 3553//3553 3543//3543 3545//3545
f 3554//3554 3545//3545 3546//3546
f 3554//3554 3553//3553 3545//3545
f 3555//3555 3554//3554 3546//3546
f 3555//3555 3546//3546 3547//3547
f 3556//3556 3555//3555 3547//3547
f 3556//3556 3547//3547 3548//3548
f 3557//3557 3424//3424 3423//3423
f 3557//3557 3423//3423 3549//3549
f 3558//3558 3556//3556 3548//3548
f 3558//3558 3548//3548 3550//3550
f 3558//3558 3550//3550 3485//3485
f 3559//3559 3557//3557 3549//3549
f 3559//3559 3549//3549 3551//3551
f 3560//3560 3486//3486 3558//3558
f 3560//3560 3558//3558 3485//3485
f 3560//3560 3485//3485 3486//3486
f 3561//3561 3551//3551 3553//3553
f 3561//3561 3559//3559 3551//3551
f 3562//3562 3561//3561 3553//3553
f 3562//3562 3553//3553 3554//3554
f 3563//3563 3562//3562 3554//3554
f 3563//3563 3554//3554 3555//3555
f 3563//3563 3555//3555 3556//3556
f 3564//3564 3563//3563 3556//3556
f 3565//3565 3425//3425 3424//3424
f 3565//3565 3557//3557 3559//3559
f 3565//3565 3424//3424 3557//3557
f 3566//3566 3556//3556 3558//3558
f 3566//3566 3558//3558 3486//3486
f 3566//3566 3564//3564 3556//3556
f 3567//3567 3565//3565 3559//3559
f 3568//3568 3487//3487 3566//3566
f 3568//3568 3486//3486 3487//3487
f 3568//3568 3566//3566 3486//3486
f 3569//3569 3425//3425 3565//3565
f 3569//3569 3426//3426 3425//3425
f 3570//3570 3559//3559 3561//3561
f 3570//3570 3567//3567 3559//3559
f 3571//3571 3565//3565 3567//3567
f 3571//3571 3569//3569 3565//3565
f 3572//3572 3570//3570 3561//3561
f 3572//3572 3561//3561 3562//3562
f 3573//3573 3567//3567 3570//3570
f 3573//3573 3571//3571 3567//3567
f 3574//3574 3562//3562 3563//3563
f 3574//3574 3572//3572 3562//3562
f 3575//3575 3570//3570 3572//3572
f 3575//3575 3573//3573 3570//3570
f 3576//3576 3563//3563 3564//3564
f 3576//3576 3574//3574 3563//3563
f 3577//3577 3426//3426 3569//3569
f 3577//3577 3569//3569 3571//3571
f 3578//3578 3575//3575 3572//3572
f 3578//3578 3572//3572 3574//3574
f 3579//3579 3564//3564 3566//3566
f 3579//3579 3576//3576 3564//3564
f 3579//3579 3566//3566 3487//3487
f 3580//3580 3577//3577 3571//3571
f 3581//3581 3578//3578 3574//3574
f 3581//3581 3574//3574 3576//3576
f 3582//3582 3579//3579 3487//3487
f 3582//3582 3487//3487 3488//3488
f 3583//3583 3427//3427 3426//3426
f 3583//3583 3426//3426 3577//3577
f 3584//3584 3571//3571 3573//3573
f 3584//3584 3580//3580 3571//3571
f 3585//3585 3576//3576 3579//3579
f 3585//3585 3581//3581 3576//3576
f 3586//3586 3577//3577 3580//3580
f 3586//3586 3583//3583 3577//3577
f 3587//3587 3573//3573 3575//3575
f 3587//3587 3584//3584 3573//3573
f 3588//3588 3579//3579 3582//3582
f 3588//3588 3585//3585 3579//3579
f 3588//3588 3582//3582 3488//3488
f 3589//3589 3584//3584 3587//3587
f 3589//3589 3580//3580 3584//3584
f 3589//3589 3586//3586 3580//3580
f 3590//3590 3575//3575 3578//3578
f 3590//3590 3587//3587 3575//3575
f 3591//3591 3587//3587 3590//3590
f 3591//3591 3589//3589 3587//3587
f 3592//3592 3578//3578 3581//3581
f 3592//3592 3590//3590 3578//3578
f 3593//3593 3427//3427 3583//3583
f 3594//3594 3590//3590 3592//3592
f 3594//3594 3591//3591 3590//3590
f 3595//3595 3581//3581 3585//3585
f 3595//3595 3592//3592 3581//3581
f 3596//3596 3586//3586 3589//3589
f 3596//3596 3593//3593 3583//3583
f 3596//3596 3583//3583 3586//3586
f 3597//3597 3594//3594 3592//3592
f 3598//3598 3585//3585 3588//3588
f 3598//3598 3595//3595 3585//3585
f 3598//3598 3488//3488 3489//3489
f 3598//3598 3588//3588 3488//3488
f 3599//3599 3596//3596 3589//3589
f 3600//3600 3428//3428 3427//3427
f 3600//3600 3427//3427 3593//3593
f 3601//3601 3592//3592 3595//3595
f 3601//3601 3595//3595 3598//3598
f 3601//3601 3597//3597 3592//3592
f 3602//3602 3589//3589 3591//3591
f 3602//3602 3591//3591 3594//3594
f 3602//3602 3599//3599 3589//3589
f 3603//3603 3600//3600 3593//3593
f 3603//3603 3593//3593 3596//3596
f 3604//3604 3598//3598 3489//3489
f 3604//3604 3601//3601 3598//3598
f 3605//3605 3602//3602 3594//3594
f 3606//3606 3596//3596 3599//3599
f 3606//3606 3603//3603 3596//3596
f 3607//3607 3594//3594 3597//3597
f 3607//3607 3605//3605 3594//3594
f 3607//3607 3597//3597 3601//3601
f 3608//3608 3599//3599 3602//3602
f 3608//3608 3606//3606 3599//3599
f 3609//3609 3428//3428 3600//3600
f 3610//3610 3607//3607 3601//3601
f 3611//3611 3602//3602 3605//3605
f 3611//3611 3608//3608 3602//3602
f 3612//3612 3600//3600 3603//3603
f 3612//3612 3603//3603 3606//3606
f 3612//3612 3609//3609 3600//3600
f 3613//3613 3604//3604 3489//3489
f 3613//3613 3601//3601 3604//3604
f 3613//3613 3610//3610 3601//3601
f 3613//3613 3489//3489 3490//3490
f 3614//3614 3605//3605 3607//3607
f 3614//3614 3611//3611 3605//3605
f 3615//3615 3612//3612 3606//3606
f 3616//3616 3429//3429 3428//3428
f 3616//3616 3428//3428 3609//3609
f 3617//3617 3607//3607 3610//3610
f 3617//3617 3614//3614 3607//3607
f 3617//3617 3610//3610 3613//3613
f 3618//3618 3615//3615 3606//3606
f 3618//3618 3606//3606 3608//3608
f 3618//3618 3608//3608 3611//3611
f 3619//3619 3616//3616 3609//3609
f 3619//3619 3609//3609 3612//3612
f 3620//3620 3613//3613 3490//3490
f 3620//3620 3617//3617 3613//3613
f 3621//3621 3618//3618 3611//3611
f 3622//3622 3612//3612 3615//3615
f 3622//3622 3619//3619 3612//3612
f 3623//3623 3611//3611 3614//3614
f 3623//3623 3621//3621 3611//3611
f 3624//3624 3618//3618 3621//3621
f 3624//3624 3622//3622 3615//3615
f 3624//3624 3615//3615 3618//3618
f 3625//3625 3429//3429 3616//3616
f 3625//3625 3616//3616 3619//3619
f 3626//3626 3617//3617 3620//3620
f 3626//3626 3614//3614 3617//3617
f 3626//3626 3623//3623 3614//3614
f 3627//3627 3624//3624 3621//3621
f 3628//3628 3619//3619 3622//3622
f 3628//3628 3625//3625 3619//3619
f 3629//3629 3626//3626 3620//3620
f 3629//3629 3490//3490 3491//3491
f 3629//3629 3620//3620 3490//3490
f 3630//3630 3627//3627 3621//3621
f 3630//3630 3621//3621 3623//3623
f 3631//3631 3628//3628 3622//3622
f 3632//3632 3429//3429 3625//3625
f 3632//3632 3430//3430 3429//3429
f 3633//3633 3623//3623 3626//3626
f 3633//3633 3630//3630 3623//3623
f 3634//3634 3622//3622 3624//3624
f 3634//3634 3631//3631 3622//3622
f 3635//3635 3625//3625 3628//3628
f 3635//3635 3632//3632 3625//3625
f 3635//3635 3628//3628 3631//3631
f 3636//3636 3626//3626 3629//3629
f 3636//3636 3629//3629 3491//3491
f 3636//3636 3633//3633 3626//3626
f 3637//3637 3634//3634 3624//3624
f 3637//3637 3624//3624 3627//3627
f 3637//3637 3627//3627 3630//3630
f 3638//3638 3631//3631 3634//3634
f 3638//3638 3635//3635 3631//3631
f 3639//3639 3637//3637 3630//3630
f 3640//3640 3430//3430 3632//3632
f 3641//3641 3638//3638 3634//3634
f 3642//3642 3630//3630 3633//3633
f 3642//3642 3633//3633 3636//3636
f 3642//3642 3639//3639 3630//3630
f 3643//3643 3632//3632 3635//3635
f 3643//3643 3640//3640 3632//3632
f 3644//3644 3634//3634 3637//3637
f 3644//3644 3641//3641 3634//3634
f 3645//3645 3636//3636 3491//3491
f 3645//3645 3642//3642 3636//3636
f 3645//3645 3491//3491 3492//3492
f 3646//3646 3635//3635 3638//3638
f 3646//3646 3643//3643 3635//3635
f 3647//3647 3637//3637 3639//3639
f 3647//3647 3644//3644 3637//3637
f 3648//3648 3638//3638 3641//3641
f 3648//3648 3646//3646 3638//3638
f 3649//3649 3431//3431 3430//3430
f 3649//3649 3430//3430 3640//3640
f 3650//3650 3639//3639 3642//3642
f 3650//3650 3647//3647 3639//3639
f 3650//3650 3642//3642 3645//3645
f 3651//3651 3648//3648 3641//3641
f 3651//3651 3641//3641 3644//3644
f 3651//3651 3644//3644 3647//3647
f 3652//3652 3640//3640 3643//3643
f 3652//3652 3649//3649 3640//3640
f 3652//3652 3643//3643 3646//3646
f 3653//3653 3645//3645 3492//3492
f 3653//3653 3650//3650 3645//3645
f 3654//3654 3651//3651 3647//3647
f 3654//3654 3647//3647 3650//3650
f 3655//3655 3652//3652 3646//3646
f 3656//3656 3431//3431 3649//3649
f 3656//3656 3649//3649 3652//3652
f 3657//3657 3654//3654 3650//3650
f 3658//3658 3646//3646 3648//3648
f 3658//3658 3655//3655 3646//3646
f 3659//3659 3656//3656 3652//3652
f 3660//3660 3657//3657 3650//3650
f 3660//3660 3492//3492 3493//3493
f 3660//3660 3650//3650 3653//3653
f 3660//3660 3653//3653 3492//3492
f 3661//3661 3648//3648 3651//3651
f 3661//3661 3658//3658 3648//3648
f 3662//3662 3652//3652 3655//3655
f 3662//3662 3655//3655 3658//3658
f 3662//3662 3659//3659 3652//3652
f 3663//3663 3661//3661 3651//3651
f 3663//3663 3651//3651 3654//3654
f 3664//3664 3662//3662 3658//3658
f 3665//3665 3431//3431 3656//3656
f 3665//3665 3432//3432 3431//3431
f 3666//3666 3663//3663 3654//3654
f 3666//3666 3654//3654 3657//3657
f 3667//3667 3664//3664 3658//3658
f 3667//3667 3658//3658 3661//3661
f 3668//3668 3656//3656 3659//3659
f 3668//3668 3659//3659 3662//3662
f 3668//3668 3665//3665 3656//3656
f 3669//3669 3666//3666 3657//3657
f 3669//3669 3657//3657 3660//3660
f 3669//3669 3660//3660 3493//3493
f 3670//3670 3661//3661 3663//3663
f 3670//3670 3667//3667 3661//3661
f 3671//3671 3668//3668 3662//3662
f 3672//3672 3432//3432 3665//3665
f 3673//3673 3666//3666 3669//3669
f 3673//3673 3663//3663 3666//3666
f 3673//3673 3670//3670 3663//3663
f 3674//3674 3662//3662 3664//3664
f 3674//3674 3671//3671 3662//3662
f 3675//3675 3665//3665 3668//3668
f 3675//3675 3672//3672 3665//3665
f 3676//3676 3669//3669 3493//3493
f 3676//3676 3673//3673 3669//3669
f 3676//3676 3493//3493 3494//3494
f 3677//3677 3664//3664 3667//3667
f 3677//3677 3674//3674 3664//3664
f 3678//3678 3668//3668 3671//3671
f 3678//3678 3675//3675 3668//3668
f 3679//3679 3667//3667 3670//3670
f 3679//3679 3677//3677 3667//3667
f 3680//3680 3671//3671 3674//3674
f 3680//3680 3678//3678 3671//3671
f 3681//3681 3432//3432 3672//3672
f 3681//3681 3433//3433 3432//3432
f 3682//3682 3670//3670 3673//3673
f 3682//3682 3673//3673 3676//3676
f 3682//3682 3679//3679 3670//3670
f 3683//3683 3674//3674 3677//3677
f 3683//3683 3680//3680 3674//3674
f 3684//3684 3681//3681 3672//3672
f 3684//3684 3672//3672 3675//3675
f 3685//3685 3682//3682 3676//3676
f 3685//3685 3676//3676 3494//3494
f 3686//3686 3677//3677 3679//3679
f 3686//3686 3683//3683 3677//3677
f 3687//3687 3433//3433 3681//3681
f 3687//3687 3681//3681 3684//3684
f 3688//3688 3684//3684 3675//3675
f 3688//3688 3675//3675 3678//3678
f 3689//3689 3679//3679 3682//3682
f 3689//3689 3686//3686 3679//3679
f 3690//3690 3687//3687 3684//3684
f 3691//3691 3680//3680 3683//3683
f 3691//3691 3678//3678 3680//3680
f 3691//3691 3688//3688 3678//3678
f 3692//3692 3682//3682 3685//3685
f 3692//3692 3689//3689 3682//3682
f 3692//3692 3494//3494 3495//3495
f 3692//3692 3685//3685 3494//3494
f 3693//3693 3684//3684 3688//3688
f 3693//3693 3690//3690 3684//3684
f 3694//3694 3691//3691 3683//3683
f 3694//3694 3683//3683 3686//3686
f 3695//3695 3688//3688 3691//3691
f 3695//3695 3693//3693 3688//3688
f 3696//3696 3686//3686 3689//3689
f 3696//3696 3694//3694 3686//3686
f 3697//3697 3691//3691 3694//3694
f 3697//3697 3695//3695 3691//3691
f 3698//3698 3434//3434 3433//3433
f 3698//3698 3433//3433 3687//3687
f 3699//3699 3696//3696 3689//3689
f 3700//3700 3696//3696 3699//3699
f 3700//3700 3697//3697 3694//3694
f 3700//3700 3694//3694 3696//3696
f 3701//3701 3698//3698 3687//3687
f 3701//3701 3687//3687 3690//3690
f 3701//3701 3434//3434 3698//3698
f 3702//3702 3689//3689 3692//3692
f 3702//3702 3699//3699 3689//3689
f 3702//3702 3692//3692 3495//3495
f 3703//3703 3700//3700 3699//3699
f 3704//3704 3701//3701 3690//3690
f 3704//3704 3690//3690 3693//3693
f 3704//3704 3434//3434 3701//3701
f 3705//3705 3703//3703 3699//3699
f 3705//3705 3699//3699 3702//3702
f 3705//3705 3702//3702 3495//3495
f 3705//3705 3495//3495 3496//3496
f 3706//3706 3695//3695 3697//3697
f 3706//3706 3693//3693 3695//3695
f 3706//3706 3704//3704 3693//3693
f 3707//3707 3706//3706 3697//3697
f 3708//3708 3697//3697 3700//3700
f 3708//3708 3700//3700 3703//3703
f 3708//3708 3707//3707 3697//3697
f 3709//3709 3435//3435 3434//3434
f 3710//3710 3708//3708 3703//3703
f 3711//3711 3435//3435 3709//3709
f 3711//3711 3709//3709 3434//3434
f 3712//3712 3710//3710 3703//3703
f 3712//3712 3703//3703 3705//3705
f 3712//3712 3705//3705 3496//3496
f 3713//3713 3711//3711 3434//3434
f 3713//3713 3434//3434 3704//3704
f 3714//3714 3704//3704 3706//3706
f 3714//3714 3713//3713 3704//3704
f 3715//3715 3706//3706 3707//3707
f 3715//3715 3714//3714 3706//3706
f 3716//3716 3707//3707 3708//3708
f 3716//3716 3715//3715 3707//3707
f 3717//3717 3436//3436 3435//3435
f 3718//3718 3708//3708 3710//3710
f 3718//3718 3716//3716 3708//3708
f 3719//3719 3436//3436 3717//3717
f 3719//3719 3435//3435 3711//3711
f 3719//3719 3711//3711 3713//3713
f 3719//3719 3717//3717 3435//3435
f 3720//3720 3710//3710 3712//3712
f 3720//3720 3712//3712 3496//3496
f 3720//3720 3718//3718 3710//3710
f 3720//3720 3496//3496 3497//3497
f 3721//3721 3719//3719 3713//3713
f 3722//3722 3713//3713 3714//3714
f 3722//3722 3721//3721 3713//3713
f 3723//3723 3714//3714 3715//3715
f 3723//3723 3715//3715 3716//3716
f 3723//3723 3722//3722 3714//3714
f 3724//3724 3723//3723 3716//3716
f 3724//3724 3716//3716 3718//3718
f 3725//3725 3437//3437 3436//3436
f 3726//3726 3724//3724 3718//3718
f 3727//3727 3436//3436 3719//3719
f 3727//3727 3437//3437 3725//3725
f 3727//3727 3725//3725 3436//3436
f 3728//3728 3726//3726 3718//3718
f 3728//3728 3497//3497 3498//3498
f 3728//3728 3718//3718 3720//3720
f 3728//3728 3720//3720 3497//3497
f 3729//3729 3727//3727 3719//3719
f 3729//3729 3719//3719 3721//3721
f 3730//3730 3721//3721 3722//3722
f 3730//3730 3729//3729 3721//3721
f 3731//3731 3722//3722 3723//3723
f 3731//3731 3730//3730 3722//3722
f 3732//3732 3723//3723 3724//3724
f 3732//3732 3731//3731 3723//3723
f 3733//3733 3438//3438 3437//3437
f 3734//3734 3724//3724 3726//3726
f 3734//3734 3732//3732 3724//3724
f 3735//3735 3733//3733 3437//3437
f 3735//3735 3437//3437 3727//3727
f 3735//3735 3727//3727 3729//3729
f 3736//3736 3726//3726 3728//3728
f 3736//3736 3734//3734 3726//3726
f 3736//3736 3498//3498 3499//3499
f 3736//3736 3728//3728 3498//3498
f 3737//3737 3729//3729 3730//3730
f 3737//3737 3735//3735 3729//3729
f 3738//3738 3737//3737 3730//3730
f 3738//3738 3730//3730 3731//3731
f 3739//3739 3738//3738 3731//3731
f 3740//3740 3731//3731 3732//3732
f 3740//3740 3739//3739 3731//3731
f 3741//3741 3439//3439 3438//3438
f 3741//3741 3440//3440 3439//3439
f 3741//3741 3438//3438 3733//3733
f 3742//3742 3734//3734 3736//3736
f 3742//3742 3740//3740 3732//3732
f 3742//3742 3732//3732 3734//3734
f 3743//3743 3741//3741 3733//3733
f 3743//3743 3733//3733 3735//3735
f 3744//3744 3736//3736 3499//3499
f 3744//3744 3742//3742 3736//3736
f 3744//3744 3499//3499 3500//3500
f 3745//3745 3743//3743 3735//3735
f 3745//3745 3735//3735 3737//3737
f 3746//3746 3745//3745 3737//3737
f 3746//3746 3737//3737 3738//3738
f 3746//3746 3738//3738 3739//3739
f 3747//3747 3746//3746 3739//3739
f 3748//3748 3739//3739 3740//3740
f 3748//3748 3747//3747 3739//3739
f 3749//3749 3440//3440 3741//3741
f 3750//3750 3740//3740 3742//3742
f 3750//3750 3748//3748 3740//3740
f 3751//3751 3749//3749 3741//3741
f 3751//3751 3741//3741 3743//3743
f 3752//3752 3742//3742 3744//3744
f 3752//3752 3744//3744 3500//3500
f 3752//3752 3750//3750 3742//3742
f 3752//3752 3500//3500 3501//3501
f 3753//3753 3745//3745 3746//3746
f 3753//3753 3743//3743 3745//3745
f 3753//3753 3751//3751 3743//3743
f 3754//3754 3753//3753 3746//3746
f 3755//3755 3746//3746 3747//3747
f 3755//3755 3754//3754 3746//3746
f 3756//3756 3747//3747 3748//3748
f 3756//3756 3755//3755 3747//3747
f 3757//3757 3440//3440 3749//3749
f 3757//3757 3441//3441 3440//3440
f 3758//3758 3756//3756 3748//3748
f 3758//3758 3748//3748 3750//3750
f 3759//3759 3749//3749 3751//3751
f 3759//3759 3757//3757 3749//3749
f 3760//3760 3502//3502 3758//3758
f 3760//3760 3758//3758 3750//3750
f 3760//3760 3750//3750 3752//3752
f 3760//3760 3501//3501 3502//3502
f 3760//3760 3752//3752 3501//3501
f 3761//3761 3759//3759 3751//3751
f 3761//3761 3751//3751 3753//3753
f 3762//3762 3761//3761 3753//3753
f 3762//3762 3753//3753 3754//3754
f 3763//3763 3754//3754 3755//3755
f 3763//3763 3762//3762 3754//3754
f 3764//3764 3763//3763 3755//3755
f 3764//3764 3755//3755 3756//3756
f 3765//3765 3442//3442 3441//3441
f 3765//3765 3443//3443 3442//3442
f 3765//3765 3441//3441 3757//3757
f 3766//3766 3756//3756 3758//3758
f 3766//3766 3758//3758 3502//3502
f 3766//3766 3764//3764 3756//3756
f 3767//3767 3757//3757 3759//3759
f 3767//3767 3765//3765 3757//3757
f 3768//3768 3766//3766 3502//3502
f 3768//3768 3503//3503 3766//3766
f 3768//3768 3502//3502 3503//3503
f 3769//3769 3767//3767 3759//3759
f 3769//3769 3759//3759 3761//3761
f 3770//3770 3769//3769 3761//3761
f 3770//3770 3761//3761 3762//3762
f 3771//3771 3762//3762 3763//3763
f 3771//3771 3770//3770 3762//3762
f 3772//3772 3763//3763 3764//3764
f 3772//3772 3771//3771 3763//3763
f 3773//3773 3443//3443 3765//3765
f 3774//3774 3764//3764 3766//3766
f 3774//3774 3766//3766 3503//3503
f 3774//3774 3772//3772 3764//3764
f 3775//3775 3765//3765 3767//3767
f 3775//3775 3767//3767 3769//3769
f 3775//3775 3773//3773 3765//3765
f 3776//3776 3774//3774 3503//3503
f 3776//3776 3504//3504 3774//3774
f 3776//3776 3503//3503 3504//3504
f 3777//3777 3444//3444 3443//3443
f 3777//3777 3443//3443 3773//3773
f 3778//3778 3775//3775 3769//3769
f 3779//3779 3777//3777 3773//3773
f 3779//3779 3773//3773 3775//3775
f 3780//3780 3770//3770 3771//3771
f 3780//3780 3769//3769 3770//3770
f 3780//3780 3778//3778 3769//3769
f 3781//3781 3775//3775 3778//3778
f 3781//3781 3779//3779 3775//3775
f 3781//3781 3778//3778 3780//3780
f 3782//3782 3771//3771 3772//3772
f 3782//3782 3780//3780 3771//3771
f 3783//3783 3781//3781 3780//3780
f 3783//3783 3780//3780 3782//3782
f 3784//3784 3782//3782 3772//3772
f 3785//3785 3783//3783 3782//3782
f 3786//3786 3444//3444 3777//3777
f 3786//3786 3777//3777 3779//3779
f 3787//3787 3784//3784 3772//3772
f 3787//3787 3772//3772 3774//3774
f 3787//3787 3774//3774 3504//3504
f 3788//3788 3782//3782 3784//3784
f 3788//3788 3785//3785 3782//3782
f 3789//3789 3786//3786 3779//3779
f 3790//3790 3787//3787 3504//3504
f 3790//3790 3504//3504 3505//3505
f 3791//3791 3445//3445 3444//3444
f 3791//3791 3444//3444 3786//3786
f 3791//3791 3786//3786 3789//3789
f 3792//3792 3787//3787 3790//3790
f 3792//3792 3784//3784 3787//3787
f 3792//3792 3788//3788 3784//3784
f 3793//3793 3779//3779 3781//3781
f 3793//3793 3789//3789 3779//3779
f 3794//3794 3791//3791 3789//3789
f 3795//3795 3790//3790 3505//3505
f 3795//3795 3792//3792 3790//3790
f 3796//3796 3793//3793 3781//3781
f 3796//3796 3781//3781 3783//3783
f 3797//3797 3793//3793 3796//3796
f 3797//3797 3794//3794 3789//3789
f 3797//3797 3789//3789 3793//3793
f 3798//3798 3796//3796 3783//3783
f 3798//3798 3783//3783 3785//3785
f 3799//3799 3797//3797 3796//3796
f 3800//3800 3798//3798 3785//3785
f 3800//3800 3785//3785 3788//3788
f 3801//3801 3445//3445 3791//3791
f 3802//3802 3798//3798 3800//3800
f 3802//3802 3796//3796 3798//3798
f 3802//3802 3799//3799 3796//3796
f 3803//3803 3788//3788 3792//3792
f 3803//3803 3800//3800 3788//3788
f 3804//3804 3791//3791 3794//3794
f 3804//3804 3801//3801 3791//3791
f 3805//3805 3802//3802 3800//3800
f 3805//3805 3800//3800 3803//3803
f 3806//3806 3792//3792 3795//3795
f 3806//3806 3803//3803 3792//3792
f 3806//3806 3795//3795 3505//3505
f 3806//3806 3505//3505 3506//3506
f 3807//3807 3794//3794 3797//3797
f 3807//3807 3797//3797 3799//3799
f 3807//3807 3804//3804 3794//3794
f 3808//3808 3801//3801 3804//3804
f 3808//3808 3446//3446 3445//3445
f 3808//3808 3445//3445 3801//3801
f 3809//3809 3805//3805 3803//3803
f 3810//3810 3807//3807 3799//3799
f 3811//3811 3808//3808 3804//3804
f 3812//3812 3803//3803 3806//3806
f 3812//3812 3809//3809 3803//3803
f 3812//3812 3806//3806 3506//3506
f 3813//3813 3799//3799 3802//3802
f 3813//3813 3810//3810 3799//3799
f 3814//3814 3807//3807 3810//3810
f 3814//3814 3804//3804 3807//3807
f 3814//3814 3811//3811 3804//3804
f 3815//3815 3802//3802 3805//3805
f 3815//3815 3805//3805 3809//3809
f 3815//3815 3813//3813 3802//3802
f 3816//3816 3814//3814 3810//3810
f 3817//3817 3446//3446 3808//3808
f 3817//3817 3808//3808 3811//3811
f 3818//3818 3815//3815 3809//3809
f 3819//3819 3810//3810 3813//3813
f 3819//3819 3816//3816 3810//3810
f 3819//3819 3813//3813 3815//3815
f 3820//3820 3817//3817 3811//3811
f 3821//3821 3809//3809 3812//3812
f 3821//3821 3812//3812 3506//3506
f 3821//3821 3818//3818 3809//3809
f 3821//3821 3506//3506 3507//3507
f 3822//3822 3819//3819 3815//3815
f 3823//3823 3811//3811 3814//3814
f 3823//3823 3820//3820 3811//3811
f 3824//3824 3447//3447 3446//3446
f 3824//3824 3446//3446 3817//3817
f 3824//3824 3817//3817 3820//3820
f 3825//3825 3815//3815 3818//3818
f 3825//3825 3822//3822 3815//3815
f 3826//3826 3814//3814 3816//3816
f 3826//3826 3823//3823 3814//3814
f 3827//3827 3824//3824 3820//3820
f 3828//3828 3825//3825 3818//3818
f 3828//3828 3818//3818 3821//3821
f 3828//3828 3821//3821 3507//3507
f 3829//3829 3826//3826 3816//3816
f 3829//3829 3816//3816 3819//3819
f 3830//3830 3820//3820 3823//3823
f 3830//3830 3827//3827 3820//3820
f 3831//3831 3822//3822 3825//3825
f 3831//3831 3829//3829 3819//3819
f 3831//3831 3819//3819 3822//3822
f 3832//3832 3823//3823 3826//3826
f 3832//3832 3830//3830 3823//3823
f 3833//3833 3447//3447 3824//3824
f 3834//3834 3831//3831 3825//3825
f 3835//3835 3826//3826 3829//3829
f 3835//3835 3832//3832 3826//3826
f 3836//3836 3833//3833 3824//3824
f 3836//3836 3824//3824 3827//3827
f 3837//3837 3828//3828 3507//3507
f 3837//3837 3834//3834 3825//3825
f 3837//3837 3825//3825 3828//3828
f 3837//3837 3507//3507 3508//3508
f 3838//3838 3829//3829 3831//3831
f 3838//3838 3835//3835 3829//3829
f 3839//3839 3827//3827 3830//3830
f 3839//3839 3836//3836 3827//3827
f 3840//3840 3447//3447 3833//3833
f 3840//3840 3448//3448 3447//3447
f 3841//3841 3831//3831 3834//3834
f 3841//3841 3838//3838 3831//3831
f 3842//3842 3839//3839 3830//3830
f 3842//3842 3830//3830 3832//3832
f 3843//3843 3833//3833 3836//3836
f 3843//3843 3840//3840 3833//3833
f 3844//3844 3834//3834 3837//3837
f 3844//3844 3837//3837 3508//3508
f 3844//3844 3841//3841 3834//3834
f 3845//3845 3832//3832 3835//3835
f 3845//3845 3842//3842 3832//3832
f 3846//3846 3836//3836 3839//3839
f 3846//3846 3839//3839 3842//3842
f 3846//3846 3843//3843 3836//3836
f 3847//3847 3835//3835 3838//3838
f 3847//3847 3845//3845 3835//3835
f 3848//3848 3448//3448 3840//3840
f 3849//3849 3846//3846 3842//3842
f 3850//3850 3838//3838 3841//3841
f 3850//3850 3847//3847 3838//3838
f 3851//3851 3840//3840 3843//3843
f 3851//3851 3843//3843 3846//3846
f 3851//3851 3848//3848 3840//3840
f 3852//3852 3842//3842 3845//3845
f 3852//3852 3849//3849 3842//3842
f 3853//3853 3844//3844 3508//3508
f 3853//3853 3841//3841 3844//3844
f 3853//3853 3850//3850 3841//3841
f 3853//3853 3508//3508 3509//3509
f 3854//3854 3846//3846 3849//3849
f 3854//3854 3851//3851 3846//3846
f 3855//3855 3845//3845 3847//3847
f 3855//3855 3852//3852 3845//3845
f 3856//3856 3849//3849 3852//3852
f 3856//3856 3854//3854 3849//3849
f 3857//3857 3449//3449 3448//3448
f 3857//3857 3448//3448 3848//3848
f 3858//3858 3847//3847 3850//3850
f 3858//3858 3855//3855 3847//3847
f 3859//3859 3856//3856 3852//3852
f 3860//3860 3857//3857 3848//3848
f 3860//3860 3848//3848 3851//3851
f 3861//3861 3858//3858 3850//3850
f 3861//3861 3850//3850 3853//3853
f 3861//3861 3853//3853 3509//3509
f 3862//3862 3859//3859 3852//3852
f 3862//3862 3852//3852 3855//3855
f 3863//3863 3860//3860 3851//3851
f 3863//3863 3851//3851 3854//3854
f 3864//3864 3449//3449 3857//3857
f 3864//3864 3857//3857 3860//3860
f 3865//3865 3862//3862 3855//3855
f 3865//3865 3855//3855 3858//3858
f 3866//3866 3854//3854 3856//3856
f 3866//3866 3863//3863 3854//3854
f 3866//3866 3856//3856 3859//3859
f 3867//3867 3864//3864 3860//3860
f 3868//3868 3858//3858 3861//3861
f 3868//3868 3861//3861 3509//3509
f 3868//3868 3865//3865 3858//3858
f 3868//3868 3509//3509 3510//3510
f 3869//3869 3859//3859 3862//3862
f 3869//3869 3866//3866 3859//3859
f 3870//3870 3863//3863 3866//3866
f 3870//3870 3860//3860 3863//3863
f 3870//3870 3867//3867 3860//3860
f 3871//3871 3862//3862 3865//3865
f 3871//3871 3869//3869 3862//3862
f 3872//3872 3870//3870 3866//3866
f 3873//3873 3450//3450 3449//3449
f 3873//3873 3449//3449 3864//3864
f 3874//3874 3871//3871 3865//3865
f 3875//3875 3866//3866 3869//3869
f 3875//3875 3872//3872 3866//3866
f 3876//3876 3873//3873 3864//3864
f 3876//3876 3864//3864 3867//3867
f 3877//3877 3865//3865 3868//3868
f 3877//3877 3868//3868 3510//3510
f 3877//3877 3874//3874 3865//3865
f 3878//3878 3869//3869 3871//3871
f 3878//3878 3875//3875 3869//3869
f 3879//3879 3867//3867 3870//3870
f 3879//3879 3876//3876 3867//3867
f 3879//3879 3870//3870 3872//3872
f 3880//3880 3450//3450 3873//3873
f 3881//3881 3878//3878 3871//3871
f 3881//3881 3871//3871 3874//3874
f 3882//3882 3879//3879 3872//3872
f 3883//3883 3873//3873 3876//3876
f 3883//3883 3880//3880 3873//3873
f 3884//3884 3510//3510 3511//3511
f 3884//3884 3877//3877 3510//3510
f 3884//3884 3874//3874 3877//3877
f 3884//3884 3881//3881 3874//3874
f 3885//3885 3872//3872 3875//3875
f 3885//3885 3875//3875 3878//3878
f 3885//3885 3882//3882 3872//3872
f 3886//3886 3876//3876 3879//3879
f 3886//3886 3883//3883 3876//3876
f 3887//3887 3878//3878 3881//3881
f 3887//3887 3885//3885 3878//3878
f 3888//3888 3879//3879 3882//3882
f 3888//3888 3886//3886 3879//3879
f 3889//3889 3451//3451 3450//3450
f 3889//3889 3450//3450 3880//3880
f 3889//3889 3880//3880 3883//3883
f 3890//3890 3887//3887 3881//3881
f 3891//3891 3888//3888 3882//3882
f 3891//3891 3882//3882 3885//3885
f 3892//3892 3889//3889 3883//3883
f 3893//3893 3890//3890 3881//3881
f 3893//3893 3884//3884 3511//3511
f 3893//3893 3881//3881 3884//3884
f 3894//3894 3891//3891 3885//3885
f 3894//3894 3885//3885 3887//3887
f 3895//3895 3451//3451 3889//3889
f 3896//3896 3892//3892 3883//3883
f 3896//3896 3883//3883 3886//3886
f 3896//3896 3886//3886 3888//3888
f 3897//3897 3887//3887 3890//3890
f 3897//3897 3894//3894 3887//3887
f 3898//3898 3889//3889 3892//3892
f 3898//3898 3895//3895 3889//3889
f 3899//3899 3888//3888 3891//3891
f 3899//3899 3896//3896 3888//3888
f 3900//3900 3511//3511 3512//3512
f 3900//3900 3893//3893 3511//3511
f 3900//3900 3890//3890 3893//3893
f 3900//3900 3897//3897 3890//3890
f 3901//3901 3892//3892 3896//3896
f 3901//3901 3896//3896 3899//3899
f 3901//3901 3898//3898 3892//3892
f 3902//3902 3899//3899 3891//3891
f 3903//3903 3901//3901 3899//3899
f 3904//3904 3891//3891 3894//3894
f 3904//3904 3902//3902 3891//3891
f 3905//3905 3899//3899 3902//3902
f 3905//3905 3903//3903 3899//3899
f 3905//3905 3902//3902 3904//3904
f 3906//3906 3451//3451 3895//3895
f 3906//3906 3452//3452 3451//3451
f 3907//3907 3894//3894 3897//3897
f 3907//3907 3904//3904 3894//3894
f 3908//3908 3905//3905 3904//3904
f 3908//3908 3904//3904 3907//3907
f 3909//3909 3895//3895 3898//3898
f 3909//3909 3906//3906 3895//3895
f 3910//3910 3900//3900 3512//3512
f 3910//3910 3897//3897 3900//3900
f 3910//3910 3907//3907 3897//3897
f 3911//3911 3906//3906 3909//3909
f 3911//3911 3452//3452 3906//3906
f 3912//3912 3908//3908 3907//3907
f 3913//3913 3898//3898 3901//3901
f 3913//3913 3909//3909 3898//3898
f 3914//3914 3911//3911 3909//3909
f 3915//3915 3512//3512 3513//3513
f 3915//3915 3910//3910 3512//3512
f 3915//3915 3907//3907 3910//3910
f 3915//3915 3912//3912 3907//3907
f 3916//3916 3901//3901 3903//3903
f 3916//3916 3913//3913 3901//3901
f 3917//3917 3913//3913 3916//3916
f 3917//3917 3909//3909 3913//3913
f 3917//3917 3914//3914 3909//3909
f 3918//3918 3903//3903 3905//3905
f 3918//3918 3916//3916 3903//3903
f 3919//3919 3917//3917 3916//3916
f 3920//3920 3905//3905 3908//3908
f 3920//3920 3918//3918 3905//3905
f 3921//3921 3916//3916 3918//3918
f 3921//3921 3919//3919 3916//3916
f 3921//3921 3918//3918 3920//3920
f 3922//3922 3453//3453 3452//3452
f 3922//3922 3452//3452 3911//3911
f 3923//3923 3908//3908 3912//3912
f 3923//3923 3920//3920 3908//3908
f 3924//3924 3921//3921 3920//3920
f 3925//3925 3922//3922 3911//3911
f 3925//3925 3911//3911 3914//3914
f 3925//3925 3453//3453 3922//3922
f 3926//3926 3915//3915 3513//3513
f 3926//3926 3912//3912 3915//3915
f 3926//3926 3923//3923 3912//3912
f 3927//3927 3924//3924 3920//3920
f 3927//3927 3920//3920 3923//3923
f 3928//3928 3925//3925 3914//3914
f 3928//3928 3914//3914 3917//3917
f 3929//3929 3513//3513 3514//3514
f 3929//3929 3926//3926 3513//3513
f 3929//3929 3927//3927 3923//3923
f 3929//3929 3923//3923 3926//3926
f 3930//3930 3928//3928 3917//3917
f 3930//3930 3917//3917 3919//3919
f 3931//3931 3930//3930 3919//3919
f 3931//3931 3919//3919 3921//3921
f 3932//3932 3921//3921 3924//3924
f 3932//3932 3931//3931 3921//3921
f 3932//3932 3924//3924 3927//3927
f 3933//3933 3454//3454 3453//3453
f 3934//3934 3932//3932 3927//3927
f 3935//3935 3933//3933 3453//3453
f 3935//3935 3454//3454 3933//3933
f 3935//3935 3453//3453 3925//3925
f 3936//3936 3929//3929 3514//3514
f 3936//3936 3927//3927 3929//3929
f 3936//3936 3934//3934 3927//3927
f 3937//3937 3935//3935 3925//3925
f 3937//3937 3925//3925 3928//3928
f 3938//3938 3928//3928 3930//3930
f 3938//3938 3937//3937 3928//3928
f 3939//3939 3930//3930 3931//3931
f 3939//3939 3938//3938 3930//3930
f 3940//3940 3931//3931 3932//3932
f 3940//3940 3939//3939 3931//3931
f 3941//3941 3455//3455 3454//3454
f 3942//3942 3940//3940 3932//3932
f 3942//3942 3932//3932 3934//3934
f 3943//3943 3454//3454 3935//3935
f 3943//3943 3941//3941 3454//3454
f 3943//3943 3455//3455 3941//3941
f 3944//3944 3514//3514 3515//3515
f 3944//3944 3934//3934 3936//3936
f 3944//3944 3936//3936 3514//3514
f 3944//3944 3942//3942 3934//3934
f 3945//3945 3943//3943 3935//3935
f 3945//3945 3935//3935 3937//3937
f 3946//3946 3937//3937 3938//3938
f 3946//3946 3945//3945 3937//3937
f 3947//3947 3938//3938 3939//3939
f 3947//3947 3946//3946 3938//3938
f 3948//3948 3939//3939 3940//3940
f 3948//3948 3947//3947 3939//3939
f 3949//3949 3456//3456 3455//3455
f 3950//3950 3940//3940 3942//3942
f 3950//3950 3942//3942 3944//3944
f 3950//3950 3948//3948 3940//3940
f 3951//3951 3455//3455 3943//3943
f 3951//3951 3949//3949 3455//3455
f 3952//3952 3515//3515 3516//3516
f 3952//3952 3516//3516 3517//3517
f 3952//3952 3944//3944 3515//3515
f 3952//3952 3950//3950 3944//3944
f 3953//3953 3943//3943 3945//3945
f 3953//3953 3951//3951 3943//3943
f 3954//3954 3945//3945 3946//3946
f 3954//3954 3946//3946 3947//3947
f 3954//3954 3953//3953 3945//3945
f 3955//3955 3954//3954 3947//3947
f 3956//3956 3947//3947 3948//3948
f 3956//3956 3948//3948 3950//3950
f 3956//3956 3955//3955 3947//3947
f 3957//3957 3457//3457 3456//3456
f 3957//3957 3458//3458 3457//3457
f 3957//3957 3456//3456 3949//3949
f 3958//3958 3956//3956 3950//3950
f 3959//3959 3949//3949 3951//3951
f 3959//3959 3951//3951 3953//3953
f 3959//3959 3957//3957 3949//3949
f 3960//3960 3958//3958 3950//3950
f 3960//3960 3952//3952 3517//3517
f 3960//3960 3950//3950 3952//3952
f 3961//3961 3959//3959 3953//3953
f 3962//3962 3961//3961 3953//3953
f 3962//3962 3953//3953 3954//3954
f 3962//3962 3954//3954 3955//3955
f 3963//3963 3962//3962 3955//3955
f 3964//3964 3956//3956 3958//3958
f 3964//3964 3963//3963 3955//3955
f 3964//3964 3955//3955 3956//3956
f 3965//3965 3458//3458 3957//3957
f 3966//3966 3964//3964 3958//3958
f 3967//3967 3959//3959 3961//3961
f 3967//3967 3965//3965 3957//3957
f 3967//3967 3957//3957 3959//3959
f 3968//3968 3517//3517 3518//3518
f 3968//3968 3960//3960 3517//3517
f 3968//3968 3966//3966 3958//3958
f 3968//3968 3958//3958 3960//3960
f 3969//3969 3967//3967 3961//3961
f 3970//3970 3961//3961 3962//3962
f 3970//3970 3969//3969 3961//3961
f 3970//3970 3962//3962 3963//3963
f 3971//3971 3970//3970 3963//3963
f 3972//3972 3971//3971 3963//3963
f 3972//3972 3963//3963 3964//3964
f 3972//3972 3964//3964 3966//3966
f 3973//3973 3458//3458 3965//3965
f 3973//3973 3459//3459 3458//3458
f 3974//3974 3972//3972 3966//3966
f 3975//3975 3965//3965 3967//3967
f 3975//3975 3967//3967 3969//3969
f 3975//3975 3973//3973 3965//3965
f 3976//3976 3518//3518 3519//3519
f 3976//3976 3968//3968 3518//3518
f 3976//3976 3966//3966 3968//3968
f 3976//3976 3519//3519 3974//3974
f 3976//3976 3974//3974 3966//3966
f 3977//3977 3975//3975 3969//3969
f 3978//3978 3969//3969 3970//3970
f 3978//3978 3970//3970 3971//3971
f 3978//3978 3977//3977 3969//3969
f 3979//3979 3978//3978 3971//3971
f 3980//3980 3971//3971 3972//3972
f 3980//3980 3972//3972 3974//3974
f 3980//3980 3979//3979 3971//3971
f 3981//3981 3460//3460 3459//3459
f 3981//3981 3459//3459 3973//3973
f 3981//3981 3973//3973 3975//3975
f 3982//3982 3980//3980 3974//3974
f 3982//3982 3974//3974 3519//3519
f 3983//3983 3981//3981 3975//3975
f 3984//3984 3520//3520 3982//3982
f 3984//3984 3519//3519 3520//3520
f 3984//3984 3982//3982 3519//3519
f 3985//3985 3975//3975 3977//3977
f 3985//3985 3983//3983 3975//3975
f 3986//3986 3977//3977 3978//3978
f 3986//3986 3985//3985 3977//3977
f 3987//3987 3986//3986 3978//3978
f 3987//3987 3978//3978 3979//3979
f 3988//3988 3979//3979 3980//3980
f 3988//3988 3987//3987 3979//3979
f 3989//3989 3461//3461 3460//3460
f 3989//3989 3460//3460 3981//3981
f 3990//3990 3982//3982 3520//3520
f 3990//3990 3980//3980 3982//3982
f 3990//3990 3988//3988 3980//3980
f 3991//3991 3981//3981 3983//3983
f 3991//3991 3989//3989 3981//3981
f 3991//3991 3983//3983 3985//3985
f 3992//3992 3520//3520 3521//3521
f 3992//3992 3990//3990 3520//3520
f 3992//3992 3521//3521 3990//3990
f 3993//3993 3991//3991 3985//3985
f 3994//3994 3993//3993 3985//3985
f 3994//3994 3985//3985 3986//3986
f 3995//3995 3994//3994 3986//3986
f 3995//3995 3986//3986 3987//3987
f 3996//3996 3995//3995 3987//3987
f 3996//3996 3987//3987 3988//3988
f 3997//3997 3461//3461 3989//3989
f 3997//3997 3462//3462 3461//3461
f 3997//3997 3989//3989 3991//3991
f 3998//3998 3996//3996 3988//3988
f 3998//3998 3990//3990 3521//3521
f 3998//3998 3988//3988 3990//3990
f 3999//3999 3997//3997 3991//3991
f 4000//4000 3522//3522 3998//3998
f 4000//4000 3521//3521 3522//3522
f 4000//4000 3998//3998 3521//3521
f 4001//4001 3462//3462 3997//3997
f 4001//4001 3463//3463 3462//3462
f 4002//4002 3999//3999 3991//3991
f 4002//4002 3991//3991 3993//3993
f 4003//4003 3997//3997 3999//3999
f 4003//4003 4001//4001 3997//3997
f 4004//4004 3994//3994 3995//3995
f 4004//4004 4002//4002 3993//3993
f 4004//4004 3993//3993 3994//3994
f 4005//4005 3999//3999 4002//4002
f 4005//4005 4003//4003 3999//3999
f 4006//4006 4004//4004 3995//3995
f 4007//4007 4002//4002 4004//4004
f 4007//4007 4005//4005 4002//4002
f 4008//4008 4006//4006 3995//3995
f 4008//4008 3995//3995 3996//3996
f 4009//4009 3463//3463 4001//4001
f 4010//4010 4004//4004 4006//4006
f 4010//4010 4007//4007 4004//4004
f 4011//4011 3998//3998 3522//3522
f 4011//4011 4008//4008 3996//3996
f 4011//4011 3996//3996 3998//3998
f 4012//4012 4009//4009 4001//4001
f 4012//4012 4001//4001 4003//4003
f 4012//4012 4003//4003 4005//4005
f 4013//4013 4006//4006 4008//4008
f 4013//4013 4010//4010 4006//4006
f 4014//4014 3522//3522 3523//3523
f 4014//4014 4011//4011 3522//3522
f 4015//4015 4012//4012 4005//4005
f 4016//4016 3463//3463 4009//4009
f 4016//4016 3464//3464 3463//3463
f 4016//4016 4009//4009 4012//4012
f 4017//4017 4013//4013 4008//4008
f 4017//4017 4008//4008 4011//4011
f 4018//4018 4005//4005 4007//4007
f 4018//4018 4007//4007 4010//4010
f 4018//4018 4015//4015 4005//4005
f 4019//4019 4016//4016 4012//4012
f 4020//4020 4014//4014 3523//3523
f 4020//4020 4011//4011 4014//4014
f 4020//4020 4017//4017 4011//4011
f 4021//4021 4018//4018 4010//4010
f 4022//4022 4012//4012 4015//4015
f 4022//4022 4019//4019 4012//4012
f 4023//4023 4021//4021 4010//4010
f 4023//4023 4010//4010 4013//4013
f 4023//4023 4013//4013 4017//4017
f 4024//4024 4022//4022 4015//4015
f 4024//4024 4015//4015 4018//4018
f 4025//4025 3464//3464 4016//4016
f 4026//4026 4023//4023 4017//4017
f 4027//4027 4024//4024 4018//4018
f 4027//4027 4018//4018 4021//4021
f 4028//4028 4025//4025 4016//4016
f 4028//4028 4016//4016 4019//4019
f 4029//4029 4026//4026 4017//4017
f 4029//4029 3523//3523 3524//3524
f 4029//4029 4020//4020 3523//3523
f 4029//4029 4017//4017 4020//4020
f 4030//4030 4027//4027 4021//4021
f 4030//4030 4021//4021 4023//4023
f 4031//4031 4028//4028 4019//4019
f 4031//4031 4019//4019 4022//4022
f 4032//4032 3464//3464 4025//4025
f 4032//4032 4025//4025 4028//4028
f 4032//4032 3465//3465 3464//3464
f 4033//4033 4023//4023 4026//4026
f 4033//4033 4030//4030 4023//4023
f 4034//4034 4031//4031 4022//4022
f 4034//4034 4022//4022 4024//4024
f 4035//4035 4028//4028 4031//4031
f 4035//4035 4032//4032 4028//4028
f 4036//4036 4029//4029 3524//3524
f 4036//4036 4033//4033 4026//4026
f 4036//4036 4026//4026 4029//4029
f 4037//4037 4034//4034 4024//4024
f 4037//4037 4024//4024 4027//4027
f 4038//4038 4035//4035 4031//4031
f 4039//4039 4037//4037 4027//4027
f 4039//4039 4027//4027 4030//4030
f 4040//4040 4031//4031 4034//4034
f 4040//4040 4038//4038 4031//4031
f 4040//4040 4034//4034 4037//4037
f 4041//4041 3465//3465 4032//4032
f 4042//4042 4039//4039 4030//4030
f 4042//4042 4030//4030 4033//4033
f 4043//4043 4040//4040 4037//4037
f 4044//4044 4041//4041 4032//4032
f 4044//4044 4032//4032 4035//4035
f 4045//4045 3524//3524 3525//3525
f 4045//4045 4036//4036 3524//3524
f 4045//4045 4033//4033 4036//4036
f 4045//4045 4042//4042 4033//4033
f 4046//4046 4037//4037 4039//4039
f 4046//4046 4039//4039 4042//4042
f 4046//4046 4043//4043 4037//4037
f 4047//4047 4035//4035 4038//4038
f 4047//4047 4044//4044 4035//4035
f 4048//4048 3465//3465 4041//4041
f 4048//4048 4041//4041 4044//4044
f 4048//4048 3466//3466 3465//3465
f 4049//4049 4046//4046 4042//4042
f 4050//4050 4038//4038 4040//4040
f 4050//4050 4047//4047 4038//4038
f 4051//4051 4048//4048 4044//4044
f 4052//4052 4045//4045 3525//3525
f 4052//4052 4042//4042 4045//4045
f 4052//4052 4049//4049 4042//4042
f 4053//4053 4040//4040 4043//4043
f 4053//4053 4050//4050 4040//4040
f 4054//4054 4044//4044 4047//4047
f 4054//4054 4051//4051 4044//4044
f 4055//4055 4053//4053 4043//4043
f 4055//4055 4043//4043 4046//4046
f 4056//4056 3466//3466 4048//4048
f 4057//4057 4047//4047 4050//4050
f 4057//4057 4054//4054 4047//4047
f 4058//4058 4046//4046 4049//4049
f 4058//4058 4055//4055 4046//4046
f 4059//4059 4056//4056 4048//4048
f 4059//4059 4048//4048 4051//4051
f 4060//4060 4050//4050 4053//4053
f 4060//4060 4057//4057 4050//4050
f 4061//4061 3525//3525 3526//3526
f 4061//4061 4052//4052 3525//3525
f 4061//4061 4049//4049 4052//4052
f 4061//4061 4058//4058 4049//4049
f 4062//4062 4059//4059 4051//4051
f 4062//4062 4051//4051 4054//4054
f 4063//4063 4055//4055 4058//4058
f 4063//4063 4060//4060 4053//4053
f 4063//4063 4053//4053 4055//4055
f 4064//4064 4062//4062 4054//4054
f 4064//4064 4054//4054 4057//4057
f 4065//4065 3467//3467 3466//3466
f 4065//4065 3466//3466 4056//4056
f 4065//4065 4056//4056 4059//4059
f 4066//4066 4063//4063 4058//4058
f 4067//4067 4064//4064 4057//4057
f 4067//4067 4057//4057 4060//4060
f 4068//4068 4065//4065 4059//4059
f 4069//4069 4058//4058 4061//4061
f 4069//4069 4066//4066 4058//4058
f 4069//4069 4061//4061 3526//3526
f 4070//4070 4067//4067 4060//4060
f 4070//4070 4060//4060 4063//4063
f 4071//4071 4059//4059 4062//4062
f 4071//4071 4068//4068 4059//4059
f 4072//4072 3467//3467 4065//4065
f 4073//4073 4063//4063 4066//4066
f 4073//4073 4070//4070 4063//4063
f 4074//4074 4062//4062 4064//4064
f 4074//4074 4064//4064 4067//4067
f 4074//4074 4071//4071 4062//4062
f 4075//4075 4072//4072 4065//4065
f 4075//4075 4065//4065 4068//4068
f 4076//4076 4066//4066 4069//4069
f 4076//4076 3526//3526 3527//3527
f 4076//4076 4073//4073 4066//4066
f 4076//4076 4069//4069 3526//3526
f 4077//4077 4074//4074 4067//4067
f 4078//4078 4075//4075 4068//4068
f 4078//4078 4068//4068 4071//4071
f 4078//4078 4071//4071 4074//4074
f 4079//4079 4067//4067 4070//4070
f 4079//4079 4070//4070 4073//4073
f 4079//4079 4077//4077 4067//4067
f 4080//4080 4078//4078 4074//4074
f 4081//4081 3467//3467 4072//4072
f 4081//4081 3468//3468 3467//3467
f 4082//4082 4079//4079 4073//4073
f 4083//4083 4074//4074 4077//4077
f 4083//4083 4080//4080 4074//4074
f 4084//4084 4072//4072 4075//4075
f 4084//4084 4081//4081 4072//4072
f 4084//4084 4075//4075 4078//4078
f 4085//4085 4076//4076 3527//3527
f 4085//4085 4073//4073 4076//4076
f 4085//4085 4082//4082 4073//4073
f 4086//4086 4083//4083 4077//4077
f 4086//4086 4077//4077 4079//4079
f 4086//4086 4079//4079 4082//4082
f 4087//4087 4084//4084 4078//4078
f 4088//4088 3468//3468 4081//4081
f 4088//4088 4081//4081 4084//4084
f 4089//4089 4082//4082 4085//4085
f 4089//4089 4086//4086 4082//4082
f 4090//4090 4078//4078 4080//4080
f 4090//4090 4087//4087 4078//4078
f 4091//4091 4084//4084 4087//4087
f 4091//4091 4088//4088 4084//4084
f 4092//4092 3527//3527 3528//3528
f 4092//4092 4085//4085 3527//3527
f 4092//4092 4089//4089 4085//4085
f 4093//4093 4080//4080 4083//4083
f 4093//4093 4090//4090 4080//4080
f 4094//4094 4091//4091 4087//4087
f 4095//4095 4083//4083 4086//4086
f 4095//4095 4093//4093 4083//4083
f 4096//4096 4094//4094 4087//4087
f 4096//4096 4087//4087 4090//4090
f 4097//4097 3469//3469 3468//3468
f 4097//4097 3468//3468 4088//4088
f 4098//4098 4095//4095 4086//4086
f 4098//4098 4086//4086 4089//4089
f 4099//4099 4090//4090 4093//4093
f 4099//4099 4096//4096 4090//4090
f 4099//4099 4093//4093 4095//4095
f 4100//4100 4097//4097 4088//4088
f 4100//4100 4088//4088 4091//4091
f 4101//4101 4089//4089 4092//4092
f 4101//4101 4098//4098 4089//4089
f 4101//4101 4092//4092 3528//3528
f 4102//4102 4099//4099 4095//4095
f 4102//4102 4095//4095 4098//4098
f 4103//4103 3469//3469 4097//4097
f 4104//4104 4091//4091 4094//4094
f 4104//4104 4100//4100 4091//4091
f 4105//4105 4098//4098 4101//4101
f 4105//4105 4102//4102 4098//4098
f 4106//4106 4097//4097 4100//4100
f 4106//4106 4100//4100 4104//4104
f 4106//4106 4103//4103 4097//4097
f 4107//4107 4104//4104 4094//4094
f 4107//4107 4094//4094 4096//4096
f 4108//4108 3528//3528 3529//3529
f 4108//4108 4101//4101 3528//3528
f 4108//4108 4105//4105 4101//4101
f 4109//4109 4106//4106 4104//4104
f 4109//4109 4104//4104 4107//4107
f 4110//4110 4096//4096 4099//4099
f 4110//4110 4107//4107 4096//4096
f 4111//4111 4109//4109 4107//4107
f 4112//4112 4110//4110 4099//4099
f 4112//4112 4099//4099 4102//4102
f 4113//4113 3469//3469 4103//4103
f 4113//4113 3470//3470 3469//3469
f 4114//4114 4110//4110 4112//4112
f 4114//4114 4107//4107 4110//4110
f 4114//4114 4111//4111 4107//4107
f 4115//4115 4102//4102 4105//4105
f 4115//4115 4112//4112 4102//4102
f 4116//4116 4103//4103 4106//4106
f 4116//4116 4113//4113 4103//4103
f 4116//4116 4106//4106 4109//4109
f 4117//4117 4114//4114 4112//4112
f 4117//4117 4112//4112 4115//4115
f 4118//4118 4108//4108 3529//3529
f 4118//4118 4105//4105 4108//4108
f 4118//4118 4115//4115 4105//4105
f 4119//4119 3470//3470 4113//4113
f 4120//4120 4109//4109 4111//4111
f 4120//4120 4116//4116 4109//4109
f 4121//4121 4117//4117 4115//4115
f 4121//4121 4115//4115 4118//4118
f 4122//4122 4119//4119 4113//4113
f 4122//4122 4113//4113 4116//4116
f 4123//4123 4120//4120 4111//4111
f 4124//4124 3529//3529 3530//3530
f 4124//4124 4118//4118 3529//3529
f 4124//4124 4121//4121 4118//4118
f 4125//4125 4116//4116 4120//4120
f 4125//4125 4122//4122 4116//4116
f 4126//4126 4111//4111 4114//4114
f 4126//4126 4123//4123 4111//4111
f 4127//4127 4120//4120 4123//4123
f 4127//4127 4125//4125 4120//4120
f 4128//4128 4114//4114 4117//4117
f 4128//4128 4126//4126 4114//4114
f 4129//4129 4123//4123 4126//4126
f 4129//4129 4127//4127 4123//4123
f 4129//4129 4126//4126 4128//4128
f 4130//4130 3471//3471 3470//3470
f 4130//4130 3470//3470 4119//4119
f 4131//4131 4128//4128 4117//4117
f 4131//4131 4117//4117 4121//4121
f 4132//4132 4128//4128 4131//4131
f 4132//4132 4129//4129 4128//4128
f 4133//4133 4130//4130 4119//4119
f 4133//4133 3471//3471 4130//4130
f 4133//4133 4119//4119 4122//4122
f 4134//4134 4131//4131 4121//4121
f 4134//4134 4124//4124 3530//3530
f 4134//4134 4121//4121 4124//4124
f 4135//4135 4132//4132 4131//4131
f 4135//4135 4131//4131 4134//4134
f 4136//4136 4133//4133 4122//4122
f 4136//4136 4122//4122 4125//4125
f 4137//4137 3530//3530 3531//3531
f 4137//4137 4134//4134 3530//3530
f 4137//4137 4135//4135 4134//4134
f 4138//4138 4125//4125 4127//4127
f 4138//4138 4136//4136 4125//4125
f 4139//4139 4127//4127 4129//4129
f 4139//4139 4129//4129 4132//4132
f 4139//4139 4138//4138 4127//4127
f 4140//4140 4139//4139 4132//4132
f 4141//4141 3472//3472 3471//3471
f 4142//4142 4132//4132 4135//4135
f 4142//4142 4140//4140 4132//4132
f 4143//4143 3471//3471 4133//4133
f 4143//4143 3472//3472 4141//4141
f 4143//4143 4141//4141 3471//3471
f 4144//4144 3531//3531 3532//3532
f 4144//4144 4137//4137 3531//3531
f 4144//4144 4135//4135 4137//4137
f 4144//4144 4142//4142 4135//4135
f 4145//4145 4136//4136 4138//4138
f 4145//4145 4143//4143 4133//4133
f 4145//4145 4133//4133 4136//4136
f 4146//4146 4145//4145 4138//4138
f 4147//4147 4146//4146 4138//4138
f 4147//4147 4138//4138 4139//4139
f 4148//4148 4139//4139 4140//4140
f 4148//4148 4140//4140 4142//4142
f 4148//4148 4147//4147 4139//4139
f 4149//4149 3473//3473 3472//3472
f 4150//4150 4142//4142 4144//4144
f 4150//4150 4148//4148 4142//4142
f 4151//4151 3472//3472 4143//4143
f 4151//4151 4149//4149 3472//3472
f 4151//4151 3473//3473 4149//4149
f 4152//4152 4144//4144 3532//3532
f 4152//4152 4150//4150 4144//4144
f 4153//4153 4151//4151 4143//4143
f 4153//4153 4143//4143 4145//4145
f 4154//4154 4145//4145 4146//4146
f 4154//4154 4153//4153 4145//4145
f 4155//4155 4154//4154 4146//4146
f 4155//4155 4146//4146 4147//4147
f 4156//4156 4147//4147 4148//4148
f 4156//4156 4155//4155 4147//4147
f 4157//4157 3475//3475 3474//3474
f 4157//4157 3474//3474 3473//3473
f 4158//4158 4156//4156 4148//4148
f 4158//4158 4148//4148 4150//4150
f 4159//4159 4157//4157 3473//3473
f 4159//4159 3476//3476 3475//3475
f 4159//4159 3473//3473 4151//4151
f 4159//4159 3475//3475 4157//4157
f 4160//4160 3532//3532 3533//3533
f 4160//4160 4152//4152 3532//3532
f 4160//4160 4150//4150 4152//4152
f 4160//4160 4158//4158 4150//4150
f 4161//4161 4151//4151 4153//4153
f 4161//4161 3477//3477 3476//3476
f 4161//4161 3476//3476 4159//4159
f 4161//4161 3478//3478 3477//3477
f 4161//4161 4159//4159 4151//4151
f 4162//4162 4161//4161 4153//4153
f 4162//4162 4153//4153 4154//4154
f 4162//4162 3478//3478 4161//4161
f 4163//4163 4162//4162 4154//4154
f 4163//4163 3479//3479 3478//3478
f 4163//4163 3480//3480 3479//3479
f 4163//4163 4154//4154 4155//4155
f 4163//4163 3478//3478 4162//4162
f 4164//4164 4163//4163 4155//4155
f 4164//4164 3481//3481 3480//3480
f 4164//4164 3480//3480 4163//4163
f 4164//4164 4155//4155 4156//4156
f 4165//4165 3481//3481 4164//4164
f 4165//4165 4164//4164 4156//4156
f 4165//4165 4156//4156 4158//4158
f 4166//4166 4158//4158 4160//4160
f 4166//4166 4165//4165 4158//4158
f 4166//4166 3533//3533 3534//3534
f 4166//4166 3482//3482 3481//3481
f 4166//4166 3481//3481 4165//4165
f 4166//4166 3534//3534 3482//3482
f 4166//4166 4160//4160 3533//3533
f 4167//4167 3420//3420 3366//3366
f 4175//4175 4226//4226 4174//4174
f 4227//4227 4167//4167 3366//3366
f 4227//4227 3366//3366 3367//3367
f 4228//4228 4168//4168 4167//4167
f 4228//4228 4167//4167 4227//4227
f 4229//4229 4169//4169 4168//4168
f 4229//4229 4168//4168 4228//4228
f 4230//4230 4170//4170 4169//4169
f 4230//4230 4169//4169 4229//4229
f 4231//4231 4171//4171 4170//4170
f 4231//4231 4170//4170 4230//4230
f 4232//4232 4172//4172 4171//4171
f 4232//4232 4171//4171 4231//4231
f 4233//4233 3367//3367 3368//3368
f 4233//4233 4227//4227 3367//3367
f 4234//4234 4173//4173 4172//4172
f 4234//4234 4172//4172 4232//4232
f 4235//4235 4227//4227 4233//4233
f 4235//4235 4228//4228 4227//4227
f 4236//4236 4174//4174 4173//4173
f 4236//4236 4175//4175 4174//4174
f 4236//4236 4173//4173 4234//4234
f 4236//4236 4176//4176 4175//4175
f 4237//4237 4229//4229 4228//4228
f 4237//4237 4228//4228 4235//4235
f 4238//4238 4230//4230 4229//4229
f 4238//4238 4229//4229 4237//4237
f 4239//4239 4230//4230 4238//4238
f 4239//4239 4231//4231 4230//4230
f 4240//4240 4232//4232 4231//4231
f 4240//4240 4231//4231 4239//4239
f 4241//4241 3368//3368 3369//3369
f 4241//4241 4233//4233 3368//3368
f 4242//4242 4232//4232 4240//4240
f 4242//4242 4234//4234 4232//4232
f 4243//4243 4233//4233 4241//4241
f 4243//4243 4235//4235 4233//4233
f 4244//4244 4234//4234 4242//4242
f 4244//4244 4177//4177 4176//4176
f 4244//4244 4242//4242 4177//4177
f 4244//4244 4236//4236 4234//4234
f 4244//4244 4176//4176 4236//4236
f 4245//4245 4235//4235 4243//4243
f 4245//4245 4237//4237 4235//4235
f 4246//4246 4238//4238 4237//4237
f 4246//4246 4237//4237 4245//4245
f 4247//4247 4238//4238 4246//4246
f 4247//4247 4239//4239 4238//4238
f 4248//4248 4239//4239 4247//4247
f 4248//4248 4240//4240 4239//4239
f 4249//4249 3369//3369 3370//3370
f 4249//4249 4241//4241 3369//3369
f 4250//4250 4240//4240 4248//4248
f 4250//4250 4242//4242 4240//4240
f 4250//4250 4177//4177 4242//4242
f 4251//4251 4241//4241 4249//4249
f 4251//4251 4243//4243 4241//4241
f 4252//4252 4250//4250 4178//4178
f 4252//4252 4177//4177 4250//4250
f 4252//4252 4178//4178 4177//4177
f 4253//4253 4245//4245 4243//4243
f 4253//4253 4243//4243 4251//4251
f 4254//4254 4245//4245 4253//4253
f 4254//4254 4246//4246 4245//4245
f 4255//4255 4246//4246 4254//4254
f 4255//4255 4247//4247 4246//4246
f 4255//4255 4248//4248 4247//4247
f 4256//4256 4248//4248 4255//4255
f 4257//4257 3370//3370 3371//3371
f 4257//4257 4251//4251 4249//4249
f 4257//4257 4249//4249 3370//3370
f 4258//4258 4250//4250 4248//4248
f 4258//4258 4178//4178 4250//4250
f 4258//4258 4248//4248 4256//4256
f 4259//4259 4251//4251 4257//4257
f 4260//4260 4258//4258 4179//4179
f 4260//4260 4179//4179 4178//4178
f 4260//4260 4178//4178 4258//4258
f 4261//4261 4257//4257 3371//3371
f 4261//4261 3371//3371 3372//3372
f 4262//4262 4253//4253 4251//4251
f 4262//4262 4251//4251 4259//4259
f 4263//4263 4259//4259 4257//4257
f 4263//4263 4257//4257 4261//4261
f 4264//4264 4253//4253 4262//4262
f 4264//4264 4254//4254 4253//4253
f 4265//4265 4262//4262 4259//4259
f 4265//4265 4259//4259 4263//4263
f 4266//4266 4255//4255 4254//4254
f 4266//4266 4254//4254 4264//4264
f 4267//4267 4264//4264 4262//4262
f 4267//4267 4262//4262 4265//4265
f 4268//4268 4256//4256 4255//4255
f 4268//4268 4255//4255 4266//4266
f 4269//4269 4261//4261 3372//3372
f 4269//4269 4263//4263 4261//4261
f 4270//4270 4264//4264 4267//4267
f 4270//4270 4266//4266 4264//4264
f 4271//4271 4258//4258 4256//4256
f 4271//4271 4256//4256 4268//4268
f 4271//4271 4179//4179 4258//4258
f 4272//4272 4263//4263 4269//4269
f 4273//4273 4266//4266 4270//4270
f 4273//4273 4268//4268 4266//4266
f 4274//4274 4179//4179 4271//4271
f 4274//4274 4180//4180 4179//4179
f 4275//4275 3372//3372 3373//3373
f 4275//4275 4269//4269 3372//3372
f 4276//4276 4265//4265 4263//4263
f 4276//4276 4263//4263 4272//4272
f 4277//4277 4271//4271 4268//4268
f 4277//4277 4268//4268 4273//4273
f 4278//4278 4272//4272 4269//4269
f 4278//4278 4269//4269 4275//4275
f 4279//4279 4267//4267 4265//4265
f 4279//4279 4265//4265 4276//4276
f 4280//4280 4274//4274 4271//4271
f 4280//4280 4271//4271 4277//4277
f 4280//4280 4180//4180 4274//4274
f 4281//4281 4279//4279 4276//4276
f 4281//4281 4276//4276 4272//4272
f 4281//4281 4272//4272 4278//4278
f 4282//4282 4270//4270 4267//4267
f 4282//4282 4267//4267 4279//4279
f 4283//4283 4282//4282 4279//4279
f 4283//4283 4279//4279 4281//4281
f 4284//4284 4273//4273 4270//4270
f 4284//4284 4270//4270 4282//4282
f 4285//4285 4275//4275 3373//3373
f 4286//4286 4284//4284 4282//4282
f 4286//4286 4282//4282 4283//4283
f 4287//4287 4277//4277 4273//4273
f 4287//4287 4273//4273 4284//4284
f 4288//4288 4281//4281 4278//4278
f 4288//4288 4275//4275 4285//4285
f 4288//4288 4278//4278 4275//4275
f 4289//4289 4284//4284 4286//4286
f 4290//4290 4280//4280 4277//4277
f 4290//4290 4277//4277 4287//4287
f 4290//4290 4181//4181 4180//4180
f 4290//4290 4180//4180 4280//4280
f 4291//4291 4281//4281 4288//4288
f 4292//4292 3373//3373 3374//3374
f 4292//4292 4285//4285 3373//3373
f 4293//4293 4287//4287 4284//4284
f 4293//4293 4290//4290 4287//4287
f 4293//4293 4284//4284 4289//4289
f 4294//4294 4283//4283 4281//4281
f 4294//4294 4286//4286 4283//4283
f 4294//4294 4281//4281 4291//4291
f 4295//4295 4285//4285 4292//4292
f 4295//4295 4288//4288 4285//4285
f 4296//4296 4181//4181 4290//4290
f 4296//4296 4290//4290 4293//4293
f 4297//4297 4286//4286 4294//4294
f 4298//4298 4291//4291 4288//4288
f 4298//4298 4288//4288 4295//4295
f 4299//4299 4289//4289 4286//4286
f 4299//4299 4286//4286 4297//4297
f 4299//4299 4293//4293 4289//4289
f 4300//4300 4294//4294 4291//4291
f 4300//4300 4291//4291 4298//4298
f 4301//4301 4292//4292 3374//3374
f 4302//4302 4293//4293 4299//4299
f 4303//4303 4297//4297 4294//4294
f 4303//4303 4294//4294 4300//4300
f 4304//4304 4295//4295 4292//4292
f 4304//4304 4298//4298 4295//4295
f 4304//4304 4292//4292 4301//4301
f 4305//4305 4181//4181 4296//4296
f 4305//4305 4296//4296 4293//4293
f 4305//4305 4293//4293 4302//4302
f 4305//4305 4182//4182 4181//4181
f 4306//4306 4299//4299 4297//4297
f 4306//4306 4297//4297 4303//4303
f 4307//4307 4298//4298 4304//4304
f 4308//4308 3374//3374 3375//3375
f 4308//4308 4301//4301 3374//3374
f 4309//4309 4302//4302 4299//4299
f 4309//4309 4299//4299 4306//4306
f 4309//4309 4305//4305 4302//4302
f 4310//4310 4298//4298 4307//4307
f 4310//4310 4300//4300 4298//4298
f 4310//4310 4303//4303 4300//4300
f 4311//4311 4301//4301 4308//4308
f 4311//4311 4304//4304 4301//4301
f 4312//4312 4182//4182 4305//4305
f 4312//4312 4305//4305 4309//4309
f 4313//4313 4303//4303 4310//4310
f 4314//4314 4307//4307 4304//4304
f 4314//4314 4304//4304 4311//4311
f 4315//4315 4306//4306 4303//4303
f 4315//4315 4303//4303 4313//4313
f 4316//4316 4313//4313 4310//4310
f 4316//4316 4307//4307 4314//4314
f 4316//4316 4310//4310 4307//4307
f 4317//4317 4308//4308 3375//3375
f 4317//4317 4311//4311 4308//4308
f 4318//4318 4312//4312 4309//4309
f 4318//4318 4309//4309 4306//4306
f 4318//4318 4306//4306 4315//4315
f 4319//4319 4313//4313 4316//4316
f 4320//4320 4314//4314 4311//4311
f 4320//4320 4311//4311 4317//4317
f 4321//4321 4312//4312 4318//4318
f 4321//4321 4183//4183 4182//4182
f 4321//4321 4182//4182 4312//4312
f 4322//4322 4313//4313 4319//4319
f 4322//4322 4315//4315 4313//4313
f 4323//4323 4314//4314 4320//4320
f 4324//4324 4317//4317 3375//3375
f 4324//4324 3375//3375 3376//3376
f 4325//4325 4318//4318 4315//4315
f 4325//4325 4315//4315 4322//4322
f 4326//4326 4316//4316 4314//4314
f 4326//4326 4314//4314 4323//4323
f 4327//4327 4320//4320 4317//4317
f 4327//4327 4317//4317 4324//4324
f 4327//4327 4323//4323 4320//4320
f 4328//4328 4321//4321 4318//4318
f 4328//4328 4183//4183 4321//4321
f 4328//4328 4318//4318 4325//4325
f 4329//4329 4316//4316 4326//4326
f 4329//4329 4319//4319 4316//4316
f 4329//4329 4322//4322 4319//4319
f 4330//4330 4326//4326 4323//4323
f 4330//4330 4323//4323 4327//4327
f 4331//4331 4322//4322 4329//4329
f 4332//4332 4324//4324 3376//3376
f 4333//4333 4326//4326 4330//4330
f 4334//4334 4325//4325 4322//4322
f 4334//4334 4328//4328 4325//4325
f 4334//4334 4322//4322 4331//4331
f 4335//4335 4327//4327 4324//4324
f 4335//4335 4324//4324 4332//4332
f 4336//4336 4329//4329 4326//4326
f 4336//4336 4326//4326 4333//4333
f 4337//4337 4183//4183 4328//4328
f 4337//4337 4328//4328 4334//4334
f 4337//4337 4184//4184 4183//4183
f 4338//4338 4330//4330 4327//4327
f 4338//4338 4327//4327 4335//4335
f 4339//4339 4331//4331 4329//4329
f 4339//4339 4329//4329 4336//4336
f 4340//4340 4333//4333 4330//4330
f 4340//4340 4330//4330 4338//4338
f 4341//4341 3376//3376 3377//3377
f 4341//4341 4332//4332 3376//3376
f 4342//4342 4334//4334 4331//4331
f 4342//4342 4331//4331 4339//4339
f 4342//4342 4337//4337 4334//4334
f 4343//4343 4333//4333 4340//4340
f 4343//4343 4336//4336 4333//4333
f 4343//4343 4339//4339 4336//4336
f 4344//4344 4335//4335 4332//4332
f 4344//4344 4332//4332 4341//4341
f 4344//4344 4338//4338 4335//4335
f 4345//4345 4184//4184 4337//4337
f 4345//4345 4337//4337 4342//4342
f 4346//4346 4339//4339 4343//4343
f 4346//4346 4342//4342 4339//4339
f 4347//4347 4338//4338 4344//4344
f 4348//4348 4341//4341 3377//3377
f 4348//4348 4344//4344 4341//4341
f 4349//4349 4342//4342 4346//4346
f 4350//4350 4340//4340 4338//4338
f 4350//4350 4338//4338 4347//4347
f 4351//4351 4344//4344 4348//4348
f 4352//4352 4342//4342 4349//4349
f 4352//4352 4185//4185 4184//4184
f 4352//4352 4345//4345 4342//4342
f 4352//4352 4184//4184 4345//4345
f 4353//4353 4343//4343 4340//4340
f 4353//4353 4340//4340 4350//4350
f 4354//4354 4347//4347 4344//4344
f 4354//4354 4350//4350 4347//4347
f 4354//4354 4344//4344 4351//4351
f 4355//4355 4343//4343 4353//4353
f 4355//4355 4346//4346 4343//4343
f 4356//4356 4350//4350 4354//4354
f 4357//4357 4348//4348 3377//3377
f 4357//4357 3377//3377 3378//3378
f 4358//4358 4346//4346 4355//4355
f 4358//4358 4349//4349 4346//4346
f 4359//4359 4350//4350 4356//4356
f 4359//4359 4353//4353 4350//4350
f 4360//4360 4351//4351 4348//4348
f 4360//4360 4354//4354 4351//4351
f 4360//4360 4348//4348 4357//4357
f 4361//4361 4349//4349 4358//4358
f 4361//4361 4352//4352 4349//4349
f 4361//4361 4185//4185 4352//4352
f 4362//4362 4355//4355 4353//4353
f 4362//4362 4353//4353 4359//4359
f 4363//4363 4354//4354 4360//4360
f 4364//4364 4357//4357 3378//3378
f 4365//4365 4361//4361 4358//4358
f 4365//4365 4358//4358 4355//4355
f 4365//4365 4355//4355 4362//4362
f 4366//4366 4356//4356 4354//4354
f 4366//4366 4354//4354 4363//4363
f 4367//4367 4360//4360 4357//4357
f 4367//4367 4357//4357 4364//4364
f 4368//4368 4185//4185 4361//4361
f 4368//4368 4361//4361 4365//4365
f 4368//4368 4186//4186 4185//4185
f 4369//4369 4359//4359 4356//4356
f 4369//4369 4356//4356 4366//4366
f 4370//4370 4363//4363 4360//4360
f 4370//4370 4360//4360 4367//4367
f 4371//4371 4362//4362 4359//4359
f 4371//4371 4359//4359 4369//4369
f 4372//4372 4366//4366 4363//4363
f 4372//4372 4363//4363 4370//4370
f 4373//4373 4364//4364 3378//3378
f 4373//4373 3378//3378 3379//3379
f 4374//4374 4365//4365 4362//4362
f 4374//4374 4368//4368 4365//4365
f 4374//4374 4362//4362 4371//4371
f 4375//4375 4369//4369 4366//4366
f 4375//4375 4366//4366 4372//4372
f 4376//4376 4364//4364 4373//4373
f 4376//4376 4367//4367 4364//4364
f 4377//4377 4368//4368 4374//4374
f 4377//4377 4186//4186 4368//4368
f 4378//4378 4371//4371 4369//4369
f 4378//4378 4369//4369 4375//4375
f 4379//4379 4373//4373 3379//3379
f 4379//4379 4376//4376 4373//4373
f 4380//4380 4367//4367 4376//4376
f 4380//4380 4370//4370 4367//4367
f 4381//4381 4374//4374 4371//4371
f 4381//4381 4371//4371 4378//4378
f 4382//4382 4376//4376 4379//4379
f 4383//4383 4375//4375 4372//4372
f 4383//4383 4372//4372 4370//4370
f 4383//4383 4370//4370 4380//4380
f 4384//4384 4377//4377 4374//4374
f 4384//4384 4374//4374 4381//4381
f 4384//4384 4187//4187 4186//4186
f 4384//4384 4186//4186 4377//4377
f 4385//4385 4380//4380 4376//4376
f 4385//4385 4376//4376 4382//4382
f 4386//4386 4375//4375 4383//4383
f 4386//4386 4378//4378 4375//4375
f 4387//4387 4383//4383 4380//4380
f 4387//4387 4380//4380 4385//4385
f 4388//4388 4381//4381 4378//4378
f 4388//4388 4378//4378 4386//4386
f 4389//4389 4386//4386 4383//4383
f 4389//4389 4383//4383 4387//4387
f 4390//4390 3379//3379 3380//3380
f 4390//4390 4379//4379 3379//3379
f 4391//4391 4381//4381 4388//4388
f 4392//4392 4391//4391 4388//4388
f 4392//4392 4386//4386 4389//4389
f 4392//4392 4388//4388 4386//4386
f 4393//4393 4379//4379 4390//4390
f 4393//4393 4382//4382 4379//4379
f 4393//4393 4390//4390 3380//3380
f 4394//4394 4384//4384 4381//4381
f 4394//4394 4381//4381 4391//4391
f 4394//4394 4187//4187 4384//4384
f 4395//4395 4391//4391 4392//4392
f 4396//4396 4382//4382 4393//4393
f 4396//4396 4385//4385 4382//4382
f 4396//4396 4393//4393 3380//3380
f 4397//4397 4391//4391 4395//4395
f 4397//4397 4394//4394 4391//4391
f 4397//4397 4187//4187 4394//4394
f 4397//4397 4188//4188 4187//4187
f 4398//4398 4389//4389 4387//4387
f 4398//4398 4387//4387 4385//4385
f 4398//4398 4385//4385 4396//4396
f 4399//4399 4389//4389 4398//4398
f 4400//4400 4392//4392 4389//4389
f 4400//4400 4395//4395 4392//4392
f 4400//4400 4389//4389 4399//4399
f 4401//4401 3380//3380 3381//3381
f 4402//4402 4395//4395 4400//4400
f 4403//4403 4401//4401 3381//3381
f 4403//4403 3380//3380 4401//4401
f 4404//4404 4395//4395 4402//4402
f 4404//4404 4397//4397 4395//4395
f 4404//4404 4188//4188 4397//4397
f 4405//4405 3380//3380 4403//4403
f 4405//4405 4396//4396 3380//3380
f 4406//4406 4398//4398 4396//4396
f 4406//4406 4396//4396 4405//4405
f 4407//4407 4399//4399 4398//4398
f 4407//4407 4398//4398 4406//4406
f 4408//4408 4400//4400 4399//4399
f 4408//4408 4399//4399 4407//4407
f 4409//4409 3381//3381 3382//3382
f 4410//4410 4402//4402 4400//4400
f 4410//4410 4400//4400 4408//4408
f 4411//4411 4409//4409 3382//3382
f 4411//4411 4403//4403 3381//3381
f 4411//4411 4405//4405 4403//4403
f 4411//4411 3381//3381 4409//4409
f 4412//4412 4404//4404 4402//4402
f 4412//4412 4188//4188 4404//4404
f 4412//4412 4402//4402 4410//4410
f 4412//4412 4189//4189 4188//4188
f 4413//4413 4405//4405 4411//4411
f 4414//4414 4406//4406 4405//4405
f 4414//4414 4405//4405 4413//4413
f 4415//4415 4407//4407 4406//4406
f 4415//4415 4408//4408 4407//4407
f 4415//4415 4406//4406 4414//4414
f 4416//4416 4408//4408 4415//4415
f 4416//4416 4410//4410 4408//4408
f 4417//4417 3382//3382 3383//3383
f 4418//4418 4410//4410 4416//4416
f 4419//4419 4411//4411 3382//3382
f 4419//4419 4417//4417 3383//3383
f 4419//4419 3382//3382 4417//4417
f 4420//4420 4410//4410 4418//4418
f 4420//4420 4190//4190 4189//4189
f 4420//4420 4412//4412 4410//4410
f 4420//4420 4189//4189 4412//4412
f 4421//4421 4411//4411 4419//4419
f 4421//4421 4413//4413 4411//4411
f 4422//4422 4414//4414 4413//4413
f 4422//4422 4413//4413 4421//4421
f 4423//4423 4415//4415 4414//4414
f 4423//4423 4414//4414 4422//4422
f 4424//4424 4416//4416 4415//4415
f 4424//4424 4415//4415 4423//4423
f 4425//4425 3383//3383 3384//3384
f 4426//4426 4418//4418 4416//4416
f 4426//4426 4416//4416 4424//4424
f 4427//4427 3383//3383 4425//4425
f 4427//4427 4419//4419 3383//3383
f 4427//4427 4421//4421 4419//4419
f 4428//4428 4420//4420 4418//4418
f 4428//4428 4418//4418 4426//4426
f 4428//4428 4191//4191 4190//4190
f 4428//4428 4190//4190 4420//4420
f 4429//4429 4422//4422 4421//4421
f 4429//4429 4421//4421 4427//4427
f 4430//4430 4422//4422 4429//4429
f 4430//4430 4423//4423 4422//4422
f 4431//4431 4423//4423 4430//4430
f 4432//4432 4424//4424 4423//4423
f 4432//4432 4423//4423 4431//4431
f 4433//4433 3384//3384 3385//3385
f 4433//4433 3385//3385 3386//3386
f 4433//4433 4425//4425 3384//3384
f 4434//4434 4428//4428 4426//4426
f 4434//4434 4424//4424 4432//4432
f 4434//4434 4426//4426 4424//4424
f 4435//4435 4425//4425 4433//4433
f 4435//4435 4427//4427 4425//4425
f 4436//4436 4191//4191 4428//4428
f 4436//4436 4428//4428 4434//4434
f 4436//4436 4192//4192 4191//4191
f 4437//4437 4427//4427 4435//4435
f 4437//4437 4429//4429 4427//4427
f 4438//4438 4429//4429 4437//4437
f 4438//4438 4430//4430 4429//4429
f 4438//4438 4431//4431 4430//4430
f 4439//4439 4431//4431 4438//4438
f 4440//4440 4432//4432 4431//4431
f 4440//4440 4431//4431 4439//4439
f 4441//4441 4433//4433 3386//3386
f 4442//4442 4434//4434 4432//4432
f 4442//4442 4432//4432 4440//4440
f 4443//4443 4433//4433 4441//4441
f 4443//4443 4435//4435 4433//4433
f 4444//4444 4436//4436 4434//4434
f 4444//4444 4192//4192 4436//4436
f 4444//4444 4434//4434 4442//4442
f 4444//4444 4193//4193 4192//4192
f 4445//4445 4438//4438 4437//4437
f 4445//4445 4437//4437 4435//4435
f 4445//4445 4435//4435 4443//4443
f 4446//4446 4438//4438 4445//4445
f 4447//4447 4439//4439 4438//4438
f 4447//4447 4438//4438 4446//4446
f 4448//4448 4440//4440 4439//4439
f 4448//4448 4439//4439 4447//4447
f 4449//4449 4441//4441 3386//3386
f 4449//4449 3386//3386 3387//3387
f 4450//4450 4440//4440 4448//4448
f 4450//4450 4442//4442 4440//4440
f 4451//4451 4443//4443 4441//4441
f 4451//4451 4441//4441 4449//4449
f 4452//4452 4450//4450 4194//4194
f 4452//4452 4442//4442 4450//4450
f 4452//4452 4444//4444 4442//4442
f 4452//4452 4194//4194 4193//4193
f 4452//4452 4193//4193 4444//4444
f 4453//4453 4443//4443 4451//4451
f 4453//4453 4445//4445 4443//4443
f 4454//4454 4445//4445 4453//4453
f 4454//4454 4446//4446 4445//4445
f 4455//4455 4447//4447 4446//4446
f 4455//4455 4446//4446 4454//4454
f 4456//4456 4447//4447 4455//4455
f 4456//4456 4448//4448 4447//4447
f 4457//4457 3387//3387 3388//3388
f 4457//4457 3388//3388 3389//3389
f 4457//4457 4449//4449 3387//3387
f 4458//4458 4450//4450 4448//4448
f 4458//4458 4194//4194 4450//4450
f 4458//4458 4448//4448 4456//4456
f 4459//4459 4451//4451 4449//4449
f 4459//4459 4449//4449 4457//4457
f 4460//4460 4194//4194 4458//4458
f 4460//4460 4458//4458 4195//4195
f 4460//4460 4195//4195 4194//4194
f 4461//4461 4451//4451 4459//4459
f 4461//4461 4453//4453 4451//4451
f 4462//4462 4453//4453 4461//4461
f 4462//4462 4454//4454 4453//4453
f 4463//4463 4455//4455 4454//4454
f 4463//4463 4454//4454 4462//4462
f 4464//4464 4456//4456 4455//4455
f 4464//4464 4455//4455 4463//4463
f 4465//4465 4457//4457 3389//3389
f 4466//4466 4458//4458 4456//4456
f 4466//4466 4195//4195 4458//4458
f 4466//4466 4456//4456 4464//4464
f 4467//4467 4459//4459 4457//4457
f 4467//4467 4461//4461 4459//4459
f 4467//4467 4457//4457 4465//4465
f 4468//4468 4195//4195 4466//4466
f 4468//4468 4466//4466 4196//4196
f 4468//4468 4196//4196 4195//4195
f 4469//4469 3389//3389 3390//3390
f 4469//4469 4465//4465 3389//3389
f 4470//4470 4461//4461 4467//4467
f 4471//4471 4465//4465 4469//4469
f 4471//4471 4467//4467 4465//4465
f 4472//4472 4463//4463 4462//4462
f 4472//4472 4462//4462 4461//4461
f 4472//4472 4461//4461 4470//4470
f 4473//4473 4470//4470 4467//4467
f 4473//4473 4467//4467 4471//4471
f 4473//4473 4472//4472 4470//4470
f 4474//4474 4464//4464 4463//4463
f 4474//4474 4463//4463 4472//4472
f 4475//4475 4472//4472 4473//4473
f 4475//4475 4474//4474 4472//4472
f 4476//4476 4464//4464 4474//4474
f 4477//4477 4474//4474 4475//4475
f 4478//4478 4469//4469 3390//3390
f 4478//4478 4471//4471 4469//4469
f 4479//4479 4464//4464 4476//4476
f 4479//4479 4466//4466 4464//4464
f 4479//4479 4196//4196 4466//4466
f 4480//4480 4476//4476 4474//4474
f 4480//4480 4474//4474 4477//4477
f 4481//4481 4471//4471 4478//4478
f 4482//4482 4196//4196 4479//4479
f 4482//4482 4197//4197 4196//4196
f 4483//4483 3390//3390 3391//3391
f 4483//4483 4478//4478 3390//3390
f 4483//4483 4481//4481 4478//4478
f 4484//4484 4482//4482 4479//4479
f 4484//4484 4479//4479 4476//4476
f 4484//4484 4476//4476 4480//4480
f 4485//4485 4473//4473 4471//4471
f 4485//4485 4471//4471 4481//4481
f 4486//4486 4481//4481 4483//4483
f 4487//4487 4197//4197 4482//4482
f 4487//4487 4482//4482 4484//4484
f 4488//4488 4473//4473 4485//4485
f 4488//4488 4475//4475 4473//4473
f 4489//4489 4488//4488 4485//4485
f 4489//4489 4481//4481 4486//4486
f 4489//4489 4485//4485 4481//4481
f 4490//4490 4475//4475 4488//4488
f 4490//4490 4477//4477 4475//4475
f 4491//4491 4488//4488 4489//4489
f 4492//4492 4477//4477 4490//4490
f 4492//4492 4480//4480 4477//4477
f 4493//4493 4483//4483 3391//3391
f 4494//4494 4492//4492 4490//4490
f 4494//4494 4490//4490 4488//4488
f 4494//4494 4488//4488 4491//4491
f 4495//4495 4484//4484 4480//4480
f 4495//4495 4480//4480 4492//4492
f 4496//4496 4486//4486 4483//4483
f 4496//4496 4483//4483 4493//4493
f 4497//4497 4492//4492 4494//4494
f 4497//4497 4495//4495 4492//4492
f 4498//4498 4487//4487 4484//4484
f 4498//4498 4484//4484 4495//4495
f 4498//4498 4197//4197 4487//4487
f 4498//4498 4198//4198 4197//4197
f 4499//4499 4489//4489 4486//4486
f 4499//4499 4491//4491 4489//4489
f 4499//4499 4486//4486 4496//4496
f 4500//4500 4496//4496 4493//4493
f 4500//4500 3391//3391 3392//3392
f 4500//4500 4493//4493 3391//3391
f 4501//4501 4495//4495 4497//4497
f 4502//4502 4491//4491 4499//4499
f 4503//4503 4496//4496 4500//4500
f 4504//4504 4498//4498 4495//4495
f 4504//4504 4495//4495 4501//4501
f 4504//4504 4198//4198 4498//4498
f 4505//4505 4494//4494 4491//4491
f 4505//4505 4491//4491 4502//4502
f 4506//4506 4502//4502 4499//4499
f 4506//4506 4499//4499 4496//4496
f 4506//4506 4496//4496 4503//4503
f 4507//4507 4497//4497 4494//4494
f 4507//4507 4501//4501 4497//4497
f 4507//4507 4494//4494 4505//4505
f 4508//4508 4502//4502 4506//4506
f 4509//4509 4500//4500 3392//3392
f 4509//4509 4503//4503 4500//4500
f 4510//4510 4501//4501 4507//4507
f 4511//4511 4505//4505 4502//4502
f 4511//4511 4502//4502 4508//4508
f 4511//4511 4507//4507 4505//4505
f 4512//4512 4503//4503 4509//4509
f 4513//4513 4504//4504 4501//4501
f 4513//4513 4198//4198 4504//4504
f 4513//4513 4501//4501 4510//4510
f 4513//4513 4199//4199 4198//4198
f 4514//4514 4507//4507 4511//4511
f 4515//4515 4506//4506 4503//4503
f 4515//4515 4503//4503 4512//4512
f 4516//4516 3392//3392 3393//3393
f 4516//4516 4509//4509 3392//3392
f 4516//4516 4512//4512 4509//4509
f 4517//4517 4510//4510 4507//4507
f 4517//4517 4507//4507 4514//4514
f 4518//4518 4508//4508 4506//4506
f 4518//4518 4506//4506 4515//4515
f 4519//4519 4512//4512 4516//4516
f 4520//4520 4510//4510 4517//4517
f 4520//4520 4513//4513 4510//4510
f 4520//4520 4199//4199 4513//4513
f 4521//4521 4508//4508 4518//4518
f 4521//4521 4511//4511 4508//4508
f 4522//4522 4515//4515 4512//4512
f 4522//4522 4512//4512 4519//4519
f 4523//4523 4517//4517 4514//4514
f 4523//4523 4511//4511 4521//4521
f 4523//4523 4514//4514 4511//4511
f 4524//4524 4518//4518 4515//4515
f 4524//4524 4515//4515 4522//4522
f 4525//4525 4516//4516 3393//3393
f 4526//4526 4517//4517 4523//4523
f 4527//4527 4521//4521 4518//4518
f 4527//4527 4518//4518 4524//4524
f 4528//4528 4516//4516 4525//4525
f 4528//4528 4519//4519 4516//4516
f 4529//4529 4199//4199 4520//4520
f 4529//4529 4517//4517 4526//4526
f 4529//4529 4520//4520 4517//4517
f 4529//4529 4200//4200 4199//4199
f 4530//4530 4523//4523 4521//4521
f 4530//4530 4521//4521 4527//4527
f 4531//4531 4522//4522 4519//4519
f 4531//4531 4519//4519 4528//4528
f 4532//4532 4525//4525 3393//3393
f 4532//4532 3393//3393 3394//3394
f 4533//4533 4526//4526 4523//4523
f 4533//4533 4523//4523 4530//4530
f 4534//4534 4522//4522 4531//4531
f 4534//4534 4524//4524 4522//4522
f 4535//4535 4528//4528 4525//4525
f 4535//4535 4525//4525 4532//4532
f 4536//4536 4529//4529 4526//4526
f 4536//4536 4200//4200 4529//4529
f 4536//4536 4526//4526 4533//4533
f 4537//4537 4527//4527 4524//4524
f 4537//4537 4524//4524 4534//4534
f 4538//4538 4531//4531 4528//4528
f 4538//4538 4534//4534 4531//4531
f 4538//4538 4528//4528 4535//4535
f 4539//4539 4530//4530 4527//4527
f 4539//4539 4527//4527 4537//4537
f 4540//4540 4532//4532 3394//3394
f 4541//4541 4534//4534 4538//4538
f 4542//4542 4533//4533 4530//4530
f 4542//4542 4530//4530 4539//4539
f 4543//4543 4535//4535 4532//4532
f 4543//4543 4538//4538 4535//4535
f 4543//4543 4532//4532 4540//4540
f 4544//4544 4537//4537 4534//4534
f 4544//4544 4534//4534 4541//4541
f 4545//4545 4200//4200 4536//4536
f 4545//4545 4536//4536 4533//4533
f 4545//4545 4533//4533 4542//4542
f 4545//4545 4201//4201 4200//4200
f 4546//4546 4541//4541 4538//4538
f 4546//4546 4538//4538 4543//4543
f 4547//4547 4539//4539 4537//4537
f 4547//4547 4537//4537 4544//4544
f 4548//4548 4544//4544 4541//4541
f 4548//4548 4541//4541 4546//4546
f 4549//4549 3394//3394 3395//3395
f 4549//4549 4540//4540 3394//3394
f 4550//4550 4542//4542 4539//4539
f 4550//4550 4539//4539 4547//4547
f 4551//4551 4544//4544 4548//4548
f 4552//4552 4540//4540 4549//4549
f 4552//4552 4543//4543 4540//4540
f 4553//4553 4542//4542 4550//4550
f 4553//4553 4545//4545 4542//4542
f 4553//4553 4201//4201 4545//4545
f 4554//4554 4544//4544 4551//4551
f 4554//4554 4547//4547 4544//4544
f 4555//4555 4543//4543 4552//4552
f 4555//4555 4546//4546 4543//4543
f 4556//4556 4549//4549 3395//3395
f 4556//4556 4552//4552 4549//4549
f 4557//4557 4547//4547 4554//4554
f 4557//4557 4550//4550 4547//4547
f 4558//4558 4548//4548 4546//4546
f 4558//4558 4546//4546 4555//4555
f 4558//4558 4551//4551 4548//4548
f 4559//4559 4552//4552 4556//4556
f 4560//4560 4553//4553 4550//4550
f 4560//4560 4201//4201 4553//4553
f 4560//4560 4550//4550 4557//4557
f 4560//4560 4202//4202 4201//4201
f 4561//4561 4554//4554 4551//4551
f 4561//4561 4551//4551 4558//4558
f 4562//4562 4558//4558 4555//4555
f 4562//4562 4555//4555 4552//4552
f 4562//4562 4552//4552 4559//4559
f 4563//4563 4557//4557 4554//4554
f 4563//4563 4554//4554 4561//4561
f 4564//4564 4558//4558 4562//4562
f 4565//4565 3395//3395 3396//3396
f 4565//4565 4556//4556 3395//3395
f 4566//4566 4557//4557 4563//4563
f 4567//4567 4561//4561 4558//4558
f 4567//4567 4558//4558 4564//4564
f 4568//4568 4556//4556 4565//4565
f 4568//4568 4559//4559 4556//4556
f 4569//4569 4560//4560 4557//4557
f 4569//4569 4202//4202 4560//4560
f 4569//4569 4557//4557 4566//4566
f 4570//4570 4563//4563 4561//4561
f 4570//4570 4561//4561 4567//4567
f 4571//4571 4562//4562 4559//4559
f 4571//4571 4559//4559 4568//4568
f 4571//4571 4564//4564 4562//4562
f 4572//4572 4565//4565 3396//3396
f 4573//4573 4563//4563 4570//4570
f 4573//4573 4566//4566 4563//4563
f 4574//4574 4564//4564 4571//4571
f 4575//4575 4568//4568 4565//4565
f 4575//4575 4565//4565 4572//4572
f 4576//4576 4203//4203 4202//4202
f 4576//4576 4202//4202 4569//4569
f 4576//4576 4569//4569 4566//4566
f 4576//4576 4566//4566 4573//4573
f 4577//4577 4567//4567 4564//4564
f 4577//4577 4570//4570 4567//4567
f 4577//4577 4564//4564 4574//4574
f 4578//4578 4571//4571 4568//4568
f 4578//4578 4568//4568 4575//4575
f 4579//4579 4573//4573 4570//4570
f 4579//4579 4570//4570 4577//4577
f 4580//4580 4574//4574 4571//4571
f 4580//4580 4571//4571 4578//4578
f 4581//4581 3396//3396 3397//3397
f 4581//4581 4572//4572 3396//3396
f 4581//4581 4575//4575 4572//4572
f 4582//4582 4573//4573 4579//4579
f 4583//4583 4574//4574 4580//4580
f 4583//4583 4577//4577 4574//4574
f 4584//4584 4575//4575 4581//4581
f 4585//4585 4573//4573 4582//4582
f 4585//4585 4203//4203 4576//4576
f 4585//4585 4576//4576 4573//4573
f 4586//4586 4577//4577 4583//4583
f 4586//4586 4579//4579 4577//4577
f 4587//4587 4581//4581 3397//3397
f 4588//4588 4575//4575 4584//4584
f 4588//4588 4578//4578 4575//4575
f 4588//4588 4580//4580 4578//4578
f 4589//4589 4582//4582 4579//4579
f 4589//4589 4579//4579 4586//4586
f 4590//4590 4584//4584 4581//4581
f 4590//4590 4581//4581 4587//4587
f 4591//4591 4583//4583 4580//4580
f 4591//4591 4580//4580 4588//4588
f 4592//4592 4204//4204 4203//4203
f 4592//4592 4203//4203 4585//4585
f 4592//4592 4585//4585 4582//4582
f 4592//4592 4582//4582 4589//4589
f 4593//4593 4588//4588 4584//4584
f 4593//4593 4591//4591 4588//4588
f 4593//4593 4584//4584 4590//4590
f 4594//4594 4583//4583 4591//4591
f 4595//4595 4591//4591 4593//4593
f 4596//4596 4586//4586 4583//4583
f 4596//4596 4583//4583 4594//4594
f 4597//4597 4594//4594 4591//4591
f 4597//4597 4591//4591 4595//4595
f 4597//4597 4596//4596 4594//4594
f 4598//4598 4587//4587 3397//3397
f 4598//4598 3397//3397 3398//3398
f 4599//4599 4589//4589 4586//4586
f 4599//4599 4586//4586 4596//4596
f 4600//4600 4596//4596 4597//4597
f 4600//4600 4599//4599 4596//4596
f 4601//4601 4590//4590 4587//4587
f 4601//4601 4587//4587 4598//4598
f 4602//4602 4204//4204 4592//4592
f 4602//4602 4592//4592 4589//4589
f 4602//4602 4589//4589 4599//4599
f 4603//4603 4601//4601 4598//4598
f 4603//4603 4598//4598 3398//3398
f 4604//4604 4599//4599 4600//4600
f 4605//4605 4593//4593 4590//4590
f 4605//4605 4590//4590 4601//4601
f 4606//4606 4601//4601 4603//4603
f 4607//4607 4205//4205 4204//4204
f 4607//4607 4204//4204 4602//4602
f 4607//4607 4602//4602 4599//4599
f 4607//4607 4599//4599 4604//4604
f 4608//4608 4595//4595 4593//4593
f 4608//4608 4593//4593 4605//4605
f 4609//4609 4608//4608 4605//4605
f 4609//4609 4605//4605 4601//4601
f 4609//4609 4601//4601 4606//4606
f 4610//4610 4597//4597 4595//4595
f 4610//4610 4595//4595 4608//4608
f 4611//4611 4608//4608 4609//4609
f 4612//4612 4600//4600 4597//4597
f 4612//4612 4597//4597 4610//4610
f 4613//4613 4610//4610 4608//4608
f 4613//4613 4608//4608 4611//4611
f 4613//4613 4612//4612 4610//4610
f 4614//4614 3398//3398 3399//3399
f 4614//4614 4603//4603 3398//3398
f 4615//4615 4604//4604 4600//4600
f 4615//4615 4600//4600 4612//4612
f 4616//4616 4612//4612 4613//4613
f 4617//4617 4603//4603 4614//4614
f 4617//4617 4606//4606 4603//4603
f 4617//4617 4614//4614 3399//3399
f 4618//4618 4205//4205 4607//4607
f 4618//4618 4607//4607 4604//4604
f 4618//4618 4604//4604 4615//4615
f 4619//4619 4612//4612 4616//4616
f 4619//4619 4615//4615 4612//4612
f 4620//4620 4606//4606 4617//4617
f 4620//4620 4609//4609 4606//4606
f 4621//4621 4206//4206 4205//4205
f 4621//4621 4205//4205 4618//4618
f 4621//4621 4615//4615 4619//4619
f 4621//4621 4618//4618 4615//4615
f 4622//4622 4609//4609 4620//4620
f 4622//4622 4611//4611 4609//4609
f 4623//4623 4611//4611 4622//4622
f 4623//4623 4613//4613 4611//4611
f 4624//4624 4616//4616 4613//4613
f 4624//4624 4613//4613 4623//4623
f 4624//4624 4619//4619 4616//4616
f 4625//4625 3399//3399 3400//3400
f 4626//4626 4619//4619 4624//4624
f 4627//4627 3399//3399 4625//4625
f 4627//4627 4625//4625 3400//3400
f 4627//4627 4617//4617 3399//3399
f 4628//4628 4206//4206 4621//4621
f 4628//4628 4621//4621 4619//4619
f 4628//4628 4619//4619 4626//4626
f 4629//4629 4617//4617 4627//4627
f 4629//4629 4620//4620 4617//4617
f 4630//4630 4622//4622 4620//4620
f 4630//4630 4620//4620 4629//4629
f 4631//4631 4623//4623 4622//4622
f 4631//4631 4622//4622 4630//4630
f 4632//4632 4624//4624 4623//4623
f 4632//4632 4623//4623 4631//4631
f 4633//4633 3400//3400 3401//3401
f 4634//4634 4624//4624 4632//4632
f 4634//4634 4626//4626 4624//4624
f 4635//4635 4627//4627 3400//3400
f 4635//4635 3400//3400 4633//4633
f 4635//4635 4633//4633 3401//3401
f 4636//4636 4207//4207 4206//4206
f 4636//4636 4628//4628 4626//4626
f 4636//4636 4206//4206 4628//4628
f 4636//4636 4626//4626 4634//4634
f 4637//4637 4627//4627 4635//4635
f 4637//4637 4629//4629 4627//4627
f 4638//4638 4630//4630 4629//4629
f 4638//4638 4629//4629 4637//4637
f 4639//4639 4631//4631 4630//4630
f 4639//4639 4630//4630 4638//4638
f 4640//4640 4632//4632 4631//4631
f 4640//4640 4631//4631 4639//4639
f 4641//4641 3401//3401 3402//3402
f 4642//4642 4634//4634 4632//4632
f 4642//4642 4636//4636 4634//4634
f 4642//4642 4632//4632 4640//4640
f 4643//4643 4635//4635 3401//3401
f 4643//4643 3401//3401 4641//4641
f 4644//4644 4208//4208 4207//4207
f 4644//4644 4209//4209 4208//4208
f 4644//4644 4207//4207 4636//4636
f 4644//4644 4636//4636 4642//4642
f 4645//4645 4637//4637 4635//4635
f 4645//4645 4635//4635 4643//4643
f 4646//4646 4638//4638 4637//4637
f 4646//4646 4639//4639 4638//4638
f 4646//4646 4637//4637 4645//4645
f 4647//4647 4639//4639 4646//4646
f 4648//4648 4640//4640 4639//4639
f 4648//4648 4642//4642 4640//4640
f 4648//4648 4639//4639 4647//4647
f 4649//4649 3402//3402 3403//3403
f 4649//4649 3403//3403 3404//3404
f 4649//4649 4641//4641 3402//3402
f 4650//4650 4642//4642 4648//4648
f 4651//4651 4643//4643 4641//4641
f 4651//4651 4645//4645 4643//4643
f 4651//4651 4641//4641 4649//4649
f 4652//4652 4642//4642 4650//4650
f 4652//4652 4209//4209 4644//4644
f 4652//4652 4644//4644 4642//4642
f 4653//4653 4645//4645 4651//4651
f 4654//4654 4645//4645 4653//4653
f 4654//4654 4646//4646 4645//4645
f 4654//4654 4647//4647 4646//4646
f 4655//4655 4647//4647 4654//4654
f 4656//4656 4650//4650 4648//4648
f 4656//4656 4647//4647 4655//4655
f 4656//4656 4648//4648 4647//4647
f 4657//4657 4649//4649 3404//3404
f 4658//4658 4650//4650 4656//4656
f 4659//4659 4653//4653 4651//4651
f 4659//4659 4649//4649 4657//4657
f 4659//4659 4651//4651 4649//4649
f 4660//4660 4210//4210 4209//4209
f 4660//4660 4209//4209 4652//4652
f 4660//4660 4650//4650 4658//4658
f 4660//4660 4652//4652 4650//4650
f 4661//4661 4653//4653 4659//4659
f 4662//4662 4654//4654 4653//4653
f 4662//4662 4653//4653 4661//4661
f 4662//4662 4655//4655 4654//4654
f 4663//4663 4655//4655 4662//4662
f 4664//4664 4655//4655 4663//4663
f 4664//4664 4656//4656 4655//4655
f 4664//4664 4658//4658 4656//4656
f 4665//4665 4657//4657 3404//3404
f 4665//4665 3404//3404 3405//3405
f 4666//4666 4658//4658 4664//4664
f 4667//4667 4659//4659 4657//4657
f 4667//4667 4661//4661 4659//4659
f 4667//4667 4657//4657 4665//4665
f 4668//4668 4211//4211 4210//4210
f 4668//4668 4210//4210 4660//4660
f 4668//4668 4660//4660 4658//4658
f 4668//4668 4666//4666 4211//4211
f 4668//4668 4658//4658 4666//4666
f 4669//4669 4661//4661 4667//4667
f 4670//4670 4662//4662 4661//4661
f 4670//4670 4663//4663 4662//4662
f 4670//4670 4661//4661 4669//4669
f 4671//4671 4663//4663 4670//4670
f 4672//4672 4664//4664 4663//4663
f 4672//4672 4666//4666 4664//4664
f 4672//4672 4663//4663 4671//4671
f 4673//4673 3405//3405 3406//3406
f 4673//4673 4665//4665 3405//3405
f 4673//4673 4667//4667 4665//4665
f 4674//4674 4666//4666 4672//4672
f 4674//4674 4211//4211 4666//4666
f 4675//4675 4667//4667 4673//4673
f 4676//4676 4674//4674 4212//4212
f 4676//4676 4212//4212 4211//4211
f 4676//4676 4211//4211 4674//4674
f 4677//4677 4669//4669 4667//4667
f 4677//4677 4667//4667 4675//4675
f 4678//4678 4670//4670 4669//4669
f 4678//4678 4669//4669 4677//4677
f 4679//4679 4670//4670 4678//4678
f 4679//4679 4671//4671 4670//4670
f 4680//4680 4672//4672 4671//4671
f 4680//4680 4671//4671 4679//4679
f 4681//4681 3406//3406 3407//3407
f 4681//4681 4673//4673 3406//3406
f 4682//4682 4212//4212 4674//4674
f 4682//4682 4674//4674 4672//4672
f 4682//4682 4672//4672 4680//4680
f 4683//4683 4675//4675 4673//4673
f 4683//4683 4673//4673 4681//4681
f 4683//4683 4677//4677 4675//4675
f 4684//4684 4213//4213 4212//4212
f 4684//4684 4212//4212 4682//4682
f 4684//4684 4682//4682 4213//4213
f 4685//4685 4677//4677 4683//4683
f 4686//4686 4677//4677 4685//4685
f 4686//4686 4678//4678 4677//4677
f 4687//4687 4678//4678 4686//4686
f 4687//4687 4679//4679 4678//4678
f 4688//4688 4679//4679 4687//4687
f 4688//4688 4680//4680 4679//4679
f 4689//4689 4681//4681 3407//3407
f 4689//4689 3407//3407 3408//3408
f 4689//4689 4683//4683 4681//4681
f 4690//4690 4680//4680 4688//4688
f 4690//4690 4213//4213 4682//4682
f 4690//4690 4682//4682 4680//4680
f 4691//4691 4683//4683 4689//4689
f 4692//4692 4690//4690 4214//4214
f 4692//4692 4214//4214 4213//4213
f 4692//4692 4213//4213 4690//4690
f 4693//4693 4689//4689 3408//3408
f 4693//4693 3408//3408 3409//3409
f 4694//4694 4683//4683 4691//4691
f 4694//4694 4685//4685 4683//4683
f 4695//4695 4691//4691 4689//4689
f 4695//4695 4689//4689 4693//4693
f 4696//4696 4687//4687 4686//4686
f 4696//4696 4685//4685 4694//4694
f 4696//4696 4686//4686 4685//4685
f 4697//4697 4694//4694 4691//4691
f 4697//4697 4691//4691 4695//4695
f 4698//4698 4687//4687 4696//4696
f 4699//4699 4696//4696 4694//4694
f 4699//4699 4694//4694 4697//4697
f 4700//4700 4687//4687 4698//4698
f 4700//4700 4688//4688 4687//4687
f 4701//4701 4693//4693 3409//3409
f 4702//4702 4698//4698 4696//4696
f 4702//4702 4696//4696 4699//4699
f 4703//4703 4214//4214 4690//4690
f 4703//4703 4688//4688 4700//4700
f 4703//4703 4690//4690 4688//4688
f 4704//4704 4693//4693 4701//4701
f 4704//4704 4695//4695 4693//4693
f 4704//4704 4697//4697 4695//4695
f 4705//4705 4700//4700 4698//4698
f 4705//4705 4698//4698 4702//4702
f 4706//4706 4215//4215 4214//4214
f 4706//4706 4214//4214 4703//4703
f 4707//4707 4697//4697 4704//4704
f 4708//4708 4701//4701 3409//3409
f 4708//4708 3409//3409 3410//3410
f 4708//4708 4704//4704 4701//4701
f 4709//4709 4700//4700 4705//4705
f 4709//4709 4703//4703 4700//4700
f 4710//4710 4699//4699 4697//4697
f 4710//4710 4702//4702 4699//4699
f 4710//4710 4697//4697 4707//4707
f 4711//4711 4704//4704 4708//4708
f 4712//4712 4215//4215 4706//4706
f 4712//4712 4706//4706 4703//4703
f 4712//4712 4703//4703 4709//4709
f 4713//4713 4702//4702 4710//4710
f 4714//4714 4707//4707 4704//4704
f 4714//4714 4704//4704 4711//4711
f 4715//4715 4702//4702 4713//4713
f 4715//4715 4705//4705 4702//4702
f 4715//4715 4709//4709 4705//4705
f 4716//4716 4707//4707 4714//4714
f 4716//4716 4710//4710 4707//4707
f 4717//4717 4708//4708 3410//3410
f 4718//4718 4709//4709 4715//4715
f 4719//4719 4710//4710 4716//4716
f 4719//4719 4713//4713 4710//4710
f 4720//4720 4708//4708 4717//4717
f 4720//4720 4711//4711 4708//4708
f 4721//4721 4709//4709 4718//4718
f 4721//4721 4216//4216 4215//4215
f 4721//4721 4215//4215 4712//4712
f 4721//4721 4712//4712 4709//4709
f 4722//4722 4713//4713 4719//4719
f 4722//4722 4715//4715 4713//4713
f 4723//4723 4711//4711 4720//4720
f 4723//4723 4714//4714 4711//4711
f 4724//4724 4717//4717 3410//3410
f 4724//4724 4720//4720 4717//4717
f 4724//4724 3410//3410 3411//3411
f 4725//4725 4718//4718 4715//4715
f 4725//4725 4715//4715 4722//4722
f 4726//4726 4714//4714 4723//4723
f 4726//4726 4716//4716 4714//4714
f 4727//4727 4723//4723 4720//4720
f 4727//4727 4720//4720 4724//4724
f 4728//4728 4216//4216 4721//4721
f 4728//4728 4718//4718 4725//4725
f 4728//4728 4721//4721 4718//4718
f 4729//4729 4716//4716 4726//4726
f 4729//4729 4719//4719 4716//4716
f 4730//4730 4723//4723 4727//4727
f 4731//4731 4719//4719 4729//4729
f 4731//4731 4722//4722 4719//4719
f 4732//4732 4726//4726 4723//4723
f 4732//4732 4723//4723 4730//4730
f 4732//4732 4729//4729 4726//4726
f 4733//4733 4724//4724 3411//3411
f 4734//4734 4722//4722 4731//4731
f 4734//4734 4725//4725 4722//4722
f 4735//4735 4729//4729 4732//4732
f 4736//4736 4724//4724 4733//4733
f 4736//4736 4727//4727 4724//4724
f 4737//4737 4217//4217 4216//4216
f 4737//4737 4216//4216 4728//4728
f 4737//4737 4728//4728 4725//4725
f 4737//4737 4725//4725 4734//4734
f 4738//4738 4731//4731 4729//4729
f 4738//4738 4734//4734 4731//4731
f 4738//4738 4729//4729 4735//4735
f 4739//4739 4730//4730 4727//4727
f 4739//4739 4727//4727 4736//4736
f 4740//4740 4733//4733 3411//3411
f 4740//4740 4736//4736 4733//4733
f 4740//4740 3411//3411 3412//3412
f 4741//4741 4734//4734 4738//4738
f 4742//4742 4732//4732 4730//4730
f 4742//4742 4730//4730 4739//4739
f 4743//4743 4736//4736 4740//4740
f 4744//4744 4217//4217 4737//4737
f 4744//4744 4737//4737 4734//4734
f 4744//4744 4734//4734 4741//4741
f 4745//4745 4735//4735 4732//4732
f 4745//4745 4732//4732 4742//4742
f 4746//4746 4739//4739 4736//4736
f 4746//4746 4736//4736 4743//4743
f 4747//4747 4735//4735 4745//4745
f 4747//4747 4738//4738 4735//4735
f 4748//4748 4740//4740 3412//3412
f 4749//4749 4742//4742 4739//4739
f 4749//4749 4739//4739 4746//4746
f 4750//4750 4741//4741 4738//4738
f 4750//4750 4738//4738 4747//4747
f 4751//4751 4740//4740 4748//4748
f 4751//4751 4743//4743 4740//4740
f 4752//4752 4745//4745 4742//4742
f 4752//4752 4742//4742 4749//4749
f 4753//4753 4218//4218 4217//4217
f 4753//4753 4217//4217 4744//4744
f 4753//4753 4744//4744 4741//4741
f 4753//4753 4741//4741 4750//4750
f 4754//4754 4743//4743 4751//4751
f 4754//4754 4746//4746 4743//4743
f 4755//4755 4750//4750 4747//4747
f 4755//4755 4745//4745 4752//4752
f 4755//4755 4747//4747 4745//4745
f 4756//4756 4746//4746 4754//4754
f 4756//4756 4749//4749 4746//4746
f 4757//4757 3412//3412 3413//3413
f 4757//4757 4748//4748 3412//3412
f 4757//4757 4751//4751 4748//4748
f 4758//4758 4750//4750 4755//4755
f 4759//4759 4749//4749 4756//4756
f 4759//4759 4752//4752 4749//4749
f 4760//4760 4751//4751 4757//4757
f 4761//4761 4753//4753 4750//4750
f 4761//4761 4750//4750 4758//4758
f 4761//4761 4218//4218 4753//4753
f 4762//4762 4752//4752 4759//4759
f 4762//4762 4755//4755 4752//4752
f 4763//4763 4754//4754 4751//4751
f 4763//4763 4751//4751 4760//4760
f 4764//4764 4757//4757 3413//3413
f 4765//4765 4758//4758 4755//4755
f 4765//4765 4755//4755 4762//4762
f 4766//4766 4756//4756 4754//4754
f 4766//4766 4759//4759 4756//4756
f 4766//4766 4754//4754 4763//4763
f 4767//4767 4757//4757 4764//4764
f 4767//4767 4760//4760 4757//4757
f 4768//4768 4761//4761 4758//4758
f 4768//4768 4219//4219 4218//4218
f 4768//4768 4758//4758 4765//4765
f 4768//4768 4218//4218 4761//4761
f 4769//4769 4759//4759 4766//4766
f 4770//4770 4760//4760 4767//4767
f 4770//4770 4763//4763 4760//4760
f 4770//4770 4766//4766 4763//4763
f 4771//4771 4762//4762 4759//4759
f 4771//4771 4765//4765 4762//4762
f 4771//4771 4759//4759 4769//4769
f 4772//4772 4766//4766 4770//4770
f 4773//4773 4764//4764 3413//3413
f 4773//4773 3413//3413 3414//3414
f 4774//4774 4765//4765 4771//4771
f 4775//4775 4769//4769 4766//4766
f 4775//4775 4766//4766 4772//4772
f 4776//4776 4767//4767 4764//4764
f 4776//4776 4764//4764 4773//4773
f 4776//4776 4770//4770 4767//4767
f 4777//4777 4219//4219 4768//4768
f 4777//4777 4768//4768 4765//4765
f 4777//4777 4765//4765 4774//4774
f 4778//4778 4769//4769 4775//4775
f 4778//4778 4771//4771 4769//4769
f 4778//4778 4774//4774 4771//4771
f 4779//4779 4770//4770 4776//4776
f 4780//4780 4773//4773 3414//3414
f 4780//4780 4776//4776 4773//4773
f 4781//4781 4777//4777 4774//4774
f 4781//4781 4774//4774 4778//4778
f 4782//4782 4772//4772 4770//4770
f 4782//4782 4770//4770 4779//4779
f 4783//4783 4779//4779 4776//4776
f 4783//4783 4776//4776 4780//4780
f 4784//4784 4220//4220 4219//4219
f 4784//4784 4219//4219 4777//4777
f 4784//4784 4777//4777 4781//4781
f 4785//4785 4775//4775 4772//4772
f 4785//4785 4772//4772 4782//4782
f 4786//4786 4779//4779 4783//4783
f 4787//4787 4778//4778 4775//4775
f 4787//4787 4775//4775 4785//4785
f 4788//4788 4779//4779 4786//4786
f 4788//4788 4782//4782 4779//4779
f 4789//4789 3414//3414 3415//3415
f 4789//4789 4780//4780 3414//3414
f 4790//4790 4778//4778 4787//4787
f 4790//4790 4781//4781 4778//4778
f 4791//4791 4785//4785 4782//4782
f 4791//4791 4782//4782 4788//4788
f 4791//4791 4787//4787 4785//4785
f 4792//4792 4780//4780 4789//4789
f 4792//4792 4783//4783 4780//4780
f 4793//4793 4784//4784 4781//4781
f 4793//4793 4781//4781 4790//4790
f 4793//4793 4220//4220 4784//4784
f 4794//4794 4787//4787 4791//4791
f 4794//4794 4790//4790 4787//4787
f 4795//4795 4789//4789 3415//3415
f 4796//4796 4786//4786 4783//4783
f 4796//4796 4783//4783 4792//4792
f 4797//4797 4793//4793 4790//4790
f 4797//4797 4790//4790 4794//4794
f 4798//4798 4792//4792 4789//4789
f 4798//4798 4796//4796 4792//4792
f 4798//4798 4789//4789 4795//4795
f 4799//4799 4786//4786 4796//4796
f 4799//4799 4788//4788 4786//4786
f 4800//4800 4221//4221 4220//4220
f 4800//4800 4220//4220 4793//4793
f 4800//4800 4793//4793 4797//4797
f 4801//4801 4796//4796 4798//4798
f 4801//4801 4799//4799 4796//4796
f 4802//4802 4791//4791 4788//4788
f 4802//4802 4788//4788 4799//4799
f 4803//4803 4799//4799 4801//4801
f 4804//4804 4791//4791 4802//4802
f 4804//4804 4794//4794 4791//4791
f 4805//4805 4795//4795 3415//3415
f 4805//4805 3415//3415 3416//3416
f 4806//4806 4804//4804 4802//4802
f 4806//4806 4802//4802 4799//4799
f 4806//4806 4799//4799 4803//4803
f 4807//4807 4797//4797 4794//4794
f 4807//4807 4794//4794 4804//4804
f 4808//4808 4798//4798 4795//4795
f 4808//4808 4795//4795 4805//4805
f 4808//4808 4801//4801 4798//4798
f 4809//4809 4804//4804 4806//4806
f 4809//4809 4807//4807 4804//4804
f 4810//4810 4221//4221 4800//4800
f 4810//4810 4800//4800 4797//4797
f 4810//4810 4797//4797 4807//4807
f 4811//4811 4805//4805 3416//3416
f 4812//4812 4803//4803 4801//4801
f 4812//4812 4801//4801 4808//4808
f 4813//4813 4807//4807 4809//4809
f 4813//4813 4810//4810 4807//4807
f 4814//4814 4805//4805 4811//4811
f 4814//4814 4808//4808 4805//4805
f 4815//4815 4803//4803 4812//4812
f 4816//4816 4222//4222 4221//4221
f 4816//4816 4221//4221 4810//4810
f 4816//4816 4810//4810 4813//4813
f 4817//4817 4812//4812 4808//4808
f 4817//4817 4808//4808 4814//4814
f 4818//4818 4806//4806 4803//4803
f 4818//4818 4803//4803 4815//4815
f 4819//4819 4815//4815 4812//4812
f 4819//4819 4812//4812 4817//4817
f 4820//4820 4809//4809 4806//4806
f 4820//4820 4806//4806 4818//4818
f 4821//4821 4818//4818 4815//4815
f 4821//4821 4815//4815 4819//4819
f 4821//4821 4820//4820 4818//4818
f 4822//4822 3416//3416 3417//3417
f 4822//4822 4811//4811 3416//3416
f 4823//4823 4809//4809 4820//4820
f 4823//4823 4813//4813 4809//4809
f 4824//4824 4823//4823 4820//4820
f 4824//4824 4820//4820 4821//4821
f 4825//4825 4811//4811 4822//4822
f 4825//4825 4822//4822 3417//3417
f 4825//4825 4814//4814 4811//4811
f 4826//4826 4813//4813 4823//4823
f 4826//4826 4222//4222 4816//4816
f 4826//4826 4816//4816 4813//4813
f 4827//4827 4823//4823 4824//4824
f 4827//4827 4826//4826 4823//4823
f 4828//4828 4814//4814 4825//4825
f 4828//4828 4817//4817 4814//4814
f 4829//4829 4223//4223 4222//4222
f 4829//4829 4222//4222 4826//4826
f 4829//4829 4826//4826 4827//4827
f 4830//4830 4819//4819 4817//4817
f 4830//4830 4817//4817 4828//4828
f 4831//4831 4821//4821 4819//4819
f 4831//4831 4824//4824 4821//4821
f 4831//4831 4819//4819 4830//4830
f 4832//4832 4824//4824 4831//4831
f 4833//4833 3417//3417 3418//3418
f 4834//4834 4827//4827 4824//4824
f 4834//4834 4824//4824 4832//4832
f 4835//4835 4825//4825 3417//3417
f 4835//4835 4833//4833 3418//3418
f 4835//4835 3417//3417 4833//4833
f 4836//4836 4224//4224 4223//4223
f 4836//4836 4223//4223 4829//4829
f 4836//4836 4829//4829 4827//4827
f 4836//4836 4827//4827 4834//4834
f 4837//4837 4830//4830 4828//4828
f 4837//4837 4825//4825 4835//4835
f 4837//4837 4828//4828 4825//4825
f 4838//4838 4830//4830 4837//4837
f 4839//4839 4830//4830 4838//4838
f 4839//4839 4831//4831 4830//4830
f 4840//4840 4832//4832 4831//4831
f 4840//4840 4834//4834 4832//4832
f 4840//4840 4831//4831 4839//4839
f 4841//4841 3418//3418 3419//3419
f 4842//4842 4836//4836 4834//4834
f 4842//4842 4834//4834 4840//4840
f 4843//4843 4835//4835 3418//3418
f 4843//4843 3418//3418 4841//4841
f 4843//4843 4841//4841 3419//3419
f 4844//4844 4224//4224 4836//4836
f 4844//4844 4836//4836 4842//4842
f 4845//4845 4835//4835 4843//4843
f 4845//4845 4837//4837 4835//4835
f 4846//4846 4838//4838 4837//4837
f 4846//4846 4837//4837 4845//4845
f 4847//4847 4838//4838 4846//4846
f 4847//4847 4839//4839 4838//4838
f 4848//4848 4840//4840 4839//4839
f 4848//4848 4839//4839 4847//4847
f 4849//4849 3420//3420 4167//4167
f 4849//4849 3419//3419 3420//3420
f 4850//4850 4840//4840 4848//4848
f 4850//4850 4842//4842 4840//4840
f 4851//4851 3419//3419 4849//4849
f 4851//4851 4167//4167 4168//4168
f 4851//4851 4843//4843 3419//3419
f 4851//4851 4849//4849 4167//4167
f 4852//4852 4225//4225 4224//4224
f 4852//4852 4224//4224 4844//4844
f 4852//4852 4844//4844 4842//4842
f 4852//4852 4842//4842 4850//4850
f 4853//4853 4845//4845 4843//4843
f 4853//4853 4168//4168 4169//4169
f 4853//4853 4851//4851 4168//4168
f 4853//4853 4169//4169 4170//4170
f 4853//4853 4843//4843 4851//4851
f 4854//4854 4845//4845 4853//4853
f 4854//4854 4846//4846 4845//4845
f 4854//4854 4853//4853 4170//4170
f 4855//4855 4846//4846 4854//4854
f 4855//4855 4170//4170 4171//4171
f 4855//4855 4171//4171 4172//4172
f 4855//4855 4847//4847 4846//4846
f 4855//4855 4854//4854 4170//4170
f 4856//4856 4847//4847 4855//4855
f 4856//4856 4172//4172 4173//4173
f 4856//4856 4855//4855 4172//4172
f 4856//4856 4848//4848 4847//4847
f 4857//4857 4856//4856 4173//4173
f 4857//4857 4848//4848 4856//4856
f 4857//4857 4850//4850 4848//4848
f 4858//4858 4852//4852 4850//4850
f 4858//4858 4850//4850 4857//4857
f 4858//4858 4226//4226 4225//4225
f 4858//4858 4173//4173 4174//4174
f 4858//4858 4857//4857 4173//4173
f 4858//4858 4174//4174 4226//4226
f 4858//4858 4225//4225 4852//4852
f 3512//3512 3514//3514 3513//3513
f 3512//3512 3515//3515 3514//3514
f 3520//3520 3516//3516 3515//3515
f 3520//3520 3517//3517 3516//3516
f 3520//3520 3518//3518 3517//3517
f 3520//3520 3519//3519 3518//3518
f 3510//3510 3512//3512 3511//3511
f 3522//3522 3521//3521 3520//3520
f 3523//3523 3522//3522 3520//3520
f 3508//3508 3510//3510 3509//3509
f 3526//3526 3525//3525 3524//3524
f 3527//3527 3524//3524 3523//3523
f 3527//3527 3512//3512 3510//3510
f 3527//3527 3520//3520 3515//3515
f 3527//3527 3515//3515 3512//3512
f 3527//3527 3510//3510 3508//3508
f 3527//3527 3523//3523 3520//3520
f 3527//3527 3526//3526 3524//3524
f 3529//3529 3527//3527 3508//3508
f 3529//3529 3507//3507 3506//3506
f 3529//3529 3508//3508 3507//3507
f 3529//3529 3528//3528 3527//3527
f 3501//3501 3503//3503 3502//3502
f 3531//3531 3530//3530 3529//3529
f 3499//3499 3503//3503 3501//3501
f 3499//3499 3501//3501 3500//3500
f 3499//3499 3504//3504 3503//3503
f 3499//3499 3505//3505 3504//3504
f 3534//3534 3529//3529 3506//3506
f 3534//3534 3531//3531 3529//3529
f 3534//3534 3532//3532 3531//3531
f 3534//3534 3533//3533 3532//3532
f 3495//3495 3497//3497 3496//3496
f 3484//3484 3483//3483 3534//3534
f 3494//3494 3498//3498 3497//3497
f 3494//3494 3499//3499 3498//3498
f 3494//3494 3497//3497 3495//3495
f 3487//3487 3485//3485 3484//3484
f 3487//3487 3486//3486 3485//3485
f 3487//3487 3484//3484 3534//3534
f 3487//3487 3534//3534 3506//3506
f 3491//3491 3493//3493 3492//3492
f 3489//3489 3488//3488 3487//3487
f 3489//3489 3506//3506 3505//3505
f 3489//3489 3487//3487 3506//3506
f 3490//3490 3494//3494 3493//3493
f 3490//3490 3505//3505 3499//3499
f 3490//3490 3489//3489 3505//3505
f 3490//3490 3499//3499 3494//3494
f 3490//3490 3493//3493 3491//3491
f 4204//4204 4205//4205 4206//4206
f 4204//4204 4206//4206 4207//4207
f 4212//4212 4207//4207 4208//4208
f 4212//4212 4208//4208 4209//4209
f 4212//4212 4209//4209 4210//4210
f 4212//4212 4210//4210 4211//4211
f 4202//4202 4203//4203 4204//4204
f 4214//4214 4212//4212 4213//4213
f 4215//4215 4212//4212 4214//4214
f 4200//4200 4201//4201 4202//4202
f 4218//4218 4216//4216 4217//4217
f 4219//4219 4215//4215 4216//4216
f 4219//4219 4202//4202 4204//4204
f 4219//4219 4207//4207 4212//4212
f 4219//4219 4204//4204 4207//4207
f 4219//4219 4200//4200 4202//4202
f 4219//4219 4212//4212 4215//4215
f 4219//4219 4216//4216 4218//4218
f 4221//4221 4200//4200 4219//4219
f 4221//4221 4198//4198 4199//4199
f 4221//4221 4199//4199 4200//4200
f 4221//4221 4219//4219 4220//4220
f 4193//4193 4194//4194 4195//4195
f 4223//4223 4221//4221 4222//4222
f 4191//4191 4193//4193 4195//4195
f 4191//4191 4192//4192 4193//4193
f 4191//4191 4195//4195 4196//4196
f 4191//4191 4196//4196 4197//4197
f 4226//4226 4198//4198 4221//4221
f 4226//4226 4221//4221 4223//4223
f 4226//4226 4223//4223 4224//4224
f 4226//4226 4224//4224 4225//4225
f 4187//4187 4188//4188 4189//4189
f 4176//4176 4226//4226 4175//4175
f 4186//4186 4189//4189 4190//4190
f 4186//4186 4190//4190 4191//4191
f 4186//4186 4187//4187 4189//4189
f 4179//4179 4176//4176 4177//4177
f 4179//4179 4177//4177 4178//4178
f 4179//4179 4226//4226 4176//4176
f 4179//4179 4198//4198 4226//4226
f 4183//4183 4184//4184 4185//4185
f 4181//4181 4179//4179 4180//4180
f 4181//4181 4197//4197 4198//4198
f 4181//4181 4198//4198 4179//4179
f 4182//4182 4185//4185 4186//4186
f 4182//4182 4191//4191 4197//4197
f 4182//4182 4197//4197 4181//4181
f 4182//4182 4186//4186 4191//4191
f 4182//4182 4183//4183 4185//4185
o cap_5
usemtl PLA_a8aaa8
v -0.03250 0.01570 -0.01900
v -0.03250 0.01564 -0.01813
v -0.03250 0.01547 -0.01728
v -0.03250 0.01518 -0.01646
v -0.03250 0.01479 -0.01569
v -0.03250 0.01430 -0.01497
v -0.03250 0.01372 -0.01433
v -0.03250 0.01306 -0.01377
v -0.03250 0.01232 -0.01330
v -0.03250 0.01154 -0.01293
v -0.03250 0.01071 -0.01268
v -0.03250 0.00985 -0.01253
v -0.03250 0.00898 -0.01250
v -0.03250 0.00812 -0.01259
v -0.03250 0.00727 -0.01279
v -0.03250 0.00646 -0.01310
v -0.03250 0.00570 -0.01352
v -0.03250 0.00500 -0.01404
v -0.03250 0.00438 -0.01464
v -0.03250 0.00384 -0.01532
v -0.03250 0.00340 -0.01607
v -0.03250 0.00306 -0.01687
v -0.03250 0.00283 -0.01771
v -0.03250 0.00271 -0.01857
v -0.03250 0.00271 -0.01943
v -0.03250 0.00283 -0.02029
v -0.03250 0.00306 -0.02113
v -0.03250 0.00340 -0.02193
v -0.03250 0.00384 -0.02268
v -0.03250 0.00438 -0.02336
v -0.03250 0.00500 -0.02396
v -0.03250 0.00570 -0.02448
v -0.03250 0.00646 -0.02490
v -0.03250 0.00727 -0.02521
v -0.03250 0.00812 -0.02541
v -0.03250 0.00898 -0.02550
v -0.03250 0.00985 -0.02547
v -0.03250 0.01071 -0.02532
v -0.03250 0.01154 -0.02507
v -0.03250 0.01232 -0.02470
v -0.03250 0.01306 -0.02423
v -0.03250 0.01372 -0.02367
v -0.03250 0.01430 -0.02303
v -0.03250 0.01479 -0.02231
v -0.03250 0.01518 -0.02154
v -0.03250 0.01547 -0.02072
v -0.03250 0.01564 -0.01987
v -0.03290 0.01570 -0.01900
v -0.03290 0.01564 -0.01813
v -0.03290 0.01547 -0.01728
v -0.03290 0.01518 -0.01646
v -0.03290 0.01479 -0.01569
v -0.03290 0.01430 -0.01497
v -0.03290 0.01372 -0.01433
v -0.03290 0.01306 -0.01377
v -0.03290 0.01232 -0.01330
v -0.03290 0.01154 -0.01293
v -0.03290 0.01071 -0.01268
v -0.03290 0.00985 -0.01253
v -0.03290 0.00898 -0.01250
v -0.03290 0.00812 -0.01259
v -0.03290 0.00727 -0.01279
v -0.03290 0.00646 -0.01310
v -0.03290 0.00570 -0.01352
v -0.03290 0.00500 -0.01404
v -0.03290 0.00438 -0.01464
v -0.03290 0.00384 -0.01532
v -0.03290 0.00340 -0.01607
v -0.03290 0.00306 -0.01687
v -0.03290 0.00283 -0.01771
v -0.03290 0.00271 -0.01857
v -0.03290 0.00271 -0.01943
v -0.03290 0.00283 -0.02029
v -0.03290 0.00306 -0.02113
v -0.03290 0.00340 -0.02193
v -0.03290 0.00384 -0.02268
v -0.03290 0.00438 -0.02336
v -0.03290 0.00500 -0.02396
v -0.03290 0.00570 -0.02448
v -0.03290 0.00646 -0.02490
v -0.03290 0.00727 -0.02521
v -0.03290 0.00812 -0.02541
v -0.03290 0.00898 -0.02550
v -0.03290 0.00985 -0.02547
v -0.03290 0.01071 -0.02532
v -0.03290 0.01154 -0.02507
v -0.03290 0.01232 -0.02470
v -0.03290 0.01306 -0.02423
v -0.03290 0.01372 -0.02367
v -0.03290 0.01430 -0.02303
v -0.03290 0.01479 -0.02231
v -0.03290 0.01518 -0.02154
v -0.03290 0.01547 -0.02072
v -0.03290 0.01564 -0.01987
vn -0.0000 1.0000 -0.0000
vn 0.0000 0.9911 0.1333
vn 0.0000 0.9645 0.2642
vn 0.0000 0.9206 0.3904
vn 0.0000 0.8604 0.5096
vn 0.0000 0.7848 0.6197
vn 0.0000 0.6952 0.7188
vn 0.0000 0.5932 0.8051
vn 0.0000 0.4806 0.8769
vn 0.0000 0.3594 0.9332
vn 0.0000 0.2318 0.9728
vn 0.0000 0.1001 0.9950
vn 0.0000 -0.0334 0.9994
vn 0.0000 -0.1663 0.9861
vn 0.0000 -0.2963 0.9551
vn 0.0000 -0.4209 0.9071
vn 0.0000 -0.5381 0.8429
vn 0.0000 -0.6456 0.7637
vn 0.0000 -0.7417 0.6708
vn 0.0000 -0.8244 0.5659
vn 0.0000 -0.8925 0.4510
vn 0.0000 -0.9447 0.3280
vn 0.0000 -0.9800 0.1992
vn 0.0000 -0.9978 0.0668
vn 0.0000 -0.9978 -0.0668
vn 0.0000 -0.9800 -0.1992
vn 0.0000 -0.9447 -0.3280
vn 0.0000 -0.8925 -0.4510
vn 0.0000 -0.8244 -0.5659
vn 0.0000 -0.7417 -0.6708
vn 0.0000 -0.6456 -0.7637
vn 0.0000 -0.5381 -0.8429
vn 0.0000 -0.4209 -0.9071
vn 0.0000 -0.2963 -0.9551
vn 0.0000 -0.1663 -0.9861
vn 0.0000 -0.0334 -0.9994
vn -0.0000 0.1001 -0.9950
vn -0.0000 0.2318 -0.9728
vn -0.0000 0.3594 -0.9332
vn -0.0000 0.4806 -0.8769
vn -0.0000 0.5932 -0.8051
vn -0.0000 0.6952 -0.7188
vn -0.0000 0.7848 -0.6197
vn -0.0000 0.8604 -0.5096
vn -0.0000 0.9206 -0.3904
vn -0.0000 0.9645 -0.2642
vn -0.0000 0.9911 -0.1333
vn -0.0000 1.0000 -0.0000
vn 0.0000 0.9911 0.1333
vn 0.0000 0.9645 0.2642
vn 0.0000 0.9206 0.3904
vn 0.0000 0.8604 0.5096
vn 0.0000 0.7848 0.6197
vn 0.0000 0.6952 0.7188
vn 0.0000 0.5932 0.8051
vn 0.0000 0.4806 0.8769
vn 0.0000 0.3594 0.9332
vn 0.0000 0.2318 0.9728
vn 0.0000 0.1001 0.9950
vn 0.0000 -0.0334 0.9994
vn 0.0000 -0.1663 0.9861
vn 0.0000 -0.2963 0.9551
vn 0.0000 -0.4209 0.9071
vn 0.0000 -0.5381 0.8429
vn 0.0000 -0.6456 0.7637
vn 0.0000 -0.7417 0.6708
vn 0.0000 -0.8244 0.5659
vn 0.0000 -0.8925 0.4510
vn 0.0000 -0.9447 0.3280
vn 0.0000 -0.9800 0.1992
vn 0.0000 -0.9978 0.0668
vn 0.0000 -0.9978 -0.0668
vn 0.0000 -0.9800 -0.1992
vn 0.0000 -0.9447 -0.3280
vn 0.0000 -0.8925 -0.4510
vn 0.0000 -0.8244 -0.5659
vn 0.0000 -0.7417 -0.6708
vn 0.0000 -0.6456 -0.7637
vn 0.0000 -0.5381 -0.8429
vn 0.0000 -0.4209 -0.9071
vn 0.0000 -0.2963 -0.9551
vn 0.0000 -0.1663 -0.9861
vn 0.0000 -0.0334 -0.9994
vn -0.0000 0.1001 -0.9950
vn -0.0000 0.2318 -0.9728
vn -0.0000 0.3594 -0.9332
vn -0.0000 0.4806 -0.8769
vn -0.0000 0.5932 -0.8051
vn -0.0000 0.6952 -0.7188
vn -0.0000 0.7848 -0.6197
vn -0.0000 0.8604 -0.5096
vn -0.0000 0.9206 -0.3904
vn -0.0000 0.9645 -0.2642
vn -0.0000 0.9911 -0.1333
f 4860//4860 4859//4859 4906//4906
f 4860//4860 4906//4906 4907//4907
f 4861//4861 4860//4860 4907//4907
f 4861//4861 4907//4907 4908//4908
f 4862//4862 4861//4861 4908//4908
f 4862//4862 4908//4908 4909//4909
f 4863//4863 4862//4862 4909//4909
f 4863//4863 4909//4909 4910//4910
f 4864//4864 4863//4863 4910//4910
f 4864//4864 4910//4910 4911//4911
f 4865//4865 4864//4864 4911//4911
f 4865//4865 4911//4911 4912//4912
f 4866//4866 4865//4865 4912//4912
f 4866//4866 4912//4912 4913//4913
f 4867//4867 4866//4866 4913//4913
f 4867//4867 4913//4913 4914//4914
f 4868//4868 4867//4867 4914//4914
f 4868//4868 4914//4914 4915//4915
f 4868//4868 4915//4915 4916//4916
f 4869//4869 4868//4868 4916//4916
f 4870//4870 4869//4869 4916//4916
f 4870//4870 4916//4916 4917//4917
f 4871//4871 4870//4870 4917//4917
f 4871//4871 4917//4917 4918//4918
f 4872//4872 4871//4871 4918//4918
f 4872//4872 4918//4918 4919//4919
f 4873//4873 4872//4872 4919//4919
f 4873//4873 4919//4919 4920//4920
f 4874//4874 4873//4873 4920//4920
f 4874//4874 4920//4920 4921//4921
f 4875//4875 4921//4921 4922//4922
f 4875//4875 4874//4874 4921//4921
f 4876//4876 4922//4922 4923//4923
f 4876//4876 4875//4875 4922//4922
f 4877//4877 4923//4923 4924//4924
f 4877//4877 4924//4924 4925//4925
f 4877//4877 4876//4876 4923//4923
f 4878//4878 4877//4877 4925//4925
f 4879//4879 4925//4925 4926//4926
f 4879//4879 4878//4878 4925//4925
f 4880//4880 4926//4926 4927//4927
f 4880//4880 4879//4879 4926//4926
f 4881//4881 4927//4927 4928//4928
f 4881//4881 4880//4880 4927//4927
f 4882//4882 4928//4928 4929//4929
f 4882//4882 4929//4929 4930//4930
f 4882//4882 4881//4881 4928//4928
f 4883//4883 4882//4882 4930//4930
f 4884//4884 4930//4930 4931//4931
f 4884//4884 4883//4883 4930//4930
f 4885//4885 4884//4884 4931//4931
f 4885//4885 4931//4931 4932//4932
f 4885//4885 4932//4932 4933//4933
f 4886//4886 4885//4885 4933//4933
f 4887//4887 4886//4886 4933//4933
f 4887//4887 4933//4933 4934//4934
f 4888//4888 4887//4887 4934//4934
f 4888//4888 4934//4934 4935//4935
f 4889//4889 4888//4888 4935//4935
f 4889//4889 4935//4935 4936//4936
f 4890//4890 4889//4889 4936//4936
f 4890//4890 4936//4936 4937//4937
f 4891//4891 4890//4890 4937//4937
f 4891//4891 4937//4937 4938//4938
f 4892//4892 4891//4891 4938//4938
f 4892//4892 4938//4938 4939//4939
f 4893//4893 4892//4892 4939//4939
f 4893//4893 4939//4939 4940//4940
f 4894//4894 4893//4893 4940//4940
f 4894//4894 4940//4940 4941//4941
f 4895//4895 4894//4894 4941//4941
f 4895//4895 4941//4941 4942//4942
f 4896//4896 4895//4895 4942//4942
f 4896//4896 4942//4942 4943//4943
f 4897//4897 4896//4896 4943//4943
f 4897//4897 4943//4943 4944//4944
f 4898//4898 4897//4897 4944//4944
f 4898//4898 4944//4944 4945//4945
f 4899//4899 4898//4898 4945//4945
f 4899//4899 4945//4945 4946//4946
f 4900//4900 4899//4899 4946//4946
f 4900//4900 4946//4946 4947//4947
f 4901//4901 4900//4900 4947//4947
f 4901//4901 4947//4947 4948//4948
f 4902//4902 4901//4901 4948//4948
f 4902//4902 4948//4948 4949//4949
f 4903//4903 4902//4902 4949//4949
f 4903//4903 4949//4949 4950//4950
f 4904//4904 4903//4903 4950//4950
f 4904//4904 4950//4950 4951//4951
f 4905//4905 4904//4904 4951//4951
f 4905//4905 4951//4951 4952//4952
f 4859//4859 4905//4905 4952//4952
f 4859//4859 4952//4952 4906//4906
f 4891//4891 4889//4889 4890//4890
f 4883//4883 4884//4884 4885//4885
f 4883//4883 4885//4885 4886//4886
f 4883//4883 4886//4886 4887//4887
f 4883//4883 4887//4887 4888//4888
f 4896//4896 4894//4894 4895//4895
f 4880//4880 4881//4881 4882//4882
f 4897//4897 4894//4894 4896//4896
f 4879//4879 4880//4880 4882//4882
f 4898//4898 4894//4894 4897//4897
f 4899//4899 4894//4894 4898//4898
f 4877//4877 4878//4878 4879//4879
f 4900//4900 4894//4894 4899//4899
f 4876//4876 4882//4882 4883//4883
f 4876//4876 4877//4877 4879//4879
f 4876//4876 4879//4879 4882//4882
f 4901//4901 4888//4888 4889//4889
f 4901//4901 4891//4891 4892//4892
f 4901//4901 4892//4892 4893//4893
f 4901//4901 4893//4893 4894//4894
f 4901//4901 4889//4889 4891//4891
f 4901//4901 4894//4894 4900//4900
f 4904//4904 4901//4901 4902//4902
f 4904//4904 4902//4902 4903//4903
f 4872//4872 4873//4873 4874//4874
f 4872//4872 4874//4874 4875//4875
f 4905//4905 4901//4901 4904//4904
f 4905//4905 4888//4888 4901//4901
f 4859//4859 4875//4875 4876//4876
f 4859//4859 4888//4888 4905//4905
f 4859//4859 4883//4883 4888//4888
f 4859//4859 4876//4876 4883//4883
f 4870//4870 4871//4871 4872//4872
f 4868//4868 4859//4859 4860//4860
f 4868//4868 4869//4869 4870//4870
f 4868//4868 4872//4872 4875//4875
f 4868//4868 4875//4875 4859//4859
f 4868//4868 4870//4870 4872//4872
f 4864//4864 4861//4861 4862//4862
f 4864//4864 4862//4862 4863//4863
f 4865//4865 4860//4860 4861//4861
f 4865//4865 4866//4866 4867//4867
f 4865//4865 4867//4867 4868//4868
f 4865//4865 4868//4868 4860//4860
f 4865//4865 4861//4861 4864//4864
f 4938//4938 4937//4937 4936//4936
f 4930//4930 4932//4932 4931//4931
f 4930//4930 4933//4933 4932//4932
f 4930//4930 4934//4934 4933//4933
f 4930//4930 4935//4935 4934//4934
f 4943//4943 4942//4942 4941//4941
f 4927//4927 4929//4929 4928//4928
f 4944//4944 4943//4943 4941//4941
f 4926//4926 4929//4929 4927//4927
f 4945//4945 4944//4944 4941//4941
f 4946//4946 4945//4945 4941//4941
f 4924//4924 4926//4926 4925//4925
f 4947//4947 4946//4946 4941//4941
f 4923//4923 4930//4930 4929//4929
f 4923//4923 4926//4926 4924//4924
f 4923//4923 4929//4929 4926//4926
f 4948//4948 4936//4936 4935//4935
f 4948//4948 4939//4939 4938//4938
f 4948//4948 4940//4940 4939//4939
f 4948//4948 4941//4941 4940//4940
f 4948//4948 4938//4938 4936//4936
f 4948//4948 4947//4947 4941//4941
f 4951//4951 4949//4949 4948//4948
f 4951//4951 4950//4950 4949//4949
f 4919//4919 4921//4921 4920//4920
f 4919//4919 4922//4922 4921//4921
f 4952//4952 4951//4951 4948//4948
f 4952//4952 4948//4948 4935//4935
f 4906//4906 4923//4923 4922//4922
f 4906//4906 4952//4952 4935//4935
f 4906//4906 4935//4935 4930//4930
f 4906//4906 4930//4930 4923//4923
f 4917//4917 4919//4919 4918//4918
f 4915//4915 4907//4907 4906//4906
f 4915//4915 4917//4917 4916//4916
f 4915//4915 4922//4922 4919//4919
f 4915//4915 4906//4906 4922//4922
f 4915//4915 4919//4919 4917//4917
f 4911//4911 4909//4909 4908//4908
f 4911//4911 4910//4910 4909//4909
f 4912//4912 4908//4908 4907//4907
f 4912//4912 4914//4914 4913//4913
f 4912//4912 4915//4915 4914//4914
f 4912//4912 4907//4907 4915//4915
f 4912//4912 4911//4911 4908//4908
o cap_6
usemtl PLA_a8aaa8
v 0.03290 0.01570 -0.01900
v 0.03290 0.01564 -0.01813
v 0.03290 0.01547 -0.01728
v 0.03290 0.01518 -0.01646
v 0.03290 0.01479 -0.01569
v 0.03290 0.01430 -0.01497
v 0.03290 0.01372 -0.01433
v 0.03290 0.01306 -0.01377
v 0.03290 0.01232 -0.01330
v 0.03290 0.01154 -0.01293
v 0.03290 0.01071 -0.01268
v 0.03290 0.00985 -0.01253
v 0.03290 0.00898 -0.01250
v 0.03290 0.00812 -0.01259
v 0.03290 0.00727 -0.01279
v 0.03290 0.00646 -0.01310
v 0.03290 0.00570 -0.01352
v 0.03290 0.00500 -0.01404
v 0.03290 0.00438 -0.01464
v 0.03290 0.00384 -0.01532
v 0.03290 0.00340 -0.01607
v 0.03290 0.00306 -0.01687
v 0.03290 0.00283 -0.01771
v 0.03290 0.00271 -0.01857
v 0.03290 0.00271 -0.01943
v 0.03290 0.00283 -0.02029
v 0.03290 0.00306 -0.02113
v 0.03290 0.00340 -0.02193
v 0.03290 0.00384 -0.02268
v 0.03290 0.00438 -0.02336
v 0.03290 0.00500 -0.02396
v 0.03290 0.00570 -0.02448
v 0.03290 0.00646 -0.02490
v 0.03290 0.00727 -0.02521
v 0.03290 0.00812 -0.02541
v 0.03290 0.00898 -0.02550
v 0.03290 0.00985 -0.02547
v 0.03290 0.01071 -0.02532
v 0.03290 0.01154 -0.02507
v 0.03290 0.01232 -0.02470
v 0.03290 0.01306 -0.02423
v 0.03290 0.01372 -0.02367
v 0.03290 0.01430 -0.02303
v 0.03290 0.01479 -0.02231
v 0.03290 0.01518 -0.02154
v 0.03290 0.01547 -0.02072
v 0.03290 0.01564 -0.01987
v 0.03250 0.01570 -0.01900
v 0.03250 0.01564 -0.01813
v 0.03250 0.01547 -0.01728
v 0.03250 0.01518 -0.01646
v 0.03250 0.01479 -0.01569
v 0.03250 0.01430 -0.01497
v 0.03250 0.01372 -0.01433
v 0.03250 0.01306 -0.01377
v 0.03250 0.01232 -0.01330
v 0.03250 0.01154 -0.01293
v 0.03250 0.01071 -0.01268
v 0.03250 0.00985 -0.01253
v 0.03250 0.00898 -0.01250
v 0.03250 0.00812 -0.01259
v 0.03250 0.00727 -0.01279
v 0.03250 0.00646 -0.01310
v 0.03250 0.00570 -0.01352
v 0.03250 0.00500 -0.01404
v 0.03250 0.00438 -0.01464
v 0.03250 0.00384 -0.01532
v 0.03250 0.00340 -0.01607
v 0.03250 0.00306 -0.01687
v 0.03250 0.00283 -0.01771
v 0.03250 0.00271 -0.01857
v 0.03250 0.00271 -0.01943
v 0.03250 0.00283 -0.02029
v 0.03250 0.00306 -0.02113
v 0.03250 0.00340 -0.02193
v 0.03250 0.00384 -0.02268
v 0.03250 0.00438 -0.02336
v 0.03250 0.00500 -0.02396
v 0.03250 0.00570 -0.02448
v 0.03250 0.00646 -0.02490
v 0.03250 0.00727 -0.02521
v 0.03250 0.00812 -0.02541
v 0.03250 0.00898 -0.02550
v 0.03250 0.00985 -0.02547
v 0.03250 0.01071 -0.02532
v 0.03250 0.01154 -0.02507
v 0.03250 0.01232 -0.02470
v 0.03250 0.01306 -0.02423
v 0.03250 0.01372 -0.02367
v 0.03250 0.01430 -0.02303
v 0.03250 0.01479 -0.02231
v 0.03250 0.01518 -0.02154
v 0.03250 0.01547 -0.02072
v 0.03250 0.01564 -0.01987
vn -0.0000 1.0000 -0.0000
vn 0.0000 0.9911 0.1333
vn 0.0000 0.9645 0.2642
vn 0.0000 0.9206 0.3904
vn 0.0000 0.8604 0.5096
vn 0.0000 0.7848 0.6197
vn 0.0000 0.6952 0.7188
vn 0.0000 0.5932 0.8051
vn 0.0000 0.4806 0.8769
vn 0.0000 0.3594 0.9332
vn 0.0000 0.2318 0.9728
vn 0.0000 0.1001 0.9950
vn 0.0000 -0.0334 0.9994
vn 0.0000 -0.1663 0.9861
vn 0.0000 -0.2963 0.9551
vn 0.0000 -0.4209 0.9071
vn 0.0000 -0.5381 0.8429
vn 0.0000 -0.6456 0.7637
vn 0.0000 -0.7417 0.6708
vn 0.0000 -0.8244 0.5659
vn 0.0000 -0.8925 0.4510
vn 0.0000 -0.9447 0.3280
vn 0.0000 -0.9800 0.1992
vn 0.0000 -0.9978 0.0668
vn 0.0000 -0.9978 -0.0668
vn 0.0000 -0.9800 -0.1992
vn 0.0000 -0.9447 -0.3280
vn 0.0000 -0.8925 -0.4510
vn 0.0000 -0.8244 -0.5659
vn 0.0000 -0.7417 -0.6708
vn 0.0000 -0.6456 -0.7637
vn 0.0000 -0.5381 -0.8429
vn 0.0000 -0.4209 -0.9071
vn 0.0000 -0.2963 -0.9551
vn 0.0000 -0.1663 -0.9861
vn 0.0000 -0.0334 -0.9994
vn -0.0000 0.1001 -0.9950
vn -0.0000 0.2318 -0.9728
vn -0.0000 0.3594 -0.9332
vn -0.0000 0.4806 -0.8769
vn -0.0000 0.5932 -0.8051
vn -0.0000 0.6952 -0.7188
vn -0.0000 0.7848 -0.6197
vn -0.0000 0.8604 -0.5096
vn -0.0000 0.9206 -0.3904
vn -0.0000 0.9645 -0.2642
vn -0.0000 0.9911 -0.1333
vn -0.0000 1.0000 -0.0000
vn 0.0000 0.9911 0.1333
vn 0.0000 0.9645 0.2642
vn 0.0000 0.9206 0.3904
vn 0.0000 0.8604 0.5096
vn 0.0000 0.7848 0.6197
vn 0.0000 0.6952 0.7188
vn 0.0000 0.5932 0.8051
vn 0.0000 0.4806 0.8769
vn 0.0000 0.3594 0.9332
vn 0.0000 0.2318 0.9728
vn 0.0000 0.1001 0.9950
vn 0.0000 -0.0334 0.9994
vn 0.0000 -0.1663 0.9861
vn 0.0000 -0.2963 0.9551
vn 0.0000 -0.4209 0.9071
vn 0.0000 -0.5381 0.8429
vn 0.0000 -0.6456 0.7637
vn 0.0000 -0.7417 0.6708
vn 0.0000 -0.8244 0.5659
vn 0.0000 -0.8925 0.4510
vn 0.0000 -0.9447 0.3280
vn 0.0000 -0.9800 0.1992
vn 0.0000 -0.9978 0.0668
vn 0.0000 -0.9978 -0.0668
vn 0.0000 -0.9800 -0.1992
vn 0.0000 -0.9447 -0.3280
vn 0.0000 -0.8925 -0.4510
vn 0.0000 -0.8244 -0.5659
vn 0.0000 -0.7417 -0.6708
vn 0.0000 -0.6456 -0.7637
vn 0.0000 -0.5381 -0.8429
vn 0.0000 -0.4209 -0.9071
vn 0.0000 -0.2963 -0.9551
vn 0.0000 -0.1663 -0.9861
vn 0.0000 -0.0334 -0.9994
vn -0.0000 0.1001 -0.9950
vn -0.0000 0.2318 -0.9728
vn -0.0000 0.3594 -0.9332
vn -0.0000 0.4806 -0.8769
vn -0.0000 0.5932 -0.8051
vn -0.0000 0.6952 -0.7188
vn -0.0000 0.7848 -0.6197
vn -0.0000 0.8604 -0.5096
vn -0.0000 0.9206 -0.3904
vn -0.0000 0.9645 -0.2642
vn -0.0000 0.9911 -0.1333
f 4954//4954 4953//4953 5000//5000
f 4954//4954 5000//5000 5001//5001
f 4955//4955 4954//4954 5001//5001
f 4955//4955 5001//5001 5002//5002
f 4956//4956 4955//4955 5002//5002
f 4956//4956 5002//5002 5003//5003
f 4957//4957 4956//4956 5003//5003
f 4957//4957 5003//5003 5004//5004
f 4958//4958 4957//4957 5004//5004
f 4958//4958 5004//5004 5005//5005
f 4959//4959 4958//4958 5005//5005
f 4959//4959 5005//5005 5006//5006
f 4960//4960 4959//4959 5006//5006
f 4960//4960 5006//5006 5007//5007
f 4961//4961 4960//4960 5007//5007
f 4961//4961 5007//5007 5008//5008
f 4962//4962 4961//4961 5008//5008
f 4962//4962 5008//5008 5009//5009
f 4962//4962 5009//5009 5010//5010
f 4963//4963 4962//4962 5010//5010
f 4964//4964 4963//4963 5010//5010
f 4964//4964 5010//5010 5011//5011
f 4965//4965 4964//4964 5011//5011
f 4965//4965 5011//5011 5012//5012
f 4966//4966 4965//4965 5012//5012
f 4966//4966 5012//5012 5013//5013
f 4967//4967 4966//4966 5013//5013
f 4967//4967 5013//5013 5014//5014
f 4968//4968 4967//4967 5014//5014
f 4968//4968 5014//5014 5015//5015
f 4969//4969 5015//5015 5016//5016
f 4969//4969 4968//4968 5015//5015
f 4970//4970 5016//5016 5017//5017
f 4970//4970 4969//4969 5016//5016
f 4971//4971 5017//5017 5018//5018
f 4971//4971 5018//5018 5019//5019
f 4971//4971 4970//4970 5017//5017
f 4972//4972 4971//4971 5019//5019
f 4973//4973 5019//5019 5020//5020
f 4973//4973 4972//4972 5019//5019
f 4974//4974 5020//5020 5021//5021
f 4974//4974 4973//4973 5020//5020
f 4975//4975 5021//5021 5022//5022
f 4975//4975 4974//4974 5021//5021
f 4976//4976 5022//5022 5023//5023
f 4976//4976 5023//5023 5024//5024
f 4976//4976 4975//4975 5022//5022
f 4977//4977 4976//4976 5024//5024
f 4978//4978 5024//5024 5025//5025
f 4978//4978 4977//4977 5024//5024
f 4979//4979 4978//4978 5025//5025
f 4979//4979 5025//5025 5026//5026
f 4979//4979 5026//5026 5027//5027
f 4980//4980 4979//4979 5027//5027
f 4981//4981 4980//4980 5027//5027
f 4981//4981 5027//5027 5028//5028
f 4982//4982 4981//4981 5028//5028
f 4982//4982 5028//5028 5029//5029
f 4983//4983 4982//4982 5029//5029
f 4983//4983 5029//5029 5030//5030
f 4984//4984 4983//4983 5030//5030
f 4984//4984 5030//5030 5031//5031
f 4985//4985 4984//4984 5031//5031
f 4985//4985 5031//5031 5032//5032
f 4986//4986 4985//4985 5032//5032
f 4986//4986 5032//5032 5033//5033
f 4987//4987 4986//4986 5033//5033
f 4987//4987 5033//5033 5034//5034
f 4988//4988 4987//4987 5034//5034
f 4988//4988 5034//5034 5035//5035
f 4989//4989 4988//4988 5035//5035
f 4989//4989 5035//5035 5036//5036
f 4990//4990 4989//4989 5036//5036
f 4990//4990 5036//5036 5037//5037
f 4991//4991 4990//4990 5037//5037
f 4991//4991 5037//5037 5038//5038
f 4992//4992 4991//4991 5038//5038
f 4992//4992 5038//5038 5039//5039
f 4993//4993 4992//4992 5039//5039
f 4993//4993 5039//5039 5040//5040
f 4994//4994 4993//4993 5040//5040
f 4994//4994 5040//5040 5041//5041
f 4995//4995 4994//4994 5041//5041
f 4995//4995 5041//5041 5042//5042
f 4996//4996 4995//4995 5042//5042
f 4996//4996 5042//5042 5043//5043
f 4997//4997 4996//4996 5043//5043
f 4997//4997 5043//5043 5044//5044
f 4998//4998 4997//4997 5044//5044
f 4998//4998 5044//5044 5045//5045
f 4999//4999 4998//4998 5045//5045
f 4999//4999 5045//5045 5046//5046
f 4953//4953 4999//4999 5046//5046
f 4953//4953 5046//5046 5000//5000
f 4985//4985 4983//4983 4984//4984
f 4977//4977 4978//4978 4979//4979
f 4977//4977 4979//4979 4980//4980
f 4977//4977 4980//4980 4981//4981
f 4977//4977 4981//4981 4982//4982
f 4990//4990 4988//4988 4989//4989
f 4974//4974 4975//4975 4976//4976
f 4991//4991 4988//4988 4990//4990
f 4973//4973 4974//4974 4976//4976
f 4992//4992 4988//4988 4991//4991
f 4993//4993 4988//4988 4992//4992
f 4971//4971 4972//4972 4973//4973
f 4994//4994 4988//4988 4993//4993
f 4970//4970 4976//4976 4977//4977
f 4970//4970 4971//4971 4973//4973
f 4970//4970 4973//4973 4976//4976
f 4995//4995 4982//4982 4983//4983
f 4995//4995 4985//4985 4986//4986
f 4995//4995 4986//4986 4987//4987
f 4995//4995 4987//4987 4988//4988
f 4995//4995 4983//4983 4985//4985
f 4995//4995 4988//4988 4994//4994
f 4998//4998 4995//4995 4996//4996
f 4998//4998 4996//4996 4997//4997
f 4966//4966 4967//4967 4968//4968
f 4966//4966 4968//4968 4969//4969
f 4999//4999 4995//4995 4998//4998
f 4999//4999 4982//4982 4995//4995
f 4953//4953 4969//4969 4970//4970
f 4953//4953 4982//4982 4999//4999
f 4953//4953 4977//4977 4982//4982
f 4953//4953 4970//4970 4977//4977
f 4964//4964 4965//4965 4966//4966
f 4962//4962 4953//4953 4954//4954
f 4962//4962 4963//4963 4964//4964
f 4962//4962 4966//4966 4969//4969
f 4962//4962 4969//4969 4953//4953
f 4962//4962 4964//4964 4966//4966
f 4958//4958 4955//4955 4956//4956
f 4958//4958 4956//4956 4957//4957
f 4959//4959 4954//4954 4955//4955
f 4959//4959 4960//4960 4961//4961
f 4959//4959 4961//4961 4962//4962
f 4959//4959 4962//4962 4954//4954
f 4959//4959 4955//4955 4958//4958
f 5032//5032 5031//5031 5030//5030
f 5024//5024 5026//5026 5025//5025
f 5024//5024 5027//5027 5026//5026
f 5024//5024 5028//5028 5027//5027
f 5024//5024 5029//5029 5028//5028
f 5037//5037 5036//5036 5035//5035
f 5021//5021 5023//5023 5022//5022
f 5038//5038 5037//5037 5035//5035
f 5020//5020 5023//5023 5021//5021
f 5039//5039 5038//5038 5035//5035
f 5040//5040 5039//5039 5035//5035
f 5018//5018 5020//5020 5019//5019
f 5041//5041 5040//5040 5035//5035
f 5017//5017 5024//5024 5023//5023
f 5017//5017 5020//5020 5018//5018
f 5017//5017 5023//5023 5020//5020
f 5042//5042 5030//5030 5029//5029
f 5042//5042 5033//5033 5032//5032
f 5042//5042 5034//5034 5033//5033
f 5042//5042 5035//5035 5034//5034
f 5042//5042 5032//5032 5030//5030
f 5042//5042 5041//5041 5035//5035
f 5045//5045 5043//5043 5042//5042
f 5045//5045 5044//5044 5043//5043
f 5013//5013 5015//5015 5014//5014
f 5013//5013 5016//5016 5015//5015
f 5046//5046 5045//5045 5042//5042
f 5046//5046 5042//5042 5029//5029
f 5000//5000 5017//5017 5016//5016
f 5000//5000 5046//5046 5029//5029
f 5000//5000 5029//5029 5024//5024
f 5000//5000 5024//5024 5017//5017
f 5011//5011 5013//5013 5012//5012
f 5009//5009 5001//5001 5000//5000
f 5009//5009 5011//5011 5010//5010
f 5009//5009 5016//5016 5013//5013
f 5009//5009 5000//5000 5016//5016
f 5009//5009 5013//5013 5011//5011
f 5005//5005 5003//5003 5002//5002
f 5005//5005 5004//5004 5003//5003
f 5006//5006 5002//5002 5001//5001
f 5006//5006 5008//5008 5007//5007
f 5006//5006 5009//5009 5008//5008
f 5006//5006 5001//5001 5009//5009
f 5006//5006 5005//5005 5002//5002
o strip
usemtl PLA_a8aaa8
v -0.03320 0.00500 0.02400
v -0.03320 0.01340 0.02400
v -0.03320 0.00500 -0.02400
v -0.03320 0.01340 -0.02400
v -0.03290 0.00500 0.02400
v -0.03290 0.01340 0.02400
v -0.03290 0.00500 -0.02400
v -0.03290 0.01340 -0.02400
vn -1.0000 0.0000 0.0000
vn -1.0000 0.0000 0.0000
vn -1.0000 0.0000 0.0000
vn -1.0000 0.0000 0.0000
vn 1.0000 -0.0000 -0.0000
vn 1.0000 -0.0000 -0.0000
vn 1.0000 -0.0000 -0.0000
vn 1.0000 -0.0000 -0.0000
f 5048//5048 5049//5049 5047//5047
f 5048//5048 5050//5050 5049//5049
f 5052//5052 5051//5051 5053//5053
f 5052//5052 5053//5053 5054//5054
f 5052//5052 5047//5047 5051//5051
f 5052//5052 5048//5048 5047//5047
f 5054//5054 5053//5053 5049//5049
f 5054//5054 5049//5049 5050//5050
f 5053//5053 5047//5047 5049//5049
f 5053//5053 5051//5051 5047//5047
f 5054//5054 5050//5050 5048//5048
f 5054//5054 5048//5048 5052//5052
o strip_2
usemtl PLA_a8aaa8
v 0.03290 0.00500 0.02400
v 0.03290 0.01340 0.02400
v 0.03290 0.00500 -0.02400
v 0.03290 0.01340 -0.02400
v 0.03320 0.00500 0.02400
v 0.03320 0.01340 0.02400
v 0.03320 0.00500 -0.02400
v 0.03320 0.01340 -0.02400
vn -1.0000 0.0000 0.0000
vn -1.0000 0.0000 0.0000
vn -1.0000 0.0000 0.0000
vn -1.0000 0.0000 0.0000
vn 1.0000 -0.0000 -0.0000
vn 1.0000 -0.0000 -0.0000
vn 1.0000 -0.0000 -0.0000
vn 1.0000 -0.0000 -0.0000
f 5056//5056 5057//5057 5055//5055
f 5056//5056 5058//5058 5057//5057
f 5060//5060 5059//5059 5061//5061
f 5060//5060 5061//5061 5062//5062
f 5060//5060 5055//5055 5059//5059
f 5060//5060 5056//5056 5055//5055
f 5062//5062 5061//5061 5057//5057
f 5062//5062 5057//5057 5058//5058
f 5061//5061 5055//5055 5057//5057
f 5061//5061 5059//5059 5055//5055
f 5062//5062 5058//5058 5056//5056
f 5062//5062 5056//5056 5060//5060
