# robocad OBJ
mtllib dc_motor.mtl
o can
usemtl PLA_bcc1c9
v 0.01200 0.00100 -0.00000
v 0.01200 0.02900 -0.00000
v 0.01194 0.02900 -0.00119
v 0.01176 0.02900 -0.00238
v 0.01147 0.02900 -0.00354
v 0.01106 0.02900 -0.00466
v 0.01054 0.02900 -0.00574
v 0.00991 0.02900 -0.00676
v 0.00919 0.02900 -0.00771
v 0.00838 0.02900 -0.00859
v 0.00748 0.02900 -0.00938
v 0.00651 0.02900 -0.01008
v 0.00547 0.02900 -0.01068
v 0.00438 0.02900 -0.01117
v 0.00325 0.02900 -0.01155
v 0.00208 0.02900 -0.01182
v 0.00090 0.02900 -0.01197
v -0.00030 0.02900 -0.01200
v -0.00149 0.02900 -0.01191
v -0.00267 0.02900 -0.01170
v -0.00382 0.02900 -0.01138
v -0.00494 0.02900 -0.01094
v -0.00600 0.02900 -0.01039
v -0.00700 0.02900 -0.00974
v -0.00794 0.02900 -0.00900
v -0.00880 0.02900 -0.00816
v -0.00957 0.02900 -0.00725
v -0.01024 0.02900 -0.00626
v -0.01081 0.02900 -0.00521
v -0.01128 0.02900 -0.00410
v -0.01163 0.02900 -0.00296
v -0.01187 0.02900 -0.00179
v -0.01199 0.02900 -0.00060
v -0.01199 0.02900 0.00060
v -0.01187 0.02900 0.00179
v -0.01163 0.02900 0.00296
v -0.01128 0.02900 0.00410
v -0.01081 0.02900 0.00521
v -0.01024 0.02900 0.00626
v -0.00957 0.02900 0.00725
v -0.00880 0.02900 0.00816
v -0.00794 0.02900 0.00900
v -0.00700 0.02900 0.00974
v -0.00600 0.02900 0.01039
v -0.00494 0.02900 0.01094
v -0.00382 0.02900 0.01138
v -0.00267 0.02900 0.01170
v -0.00149 0.02900 0.01191
v -0.00030 0.02900 0.01200
v 0.00090 0.02900 0.01197
v 0.00208 0.02900 0.01182
v 0.00325 0.02900 0.01155
v 0.00438 0.02900 0.01117
v 0.00547 0.02900 0.01068
v 0.00651 0.02900 0.01008
v 0.00748 0.02900 0.00938
v 0.00838 0.02900 0.00859
v 0.00919 0.02900 0.00771
v 0.00991 0.02900 0.00676
v 0.01054 0.02900 0.00574
v 0.01106 0.02900 0.00466
v 0.01147 0.02900 0.00354
v 0.01176 0.02900 0.00238
v 0.01194 0.02900 0.00119
v 0.01194 0.00100 -0.00119
v 0.01176 0.00100 -0.00238
v 0.01147 0.00100 -0.00354
v 0.01106 0.00100 -0.00466
v 0.01054 0.00100 -0.00574
v 0.00991 0.00100 -0.00676
v 0.00919 0.00100 -0.00771
v 0.00838 0.00100 -0.00859
v 0.00748 0.00100 -0.00938
v 0.00651 0.00100 -0.01008
v 0.00547 0.00100 -0.01068
v 0.00438 0.00100 -0.01117
v 0.00325 0.00100 -0.01155
v 0.00208 0.00100 -0.01182
v 0.00090 0.00100 -0.01197
v -0.00030 0.00100 -0.01200
v -0.00149 0.00100 -0.01191
v -0.00267 0.00100 -0.01170
v -0.00382 0.00100 -0.01138
v -0.00494 0.00100 -0.01094
v -0.00600 0.00100 -0.01039
v -0.00700 0.00100 -0.00974
v -0.00794 0.00100 -0.00900
v -0.00880 0.00100 -0.00816
v -0.00957 0.00100 -0.00725
v -0.01024 0.00100 -0.00626
v -0.01081 0.00100 -0.00521
v -0.01128 0.00100 -0.00410
v -0.01163 0.00100 -0.00296
v -0.01187 0.00100 -0.00179
v -0.01199 0.00100 -0.00060
v -0.01199 0.00100 0.00060
v -0.01187 0.00100 0.00179
v -0.01163 0.00100 0.00296
v -0.01128 0.00100 0.00410
v -0.01081 0.00100 0.00521
v -0.01024 0.00100 0.00626
v -0.00957 0.00100 0.00725
v -0.00880 0.00100 0.00816
v -0.00794 0.00100 0.00900
v -0.00700 0.00100 0.00974
v -0.00600 0.00100 0.01039
v -0.00494 0.00100 0.01094
v -0.00382 0.00100 0.01138
v -0.00267 0.00100 0.01170
v -0.00149 0.00100 0.01191
v -0.00030 0.00100 0.01200
v 0.00090 0.00100 0.01197
v 0.00208 0.00100 0.01182
v 0.00325 0.00100 0.01155
v 0.00438 0.00100 0.01117
v 0.00547 0.00100 0.01068
v 0.00651 0.00100 0.01008
v 0.00748 0.00100 0.00938
v 0.00838 0.00100 0.00859
v 0.00919 0.00100 0.00771
v 0.00991 0.00100 0.00676
v 0.01054 0.00100 0.00574
v 0.01106 0.00100 0.00466
v 0.01147 0.00100 0.00354
v 0.01176 0.00100 0.00238
v 0.01194 0.00100 0.00119
v 0.01198 0.00083 -0.00000
v 0.01194 0.00066 -0.00000
v 0.01187 0.00050 -0.00000
v 0.01177 0.00036 -0.00000
v 0.01164 0.00023 -0.00000
v 0.01150 0.00013 -0.00000
v 0.01134 0.00006 -0.00000
v 0.01117 0.00002 -0.00000
v 0.01100 0.00000 -0.00000
v 0.01094 0.00000 -0.00113
v 0.01077 0.00000 -0.00225
v 0.01048 0.00000 -0.00335
v 0.01008 0.00000 -0.00440
v 0.00957 0.00000 -0.00542
v 0.00897 0.00000 -0.00637
v 0.00826 0.00000 -0.00726
v 0.00747 0.00000 -0.00807
v 0.00660 0.00000 -0.00880
v 0.00566 0.00000 -0.00943
v 0.00466 0.00000 -0.00996
v 0.00361 0.00000 -0.01039
v 0.00253 0.00000 -0.01071
v 0.00141 0.00000 -0.01091
v 0.00028 0.00000 -0.01100
v -0.00085 0.00000 -0.01097
v -0.00197 0.00000 -0.01082
v -0.00307 0.00000 -0.01056
v -0.00414 0.00000 -0.01019
v -0.00517 0.00000 -0.00971
v -0.00614 0.00000 -0.00913
v -0.00705 0.00000 -0.00845
v -0.00788 0.00000 -0.00768
v -0.00863 0.00000 -0.00683
v -0.00928 0.00000 -0.00590
v -0.00984 0.00000 -0.00492
v -0.01029 0.00000 -0.00388
v -0.01064 0.00000 -0.00280
v -0.01087 0.00000 -0.00169
v -0.01099 0.00000 -0.00057
v -0.01099 0.00000 0.00057
v -0.01087 0.00000 0.00169
v -0.01064 0.00000 0.00280
v -0.01029 0.00000 0.00388
v -0.00984 0.00000 0.00492
v -0.00928 0.00000 0.00590
v -0.00863 0.00000 0.00683
v -0.00788 0.00000 0.00768
v -0.00705 0.00000 0.00845
v -0.00614 0.00000 0.00913
v -0.00517 0.00000 0.00971
v -0.00414 0.00000 0.01019
v -0.00307 0.00000 0.01056
v -0.00197 0.00000 0.01082
v -0.00085 0.00000 0.01097
v 0.00028 0.00000 0.01100
v 0.00141 0.00000 0.01091
v 0.00253 0.00000 0.01071
v 0.00361 0.00000 0.01039
v 0.00466 0.00000 0.00996
v 0.00566 0.00000 0.00943
v 0.00660 0.00000 0.00880
v 0.00747 0.00000 0.00807
v 0.00826 0.00000 0.00726
v 0.00897 0.00000 0.00637
v 0.00957 0.00000 0.00542
v 0.01008 0.00000 0.00440
v 0.01048 0.00000 0.00335
v 0.01077 0.00000 0.00225
v 0.01094 0.00000 0.00113
v 0.01193 0.00083 -0.00119
v 0.01188 0.00066 -0.00119
v 0.01181 0.00050 -0.00118
v 0.01171 0.00036 -0.00117
v 0.01158 0.00023 -0.00116
v 0.01144 0.00013 -0.00115
v 0.01129 0.00006 -0.00113
v 0.01175 0.00083 -0.00237
v 0.01112 0.00002 -0.00111
v 0.01170 0.00066 -0.00237
v 0.01163 0.00050 -0.00235
v 0.01153 0.00036 -0.00233
v 0.01141 0.00023 -0.00231
v 0.01127 0.00013 -0.00228
v 0.01112 0.00006 -0.00225
v 0.01145 0.00083 -0.00353
v 0.01095 0.00002 -0.00221
v 0.01141 0.00066 -0.00352
v 0.01134 0.00050 -0.00350
v 0.01124 0.00036 -0.00347
v 0.01113 0.00023 -0.00343
v 0.01099 0.00013 -0.00339
v 0.01084 0.00006 -0.00334
v 0.01104 0.00083 -0.00466
v 0.01068 0.00002 -0.00329
v 0.01100 0.00066 -0.00464
v 0.01093 0.00050 -0.00461
v 0.01084 0.00036 -0.00457
v 0.01073 0.00023 -0.00452
v 0.01060 0.00013 -0.00447
v 0.01045 0.00006 -0.00441
v 0.01053 0.00083 -0.00573
v 0.01030 0.00002 -0.00434
v 0.01049 0.00066 -0.00571
v 0.01042 0.00050 -0.00567
v 0.01033 0.00036 -0.00563
v 0.01022 0.00023 -0.00557
v 0.01010 0.00013 -0.00550
v 0.00996 0.00006 -0.00542
v 0.00990 0.00083 -0.00675
v 0.00981 0.00002 -0.00534
v 0.00987 0.00066 -0.00673
v 0.00980 0.00050 -0.00668
v 0.00972 0.00036 -0.00663
v 0.00962 0.00023 -0.00656
v 0.00950 0.00013 -0.00648
v 0.00937 0.00006 -0.00639
v 0.00918 0.00083 -0.00770
v 0.00923 0.00002 -0.00629
v 0.00915 0.00066 -0.00767
v 0.00909 0.00050 -0.00763
v 0.00901 0.00036 -0.00756
v 0.00892 0.00023 -0.00748
v 0.00881 0.00013 -0.00739
v 0.00869 0.00006 -0.00729
v 0.00837 0.00083 -0.00858
v 0.00856 0.00002 -0.00718
v 0.00834 0.00066 -0.00855
v 0.00814 0.00083 -0.00880
v 0.00829 0.00050 -0.00849
v 0.00811 0.00066 -0.00876
v 0.00822 0.00036 -0.00842
v 0.00806 0.00050 -0.00871
v 0.00813 0.00023 -0.00833
v 0.00799 0.00036 -0.00863
v 0.00803 0.00013 -0.00823
v 0.00791 0.00023 -0.00854
v 0.00792 0.00006 -0.00812
v 0.00747 0.00083 -0.00937
v 0.00781 0.00013 -0.00844
v 0.00780 0.00002 -0.00800
v 0.00744 0.00066 -0.00933
v 0.00770 0.00006 -0.00832
v 0.00719 0.00083 -0.00959
v 0.00740 0.00050 -0.00928
v 0.00759 0.00002 -0.00820
v 0.00717 0.00066 -0.00955
v 0.00734 0.00036 -0.00920
v 0.00712 0.00050 -0.00949
v 0.00726 0.00023 -0.00910
v 0.00706 0.00036 -0.00941
v 0.00717 0.00013 -0.00899
v 0.00699 0.00023 -0.00931
v 0.00707 0.00006 -0.00887
v 0.00650 0.00083 -0.01007
v 0.00690 0.00013 -0.00920
v 0.00697 0.00002 -0.00874
v 0.00648 0.00066 -0.01003
v 0.00681 0.00006 -0.00907
v 0.00644 0.00050 -0.00997
v 0.00617 0.00083 -0.01027
v 0.00671 0.00002 -0.00894
v 0.00638 0.00036 -0.00988
v 0.00615 0.00066 -0.01024
v 0.00632 0.00023 -0.00978
v 0.00611 0.00050 -0.01017
v 0.00624 0.00013 -0.00966
v 0.00606 0.00036 -0.01009
v 0.00615 0.00006 -0.00953
v 0.00599 0.00023 -0.00998
v 0.00547 0.00083 -0.01066
v 0.00606 0.00002 -0.00939
v 0.00592 0.00013 -0.00986
v 0.00545 0.00066 -0.01062
v 0.00584 0.00006 -0.00972
v 0.00541 0.00050 -0.01056
v 0.00508 0.00083 -0.01085
v 0.00575 0.00002 -0.00958
v 0.00537 0.00036 -0.01047
v 0.00506 0.00066 -0.01081
v 0.00531 0.00023 -0.01036
v 0.00503 0.00050 -0.01075
v 0.00525 0.00013 -0.01023
v 0.00499 0.00036 -0.01066
v 0.00517 0.00006 -0.01009
v 0.00494 0.00023 -0.01054
v 0.00438 0.00083 -0.01116
v 0.00510 0.00002 -0.00994
v 0.00488 0.00013 -0.01042
v 0.00436 0.00066 -0.01111
v 0.00481 0.00006 -0.01027
v 0.00434 0.00050 -0.01105
v 0.00394 0.00083 -0.01132
v 0.00474 0.00002 -0.01012
v 0.00430 0.00036 -0.01095
v 0.00392 0.00066 -0.01128
v 0.00425 0.00023 -0.01084
v 0.00390 0.00050 -0.01121
v 0.00420 0.00013 -0.01071
v 0.00387 0.00036 -0.01111
v 0.00414 0.00006 -0.01056
v 0.00325 0.00083 -0.01154
v 0.00383 0.00023 -0.01100
v 0.00408 0.00002 -0.01040
v 0.00323 0.00066 -0.01149
v 0.00378 0.00013 -0.01086
v 0.00321 0.00050 -0.01142
v 0.00373 0.00006 -0.01071
v 0.00275 0.00083 -0.01166
v 0.00319 0.00036 -0.01133
v 0.00367 0.00002 -0.01055
v 0.00274 0.00066 -0.01162
v 0.00315 0.00023 -0.01121
v 0.00273 0.00050 -0.01155
v 0.00311 0.00013 -0.01107
v 0.00270 0.00036 -0.01145
v 0.00307 0.00006 -0.01092
v 0.00208 0.00083 -0.01180
v 0.00267 0.00023 -0.01133
v 0.00303 0.00002 -0.01076
v 0.00207 0.00066 -0.01176
v 0.00264 0.00013 -0.01119
v 0.00206 0.00050 -0.01169
v 0.00261 0.00006 -0.01104
v 0.00204 0.00036 -0.01159
v 0.00154 0.00083 -0.01189
v 0.00257 0.00002 -0.01087
v 0.00202 0.00023 -0.01147
v 0.00153 0.00066 -0.01184
v 0.00200 0.00013 -0.01133
v 0.00152 0.00050 -0.01177
v 0.00197 0.00006 -0.01117
v 0.00151 0.00036 -0.01167
v 0.00090 0.00083 -0.01195
v 0.00194 0.00002 -0.01100
v 0.00149 0.00023 -0.01155
v 0.00089 0.00066 -0.01191
v 0.00148 0.00013 -0.01140
v 0.00089 0.00050 -0.01183
v 0.00146 0.00006 -0.01125
v 0.00088 0.00036 -0.01173
v 0.00031 0.00083 -0.01198
v 0.00143 0.00002 -0.01108
v 0.00087 0.00023 -0.01161
v 0.00031 0.00066 -0.01194
v 0.00086 0.00013 -0.01147
v 0.00031 0.00050 -0.01186
v 0.00085 0.00006 -0.01131
v 0.00030 0.00036 -0.01176
v -0.00030 0.00083 -0.01198
v 0.00084 0.00002 -0.01114
v 0.00030 0.00023 -0.01164
v -0.00030 0.00066 -0.01194
v 0.00030 0.00013 -0.01150
v -0.00030 0.00050 -0.01186
v 0.00029 0.00006 -0.01134
v -0.00029 0.00036 -0.01176
v -0.00092 0.00083 -0.01195
v 0.00029 0.00002 -0.01117
v -0.00029 0.00023 -0.01164
v -0.00092 0.00066 -0.01190
v -0.00029 0.00013 -0.01150
v -0.00092 0.00050 -0.01183
v -0.00028 0.00006 -0.01134
v -0.00091 0.00036 -0.01173
v -0.00149 0.00083 -0.01189
v -0.00028 0.00002 -0.01117
v -0.00090 0.00023 -0.01161
v -0.00148 0.00066 -0.01185
v -0.00089 0.00013 -0.01147
v -0.00148 0.00050 -0.01177
v -0.00088 0.00006 -0.01131
v -0.00146 0.00036 -0.01167
v -0.00215 0.00083 -0.01179
v -0.00086 0.00002 -0.01114
v -0.00145 0.00023 -0.01155
v -0.00214 0.00066 -0.01175
v -0.00143 0.00013 -0.01141
v -0.00213 0.00050 -0.01167
v -0.00141 0.00006 -0.01125
v -0.00267 0.00083 -0.01168
v -0.00211 0.00036 -0.01158
v -0.00139 0.00002 -0.01109
v -0.00266 0.00066 -0.01164
v -0.00209 0.00023 -0.01145
v -0.00264 0.00050 -0.01157
v -0.00206 0.00013 -0.01131
v -0.00262 0.00036 -0.01147
v -0.00203 0.00006 -0.01116
v -0.00335 0.00083 -0.01151
v -0.00259 0.00023 -0.01135
v -0.00200 0.00002 -0.01099
v -0.00334 0.00066 -0.01146
v -0.00256 0.00013 -0.01121
v -0.00332 0.00050 -0.01139
v -0.00252 0.00006 -0.01106
v -0.00382 0.00083 -0.01136
v -0.00329 0.00036 -0.01130
v -0.00249 0.00002 -0.01089
v -0.00380 0.00066 -0.01132
v -0.00325 0.00023 -0.01118
v -0.00378 0.00050 -0.01125
v -0.00321 0.00013 -0.01104
v -0.00375 0.00036 -0.01115
v -0.00317 0.00006 -0.01089
v -0.00371 0.00023 -0.01104
v -0.00452 0.00083 -0.01110
v -0.00312 0.00002 -0.01073
v -0.00366 0.00013 -0.01090
v -0.00450 0.00066 -0.01106
v -0.00361 0.00006 -0.01075
v -0.00447 0.00050 -0.01099
v -0.00493 0.00083 -0.01092
v -0.00356 0.00002 -0.01059
v -0.00443 0.00036 -0.01090
v -0.00491 0.00066 -0.01088
v -0.00439 0.00023 -0.01078
v -0.00488 0.00050 -0.01082
v -0.00433 0.00013 -0.01065
v -0.00484 0.00036 -0.01072
v -0.00427 0.00006 -0.01051
v -0.00479 0.00023 -0.01061
v -0.00563 0.00083 -0.01058
v -0.00421 0.00002 -0.01035
v -0.00473 0.00013 -0.01048
v -0.00561 0.00066 -0.01054
v -0.00466 0.00006 -0.01034
v -0.00558 0.00050 -0.01047
v -0.00599 0.00083 -0.01038
v -0.00460 0.00002 -0.01018
v -0.00553 0.00036 -0.01039
v -0.00597 0.00066 -0.01034
v -0.00547 0.00023 -0.01028
v -0.00593 0.00050 -0.01028
v -0.00540 0.00013 -0.01015
v -0.00588 0.00036 -0.01019
v -0.00533 0.00006 -0.01001
v -0.00582 0.00023 -0.01008
v -0.00669 0.00083 -0.00994
v -0.00525 0.00002 -0.00986
v -0.00575 0.00013 -0.00996
v -0.00667 0.00066 -0.00991
v -0.00567 0.00006 -0.00982
v -0.00662 0.00050 -0.00984
v -0.00700 0.00083 -0.00973
v -0.00559 0.00002 -0.00968
v -0.00657 0.00036 -0.00976
v -0.00697 0.00066 -0.00969
v -0.00650 0.00023 -0.00966
v -0.00693 0.00050 -0.00963
v -0.00642 0.00013 -0.00954
v -0.00687 0.00036 -0.00955
v -0.00633 0.00006 -0.00941
v -0.00680 0.00023 -0.00945
v -0.00768 0.00083 -0.00920
v -0.00624 0.00002 -0.00927
v -0.00671 0.00013 -0.00934
v -0.00765 0.00066 -0.00917
v -0.00662 0.00006 -0.00921
v -0.00793 0.00083 -0.00899
v -0.00760 0.00050 -0.00911
v -0.00652 0.00002 -0.00907
v -0.00790 0.00066 -0.00895
v -0.00754 0.00036 -0.00903
v -0.00785 0.00050 -0.00890
v -0.00746 0.00023 -0.00894
v -0.00779 0.00036 -0.00882
v -0.00737 0.00013 -0.00883
v -0.00770 0.00023 -0.00873
v -0.00727 0.00006 -0.00871
v -0.00858 0.00083 -0.00836
v -0.00761 0.00013 -0.00862
v -0.00716 0.00002 -0.00858
v -0.00855 0.00066 -0.00833
v -0.00750 0.00006 -0.00850
v -0.00850 0.00050 -0.00828
v -0.00739 0.00002 -0.00838
v -0.00843 0.00036 -0.00821
v -0.00834 0.00023 -0.00813
v -0.00824 0.00013 -0.00803
v -0.00812 0.00006 -0.00792
v -0.00940 0.00083 -0.00744
v -0.00800 0.00002 -0.00780
v -0.00936 0.00066 -0.00741
v -0.00930 0.00050 -0.00736
v -0.00923 0.00036 -0.00730
v -0.00913 0.00023 -0.00723
v -0.00902 0.00013 -0.00714
v -0.00889 0.00006 -0.00704
v -0.01011 0.00083 -0.00643
v -0.00876 0.00002 -0.00693
v -0.01007 0.00066 -0.00641
v -0.01001 0.00050 -0.00637
v -0.00993 0.00036 -0.00631
v -0.00982 0.00023 -0.00625
v -0.00970 0.00013 -0.00617
v -0.00957 0.00006 -0.00609
v -0.01072 0.00083 -0.00536
v -0.00943 0.00002 -0.00600
v -0.01068 0.00066 -0.00534
v -0.01061 0.00050 -0.00531
v -0.01052 0.00036 -0.00526
v -0.01041 0.00023 -0.00521
v -0.01029 0.00013 -0.00514
v -0.01015 0.00006 -0.00507
v -0.01121 0.00083 -0.00423
v -0.00999 0.00002 -0.00500
v -0.01117 0.00066 -0.00421
v -0.01110 0.00050 -0.00419
v -0.01101 0.00036 -0.00415
v -0.01089 0.00023 -0.00411
v -0.01076 0.00013 -0.00406
v -0.01061 0.00006 -0.00400
v -0.01159 0.00083 -0.00305
v -0.01046 0.00002 -0.00394
v -0.01155 0.00066 -0.00304
v -0.01147 0.00050 -0.00302
v -0.01138 0.00036 -0.00300
v -0.01126 0.00023 -0.00297
v -0.01112 0.00013 -0.00293
v -0.01097 0.00006 -0.00289
v -0.01184 0.00083 -0.00184
v -0.01081 0.00002 -0.00285
v -0.01180 0.00066 -0.00184
v -0.01172 0.00050 -0.00183
v -0.01163 0.00036 -0.00181
v -0.01150 0.00023 -0.00179
v -0.01136 0.00013 -0.00177
v -0.01121 0.00006 -0.00175
v -0.01197 0.00083 -0.00062
v -0.01104 0.00002 -0.00172
v -0.01192 0.00066 -0.00061
v -0.01185 0.00050 -0.00061
v -0.01175 0.00036 -0.00061
v -0.01163 0.00023 -0.00060
v -0.01148 0.00013 -0.00059
v -0.01133 0.00006 -0.00058
v -0.01197 0.00083 0.00060
v -0.01116 0.00002 -0.00058
v -0.01192 0.00066 0.00060
v -0.01185 0.00050 0.00059
v -0.01175 0.00036 0.00059
v -0.01163 0.00023 0.00058
v -0.01149 0.00013 0.00057
v -0.01133 0.00006 0.00057
v -0.01185 0.00083 0.00179
v -0.01116 0.00002 0.00056
v -0.01181 0.00066 0.00178
v -0.01173 0.00050 0.00177
v -0.01163 0.00036 0.00175
v -0.01151 0.00023 0.00174
v -0.01137 0.00013 0.00171
v -0.01122 0.00006 0.00169
v -0.01161 0.00083 0.00296
v -0.01105 0.00002 0.00167
v -0.01157 0.00066 0.00295
v -0.01150 0.00050 0.00293
v -0.01140 0.00036 0.00290
v -0.01128 0.00023 0.00287
v -0.01114 0.00013 0.00284
v -0.01099 0.00006 0.00280
v -0.01126 0.00083 0.00410
v -0.01083 0.00002 0.00276
v -0.01122 0.00066 0.00408
v -0.01115 0.00050 0.00406
v -0.01106 0.00036 0.00402
v -0.01094 0.00023 0.00398
v -0.01081 0.00013 0.00393
v -0.01066 0.00006 0.00388
v -0.01080 0.00083 0.00520
v -0.01050 0.00002 0.00382
v -0.01076 0.00066 0.00518
v -0.01069 0.00050 0.00515
v -0.01060 0.00036 0.00511
v -0.01049 0.00023 0.00505
v -0.01036 0.00013 0.00499
v -0.01022 0.00006 0.00492
v -0.01023 0.00083 0.00625
v -0.01007 0.00002 0.00485
v -0.01019 0.00066 0.00623
v -0.01013 0.00050 0.00619
v -0.01004 0.00036 0.00614
v -0.00993 0.00023 0.00607
v -0.00981 0.00013 0.00600
v -0.00968 0.00006 0.00591
v -0.00955 0.00083 0.00724
v -0.00953 0.00002 0.00583
v -0.00952 0.00066 0.00721
v -0.00946 0.00050 0.00716
v -0.00938 0.00036 0.00710
v -0.00928 0.00023 0.00703
v -0.00917 0.00013 0.00694
v -0.00904 0.00006 0.00685
v -0.00879 0.00083 0.00815
v -0.00891 0.00002 0.00675
v -0.00875 0.00066 0.00812
v -0.00870 0.00050 0.00807
v -0.00863 0.00036 0.00800
v -0.00853 0.00023 0.00792
v -0.00843 0.00013 0.00782
v -0.00831 0.00006 0.00771
v -0.00793 0.00083 0.00899
v -0.00819 0.00002 0.00760
v -0.00790 0.00066 0.00895
v -0.00768 0.00083 0.00920
v -0.00785 0.00050 0.00890
v -0.00765 0.00066 0.00917
v -0.00779 0.00036 0.00882
v -0.00760 0.00050 0.00911
v -0.00770 0.00023 0.00873
v -0.00754 0.00036 0.00903
v -0.00761 0.00013 0.00862
v -0.00746 0.00023 0.00894
v -0.00750 0.00006 0.00850
v -0.00700 0.00083 0.00973
v -0.00737 0.00013 0.00883
v -0.00739 0.00002 0.00838
v -0.00697 0.00066 0.00969
v -0.00727 0.00006 0.00871
v -0.00693 0.00050 0.00963
v -0.00669 0.00083 0.00994
v -0.00716 0.00002 0.00858
v -0.00687 0.00036 0.00955
v -0.00667 0.00066 0.00991
v -0.00680 0.00023 0.00945
v -0.00662 0.00050 0.00984
v -0.00671 0.00013 0.00934
v -0.00657 0.00036 0.00976
v -0.00662 0.00006 0.00921
v -0.00650 0.00023 0.00966
v -0.00599 0.00083 0.01038
v -0.00652 0.00002 0.00907
v -0.00642 0.00013 0.00954
v -0.00597 0.00066 0.01034
v -0.00633 0.00006 0.00941
v -0.00593 0.00050 0.01028
v -0.00563 0.00083 0.01058
v -0.00624 0.00002 0.00927
v -0.00588 0.00036 0.01019
v -0.00561 0.00066 0.01054
v -0.00582 0.00023 0.01008
v -0.00558 0.00050 0.01047
v -0.00575 0.00013 0.00996
v -0.00553 0.00036 0.01039
v -0.00567 0.00006 0.00982
v -0.00547 0.00023 0.01028
v -0.00493 0.00083 0.01092
v -0.00559 0.00002 0.00968
v -0.00540 0.00013 0.01015
v -0.00491 0.00066 0.01088
v -0.00533 0.00006 0.01001
v -0.00488 0.00050 0.01082
v -0.00452 0.00083 0.01110
v -0.00525 0.00002 0.00986
v -0.00484 0.00036 0.01072
v -0.00450 0.00066 0.01106
v -0.00479 0.00023 0.01061
v -0.00447 0.00050 0.01099
v -0.00473 0.00013 0.01048
v -0.00443 0.00036 0.01090
v -0.00466 0.00006 0.01034
v -0.00439 0.00023 0.01078
v -0.00382 0.00083 0.01136
v -0.00460 0.00002 0.01018
v -0.00433 0.00013 0.01065
v -0.00380 0.00066 0.01132
v -0.00427 0.00006 0.01051
v -0.00378 0.00050 0.01125
v -0.00335 0.00083 0.01151
v -0.00421 0.00002 0.01035
v -0.00375 0.00036 0.01115
v -0.00334 0.00066 0.01146
v -0.00371 0.00023 0.01104
v -0.00332 0.00050 0.01139
v -0.00366 0.00013 0.01090
v -0.00329 0.00036 0.01130
v -0.00361 0.00006 0.01075
v -0.00267 0.00083 0.01168
v -0.00325 0.00023 0.01118
v -0.00356 0.00002 0.01059
v -0.00266 0.00066 0.01164
v -0.00321 0.00013 0.01104
v -0.00264 0.00050 0.01157
v -0.00317 0.00006 0.01089
v -0.00215 0.00083 0.01179
v -0.00262 0.00036 0.01147
v -0.00312 0.00002 0.01073
v -0.00214 0.00066 0.01175
v -0.00259 0.00023 0.01135
v -0.00213 0.00050 0.01167
v -0.00256 0.00013 0.01121
v -0.00211 0.00036 0.01158
v -0.00252 0.00006 0.01106
v -0.00149 0.00083 0.01189
v -0.00209 0.00023 0.01145
v -0.00249 0.00002 0.01089
v -0.00148 0.00066 0.01185
v -0.00206 0.00013 0.01131
v -0.00148 0.00050 0.01177
v -0.00203 0.00006 0.01116
v -0.00146 0.00036 0.01167
v -0.00092 0.00083 0.01195
v -0.00200 0.00002 0.01099
v -0.00145 0.00023 0.01155
v -0.00092 0.00066 0.01190
v -0.00143 0.00013 0.01141
v -0.00092 0.00050 0.01183
v -0.00141 0.00006 0.01125
v -0.00091 0.00036 0.01173
v -0.00030 0.00083 0.01198
v -0.00139 0.00002 0.01109
v -0.00090 0.00023 0.01161
v -0.00030 0.00066 0.01194
v -0.00089 0.00013 0.01147
v -0.00030 0.00050 0.01186
v -0.00088 0.00006 0.01131
v -0.00029 0.00036 0.01176
v 0.00031 0.00083 0.01198
v -0.00086 0.00002 0.01114
v -0.00029 0.00023 0.01164
v 0.00031 0.00066 0.01194
v -0.00029 0.00013 0.01150
v 0.00031 0.00050 0.01186
v -0.00028 0.00006 0.01134
v 0.00030 0.00036 0.01176
v 0.00090 0.00083 0.01195
v -0.00028 0.00002 0.01117
v 0.00030 0.00023 0.01164
v 0.00089 0.00066 0.01191
v 0.00030 0.00013 0.01150
v 0.00089 0.00050 0.01183
v 0.00029 0.00006 0.01134
v 0.00088 0.00036 0.01173
v 0.00154 0.00083 0.01189
v 0.00029 0.00002 0.01117
v 0.00087 0.00023 0.01161
v 0.00153 0.00066 0.01184
v 0.00086 0.00013 0.01147
v 0.00152 0.00050 0.01177
v 0.00085 0.00006 0.01131
v 0.00151 0.00036 0.01167
v 0.00208 0.00083 0.01180
v 0.00084 0.00002 0.01114
v 0.00149 0.00023 0.01155
v 0.00207 0.00066 0.01176
v 0.00148 0.00013 0.01140
v 0.00206 0.00050 0.01169
v 0.00146 0.00006 0.01125
v 0.00204 0.00036 0.01159
v 0.00275 0.00083 0.01166
v 0.00143 0.00002 0.01108
v 0.00202 0.00023 0.01147
v 0.00274 0.00066 0.01162
v 0.00200 0.00013 0.01133
v 0.00273 0.00050 0.01155
v 0.00197 0.00006 0.01117
v 0.00325 0.00083 0.01154
v 0.00270 0.00036 0.01145
v 0.00194 0.00002 0.01100
v 0.00323 0.00066 0.01149
v 0.00267 0.00023 0.01133
v 0.00321 0.00050 0.01142
v 0.00264 0.00013 0.01119
v 0.00319 0.00036 0.01133
v 0.00261 0.00006 0.01104
v 0.00394 0.00083 0.01132
v 0.00315 0.00023 0.01121
v 0.00257 0.00002 0.01087
v 0.00392 0.00066 0.01128
v 0.00311 0.00013 0.01107
v 0.00390 0.00050 0.01121
v 0.00307 0.00006 0.01092
v 0.00438 0.00083 0.01116
v 0.00387 0.00036 0.01111
v 0.00303 0.00002 0.01076
v 0.00436 0.00066 0.01111
v 0.00383 0.00023 0.01100
v 0.00434 0.00050 0.01105
v 0.00378 0.00013 0.01086
v 0.00430 0.00036 0.01095
v 0.00373 0.00006 0.01071
v 0.00425 0.00023 0.01084
v 0.00508 0.00083 0.01085
v 0.00367 0.00002 0.01055
v 0.00420 0.00013 0.01071
v 0.00506 0.00066 0.01081
v 0.00414 0.00006 0.01056
v 0.00503 0.00050 0.01075
v 0.00547 0.00083 0.01066
v 0.00408 0.00002 0.01040
v 0.00499 0.00036 0.01066
v 0.00545 0.00066 0.01062
v 0.00494 0.00023 0.01054
v 0.00541 0.00050 0.01056
v 0.00488 0.00013 0.01042
v 0.00537 0.00036 0.01047
v 0.00481 0.00006 0.01027
v 0.00531 0.00023 0.01036
v 0.00617 0.00083 0.01027
v 0.00474 0.00002 0.01012
v 0.00525 0.00013 0.01023
v 0.00615 0.00066 0.01024
v 0.00517 0.00006 0.01009
v 0.00611 0.00050 0.01017
v 0.00650 0.00083 0.01007
v 0.00510 0.00002 0.00994
v 0.00606 0.00036 0.01009
v 0.00648 0.00066 0.01003
v 0.00599 0.00023 0.00998
v 0.00644 0.00050 0.00997
v 0.00592 0.00013 0.00986
v 0.00638 0.00036 0.00988
v 0.00584 0.00006 0.00972
v 0.00632 0.00023 0.00978
v 0.00719 0.00083 0.00959
v 0.00575 0.00002 0.00958
v 0.00624 0.00013 0.00966
v 0.00717 0.00066 0.00955
v 0.00615 0.00006 0.00953
v 0.00747 0.00083 0.00937
v 0.00712 0.00050 0.00949
v 0.00606 0.00002 0.00939
v 0.00744 0.00066 0.00933
v 0.00706 0.00036 0.00941
v 0.00740 0.00050 0.00928
v 0.00699 0.00023 0.00931
v 0.00734 0.00036 0.00920
v 0.00690 0.00013 0.00920
v 0.00726 0.00023 0.00910
v 0.00681 0.00006 0.00907
v 0.00814 0.00083 0.00880
v 0.00717 0.00013 0.00899
v 0.00671 0.00002 0.00894
v 0.00811 0.00066 0.00876
v 0.00707 0.00006 0.00887
v 0.00837 0.00083 0.00858
v 0.00806 0.00050 0.00871
v 0.00697 0.00002 0.00874
v 0.00834 0.00066 0.00855
v 0.00799 0.00036 0.00863
v 0.00829 0.00050 0.00849
v 0.00791 0.00023 0.00854
v 0.00822 0.00036 0.00842
v 0.00781 0.00013 0.00844
v 0.00813 0.00023 0.00833
v 0.00770 0.00006 0.00832
v 0.00803 0.00013 0.00823
v 0.00900 0.00083 0.00791
v 0.00759 0.00002 0.00820
v 0.00792 0.00006 0.00812
v 0.00897 0.00066 0.00788
v 0.00780 0.00002 0.00800
v 0.00891 0.00050 0.00783
v 0.00884 0.00036 0.00777
v 0.00875 0.00023 0.00769
v 0.00864 0.00013 0.00759
v 0.00852 0.00006 0.00749
v 0.00977 0.00083 0.00694
v 0.00839 0.00002 0.00738
v 0.00973 0.00066 0.00692
v 0.00967 0.00050 0.00688
v 0.00959 0.00036 0.00682
v 0.00949 0.00023 0.00675
v 0.00937 0.00013 0.00666
v 0.00924 0.00006 0.00657
v 0.01043 0.00083 0.00590
v 0.00911 0.00002 0.00647
v 0.01039 0.00066 0.00588
v 0.01033 0.00050 0.00584
v 0.01024 0.00036 0.00580
v 0.01013 0.00023 0.00573
v 0.01001 0.00013 0.00566
v 0.00987 0.00006 0.00559
v 0.01098 0.00083 0.00480
v 0.00972 0.00002 0.00550
v 0.01094 0.00066 0.00478
v 0.01087 0.00050 0.00475
v 0.01078 0.00036 0.00471
v 0.01067 0.00023 0.00466
v 0.01054 0.00013 0.00461
v 0.01039 0.00006 0.00454
v 0.01142 0.00083 0.00364
v 0.01024 0.00002 0.00447
v 0.01137 0.00066 0.00363
v 0.01130 0.00050 0.00361
v 0.01121 0.00036 0.00358
v 0.01109 0.00023 0.00354
v 0.01096 0.00013 0.00350
v 0.01080 0.00006 0.00345
v 0.01173 0.00083 0.00245
v 0.01064 0.00002 0.00340
v 0.01169 0.00066 0.00244
v 0.01162 0.00050 0.00243
v 0.01152 0.00036 0.00241
v 0.01140 0.00023 0.00238
v 0.01126 0.00013 0.00235
v 0.01110 0.00006 0.00232
v 0.01192 0.00083 0.00123
v 0.01094 0.00002 0.00229
v 0.01188 0.00066 0.00123
v 0.01180 0.00050 0.00122
v 0.01170 0.00036 0.00121
v 0.01158 0.00023 0.00120
v 0.01144 0.00013 0.00118
v 0.01128 0.00006 0.00117
v 0.01111 0.00002 0.00115
v 0.01198 0.02917 -0.00000
v 0.01194 0.02934 -0.00000
v 0.01187 0.02950 -0.00000
v 0.01177 0.02964 -0.00000
v 0.01164 0.02977 -0.00000
v 0.01150 0.02987 -0.00000
v 0.01134 0.02994 -0.00000
v 0.01117 0.02998 -0.00000
v 0.01100 0.03000 -0.00000
v 0.01094 0.03000 -0.00113
v 0.01077 0.03000 -0.00225
v 0.01048 0.03000 -0.00335
v 0.01008 0.03000 -0.00440
v 0.00957 0.03000 -0.00542
v 0.00897 0.03000 -0.00637
v 0.00826 0.03000 -0.00726
v 0.00747 0.03000 -0.00807
v 0.00660 0.03000 -0.00880
v 0.00566 0.03000 -0.00943
v 0.00466 0.03000 -0.00996
v 0.00361 0.03000 -0.01039
v 0.00253 0.03000 -0.01071
v 0.00141 0.03000 -0.01091
v 0.00028 0.03000 -0.01100
v -0.00085 0.03000 -0.01097
v -0.00197 0.03000 -0.01082
v -0.00307 0.03000 -0.01056
v -0.00414 0.03000 -0.01019
v -0.00517 0.03000 -0.00971
v -0.00614 0.03000 -0.00913
v -0.00705 0.03000 -0.00845
v -0.00788 0.03000 -0.00768
v -0.00863 0.03000 -0.00683
v -0.00928 0.03000 -0.00590
v -0.00984 0.03000 -0.00492
v -0.01029 0.03000 -0.00388
v -0.01064 0.03000 -0.00280
v -0.01087 0.03000 -0.00169
v -0.01099 0.03000 -0.00057
v -0.01099 0.03000 0.00057
v -0.01087 0.03000 0.00169
v -0.01064 0.03000 0.00280
v -0.01029 0.03000 0.00388
v -0.00984 0.03000 0.00492
v -0.00928 0.03000 0.00590
v -0.00863 0.03000 0.00683
v -0.00788 0.03000 0.00768
v -0.00705 0.03000 0.00845
v -0.00614 0.03000 0.00913
v -0.00517 0.03000 0.00971
v -0.00414 0.03000 0.01019
v -0.00307 0.03000 0.01056
v -0.00197 0.03000 0.01082
v -0.00085 0.03000 0.01097
v 0.00028 0.03000 0.01100
v 0.00141 0.03000 0.01091
v 0.00253 0.03000 0.01071
v 0.00361 0.03000 0.01039
v 0.00466 0.03000 0.00996
v 0.00566 0.03000 0.00943
v 0.00660 0.03000 0.00880
v 0.00747 0.03000 0.00807
v 0.00826 0.03000 0.00726
v 0.00897 0.03000 0.00637
v 0.00957 0.03000 0.00542
v 0.01008 0.03000 0.00440
v 0.01048 0.03000 0.00335
v 0.01077 0.03000 0.00225
v 0.01094 0.03000 0.00113
v 0.01193 0.02917 -0.00119
v 0.01188 0.02934 -0.00119
v 0.01181 0.02950 -0.00118
v 0.01171 0.02964 -0.00117
v 0.01158 0.02977 -0.00116
v 0.01144 0.02987 -0.00115
v 0.01129 0.02994 -0.00113
v 0.01175 0.02917 -0.00237
v 0.01112 0.02998 -0.00111
v 0.01170 0.02934 -0.00237
v 0.01163 0.02950 -0.00235
v 0.01153 0.02964 -0.00233
v 0.01141 0.02977 -0.00231
v 0.01127 0.02987 -0.00228
v 0.01112 0.02994 -0.00225
v 0.01145 0.02917 -0.00353
v 0.01095 0.02998 -0.00221
v 0.01141 0.02934 -0.00352
v 0.01134 0.02950 -0.00350
v 0.01124 0.02964 -0.00347
v 0.01113 0.02977 -0.00343
v 0.01099 0.02987 -0.00339
v 0.01084 0.02994 -0.00334
v 0.01104 0.02917 -0.00466
v 0.01068 0.02998 -0.00329
v 0.01100 0.02934 -0.00464
v 0.01093 0.02950 -0.00461
v 0.01084 0.02964 -0.00457
v 0.01073 0.02977 -0.00452
v 0.01060 0.02987 -0.00447
v 0.01045 0.02994 -0.00441
v 0.01053 0.02917 -0.00573
v 0.01030 0.02998 -0.00434
v 0.01049 0.02934 -0.00571
v 0.01042 0.02950 -0.00567
v 0.01033 0.02964 -0.00563
v 0.01022 0.02977 -0.00557
v 0.01010 0.02987 -0.00550
v 0.00996 0.02994 -0.00542
v 0.00990 0.02917 -0.00675
v 0.00981 0.02998 -0.00534
v 0.00987 0.02934 -0.00673
v 0.00980 0.02950 -0.00668
v 0.00972 0.02964 -0.00663
v 0.00962 0.02977 -0.00656
v 0.00950 0.02987 -0.00648
v 0.00937 0.02994 -0.00639
v 0.00918 0.02917 -0.00770
v 0.00923 0.02998 -0.00629
v 0.00915 0.02934 -0.00767
v 0.00909 0.02950 -0.00763
v 0.00901 0.02964 -0.00756
v 0.00892 0.02977 -0.00748
v 0.00881 0.02987 -0.00739
v 0.00869 0.02994 -0.00729
v 0.00837 0.02917 -0.00858
v 0.00856 0.02998 -0.00718
v 0.00834 0.02934 -0.00855
v 0.00814 0.02917 -0.00880
v 0.00829 0.02950 -0.00849
v 0.00811 0.02934 -0.00876
v 0.00822 0.02964 -0.00842
v 0.00806 0.02950 -0.00871
v 0.00813 0.02977 -0.00833
v 0.00799 0.02964 -0.00863
v 0.00803 0.02987 -0.00823
v 0.00791 0.02977 -0.00854
v 0.00792 0.02994 -0.00812
v 0.00747 0.02917 -0.00937
v 0.00781 0.02987 -0.00844
v 0.00780 0.02998 -0.00800
v 0.00744 0.02934 -0.00933
v 0.00770 0.02994 -0.00832
v 0.00719 0.02917 -0.00959
v 0.00740 0.02950 -0.00928
v 0.00759 0.02998 -0.00820
v 0.00717 0.02934 -0.00955
v 0.00734 0.02964 -0.00920
v 0.00712 0.02950 -0.00949
v 0.00726 0.02977 -0.00910
v 0.00706 0.02964 -0.00941
v 0.00717 0.02987 -0.00899
v 0.00699 0.02977 -0.00931
v 0.00707 0.02994 -0.00887
v 0.00650 0.02917 -0.01007
v 0.00690 0.02987 -0.00920
v 0.00697 0.02998 -0.00874
v 0.00648 0.02934 -0.01003
v 0.00681 0.02994 -0.00907
v 0.00644 0.02950 -0.00997
v 0.00617 0.02917 -0.01027
v 0.00671 0.02998 -0.00894
v 0.00638 0.02964 -0.00988
v 0.00615 0.02934 -0.01024
v 0.00632 0.02977 -0.00978
v 0.00611 0.02950 -0.01017
v 0.00624 0.02987 -0.00966
v 0.00606 0.02964 -0.01009
v 0.00615 0.02994 -0.00953
v 0.00599 0.02977 -0.00998
v 0.00547 0.02917 -0.01066
v 0.00606 0.02998 -0.00939
v 0.00592 0.02987 -0.00986
v 0.00545 0.02934 -0.01062
v 0.00584 0.02994 -0.00972
v 0.00541 0.02950 -0.01056
v 0.00508 0.02917 -0.01085
v 0.00575 0.02998 -0.00958
v 0.00537 0.02964 -0.01047
v 0.00506 0.02934 -0.01081
v 0.00531 0.02977 -0.01036
v 0.00503 0.02950 -0.01075
v 0.00525 0.02987 -0.01023
v 0.00499 0.02964 -0.01066
v 0.00517 0.02994 -0.01009
v 0.00494 0.02977 -0.01054
v 0.00438 0.02917 -0.01116
v 0.00510 0.02998 -0.00994
v 0.00488 0.02987 -0.01042
v 0.00436 0.02934 -0.01111
v 0.00481 0.02994 -0.01027
v 0.00434 0.02950 -0.01105
v 0.00394 0.02917 -0.01132
v 0.00474 0.02998 -0.01012
v 0.00430 0.02964 -0.01095
v 0.00392 0.02934 -0.01128
v 0.00425 0.02977 -0.01084
v 0.00390 0.02950 -0.01121
v 0.00420 0.02987 -0.01071
v 0.00387 0.02964 -0.01111
v 0.00414 0.02994 -0.01056
v 0.00325 0.02917 -0.01154
v 0.00383 0.02977 -0.01100
v 0.00408 0.02998 -0.01040
v 0.00323 0.02934 -0.01149
v 0.00378 0.02987 -0.01086
v 0.00321 0.02950 -0.01142
v 0.00373 0.02994 -0.01071
v 0.00275 0.02917 -0.01166
v 0.00319 0.02964 -0.01133
v 0.00367 0.02998 -0.01055
v 0.00274 0.02934 -0.01162
v 0.00315 0.02977 -0.01121
v 0.00273 0.02950 -0.01155
v 0.00311 0.02987 -0.01107
v 0.00270 0.02964 -0.01145
v 0.00307 0.02994 -0.01092
v 0.00208 0.02917 -0.01180
v 0.00267 0.02977 -0.01133
v 0.00303 0.02998 -0.01076
v 0.00207 0.02934 -0.01176
v 0.00264 0.02987 -0.01119
v 0.00206 0.02950 -0.01169
v 0.00261 0.02994 -0.01104
v 0.00204 0.02964 -0.01159
v 0.00154 0.02917 -0.01189
v 0.00257 0.02998 -0.01087
v 0.00202 0.02977 -0.01147
v 0.00153 0.02934 -0.01184
v 0.00200 0.02987 -0.01133
v 0.00152 0.02950 -0.01177
v 0.00197 0.02994 -0.01117
v 0.00151 0.02964 -0.01167
v 0.00090 0.02917 -0.01195
v 0.00194 0.02998 -0.01100
v 0.00149 0.02977 -0.01155
v 0.00089 0.02934 -0.01191
v 0.00148 0.02987 -0.01140
v 0.00089 0.02950 -0.01183
v 0.00146 0.02994 -0.01125
v 0.00088 0.02964 -0.01173
v 0.00031 0.02917 -0.01198
v 0.00143 0.02998 -0.01108
v 0.00087 0.02977 -0.01161
v 0.00031 0.02934 -0.01194
v 0.00086 0.02987 -0.01147
v 0.00031 0.02950 -0.01186
v 0.00085 0.02994 -0.01131
v 0.00030 0.02964 -0.01176
v -0.00030 0.02917 -0.01198
v 0.00084 0.02998 -0.01114
v 0.00030 0.02977 -0.01164
v -0.00030 0.02934 -0.01194
v 0.00030 0.02987 -0.01150
v -0.00030 0.02950 -0.01186
v 0.00029 0.02994 -0.01134
v -0.00029 0.02964 -0.01176
v -0.00092 0.02917 -0.01195
v 0.00029 0.02998 -0.01117
v -0.00029 0.02977 -0.01164
v -0.00092 0.02934 -0.01190
v -0.00029 0.02987 -0.01150
v -0.00092 0.02950 -0.01183
v -0.00028 0.02994 -0.01134
v -0.00091 0.02964 -0.01173
v -0.00149 0.02917 -0.01189
v -0.00028 0.02998 -0.01117
v -0.00090 0.02977 -0.01161
v -0.00148 0.02934 -0.01185
v -0.00089 0.02987 -0.01147
v -0.00148 0.02950 -0.01177
v -0.00088 0.02994 -0.01131
v -0.00146 0.02964 -0.01167
v -0.00215 0.02917 -0.01179
v -0.00086 0.02998 -0.01114
v -0.00145 0.02977 -0.01155
v -0.00214 0.02934 -0.01175
v -0.00143 0.02987 -0.01141
v -0.00213 0.02950 -0.01167
v -0.00141 0.02994 -0.01125
v -0.00267 0.02917 -0.01168
v -0.00211 0.02964 -0.01158
v -0.00139 0.02998 -0.01109
v -0.00266 0.02934 -0.01164
v -0.00209 0.02977 -0.01145
v -0.00264 0.02950 -0.01157
v -0.00206 0.02987 -0.01131
v -0.00262 0.02964 -0.01147
v -0.00203 0.02994 -0.01116
v -0.00335 0.02917 -0.01151
v -0.00259 0.02977 -0.01135
v -0.00200 0.02998 -0.01099
v -0.00334 0.02934 -0.01146
v -0.00256 0.02987 -0.01121
v -0.00332 0.02950 -0.01139
v -0.00252 0.02994 -0.01106
v -0.00382 0.02917 -0.01136
v -0.00329 0.02964 -0.01130
v -0.00249 0.02998 -0.01089
v -0.00380 0.02934 -0.01132
v -0.00325 0.02977 -0.01118
v -0.00378 0.02950 -0.01125
v -0.00321 0.02987 -0.01104
v -0.00375 0.02964 -0.01115
v -0.00317 0.02994 -0.01089
v -0.00371 0.02977 -0.01104
v -0.00452 0.02917 -0.01110
v -0.00312 0.02998 -0.01073
v -0.00366 0.02987 -0.01090
v -0.00450 0.02934 -0.01106
v -0.00361 0.02994 -0.01075
v -0.00447 0.02950 -0.01099
v -0.00493 0.02917 -0.01092
v -0.00356 0.02998 -0.01059
v -0.00443 0.02964 -0.01090
v -0.00491 0.02934 -0.01088
v -0.00439 0.02977 -0.01078
v -0.00488 0.02950 -0.01082
v -0.00433 0.02987 -0.01065
v -0.00484 0.02964 -0.01072
v -0.00427 0.02994 -0.01051
v -0.00479 0.02977 -0.01061
v -0.00563 0.02917 -0.01058
v -0.00421 0.02998 -0.01035
v -0.00473 0.02987 -0.01048
v -0.00561 0.02934 -0.01054
v -0.00466 0.02994 -0.01034
v -0.00558 0.02950 -0.01047
v -0.00599 0.02917 -0.01038
v -0.00460 0.02998 -0.01018
v -0.00553 0.02964 -0.01039
v -0.00597 0.02934 -0.01034
v -0.00547 0.02977 -0.01028
v -0.00593 0.02950 -0.01028
v -0.00540 0.02987 -0.01015
v -0.00588 0.02964 -0.01019
v -0.00533 0.02994 -0.01001
v -0.00582 0.02977 -0.01008
v -0.00669 0.02917 -0.00994
v -0.00525 0.02998 -0.00986
v -0.00575 0.02987 -0.00996
v -0.00667 0.02934 -0.00991
v -0.00567 0.02994 -0.00982
v -0.00662 0.02950 -0.00984
v -0.00700 0.02917 -0.00973
v -0.00559 0.02998 -0.00968
v -0.00657 0.02964 -0.00976
v -0.00697 0.02934 -0.00969
v -0.00650 0.02977 -0.00966
v -0.00693 0.02950 -0.00963
v -0.00642 0.02987 -0.00954
v -0.00687 0.02964 -0.00955
v -0.00633 0.02994 -0.00941
v -0.00680 0.02977 -0.00945
v -0.00768 0.02917 -0.00920
v -0.00624 0.02998 -0.00927
v -0.00671 0.02987 -0.00934
v -0.00765 0.02934 -0.00917
v -0.00662 0.02994 -0.00921
v -0.00793 0.02917 -0.00899
v -0.00760 0.02950 -0.00911
v -0.00652 0.02998 -0.00907
v -0.00790 0.02934 -0.00895
v -0.00754 0.02964 -0.00903
v -0.00785 0.02950 -0.00890
v -0.00746 0.02977 -0.00894
v -0.00779 0.02964 -0.00882
v -0.00737 0.02987 -0.00883
v -0.00770 0.02977 -0.00873
v -0.00727 0.02994 -0.00871
v -0.00858 0.02917 -0.00836
v -0.00761 0.02987 -0.00862
v -0.00716 0.02998 -0.00858
v -0.00855 0.02934 -0.00833
v -0.00750 0.02994 -0.00850
v -0.00850 0.02950 -0.00828
v -0.00739 0.02998 -0.00838
v -0.00843 0.02964 -0.00821
v -0.00834 0.02977 -0.00813
v -0.00824 0.02987 -0.00803
v -0.00812 0.02994 -0.00792
v -0.00940 0.02917 -0.00744
v -0.00800 0.02998 -0.00780
v -0.00936 0.02934 -0.00741
v -0.00930 0.02950 -0.00736
v -0.00923 0.02964 -0.00730
v -0.00913 0.02977 -0.00723
v -0.00902 0.02987 -0.00714
v -0.00889 0.02994 -0.00704
v -0.01011 0.02917 -0.00643
v -0.00876 0.02998 -0.00693
v -0.01007 0.02934 -0.00641
v -0.01001 0.02950 -0.00637
v -0.00993 0.02964 -0.00631
v -0.00982 0.02977 -0.00625
v -0.00970 0.02987 -0.00617
v -0.00957 0.02994 -0.00609
v -0.01072 0.02917 -0.00536
v -0.00943 0.02998 -0.00600
v -0.01068 0.02934 -0.00534
v -0.01061 0.02950 -0.00531
v -0.01052 0.02964 -0.00526
v -0.01041 0.02977 -0.00521
v -0.01029 0.02987 -0.00514
v -0.01015 0.02994 -0.00507
v -0.01121 0.02917 -0.00423
v -0.00999 0.02998 -0.00500
v -0.01117 0.02934 -0.00421
v -0.01110 0.02950 -0.00419
v -0.01101 0.02964 -0.00415
v -0.01089 0.02977 -0.00411
v -0.01076 0.02987 -0.00406
v -0.01061 0.02994 -0.00400
v -0.01159 0.02917 -0.00305
v -0.01046 0.02998 -0.00394
v -0.01155 0.02934 -0.00304
v -0.01147 0.02950 -0.00302
v -0.01138 0.02964 -0.00300
v -0.01126 0.02977 -0.00297
v -0.01112 0.02987 -0.00293
v -0.01097 0.02994 -0.00289
v -0.01184 0.02917 -0.00184
v -0.01081 0.02998 -0.00285
v -0.01180 0.02934 -0.00184
v -0.01172 0.02950 -0.00183
v -0.01163 0.02964 -0.00181
v -0.01150 0.02977 -0.00179
v -0.01136 0.02987 -0.00177
v -0.01121 0.02994 -0.00175
v -0.01197 0.02917 -0.00062
v -0.01104 0.02998 -0.00172
v -0.01192 0.02934 -0.00061
v -0.01185 0.02950 -0.00061
v -0.01175 0.02964 -0.00061
v -0.01163 0.02977 -0.00060
v -0.01148 0.02987 -0.00059
v -0.01133 0.02994 -0.00058
v -0.01197 0.02917 0.00060
v -0.01116 0.02998 -0.00058
v -0.01192 0.02934 0.00060
v -0.01185 0.02950 0.00059
v -0.01175 0.02964 0.00059
v -0.01163 0.02977 0.00058
v -0.01149 0.02987 0.00057
v -0.01133 0.02994 0.00057
v -0.01185 0.02917 0.00179
v -0.01116 0.02998 0.00056
v -0.01181 0.02934 0.00178
v -0.01173 0.02950 0.00177
v -0.01163 0.02964 0.00175
v -0.01151 0.02977 0.00174
v -0.01137 0.02987 0.00171
v -0.01122 0.02994 0.00169
v -0.01161 0.02917 0.00296
v -0.01105 0.02998 0.00167
v -0.01157 0.02934 0.00295
v -0.01150 0.02950 0.00293
v -0.01140 0.02964 0.00290
v -0.01128 0.02977 0.00287
v -0.01114 0.02987 0.00284
v -0.01099 0.02994 0.00280
v -0.01126 0.02917 0.00410
v -0.01083 0.02998 0.00276
v -0.01122 0.02934 0.00408
v -0.01115 0.02950 0.00406
v -0.01106 0.02964 0.00402
v -0.01094 0.02977 0.00398
v -0.01081 0.02987 0.00393
v -0.01066 0.02994 0.00388
v -0.01080 0.02917 0.00520
v -0.01050 0.02998 0.00382
v -0.01076 0.02934 0.00518
v -0.01069 0.02950 0.00515
v -0.01060 0.02964 0.00511
v -0.01049 0.02977 0.00505
v -0.01036 0.02987 0.00499
v -0.01022 0.02994 0.00492
v -0.01023 0.02917 0.00625
v -0.01007 0.02998 0.00485
v -0.01019 0.02934 0.00623
v -0.01013 0.02950 0.00619
v -0.01004 0.02964 0.00614
v -0.00993 0.02977 0.00607
v -0.00981 0.02987 0.00600
v -0.00968 0.02994 0.00591
v -0.00955 0.02917 0.00724
v -0.00953 0.02998 0.00583
v -0.00952 0.02934 0.00721
v -0.00946 0.02950 0.00716
v -0.00938 0.02964 0.00710
v -0.00928 0.02977 0.00703
v -0.00917 0.02987 0.00694
v -0.00904 0.02994 0.00685
v -0.00879 0.02917 0.00815
v -0.00891 0.02998 0.00675
v -0.00875 0.02934 0.00812
v -0.00870 0.02950 0.00807
v -0.00863 0.02964 0.00800
v -0.00853 0.02977 0.00792
v -0.00843 0.02987 0.00782
v -0.00831 0.02994 0.00771
v -0.00793 0.02917 0.00899
v -0.00819 0.02998 0.00760
v -0.00790 0.02934 0.00895
v -0.00768 0.02917 0.00920
v -0.00785 0.02950 0.00890
v -0.00765 0.02934 0.00917
v -0.00779 0.02964 0.00882
v -0.00760 0.02950 0.00911
v -0.00770 0.02977 0.00873
v -0.00754 0.02964 0.00903
v -0.00761 0.02987 0.00862
v -0.00746 0.02977 0.00894
v -0.00750 0.02994 0.00850
v -0.00700 0.02917 0.00973
v -0.00737 0.02987 0.00883
v -0.00739 0.02998 0.00838
v -0.00697 0.02934 0.00969
v -0.00727 0.02994 0.00871
v -0.00693 0.02950 0.00963
v -0.00669 0.02917 0.00994
v -0.00716 0.02998 0.00858
v -0.00687 0.02964 0.00955
v -0.00667 0.02934 0.00991
v -0.00680 0.02977 0.00945
v -0.00662 0.02950 0.00984
v -0.00671 0.02987 0.00934
v -0.00657 0.02964 0.00976
v -0.00662 0.02994 0.00921
v -0.00650 0.02977 0.00966
v -0.00599 0.02917 0.01038
v -0.00652 0.02998 0.00907
v -0.00642 0.02987 0.00954
v -0.00597 0.02934 0.01034
v -0.00633 0.02994 0.00941
v -0.00593 0.02950 0.01028
v -0.00563 0.02917 0.01058
v -0.00624 0.02998 0.00927
v -0.00588 0.02964 0.01019
v -0.00561 0.02934 0.01054
v -0.00582 0.02977 0.01008
v -0.00558 0.02950 0.01047
v -0.00575 0.02987 0.00996
v -0.00553 0.02964 0.01039
v -0.00567 0.02994 0.00982
v -0.00547 0.02977 0.01028
v -0.00493 0.02917 0.01092
v -0.00559 0.02998 0.00968
v -0.00540 0.02987 0.01015
v -0.00491 0.02934 0.01088
v -0.00533 0.02994 0.01001
v -0.00488 0.02950 0.01082
v -0.00452 0.02917 0.01110
v -0.00525 0.02998 0.00986
v -0.00484 0.02964 0.01072
v -0.00450 0.02934 0.01106
v -0.00479 0.02977 0.01061
v -0.00447 0.02950 0.01099
v -0.00473 0.02987 0.01048
v -0.00443 0.02964 0.01090
v -0.00466 0.02994 0.01034
v -0.00439 0.02977 0.01078
v -0.00382 0.02917 0.01136
v -0.00460 0.02998 0.01018
v -0.00433 0.02987 0.01065
v -0.00380 0.02934 0.01132
v -0.00427 0.02994 0.01051
v -0.00378 0.02950 0.01125
v -0.00335 0.02917 0.01151
v -0.00421 0.02998 0.01035
v -0.00375 0.02964 0.01115
v -0.00334 0.02934 0.01146
v -0.00371 0.02977 0.01104
v -0.00332 0.02950 0.01139
v -0.00366 0.02987 0.01090
v -0.00329 0.02964 0.01130
v -0.00361 0.02994 0.01075
v -0.00267 0.02917 0.01168
v -0.00325 0.02977 0.01118
v -0.00356 0.02998 0.01059
v -0.00266 0.02934 0.01164
v -0.00321 0.02987 0.01104
v -0.00264 0.02950 0.01157
v -0.00317 0.02994 0.01089
v -0.00215 0.02917 0.01179
v -0.00262 0.02964 0.01147
v -0.00312 0.02998 0.01073
v -0.00214 0.02934 0.01175
v -0.00259 0.02977 0.01135
v -0.00213 0.02950 0.01167
v -0.00256 0.02987 0.01121
v -0.00211 0.02964 0.01158
v -0.00252 0.02994 0.01106
v -0.00149 0.02917 0.01189
v -0.00209 0.02977 0.01145
v -0.00249 0.02998 0.01089
v -0.00148 0.02934 0.01185
v -0.00206 0.02987 0.01131
v -0.00148 0.02950 0.01177
v -0.00203 0.02994 0.01116
v -0.00146 0.02964 0.01167
v -0.00092 0.02917 0.01195
v -0.00200 0.02998 0.01099
v -0.00145 0.02977 0.01155
v -0.00092 0.02934 0.01190
v -0.00143 0.02987 0.01141
v -0.00092 0.02950 0.01183
v -0.00141 0.02994 0.01125
v -0.00091 0.02964 0.01173
v -0.00030 0.02917 0.01198
v -0.00139 0.02998 0.01109
v -0.00090 0.02977 0.01161
v -0.00030 0.02934 0.01194
v -0.00089 0.02987 0.01147
v -0.00030 0.02950 0.01186
v -0.00088 0.02994 0.01131
v -0.00029 0.02964 0.01176
v 0.00031 0.02917 0.01198
v -0.00086 0.02998 0.01114
v -0.00029 0.02977 0.01164
v 0.00031 0.02934 0.01194
v -0.00029 0.02987 0.01150
v 0.00031 0.02950 0.01186
v -0.00028 0.02994 0.01134
v 0.00030 0.02964 0.01176
v 0.00090 0.02917 0.01195
v -0.00028 0.02998 0.01117
v 0.00030 0.02977 0.01164
v 0.00089 0.02934 0.01191
v 0.00030 0.02987 0.01150
v 0.00089 0.02950 0.01183
v 0.00029 0.02994 0.01134
v 0.00088 0.02964 0.01173
v 0.00154 0.02917 0.01189
v 0.00029 0.02998 0.01117
v 0.00087 0.02977 0.01161
v 0.00153 0.02934 0.01184
v 0.00086 0.02987 0.01147
v 0.00152 0.02950 0.01177
v 0.00085 0.02994 0.01131
v 0.00151 0.02964 0.01167
v 0.00208 0.02917 0.01180
v 0.00084 0.02998 0.01114
v 0.00149 0.02977 0.01155
v 0.00207 0.02934 0.01176
v 0.00148 0.02987 0.01140
v 0.00206 0.02950 0.01169
v 0.00146 0.02994 0.01125
v 0.00204 0.02964 0.01159
v 0.00275 0.02917 0.01166
v 0.00143 0.02998 0.01108
v 0.00202 0.02977 0.01147
v 0.00274 0.02934 0.01162
v 0.00200 0.02987 0.01133
v 0.00273 0.02950 0.01155
v 0.00197 0.02994 0.01117
v 0.00325 0.02917 0.01154
v 0.00270 0.02964 0.01145
v 0.00194 0.02998 0.01100
v 0.00323 0.02934 0.01149
v 0.00267 0.02977 0.01133
v 0.00321 0.02950 0.01142
v 0.00264 0.02987 0.01119
v 0.00319 0.02964 0.01133
v 0.00261 0.02994 0.01104
v 0.00394 0.02917 0.01132
v 0.00315 0.02977 0.01121
v 0.00257 0.02998 0.01087
v 0.00392 0.02934 0.01128
v 0.00311 0.02987 0.01107
v 0.00390 0.02950 0.01121
v 0.00307 0.02994 0.01092
v 0.00438 0.02917 0.01116
v 0.00387 0.02964 0.01111
v 0.00303 0.02998 0.01076
v 0.00436 0.02934 0.01111
v 0.00383 0.02977 0.01100
v 0.00434 0.02950 0.01105
v 0.00378 0.02987 0.01086
v 0.00430 0.02964 0.01095
v 0.00373 0.02994 0.01071
v 0.00425 0.02977 0.01084
v 0.00508 0.02917 0.01085
v 0.00367 0.02998 0.01055
v 0.00420 0.02987 0.01071
v 0.00506 0.02934 0.01081
v 0.00414 0.02994 0.01056
v 0.00503 0.02950 0.01075
v 0.00547 0.02917 0.01066
v 0.00408 0.02998 0.01040
v 0.00499 0.02964 0.01066
v 0.00545 0.02934 0.01062
v 0.00494 0.02977 0.01054
v 0.00541 0.02950 0.01056
v 0.00488 0.02987 0.01042
v 0.00537 0.02964 0.01047
v 0.00481 0.02994 0.01027
v 0.00531 0.02977 0.01036
v 0.00617 0.02917 0.01027
v 0.00474 0.02998 0.01012
v 0.00525 0.02987 0.01023
v 0.00615 0.02934 0.01024
v 0.00517 0.02994 0.01009
v 0.00611 0.02950 0.01017
v 0.00650 0.02917 0.01007
v 0.00510 0.02998 0.00994
v 0.00606 0.02964 0.01009
v 0.00648 0.02934 0.01003
v 0.00599 0.02977 0.00998
v 0.00644 0.02950 0.00997
v 0.00592 0.02987 0.00986
v 0.00638 0.02964 0.00988
v 0.00584 0.02994 0.00972
v 0.00632 0.02977 0.00978
v 0.00719 0.02917 0.00959
v 0.00575 0.02998 0.00958
v 0.00624 0.02987 0.00966
v 0.00717 0.02934 0.00955
v 0.00615 0.02994 0.00953
v 0.00747 0.02917 0.00937
v 0.00712 0.02950 0.00949
v 0.00606 0.02998 0.00939
v 0.00744 0.02934 0.00933
v 0.00706 0.02964 0.00941
v 0.00740 0.02950 0.00928
v 0.00699 0.02977 0.00931
v 0.00734 0.02964 0.00920
v 0.00690 0.02987 0.00920
v 0.00726 0.02977 0.00910
v 0.00681 0.02994 0.00907
v 0.00814 0.02917 0.00880
v 0.00717 0.02987 0.00899
v 0.00671 0.02998 0.00894
v 0.00811 0.02934 0.00876
v 0.00707 0.02994 0.00887
v 0.00837 0.02917 0.00858
v 0.00806 0.02950 0.00871
v 0.00697 0.02998 0.00874
v 0.00834 0.02934 0.00855
v 0.00799 0.02964 0.00863
v 0.00829 0.02950 0.00849
v 0.00791 0.02977 0.00854
v 0.00822 0.02964 0.00842
v 0.00781 0.02987 0.00844
v 0.00813 0.02977 0.00833
v 0.00770 0.02994 0.00832
v 0.00803 0.02987 0.00823
v 0.00900 0.02917 0.00791
v 0.00759 0.02998 0.00820
v 0.00792 0.02994 0.00812
v 0.00897 0.02934 0.00788
v 0.00780 0.02998 0.00800
v 0.00891 0.02950 0.00783
v 0.00884 0.02964 0.00777
v 0.00875 0.02977 0.00769
v 0.00864 0.02987 0.00759
v 0.00852 0.02994 0.00749
v 0.00977 0.02917 0.00694
v 0.00839 0.02998 0.00738
v 0.00973 0.02934 0.00692
v 0.00967 0.02950 0.00688
v 0.00959 0.02964 0.00682
v 0.00949 0.02977 0.00675
v 0.00937 0.02987 0.00666
v 0.00924 0.02994 0.00657
v 0.01043 0.02917 0.00590
v 0.00911 0.02998 0.00647
v 0.01039 0.02934 0.00588
v 0.01033 0.02950 0.00584
v 0.01024 0.02964 0.00580
v 0.01013 0.02977 0.00573
v 0.01001 0.02987 0.00566
v 0.00987 0.02994 0.00559
v 0.01098 0.02917 0.00480
v 0.00972 0.02998 0.00550
v 0.01094 0.02934 0.00478
v 0.01087 0.02950 0.00475
v 0.01078 0.02964 0.00471
v 0.01067 0.02977 0.00466
v 0.01054 0.02987 0.00461
v 0.01039 0.02994 0.00454
v 0.01142 0.02917 0.00364
v 0.01024 0.02998 0.00447
v 0.01137 0.02934 0.00363
v 0.01130 0.02950 0.00361
v 0.01121 0.02964 0.00358
v 0.01109 0.02977 0.00354
v 0.01096 0.02987 0.00350
v 0.01080 0.02994 0.00345
v 0.01173 0.02917 0.00245
v 0.01064 0.02998 0.00340
v 0.01169 0.02934 0.00244
v 0.01162 0.02950 0.00243
v 0.01152 0.02964 0.00241
v 0.01140 0.02977 0.00238
v 0.01126 0.02987 0.00235
v 0.01110 0.02994 0.00232
v 0.01192 0.02917 0.00123
v 0.01094 0.02998 0.00229
v 0.01188 0.02934 0.00123
v 0.01180 0.02950 0.00122
v 0.01170 0.02964 0.00121
v 0.01158 0.02977 0.00120
v 0.01144 0.02987 0.00118
v 0.01128 0.02994 0.00117
v 0.01111 0.02998 0.00115
vn 1.0000 0.0000 0.0000
vn 1.0000 0.0000 0.0000
vn 0.9950 -0.0000 -0.0996
vn 0.9802 -0.0000 -0.1981
vn 0.9556 -0.0000 -0.2948
vn 0.9215 -0.0000 -0.3884
vn 0.8782 -0.0000 -0.4783
vn 0.8262 -0.0000 -0.5633
vn 0.7660 -0.0000 -0.6428
vn 0.6982 -0.0000 -0.7159
vn 0.6235 -0.0000 -0.7818
vn 0.5425 -0.0000 -0.8400
vn 0.4562 -0.0000 -0.8899
vn 0.3653 -0.0000 -0.9309
vn 0.2708 -0.0000 -0.9626
vn 0.1736 -0.0000 -0.9848
vn 0.0747 -0.0000 -0.9972
vn -0.0249 0.0000 -0.9997
vn -0.1243 0.0000 -0.9922
vn -0.2225 0.0000 -0.9749
vn -0.3185 0.0000 -0.9479
vn -0.4113 0.0000 -0.9115
vn -0.5000 0.0000 -0.8660
vn -0.5837 0.0000 -0.8119
vn -0.6617 0.0000 -0.7498
vn -0.7331 0.0000 -0.6802
vn -0.7971 0.0000 -0.6038
vn -0.8533 0.0000 -0.5214
vn -0.9010 0.0000 -0.4339
vn -0.9397 0.0000 -0.3420
vn -0.9691 0.0000 -0.2468
vn -0.9888 0.0000 -0.1490
vn -0.9988 0.0000 -0.0498
vn -0.9988 0.0000 0.0498
vn -0.9888 0.0000 0.1490
vn -0.9691 0.0000 0.2468
vn -0.9397 0.0000 0.3420
vn -0.9010 0.0000 0.4339
vn -0.8533 0.0000 0.5214
vn -0.7971 0.0000 0.6038
vn -0.7331 0.0000 0.6802
vn -0.6617 0.0000 0.7498
vn -0.5837 0.0000 0.8119
vn -0.5000 0.0000 0.8660
vn -0.4113 0.0000 0.9115
vn -0.3185 0.0000 0.9479
vn -0.2225 0.0000 0.9749
vn -0.1243 0.0000 0.9922
vn -0.0249 0.0000 0.9997
vn 0.0747 0.0000 0.9972
vn 0.1736 0.0000 0.9848
vn 0.2708 0.0000 0.9626
vn 0.3653 0.0000 0.9309
vn 0.4562 0.0000 0.8899
vn 0.5425 0.0000 0.8400
vn 0.6235 0.0000 0.7818
vn 0.6982 0.0000 0.7159
vn 0.7660 0.0000 0.6428
vn 0.8262 0.0000 0.5633
vn 0.8782 0.0000 0.4783
vn 0.9215 0.0000 0.3884
vn 0.9556 0.0000 0.2948
vn 0.9802 0.0000 0.1981
vn 0.9950 0.0000 0.0996
vn 0.9950 -0.0000 -0.0996
vn 0.9802 -0.0000 -0.1981
vn 0.9556 -0.0000 -0.2948
vn 0.9215 -0.0000 -0.3884
vn 0.8782 -0.0000 -0.4783
vn 0.8262 -0.0000 -0.5633
vn 0.7660 -0.0000 -0.6428
vn 0.6982 -0.0000 -0.7159
vn 0.6235 -0.0000 -0.7818
vn 0.5425 -0.0000 -0.8400
vn 0.4562 -0.0000 -0.8899
vn 0.3653 -0.0000 -0.9309
vn 0.2708 -0.0000 -0.9626
vn 0.1736 -0.0000 -0.9848
vn 0.0747 -0.0000 -0.9972
vn -0.0249 0.0000 -0.9997
vn -0.1243 0.0000 -0.9922
vn -0.2225 0.0000 -0.9749
vn -0.3185 0.0000 -0.9479
vn -0.4113 0.0000 -0.9115
vn -0.5000 0.0000 -0.8660
vn -0.5837 0.0000 -0.8119
vn -0.6617 0.0000 -0.7498
vn -0.7331 0.0000 -0.6802
vn -0.7971 0.0000 -0.6038
vn -0.8533 0.0000 -0.5214
vn -0.9010 0.0000 -0.4339
vn -0.9397 0.0000 -0.3420
vn -0.9691 0.0000 -0.2468
vn -0.9888 0.0000 -0.1490
vn -0.9988 0.0000 -0.0498
vn -0.9988 0.0000 0.0498
vn -0.9888 0.0000 0.1490
vn -0.9691 0.0000 0.2468
vn -0.9397 0.0000 0.3420
vn -0.9010 0.0000 0.4339
vn -0.8533 0.0000 0.5214
vn -0.7971 0.0000 0.6038
vn -0.7331 0.0000 0.6802
vn -0.6617 0.0000 0.7498
vn -0.5837 0.0000 0.8119
vn -0.5000 0.0000 0.8660
vn -0.4113 0.0000 0.9115
vn -0.3185 0.0000 0.9479
vn -0.2225 0.0000 0.9749
vn -0.1243 0.0000 0.9922
vn -0.0249 0.0000 0.9997
vn 0.0747 0.0000 0.9972
vn 0.1736 0.0000 0.9848
vn 0.2708 0.0000 0.9626
vn 0.3653 0.0000 0.9309
vn 0.4562 0.0000 0.8899
vn 0.5425 0.0000 0.8400
vn 0.6235 0.0000 0.7818
vn 0.6982 0.0000 0.7159
vn 0.7660 0.0000 0.6428
vn 0.8262 0.0000 0.5633
vn 0.8782 0.0000 0.4783
vn 0.9215 0.0000 0.3884
vn 0.9556 0.0000 0.2948
vn 0.9802 0.0000 0.1981
vn 0.9950 0.0000 0.0996
vn 0.9848 -0.1736 -0.0000
vn 0.9397 -0.3420 -0.0000
vn 0.8660 -0.5000 -0.0000
vn 0.7660 -0.6428 -0.0000
vn 0.6428 -0.7660 -0.0000
vn 0.5000 -0.8660 -0.0000
vn 0.3420 -0.9397 -0.0000
vn 0.1736 -0.9848 -0.0000
vn 0.0000 -1.0000 -0.0000
vn 0.0000 -1.0000 -0.0000
vn 0.0000 -1.0000 -0.0000
vn 0.0000 -1.0000 -0.0000
vn 0.0000 -1.0000 -0.0000
vn 0.0000 -1.0000 -0.0000
vn 0.0000 -1.0000 -0.0000
vn 0.0000 -1.0000 -0.0000
vn 0.0000 -1.0000 -0.0000
vn 0.0000 -1.0000 -0.0000
vn 0.0000 -1.0000 -0.0000
vn 0.0000 -1.0000 -0.0000
vn 0.0000 -1.0000 -0.0000
vn 0.0000 -1.0000 -0.0000
vn 0.0000 -1.0000 -0.0000
vn 0.0000 -1.0000 -0.0000
vn -0.0000 -1.0000 -0.0000
vn -0.0000 -1.0000 -0.0000
vn -0.0000 -1.0000 -0.0000
vn -0.0000 -1.0000 -0.0000
vn -0.0000 -1.0000 -0.0000
vn -0.0000 -1.0000 -0.0000
vn -0.0000 -1.0000 -0.0000
vn -0.0000 -1.0000 -0.0000
vn -0.0000 -1.0000 -0.0000
vn -0.0000 -1.0000 -0.0000
vn -0.0000 -1.0000 -0.0000
vn -0.0000 -1.0000 -0.0000
vn -0.0000 -1.0000 -0.0000
vn -0.0000 -1.0000 -0.0000
vn -0.0000 -1.0000 -0.0000
vn -0.0000 -1.0000 0.0000
vn -0.0000 -1.0000 0.0000
vn -0.0000 -1.0000 0.0000
vn -0.0000 -1.0000 0.0000
vn -0.0000 -1.0000 0.0000
vn -0.0000 -1.0000 0.0000
vn -0.0000 -1.0000 0.0000
vn -0.0000 -1.0000 0.0000
vn -0.0000 -1.0000 0.0000
vn -0.0000 -1.0000 0.0000
vn -0.0000 -1.0000 0.0000
vn -0.0000 -1.0000 0.0000
vn -0.0000 -1.0000 0.0000
vn -0.0000 -1.0000 0.0000
vn -0.0000 -1.0000 0.0000
vn 0.0000 -1.0000 0.0000
vn 0.0000 -1.0000 0.0000
vn 0.0000 -1.0000 0.0000
vn 0.0000 -1.0000 0.0000
vn 0.0000 -1.0000 0.0000
vn 0.0000 -1.0000 0.0000
vn 0.0000 -1.0000 0.0000
vn 0.0000 -1.0000 0.0000
vn 0.0000 -1.0000 0.0000
vn 0.0000 -1.0000 0.0000
vn 0.0000 -1.0000 0.0000
vn 0.0000 -1.0000 0.0000
vn 0.0000 -1.0000 0.0000
vn 0.0000 -1.0000 0.0000
vn 0.0000 -1.0000 0.0000
vn 0.9799 -0.1736 -0.0981
vn 0.9350 -0.3420 -0.0936
vn 0.8617 -0.5000 -0.0862
vn 0.7622 -0.6428 -0.0763
vn 0.6396 -0.7660 -0.0640
vn 0.4975 -0.8660 -0.0498
vn 0.3403 -0.9397 -0.0341
vn 0.9653 -0.1736 -0.1951
vn 0.1728 -0.9848 -0.0173
vn 0.9211 -0.3420 -0.1862
vn 0.8489 -0.5000 -0.1716
vn 0.7509 -0.6428 -0.1518
vn 0.6300 -0.7660 -0.1274
vn 0.4901 -0.8660 -0.0991
vn 0.3352 -0.9397 -0.0678
vn 0.9411 -0.1736 -0.2903
vn 0.1702 -0.9848 -0.0344
vn 0.8979 -0.3420 -0.2770
vn 0.8276 -0.5000 -0.2553
vn 0.7320 -0.6428 -0.2258
vn 0.6142 -0.7660 -0.1895
vn 0.4778 -0.8660 -0.1474
vn 0.3268 -0.9397 -0.1008
vn 0.9075 -0.1736 -0.3825
vn 0.1659 -0.9848 -0.0512
vn 0.8659 -0.3420 -0.3650
vn 0.7980 -0.5000 -0.3364
vn 0.7059 -0.6428 -0.2976
vn 0.5923 -0.7660 -0.2497
vn 0.4607 -0.8660 -0.1942
vn 0.3152 -0.9397 -0.1329
vn 0.8649 -0.1736 -0.4710
vn 0.1600 -0.9848 -0.0675
vn 0.8253 -0.3420 -0.4494
vn 0.7606 -0.5000 -0.4142
vn 0.6728 -0.6428 -0.3664
vn 0.5645 -0.7660 -0.3074
vn 0.4391 -0.8660 -0.2391
vn 0.3004 -0.9397 -0.1636
vn 0.8137 -0.1736 -0.5548
vn 0.1525 -0.9848 -0.0830
vn 0.7764 -0.3420 -0.5293
vn 0.7155 -0.5000 -0.4878
vn 0.6329 -0.6428 -0.4315
vn 0.5311 -0.7660 -0.3621
vn 0.4131 -0.8660 -0.2817
vn 0.2826 -0.9397 -0.1927
vn 0.7544 -0.1736 -0.6330
vn 0.1435 -0.9848 -0.0978
vn 0.7198 -0.3420 -0.6040
vn 0.6634 -0.5000 -0.5567
vn 0.5868 -0.6428 -0.4924
vn 0.4924 -0.7660 -0.4132
vn 0.3830 -0.8660 -0.3214
vn 0.2620 -0.9397 -0.2198
vn 0.6876 -0.1736 -0.7050
vn 0.1330 -0.9848 -0.1116
vn 0.6561 -0.3420 -0.6727
vn 0.6690 -0.1736 -0.7227
vn 0.6047 -0.5000 -0.6200
vn 0.6383 -0.3420 -0.6896
vn 0.5349 -0.6428 -0.5484
vn 0.5883 -0.5000 -0.6356
vn 0.4488 -0.7660 -0.4602
vn 0.5204 -0.6428 -0.5622
vn 0.3491 -0.8660 -0.3579
vn 0.4366 -0.7660 -0.4717
vn 0.2388 -0.9397 -0.2448
vn 0.6140 -0.1736 -0.7700
vn 0.3396 -0.8660 -0.3669
vn 0.1212 -0.9848 -0.1243
vn 0.5859 -0.3420 -0.7347
vn 0.2323 -0.9397 -0.2510
vn 0.5911 -0.1736 -0.7877
vn 0.5400 -0.5000 -0.6771
vn 0.1180 -0.9848 -0.1274
vn 0.5640 -0.3420 -0.7516
vn 0.4776 -0.6428 -0.5989
vn 0.5198 -0.5000 -0.6927
vn 0.4008 -0.7660 -0.5026
vn 0.4598 -0.6428 -0.6127
vn 0.3117 -0.8660 -0.3909
vn 0.3858 -0.7660 -0.5141
vn 0.2132 -0.9397 -0.2674
vn 0.5343 -0.1736 -0.8273
vn 0.3001 -0.8660 -0.3999
vn 0.1083 -0.9848 -0.1358
vn 0.5098 -0.3420 -0.7894
vn 0.2053 -0.9397 -0.2736
vn 0.4699 -0.5000 -0.7275
vn 0.5070 -0.1736 -0.8443
vn 0.1042 -0.9848 -0.1389
vn 0.4156 -0.6428 -0.6435
vn 0.4837 -0.3420 -0.8056
vn 0.3487 -0.7660 -0.5400
vn 0.4458 -0.5000 -0.7425
vn 0.2713 -0.8660 -0.4200
vn 0.3944 -0.6428 -0.6567
vn 0.1856 -0.9397 -0.2873
vn 0.3309 -0.7660 -0.5511
vn 0.4493 -0.1736 -0.8764
vn 0.0942 -0.9848 -0.1459
vn 0.2574 -0.8660 -0.4287
vn 0.4287 -0.3420 -0.8362
vn 0.1761 -0.9397 -0.2932
vn 0.3951 -0.5000 -0.7707
vn 0.4175 -0.1736 -0.8919
vn 0.0894 -0.9848 -0.1489
vn 0.3495 -0.6428 -0.6817
vn 0.3983 -0.3420 -0.8511
vn 0.2932 -0.7660 -0.5720
vn 0.3671 -0.5000 -0.7844
vn 0.2281 -0.8660 -0.4449
vn 0.3247 -0.6428 -0.6938
vn 0.1560 -0.9397 -0.3044
vn 0.2725 -0.7660 -0.5822
vn 0.3598 -0.1736 -0.9167
vn 0.0792 -0.9848 -0.1545
vn 0.2120 -0.8660 -0.4529
vn 0.3433 -0.3420 -0.8747
vn 0.1450 -0.9397 -0.3098
vn 0.3164 -0.5000 -0.8062
vn 0.3236 -0.1736 -0.9301
vn 0.0736 -0.9848 -0.1573
vn 0.2799 -0.6428 -0.7131
vn 0.3087 -0.3420 -0.8875
vn 0.2348 -0.7660 -0.5984
vn 0.2845 -0.5000 -0.8180
vn 0.1827 -0.8660 -0.4654
vn 0.2517 -0.6428 -0.7235
vn 0.1250 -0.9397 -0.3184
vn 0.2667 -0.1736 -0.9480
vn 0.2112 -0.7660 -0.6071
vn 0.0634 -0.9848 -0.1616
vn 0.2545 -0.3420 -0.9046
vn 0.1643 -0.8660 -0.4722
vn 0.2346 -0.5000 -0.8337
vn 0.1124 -0.9397 -0.3230
vn 0.2262 -0.1736 -0.9585
vn 0.2075 -0.6428 -0.7374
vn 0.0571 -0.9848 -0.1640
vn 0.2158 -0.3420 -0.9146
vn 0.1741 -0.7660 -0.6188
vn 0.1989 -0.5000 -0.8429
vn 0.1354 -0.8660 -0.4813
vn 0.1760 -0.6428 -0.7456
vn 0.0926 -0.9397 -0.3292
vn 0.1710 -0.1736 -0.9698
vn 0.1476 -0.7660 -0.6256
vn 0.0470 -0.9848 -0.1672
vn 0.1632 -0.3420 -0.9254
vn 0.1148 -0.8660 -0.4866
vn 0.1504 -0.5000 -0.8529
vn 0.0786 -0.9397 -0.3329
vn 0.1330 -0.6428 -0.7544
vn 0.1264 -0.1736 -0.9767
vn 0.0399 -0.9848 -0.1690
vn 0.1116 -0.7660 -0.6330
vn 0.1207 -0.3420 -0.9319
vn 0.0868 -0.8660 -0.4924
vn 0.1112 -0.5000 -0.8589
vn 0.0594 -0.9397 -0.3368
vn 0.0984 -0.6428 -0.7597
vn 0.0736 -0.1736 -0.9821
vn 0.0302 -0.9848 -0.1710
vn 0.0825 -0.7660 -0.6375
vn 0.0702 -0.3420 -0.9371
vn 0.0642 -0.8660 -0.4959
vn 0.0647 -0.5000 -0.8636
vn 0.0439 -0.9397 -0.3392
vn 0.0572 -0.6428 -0.7639
vn 0.0254 -0.1736 -0.9845
vn 0.0223 -0.9848 -0.1722
vn 0.0480 -0.7660 -0.6410
vn 0.0242 -0.3420 -0.9394
vn 0.0374 -0.8660 -0.4986
vn 0.0223 -0.5000 -0.8657
vn 0.0256 -0.9397 -0.3411
vn 0.0197 -0.6428 -0.7658
vn -0.0246 -0.1736 -0.9845
vn 0.0130 -0.9848 -0.1732
vn 0.0166 -0.7660 -0.6426
vn -0.0234 -0.3420 -0.9394
vn 0.0129 -0.8660 -0.4998
vn -0.0216 -0.5000 -0.8658
vn 0.0088 -0.9397 -0.3419
vn -0.0191 -0.6428 -0.7658
vn -0.0760 -0.1736 -0.9819
vn 0.0045 -0.9848 -0.1736
vn -0.0160 -0.7660 -0.6426
vn -0.0725 -0.3420 -0.9369
vn -0.0125 -0.8660 -0.4998
vn -0.0668 -0.5000 -0.8634
vn -0.0085 -0.9397 -0.3419
vn -0.0591 -0.6428 -0.7638
vn -0.1225 -0.1736 -0.9772
vn -0.0043 -0.9848 -0.1736
vn -0.0496 -0.7660 -0.6409
vn -0.1168 -0.3420 -0.9324
vn -0.0386 -0.8660 -0.4985
vn -0.1077 -0.5000 -0.8593
vn -0.0264 -0.9397 -0.3410
vn -0.0953 -0.6428 -0.7601
vn -0.1766 -0.1736 -0.9689
vn -0.0134 -0.9848 -0.1731
vn -0.0799 -0.7660 -0.6378
vn -0.1685 -0.3420 -0.9245
vn -0.0622 -0.8660 -0.4961
vn -0.1553 -0.5000 -0.8520
vn -0.0425 -0.9397 -0.3394
vn -0.2191 -0.1736 -0.9601
vn -0.1373 -0.6428 -0.7536
vn -0.0216 -0.9848 -0.1723
vn -0.2091 -0.3420 -0.9161
vn -0.1152 -0.7660 -0.6324
vn -0.1927 -0.5000 -0.8443
vn -0.0896 -0.8660 -0.4919
vn -0.1705 -0.6428 -0.7468
vn -0.0613 -0.9397 -0.3365
vn -0.2752 -0.1736 -0.9456
vn -0.1430 -0.7660 -0.6267
vn -0.0311 -0.9848 -0.1708
vn -0.2626 -0.3420 -0.9022
vn -0.1113 -0.8660 -0.4875
vn -0.2420 -0.5000 -0.8315
vn -0.0761 -0.9397 -0.3334
vn -0.3136 -0.1736 -0.9335
vn -0.2141 -0.6428 -0.7355
vn -0.0386 -0.9848 -0.1693
vn -0.2993 -0.3420 -0.8908
vn -0.1796 -0.7660 -0.6172
vn -0.2758 -0.5000 -0.8209
vn -0.1397 -0.8660 -0.4801
vn -0.2440 -0.6428 -0.7262
vn -0.0956 -0.9397 -0.3284
vn -0.2047 -0.7660 -0.6093
vn -0.3710 -0.1736 -0.9123
vn -0.0485 -0.9848 -0.1667
vn -0.1592 -0.8660 -0.4740
vn -0.3540 -0.3420 -0.8705
vn -0.1089 -0.9397 -0.3242
vn -0.3263 -0.5000 -0.8022
vn -0.4050 -0.1736 -0.8977
vn -0.0553 -0.9848 -0.1646
vn -0.2886 -0.6428 -0.7096
vn -0.3865 -0.3420 -0.8565
vn -0.2422 -0.7660 -0.5954
vn -0.3562 -0.5000 -0.7894
vn -0.1884 -0.8660 -0.4632
vn -0.3151 -0.6428 -0.6983
vn -0.1288 -0.9397 -0.3168
vn -0.2644 -0.7660 -0.5859
vn -0.4628 -0.1736 -0.8693
vn -0.0654 -0.9848 -0.1609
vn -0.2056 -0.8660 -0.4558
vn -0.4416 -0.3420 -0.8294
vn -0.1407 -0.9397 -0.3118
vn -0.4070 -0.5000 -0.7644
vn -0.4924 -0.1736 -0.8529
vn -0.0714 -0.9848 -0.1583
vn -0.3600 -0.6428 -0.6762
vn -0.4698 -0.3420 -0.8138
vn -0.3021 -0.7660 -0.5674
vn -0.4330 -0.5000 -0.7500
vn -0.2350 -0.8660 -0.4413
vn -0.3830 -0.6428 -0.6634
vn -0.1607 -0.9397 -0.3019
vn -0.3214 -0.7660 -0.5567
vn -0.5498 -0.1736 -0.8171
vn -0.0816 -0.9848 -0.1533
vn -0.2500 -0.8660 -0.4330
vn -0.5246 -0.3420 -0.7796
vn -0.1710 -0.9397 -0.2962
vn -0.4835 -0.5000 -0.7185
vn -0.5749 -0.1736 -0.7996
vn -0.0868 -0.9848 -0.1504
vn -0.4276 -0.6428 -0.6356
vn -0.5485 -0.3420 -0.7630
vn -0.3588 -0.7660 -0.5333
vn -0.5055 -0.5000 -0.7032
vn -0.2791 -0.8660 -0.4148
vn -0.4472 -0.6428 -0.6220
vn -0.1909 -0.9397 -0.2838
vn -0.3752 -0.7660 -0.5219
vn -0.6309 -0.1736 -0.7562
vn -0.0969 -0.9848 -0.1441
vn -0.2919 -0.8660 -0.4060
vn -0.6020 -0.3420 -0.7216
vn -0.1997 -0.9397 -0.2777
vn -0.6516 -0.1736 -0.7384
vn -0.5548 -0.5000 -0.6650
vn -0.1014 -0.9848 -0.1410
vn -0.6218 -0.3420 -0.7046
vn -0.4907 -0.6428 -0.5882
vn -0.5730 -0.5000 -0.6493
vn -0.4118 -0.7660 -0.4936
vn -0.5069 -0.6428 -0.5744
vn -0.3203 -0.8660 -0.3839
vn -0.4253 -0.7660 -0.4820
vn -0.2191 -0.9397 -0.2626
vn -0.7053 -0.1736 -0.6873
vn -0.3308 -0.8660 -0.3749
vn -0.1112 -0.9848 -0.1333
vn -0.6730 -0.3420 -0.6559
vn -0.2263 -0.9397 -0.2564
vn -0.6202 -0.5000 -0.6044
vn -0.1149 -0.9848 -0.1302
vn -0.5486 -0.6428 -0.5347
vn -0.4603 -0.7660 -0.4486
vn -0.3581 -0.8660 -0.3490
vn -0.2449 -0.9397 -0.2387
vn -0.7722 -0.1736 -0.6112
vn -0.1244 -0.9848 -0.1212
vn -0.7368 -0.3420 -0.5832
vn -0.6791 -0.5000 -0.5375
vn -0.6007 -0.6428 -0.4754
vn -0.5040 -0.7660 -0.3989
vn -0.3921 -0.8660 -0.3103
vn -0.2682 -0.9397 -0.2123
vn -0.8310 -0.1736 -0.5285
vn -0.1362 -0.9848 -0.1078
vn -0.7929 -0.3420 -0.5043
vn -0.7307 -0.5000 -0.4648
vn -0.6464 -0.6428 -0.4111
vn -0.5424 -0.7660 -0.3450
vn -0.4219 -0.8660 -0.2683
vn -0.2886 -0.9397 -0.1836
vn -0.8809 -0.1736 -0.4403
vn -0.1465 -0.9848 -0.0932
vn -0.8405 -0.3420 -0.4201
vn -0.7746 -0.5000 -0.3872
vn -0.6852 -0.6428 -0.3425
vn -0.5750 -0.7660 -0.2874
vn -0.4472 -0.8660 -0.2235
vn -0.3059 -0.9397 -0.1529
vn -0.9215 -0.1736 -0.3474
vn -0.1553 -0.9848 -0.0776
vn -0.8793 -0.3420 -0.3315
vn -0.8104 -0.5000 -0.3055
vn -0.7168 -0.6428 -0.2702
vn -0.6015 -0.7660 -0.2267
vn -0.4679 -0.8660 -0.1764
vn -0.3200 -0.9397 -0.1206
vn -0.9523 -0.1736 -0.2508
vn -0.1625 -0.9848 -0.0613
vn -0.9087 -0.3420 -0.2393
vn -0.8375 -0.5000 -0.2206
vn -0.7408 -0.6428 -0.1951
vn -0.6216 -0.7660 -0.1637
vn -0.4835 -0.8660 -0.1273
vn -0.3307 -0.9397 -0.0871
vn -0.9731 -0.1736 -0.1516
vn -0.1679 -0.9848 -0.0442
vn -0.9285 -0.3420 -0.1446
vn -0.8557 -0.5000 -0.1333
vn -0.7569 -0.6428 -0.1179
vn -0.6351 -0.7660 -0.0989
vn -0.4940 -0.8660 -0.0769
vn -0.3379 -0.9397 -0.0526
vn -0.9835 -0.1736 -0.0507
vn -0.1716 -0.9848 -0.0267
vn -0.9384 -0.3420 -0.0484
vn -0.8649 -0.5000 -0.0446
vn -0.7650 -0.6428 -0.0394
vn -0.6419 -0.7660 -0.0331
vn -0.4993 -0.8660 -0.0257
vn -0.3416 -0.9397 -0.0176
vn -0.9836 -0.1736 0.0491
vn -0.1734 -0.9848 -0.0089
vn -0.9385 -0.3420 0.0468
vn -0.8649 -0.5000 0.0432
vn -0.7651 -0.6428 0.0382
vn -0.6420 -0.7660 0.0320
vn -0.4994 -0.8660 0.0249
vn -0.3416 -0.9397 0.0170
vn -0.9738 -0.1736 0.1468
vn -0.1734 -0.9848 0.0087
vn -0.9292 -0.3420 0.1401
vn -0.8564 -0.5000 0.1291
vn -0.7575 -0.6428 0.1142
vn -0.6356 -0.7660 0.0958
vn -0.4944 -0.8660 0.0745
vn -0.3382 -0.9397 0.0510
vn -0.9544 -0.1736 0.2430
vn -0.1717 -0.9848 0.0259
vn -0.9106 -0.3420 0.2319
vn -0.8392 -0.5000 0.2137
vn -0.7424 -0.6428 0.1890
vn -0.6229 -0.7660 0.1586
vn -0.4845 -0.8660 0.1234
vn -0.3314 -0.9397 0.0844
vn -0.9254 -0.1736 0.3368
vn -0.1683 -0.9848 0.0428
vn -0.8830 -0.3420 0.3214
vn -0.8138 -0.5000 0.2962
vn -0.7198 -0.6428 0.2620
vn -0.6040 -0.7660 0.2198
vn -0.4698 -0.8660 0.1710
vn -0.3214 -0.9397 0.1170
vn -0.8873 -0.1736 0.4273
vn -0.1632 -0.9848 0.0594
vn -0.8466 -0.3420 0.4077
vn -0.7803 -0.5000 0.3758
vn -0.6902 -0.6428 0.3324
vn -0.5791 -0.7660 0.2789
vn -0.4505 -0.8660 0.2169
vn -0.3081 -0.9397 0.1484
vn -0.8403 -0.1736 0.5135
vn -0.1565 -0.9848 0.0753
vn -0.8018 -0.3420 0.4900
vn -0.7390 -0.5000 0.4516
vn -0.6537 -0.6428 0.3994
vn -0.5485 -0.7660 0.3352
vn -0.4266 -0.8660 0.2607
vn -0.2918 -0.9397 0.1783
vn -0.7850 -0.1736 0.5946
vn -0.1482 -0.9848 0.0905
vn -0.7491 -0.3420 0.5674
vn -0.6903 -0.5000 0.5229
vn -0.6106 -0.6428 0.4625
vn -0.5124 -0.7660 0.3881
vn -0.3986 -0.8660 0.3019
vn -0.2726 -0.9397 0.2065
vn -0.7219 -0.1736 0.6698
vn -0.1384 -0.9848 0.1048
vn -0.6888 -0.3420 0.6392
vn -0.6348 -0.5000 0.5890
vn -0.5616 -0.6428 0.5210
vn -0.4712 -0.7660 0.4372
vn -0.3665 -0.8660 0.3401
vn -0.2507 -0.9397 0.2326
vn -0.6516 -0.1736 0.7384
vn -0.1273 -0.9848 0.1181
vn -0.6218 -0.3420 0.7046
vn -0.6309 -0.1736 0.7562
vn -0.5730 -0.5000 0.6493
vn -0.6020 -0.3420 0.7216
vn -0.5069 -0.6428 0.5744
vn -0.5548 -0.5000 0.6650
vn -0.4253 -0.7660 0.4820
vn -0.4907 -0.6428 0.5882
vn -0.3308 -0.8660 0.3749
vn -0.4118 -0.7660 0.4936
vn -0.2263 -0.9397 0.2564
vn -0.5749 -0.1736 0.7996
vn -0.3203 -0.8660 0.3839
vn -0.1149 -0.9848 0.1302
vn -0.5485 -0.3420 0.7630
vn -0.2191 -0.9397 0.2626
vn -0.5055 -0.5000 0.7032
vn -0.5498 -0.1736 0.8171
vn -0.1112 -0.9848 0.1333
vn -0.4472 -0.6428 0.6220
vn -0.5246 -0.3420 0.7796
vn -0.3752 -0.7660 0.5219
vn -0.4835 -0.5000 0.7185
vn -0.2919 -0.8660 0.4060
vn -0.4276 -0.6428 0.6356
vn -0.1997 -0.9397 0.2777
vn -0.3588 -0.7660 0.5333
vn -0.4924 -0.1736 0.8529
vn -0.1014 -0.9848 0.1410
vn -0.2791 -0.8660 0.4148
vn -0.4698 -0.3420 0.8138
vn -0.1909 -0.9397 0.2838
vn -0.4330 -0.5000 0.7500
vn -0.4628 -0.1736 0.8693
vn -0.0969 -0.9848 0.1441
vn -0.3830 -0.6428 0.6634
vn -0.4416 -0.3420 0.8294
vn -0.3214 -0.7660 0.5567
vn -0.4070 -0.5000 0.7644
vn -0.2500 -0.8660 0.4330
vn -0.3600 -0.6428 0.6762
vn -0.1710 -0.9397 0.2962
vn -0.3021 -0.7660 0.5674
vn -0.4050 -0.1736 0.8977
vn -0.0868 -0.9848 0.1504
vn -0.2350 -0.8660 0.4413
vn -0.3865 -0.3420 0.8565
vn -0.1607 -0.9397 0.3019
vn -0.3562 -0.5000 0.7894
vn -0.3710 -0.1736 0.9123
vn -0.0816 -0.9848 0.1533
vn -0.3151 -0.6428 0.6983
vn -0.3540 -0.3420 0.8705
vn -0.2644 -0.7660 0.5859
vn -0.3263 -0.5000 0.8022
vn -0.2056 -0.8660 0.4558
vn -0.2886 -0.6428 0.7096
vn -0.1407 -0.9397 0.3118
vn -0.2422 -0.7660 0.5954
vn -0.3136 -0.1736 0.9335
vn -0.0714 -0.9848 0.1583
vn -0.1884 -0.8660 0.4632
vn -0.2993 -0.3420 0.8908
vn -0.1288 -0.9397 0.3168
vn -0.2758 -0.5000 0.8209
vn -0.2752 -0.1736 0.9456
vn -0.0654 -0.9848 0.1609
vn -0.2440 -0.6428 0.7262
vn -0.2626 -0.3420 0.9022
vn -0.2047 -0.7660 0.6093
vn -0.2420 -0.5000 0.8315
vn -0.1592 -0.8660 0.4740
vn -0.2141 -0.6428 0.7355
vn -0.1089 -0.9397 0.3242
vn -0.2191 -0.1736 0.9601
vn -0.1796 -0.7660 0.6172
vn -0.0553 -0.9848 0.1646
vn -0.2091 -0.3420 0.9161
vn -0.1397 -0.8660 0.4801
vn -0.1927 -0.5000 0.8443
vn -0.0956 -0.9397 0.3284
vn -0.1766 -0.1736 0.9689
vn -0.1705 -0.6428 0.7468
vn -0.0485 -0.9848 0.1667
vn -0.1685 -0.3420 0.9245
vn -0.1430 -0.7660 0.6267
vn -0.1553 -0.5000 0.8520
vn -0.1113 -0.8660 0.4875
vn -0.1373 -0.6428 0.7536
vn -0.0761 -0.9397 0.3334
vn -0.1225 -0.1736 0.9772
vn -0.1152 -0.7660 0.6324
vn -0.0386 -0.9848 0.1693
vn -0.1168 -0.3420 0.9324
vn -0.0896 -0.8660 0.4919
vn -0.1077 -0.5000 0.8593
vn -0.0613 -0.9397 0.3365
vn -0.0953 -0.6428 0.7601
vn -0.0760 -0.1736 0.9819
vn -0.0311 -0.9848 0.1708
vn -0.0799 -0.7660 0.6378
vn -0.0725 -0.3420 0.9369
vn -0.0622 -0.8660 0.4961
vn -0.0668 -0.5000 0.8634
vn -0.0425 -0.9397 0.3394
vn -0.0591 -0.6428 0.7638
vn -0.0246 -0.1736 0.9845
vn -0.0216 -0.9848 0.1723
vn -0.0496 -0.7660 0.6409
vn -0.0234 -0.3420 0.9394
vn -0.0386 -0.8660 0.4985
vn -0.0216 -0.5000 0.8658
vn -0.0264 -0.9397 0.3410
vn -0.0191 -0.6428 0.7658
vn 0.0254 -0.1736 0.9845
vn -0.0134 -0.9848 0.1731
vn -0.0160 -0.7660 0.6426
vn 0.0242 -0.3420 0.9394
vn -0.0125 -0.8660 0.4998
vn 0.0223 -0.5000 0.8657
vn -0.0085 -0.9397 0.3419
vn 0.0197 -0.6428 0.7658
vn 0.0736 -0.1736 0.9821
vn -0.0043 -0.9848 0.1736
vn 0.0166 -0.7660 0.6426
vn 0.0702 -0.3420 0.9371
vn 0.0129 -0.8660 0.4998
vn 0.0647 -0.5000 0.8636
vn 0.0088 -0.9397 0.3419
vn 0.0572 -0.6428 0.7639
vn 0.1264 -0.1736 0.9767
vn 0.0045 -0.9848 0.1736
vn 0.0480 -0.7660 0.6410
vn 0.1207 -0.3420 0.9319
vn 0.0374 -0.8660 0.4986
vn 0.1112 -0.5000 0.8589
vn 0.0256 -0.9397 0.3411
vn 0.0984 -0.6428 0.7597
vn 0.1710 -0.1736 0.9698
vn 0.0130 -0.9848 0.1732
vn 0.0825 -0.7660 0.6375
vn 0.1632 -0.3420 0.9254
vn 0.0642 -0.8660 0.4959
vn 0.1504 -0.5000 0.8529
vn 0.0439 -0.9397 0.3392
vn 0.1330 -0.6428 0.7544
vn 0.2262 -0.1736 0.9585
vn 0.0223 -0.9848 0.1722
vn 0.1116 -0.7660 0.6330
vn 0.2158 -0.3420 0.9146
vn 0.0868 -0.8660 0.4924
vn 0.1989 -0.5000 0.8429
vn 0.0594 -0.9397 0.3368
vn 0.2667 -0.1736 0.9480
vn 0.1760 -0.6428 0.7456
vn 0.0302 -0.9848 0.1710
vn 0.2545 -0.3420 0.9046
vn 0.1476 -0.7660 0.6256
vn 0.2346 -0.5000 0.8337
vn 0.1148 -0.8660 0.4866
vn 0.2075 -0.6428 0.7374
vn 0.0786 -0.9397 0.3329
vn 0.3236 -0.1736 0.9301
vn 0.1741 -0.7660 0.6188
vn 0.0399 -0.9848 0.1690
vn 0.3087 -0.3420 0.8875
vn 0.1354 -0.8660 0.4813
vn 0.2845 -0.5000 0.8180
vn 0.0926 -0.9397 0.3292
vn 0.3598 -0.1736 0.9167
vn 0.2517 -0.6428 0.7235
vn 0.0470 -0.9848 0.1672
vn 0.3433 -0.3420 0.8747
vn 0.2112 -0.7660 0.6071
vn 0.3164 -0.5000 0.8062
vn 0.1643 -0.8660 0.4722
vn 0.2799 -0.6428 0.7131
vn 0.1124 -0.9397 0.3230
vn 0.2348 -0.7660 0.5984
vn 0.4175 -0.1736 0.8919
vn 0.0571 -0.9848 0.1640
vn 0.1827 -0.8660 0.4654
vn 0.3983 -0.3420 0.8511
vn 0.1250 -0.9397 0.3184
vn 0.3671 -0.5000 0.7844
vn 0.4493 -0.1736 0.8764
vn 0.0634 -0.9848 0.1616
vn 0.3247 -0.6428 0.6938
vn 0.4287 -0.3420 0.8362
vn 0.2725 -0.7660 0.5822
vn 0.3951 -0.5000 0.7707
vn 0.2120 -0.8660 0.4529
vn 0.3495 -0.6428 0.6817
vn 0.1450 -0.9397 0.3098
vn 0.2932 -0.7660 0.5720
vn 0.5070 -0.1736 0.8443
vn 0.0736 -0.9848 0.1573
vn 0.2281 -0.8660 0.4449
vn 0.4837 -0.3420 0.8056
vn 0.1560 -0.9397 0.3044
vn 0.4458 -0.5000 0.7425
vn 0.5343 -0.1736 0.8273
vn 0.0792 -0.9848 0.1545
vn 0.3944 -0.6428 0.6567
vn 0.5098 -0.3420 0.7894
vn 0.3309 -0.7660 0.5511
vn 0.4699 -0.5000 0.7275
vn 0.2574 -0.8660 0.4287
vn 0.4156 -0.6428 0.6435
vn 0.1761 -0.9397 0.2932
vn 0.3487 -0.7660 0.5400
vn 0.5911 -0.1736 0.7877
vn 0.0894 -0.9848 0.1489
vn 0.2713 -0.8660 0.4200
vn 0.5640 -0.3420 0.7516
vn 0.1856 -0.9397 0.2873
vn 0.6140 -0.1736 0.7700
vn 0.5198 -0.5000 0.6927
vn 0.0942 -0.9848 0.1459
vn 0.5859 -0.3420 0.7347
vn 0.4598 -0.6428 0.6127
vn 0.5400 -0.5000 0.6771
vn 0.3858 -0.7660 0.5141
vn 0.4776 -0.6428 0.5989
vn 0.3001 -0.8660 0.3999
vn 0.4008 -0.7660 0.5026
vn 0.2053 -0.9397 0.2736
vn 0.6690 -0.1736 0.7227
vn 0.3117 -0.8660 0.3909
vn 0.1042 -0.9848 0.1389
vn 0.6383 -0.3420 0.6896
vn 0.2132 -0.9397 0.2674
vn 0.6876 -0.1736 0.7050
vn 0.5883 -0.5000 0.6356
vn 0.1083 -0.9848 0.1358
vn 0.6561 -0.3420 0.6727
vn 0.5204 -0.6428 0.5622
vn 0.6047 -0.5000 0.6200
vn 0.4366 -0.7660 0.4717
vn 0.5349 -0.6428 0.5484
vn 0.3396 -0.8660 0.3669
vn 0.4488 -0.7660 0.4602
vn 0.2323 -0.9397 0.2510
vn 0.3491 -0.8660 0.3579
vn 0.7397 -0.1736 0.6501
vn 0.1180 -0.9848 0.1274
vn 0.2388 -0.9397 0.2448
vn 0.7058 -0.3420 0.6203
vn 0.1212 -0.9848 0.1243
vn 0.6505 -0.5000 0.5717
vn 0.5754 -0.6428 0.5057
vn 0.4828 -0.7660 0.4243
vn 0.3756 -0.8660 0.3301
vn 0.2569 -0.9397 0.2258
vn 0.8026 -0.1736 0.5706
vn 0.1304 -0.9848 0.1146
vn 0.7659 -0.3420 0.5445
vn 0.7058 -0.5000 0.5018
vn 0.6243 -0.6428 0.4439
vn 0.5239 -0.7660 0.3724
vn 0.4075 -0.8660 0.2897
vn 0.2788 -0.9397 0.1982
vn 0.8571 -0.1736 0.4851
vn 0.1415 -0.9848 0.1006
vn 0.8178 -0.3420 0.4628
vn 0.7537 -0.5000 0.4266
vn 0.6667 -0.6428 0.3773
vn 0.5594 -0.7660 0.3166
vn 0.4351 -0.8660 0.2463
vn 0.2977 -0.9397 0.1685
vn 0.9024 -0.1736 0.3944
vn 0.1511 -0.9848 0.0855
vn 0.8611 -0.3420 0.3763
vn 0.7936 -0.5000 0.3468
vn 0.7019 -0.6428 0.3068
vn 0.5890 -0.7660 0.2574
vn 0.4582 -0.8660 0.2002
vn 0.3134 -0.9397 0.1370
vn 0.9382 -0.1736 0.2995
vn 0.1591 -0.9848 0.0695
vn 0.8952 -0.3420 0.2858
vn 0.8250 -0.5000 0.2634
vn 0.7298 -0.6428 0.2330
vn 0.6123 -0.7660 0.1955
vn 0.4763 -0.8660 0.1521
vn 0.3258 -0.9397 0.1040
vn 0.9640 -0.1736 0.2014
vn 0.1654 -0.9848 0.0528
vn 0.9198 -0.3420 0.1922
vn 0.8477 -0.5000 0.1771
vn 0.7498 -0.6428 0.1567
vn 0.6292 -0.7660 0.1315
vn 0.4894 -0.8660 0.1023
vn 0.3348 -0.9397 0.0700
vn 0.9796 -0.1736 0.1013
vn 0.1700 -0.9848 0.0355
vn 0.9347 -0.3420 0.0966
vn 0.8614 -0.5000 0.0890
vn 0.7620 -0.6428 0.0788
vn 0.6394 -0.7660 0.0661
vn 0.4973 -0.8660 0.0514
vn 0.3402 -0.9397 0.0352
vn 0.1727 -0.9848 0.0179
vn 0.9848 0.1736 -0.0000
vn 0.9397 0.3420 -0.0000
vn 0.8660 0.5000 -0.0000
vn 0.7660 0.6428 -0.0000
vn 0.6428 0.7660 -0.0000
vn 0.5000 0.8660 -0.0000
vn 0.3420 0.9397 -0.0000
vn 0.1736 0.9848 -0.0000
vn 0.0000 1.0000 -0.0000
vn 0.0000 1.0000 -0.0000
vn 0.0000 1.0000 -0.0000
vn 0.0000 1.0000 -0.0000
vn 0.0000 1.0000 -0.0000
vn 0.0000 1.0000 -0.0000
vn 0.0000 1.0000 -0.0000
vn 0.0000 1.0000 -0.0000
vn 0.0000 1.0000 -0.0000
vn 0.0000 1.0000 -0.0000
vn 0.0000 1.0000 -0.0000
vn 0.0000 1.0000 -0.0000
vn 0.0000 1.0000 -0.0000
vn 0.0000 1.0000 -0.0000
vn 0.0000 1.0000 -0.0000
vn 0.0000 1.0000 -0.0000
vn -0.0000 1.0000 -0.0000
vn -0.0000 1.0000 -0.0000
vn -0.0000 1.0000 -0.0000
vn -0.0000 1.0000 -0.0000
vn -0.0000 1.0000 -0.0000
vn -0.0000 1.0000 -0.0000
vn -0.0000 1.0000 -0.0000
vn -0.0000 1.0000 -0.0000
vn -0.0000 1.0000 -0.0000
vn -0.0000 1.0000 -0.0000
vn -0.0000 1.0000 -0.0000
vn -0.0000 1.0000 -0.0000
vn -0.0000 1.0000 -0.0000
vn -0.0000 1.0000 -0.0000
vn -0.0000 1.0000 -0.0000
vn -0.0000 1.0000 0.0000
vn -0.0000 1.0000 0.0000
vn -0.0000 1.0000 0.0000
vn -0.0000 1.0000 0.0000
vn -0.0000 1.0000 0.0000
vn -0.0000 1.0000 0.0000
vn -0.0000 1.0000 0.0000
vn -0.0000 1.0000 0.0000
vn -0.0000 1.0000 0.0000
vn -0.0000 1.0000 0.0000
vn -0.0000 1.0000 0.0000
vn -0.0000 1.0000 0.0000
vn -0.0000 1.0000 0.0000
vn -0.0000 1.0000 0.0000
vn -0.0000 1.0000 0.0000
vn 0.0000 1.0000 0.0000
vn 0.0000 1.0000 0.0000
vn 0.0000 1.0000 0.0000
vn 0.0000 1.0000 0.0000
vn 0.0000 1.0000 0.0000
vn 0.0000 1.0000 0.0000
vn 0.0000 1.0000 0.0000
vn 0.0000 1.0000 0.0000
vn 0.0000 1.0000 0.0000
vn 0.0000 1.0000 0.0000
vn 0.0000 1.0000 0.0000
vn 0.0000 1.0000 0.0000
vn 0.0000 1.0000 0.0000
vn 0.0000 1.0000 0.0000
vn 0.0000 1.0000 0.0000
vn 0.9799 0.1736 -0.0981
vn 0.9350 0.3420 -0.0936
vn 0.8617 0.5000 -0.0862
vn 0.7622 0.6428 -0.0763
vn 0.6396 0.7660 -0.0640
vn 0.4975 0.8660 -0.0498
vn 0.3403 0.9397 -0.0341
vn 0.9653 0.1736 -0.1951
vn 0.1728 0.9848 -0.0173
vn 0.9211 0.3420 -0.1862
vn 0.8489 0.5000 -0.1716
vn 0.7509 0.6428 -0.1518
vn 0.6300 0.7660 -0.1274
vn 0.4901 0.8660 -0.0991
vn 0.3352 0.9397 -0.0678
vn 0.9411 0.1736 -0.2903
vn 0.1702 0.9848 -0.0344
vn 0.8979 0.3420 -0.2770
vn 0.8276 0.5000 -0.2553
vn 0.7320 0.6428 -0.2258
vn 0.6142 0.7660 -0.1895
vn 0.4778 0.8660 -0.1474
vn 0.3268 0.9397 -0.1008
vn 0.9075 0.1736 -0.3825
vn 0.1659 0.9848 -0.0512
vn 0.8659 0.3420 -0.3650
vn 0.7980 0.5000 -0.3364
vn 0.7059 0.6428 -0.2976
vn 0.5923 0.7660 -0.2497
vn 0.4607 0.8660 -0.1942
vn 0.3152 0.9397 -0.1329
vn 0.8649 0.1736 -0.4710
vn 0.1600 0.9848 -0.0675
vn 0.8253 0.3420 -0.4494
vn 0.7606 0.5000 -0.4142
vn 0.6728 0.6428 -0.3664
vn 0.5645 0.7660 -0.3074
vn 0.4391 0.8660 -0.2391
vn 0.3004 0.9397 -0.1636
vn 0.8137 0.1736 -0.5548
vn 0.1525 0.9848 -0.0830
vn 0.7764 0.3420 -0.5293
vn 0.7155 0.5000 -0.4878
vn 0.6329 0.6428 -0.4315
vn 0.5311 0.7660 -0.3621
vn 0.4131 0.8660 -0.2817
vn 0.2826 0.9397 -0.1927
vn 0.7544 0.1736 -0.6330
vn 0.1435 0.9848 -0.0978
vn 0.7198 0.3420 -0.6040
vn 0.6634 0.5000 -0.5567
vn 0.5868 0.6428 -0.4924
vn 0.4924 0.7660 -0.4132
vn 0.3830 0.8660 -0.3214
vn 0.2620 0.9397 -0.2198
vn 0.6876 0.1736 -0.7050
vn 0.1330 0.9848 -0.1116
vn 0.6561 0.3420 -0.6727
vn 0.6690 0.1736 -0.7227
vn 0.6047 0.5000 -0.6200
vn 0.6383 0.3420 -0.6896
vn 0.5349 0.6428 -0.5484
vn 0.5883 0.5000 -0.6356
vn 0.4488 0.7660 -0.4602
vn 0.5204 0.6428 -0.5622
vn 0.3491 0.8660 -0.3579
vn 0.4366 0.7660 -0.4717
vn 0.2388 0.9397 -0.2448
vn 0.6140 0.1736 -0.7700
vn 0.3396 0.8660 -0.3669
vn 0.1212 0.9848 -0.1243
vn 0.5859 0.3420 -0.7347
vn 0.2323 0.9397 -0.2510
vn 0.5911 0.1736 -0.7877
vn 0.5400 0.5000 -0.6771
vn 0.1180 0.9848 -0.1274
vn 0.5640 0.3420 -0.7516
vn 0.4776 0.6428 -0.5989
vn 0.5198 0.5000 -0.6927
vn 0.4008 0.7660 -0.5026
vn 0.4598 0.6428 -0.6127
vn 0.3117 0.8660 -0.3909
vn 0.3858 0.7660 -0.5141
vn 0.2132 0.9397 -0.2674
vn 0.5343 0.1736 -0.8273
vn 0.3001 0.8660 -0.3999
vn 0.1083 0.9848 -0.1358
vn 0.5098 0.3420 -0.7894
vn 0.2053 0.9397 -0.2736
vn 0.4699 0.5000 -0.7275
vn 0.5070 0.1736 -0.8443
vn 0.1042 0.9848 -0.1389
vn 0.4156 0.6428 -0.6435
vn 0.4837 0.3420 -0.8056
vn 0.3487 0.7660 -0.5400
vn 0.4458 0.5000 -0.7425
vn 0.2713 0.8660 -0.4200
vn 0.3944 0.6428 -0.6567
vn 0.1856 0.9397 -0.2873
vn 0.3309 0.7660 -0.5511
vn 0.4493 0.1736 -0.8764
vn 0.0942 0.9848 -0.1459
vn 0.2574 0.8660 -0.4287
vn 0.4287 0.3420 -0.8362
vn 0.1761 0.9397 -0.2932
vn 0.3951 0.5000 -0.7707
vn 0.4175 0.1736 -0.8919
vn 0.0894 0.9848 -0.1489
vn 0.3495 0.6428 -0.6817
vn 0.3983 0.3420 -0.8511
vn 0.2932 0.7660 -0.5720
vn 0.3671 0.5000 -0.7844
vn 0.2281 0.8660 -0.4449
vn 0.3247 0.6428 -0.6938
vn 0.1560 0.9397 -0.3044
vn 0.2725 0.7660 -0.5822
vn 0.3598 0.1736 -0.9167
vn 0.0792 0.9848 -0.1545
vn 0.2120 0.8660 -0.4529
vn 0.3433 0.3420 -0.8747
vn 0.1450 0.9397 -0.3098
vn 0.3164 0.5000 -0.8062
vn 0.3236 0.1736 -0.9301
vn 0.0736 0.9848 -0.1573
vn 0.2799 0.6428 -0.7131
vn 0.3087 0.3420 -0.8875
vn 0.2348 0.7660 -0.5984
vn 0.2845 0.5000 -0.8180
vn 0.1827 0.8660 -0.4654
vn 0.2517 0.6428 -0.7235
vn 0.1250 0.9397 -0.3184
vn 0.2667 0.1736 -0.9480
vn 0.2112 0.7660 -0.6071
vn 0.0634 0.9848 -0.1616
vn 0.2545 0.3420 -0.9046
vn 0.1643 0.8660 -0.4722
vn 0.2346 0.5000 -0.8337
vn 0.1124 0.9397 -0.3230
vn 0.2262 0.1736 -0.9585
vn 0.2075 0.6428 -0.7374
vn 0.0571 0.9848 -0.1640
vn 0.2158 0.3420 -0.9146
vn 0.1741 0.7660 -0.6188
vn 0.1989 0.5000 -0.8429
vn 0.1354 0.8660 -0.4813
vn 0.1760 0.6428 -0.7456
vn 0.0926 0.9397 -0.3292
vn 0.1710 0.1736 -0.9698
vn 0.1476 0.7660 -0.6256
vn 0.0470 0.9848 -0.1672
vn 0.1632 0.3420 -0.9254
vn 0.1148 0.8660 -0.4866
vn 0.1504 0.5000 -0.8529
vn 0.0786 0.9397 -0.3329
vn 0.1330 0.6428 -0.7544
vn 0.1264 0.1736 -0.9767
vn 0.0399 0.9848 -0.1690
vn 0.1116 0.7660 -0.6330
vn 0.1207 0.3420 -0.9319
vn 0.0868 0.8660 -0.4924
vn 0.1112 0.5000 -0.8589
vn 0.0594 0.9397 -0.3368
vn 0.0984 0.6428 -0.7597
vn 0.0736 0.1736 -0.9821
vn 0.0302 0.9848 -0.1710
vn 0.0825 0.7660 -0.6375
vn 0.0702 0.3420 -0.9371
vn 0.0642 0.8660 -0.4959
vn 0.0647 0.5000 -0.8636
vn 0.0439 0.9397 -0.3392
vn 0.0572 0.6428 -0.7639
vn 0.0254 0.1736 -0.9845
vn 0.0223 0.9848 -0.1722
vn 0.0480 0.7660 -0.6410
vn 0.0242 0.3420 -0.9394
vn 0.0374 0.8660 -0.4986
vn 0.0223 0.5000 -0.8657
vn 0.0256 0.9397 -0.3411
vn 0.0197 0.6428 -0.7658
vn -0.0246 0.1736 -0.9845
vn 0.0130 0.9848 -0.1732
vn 0.0166 0.7660 -0.6426
vn -0.0234 0.3420 -0.9394
vn 0.0129 0.8660 -0.4998
vn -0.0216 0.5000 -0.8658
vn 0.0088 0.9397 -0.3419
vn -0.0191 0.6428 -0.7658
vn -0.0760 0.1736 -0.9819
vn 0.0045 0.9848 -0.1736
vn -0.0160 0.7660 -0.6426
vn -0.0725 0.3420 -0.9369
vn -0.0125 0.8660 -0.4998
vn -0.0668 0.5000 -0.8634
vn -0.0085 0.9397 -0.3419
vn -0.0591 0.6428 -0.7638
vn -0.1225 0.1736 -0.9772
vn -0.0043 0.9848 -0.1736
vn -0.0496 0.7660 -0.6409
vn -0.1168 0.3420 -0.9324
vn -0.0386 0.8660 -0.4985
vn -0.1077 0.5000 -0.8593
vn -0.0264 0.9397 -0.3410
vn -0.0953 0.6428 -0.7601
vn -0.1766 0.1736 -0.9689
vn -0.0134 0.9848 -0.1731
vn -0.0799 0.7660 -0.6378
vn -0.1685 0.3420 -0.9245
vn -0.0622 0.8660 -0.4961
vn -0.1553 0.5000 -0.8520
vn -0.0425 0.9397 -0.3394
vn -0.2191 0.1736 -0.9601
vn -0.1373 0.6428 -0.7536
vn -0.0216 0.9848 -0.1723
vn -0.2091 0.3420 -0.9161
vn -0.1152 0.7660 -0.6324
vn -0.1927 0.5000 -0.8443
vn -0.0896 0.8660 -0.4919
vn -0.1705 0.6428 -0.7468
vn -0.0613 0.9397 -0.3365
vn -0.2752 0.1736 -0.9456
vn -0.1430 0.7660 -0.6267
vn -0.0311 0.9848 -0.1708
vn -0.2626 0.3420 -0.9022
vn -0.1113 0.8660 -0.4875
vn -0.2420 0.5000 -0.8315
vn -0.0761 0.9397 -0.3334
vn -0.3136 0.1736 -0.9335
vn -0.2141 0.6428 -0.7355
vn -0.0386 0.9848 -0.1693
vn -0.2993 0.3420 -0.8908
vn -0.1796 0.7660 -0.6172
vn -0.2758 0.5000 -0.8209
vn -0.1397 0.8660 -0.4801
vn -0.2440 0.6428 -0.7262
vn -0.0956 0.9397 -0.3284
vn -0.2047 0.7660 -0.6093
vn -0.3710 0.1736 -0.9123
vn -0.0485 0.9848 -0.1667
vn -0.1592 0.8660 -0.4740
vn -0.3540 0.3420 -0.8705
vn -0.1089 0.9397 -0.3242
vn -0.3263 0.5000 -0.8022
vn -0.4050 0.1736 -0.8977
vn -0.0553 0.9848 -0.1646
vn -0.2886 0.6428 -0.7096
vn -0.3865 0.3420 -0.8565
vn -0.2422 0.7660 -0.5954
vn -0.3562 0.5000 -0.7894
vn -0.1884 0.8660 -0.4632
vn -0.3151 0.6428 -0.6983
vn -0.1288 0.9397 -0.3168
vn -0.2644 0.7660 -0.5859
vn -0.4628 0.1736 -0.8693
vn -0.0654 0.9848 -0.1609
vn -0.2056 0.8660 -0.4558
vn -0.4416 0.3420 -0.8294
vn -0.1407 0.9397 -0.3118
vn -0.4070 0.5000 -0.7644
vn -0.4924 0.1736 -0.8529
vn -0.0714 0.9848 -0.1583
vn -0.3600 0.6428 -0.6762
vn -0.4698 0.3420 -0.8138
vn -0.3021 0.7660 -0.5674
vn -0.4330 0.5000 -0.7500
vn -0.2350 0.8660 -0.4413
vn -0.3830 0.6428 -0.6634
vn -0.1607 0.9397 -0.3019
vn -0.3214 0.7660 -0.5567
vn -0.5498 0.1736 -0.8171
vn -0.0816 0.9848 -0.1533
vn -0.2500 0.8660 -0.4330
vn -0.5246 0.3420 -0.7796
vn -0.1710 0.9397 -0.2962
vn -0.4835 0.5000 -0.7185
vn -0.5749 0.1736 -0.7996
vn -0.0868 0.9848 -0.1504
vn -0.4276 0.6428 -0.6356
vn -0.5485 0.3420 -0.7630
vn -0.3588 0.7660 -0.5333
vn -0.5055 0.5000 -0.7032
vn -0.2791 0.8660 -0.4148
vn -0.4472 0.6428 -0.6220
vn -0.1909 0.9397 -0.2838
vn -0.3752 0.7660 -0.5219
vn -0.6309 0.1736 -0.7562
vn -0.0969 0.9848 -0.1441
vn -0.2919 0.8660 -0.4060
vn -0.6020 0.3420 -0.7216
vn -0.1997 0.9397 -0.2777
vn -0.6516 0.1736 -0.7384
vn -0.5548 0.5000 -0.6650
vn -0.1014 0.9848 -0.1410
vn -0.6218 0.3420 -0.7046
vn -0.4907 0.6428 -0.5882
vn -0.5730 0.5000 -0.6493
vn -0.4118 0.7660 -0.4936
vn -0.5069 0.6428 -0.5744
vn -0.3203 0.8660 -0.3839
vn -0.4253 0.7660 -0.4820
vn -0.2191 0.9397 -0.2626
vn -0.7053 0.1736 -0.6873
vn -0.3308 0.8660 -0.3749
vn -0.1112 0.9848 -0.1333
vn -0.6730 0.3420 -0.6559
vn -0.2263 0.9397 -0.2564
vn -0.6202 0.5000 -0.6044
vn -0.1149 0.9848 -0.1302
vn -0.5486 0.6428 -0.5347
vn -0.4603 0.7660 -0.4486
vn -0.3581 0.8660 -0.3490
vn -0.2449 0.9397 -0.2387
vn -0.7722 0.1736 -0.6112
vn -0.1244 0.9848 -0.1212
vn -0.7368 0.3420 -0.5832
vn -0.6791 0.5000 -0.5375
vn -0.6007 0.6428 -0.4754
vn -0.5040 0.7660 -0.3989
vn -0.3921 0.8660 -0.3103
vn -0.2682 0.9397 -0.2123
vn -0.8310 0.1736 -0.5285
vn -0.1362 0.9848 -0.1078
vn -0.7929 0.3420 -0.5043
vn -0.7307 0.5000 -0.4648
vn -0.6464 0.6428 -0.4111
vn -0.5424 0.7660 -0.3450
vn -0.4219 0.8660 -0.2683
vn -0.2886 0.9397 -0.1836
vn -0.8809 0.1736 -0.4403
vn -0.1465 0.9848 -0.0932
vn -0.8405 0.3420 -0.4201
vn -0.7746 0.5000 -0.3872
vn -0.6852 0.6428 -0.3425
vn -0.5750 0.7660 -0.2874
vn -0.4472 0.8660 -0.2235
vn -0.3059 0.9397 -0.1529
vn -0.9215 0.1736 -0.3474
vn -0.1553 0.9848 -0.0776
vn -0.8793 0.3420 -0.3315
vn -0.8104 0.5000 -0.3055
vn -0.7168 0.6428 -0.2702
vn -0.6015 0.7660 -0.2267
vn -0.4679 0.8660 -0.1764
vn -0.3200 0.9397 -0.1206
vn -0.9523 0.1736 -0.2508
vn -0.1625 0.9848 -0.0613
vn -0.9087 0.3420 -0.2393
vn -0.8375 0.5000 -0.2206
vn -0.7408 0.6428 -0.1951
vn -0.6216 0.7660 -0.1637
vn -0.4835 0.8660 -0.1273
vn -0.3307 0.9397 -0.0871
vn -0.9731 0.1736 -0.1516
vn -0.1679 0.9848 -0.0442
vn -0.9285 0.3420 -0.1446
vn -0.8557 0.5000 -0.1333
vn -0.7569 0.6428 -0.1179
vn -0.6351 0.7660 -0.0989
vn -0.4940 0.8660 -0.0769
vn -0.3379 0.9397 -0.0526
vn -0.9835 0.1736 -0.0507
vn -0.1716 0.9848 -0.0267
vn -0.9384 0.3420 -0.0484
vn -0.8649 0.5000 -0.0446
vn -0.7650 0.6428 -0.0394
vn -0.6419 0.7660 -0.0331
vn -0.4993 0.8660 -0.0257
vn -0.3416 0.9397 -0.0176
vn -0.9836 0.1736 0.0491
vn -0.1734 0.9848 -0.0089
vn -0.9385 0.3420 0.0468
vn -0.8649 0.5000 0.0432
vn -0.7651 0.6428 0.0382
vn -0.6420 0.7660 0.0320
vn -0.4994 0.8660 0.0249
vn -0.3416 0.9397 0.0170
vn -0.9738 0.1736 0.1468
vn -0.1734 0.9848 0.0087
vn -0.9292 0.3420 0.1401
vn -0.8564 0.5000 0.1291
vn -0.7575 0.6428 0.1142
vn -0.6356 0.7660 0.0958
vn -0.4944 0.8660 0.0745
vn -0.3382 0.9397 0.0510
vn -0.9544 0.1736 0.2430
vn -0.1717 0.9848 0.0259
vn -0.9106 0.3420 0.2319
vn -0.8392 0.5000 0.2137
vn -0.7424 0.6428 0.1890
vn -0.6229 0.7660 0.1586
vn -0.4845 0.8660 0.1234
vn -0.3314 0.9397 0.0844
vn -0.9254 0.1736 0.3368
vn -0.1683 0.9848 0.0428
vn -0.8830 0.3420 0.3214
vn -0.8138 0.5000 0.2962
vn -0.7198 0.6428 0.2620
vn -0.6040 0.7660 0.2198
vn -0.4698 0.8660 0.1710
vn -0.3214 0.9397 0.1170
vn -0.8873 0.1736 0.4273
vn -0.1632 0.9848 0.0594
vn -0.8466 0.3420 0.4077
vn -0.7803 0.5000 0.3758
vn -0.6902 0.6428 0.3324
vn -0.5791 0.7660 0.2789
vn -0.4505 0.8660 0.2169
vn -0.3081 0.9397 0.1484
vn -0.8403 0.1736 0.5135
vn -0.1565 0.9848 0.0753
vn -0.8018 0.3420 0.4900
vn -0.7390 0.5000 0.4516
vn -0.6537 0.6428 0.3994
vn -0.5485 0.7660 0.3352
vn -0.4266 0.8660 0.2607
vn -0.2918 0.9397 0.1783
vn -0.7850 0.1736 0.5946
vn -0.1482 0.9848 0.0905
vn -0.7491 0.3420 0.5674
vn -0.6903 0.5000 0.5229
vn -0.6106 0.6428 0.4625
vn -0.5124 0.7660 0.3881
vn -0.3986 0.8660 0.3019
vn -0.2726 0.9397 0.2065
vn -0.7219 0.1736 0.6698
vn -0.1384 0.9848 0.1048
vn -0.6888 0.3420 0.6392
vn -0.6348 0.5000 0.5890
vn -0.5616 0.6428 0.5210
vn -0.4712 0.7660 0.4372
vn -0.3665 0.8660 0.3401
vn -0.2507 0.9397 0.2326
vn -0.6516 0.1736 0.7384
vn -0.1273 0.9848 0.1181
vn -0.6218 0.3420 0.7046
vn -0.6309 0.1736 0.7562
vn -0.5730 0.5000 0.6493
vn -0.6020 0.3420 0.7216
vn -0.5069 0.6428 0.5744
vn -0.5548 0.5000 0.6650
vn -0.4253 0.7660 0.4820
vn -0.4907 0.6428 0.5882
vn -0.3308 0.8660 0.3749
vn -0.4118 0.7660 0.4936
vn -0.2263 0.9397 0.2564
vn -0.5749 0.1736 0.7996
vn -0.3203 0.8660 0.3839
vn -0.1149 0.9848 0.1302
vn -0.5485 0.3420 0.7630
vn -0.2191 0.9397 0.2626
vn -0.5055 0.5000 0.7032
vn -0.5498 0.1736 0.8171
vn -0.1112 0.9848 0.1333
vn -0.4472 0.6428 0.6220
vn -0.5246 0.3420 0.7796
vn -0.3752 0.7660 0.5219
vn -0.4835 0.5000 0.7185
vn -0.2919 0.8660 0.4060
vn -0.4276 0.6428 0.6356
vn -0.1997 0.9397 0.2777
vn -0.3588 0.7660 0.5333
vn -0.4924 0.1736 0.8529
vn -0.1014 0.9848 0.1410
vn -0.2791 0.8660 0.4148
vn -0.4698 0.3420 0.8138
vn -0.1909 0.9397 0.2838
vn -0.4330 0.5000 0.7500
vn -0.4628 0.1736 0.8693
vn -0.0969 0.9848 0.1441
vn -0.3830 0.6428 0.6634
vn -0.4416 0.3420 0.8294
vn -0.3214 0.7660 0.5567
vn -0.4070 0.5000 0.7644
vn -0.2500 0.8660 0.4330
vn -0.3600 0.6428 0.6762
vn -0.1710 0.9397 0.2962
vn -0.3021 0.7660 0.5674
vn -0.4050 0.1736 0.8977
vn -0.0868 0.9848 0.1504
vn -0.2350 0.8660 0.4413
vn -0.3865 0.3420 0.8565
vn -0.1607 0.9397 0.3019
vn -0.3562 0.5000 0.7894
vn -0.3710 0.1736 0.9123
vn -0.0816 0.9848 0.1533
vn -0.3151 0.6428 0.6983
vn -0.3540 0.3420 0.8705
vn -0.2644 0.7660 0.5859
vn -0.3263 0.5000 0.8022
vn -0.2056 0.8660 0.4558
vn -0.2886 0.6428 0.7096
vn -0.1407 0.9397 0.3118
vn -0.2422 0.7660 0.5954
vn -0.3136 0.1736 0.9335
vn -0.0714 0.9848 0.1583
vn -0.1884 0.8660 0.4632
vn -0.2993 0.3420 0.8908
vn -0.1288 0.9397 0.3168
vn -0.2758 0.5000 0.8209
vn -0.2752 0.1736 0.9456
vn -0.0654 0.9848 0.1609
vn -0.2440 0.6428 0.7262
vn -0.2626 0.3420 0.9022
vn -0.2047 0.7660 0.6093
vn -0.2420 0.5000 0.8315
vn -0.1592 0.8660 0.4740
vn -0.2141 0.6428 0.7355
vn -0.1089 0.9397 0.3242
vn -0.2191 0.1736 0.9601
vn -0.1796 0.7660 0.6172
vn -0.0553 0.9848 0.1646
vn -0.2091 0.3420 0.9161
vn -0.1397 0.8660 0.4801
vn -0.1927 0.5000 0.8443
vn -0.0956 0.9397 0.3284
vn -0.1766 0.1736 0.9689
vn -0.1705 0.6428 0.7468
vn -0.0485 0.9848 0.1667
vn -0.1685 0.3420 0.9245
vn -0.1430 0.7660 0.6267
vn -0.1553 0.5000 0.8520
vn -0.1113 0.8660 0.4875
vn -0.1373 0.6428 0.7536
vn -0.0761 0.9397 0.3334
vn -0.1225 0.1736 0.9772
vn -0.1152 0.7660 0.6324
vn -0.0386 0.9848 0.1693
vn -0.1168 0.3420 0.9324
vn -0.0896 0.8660 0.4919
vn -0.1077 0.5000 0.8593
vn -0.0613 0.9397 0.3365
vn -0.0953 0.6428 0.7601
vn -0.0760 0.1736 0.9819
vn -0.0311 0.9848 0.1708
vn -0.0799 0.7660 0.6378
vn -0.0725 0.3420 0.9369
vn -0.0622 0.8660 0.4961
vn -0.0668 0.5000 0.8634
vn -0.0425 0.9397 0.3394
vn -0.0591 0.6428 0.7638
vn -0.0246 0.1736 0.9845
vn -0.0216 0.9848 0.1723
vn -0.0496 0.7660 0.6409
vn -0.0234 0.3420 0.9394
vn -0.0386 0.8660 0.4985
vn -0.0216 0.5000 0.8658
vn -0.0264 0.9397 0.3410
vn -0.0191 0.6428 0.7658
vn 0.0254 0.1736 0.9845
vn -0.0134 0.9848 0.1731
vn -0.0160 0.7660 0.6426
vn 0.0242 0.3420 0.9394
vn -0.0125 0.8660 0.4998
vn 0.0223 0.5000 0.8657
vn -0.0085 0.9397 0.3419
vn 0.0197 0.6428 0.7658
vn 0.0736 0.1736 0.9821
vn -0.0043 0.9848 0.1736
vn 0.0166 0.7660 0.6426
vn 0.0702 0.3420 0.9371
vn 0.0129 0.8660 0.4998
vn 0.0647 0.5000 0.8636
vn 0.0088 0.9397 0.3419
vn 0.0572 0.6428 0.7639
vn 0.1264 0.1736 0.9767
vn 0.0045 0.9848 0.1736
vn 0.0480 0.7660 0.6410
vn 0.1207 0.3420 0.9319
vn 0.0374 0.8660 0.4986
vn 0.1112 0.5000 0.8589
vn 0.0256 0.9397 0.3411
vn 0.0984 0.6428 0.7597
vn 0.1710 0.1736 0.9698
vn 0.0130 0.9848 0.1732
vn 0.0825 0.7660 0.6375
vn 0.1632 0.3420 0.9254
vn 0.0642 0.8660 0.4959
vn 0.1504 0.5000 0.8529
vn 0.0439 0.9397 0.3392
vn 0.1330 0.6428 0.7544
vn 0.2262 0.1736 0.9585
vn 0.0223 0.9848 0.1722
vn 0.1116 0.7660 0.6330
vn 0.2158 0.3420 0.9146
vn 0.0868 0.8660 0.4924
vn 0.1989 0.5000 0.8429
vn 0.0594 0.9397 0.3368
vn 0.2667 0.1736 0.9480
vn 0.1760 0.6428 0.7456
vn 0.0302 0.9848 0.1710
vn 0.2545 0.3420 0.9046
vn 0.1476 0.7660 0.6256
vn 0.2346 0.5000 0.8337
vn 0.1148 0.8660 0.4866
vn 0.2075 0.6428 0.7374
vn 0.0786 0.9397 0.3329
vn 0.3236 0.1736 0.9301
vn 0.1741 0.7660 0.6188
vn 0.0399 0.9848 0.1690
vn 0.3087 0.3420 0.8875
vn 0.1354 0.8660 0.4813
vn 0.2845 0.5000 0.8180
vn 0.0926 0.9397 0.3292
vn 0.3598 0.1736 0.9167
vn 0.2517 0.6428 0.7235
vn 0.0470 0.9848 0.1672
vn 0.3433 0.3420 0.8747
vn 0.2112 0.7660 0.6071
vn 0.3164 0.5000 0.8062
vn 0.1643 0.8660 0.4722
vn 0.2799 0.6428 0.7131
vn 0.1124 0.9397 0.3230
vn 0.2348 0.7660 0.5984
vn 0.4175 0.1736 0.8919
vn 0.0571 0.9848 0.1640
vn 0.1827 0.8660 0.4654
vn 0.3983 0.3420 0.8511
vn 0.1250 0.9397 0.3184
vn 0.3671 0.5000 0.7844
vn 0.4493 0.1736 0.8764
vn 0.0634 0.9848 0.1616
vn 0.3247 0.6428 0.6938
vn 0.4287 0.3420 0.8362
vn 0.2725 0.7660 0.5822
vn 0.3951 0.5000 0.7707
vn 0.2120 0.8660 0.4529
vn 0.3495 0.6428 0.6817
vn 0.1450 0.9397 0.3098
vn 0.2932 0.7660 0.5720
vn 0.5070 0.1736 0.8443
vn 0.0736 0.9848 0.1573
vn 0.2281 0.8660 0.4449
vn 0.4837 0.3420 0.8056
vn 0.1560 0.9397 0.3044
vn 0.4458 0.5000 0.7425
vn 0.5343 0.1736 0.8273
vn 0.0792 0.9848 0.1545
vn 0.3944 0.6428 0.6567
vn 0.5098 0.3420 0.7894
vn 0.3309 0.7660 0.5511
vn 0.4699 0.5000 0.7275
vn 0.2574 0.8660 0.4287
vn 0.4156 0.6428 0.6435
vn 0.1761 0.9397 0.2932
vn 0.3487 0.7660 0.5400
vn 0.5911 0.1736 0.7877
vn 0.0894 0.9848 0.1489
vn 0.2713 0.8660 0.4200
vn 0.5640 0.3420 0.7516
vn 0.1856 0.9397 0.2873
vn 0.6140 0.1736 0.7700
vn 0.5198 0.5000 0.6927
vn 0.0942 0.9848 0.1459
vn 0.5859 0.3420 0.7347
vn 0.4598 0.6428 0.6127
vn 0.5400 0.5000 0.6771
vn 0.3858 0.7660 0.5141
vn 0.4776 0.6428 0.5989
vn 0.3001 0.8660 0.3999
vn 0.4008 0.7660 0.5026
vn 0.2053 0.9397 0.2736
vn 0.6690 0.1736 0.7227
vn 0.3117 0.8660 0.3909
vn 0.1042 0.9848 0.1389
vn 0.6383 0.3420 0.6896
vn 0.2132 0.9397 0.2674
vn 0.6876 0.1736 0.7050
vn 0.5883 0.5000 0.6356
vn 0.1083 0.9848 0.1358
vn 0.6561 0.3420 0.6727
vn 0.5204 0.6428 0.5622
vn 0.6047 0.5000 0.6200
vn 0.4366 0.7660 0.4717
vn 0.5349 0.6428 0.5484
vn 0.3396 0.8660 0.3669
vn 0.4488 0.7660 0.4602
vn 0.2323 0.9397 0.2510
vn 0.3491 0.8660 0.3579
vn 0.7397 0.1736 0.6501
vn 0.1180 0.9848 0.1274
vn 0.2388 0.9397 0.2448
vn 0.7058 0.3420 0.6203
vn 0.1212 0.9848 0.1243
vn 0.6505 0.5000 0.5717
vn 0.5754 0.6428 0.5057
vn 0.4828 0.7660 0.4243
vn 0.3756 0.8660 0.3301
vn 0.2569 0.9397 0.2258
vn 0.8026 0.1736 0.5706
vn 0.1304 0.9848 0.1146
vn 0.7659 0.3420 0.5445
vn 0.7058 0.5000 0.5018
vn 0.6243 0.6428 0.4439
vn 0.5239 0.7660 0.3724
vn 0.4075 0.8660 0.2897
vn 0.2788 0.9397 0.1982
vn 0.8571 0.1736 0.4851
vn 0.1415 0.9848 0.1006
vn 0.8178 0.3420 0.4628
vn 0.7537 0.5000 0.4266
vn 0.6667 0.6428 0.3773
vn 0.5594 0.7660 0.3166
vn 0.4351 0.8660 0.2463
vn 0.2977 0.9397 0.1685
vn 0.9024 0.1736 0.3944
vn 0.1511 0.9848 0.0855
vn 0.8611 0.3420 0.3763
vn 0.7936 0.5000 0.3468
vn 0.7019 0.6428 0.3068
vn 0.5890 0.7660 0.2574
vn 0.4582 0.8660 0.2002
vn 0.3134 0.9397 0.1370
vn 0.9382 0.1736 0.2995
vn 0.1591 0.9848 0.0695
vn 0.8952 0.3420 0.2858
vn 0.8250 0.5000 0.2634
vn 0.7298 0.6428 0.2330
vn 0.6123 0.7660 0.1955
vn 0.4763 0.8660 0.1521
vn 0.3258 0.9397 0.1040
vn 0.9640 0.1736 0.2014
vn 0.1654 0.9848 0.0528
vn 0.9198 0.3420 0.1922
vn 0.8477 0.5000 0.1771
vn 0.7498 0.6428 0.1567
vn 0.6292 0.7660 0.1315
vn 0.4894 0.8660 0.1023
vn 0.3348 0.9397 0.0700
vn 0.9796 0.1736 0.1013
vn 0.1700 0.9848 0.0355
vn 0.9347 0.3420 0.0966
vn 0.8614 0.5000 0.0890
vn 0.7620 0.6428 0.0788
vn 0.6394 0.7660 0.0661
vn 0.4973 0.8660 0.0514
vn 0.3402 0.9397 0.0352
vn 0.1727 0.9848 0.0179
f 2//2 1//1 65//65
f 3//3 2//2 65//65
f 3//3 65//65 66//66
f 4//4 3//3 66//66
f 5//5 4//4 66//66
f 5//5 66//66 67//67
f 5//5 67//67 68//68
f 6//6 5//5 68//68
f 7//7 6//6 68//68
f 7//7 68//68 69//69
f 8//8 7//7 69//69
f 8//8 69//69 70//70
f 8//8 70//70 71//71
f 9//9 8//8 71//71
f 10//10 9//9 71//71
f 10//10 71//71 72//72
f 10//10 72//72 73//73
f 11//11 10//10 73//73
f 12//12 11//11 73//73
f 12//12 73//73 74//74
f 13//13 74//74 75//75
f 13//13 12//12 74//74
f 14//14 75//75 76//76
f 14//14 13//13 75//75
f 15//15 76//76 77//77
f 15//15 14//14 76//76
f 16//16 77//77 78//78
f 16//16 78//78 79//79
f 16//16 15//15 77//77
f 17//17 16//16 79//79
f 18//18 79//79 80//80
f 18//18 17//17 79//79
f 19//19 80//80 81//81
f 19//19 18//18 80//80
f 20//20 19//19 81//81
f 20//20 81//81 82//82
f 21//21 20//20 82//82
f 21//21 82//82 83//83
f 22//22 21//21 83//83
f 22//22 83//83 84//84
f 23//23 22//22 84//84
f 23//23 84//84 85//85
f 24//24 23//23 85//85
f 24//24 85//85 86//86
f 25//25 24//24 86//86
f 25//25 86//86 87//87
f 26//26 25//25 87//87
f 26//26 87//87 88//88
f 27//27 26//26 88//88
f 27//27 88//88 89//89
f 28//28 27//27 89//89
f 28//28 89//89 90//90
f 29//29 28//28 90//90
f 29//29 90//90 91//91
f 30//30 29//29 91//91
f 30//30 91//91 92//92
f 31//31 30//30 92//92
f 31//31 92//92 93//93
f 32//32 31//31 93//93
f 32//32 93//93 94//94
f 33//33 32//32 94//94
f 33//33 94//94 95//95
f 34//34 33//33 95//95
f 34//34 95//95 96//96
f 35//35 34//34 96//96
f 35//35 96//96 97//97
f 36//36 35//35 97//97
f 36//36 97//97 98//98
f 37//37 36//36 98//98
f 37//37 98//98 99//99
f 38//38 99//99 100//100
f 38//38 37//37 99//99
f 39//39 100//100 101//101
f 39//39 38//38 100//100
f 40//40 101//101 102//102
f 40//40 39//39 101//101
f 41//41 102//102 103//103
f 41//41 40//40 102//102
f 42//42 103//103 104//104
f 42//42 41//41 103//103
f 43//43 104//104 105//105
f 43//43 42//42 104//104
f 44//44 105//105 106//106
f 44//44 106//106 107//107
f 44//44 43//43 105//105
f 45//45 44//44 107//107
f 46//46 45//45 107//107
f 46//46 107//107 108//108
f 46//46 108//108 109//109
f 47//47 109//109 110//110
f 47//47 46//46 109//109
f 48//48 47//47 110//110
f 49//49 110//110 111//111
f 49//49 48//48 110//110
f 50//50 111//111 112//112
f 50//50 112//112 113//113
f 50//50 49//49 111//111
f 51//51 50//50 113//113
f 52//52 113//113 114//114
f 52//52 114//114 115//115
f 52//52 51//51 113//113
f 53//53 52//52 115//115
f 54//54 115//115 116//116
f 54//54 53//53 115//115
f 55//55 116//116 117//117
f 55//55 117//117 118//118
f 55//55 54//54 116//116
f 56//56 118//118 119//119
f 56//56 55//55 118//118
f 57//57 56//56 119//119
f 58//58 119//119 120//120
f 58//58 120//120 121//121
f 58//58 57//57 119//119
f 59//59 58//58 121//121
f 60//60 121//121 122//122
f 60//60 122//122 123//123
f 60//60 59//59 121//121
f 61//61 60//60 123//123
f 62//62 123//123 124//124
f 62//62 61//61 123//123
f 63//63 124//124 125//125
f 63//63 62//62 124//124
f 64//64 125//125 126//126
f 64//64 63//63 125//125
f 2//2 126//126 1//1
f 2//2 64//64 126//126
f 127//127 1//1 126//126
f 135//135 134//134 195//195
f 196//196 1//1 127//127
f 196//196 65//65 1//1
f 197//197 127//127 128//128
f 197//197 196//196 127//127
f 198//198 128//128 129//129
f 198//198 197//197 128//128
f 199//199 129//129 130//130
f 199//199 198//198 129//129
f 200//200 130//130 131//131
f 200//200 199//199 130//130
f 201//201 131//131 132//132
f 201//201 200//200 131//131
f 202//202 132//132 133//133
f 202//202 201//201 132//132
f 203//203 66//66 65//65
f 203//203 65//65 196//196
f 204//204 133//133 134//134
f 204//204 134//134 135//135
f 204//204 202//202 133//133
f 204//204 135//135 136//136
f 205//205 196//196 197//197
f 205//205 203//203 196//196
f 206//206 205//205 197//197
f 206//206 197//197 198//198
f 207//207 206//206 198//198
f 207//207 198//198 199//199
f 208//208 207//207 199//199
f 208//208 199//199 200//200
f 209//209 200//200 201//201
f 209//209 208//208 200//200
f 210//210 209//209 201//201
f 210//210 201//201 202//202
f 211//211 67//67 66//66
f 211//211 66//66 203//203
f 212//212 202//202 204//204
f 212//212 204//204 136//136
f 212//212 210//210 202//202
f 212//212 137//137 210//210
f 212//212 136//136 137//137
f 213//213 211//211 203//203
f 213//213 203//203 205//205
f 214//214 213//213 205//205
f 214//214 205//205 206//206
f 215//215 206//206 207//207
f 215//215 214//214 206//206
f 216//216 215//215 207//207
f 216//216 207//207 208//208
f 217//217 208//208 209//209
f 217//217 216//216 208//208
f 218//218 209//209 210//210
f 218//218 217//217 209//209
f 218//218 210//210 137//137
f 219//219 68//68 67//67
f 219//219 67//67 211//211
f 220//220 218//218 137//137
f 220//220 137//137 138//138
f 220//220 138//138 218//218
f 221//221 213//213 214//214
f 221//221 211//211 213//213
f 221//221 219//219 211//211
f 222//222 221//221 214//214
f 223//223 222//222 214//214
f 223//223 215//215 216//216
f 223//223 214//214 215//215
f 224//224 223//223 216//216
f 225//225 224//224 216//216
f 225//225 216//216 217//217
f 226//226 225//225 217//217
f 226//226 218//218 138//138
f 226//226 217//217 218//218
f 227//227 69//69 68//68
f 227//227 219//219 221//221
f 227//227 68//68 219//219
f 228//228 139//139 226//226
f 228//228 226//226 138//138
f 228//228 138//138 139//139
f 229//229 227//227 221//221
f 230//230 229//229 221//221
f 230//230 221//221 222//222
f 231//231 230//230 222//222
f 231//231 222//222 223//223
f 232//232 223//223 224//224
f 232//232 224//224 225//225
f 232//232 231//231 223//223
f 233//233 232//232 225//225
f 234//234 225//225 226//226
f 234//234 226//226 139//139
f 234//234 233//233 225//225
f 235//235 70//70 69//69
f 235//235 71//71 70//70
f 235//235 69//69 227//227
f 236//236 234//234 139//139
f 236//236 140//140 234//234
f 236//236 139//139 140//140
f 237//237 227//227 229//229
f 237//237 235//235 227//227
f 238//238 229//229 230//230
f 238//238 237//237 229//229
f 239//239 238//238 230//230
f 239//239 230//230 231//231
f 239//239 231//231 232//232
f 240//240 239//239 232//232
f 241//241 240//240 232//232
f 241//241 232//232 233//233
f 242//242 141//141 241//241
f 242//242 233//233 234//234
f 242//242 241//241 233//233
f 242//242 234//234 140//140
f 243//243 71//71 235//235
f 244//244 141//141 242//242
f 244//244 242//242 140//140
f 244//244 140//140 141//141
f 245//245 235//235 237//237
f 245//245 237//237 238//238
f 245//245 243//243 235//235
f 246//246 245//245 238//238
f 247//247 238//238 239//239
f 247//247 246//246 238//238
f 248//248 239//239 240//240
f 248//248 247//247 239//239
f 249//249 241//241 141//141
f 249//249 248//248 240//240
f 249//249 240//240 241//241
f 250//250 249//249 141//141
f 250//250 142//142 249//249
f 251//251 72//72 71//71
f 251//251 71//71 243//243
f 252//252 250//250 141//141
f 252//252 142//142 250//250
f 252//252 141//141 142//142
f 253//253 251//251 243//243
f 253//253 243//243 245//245
f 254//254 73//73 72//72
f 254//254 72//72 251//251
f 254//254 251//251 253//253
f 255//255 245//245 246//246
f 255//255 246//246 247//247
f 255//255 253//253 245//245
f 256//256 254//254 253//253
f 257//257 255//255 247//247
f 258//258 255//255 257//257
f 258//258 253//253 255//255
f 258//258 256//256 253//253
f 259//259 247//247 248//248
f 259//259 257//257 247//247
f 260//260 258//258 257//257
f 261//261 248//248 249//249
f 261//261 249//249 142//142
f 261//261 259//259 248//248
f 262//262 257//257 259//259
f 262//262 260//260 257//257
f 263//263 261//261 142//142
f 264//264 73//73 254//254
f 265//265 262//262 259//259
f 265//265 259//259 261//261
f 265//265 261//261 263//263
f 266//266 263//263 142//142
f 266//266 142//142 143//143
f 267//267 264//264 254//254
f 267//267 254//254 256//256
f 268//268 265//265 263//263
f 268//268 263//263 266//266
f 269//269 74//74 73//73
f 269//269 73//73 264//264
f 270//270 267//267 256//256
f 270//270 256//256 258//258
f 271//271 266//266 143//143
f 271//271 268//268 266//266
f 272//272 267//267 270//270
f 272//272 264//264 267//267
f 272//272 269//269 264//264
f 273//273 258//258 260//260
f 273//273 270//270 258//258
f 274//274 272//272 270//270
f 275//275 273//273 260//260
f 275//275 260//260 262//262
f 276//276 270//270 273//273
f 276//276 274//274 270//270
f 277//277 275//275 262//262
f 277//277 262//262 265//265
f 278//278 276//276 273//273
f 278//278 273//273 275//275
f 279//279 277//277 265//265
f 279//279 265//265 268//268
f 280//280 269//269 272//272
f 280//280 74//74 269//269
f 281//281 277//277 279//279
f 281//281 275//275 277//277
f 281//281 278//278 275//275
f 282//282 271//271 143//143
f 282//282 279//279 268//268
f 282//282 143//143 144//144
f 282//282 268//268 271//271
f 283//283 272//272 274//274
f 283//283 280//280 272//272
f 284//284 281//281 279//279
f 284//284 279//279 282//282
f 285//285 274//274 276//276
f 285//285 283//283 274//274
f 286//286 75//75 74//74
f 286//286 74//74 280//280
f 287//287 282//282 144//144
f 287//287 284//284 282//282
f 288//288 285//285 276//276
f 289//289 280//280 283//283
f 289//289 286//286 280//280
f 290//290 276//276 278//278
f 290//290 288//288 276//276
f 291//291 289//289 283//283
f 291//291 283//283 285//285
f 292//292 278//278 281//281
f 292//292 290//290 278//278
f 293//293 285//285 288//288
f 293//293 291//291 285//285
f 294//294 281//281 284//284
f 294//294 284//284 287//287
f 294//294 292//292 281//281
f 295//295 288//288 290//290
f 295//295 293//293 288//288
f 296//296 75//75 286//286
f 297//297 287//287 144//144
f 297//297 294//294 287//287
f 297//297 144//144 145//145
f 298//298 290//290 292//292
f 298//298 295//295 290//290
f 299//299 286//286 289//289
f 299//299 296//296 286//286
f 300//300 292//292 294//294
f 300//300 298//298 292//292
f 301//301 289//289 291//291
f 301//301 299//299 289//289
f 302//302 296//296 299//299
f 302//302 76//76 75//75
f 302//302 75//75 296//296
f 303//303 294//294 297//297
f 303//303 297//297 145//145
f 303//303 300//300 294//294
f 304//304 293//293 295//295
f 304//304 291//291 293//293
f 304//304 301//301 291//291
f 305//305 302//302 299//299
f 306//306 304//304 295//295
f 307//307 301//301 304//304
f 307//307 305//305 299//299
f 307//307 299//299 301//301
f 308//308 306//306 295//295
f 308//308 295//295 298//298
f 308//308 298//298 300//300
f 309//309 304//304 306//306
f 309//309 307//307 304//304
f 310//310 308//308 300//300
f 311//311 309//309 306//306
f 312//312 76//76 302//302
f 313//313 310//310 300//300
f 313//313 145//145 146//146
f 313//313 303//303 145//145
f 313//313 300//300 303//303
f 314//314 306//306 308//308
f 314//314 308//308 310//310
f 314//314 311//311 306//306
f 315//315 302//302 305//305
f 315//315 312//312 302//302
f 316//316 314//314 310//310
f 317//317 305//305 307//307
f 317//317 315//315 305//305
f 318//318 77//77 76//76
f 318//318 76//76 312//312
f 319//319 316//316 310//310
f 319//319 310//310 313//313
f 319//319 313//313 146//146
f 320//320 307//307 309//309
f 320//320 317//317 307//307
f 321//321 312//312 315//315
f 321//321 318//318 312//312
f 322//322 320//320 309//309
f 322//322 309//309 311//311
f 323//323 315//315 317//317
f 323//323 321//321 315//315
f 324//324 322//322 311//311
f 324//324 311//311 314//314
f 325//325 317//317 320//320
f 325//325 323//323 317//317
f 325//325 320//320 322//322
f 326//326 314//314 316//316
f 326//326 324//324 314//314
f 327//327 77//77 318//318
f 328//328 325//325 322//322
f 329//329 316//316 319//319
f 329//329 319//319 146//146
f 329//329 326//326 316//316
f 329//329 146//146 147//147
f 330//330 318//318 321//321
f 330//330 327//327 318//318
f 331//331 322//322 324//324
f 331//331 328//328 322//322
f 332//332 321//321 323//323
f 332//332 330//330 321//321
f 333//333 324//324 326//326
f 333//333 331//331 324//324
f 334//334 78//78 77//77
f 334//334 77//77 327//327
f 335//335 323//323 325//325
f 335//335 332//332 323//323
f 336//336 333//333 326//326
f 336//336 326//326 329//329
f 336//336 329//329 147//147
f 337//337 327//327 330//330
f 337//337 334//334 327//327
f 338//338 325//325 328//328
f 338//338 335//335 325//325
f 339//339 330//330 332//332
f 339//339 337//337 330//330
f 340//340 331//331 333//333
f 340//340 328//328 331//331
f 340//340 338//338 328//328
f 341//341 339//339 332//332
f 341//341 332//332 335//335
f 342//342 340//340 333//333
f 343//343 334//334 337//337
f 343//343 78//78 334//334
f 344//344 341//341 335//335
f 344//344 335//335 338//338
f 345//345 342//342 333//333
f 345//345 333//333 336//336
f 345//345 147//147 148//148
f 345//345 336//336 147//147
f 346//346 343//343 337//337
f 347//347 338//338 340//340
f 347//347 344//344 338//338
f 348//348 346//346 337//337
f 348//348 337//337 339//339
f 349//349 340//340 342//342
f 349//349 347//347 340//340
f 350//350 339//339 341//341
f 350//350 348//348 339//339
f 351//351 78//78 343//343
f 351//351 79//79 78//78
f 352//352 345//345 148//148
f 352//352 342//342 345//345
f 352//352 349//349 342//342
f 353//353 344//344 347//347
f 353//353 350//350 341//341
f 353//353 341//341 344//344
f 354//354 343//343 346//346
f 354//354 351//351 343//343
f 355//355 353//353 347//347
f 356//356 346//346 348//348
f 356//356 354//354 346//346
f 357//357 347//347 349//349
f 357//357 355//355 347//347
f 358//358 356//356 348//348
f 358//358 348//348 350//350
f 359//359 79//79 351//351
f 360//360 352//352 148//148
f 360//360 349//349 352//352
f 360//360 357//357 349//349
f 360//360 148//148 149//149
f 361//361 353//353 355//355
f 361//361 350//350 353//353
f 361//361 358//358 350//350
f 362//362 359//359 351//351
f 362//362 351//351 354//354
f 362//362 354//354 356//356
f 363//363 361//361 355//355
f 364//364 362//362 356//356
f 365//365 363//363 355//355
f 365//365 355//355 357//357
f 365//365 357//357 360//360
f 366//366 356//356 358//358
f 366//366 358//358 361//361
f 366//366 364//364 356//356
f 367//367 80//80 79//79
f 367//367 79//79 359//359
f 368//368 360//360 149//149
f 368//368 365//365 360//360
f 369//369 361//361 363//363
f 369//369 366//366 361//361
f 370//370 367//367 359//359
f 370//370 359//359 362//362
f 371//371 369//369 363//363
f 372//372 362//362 364//364
f 372//372 364//364 366//366
f 372//372 370//370 362//362
f 373//373 363//363 365//365
f 373//373 365//365 368//368
f 373//373 371//371 363//363
f 374//374 366//366 369//369
f 374//374 372//372 366//366
f 375//375 80//80 367//367
f 376//376 373//373 368//368
f 376//376 368//368 149//149
f 376//376 149//149 150//150
f 377//377 374//374 369//369
f 377//377 369//369 371//371
f 378//378 375//375 367//367
f 378//378 367//367 370//370
f 379//379 377//377 371//371
f 380//380 370//370 372//372
f 380//380 378//378 370//370
f 381//381 379//379 371//371
f 381//381 371//371 373//373
f 382//382 372//372 374//374
f 382//382 380//380 372//372
f 383//383 81//81 80//80
f 383//383 80//80 375//375
f 384//384 373//373 376//376
f 384//384 376//376 150//150
f 384//384 381//381 373//373
f 385//385 374//374 377//377
f 385//385 382//382 374//374
f 386//386 383//383 375//375
f 386//386 375//375 378//378
f 387//387 377//377 379//379
f 387//387 385//385 377//377
f 388//388 380//380 382//382
f 388//388 378//378 380//380
f 388//388 386//386 378//378
f 389//389 387//387 379//379
f 389//389 379//379 381//381
f 390//390 382//382 385//385
f 390//390 388//388 382//382
f 391//391 81//81 383//383
f 392//392 384//384 150//150
f 392//392 381//381 384//384
f 392//392 389//389 381//381
f 392//392 150//150 151//151
f 393//393 390//390 385//385
f 393//393 385//385 387//387
f 394//394 383//383 386//386
f 394//394 386//386 388//388
f 394//394 391//391 383//383
f 395//395 393//393 387//387
f 396//396 388//388 390//390
f 396//396 394//394 388//388
f 397//397 387//387 389//389
f 397//397 389//389 392//392
f 397//397 395//395 387//387
f 398//398 390//390 393//393
f 398//398 396//396 390//390
f 399//399 82//82 81//81
f 399//399 81//81 391//391
f 400//400 392//392 151//151
f 400//400 397//397 392//392
f 401//401 398//398 393//393
f 402//402 391//391 394//394
f 402//402 399//399 391//391
f 403//403 393//393 395//395
f 403//403 401//401 393//393
f 404//404 394//394 396//396
f 404//404 396//396 398//398
f 404//404 402//402 394//394
f 405//405 395//395 397//397
f 405//405 397//397 400//400
f 405//405 403//403 395//395
f 406//406 82//82 399//399
f 407//407 404//404 398//398
f 408//408 405//405 400//400
f 408//408 400//400 151//151
f 408//408 151//151 152//152
f 409//409 406//406 399//399
f 409//409 399//399 402//402
f 409//409 402//402 404//404
f 410//410 398//398 401//401
f 410//410 407//407 398//398
f 411//411 409//409 404//404
f 411//411 404//404 407//407
f 412//412 410//410 401//401
f 412//412 401//401 403//403
f 413//413 407//407 410//410
f 413//413 411//411 407//407
f 414//414 403//403 405//405
f 414//414 412//412 403//403
f 415//415 406//406 409//409
f 415//415 83//83 82//82
f 415//415 82//82 406//406
f 416//416 413//413 410//410
f 417//417 405//405 408//408
f 417//417 408//408 152//152
f 417//417 414//414 405//405
f 418//418 415//415 409//409
f 419//419 410//410 412//412
f 419//419 416//416 410//410
f 420//420 418//418 409//409
f 420//420 409//409 411//411
f 421//421 419//419 412//412
f 421//421 414//414 417//417
f 421//421 412//412 414//414
f 422//422 83//83 415//415
f 423//423 411//411 413//413
f 423//423 420//420 411//411
f 424//424 417//417 152//152
f 424//424 421//421 417//417
f 424//424 152//152 153//153
f 425//425 418//418 420//420
f 425//425 415//415 418//418
f 425//425 422//422 415//415
f 426//426 413//413 416//416
f 426//426 423//423 413//413
f 427//427 425//425 420//420
f 428//428 416//416 419//419
f 428//428 426//426 416//416
f 429//429 420//420 423//423
f 429//429 427//427 420//420
f 430//430 419//419 421//421
f 430//430 428//428 419//419
f 431//431 423//423 426//426
f 431//431 429//429 423//423
f 432//432 84//84 83//83
f 432//432 83//83 422//422
f 433//433 421//421 424//424
f 433//433 424//424 153//153
f 433//433 430//430 421//421
f 434//434 426//426 428//428
f 434//434 431//431 426//426
f 435//435 432//432 422//422
f 435//435 422//422 425//425
f 436//436 428//428 430//430
f 436//436 434//434 428//428
f 437//437 435//435 425//425
f 437//437 425//425 427//427
f 438//438 84//84 432//432
f 439//439 433//433 153//153
f 439//439 430//430 433//433
f 439//439 436//436 430//430
f 439//439 153//153 154//154
f 440//440 427//427 429//429
f 440//440 437//437 427//427
f 441//441 438//438 432//432
f 441//441 432//432 435//435
f 442//442 429//429 431//431
f 442//442 440//440 429//429
f 443//443 435//435 437//437
f 443//443 437//437 440//440
f 443//443 441//441 435//435
f 444//444 431//431 434//434
f 444//444 442//442 431//431
f 445//445 443//443 440//440
f 445//445 440//440 442//442
f 446//446 444//444 434//434
f 446//446 434//434 436//436
f 447//447 445//445 442//442
f 448//448 85//85 84//84
f 448//448 84//84 438//438
f 449//449 436//436 439//439
f 449//449 439//439 154//154
f 449//449 446//446 436//436
f 450//450 447//447 442//442
f 450//450 442//442 444//444
f 451//451 448//448 438//438
f 451//451 438//438 441//441
f 452//452 444//444 446//446
f 452//452 446//446 449//449
f 452//452 450//450 444//444
f 453//453 441//441 443//443
f 453//453 451//451 441//441
f 454//454 85//85 448//448
f 454//454 448//448 451//451
f 455//455 154//154 155//155
f 455//455 449//449 154//154
f 455//455 452//452 449//449
f 456//456 443//443 445//445
f 456//456 453//453 443//443
f 457//457 454//454 451//451
f 458//458 456//456 445//445
f 458//458 445//445 447//447
f 459//459 451//451 453//453
f 459//459 457//457 451//451
f 459//459 453//453 456//456
f 460//460 447//447 450//450
f 460//460 458//458 447//447
f 461//461 459//459 456//456
f 462//462 460//460 450//450
f 462//462 450//450 452//452
f 463//463 456//456 458//458
f 463//463 461//461 456//456
f 463//463 458//458 460//460
f 464//464 86//86 85//85
f 464//464 85//85 454//454
f 465//465 455//455 155//155
f 465//465 452//452 455//455
f 465//465 462//462 452//452
f 466//466 460//460 462//462
f 466//466 463//463 460//460
f 467//467 454//454 457//457
f 467//467 464//464 454//454
f 468//468 466//466 462//462
f 469//469 457//457 459//459
f 469//469 467//467 457//457
f 470//470 86//86 464//464
f 471//471 155//155 156//156
f 471//471 465//465 155//155
f 471//471 462//462 465//465
f 471//471 468//468 462//462
f 472//472 459//459 461//461
f 472//472 469//469 459//459
f 473//473 464//464 467//467
f 473//473 470//470 464//464
f 474//474 461//461 463//463
f 474//474 472//472 461//461
f 475//475 473//473 467//467
f 475//475 467//467 469//469
f 476//476 474//474 463//463
f 476//476 463//463 466//466
f 477//477 475//475 469//469
f 477//477 469//469 472//472
f 478//478 476//476 466//466
f 478//478 466//466 468//468
f 479//479 477//477 472//472
f 479//479 472//472 474//474
f 480//480 87//87 86//86
f 480//480 86//86 470//470
f 481//481 478//478 468//468
f 481//481 471//471 156//156
f 481//481 468//468 471//471
f 482//482 479//479 474//474
f 482//482 474//474 476//476
f 483//483 470//470 473//473
f 483//483 480//480 470//470
f 484//484 482//482 476//476
f 484//484 476//476 478//478
f 485//485 87//87 480//480
f 485//485 480//480 483//483
f 486//486 473//473 475//475
f 486//486 483//483 473//473
f 487//487 156//156 157//157
f 487//487 481//481 156//156
f 487//487 478//478 481//481
f 487//487 484//484 478//478
f 488//488 485//485 483//483
f 489//489 475//475 477//477
f 489//489 486//486 475//475
f 490//490 483//483 486//486
f 490//490 488//488 483//483
f 490//490 486//486 489//489
f 491//491 477//477 479//479
f 491//491 489//489 477//477
f 492//492 490//490 489//489
f 493//493 491//491 479//479
f 493//493 479//479 482//482
f 494//494 489//489 491//491
f 494//494 492//492 489//489
f 495//495 482//482 484//484
f 495//495 493//493 482//482
f 496//496 88//88 87//87
f 496//496 485//485 488//488
f 496//496 87//87 485//485
f 497//497 491//491 493//493
f 497//497 494//494 491//491
f 498//498 487//487 157//157
f 498//498 484//484 487//487
f 498//498 495//495 484//484
f 499//499 496//496 488//488
f 499//499 88//88 496//496
f 500//500 497//497 493//493
f 500//500 493//493 495//495
f 501//501 490//490 492//492
f 501//501 488//488 490//490
f 501//501 88//88 499//499
f 501//501 499//499 488//488
f 502//502 157//157 158//158
f 502//502 498//498 157//157
f 502//502 495//495 498//498
f 502//502 500//500 495//495
f 503//503 501//501 492//492
f 503//503 492//492 494//494
f 504//504 494//494 497//497
f 504//504 503//503 494//494
f 505//505 504//504 497//497
f 506//506 497//497 500//500
f 506//506 505//505 497//497
f 507//507 89//89 88//88
f 508//508 506//506 500//500
f 508//508 500//500 502//502
f 508//508 502//502 158//158
f 509//509 89//89 507//507
f 509//509 507//507 88//88
f 510//510 89//89 509//509
f 510//510 88//88 501//501
f 510//510 509//509 88//88
f 511//511 510//510 501//501
f 511//511 501//501 503//503
f 512//512 511//511 503//503
f 512//512 503//503 504//504
f 512//512 504//504 505//505
f 513//513 512//512 505//505
f 514//514 505//505 506//506
f 514//514 513//513 505//505
f 515//515 90//90 89//89
f 516//516 158//158 159//159
f 516//516 506//506 508//508
f 516//516 514//514 506//506
f 516//516 508//508 158//158
f 517//517 90//90 515//515
f 517//517 515//515 89//89
f 518//518 517//517 89//89
f 518//518 89//89 510//510
f 518//518 90//90 517//517
f 518//518 510//510 511//511
f 519//519 518//518 511//511
f 520//520 511//511 512//512
f 520//520 519//519 511//511
f 521//521 520//520 512//512
f 521//521 512//512 513//513
f 521//521 513//513 514//514
f 522//522 514//514 516//516
f 522//522 521//521 514//514
f 523//523 91//91 90//90
f 524//524 159//159 160//160
f 524//524 522//522 516//516
f 524//524 516//516 159//159
f 525//525 523//523 90//90
f 525//525 91//91 523//523
f 526//526 90//90 518//518
f 526//526 525//525 90//90
f 527//527 526//526 518//518
f 527//527 518//518 519//519
f 528//528 527//527 519//519
f 528//528 519//519 520//520
f 529//529 520//520 521//521
f 529//529 528//528 520//520
f 530//530 521//521 522//522
f 530//530 529//529 521//521
f 531//531 92//92 91//91
f 532//532 160//160 161//161
f 532//532 524//524 160//160
f 532//532 522//522 524//524
f 532//532 530//530 522//522
f 533//533 531//531 91//91
f 533//533 91//91 525//525
f 533//533 92//92 531//531
f 534//534 526//526 527//527
f 534//534 525//525 526//526
f 534//534 533//533 525//525
f 535//535 534//534 527//527
f 536//536 527//527 528//528
f 536//536 528//528 529//529
f 536//536 535//535 527//527
f 537//537 536//536 529//529
f 538//538 529//529 530//530
f 538//538 530//530 532//532
f 538//538 537//537 529//529
f 539//539 93//93 92//92
f 540//540 161//161 162//162
f 540//540 532//532 161//161
f 540//540 538//538 532//532
f 541//541 93//93 539//539
f 541//541 92//92 533//533
f 541//541 539//539 92//92
f 542//542 533//533 534//534
f 542//542 541//541 533//533
f 543//543 542//542 534//534
f 543//543 534//534 535//535
f 544//544 543//543 535//535
f 544//544 535//535 536//536
f 545//545 544//544 536//536
f 545//545 536//536 537//537
f 546//546 545//545 537//537
f 546//546 537//537 538//538
f 547//547 94//94 93//93
f 548//548 538//538 540//540
f 548//548 162//162 163//163
f 548//548 163//163 164//164
f 548//548 546//546 538//538
f 548//548 540//540 162//162
f 549//549 94//94 547//547
f 549//549 547//547 93//93
f 549//549 93//93 541//541
f 550//550 549//549 541//541
f 550//550 541//541 542//542
f 551//551 542//542 543//543
f 551//551 550//550 542//542
f 551//551 543//543 544//544
f 552//552 551//551 544//544
f 553//553 544//544 545//545
f 553//553 552//552 544//544
f 554//554 553//553 545//545
f 554//554 545//545 546//546
f 555//555 95//95 94//94
f 556//556 164//164 165//165
f 556//556 548//548 164//164
f 556//556 546//546 548//548
f 556//556 554//554 546//546
f 557//557 94//94 549//549
f 557//557 555//555 94//94
f 558//558 549//549 550//550
f 558//558 557//557 549//549
f 559//559 558//558 550//550
f 559//559 550//550 551//551
f 560//560 551//551 552//552
f 560//560 559//559 551//551
f 561//561 553//553 554//554
f 561//561 552//552 553//553
f 561//561 560//560 552//552
f 562//562 554//554 556//556
f 562//562 561//561 554//554
f 563//563 96//96 95//95
f 563//563 97//97 96//96
f 563//563 95//95 555//555
f 564//564 556//556 165//165
f 564//564 562//562 556//556
f 565//565 555//555 557//557
f 565//565 563//563 555//555
f 566//566 557//557 558//558
f 566//566 565//565 557//557
f 567//567 558//558 559//559
f 567//567 566//566 558//558
f 568//568 559//559 560//560
f 568//568 567//567 559//559
f 569//569 568//568 560//560
f 569//569 560//560 561//561
f 570//570 561//561 562//562
f 570//570 569//569 561//561
f 571//571 97//97 563//563
f 572//572 165//165 166//166
f 572//572 564//564 165//165
f 572//572 562//562 564//564
f 572//572 570//570 562//562
f 573//573 563//563 565//565
f 573//573 565//565 566//566
f 573//573 571//571 563//563
f 574//574 573//573 566//566
f 575//575 574//574 566//566
f 575//575 566//566 567//567
f 576//576 575//575 567//567
f 576//576 567//567 568//568
f 577//577 576//576 568//568
f 577//577 568//568 569//569
f 577//577 569//569 570//570
f 578//578 577//577 570//570
f 579//579 98//98 97//97
f 579//579 97//97 571//571
f 580//580 166//166 167//167
f 580//580 578//578 570//570
f 580//580 167//167 578//578
f 580//580 572//572 166//166
f 580//580 570//570 572//572
f 581//581 579//579 571//571
f 581//581 571//571 573//573
f 582//582 573//573 574//574
f 582//582 574//574 575//575
f 582//582 581//581 573//573
f 583//583 582//582 575//575
f 584//584 583//583 575//575
f 584//584 575//575 576//576
f 585//585 576//576 577//577
f 585//585 584//584 576//576
f 586//586 577//577 578//578
f 586//586 585//585 577//577
f 586//586 578//578 167//167
f 587//587 98//98 579//579
f 587//587 99//99 98//98
f 587//587 100//100 99//99
f 588//588 167//167 168//168
f 588//588 168//168 586//586
f 588//588 586//586 167//167
f 589//589 587//587 579//579
f 589//589 581//581 582//582
f 589//589 579//579 581//581
f 590//590 589//589 582//582
f 591//591 582//582 583//583
f 591//591 583//583 584//584
f 591//591 590//590 582//582
f 592//592 591//591 584//584
f 593//593 584//584 585//585
f 593//593 585//585 586//586
f 593//593 592//592 584//584
f 594//594 586//586 168//168
f 594//594 593//593 586//586
f 595//595 100//100 587//587
f 596//596 168//168 169//169
f 596//596 594//594 168//168
f 596//596 169//169 594//594
f 597//597 587//587 589//589
f 597//597 595//595 587//587
f 598//598 597//597 589//589
f 598//598 589//589 590//590
f 599//599 590//590 591//591
f 599//599 598//598 590//590
f 600//600 591//591 592//592
f 600//600 599//599 591//591
f 601//601 592//592 593//593
f 601//601 600//600 592//592
f 602//602 594//594 169//169
f 602//602 593//593 594//594
f 602//602 601//601 593//593
f 603//603 101//101 100//100
f 603//603 100//100 595//595
f 604//604 169//169 170//170
f 604//604 170//170 602//602
f 604//604 602//602 169//169
f 605//605 603//603 595//595
f 605//605 595//595 597//597
f 606//606 597//597 598//598
f 606//606 605//605 597//597
f 607//607 598//598 599//599
f 607//607 599//599 600//600
f 607//607 606//606 598//598
f 608//608 607//607 600//600
f 609//609 600//600 601//601
f 609//609 608//608 600//600
f 610//610 171//171 609//609
f 610//610 609//609 601//601
f 610//610 602//602 170//170
f 610//610 601//601 602//602
f 611//611 102//102 101//101
f 611//611 101//101 603//603
f 611//611 603//603 605//605
f 612//612 171//171 610//610
f 612//612 610//610 170//170
f 612//612 170//170 171//171
f 613//613 611//611 605//605
f 614//614 606//606 607//607
f 614//614 613//613 605//605
f 614//614 605//605 606//606
f 615//615 614//614 607//607
f 616//616 615//615 607//607
f 616//616 607//607 608//608
f 617//617 609//609 171//171
f 617//617 608//608 609//609
f 617//617 616//616 608//608
f 618//618 617//617 171//171
f 618//618 172//172 617//617
f 619//619 102//102 611//611
f 619//619 103//103 102//102
f 620//620 171//171 172//172
f 620//620 172//172 618//618
f 620//620 618//618 171//171
f 621//621 611//611 613//613
f 621//621 619//619 611//611
f 622//622 621//621 613//613
f 622//622 613//613 614//614
f 623//623 614//614 615//615
f 623//623 615//615 616//616
f 623//623 622//622 614//614
f 624//624 623//623 616//616
f 625//625 617//617 172//172
f 625//625 616//616 617//617
f 625//625 624//624 616//616
f 626//626 173//173 625//625
f 626//626 625//625 172//172
f 627//627 103//103 619//619
f 627//627 104//104 103//103
f 628//628 172//172 173//173
f 628//628 173//173 626//626
f 628//628 626//626 172//172
f 629//629 627//627 619//619
f 629//629 619//619 621//621
f 630//630 105//105 104//104
f 630//630 104//104 627//627
f 630//630 627//627 629//629
f 631//631 621//621 622//622
f 631//631 629//629 621//621
f 632//632 630//630 629//629
f 633//633 622//622 623//623
f 633//633 631//631 622//622
f 634//634 629//629 631//631
f 634//634 632//632 629//629
f 635//635 623//623 624//624
f 635//635 633//633 623//623
f 636//636 631//631 633//633
f 636//636 634//634 631//631
f 637//637 625//625 173//173
f 637//637 624//624 625//625
f 637//637 635//635 624//624
f 638//638 633//633 635//635
f 638//638 636//636 633//633
f 638//638 635//635 637//637
f 639//639 637//637 173//173
f 640//640 105//105 630//630
f 641//641 638//638 637//637
f 641//641 637//637 639//639
f 642//642 173//173 174//174
f 642//642 639//639 173//173
f 643//643 632//632 634//634
f 643//643 630//630 632//632
f 643//643 640//640 630//630
f 644//644 641//641 639//639
f 644//644 639//639 642//642
f 645//645 643//643 634//634
f 645//645 634//634 636//636
f 646//646 105//105 640//640
f 646//646 106//106 105//105
f 647//647 642//642 174//174
f 647//647 644//644 642//642
f 648//648 645//645 636//636
f 649//649 640//640 643//643
f 649//649 643//643 645//645
f 649//649 646//646 640//640
f 650//650 638//638 641//641
f 650//650 648//648 636//636
f 650//650 636//636 638//638
f 651//651 645//645 648//648
f 651//651 649//649 645//645
f 652//652 650//650 641//641
f 653//653 651//651 648//648
f 654//654 644//644 647//647
f 654//654 652//652 641//641
f 654//654 641//641 644//644
f 655//655 653//653 648//648
f 655//655 648//648 650//650
f 655//655 650//650 652//652
f 656//656 106//106 646//646
f 657//657 647//647 174//174
f 657//657 654//654 647//647
f 657//657 174//174 175//175
f 658//658 652//652 654//654
f 658//658 655//655 652//652
f 659//659 656//656 646//646
f 659//659 646//646 649//649
f 660//660 658//658 654//654
f 660//660 654//654 657//657
f 661//661 649//649 651//651
f 661//661 659//659 649//649
f 662//662 106//106 656//656
f 662//662 107//107 106//106
f 662//662 656//656 659//659
f 663//663 657//657 175//175
f 663//663 660//660 657//657
f 664//664 661//661 651//651
f 664//664 651//651 653//653
f 665//665 662//662 659//659
f 666//666 653//653 655//655
f 666//666 664//664 653//653
f 667//667 661//661 664//664
f 667//667 659//659 661//661
f 667//667 665//665 659//659
f 668//668 655//655 658//658
f 668//668 666//666 655//655
f 669//669 667//667 664//664
f 670//670 658//658 660//660
f 670//670 668//668 658//658
f 671//671 669//669 664//664
f 671//671 664//664 666//666
f 672//672 107//107 662//662
f 672//672 662//662 665//665
f 673//673 175//175 176//176
f 673//673 663//663 175//175
f 673//673 660//660 663//663
f 673//673 670//670 660//660
f 674//674 666//666 668//668
f 674//674 668//668 670//670
f 674//674 671//671 666//666
f 675//675 665//665 667//667
f 675//675 672//672 665//665
f 676//676 674//674 670//670
f 676//676 670//670 673//673
f 677//677 675//675 667//667
f 677//677 667//667 669//669
f 678//678 108//108 107//107
f 678//678 107//107 672//672
f 679//679 676//676 673//673
f 679//679 673//673 176//176
f 680//680 677//677 669//669
f 681//681 678//678 672//672
f 681//681 672//672 675//675
f 682//682 671//671 674//674
f 682//682 680//680 669//669
f 682//682 669//669 671//671
f 683//683 681//681 675//675
f 683//683 675//675 677//677
f 684//684 682//682 674//674
f 684//684 674//674 676//676
f 685//685 677//677 680//680
f 685//685 683//683 677//677
f 686//686 684//684 676//676
f 686//686 676//676 679//679
f 687//687 680//680 682//682
f 687//687 685//685 680//680
f 688//688 108//108 678//678
f 689//689 679//679 176//176
f 689//689 176//176 177//177
f 689//689 686//686 679//679
f 690//690 682//682 684//684
f 690//690 687//687 682//682
f 691//691 678//678 681//681
f 691//691 688//688 678//678
f 692//692 684//684 686//686
f 692//692 690//690 684//684
f 693//693 681//681 683//683
f 693//693 691//691 681//681
f 694//694 108//108 688//688
f 694//694 109//109 108//108
f 695//695 689//689 177//177
f 695//695 686//686 689//689
f 695//695 692//692 686//686
f 696//696 693//693 683//683
f 696//696 683//683 685//685
f 697//697 688//688 691//691
f 697//697 694//694 688//688
f 698//698 696//696 685//685
f 698//698 685//685 687//687
f 699//699 691//691 693//693
f 699//699 697//697 691//691
f 700//700 687//687 690//690
f 700//700 698//698 687//687
f 701//701 693//693 696//696
f 701//701 699//699 693//693
f 702//702 690//690 692//692
f 702//702 700//700 690//690
f 703//703 109//109 694//694
f 703//703 694//694 697//697
f 704//704 701//701 696//696
f 704//704 696//696 698//698
f 705//705 177//177 178//178
f 705//705 695//695 177//177
f 705//705 692//692 695//695
f 705//705 702//702 692//692
f 706//706 697//697 699//699
f 706//706 703//703 697//697
f 707//707 698//698 700//700
f 707//707 704//704 698//698
f 708//708 706//706 699//699
f 709//709 700//700 702//702
f 709//709 707//707 700//700
f 710//710 110//110 109//109
f 710//710 109//109 703//703
f 711//711 699//699 701//701
f 711//711 708//708 699//699
f 712//712 709//709 702//702
f 712//712 705//705 178//178
f 712//712 702//702 705//705
f 713//713 710//710 703//703
f 713//713 703//703 706//706
f 713//713 706//706 708//708
f 714//714 711//711 701//701
f 714//714 701//701 704//704
f 714//714 704//704 707//707
f 715//715 713//713 708//708
f 715//715 708//708 711//711
f 716//716 714//714 707//707
f 716//716 707//707 709//709
f 717//717 715//715 711//711
f 718//718 709//709 712//712
f 718//718 716//716 709//709
f 719//719 110//110 710//710
f 720//720 711//711 714//714
f 720//720 717//717 711//711
f 721//721 718//718 712//712
f 721//721 712//712 178//178
f 721//721 178//178 179//179
f 722//722 719//719 710//710
f 722//722 710//710 713//713
f 723//723 714//714 716//716
f 723//723 720//720 714//714
f 724//724 722//722 713//713
f 724//724 713//713 715//715
f 725//725 716//716 718//718
f 725//725 723//723 716//716
f 725//725 718//718 721//721
f 726//726 715//715 717//717
f 726//726 724//724 715//715
f 727//727 110//110 719//719
f 727//727 111//111 110//110
f 728//728 721//721 179//179
f 728//728 725//725 721//721
f 729//729 720//720 723//723
f 729//729 717//717 720//720
f 729//729 726//726 717//717
f 730//730 719//719 722//722
f 730//730 727//727 719//719
f 731//731 729//729 723//723
f 732//732 724//724 726//726
f 732//732 722//722 724//724
f 732//732 730//730 722//722
f 733//733 723//723 725//725
f 733//733 731//731 723//723
f 734//734 732//732 726//726
f 735//735 111//111 727//727
f 735//735 727//727 730//730
f 736//736 179//179 180//180
f 736//736 728//728 179//179
f 736//736 725//725 728//728
f 736//736 733//733 725//725
f 737//737 726//726 729//729
f 737//737 734//734 726//726
f 738//738 730//730 732//732
f 738//738 735//735 730//730
f 739//739 737//737 729//729
f 739//739 729//729 731//731
f 739//739 731//731 733//733
f 740//740 732//732 734//734
f 740//740 738//738 732//732
f 741//741 733//733 736//736
f 741//741 739//739 733//733
f 742//742 740//740 734//734
f 743//743 112//112 111//111
f 743//743 111//111 735//735
f 744//744 741//741 736//736
f 744//744 736//736 180//180
f 745//745 742//742 734//734
f 745//745 737//737 739//739
f 745//745 734//734 737//737
f 746//746 743//743 735//735
f 746//746 735//735 738//738
f 747//747 745//745 739//739
f 747//747 739//739 741//741
f 748//748 746//746 738//738
f 748//748 738//738 740//740
f 749//749 741//741 744//744
f 749//749 747//747 741//741
f 750//750 740//740 742//742
f 750//750 748//748 740//740
f 751//751 112//112 743//743
f 752//752 749//749 744//744
f 752//752 180//180 181//181
f 752//752 744//744 180//180
f 753//753 742//742 745//745
f 753//753 750//750 742//742
f 754//754 746//746 748//748
f 754//754 751//751 743//743
f 754//754 743//743 746//746
f 755//755 745//745 747//747
f 755//755 753//753 745//745
f 756//756 754//754 748//748
f 757//757 747//747 749//749
f 757//757 755//755 747//747
f 758//758 748//748 750//750
f 758//758 756//756 748//748
f 759//759 112//112 751//751
f 759//759 113//113 112//112
f 760//760 757//757 749//749
f 760//760 749//749 752//752
f 760//760 752//752 181//181
f 761//761 750//750 753//753
f 761//761 758//758 750//750
f 762//762 751//751 754//754
f 762//762 759//759 751//751
f 763//763 753//753 755//755
f 763//763 755//755 757//757
f 763//763 761//761 753//753
f 764//764 754//754 756//756
f 764//764 762//762 754//754
f 765//765 763//763 757//757
f 766//766 756//756 758//758
f 766//766 764//764 756//756
f 767//767 113//113 759//759
f 768//768 181//181 182//182
f 768//768 757//757 760//760
f 768//768 760//760 181//181
f 768//768 765//765 757//757
f 769//769 758//758 761//761
f 769//769 761//761 763//763
f 769//769 766//766 758//758
f 770//770 759//759 762//762
f 770//770 767//767 759//759
f 771//771 769//769 763//763
f 772//772 762//762 764//764
f 772//772 764//764 766//766
f 772//772 770//770 762//762
f 773//773 763//763 765//765
f 773//773 771//771 763//763
f 774//774 772//772 766//766
f 775//775 113//113 767//767
f 775//775 114//114 113//113
f 776//776 773//773 765//765
f 776//776 768//768 182//182
f 776//776 765//765 768//768
f 777//777 766//766 769//769
f 777//777 774//774 766//766
f 778//778 767//767 770//770
f 778//778 775//775 767//767
f 779//779 777//777 769//769
f 779//779 769//769 771//771
f 779//779 771//771 773//773
f 780//780 778//778 770//770
f 780//780 770//770 772//772
f 780//780 772//772 774//774
f 781//781 773//773 776//776
f 781//781 779//779 773//773
f 782//782 114//114 775//775
f 783//783 780//780 774//774
f 784//784 182//182 183//183
f 784//784 776//776 182//182
f 784//784 781//781 776//776
f 785//785 782//782 775//775
f 785//785 775//775 778//778
f 786//786 774//774 777//777
f 786//786 783//783 774//774
f 787//787 778//778 780//780
f 787//787 785//785 778//778
f 788//788 777//777 779//779
f 788//788 779//779 781//781
f 788//788 786//786 777//777
f 789//789 780//780 783//783
f 789//789 787//787 780//780
f 790//790 788//788 781//781
f 791//791 114//114 782//782
f 791//791 782//782 785//785
f 791//791 115//115 114//114
f 792//792 783//783 786//786
f 792//792 789//789 783//783
f 793//793 790//790 781//781
f 793//793 781//781 784//784
f 793//793 784//784 183//183
f 794//794 791//791 785//785
f 795//795 792//792 786//786
f 795//795 786//786 788//788
f 796//796 794//794 785//785
f 796//796 785//785 787//787
f 797//797 788//788 790//790
f 797//797 795//795 788//788
f 798//798 115//115 791//791
f 799//799 787//787 789//789
f 799//799 796//796 787//787
f 800//800 790//790 793//793
f 800//800 183//183 184//184
f 800//800 797//797 790//790
f 800//800 793//793 183//183
f 801//801 791//791 794//794
f 801//801 798//798 791//791
f 802//802 789//789 792//792
f 802//802 792//792 795//795
f 802//802 799//799 789//789
f 803//803 794//794 796//796
f 803//803 801//801 794//794
f 804//804 795//795 797//797
f 804//804 802//802 795//795
f 805//805 796//796 799//799
f 805//805 803//803 796//796
f 806//806 804//804 797//797
f 807//807 799//799 802//802
f 807//807 805//805 799//799
f 808//808 116//116 115//115
f 808//808 115//115 798//798
f 809//809 800//800 184//184
f 809//809 797//797 800//800
f 809//809 806//806 797//797
f 810//810 802//802 804//804
f 810//810 807//807 802//802
f 811//811 798//798 801//801
f 811//811 801//801 803//803
f 811//811 808//808 798//798
f 812//812 810//810 804//804
f 812//812 804//804 806//806
f 813//813 811//811 803//803
f 813//813 803//803 805//805
f 814//814 116//116 808//808
f 815//815 806//806 809//809
f 815//815 812//812 806//806
f 815//815 184//184 185//185
f 815//815 809//809 184//184
f 816//816 813//813 805//805
f 817//817 814//814 808//808
f 817//817 808//808 811//811
f 817//817 811//811 813//813
f 818//818 816//816 805//805
f 818//818 805//805 807//807
f 819//819 817//817 813//813
f 820//820 807//807 810//810
f 820//820 810//810 812//812
f 820//820 818//818 807//807
f 821//821 819//819 813//813
f 821//821 813//813 816//816
f 822//822 812//812 815//815
f 822//822 820//820 812//812
f 823//823 821//821 816//816
f 823//823 816//816 818//818
f 823//823 818//818 820//820
f 824//824 117//117 116//116
f 824//824 116//116 814//814
f 825//825 815//815 185//185
f 825//825 822//822 815//815
f 826//826 820//820 822//822
f 826//826 823//823 820//820
f 827//827 824//824 814//814
f 827//827 814//814 817//817
f 828//828 826//826 822//822
f 829//829 817//817 819//819
f 829//829 827//827 817//817
f 830//830 117//117 824//824
f 831//831 185//185 186//186
f 831//831 825//825 185//185
f 831//831 822//822 825//825
f 831//831 828//828 822//822
f 832//832 819//819 821//821
f 832//832 829//829 819//819
f 833//833 827//827 829//829
f 833//833 824//824 827//827
f 833//833 830//830 824//824
f 834//834 821//821 823//823
f 834//834 832//832 821//821
f 835//835 833//833 829//829
f 836//836 834//834 823//823
f 836//836 823//823 826//826
f 837//837 829//829 832//832
f 837//837 835//835 829//829
f 838//838 826//826 828//828
f 838//838 836//836 826//826
f 839//839 834//834 836//836
f 839//839 832//832 834//834
f 839//839 837//837 832//832
f 840//840 118//118 117//117
f 840//840 117//117 830//830
f 841//841 831//831 186//186
f 841//841 828//828 831//831
f 841//841 838//838 828//828
f 842//842 839//839 836//836
f 842//842 836//836 838//838
f 843//843 830//830 833//833
f 843//843 840//840 830//830
f 844//844 842//842 838//838
f 845//845 118//118 840//840
f 846//846 833//833 835//835
f 846//846 835//835 837//837
f 846//846 843//843 833//833
f 847//847 186//186 187//187
f 847//847 844//844 838//838
f 847//847 841//841 186//186
f 847//847 838//838 841//841
f 848//848 845//845 840//840
f 848//848 840//840 843//843
f 848//848 843//843 846//846
f 849//849 846//846 837//837
f 850//850 848//848 846//846
f 851//851 849//849 837//837
f 851//851 837//837 839//839
f 852//852 846//846 849//849
f 852//852 849//849 851//851
f 852//852 850//850 846//846
f 853//853 851//851 839//839
f 853//853 839//839 842//842
f 854//854 852//852 851//851
f 855//855 853//853 842//842
f 855//855 842//842 844//844
f 856//856 119//119 118//118
f 856//856 118//118 845//845
f 857//857 853//853 855//855
f 857//857 851//851 853//853
f 857//857 854//854 851//851
f 858//858 844//844 847//847
f 858//858 847//847 187//187
f 858//858 855//855 844//844
f 859//859 856//856 845//845
f 859//859 845//845 848//848
f 860//860 857//857 855//855
f 860//860 855//855 858//858
f 861//861 119//119 856//856
f 862//862 848//848 850//850
f 862//862 859//859 848//848
f 863//863 187//187 188//188
f 863//863 858//858 187//187
f 863//863 860//860 858//858
f 864//864 856//856 859//859
f 864//864 859//859 862//862
f 864//864 861//861 856//856
f 865//865 850//850 852//852
f 865//865 862//862 850//850
f 866//866 864//864 862//862
f 867//867 865//865 852//852
f 867//867 852//852 854//854
f 867//867 854//854 857//857
f 868//868 862//862 865//865
f 868//868 866//866 862//862
f 869//869 867//867 857//857
f 870//870 868//868 865//865
f 870//870 865//865 867//867
f 871//871 857//857 860//860
f 871//871 869//869 857//857
f 872//872 869//869 871//871
f 872//872 867//867 869//869
f 872//872 870//870 867//867
f 873//873 119//119 861//861
f 873//873 120//120 119//119
f 873//873 861//861 864//864
f 874//874 871//871 860//860
f 874//874 863//863 188//188
f 874//874 860//860 863//863
f 875//875 872//872 871//871
f 875//875 871//871 874//874
f 876//876 120//120 873//873
f 876//876 873//873 864//864
f 877//877 188//188 189//189
f 877//877 874//874 188//188
f 877//877 875//875 874//874
f 878//878 864//864 866//866
f 878//878 866//866 868//868
f 878//878 120//120 876//876
f 878//878 876//876 864//864
f 879//879 878//878 868//868
f 880//880 879//879 868//868
f 880//880 868//868 870//870
f 880//880 870//870 872//872
f 881//881 880//880 872//872
f 882//882 881//881 872//872
f 882//882 872//872 875//875
f 883//883 121//121 120//120
f 884//884 875//875 877//877
f 884//884 882//882 875//875
f 884//884 877//877 189//189
f 885//885 883//883 120//120
f 885//885 121//121 883//883
f 886//886 120//120 878//878
f 886//886 885//885 120//120
f 886//886 121//121 885//885
f 887//887 886//886 878//878
f 887//887 878//878 879//879
f 888//888 879//879 880//880
f 888//888 887//887 879//879
f 889//889 880//880 881//881
f 889//889 888//888 880//880
f 890//890 889//889 881//881
f 890//890 881//881 882//882
f 891//891 122//122 121//121
f 892//892 882//882 884//884
f 892//892 884//884 189//189
f 892//892 189//189 190//190
f 892//892 890//890 882//882
f 893//893 891//891 121//121
f 893//893 122//122 891//891
f 894//894 121//121 886//886
f 894//894 893//893 121//121
f 894//894 122//122 893//893
f 895//895 886//886 887//887
f 895//895 894//894 886//886
f 896//896 887//887 888//888
f 896//896 895//895 887//887
f 897//897 888//888 889//889
f 897//897 896//896 888//888
f 898//898 889//889 890//890
f 898//898 897//897 889//889
f 899//899 123//123 122//122
f 900//900 190//190 191//191
f 900//900 892//892 190//190
f 900//900 890//890 892//892
f 900//900 898//898 890//890
f 901//901 123//123 899//899
f 901//901 899//899 122//122
f 902//902 122//122 894//894
f 902//902 901//901 122//122
f 903//903 895//895 896//896
f 903//903 894//894 895//895
f 903//903 902//902 894//894
f 904//904 903//903 896//896
f 904//904 896//896 897//897
f 905//905 904//904 897//897
f 906//906 897//897 898//898
f 906//906 905//905 897//897
f 907//907 124//124 123//123
f 908//908 191//191 192//192
f 908//908 900//900 191//191
f 908//908 898//898 900//900
f 908//908 906//906 898//898
f 909//909 123//123 901//901
f 909//909 907//907 123//123
f 909//909 124//124 907//907
f 910//910 901//901 902//902
f 910//910 909//909 901//901
f 910//910 902//902 903//903
f 911//911 910//910 903//903
f 912//912 911//911 903//903
f 912//912 903//903 904//904
f 913//913 912//912 904//904
f 913//913 904//904 905//905
f 914//914 913//913 905//905
f 914//914 905//905 906//906
f 914//914 906//906 908//908
f 915//915 125//125 124//124
f 916//916 914//914 908//908
f 916//916 192//192 193//193
f 916//916 908//908 192//192
f 917//917 124//124 909//909
f 917//917 125//125 915//915
f 917//917 915//915 124//124
f 917//917 909//909 910//910
f 918//918 917//917 910//910
f 919//919 910//910 911//911
f 919//919 918//918 910//910
f 920//920 911//911 912//912
f 920//920 912//912 913//913
f 920//920 919//919 911//911
f 921//921 920//920 913//913
f 922//922 921//921 913//913
f 922//922 913//913 914//914
f 923//923 127//127 126//126
f 923//923 126//126 125//125
f 923//923 128//128 127//127
f 924//924 914//914 916//916
f 924//924 916//916 193//193
f 924//924 922//922 914//914
f 924//924 193//193 194//194
f 925//925 923//923 125//125
f 925//925 125//125 917//917
f 925//925 128//128 923//923
f 926//926 925//925 917//917
f 926//926 128//128 925//925
f 926//926 129//129 128//128
f 926//926 130//130 129//129
f 926//926 917//917 918//918
f 927//927 918//918 919//919
f 927//927 926//926 918//918
f 927//927 130//130 926//926
f 928//928 927//927 919//919
f 928//928 919//919 920//920
f 928//928 920//920 921//921
f 928//928 130//130 927//927
f 928//928 131//131 130//130
f 929//929 928//928 921//921
f 929//929 131//131 928//928
f 929//929 132//132 131//131
f 930//930 921//921 922//922
f 930//930 929//929 921//921
f 930//930 132//132 929//929
f 930//930 133//133 132//132
f 930//930 134//134 133//133
f 931//931 930//930 922//922
f 931//931 195//195 134//134
f 931//931 194//194 195//195
f 931//931 922//922 924//924
f 931//931 924//924 194//194
f 931//931 134//134 930//930
f 932//932 64//64 2//2
f 940//940 1000//1000 939//939
f 1001//1001 932//932 2//2
f 1001//1001 2//2 3//3
f 1002//1002 933//933 932//932
f 1002//1002 932//932 1001//1001
f 1003//1003 934//934 933//933
f 1003//1003 933//933 1002//1002
f 1004//1004 935//935 934//934
f 1004//1004 934//934 1003//1003
f 1005//1005 936//936 935//935
f 1005//1005 935//935 1004//1004
f 1006//1006 937//937 936//936
f 1006//1006 936//936 1005//1005
f 1007//1007 938//938 937//937
f 1007//1007 937//937 1006//1006
f 1008//1008 3//3 4//4
f 1008//1008 1001//1001 3//3
f 1009//1009 939//939 938//938
f 1009//1009 940//940 939//939
f 1009//1009 938//938 1007//1007
f 1009//1009 941//941 940//940
f 1010//1010 1002//1002 1001//1001
f 1010//1010 1001//1001 1008//1008
f 1011//1011 1002//1002 1010//1010
f 1011//1011 1003//1003 1002//1002
f 1012//1012 1003//1003 1011//1011
f 1012//1012 1004//1004 1003//1003
f 1013//1013 1004//1004 1012//1012
f 1013//1013 1005//1005 1004//1004
f 1014//1014 1006//1006 1005//1005
f 1014//1014 1005//1005 1013//1013
f 1015//1015 1006//1006 1014//1014
f 1015//1015 1007//1007 1006//1006
f 1016//1016 4//4 5//5
f 1016//1016 1008//1008 4//4
f 1017//1017 1009//1009 1007//1007
f 1017//1017 941//941 1009//1009
f 1017//1017 1007//1007 1015//1015
f 1017//1017 1015//1015 942//942
f 1017//1017 942//942 941//941
f 1018//1018 1008//1008 1016//1016
f 1018//1018 1010//1010 1008//1008
f 1019//1019 1010//1010 1018//1018
f 1019//1019 1011//1011 1010//1010
f 1020//1020 1012//1012 1011//1011
f 1020//1020 1011//1011 1019//1019
f 1021//1021 1012//1012 1020//1020
f 1021//1021 1013//1013 1012//1012
f 1022//1022 1014//1014 1013//1013
f 1022//1022 1013//1013 1021//1021
f 1023//1023 1015//1015 1014//1014
f 1023//1023 1014//1014 1022//1022
f 1023//1023 942//942 1015//1015
f 1024//1024 5//5 6//6
f 1024//1024 1016//1016 5//5
f 1025//1025 942//942 1023//1023
f 1025//1025 943//943 942//942
f 1025//1025 1023//1023 943//943
f 1026//1026 1019//1019 1018//1018
f 1026//1026 1018//1018 1016//1016
f 1026//1026 1016//1016 1024//1024
f 1027//1027 1019//1019 1026//1026
f 1028//1028 1019//1019 1027//1027
f 1028//1028 1021//1021 1020//1020
f 1028//1028 1020//1020 1019//1019
f 1029//1029 1021//1021 1028//1028
f 1030//1030 1021//1021 1029//1029
f 1030//1030 1022//1022 1021//1021
f 1031//1031 1022//1022 1030//1030
f 1031//1031 943//943 1023//1023
f 1031//1031 1023//1023 1022//1022
f 1032//1032 6//6 7//7
f 1032//1032 1026//1026 1024//1024
f 1032//1032 1024//1024 6//6
f 1033//1033 1031//1031 944//944
f 1033//1033 943//943 1031//1031
f 1033//1033 944//944 943//943
f 1034//1034 1026//1026 1032//1032
f 1035//1035 1026//1026 1034//1034
f 1035//1035 1027//1027 1026//1026
f 1036//1036 1027//1027 1035//1035
f 1036//1036 1028//1028 1027//1027
f 1037//1037 1029//1029 1028//1028
f 1037//1037 1030//1030 1029//1029
f 1037//1037 1028//1028 1036//1036
f 1038//1038 1030//1030 1037//1037
f 1039//1039 1031//1031 1030//1030
f 1039//1039 944//944 1031//1031
f 1039//1039 1030//1030 1038//1038
f 1040//1040 7//7 8//8
f 1040//1040 8//8 9//9
f 1040//1040 1032//1032 7//7
f 1041//1041 944//944 1039//1039
f 1041//1041 1039//1039 945//945
f 1041//1041 945//945 944//944
f 1042//1042 1034//1034 1032//1032
f 1042//1042 1032//1032 1040//1040
f 1043//1043 1035//1035 1034//1034
f 1043//1043 1034//1034 1042//1042
f 1044//1044 1035//1035 1043//1043
f 1044//1044 1036//1036 1035//1035
f 1044//1044 1037//1037 1036//1036
f 1045//1045 1037//1037 1044//1044
f 1046//1046 1037//1037 1045//1045
f 1046//1046 1038//1038 1037//1037
f 1047//1047 1046//1046 946//946
f 1047//1047 1039//1039 1038//1038
f 1047//1047 1038//1038 1046//1046
f 1047//1047 945//945 1039//1039
f 1048//1048 1040//1040 9//9
f 1049//1049 1047//1047 946//946
f 1049//1049 945//945 1047//1047
f 1049//1049 946//946 945//945
f 1050//1050 1042//1042 1040//1040
f 1050//1050 1043//1043 1042//1042
f 1050//1050 1040//1040 1048//1048
f 1051//1051 1043//1043 1050//1050
f 1052//1052 1044//1044 1043//1043
f 1052//1052 1043//1043 1051//1051
f 1053//1053 1045//1045 1044//1044
f 1053//1053 1044//1044 1052//1052
f 1054//1054 946//946 1046//1046
f 1054//1054 1045//1045 1053//1053
f 1054//1054 1046//1046 1045//1045
f 1055//1055 946//946 1054//1054
f 1055//1055 1054//1054 947//947
f 1056//1056 9//9 10//10
f 1056//1056 1048//1048 9//9
f 1057//1057 946//946 1055//1055
f 1057//1057 1055//1055 947//947
f 1057//1057 947//947 946//946
f 1058//1058 1048//1048 1056//1056
f 1058//1058 1050//1050 1048//1048
f 1059//1059 10//10 11//11
f 1059//1059 1056//1056 10//10
f 1059//1059 1058//1058 1056//1056
f 1060//1060 1051//1051 1050//1050
f 1060//1060 1052//1052 1051//1051
f 1060//1060 1050//1050 1058//1058
f 1061//1061 1058//1058 1059//1059
f 1062//1062 1052//1052 1060//1060
f 1063//1063 1062//1062 1060//1060
f 1063//1063 1060//1060 1058//1058
f 1063//1063 1058//1058 1061//1061
f 1064//1064 1053//1053 1052//1052
f 1064//1064 1052//1052 1062//1062
f 1065//1065 1062//1062 1063//1063
f 1066//1066 1054//1054 1053//1053
f 1066//1066 947//947 1054//1054
f 1066//1066 1053//1053 1064//1064
f 1067//1067 1064//1064 1062//1062
f 1067//1067 1062//1062 1065//1065
f 1068//1068 947//947 1066//1066
f 1069//1069 1059//1059 11//11
f 1070//1070 1064//1064 1067//1067
f 1070//1070 1066//1066 1064//1064
f 1070//1070 1068//1068 1066//1066
f 1071//1071 947//947 1068//1068
f 1071//1071 948//948 947//947
f 1072//1072 1059//1059 1069//1069
f 1072//1072 1061//1061 1059//1059
f 1073//1073 1068//1068 1070//1070
f 1073//1073 1071//1071 1068//1068
f 1074//1074 11//11 12//12
f 1074//1074 1069//1069 11//11
f 1075//1075 1061//1061 1072//1072
f 1075//1075 1063//1063 1061//1061
f 1076//1076 948//948 1071//1071
f 1076//1076 1071//1071 1073//1073
f 1077//1077 1075//1075 1072//1072
f 1077//1077 1072//1072 1069//1069
f 1077//1077 1069//1069 1074//1074
f 1078//1078 1065//1065 1063//1063
f 1078//1078 1063//1063 1075//1075
f 1079//1079 1075//1075 1077//1077
f 1080//1080 1065//1065 1078//1078
f 1080//1080 1067//1067 1065//1065
f 1081//1081 1078//1078 1075//1075
f 1081//1081 1075//1075 1079//1079
f 1082//1082 1067//1067 1080//1080
f 1082//1082 1070//1070 1067//1067
f 1083//1083 1078//1078 1081//1081
f 1083//1083 1080//1080 1078//1078
f 1084//1084 1070//1070 1082//1082
f 1084//1084 1073//1073 1070//1070
f 1085//1085 1077//1077 1074//1074
f 1085//1085 1074//1074 12//12
f 1086//1086 1084//1084 1082//1082
f 1086//1086 1082//1082 1080//1080
f 1086//1086 1080//1080 1083//1083
f 1087//1087 948//948 1076//1076
f 1087//1087 1073//1073 1084//1084
f 1087//1087 949//949 948//948
f 1087//1087 1076//1076 1073//1073
f 1088//1088 1079//1079 1077//1077
f 1088//1088 1077//1077 1085//1085
f 1089//1089 1084//1084 1086//1086
f 1089//1089 1087//1087 1084//1084
f 1090//1090 1081//1081 1079//1079
f 1090//1090 1079//1079 1088//1088
f 1091//1091 12//12 13//13
f 1091//1091 1085//1085 12//12
f 1092//1092 949//949 1087//1087
f 1092//1092 1087//1087 1089//1089
f 1093//1093 1081//1081 1090//1090
f 1094//1094 1088//1088 1085//1085
f 1094//1094 1085//1085 1091//1091
f 1095//1095 1083//1083 1081//1081
f 1095//1095 1081//1081 1093//1093
f 1096//1096 1088//1088 1094//1094
f 1096//1096 1090//1090 1088//1088
f 1097//1097 1086//1086 1083//1083
f 1097//1097 1083//1083 1095//1095
f 1098//1098 1093//1093 1090//1090
f 1098//1098 1090//1090 1096//1096
f 1099//1099 1089//1089 1086//1086
f 1099//1099 1092//1092 1089//1089
f 1099//1099 1086//1086 1097//1097
f 1100//1100 1095//1095 1093//1093
f 1100//1100 1093//1093 1098//1098
f 1101//1101 1091//1091 13//13
f 1102//1102 949//949 1092//1092
f 1102//1102 1092//1092 1099//1099
f 1102//1102 950//950 949//949
f 1103//1103 1097//1097 1095//1095
f 1103//1103 1095//1095 1100//1100
f 1104//1104 1094//1094 1091//1091
f 1104//1104 1091//1091 1101//1101
f 1105//1105 1099//1099 1097//1097
f 1105//1105 1097//1097 1103//1103
f 1106//1106 1096//1096 1094//1094
f 1106//1106 1094//1094 1104//1104
f 1107//1107 1104//1104 1101//1101
f 1107//1107 13//13 14//14
f 1107//1107 1101//1101 13//13
f 1108//1108 1102//1102 1099//1099
f 1108//1108 950//950 1102//1102
f 1108//1108 1099//1099 1105//1105
f 1109//1109 1100//1100 1098//1098
f 1109//1109 1098//1098 1096//1096
f 1109//1109 1096//1096 1106//1106
f 1110//1110 1104//1104 1107//1107
f 1111//1111 1100//1100 1109//1109
f 1112//1112 1109//1109 1106//1106
f 1112//1112 1104//1104 1110//1110
f 1112//1112 1106//1106 1104//1104
f 1113//1113 1100//1100 1111//1111
f 1113//1113 1103//1103 1100//1100
f 1113//1113 1105//1105 1103//1103
f 1114//1114 1111//1111 1109//1109
f 1114//1114 1109//1109 1112//1112
f 1115//1115 1105//1105 1113//1113
f 1116//1116 1111//1111 1114//1114
f 1117//1117 1107//1107 14//14
f 1118//1118 1105//1105 1115//1115
f 1118//1118 951//951 950//950
f 1118//1118 950//950 1108//1108
f 1118//1118 1108//1108 1105//1105
f 1119//1119 1113//1113 1111//1111
f 1119//1119 1115//1115 1113//1113
f 1119//1119 1111//1111 1116//1116
f 1120//1120 1110//1110 1107//1107
f 1120//1120 1107//1107 1117//1117
f 1121//1121 1115//1115 1119//1119
f 1122//1122 1112//1112 1110//1110
f 1122//1122 1110//1110 1120//1120
f 1123//1123 14//14 15//15
f 1123//1123 1117//1117 14//14
f 1124//1124 1115//1115 1121//1121
f 1124//1124 1118//1118 1115//1115
f 1124//1124 951//951 1118//1118
f 1125//1125 1114//1114 1112//1112
f 1125//1125 1112//1112 1122//1122
f 1126//1126 1120//1120 1117//1117
f 1126//1126 1117//1117 1123//1123
f 1127//1127 1114//1114 1125//1125
f 1127//1127 1116//1116 1114//1114
f 1128//1128 1122//1122 1120//1120
f 1128//1128 1120//1120 1126//1126
f 1129//1129 1116//1116 1127//1127
f 1129//1129 1119//1119 1116//1116
f 1130//1130 1125//1125 1122//1122
f 1130//1130 1122//1122 1128//1128
f 1130//1130 1127//1127 1125//1125
f 1131//1131 1121//1121 1119//1119
f 1131//1131 1119//1119 1129//1129
f 1132//1132 1123//1123 15//15
f 1133//1133 1127//1127 1130//1130
f 1134//1134 1124//1124 1121//1121
f 1134//1134 951//951 1124//1124
f 1134//1134 1121//1121 1131//1131
f 1134//1134 952//952 951//951
f 1135//1135 1126//1126 1123//1123
f 1135//1135 1123//1123 1132//1132
f 1136//1136 1129//1129 1127//1127
f 1136//1136 1127//1127 1133//1133
f 1137//1137 1128//1128 1126//1126
f 1137//1137 1126//1126 1135//1135
f 1138//1138 1131//1131 1129//1129
f 1138//1138 1129//1129 1136//1136
f 1139//1139 15//15 16//16
f 1139//1139 1132//1132 15//15
f 1140//1140 1130//1130 1128//1128
f 1140//1140 1128//1128 1137//1137
f 1141//1141 1131//1131 1138//1138
f 1141//1141 1134//1134 1131//1131
f 1141//1141 952//952 1134//1134
f 1142//1142 1135//1135 1132//1132
f 1142//1142 1132//1132 1139//1139
f 1143//1143 1133//1133 1130//1130
f 1143//1143 1130//1130 1140//1140
f 1144//1144 1137//1137 1135//1135
f 1144//1144 1135//1135 1142//1142
f 1145//1145 1138//1138 1136//1136
f 1145//1145 1136//1136 1133//1133
f 1145//1145 1133//1133 1143//1143
f 1146//1146 1137//1137 1144//1144
f 1146//1146 1140//1140 1137//1137
f 1147//1147 1138//1138 1145//1145
f 1148//1148 1142//1142 1139//1139
f 1148//1148 1139//1139 16//16
f 1149//1149 1140//1140 1146//1146
f 1149//1149 1143//1143 1140//1140
f 1150//1150 1138//1138 1147//1147
f 1150//1150 1141//1141 1138//1138
f 1150//1150 953//953 952//952
f 1150//1150 952//952 1141//1141
f 1151//1151 1142//1142 1148//1148
f 1152//1152 1145//1145 1143//1143
f 1152//1152 1143//1143 1149//1149
f 1153//1153 1142//1142 1151//1151
f 1153//1153 1144//1144 1142//1142
f 1154//1154 1147//1147 1145//1145
f 1154//1154 1145//1145 1152//1152
f 1155//1155 1146//1146 1144//1144
f 1155//1155 1144//1144 1153//1153
f 1156//1156 1148//1148 16//16
f 1156//1156 16//16 17//17
f 1157//1157 953//953 1150//1150
f 1157//1157 1150//1150 1147//1147
f 1157//1157 1147//1147 1154//1154
f 1158//1158 1152//1152 1149//1149
f 1158//1158 1146//1146 1155//1155
f 1158//1158 1149//1149 1146//1146
f 1159//1159 1151//1151 1148//1148
f 1159//1159 1148//1148 1156//1156
f 1160//1160 1152//1152 1158//1158
f 1161//1161 1153//1153 1151//1151
f 1161//1161 1151//1151 1159//1159
f 1162//1162 1154//1154 1152//1152
f 1162//1162 1152//1152 1160//1160
f 1163//1163 1153//1153 1161//1161
f 1163//1163 1155//1155 1153//1153
f 1164//1164 1156//1156 17//17
f 1165//1165 953//953 1157//1157
f 1165//1165 1157//1157 1154//1154
f 1165//1165 1154//1154 1162//1162
f 1165//1165 954//954 953//953
f 1166//1166 1160//1160 1158//1158
f 1166//1166 1158//1158 1155//1155
f 1166//1166 1155//1155 1163//1163
f 1167//1167 1156//1156 1164//1164
f 1167//1167 1159//1159 1156//1156
f 1167//1167 1161//1161 1159//1159
f 1168//1168 1160//1160 1166//1166
f 1169//1169 1161//1161 1167//1167
f 1170//1170 1160//1160 1168//1168
f 1170//1170 1162//1162 1160//1160
f 1170//1170 1165//1165 1162//1162
f 1171//1171 1163//1163 1161//1161
f 1171//1171 1166//1166 1163//1163
f 1171//1171 1161//1161 1169//1169
f 1172//1172 17//17 18//18
f 1172//1172 1164//1164 17//17
f 1173//1173 954//954 1165//1165
f 1173//1173 1165//1165 1170//1170
f 1174//1174 1168//1168 1166//1166
f 1174//1174 1166//1166 1171//1171
f 1175//1175 1164//1164 1172//1172
f 1175//1175 1167//1167 1164//1164
f 1176//1176 1168//1168 1174//1174
f 1177//1177 1169//1169 1167//1167
f 1177//1177 1171//1171 1169//1169
f 1177//1177 1167//1167 1175//1175
f 1178//1178 1170//1170 1168//1168
f 1178//1178 1173//1173 1170//1170
f 1178//1178 1168//1168 1176//1176
f 1179//1179 1174//1174 1171//1171
f 1179//1179 1171//1171 1177//1177
f 1180//1180 1172//1172 18//18
f 1181//1181 1173//1173 1178//1178
f 1181//1181 954//954 1173//1173
f 1181//1181 955//955 954//954
f 1182//1182 1174//1174 1179//1179
f 1182//1182 1176//1176 1174//1174
f 1183//1183 1172//1172 1180//1180
f 1183//1183 1175//1175 1172//1172
f 1184//1184 1176//1176 1182//1182
f 1185//1185 1177//1177 1175//1175
f 1185//1185 1175//1175 1183//1183
f 1186//1186 1176//1176 1184//1184
f 1186//1186 1178//1178 1176//1176
f 1187//1187 1179//1179 1177//1177
f 1187//1187 1177//1177 1185//1185
f 1188//1188 18//18 19//19
f 1188//1188 1180//1180 18//18
f 1189//1189 1181//1181 1178//1178
f 1189//1189 955//955 1181//1181
f 1189//1189 1178//1178 1186//1186
f 1190//1190 1182//1182 1179//1179
f 1190//1190 1179//1179 1187//1187
f 1191//1191 1180//1180 1188//1188
f 1191//1191 1183//1183 1180//1180
f 1192//1192 1184//1184 1182//1182
f 1192//1192 1182//1182 1190//1190
f 1193//1193 1187//1187 1185//1185
f 1193//1193 1185//1185 1183//1183
f 1193//1193 1183//1183 1191//1191
f 1194//1194 1184//1184 1192//1192
f 1194//1194 1186//1186 1184//1184
f 1195//1195 1190//1190 1187//1187
f 1195//1195 1187//1187 1193//1193
f 1196//1196 1188//1188 19//19
f 1197//1197 955//955 1189//1189
f 1197//1197 1189//1189 1186//1186
f 1197//1197 1186//1186 1194//1194
f 1197//1197 956//956 955//955
f 1198//1198 1190//1190 1195//1195
f 1198//1198 1192//1192 1190//1190
f 1199//1199 1191//1191 1188//1188
f 1199//1199 1193//1193 1191//1191
f 1199//1199 1188//1188 1196//1196
f 1200//1200 1192//1192 1198//1198
f 1201//1201 1195//1195 1193//1193
f 1201//1201 1193//1193 1199//1199
f 1202//1202 1194//1194 1192//1192
f 1202//1202 1197//1197 1194//1194
f 1202//1202 1192//1192 1200//1200
f 1203//1203 1198//1198 1195//1195
f 1203//1203 1195//1195 1201//1201
f 1204//1204 19//19 20//20
f 1204//1204 1196//1196 19//19
f 1205//1205 956//956 1197//1197
f 1205//1205 1197//1197 1202//1202
f 1206//1206 1198//1198 1203//1203
f 1207//1207 1199//1199 1196//1196
f 1207//1207 1196//1196 1204//1204
f 1208//1208 1200//1200 1198//1198
f 1208//1208 1198//1198 1206//1206
f 1209//1209 1201//1201 1199//1199
f 1209//1209 1203//1203 1201//1201
f 1209//1209 1199//1199 1207//1207
f 1210//1210 1202//1202 1200//1200
f 1210//1210 1205//1205 1202//1202
f 1210//1210 1200//1200 1208//1208
f 1211//1211 1204//1204 20//20
f 1212//1212 1203//1203 1209//1209
f 1213//1213 1205//1205 1210//1210
f 1213//1213 956//956 1205//1205
f 1213//1213 957//957 956//956
f 1214//1214 1204//1204 1211//1211
f 1214//1214 1207//1207 1204//1204
f 1214//1214 1209//1209 1207//1207
f 1215//1215 1206//1206 1203//1203
f 1215//1215 1203//1203 1212//1212
f 1216//1216 1209//1209 1214//1214
f 1216//1216 1212//1212 1209//1209
f 1217//1217 1206//1206 1215//1215
f 1217//1217 1208//1208 1206//1206
f 1218//1218 1215//1215 1212//1212
f 1218//1218 1212//1212 1216//1216
f 1219//1219 1210//1210 1208//1208
f 1219//1219 1208//1208 1217//1217
f 1220//1220 1214//1214 1211//1211
f 1220//1220 20//20 21//21
f 1220//1220 1211//1211 20//20
f 1221//1221 1215//1215 1218//1218
f 1222//1222 1213//1213 1210//1210
f 1222//1222 957//957 1213//1213
f 1222//1222 1210//1210 1219//1219
f 1223//1223 1214//1214 1220//1220
f 1224//1224 1217//1217 1215//1215
f 1224//1224 1215//1215 1221//1221
f 1225//1225 1214//1214 1223//1223
f 1225//1225 1216//1216 1214//1214
f 1226//1226 1217//1217 1224//1224
f 1226//1226 1222//1222 1219//1219
f 1226//1226 1219//1219 1217//1217
f 1227//1227 1220//1220 21//21
f 1228//1228 1218//1218 1216//1216
f 1228//1228 1216//1216 1225//1225
f 1229//1229 957//957 1222//1222
f 1229//1229 1222//1222 1226//1226
f 1229//1229 958//958 957//957
f 1230//1230 1225//1225 1223//1223
f 1230//1230 1223//1223 1220//1220
f 1230//1230 1220//1220 1227//1227
f 1231//1231 1221//1221 1218//1218
f 1231//1231 1218//1218 1228//1228
f 1232//1232 1225//1225 1230//1230
f 1233//1233 1224//1224 1221//1221
f 1233//1233 1221//1221 1231//1231
f 1234//1234 1228//1228 1225//1225
f 1234//1234 1225//1225 1232//1232
f 1235//1235 1226//1226 1224//1224
f 1235//1235 1224//1224 1233//1233
f 1236//1236 1231//1231 1228//1228
f 1236//1236 1228//1228 1234//1234
f 1237//1237 21//21 22//22
f 1237//1237 1227//1227 21//21
f 1238//1238 1229//1229 1226//1226
f 1238//1238 958//958 1229//1229
f 1238//1238 1226//1226 1235//1235
f 1239//1239 1233//1233 1231//1231
f 1239//1239 1231//1231 1236//1236
f 1240//1240 1227//1227 1237//1237
f 1240//1240 1230//1230 1227//1227
f 1241//1241 1235//1235 1233//1233
f 1241//1241 1233//1233 1239//1239
f 1242//1242 1230//1230 1240//1240
f 1242//1242 1232//1232 1230//1230
f 1243//1243 1237//1237 22//22
f 1244//1244 958//958 1238//1238
f 1244//1244 1238//1238 1235//1235
f 1244//1244 1235//1235 1241//1241
f 1244//1244 959//959 958//958
f 1245//1245 1234//1234 1232//1232
f 1245//1245 1232//1232 1242//1242
f 1246//1246 1237//1237 1243//1243
f 1246//1246 1240//1240 1237//1237
f 1247//1247 1236//1236 1234//1234
f 1247//1247 1234//1234 1245//1245
f 1248//1248 1242//1242 1240//1240
f 1248//1248 1245//1245 1242//1242
f 1248//1248 1240//1240 1246//1246
f 1249//1249 1239//1239 1236//1236
f 1249//1249 1236//1236 1247//1247
f 1250//1250 1245//1245 1248//1248
f 1250//1250 1247//1247 1245//1245
f 1251//1251 1239//1239 1249//1249
f 1251//1251 1241//1241 1239//1239
f 1252//1252 1247//1247 1250//1250
f 1253//1253 22//22 23//23
f 1253//1253 1243//1243 22//22
f 1254//1254 1244//1244 1241//1241
f 1254//1254 959//959 1244//1244
f 1254//1254 1241//1241 1251//1251
f 1255//1255 1247//1247 1252//1252
f 1255//1255 1249//1249 1247//1247
f 1256//1256 1243//1243 1253//1253
f 1256//1256 1246//1246 1243//1243
f 1257//1257 1251//1251 1249//1249
f 1257//1257 1254//1254 1251//1251
f 1257//1257 1249//1249 1255//1255
f 1258//1258 1248//1248 1246//1246
f 1258//1258 1246//1246 1256//1256
f 1259//1259 1253//1253 23//23
f 1259//1259 1256//1256 1253//1253
f 1260//1260 960//960 959//959
f 1260//1260 959//959 1254//1254
f 1260//1260 1254//1254 1257//1257
f 1261//1261 1250//1250 1248//1248
f 1261//1261 1248//1248 1258//1258
f 1262//1262 1256//1256 1259//1259
f 1263//1263 1250//1250 1261//1261
f 1263//1263 1252//1252 1250//1250
f 1264//1264 1258//1258 1256//1256
f 1264//1264 1256//1256 1262//1262
f 1264//1264 1261//1261 1258//1258
f 1265//1265 1255//1255 1252//1252
f 1265//1265 1252//1252 1263//1263
f 1266//1266 1261//1261 1264//1264
f 1267//1267 1255//1255 1265//1265
f 1267//1267 1257//1257 1255//1255
f 1268//1268 1263//1263 1261//1261
f 1268//1268 1261//1261 1266//1266
f 1268//1268 1265//1265 1263//1263
f 1269//1269 23//23 24//24
f 1269//1269 1259//1259 23//23
f 1270//1270 960//960 1260//1260
f 1270//1270 1260//1260 1257//1257
f 1270//1270 1257//1257 1267//1267
f 1271//1271 1267//1267 1265//1265
f 1271//1271 1265//1265 1268//1268
f 1272//1272 1262//1262 1259//1259
f 1272//1272 1259//1259 1269//1269
f 1273//1273 1267//1267 1271//1271
f 1274//1274 1264//1264 1262//1262
f 1274//1274 1262//1262 1272//1272
f 1275//1275 1269//1269 24//24
f 1276//1276 961//961 960//960
f 1276//1276 960//960 1270//1270
f 1276//1276 1270//1270 1267//1267
f 1276//1276 1267//1267 1273//1273
f 1277//1277 1266//1266 1264//1264
f 1277//1277 1264//1264 1274//1274
f 1278//1278 1272//1272 1269//1269
f 1278//1278 1269//1269 1275//1275
f 1279//1279 1268//1268 1266//1266
f 1279//1279 1266//1266 1277//1277
f 1280//1280 1272//1272 1278//1278
f 1280//1280 1274//1274 1272//1272
f 1281//1281 1268//1268 1279//1279
f 1281//1281 1271//1271 1268//1268
f 1282//1282 1274//1274 1280//1280
f 1282//1282 1277//1277 1274//1274
f 1283//1283 1271//1271 1281//1281
f 1283//1283 1273//1273 1271//1271
f 1284//1284 1277//1277 1282//1282
f 1284//1284 1279//1279 1277//1277
f 1285//1285 24//24 25//25
f 1285//1285 1275//1275 24//24
f 1286//1286 1273//1273 1283//1283
f 1286//1286 961//961 1276//1276
f 1286//1286 1276//1276 1273//1273
f 1287//1287 1279//1279 1284//1284
f 1287//1287 1281//1281 1279//1279
f 1288//1288 1278//1278 1275//1275
f 1288//1288 1275//1275 1285//1285
f 1289//1289 1281//1281 1287//1287
f 1289//1289 1283//1283 1281//1281
f 1290//1290 1285//1285 25//25
f 1290//1290 1288//1288 1285//1285
f 1291//1291 1280//1280 1278//1278
f 1291//1291 1278//1278 1288//1288
f 1292//1292 962//962 961//961
f 1292//1292 961//961 1286//1286
f 1292//1292 1286//1286 1283//1283
f 1292//1292 1283//1283 1289//1289
f 1293//1293 1288//1288 1290//1290
f 1294//1294 1282//1282 1280//1280
f 1294//1294 1280//1280 1291//1291
f 1295//1295 1291//1291 1288//1288
f 1295//1295 1288//1288 1293//1293
f 1295//1295 1294//1294 1291//1291
f 1296//1296 1284//1284 1282//1282
f 1296//1296 1282//1282 1294//1294
f 1297//1297 1294//1294 1295//1295
f 1298//1298 1284//1284 1296//1296
f 1298//1298 1287//1287 1284//1284
f 1299//1299 1296//1296 1294//1294
f 1299//1299 1294//1294 1297//1297
f 1300//1300 1289//1289 1287//1287
f 1300//1300 1287//1287 1298//1298
f 1301//1301 25//25 26//26
f 1301//1301 1293//1293 1290//1290
f 1301//1301 1290//1290 25//25
f 1302//1302 1298//1298 1296//1296
f 1302//1302 1296//1296 1299//1299
f 1303//1303 962//962 1292//1292
f 1303//1303 1292//1292 1289//1289
f 1303//1303 1289//1289 1300//1300
f 1304//1304 1293//1293 1301//1301
f 1304//1304 1301//1301 26//26
f 1305//1305 1298//1298 1302//1302
f 1305//1305 1300//1300 1298//1298
f 1306//1306 1297//1297 1295//1295
f 1306//1306 1295//1295 1293//1293
f 1306//1306 1304//1304 26//26
f 1306//1306 1293//1293 1304//1304
f 1307//1307 963//963 962//962
f 1307//1307 962//962 1303//1303
f 1307//1307 1303//1303 1300//1300
f 1307//1307 1300//1300 1305//1305
f 1308//1308 1297//1297 1306//1306
f 1308//1308 1299//1299 1297//1297
f 1309//1309 1302//1302 1299//1299
f 1309//1309 1299//1299 1308//1308
f 1310//1310 1302//1302 1309//1309
f 1311//1311 1305//1305 1302//1302
f 1311//1311 1302//1302 1310//1310
f 1312//1312 26//26 27//27
f 1313//1313 1305//1305 1311//1311
f 1313//1313 1307//1307 1305//1305
f 1313//1313 963//963 1307//1307
f 1314//1314 1312//1312 27//27
f 1314//1314 26//26 1312//1312
f 1315//1315 1314//1314 27//27
f 1315//1315 1306//1306 26//26
f 1315//1315 26//26 1314//1314
f 1316//1316 1306//1306 1315//1315
f 1316//1316 1308//1308 1306//1306
f 1317//1317 1308//1308 1316//1316
f 1317//1317 1309//1309 1308//1308
f 1317//1317 1310//1310 1309//1309
f 1318//1318 1310//1310 1317//1317
f 1319//1319 1311//1311 1310//1310
f 1319//1319 1310//1310 1318//1318
f 1320//1320 27//27 28//28
f 1321//1321 964//964 963//963
f 1321//1321 1313//1313 1311//1311
f 1321//1321 1311//1311 1319//1319
f 1321//1321 963//963 1313//1313
f 1322//1322 1320//1320 28//28
f 1322//1322 27//27 1320//1320
f 1323//1323 27//27 1322//1322
f 1323//1323 1315//1315 27//27
f 1323//1323 1322//1322 28//28
f 1323//1323 1316//1316 1315//1315
f 1324//1324 1316//1316 1323//1323
f 1325//1325 1317//1317 1316//1316
f 1325//1325 1316//1316 1324//1324
f 1326//1326 1317//1317 1325//1325
f 1326//1326 1318//1318 1317//1317
f 1326//1326 1319//1319 1318//1318
f 1327//1327 1321//1321 1319//1319
f 1327//1327 1319//1319 1326//1326
f 1328//1328 28//28 29//29
f 1329//1329 965//965 964//964
f 1329//1329 1321//1321 1327//1327
f 1329//1329 964//964 1321//1321
f 1330//1330 28//28 1328//1328
f 1330//1330 1328//1328 29//29
f 1331//1331 1323//1323 28//28
f 1331//1331 28//28 1330//1330
f 1332//1332 1323//1323 1331//1331
f 1332//1332 1324//1324 1323//1323
f 1333//1333 1324//1324 1332//1332
f 1333//1333 1325//1325 1324//1324
f 1334//1334 1326//1326 1325//1325
f 1334//1334 1325//1325 1333//1333
f 1335//1335 1327//1327 1326//1326
f 1335//1335 1326//1326 1334//1334
f 1336//1336 29//29 30//30
f 1337//1337 966//966 965//965
f 1337//1337 965//965 1329//1329
f 1337//1337 1329//1329 1327//1327
f 1337//1337 1327//1327 1335//1335
f 1338//1338 29//29 1336//1336
f 1338//1338 1330//1330 29//29
f 1338//1338 1336//1336 30//30
f 1339//1339 1332//1332 1331//1331
f 1339//1339 1331//1331 1330//1330
f 1339//1339 1330//1330 1338//1338
f 1340//1340 1332//1332 1339//1339
f 1341//1341 1333//1333 1332//1332
f 1341//1341 1334//1334 1333//1333
f 1341//1341 1332//1332 1340//1340
f 1342//1342 1334//1334 1341//1341
f 1343//1343 1335//1335 1334//1334
f 1343//1343 1337//1337 1335//1335
f 1343//1343 1334//1334 1342//1342
f 1344//1344 30//30 31//31
f 1345//1345 967//967 966//966
f 1345//1345 966//966 1337//1337
f 1345//1345 1337//1337 1343//1343
f 1346//1346 1344//1344 31//31
f 1346//1346 1338//1338 30//30
f 1346//1346 30//30 1344//1344
f 1347//1347 1339//1339 1338//1338
f 1347//1347 1338//1338 1346//1346
f 1348//1348 1339//1339 1347//1347
f 1348//1348 1340//1340 1339//1339
f 1349//1349 1340//1340 1348//1348
f 1349//1349 1341//1341 1340//1340
f 1350//1350 1341//1341 1349//1349
f 1350//1350 1342//1342 1341//1341
f 1351//1351 1342//1342 1350//1350
f 1351//1351 1343//1343 1342//1342
f 1352//1352 31//31 32//32
f 1353//1353 1345//1345 1343//1343
f 1353//1353 968//968 967//967
f 1353//1353 969//969 968//968
f 1353//1353 1343//1343 1351//1351
f 1353//1353 967//967 1345//1345
f 1354//1354 1352//1352 32//32
f 1354//1354 31//31 1352//1352
f 1354//1354 1346//1346 31//31
f 1355//1355 1346//1346 1354//1354
f 1355//1355 1347//1347 1346//1346
f 1356//1356 1348//1348 1347//1347
f 1356//1356 1347//1347 1355//1355
f 1356//1356 1349//1349 1348//1348
f 1357//1357 1349//1349 1356//1356
f 1358//1358 1350//1350 1349//1349
f 1358//1358 1349//1349 1357//1357
f 1359//1359 1350//1350 1358//1358
f 1359//1359 1351//1351 1350//1350
f 1360//1360 32//32 33//33
f 1361//1361 970//970 969//969
f 1361//1361 969//969 1353//1353
f 1361//1361 1353//1353 1351//1351
f 1361//1361 1351//1351 1359//1359
f 1362//1362 1354//1354 32//32
f 1362//1362 32//32 1360//1360
f 1363//1363 1355//1355 1354//1354
f 1363//1363 1354//1354 1362//1362
f 1364//1364 1355//1355 1363//1363
f 1364//1364 1356//1356 1355//1355
f 1365//1365 1357//1357 1356//1356
f 1365//1365 1356//1356 1364//1364
f 1366//1366 1359//1359 1358//1358
f 1366//1366 1358//1358 1357//1357
f 1366//1366 1357//1357 1365//1365
f 1367//1367 1361//1361 1359//1359
f 1367//1367 1359//1359 1366//1366
f 1368//1368 33//33 34//34
f 1368//1368 34//34 35//35
f 1368//1368 1360//1360 33//33
f 1369//1369 970//970 1361//1361
f 1369//1369 1361//1361 1367//1367
f 1370//1370 1362//1362 1360//1360
f 1370//1370 1360//1360 1368//1368
f 1371//1371 1363//1363 1362//1362
f 1371//1371 1362//1362 1370//1370
f 1372//1372 1364//1364 1363//1363
f 1372//1372 1363//1363 1371//1371
f 1373//1373 1365//1365 1364//1364
f 1373//1373 1364//1364 1372//1372
f 1374//1374 1365//1365 1373//1373
f 1374//1374 1366//1366 1365//1365
f 1375//1375 1367//1367 1366//1366
f 1375//1375 1366//1366 1374//1374
f 1376//1376 1368//1368 35//35
f 1377//1377 971//971 970//970
f 1377//1377 970//970 1369//1369
f 1377//1377 1369//1369 1367//1367
f 1377//1377 1367//1367 1375//1375
f 1378//1378 1370//1370 1368//1368
f 1378//1378 1371//1371 1370//1370
f 1378//1378 1368//1368 1376//1376
f 1379//1379 1371//1371 1378//1378
f 1380//1380 1371//1371 1379//1379
f 1380//1380 1372//1372 1371//1371
f 1381//1381 1372//1372 1380//1380
f 1381//1381 1373//1373 1372//1372
f 1382//1382 1373//1373 1381//1381
f 1382//1382 1374//1374 1373//1373
f 1382//1382 1375//1375 1374//1374
f 1383//1383 1375//1375 1382//1382
f 1384//1384 35//35 36//36
f 1384//1384 1376//1376 35//35
f 1385//1385 972//972 971//971
f 1385//1385 1375//1375 1383//1383
f 1385//1385 1383//1383 972//972
f 1385//1385 971//971 1377//1377
f 1385//1385 1377//1377 1375//1375
f 1386//1386 1376//1376 1384//1384
f 1386//1386 1378//1378 1376//1376
f 1387//1387 1379//1379 1378//1378
f 1387//1387 1380//1380 1379//1379
f 1387//1387 1378//1378 1386//1386
f 1388//1388 1380//1380 1387//1387
f 1389//1389 1380//1380 1388//1388
f 1389//1389 1381//1381 1380//1380
f 1390//1390 1382//1382 1381//1381
f 1390//1390 1381//1381 1389//1389
f 1391//1391 1383//1383 1382//1382
f 1391//1391 1382//1382 1390//1390
f 1391//1391 972//972 1383//1383
f 1392//1392 1384//1384 36//36
f 1392//1392 36//36 37//37
f 1392//1392 37//37 38//38
f 1393//1393 973//973 972//972
f 1393//1393 1391//1391 973//973
f 1393//1393 972//972 1391//1391
f 1394//1394 1384//1384 1392//1392
f 1394//1394 1387//1387 1386//1386
f 1394//1394 1386//1386 1384//1384
f 1395//1395 1387//1387 1394//1394
f 1396//1396 1388//1388 1387//1387
f 1396//1396 1389//1389 1388//1388
f 1396//1396 1387//1387 1395//1395
f 1397//1397 1389//1389 1396//1396
f 1398//1398 1390//1390 1389//1389
f 1398//1398 1391//1391 1390//1390
f 1398//1398 1389//1389 1397//1397
f 1399//1399 973//973 1391//1391
f 1399//1399 1391//1391 1398//1398
f 1400//1400 1392//1392 38//38
f 1401//1401 974//974 973//973
f 1401//1401 973//973 1399//1399
f 1401//1401 1399//1399 974//974
f 1402//1402 1394//1394 1392//1392
f 1402//1402 1392//1392 1400//1400
f 1403//1403 1394//1394 1402//1402
f 1403//1403 1395//1395 1394//1394
f 1404//1404 1396//1396 1395//1395
f 1404//1404 1395//1395 1403//1403
f 1405//1405 1397//1397 1396//1396
f 1405//1405 1396//1396 1404//1404
f 1406//1406 1398//1398 1397//1397
f 1406//1406 1397//1397 1405//1405
f 1407//1407 974//974 1399//1399
f 1407//1407 1399//1399 1398//1398
f 1407//1407 1398//1398 1406//1406
f 1408//1408 38//38 39//39
f 1408//1408 1400//1400 38//38
f 1409//1409 975//975 974//974
f 1409//1409 1407//1407 975//975
f 1409//1409 974//974 1407//1407
f 1410//1410 1400//1400 1408//1408
f 1410//1410 1402//1402 1400//1400
f 1411//1411 1403//1403 1402//1402
f 1411//1411 1402//1402 1410//1410
f 1412//1412 1404//1404 1403//1403
f 1412//1412 1405//1405 1404//1404
f 1412//1412 1403//1403 1411//1411
f 1413//1413 1405//1405 1412//1412
f 1414//1414 1406//1406 1405//1405
f 1414//1414 1405//1405 1413//1413
f 1415//1415 1414//1414 976//976
f 1415//1415 1406//1406 1414//1414
f 1415//1415 975//975 1407//1407
f 1415//1415 1407//1407 1406//1406
f 1416//1416 39//39 40//40
f 1416//1416 1408//1408 39//39
f 1416//1416 1410//1410 1408//1408
f 1417//1417 1415//1415 976//976
f 1417//1417 975//975 1415//1415
f 1417//1417 976//976 975//975
f 1418//1418 1410//1410 1416//1416
f 1419//1419 1412//1412 1411//1411
f 1419//1419 1410//1410 1418//1418
f 1419//1419 1411//1411 1410//1410
f 1420//1420 1412//1412 1419//1419
f 1421//1421 1412//1412 1420//1420
f 1421//1421 1413//1413 1412//1412
f 1422//1422 976//976 1414//1414
f 1422//1422 1414//1414 1413//1413
f 1422//1422 1413//1413 1421//1421
f 1423//1423 976//976 1422//1422
f 1423//1423 1422//1422 977//977
f 1424//1424 1416//1416 40//40
f 1424//1424 40//40 41//41
f 1425//1425 977//977 976//976
f 1425//1425 1423//1423 977//977
f 1425//1425 976//976 1423//1423
f 1426//1426 1418//1418 1416//1416
f 1426//1426 1416//1416 1424//1424
f 1427//1427 1418//1418 1426//1426
f 1427//1427 1419//1419 1418//1418
f 1428//1428 1420//1420 1419//1419
f 1428//1428 1421//1421 1420//1420
f 1428//1428 1419//1419 1427//1427
f 1429//1429 1421//1421 1428//1428
f 1430//1430 977//977 1422//1422
f 1430//1430 1422//1422 1421//1421
f 1430//1430 1421//1421 1429//1429
f 1431//1431 1430//1430 978//978
f 1431//1431 977//977 1430//1430
f 1432//1432 1424//1424 41//41
f 1432//1432 41//41 42//42
f 1433//1433 978//978 977//977
f 1433//1433 1431//1431 978//978
f 1433//1433 977//977 1431//1431
f 1434//1434 1424//1424 1432//1432
f 1434//1434 1426//1426 1424//1424
f 1435//1435 42//42 43//43
f 1435//1435 1432//1432 42//42
f 1435//1435 1434//1434 1432//1432
f 1436//1436 1427//1427 1426//1426
f 1436//1436 1426//1426 1434//1434
f 1437//1437 1434//1434 1435//1435
f 1438//1438 1428//1428 1427//1427
f 1438//1438 1427//1427 1436//1436
f 1439//1439 1436//1436 1434//1434
f 1439//1439 1434//1434 1437//1437
f 1440//1440 1429//1429 1428//1428
f 1440//1440 1428//1428 1438//1438
f 1441//1441 1438//1438 1436//1436
f 1441//1441 1436//1436 1439//1439
f 1442//1442 978//978 1430//1430
f 1442//1442 1430//1430 1429//1429
f 1442//1442 1429//1429 1440//1440
f 1443//1443 1440//1440 1438//1438
f 1443//1443 1438//1438 1441//1441
f 1443//1443 1442//1442 1440//1440
f 1444//1444 978//978 1442//1442
f 1445//1445 1435//1435 43//43
f 1446//1446 1442//1442 1443//1443
f 1446//1446 1444//1444 1442//1442
f 1447//1447 979//979 978//978
f 1447//1447 978//978 1444//1444
f 1448//1448 1439//1439 1437//1437
f 1448//1448 1437//1437 1435//1435
f 1448//1448 1435//1435 1445//1445
f 1449//1449 1444//1444 1446//1446
f 1449//1449 1447//1447 1444//1444
f 1450//1450 1439//1439 1448//1448
f 1450//1450 1441//1441 1439//1439
f 1451//1451 1445//1445 43//43
f 1451//1451 43//43 44//44
f 1452//1452 979//979 1447//1447
f 1452//1452 1447//1447 1449//1449
f 1453//1453 1441//1441 1450//1450
f 1454//1454 1448//1448 1445//1445
f 1454//1454 1450//1450 1448//1448
f 1454//1454 1445//1445 1451//1451
f 1455//1455 1446//1446 1443//1443
f 1455//1455 1441//1441 1453//1453
f 1455//1455 1443//1443 1441//1441
f 1456//1456 1453//1453 1450//1450
f 1456//1456 1450//1450 1454//1454
f 1457//1457 1446//1446 1455//1455
f 1458//1458 1453//1453 1456//1456
f 1459//1459 1452//1452 1449//1449
f 1459//1459 1446//1446 1457//1457
f 1459//1459 1449//1449 1446//1446
f 1460//1460 1453//1453 1458//1458
f 1460//1460 1455//1455 1453//1453
f 1460//1460 1457//1457 1455//1455
f 1461//1461 1451//1451 44//44
f 1462//1462 979//979 1452//1452
f 1462//1462 1452//1452 1459//1459
f 1462//1462 980//980 979//979
f 1463//1463 1459//1459 1457//1457
f 1463//1463 1457//1457 1460//1460
f 1464//1464 1451//1451 1461//1461
f 1464//1464 1454//1454 1451//1451
f 1465//1465 1459//1459 1463//1463
f 1465//1465 1462//1462 1459//1459
f 1466//1466 1456//1456 1454//1454
f 1466//1466 1454//1454 1464//1464
f 1467//1467 1461//1461 44//44
f 1467//1467 44//44 45//45
f 1467//1467 1464//1464 1461//1461
f 1468//1468 980//980 1462//1462
f 1468//1468 1462//1462 1465//1465
f 1469//1469 1456//1456 1466//1466
f 1469//1469 1458//1458 1456//1456
f 1470//1470 1464//1464 1467//1467
f 1471//1471 1460//1460 1458//1458
f 1471//1471 1458//1458 1469//1469
f 1472//1472 1469//1469 1466//1466
f 1472//1472 1466//1466 1464//1464
f 1472//1472 1464//1464 1470//1470
f 1473//1473 1463//1463 1460//1460
f 1473//1473 1460//1460 1471//1471
f 1474//1474 1469//1469 1472//1472
f 1475//1475 1465//1465 1463//1463
f 1475//1475 1463//1463 1473//1473
f 1476//1476 1469//1469 1474//1474
f 1476//1476 1471//1471 1469//1469
f 1477//1477 1467//1467 45//45
f 1477//1477 1470//1470 1467//1467
f 1478//1478 981//981 980//980
f 1478//1478 980//980 1468//1468
f 1478//1478 1468//1468 1465//1465
f 1478//1478 1465//1465 1475//1475
f 1479//1479 1473//1473 1471//1471
f 1479//1479 1475//1475 1473//1473
f 1479//1479 1471//1471 1476//1476
f 1480//1480 1472//1472 1470//1470
f 1480//1480 1470//1470 1477//1477
f 1481//1481 1475//1475 1479//1479
f 1481//1481 1478//1478 1475//1475
f 1482//1482 1472//1472 1480//1480
f 1482//1482 1474//1474 1472//1472
f 1483//1483 45//45 46//46
f 1483//1483 1477//1477 45//45
f 1484//1484 1478//1478 1481//1481
f 1484//1484 981//981 1478//1478
f 1485//1485 1474//1474 1482//1482
f 1486//1486 1477//1477 1483//1483
f 1486//1486 1480//1480 1477//1477
f 1487//1487 1479//1479 1476//1476
f 1487//1487 1474//1474 1485//1485
f 1487//1487 1476//1476 1474//1474
f 1488//1488 1480//1480 1486//1486
f 1488//1488 1482//1482 1480//1480
f 1489//1489 1479//1479 1487//1487
f 1489//1489 1481//1481 1479//1479
f 1490//1490 1485//1485 1482//1482
f 1490//1490 1482//1482 1488//1488
f 1491//1491 1481//1481 1489//1489
f 1491//1491 1484//1484 1481//1481
f 1492//1492 1487//1487 1485//1485
f 1492//1492 1485//1485 1490//1490
f 1493//1493 1483//1483 46//46
f 1494//1494 981//981 1484//1484
f 1494//1494 982//982 981//981
f 1494//1494 1484//1484 1491//1491
f 1495//1495 1489//1489 1487//1487
f 1495//1495 1487//1487 1492//1492
f 1496//1496 1486//1486 1483//1483
f 1496//1496 1483//1483 1493//1493
f 1497//1497 1491//1491 1489//1489
f 1497//1497 1489//1489 1495//1495
f 1498//1498 1488//1488 1486//1486
f 1498//1498 1486//1486 1496//1496
f 1499//1499 1493//1493 46//46
f 1499//1499 46//46 47//47
f 1500//1500 982//982 1494//1494
f 1500//1500 1494//1494 1491//1491
f 1500//1500 1491//1491 1497//1497
f 1501//1501 1488//1488 1498//1498
f 1501//1501 1490//1490 1488//1488
f 1502//1502 1496//1496 1493//1493
f 1502//1502 1493//1493 1499//1499
f 1503//1503 1490//1490 1501//1501
f 1503//1503 1492//1492 1490//1490
f 1504//1504 1498//1498 1496//1496
f 1504//1504 1496//1496 1502//1502
f 1505//1505 1495//1495 1492//1492
f 1505//1505 1492//1492 1503//1503
f 1506//1506 1501//1501 1498//1498
f 1506//1506 1498//1498 1504//1504
f 1507//1507 1497//1497 1495//1495
f 1507//1507 1495//1495 1505//1505
f 1508//1508 1499//1499 47//47
f 1508//1508 1502//1502 1499//1499
f 1509//1509 1501//1501 1506//1506
f 1509//1509 1503//1503 1501//1501
f 1510//1510 983//983 982//982
f 1510//1510 982//982 1500//1500
f 1510//1510 1500//1500 1497//1497
f 1510//1510 1497//1497 1507//1507
f 1511//1511 1504//1504 1502//1502
f 1511//1511 1502//1502 1508//1508
f 1512//1512 1505//1505 1503//1503
f 1512//1512 1503//1503 1509//1509
f 1513//1513 1504//1504 1511//1511
f 1514//1514 1507//1507 1505//1505
f 1514//1514 1505//1505 1512//1512
f 1515//1515 47//47 48//48
f 1515//1515 1508//1508 47//47
f 1516//1516 1506//1506 1504//1504
f 1516//1516 1504//1504 1513//1513
f 1517//1517 1507//1507 1514//1514
f 1517//1517 983//983 1510//1510
f 1517//1517 1510//1510 1507//1507
f 1518//1518 1508//1508 1515//1515
f 1518//1518 1511//1511 1508//1508
f 1518//1518 1513//1513 1511//1511
f 1519//1519 1506//1506 1516//1516
f 1519//1519 1509//1509 1506//1506
f 1519//1519 1512//1512 1509//1509
f 1520//1520 1513//1513 1518//1518
f 1520//1520 1516//1516 1513//1513
f 1521//1521 1512//1512 1519//1519
f 1521//1521 1514//1514 1512//1512
f 1522//1522 1516//1516 1520//1520
f 1523//1523 1517//1517 1514//1514
f 1523//1523 1514//1514 1521//1521
f 1524//1524 1515//1515 48//48
f 1525//1525 1519//1519 1516//1516
f 1525//1525 1516//1516 1522//1522
f 1526//1526 1517//1517 1523//1523
f 1526//1526 983//983 1517//1517
f 1526//1526 984//984 983//983
f 1527//1527 1515//1515 1524//1524
f 1527//1527 1518//1518 1515//1515
f 1528//1528 1521//1521 1519//1519
f 1528//1528 1519//1519 1525//1525
f 1529//1529 1518//1518 1527//1527
f 1529//1529 1520//1520 1518//1518
f 1530//1530 1523//1523 1521//1521
f 1530//1530 1521//1521 1528//1528
f 1530//1530 1526//1526 1523//1523
f 1531//1531 1522//1522 1520//1520
f 1531//1531 1520//1520 1529//1529
f 1532//1532 1524//1524 48//48
f 1532//1532 48//48 49//49
f 1533//1533 984//984 1526//1526
f 1533//1533 1526//1526 1530//1530
f 1534//1534 1528//1528 1525//1525
f 1534//1534 1525//1525 1522//1522
f 1534//1534 1522//1522 1531//1531
f 1535//1535 1527//1527 1524//1524
f 1535//1535 1524//1524 1532//1532
f 1536//1536 1528//1528 1534//1534
f 1537//1537 1531//1531 1529//1529
f 1537//1537 1529//1529 1527//1527
f 1537//1537 1527//1527 1535//1535
f 1538//1538 1530//1530 1528//1528
f 1538//1538 1528//1528 1536//1536
f 1539//1539 1531//1531 1537//1537
f 1540//1540 1532//1532 49//49
f 1540//1540 1535//1535 1532//1532
f 1541//1541 985//985 984//984
f 1541//1541 984//984 1533//1533
f 1541//1541 1533//1533 1530//1530
f 1541//1541 1530//1530 1538//1538
f 1542//1542 1534//1534 1531//1531
f 1542//1542 1531//1531 1539//1539
f 1543//1543 1537//1537 1535//1535
f 1543//1543 1535//1535 1540//1540
f 1544//1544 1534//1534 1542//1542
f 1544//1544 1536//1536 1534//1534
f 1544//1544 1538//1538 1536//1536
f 1545//1545 1539//1539 1537//1537
f 1545//1545 1537//1537 1543//1543
f 1546//1546 1541//1541 1538//1538
f 1546//1546 1538//1538 1544//1544
f 1547//1547 1539//1539 1545//1545
f 1548//1548 49//49 50//50
f 1548//1548 1540//1540 49//49
f 1549//1549 1541//1541 1546//1546
f 1549//1549 985//985 1541//1541
f 1550//1550 1539//1539 1547//1547
f 1550//1550 1544//1544 1542//1542
f 1550//1550 1542//1542 1539//1539
f 1551//1551 1540//1540 1548//1548
f 1551//1551 1543//1543 1540//1540
f 1552//1552 1544//1544 1550//1550
f 1552//1552 1546//1546 1544//1544
f 1553//1553 1543//1543 1551//1551
f 1553//1553 1545//1545 1543//1543
f 1554//1554 1549//1549 1546//1546
f 1554//1554 1546//1546 1552//1552
f 1555//1555 1547//1547 1545//1545
f 1555//1555 1545//1545 1553//1553
f 1556//1556 1548//1548 50//50
f 1557//1557 1549//1549 1554//1554
f 1557//1557 986//986 985//985
f 1557//1557 985//985 1549//1549
f 1558//1558 1550//1550 1547//1547
f 1558//1558 1547//1547 1555//1555
f 1559//1559 1553//1553 1551//1551
f 1559//1559 1548//1548 1556//1556
f 1559//1559 1551//1551 1548//1548
f 1560//1560 1552//1552 1550//1550
f 1560//1560 1550//1550 1558//1558
f 1561//1561 1553//1553 1559//1559
f 1562//1562 1554//1554 1552//1552
f 1562//1562 1552//1552 1560//1560
f 1563//1563 1555//1555 1553//1553
f 1563//1563 1553//1553 1561//1561
f 1564//1564 1556//1556 50//50
f 1564//1564 50//50 51//51
f 1565//1565 1554//1554 1562//1562
f 1565//1565 1557//1557 1554//1554
f 1565//1565 986//986 1557//1557
f 1566//1566 1558//1558 1555//1555
f 1566//1566 1555//1555 1563//1563
f 1567//1567 1559//1559 1556//1556
f 1567//1567 1556//1556 1564//1564
f 1568//1568 1560//1560 1558//1558
f 1568//1568 1562//1562 1560//1560
f 1568//1568 1558//1558 1566//1566
f 1569//1569 1561//1561 1559//1559
f 1569//1569 1559//1559 1567//1567
f 1570//1570 1562//1562 1568//1568
f 1571//1571 1563//1563 1561//1561
f 1571//1571 1561//1561 1569//1569
f 1572//1572 1564//1564 51//51
f 1573//1573 987//987 986//986
f 1573//1573 1565//1565 1562//1562
f 1573//1573 986//986 1565//1565
f 1573//1573 1562//1562 1570//1570
f 1574//1574 1566//1566 1563//1563
f 1574//1574 1568//1568 1566//1566
f 1574//1574 1563//1563 1571//1571
f 1575//1575 1567//1567 1564//1564
f 1575//1575 1564//1564 1572//1572
f 1576//1576 1568//1568 1574//1574
f 1577//1577 1569//1569 1567//1567
f 1577//1577 1571//1571 1569//1569
f 1577//1577 1567//1567 1575//1575
f 1578//1578 1570//1570 1568//1568
f 1578//1578 1568//1568 1576//1576
f 1579//1579 1571//1571 1577//1577
f 1580//1580 1572//1572 51//51
f 1580//1580 51//51 52//52
f 1581//1581 1570//1570 1578//1578
f 1581//1581 987//987 1573//1573
f 1581//1581 1573//1573 1570//1570
f 1582//1582 1574//1574 1571//1571
f 1582//1582 1571//1571 1579//1579
f 1583//1583 1575//1575 1572//1572
f 1583//1583 1572//1572 1580//1580
f 1584//1584 1574//1574 1582//1582
f 1584//1584 1576//1576 1574//1574
f 1584//1584 1578//1578 1576//1576
f 1585//1585 1575//1575 1583//1583
f 1585//1585 1577//1577 1575//1575
f 1585//1585 1579//1579 1577//1577
f 1586//1586 1581//1581 1578//1578
f 1586//1586 1578//1578 1584//1584
f 1587//1587 1580//1580 52//52
f 1588//1588 1579//1579 1585//1585
f 1589//1589 988//988 987//987
f 1589//1589 987//987 1581//1581
f 1589//1589 1581//1581 1586//1586
f 1590//1590 1580//1580 1587//1587
f 1590//1590 1583//1583 1580//1580
f 1591//1591 1582//1582 1579//1579
f 1591//1591 1579//1579 1588//1588
f 1592//1592 1585//1585 1583//1583
f 1592//1592 1583//1583 1590//1590
f 1593//1593 1584//1584 1582//1582
f 1593//1593 1586//1586 1584//1584
f 1593//1593 1582//1582 1591//1591
f 1594//1594 1588//1588 1585//1585
f 1594//1594 1585//1585 1592//1592
f 1595//1595 1586//1586 1593//1593
f 1596//1596 1587//1587 52//52
f 1596//1596 1590//1590 1587//1587
f 1596//1596 52//52 53//53
f 1597//1597 1591//1591 1588//1588
f 1597//1597 1588//1588 1594//1594
f 1598//1598 1586//1586 1595//1595
f 1598//1598 1589//1589 1586//1586
f 1598//1598 988//988 1589//1589
f 1599//1599 1590//1590 1596//1596
f 1600//1600 1591//1591 1597//1597
f 1600//1600 1593//1593 1591//1591
f 1601//1601 1590//1590 1599//1599
f 1601//1601 1592//1592 1590//1590
f 1602//1602 1595//1595 1593//1593
f 1602//1602 1593//1593 1600//1600
f 1603//1603 1596//1596 53//53
f 1604//1604 1594//1594 1592//1592
f 1604//1604 1592//1592 1601//1601
f 1605//1605 1598//1598 1595//1595
f 1605//1605 989//989 988//988
f 1605//1605 1595//1595 1602//1602
f 1605//1605 988//988 1598//1598
f 1606//1606 1599//1599 1596//1596
f 1606//1606 1596//1596 1603//1603
f 1607//1607 1597//1597 1594//1594
f 1607//1607 1600//1600 1597//1597
f 1607//1607 1594//1594 1604//1604
f 1608//1608 1601//1601 1599//1599
f 1608//1608 1599//1599 1606//1606
f 1609//1609 1602//1602 1600//1600
f 1609//1609 1600//1600 1607//1607
f 1610//1610 1604//1604 1601//1601
f 1610//1610 1601//1601 1608//1608
f 1611//1611 1602//1602 1609//1609
f 1612//1612 1607//1607 1604//1604
f 1612//1612 1604//1604 1610//1610
f 1613//1613 53//53 54//54
f 1613//1613 1603//1603 53//53
f 1614//1614 989//989 1605//1605
f 1614//1614 1605//1605 1602//1602
f 1614//1614 1602//1602 1611//1611
f 1615//1615 1609//1609 1607//1607
f 1615//1615 1607//1607 1612//1612
f 1616//1616 1606//1606 1603//1603
f 1616//1616 1608//1608 1606//1606
f 1616//1616 1603//1603 1613//1613
f 1617//1617 1609//1609 1615//1615
f 1617//1617 1611//1611 1609//1609
f 1618//1618 1608//1608 1616//1616
f 1618//1618 1610//1610 1608//1608
f 1619//1619 1613//1613 54//54
f 1620//1620 1614//1614 1611//1611
f 1620//1620 1611//1611 1617//1617
f 1620//1620 990//990 989//989
f 1620//1620 989//989 1614//1614
f 1621//1621 1610//1610 1618//1618
f 1622//1622 1613//1613 1619//1619
f 1622//1622 1616//1616 1613//1613
f 1622//1622 1618//1618 1616//1616
f 1623//1623 1610//1610 1621//1621
f 1623//1623 1612//1612 1610//1610
f 1624//1624 1618//1618 1622//1622
f 1625//1625 1615//1615 1612//1612
f 1625//1625 1617//1617 1615//1615
f 1625//1625 1612//1612 1623//1623
f 1626//1626 1618//1618 1624//1624
f 1626//1626 1621//1621 1618//1618
f 1627//1627 1620//1620 1617//1617
f 1627//1627 1617//1617 1625//1625
f 1628//1628 1621//1621 1626//1626
f 1628//1628 1623//1623 1621//1621
f 1628//1628 1625//1625 1623//1623
f 1629//1629 54//54 55//55
f 1629//1629 1619//1619 54//54
f 1630//1630 990//990 1620//1620
f 1630//1630 1620//1620 1627//1627
f 1631//1631 1627//1627 1625//1625
f 1631//1631 1625//1625 1628//1628
f 1632//1632 1619//1619 1629//1629
f 1632//1632 1622//1622 1619//1619
f 1633//1633 1627//1627 1631//1631
f 1634//1634 1624//1624 1622//1622
f 1634//1634 1622//1622 1632//1632
f 1635//1635 1629//1629 55//55
f 1636//1636 991//991 990//990
f 1636//1636 990//990 1630//1630
f 1636//1636 1630//1630 1627//1627
f 1636//1636 1627//1627 1633//1633
f 1637//1637 1626//1626 1624//1624
f 1637//1637 1624//1624 1634//1634
f 1638//1638 1634//1634 1632//1632
f 1638//1638 1632//1632 1629//1629
f 1638//1638 1629//1629 1635//1635
f 1639//1639 1628//1628 1626//1626
f 1639//1639 1626//1626 1637//1637
f 1640//1640 1634//1634 1638//1638
f 1641//1641 1628//1628 1639//1639
f 1641//1641 1631//1631 1628//1628
f 1642//1642 1637//1637 1634//1634
f 1642//1642 1634//1634 1640//1640
f 1643//1643 1633//1633 1631//1631
f 1643//1643 1631//1631 1641//1641
f 1644//1644 1641//1641 1639//1639
f 1644//1644 1639//1639 1637//1637
f 1644//1644 1637//1637 1642//1642
f 1645//1645 55//55 56//56
f 1645//1645 1635//1635 55//55
f 1646//1646 991//991 1636//1636
f 1646//1646 1636//1636 1633//1633
f 1646//1646 1633//1633 1643//1643
f 1647//1647 1641//1641 1644//1644
f 1647//1647 1643//1643 1641//1641
f 1648//1648 1638//1638 1635//1635
f 1648//1648 1635//1635 1645//1645
f 1649//1649 1643//1643 1647//1647
f 1650//1650 1645//1645 56//56
f 1651//1651 1640//1640 1638//1638
f 1651//1651 1642//1642 1640//1640
f 1651//1651 1638//1638 1648//1648
f 1652//1652 992//992 991//991
f 1652//1652 1643//1643 1649//1649
f 1652//1652 991//991 1646//1646
f 1652//1652 1646//1646 1643//1643
f 1653//1653 1645//1645 1650//1650
f 1653//1653 1648//1648 1645//1645
f 1653//1653 1651//1651 1648//1648
f 1654//1654 1642//1642 1651//1651
f 1655//1655 1651//1651 1653//1653
f 1656//1656 1642//1642 1654//1654
f 1656//1656 1644//1644 1642//1642
f 1657//1657 1654//1654 1651//1651
f 1657//1657 1656//1656 1654//1654
f 1657//1657 1651//1651 1655//1655
f 1658//1658 1644//1644 1656//1656
f 1658//1658 1647//1647 1644//1644
f 1659//1659 1656//1656 1657//1657
f 1660//1660 1647//1647 1658//1658
f 1660//1660 1649//1649 1647//1647
f 1661//1661 56//56 57//57
f 1661//1661 1650//1650 56//56
f 1662//1662 1660//1660 1658//1658
f 1662//1662 1658//1658 1656//1656
f 1662//1662 1656//1656 1659//1659
f 1663//1663 1652//1652 1649//1649
f 1663//1663 992//992 1652//1652
f 1663//1663 1649//1649 1660//1660
f 1664//1664 1650//1650 1661//1661
f 1664//1664 1653//1653 1650//1650
f 1665//1665 1660//1660 1662//1662
f 1665//1665 1663//1663 1660//1660
f 1666//1666 1661//1661 57//57
f 1667//1667 1655//1655 1653//1653
f 1667//1667 1653//1653 1664//1664
f 1668//1668 993//993 992//992
f 1668//1668 992//992 1663//1663
f 1668//1668 1663//1663 1665//1665
f 1669//1669 1664//1664 1661//1661
f 1669//1669 1667//1667 1664//1664
f 1669//1669 1661//1661 1666//1666
f 1670//1670 1657//1657 1655//1655
f 1670//1670 1655//1655 1667//1667
f 1671//1671 1667//1667 1669//1669
f 1672//1672 1657//1657 1670//1670
f 1672//1672 1659//1659 1657//1657
f 1672//1672 1662//1662 1659//1659
f 1673//1673 1670//1670 1667//1667
f 1673//1673 1667//1667 1671//1671
f 1674//1674 1662//1662 1672//1672
f 1675//1675 1670//1670 1673//1673
f 1675//1675 1672//1672 1670//1670
f 1676//1676 1665//1665 1662//1662
f 1676//1676 1662//1662 1674//1674
f 1677//1677 1676//1676 1674//1674
f 1677//1677 1674//1674 1672//1672
f 1677//1677 1672//1672 1675//1675
f 1678//1678 1666//1666 57//57
f 1678//1678 57//57 58//58
f 1678//1678 1669//1669 1666//1666
f 1679//1679 1665//1665 1676//1676
f 1679//1679 993//993 1668//1668
f 1679//1679 1668//1668 1665//1665
f 1680//1680 1676//1676 1677//1677
f 1680//1680 1679//1679 1676//1676
f 1681//1681 1678//1678 58//58
f 1681//1681 1669//1669 1678//1678
f 1682//1682 994//994 993//993
f 1682//1682 993//993 1679//1679
f 1682//1682 1679//1679 1680//1680
f 1683//1683 1671//1671 1669//1669
f 1683//1683 1673//1673 1671//1671
f 1683//1683 1681//1681 58//58
f 1683//1683 1669//1669 1681//1681
f 1684//1684 1673//1673 1683//1683
f 1685//1685 1673//1673 1684//1684
f 1685//1685 1675//1675 1673//1673
f 1685//1685 1677//1677 1675//1675
f 1686//1686 1677//1677 1685//1685
f 1687//1687 1677//1677 1686//1686
f 1687//1687 1680//1680 1677//1677
f 1688//1688 58//58 59//59
f 1689//1689 1682//1682 1680//1680
f 1689//1689 1680//1680 1687//1687
f 1689//1689 994//994 1682//1682
f 1690//1690 58//58 1688//1688
f 1690//1690 1688//1688 59//59
f 1691//1691 1683//1683 58//58
f 1691//1691 58//58 1690//1690
f 1691//1691 1690//1690 59//59
f 1692//1692 1683//1683 1691//1691
f 1692//1692 1684//1684 1683//1683
f 1693//1693 1685//1685 1684//1684
f 1693//1693 1684//1684 1692//1692
f 1694//1694 1686//1686 1685//1685
f 1694//1694 1685//1685 1693//1693
f 1695//1695 1686//1686 1694//1694
f 1695//1695 1687//1687 1686//1686
f 1696//1696 59//59 60//60
f 1697//1697 1689//1689 1687//1687
f 1697//1697 994//994 1689//1689
f 1697//1697 995//995 994//994
f 1697//1697 1687//1687 1695//1695
f 1698//1698 59//59 1696//1696
f 1698//1698 1696//1696 60//60
f 1699//1699 1691//1691 59//59
f 1699//1699 59//59 1698//1698
f 1699//1699 1698//1698 60//60
f 1700//1700 1692//1692 1691//1691
f 1700//1700 1691//1691 1699//1699
f 1701//1701 1693//1693 1692//1692
f 1701//1701 1692//1692 1700//1700
f 1702//1702 1694//1694 1693//1693
f 1702//1702 1693//1693 1701//1701
f 1703//1703 1695//1695 1694//1694
f 1703//1703 1694//1694 1702//1702
f 1704//1704 60//60 61//61
f 1705//1705 996//996 995//995
f 1705//1705 995//995 1697//1697
f 1705//1705 1697//1697 1695//1695
f 1705//1705 1695//1695 1703//1703
f 1706//1706 1704//1704 61//61
f 1706//1706 60//60 1704//1704
f 1707//1707 1699//1699 60//60
f 1707//1707 60//60 1706//1706
f 1708//1708 1701//1701 1700//1700
f 1708//1708 1700//1700 1699//1699
f 1708//1708 1699//1699 1707//1707
f 1709//1709 1701//1701 1708//1708
f 1709//1709 1702//1702 1701//1701
f 1710//1710 1702//1702 1709//1709
f 1711//1711 1703//1703 1702//1702
f 1711//1711 1702//1702 1710//1710
f 1712//1712 61//61 62//62
f 1713//1713 997//997 996//996
f 1713//1713 996//996 1705//1705
f 1713//1713 1705//1705 1703//1703
f 1713//1713 1703//1703 1711//1711
f 1714//1714 1706//1706 61//61
f 1714//1714 61//61 1712//1712
f 1714//1714 1712//1712 62//62
f 1715//1715 1707//1707 1706//1706
f 1715//1715 1706//1706 1714//1714
f 1715//1715 1708//1708 1707//1707
f 1716//1716 1708//1708 1715//1715
f 1717//1717 1708//1708 1716//1716
f 1717//1717 1709//1709 1708//1708
f 1718//1718 1709//1709 1717//1717
f 1718//1718 1710//1710 1709//1709
f 1719//1719 1710//1710 1718//1718
f 1719//1719 1711//1711 1710//1710
f 1719//1719 1713//1713 1711//1711
f 1720//1720 62//62 63//63
f 1721//1721 1713//1713 1719//1719
f 1721//1721 998//998 997//997
f 1721//1721 997//997 1713//1713
f 1722//1722 1714//1714 62//62
f 1722//1722 1720//1720 63//63
f 1722//1722 62//62 1720//1720
f 1722//1722 1715//1715 1714//1714
f 1723//1723 1715//1715 1722//1722
f 1724//1724 1716//1716 1715//1715
f 1724//1724 1715//1715 1723//1723
f 1725//1725 1717//1717 1716//1716
f 1725//1725 1718//1718 1717//1717
f 1725//1725 1716//1716 1724//1724
f 1726//1726 1718//1718 1725//1725
f 1727//1727 1718//1718 1726//1726
f 1727//1727 1719//1719 1718//1718
f 1728//1728 64//64 932//932
f 1728//1728 63//63 64//64
f 1728//1728 932//932 933//933
f 1729//1729 1721//1721 1719//1719
f 1729//1729 998//998 1721//1721
f 1729//1729 1719//1719 1727//1727
f 1729//1729 999//999 998//998
f 1730//1730 63//63 1728//1728
f 1730//1730 1722//1722 63//63
f 1730//1730 1728//1728 933//933
f 1731//1731 1722//1722 1730//1730
f 1731//1731 1730//1730 933//933
f 1731//1731 933//933 934//934
f 1731//1731 934//934 935//935
f 1731//1731 1723//1723 1722//1722
f 1732//1732 1724//1724 1723//1723
f 1732//1732 1723//1723 1731//1731
f 1732//1732 1731//1731 935//935
f 1733//1733 1724//1724 1732//1732
f 1733//1733 1725//1725 1724//1724
f 1733//1733 1726//1726 1725//1725
f 1733//1733 1732//1732 935//935
f 1733//1733 935//935 936//936
f 1734//1734 1726//1726 1733//1733
f 1734//1734 1733//1733 936//936
f 1734//1734 936//936 937//937
f 1735//1735 1727//1727 1726//1726
f 1735//1735 1726//1726 1734//1734
f 1735//1735 1734//1734 937//937
f 1735//1735 937//937 938//938
f 1735//1735 938//938 939//939
f 1736//1736 1727//1727 1735//1735
f 1736//1736 939//939 1000//1000
f 1736//1736 1000//1000 999//999
f 1736//1736 1729//1729 1727//1727
f 1736//1736 999//999 1729//1729
f 1736//1736 1735//1735 939//939
f 171//171 173//173 172//172
f 171//171 174//174 173//173
f 171//171 175//175 174//174
f 176//176 175//175 171//171
f 178//178 177//177 176//176
f 178//178 176//176 171//171
f 168//168 170//170 169//169
f 168//168 171//171 170//170
f 167//167 171//171 168//168
f 180//180 179//179 178//178
f 164//164 166//166 165//165
f 164//164 167//167 166//166
f 183//183 181//181 180//180
f 183//183 182//182 181//181
f 161//161 163//163 162//162
f 161//161 164//164 163//163
f 188//188 186//186 185//185
f 188//188 187//187 186//186
f 157//157 159//159 158//158
f 156//156 164//164 161//161
f 156//156 159//159 157//157
f 156//156 160//160 159//159
f 156//156 161//161 160//160
f 156//156 167//167 164//164
f 156//156 178//178 171//171
f 156//156 171//171 167//167
f 191//191 190//190 189//189
f 192//192 191//191 189//189
f 192//192 189//189 188//188
f 154//154 156//156 155//155
f 153//153 156//156 154//154
f 152//152 178//178 156//156
f 152//152 156//156 153//153
f 152//152 184//184 183//183
f 152//152 183//183 180//180
f 152//152 180//180 178//178
f 151//151 188//188 185//185
f 151//151 192//192 188//188
f 151//151 184//184 152//152
f 151//151 185//185 184//184
f 151//151 193//193 192//192
f 151//151 194//194 193//193
f 151//151 195//195 194//194
f 148//148 150//150 149//149
f 148//148 151//151 150//150
f 147//147 136//136 135//135
f 147//147 137//137 136//136
f 147//147 195//195 151//151
f 147//147 135//135 195//195
f 147//147 151//151 148//148
f 145//145 147//147 146//146
f 145//145 137//137 147//147
f 141//141 139//139 138//138
f 141//141 140//140 139//139
f 142//142 138//138 137//137
f 142//142 141//141 138//138
f 143//143 145//145 144//144
f 143//143 137//137 145//145
f 143//143 142//142 137//137
f 976//976 977//977 978//978
f 976//976 978//978 979//979
f 976//976 979//979 980//980
f 981//981 976//976 980//980
f 983//983 981//981 982//982
f 983//983 976//976 981//981
f 973//973 974//974 975//975
f 973//973 975//975 976//976
f 972//972 973//973 976//976
f 985//985 983//983 984//984
f 969//969 970//970 971//971
f 969//969 971//971 972//972
f 988//988 985//985 986//986
f 988//988 986//986 987//987
f 966//966 967//967 968//968
f 966//966 968//968 969//969
f 993//993 990//990 991//991
f 993//993 991//991 992//992
f 962//962 963//963 964//964
f 961//961 966//966 969//969
f 961//961 962//962 964//964
f 961//961 964//964 965//965
f 961//961 965//965 966//966
f 961//961 969//969 972//972
f 961//961 976//976 983//983
f 961//961 972//972 976//976
f 996//996 994//994 995//995
f 997//997 994//994 996//996
f 997//997 993//993 994//994
f 959//959 960//960 961//961
f 958//958 959//959 961//961
f 957//957 961//961 983//983
f 957//957 958//958 961//961
f 957//957 988//988 989//989
f 957//957 985//985 988//988
f 957//957 983//983 985//985
f 956//956 990//990 993//993
f 956//956 993//993 997//997
f 956//956 957//957 989//989
f 956//956 989//989 990//990
f 956//956 997//997 998//998
f 956//956 998//998 999//999
f 956//956 999//999 1000//1000
f 953//953 954//954 955//955
f 953//953 955//955 956//956
f 952//952 940//940 941//941
f 952//952 941//941 942//942
f 952//952 956//956 1000//1000
f 952//952 1000//1000 940//940
f 952//952 953//953 956//956
f 950//950 951//951 952//952
f 950//950 952//952 942//942
f 946//946 943//943 944//944
f 946//946 944//944 945//945
f 947//947 942//942 943//943
f 947//947 943//943 946//946
f 948//948 949//949 950//950
f 948//948 950//950 942//942
f 948//948 942//942 947//947
o bearing_boss
usemtl PLA_3f3f44
v 0.00500 0.03200 0.00000
v 0.00494 0.03200 -0.00076
v 0.00477 0.03200 -0.00151
v 0.00448 0.03200 -0.00222
v 0.00409 0.03200 -0.00288
v 0.00360 0.03200 -0.00347
v 0.00303 0.03200 -0.00398
v 0.00239 0.03200 -0.00439
v 0.00169 0.03200 -0.00471
v 0.00095 0.03200 -0.00491
v 0.00019 0.03200 -0.00500
v -0.00057 0.03200 -0.00497
v -0.00132 0.03200 -0.00482
v -0.00205 0.03200 -0.00456
v -0.00272 0.03200 -0.00420
v -0.00333 0.03200 -0.00373
v -0.00386 0.03200 -0.00318
v -0.00430 0.03200 -0.00256
v -0.00464 0.03200 -0.00187
v -0.00487 0.03200 -0.00114
v -0.00499 0.03200 -0.00038
v -0.00499 0.03200 0.00038
v -0.00487 0.03200 0.00114
v -0.00464 0.03200 0.00187
v -0.00430 0.03200 0.00256
v -0.00386 0.03200 0.00318
v -0.00333 0.03200 0.00373
v -0.00272 0.03200 0.00420
v -0.00205 0.03200 0.00456
v -0.00132 0.03200 0.00482
v -0.00057 0.03200 0.00497
v 0.00019 0.03200 0.00500
v 0.00095 0.03200 0.00491
v 0.00169 0.03200 0.00471
v 0.00239 0.03200 0.00439
v 0.00303 0.03200 0.00398
v 0.00360 0.03200 0.00347
v 0.00409 0.03200 0.00288
v 0.00448 0.03200 0.00222
v 0.00477 0.03200 0.00151
v 0.00494 0.03200 0.00076
v 0.00500 0.03000 0.00000
v 0.00494 0.03000 -0.00076
v 0.00477 0.03000 -0.00151
v 0.00448 0.03000 -0.00222
v 0.00409 0.03000 -0.00288
v 0.00360 0.03000 -0.00347
v 0.00303 0.03000 -0.00398
v 0.00239 0.03000 -0.00439
v 0.00169 0.03000 -0.00471
v 0.00095 0.03000 -0.00491
v 0.00019 0.03000 -0.00500
v -0.00057 0.03000 -0.00497
v -0.00132 0.03000 -0.00482
v -0.00205 0.03000 -0.00456
v -0.00272 0.03000 -0.00420
v -0.00333 0.03000 -0.00373
v -0.00386 0.03000 -0.00318
v -0.00430 0.03000 -0.00256
v -0.00464 0.03000 -0.00187
v -0.00487 0.03000 -0.00114
v -0.00499 0.03000 -0.00038
v -0.00499 0.03000 0.00038
v -0.00487 0.03000 0.00114
v -0.00464 0.03000 0.00187
v -0.00430 0.03000 0.00256
v -0.00386 0.03000 0.00318
v -0.00333 0.03000 0.00373
v -0.00272 0.03000 0.00420
v -0.00205 0.03000 0.00456
v -0.00132 0.03000 0.00482
v -0.00057 0.03000 0.00497
v 0.00019 0.03000 0.00500
v 0.00095 0.03000 0.00491
v 0.00169 0.03000 0.00471
v 0.00239 0.03000 0.00439
v 0.00303 0.03000 0.00398
v 0.00360 0.03000 0.00347
v 0.00409 0.03000 0.00288
v 0.00448 0.03000 0.00222
v 0.00477 0.03000 0.00151
v 0.00494 0.03000 0.00076
vn 1.0000 -0.0000 -0.0000
vn 0.9883 -0.0000 -0.1526
vn 0.9534 -0.0000 -0.3017
vn 0.8962 -0.0000 -0.4437
vn 0.8179 -0.0000 -0.5753
vn 0.7205 -0.0000 -0.6934
vn 0.6062 -0.0000 -0.7953
vn 0.4777 -0.0000 -0.8785
vn 0.3380 -0.0000 -0.9411
vn 0.1904 -0.0000 -0.9817
vn 0.0383 -0.0000 -0.9993
vn -0.1147 0.0000 -0.9934
vn -0.2650 0.0000 -0.9643
vn -0.4091 0.0000 -0.9125
vn -0.5436 0.0000 -0.8394
vn -0.6653 0.0000 -0.7466
vn -0.7715 0.0000 -0.6362
vn -0.8596 0.0000 -0.5110
vn -0.9275 0.0000 -0.3738
vn -0.9737 0.0000 -0.2279
vn -0.9971 0.0000 -0.0765
vn -0.9971 0.0000 0.0765
vn -0.9737 0.0000 0.2279
vn -0.9275 0.0000 0.3738
vn -0.8596 0.0000 0.5110
vn -0.7715 0.0000 0.6362
vn -0.6653 0.0000 0.7466
vn -0.5436 0.0000 0.8394
vn -0.4091 0.0000 0.9125
vn -0.2650 0.0000 0.9643
vn -0.1147 0.0000 0.9934
vn 0.0383 0.0000 0.9993
vn 0.1904 0.0000 0.9817
vn 0.3380 0.0000 0.9411
vn 0.4777 0.0000 0.8785
vn 0.6062 0.0000 0.7953
vn 0.7205 0.0000 0.6934
vn 0.8179 0.0000 0.5753
vn 0.8962 0.0000 0.4437
vn 0.9534 0.0000 0.3017
vn 0.9883 0.0000 0.1526
vn 1.0000 -0.0000 -0.0000
vn 0.9883 -0.0000 -0.1526
vn 0.9534 -0.0000 -0.3017
vn 0.8962 -0.0000 -0.4437
vn 0.8179 -0.0000 -0.5753
vn 0.7205 -0.0000 -0.6934
vn 0.6062 -0.0000 -0.7953
vn 0.4777 -0.0000 -0.8785
vn 0.3380 -0.0000 -0.9411
vn 0.1904 -0.0000 -0.9817
vn 0.0383 -0.0000 -0.9993
vn -0.1147 0.0000 -0.9934
vn -0.2650 0.0000 -0.9643
vn -0.4091 0.0000 -0.9125
vn -0.5436 0.0000 -0.8394
vn -0.6653 0.0000 -0.7466
vn -0.7715 0.0000 -0.6362
vn -0.8596 0.0000 -0.5110
vn -0.9275 0.0000 -0.3738
vn -0.9737 0.0000 -0.2279
vn -0.9971 0.0000 -0.0765
vn -0.9971 0.0000 0.0765
vn -0.9737 0.0000 0.2279
vn -0.9275 0.0000 0.3738
vn -0.8596 0.0000 0.5110
vn -0.7715 0.0000 0.6362
vn -0.6653 0.0000 0.7466
vn -0.5436 0.0000 0.8394
vn -0.4091 0.0000 0.9125
vn -0.2650 0.0000 0.9643
vn -0.1147 0.0000 0.9934
vn 0.0383 0.0000 0.9993
vn 0.1904 0.0000 0.9817
vn 0.3380 0.0000 0.9411
vn 0.4777 0.0000 0.8785
vn 0.6062 0.0000 0.7953
vn 0.7205 0.0000 0.6934
vn 0.8179 0.0000 0.5753
vn 0.8962 0.0000 0.4437
vn 0.9534 0.0000 0.3017
vn 0.9883 0.0000 0.1526
f 1738//1738 1737//1737 1778//1778
f 1738//1738 1778//1778 1779//1779
f 1739//1739 1779//1779 1780//1780
f 1739//1739 1738//1738 1779//1779
f 1740//1740 1780//1780 1781//1781
f 1740//1740 1739//1739 1780//1780
f 1741//1741 1740//1740 1781//1781
f 1741//1741 1781//1781 1782//1782
f 1742//1742 1741//1741 1782//1782
f 1742//1742 1782//1782 1783//1783
f 1743//1743 1742//1742 1783//1783
f 1743//1743 1783//1783 1784//1784
f 1744//1744 1743//1743 1784//1784
f 1744//1744 1784//1784 1785//1785
f 1745//1745 1744//1744 1785//1785
f 1745//1745 1785//1785 1786//1786
f 1746//1746 1745//1745 1786//1786
f 1746//1746 1786//1786 1787//1787
f 1746//1746 1787//1787 1788//1788
f 1747//1747 1746//1746 1788//1788
f 1748//1748 1747//1747 1788//1788
f 1748//1748 1788//1788 1789//1789
f 1749//1749 1748//1748 1789//1789
f 1749//1749 1789//1789 1790//1790
f 1750//1750 1749//1749 1790//1790
f 1750//1750 1790//1790 1791//1791
f 1751//1751 1750//1750 1791//1791
f 1751//1751 1791//1791 1792//1792
f 1752//1752 1751//1751 1792//1792
f 1752//1752 1792//1792 1793//1793
f 1752//1752 1793//1793 1794//1794
f 1753//1753 1752//1752 1794//1794
f 1754//1754 1753//1753 1794//1794
f 1754//1754 1794//1794 1795//1795
f 1754//1754 1795//1795 1796//1796
f 1755//1755 1754//1754 1796//1796
f 1756//1756 1755//1755 1796//1796
f 1756//1756 1796//1796 1797//1797
f 1757//1757 1797//1797 1798//1798
f 1757//1757 1798//1798 1799//1799
f 1757//1757 1756//1756 1797//1797
f 1758//1758 1757//1757 1799//1799
f 1759//1759 1799//1799 1800//1800
f 1759//1759 1800//1800 1801//1801
f 1759//1759 1758//1758 1799//1799
f 1760//1760 1759//1759 1801//1801
f 1761//1761 1801//1801 1802//1802
f 1761//1761 1802//1802 1803//1803
f 1761//1761 1760//1760 1801//1801
f 1762//1762 1803//1803 1804//1804
f 1762//1762 1761//1761 1803//1803
f 1763//1763 1762//1762 1804//1804
f 1764//1764 1804//1804 1805//1805
f 1764//1764 1763//1763 1804//1804
f 1765//1765 1805//1805 1806//1806
f 1765//1765 1806//1806 1807//1807
f 1765//1765 1764//1764 1805//1805
f 1766//1766 1807//1807 1808//1808
f 1766//1766 1765//1765 1807//1807
f 1767//1767 1766//1766 1808//1808
f 1768//1768 1767//1767 1808//1808
f 1768//1768 1808//1808 1809//1809
f 1769//1769 1768//1768 1809//1809
f 1769//1769 1809//1809 1810//1810
f 1769//1769 1810//1810 1811//1811
f 1770//1770 1769//1769 1811//1811
f 1771//1771 1770//1770 1811//1811
f 1771//1771 1811//1811 1812//1812
f 1772//1772 1771//1771 1812//1812
f 1772//1772 1812//1812 1813//1813
f 1772//1772 1813//1813 1814//1814
f 1773//1773 1772//1772 1814//1814
f 1774//1774 1773//1773 1814//1814
f 1774//1774 1814//1814 1815//1815
f 1775//1775 1774//1774 1815//1815
f 1775//1775 1815//1815 1816//1816
f 1775//1775 1816//1816 1817//1817
f 1776//1776 1775//1775 1817//1817
f 1777//1777 1776//1776 1817//1817
f 1777//1777 1817//1817 1818//1818
f 1737//1737 1777//1777 1818//1818
f 1737//1737 1818//1818 1778//1778
f 1760//1760 1761//1761 1762//1762
f 1760//1760 1762//1762 1763//1763
f 1766//1766 1764//1764 1765//1765
f 1758//1758 1759//1759 1760//1760
f 1768//1768 1766//1766 1767//1767
f 1769//1769 1766//1766 1768//1768
f 1769//1769 1764//1764 1766//1766
f 1756//1756 1757//1757 1758//1758
f 1756//1756 1763//1763 1764//1764
f 1756//1756 1758//1758 1760//1760
f 1756//1756 1760//1760 1763//1763
f 1752//1752 1753//1753 1754//1754
f 1774//1774 1772//1772 1773//1773
f 1775//1775 1771//1771 1772//1772
f 1775//1775 1772//1772 1774//1774
f 1750//1750 1751//1751 1752//1752
f 1750//1750 1754//1754 1755//1755
f 1750//1750 1755//1755 1756//1756
f 1750//1750 1756//1756 1764//1764
f 1750//1750 1752//1752 1754//1754
f 1776//1776 1770//1770 1771//1771
f 1776//1776 1771//1771 1775//1775
f 1748//1748 1749//1749 1750//1750
f 1747//1747 1748//1748 1750//1750
f 1746//1746 1747//1747 1750//1750
f 1746//1746 1769//1769 1770//1770
f 1746//1746 1764//1764 1769//1769
f 1746//1746 1750//1750 1764//1764
f 1740//1740 1737//1737 1738//1738
f 1740//1740 1738//1738 1739//1739
f 1744//1744 1745//1745 1746//1746
f 1741//1741 1737//1737 1740//1740
f 1742//1742 1743//1743 1744//1744
f 1742//1742 1744//1744 1746//1746
f 1742//1742 1737//1737 1741//1741
f 1742//1742 1776//1776 1777//1777
f 1742//1742 1777//1777 1737//1737
f 1742//1742 1746//1746 1770//1770
f 1742//1742 1770//1770 1776//1776
f 1801//1801 1803//1803 1802//1802
f 1801//1801 1804//1804 1803//1803
f 1807//1807 1806//1806 1805//1805
f 1799//1799 1801//1801 1800//1800
f 1809//1809 1808//1808 1807//1807
f 1810//1810 1809//1809 1807//1807
f 1810//1810 1807//1807 1805//1805
f 1797//1797 1799//1799 1798//1798
f 1797//1797 1805//1805 1804//1804
f 1797//1797 1801//1801 1799//1799
f 1797//1797 1804//1804 1801//1801
f 1793//1793 1795//1795 1794//1794
f 1815//1815 1814//1814 1813//1813
f 1816//1816 1813//1813 1812//1812
f 1816//1816 1815//1815 1813//1813
f 1791//1791 1793//1793 1792//1792
f 1791//1791 1796//1796 1795//1795
f 1791//1791 1797//1797 1796//1796
f 1791//1791 1805//1805 1797//1797
f 1791//1791 1795//1795 1793//1793
f 1817//1817 1812//1812 1811//1811
f 1817//1817 1816//1816 1812//1812
f 1789//1789 1791//1791 1790//1790
f 1788//1788 1791//1791 1789//1789
f 1787//1787 1791//1791 1788//1788
f 1787//1787 1811//1811 1810//1810
f 1787//1787 1810//1810 1805//1805
f 1787//1787 1805//1805 1791//1791
f 1781//1781 1779//1779 1778//1778
f 1781//1781 1780//1780 1779//1779
f 1785//1785 1787//1787 1786//1786
f 1782//1782 1781//1781 1778//1778
f 1783//1783 1785//1785 1784//1784
f 1783//1783 1787//1787 1785//1785
f 1783//1783 1782//1782 1778//1778
f 1783//1783 1818//1818 1817//1817
f 1783//1783 1778//1778 1818//1818
f 1783//1783 1811//1811 1787//1787
f 1783//1783 1817//1817 1811//1811
o shaft
usemtl PLA_c6c9cc
v 0.00100 0.04100 0.00000
v 0.00098 0.04100 -0.00017
v 0.00094 0.04100 -0.00034
v 0.00087 0.04100 -0.00050
v 0.00077 0.04100 -0.00064
v 0.00064 0.04100 -0.00077
v 0.00050 0.04100 -0.00087
v 0.00034 0.04100 -0.00094
v 0.00017 0.04100 -0.00098
v 0.00000 0.04100 -0.00100
v -0.00017 0.04100 -0.00098
v -0.00034 0.04100 -0.00094
v -0.00050 0.04100 -0.00087
v -0.00064 0.04100 -0.00077
v -0.00077 0.04100 -0.00064
v -0.00087 0.04100 -0.00050
v -0.00094 0.04100 -0.00034
v -0.00098 0.04100 -0.00017
v -0.00100 0.04100 -0.00000
v -0.00098 0.04100 0.00017
v -0.00094 0.04100 0.00034
v -0.00087 0.04100 0.00050
v -0.00077 0.04100 0.00064
v -0.00064 0.04100 0.00077
v -0.00050 0.04100 0.00087
v -0.00034 0.04100 0.00094
v -0.00017 0.04100 0.00098
v -0.00000 0.04100 0.00100
v 0.00017 0.04100 0.00098
v 0.00034 0.04100 0.00094
v 0.00050 0.04100 0.00087
v 0.00064 0.04100 0.00077
v 0.00077 0.04100 0.00064
v 0.00087 0.04100 0.00050
v 0.00094 0.04100 0.00034
v 0.00098 0.04100 0.00017
v 0.00100 0.03200 0.00000
v 0.00098 0.03200 -0.00017
v 0.00094 0.03200 -0.00034
v 0.00087 0.03200 -0.00050
v 0.00077 0.03200 -0.00064
v 0.00064 0.03200 -0.00077
v 0.00050 0.03200 -0.00087
v 0.00034 0.03200 -0.00094
v 0.00017 0.03200 -0.00098
v 0.00000 0.03200 -0.00100
v -0.00017 0.03200 -0.00098
v -0.00034 0.03200 -0.00094
v -0.00050 0.03200 -0.00087
v -0.00064 0.03200 -0.00077
v -0.00077 0.03200 -0.00064
v -0.00087 0.03200 -0.00050
v -0.00094 0.03200 -0.00034
v -0.00098 0.03200 -0.00017
v -0.00100 0.03200 -0.00000
v -0.00098 0.03200 0.00017
v -0.00094 0.03200 0.00034
v -0.00087 0.03200 0.00050
v -0.00077 0.03200 0.00064
v -0.00064 0.03200 0.00077
v -0.00050 0.03200 0.00087
v -0.00034 0.03200 0.00094
v -0.00017 0.03200 0.00098
v -0.00000 0.03200 0.00100
v 0.00017 0.03200 0.00098
v 0.00034 0.03200 0.00094
v 0.00050 0.03200 0.00087
v 0.00064 0.03200 0.00077
v 0.00077 0.03200 0.00064
v 0.00087 0.03200 0.00050
v 0.00094 0.03200 0.00034
v 0.00098 0.03200 0.00017
vn 1.0000 -0.0000 -0.0000
vn 0.9848 -0.0000 -0.1736
vn 0.9397 -0.0000 -0.3420
vn 0.8660 -0.0000 -0.5000
vn 0.7660 -0.0000 -0.6428
vn 0.6428 -0.0000 -0.7660
vn 0.5000 -0.0000 -0.8660
vn 0.3420 -0.0000 -0.9397
vn 0.1736 -0.0000 -0.9848
vn 0.0000 -0.0000 -1.0000
vn -0.1736 0.0000 -0.9848
vn -0.3420 0.0000 -0.9397
vn -0.5000 0.0000 -0.8660
vn -0.6428 0.0000 -0.7660
vn -0.7660 0.0000 -0.6428
vn -0.8660 0.0000 -0.5000
vn -0.9397 0.0000 -0.3420
vn -0.9848 0.0000 -0.1736
vn -1.0000 0.0000 -0.0000
vn -0.9848 0.0000 0.1736
vn -0.9397 0.0000 0.3420
vn -0.8660 0.0000 0.5000
vn -0.7660 0.0000 0.6428
vn -0.6428 0.0000 0.7660
vn -0.5000 0.0000 0.8660
vn -0.3420 0.0000 0.9397
vn -0.1736 0.0000 0.9848
vn -0.0000 0.0000 1.0000
vn 0.1736 0.0000 0.9848
vn 0.3420 0.0000 0.9397
vn 0.5000 0.0000 0.8660
vn 0.6428 0.0000 0.7660
vn 0.7660 0.0000 0.6428
vn 0.8660 0.0000 0.5000
vn 0.9397 0.0000 0.3420
vn 0.9848 0.0000 0.1736
vn 1.0000 -0.0000 -0.0000
vn 0.9848 -0.0000 -0.1736
vn 0.9397 -0.0000 -0.3420
vn 0.8660 -0.0000 -0.5000
vn 0.7660 -0.0000 -0.6428
vn 0.6428 -0.0000 -0.7660
vn 0.5000 -0.0000 -0.8660
vn 0.3420 -0.0000 -0.9397
vn 0.1736 -0.0000 -0.9848
vn 0.0000 -0.0000 -1.0000
vn -0.1736 0.0000 -0.9848
vn -0.3420 0.0000 -0.9397
vn -0.5000 0.0000 -0.8660
vn -0.6428 0.0000 -0.7660
vn -0.7660 0.0000 -0.6428
vn -0.8660 0.0000 -0.5000
vn -0.9397 0.0000 -0.3420
vn -0.9848 0.0000 -0.1736
vn -1.0000 0.0000 -0.0000
vn -0.9848 0.0000 0.1736
vn -0.9397 0.0000 0.3420
vn -0.8660 0.0000 0.5000
vn -0.7660 0.0000 0.6428
vn -0.6428 0.0000 0.7660
vn -0.5000 0.0000 0.8660
vn -0.3420 0.0000 0.9397
vn -0.1736 0.0000 0.9848
vn -0.0000 0.0000 1.0000
vn 0.1736 0.0000 0.9848
vn 0.3420 0.0000 0.9397
vn 0.5000 0.0000 0.8660
vn 0.6428 0.0000 0.7660
vn 0.7660 0.0000 0.6428
vn 0.8660 0.0000 0.5000
vn 0.9397 0.0000 0.3420
vn 0.9848 0.0000 0.1736
f 1820//1820 1819//1819 1855//1855
f 1820//1820 1855//1855 1856//1856
f 1821//1821 1856//1856 1857//1857
f 1821//1821 1820//1820 1856//1856
f 1822//1822 1857//1857 1858//1858
f 1822//1822 1821//1821 1857//1857
f 1823//1823 1858//1858 1859//1859
f 1823//1823 1822//1822 1858//1858
f 1824//1824 1859//1859 1860//1860
f 1824//1824 1823//1823 1859//1859
f 1825//1825 1824//1824 1860//1860
f 1825//1825 1860//1860 1861//1861
f 1826//1826 1825//1825 1861//1861
f 1826//1826 1861//1861 1862//1862
f 1827//1827 1826//1826 1862//1862
f 1827//1827 1862//1862 1863//1863
f 1828//1828 1827//1827 1863//1863
f 1828//1828 1863//1863 1864//1864
f 1829//1829 1828//1828 1864//1864
f 1829//1829 1864//1864 1865//1865
f 1830//1830 1829//1829 1865//1865
f 1830//1830 1865//1865 1866//1866
f 1831//1831 1830//1830 1866//1866
f 1831//1831 1866//1866 1867//1867
f 1832//1832 1831//1831 1867//1867
f 1832//1832 1867//1867 1868//1868
f 1833//1833 1832//1832 1868//1868
f 1833//1833 1868//1868 1869//1869
f 1834//1834 1833//1833 1869//1869
f 1834//1834 1869//1869 1870//1870
f 1835//1835 1834//1834 1870//1870
f 1835//1835 1870//1870 1871//1871
f 1836//1836 1835//1835 1871//1871
f 1836//1836 1871//1871 1872//1872
f 1837//1837 1836//1836 1872//1872
f 1837//1837 1872//1872 1873//1873
f 1838//1838 1873//1873 1874//1874
f 1838//1838 1837//1837 1873//1873
f 1839//1839 1874//1874 1875//1875
f 1839//1839 1838//1838 1874//1874
f 1840//1840 1875//1875 1876//1876
f 1840//1840 1839//1839 1875//1875
f 1841//1841 1876//1876 1877//1877
f 1841//1841 1840//1840 1876//1876
f 1842//1842 1877//1877 1878//1878
f 1842//1842 1841//1841 1877//1877
f 1843//1843 1878//1878 1879//1879
f 1843//1843 1879//1879 1880//1880
f 1843//1843 1842//1842 1878//1878
f 1844//1844 1843//1843 1880//1880
f 1845//1845 1880//1880 1881//1881
f 1845//1845 1844//1844 1880//1880
f 1846//1846 1881//1881 1882//1882
f 1846//1846 1845//1845 1881//1881
f 1847//1847 1882//1882 1883//1883
f 1847//1847 1846//1846 1882//1882
f 1848//1848 1883//1883 1884//1884
f 1848//1848 1847//1847 1883//1883
f 1849//1849 1884//1884 1885//1885
f 1849//1849 1848//1848 1884//1884
f 1850//1850 1849//1849 1885//1885
f 1850//1850 1885//1885 1886//1886
f 1851//1851 1850//1850 1886//1886
f 1851//1851 1886//1886 1887//1887
f 1852//1852 1851//1851 1887//1887
f 1852//1852 1887//1887 1888//1888
f 1853//1853 1852//1852 1888//1888
f 1853//1853 1888//1888 1889//1889
f 1854//1854 1853//1853 1889//1889
f 1854//1854 1889//1889 1890//1890
f 1819//1819 1854//1854 1890//1890
f 1819//1819 1890//1890 1855//1855
f 1839//1839 1840//1840 1841//1841
f 1833//1833 1834//1834 1835//1835
f 1851//1851 1849//1849 1850//1850
f 1831//1831 1832//1832 1833//1833
f 1853//1853 1851//1851 1852//1852
f 1853//1853 1849//1849 1851//1851
f 1819//1819 1848//1848 1849//1849
f 1819//1819 1853//1853 1854//1854
f 1819//1819 1849//1849 1853//1853
f 1826//1826 1827//1827 1828//1828
f 1826//1826 1828//1828 1829//1829
f 1825//1825 1826//1826 1829//1829
f 1822//1822 1819//1819 1820//1820
f 1822//1822 1820//1820 1821//1821
f 1823//1823 1819//1819 1822//1822
f 1823//1823 1824//1824 1825//1825
f 1823//1823 1829//1829 1830//1830
f 1823//1823 1830//1830 1831//1831
f 1823//1823 1835//1835 1836//1836
f 1823//1823 1836//1836 1837//1837
f 1823//1823 1837//1837 1838//1838
f 1823//1823 1838//1838 1839//1839
f 1823//1823 1841//1841 1842//1842
f 1823//1823 1842//1842 1843//1843
f 1823//1823 1843//1843 1844//1844
f 1823//1823 1844//1844 1845//1845
f 1823//1823 1845//1845 1846//1846
f 1823//1823 1846//1846 1847//1847
f 1823//1823 1847//1847 1848//1848
f 1823//1823 1839//1839 1841//1841
f 1823//1823 1833//1833 1835//1835
f 1823//1823 1848//1848 1819//1819
f 1823//1823 1831//1831 1833//1833
f 1823//1823 1825//1825 1829//1829
f 1875//1875 1877//1877 1876//1876
f 1869//1869 1871//1871 1870//1870
f 1887//1887 1886//1886 1885//1885
f 1867//1867 1869//1869 1868//1868
f 1889//1889 1888//1888 1887//1887
f 1889//1889 1887//1887 1885//1885
f 1855//1855 1885//1885 1884//1884
f 1855//1855 1890//1890 1889//1889
f 1855//1855 1889//1889 1885//1885
f 1862//1862 1864//1864 1863//1863
f 1862//1862 1865//1865 1864//1864
f 1861//1861 1865//1865 1862//1862
f 1858//1858 1856//1856 1855//1855
f 1858//1858 1857//1857 1856//1856
f 1859//1859 1858//1858 1855//1855
f 1859//1859 1861//1861 1860//1860
f 1859//1859 1866//1866 1865//1865
f 1859//1859 1867//1867 1866//1866
f 1859//1859 1872//1872 1871//1871
f 1859//1859 1873//1873 1872//1872
f 1859//1859 1874//1874 1873//1873
f 1859//1859 1875//1875 1874//1874
f 1859//1859 1878//1878 1877//1877
f 1859//1859 1879//1879 1878//1878
f 1859//1859 1880//1880 1879//1879
f 1859//1859 1881//1881 1880//1880
f 1859//1859 1882//1882 1881//1881
f 1859//1859 1883//1883 1882//1882
f 1859//1859 1884//1884 1883//1883
f 1859//1859 1877//1877 1875//1875
f 1859//1859 1871//1871 1869//1869
f 1859//1859 1855//1855 1884//1884
f 1859//1859 1869//1869 1867//1867
f 1859//1859 1865//1865 1861//1861
