# robocad OBJ
mtllib flywheel.mtl
o disc
usemtl PLA_bcc1c9
v 0.01500 0.00080 -0.00000
v 0.01500 0.00520 -0.00000
v 0.01494 0.00520 -0.00133
v 0.01477 0.00520 -0.00264
v 0.01447 0.00520 -0.00394
v 0.01407 0.00520 -0.00520
v 0.01356 0.00520 -0.00642
v 0.01293 0.00520 -0.00760
v 0.01221 0.00520 -0.00871
v 0.01140 0.00520 -0.00975
v 0.01049 0.00520 -0.01072
v 0.00950 0.00520 -0.01161
v 0.00844 0.00520 -0.01240
v 0.00731 0.00520 -0.01310
v 0.00612 0.00520 -0.01369
v 0.00489 0.00520 -0.01418
v 0.00361 0.00520 -0.01456
v 0.00231 0.00520 -0.01482
v 0.00099 0.00520 -0.01497
v -0.00033 0.00520 -0.01500
v -0.00166 0.00520 -0.01491
v -0.00297 0.00520 -0.01470
v -0.00425 0.00520 -0.01438
v -0.00551 0.00520 -0.01395
v -0.00672 0.00520 -0.01341
v -0.00788 0.00520 -0.01276
v -0.00898 0.00520 -0.01202
v -0.01000 0.00520 -0.01118
v -0.01095 0.00520 -0.01025
v -0.01182 0.00520 -0.00924
v -0.01259 0.00520 -0.00816
v -0.01326 0.00520 -0.00702
v -0.01383 0.00520 -0.00582
v -0.01429 0.00520 -0.00457
v -0.01463 0.00520 -0.00329
v -0.01487 0.00520 -0.00199
v -0.01499 0.00520 -0.00066
v -0.01499 0.00520 0.00066
v -0.01487 0.00520 0.00199
v -0.01463 0.00520 0.00329
v -0.01429 0.00520 0.00457
v -0.01383 0.00520 0.00582
v -0.01326 0.00520 0.00702
v -0.01259 0.00520 0.00816
v -0.01182 0.00520 0.00924
v -0.01095 0.00520 0.01025
v -0.01000 0.00520 0.01118
v -0.00898 0.00520 0.01202
v -0.00788 0.00520 0.01276
v -0.00672 0.00520 0.01341
v -0.00551 0.00520 0.01395
v -0.00425 0.00520 0.01438
v -0.00297 0.00520 0.01470
v -0.00166 0.00520 0.01491
v -0.00033 0.00520 0.01500
v 0.00099 0.00520 0.01497
v 0.00231 0.00520 0.01482
v 0.00361 0.00520 0.01456
v 0.00489 0.00520 0.01418
v 0.00612 0.00520 0.01369
v 0.00731 0.00520 0.01310
v 0.00844 0.00520 0.01240
v 0.00950 0.00520 0.01161
v 0.01049 0.00520 0.01072
v 0.01140 0.00520 0.00975
v 0.01221 0.00520 0.00871
v 0.01293 0.00520 0.00760
v 0.01356 0.00520 0.00642
v 0.01407 0.00520 0.00520
v 0.01447 0.00520 0.00394
v 0.01477 0.00520 0.00264
v 0.01494 0.00520 0.00133
v 0.01494 0.00080 -0.00133
v 0.01477 0.00080 -0.00264
v 0.01447 0.00080 -0.00394
v 0.01407 0.00080 -0.00520
v 0.01356 0.00080 -0.00642
v 0.01293 0.00080 -0.00760
v 0.01221 0.00080 -0.00871
v 0.01140 0.00080 -0.00975
v 0.01049 0.00080 -0.01072
v 0.00950 0.00080 -0.01161
v 0.00844 0.00080 -0.01240
v 0.00731 0.00080 -0.01310
v 0.00612 0.00080 -0.01369
v 0.00489 0.00080 -0.01418
v 0.00361 0.00080 -0.01456
v 0.00231 0.00080 -0.01482
v 0.00099 0.00080 -0.01497
v -0.00033 0.00080 -0.01500
v -0.00166 0.00080 -0.01491
v -0.00297 0.00080 -0.01470
v -0.00425 0.00080 -0.01438
v -0.00551 0.00080 -0.01395
v -0.00672 0.00080 -0.01341
v -0.00788 0.00080 -0.01276
v -0.00898 0.00080 -0.01202
v -0.01000 0.00080 -0.01118
v -0.01095 0.00080 -0.01025
v -0.01182 0.00080 -0.00924
v -0.01259 0.00080 -0.00816
v -0.01326 0.00080 -0.00702
v -0.01383 0.00080 -0.00582
v -0.01429 0.00080 -0.00457
v -0.01463 0.00080 -0.00329
v -0.01487 0.00080 -0.00199
v -0.01499 0.00080 -0.00066
v -0.01499 0.00080 0.00066
v -0.01487 0.00080 0.00199
v -0.01463 0.00080 0.00329
v -0.01429 0.00080 0.00457
v -0.01383 0.00080 0.00582
v -0.01326 0.00080 0.00702
v -0.01259 0.00080 0.00816
v -0.01182 0.00080 0.00924
v -0.01095 0.00080 0.01025
v -0.01000 0.00080 0.01118
v -0.00898 0.00080 0.01202
v -0.00788 0.00080 0.01276
v -0.00672 0.00080 0.01341
v -0.00551 0.00080 0.01395
v -0.00425 0.00080 0.01438
v -0.00297 0.00080 0.01470
v -0.00166 0.00080 0.01491
v -0.00033 0.00080 0.01500
v 0.00099 0.00080 0.01497
v 0.00231 0.00080 0.01482
v 0.00361 0.00080 0.01456
v 0.00489 0.00080 0.01418
v 0.00612 0.00080 0.01369
v 0.00731 0.00080 0.01310
v 0.00844 0.00080 0.01240
v 0.00950 0.00080 0.01161
v 0.01049 0.00080 0.01072
v 0.01140 0.00080 0.00975
v 0.01221 0.00080 0.00871
v 0.01293 0.00080 0.00760
v 0.01356 0.00080 0.00642
v 0.01407 0.00080 0.00520
v 0.01447 0.00080 0.00394
v 0.01477 0.00080 0.00264
v 0.01494 0.00080 0.00133
v 0.01499 0.00066 -0.00000
v 0.01495 0.00053 -0.00000
v 0.01489 0.00040 -0.00000
v 0.01481 0.00029 -0.00000
v 0.01471 0.00019 -0.00000
v 0.01460 0.00011 -0.00000
v 0.01447 0.00005 -0.00000
v 0.01434 0.00001 -0.00000
v 0.01420 0.00000 -0.00000
v 0.01414 0.00000 -0.00129
v 0.01397 0.00000 -0.00257
v 0.01367 0.00000 -0.00383
v 0.01327 0.00000 -0.00506
v 0.01275 0.00000 -0.00624
v 0.01213 0.00000 -0.00738
v 0.01141 0.00000 -0.00845
v 0.01060 0.00000 -0.00945
v 0.00969 0.00000 -0.01038
v 0.00871 0.00000 -0.01122
v 0.00765 0.00000 -0.01196
v 0.00653 0.00000 -0.01261
v 0.00536 0.00000 -0.01315
v 0.00414 0.00000 -0.01358
v 0.00289 0.00000 -0.01390
v 0.00161 0.00000 -0.01411
v 0.00032 0.00000 -0.01420
v -0.00097 0.00000 -0.01417
v -0.00225 0.00000 -0.01402
v -0.00352 0.00000 -0.01376
v -0.00476 0.00000 -0.01338
v -0.00595 0.00000 -0.01289
v -0.00710 0.00000 -0.01230
v -0.00819 0.00000 -0.01160
v -0.00921 0.00000 -0.01081
v -0.01015 0.00000 -0.00993
v -0.01102 0.00000 -0.00896
v -0.01178 0.00000 -0.00792
v -0.01246 0.00000 -0.00682
v -0.01302 0.00000 -0.00566
v -0.01348 0.00000 -0.00445
v -0.01383 0.00000 -0.00320
v -0.01407 0.00000 -0.00193
v -0.01419 0.00000 -0.00065
v -0.01419 0.00000 0.00065
v -0.01407 0.00000 0.00193
v -0.01383 0.00000 0.00320
v -0.01348 0.00000 0.00445
v -0.01302 0.00000 0.00566
v -0.01246 0.00000 0.00682
v -0.01178 0.00000 0.00792
v -0.01102 0.00000 0.00896
v -0.01015 0.00000 0.00993
v -0.00921 0.00000 0.01081
v -0.00819 0.00000 0.01160
v -0.00710 0.00000 0.01230
v -0.00595 0.00000 0.01289
v -0.00476 0.00000 0.01338
v -0.00352 0.00000 0.01376
v -0.00225 0.00000 0.01402
v -0.00097 0.00000 0.01417
v 0.00032 0.00000 0.01420
v 0.00161 0.00000 0.01411
v 0.00289 0.00000 0.01390
v 0.00414 0.00000 0.01358
v 0.00536 0.00000 0.01315
v 0.00653 0.00000 0.01261
v 0.00765 0.00000 0.01196
v 0.00871 0.00000 0.01122
v 0.00969 0.00000 0.01038
v 0.01060 0.00000 0.00945
v 0.01141 0.00000 0.00845
v 0.01213 0.00000 0.00738
v 0.01275 0.00000 0.00624
v 0.01327 0.00000 0.00506
v 0.01367 0.00000 0.00383
v 0.01397 0.00000 0.00257
v 0.01414 0.00000 0.00129
v 0.01493 0.00066 -0.00132
v 0.01489 0.00053 -0.00132
v 0.01483 0.00040 -0.00132
v 0.01475 0.00029 -0.00131
v 0.01466 0.00019 -0.00130
v 0.01454 0.00011 -0.00129
v 0.01442 0.00005 -0.00128
v 0.01428 0.00001 -0.00127
v 0.01475 0.00066 -0.00264
v 0.01472 0.00053 -0.00263
v 0.01466 0.00040 -0.00262
v 0.01458 0.00029 -0.00261
v 0.01448 0.00019 -0.00259
v 0.01437 0.00011 -0.00257
v 0.01425 0.00005 -0.00255
v 0.01411 0.00001 -0.00252
v 0.01446 0.00066 -0.00393
v 0.01443 0.00053 -0.00392
v 0.01437 0.00040 -0.00391
v 0.01429 0.00029 -0.00389
v 0.01420 0.00019 -0.00386
v 0.01409 0.00011 -0.00383
v 0.01397 0.00005 -0.00380
v 0.01384 0.00001 -0.00376
v 0.01406 0.00066 -0.00520
v 0.01402 0.00053 -0.00518
v 0.01397 0.00040 -0.00516
v 0.01389 0.00029 -0.00513
v 0.01380 0.00019 -0.00510
v 0.01369 0.00011 -0.00506
v 0.01358 0.00005 -0.00502
v 0.01345 0.00001 -0.00497
v 0.01354 0.00066 -0.00642
v 0.01351 0.00053 -0.00640
v 0.01346 0.00040 -0.00638
v 0.01339 0.00029 -0.00634
v 0.01330 0.00019 -0.00630
v 0.01319 0.00011 -0.00625
v 0.01308 0.00005 -0.00620
v 0.01296 0.00001 -0.00614
v 0.01292 0.00066 -0.00759
v 0.01289 0.00053 -0.00757
v 0.01284 0.00040 -0.00754
v 0.01277 0.00029 -0.00750
v 0.01269 0.00019 -0.00745
v 0.01259 0.00011 -0.00739
v 0.01248 0.00005 -0.00733
v 0.01236 0.00001 -0.00726
v 0.01220 0.00066 -0.00870
v 0.01217 0.00053 -0.00868
v 0.01213 0.00040 -0.00865
v 0.01206 0.00029 -0.00860
v 0.01198 0.00019 -0.00854
v 0.01189 0.00011 -0.00848
v 0.01178 0.00005 -0.00840
v 0.01167 0.00001 -0.00833
v 0.01139 0.00066 -0.00975
v 0.01136 0.00053 -0.00972
v 0.01131 0.00040 -0.00968
v 0.01125 0.00029 -0.00963
v 0.01118 0.00019 -0.00957
v 0.01109 0.00011 -0.00949
v 0.01100 0.00005 -0.00941
v 0.01089 0.00001 -0.00932
v 0.01048 0.00066 -0.01071
v 0.01045 0.00053 -0.01069
v 0.01041 0.00040 -0.01065
v 0.01023 0.00066 -0.01095
v 0.01036 0.00029 -0.01059
v 0.01021 0.00053 -0.01093
v 0.01029 0.00019 -0.01052
v 0.01017 0.00040 -0.01088
v 0.01021 0.00011 -0.01044
v 0.01011 0.00029 -0.01083
v 0.01012 0.00005 -0.01035
v 0.01004 0.00019 -0.01075
v 0.01003 0.00001 -0.01025
v 0.00997 0.00011 -0.01067
v 0.00988 0.00005 -0.01058
v 0.00949 0.00066 -0.01160
v 0.00979 0.00001 -0.01048
v 0.00947 0.00053 -0.01157
v 0.00943 0.00040 -0.01153
v 0.00919 0.00066 -0.01184
v 0.00938 0.00029 -0.01146
v 0.00917 0.00053 -0.01181
v 0.00932 0.00019 -0.01139
v 0.00913 0.00040 -0.01176
v 0.00925 0.00011 -0.01130
v 0.00908 0.00029 -0.01170
v 0.00917 0.00005 -0.01120
v 0.00902 0.00019 -0.01162
v 0.00908 0.00001 -0.01110
v 0.00895 0.00011 -0.01153
v 0.00888 0.00005 -0.01143
v 0.00843 0.00066 -0.01239
v 0.00879 0.00001 -0.01133
v 0.00841 0.00053 -0.01236
v 0.00838 0.00040 -0.01231
v 0.00808 0.00066 -0.01263
v 0.00833 0.00029 -0.01225
v 0.00806 0.00053 -0.01259
v 0.00828 0.00019 -0.01217
v 0.00803 0.00040 -0.01255
v 0.00821 0.00011 -0.01207
v 0.00798 0.00029 -0.01248
v 0.00814 0.00005 -0.01197
v 0.00793 0.00019 -0.01239
v 0.00806 0.00001 -0.01186
v 0.00787 0.00011 -0.01230
v 0.00780 0.00005 -0.01219
v 0.00730 0.00066 -0.01309
v 0.00773 0.00001 -0.01208
v 0.00728 0.00053 -0.01306
v 0.00726 0.00040 -0.01301
v 0.00722 0.00029 -0.01294
v 0.00690 0.00066 -0.01331
v 0.00717 0.00019 -0.01285
v 0.00688 0.00053 -0.01328
v 0.00711 0.00011 -0.01275
v 0.00685 0.00040 -0.01322
v 0.00705 0.00005 -0.01264
v 0.00681 0.00029 -0.01315
v 0.00699 0.00001 -0.01252
v 0.00677 0.00019 -0.01306
v 0.00672 0.00011 -0.01296
v 0.00666 0.00005 -0.01285
v 0.00612 0.00066 -0.01368
v 0.00660 0.00001 -0.01273
v 0.00610 0.00053 -0.01365
v 0.00608 0.00040 -0.01360
v 0.00604 0.00029 -0.01352
v 0.00566 0.00066 -0.01388
v 0.00600 0.00019 -0.01343
v 0.00564 0.00053 -0.01385
v 0.00596 0.00011 -0.01333
v 0.00562 0.00040 -0.01379
v 0.00591 0.00005 -0.01321
v 0.00559 0.00029 -0.01372
v 0.00585 0.00001 -0.01309
v 0.00555 0.00019 -0.01363
v 0.00551 0.00011 -0.01352
v 0.00488 0.00066 -0.01417
v 0.00546 0.00005 -0.01340
v 0.00487 0.00053 -0.01414
v 0.00541 0.00001 -0.01328
v 0.00485 0.00040 -0.01408
v 0.00483 0.00029 -0.01400
v 0.00437 0.00066 -0.01434
v 0.00479 0.00019 -0.01391
v 0.00436 0.00053 -0.01430
v 0.00476 0.00011 -0.01380
v 0.00434 0.00040 -0.01425
v 0.00472 0.00005 -0.01368
v 0.00432 0.00029 -0.01417
v 0.00467 0.00001 -0.01356
v 0.00429 0.00019 -0.01407
v 0.00426 0.00011 -0.01397
v 0.00361 0.00066 -0.01455
v 0.00422 0.00005 -0.01384
v 0.00360 0.00053 -0.01451
v 0.00418 0.00001 -0.01372
v 0.00359 0.00040 -0.01445
v 0.00357 0.00029 -0.01438
v 0.00355 0.00019 -0.01428
v 0.00305 0.00066 -0.01467
v 0.00352 0.00011 -0.01417
v 0.00304 0.00053 -0.01464
v 0.00349 0.00005 -0.01405
v 0.00303 0.00040 -0.01458
v 0.00346 0.00001 -0.01392
v 0.00301 0.00029 -0.01450
v 0.00299 0.00019 -0.01441
v 0.00297 0.00011 -0.01429
v 0.00231 0.00066 -0.01481
v 0.00294 0.00005 -0.01417
v 0.00231 0.00053 -0.01477
v 0.00292 0.00001 -0.01404
v 0.00230 0.00040 -0.01471
v 0.00228 0.00029 -0.01464
v 0.00227 0.00019 -0.01454
v 0.00170 0.00066 -0.01489
v 0.00225 0.00011 -0.01443
v 0.00170 0.00053 -0.01485
v 0.00223 0.00005 -0.01430
v 0.00169 0.00040 -0.01480
v 0.00221 0.00001 -0.01417
v 0.00168 0.00029 -0.01472
v 0.00167 0.00019 -0.01462
v 0.00099 0.00066 -0.01495
v 0.00166 0.00011 -0.01451
v 0.00099 0.00053 -0.01492
v 0.00164 0.00005 -0.01438
v 0.00099 0.00040 -0.01486
v 0.00163 0.00001 -0.01425
v 0.00098 0.00029 -0.01478
v 0.00098 0.00019 -0.01468
v 0.00034 0.00066 -0.01498
v 0.00097 0.00011 -0.01457
v 0.00034 0.00053 -0.01495
v 0.00096 0.00005 -0.01444
v 0.00034 0.00040 -0.01489
v 0.00095 0.00001 -0.01431
v 0.00034 0.00029 -0.01481
v 0.00033 0.00019 -0.01471
v -0.00033 0.00066 -0.01498
v 0.00033 0.00011 -0.01460
v -0.00033 0.00053 -0.01495
v 0.00033 0.00005 -0.01447
v -0.00033 0.00040 -0.01489
v 0.00033 0.00001 -0.01434
v -0.00033 0.00029 -0.01481
v -0.00033 0.00019 -0.01471
v -0.00102 0.00066 -0.01495
v -0.00032 0.00011 -0.01460
v -0.00102 0.00053 -0.01492
v -0.00032 0.00005 -0.01447
v -0.00102 0.00040 -0.01486
v -0.00032 0.00001 -0.01434
v -0.00101 0.00029 -0.01478
v -0.00100 0.00019 -0.01468
v -0.00165 0.00066 -0.01490
v -0.00100 0.00011 -0.01457
v -0.00165 0.00053 -0.01486
v -0.00099 0.00005 -0.01444
v -0.00164 0.00040 -0.01480
v -0.00098 0.00001 -0.01431
v -0.00164 0.00029 -0.01472
v -0.00162 0.00019 -0.01462
v -0.00161 0.00011 -0.01451
v -0.00238 0.00066 -0.01480
v -0.00160 0.00005 -0.01439
v -0.00237 0.00053 -0.01476
v -0.00158 0.00001 -0.01425
v -0.00236 0.00040 -0.01470
v -0.00235 0.00029 -0.01463
v -0.00233 0.00019 -0.01453
v -0.00296 0.00066 -0.01469
v -0.00232 0.00011 -0.01442
v -0.00296 0.00053 -0.01466
v -0.00230 0.00005 -0.01429
v -0.00295 0.00040 -0.01460
v -0.00228 0.00001 -0.01416
v -0.00293 0.00029 -0.01452
v -0.00291 0.00019 -0.01442
v -0.00289 0.00011 -0.01431
v -0.00371 0.00066 -0.01452
v -0.00286 0.00005 -0.01419
v -0.00371 0.00053 -0.01449
v -0.00284 0.00001 -0.01406
v -0.00369 0.00040 -0.01443
v -0.00367 0.00029 -0.01435
v -0.00425 0.00066 -0.01437
v -0.00365 0.00019 -0.01426
v -0.00424 0.00053 -0.01434
v -0.00362 0.00011 -0.01414
v -0.00422 0.00040 -0.01428
v -0.00359 0.00005 -0.01402
v -0.00420 0.00029 -0.01420
v -0.00355 0.00001 -0.01389
v -0.00417 0.00019 -0.01411
v -0.00414 0.00011 -0.01400
v -0.00502 0.00066 -0.01412
v -0.00411 0.00005 -0.01388
v -0.00501 0.00053 -0.01409
v -0.00407 0.00001 -0.01375
v -0.00499 0.00040 -0.01403
v -0.00496 0.00029 -0.01396
v -0.00551 0.00066 -0.01394
v -0.00493 0.00019 -0.01386
v -0.00549 0.00053 -0.01391
v -0.00489 0.00011 -0.01376
v -0.00547 0.00040 -0.01385
v -0.00485 0.00005 -0.01364
v -0.00544 0.00029 -0.01378
v -0.00480 0.00001 -0.01351
v -0.00540 0.00019 -0.01369
v -0.00536 0.00011 -0.01358
v -0.00628 0.00066 -0.01361
v -0.00532 0.00005 -0.01346
v -0.00627 0.00053 -0.01357
v -0.00527 0.00001 -0.01334
v -0.00624 0.00040 -0.01352
v -0.00621 0.00029 -0.01345
v -0.00672 0.00066 -0.01340
v -0.00617 0.00019 -0.01336
v -0.00670 0.00053 -0.01337
v -0.00612 0.00011 -0.01326
v -0.00667 0.00040 -0.01331
v -0.00607 0.00005 -0.01314
v -0.00664 0.00029 -0.01324
v -0.00601 0.00001 -0.01302
v -0.00659 0.00019 -0.01315
v -0.00654 0.00011 -0.01305
v -0.00649 0.00005 -0.01294
v -0.00749 0.00066 -0.01298
v -0.00642 0.00001 -0.01282
v -0.00748 0.00053 -0.01295
v -0.00745 0.00040 -0.01290
v -0.00741 0.00029 -0.01283
v -0.00787 0.00066 -0.01275
v -0.00736 0.00019 -0.01274
v -0.00785 0.00053 -0.01272
v -0.00730 0.00011 -0.01264
v -0.00782 0.00040 -0.01267
v -0.00724 0.00005 -0.01253
v -0.00778 0.00029 -0.01260
v -0.00717 0.00001 -0.01242
v -0.00773 0.00019 -0.01252
v -0.00767 0.00011 -0.01242
v -0.00760 0.00005 -0.01232
v -0.00864 0.00066 -0.01224
v -0.00753 0.00001 -0.01220
v -0.00862 0.00053 -0.01222
v -0.00859 0.00040 -0.01217
v -0.00897 0.00066 -0.01201
v -0.00854 0.00029 -0.01210
v -0.00895 0.00053 -0.01198
v -0.00849 0.00019 -0.01202
v -0.00891 0.00040 -0.01193
v -0.00842 0.00011 -0.01193
v -0.00887 0.00029 -0.01187
v -0.00835 0.00005 -0.01182
v -0.00881 0.00019 -0.01179
v -0.00827 0.00001 -0.01171
v -0.00874 0.00011 -0.01170
v -0.00866 0.00005 -0.01160
v -0.00972 0.00066 -0.01141
v -0.00858 0.00001 -0.01149
v -0.00970 0.00053 -0.01138
v -0.00966 0.00040 -0.01134
v -0.01000 0.00066 -0.01117
v -0.00961 0.00029 -0.01127
v -0.00997 0.00053 -0.01114
v -0.00954 0.00019 -0.01120
v -0.00993 0.00040 -0.01110
v -0.00947 0.00011 -0.01111
v -0.00988 0.00029 -0.01104
v -0.00939 0.00005 -0.01102
v -0.00981 0.00019 -0.01096
v -0.00930 0.00001 -0.01091
v -0.00974 0.00011 -0.01088
v -0.00965 0.00005 -0.01078
v -0.01072 0.00066 -0.01048
v -0.00956 0.00001 -0.01068
v -0.01069 0.00053 -0.01045
v -0.01065 0.00040 -0.01041
v -0.01059 0.00029 -0.01035
v -0.01052 0.00019 -0.01029
v -0.01044 0.00011 -0.01021
v -0.01035 0.00005 -0.01012
v -0.01025 0.00001 -0.01002
v -0.01160 0.00053 -0.00944
v -0.01155 0.00040 -0.00940
v -0.01149 0.00029 -0.00935
v -0.01141 0.00019 -0.00929
v -0.01133 0.00011 -0.00921
v -0.01123 0.00005 -0.00913
v -0.01112 0.00001 -0.00905
v -0.01241 0.00053 -0.00834
v -0.01236 0.00040 -0.00831
v -0.01229 0.00029 -0.00826
v -0.01221 0.00019 -0.00821
v -0.01212 0.00011 -0.00815
v -0.01201 0.00005 -0.00808
v -0.01190 0.00001 -0.00800
v -0.01312 0.00053 -0.00718
v -0.01306 0.00040 -0.00715
v -0.01299 0.00029 -0.00711
v -0.01291 0.00019 -0.00707
v -0.01281 0.00011 -0.00701
v -0.01270 0.00005 -0.00695
v -0.01258 0.00001 -0.00688
v -0.01371 0.00053 -0.00596
v -0.01366 0.00040 -0.00593
v -0.01359 0.00029 -0.00590
v -0.01350 0.00019 -0.00586
v -0.01339 0.00011 -0.00582
v -0.01328 0.00005 -0.00577
v -0.01315 0.00001 -0.00571
v -0.01423 0.00066 -0.00470
v -0.01420 0.00053 -0.00469
v -0.01414 0.00040 -0.00467
v -0.01407 0.00029 -0.00464
v -0.01397 0.00019 -0.00461
v -0.01386 0.00011 -0.00457
v -0.01374 0.00005 -0.00454
v -0.01362 0.00001 -0.00449
v -0.01460 0.00066 -0.00338
v -0.01457 0.00053 -0.00337
v -0.01451 0.00040 -0.00336
v -0.01443 0.00029 -0.00334
v -0.01433 0.00019 -0.00332
v -0.01422 0.00011 -0.00330
v -0.01410 0.00005 -0.00327
v -0.01397 0.00001 -0.00324
v -0.01485 0.00066 -0.00204
v -0.01481 0.00053 -0.00204
v -0.01475 0.00040 -0.00203
v -0.01467 0.00029 -0.00202
v -0.01458 0.00019 -0.00200
v -0.01446 0.00011 -0.00199
v -0.01434 0.00005 -0.00197
v -0.01421 0.00001 -0.00195
v -0.01497 0.00066 -0.00068
v -0.01494 0.00053 -0.00068
v -0.01488 0.00040 -0.00068
v -0.01480 0.00029 -0.00067
v -0.01470 0.00019 -0.00067
v -0.01458 0.00011 -0.00066
v -0.01446 0.00005 -0.00066
v -0.01432 0.00001 -0.00065
v -0.01497 0.00066 0.00066
v -0.01494 0.00053 0.00066
v -0.01488 0.00040 0.00066
v -0.01480 0.00029 0.00066
v -0.01470 0.00019 0.00065
v -0.01459 0.00011 0.00065
v -0.01446 0.00005 0.00064
v -0.01432 0.00001 0.00063
v -0.01486 0.00066 0.00198
v -0.01482 0.00053 0.00198
v -0.01476 0.00040 0.00197
v -0.01468 0.00029 0.00196
v -0.01458 0.00019 0.00195
v -0.01447 0.00011 0.00193
v -0.01435 0.00005 0.00192
v -0.01421 0.00001 0.00190
v -0.01462 0.00066 0.00329
v -0.01459 0.00053 0.00328
v -0.01453 0.00040 0.00327
v -0.01445 0.00029 0.00325
v -0.01436 0.00019 0.00323
v -0.01424 0.00011 0.00320
v -0.01412 0.00005 0.00318
v -0.01399 0.00001 0.00315
v -0.01427 0.00066 0.00457
v -0.01424 0.00053 0.00456
v -0.01418 0.00040 0.00454
v -0.01411 0.00029 0.00452
v -0.01401 0.00019 0.00448
v -0.01391 0.00011 0.00445
v -0.01378 0.00005 0.00441
v -0.01366 0.00001 0.00437
v -0.01382 0.00066 0.00581
v -0.01378 0.00053 0.00580
v -0.01373 0.00040 0.00578
v -0.01365 0.00029 0.00574
v -0.01356 0.00019 0.00571
v -0.01346 0.00011 0.00566
v -0.01334 0.00005 0.00561
v -0.01322 0.00001 0.00556
v -0.01325 0.00066 0.00701
v -0.01322 0.00053 0.00699
v -0.01316 0.00040 0.00697
v -0.01309 0.00029 0.00693
v -0.01301 0.00019 0.00688
v -0.01290 0.00011 0.00683
v -0.01279 0.00005 0.00677
v -0.01267 0.00001 0.00671
v -0.01258 0.00066 0.00815
v -0.01255 0.00053 0.00813
v -0.01250 0.00040 0.00810
v -0.01243 0.00029 0.00806
v -0.01235 0.00019 0.00800
v -0.01225 0.00011 0.00794
v -0.01214 0.00005 0.00787
v -0.01203 0.00001 0.00780
v -0.01181 0.00066 0.00923
v -0.01178 0.00053 0.00921
v -0.01173 0.00040 0.00917
v -0.01167 0.00029 0.00913
v -0.01159 0.00019 0.00906
v -0.01150 0.00011 0.00899
v -0.01140 0.00005 0.00892
v -0.01129 0.00001 0.00883
v -0.01094 0.00066 0.01024
v -0.01092 0.00053 0.01022
v -0.01087 0.00040 0.01018
v -0.01082 0.00029 0.01012
v -0.01074 0.00019 0.01005
v -0.01066 0.00011 0.00998
v -0.01057 0.00005 0.00989
v -0.01047 0.00001 0.00980
v -0.01000 0.00066 0.01117
v -0.00997 0.00053 0.01114
v -0.00993 0.00040 0.01110
v -0.00972 0.00066 0.01141
v -0.00988 0.00029 0.01104
v -0.00970 0.00053 0.01138
v -0.00981 0.00019 0.01096
v -0.00966 0.00040 0.01134
v -0.00974 0.00011 0.01088
v -0.00961 0.00029 0.01127
v -0.00965 0.00005 0.01078
v -0.00954 0.00019 0.01120
v -0.00956 0.00001 0.01068
v -0.00947 0.00011 0.01111
v -0.00939 0.00005 0.01102
v -0.00897 0.00066 0.01201
v -0.00930 0.00001 0.01091
v -0.00895 0.00053 0.01198
v -0.00891 0.00040 0.01193
v -0.00864 0.00066 0.01224
v -0.00887 0.00029 0.01187
v -0.00862 0.00053 0.01222
v -0.00881 0.00019 0.01179
v -0.00859 0.00040 0.01217
v -0.00874 0.00011 0.01170
v -0.00854 0.00029 0.01210
v -0.00866 0.00005 0.01160
v -0.00849 0.00019 0.01202
v -0.00858 0.00001 0.01149
v -0.00842 0.00011 0.01193
v -0.00835 0.00005 0.01182
v -0.00787 0.00066 0.01275
v -0.00827 0.00001 0.01171
v -0.00785 0.00053 0.01272
v -0.00782 0.00040 0.01267
v -0.00778 0.00029 0.01260
v -0.00749 0.00066 0.01298
v -0.00773 0.00019 0.01252
v -0.00748 0.00053 0.01295
v -0.00767 0.00011 0.01242
v -0.00745 0.00040 0.01290
v -0.00760 0.00005 0.01232
v -0.00741 0.00029 0.01283
v -0.00753 0.00001 0.01220
v -0.00736 0.00019 0.01274
v -0.00730 0.00011 0.01264
v -0.00724 0.00005 0.01253
v -0.00672 0.00066 0.01340
v -0.00717 0.00001 0.01242
v -0.00670 0.00053 0.01337
v -0.00667 0.00040 0.01331
v -0.00664 0.00029 0.01324
v -0.00628 0.00066 0.01361
v -0.00659 0.00019 0.01315
v -0.00627 0.00053 0.01357
v -0.00654 0.00011 0.01305
v -0.00624 0.00040 0.01352
v -0.00649 0.00005 0.01294
v -0.00621 0.00029 0.01345
v -0.00642 0.00001 0.01282
v -0.00617 0.00019 0.01336
v -0.00612 0.00011 0.01326
v -0.00551 0.00066 0.01394
v -0.00607 0.00005 0.01314
v -0.00549 0.00053 0.01391
v -0.00601 0.00001 0.01302
v -0.00547 0.00040 0.01385
v -0.00544 0.00029 0.01378
v -0.00502 0.00066 0.01412
v -0.00540 0.00019 0.01369
v -0.00501 0.00053 0.01409
v -0.00536 0.00011 0.01358
v -0.00499 0.00040 0.01403
v -0.00532 0.00005 0.01346
v -0.00496 0.00029 0.01396
v -0.00527 0.00001 0.01334
v -0.00493 0.00019 0.01386
v -0.00489 0.00011 0.01376
v -0.00425 0.00066 0.01437
v -0.00485 0.00005 0.01364
v -0.00424 0.00053 0.01434
v -0.00480 0.00001 0.01351
v -0.00422 0.00040 0.01428
v -0.00420 0.00029 0.01420
v -0.00371 0.00066 0.01452
v -0.00417 0.00019 0.01411
v -0.00371 0.00053 0.01449
v -0.00414 0.00011 0.01400
v -0.00369 0.00040 0.01443
v -0.00411 0.00005 0.01388
v -0.00367 0.00029 0.01435
v -0.00407 0.00001 0.01375
v -0.00365 0.00019 0.01426
v -0.00362 0.00011 0.01414
v -0.00296 0.00066 0.01469
v -0.00359 0.00005 0.01402
v -0.00296 0.00053 0.01466
v -0.00355 0.00001 0.01389
v -0.00295 0.00040 0.01460
v -0.00293 0.00029 0.01452
v -0.00291 0.00019 0.01442
v -0.00238 0.00066 0.01480
v -0.00289 0.00011 0.01431
v -0.00237 0.00053 0.01476
v -0.00286 0.00005 0.01419
v -0.00236 0.00040 0.01470
v -0.00284 0.00001 0.01406
v -0.00235 0.00029 0.01463
v -0.00233 0.00019 0.01453
v -0.00232 0.00011 0.01442
v -0.00165 0.00066 0.01490
v -0.00230 0.00005 0.01429
v -0.00165 0.00053 0.01486
v -0.00228 0.00001 0.01416
v -0.00164 0.00040 0.01480
v -0.00164 0.00029 0.01472
v -0.00162 0.00019 0.01462
v -0.00102 0.00066 0.01495
v -0.00161 0.00011 0.01451
v -0.00102 0.00053 0.01492
v -0.00160 0.00005 0.01439
v -0.00102 0.00040 0.01486
v -0.00158 0.00001 0.01425
v -0.00101 0.00029 0.01478
v -0.00100 0.00019 0.01468
v -0.00033 0.00066 0.01498
v -0.00100 0.00011 0.01457
v -0.00033 0.00053 0.01495
v -0.00099 0.00005 0.01444
v -0.00033 0.00040 0.01489
v -0.00098 0.00001 0.01431
v -0.00033 0.00029 0.01481
v -0.00033 0.00019 0.01471
v 0.00034 0.00066 0.01498
v -0.00032 0.00011 0.01460
v 0.00034 0.00053 0.01495
v -0.00032 0.00005 0.01447
v 0.00034 0.00040 0.01489
v -0.00032 0.00001 0.01434
v 0.00034 0.00029 0.01481
v 0.00033 0.00019 0.01471
v 0.00099 0.00066 0.01495
v 0.00033 0.00011 0.01460
v 0.00099 0.00053 0.01492
v 0.00033 0.00005 0.01447
v 0.00099 0.00040 0.01486
v 0.00033 0.00001 0.01434
v 0.00098 0.00029 0.01478
v 0.00098 0.00019 0.01468
v 0.00170 0.00066 0.01489
v 0.00097 0.00011 0.01457
v 0.00170 0.00053 0.01485
v 0.00096 0.00005 0.01444
v 0.00169 0.00040 0.01480
v 0.00095 0.00001 0.01431
v 0.00168 0.00029 0.01472
v 0.00167 0.00019 0.01462
v 0.00231 0.00066 0.01481
v 0.00166 0.00011 0.01451
v 0.00231 0.00053 0.01477
v 0.00164 0.00005 0.01438
v 0.00230 0.00040 0.01471
v 0.00163 0.00001 0.01425
v 0.00228 0.00029 0.01464
v 0.00227 0.00019 0.01454
v 0.00225 0.00011 0.01443
v 0.00305 0.00066 0.01467
v 0.00223 0.00005 0.01430
v 0.00304 0.00053 0.01464
v 0.00221 0.00001 0.01417
v 0.00303 0.00040 0.01458
v 0.00301 0.00029 0.01450
v 0.00299 0.00019 0.01441
v 0.00361 0.00066 0.01455
v 0.00297 0.00011 0.01429
v 0.00360 0.00053 0.01451
v 0.00294 0.00005 0.01417
v 0.00359 0.00040 0.01445
v 0.00292 0.00001 0.01404
v 0.00357 0.00029 0.01438
v 0.00355 0.00019 0.01428
v 0.00352 0.00011 0.01417
v 0.00437 0.00066 0.01434
v 0.00349 0.00005 0.01405
v 0.00436 0.00053 0.01430
v 0.00346 0.00001 0.01392
v 0.00434 0.00040 0.01425
v 0.00432 0.00029 0.01417
v 0.00488 0.00066 0.01417
v 0.00429 0.00019 0.01407
v 0.00487 0.00053 0.01414
v 0.00426 0.00011 0.01397
v 0.00485 0.00040 0.01408
v 0.00422 0.00005 0.01384
v 0.00483 0.00029 0.01400
v 0.00418 0.00001 0.01372
v 0.00479 0.00019 0.01391
v 0.00476 0.00011 0.01380
v 0.00566 0.00066 0.01388
v 0.00472 0.00005 0.01368
v 0.00564 0.00053 0.01385
v 0.00467 0.00001 0.01356
v 0.00562 0.00040 0.01379
v 0.00559 0.00029 0.01372
v 0.00612 0.00066 0.01368
v 0.00555 0.00019 0.01363
v 0.00610 0.00053 0.01365
v 0.00551 0.00011 0.01352
v 0.00608 0.00040 0.01360
v 0.00546 0.00005 0.01340
v 0.00604 0.00029 0.01352
v 0.00541 0.00001 0.01328
v 0.00600 0.00019 0.01343
v 0.00596 0.00011 0.01333
v 0.00591 0.00005 0.01321
v 0.00690 0.00066 0.01331
v 0.00585 0.00001 0.01309
v 0.00688 0.00053 0.01328
v 0.00685 0.00040 0.01322
v 0.00681 0.00029 0.01315
v 0.00730 0.00066 0.01309
v 0.00677 0.00019 0.01306
v 0.00728 0.00053 0.01306
v 0.00672 0.00011 0.01296
v 0.00726 0.00040 0.01301
v 0.00666 0.00005 0.01285
v 0.00722 0.00029 0.01294
v 0.00660 0.00001 0.01273
v 0.00717 0.00019 0.01285
v 0.00711 0.00011 0.01275
v 0.00705 0.00005 0.01264
v 0.00808 0.00066 0.01263
v 0.00699 0.00001 0.01252
v 0.00806 0.00053 0.01259
v 0.00803 0.00040 0.01255
v 0.00843 0.00066 0.01239
v 0.00798 0.00029 0.01248
v 0.00841 0.00053 0.01236
v 0.00793 0.00019 0.01239
v 0.00838 0.00040 0.01231
v 0.00787 0.00011 0.01230
v 0.00833 0.00029 0.01225
v 0.00780 0.00005 0.01219
v 0.00828 0.00019 0.01217
v 0.00773 0.00001 0.01208
v 0.00821 0.00011 0.01207
v 0.00814 0.00005 0.01197
v 0.00919 0.00066 0.01184
v 0.00806 0.00001 0.01186
v 0.00917 0.00053 0.01181
v 0.00913 0.00040 0.01176
v 0.00949 0.00066 0.01160
v 0.00908 0.00029 0.01170
v 0.00947 0.00053 0.01157
v 0.00902 0.00019 0.01162
v 0.00943 0.00040 0.01153
v 0.00895 0.00011 0.01153
v 0.00938 0.00029 0.01146
v 0.00888 0.00005 0.01143
v 0.00932 0.00019 0.01139
v 0.00879 0.00001 0.01133
v 0.00925 0.00011 0.01130
v 0.00917 0.00005 0.01120
v 0.01023 0.00066 0.01095
v 0.00908 0.00001 0.01110
v 0.01021 0.00053 0.01093
v 0.01017 0.00040 0.01088
v 0.01048 0.00066 0.01071
v 0.01011 0.00029 0.01083
v 0.01045 0.00053 0.01069
v 0.01004 0.00019 0.01075
v 0.01041 0.00040 0.01065
v 0.00997 0.00011 0.01067
v 0.01036 0.00029 0.01059
v 0.00988 0.00005 0.01058
v 0.01029 0.00019 0.01052
v 0.00979 0.00001 0.01048
v 0.01021 0.00011 0.01044
v 0.01012 0.00005 0.01035
v 0.01003 0.00001 0.01025
v 0.01118 0.00066 0.00998
v 0.01116 0.00053 0.00995
v 0.01111 0.00040 0.00991
v 0.01105 0.00029 0.00986
v 0.01098 0.00019 0.00980
v 0.01089 0.00011 0.00972
v 0.01080 0.00005 0.00964
v 0.01070 0.00001 0.00955
v 0.01202 0.00053 0.00890
v 0.01197 0.00040 0.00886
v 0.01190 0.00029 0.00882
v 0.01182 0.00019 0.00876
v 0.01173 0.00011 0.00869
v 0.01163 0.00005 0.00861
v 0.01152 0.00001 0.00853
v 0.01278 0.00053 0.00777
v 0.01272 0.00040 0.00774
v 0.01266 0.00029 0.00770
v 0.01257 0.00019 0.00765
v 0.01247 0.00011 0.00759
v 0.01237 0.00005 0.00752
v 0.01225 0.00001 0.00745
v 0.01343 0.00053 0.00657
v 0.01338 0.00040 0.00655
v 0.01330 0.00029 0.00651
v 0.01322 0.00019 0.00647
v 0.01311 0.00011 0.00642
v 0.01300 0.00005 0.00636
v 0.01288 0.00001 0.00631
v 0.01400 0.00066 0.00534
v 0.01397 0.00053 0.00533
v 0.01392 0.00040 0.00531
v 0.01384 0.00029 0.00528
v 0.01375 0.00019 0.00524
v 0.01364 0.00011 0.00520
v 0.01352 0.00005 0.00516
v 0.01340 0.00001 0.00511
v 0.01443 0.00066 0.00404
v 0.01440 0.00053 0.00403
v 0.01434 0.00040 0.00402
v 0.01426 0.00029 0.00400
v 0.01417 0.00019 0.00397
v 0.01406 0.00011 0.00394
v 0.01394 0.00005 0.00390
v 0.01381 0.00001 0.00387
v 0.01474 0.00066 0.00271
v 0.01470 0.00053 0.00271
v 0.01465 0.00040 0.00270
v 0.01457 0.00029 0.00268
v 0.01447 0.00019 0.00266
v 0.01436 0.00011 0.00264
v 0.01423 0.00005 0.00262
v 0.01410 0.00001 0.00260
v 0.01493 0.00066 0.00136
v 0.01489 0.00053 0.00136
v 0.01483 0.00040 0.00135
v 0.01475 0.00029 0.00135
v 0.01465 0.00019 0.00134
v 0.01454 0.00011 0.00133
v 0.01441 0.00005 0.00132
v 0.01428 0.00001 0.00130
v 0.01499 0.00534 -0.00000
v 0.01495 0.00547 -0.00000
v 0.01489 0.00560 -0.00000
v 0.01481 0.00571 -0.00000
v 0.01471 0.00581 -0.00000
v 0.01460 0.00589 -0.00000
v 0.01447 0.00595 -0.00000
v 0.01434 0.00599 -0.00000
v 0.01420 0.00600 -0.00000
v 0.01414 0.00600 -0.00129
v 0.01397 0.00600 -0.00257
v 0.01367 0.00600 -0.00383
v 0.01327 0.00600 -0.00506
v 0.01275 0.00600 -0.00624
v 0.01213 0.00600 -0.00738
v 0.01141 0.00600 -0.00845
v 0.01060 0.00600 -0.00945
v 0.00969 0.00600 -0.01038
v 0.00871 0.00600 -0.01122
v 0.00765 0.00600 -0.01196
v 0.00653 0.00600 -0.01261
v 0.00536 0.00600 -0.01315
v 0.00414 0.00600 -0.01358
v 0.00289 0.00600 -0.01390
v 0.00161 0.00600 -0.01411
v 0.00032 0.00600 -0.01420
v -0.00097 0.00600 -0.01417
v -0.00225 0.00600 -0.01402
v -0.00352 0.00600 -0.01376
v -0.00476 0.00600 -0.01338
v -0.00595 0.00600 -0.01289
v -0.00710 0.00600 -0.01230
v -0.00819 0.00600 -0.01160
v -0.00921 0.00600 -0.01081
v -0.01015 0.00600 -0.00993
v -0.01102 0.00600 -0.00896
v -0.01178 0.00600 -0.00792
v -0.01246 0.00600 -0.00682
v -0.01302 0.00600 -0.00566
v -0.01348 0.00600 -0.00445
v -0.01383 0.00600 -0.00320
v -0.01407 0.00600 -0.00193
v -0.01419 0.00600 -0.00065
v -0.01419 0.00600 0.00065
v -0.01407 0.00600 0.00193
v -0.01383 0.00600 0.00320
v -0.01348 0.00600 0.00445
v -0.01302 0.00600 0.00566
v -0.01246 0.00600 0.00682
v -0.01178 0.00600 0.00792
v -0.01102 0.00600 0.00896
v -0.01015 0.00600 0.00993
v -0.00921 0.00600 0.01081
v -0.00819 0.00600 0.01160
v -0.00710 0.00600 0.01230
v -0.00595 0.00600 0.01289
v -0.00476 0.00600 0.01338
v -0.00352 0.00600 0.01376
v -0.00225 0.00600 0.01402
v -0.00097 0.00600 0.01417
v 0.00032 0.00600 0.01420
v 0.00161 0.00600 0.01411
v 0.00289 0.00600 0.01390
v 0.00414 0.00600 0.01358
v 0.00536 0.00600 0.01315
v 0.00653 0.00600 0.01261
v 0.00765 0.00600 0.01196
v 0.00871 0.00600 0.01122
v 0.00969 0.00600 0.01038
v 0.01060 0.00600 0.00945
v 0.01141 0.00600 0.00845
v 0.01213 0.00600 0.00738
v 0.01275 0.00600 0.00624
v 0.01327 0.00600 0.00506
v 0.01367 0.00600 0.00383
v 0.01397 0.00600 0.00257
v 0.01414 0.00600 0.00129
v 0.01493 0.00534 -0.00132
v 0.01489 0.00547 -0.00132
v 0.01483 0.00560 -0.00132
v 0.01475 0.00571 -0.00131
v 0.01466 0.00581 -0.00130
v 0.01454 0.00589 -0.00129
v 0.01442 0.00595 -0.00128
v 0.01428 0.00599 -0.00127
v 0.01475 0.00534 -0.00264
v 0.01472 0.00547 -0.00263
v 0.01466 0.00560 -0.00262
v 0.01458 0.00571 -0.00261
v 0.01448 0.00581 -0.00259
v 0.01437 0.00589 -0.00257
v 0.01425 0.00595 -0.00255
v 0.01411 0.00599 -0.00252
v 0.01446 0.00534 -0.00393
v 0.01443 0.00547 -0.00392
v 0.01437 0.00560 -0.00391
v 0.01429 0.00571 -0.00389
v 0.01420 0.00581 -0.00386
v 0.01409 0.00589 -0.00383
v 0.01397 0.00595 -0.00380
v 0.01384 0.00599 -0.00376
v 0.01406 0.00534 -0.00520
v 0.01402 0.00547 -0.00518
v 0.01397 0.00560 -0.00516
v 0.01389 0.00571 -0.00513
v 0.01380 0.00581 -0.00510
v 0.01369 0.00589 -0.00506
v 0.01358 0.00595 -0.00502
v 0.01345 0.00599 -0.00497
v 0.01354 0.00534 -0.00642
v 0.01351 0.00547 -0.00640
v 0.01346 0.00560 -0.00638
v 0.01339 0.00571 -0.00634
v 0.01330 0.00581 -0.00630
v 0.01319 0.00589 -0.00625
v 0.01308 0.00595 -0.00620
v 0.01296 0.00599 -0.00614
v 0.01292 0.00534 -0.00759
v 0.01289 0.00547 -0.00757
v 0.01284 0.00560 -0.00754
v 0.01277 0.00571 -0.00750
v 0.01269 0.00581 -0.00745
v 0.01259 0.00589 -0.00739
v 0.01248 0.00595 -0.00733
v 0.01236 0.00599 -0.00726
v 0.01220 0.00534 -0.00870
v 0.01217 0.00547 -0.00868
v 0.01213 0.00560 -0.00865
v 0.01206 0.00571 -0.00860
v 0.01198 0.00581 -0.00854
v 0.01189 0.00589 -0.00848
v 0.01178 0.00595 -0.00840
v 0.01167 0.00599 -0.00833
v 0.01139 0.00534 -0.00975
v 0.01136 0.00547 -0.00972
v 0.01131 0.00560 -0.00968
v 0.01125 0.00571 -0.00963
v 0.01118 0.00581 -0.00957
v 0.01109 0.00589 -0.00949
v 0.01100 0.00595 -0.00941
v 0.01089 0.00599 -0.00932
v 0.01048 0.00534 -0.01071
v 0.01045 0.00547 -0.01069
v 0.01041 0.00560 -0.01065
v 0.01023 0.00534 -0.01095
v 0.01036 0.00571 -0.01059
v 0.01021 0.00547 -0.01093
v 0.01029 0.00581 -0.01052
v 0.01017 0.00560 -0.01088
v 0.01021 0.00589 -0.01044
v 0.01011 0.00571 -0.01083
v 0.01012 0.00595 -0.01035
v 0.01004 0.00581 -0.01075
v 0.01003 0.00599 -0.01025
v 0.00997 0.00589 -0.01067
v 0.00988 0.00595 -0.01058
v 0.00949 0.00534 -0.01160
v 0.00979 0.00599 -0.01048
v 0.00947 0.00547 -0.01157
v 0.00943 0.00560 -0.01153
v 0.00919 0.00534 -0.01184
v 0.00938 0.00571 -0.01146
v 0.00917 0.00547 -0.01181
v 0.00932 0.00581 -0.01139
v 0.00913 0.00560 -0.01176
v 0.00925 0.00589 -0.01130
v 0.00908 0.00571 -0.01170
v 0.00917 0.00595 -0.01120
v 0.00902 0.00581 -0.01162
v 0.00908 0.00599 -0.01110
v 0.00895 0.00589 -0.01153
v 0.00888 0.00595 -0.01143
v 0.00843 0.00534 -0.01239
v 0.00879 0.00599 -0.01133
v 0.00841 0.00547 -0.01236
v 0.00838 0.00560 -0.01231
v 0.00808 0.00534 -0.01263
v 0.00833 0.00571 -0.01225
v 0.00806 0.00547 -0.01259
v 0.00828 0.00581 -0.01217
v 0.00803 0.00560 -0.01255
v 0.00821 0.00589 -0.01207
v 0.00798 0.00571 -0.01248
v 0.00814 0.00595 -0.01197
v 0.00793 0.00581 -0.01239
v 0.00806 0.00599 -0.01186
v 0.00787 0.00589 -0.01230
v 0.00780 0.00595 -0.01219
v 0.00730 0.00534 -0.01309
v 0.00773 0.00599 -0.01208
v 0.00728 0.00547 -0.01306
v 0.00726 0.00560 -0.01301
v 0.00722 0.00571 -0.01294
v 0.00690 0.00534 -0.01331
v 0.00717 0.00581 -0.01285
v 0.00688 0.00547 -0.01328
v 0.00711 0.00589 -0.01275
v 0.00685 0.00560 -0.01322
v 0.00705 0.00595 -0.01264
v 0.00681 0.00571 -0.01315
v 0.00699 0.00599 -0.01252
v 0.00677 0.00581 -0.01306
v 0.00672 0.00589 -0.01296
v 0.00666 0.00595 -0.01285
v 0.00612 0.00534 -0.01368
v 0.00660 0.00599 -0.01273
v 0.00610 0.00547 -0.01365
v 0.00608 0.00560 -0.01360
v 0.00604 0.00571 -0.01352
v 0.00566 0.00534 -0.01388
v 0.00600 0.00581 -0.01343
v 0.00564 0.00547 -0.01385
v 0.00596 0.00589 -0.01333
v 0.00562 0.00560 -0.01379
v 0.00591 0.00595 -0.01321
v 0.00559 0.00571 -0.01372
v 0.00585 0.00599 -0.01309
v 0.00555 0.00581 -0.01363
v 0.00551 0.00589 -0.01352
v 0.00488 0.00534 -0.01417
v 0.00546 0.00595 -0.01340
v 0.00487 0.00547 -0.01414
v 0.00541 0.00599 -0.01328
v 0.00485 0.00560 -0.01408
v 0.00483 0.00571 -0.01400
v 0.00437 0.00534 -0.01434
v 0.00479 0.00581 -0.01391
v 0.00436 0.00547 -0.01430
v 0.00476 0.00589 -0.01380
v 0.00434 0.00560 -0.01425
v 0.00472 0.00595 -0.01368
v 0.00432 0.00571 -0.01417
v 0.00467 0.00599 -0.01356
v 0.00429 0.00581 -0.01407
v 0.00426 0.00589 -0.01397
v 0.00361 0.00534 -0.01455
v 0.00422 0.00595 -0.01384
v 0.00360 0.00547 -0.01451
v 0.00418 0.00599 -0.01372
v 0.00359 0.00560 -0.01445
v 0.00357 0.00571 -0.01438
v 0.00355 0.00581 -0.01428
v 0.00305 0.00534 -0.01467
v 0.00352 0.00589 -0.01417
v 0.00304 0.00547 -0.01464
v 0.00349 0.00595 -0.01405
v 0.00303 0.00560 -0.01458
v 0.00346 0.00599 -0.01392
v 0.00301 0.00571 -0.01450
v 0.00299 0.00581 -0.01441
v 0.00297 0.00589 -0.01429
v 0.00231 0.00534 -0.01481
v 0.00294 0.00595 -0.01417
v 0.00231 0.00547 -0.01477
v 0.00292 0.00599 -0.01404
v 0.00230 0.00560 -0.01471
v 0.00228 0.00571 -0.01464
v 0.00227 0.00581 -0.01454
v 0.00170 0.00534 -0.01489
v 0.00225 0.00589 -0.01443
v 0.00170 0.00547 -0.01485
v 0.00223 0.00595 -0.01430
v 0.00169 0.00560 -0.01480
v 0.00221 0.00599 -0.01417
v 0.00168 0.00571 -0.01472
v 0.00167 0.00581 -0.01462
v 0.00099 0.00534 -0.01495
v 0.00166 0.00589 -0.01451
v 0.00099 0.00547 -0.01492
v 0.00164 0.00595 -0.01438
v 0.00099 0.00560 -0.01486
v 0.00163 0.00599 -0.01425
v 0.00098 0.00571 -0.01478
v 0.00098 0.00581 -0.01468
v 0.00034 0.00534 -0.01498
v 0.00097 0.00589 -0.01457
v 0.00034 0.00547 -0.01495
v 0.00096 0.00595 -0.01444
v 0.00034 0.00560 -0.01489
v 0.00095 0.00599 -0.01431
v 0.00034 0.00571 -0.01481
v 0.00033 0.00581 -0.01471
v -0.00033 0.00534 -0.01498
v 0.00033 0.00589 -0.01460
v -0.00033 0.00547 -0.01495
v 0.00033 0.00595 -0.01447
v -0.00033 0.00560 -0.01489
v 0.00033 0.00599 -0.01434
v -0.00033 0.00571 -0.01481
v -0.00033 0.00581 -0.01471
v -0.00102 0.00534 -0.01495
v -0.00032 0.00589 -0.01460
v -0.00102 0.00547 -0.01492
v -0.00032 0.00595 -0.01447
v -0.00102 0.00560 -0.01486
v -0.00032 0.00599 -0.01434
v -0.00101 0.00571 -0.01478
v -0.00100 0.00581 -0.01468
v -0.00165 0.00534 -0.01490
v -0.00100 0.00589 -0.01457
v -0.00165 0.00547 -0.01486
v -0.00099 0.00595 -0.01444
v -0.00164 0.00560 -0.01480
v -0.00098 0.00599 -0.01431
v -0.00164 0.00571 -0.01472
v -0.00162 0.00581 -0.01462
v -0.00161 0.00589 -0.01451
v -0.00238 0.00534 -0.01480
v -0.00160 0.00595 -0.01439
v -0.00237 0.00547 -0.01476
v -0.00158 0.00599 -0.01425
v -0.00236 0.00560 -0.01470
v -0.00235 0.00571 -0.01463
v -0.00233 0.00581 -0.01453
v -0.00296 0.00534 -0.01469
v -0.00232 0.00589 -0.01442
v -0.00296 0.00547 -0.01466
v -0.00230 0.00595 -0.01429
v -0.00295 0.00560 -0.01460
v -0.00228 0.00599 -0.01416
v -0.00293 0.00571 -0.01452
v -0.00291 0.00581 -0.01442
v -0.00289 0.00589 -0.01431
v -0.00371 0.00534 -0.01452
v -0.00286 0.00595 -0.01419
v -0.00371 0.00547 -0.01449
v -0.00284 0.00599 -0.01406
v -0.00369 0.00560 -0.01443
v -0.00367 0.00571 -0.01435
v -0.00425 0.00534 -0.01437
v -0.00365 0.00581 -0.01426
v -0.00424 0.00547 -0.01434
v -0.00362 0.00589 -0.01414
v -0.00422 0.00560 -0.01428
v -0.00359 0.00595 -0.01402
v -0.00420 0.00571 -0.01420
v -0.00355 0.00599 -0.01389
v -0.00417 0.00581 -0.01411
v -0.00414 0.00589 -0.01400
v -0.00502 0.00534 -0.01412
v -0.00411 0.00595 -0.01388
v -0.00501 0.00547 -0.01409
v -0.00407 0.00599 -0.01375
v -0.00499 0.00560 -0.01403
v -0.00496 0.00571 -0.01396
v -0.00551 0.00534 -0.01394
v -0.00493 0.00581 -0.01386
v -0.00549 0.00547 -0.01391
v -0.00489 0.00589 -0.01376
v -0.00547 0.00560 -0.01385
v -0.00485 0.00595 -0.01364
v -0.00544 0.00571 -0.01378
v -0.00480 0.00599 -0.01351
v -0.00540 0.00581 -0.01369
v -0.00536 0.00589 -0.01358
v -0.00628 0.00534 -0.01361
v -0.00532 0.00595 -0.01346
v -0.00627 0.00547 -0.01357
v -0.00527 0.00599 -0.01334
v -0.00624 0.00560 -0.01352
v -0.00621 0.00571 -0.01345
v -0.00672 0.00534 -0.01340
v -0.00617 0.00581 -0.01336
v -0.00670 0.00547 -0.01337
v -0.00612 0.00589 -0.01326
v -0.00667 0.00560 -0.01331
v -0.00607 0.00595 -0.01314
v -0.00664 0.00571 -0.01324
v -0.00601 0.00599 -0.01302
v -0.00659 0.00581 -0.01315
v -0.00654 0.00589 -0.01305
v -0.00649 0.00595 -0.01294
v -0.00749 0.00534 -0.01298
v -0.00642 0.00599 -0.01282
v -0.00748 0.00547 -0.01295
v -0.00745 0.00560 -0.01290
v -0.00741 0.00571 -0.01283
v -0.00787 0.00534 -0.01275
v -0.00736 0.00581 -0.01274
v -0.00785 0.00547 -0.01272
v -0.00730 0.00589 -0.01264
v -0.00782 0.00560 -0.01267
v -0.00724 0.00595 -0.01253
v -0.00778 0.00571 -0.01260
v -0.00717 0.00599 -0.01242
v -0.00773 0.00581 -0.01252
v -0.00767 0.00589 -0.01242
v -0.00760 0.00595 -0.01232
v -0.00864 0.00534 -0.01224
v -0.00753 0.00599 -0.01220
v -0.00862 0.00547 -0.01222
v -0.00859 0.00560 -0.01217
v -0.00897 0.00534 -0.01201
v -0.00854 0.00571 -0.01210
v -0.00895 0.00547 -0.01198
v -0.00849 0.00581 -0.01202
v -0.00891 0.00560 -0.01193
v -0.00842 0.00589 -0.01193
v -0.00887 0.00571 -0.01187
v -0.00835 0.00595 -0.01182
v -0.00881 0.00581 -0.01179
v -0.00827 0.00599 -0.01171
v -0.00874 0.00589 -0.01170
v -0.00866 0.00595 -0.01160
v -0.00972 0.00534 -0.01141
v -0.00858 0.00599 -0.01149
v -0.00970 0.00547 -0.01138
v -0.00966 0.00560 -0.01134
v -0.01000 0.00534 -0.01117
v -0.00961 0.00571 -0.01127
v -0.00997 0.00547 -0.01114
v -0.00954 0.00581 -0.01120
v -0.00993 0.00560 -0.01110
v -0.00947 0.00589 -0.01111
v -0.00988 0.00571 -0.01104
v -0.00939 0.00595 -0.01102
v -0.00981 0.00581 -0.01096
v -0.00930 0.00599 -0.01091
v -0.00974 0.00589 -0.01088
v -0.00965 0.00595 -0.01078
v -0.01072 0.00534 -0.01048
v -0.00956 0.00599 -0.01068
v -0.01069 0.00547 -0.01045
v -0.01065 0.00560 -0.01041
v -0.01059 0.00571 -0.01035
v -0.01052 0.00581 -0.01029
v -0.01044 0.00589 -0.01021
v -0.01035 0.00595 -0.01012
v -0.01025 0.00599 -0.01002
v -0.01160 0.00547 -0.00944
v -0.01155 0.00560 -0.00940
v -0.01149 0.00571 -0.00935
v -0.01141 0.00581 -0.00929
v -0.01133 0.00589 -0.00921
v -0.01123 0.00595 -0.00913
v -0.01112 0.00599 -0.00905
v -0.01241 0.00547 -0.00834
v -0.01236 0.00560 -0.00831
v -0.01229 0.00571 -0.00826
v -0.01221 0.00581 -0.00821
v -0.01212 0.00589 -0.00815
v -0.01201 0.00595 -0.00808
v -0.01190 0.00599 -0.00800
v -0.01312 0.00547 -0.00718
v -0.01306 0.00560 -0.00715
v -0.01299 0.00571 -0.00711
v -0.01291 0.00581 -0.00707
v -0.01281 0.00589 -0.00701
v -0.01270 0.00595 -0.00695
v -0.01258 0.00599 -0.00688
v -0.01371 0.00547 -0.00596
v -0.01366 0.00560 -0.00593
v -0.01359 0.00571 -0.00590
v -0.01350 0.00581 -0.00586
v -0.01339 0.00589 -0.00582
v -0.01328 0.00595 -0.00577
v -0.01315 0.00599 -0.00571
v -0.01423 0.00534 -0.00470
v -0.01420 0.00547 -0.00469
v -0.01414 0.00560 -0.00467
v -0.01407 0.00571 -0.00464
v -0.01397 0.00581 -0.00461
v -0.01386 0.00589 -0.00457
v -0.01374 0.00595 -0.00454
v -0.01362 0.00599 -0.00449
v -0.01460 0.00534 -0.00338
v -0.01457 0.00547 -0.00337
v -0.01451 0.00560 -0.00336
v -0.01443 0.00571 -0.00334
v -0.01433 0.00581 -0.00332
v -0.01422 0.00589 -0.00330
v -0.01410 0.00595 -0.00327
v -0.01397 0.00599 -0.00324
v -0.01485 0.00534 -0.00204
v -0.01481 0.00547 -0.00204
v -0.01475 0.00560 -0.00203
v -0.01467 0.00571 -0.00202
v -0.01458 0.00581 -0.00200
v -0.01446 0.00589 -0.00199
v -0.01434 0.00595 -0.00197
v -0.01421 0.00599 -0.00195
v -0.01497 0.00534 -0.00068
v -0.01494 0.00547 -0.00068
v -0.01488 0.00560 -0.00068
v -0.01480 0.00571 -0.00067
v -0.01470 0.00581 -0.00067
v -0.01458 0.00589 -0.00066
v -0.01446 0.00595 -0.00066
v -0.01432 0.00599 -0.00065
v -0.01497 0.00534 0.00066
v -0.01494 0.00547 0.00066
v -0.01488 0.00560 0.00066
v -0.01480 0.00571 0.00066
v -0.01470 0.00581 0.00065
v -0.01459 0.00589 0.00065
v -0.01446 0.00595 0.00064
v -0.01432 0.00599 0.00063
v -0.01486 0.00534 0.00198
v -0.01482 0.00547 0.00198
v -0.01476 0.00560 0.00197
v -0.01468 0.00571 0.00196
v -0.01458 0.00581 0.00195
v -0.01447 0.00589 0.00193
v -0.01435 0.00595 0.00192
v -0.01421 0.00599 0.00190
v -0.01462 0.00534 0.00329
v -0.01459 0.00547 0.00328
v -0.01453 0.00560 0.00327
v -0.01445 0.00571 0.00325
v -0.01436 0.00581 0.00323
v -0.01424 0.00589 0.00320
v -0.01412 0.00595 0.00318
v -0.01399 0.00599 0.00315
v -0.01427 0.00534 0.00457
v -0.01424 0.00547 0.00456
v -0.01418 0.00560 0.00454
v -0.01411 0.00571 0.00452
v -0.01401 0.00581 0.00448
v -0.01391 0.00589 0.00445
v -0.01378 0.00595 0.00441
v -0.01366 0.00599 0.00437
v -0.01382 0.00534 0.00581
v -0.01378 0.00547 0.00580
v -0.01373 0.00560 0.00578
v -0.01365 0.00571 0.00574
v -0.01356 0.00581 0.00571
v -0.01346 0.00589 0.00566
v -0.01334 0.00595 0.00561
v -0.01322 0.00599 0.00556
v -0.01325 0.00534 0.00701
v -0.01322 0.00547 0.00699
v -0.01316 0.00560 0.00697
v -0.01309 0.00571 0.00693
v -0.01301 0.00581 0.00688
v -0.01290 0.00589 0.00683
v -0.01279 0.00595 0.00677
v -0.01267 0.00599 0.00671
v -0.01258 0.00534 0.00815
v -0.01255 0.00547 0.00813
v -0.01250 0.00560 0.00810
v -0.01243 0.00571 0.00806
v -0.01235 0.00581 0.00800
v -0.01225 0.00589 0.00794
v -0.01214 0.00595 0.00787
v -0.01203 0.00599 0.00780
v -0.01181 0.00534 0.00923
v -0.01178 0.00547 0.00921
v -0.01173 0.00560 0.00917
v -0.01167 0.00571 0.00913
v -0.01159 0.00581 0.00906
v -0.01150 0.00589 0.00899
v -0.01140 0.00595 0.00892
v -0.01129 0.00599 0.00883
v -0.01094 0.00534 0.01024
v -0.01092 0.00547 0.01022
v -0.01087 0.00560 0.01018
v -0.01082 0.00571 0.01012
v -0.01074 0.00581 0.01005
v -0.01066 0.00589 0.00998
v -0.01057 0.00595 0.00989
v -0.01047 0.00599 0.00980
v -0.01000 0.00534 0.01117
v -0.00997 0.00547 0.01114
v -0.00993 0.00560 0.01110
v -0.00972 0.00534 0.01141
v -0.00988 0.00571 0.01104
v -0.00970 0.00547 0.01138
v -0.00981 0.00581 0.01096
v -0.00966 0.00560 0.01134
v -0.00974 0.00589 0.01088
v -0.00961 0.00571 0.01127
v -0.00965 0.00595 0.01078
v -0.00954 0.00581 0.01120
v -0.00956 0.00599 0.01068
v -0.00947 0.00589 0.01111
v -0.00939 0.00595 0.01102
v -0.00897 0.00534 0.01201
v -0.00930 0.00599 0.01091
v -0.00895 0.00547 0.01198
v -0.00891 0.00560 0.01193
v -0.00864 0.00534 0.01224
v -0.00887 0.00571 0.01187
v -0.00862 0.00547 0.01222
v -0.00881 0.00581 0.01179
v -0.00859 0.00560 0.01217
v -0.00874 0.00589 0.01170
v -0.00854 0.00571 0.01210
v -0.00866 0.00595 0.01160
v -0.00849 0.00581 0.01202
v -0.00858 0.00599 0.01149
v -0.00842 0.00589 0.01193
v -0.00835 0.00595 0.01182
v -0.00787 0.00534 0.01275
v -0.00827 0.00599 0.01171
v -0.00785 0.00547 0.01272
v -0.00782 0.00560 0.01267
v -0.00778 0.00571 0.01260
v -0.00749 0.00534 0.01298
v -0.00773 0.00581 0.01252
v -0.00748 0.00547 0.01295
v -0.00767 0.00589 0.01242
v -0.00745 0.00560 0.01290
v -0.00760 0.00595 0.01232
v -0.00741 0.00571 0.01283
v -0.00753 0.00599 0.01220
v -0.00736 0.00581 0.01274
v -0.00730 0.00589 0.01264
v -0.00724 0.00595 0.01253
v -0.00672 0.00534 0.01340
v -0.00717 0.00599 0.01242
v -0.00670 0.00547 0.01337
v -0.00667 0.00560 0.01331
v -0.00664 0.00571 0.01324
v -0.00628 0.00534 0.01361
v -0.00659 0.00581 0.01315
v -0.00627 0.00547 0.01357
v -0.00654 0.00589 0.01305
v -0.00624 0.00560 0.01352
v -0.00649 0.00595 0.01294
v -0.00621 0.00571 0.01345
v -0.00642 0.00599 0.01282
v -0.00617 0.00581 0.01336
v -0.00612 0.00589 0.01326
v -0.00551 0.00534 0.01394
v -0.00607 0.00595 0.01314
v -0.00549 0.00547 0.01391
v -0.00601 0.00599 0.01302
v -0.00547 0.00560 0.01385
v -0.00544 0.00571 0.01378
v -0.00502 0.00534 0.01412
v -0.00540 0.00581 0.01369
v -0.00501 0.00547 0.01409
v -0.00536 0.00589 0.01358
v -0.00499 0.00560 0.01403
v -0.00532 0.00595 0.01346
v -0.00496 0.00571 0.01396
v -0.00527 0.00599 0.01334
v -0.00493 0.00581 0.01386
v -0.00489 0.00589 0.01376
v -0.00425 0.00534 0.01437
v -0.00485 0.00595 0.01364
v -0.00424 0.00547 0.01434
v -0.00480 0.00599 0.01351
v -0.00422 0.00560 0.01428
v -0.00420 0.00571 0.01420
v -0.00371 0.00534 0.01452
v -0.00417 0.00581 0.01411
v -0.00371 0.00547 0.01449
v -0.00414 0.00589 0.01400
v -0.00369 0.00560 0.01443
v -0.00411 0.00595 0.01388
v -0.00367 0.00571 0.01435
v -0.00407 0.00599 0.01375
v -0.00365 0.00581 0.01426
v -0.00362 0.00589 0.01414
v -0.00296 0.00534 0.01469
v -0.00359 0.00595 0.01402
v -0.00296 0.00547 0.01466
v -0.00355 0.00599 0.01389
v -0.00295 0.00560 0.01460
v -0.00293 0.00571 0.01452
v -0.00291 0.00581 0.01442
v -0.00238 0.00534 0.01480
v -0.00289 0.00589 0.01431
v -0.00237 0.00547 0.01476
v -0.00286 0.00595 0.01419
v -0.00236 0.00560 0.01470
v -0.00284 0.00599 0.01406
v -0.00235 0.00571 0.01463
v -0.00233 0.00581 0.01453
v -0.00232 0.00589 0.01442
v -0.00165 0.00534 0.01490
v -0.00230 0.00595 0.01429
v -0.00165 0.00547 0.01486
v -0.00228 0.00599 0.01416
v -0.00164 0.00560 0.01480
v -0.00164 0.00571 0.01472
v -0.00162 0.00581 0.01462
v -0.00102 0.00534 0.01495
v -0.00161 0.00589 0.01451
v -0.00102 0.00547 0.01492
v -0.00160 0.00595 0.01439
v -0.00102 0.00560 0.01486
v -0.00158 0.00599 0.01425
v -0.00101 0.00571 0.01478
v -0.00100 0.00581 0.01468
v -0.00033 0.00534 0.01498
v -0.00100 0.00589 0.01457
v -0.00033 0.00547 0.01495
v -0.00099 0.00595 0.01444
v -0.00033 0.00560 0.01489
v -0.00098 0.00599 0.01431
v -0.00033 0.00571 0.01481
v -0.00033 0.00581 0.01471
v 0.00034 0.00534 0.01498
v -0.00032 0.00589 0.01460
v 0.00034 0.00547 0.01495
v -0.00032 0.00595 0.01447
v 0.00034 0.00560 0.01489
v -0.00032 0.00599 0.01434
v 0.00034 0.00571 0.01481
v 0.00033 0.00581 0.01471
v 0.00099 0.00534 0.01495
v 0.00033 0.00589 0.01460
v 0.00099 0.00547 0.01492
v 0.00033 0.00595 0.01447
v 0.00099 0.00560 0.01486
v 0.00033 0.00599 0.01434
v 0.00098 0.00571 0.01478
v 0.00098 0.00581 0.01468
v 0.00170 0.00534 0.01489
v 0.00097 0.00589 0.01457
v 0.00170 0.00547 0.01485
v 0.00096 0.00595 0.01444
v 0.00169 0.00560 0.01480
v 0.00095 0.00599 0.01431
v 0.00168 0.00571 0.01472
v 0.00167 0.00581 0.01462
v 0.00231 0.00534 0.01481
v 0.00166 0.00589 0.01451
v 0.00231 0.00547 0.01477
v 0.00164 0.00595 0.01438
v 0.00230 0.00560 0.01471
v 0.00163 0.00599 0.01425
v 0.00228 0.00571 0.01464
v 0.00227 0.00581 0.01454
v 0.00225 0.00589 0.01443
v 0.00305 0.00534 0.01467
v 0.00223 0.00595 0.01430
v 0.00304 0.00547 0.01464
v 0.00221 0.00599 0.01417
v 0.00303 0.00560 0.01458
v 0.00301 0.00571 0.01450
v 0.00299 0.00581 0.01441
v 0.00361 0.00534 0.01455
v 0.00297 0.00589 0.01429
v 0.00360 0.00547 0.01451
v 0.00294 0.00595 0.01417
v 0.00359 0.00560 0.01445
v 0.00292 0.00599 0.01404
v 0.00357 0.00571 0.01438
v 0.00355 0.00581 0.01428
v 0.00352 0.00589 0.01417
v 0.00437 0.00534 0.01434
v 0.00349 0.00595 0.01405
v 0.00436 0.00547 0.01430
v 0.00346 0.00599 0.01392
v 0.00434 0.00560 0.01425
v 0.00432 0.00571 0.01417
v 0.00488 0.00534 0.01417
v 0.00429 0.00581 0.01407
v 0.00487 0.00547 0.01414
v 0.00426 0.00589 0.01397
v 0.00485 0.00560 0.01408
v 0.00422 0.00595 0.01384
v 0.00483 0.00571 0.01400
v 0.00418 0.00599 0.01372
v 0.00479 0.00581 0.01391
v 0.00476 0.00589 0.01380
v 0.00566 0.00534 0.01388
v 0.00472 0.00595 0.01368
v 0.00564 0.00547 0.01385
v 0.00467 0.00599 0.01356
v 0.00562 0.00560 0.01379
v 0.00559 0.00571 0.01372
v 0.00612 0.00534 0.01368
v 0.00555 0.00581 0.01363
v 0.00610 0.00547 0.01365
v 0.00551 0.00589 0.01352
v 0.00608 0.00560 0.01360
v 0.00546 0.00595 0.01340
v 0.00604 0.00571 0.01352
v 0.00541 0.00599 0.01328
v 0.00600 0.00581 0.01343
v 0.00596 0.00589 0.01333
v 0.00591 0.00595 0.01321
v 0.00690 0.00534 0.01331
v 0.00585 0.00599 0.01309
v 0.00688 0.00547 0.01328
v 0.00685 0.00560 0.01322
v 0.00681 0.00571 0.01315
v 0.00730 0.00534 0.01309
v 0.00677 0.00581 0.01306
v 0.00728 0.00547 0.01306
v 0.00672 0.00589 0.01296
v 0.00726 0.00560 0.01301
v 0.00666 0.00595 0.01285
v 0.00722 0.00571 0.01294
v 0.00660 0.00599 0.01273
v 0.00717 0.00581 0.01285
v 0.00711 0.00589 0.01275
v 0.00705 0.00595 0.01264
v 0.00808 0.00534 0.01263
v 0.00699 0.00599 0.01252
v 0.00806 0.00547 0.01259
v 0.00803 0.00560 0.01255
v 0.00843 0.00534 0.01239
v 0.00798 0.00571 0.01248
v 0.00841 0.00547 0.01236
v 0.00793 0.00581 0.01239
v 0.00838 0.00560 0.01231
v 0.00787 0.00589 0.01230
v 0.00833 0.00571 0.01225
v 0.00780 0.00595 0.01219
v 0.00828 0.00581 0.01217
v 0.00773 0.00599 0.01208
v 0.00821 0.00589 0.01207
v 0.00814 0.00595 0.01197
v 0.00919 0.00534 0.01184
v 0.00806 0.00599 0.01186
v 0.00917 0.00547 0.01181
v 0.00913 0.00560 0.01176
v 0.00949 0.00534 0.01160
v 0.00908 0.00571 0.01170
v 0.00947 0.00547 0.01157
v 0.00902 0.00581 0.01162
v 0.00943 0.00560 0.01153
v 0.00895 0.00589 0.01153
v 0.00938 0.00571 0.01146
v 0.00888 0.00595 0.01143
v 0.00932 0.00581 0.01139
v 0.00879 0.00599 0.01133
v 0.00925 0.00589 0.01130
v 0.00917 0.00595 0.01120
v 0.01023 0.00534 0.01095
v 0.00908 0.00599 0.01110
v 0.01021 0.00547 0.01093
v 0.01017 0.00560 0.01088
v 0.01048 0.00534 0.01071
v 0.01011 0.00571 0.01083
v 0.01045 0.00547 0.01069
v 0.01004 0.00581 0.01075
v 0.01041 0.00560 0.01065
v 0.00997 0.00589 0.01067
v 0.01036 0.00571 0.01059
v 0.00988 0.00595 0.01058
v 0.01029 0.00581 0.01052
v 0.00979 0.00599 0.01048
v 0.01021 0.00589 0.01044
v 0.01012 0.00595 0.01035
v 0.01003 0.00599 0.01025
v 0.01118 0.00534 0.00998
v 0.01116 0.00547 0.00995
v 0.01111 0.00560 0.00991
v 0.01105 0.00571 0.00986
v 0.01098 0.00581 0.00980
v 0.01089 0.00589 0.00972
v 0.01080 0.00595 0.00964
v 0.01070 0.00599 0.00955
v 0.01202 0.00547 0.00890
v 0.01197 0.00560 0.00886
v 0.01190 0.00571 0.00882
v 0.01182 0.00581 0.00876
v 0.01173 0.00589 0.00869
v 0.01163 0.00595 0.00861
v 0.01152 0.00599 0.00853
v 0.01278 0.00547 0.00777
v 0.01272 0.00560 0.00774
v 0.01266 0.00571 0.00770
v 0.01257 0.00581 0.00765
v 0.01247 0.00589 0.00759
v 0.01237 0.00595 0.00752
v 0.01225 0.00599 0.00745
v 0.01343 0.00547 0.00657
v 0.01338 0.00560 0.00655
v 0.01330 0.00571 0.00651
v 0.01322 0.00581 0.00647
v 0.01311 0.00589 0.00642
v 0.01300 0.00595 0.00636
v 0.01288 0.00599 0.00631
v 0.01400 0.00534 0.00534
v 0.01397 0.00547 0.00533
v 0.01392 0.00560 0.00531
v 0.01384 0.00571 0.00528
v 0.01375 0.00581 0.00524
v 0.01364 0.00589 0.00520
v 0.01352 0.00595 0.00516
v 0.01340 0.00599 0.00511
v 0.01443 0.00534 0.00404
v 0.01440 0.00547 0.00403
v 0.01434 0.00560 0.00402
v 0.01426 0.00571 0.00400
v 0.01417 0.00581 0.00397
v 0.01406 0.00589 0.00394
v 0.01394 0.00595 0.00390
v 0.01381 0.00599 0.00387
v 0.01474 0.00534 0.00271
v 0.01470 0.00547 0.00271
v 0.01465 0.00560 0.00270
v 0.01457 0.00571 0.00268
v 0.01447 0.00581 0.00266
v 0.01436 0.00589 0.00264
v 0.01423 0.00595 0.00262
v 0.01410 0.00599 0.00260
v 0.01493 0.00534 0.00136
v 0.01489 0.00547 0.00136
v 0.01483 0.00560 0.00135
v 0.01475 0.00571 0.00135
v 0.01465 0.00581 0.00134
v 0.01454 0.00589 0.00133
v 0.01441 0.00595 0.00132
v 0.01428 0.00599 0.00130
vn 1.0000 0.0000 0.0000
vn 1.0000 0.0000 0.0000
vn 0.9961 -0.0000 -0.0884
vn 0.9844 -0.0000 -0.1761
vn 0.9650 -0.0000 -0.2624
vn 0.9380 -0.0000 -0.3466
vn 0.9037 -0.0000 -0.4282
vn 0.8623 -0.0000 -0.5064
vn 0.8142 -0.0000 -0.5806
vn 0.7597 -0.0000 -0.6503
vn 0.6992 -0.0000 -0.7149
vn 0.6333 -0.0000 -0.7739
vn 0.5624 -0.0000 -0.8268
vn 0.4872 -0.0000 -0.8733
vn 0.4081 -0.0000 -0.9129
vn 0.3258 -0.0000 -0.9454
vn 0.2410 -0.0000 -0.9705
vn 0.1542 -0.0000 -0.9880
vn 0.0663 -0.0000 -0.9978
vn -0.0221 0.0000 -0.9998
vn -0.1104 0.0000 -0.9939
vn -0.1978 0.0000 -0.9802
vn -0.2837 0.0000 -0.9589
vn -0.3673 0.0000 -0.9301
vn -0.4481 0.0000 -0.8940
vn -0.5253 0.0000 -0.8509
vn -0.5985 0.0000 -0.8011
vn -0.6669 0.0000 -0.7451
vn -0.7302 0.0000 -0.6833
vn -0.7877 0.0000 -0.6160
vn -0.8391 0.0000 -0.5440
vn -0.8839 0.0000 -0.4677
vn -0.9217 0.0000 -0.3878
vn -0.9524 0.0000 -0.3048
vn -0.9756 0.0000 -0.2194
vn -0.9912 0.0000 -0.1324
vn -0.9990 0.0000 -0.0442
vn -0.9990 0.0000 0.0442
vn -0.9912 0.0000 0.1324
vn -0.9756 0.0000 0.2194
vn -0.9524 0.0000 0.3048
vn -0.9217 0.0000 0.3878
vn -0.8839 0.0000 0.4677
vn -0.8391 0.0000 0.5440
vn -0.7877 0.0000 0.6160
vn -0.7302 0.0000 0.6833
vn -0.6669 0.0000 0.7451
vn -0.5985 0.0000 0.8011
vn -0.5253 0.0000 0.8509
vn -0.4481 0.0000 0.8940
vn -0.3673 0.0000 0.9301
vn -0.2837 0.0000 0.9589
vn -0.1978 0.0000 0.9802
vn -0.1104 0.0000 0.9939
vn -0.0221 0.0000 0.9998
vn 0.0663 0.0000 0.9978
vn 0.1542 0.0000 0.9880
vn 0.2410 0.0000 0.9705
vn 0.3258 0.0000 0.9454
vn 0.4081 0.0000 0.9129
vn 0.4872 0.0000 0.8733
vn 0.5624 0.0000 0.8268
vn 0.6333 0.0000 0.7739
vn 0.6992 0.0000 0.7149
vn 0.7597 0.0000 0.6503
vn 0.8142 0.0000 0.5806
vn 0.8623 0.0000 0.5064
vn 0.9037 0.0000 0.4282
vn 0.9380 0.0000 0.3466
vn 0.9650 0.0000 0.2624
vn 0.9844 0.0000 0.1761
vn 0.9961 0.0000 0.0884
vn 0.9961 -0.0000 -0.0884
vn 0.9844 -0.0000 -0.1761
vn 0.9650 -0.0000 -0.2624
vn 0.9380 -0.0000 -0.3466
vn 0.9037 -0.0000 -0.4282
vn 0.8623 -0.0000 -0.5064
vn 0.8142 -0.0000 -0.5806
vn 0.7597 -0.0000 -0.6503
vn 0.6992 -0.0000 -0.7149
vn 0.6333 -0.0000 -0.7739
vn 0.5624 -0.0000 -0.8268
vn 0.4872 -0.0000 -0.8733
vn 0.4081 -0.0000 -0.9129
vn 0.3258 -0.0000 -0.9454
vn 0.2410 -0.0000 -0.9705
vn 0.1542 -0.0000 -0.9880
vn 0.0663 -0.0000 -0.9978
vn -0.0221 0.0000 -0.9998
vn -0.1104 0.0000 -0.9939
vn -0.1978 0.0000 -0.9802
vn -0.2837 0.0000 -0.9589
vn -0.3673 0.0000 -0.9301
vn -0.4481 0.0000 -0.8940
vn -0.5253 0.0000 -0.8509
vn -0.5985 0.0000 -0.8011
vn -0.6669 0.0000 -0.7451
vn -0.7302 0.0000 -0.6833
vn -0.7877 0.0000 -0.6160
vn -0.8391 0.0000 -0.5440
vn -0.8839 0.0000 -0.4677
vn -0.9217 0.0000 -0.3878
vn -0.9524 0.0000 -0.3048
vn -0.9756 0.0000 -0.2194
vn -0.9912 0.0000 -0.1324
vn -0.9990 0.0000 -0.0442
vn -0.9990 0.0000 0.0442
vn -0.9912 0.0000 0.1324
vn -0.9756 0.0000 0.2194
vn -0.9524 0.0000 0.3048
vn -0.9217 0.0000 0.3878
vn -0.8839 0.0000 0.4677
vn -0.8391 0.0000 0.5440
vn -0.7877 0.0000 0.6160
vn -0.7302 0.0000 0.6833
vn -0.6669 0.0000 0.7451
vn -0.5985 0.0000 0.8011
vn -0.5253 0.0000 0.8509
vn -0.4481 0.0000 0.8940
vn -0.3673 0.0000 0.9301
vn -0.2837 0.0000 0.9589
vn -0.1978 0.0000 0.9802
vn -0.1104 0.0000 0.9939
vn -0.0221 0.0000 0.9998
vn 0.0663 0.0000 0.9978
vn 0.1542 0.0000 0.9880
vn 0.2410 0.0000 0.9705
vn 0.3258 0.0000 0.9454
vn 0.4081 0.0000 0.9129
vn 0.4872 0.0000 0.8733
vn 0.5624 0.0000 0.8268
vn 0.6333 0.0000 0.7739
vn 0.6992 0.0000 0.7149
vn 0.7597 0.0000 0.6503
vn 0.8142 0.0000 0.5806
vn 0.8623 0.0000 0.5064
vn 0.9037 0.0000 0.4282
vn 0.9380 0.0000 0.3466
vn 0.9650 0.0000 0.2624
vn 0.9844 0.0000 0.1761
vn 0.9961 0.0000 0.0884
vn 0.9848 -0.1736 -0.0000
vn 0.9397 -0.3420 -0.0000
vn 0.8660 -0.5000 -0.0000
vn 0.7660 -0.6428 -0.0000
vn 0.6428 -0.7660 -0.0000
vn 0.5000 -0.8660 -0.0000
vn 0.3420 -0.9397 -0.0000
vn 0.1736 -0.9848 -0.0000
vn 0.0000 -1.0000 -0.0000
vn 0.0000 -1.0000 -0.0000
vn 0.0000 -1.0000 -0.0000
vn 0.0000 -1.0000 -0.0000
vn 0.0000 -1.0000 -0.0000
vn 0.0000 -1.0000 -0.0000
vn 0.0000 -1.0000 -0.0000
vn 0.0000 -1.0000 -0.0000
vn 0.0000 -1.0000 -0.0000
vn 0.0000 -1.0000 -0.0000
vn 0.0000 -1.0000 -0.0000
vn 0.0000 -1.0000 -0.0000
vn 0.0000 -1.0000 -0.0000
vn 0.0000 -1.0000 -0.0000
vn 0.0000 -1.0000 -0.0000
vn 0.0000 -1.0000 -0.0000
vn 0.0000 -1.0000 -0.0000
vn 0.0000 -1.0000 -0.0000
vn -0.0000 -1.0000 -0.0000
vn -0.0000 -1.0000 -0.0000
vn -0.0000 -1.0000 -0.0000
vn -0.0000 -1.0000 -0.0000
vn -0.0000 -1.0000 -0.0000
vn -0.0000 -1.0000 -0.0000
vn -0.0000 -1.0000 -0.0000
vn -0.0000 -1.0000 -0.0000
vn -0.0000 -1.0000 -0.0000
vn -0.0000 -1.0000 -0.0000
vn -0.0000 -1.0000 -0.0000
vn -0.0000 -1.0000 -0.0000
vn -0.0000 -1.0000 -0.0000
vn -0.0000 -1.0000 -0.0000
vn -0.0000 -1.0000 -0.0000
vn -0.0000 -1.0000 -0.0000
vn -0.0000 -1.0000 -0.0000
vn -0.0000 -1.0000 0.0000
vn -0.0000 -1.0000 0.0000
vn -0.0000 -1.0000 0.0000
vn -0.0000 -1.0000 0.0000
vn -0.0000 -1.0000 0.0000
vn -0.0000 -1.0000 0.0000
vn -0.0000 -1.0000 0.0000
vn -0.0000 -1.0000 0.0000
vn -0.0000 -1.0000 0.0000
vn -0.0000 -1.0000 0.0000
vn -0.0000 -1.0000 0.0000
vn -0.0000 -1.0000 0.0000
vn -0.0000 -1.0000 0.0000
vn -0.0000 -1.0000 0.0000
vn -0.0000 -1.0000 0.0000
vn -0.0000 -1.0000 0.0000
vn -0.0000 -1.0000 0.0000
vn 0.0000 -1.0000 0.0000
vn 0.0000 -1.0000 0.0000
vn 0.0000 -1.0000 0.0000
vn 0.0000 -1.0000 0.0000
vn 0.0000 -1.0000 0.0000
vn 0.0000 -1.0000 0.0000
vn 0.0000 -1.0000 0.0000
vn 0.0000 -1.0000 0.0000
vn 0.0000 -1.0000 0.0000
vn 0.0000 -1.0000 0.0000
vn 0.0000 -1.0000 0.0000
vn 0.0000 -1.0000 0.0000
vn 0.0000 -1.0000 0.0000
vn 0.0000 -1.0000 0.0000
vn 0.0000 -1.0000 0.0000
vn 0.0000 -1.0000 0.0000
vn 0.0000 -1.0000 0.0000
vn 0.9810 -0.1736 -0.0870
vn 0.9360 -0.3420 -0.0831
vn 0.8626 -0.5000 -0.0765
vn 0.7630 -0.6428 -0.0677
vn 0.6403 -0.7660 -0.0568
vn 0.4980 -0.8660 -0.0442
vn 0.3407 -0.9397 -0.0302
vn 0.1730 -0.9848 -0.0153
vn 0.9694 -0.1736 -0.1734
vn 0.9250 -0.3420 -0.1655
vn 0.8525 -0.5000 -0.1525
vn 0.7541 -0.6428 -0.1349
vn 0.6327 -0.7660 -0.1132
vn 0.4922 -0.8660 -0.0880
vn 0.3367 -0.9397 -0.0602
vn 0.1709 -0.9848 -0.0306
vn 0.9503 -0.1736 -0.2584
vn 0.9068 -0.3420 -0.2466
vn 0.8357 -0.5000 -0.2272
vn 0.7392 -0.6428 -0.2010
vn 0.6203 -0.7660 -0.1687
vn 0.4825 -0.8660 -0.1312
vn 0.3300 -0.9397 -0.0897
vn 0.1676 -0.9848 -0.0456
vn 0.9237 -0.1736 -0.3414
vn 0.8814 -0.3420 -0.3257
vn 0.8123 -0.5000 -0.3002
vn 0.7185 -0.6428 -0.2655
vn 0.6029 -0.7660 -0.2228
vn 0.4690 -0.8660 -0.1733
vn 0.3208 -0.9397 -0.1186
vn 0.1629 -0.9848 -0.0602
vn 0.8900 -0.1736 -0.4217
vn 0.8492 -0.3420 -0.4024
vn 0.7826 -0.5000 -0.3708
vn 0.6923 -0.6428 -0.3280
vn 0.5809 -0.7660 -0.2752
vn 0.4518 -0.8660 -0.2141
vn 0.3091 -0.9397 -0.1464
vn 0.1569 -0.9848 -0.0744
vn 0.8492 -0.1736 -0.4987
vn 0.8103 -0.3420 -0.4758
vn 0.7468 -0.5000 -0.4385
vn 0.6606 -0.6428 -0.3879
vn 0.5543 -0.7660 -0.3255
vn 0.4312 -0.8660 -0.2532
vn 0.2949 -0.9397 -0.1732
vn 0.1497 -0.9848 -0.0879
vn 0.8018 -0.1736 -0.5718
vn 0.7651 -0.3420 -0.5456
vn 0.7051 -0.5000 -0.5028
vn 0.6237 -0.6428 -0.4448
vn 0.5233 -0.7660 -0.3732
vn 0.4071 -0.8660 -0.2903
vn 0.2785 -0.9397 -0.1986
vn 0.1414 -0.9848 -0.1008
vn 0.7481 -0.1736 -0.6404
vn 0.7139 -0.3420 -0.6111
vn 0.6579 -0.5000 -0.5632
vn 0.5820 -0.6428 -0.4982
vn 0.4883 -0.7660 -0.4180
vn 0.3798 -0.8660 -0.3251
vn 0.2598 -0.9397 -0.2224
vn 0.1319 -0.9848 -0.1129
vn 0.6886 -0.1736 -0.7040
vn 0.6571 -0.3420 -0.6718
vn 0.6056 -0.5000 -0.6191
vn 0.6722 -0.1736 -0.7197
vn 0.5357 -0.6428 -0.5476
vn 0.6414 -0.3420 -0.6868
vn 0.4495 -0.7660 -0.4595
vn 0.5911 -0.5000 -0.6329
vn 0.3496 -0.8660 -0.3574
vn 0.5229 -0.6428 -0.5599
vn 0.2392 -0.9397 -0.2445
vn 0.4387 -0.7660 -0.4698
vn 0.1214 -0.9848 -0.1241
vn 0.3413 -0.8660 -0.3654
vn 0.2334 -0.9397 -0.2500
vn 0.6237 -0.1736 -0.7621
vn 0.1185 -0.9848 -0.1269
vn 0.5951 -0.3420 -0.7272
vn 0.5485 -0.5000 -0.6702
vn 0.6039 -0.1736 -0.7779
vn 0.4852 -0.6428 -0.5928
vn 0.5763 -0.3420 -0.7422
vn 0.4071 -0.7660 -0.4974
vn 0.5311 -0.5000 -0.6841
vn 0.3167 -0.8660 -0.3869
vn 0.4698 -0.6428 -0.6051
vn 0.2166 -0.9397 -0.2647
vn 0.3942 -0.7660 -0.5077
vn 0.1100 -0.9848 -0.1344
vn 0.3066 -0.8660 -0.3949
vn 0.2097 -0.9397 -0.2702
vn 0.5539 -0.1736 -0.8143
vn 0.1065 -0.9848 -0.1372
vn 0.5285 -0.3420 -0.7770
vn 0.4871 -0.5000 -0.7161
vn 0.5307 -0.1736 -0.8296
vn 0.4309 -0.6428 -0.6334
vn 0.5064 -0.3420 -0.7916
vn 0.3615 -0.7660 -0.5315
vn 0.4667 -0.5000 -0.7295
vn 0.2812 -0.8660 -0.4134
vn 0.4128 -0.6428 -0.6453
vn 0.1924 -0.9397 -0.2828
vn 0.3464 -0.7660 -0.5415
vn 0.0977 -0.9848 -0.1436
vn 0.2694 -0.8660 -0.4212
vn 0.1843 -0.9397 -0.2881
vn 0.4798 -0.1736 -0.8600
vn 0.0936 -0.9848 -0.1463
vn 0.4578 -0.3420 -0.8206
vn 0.4219 -0.5000 -0.7563
vn 0.3732 -0.6428 -0.6690
vn 0.4531 -0.1736 -0.8744
vn 0.3131 -0.7660 -0.5614
vn 0.4323 -0.3420 -0.8343
vn 0.2436 -0.8660 -0.4367
vn 0.3984 -0.5000 -0.7689
vn 0.1666 -0.9397 -0.2987
vn 0.3524 -0.6428 -0.6802
vn 0.0846 -0.9848 -0.1516
vn 0.2957 -0.7660 -0.5707
vn 0.2300 -0.8660 -0.4439
vn 0.1574 -0.9397 -0.3037
vn 0.4019 -0.1736 -0.8991
vn 0.0799 -0.9848 -0.1542
vn 0.3835 -0.3420 -0.8579
vn 0.3534 -0.5000 -0.7906
vn 0.3126 -0.6428 -0.6994
vn 0.3717 -0.1736 -0.9120
vn 0.2623 -0.7660 -0.5868
vn 0.3547 -0.3420 -0.8702
vn 0.2040 -0.8660 -0.4565
vn 0.3269 -0.5000 -0.8020
vn 0.1396 -0.9397 -0.3122
vn 0.2891 -0.6428 -0.7094
vn 0.0709 -0.9848 -0.1585
vn 0.2426 -0.7660 -0.5952
vn 0.1887 -0.8660 -0.4630
vn 0.3209 -0.1736 -0.9311
vn 0.1291 -0.9397 -0.3167
vn 0.3062 -0.3420 -0.8884
vn 0.0655 -0.9848 -0.1608
vn 0.2822 -0.5000 -0.8188
vn 0.2496 -0.6428 -0.7242
vn 0.2872 -0.1736 -0.9420
vn 0.2094 -0.7660 -0.6077
vn 0.2741 -0.3420 -0.8988
vn 0.1629 -0.8660 -0.4727
vn 0.2526 -0.5000 -0.8284
vn 0.1114 -0.9397 -0.3234
vn 0.2234 -0.6428 -0.7327
vn 0.0566 -0.9848 -0.1642
vn 0.1875 -0.7660 -0.6148
vn 0.1458 -0.8660 -0.4783
vn 0.2373 -0.1736 -0.9558
vn 0.0997 -0.9397 -0.3272
vn 0.2264 -0.3420 -0.9120
vn 0.0506 -0.9848 -0.1661
vn 0.2087 -0.5000 -0.8405
vn 0.1846 -0.6428 -0.7435
vn 0.1549 -0.7660 -0.6238
vn 0.2004 -0.1736 -0.9642
vn 0.1205 -0.8660 -0.4853
vn 0.1912 -0.3420 -0.9200
vn 0.0824 -0.9397 -0.3319
vn 0.1762 -0.5000 -0.8479
vn 0.0418 -0.9848 -0.1685
vn 0.1559 -0.6428 -0.7500
vn 0.1308 -0.7660 -0.6293
vn 0.1017 -0.8660 -0.4895
vn 0.1519 -0.1736 -0.9730
vn 0.0696 -0.9397 -0.3349
vn 0.1449 -0.3420 -0.9284
vn 0.0353 -0.9848 -0.1700
vn 0.1336 -0.5000 -0.8557
vn 0.1182 -0.6428 -0.7569
vn 0.0991 -0.7660 -0.6351
vn 0.1119 -0.1736 -0.9784
vn 0.0771 -0.8660 -0.4940
vn 0.1067 -0.3420 -0.9336
vn 0.0528 -0.9397 -0.3379
vn 0.0984 -0.5000 -0.8604
vn 0.0268 -0.9848 -0.1716
vn 0.0870 -0.6428 -0.7611
vn 0.0730 -0.7660 -0.6386
vn 0.0653 -0.1736 -0.9826
vn 0.0568 -0.8660 -0.4968
vn 0.0623 -0.3420 -0.9376
vn 0.0388 -0.9397 -0.3398
vn 0.0574 -0.5000 -0.8641
vn 0.0197 -0.9848 -0.1725
vn 0.0508 -0.6428 -0.7644
vn 0.0426 -0.7660 -0.6414
vn 0.0224 -0.1736 -0.9846
vn 0.0332 -0.8660 -0.4989
vn 0.0214 -0.3420 -0.9394
vn 0.0227 -0.9397 -0.3413
vn 0.0197 -0.5000 -0.8658
vn 0.0115 -0.9848 -0.1733
vn 0.0174 -0.6428 -0.7658
vn 0.0146 -0.7660 -0.6426
vn -0.0218 -0.1736 -0.9846
vn 0.0114 -0.8660 -0.4999
vn -0.0208 -0.3420 -0.9395
vn 0.0078 -0.9397 -0.3419
vn -0.0192 -0.5000 -0.8658
vn 0.0040 -0.9848 -0.1736
vn -0.0169 -0.6428 -0.7659
vn -0.0142 -0.7660 -0.6426
vn -0.0672 -0.1736 -0.9825
vn -0.0111 -0.8660 -0.4999
vn -0.0641 -0.3420 -0.9375
vn -0.0076 -0.9397 -0.3419
vn -0.0591 -0.5000 -0.8640
vn -0.0038 -0.9848 -0.1736
vn -0.0523 -0.6428 -0.7643
vn -0.0439 -0.7660 -0.6413
vn -0.1087 -0.1736 -0.9788
vn -0.0341 -0.8660 -0.4988
vn -0.1037 -0.3420 -0.9339
vn -0.0233 -0.9397 -0.3412
vn -0.0956 -0.5000 -0.8607
vn -0.0119 -0.9848 -0.1732
vn -0.0846 -0.6428 -0.7614
vn -0.0710 -0.7660 -0.6389
vn -0.0552 -0.8660 -0.4969
vn -0.1563 -0.1736 -0.9723
vn -0.0378 -0.9397 -0.3399
vn -0.1491 -0.3420 -0.9278
vn -0.0192 -0.9848 -0.1726
vn -0.1374 -0.5000 -0.8551
vn -0.1216 -0.6428 -0.7563
vn -0.1020 -0.7660 -0.6346
vn -0.1948 -0.1736 -0.9653
vn -0.0793 -0.8660 -0.4937
vn -0.1859 -0.3420 -0.9211
vn -0.0543 -0.9397 -0.3377
vn -0.1713 -0.5000 -0.8489
vn -0.0276 -0.9848 -0.1714
vn -0.1515 -0.6428 -0.7509
vn -0.1271 -0.7660 -0.6301
vn -0.0989 -0.8660 -0.4901
vn -0.2440 -0.1736 -0.9541
vn -0.0677 -0.9397 -0.3353
vn -0.2329 -0.3420 -0.9104
vn -0.0343 -0.9848 -0.1702
vn -0.2146 -0.5000 -0.8390
vn -0.1898 -0.6428 -0.7422
vn -0.2794 -0.1736 -0.9444
vn -0.1593 -0.7660 -0.6227
vn -0.2666 -0.3420 -0.9011
vn -0.1239 -0.8660 -0.4844
vn -0.2457 -0.5000 -0.8305
vn -0.0848 -0.9397 -0.3314
vn -0.2173 -0.6428 -0.7346
vn -0.0430 -0.9848 -0.1682
vn -0.1823 -0.7660 -0.6164
vn -0.1418 -0.8660 -0.4795
vn -0.3298 -0.1736 -0.9279
vn -0.0970 -0.9397 -0.3280
vn -0.3147 -0.3420 -0.8854
vn -0.0493 -0.9848 -0.1665
vn -0.2900 -0.5000 -0.8160
vn -0.2565 -0.6428 -0.7218
vn -0.3617 -0.1736 -0.9160
vn -0.2153 -0.7660 -0.6057
vn -0.3452 -0.3420 -0.8740
vn -0.1674 -0.8660 -0.4711
vn -0.3181 -0.5000 -0.8055
vn -0.1145 -0.9397 -0.3223
vn -0.2814 -0.6428 -0.7125
vn -0.0582 -0.9848 -0.1636
vn -0.2361 -0.7660 -0.5979
vn -0.1837 -0.8660 -0.4651
vn -0.4128 -0.1736 -0.8941
vn -0.1256 -0.9397 -0.3181
vn -0.3939 -0.3420 -0.8532
vn -0.0638 -0.9848 -0.1615
vn -0.3630 -0.5000 -0.7863
vn -0.3211 -0.6428 -0.6955
vn -0.4413 -0.1736 -0.8804
vn -0.2694 -0.7660 -0.5836
vn -0.4210 -0.3420 -0.8401
vn -0.2096 -0.8660 -0.4540
vn -0.3880 -0.5000 -0.7742
vn -0.1434 -0.9397 -0.3105
vn -0.3432 -0.6428 -0.6848
vn -0.0728 -0.9848 -0.1577
vn -0.2880 -0.7660 -0.5747
vn -0.2240 -0.8660 -0.4470
vn -0.1532 -0.9397 -0.3058
vn -0.4924 -0.1736 -0.8529
vn -0.0778 -0.9848 -0.1552
vn -0.4698 -0.3420 -0.8138
vn -0.4330 -0.5000 -0.7500
vn -0.3830 -0.6428 -0.6634
vn -0.5173 -0.1736 -0.8380
vn -0.3214 -0.7660 -0.5567
vn -0.4936 -0.3420 -0.7996
vn -0.2500 -0.8660 -0.4330
vn -0.4549 -0.5000 -0.7369
vn -0.1710 -0.9397 -0.2962
vn -0.4024 -0.6428 -0.6518
vn -0.0868 -0.9848 -0.1504
vn -0.3377 -0.7660 -0.5469
vn -0.2627 -0.8660 -0.4255
vn -0.1797 -0.9397 -0.2910
vn -0.5679 -0.1736 -0.8046
vn -0.0912 -0.9848 -0.1478
vn -0.5419 -0.3420 -0.7677
vn -0.4994 -0.5000 -0.7075
vn -0.5894 -0.1736 -0.7890
vn -0.4418 -0.6428 -0.6258
vn -0.5624 -0.3420 -0.7528
vn -0.3707 -0.7660 -0.5251
vn -0.5183 -0.5000 -0.6938
vn -0.2883 -0.8660 -0.4085
vn -0.4585 -0.6428 -0.6137
vn -0.1972 -0.9397 -0.2794
vn -0.3847 -0.7660 -0.5150
vn -0.1001 -0.9848 -0.1419
vn -0.2992 -0.8660 -0.4006
vn -0.2047 -0.9397 -0.2740
vn -0.6387 -0.1736 -0.7496
vn -0.1039 -0.9848 -0.1391
vn -0.6095 -0.3420 -0.7152
vn -0.5617 -0.5000 -0.6592
vn -0.6568 -0.1736 -0.7338
vn -0.4968 -0.6428 -0.5831
vn -0.6267 -0.3420 -0.7002
vn -0.4169 -0.7660 -0.4893
vn -0.5776 -0.5000 -0.6453
vn -0.3243 -0.8660 -0.3806
vn -0.5109 -0.6428 -0.5708
vn -0.2218 -0.9397 -0.2603
vn -0.4287 -0.7660 -0.4790
vn -0.1126 -0.9848 -0.1322
vn -0.3335 -0.8660 -0.3726
vn -0.2281 -0.9397 -0.2548
vn -0.7042 -0.1736 -0.6884
vn -0.1158 -0.9848 -0.1294
vn -0.6720 -0.3420 -0.6569
vn -0.6193 -0.5000 -0.6054
vn -0.5478 -0.6428 -0.5355
vn -0.4597 -0.7660 -0.4493
vn -0.3576 -0.8660 -0.3495
vn -0.2446 -0.9397 -0.2391
vn -0.1242 -0.9848 -0.1214
vn -0.7289 -0.3420 -0.5930
vn -0.6718 -0.5000 -0.5465
vn -0.5942 -0.6428 -0.4834
vn -0.4986 -0.7660 -0.4057
vn -0.3879 -0.8660 -0.3155
vn -0.2653 -0.9397 -0.2158
vn -0.1347 -0.9848 -0.1096
vn -0.7798 -0.3420 -0.5243
vn -0.7187 -0.5000 -0.4832
vn -0.6357 -0.6428 -0.4274
vn -0.5334 -0.7660 -0.3586
vn -0.4149 -0.8660 -0.2790
vn -0.2838 -0.9397 -0.1908
vn -0.1441 -0.9848 -0.0969
vn -0.8243 -0.3420 -0.4512
vn -0.7597 -0.5000 -0.4158
vn -0.6720 -0.6428 -0.3678
vn -0.5638 -0.7660 -0.3086
vn -0.4386 -0.8660 -0.2401
vn -0.3000 -0.9397 -0.1642
vn -0.1523 -0.9848 -0.0834
vn -0.8619 -0.3420 -0.3744
vn -0.7943 -0.5000 -0.3450
vn -0.7026 -0.6428 -0.3052
vn -0.5896 -0.7660 -0.2561
vn -0.4586 -0.8660 -0.1992
vn -0.3137 -0.9397 -0.1363
vn -0.1593 -0.9848 -0.0692
vn -0.9352 -0.1736 -0.3086
vn -0.8924 -0.3420 -0.2944
vn -0.8224 -0.5000 -0.2714
vn -0.7275 -0.6428 -0.2400
vn -0.6104 -0.7660 -0.2014
vn -0.4748 -0.8660 -0.1567
vn -0.3248 -0.9397 -0.1072
vn -0.1649 -0.9848 -0.0544
vn -0.9594 -0.1736 -0.2223
vn -0.9154 -0.3420 -0.2121
vn -0.8437 -0.5000 -0.1955
vn -0.7463 -0.6428 -0.1729
vn -0.6262 -0.7660 -0.1451
vn -0.4871 -0.8660 -0.1128
vn -0.3332 -0.9397 -0.0772
vn -0.1692 -0.9848 -0.0392
vn -0.9756 -0.1736 -0.1341
vn -0.9309 -0.3420 -0.1280
vn -0.8580 -0.5000 -0.1179
vn -0.7589 -0.6428 -0.1043
vn -0.6368 -0.7660 -0.0875
vn -0.4953 -0.8660 -0.0681
vn -0.3388 -0.9397 -0.0466
vn -0.1720 -0.9848 -0.0236
vn -0.9838 -0.1736 -0.0448
vn -0.9387 -0.3420 -0.0428
vn -0.8651 -0.5000 -0.0394
vn -0.7653 -0.6428 -0.0349
vn -0.6421 -0.7660 -0.0293
vn -0.4995 -0.8660 -0.0228
vn -0.3417 -0.9397 -0.0156
vn -0.1735 -0.9848 -0.0079
vn -0.9838 -0.1736 0.0436
vn -0.9388 -0.3420 0.0416
vn -0.8652 -0.5000 0.0383
vn -0.7653 -0.6428 0.0339
vn -0.6422 -0.7660 0.0284
vn -0.4995 -0.8660 0.0221
vn -0.3417 -0.9397 0.0151
vn -0.1735 -0.9848 0.0077
vn -0.9761 -0.1736 0.1303
vn -0.9314 -0.3420 0.1244
vn -0.8584 -0.5000 0.1146
vn -0.7593 -0.6428 0.1014
vn -0.6371 -0.7660 0.0851
vn -0.4956 -0.8660 0.0662
vn -0.3390 -0.9397 0.0453
vn -0.1721 -0.9848 0.0230
vn -0.9608 -0.1736 0.2161
vn -0.9168 -0.3420 0.2062
vn -0.8449 -0.5000 0.1900
vn -0.7474 -0.6428 0.1681
vn -0.6271 -0.7660 0.1411
vn -0.4878 -0.8660 0.1097
vn -0.3337 -0.9397 0.0751
vn -0.1694 -0.9848 0.0381
vn -0.9379 -0.1736 0.3002
vn -0.8950 -0.3420 0.2864
vn -0.8248 -0.5000 0.2640
vn -0.7296 -0.6428 0.2335
vn -0.6122 -0.7660 0.1959
vn -0.4762 -0.8660 0.1524
vn -0.3257 -0.9397 0.1042
vn -0.1654 -0.9848 0.0529
vn -0.9077 -0.1736 0.3819
vn -0.8662 -0.3420 0.3644
vn -0.7983 -0.5000 0.3358
vn -0.7061 -0.6428 0.2971
vn -0.5925 -0.7660 0.2493
vn -0.4609 -0.8660 0.1939
vn -0.3153 -0.9397 0.1326
vn -0.1601 -0.9848 0.0673
vn -0.8704 -0.1736 0.4606
vn -0.8306 -0.3420 0.4395
vn -0.7655 -0.5000 0.4051
vn -0.6771 -0.6428 0.3583
vn -0.5681 -0.7660 0.3007
vn -0.4419 -0.8660 0.2339
vn -0.3023 -0.9397 0.1600
vn -0.1535 -0.9848 0.0812
vn -0.8263 -0.1736 0.5358
vn -0.7885 -0.3420 0.5112
vn -0.7267 -0.5000 0.4711
vn -0.6428 -0.6428 0.4167
vn -0.5393 -0.7660 0.3497
vn -0.4195 -0.8660 0.2720
vn -0.2870 -0.9397 0.1861
vn -0.1457 -0.9848 0.0945
vn -0.7757 -0.1736 0.6067
vn -0.7402 -0.3420 0.5789
vn -0.6822 -0.5000 0.5335
vn -0.6034 -0.6428 0.4719
vn -0.5063 -0.7660 0.3960
vn -0.3939 -0.8660 0.3080
vn -0.2694 -0.9397 0.2107
vn -0.1368 -0.9848 0.1070
vn -0.7191 -0.1736 0.6729
vn -0.6861 -0.3420 0.6421
vn -0.6324 -0.5000 0.5917
vn -0.5593 -0.6428 0.5234
vn -0.4694 -0.7660 0.4392
vn -0.3651 -0.8660 0.3416
vn -0.2497 -0.9397 0.2337
vn -0.1268 -0.9848 0.1186
vn -0.6568 -0.1736 0.7338
vn -0.6267 -0.3420 0.7002
vn -0.5776 -0.5000 0.6453
vn -0.6387 -0.1736 0.7496
vn -0.5109 -0.6428 0.5708
vn -0.6095 -0.3420 0.7152
vn -0.4287 -0.7660 0.4790
vn -0.5617 -0.5000 0.6592
vn -0.3335 -0.8660 0.3726
vn -0.4968 -0.6428 0.5831
vn -0.2281 -0.9397 0.2548
vn -0.4169 -0.7660 0.4893
vn -0.1158 -0.9848 0.1294
vn -0.3243 -0.8660 0.3806
vn -0.2218 -0.9397 0.2603
vn -0.5894 -0.1736 0.7890
vn -0.1126 -0.9848 0.1322
vn -0.5624 -0.3420 0.7528
vn -0.5183 -0.5000 0.6938
vn -0.5679 -0.1736 0.8046
vn -0.4585 -0.6428 0.6137
vn -0.5419 -0.3420 0.7677
vn -0.3847 -0.7660 0.5150
vn -0.4994 -0.5000 0.7075
vn -0.2992 -0.8660 0.4006
vn -0.4418 -0.6428 0.6258
vn -0.2047 -0.9397 0.2740
vn -0.3707 -0.7660 0.5251
vn -0.1039 -0.9848 0.1391
vn -0.2883 -0.8660 0.4085
vn -0.1972 -0.9397 0.2794
vn -0.5173 -0.1736 0.8380
vn -0.1001 -0.9848 0.1419
vn -0.4936 -0.3420 0.7996
vn -0.4549 -0.5000 0.7369
vn -0.4024 -0.6428 0.6518
vn -0.4924 -0.1736 0.8529
vn -0.3377 -0.7660 0.5469
vn -0.4698 -0.3420 0.8138
vn -0.2627 -0.8660 0.4255
vn -0.4330 -0.5000 0.7500
vn -0.1797 -0.9397 0.2910
vn -0.3830 -0.6428 0.6634
vn -0.0912 -0.9848 0.1478
vn -0.3214 -0.7660 0.5567
vn -0.2500 -0.8660 0.4330
vn -0.1710 -0.9397 0.2962
vn -0.4413 -0.1736 0.8804
vn -0.0868 -0.9848 0.1504
vn -0.4210 -0.3420 0.8401
vn -0.3880 -0.5000 0.7742
vn -0.3432 -0.6428 0.6848
vn -0.4128 -0.1736 0.8941
vn -0.2880 -0.7660 0.5747
vn -0.3939 -0.3420 0.8532
vn -0.2240 -0.8660 0.4470
vn -0.3630 -0.5000 0.7863
vn -0.1532 -0.9397 0.3058
vn -0.3211 -0.6428 0.6955
vn -0.0778 -0.9848 0.1552
vn -0.2694 -0.7660 0.5836
vn -0.2096 -0.8660 0.4540
vn -0.3617 -0.1736 0.9160
vn -0.1434 -0.9397 0.3105
vn -0.3452 -0.3420 0.8740
vn -0.0728 -0.9848 0.1577
vn -0.3181 -0.5000 0.8055
vn -0.2814 -0.6428 0.7125
vn -0.3298 -0.1736 0.9279
vn -0.2361 -0.7660 0.5979
vn -0.3147 -0.3420 0.8854
vn -0.1837 -0.8660 0.4651
vn -0.2900 -0.5000 0.8160
vn -0.1256 -0.9397 0.3181
vn -0.2565 -0.6428 0.7218
vn -0.0638 -0.9848 0.1615
vn -0.2153 -0.7660 0.6057
vn -0.1674 -0.8660 0.4711
vn -0.2794 -0.1736 0.9444
vn -0.1145 -0.9397 0.3223
vn -0.2666 -0.3420 0.9011
vn -0.0582 -0.9848 0.1636
vn -0.2457 -0.5000 0.8305
vn -0.2173 -0.6428 0.7346
vn -0.2440 -0.1736 0.9541
vn -0.1823 -0.7660 0.6164
vn -0.2329 -0.3420 0.9104
vn -0.1418 -0.8660 0.4795
vn -0.2146 -0.5000 0.8390
vn -0.0970 -0.9397 0.3280
vn -0.1898 -0.6428 0.7422
vn -0.0493 -0.9848 0.1665
vn -0.1593 -0.7660 0.6227
vn -0.1239 -0.8660 0.4844
vn -0.1948 -0.1736 0.9653
vn -0.0848 -0.9397 0.3314
vn -0.1859 -0.3420 0.9211
vn -0.0430 -0.9848 0.1682
vn -0.1713 -0.5000 0.8489
vn -0.1515 -0.6428 0.7509
vn -0.1271 -0.7660 0.6301
vn -0.1563 -0.1736 0.9723
vn -0.0989 -0.8660 0.4901
vn -0.1491 -0.3420 0.9278
vn -0.0677 -0.9397 0.3353
vn -0.1374 -0.5000 0.8551
vn -0.0343 -0.9848 0.1702
vn -0.1216 -0.6428 0.7563
vn -0.1020 -0.7660 0.6346
vn -0.0793 -0.8660 0.4937
vn -0.1087 -0.1736 0.9788
vn -0.0543 -0.9397 0.3377
vn -0.1037 -0.3420 0.9339
vn -0.0276 -0.9848 0.1714
vn -0.0956 -0.5000 0.8607
vn -0.0846 -0.6428 0.7614
vn -0.0710 -0.7660 0.6389
vn -0.0672 -0.1736 0.9825
vn -0.0552 -0.8660 0.4969
vn -0.0641 -0.3420 0.9375
vn -0.0378 -0.9397 0.3399
vn -0.0591 -0.5000 0.8640
vn -0.0192 -0.9848 0.1726
vn -0.0523 -0.6428 0.7643
vn -0.0439 -0.7660 0.6413
vn -0.0218 -0.1736 0.9846
vn -0.0341 -0.8660 0.4988
vn -0.0208 -0.3420 0.9395
vn -0.0233 -0.9397 0.3412
vn -0.0192 -0.5000 0.8658
vn -0.0119 -0.9848 0.1732
vn -0.0169 -0.6428 0.7659
vn -0.0142 -0.7660 0.6426
vn 0.0224 -0.1736 0.9846
vn -0.0111 -0.8660 0.4999
vn 0.0214 -0.3420 0.9394
vn -0.0076 -0.9397 0.3419
vn 0.0197 -0.5000 0.8658
vn -0.0038 -0.9848 0.1736
vn 0.0174 -0.6428 0.7658
vn 0.0146 -0.7660 0.6426
vn 0.0653 -0.1736 0.9826
vn 0.0114 -0.8660 0.4999
vn 0.0623 -0.3420 0.9376
vn 0.0078 -0.9397 0.3419
vn 0.0574 -0.5000 0.8641
vn 0.0040 -0.9848 0.1736
vn 0.0508 -0.6428 0.7644
vn 0.0426 -0.7660 0.6414
vn 0.1119 -0.1736 0.9784
vn 0.0332 -0.8660 0.4989
vn 0.1067 -0.3420 0.9336
vn 0.0227 -0.9397 0.3413
vn 0.0984 -0.5000 0.8604
vn 0.0115 -0.9848 0.1733
vn 0.0870 -0.6428 0.7611
vn 0.0730 -0.7660 0.6386
vn 0.1519 -0.1736 0.9730
vn 0.0568 -0.8660 0.4968
vn 0.1449 -0.3420 0.9284
vn 0.0388 -0.9397 0.3398
vn 0.1336 -0.5000 0.8557
vn 0.0197 -0.9848 0.1725
vn 0.1182 -0.6428 0.7569
vn 0.0991 -0.7660 0.6351
vn 0.0771 -0.8660 0.4940
vn 0.2004 -0.1736 0.9642
vn 0.0528 -0.9397 0.3379
vn 0.1912 -0.3420 0.9200
vn 0.0268 -0.9848 0.1716
vn 0.1762 -0.5000 0.8479
vn 0.1559 -0.6428 0.7500
vn 0.1308 -0.7660 0.6293
vn 0.2373 -0.1736 0.9558
vn 0.1017 -0.8660 0.4895
vn 0.2264 -0.3420 0.9120
vn 0.0696 -0.9397 0.3349
vn 0.2087 -0.5000 0.8405
vn 0.0353 -0.9848 0.1700
vn 0.1846 -0.6428 0.7435
vn 0.1549 -0.7660 0.6238
vn 0.1205 -0.8660 0.4853
vn 0.2872 -0.1736 0.9420
vn 0.0824 -0.9397 0.3319
vn 0.2741 -0.3420 0.8988
vn 0.0418 -0.9848 0.1685
vn 0.2526 -0.5000 0.8284
vn 0.2234 -0.6428 0.7327
vn 0.3209 -0.1736 0.9311
vn 0.1875 -0.7660 0.6148
vn 0.3062 -0.3420 0.8884
vn 0.1458 -0.8660 0.4783
vn 0.2822 -0.5000 0.8188
vn 0.0997 -0.9397 0.3272
vn 0.2496 -0.6428 0.7242
vn 0.0506 -0.9848 0.1661
vn 0.2094 -0.7660 0.6077
vn 0.1629 -0.8660 0.4727
vn 0.3717 -0.1736 0.9120
vn 0.1114 -0.9397 0.3234
vn 0.3547 -0.3420 0.8702
vn 0.0566 -0.9848 0.1642
vn 0.3269 -0.5000 0.8020
vn 0.2891 -0.6428 0.7094
vn 0.4019 -0.1736 0.8991
vn 0.2426 -0.7660 0.5952
vn 0.3835 -0.3420 0.8579
vn 0.1887 -0.8660 0.4630
vn 0.3534 -0.5000 0.7906
vn 0.1291 -0.9397 0.3167
vn 0.3126 -0.6428 0.6994
vn 0.0655 -0.9848 0.1608
vn 0.2623 -0.7660 0.5868
vn 0.2040 -0.8660 0.4565
vn 0.1396 -0.9397 0.3122
vn 0.4531 -0.1736 0.8744
vn 0.0709 -0.9848 0.1585
vn 0.4323 -0.3420 0.8343
vn 0.3984 -0.5000 0.7689
vn 0.3524 -0.6428 0.6802
vn 0.4798 -0.1736 0.8600
vn 0.2957 -0.7660 0.5707
vn 0.4578 -0.3420 0.8206
vn 0.2300 -0.8660 0.4439
vn 0.4219 -0.5000 0.7563
vn 0.1574 -0.9397 0.3037
vn 0.3732 -0.6428 0.6690
vn 0.0799 -0.9848 0.1542
vn 0.3131 -0.7660 0.5614
vn 0.2436 -0.8660 0.4367
vn 0.1666 -0.9397 0.2987
vn 0.5307 -0.1736 0.8296
vn 0.0846 -0.9848 0.1516
vn 0.5064 -0.3420 0.7916
vn 0.4667 -0.5000 0.7295
vn 0.5539 -0.1736 0.8143
vn 0.4128 -0.6428 0.6453
vn 0.5285 -0.3420 0.7770
vn 0.3464 -0.7660 0.5415
vn 0.4871 -0.5000 0.7161
vn 0.2694 -0.8660 0.4212
vn 0.4309 -0.6428 0.6334
vn 0.1843 -0.9397 0.2881
vn 0.3615 -0.7660 0.5315
vn 0.0936 -0.9848 0.1463
vn 0.2812 -0.8660 0.4134
vn 0.1924 -0.9397 0.2828
vn 0.6039 -0.1736 0.7779
vn 0.0977 -0.9848 0.1436
vn 0.5763 -0.3420 0.7422
vn 0.5311 -0.5000 0.6841
vn 0.6237 -0.1736 0.7621
vn 0.4698 -0.6428 0.6051
vn 0.5951 -0.3420 0.7272
vn 0.3942 -0.7660 0.5077
vn 0.5485 -0.5000 0.6702
vn 0.3066 -0.8660 0.3949
vn 0.4852 -0.6428 0.5928
vn 0.2097 -0.9397 0.2702
vn 0.4071 -0.7660 0.4974
vn 0.1065 -0.9848 0.1372
vn 0.3167 -0.8660 0.3869
vn 0.2166 -0.9397 0.2647
vn 0.6722 -0.1736 0.7197
vn 0.1100 -0.9848 0.1344
vn 0.6414 -0.3420 0.6868
vn 0.5911 -0.5000 0.6329
vn 0.6886 -0.1736 0.7040
vn 0.5229 -0.6428 0.5599
vn 0.6571 -0.3420 0.6718
vn 0.4387 -0.7660 0.4698
vn 0.6056 -0.5000 0.6191
vn 0.3413 -0.8660 0.3654
vn 0.5357 -0.6428 0.5476
vn 0.2334 -0.9397 0.2500
vn 0.4495 -0.7660 0.4595
vn 0.1185 -0.9848 0.1269
vn 0.3496 -0.8660 0.3574
vn 0.2392 -0.9397 0.2445
vn 0.1214 -0.9848 0.1241
vn 0.7348 -0.1736 0.6556
vn 0.7012 -0.3420 0.6256
vn 0.6462 -0.5000 0.5765
vn 0.5716 -0.6428 0.5100
vn 0.4796 -0.7660 0.4279
vn 0.3731 -0.8660 0.3329
vn 0.2552 -0.9397 0.2277
vn 0.1296 -0.9848 0.1156
vn 0.7552 -0.3420 0.5592
vn 0.6960 -0.5000 0.5154
vn 0.6156 -0.6428 0.4559
vn 0.5166 -0.7660 0.3825
vn 0.4018 -0.8660 0.2976
vn 0.2749 -0.9397 0.2035
vn 0.1395 -0.9848 0.1033
vn 0.8029 -0.3420 0.4882
vn 0.7399 -0.5000 0.4500
vn 0.6545 -0.6428 0.3980
vn 0.5492 -0.7660 0.3340
vn 0.4272 -0.8660 0.2598
vn 0.2922 -0.9397 0.1777
vn 0.1484 -0.9848 0.0902
vn 0.8440 -0.3420 0.4132
vn 0.7778 -0.5000 0.3808
vn 0.6880 -0.6428 0.3369
vn 0.5773 -0.7660 0.2827
vn 0.4491 -0.8660 0.2199
vn 0.3072 -0.9397 0.1504
vn 0.1560 -0.9848 0.0764
vn 0.9202 -0.1736 0.3508
vn 0.8780 -0.3420 0.3348
vn 0.8092 -0.5000 0.3085
vn 0.7158 -0.6428 0.2729
vn 0.6006 -0.7660 0.2290
vn 0.4672 -0.8660 0.1781
vn 0.3196 -0.9397 0.1218
vn 0.1623 -0.9848 0.0619
vn 0.9483 -0.1736 0.2657
vn 0.9048 -0.3420 0.2535
vn 0.8339 -0.5000 0.2337
vn 0.7376 -0.6428 0.2067
vn 0.6190 -0.7660 0.1734
vn 0.4815 -0.8660 0.1349
vn 0.3293 -0.9397 0.0923
vn 0.1672 -0.9848 0.0468
vn 0.9685 -0.1736 0.1784
vn 0.9242 -0.3420 0.1702
vn 0.8517 -0.5000 0.1569
vn 0.7534 -0.6428 0.1387
vn 0.6322 -0.7660 0.1164
vn 0.4917 -0.8660 0.0906
vn 0.3364 -0.9397 0.0619
vn 0.1708 -0.9848 0.0315
vn 0.9807 -0.1736 0.0896
vn 0.9358 -0.3420 0.0855
vn 0.8624 -0.5000 0.0788
vn 0.7629 -0.6428 0.0697
vn 0.6401 -0.7660 0.0585
vn 0.4979 -0.8660 0.0455
vn 0.3406 -0.9397 0.0311
vn 0.1729 -0.9848 0.0158
vn 0.9848 0.1736 -0.0000
vn 0.9397 0.3420 -0.0000
vn 0.8660 0.5000 -0.0000
vn 0.7660 0.6428 -0.0000
vn 0.6428 0.7660 -0.0000
vn 0.5000 0.8660 -0.0000
vn 0.3420 0.9397 -0.0000
vn 0.1736 0.9848 -0.0000
vn 0.0000 1.0000 -0.0000
vn 0.0000 1.0000 -0.0000
vn 0.0000 1.0000 -0.0000
vn 0.0000 1.0000 -0.0000
vn 0.0000 1.0000 -0.0000
vn 0.0000 1.0000 -0.0000
vn 0.0000 1.0000 -0.0000
vn 0.0000 1.0000 -0.0000
vn 0.0000 1.0000 -0.0000
vn 0.0000 1.0000 -0.0000
vn 0.0000 1.0000 -0.0000
vn 0.0000 1.0000 -0.0000
vn 0.0000 1.0000 -0.0000
vn 0.0000 1.0000 -0.0000
vn 0.0000 1.0000 -0.0000
vn 0.0000 1.0000 -0.0000
vn 0.0000 1.0000 -0.0000
vn 0.0000 1.0000 -0.0000
vn -0.0000 1.0000 -0.0000
vn -0.0000 1.0000 -0.0000
vn -0.0000 1.0000 -0.0000
vn -0.0000 1.0000 -0.0000
vn -0.0000 1.0000 -0.0000
vn -0.0000 1.0000 -0.0000
vn -0.0000 1.0000 -0.0000
vn -0.0000 1.0000 -0.0000
vn -0.0000 1.0000 -0.0000
vn -0.0000 1.0000 -0.0000
vn -0.0000 1.0000 -0.0000
vn -0.0000 1.0000 -0.0000
vn -0.0000 1.0000 -0.0000
vn -0.0000 1.0000 -0.0000
vn -0.0000 1.0000 -0.0000
vn -0.0000 1.0000 -0.0000
vn -0.0000 1.0000 -0.0000
vn -0.0000 1.0000 0.0000
vn -0.0000 1.0000 0.0000
vn -0.0000 1.0000 0.0000
vn -0.0000 1.0000 0.0000
vn -0.0000 1.0000 0.0000
vn -0.0000 1.0000 0.0000
vn -0.0000 1.0000 0.0000
vn -0.0000 1.0000 0.0000
vn -0.0000 1.0000 0.0000
vn -0.0000 1.0000 0.0000
vn -0.0000 1.0000 0.0000
vn -0.0000 1.0000 0.0000
vn -0.0000 1.0000 0.0000
vn -0.0000 1.0000 0.0000
vn -0.0000 1.0000 0.0000
vn -0.0000 1.0000 0.0000
vn -0.0000 1.0000 0.0000
vn 0.0000 1.0000 0.0000
vn 0.0000 1.0000 0.0000
vn 0.0000 1.0000 0.0000
vn 0.0000 1.0000 0.0000
vn 0.0000 1.0000 0.0000
vn 0.0000 1.0000 0.0000
vn 0.0000 1.0000 0.0000
vn 0.0000 1.0000 0.0000
vn 0.0000 1.0000 0.0000
vn 0.0000 1.0000 0.0000
vn 0.0000 1.0000 0.0000
vn 0.0000 1.0000 0.0000
vn 0.0000 1.0000 0.0000
vn 0.0000 1.0000 0.0000
vn 0.0000 1.0000 0.0000
vn 0.0000 1.0000 0.0000
vn 0.0000 1.0000 0.0000
vn 0.9810 0.1736 -0.0870
vn 0.9360 0.3420 -0.0831
vn 0.8626 0.5000 -0.0765
vn 0.7630 0.6428 -0.0677
vn 0.6403 0.7660 -0.0568
vn 0.4980 0.8660 -0.0442
vn 0.3407 0.9397 -0.0302
vn 0.1730 0.9848 -0.0153
vn 0.9694 0.1736 -0.1734
vn 0.9250 0.3420 -0.1655
vn 0.8525 0.5000 -0.1525
vn 0.7541 0.6428 -0.1349
vn 0.6327 0.7660 -0.1132
vn 0.4922 0.8660 -0.0880
vn 0.3367 0.9397 -0.0602
vn 0.1709 0.9848 -0.0306
vn 0.9503 0.1736 -0.2584
vn 0.9068 0.3420 -0.2466
vn 0.8357 0.5000 -0.2272
vn 0.7392 0.6428 -0.2010
vn 0.6203 0.7660 -0.1687
vn 0.4825 0.8660 -0.1312
vn 0.3300 0.9397 -0.0897
vn 0.1676 0.9848 -0.0456
vn 0.9237 0.1736 -0.3414
vn 0.8814 0.3420 -0.3257
vn 0.8123 0.5000 -0.3002
vn 0.7185 0.6428 -0.2655
vn 0.6029 0.7660 -0.2228
vn 0.4690 0.8660 -0.1733
vn 0.3208 0.9397 -0.1186
vn 0.1629 0.9848 -0.0602
vn 0.8900 0.1736 -0.4217
vn 0.8492 0.3420 -0.4024
vn 0.7826 0.5000 -0.3708
vn 0.6923 0.6428 -0.3280
vn 0.5809 0.7660 -0.2752
vn 0.4518 0.8660 -0.2141
vn 0.3091 0.9397 -0.1464
vn 0.1569 0.9848 -0.0744
vn 0.8492 0.1736 -0.4987
vn 0.8103 0.3420 -0.4758
vn 0.7468 0.5000 -0.4385
vn 0.6606 0.6428 -0.3879
vn 0.5543 0.7660 -0.3255
vn 0.4312 0.8660 -0.2532
vn 0.2949 0.9397 -0.1732
vn 0.1497 0.9848 -0.0879
vn 0.8018 0.1736 -0.5718
vn 0.7651 0.3420 -0.5456
vn 0.7051 0.5000 -0.5028
vn 0.6237 0.6428 -0.4448
vn 0.5233 0.7660 -0.3732
vn 0.4071 0.8660 -0.2903
vn 0.2785 0.9397 -0.1986
vn 0.1414 0.9848 -0.1008
vn 0.7481 0.1736 -0.6404
vn 0.7139 0.3420 -0.6111
vn 0.6579 0.5000 -0.5632
vn 0.5820 0.6428 -0.4982
vn 0.4883 0.7660 -0.4180
vn 0.3798 0.8660 -0.3251
vn 0.2598 0.9397 -0.2224
vn 0.1319 0.9848 -0.1129
vn 0.6886 0.1736 -0.7040
vn 0.6571 0.3420 -0.6718
vn 0.6056 0.5000 -0.6191
vn 0.6722 0.1736 -0.7197
vn 0.5357 0.6428 -0.5476
vn 0.6414 0.3420 -0.6868
vn 0.4495 0.7660 -0.4595
vn 0.5911 0.5000 -0.6329
vn 0.3496 0.8660 -0.3574
vn 0.5229 0.6428 -0.5599
vn 0.2392 0.9397 -0.2445
vn 0.4387 0.7660 -0.4698
vn 0.1214 0.9848 -0.1241
vn 0.3413 0.8660 -0.3654
vn 0.2334 0.9397 -0.2500
vn 0.6237 0.1736 -0.7621
vn 0.1185 0.9848 -0.1269
vn 0.5951 0.3420 -0.7272
vn 0.5485 0.5000 -0.6702
vn 0.6039 0.1736 -0.7779
vn 0.4852 0.6428 -0.5928
vn 0.5763 0.3420 -0.7422
vn 0.4071 0.7660 -0.4974
vn 0.5311 0.5000 -0.6841
vn 0.3167 0.8660 -0.3869
vn 0.4698 0.6428 -0.6051
vn 0.2166 0.9397 -0.2647
vn 0.3942 0.7660 -0.5077
vn 0.1100 0.9848 -0.1344
vn 0.3066 0.8660 -0.3949
vn 0.2097 0.9397 -0.2702
vn 0.5539 0.1736 -0.8143
vn 0.1065 0.9848 -0.1372
vn 0.5285 0.3420 -0.7770
vn 0.4871 0.5000 -0.7161
vn 0.5307 0.1736 -0.8296
vn 0.4309 0.6428 -0.6334
vn 0.5064 0.3420 -0.7916
vn 0.3615 0.7660 -0.5315
vn 0.4667 0.5000 -0.7295
vn 0.2812 0.8660 -0.4134
vn 0.4128 0.6428 -0.6453
vn 0.1924 0.9397 -0.2828
vn 0.3464 0.7660 -0.5415
vn 0.0977 0.9848 -0.1436
vn 0.2694 0.8660 -0.4212
vn 0.1843 0.9397 -0.2881
vn 0.4798 0.1736 -0.8600
vn 0.0936 0.9848 -0.1463
vn 0.4578 0.3420 -0.8206
vn 0.4219 0.5000 -0.7563
vn 0.3732 0.6428 -0.6690
vn 0.4531 0.1736 -0.8744
vn 0.3131 0.7660 -0.5614
vn 0.4323 0.3420 -0.8343
vn 0.2436 0.8660 -0.4367
vn 0.3984 0.5000 -0.7689
vn 0.1666 0.9397 -0.2987
vn 0.3524 0.6428 -0.6802
vn 0.0846 0.9848 -0.1516
vn 0.2957 0.7660 -0.5707
vn 0.2300 0.8660 -0.4439
vn 0.1574 0.9397 -0.3037
vn 0.4019 0.1736 -0.8991
vn 0.0799 0.9848 -0.1542
vn 0.3835 0.3420 -0.8579
vn 0.3534 0.5000 -0.7906
vn 0.3126 0.6428 -0.6994
vn 0.3717 0.1736 -0.9120
vn 0.2623 0.7660 -0.5868
vn 0.3547 0.3420 -0.8702
vn 0.2040 0.8660 -0.4565
vn 0.3269 0.5000 -0.8020
vn 0.1396 0.9397 -0.3122
vn 0.2891 0.6428 -0.7094
vn 0.0709 0.9848 -0.1585
vn 0.2426 0.7660 -0.5952
vn 0.1887 0.8660 -0.4630
vn 0.3209 0.1736 -0.9311
vn 0.1291 0.9397 -0.3167
vn 0.3062 0.3420 -0.8884
vn 0.0655 0.9848 -0.1608
vn 0.2822 0.5000 -0.8188
vn 0.2496 0.6428 -0.7242
vn 0.2872 0.1736 -0.9420
vn 0.2094 0.7660 -0.6077
vn 0.2741 0.3420 -0.8988
vn 0.1629 0.8660 -0.4727
vn 0.2526 0.5000 -0.8284
vn 0.1114 0.9397 -0.3234
vn 0.2234 0.6428 -0.7327
vn 0.0566 0.9848 -0.1642
vn 0.1875 0.7660 -0.6148
vn 0.1458 0.8660 -0.4783
vn 0.2373 0.1736 -0.9558
vn 0.0997 0.9397 -0.3272
vn 0.2264 0.3420 -0.9120
vn 0.0506 0.9848 -0.1661
vn 0.2087 0.5000 -0.8405
vn 0.1846 0.6428 -0.7435
vn 0.1549 0.7660 -0.6238
vn 0.2004 0.1736 -0.9642
vn 0.1205 0.8660 -0.4853
vn 0.1912 0.3420 -0.9200
vn 0.0824 0.9397 -0.3319
vn 0.1762 0.5000 -0.8479
vn 0.0418 0.9848 -0.1685
vn 0.1559 0.6428 -0.7500
vn 0.1308 0.7660 -0.6293
vn 0.1017 0.8660 -0.4895
vn 0.1519 0.1736 -0.9730
vn 0.0696 0.9397 -0.3349
vn 0.1449 0.3420 -0.9284
vn 0.0353 0.9848 -0.1700
vn 0.1336 0.5000 -0.8557
vn 0.1182 0.6428 -0.7569
vn 0.0991 0.7660 -0.6351
vn 0.1119 0.1736 -0.9784
vn 0.0771 0.8660 -0.4940
vn 0.1067 0.3420 -0.9336
vn 0.0528 0.9397 -0.3379
vn 0.0984 0.5000 -0.8604
vn 0.0268 0.9848 -0.1716
vn 0.0870 0.6428 -0.7611
vn 0.0730 0.7660 -0.6386
vn 0.0653 0.1736 -0.9826
vn 0.0568 0.8660 -0.4968
vn 0.0623 0.3420 -0.9376
vn 0.0388 0.9397 -0.3398
vn 0.0574 0.5000 -0.8641
vn 0.0197 0.9848 -0.1725
vn 0.0508 0.6428 -0.7644
vn 0.0426 0.7660 -0.6414
vn 0.0224 0.1736 -0.9846
vn 0.0332 0.8660 -0.4989
vn 0.0214 0.3420 -0.9394
vn 0.0227 0.9397 -0.3413
vn 0.0197 0.5000 -0.8658
vn 0.0115 0.9848 -0.1733
vn 0.0174 0.6428 -0.7658
vn 0.0146 0.7660 -0.6426
vn -0.0218 0.1736 -0.9846
vn 0.0114 0.8660 -0.4999
vn -0.0208 0.3420 -0.9395
vn 0.0078 0.9397 -0.3419
vn -0.0192 0.5000 -0.8658
vn 0.0040 0.9848 -0.1736
vn -0.0169 0.6428 -0.7659
vn -0.0142 0.7660 -0.6426
vn -0.0672 0.1736 -0.9825
vn -0.0111 0.8660 -0.4999
vn -0.0641 0.3420 -0.9375
vn -0.0076 0.9397 -0.3419
vn -0.0591 0.5000 -0.8640
vn -0.0038 0.9848 -0.1736
vn -0.0523 0.6428 -0.7643
vn -0.0439 0.7660 -0.6413
vn -0.1087 0.1736 -0.9788
vn -0.0341 0.8660 -0.4988
vn -0.1037 0.3420 -0.9339
vn -0.0233 0.9397 -0.3412
vn -0.0956 0.5000 -0.8607
vn -0.0119 0.9848 -0.1732
vn -0.0846 0.6428 -0.7614
vn -0.0710 0.7660 -0.6389
vn -0.0552 0.8660 -0.4969
vn -0.1563 0.1736 -0.9723
vn -0.0378 0.9397 -0.3399
vn -0.1491 0.3420 -0.9278
vn -0.0192 0.9848 -0.1726
vn -0.1374 0.5000 -0.8551
vn -0.1216 0.6428 -0.7563
vn -0.1020 0.7660 -0.6346
vn -0.1948 0.1736 -0.9653
vn -0.0793 0.8660 -0.4937
vn -0.1859 0.3420 -0.9211
vn -0.0543 0.9397 -0.3377
vn -0.1713 0.5000 -0.8489
vn -0.0276 0.9848 -0.1714
vn -0.1515 0.6428 -0.7509
vn -0.1271 0.7660 -0.6301
vn -0.0989 0.8660 -0.4901
vn -0.2440 0.1736 -0.9541
vn -0.0677 0.9397 -0.3353
vn -0.2329 0.3420 -0.9104
vn -0.0343 0.9848 -0.1702
vn -0.2146 0.5000 -0.8390
vn -0.1898 0.6428 -0.7422
vn -0.2794 0.1736 -0.9444
vn -0.1593 0.7660 -0.6227
vn -0.2666 0.3420 -0.9011
vn -0.1239 0.8660 -0.4844
vn -0.2457 0.5000 -0.8305
vn -0.0848 0.9397 -0.3314
vn -0.2173 0.6428 -0.7346
vn -0.0430 0.9848 -0.1682
vn -0.1823 0.7660 -0.6164
vn -0.1418 0.8660 -0.4795
vn -0.3298 0.1736 -0.9279
vn -0.0970 0.9397 -0.3280
vn -0.3147 0.3420 -0.8854
vn -0.0493 0.9848 -0.1665
vn -0.2900 0.5000 -0.8160
vn -0.2565 0.6428 -0.7218
vn -0.3617 0.1736 -0.9160
vn -0.2153 0.7660 -0.6057
vn -0.3452 0.3420 -0.8740
vn -0.1674 0.8660 -0.4711
vn -0.3181 0.5000 -0.8055
vn -0.1145 0.9397 -0.3223
vn -0.2814 0.6428 -0.7125
vn -0.0582 0.9848 -0.1636
vn -0.2361 0.7660 -0.5979
vn -0.1837 0.8660 -0.4651
vn -0.4128 0.1736 -0.8941
vn -0.1256 0.9397 -0.3181
vn -0.3939 0.3420 -0.8532
vn -0.0638 0.9848 -0.1615
vn -0.3630 0.5000 -0.7863
vn -0.3211 0.6428 -0.6955
vn -0.4413 0.1736 -0.8804
vn -0.2694 0.7660 -0.5836
vn -0.4210 0.3420 -0.8401
vn -0.2096 0.8660 -0.4540
vn -0.3880 0.5000 -0.7742
vn -0.1434 0.9397 -0.3105
vn -0.3432 0.6428 -0.6848
vn -0.0728 0.9848 -0.1577
vn -0.2880 0.7660 -0.5747
vn -0.2240 0.8660 -0.4470
vn -0.1532 0.9397 -0.3058
vn -0.4924 0.1736 -0.8529
vn -0.0778 0.9848 -0.1552
vn -0.4698 0.3420 -0.8138
vn -0.4330 0.5000 -0.7500
vn -0.3830 0.6428 -0.6634
vn -0.5173 0.1736 -0.8380
vn -0.3214 0.7660 -0.5567
vn -0.4936 0.3420 -0.7996
vn -0.2500 0.8660 -0.4330
vn -0.4549 0.5000 -0.7369
vn -0.1710 0.9397 -0.2962
vn -0.4024 0.6428 -0.6518
vn -0.0868 0.9848 -0.1504
vn -0.3377 0.7660 -0.5469
vn -0.2627 0.8660 -0.4255
vn -0.1797 0.9397 -0.2910
vn -0.5679 0.1736 -0.8046
vn -0.0912 0.9848 -0.1478
vn -0.5419 0.3420 -0.7677
vn -0.4994 0.5000 -0.7075
vn -0.5894 0.1736 -0.7890
vn -0.4418 0.6428 -0.6258
vn -0.5624 0.3420 -0.7528
vn -0.3707 0.7660 -0.5251
vn -0.5183 0.5000 -0.6938
vn -0.2883 0.8660 -0.4085
vn -0.4585 0.6428 -0.6137
vn -0.1972 0.9397 -0.2794
vn -0.3847 0.7660 -0.5150
vn -0.1001 0.9848 -0.1419
vn -0.2992 0.8660 -0.4006
vn -0.2047 0.9397 -0.2740
vn -0.6387 0.1736 -0.7496
vn -0.1039 0.9848 -0.1391
vn -0.6095 0.3420 -0.7152
vn -0.5617 0.5000 -0.6592
vn -0.6568 0.1736 -0.7338
vn -0.4968 0.6428 -0.5831
vn -0.6267 0.3420 -0.7002
vn -0.4169 0.7660 -0.4893
vn -0.5776 0.5000 -0.6453
vn -0.3243 0.8660 -0.3806
vn -0.5109 0.6428 -0.5708
vn -0.2218 0.9397 -0.2603
vn -0.4287 0.7660 -0.4790
vn -0.1126 0.9848 -0.1322
vn -0.3335 0.8660 -0.3726
vn -0.2281 0.9397 -0.2548
vn -0.7042 0.1736 -0.6884
vn -0.1158 0.9848 -0.1294
vn -0.6720 0.3420 -0.6569
vn -0.6193 0.5000 -0.6054
vn -0.5478 0.6428 -0.5355
vn -0.4597 0.7660 -0.4493
vn -0.3576 0.8660 -0.3495
vn -0.2446 0.9397 -0.2391
vn -0.1242 0.9848 -0.1214
vn -0.7289 0.3420 -0.5930
vn -0.6718 0.5000 -0.5465
vn -0.5942 0.6428 -0.4834
vn -0.4986 0.7660 -0.4057
vn -0.3879 0.8660 -0.3155
vn -0.2653 0.9397 -0.2158
vn -0.1347 0.9848 -0.1096
vn -0.7798 0.3420 -0.5243
vn -0.7187 0.5000 -0.4832
vn -0.6357 0.6428 -0.4274
vn -0.5334 0.7660 -0.3586
vn -0.4149 0.8660 -0.2790
vn -0.2838 0.9397 -0.1908
vn -0.1441 0.9848 -0.0969
vn -0.8243 0.3420 -0.4512
vn -0.7597 0.5000 -0.4158
vn -0.6720 0.6428 -0.3678
vn -0.5638 0.7660 -0.3086
vn -0.4386 0.8660 -0.2401
vn -0.3000 0.9397 -0.1642
vn -0.1523 0.9848 -0.0834
vn -0.8619 0.3420 -0.3744
vn -0.7943 0.5000 -0.3450
vn -0.7026 0.6428 -0.3052
vn -0.5896 0.7660 -0.2561
vn -0.4586 0.8660 -0.1992
vn -0.3137 0.9397 -0.1363
vn -0.1593 0.9848 -0.0692
vn -0.9352 0.1736 -0.3086
vn -0.8924 0.3420 -0.2944
vn -0.8224 0.5000 -0.2714
vn -0.7275 0.6428 -0.2400
vn -0.6104 0.7660 -0.2014
vn -0.4748 0.8660 -0.1567
vn -0.3248 0.9397 -0.1072
vn -0.1649 0.9848 -0.0544
vn -0.9594 0.1736 -0.2223
vn -0.9154 0.3420 -0.2121
vn -0.8437 0.5000 -0.1955
vn -0.7463 0.6428 -0.1729
vn -0.6262 0.7660 -0.1451
vn -0.4871 0.8660 -0.1128
vn -0.3332 0.9397 -0.0772
vn -0.1692 0.9848 -0.0392
vn -0.9756 0.1736 -0.1341
vn -0.9309 0.3420 -0.1280
vn -0.8580 0.5000 -0.1179
vn -0.7589 0.6428 -0.1043
vn -0.6368 0.7660 -0.0875
vn -0.4953 0.8660 -0.0681
vn -0.3388 0.9397 -0.0466
vn -0.1720 0.9848 -0.0236
vn -0.9838 0.1736 -0.0448
vn -0.9387 0.3420 -0.0428
vn -0.8651 0.5000 -0.0394
vn -0.7653 0.6428 -0.0349
vn -0.6421 0.7660 -0.0293
vn -0.4995 0.8660 -0.0228
vn -0.3417 0.9397 -0.0156
vn -0.1735 0.9848 -0.0079
vn -0.9838 0.1736 0.0436
vn -0.9388 0.3420 0.0416
vn -0.8652 0.5000 0.0383
vn -0.7653 0.6428 0.0339
vn -0.6422 0.7660 0.0284
vn -0.4995 0.8660 0.0221
vn -0.3417 0.9397 0.0151
vn -0.1735 0.9848 0.0077
vn -0.9761 0.1736 0.1303
vn -0.9314 0.3420 0.1244
vn -0.8584 0.5000 0.1146
vn -0.7593 0.6428 0.1014
vn -0.6371 0.7660 0.0851
vn -0.4956 0.8660 0.0662
vn -0.3390 0.9397 0.0453
vn -0.1721 0.9848 0.0230
vn -0.9608 0.1736 0.2161
vn -0.9168 0.3420 0.2062
vn -0.8449 0.5000 0.1900
vn -0.7474 0.6428 0.1681
vn -0.6271 0.7660 0.1411
vn -0.4878 0.8660 0.1097
vn -0.3337 0.9397 0.0751
vn -0.1694 0.9848 0.0381
vn -0.9379 0.1736 0.3002
vn -0.8950 0.3420 0.2864
vn -0.8248 0.5000 0.2640
vn -0.7296 0.6428 0.2335
vn -0.6122 0.7660 0.1959
vn -0.4762 0.8660 0.1524
vn -0.3257 0.9397 0.1042
vn -0.1654 0.9848 0.0529
vn -0.9077 0.1736 0.3819
vn -0.8662 0.3420 0.3644
vn -0.7983 0.5000 0.3358
vn -0.7061 0.6428 0.2971
vn -0.5925 0.7660 0.2493
vn -0.4609 0.8660 0.1939
vn -0.3153 0.9397 0.1326
vn -0.1601 0.9848 0.0673
vn -0.8704 0.1736 0.4606
vn -0.8306 0.3420 0.4395
vn -0.7655 0.5000 0.4051
vn -0.6771 0.6428 0.3583
vn -0.5681 0.7660 0.3007
vn -0.4419 0.8660 0.2339
vn -0.3023 0.9397 0.1600
vn -0.1535 0.9848 0.0812
vn -0.8263 0.1736 0.5358
vn -0.7885 0.3420 0.5112
vn -0.7267 0.5000 0.4711
vn -0.6428 0.6428 0.4167
vn -0.5393 0.7660 0.3497
vn -0.4195 0.8660 0.2720
vn -0.2870 0.9397 0.1861
vn -0.1457 0.9848 0.0945
vn -0.7757 0.1736 0.6067
vn -0.7402 0.3420 0.5789
vn -0.6822 0.5000 0.5335
vn -0.6034 0.6428 0.4719
vn -0.5063 0.7660 0.3960
vn -0.3939 0.8660 0.3080
vn -0.2694 0.9397 0.2107
vn -0.1368 0.9848 0.1070
vn -0.7191 0.1736 0.6729
vn -0.6861 0.3420 0.6421
vn -0.6324 0.5000 0.5917
vn -0.5593 0.6428 0.5234
vn -0.4694 0.7660 0.4392
vn -0.3651 0.8660 0.3416
vn -0.2497 0.9397 0.2337
vn -0.1268 0.9848 0.1186
vn -0.6568 0.1736 0.7338
vn -0.6267 0.3420 0.7002
vn -0.5776 0.5000 0.6453
vn -0.6387 0.1736 0.7496
vn -0.5109 0.6428 0.5708
vn -0.6095 0.3420 0.7152
vn -0.4287 0.7660 0.4790
vn -0.5617 0.5000 0.6592
vn -0.3335 0.8660 0.3726
vn -0.4968 0.6428 0.5831
vn -0.2281 0.9397 0.2548
vn -0.4169 0.7660 0.4893
vn -0.1158 0.9848 0.1294
vn -0.3243 0.8660 0.3806
vn -0.2218 0.9397 0.2603
vn -0.5894 0.1736 0.7890
vn -0.1126 0.9848 0.1322
vn -0.5624 0.3420 0.7528
vn -0.5183 0.5000 0.6938
vn -0.5679 0.1736 0.8046
vn -0.4585 0.6428 0.6137
vn -0.5419 0.3420 0.7677
vn -0.3847 0.7660 0.5150
vn -0.4994 0.5000 0.7075
vn -0.2992 0.8660 0.4006
vn -0.4418 0.6428 0.6258
vn -0.2047 0.9397 0.2740
vn -0.3707 0.7660 0.5251
vn -0.1039 0.9848 0.1391
vn -0.2883 0.8660 0.4085
vn -0.1972 0.9397 0.2794
vn -0.5173 0.1736 0.8380
vn -0.1001 0.9848 0.1419
vn -0.4936 0.3420 0.7996
vn -0.4549 0.5000 0.7369
vn -0.4024 0.6428 0.6518
vn -0.4924 0.1736 0.8529
vn -0.3377 0.7660 0.5469
vn -0.4698 0.3420 0.8138
vn -0.2627 0.8660 0.4255
vn -0.4330 0.5000 0.7500
vn -0.1797 0.9397 0.2910
vn -0.3830 0.6428 0.6634
vn -0.0912 0.9848 0.1478
vn -0.3214 0.7660 0.5567
vn -0.2500 0.8660 0.4330
vn -0.1710 0.9397 0.2962
vn -0.4413 0.1736 0.8804
vn -0.0868 0.9848 0.1504
vn -0.4210 0.3420 0.8401
vn -0.3880 0.5000 0.7742
vn -0.3432 0.6428 0.6848
vn -0.4128 0.1736 0.8941
vn -0.2880 0.7660 0.5747
vn -0.3939 0.3420 0.8532
vn -0.2240 0.8660 0.4470
vn -0.3630 0.5000 0.7863
vn -0.1532 0.9397 0.3058
vn -0.3211 0.6428 0.6955
vn -0.0778 0.9848 0.1552
vn -0.2694 0.7660 0.5836
vn -0.2096 0.8660 0.4540
vn -0.3617 0.1736 0.9160
vn -0.1434 0.9397 0.3105
vn -0.3452 0.3420 0.8740
vn -0.0728 0.9848 0.1577
vn -0.3181 0.5000 0.8055
vn -0.2814 0.6428 0.7125
vn -0.3298 0.1736 0.9279
vn -0.2361 0.7660 0.5979
vn -0.3147 0.3420 0.8854
vn -0.1837 0.8660 0.4651
vn -0.2900 0.5000 0.8160
vn -0.1256 0.9397 0.3181
vn -0.2565 0.6428 0.7218
vn -0.0638 0.9848 0.1615
vn -0.2153 0.7660 0.6057
vn -0.1674 0.8660 0.4711
vn -0.2794 0.1736 0.9444
vn -0.1145 0.9397 0.3223
vn -0.2666 0.3420 0.9011
vn -0.0582 0.9848 0.1636
vn -0.2457 0.5000 0.8305
vn -0.2173 0.6428 0.7346
vn -0.2440 0.1736 0.9541
vn -0.1823 0.7660 0.6164
vn -0.2329 0.3420 0.9104
vn -0.1418 0.8660 0.4795
vn -0.2146 0.5000 0.8390
vn -0.0970 0.9397 0.3280
vn -0.1898 0.6428 0.7422
vn -0.0493 0.9848 0.1665
vn -0.1593 0.7660 0.6227
vn -0.1239 0.8660 0.4844
vn -0.1948 0.1736 0.9653
vn -0.0848 0.9397 0.3314
vn -0.1859 0.3420 0.9211
vn -0.0430 0.9848 0.1682
vn -0.1713 0.5000 0.8489
vn -0.1515 0.6428 0.7509
vn -0.1271 0.7660 0.6301
vn -0.1563 0.1736 0.9723
vn -0.0989 0.8660 0.4901
vn -0.1491 0.3420 0.9278
vn -0.0677 0.9397 0.3353
vn -0.1374 0.5000 0.8551
vn -0.0343 0.9848 0.1702
vn -0.1216 0.6428 0.7563
vn -0.1020 0.7660 0.6346
vn -0.0793 0.8660 0.4937
vn -0.1087 0.1736 0.9788
vn -0.0543 0.9397 0.3377
vn -0.1037 0.3420 0.9339
vn -0.0276 0.9848 0.1714
vn -0.0956 0.5000 0.8607
vn -0.0846 0.6428 0.7614
vn -0.0710 0.7660 0.6389
vn -0.0672 0.1736 0.9825
vn -0.0552 0.8660 0.4969
vn -0.0641 0.3420 0.9375
vn -0.0378 0.9397 0.3399
vn -0.0591 0.5000 0.8640
vn -0.0192 0.9848 0.1726
vn -0.0523 0.6428 0.7643
vn -0.0439 0.7660 0.6413
vn -0.0218 0.1736 0.9846
vn -0.0341 0.8660 0.4988
vn -0.0208 0.3420 0.9395
vn -0.0233 0.9397 0.3412
vn -0.0192 0.5000 0.8658
vn -0.0119 0.9848 0.1732
vn -0.0169 0.6428 0.7659
vn -0.0142 0.7660 0.6426
vn 0.0224 0.1736 0.9846
vn -0.0111 0.8660 0.4999
vn 0.0214 0.3420 0.9394
vn -0.0076 0.9397 0.3419
vn 0.0197 0.5000 0.8658
vn -0.0038 0.9848 0.1736
vn 0.0174 0.6428 0.7658
vn 0.0146 0.7660 0.6426
vn 0.0653 0.1736 0.9826
vn 0.0114 0.8660 0.4999
vn 0.0623 0.3420 0.9376
vn 0.0078 0.9397 0.3419
vn 0.0574 0.5000 0.8641
vn 0.0040 0.9848 0.1736
vn 0.0508 0.6428 0.7644
vn 0.0426 0.7660 0.6414
vn 0.1119 0.1736 0.9784
vn 0.0332 0.8660 0.4989
vn 0.1067 0.3420 0.9336
vn 0.0227 0.9397 0.3413
vn 0.0984 0.5000 0.8604
vn 0.0115 0.9848 0.1733
vn 0.0870 0.6428 0.7611
vn 0.0730 0.7660 0.6386
vn 0.1519 0.1736 0.9730
vn 0.0568 0.8660 0.4968
vn 0.1449 0.3420 0.9284
vn 0.0388 0.9397 0.3398
vn 0.1336 0.5000 0.8557
vn 0.0197 0.9848 0.1725
vn 0.1182 0.6428 0.7569
vn 0.0991 0.7660 0.6351
vn 0.0771 0.8660 0.4940
vn 0.2004 0.1736 0.9642
vn 0.0528 0.9397 0.3379
vn 0.1912 0.3420 0.9200
vn 0.0268 0.9848 0.1716
vn 0.1762 0.5000 0.8479
vn 0.1559 0.6428 0.7500
vn 0.1308 0.7660 0.6293
vn 0.2373 0.1736 0.9558
vn 0.1017 0.8660 0.4895
vn 0.2264 0.3420 0.9120
vn 0.0696 0.9397 0.3349
vn 0.2087 0.5000 0.8405
vn 0.0353 0.9848 0.1700
vn 0.1846 0.6428 0.7435
vn 0.1549 0.7660 0.6238
vn 0.1205 0.8660 0.4853
vn 0.2872 0.1736 0.9420
vn 0.0824 0.9397 0.3319
vn 0.2741 0.3420 0.8988
vn 0.0418 0.9848 0.1685
vn 0.2526 0.5000 0.8284
vn 0.2234 0.6428 0.7327
vn 0.3209 0.1736 0.9311
vn 0.1875 0.7660 0.6148
vn 0.3062 0.3420 0.8884
vn 0.1458 0.8660 0.4783
vn 0.2822 0.5000 0.8188
vn 0.0997 0.9397 0.3272
vn 0.2496 0.6428 0.7242
vn 0.0506 0.9848 0.1661
vn 0.2094 0.7660 0.6077
vn 0.1629 0.8660 0.4727
vn 0.3717 0.1736 0.9120
vn 0.1114 0.9397 0.3234
vn 0.3547 0.3420 0.8702
vn 0.0566 0.9848 0.1642
vn 0.3269 0.5000 0.8020
vn 0.2891 0.6428 0.7094
vn 0.4019 0.1736 0.8991
vn 0.2426 0.7660 0.5952
vn 0.3835 0.3420 0.8579
vn 0.1887 0.8660 0.4630
vn 0.3534 0.5000 0.7906
vn 0.1291 0.9397 0.3167
vn 0.3126 0.6428 0.6994
vn 0.0655 0.9848 0.1608
vn 0.2623 0.7660 0.5868
vn 0.2040 0.8660 0.4565
vn 0.1396 0.9397 0.3122
vn 0.4531 0.1736 0.8744
vn 0.0709 0.9848 0.1585
vn 0.4323 0.3420 0.8343
vn 0.3984 0.5000 0.7689
vn 0.3524 0.6428 0.6802
vn 0.4798 0.1736 0.8600
vn 0.2957 0.7660 0.5707
vn 0.4578 0.3420 0.8206
vn 0.2300 0.8660 0.4439
vn 0.4219 0.5000 0.7563
vn 0.1574 0.9397 0.3037
vn 0.3732 0.6428 0.6690
vn 0.0799 0.9848 0.1542
vn 0.3131 0.7660 0.5614
vn 0.2436 0.8660 0.4367
vn 0.1666 0.9397 0.2987
vn 0.5307 0.1736 0.8296
vn 0.0846 0.9848 0.1516
vn 0.5064 0.3420 0.7916
vn 0.4667 0.5000 0.7295
vn 0.5539 0.1736 0.8143
vn 0.4128 0.6428 0.6453
vn 0.5285 0.3420 0.7770
vn 0.3464 0.7660 0.5415
vn 0.4871 0.5000 0.7161
vn 0.2694 0.8660 0.4212
vn 0.4309 0.6428 0.6334
vn 0.1843 0.9397 0.2881
vn 0.3615 0.7660 0.5315
vn 0.0936 0.9848 0.1463
vn 0.2812 0.8660 0.4134
vn 0.1924 0.9397 0.2828
vn 0.6039 0.1736 0.7779
vn 0.0977 0.9848 0.1436
vn 0.5763 0.3420 0.7422
vn 0.5311 0.5000 0.6841
vn 0.6237 0.1736 0.7621
vn 0.4698 0.6428 0.6051
vn 0.5951 0.3420 0.7272
vn 0.3942 0.7660 0.5077
vn 0.5485 0.5000 0.6702
vn 0.3066 0.8660 0.3949
vn 0.4852 0.6428 0.5928
vn 0.2097 0.9397 0.2702
vn 0.4071 0.7660 0.4974
vn 0.1065 0.9848 0.1372
vn 0.3167 0.8660 0.3869
vn 0.2166 0.9397 0.2647
vn 0.6722 0.1736 0.7197
vn 0.1100 0.9848 0.1344
vn 0.6414 0.3420 0.6868
vn 0.5911 0.5000 0.6329
vn 0.6886 0.1736 0.7040
vn 0.5229 0.6428 0.5599
vn 0.6571 0.3420 0.6718
vn 0.4387 0.7660 0.4698
vn 0.6056 0.5000 0.6191
vn 0.3413 0.8660 0.3654
vn 0.5357 0.6428 0.5476
vn 0.2334 0.9397 0.2500
vn 0.4495 0.7660 0.4595
vn 0.1185 0.9848 0.1269
vn 0.3496 0.8660 0.3574
vn 0.2392 0.9397 0.2445
vn 0.1214 0.9848 0.1241
vn 0.7348 0.1736 0.6556
vn 0.7012 0.3420 0.6256
vn 0.6462 0.5000 0.5765
vn 0.5716 0.6428 0.5100
vn 0.4796 0.7660 0.4279
vn 0.3731 0.8660 0.3329
vn 0.2552 0.9397 0.2277
vn 0.1296 0.9848 0.1156
vn 0.7552 0.3420 0.5592
vn 0.6960 0.5000 0.5154
vn 0.6156 0.6428 0.4559
vn 0.5166 0.7660 0.3825
vn 0.4018 0.8660 0.2976
vn 0.2749 0.9397 0.2035
vn 0.1395 0.9848 0.1033
vn 0.8029 0.3420 0.4882
vn 0.7399 0.5000 0.4500
vn 0.6545 0.6428 0.3980
vn 0.5492 0.7660 0.3340
vn 0.4272 0.8660 0.2598
vn 0.2922 0.9397 0.1777
vn 0.1484 0.9848 0.0902
vn 0.8440 0.3420 0.4132
vn 0.7778 0.5000 0.3808
vn 0.6880 0.6428 0.3369
vn 0.5773 0.7660 0.2827
vn 0.4491 0.8660 0.2199
vn 0.3072 0.9397 0.1504
vn 0.1560 0.9848 0.0764
vn 0.9202 0.1736 0.3508
vn 0.8780 0.3420 0.3348
vn 0.8092 0.5000 0.3085
vn 0.7158 0.6428 0.2729
vn 0.6006 0.7660 0.2290
vn 0.4672 0.8660 0.1781
vn 0.3196 0.9397 0.1218
vn 0.1623 0.9848 0.0619
vn 0.9483 0.1736 0.2657
vn 0.9048 0.3420 0.2535
vn 0.8339 0.5000 0.2337
vn 0.7376 0.6428 0.2067
vn 0.6190 0.7660 0.1734
vn 0.4815 0.8660 0.1349
vn 0.3293 0.9397 0.0923
vn 0.1672 0.9848 0.0468
vn 0.9685 0.1736 0.1784
vn 0.9242 0.3420 0.1702
vn 0.8517 0.5000 0.1569
vn 0.7534 0.6428 0.1387
vn 0.6322 0.7660 0.1164
vn 0.4917 0.8660 0.0906
vn 0.3364 0.9397 0.0619
vn 0.1708 0.9848 0.0315
vn 0.9807 0.1736 0.0896
vn 0.9358 0.3420 0.0855
vn 0.8624 0.5000 0.0788
vn 0.7629 0.6428 0.0697
vn 0.6401 0.7660 0.0585
vn 0.4979 0.8660 0.0455
vn 0.3406 0.9397 0.0311
vn 0.1729 0.9848 0.0158
f 3//3 2//2 1//1
f 3//3 1//1 73//73
f 3//3 73//73 74//74
f 4//4 3//3 74//74
f 5//5 4//4 74//74
f 5//5 74//74 75//75
f 6//6 5//5 75//75
f 6//6 75//75 76//76
f 7//7 6//6 76//76
f 7//7 76//76 77//77
f 8//8 7//7 77//77
f 8//8 77//77 78//78
f 9//9 8//8 78//78
f 9//9 78//78 79//79
f 10//10 79//79 80//80
f 10//10 9//9 79//79
f 10//10 80//80 81//81
f 11//11 81//81 82//82
f 11//11 10//10 81//81
f 12//12 11//11 82//82
f 13//13 82//82 83//83
f 13//13 12//12 82//82
f 14//14 83//83 84//84
f 14//14 84//84 85//85
f 14//14 13//13 83//83
f 15//15 14//14 85//85
f 16//16 15//15 85//85
f 16//16 85//85 86//86
f 17//17 16//16 86//86
f 17//17 86//86 87//87
f 18//18 17//17 87//87
f 18//18 87//87 88//88
f 19//19 18//18 88//88
f 19//19 88//88 89//89
f 20//20 19//19 89//89
f 20//20 89//89 90//90
f 20//20 90//90 91//91
f 21//21 20//20 91//91
f 21//21 91//91 92//92
f 22//22 21//21 92//92
f 23//23 22//22 92//92
f 23//23 92//92 93//93
f 23//23 93//93 94//94
f 24//24 23//23 94//94
f 25//25 24//24 94//94
f 25//25 94//94 95//95
f 26//26 25//25 95//95
f 26//26 95//95 96//96
f 26//26 96//96 97//97
f 27//27 26//26 97//97
f 28//28 27//27 97//97
f 28//28 97//97 98//98
f 29//29 28//28 98//98
f 29//29 98//98 99//99
f 30//30 99//99 100//100
f 30//30 100//100 101//101
f 30//30 29//29 99//99
f 31//31 30//30 101//101
f 32//32 101//101 102//102
f 32//32 31//31 101//101
f 33//33 102//102 103//103
f 33//33 103//103 104//104
f 33//33 32//32 102//102
f 34//34 33//33 104//104
f 35//35 104//104 105//105
f 35//35 34//34 104//104
f 36//36 105//105 106//106
f 36//36 35//35 105//105
f 37//37 106//106 107//107
f 37//37 36//36 106//106
f 38//38 107//107 108//108
f 38//38 37//37 107//107
f 39//39 108//108 109//109
f 39//39 38//38 108//108
f 40//40 109//109 110//110
f 40//40 39//39 109//109
f 41//41 40//40 110//110
f 41//41 110//110 111//111
f 41//41 111//111 112//112
f 42//42 41//41 112//112
f 43//43 42//42 112//112
f 43//43 112//112 113//113
f 43//43 113//113 114//114
f 44//44 43//43 114//114
f 45//45 114//114 115//115
f 45//45 44//44 114//114
f 46//46 115//115 116//116
f 46//46 116//116 117//117
f 46//46 45//45 115//115
f 47//47 46//46 117//117
f 48//48 117//117 118//118
f 48//48 118//118 119//119
f 48//48 47//47 117//117
f 49//49 48//48 119//119
f 50//50 119//119 120//120
f 50//50 49//49 119//119
f 51//51 120//120 121//121
f 51//51 50//50 120//120
f 52//52 121//121 122//122
f 52//52 122//122 123//123
f 52//52 51//51 121//121
f 53//53 52//52 123//123
f 54//54 123//123 124//124
f 54//54 53//53 123//123
f 55//55 124//124 125//125
f 55//55 54//54 124//124
f 56//56 125//125 126//126
f 56//56 55//55 125//125
f 57//57 126//126 127//127
f 57//57 56//56 126//126
f 58//58 127//127 128//128
f 58//58 57//57 127//127
f 59//59 128//128 129//129
f 59//59 58//58 128//128
f 60//60 129//129 130//130
f 60//60 130//130 131//131
f 60//60 59//59 129//129
f 61//61 60//60 131//131
f 62//62 131//131 132//132
f 62//62 61//61 131//131
f 63//63 132//132 133//133
f 63//63 62//62 132//132
f 64//64 133//133 134//134
f 64//64 63//63 133//133
f 65//65 134//134 135//135
f 65//65 64//64 134//134
f 66//66 135//135 136//136
f 66//66 65//65 135//135
f 67//67 66//66 136//136
f 67//67 136//136 137//137
f 68//68 67//67 137//137
f 68//68 137//137 138//138
f 69//69 68//68 138//138
f 69//69 138//138 139//139
f 70//70 69//69 139//139
f 70//70 139//139 140//140
f 71//71 70//70 140//140
f 71//71 140//140 141//141
f 72//72 71//71 141//141
f 72//72 141//141 142//142
f 2//2 72//72 142//142
f 2//2 142//142 1//1
f 143//143 1//1 142//142
f 144//144 143//143 142//142
f 220//220 1//1 143//143
f 220//220 73//73 1//1
f 221//221 143//143 144//144
f 221//221 220//220 143//143
f 222//222 144//144 145//145
f 222//222 221//221 144//144
f 223//223 145//145 146//146
f 223//223 222//222 145//145
f 224//224 146//146 147//147
f 224//224 223//223 146//146
f 225//225 147//147 148//148
f 225//225 224//224 147//147
f 226//226 148//148 149//149
f 226//226 225//225 148//148
f 227//227 149//149 150//150
f 227//227 150//150 151//151
f 227//227 226//226 149//149
f 227//227 152//152 226//226
f 227//227 151//151 152//152
f 228//228 74//74 73//73
f 228//228 75//75 74//74
f 228//228 73//73 220//220
f 229//229 228//228 220//220
f 229//229 220//220 221//221
f 230//230 221//221 222//222
f 230//230 229//229 221//221
f 231//231 230//230 222//222
f 231//231 222//222 223//223
f 232//232 223//223 224//224
f 232//232 231//231 223//223
f 233//233 224//224 225//225
f 233//233 232//232 224//224
f 234//234 225//225 226//226
f 234//234 226//226 152//152
f 234//234 233//233 225//225
f 235//235 234//234 152//152
f 235//235 153//153 234//234
f 235//235 152//152 153//153
f 236//236 75//75 228//228
f 237//237 228//228 229//229
f 237//237 236//236 228//228
f 238//238 237//237 229//229
f 238//238 229//229 230//230
f 239//239 230//230 231//231
f 239//239 238//238 230//230
f 240//240 239//239 231//231
f 240//240 231//231 232//232
f 241//241 240//240 232//232
f 241//241 232//232 233//233
f 242//242 233//233 234//234
f 242//242 154//154 241//241
f 242//242 234//234 153//153
f 242//242 241//241 233//233
f 243//243 242//242 153//153
f 243//243 154//154 242//242
f 243//243 153//153 154//154
f 244//244 76//76 75//75
f 244//244 75//75 236//236
f 245//245 236//236 237//237
f 245//245 244//244 236//236
f 246//246 237//237 238//238
f 246//246 245//245 237//237
f 247//247 246//246 238//238
f 247//247 238//238 239//239
f 247//247 239//239 240//240
f 248//248 247//247 240//240
f 249//249 241//241 154//154
f 249//249 248//248 240//240
f 249//249 240//240 241//241
f 250//250 249//249 154//154
f 250//250 155//155 249//249
f 251//251 250//250 154//154
f 251//251 154//154 155//155
f 251//251 155//155 250//250
f 252//252 77//77 76//76
f 252//252 244//244 245//245
f 252//252 76//76 244//244
f 253//253 252//252 245//245
f 254//254 245//245 246//246
f 254//254 253//253 245//245
f 255//255 254//254 246//246
f 255//255 247//247 248//248
f 255//255 246//246 247//247
f 256//256 255//255 248//248
f 257//257 256//256 248//248
f 257//257 249//249 155//155
f 257//257 248//248 249//249
f 258//258 156//156 257//257
f 258//258 257//257 155//155
f 259//259 258//258 155//155
f 259//259 156//156 258//258
f 259//259 155//155 156//156
f 260//260 78//78 77//77
f 260//260 79//79 78//78
f 260//260 77//77 252//252
f 261//261 260//260 252//252
f 261//261 252//252 253//253
f 262//262 261//261 253//253
f 262//262 253//253 254//254
f 263//263 262//262 254//254
f 263//263 254//254 255//255
f 264//264 255//255 256//256
f 264//264 263//263 255//255
f 265//265 256//256 257//257
f 265//265 264//264 256//256
f 265//265 257//257 156//156
f 265//265 157//157 264//264
f 266//266 157//157 265//265
f 266//266 265//265 156//156
f 267//267 157//157 266//266
f 267//267 156//156 157//157
f 267//267 266//266 156//156
f 268//268 79//79 260//260
f 269//269 268//268 260//260
f 269//269 261//261 262//262
f 269//269 260//260 261//261
f 270//270 262//262 263//263
f 270//270 269//269 262//262
f 271//271 270//270 263//263
f 272//272 271//271 263//263
f 272//272 264//264 157//157
f 272//272 263//263 264//264
f 273//273 158//158 272//272
f 273//273 272//272 157//157
f 274//274 273//273 157//157
f 274//274 158//158 273//273
f 275//275 158//158 274//274
f 275//275 274//274 157//157
f 275//275 157//157 158//158
f 276//276 80//80 79//79
f 276//276 79//79 268//268
f 277//277 268//268 269//269
f 277//277 276//276 268//268
f 278//278 269//269 270//270
f 278//278 277//277 269//269
f 279//279 270//270 271//271
f 279//279 278//278 270//270
f 280//280 271//271 272//272
f 280//280 272//272 158//158
f 280//280 279//279 271//271
f 281//281 280//280 158//158
f 281//281 159//159 280//280
f 282//282 281//281 158//158
f 282//282 159//159 281//281
f 283//283 282//282 158//158
f 283//283 158//158 159//159
f 283//283 159//159 282//282
f 284//284 80//80 276//276
f 284//284 81//81 80//80
f 285//285 284//284 276//276
f 285//285 276//276 277//277
f 286//286 277//277 278//278
f 286//286 285//285 277//277
f 287//287 284//284 285//285
f 287//287 81//81 284//284
f 287//287 82//82 81//81
f 288//288 286//286 278//278
f 288//288 278//278 279//279
f 289//289 287//287 285//285
f 290//290 288//288 279//279
f 290//290 279//279 280//280
f 290//290 280//280 159//159
f 291//291 289//289 285//285
f 291//291 285//285 286//286
f 292//292 290//290 159//159
f 293//293 286//286 288//288
f 293//293 291//291 286//286
f 294//294 292//292 159//159
f 295//295 288//288 290//290
f 295//295 290//290 292//292
f 295//295 293//293 288//288
f 296//296 294//294 159//159
f 296//296 159//159 160//160
f 297//297 295//295 292//292
f 298//298 292//292 294//294
f 298//298 294//294 296//296
f 298//298 297//297 292//292
f 299//299 82//82 287//287
f 300//300 296//296 160//160
f 300//300 298//298 296//296
f 301//301 287//287 289//289
f 301//301 299//299 287//287
f 302//302 289//289 291//291
f 302//302 301//301 289//289
f 303//303 83//83 82//82
f 303//303 82//82 299//299
f 304//304 291//291 293//293
f 304//304 302//302 291//291
f 305//305 299//299 301//301
f 305//305 303//303 299//299
f 306//306 304//304 293//293
f 306//306 293//293 295//295
f 307//307 301//301 302//302
f 307//307 305//305 301//301
f 308//308 295//295 297//297
f 308//308 306//306 295//295
f 309//309 307//307 302//302
f 309//309 302//302 304//304
f 309//309 304//304 306//306
f 310//310 297//297 298//298
f 310//310 308//308 297//297
f 311//311 306//306 308//308
f 311//311 309//309 306//306
f 312//312 300//300 160//160
f 312//312 298//298 300//300
f 312//312 310//310 298//298
f 312//312 160//160 161//161
f 313//313 311//311 308//308
f 314//314 308//308 310//310
f 314//314 313//313 308//308
f 315//315 83//83 303//303
f 316//316 310//310 312//312
f 316//316 312//312 161//161
f 316//316 314//314 310//310
f 317//317 305//305 307//307
f 317//317 315//315 303//303
f 317//317 303//303 305//305
f 318//318 317//317 307//307
f 319//319 84//84 83//83
f 319//319 83//83 315//315
f 320//320 307//307 309//309
f 320//320 318//318 307//307
f 321//321 319//319 315//315
f 321//321 315//315 317//317
f 322//322 309//309 311//311
f 322//322 320//320 309//309
f 323//323 321//321 317//317
f 323//323 317//317 318//318
f 324//324 322//322 311//311
f 324//324 311//311 313//313
f 325//325 318//318 320//320
f 325//325 320//320 322//322
f 325//325 323//323 318//318
f 326//326 324//324 313//313
f 326//326 313//313 314//314
f 326//326 314//314 316//316
f 327//327 325//325 322//322
f 328//328 326//326 316//316
f 328//328 316//316 161//161
f 328//328 161//161 162//162
f 329//329 322//322 324//324
f 329//329 327//327 322//322
f 330//330 324//324 326//326
f 330//330 329//329 324//324
f 331//331 84//84 319//319
f 332//332 326//326 328//328
f 332//332 328//328 162//162
f 332//332 330//330 326//326
f 333//333 319//319 321//321
f 333//333 331//331 319//319
f 334//334 321//321 323//323
f 334//334 333//333 321//321
f 335//335 323//323 325//325
f 335//335 334//334 323//323
f 336//336 331//331 333//333
f 336//336 85//85 84//84
f 336//336 84//84 331//331
f 337//337 325//325 327//327
f 337//337 335//335 325//325
f 338//338 336//336 333//333
f 338//338 333//333 334//334
f 339//339 327//327 329//329
f 339//339 337//337 327//327
f 340//340 338//338 334//334
f 341//341 329//329 330//330
f 341//341 339//339 329//329
f 342//342 340//340 334//334
f 342//342 334//334 335//335
f 343//343 162//162 163//163
f 343//343 332//332 162//162
f 343//343 330//330 332//332
f 343//343 341//341 330//330
f 344//344 335//335 337//337
f 344//344 337//337 339//339
f 344//344 342//342 335//335
f 345//345 344//344 339//339
f 346//346 339//339 341//341
f 346//346 341//341 343//343
f 346//346 345//345 339//339
f 347//347 85//85 336//336
f 348//348 343//343 163//163
f 348//348 346//346 343//343
f 349//349 336//336 338//338
f 349//349 347//347 336//336
f 350//350 338//338 340//340
f 350//350 349//349 338//338
f 351//351 340//340 342//342
f 351//351 350//350 340//340
f 351//351 342//342 344//344
f 352//352 86//86 85//85
f 352//352 85//85 347//347
f 353//353 351//351 344//344
f 354//354 352//352 347//347
f 354//354 347//347 349//349
f 355//355 353//353 344//344
f 355//355 344//344 345//345
f 356//356 354//354 349//349
f 356//356 349//349 350//350
f 357//357 355//355 345//345
f 357//357 345//345 346//346
f 358//358 356//356 350//350
f 358//358 350//350 351//351
f 359//359 163//163 164//164
f 359//359 357//357 346//346
f 359//359 348//348 163//163
f 359//359 346//346 348//348
f 360//360 351//351 353//353
f 360//360 358//358 351//351
f 361//361 360//360 353//353
f 361//361 353//353 355//355
f 362//362 86//86 352//352
f 363//363 355//355 357//357
f 363//363 361//361 355//355
f 364//364 352//352 354//354
f 364//364 354//354 356//356
f 364//364 362//362 352//352
f 365//365 363//363 357//357
f 365//365 359//359 164//164
f 365//365 357//357 359//359
f 366//366 356//356 358//358
f 366//366 364//364 356//356
f 367//367 366//366 358//358
f 368//368 87//87 86//86
f 368//368 86//86 362//362
f 369//369 367//367 358//358
f 369//369 358//358 360//360
f 369//369 360//360 361//361
f 370//370 362//362 364//364
f 370//370 368//368 362//362
f 371//371 369//369 361//361
f 372//372 364//364 366//366
f 372//372 370//370 364//364
f 373//373 361//361 363//363
f 373//373 363//363 365//365
f 373//373 371//371 361//361
f 374//374 366//366 367//367
f 374//374 372//372 366//366
f 375//375 164//164 165//165
f 375//375 365//365 164//164
f 375//375 373//373 365//365
f 376//376 367//367 369//369
f 376//376 374//374 367//367
f 377//377 376//376 369//369
f 377//377 369//369 371//371
f 378//378 87//87 368//368
f 379//379 371//371 373//373
f 379//379 377//377 371//371
f 380//380 368//368 370//370
f 380//380 378//378 368//368
f 381//381 375//375 165//165
f 381//381 373//373 375//375
f 381//381 379//379 373//373
f 382//382 380//380 370//370
f 382//382 370//370 372//372
f 383//383 382//382 372//372
f 383//383 372//372 374//374
f 384//384 376//376 377//377
f 384//384 374//374 376//376
f 384//384 383//383 374//374
f 385//385 88//88 87//87
f 385//385 87//87 378//378
f 386//386 384//384 377//377
f 387//387 385//385 378//378
f 387//387 378//378 380//380
f 388//388 386//386 377//377
f 388//388 377//377 379//379
f 389//389 387//387 380//380
f 389//389 382//382 383//383
f 389//389 380//380 382//382
f 390//390 165//165 166//166
f 390//390 388//388 379//379
f 390//390 381//381 165//165
f 390//390 379//379 381//381
f 391//391 389//389 383//383
f 392//392 383//383 384//384
f 392//392 384//384 386//386
f 392//392 391//391 383//383
f 393//393 386//386 388//388
f 393//393 392//392 386//386
f 394//394 88//88 385//385
f 395//395 393//393 388//388
f 396//396 394//394 385//385
f 396//396 385//385 387//387
f 396//396 387//387 389//389
f 397//397 388//388 390//390
f 397//397 395//395 388//388
f 397//397 390//390 166//166
f 398//398 389//389 391//391
f 398//398 396//396 389//389
f 399//399 398//398 391//391
f 400//400 399//399 391//391
f 400//400 391//391 392//392
f 400//400 392//392 393//393
f 401//401 89//89 88//88
f 401//401 88//88 394//394
f 402//402 400//400 393//393
f 403//403 401//401 394//394
f 403//403 394//394 396//396
f 404//404 393//393 395//395
f 404//404 395//395 397//397
f 404//404 402//402 393//393
f 405//405 396//396 398//398
f 405//405 398//398 399//399
f 405//405 403//403 396//396
f 406//406 166//166 167//167
f 406//406 397//397 166//166
f 406//406 404//404 397//397
f 407//407 405//405 399//399
f 408//408 399//399 400//400
f 408//408 407//407 399//399
f 409//409 89//89 401//401
f 410//410 408//408 400//400
f 410//410 400//400 402//402
f 410//410 402//402 404//404
f 411//411 409//409 401//401
f 411//411 401//401 403//403
f 412//412 404//404 406//406
f 412//412 410//410 404//404
f 413//413 411//411 403//403
f 413//413 403//403 405//405
f 414//414 406//406 167//167
f 414//414 412//412 406//406
f 415//415 405//405 407//407
f 415//415 413//413 405//405
f 416//416 407//407 408//408
f 416//416 415//415 407//407
f 417//417 90//90 89//89
f 417//417 89//89 409//409
f 418//418 408//408 410//410
f 418//418 410//410 412//412
f 418//418 416//416 408//408
f 419//419 409//409 411//411
f 419//419 417//417 409//409
f 420//420 418//418 412//412
f 421//421 411//411 413//413
f 421//421 419//419 411//411
f 422//422 167//167 168//168
f 422//422 414//414 167//167
f 422//422 420//420 412//412
f 422//422 412//412 414//414
f 423//423 421//421 413//413
f 423//423 413//413 415//415
f 423//423 415//415 416//416
f 424//424 423//423 416//416
f 425//425 90//90 417//417
f 426//426 424//424 416//416
f 426//426 416//416 418//418
f 427//427 425//425 417//417
f 427//427 417//417 419//419
f 428//428 426//426 418//418
f 428//428 418//418 420//420
f 429//429 419//419 421//421
f 429//429 427//427 419//419
f 429//429 421//421 423//423
f 430//430 428//428 420//420
f 430//430 422//422 168//168
f 430//430 420//420 422//422
f 431//431 429//429 423//423
f 432//432 423//423 424//424
f 432//432 424//424 426//426
f 432//432 431//431 423//423
f 433//433 425//425 427//427
f 433//433 90//90 425//425
f 433//433 91//91 90//90
f 434//434 432//432 426//426
f 435//435 427//427 429//429
f 435//435 433//433 427//427
f 436//436 426//426 428//428
f 436//436 434//434 426//426
f 437//437 435//435 429//429
f 438//438 168//168 169//169
f 438//438 430//430 168//168
f 438//438 436//436 428//428
f 438//438 428//428 430//430
f 439//439 429//429 431//431
f 439//439 437//437 429//429
f 440//440 439//439 431//431
f 440//440 431//431 432//432
f 441//441 91//91 433//433
f 441//441 433//433 435//435
f 442//442 432//432 434//434
f 442//442 434//434 436//436
f 442//442 440//440 432//432
f 443//443 441//441 435//435
f 443//443 435//435 437//437
f 444//444 442//442 436//436
f 445//445 437//437 439//439
f 445//445 443//443 437//437
f 446//446 438//438 169//169
f 446//446 436//436 438//438
f 446//446 444//444 436//436
f 447//447 439//439 440//440
f 447//447 445//445 439//439
f 448//448 440//440 442//442
f 448//448 447//447 440//440
f 449//449 442//442 444//444
f 449//449 448//448 442//442
f 450//450 92//92 91//91
f 450//450 91//91 441//441
f 451//451 449//449 444//444
f 452//452 441//441 443//443
f 452//452 443//443 445//445
f 452//452 450//450 441//441
f 453//453 169//169 170//170
f 453//453 446//446 169//169
f 453//453 444//444 446//446
f 453//453 451//451 444//444
f 454//454 452//452 445//445
f 454//454 445//445 447//447
f 455//455 454//454 447//447
f 456//456 455//455 447//447
f 456//456 447//447 448//448
f 457//457 450//450 452//452
f 457//457 92//92 450//450
f 458//458 456//456 448//448
f 458//458 448//448 449//449
f 459//459 457//457 452//452
f 460//460 458//458 449//449
f 460//460 449//449 451//451
f 461//461 459//459 452//452
f 461//461 452//452 454//454
f 462//462 451//451 453//453
f 462//462 460//460 451//451
f 462//462 453//453 170//170
f 463//463 454//454 455//455
f 463//463 461//461 454//454
f 464//464 455//455 456//456
f 464//464 463//463 455//455
f 465//465 456//456 458//458
f 465//465 464//464 456//456
f 466//466 92//92 457//457
f 466//466 93//93 92//92
f 467//467 458//458 460//460
f 467//467 465//465 458//458
f 468//468 457//457 459//459
f 468//468 459//459 461//461
f 468//468 466//466 457//457
f 469//469 170//170 171//171
f 469//469 462//462 170//170
f 469//469 460//460 462//462
f 469//469 467//467 460//460
f 470//470 468//468 461//461
f 471//471 461//461 463//463
f 471//471 463//463 464//464
f 471//471 470//470 461//461
f 472//472 93//93 466//466
f 473//473 471//471 464//464
f 474//474 468//468 470//470
f 474//474 466//466 468//468
f 474//474 472//472 466//466
f 475//475 464//464 465//465
f 475//475 465//465 467//467
f 475//475 473//473 464//464
f 476//476 474//474 470//470
f 477//477 475//475 467//467
f 478//478 470//470 471//471
f 478//478 471//471 473//473
f 478//478 476//476 470//470
f 479//479 469//469 171//171
f 479//479 467//467 469//469
f 479//479 477//477 467//467
f 480//480 478//478 473//473
f 481//481 473//473 475//475
f 481//481 480//480 473//473
f 482//482 94//94 93//93
f 482//482 93//93 472//472
f 482//482 472//472 474//474
f 483//483 475//475 477//477
f 483//483 481//481 475//475
f 484//484 474//474 476//476
f 484//484 482//482 474//474
f 485//485 171//171 172//172
f 485//485 479//479 171//171
f 485//485 477//477 479//479
f 485//485 483//483 477//477
f 486//486 476//476 478//478
f 486//486 484//484 476//476
f 487//487 486//486 478//478
f 488//488 94//94 482//482
f 489//489 480//480 481//481
f 489//489 478//478 480//480
f 489//489 487//487 478//478
f 490//490 488//488 482//482
f 490//490 482//482 484//484
f 491//491 489//489 481//481
f 492//492 490//490 484//484
f 492//492 484//484 486//486
f 493//493 491//491 481//481
f 493//493 481//481 483//483
f 493//493 483//483 485//485
f 494//494 492//492 486//486
f 494//494 486//486 487//487
f 495//495 493//493 485//485
f 495//495 485//485 172//172
f 496//496 494//494 487//487
f 496//496 487//487 489//489
f 497//497 489//489 491//491
f 497//497 496//496 489//489
f 498//498 488//488 490//490
f 498//498 95//95 94//94
f 498//498 94//94 488//488
f 499//499 491//491 493//493
f 499//499 497//497 491//491
f 500//500 498//498 490//490
f 500//500 490//490 492//492
f 501//501 172//172 173//173
f 501//501 495//495 172//172
f 501//501 493//493 495//495
f 501//501 499//499 493//493
f 502//502 500//500 492//492
f 503//503 494//494 496//496
f 503//503 492//492 494//494
f 503//503 502//502 492//492
f 504//504 95//95 498//498
f 505//505 503//503 496//496
f 506//506 498//498 500//500
f 506//506 504//504 498//498
f 507//507 505//505 496//496
f 507//507 496//496 497//497
f 507//507 497//497 499//499
f 508//508 500//500 502//502
f 508//508 506//506 500//500
f 509//509 507//507 499//499
f 510//510 508//508 502//502
f 510//510 502//502 503//503
f 511//511 501//501 173//173
f 511//511 499//499 501//501
f 511//511 509//509 499//499
f 512//512 503//503 505//505
f 512//512 510//510 503//503
f 513//513 505//505 507//507
f 513//513 512//512 505//505
f 514//514 513//513 507//507
f 514//514 507//507 509//509
f 515//515 96//96 95//95
f 515//515 95//95 504//504
f 516//516 173//173 174//174
f 516//516 511//511 173//173
f 516//516 509//509 511//511
f 516//516 514//514 509//509
f 517//517 515//515 504//504
f 517//517 504//504 506//506
f 517//517 506//506 508//508
f 518//518 517//517 508//508
f 519//519 508//508 510//510
f 519//519 518//518 508//508
f 520//520 96//96 515//515
f 521//521 510//510 512//512
f 521//521 512//512 513//513
f 521//521 519//519 510//510
f 522//522 520//520 515//515
f 522//522 515//515 517//517
f 523//523 521//521 513//513
f 524//524 522//522 517//517
f 524//524 517//517 518//518
f 525//525 523//523 513//513
f 525//525 513//513 514//514
f 525//525 514//514 516//516
f 526//526 518//518 519//519
f 526//526 524//524 518//518
f 527//527 525//525 516//516
f 527//527 516//516 174//174
f 528//528 519//519 521//521
f 528//528 526//526 519//519
f 529//529 528//528 521//521
f 529//529 521//521 523//523
f 530//530 523//523 525//525
f 530//530 529//529 523//523
f 531//531 97//97 96//96
f 531//531 96//96 520//520
f 532//532 174//174 175//175
f 532//532 527//527 174//174
f 532//532 525//525 527//527
f 532//532 530//530 525//525
f 533//533 520//520 522//522
f 533//533 531//531 520//520
f 533//533 522//522 524//524
f 534//534 533//533 524//524
f 535//535 97//97 531//531
f 536//536 524//524 526//526
f 536//536 526//526 528//528
f 536//536 534//534 524//524
f 537//537 531//531 533//533
f 537//537 535//535 531//531
f 538//538 536//536 528//528
f 539//539 533//533 534//534
f 539//539 537//537 533//533
f 540//540 528//528 529//529
f 540//540 529//529 530//530
f 540//540 538//538 528//528
f 541//541 534//534 536//536
f 541//541 539//539 534//534
f 542//542 540//540 530//530
f 543//543 536//536 538//538
f 543//543 541//541 536//536
f 544//544 532//532 175//175
f 544//544 530//530 532//532
f 544//544 542//542 530//530
f 545//545 543//543 538//538
f 545//545 538//538 540//540
f 546//546 540//540 542//542
f 546//546 545//545 540//540
f 547//547 98//98 97//97
f 547//547 97//97 535//535
f 548//548 175//175 176//176
f 548//548 544//544 175//175
f 548//548 542//542 544//544
f 548//548 546//546 542//542
f 549//549 535//535 537//537
f 549//549 547//547 535//535
f 550//550 537//537 539//539
f 550//550 549//549 537//537
f 551//551 98//98 547//547
f 552//552 550//550 539//539
f 552//552 539//539 541//541
f 552//552 541//541 543//543
f 553//553 547//547 549//549
f 553//553 551//551 547//547
f 554//554 552//552 543//543
f 555//555 549//549 550//550
f 555//555 553//553 549//549
f 556//556 554//554 543//543
f 556//556 543//543 545//545
f 556//556 545//545 546//546
f 557//557 555//555 550//550
f 557//557 550//550 552//552
f 558//558 556//556 546//546
f 558//558 546//546 548//548
f 559//559 557//557 552//552
f 559//559 552//552 554//554
f 560//560 558//558 548//548
f 560//560 548//548 176//176
f 561//561 556//556 558//558
f 561//561 559//559 554//554
f 561//561 554//554 556//556
f 562//562 561//561 558//558
f 562//562 558//558 560//560
f 563//563 551//551 553//553
f 563//563 99//99 98//98
f 563//563 98//98 551//551
f 564//564 176//176 177//177
f 564//564 560//560 176//176
f 564//564 562//562 560//560
f 565//565 99//99 563//563
f 565//565 563//563 553//553
f 566//566 565//565 553//553
f 566//566 553//553 555//555
f 566//566 99//99 565//565
f 567//567 555//555 557//557
f 567//567 99//99 566//566
f 567//567 566//566 555//555
f 568//568 557//557 559//559
f 568//568 567//567 557//557
f 569//569 559//559 561//561
f 569//569 568//568 559//559
f 570//570 561//561 562//562
f 570//570 569//569 561//561
f 571//571 564//564 177//177
f 571//571 562//562 564//564
f 571//571 570//570 562//562
f 572//572 100//100 99//99
f 573//573 100//100 572//572
f 573//573 572//572 99//99
f 574//574 99//99 567//567
f 574//574 567//567 568//568
f 574//574 100//100 573//573
f 574//574 573//573 99//99
f 575//575 574//574 568//568
f 576//576 569//569 570//570
f 576//576 568//568 569//569
f 576//576 575//575 568//568
f 577//577 576//576 570//570
f 578//578 177//177 178//178
f 578//578 571//571 177//177
f 578//578 570//570 571//571
f 578//578 577//577 570//570
f 579//579 101//101 100//100
f 580//580 579//579 100//100
f 580//580 101//101 579//579
f 581//581 100//100 574//574
f 581//581 574//574 575//575
f 581//581 101//101 580//580
f 581//581 580//580 100//100
f 582//582 581//581 575//575
f 583//583 575//575 576//576
f 583//583 582//582 575//575
f 584//584 583//583 576//576
f 584//584 576//576 577//577
f 585//585 178//178 179//179
f 585//585 578//578 178//178
f 585//585 577//577 578//578
f 585//585 584//584 577//577
f 586//586 102//102 101//101
f 587//587 586//586 101//101
f 587//587 102//102 586//586
f 588//588 101//101 581//581
f 588//588 587//587 101//101
f 589//589 581//581 582//582
f 589//589 588//588 581//581
f 590//590 589//589 582//582
f 590//590 582//582 583//583
f 590//590 583//583 584//584
f 591//591 590//590 584//584
f 592//592 591//591 584//584
f 592//592 179//179 180//180
f 592//592 180//180 181//181
f 592//592 585//585 179//179
f 592//592 584//584 585//585
f 593//593 103//103 102//102
f 594//594 102//102 587//587
f 594//594 593//593 102//102
f 594//594 103//103 593//593
f 595//595 587//587 588//588
f 595//595 588//588 589//589
f 595//595 594//594 587//587
f 596//596 595//595 589//589
f 597//597 596//596 589//589
f 597//597 589//589 590//590
f 597//597 590//590 591//591
f 598//598 591//591 592//592
f 598//598 597//597 591//591
f 599//599 592//592 181//181
f 599//599 181//181 182//182
f 599//599 598//598 592//592
f 600//600 104//104 103//103
f 601//601 104//104 600//600
f 601//601 600//600 103//103
f 602//602 104//104 601//601
f 602//602 103//103 594//594
f 602//602 601//601 103//103
f 603//603 594//594 595//595
f 603//603 602//602 594//594
f 604//604 595//595 596//596
f 604//604 603//603 595//595
f 605//605 596//596 597//597
f 605//605 597//597 598//598
f 605//605 604//604 596//596
f 606//606 598//598 599//599
f 606//606 605//605 598//598
f 607//607 599//599 182//182
f 607//607 606//606 599//599
f 608//608 105//105 104//104
f 609//609 608//608 104//104
f 609//609 105//105 608//608
f 610//610 104//104 602//602
f 610//610 609//609 104//104
f 611//611 602//602 603//603
f 611//611 610//610 602//602
f 612//612 611//611 603//603
f 612//612 603//603 604//604
f 613//613 604//604 605//605
f 613//613 612//612 604//604
f 614//614 613//613 605//605
f 614//614 605//605 606//606
f 614//614 606//606 607//607
f 615//615 182//182 183//183
f 615//615 607//607 182//182
f 615//615 614//614 607//607
f 616//616 106//106 105//105
f 617//617 105//105 609//609
f 617//617 616//616 105//105
f 617//617 106//106 616//616
f 618//618 617//617 609//609
f 618//618 609//609 610//610
f 619//619 610//610 611//611
f 619//619 618//618 610//610
f 620//620 611//611 612//612
f 620//620 619//619 611//611
f 621//621 612//612 613//613
f 621//621 620//620 612//612
f 622//622 613//613 614//614
f 622//622 621//621 613//613
f 623//623 622//622 614//614
f 623//623 183//183 184//184
f 623//623 184//184 185//185
f 623//623 615//615 183//183
f 623//623 614//614 615//615
f 624//624 107//107 106//106
f 625//625 624//624 106//106
f 625//625 106//106 617//617
f 625//625 617//617 618//618
f 626//626 625//625 618//618
f 627//627 626//626 618//618
f 627//627 618//618 619//619
f 628//628 627//627 619//619
f 628//628 619//619 620//620
f 629//629 620//620 621//621
f 629//629 621//621 622//622
f 629//629 628//628 620//620
f 630//630 629//629 622//622
f 631//631 622//622 623//623
f 631//631 630//630 622//622
f 631//631 623//623 185//185
f 632//632 624//624 625//625
f 632//632 107//107 624//624
f 632//632 108//108 107//107
f 633//633 632//632 625//625
f 634//634 625//625 626//626
f 634//634 633//633 625//625
f 635//635 626//626 627//627
f 635//635 627//627 628//628
f 635//635 634//634 626//626
f 636//636 635//635 628//628
f 637//637 628//628 629//629
f 637//637 636//636 628//628
f 638//638 637//637 629//629
f 638//638 629//629 630//630
f 639//639 185//185 186//186
f 639//639 630//630 631//631
f 639//639 631//631 185//185
f 639//639 638//638 630//630
f 640//640 108//108 632//632
f 640//640 109//109 108//108
f 641//641 640//640 632//632
f 641//641 632//632 633//633
f 642//642 633//633 634//634
f 642//642 641//641 633//633
f 643//643 635//635 636//636
f 643//643 634//634 635//635
f 643//643 642//642 634//634
f 644//644 643//643 636//636
f 645//645 636//636 637//637
f 645//645 644//644 636//636
f 646//646 645//645 637//637
f 646//646 637//637 638//638
f 646//646 638//638 639//639
f 647//647 186//186 187//187
f 647//647 639//639 186//186
f 647//647 187//187 646//646
f 647//647 646//646 639//639
f 648//648 110//110 109//109
f 648//648 111//111 110//110
f 648//648 109//109 640//640
f 649//649 648//648 640//640
f 649//649 640//640 641//641
f 650//650 641//641 642//642
f 650//650 649//649 641//641
f 651//651 650//650 642//642
f 651//651 642//642 643//643
f 652//652 651//651 643//643
f 652//652 643//643 644//644
f 653//653 644//644 645//645
f 653//653 652//652 644//644
f 654//654 646//646 187//187
f 654//654 645//645 646//646
f 654//654 653//653 645//645
f 655//655 187//187 188//188
f 655//655 654//654 187//187
f 655//655 188//188 654//654
f 656//656 111//111 648//648
f 657//657 648//648 649//649
f 657//657 656//656 648//648
f 658//658 657//657 649//649
f 658//658 649//649 650//650
f 659//659 658//658 650//650
f 659//659 650//650 651//651
f 659//659 651//651 652//652
f 660//660 659//659 652//652
f 661//661 660//660 652//652
f 661//661 652//652 653//653
f 662//662 653//653 654//654
f 662//662 189//189 661//661
f 662//662 661//661 653//653
f 662//662 654//654 188//188
f 663//663 189//189 662//662
f 663//663 662//662 188//188
f 663//663 188//188 189//189
f 664//664 112//112 111//111
f 664//664 111//111 656//656
f 665//665 656//656 657//657
f 665//665 664//664 656//656
f 666//666 657//657 658//658
f 666//666 665//665 657//657
f 667//667 658//658 659//659
f 667//667 666//666 658//658
f 668//668 667//667 659//659
f 668//668 659//659 660//660
f 669//669 660//660 661//661
f 669//669 661//661 189//189
f 669//669 668//668 660//660
f 670//670 190//190 669//669
f 670//670 669//669 189//189
f 671//671 189//189 190//190
f 671//671 190//190 670//670
f 671//671 670//670 189//189
f 672//672 112//112 664//664
f 672//672 113//113 112//112
f 672//672 114//114 113//113
f 673//673 664//664 665//665
f 673//673 672//672 664//664
f 674//674 673//673 665//665
f 674//674 665//665 666//666
f 675//675 674//674 666//666
f 675//675 666//666 667//667
f 676//676 675//675 667//667
f 676//676 667//667 668//668
f 677//677 668//668 669//669
f 677//677 669//669 190//190
f 677//677 676//676 668//668
f 678//678 191//191 677//677
f 678//678 677//677 190//190
f 679//679 190//190 191//191
f 679//679 191//191 678//678
f 679//679 678//678 190//190
f 680//680 114//114 672//672
f 681//681 672//672 673//673
f 681//681 680//680 672//672
f 682//682 673//673 674//674
f 682//682 681//681 673//673
f 683//683 674//674 675//675
f 683//683 675//675 676//676
f 683//683 682//682 674//674
f 684//684 676//676 677//677
f 684//684 683//683 676//676
f 685//685 677//677 191//191
f 685//685 192//192 684//684
f 685//685 684//684 677//677
f 686//686 192//192 685//685
f 686//686 685//685 191//191
f 687//687 191//191 192//192
f 687//687 192//192 686//686
f 687//687 686//686 191//191
f 688//688 114//114 680//680
f 688//688 115//115 114//114
f 689//689 680//680 681//681
f 689//689 688//688 680//680
f 690//690 689//689 681//681
f 690//690 681//681 682//682
f 691//691 690//690 682//682
f 691//691 682//682 683//683
f 691//691 683//683 684//684
f 692//692 691//691 684//684
f 692//692 684//684 192//192
f 693//693 193//193 692//692
f 693//693 692//692 192//192
f 694//694 193//193 693//693
f 694//694 693//693 192//192
f 695//695 193//193 694//694
f 695//695 694//694 192//192
f 695//695 192//192 193//193
f 696//696 116//116 115//115
f 696//696 115//115 688//688
f 697//697 688//688 689//689
f 697//697 696//696 688//688
f 698//698 689//689 690//690
f 698//698 697//697 689//689
f 699//699 690//690 691//691
f 699//699 691//691 692//692
f 699//699 698//698 690//690
f 700//700 699//699 692//692
f 700//700 692//692 193//193
f 701//701 700//700 193//193
f 701//701 194//194 700//700
f 702//702 194//194 701//701
f 702//702 701//701 193//193
f 703//703 193//193 194//194
f 703//703 194//194 702//702
f 703//703 702//702 193//193
f 704//704 116//116 696//696
f 704//704 117//117 116//116
f 705//705 696//696 697//697
f 705//705 704//704 696//696
f 706//706 705//705 697//697
f 706//706 697//697 698//698
f 707//707 117//117 704//704
f 707//707 118//118 117//117
f 708//708 706//706 698//698
f 708//708 698//698 699//699
f 709//709 707//707 704//704
f 709//709 704//704 705//705
f 710//710 699//699 700//700
f 710//710 700//700 194//194
f 710//710 708//708 699//699
f 711//711 705//705 706//706
f 711//711 709//709 705//705
f 712//712 710//710 194//194
f 713//713 706//706 708//708
f 713//713 711//711 706//706
f 713//713 708//708 710//710
f 714//714 712//712 194//194
f 715//715 710//710 712//712
f 715//715 713//713 710//710
f 716//716 194//194 195//195
f 716//716 714//714 194//194
f 717//717 715//715 712//712
f 718//718 712//712 714//714
f 718//718 717//717 712//712
f 719//719 118//118 707//707
f 720//720 716//716 195//195
f 720//720 714//714 716//716
f 720//720 718//718 714//714
f 721//721 707//707 709//709
f 721//721 719//719 707//707
f 722//722 709//709 711//711
f 722//722 711//711 713//713
f 722//722 721//721 709//709
f 723//723 119//119 118//118
f 723//723 118//118 719//719
f 724//724 722//722 713//713
f 724//724 713//713 715//715
f 725//725 723//723 719//719
f 725//725 719//719 721//721
f 726//726 724//724 715//715
f 727//727 721//721 722//722
f 727//727 725//725 721//721
f 728//728 726//726 715//715
f 728//728 715//715 717//717
f 729//729 722//722 724//724
f 729//729 727//727 722//722
f 730//730 728//728 717//717
f 730//730 717//717 718//718
f 730//730 718//718 720//720
f 731//731 724//724 726//726
f 731//731 729//729 724//724
f 732//732 730//730 720//720
f 732//732 195//195 196//196
f 732//732 720//720 195//195
f 733//733 731//731 726//726
f 733//733 726//726 728//728
f 734//734 728//728 730//730
f 734//734 733//733 728//728
f 734//734 730//730 732//732
f 735//735 119//119 723//723
f 736//736 732//732 196//196
f 736//736 734//734 732//732
f 737//737 723//723 725//725
f 737//737 735//735 723//723
f 738//738 725//725 727//727
f 738//738 737//737 725//725
f 739//739 727//727 729//729
f 739//739 738//738 727//727
f 740//740 119//119 735//735
f 740//740 120//120 119//119
f 741//741 729//729 731//731
f 741//741 739//739 729//729
f 742//742 735//735 737//737
f 742//742 740//740 735//735
f 743//743 741//741 731//731
f 743//743 731//731 733//733
f 744//744 737//737 738//738
f 744//744 742//742 737//737
f 745//745 733//733 734//734
f 745//745 743//743 733//733
f 746//746 744//744 738//738
f 746//746 738//738 739//739
f 747//747 196//196 197//197
f 747//747 736//736 196//196
f 747//747 734//734 736//736
f 747//747 745//745 734//734
f 748//748 741//741 743//743
f 748//748 739//739 741//741
f 748//748 746//746 739//739
f 749//749 748//748 743//743
f 750//750 749//749 743//743
f 750//750 743//743 745//745
f 750//750 745//745 747//747
f 751//751 120//120 740//740
f 752//752 747//747 197//197
f 752//752 750//750 747//747
f 753//753 740//740 742//742
f 753//753 751//751 740//740
f 754//754 753//753 742//742
f 754//754 742//742 744//744
f 755//755 744//744 746//746
f 755//755 754//754 744//744
f 756//756 121//121 120//120
f 756//756 120//120 751//751
f 757//757 746//746 748//748
f 757//757 755//755 746//746
f 758//758 751//751 753//753
f 758//758 756//756 751//751
f 758//758 753//753 754//754
f 759//759 757//757 748//748
f 759//759 748//748 749//749
f 760//760 754//754 755//755
f 760//760 758//758 754//754
f 761//761 759//759 749//749
f 761//761 749//749 750//750
f 762//762 760//760 755//755
f 762//762 755//755 757//757
f 763//763 761//761 750//750
f 763//763 197//197 198//198
f 763//763 752//752 197//197
f 763//763 750//750 752//752
f 764//764 762//762 757//757
f 765//765 757//757 759//759
f 765//765 764//764 757//757
f 766//766 121//121 756//756
f 767//767 759//759 761//761
f 767//767 761//761 763//763
f 767//767 765//765 759//759
f 768//768 766//766 756//756
f 768//768 756//756 758//758
f 769//769 763//763 198//198
f 769//769 767//767 763//763
f 770//770 768//768 758//758
f 770//770 758//758 760//760
f 771//771 760//760 762//762
f 771//771 770//770 760//760
f 772//772 121//121 766//766
f 772//772 122//122 121//121
f 773//773 762//762 764//764
f 773//773 771//771 762//762
f 774//774 766//766 768//768
f 774//774 772//772 766//766
f 775//775 764//764 765//765
f 775//775 773//773 764//764
f 776//776 774//774 768//768
f 776//776 770//770 771//771
f 776//776 768//768 770//770
f 777//777 765//765 767//767
f 777//777 775//775 765//765
f 778//778 776//776 771//771
f 778//778 771//771 773//773
f 779//779 769//769 198//198
f 779//779 198//198 199//199
f 779//779 767//767 769//769
f 779//779 777//777 767//767
f 780//780 778//778 773//773
f 781//781 773//773 775//775
f 781//781 780//780 773//773
f 782//782 122//122 772//772
f 783//783 781//781 775//775
f 783//783 775//775 777//777
f 783//783 777//777 779//779
f 784//784 772//772 774//774
f 784//784 782//782 772//772
f 785//785 779//779 199//199
f 785//785 783//783 779//779
f 786//786 784//784 774//774
f 786//786 774//774 776//776
f 787//787 776//776 778//778
f 787//787 786//786 776//776
f 788//788 122//122 782//782
f 788//788 123//123 122//122
f 789//789 778//778 780//780
f 789//789 787//787 778//778
f 790//790 782//782 784//784
f 790//790 788//788 782//782
f 791//791 780//780 781//781
f 791//791 789//789 780//780
f 792//792 790//790 784//784
f 792//792 786//786 787//787
f 792//792 784//784 786//786
f 793//793 791//791 781//781
f 793//793 781//781 783//783
f 794//794 792//792 787//787
f 795//795 793//793 783//783
f 795//795 199//199 200//200
f 795//795 785//785 199//199
f 795//795 783//783 785//785
f 796//796 787//787 789//789
f 796//796 789//789 791//791
f 796//796 794//794 787//787
f 797//797 791//791 793//793
f 797//797 796//796 791//791
f 798//798 123//123 788//788
f 799//799 797//797 793//793
f 800//800 788//788 790//790
f 800//800 798//798 788//788
f 801//801 793//793 795//795
f 801//801 795//795 200//200
f 801//801 799//799 793//793
f 802//802 800//800 790//790
f 802//802 790//790 792//792
f 803//803 792//792 794//794
f 803//803 802//802 792//792
f 804//804 803//803 794//794
f 804//804 794//794 796//796
f 805//805 123//123 798//798
f 805//805 124//124 123//123
f 806//806 796//796 797//797
f 806//806 804//804 796//796
f 807//807 798//798 800//800
f 807//807 805//805 798//798
f 808//808 797//797 799//799
f 808//808 806//806 797//797
f 809//809 802//802 803//803
f 809//809 807//807 800//800
f 809//809 800//800 802//802
f 810//810 801//801 200//200
f 810//810 799//799 801//801
f 810//810 200//200 201//201
f 810//810 808//808 799//799
f 811//811 803//803 804//804
f 811//811 809//809 803//803
f 812//812 811//811 804//804
f 813//813 804//804 806//806
f 813//813 812//812 804//804
f 814//814 124//124 805//805
f 815//815 813//813 806//806
f 815//815 806//806 808//808
f 816//816 805//805 807//807
f 816//816 814//814 805//805
f 817//817 810//810 201//201
f 817//817 808//808 810//810
f 817//817 815//815 808//808
f 818//818 807//807 809//809
f 818//818 816//816 807//807
f 819//819 809//809 811//811
f 819//819 818//818 809//809
f 820//820 811//811 812//812
f 820//820 819//819 811//811
f 820//820 812//812 813//813
f 821//821 125//125 124//124
f 821//821 124//124 814//814
f 822//822 820//820 813//813
f 823//823 821//821 814//814
f 823//823 816//816 818//818
f 823//823 814//814 816//816
f 824//824 822//822 813//813
f 824//824 813//813 815//815
f 825//825 818//818 819//819
f 825//825 823//823 818//818
f 826//826 824//824 815//815
f 826//826 201//201 202//202
f 826//826 817//817 201//201
f 826//826 815//815 817//817
f 827//827 825//825 819//819
f 828//828 827//827 819//819
f 828//828 819//819 820//820
f 829//829 125//125 821//821
f 830//830 820//820 822//822
f 830//830 828//828 820//820
f 830//830 822//822 824//824
f 831//831 829//829 821//821
f 831//831 821//821 823//823
f 832//832 830//830 824//824
f 833//833 831//831 823//823
f 833//833 823//823 825//825
f 834//834 824//824 826//826
f 834//834 826//826 202//202
f 834//834 832//832 824//824
f 835//835 833//833 825//825
f 835//835 825//825 827//827
f 836//836 827//827 828//828
f 836//836 835//835 827//827
f 837//837 125//125 829//829
f 837//837 126//126 125//125
f 838//838 828//828 830//830
f 838//838 836//836 828//828
f 839//839 829//829 831//831
f 839//839 837//837 829//829
f 840//840 830//830 832//832
f 840//840 838//838 830//830
f 841//841 839//839 831//831
f 841//841 831//831 833//833
f 842//842 834//834 202//202
f 842//842 832//832 834//834
f 842//842 202//202 203//203
f 842//842 840//840 832//832
f 843//843 833//833 835//835
f 843//843 835//835 836//836
f 843//843 841//841 833//833
f 844//844 843//843 836//836
f 845//845 837//837 839//839
f 845//845 126//126 837//837
f 846//846 844//844 836//836
f 846//846 836//836 838//838
f 847//847 845//845 839//839
f 848//848 838//838 840//840
f 848//848 846//846 838//838
f 849//849 847//847 839//839
f 849//849 839//839 841//841
f 849//849 841//841 843//843
f 850//850 848//848 840//840
f 850//850 842//842 203//203
f 850//850 840//840 842//842
f 851//851 849//849 843//843
f 852//852 844//844 846//846
f 852//852 843//843 844//844
f 852//852 851//851 843//843
f 853//853 126//126 845//845
f 853//853 127//127 126//126
f 854//854 846//846 848//848
f 854//854 852//852 846//846
f 855//855 845//845 847//847
f 855//855 853//853 845//845
f 856//856 854//854 848//848
f 857//857 847//847 849//849
f 857//857 855//855 847//847
f 858//858 856//856 848//848
f 858//858 203//203 204//204
f 858//858 850//850 203//203
f 858//858 848//848 850//850
f 859//859 849//849 851//851
f 859//859 857//857 849//849
f 860//860 859//859 851//851
f 860//860 851//851 852//852
f 861//861 127//127 853//853
f 861//861 853//853 855//855
f 862//862 860//860 852//852
f 862//862 852//852 854//854
f 863//863 861//861 855//855
f 864//864 854//854 856//856
f 864//864 862//862 854//854
f 865//865 857//857 859//859
f 865//865 863//863 855//855
f 865//865 855//855 857//857
f 866//866 856//856 858//858
f 866//866 858//858 204//204
f 866//866 864//864 856//856
f 867//867 865//865 859//859
f 868//868 859//859 860//860
f 868//868 867//867 859//859
f 869//869 862//862 864//864
f 869//869 868//868 860//860
f 869//869 860//860 862//862
f 870//870 861//861 863//863
f 870//870 128//128 127//127
f 870//870 127//127 861//861
f 871//871 869//869 864//864
f 872//872 870//870 863//863
f 873//873 864//864 866//866
f 873//873 866//866 204//204
f 873//873 871//871 864//864
f 873//873 204//204 205//205
f 874//874 865//865 867//867
f 874//874 872//872 863//863
f 874//874 863//863 865//865
f 875//875 874//874 867//867
f 876//876 867//867 868//868
f 876//876 868//868 869//869
f 876//876 875//875 867//867
f 877//877 128//128 870//870
f 877//877 870//870 872//872
f 878//878 869//869 871//871
f 878//878 876//876 869//869
f 879//879 877//877 872//872
f 880//880 878//878 871//871
f 881//881 874//874 875//875
f 881//881 879//879 872//872
f 881//881 872//872 874//874
f 882//882 871//871 873//873
f 882//882 873//873 205//205
f 882//882 880//880 871//871
f 883//883 881//881 875//875
f 884//884 875//875 876//876
f 884//884 883//883 875//875
f 885//885 876//876 878//878
f 885//885 878//878 880//880
f 885//885 884//884 876//876
f 886//886 128//128 877//877
f 886//886 129//129 128//128
f 887//887 885//885 880//880
f 888//888 886//886 877//877
f 888//888 877//877 879//879
f 889//889 205//205 206//206
f 889//889 882//882 205//205
f 889//889 880//880 882//882
f 889//889 887//887 880//880
f 890//890 879//879 881//881
f 890//890 888//888 879//879
f 891//891 890//890 881//881
f 891//891 881//881 883//883
f 892//892 129//129 886//886
f 892//892 886//886 888//888
f 893//893 891//891 883//883
f 893//893 883//883 884//884
f 894//894 892//892 888//888
f 895//895 893//893 884//884
f 895//895 884//884 885//885
f 896//896 890//890 891//891
f 896//896 894//894 888//888
f 896//896 888//888 890//890
f 897//897 895//895 885//885
f 897//897 885//885 887//887
f 898//898 896//896 891//891
f 899//899 887//887 889//889
f 899//899 897//897 887//887
f 899//899 889//889 206//206
f 900//900 893//893 895//895
f 900//900 898//898 891//891
f 900//900 891//891 893//893
f 901//901 900//900 895//895
f 902//902 129//129 892//892
f 902//902 130//130 129//129
f 903//903 895//895 897//897
f 903//903 901//901 895//895
f 904//904 892//892 894//894
f 904//904 902//902 892//892
f 905//905 897//897 899//899
f 905//905 899//899 206//206
f 905//905 903//903 897//897
f 905//905 206//206 207//207
f 906//906 894//894 896//896
f 906//906 904//904 894//894
f 907//907 906//906 896//896
f 907//907 896//896 898//898
f 908//908 130//130 902//902
f 908//908 902//902 904//904
f 909//909 898//898 900//900
f 909//909 907//907 898//898
f 910//910 908//908 904//904
f 911//911 900//900 901//901
f 911//911 909//909 900//900
f 912//912 910//910 904//904
f 912//912 904//904 906//906
f 912//912 906//906 907//907
f 913//913 901//901 903//903
f 913//913 911//911 901//901
f 914//914 912//912 907//907
f 915//915 903//903 905//905
f 915//915 905//905 207//207
f 915//915 913//913 903//903
f 916//916 907//907 909//909
f 916//916 909//909 911//911
f 916//916 914//914 907//907
f 917//917 911//911 913//913
f 917//917 916//916 911//911
f 918//918 917//917 913//913
f 919//919 130//130 908//908
f 919//919 908//908 910//910
f 919//919 131//131 130//130
f 920//920 207//207 208//208
f 920//920 915//915 207//207
f 920//920 913//913 915//915
f 920//920 918//918 913//913
f 921//921 919//919 910//910
f 921//921 910//910 912//912
f 922//922 912//912 914//914
f 922//922 921//921 912//912
f 923//923 922//922 914//914
f 924//924 131//131 919//919
f 925//925 914//914 916//916
f 925//925 923//923 914//914
f 926//926 919//919 921//921
f 926//926 924//924 919//919
f 927//927 925//925 916//916
f 927//927 916//916 917//917
f 927//927 917//917 918//918
f 928//928 926//926 921//921
f 928//928 921//921 922//922
f 929//929 927//927 918//918
f 930//930 923//923 925//925
f 930//930 928//928 922//922
f 930//930 922//922 923//923
f 931//931 929//929 918//918
f 931//931 920//920 208//208
f 931//931 918//918 920//920
f 932//932 930//930 925//925
f 933//933 925//925 927//927
f 933//933 932//932 925//925
f 934//934 927//927 929//929
f 934//934 933//933 927//927
f 935//935 924//924 926//926
f 935//935 131//131 924//924
f 935//935 132//132 131//131
f 936//936 929//929 931//931
f 936//936 931//931 208//208
f 936//936 934//934 929//929
f 936//936 208//208 209//209
f 937//937 935//935 926//926
f 938//938 926//926 928//928
f 938//938 928//928 930//930
f 938//938 937//937 926//926
f 939//939 132//132 935//935
f 940//940 938//938 930//930
f 941//941 939//939 935//935
f 941//941 935//935 937//937
f 942//942 940//940 930//930
f 942//942 930//930 932//932
f 943//943 941//941 937//937
f 943//943 937//937 938//938
f 944//944 932//932 933//933
f 944//944 942//942 932//932
f 945//945 938//938 940//940
f 945//945 943//943 938//938
f 946//946 933//933 934//934
f 946//946 944//944 933//933
f 947//947 940//940 942//942
f 947//947 945//945 940//940
f 948//948 934//934 936//936
f 948//948 936//936 209//209
f 948//948 946//946 934//934
f 949//949 942//942 944//944
f 949//949 947//947 942//942
f 950//950 944//944 946//946
f 950//950 949//949 944//944
f 951//951 939//939 941//941
f 951//951 132//132 939//939
f 951//951 133//133 132//132
f 952//952 209//209 210//210
f 952//952 948//948 209//209
f 952//952 946//946 948//948
f 952//952 950//950 946//946
f 953//953 951//951 941//941
f 954//954 941//941 943//943
f 954//954 953//953 941//941
f 954//954 943//943 945//945
f 955//955 133//133 951//951
f 956//956 954//954 945//945
f 957//957 951//951 953//953
f 957//957 955//955 951//951
f 958//958 956//956 945//945
f 958//958 945//945 947//947
f 958//958 947//947 949//949
f 959//959 953//953 954//954
f 959//959 957//957 953//953
f 960//960 958//958 949//949
f 960//960 949//949 950//950
f 961//961 959//959 954//954
f 961//961 954//954 956//956
f 962//962 960//960 950//950
f 963//963 961//961 956//956
f 963//963 956//956 958//958
f 964//964 962//962 950//950
f 964//964 952//952 210//210
f 964//964 950//950 952//952
f 965//965 958//958 960//960
f 965//965 963//963 958//958
f 966//966 960//960 962//962
f 966//966 965//965 960//960
f 967//967 134//134 133//133
f 967//967 133//133 955//955
f 968//968 962//962 964//964
f 968//968 964//964 210//210
f 968//968 966//966 962//962
f 968//968 210//210 211//211
f 969//969 955//955 957//957
f 969//969 967//967 955//955
f 970//970 957//957 959//959
f 970//970 969//969 957//957
f 971//971 134//134 967//967
f 972//972 959//959 961//961
f 972//972 970//970 959//959
f 973//973 971//971 967//967
f 973//973 967//967 969//969
f 974//974 961//961 963//963
f 974//974 972//972 961//961
f 975//975 973//973 969//969
f 975//975 969//969 970//970
f 975//975 970//970 972//972
f 976//976 963//963 965//965
f 976//976 974//974 963//963
f 977//977 975//975 972//972
f 978//978 965//965 966//966
f 978//978 976//976 965//965
f 979//979 972//972 974//974
f 979//979 977//977 972//972
f 980//980 966//966 968//968
f 980//980 968//968 211//211
f 980//980 978//978 966//966
f 981//981 979//979 974//974
f 981//981 974//974 976//976
f 981//981 976//976 978//978
f 982//982 981//981 978//978
f 983//983 211//211 212//212
f 983//983 980//980 211//211
f 983//983 978//978 980//980
f 983//983 982//982 978//978
f 984//984 134//134 971//971
f 984//984 135//135 134//134
f 985//985 971//971 973//973
f 985//985 135//135 984//984
f 985//985 984//984 971//971
f 986//986 973//973 975//975
f 986//986 985//985 973//973
f 986//986 135//135 985//985
f 987//987 986//986 975//975
f 987//987 975//975 977//977
f 987//987 135//135 986//986
f 988//988 977//977 979//979
f 988//988 987//987 977//977
f 989//989 988//988 979//979
f 989//989 979//979 981//981
f 990//990 981//981 982//982
f 990//990 989//989 981//981
f 991//991 983//983 212//212
f 991//991 982//982 983//983
f 991//991 990//990 982//982
f 992//992 136//136 135//135
f 993//993 992//992 135//135
f 993//993 136//136 992//992
f 994//994 993//993 135//135
f 994//994 136//136 993//993
f 994//994 135//135 987//987
f 995//995 994//994 987//987
f 995//995 987//987 988//988
f 996//996 995//995 988//988
f 996//996 988//988 989//989
f 997//997 989//989 990//990
f 997//997 996//996 989//989
f 998//998 990//990 991//991
f 998//998 997//997 990//990
f 998//998 212//212 213//213
f 998//998 991//991 212//212
f 999//999 137//137 136//136
f 1000//1000 137//137 999//999
f 1000//1000 999//999 136//136
f 1001//1001 994//994 995//995
f 1001//1001 137//137 1000//1000
f 1001//1001 1000//1000 136//136
f 1001//1001 136//136 994//994
f 1002//1002 1001//1001 995//995
f 1003//1003 1002//1002 995//995
f 1003//1003 995//995 996//996
f 1004//1004 996//996 997//997
f 1004//1004 1003//1003 996//996
f 1005//1005 998//998 213//213
f 1005//1005 1004//1004 997//997
f 1005//1005 213//213 214//214
f 1005//1005 997//997 998//998
f 1006//1006 138//138 137//137
f 1007//1007 1006//1006 137//137
f 1007//1007 138//138 1006//1006
f 1008//1008 137//137 1001//1001
f 1008//1008 1001//1001 1002//1002
f 1008//1008 1007//1007 137//137
f 1009//1009 1008//1008 1002//1002
f 1010//1010 1009//1009 1002//1002
f 1010//1010 1002//1002 1003//1003
f 1011//1011 1010//1010 1003//1003
f 1011//1011 1003//1003 1004//1004
f 1012//1012 1011//1011 1004//1004
f 1012//1012 1004//1004 1005//1005
f 1012//1012 1005//1005 214//214
f 1012//1012 214//214 215//215
f 1013//1013 139//139 138//138
f 1014//1014 139//139 1013//1013
f 1014//1014 1013//1013 138//138
f 1015//1015 1014//1014 138//138
f 1015//1015 138//138 1007//1007
f 1015//1015 139//139 1014//1014
f 1016//1016 1007//1007 1008//1008
f 1016//1016 1015//1015 1007//1007
f 1017//1017 1008//1008 1009//1009
f 1017//1017 1016//1016 1008//1008
f 1018//1018 1009//1009 1010//1010
f 1018//1018 1017//1017 1009//1009
f 1019//1019 1010//1010 1011//1011
f 1019//1019 1018//1018 1010//1010
f 1020//1020 215//215 216//216
f 1020//1020 1011//1011 1012//1012
f 1020//1020 1012//1012 215//215
f 1020//1020 1019//1019 1011//1011
f 1021//1021 140//140 139//139
f 1022//1022 140//140 1021//1021
f 1022//1022 1021//1021 139//139
f 1023//1023 140//140 1022//1022
f 1023//1023 1015//1015 1016//1016
f 1023//1023 139//139 1015//1015
f 1023//1023 1022//1022 139//139
f 1024//1024 1023//1023 1016//1016
f 1025//1025 1016//1016 1017//1017
f 1025//1025 1024//1024 1016//1016
f 1026//1026 1025//1025 1017//1017
f 1026//1026 1017//1017 1018//1018
f 1027//1027 1026//1026 1018//1018
f 1027//1027 1018//1018 1019//1019
f 1028//1028 1027//1027 1019//1019
f 1028//1028 216//216 217//217
f 1028//1028 1020//1020 216//216
f 1028//1028 1019//1019 1020//1020
f 1029//1029 141//141 140//140
f 1030//1030 1029//1029 140//140
f 1030//1030 141//141 1029//1029
f 1031//1031 1030//1030 140//140
f 1031//1031 140//140 1023//1023
f 1032//1032 1024//1024 1025//1025
f 1032//1032 1031//1031 1023//1023
f 1032//1032 1023//1023 1024//1024
f 1033//1033 1032//1032 1025//1025
f 1034//1034 1025//1025 1026//1026
f 1034//1034 1033//1033 1025//1025
f 1035//1035 1034//1034 1026//1026
f 1035//1035 1026//1026 1027//1027
f 1036//1036 1027//1027 1028//1028
f 1036//1036 1028//1028 217//217
f 1036//1036 1035//1035 1027//1027
f 1036//1036 217//217 218//218
f 1037//1037 142//142 141//141
f 1038//1038 141//141 1030//1030
f 1038//1038 1037//1037 141//141
f 1038//1038 144//144 142//142
f 1038//1038 142//142 1037//1037
f 1039//1039 144//144 1038//1038
f 1039//1039 1030//1030 1031//1031
f 1039//1039 1038//1038 1030//1030
f 1039//1039 145//145 144//144
f 1040//1040 1039//1039 1031//1031
f 1040//1040 1031//1031 1032//1032
f 1040//1040 145//145 1039//1039
f 1040//1040 146//146 145//145
f 1041//1041 1040//1040 1032//1032
f 1041//1041 1032//1032 1033//1033
f 1041//1041 146//146 1040//1040
f 1041//1041 147//147 146//146
f 1042//1042 1033//1033 1034//1034
f 1042//1042 1041//1041 1033//1033
f 1042//1042 147//147 1041//1041
f 1042//1042 148//148 147//147
f 1042//1042 149//149 148//148
f 1043//1043 1034//1034 1035//1035
f 1043//1043 1042//1042 1034//1034
f 1043//1043 149//149 1042//1042
f 1044//1044 1035//1035 1036//1036
f 1044//1044 1036//1036 218//218
f 1044//1044 1043//1043 1035//1035
f 1044//1044 218//218 219//219
f 1044//1044 219//219 151//151
f 1044//1044 149//149 1043//1043
f 1044//1044 150//150 149//149
f 1044//1044 151//151 150//150
f 1045//1045 72//72 2//2
f 1046//1046 72//72 1045//1045
f 1122//1122 1045//1045 2//2
f 1122//1122 2//2 3//3
f 1123//1123 1046//1046 1045//1045
f 1123//1123 1045//1045 1122//1122
f 1124//1124 1047//1047 1046//1046
f 1124//1124 1046//1046 1123//1123
f 1125//1125 1048//1048 1047//1047
f 1125//1125 1047//1047 1124//1124
f 1126//1126 1049//1049 1048//1048
f 1126//1126 1048//1048 1125//1125
f 1127//1127 1050//1050 1049//1049
f 1127//1127 1049//1049 1126//1126
f 1128//1128 1051//1051 1050//1050
f 1128//1128 1050//1050 1127//1127
f 1129//1129 1052//1052 1051//1051
f 1129//1129 1053//1053 1052//1052
f 1129//1129 1051//1051 1128//1128
f 1129//1129 1128//1128 1054//1054
f 1129//1129 1054//1054 1053//1053
f 1130//1130 3//3 4//4
f 1130//1130 4//4 5//5
f 1130//1130 1122//1122 3//3
f 1131//1131 1122//1122 1130//1130
f 1131//1131 1123//1123 1122//1122
f 1132//1132 1124//1124 1123//1123
f 1132//1132 1123//1123 1131//1131
f 1133//1133 1124//1124 1132//1132
f 1133//1133 1125//1125 1124//1124
f 1134//1134 1126//1126 1125//1125
f 1134//1134 1125//1125 1133//1133
f 1135//1135 1127//1127 1126//1126
f 1135//1135 1126//1126 1134//1134
f 1136//1136 1128//1128 1127//1127
f 1136//1136 1054//1054 1128//1128
f 1136//1136 1127//1127 1135//1135
f 1137//1137 1054//1054 1136//1136
f 1137//1137 1136//1136 1055//1055
f 1137//1137 1055//1055 1054//1054
f 1138//1138 1130//1130 5//5
f 1139//1139 1131//1131 1130//1130
f 1139//1139 1130//1130 1138//1138
f 1140//1140 1131//1131 1139//1139
f 1140//1140 1132//1132 1131//1131
f 1141//1141 1133//1133 1132//1132
f 1141//1141 1132//1132 1140//1140
f 1142//1142 1133//1133 1141//1141
f 1142//1142 1134//1134 1133//1133
f 1143//1143 1134//1134 1142//1142
f 1143//1143 1135//1135 1134//1134
f 1144//1144 1136//1136 1135//1135
f 1144//1144 1143//1143 1056//1056
f 1144//1144 1055//1055 1136//1136
f 1144//1144 1135//1135 1143//1143
f 1145//1145 1055//1055 1144//1144
f 1145//1145 1144//1144 1056//1056
f 1145//1145 1056//1056 1055//1055
f 1146//1146 5//5 6//6
f 1146//1146 1138//1138 5//5
f 1147//1147 1139//1139 1138//1138
f 1147//1147 1138//1138 1146//1146
f 1148//1148 1140//1140 1139//1139
f 1148//1148 1139//1139 1147//1147
f 1149//1149 1140//1140 1148//1148
f 1149//1149 1141//1141 1140//1140
f 1149//1149 1142//1142 1141//1141
f 1150//1150 1142//1142 1149//1149
f 1151//1151 1056//1056 1143//1143
f 1151//1151 1142//1142 1150//1150
f 1151//1151 1143//1143 1142//1142
f 1152//1152 1056//1056 1151//1151
f 1152//1152 1151//1151 1057//1057
f 1153//1153 1056//1056 1152//1152
f 1153//1153 1057//1057 1056//1056
f 1153//1153 1152//1152 1057//1057
f 1154//1154 6//6 7//7
f 1154//1154 1147//1147 1146//1146
f 1154//1154 1146//1146 6//6
f 1155//1155 1147//1147 1154//1154
f 1156//1156 1148//1148 1147//1147
f 1156//1156 1147//1147 1155//1155
f 1157//1157 1148//1148 1156//1156
f 1157//1157 1150//1150 1149//1149
f 1157//1157 1149//1149 1148//1148
f 1158//1158 1150//1150 1157//1157
f 1159//1159 1150//1150 1158//1158
f 1159//1159 1057//1057 1151//1151
f 1159//1159 1151//1151 1150//1150
f 1160//1160 1159//1159 1058//1058
f 1160//1160 1057//1057 1159//1159
f 1161//1161 1057//1057 1160//1160
f 1161//1161 1160//1160 1058//1058
f 1161//1161 1058//1058 1057//1057
f 1162//1162 7//7 8//8
f 1162//1162 8//8 9//9
f 1162//1162 1154//1154 7//7
f 1163//1163 1154//1154 1162//1162
f 1163//1163 1155//1155 1154//1154
f 1164//1164 1155//1155 1163//1163
f 1164//1164 1156//1156 1155//1155
f 1165//1165 1156//1156 1164//1164
f 1165//1165 1157//1157 1156//1156
f 1166//1166 1158//1158 1157//1157
f 1166//1166 1157//1157 1165//1165
f 1167//1167 1159//1159 1158//1158
f 1167//1167 1158//1158 1166//1166
f 1167//1167 1058//1058 1159//1159
f 1167//1167 1166//1166 1059//1059
f 1168//1168 1167//1167 1059//1059
f 1168//1168 1058//1058 1167//1167
f 1169//1169 1168//1168 1059//1059
f 1169//1169 1059//1059 1058//1058
f 1169//1169 1058//1058 1168//1168
f 1170//1170 1162//1162 9//9
f 1171//1171 1162//1162 1170//1170
f 1171//1171 1164//1164 1163//1163
f 1171//1171 1163//1163 1162//1162
f 1172//1172 1165//1165 1164//1164
f 1172//1172 1164//1164 1171//1171
f 1173//1173 1165//1165 1172//1172
f 1174//1174 1165//1165 1173//1173
f 1174//1174 1059//1059 1166//1166
f 1174//1174 1166//1166 1165//1165
f 1175//1175 1174//1174 1060//1060
f 1175//1175 1059//1059 1174//1174
f 1176//1176 1059//1059 1175//1175
f 1176//1176 1175//1175 1060//1060
f 1177//1177 1176//1176 1060//1060
f 1177//1177 1059//1059 1176//1176
f 1177//1177 1060//1060 1059//1059
f 1178//1178 9//9 10//10
f 1178//1178 1170//1170 9//9
f 1179//1179 1171//1171 1170//1170
f 1179//1179 1170//1170 1178//1178
f 1180//1180 1172//1172 1171//1171
f 1180//1180 1171//1171 1179//1179
f 1181//1181 1173//1173 1172//1172
f 1181//1181 1172//1172 1180//1180
f 1182//1182 1174//1174 1173//1173
f 1182//1182 1060//1060 1174//1174
f 1182//1182 1173//1173 1181//1181
f 1183//1183 1060//1060 1182//1182
f 1183//1183 1182//1182 1061//1061
f 1184//1184 1060//1060 1183//1183
f 1184//1184 1183//1183 1061//1061
f 1185//1185 1060//1060 1184//1184
f 1185//1185 1061//1061 1060//1060
f 1185//1185 1184//1184 1061//1061
f 1186//1186 1178//1178 10//10
f 1186//1186 10//10 11//11
f 1187//1187 1178//1178 1186//1186
f 1187//1187 1179//1179 1178//1178
f 1188//1188 1180//1180 1179//1179
f 1188//1188 1179//1179 1187//1187
f 1189//1189 1187//1187 1186//1186
f 1189//1189 1186//1186 11//11
f 1189//1189 11//11 12//12
f 1190//1190 1180//1180 1188//1188
f 1190//1190 1181//1181 1180//1180
f 1191//1191 1187//1187 1189//1189
f 1192//1192 1181//1181 1190//1190
f 1192//1192 1182//1182 1181//1181
f 1192//1192 1061//1061 1182//1182
f 1193//1193 1187//1187 1191//1191
f 1193//1193 1188//1188 1187//1187
f 1194//1194 1061//1061 1192//1192
f 1195//1195 1190//1190 1188//1188
f 1195//1195 1188//1188 1193//1193
f 1196//1196 1061//1061 1194//1194
f 1197//1197 1192//1192 1190//1190
f 1197//1197 1194//1194 1192//1192
f 1197//1197 1190//1190 1195//1195
f 1198//1198 1061//1061 1196//1196
f 1198//1198 1062//1062 1061//1061
f 1199//1199 1194//1194 1197//1197
f 1200//1200 1196//1196 1194//1194
f 1200//1200 1198//1198 1196//1196
f 1200//1200 1194//1194 1199//1199
f 1201//1201 1189//1189 12//12
f 1202//1202 1062//1062 1198//1198
f 1202//1202 1198//1198 1200//1200
f 1203//1203 1191//1191 1189//1189
f 1203//1203 1189//1189 1201//1201
f 1204//1204 1193//1193 1191//1191
f 1204//1204 1191//1191 1203//1203
f 1205//1205 12//12 13//13
f 1205//1205 1201//1201 12//12
f 1206//1206 1195//1195 1193//1193
f 1206//1206 1193//1193 1204//1204
f 1207//1207 1203//1203 1201//1201
f 1207//1207 1201//1201 1205//1205
f 1208//1208 1195//1195 1206//1206
f 1208//1208 1197//1197 1195//1195
f 1209//1209 1204//1204 1203//1203
f 1209//1209 1203//1203 1207//1207
f 1210//1210 1199//1199 1197//1197
f 1210//1210 1197//1197 1208//1208
f 1211//1211 1204//1204 1209//1209
f 1211//1211 1206//1206 1204//1204
f 1211//1211 1208//1208 1206//1206
f 1212//1212 1200//1200 1199//1199
f 1212//1212 1199//1199 1210//1210
f 1213//1213 1210//1210 1208//1208
f 1213//1213 1208//1208 1211//1211
f 1214//1214 1062//1062 1202//1202
f 1214//1214 1202//1202 1200//1200
f 1214//1214 1200//1200 1212//1212
f 1214//1214 1063//1063 1062//1062
f 1215//1215 1210//1210 1213//1213
f 1216//1216 1212//1212 1210//1210
f 1216//1216 1210//1210 1215//1215
f 1217//1217 1205//1205 13//13
f 1218//1218 1214//1214 1212//1212
f 1218//1218 1063//1063 1214//1214
f 1218//1218 1212//1212 1216//1216
f 1219//1219 1209//1209 1207//1207
f 1219//1219 1205//1205 1217//1217
f 1219//1219 1207//1207 1205//1205
f 1220//1220 1209//1209 1219//1219
f 1221//1221 13//13 14//14
f 1221//1221 1217//1217 13//13
f 1222//1222 1211//1211 1209//1209
f 1222//1222 1209//1209 1220//1220
f 1223//1223 1217//1217 1221//1221
f 1223//1223 1219//1219 1217//1217
f 1224//1224 1213//1213 1211//1211
f 1224//1224 1211//1211 1222//1222
f 1225//1225 1219//1219 1223//1223
f 1225//1225 1220//1220 1219//1219
f 1226//1226 1213//1213 1224//1224
f 1226//1226 1215//1215 1213//1213
f 1227//1227 1222//1222 1220//1220
f 1227//1227 1224//1224 1222//1222
f 1227//1227 1220//1220 1225//1225
f 1228//1228 1215//1215 1226//1226
f 1228//1228 1216//1216 1215//1215
f 1228//1228 1218//1218 1216//1216
f 1229//1229 1224//1224 1227//1227
f 1230//1230 1218//1218 1228//1228
f 1230//1230 1063//1063 1218//1218
f 1230//1230 1064//1064 1063//1063
f 1231//1231 1226//1226 1224//1224
f 1231//1231 1224//1224 1229//1229
f 1232//1232 1228//1228 1226//1226
f 1232//1232 1226//1226 1231//1231
f 1233//1233 1221//1221 14//14
f 1234//1234 1230//1230 1228//1228
f 1234//1234 1064//1064 1230//1230
f 1234//1234 1228//1228 1232//1232
f 1235//1235 1223//1223 1221//1221
f 1235//1235 1221//1221 1233//1233
f 1236//1236 1225//1225 1223//1223
f 1236//1236 1223//1223 1235//1235
f 1237//1237 1227//1227 1225//1225
f 1237//1237 1225//1225 1236//1236
f 1238//1238 1235//1235 1233//1233
f 1238//1238 14//14 15//15
f 1238//1238 1233//1233 14//14
f 1239//1239 1229//1229 1227//1227
f 1239//1239 1227//1227 1237//1237
f 1240//1240 1235//1235 1238//1238
f 1240//1240 1236//1236 1235//1235
f 1241//1241 1231//1231 1229//1229
f 1241//1241 1229//1229 1239//1239
f 1242//1242 1236//1236 1240//1240
f 1243//1243 1232//1232 1231//1231
f 1243//1243 1231//1231 1241//1241
f 1244//1244 1236//1236 1242//1242
f 1244//1244 1237//1237 1236//1236
f 1245//1245 1065//1065 1064//1064
f 1245//1245 1064//1064 1234//1234
f 1245//1245 1234//1234 1232//1232
f 1245//1245 1232//1232 1243//1243
f 1246//1246 1239//1239 1237//1237
f 1246//1246 1241//1241 1239//1239
f 1246//1246 1237//1237 1244//1244
f 1247//1247 1241//1241 1246//1246
f 1248//1248 1243//1243 1241//1241
f 1248//1248 1245//1245 1243//1243
f 1248//1248 1241//1241 1247//1247
f 1249//1249 1238//1238 15//15
f 1250//1250 1065//1065 1245//1245
f 1250//1250 1245//1245 1248//1248
f 1251//1251 1240//1240 1238//1238
f 1251//1251 1238//1238 1249//1249
f 1252//1252 1242//1242 1240//1240
f 1252//1252 1240//1240 1251//1251
f 1253//1253 1244//1244 1242//1242
f 1253//1253 1242//1242 1252//1252
f 1253//1253 1246//1246 1244//1244
f 1254//1254 15//15 16//16
f 1254//1254 1249//1249 15//15
f 1255//1255 1246//1246 1253//1253
f 1256//1256 1249//1249 1254//1254
f 1256//1256 1251//1251 1249//1249
f 1257//1257 1246//1246 1255//1255
f 1257//1257 1247//1247 1246//1246
f 1258//1258 1251//1251 1256//1256
f 1258//1258 1252//1252 1251//1251
f 1259//1259 1247//1247 1257//1257
f 1259//1259 1248//1248 1247//1247
f 1260//1260 1252//1252 1258//1258
f 1260//1260 1253//1253 1252//1252
f 1261//1261 1066//1066 1065//1065
f 1261//1261 1248//1248 1259//1259
f 1261//1261 1065//1065 1250//1250
f 1261//1261 1250//1250 1248//1248
f 1262//1262 1255//1255 1253//1253
f 1262//1262 1253//1253 1260//1260
f 1263//1263 1255//1255 1262//1262
f 1263//1263 1257//1257 1255//1255
f 1264//1264 1254//1254 16//16
f 1265//1265 1259//1259 1257//1257
f 1265//1265 1257//1257 1263//1263
f 1266//1266 1256//1256 1254//1254
f 1266//1266 1258//1258 1256//1256
f 1266//1266 1254//1254 1264//1264
f 1267//1267 1259//1259 1265//1265
f 1267//1267 1066//1066 1261//1261
f 1267//1267 1261//1261 1259//1259
f 1268//1268 1260//1260 1258//1258
f 1268//1268 1258//1258 1266//1266
f 1269//1269 1260//1260 1268//1268
f 1270//1270 16//16 17//17
f 1270//1270 1264//1264 16//16
f 1271//1271 1260//1260 1269//1269
f 1271//1271 1262//1262 1260//1260
f 1271//1271 1263//1263 1262//1262
f 1272//1272 1266//1266 1264//1264
f 1272//1272 1264//1264 1270//1270
f 1273//1273 1263//1263 1271//1271
f 1274//1274 1268//1268 1266//1266
f 1274//1274 1266//1266 1272//1272
f 1275//1275 1265//1265 1263//1263
f 1275//1275 1267//1267 1265//1265
f 1275//1275 1263//1263 1273//1273
f 1276//1276 1269//1269 1268//1268
f 1276//1276 1268//1268 1274//1274
f 1277//1277 1067//1067 1066//1066
f 1277//1277 1066//1066 1267//1267
f 1277//1277 1267//1267 1275//1275
f 1278//1278 1271//1271 1269//1269
f 1278//1278 1269//1269 1276//1276
f 1279//1279 1271//1271 1278//1278
f 1279//1279 1273//1273 1271//1271
f 1280//1280 1270//1270 17//17
f 1281//1281 1275//1275 1273//1273
f 1281//1281 1273//1273 1279//1279
f 1282//1282 1272//1272 1270//1270
f 1282//1282 1270//1270 1280//1280
f 1283//1283 1067//1067 1277//1277
f 1283//1283 1277//1277 1275//1275
f 1283//1283 1275//1275 1281//1281
f 1284//1284 1272//1272 1282//1282
f 1284//1284 1274//1274 1272//1272
f 1285//1285 1274//1274 1284//1284
f 1285//1285 1276//1276 1274//1274
f 1286//1286 1279//1279 1278//1278
f 1286//1286 1278//1278 1276//1276
f 1286//1286 1276//1276 1285//1285
f 1287//1287 17//17 18//18
f 1287//1287 1280//1280 17//17
f 1288//1288 1279//1279 1286//1286
f 1289//1289 1280//1280 1287//1287
f 1289//1289 1282//1282 1280//1280
f 1290//1290 1279//1279 1288//1288
f 1290//1290 1281//1281 1279//1279
f 1291//1291 1282//1282 1289//1289
f 1291//1291 1285//1285 1284//1284
f 1291//1291 1284//1284 1282//1282
f 1292//1292 1068//1068 1067//1067
f 1292//1292 1281//1281 1290//1290
f 1292//1292 1067//1067 1283//1283
f 1292//1292 1283//1283 1281//1281
f 1293//1293 1285//1285 1291//1291
f 1294//1294 1286//1286 1285//1285
f 1294//1294 1288//1288 1286//1286
f 1294//1294 1285//1285 1293//1293
f 1295//1295 1290//1290 1288//1288
f 1295//1295 1288//1288 1294//1294
f 1296//1296 1287//1287 18//18
f 1297//1297 1290//1290 1295//1295
f 1298//1298 1287//1287 1296//1296
f 1298//1298 1289//1289 1287//1287
f 1298//1298 1291//1291 1289//1289
f 1299//1299 1292//1292 1290//1290
f 1299//1299 1290//1290 1297//1297
f 1299//1299 1068//1068 1292//1292
f 1300//1300 1293//1293 1291//1291
f 1300//1300 1291//1291 1298//1298
f 1301//1301 1293//1293 1300//1300
f 1302//1302 1293//1293 1301//1301
f 1302//1302 1294//1294 1293//1293
f 1302//1302 1295//1295 1294//1294
f 1303//1303 18//18 19//19
f 1303//1303 1296//1296 18//18
f 1304//1304 1295//1295 1302//1302
f 1305//1305 1296//1296 1303//1303
f 1305//1305 1298//1298 1296//1296
f 1306//1306 1297//1297 1295//1295
f 1306//1306 1299//1299 1297//1297
f 1306//1306 1295//1295 1304//1304
f 1307//1307 1300//1300 1298//1298
f 1307//1307 1301//1301 1300//1300
f 1307//1307 1298//1298 1305//1305
f 1308//1308 1069//1069 1068//1068
f 1308//1308 1068//1068 1299//1299
f 1308//1308 1299//1299 1306//1306
f 1309//1309 1301//1301 1307//1307
f 1310//1310 1302//1302 1301//1301
f 1310//1310 1301//1301 1309//1309
f 1311//1311 1303//1303 19//19
f 1312//1312 1302//1302 1310//1310
f 1312//1312 1304//1304 1302//1302
f 1312//1312 1306//1306 1304//1304
f 1313//1313 1303//1303 1311//1311
f 1313//1313 1305//1305 1303//1303
f 1314//1314 1308//1308 1306//1306
f 1314//1314 1306//1306 1312//1312
f 1315//1315 1305//1305 1313//1313
f 1315//1315 1307//1307 1305//1305
f 1316//1316 1069//1069 1308//1308
f 1316//1316 1308//1308 1314//1314
f 1317//1317 1309//1309 1307//1307
f 1317//1317 1307//1307 1315//1315
f 1318//1318 1310//1310 1309//1309
f 1318//1318 1309//1309 1317//1317
f 1319//1319 19//19 20//20
f 1319//1319 1311//1311 19//19
f 1320//1320 1312//1312 1310//1310
f 1320//1320 1314//1314 1312//1312
f 1320//1320 1310//1310 1318//1318
f 1321//1321 1313//1313 1311//1311
f 1321//1321 1311//1311 1319//1319
f 1322//1322 1314//1314 1320//1320
f 1323//1323 1315//1315 1313//1313
f 1323//1323 1313//1313 1321//1321
f 1324//1324 1070//1070 1069//1069
f 1324//1324 1069//1069 1316//1316
f 1324//1324 1314//1314 1322//1322
f 1324//1324 1316//1316 1314//1314
f 1325//1325 1315//1315 1323//1323
f 1325//1325 1317//1317 1315//1315
f 1325//1325 1318//1318 1317//1317
f 1326//1326 1318//1318 1325//1325
f 1327//1327 1319//1319 20//20
f 1328//1328 1318//1318 1326//1326
f 1328//1328 1320//1320 1318//1318
f 1329//1329 1319//1319 1327//1327
f 1329//1329 1321//1321 1319//1319
f 1330//1330 1320//1320 1328//1328
f 1330//1330 1322//1322 1320//1320
f 1331//1331 1323//1323 1321//1321
f 1331//1331 1321//1321 1329//1329
f 1331//1331 1325//1325 1323//1323
f 1332//1332 1322//1322 1330//1330
f 1332//1332 1070//1070 1324//1324
f 1332//1332 1324//1324 1322//1322
f 1333//1333 1325//1325 1331//1331
f 1334//1334 1326//1326 1325//1325
f 1334//1334 1328//1328 1326//1326
f 1334//1334 1325//1325 1333//1333
f 1335//1335 1329//1329 1327//1327
f 1335//1335 1327//1327 20//20
f 1335//1335 20//20 21//21
f 1336//1336 1328//1328 1334//1334
f 1337//1337 1331//1331 1329//1329
f 1337//1337 1329//1329 1335//1335
f 1338//1338 1330//1330 1328//1328
f 1338//1338 1328//1328 1336//1336
f 1339//1339 1331//1331 1337//1337
f 1340//1340 1071//1071 1070//1070
f 1340//1340 1070//1070 1332//1332
f 1340//1340 1330//1330 1338//1338
f 1340//1340 1332//1332 1330//1330
f 1341//1341 1333//1333 1331//1331
f 1341//1341 1331//1331 1339//1339
f 1342//1342 1333//1333 1341//1341
f 1342//1342 1334//1334 1333//1333
f 1343//1343 1335//1335 21//21
f 1343//1343 1337//1337 1335//1335
f 1344//1344 1336//1336 1334//1334
f 1344//1344 1338//1338 1336//1336
f 1344//1344 1334//1334 1342//1342
f 1345//1345 1337//1337 1343//1343
f 1345//1345 1339//1339 1337//1337
f 1346//1346 1338//1338 1344//1344
f 1347//1347 1341//1341 1339//1339
f 1347//1347 1339//1339 1345//1345
f 1348//1348 1071//1071 1340//1340
f 1348//1348 1340//1340 1338//1338
f 1348//1348 1338//1338 1346//1346
f 1349//1349 1342//1342 1341//1341
f 1349//1349 1341//1341 1347//1347
f 1350//1350 1344//1344 1342//1342
f 1350//1350 1342//1342 1349//1349
f 1351//1351 1346//1346 1344//1344
f 1351//1351 1344//1344 1350//1350
f 1352//1352 21//21 22//22
f 1352//1352 1343//1343 21//21
f 1353//1353 1346//1346 1351//1351
f 1354//1354 1345//1345 1343//1343
f 1354//1354 1347//1347 1345//1345
f 1354//1354 1343//1343 1352//1352
f 1355//1355 1072//1072 1071//1071
f 1355//1355 1071//1071 1348//1348
f 1355//1355 1348//1348 1346//1346
f 1355//1355 1346//1346 1353//1353
f 1356//1356 1347//1347 1354//1354
f 1356//1356 1349//1349 1347//1347
f 1357//1357 1349//1349 1356//1356
f 1358//1358 1349//1349 1357//1357
f 1358//1358 1350//1350 1349//1349
f 1359//1359 1354//1354 1352//1352
f 1359//1359 1352//1352 22//22
f 1360//1360 1350//1350 1358//1358
f 1360//1360 1351//1351 1350//1350
f 1361//1361 1354//1354 1359//1359
f 1362//1362 1351//1351 1360//1360
f 1362//1362 1353//1353 1351//1351
f 1363//1363 1354//1354 1361//1361
f 1363//1363 1356//1356 1354//1354
f 1364//1364 1355//1355 1353//1353
f 1364//1364 1353//1353 1362//1362
f 1364//1364 1072//1072 1355//1355
f 1365//1365 1357//1357 1356//1356
f 1365//1365 1356//1356 1363//1363
f 1366//1366 1358//1358 1357//1357
f 1366//1366 1357//1357 1365//1365
f 1367//1367 1360//1360 1358//1358
f 1367//1367 1358//1358 1366//1366
f 1368//1368 1359//1359 22//22
f 1368//1368 22//22 23//23
f 1369//1369 1362//1362 1360//1360
f 1369//1369 1360//1360 1367//1367
f 1370//1370 1361//1361 1359//1359
f 1370//1370 1363//1363 1361//1361
f 1370//1370 1359//1359 1368//1368
f 1371//1371 1073//1073 1072//1072
f 1371//1371 1072//1072 1364//1364
f 1371//1371 1364//1364 1362//1362
f 1371//1371 1362//1362 1369//1369
f 1372//1372 1363//1363 1370//1370
f 1373//1373 1365//1365 1363//1363
f 1373//1373 1366//1366 1365//1365
f 1373//1373 1363//1363 1372//1372
f 1374//1374 1368//1368 23//23
f 1375//1375 1366//1366 1373//1373
f 1376//1376 1372//1372 1370//1370
f 1376//1376 1370//1370 1368//1368
f 1376//1376 1368//1368 1374//1374
f 1377//1377 1367//1367 1366//1366
f 1377//1377 1369//1369 1367//1367
f 1377//1377 1366//1366 1375//1375
f 1378//1378 1372//1372 1376//1376
f 1379//1379 1369//1369 1377//1377
f 1380//1380 1373//1373 1372//1372
f 1380//1380 1375//1375 1373//1373
f 1380//1380 1372//1372 1378//1378
f 1381//1381 1073//1073 1371//1371
f 1381//1381 1371//1371 1369//1369
f 1381//1381 1369//1369 1379//1379
f 1382//1382 1375//1375 1380//1380
f 1383//1383 1377//1377 1375//1375
f 1383//1383 1375//1375 1382//1382
f 1384//1384 23//23 24//24
f 1384//1384 1374//1374 23//23
f 1384//1384 1376//1376 1374//1374
f 1385//1385 1379//1379 1377//1377
f 1385//1385 1377//1377 1383//1383
f 1386//1386 1378//1378 1376//1376
f 1386//1386 1376//1376 1384//1384
f 1387//1387 1074//1074 1073//1073
f 1387//1387 1073//1073 1381//1381
f 1387//1387 1381//1381 1379//1379
f 1387//1387 1379//1379 1385//1385
f 1388//1388 1380//1380 1378//1378
f 1388//1388 1378//1378 1386//1386
f 1389//1389 1380//1380 1388//1388
f 1390//1390 1384//1384 24//24
f 1391//1391 1383//1383 1382//1382
f 1391//1391 1382//1382 1380//1380
f 1391//1391 1380//1380 1389//1389
f 1392//1392 1384//1384 1390//1390
f 1392//1392 1386//1386 1384//1384
f 1393//1393 1383//1383 1391//1391
f 1394//1394 1386//1386 1392//1392
f 1394//1394 1388//1388 1386//1386
f 1395//1395 1383//1383 1393//1393
f 1395//1395 1385//1385 1383//1383
f 1395//1395 1387//1387 1385//1385
f 1396//1396 1388//1388 1394//1394
f 1396//1396 1389//1389 1388//1388
f 1397//1397 1387//1387 1395//1395
f 1397//1397 1074//1074 1387//1387
f 1398//1398 1389//1389 1396//1396
f 1398//1398 1391//1391 1389//1389
f 1399//1399 1393//1393 1391//1391
f 1399//1399 1391//1391 1398//1398
f 1400//1400 1392//1392 1390//1390
f 1400//1400 24//24 25//25
f 1400//1400 1390//1390 24//24
f 1401//1401 1395//1395 1393//1393
f 1401//1401 1393//1393 1399//1399
f 1402//1402 1392//1392 1400//1400
f 1402//1402 1394//1394 1392//1392
f 1403//1403 1075//1075 1074//1074
f 1403//1403 1074//1074 1397//1397
f 1403//1403 1397//1397 1395//1395
f 1403//1403 1395//1395 1401//1401
f 1404//1404 1394//1394 1402//1402
f 1405//1405 1398//1398 1396//1396
f 1405//1405 1396//1396 1394//1394
f 1405//1405 1394//1394 1404//1404
f 1406//1406 1400//1400 25//25
f 1407//1407 1398//1398 1405//1405
f 1408//1408 1402//1402 1400//1400
f 1408//1408 1400//1400 1406//1406
f 1409//1409 1398//1398 1407//1407
f 1409//1409 1399//1399 1398//1398
f 1409//1409 1401//1401 1399//1399
f 1410//1410 1404//1404 1402//1402
f 1410//1410 1402//1402 1408//1408
f 1411//1411 1401//1401 1409//1409
f 1412//1412 1404//1404 1410//1410
f 1412//1412 1405//1405 1404//1404
f 1413//1413 1075//1075 1403//1403
f 1413//1413 1403//1403 1401//1401
f 1413//1413 1401//1401 1411//1411
f 1414//1414 1407//1407 1405//1405
f 1414//1414 1405//1405 1412//1412
f 1415//1415 1409//1409 1407//1407
f 1415//1415 1407//1407 1414//1414
f 1416//1416 1409//1409 1415//1415
f 1416//1416 1411//1411 1409//1409
f 1417//1417 25//25 26//26
f 1417//1417 1406//1406 25//25
f 1418//1418 1076//1076 1075//1075
f 1418//1418 1075//1075 1413//1413
f 1418//1418 1413//1413 1411//1411
f 1418//1418 1411//1411 1416//1416
f 1419//1419 1406//1406 1417//1417
f 1419//1419 1408//1408 1406//1406
f 1419//1419 1410//1410 1408//1408
f 1420//1420 1410//1410 1419//1419
f 1421//1421 1412//1412 1410//1410
f 1421//1421 1410//1410 1420//1420
f 1422//1422 1417//1417 26//26
f 1423//1423 1414//1414 1412//1412
f 1423//1423 1415//1415 1414//1414
f 1423//1423 1412//1412 1421//1421
f 1424//1424 1417//1417 1422//1422
f 1424//1424 1419//1419 1417//1417
f 1425//1425 1415//1415 1423//1423
f 1426//1426 1419//1419 1424//1424
f 1426//1426 1420//1420 1419//1419
f 1427//1427 1415//1415 1425//1425
f 1427//1427 1416//1416 1415//1415
f 1427//1427 1418//1418 1416//1416
f 1428//1428 1421//1421 1420//1420
f 1428//1428 1420//1420 1426//1426
f 1429//1429 1418//1418 1427//1427
f 1429//1429 1076//1076 1418//1418
f 1430//1430 1423//1423 1421//1421
f 1430//1430 1421//1421 1428//1428
f 1431//1431 1423//1423 1430//1430
f 1431//1431 1425//1425 1423//1423
f 1432//1432 1427//1427 1425//1425
f 1432//1432 1425//1425 1431//1431
f 1433//1433 26//26 27//27
f 1433//1433 1422//1422 26//26
f 1434//1434 1077//1077 1076//1076
f 1434//1434 1076//1076 1429//1429
f 1434//1434 1429//1429 1427//1427
f 1434//1434 1427//1427 1432//1432
f 1435//1435 1424//1424 1422//1422
f 1435//1435 1422//1422 1433//1433
f 1435//1435 1426//1426 1424//1424
f 1436//1436 1426//1426 1435//1435
f 1437//1437 1433//1433 27//27
f 1438//1438 1428//1428 1426//1426
f 1438//1438 1430//1430 1428//1428
f 1438//1438 1426//1426 1436//1436
f 1439//1439 1435//1435 1433//1433
f 1439//1439 1433//1433 1437//1437
f 1440//1440 1430//1430 1438//1438
f 1441//1441 1436//1436 1435//1435
f 1441//1441 1435//1435 1439//1439
f 1442//1442 1431//1431 1430//1430
f 1442//1442 1432//1432 1431//1431
f 1442//1442 1430//1430 1440//1440
f 1443//1443 1438//1438 1436//1436
f 1443//1443 1436//1436 1441//1441
f 1444//1444 1432//1432 1442//1442
f 1445//1445 1440//1440 1438//1438
f 1445//1445 1438//1438 1443//1443
f 1446//1446 1077//1077 1434//1434
f 1446//1446 1434//1434 1432//1432
f 1446//1446 1432//1432 1444//1444
f 1447//1447 1440//1440 1445//1445
f 1447//1447 1442//1442 1440//1440
f 1448//1448 1444//1444 1442//1442
f 1448//1448 1442//1442 1447//1447
f 1449//1449 27//27 28//28
f 1449//1449 1437//1437 27//27
f 1450//1450 1078//1078 1077//1077
f 1450//1450 1077//1077 1446//1446
f 1450//1450 1446//1446 1444//1444
f 1450//1450 1444//1444 1448//1448
f 1451//1451 1439//1439 1437//1437
f 1451//1451 1437//1437 1449//1449
f 1452//1452 1441//1441 1439//1439
f 1452//1452 1439//1439 1451//1451
f 1453//1453 1449//1449 28//28
f 1454//1454 1441//1441 1452//1452
f 1454//1454 1443//1443 1441//1441
f 1454//1454 1445//1445 1443//1443
f 1455//1455 1451//1451 1449//1449
f 1455//1455 1449//1449 1453//1453
f 1456//1456 1445//1445 1454//1454
f 1457//1457 1452//1452 1451//1451
f 1457//1457 1451//1451 1455//1455
f 1458//1458 1445//1445 1456//1456
f 1458//1458 1447//1447 1445//1445
f 1458//1458 1448//1448 1447//1447
f 1459//1459 1452//1452 1457//1457
f 1459//1459 1454//1454 1452//1452
f 1460//1460 1448//1448 1458//1458
f 1460//1460 1450//1450 1448//1448
f 1461//1461 1454//1454 1459//1459
f 1461//1461 1456//1456 1454//1454
f 1462//1462 1450//1450 1460//1460
f 1462//1462 1078//1078 1450//1450
f 1463//1463 1460//1460 1458//1458
f 1463//1463 1456//1456 1461//1461
f 1463//1463 1458//1458 1456//1456
f 1464//1464 1460//1460 1463//1463
f 1464//1464 1462//1462 1460//1460
f 1465//1465 1455//1455 1453//1453
f 1465//1465 28//28 29//29
f 1465//1465 1453//1453 28//28
f 1466//1466 1079//1079 1078//1078
f 1466//1466 1078//1078 1462//1462
f 1466//1466 1462//1462 1464//1464
f 1467//1467 1465//1465 29//29
f 1467//1467 1455//1455 1465//1465
f 1468//1468 1455//1455 1467//1467
f 1468//1468 1457//1457 1455//1455
f 1468//1468 1467//1467 29//29
f 1469//1469 1459//1459 1457//1457
f 1469//1469 1468//1468 29//29
f 1469//1469 1457//1457 1468//1468
f 1470//1470 1461//1461 1459//1459
f 1470//1470 1459//1459 1469//1469
f 1471//1471 1463//1463 1461//1461
f 1471//1471 1461//1461 1470//1470
f 1472//1472 1464//1464 1463//1463
f 1472//1472 1463//1463 1471//1471
f 1473//1473 1079//1079 1466//1466
f 1473//1473 1466//1466 1464//1464
f 1473//1473 1464//1464 1472//1472
f 1474//1474 29//29 30//30
f 1475//1475 1474//1474 30//30
f 1475//1475 29//29 1474//1474
f 1476//1476 1469//1469 29//29
f 1476//1476 1470//1470 1469//1469
f 1476//1476 1475//1475 30//30
f 1476//1476 29//29 1475//1475
f 1477//1477 1470//1470 1476//1476
f 1478//1478 1472//1472 1471//1471
f 1478//1478 1471//1471 1470//1470
f 1478//1478 1470//1470 1477//1477
f 1479//1479 1472//1472 1478//1478
f 1480//1480 1080//1080 1079//1079
f 1480//1480 1079//1079 1473//1473
f 1480//1480 1473//1473 1472//1472
f 1480//1480 1472//1472 1479//1479
f 1481//1481 30//30 31//31
f 1482//1482 30//30 1481//1481
f 1482//1482 1481//1481 31//31
f 1483//1483 1476//1476 30//30
f 1483//1483 1477//1477 1476//1476
f 1483//1483 1482//1482 31//31
f 1483//1483 30//30 1482//1482
f 1484//1484 1477//1477 1483//1483
f 1485//1485 1478//1478 1477//1477
f 1485//1485 1477//1477 1484//1484
f 1486//1486 1478//1478 1485//1485
f 1486//1486 1479//1479 1478//1478
f 1487//1487 1081//1081 1080//1080
f 1487//1487 1080//1080 1480//1480
f 1487//1487 1480//1480 1479//1479
f 1487//1487 1479//1479 1486//1486
f 1488//1488 31//31 32//32
f 1489//1489 31//31 1488//1488
f 1489//1489 1488//1488 32//32
f 1490//1490 1483//1483 31//31
f 1490//1490 31//31 1489//1489
f 1491//1491 1484//1484 1483//1483
f 1491//1491 1483//1483 1490//1490
f 1492//1492 1484//1484 1491//1491
f 1492//1492 1485//1485 1484//1484
f 1492//1492 1486//1486 1485//1485
f 1493//1493 1486//1486 1492//1492
f 1494//1494 1486//1486 1493//1493
f 1494//1494 1082//1082 1081//1081
f 1494//1494 1083//1083 1082//1082
f 1494//1494 1081//1081 1487//1487
f 1494//1494 1487//1487 1486//1486
f 1495//1495 32//32 33//33
f 1496//1496 1489//1489 32//32
f 1496//1496 32//32 1495//1495
f 1496//1496 1495//1495 33//33
f 1497//1497 1490//1490 1489//1489
f 1497//1497 1491//1491 1490//1490
f 1497//1497 1489//1489 1496//1496
f 1498//1498 1491//1491 1497//1497
f 1499//1499 1491//1491 1498//1498
f 1499//1499 1492//1492 1491//1491
f 1499//1499 1493//1493 1492//1492
f 1500//1500 1494//1494 1493//1493
f 1500//1500 1493//1493 1499//1499
f 1501//1501 1083//1083 1494//1494
f 1501//1501 1084//1084 1083//1083
f 1501//1501 1494//1494 1500//1500
f 1502//1502 33//33 34//34
f 1503//1503 1502//1502 34//34
f 1503//1503 33//33 1502//1502
f 1504//1504 1503//1503 34//34
f 1504//1504 1496//1496 33//33
f 1504//1504 33//33 1503//1503
f 1505//1505 1497//1497 1496//1496
f 1505//1505 1496//1496 1504//1504
f 1506//1506 1498//1498 1497//1497
f 1506//1506 1497//1497 1505//1505
f 1507//1507 1499//1499 1498//1498
f 1507//1507 1500//1500 1499//1499
f 1507//1507 1498//1498 1506//1506
f 1508//1508 1501//1501 1500//1500
f 1508//1508 1500//1500 1507//1507
f 1509//1509 1084//1084 1501//1501
f 1509//1509 1501//1501 1508//1508
f 1510//1510 34//34 35//35
f 1511//1511 34//34 1510//1510
f 1511//1511 1510//1510 35//35
f 1512//1512 1504//1504 34//34
f 1512//1512 34//34 1511//1511
f 1513//1513 1505//1505 1504//1504
f 1513//1513 1504//1504 1512//1512
f 1514//1514 1505//1505 1513//1513
f 1514//1514 1506//1506 1505//1505
f 1515//1515 1507//1507 1506//1506
f 1515//1515 1506//1506 1514//1514
f 1516//1516 1507//1507 1515//1515
f 1516//1516 1508//1508 1507//1507
f 1516//1516 1509//1509 1508//1508
f 1517//1517 1085//1085 1084//1084
f 1517//1517 1084//1084 1509//1509
f 1517//1517 1509//1509 1516//1516
f 1518//1518 35//35 36//36
f 1519//1519 1511//1511 35//35
f 1519//1519 35//35 1518//1518
f 1519//1519 1518//1518 36//36
f 1520//1520 1511//1511 1519//1519
f 1520//1520 1512//1512 1511//1511
f 1521//1521 1513//1513 1512//1512
f 1521//1521 1512//1512 1520//1520
f 1522//1522 1514//1514 1513//1513
f 1522//1522 1513//1513 1521//1521
f 1523//1523 1515//1515 1514//1514
f 1523//1523 1514//1514 1522//1522
f 1524//1524 1516//1516 1515//1515
f 1524//1524 1515//1515 1523//1523
f 1525//1525 1516//1516 1524//1524
f 1525//1525 1086//1086 1085//1085
f 1525//1525 1087//1087 1086//1086
f 1525//1525 1085//1085 1517//1517
f 1525//1525 1517//1517 1516//1516
f 1526//1526 36//36 37//37
f 1527//1527 36//36 1526//1526
f 1527//1527 1519//1519 36//36
f 1527//1527 1520//1520 1519//1519
f 1528//1528 1520//1520 1527//1527
f 1529//1529 1520//1520 1528//1528
f 1529//1529 1521//1521 1520//1520
f 1530//1530 1521//1521 1529//1529
f 1530//1530 1522//1522 1521//1521
f 1531//1531 1523//1523 1522//1522
f 1531//1531 1524//1524 1523//1523
f 1531//1531 1522//1522 1530//1530
f 1532//1532 1524//1524 1531//1531
f 1533//1533 1525//1525 1524//1524
f 1533//1533 1524//1524 1532//1532
f 1533//1533 1087//1087 1525//1525
f 1534//1534 1527//1527 1526//1526
f 1534//1534 1526//1526 37//37
f 1534//1534 37//37 38//38
f 1535//1535 1527//1527 1534//1534
f 1536//1536 1528//1528 1527//1527
f 1536//1536 1527//1527 1535//1535
f 1537//1537 1529//1529 1528//1528
f 1537//1537 1530//1530 1529//1529
f 1537//1537 1528//1528 1536//1536
f 1538//1538 1530//1530 1537//1537
f 1539//1539 1531//1531 1530//1530
f 1539//1539 1530//1530 1538//1538
f 1540//1540 1531//1531 1539//1539
f 1540//1540 1532//1532 1531//1531
f 1541//1541 1088//1088 1087//1087
f 1541//1541 1533//1533 1532//1532
f 1541//1541 1087//1087 1533//1533
f 1541//1541 1532//1532 1540//1540
f 1542//1542 1534//1534 38//38
f 1542//1542 38//38 39//39
f 1543//1543 1534//1534 1542//1542
f 1543//1543 1535//1535 1534//1534
f 1544//1544 1536//1536 1535//1535
f 1544//1544 1535//1535 1543//1543
f 1545//1545 1538//1538 1537//1537
f 1545//1545 1537//1537 1536//1536
f 1545//1545 1536//1536 1544//1544
f 1546//1546 1538//1538 1545//1545
f 1547//1547 1539//1539 1538//1538
f 1547//1547 1538//1538 1546//1546
f 1548//1548 1539//1539 1547//1547
f 1548//1548 1540//1540 1539//1539
f 1548//1548 1541//1541 1540//1540
f 1549//1549 1089//1089 1088//1088
f 1549//1549 1088//1088 1541//1541
f 1549//1549 1548//1548 1089//1089
f 1549//1549 1541//1541 1548//1548
f 1550//1550 39//39 40//40
f 1550//1550 40//40 41//41
f 1550//1550 1542//1542 39//39
f 1551//1551 1542//1542 1550//1550
f 1551//1551 1543//1543 1542//1542
f 1552//1552 1544//1544 1543//1543
f 1552//1552 1543//1543 1551//1551
f 1553//1553 1544//1544 1552//1552
f 1553//1553 1545//1545 1544//1544
f 1554//1554 1545//1545 1553//1553
f 1554//1554 1546//1546 1545//1545
f 1555//1555 1547//1547 1546//1546
f 1555//1555 1546//1546 1554//1554
f 1556//1556 1089//1089 1548//1548
f 1556//1556 1548//1548 1547//1547
f 1556//1556 1547//1547 1555//1555
f 1557//1557 1090//1090 1089//1089
f 1557//1557 1089//1089 1556//1556
f 1557//1557 1556//1556 1090//1090
f 1558//1558 1550//1550 41//41
f 1559//1559 1551//1551 1550//1550
f 1559//1559 1550//1550 1558//1558
f 1560//1560 1551//1551 1559//1559
f 1560//1560 1552//1552 1551//1551
f 1561//1561 1552//1552 1560//1560
f 1561//1561 1553//1553 1552//1552
f 1561//1561 1554//1554 1553//1553
f 1562//1562 1554//1554 1561//1561
f 1563//1563 1554//1554 1562//1562
f 1563//1563 1555//1555 1554//1554
f 1564//1564 1556//1556 1555//1555
f 1564//1564 1563//1563 1091//1091
f 1564//1564 1555//1555 1563//1563
f 1564//1564 1090//1090 1556//1556
f 1565//1565 1564//1564 1091//1091
f 1565//1565 1090//1090 1564//1564
f 1565//1565 1091//1091 1090//1090
f 1566//1566 41//41 42//42
f 1566//1566 1558//1558 41//41
f 1567//1567 1559//1559 1558//1558
f 1567//1567 1558//1558 1566//1566
f 1568//1568 1560//1560 1559//1559
f 1568//1568 1559//1559 1567//1567
f 1569//1569 1561//1561 1560//1560
f 1569//1569 1560//1560 1568//1568
f 1570//1570 1561//1561 1569//1569
f 1570//1570 1562//1562 1561//1561
f 1571//1571 1563//1563 1562//1562
f 1571//1571 1091//1091 1563//1563
f 1571//1571 1562//1562 1570//1570
f 1572//1572 1571//1571 1092//1092
f 1572//1572 1091//1091 1571//1571
f 1573//1573 1092//1092 1091//1091
f 1573//1573 1572//1572 1092//1092
f 1573//1573 1091//1091 1572//1572
f 1574//1574 1566//1566 42//42
f 1574//1574 42//42 43//43
f 1574//1574 43//43 44//44
f 1575//1575 1567//1567 1566//1566
f 1575//1575 1566//1566 1574//1574
f 1576//1576 1567//1567 1575//1575
f 1576//1576 1568//1568 1567//1567
f 1577//1577 1568//1568 1576//1576
f 1577//1577 1569//1569 1568//1568
f 1578//1578 1569//1569 1577//1577
f 1578//1578 1570//1570 1569//1569
f 1579//1579 1571//1571 1570//1570
f 1579//1579 1092//1092 1571//1571
f 1579//1579 1570//1570 1578//1578
f 1580//1580 1579//1579 1093//1093
f 1580//1580 1092//1092 1579//1579
f 1581//1581 1093//1093 1092//1092
f 1581//1581 1580//1580 1093//1093
f 1581//1581 1092//1092 1580//1580
f 1582//1582 1574//1574 44//44
f 1583//1583 1575//1575 1574//1574
f 1583//1583 1574//1574 1582//1582
f 1584//1584 1576//1576 1575//1575
f 1584//1584 1575//1575 1583//1583
f 1585//1585 1577//1577 1576//1576
f 1585//1585 1578//1578 1577//1577
f 1585//1585 1576//1576 1584//1584
f 1586//1586 1579//1579 1578//1578
f 1586//1586 1578//1578 1585//1585
f 1587//1587 1093//1093 1579//1579
f 1587//1587 1586//1586 1094//1094
f 1587//1587 1579//1579 1586//1586
f 1588//1588 1587//1587 1094//1094
f 1588//1588 1093//1093 1587//1587
f 1589//1589 1094//1094 1093//1093
f 1589//1589 1588//1588 1094//1094
f 1589//1589 1093//1093 1588//1588
f 1590//1590 1582//1582 44//44
f 1590//1590 44//44 45//45
f 1591//1591 1583//1583 1582//1582
f 1591//1591 1582//1582 1590//1590
f 1592//1592 1583//1583 1591//1591
f 1592//1592 1584//1584 1583//1583
f 1593//1593 1584//1584 1592//1592
f 1593//1593 1585//1585 1584//1584
f 1593//1593 1586//1586 1585//1585
f 1594//1594 1586//1586 1593//1593
f 1594//1594 1094//1094 1586//1586
f 1595//1595 1594//1594 1095//1095
f 1595//1595 1094//1094 1594//1594
f 1596//1596 1595//1595 1095//1095
f 1596//1596 1094//1094 1595//1595
f 1597//1597 1596//1596 1095//1095
f 1597//1597 1094//1094 1596//1596
f 1597//1597 1095//1095 1094//1094
f 1598//1598 45//45 46//46
f 1598//1598 1590//1590 45//45
f 1599//1599 1591//1591 1590//1590
f 1599//1599 1590//1590 1598//1598
f 1600//1600 1592//1592 1591//1591
f 1600//1600 1591//1591 1599//1599
f 1601//1601 1593//1593 1592//1592
f 1601//1601 1594//1594 1593//1593
f 1601//1601 1592//1592 1600//1600
f 1602//1602 1594//1594 1601//1601
f 1602//1602 1095//1095 1594//1594
f 1603//1603 1095//1095 1602//1602
f 1603//1603 1602//1602 1096//1096
f 1604//1604 1603//1603 1096//1096
f 1604//1604 1095//1095 1603//1603
f 1605//1605 1096//1096 1095//1095
f 1605//1605 1604//1604 1096//1096
f 1605//1605 1095//1095 1604//1604
f 1606//1606 1598//1598 46//46
f 1606//1606 46//46 47//47
f 1607//1607 1599//1599 1598//1598
f 1607//1607 1598//1598 1606//1606
f 1608//1608 1599//1599 1607//1607
f 1608//1608 1600//1600 1599//1599
f 1609//1609 1606//1606 47//47
f 1609//1609 47//47 48//48
f 1610//1610 1600//1600 1608//1608
f 1610//1610 1601//1601 1600//1600
f 1611//1611 1606//1606 1609//1609
f 1611//1611 1607//1607 1606//1606
f 1612//1612 1602//1602 1601//1601
f 1612//1612 1096//1096 1602//1602
f 1612//1612 1601//1601 1610//1610
f 1613//1613 1608//1608 1607//1607
f 1613//1613 1607//1607 1611//1611
f 1614//1614 1096//1096 1612//1612
f 1615//1615 1610//1610 1608//1608
f 1615//1615 1608//1608 1613//1613
f 1615//1615 1612//1612 1610//1610
f 1616//1616 1096//1096 1614//1614
f 1617//1617 1614//1614 1612//1612
f 1617//1617 1612//1612 1615//1615
f 1618//1618 1097//1097 1096//1096
f 1618//1618 1096//1096 1616//1616
f 1619//1619 1614//1614 1617//1617
f 1620//1620 1616//1616 1614//1614
f 1620//1620 1614//1614 1619//1619
f 1621//1621 1609//1609 48//48
f 1622//1622 1097//1097 1618//1618
f 1622//1622 1618//1618 1616//1616
f 1622//1622 1616//1616 1620//1620
f 1623//1623 1611//1611 1609//1609
f 1623//1623 1609//1609 1621//1621
f 1624//1624 1613//1613 1611//1611
f 1624//1624 1615//1615 1613//1613
f 1624//1624 1611//1611 1623//1623
f 1625//1625 48//48 49//49
f 1625//1625 1621//1621 48//48
f 1626//1626 1615//1615 1624//1624
f 1626//1626 1617//1617 1615//1615
f 1627//1627 1621//1621 1625//1625
f 1627//1627 1623//1623 1621//1621
f 1628//1628 1617//1617 1626//1626
f 1629//1629 1624//1624 1623//1623
f 1629//1629 1623//1623 1627//1627
f 1630//1630 1617//1617 1628//1628
f 1630//1630 1619//1619 1617//1617
f 1631//1631 1626//1626 1624//1624
f 1631//1631 1624//1624 1629//1629
f 1632//1632 1619//1619 1630//1630
f 1632//1632 1620//1620 1619//1619
f 1632//1632 1622//1622 1620//1620
f 1633//1633 1628//1628 1626//1626
f 1633//1633 1626//1626 1631//1631
f 1634//1634 1622//1622 1632//1632
f 1634//1634 1098//1098 1097//1097
f 1634//1634 1097//1097 1622//1622
f 1635//1635 1628//1628 1633//1633
f 1635//1635 1630//1630 1628//1628
f 1636//1636 1632//1632 1630//1630
f 1636//1636 1630//1630 1635//1635
f 1636//1636 1634//1634 1632//1632
f 1637//1637 1625//1625 49//49
f 1638//1638 1098//1098 1634//1634
f 1638//1638 1634//1634 1636//1636
f 1639//1639 1627//1627 1625//1625
f 1639//1639 1625//1625 1637//1637
f 1640//1640 1629//1629 1627//1627
f 1640//1640 1627//1627 1639//1639
f 1641//1641 1631//1631 1629//1629
f 1641//1641 1629//1629 1640//1640
f 1642//1642 1637//1637 49//49
f 1642//1642 49//49 50//50
f 1643//1643 1633//1633 1631//1631
f 1643//1643 1631//1631 1641//1641
f 1644//1644 1639//1639 1637//1637
f 1644//1644 1637//1637 1642//1642
f 1645//1645 1633//1633 1643//1643
f 1645//1645 1635//1635 1633//1633
f 1646//1646 1640//1640 1639//1639
f 1646//1646 1639//1639 1644//1644
f 1647//1647 1636//1636 1635//1635
f 1647//1647 1635//1635 1645//1645
f 1648//1648 1640//1640 1646//1646
f 1648//1648 1641//1641 1640//1640
f 1649//1649 1099//1099 1098//1098
f 1649//1649 1098//1098 1638//1638
f 1649//1649 1638//1638 1636//1636
f 1649//1649 1636//1636 1647//1647
f 1650//1650 1645//1645 1643//1643
f 1650//1650 1643//1643 1641//1641
f 1650//1650 1641//1641 1648//1648
f 1651//1651 1645//1645 1650//1650
f 1652//1652 1645//1645 1651//1651
f 1652//1652 1647//1647 1645//1645
f 1652//1652 1649//1649 1647//1647
f 1653//1653 1642//1642 50//50
f 1654//1654 1099//1099 1649//1649
f 1654//1654 1649//1649 1652//1652
f 1655//1655 1644//1644 1642//1642
f 1655//1655 1642//1642 1653//1653
f 1656//1656 1644//1644 1655//1655
f 1656//1656 1646//1646 1644//1644
f 1657//1657 1648//1648 1646//1646
f 1657//1657 1646//1646 1656//1656
f 1658//1658 50//50 51//51
f 1658//1658 1653//1653 50//50
f 1659//1659 1650//1650 1648//1648
f 1659//1659 1648//1648 1657//1657
f 1660//1660 1655//1655 1653//1653
f 1660//1660 1653//1653 1658//1658
f 1660//1660 1656//1656 1655//1655
f 1661//1661 1650//1650 1659//1659
f 1661//1661 1651//1651 1650//1650
f 1662//1662 1657//1657 1656//1656
f 1662//1662 1656//1656 1660//1660
f 1663//1663 1651//1651 1661//1661
f 1663//1663 1652//1652 1651//1651
f 1664//1664 1657//1657 1662//1662
f 1664//1664 1659//1659 1657//1657
f 1665//1665 1652//1652 1663//1663
f 1665//1665 1100//1100 1099//1099
f 1665//1665 1099//1099 1654//1654
f 1665//1665 1654//1654 1652//1652
f 1666//1666 1659//1659 1664//1664
f 1667//1667 1661//1661 1659//1659
f 1667//1667 1659//1659 1666//1666
f 1668//1668 1658//1658 51//51
f 1669//1669 1663//1663 1661//1661
f 1669//1669 1665//1665 1663//1663
f 1669//1669 1661//1661 1667//1667
f 1670//1670 1658//1658 1668//1668
f 1670//1670 1660//1660 1658//1658
f 1671//1671 1100//1100 1665//1665
f 1671//1671 1665//1665 1669//1669
f 1672//1672 1660//1660 1670//1670
f 1672//1672 1662//1662 1660//1660
f 1673//1673 1664//1664 1662//1662
f 1673//1673 1662//1662 1672//1672
f 1674//1674 1668//1668 51//51
f 1674//1674 51//51 52//52
f 1675//1675 1666//1666 1664//1664
f 1675//1675 1664//1664 1673//1673
f 1676//1676 1670//1670 1668//1668
f 1676//1676 1668//1668 1674//1674
f 1677//1677 1667//1667 1666//1666
f 1677//1677 1666//1666 1675//1675
f 1678//1678 1670//1670 1676//1676
f 1678//1678 1673//1673 1672//1672
f 1678//1678 1672//1672 1670//1670
f 1679//1679 1669//1669 1667//1667
f 1679//1679 1667//1667 1677//1677
f 1680//1680 1673//1673 1678//1678
f 1680//1680 1675//1675 1673//1673
f 1681//1681 1100//1100 1671//1671
f 1681//1681 1101//1101 1100//1100
f 1681//1681 1671//1671 1669//1669
f 1681//1681 1669//1669 1679//1679
f 1682//1682 1675//1675 1680//1680
f 1683//1683 1677//1677 1675//1675
f 1683//1683 1675//1675 1682//1682
f 1684//1684 1674//1674 52//52
f 1685//1685 1677//1677 1683//1683
f 1685//1685 1679//1679 1677//1677
f 1685//1685 1681//1681 1679//1679
f 1686//1686 1676//1676 1674//1674
f 1686//1686 1674//1674 1684//1684
f 1687//1687 1101//1101 1681//1681
f 1687//1687 1681//1681 1685//1685
f 1688//1688 1676//1676 1686//1686
f 1688//1688 1678//1678 1676//1676
f 1689//1689 1680//1680 1678//1678
f 1689//1689 1678//1678 1688//1688
f 1690//1690 1684//1684 52//52
f 1690//1690 52//52 53//53
f 1691//1691 1682//1682 1680//1680
f 1691//1691 1680//1680 1689//1689
f 1692//1692 1686//1686 1684//1684
f 1692//1692 1684//1684 1690//1690
f 1693//1693 1683//1683 1682//1682
f 1693//1693 1682//1682 1691//1691
f 1694//1694 1686//1686 1692//1692
f 1694//1694 1689//1689 1688//1688
f 1694//1694 1688//1688 1686//1686
f 1695//1695 1683//1683 1693//1693
f 1695//1695 1685//1685 1683//1683
f 1696//1696 1689//1689 1694//1694
f 1697//1697 1685//1685 1695//1695
f 1697//1697 1102//1102 1101//1101
f 1697//1697 1101//1101 1687//1687
f 1697//1697 1687//1687 1685//1685
f 1698//1698 1691//1691 1689//1689
f 1698//1698 1693//1693 1691//1691
f 1698//1698 1689//1689 1696//1696
f 1699//1699 1695//1695 1693//1693
f 1699//1699 1693//1693 1698//1698
f 1700//1700 1690//1690 53//53
f 1701//1701 1695//1695 1699//1699
f 1702//1702 1692//1692 1690//1690
f 1702//1702 1690//1690 1700//1700
f 1703//1703 1697//1697 1695//1695
f 1703//1703 1102//1102 1697//1697
f 1703//1703 1695//1695 1701//1701
f 1704//1704 1692//1692 1702//1702
f 1704//1704 1694//1694 1692//1692
f 1705//1705 1696//1696 1694//1694
f 1705//1705 1694//1694 1704//1704
f 1706//1706 1696//1696 1705//1705
f 1706//1706 1698//1698 1696//1696
f 1707//1707 1700//1700 53//53
f 1707//1707 53//53 54//54
f 1708//1708 1699//1699 1698//1698
f 1708//1708 1698//1698 1706//1706
f 1709//1709 1702//1702 1700//1700
f 1709//1709 1700//1700 1707//1707
f 1710//1710 1701//1701 1699//1699
f 1710//1710 1699//1699 1708//1708
f 1711//1711 1705//1705 1704//1704
f 1711//1711 1702//1702 1709//1709
f 1711//1711 1704//1704 1702//1702
f 1712//1712 1102//1102 1703//1703
f 1712//1712 1703//1703 1701//1701
f 1712//1712 1103//1103 1102//1102
f 1712//1712 1701//1701 1710//1710
f 1713//1713 1706//1706 1705//1705
f 1713//1713 1705//1705 1711//1711
f 1714//1714 1706//1706 1713//1713
f 1715//1715 1708//1708 1706//1706
f 1715//1715 1706//1706 1714//1714
f 1716//1716 1707//1707 54//54
f 1717//1717 1708//1708 1715//1715
f 1717//1717 1710//1710 1708//1708
f 1718//1718 1709//1709 1707//1707
f 1718//1718 1707//1707 1716//1716
f 1719//1719 1103//1103 1712//1712
f 1719//1719 1712//1712 1710//1710
f 1719//1719 1710//1710 1717//1717
f 1720//1720 1711//1711 1709//1709
f 1720//1720 1709//1709 1718//1718
f 1721//1721 1713//1713 1711//1711
f 1721//1721 1711//1711 1720//1720
f 1722//1722 1714//1714 1713//1713
f 1722//1722 1713//1713 1721//1721
f 1722//1722 1715//1715 1714//1714
f 1723//1723 54//54 55//55
f 1723//1723 1716//1716 54//54
f 1724//1724 1715//1715 1722//1722
f 1725//1725 1716//1716 1723//1723
f 1725//1725 1720//1720 1718//1718
f 1725//1725 1718//1718 1716//1716
f 1726//1726 1715//1715 1724//1724
f 1726//1726 1717//1717 1715//1715
f 1727//1727 1721//1721 1720//1720
f 1727//1727 1720//1720 1725//1725
f 1728//1728 1717//1717 1726//1726
f 1728//1728 1104//1104 1103//1103
f 1728//1728 1103//1103 1719//1719
f 1728//1728 1719//1719 1717//1717
f 1729//1729 1721//1721 1727//1727
f 1730//1730 1721//1721 1729//1729
f 1730//1730 1722//1722 1721//1721
f 1731//1731 1723//1723 55//55
f 1732//1732 1724//1724 1722//1722
f 1732//1732 1722//1722 1730//1730
f 1732//1732 1726//1726 1724//1724
f 1733//1733 1723//1723 1731//1731
f 1733//1733 1725//1725 1723//1723
f 1734//1734 1726//1726 1732//1732
f 1735//1735 1725//1725 1733//1733
f 1735//1735 1727//1727 1725//1725
f 1736//1736 1728//1728 1726//1726
f 1736//1736 1104//1104 1728//1728
f 1736//1736 1726//1726 1734//1734
f 1737//1737 1727//1727 1735//1735
f 1737//1737 1729//1729 1727//1727
f 1738//1738 1730//1730 1729//1729
f 1738//1738 1729//1729 1737//1737
f 1739//1739 1731//1731 55//55
f 1739//1739 55//55 56//56
f 1740//1740 1732//1732 1730//1730
f 1740//1740 1730//1730 1738//1738
f 1741//1741 1733//1733 1731//1731
f 1741//1741 1731//1731 1739//1739
f 1742//1742 1734//1734 1732//1732
f 1742//1742 1732//1732 1740//1740
f 1743//1743 1733//1733 1741//1741
f 1743//1743 1735//1735 1733//1733
f 1744//1744 1104//1104 1736//1736
f 1744//1744 1736//1736 1734//1734
f 1744//1744 1105//1105 1104//1104
f 1744//1744 1734//1734 1742//1742
f 1745//1745 1737//1737 1735//1735
f 1745//1745 1738//1738 1737//1737
f 1745//1745 1735//1735 1743//1743
f 1746//1746 1738//1738 1745//1745
f 1747//1747 1741//1741 1739//1739
f 1747//1747 1739//1739 56//56
f 1748//1748 1738//1738 1746//1746
f 1748//1748 1740//1740 1738//1738
f 1749//1749 1741//1741 1747//1747
f 1750//1750 1742//1742 1740//1740
f 1750//1750 1740//1740 1748//1748
f 1751//1751 1741//1741 1749//1749
f 1751//1751 1743//1743 1741//1741
f 1751//1751 1745//1745 1743//1743
f 1752//1752 1742//1742 1750//1750
f 1752//1752 1105//1105 1744//1744
f 1752//1752 1744//1744 1742//1742
f 1753//1753 1745//1745 1751//1751
f 1754//1754 1748//1748 1746//1746
f 1754//1754 1746//1746 1745//1745
f 1754//1754 1745//1745 1753//1753
f 1755//1755 1747//1747 56//56
f 1755//1755 56//56 57//57
f 1756//1756 1750//1750 1748//1748
f 1756//1756 1748//1748 1754//1754
f 1757//1757 1749//1749 1747//1747
f 1757//1757 1747//1747 1755//1755
f 1758//1758 1750//1750 1756//1756
f 1759//1759 1751//1751 1749//1749
f 1759//1759 1749//1749 1757//1757
f 1760//1760 1750//1750 1758//1758
f 1760//1760 1106//1106 1105//1105
f 1760//1760 1105//1105 1752//1752
f 1760//1760 1752//1752 1750//1750
f 1761//1761 1753//1753 1751//1751
f 1761//1761 1751//1751 1759//1759
f 1762//1762 1753//1753 1761//1761
f 1762//1762 1754//1754 1753//1753
f 1763//1763 1755//1755 57//57
f 1763//1763 1757//1757 1755//1755
f 1764//1764 1754//1754 1762//1762
f 1764//1764 1756//1756 1754//1754
f 1765//1765 1757//1757 1763//1763
f 1766//1766 1758//1758 1756//1756
f 1766//1766 1756//1756 1764//1764
f 1767//1767 1761//1761 1759//1759
f 1767//1767 1757//1757 1765//1765
f 1767//1767 1759//1759 1757//1757
f 1768//1768 1760//1760 1758//1758
f 1768//1768 1106//1106 1760//1760
f 1768//1768 1758//1758 1766//1766
f 1769//1769 1761//1761 1767//1767
f 1770//1770 1762//1762 1761//1761
f 1770//1770 1761//1761 1769//1769
f 1771//1771 1766//1766 1764//1764
f 1771//1771 1762//1762 1770//1770
f 1771//1771 1764//1764 1762//1762
f 1772//1772 1765//1765 1763//1763
f 1772//1772 57//57 58//58
f 1772//1772 1763//1763 57//57
f 1773//1773 1766//1766 1771//1771
f 1774//1774 1765//1765 1772//1772
f 1775//1775 1768//1768 1766//1766
f 1775//1775 1106//1106 1768//1768
f 1775//1775 1766//1766 1773//1773
f 1775//1775 1107//1107 1106//1106
f 1776//1776 1769//1769 1767//1767
f 1776//1776 1765//1765 1774//1774
f 1776//1776 1767//1767 1765//1765
f 1777//1777 1769//1769 1776//1776
f 1778//1778 1770//1770 1769//1769
f 1778//1778 1771//1771 1770//1770
f 1778//1778 1769//1769 1777//1777
f 1779//1779 1772//1772 58//58
f 1779//1779 1774//1774 1772//1772
f 1780//1780 1773//1773 1771//1771
f 1780//1780 1771//1771 1778//1778
f 1781//1781 1774//1774 1779//1779
f 1782//1782 1773//1773 1780//1780
f 1783//1783 1777//1777 1776//1776
f 1783//1783 1774//1774 1781//1781
f 1783//1783 1776//1776 1774//1774
f 1784//1784 1775//1775 1773//1773
f 1784//1784 1107//1107 1775//1775
f 1784//1784 1773//1773 1782//1782
f 1785//1785 1777//1777 1783//1783
f 1786//1786 1778//1778 1777//1777
f 1786//1786 1777//1777 1785//1785
f 1787//1787 1780//1780 1778//1778
f 1787//1787 1782//1782 1780//1780
f 1787//1787 1778//1778 1786//1786
f 1788//1788 1779//1779 58//58
f 1788//1788 58//58 59//59
f 1789//1789 1782//1782 1787//1787
f 1790//1790 1779//1779 1788//1788
f 1790//1790 1781//1781 1779//1779
f 1791//1791 1108//1108 1107//1107
f 1791//1791 1107//1107 1784//1784
f 1791//1791 1784//1784 1782//1782
f 1791//1791 1782//1782 1789//1789
f 1792//1792 1783//1783 1781//1781
f 1792//1792 1781//1781 1790//1790
f 1793//1793 1783//1783 1792//1792
f 1793//1793 1785//1785 1783//1783
f 1794//1794 1788//1788 59//59
f 1794//1794 1790//1790 1788//1788
f 1795//1795 1785//1785 1793//1793
f 1795//1795 1786//1786 1785//1785
f 1796//1796 1790//1790 1794//1794
f 1797//1797 1786//1786 1795//1795
f 1797//1797 1787//1787 1786//1786
f 1798//1798 1793//1793 1792//1792
f 1798//1798 1790//1790 1796//1796
f 1798//1798 1792//1792 1790//1790
f 1799//1799 1787//1787 1797//1797
f 1799//1799 1789//1789 1787//1787
f 1800//1800 1793//1793 1798//1798
f 1801//1801 1791//1791 1789//1789
f 1801//1801 1789//1789 1799//1799
f 1801//1801 1108//1108 1791//1791
f 1802//1802 1797//1797 1795//1795
f 1802//1802 1793//1793 1800//1800
f 1802//1802 1795//1795 1793//1793
f 1803//1803 1797//1797 1802//1802
f 1804//1804 1794//1794 59//59
f 1804//1804 59//59 60//60
f 1805//1805 1799//1799 1797//1797
f 1805//1805 1797//1797 1803//1803
f 1806//1806 1796//1796 1794//1794
f 1806//1806 1794//1794 1804//1804
f 1807//1807 1801//1801 1799//1799
f 1807//1807 1108//1108 1801//1801
f 1807//1807 1799//1799 1805//1805
f 1807//1807 1109//1109 1108//1108
f 1808//1808 1798//1798 1796//1796
f 1808//1808 1796//1796 1806//1806
f 1809//1809 1798//1798 1808//1808
f 1809//1809 1800//1800 1798//1798
f 1810//1810 1804//1804 60//60
f 1810//1810 1806//1806 1804//1804
f 1811//1811 1802//1802 1800//1800
f 1811//1811 1800//1800 1809//1809
f 1812//1812 1806//1806 1810//1810
f 1813//1813 1803//1803 1802//1802
f 1813//1813 1802//1802 1811//1811
f 1814//1814 1806//1806 1812//1812
f 1814//1814 1808//1808 1806//1806
f 1814//1814 1809//1809 1808//1808
f 1815//1815 1805//1805 1803//1803
f 1815//1815 1803//1803 1813//1813
f 1816//1816 1809//1809 1814//1814
f 1817//1817 1807//1807 1805//1805
f 1817//1817 1109//1109 1807//1807
f 1817//1817 1805//1805 1815//1815
f 1818//1818 1811//1811 1809//1809
f 1818//1818 1813//1813 1811//1811
f 1818//1818 1809//1809 1816//1816
f 1819//1819 1815//1815 1813//1813
f 1819//1819 1813//1813 1818//1818
f 1820//1820 1815//1815 1819//1819
f 1821//1821 1810//1810 60//60
f 1821//1821 1812//1812 1810//1810
f 1821//1821 60//60 61//61
f 1822//1822 1110//1110 1109//1109
f 1822//1822 1109//1109 1817//1817
f 1822//1822 1817//1817 1815//1815
f 1822//1822 1815//1815 1820//1820
f 1823//1823 1812//1812 1821//1821
f 1823//1823 1814//1814 1812//1812
f 1824//1824 1816//1816 1814//1814
f 1824//1824 1814//1814 1823//1823
f 1825//1825 1816//1816 1824//1824
f 1826//1826 1821//1821 61//61
f 1827//1827 1818//1818 1816//1816
f 1827//1827 1816//1816 1825//1825
f 1828//1828 1823//1823 1821//1821
f 1828//1828 1821//1821 1826//1826
f 1829//1829 1818//1818 1827//1827
f 1829//1829 1819//1819 1818//1818
f 1829//1829 1820//1820 1819//1819
f 1830//1830 1823//1823 1828//1828
f 1830//1830 1824//1824 1823//1823
f 1831//1831 1820//1820 1829//1829
f 1832//1832 1827//1827 1825//1825
f 1832//1832 1824//1824 1830//1830
f 1832//1832 1825//1825 1824//1824
f 1833//1833 1820//1820 1831//1831
f 1833//1833 1110//1110 1822//1822
f 1833//1833 1822//1822 1820//1820
f 1834//1834 1827//1827 1832//1832
f 1835//1835 1829//1829 1827//1827
f 1835//1835 1827//1827 1834//1834
f 1836//1836 1831//1831 1829//1829
f 1836//1836 1829//1829 1835//1835
f 1837//1837 1828//1828 1826//1826
f 1837//1837 1826//1826 61//61
f 1837//1837 61//61 62//62
f 1838//1838 1833//1833 1831//1831
f 1838//1838 1110//1110 1833//1833
f 1838//1838 1831//1831 1836//1836
f 1838//1838 1111//1111 1110//1110
f 1839//1839 1828//1828 1837//1837
f 1840//1840 1830//1830 1828//1828
f 1840//1840 1832//1832 1830//1830
f 1840//1840 1828//1828 1839//1839
f 1841//1841 1837//1837 62//62
f 1842//1842 1832//1832 1840//1840
f 1843//1843 1837//1837 1841//1841
f 1843//1843 1839//1839 1837//1837
f 1844//1844 1832//1832 1842//1842
f 1844//1844 1834//1834 1832//1832
f 1845//1845 1839//1839 1843//1843
f 1845//1845 1840//1840 1839//1839
f 1846//1846 1835//1835 1834//1834
f 1846//1846 1834//1834 1844//1844
f 1847//1847 1842//1842 1840//1840
f 1847//1847 1840//1840 1845//1845
f 1848//1848 1836//1836 1835//1835
f 1848//1848 1835//1835 1846//1846
f 1849//1849 1844//1844 1842//1842
f 1849//1849 1842//1842 1847//1847
f 1850//1850 1838//1838 1836//1836
f 1850//1850 1111//1111 1838//1838
f 1850//1850 1836//1836 1848//1848
f 1851//1851 1846//1846 1844//1844
f 1851//1851 1844//1844 1849//1849
f 1852//1852 1848//1848 1846//1846
f 1852//1852 1846//1846 1851//1851
f 1853//1853 1843//1843 1841//1841
f 1853//1853 1841//1841 62//62
f 1853//1853 62//62 63//63
f 1854//1854 1112//1112 1111//1111
f 1854//1854 1111//1111 1850//1850
f 1854//1854 1850//1850 1848//1848
f 1854//1854 1848//1848 1852//1852
f 1855//1855 1843//1843 1853//1853
f 1856//1856 1845//1845 1843//1843
f 1856//1856 1843//1843 1855//1855
f 1856//1856 1847//1847 1845//1845
f 1857//1857 1853//1853 63//63
f 1858//1858 1847//1847 1856//1856
f 1859//1859 1855//1855 1853//1853
f 1859//1859 1853//1853 1857//1857
f 1860//1860 1847//1847 1858//1858
f 1860//1860 1849//1849 1847//1847
f 1860//1860 1851//1851 1849//1849
f 1861//1861 1856//1856 1855//1855
f 1861//1861 1855//1855 1859//1859
f 1862//1862 1851//1851 1860//1860
f 1862//1862 1852//1852 1851//1851
f 1863//1863 1856//1856 1861//1861
f 1863//1863 1858//1858 1856//1856
f 1864//1864 1852//1852 1862//1862
f 1865//1865 1858//1858 1863//1863
f 1865//1865 1860//1860 1858//1858
f 1866//1866 1852//1852 1864//1864
f 1866//1866 1112//1112 1854//1854
f 1866//1866 1854//1854 1852//1852
f 1867//1867 1862//1862 1860//1860
f 1867//1867 1860//1860 1865//1865
f 1868//1868 1864//1864 1862//1862
f 1868//1868 1862//1862 1867//1867
f 1869//1869 63//63 64//64
f 1869//1869 1857//1857 63//63
f 1870//1870 1866//1866 1864//1864
f 1870//1870 1112//1112 1866//1866
f 1870//1870 1864//1864 1868//1868
f 1870//1870 1113//1113 1112//1112
f 1871//1871 1859//1859 1857//1857
f 1871//1871 1857//1857 1869//1869
f 1872//1872 1861//1861 1859//1859
f 1872//1872 1859//1859 1871//1871
f 1873//1873 1869//1869 64//64
f 1874//1874 1863//1863 1861//1861
f 1874//1874 1861//1861 1872//1872
f 1875//1875 1869//1869 1873//1873
f 1875//1875 1871//1871 1869//1869
f 1876//1876 1865//1865 1863//1863
f 1876//1876 1863//1863 1874//1874
f 1877//1877 1871//1871 1875//1875
f 1877//1877 1872//1872 1871//1871
f 1877//1877 1874//1874 1872//1872
f 1878//1878 1867//1867 1865//1865
f 1878//1878 1865//1865 1876//1876
f 1879//1879 1874//1874 1877//1877
f 1880//1880 1868//1868 1867//1867
f 1880//1880 1867//1867 1878//1878
f 1881//1881 1876//1876 1874//1874
f 1881//1881 1874//1874 1879//1879
f 1882//1882 1870//1870 1868//1868
f 1882//1882 1113//1113 1870//1870
f 1882//1882 1868//1868 1880//1880
f 1883//1883 1876//1876 1881//1881
f 1883//1883 1878//1878 1876//1876
f 1883//1883 1880//1880 1878//1878
f 1884//1884 1880//1880 1883//1883
f 1885//1885 1114//1114 1113//1113
f 1885//1885 1113//1113 1882//1882
f 1885//1885 1882//1882 1880//1880
f 1885//1885 1880//1880 1884//1884
f 1886//1886 1873//1873 64//64
f 1886//1886 64//64 65//65
f 1887//1887 1875//1875 1873//1873
f 1887//1887 1886//1886 65//65
f 1887//1887 1873//1873 1886//1886
f 1888//1888 1877//1877 1875//1875
f 1888//1888 1875//1875 1887//1887
f 1888//1888 1887//1887 65//65
f 1889//1889 1877//1877 1888//1888
f 1889//1889 1879//1879 1877//1877
f 1889//1889 1888//1888 65//65
f 1890//1890 1881//1881 1879//1879
f 1890//1890 1879//1879 1889//1889
f 1891//1891 1881//1881 1890//1890
f 1891//1891 1883//1883 1881//1881
f 1892//1892 1884//1884 1883//1883
f 1892//1892 1883//1883 1891//1891
f 1893//1893 1114//1114 1885//1885
f 1893//1893 1885//1885 1884//1884
f 1893//1893 1884//1884 1892//1892
f 1894//1894 65//65 66//66
f 1895//1895 65//65 1894//1894
f 1895//1895 1894//1894 66//66
f 1896//1896 65//65 1895//1895
f 1896//1896 1895//1895 66//66
f 1896//1896 1889//1889 65//65
f 1897//1897 1889//1889 1896//1896
f 1897//1897 1890//1890 1889//1889
f 1898//1898 1890//1890 1897//1897
f 1898//1898 1891//1891 1890//1890
f 1899//1899 1892//1892 1891//1891
f 1899//1899 1891//1891 1898//1898
f 1900//1900 1893//1893 1892//1892
f 1900//1900 1892//1892 1899//1899
f 1900//1900 1115//1115 1114//1114
f 1900//1900 1114//1114 1893//1893
f 1901//1901 66//66 67//67
f 1902//1902 1901//1901 67//67
f 1902//1902 66//66 1901//1901
f 1903//1903 1897//1897 1896//1896
f 1903//1903 1902//1902 67//67
f 1903//1903 66//66 1902//1902
f 1903//1903 1896//1896 66//66
f 1904//1904 1897//1897 1903//1903
f 1905//1905 1897//1897 1904//1904
f 1905//1905 1898//1898 1897//1897
f 1906//1906 1899//1899 1898//1898
f 1906//1906 1898//1898 1905//1905
f 1907//1907 1115//1115 1900//1900
f 1907//1907 1899//1899 1906//1906
f 1907//1907 1116//1116 1115//1115
f 1907//1907 1900//1900 1899//1899
f 1908//1908 67//67 68//68
f 1909//1909 67//67 1908//1908
f 1909//1909 1908//1908 68//68
f 1910//1910 1903//1903 67//67
f 1910//1910 1904//1904 1903//1903
f 1910//1910 67//67 1909//1909
f 1911//1911 1904//1904 1910//1910
f 1912//1912 1904//1904 1911//1911
f 1912//1912 1905//1905 1904//1904
f 1913//1913 1905//1905 1912//1912
f 1913//1913 1906//1906 1905//1905
f 1914//1914 1906//1906 1913//1913
f 1914//1914 1907//1907 1906//1906
f 1914//1914 1116//1116 1907//1907
f 1914//1914 1117//1117 1116//1116
f 1915//1915 68//68 69//69
f 1916//1916 1915//1915 69//69
f 1916//1916 68//68 1915//1915
f 1917//1917 68//68 1916//1916
f 1917//1917 1909//1909 68//68
f 1917//1917 1916//1916 69//69
f 1918//1918 1910//1910 1909//1909
f 1918//1918 1909//1909 1917//1917
f 1919//1919 1911//1911 1910//1910
f 1919//1919 1910//1910 1918//1918
f 1920//1920 1912//1912 1911//1911
f 1920//1920 1911//1911 1919//1919
f 1921//1921 1913//1913 1912//1912
f 1921//1921 1912//1912 1920//1920
f 1922//1922 1118//1118 1117//1117
f 1922//1922 1914//1914 1913//1913
f 1922//1922 1117//1117 1914//1914
f 1922//1922 1913//1913 1921//1921
f 1923//1923 69//69 70//70
f 1924//1924 1923//1923 70//70
f 1924//1924 69//69 1923//1923
f 1925//1925 1924//1924 70//70
f 1925//1925 1918//1918 1917//1917
f 1925//1925 1917//1917 69//69
f 1925//1925 69//69 1924//1924
f 1926//1926 1918//1918 1925//1925
f 1927//1927 1919//1919 1918//1918
f 1927//1927 1918//1918 1926//1926
f 1928//1928 1919//1919 1927//1927
f 1928//1928 1920//1920 1919//1919
f 1929//1929 1920//1920 1928//1928
f 1929//1929 1921//1921 1920//1920
f 1930//1930 1921//1921 1929//1929
f 1930//1930 1119//1119 1118//1118
f 1930//1930 1118//1118 1922//1922
f 1930//1930 1922//1922 1921//1921
f 1931//1931 70//70 71//71
f 1932//1932 70//70 1931//1931
f 1932//1932 1931//1931 71//71
f 1933//1933 70//70 1932//1932
f 1933//1933 1925//1925 70//70
f 1934//1934 1927//1927 1926//1926
f 1934//1934 1925//1925 1933//1933
f 1934//1934 1926//1926 1925//1925
f 1935//1935 1927//1927 1934//1934
f 1936//1936 1928//1928 1927//1927
f 1936//1936 1927//1927 1935//1935
f 1937//1937 1928//1928 1936//1936
f 1937//1937 1929//1929 1928//1928
f 1938//1938 1930//1930 1929//1929
f 1938//1938 1119//1119 1930//1930
f 1938//1938 1929//1929 1937//1937
f 1938//1938 1120//1120 1119//1119
f 1939//1939 71//71 72//72
f 1940//1940 1932//1932 71//71
f 1940//1940 71//71 1939//1939
f 1940//1940 72//72 1046//1046
f 1940//1940 1939//1939 72//72
f 1941//1941 1940//1940 1046//1046
f 1941//1941 1933//1933 1932//1932
f 1941//1941 1932//1932 1940//1940
f 1941//1941 1046//1046 1047//1047
f 1942//1942 1933//1933 1941//1941
f 1942//1942 1934//1934 1933//1933
f 1942//1942 1941//1941 1047//1047
f 1942//1942 1047//1047 1048//1048
f 1943//1943 1934//1934 1942//1942
f 1943//1943 1935//1935 1934//1934
f 1943//1943 1942//1942 1048//1048
f 1943//1943 1048//1048 1049//1049
f 1944//1944 1936//1936 1935//1935
f 1944//1944 1935//1935 1943//1943
f 1944//1944 1943//1943 1049//1049
f 1944//1944 1049//1049 1050//1050
f 1944//1944 1050//1050 1051//1051
f 1945//1945 1937//1937 1936//1936
f 1945//1945 1936//1936 1944//1944
f 1945//1945 1944//1944 1051//1051
f 1946//1946 1938//1938 1937//1937
f 1946//1946 1120//1120 1938//1938
f 1946//1946 1937//1937 1945//1945
f 1946//1946 1121//1121 1120//1120
f 1946//1946 1053//1053 1121//1121
f 1946//1946 1945//1945 1051//1051
f 1946//1946 1051//1051 1052//1052
f 1946//1946 1052//1052 1053//1053
f 197//197 195//195 194//194
f 197//197 196//196 195//195
f 198//198 197//197 194//194
f 190//190 192//192 191//191
f 190//190 193//193 192//192
f 190//190 194//194 193//193
f 200//200 199//199 198//198
f 187//187 189//189 188//188
f 202//202 201//201 200//200
f 186//186 190//190 189//189
f 186//186 189//189 187//187
f 185//185 190//190 186//186
f 185//185 194//194 190//190
f 185//185 198//198 194//194
f 185//185 200//200 198//198
f 183//183 200//200 185//185
f 183//183 185//185 184//184
f 207//207 206//206 205//205
f 181//181 183//183 182//182
f 180//180 200//200 183//183
f 180//180 183//183 181//181
f 180//180 203//203 202//202
f 180//180 202//202 200//200
f 209//209 208//208 207//207
f 211//211 207//207 205//205
f 211//211 209//209 207//207
f 211//211 204//204 203//203
f 211//211 205//205 204//204
f 211//211 210//210 209//209
f 177//177 179//179 178//178
f 214//214 212//212 211//211
f 214//214 213//213 212//212
f 173//173 175//175 174//174
f 173//173 176//176 175//175
f 172//172 203//203 180//180
f 172//172 179//179 177//177
f 172//172 177//177 176//176
f 172//172 180//180 179//179
f 172//172 214//214 211//211
f 172//172 211//211 203//203
f 172//172 176//176 173//173
f 217//217 216//216 215//215
f 218//218 217//217 215//215
f 218//218 215//215 214//214
f 170//170 172//172 171//171
f 152//152 151//151 219//219
f 167//167 169//169 168//168
f 167//167 170//170 169//169
f 167//167 172//172 170//170
f 153//153 219//219 218//218
f 153//153 152//152 219//219
f 155//155 154//154 153//153
f 155//155 218//218 214//214
f 155//155 153//153 218//218
f 157//157 156//156 155//155
f 162//162 164//164 163//163
f 162//162 165//165 164//164
f 162//162 166//166 165//165
f 162//162 167//167 166//166
f 161//161 167//167 162//162
f 160//160 167//167 161//161
f 160//160 158//158 157//157
f 160//160 159//159 158//158
f 160//160 214//214 172//172
f 160//160 172//172 167//167
f 160//160 155//155 214//214
f 160//160 157//157 155//155
f 1099//1099 1096//1096 1097//1097
f 1099//1099 1097//1097 1098//1098
f 1100//1100 1096//1096 1099//1099
f 1092//1092 1093//1093 1094//1094
f 1092//1092 1094//1094 1095//1095
f 1092//1092 1095//1095 1096//1096
f 1102//1102 1100//1100 1101//1101
f 1089//1089 1090//1090 1091//1091
f 1104//1104 1102//1102 1103//1103
f 1088//1088 1091//1091 1092//1092
f 1088//1088 1089//1089 1091//1091
f 1087//1087 1088//1088 1092//1092
f 1087//1087 1092//1092 1096//1096
f 1087//1087 1096//1096 1100//1100
f 1087//1087 1100//1100 1102//1102
f 1085//1085 1087//1087 1102//1102
f 1085//1085 1086//1086 1087//1087
f 1109//1109 1107//1107 1108//1108
f 1083//1083 1084//1084 1085//1085
f 1082//1082 1085//1085 1102//1102
f 1082//1082 1083//1083 1085//1085
f 1082//1082 1104//1104 1105//1105
f 1082//1082 1102//1102 1104//1104
f 1111//1111 1109//1109 1110//1110
f 1113//1113 1107//1107 1109//1109
f 1113//1113 1109//1109 1111//1111
f 1113//1113 1105//1105 1106//1106
f 1113//1113 1106//1106 1107//1107
f 1113//1113 1111//1111 1112//1112
f 1079//1079 1080//1080 1081//1081
f 1116//1116 1113//1113 1114//1114
f 1116//1116 1114//1114 1115//1115
f 1075//1075 1076//1076 1077//1077
f 1075//1075 1077//1077 1078//1078
f 1074//1074 1082//1082 1105//1105
f 1074//1074 1079//1079 1081//1081
f 1074//1074 1078//1078 1079//1079
f 1074//1074 1081//1081 1082//1082
f 1074//1074 1113//1113 1116//1116
f 1074//1074 1105//1105 1113//1113
f 1074//1074 1075//1075 1078//1078
f 1119//1119 1117//1117 1118//1118
f 1120//1120 1117//1117 1119//1119
f 1120//1120 1116//1116 1117//1117
f 1072//1072 1073//1073 1074//1074
f 1054//1054 1121//1121 1053//1053
f 1069//1069 1070//1070 1071//1071
f 1069//1069 1071//1071 1072//1072
f 1069//1069 1072//1072 1074//1074
f 1055//1055 1120//1120 1121//1121
f 1055//1055 1121//1121 1054//1054
f 1057//1057 1055//1055 1056//1056
f 1057//1057 1116//1116 1120//1120
f 1057//1057 1120//1120 1055//1055
f 1059//1059 1057//1057 1058//1058
f 1064//1064 1065//1065 1066//1066
f 1064//1064 1066//1066 1067//1067
f 1064//1064 1067//1067 1068//1068
f 1064//1064 1068//1068 1069//1069
f 1063//1063 1064//1064 1069//1069
f 1062//1062 1063//1063 1069//1069
f 1062//1062 1059//1059 1060//1060
f 1062//1062 1060//1060 1061//1061
f 1062//1062 1074//1074 1116//1116
f 1062//1062 1069//1069 1074//1074
f 1062//1062 1116//1116 1057//1057
f 1062//1062 1057//1057 1059//1059
o hub
usemtl PLA_8c9199
v 0.00400 0.01000 0.00000
v 0.00394 0.01000 -0.00068
v 0.00377 0.01000 -0.00133
v 0.00349 0.01000 -0.00195
v 0.00311 0.01000 -0.00251
v 0.00264 0.01000 -0.00300
v 0.00210 0.01000 -0.00341
v 0.00149 0.01000 -0.00371
v 0.00084 0.01000 -0.00391
v 0.00017 0.01000 -0.00400
v -0.00051 0.01000 -0.00397
v -0.00117 0.01000 -0.00382
v -0.00180 0.01000 -0.00357
v -0.00238 0.01000 -0.00322
v -0.00289 0.01000 -0.00277
v -0.00331 0.01000 -0.00224
v -0.00364 0.01000 -0.00165
v -0.00387 0.01000 -0.00101
v -0.00399 0.01000 -0.00034
v -0.00399 0.01000 0.00034
v -0.00387 0.01000 0.00101
v -0.00364 0.01000 0.00165
v -0.00331 0.01000 0.00224
v -0.00289 0.01000 0.00277
v -0.00238 0.01000 0.00322
v -0.00180 0.01000 0.00357
v -0.00117 0.01000 0.00382
v -0.00051 0.01000 0.00397
v 0.00017 0.01000 0.00400
v 0.00084 0.01000 0.00391
v 0.00149 0.01000 0.00371
v 0.00210 0.01000 0.00341
v 0.00264 0.01000 0.00300
v 0.00311 0.01000 0.00251
v 0.00349 0.01000 0.00195
v 0.00377 0.01000 0.00133
v 0.00394 0.01000 0.00068
v 0.00400 0.00600 0.00000
v 0.00394 0.00600 -0.00068
v 0.00377 0.00600 -0.00133
v 0.00349 0.00600 -0.00195
v 0.00311 0.00600 -0.00251
v 0.00264 0.00600 -0.00300
v 0.00210 0.00600 -0.00341
v 0.00149 0.00600 -0.00371
v 0.00084 0.00600 -0.00391
v 0.00017 0.00600 -0.00400
v -0.00051 0.00600 -0.00397
v -0.00117 0.00600 -0.00382
v -0.00180 0.00600 -0.00357
v -0.00238 0.00600 -0.00322
v -0.00289 0.00600 -0.00277
v -0.00331 0.00600 -0.00224
v -0.00364 0.00600 -0.00165
v -0.00387 0.00600 -0.00101
v -0.00399 0.00600 -0.00034
v -0.00399 0.00600 0.00034
v -0.00387 0.00600 0.00101
v -0.00364 0.00600 0.00165
v -0.00331 0.00600 0.00224
v -0.00289 0.00600 0.00277
v -0.00238 0.00600 0.00322
v -0.00180 0.00600 0.00357
v -0.00117 0.00600 0.00382
v -0.00051 0.00600 0.00397
v 0.00017 0.00600 0.00400
v 0.00084 0.00600 0.00391
v 0.00149 0.00600 0.00371
v 0.00210 0.00600 0.00341
v 0.00264 0.00600 0.00300
v 0.00311 0.00600 0.00251
v 0.00349 0.00600 0.00195
v 0.00377 0.00600 0.00133
v 0.00394 0.00600 0.00068
vn 1.0000 -0.0000 -0.0000
vn 0.9856 -0.0000 -0.1690
vn 0.9429 -0.0000 -0.3331
vn 0.8730 -0.0000 -0.4877
vn 0.7780 -0.0000 -0.6282
vn 0.6607 -0.0000 -0.7507
vn 0.5243 -0.0000 -0.8515
vn 0.3729 -0.0000 -0.9279
vn 0.2107 -0.0000 -0.9776
vn 0.0424 -0.0000 -0.9991
vn -0.1270 0.0000 -0.9919
vn -0.2928 0.0000 -0.9562
vn -0.4502 0.0000 -0.8929
vn -0.5946 0.0000 -0.8040
vn -0.7220 0.0000 -0.6919
vn -0.8285 0.0000 -0.5600
vn -0.9112 0.0000 -0.4119
vn -0.9677 0.0000 -0.2520
vn -0.9964 0.0000 -0.0848
vn -0.9964 0.0000 0.0848
vn -0.9677 0.0000 0.2520
vn -0.9112 0.0000 0.4119
vn -0.8285 0.0000 0.5600
vn -0.7220 0.0000 0.6919
vn -0.5946 0.0000 0.8040
vn -0.4502 0.0000 0.8929
vn -0.2928 0.0000 0.9562
vn -0.1270 0.0000 0.9919
vn 0.0424 0.0000 0.9991
vn 0.2107 0.0000 0.9776
vn 0.3729 0.0000 0.9279
vn 0.5243 0.0000 0.8515
vn 0.6607 0.0000 0.7507
vn 0.7780 0.0000 0.6282
vn 0.8730 0.0000 0.4877
vn 0.9429 0.0000 0.3331
vn 0.9856 0.0000 0.1690
vn 1.0000 -0.0000 -0.0000
vn 0.9856 -0.0000 -0.1690
vn 0.9429 -0.0000 -0.3331
vn 0.8730 -0.0000 -0.4877
vn 0.7780 -0.0000 -0.6282
vn 0.6607 -0.0000 -0.7507
vn 0.5243 -0.0000 -0.8515
vn 0.3729 -0.0000 -0.9279
vn 0.2107 -0.0000 -0.9776
vn 0.0424 -0.0000 -0.9991
vn -0.1270 0.0000 -0.9919
vn -0.2928 0.0000 -0.9562
vn -0.4502 0.0000 -0.8929
vn -0.5946 0.0000 -0.8040
vn -0.7220 0.0000 -0.6919
vn -0.8285 0.0000 -0.5600
vn -0.9112 0.0000 -0.4119
vn -0.9677 0.0000 -0.2520
vn -0.9964 0.0000 -0.0848
vn -0.9964 0.0000 0.0848
vn -0.9677 0.0000 0.2520
vn -0.9112 0.0000 0.4119
vn -0.8285 0.0000 0.5600
vn -0.7220 0.0000 0.6919
vn -0.5946 0.0000 0.8040
vn -0.4502 0.0000 0.8929
vn -0.2928 0.0000 0.9562
vn -0.1270 0.0000 0.9919
vn 0.0424 0.0000 0.9991
vn 0.2107 0.0000 0.9776
vn 0.3729 0.0000 0.9279
vn 0.5243 0.0000 0.8515
vn 0.6607 0.0000 0.7507
vn 0.7780 0.0000 0.6282
vn 0.8730 0.0000 0.4877
vn 0.9429 0.0000 0.3331
vn 0.9856 0.0000 0.1690
f 1948//1948 1947//1947 1984//1984
f 1948//1948 1984//1984 1985//1985
f 1949//1949 1985//1985 1986//1986
f 1949//1949 1948//1948 1985//1985
f 1950//1950 1986//1986 1987//1987
f 1950//1950 1949//1949 1986//1986
f 1951//1951 1987//1987 1988//1988
f 1951//1951 1950//1950 1987//1987
f 1952//1952 1988//1988 1989//1989
f 1952//1952 1951//1951 1988//1988
f 1953//1953 1952//1952 1989//1989
f 1953//1953 1989//1989 1990//1990
f 1954//1954 1953//1953 1990//1990
f 1954//1954 1990//1990 1991//1991
f 1955//1955 1954//1954 1991//1991
f 1955//1955 1991//1991 1992//1992
f 1956//1956 1955//1955 1992//1992
f 1956//1956 1992//1992 1993//1993
f 1957//1957 1956//1956 1993//1993
f 1957//1957 1993//1993 1994//1994
f 1957//1957 1994//1994 1995//1995
f 1958//1958 1957//1957 1995//1995
f 1959//1959 1958//1958 1995//1995
f 1959//1959 1995//1995 1996//1996
f 1959//1959 1996//1996 1997//1997
f 1960//1960 1959//1959 1997//1997
f 1961//1961 1960//1960 1997//1997
f 1961//1961 1997//1997 1998//1998
f 1961//1961 1998//1998 1999//1999
f 1962//1962 1961//1961 1999//1999
f 1963//1963 1962//1962 1999//1999
f 1963//1963 1999//1999 2000//2000
f 1964//1964 1963//1963 2000//2000
f 1964//1964 2000//2000 2001//2001
f 1965//1965 1964//1964 2001//2001
f 1965//1965 2001//2001 2002//2002
f 1965//1965 2002//2002 2003//2003
f 1966//1966 1965//1965 2003//2003
f 1967//1967 1966//1966 2003//2003
f 1967//1967 2003//2003 2004//2004
f 1967//1967 2004//2004 2005//2005
f 1968//1968 1967//1967 2005//2005
f 1969//1969 2005//2005 2006//2006
f 1969//1969 2006//2006 2007//2007
f 1969//1969 1968//1968 2005//2005
f 1970//1970 1969//1969 2007//2007
f 1971//1971 2007//2007 2008//2008
f 1971//1971 1970//1970 2007//2007
f 1972//1972 2008//2008 2009//2009
f 1972//1972 2009//2009 2010//2010
f 1972//1972 1971//1971 2008//2008
f 1973//1973 1972//1972 2010//2010
f 1974//1974 2010//2010 2011//2011
f 1974//1974 1973//1973 2010//2010
f 1975//1975 2011//2011 2012//2012
f 1975//1975 2012//2012 2013//2013
f 1975//1975 1974//1974 2011//2011
f 1976//1976 1975//1975 2013//2013
f 1977//1977 2013//2013 2014//2014
f 1977//1977 1976//1976 2013//2013
f 1978//1978 1977//1977 2014//2014
f 1978//1978 2014//2014 2015//2015
f 1979//1979 1978//1978 2015//2015
f 1979//1979 2015//2015 2016//2016
f 1980//1980 1979//1979 2016//2016
f 1980//1980 2016//2016 2017//2017
f 1980//1980 2017//2017 2018//2018
f 1981//1981 1980//1980 2018//2018
f 1982//1982 1981//1981 2018//2018
f 1982//1982 2018//2018 2019//2019
f 1982//1982 2019//2019 2020//2020
f 1983//1983 1982//1982 2020//2020
f 1947//1947 1983//1983 2020//2020
f 1947//1947 2020//2020 1984//1984
f 1966//1966 1967//1967 1968//1968
f 1966//1966 1968//1968 1969//1969
f 1975//1975 1972//1972 1973//1973
f 1975//1975 1973//1973 1974//1974
f 1964//1964 1965//1965 1966//1966
f 1964//1964 1969//1969 1970//1970
f 1964//1964 1970//1970 1971//1971
f 1964//1964 1971//1971 1972//1972
f 1964//1964 1966//1966 1969//1969
f 1977//1977 1975//1975 1976//1976
f 1979//1979 1977//1977 1978//1978
f 1979//1979 1975//1975 1977//1977
f 1960//1960 1961//1961 1962//1962
f 1960//1960 1962//1962 1963//1963
f 1981//1981 1979//1979 1980//1980
f 1959//1959 1960//1960 1963//1963
f 1958//1958 1959//1959 1963//1963
f 1957//1957 1963//1963 1964//1964
f 1957//1957 1958//1958 1963//1963
f 1947//1947 1981//1981 1982//1982
f 1947//1947 1982//1982 1983//1983
f 1947//1947 1979//1979 1981//1981
f 1955//1955 1956//1956 1957//1957
f 1955//1955 1972//1972 1975//1975
f 1955//1955 1964//1964 1972//1972
f 1955//1955 1975//1975 1979//1979
f 1955//1955 1957//1957 1964//1964
f 1955//1955 1979//1979 1947//1947
f 1951//1951 1948//1948 1949//1949
f 1951//1951 1949//1949 1950//1950
f 1952//1952 1947//1947 1948//1948
f 1952//1952 1953//1953 1954//1954
f 1952//1952 1954//1954 1955//1955
f 1952//1952 1948//1948 1951//1951
f 1952//1952 1955//1955 1947//1947
f 2003//2003 2005//2005 2004//2004
f 2003//2003 2006//2006 2005//2005
f 2012//2012 2010//2010 2009//2009
f 2012//2012 2011//2011 2010//2010
f 2001//2001 2003//2003 2002//2002
f 2001//2001 2007//2007 2006//2006
f 2001//2001 2008//2008 2007//2007
f 2001//2001 2009//2009 2008//2008
f 2001//2001 2006//2006 2003//2003
f 2014//2014 2013//2013 2012//2012
f 2016//2016 2015//2015 2014//2014
f 2016//2016 2014//2014 2012//2012
f 1997//1997 1999//1999 1998//1998
f 1997//1997 2000//2000 1999//1999
f 2018//2018 2017//2017 2016//2016
f 1996//1996 2000//2000 1997//1997
f 1995//1995 2000//2000 1996//1996
f 1994//1994 2001//2001 2000//2000
f 1994//1994 2000//2000 1995//1995
f 1984//1984 2019//2019 2018//2018
f 1984//1984 2020//2020 2019//2019
f 1984//1984 2018//2018 2016//2016
f 1992//1992 1994//1994 1993//1993
f 1992//1992 2012//2012 2009//2009
f 1992//1992 2009//2009 2001//2001
f 1992//1992 2016//2016 2012//2012
f 1992//1992 2001//2001 1994//1994
f 1992//1992 1984//1984 2016//2016
f 1988//1988 1986//1986 1985//1985
f 1988//1988 1987//1987 1986//1986
f 1989//1989 1985//1985 1984//1984
f 1989//1989 1991//1991 1990//1990
f 1989//1989 1992//1992 1991//1991
f 1989//1989 1988//1988 1985//1985
f 1989//1989 1984//1984 1992//1992
o index_mark
usemtl PLA_f29933
v 0.00900 0.00600 0.00100
v 0.00900 0.00620 0.00100
v 0.00900 0.00600 -0.00100
v 0.00900 0.00620 -0.00100
v 0.01400 0.00600 0.00100
v 0.01400 0.00620 0.00100
v 0.01400 0.00600 -0.00100
v 0.01400 0.00620 -0.00100
vn -1.0000 0.0000 0.0000
vn -1.0000 0.0000 0.0000
vn -1.0000 0.0000 0.0000
vn -1.0000 0.0000 0.0000
vn 1.0000 -0.0000 -0.0000
vn 1.0000 -0.0000 -0.0000
vn 1.0000 -0.0000 -0.0000
vn 1.0000 -0.0000 -0.0000
f 2022//2022 2023//2023 2021//2021
f 2022//2022 2024//2024 2023//2023
f 2026//2026 2025//2025 2027//2027
f 2026//2026 2027//2027 2028//2028
f 2026//2026 2021//2021 2025//2025
f 2026//2026 2022//2022 2021//2021
f 2028//2028 2027//2027 2023//2023
f 2028//2028 2023//2023 2024//2024
f 2027//2027 2021//2021 2023//2023
f 2027//2027 2025//2025 2021//2021
f 2028//2028 2024//2024 2022//2022
f 2028//2028 2022//2022 2026//2026
