# robocad OBJ
mtllib pin_base.mtl
o base
usemtl PLA_3375b7
v -0.05000 -0.00520 0.02420
v -0.05000 0.00520 0.02420
v -0.05000 -0.00520 -0.02420
v -0.05000 0.00520 -0.02420
v -0.04999 -0.00520 0.02434
v -0.04995 -0.00520 0.02447
v -0.04989 -0.00520 0.02460
v -0.04981 -0.00520 0.02471
v -0.04971 -0.00520 0.02481
v -0.04960 -0.00520 0.02489
v -0.04947 -0.00520 0.02495
v -0.04934 -0.00520 0.02499
v -0.04920 -0.00520 0.02500
v -0.04920 0.00520 0.02500
v -0.04999 0.00520 0.02434
v -0.04995 0.00520 0.02447
v -0.04989 0.00520 0.02460
v -0.04981 0.00520 0.02471
v -0.04971 0.00520 0.02481
v -0.04960 0.00520 0.02489
v -0.04947 0.00520 0.02495
v -0.04934 0.00520 0.02499
v -0.04920 -0.00600 0.02420
v -0.04934 -0.00599 0.02420
v -0.04947 -0.00595 0.02420
v -0.04960 -0.00589 0.02420
v -0.04971 -0.00581 0.02420
v -0.04981 -0.00571 0.02420
v -0.04989 -0.00560 0.02420
v -0.04995 -0.00547 0.02420
v -0.04999 -0.00534 0.02420
v -0.04920 -0.00600 -0.02420
v -0.04934 -0.00599 -0.02420
v -0.04947 -0.00595 -0.02420
v -0.04960 -0.00589 -0.02420
v -0.04971 -0.00581 -0.02420
v -0.04981 -0.00571 -0.02420
v -0.04989 -0.00560 -0.02420
v -0.04995 -0.00547 -0.02420
v -0.04999 -0.00534 -0.02420
v -0.04920 0.00600 0.02420
v -0.04934 0.00599 0.02420
v -0.04947 0.00595 0.02420
v -0.04960 0.00589 0.02420
v -0.04971 0.00581 0.02420
v -0.04981 0.00571 0.02420
v -0.04989 0.00560 0.02420
v -0.04995 0.00547 0.02420
v -0.04999 0.00534 0.02420
v -0.04920 0.00600 -0.02420
v -0.04999 0.00534 -0.02420
v -0.04995 0.00547 -0.02420
v -0.04989 0.00560 -0.02420
v -0.04981 0.00571 -0.02420
v -0.04971 0.00581 -0.02420
v -0.04960 0.00589 -0.02420
v -0.04947 0.00595 -0.02420
v -0.04934 0.00599 -0.02420
v -0.04999 -0.00520 -0.02433
v -0.04996 -0.00520 -0.02445
v -0.04991 -0.00520 -0.02456
v -0.04985 -0.00520 -0.02467
v -0.04977 -0.00520 -0.02477
v -0.04967 -0.00520 -0.02485
v -0.04956 -0.00520 -0.02491
v -0.04945 -0.00520 -0.02496
v -0.04933 -0.00520 -0.02499
v -0.04920 -0.00520 -0.02500
v -0.04920 0.00520 -0.02500
v -0.04934 0.00520 -0.02499
v -0.04947 0.00520 -0.02495
v -0.04960 0.00520 -0.02489
v -0.04971 0.00520 -0.02481
v -0.04981 0.00520 -0.02471
v -0.04989 0.00520 -0.02460
v -0.04995 0.00520 -0.02447
v -0.04999 0.00520 -0.02434
v -0.04920 -0.00599 0.02434
v -0.04920 -0.00595 0.02447
v -0.04920 -0.00589 0.02460
v -0.04920 -0.00581 0.02471
v -0.04920 -0.00571 0.02481
v -0.04920 -0.00560 0.02489
v -0.04920 -0.00547 0.02495
v -0.04920 -0.00534 0.02499
v -0.04938 -0.00598 0.02422
v -0.04937 -0.00598 0.02426
v -0.04935 -0.00598 0.02429
v -0.04954 -0.00592 0.02428
v -0.04933 -0.00598 0.02433
v -0.04951 -0.00592 0.02435
v -0.04970 -0.00583 0.02426
v -0.04929 -0.00598 0.02435
v -0.04947 -0.00592 0.02442
v -0.04967 -0.00583 0.02436
v -0.04926 -0.00598 0.02437
v -0.04942 -0.00592 0.02447
v -0.04962 -0.00583 0.02447
v -0.04981 -0.00570 0.02434
v -0.04922 -0.00598 0.02438
v -0.04935 -0.00592 0.02451
v -0.04955 -0.00583 0.02455
v -0.04976 -0.00570 0.02447
v -0.04992 -0.00555 0.02428
v -0.04928 -0.00592 0.02454
v -0.04947 -0.00583 0.02462
v -0.04969 -0.00570 0.02459
v -0.04988 -0.00555 0.02444
v -0.04936 -0.00583 0.02467
v -0.04959 -0.00570 0.02469
v -0.04981 -0.00555 0.02458
v -0.04996 -0.00538 0.02437
v -0.04926 -0.00583 0.02470
v -0.04947 -0.00570 0.02476
v -0.04971 -0.00555 0.02471
v -0.04990 -0.00538 0.02454
v -0.04934 -0.00570 0.02481
v -0.04958 -0.00555 0.02481
v -0.04981 -0.00538 0.02469
v -0.04944 -0.00555 0.02488
v -0.04969 -0.00538 0.02481
v -0.04928 -0.00555 0.02492
v -0.04954 -0.00538 0.02490
v -0.04937 -0.00538 0.02496
v -0.04920 0.00599 0.02434
v -0.04920 0.00595 0.02447
v -0.04920 0.00589 0.02460
v -0.04920 0.00581 0.02471
v -0.04920 0.00571 0.02481
v -0.04920 0.00560 0.02489
v -0.04920 0.00547 0.02495
v -0.04920 0.00534 0.02499
v -0.04938 0.00598 0.02422
v -0.04937 0.00598 0.02426
v -0.04935 0.00598 0.02429
v -0.04954 0.00592 0.02428
v -0.04933 0.00598 0.02433
v -0.04951 0.00592 0.02435
v -0.04970 0.00583 0.02426
v -0.04929 0.00598 0.02435
v -0.04947 0.00592 0.02442
v -0.04967 0.00583 0.02436
v -0.04926 0.00598 0.02437
v -0.04942 0.00592 0.02447
v -0.04962 0.00583 0.02447
v -0.04981 0.00570 0.02434
v -0.04922 0.00598 0.02438
v -0.04935 0.00592 0.02451
v -0.04955 0.00583 0.02455
v -0.04976 0.00570 0.02447
v -0.04992 0.00555 0.02428
v -0.04928 0.00592 0.02454
v -0.04947 0.00583 0.02462
v -0.04969 0.00570 0.02459
v -0.04988 0.00555 0.02444
v -0.04936 0.00583 0.02467
v -0.04959 0.00570 0.02469
v -0.04981 0.00555 0.02458
v -0.04996 0.00538 0.02437
v -0.04926 0.00583 0.02470
v -0.04947 0.00570 0.02476
v -0.04971 0.00555 0.02471
v -0.04990 0.00538 0.02454
v -0.04934 0.00570 0.02481
v -0.04958 0.00555 0.02481
v -0.04981 0.00538 0.02469
v -0.04944 0.00555 0.02488
v -0.04969 0.00538 0.02481
v -0.04928 0.00555 0.02492
v -0.04954 0.00538 0.02490
v -0.04937 0.00538 0.02496
v 0.04920 0.00520 0.02500
v 0.04920 -0.00520 0.02500
v 0.04920 -0.00600 0.02420
v 0.04920 -0.00600 -0.02420
v 0.00235 -0.00600 -0.00000
v 0.00231 -0.00600 -0.00041
v 0.00221 -0.00600 -0.00080
v 0.00204 -0.00600 -0.00117
v 0.00180 -0.00600 -0.00151
v 0.00151 -0.00600 -0.00180
v 0.00118 -0.00600 -0.00204
v 0.00080 -0.00600 -0.00221
v 0.00041 -0.00600 -0.00231
v 0.00000 -0.00600 -0.00235
v -0.00041 -0.00600 -0.00231
v -0.00080 -0.00600 -0.00221
v -0.00117 -0.00600 -0.00204
v -0.00151 -0.00600 -0.00180
v -0.00180 -0.00600 -0.00151
v -0.00204 -0.00600 -0.00118
v -0.00221 -0.00600 -0.00080
v -0.00231 -0.00600 -0.00041
v -0.00235 -0.00600 -0.00000
v -0.00231 -0.00600 0.00041
v -0.00221 -0.00600 0.00080
v -0.00204 -0.00600 0.00117
v -0.00180 -0.00600 0.00151
v -0.00151 -0.00600 0.00180
v -0.00118 -0.00600 0.00204
v -0.00080 -0.00600 0.00221
v -0.00041 -0.00600 0.00231
v -0.00000 -0.00600 0.00235
v 0.00041 -0.00600 0.00231
v 0.00080 -0.00600 0.00221
v 0.00117 -0.00600 0.00204
v 0.00151 -0.00600 0.00180
v 0.00180 -0.00600 0.00151
v 0.00204 -0.00600 0.00118
v 0.00221 -0.00600 0.00080
v 0.00231 -0.00600 0.00041
v -0.04920 -0.00599 -0.02434
v -0.04920 -0.00595 -0.02447
v -0.04920 -0.00589 -0.02460
v -0.04920 -0.00581 -0.02471
v -0.04920 -0.00571 -0.02481
v -0.04920 -0.00560 -0.02489
v -0.04920 -0.00547 -0.02495
v -0.04920 -0.00534 -0.02499
v -0.04938 -0.00598 -0.02422
v -0.04937 -0.00598 -0.02426
v -0.04935 -0.00598 -0.02429
v -0.04954 -0.00592 -0.02428
v -0.04933 -0.00598 -0.02433
v -0.04951 -0.00592 -0.02435
v -0.04970 -0.00583 -0.02426
v -0.04929 -0.00598 -0.02435
v -0.04947 -0.00592 -0.02442
v -0.04967 -0.00583 -0.02436
v -0.04926 -0.00598 -0.02437
v -0.04942 -0.00592 -0.02447
v -0.04962 -0.00583 -0.02447
v -0.04981 -0.00570 -0.02434
v -0.04922 -0.00598 -0.02438
v -0.04935 -0.00592 -0.02451
v -0.04955 -0.00583 -0.02455
v -0.04976 -0.00570 -0.02447
v -0.04992 -0.00555 -0.02428
v -0.04928 -0.00592 -0.02454
v -0.04947 -0.00583 -0.02462
v -0.04969 -0.00570 -0.02459
v -0.04988 -0.00555 -0.02444
v -0.04936 -0.00583 -0.02467
v -0.04959 -0.00570 -0.02469
v -0.04981 -0.00555 -0.02458
v -0.04996 -0.00538 -0.02437
v -0.04926 -0.00583 -0.02470
v -0.04947 -0.00570 -0.02476
v -0.04971 -0.00555 -0.02471
v -0.04990 -0.00538 -0.02454
v -0.04934 -0.00570 -0.02481
v -0.04958 -0.00555 -0.02481
v -0.04981 -0.00538 -0.02469
v -0.04944 -0.00555 -0.02488
v -0.04969 -0.00538 -0.02481
v -0.04928 -0.00555 -0.02492
v -0.04954 -0.00538 -0.02490
v -0.04937 -0.00538 -0.02496
v 0.04920 0.00600 0.02420
v 0.04920 0.00600 -0.02420
v 0.00235 0.00600 -0.00000
v 0.00231 0.00600 -0.00041
v 0.00221 0.00600 -0.00080
v 0.00204 0.00600 -0.00117
v 0.00180 0.00600 -0.00151
v 0.00151 0.00600 -0.00180
v 0.00118 0.00600 -0.00204
v 0.00080 0.00600 -0.00221
v 0.00041 0.00600 -0.00231
v 0.00000 0.00600 -0.00235
v -0.00041 0.00600 -0.00231
v -0.00080 0.00600 -0.00221
v -0.00117 0.00600 -0.00204
v -0.00151 0.00600 -0.00180
v -0.00180 0.00600 -0.00151
v -0.00204 0.00600 -0.00118
v -0.00221 0.00600 -0.00080
v -0.00231 0.00600 -0.00041
v -0.00235 0.00600 -0.00000
v -0.00231 0.00600 0.00041
v -0.00221 0.00600 0.00080
v -0.00204 0.00600 0.00117
v -0.00180 0.00600 0.00151
v -0.00151 0.00600 0.00180
v -0.00118 0.00600 0.00204
v -0.00080 0.00600 0.00221
v -0.00041 0.00600 0.00231
v -0.00000 0.00600 0.00235
v 0.00041 0.00600 0.00231
v 0.00080 0.00600 0.00221
v 0.00117 0.00600 0.00204
v 0.00151 0.00600 0.00180
v 0.00180 0.00600 0.00151
v 0.00204 0.00600 0.00118
v 0.00221 0.00600 0.00080
v 0.00231 0.00600 0.00041
v -0.04920 0.00534 -0.02499
v -0.04920 0.00547 -0.02495
v -0.04920 0.00560 -0.02489
v -0.04920 0.00571 -0.02481
v -0.04920 0.00581 -0.02471
v -0.04920 0.00589 -0.02460
v -0.04920 0.00595 -0.02447
v -0.04920 0.00599 -0.02434
v -0.04938 0.00522 -0.02498
v -0.04937 0.00526 -0.02498
v -0.04935 0.00529 -0.02498
v -0.04954 0.00528 -0.02492
v -0.04933 0.00533 -0.02498
v -0.04951 0.00535 -0.02492
v -0.04970 0.00526 -0.02483
v -0.04929 0.00535 -0.02498
v -0.04947 0.00542 -0.02492
v -0.04967 0.00536 -0.02483
v -0.04926 0.00537 -0.02498
v -0.04942 0.00547 -0.02492
v -0.04962 0.00547 -0.02483
v -0.04981 0.00534 -0.02470
v -0.04922 0.00538 -0.02498
v -0.04935 0.00551 -0.02492
v -0.04955 0.00555 -0.02483
v -0.04976 0.00547 -0.02470
v -0.04992 0.00528 -0.02455
v -0.04928 0.00554 -0.02492
v -0.04947 0.00562 -0.02483
v -0.04969 0.00559 -0.02470
v -0.04988 0.00544 -0.02455
v -0.04936 0.00567 -0.02483
v -0.04959 0.00569 -0.02470
v -0.04981 0.00558 -0.02455
v -0.04996 0.00537 -0.02438
v -0.04926 0.00570 -0.02483
v -0.04947 0.00576 -0.02470
v -0.04971 0.00571 -0.02455
v -0.04990 0.00554 -0.02438
v -0.04934 0.00581 -0.02470
v -0.04958 0.00581 -0.02455
v -0.04981 0.00569 -0.02438
v -0.04944 0.00588 -0.02455
v -0.04969 0.00581 -0.02438
v -0.04928 0.00592 -0.02455
v -0.04954 0.00590 -0.02438
v -0.04937 0.00596 -0.02438
v 0.04920 0.00520 -0.02500
v 0.04920 -0.00520 -0.02500
v 0.04920 -0.00534 0.02499
v 0.04920 -0.00547 0.02495
v 0.04920 -0.00560 0.02489
v 0.04920 -0.00571 0.02481
v 0.04920 -0.00581 0.02471
v 0.04920 -0.00589 0.02460
v 0.04920 -0.00595 0.02447
v 0.04920 -0.00599 0.02434
v 0.04920 0.00599 0.02434
v 0.04920 0.00595 0.02447
v 0.04920 0.00589 0.02460
v 0.04920 0.00581 0.02471
v 0.04920 0.00571 0.02481
v 0.04920 0.00560 0.02489
v 0.04920 0.00547 0.02495
v 0.04920 0.00534 0.02499
v 0.05000 -0.00520 0.02420
v 0.04999 -0.00520 0.02434
v 0.04995 -0.00520 0.02447
v 0.04989 -0.00520 0.02460
v 0.04981 -0.00520 0.02471
v 0.04971 -0.00520 0.02481
v 0.04960 -0.00520 0.02489
v 0.04947 -0.00520 0.02495
v 0.04934 -0.00520 0.02499
v 0.05000 0.00520 0.02420
v 0.04934 0.00520 0.02499
v 0.04947 0.00520 0.02495
v 0.04960 0.00520 0.02489
v 0.04971 0.00520 0.02481
v 0.04981 0.00520 0.02471
v 0.04989 0.00520 0.02460
v 0.04995 0.00520 0.02447
v 0.04999 0.00520 0.02434
v 0.04920 -0.00534 -0.02499
v 0.04920 -0.00547 -0.02495
v 0.04920 -0.00560 -0.02489
v 0.04920 -0.00571 -0.02481
v 0.04920 -0.00581 -0.02471
v 0.04920 -0.00589 -0.02460
v 0.04920 -0.00595 -0.02447
v 0.04920 -0.00599 -0.02434
v 0.04999 -0.00534 0.02420
v 0.04995 -0.00547 0.02420
v 0.04989 -0.00560 0.02420
v 0.04981 -0.00571 0.02420
v 0.04971 -0.00581 0.02420
v 0.04960 -0.00589 0.02420
v 0.04947 -0.00595 0.02420
v 0.04934 -0.00599 0.02420
v 0.05000 -0.00520 -0.02420
v 0.04999 -0.00534 -0.02420
v 0.04995 -0.00547 -0.02420
v 0.04989 -0.00560 -0.02420
v 0.04981 -0.00571 -0.02420
v 0.04971 -0.00581 -0.02420
v 0.04960 -0.00589 -0.02420
v 0.04947 -0.00595 -0.02420
v 0.04934 -0.00599 -0.02420
v 0.00221 -0.00599 -0.00000
v 0.00208 -0.00595 -0.00000
v 0.00195 -0.00589 -0.00000
v 0.00184 -0.00581 -0.00000
v 0.00174 -0.00571 -0.00000
v 0.00166 -0.00560 -0.00000
v 0.00160 -0.00547 -0.00000
v 0.00156 -0.00534 -0.00000
v 0.00155 -0.00520 -0.00000
v 0.00153 -0.00520 -0.00027
v 0.00146 -0.00520 -0.00053
v 0.00134 -0.00520 -0.00077
v 0.00119 -0.00520 -0.00100
v 0.00100 -0.00520 -0.00119
v 0.00078 -0.00520 -0.00134
v 0.00053 -0.00520 -0.00146
v 0.00027 -0.00520 -0.00153
v 0.00000 -0.00520 -0.00155
v -0.00027 -0.00520 -0.00153
v -0.00053 -0.00520 -0.00146
v -0.00077 -0.00520 -0.00134
v -0.00100 -0.00520 -0.00119
v -0.00119 -0.00520 -0.00100
v -0.00134 -0.00520 -0.00078
v -0.00146 -0.00520 -0.00053
v -0.00153 -0.00520 -0.00027
v -0.00155 -0.00520 -0.00000
v -0.00153 -0.00520 0.00027
v -0.00146 -0.00520 0.00053
v -0.00134 -0.00520 0.00077
v -0.00119 -0.00520 0.00100
v -0.00100 -0.00520 0.00119
v -0.00078 -0.00520 0.00134
v -0.00053 -0.00520 0.00146
v -0.00027 -0.00520 0.00153
v -0.00000 -0.00520 0.00155
v 0.00027 -0.00520 0.00153
v 0.00053 -0.00520 0.00146
v 0.00077 -0.00520 0.00134
v 0.00100 -0.00520 0.00119
v 0.00119 -0.00520 0.00100
v 0.00134 -0.00520 0.00078
v 0.00146 -0.00520 0.00053
v 0.00153 -0.00520 0.00027
v 0.00218 -0.00599 -0.00038
v 0.00204 -0.00595 -0.00036
v 0.00192 -0.00589 -0.00034
v 0.00208 -0.00599 -0.00076
v 0.00181 -0.00581 -0.00032
v 0.00195 -0.00595 -0.00071
v 0.00171 -0.00571 -0.00030
v 0.00183 -0.00589 -0.00067
v 0.00191 -0.00599 -0.00111
v 0.00163 -0.00560 -0.00029
v 0.00173 -0.00581 -0.00063
v 0.00180 -0.00595 -0.00104
v 0.00157 -0.00547 -0.00028
v 0.00163 -0.00571 -0.00059
v 0.00169 -0.00589 -0.00097
v 0.00154 -0.00534 -0.00027
v 0.00169 -0.00599 -0.00142
v 0.00156 -0.00560 -0.00057
v 0.00159 -0.00581 -0.00092
v 0.00159 -0.00595 -0.00133
v 0.00150 -0.00547 -0.00055
v 0.00150 -0.00571 -0.00087
v 0.00149 -0.00589 -0.00125
v 0.00147 -0.00534 -0.00053
v 0.00142 -0.00599 -0.00169
v 0.00144 -0.00560 -0.00083
v 0.00141 -0.00581 -0.00118
v 0.00133 -0.00595 -0.00159
v 0.00138 -0.00547 -0.00080
v 0.00133 -0.00571 -0.00112
v 0.00125 -0.00589 -0.00149
v 0.00135 -0.00534 -0.00078
v 0.00111 -0.00599 -0.00191
v 0.00127 -0.00560 -0.00107
v 0.00118 -0.00581 -0.00141
v 0.00104 -0.00595 -0.00180
v 0.00122 -0.00547 -0.00103
v 0.00112 -0.00571 -0.00133
v 0.00098 -0.00589 -0.00169
v 0.00120 -0.00534 -0.00100
v 0.00076 -0.00599 -0.00208
v 0.00107 -0.00560 -0.00127
v 0.00092 -0.00581 -0.00159
v 0.00071 -0.00595 -0.00195
v 0.00103 -0.00547 -0.00122
v 0.00087 -0.00571 -0.00150
v 0.00067 -0.00589 -0.00183
v 0.00100 -0.00534 -0.00120
v 0.00038 -0.00599 -0.00218
v 0.00083 -0.00560 -0.00144
v 0.00063 -0.00581 -0.00173
v 0.00036 -0.00595 -0.00204
v 0.00080 -0.00547 -0.00138
v 0.00059 -0.00571 -0.00163
v 0.00034 -0.00589 -0.00192
v 0.00078 -0.00534 -0.00135
v 0.00000 -0.00599 -0.00221
v 0.00057 -0.00560 -0.00156
v 0.00032 -0.00581 -0.00181
v 0.00000 -0.00595 -0.00208
v 0.00055 -0.00547 -0.00150
v 0.00030 -0.00571 -0.00171
v 0.00000 -0.00589 -0.00195
v 0.00053 -0.00534 -0.00147
v -0.00038 -0.00599 -0.00218
v 0.00029 -0.00560 -0.00163
v 0.00000 -0.00581 -0.00184
v -0.00036 -0.00595 -0.00204
v 0.00028 -0.00547 -0.00157
v 0.00000 -0.00571 -0.00174
v -0.00034 -0.00589 -0.00192
v 0.00027 -0.00534 -0.00154
v -0.00076 -0.00599 -0.00208
v 0.00000 -0.00560 -0.00166
v -0.00032 -0.00581 -0.00181
v -0.00071 -0.00595 -0.00195
v 0.00000 -0.00547 -0.00160
v -0.00030 -0.00571 -0.00171
v -0.00067 -0.00589 -0.00183
v 0.00000 -0.00534 -0.00156
v -0.00111 -0.00599 -0.00191
v -0.00029 -0.00560 -0.00163
v -0.00063 -0.00581 -0.00173
v -0.00104 -0.00595 -0.00180
v -0.00028 -0.00547 -0.00157
v -0.00059 -0.00571 -0.00163
v -0.00097 -0.00589 -0.00169
v -0.00027 -0.00534 -0.00154
v -0.00142 -0.00599 -0.00169
v -0.00057 -0.00560 -0.00156
v -0.00092 -0.00581 -0.00159
v -0.00133 -0.00595 -0.00159
v -0.00055 -0.00547 -0.00150
v -0.00087 -0.00571 -0.00150
v -0.00125 -0.00589 -0.00149
v -0.00053 -0.00534 -0.00147
v -0.00169 -0.00599 -0.00142
v -0.00083 -0.00560 -0.00144
v -0.00118 -0.00581 -0.00141
v -0.00159 -0.00595 -0.00133
v -0.00080 -0.00547 -0.00138
v -0.00112 -0.00571 -0.00133
v -0.00149 -0.00589 -0.00125
v -0.00078 -0.00534 -0.00135
v -0.00191 -0.00599 -0.00111
v -0.00107 -0.00560 -0.00127
v -0.00141 -0.00581 -0.00118
v -0.00180 -0.00595 -0.00104
v -0.00103 -0.00547 -0.00122
v -0.00133 -0.00571 -0.00112
v -0.00169 -0.00589 -0.00098
v -0.00100 -0.00534 -0.00120
v -0.00208 -0.00599 -0.00076
v -0.00127 -0.00560 -0.00107
v -0.00159 -0.00581 -0.00092
v -0.00195 -0.00595 -0.00071
v -0.00122 -0.00547 -0.00103
v -0.00150 -0.00571 -0.00087
v -0.00183 -0.00589 -0.00067
v -0.00120 -0.00534 -0.00100
v -0.00218 -0.00599 -0.00038
v -0.00144 -0.00560 -0.00083
v -0.00173 -0.00581 -0.00063
v -0.00204 -0.00595 -0.00036
v -0.00138 -0.00547 -0.00080
v -0.00163 -0.00571 -0.00059
v -0.00192 -0.00589 -0.00034
v -0.00135 -0.00534 -0.00078
v -0.00221 -0.00599 -0.00000
v -0.00156 -0.00560 -0.00057
v -0.00181 -0.00581 -0.00032
v -0.00208 -0.00595 -0.00000
v -0.00150 -0.00547 -0.00055
v -0.00171 -0.00571 -0.00030
v -0.00195 -0.00589 -0.00000
v -0.00147 -0.00534 -0.00053
v -0.00218 -0.00599 0.00038
v -0.00163 -0.00560 -0.00029
v -0.00184 -0.00581 -0.00000
v -0.00204 -0.00595 0.00036
v -0.00157 -0.00547 -0.00028
v -0.00174 -0.00571 -0.00000
v -0.00192 -0.00589 0.00034
v -0.00154 -0.00534 -0.00027
v -0.00208 -0.00599 0.00076
v -0.00166 -0.00560 -0.00000
v -0.00181 -0.00581 0.00032
v -0.00195 -0.00595 0.00071
v -0.00160 -0.00547 -0.00000
v -0.00171 -0.00571 0.00030
v -0.00183 -0.00589 0.00067
v -0.00156 -0.00534 -0.00000
v -0.00191 -0.00599 0.00111
v -0.00163 -0.00560 0.00029
v -0.00173 -0.00581 0.00063
v -0.00180 -0.00595 0.00104
v -0.00157 -0.00547 0.00028
v -0.00163 -0.00571 0.00059
v -0.00169 -0.00589 0.00097
v -0.00154 -0.00534 0.00027
v -0.00169 -0.00599 0.00142
v -0.00156 -0.00560 0.00057
v -0.00159 -0.00581 0.00092
v -0.00159 -0.00595 0.00133
v -0.00150 -0.00547 0.00055
v -0.00150 -0.00571 0.00087
v -0.00149 -0.00589 0.00125
v -0.00147 -0.00534 0.00053
v -0.00142 -0.00599 0.00169
v -0.00144 -0.00560 0.00083
v -0.00141 -0.00581 0.00118
v -0.00133 -0.00595 0.00159
v -0.00138 -0.00547 0.00080
v -0.00133 -0.00571 0.00112
v -0.00125 -0.00589 0.00149
v -0.00135 -0.00534 0.00078
v -0.00111 -0.00599 0.00191
v -0.00127 -0.00560 0.00107
v -0.00118 -0.00581 0.00141
v -0.00104 -0.00595 0.00180
v -0.00122 -0.00547 0.00103
v -0.00112 -0.00571 0.00133
v -0.00098 -0.00589 0.00169
v -0.00120 -0.00534 0.00100
v -0.00076 -0.00599 0.00208
v -0.00107 -0.00560 0.00127
v -0.00092 -0.00581 0.00159
v -0.00071 -0.00595 0.00195
v -0.00103 -0.00547 0.00122
v -0.00087 -0.00571 0.00150
v -0.00067 -0.00589 0.00183
v -0.00100 -0.00534 0.00120
v -0.00038 -0.00599 0.00218
v -0.00083 -0.00560 0.00144
v -0.00063 -0.00581 0.00173
v -0.00036 -0.00595 0.00204
v -0.00080 -0.00547 0.00138
v -0.00059 -0.00571 0.00163
v -0.00034 -0.00589 0.00192
v -0.00078 -0.00534 0.00135
v 0.00000 -0.00599 0.00221
v -0.00057 -0.00560 0.00156
v -0.00032 -0.00581 0.00181
v 0.00000 -0.00595 0.00208
v -0.00055 -0.00547 0.00150
v -0.00030 -0.00571 0.00171
v 0.00000 -0.00589 0.00195
v -0.00053 -0.00534 0.00147
v 0.00038 -0.00599 0.00218
v -0.00029 -0.00560 0.00163
v 0.00000 -0.00581 0.00184
v 0.00036 -0.00595 0.00204
v -0.00028 -0.00547 0.00157
v 0.00000 -0.00571 0.00174
v 0.00034 -0.00589 0.00192
v -0.00027 -0.00534 0.00154
v 0.00076 -0.00599 0.00208
v 0.00000 -0.00560 0.00166
v 0.00032 -0.00581 0.00181
v 0.00071 -0.00595 0.00195
v 0.00000 -0.00547 0.00160
v 0.00030 -0.00571 0.00171
v 0.00067 -0.00589 0.00183
v 0.00000 -0.00534 0.00156
v 0.00111 -0.00599 0.00191
v 0.00029 -0.00560 0.00163
v 0.00063 -0.00581 0.00173
v 0.00104 -0.00595 0.00180
v 0.00028 -0.00547 0.00157
v 0.00059 -0.00571 0.00163
v 0.00097 -0.00589 0.00169
v 0.00027 -0.00534 0.00154
v 0.00142 -0.00599 0.00169
v 0.00057 -0.00560 0.00156
v 0.00092 -0.00581 0.00159
v 0.00133 -0.00595 0.00159
v 0.00055 -0.00547 0.00150
v 0.00087 -0.00571 0.00150
v 0.00125 -0.00589 0.00149
v 0.00053 -0.00534 0.00147
v 0.00169 -0.00599 0.00142
v 0.00083 -0.00560 0.00144
v 0.00118 -0.00581 0.00141
v 0.00159 -0.00595 0.00133
v 0.00080 -0.00547 0.00138
v 0.00112 -0.00571 0.00133
v 0.00149 -0.00589 0.00125
v 0.00078 -0.00534 0.00135
v 0.00191 -0.00599 0.00111
v 0.00107 -0.00560 0.00127
v 0.00141 -0.00581 0.00118
v 0.00180 -0.00595 0.00104
v 0.00103 -0.00547 0.00122
v 0.00133 -0.00571 0.00112
v 0.00169 -0.00589 0.00098
v 0.00100 -0.00534 0.00120
v 0.00208 -0.00599 0.00076
v 0.00127 -0.00560 0.00107
v 0.00159 -0.00581 0.00092
v 0.00195 -0.00595 0.00071
v 0.00122 -0.00547 0.00103
v 0.00150 -0.00571 0.00087
v 0.00183 -0.00589 0.00067
v 0.00120 -0.00534 0.00100
v 0.00218 -0.00599 0.00038
v 0.00144 -0.00560 0.00083
v 0.00173 -0.00581 0.00063
v 0.00204 -0.00595 0.00036
v 0.00138 -0.00547 0.00080
v 0.00163 -0.00571 0.00059
v 0.00192 -0.00589 0.00034
v 0.00135 -0.00534 0.00078
v 0.00156 -0.00560 0.00057
v 0.00181 -0.00581 0.00032
v 0.00150 -0.00547 0.00055
v 0.00171 -0.00571 0.00030
v 0.00147 -0.00534 0.00053
v 0.00163 -0.00560 0.00029
v 0.00157 -0.00547 0.00028
v 0.00154 -0.00534 0.00027
v 0.04920 0.00599 -0.02433
v 0.04920 0.00596 -0.02445
v 0.04920 0.00591 -0.02456
v 0.04920 0.00585 -0.02467
v 0.04920 0.00577 -0.02477
v 0.04920 0.00567 -0.02485
v 0.04920 0.00556 -0.02491
v 0.04920 0.00545 -0.02496
v 0.04920 0.00533 -0.02499
v 0.04934 0.00599 0.02420
v 0.04947 0.00595 0.02420
v 0.04960 0.00589 0.02420
v 0.04971 0.00581 0.02420
v 0.04981 0.00571 0.02420
v 0.04989 0.00560 0.02420
v 0.04995 0.00547 0.02420
v 0.04999 0.00534 0.02420
v 0.05000 0.00520 -0.02420
v 0.04999 0.00534 -0.02420
v 0.04995 0.00547 -0.02420
v 0.04989 0.00560 -0.02420
v 0.04981 0.00571 -0.02420
v 0.04971 0.00581 -0.02420
v 0.04960 0.00589 -0.02420
v 0.04947 0.00595 -0.02420
v 0.04934 0.00599 -0.02420
v 0.00221 0.00599 -0.00000
v 0.00208 0.00595 -0.00000
v 0.00195 0.00589 -0.00000
v 0.00184 0.00581 -0.00000
v 0.00174 0.00571 -0.00000
v 0.00166 0.00560 -0.00000
v 0.00160 0.00547 -0.00000
v 0.00156 0.00534 -0.00000
v 0.00155 0.00520 -0.00000
v 0.00153 0.00520 -0.00027
v 0.00146 0.00520 -0.00053
v 0.00134 0.00520 -0.00077
v 0.00119 0.00520 -0.00100
v 0.00100 0.00520 -0.00119
v 0.00078 0.00520 -0.00134
v 0.00053 0.00520 -0.00146
v 0.00027 0.00520 -0.00153
v 0.00000 0.00520 -0.00155
v -0.00027 0.00520 -0.00153
v -0.00053 0.00520 -0.00146
v -0.00077 0.00520 -0.00134
v -0.00100 0.00520 -0.00119
v -0.00119 0.00520 -0.00100
v -0.00134 0.00520 -0.00078
v -0.00146 0.00520 -0.00053
v -0.00153 0.00520 -0.00027
v -0.00155 0.00520 -0.00000
v -0.00153 0.00520 0.00027
v -0.00146 0.00520 0.00053
v -0.00134 0.00520 0.00077
v -0.00119 0.00520 0.00100
v -0.00100 0.00520 0.00119
v -0.00078 0.00520 0.00134
v -0.00053 0.00520 0.00146
v -0.00027 0.00520 0.00153
v -0.00000 0.00520 0.00155
v 0.00027 0.00520 0.00153
v 0.00053 0.00520 0.00146
v 0.00077 0.00520 0.00134
v 0.00100 0.00520 0.00119
v 0.00119 0.00520 0.00100
v 0.00134 0.00520 0.00078
v 0.00146 0.00520 0.00053
v 0.00153 0.00520 0.00027
v 0.00218 0.00599 -0.00038
v 0.00204 0.00595 -0.00036
v 0.00192 0.00589 -0.00034
v 0.00208 0.00599 -0.00076
v 0.00181 0.00581 -0.00032
v 0.00195 0.00595 -0.00071
v 0.00171 0.00571 -0.00030
v 0.00183 0.00589 -0.00067
v 0.00191 0.00599 -0.00111
v 0.00163 0.00560 -0.00029
v 0.00173 0.00581 -0.00063
v 0.00180 0.00595 -0.00104
v 0.00157 0.00547 -0.00028
v 0.00163 0.00571 -0.00059
v 0.00169 0.00589 -0.00097
v 0.00154 0.00534 -0.00027
v 0.00169 0.00599 -0.00142
v 0.00156 0.00560 -0.00057
v 0.00159 0.00581 -0.00092
v 0.00159 0.00595 -0.00133
v 0.00150 0.00547 -0.00055
v 0.00150 0.00571 -0.00087
v 0.00149 0.00589 -0.00125
v 0.00147 0.00534 -0.00053
v 0.00142 0.00599 -0.00169
v 0.00144 0.00560 -0.00083
v 0.00141 0.00581 -0.00118
v 0.00133 0.00595 -0.00159
v 0.00138 0.00547 -0.00080
v 0.00133 0.00571 -0.00112
v 0.00125 0.00589 -0.00149
v 0.00135 0.00534 -0.00078
v 0.00111 0.00599 -0.00191
v 0.00127 0.00560 -0.00107
v 0.00118 0.00581 -0.00141
v 0.00104 0.00595 -0.00180
v 0.00122 0.00547 -0.00103
v 0.00112 0.00571 -0.00133
v 0.00098 0.00589 -0.00169
v 0.00120 0.00534 -0.00100
v 0.00076 0.00599 -0.00208
v 0.00107 0.00560 -0.00127
v 0.00092 0.00581 -0.00159
v 0.00071 0.00595 -0.00195
v 0.00103 0.00547 -0.00122
v 0.00087 0.00571 -0.00150
v 0.00067 0.00589 -0.00183
v 0.00100 0.00534 -0.00120
v 0.00038 0.00599 -0.00218
v 0.00083 0.00560 -0.00144
v 0.00063 0.00581 -0.00173
v 0.00036 0.00595 -0.00204
v 0.00080 0.00547 -0.00138
v 0.00059 0.00571 -0.00163
v 0.00034 0.00589 -0.00192
v 0.00078 0.00534 -0.00135
v 0.00000 0.00599 -0.00221
v 0.00057 0.00560 -0.00156
v 0.00032 0.00581 -0.00181
v 0.00000 0.00595 -0.00208
v 0.00055 0.00547 -0.00150
v 0.00030 0.00571 -0.00171
v 0.00000 0.00589 -0.00195
v 0.00053 0.00534 -0.00147
v -0.00038 0.00599 -0.00218
v 0.00029 0.00560 -0.00163
v 0.00000 0.00581 -0.00184
v -0.00036 0.00595 -0.00204
v 0.00028 0.00547 -0.00157
v 0.00000 0.00571 -0.00174
v -0.00034 0.00589 -0.00192
v 0.00027 0.00534 -0.00154
v -0.00076 0.00599 -0.00208
v 0.00000 0.00560 -0.00166
v -0.00032 0.00581 -0.00181
v -0.00071 0.00595 -0.00195
v 0.00000 0.00547 -0.00160
v -0.00030 0.00571 -0.00171
v -0.00067 0.00589 -0.00183
v 0.00000 0.00534 -0.00156
v -0.00111 0.00599 -0.00191
v -0.00029 0.00560 -0.00163
v -0.00063 0.00581 -0.00173
v -0.00104 0.00595 -0.00180
v -0.00028 0.00547 -0.00157
v -0.00059 0.00571 -0.00163
v -0.00097 0.00589 -0.00169
v -0.00027 0.00534 -0.00154
v -0.00142 0.00599 -0.00169
v -0.00057 0.00560 -0.00156
v -0.00092 0.00581 -0.00159
v -0.00133 0.00595 -0.00159
v -0.00055 0.00547 -0.00150
v -0.00087 0.00571 -0.00150
v -0.00125 0.00589 -0.00149
v -0.00053 0.00534 -0.00147
v -0.00169 0.00599 -0.00142
v -0.00083 0.00560 -0.00144
v -0.00118 0.00581 -0.00141
v -0.00159 0.00595 -0.00133
v -0.00080 0.00547 -0.00138
v -0.00112 0.00571 -0.00133
v -0.00149 0.00589 -0.00125
v -0.00078 0.00534 -0.00135
v -0.00191 0.00599 -0.00111
v -0.00107 0.00560 -0.00127
v -0.00141 0.00581 -0.00118
v -0.00180 0.00595 -0.00104
v -0.00103 0.00547 -0.00122
v -0.00133 0.00571 -0.00112
v -0.00169 0.00589 -0.00098
v -0.00100 0.00534 -0.00120
v -0.00208 0.00599 -0.00076
v -0.00127 0.00560 -0.00107
v -0.00159 0.00581 -0.00092
v -0.00195 0.00595 -0.00071
v -0.00122 0.00547 -0.00103
v -0.00150 0.00571 -0.00087
v -0.00183 0.00589 -0.00067
v -0.00120 0.00534 -0.00100
v -0.00218 0.00599 -0.00038
v -0.00144 0.00560 -0.00083
v -0.00173 0.00581 -0.00063
v -0.00204 0.00595 -0.00036
v -0.00138 0.00547 -0.00080
v -0.00163 0.00571 -0.00059
v -0.00192 0.00589 -0.00034
v -0.00135 0.00534 -0.00078
v -0.00221 0.00599 -0.00000
v -0.00156 0.00560 -0.00057
v -0.00181 0.00581 -0.00032
v -0.00208 0.00595 -0.00000
v -0.00150 0.00547 -0.00055
v -0.00171 0.00571 -0.00030
v -0.00195 0.00589 -0.00000
v -0.00147 0.00534 -0.00053
v -0.00218 0.00599 0.00038
v -0.00163 0.00560 -0.00029
v -0.00184 0.00581 -0.00000
v -0.00204 0.00595 0.00036
v -0.00157 0.00547 -0.00028
v -0.00174 0.00571 -0.00000
v -0.00192 0.00589 0.00034
v -0.00154 0.00534 -0.00027
v -0.00208 0.00599 0.00076
v -0.00166 0.00560 -0.00000
v -0.00181 0.00581 0.00032
v -0.00195 0.00595 0.00071
v -0.00160 0.00547 -0.00000
v -0.00171 0.00571 0.00030
v -0.00183 0.00589 0.00067
v -0.00156 0.00534 -0.00000
v -0.00191 0.00599 0.00111
v -0.00163 0.00560 0.00029
v -0.00173 0.00581 0.00063
v -0.00180 0.00595 0.00104
v -0.00157 0.00547 0.00028
v -0.00163 0.00571 0.00059
v -0.00169 0.00589 0.00097
v -0.00154 0.00534 0.00027
v -0.00169 0.00599 0.00142
v -0.00156 0.00560 0.00057
v -0.00159 0.00581 0.00092
v -0.00159 0.00595 0.00133
v -0.00150 0.00547 0.00055
v -0.00150 0.00571 0.00087
v -0.00149 0.00589 0.00125
v -0.00147 0.00534 0.00053
v -0.00142 0.00599 0.00169
v -0.00144 0.00560 0.00083
v -0.00141 0.00581 0.00118
v -0.00133 0.00595 0.00159
v -0.00138 0.00547 0.00080
v -0.00133 0.00571 0.00112
v -0.00125 0.00589 0.00149
v -0.00135 0.00534 0.00078
v -0.00111 0.00599 0.00191
v -0.00127 0.00560 0.00107
v -0.00118 0.00581 0.00141
v -0.00104 0.00595 0.00180
v -0.00122 0.00547 0.00103
v -0.00112 0.00571 0.00133
v -0.00098 0.00589 0.00169
v -0.00120 0.00534 0.00100
v -0.00076 0.00599 0.00208
v -0.00107 0.00560 0.00127
v -0.00092 0.00581 0.00159
v -0.00071 0.00595 0.00195
v -0.00103 0.00547 0.00122
v -0.00087 0.00571 0.00150
v -0.00067 0.00589 0.00183
v -0.00100 0.00534 0.00120
v -0.00038 0.00599 0.00218
v -0.00083 0.00560 0.00144
v -0.00063 0.00581 0.00173
v -0.00036 0.00595 0.00204
v -0.00080 0.00547 0.00138
v -0.00059 0.00571 0.00163
v -0.00034 0.00589 0.00192
v -0.00078 0.00534 0.00135
v 0.00000 0.00599 0.00221
v -0.00057 0.00560 0.00156
v -0.00032 0.00581 0.00181
v 0.00000 0.00595 0.00208
v -0.00055 0.00547 0.00150
v -0.00030 0.00571 0.00171
v 0.00000 0.00589 0.00195
v -0.00053 0.00534 0.00147
v 0.00038 0.00599 0.00218
v -0.00029 0.00560 0.00163
v 0.00000 0.00581 0.00184
v 0.00036 0.00595 0.00204
v -0.00028 0.00547 0.00157
v 0.00000 0.00571 0.00174
v 0.00034 0.00589 0.00192
v -0.00027 0.00534 0.00154
v 0.00076 0.00599 0.00208
v 0.00000 0.00560 0.00166
v 0.00032 0.00581 0.00181
v 0.00071 0.00595 0.00195
v 0.00000 0.00547 0.00160
v 0.00030 0.00571 0.00171
v 0.00067 0.00589 0.00183
v 0.00000 0.00534 0.00156
v 0.00111 0.00599 0.00191
v 0.00029 0.00560 0.00163
v 0.00063 0.00581 0.00173
v 0.00104 0.00595 0.00180
v 0.00028 0.00547 0.00157
v 0.00059 0.00571 0.00163
v 0.00097 0.00589 0.00169
v 0.00027 0.00534 0.00154
v 0.00142 0.00599 0.00169
v 0.00057 0.00560 0.00156
v 0.00092 0.00581 0.00159
v 0.00133 0.00595 0.00159
v 0.00055 0.00547 0.00150
v 0.00087 0.00571 0.00150
v 0.00125 0.00589 0.00149
v 0.00053 0.00534 0.00147
v 0.00169 0.00599 0.00142
v 0.00083 0.00560 0.00144
v 0.00118 0.00581 0.00141
v 0.00159 0.00595 0.00133
v 0.00080 0.00547 0.00138
v 0.00112 0.00571 0.00133
v 0.00149 0.00589 0.00125
v 0.00078 0.00534 0.00135
v 0.00191 0.00599 0.00111
v 0.00107 0.00560 0.00127
v 0.00141 0.00581 0.00118
v 0.00180 0.00595 0.00104
v 0.00103 0.00547 0.00122
v 0.00133 0.00571 0.00112
v 0.00169 0.00589 0.00098
v 0.00100 0.00534 0.00120
v 0.00208 0.00599 0.00076
v 0.00127 0.00560 0.00107
v 0.00159 0.00581 0.00092
v 0.00195 0.00595 0.00071
v 0.00122 0.00547 0.00103
v 0.00150 0.00571 0.00087
v 0.00183 0.00589 0.00067
v 0.00120 0.00534 0.00100
v 0.00218 0.00599 0.00038
v 0.00144 0.00560 0.00083
v 0.00173 0.00581 0.00063
v 0.00204 0.00595 0.00036
v 0.00138 0.00547 0.00080
v 0.00163 0.00571 0.00059
v 0.00192 0.00589 0.00034
v 0.00135 0.00534 0.00078
v 0.00156 0.00560 0.00057
v 0.00181 0.00581 0.00032
v 0.00150 0.00547 0.00055
v 0.00171 0.00571 0.00030
v 0.00147 0.00534 0.00053
v 0.00163 0.00560 0.00029
v 0.00157 0.00547 0.00028
v 0.00154 0.00534 0.00027
v 0.04999 -0.00520 -0.02434
v 0.04995 -0.00520 -0.02447
v 0.04989 -0.00520 -0.02460
v 0.04981 -0.00520 -0.02471
v 0.04971 -0.00520 -0.02481
v 0.04960 -0.00520 -0.02489
v 0.04947 -0.00520 -0.02495
v 0.04934 -0.00520 -0.02499
v 0.04999 0.00520 -0.02434
v 0.04995 0.00520 -0.02447
v 0.04989 0.00520 -0.02460
v 0.04981 0.00520 -0.02471
v 0.04971 0.00520 -0.02481
v 0.04960 0.00520 -0.02489
v 0.04947 0.00520 -0.02495
v 0.04934 0.00520 -0.02499
v 0.04998 -0.00522 0.02438
v 0.04998 -0.00526 0.02437
v 0.04998 -0.00529 0.02435
v 0.04992 -0.00528 0.02454
v 0.04998 -0.00533 0.02433
v 0.04992 -0.00535 0.02451
v 0.04983 -0.00526 0.02470
v 0.04998 -0.00535 0.02429
v 0.04992 -0.00542 0.02447
v 0.04983 -0.00536 0.02467
v 0.04998 -0.00537 0.02426
v 0.04992 -0.00547 0.02442
v 0.04983 -0.00547 0.02462
v 0.04970 -0.00534 0.02481
v 0.04998 -0.00538 0.02422
v 0.04992 -0.00551 0.02435
v 0.04983 -0.00555 0.02455
v 0.04970 -0.00547 0.02476
v 0.04955 -0.00528 0.02492
v 0.04992 -0.00554 0.02428
v 0.04983 -0.00562 0.02447
v 0.04970 -0.00559 0.02469
v 0.04955 -0.00544 0.02488
v 0.04983 -0.00567 0.02436
v 0.04970 -0.00569 0.02459
v 0.04955 -0.00558 0.02481
v 0.04938 -0.00537 0.02496
v 0.04983 -0.00570 0.02426
v 0.04970 -0.00576 0.02447
v 0.04955 -0.00571 0.02471
v 0.04938 -0.00554 0.02490
v 0.04970 -0.00581 0.02434
v 0.04955 -0.00581 0.02458
v 0.04938 -0.00569 0.02481
v 0.04955 -0.00588 0.02444
v 0.04938 -0.00581 0.02469
v 0.04955 -0.00592 0.02428
v 0.04938 -0.00590 0.02454
v 0.04938 -0.00596 0.02437
v 0.04922 0.00598 0.02438
v 0.04926 0.00598 0.02437
v 0.04929 0.00598 0.02435
v 0.04928 0.00592 0.02454
v 0.04933 0.00598 0.02433
v 0.04935 0.00592 0.02451
v 0.04926 0.00583 0.02470
v 0.04935 0.00598 0.02429
v 0.04942 0.00592 0.02447
v 0.04936 0.00583 0.02467
v 0.04937 0.00598 0.02426
v 0.04947 0.00592 0.02442
v 0.04947 0.00583 0.02462
v 0.04934 0.00570 0.02481
v 0.04938 0.00598 0.02422
v 0.04951 0.00592 0.02435
v 0.04955 0.00583 0.02455
v 0.04947 0.00570 0.02476
v 0.04928 0.00555 0.02492
v 0.04954 0.00592 0.02428
v 0.04962 0.00583 0.02447
v 0.04959 0.00570 0.02469
v 0.04944 0.00555 0.02488
v 0.04967 0.00583 0.02436
v 0.04969 0.00570 0.02459
v 0.04958 0.00555 0.02481
v 0.04937 0.00538 0.02496
v 0.04970 0.00583 0.02426
v 0.04976 0.00570 0.02447
v 0.04971 0.00555 0.02471
v 0.04954 0.00538 0.02490
v 0.04981 0.00570 0.02434
v 0.04981 0.00555 0.02458
v 0.04969 0.00538 0.02481
v 0.04988 0.00555 0.02444
v 0.04981 0.00538 0.02469
v 0.04992 0.00555 0.02428
v 0.04990 0.00538 0.02454
v 0.04996 0.00538 0.02437
v 0.04998 -0.00522 -0.02438
v 0.04998 -0.00526 -0.02437
v 0.04998 -0.00529 -0.02435
v 0.04992 -0.00528 -0.02454
v 0.04998 -0.00533 -0.02433
v 0.04992 -0.00535 -0.02451
v 0.04983 -0.00526 -0.02470
v 0.04998 -0.00535 -0.02429
v 0.04992 -0.00542 -0.02447
v 0.04983 -0.00536 -0.02467
v 0.04998 -0.00537 -0.02426
v 0.04992 -0.00547 -0.02442
v 0.04983 -0.00547 -0.02462
v 0.04970 -0.00534 -0.02481
v 0.04998 -0.00538 -0.02422
v 0.04992 -0.00551 -0.02435
v 0.04983 -0.00555 -0.02455
v 0.04970 -0.00547 -0.02476
v 0.04955 -0.00528 -0.02492
v 0.04992 -0.00554 -0.02428
v 0.04983 -0.00562 -0.02447
v 0.04970 -0.00559 -0.02469
v 0.04955 -0.00544 -0.02488
v 0.04983 -0.00567 -0.02436
v 0.04970 -0.00569 -0.02459
v 0.04955 -0.00558 -0.02481
v 0.04938 -0.00537 -0.02496
v 0.04983 -0.00570 -0.02426
v 0.04970 -0.00576 -0.02447
v 0.04955 -0.00571 -0.02471
v 0.04938 -0.00554 -0.02490
v 0.04970 -0.00581 -0.02434
v 0.04955 -0.00581 -0.02458
v 0.04938 -0.00569 -0.02481
v 0.04955 -0.00588 -0.02444
v 0.04938 -0.00581 -0.02469
v 0.04955 -0.00592 -0.02428
v 0.04938 -0.00590 -0.02454
v 0.04938 -0.00596 -0.02437
v 0.04998 0.00538 -0.02422
v 0.04998 0.00537 -0.02426
v 0.04998 0.00535 -0.02429
v 0.04992 0.00554 -0.02428
v 0.04998 0.00533 -0.02433
v 0.04992 0.00551 -0.02435
v 0.04983 0.00570 -0.02426
v 0.04998 0.00529 -0.02435
v 0.04992 0.00547 -0.02442
v 0.04983 0.00567 -0.02436
v 0.04998 0.00526 -0.02437
v 0.04992 0.00542 -0.02447
v 0.04983 0.00562 -0.02447
v 0.04970 0.00581 -0.02434
v 0.04998 0.00522 -0.02438
v 0.04992 0.00535 -0.02451
v 0.04983 0.00555 -0.02455
v 0.04970 0.00576 -0.02447
v 0.04955 0.00592 -0.02428
v 0.04992 0.00528 -0.02454
v 0.04983 0.00547 -0.02462
v 0.04970 0.00569 -0.02459
v 0.04955 0.00588 -0.02444
v 0.04983 0.00536 -0.02467
v 0.04970 0.00559 -0.02469
v 0.04955 0.00581 -0.02458
v 0.04938 0.00596 -0.02437
v 0.04983 0.00526 -0.02470
v 0.04970 0.00547 -0.02476
v 0.04955 0.00571 -0.02471
v 0.04938 0.00590 -0.02454
v 0.04970 0.00534 -0.02481
v 0.04955 0.00558 -0.02481
v 0.04938 0.00581 -0.02469
v 0.04955 0.00544 -0.02488
v 0.04938 0.00569 -0.02481
v 0.04955 0.00528 -0.02492
v 0.04938 0.00554 -0.02490
v 0.04938 0.00537 -0.02496
vn -1.0000 0.0000 0.0000
vn -1.0000 0.0000 0.0000
vn -1.0000 0.0000 0.0000
vn -1.0000 0.0000 0.0000
vn -0.9848 0.0000 0.1736
vn -0.9397 0.0000 0.3420
vn -0.8660 0.0000 0.5000
vn -0.7660 0.0000 0.6428
vn -0.6428 0.0000 0.7660
vn -0.5000 0.0000 0.8660
vn -0.3420 0.0000 0.9397
vn -0.1736 0.0000 0.9848
vn -0.0000 0.0000 1.0000
vn -0.0000 0.0000 1.0000
vn -0.9848 0.0000 0.1736
vn -0.9397 0.0000 0.3420
vn -0.8660 0.0000 0.5000
vn -0.7660 0.0000 0.6428
vn -0.6428 0.0000 0.7660
vn -0.5000 0.0000 0.8660
vn -0.3420 0.0000 0.9397
vn -0.1736 0.0000 0.9848
vn -0.0000 -1.0000 0.0000
vn -0.1736 -0.9848 0.0000
vn -0.3420 -0.9397 0.0000
vn -0.5000 -0.8660 0.0000
vn -0.6428 -0.7660 0.0000
vn -0.7660 -0.6428 0.0000
vn -0.8660 -0.5000 0.0000
vn -0.9397 -0.3420 0.0000
vn -0.9848 -0.1736 0.0000
vn -0.0000 -1.0000 0.0000
vn -0.1736 -0.9848 0.0000
vn -0.3420 -0.9397 0.0000
vn -0.5000 -0.8660 0.0000
vn -0.6428 -0.7660 0.0000
vn -0.7660 -0.6428 0.0000
vn -0.8660 -0.5000 0.0000
vn -0.9397 -0.3420 0.0000
vn -0.9848 -0.1736 0.0000
vn -0.0000 1.0000 0.0000
vn -0.1736 0.9848 0.0000
vn -0.3420 0.9397 0.0000
vn -0.5000 0.8660 0.0000
vn -0.6428 0.7660 0.0000
vn -0.7660 0.6428 0.0000
vn -0.8660 0.5000 0.0000
vn -0.9397 0.3420 0.0000
vn -0.9848 0.1736 0.0000
vn -0.0000 1.0000 0.0000
vn -0.9848 0.1736 0.0000
vn -0.9397 0.3420 0.0000
vn -0.8660 0.5000 0.0000
vn -0.7660 0.6428 0.0000
vn -0.6428 0.7660 0.0000
vn -0.5000 0.8660 0.0000
vn -0.3420 0.9397 0.0000
vn -0.1736 0.9848 0.0000
vn -0.9877 -0.0000 -0.1564
vn -0.9511 -0.0000 -0.3090
vn -0.8910 -0.0000 -0.4540
vn -0.8090 -0.0000 -0.5878
vn -0.7071 -0.0000 -0.7071
vn -0.5878 -0.0000 -0.8090
vn -0.4540 -0.0000 -0.8910
vn -0.3090 -0.0000 -0.9511
vn -0.1564 -0.0000 -0.9877
vn -0.0000 -0.0000 -1.0000
vn -0.0000 -0.0000 -1.0000
vn -0.1736 -0.0000 -0.9848
vn -0.3420 -0.0000 -0.9397
vn -0.5000 -0.0000 -0.8660
vn -0.6428 -0.0000 -0.7660
vn -0.7660 -0.0000 -0.6428
vn -0.8660 -0.0000 -0.5000
vn -0.9397 -0.0000 -0.3420
vn -0.9848 -0.0000 -0.1736
vn -0.0000 -0.9848 0.1736
vn -0.0000 -0.9397 0.3420
vn -0.0000 -0.8660 0.5000
vn -0.0000 -0.7660 0.6428
vn -0.0000 -0.6428 0.7660
vn -0.0000 -0.5000 0.8660
vn -0.0000 -0.3420 0.9397
vn -0.0000 -0.1736 0.9848
vn -0.2211 -0.9749 0.0249
vn -0.2100 -0.9749 0.0735
vn -0.1884 -0.9749 0.1184
vn -0.4230 -0.9010 0.0965
vn -0.1573 -0.9749 0.1573
vn -0.3909 -0.9010 0.1883
vn -0.6196 -0.7818 0.0698
vn -0.1184 -0.9749 0.1884
vn -0.3392 -0.9010 0.2705
vn -0.5885 -0.7818 0.2059
vn -0.0735 -0.9749 0.2100
vn -0.2705 -0.9010 0.3392
vn -0.5279 -0.7818 0.3317
vn -0.7622 -0.6235 0.1740
vn -0.0249 -0.9749 0.2211
vn -0.1883 -0.9010 0.3909
vn -0.4409 -0.7818 0.4409
vn -0.7044 -0.6235 0.3392
vn -0.8953 -0.4339 0.1009
vn -0.0965 -0.9010 0.4230
vn -0.3317 -0.7818 0.5279
vn -0.6113 -0.6235 0.4875
vn -0.8504 -0.4339 0.2976
vn -0.2059 -0.7818 0.5885
vn -0.4875 -0.6235 0.6113
vn -0.7629 -0.4339 0.4793
vn -0.9505 -0.2225 0.2169
vn -0.0698 -0.7818 0.6196
vn -0.3392 -0.6235 0.7044
vn -0.6371 -0.4339 0.6371
vn -0.8784 -0.2225 0.4230
vn -0.1740 -0.6235 0.7622
vn -0.4793 -0.4339 0.7629
vn -0.7622 -0.2225 0.6079
vn -0.2976 -0.4339 0.8504
vn -0.6079 -0.2225 0.7622
vn -0.1009 -0.4339 0.8953
vn -0.4230 -0.2225 0.8784
vn -0.2169 -0.2225 0.9505
vn -0.0000 0.9848 0.1736
vn -0.0000 0.9397 0.3420
vn -0.0000 0.8660 0.5000
vn -0.0000 0.7660 0.6428
vn -0.0000 0.6428 0.7660
vn -0.0000 0.5000 0.8660
vn -0.0000 0.3420 0.9397
vn -0.0000 0.1736 0.9848
vn -0.2211 0.9749 0.0249
vn -0.2100 0.9749 0.0735
vn -0.1884 0.9749 0.1184
vn -0.4230 0.9010 0.0965
vn -0.1573 0.9749 0.1573
vn -0.3909 0.9010 0.1883
vn -0.6196 0.7818 0.0698
vn -0.1184 0.9749 0.1884
vn -0.3392 0.9010 0.2705
vn -0.5885 0.7818 0.2059
vn -0.0735 0.9749 0.2100
vn -0.2705 0.9010 0.3392
vn -0.5279 0.7818 0.3317
vn -0.7622 0.6235 0.1740
vn -0.0249 0.9749 0.2211
vn -0.1883 0.9010 0.3909
vn -0.4409 0.7818 0.4409
vn -0.7044 0.6235 0.3392
vn -0.8953 0.4339 0.1009
vn -0.0965 0.9010 0.4230
vn -0.3317 0.7818 0.5279
vn -0.6113 0.6235 0.4875
vn -0.8504 0.4339 0.2976
vn -0.2059 0.7818 0.5885
vn -0.4875 0.6235 0.6113
vn -0.7629 0.4339 0.4793
vn -0.9505 0.2225 0.2169
vn -0.0698 0.7818 0.6196
vn -0.3392 0.6235 0.7044
vn -0.6371 0.4339 0.6371
vn -0.8784 0.2225 0.4230
vn -0.1740 0.6235 0.7622
vn -0.4793 0.4339 0.7629
vn -0.7622 0.2225 0.6079
vn -0.2976 0.4339 0.8504
vn -0.6079 0.2225 0.7622
vn -0.1009 0.4339 0.8953
vn -0.4230 0.2225 0.8784
vn -0.2169 0.2225 0.9505
vn 0.0000 -0.0000 1.0000
vn 0.0000 -0.0000 1.0000
vn -0.0000 -1.0000 0.0000
vn -0.0000 -1.0000 0.0000
vn -0.0000 -1.0000 0.0000
vn -0.0000 -1.0000 0.0000
vn -0.0000 -1.0000 0.0000
vn -0.0000 -1.0000 0.0000
vn -0.0000 -1.0000 0.0000
vn -0.0000 -1.0000 0.0000
vn -0.0000 -1.0000 0.0000
vn -0.0000 -1.0000 0.0000
vn -0.0000 -1.0000 0.0000
vn -0.0000 -1.0000 0.0000
vn -0.0000 -1.0000 0.0000
vn -0.0000 -1.0000 0.0000
vn -0.0000 -1.0000 0.0000
vn -0.0000 -1.0000 0.0000
vn -0.0000 -1.0000 0.0000
vn -0.0000 -1.0000 0.0000
vn -0.0000 -1.0000 0.0000
vn -0.0000 -1.0000 0.0000
vn -0.0000 -1.0000 0.0000
vn -0.0000 -1.0000 0.0000
vn -0.0000 -1.0000 0.0000
vn -0.0000 -1.0000 0.0000
vn -0.0000 -1.0000 0.0000
vn -0.0000 -1.0000 0.0000
vn -0.0000 -1.0000 0.0000
vn -0.0000 -1.0000 0.0000
vn -0.0000 -1.0000 0.0000
vn -0.0000 -1.0000 0.0000
vn -0.0000 -1.0000 0.0000
vn -0.0000 -1.0000 0.0000
vn -0.0000 -1.0000 0.0000
vn -0.0000 -1.0000 0.0000
vn -0.0000 -1.0000 0.0000
vn -0.0000 -1.0000 0.0000
vn -0.0000 -1.0000 0.0000
vn -0.0000 -1.0000 0.0000
vn -0.0000 -0.9848 -0.1736
vn -0.0000 -0.9397 -0.3420
vn -0.0000 -0.8660 -0.5000
vn -0.0000 -0.7660 -0.6428
vn -0.0000 -0.6428 -0.7660
vn -0.0000 -0.5000 -0.8660
vn -0.0000 -0.3420 -0.9397
vn -0.0000 -0.1736 -0.9848
vn -0.2211 -0.9749 -0.0249
vn -0.2100 -0.9749 -0.0735
vn -0.1884 -0.9749 -0.1184
vn -0.4230 -0.9010 -0.0965
vn -0.1573 -0.9749 -0.1573
vn -0.3909 -0.9010 -0.1883
vn -0.6196 -0.7818 -0.0698
vn -0.1184 -0.9749 -0.1884
vn -0.3392 -0.9010 -0.2705
vn -0.5885 -0.7818 -0.2059
vn -0.0735 -0.9749 -0.2100
vn -0.2705 -0.9010 -0.3392
vn -0.5279 -0.7818 -0.3317
vn -0.7622 -0.6235 -0.1740
vn -0.0249 -0.9749 -0.2211
vn -0.1883 -0.9010 -0.3909
vn -0.4409 -0.7818 -0.4409
vn -0.7044 -0.6235 -0.3392
vn -0.8953 -0.4339 -0.1009
vn -0.0965 -0.9010 -0.4230
vn -0.3317 -0.7818 -0.5279
vn -0.6113 -0.6235 -0.4875
vn -0.8504 -0.4339 -0.2976
vn -0.2059 -0.7818 -0.5885
vn -0.4875 -0.6235 -0.6113
vn -0.7629 -0.4339 -0.4793
vn -0.9505 -0.2225 -0.2169
vn -0.0698 -0.7818 -0.6196
vn -0.3392 -0.6235 -0.7044
vn -0.6371 -0.4339 -0.6371
vn -0.8784 -0.2225 -0.4230
vn -0.1740 -0.6235 -0.7622
vn -0.4793 -0.4339 -0.7629
vn -0.7622 -0.2225 -0.6079
vn -0.2976 -0.4339 -0.8504
vn -0.6079 -0.2225 -0.7622
vn -0.1009 -0.4339 -0.8953
vn -0.4230 -0.2225 -0.8784
vn -0.2169 -0.2225 -0.9505
vn 0.0000 1.0000 -0.0000
vn 0.0000 1.0000 -0.0000
vn 0.0000 1.0000 -0.0000
vn 0.0000 1.0000 -0.0000
vn 0.0000 1.0000 -0.0000
vn 0.0000 1.0000 -0.0000
vn 0.0000 1.0000 -0.0000
vn 0.0000 1.0000 -0.0000
vn 0.0000 1.0000 -0.0000
vn 0.0000 1.0000 -0.0000
vn 0.0000 1.0000 -0.0000
vn 0.0000 1.0000 -0.0000
vn 0.0000 1.0000 -0.0000
vn 0.0000 1.0000 -0.0000
vn 0.0000 1.0000 -0.0000
vn 0.0000 1.0000 -0.0000
vn 0.0000 1.0000 -0.0000
vn 0.0000 1.0000 -0.0000
vn 0.0000 1.0000 -0.0000
vn 0.0000 1.0000 -0.0000
vn 0.0000 1.0000 -0.0000
vn 0.0000 1.0000 -0.0000
vn 0.0000 1.0000 -0.0000
vn 0.0000 1.0000 -0.0000
vn 0.0000 1.0000 -0.0000
vn 0.0000 1.0000 -0.0000
vn 0.0000 1.0000 -0.0000
vn 0.0000 1.0000 -0.0000
vn 0.0000 1.0000 -0.0000
vn 0.0000 1.0000 -0.0000
vn 0.0000 1.0000 -0.0000
vn 0.0000 1.0000 -0.0000
vn 0.0000 1.0000 -0.0000
vn 0.0000 1.0000 -0.0000
vn 0.0000 1.0000 -0.0000
vn 0.0000 1.0000 -0.0000
vn 0.0000 1.0000 -0.0000
vn 0.0000 1.0000 -0.0000
vn -0.0000 0.1736 -0.9848
vn -0.0000 0.3420 -0.9397
vn -0.0000 0.5000 -0.8660
vn -0.0000 0.6428 -0.7660
vn -0.0000 0.7660 -0.6428
vn -0.0000 0.8660 -0.5000
vn -0.0000 0.9397 -0.3420
vn -0.0000 0.9848 -0.1736
vn -0.2211 0.0249 -0.9749
vn -0.2100 0.0735 -0.9749
vn -0.1884 0.1184 -0.9749
vn -0.4230 0.0965 -0.9010
vn -0.1573 0.1573 -0.9749
vn -0.3909 0.1883 -0.9010
vn -0.6196 0.0698 -0.7818
vn -0.1184 0.1884 -0.9749
vn -0.3392 0.2705 -0.9010
vn -0.5885 0.2059 -0.7818
vn -0.0735 0.2100 -0.9749
vn -0.2705 0.3392 -0.9010
vn -0.5279 0.3317 -0.7818
vn -0.7622 0.1740 -0.6235
vn -0.0249 0.2211 -0.9749
vn -0.1883 0.3909 -0.9010
vn -0.4409 0.4409 -0.7818
vn -0.7044 0.3392 -0.6235
vn -0.8953 0.1009 -0.4339
vn -0.0965 0.4230 -0.9010
vn -0.3317 0.5279 -0.7818
vn -0.6113 0.4875 -0.6235
vn -0.8504 0.2976 -0.4339
vn -0.2059 0.5885 -0.7818
vn -0.4875 0.6113 -0.6235
vn -0.7629 0.4793 -0.4339
vn -0.9505 0.2169 -0.2225
vn -0.0698 0.6196 -0.7818
vn -0.3392 0.7044 -0.6235
vn -0.6371 0.6371 -0.4339
vn -0.8784 0.4230 -0.2225
vn -0.1740 0.7622 -0.6235
vn -0.4793 0.7629 -0.4339
vn -0.7622 0.6079 -0.2225
vn -0.2976 0.8504 -0.4339
vn -0.6079 0.7622 -0.2225
vn -0.1009 0.8953 -0.4339
vn -0.4230 0.8784 -0.2225
vn -0.2169 0.9505 -0.2225
vn -0.0000 0.0000 -1.0000
vn -0.0000 0.0000 -1.0000
vn 0.0000 -0.1736 0.9848
vn 0.0000 -0.3420 0.9397
vn 0.0000 -0.5000 0.8660
vn 0.0000 -0.6428 0.7660
vn 0.0000 -0.7660 0.6428
vn 0.0000 -0.8660 0.5000
vn 0.0000 -0.9397 0.3420
vn 0.0000 -0.9848 0.1736
vn 0.0000 0.9848 0.1736
vn 0.0000 0.9397 0.3420
vn 0.0000 0.8660 0.5000
vn 0.0000 0.7660 0.6428
vn 0.0000 0.6428 0.7660
vn 0.0000 0.5000 0.8660
vn 0.0000 0.3420 0.9397
vn 0.0000 0.1736 0.9848
vn 1.0000 0.0000 0.0000
vn 0.9848 0.0000 0.1736
vn 0.9397 0.0000 0.3420
vn 0.8660 0.0000 0.5000
vn 0.7660 0.0000 0.6428
vn 0.6428 0.0000 0.7660
vn 0.5000 0.0000 0.8660
vn 0.3420 0.0000 0.9397
vn 0.1736 0.0000 0.9848
vn 1.0000 0.0000 0.0000
vn 0.1736 0.0000 0.9848
vn 0.3420 0.0000 0.9397
vn 0.5000 0.0000 0.8660
vn 0.6428 0.0000 0.7660
vn 0.7660 0.0000 0.6428
vn 0.8660 0.0000 0.5000
vn 0.9397 0.0000 0.3420
vn 0.9848 0.0000 0.1736
vn -0.0000 -0.1736 -0.9848
vn -0.0000 -0.3420 -0.9397
vn -0.0000 -0.5000 -0.8660
vn -0.0000 -0.6428 -0.7660
vn -0.0000 -0.7660 -0.6428
vn -0.0000 -0.8660 -0.5000
vn -0.0000 -0.9397 -0.3420
vn -0.0000 -0.9848 -0.1736
vn 0.9848 -0.1736 -0.0000
vn 0.9397 -0.3420 -0.0000
vn 0.8660 -0.5000 -0.0000
vn 0.7660 -0.6428 -0.0000
vn 0.6428 -0.7660 -0.0000
vn 0.5000 -0.8660 -0.0000
vn 0.3420 -0.9397 -0.0000
vn 0.1736 -0.9848 -0.0000
vn 1.0000 -0.0000 -0.0000
vn 0.9848 -0.1736 -0.0000
vn 0.9397 -0.3420 -0.0000
vn 0.8660 -0.5000 -0.0000
vn 0.7660 -0.6428 -0.0000
vn 0.6428 -0.7660 -0.0000
vn 0.5000 -0.8660 -0.0000
vn 0.3420 -0.9397 -0.0000
vn 0.1736 -0.9848 -0.0000
vn -0.1736 -0.9848 0.0000
vn -0.3420 -0.9397 0.0000
vn -0.5000 -0.8660 0.0000
vn -0.6428 -0.7660 0.0000
vn -0.7660 -0.6428 0.0000
vn -0.8660 -0.5000 0.0000
vn -0.9397 -0.3420 0.0000
vn -0.9848 -0.1736 0.0000
vn -1.0000 0.0000 0.0000
vn -0.9848 0.0000 0.1736
vn -0.9397 0.0000 0.3420
vn -0.8660 0.0000 0.5000
vn -0.7660 0.0000 0.6428
vn -0.6428 0.0000 0.7660
vn -0.5000 0.0000 0.8660
vn -0.3420 0.0000 0.9397
vn -0.1736 0.0000 0.9848
vn -0.0000 0.0000 1.0000
vn 0.1736 -0.0000 0.9848
vn 0.3420 -0.0000 0.9397
vn 0.5000 -0.0000 0.8660
vn 0.6428 -0.0000 0.7660
vn 0.7660 -0.0000 0.6428
vn 0.8660 -0.0000 0.5000
vn 0.9397 -0.0000 0.3420
vn 0.9848 -0.0000 0.1736
vn 1.0000 -0.0000 0.0000
vn 0.9848 -0.0000 -0.1736
vn 0.9397 -0.0000 -0.3420
vn 0.8660 -0.0000 -0.5000
vn 0.7660 -0.0000 -0.6428
vn 0.6428 -0.0000 -0.7660
vn 0.5000 -0.0000 -0.8660
vn 0.3420 -0.0000 -0.9397
vn 0.1736 -0.0000 -0.9848
vn -0.0000 -0.0000 -1.0000
vn -0.1736 -0.0000 -0.9848
vn -0.3420 -0.0000 -0.9397
vn -0.5000 -0.0000 -0.8660
vn -0.6428 -0.0000 -0.7660
vn -0.7660 -0.0000 -0.6428
vn -0.8660 -0.0000 -0.5000
vn -0.9397 -0.0000 -0.3420
vn -0.9848 -0.0000 -0.1736
vn -0.1710 -0.9848 0.0302
vn -0.3368 -0.9397 0.0594
vn -0.4924 -0.8660 0.0868
vn -0.1632 -0.9848 0.0594
vn -0.6330 -0.7660 0.1116
vn -0.3214 -0.9397 0.1170
vn -0.7544 -0.6428 0.1330
vn -0.4698 -0.8660 0.1710
vn -0.1504 -0.9848 0.0868
vn -0.8529 -0.5000 0.1504
vn -0.6040 -0.7660 0.2198
vn -0.2962 -0.9397 0.1710
vn -0.9254 -0.3420 0.1632
vn -0.7198 -0.6428 0.2620
vn -0.4330 -0.8660 0.2500
vn -0.9698 -0.1736 0.1710
vn -0.1330 -0.9848 0.1116
vn -0.8138 -0.5000 0.2962
vn -0.5567 -0.7660 0.3214
vn -0.2620 -0.9397 0.2198
vn -0.8830 -0.3420 0.3214
vn -0.6634 -0.6428 0.3830
vn -0.3830 -0.8660 0.3214
vn -0.9254 -0.1736 0.3368
vn -0.1116 -0.9848 0.1330
vn -0.7500 -0.5000 0.4330
vn -0.4924 -0.7660 0.4132
vn -0.2198 -0.9397 0.2620
vn -0.8138 -0.3420 0.4698
vn -0.5868 -0.6428 0.4924
vn -0.3214 -0.8660 0.3830
vn -0.8529 -0.1736 0.4924
vn -0.0868 -0.9848 0.1504
vn -0.6634 -0.5000 0.5567
vn -0.4132 -0.7660 0.4924
vn -0.1710 -0.9397 0.2962
vn -0.7198 -0.3420 0.6040
vn -0.4924 -0.6428 0.5868
vn -0.2500 -0.8660 0.4330
vn -0.7544 -0.1736 0.6330
vn -0.0594 -0.9848 0.1632
vn -0.5567 -0.5000 0.6634
vn -0.3214 -0.7660 0.5567
vn -0.1170 -0.9397 0.3214
vn -0.6040 -0.3420 0.7198
vn -0.3830 -0.6428 0.6634
vn -0.1710 -0.8660 0.4698
vn -0.6330 -0.1736 0.7544
vn -0.0302 -0.9848 0.1710
vn -0.4330 -0.5000 0.7500
vn -0.2198 -0.7660 0.6040
vn -0.0594 -0.9397 0.3368
vn -0.4698 -0.3420 0.8138
vn -0.2620 -0.6428 0.7198
vn -0.0868 -0.8660 0.4924
vn -0.4924 -0.1736 0.8529
vn -0.0000 -0.9848 0.1736
vn -0.2962 -0.5000 0.8138
vn -0.1116 -0.7660 0.6330
vn -0.0000 -0.9397 0.3420
vn -0.3214 -0.3420 0.8830
vn -0.1330 -0.6428 0.7544
vn -0.0000 -0.8660 0.5000
vn -0.3368 -0.1736 0.9254
vn 0.0302 -0.9848 0.1710
vn -0.1504 -0.5000 0.8529
vn -0.0000 -0.7660 0.6428
vn 0.0594 -0.9397 0.3368
vn -0.1632 -0.3420 0.9254
vn -0.0000 -0.6428 0.7660
vn 0.0868 -0.8660 0.4924
vn -0.1710 -0.1736 0.9698
vn 0.0594 -0.9848 0.1632
vn -0.0000 -0.5000 0.8660
vn 0.1116 -0.7660 0.6330
vn 0.1170 -0.9397 0.3214
vn -0.0000 -0.3420 0.9397
vn 0.1330 -0.6428 0.7544
vn 0.1710 -0.8660 0.4698
vn -0.0000 -0.1736 0.9848
vn 0.0868 -0.9848 0.1504
vn 0.1504 -0.5000 0.8529
vn 0.2198 -0.7660 0.6040
vn 0.1710 -0.9397 0.2962
vn 0.1632 -0.3420 0.9254
vn 0.2620 -0.6428 0.7198
vn 0.2500 -0.8660 0.4330
vn 0.1710 -0.1736 0.9698
vn 0.1116 -0.9848 0.1330
vn 0.2962 -0.5000 0.8138
vn 0.3214 -0.7660 0.5567
vn 0.2198 -0.9397 0.2620
vn 0.3214 -0.3420 0.8830
vn 0.3830 -0.6428 0.6634
vn 0.3214 -0.8660 0.3830
vn 0.3368 -0.1736 0.9254
vn 0.1330 -0.9848 0.1116
vn 0.4330 -0.5000 0.7500
vn 0.4132 -0.7660 0.4924
vn 0.2620 -0.9397 0.2198
vn 0.4698 -0.3420 0.8138
vn 0.4924 -0.6428 0.5868
vn 0.3830 -0.8660 0.3214
vn 0.4924 -0.1736 0.8529
vn 0.1504 -0.9848 0.0868
vn 0.5567 -0.5000 0.6634
vn 0.4924 -0.7660 0.4132
vn 0.2962 -0.9397 0.1710
vn 0.6040 -0.3420 0.7198
vn 0.5868 -0.6428 0.4924
vn 0.4330 -0.8660 0.2500
vn 0.6330 -0.1736 0.7544
vn 0.1632 -0.9848 0.0594
vn 0.6634 -0.5000 0.5567
vn 0.5567 -0.7660 0.3214
vn 0.3214 -0.9397 0.1170
vn 0.7198 -0.3420 0.6040
vn 0.6634 -0.6428 0.3830
vn 0.4698 -0.8660 0.1710
vn 0.7544 -0.1736 0.6330
vn 0.1710 -0.9848 0.0302
vn 0.7500 -0.5000 0.4330
vn 0.6040 -0.7660 0.2198
vn 0.3368 -0.9397 0.0594
vn 0.8138 -0.3420 0.4698
vn 0.7198 -0.6428 0.2620
vn 0.4924 -0.8660 0.0868
vn 0.8529 -0.1736 0.4924
vn 0.1736 -0.9848 0.0000
vn 0.8138 -0.5000 0.2962
vn 0.6330 -0.7660 0.1116
vn 0.3420 -0.9397 0.0000
vn 0.8830 -0.3420 0.3214
vn 0.7544 -0.6428 0.1330
vn 0.5000 -0.8660 0.0000
vn 0.9254 -0.1736 0.3368
vn 0.1710 -0.9848 -0.0302
vn 0.8529 -0.5000 0.1504
vn 0.6428 -0.7660 0.0000
vn 0.3368 -0.9397 -0.0594
vn 0.9254 -0.3420 0.1632
vn 0.7660 -0.6428 0.0000
vn 0.4924 -0.8660 -0.0868
vn 0.9698 -0.1736 0.1710
vn 0.1632 -0.9848 -0.0594
vn 0.8660 -0.5000 0.0000
vn 0.6330 -0.7660 -0.1116
vn 0.3214 -0.9397 -0.1170
vn 0.9397 -0.3420 0.0000
vn 0.7544 -0.6428 -0.1330
vn 0.4698 -0.8660 -0.1710
vn 0.9848 -0.1736 0.0000
vn 0.1504 -0.9848 -0.0868
vn 0.8529 -0.5000 -0.1504
vn 0.6040 -0.7660 -0.2198
vn 0.2962 -0.9397 -0.1710
vn 0.9254 -0.3420 -0.1632
vn 0.7198 -0.6428 -0.2620
vn 0.4330 -0.8660 -0.2500
vn 0.9698 -0.1736 -0.1710
vn 0.1330 -0.9848 -0.1116
vn 0.8138 -0.5000 -0.2962
vn 0.5567 -0.7660 -0.3214
vn 0.2620 -0.9397 -0.2198
vn 0.8830 -0.3420 -0.3214
vn 0.6634 -0.6428 -0.3830
vn 0.3830 -0.8660 -0.3214
vn 0.9254 -0.1736 -0.3368
vn 0.1116 -0.9848 -0.1330
vn 0.7500 -0.5000 -0.4330
vn 0.4924 -0.7660 -0.4132
vn 0.2198 -0.9397 -0.2620
vn 0.8138 -0.3420 -0.4698
vn 0.5868 -0.6428 -0.4924
vn 0.3214 -0.8660 -0.3830
vn 0.8529 -0.1736 -0.4924
vn 0.0868 -0.9848 -0.1504
vn 0.6634 -0.5000 -0.5567
vn 0.4132 -0.7660 -0.4924
vn 0.1710 -0.9397 -0.2962
vn 0.7198 -0.3420 -0.6040
vn 0.4924 -0.6428 -0.5868
vn 0.2500 -0.8660 -0.4330
vn 0.7544 -0.1736 -0.6330
vn 0.0594 -0.9848 -0.1632
vn 0.5567 -0.5000 -0.6634
vn 0.3214 -0.7660 -0.5567
vn 0.1170 -0.9397 -0.3214
vn 0.6040 -0.3420 -0.7198
vn 0.3830 -0.6428 -0.6634
vn 0.1710 -0.8660 -0.4698
vn 0.6330 -0.1736 -0.7544
vn 0.0302 -0.9848 -0.1710
vn 0.4330 -0.5000 -0.7500
vn 0.2198 -0.7660 -0.6040
vn 0.0594 -0.9397 -0.3368
vn 0.4698 -0.3420 -0.8138
vn 0.2620 -0.6428 -0.7198
vn 0.0868 -0.8660 -0.4924
vn 0.4924 -0.1736 -0.8529
vn -0.0000 -0.9848 -0.1736
vn 0.2962 -0.5000 -0.8138
vn 0.1116 -0.7660 -0.6330
vn -0.0000 -0.9397 -0.3420
vn 0.3214 -0.3420 -0.8830
vn 0.1330 -0.6428 -0.7544
vn -0.0000 -0.8660 -0.5000
vn 0.3368 -0.1736 -0.9254
vn -0.0302 -0.9848 -0.1710
vn 0.1504 -0.5000 -0.8529
vn -0.0000 -0.7660 -0.6428
vn -0.0594 -0.9397 -0.3368
vn 0.1632 -0.3420 -0.9254
vn -0.0000 -0.6428 -0.7660
vn -0.0868 -0.8660 -0.4924
vn 0.1710 -0.1736 -0.9698
vn -0.0594 -0.9848 -0.1632
vn -0.0000 -0.5000 -0.8660
vn -0.1116 -0.7660 -0.6330
vn -0.1170 -0.9397 -0.3214
vn -0.0000 -0.3420 -0.9397
vn -0.1330 -0.6428 -0.7544
vn -0.1710 -0.8660 -0.4698
vn -0.0000 -0.1736 -0.9848
vn -0.0868 -0.9848 -0.1504
vn -0.1504 -0.5000 -0.8529
vn -0.2198 -0.7660 -0.6040
vn -0.1710 -0.9397 -0.2962
vn -0.1632 -0.3420 -0.9254
vn -0.2620 -0.6428 -0.7198
vn -0.2500 -0.8660 -0.4330
vn -0.1710 -0.1736 -0.9698
vn -0.1116 -0.9848 -0.1330
vn -0.2962 -0.5000 -0.8138
vn -0.3214 -0.7660 -0.5567
vn -0.2198 -0.9397 -0.2620
vn -0.3214 -0.3420 -0.8830
vn -0.3830 -0.6428 -0.6634
vn -0.3214 -0.8660 -0.3830
vn -0.3368 -0.1736 -0.9254
vn -0.1330 -0.9848 -0.1116
vn -0.4330 -0.5000 -0.7500
vn -0.4132 -0.7660 -0.4924
vn -0.2620 -0.9397 -0.2198
vn -0.4698 -0.3420 -0.8138
vn -0.4924 -0.6428 -0.5868
vn -0.3830 -0.8660 -0.3214
vn -0.4924 -0.1736 -0.8529
vn -0.1504 -0.9848 -0.0868
vn -0.5567 -0.5000 -0.6634
vn -0.4924 -0.7660 -0.4132
vn -0.2962 -0.9397 -0.1710
vn -0.6040 -0.3420 -0.7198
vn -0.5868 -0.6428 -0.4924
vn -0.4330 -0.8660 -0.2500
vn -0.6330 -0.1736 -0.7544
vn -0.1632 -0.9848 -0.0594
vn -0.6634 -0.5000 -0.5567
vn -0.5567 -0.7660 -0.3214
vn -0.3214 -0.9397 -0.1170
vn -0.7198 -0.3420 -0.6040
vn -0.6634 -0.6428 -0.3830
vn -0.4698 -0.8660 -0.1710
vn -0.7544 -0.1736 -0.6330
vn -0.1710 -0.9848 -0.0302
vn -0.7500 -0.5000 -0.4330
vn -0.6040 -0.7660 -0.2198
vn -0.3368 -0.9397 -0.0594
vn -0.8138 -0.3420 -0.4698
vn -0.7198 -0.6428 -0.2620
vn -0.4924 -0.8660 -0.0868
vn -0.8529 -0.1736 -0.4924
vn -0.8138 -0.5000 -0.2962
vn -0.6330 -0.7660 -0.1116
vn -0.8830 -0.3420 -0.3214
vn -0.7544 -0.6428 -0.1330
vn -0.9254 -0.1736 -0.3368
vn -0.8529 -0.5000 -0.1504
vn -0.9254 -0.3420 -0.1632
vn -0.9698 -0.1736 -0.1710
vn -0.0000 0.9877 -0.1564
vn -0.0000 0.9511 -0.3090
vn -0.0000 0.8910 -0.4540
vn -0.0000 0.8090 -0.5878
vn -0.0000 0.7071 -0.7071
vn -0.0000 0.5878 -0.8090
vn -0.0000 0.4540 -0.8910
vn -0.0000 0.3090 -0.9511
vn -0.0000 0.1564 -0.9877
vn 0.1736 0.9848 -0.0000
vn 0.3420 0.9397 -0.0000
vn 0.5000 0.8660 -0.0000
vn 0.6428 0.7660 -0.0000
vn 0.7660 0.6428 -0.0000
vn 0.8660 0.5000 -0.0000
vn 0.9397 0.3420 -0.0000
vn 0.9848 0.1736 -0.0000
vn 1.0000 0.0000 -0.0000
vn 0.9848 0.1736 -0.0000
vn 0.9397 0.3420 -0.0000
vn 0.8660 0.5000 -0.0000
vn 0.7660 0.6428 -0.0000
vn 0.6428 0.7660 -0.0000
vn 0.5000 0.8660 -0.0000
vn 0.3420 0.9397 -0.0000
vn 0.1736 0.9848 -0.0000
vn -0.1736 0.9848 0.0000
vn -0.3420 0.9397 0.0000
vn -0.5000 0.8660 0.0000
vn -0.6428 0.7660 0.0000
vn -0.7660 0.6428 0.0000
vn -0.8660 0.5000 0.0000
vn -0.9397 0.3420 0.0000
vn -0.9848 0.1736 0.0000
vn -1.0000 0.0000 -0.0000
vn -0.9848 0.0000 0.1736
vn -0.9397 0.0000 0.3420
vn -0.8660 0.0000 0.5000
vn -0.7660 0.0000 0.6428
vn -0.6428 0.0000 0.7660
vn -0.5000 0.0000 0.8660
vn -0.3420 0.0000 0.9397
vn -0.1736 0.0000 0.9848
vn 0.0000 0.0000 1.0000
vn 0.1736 0.0000 0.9848
vn 0.3420 0.0000 0.9397
vn 0.5000 0.0000 0.8660
vn 0.6428 0.0000 0.7660
vn 0.7660 0.0000 0.6428
vn 0.8660 0.0000 0.5000
vn 0.9397 0.0000 0.3420
vn 0.9848 0.0000 0.1736
vn 1.0000 0.0000 -0.0000
vn 0.9848 0.0000 -0.1736
vn 0.9397 0.0000 -0.3420
vn 0.8660 0.0000 -0.5000
vn 0.7660 0.0000 -0.6428
vn 0.6428 0.0000 -0.7660
vn 0.5000 0.0000 -0.8660
vn 0.3420 0.0000 -0.9397
vn 0.1736 0.0000 -0.9848
vn 0.0000 -0.0000 -1.0000
vn -0.1736 -0.0000 -0.9848
vn -0.3420 -0.0000 -0.9397
vn -0.5000 -0.0000 -0.8660
vn -0.6428 -0.0000 -0.7660
vn -0.7660 -0.0000 -0.6428
vn -0.8660 -0.0000 -0.5000
vn -0.9397 -0.0000 -0.3420
vn -0.9848 -0.0000 -0.1736
vn -0.1710 0.9848 0.0302
vn -0.3368 0.9397 0.0594
vn -0.4924 0.8660 0.0868
vn -0.1632 0.9848 0.0594
vn -0.6330 0.7660 0.1116
vn -0.3214 0.9397 0.1170
vn -0.7544 0.6428 0.1330
vn -0.4698 0.8660 0.1710
vn -0.1504 0.9848 0.0868
vn -0.8529 0.5000 0.1504
vn -0.6040 0.7660 0.2198
vn -0.2962 0.9397 0.1710
vn -0.9254 0.3420 0.1632
vn -0.7198 0.6428 0.2620
vn -0.4330 0.8660 0.2500
vn -0.9698 0.1736 0.1710
vn -0.1330 0.9848 0.1116
vn -0.8138 0.5000 0.2962
vn -0.5567 0.7660 0.3214
vn -0.2620 0.9397 0.2198
vn -0.8830 0.3420 0.3214
vn -0.6634 0.6428 0.3830
vn -0.3830 0.8660 0.3214
vn -0.9254 0.1736 0.3368
vn -0.1116 0.9848 0.1330
vn -0.7500 0.5000 0.4330
vn -0.4924 0.7660 0.4132
vn -0.2198 0.9397 0.2620
vn -0.8138 0.3420 0.4698
vn -0.5868 0.6428 0.4924
vn -0.3214 0.8660 0.3830
vn -0.8529 0.1736 0.4924
vn -0.0868 0.9848 0.1504
vn -0.6634 0.5000 0.5567
vn -0.4132 0.7660 0.4924
vn -0.1710 0.9397 0.2962
vn -0.7198 0.3420 0.6040
vn -0.4924 0.6428 0.5868
vn -0.2500 0.8660 0.4330
vn -0.7544 0.1736 0.6330
vn -0.0594 0.9848 0.1632
vn -0.5567 0.5000 0.6634
vn -0.3214 0.7660 0.5567
vn -0.1170 0.9397 0.3214
vn -0.6040 0.3420 0.7198
vn -0.3830 0.6428 0.6634
vn -0.1710 0.8660 0.4698
vn -0.6330 0.1736 0.7544
vn -0.0302 0.9848 0.1710
vn -0.4330 0.5000 0.7500
vn -0.2198 0.7660 0.6040
vn -0.0594 0.9397 0.3368
vn -0.4698 0.3420 0.8138
vn -0.2620 0.6428 0.7198
vn -0.0868 0.8660 0.4924
vn -0.4924 0.1736 0.8529
vn 0.0000 0.9848 0.1736
vn -0.2962 0.5000 0.8138
vn -0.1116 0.7660 0.6330
vn 0.0000 0.9397 0.3420
vn -0.3214 0.3420 0.8830
vn -0.1330 0.6428 0.7544
vn 0.0000 0.8660 0.5000
vn -0.3368 0.1736 0.9254
vn 0.0302 0.9848 0.1710
vn -0.1504 0.5000 0.8529
vn 0.0000 0.7660 0.6428
vn 0.0594 0.9397 0.3368
vn -0.1632 0.3420 0.9254
vn 0.0000 0.6428 0.7660
vn 0.0868 0.8660 0.4924
vn -0.1710 0.1736 0.9698
vn 0.0594 0.9848 0.1632
vn 0.0000 0.5000 0.8660
vn 0.1116 0.7660 0.6330
vn 0.1170 0.9397 0.3214
vn 0.0000 0.3420 0.9397
vn 0.1330 0.6428 0.7544
vn 0.1710 0.8660 0.4698
vn 0.0000 0.1736 0.9848
vn 0.0868 0.9848 0.1504
vn 0.1504 0.5000 0.8529
vn 0.2198 0.7660 0.6040
vn 0.1710 0.9397 0.2962
vn 0.1632 0.3420 0.9254
vn 0.2620 0.6428 0.7198
vn 0.2500 0.8660 0.4330
vn 0.1710 0.1736 0.9698
vn 0.1116 0.9848 0.1330
vn 0.2962 0.5000 0.8138
vn 0.3214 0.7660 0.5567
vn 0.2198 0.9397 0.2620
vn 0.3214 0.3420 0.8830
vn 0.3830 0.6428 0.6634
vn 0.3214 0.8660 0.3830
vn 0.3368 0.1736 0.9254
vn 0.1330 0.9848 0.1116
vn 0.4330 0.5000 0.7500
vn 0.4132 0.7660 0.4924
vn 0.2620 0.9397 0.2198
vn 0.4698 0.3420 0.8138
vn 0.4924 0.6428 0.5868
vn 0.3830 0.8660 0.3214
vn 0.4924 0.1736 0.8529
vn 0.1504 0.9848 0.0868
vn 0.5567 0.5000 0.6634
vn 0.4924 0.7660 0.4132
vn 0.2962 0.9397 0.1710
vn 0.6040 0.3420 0.7198
vn 0.5868 0.6428 0.4924
vn 0.4330 0.8660 0.2500
vn 0.6330 0.1736 0.7544
vn 0.1632 0.9848 0.0594
vn 0.6634 0.5000 0.5567
vn 0.5567 0.7660 0.3214
vn 0.3214 0.9397 0.1170
vn 0.7198 0.3420 0.6040
vn 0.6634 0.6428 0.3830
vn 0.4698 0.8660 0.1710
vn 0.7544 0.1736 0.6330
vn 0.1710 0.9848 0.0302
vn 0.7500 0.5000 0.4330
vn 0.6040 0.7660 0.2198
vn 0.3368 0.9397 0.0594
vn 0.8138 0.3420 0.4698
vn 0.7198 0.6428 0.2620
vn 0.4924 0.8660 0.0868
vn 0.8529 0.1736 0.4924
vn 0.1736 0.9848 -0.0000
vn 0.8138 0.5000 0.2962
vn 0.6330 0.7660 0.1116
vn 0.3420 0.9397 -0.0000
vn 0.8830 0.3420 0.3214
vn 0.7544 0.6428 0.1330
vn 0.5000 0.8660 -0.0000
vn 0.9254 0.1736 0.3368
vn 0.1710 0.9848 -0.0302
vn 0.8529 0.5000 0.1504
vn 0.6428 0.7660 -0.0000
vn 0.3368 0.9397 -0.0594
vn 0.9254 0.3420 0.1632
vn 0.7660 0.6428 -0.0000
vn 0.4924 0.8660 -0.0868
vn 0.9698 0.1736 0.1710
vn 0.1632 0.9848 -0.0594
vn 0.8660 0.5000 -0.0000
vn 0.6330 0.7660 -0.1116
vn 0.3214 0.9397 -0.1170
vn 0.9397 0.3420 -0.0000
vn 0.7544 0.6428 -0.1330
vn 0.4698 0.8660 -0.1710
vn 0.9848 0.1736 -0.0000
vn 0.1504 0.9848 -0.0868
vn 0.8529 0.5000 -0.1504
vn 0.6040 0.7660 -0.2198
vn 0.2962 0.9397 -0.1710
vn 0.9254 0.3420 -0.1632
vn 0.7198 0.6428 -0.2620
vn 0.4330 0.8660 -0.2500
vn 0.9698 0.1736 -0.1710
vn 0.1330 0.9848 -0.1116
vn 0.8138 0.5000 -0.2962
vn 0.5567 0.7660 -0.3214
vn 0.2620 0.9397 -0.2198
vn 0.8830 0.3420 -0.3214
vn 0.6634 0.6428 -0.3830
vn 0.3830 0.8660 -0.3214
vn 0.9254 0.1736 -0.3368
vn 0.1116 0.9848 -0.1330
vn 0.7500 0.5000 -0.4330
vn 0.4924 0.7660 -0.4132
vn 0.2198 0.9397 -0.2620
vn 0.8138 0.3420 -0.4698
vn 0.5868 0.6428 -0.4924
vn 0.3214 0.8660 -0.3830
vn 0.8529 0.1736 -0.4924
vn 0.0868 0.9848 -0.1504
vn 0.6634 0.5000 -0.5567
vn 0.4132 0.7660 -0.4924
vn 0.1710 0.9397 -0.2962
vn 0.7198 0.3420 -0.6040
vn 0.4924 0.6428 -0.5868
vn 0.2500 0.8660 -0.4330
vn 0.7544 0.1736 -0.6330
vn 0.0594 0.9848 -0.1632
vn 0.5567 0.5000 -0.6634
vn 0.3214 0.7660 -0.5567
vn 0.1170 0.9397 -0.3214
vn 0.6040 0.3420 -0.7198
vn 0.3830 0.6428 -0.6634
vn 0.1710 0.8660 -0.4698
vn 0.6330 0.1736 -0.7544
vn 0.0302 0.9848 -0.1710
vn 0.4330 0.5000 -0.7500
vn 0.2198 0.7660 -0.6040
vn 0.0594 0.9397 -0.3368
vn 0.4698 0.3420 -0.8138
vn 0.2620 0.6428 -0.7198
vn 0.0868 0.8660 -0.4924
vn 0.4924 0.1736 -0.8529
vn -0.0000 0.9848 -0.1736
vn 0.2962 0.5000 -0.8138
vn 0.1116 0.7660 -0.6330
vn -0.0000 0.9397 -0.3420
vn 0.3214 0.3420 -0.8830
vn 0.1330 0.6428 -0.7544
vn -0.0000 0.8660 -0.5000
vn 0.3368 0.1736 -0.9254
vn -0.0302 0.9848 -0.1710
vn 0.1504 0.5000 -0.8529
vn -0.0000 0.7660 -0.6428
vn -0.0594 0.9397 -0.3368
vn 0.1632 0.3420 -0.9254
vn -0.0000 0.6428 -0.7660
vn -0.0868 0.8660 -0.4924
vn 0.1710 0.1736 -0.9698
vn -0.0594 0.9848 -0.1632
vn -0.0000 0.5000 -0.8660
vn -0.1116 0.7660 -0.6330
vn -0.1170 0.9397 -0.3214
vn -0.0000 0.3420 -0.9397
vn -0.1330 0.6428 -0.7544
vn -0.1710 0.8660 -0.4698
vn -0.0000 0.1736 -0.9848
vn -0.0868 0.9848 -0.1504
vn -0.1504 0.5000 -0.8529
vn -0.2198 0.7660 -0.6040
vn -0.1710 0.9397 -0.2962
vn -0.1632 0.3420 -0.9254
vn -0.2620 0.6428 -0.7198
vn -0.2500 0.8660 -0.4330
vn -0.1710 0.1736 -0.9698
vn -0.1116 0.9848 -0.1330
vn -0.2962 0.5000 -0.8138
vn -0.3214 0.7660 -0.5567
vn -0.2198 0.9397 -0.2620
vn -0.3214 0.3420 -0.8830
vn -0.3830 0.6428 -0.6634
vn -0.3214 0.8660 -0.3830
vn -0.3368 0.1736 -0.9254
vn -0.1330 0.9848 -0.1116
vn -0.4330 0.5000 -0.7500
vn -0.4132 0.7660 -0.4924
vn -0.2620 0.9397 -0.2198
vn -0.4698 0.3420 -0.8138
vn -0.4924 0.6428 -0.5868
vn -0.3830 0.8660 -0.3214
vn -0.4924 0.1736 -0.8529
vn -0.1504 0.9848 -0.0868
vn -0.5567 0.5000 -0.6634
vn -0.4924 0.7660 -0.4132
vn -0.2962 0.9397 -0.1710
vn -0.6040 0.3420 -0.7198
vn -0.5868 0.6428 -0.4924
vn -0.4330 0.8660 -0.2500
vn -0.6330 0.1736 -0.7544
vn -0.1632 0.9848 -0.0594
vn -0.6634 0.5000 -0.5567
vn -0.5567 0.7660 -0.3214
vn -0.3214 0.9397 -0.1170
vn -0.7198 0.3420 -0.6040
vn -0.6634 0.6428 -0.3830
vn -0.4698 0.8660 -0.1710
vn -0.7544 0.1736 -0.6330
vn -0.1710 0.9848 -0.0302
vn -0.7500 0.5000 -0.4330
vn -0.6040 0.7660 -0.2198
vn -0.3368 0.9397 -0.0594
vn -0.8138 0.3420 -0.4698
vn -0.7198 0.6428 -0.2620
vn -0.4924 0.8660 -0.0868
vn -0.8529 0.1736 -0.4924
vn -0.8138 0.5000 -0.2962
vn -0.6330 0.7660 -0.1116
vn -0.8830 0.3420 -0.3214
vn -0.7544 0.6428 -0.1330
vn -0.9254 0.1736 -0.3368
vn -0.8529 0.5000 -0.1504
vn -0.9254 0.3420 -0.1632
vn -0.9698 0.1736 -0.1710
vn 0.9848 -0.0000 -0.1736
vn 0.9397 -0.0000 -0.3420
vn 0.8660 -0.0000 -0.5000
vn 0.7660 -0.0000 -0.6428
vn 0.6428 -0.0000 -0.7660
vn 0.5000 -0.0000 -0.8660
vn 0.3420 -0.0000 -0.9397
vn 0.1736 -0.0000 -0.9848
vn 0.9848 -0.0000 -0.1736
vn 0.9397 -0.0000 -0.3420
vn 0.8660 -0.0000 -0.5000
vn 0.7660 -0.0000 -0.6428
vn 0.6428 -0.0000 -0.7660
vn 0.5000 -0.0000 -0.8660
vn 0.3420 -0.0000 -0.9397
vn 0.1736 -0.0000 -0.9848
vn 0.9749 -0.0249 0.2211
vn 0.9749 -0.0735 0.2100
vn 0.9749 -0.1184 0.1884
vn 0.9010 -0.0965 0.4230
vn 0.9749 -0.1573 0.1573
vn 0.9010 -0.1883 0.3909
vn 0.7818 -0.0698 0.6196
vn 0.9749 -0.1884 0.1184
vn 0.9010 -0.2705 0.3392
vn 0.7818 -0.2059 0.5885
vn 0.9749 -0.2100 0.0735
vn 0.9010 -0.3392 0.2705
vn 0.7818 -0.3317 0.5279
vn 0.6235 -0.1740 0.7622
vn 0.9749 -0.2211 0.0249
vn 0.9010 -0.3909 0.1883
vn 0.7818 -0.4409 0.4409
vn 0.6235 -0.3392 0.7044
vn 0.4339 -0.1009 0.8953
vn 0.9010 -0.4230 0.0965
vn 0.7818 -0.5279 0.3317
vn 0.6235 -0.4875 0.6113
vn 0.4339 -0.2976 0.8504
vn 0.7818 -0.5885 0.2059
vn 0.6235 -0.6113 0.4875
vn 0.4339 -0.4793 0.7629
vn 0.2225 -0.2169 0.9505
vn 0.7818 -0.6196 0.0698
vn 0.6235 -0.7044 0.3392
vn 0.4339 -0.6371 0.6371
vn 0.2225 -0.4230 0.8784
vn 0.6235 -0.7622 0.1740
vn 0.4339 -0.7629 0.4793
vn 0.2225 -0.6079 0.7622
vn 0.4339 -0.8504 0.2976
vn 0.2225 -0.7622 0.6079
vn 0.4339 -0.8953 0.1009
vn 0.2225 -0.8784 0.4230
vn 0.2225 -0.9505 0.2169
vn 0.0249 0.9749 0.2211
vn 0.0735 0.9749 0.2100
vn 0.1184 0.9749 0.1884
vn 0.0965 0.9010 0.4230
vn 0.1573 0.9749 0.1573
vn 0.1883 0.9010 0.3909
vn 0.0698 0.7818 0.6196
vn 0.1884 0.9749 0.1184
vn 0.2705 0.9010 0.3392
vn 0.2059 0.7818 0.5885
vn 0.2100 0.9749 0.0735
vn 0.3392 0.9010 0.2705
vn 0.3317 0.7818 0.5279
vn 0.1740 0.6235 0.7622
vn 0.2211 0.9749 0.0249
vn 0.3909 0.9010 0.1883
vn 0.4409 0.7818 0.4409
vn 0.3392 0.6235 0.7044
vn 0.1009 0.4339 0.8953
vn 0.4230 0.9010 0.0965
vn 0.5279 0.7818 0.3317
vn 0.4875 0.6235 0.6113
vn 0.2976 0.4339 0.8504
vn 0.5885 0.7818 0.2059
vn 0.6113 0.6235 0.4875
vn 0.4793 0.4339 0.7629
vn 0.2169 0.2225 0.9505
vn 0.6196 0.7818 0.0698
vn 0.7044 0.6235 0.3392
vn 0.6371 0.4339 0.6371
vn 0.4230 0.2225 0.8784
vn 0.7622 0.6235 0.1740
vn 0.7629 0.4339 0.4793
vn 0.6079 0.2225 0.7622
vn 0.8504 0.4339 0.2976
vn 0.7622 0.2225 0.6079
vn 0.8953 0.4339 0.1009
vn 0.8784 0.2225 0.4230
vn 0.9505 0.2225 0.2169
vn 0.9749 -0.0249 -0.2211
vn 0.9749 -0.0735 -0.2100
vn 0.9749 -0.1184 -0.1884
vn 0.9010 -0.0965 -0.4230
vn 0.9749 -0.1573 -0.1573
vn 0.9010 -0.1883 -0.3909
vn 0.7818 -0.0698 -0.6196
vn 0.9749 -0.1884 -0.1184
vn 0.9010 -0.2705 -0.3392
vn 0.7818 -0.2059 -0.5885
vn 0.9749 -0.2100 -0.0735
vn 0.9010 -0.3392 -0.2705
vn 0.7818 -0.3317 -0.5279
vn 0.6235 -0.1740 -0.7622
vn 0.9749 -0.2211 -0.0249
vn 0.9010 -0.3909 -0.1883
vn 0.7818 -0.4409 -0.4409
vn 0.6235 -0.3392 -0.7044
vn 0.4339 -0.1009 -0.8953
vn 0.9010 -0.4230 -0.0965
vn 0.7818 -0.5279 -0.3317
vn 0.6235 -0.4875 -0.6113
vn 0.4339 -0.2976 -0.8504
vn 0.7818 -0.5885 -0.2059
vn 0.6235 -0.6113 -0.4875
vn 0.4339 -0.4793 -0.7629
vn 0.2225 -0.2169 -0.9505
vn 0.7818 -0.6196 -0.0698
vn 0.6235 -0.7044 -0.3392
vn 0.4339 -0.6371 -0.6371
vn 0.2225 -0.4230 -0.8784
vn 0.6235 -0.7622 -0.1740
vn 0.4339 -0.7629 -0.4793
vn 0.2225 -0.6079 -0.7622
vn 0.4339 -0.8504 -0.2976
vn 0.2225 -0.7622 -0.6079
vn 0.4339 -0.8953 -0.1009
vn 0.2225 -0.8784 -0.4230
vn 0.2225 -0.9505 -0.2169
vn 0.9749 0.2211 -0.0249
vn 0.9749 0.2100 -0.0735
vn 0.9749 0.1884 -0.1184
vn 0.9010 0.4230 -0.0965
vn 0.9749 0.1573 -0.1573
vn 0.9010 0.3909 -0.1883
vn 0.7818 0.6196 -0.0698
vn 0.9749 0.1184 -0.1884
vn 0.9010 0.3392 -0.2705
vn 0.7818 0.5885 -0.2059
vn 0.9749 0.0735 -0.2100
vn 0.9010 0.2705 -0.3392
vn 0.7818 0.5279 -0.3317
vn 0.6235 0.7622 -0.1740
vn 0.9749 0.0249 -0.2211
vn 0.9010 0.1883 -0.3909
vn 0.7818 0.4409 -0.4409
vn 0.6235 0.7044 -0.3392
vn 0.4339 0.8953 -0.1009
vn 0.9010 0.0965 -0.4230
vn 0.7818 0.3317 -0.5279
vn 0.6235 0.6113 -0.4875
vn 0.4339 0.8504 -0.2976
vn 0.7818 0.2059 -0.5885
vn 0.6235 0.4875 -0.6113
vn 0.4339 0.7629 -0.4793
vn 0.2225 0.9505 -0.2169
vn 0.7818 0.0698 -0.6196
vn 0.6235 0.3392 -0.7044
vn 0.4339 0.6371 -0.6371
vn 0.2225 0.8784 -0.4230
vn 0.6235 0.1740 -0.7622
vn 0.4339 0.4793 -0.7629
vn 0.2225 0.7622 -0.6079
vn 0.4339 0.2976 -0.8504
vn 0.2225 0.6079 -0.7622
vn 0.4339 0.1009 -0.8953
vn 0.2225 0.4230 -0.8784
vn 0.2225 0.2169 -0.9505
f 2//2 3//3 1//1
f 2//2 4//4 3//3
f 15//15 2//2 1//1
f 15//15 1//1 5//5
f 16//16 5//5 6//6
f 16//16 15//15 5//5
f 17//17 6//6 7//7
f 17//17 7//7 8//8
f 17//17 16//16 6//6
f 18//18 17//17 8//8
f 19//19 8//8 9//9
f 19//19 18//18 8//8
f 20//20 9//9 10//10
f 20//20 19//19 9//9
f 21//21 10//10 11//11
f 21//21 20//20 10//10
f 22//22 11//11 12//12
f 22//22 12//12 13//13
f 22//22 21//21 11//11
f 14//14 22//22 13//13
f 40//40 31//31 1//1
f 40//40 1//1 3//3
f 39//39 30//30 31//31
f 39//39 31//31 40//40
f 38//38 28//28 29//29
f 38//38 29//29 30//30
f 38//38 30//30 39//39
f 37//37 28//28 38//38
f 36//36 27//27 28//28
f 36//36 28//28 37//37
f 35//35 26//26 27//27
f 35//35 27//27 36//36
f 34//34 25//25 26//26
f 34//34 26//26 35//35
f 33//33 24//24 25//25
f 33//33 25//25 34//34
f 32//32 23//23 24//24
f 32//32 24//24 33//33
f 51//51 2//2 49//49
f 51//51 4//4 2//2
f 52//52 49//49 48//48
f 52//52 51//51 49//49
f 53//53 48//48 47//47
f 53//53 52//52 48//48
f 54//54 47//47 46//46
f 54//54 53//53 47//47
f 55//55 46//46 45//45
f 55//55 54//54 46//46
f 56//56 45//45 44//44
f 56//56 55//55 45//45
f 57//57 44//44 43//43
f 57//57 56//56 44//44
f 58//58 43//43 42//42
f 58//58 57//57 43//43
f 50//50 42//42 41//41
f 50//50 58//58 42//42
f 4//4 59//59 3//3
f 77//77 60//60 59//59
f 77//77 59//59 4//4
f 76//76 61//61 60//60
f 76//76 60//60 77//77
f 75//75 62//62 61//61
f 75//75 61//61 76//76
f 74//74 63//63 62//62
f 74//74 62//62 75//75
f 73//73 64//64 63//63
f 73//73 63//63 74//74
f 72//72 65//65 64//64
f 72//72 64//64 73//73
f 71//71 66//66 65//65
f 71//71 65//65 72//72
f 70//70 67//67 66//66
f 70//70 66//66 71//71
f 69//69 68//68 67//67
f 69//69 67//67 70//70
f 5//5 1//1 31//31
f 13//13 12//12 85//85
f 86//86 24//24 23//23
f 86//86 25//25 24//24
f 87//87 86//86 23//23
f 88//88 87//87 23//23
f 89//89 26//26 25//25
f 89//89 25//25 86//86
f 89//89 86//86 87//87
f 90//90 88//88 23//23
f 91//91 89//89 87//87
f 91//91 87//87 88//88
f 92//92 27//27 26//26
f 92//92 28//28 27//27
f 92//92 26//26 89//89
f 93//93 90//90 23//23
f 94//94 91//91 88//88
f 94//94 88//88 90//90
f 95//95 92//92 89//89
f 95//95 89//89 91//91
f 96//96 93//93 23//23
f 97//97 90//90 93//93
f 97//97 94//94 90//90
f 98//98 91//91 94//94
f 98//98 95//95 91//91
f 99//99 29//29 28//28
f 99//99 92//92 95//95
f 99//99 28//28 92//92
f 100//100 23//23 78//78
f 100//100 78//78 79//79
f 100//100 96//96 23//23
f 101//101 93//93 96//96
f 101//101 97//97 93//93
f 102//102 94//94 97//97
f 102//102 98//98 94//94
f 103//103 95//95 98//98
f 103//103 99//99 95//95
f 104//104 30//30 29//29
f 104//104 29//29 99//99
f 105//105 79//79 80//80
f 105//105 100//100 79//79
f 105//105 96//96 100//100
f 105//105 101//101 96//96
f 106//106 97//97 101//101
f 106//106 102//102 97//97
f 107//107 103//103 98//98
f 107//107 98//98 102//102
f 108//108 99//99 103//103
f 108//108 104//104 99//99
f 109//109 101//101 105//105
f 109//109 106//106 101//101
f 110//110 102//102 106//106
f 110//110 107//107 102//102
f 111//111 103//103 107//107
f 111//111 108//108 103//103
f 112//112 31//31 30//30
f 112//112 6//6 5//5
f 112//112 104//104 108//108
f 112//112 5//5 31//31
f 112//112 30//30 104//104
f 113//113 80//80 81//81
f 113//113 81//81 82//82
f 113//113 105//105 80//80
f 113//113 109//109 105//105
f 114//114 110//110 106//106
f 114//114 106//106 109//109
f 115//115 107//107 110//110
f 115//115 111//111 107//107
f 116//116 7//7 6//6
f 116//116 108//108 111//111
f 116//116 6//6 112//112
f 116//116 112//112 108//108
f 117//117 82//82 83//83
f 117//117 113//113 82//82
f 117//117 109//109 113//113
f 117//117 114//114 109//109
f 118//118 115//115 110//110
f 118//118 110//110 114//114
f 119//119 8//8 7//7
f 119//119 9//9 8//8
f 119//119 111//111 115//115
f 119//119 116//116 111//111
f 119//119 7//7 116//116
f 120//120 114//114 117//117
f 120//120 118//118 114//114
f 121//121 10//10 9//9
f 121//121 119//119 115//115
f 121//121 115//115 118//118
f 121//121 9//9 119//119
f 122//122 83//83 84//84
f 122//122 117//117 83//83
f 122//122 120//120 117//117
f 123//123 11//11 10//10
f 123//123 118//118 120//120
f 123//123 121//121 118//118
f 123//123 10//10 121//121
f 124//124 84//84 85//85
f 124//124 12//12 11//11
f 124//124 11//11 123//123
f 124//124 122//122 84//84
f 124//124 120//120 122//122
f 124//124 123//123 120//120
f 124//124 85//85 12//12
f 15//15 49//49 2//2
f 14//14 132//132 22//22
f 133//133 41//41 42//42
f 133//133 42//42 43//43
f 134//134 41//41 133//133
f 135//135 41//41 134//134
f 136//136 43//43 44//44
f 136//136 133//133 43//43
f 136//136 134//134 133//133
f 137//137 41//41 135//135
f 138//138 134//134 136//136
f 138//138 135//135 134//134
f 139//139 44//44 45//45
f 139//139 45//45 46//46
f 139//139 136//136 44//44
f 140//140 41//41 137//137
f 141//141 135//135 138//138
f 141//141 137//137 135//135
f 142//142 136//136 139//139
f 142//142 138//138 136//136
f 143//143 41//41 140//140
f 144//144 140//140 137//137
f 144//144 137//137 141//141
f 145//145 141//141 138//138
f 145//145 138//138 142//142
f 146//146 46//46 47//47
f 146//146 142//142 139//139
f 146//146 139//139 46//46
f 147//147 125//125 41//41
f 147//147 126//126 125//125
f 147//147 41//41 143//143
f 148//148 143//143 140//140
f 148//148 140//140 144//144
f 149//149 144//144 141//141
f 149//149 141//141 145//145
f 150//150 145//145 142//142
f 150//150 142//142 146//146
f 151//151 47//47 48//48
f 151//151 146//146 47//47
f 152//152 127//127 126//126
f 152//152 126//126 147//147
f 152//152 147//147 143//143
f 152//152 143//143 148//148
f 153//153 148//148 144//144
f 153//153 144//144 149//149
f 154//154 145//145 150//150
f 154//154 149//149 145//145
f 155//155 150//150 146//146
f 155//155 146//146 151//151
f 156//156 152//152 148//148
f 156//156 148//148 153//153
f 157//157 153//153 149//149
f 157//157 149//149 154//154
f 158//158 154//154 150//150
f 158//158 150//150 155//155
f 159//159 48//48 49//49
f 159//159 15//15 16//16
f 159//159 155//155 151//151
f 159//159 49//49 15//15
f 159//159 151//151 48//48
f 160//160 128//128 127//127
f 160//160 129//129 128//128
f 160//160 127//127 152//152
f 160//160 152//152 156//156
f 161//161 153//153 157//157
f 161//161 156//156 153//153
f 162//162 157//157 154//154
f 162//162 154//154 158//158
f 163//163 16//16 17//17
f 163//163 158//158 155//155
f 163//163 159//159 16//16
f 163//163 155//155 159//159
f 164//164 130//130 129//129
f 164//164 129//129 160//160
f 164//164 160//160 156//156
f 164//164 156//156 161//161
f 165//165 157//157 162//162
f 165//165 161//161 157//157
f 166//166 17//17 18//18
f 166//166 18//18 19//19
f 166//166 162//162 158//158
f 166//166 158//158 163//163
f 166//166 163//163 17//17
f 167//167 164//164 161//161
f 167//167 161//161 165//165
f 168//168 19//19 20//20
f 168//168 162//162 166//166
f 168//168 165//165 162//162
f 168//168 166//166 19//19
f 169//169 131//131 130//130
f 169//169 130//130 164//164
f 169//169 164//164 167//167
f 170//170 20//20 21//21
f 170//170 167//167 165//165
f 170//170 165//165 168//168
f 170//170 168//168 20//20
f 171//171 132//132 131//131
f 171//171 21//21 22//22
f 171//171 170//170 21//21
f 171//171 131//131 169//169
f 171//171 169//169 167//167
f 171//171 167//167 170//170
f 171//171 22//22 132//132
f 173//173 14//14 13//13
f 172//172 14//14 173//173
f 199//199 23//23 198//198
f 200//200 23//23 199//199
f 197//197 198//198 23//23
f 201//201 23//23 200//200
f 196//196 197//197 23//23
f 202//202 23//23 201//201
f 195//195 196//196 23//23
f 203//203 23//23 202//202
f 194//194 23//23 32//32
f 194//194 195//195 23//23
f 193//193 194//194 32//32
f 192//192 193//193 32//32
f 191//191 192//192 32//32
f 190//190 191//191 32//32
f 189//189 190//190 32//32
f 188//188 189//189 32//32
f 187//187 188//188 32//32
f 186//186 187//187 32//32
f 185//185 186//186 32//32
f 174//174 203//203 204//204
f 174//174 204//204 205//205
f 174//174 205//205 206//206
f 174//174 206//206 207//207
f 174//174 207//207 208//208
f 174//174 208//208 209//209
f 174//174 209//209 210//210
f 174//174 210//210 211//211
f 174//174 211//211 176//176
f 174//174 23//23 203//203
f 175//175 176//176 177//177
f 175//175 177//177 178//178
f 175//175 178//178 179//179
f 175//175 179//179 180//180
f 175//175 180//180 181//181
f 175//175 181//181 182//182
f 175//175 182//182 183//183
f 175//175 183//183 184//184
f 175//175 184//184 185//185
f 175//175 174//174 176//176
f 175//175 185//185 32//32
f 59//59 40//40 3//3
f 68//68 219//219 67//67
f 220//220 32//32 33//33
f 220//220 33//33 34//34
f 221//221 32//32 220//220
f 222//222 32//32 221//221
f 223//223 34//34 35//35
f 223//223 220//220 34//34
f 223//223 221//221 220//220
f 224//224 32//32 222//222
f 225//225 221//221 223//223
f 225//225 222//222 221//221
f 226//226 35//35 36//36
f 226//226 36//36 37//37
f 226//226 223//223 35//35
f 227//227 32//32 224//224
f 228//228 224//224 222//222
f 228//228 222//222 225//225
f 229//229 225//225 223//223
f 229//229 223//223 226//226
f 230//230 32//32 227//227
f 231//231 227//227 224//224
f 231//231 224//224 228//228
f 232//232 228//228 225//225
f 232//232 225//225 229//229
f 233//233 37//37 38//38
f 233//233 229//229 226//226
f 233//233 226//226 37//37
f 234//234 212//212 32//32
f 234//234 213//213 212//212
f 234//234 32//32 230//230
f 235//235 230//230 227//227
f 235//235 227//227 231//231
f 236//236 231//231 228//228
f 236//236 228//228 232//232
f 237//237 232//232 229//229
f 237//237 229//229 233//233
f 238//238 38//38 39//39
f 238//238 233//233 38//38
f 239//239 230//230 235//235
f 239//239 214//214 213//213
f 239//239 213//213 234//234
f 239//239 234//234 230//230
f 240//240 231//231 236//236
f 240//240 235//235 231//231
f 241//241 232//232 237//237
f 241//241 236//236 232//232
f 242//242 237//237 233//233
f 242//242 233//233 238//238
f 243//243 235//235 240//240
f 243//243 239//239 235//235
f 244//244 236//236 241//241
f 244//244 240//240 236//236
f 245//245 241//241 237//237
f 245//245 237//237 242//242
f 246//246 39//39 40//40
f 246//246 59//59 60//60
f 246//246 242//242 238//238
f 246//246 40//40 59//59
f 246//246 238//238 39//39
f 247//247 214//214 239//239
f 247//247 215//215 214//214
f 247//247 239//239 243//243
f 247//247 216//216 215//215
f 248//248 240//240 244//244
f 248//248 243//243 240//240
f 249//249 241//241 245//245
f 249//249 244//244 241//241
f 250//250 246//246 60//60
f 250//250 60//60 61//61
f 250//250 61//61 62//62
f 250//250 245//245 242//242
f 250//250 242//242 246//246
f 251//251 217//217 216//216
f 251//251 247//247 243//243
f 251//251 216//216 247//247
f 251//251 243//243 248//248
f 252//252 248//248 244//244
f 252//252 244//244 249//249
f 253//253 62//62 63//63
f 253//253 249//249 245//245
f 253//253 245//245 250//250
f 253//253 250//250 62//62
f 254//254 248//248 252//252
f 254//254 251//251 248//248
f 255//255 63//63 64//64
f 255//255 253//253 63//63
f 255//255 252//252 249//249
f 255//255 249//249 253//253
f 256//256 218//218 217//217
f 256//256 217//217 251//251
f 256//256 251//251 254//254
f 257//257 64//64 65//65
f 257//257 65//65 66//66
f 257//257 254//254 252//252
f 257//257 252//252 255//255
f 257//257 255//255 64//64
f 258//258 219//219 218//218
f 258//258 66//66 67//67
f 258//258 218//218 256//256
f 258//258 256//256 254//254
f 258//258 254//254 257//257
f 258//258 257//257 66//66
f 258//258 67//67 219//219
f 284//284 283//283 41//41
f 285//285 284//284 41//41
f 282//282 41//41 283//283
f 286//286 285//285 41//41
f 281//281 41//41 282//282
f 287//287 286//286 41//41
f 280//280 41//41 281//281
f 288//288 287//287 41//41
f 279//279 50//50 41//41
f 279//279 41//41 280//280
f 278//278 50//50 279//279
f 277//277 50//50 278//278
f 276//276 50//50 277//277
f 275//275 50//50 276//276
f 274//274 50//50 275//275
f 273//273 50//50 274//274
f 272//272 50//50 273//273
f 271//271 50//50 272//272
f 270//270 50//50 271//271
f 259//259 289//289 288//288
f 259//259 290//290 289//289
f 259//259 291//291 290//290
f 259//259 292//292 291//291
f 259//259 293//293 292//292
f 259//259 294//294 293//293
f 259//259 295//295 294//294
f 259//259 296//296 295//295
f 259//259 261//261 296//296
f 259//259 288//288 41//41
f 260//260 262//262 261//261
f 260//260 263//263 262//262
f 260//260 264//264 263//263
f 260//260 265//265 264//264
f 260//260 266//266 265//265
f 260//260 267//267 266//266
f 260//260 268//268 267//267
f 260//260 269//269 268//268
f 260//260 270//270 269//269
f 260//260 261//261 259//259
f 260//260 50//50 270//270
f 51//51 77//77 4//4
f 50//50 304//304 58//58
f 305//305 69//69 70//70
f 305//305 70//70 71//71
f 306//306 69//69 305//305
f 307//307 69//69 306//306
f 308//308 71//71 72//72
f 308//308 305//305 71//71
f 308//308 306//306 305//305
f 309//309 69//69 307//307
f 310//310 306//306 308//308
f 310//310 307//307 306//306
f 311//311 72//72 73//73
f 311//311 73//73 74//74
f 311//311 308//308 72//72
f 312//312 69//69 309//309
f 313//313 307//307 310//310
f 313//313 309//309 307//307
f 314//314 308//308 311//311
f 314//314 310//310 308//308
f 315//315 69//69 312//312
f 316//316 312//312 309//309
f 316//316 309//309 313//313
f 317//317 313//313 310//310
f 317//317 310//310 314//314
f 318//318 74//74 75//75
f 318//318 314//314 311//311
f 318//318 311//311 74//74
f 319//319 297//297 69//69
f 319//319 298//298 297//297
f 319//319 69//69 315//315
f 320//320 315//315 312//312
f 320//320 312//312 316//316
f 321//321 316//316 313//313
f 321//321 313//313 317//317
f 322//322 317//317 314//314
f 322//322 314//314 318//318
f 323//323 75//75 76//76
f 323//323 318//318 75//75
f 324//324 299//299 298//298
f 324//324 298//298 319//319
f 324//324 319//319 315//315
f 324//324 315//315 320//320
f 325//325 320//320 316//316
f 325//325 316//316 321//321
f 326//326 317//317 322//322
f 326//326 321//321 317//317
f 327//327 322//322 318//318
f 327//327 318//318 323//323
f 328//328 324//324 320//320
f 328//328 320//320 325//325
f 329//329 325//325 321//321
f 329//329 321//321 326//326
f 330//330 326//326 322//322
f 330//330 322//322 327//327
f 331//331 76//76 77//77
f 331//331 51//51 52//52
f 331//331 327//327 323//323
f 331//331 77//77 51//51
f 331//331 323//323 76//76
f 332//332 300//300 299//299
f 332//332 301//301 300//300
f 332//332 299//299 324//324
f 332//332 324//324 328//328
f 333//333 325//325 329//329
f 333//333 328//328 325//325
f 334//334 329//329 326//326
f 334//334 326//326 330//330
f 335//335 52//52 53//53
f 335//335 330//330 327//327
f 335//335 331//331 52//52
f 335//335 327//327 331//331
f 336//336 302//302 301//301
f 336//336 301//301 332//332
f 336//336 332//332 328//328
f 336//336 328//328 333//333
f 337//337 329//329 334//334
f 337//337 333//333 329//329
f 338//338 53//53 54//54
f 338//338 334//334 330//330
f 338//338 330//330 335//335
f 338//338 335//335 53//53
f 339//339 336//336 333//333
f 339//339 333//333 337//337
f 340//340 54//54 55//55
f 340//340 55//55 56//56
f 340//340 338//338 54//54
f 340//340 334//334 338//338
f 340//340 337//337 334//334
f 341//341 303//303 302//302
f 341//341 302//302 336//336
f 341//341 336//336 339//339
f 342//342 56//56 57//57
f 342//342 340//340 56//56
f 342//342 339//339 337//337
f 342//342 337//337 340//340
f 343//343 304//304 303//303
f 343//343 57//57 58//58
f 343//343 342//342 57//57
f 343//343 303//303 341//341
f 343//343 341//341 339//339
f 343//343 339//339 342//342
f 343//343 58//58 304//304
f 345//345 68//68 69//69
f 344//344 345//345 69//69
f 346//346 13//13 85//85
f 346//346 173//173 13//13
f 347//347 85//85 84//84
f 347//347 346//346 85//85
f 348//348 84//84 83//83
f 348//348 347//347 84//84
f 349//349 83//83 82//82
f 349//349 348//348 83//83
f 350//350 82//82 81//81
f 350//350 349//349 82//82
f 351//351 81//81 80//80
f 351//351 350//350 81//81
f 352//352 79//79 78//78
f 352//352 80//80 79//79
f 352//352 351//351 80//80
f 353//353 352//352 78//78
f 174//174 78//78 23//23
f 174//174 353//353 78//78
f 361//361 132//132 14//14
f 361//361 14//14 172//172
f 360//360 130//130 131//131
f 360//360 131//131 132//132
f 360//360 132//132 361//361
f 359//359 130//130 360//360
f 358//358 129//129 130//130
f 358//358 130//130 359//359
f 357//357 128//128 129//129
f 357//357 129//129 358//358
f 356//356 127//127 128//128
f 356//356 128//128 357//357
f 355//355 125//125 126//126
f 355//355 126//126 127//127
f 355//355 127//127 356//356
f 354//354 125//125 355//355
f 259//259 41//41 125//125
f 259//259 125//125 354//354
f 372//372 173//173 370//370
f 372//372 172//172 173//173
f 373//373 370//370 369//369
f 373//373 372//372 370//370
f 374//374 369//369 368//368
f 374//374 373//373 369//369
f 375//375 368//368 367//367
f 375//375 374//374 368//368
f 376//376 367//367 366//366
f 376//376 375//375 367//367
f 377//377 366//366 365//365
f 377//377 376//376 366//366
f 378//378 365//365 364//364
f 378//378 377//377 365//365
f 379//379 363//363 362//362
f 379//379 364//364 363//363
f 379//379 378//378 364//364
f 371//371 379//379 362//362
f 380//380 219//219 68//68
f 380//380 68//68 345//345
f 381//381 218//218 219//219
f 381//381 219//219 380//380
f 382//382 217//217 218//218
f 382//382 218//218 381//381
f 383//383 216//216 217//217
f 383//383 217//217 382//382
f 384//384 215//215 216//216
f 384//384 216//216 383//383
f 385//385 214//214 215//215
f 385//385 215//215 384//384
f 386//386 212//212 213//213
f 386//386 213//213 214//214
f 386//386 214//214 385//385
f 387//387 212//212 386//386
f 175//175 32//32 212//212
f 175//175 212//212 387//387
f 404//404 395//395 174//174
f 404//404 174//174 175//175
f 403//403 394//394 395//395
f 403//403 395//395 404//404
f 402//402 392//392 393//393
f 402//402 393//393 394//394
f 402//402 394//394 403//403
f 401//401 392//392 402//402
f 400//400 391//391 392//392
f 400//400 392//392 401//401
f 399//399 390//390 391//391
f 399//399 391//391 400//400
f 398//398 389//389 390//390
f 398//398 390//390 399//399
f 397//397 388//388 389//389
f 397//397 389//389 398//398
f 396//396 362//362 388//388
f 396//396 388//388 397//397
f 413//413 412//412 448//448
f 449//449 176//176 405//405
f 449//449 177//177 176//176
f 450//450 405//405 406//406
f 450//450 449//449 405//405
f 451//451 406//406 407//407
f 451//451 450//450 406//406
f 452//452 178//178 177//177
f 452//452 177//177 449//449
f 453//453 407//407 408//408
f 453//453 451//451 407//407
f 454//454 452//452 449//449
f 454//454 449//449 450//450
f 455//455 408//408 409//409
f 455//455 453//453 408//408
f 456//456 454//454 450//450
f 456//456 450//450 451//451
f 457//457 179//179 178//178
f 457//457 178//178 452//452
f 458//458 409//409 410//410
f 458//458 455//455 409//409
f 459//459 456//456 451//451
f 459//459 451//451 453//453
f 460//460 457//457 452//452
f 460//460 452//452 454//454
f 461//461 410//410 411//411
f 461//461 458//458 410//410
f 462//462 453//453 455//455
f 462//462 459//459 453//453
f 463//463 460//460 454//454
f 463//463 454//454 456//456
f 464//464 411//411 412//412
f 464//464 412//412 413//413
f 464//464 461//461 411//411
f 464//464 413//413 414//414
f 465//465 179//179 457//457
f 465//465 180//180 179//179
f 466//466 462//462 455//455
f 466//466 455//455 458//458
f 467//467 463//463 456//456
f 467//467 456//456 459//459
f 468//468 457//457 460//460
f 468//468 465//465 457//457
f 469//469 458//458 461//461
f 469//469 466//466 458//458
f 470//470 467//467 459//459
f 470//470 459//459 462//462
f 471//471 468//468 460//460
f 471//471 460//460 463//463
f 472//472 469//469 461//461
f 472//472 461//461 464//464
f 472//472 414//414 415//415
f 472//472 464//464 414//414
f 473//473 181//181 180//180
f 473//473 180//180 465//465
f 474//474 462//462 466//466
f 474//474 470//470 462//462
f 475//475 463//463 467//467
f 475//475 471//471 463//463
f 476//476 465//465 468//468
f 476//476 473//473 465//465
f 477//477 474//474 466//466
f 477//477 466//466 469//469
f 478//478 475//475 467//467
f 478//478 467//467 470//470
f 479//479 476//476 468//468
f 479//479 468//468 471//471
f 480//480 469//469 472//472
f 480//480 477//477 469//469
f 480//480 415//415 416//416
f 480//480 472//472 415//415
f 481//481 182//182 181//181
f 481//481 181//181 473//473
f 482//482 478//478 470//470
f 482//482 470//470 474//474
f 483//483 479//479 471//471
f 483//483 471//471 475//475
f 484//484 481//481 473//473
f 484//484 473//473 476//476
f 485//485 482//482 474//474
f 485//485 474//474 477//477
f 486//486 475//475 478//478
f 486//486 483//483 475//475
f 487//487 476//476 479//479
f 487//487 484//484 476//476
f 487//487 479//479 483//483
f 488//488 480//480 416//416
f 488//488 416//416 417//417
f 488//488 485//485 477//477
f 488//488 477//477 480//480
f 489//489 183//183 182//182
f 489//489 182//182 481//481
f 490//490 478//478 482//482
f 490//490 482//482 485//485
f 490//490 486//486 478//478
f 491//491 487//487 483//483
f 492//492 481//481 484//484
f 492//492 489//489 481//481
f 492//492 484//484 487//487
f 493//493 490//490 485//485
f 494//494 483//483 486//486
f 494//494 491//491 483//483
f 494//494 486//486 490//490
f 495//495 492//492 487//487
f 496//496 493//493 485//485
f 496//496 417//417 418//418
f 496//496 488//488 417//417
f 496//496 485//485 488//488
f 497//497 184//184 183//183
f 497//497 183//183 489//489
f 498//498 494//494 490//490
f 499//499 487//487 491//491
f 499//499 495//495 487//487
f 500//500 497//497 489//489
f 500//500 489//489 492//492
f 501//501 490//490 493//493
f 501//501 498//498 490//490
f 502//502 499//499 491//491
f 502//502 491//491 494//494
f 503//503 492//492 495//495
f 503//503 500//500 492//492
f 504//504 493//493 496//496
f 504//504 501//501 493//493
f 504//504 418//418 419//419
f 504//504 496//496 418//418
f 505//505 185//185 184//184
f 505//505 184//184 497//497
f 506//506 494//494 498//498
f 506//506 502//502 494//494
f 506//506 498//498 501//501
f 507//507 503//503 495//495
f 507//507 495//495 499//499
f 508//508 505//505 497//497
f 508//508 497//497 500//500
f 508//508 500//500 503//503
f 509//509 501//501 504//504
f 509//509 506//506 501//501
f 510//510 499//499 502//502
f 510//510 507//507 499//499
f 511//511 508//508 503//503
f 512//512 504//504 419//419
f 512//512 509//509 504//504
f 512//512 419//419 420//420
f 513//513 186//186 185//185
f 513//513 185//185 505//505
f 514//514 502//502 506//506
f 514//514 510//510 502//502
f 515//515 507//507 510//510
f 515//515 511//511 503//503
f 515//515 503//503 507//507
f 516//516 505//505 508//508
f 516//516 513//513 505//505
f 517//517 506//506 509//509
f 517//517 514//514 506//506
f 518//518 515//515 510//510
f 519//519 508//508 511//511
f 519//519 516//516 508//508
f 520//520 420//420 421//421
f 520//520 509//509 512//512
f 520//520 512//512 420//420
f 520//520 517//517 509//509
f 521//521 187//187 186//186
f 521//521 188//188 187//187
f 521//521 186//186 513//513
f 522//522 510//510 514//514
f 522//522 514//514 517//517
f 522//522 518//518 510//510
f 523//523 511//511 515//515
f 523//523 519//519 511//511
f 524//524 521//521 513//513
f 524//524 513//513 516//516
f 524//524 516//516 519//519
f 525//525 522//522 517//517
f 526//526 515//515 518//518
f 526//526 523//523 515//515
f 527//527 524//524 519//519
f 528//528 421//421 422//422
f 528//528 422//422 423//423
f 528//528 520//520 421//421
f 528//528 517//517 520//520
f 528//528 525//525 517//517
f 529//529 188//188 521//521
f 530//530 526//526 518//518
f 530//530 518//518 522//522
f 531//531 527//527 519//519
f 531//531 519//519 523//523
f 532//532 529//529 521//521
f 532//532 524//524 527//527
f 532//532 521//521 524//524
f 533//533 530//530 522//522
f 533//533 522//522 525//525
f 534//534 523//523 526//526
f 534//534 531//531 523//523
f 535//535 527//527 531//531
f 535//535 532//532 527//527
f 536//536 525//525 528//528
f 536//536 528//528 423//423
f 536//536 533//533 525//525
f 537//537 189//189 188//188
f 537//537 188//188 529//529
f 538//538 534//534 526//526
f 538//538 526//526 530//530
f 539//539 535//535 531//531
f 540//540 537//537 529//529
f 540//540 529//529 532//532
f 541//541 538//538 530//530
f 541//541 530//530 533//533
f 542//542 539//539 531//531
f 542//542 531//531 534//534
f 543//543 532//532 535//535
f 543//543 540//540 532//532
f 544//544 533//533 536//536
f 544//544 536//536 423//423
f 544//544 541//541 533//533
f 544//544 423//423 424//424
f 545//545 189//189 537//537
f 545//545 190//190 189//189
f 545//545 191//191 190//190
f 546//546 534//534 538//538
f 546//546 542//542 534//534
f 547//547 535//535 539//539
f 547//547 543//543 535//535
f 548//548 537//537 540//540
f 548//548 545//545 537//537
f 549//549 538//538 541//541
f 549//549 546//546 538//538
f 549//549 541//541 544//544
f 550//550 539//539 542//542
f 550//550 547//547 539//539
f 551//551 540//540 543//543
f 551//551 548//548 540//540
f 552//552 544//544 424//424
f 552//552 424//424 425//425
f 552//552 425//425 426//426
f 552//552 549//549 544//544
f 553//553 191//191 545//545
f 554//554 542//542 546//546
f 554//554 550//550 542//542
f 555//555 543//543 547//547
f 555//555 551//551 543//543
f 556//556 545//545 548//548
f 556//556 553//553 545//545
f 556//556 548//548 551//551
f 557//557 546//546 549//549
f 557//557 554//554 546//546
f 557//557 549//549 552//552
f 558//558 547//547 550//550
f 558//558 555//555 547//547
f 559//559 556//556 551//551
f 560//560 552//552 426//426
f 560//560 557//557 552//552
f 561//561 192//192 191//191
f 561//561 191//191 553//553
f 562//562 550//550 554//554
f 562//562 558//558 550//550
f 563//563 555//555 558//558
f 563//563 559//559 551//551
f 563//563 551//551 555//555
f 564//564 561//561 553//553
f 564//564 553//553 556//556
f 565//565 562//562 554//554
f 565//565 554//554 557//557
f 566//566 563//563 558//558
f 567//567 556//556 559//559
f 567//567 564//564 556//556
f 568//568 560//560 426//426
f 568//568 557//557 560//560
f 568//568 565//565 557//557
f 568//568 426//426 427//427
f 569//569 192//192 561//561
f 569//569 193//193 192//192
f 569//569 194//194 193//193
f 570//570 558//558 562//562
f 570//570 562//562 565//565
f 570//570 566//566 558//558
f 571//571 559//559 563//563
f 571//571 567//567 559//559
f 572//572 569//569 561//561
f 572//572 561//561 564//564
f 573//573 570//570 565//565
f 574//574 563//563 566//566
f 574//574 571//571 563//563
f 575//575 564//564 567//567
f 575//575 567//567 571//571
f 575//575 572//572 564//564
f 576//576 565//565 568//568
f 576//576 568//568 427//427
f 576//576 573//573 565//565
f 576//576 427//427 428//428
f 577//577 194//194 569//569
f 578//578 566//566 570//570
f 578//578 574//574 566//566
f 579//579 575//575 571//571
f 580//580 569//569 572//572
f 580//580 577//577 569//569
f 581//581 570//570 573//573
f 581//581 578//578 570//570
f 582//582 571//571 574//574
f 582//582 579//579 571//571
f 583//583 572//572 575//575
f 583//583 580//580 572//572
f 583//583 575//575 579//579
f 584//584 573//573 576//576
f 584//584 576//576 428//428
f 584//584 581//581 573//573
f 584//584 428//428 429//429
f 585//585 195//195 194//194
f 585//585 194//194 577//577
f 586//586 574//574 578//578
f 586//586 578//578 581//581
f 586//586 582//582 574//574
f 587//587 583//583 579//579
f 588//588 577//577 580//580
f 588//588 585//585 577//577
f 589//589 586//586 581//581
f 590//590 582//582 586//586
f 590//590 579//579 582//582
f 590//590 587//587 579//579
f 591//591 580//580 583//583
f 591//591 588//588 580//580
f 592//592 429//429 430//430
f 592//592 430//430 431//431
f 592//592 581//581 584//584
f 592//592 584//584 429//429
f 592//592 589//589 581//581
f 593//593 196//196 195//195
f 593//593 195//195 585//585
f 594//594 586//586 589//589
f 594//594 590//590 586//586
f 595//595 583//583 587//587
f 595//595 591//591 583//583
f 596//596 593//593 585//585
f 596//596 585//585 588//588
f 596//596 588//588 591//591
f 597//597 594//594 589//589
f 598//598 595//595 587//587
f 598//598 587//587 590//590
f 599//599 596//596 591//591
f 599//599 591//591 595//595
f 600//600 589//589 592//592
f 600//600 597//597 589//589
f 600//600 431//431 432//432
f 600//600 592//592 431//431
f 601//601 197//197 196//196
f 601//601 198//198 197//197
f 601//601 196//196 593//593
f 602//602 598//598 590//590
f 602//602 590//590 594//594
f 603//603 599//599 595//595
f 604//604 593//593 596//596
f 604//604 601//601 593//593
f 604//604 596//596 599//599
f 605//605 594//594 597//597
f 605//605 602//602 594//594
f 606//606 603//603 595//595
f 606//606 598//598 602//602
f 606//606 595//595 598//598
f 607//607 604//604 599//599
f 607//607 599//599 603//603
f 608//608 605//605 597//597
f 608//608 597//597 600//600
f 608//608 600//600 432//432
f 609//609 198//198 601//601
f 610//610 606//606 602//602
f 611//611 607//607 603//603
f 612//612 609//609 601//601
f 612//612 601//601 604//604
f 613//613 602//602 605//605
f 613//613 610//610 602//602
f 614//614 606//606 610//610
f 614//614 611//611 603//603
f 614//614 603//603 606//606
f 615//615 612//612 604//604
f 615//615 604//604 607//607
f 616//616 605//605 608//608
f 616//616 608//608 432//432
f 616//616 613//613 605//605
f 616//616 432//432 433//433
f 616//616 433//433 434//434
f 617//617 199//199 198//198
f 617//617 198//198 609//609
f 618//618 610//610 613//613
f 618//618 614//614 610//610
f 619//619 615//615 607//607
f 619//619 607//607 611//611
f 620//620 609//609 612//612
f 620//620 617//617 609//609
f 621//621 618//618 613//613
f 621//621 613//613 616//616
f 622//622 611//611 614//614
f 622//622 619//619 611//611
f 623//623 612//612 615//615
f 623//623 620//620 612//612
f 624//624 616//616 434//434
f 624//624 621//621 616//616
f 625//625 200//200 199//199
f 625//625 201//201 200//200
f 625//625 199//199 617//617
f 626//626 614//614 618//618
f 626//626 622//622 614//614
f 627//627 623//623 615//615
f 627//627 615//615 619//619
f 628//628 625//625 617//617
f 628//628 617//617 620//620
f 629//629 618//618 621//621
f 629//629 626//626 618//618
f 630//630 622//622 626//626
f 630//630 627//627 619//619
f 630//630 619//619 622//622
f 631//631 628//628 620//620
f 631//631 620//620 623//623
f 632//632 629//629 621//621
f 632//632 434//434 435//435
f 632//632 435//435 436//436
f 632//632 624//624 434//434
f 632//632 621//621 624//624
f 633//633 201//201 625//625
f 634//634 630//630 626//626
f 635//635 631//631 623//623
f 635//635 623//623 627//627
f 636//636 628//628 631//631
f 636//636 633//633 625//625
f 636//636 625//625 628//628
f 637//637 626//626 629//629
f 637//637 629//629 632//632
f 637//637 634//634 626//626
f 638//638 630//630 634//634
f 638//638 635//635 627//627
f 638//638 627//627 630//630
f 639//639 636//636 631//631
f 640//640 632//632 436//436
f 640//640 637//637 632//632
f 641//641 633//633 636//636
f 641//641 201//201 633//633
f 641//641 202//202 201//201
f 642//642 638//638 634//634
f 643//643 631//631 635//635
f 643//643 639//639 631//631
f 644//644 641//641 636//636
f 644//644 636//636 639//639
f 645//645 634//634 637//637
f 645//645 642//642 634//634
f 646//646 635//635 638//638
f 646//646 643//643 635//635
f 647//647 644//644 639//639
f 648//648 640//640 436//436
f 648//648 637//637 640//640
f 648//648 645//645 637//637
f 648//648 436//436 437//437
f 649//649 203//203 202//202
f 649//649 641//641 644//644
f 649//649 202//202 641//641
f 650//650 638//638 642//642
f 650//650 646//646 638//638
f 651//651 639//639 643//643
f 651//651 647//647 639//639
f 652//652 649//649 644//644
f 653//653 642//642 645//645
f 653//653 650//650 642//642
f 654//654 643//643 646//646
f 654//654 651//651 643//643
f 655//655 644//644 647//647
f 655//655 652//652 644//644
f 656//656 645//645 648//648
f 656//656 648//648 437//437
f 656//656 653//653 645//645
f 656//656 437//437 438//438
f 657//657 204//204 203//203
f 657//657 203//203 649//649
f 658//658 646//646 650//650
f 658//658 650//650 653//653
f 658//658 654//654 646//646
f 659//659 647//647 651//651
f 659//659 655//655 647//647
f 660//660 649//649 652//652
f 660//660 657//657 649//649
f 661//661 658//658 653//653
f 662//662 651//651 654//654
f 662//662 659//659 651//651
f 663//663 652//652 655//655
f 663//663 660//660 652//652
f 664//664 661//661 653//653
f 664//664 438//438 439//439
f 664//664 653//653 656//656
f 664//664 656//656 438//438
f 665//665 205//205 204//204
f 665//665 657//657 660//660
f 665//665 204//204 657//657
f 666//666 662//662 654//654
f 666//666 654//654 658//658
f 666//666 658//658 661//661
f 667//667 663//663 655//655
f 667//667 655//655 659//659
f 668//668 665//665 660//660
f 668//668 660//660 663//663
f 669//669 666//666 661//661
f 670//670 667//667 659//659
f 670//670 659//659 662//662
f 671//671 668//668 663//663
f 672//672 661//661 664//664
f 672//672 669//669 661//661
f 672//672 664//664 439//439
f 672//672 439//439 440//440
f 673//673 665//665 668//668
f 673//673 205//205 665//665
f 673//673 206//206 205//205
f 673//673 207//207 206//206
f 674//674 662//662 666//666
f 674//674 670//670 662//662
f 675//675 667//667 670//670
f 675//675 663//663 667//667
f 675//675 671//671 663//663
f 676//676 673//673 668//668
f 677//677 674//674 666//666
f 677//677 666//666 669//669
f 678//678 675//675 670//670
f 679//679 668//668 671//671
f 679//679 676//676 668//668
f 680//680 672//672 440//440
f 680//680 677//677 669//669
f 680//680 440//440 441//441
f 680//680 669//669 672//672
f 681//681 207//207 673//673
f 682//682 678//678 670//670
f 682//682 670//670 674//674
f 682//682 674//674 677//677
f 683//683 671//671 675//675
f 683//683 679//679 671//671
f 684//684 681//681 673//673
f 684//684 673//673 676//676
f 685//685 682//682 677//677
f 686//686 675//675 678//678
f 686//686 683//683 675//675
f 687//687 684//684 676//676
f 687//687 676//676 679//679
f 687//687 679//679 683//683
f 688//688 677//677 680//680
f 688//688 680//680 441//441
f 688//688 685//685 677//677
f 688//688 441//441 442//442
f 689//689 208//208 207//207
f 689//689 207//207 681//681
f 690//690 686//686 678//678
f 690//690 678//678 682//682
f 691//691 687//687 683//683
f 692//692 681//681 684//684
f 692//692 689//689 681//681
f 693//693 690//690 682//682
f 693//693 682//682 685//685
f 694//694 683//683 686//686
f 694//694 691//691 683//683
f 695//695 692//692 684//684
f 695//695 684//684 687//687
f 696//696 693//693 685//685
f 696//696 442//442 443//443
f 696//696 685//685 688//688
f 696//696 688//688 442//442
f 697//697 209//209 208//208
f 697//697 210//210 209//209
f 697//697 208//208 689//689
f 698//698 694//694 686//686
f 698//698 686//686 690//690
f 698//698 690//690 693//693
f 699//699 695//695 687//687
f 699//699 687//687 691//691
f 700//700 697//697 689//689
f 700//700 689//689 692//692
f 701//701 698//698 693//693
f 702//702 691//691 694//694
f 702//702 699//699 691//691
f 703//703 695//695 699//699
f 703//703 700//700 692//692
f 703//703 692//692 695//695
f 704//704 693//693 696//696
f 704//704 696//696 443//443
f 704//704 701//701 693//693
f 704//704 443//443 444//444
f 704//704 444//444 445//445
f 705//705 210//210 697//697
f 706//706 694//694 698//698
f 706//706 702//702 694//694
f 706//706 698//698 701//701
f 707//707 703//703 699//699
f 708//708 705//705 697//697
f 708//708 697//697 700//700
f 709//709 706//706 701//701
f 710//710 707//707 699//699
f 710//710 699//699 702//702
f 711//711 700//700 703//703
f 711//711 708//708 700//700
f 712//712 709//709 701//701
f 712//712 701//701 704//704
f 712//712 704//704 445//445
f 713//713 210//210 705//705
f 713//713 705//705 708//708
f 713//713 211//211 210//210
f 713//713 176//176 211//211
f 713//713 405//405 176//176
f 714//714 702//702 706//706
f 714//714 710//710 702//702
f 715//715 711//711 703//703
f 715//715 703//703 707//707
f 716//716 713//713 708//708
f 716//716 406//406 405//405
f 716//716 405//405 713//713
f 717//717 706//706 709//709
f 717//717 714//714 706//706
f 718//718 707//707 710//710
f 718//718 715//715 707//707
f 719//719 407//407 406//406
f 719//719 716//716 708//708
f 719//719 708//708 711//711
f 719//719 711//711 715//715
f 719//719 406//406 716//716
f 720//720 709//709 712//712
f 720//720 712//712 445//445
f 720//720 717//717 709//709
f 720//720 445//445 446//446
f 721//721 710//710 714//714
f 721//721 718//718 710//710
f 722//722 408//408 407//407
f 722//722 407//407 719//719
f 722//722 719//719 715//715
f 723//723 714//714 717//717
f 723//723 721//721 714//714
f 724//724 409//409 408//408
f 724//724 410//410 409//409
f 724//724 408//408 722//722
f 724//724 715//715 718//718
f 724//724 722//722 715//715
f 725//725 717//717 720//720
f 725//725 720//720 446//446
f 725//725 723//723 717//717
f 725//725 446//446 447//447
f 725//725 447//447 448//448
f 726//726 410//410 724//724
f 726//726 724//724 718//718
f 726//726 718//718 721//721
f 726//726 721//721 723//723
f 727//727 726//726 723//723
f 727//727 411//411 410//410
f 727//727 410//410 726//726
f 728//728 412//412 411//411
f 728//728 448//448 412//412
f 728//728 411//411 727//727
f 728//728 725//725 448//448
f 728//728 723//723 725//725
f 728//728 727//727 723//723
f 729//729 304//304 50//50
f 729//729 50//50 260//260
f 730//730 303//303 304//304
f 730//730 304//304 729//729
f 731//731 302//302 303//303
f 731//731 303//303 730//730
f 732//732 301//301 302//302
f 732//732 302//302 731//731
f 733//733 300//300 301//301
f 733//733 301//301 732//732
f 734//734 299//299 300//300
f 734//734 300//300 733//733
f 735//735 298//298 299//299
f 735//735 299//299 734//734
f 736//736 297//297 298//298
f 736//736 298//298 735//735
f 737//737 69//69 297//297
f 737//737 297//297 736//736
f 344//344 69//69 737//737
f 260//260 259//259 738//738
f 754//754 738//738 739//739
f 754//754 260//260 738//738
f 753//753 739//739 740//740
f 753//753 754//754 739//739
f 752//752 740//740 741//741
f 752//752 753//753 740//740
f 751//751 741//741 742//742
f 751//751 752//752 741//741
f 750//750 742//742 743//743
f 750//750 751//751 742//742
f 749//749 743//743 744//744
f 749//749 750//750 743//743
f 748//748 744//744 745//745
f 748//748 749//749 744//744
f 747//747 745//745 371//371
f 747//747 748//748 745//745
f 746//746 747//747 371//371
f 763//763 798//798 762//762
f 799//799 755//755 261//261
f 799//799 261//261 262//262
f 800//800 756//756 755//755
f 800//800 755//755 799//799
f 801//801 757//757 756//756
f 801//801 756//756 800//800
f 802//802 262//262 263//263
f 802//802 799//799 262//262
f 803//803 758//758 757//757
f 803//803 757//757 801//801
f 804//804 799//799 802//802
f 804//804 800//800 799//799
f 805//805 759//759 758//758
f 805//805 758//758 803//803
f 806//806 800//800 804//804
f 806//806 801//801 800//800
f 807//807 263//263 264//264
f 807//807 802//802 263//263
f 808//808 760//760 759//759
f 808//808 759//759 805//805
f 809//809 801//801 806//806
f 809//809 803//803 801//801
f 810//810 802//802 807//807
f 810//810 804//804 802//802
f 811//811 761//761 760//760
f 811//811 760//760 808//808
f 812//812 805//805 803//803
f 812//812 803//803 809//809
f 813//813 804//804 810//810
f 813//813 806//806 804//804
f 814//814 762//762 761//761
f 814//814 763//763 762//762
f 814//814 761//761 811//811
f 814//814 764//764 763//763
f 815//815 807//807 264//264
f 815//815 264//264 265//265
f 816//816 805//805 812//812
f 816//816 808//808 805//805
f 817//817 806//806 813//813
f 817//817 809//809 806//806
f 818//818 810//810 807//807
f 818//818 807//807 815//815
f 819//819 811//811 808//808
f 819//819 808//808 816//816
f 820//820 809//809 817//817
f 820//820 812//812 809//809
f 821//821 810//810 818//818
f 821//821 813//813 810//810
f 822//822 811//811 819//819
f 822//822 814//814 811//811
f 822//822 765//765 764//764
f 822//822 764//764 814//814
f 823//823 265//265 266//266
f 823//823 815//815 265//265
f 824//824 816//816 812//812
f 824//824 812//812 820//820
f 825//825 817//817 813//813
f 825//825 813//813 821//821
f 826//826 818//818 815//815
f 826//826 815//815 823//823
f 827//827 816//816 824//824
f 827//827 819//819 816//816
f 828//828 817//817 825//825
f 828//828 820//820 817//817
f 829//829 818//818 826//826
f 829//829 821//821 818//818
f 830//830 822//822 819//819
f 830//830 819//819 827//827
f 830//830 766//766 765//765
f 830//830 765//765 822//822
f 831//831 266//266 267//267
f 831//831 823//823 266//266
f 832//832 820//820 828//828
f 832//832 824//824 820//820
f 833//833 821//821 829//829
f 833//833 825//825 821//821
f 834//834 823//823 831//831
f 834//834 826//826 823//823
f 835//835 824//824 832//832
f 835//835 827//827 824//824
f 836//836 828//828 825//825
f 836//836 825//825 833//833
f 837//837 829//829 826//826
f 837//837 826//826 834//834
f 837//837 833//833 829//829
f 838//838 766//766 830//830
f 838//838 767//767 766//766
f 838//838 827//827 835//835
f 838//838 830//830 827//827
f 839//839 267//267 268//268
f 839//839 831//831 267//267
f 840//840 832//832 828//828
f 840//840 835//835 832//832
f 840//840 828//828 836//836
f 841//841 833//833 837//837
f 842//842 834//834 831//831
f 842//842 831//831 839//839
f 842//842 837//837 834//834
f 843//843 835//835 840//840
f 844//844 836//836 833//833
f 844//844 833//833 841//841
f 844//844 840//840 836//836
f 845//845 837//837 842//842
f 846//846 835//835 843//843
f 846//846 768//768 767//767
f 846//846 767//767 838//838
f 846//846 838//838 835//835
f 847//847 268//268 269//269
f 847//847 839//839 268//268
f 848//848 840//840 844//844
f 849//849 841//841 837//837
f 849//849 837//837 845//845
f 850//850 839//839 847//847
f 850//850 842//842 839//839
f 851//851 843//843 840//840
f 851//851 840//840 848//848
f 852//852 841//841 849//849
f 852//852 844//844 841//841
f 853//853 845//845 842//842
f 853//853 842//842 850//850
f 854//854 846//846 843//843
f 854//854 843//843 851//851
f 854//854 769//769 768//768
f 854//854 768//768 846//846
f 855//855 269//269 270//270
f 855//855 847//847 269//269
f 856//856 848//848 844//844
f 856//856 844//844 852//852
f 856//856 851//851 848//848
f 857//857 845//845 853//853
f 857//857 849//849 845//845
f 858//858 847//847 855//855
f 858//858 850//850 847//847
f 858//858 853//853 850//850
f 859//859 854//854 851//851
f 859//859 851//851 856//856
f 860//860 852//852 849//849
f 860//860 849//849 857//857
f 861//861 853//853 858//858
f 862//862 769//769 854//854
f 862//862 854//854 859//859
f 862//862 770//770 769//769
f 863//863 270//270 271//271
f 863//863 855//855 270//270
f 864//864 856//856 852//852
f 864//864 852//852 860//860
f 865//865 860//860 857//857
f 865//865 853//853 861//861
f 865//865 857//857 853//853
f 866//866 858//858 855//855
f 866//866 855//855 863//863
f 867//867 859//859 856//856
f 867//867 856//856 864//864
f 868//868 860//860 865//865
f 869//869 861//861 858//858
f 869//869 858//858 866//866
f 870//870 771//771 770//770
f 870//870 862//862 859//859
f 870//870 770//770 862//862
f 870//870 859//859 867//867
f 871//871 271//271 272//272
f 871//871 272//272 273//273
f 871//871 863//863 271//271
f 872//872 864//864 860//860
f 872//872 867//867 864//864
f 872//872 860//860 868//868
f 873//873 865//865 861//861
f 873//873 861//861 869//869
f 874//874 863//863 871//871
f 874//874 866//866 863//863
f 874//874 869//869 866//866
f 875//875 867//867 872//872
f 876//876 868//868 865//865
f 876//876 865//865 873//873
f 877//877 869//869 874//874
f 878//878 772//772 771//771
f 878//878 773//773 772//772
f 878//878 771//771 870//870
f 878//878 870//870 867//867
f 878//878 867//867 875//875
f 879//879 871//871 273//273
f 880//880 868//868 876//876
f 880//880 872//872 868//868
f 881//881 869//869 877//877
f 881//881 873//873 869//869
f 882//882 871//871 879//879
f 882//882 877//877 874//874
f 882//882 874//874 871//871
f 883//883 872//872 880//880
f 883//883 875//875 872//872
f 884//884 876//876 873//873
f 884//884 873//873 881//881
f 885//885 881//881 877//877
f 885//885 877//877 882//882
f 886//886 878//878 875//875
f 886//886 773//773 878//878
f 886//886 875//875 883//883
f 887//887 273//273 274//274
f 887//887 879//879 273//273
f 888//888 876//876 884//884
f 888//888 880//880 876//876
f 889//889 881//881 885//885
f 890//890 879//879 887//887
f 890//890 882//882 879//879
f 891//891 880//880 888//888
f 891//891 883//883 880//880
f 892//892 881//881 889//889
f 892//892 884//884 881//881
f 893//893 885//885 882//882
f 893//893 882//882 890//890
f 894//894 886//886 883//883
f 894//894 773//773 886//886
f 894//894 883//883 891//891
f 894//894 774//774 773//773
f 895//895 887//887 274//274
f 895//895 274//274 275//275
f 895//895 275//275 276//276
f 896//896 888//888 884//884
f 896//896 884//884 892//892
f 897//897 889//889 885//885
f 897//897 885//885 893//893
f 898//898 890//890 887//887
f 898//898 887//887 895//895
f 899//899 891//891 888//888
f 899//899 888//888 896//896
f 899//899 894//894 891//891
f 900//900 892//892 889//889
f 900//900 889//889 897//897
f 901//901 893//893 890//890
f 901//901 890//890 898//898
f 902//902 774//774 894//894
f 902//902 775//775 774//774
f 902//902 776//776 775//775
f 902//902 894//894 899//899
f 903//903 895//895 276//276
f 904//904 896//896 892//892
f 904//904 892//892 900//900
f 905//905 897//897 893//893
f 905//905 893//893 901//901
f 906//906 898//898 895//895
f 906//906 895//895 903//903
f 906//906 901//901 898//898
f 907//907 899//899 896//896
f 907//907 896//896 904//904
f 907//907 902//902 899//899
f 908//908 900//900 897//897
f 908//908 897//897 905//905
f 909//909 901//901 906//906
f 910//910 776//776 902//902
f 910//910 902//902 907//907
f 911//911 276//276 277//277
f 911//911 903//903 276//276
f 912//912 904//904 900//900
f 912//912 900//900 908//908
f 913//913 908//908 905//905
f 913//913 901//901 909//909
f 913//913 905//905 901//901
f 914//914 903//903 911//911
f 914//914 906//906 903//903
f 915//915 904//904 912//912
f 915//915 907//907 904//904
f 916//916 908//908 913//913
f 917//917 909//909 906//906
f 917//917 906//906 914//914
f 918//918 776//776 910//910
f 918//918 910//910 907//907
f 918//918 907//907 915//915
f 918//918 777//777 776//776
f 919//919 911//911 277//277
f 919//919 277//277 278//278
f 919//919 278//278 279//279
f 920//920 912//912 908//908
f 920//920 915//915 912//912
f 920//920 908//908 916//916
f 921//921 913//913 909//909
f 921//921 909//909 917//917
f 922//922 911//911 919//919
f 922//922 914//914 911//911
f 923//923 915//915 920//920
f 924//924 916//916 913//913
f 924//924 913//913 921//921
f 925//925 917//917 914//914
f 925//925 921//921 917//917
f 925//925 914//914 922//922
f 926//926 918//918 915//915
f 926//926 777//777 918//918
f 926//926 915//915 923//923
f 926//926 778//778 777//777
f 927//927 919//919 279//279
f 928//928 920//920 916//916
f 928//928 916//916 924//924
f 929//929 921//921 925//925
f 930//930 922//922 919//919
f 930//930 919//919 927//927
f 931//931 923//923 920//920
f 931//931 920//920 928//928
f 932//932 924//924 921//921
f 932//932 921//921 929//929
f 933//933 925//925 922//922
f 933//933 922//922 930//930
f 933//933 929//929 925//925
f 934//934 926//926 923//923
f 934//934 778//778 926//926
f 934//934 923//923 931//931
f 934//934 779//779 778//778
f 935//935 279//279 280//280
f 935//935 927//927 279//279
f 936//936 928//928 924//924
f 936//936 931//931 928//928
f 936//936 924//924 932//932
f 937//937 929//929 933//933
f 938//938 930//930 927//927
f 938//938 927//927 935//935
f 939//939 931//931 936//936
f 940//940 936//936 932//932
f 940//940 932//932 929//929
f 940//940 929//929 937//937
f 941//941 933//933 930//930
f 941//941 930//930 938//938
f 942//942 780//780 779//779
f 942//942 781//781 780//780
f 942//942 934//934 931//931
f 942//942 779//779 934//934
f 942//942 931//931 939//939
f 943//943 280//280 281//281
f 943//943 935//935 280//280
f 944//944 939//939 936//936
f 944//944 936//936 940//940
f 945//945 937//937 933//933
f 945//945 933//933 941//941
f 946//946 935//935 943//943
f 946//946 938//938 935//935
f 946//946 941//941 938//938
f 947//947 939//939 944//944
f 948//948 937//937 945//945
f 948//948 940//940 937//937
f 949//949 941//941 946//946
f 949//949 945//945 941//941
f 950//950 942//942 939//939
f 950//950 939//939 947//947
f 950//950 782//782 781//781
f 950//950 781//781 942//942
f 951//951 281//281 282//282
f 951//951 282//282 283//283
f 951//951 943//943 281//281
f 952//952 940//940 948//948
f 952//952 944//944 940//940
f 953//953 945//945 949//949
f 954//954 946//946 943//943
f 954//954 943//943 951//951
f 954//954 949//949 946//946
f 955//955 947//947 944//944
f 955//955 944//944 952//952
f 956//956 945//945 953//953
f 956//956 952//952 948//948
f 956//956 948//948 945//945
f 957//957 949//949 954//954
f 957//957 953//953 949//949
f 958//958 947//947 955//955
f 958//958 950//950 947//947
f 958//958 782//782 950//950
f 959//959 951//951 283//283
f 960//960 952//952 956//956
f 961//961 953//953 957//957
f 962//962 951//951 959//959
f 962//962 954//954 951//951
f 963//963 955//955 952//952
f 963//963 952//952 960//960
f 964//964 960//960 956//956
f 964//964 953//953 961//961
f 964//964 956//956 953//953
f 965//965 954//954 962//962
f 965//965 957//957 954//954
f 966//966 958//958 955//955
f 966//966 782//782 958//958
f 966//966 955//955 963//963
f 966//966 783//783 782//782
f 966//966 784//784 783//783
f 967//967 283//283 284//284
f 967//967 959//959 283//283
f 968//968 963//963 960//960
f 968//968 960//960 964//964
f 969//969 957//957 965//965
f 969//969 961//961 957//957
f 970//970 962//962 959//959
f 970//970 959//959 967//967
f 971//971 963//963 968//968
f 971//971 966//966 963//963
f 972//972 964//964 961//961
f 972//972 961//961 969//969
f 973//973 965//965 962//962
f 973//973 962//962 970//970
f 974//974 784//784 966//966
f 974//974 966//966 971//971
f 975//975 284//284 285//285
f 975//975 285//285 286//286
f 975//975 967//967 284//284
f 976//976 968//968 964//964
f 976//976 964//964 972//972
f 977//977 965//965 973//973
f 977//977 969//969 965//965
f 978//978 967//967 975//975
f 978//978 970//970 967//967
f 979//979 971//971 968//968
f 979//979 968//968 976//976
f 980//980 976//976 972//972
f 980//980 969//969 977//977
f 980//980 972//972 969//969
f 981//981 970//970 978//978
f 981//981 973//973 970//970
f 982//982 971//971 979//979
f 982//982 785//785 784//784
f 982//982 786//786 785//785
f 982//982 784//784 974//974
f 982//982 974//974 971//971
f 983//983 975//975 286//286
f 984//984 976//976 980//980
f 985//985 973//973 981//981
f 985//985 977//977 973//973
f 986//986 981//981 978//978
f 986//986 975//975 983//983
f 986//986 978//978 975//975
f 987//987 979//979 976//976
f 987//987 982//982 979//979
f 987//987 976//976 984//984
f 988//988 984//984 980//980
f 988//988 977//977 985//985
f 988//988 980//980 977//977
f 989//989 981//981 986//986
f 990//990 786//786 982//982
f 990//990 982//982 987//987
f 991//991 986//986 983//983
f 991//991 983//983 286//286
f 991//991 286//286 287//287
f 992//992 984//984 988//988
f 993//993 985//985 981//981
f 993//993 981//981 989//989
f 994//994 986//986 991//991
f 994//994 989//989 986//986
f 995//995 987//987 984//984
f 995//995 984//984 992//992
f 996//996 988//988 985//985
f 996//996 985//985 993//993
f 997//997 989//989 994//994
f 998//998 786//786 990//990
f 998//998 990//990 987//987
f 998//998 987//987 995//995
f 998//998 787//787 786//786
f 999//999 287//287 288//288
f 999//999 994//994 991//991
f 999//999 991//991 287//287
f 1000//1000 992//992 988//988
f 1000//1000 988//988 996//996
f 1001//1001 993//993 989//989
f 1001//1001 989//989 997//997
f 1002//1002 994//994 999//999
f 1003//1003 995//995 992//992
f 1003//1003 992//992 1000//1000
f 1004//1004 996//996 993//993
f 1004//1004 993//993 1001//1001
f 1005//1005 997//997 994//994
f 1005//1005 994//994 1002//1002
f 1006//1006 998//998 995//995
f 1006//1006 787//787 998//998
f 1006//1006 995//995 1003//1003
f 1006//1006 788//788 787//787
f 1007//1007 288//288 289//289
f 1007//1007 999//999 288//288
f 1008//1008 1000//1000 996//996
f 1008//1008 1003//1003 1000//1000
f 1008//1008 996//996 1004//1004
f 1009//1009 1001//1001 997//997
f 1009//1009 997//997 1005//1005
f 1010//1010 1002//1002 999//999
f 1010//1010 999//999 1007//1007
f 1011//1011 1003//1003 1008//1008
f 1012//1012 1004//1004 1001//1001
f 1012//1012 1001//1001 1009//1009
f 1013//1013 1005//1005 1002//1002
f 1013//1013 1002//1002 1010//1010
f 1014//1014 1003//1003 1011//1011
f 1014//1014 789//789 788//788
f 1014//1014 1006//1006 1003//1003
f 1014//1014 788//788 1006//1006
f 1015//1015 289//289 290//290
f 1015//1015 1010//1010 1007//1007
f 1015//1015 1007//1007 289//289
f 1016//1016 1004//1004 1012//1012
f 1016//1016 1008//1008 1004//1004
f 1016//1016 1011//1011 1008//1008
f 1017//1017 1005//1005 1013//1013
f 1017//1017 1009//1009 1005//1005
f 1018//1018 1010//1010 1015//1015
f 1018//1018 1013//1013 1010//1010
f 1019//1019 1011//1011 1016//1016
f 1020//1020 1009//1009 1017//1017
f 1020//1020 1012//1012 1009//1009
f 1021//1021 1013//1013 1018//1018
f 1022//1022 1014//1014 1011//1011
f 1022//1022 1011//1011 1019//1019
f 1022//1022 789//789 1014//1014
f 1022//1022 790//790 789//789
f 1023//1023 1018//1018 1015//1015
f 1023//1023 1015//1015 290//290
f 1023//1023 290//290 291//291
f 1023//1023 291//291 292//292
f 1024//1024 1016//1016 1012//1012
f 1024//1024 1012//1012 1020//1020
f 1025//1025 1020//1020 1017//1017
f 1025//1025 1017//1017 1013//1013
f 1025//1025 1013//1013 1021//1021
f 1026//1026 1018//1018 1023//1023
f 1027//1027 1016//1016 1024//1024
f 1027//1027 1019//1019 1016//1016
f 1028//1028 1020//1020 1025//1025
f 1029//1029 1021//1021 1018//1018
f 1029//1029 1018//1018 1026//1026
f 1030//1030 790//790 1022//1022
f 1030//1030 1019//1019 1027//1027
f 1030//1030 791//791 790//790
f 1030//1030 1022//1022 1019//1019
f 1031//1031 1023//1023 292//292
f 1032//1032 1020//1020 1028//1028
f 1032//1032 1024//1024 1020//1020
f 1032//1032 1027//1027 1024//1024
f 1033//1033 1025//1025 1021//1021
f 1033//1033 1021//1021 1029//1029
f 1034//1034 1023//1023 1031//1031
f 1034//1034 1026//1026 1023//1023
f 1035//1035 1027//1027 1032//1032
f 1036//1036 1028//1028 1025//1025
f 1036//1036 1025//1025 1033//1033
f 1037//1037 1026//1026 1034//1034
f 1037//1037 1029//1029 1026//1026
f 1037//1037 1033//1033 1029//1029
f 1038//1038 1030//1030 1027//1027
f 1038//1038 791//791 1030//1030
f 1038//1038 1027//1027 1035//1035
f 1038//1038 792//792 791//791
f 1039//1039 292//292 293//293
f 1039//1039 1031//1031 292//292
f 1040//1040 1028//1028 1036//1036
f 1040//1040 1032//1032 1028//1028
f 1041//1041 1033//1033 1037//1037
f 1042//1042 1034//1034 1031//1031
f 1042//1042 1031//1031 1039//1039
f 1043//1043 1032//1032 1040//1040
f 1043//1043 1035//1035 1032//1032
f 1044//1044 1036//1036 1033//1033
f 1044//1044 1033//1033 1041//1041
f 1045//1045 1034//1034 1042//1042
f 1045//1045 1037//1037 1034//1034
f 1046//1046 1035//1035 1043//1043
f 1046//1046 793//793 792//792
f 1046//1046 1038//1038 1035//1035
f 1046//1046 792//792 1038//1038
f 1047//1047 293//293 294//294
f 1047//1047 294//294 295//295
f 1047//1047 1039//1039 293//293
f 1048//1048 1036//1036 1044//1044
f 1048//1048 1040//1040 1036//1036
f 1048//1048 1043//1043 1040//1040
f 1049//1049 1037//1037 1045//1045
f 1049//1049 1041//1041 1037//1037
f 1050//1050 1039//1039 1047//1047
f 1050//1050 1042//1042 1039//1039
f 1051//1051 1043//1043 1048//1048
f 1052//1052 1044//1044 1041//1041
f 1052//1052 1041//1041 1049//1049
f 1053//1053 1049//1049 1045//1045
f 1053//1053 1042//1042 1050//1050
f 1053//1053 1045//1045 1042//1042
f 1054//1054 1046//1046 1043//1043
f 1054//1054 793//793 1046//1046
f 1054//1054 1043//1043 1051//1051
f 1054//1054 794//794 793//793
f 1054//1054 795//795 794//794
f 1055//1055 1047//1047 295//295
f 1056//1056 1048//1048 1044//1044
f 1056//1056 1044//1044 1052//1052
f 1056//1056 1051//1051 1048//1048
f 1057//1057 1049//1049 1053//1053
f 1058//1058 1047//1047 1055//1055
f 1058//1058 1050//1050 1047//1047
f 1059//1059 1051//1051 1056//1056
f 1060//1060 1049//1049 1057//1057
f 1060//1060 1052//1052 1049//1049
f 1061//1061 1053//1053 1050//1050
f 1061//1061 1050//1050 1058//1058
f 1062//1062 1051//1051 1059//1059
f 1062//1062 1054//1054 1051//1051
f 1062//1062 795//795 1054//1054
f 1063//1063 1055//1055 295//295
f 1063//1063 1058//1058 1055//1055
f 1063//1063 295//295 296//296
f 1063//1063 296//296 261//261
f 1063//1063 261//261 755//755
f 1064//1064 1056//1056 1052//1052
f 1064//1064 1052//1052 1060//1060
f 1065//1065 1053//1053 1061//1061
f 1065//1065 1057//1057 1053//1053
f 1066//1066 1058//1058 1063//1063
f 1066//1066 755//755 756//756
f 1066//1066 1063//1063 755//755
f 1067//1067 1059//1059 1056//1056
f 1067//1067 1056//1056 1064//1064
f 1068//1068 1060//1060 1057//1057
f 1068//1068 1057//1057 1065//1065
f 1069//1069 756//756 757//757
f 1069//1069 1058//1058 1066//1066
f 1069//1069 1061//1061 1058//1058
f 1069//1069 1065//1065 1061//1061
f 1069//1069 1066//1066 756//756
f 1070//1070 1062//1062 1059//1059
f 1070//1070 795//795 1062//1062
f 1070//1070 1059//1059 1067//1067
f 1070//1070 796//796 795//795
f 1071//1071 1064//1064 1060//1060
f 1071//1071 1060//1060 1068//1068
f 1072//1072 757//757 758//758
f 1072//1072 1069//1069 757//757
f 1072//1072 1065//1065 1069//1069
f 1073//1073 1067//1067 1064//1064
f 1073//1073 1064//1064 1071//1071
f 1074//1074 758//758 759//759
f 1074//1074 759//759 760//760
f 1074//1074 1072//1072 758//758
f 1074//1074 1068//1068 1065//1065
f 1074//1074 1065//1065 1072//1072
f 1075//1075 1070//1070 1067//1067
f 1075//1075 796//796 1070//1070
f 1075//1075 1067//1067 1073//1073
f 1075//1075 797//797 796//796
f 1075//1075 798//798 797//797
f 1076//1076 1074//1074 760//760
f 1076//1076 1068//1068 1074//1074
f 1076//1076 1071//1071 1068//1068
f 1076//1076 1073//1073 1071//1071
f 1077//1077 1073//1073 1076//1076
f 1077//1077 760//760 761//761
f 1077//1077 1076//1076 760//760
f 1078//1078 761//761 762//762
f 1078//1078 762//762 798//798
f 1078//1078 1077//1077 761//761
f 1078//1078 798//798 1075//1075
f 1078//1078 1075//1075 1073//1073
f 1078//1078 1073//1073 1077//1077
f 1094//1094 1086//1086 345//345
f 1094//1094 345//345 344//344
f 1093//1093 1085//1085 1086//1086
f 1093//1093 1086//1086 1094//1094
f 1092//1092 1083//1083 1084//1084
f 1092//1092 1084//1084 1085//1085
f 1092//1092 1085//1085 1093//1093
f 1091//1091 1082//1082 1083//1083
f 1091//1091 1083//1083 1092//1092
f 1090//1090 1082//1082 1091//1091
f 1089//1089 1080//1080 1081//1081
f 1089//1089 1081//1081 1082//1082
f 1089//1089 1082//1082 1090//1090
f 1088//1088 1080//1080 1089//1089
f 1087//1087 1079//1079 1080//1080
f 1087//1087 1080//1080 1088//1088
f 746//746 396//396 1079//1079
f 746//746 1079//1079 1087//1087
f 346//346 370//370 173//173
f 174//174 395//395 353//353
f 1095//1095 362//362 363//363
f 1095//1095 363//363 364//364
f 1096//1096 362//362 1095//1095
f 1097//1097 362//362 1096//1096
f 1098//1098 364//364 365//365
f 1098//1098 1095//1095 364//364
f 1098//1098 1096//1096 1095//1095
f 1099//1099 362//362 1097//1097
f 1100//1100 1096//1096 1098//1098
f 1100//1100 1097//1097 1096//1096
f 1101//1101 365//365 366//366
f 1101//1101 366//366 367//367
f 1101//1101 1098//1098 365//365
f 1102//1102 362//362 1099//1099
f 1103//1103 1097//1097 1100//1100
f 1103//1103 1099//1099 1097//1097
f 1104//1104 1098//1098 1101//1101
f 1104//1104 1100//1100 1098//1098
f 1105//1105 362//362 1102//1102
f 1106//1106 1102//1102 1099//1099
f 1106//1106 1099//1099 1103//1103
f 1107//1107 1103//1103 1100//1100
f 1107//1107 1100//1100 1104//1104
f 1108//1108 367//367 368//368
f 1108//1108 1104//1104 1101//1101
f 1108//1108 1101//1101 367//367
f 1109//1109 388//388 362//362
f 1109//1109 389//389 388//388
f 1109//1109 362//362 1105//1105
f 1110//1110 1105//1105 1102//1102
f 1110//1110 1102//1102 1106//1106
f 1111//1111 1106//1106 1103//1103
f 1111//1111 1103//1103 1107//1107
f 1112//1112 1107//1107 1104//1104
f 1112//1112 1104//1104 1108//1108
f 1113//1113 368//368 369//369
f 1113//1113 1108//1108 368//368
f 1114//1114 390//390 389//389
f 1114//1114 389//389 1109//1109
f 1114//1114 1109//1109 1105//1105
f 1114//1114 1105//1105 1110//1110
f 1115//1115 1110//1110 1106//1106
f 1115//1115 1106//1106 1111//1111
f 1116//1116 1107//1107 1112//1112
f 1116//1116 1111//1111 1107//1107
f 1117//1117 1112//1112 1108//1108
f 1117//1117 1108//1108 1113//1113
f 1118//1118 1114//1114 1110//1110
f 1118//1118 1110//1110 1115//1115
f 1119//1119 1115//1115 1111//1111
f 1119//1119 1111//1111 1116//1116
f 1120//1120 1116//1116 1112//1112
f 1120//1120 1112//1112 1117//1117
f 1121//1121 369//369 370//370
f 1121//1121 346//346 347//347
f 1121//1121 1117//1117 1113//1113
f 1121//1121 370//370 346//346
f 1121//1121 1113//1113 369//369
f 1122//1122 391//391 390//390
f 1122//1122 392//392 391//391
f 1122//1122 390//390 1114//1114
f 1122//1122 1114//1114 1118//1118
f 1123//1123 1115//1115 1119//1119
f 1123//1123 1118//1118 1115//1115
f 1124//1124 1119//1119 1116//1116
f 1124//1124 1116//1116 1120//1120
f 1125//1125 347//347 348//348
f 1125//1125 1120//1120 1117//1117
f 1125//1125 1121//1121 347//347
f 1125//1125 1117//1117 1121//1121
f 1126//1126 393//393 392//392
f 1126//1126 392//392 1122//1122
f 1126//1126 1122//1122 1118//1118
f 1126//1126 1118//1118 1123//1123
f 1127//1127 1119//1119 1124//1124
f 1127//1127 1123//1123 1119//1119
f 1128//1128 348//348 349//349
f 1128//1128 1124//1124 1120//1120
f 1128//1128 1120//1120 1125//1125
f 1128//1128 1125//1125 348//348
f 1129//1129 1126//1126 1123//1123
f 1129//1129 1123//1123 1127//1127
f 1130//1130 349//349 350//350
f 1130//1130 350//350 351//351
f 1130//1130 1128//1128 349//349
f 1130//1130 1124//1124 1128//1128
f 1130//1130 1127//1127 1124//1124
f 1131//1131 394//394 393//393
f 1131//1131 393//393 1126//1126
f 1131//1131 1126//1126 1129//1129
f 1132//1132 351//351 352//352
f 1132//1132 1130//1130 351//351
f 1132//1132 1129//1129 1127//1127
f 1132//1132 1127//1127 1130//1130
f 1133//1133 395//395 394//394
f 1133//1133 352//352 353//353
f 1133//1133 1132//1132 352//352
f 1133//1133 394//394 1131//1131
f 1133//1133 1131//1131 1129//1129
f 1133//1133 1129//1129 1132//1132
f 1133//1133 353//353 395//395
f 372//372 361//361 172//172
f 371//371 745//745 379//379
f 1134//1134 259//259 354//354
f 1134//1134 354//354 355//355
f 1135//1135 259//259 1134//1134
f 1136//1136 259//259 1135//1135
f 1137//1137 355//355 356//356
f 1137//1137 1134//1134 355//355
f 1137//1137 1135//1135 1134//1134
f 1138//1138 259//259 1136//1136
f 1139//1139 1135//1135 1137//1137
f 1139//1139 1136//1136 1135//1135
f 1140//1140 356//356 357//357
f 1140//1140 357//357 358//358
f 1140//1140 1137//1137 356//356
f 1141//1141 259//259 1138//1138
f 1142//1142 1136//1136 1139//1139
f 1142//1142 1138//1138 1136//1136
f 1143//1143 1137//1137 1140//1140
f 1143//1143 1139//1139 1137//1137
f 1144//1144 259//259 1141//1141
f 1145//1145 1141//1141 1138//1138
f 1145//1145 1138//1138 1142//1142
f 1146//1146 1142//1142 1139//1139
f 1146//1146 1139//1139 1143//1143
f 1147//1147 358//358 359//359
f 1147//1147 1143//1143 1140//1140
f 1147//1147 1140//1140 358//358
f 1148//1148 738//738 259//259
f 1148//1148 739//739 738//738
f 1148//1148 259//259 1144//1144
f 1149//1149 1144//1144 1141//1141
f 1149//1149 1141//1141 1145//1145
f 1150//1150 1145//1145 1142//1142
f 1150//1150 1142//1142 1146//1146
f 1151//1151 1146//1146 1143//1143
f 1151//1151 1143//1143 1147//1147
f 1152//1152 359//359 360//360
f 1152//1152 1147//1147 359//359
f 1153//1153 740//740 739//739
f 1153//1153 739//739 1148//1148
f 1153//1153 1148//1148 1144//1144
f 1153//1153 1144//1144 1149//1149
f 1154//1154 1149//1149 1145//1145
f 1154//1154 1145//1145 1150//1150
f 1155//1155 1146//1146 1151//1151
f 1155//1155 1150//1150 1146//1146
f 1156//1156 1151//1151 1147//1147
f 1156//1156 1147//1147 1152//1152
f 1157//1157 1153//1153 1149//1149
f 1157//1157 1149//1149 1154//1154
f 1158//1158 1154//1154 1150//1150
f 1158//1158 1150//1150 1155//1155
f 1159//1159 1155//1155 1151//1151
f 1159//1159 1151//1151 1156//1156
f 1160//1160 360//360 361//361
f 1160//1160 372//372 373//373
f 1160//1160 1156//1156 1152//1152
f 1160//1160 361//361 372//372
f 1160//1160 1152//1152 360//360
f 1161//1161 741//741 740//740
f 1161//1161 742//742 741//741
f 1161//1161 740//740 1153//1153
f 1161//1161 1153//1153 1157//1157
f 1162//1162 1154//1154 1158//1158
f 1162//1162 1157//1157 1154//1154
f 1163//1163 1158//1158 1155//1155
f 1163//1163 1155//1155 1159//1159
f 1164//1164 373//373 374//374
f 1164//1164 1159//1159 1156//1156
f 1164//1164 1160//1160 373//373
f 1164//1164 1156//1156 1160//1160
f 1165//1165 743//743 742//742
f 1165//1165 742//742 1161//1161
f 1165//1165 1161//1161 1157//1157
f 1165//1165 1157//1157 1162//1162
f 1166//1166 1158//1158 1163//1163
f 1166//1166 1162//1162 1158//1158
f 1167//1167 374//374 375//375
f 1167//1167 1163//1163 1159//1159
f 1167//1167 1159//1159 1164//1164
f 1167//1167 1164//1164 374//374
f 1168//1168 1165//1165 1162//1162
f 1168//1168 1162//1162 1166//1166
f 1169//1169 375//375 376//376
f 1169//1169 376//376 377//377
f 1169//1169 1167//1167 375//375
f 1169//1169 1163//1163 1167//1167
f 1169//1169 1166//1166 1163//1163
f 1170//1170 744//744 743//743
f 1170//1170 743//743 1165//1165
f 1170//1170 1165//1165 1168//1168
f 1171//1171 377//377 378//378
f 1171//1171 1169//1169 377//377
f 1171//1171 1168//1168 1166//1166
f 1171//1171 1166//1166 1169//1169
f 1172//1172 745//745 744//744
f 1172//1172 378//378 379//379
f 1172//1172 1171//1171 378//378
f 1172//1172 744//744 1170//1170
f 1172//1172 1170//1170 1168//1168
f 1172//1172 1168//1168 1171//1171
f 1172//1172 379//379 745//745
f 371//371 362//362 396//396
f 371//371 396//396 746//746
f 380//380 345//345 1086//1086
f 175//175 387//387 404//404
f 1173//1173 1079//1079 396//396
f 1173//1173 1080//1080 1079//1079
f 1174//1174 1173//1173 396//396
f 1175//1175 1174//1174 396//396
f 1176//1176 1081//1081 1080//1080
f 1176//1176 1080//1080 1173//1173
f 1176//1176 1173//1173 1174//1174
f 1177//1177 1175//1175 396//396
f 1178//1178 1176//1176 1174//1174
f 1178//1178 1174//1174 1175//1175
f 1179//1179 1082//1082 1081//1081
f 1179//1179 1083//1083 1082//1082
f 1179//1179 1081//1081 1176//1176
f 1180//1180 1177//1177 396//396
f 1181//1181 1178//1178 1175//1175
f 1181//1181 1175//1175 1177//1177
f 1182//1182 1179//1179 1176//1176
f 1182//1182 1176//1176 1178//1178
f 1183//1183 1180//1180 396//396
f 1184//1184 1177//1177 1180//1180
f 1184//1184 1181//1181 1177//1177
f 1185//1185 1178//1178 1181//1181
f 1185//1185 1182//1182 1178//1178
f 1186//1186 1084//1084 1083//1083
f 1186//1186 1179//1179 1182//1182
f 1186//1186 1083//1083 1179//1179
f 1187//1187 396//396 397//397
f 1187//1187 397//397 398//398
f 1187//1187 1183//1183 396//396
f 1188//1188 1180//1180 1183//1183
f 1188//1188 1184//1184 1180//1180
f 1189//1189 1181//1181 1184//1184
f 1189//1189 1185//1185 1181//1181
f 1190//1190 1182//1182 1185//1185
f 1190//1190 1186//1186 1182//1182
f 1191//1191 1085//1085 1084//1084
f 1191//1191 1084//1084 1186//1186
f 1192//1192 398//398 399//399
f 1192//1192 1187//1187 398//398
f 1192//1192 1183//1183 1187//1187
f 1192//1192 1188//1188 1183//1183
f 1193//1193 1184//1184 1188//1188
f 1193//1193 1189//1189 1184//1184
f 1194//1194 1190//1190 1185//1185
f 1194//1194 1185//1185 1189//1189
f 1195//1195 1186//1186 1190//1190
f 1195//1195 1191//1191 1186//1186
f 1196//1196 1188//1188 1192//1192
f 1196//1196 1193//1193 1188//1188
f 1197//1197 1189//1189 1193//1193
f 1197//1197 1194//1194 1189//1189
f 1198//1198 1190//1190 1194//1194
f 1198//1198 1195//1195 1190//1190
f 1199//1199 1086//1086 1085//1085
f 1199//1199 381//381 380//380
f 1199//1199 1191//1191 1195//1195
f 1199//1199 380//380 1086//1086
f 1199//1199 1085//1085 1191//1191
f 1200//1200 399//399 400//400
f 1200//1200 400//400 401//401
f 1200//1200 1192//1192 399//399
f 1200//1200 1196//1196 1192//1192
f 1201//1201 1197//1197 1193//1193
f 1201//1201 1193//1193 1196//1196
f 1202//1202 1194//1194 1197//1197
f 1202//1202 1198//1198 1194//1194
f 1203//1203 382//382 381//381
f 1203//1203 1195//1195 1198//1198
f 1203//1203 381//381 1199//1199
f 1203//1203 1199//1199 1195//1195
f 1204//1204 401//401 402//402
f 1204//1204 1200//1200 401//401
f 1204//1204 1196//1196 1200//1200
f 1204//1204 1201//1201 1196//1196
f 1205//1205 1202//1202 1197//1197
f 1205//1205 1197//1197 1201//1201
f 1206//1206 383//383 382//382
f 1206//1206 1198//1198 1202//1202
f 1206//1206 1203//1203 1198//1198
f 1206//1206 382//382 1203//1203
f 1207//1207 1201//1201 1204//1204
f 1207//1207 1205//1205 1201//1201
f 1208//1208 384//384 383//383
f 1208//1208 385//385 384//384
f 1208//1208 383//383 1206//1206
f 1208//1208 1206//1206 1202//1202
f 1208//1208 1202//1202 1205//1205
f 1209//1209 402//402 403//403
f 1209//1209 1204//1204 402//402
f 1209//1209 1207//1207 1204//1204
f 1210//1210 386//386 385//385
f 1210//1210 385//385 1208//1208
f 1210//1210 1205//1205 1207//1207
f 1210//1210 1208//1208 1205//1205
f 1211//1211 403//403 404//404
f 1211//1211 387//387 386//386
f 1211//1211 386//386 1210//1210
f 1211//1211 1209//1209 403//403
f 1211//1211 1207//1207 1209//1209
f 1211//1211 1210//1210 1207//1207
f 1211//1211 404//404 387//387
f 764//764 413//413 763//763
f 764//764 414//414 413//413
f 765//765 415//415 414//414
f 765//765 414//414 764//764
f 766//766 416//416 415//415
f 766//766 417//417 416//416
f 766//766 415//415 765//765
f 767//767 417//417 766//766
f 768//768 418//418 417//417
f 768//768 417//417 767//767
f 769//769 418//418 768//768
f 769//769 419//419 418//418
f 770//770 419//419 769//769
f 770//770 420//420 419//419
f 771//771 420//420 770//770
f 771//771 421//421 420//420
f 771//771 422//422 421//421
f 772//772 422//422 771//771
f 772//772 423//423 422//422
f 773//773 423//423 772//772
f 774//774 423//423 773//773
f 774//774 424//424 423//423
f 775//775 424//424 774//774
f 775//775 425//425 424//424
f 776//776 425//425 775//775
f 776//776 426//426 425//425
f 777//777 426//426 776//776
f 777//777 427//427 426//426
f 778//778 427//427 777//777
f 778//778 428//428 427//427
f 778//778 429//429 428//428
f 779//779 429//429 778//778
f 780//780 429//429 779//779
f 780//780 430//430 429//429
f 781//781 430//430 780//780
f 781//781 431//431 430//430
f 781//781 432//432 431//431
f 782//782 432//432 781//781
f 783//783 433//433 432//432
f 783//783 432//432 782//782
f 783//783 434//434 433//433
f 784//784 434//434 783//783
f 785//785 435//435 434//434
f 785//785 434//434 784//784
f 786//786 436//436 435//435
f 786//786 435//435 785//785
f 787//787 437//437 436//436
f 787//787 436//436 786//786
f 788//788 438//438 437//437
f 788//788 437//437 787//787
f 789//789 439//439 438//438
f 789//789 438//438 788//788
f 790//790 440//440 439//439
f 790//790 439//439 789//789
f 791//791 441//441 440//440
f 791//791 440//440 790//790
f 792//792 442//442 441//441
f 792//792 441//441 791//791
f 793//793 443//443 442//442
f 793//793 442//442 792//792
f 794//794 443//443 793//793
f 794//794 444//444 443//443
f 795//795 444//444 794//794
f 795//795 445//445 444//444
f 796//796 445//445 795//795
f 796//796 446//446 445//445
f 797//797 446//446 796//796
f 797//797 447//447 446//446
f 798//798 447//447 797//797
f 798//798 448//448 447//447
f 763//763 448//448 798//798
f 763//763 413//413 448//448
f 729//729 260//260 754//754
f 344//344 737//737 1094//1094
f 1212//1212 747//747 746//746
f 1212//1212 748//748 747//747
f 1213//1213 1212//1212 746//746
f 1214//1214 1213//1213 746//746
f 1215//1215 749//749 748//748
f 1215//1215 748//748 1212//1212
f 1215//1215 1212//1212 1213//1213
f 1216//1216 1214//1214 746//746
f 1217//1217 1215//1215 1213//1213
f 1217//1217 1213//1213 1214//1214
f 1218//1218 750//750 749//749
f 1218//1218 751//751 750//750
f 1218//1218 749//749 1215//1215
f 1219//1219 1216//1216 746//746
f 1220//1220 1214//1214 1216//1216
f 1220//1220 1217//1217 1214//1214
f 1221//1221 1215//1215 1217//1217
f 1221//1221 1218//1218 1215//1215
f 1222//1222 1219//1219 746//746
f 1223//1223 1216//1216 1219//1219
f 1223//1223 1220//1220 1216//1216
f 1224//1224 1217//1217 1220//1220
f 1224//1224 1221//1221 1217//1217
f 1225//1225 752//752 751//751
f 1225//1225 1218//1218 1221//1221
f 1225//1225 751//751 1218//1218
f 1226//1226 746//746 1087//1087
f 1226//1226 1087//1087 1088//1088
f 1226//1226 1222//1222 746//746
f 1227//1227 1219//1219 1222//1222
f 1227//1227 1223//1223 1219//1219
f 1228//1228 1220//1220 1223//1223
f 1228//1228 1224//1224 1220//1220
f 1229//1229 1221//1221 1224//1224
f 1229//1229 1225//1225 1221//1221
f 1230//1230 753//753 752//752
f 1230//1230 752//752 1225//1225
f 1231//1231 1227//1227 1222//1222
f 1231//1231 1088//1088 1089//1089
f 1231//1231 1226//1226 1088//1088
f 1231//1231 1222//1222 1226//1226
f 1232//1232 1228//1228 1223//1223
f 1232//1232 1223//1223 1227//1227
f 1233//1233 1229//1229 1224//1224
f 1233//1233 1224//1224 1228//1228
f 1234//1234 1225//1225 1229//1229
f 1234//1234 1230//1230 1225//1225
f 1235//1235 1232//1232 1227//1227
f 1235//1235 1227//1227 1231//1231
f 1236//1236 1233//1233 1228//1228
f 1236//1236 1228//1228 1232//1232
f 1237//1237 1229//1229 1233//1233
f 1237//1237 1234//1234 1229//1229
f 1238//1238 754//754 753//753
f 1238//1238 730//730 729//729
f 1238//1238 1230//1230 1234//1234
f 1238//1238 729//729 754//754
f 1238//1238 753//753 1230//1230
f 1239//1239 1231//1231 1089//1089
f 1239//1239 1089//1089 1090//1090
f 1239//1239 1235//1235 1231//1231
f 1239//1239 1090//1090 1091//1091
f 1240//1240 1236//1236 1232//1232
f 1240//1240 1232//1232 1235//1235
f 1241//1241 1237//1237 1233//1233
f 1241//1241 1233//1233 1236//1236
f 1242//1242 730//730 1238//1238
f 1242//1242 731//731 730//730
f 1242//1242 732//732 731//731
f 1242//1242 1234//1234 1237//1237
f 1242//1242 1238//1238 1234//1234
f 1243//1243 1091//1091 1092//1092
f 1243//1243 1235//1235 1239//1239
f 1243//1243 1239//1239 1091//1091
f 1243//1243 1240//1240 1235//1235
f 1244//1244 1236//1236 1240//1240
f 1244//1244 1241//1241 1236//1236
f 1245//1245 733//733 732//732
f 1245//1245 1237//1237 1241//1241
f 1245//1245 1242//1242 1237//1237
f 1245//1245 732//732 1242//1242
f 1246//1246 1244//1244 1240//1240
f 1246//1246 1240//1240 1243//1243
f 1247//1247 734//734 733//733
f 1247//1247 733//733 1245//1245
f 1247//1247 1241//1241 1244//1244
f 1247//1247 1245//1245 1241//1241
f 1248//1248 1092//1092 1093//1093
f 1248//1248 1243//1243 1092//1092
f 1248//1248 1246//1246 1243//1243
f 1249//1249 735//735 734//734
f 1249//1249 736//736 735//735
f 1249//1249 1244//1244 1246//1246
f 1249//1249 1247//1247 1244//1244
f 1249//1249 734//734 1247//1247
f 1250//1250 1093//1093 1094//1094
f 1250//1250 737//737 736//736
f 1250//1250 1248//1248 1093//1093
f 1250//1250 1246//1246 1248//1248
f 1250//1250 1249//1249 1246//1246
f 1250//1250 736//736 1249//1249
f 1250//1250 1094//1094 737//737
