# robocad OBJ
mtllib pin_plate_two.mtl
o plate
usemtl PLA_ed8c28
v 0.00240 -0.04500 0.01940
v -0.00240 -0.04500 0.01940
v 0.00240 -0.04500 -0.01940
v -0.00240 -0.04500 -0.01940
v 0.00240 -0.04499 0.01950
v 0.00240 -0.04496 0.01961
v 0.00240 -0.04492 0.01970
v 0.00240 -0.04486 0.01979
v 0.00240 -0.04479 0.01986
v 0.00240 -0.04470 0.01992
v 0.00240 -0.04461 0.01996
v 0.00240 -0.04450 0.01999
v 0.00240 -0.04440 0.02000
v -0.00240 -0.04440 0.02000
v -0.00240 -0.04499 0.01950
v -0.00240 -0.04496 0.01961
v -0.00240 -0.04492 0.01970
v -0.00240 -0.04486 0.01979
v -0.00240 -0.04479 0.01986
v -0.00240 -0.04470 0.01992
v -0.00240 -0.04461 0.01996
v -0.00240 -0.04450 0.01999
v 0.00300 -0.04440 0.01940
v 0.00299 -0.04450 0.01940
v 0.00296 -0.04461 0.01940
v 0.00292 -0.04470 0.01940
v 0.00286 -0.04479 0.01940
v 0.00279 -0.04486 0.01940
v 0.00270 -0.04492 0.01940
v 0.00261 -0.04496 0.01940
v 0.00250 -0.04499 0.01940
v 0.00300 -0.04440 -0.01940
v 0.00299 -0.04450 -0.01940
v 0.00296 -0.04461 -0.01940
v 0.00292 -0.04470 -0.01940
v 0.00286 -0.04479 -0.01940
v 0.00279 -0.04486 -0.01940
v 0.00270 -0.04492 -0.01940
v 0.00261 -0.04496 -0.01940
v 0.00250 -0.04499 -0.01940
v -0.00300 -0.04440 0.01940
v -0.00299 -0.04450 0.01940
v -0.00296 -0.04461 0.01940
v -0.00292 -0.04470 0.01940
v -0.00286 -0.04479 0.01940
v -0.00279 -0.04486 0.01940
v -0.00270 -0.04492 0.01940
v -0.00261 -0.04496 0.01940
v -0.00250 -0.04499 0.01940
v -0.00300 -0.04440 -0.01940
v -0.00250 -0.04499 -0.01940
v -0.00261 -0.04496 -0.01940
v -0.00270 -0.04492 -0.01940
v -0.00279 -0.04486 -0.01940
v -0.00286 -0.04479 -0.01940
v -0.00292 -0.04470 -0.01940
v -0.00296 -0.04461 -0.01940
v -0.00299 -0.04450 -0.01940
v 0.00240 -0.04499 -0.01950
v 0.00240 -0.04496 -0.01961
v 0.00240 -0.04492 -0.01970
v 0.00240 -0.04486 -0.01979
v 0.00240 -0.04479 -0.01986
v 0.00240 -0.04470 -0.01992
v 0.00240 -0.04461 -0.01996
v 0.00240 -0.04450 -0.01999
v 0.00240 -0.04440 -0.02000
v -0.00240 -0.04440 -0.02000
v -0.00240 -0.04450 -0.01999
v -0.00240 -0.04461 -0.01996
v -0.00240 -0.04470 -0.01992
v -0.00240 -0.04479 -0.01986
v -0.00240 -0.04486 -0.01979
v -0.00240 -0.04492 -0.01970
v -0.00240 -0.04496 -0.01961
v -0.00240 -0.04499 -0.01950
v 0.00299 -0.04440 0.01950
v 0.00296 -0.04440 0.01961
v 0.00292 -0.04440 0.01970
v 0.00286 -0.04440 0.01979
v 0.00279 -0.04440 0.01986
v 0.00270 -0.04440 0.01992
v 0.00261 -0.04440 0.01996
v 0.00250 -0.04440 0.01999
v 0.00298 -0.04453 0.01941
v 0.00298 -0.04453 0.01944
v 0.00298 -0.04451 0.01947
v 0.00294 -0.04465 0.01946
v 0.00298 -0.04449 0.01949
v 0.00294 -0.04463 0.01951
v 0.00287 -0.04477 0.01944
v 0.00298 -0.04447 0.01951
v 0.00294 -0.04460 0.01956
v 0.00287 -0.04475 0.01952
v 0.00298 -0.04444 0.01953
v 0.00294 -0.04456 0.01960
v 0.00287 -0.04472 0.01960
v 0.00277 -0.04486 0.01950
v 0.00298 -0.04441 0.01953
v 0.00294 -0.04451 0.01963
v 0.00287 -0.04466 0.01966
v 0.00277 -0.04482 0.01960
v 0.00266 -0.04494 0.01946
v 0.00294 -0.04446 0.01965
v 0.00287 -0.04460 0.01972
v 0.00277 -0.04477 0.01969
v 0.00266 -0.04491 0.01958
v 0.00287 -0.04452 0.01975
v 0.00277 -0.04469 0.01977
v 0.00266 -0.04486 0.01969
v 0.00253 -0.04497 0.01953
v 0.00287 -0.04444 0.01977
v 0.00277 -0.04460 0.01982
v 0.00266 -0.04478 0.01978
v 0.00253 -0.04493 0.01965
v 0.00277 -0.04450 0.01986
v 0.00266 -0.04469 0.01986
v 0.00253 -0.04486 0.01976
v 0.00266 -0.04458 0.01991
v 0.00253 -0.04476 0.01986
v 0.00266 -0.04446 0.01994
v 0.00253 -0.04465 0.01993
v 0.00253 -0.04453 0.01997
v -0.00299 -0.04440 0.01950
v -0.00296 -0.04440 0.01961
v -0.00292 -0.04440 0.01970
v -0.00286 -0.04440 0.01979
v -0.00279 -0.04440 0.01986
v -0.00270 -0.04440 0.01992
v -0.00261 -0.04440 0.01996
v -0.00250 -0.04440 0.01999
v -0.00298 -0.04453 0.01941
v -0.00298 -0.04453 0.01944
v -0.00298 -0.04451 0.01947
v -0.00294 -0.04465 0.01946
v -0.00298 -0.04449 0.01949
v -0.00294 -0.04463 0.01951
v -0.00287 -0.04477 0.01944
v -0.00298 -0.04447 0.01951
v -0.00294 -0.04460 0.01956
v -0.00287 -0.04475 0.01952
v -0.00298 -0.04444 0.01953
v -0.00294 -0.04456 0.01960
v -0.00287 -0.04472 0.01960
v -0.00277 -0.04486 0.01950
v -0.00298 -0.04441 0.01953
v -0.00294 -0.04451 0.01963
v -0.00287 -0.04466 0.01966
v -0.00277 -0.04482 0.01960
v -0.00266 -0.04494 0.01946
v -0.00294 -0.04446 0.01965
v -0.00287 -0.04460 0.01972
v -0.00277 -0.04477 0.01969
v -0.00266 -0.04491 0.01958
v -0.00287 -0.04452 0.01975
v -0.00277 -0.04469 0.01977
v -0.00266 -0.04486 0.01969
v -0.00253 -0.04497 0.01953
v -0.00287 -0.04444 0.01977
v -0.00277 -0.04460 0.01982
v -0.00266 -0.04478 0.01978
v -0.00253 -0.04493 0.01965
v -0.00277 -0.04450 0.01986
v -0.00266 -0.04469 0.01986
v -0.00253 -0.04486 0.01976
v -0.00266 -0.04458 0.01991
v -0.00253 -0.04476 0.01986
v -0.00266 -0.04446 0.01994
v -0.00253 -0.04465 0.01993
v -0.00253 -0.04453 0.01997
v -0.00240 0.04440 0.02000
v 0.00240 0.04440 0.02000
v 0.00300 0.04440 0.01940
v 0.00300 0.04440 -0.01940
v 0.00300 -0.02780 -0.00000
v 0.00300 -0.02783 -0.00038
v 0.00300 -0.02793 -0.00075
v 0.00300 -0.02809 -0.00110
v 0.00300 -0.02831 -0.00141
v 0.00300 -0.02859 -0.00169
v 0.00300 -0.02890 -0.00191
v 0.00300 -0.02925 -0.00207
v 0.00300 -0.02962 -0.00217
v 0.00300 -0.03000 -0.00220
v 0.00300 -0.03038 -0.00217
v 0.00300 -0.03075 -0.00207
v 0.00300 -0.03110 -0.00191
v 0.00300 -0.03141 -0.00169
v 0.00300 -0.03169 -0.00141
v 0.00300 -0.03191 -0.00110
v 0.00300 -0.03207 -0.00075
v 0.00300 -0.03217 -0.00038
v 0.00300 -0.03220 -0.00000
v 0.00300 -0.03217 0.00038
v 0.00300 -0.03207 0.00075
v 0.00300 -0.03191 0.00110
v 0.00300 -0.03169 0.00141
v 0.00300 -0.03141 0.00169
v 0.00300 -0.03110 0.00191
v 0.00300 -0.03075 0.00207
v 0.00300 -0.03038 0.00217
v 0.00300 -0.03000 0.00220
v 0.00300 -0.02962 0.00217
v 0.00300 -0.02925 0.00207
v 0.00300 -0.02890 0.00191
v 0.00300 -0.02859 0.00169
v 0.00300 -0.02831 0.00141
v 0.00300 -0.02809 0.00110
v 0.00300 -0.02793 0.00075
v 0.00300 -0.02783 0.00038
v 0.00300 0.03220 -0.00000
v 0.00300 0.03217 -0.00038
v 0.00300 0.03207 -0.00075
v 0.00300 0.03191 -0.00110
v 0.00300 0.03169 -0.00141
v 0.00300 0.03141 -0.00169
v 0.00300 0.03110 -0.00191
v 0.00300 0.03075 -0.00207
v 0.00300 0.03038 -0.00217
v 0.00300 0.03000 -0.00220
v 0.00300 0.02962 -0.00217
v 0.00300 0.02925 -0.00207
v 0.00300 0.02890 -0.00191
v 0.00300 0.02859 -0.00169
v 0.00300 0.02831 -0.00141
v 0.00300 0.02809 -0.00110
v 0.00300 0.02793 -0.00075
v 0.00300 0.02783 -0.00038
v 0.00300 0.02780 -0.00000
v 0.00300 0.02783 0.00038
v 0.00300 0.02793 0.00075
v 0.00300 0.02809 0.00110
v 0.00300 0.02831 0.00141
v 0.00300 0.02859 0.00169
v 0.00300 0.02890 0.00191
v 0.00300 0.02925 0.00207
v 0.00300 0.02962 0.00217
v 0.00300 0.03000 0.00220
v 0.00300 0.03038 0.00217
v 0.00300 0.03075 0.00207
v 0.00300 0.03110 0.00191
v 0.00300 0.03141 0.00169
v 0.00300 0.03169 0.00141
v 0.00300 0.03191 0.00110
v 0.00300 0.03207 0.00075
v 0.00300 0.03217 0.00038
v 0.00299 -0.04440 -0.01950
v 0.00296 -0.04440 -0.01961
v 0.00292 -0.04440 -0.01970
v 0.00286 -0.04440 -0.01979
v 0.00279 -0.04440 -0.01986
v 0.00270 -0.04440 -0.01992
v 0.00261 -0.04440 -0.01996
v 0.00250 -0.04440 -0.01999
v 0.00298 -0.04453 -0.01941
v 0.00298 -0.04453 -0.01944
v 0.00298 -0.04451 -0.01947
v 0.00294 -0.04465 -0.01946
v 0.00298 -0.04449 -0.01949
v 0.00294 -0.04463 -0.01951
v 0.00287 -0.04477 -0.01944
v 0.00298 -0.04447 -0.01951
v 0.00294 -0.04460 -0.01956
v 0.00287 -0.04475 -0.01952
v 0.00298 -0.04444 -0.01953
v 0.00294 -0.04456 -0.01960
v 0.00287 -0.04472 -0.01960
v 0.00277 -0.04486 -0.01950
v 0.00298 -0.04441 -0.01953
v 0.00294 -0.04451 -0.01963
v 0.00287 -0.04466 -0.01966
v 0.00277 -0.04482 -0.01960
v 0.00266 -0.04494 -0.01946
v 0.00294 -0.04446 -0.01965
v 0.00287 -0.04460 -0.01972
v 0.00277 -0.04477 -0.01969
v 0.00266 -0.04491 -0.01958
v 0.00287 -0.04452 -0.01975
v 0.00277 -0.04469 -0.01977
v 0.00266 -0.04486 -0.01969
v 0.00253 -0.04497 -0.01953
v 0.00287 -0.04444 -0.01977
v 0.00277 -0.04460 -0.01982
v 0.00266 -0.04478 -0.01978
v 0.00253 -0.04493 -0.01965
v 0.00277 -0.04450 -0.01986
v 0.00266 -0.04469 -0.01986
v 0.00253 -0.04486 -0.01976
v 0.00266 -0.04458 -0.01991
v 0.00253 -0.04476 -0.01986
v 0.00266 -0.04446 -0.01994
v 0.00253 -0.04465 -0.01993
v 0.00253 -0.04453 -0.01997
v -0.00300 0.04440 0.01940
v -0.00300 0.04440 -0.01940
v -0.00300 -0.02780 -0.00000
v -0.00300 -0.02783 -0.00038
v -0.00300 -0.02793 -0.00075
v -0.00300 -0.02809 -0.00110
v -0.00300 -0.02831 -0.00141
v -0.00300 -0.02859 -0.00169
v -0.00300 -0.02890 -0.00191
v -0.00300 -0.02925 -0.00207
v -0.00300 -0.02962 -0.00217
v -0.00300 -0.03000 -0.00220
v -0.00300 -0.03038 -0.00217
v -0.00300 -0.03075 -0.00207
v -0.00300 -0.03110 -0.00191
v -0.00300 -0.03141 -0.00169
v -0.00300 -0.03169 -0.00141
v -0.00300 -0.03191 -0.00110
v -0.00300 -0.03207 -0.00075
v -0.00300 -0.03217 -0.00038
v -0.00300 -0.03220 -0.00000
v -0.00300 -0.03217 0.00038
v -0.00300 -0.03207 0.00075
v -0.00300 -0.03191 0.00110
v -0.00300 -0.03169 0.00141
v -0.00300 -0.03141 0.00169
v -0.00300 -0.03110 0.00191
v -0.00300 -0.03075 0.00207
v -0.00300 -0.03038 0.00217
v -0.00300 -0.03000 0.00220
v -0.00300 -0.02962 0.00217
v -0.00300 -0.02925 0.00207
v -0.00300 -0.02890 0.00191
v -0.00300 -0.02859 0.00169
v -0.00300 -0.02831 0.00141
v -0.00300 -0.02809 0.00110
v -0.00300 -0.02793 0.00075
v -0.00300 -0.02783 0.00038
v -0.00300 0.03220 -0.00000
v -0.00300 0.03217 -0.00038
v -0.00300 0.03207 -0.00075
v -0.00300 0.03191 -0.00110
v -0.00300 0.03169 -0.00141
v -0.00300 0.03141 -0.00169
v -0.00300 0.03110 -0.00191
v -0.00300 0.03075 -0.00207
v -0.00300 0.03038 -0.00217
v -0.00300 0.03000 -0.00220
v -0.00300 0.02962 -0.00217
v -0.00300 0.02925 -0.00207
v -0.00300 0.02890 -0.00191
v -0.00300 0.02859 -0.00169
v -0.00300 0.02831 -0.00141
v -0.00300 0.02809 -0.00110
v -0.00300 0.02793 -0.00075
v -0.00300 0.02783 -0.00038
v -0.00300 0.02780 -0.00000
v -0.00300 0.02783 0.00038
v -0.00300 0.02793 0.00075
v -0.00300 0.02809 0.00110
v -0.00300 0.02831 0.00141
v -0.00300 0.02859 0.00169
v -0.00300 0.02890 0.00191
v -0.00300 0.02925 0.00207
v -0.00300 0.02962 0.00217
v -0.00300 0.03000 0.00220
v -0.00300 0.03038 0.00217
v -0.00300 0.03075 0.00207
v -0.00300 0.03110 0.00191
v -0.00300 0.03141 0.00169
v -0.00300 0.03169 0.00141
v -0.00300 0.03191 0.00110
v -0.00300 0.03207 0.00075
v -0.00300 0.03217 0.00038
v -0.00250 -0.04440 -0.01999
v -0.00261 -0.04440 -0.01996
v -0.00270 -0.04440 -0.01992
v -0.00279 -0.04440 -0.01986
v -0.00286 -0.04440 -0.01979
v -0.00292 -0.04440 -0.01970
v -0.00296 -0.04440 -0.01961
v -0.00299 -0.04440 -0.01950
v -0.00241 -0.04453 -0.01998
v -0.00244 -0.04453 -0.01998
v -0.00247 -0.04451 -0.01998
v -0.00246 -0.04465 -0.01994
v -0.00249 -0.04449 -0.01998
v -0.00251 -0.04463 -0.01994
v -0.00244 -0.04477 -0.01987
v -0.00251 -0.04447 -0.01998
v -0.00256 -0.04460 -0.01994
v -0.00252 -0.04475 -0.01987
v -0.00253 -0.04444 -0.01998
v -0.00260 -0.04456 -0.01994
v -0.00260 -0.04472 -0.01987
v -0.00250 -0.04486 -0.01977
v -0.00253 -0.04441 -0.01998
v -0.00263 -0.04451 -0.01994
v -0.00266 -0.04466 -0.01987
v -0.00260 -0.04482 -0.01977
v -0.00246 -0.04494 -0.01966
v -0.00265 -0.04446 -0.01994
v -0.00272 -0.04460 -0.01987
v -0.00269 -0.04477 -0.01977
v -0.00258 -0.04491 -0.01966
v -0.00275 -0.04452 -0.01987
v -0.00277 -0.04469 -0.01977
v -0.00269 -0.04486 -0.01966
v -0.00253 -0.04497 -0.01953
v -0.00277 -0.04444 -0.01987
v -0.00282 -0.04460 -0.01977
v -0.00278 -0.04478 -0.01966
v -0.00265 -0.04493 -0.01953
v -0.00286 -0.04450 -0.01977
v -0.00286 -0.04469 -0.01966
v -0.00276 -0.04486 -0.01953
v -0.00291 -0.04458 -0.01966
v -0.00286 -0.04476 -0.01953
v -0.00294 -0.04446 -0.01966
v -0.00293 -0.04465 -0.01953
v -0.00297 -0.04453 -0.01953
v -0.00240 0.04440 -0.02000
v 0.00240 0.04440 -0.02000
v 0.00250 0.04440 0.01999
v 0.00261 0.04440 0.01996
v 0.00270 0.04440 0.01992
v 0.00279 0.04440 0.01986
v 0.00286 0.04440 0.01979
v 0.00292 0.04440 0.01970
v 0.00296 0.04440 0.01961
v 0.00299 0.04440 0.01950
v -0.00299 0.04440 0.01950
v -0.00296 0.04440 0.01961
v -0.00292 0.04440 0.01970
v -0.00286 0.04440 0.01979
v -0.00279 0.04440 0.01986
v -0.00270 0.04440 0.01992
v -0.00261 0.04440 0.01996
v -0.00250 0.04440 0.01999
v 0.00240 0.04500 0.01940
v 0.00240 0.04499 0.01950
v 0.00240 0.04496 0.01961
v 0.00240 0.04492 0.01970
v 0.00240 0.04486 0.01979
v 0.00240 0.04479 0.01986
v 0.00240 0.04470 0.01992
v 0.00240 0.04461 0.01996
v 0.00240 0.04450 0.01999
v -0.00240 0.04500 0.01940
v -0.00240 0.04449 0.01999
v -0.00240 0.04459 0.01997
v -0.00240 0.04467 0.01993
v -0.00240 0.04475 0.01989
v -0.00240 0.04482 0.01982
v -0.00240 0.04489 0.01975
v -0.00240 0.04493 0.01967
v -0.00240 0.04497 0.01959
v -0.00240 0.04499 0.01949
v 0.00250 0.04440 -0.01999
v 0.00261 0.04440 -0.01996
v 0.00270 0.04440 -0.01992
v 0.00279 0.04440 -0.01986
v 0.00286 0.04440 -0.01979
v 0.00292 0.04440 -0.01970
v 0.00296 0.04440 -0.01961
v 0.00299 0.04440 -0.01950
v 0.00250 0.04499 0.01940
v 0.00261 0.04496 0.01940
v 0.00270 0.04492 0.01940
v 0.00279 0.04486 0.01940
v 0.00286 0.04479 0.01940
v 0.00292 0.04470 0.01940
v 0.00296 0.04461 0.01940
v 0.00299 0.04450 0.01940
v 0.00240 0.04500 -0.01940
v 0.00250 0.04499 -0.01940
v 0.00261 0.04496 -0.01940
v 0.00270 0.04492 -0.01940
v 0.00279 0.04486 -0.01940
v 0.00286 0.04479 -0.01940
v 0.00292 0.04470 -0.01940
v 0.00296 0.04461 -0.01940
v 0.00299 0.04450 -0.01940
v 0.00299 -0.02790 -0.00000
v 0.00296 -0.02801 -0.00000
v 0.00292 -0.02810 -0.00000
v 0.00286 -0.02819 -0.00000
v 0.00279 -0.02826 -0.00000
v 0.00270 -0.02832 -0.00000
v 0.00261 -0.02836 -0.00000
v 0.00250 -0.02839 -0.00000
v 0.00240 -0.02840 -0.00000
v 0.00240 -0.02842 -0.00028
v 0.00240 -0.02850 -0.00055
v 0.00240 -0.02861 -0.00080
v 0.00240 -0.02877 -0.00103
v 0.00240 -0.02897 -0.00123
v 0.00240 -0.02920 -0.00139
v 0.00240 -0.02945 -0.00150
v 0.00240 -0.02972 -0.00158
v 0.00240 -0.03000 -0.00160
v 0.00240 -0.03028 -0.00158
v 0.00240 -0.03055 -0.00150
v 0.00240 -0.03080 -0.00139
v 0.00240 -0.03103 -0.00123
v 0.00240 -0.03123 -0.00103
v 0.00240 -0.03139 -0.00080
v 0.00240 -0.03150 -0.00055
v 0.00240 -0.03158 -0.00028
v 0.00240 -0.03160 -0.00000
v 0.00240 -0.03158 0.00028
v 0.00240 -0.03150 0.00055
v 0.00240 -0.03139 0.00080
v 0.00240 -0.03123 0.00103
v 0.00240 -0.03103 0.00123
v 0.00240 -0.03080 0.00139
v 0.00240 -0.03055 0.00150
v 0.00240 -0.03028 0.00158
v 0.00240 -0.03000 0.00160
v 0.00240 -0.02972 0.00158
v 0.00240 -0.02945 0.00150
v 0.00240 -0.02920 0.00139
v 0.00240 -0.02897 0.00123
v 0.00240 -0.02877 0.00103
v 0.00240 -0.02861 0.00080
v 0.00240 -0.02850 0.00055
v 0.00240 -0.02842 0.00028
v 0.00299 -0.02794 -0.00036
v 0.00296 -0.02804 -0.00035
v 0.00292 -0.02813 -0.00033
v 0.00286 -0.02821 -0.00032
v 0.00299 -0.02803 -0.00072
v 0.00279 -0.02829 -0.00030
v 0.00296 -0.02813 -0.00068
v 0.00270 -0.02835 -0.00029
v 0.00292 -0.02821 -0.00065
v 0.00261 -0.02839 -0.00028
v 0.00286 -0.02830 -0.00062
v 0.00299 -0.02818 -0.00105
v 0.00250 -0.02842 -0.00028
v 0.00279 -0.02836 -0.00060
v 0.00296 -0.02827 -0.00100
v 0.00270 -0.02842 -0.00057
v 0.00292 -0.02835 -0.00095
v 0.00261 -0.02846 -0.00056
v 0.00286 -0.02843 -0.00091
v 0.00299 -0.02839 -0.00135
v 0.00250 -0.02849 -0.00055
v 0.00279 -0.02849 -0.00087
v 0.00296 -0.02847 -0.00128
v 0.00270 -0.02854 -0.00084
v 0.00292 -0.02854 -0.00122
v 0.00261 -0.02858 -0.00082
v 0.00286 -0.02861 -0.00117
v 0.00299 -0.02865 -0.00161
v 0.00250 -0.02861 -0.00080
v 0.00279 -0.02867 -0.00112
v 0.00296 -0.02872 -0.00153
v 0.00270 -0.02871 -0.00108
v 0.00292 -0.02878 -0.00146
v 0.00261 -0.02875 -0.00105
v 0.00286 -0.02883 -0.00139
v 0.00299 -0.02895 -0.00182
v 0.00250 -0.02877 -0.00103
v 0.00279 -0.02888 -0.00133
v 0.00296 -0.02900 -0.00173
v 0.00270 -0.02892 -0.00129
v 0.00292 -0.02905 -0.00165
v 0.00261 -0.02895 -0.00125
v 0.00286 -0.02909 -0.00157
v 0.00299 -0.02928 -0.00197
v 0.00250 -0.02897 -0.00123
v 0.00279 -0.02913 -0.00151
v 0.00296 -0.02932 -0.00187
v 0.00270 -0.02916 -0.00146
v 0.00292 -0.02935 -0.00179
v 0.00261 -0.02918 -0.00142
v 0.00286 -0.02938 -0.00170
v 0.00299 -0.02964 -0.00206
v 0.00250 -0.02920 -0.00139
v 0.00279 -0.02940 -0.00164
v 0.00296 -0.02965 -0.00196
v 0.00270 -0.02943 -0.00158
v 0.00292 -0.02967 -0.00187
v 0.00261 -0.02944 -0.00154
v 0.00286 -0.02968 -0.00179
v 0.00299 -0.03000 -0.00210
v 0.00250 -0.02945 -0.00151
v 0.00279 -0.02970 -0.00171
v 0.00296 -0.03000 -0.00199
v 0.00270 -0.02971 -0.00165
v 0.00292 -0.03000 -0.00190
v 0.00261 -0.02972 -0.00161
v 0.00286 -0.03000 -0.00181
v 0.00299 -0.03036 -0.00206
v 0.00250 -0.02972 -0.00158
v 0.00279 -0.03000 -0.00174
v 0.00296 -0.03035 -0.00196
v 0.00270 -0.03000 -0.00168
v 0.00292 -0.03033 -0.00187
v 0.00261 -0.03000 -0.00164
v 0.00286 -0.03032 -0.00179
v 0.00299 -0.03072 -0.00197
v 0.00250 -0.03000 -0.00161
v 0.00279 -0.03030 -0.00171
v 0.00296 -0.03068 -0.00187
v 0.00270 -0.03029 -0.00165
v 0.00292 -0.03065 -0.00179
v 0.00261 -0.03028 -0.00161
v 0.00286 -0.03062 -0.00170
v 0.00299 -0.03105 -0.00182
v 0.00250 -0.03028 -0.00158
v 0.00279 -0.03060 -0.00164
v 0.00296 -0.03100 -0.00173
v 0.00270 -0.03057 -0.00158
v 0.00292 -0.03095 -0.00165
v 0.00261 -0.03056 -0.00154
v 0.00286 -0.03091 -0.00157
v 0.00299 -0.03135 -0.00161
v 0.00250 -0.03055 -0.00151
v 0.00279 -0.03087 -0.00151
v 0.00296 -0.03128 -0.00153
v 0.00270 -0.03084 -0.00146
v 0.00292 -0.03122 -0.00146
v 0.00261 -0.03082 -0.00142
v 0.00286 -0.03117 -0.00139
v 0.00299 -0.03161 -0.00135
v 0.00250 -0.03080 -0.00139
v 0.00279 -0.03112 -0.00133
v 0.00296 -0.03153 -0.00128
v 0.00270 -0.03108 -0.00129
v 0.00292 -0.03146 -0.00122
v 0.00261 -0.03105 -0.00125
v 0.00286 -0.03139 -0.00117
v 0.00299 -0.03182 -0.00105
v 0.00250 -0.03103 -0.00123
v 0.00279 -0.03133 -0.00112
v 0.00296 -0.03173 -0.00100
v 0.00270 -0.03129 -0.00108
v 0.00292 -0.03165 -0.00095
v 0.00261 -0.03125 -0.00105
v 0.00286 -0.03157 -0.00091
v 0.00299 -0.03197 -0.00072
v 0.00250 -0.03123 -0.00103
v 0.00279 -0.03151 -0.00087
v 0.00296 -0.03187 -0.00068
v 0.00270 -0.03146 -0.00084
v 0.00292 -0.03179 -0.00065
v 0.00261 -0.03142 -0.00082
v 0.00286 -0.03170 -0.00062
v 0.00299 -0.03206 -0.00036
v 0.00250 -0.03139 -0.00080
v 0.00279 -0.03164 -0.00060
v 0.00296 -0.03196 -0.00035
v 0.00270 -0.03158 -0.00057
v 0.00292 -0.03187 -0.00033
v 0.00261 -0.03154 -0.00056
v 0.00286 -0.03179 -0.00032
v 0.00299 -0.03210 -0.00000
v 0.00250 -0.03151 -0.00055
v 0.00279 -0.03171 -0.00030
v 0.00296 -0.03199 -0.00000
v 0.00270 -0.03165 -0.00029
v 0.00292 -0.03190 -0.00000
v 0.00261 -0.03161 -0.00028
v 0.00286 -0.03181 -0.00000
v 0.00299 -0.03206 0.00036
v 0.00250 -0.03158 -0.00028
v 0.00279 -0.03174 -0.00000
v 0.00296 -0.03196 0.00035
v 0.00270 -0.03168 -0.00000
v 0.00292 -0.03187 0.00033
v 0.00261 -0.03164 -0.00000
v 0.00286 -0.03179 0.00032
v 0.00299 -0.03197 0.00072
v 0.00250 -0.03161 -0.00000
v 0.00279 -0.03171 0.00030
v 0.00296 -0.03187 0.00068
v 0.00270 -0.03165 0.00029
v 0.00292 -0.03179 0.00065
v 0.00261 -0.03161 0.00028
v 0.00286 -0.03170 0.00062
v 0.00299 -0.03182 0.00105
v 0.00250 -0.03158 0.00028
v 0.00279 -0.03164 0.00060
v 0.00296 -0.03173 0.00100
v 0.00270 -0.03158 0.00057
v 0.00292 -0.03165 0.00095
v 0.00261 -0.03154 0.00056
v 0.00286 -0.03157 0.00091
v 0.00299 -0.03161 0.00135
v 0.00250 -0.03151 0.00055
v 0.00279 -0.03151 0.00087
v 0.00296 -0.03153 0.00128
v 0.00270 -0.03146 0.00084
v 0.00292 -0.03146 0.00122
v 0.00261 -0.03142 0.00082
v 0.00286 -0.03139 0.00117
v 0.00299 -0.03135 0.00161
v 0.00250 -0.03139 0.00080
v 0.00279 -0.03133 0.00112
v 0.00296 -0.03128 0.00153
v 0.00270 -0.03129 0.00108
v 0.00292 -0.03122 0.00146
v 0.00261 -0.03125 0.00105
v 0.00286 -0.03117 0.00139
v 0.00299 -0.03105 0.00182
v 0.00250 -0.03123 0.00103
v 0.00279 -0.03112 0.00133
v 0.00296 -0.03100 0.00173
v 0.00270 -0.03108 0.00129
v 0.00292 -0.03095 0.00165
v 0.00261 -0.03105 0.00125
v 0.00286 -0.03091 0.00157
v 0.00299 -0.03072 0.00197
v 0.00250 -0.03103 0.00123
v 0.00279 -0.03087 0.00151
v 0.00296 -0.03068 0.00187
v 0.00270 -0.03084 0.00146
v 0.00292 -0.03065 0.00179
v 0.00261 -0.03082 0.00142
v 0.00286 -0.03062 0.00170
v 0.00299 -0.03036 0.00206
v 0.00250 -0.03080 0.00139
v 0.00279 -0.03060 0.00164
v 0.00296 -0.03035 0.00196
v 0.00270 -0.03057 0.00158
v 0.00292 -0.03033 0.00187
v 0.00261 -0.03056 0.00154
v 0.00286 -0.03032 0.00179
v 0.00299 -0.03000 0.00210
v 0.00250 -0.03055 0.00151
v 0.00279 -0.03030 0.00171
v 0.00296 -0.03000 0.00199
v 0.00270 -0.03029 0.00165
v 0.00292 -0.03000 0.00190
v 0.00261 -0.03028 0.00161
v 0.00286 -0.03000 0.00181
v 0.00299 -0.02964 0.00206
v 0.00250 -0.03028 0.00158
v 0.00279 -0.03000 0.00174
v 0.00296 -0.02965 0.00196
v 0.00270 -0.03000 0.00168
v 0.00292 -0.02967 0.00187
v 0.00261 -0.03000 0.00164
v 0.00286 -0.02968 0.00179
v 0.00299 -0.02928 0.00197
v 0.00250 -0.03000 0.00161
v 0.00279 -0.02970 0.00171
v 0.00296 -0.02932 0.00187
v 0.00270 -0.02971 0.00165
v 0.00292 -0.02935 0.00179
v 0.00261 -0.02972 0.00161
v 0.00286 -0.02938 0.00170
v 0.00299 -0.02895 0.00182
v 0.00250 -0.02972 0.00158
v 0.00279 -0.02940 0.00164
v 0.00296 -0.02900 0.00173
v 0.00270 -0.02943 0.00158
v 0.00292 -0.02905 0.00165
v 0.00261 -0.02944 0.00154
v 0.00286 -0.02909 0.00157
v 0.00299 -0.02865 0.00161
v 0.00250 -0.02945 0.00151
v 0.00279 -0.02913 0.00151
v 0.00296 -0.02872 0.00153
v 0.00270 -0.02916 0.00146
v 0.00292 -0.02878 0.00146
v 0.00261 -0.02918 0.00142
v 0.00286 -0.02883 0.00139
v 0.00299 -0.02839 0.00135
v 0.00250 -0.02920 0.00139
v 0.00279 -0.02888 0.00133
v 0.00296 -0.02847 0.00128
v 0.00270 -0.02892 0.00129
v 0.00292 -0.02854 0.00122
v 0.00261 -0.02895 0.00125
v 0.00286 -0.02861 0.00117
v 0.00299 -0.02818 0.00105
v 0.00250 -0.02897 0.00123
v 0.00279 -0.02867 0.00112
v 0.00296 -0.02827 0.00100
v 0.00270 -0.02871 0.00108
v 0.00292 -0.02835 0.00095
v 0.00261 -0.02875 0.00105
v 0.00286 -0.02843 0.00091
v 0.00299 -0.02803 0.00072
v 0.00250 -0.02877 0.00103
v 0.00279 -0.02849 0.00087
v 0.00296 -0.02813 0.00068
v 0.00270 -0.02854 0.00084
v 0.00292 -0.02821 0.00065
v 0.00261 -0.02858 0.00082
v 0.00286 -0.02830 0.00062
v 0.00299 -0.02794 0.00036
v 0.00250 -0.02861 0.00080
v 0.00279 -0.02836 0.00060
v 0.00296 -0.02804 0.00035
v 0.00270 -0.02842 0.00057
v 0.00292 -0.02813 0.00033
v 0.00261 -0.02846 0.00056
v 0.00286 -0.02821 0.00032
v 0.00250 -0.02849 0.00055
v 0.00279 -0.02829 0.00030
v 0.00270 -0.02835 0.00029
v 0.00261 -0.02839 0.00028
v 0.00250 -0.02842 0.00028
v 0.00299 0.03210 -0.00000
v 0.00296 0.03199 -0.00000
v 0.00292 0.03190 -0.00000
v 0.00286 0.03181 -0.00000
v 0.00279 0.03174 -0.00000
v 0.00270 0.03168 -0.00000
v 0.00261 0.03164 -0.00000
v 0.00250 0.03161 -0.00000
v 0.00240 0.03160 -0.00000
v 0.00240 0.03158 -0.00028
v 0.00240 0.03150 -0.00055
v 0.00240 0.03139 -0.00080
v 0.00240 0.03123 -0.00103
v 0.00240 0.03103 -0.00123
v 0.00240 0.03080 -0.00139
v 0.00240 0.03055 -0.00150
v 0.00240 0.03028 -0.00158
v 0.00240 0.03000 -0.00160
v 0.00240 0.02972 -0.00158
v 0.00240 0.02945 -0.00150
v 0.00240 0.02920 -0.00139
v 0.00240 0.02897 -0.00123
v 0.00240 0.02877 -0.00103
v 0.00240 0.02861 -0.00080
v 0.00240 0.02850 -0.00055
v 0.00240 0.02842 -0.00028
v 0.00240 0.02840 -0.00000
v 0.00240 0.02842 0.00028
v 0.00240 0.02850 0.00055
v 0.00240 0.02861 0.00080
v 0.00240 0.02877 0.00103
v 0.00240 0.02897 0.00123
v 0.00240 0.02920 0.00139
v 0.00240 0.02945 0.00150
v 0.00240 0.02972 0.00158
v 0.00240 0.03000 0.00160
v 0.00240 0.03028 0.00158
v 0.00240 0.03055 0.00150
v 0.00240 0.03080 0.00139
v 0.00240 0.03103 0.00123
v 0.00240 0.03123 0.00103
v 0.00240 0.03139 0.00080
v 0.00240 0.03150 0.00055
v 0.00240 0.03158 0.00028
v 0.00299 0.03206 -0.00036
v 0.00296 0.03196 -0.00035
v 0.00292 0.03187 -0.00033
v 0.00286 0.03179 -0.00032
v 0.00299 0.03197 -0.00072
v 0.00279 0.03171 -0.00030
v 0.00296 0.03187 -0.00068
v 0.00270 0.03165 -0.00029
v 0.00292 0.03179 -0.00065
v 0.00261 0.03161 -0.00028
v 0.00286 0.03170 -0.00062
v 0.00299 0.03182 -0.00105
v 0.00250 0.03158 -0.00028
v 0.00279 0.03164 -0.00060
v 0.00296 0.03173 -0.00100
v 0.00270 0.03158 -0.00057
v 0.00292 0.03165 -0.00095
v 0.00261 0.03154 -0.00056
v 0.00286 0.03157 -0.00091
v 0.00299 0.03161 -0.00135
v 0.00250 0.03151 -0.00055
v 0.00279 0.03151 -0.00087
v 0.00296 0.03153 -0.00128
v 0.00270 0.03146 -0.00084
v 0.00292 0.03146 -0.00122
v 0.00261 0.03142 -0.00082
v 0.00286 0.03139 -0.00117
v 0.00299 0.03135 -0.00161
v 0.00250 0.03139 -0.00080
v 0.00279 0.03133 -0.00112
v 0.00296 0.03128 -0.00153
v 0.00270 0.03129 -0.00108
v 0.00292 0.03122 -0.00146
v 0.00261 0.03125 -0.00105
v 0.00286 0.03117 -0.00139
v 0.00299 0.03105 -0.00182
v 0.00250 0.03123 -0.00103
v 0.00279 0.03112 -0.00133
v 0.00296 0.03100 -0.00173
v 0.00270 0.03108 -0.00129
v 0.00292 0.03095 -0.00165
v 0.00261 0.03105 -0.00125
v 0.00286 0.03091 -0.00157
v 0.00299 0.03072 -0.00197
v 0.00250 0.03103 -0.00123
v 0.00279 0.03087 -0.00151
v 0.00296 0.03068 -0.00187
v 0.00270 0.03084 -0.00146
v 0.00292 0.03065 -0.00179
v 0.00261 0.03082 -0.00142
v 0.00286 0.03062 -0.00170
v 0.00299 0.03036 -0.00206
v 0.00250 0.03080 -0.00139
v 0.00279 0.03060 -0.00164
v 0.00296 0.03035 -0.00196
v 0.00270 0.03057 -0.00158
v 0.00292 0.03033 -0.00187
v 0.00261 0.03056 -0.00154
v 0.00286 0.03032 -0.00179
v 0.00299 0.03000 -0.00210
v 0.00250 0.03055 -0.00151
v 0.00279 0.03030 -0.00171
v 0.00296 0.03000 -0.00199
v 0.00270 0.03029 -0.00165
v 0.00292 0.03000 -0.00190
v 0.00261 0.03028 -0.00161
v 0.00286 0.03000 -0.00181
v 0.00299 0.02964 -0.00206
v 0.00250 0.03028 -0.00158
v 0.00279 0.03000 -0.00174
v 0.00296 0.02965 -0.00196
v 0.00270 0.03000 -0.00168
v 0.00292 0.02967 -0.00187
v 0.00261 0.03000 -0.00164
v 0.00286 0.02968 -0.00179
v 0.00299 0.02928 -0.00197
v 0.00250 0.03000 -0.00161
v 0.00279 0.02970 -0.00171
v 0.00296 0.02932 -0.00187
v 0.00270 0.02971 -0.00165
v 0.00292 0.02935 -0.00179
v 0.00261 0.02972 -0.00161
v 0.00286 0.02938 -0.00170
v 0.00299 0.02895 -0.00182
v 0.00250 0.02972 -0.00158
v 0.00279 0.02940 -0.00164
v 0.00296 0.02900 -0.00173
v 0.00270 0.02943 -0.00158
v 0.00292 0.02905 -0.00165
v 0.00261 0.02944 -0.00154
v 0.00286 0.02909 -0.00157
v 0.00299 0.02865 -0.00161
v 0.00250 0.02945 -0.00151
v 0.00279 0.02913 -0.00151
v 0.00296 0.02872 -0.00153
v 0.00270 0.02916 -0.00146
v 0.00292 0.02878 -0.00146
v 0.00261 0.02918 -0.00142
v 0.00286 0.02883 -0.00139
v 0.00299 0.02839 -0.00135
v 0.00250 0.02920 -0.00139
v 0.00279 0.02888 -0.00133
v 0.00296 0.02847 -0.00128
v 0.00270 0.02892 -0.00129
v 0.00292 0.02854 -0.00122
v 0.00261 0.02895 -0.00125
v 0.00286 0.02861 -0.00117
v 0.00299 0.02818 -0.00105
v 0.00250 0.02897 -0.00123
v 0.00279 0.02867 -0.00112
v 0.00296 0.02827 -0.00100
v 0.00270 0.02871 -0.00108
v 0.00292 0.02835 -0.00095
v 0.00261 0.02875 -0.00105
v 0.00286 0.02843 -0.00091
v 0.00299 0.02803 -0.00072
v 0.00250 0.02877 -0.00103
v 0.00279 0.02849 -0.00087
v 0.00296 0.02813 -0.00068
v 0.00270 0.02854 -0.00084
v 0.00292 0.02821 -0.00065
v 0.00261 0.02858 -0.00082
v 0.00286 0.02830 -0.00062
v 0.00299 0.02794 -0.00036
v 0.00250 0.02861 -0.00080
v 0.00279 0.02836 -0.00060
v 0.00296 0.02804 -0.00035
v 0.00270 0.02842 -0.00057
v 0.00292 0.02813 -0.00033
v 0.00261 0.02846 -0.00056
v 0.00286 0.02821 -0.00032
v 0.00299 0.02790 -0.00000
v 0.00250 0.02849 -0.00055
v 0.00279 0.02829 -0.00030
v 0.00296 0.02801 -0.00000
v 0.00270 0.02835 -0.00029
v 0.00292 0.02810 -0.00000
v 0.00261 0.02839 -0.00028
v 0.00286 0.02819 -0.00000
v 0.00299 0.02794 0.00036
v 0.00250 0.02842 -0.00028
v 0.00279 0.02826 -0.00000
v 0.00296 0.02804 0.00035
v 0.00270 0.02832 -0.00000
v 0.00292 0.02813 0.00033
v 0.00261 0.02836 -0.00000
v 0.00286 0.02821 0.00032
v 0.00299 0.02803 0.00072
v 0.00250 0.02839 -0.00000
v 0.00279 0.02829 0.00030
v 0.00296 0.02813 0.00068
v 0.00270 0.02835 0.00029
v 0.00292 0.02821 0.00065
v 0.00261 0.02839 0.00028
v 0.00286 0.02830 0.00062
v 0.00299 0.02818 0.00105
v 0.00250 0.02842 0.00028
v 0.00279 0.02836 0.00060
v 0.00296 0.02827 0.00100
v 0.00270 0.02842 0.00057
v 0.00292 0.02835 0.00095
v 0.00261 0.02846 0.00056
v 0.00286 0.02843 0.00091
v 0.00299 0.02839 0.00135
v 0.00250 0.02849 0.00055
v 0.00279 0.02849 0.00087
v 0.00296 0.02847 0.00128
v 0.00270 0.02854 0.00084
v 0.00292 0.02854 0.00122
v 0.00261 0.02858 0.00082
v 0.00286 0.02861 0.00117
v 0.00299 0.02865 0.00161
v 0.00250 0.02861 0.00080
v 0.00279 0.02867 0.00112
v 0.00296 0.02872 0.00153
v 0.00270 0.02871 0.00108
v 0.00292 0.02878 0.00146
v 0.00261 0.02875 0.00105
v 0.00286 0.02883 0.00139
v 0.00299 0.02895 0.00182
v 0.00250 0.02877 0.00103
v 0.00279 0.02888 0.00133
v 0.00296 0.02900 0.00173
v 0.00270 0.02892 0.00129
v 0.00292 0.02905 0.00165
v 0.00261 0.02895 0.00125
v 0.00286 0.02909 0.00157
v 0.00299 0.02928 0.00197
v 0.00250 0.02897 0.00123
v 0.00279 0.02913 0.00151
v 0.00296 0.02932 0.00187
v 0.00270 0.02916 0.00146
v 0.00292 0.02935 0.00179
v 0.00261 0.02918 0.00142
v 0.00286 0.02938 0.00170
v 0.00299 0.02964 0.00206
v 0.00250 0.02920 0.00139
v 0.00279 0.02940 0.00164
v 0.00296 0.02965 0.00196
v 0.00270 0.02943 0.00158
v 0.00292 0.02967 0.00187
v 0.00261 0.02944 0.00154
v 0.00286 0.02968 0.00179
v 0.00299 0.03000 0.00210
v 0.00250 0.02945 0.00151
v 0.00279 0.02970 0.00171
v 0.00296 0.03000 0.00199
v 0.00270 0.02971 0.00165
v 0.00292 0.03000 0.00190
v 0.00261 0.02972 0.00161
v 0.00286 0.03000 0.00181
v 0.00299 0.03036 0.00206
v 0.00250 0.02972 0.00158
v 0.00279 0.03000 0.00174
v 0.00296 0.03035 0.00196
v 0.00270 0.03000 0.00168
v 0.00292 0.03033 0.00187
v 0.00261 0.03000 0.00164
v 0.00286 0.03032 0.00179
v 0.00299 0.03072 0.00197
v 0.00250 0.03000 0.00161
v 0.00279 0.03030 0.00171
v 0.00296 0.03068 0.00187
v 0.00270 0.03029 0.00165
v 0.00292 0.03065 0.00179
v 0.00261 0.03028 0.00161
v 0.00286 0.03062 0.00170
v 0.00299 0.03105 0.00182
v 0.00250 0.03028 0.00158
v 0.00279 0.03060 0.00164
v 0.00296 0.03100 0.00173
v 0.00270 0.03057 0.00158
v 0.00292 0.03095 0.00165
v 0.00261 0.03056 0.00154
v 0.00286 0.03091 0.00157
v 0.00299 0.03135 0.00161
v 0.00250 0.03055 0.00151
v 0.00279 0.03087 0.00151
v 0.00296 0.03128 0.00153
v 0.00270 0.03084 0.00146
v 0.00292 0.03122 0.00146
v 0.00261 0.03082 0.00142
v 0.00286 0.03117 0.00139
v 0.00299 0.03161 0.00135
v 0.00250 0.03080 0.00139
v 0.00279 0.03112 0.00133
v 0.00296 0.03153 0.00128
v 0.00270 0.03108 0.00129
v 0.00292 0.03146 0.00122
v 0.00261 0.03105 0.00125
v 0.00286 0.03139 0.00117
v 0.00299 0.03182 0.00105
v 0.00250 0.03103 0.00123
v 0.00279 0.03133 0.00112
v 0.00296 0.03173 0.00100
v 0.00270 0.03129 0.00108
v 0.00292 0.03165 0.00095
v 0.00261 0.03125 0.00105
v 0.00286 0.03157 0.00091
v 0.00299 0.03197 0.00072
v 0.00250 0.03123 0.00103
v 0.00279 0.03151 0.00087
v 0.00296 0.03187 0.00068
v 0.00270 0.03146 0.00084
v 0.00292 0.03179 0.00065
v 0.00261 0.03142 0.00082
v 0.00286 0.03170 0.00062
v 0.00299 0.03206 0.00036
v 0.00250 0.03139 0.00080
v 0.00279 0.03164 0.00060
v 0.00296 0.03196 0.00035
v 0.00270 0.03158 0.00057
v 0.00292 0.03187 0.00033
v 0.00261 0.03154 0.00056
v 0.00286 0.03179 0.00032
v 0.00250 0.03151 0.00055
v 0.00279 0.03171 0.00030
v 0.00270 0.03165 0.00029
v 0.00261 0.03161 0.00028
v 0.00250 0.03158 0.00028
v -0.00299 0.04440 -0.01950
v -0.00296 0.04440 -0.01961
v -0.00292 0.04440 -0.01970
v -0.00286 0.04440 -0.01979
v -0.00279 0.04440 -0.01986
v -0.00270 0.04440 -0.01992
v -0.00261 0.04440 -0.01996
v -0.00250 0.04440 -0.01999
v -0.00299 0.04450 0.01940
v -0.00296 0.04461 0.01940
v -0.00292 0.04470 0.01940
v -0.00286 0.04479 0.01940
v -0.00279 0.04486 0.01940
v -0.00270 0.04492 0.01940
v -0.00261 0.04496 0.01940
v -0.00250 0.04499 0.01940
v -0.00240 0.04500 -0.01940
v -0.00250 0.04499 -0.01940
v -0.00261 0.04496 -0.01940
v -0.00270 0.04492 -0.01940
v -0.00279 0.04486 -0.01940
v -0.00286 0.04479 -0.01940
v -0.00292 0.04470 -0.01940
v -0.00296 0.04461 -0.01940
v -0.00299 0.04450 -0.01940
v -0.00299 -0.02790 -0.00000
v -0.00296 -0.02801 -0.00000
v -0.00292 -0.02810 -0.00000
v -0.00286 -0.02819 -0.00000
v -0.00279 -0.02826 -0.00000
v -0.00270 -0.02832 -0.00000
v -0.00261 -0.02836 -0.00000
v -0.00250 -0.02839 -0.00000
v -0.00240 -0.02840 -0.00000
v -0.00240 -0.02842 -0.00028
v -0.00240 -0.02850 -0.00055
v -0.00240 -0.02861 -0.00080
v -0.00240 -0.02877 -0.00103
v -0.00240 -0.02897 -0.00123
v -0.00240 -0.02920 -0.00139
v -0.00240 -0.02945 -0.00150
v -0.00240 -0.02972 -0.00158
v -0.00240 -0.03000 -0.00160
v -0.00240 -0.03028 -0.00158
v -0.00240 -0.03055 -0.00150
v -0.00240 -0.03080 -0.00139
v -0.00240 -0.03103 -0.00123
v -0.00240 -0.03123 -0.00103
v -0.00240 -0.03139 -0.00080
v -0.00240 -0.03150 -0.00055
v -0.00240 -0.03158 -0.00028
v -0.00240 -0.03160 -0.00000
v -0.00240 -0.03158 0.00028
v -0.00240 -0.03150 0.00055
v -0.00240 -0.03139 0.00080
v -0.00240 -0.03123 0.00103
v -0.00240 -0.03103 0.00123
v -0.00240 -0.03080 0.00139
v -0.00240 -0.03055 0.00150
v -0.00240 -0.03028 0.00158
v -0.00240 -0.03000 0.00160
v -0.00240 -0.02972 0.00158
v -0.00240 -0.02945 0.00150
v -0.00240 -0.02920 0.00139
v -0.00240 -0.02897 0.00123
v -0.00240 -0.02877 0.00103
v -0.00240 -0.02861 0.00080
v -0.00240 -0.02850 0.00055
v -0.00240 -0.02842 0.00028
v -0.00299 -0.02794 -0.00036
v -0.00296 -0.02804 -0.00035
v -0.00292 -0.02813 -0.00033
v -0.00286 -0.02821 -0.00032
v -0.00299 -0.02803 -0.00072
v -0.00279 -0.02829 -0.00030
v -0.00296 -0.02813 -0.00068
v -0.00270 -0.02835 -0.00029
v -0.00292 -0.02821 -0.00065
v -0.00261 -0.02839 -0.00028
v -0.00286 -0.02830 -0.00062
v -0.00299 -0.02818 -0.00105
v -0.00250 -0.02842 -0.00028
v -0.00279 -0.02836 -0.00060
v -0.00296 -0.02827 -0.00100
v -0.00270 -0.02842 -0.00057
v -0.00292 -0.02835 -0.00095
v -0.00261 -0.02846 -0.00056
v -0.00286 -0.02843 -0.00091
v -0.00299 -0.02839 -0.00135
v -0.00250 -0.02849 -0.00055
v -0.00279 -0.02849 -0.00087
v -0.00296 -0.02847 -0.00128
v -0.00270 -0.02854 -0.00084
v -0.00292 -0.02854 -0.00122
v -0.00261 -0.02858 -0.00082
v -0.00286 -0.02861 -0.00117
v -0.00299 -0.02865 -0.00161
v -0.00250 -0.02861 -0.00080
v -0.00279 -0.02867 -0.00112
v -0.00296 -0.02872 -0.00153
v -0.00270 -0.02871 -0.00108
v -0.00292 -0.02878 -0.00146
v -0.00261 -0.02875 -0.00105
v -0.00286 -0.02883 -0.00139
v -0.00299 -0.02895 -0.00182
v -0.00250 -0.02877 -0.00103
v -0.00279 -0.02888 -0.00133
v -0.00296 -0.02900 -0.00173
v -0.00270 -0.02892 -0.00129
v -0.00292 -0.02905 -0.00165
v -0.00261 -0.02895 -0.00125
v -0.00286 -0.02909 -0.00157
v -0.00299 -0.02928 -0.00197
v -0.00250 -0.02897 -0.00123
v -0.00279 -0.02913 -0.00151
v -0.00296 -0.02932 -0.00187
v -0.00270 -0.02916 -0.00146
v -0.00292 -0.02935 -0.00179
v -0.00261 -0.02918 -0.00142
v -0.00286 -0.02938 -0.00170
v -0.00299 -0.02964 -0.00206
v -0.00250 -0.02920 -0.00139
v -0.00279 -0.02940 -0.00164
v -0.00296 -0.02965 -0.00196
v -0.00270 -0.02943 -0.00158
v -0.00292 -0.02967 -0.00187
v -0.00261 -0.02944 -0.00154
v -0.00286 -0.02968 -0.00179
v -0.00299 -0.03000 -0.00210
v -0.00250 -0.02945 -0.00151
v -0.00279 -0.02970 -0.00171
v -0.00296 -0.03000 -0.00199
v -0.00270 -0.02971 -0.00165
v -0.00292 -0.03000 -0.00190
v -0.00261 -0.02972 -0.00161
v -0.00286 -0.03000 -0.00181
v -0.00299 -0.03036 -0.00206
v -0.00250 -0.02972 -0.00158
v -0.00279 -0.03000 -0.00174
v -0.00296 -0.03035 -0.00196
v -0.00270 -0.03000 -0.00168
v -0.00292 -0.03033 -0.00187
v -0.00261 -0.03000 -0.00164
v -0.00286 -0.03032 -0.00179
v -0.00299 -0.03072 -0.00197
v -0.00250 -0.03000 -0.00161
v -0.00279 -0.03030 -0.00171
v -0.00296 -0.03068 -0.00187
v -0.00270 -0.03029 -0.00165
v -0.00292 -0.03065 -0.00179
v -0.00261 -0.03028 -0.00161
v -0.00286 -0.03062 -0.00170
v -0.00299 -0.03105 -0.00182
v -0.00250 -0.03028 -0.00158
v -0.00279 -0.03060 -0.00164
v -0.00296 -0.03100 -0.00173
v -0.00270 -0.03057 -0.00158
v -0.00292 -0.03095 -0.00165
v -0.00261 -0.03056 -0.00154
v -0.00286 -0.03091 -0.00157
v -0.00299 -0.03135 -0.00161
v -0.00250 -0.03055 -0.00151
v -0.00279 -0.03087 -0.00151
v -0.00296 -0.03128 -0.00153
v -0.00270 -0.03084 -0.00146
v -0.00292 -0.03122 -0.00146
v -0.00261 -0.03082 -0.00142
v -0.00286 -0.03117 -0.00139
v -0.00299 -0.03161 -0.00135
v -0.00250 -0.03080 -0.00139
v -0.00279 -0.03112 -0.00133
v -0.00296 -0.03153 -0.00128
v -0.00270 -0.03108 -0.00129
v -0.00292 -0.03146 -0.00122
v -0.00261 -0.03105 -0.00125
v -0.00286 -0.03139 -0.00117
v -0.00299 -0.03182 -0.00105
v -0.00250 -0.03103 -0.00123
v -0.00279 -0.03133 -0.00112
v -0.00296 -0.03173 -0.00100
v -0.00270 -0.03129 -0.00108
v -0.00292 -0.03165 -0.00095
v -0.00261 -0.03125 -0.00105
v -0.00286 -0.03157 -0.00091
v -0.00299 -0.03197 -0.00072
v -0.00250 -0.03123 -0.00103
v -0.00279 -0.03151 -0.00087
v -0.00296 -0.03187 -0.00068
v -0.00270 -0.03146 -0.00084
v -0.00292 -0.03179 -0.00065
v -0.00261 -0.03142 -0.00082
v -0.00286 -0.03170 -0.00062
v -0.00299 -0.03206 -0.00036
v -0.00250 -0.03139 -0.00080
v -0.00279 -0.03164 -0.00060
v -0.00296 -0.03196 -0.00035
v -0.00270 -0.03158 -0.00057
v -0.00292 -0.03187 -0.00033
v -0.00261 -0.03154 -0.00056
v -0.00286 -0.03179 -0.00032
v -0.00299 -0.03210 -0.00000
v -0.00250 -0.03151 -0.00055
v -0.00279 -0.03171 -0.00030
v -0.00296 -0.03199 -0.00000
v -0.00270 -0.03165 -0.00029
v -0.00292 -0.03190 -0.00000
v -0.00261 -0.03161 -0.00028
v -0.00286 -0.03181 -0.00000
v -0.00299 -0.03206 0.00036
v -0.00250 -0.03158 -0.00028
v -0.00279 -0.03174 -0.00000
v -0.00296 -0.03196 0.00035
v -0.00270 -0.03168 -0.00000
v -0.00292 -0.03187 0.00033
v -0.00261 -0.03164 -0.00000
v -0.00286 -0.03179 0.00032
v -0.00299 -0.03197 0.00072
v -0.00250 -0.03161 -0.00000
v -0.00279 -0.03171 0.00030
v -0.00296 -0.03187 0.00068
v -0.00270 -0.03165 0.00029
v -0.00292 -0.03179 0.00065
v -0.00261 -0.03161 0.00028
v -0.00286 -0.03170 0.00062
v -0.00299 -0.03182 0.00105
v -0.00250 -0.03158 0.00028
v -0.00279 -0.03164 0.00060
v -0.00296 -0.03173 0.00100
v -0.00270 -0.03158 0.00057
v -0.00292 -0.03165 0.00095
v -0.00261 -0.03154 0.00056
v -0.00286 -0.03157 0.00091
v -0.00299 -0.03161 0.00135
v -0.00250 -0.03151 0.00055
v -0.00279 -0.03151 0.00087
v -0.00296 -0.03153 0.00128
v -0.00270 -0.03146 0.00084
v -0.00292 -0.03146 0.00122
v -0.00261 -0.03142 0.00082
v -0.00286 -0.03139 0.00117
v -0.00299 -0.03135 0.00161
v -0.00250 -0.03139 0.00080
v -0.00279 -0.03133 0.00112
v -0.00296 -0.03128 0.00153
v -0.00270 -0.03129 0.00108
v -0.00292 -0.03122 0.00146
v -0.00261 -0.03125 0.00105
v -0.00286 -0.03117 0.00139
v -0.00299 -0.03105 0.00182
v -0.00250 -0.03123 0.00103
v -0.00279 -0.03112 0.00133
v -0.00296 -0.03100 0.00173
v -0.00270 -0.03108 0.00129
v -0.00292 -0.03095 0.00165
v -0.00261 -0.03105 0.00125
v -0.00286 -0.03091 0.00157
v -0.00299 -0.03072 0.00197
v -0.00250 -0.03103 0.00123
v -0.00279 -0.03087 0.00151
v -0.00296 -0.03068 0.00187
v -0.00270 -0.03084 0.00146
v -0.00292 -0.03065 0.00179
v -0.00261 -0.03082 0.00142
v -0.00286 -0.03062 0.00170
v -0.00299 -0.03036 0.00206
v -0.00250 -0.03080 0.00139
v -0.00279 -0.03060 0.00164
v -0.00296 -0.03035 0.00196
v -0.00270 -0.03057 0.00158
v -0.00292 -0.03033 0.00187
v -0.00261 -0.03056 0.00154
v -0.00286 -0.03032 0.00179
v -0.00299 -0.03000 0.00210
v -0.00250 -0.03055 0.00151
v -0.00279 -0.03030 0.00171
v -0.00296 -0.03000 0.00199
v -0.00270 -0.03029 0.00165
v -0.00292 -0.03000 0.00190
v -0.00261 -0.03028 0.00161
v -0.00286 -0.03000 0.00181
v -0.00299 -0.02964 0.00206
v -0.00250 -0.03028 0.00158
v -0.00279 -0.03000 0.00174
v -0.00296 -0.02965 0.00196
v -0.00270 -0.03000 0.00168
v -0.00292 -0.02967 0.00187
v -0.00261 -0.03000 0.00164
v -0.00286 -0.02968 0.00179
v -0.00299 -0.02928 0.00197
v -0.00250 -0.03000 0.00161
v -0.00279 -0.02970 0.00171
v -0.00296 -0.02932 0.00187
v -0.00270 -0.02971 0.00165
v -0.00292 -0.02935 0.00179
v -0.00261 -0.02972 0.00161
v -0.00286 -0.02938 0.00170
v -0.00299 -0.02895 0.00182
v -0.00250 -0.02972 0.00158
v -0.00279 -0.02940 0.00164
v -0.00296 -0.02900 0.00173
v -0.00270 -0.02943 0.00158
v -0.00292 -0.02905 0.00165
v -0.00261 -0.02944 0.00154
v -0.00286 -0.02909 0.00157
v -0.00299 -0.02865 0.00161
v -0.00250 -0.02945 0.00151
v -0.00279 -0.02913 0.00151
v -0.00296 -0.02872 0.00153
v -0.00270 -0.02916 0.00146
v -0.00292 -0.02878 0.00146
v -0.00261 -0.02918 0.00142
v -0.00286 -0.02883 0.00139
v -0.00299 -0.02839 0.00135
v -0.00250 -0.02920 0.00139
v -0.00279 -0.02888 0.00133
v -0.00296 -0.02847 0.00128
v -0.00270 -0.02892 0.00129
v -0.00292 -0.02854 0.00122
v -0.00261 -0.02895 0.00125
v -0.00286 -0.02861 0.00117
v -0.00299 -0.02818 0.00105
v -0.00250 -0.02897 0.00123
v -0.00279 -0.02867 0.00112
v -0.00296 -0.02827 0.00100
v -0.00270 -0.02871 0.00108
v -0.00292 -0.02835 0.00095
v -0.00261 -0.02875 0.00105
v -0.00286 -0.02843 0.00091
v -0.00299 -0.02803 0.00072
v -0.00250 -0.02877 0.00103
v -0.00279 -0.02849 0.00087
v -0.00296 -0.02813 0.00068
v -0.00270 -0.02854 0.00084
v -0.00292 -0.02821 0.00065
v -0.00261 -0.02858 0.00082
v -0.00286 -0.02830 0.00062
v -0.00299 -0.02794 0.00036
v -0.00250 -0.02861 0.00080
v -0.00279 -0.02836 0.00060
v -0.00296 -0.02804 0.00035
v -0.00270 -0.02842 0.00057
v -0.00292 -0.02813 0.00033
v -0.00261 -0.02846 0.00056
v -0.00286 -0.02821 0.00032
v -0.00250 -0.02849 0.00055
v -0.00279 -0.02829 0.00030
v -0.00270 -0.02835 0.00029
v -0.00261 -0.02839 0.00028
v -0.00250 -0.02842 0.00028
v -0.00299 0.03210 -0.00000
v -0.00296 0.03199 -0.00000
v -0.00292 0.03190 -0.00000
v -0.00286 0.03181 -0.00000
v -0.00279 0.03174 -0.00000
v -0.00270 0.03168 -0.00000
v -0.00261 0.03164 -0.00000
v -0.00250 0.03161 -0.00000
v -0.00240 0.03160 -0.00000
v -0.00240 0.03158 -0.00028
v -0.00240 0.03150 -0.00055
v -0.00240 0.03139 -0.00080
v -0.00240 0.03123 -0.00103
v -0.00240 0.03103 -0.00123
v -0.00240 0.03080 -0.00139
v -0.00240 0.03055 -0.00150
v -0.00240 0.03028 -0.00158
v -0.00240 0.03000 -0.00160
v -0.00240 0.02972 -0.00158
v -0.00240 0.02945 -0.00150
v -0.00240 0.02920 -0.00139
v -0.00240 0.02897 -0.00123
v -0.00240 0.02877 -0.00103
v -0.00240 0.02861 -0.00080
v -0.00240 0.02850 -0.00055
v -0.00240 0.02842 -0.00028
v -0.00240 0.02840 -0.00000
v -0.00240 0.02842 0.00028
v -0.00240 0.02850 0.00055
v -0.00240 0.02861 0.00080
v -0.00240 0.02877 0.00103
v -0.00240 0.02897 0.00123
v -0.00240 0.02920 0.00139
v -0.00240 0.02945 0.00150
v -0.00240 0.02972 0.00158
v -0.00240 0.03000 0.00160
v -0.00240 0.03028 0.00158
v -0.00240 0.03055 0.00150
v -0.00240 0.03080 0.00139
v -0.00240 0.03103 0.00123
v -0.00240 0.03123 0.00103
v -0.00240 0.03139 0.00080
v -0.00240 0.03150 0.00055
v -0.00240 0.03158 0.00028
v -0.00299 0.03206 -0.00036
v -0.00296 0.03196 -0.00035
v -0.00292 0.03187 -0.00033
v -0.00286 0.03179 -0.00032
v -0.00299 0.03197 -0.00072
v -0.00279 0.03171 -0.00030
v -0.00296 0.03187 -0.00068
v -0.00270 0.03165 -0.00029
v -0.00292 0.03179 -0.00065
v -0.00261 0.03161 -0.00028
v -0.00286 0.03170 -0.00062
v -0.00299 0.03182 -0.00105
v -0.00250 0.03158 -0.00028
v -0.00279 0.03164 -0.00060
v -0.00296 0.03173 -0.00100
v -0.00270 0.03158 -0.00057
v -0.00292 0.03165 -0.00095
v -0.00261 0.03154 -0.00056
v -0.00286 0.03157 -0.00091
v -0.00299 0.03161 -0.00135
v -0.00250 0.03151 -0.00055
v -0.00279 0.03151 -0.00087
v -0.00296 0.03153 -0.00128
v -0.00270 0.03146 -0.00084
v -0.00292 0.03146 -0.00122
v -0.00261 0.03142 -0.00082
v -0.00286 0.03139 -0.00117
v -0.00299 0.03135 -0.00161
v -0.00250 0.03139 -0.00080
v -0.00279 0.03133 -0.00112
v -0.00296 0.03128 -0.00153
v -0.00270 0.03129 -0.00108
v -0.00292 0.03122 -0.00146
v -0.00261 0.03125 -0.00105
v -0.00286 0.03117 -0.00139
v -0.00299 0.03105 -0.00182
v -0.00250 0.03123 -0.00103
v -0.00279 0.03112 -0.00133
v -0.00296 0.03100 -0.00173
v -0.00270 0.03108 -0.00129
v -0.00292 0.03095 -0.00165
v -0.00261 0.03105 -0.00125
v -0.00286 0.03091 -0.00157
v -0.00299 0.03072 -0.00197
v -0.00250 0.03103 -0.00123
v -0.00279 0.03087 -0.00151
v -0.00296 0.03068 -0.00187
v -0.00270 0.03084 -0.00146
v -0.00292 0.03065 -0.00179
v -0.00261 0.03082 -0.00142
v -0.00286 0.03062 -0.00170
v -0.00299 0.03036 -0.00206
v -0.00250 0.03080 -0.00139
v -0.00279 0.03060 -0.00164
v -0.00296 0.03035 -0.00196
v -0.00270 0.03057 -0.00158
v -0.00292 0.03033 -0.00187
v -0.00261 0.03056 -0.00154
v -0.00286 0.03032 -0.00179
v -0.00299 0.03000 -0.00210
v -0.00250 0.03055 -0.00151
v -0.00279 0.03030 -0.00171
v -0.00296 0.03000 -0.00199
v -0.00270 0.03029 -0.00165
v -0.00292 0.03000 -0.00190
v -0.00261 0.03028 -0.00161
v -0.00286 0.03000 -0.00181
v -0.00299 0.02964 -0.00206
v -0.00250 0.03028 -0.00158
v -0.00279 0.03000 -0.00174
v -0.00296 0.02965 -0.00196
v -0.00270 0.03000 -0.00168
v -0.00292 0.02967 -0.00187
v -0.00261 0.03000 -0.00164
v -0.00286 0.02968 -0.00179
v -0.00299 0.02928 -0.00197
v -0.00250 0.03000 -0.00161
v -0.00279 0.02970 -0.00171
v -0.00296 0.02932 -0.00187
v -0.00270 0.02971 -0.00165
v -0.00292 0.02935 -0.00179
v -0.00261 0.02972 -0.00161
v -0.00286 0.02938 -0.00170
v -0.00299 0.02895 -0.00182
v -0.00250 0.02972 -0.00158
v -0.00279 0.02940 -0.00164
v -0.00296 0.02900 -0.00173
v -0.00270 0.02943 -0.00158
v -0.00292 0.02905 -0.00165
v -0.00261 0.02944 -0.00154
v -0.00286 0.02909 -0.00157
v -0.00299 0.02865 -0.00161
v -0.00250 0.02945 -0.00151
v -0.00279 0.02913 -0.00151
v -0.00296 0.02872 -0.00153
v -0.00270 0.02916 -0.00146
v -0.00292 0.02878 -0.00146
v -0.00261 0.02918 -0.00142
v -0.00286 0.02883 -0.00139
v -0.00299 0.02839 -0.00135
v -0.00250 0.02920 -0.00139
v -0.00279 0.02888 -0.00133
v -0.00296 0.02847 -0.00128
v -0.00270 0.02892 -0.00129
v -0.00292 0.02854 -0.00122
v -0.00261 0.02895 -0.00125
v -0.00286 0.02861 -0.00117
v -0.00299 0.02818 -0.00105
v -0.00250 0.02897 -0.00123
v -0.00279 0.02867 -0.00112
v -0.00296 0.02827 -0.00100
v -0.00270 0.02871 -0.00108
v -0.00292 0.02835 -0.00095
v -0.00261 0.02875 -0.00105
v -0.00286 0.02843 -0.00091
v -0.00299 0.02803 -0.00072
v -0.00250 0.02877 -0.00103
v -0.00279 0.02849 -0.00087
v -0.00296 0.02813 -0.00068
v -0.00270 0.02854 -0.00084
v -0.00292 0.02821 -0.00065
v -0.00261 0.02858 -0.00082
v -0.00286 0.02830 -0.00062
v -0.00299 0.02794 -0.00036
v -0.00250 0.02861 -0.00080
v -0.00279 0.02836 -0.00060
v -0.00296 0.02804 -0.00035
v -0.00270 0.02842 -0.00057
v -0.00292 0.02813 -0.00033
v -0.00261 0.02846 -0.00056
v -0.00286 0.02821 -0.00032
v -0.00299 0.02790 -0.00000
v -0.00250 0.02849 -0.00055
v -0.00279 0.02829 -0.00030
v -0.00296 0.02801 -0.00000
v -0.00270 0.02835 -0.00029
v -0.00292 0.02810 -0.00000
v -0.00261 0.02839 -0.00028
v -0.00286 0.02819 -0.00000
v -0.00299 0.02794 0.00036
v -0.00250 0.02842 -0.00028
v -0.00279 0.02826 -0.00000
v -0.00296 0.02804 0.00035
v -0.00270 0.02832 -0.00000
v -0.00292 0.02813 0.00033
v -0.00261 0.02836 -0.00000
v -0.00286 0.02821 0.00032
v -0.00299 0.02803 0.00072
v -0.00250 0.02839 -0.00000
v -0.00279 0.02829 0.00030
v -0.00296 0.02813 0.00068
v -0.00270 0.02835 0.00029
v -0.00292 0.02821 0.00065
v -0.00261 0.02839 0.00028
v -0.00286 0.02830 0.00062
v -0.00299 0.02818 0.00105
v -0.00250 0.02842 0.00028
v -0.00279 0.02836 0.00060
v -0.00296 0.02827 0.00100
v -0.00270 0.02842 0.00057
v -0.00292 0.02835 0.00095
v -0.00261 0.02846 0.00056
v -0.00286 0.02843 0.00091
v -0.00299 0.02839 0.00135
v -0.00250 0.02849 0.00055
v -0.00279 0.02849 0.00087
v -0.00296 0.02847 0.00128
v -0.00270 0.02854 0.00084
v -0.00292 0.02854 0.00122
v -0.00261 0.02858 0.00082
v -0.00286 0.02861 0.00117
v -0.00299 0.02865 0.00161
v -0.00250 0.02861 0.00080
v -0.00279 0.02867 0.00112
v -0.00296 0.02872 0.00153
v -0.00270 0.02871 0.00108
v -0.00292 0.02878 0.00146
v -0.00261 0.02875 0.00105
v -0.00286 0.02883 0.00139
v -0.00299 0.02895 0.00182
v -0.00250 0.02877 0.00103
v -0.00279 0.02888 0.00133
v -0.00296 0.02900 0.00173
v -0.00270 0.02892 0.00129
v -0.00292 0.02905 0.00165
v -0.00261 0.02895 0.00125
v -0.00286 0.02909 0.00157
v -0.00299 0.02928 0.00197
v -0.00250 0.02897 0.00123
v -0.00279 0.02913 0.00151
v -0.00296 0.02932 0.00187
v -0.00270 0.02916 0.00146
v -0.00292 0.02935 0.00179
v -0.00261 0.02918 0.00142
v -0.00286 0.02938 0.00170
v -0.00299 0.02964 0.00206
v -0.00250 0.02920 0.00139
v -0.00279 0.02940 0.00164
v -0.00296 0.02965 0.00196
v -0.00270 0.02943 0.00158
v -0.00292 0.02967 0.00187
v -0.00261 0.02944 0.00154
v -0.00286 0.02968 0.00179
v -0.00299 0.03000 0.00210
v -0.00250 0.02945 0.00151
v -0.00279 0.02970 0.00171
v -0.00296 0.03000 0.00199
v -0.00270 0.02971 0.00165
v -0.00292 0.03000 0.00190
v -0.00261 0.02972 0.00161
v -0.00286 0.03000 0.00181
v -0.00299 0.03036 0.00206
v -0.00250 0.02972 0.00158
v -0.00279 0.03000 0.00174
v -0.00296 0.03035 0.00196
v -0.00270 0.03000 0.00168
v -0.00292 0.03033 0.00187
v -0.00261 0.03000 0.00164
v -0.00286 0.03032 0.00179
v -0.00299 0.03072 0.00197
v -0.00250 0.03000 0.00161
v -0.00279 0.03030 0.00171
v -0.00296 0.03068 0.00187
v -0.00270 0.03029 0.00165
v -0.00292 0.03065 0.00179
v -0.00261 0.03028 0.00161
v -0.00286 0.03062 0.00170
v -0.00299 0.03105 0.00182
v -0.00250 0.03028 0.00158
v -0.00279 0.03060 0.00164
v -0.00296 0.03100 0.00173
v -0.00270 0.03057 0.00158
v -0.00292 0.03095 0.00165
v -0.00261 0.03056 0.00154
v -0.00286 0.03091 0.00157
v -0.00299 0.03135 0.00161
v -0.00250 0.03055 0.00151
v -0.00279 0.03087 0.00151
v -0.00296 0.03128 0.00153
v -0.00270 0.03084 0.00146
v -0.00292 0.03122 0.00146
v -0.00261 0.03082 0.00142
v -0.00286 0.03117 0.00139
v -0.00299 0.03161 0.00135
v -0.00250 0.03080 0.00139
v -0.00279 0.03112 0.00133
v -0.00296 0.03153 0.00128
v -0.00270 0.03108 0.00129
v -0.00292 0.03146 0.00122
v -0.00261 0.03105 0.00125
v -0.00286 0.03139 0.00117
v -0.00299 0.03182 0.00105
v -0.00250 0.03103 0.00123
v -0.00279 0.03133 0.00112
v -0.00296 0.03173 0.00100
v -0.00270 0.03129 0.00108
v -0.00292 0.03165 0.00095
v -0.00261 0.03125 0.00105
v -0.00286 0.03157 0.00091
v -0.00299 0.03197 0.00072
v -0.00250 0.03123 0.00103
v -0.00279 0.03151 0.00087
v -0.00296 0.03187 0.00068
v -0.00270 0.03146 0.00084
v -0.00292 0.03179 0.00065
v -0.00261 0.03142 0.00082
v -0.00286 0.03170 0.00062
v -0.00299 0.03206 0.00036
v -0.00250 0.03139 0.00080
v -0.00279 0.03164 0.00060
v -0.00296 0.03196 0.00035
v -0.00270 0.03158 0.00057
v -0.00292 0.03187 0.00033
v -0.00261 0.03154 0.00056
v -0.00286 0.03179 0.00032
v -0.00250 0.03151 0.00055
v -0.00279 0.03171 0.00030
v -0.00270 0.03165 0.00029
v -0.00261 0.03161 0.00028
v -0.00250 0.03158 0.00028
v 0.00240 0.04499 -0.01950
v 0.00240 0.04496 -0.01961
v 0.00240 0.04492 -0.01970
v 0.00240 0.04486 -0.01979
v 0.00240 0.04479 -0.01986
v 0.00240 0.04470 -0.01992
v 0.00240 0.04461 -0.01996
v 0.00240 0.04450 -0.01999
v -0.00240 0.04499 -0.01950
v -0.00240 0.04496 -0.01961
v -0.00240 0.04492 -0.01970
v -0.00240 0.04486 -0.01979
v -0.00240 0.04479 -0.01986
v -0.00240 0.04470 -0.01992
v -0.00240 0.04461 -0.01996
v -0.00240 0.04450 -0.01999
v 0.00241 0.04498 0.01953
v 0.00244 0.04498 0.01953
v 0.00247 0.04498 0.01951
v 0.00246 0.04494 0.01965
v 0.00249 0.04498 0.01949
v 0.00251 0.04494 0.01963
v 0.00244 0.04487 0.01977
v 0.00251 0.04498 0.01947
v 0.00256 0.04494 0.01960
v 0.00252 0.04487 0.01975
v 0.00253 0.04498 0.01944
v 0.00260 0.04494 0.01956
v 0.00260 0.04487 0.01972
v 0.00250 0.04477 0.01986
v 0.00253 0.04498 0.01941
v 0.00263 0.04494 0.01951
v 0.00266 0.04487 0.01966
v 0.00260 0.04477 0.01982
v 0.00246 0.04466 0.01994
v 0.00265 0.04494 0.01946
v 0.00272 0.04487 0.01960
v 0.00269 0.04477 0.01977
v 0.00258 0.04466 0.01991
v 0.00275 0.04487 0.01952
v 0.00277 0.04477 0.01969
v 0.00269 0.04466 0.01986
v 0.00253 0.04453 0.01997
v 0.00277 0.04487 0.01944
v 0.00282 0.04477 0.01960
v 0.00278 0.04466 0.01978
v 0.00265 0.04453 0.01993
v 0.00286 0.04477 0.01950
v 0.00286 0.04466 0.01969
v 0.00276 0.04453 0.01986
v 0.00291 0.04466 0.01958
v 0.00286 0.04453 0.01976
v 0.00294 0.04466 0.01946
v 0.00293 0.04453 0.01965
v 0.00297 0.04453 0.01953
v -0.00298 0.04441 0.01953
v -0.00298 0.04444 0.01953
v -0.00298 0.04447 0.01951
v -0.00294 0.04446 0.01965
v -0.00298 0.04449 0.01949
v -0.00294 0.04451 0.01963
v -0.00287 0.04444 0.01977
v -0.00298 0.04451 0.01947
v -0.00294 0.04456 0.01960
v -0.00287 0.04452 0.01975
v -0.00298 0.04453 0.01944
v -0.00294 0.04460 0.01956
v -0.00287 0.04460 0.01972
v -0.00277 0.04450 0.01986
v -0.00298 0.04453 0.01941
v -0.00294 0.04463 0.01951
v -0.00287 0.04466 0.01966
v -0.00277 0.04460 0.01982
v -0.00266 0.04446 0.01994
v -0.00294 0.04465 0.01946
v -0.00287 0.04472 0.01960
v -0.00277 0.04469 0.01977
v -0.00266 0.04458 0.01991
v -0.00287 0.04475 0.01952
v -0.00277 0.04477 0.01969
v -0.00266 0.04469 0.01986
v -0.00253 0.04453 0.01997
v -0.00287 0.04477 0.01944
v -0.00277 0.04482 0.01960
v -0.00266 0.04478 0.01978
v -0.00253 0.04465 0.01993
v -0.00277 0.04486 0.01950
v -0.00266 0.04486 0.01969
v -0.00253 0.04476 0.01986
v -0.00266 0.04491 0.01958
v -0.00253 0.04486 0.01976
v -0.00266 0.04494 0.01946
v -0.00253 0.04493 0.01965
v -0.00253 0.04497 0.01953
v 0.00241 0.04498 -0.01953
v 0.00244 0.04498 -0.01953
v 0.00247 0.04498 -0.01951
v 0.00246 0.04494 -0.01965
v 0.00249 0.04498 -0.01949
v 0.00251 0.04494 -0.01963
v 0.00244 0.04487 -0.01977
v 0.00251 0.04498 -0.01947
v 0.00256 0.04494 -0.01960
v 0.00252 0.04487 -0.01975
v 0.00253 0.04498 -0.01944
v 0.00260 0.04494 -0.01956
v 0.00260 0.04487 -0.01972
v 0.00250 0.04477 -0.01986
v 0.00253 0.04498 -0.01941
v 0.00263 0.04494 -0.01951
v 0.00266 0.04487 -0.01966
v 0.00260 0.04477 -0.01982
v 0.00246 0.04466 -0.01994
v 0.00265 0.04494 -0.01946
v 0.00272 0.04487 -0.01960
v 0.00269 0.04477 -0.01977
v 0.00258 0.04466 -0.01991
v 0.00275 0.04487 -0.01952
v 0.00277 0.04477 -0.01969
v 0.00269 0.04466 -0.01986
v 0.00253 0.04453 -0.01997
v 0.00277 0.04487 -0.01944
v 0.00282 0.04477 -0.01960
v 0.00278 0.04466 -0.01978
v 0.00265 0.04453 -0.01993
v 0.00286 0.04477 -0.01950
v 0.00286 0.04466 -0.01969
v 0.00276 0.04453 -0.01986
v 0.00291 0.04466 -0.01958
v 0.00286 0.04453 -0.01976
v 0.00294 0.04466 -0.01946
v 0.00293 0.04453 -0.01965
v 0.00297 0.04453 -0.01953
v -0.00253 0.04498 -0.01941
v -0.00253 0.04498 -0.01944
v -0.00251 0.04498 -0.01947
v -0.00265 0.04494 -0.01946
v -0.00249 0.04498 -0.01949
v -0.00263 0.04494 -0.01951
v -0.00277 0.04487 -0.01944
v -0.00247 0.04498 -0.01951
v -0.00260 0.04494 -0.01956
v -0.00275 0.04487 -0.01952
v -0.00244 0.04498 -0.01953
v -0.00256 0.04494 -0.01960
v -0.00272 0.04487 -0.01960
v -0.00286 0.04477 -0.01950
v -0.00241 0.04498 -0.01953
v -0.00251 0.04494 -0.01963
v -0.00266 0.04487 -0.01966
v -0.00282 0.04477 -0.01960
v -0.00294 0.04466 -0.01946
v -0.00246 0.04494 -0.01965
v -0.00260 0.04487 -0.01972
v -0.00277 0.04477 -0.01969
v -0.00291 0.04466 -0.01958
v -0.00252 0.04487 -0.01975
v -0.00269 0.04477 -0.01977
v -0.00286 0.04466 -0.01969
v -0.00297 0.04453 -0.01953
v -0.00244 0.04487 -0.01977
v -0.00260 0.04477 -0.01982
v -0.00278 0.04466 -0.01978
v -0.00293 0.04453 -0.01965
v -0.00250 0.04477 -0.01986
v -0.00269 0.04466 -0.01986
v -0.00286 0.04453 -0.01976
v -0.00258 0.04466 -0.01991
v -0.00276 0.04453 -0.01986
v -0.00246 0.04466 -0.01994
v -0.00265 0.04453 -0.01993
v -0.00253 0.04453 -0.01997
vn -0.0000 -1.0000 0.0000
vn -0.0000 -1.0000 0.0000
vn -0.0000 -1.0000 0.0000
vn -0.0000 -1.0000 0.0000
vn -0.0000 -0.9848 0.1736
vn -0.0000 -0.9397 0.3420
vn -0.0000 -0.8660 0.5000
vn -0.0000 -0.7660 0.6428
vn -0.0000 -0.6428 0.7660
vn -0.0000 -0.5000 0.8660
vn -0.0000 -0.3420 0.9397
vn -0.0000 -0.1736 0.9848
vn -0.0000 -0.0000 1.0000
vn -0.0000 -0.0000 1.0000
vn -0.0000 -0.9848 0.1736
vn -0.0000 -0.9397 0.3420
vn -0.0000 -0.8660 0.5000
vn -0.0000 -0.7660 0.6428
vn -0.0000 -0.6428 0.7660
vn -0.0000 -0.5000 0.8660
vn -0.0000 -0.3420 0.9397
vn -0.0000 -0.1736 0.9848
vn 1.0000 -0.0000 0.0000
vn 0.9848 -0.1736 0.0000
vn 0.9397 -0.3420 0.0000
vn 0.8660 -0.5000 0.0000
vn 0.7660 -0.6428 0.0000
vn 0.6428 -0.7660 0.0000
vn 0.5000 -0.8660 0.0000
vn 0.3420 -0.9397 0.0000
vn 0.1736 -0.9848 0.0000
vn 1.0000 -0.0000 0.0000
vn 0.9848 -0.1736 0.0000
vn 0.9397 -0.3420 0.0000
vn 0.8660 -0.5000 0.0000
vn 0.7660 -0.6428 0.0000
vn 0.6428 -0.7660 0.0000
vn 0.5000 -0.8660 0.0000
vn 0.3420 -0.9397 0.0000
vn 0.1736 -0.9848 0.0000
vn -1.0000 0.0000 -0.0000
vn -0.9848 -0.1736 -0.0000
vn -0.9397 -0.3420 -0.0000
vn -0.8660 -0.5000 -0.0000
vn -0.7660 -0.6428 -0.0000
vn -0.6428 -0.7660 -0.0000
vn -0.5000 -0.8660 -0.0000
vn -0.3420 -0.9397 -0.0000
vn -0.1736 -0.9848 -0.0000
vn -1.0000 0.0000 -0.0000
vn -0.1736 -0.9848 -0.0000
vn -0.3420 -0.9397 -0.0000
vn -0.5000 -0.8660 -0.0000
vn -0.6428 -0.7660 -0.0000
vn -0.7660 -0.6428 -0.0000
vn -0.8660 -0.5000 -0.0000
vn -0.9397 -0.3420 -0.0000
vn -0.9848 -0.1736 -0.0000
vn -0.0000 -0.9848 -0.1736
vn -0.0000 -0.9397 -0.3420
vn -0.0000 -0.8660 -0.5000
vn -0.0000 -0.7660 -0.6428
vn -0.0000 -0.6428 -0.7660
vn -0.0000 -0.5000 -0.8660
vn -0.0000 -0.3420 -0.9397
vn -0.0000 -0.1736 -0.9848
vn -0.0000 -0.0000 -1.0000
vn -0.0000 -0.0000 -1.0000
vn -0.0000 -0.1736 -0.9848
vn -0.0000 -0.3420 -0.9397
vn -0.0000 -0.5000 -0.8660
vn -0.0000 -0.6428 -0.7660
vn -0.0000 -0.7660 -0.6428
vn -0.0000 -0.8660 -0.5000
vn -0.0000 -0.9397 -0.3420
vn -0.0000 -0.9848 -0.1736
vn 0.9848 -0.0000 0.1736
vn 0.9397 -0.0000 0.3420
vn 0.8660 -0.0000 0.5000
vn 0.7660 -0.0000 0.6428
vn 0.6428 -0.0000 0.7660
vn 0.5000 -0.0000 0.8660
vn 0.3420 -0.0000 0.9397
vn 0.1736 -0.0000 0.9848
vn 0.9749 -0.2211 0.0249
vn 0.9749 -0.2100 0.0735
vn 0.9749 -0.1884 0.1184
vn 0.9010 -0.4230 0.0965
vn 0.9749 -0.1573 0.1573
vn 0.9010 -0.3909 0.1883
vn 0.7818 -0.6196 0.0698
vn 0.9749 -0.1184 0.1884
vn 0.9010 -0.3392 0.2705
vn 0.7818 -0.5885 0.2059
vn 0.9749 -0.0735 0.2100
vn 0.9010 -0.2705 0.3392
vn 0.7818 -0.5279 0.3317
vn 0.6235 -0.7622 0.1740
vn 0.9749 -0.0249 0.2211
vn 0.9010 -0.1883 0.3909
vn 0.7818 -0.4409 0.4409
vn 0.6235 -0.7044 0.3392
vn 0.4339 -0.8953 0.1009
vn 0.9010 -0.0965 0.4230
vn 0.7818 -0.3317 0.5279
vn 0.6235 -0.6113 0.4875
vn 0.4339 -0.8504 0.2976
vn 0.7818 -0.2059 0.5885
vn 0.6235 -0.4875 0.6113
vn 0.4339 -0.7629 0.4793
vn 0.2225 -0.9505 0.2169
vn 0.7818 -0.0698 0.6196
vn 0.6235 -0.3392 0.7044
vn 0.4339 -0.6371 0.6371
vn 0.2225 -0.8784 0.4230
vn 0.6235 -0.1740 0.7622
vn 0.4339 -0.4793 0.7629
vn 0.2225 -0.7622 0.6079
vn 0.4339 -0.2976 0.8504
vn 0.2225 -0.6079 0.7622
vn 0.4339 -0.1009 0.8953
vn 0.2225 -0.4230 0.8784
vn 0.2225 -0.2169 0.9505
vn -0.9848 0.0000 0.1736
vn -0.9397 0.0000 0.3420
vn -0.8660 0.0000 0.5000
vn -0.7660 0.0000 0.6428
vn -0.6428 0.0000 0.7660
vn -0.5000 0.0000 0.8660
vn -0.3420 -0.0000 0.9397
vn -0.1736 -0.0000 0.9848
vn -0.9749 -0.2211 0.0249
vn -0.9749 -0.2100 0.0735
vn -0.9749 -0.1884 0.1184
vn -0.9010 -0.4230 0.0965
vn -0.9749 -0.1573 0.1573
vn -0.9010 -0.3909 0.1883
vn -0.7818 -0.6196 0.0698
vn -0.9749 -0.1184 0.1884
vn -0.9010 -0.3392 0.2705
vn -0.7818 -0.5885 0.2059
vn -0.9749 -0.0735 0.2100
vn -0.9010 -0.2705 0.3392
vn -0.7818 -0.5279 0.3317
vn -0.6235 -0.7622 0.1740
vn -0.9749 -0.0249 0.2211
vn -0.9010 -0.1883 0.3909
vn -0.7818 -0.4409 0.4409
vn -0.6235 -0.7044 0.3392
vn -0.4339 -0.8953 0.1009
vn -0.9010 -0.0965 0.4230
vn -0.7818 -0.3317 0.5279
vn -0.6235 -0.6113 0.4875
vn -0.4339 -0.8504 0.2976
vn -0.7818 -0.2059 0.5885
vn -0.6235 -0.4875 0.6113
vn -0.4339 -0.7629 0.4793
vn -0.2225 -0.9505 0.2169
vn -0.7818 -0.0698 0.6196
vn -0.6235 -0.3392 0.7044
vn -0.4339 -0.6371 0.6371
vn -0.2225 -0.8784 0.4230
vn -0.6235 -0.1740 0.7622
vn -0.4339 -0.4793 0.7629
vn -0.2225 -0.7622 0.6079
vn -0.4339 -0.2976 0.8504
vn -0.2225 -0.6079 0.7622
vn -0.4339 -0.1009 0.8953
vn -0.2225 -0.4230 0.8784
vn -0.2225 -0.2169 0.9505
vn -0.0000 0.0000 1.0000
vn -0.0000 0.0000 1.0000
vn 1.0000 -0.0000 0.0000
vn 1.0000 -0.0000 0.0000
vn 1.0000 -0.0000 0.0000
vn 1.0000 -0.0000 0.0000
vn 1.0000 -0.0000 0.0000
vn 1.0000 -0.0000 0.0000
vn 1.0000 -0.0000 0.0000
vn 1.0000 -0.0000 0.0000
vn 1.0000 -0.0000 0.0000
vn 1.0000 -0.0000 0.0000
vn 1.0000 -0.0000 0.0000
vn 1.0000 -0.0000 0.0000
vn 1.0000 -0.0000 0.0000
vn 1.0000 -0.0000 0.0000
vn 1.0000 -0.0000 0.0000
vn 1.0000 -0.0000 0.0000
vn 1.0000 -0.0000 0.0000
vn 1.0000 -0.0000 0.0000
vn 1.0000 -0.0000 0.0000
vn 1.0000 -0.0000 0.0000
vn 1.0000 -0.0000 0.0000
vn 1.0000 -0.0000 0.0000
vn 1.0000 -0.0000 0.0000
vn 1.0000 -0.0000 0.0000
vn 1.0000 -0.0000 0.0000
vn 1.0000 -0.0000 0.0000
vn 1.0000 -0.0000 0.0000
vn 1.0000 -0.0000 0.0000
vn 1.0000 -0.0000 0.0000
vn 1.0000 -0.0000 0.0000
vn 1.0000 -0.0000 0.0000
vn 1.0000 -0.0000 0.0000
vn 1.0000 -0.0000 0.0000
vn 1.0000 -0.0000 0.0000
vn 1.0000 -0.0000 0.0000
vn 1.0000 -0.0000 0.0000
vn 1.0000 -0.0000 0.0000
vn 1.0000 -0.0000 0.0000
vn 1.0000 -0.0000 0.0000
vn 1.0000 -0.0000 0.0000
vn 1.0000 -0.0000 0.0000
vn 1.0000 -0.0000 0.0000
vn 1.0000 -0.0000 0.0000
vn 1.0000 -0.0000 0.0000
vn 1.0000 -0.0000 0.0000
vn 1.0000 -0.0000 0.0000
vn 1.0000 -0.0000 0.0000
vn 1.0000 -0.0000 0.0000
vn 1.0000 -0.0000 0.0000
vn 1.0000 -0.0000 0.0000
vn 1.0000 -0.0000 0.0000
vn 1.0000 -0.0000 0.0000
vn 1.0000 -0.0000 0.0000
vn 1.0000 -0.0000 0.0000
vn 1.0000 -0.0000 0.0000
vn 1.0000 -0.0000 0.0000
vn 1.0000 -0.0000 0.0000
vn 1.0000 -0.0000 0.0000
vn 1.0000 -0.0000 0.0000
vn 1.0000 -0.0000 0.0000
vn 1.0000 -0.0000 0.0000
vn 1.0000 -0.0000 0.0000
vn 1.0000 -0.0000 0.0000
vn 1.0000 -0.0000 0.0000
vn 1.0000 -0.0000 0.0000
vn 1.0000 -0.0000 0.0000
vn 1.0000 -0.0000 0.0000
vn 1.0000 -0.0000 0.0000
vn 1.0000 -0.0000 0.0000
vn 1.0000 -0.0000 0.0000
vn 1.0000 -0.0000 0.0000
vn 1.0000 -0.0000 0.0000
vn 1.0000 -0.0000 0.0000
vn 1.0000 -0.0000 0.0000
vn 0.9848 -0.0000 -0.1736
vn 0.9397 -0.0000 -0.3420
vn 0.8660 -0.0000 -0.5000
vn 0.7660 -0.0000 -0.6428
vn 0.6428 -0.0000 -0.7660
vn 0.5000 -0.0000 -0.8660
vn 0.3420 -0.0000 -0.9397
vn 0.1736 -0.0000 -0.9848
vn 0.9749 -0.2211 -0.0249
vn 0.9749 -0.2100 -0.0735
vn 0.9749 -0.1884 -0.1184
vn 0.9010 -0.4230 -0.0965
vn 0.9749 -0.1573 -0.1573
vn 0.9010 -0.3909 -0.1883
vn 0.7818 -0.6196 -0.0698
vn 0.9749 -0.1184 -0.1884
vn 0.9010 -0.3392 -0.2705
vn 0.7818 -0.5885 -0.2059
vn 0.9749 -0.0735 -0.2100
vn 0.9010 -0.2705 -0.3392
vn 0.7818 -0.5279 -0.3317
vn 0.6235 -0.7622 -0.1740
vn 0.9749 -0.0249 -0.2211
vn 0.9010 -0.1883 -0.3909
vn 0.7818 -0.4409 -0.4409
vn 0.6235 -0.7044 -0.3392
vn 0.4339 -0.8953 -0.1009
vn 0.9010 -0.0965 -0.4230
vn 0.7818 -0.3317 -0.5279
vn 0.6235 -0.6113 -0.4875
vn 0.4339 -0.8504 -0.2976
vn 0.7818 -0.2059 -0.5885
vn 0.6235 -0.4875 -0.6113
vn 0.4339 -0.7629 -0.4793
vn 0.2225 -0.9505 -0.2169
vn 0.7818 -0.0698 -0.6196
vn 0.6235 -0.3392 -0.7044
vn 0.4339 -0.6371 -0.6371
vn 0.2225 -0.8784 -0.4230
vn 0.6235 -0.1740 -0.7622
vn 0.4339 -0.4793 -0.7629
vn 0.2225 -0.7622 -0.6079
vn 0.4339 -0.2976 -0.8504
vn 0.2225 -0.6079 -0.7622
vn 0.4339 -0.1009 -0.8953
vn 0.2225 -0.4230 -0.8784
vn 0.2225 -0.2169 -0.9505
vn -1.0000 0.0000 -0.0000
vn -1.0000 0.0000 -0.0000
vn -1.0000 0.0000 -0.0000
vn -1.0000 0.0000 -0.0000
vn -1.0000 0.0000 -0.0000
vn -1.0000 0.0000 -0.0000
vn -1.0000 0.0000 -0.0000
vn -1.0000 0.0000 -0.0000
vn -1.0000 0.0000 -0.0000
vn -1.0000 0.0000 -0.0000
vn -1.0000 0.0000 -0.0000
vn -1.0000 0.0000 -0.0000
vn -1.0000 0.0000 -0.0000
vn -1.0000 0.0000 -0.0000
vn -1.0000 0.0000 -0.0000
vn -1.0000 0.0000 -0.0000
vn -1.0000 0.0000 -0.0000
vn -1.0000 0.0000 -0.0000
vn -1.0000 0.0000 -0.0000
vn -1.0000 0.0000 -0.0000
vn -1.0000 0.0000 -0.0000
vn -1.0000 0.0000 -0.0000
vn -1.0000 0.0000 -0.0000
vn -1.0000 0.0000 -0.0000
vn -1.0000 0.0000 -0.0000
vn -1.0000 0.0000 -0.0000
vn -1.0000 0.0000 -0.0000
vn -1.0000 0.0000 -0.0000
vn -1.0000 0.0000 -0.0000
vn -1.0000 0.0000 -0.0000
vn -1.0000 0.0000 -0.0000
vn -1.0000 0.0000 -0.0000
vn -1.0000 0.0000 -0.0000
vn -1.0000 0.0000 -0.0000
vn -1.0000 0.0000 -0.0000
vn -1.0000 0.0000 -0.0000
vn -1.0000 0.0000 -0.0000
vn -1.0000 0.0000 -0.0000
vn -1.0000 0.0000 -0.0000
vn -1.0000 0.0000 -0.0000
vn -1.0000 0.0000 -0.0000
vn -1.0000 0.0000 -0.0000
vn -1.0000 0.0000 -0.0000
vn -1.0000 0.0000 -0.0000
vn -1.0000 0.0000 -0.0000
vn -1.0000 0.0000 -0.0000
vn -1.0000 0.0000 -0.0000
vn -1.0000 0.0000 -0.0000
vn -1.0000 0.0000 -0.0000
vn -1.0000 0.0000 -0.0000
vn -1.0000 0.0000 -0.0000
vn -1.0000 0.0000 -0.0000
vn -1.0000 0.0000 -0.0000
vn -1.0000 0.0000 -0.0000
vn -1.0000 0.0000 -0.0000
vn -1.0000 0.0000 -0.0000
vn -1.0000 0.0000 -0.0000
vn -1.0000 0.0000 -0.0000
vn -1.0000 0.0000 -0.0000
vn -1.0000 0.0000 -0.0000
vn -1.0000 0.0000 -0.0000
vn -1.0000 0.0000 -0.0000
vn -1.0000 0.0000 -0.0000
vn -1.0000 0.0000 -0.0000
vn -1.0000 0.0000 -0.0000
vn -1.0000 0.0000 -0.0000
vn -1.0000 0.0000 -0.0000
vn -1.0000 0.0000 -0.0000
vn -1.0000 0.0000 -0.0000
vn -1.0000 0.0000 -0.0000
vn -1.0000 0.0000 -0.0000
vn -1.0000 0.0000 -0.0000
vn -1.0000 0.0000 -0.0000
vn -1.0000 0.0000 -0.0000
vn -0.1736 0.0000 -0.9848
vn -0.3420 0.0000 -0.9397
vn -0.5000 0.0000 -0.8660
vn -0.6428 0.0000 -0.7660
vn -0.7660 0.0000 -0.6428
vn -0.8660 0.0000 -0.5000
vn -0.9397 0.0000 -0.3420
vn -0.9848 0.0000 -0.1736
vn -0.0249 -0.2211 -0.9749
vn -0.0735 -0.2100 -0.9749
vn -0.1184 -0.1884 -0.9749
vn -0.0965 -0.4230 -0.9010
vn -0.1573 -0.1573 -0.9749
vn -0.1883 -0.3909 -0.9010
vn -0.0698 -0.6196 -0.7818
vn -0.1884 -0.1184 -0.9749
vn -0.2705 -0.3392 -0.9010
vn -0.2059 -0.5885 -0.7818
vn -0.2100 -0.0735 -0.9749
vn -0.3392 -0.2705 -0.9010
vn -0.3317 -0.5279 -0.7818
vn -0.1740 -0.7622 -0.6235
vn -0.2211 -0.0249 -0.9749
vn -0.3909 -0.1883 -0.9010
vn -0.4409 -0.4409 -0.7818
vn -0.3392 -0.7044 -0.6235
vn -0.1009 -0.8953 -0.4339
vn -0.4230 -0.0965 -0.9010
vn -0.5279 -0.3317 -0.7818
vn -0.4875 -0.6113 -0.6235
vn -0.2976 -0.8504 -0.4339
vn -0.5885 -0.2059 -0.7818
vn -0.6113 -0.4875 -0.6235
vn -0.4793 -0.7629 -0.4339
vn -0.2169 -0.9505 -0.2225
vn -0.6196 -0.0698 -0.7818
vn -0.7044 -0.3392 -0.6235
vn -0.6371 -0.6371 -0.4339
vn -0.4230 -0.8784 -0.2225
vn -0.7622 -0.1740 -0.6235
vn -0.7629 -0.4793 -0.4339
vn -0.6079 -0.7622 -0.2225
vn -0.8504 -0.2976 -0.4339
vn -0.7622 -0.6079 -0.2225
vn -0.8953 -0.1009 -0.4339
vn -0.8784 -0.4230 -0.2225
vn -0.9505 -0.2169 -0.2225
vn 0.0000 -0.0000 -1.0000
vn 0.0000 -0.0000 -1.0000
vn 0.1736 -0.0000 0.9848
vn 0.3420 -0.0000 0.9397
vn 0.5000 -0.0000 0.8660
vn 0.6428 -0.0000 0.7660
vn 0.7660 -0.0000 0.6428
vn 0.8660 -0.0000 0.5000
vn 0.9397 -0.0000 0.3420
vn 0.9848 -0.0000 0.1736
vn -0.9848 0.0000 0.1736
vn -0.9397 0.0000 0.3420
vn -0.8660 0.0000 0.5000
vn -0.7660 0.0000 0.6428
vn -0.6428 0.0000 0.7660
vn -0.5000 0.0000 0.8660
vn -0.3420 0.0000 0.9397
vn -0.1736 0.0000 0.9848
vn 0.0000 1.0000 0.0000
vn 0.0000 0.9848 0.1736
vn 0.0000 0.9397 0.3420
vn 0.0000 0.8660 0.5000
vn 0.0000 0.7660 0.6428
vn 0.0000 0.6428 0.7660
vn 0.0000 0.5000 0.8660
vn 0.0000 0.3420 0.9397
vn 0.0000 0.1736 0.9848
vn 0.0000 1.0000 -0.0000
vn 0.0000 0.1564 0.9877
vn 0.0000 0.3090 0.9511
vn 0.0000 0.4540 0.8910
vn 0.0000 0.5878 0.8090
vn 0.0000 0.7071 0.7071
vn 0.0000 0.8090 0.5878
vn 0.0000 0.8910 0.4540
vn 0.0000 0.9511 0.3090
vn 0.0000 0.9877 0.1564
vn 0.1736 -0.0000 -0.9848
vn 0.3420 -0.0000 -0.9397
vn 0.5000 -0.0000 -0.8660
vn 0.6428 -0.0000 -0.7660
vn 0.7660 -0.0000 -0.6428
vn 0.8660 -0.0000 -0.5000
vn 0.9397 -0.0000 -0.3420
vn 0.9848 -0.0000 -0.1736
vn 0.1736 0.9848 0.0000
vn 0.3420 0.9397 0.0000
vn 0.5000 0.8660 0.0000
vn 0.6428 0.7660 0.0000
vn 0.7660 0.6428 0.0000
vn 0.8660 0.5000 0.0000
vn 0.9397 0.3420 0.0000
vn 0.9848 0.1736 0.0000
vn 0.0000 1.0000 0.0000
vn 0.1736 0.9848 0.0000
vn 0.3420 0.9397 0.0000
vn 0.5000 0.8660 0.0000
vn 0.6428 0.7660 0.0000
vn 0.7660 0.6428 0.0000
vn 0.8660 0.5000 0.0000
vn 0.9397 0.3420 0.0000
vn 0.9848 0.1736 0.0000
vn 0.9848 -0.1736 0.0000
vn 0.9397 -0.3420 0.0000
vn 0.8660 -0.5000 0.0000
vn 0.7660 -0.6428 0.0000
vn 0.6428 -0.7660 0.0000
vn 0.5000 -0.8660 0.0000
vn 0.3420 -0.9397 0.0000
vn 0.1736 -0.9848 0.0000
vn -0.0000 -1.0000 -0.0000
vn -0.0000 -0.9848 0.1736
vn -0.0000 -0.9397 0.3420
vn -0.0000 -0.8660 0.5000
vn -0.0000 -0.7660 0.6428
vn -0.0000 -0.6428 0.7660
vn -0.0000 -0.5000 0.8660
vn -0.0000 -0.3420 0.9397
vn -0.0000 -0.1736 0.9848
vn -0.0000 -0.0000 1.0000
vn 0.0000 0.1736 0.9848
vn 0.0000 0.3420 0.9397
vn 0.0000 0.5000 0.8660
vn 0.0000 0.6428 0.7660
vn 0.0000 0.7660 0.6428
vn 0.0000 0.8660 0.5000
vn 0.0000 0.9397 0.3420
vn 0.0000 0.9848 0.1736
vn 0.0000 1.0000 0.0000
vn 0.0000 0.9848 -0.1736
vn 0.0000 0.9397 -0.3420
vn 0.0000 0.8660 -0.5000
vn 0.0000 0.7660 -0.6428
vn 0.0000 0.6428 -0.7660
vn 0.0000 0.5000 -0.8660
vn 0.0000 0.3420 -0.9397
vn 0.0000 0.1736 -0.9848
vn -0.0000 -0.0000 -1.0000
vn -0.0000 -0.1736 -0.9848
vn -0.0000 -0.3420 -0.9397
vn -0.0000 -0.5000 -0.8660
vn -0.0000 -0.6428 -0.7660
vn -0.0000 -0.7660 -0.6428
vn -0.0000 -0.8660 -0.5000
vn -0.0000 -0.9397 -0.3420
vn -0.0000 -0.9848 -0.1736
vn 0.9848 -0.1710 0.0302
vn 0.9397 -0.3368 0.0594
vn 0.8660 -0.4924 0.0868
vn 0.7660 -0.6330 0.1116
vn 0.9848 -0.1632 0.0594
vn 0.6428 -0.7544 0.1330
vn 0.9397 -0.3214 0.1170
vn 0.5000 -0.8529 0.1504
vn 0.8660 -0.4698 0.1710
vn 0.3420 -0.9254 0.1632
vn 0.7660 -0.6040 0.2198
vn 0.9848 -0.1504 0.0868
vn 0.1736 -0.9698 0.1710
vn 0.6428 -0.7198 0.2620
vn 0.9397 -0.2962 0.1710
vn 0.5000 -0.8138 0.2962
vn 0.8660 -0.4330 0.2500
vn 0.3420 -0.8830 0.3214
vn 0.7660 -0.5567 0.3214
vn 0.9848 -0.1330 0.1116
vn 0.1736 -0.9254 0.3368
vn 0.6428 -0.6634 0.3830
vn 0.9397 -0.2620 0.2198
vn 0.5000 -0.7500 0.4330
vn 0.8660 -0.3830 0.3214
vn 0.3420 -0.8138 0.4698
vn 0.7660 -0.4924 0.4132
vn 0.9848 -0.1116 0.1330
vn 0.1736 -0.8529 0.4924
vn 0.6428 -0.5868 0.4924
vn 0.9397 -0.2198 0.2620
vn 0.5000 -0.6634 0.5567
vn 0.8660 -0.3214 0.3830
vn 0.3420 -0.7198 0.6040
vn 0.7660 -0.4132 0.4924
vn 0.9848 -0.0868 0.1504
vn 0.1736 -0.7544 0.6330
vn 0.6428 -0.4924 0.5868
vn 0.9397 -0.1710 0.2962
vn 0.5000 -0.5567 0.6634
vn 0.8660 -0.2500 0.4330
vn 0.3420 -0.6040 0.7198
vn 0.7660 -0.3214 0.5567
vn 0.9848 -0.0594 0.1632
vn 0.1736 -0.6330 0.7544
vn 0.6428 -0.3830 0.6634
vn 0.9397 -0.1170 0.3214
vn 0.5000 -0.4330 0.7500
vn 0.8660 -0.1710 0.4698
vn 0.3420 -0.4698 0.8138
vn 0.7660 -0.2198 0.6040
vn 0.9848 -0.0302 0.1710
vn 0.1736 -0.4924 0.8529
vn 0.6428 -0.2620 0.7198
vn 0.9397 -0.0594 0.3368
vn 0.5000 -0.2962 0.8138
vn 0.8660 -0.0868 0.4924
vn 0.3420 -0.3214 0.8830
vn 0.7660 -0.1116 0.6330
vn 0.9848 -0.0000 0.1736
vn 0.1736 -0.3368 0.9254
vn 0.6428 -0.1330 0.7544
vn 0.9397 -0.0000 0.3420
vn 0.5000 -0.1504 0.8529
vn 0.8660 -0.0000 0.5000
vn 0.3420 -0.1632 0.9254
vn 0.7660 -0.0000 0.6428
vn 0.9848 0.0302 0.1710
vn 0.1736 -0.1710 0.9698
vn 0.6428 -0.0000 0.7660
vn 0.9397 0.0594 0.3368
vn 0.5000 -0.0000 0.8660
vn 0.8660 0.0868 0.4924
vn 0.3420 -0.0000 0.9397
vn 0.7660 0.1116 0.6330
vn 0.9848 0.0594 0.1632
vn 0.1736 -0.0000 0.9848
vn 0.6428 0.1330 0.7544
vn 0.9397 0.1170 0.3214
vn 0.5000 0.1504 0.8529
vn 0.8660 0.1710 0.4698
vn 0.3420 0.1632 0.9254
vn 0.7660 0.2198 0.6040
vn 0.9848 0.0868 0.1504
vn 0.1736 0.1710 0.9698
vn 0.6428 0.2620 0.7198
vn 0.9397 0.1710 0.2962
vn 0.5000 0.2962 0.8138
vn 0.8660 0.2500 0.4330
vn 0.3420 0.3214 0.8830
vn 0.7660 0.3214 0.5567
vn 0.9848 0.1116 0.1330
vn 0.1736 0.3368 0.9254
vn 0.6428 0.3830 0.6634
vn 0.9397 0.2198 0.2620
vn 0.5000 0.4330 0.7500
vn 0.8660 0.3214 0.3830
vn 0.3420 0.4698 0.8138
vn 0.7660 0.4132 0.4924
vn 0.9848 0.1330 0.1116
vn 0.1736 0.4924 0.8529
vn 0.6428 0.4924 0.5868
vn 0.9397 0.2620 0.2198
vn 0.5000 0.5567 0.6634
vn 0.8660 0.3830 0.3214
vn 0.3420 0.6040 0.7198
vn 0.7660 0.4924 0.4132
vn 0.9848 0.1504 0.0868
vn 0.1736 0.6330 0.7544
vn 0.6428 0.5868 0.4924
vn 0.9397 0.2962 0.1710
vn 0.5000 0.6634 0.5567
vn 0.8660 0.4330 0.2500
vn 0.3420 0.7198 0.6040
vn 0.7660 0.5567 0.3214
vn 0.9848 0.1632 0.0594
vn 0.1736 0.7544 0.6330
vn 0.6428 0.6634 0.3830
vn 0.9397 0.3214 0.1170
vn 0.5000 0.7500 0.4330
vn 0.8660 0.4698 0.1710
vn 0.3420 0.8138 0.4698
vn 0.7660 0.6040 0.2198
vn 0.9848 0.1710 0.0302
vn 0.1736 0.8529 0.4924
vn 0.6428 0.7198 0.2620
vn 0.9397 0.3368 0.0594
vn 0.5000 0.8138 0.2962
vn 0.8660 0.4924 0.0868
vn 0.3420 0.8830 0.3214
vn 0.7660 0.6330 0.1116
vn 0.9848 0.1736 0.0000
vn 0.1736 0.9254 0.3368
vn 0.6428 0.7544 0.1330
vn 0.9397 0.3420 0.0000
vn 0.5000 0.8529 0.1504
vn 0.8660 0.5000 0.0000
vn 0.3420 0.9254 0.1632
vn 0.7660 0.6428 0.0000
vn 0.9848 0.1710 -0.0302
vn 0.1736 0.9698 0.1710
vn 0.6428 0.7660 0.0000
vn 0.9397 0.3368 -0.0594
vn 0.5000 0.8660 0.0000
vn 0.8660 0.4924 -0.0868
vn 0.3420 0.9397 0.0000
vn 0.7660 0.6330 -0.1116
vn 0.9848 0.1632 -0.0594
vn 0.1736 0.9848 0.0000
vn 0.6428 0.7544 -0.1330
vn 0.9397 0.3214 -0.1170
vn 0.5000 0.8529 -0.1504
vn 0.8660 0.4698 -0.1710
vn 0.3420 0.9254 -0.1632
vn 0.7660 0.6040 -0.2198
vn 0.9848 0.1504 -0.0868
vn 0.1736 0.9698 -0.1710
vn 0.6428 0.7198 -0.2620
vn 0.9397 0.2962 -0.1710
vn 0.5000 0.8138 -0.2962
vn 0.8660 0.4330 -0.2500
vn 0.3420 0.8830 -0.3214
vn 0.7660 0.5567 -0.3214
vn 0.9848 0.1330 -0.1116
vn 0.1736 0.9254 -0.3368
vn 0.6428 0.6634 -0.3830
vn 0.9397 0.2620 -0.2198
vn 0.5000 0.7500 -0.4330
vn 0.8660 0.3830 -0.3214
vn 0.3420 0.8138 -0.4698
vn 0.7660 0.4924 -0.4132
vn 0.9848 0.1116 -0.1330
vn 0.1736 0.8529 -0.4924
vn 0.6428 0.5868 -0.4924
vn 0.9397 0.2198 -0.2620
vn 0.5000 0.6634 -0.5567
vn 0.8660 0.3214 -0.3830
vn 0.3420 0.7198 -0.6040
vn 0.7660 0.4132 -0.4924
vn 0.9848 0.0868 -0.1504
vn 0.1736 0.7544 -0.6330
vn 0.6428 0.4924 -0.5868
vn 0.9397 0.1710 -0.2962
vn 0.5000 0.5567 -0.6634
vn 0.8660 0.2500 -0.4330
vn 0.3420 0.6040 -0.7198
vn 0.7660 0.3214 -0.5567
vn 0.9848 0.0594 -0.1632
vn 0.1736 0.6330 -0.7544
vn 0.6428 0.3830 -0.6634
vn 0.9397 0.1170 -0.3214
vn 0.5000 0.4330 -0.7500
vn 0.8660 0.1710 -0.4698
vn 0.3420 0.4698 -0.8138
vn 0.7660 0.2198 -0.6040
vn 0.9848 0.0302 -0.1710
vn 0.1736 0.4924 -0.8529
vn 0.6428 0.2620 -0.7198
vn 0.9397 0.0594 -0.3368
vn 0.5000 0.2962 -0.8138
vn 0.8660 0.0868 -0.4924
vn 0.3420 0.3214 -0.8830
vn 0.7660 0.1116 -0.6330
vn 0.9848 -0.0000 -0.1736
vn 0.1736 0.3368 -0.9254
vn 0.6428 0.1330 -0.7544
vn 0.9397 -0.0000 -0.3420
vn 0.5000 0.1504 -0.8529
vn 0.8660 -0.0000 -0.5000
vn 0.3420 0.1632 -0.9254
vn 0.7660 -0.0000 -0.6428
vn 0.9848 -0.0302 -0.1710
vn 0.1736 0.1710 -0.9698
vn 0.6428 -0.0000 -0.7660
vn 0.9397 -0.0594 -0.3368
vn 0.5000 -0.0000 -0.8660
vn 0.8660 -0.0868 -0.4924
vn 0.3420 -0.0000 -0.9397
vn 0.7660 -0.1116 -0.6330
vn 0.9848 -0.0594 -0.1632
vn 0.1736 -0.0000 -0.9848
vn 0.6428 -0.1330 -0.7544
vn 0.9397 -0.1170 -0.3214
vn 0.5000 -0.1504 -0.8529
vn 0.8660 -0.1710 -0.4698
vn 0.3420 -0.1632 -0.9254
vn 0.7660 -0.2198 -0.6040
vn 0.9848 -0.0868 -0.1504
vn 0.1736 -0.1710 -0.9698
vn 0.6428 -0.2620 -0.7198
vn 0.9397 -0.1710 -0.2962
vn 0.5000 -0.2962 -0.8138
vn 0.8660 -0.2500 -0.4330
vn 0.3420 -0.3214 -0.8830
vn 0.7660 -0.3214 -0.5567
vn 0.9848 -0.1116 -0.1330
vn 0.1736 -0.3368 -0.9254
vn 0.6428 -0.3830 -0.6634
vn 0.9397 -0.2198 -0.2620
vn 0.5000 -0.4330 -0.7500
vn 0.8660 -0.3214 -0.3830
vn 0.3420 -0.4698 -0.8138
vn 0.7660 -0.4132 -0.4924
vn 0.9848 -0.1330 -0.1116
vn 0.1736 -0.4924 -0.8529
vn 0.6428 -0.4924 -0.5868
vn 0.9397 -0.2620 -0.2198
vn 0.5000 -0.5567 -0.6634
vn 0.8660 -0.3830 -0.3214
vn 0.3420 -0.6040 -0.7198
vn 0.7660 -0.4924 -0.4132
vn 0.9848 -0.1504 -0.0868
vn 0.1736 -0.6330 -0.7544
vn 0.6428 -0.5868 -0.4924
vn 0.9397 -0.2962 -0.1710
vn 0.5000 -0.6634 -0.5567
vn 0.8660 -0.4330 -0.2500
vn 0.3420 -0.7198 -0.6040
vn 0.7660 -0.5567 -0.3214
vn 0.9848 -0.1632 -0.0594
vn 0.1736 -0.7544 -0.6330
vn 0.6428 -0.6634 -0.3830
vn 0.9397 -0.3214 -0.1170
vn 0.5000 -0.7500 -0.4330
vn 0.8660 -0.4698 -0.1710
vn 0.3420 -0.8138 -0.4698
vn 0.7660 -0.6040 -0.2198
vn 0.9848 -0.1710 -0.0302
vn 0.1736 -0.8529 -0.4924
vn 0.6428 -0.7198 -0.2620
vn 0.9397 -0.3368 -0.0594
vn 0.5000 -0.8138 -0.2962
vn 0.8660 -0.4924 -0.0868
vn 0.3420 -0.8830 -0.3214
vn 0.7660 -0.6330 -0.1116
vn 0.1736 -0.9254 -0.3368
vn 0.6428 -0.7544 -0.1330
vn 0.5000 -0.8529 -0.1504
vn 0.3420 -0.9254 -0.1632
vn 0.1736 -0.9698 -0.1710
vn 0.9848 -0.1736 0.0000
vn 0.9397 -0.3420 0.0000
vn 0.8660 -0.5000 0.0000
vn 0.7660 -0.6428 0.0000
vn 0.6428 -0.7660 0.0000
vn 0.5000 -0.8660 0.0000
vn 0.3420 -0.9397 0.0000
vn 0.1736 -0.9848 0.0000
vn -0.0000 -1.0000 -0.0000
vn -0.0000 -0.9848 0.1736
vn -0.0000 -0.9397 0.3420
vn -0.0000 -0.8660 0.5000
vn -0.0000 -0.7660 0.6428
vn -0.0000 -0.6428 0.7660
vn -0.0000 -0.5000 0.8660
vn -0.0000 -0.3420 0.9397
vn -0.0000 -0.1736 0.9848
vn -0.0000 -0.0000 1.0000
vn 0.0000 0.1736 0.9848
vn 0.0000 0.3420 0.9397
vn 0.0000 0.5000 0.8660
vn 0.0000 0.6428 0.7660
vn 0.0000 0.7660 0.6428
vn 0.0000 0.8660 0.5000
vn 0.0000 0.9397 0.3420
vn 0.0000 0.9848 0.1736
vn 0.0000 1.0000 0.0000
vn 0.0000 0.9848 -0.1736
vn 0.0000 0.9397 -0.3420
vn 0.0000 0.8660 -0.5000
vn 0.0000 0.7660 -0.6428
vn 0.0000 0.6428 -0.7660
vn 0.0000 0.5000 -0.8660
vn 0.0000 0.3420 -0.9397
vn 0.0000 0.1736 -0.9848
vn -0.0000 -0.0000 -1.0000
vn -0.0000 -0.1736 -0.9848
vn -0.0000 -0.3420 -0.9397
vn -0.0000 -0.5000 -0.8660
vn -0.0000 -0.6428 -0.7660
vn -0.0000 -0.7660 -0.6428
vn -0.0000 -0.8660 -0.5000
vn -0.0000 -0.9397 -0.3420
vn -0.0000 -0.9848 -0.1736
vn 0.9848 -0.1710 0.0302
vn 0.9397 -0.3368 0.0594
vn 0.8660 -0.4924 0.0868
vn 0.7660 -0.6330 0.1116
vn 0.9848 -0.1632 0.0594
vn 0.6428 -0.7544 0.1330
vn 0.9397 -0.3214 0.1170
vn 0.5000 -0.8529 0.1504
vn 0.8660 -0.4698 0.1710
vn 0.3420 -0.9254 0.1632
vn 0.7660 -0.6040 0.2198
vn 0.9848 -0.1504 0.0868
vn 0.1736 -0.9698 0.1710
vn 0.6428 -0.7198 0.2620
vn 0.9397 -0.2962 0.1710
vn 0.5000 -0.8138 0.2962
vn 0.8660 -0.4330 0.2500
vn 0.3420 -0.8830 0.3214
vn 0.7660 -0.5567 0.3214
vn 0.9848 -0.1330 0.1116
vn 0.1736 -0.9254 0.3368
vn 0.6428 -0.6634 0.3830
vn 0.9397 -0.2620 0.2198
vn 0.5000 -0.7500 0.4330
vn 0.8660 -0.3830 0.3214
vn 0.3420 -0.8138 0.4698
vn 0.7660 -0.4924 0.4132
vn 0.9848 -0.1116 0.1330
vn 0.1736 -0.8529 0.4924
vn 0.6428 -0.5868 0.4924
vn 0.9397 -0.2198 0.2620
vn 0.5000 -0.6634 0.5567
vn 0.8660 -0.3214 0.3830
vn 0.3420 -0.7198 0.6040
vn 0.7660 -0.4132 0.4924
vn 0.9848 -0.0868 0.1504
vn 0.1736 -0.7544 0.6330
vn 0.6428 -0.4924 0.5868
vn 0.9397 -0.1710 0.2962
vn 0.5000 -0.5567 0.6634
vn 0.8660 -0.2500 0.4330
vn 0.3420 -0.6040 0.7198
vn 0.7660 -0.3214 0.5567
vn 0.9848 -0.0594 0.1632
vn 0.1736 -0.6330 0.7544
vn 0.6428 -0.3830 0.6634
vn 0.9397 -0.1170 0.3214
vn 0.5000 -0.4330 0.7500
vn 0.8660 -0.1710 0.4698
vn 0.3420 -0.4698 0.8138
vn 0.7660 -0.2198 0.6040
vn 0.9848 -0.0302 0.1710
vn 0.1736 -0.4924 0.8529
vn 0.6428 -0.2620 0.7198
vn 0.9397 -0.0594 0.3368
vn 0.5000 -0.2962 0.8138
vn 0.8660 -0.0868 0.4924
vn 0.3420 -0.3214 0.8830
vn 0.7660 -0.1116 0.6330
vn 0.9848 -0.0000 0.1736
vn 0.1736 -0.3368 0.9254
vn 0.6428 -0.1330 0.7544
vn 0.9397 -0.0000 0.3420
vn 0.5000 -0.1504 0.8529
vn 0.8660 -0.0000 0.5000
vn 0.3420 -0.1632 0.9254
vn 0.7660 -0.0000 0.6428
vn 0.9848 0.0302 0.1710
vn 0.1736 -0.1710 0.9698
vn 0.6428 -0.0000 0.7660
vn 0.9397 0.0594 0.3368
vn 0.5000 -0.0000 0.8660
vn 0.8660 0.0868 0.4924
vn 0.3420 -0.0000 0.9397
vn 0.7660 0.1116 0.6330
vn 0.9848 0.0594 0.1632
vn 0.1736 -0.0000 0.9848
vn 0.6428 0.1330 0.7544
vn 0.9397 0.1170 0.3214
vn 0.5000 0.1504 0.8529
vn 0.8660 0.1710 0.4698
vn 0.3420 0.1632 0.9254
vn 0.7660 0.2198 0.6040
vn 0.9848 0.0868 0.1504
vn 0.1736 0.1710 0.9698
vn 0.6428 0.2620 0.7198
vn 0.9397 0.1710 0.2962
vn 0.5000 0.2962 0.8138
vn 0.8660 0.2500 0.4330
vn 0.3420 0.3214 0.8830
vn 0.7660 0.3214 0.5567
vn 0.9848 0.1116 0.1330
vn 0.1736 0.3368 0.9254
vn 0.6428 0.3830 0.6634
vn 0.9397 0.2198 0.2620
vn 0.5000 0.4330 0.7500
vn 0.8660 0.3214 0.3830
vn 0.3420 0.4698 0.8138
vn 0.7660 0.4132 0.4924
vn 0.9848 0.1330 0.1116
vn 0.1736 0.4924 0.8529
vn 0.6428 0.4924 0.5868
vn 0.9397 0.2620 0.2198
vn 0.5000 0.5567 0.6634
vn 0.8660 0.3830 0.3214
vn 0.3420 0.6040 0.7198
vn 0.7660 0.4924 0.4132
vn 0.9848 0.1504 0.0868
vn 0.1736 0.6330 0.7544
vn 0.6428 0.5868 0.4924
vn 0.9397 0.2962 0.1710
vn 0.5000 0.6634 0.5567
vn 0.8660 0.4330 0.2500
vn 0.3420 0.7198 0.6040
vn 0.7660 0.5567 0.3214
vn 0.9848 0.1632 0.0594
vn 0.1736 0.7544 0.6330
vn 0.6428 0.6634 0.3830
vn 0.9397 0.3214 0.1170
vn 0.5000 0.7500 0.4330
vn 0.8660 0.4698 0.1710
vn 0.3420 0.8138 0.4698
vn 0.7660 0.6040 0.2198
vn 0.9848 0.1710 0.0302
vn 0.1736 0.8529 0.4924
vn 0.6428 0.7198 0.2620
vn 0.9397 0.3368 0.0594
vn 0.5000 0.8138 0.2962
vn 0.8660 0.4924 0.0868
vn 0.3420 0.8830 0.3214
vn 0.7660 0.6330 0.1116
vn 0.9848 0.1736 0.0000
vn 0.1736 0.9254 0.3368
vn 0.6428 0.7544 0.1330
vn 0.9397 0.3420 0.0000
vn 0.5000 0.8529 0.1504
vn 0.8660 0.5000 0.0000
vn 0.3420 0.9254 0.1632
vn 0.7660 0.6428 0.0000
vn 0.9848 0.1710 -0.0302
vn 0.1736 0.9698 0.1710
vn 0.6428 0.7660 0.0000
vn 0.9397 0.3368 -0.0594
vn 0.5000 0.8660 0.0000
vn 0.8660 0.4924 -0.0868
vn 0.3420 0.9397 0.0000
vn 0.7660 0.6330 -0.1116
vn 0.9848 0.1632 -0.0594
vn 0.1736 0.9848 0.0000
vn 0.6428 0.7544 -0.1330
vn 0.9397 0.3214 -0.1170
vn 0.5000 0.8529 -0.1504
vn 0.8660 0.4698 -0.1710
vn 0.3420 0.9254 -0.1632
vn 0.7660 0.6040 -0.2198
vn 0.9848 0.1504 -0.0868
vn 0.1736 0.9698 -0.1710
vn 0.6428 0.7198 -0.2620
vn 0.9397 0.2962 -0.1710
vn 0.5000 0.8138 -0.2962
vn 0.8660 0.4330 -0.2500
vn 0.3420 0.8830 -0.3214
vn 0.7660 0.5567 -0.3214
vn 0.9848 0.1330 -0.1116
vn 0.1736 0.9254 -0.3368
vn 0.6428 0.6634 -0.3830
vn 0.9397 0.2620 -0.2198
vn 0.5000 0.7500 -0.4330
vn 0.8660 0.3830 -0.3214
vn 0.3420 0.8138 -0.4698
vn 0.7660 0.4924 -0.4132
vn 0.9848 0.1116 -0.1330
vn 0.1736 0.8529 -0.4924
vn 0.6428 0.5868 -0.4924
vn 0.9397 0.2198 -0.2620
vn 0.5000 0.6634 -0.5567
vn 0.8660 0.3214 -0.3830
vn 0.3420 0.7198 -0.6040
vn 0.7660 0.4132 -0.4924
vn 0.9848 0.0868 -0.1504
vn 0.1736 0.7544 -0.6330
vn 0.6428 0.4924 -0.5868
vn 0.9397 0.1710 -0.2962
vn 0.5000 0.5567 -0.6634
vn 0.8660 0.2500 -0.4330
vn 0.3420 0.6040 -0.7198
vn 0.7660 0.3214 -0.5567
vn 0.9848 0.0594 -0.1632
vn 0.1736 0.6330 -0.7544
vn 0.6428 0.3830 -0.6634
vn 0.9397 0.1170 -0.3214
vn 0.5000 0.4330 -0.7500
vn 0.8660 0.1710 -0.4698
vn 0.3420 0.4698 -0.8138
vn 0.7660 0.2198 -0.6040
vn 0.9848 0.0302 -0.1710
vn 0.1736 0.4924 -0.8529
vn 0.6428 0.2620 -0.7198
vn 0.9397 0.0594 -0.3368
vn 0.5000 0.2962 -0.8138
vn 0.8660 0.0868 -0.4924
vn 0.3420 0.3214 -0.8830
vn 0.7660 0.1116 -0.6330
vn 0.9848 -0.0000 -0.1736
vn 0.1736 0.3368 -0.9254
vn 0.6428 0.1330 -0.7544
vn 0.9397 -0.0000 -0.3420
vn 0.5000 0.1504 -0.8529
vn 0.8660 -0.0000 -0.5000
vn 0.3420 0.1632 -0.9254
vn 0.7660 -0.0000 -0.6428
vn 0.9848 -0.0302 -0.1710
vn 0.1736 0.1710 -0.9698
vn 0.6428 -0.0000 -0.7660
vn 0.9397 -0.0594 -0.3368
vn 0.5000 -0.0000 -0.8660
vn 0.8660 -0.0868 -0.4924
vn 0.3420 -0.0000 -0.9397
vn 0.7660 -0.1116 -0.6330
vn 0.9848 -0.0594 -0.1632
vn 0.1736 -0.0000 -0.9848
vn 0.6428 -0.1330 -0.7544
vn 0.9397 -0.1170 -0.3214
vn 0.5000 -0.1504 -0.8529
vn 0.8660 -0.1710 -0.4698
vn 0.3420 -0.1632 -0.9254
vn 0.7660 -0.2198 -0.6040
vn 0.9848 -0.0868 -0.1504
vn 0.1736 -0.1710 -0.9698
vn 0.6428 -0.2620 -0.7198
vn 0.9397 -0.1710 -0.2962
vn 0.5000 -0.2962 -0.8138
vn 0.8660 -0.2500 -0.4330
vn 0.3420 -0.3214 -0.8830
vn 0.7660 -0.3214 -0.5567
vn 0.9848 -0.1116 -0.1330
vn 0.1736 -0.3368 -0.9254
vn 0.6428 -0.3830 -0.6634
vn 0.9397 -0.2198 -0.2620
vn 0.5000 -0.4330 -0.7500
vn 0.8660 -0.3214 -0.3830
vn 0.3420 -0.4698 -0.8138
vn 0.7660 -0.4132 -0.4924
vn 0.9848 -0.1330 -0.1116
vn 0.1736 -0.4924 -0.8529
vn 0.6428 -0.4924 -0.5868
vn 0.9397 -0.2620 -0.2198
vn 0.5000 -0.5567 -0.6634
vn 0.8660 -0.3830 -0.3214
vn 0.3420 -0.6040 -0.7198
vn 0.7660 -0.4924 -0.4132
vn 0.9848 -0.1504 -0.0868
vn 0.1736 -0.6330 -0.7544
vn 0.6428 -0.5868 -0.4924
vn 0.9397 -0.2962 -0.1710
vn 0.5000 -0.6634 -0.5567
vn 0.8660 -0.4330 -0.2500
vn 0.3420 -0.7198 -0.6040
vn 0.7660 -0.5567 -0.3214
vn 0.9848 -0.1632 -0.0594
vn 0.1736 -0.7544 -0.6330
vn 0.6428 -0.6634 -0.3830
vn 0.9397 -0.3214 -0.1170
vn 0.5000 -0.7500 -0.4330
vn 0.8660 -0.4698 -0.1710
vn 0.3420 -0.8138 -0.4698
vn 0.7660 -0.6040 -0.2198
vn 0.9848 -0.1710 -0.0302
vn 0.1736 -0.8529 -0.4924
vn 0.6428 -0.7198 -0.2620
vn 0.9397 -0.3368 -0.0594
vn 0.5000 -0.8138 -0.2962
vn 0.8660 -0.4924 -0.0868
vn 0.3420 -0.8830 -0.3214
vn 0.7660 -0.6330 -0.1116
vn 0.1736 -0.9254 -0.3368
vn 0.6428 -0.7544 -0.1330
vn 0.5000 -0.8529 -0.1504
vn 0.3420 -0.9254 -0.1632
vn 0.1736 -0.9698 -0.1710
vn -0.9848 0.0000 -0.1736
vn -0.9397 0.0000 -0.3420
vn -0.8660 0.0000 -0.5000
vn -0.7660 0.0000 -0.6428
vn -0.6428 0.0000 -0.7660
vn -0.5000 0.0000 -0.8660
vn -0.3420 0.0000 -0.9397
vn -0.1736 0.0000 -0.9848
vn -0.9848 0.1736 -0.0000
vn -0.9397 0.3420 -0.0000
vn -0.8660 0.5000 -0.0000
vn -0.7660 0.6428 -0.0000
vn -0.6428 0.7660 -0.0000
vn -0.5000 0.8660 -0.0000
vn -0.3420 0.9397 -0.0000
vn -0.1736 0.9848 -0.0000
vn 0.0000 1.0000 0.0000
vn -0.1736 0.9848 -0.0000
vn -0.3420 0.9397 -0.0000
vn -0.5000 0.8660 -0.0000
vn -0.6428 0.7660 -0.0000
vn -0.7660 0.6428 -0.0000
vn -0.8660 0.5000 -0.0000
vn -0.9397 0.3420 -0.0000
vn -0.9848 0.1736 -0.0000
vn -0.9848 -0.1736 -0.0000
vn -0.9397 -0.3420 -0.0000
vn -0.8660 -0.5000 -0.0000
vn -0.7660 -0.6428 -0.0000
vn -0.6428 -0.7660 -0.0000
vn -0.5000 -0.8660 -0.0000
vn -0.3420 -0.9397 -0.0000
vn -0.1736 -0.9848 -0.0000
vn -0.0000 -1.0000 -0.0000
vn -0.0000 -0.9848 0.1736
vn -0.0000 -0.9397 0.3420
vn -0.0000 -0.8660 0.5000
vn -0.0000 -0.7660 0.6428
vn -0.0000 -0.6428 0.7660
vn -0.0000 -0.5000 0.8660
vn -0.0000 -0.3420 0.9397
vn -0.0000 -0.1736 0.9848
vn -0.0000 0.0000 1.0000
vn 0.0000 0.1736 0.9848
vn 0.0000 0.3420 0.9397
vn 0.0000 0.5000 0.8660
vn 0.0000 0.6428 0.7660
vn 0.0000 0.7660 0.6428
vn 0.0000 0.8660 0.5000
vn 0.0000 0.9397 0.3420
vn 0.0000 0.9848 0.1736
vn 0.0000 1.0000 0.0000
vn 0.0000 0.9848 -0.1736
vn 0.0000 0.9397 -0.3420
vn 0.0000 0.8660 -0.5000
vn 0.0000 0.7660 -0.6428
vn 0.0000 0.6428 -0.7660
vn 0.0000 0.5000 -0.8660
vn 0.0000 0.3420 -0.9397
vn 0.0000 0.1736 -0.9848
vn 0.0000 -0.0000 -1.0000
vn -0.0000 -0.1736 -0.9848
vn -0.0000 -0.3420 -0.9397
vn -0.0000 -0.5000 -0.8660
vn -0.0000 -0.6428 -0.7660
vn -0.0000 -0.7660 -0.6428
vn -0.0000 -0.8660 -0.5000
vn -0.0000 -0.9397 -0.3420
vn -0.0000 -0.9848 -0.1736
vn -0.9848 -0.1710 0.0302
vn -0.9397 -0.3368 0.0594
vn -0.8660 -0.4924 0.0868
vn -0.7660 -0.6330 0.1116
vn -0.9848 -0.1632 0.0594
vn -0.6428 -0.7544 0.1330
vn -0.9397 -0.3214 0.1170
vn -0.5000 -0.8529 0.1504
vn -0.8660 -0.4698 0.1710
vn -0.3420 -0.9254 0.1632
vn -0.7660 -0.6040 0.2198
vn -0.9848 -0.1504 0.0868
vn -0.1736 -0.9698 0.1710
vn -0.6428 -0.7198 0.2620
vn -0.9397 -0.2962 0.1710
vn -0.5000 -0.8138 0.2962
vn -0.8660 -0.4330 0.2500
vn -0.3420 -0.8830 0.3214
vn -0.7660 -0.5567 0.3214
vn -0.9848 -0.1330 0.1116
vn -0.1736 -0.9254 0.3368
vn -0.6428 -0.6634 0.3830
vn -0.9397 -0.2620 0.2198
vn -0.5000 -0.7500 0.4330
vn -0.8660 -0.3830 0.3214
vn -0.3420 -0.8138 0.4698
vn -0.7660 -0.4924 0.4132
vn -0.9848 -0.1116 0.1330
vn -0.1736 -0.8529 0.4924
vn -0.6428 -0.5868 0.4924
vn -0.9397 -0.2198 0.2620
vn -0.5000 -0.6634 0.5567
vn -0.8660 -0.3214 0.3830
vn -0.3420 -0.7198 0.6040
vn -0.7660 -0.4132 0.4924
vn -0.9848 -0.0868 0.1504
vn -0.1736 -0.7544 0.6330
vn -0.6428 -0.4924 0.5868
vn -0.9397 -0.1710 0.2962
vn -0.5000 -0.5567 0.6634
vn -0.8660 -0.2500 0.4330
vn -0.3420 -0.6040 0.7198
vn -0.7660 -0.3214 0.5567
vn -0.9848 -0.0594 0.1632
vn -0.1736 -0.6330 0.7544
vn -0.6428 -0.3830 0.6634
vn -0.9397 -0.1170 0.3214
vn -0.5000 -0.4330 0.7500
vn -0.8660 -0.1710 0.4698
vn -0.3420 -0.4698 0.8138
vn -0.7660 -0.2198 0.6040
vn -0.9848 -0.0302 0.1710
vn -0.1736 -0.4924 0.8529
vn -0.6428 -0.2620 0.7198
vn -0.9397 -0.0594 0.3368
vn -0.5000 -0.2962 0.8138
vn -0.8660 -0.0868 0.4924
vn -0.3420 -0.3214 0.8830
vn -0.7660 -0.1116 0.6330
vn -0.9848 0.0000 0.1736
vn -0.1736 -0.3368 0.9254
vn -0.6428 -0.1330 0.7544
vn -0.9397 0.0000 0.3420
vn -0.5000 -0.1504 0.8529
vn -0.8660 0.0000 0.5000
vn -0.3420 -0.1632 0.9254
vn -0.7660 0.0000 0.6428
vn -0.9848 0.0302 0.1710
vn -0.1736 -0.1710 0.9698
vn -0.6428 0.0000 0.7660
vn -0.9397 0.0594 0.3368
vn -0.5000 0.0000 0.8660
vn -0.8660 0.0868 0.4924
vn -0.3420 0.0000 0.9397
vn -0.7660 0.1116 0.6330
vn -0.9848 0.0594 0.1632
vn -0.1736 0.0000 0.9848
vn -0.6428 0.1330 0.7544
vn -0.9397 0.1170 0.3214
vn -0.5000 0.1504 0.8529
vn -0.8660 0.1710 0.4698
vn -0.3420 0.1632 0.9254
vn -0.7660 0.2198 0.6040
vn -0.9848 0.0868 0.1504
vn -0.1736 0.1710 0.9698
vn -0.6428 0.2620 0.7198
vn -0.9397 0.1710 0.2962
vn -0.5000 0.2962 0.8138
vn -0.8660 0.2500 0.4330
vn -0.3420 0.3214 0.8830
vn -0.7660 0.3214 0.5567
vn -0.9848 0.1116 0.1330
vn -0.1736 0.3368 0.9254
vn -0.6428 0.3830 0.6634
vn -0.9397 0.2198 0.2620
vn -0.5000 0.4330 0.7500
vn -0.8660 0.3214 0.3830
vn -0.3420 0.4698 0.8138
vn -0.7660 0.4132 0.4924
vn -0.9848 0.1330 0.1116
vn -0.1736 0.4924 0.8529
vn -0.6428 0.4924 0.5868
vn -0.9397 0.2620 0.2198
vn -0.5000 0.5567 0.6634
vn -0.8660 0.3830 0.3214
vn -0.3420 0.6040 0.7198
vn -0.7660 0.4924 0.4132
vn -0.9848 0.1504 0.0868
vn -0.1736 0.6330 0.7544
vn -0.6428 0.5868 0.4924
vn -0.9397 0.2962 0.1710
vn -0.5000 0.6634 0.5567
vn -0.8660 0.4330 0.2500
vn -0.3420 0.7198 0.6040
vn -0.7660 0.5567 0.3214
vn -0.9848 0.1632 0.0594
vn -0.1736 0.7544 0.6330
vn -0.6428 0.6634 0.3830
vn -0.9397 0.3214 0.1170
vn -0.5000 0.7500 0.4330
vn -0.8660 0.4698 0.1710
vn -0.3420 0.8138 0.4698
vn -0.7660 0.6040 0.2198
vn -0.9848 0.1710 0.0302
vn -0.1736 0.8529 0.4924
vn -0.6428 0.7198 0.2620
vn -0.9397 0.3368 0.0594
vn -0.5000 0.8138 0.2962
vn -0.8660 0.4924 0.0868
vn -0.3420 0.8830 0.3214
vn -0.7660 0.6330 0.1116
vn -0.9848 0.1736 -0.0000
vn -0.1736 0.9254 0.3368
vn -0.6428 0.7544 0.1330
vn -0.9397 0.3420 -0.0000
vn -0.5000 0.8529 0.1504
vn -0.8660 0.5000 -0.0000
vn -0.3420 0.9254 0.1632
vn -0.7660 0.6428 -0.0000
vn -0.9848 0.1710 -0.0302
vn -0.1736 0.9698 0.1710
vn -0.6428 0.7660 -0.0000
vn -0.9397 0.3368 -0.0594
vn -0.5000 0.8660 -0.0000
vn -0.8660 0.4924 -0.0868
vn -0.3420 0.9397 -0.0000
vn -0.7660 0.6330 -0.1116
vn -0.9848 0.1632 -0.0594
vn -0.1736 0.9848 -0.0000
vn -0.6428 0.7544 -0.1330
vn -0.9397 0.3214 -0.1170
vn -0.5000 0.8529 -0.1504
vn -0.8660 0.4698 -0.1710
vn -0.3420 0.9254 -0.1632
vn -0.7660 0.6040 -0.2198
vn -0.9848 0.1504 -0.0868
vn -0.1736 0.9698 -0.1710
vn -0.6428 0.7198 -0.2620
vn -0.9397 0.2962 -0.1710
vn -0.5000 0.8138 -0.2962
vn -0.8660 0.4330 -0.2500
vn -0.3420 0.8830 -0.3214
vn -0.7660 0.5567 -0.3214
vn -0.9848 0.1330 -0.1116
vn -0.1736 0.9254 -0.3368
vn -0.6428 0.6634 -0.3830
vn -0.9397 0.2620 -0.2198
vn -0.5000 0.7500 -0.4330
vn -0.8660 0.3830 -0.3214
vn -0.3420 0.8138 -0.4698
vn -0.7660 0.4924 -0.4132
vn -0.9848 0.1116 -0.1330
vn -0.1736 0.8529 -0.4924
vn -0.6428 0.5868 -0.4924
vn -0.9397 0.2198 -0.2620
vn -0.5000 0.6634 -0.5567
vn -0.8660 0.3214 -0.3830
vn -0.3420 0.7198 -0.6040
vn -0.7660 0.4132 -0.4924
vn -0.9848 0.0868 -0.1504
vn -0.1736 0.7544 -0.6330
vn -0.6428 0.4924 -0.5868
vn -0.9397 0.1710 -0.2962
vn -0.5000 0.5567 -0.6634
vn -0.8660 0.2500 -0.4330
vn -0.3420 0.6040 -0.7198
vn -0.7660 0.3214 -0.5567
vn -0.9848 0.0594 -0.1632
vn -0.1736 0.6330 -0.7544
vn -0.6428 0.3830 -0.6634
vn -0.9397 0.1170 -0.3214
vn -0.5000 0.4330 -0.7500
vn -0.8660 0.1710 -0.4698
vn -0.3420 0.4698 -0.8138
vn -0.7660 0.2198 -0.6040
vn -0.9848 0.0302 -0.1710
vn -0.1736 0.4924 -0.8529
vn -0.6428 0.2620 -0.7198
vn -0.9397 0.0594 -0.3368
vn -0.5000 0.2962 -0.8138
vn -0.8660 0.0868 -0.4924
vn -0.3420 0.3214 -0.8830
vn -0.7660 0.1116 -0.6330
vn -0.9848 0.0000 -0.1736
vn -0.1736 0.3368 -0.9254
vn -0.6428 0.1330 -0.7544
vn -0.9397 0.0000 -0.3420
vn -0.5000 0.1504 -0.8529
vn -0.8660 0.0000 -0.5000
vn -0.3420 0.1632 -0.9254
vn -0.7660 0.0000 -0.6428
vn -0.9848 -0.0302 -0.1710
vn -0.1736 0.1710 -0.9698
vn -0.6428 0.0000 -0.7660
vn -0.9397 -0.0594 -0.3368
vn -0.5000 0.0000 -0.8660
vn -0.8660 -0.0868 -0.4924
vn -0.3420 0.0000 -0.9397
vn -0.7660 -0.1116 -0.6330
vn -0.9848 -0.0594 -0.1632
vn -0.1736 0.0000 -0.9848
vn -0.6428 -0.1330 -0.7544
vn -0.9397 -0.1170 -0.3214
vn -0.5000 -0.1504 -0.8529
vn -0.8660 -0.1710 -0.4698
vn -0.3420 -0.1632 -0.9254
vn -0.7660 -0.2198 -0.6040
vn -0.9848 -0.0868 -0.1504
vn -0.1736 -0.1710 -0.9698
vn -0.6428 -0.2620 -0.7198
vn -0.9397 -0.1710 -0.2962
vn -0.5000 -0.2962 -0.8138
vn -0.8660 -0.2500 -0.4330
vn -0.3420 -0.3214 -0.8830
vn -0.7660 -0.3214 -0.5567
vn -0.9848 -0.1116 -0.1330
vn -0.1736 -0.3368 -0.9254
vn -0.6428 -0.3830 -0.6634
vn -0.9397 -0.2198 -0.2620
vn -0.5000 -0.4330 -0.7500
vn -0.8660 -0.3214 -0.3830
vn -0.3420 -0.4698 -0.8138
vn -0.7660 -0.4132 -0.4924
vn -0.9848 -0.1330 -0.1116
vn -0.1736 -0.4924 -0.8529
vn -0.6428 -0.4924 -0.5868
vn -0.9397 -0.2620 -0.2198
vn -0.5000 -0.5567 -0.6634
vn -0.8660 -0.3830 -0.3214
vn -0.3420 -0.6040 -0.7198
vn -0.7660 -0.4924 -0.4132
vn -0.9848 -0.1504 -0.0868
vn -0.1736 -0.6330 -0.7544
vn -0.6428 -0.5868 -0.4924
vn -0.9397 -0.2962 -0.1710
vn -0.5000 -0.6634 -0.5567
vn -0.8660 -0.4330 -0.2500
vn -0.3420 -0.7198 -0.6040
vn -0.7660 -0.5567 -0.3214
vn -0.9848 -0.1632 -0.0594
vn -0.1736 -0.7544 -0.6330
vn -0.6428 -0.6634 -0.3830
vn -0.9397 -0.3214 -0.1170
vn -0.5000 -0.7500 -0.4330
vn -0.8660 -0.4698 -0.1710
vn -0.3420 -0.8138 -0.4698
vn -0.7660 -0.6040 -0.2198
vn -0.9848 -0.1710 -0.0302
vn -0.1736 -0.8529 -0.4924
vn -0.6428 -0.7198 -0.2620
vn -0.9397 -0.3368 -0.0594
vn -0.5000 -0.8138 -0.2962
vn -0.8660 -0.4924 -0.0868
vn -0.3420 -0.8830 -0.3214
vn -0.7660 -0.6330 -0.1116
vn -0.1736 -0.9254 -0.3368
vn -0.6428 -0.7544 -0.1330
vn -0.5000 -0.8529 -0.1504
vn -0.3420 -0.9254 -0.1632
vn -0.1736 -0.9698 -0.1710
vn -0.9848 -0.1736 -0.0000
vn -0.9397 -0.3420 -0.0000
vn -0.8660 -0.5000 -0.0000
vn -0.7660 -0.6428 -0.0000
vn -0.6428 -0.7660 -0.0000
vn -0.5000 -0.8660 -0.0000
vn -0.3420 -0.9397 -0.0000
vn -0.1736 -0.9848 -0.0000
vn -0.0000 -1.0000 -0.0000
vn -0.0000 -0.9848 0.1736
vn -0.0000 -0.9397 0.3420
vn -0.0000 -0.8660 0.5000
vn -0.0000 -0.7660 0.6428
vn -0.0000 -0.6428 0.7660
vn -0.0000 -0.5000 0.8660
vn -0.0000 -0.3420 0.9397
vn -0.0000 -0.1736 0.9848
vn -0.0000 0.0000 1.0000
vn 0.0000 0.1736 0.9848
vn 0.0000 0.3420 0.9397
vn 0.0000 0.5000 0.8660
vn 0.0000 0.6428 0.7660
vn 0.0000 0.7660 0.6428
vn 0.0000 0.8660 0.5000
vn 0.0000 0.9397 0.3420
vn 0.0000 0.9848 0.1736
vn 0.0000 1.0000 0.0000
vn 0.0000 0.9848 -0.1736
vn 0.0000 0.9397 -0.3420
vn 0.0000 0.8660 -0.5000
vn 0.0000 0.7660 -0.6428
vn 0.0000 0.6428 -0.7660
vn 0.0000 0.5000 -0.8660
vn 0.0000 0.3420 -0.9397
vn 0.0000 0.1736 -0.9848
vn 0.0000 -0.0000 -1.0000
vn -0.0000 -0.1736 -0.9848
vn -0.0000 -0.3420 -0.9397
vn -0.0000 -0.5000 -0.8660
vn -0.0000 -0.6428 -0.7660
vn -0.0000 -0.7660 -0.6428
vn -0.0000 -0.8660 -0.5000
vn -0.0000 -0.9397 -0.3420
vn -0.0000 -0.9848 -0.1736
vn -0.9848 -0.1710 0.0302
vn -0.9397 -0.3368 0.0594
vn -0.8660 -0.4924 0.0868
vn -0.7660 -0.6330 0.1116
vn -0.9848 -0.1632 0.0594
vn -0.6428 -0.7544 0.1330
vn -0.9397 -0.3214 0.1170
vn -0.5000 -0.8529 0.1504
vn -0.8660 -0.4698 0.1710
vn -0.3420 -0.9254 0.1632
vn -0.7660 -0.6040 0.2198
vn -0.9848 -0.1504 0.0868
vn -0.1736 -0.9698 0.1710
vn -0.6428 -0.7198 0.2620
vn -0.9397 -0.2962 0.1710
vn -0.5000 -0.8138 0.2962
vn -0.8660 -0.4330 0.2500
vn -0.3420 -0.8830 0.3214
vn -0.7660 -0.5567 0.3214
vn -0.9848 -0.1330 0.1116
vn -0.1736 -0.9254 0.3368
vn -0.6428 -0.6634 0.3830
vn -0.9397 -0.2620 0.2198
vn -0.5000 -0.7500 0.4330
vn -0.8660 -0.3830 0.3214
vn -0.3420 -0.8138 0.4698
vn -0.7660 -0.4924 0.4132
vn -0.9848 -0.1116 0.1330
vn -0.1736 -0.8529 0.4924
vn -0.6428 -0.5868 0.4924
vn -0.9397 -0.2198 0.2620
vn -0.5000 -0.6634 0.5567
vn -0.8660 -0.3214 0.3830
vn -0.3420 -0.7198 0.6040
vn -0.7660 -0.4132 0.4924
vn -0.9848 -0.0868 0.1504
vn -0.1736 -0.7544 0.6330
vn -0.6428 -0.4924 0.5868
vn -0.9397 -0.1710 0.2962
vn -0.5000 -0.5567 0.6634
vn -0.8660 -0.2500 0.4330
vn -0.3420 -0.6040 0.7198
vn -0.7660 -0.3214 0.5567
vn -0.9848 -0.0594 0.1632
vn -0.1736 -0.6330 0.7544
vn -0.6428 -0.3830 0.6634
vn -0.9397 -0.1170 0.3214
vn -0.5000 -0.4330 0.7500
vn -0.8660 -0.1710 0.4698
vn -0.3420 -0.4698 0.8138
vn -0.7660 -0.2198 0.6040
vn -0.9848 -0.0302 0.1710
vn -0.1736 -0.4924 0.8529
vn -0.6428 -0.2620 0.7198
vn -0.9397 -0.0594 0.3368
vn -0.5000 -0.2962 0.8138
vn -0.8660 -0.0868 0.4924
vn -0.3420 -0.3214 0.8830
vn -0.7660 -0.1116 0.6330
vn -0.9848 0.0000 0.1736
vn -0.1736 -0.3368 0.9254
vn -0.6428 -0.1330 0.7544
vn -0.9397 0.0000 0.3420
vn -0.5000 -0.1504 0.8529
vn -0.8660 0.0000 0.5000
vn -0.3420 -0.1632 0.9254
vn -0.7660 0.0000 0.6428
vn -0.9848 0.0302 0.1710
vn -0.1736 -0.1710 0.9698
vn -0.6428 0.0000 0.7660
vn -0.9397 0.0594 0.3368
vn -0.5000 0.0000 0.8660
vn -0.8660 0.0868 0.4924
vn -0.3420 0.0000 0.9397
vn -0.7660 0.1116 0.6330
vn -0.9848 0.0594 0.1632
vn -0.1736 0.0000 0.9848
vn -0.6428 0.1330 0.7544
vn -0.9397 0.1170 0.3214
vn -0.5000 0.1504 0.8529
vn -0.8660 0.1710 0.4698
vn -0.3420 0.1632 0.9254
vn -0.7660 0.2198 0.6040
vn -0.9848 0.0868 0.1504
vn -0.1736 0.1710 0.9698
vn -0.6428 0.2620 0.7198
vn -0.9397 0.1710 0.2962
vn -0.5000 0.2962 0.8138
vn -0.8660 0.2500 0.4330
vn -0.3420 0.3214 0.8830
vn -0.7660 0.3214 0.5567
vn -0.9848 0.1116 0.1330
vn -0.1736 0.3368 0.9254
vn -0.6428 0.3830 0.6634
vn -0.9397 0.2198 0.2620
vn -0.5000 0.4330 0.7500
vn -0.8660 0.3214 0.3830
vn -0.3420 0.4698 0.8138
vn -0.7660 0.4132 0.4924
vn -0.9848 0.1330 0.1116
vn -0.1736 0.4924 0.8529
vn -0.6428 0.4924 0.5868
vn -0.9397 0.2620 0.2198
vn -0.5000 0.5567 0.6634
vn -0.8660 0.3830 0.3214
vn -0.3420 0.6040 0.7198
vn -0.7660 0.4924 0.4132
vn -0.9848 0.1504 0.0868
vn -0.1736 0.6330 0.7544
vn -0.6428 0.5868 0.4924
vn -0.9397 0.2962 0.1710
vn -0.5000 0.6634 0.5567
vn -0.8660 0.4330 0.2500
vn -0.3420 0.7198 0.6040
vn -0.7660 0.5567 0.3214
vn -0.9848 0.1632 0.0594
vn -0.1736 0.7544 0.6330
vn -0.6428 0.6634 0.3830
vn -0.9397 0.3214 0.1170
vn -0.5000 0.7500 0.4330
vn -0.8660 0.4698 0.1710
vn -0.3420 0.8138 0.4698
vn -0.7660 0.6040 0.2198
vn -0.9848 0.1710 0.0302
vn -0.1736 0.8529 0.4924
vn -0.6428 0.7198 0.2620
vn -0.9397 0.3368 0.0594
vn -0.5000 0.8138 0.2962
vn -0.8660 0.4924 0.0868
vn -0.3420 0.8830 0.3214
vn -0.7660 0.6330 0.1116
vn -0.9848 0.1736 -0.0000
vn -0.1736 0.9254 0.3368
vn -0.6428 0.7544 0.1330
vn -0.9397 0.3420 -0.0000
vn -0.5000 0.8529 0.1504
vn -0.8660 0.5000 -0.0000
vn -0.3420 0.9254 0.1632
vn -0.7660 0.6428 -0.0000
vn -0.9848 0.1710 -0.0302
vn -0.1736 0.9698 0.1710
vn -0.6428 0.7660 -0.0000
vn -0.9397 0.3368 -0.0594
vn -0.5000 0.8660 -0.0000
vn -0.8660 0.4924 -0.0868
vn -0.3420 0.9397 -0.0000
vn -0.7660 0.6330 -0.1116
vn -0.9848 0.1632 -0.0594
vn -0.1736 0.9848 -0.0000
vn -0.6428 0.7544 -0.1330
vn -0.9397 0.3214 -0.1170
vn -0.5000 0.8529 -0.1504
vn -0.8660 0.4698 -0.1710
vn -0.3420 0.9254 -0.1632
vn -0.7660 0.6040 -0.2198
vn -0.9848 0.1504 -0.0868
vn -0.1736 0.9698 -0.1710
vn -0.6428 0.7198 -0.2620
vn -0.9397 0.2962 -0.1710
vn -0.5000 0.8138 -0.2962
vn -0.8660 0.4330 -0.2500
vn -0.3420 0.8830 -0.3214
vn -0.7660 0.5567 -0.3214
vn -0.9848 0.1330 -0.1116
vn -0.1736 0.9254 -0.3368
vn -0.6428 0.6634 -0.3830
vn -0.9397 0.2620 -0.2198
vn -0.5000 0.7500 -0.4330
vn -0.8660 0.3830 -0.3214
vn -0.3420 0.8138 -0.4698
vn -0.7660 0.4924 -0.4132
vn -0.9848 0.1116 -0.1330
vn -0.1736 0.8529 -0.4924
vn -0.6428 0.5868 -0.4924
vn -0.9397 0.2198 -0.2620
vn -0.5000 0.6634 -0.5567
vn -0.8660 0.3214 -0.3830
vn -0.3420 0.7198 -0.6040
vn -0.7660 0.4132 -0.4924
vn -0.9848 0.0868 -0.1504
vn -0.1736 0.7544 -0.6330
vn -0.6428 0.4924 -0.5868
vn -0.9397 0.1710 -0.2962
vn -0.5000 0.5567 -0.6634
vn -0.8660 0.2500 -0.4330
vn -0.3420 0.6040 -0.7198
vn -0.7660 0.3214 -0.5567
vn -0.9848 0.0594 -0.1632
vn -0.1736 0.6330 -0.7544
vn -0.6428 0.3830 -0.6634
vn -0.9397 0.1170 -0.3214
vn -0.5000 0.4330 -0.7500
vn -0.8660 0.1710 -0.4698
vn -0.3420 0.4698 -0.8138
vn -0.7660 0.2198 -0.6040
vn -0.9848 0.0302 -0.1710
vn -0.1736 0.4924 -0.8529
vn -0.6428 0.2620 -0.7198
vn -0.9397 0.0594 -0.3368
vn -0.5000 0.2962 -0.8138
vn -0.8660 0.0868 -0.4924
vn -0.3420 0.3214 -0.8830
vn -0.7660 0.1116 -0.6330
vn -0.9848 0.0000 -0.1736
vn -0.1736 0.3368 -0.9254
vn -0.6428 0.1330 -0.7544
vn -0.9397 0.0000 -0.3420
vn -0.5000 0.1504 -0.8529
vn -0.8660 0.0000 -0.5000
vn -0.3420 0.1632 -0.9254
vn -0.7660 0.0000 -0.6428
vn -0.9848 -0.0302 -0.1710
vn -0.1736 0.1710 -0.9698
vn -0.6428 0.0000 -0.7660
vn -0.9397 -0.0594 -0.3368
vn -0.5000 0.0000 -0.8660
vn -0.8660 -0.0868 -0.4924
vn -0.3420 0.0000 -0.9397
vn -0.7660 -0.1116 -0.6330
vn -0.9848 -0.0594 -0.1632
vn -0.1736 0.0000 -0.9848
vn -0.6428 -0.1330 -0.7544
vn -0.9397 -0.1170 -0.3214
vn -0.5000 -0.1504 -0.8529
vn -0.8660 -0.1710 -0.4698
vn -0.3420 -0.1632 -0.9254
vn -0.7660 -0.2198 -0.6040
vn -0.9848 -0.0868 -0.1504
vn -0.1736 -0.1710 -0.9698
vn -0.6428 -0.2620 -0.7198
vn -0.9397 -0.1710 -0.2962
vn -0.5000 -0.2962 -0.8138
vn -0.8660 -0.2500 -0.4330
vn -0.3420 -0.3214 -0.8830
vn -0.7660 -0.3214 -0.5567
vn -0.9848 -0.1116 -0.1330
vn -0.1736 -0.3368 -0.9254
vn -0.6428 -0.3830 -0.6634
vn -0.9397 -0.2198 -0.2620
vn -0.5000 -0.4330 -0.7500
vn -0.8660 -0.3214 -0.3830
vn -0.3420 -0.4698 -0.8138
vn -0.7660 -0.4132 -0.4924
vn -0.9848 -0.1330 -0.1116
vn -0.1736 -0.4924 -0.8529
vn -0.6428 -0.4924 -0.5868
vn -0.9397 -0.2620 -0.2198
vn -0.5000 -0.5567 -0.6634
vn -0.8660 -0.3830 -0.3214
vn -0.3420 -0.6040 -0.7198
vn -0.7660 -0.4924 -0.4132
vn -0.9848 -0.1504 -0.0868
vn -0.1736 -0.6330 -0.7544
vn -0.6428 -0.5868 -0.4924
vn -0.9397 -0.2962 -0.1710
vn -0.5000 -0.6634 -0.5567
vn -0.8660 -0.4330 -0.2500
vn -0.3420 -0.7198 -0.6040
vn -0.7660 -0.5567 -0.3214
vn -0.9848 -0.1632 -0.0594
vn -0.1736 -0.7544 -0.6330
vn -0.6428 -0.6634 -0.3830
vn -0.9397 -0.3214 -0.1170
vn -0.5000 -0.7500 -0.4330
vn -0.8660 -0.4698 -0.1710
vn -0.3420 -0.8138 -0.4698
vn -0.7660 -0.6040 -0.2198
vn -0.9848 -0.1710 -0.0302
vn -0.1736 -0.8529 -0.4924
vn -0.6428 -0.7198 -0.2620
vn -0.9397 -0.3368 -0.0594
vn -0.5000 -0.8138 -0.2962
vn -0.8660 -0.4924 -0.0868
vn -0.3420 -0.8830 -0.3214
vn -0.7660 -0.6330 -0.1116
vn -0.1736 -0.9254 -0.3368
vn -0.6428 -0.7544 -0.1330
vn -0.5000 -0.8529 -0.1504
vn -0.3420 -0.9254 -0.1632
vn -0.1736 -0.9698 -0.1710
vn 0.0000 0.9848 -0.1736
vn 0.0000 0.9397 -0.3420
vn 0.0000 0.8660 -0.5000
vn 0.0000 0.7660 -0.6428
vn 0.0000 0.6428 -0.7660
vn 0.0000 0.5000 -0.8660
vn 0.0000 0.3420 -0.9397
vn 0.0000 0.1736 -0.9848
vn 0.0000 0.9848 -0.1736
vn 0.0000 0.9397 -0.3420
vn 0.0000 0.8660 -0.5000
vn 0.0000 0.7660 -0.6428
vn 0.0000 0.6428 -0.7660
vn 0.0000 0.5000 -0.8660
vn 0.0000 0.3420 -0.9397
vn 0.0000 0.1736 -0.9848
vn 0.0249 0.9749 0.2211
vn 0.0735 0.9749 0.2100
vn 0.1184 0.9749 0.1884
vn 0.0965 0.9010 0.4230
vn 0.1573 0.9749 0.1573
vn 0.1883 0.9010 0.3909
vn 0.0698 0.7818 0.6196
vn 0.1884 0.9749 0.1184
vn 0.2705 0.9010 0.3392
vn 0.2059 0.7818 0.5885
vn 0.2100 0.9749 0.0735
vn 0.3392 0.9010 0.2705
vn 0.3317 0.7818 0.5279
vn 0.1740 0.6235 0.7622
vn 0.2211 0.9749 0.0249
vn 0.3909 0.9010 0.1883
vn 0.4409 0.7818 0.4409
vn 0.3392 0.6235 0.7044
vn 0.1009 0.4339 0.8953
vn 0.4230 0.9010 0.0965
vn 0.5279 0.7818 0.3317
vn 0.4875 0.6235 0.6113
vn 0.2976 0.4339 0.8504
vn 0.5885 0.7818 0.2059
vn 0.6113 0.6235 0.4875
vn 0.4793 0.4339 0.7629
vn 0.2169 0.2225 0.9505
vn 0.6196 0.7818 0.0698
vn 0.7044 0.6235 0.3392
vn 0.6371 0.4339 0.6371
vn 0.4230 0.2225 0.8784
vn 0.7622 0.6235 0.1740
vn 0.7629 0.4339 0.4793
vn 0.6079 0.2225 0.7622
vn 0.8504 0.4339 0.2976
vn 0.7622 0.2225 0.6079
vn 0.8953 0.4339 0.1009
vn 0.8784 0.2225 0.4230
vn 0.9505 0.2225 0.2169
vn -0.9749 0.0249 0.2211
vn -0.9749 0.0735 0.2100
vn -0.9749 0.1184 0.1884
vn -0.9010 0.0965 0.4230
vn -0.9749 0.1573 0.1573
vn -0.9010 0.1883 0.3909
vn -0.7818 0.0698 0.6196
vn -0.9749 0.1884 0.1184
vn -0.9010 0.2705 0.3392
vn -0.7818 0.2059 0.5885
vn -0.9749 0.2100 0.0735
vn -0.9010 0.3392 0.2705
vn -0.7818 0.3317 0.5279
vn -0.6235 0.1740 0.7622
vn -0.9749 0.2211 0.0249
vn -0.9010 0.3909 0.1883
vn -0.7818 0.4409 0.4409
vn -0.6235 0.3392 0.7044
vn -0.4339 0.1009 0.8953
vn -0.9010 0.4230 0.0965
vn -0.7818 0.5279 0.3317
vn -0.6235 0.4875 0.6113
vn -0.4339 0.2976 0.8504
vn -0.7818 0.5885 0.2059
vn -0.6235 0.6113 0.4875
vn -0.4339 0.4793 0.7629
vn -0.2225 0.2169 0.9505
vn -0.7818 0.6196 0.0698
vn -0.6235 0.7044 0.3392
vn -0.4339 0.6371 0.6371
vn -0.2225 0.4230 0.8784
vn -0.6235 0.7622 0.1740
vn -0.4339 0.7629 0.4793
vn -0.2225 0.6079 0.7622
vn -0.4339 0.8504 0.2976
vn -0.2225 0.7622 0.6079
vn -0.4339 0.8953 0.1009
vn -0.2225 0.8784 0.4230
vn -0.2225 0.9505 0.2169
vn 0.0249 0.9749 -0.2211
vn 0.0735 0.9749 -0.2100
vn 0.1184 0.9749 -0.1884
vn 0.0965 0.9010 -0.4230
vn 0.1573 0.9749 -0.1573
vn 0.1883 0.9010 -0.3909
vn 0.0698 0.7818 -0.6196
vn 0.1884 0.9749 -0.1184
vn 0.2705 0.9010 -0.3392
vn 0.2059 0.7818 -0.5885
vn 0.2100 0.9749 -0.0735
vn 0.3392 0.9010 -0.2705
vn 0.3317 0.7818 -0.5279
vn 0.1740 0.6235 -0.7622
vn 0.2211 0.9749 -0.0249
vn 0.3909 0.9010 -0.1883
vn 0.4409 0.7818 -0.4409
vn 0.3392 0.6235 -0.7044
vn 0.1009 0.4339 -0.8953
vn 0.4230 0.9010 -0.0965
vn 0.5279 0.7818 -0.3317
vn 0.4875 0.6235 -0.6113
vn 0.2976 0.4339 -0.8504
vn 0.5885 0.7818 -0.2059
vn 0.6113 0.6235 -0.4875
vn 0.4793 0.4339 -0.7629
vn 0.2169 0.2225 -0.9505
vn 0.6196 0.7818 -0.0698
vn 0.7044 0.6235 -0.3392
vn 0.6371 0.4339 -0.6371
vn 0.4230 0.2225 -0.8784
vn 0.7622 0.6235 -0.1740
vn 0.7629 0.4339 -0.4793
vn 0.6079 0.2225 -0.7622
vn 0.8504 0.4339 -0.2976
vn 0.7622 0.2225 -0.6079
vn 0.8953 0.4339 -0.1009
vn 0.8784 0.2225 -0.4230
vn 0.9505 0.2225 -0.2169
vn -0.2211 0.9749 -0.0249
vn -0.2100 0.9749 -0.0735
vn -0.1884 0.9749 -0.1184
vn -0.4230 0.9010 -0.0965
vn -0.1573 0.9749 -0.1573
vn -0.3909 0.9010 -0.1883
vn -0.6196 0.7818 -0.0698
vn -0.1184 0.9749 -0.1884
vn -0.3392 0.9010 -0.2705
vn -0.5885 0.7818 -0.2059
vn -0.0735 0.9749 -0.2100
vn -0.2705 0.9010 -0.3392
vn -0.5279 0.7818 -0.3317
vn -0.7622 0.6235 -0.1740
vn -0.0249 0.9749 -0.2211
vn -0.1883 0.9010 -0.3909
vn -0.4409 0.7818 -0.4409
vn -0.7044 0.6235 -0.3392
vn -0.8953 0.4339 -0.1009
vn -0.0965 0.9010 -0.4230
vn -0.3317 0.7818 -0.5279
vn -0.6113 0.6235 -0.4875
vn -0.8504 0.4339 -0.2976
vn -0.2059 0.7818 -0.5885
vn -0.4875 0.6235 -0.6113
vn -0.7629 0.4339 -0.4793
vn -0.9505 0.2225 -0.2169
vn -0.0698 0.7818 -0.6196
vn -0.3392 0.6235 -0.7044
vn -0.6371 0.4339 -0.6371
vn -0.8784 0.2225 -0.4230
vn -0.1740 0.6235 -0.7622
vn -0.4793 0.4339 -0.7629
vn -0.7622 0.2225 -0.6079
vn -0.2976 0.4339 -0.8504
vn -0.6079 0.2225 -0.7622
vn -0.1009 0.4339 -0.8953
vn -0.4230 0.2225 -0.8784
vn -0.2169 0.2225 -0.9505
f 2//2 3//3 1//1
f 2//2 4//4 3//3
f 15//15 2//2 1//1
f 15//15 1//1 5//5
f 16//16 5//5 6//6
f 16//16 15//15 5//5
f 17//17 6//6 7//7
f 17//17 7//7 8//8
f 17//17 16//16 6//6
f 18//18 17//17 8//8
f 19//19 8//8 9//9
f 19//19 18//18 8//8
f 20//20 9//9 10//10
f 20//20 19//19 9//9
f 21//21 10//10 11//11
f 21//21 20//20 10//10
f 22//22 11//11 12//12
f 22//22 21//21 11//11
f 14//14 12//12 13//13
f 14//14 22//22 12//12
f 40//40 31//31 1//1
f 40//40 1//1 3//3
f 39//39 30//30 31//31
f 39//39 31//31 40//40
f 38//38 29//29 30//30
f 38//38 30//30 39//39
f 37//37 28//28 29//29
f 37//37 29//29 38//38
f 36//36 27//27 28//28
f 36//36 28//28 37//37
f 35//35 26//26 27//27
f 35//35 27//27 36//36
f 34//34 24//24 25//25
f 34//34 25//25 26//26
f 34//34 26//26 35//35
f 33//33 24//24 34//34
f 32//32 23//23 24//24
f 32//32 24//24 33//33
f 51//51 2//2 49//49
f 51//51 4//4 2//2
f 52//52 49//49 48//48
f 52//52 51//51 49//49
f 53//53 48//48 47//47
f 53//53 52//52 48//48
f 54//54 47//47 46//46
f 54//54 53//53 47//47
f 55//55 46//46 45//45
f 55//55 54//54 46//46
f 56//56 45//45 44//44
f 56//56 55//55 45//45
f 57//57 43//43 42//42
f 57//57 44//44 43//43
f 57//57 56//56 44//44
f 58//58 57//57 42//42
f 50//50 42//42 41//41
f 50//50 58//58 42//42
f 4//4 59//59 3//3
f 76//76 60//60 59//59
f 76//76 59//59 4//4
f 75//75 61//61 60//60
f 75//75 60//60 76//76
f 74//74 62//62 61//61
f 74//74 61//61 75//75
f 73//73 63//63 62//62
f 73//73 62//62 74//74
f 72//72 64//64 63//63
f 72//72 63//63 73//73
f 71//71 64//64 72//72
f 70//70 65//65 64//64
f 70//70 66//66 65//65
f 70//70 64//64 71//71
f 69//69 67//67 66//66
f 69//69 66//66 70//70
f 68//68 67//67 69//69
f 5//5 1//1 31//31
f 13//13 12//12 84//84
f 85//85 24//24 23//23
f 85//85 25//25 24//24
f 86//86 85//85 23//23
f 87//87 86//86 23//23
f 88//88 26//26 25//25
f 88//88 25//25 85//85
f 88//88 85//85 86//86
f 89//89 87//87 23//23
f 90//90 88//88 86//86
f 90//90 86//86 87//87
f 91//91 27//27 26//26
f 91//91 28//28 27//27
f 91//91 26//26 88//88
f 92//92 89//89 23//23
f 93//93 90//90 87//87
f 93//93 87//87 89//89
f 94//94 91//91 88//88
f 94//94 88//88 90//90
f 95//95 92//92 23//23
f 96//96 89//89 92//92
f 96//96 93//93 89//89
f 97//97 90//90 93//93
f 97//97 94//94 90//90
f 98//98 29//29 28//28
f 98//98 91//91 94//94
f 98//98 28//28 91//91
f 99//99 23//23 77//77
f 99//99 77//77 78//78
f 99//99 95//95 23//23
f 100//100 92//92 95//95
f 100//100 96//96 92//92
f 101//101 93//93 96//96
f 101//101 97//97 93//93
f 102//102 94//94 97//97
f 102//102 98//98 94//94
f 103//103 30//30 29//29
f 103//103 29//29 98//98
f 104//104 78//78 79//79
f 104//104 99//99 78//78
f 104//104 95//95 99//99
f 104//104 100//100 95//95
f 105//105 96//96 100//100
f 105//105 101//101 96//96
f 106//106 102//102 97//97
f 106//106 97//97 101//101
f 107//107 98//98 102//102
f 107//107 103//103 98//98
f 108//108 100//100 104//104
f 108//108 105//105 100//100
f 109//109 101//101 105//105
f 109//109 106//106 101//101
f 110//110 102//102 106//106
f 110//110 107//107 102//102
f 111//111 31//31 30//30
f 111//111 6//6 5//5
f 111//111 103//103 107//107
f 111//111 5//5 31//31
f 111//111 30//30 103//103
f 112//112 79//79 80//80
f 112//112 80//80 81//81
f 112//112 104//104 79//79
f 112//112 108//108 104//104
f 113//113 109//109 105//105
f 113//113 105//105 108//108
f 114//114 106//106 109//109
f 114//114 110//110 106//106
f 115//115 7//7 6//6
f 115//115 107//107 110//110
f 115//115 6//6 111//111
f 115//115 111//111 107//107
f 116//116 81//81 82//82
f 116//116 112//112 81//81
f 116//116 108//108 112//112
f 116//116 113//113 108//108
f 117//117 114//114 109//109
f 117//117 109//109 113//113
f 118//118 8//8 7//7
f 118//118 110//110 114//114
f 118//118 115//115 110//110
f 118//118 7//7 115//115
f 119//119 113//113 116//116
f 119//119 117//117 113//113
f 120//120 9//9 8//8
f 120//120 10//10 9//9
f 120//120 8//8 118//118
f 120//120 118//118 114//114
f 120//120 114//114 117//117
f 121//121 82//82 83//83
f 121//121 116//116 82//82
f 121//121 119//119 116//116
f 122//122 11//11 10//10
f 122//122 10//10 120//120
f 122//122 117//117 119//119
f 122//122 120//120 117//117
f 123//123 83//83 84//84
f 123//123 12//12 11//11
f 123//123 11//11 122//122
f 123//123 121//121 83//83
f 123//123 119//119 121//121
f 123//123 122//122 119//119
f 123//123 84//84 12//12
f 15//15 49//49 2//2
f 14//14 131//131 22//22
f 132//132 41//41 42//42
f 132//132 42//42 43//43
f 133//133 41//41 132//132
f 134//134 41//41 133//133
f 135//135 43//43 44//44
f 135//135 132//132 43//43
f 135//135 133//133 132//132
f 136//136 41//41 134//134
f 137//137 133//133 135//135
f 137//137 134//134 133//133
f 138//138 44//44 45//45
f 138//138 45//45 46//46
f 138//138 135//135 44//44
f 139//139 41//41 136//136
f 140//140 134//134 137//137
f 140//140 136//136 134//134
f 141//141 135//135 138//138
f 141//141 137//137 135//135
f 142//142 41//41 139//139
f 143//143 139//139 136//136
f 143//143 136//136 140//140
f 144//144 140//140 137//137
f 144//144 137//137 141//141
f 145//145 46//46 47//47
f 145//145 141//141 138//138
f 145//145 138//138 46//46
f 146//146 124//124 41//41
f 146//146 125//125 124//124
f 146//146 41//41 142//142
f 147//147 142//142 139//139
f 147//147 139//139 143//143
f 148//148 143//143 140//140
f 148//148 140//140 144//144
f 149//149 144//144 141//141
f 149//149 141//141 145//145
f 150//150 47//47 48//48
f 150//150 145//145 47//47
f 151//151 126//126 125//125
f 151//151 125//125 146//146
f 151//151 146//146 142//142
f 151//151 142//142 147//147
f 152//152 147//147 143//143
f 152//152 143//143 148//148
f 153//153 144//144 149//149
f 153//153 148//148 144//144
f 154//154 149//149 145//145
f 154//154 145//145 150//150
f 155//155 151//151 147//147
f 155//155 147//147 152//152
f 156//156 152//152 148//148
f 156//156 148//148 153//153
f 157//157 153//153 149//149
f 157//157 149//149 154//154
f 158//158 48//48 49//49
f 158//158 15//15 16//16
f 158//158 154//154 150//150
f 158//158 49//49 15//15
f 158//158 150//150 48//48
f 159//159 127//127 126//126
f 159//159 128//128 127//127
f 159//159 126//126 151//151
f 159//159 151//151 155//155
f 160//160 152//152 156//156
f 160//160 155//155 152//152
f 161//161 156//156 153//153
f 161//161 153//153 157//157
f 162//162 16//16 17//17
f 162//162 157//157 154//154
f 162//162 158//158 16//16
f 162//162 154//154 158//158
f 163//163 129//129 128//128
f 163//163 128//128 159//159
f 163//163 159//159 155//155
f 163//163 155//155 160//160
f 164//164 156//156 161//161
f 164//164 160//160 156//156
f 165//165 17//17 18//18
f 165//165 161//161 157//157
f 165//165 157//157 162//162
f 165//165 162//162 17//17
f 166//166 163//163 160//160
f 166//166 160//160 164//164
f 167//167 18//18 19//19
f 167//167 19//19 20//20
f 167//167 165//165 18//18
f 167//167 161//161 165//165
f 167//167 164//164 161//161
f 168//168 130//130 129//129
f 168//168 129//129 163//163
f 168//168 163//163 166//166
f 169//169 20//20 21//21
f 169//169 167//167 20//20
f 169//169 166//166 164//164
f 169//169 164//164 167//167
f 170//170 131//131 130//130
f 170//170 21//21 22//22
f 170//170 169//169 21//21
f 170//170 130//130 168//168
f 170//170 168//168 166//166
f 170//170 166//166 169//169
f 170//170 22//22 131//131
f 172//172 14//14 13//13
f 171//171 14//14 172//172
f 197//197 198//198 23//23
f 199//199 23//23 198//198
f 196//196 197//197 23//23
f 200//200 23//23 199//199
f 195//195 196//196 23//23
f 201//201 23//23 200//200
f 194//194 195//195 23//23
f 202//202 23//23 201//201
f 193//193 194//194 23//23
f 203//203 23//23 202//202
f 204//204 23//23 203//203
f 205//205 23//23 204//204
f 32//32 193//193 23//23
f 32//32 181//181 182//182
f 32//32 182//182 183//183
f 32//32 183//183 184//184
f 32//32 184//184 185//185
f 32//32 185//185 186//186
f 32//32 186//186 187//187
f 32//32 187//187 188//188
f 32//32 188//188 189//189
f 32//32 189//189 190//190
f 32//32 190//190 191//191
f 32//32 191//191 192//192
f 32//32 192//192 193//193
f 233//233 234//234 206//206
f 233//233 206//206 207//207
f 233//233 207//207 208//208
f 235//235 173//173 23//23
f 235//235 23//23 205//205
f 235//235 206//206 234//234
f 235//235 205//205 206//206
f 232//232 233//233 208//208
f 236//236 173//173 235//235
f 231//231 208//208 209//209
f 231//231 209//209 210//210
f 231//231 232//232 208//208
f 230//230 231//231 210//210
f 237//237 173//173 236//236
f 229//229 230//230 210//210
f 229//229 210//210 175//175
f 238//238 173//173 237//237
f 239//239 173//173 238//238
f 228//228 175//175 176//176
f 228//228 229//229 175//175
f 227//227 176//176 177//177
f 227//227 177//177 178//178
f 227//227 228//228 176//176
f 240//240 173//173 239//239
f 241//241 173//173 240//240
f 226//226 227//227 178//178
f 242//242 173//173 241//241
f 225//225 178//178 179//179
f 225//225 226//226 178//178
f 243//243 173//173 242//242
f 224//224 179//179 180//180
f 224//224 180//180 181//181
f 224//224 225//225 179//179
f 244//244 173//173 243//243
f 223//223 224//224 181//181
f 245//245 173//173 244//244
f 246//246 173//173 245//245
f 211//211 173//173 246//246
f 174//174 173//173 211//211
f 174//174 181//181 32//32
f 174//174 211//211 212//212
f 174//174 212//212 213//213
f 174//174 213//213 214//214
f 174//174 214//214 215//215
f 174//174 215//215 216//216
f 174//174 216//216 217//217
f 174//174 217//217 218//218
f 174//174 218//218 219//219
f 174//174 219//219 220//220
f 174//174 220//220 221//221
f 174//174 221//221 222//222
f 174//174 222//222 223//223
f 174//174 223//223 181//181
f 59//59 40//40 3//3
f 67//67 254//254 66//66
f 255//255 32//32 33//33
f 255//255 33//33 34//34
f 256//256 32//32 255//255
f 257//257 32//32 256//256
f 258//258 34//34 35//35
f 258//258 255//255 34//34
f 258//258 256//256 255//255
f 259//259 32//32 257//257
f 260//260 256//256 258//258
f 260//260 257//257 256//256
f 261//261 35//35 36//36
f 261//261 36//36 37//37
f 261//261 258//258 35//35
f 262//262 32//32 259//259
f 263//263 257//257 260//260
f 263//263 259//259 257//257
f 264//264 258//258 261//261
f 264//264 260//260 258//258
f 265//265 32//32 262//262
f 266//266 262//262 259//259
f 266//266 259//259 263//263
f 267//267 263//263 260//260
f 267//267 260//260 264//264
f 268//268 37//37 38//38
f 268//268 264//264 261//261
f 268//268 261//261 37//37
f 269//269 247//247 32//32
f 269//269 248//248 247//247
f 269//269 32//32 265//265
f 270//270 265//265 262//262
f 270//270 262//262 266//266
f 271//271 266//266 263//263
f 271//271 263//263 267//267
f 272//272 267//267 264//264
f 272//272 264//264 268//268
f 273//273 38//38 39//39
f 273//273 268//268 38//38
f 274//274 249//249 248//248
f 274//274 248//248 269//269
f 274//274 269//269 265//265
f 274//274 265//265 270//270
f 275//275 270//270 266//266
f 275//275 266//266 271//271
f 276//276 267//267 272//272
f 276//276 271//271 267//267
f 277//277 272//272 268//268
f 277//277 268//268 273//273
f 278//278 274//274 270//270
f 278//278 270//270 275//275
f 279//279 275//275 271//271
f 279//279 271//271 276//276
f 280//280 276//276 272//272
f 280//280 272//272 277//277
f 281//281 39//39 40//40
f 281//281 59//59 60//60
f 281//281 277//277 273//273
f 281//281 40//40 59//59
f 281//281 273//273 39//39
f 282//282 250//250 249//249
f 282//282 251//251 250//250
f 282//282 249//249 274//274
f 282//282 274//274 278//278
f 283//283 275//275 279//279
f 283//283 278//278 275//275
f 284//284 279//279 276//276
f 284//284 276//276 280//280
f 285//285 60//60 61//61
f 285//285 280//280 277//277
f 285//285 281//281 60//60
f 285//285 277//277 281//281
f 286//286 252//252 251//251
f 286//286 251//251 282//282
f 286//286 282//282 278//278
f 286//286 278//278 283//283
f 287//287 279//279 284//284
f 287//287 283//283 279//279
f 288//288 61//61 62//62
f 288//288 284//284 280//280
f 288//288 280//280 285//285
f 288//288 285//285 61//61
f 289//289 286//286 283//283
f 289//289 283//283 287//287
f 290//290 62//62 63//63
f 290//290 63//63 64//64
f 290//290 288//288 62//62
f 290//290 284//284 288//288
f 290//290 287//287 284//284
f 291//291 253//253 252//252
f 291//291 252//252 286//286
f 291//291 286//286 289//289
f 292//292 64//64 65//65
f 292//292 290//290 64//64
f 292//292 289//289 287//287
f 292//292 287//287 290//290
f 293//293 254//254 253//253
f 293//293 65//65 66//66
f 293//293 292//292 65//65
f 293//293 253//253 291//291
f 293//293 291//291 289//289
f 293//293 289//289 292//292
f 293//293 66//66 254//254
f 318//318 41//41 319//319
f 320//320 319//319 41//41
f 317//317 41//41 318//318
f 321//321 320//320 41//41
f 316//316 41//41 317//317
f 322//322 321//321 41//41
f 315//315 41//41 316//316
f 323//323 322//322 41//41
f 314//314 41//41 315//315
f 324//324 323//323 41//41
f 325//325 324//324 41//41
f 326//326 325//325 41//41
f 50//50 41//41 314//314
f 50//50 303//303 302//302
f 50//50 304//304 303//303
f 50//50 305//305 304//304
f 50//50 306//306 305//305
f 50//50 307//307 306//306
f 50//50 308//308 307//307
f 50//50 309//309 308//308
f 50//50 310//310 309//309
f 50//50 311//311 310//310
f 50//50 312//312 311//311
f 50//50 313//313 312//312
f 50//50 314//314 313//313
f 354//354 327//327 355//355
f 354//354 328//328 327//327
f 354//354 329//329 328//328
f 356//356 41//41 294//294
f 356//356 326//326 41//41
f 356//356 355//355 327//327
f 356//356 327//327 326//326
f 353//353 329//329 354//354
f 357//357 356//356 294//294
f 352//352 330//330 329//329
f 352//352 331//331 330//330
f 352//352 329//329 353//353
f 351//351 331//331 352//352
f 358//358 357//357 294//294
f 350//350 331//331 351//351
f 350//350 296//296 331//331
f 359//359 358//358 294//294
f 360//360 359//359 294//294
f 349//349 297//297 296//296
f 349//349 296//296 350//350
f 348//348 298//298 297//297
f 348//348 299//299 298//298
f 348//348 297//297 349//349
f 361//361 360//360 294//294
f 362//362 361//361 294//294
f 347//347 299//299 348//348
f 363//363 362//362 294//294
f 346//346 300//300 299//299
f 346//346 299//299 347//347
f 364//364 363//363 294//294
f 345//345 301//301 300//300
f 345//345 302//302 301//301
f 345//345 300//300 346//346
f 365//365 364//364 294//294
f 344//344 302//302 345//345
f 366//366 365//365 294//294
f 367//367 366//366 294//294
f 332//332 367//367 294//294
f 295//295 332//332 294//294
f 295//295 50//50 302//302
f 295//295 333//333 332//332
f 295//295 334//334 333//333
f 295//295 335//335 334//334
f 295//295 336//336 335//335
f 295//295 337//337 336//336
f 295//295 338//338 337//337
f 295//295 339//339 338//338
f 295//295 340//340 339//339
f 295//295 341//341 340//340
f 295//295 342//342 341//341
f 295//295 343//343 342//342
f 295//295 344//344 343//343
f 295//295 302//302 344//344
f 51//51 76//76 4//4
f 50//50 375//375 58//58
f 376//376 68//68 69//69
f 376//376 69//69 70//70
f 377//377 68//68 376//376
f 378//378 68//68 377//377
f 379//379 70//70 71//71
f 379//379 376//376 70//70
f 379//379 377//377 376//376
f 380//380 68//68 378//378
f 381//381 377//377 379//379
f 381//381 378//378 377//377
f 382//382 71//71 72//72
f 382//382 72//72 73//73
f 382//382 379//379 71//71
f 383//383 68//68 380//380
f 384//384 378//378 381//381
f 384//384 380//380 378//378
f 385//385 379//379 382//382
f 385//385 381//381 379//379
f 386//386 68//68 383//383
f 387//387 383//383 380//380
f 387//387 380//380 384//384
f 388//388 384//384 381//381
f 388//388 381//381 385//385
f 389//389 73//73 74//74
f 389//389 385//385 382//382
f 389//389 382//382 73//73
f 390//390 368//368 68//68
f 390//390 369//369 368//368
f 390//390 68//68 386//386
f 391//391 386//386 383//383
f 391//391 383//383 387//387
f 392//392 387//387 384//384
f 392//392 384//384 388//388
f 393//393 388//388 385//385
f 393//393 385//385 389//389
f 394//394 74//74 75//75
f 394//394 389//389 74//74
f 395//395 370//370 369//369
f 395//395 369//369 390//390
f 395//395 390//390 386//386
f 395//395 386//386 391//391
f 396//396 391//391 387//387
f 396//396 387//387 392//392
f 397//397 388//388 393//393
f 397//397 392//392 388//388
f 398//398 393//393 389//389
f 398//398 389//389 394//394
f 399//399 395//395 391//391
f 399//399 391//391 396//396
f 400//400 396//396 392//392
f 400//400 392//392 397//397
f 401//401 397//397 393//393
f 401//401 393//393 398//398
f 402//402 75//75 76//76
f 402//402 51//51 52//52
f 402//402 398//398 394//394
f 402//402 76//76 51//51
f 402//402 394//394 75//75
f 403//403 371//371 370//370
f 403//403 372//372 371//371
f 403//403 370//370 395//395
f 403//403 395//395 399//399
f 404//404 396//396 400//400
f 404//404 399//399 396//396
f 405//405 400//400 397//397
f 405//405 397//397 401//401
f 406//406 52//52 53//53
f 406//406 401//401 398//398
f 406//406 402//402 52//52
f 406//406 398//398 402//402
f 407//407 373//373 372//372
f 407//407 372//372 403//403
f 407//407 403//403 399//399
f 407//407 399//399 404//404
f 408//408 400//400 405//405
f 408//408 404//404 400//400
f 409//409 53//53 54//54
f 409//409 405//405 401//401
f 409//409 401//401 406//406
f 409//409 406//406 53//53
f 410//410 407//407 404//404
f 410//410 404//404 408//408
f 411//411 54//54 55//55
f 411//411 55//55 56//56
f 411//411 409//409 54//54
f 411//411 405//405 409//409
f 411//411 408//408 405//405
f 412//412 374//374 373//373
f 412//412 373//373 407//407
f 412//412 407//407 410//410
f 413//413 56//56 57//57
f 413//413 411//411 56//56
f 413//413 410//410 408//408
f 413//413 408//408 411//411
f 414//414 375//375 374//374
f 414//414 57//57 58//58
f 414//414 413//413 57//57
f 414//414 374//374 412//412
f 414//414 412//412 410//410
f 414//414 410//410 413//413
f 414//414 58//58 375//375
f 416//416 67//67 68//68
f 415//415 416//416 68//68
f 417//417 13//13 84//84
f 417//417 172//172 13//13
f 418//418 84//84 83//83
f 418//418 417//417 84//84
f 419//419 83//83 82//82
f 419//419 418//418 83//83
f 420//420 82//82 81//81
f 420//420 419//419 82//82
f 421//421 81//81 80//80
f 421//421 420//420 81//81
f 422//422 80//80 79//79
f 422//422 421//421 80//80
f 423//423 79//79 78//78
f 423//423 422//422 79//79
f 424//424 78//78 77//77
f 424//424 423//423 78//78
f 173//173 77//77 23//23
f 173//173 424//424 77//77
f 432//432 130//130 131//131
f 432//432 131//131 14//14
f 432//432 14//14 171//171
f 431//431 130//130 432//432
f 430//430 129//129 130//130
f 430//430 130//130 431//431
f 429//429 128//128 129//129
f 429//429 129//129 430//430
f 428//428 126//126 127//127
f 428//428 127//127 128//128
f 428//428 128//128 429//429
f 427//427 126//126 428//428
f 426//426 125//125 126//126
f 426//426 126//126 427//427
f 425//425 124//124 125//125
f 425//425 125//125 426//426
f 294//294 41//41 124//124
f 294//294 124//124 425//425
f 443//443 172//172 441//441
f 443//443 171//171 172//172
f 444//444 441//441 440//440
f 444//444 443//443 441//441
f 445//445 440//440 439//439
f 445//445 444//444 440//440
f 446//446 439//439 438//438
f 446//446 445//445 439//439
f 447//447 438//438 437//437
f 447//447 446//446 438//438
f 448//448 437//437 436//436
f 448//448 447//447 437//437
f 449//449 436//436 435//435
f 449//449 448//448 436//436
f 450//450 435//435 434//434
f 450//450 449//449 435//435
f 451//451 434//434 433//433
f 451//451 450//450 434//434
f 442//442 451//451 433//433
f 452//452 254//254 67//67
f 452//452 67//67 416//416
f 453//453 253//253 254//254
f 453//453 254//254 452//452
f 454//454 252//252 253//253
f 454//454 253//253 453//453
f 455//455 251//251 252//252
f 455//455 252//252 454//454
f 456//456 250//250 251//251
f 456//456 251//251 455//455
f 457//457 249//249 250//250
f 457//457 250//250 456//456
f 458//458 248//248 249//249
f 458//458 249//249 457//457
f 459//459 247//247 248//248
f 459//459 248//248 458//458
f 174//174 32//32 247//247
f 174//174 247//247 459//459
f 476//476 467//467 173//173
f 476//476 173//173 174//174
f 475//475 466//466 467//467
f 475//475 467//467 476//476
f 474//474 465//465 466//466
f 474//474 466//466 475//475
f 473//473 464//464 465//465
f 473//473 465//465 474//474
f 472//472 463//463 464//464
f 472//472 464//464 473//473
f 471//471 462//462 463//463
f 471//471 463//463 472//472
f 470//470 460//460 461//461
f 470//470 461//461 462//462
f 470//470 462//462 471//471
f 469//469 460//460 470//470
f 468//468 433//433 460//460
f 468//468 460//460 469//469
f 485//485 484//484 520//520
f 521//521 175//175 477//477
f 521//521 176//176 175//175
f 522//522 477//477 478//478
f 522//522 521//521 477//477
f 523//523 478//478 479//479
f 523//523 522//522 478//478
f 524//524 479//479 480//480
f 524//524 523//523 479//479
f 525//525 177//177 176//176
f 525//525 176//176 521//521
f 526//526 480//480 481//481
f 526//526 524//524 480//480
f 527//527 521//521 522//522
f 527//527 525//525 521//521
f 528//528 481//481 482//482
f 528//528 526//526 481//481
f 529//529 527//527 522//522
f 529//529 522//522 523//523
f 530//530 482//482 483//483
f 530//530 528//528 482//482
f 531//531 529//529 523//523
f 531//531 523//523 524//524
f 532//532 178//178 177//177
f 532//532 177//177 525//525
f 533//533 483//483 484//484
f 533//533 484//484 485//485
f 533//533 530//530 483//483
f 533//533 485//485 486//486
f 534//534 531//531 524//524
f 534//534 524//524 526//526
f 535//535 532//532 525//525
f 535//535 525//525 527//527
f 536//536 534//534 526//526
f 536//536 526//526 528//528
f 537//537 527//527 529//529
f 537//537 535//535 527//527
f 538//538 528//528 530//530
f 538//538 536//536 528//528
f 539//539 537//537 529//529
f 539//539 529//529 531//531
f 540//540 179//179 178//178
f 540//540 178//178 532//532
f 541//541 533//533 486//486
f 541//541 530//530 533//533
f 541//541 538//538 530//530
f 541//541 486//486 487//487
f 541//541 487//487 488//488
f 542//542 539//539 531//531
f 542//542 531//531 534//534
f 543//543 532//532 535//535
f 543//543 540//540 532//532
f 544//544 534//534 536//536
f 544//544 542//542 534//534
f 545//545 535//535 537//537
f 545//545 543//543 535//535
f 546//546 544//544 536//536
f 546//546 536//536 538//538
f 547//547 537//537 539//539
f 547//547 545//545 537//537
f 548//548 179//179 540//540
f 548//548 180//180 179//179
f 549//549 541//541 488//488
f 549//549 546//546 538//538
f 549//549 538//538 541//541
f 550//550 539//539 542//542
f 550//550 547//547 539//539
f 551//551 540//540 543//543
f 551//551 548//548 540//540
f 552//552 550//550 542//542
f 552//552 542//542 544//544
f 553//553 551//551 543//543
f 553//553 543//543 545//545
f 554//554 552//552 544//544
f 554//554 544//544 546//546
f 555//555 545//545 547//547
f 555//555 553//553 545//545
f 556//556 181//181 180//180
f 556//556 180//180 548//548
f 557//557 549//549 488//488
f 557//557 546//546 549//549
f 557//557 554//554 546//546
f 557//557 488//488 489//489
f 558//558 547//547 550//550
f 558//558 555//555 547//547
f 559//559 548//548 551//551
f 559//559 556//556 548//548
f 560//560 550//550 552//552
f 560//560 558//558 550//550
f 561//561 551//551 553//553
f 561//561 559//559 551//551
f 562//562 560//560 552//552
f 562//562 552//552 554//554
f 563//563 553//553 555//555
f 563//563 561//561 553//553
f 564//564 182//182 181//181
f 564//564 181//181 556//556
f 565//565 489//489 490//490
f 565//565 554//554 557//557
f 565//565 557//557 489//489
f 565//565 562//562 554//554
f 566//566 563//563 555//555
f 566//566 555//555 558//558
f 566//566 558//558 560//560
f 567//567 556//556 559//559
f 567//567 564//564 556//556
f 568//568 566//566 560//560
f 568//568 560//560 562//562
f 569//569 567//567 559//559
f 569//569 559//559 561//561
f 570//570 568//568 562//562
f 571//571 561//561 563//563
f 571//571 569//569 561//561
f 572//572 183//183 182//182
f 572//572 182//182 564//564
f 573//573 562//562 565//565
f 573//573 570//570 562//562
f 573//573 490//490 491//491
f 573//573 565//565 490//490
f 574//574 571//571 563//563
f 574//574 563//563 566//566
f 575//575 564//564 567//567
f 575//575 567//567 569//569
f 575//575 572//572 564//564
f 576//576 566//566 568//568
f 576//576 574//574 566//566
f 577//577 575//575 569//569
f 577//577 569//569 571//571
f 578//578 568//568 570//570
f 578//578 576//576 568//568
f 578//578 570//570 573//573
f 579//579 577//577 571//571
f 579//579 571//571 574//574
f 580//580 184//184 183//183
f 580//580 183//183 572//572
f 581//581 573//573 491//491
f 581//581 578//578 573//573
f 581//581 491//491 492//492
f 582//582 579//579 574//574
f 583//583 580//580 572//572
f 583//583 572//572 575//575
f 584//584 582//582 574//574
f 584//584 574//574 576//576
f 585//585 575//575 577//577
f 585//585 583//583 575//575
f 586//586 576//576 578//578
f 586//586 584//584 576//576
f 586//586 578//578 581//581
f 587//587 577//577 579//579
f 587//587 585//585 577//577
f 588//588 185//185 184//184
f 588//588 184//184 580//580
f 589//589 581//581 492//492
f 589//589 492//492 493//493
f 589//589 586//586 581//581
f 590//590 579//579 582//582
f 590//590 587//587 579//579
f 591//591 580//580 583//583
f 591//591 588//588 580//580
f 592//592 582//582 584//584
f 592//592 590//590 582//582
f 593//593 583//583 585//585
f 593//593 591//591 583//583
f 594//594 584//584 586//586
f 594//594 592//592 584//584
f 595//595 585//585 587//587
f 595//595 593//593 585//585
f 596//596 186//186 185//185
f 596//596 185//185 588//588
f 596//596 588//588 591//591
f 597//597 493//493 494//494
f 597//597 589//589 493//493
f 597//597 586//586 589//589
f 597//597 594//594 586//586
f 598//598 595//595 587//587
f 598//598 587//587 590//590
f 599//599 596//596 591//591
f 600//600 598//598 590//590
f 600//600 590//590 592//592
f 601//601 599//599 591//591
f 601//601 591//591 593//593
f 601//601 593//593 595//595
f 602//602 600//600 592//592
f 602//602 592//592 594//594
f 602//602 594//594 597//597
f 603//603 601//601 595//595
f 603//603 595//595 598//598
f 604//604 187//187 186//186
f 604//604 186//186 596//596
f 605//605 602//602 597//597
f 605//605 494//494 495//495
f 605//605 597//597 494//494
f 606//606 603//603 598//598
f 607//607 604//604 596//596
f 607//607 596//596 599//599
f 608//608 606//606 598//598
f 608//608 600//600 602//602
f 608//608 598//598 600//600
f 609//609 601//601 603//603
f 609//609 599//599 601//601
f 609//609 607//607 599//599
f 610//610 608//608 602//602
f 611//611 609//609 603//603
f 612//612 188//188 187//187
f 612//612 187//187 604//604
f 612//612 604//604 607//607
f 613//613 610//610 602//602
f 613//613 602//602 605//605
f 613//613 605//605 495//495
f 613//613 495//495 496//496
f 614//614 603//603 606//606
f 614//614 611//611 603//603
f 615//615 612//612 607//607
f 616//616 606//606 608//608
f 616//616 608//608 610//610
f 616//616 614//614 606//606
f 617//617 615//615 607//607
f 617//617 609//609 611//611
f 617//617 607//607 609//609
f 618//618 616//616 610//610
f 619//619 617//617 611//611
f 620//620 189//189 188//188
f 620//620 188//188 612//612
f 621//621 610//610 613//613
f 621//621 618//618 610//610
f 621//621 613//613 496//496
f 621//621 496//496 497//497
f 622//622 611//611 614//614
f 622//622 619//619 611//611
f 623//623 620//620 612//612
f 623//623 612//612 615//615
f 624//624 614//614 616//616
f 624//624 616//616 618//618
f 624//624 622//622 614//614
f 625//625 615//615 617//617
f 625//625 623//623 615//615
f 626//626 624//624 618//618
f 626//626 618//618 621//621
f 627//627 617//617 619//619
f 627//627 625//625 617//617
f 628//628 190//190 189//189
f 628//628 189//189 620//620
f 628//628 620//620 623//623
f 629//629 497//497 498//498
f 629//629 621//621 497//497
f 629//629 626//626 621//621
f 630//630 619//619 622//622
f 630//630 627//627 619//619
f 631//631 628//628 623//623
f 632//632 622//622 624//624
f 632//632 630//630 622//622
f 633//633 631//631 623//623
f 633//633 623//623 625//625
f 634//634 632//632 624//624
f 634//634 624//624 626//626
f 635//635 633//633 625//625
f 635//635 625//625 627//627
f 636//636 191//191 190//190
f 636//636 190//190 628//628
f 637//637 634//634 626//626
f 637//637 498//498 499//499
f 637//637 629//629 498//498
f 637//637 626//626 629//629
f 638//638 627//627 630//630
f 638//638 635//635 627//627
f 639//639 628//628 631//631
f 639//639 636//636 628//628
f 639//639 631//631 633//633
f 640//640 630//630 632//632
f 640//640 638//638 630//630
f 641//641 639//639 633//633
f 642//642 632//632 634//634
f 642//642 634//634 637//637
f 642//642 640//640 632//632
f 643//643 641//641 633//633
f 643//643 633//633 635//635
f 643//643 635//635 638//638
f 644//644 192//192 191//191
f 644//644 191//191 636//636
f 645//645 642//642 637//637
f 645//645 637//637 499//499
f 645//645 499//499 500//500
f 646//646 638//638 640//640
f 646//646 643//643 638//638
f 647//647 636//636 639//639
f 647//647 644//644 636//636
f 648//648 646//646 640//640
f 649//649 639//639 641//641
f 649//649 641//641 643//643
f 649//649 647//647 639//639
f 650//650 640//640 642//642
f 650//650 648//648 640//640
f 651//651 649//649 643//643
f 651//651 643//643 646//646
f 652//652 192//192 644//644
f 652//652 193//193 192//192
f 652//652 194//194 193//193
f 653//653 650//650 642//642
f 653//653 645//645 500//500
f 653//653 500//500 501//501
f 653//653 642//642 645//645
f 654//654 651//651 646//646
f 655//655 644//644 647//647
f 655//655 647//647 649//649
f 655//655 652//652 644//644
f 656//656 646//646 648//648
f 656//656 648//648 650//650
f 656//656 654//654 646//646
f 657//657 655//655 649//649
f 658//658 656//656 650//650
f 659//659 649//649 651//651
f 659//659 657//657 649//649
f 660//660 194//194 652//652
f 661//661 650//650 653//653
f 661//661 658//658 650//650
f 661//661 653//653 501//501
f 661//661 501//501 502//502
f 661//661 502//502 503//503
f 662//662 651//651 654//654
f 662//662 659//659 651//651
f 663//663 652//652 655//655
f 663//663 660//660 652//652
f 664//664 654//654 656//656
f 664//664 662//662 654//654
f 665//665 655//655 657//657
f 665//665 663//663 655//655
f 666//666 664//664 656//656
f 666//666 656//656 658//658
f 667//667 657//657 659//659
f 667//667 665//665 657//657
f 668//668 195//195 194//194
f 668//668 196//196 195//195
f 668//668 194//194 660//660
f 669//669 666//666 658//658
f 669//669 658//658 661//661
f 669//669 661//661 503//503
f 670//670 667//667 659//659
f 670//670 659//659 662//662
f 671//671 660//660 663//663
f 671//671 668//668 660//660
f 672//672 670//670 662//662
f 672//672 662//662 664//664
f 673//673 663//663 665//665
f 673//673 671//671 663//663
f 674//674 672//672 664//664
f 674//674 664//664 666//666
f 674//674 666//666 669//669
f 675//675 673//673 665//665
f 675//675 665//665 667//667
f 676//676 197//197 196//196
f 676//676 196//196 668//668
f 677//677 669//669 503//503
f 677//677 674//674 669//669
f 677//677 503//503 504//504
f 677//677 504//504 505//505
f 678//678 675//675 667//667
f 678//678 667//667 670//670
f 679//679 668//668 671//671
f 679//679 676//676 668//668
f 679//679 671//671 673//673
f 680//680 678//678 670//670
f 680//680 670//670 672//672
f 680//680 672//672 674//674
f 681//681 679//679 673//673
f 682//682 680//680 674//674
f 683//683 681//681 673//673
f 683//683 673//673 675//675
f 684//684 197//197 676//676
f 685//685 677//677 505//505
f 685//685 674//674 677//677
f 685//685 682//682 674//674
f 686//686 675//675 678//678
f 686//686 683//683 675//675
f 687//687 679//679 681//681
f 687//687 684//684 676//676
f 687//687 676//676 679//679
f 688//688 678//678 680//680
f 688//688 686//686 678//678
f 689//689 681//681 683//683
f 689//689 687//687 681//681
f 690//690 680//680 682//682
f 690//690 688//688 680//680
f 691//691 689//689 683//683
f 692//692 198//198 197//197
f 692//692 197//197 684//684
f 693//693 685//685 505//505
f 693//693 682//682 685//685
f 693//693 690//690 682//682
f 693//693 505//505 506//506
f 694//694 691//691 683//683
f 694//694 683//683 686//686
f 695//695 692//692 684//684
f 695//695 684//684 687//687
f 696//696 686//686 688//688
f 696//696 688//688 690//690
f 696//696 694//694 686//686
f 697//697 695//695 687//687
f 697//697 687//687 689//689
f 697//697 689//689 691//691
f 698//698 696//696 690//690
f 699//699 697//697 691//691
f 700//700 199//199 198//198
f 700//700 198//198 692//692
f 701//701 698//698 690//690
f 701//701 506//506 507//507
f 701//701 690//690 693//693
f 701//701 693//693 506//506
f 702//702 691//691 694//694
f 702//702 699//699 691//691
f 703//703 700//700 692//692
f 703//703 692//692 695//695
f 703//703 695//695 697//697
f 704//704 696//696 698//698
f 704//704 702//702 694//694
f 704//704 694//694 696//696
f 705//705 703//703 697//697
f 706//706 704//704 698//698
f 706//706 698//698 701//701
f 707//707 705//705 697//697
f 707//707 697//697 699//699
f 708//708 200//200 199//199
f 708//708 199//199 700//700
f 709//709 706//706 701//701
f 709//709 507//507 508//508
f 709//709 508//508 509//509
f 709//709 701//701 507//507
f 710//710 699//699 702//702
f 710//710 707//707 699//699
f 711//711 700//700 703//703
f 711//711 708//708 700//700
f 712//712 710//710 702//702
f 712//712 702//702 704//704
f 713//713 705//705 707//707
f 713//713 703//703 705//705
f 713//713 711//711 703//703
f 714//714 704//704 706//706
f 714//714 712//712 704//704
f 715//715 713//713 707//707
f 716//716 200//200 708//708
f 716//716 201//201 200//200
f 717//717 706//706 709//709
f 717//717 709//709 509//509
f 717//717 714//714 706//706
f 718//718 707//707 710//710
f 718//718 715//715 707//707
f 719//719 708//708 711//711
f 719//719 711//711 713//713
f 719//719 716//716 708//708
f 720//720 710//710 712//712
f 720//720 712//712 714//714
f 720//720 718//718 710//710
f 721//721 719//719 713//713
f 722//722 714//714 717//717
f 722//722 720//720 714//714
f 723//723 713//713 715//715
f 723//723 715//715 718//718
f 723//723 721//721 713//713
f 724//724 202//202 201//201
f 724//724 201//201 716//716
f 725//725 717//717 509//509
f 725//725 722//722 717//717
f 725//725 509//509 510//510
f 726//726 723//723 718//718
f 727//727 716//716 719//719
f 727//727 724//724 716//716
f 728//728 718//718 720//720
f 728//728 726//726 718//718
f 729//729 719//719 721//721
f 729//729 727//727 719//719
f 730//730 720//720 722//722
f 730//730 728//728 720//720
f 731//731 721//721 723//723
f 731//731 729//729 721//721
f 732//732 202//202 724//724
f 732//732 203//203 202//202
f 732//732 204//204 203//203
f 733//733 510//510 511//511
f 733//733 722//722 725//725
f 733//733 725//725 510//510
f 733//733 730//730 722//722
f 734//734 731//731 723//723
f 734//734 723//723 726//726
f 735//735 724//724 727//727
f 735//735 732//732 724//724
f 736//736 734//734 726//726
f 736//736 726//726 728//728
f 737//737 735//735 727//727
f 737//737 727//727 729//729
f 738//738 736//736 728//728
f 738//738 728//728 730//730
f 739//739 729//729 731//731
f 739//739 737//737 729//729
f 740//740 204//204 732//732
f 741//741 738//738 730//730
f 741//741 511//511 512//512
f 741//741 733//733 511//511
f 741//741 730//730 733//733
f 742//742 739//739 731//731
f 742//742 731//731 734//734
f 743//743 732//732 735//735
f 743//743 740//740 732//732
f 743//743 735//735 737//737
f 744//744 736//736 738//738
f 744//744 742//742 734//734
f 744//744 734//734 736//736
f 745//745 743//743 737//737
f 746//746 744//744 738//738
f 747//747 737//737 739//739
f 747//747 739//739 742//742
f 747//747 745//745 737//737
f 748//748 204//204 740//740
f 748//748 205//205 204//204
f 748//748 206//206 205//205
f 749//749 738//738 741//741
f 749//749 741//741 512//512
f 749//749 746//746 738//738
f 749//749 512//512 513//513
f 750//750 747//747 742//742
f 751//751 740//740 743//743
f 751//751 743//743 745//745
f 751//751 748//748 740//740
f 752//752 742//742 744//744
f 752//752 750//750 742//742
f 753//753 751//751 745//745
f 754//754 744//744 746//746
f 754//754 752//752 744//744
f 755//755 745//745 747//747
f 755//755 747//747 750//750
f 755//755 753//753 745//745
f 756//756 206//206 748//748
f 757//757 746//746 749//749
f 757//757 749//749 513//513
f 757//757 754//754 746//746
f 757//757 513//513 514//514
f 758//758 755//755 750//750
f 759//759 748//748 751//751
f 759//759 756//756 748//748
f 760//760 758//758 750//750
f 760//760 750//750 752//752
f 760//760 752//752 754//754
f 761//761 759//759 751//751
f 761//761 751//751 753//753
f 762//762 760//760 754//754
f 763//763 753//753 755//755
f 763//763 761//761 753//753
f 764//764 207//207 206//206
f 764//764 206//206 756//756
f 765//765 754//754 757//757
f 765//765 757//757 514//514
f 765//765 514//514 515//515
f 765//765 762//762 754//754
f 766//766 755//755 758//758
f 766//766 763//763 755//755
f 767//767 759//759 761//761
f 767//767 756//756 759//759
f 767//767 764//764 756//756
f 768//768 766//766 758//758
f 768//768 758//758 760//760
f 769//769 767//767 761//761
f 770//770 762//762 765//765
f 770//770 768//768 760//760
f 770//770 760//760 762//762
f 771//771 769//769 761//761
f 771//771 761//761 763//763
f 772//772 208//208 207//207
f 772//772 209//209 208//208
f 772//772 207//207 764//764
f 773//773 765//765 515//515
f 773//773 770//770 765//765
f 773//773 515//515 516//516
f 774//774 771//771 763//763
f 774//774 763//763 766//766
f 775//775 772//772 764//764
f 775//775 764//764 767//767
f 776//776 766//766 768//768
f 776//776 774//774 766//766
f 777//777 767//767 769//769
f 777//777 775//775 767//767
f 777//777 769//769 771//771
f 778//778 768//768 770//770
f 778//778 776//776 768//768
f 779//779 777//777 771//771
f 780//780 209//209 772//772
f 781//781 770//770 773//773
f 781//781 773//773 516//516
f 781//781 778//778 770//770
f 781//781 516//516 517//517
f 782//782 771//771 774//774
f 782//782 779//779 771//771
f 783//783 772//772 775//775
f 783//783 780//780 772//772
f 784//784 774//774 776//776
f 784//784 776//776 778//778
f 784//784 782//782 774//774
f 785//785 775//775 777//777
f 785//785 783//783 775//775
f 786//786 784//784 778//778
f 787//787 777//777 779//779
f 787//787 785//785 777//777
f 788//788 209//209 780//780
f 788//788 210//210 209//209
f 788//788 175//175 210//210
f 788//788 477//477 175//175
f 788//788 478//478 477//477
f 789//789 786//786 778//778
f 789//789 778//778 781//781
f 789//789 781//781 517//517
f 789//789 517//517 518//518
f 790//790 779//779 782//782
f 790//790 787//787 779//779
f 791//791 780//780 783//783
f 791//791 788//788 780//780
f 791//791 783//783 785//785
f 791//791 478//478 788//788
f 792//792 782//782 784//784
f 792//792 790//790 782//782
f 793//793 479//479 478//478
f 793//793 480//480 479//479
f 793//793 478//478 791//791
f 793//793 791//791 785//785
f 794//794 784//784 786//786
f 794//794 792//792 784//784
f 795//795 480//480 793//793
f 795//795 785//785 787//787
f 795//795 793//793 785//785
f 796//796 786//786 789//789
f 796//796 789//789 518//518
f 796//796 794//794 786//786
f 796//796 518//518 519//519
f 797//797 481//481 480//480
f 797//797 795//795 787//787
f 797//797 482//482 481//481
f 797//797 787//787 790//790
f 797//797 480//480 795//795
f 798//798 790//790 792//792
f 798//798 482//482 797//797
f 798//798 792//792 794//794
f 798//798 797//797 790//790
f 799//799 798//798 794//794
f 799//799 483//483 482//482
f 799//799 484//484 483//483
f 799//799 482//482 798//798
f 800//800 484//484 799//799
f 800//800 520//520 484//484
f 800//800 799//799 794//794
f 800//800 519//519 520//520
f 800//800 794//794 796//796
f 800//800 796//796 519//519
f 809//809 808//808 844//844
f 845//845 211//211 801//801
f 845//845 212//212 211//211
f 846//846 801//801 802//802
f 846//846 845//845 801//801
f 847//847 802//802 803//803
f 847//847 846//846 802//802
f 848//848 803//803 804//804
f 848//848 847//847 803//803
f 849//849 213//213 212//212
f 849//849 212//212 845//845
f 850//850 804//804 805//805
f 850//850 848//848 804//804
f 851//851 845//845 846//846
f 851//851 849//849 845//845
f 852//852 805//805 806//806
f 852//852 850//850 805//805
f 853//853 851//851 846//846
f 853//853 846//846 847//847
f 854//854 806//806 807//807
f 854//854 852//852 806//806
f 855//855 853//853 847//847
f 855//855 847//847 848//848
f 856//856 214//214 213//213
f 856//856 213//213 849//849
f 857//857 807//807 808//808
f 857//857 808//808 809//809
f 857//857 854//854 807//807
f 857//857 809//809 810//810
f 858//858 855//855 848//848
f 858//858 848//848 850//850
f 859//859 856//856 849//849
f 859//859 849//849 851//851
f 860//860 858//858 850//850
f 860//860 850//850 852//852
f 861//861 851//851 853//853
f 861//861 859//859 851//851
f 862//862 852//852 854//854
f 862//862 860//860 852//852
f 863//863 853//853 855//855
f 863//863 861//861 853//853
f 864//864 215//215 214//214
f 864//864 214//214 856//856
f 865//865 857//857 810//810
f 865//865 854//854 857//857
f 865//865 862//862 854//854
f 865//865 810//810 811//811
f 866//866 863//863 855//855
f 866//866 855//855 858//858
f 867//867 864//864 856//856
f 867//867 856//856 859//859
f 868//868 858//858 860//860
f 868//868 866//866 858//858
f 869//869 859//859 861//861
f 869//869 867//867 859//859
f 870//870 868//868 860//860
f 870//870 860//860 862//862
f 871//871 869//869 861//861
f 871//871 861//861 863//863
f 872//872 216//216 215//215
f 872//872 215//215 864//864
f 873//873 865//865 811//811
f 873//873 870//870 862//862
f 873//873 811//811 812//812
f 873//873 862//862 865//865
f 874//874 871//871 863//863
f 874//874 863//863 866//866
f 875//875 864//864 867//867
f 875//875 872//872 864//864
f 876//876 866//866 868//868
f 876//876 874//874 866//866
f 877//877 875//875 867//867
f 877//877 867//867 869//869
f 878//878 868//868 870//870
f 878//878 876//876 868//868
f 879//879 869//869 871//871
f 879//879 877//877 869//869
f 880//880 217//217 216//216
f 880//880 216//216 872//872
f 881//881 870//870 873//873
f 881//881 873//873 812//812
f 881//881 812//812 813//813
f 881//881 878//878 870//870
f 882//882 879//879 871//871
f 882//882 871//871 874//874
f 883//883 872//872 875//875
f 883//883 880//880 872//872
f 884//884 874//874 876//876
f 884//884 882//882 874//874
f 885//885 875//875 877//877
f 885//885 883//883 875//875
f 886//886 876//876 878//878
f 886//886 884//884 876//876
f 887//887 877//877 879//879
f 887//887 885//885 877//877
f 888//888 218//218 217//217
f 888//888 217//217 880//880
f 888//888 880//880 883//883
f 889//889 813//813 814//814
f 889//889 881//881 813//813
f 889//889 878//878 881//881
f 889//889 886//886 878//878
f 890//890 887//887 879//879
f 890//890 879//879 882//882
f 891//891 888//888 883//883
f 892//892 890//890 882//882
f 892//892 882//882 884//884
f 893//893 885//885 887//887
f 893//893 891//891 883//883
f 893//893 883//883 885//885
f 894//894 892//892 884//884
f 894//894 884//884 886//886
f 895//895 893//893 887//887
f 896//896 219//219 218//218
f 896//896 218//218 888//888
f 897//897 889//889 814//814
f 897//897 886//886 889//889
f 897//897 894//894 886//886
f 897//897 814//814 815//815
f 898//898 895//895 887//887
f 898//898 887//887 890//890
f 899//899 888//888 891//891
f 899//899 891//891 893//893
f 899//899 896//896 888//888
f 900//900 890//890 892//892
f 900//900 898//898 890//890
f 901//901 899//899 893//893
f 902//902 892//892 894//894
f 902//902 900//900 892//892
f 903//903 901//901 893//893
f 903//903 893//893 895//895
f 904//904 220//220 219//219
f 904//904 219//219 896//896
f 905//905 894//894 897//897
f 905//905 897//897 815//815
f 905//905 902//902 894//894
f 905//905 815//815 816//816
f 906//906 898//898 900//900
f 906//906 895//895 898//898
f 906//906 903//903 895//895
f 907//907 904//904 896//896
f 907//907 896//896 899//899
f 908//908 906//906 900//900
f 909//909 899//899 901//901
f 909//909 901//901 903//903
f 909//909 907//907 899//899
f 910//910 900//900 902//902
f 910//910 908//908 900//900
f 911//911 903//903 906//906
f 911//911 909//909 903//903
f 912//912 221//221 220//220
f 912//912 220//220 904//904
f 912//912 904//904 907//907
f 913//913 902//902 905//905
f 913//913 905//905 816//816
f 913//913 816//816 817//817
f 913//913 910//910 902//902
f 914//914 911//911 906//906
f 915//915 912//912 907//907
f 916//916 906//906 908//908
f 916//916 914//914 906//906
f 917//917 915//915 907//907
f 917//917 907//907 909//909
f 918//918 908//908 910//910
f 918//918 910//910 913//913
f 918//918 916//916 908//908
f 919//919 909//909 911//911
f 919//919 917//917 909//909
f 920//920 222//222 221//221
f 920//920 223//223 222//222
f 920//920 221//221 912//912
f 920//920 912//912 915//915
f 921//921 817//817 818//818
f 921//921 913//913 817//817
f 921//921 918//918 913//913
f 922//922 919//919 911//911
f 922//922 911//911 914//914
f 922//922 914//914 916//916
f 923//923 920//920 915//915
f 924//924 922//922 916//916
f 925//925 923//923 915//915
f 925//925 915//915 917//917
f 926//926 924//924 916//916
f 926//926 916//916 918//918
f 927//927 925//925 917//917
f 927//927 917//917 919//919
f 928//928 223//223 920//920
f 929//929 918//918 921//921
f 929//929 818//818 819//819
f 929//929 926//926 918//918
f 929//929 921//921 818//818
f 930//930 927//927 919//919
f 930//930 919//919 922//922
f 931//931 928//928 920//920
f 931//931 920//920 923//923
f 932//932 930//930 922//922
f 932//932 922//922 924//924
f 933//933 931//931 923//923
f 933//933 923//923 925//925
f 934//934 924//924 926//926
f 934//934 932//932 924//924
f 935//935 933//933 925//925
f 935//935 925//925 927//927
f 936//936 223//223 928//928
f 936//936 224//224 223//223
f 937//937 926//926 929//929
f 937//937 934//934 926//926
f 937//937 929//929 819//819
f 937//937 819//819 820//820
f 938//938 927//927 930//930
f 938//938 935//935 927//927
f 939//939 936//936 928//928
f 939//939 928//928 931//931
f 940//940 930//930 932//932
f 940//940 938//938 930//930
f 941//941 939//939 931//931
f 941//941 931//931 933//933
f 942//942 932//932 934//934
f 942//942 940//940 932//932
f 943//943 935//935 938//938
f 943//943 941//941 933//933
f 943//943 933//933 935//935
f 944//944 225//225 224//224
f 944//944 224//224 936//936
f 945//945 934//934 937//937
f 945//945 937//937 820//820
f 945//945 942//942 934//934
f 945//945 820//820 821//821
f 946//946 943//943 938//938
f 947//947 936//936 939//939
f 947//947 944//944 936//936
f 948//948 938//938 940//940
f 948//948 946//946 938//938
f 949//949 939//939 941//941
f 949//949 947//947 939//939
f 950//950 940//940 942//942
f 950//950 942//942 945//945
f 950//950 948//948 940//940
f 951//951 941//941 943//943
f 951//951 949//949 941//941
f 952//952 226//226 225//225
f 952//952 225//225 944//944
f 953//953 821//821 822//822
f 953//953 945//945 821//821
f 953//953 950//950 945//945
f 954//954 943//943 946//946
f 954//954 951//951 943//943
f 955//955 952//952 944//944
f 955//955 944//944 947//947
f 956//956 946//946 948//948
f 956//956 954//954 946//946
f 957//957 947//947 949//949
f 957//957 955//955 947//947
f 958//958 948//948 950//950
f 958//958 956//956 948//948
f 959//959 957//957 949//949
f 959//959 949//949 951//951
f 960//960 227//227 226//226
f 960//960 226//226 952//952
f 960//960 952//952 955//955
f 961//961 958//958 950//950
f 961//961 822//822 823//823
f 961//961 953//953 822//822
f 961//961 950//950 953//953
f 962//962 954//954 956//956
f 962//962 959//959 951//951
f 962//962 951//951 954//954
f 963//963 960//960 955//955
f 964//964 962//962 956//956
f 965//965 955//955 957//957
f 965//965 963//963 955//955
f 966//966 964//964 956//956
f 966//966 956//956 958//958
f 967//967 957//957 959//959
f 967//967 965//965 957//957
f 968//968 228//228 227//227
f 968//968 229//229 228//228
f 968//968 227//227 960//960
f 969//969 958//958 961//961
f 969//969 961//961 823//823
f 969//969 966//966 958//958
f 969//969 823//823 824//824
f 970//970 959//959 962//962
f 970//970 967//967 959//959
f 971//971 968//968 960//960
f 971//971 960//960 963//963
f 972//972 962//962 964//964
f 972//972 970//970 962//962
f 973//973 971//971 963//963
f 973//973 963//963 965//965
f 974//974 964//964 966//966
f 974//974 972//972 964//964
f 975//975 965//965 967//967
f 975//975 973//973 965//965
f 976//976 229//229 968//968
f 977//977 974//974 966//966
f 977//977 966//966 969//969
f 977//977 969//969 824//824
f 977//977 824//824 825//825
f 978//978 967//967 970//970
f 978//978 975//975 967//967
f 979//979 968//968 971//971
f 979//979 971//971 973//973
f 979//979 976//976 968//968
f 980//980 970//970 972//972
f 980//980 978//978 970//970
f 981//981 979//979 973//973
f 982//982 980//980 972//972
f 982//982 972//972 974//974
f 983//983 981//981 973//973
f 983//983 973//973 975//975
f 983//983 975//975 978//978
f 984//984 230//230 229//229
f 984//984 231//231 230//230
f 984//984 229//229 976//976
f 985//985 974//974 977//977
f 985//985 977//977 825//825
f 985//985 825//825 826//826
f 985//985 826//826 827//827
f 985//985 982//982 974//974
f 986//986 983//983 978//978
f 987//987 976//976 979//979
f 987//987 984//984 976//976
f 988//988 978//978 980//980
f 988//988 986//986 978//978
f 989//989 979//979 981//981
f 989//989 987//987 979//979
f 990//990 980//980 982//982
f 990//990 988//988 980//980
f 991//991 981//981 983//983
f 991//991 989//989 981//981
f 992//992 231//231 984//984
f 993//993 990//990 982//982
f 993//993 985//985 827//827
f 993//993 982//982 985//985
f 994//994 991//991 983//983
f 994//994 983//983 986//986
f 995//995 992//992 984//984
f 995//995 984//984 987//987
f 996//996 994//994 986//986
f 996//996 986//986 988//988
f 997//997 987//987 989//989
f 997//997 995//995 987//987
f 998//998 988//988 990//990
f 998//998 996//996 988//988
f 999//999 989//989 991//991
f 999//999 997//997 989//989
f 1000//1000 231//231 992//992
f 1000//1000 232//232 231//231
f 1000//1000 233//233 232//232
f 1001//1001 990//990 993//993
f 1001//1001 993//993 827//827
f 1001//1001 998//998 990//990
f 1001//1001 827//827 828//828
f 1001//1001 828//828 829//829
f 1002//1002 991//991 994//994
f 1002//1002 999//999 991//991
f 1003//1003 992//992 995//995
f 1003//1003 995//995 997//997
f 1003//1003 1000//1000 992//992
f 1004//1004 994//994 996//996
f 1004//1004 996//996 998//998
f 1004//1004 1002//1002 994//994
f 1005//1005 1003//1003 997//997
f 1006//1006 1004//1004 998//998
f 1007//1007 1005//1005 997//997
f 1007//1007 997//997 999//999
f 1008//1008 233//233 1000//1000
f 1009//1009 998//998 1001//1001
f 1009//1009 1001//1001 829//829
f 1009//1009 1006//1006 998//998
f 1009//1009 829//829 830//830
f 1010//1010 999//999 1002//1002
f 1010//1010 1007//1007 999//999
f 1011//1011 1003//1003 1005//1005
f 1011//1011 1008//1008 1000//1000
f 1011//1011 1000//1000 1003//1003
f 1012//1012 1002//1002 1004//1004
f 1012//1012 1010//1010 1002//1002
f 1013//1013 1005//1005 1007//1007
f 1013//1013 1011//1011 1005//1005
f 1014//1014 1004//1004 1006//1006
f 1014//1014 1012//1012 1004//1004
f 1015//1015 1013//1013 1007//1007
f 1016//1016 234//234 233//233
f 1016//1016 235//235 234//234
f 1016//1016 233//233 1008//1008
f 1017//1017 1006//1006 1009//1009
f 1017//1017 1009//1009 830//830
f 1017//1017 1014//1014 1006//1006
f 1018//1018 1007//1007 1010//1010
f 1018//1018 1015//1015 1007//1007
f 1019//1019 1008//1008 1011//1011
f 1019//1019 1011//1011 1013//1013
f 1019//1019 1016//1016 1008//1008
f 1020//1020 1010//1010 1012//1012
f 1020//1020 1012//1012 1014//1014
f 1020//1020 1018//1018 1010//1010
f 1021//1021 1013//1013 1015//1015
f 1021//1021 1019//1019 1013//1013
f 1022//1022 1020//1020 1014//1014
f 1023//1023 1021//1021 1015//1015
f 1024//1024 235//235 1016//1016
f 1025//1025 1022//1022 1014//1014
f 1025//1025 830//830 831//831
f 1025//1025 1017//1017 830//830
f 1025//1025 1014//1014 1017//1017
f 1026//1026 1023//1023 1015//1015
f 1026//1026 1015//1015 1018//1018
f 1027//1027 1024//1024 1016//1016
f 1027//1027 1016//1016 1019//1019
f 1028//1028 1026//1026 1018//1018
f 1028//1028 1020//1020 1022//1022
f 1028//1028 1018//1018 1020//1020
f 1029//1029 1027//1027 1019//1019
f 1029//1029 1019//1019 1021//1021
f 1030//1030 1028//1028 1022//1022
f 1031//1031 1029//1029 1021//1021
f 1031//1031 1021//1021 1023//1023
f 1032//1032 236//236 235//235
f 1032//1032 237//237 236//236
f 1032//1032 235//235 1024//1024
f 1033//1033 1022//1022 1025//1025
f 1033//1033 1030//1030 1022//1022
f 1033//1033 831//831 832//832
f 1033//1033 1025//1025 831//831
f 1034//1034 1023//1023 1026//1026
f 1034//1034 1031//1031 1023//1023
f 1035//1035 1024//1024 1027//1027
f 1035//1035 1032//1032 1024//1024
f 1036//1036 1026//1026 1028//1028
f 1036//1036 1034//1034 1026//1026
f 1037//1037 1027//1027 1029//1029
f 1037//1037 1035//1035 1027//1027
f 1038//1038 1030//1030 1033//1033
f 1038//1038 1036//1036 1028//1028
f 1038//1038 1028//1028 1030//1030
f 1039//1039 1037//1037 1029//1029
f 1039//1039 1029//1029 1031//1031
f 1040//1040 237//237 1032//1032
f 1041//1041 1033//1033 832//832
f 1041//1041 1038//1038 1033//1033
f 1041//1041 832//832 833//833
f 1041//1041 833//833 834//834
f 1042//1042 1039//1039 1031//1031
f 1042//1042 1031//1031 1034//1034
f 1043//1043 1040//1040 1032//1032
f 1043//1043 1032//1032 1035//1035
f 1044//1044 1034//1034 1036//1036
f 1044//1044 1036//1036 1038//1038
f 1044//1044 1042//1042 1034//1034
f 1045//1045 1043//1043 1035//1035
f 1045//1045 1035//1035 1037//1037
f 1046//1046 1044//1044 1038//1038
f 1047//1047 1037//1037 1039//1039
f 1047//1047 1045//1045 1037//1037
f 1048//1048 238//238 237//237
f 1048//1048 237//237 1040//1040
f 1049//1049 1046//1046 1038//1038
f 1049//1049 1038//1038 1041//1041
f 1049//1049 1041//1041 834//834
f 1050//1050 1039//1039 1042//1042
f 1050//1050 1047//1047 1039//1039
f 1051//1051 1048//1048 1040//1040
f 1051//1051 1040//1040 1043//1043
f 1051//1051 1043//1043 1045//1045
f 1052//1052 1042//1042 1044//1044
f 1052//1052 1050//1050 1042//1042
f 1053//1053 1051//1051 1045//1045
f 1054//1054 1044//1044 1046//1046
f 1054//1054 1052//1052 1044//1044
f 1055//1055 1045//1045 1047//1047
f 1055//1055 1053//1053 1045//1045
f 1056//1056 238//238 1048//1048
f 1056//1056 239//239 238//238
f 1056//1056 240//240 239//239
f 1057//1057 1046//1046 1049//1049
f 1057//1057 1054//1054 1046//1046
f 1057//1057 834//834 835//835
f 1057//1057 1049//1049 834//834
f 1058//1058 1047//1047 1050//1050
f 1058//1058 1055//1055 1047//1047
f 1059//1059 1048//1048 1051//1051
f 1059//1059 1056//1056 1048//1048
f 1060//1060 1058//1058 1050//1050
f 1060//1060 1050//1050 1052//1052
f 1061//1061 1059//1059 1051//1051
f 1061//1061 1051//1051 1053//1053
f 1062//1062 1060//1060 1052//1052
f 1062//1062 1054//1054 1057//1057
f 1062//1062 1052//1052 1054//1054
f 1063//1063 1055//1055 1058//1058
f 1063//1063 1061//1061 1053//1053
f 1063//1063 1053//1053 1055//1055
f 1064//1064 240//240 1056//1056
f 1064//1064 241//241 240//240
f 1065//1065 1057//1057 835//835
f 1065//1065 835//835 836//836
f 1065//1065 1062//1062 1057//1057
f 1066//1066 1063//1063 1058//1058
f 1067//1067 1064//1064 1056//1056
f 1067//1067 1056//1056 1059//1059
f 1067//1067 1059//1059 1061//1061
f 1068//1068 1058//1058 1060//1060
f 1068//1068 1066//1066 1058//1058
f 1069//1069 1067//1067 1061//1061
f 1070//1070 1060//1060 1062//1062
f 1070//1070 1068//1068 1060//1060
f 1071//1071 1061//1061 1063//1063
f 1071//1071 1063//1063 1066//1066
f 1071//1071 1069//1069 1061//1061
f 1072//1072 241//241 1064//1064
f 1073//1073 1062//1062 1065//1065
f 1073//1073 1065//1065 836//836
f 1073//1073 1070//1070 1062//1062
f 1073//1073 836//836 837//837
f 1074//1074 1071//1071 1066//1066
f 1075//1075 1064//1064 1067//1067
f 1075//1075 1072//1072 1064//1064
f 1076//1076 1066//1066 1068//1068
f 1076//1076 1074//1074 1066//1066
f 1077//1077 1067//1067 1069//1069
f 1077//1077 1075//1075 1067//1067
f 1078//1078 1068//1068 1070//1070
f 1078//1078 1070//1070 1073//1073
f 1078//1078 1076//1076 1068//1068
f 1079//1079 1069//1069 1071//1071
f 1079//1079 1071//1071 1074//1074
f 1079//1079 1077//1077 1069//1069
f 1080//1080 241//241 1072//1072
f 1080//1080 242//242 241//241
f 1081//1081 1078//1078 1073//1073
f 1081//1081 1073//1073 837//837
f 1081//1081 837//837 838//838
f 1082//1082 1079//1079 1074//1074
f 1083//1083 1072//1072 1075//1075
f 1083//1083 1080//1080 1072//1072
f 1083//1083 1075//1075 1077//1077
f 1084//1084 1074//1074 1076//1076
f 1084//1084 1082//1082 1074//1074
f 1085//1085 1083//1083 1077//1077
f 1086//1086 1076//1076 1078//1078
f 1086//1086 1084//1084 1076//1076
f 1087//1087 1077//1077 1079//1079
f 1087//1087 1085//1085 1077//1077
f 1087//1087 1079//1079 1082//1082
f 1088//1088 243//243 242//242
f 1088//1088 242//242 1080//1080
f 1089//1089 1078//1078 1081//1081
f 1089//1089 1086//1086 1078//1078
f 1089//1089 1081//1081 838//838
f 1089//1089 838//838 839//839
f 1090//1090 1087//1087 1082//1082
f 1091//1091 1080//1080 1083//1083
f 1091//1091 1088//1088 1080//1080
f 1092//1092 1082//1082 1084//1084
f 1092//1092 1090//1090 1082//1082
f 1093//1093 1083//1083 1085//1085
f 1093//1093 1091//1091 1083//1083
f 1094//1094 1092//1092 1084//1084
f 1094//1094 1086//1086 1089//1089
f 1094//1094 1084//1084 1086//1086
f 1095//1095 1093//1093 1085//1085
f 1095//1095 1085//1085 1087//1087
f 1096//1096 244//244 243//243
f 1096//1096 245//245 244//244
f 1096//1096 243//243 1088//1088
f 1097//1097 1089//1089 839//839
f 1097//1097 1094//1094 1089//1089
f 1097//1097 839//839 840//840
f 1097//1097 840//840 841//841
f 1098//1098 1095//1095 1087//1087
f 1098//1098 1087//1087 1090//1090
f 1099//1099 1096//1096 1088//1088
f 1099//1099 1091//1091 1093//1093
f 1099//1099 1088//1088 1091//1091
f 1100//1100 1098//1098 1090//1090
f 1100//1100 1090//1090 1092//1092
f 1101//1101 1099//1099 1093//1093
f 1101//1101 1093//1093 1095//1095
f 1102//1102 1092//1092 1094//1094
f 1102//1102 1100//1100 1092//1092
f 1102//1102 1094//1094 1097//1097
f 1103//1103 1101//1101 1095//1095
f 1104//1104 245//245 1096//1096
f 1105//1105 1097//1097 841//841
f 1105//1105 1102//1102 1097//1097
f 1106//1106 1103//1103 1095//1095
f 1106//1106 1095//1095 1098//1098
f 1107//1107 1096//1096 1099//1099
f 1107//1107 1104//1104 1096//1096
f 1108//1108 1106//1106 1098//1098
f 1108//1108 1098//1098 1100//1100
f 1108//1108 1100//1100 1102//1102
f 1109//1109 1099//1099 1101//1101
f 1109//1109 1107//1107 1099//1099
f 1110//1110 1108//1108 1102//1102
f 1111//1111 1101//1101 1103//1103
f 1111//1111 1109//1109 1101//1101
f 1112//1112 246//246 245//245
f 1112//1112 245//245 1104//1104
f 1112//1112 211//211 246//246
f 1112//1112 801//801 211//211
f 1112//1112 802//802 801//801
f 1113//1113 1110//1110 1102//1102
f 1113//1113 1105//1105 841//841
f 1113//1113 1102//1102 1105//1105
f 1113//1113 841//841 842//842
f 1114//1114 1103//1103 1106//1106
f 1114//1114 1111//1111 1103//1103
f 1115//1115 1107//1107 1109//1109
f 1115//1115 1104//1104 1107//1107
f 1115//1115 802//802 1112//1112
f 1115//1115 1112//1112 1104//1104
f 1116//1116 1106//1106 1108//1108
f 1116//1116 1114//1114 1106//1106
f 1117//1117 803//803 802//802
f 1117//1117 804//804 803//803
f 1117//1117 1109//1109 1111//1111
f 1117//1117 802//802 1115//1115
f 1117//1117 1115//1115 1109//1109
f 1118//1118 1108//1108 1110//1110
f 1118//1118 1116//1116 1108//1108
f 1119//1119 1117//1117 1111//1111
f 1119//1119 804//804 1117//1117
f 1120//1120 1110//1110 1113//1113
f 1120//1120 1113//1113 842//842
f 1120//1120 1118//1118 1110//1110
f 1120//1120 842//842 843//843
f 1121//1121 805//805 804//804
f 1121//1121 806//806 805//805
f 1121//1121 1111//1111 1114//1114
f 1121//1121 1119//1119 1111//1111
f 1121//1121 804//804 1119//1119
f 1122//1122 1114//1114 1116//1116
f 1122//1122 806//806 1121//1121
f 1122//1122 1121//1121 1114//1114
f 1122//1122 1116//1116 1118//1118
f 1123//1123 1122//1122 1118//1118
f 1123//1123 807//807 806//806
f 1123//1123 808//808 807//807
f 1123//1123 806//806 1122//1122
f 1124//1124 1123//1123 1118//1118
f 1124//1124 808//808 1123//1123
f 1124//1124 844//844 808//808
f 1124//1124 843//843 844//844
f 1124//1124 1118//1118 1120//1120
f 1124//1124 1120//1120 843//843
f 1125//1125 375//375 50//50
f 1125//1125 50//50 295//295
f 1126//1126 374//374 375//375
f 1126//1126 375//375 1125//1125
f 1127//1127 373//373 374//374
f 1127//1127 374//374 1126//1126
f 1128//1128 372//372 373//373
f 1128//1128 373//373 1127//1127
f 1129//1129 371//371 372//372
f 1129//1129 372//372 1128//1128
f 1130//1130 370//370 371//371
f 1130//1130 371//371 1129//1129
f 1131//1131 369//369 370//370
f 1131//1131 370//370 1130//1130
f 1132//1132 368//368 369//369
f 1132//1132 369//369 1131//1131
f 415//415 68//68 368//368
f 415//415 368//368 1132//1132
f 295//295 294//294 1133//1133
f 1149//1149 1133//1133 1134//1134
f 1149//1149 295//295 1133//1133
f 1148//1148 1134//1134 1135//1135
f 1148//1148 1149//1149 1134//1134
f 1147//1147 1135//1135 1136//1136
f 1147//1147 1148//1148 1135//1135
f 1146//1146 1136//1136 1137//1137
f 1146//1146 1147//1147 1136//1136
f 1145//1145 1137//1137 1138//1138
f 1145//1145 1146//1146 1137//1137
f 1144//1144 1138//1138 1139//1139
f 1144//1144 1145//1145 1138//1138
f 1143//1143 1139//1139 1140//1140
f 1143//1143 1144//1144 1139//1139
f 1142//1142 1140//1140 442//442
f 1142//1142 1143//1143 1140//1140
f 1141//1141 1142//1142 442//442
f 1158//1158 1193//1193 1157//1157
f 1194//1194 1150//1150 296//296
f 1194//1194 296//296 297//297
f 1195//1195 1151//1151 1150//1150
f 1195//1195 1150//1150 1194//1194
f 1196//1196 1152//1152 1151//1151
f 1196//1196 1151//1151 1195//1195
f 1197//1197 1153//1153 1152//1152
f 1197//1197 1152//1152 1196//1196
f 1198//1198 297//297 298//298
f 1198//1198 1194//1194 297//297
f 1199//1199 1154//1154 1153//1153
f 1199//1199 1153//1153 1197//1197
f 1200//1200 1195//1195 1194//1194
f 1200//1200 1194//1194 1198//1198
f 1201//1201 1155//1155 1154//1154
f 1201//1201 1154//1154 1199//1199
f 1202//1202 1195//1195 1200//1200
f 1202//1202 1196//1196 1195//1195
f 1203//1203 1156//1156 1155//1155
f 1203//1203 1155//1155 1201//1201
f 1204//1204 1196//1196 1202//1202
f 1204//1204 1197//1197 1196//1196
f 1205//1205 298//298 299//299
f 1205//1205 1198//1198 298//298
f 1206//1206 1157//1157 1156//1156
f 1206//1206 1158//1158 1157//1157
f 1206//1206 1156//1156 1203//1203
f 1206//1206 1159//1159 1158//1158
f 1207//1207 1197//1197 1204//1204
f 1207//1207 1199//1199 1197//1197
f 1208//1208 1198//1198 1205//1205
f 1208//1208 1200//1200 1198//1198
f 1209//1209 1199//1199 1207//1207
f 1209//1209 1201//1201 1199//1199
f 1210//1210 1202//1202 1200//1200
f 1210//1210 1200//1200 1208//1208
f 1211//1211 1203//1203 1201//1201
f 1211//1211 1201//1201 1209//1209
f 1212//1212 1202//1202 1210//1210
f 1212//1212 1204//1204 1202//1202
f 1213//1213 299//299 300//300
f 1213//1213 1205//1205 299//299
f 1214//1214 1159//1159 1206//1206
f 1214//1214 1206//1206 1203//1203
f 1214//1214 1203//1203 1211//1211
f 1214//1214 1160//1160 1159//1159
f 1215//1215 1204//1204 1212//1212
f 1215//1215 1207//1207 1204//1204
f 1216//1216 1208//1208 1205//1205
f 1216//1216 1205//1205 1213//1213
f 1217//1217 1209//1209 1207//1207
f 1217//1217 1207//1207 1215//1215
f 1218//1218 1210//1210 1208//1208
f 1218//1218 1208//1208 1216//1216
f 1219//1219 1211//1211 1209//1209
f 1219//1219 1209//1209 1217//1217
f 1220//1220 1212//1212 1210//1210
f 1220//1220 1210//1210 1218//1218
f 1221//1221 1213//1213 300//300
f 1221//1221 300//300 301//301
f 1222//1222 1160//1160 1214//1214
f 1222//1222 1211//1211 1219//1219
f 1222//1222 1161//1161 1160//1160
f 1222//1222 1214//1214 1211//1211
f 1223//1223 1215//1215 1212//1212
f 1223//1223 1212//1212 1220//1220
f 1224//1224 1216//1216 1213//1213
f 1224//1224 1213//1213 1221//1221
f 1225//1225 1215//1215 1223//1223
f 1225//1225 1217//1217 1215//1215
f 1226//1226 1218//1218 1216//1216
f 1226//1226 1216//1216 1224//1224
f 1227//1227 1219//1219 1217//1217
f 1227//1227 1217//1217 1225//1225
f 1228//1228 1218//1218 1226//1226
f 1228//1228 1220//1220 1218//1218
f 1229//1229 301//301 302//302
f 1229//1229 1221//1221 301//301
f 1230//1230 1222//1222 1219//1219
f 1230//1230 1161//1161 1222//1222
f 1230//1230 1162//1162 1161//1161
f 1230//1230 1219//1219 1227//1227
f 1231//1231 1223//1223 1220//1220
f 1231//1231 1220//1220 1228//1228
f 1232//1232 1224//1224 1221//1221
f 1232//1232 1221//1221 1229//1229
f 1233//1233 1225//1225 1223//1223
f 1233//1233 1223//1223 1231//1231
f 1234//1234 1224//1224 1232//1232
f 1234//1234 1226//1226 1224//1224
f 1235//1235 1227//1227 1225//1225
f 1235//1235 1225//1225 1233//1233
f 1236//1236 1228//1228 1226//1226
f 1236//1236 1226//1226 1234//1234
f 1237//1237 1229//1229 302//302
f 1237//1237 302//302 303//303
f 1238//1238 1163//1163 1162//1162
f 1238//1238 1164//1164 1163//1163
f 1238//1238 1162//1162 1230//1230
f 1238//1238 1230//1230 1227//1227
f 1238//1238 1227//1227 1235//1235
f 1239//1239 1231//1231 1228//1228
f 1239//1239 1228//1228 1236//1236
f 1239//1239 1233//1233 1231//1231
f 1240//1240 1232//1232 1229//1229
f 1240//1240 1229//1229 1237//1237
f 1241//1241 1233//1233 1239//1239
f 1241//1241 1235//1235 1233//1233
f 1242//1242 1232//1232 1240//1240
f 1242//1242 1234//1234 1232//1232
f 1243//1243 1238//1238 1235//1235
f 1243//1243 1235//1235 1241//1241
f 1244//1244 1236//1236 1234//1234
f 1244//1244 1234//1234 1242//1242
f 1245//1245 303//303 304//304
f 1245//1245 1237//1237 303//303
f 1246//1246 1238//1238 1243//1243
f 1246//1246 1164//1164 1238//1238
f 1247//1247 1236//1236 1244//1244
f 1247//1247 1239//1239 1236//1236
f 1248//1248 1237//1237 1245//1245
f 1248//1248 1240//1240 1237//1237
f 1249//1249 1239//1239 1247//1247
f 1249//1249 1241//1241 1239//1239
f 1250//1250 1244//1244 1242//1242
f 1250//1250 1240//1240 1248//1248
f 1250//1250 1242//1242 1240//1240
f 1251//1251 1243//1243 1241//1241
f 1251//1251 1241//1241 1249//1249
f 1252//1252 1244//1244 1250//1250
f 1253//1253 304//304 305//305
f 1253//1253 1245//1245 304//304
f 1254//1254 1243//1243 1251//1251
f 1254//1254 1246//1246 1243//1243
f 1254//1254 1164//1164 1246//1246
f 1254//1254 1165//1165 1164//1164
f 1255//1255 1247//1247 1244//1244
f 1255//1255 1249//1249 1247//1247
f 1255//1255 1244//1244 1252//1252
f 1256//1256 1245//1245 1253//1253
f 1256//1256 1248//1248 1245//1245
f 1257//1257 1251//1251 1249//1249
f 1257//1257 1249//1249 1255//1255
f 1258//1258 1248//1248 1256//1256
f 1258//1258 1250//1250 1248//1248
f 1259//1259 1251//1251 1257//1257
f 1260//1260 1252//1252 1250//1250
f 1260//1260 1250//1250 1258//1258
f 1261//1261 305//305 306//306
f 1261//1261 1253//1253 305//305
f 1262//1262 1254//1254 1251//1251
f 1262//1262 1251//1251 1259//1259
f 1262//1262 1165//1165 1254//1254
f 1262//1262 1166//1166 1165//1165
f 1263//1263 1255//1255 1252//1252
f 1263//1263 1252//1252 1260//1260
f 1264//1264 1253//1253 1261//1261
f 1264//1264 1256//1256 1253//1253
f 1265//1265 1257//1257 1255//1255
f 1265//1265 1255//1255 1263//1263
f 1266//1266 1258//1258 1256//1256
f 1266//1266 1256//1256 1264//1264
f 1267//1267 1259//1259 1257//1257
f 1267//1267 1257//1257 1265//1265
f 1268//1268 1260//1260 1258//1258
f 1268//1268 1258//1258 1266//1266
f 1269//1269 1264//1264 1261//1261
f 1269//1269 306//306 307//307
f 1269//1269 1261//1261 306//306
f 1270//1270 1262//1262 1259//1259
f 1270//1270 1167//1167 1166//1166
f 1270//1270 1166//1166 1262//1262
f 1270//1270 1259//1259 1267//1267
f 1271//1271 1260//1260 1268//1268
f 1271//1271 1263//1263 1260//1260
f 1272//1272 1264//1264 1269//1269
f 1273//1273 1263//1263 1271//1271
f 1273//1273 1265//1265 1263//1263
f 1274//1274 1264//1264 1272//1272
f 1274//1274 1266//1266 1264//1264
f 1274//1274 1268//1268 1266//1266
f 1275//1275 1265//1265 1273//1273
f 1275//1275 1267//1267 1265//1265
f 1276//1276 1268//1268 1274//1274
f 1276//1276 1271//1271 1268//1268
f 1277//1277 307//307 308//308
f 1277//1277 1269//1269 307//307
f 1278//1278 1270//1270 1267//1267
f 1278//1278 1168//1168 1167//1167
f 1278//1278 1167//1167 1270//1270
f 1278//1278 1267//1267 1275//1275
f 1279//1279 1271//1271 1276//1276
f 1280//1280 1269//1269 1277//1277
f 1280//1280 1272//1272 1269//1269
f 1281//1281 1273//1273 1271//1271
f 1281//1281 1275//1275 1273//1273
f 1281//1281 1271//1271 1279//1279
f 1282//1282 1276//1276 1274//1274
f 1282//1282 1274//1274 1272//1272
f 1282//1282 1272//1272 1280//1280
f 1283//1283 1278//1278 1275//1275
f 1283//1283 1275//1275 1281//1281
f 1284//1284 1276//1276 1282//1282
f 1285//1285 308//308 309//309
f 1285//1285 1277//1277 308//308
f 1286//1286 1168//1168 1278//1278
f 1286//1286 1278//1278 1283//1283
f 1286//1286 1169//1169 1168//1168
f 1287//1287 1276//1276 1284//1284
f 1287//1287 1279//1279 1276//1276
f 1288//1288 1280//1280 1277//1277
f 1288//1288 1277//1277 1285//1285
f 1289//1289 1281//1281 1279//1279
f 1289//1289 1283//1283 1281//1281
f 1289//1289 1279//1279 1287//1287
f 1290//1290 1284//1284 1282//1282
f 1290//1290 1280//1280 1288//1288
f 1290//1290 1282//1282 1280//1280
f 1291//1291 1283//1283 1289//1289
f 1292//1292 1284//1284 1290//1290
f 1293//1293 309//309 310//310
f 1293//1293 1285//1285 309//309
f 1293//1293 1288//1288 1285//1285
f 1294//1294 1283//1283 1291//1291
f 1294//1294 1286//1286 1283//1283
f 1294//1294 1169//1169 1286//1286
f 1294//1294 1170//1170 1169//1169
f 1295//1295 1287//1287 1284//1284
f 1295//1295 1284//1284 1292//1292
f 1296//1296 1288//1288 1293//1293
f 1297//1297 1289//1289 1287//1287
f 1297//1297 1291//1291 1289//1289
f 1297//1297 1287//1287 1295//1295
f 1298//1298 1290//1290 1288//1288
f 1298//1298 1288//1288 1296//1296
f 1299//1299 1294//1294 1291//1291
f 1299//1299 1291//1291 1297//1297
f 1300//1300 1292//1292 1290//1290
f 1300//1300 1290//1290 1298//1298
f 1301//1301 310//310 311//311
f 1301//1301 1293//1293 310//310
f 1301//1301 1296//1296 1293//1293
f 1302//1302 1171//1171 1170//1170
f 1302//1302 1170//1170 1294//1294
f 1302//1302 1294//1294 1299//1299
f 1303//1303 1292//1292 1300//1300
f 1303//1303 1295//1295 1292//1292
f 1304//1304 1296//1296 1301//1301
f 1305//1305 1297//1297 1295//1295
f 1305//1305 1295//1295 1303//1303
f 1306//1306 1296//1296 1304//1304
f 1306//1306 1298//1298 1296//1296
f 1307//1307 1297//1297 1305//1305
f 1307//1307 1299//1299 1297//1297
f 1308//1308 1298//1298 1306//1306
f 1308//1308 1300//1300 1298//1298
f 1309//1309 311//311 312//312
f 1309//1309 1301//1301 311//311
f 1310//1310 1299//1299 1307//1307
f 1310//1310 1172//1172 1171//1171
f 1310//1310 1171//1171 1302//1302
f 1310//1310 1302//1302 1299//1299
f 1311//1311 1300//1300 1308//1308
f 1311//1311 1303//1303 1300//1300
f 1312//1312 1301//1301 1309//1309
f 1312//1312 1304//1304 1301//1301
f 1312//1312 1306//1306 1304//1304
f 1313//1313 1303//1303 1311//1311
f 1313//1313 1305//1305 1303//1303
f 1314//1314 1306//1306 1312//1312
f 1315//1315 1307//1307 1305//1305
f 1315//1315 1305//1305 1313//1313
f 1316//1316 1311//1311 1308//1308
f 1316//1316 1306//1306 1314//1314
f 1316//1316 1308//1308 1306//1306
f 1317//1317 1309//1309 312//312
f 1317//1317 312//312 313//313
f 1318//1318 1307//1307 1315//1315
f 1318//1318 1310//1310 1307//1307
f 1318//1318 1172//1172 1310//1310
f 1318//1318 1173//1173 1172//1172
f 1319//1319 1313//1313 1311//1311
f 1319//1319 1311//1311 1316//1316
f 1320//1320 1312//1312 1309//1309
f 1320//1320 1309//1309 1317//1317
f 1321//1321 1313//1313 1319//1319
f 1322//1322 1316//1316 1314//1314
f 1322//1322 1314//1314 1312//1312
f 1322//1322 1312//1312 1320//1320
f 1323//1323 1318//1318 1315//1315
f 1323//1323 1313//1313 1321//1321
f 1323//1323 1315//1315 1313//1313
f 1324//1324 1319//1319 1316//1316
f 1324//1324 1316//1316 1322//1322
f 1325//1325 1317//1317 313//313
f 1325//1325 313//313 314//314
f 1326//1326 1173//1173 1318//1318
f 1326//1326 1318//1318 1323//1323
f 1326//1326 1174//1174 1173//1173
f 1326//1326 1175//1175 1174//1174
f 1327//1327 1319//1319 1324//1324
f 1328//1328 1320//1320 1317//1317
f 1328//1328 1322//1322 1320//1320
f 1328//1328 1317//1317 1325//1325
f 1329//1329 1321//1321 1319//1319
f 1329//1329 1323//1323 1321//1321
f 1329//1329 1319//1319 1327//1327
f 1330//1330 1322//1322 1328//1328
f 1331//1331 1323//1323 1329//1329
f 1332//1332 1322//1322 1330//1330
f 1332//1332 1324//1324 1322//1322
f 1333//1333 314//314 315//315
f 1333//1333 1325//1325 314//314
f 1334//1334 1323//1323 1331//1331
f 1334//1334 1326//1326 1323//1323
f 1334//1334 1175//1175 1326//1326
f 1334//1334 1176//1176 1175//1175
f 1335//1335 1327//1327 1324//1324
f 1335//1335 1324//1324 1332//1332
f 1336//1336 1328//1328 1325//1325
f 1336//1336 1325//1325 1333//1333
f 1336//1336 1330//1330 1328//1328
f 1337//1337 1327//1327 1335//1335
f 1337//1337 1329//1329 1327//1327
f 1338//1338 1330//1330 1336//1336
f 1339//1339 1329//1329 1337//1337
f 1339//1339 1331//1331 1329//1329
f 1340//1340 1330//1330 1338//1338
f 1340//1340 1332//1332 1330//1330
f 1341//1341 315//315 316//316
f 1341//1341 316//316 317//317
f 1341//1341 1333//1333 315//315
f 1342//1342 1331//1331 1339//1339
f 1342//1342 1334//1334 1331//1331
f 1342//1342 1176//1176 1334//1334
f 1343//1343 1332//1332 1340//1340
f 1343//1343 1335//1335 1332//1332
f 1344//1344 1333//1333 1341//1341
f 1344//1344 1336//1336 1333//1333
f 1345//1345 1335//1335 1343//1343
f 1345//1345 1337//1337 1335//1335
f 1346//1346 1336//1336 1344//1344
f 1346//1346 1338//1338 1336//1336
f 1347//1347 1339//1339 1337//1337
f 1347//1347 1337//1337 1345//1345
f 1348//1348 1340//1340 1338//1338
f 1348//1348 1338//1338 1346//1346
f 1349//1349 317//317 318//318
f 1349//1349 1341//1341 317//317
f 1350//1350 1342//1342 1339//1339
f 1350//1350 1176//1176 1342//1342
f 1350//1350 1339//1339 1347//1347
f 1350//1350 1177//1177 1176//1176
f 1350//1350 1178//1178 1177//1177
f 1351//1351 1343//1343 1340//1340
f 1351//1351 1340//1340 1348//1348
f 1352//1352 1344//1344 1341//1341
f 1352//1352 1346//1346 1344//1344
f 1352//1352 1341//1341 1349//1349
f 1353//1353 1345//1345 1343//1343
f 1353//1353 1347//1347 1345//1345
f 1353//1353 1343//1343 1351//1351
f 1354//1354 1346//1346 1352//1352
f 1355//1355 1347//1347 1353//1353
f 1356//1356 1348//1348 1346//1346
f 1356//1356 1346//1346 1354//1354
f 1357//1357 1349//1349 318//318
f 1358//1358 1350//1350 1347//1347
f 1358//1358 1178//1178 1350//1350
f 1358//1358 1347//1347 1355//1355
f 1359//1359 1348//1348 1356//1356
f 1359//1359 1351//1351 1348//1348
f 1360//1360 1352//1352 1349//1349
f 1360//1360 1349//1349 1357//1357
f 1361//1361 1353//1353 1351//1351
f 1361//1361 1351//1351 1359//1359
f 1362//1362 1354//1354 1352//1352
f 1362//1362 1352//1352 1360//1360
f 1362//1362 1356//1356 1354//1354
f 1363//1363 1355//1355 1353//1353
f 1363//1363 1353//1353 1361//1361
f 1364//1364 1356//1356 1362//1362
f 1365//1365 318//318 319//319
f 1365//1365 319//319 320//320
f 1365//1365 1357//1357 318//318
f 1366//1366 1178//1178 1358//1358
f 1366//1366 1358//1358 1355//1355
f 1366//1366 1355//1355 1363//1363
f 1366//1366 1179//1179 1178//1178
f 1367//1367 1359//1359 1356//1356
f 1367//1367 1356//1356 1364//1364
f 1368//1368 1360//1360 1357//1357
f 1368//1368 1362//1362 1360//1360
f 1368//1368 1357//1357 1365//1365
f 1369//1369 1361//1361 1359//1359
f 1369//1369 1363//1363 1361//1361
f 1369//1369 1359//1359 1367//1367
f 1370//1370 1364//1364 1362//1362
f 1370//1370 1362//1362 1368//1368
f 1371//1371 1363//1363 1369//1369
f 1372//1372 1364//1364 1370//1370
f 1373//1373 1365//1365 320//320
f 1374//1374 1363//1363 1371//1371
f 1374//1374 1180//1180 1179//1179
f 1374//1374 1366//1366 1363//1363
f 1374//1374 1179//1179 1366//1366
f 1375//1375 1364//1364 1372//1372
f 1375//1375 1367//1367 1364//1364
f 1376//1376 1365//1365 1373//1373
f 1376//1376 1368//1368 1365//1365
f 1377//1377 1367//1367 1375//1375
f 1377//1377 1371//1371 1369//1369
f 1377//1377 1369//1369 1367//1367
f 1378//1378 1368//1368 1376//1376
f 1378//1378 1370//1370 1368//1368
f 1379//1379 1371//1371 1377//1377
f 1379//1379 1374//1374 1371//1371
f 1380//1380 1372//1372 1370//1370
f 1380//1380 1370//1370 1378//1378
f 1381//1381 1373//1373 320//320
f 1381//1381 320//320 321//321
f 1382//1382 1374//1374 1379//1379
f 1382//1382 1181//1181 1180//1180
f 1382//1382 1182//1182 1181//1181
f 1382//1382 1180//1180 1374//1374
f 1383//1383 1375//1375 1372//1372
f 1383//1383 1372//1372 1380//1380
f 1384//1384 1373//1373 1381//1381
f 1384//1384 1378//1378 1376//1376
f 1384//1384 1376//1376 1373//1373
f 1385//1385 1377//1377 1375//1375
f 1385//1385 1375//1375 1383//1383
f 1386//1386 1380//1380 1378//1378
f 1386//1386 1378//1378 1384//1384
f 1387//1387 1379//1379 1377//1377
f 1387//1387 1377//1377 1385//1385
f 1388//1388 1380//1380 1386//1386
f 1389//1389 1381//1381 321//321
f 1389//1389 321//321 322//322
f 1390//1390 1382//1382 1379//1379
f 1390//1390 1182//1182 1382//1382
f 1390//1390 1379//1379 1387//1387
f 1391//1391 1383//1383 1380//1380
f 1391//1391 1380//1380 1388//1388
f 1392//1392 1384//1384 1381//1381
f 1392//1392 1381//1381 1389//1389
f 1392//1392 1386//1386 1384//1384
f 1393//1393 1385//1385 1383//1383
f 1393//1393 1387//1387 1385//1385
f 1393//1393 1383//1383 1391//1391
f 1394//1394 1386//1386 1392//1392
f 1395//1395 1390//1390 1387//1387
f 1395//1395 1387//1387 1393//1393
f 1396//1396 1388//1388 1386//1386
f 1396//1396 1391//1391 1388//1388
f 1396//1396 1386//1386 1394//1394
f 1397//1397 322//322 323//323
f 1397//1397 1389//1389 322//322
f 1398//1398 1182//1182 1390//1390
f 1398//1398 1390//1390 1395//1395
f 1398//1398 1183//1183 1182//1182
f 1399//1399 1391//1391 1396//1396
f 1400//1400 1392//1392 1389//1389
f 1400//1400 1389//1389 1397//1397
f 1401//1401 1393//1393 1391//1391
f 1401//1401 1391//1391 1399//1399
f 1402//1402 1392//1392 1400//1400
f 1402//1402 1394//1394 1392//1392
f 1403//1403 1395//1395 1393//1393
f 1403//1403 1398//1398 1395//1395
f 1403//1403 1393//1393 1401//1401
f 1404//1404 1396//1396 1394//1394
f 1404//1404 1394//1394 1402//1402
f 1405//1405 323//323 324//324
f 1405//1405 324//324 325//325
f 1405//1405 1397//1397 323//323
f 1406//1406 1184//1184 1183//1183
f 1406//1406 1183//1183 1398//1398
f 1406//1406 1398//1398 1403//1403
f 1407//1407 1396//1396 1404//1404
f 1407//1407 1399//1399 1396//1396
f 1408//1408 1397//1397 1405//1405
f 1408//1408 1400//1400 1397//1397
f 1409//1409 1399//1399 1407//1407
f 1409//1409 1401//1401 1399//1399
f 1410//1410 1400//1400 1408//1408
f 1410//1410 1402//1402 1400//1400
f 1411//1411 1401//1401 1409//1409
f 1411//1411 1403//1403 1401//1401
f 1412//1412 1404//1404 1402//1402
f 1412//1412 1402//1402 1410//1410
f 1413//1413 325//325 326//326
f 1413//1413 1405//1405 325//325
f 1414//1414 1184//1184 1406//1406
f 1414//1414 1403//1403 1411//1411
f 1414//1414 1185//1185 1184//1184
f 1414//1414 1406//1406 1403//1403
f 1415//1415 1407//1407 1404//1404
f 1415//1415 1404//1404 1412//1412
f 1416//1416 1410//1410 1408//1408
f 1416//1416 1405//1405 1413//1413
f 1416//1416 1408//1408 1405//1405
f 1417//1417 1409//1409 1407//1407
f 1417//1417 1407//1407 1415//1415
f 1417//1417 1411//1411 1409//1409
f 1418//1418 1410//1410 1416//1416
f 1419//1419 1411//1411 1417//1417
f 1420//1420 1415//1415 1412//1412
f 1420//1420 1412//1412 1410//1410
f 1420//1420 1410//1410 1418//1418
f 1421//1421 1413//1413 326//326
f 1421//1421 326//326 327//327
f 1422//1422 1185//1185 1414//1414
f 1422//1422 1411//1411 1419//1419
f 1422//1422 1186//1186 1185//1185
f 1422//1422 1414//1414 1411//1411
f 1423//1423 1415//1415 1420//1420
f 1424//1424 1416//1416 1413//1413
f 1424//1424 1413//1413 1421//1421
f 1425//1425 1417//1417 1415//1415
f 1425//1425 1415//1415 1423//1423
f 1426//1426 1418//1418 1416//1416
f 1426//1426 1416//1416 1424//1424
f 1427//1427 1419//1419 1417//1417
f 1427//1427 1422//1422 1419//1419
f 1427//1427 1417//1417 1425//1425
f 1428//1428 1420//1420 1418//1418
f 1428//1428 1423//1423 1420//1420
f 1428//1428 1418//1418 1426//1426
f 1429//1429 1421//1421 327//327
f 1430//1430 1422//1422 1427//1427
f 1430//1430 1186//1186 1422//1422
f 1430//1430 1187//1187 1186//1186
f 1431//1431 1423//1423 1428//1428
f 1432//1432 1426//1426 1424//1424
f 1432//1432 1424//1424 1421//1421
f 1432//1432 1421//1421 1429//1429
f 1433//1433 1425//1425 1423//1423
f 1433//1433 1427//1427 1425//1425
f 1433//1433 1423//1423 1431//1431
f 1434//1434 1426//1426 1432//1432
f 1435//1435 1427//1427 1433//1433
f 1436//1436 1428//1428 1426//1426
f 1436//1436 1426//1426 1434//1434
f 1437//1437 327//327 328//328
f 1437//1437 1429//1429 327//327
f 1438//1438 1430//1430 1427//1427
f 1438//1438 1427//1427 1435//1435
f 1438//1438 1187//1187 1430//1430
f 1438//1438 1188//1188 1187//1187
f 1439//1439 1431//1431 1428//1428
f 1439//1439 1428//1428 1436//1436
f 1440//1440 1432//1432 1429//1429
f 1440//1440 1434//1434 1432//1432
f 1440//1440 1429//1429 1437//1437
f 1441//1441 1433//1433 1431//1431
f 1441//1441 1431//1431 1439//1439
f 1442//1442 1434//1434 1440//1440
f 1443//1443 1433//1433 1441//1441
f 1443//1443 1435//1435 1433//1433
f 1444//1444 1434//1434 1442//1442
f 1444//1444 1436//1436 1434//1434
f 1445//1445 328//328 329//329
f 1445//1445 1437//1437 328//328
f 1446//1446 1188//1188 1438//1438
f 1446//1446 1435//1435 1443//1443
f 1446//1446 1438//1438 1435//1435
f 1446//1446 1189//1189 1188//1188
f 1447//1447 1439//1439 1436//1436
f 1447//1447 1436//1436 1444//1444
f 1448//1448 1440//1440 1437//1437
f 1448//1448 1437//1437 1445//1445
f 1449//1449 1441//1441 1439//1439
f 1449//1449 1439//1439 1447//1447
f 1450//1450 1444//1444 1442//1442
f 1450//1450 1442//1442 1440//1440
f 1450//1450 1440//1440 1448//1448
f 1451//1451 1443//1443 1441//1441
f 1451//1451 1441//1441 1449//1449
f 1452//1452 1444//1444 1450//1450
f 1453//1453 1445//1445 329//329
f 1453//1453 329//329 330//330
f 1454//1454 1446//1446 1443//1443
f 1454//1454 1443//1443 1451//1451
f 1454//1454 1189//1189 1446//1446
f 1454//1454 1190//1190 1189//1189
f 1455//1455 1447//1447 1444//1444
f 1455//1455 1444//1444 1452//1452
f 1456//1456 1448//1448 1445//1445
f 1456//1456 1450//1450 1448//1448
f 1456//1456 1445//1445 1453//1453
f 1457//1457 1449//1449 1447//1447
f 1457//1457 1451//1451 1449//1449
f 1457//1457 1447//1447 1455//1455
f 1458//1458 1450//1450 1456//1456
f 1459//1459 1451//1451 1457//1457
f 1460//1460 1452//1452 1450//1450
f 1460//1460 1450//1450 1458//1458
f 1461//1461 1453//1453 330//330
f 1461//1461 330//330 331//331
f 1461//1461 331//331 296//296
f 1461//1461 296//296 1150//1150
f 1461//1461 1150//1150 1151//1151
f 1462//1462 1454//1454 1451//1451
f 1462//1462 1451//1451 1459//1459
f 1462//1462 1190//1190 1454//1454
f 1462//1462 1191//1191 1190//1190
f 1463//1463 1455//1455 1452//1452
f 1463//1463 1452//1452 1460//1460
f 1464//1464 1453//1453 1461//1461
f 1464//1464 1456//1456 1453//1453
f 1464//1464 1461//1461 1151//1151
f 1465//1465 1457//1457 1455//1455
f 1465//1465 1455//1455 1463//1463
f 1466//1466 1458//1458 1456//1456
f 1466//1466 1151//1151 1152//1152
f 1466//1466 1152//1152 1153//1153
f 1466//1466 1456//1456 1464//1464
f 1466//1466 1464//1464 1151//1151
f 1467//1467 1457//1457 1465//1465
f 1467//1467 1459//1459 1457//1457
f 1468//1468 1458//1458 1466//1466
f 1468//1468 1460//1460 1458//1458
f 1468//1468 1466//1466 1153//1153
f 1469//1469 1462//1462 1459//1459
f 1469//1469 1191//1191 1462//1462
f 1469//1469 1192//1192 1191//1191
f 1469//1469 1459//1459 1467//1467
f 1470//1470 1153//1153 1154//1154
f 1470//1470 1460//1460 1468//1468
f 1470//1470 1154//1154 1155//1155
f 1470//1470 1463//1463 1460//1460
f 1470//1470 1468//1468 1153//1153
f 1471//1471 1465//1465 1463//1463
f 1471//1471 1467//1467 1465//1465
f 1471//1471 1470//1470 1155//1155
f 1471//1471 1463//1463 1470//1470
f 1472//1472 1467//1467 1471//1471
f 1472//1472 1155//1155 1156//1156
f 1472//1472 1156//1156 1157//1157
f 1472//1472 1471//1471 1155//1155
f 1473//1473 1472//1472 1157//1157
f 1473//1473 1157//1157 1193//1193
f 1473//1473 1467//1467 1472//1472
f 1473//1473 1193//1193 1192//1192
f 1473//1473 1192//1192 1469//1469
f 1473//1473 1469//1469 1467//1467
f 1482//1482 1517//1517 1481//1481
f 1518//1518 1474//1474 332//332
f 1518//1518 332//332 333//333
f 1519//1519 1475//1475 1474//1474
f 1519//1519 1474//1474 1518//1518
f 1520//1520 1476//1476 1475//1475
f 1520//1520 1475//1475 1519//1519
f 1521//1521 1477//1477 1476//1476
f 1521//1521 1476//1476 1520//1520
f 1522//1522 333//333 334//334
f 1522//1522 1518//1518 333//333
f 1523//1523 1478//1478 1477//1477
f 1523//1523 1477//1477 1521//1521
f 1524//1524 1519//1519 1518//1518
f 1524//1524 1518//1518 1522//1522
f 1525//1525 1479//1479 1478//1478
f 1525//1525 1478//1478 1523//1523
f 1526//1526 1519//1519 1524//1524
f 1526//1526 1520//1520 1519//1519
f 1527//1527 1480//1480 1479//1479
f 1527//1527 1479//1479 1525//1525
f 1528//1528 1520//1520 1526//1526
f 1528//1528 1521//1521 1520//1520
f 1529//1529 334//334 335//335
f 1529//1529 1522//1522 334//334
f 1530//1530 1481//1481 1480//1480
f 1530//1530 1482//1482 1481//1481
f 1530//1530 1480//1480 1527//1527
f 1530//1530 1483//1483 1482//1482
f 1531//1531 1521//1521 1528//1528
f 1531//1531 1523//1523 1521//1521
f 1532//1532 1522//1522 1529//1529
f 1532//1532 1524//1524 1522//1522
f 1533//1533 1523//1523 1531//1531
f 1533//1533 1525//1525 1523//1523
f 1534//1534 1526//1526 1524//1524
f 1534//1534 1524//1524 1532//1532
f 1535//1535 1527//1527 1525//1525
f 1535//1535 1525//1525 1533//1533
f 1536//1536 1526//1526 1534//1534
f 1536//1536 1528//1528 1526//1526
f 1537//1537 335//335 336//336
f 1537//1537 1529//1529 335//335
f 1538//1538 1483//1483 1530//1530
f 1538//1538 1530//1530 1527//1527
f 1538//1538 1527//1527 1535//1535
f 1538//1538 1484//1484 1483//1483
f 1539//1539 1528//1528 1536//1536
f 1539//1539 1531//1531 1528//1528
f 1540//1540 1532//1532 1529//1529
f 1540//1540 1529//1529 1537//1537
f 1541//1541 1533//1533 1531//1531
f 1541//1541 1531//1531 1539//1539
f 1542//1542 1534//1534 1532//1532
f 1542//1542 1532//1532 1540//1540
f 1543//1543 1533//1533 1541//1541
f 1543//1543 1535//1535 1533//1533
f 1544//1544 1536//1536 1534//1534
f 1544//1544 1534//1534 1542//1542
f 1545//1545 1537//1537 336//336
f 1545//1545 336//336 337//337
f 1546//1546 1484//1484 1538//1538
f 1546//1546 1485//1485 1484//1484
f 1546//1546 1486//1486 1485//1485
f 1546//1546 1535//1535 1543//1543
f 1546//1546 1538//1538 1535//1535
f 1547//1547 1539//1539 1536//1536
f 1547//1547 1536//1536 1544//1544
f 1548//1548 1540//1540 1537//1537
f 1548//1548 1537//1537 1545//1545
f 1549//1549 1541//1541 1539//1539
f 1549//1549 1539//1539 1547//1547
f 1550//1550 1540//1540 1548//1548
f 1550//1550 1542//1542 1540//1540
f 1551//1551 1543//1543 1541//1541
f 1551//1551 1541//1541 1549//1549
f 1552//1552 1544//1544 1542//1542
f 1552//1552 1542//1542 1550//1550
f 1553//1553 337//337 338//338
f 1553//1553 1545//1545 337//337
f 1554//1554 1543//1543 1551//1551
f 1554//1554 1546//1546 1543//1543
f 1554//1554 1486//1486 1546//1546
f 1555//1555 1547//1547 1544//1544
f 1555//1555 1544//1544 1552//1552
f 1556//1556 1548//1548 1545//1545
f 1556//1556 1545//1545 1553//1553
f 1557//1557 1547//1547 1555//1555
f 1557//1557 1549//1549 1547//1547
f 1558//1558 1550//1550 1548//1548
f 1558//1558 1548//1548 1556//1556
f 1559//1559 1551//1551 1549//1549
f 1559//1559 1549//1549 1557//1557
f 1560//1560 1552//1552 1550//1550
f 1560//1560 1550//1550 1558//1558
f 1561//1561 1553//1553 338//338
f 1561//1561 338//338 339//339
f 1561//1561 1556//1556 1553//1553
f 1562//1562 1487//1487 1486//1486
f 1562//1562 1554//1554 1551//1551
f 1562//1562 1551//1551 1559//1559
f 1562//1562 1486//1486 1554//1554
f 1563//1563 1555//1555 1552//1552
f 1563//1563 1552//1552 1560//1560
f 1564//1564 1556//1556 1561//1561
f 1565//1565 1555//1555 1563//1563
f 1565//1565 1557//1557 1555//1555
f 1566//1566 1560//1560 1558//1558
f 1566//1566 1556//1556 1564//1564
f 1566//1566 1558//1558 1556//1556
f 1567//1567 1557//1557 1565//1565
f 1567//1567 1559//1559 1557//1557
f 1568//1568 1560//1560 1566//1566
f 1569//1569 339//339 340//340
f 1569//1569 1561//1561 339//339
f 1570//1570 1487//1487 1562//1562
f 1570//1570 1559//1559 1567//1567
f 1570//1570 1562//1562 1559//1559
f 1570//1570 1488//1488 1487//1487
f 1571//1571 1563//1563 1560//1560
f 1571//1571 1560//1560 1568//1568
f 1572//1572 1566//1566 1564//1564
f 1572//1572 1564//1564 1561//1561
f 1572//1572 1561//1561 1569//1569
f 1573//1573 1563//1563 1571//1571
f 1573//1573 1565//1565 1563//1563
f 1574//1574 1566//1566 1572//1572
f 1575//1575 1567//1567 1565//1565
f 1575//1575 1565//1565 1573//1573
f 1576//1576 1568//1568 1566//1566
f 1576//1576 1566//1566 1574//1574
f 1577//1577 340//340 341//341
f 1577//1577 1572//1572 1569//1569
f 1577//1577 1569//1569 340//340
f 1578//1578 1570//1570 1567//1567
f 1578//1578 1488//1488 1570//1570
f 1578//1578 1567//1567 1575//1575
f 1578//1578 1489//1489 1488//1488
f 1579//1579 1571//1571 1568//1568
f 1579//1579 1573//1573 1571//1571
f 1579//1579 1568//1568 1576//1576
f 1580//1580 1572//1572 1577//1577
f 1581//1581 1573//1573 1579//1579
f 1582//1582 1574//1574 1572//1572
f 1582//1582 1572//1572 1580//1580
f 1583//1583 1575//1575 1573//1573
f 1583//1583 1573//1573 1581//1581
f 1584//1584 1576//1576 1574//1574
f 1584//1584 1574//1574 1582//1582
f 1585//1585 341//341 342//342
f 1585//1585 1577//1577 341//341
f 1586//1586 1578//1578 1575//1575
f 1586//1586 1489//1489 1578//1578
f 1586//1586 1490//1490 1489//1489
f 1586//1586 1575//1575 1583//1583
f 1587//1587 1579//1579 1576//1576
f 1587//1587 1576//1576 1584//1584
f 1588//1588 1580//1580 1577//1577
f 1588//1588 1577//1577 1585//1585
f 1589//1589 1581//1581 1579//1579
f 1589//1589 1579//1579 1587//1587
f 1590//1590 1580//1580 1588//1588
f 1590//1590 1582//1582 1580//1580
f 1591//1591 1583//1583 1581//1581
f 1591//1591 1586//1586 1583//1583
f 1591//1591 1581//1581 1589//1589
f 1592//1592 1584//1584 1582//1582
f 1592//1592 1587//1587 1584//1584
f 1592//1592 1582//1582 1590//1590
f 1593//1593 342//342 343//343
f 1593//1593 343//343 344//344
f 1593//1593 1585//1585 342//342
f 1593//1593 1588//1588 1585//1585
f 1594//1594 1491//1491 1490//1490
f 1594//1594 1490//1490 1586//1586
f 1594//1594 1586//1586 1591//1591
f 1595//1595 1589//1589 1587//1587
f 1595//1595 1587//1587 1592//1592
f 1596//1596 1588//1588 1593//1593
f 1597//1597 1589//1589 1595//1595
f 1598//1598 1588//1588 1596//1596
f 1598//1598 1590//1590 1588//1588
f 1599//1599 1589//1589 1597//1597
f 1599//1599 1591//1591 1589//1589
f 1600//1600 1590//1590 1598//1598
f 1600//1600 1592//1592 1590//1590
f 1601//1601 1596//1596 1593//1593
f 1601//1601 1593//1593 344//344
f 1602//1602 1594//1594 1591//1591
f 1602//1602 1492//1492 1491//1491
f 1602//1602 1491//1491 1594//1594
f 1602//1602 1591//1591 1599//1599
f 1603//1603 1592//1592 1600//1600
f 1603//1603 1595//1595 1592//1592
f 1604//1604 1596//1596 1601//1601
f 1605//1605 1597//1597 1595//1595
f 1605//1605 1595//1595 1603//1603
f 1606//1606 1598//1598 1596//1596
f 1606//1606 1596//1596 1604//1604
f 1607//1607 1599//1599 1597//1597
f 1607//1607 1597//1597 1605//1605
f 1608//1608 1600//1600 1598//1598
f 1608//1608 1598//1598 1606//1606
f 1609//1609 344//344 345//345
f 1609//1609 1601//1601 344//344
f 1610//1610 1602//1602 1599//1599
f 1610//1610 1599//1599 1607//1607
f 1610//1610 1492//1492 1602//1602
f 1610//1610 1493//1493 1492//1492
f 1611//1611 1600//1600 1608//1608
f 1611//1611 1603//1603 1600//1600
f 1612//1612 1604//1604 1601//1601
f 1612//1612 1601//1601 1609//1609
f 1613//1613 1605//1605 1603//1603
f 1613//1613 1603//1603 1611//1611
f 1614//1614 1606//1606 1604//1604
f 1614//1614 1604//1604 1612//1612
f 1615//1615 1607//1607 1605//1605
f 1615//1615 1605//1605 1613//1613
f 1616//1616 1611//1611 1608//1608
f 1616//1616 1606//1606 1614//1614
f 1616//1616 1608//1608 1606//1606
f 1617//1617 345//345 346//346
f 1617//1617 1612//1612 1609//1609
f 1617//1617 1609//1609 345//345
f 1618//1618 1607//1607 1615//1615
f 1618//1618 1610//1610 1607//1607
f 1618//1618 1493//1493 1610//1610
f 1618//1618 1494//1494 1493//1493
f 1619//1619 1611//1611 1616//1616
f 1620//1620 1612//1612 1617//1617
f 1621//1621 1613//1613 1611//1611
f 1621//1621 1615//1615 1613//1613
f 1621//1621 1611//1611 1619//1619
f 1622//1622 1614//1614 1612//1612
f 1622//1622 1612//1612 1620//1620
f 1623//1623 1615//1615 1621//1621
f 1624//1624 1616//1616 1614//1614
f 1624//1624 1614//1614 1622//1622
f 1625//1625 346//346 347//347
f 1625//1625 1617//1617 346//346
f 1625//1625 1620//1620 1617//1617
f 1626//1626 1618//1618 1615//1615
f 1626//1626 1495//1495 1494//1494
f 1626//1626 1615//1615 1623//1623
f 1626//1626 1494//1494 1618//1618
f 1627//1627 1619//1619 1616//1616
f 1627//1627 1616//1616 1624//1624
f 1628//1628 1620//1620 1625//1625
f 1629//1629 1619//1619 1627//1627
f 1629//1629 1621//1621 1619//1619
f 1630//1630 1620//1620 1628//1628
f 1630//1630 1622//1622 1620//1620
f 1631//1631 1621//1621 1629//1629
f 1631//1631 1623//1623 1621//1621
f 1632//1632 1622//1622 1630//1630
f 1632//1632 1624//1624 1622//1622
f 1633//1633 347//347 348//348
f 1633//1633 1625//1625 347//347
f 1634//1634 1623//1623 1631//1631
f 1634//1634 1496//1496 1495//1495
f 1634//1634 1495//1495 1626//1626
f 1634//1634 1626//1626 1623//1623
f 1635//1635 1627//1627 1624//1624
f 1635//1635 1629//1629 1627//1627
f 1635//1635 1624//1624 1632//1632
f 1636//1636 1628//1628 1625//1625
f 1636//1636 1625//1625 1633//1633
f 1637//1637 1629//1629 1635//1635
f 1638//1638 1628//1628 1636//1636
f 1638//1638 1630//1630 1628//1628
f 1639//1639 1631//1631 1629//1629
f 1639//1639 1629//1629 1637//1637
f 1640//1640 1632//1632 1630//1630
f 1640//1640 1630//1630 1638//1638
f 1641//1641 1636//1636 1633//1633
f 1641//1641 1633//1633 348//348
f 1641//1641 348//348 349//349
f 1642//1642 1634//1634 1631//1631
f 1642//1642 1631//1631 1639//1639
f 1642//1642 1497//1497 1496//1496
f 1642//1642 1496//1496 1634//1634
f 1643//1643 1635//1635 1632//1632
f 1643//1643 1632//1632 1640//1640
f 1644//1644 1636//1636 1641//1641
f 1645//1645 1637//1637 1635//1635
f 1645//1645 1635//1635 1643//1643
f 1646//1646 1638//1638 1636//1636
f 1646//1646 1636//1636 1644//1644
f 1647//1647 1637//1637 1645//1645
f 1647//1647 1639//1639 1637//1637
f 1648//1648 1638//1638 1646//1646
f 1648//1648 1640//1640 1638//1638
f 1649//1649 349//349 350//350
f 1649//1649 350//350 351//351
f 1649//1649 1641//1641 349//349
f 1650//1650 1642//1642 1639//1639
f 1650//1650 1639//1639 1647//1647
f 1650//1650 1497//1497 1642//1642
f 1650//1650 1498//1498 1497//1497
f 1651//1651 1640//1640 1648//1648
f 1651//1651 1643//1643 1640//1640
f 1652//1652 1644//1644 1641//1641
f 1652//1652 1641//1641 1649//1649
f 1653//1653 1645//1645 1643//1643
f 1653//1653 1643//1643 1651//1651
f 1654//1654 1646//1646 1644//1644
f 1654//1654 1644//1644 1652//1652
f 1655//1655 1645//1645 1653//1653
f 1655//1655 1647//1647 1645//1645
f 1656//1656 1648//1648 1646//1646
f 1656//1656 1651//1651 1648//1648
f 1656//1656 1646//1646 1654//1654
f 1657//1657 1649//1649 351//351
f 1658//1658 1650//1650 1647//1647
f 1658//1658 1498//1498 1650//1650
f 1658//1658 1499//1499 1498//1498
f 1658//1658 1500//1500 1499//1499
f 1658//1658 1647//1647 1655//1655
f 1659//1659 1651//1651 1656//1656
f 1660//1660 1652//1652 1649//1649
f 1660//1660 1649//1649 1657//1657
f 1661//1661 1653//1653 1651//1651
f 1661//1661 1651//1651 1659//1659
f 1662//1662 1654//1654 1652//1652
f 1662//1662 1652//1652 1660//1660
f 1663//1663 1655//1655 1653//1653
f 1663//1663 1653//1653 1661//1661
f 1664//1664 1656//1656 1654//1654
f 1664//1664 1654//1654 1662//1662
f 1665//1665 351//351 352//352
f 1665//1665 1657//1657 351//351
f 1666//1666 1655//1655 1663//1663
f 1666//1666 1500//1500 1658//1658
f 1666//1666 1658//1658 1655//1655
f 1667//1667 1656//1656 1664//1664
f 1667//1667 1659//1659 1656//1656
f 1668//1668 1657//1657 1665//1665
f 1668//1668 1660//1660 1657//1657
f 1669//1669 1661//1661 1659//1659
f 1669//1669 1659//1659 1667//1667
f 1670//1670 1662//1662 1660//1660
f 1670//1670 1660//1660 1668//1668
f 1671//1671 1663//1663 1661//1661
f 1671//1671 1661//1661 1669//1669
f 1672//1672 1664//1664 1662//1662
f 1672//1672 1662//1662 1670//1670
f 1673//1673 352//352 353//353
f 1673//1673 353//353 354//354
f 1673//1673 1665//1665 352//352
f 1674//1674 1666//1666 1663//1663
f 1674//1674 1663//1663 1671//1671
f 1674//1674 1501//1501 1500//1500
f 1674//1674 1502//1502 1501//1501
f 1674//1674 1500//1500 1666//1666
f 1675//1675 1664//1664 1672//1672
f 1675//1675 1667//1667 1664//1664
f 1676//1676 1668//1668 1665//1665
f 1676//1676 1665//1665 1673//1673
f 1677//1677 1669//1669 1667//1667
f 1677//1677 1671//1671 1669//1669
f 1677//1677 1667//1667 1675//1675
f 1678//1678 1670//1670 1668//1668
f 1678//1678 1668//1668 1676//1676
f 1679//1679 1671//1671 1677//1677
f 1680//1680 1672//1672 1670//1670
f 1680//1680 1670//1670 1678//1678
f 1681//1681 1673//1673 354//354
f 1682//1682 1674//1674 1671//1671
f 1682//1682 1502//1502 1674//1674
f 1682//1682 1671//1671 1679//1679
f 1682//1682 1503//1503 1502//1502
f 1683//1683 1672//1672 1680//1680
f 1683//1683 1675//1675 1672//1672
f 1684//1684 1676//1676 1673//1673
f 1684//1684 1678//1678 1676//1676
f 1684//1684 1673//1673 1681//1681
f 1685//1685 1677//1677 1675//1675
f 1685//1685 1675//1675 1683//1683
f 1686//1686 1680//1680 1678//1678
f 1686//1686 1678//1678 1684//1684
f 1687//1687 1679//1679 1677//1677
f 1687//1687 1677//1677 1685//1685
f 1688//1688 1680//1680 1686//1686
f 1689//1689 354//354 355//355
f 1689//1689 355//355 356//356
f 1689//1689 1681//1681 354//354
f 1690//1690 1682//1682 1679//1679
f 1690//1690 1503//1503 1682//1682
f 1690//1690 1679//1679 1687//1687
f 1691//1691 1683//1683 1680//1680
f 1691//1691 1680//1680 1688//1688
f 1692//1692 1686//1686 1684//1684
f 1692//1692 1684//1684 1681//1681
f 1692//1692 1681//1681 1689//1689
f 1693//1693 1685//1685 1683//1683
f 1693//1693 1687//1687 1685//1685
f 1693//1693 1683//1683 1691//1691
f 1694//1694 1688//1688 1686//1686
f 1694//1694 1686//1686 1692//1692
f 1695//1695 1687//1687 1693//1693
f 1696//1696 1688//1688 1694//1694
f 1697//1697 1689//1689 356//356
f 1698//1698 1687//1687 1695//1695
f 1698//1698 1504//1504 1503//1503
f 1698//1698 1503//1503 1690//1690
f 1698//1698 1690//1690 1687//1687
f 1699//1699 1688//1688 1696//1696
f 1699//1699 1691//1691 1688//1688
f 1700//1700 1689//1689 1697//1697
f 1700//1700 1692//1692 1689//1689
f 1701//1701 1695//1695 1693//1693
f 1701//1701 1691//1691 1699//1699
f 1701//1701 1693//1693 1691//1691
f 1702//1702 1692//1692 1700//1700
f 1702//1702 1694//1694 1692//1692
f 1703//1703 1695//1695 1701//1701
f 1704//1704 1696//1696 1694//1694
f 1704//1704 1694//1694 1702//1702
f 1705//1705 1697//1697 356//356
f 1705//1705 356//356 357//357
f 1705//1705 357//357 358//358
f 1706//1706 1695//1695 1703//1703
f 1706//1706 1505//1505 1504//1504
f 1706//1706 1698//1698 1695//1695
f 1706//1706 1504//1504 1698//1698
f 1707//1707 1699//1699 1696//1696
f 1707//1707 1696//1696 1704//1704
f 1708//1708 1700//1700 1697//1697
f 1708//1708 1697//1697 1705//1705
f 1709//1709 1701//1701 1699//1699
f 1709//1709 1699//1699 1707//1707
f 1710//1710 1704//1704 1702//1702
f 1710//1710 1702//1702 1700//1700
f 1710//1710 1700//1700 1708//1708
f 1711//1711 1706//1706 1703//1703
f 1711//1711 1703//1703 1701//1701
f 1711//1711 1701//1701 1709//1709
f 1712//1712 1704//1704 1710//1710
f 1713//1713 1705//1705 358//358
f 1714//1714 1505//1505 1706//1706
f 1714//1714 1706//1706 1711//1711
f 1714//1714 1506//1506 1505//1505
f 1714//1714 1507//1507 1506//1506
f 1715//1715 1707//1707 1704//1704
f 1715//1715 1704//1704 1712//1712
f 1716//1716 1708//1708 1705//1705
f 1716//1716 1705//1705 1713//1713
f 1717//1717 1709//1709 1707//1707
f 1717//1717 1711//1711 1709//1709
f 1717//1717 1707//1707 1715//1715
f 1718//1718 1710//1710 1708//1708
f 1718//1718 1708//1708 1716//1716
f 1719//1719 1711//1711 1717//1717
f 1720//1720 1712//1712 1710//1710
f 1720//1720 1710//1710 1718//1718
f 1721//1721 358//358 359//359
f 1721//1721 1713//1713 358//358
f 1722//1722 1714//1714 1711//1711
f 1722//1722 1507//1507 1714//1714
f 1722//1722 1711//1711 1719//1719
f 1723//1723 1715//1715 1712//1712
f 1723//1723 1712//1712 1720//1720
f 1724//1724 1713//1713 1721//1721
f 1724//1724 1716//1716 1713//1713
f 1725//1725 1717//1717 1715//1715
f 1725//1725 1715//1715 1723//1723
f 1726//1726 1716//1716 1724//1724
f 1726//1726 1718//1718 1716//1716
f 1727//1727 1719//1719 1717//1717
f 1727//1727 1717//1717 1725//1725
f 1728//1728 1720//1720 1718//1718
f 1728//1728 1718//1718 1726//1726
f 1729//1729 1721//1721 359//359
f 1729//1729 359//359 360//360
f 1729//1729 360//360 361//361
f 1730//1730 1508//1508 1507//1507
f 1730//1730 1507//1507 1722//1722
f 1730//1730 1722//1722 1719//1719
f 1730//1730 1719//1719 1727//1727
f 1731//1731 1723//1723 1720//1720
f 1731//1731 1720//1720 1728//1728
f 1732//1732 1721//1721 1729//1729
f 1732//1732 1724//1724 1721//1721
f 1733//1733 1723//1723 1731//1731
f 1733//1733 1725//1725 1723//1723
f 1734//1734 1724//1724 1732//1732
f 1734//1734 1726//1726 1724//1724
f 1735//1735 1725//1725 1733//1733
f 1735//1735 1730//1730 1727//1727
f 1735//1735 1727//1727 1725//1725
f 1736//1736 1728//1728 1726//1726
f 1736//1736 1726//1726 1734//1734
f 1737//1737 1729//1729 361//361
f 1738//1738 1730//1730 1735//1735
f 1738//1738 1509//1509 1508//1508
f 1738//1738 1508//1508 1730//1730
f 1739//1739 1731//1731 1728//1728
f 1739//1739 1728//1728 1736//1736
f 1740//1740 1732//1732 1729//1729
f 1740//1740 1734//1734 1732//1732
f 1740//1740 1729//1729 1737//1737
f 1741//1741 1733//1733 1731//1731
f 1741//1741 1731//1731 1739//1739
f 1742//1742 1734//1734 1740//1740
f 1743//1743 1735//1735 1733//1733
f 1743//1743 1733//1733 1741//1741
f 1744//1744 1736//1736 1734//1734
f 1744//1744 1739//1739 1736//1736
f 1744//1744 1734//1734 1742//1742
f 1745//1745 1737//1737 361//361
f 1745//1745 361//361 362//362
f 1745//1745 362//362 363//363
f 1746//1746 1738//1738 1735//1735
f 1746//1746 1509//1509 1738//1738
f 1746//1746 1735//1735 1743//1743
f 1746//1746 1510//1510 1509//1509
f 1747//1747 1739//1739 1744//1744
f 1748//1748 1742//1742 1740//1740
f 1748//1748 1737//1737 1745//1745
f 1748//1748 1740//1740 1737//1737
f 1749//1749 1741//1741 1739//1739
f 1749//1749 1739//1739 1747//1747
f 1750//1750 1742//1742 1748//1748
f 1751//1751 1743//1743 1741//1741
f 1751//1751 1746//1746 1743//1743
f 1751//1751 1741//1741 1749//1749
f 1752//1752 1744//1744 1742//1742
f 1752//1752 1742//1742 1750//1750
f 1753//1753 363//363 364//364
f 1753//1753 1745//1745 363//363
f 1754//1754 1746//1746 1751//1751
f 1754//1754 1510//1510 1746//1746
f 1754//1754 1511//1511 1510//1510
f 1755//1755 1747//1747 1744//1744
f 1755//1755 1744//1744 1752//1752
f 1756//1756 1748//1748 1745//1745
f 1756//1756 1745//1745 1753//1753
f 1757//1757 1749//1749 1747//1747
f 1757//1757 1747//1747 1755//1755
f 1758//1758 1748//1748 1756//1756
f 1758//1758 1750//1750 1748//1748
f 1759//1759 1751//1751 1749//1749
f 1759//1759 1749//1749 1757//1757
f 1760//1760 1752//1752 1750//1750
f 1760//1760 1755//1755 1752//1752
f 1760//1760 1750//1750 1758//1758
f 1761//1761 1753//1753 364//364
f 1762//1762 1754//1754 1751//1751
f 1762//1762 1751//1751 1759//1759
f 1762//1762 1511//1511 1754//1754
f 1762//1762 1512//1512 1511//1511
f 1763//1763 1755//1755 1760//1760
f 1764//1764 1758//1758 1756//1756
f 1764//1764 1756//1756 1753//1753
f 1764//1764 1753//1753 1761//1761
f 1765//1765 1757//1757 1755//1755
f 1765//1765 1755//1755 1763//1763
f 1766//1766 1758//1758 1764//1764
f 1767//1767 1757//1757 1765//1765
f 1767//1767 1762//1762 1759//1759
f 1767//1767 1759//1759 1757//1757
f 1768//1768 1760//1760 1758//1758
f 1768//1768 1758//1758 1766//1766
f 1769//1769 364//364 365//365
f 1769//1769 365//365 366//366
f 1769//1769 1761//1761 364//364
f 1770//1770 1512//1512 1762//1762
f 1770//1770 1762//1762 1767//1767
f 1770//1770 1513//1513 1512//1512
f 1770//1770 1514//1514 1513//1513
f 1771//1771 1760//1760 1768//1768
f 1771//1771 1763//1763 1760//1760
f 1772//1772 1761//1761 1769//1769
f 1772//1772 1764//1764 1761//1761
f 1773//1773 1763//1763 1771//1771
f 1773//1773 1765//1765 1763//1763
f 1774//1774 1766//1766 1764//1764
f 1774//1774 1764//1764 1772//1772
f 1774//1774 1768//1768 1766//1766
f 1775//1775 1767//1767 1765//1765
f 1775//1775 1765//1765 1773//1773
f 1775//1775 1770//1770 1767//1767
f 1776//1776 1768//1768 1774//1774
f 1777//1777 1769//1769 366//366
f 1778//1778 1514//1514 1770//1770
f 1778//1778 1770//1770 1775//1775
f 1779//1779 1771//1771 1768//1768
f 1779//1779 1768//1768 1776//1776
f 1780//1780 1774//1774 1772//1772
f 1780//1780 1772//1772 1769//1769
f 1780//1780 1769//1769 1777//1777
f 1781//1781 1773//1773 1771//1771
f 1781//1781 1775//1775 1773//1773
f 1781//1781 1771//1771 1779//1779
f 1782//1782 1774//1774 1780//1780
f 1783//1783 1775//1775 1781//1781
f 1784//1784 1776//1776 1774//1774
f 1784//1784 1774//1774 1782//1782
f 1785//1785 1777//1777 366//366
f 1785//1785 366//366 367//367
f 1785//1785 367//367 332//332
f 1785//1785 332//332 1474//1474
f 1785//1785 1474//1474 1475//1475
f 1786//1786 1514//1514 1778//1778
f 1786//1786 1778//1778 1775//1775
f 1786//1786 1775//1775 1783//1783
f 1786//1786 1515//1515 1514//1514
f 1787//1787 1779//1779 1776//1776
f 1787//1787 1776//1776 1784//1784
f 1788//1788 1777//1777 1785//1785
f 1788//1788 1780//1780 1777//1777
f 1788//1788 1785//1785 1475//1475
f 1789//1789 1781//1781 1779//1779
f 1789//1789 1779//1779 1787//1787
f 1790//1790 1475//1475 1476//1476
f 1790//1790 1476//1476 1477//1477
f 1790//1790 1780//1780 1788//1788
f 1790//1790 1784//1784 1782//1782
f 1790//1790 1782//1782 1780//1780
f 1790//1790 1788//1788 1475//1475
f 1791//1791 1783//1783 1781//1781
f 1791//1791 1781//1781 1789//1789
f 1792//1792 1790//1790 1477//1477
f 1792//1792 1784//1784 1790//1790
f 1793//1793 1786//1786 1783//1783
f 1793//1793 1515//1515 1786//1786
f 1793//1793 1783//1783 1791//1791
f 1793//1793 1516//1516 1515//1515
f 1794//1794 1477//1477 1478//1478
f 1794//1794 1478//1478 1479//1479
f 1794//1794 1787//1787 1784//1784
f 1794//1794 1784//1784 1792//1792
f 1794//1794 1792//1792 1477//1477
f 1795//1795 1789//1789 1787//1787
f 1795//1795 1787//1787 1794//1794
f 1795//1795 1791//1791 1789//1789
f 1795//1795 1794//1794 1479//1479
f 1796//1796 1791//1791 1795//1795
f 1796//1796 1479//1479 1480//1480
f 1796//1796 1480//1480 1481//1481
f 1796//1796 1795//1795 1479//1479
f 1797//1797 1796//1796 1481//1481
f 1797//1797 1481//1481 1517//1517
f 1797//1797 1791//1791 1796//1796
f 1797//1797 1517//1517 1516//1516
f 1797//1797 1793//1793 1791//1791
f 1797//1797 1516//1516 1793//1793
f 1813//1813 1805//1805 416//416
f 1813//1813 416//416 415//415
f 1812//1812 1804//1804 1805//1805
f 1812//1812 1805//1805 1813//1813
f 1811//1811 1803//1803 1804//1804
f 1811//1811 1804//1804 1812//1812
f 1810//1810 1802//1802 1803//1803
f 1810//1810 1803//1803 1811//1811
f 1809//1809 1800//1800 1801//1801
f 1809//1809 1801//1801 1802//1802
f 1809//1809 1802//1802 1810//1810
f 1808//1808 1800//1800 1809//1809
f 1807//1807 1798//1798 1799//1799
f 1807//1807 1799//1799 1800//1800
f 1807//1807 1800//1800 1808//1808
f 1806//1806 1798//1798 1807//1807
f 1141//1141 468//468 1798//1798
f 1141//1141 1798//1798 1806//1806
f 417//417 441//441 172//172
f 173//173 467//467 424//424
f 1814//1814 433//433 434//434
f 1814//1814 434//434 435//435
f 1815//1815 433//433 1814//1814
f 1816//1816 433//433 1815//1815
f 1817//1817 435//435 436//436
f 1817//1817 1814//1814 435//435
f 1817//1817 1815//1815 1814//1814
f 1818//1818 433//433 1816//1816
f 1819//1819 1815//1815 1817//1817
f 1819//1819 1816//1816 1815//1815
f 1820//1820 436//436 437//437
f 1820//1820 437//437 438//438
f 1820//1820 1817//1817 436//436
f 1821//1821 433//433 1818//1818
f 1822//1822 1816//1816 1819//1819
f 1822//1822 1818//1818 1816//1816
f 1823//1823 1817//1817 1820//1820
f 1823//1823 1819//1819 1817//1817
f 1824//1824 433//433 1821//1821
f 1825//1825 1821//1821 1818//1818
f 1825//1825 1818//1818 1822//1822
f 1826//1826 1822//1822 1819//1819
f 1826//1826 1819//1819 1823//1823
f 1827//1827 438//438 439//439
f 1827//1827 1823//1823 1820//1820
f 1827//1827 1820//1820 438//438
f 1828//1828 460//460 433//433
f 1828//1828 461//461 460//460
f 1828//1828 433//433 1824//1824
f 1829//1829 1824//1824 1821//1821
f 1829//1829 1821//1821 1825//1825
f 1830//1830 1825//1825 1822//1822
f 1830//1830 1822//1822 1826//1826
f 1831//1831 1826//1826 1823//1823
f 1831//1831 1823//1823 1827//1827
f 1832//1832 439//439 440//440
f 1832//1832 1827//1827 439//439
f 1833//1833 462//462 461//461
f 1833//1833 461//461 1828//1828
f 1833//1833 1828//1828 1824//1824
f 1833//1833 1824//1824 1829//1829
f 1834//1834 1829//1829 1825//1825
f 1834//1834 1825//1825 1830//1830
f 1835//1835 1826//1826 1831//1831
f 1835//1835 1830//1830 1826//1826
f 1836//1836 1831//1831 1827//1827
f 1836//1836 1827//1827 1832//1832
f 1837//1837 1833//1833 1829//1829
f 1837//1837 1829//1829 1834//1834
f 1838//1838 1834//1834 1830//1830
f 1838//1838 1830//1830 1835//1835
f 1839//1839 1835//1835 1831//1831
f 1839//1839 1831//1831 1836//1836
f 1840//1840 440//440 441//441
f 1840//1840 417//417 418//418
f 1840//1840 1836//1836 1832//1832
f 1840//1840 441//441 417//417
f 1840//1840 1832//1832 440//440
f 1841//1841 463//463 462//462
f 1841//1841 464//464 463//463
f 1841//1841 462//462 1833//1833
f 1841//1841 1833//1833 1837//1837
f 1842//1842 1834//1834 1838//1838
f 1842//1842 1837//1837 1834//1834
f 1843//1843 1838//1838 1835//1835
f 1843//1843 1835//1835 1839//1839
f 1844//1844 418//418 419//419
f 1844//1844 1839//1839 1836//1836
f 1844//1844 1840//1840 418//418
f 1844//1844 1836//1836 1840//1840
f 1845//1845 465//465 464//464
f 1845//1845 464//464 1841//1841
f 1845//1845 1841//1841 1837//1837
f 1845//1845 1837//1837 1842//1842
f 1846//1846 1838//1838 1843//1843
f 1846//1846 1842//1842 1838//1838
f 1847//1847 419//419 420//420
f 1847//1847 1843//1843 1839//1839
f 1847//1847 1839//1839 1844//1844
f 1847//1847 1844//1844 419//419
f 1848//1848 1845//1845 1842//1842
f 1848//1848 1842//1842 1846//1846
f 1849//1849 420//420 421//421
f 1849//1849 421//421 422//422
f 1849//1849 1847//1847 420//420
f 1849//1849 1843//1843 1847//1847
f 1849//1849 1846//1846 1843//1843
f 1850//1850 466//466 465//465
f 1850//1850 465//465 1845//1845
f 1850//1850 1845//1845 1848//1848
f 1851//1851 422//422 423//423
f 1851//1851 1849//1849 422//422
f 1851//1851 1848//1848 1846//1846
f 1851//1851 1846//1846 1849//1849
f 1852//1852 467//467 466//466
f 1852//1852 423//423 424//424
f 1852//1852 1851//1851 423//423
f 1852//1852 466//466 1850//1850
f 1852//1852 1850//1850 1848//1848
f 1852//1852 1848//1848 1851//1851
f 1852//1852 424//424 467//467
f 443//443 432//432 171//171
f 442//442 1140//1140 451//451
f 1853//1853 294//294 425//425
f 1853//1853 425//425 426//426
f 1854//1854 294//294 1853//1853
f 1855//1855 294//294 1854//1854
f 1856//1856 426//426 427//427
f 1856//1856 1853//1853 426//426
f 1856//1856 1854//1854 1853//1853
f 1857//1857 294//294 1855//1855
f 1858//1858 1854//1854 1856//1856
f 1858//1858 1855//1855 1854//1854
f 1859//1859 427//427 428//428
f 1859//1859 428//428 429//429
f 1859//1859 1856//1856 427//427
f 1860//1860 294//294 1857//1857
f 1861//1861 1857//1857 1855//1855
f 1861//1861 1855//1855 1858//1858
f 1862//1862 1858//1858 1856//1856
f 1862//1862 1856//1856 1859//1859
f 1863//1863 294//294 1860//1860
f 1864//1864 1860//1860 1857//1857
f 1864//1864 1857//1857 1861//1861
f 1865//1865 1861//1861 1858//1858
f 1865//1865 1858//1858 1862//1862
f 1866//1866 429//429 430//430
f 1866//1866 1862//1862 1859//1859
f 1866//1866 1859//1859 429//429
f 1867//1867 1133//1133 294//294
f 1867//1867 1134//1134 1133//1133
f 1867//1867 294//294 1863//1863
f 1868//1868 1863//1863 1860//1860
f 1868//1868 1860//1860 1864//1864
f 1869//1869 1864//1864 1861//1861
f 1869//1869 1861//1861 1865//1865
f 1870//1870 1865//1865 1862//1862
f 1870//1870 1862//1862 1866//1866
f 1871//1871 430//430 431//431
f 1871//1871 1866//1866 430//430
f 1872//1872 1863//1863 1868//1868
f 1872//1872 1135//1135 1134//1134
f 1872//1872 1134//1134 1867//1867
f 1872//1872 1867//1867 1863//1863
f 1873//1873 1864//1864 1869//1869
f 1873//1873 1868//1868 1864//1864
f 1874//1874 1865//1865 1870//1870
f 1874//1874 1869//1869 1865//1865
f 1875//1875 1870//1870 1866//1866
f 1875//1875 1866//1866 1871//1871
f 1876//1876 1868//1868 1873//1873
f 1876//1876 1872//1872 1868//1868
f 1877//1877 1869//1869 1874//1874
f 1877//1877 1873//1873 1869//1869
f 1878//1878 1874//1874 1870//1870
f 1878//1878 1870//1870 1875//1875
f 1879//1879 431//431 432//432
f 1879//1879 443//443 444//444
f 1879//1879 1875//1875 1871//1871
f 1879//1879 432//432 443//443
f 1879//1879 1871//1871 431//431
f 1880//1880 1135//1135 1872//1872
f 1880//1880 1136//1136 1135//1135
f 1880//1880 1872//1872 1876//1876
f 1880//1880 1137//1137 1136//1136
f 1881//1881 1873//1873 1877//1877
f 1881//1881 1876//1876 1873//1873
f 1882//1882 1874//1874 1878//1878
f 1882//1882 1877//1877 1874//1874
f 1883//1883 1879//1879 444//444
f 1883//1883 444//444 445//445
f 1883//1883 445//445 446//446
f 1883//1883 1878//1878 1875//1875
f 1883//1883 1875//1875 1879//1879
f 1884//1884 1138//1138 1137//1137
f 1884//1884 1880//1880 1876//1876
f 1884//1884 1137//1137 1880//1880
f 1884//1884 1876//1876 1881//1881
f 1885//1885 1881//1881 1877//1877
f 1885//1885 1877//1877 1882//1882
f 1886//1886 446//446 447//447
f 1886//1886 1882//1882 1878//1878
f 1886//1886 1878//1878 1883//1883
f 1886//1886 1883//1883 446//446
f 1887//1887 1881//1881 1885//1885
f 1887//1887 1884//1884 1881//1881
f 1888//1888 447//447 448//448
f 1888//1888 1886//1886 447//447
f 1888//1888 1885//1885 1882//1882
f 1888//1888 1882//1882 1886//1886
f 1889//1889 1139//1139 1138//1138
f 1889//1889 1138//1138 1884//1884
f 1889//1889 1884//1884 1887//1887
f 1890//1890 448//448 449//449
f 1890//1890 449//449 450//450
f 1890//1890 1887//1887 1885//1885
f 1890//1890 1885//1885 1888//1888
f 1890//1890 1888//1888 448//448
f 1891//1891 1140//1140 1139//1139
f 1891//1891 450//450 451//451
f 1891//1891 1139//1139 1889//1889
f 1891//1891 1889//1889 1887//1887
f 1891//1891 1887//1887 1890//1890
f 1891//1891 1890//1890 450//450
f 1891//1891 451//451 1140//1140
f 442//442 433//433 468//468
f 442//442 468//468 1141//1141
f 452//452 416//416 1805//1805
f 174//174 459//459 476//476
f 1892//1892 1798//1798 468//468
f 1892//1892 1799//1799 1798//1798
f 1893//1893 1892//1892 468//468
f 1894//1894 1893//1893 468//468
f 1895//1895 1800//1800 1799//1799
f 1895//1895 1799//1799 1892//1892
f 1895//1895 1892//1892 1893//1893
f 1896//1896 1894//1894 468//468
f 1897//1897 1895//1895 1893//1893
f 1897//1897 1893//1893 1894//1894
f 1898//1898 1801//1801 1800//1800
f 1898//1898 1802//1802 1801//1801
f 1898//1898 1800//1800 1895//1895
f 1899//1899 1896//1896 468//468
f 1900//1900 1897//1897 1894//1894
f 1900//1900 1894//1894 1896//1896
f 1901//1901 1898//1898 1895//1895
f 1901//1901 1895//1895 1897//1897
f 1902//1902 1899//1899 468//468
f 1903//1903 1896//1896 1899//1899
f 1903//1903 1900//1900 1896//1896
f 1904//1904 1897//1897 1900//1900
f 1904//1904 1901//1901 1897//1897
f 1905//1905 1803//1803 1802//1802
f 1905//1905 1898//1898 1901//1901
f 1905//1905 1802//1802 1898//1898
f 1906//1906 468//468 469//469
f 1906//1906 469//469 470//470
f 1906//1906 1902//1902 468//468
f 1907//1907 1899//1899 1902//1902
f 1907//1907 1903//1903 1899//1899
f 1908//1908 1900//1900 1903//1903
f 1908//1908 1904//1904 1900//1900
f 1909//1909 1901//1901 1904//1904
f 1909//1909 1905//1905 1901//1901
f 1910//1910 1804//1804 1803//1803
f 1910//1910 1803//1803 1905//1905
f 1911//1911 470//470 471//471
f 1911//1911 1906//1906 470//470
f 1911//1911 1902//1902 1906//1906
f 1911//1911 1907//1907 1902//1902
f 1912//1912 1903//1903 1907//1907
f 1912//1912 1908//1908 1903//1903
f 1913//1913 1909//1909 1904//1904
f 1913//1913 1904//1904 1908//1908
f 1914//1914 1905//1905 1909//1909
f 1914//1914 1910//1910 1905//1905
f 1915//1915 1907//1907 1911//1911
f 1915//1915 1912//1912 1907//1907
f 1916//1916 1908//1908 1912//1912
f 1916//1916 1913//1913 1908//1908
f 1917//1917 1909//1909 1913//1913
f 1917//1917 1914//1914 1909//1909
f 1918//1918 1805//1805 1804//1804
f 1918//1918 453//453 452//452
f 1918//1918 1910//1910 1914//1914
f 1918//1918 452//452 1805//1805
f 1918//1918 1804//1804 1910//1910
f 1919//1919 471//471 472//472
f 1919//1919 472//472 473//473
f 1919//1919 1911//1911 471//471
f 1919//1919 1915//1915 1911//1911
f 1920//1920 1916//1916 1912//1912
f 1920//1920 1912//1912 1915//1915
f 1921//1921 1913//1913 1916//1916
f 1921//1921 1917//1917 1913//1913
f 1922//1922 454//454 453//453
f 1922//1922 1914//1914 1917//1917
f 1922//1922 453//453 1918//1918
f 1922//1922 1918//1918 1914//1914
f 1923//1923 473//473 474//474
f 1923//1923 1919//1919 473//473
f 1923//1923 1915//1915 1919//1919
f 1923//1923 1920//1920 1915//1915
f 1924//1924 1921//1921 1916//1916
f 1924//1924 1916//1916 1920//1920
f 1925//1925 455//455 454//454
f 1925//1925 1917//1917 1921//1921
f 1925//1925 1922//1922 1917//1917
f 1925//1925 454//454 1922//1922
f 1926//1926 1920//1920 1923//1923
f 1926//1926 1924//1924 1920//1920
f 1927//1927 456//456 455//455
f 1927//1927 457//457 456//456
f 1927//1927 455//455 1925//1925
f 1927//1927 1925//1925 1921//1921
f 1927//1927 1921//1921 1924//1924
f 1928//1928 474//474 475//475
f 1928//1928 1923//1923 474//474
f 1928//1928 1926//1926 1923//1923
f 1929//1929 458//458 457//457
f 1929//1929 457//457 1927//1927
f 1929//1929 1924//1924 1926//1926
f 1929//1929 1927//1927 1924//1924
f 1930//1930 475//475 476//476
f 1930//1930 459//459 458//458
f 1930//1930 458//458 1929//1929
f 1930//1930 1928//1928 475//475
f 1930//1930 1926//1926 1928//1928
f 1930//1930 1929//1929 1926//1926
f 1930//1930 476//476 459//459
f 1159//1159 485//485 1158//1158
f 1159//1159 486//486 485//485
f 1160//1160 487//487 486//486
f 1160//1160 486//486 1159//1159
f 1161//1161 488//488 487//487
f 1161//1161 489//489 488//488
f 1161//1161 487//487 1160//1160
f 1162//1162 489//489 1161//1161
f 1163//1163 490//490 489//489
f 1163//1163 489//489 1162//1162
f 1164//1164 490//490 1163//1163
f 1164//1164 491//491 490//490
f 1165//1165 491//491 1164//1164
f 1165//1165 492//492 491//491
f 1166//1166 492//492 1165//1165
f 1166//1166 493//493 492//492
f 1167//1167 493//493 1166//1166
f 1167//1167 494//494 493//493
f 1167//1167 495//495 494//494
f 1168//1168 495//495 1167//1167
f 1169//1169 495//495 1168//1168
f 1169//1169 496//496 495//495
f 1170//1170 496//496 1169//1169
f 1170//1170 497//497 496//496
f 1170//1170 498//498 497//497
f 1171//1171 498//498 1170//1170
f 1172//1172 498//498 1171//1171
f 1172//1172 499//499 498//498
f 1173//1173 499//499 1172//1172
f 1173//1173 500//500 499//499
f 1173//1173 501//501 500//500
f 1174//1174 501//501 1173//1173
f 1175//1175 501//501 1174//1174
f 1175//1175 502//502 501//501
f 1176//1176 502//502 1175//1175
f 1176//1176 503//503 502//502
f 1177//1177 503//503 1176//1176
f 1177//1177 504//504 503//503
f 1178//1178 505//505 504//504
f 1178//1178 506//506 505//505
f 1178//1178 504//504 1177//1177
f 1179//1179 506//506 1178//1178
f 1180//1180 507//507 506//506
f 1180//1180 506//506 1179//1179
f 1181//1181 508//508 507//507
f 1181//1181 507//507 1180//1180
f 1182//1182 509//509 508//508
f 1182//1182 508//508 1181//1181
f 1183//1183 510//510 509//509
f 1183//1183 509//509 1182//1182
f 1184//1184 511//511 510//510
f 1184//1184 510//510 1183//1183
f 1185//1185 512//512 511//511
f 1185//1185 513//513 512//512
f 1185//1185 511//511 1184//1184
f 1186//1186 513//513 1185//1185
f 1186//1186 514//514 513//513
f 1187//1187 514//514 1186//1186
f 1188//1188 515//515 514//514
f 1188//1188 514//514 1187//1187
f 1189//1189 515//515 1188//1188
f 1189//1189 516//516 515//515
f 1190//1190 516//516 1189//1189
f 1190//1190 517//517 516//516
f 1191//1191 517//517 1190//1190
f 1191//1191 518//518 517//517
f 1192//1192 518//518 1191//1191
f 1192//1192 519//519 518//518
f 1193//1193 519//519 1192//1192
f 1193//1193 520//520 519//519
f 1193//1193 485//485 520//520
f 1158//1158 485//485 1193//1193
f 1483//1483 809//809 1482//1482
f 1483//1483 810//810 809//809
f 1484//1484 811//811 810//810
f 1484//1484 810//810 1483//1483
f 1485//1485 812//812 811//811
f 1485//1485 813//813 812//812
f 1485//1485 811//811 1484//1484
f 1486//1486 813//813 1485//1485
f 1487//1487 814//814 813//813
f 1487//1487 813//813 1486//1486
f 1488//1488 814//814 1487//1487
f 1488//1488 815//815 814//814
f 1489//1489 815//815 1488//1488
f 1489//1489 816//816 815//815
f 1490//1490 816//816 1489//1489
f 1490//1490 817//817 816//816
f 1491//1491 817//817 1490//1490
f 1491//1491 818//818 817//817
f 1491//1491 819//819 818//818
f 1492//1492 819//819 1491//1491
f 1493//1493 819//819 1492//1492
f 1493//1493 820//820 819//819
f 1494//1494 820//820 1493//1493
f 1494//1494 821//821 820//820
f 1494//1494 822//822 821//821
f 1495//1495 822//822 1494//1494
f 1496//1496 822//822 1495//1495
f 1496//1496 823//823 822//822
f 1497//1497 823//823 1496//1496
f 1497//1497 824//824 823//823
f 1497//1497 825//825 824//824
f 1498//1498 825//825 1497//1497
f 1499//1499 825//825 1498//1498
f 1499//1499 826//826 825//825
f 1500//1500 826//826 1499//1499
f 1500//1500 827//827 826//826
f 1501//1501 827//827 1500//1500
f 1501//1501 828//828 827//827
f 1502//1502 829//829 828//828
f 1502//1502 830//830 829//829
f 1502//1502 828//828 1501//1501
f 1503//1503 830//830 1502//1502
f 1504//1504 831//831 830//830
f 1504//1504 830//830 1503//1503
f 1505//1505 832//832 831//831
f 1505//1505 831//831 1504//1504
f 1506//1506 833//833 832//832
f 1506//1506 832//832 1505//1505
f 1507//1507 834//834 833//833
f 1507//1507 833//833 1506//1506
f 1508//1508 835//835 834//834
f 1508//1508 834//834 1507//1507
f 1509//1509 836//836 835//835
f 1509//1509 837//837 836//836
f 1509//1509 835//835 1508//1508
f 1510//1510 837//837 1509//1509
f 1510//1510 838//838 837//837
f 1511//1511 838//838 1510//1510
f 1512//1512 839//839 838//838
f 1512//1512 838//838 1511//1511
f 1513//1513 839//839 1512//1512
f 1513//1513 840//840 839//839
f 1514//1514 840//840 1513//1513
f 1514//1514 841//841 840//840
f 1515//1515 841//841 1514//1514
f 1515//1515 842//842 841//841
f 1516//1516 842//842 1515//1515
f 1516//1516 843//843 842//842
f 1517//1517 843//843 1516//1516
f 1517//1517 844//844 843//843
f 1517//1517 809//809 844//844
f 1482//1482 809//809 1517//1517
f 1125//1125 295//295 1149//1149
f 415//415 1132//1132 1813//1813
f 1931//1931 1142//1142 1141//1141
f 1931//1931 1143//1143 1142//1142
f 1932//1932 1931//1931 1141//1141
f 1933//1933 1932//1932 1141//1141
f 1934//1934 1144//1144 1143//1143
f 1934//1934 1143//1143 1931//1931
f 1934//1934 1931//1931 1932//1932
f 1935//1935 1933//1933 1141//1141
f 1936//1936 1934//1934 1932//1932
f 1936//1936 1932//1932 1933//1933
f 1937//1937 1145//1145 1144//1144
f 1937//1937 1146//1146 1145//1145
f 1937//1937 1144//1144 1934//1934
f 1938//1938 1935//1935 1141//1141
f 1939//1939 1936//1936 1933//1933
f 1939//1939 1933//1933 1935//1935
f 1940//1940 1937//1937 1934//1934
f 1940//1940 1934//1934 1936//1936
f 1941//1941 1938//1938 1141//1141
f 1942//1942 1935//1935 1938//1938
f 1942//1942 1939//1939 1935//1935
f 1943//1943 1936//1936 1939//1939
f 1943//1943 1940//1940 1936//1936
f 1944//1944 1147//1147 1146//1146
f 1944//1944 1937//1937 1940//1940
f 1944//1944 1146//1146 1937//1937
f 1945//1945 1141//1141 1806//1806
f 1945//1945 1806//1806 1807//1807
f 1945//1945 1941//1941 1141//1141
f 1946//1946 1938//1938 1941//1941
f 1946//1946 1942//1942 1938//1938
f 1947//1947 1939//1939 1942//1942
f 1947//1947 1943//1943 1939//1939
f 1948//1948 1940//1940 1943//1943
f 1948//1948 1944//1944 1940//1940
f 1949//1949 1148//1148 1147//1147
f 1949//1949 1147//1147 1944//1944
f 1950//1950 1807//1807 1808//1808
f 1950//1950 1945//1945 1807//1807
f 1950//1950 1941//1941 1945//1945
f 1950//1950 1946//1946 1941//1941
f 1951//1951 1942//1942 1946//1946
f 1951//1951 1947//1947 1942//1942
f 1952//1952 1948//1948 1943//1943
f 1952//1952 1943//1943 1947//1947
f 1953//1953 1944//1944 1948//1948
f 1953//1953 1949//1949 1944//1944
f 1954//1954 1946//1946 1950//1950
f 1954//1954 1951//1951 1946//1946
f 1955//1955 1947//1947 1951//1951
f 1955//1955 1952//1952 1947//1947
f 1956//1956 1948//1948 1952//1952
f 1956//1956 1953//1953 1948//1948
f 1957//1957 1149//1149 1148//1148
f 1957//1957 1126//1126 1125//1125
f 1957//1957 1949//1949 1953//1953
f 1957//1957 1125//1125 1149//1149
f 1957//1957 1148//1148 1949//1949
f 1958//1958 1808//1808 1809//1809
f 1958//1958 1809//1809 1810//1810
f 1958//1958 1950//1950 1808//1808
f 1958//1958 1954//1954 1950//1950
f 1959//1959 1955//1955 1951//1951
f 1959//1959 1951//1951 1954//1954
f 1960//1960 1952//1952 1955//1955
f 1960//1960 1956//1956 1952//1952
f 1961//1961 1127//1127 1126//1126
f 1961//1961 1953//1953 1956//1956
f 1961//1961 1126//1126 1957//1957
f 1961//1961 1957//1957 1953//1953
f 1962//1962 1810//1810 1811//1811
f 1962//1962 1958//1958 1810//1810
f 1962//1962 1954//1954 1958//1958
f 1962//1962 1959//1959 1954//1954
f 1963//1963 1960//1960 1955//1955
f 1963//1963 1955//1955 1959//1959
f 1964//1964 1128//1128 1127//1127
f 1964//1964 1956//1956 1960//1960
f 1964//1964 1961//1961 1956//1956
f 1964//1964 1127//1127 1961//1961
f 1965//1965 1959//1959 1962//1962
f 1965//1965 1963//1963 1959//1959
f 1966//1966 1129//1129 1128//1128
f 1966//1966 1130//1130 1129//1129
f 1966//1966 1128//1128 1964//1964
f 1966//1966 1964//1964 1960//1960
f 1966//1966 1960//1960 1963//1963
f 1967//1967 1811//1811 1812//1812
f 1967//1967 1962//1962 1811//1811
f 1967//1967 1965//1965 1962//1962
f 1968//1968 1131//1131 1130//1130
f 1968//1968 1130//1130 1966//1966
f 1968//1968 1963//1963 1965//1965
f 1968//1968 1966//1966 1963//1963
f 1969//1969 1812//1812 1813//1813
f 1969//1969 1132//1132 1131//1131
f 1969//1969 1131//1131 1968//1968
f 1969//1969 1967//1967 1812//1812
f 1969//1969 1965//1965 1967//1967
f 1969//1969 1968//1968 1965//1965
f 1969//1969 1813//1813 1132//1132
