# robocad OBJ
mtllib pin_base_two.mtl
o base
usemtl PLA_3375b7
v -0.05000 -0.00520 0.02420
v -0.05000 0.00520 0.02420
v -0.05000 -0.00520 -0.02420
v -0.05000 0.00520 -0.02420
v -0.04999 -0.00520 0.02434
v -0.04995 -0.00520 0.02447
v -0.04989 -0.00520 0.02460
v -0.04981 -0.00520 0.02471
v -0.04971 -0.00520 0.02481
v -0.04960 -0.00520 0.02489
v -0.04947 -0.00520 0.02495
v -0.04934 -0.00520 0.02499
v -0.04920 -0.00520 0.02500
v -0.04920 0.00520 0.02500
v -0.04999 0.00520 0.02434
v -0.04995 0.00520 0.02447
v -0.04989 0.00520 0.02460
v -0.04981 0.00520 0.02471
v -0.04971 0.00520 0.02481
v -0.04960 0.00520 0.02489
v -0.04947 0.00520 0.02495
v -0.04934 0.00520 0.02499
v -0.04920 -0.00600 0.02420
v -0.04934 -0.00599 0.02420
v -0.04947 -0.00595 0.02420
v -0.04960 -0.00589 0.02420
v -0.04971 -0.00581 0.02420
v -0.04981 -0.00571 0.02420
v -0.04989 -0.00560 0.02420
v -0.04995 -0.00547 0.02420
v -0.04999 -0.00534 0.02420
v -0.04920 -0.00600 -0.02420
v -0.04934 -0.00599 -0.02420
v -0.04947 -0.00595 -0.02420
v -0.04960 -0.00589 -0.02420
v -0.04971 -0.00581 -0.02420
v -0.04981 -0.00571 -0.02420
v -0.04989 -0.00560 -0.02420
v -0.04995 -0.00547 -0.02420
v -0.04999 -0.00534 -0.02420
v -0.04920 0.00600 0.02420
v -0.04934 0.00599 0.02420
v -0.04947 0.00595 0.02420
v -0.04960 0.00589 0.02420
v -0.04971 0.00581 0.02420
v -0.04981 0.00571 0.02420
v -0.04989 0.00560 0.02420
v -0.04995 0.00547 0.02420
v -0.04999 0.00534 0.02420
v -0.04920 0.00600 -0.02420
v -0.04999 0.00534 -0.02420
v -0.04995 0.00547 -0.02420
v -0.04989 0.00560 -0.02420
v -0.04981 0.00571 -0.02420
v -0.04971 0.00581 -0.02420
v -0.04960 0.00589 -0.02420
v -0.04947 0.00595 -0.02420
v -0.04934 0.00599 -0.02420
v -0.04999 -0.00520 -0.02433
v -0.04996 -0.00520 -0.02445
v -0.04991 -0.00520 -0.02456
v -0.04985 -0.00520 -0.02467
v -0.04977 -0.00520 -0.02477
v -0.04967 -0.00520 -0.02485
v -0.04956 -0.00520 -0.02491
v -0.04945 -0.00520 -0.02496
v -0.04933 -0.00520 -0.02499
v -0.04920 -0.00520 -0.02500
v -0.04920 0.00520 -0.02500
v -0.04934 0.00520 -0.02499
v -0.04947 0.00520 -0.02495
v -0.04960 0.00520 -0.02489
v -0.04971 0.00520 -0.02481
v -0.04981 0.00520 -0.02471
v -0.04989 0.00520 -0.02460
v -0.04995 0.00520 -0.02447
v -0.04999 0.00520 -0.02434
v -0.04920 -0.00599 0.02434
v -0.04920 -0.00595 0.02447
v -0.04920 -0.00589 0.02460
v -0.04920 -0.00581 0.02471
v -0.04920 -0.00571 0.02481
v -0.04920 -0.00560 0.02489
v -0.04920 -0.00547 0.02495
v -0.04920 -0.00534 0.02499
v -0.04938 -0.00598 0.02422
v -0.04937 -0.00598 0.02426
v -0.04935 -0.00598 0.02429
v -0.04954 -0.00592 0.02428
v -0.04933 -0.00598 0.02433
v -0.04951 -0.00592 0.02435
v -0.04970 -0.00583 0.02426
v -0.04929 -0.00598 0.02435
v -0.04947 -0.00592 0.02442
v -0.04967 -0.00583 0.02436
v -0.04926 -0.00598 0.02437
v -0.04942 -0.00592 0.02447
v -0.04962 -0.00583 0.02447
v -0.04981 -0.00570 0.02434
v -0.04922 -0.00598 0.02438
v -0.04935 -0.00592 0.02451
v -0.04955 -0.00583 0.02455
v -0.04976 -0.00570 0.02447
v -0.04992 -0.00555 0.02428
v -0.04928 -0.00592 0.02454
v -0.04947 -0.00583 0.02462
v -0.04969 -0.00570 0.02459
v -0.04988 -0.00555 0.02444
v -0.04936 -0.00583 0.02467
v -0.04959 -0.00570 0.02469
v -0.04981 -0.00555 0.02458
v -0.04996 -0.00538 0.02437
v -0.04926 -0.00583 0.02470
v -0.04947 -0.00570 0.02476
v -0.04971 -0.00555 0.02471
v -0.04990 -0.00538 0.02454
v -0.04934 -0.00570 0.02481
v -0.04958 -0.00555 0.02481
v -0.04981 -0.00538 0.02469
v -0.04944 -0.00555 0.02488
v -0.04969 -0.00538 0.02481
v -0.04928 -0.00555 0.02492
v -0.04954 -0.00538 0.02490
v -0.04937 -0.00538 0.02496
v -0.04920 0.00599 0.02434
v -0.04920 0.00595 0.02447
v -0.04920 0.00589 0.02460
v -0.04920 0.00581 0.02471
v -0.04920 0.00571 0.02481
v -0.04920 0.00560 0.02489
v -0.04920 0.00547 0.02495
v -0.04920 0.00534 0.02499
v -0.04938 0.00598 0.02422
v -0.04937 0.00598 0.02426
v -0.04935 0.00598 0.02429
v -0.04954 0.00592 0.02428
v -0.04933 0.00598 0.02433
v -0.04951 0.00592 0.02435
v -0.04970 0.00583 0.02426
v -0.04929 0.00598 0.02435
v -0.04947 0.00592 0.02442
v -0.04967 0.00583 0.02436
v -0.04926 0.00598 0.02437
v -0.04942 0.00592 0.02447
v -0.04962 0.00583 0.02447
v -0.04981 0.00570 0.02434
v -0.04922 0.00598 0.02438
v -0.04935 0.00592 0.02451
v -0.04955 0.00583 0.02455
v -0.04976 0.00570 0.02447
v -0.04992 0.00555 0.02428
v -0.04928 0.00592 0.02454
v -0.04947 0.00583 0.02462
v -0.04969 0.00570 0.02459
v -0.04988 0.00555 0.02444
v -0.04936 0.00583 0.02467
v -0.04959 0.00570 0.02469
v -0.04981 0.00555 0.02458
v -0.04996 0.00538 0.02437
v -0.04926 0.00583 0.02470
v -0.04947 0.00570 0.02476
v -0.04971 0.00555 0.02471
v -0.04990 0.00538 0.02454
v -0.04934 0.00570 0.02481
v -0.04958 0.00555 0.02481
v -0.04981 0.00538 0.02469
v -0.04944 0.00555 0.02488
v -0.04969 0.00538 0.02481
v -0.04928 0.00555 0.02492
v -0.04954 0.00538 0.02490
v -0.04937 0.00538 0.02496
v 0.04920 0.00520 0.02500
v 0.04920 -0.00520 0.02500
v 0.04920 -0.00600 0.02420
v 0.04920 -0.00600 -0.02420
v -0.02765 -0.00600 -0.00000
v -0.02769 -0.00600 -0.00041
v -0.02779 -0.00600 -0.00080
v -0.02796 -0.00600 -0.00117
v -0.02820 -0.00600 -0.00151
v -0.02849 -0.00600 -0.00180
v -0.02882 -0.00600 -0.00204
v -0.02920 -0.00600 -0.00221
v -0.02959 -0.00600 -0.00231
v -0.03000 -0.00600 -0.00235
v -0.03041 -0.00600 -0.00231
v -0.03080 -0.00600 -0.00221
v -0.03118 -0.00600 -0.00204
v -0.03151 -0.00600 -0.00180
v -0.03180 -0.00600 -0.00151
v -0.03204 -0.00600 -0.00118
v -0.03221 -0.00600 -0.00080
v -0.03231 -0.00600 -0.00041
v -0.03235 -0.00600 -0.00000
v -0.03231 -0.00600 0.00041
v -0.03221 -0.00600 0.00080
v -0.03204 -0.00600 0.00117
v -0.03180 -0.00600 0.00151
v -0.03151 -0.00600 0.00180
v -0.03118 -0.00600 0.00204
v -0.03080 -0.00600 0.00221
v -0.03041 -0.00600 0.00231
v -0.03000 -0.00600 0.00235
v -0.02959 -0.00600 0.00231
v -0.02920 -0.00600 0.00221
v -0.02883 -0.00600 0.00204
v -0.02849 -0.00600 0.00180
v -0.02820 -0.00600 0.00151
v -0.02796 -0.00600 0.00118
v -0.02779 -0.00600 0.00080
v -0.02769 -0.00600 0.00041
v 0.03235 -0.00600 -0.00000
v 0.03231 -0.00600 -0.00041
v 0.03221 -0.00600 -0.00080
v 0.03204 -0.00600 -0.00117
v 0.03180 -0.00600 -0.00151
v 0.03151 -0.00600 -0.00180
v 0.03118 -0.00600 -0.00204
v 0.03080 -0.00600 -0.00221
v 0.03041 -0.00600 -0.00231
v 0.03000 -0.00600 -0.00235
v 0.02959 -0.00600 -0.00231
v 0.02920 -0.00600 -0.00221
v 0.02882 -0.00600 -0.00204
v 0.02849 -0.00600 -0.00180
v 0.02820 -0.00600 -0.00151
v 0.02796 -0.00600 -0.00118
v 0.02779 -0.00600 -0.00080
v 0.02769 -0.00600 -0.00041
v 0.02765 -0.00600 -0.00000
v 0.02769 -0.00600 0.00041
v 0.02779 -0.00600 0.00080
v 0.02796 -0.00600 0.00117
v 0.02820 -0.00600 0.00151
v 0.02849 -0.00600 0.00180
v 0.02882 -0.00600 0.00204
v 0.02920 -0.00600 0.00221
v 0.02959 -0.00600 0.00231
v 0.03000 -0.00600 0.00235
v 0.03041 -0.00600 0.00231
v 0.03080 -0.00600 0.00221
v 0.03117 -0.00600 0.00204
v 0.03151 -0.00600 0.00180
v 0.03180 -0.00600 0.00151
v 0.03204 -0.00600 0.00118
v 0.03221 -0.00600 0.00080
v 0.03231 -0.00600 0.00041
v -0.04920 -0.00599 -0.02434
v -0.04920 -0.00595 -0.02447
v -0.04920 -0.00589 -0.02460
v -0.04920 -0.00581 -0.02471
v -0.04920 -0.00571 -0.02481
v -0.04920 -0.00560 -0.02489
v -0.04920 -0.00547 -0.02495
v -0.04920 -0.00534 -0.02499
v -0.04938 -0.00598 -0.02422
v -0.04937 -0.00598 -0.02426
v -0.04935 -0.00598 -0.02429
v -0.04954 -0.00592 -0.02428
v -0.04933 -0.00598 -0.02433
v -0.04951 -0.00592 -0.02435
v -0.04970 -0.00583 -0.02426
v -0.04929 -0.00598 -0.02435
v -0.04947 -0.00592 -0.02442
v -0.04967 -0.00583 -0.02436
v -0.04926 -0.00598 -0.02437
v -0.04942 -0.00592 -0.02447
v -0.04962 -0.00583 -0.02447
v -0.04981 -0.00570 -0.02434
v -0.04922 -0.00598 -0.02438
v -0.04935 -0.00592 -0.02451
v -0.04955 -0.00583 -0.02455
v -0.04976 -0.00570 -0.02447
v -0.04992 -0.00555 -0.02428
v -0.04928 -0.00592 -0.02454
v -0.04947 -0.00583 -0.02462
v -0.04969 -0.00570 -0.02459
v -0.04988 -0.00555 -0.02444
v -0.04936 -0.00583 -0.02467
v -0.04959 -0.00570 -0.02469
v -0.04981 -0.00555 -0.02458
v -0.04996 -0.00538 -0.02437
v -0.04926 -0.00583 -0.02470
v -0.04947 -0.00570 -0.02476
v -0.04971 -0.00555 -0.02471
v -0.04990 -0.00538 -0.02454
v -0.04934 -0.00570 -0.02481
v -0.04958 -0.00555 -0.02481
v -0.04981 -0.00538 -0.02469
v -0.04944 -0.00555 -0.02488
v -0.04969 -0.00538 -0.02481
v -0.04928 -0.00555 -0.02492
v -0.04954 -0.00538 -0.02490
v -0.04937 -0.00538 -0.02496
v 0.04920 0.00600 0.02420
v 0.04920 0.00600 -0.02420
v -0.02765 0.00600 -0.00000
v -0.02769 0.00600 -0.00041
v -0.02779 0.00600 -0.00080
v -0.02796 0.00600 -0.00117
v -0.02820 0.00600 -0.00151
v -0.02849 0.00600 -0.00180
v -0.02882 0.00600 -0.00204
v -0.02920 0.00600 -0.00221
v -0.02959 0.00600 -0.00231
v -0.03000 0.00600 -0.00235
v -0.03041 0.00600 -0.00231
v -0.03080 0.00600 -0.00221
v -0.03118 0.00600 -0.00204
v -0.03151 0.00600 -0.00180
v -0.03180 0.00600 -0.00151
v -0.03204 0.00600 -0.00118
v -0.03221 0.00600 -0.00080
v -0.03231 0.00600 -0.00041
v -0.03235 0.00600 -0.00000
v -0.03231 0.00600 0.00041
v -0.03221 0.00600 0.00080
v -0.03204 0.00600 0.00117
v -0.03180 0.00600 0.00151
v -0.03151 0.00600 0.00180
v -0.03118 0.00600 0.00204
v -0.03080 0.00600 0.00221
v -0.03041 0.00600 0.00231
v -0.03000 0.00600 0.00235
v -0.02959 0.00600 0.00231
v -0.02920 0.00600 0.00221
v -0.02883 0.00600 0.00204
v -0.02849 0.00600 0.00180
v -0.02820 0.00600 0.00151
v -0.02796 0.00600 0.00118
v -0.02779 0.00600 0.00080
v -0.02769 0.00600 0.00041
v 0.03235 0.00600 -0.00000
v 0.03231 0.00600 -0.00041
v 0.03221 0.00600 -0.00080
v 0.03204 0.00600 -0.00117
v 0.03180 0.00600 -0.00151
v 0.03151 0.00600 -0.00180
v 0.03118 0.00600 -0.00204
v 0.03080 0.00600 -0.00221
v 0.03041 0.00600 -0.00231
v 0.03000 0.00600 -0.00235
v 0.02959 0.00600 -0.00231
v 0.02920 0.00600 -0.00221
v 0.02882 0.00600 -0.00204
v 0.02849 0.00600 -0.00180
v 0.02820 0.00600 -0.00151
v 0.02796 0.00600 -0.00118
v 0.02779 0.00600 -0.00080
v 0.02769 0.00600 -0.00041
v 0.02765 0.00600 -0.00000
v 0.02769 0.00600 0.00041
v 0.02779 0.00600 0.00080
v 0.02796 0.00600 0.00117
v 0.02820 0.00600 0.00151
v 0.02849 0.00600 0.00180
v 0.02882 0.00600 0.00204
v 0.02920 0.00600 0.00221
v 0.02959 0.00600 0.00231
v 0.03000 0.00600 0.00235
v 0.03041 0.00600 0.00231
v 0.03080 0.00600 0.00221
v 0.03117 0.00600 0.00204
v 0.03151 0.00600 0.00180
v 0.03180 0.00600 0.00151
v 0.03204 0.00600 0.00118
v 0.03221 0.00600 0.00080
v 0.03231 0.00600 0.00041
v -0.04920 0.00534 -0.02499
v -0.04920 0.00547 -0.02495
v -0.04920 0.00560 -0.02489
v -0.04920 0.00571 -0.02481
v -0.04920 0.00581 -0.02471
v -0.04920 0.00589 -0.02460
v -0.04920 0.00595 -0.02447
v -0.04920 0.00599 -0.02434
v -0.04938 0.00522 -0.02498
v -0.04937 0.00526 -0.02498
v -0.04935 0.00529 -0.02498
v -0.04954 0.00528 -0.02492
v -0.04933 0.00533 -0.02498
v -0.04951 0.00535 -0.02492
v -0.04970 0.00526 -0.02483
v -0.04929 0.00535 -0.02498
v -0.04947 0.00542 -0.02492
v -0.04967 0.00536 -0.02483
v -0.04926 0.00537 -0.02498
v -0.04942 0.00547 -0.02492
v -0.04962 0.00547 -0.02483
v -0.04981 0.00534 -0.02470
v -0.04922 0.00538 -0.02498
v -0.04935 0.00551 -0.02492
v -0.04955 0.00555 -0.02483
v -0.04976 0.00547 -0.02470
v -0.04992 0.00528 -0.02455
v -0.04928 0.00554 -0.02492
v -0.04947 0.00562 -0.02483
v -0.04969 0.00559 -0.02470
v -0.04988 0.00544 -0.02455
v -0.04936 0.00567 -0.02483
v -0.04959 0.00569 -0.02470
v -0.04981 0.00558 -0.02455
v -0.04996 0.00537 -0.02438
v -0.04926 0.00570 -0.02483
v -0.04947 0.00576 -0.02470
v -0.04971 0.00571 -0.02455
v -0.04990 0.00554 -0.02438
v -0.04934 0.00581 -0.02470
v -0.04958 0.00581 -0.02455
v -0.04981 0.00569 -0.02438
v -0.04944 0.00588 -0.02455
v -0.04969 0.00581 -0.02438
v -0.04928 0.00592 -0.02455
v -0.04954 0.00590 -0.02438
v -0.04937 0.00596 -0.02438
v 0.04920 0.00520 -0.02500
v 0.04920 -0.00520 -0.02500
v 0.04920 -0.00534 0.02499
v 0.04920 -0.00547 0.02495
v 0.04920 -0.00560 0.02489
v 0.04920 -0.00571 0.02481
v 0.04920 -0.00581 0.02471
v 0.04920 -0.00589 0.02460
v 0.04920 -0.00595 0.02447
v 0.04920 -0.00599 0.02434
v 0.04920 0.00599 0.02434
v 0.04920 0.00595 0.02447
v 0.04920 0.00589 0.02460
v 0.04920 0.00581 0.02471
v 0.04920 0.00571 0.02481
v 0.04920 0.00560 0.02489
v 0.04920 0.00547 0.02495
v 0.04920 0.00534 0.02499
v 0.05000 -0.00520 0.02420
v 0.04999 -0.00520 0.02434
v 0.04995 -0.00520 0.02447
v 0.04989 -0.00520 0.02460
v 0.04981 -0.00520 0.02471
v 0.04971 -0.00520 0.02481
v 0.04960 -0.00520 0.02489
v 0.04947 -0.00520 0.02495
v 0.04934 -0.00520 0.02499
v 0.05000 0.00520 0.02420
v 0.04934 0.00520 0.02499
v 0.04947 0.00520 0.02495
v 0.04960 0.00520 0.02489
v 0.04971 0.00520 0.02481
v 0.04981 0.00520 0.02471
v 0.04989 0.00520 0.02460
v 0.04995 0.00520 0.02447
v 0.04999 0.00520 0.02434
v 0.04920 -0.00534 -0.02499
v 0.04920 -0.00547 -0.02495
v 0.04920 -0.00560 -0.02489
v 0.04920 -0.00571 -0.02481
v 0.04920 -0.00581 -0.02471
v 0.04920 -0.00589 -0.02460
v 0.04920 -0.00595 -0.02447
v 0.04920 -0.00599 -0.02434
v 0.04999 -0.00534 0.02420
v 0.04995 -0.00547 0.02420
v 0.04989 -0.00560 0.02420
v 0.04981 -0.00571 0.02420
v 0.04971 -0.00581 0.02420
v 0.04960 -0.00589 0.02420
v 0.04947 -0.00595 0.02420
v 0.04934 -0.00599 0.02420
v 0.05000 -0.00520 -0.02420
v 0.04999 -0.00534 -0.02420
v 0.04995 -0.00547 -0.02420
v 0.04989 -0.00560 -0.02420
v 0.04981 -0.00571 -0.02420
v 0.04971 -0.00581 -0.02420
v 0.04960 -0.00589 -0.02420
v 0.04947 -0.00595 -0.02420
v 0.04934 -0.00599 -0.02420
v -0.02779 -0.00599 -0.00000
v -0.02792 -0.00595 -0.00000
v -0.02805 -0.00589 -0.00000
v -0.02816 -0.00581 -0.00000
v -0.02826 -0.00571 -0.00000
v -0.02834 -0.00560 -0.00000
v -0.02840 -0.00547 -0.00000
v -0.02844 -0.00534 -0.00000
v -0.02845 -0.00520 -0.00000
v -0.02847 -0.00520 -0.00027
v -0.02854 -0.00520 -0.00053
v -0.02866 -0.00520 -0.00077
v -0.02881 -0.00520 -0.00100
v -0.02900 -0.00520 -0.00119
v -0.02923 -0.00520 -0.00134
v -0.02947 -0.00520 -0.00146
v -0.02973 -0.00520 -0.00153
v -0.03000 -0.00520 -0.00155
v -0.03027 -0.00520 -0.00153
v -0.03053 -0.00520 -0.00146
v -0.03078 -0.00520 -0.00134
v -0.03100 -0.00520 -0.00119
v -0.03119 -0.00520 -0.00100
v -0.03134 -0.00520 -0.00078
v -0.03146 -0.00520 -0.00053
v -0.03153 -0.00520 -0.00027
v -0.03155 -0.00520 -0.00000
v -0.03153 -0.00520 0.00027
v -0.03146 -0.00520 0.00053
v -0.03134 -0.00520 0.00077
v -0.03119 -0.00520 0.00100
v -0.03100 -0.00520 0.00119
v -0.03078 -0.00520 0.00134
v -0.03053 -0.00520 0.00146
v -0.03027 -0.00520 0.00153
v -0.03000 -0.00520 0.00155
v -0.02973 -0.00520 0.00153
v -0.02947 -0.00520 0.00146
v -0.02923 -0.00520 0.00134
v -0.02900 -0.00520 0.00119
v -0.02881 -0.00520 0.00100
v -0.02866 -0.00520 0.00078
v -0.02854 -0.00520 0.00053
v -0.02847 -0.00520 0.00027
v -0.02782 -0.00599 -0.00038
v -0.02796 -0.00595 -0.00036
v -0.02808 -0.00589 -0.00034
v -0.02792 -0.00599 -0.00076
v -0.02819 -0.00581 -0.00032
v -0.02805 -0.00595 -0.00071
v -0.02829 -0.00571 -0.00030
v -0.02817 -0.00589 -0.00067
v -0.02809 -0.00599 -0.00111
v -0.02837 -0.00560 -0.00029
v -0.02827 -0.00581 -0.00063
v -0.02820 -0.00595 -0.00104
v -0.02843 -0.00547 -0.00028
v -0.02837 -0.00571 -0.00059
v -0.02831 -0.00589 -0.00097
v -0.02846 -0.00534 -0.00027
v -0.02831 -0.00599 -0.00142
v -0.02844 -0.00560 -0.00057
v -0.02841 -0.00581 -0.00092
v -0.02841 -0.00595 -0.00133
v -0.02850 -0.00547 -0.00055
v -0.02850 -0.00571 -0.00087
v -0.02851 -0.00589 -0.00125
v -0.02853 -0.00534 -0.00053
v -0.02858 -0.00599 -0.00169
v -0.02856 -0.00560 -0.00083
v -0.02859 -0.00581 -0.00118
v -0.02867 -0.00595 -0.00159
v -0.02862 -0.00547 -0.00080
v -0.02867 -0.00571 -0.00112
v -0.02875 -0.00589 -0.00149
v -0.02865 -0.00534 -0.00078
v -0.02889 -0.00599 -0.00191
v -0.02873 -0.00560 -0.00107
v -0.02882 -0.00581 -0.00141
v -0.02896 -0.00595 -0.00180
v -0.02878 -0.00547 -0.00103
v -0.02888 -0.00571 -0.00133
v -0.02902 -0.00589 -0.00169
v -0.02880 -0.00534 -0.00100
v -0.02924 -0.00599 -0.00208
v -0.02893 -0.00560 -0.00127
v -0.02908 -0.00581 -0.00159
v -0.02929 -0.00595 -0.00195
v -0.02897 -0.00547 -0.00122
v -0.02913 -0.00571 -0.00150
v -0.02933 -0.00589 -0.00183
v -0.02900 -0.00534 -0.00120
v -0.02962 -0.00599 -0.00218
v -0.02917 -0.00560 -0.00144
v -0.02937 -0.00581 -0.00173
v -0.02964 -0.00595 -0.00204
v -0.02920 -0.00547 -0.00138
v -0.02941 -0.00571 -0.00163
v -0.02966 -0.00589 -0.00192
v -0.02922 -0.00534 -0.00135
v -0.03000 -0.00599 -0.00221
v -0.02943 -0.00560 -0.00156
v -0.02968 -0.00581 -0.00181
v -0.03000 -0.00595 -0.00208
v -0.02945 -0.00547 -0.00150
v -0.02970 -0.00571 -0.00171
v -0.03000 -0.00589 -0.00195
v -0.02947 -0.00534 -0.00147
v -0.03038 -0.00599 -0.00218
v -0.02971 -0.00560 -0.00163
v -0.03000 -0.00581 -0.00184
v -0.03036 -0.00595 -0.00204
v -0.02972 -0.00547 -0.00157
v -0.03000 -0.00571 -0.00174
v -0.03034 -0.00589 -0.00192
v -0.02973 -0.00534 -0.00154
v -0.03076 -0.00599 -0.00208
v -0.03000 -0.00560 -0.00166
v -0.03032 -0.00581 -0.00181
v -0.03071 -0.00595 -0.00195
v -0.03000 -0.00547 -0.00160
v -0.03030 -0.00571 -0.00171
v -0.03067 -0.00589 -0.00183
v -0.03000 -0.00534 -0.00156
v -0.03111 -0.00599 -0.00191
v -0.03029 -0.00560 -0.00163
v -0.03063 -0.00581 -0.00173
v -0.03104 -0.00595 -0.00180
v -0.03028 -0.00547 -0.00157
v -0.03059 -0.00571 -0.00163
v -0.03098 -0.00589 -0.00169
v -0.03027 -0.00534 -0.00154
v -0.03142 -0.00599 -0.00169
v -0.03057 -0.00560 -0.00156
v -0.03092 -0.00581 -0.00159
v -0.03133 -0.00595 -0.00159
v -0.03055 -0.00547 -0.00150
v -0.03087 -0.00571 -0.00150
v -0.03125 -0.00589 -0.00149
v -0.03053 -0.00534 -0.00147
v -0.03169 -0.00599 -0.00142
v -0.03083 -0.00560 -0.00144
v -0.03118 -0.00581 -0.00141
v -0.03159 -0.00595 -0.00133
v -0.03080 -0.00547 -0.00138
v -0.03112 -0.00571 -0.00133
v -0.03149 -0.00589 -0.00125
v -0.03078 -0.00534 -0.00135
v -0.03191 -0.00599 -0.00111
v -0.03107 -0.00560 -0.00127
v -0.03141 -0.00581 -0.00118
v -0.03180 -0.00595 -0.00104
v -0.03103 -0.00547 -0.00122
v -0.03133 -0.00571 -0.00112
v -0.03169 -0.00589 -0.00098
v -0.03100 -0.00534 -0.00120
v -0.03208 -0.00599 -0.00076
v -0.03127 -0.00560 -0.00107
v -0.03159 -0.00581 -0.00092
v -0.03195 -0.00595 -0.00071
v -0.03122 -0.00547 -0.00103
v -0.03150 -0.00571 -0.00087
v -0.03183 -0.00589 -0.00067
v -0.03120 -0.00534 -0.00100
v -0.03218 -0.00599 -0.00038
v -0.03144 -0.00560 -0.00083
v -0.03173 -0.00581 -0.00063
v -0.03204 -0.00595 -0.00036
v -0.03138 -0.00547 -0.00080
v -0.03163 -0.00571 -0.00059
v -0.03192 -0.00589 -0.00034
v -0.03135 -0.00534 -0.00078
v -0.03221 -0.00599 -0.00000
v -0.03156 -0.00560 -0.00057
v -0.03181 -0.00581 -0.00032
v -0.03208 -0.00595 -0.00000
v -0.03150 -0.00547 -0.00055
v -0.03171 -0.00571 -0.00030
v -0.03195 -0.00589 -0.00000
v -0.03147 -0.00534 -0.00053
v -0.03218 -0.00599 0.00038
v -0.03163 -0.00560 -0.00029
v -0.03184 -0.00581 -0.00000
v -0.03204 -0.00595 0.00036
v -0.03157 -0.00547 -0.00028
v -0.03174 -0.00571 -0.00000
v -0.03192 -0.00589 0.00034
v -0.03154 -0.00534 -0.00027
v -0.03208 -0.00599 0.00076
v -0.03166 -0.00560 -0.00000
v -0.03181 -0.00581 0.00032
v -0.03195 -0.00595 0.00071
v -0.03160 -0.00547 -0.00000
v -0.03171 -0.00571 0.00030
v -0.03183 -0.00589 0.00067
v -0.03156 -0.00534 -0.00000
v -0.03191 -0.00599 0.00111
v -0.03163 -0.00560 0.00029
v -0.03173 -0.00581 0.00063
v -0.03180 -0.00595 0.00104
v -0.03157 -0.00547 0.00028
v -0.03163 -0.00571 0.00059
v -0.03169 -0.00589 0.00097
v -0.03154 -0.00534 0.00027
v -0.03169 -0.00599 0.00142
v -0.03156 -0.00560 0.00057
v -0.03159 -0.00581 0.00092
v -0.03159 -0.00595 0.00133
v -0.03150 -0.00547 0.00055
v -0.03150 -0.00571 0.00087
v -0.03149 -0.00589 0.00125
v -0.03147 -0.00534 0.00053
v -0.03142 -0.00599 0.00169
v -0.03144 -0.00560 0.00083
v -0.03141 -0.00581 0.00118
v -0.03133 -0.00595 0.00159
v -0.03138 -0.00547 0.00080
v -0.03133 -0.00571 0.00112
v -0.03125 -0.00589 0.00149
v -0.03135 -0.00534 0.00078
v -0.03111 -0.00599 0.00191
v -0.03127 -0.00560 0.00107
v -0.03118 -0.00581 0.00141
v -0.03104 -0.00595 0.00180
v -0.03122 -0.00547 0.00103
v -0.03112 -0.00571 0.00133
v -0.03098 -0.00589 0.00169
v -0.03120 -0.00534 0.00100
v -0.03076 -0.00599 0.00208
v -0.03107 -0.00560 0.00127
v -0.03092 -0.00581 0.00159
v -0.03071 -0.00595 0.00195
v -0.03103 -0.00547 0.00122
v -0.03087 -0.00571 0.00150
v -0.03067 -0.00589 0.00183
v -0.03100 -0.00534 0.00120
v -0.03038 -0.00599 0.00218
v -0.03083 -0.00560 0.00144
v -0.03063 -0.00581 0.00173
v -0.03036 -0.00595 0.00204
v -0.03080 -0.00547 0.00138
v -0.03059 -0.00571 0.00163
v -0.03034 -0.00589 0.00192
v -0.03078 -0.00534 0.00135
v -0.03000 -0.00599 0.00221
v -0.03057 -0.00560 0.00156
v -0.03032 -0.00581 0.00181
v -0.03000 -0.00595 0.00208
v -0.03055 -0.00547 0.00150
v -0.03030 -0.00571 0.00171
v -0.03000 -0.00589 0.00195
v -0.03053 -0.00534 0.00147
v -0.02962 -0.00599 0.00218
v -0.03029 -0.00560 0.00163
v -0.03000 -0.00581 0.00184
v -0.02964 -0.00595 0.00204
v -0.03028 -0.00547 0.00157
v -0.03000 -0.00571 0.00174
v -0.02966 -0.00589 0.00192
v -0.03027 -0.00534 0.00154
v -0.02924 -0.00599 0.00208
v -0.03000 -0.00560 0.00166
v -0.02968 -0.00581 0.00181
v -0.02929 -0.00595 0.00195
v -0.03000 -0.00547 0.00160
v -0.02970 -0.00571 0.00171
v -0.02933 -0.00589 0.00183
v -0.03000 -0.00534 0.00156
v -0.02889 -0.00599 0.00191
v -0.02971 -0.00560 0.00163
v -0.02937 -0.00581 0.00173
v -0.02896 -0.00595 0.00180
v -0.02972 -0.00547 0.00157
v -0.02941 -0.00571 0.00163
v -0.02903 -0.00589 0.00169
v -0.02973 -0.00534 0.00154
v -0.02858 -0.00599 0.00169
v -0.02943 -0.00560 0.00156
v -0.02908 -0.00581 0.00159
v -0.02867 -0.00595 0.00159
v -0.02945 -0.00547 0.00150
v -0.02913 -0.00571 0.00150
v -0.02875 -0.00589 0.00149
v -0.02947 -0.00534 0.00147
v -0.02831 -0.00599 0.00142
v -0.02917 -0.00560 0.00144
v -0.02882 -0.00581 0.00141
v -0.02841 -0.00595 0.00133
v -0.02920 -0.00547 0.00138
v -0.02888 -0.00571 0.00133
v -0.02851 -0.00589 0.00125
v -0.02922 -0.00534 0.00135
v -0.02809 -0.00599 0.00111
v -0.02893 -0.00560 0.00127
v -0.02859 -0.00581 0.00118
v -0.02820 -0.00595 0.00104
v -0.02897 -0.00547 0.00122
v -0.02867 -0.00571 0.00112
v -0.02831 -0.00589 0.00098
v -0.02900 -0.00534 0.00120
v -0.02792 -0.00599 0.00076
v -0.02873 -0.00560 0.00107
v -0.02841 -0.00581 0.00092
v -0.02805 -0.00595 0.00071
v -0.02878 -0.00547 0.00103
v -0.02850 -0.00571 0.00087
v -0.02817 -0.00589 0.00067
v -0.02880 -0.00534 0.00100
v -0.02782 -0.00599 0.00038
v -0.02856 -0.00560 0.00083
v -0.02827 -0.00581 0.00063
v -0.02796 -0.00595 0.00036
v -0.02862 -0.00547 0.00080
v -0.02837 -0.00571 0.00059
v -0.02808 -0.00589 0.00034
v -0.02865 -0.00534 0.00078
v -0.02844 -0.00560 0.00057
v -0.02819 -0.00581 0.00032
v -0.02850 -0.00547 0.00055
v -0.02829 -0.00571 0.00030
v -0.02853 -0.00534 0.00053
v -0.02837 -0.00560 0.00029
v -0.02843 -0.00547 0.00028
v -0.02846 -0.00534 0.00027
v 0.03221 -0.00599 -0.00000
v 0.03208 -0.00595 -0.00000
v 0.03195 -0.00589 -0.00000
v 0.03184 -0.00581 -0.00000
v 0.03174 -0.00571 -0.00000
v 0.03166 -0.00560 -0.00000
v 0.03160 -0.00547 -0.00000
v 0.03156 -0.00534 -0.00000
v 0.03155 -0.00520 -0.00000
v 0.03153 -0.00520 -0.00027
v 0.03146 -0.00520 -0.00053
v 0.03134 -0.00520 -0.00077
v 0.03119 -0.00520 -0.00100
v 0.03100 -0.00520 -0.00119
v 0.03078 -0.00520 -0.00134
v 0.03053 -0.00520 -0.00146
v 0.03027 -0.00520 -0.00153
v 0.03000 -0.00520 -0.00155
v 0.02973 -0.00520 -0.00153
v 0.02947 -0.00520 -0.00146
v 0.02923 -0.00520 -0.00134
v 0.02900 -0.00520 -0.00119
v 0.02881 -0.00520 -0.00100
v 0.02866 -0.00520 -0.00078
v 0.02854 -0.00520 -0.00053
v 0.02847 -0.00520 -0.00027
v 0.02845 -0.00520 -0.00000
v 0.02847 -0.00520 0.00027
v 0.02854 -0.00520 0.00053
v 0.02866 -0.00520 0.00077
v 0.02881 -0.00520 0.00100
v 0.02900 -0.00520 0.00119
v 0.02922 -0.00520 0.00134
v 0.02947 -0.00520 0.00146
v 0.02973 -0.00520 0.00153
v 0.03000 -0.00520 0.00155
v 0.03027 -0.00520 0.00153
v 0.03053 -0.00520 0.00146
v 0.03077 -0.00520 0.00134
v 0.03100 -0.00520 0.00119
v 0.03119 -0.00520 0.00100
v 0.03134 -0.00520 0.00078
v 0.03146 -0.00520 0.00053
v 0.03153 -0.00520 0.00027
v 0.03218 -0.00599 -0.00038
v 0.03204 -0.00595 -0.00036
v 0.03192 -0.00589 -0.00034
v 0.03208 -0.00599 -0.00076
v 0.03181 -0.00581 -0.00032
v 0.03195 -0.00595 -0.00071
v 0.03171 -0.00571 -0.00030
v 0.03183 -0.00589 -0.00067
v 0.03191 -0.00599 -0.00111
v 0.03163 -0.00560 -0.00029
v 0.03173 -0.00581 -0.00063
v 0.03180 -0.00595 -0.00104
v 0.03157 -0.00547 -0.00028
v 0.03163 -0.00571 -0.00059
v 0.03169 -0.00589 -0.00097
v 0.03154 -0.00534 -0.00027
v 0.03169 -0.00599 -0.00142
v 0.03156 -0.00560 -0.00057
v 0.03159 -0.00581 -0.00092
v 0.03159 -0.00595 -0.00133
v 0.03150 -0.00547 -0.00055
v 0.03150 -0.00571 -0.00087
v 0.03149 -0.00589 -0.00125
v 0.03147 -0.00534 -0.00053
v 0.03142 -0.00599 -0.00169
v 0.03144 -0.00560 -0.00083
v 0.03141 -0.00581 -0.00118
v 0.03133 -0.00595 -0.00159
v 0.03138 -0.00547 -0.00080
v 0.03133 -0.00571 -0.00112
v 0.03125 -0.00589 -0.00149
v 0.03135 -0.00534 -0.00078
v 0.03111 -0.00599 -0.00191
v 0.03127 -0.00560 -0.00107
v 0.03118 -0.00581 -0.00141
v 0.03104 -0.00595 -0.00180
v 0.03122 -0.00547 -0.00103
v 0.03112 -0.00571 -0.00133
v 0.03098 -0.00589 -0.00169
v 0.03120 -0.00534 -0.00100
v 0.03076 -0.00599 -0.00208
v 0.03107 -0.00560 -0.00127
v 0.03092 -0.00581 -0.00159
v 0.03071 -0.00595 -0.00195
v 0.03103 -0.00547 -0.00122
v 0.03087 -0.00571 -0.00150
v 0.03067 -0.00589 -0.00183
v 0.03100 -0.00534 -0.00120
v 0.03038 -0.00599 -0.00218
v 0.03083 -0.00560 -0.00144
v 0.03063 -0.00581 -0.00173
v 0.03036 -0.00595 -0.00204
v 0.03080 -0.00547 -0.00138
v 0.03059 -0.00571 -0.00163
v 0.03034 -0.00589 -0.00192
v 0.03078 -0.00534 -0.00135
v 0.03000 -0.00599 -0.00221
v 0.03057 -0.00560 -0.00156
v 0.03032 -0.00581 -0.00181
v 0.03000 -0.00595 -0.00208
v 0.03055 -0.00547 -0.00150
v 0.03030 -0.00571 -0.00171
v 0.03000 -0.00589 -0.00195
v 0.03053 -0.00534 -0.00147
v 0.02962 -0.00599 -0.00218
v 0.03029 -0.00560 -0.00163
v 0.03000 -0.00581 -0.00184
v 0.02964 -0.00595 -0.00204
v 0.03028 -0.00547 -0.00157
v 0.03000 -0.00571 -0.00174
v 0.02966 -0.00589 -0.00192
v 0.03027 -0.00534 -0.00154
v 0.02924 -0.00599 -0.00208
v 0.03000 -0.00560 -0.00166
v 0.02968 -0.00581 -0.00181
v 0.02929 -0.00595 -0.00195
v 0.03000 -0.00547 -0.00160
v 0.02970 -0.00571 -0.00171
v 0.02933 -0.00589 -0.00183
v 0.03000 -0.00534 -0.00156
v 0.02889 -0.00599 -0.00191
v 0.02971 -0.00560 -0.00163
v 0.02937 -0.00581 -0.00173
v 0.02896 -0.00595 -0.00180
v 0.02972 -0.00547 -0.00157
v 0.02941 -0.00571 -0.00163
v 0.02902 -0.00589 -0.00169
v 0.02973 -0.00534 -0.00154
v 0.02858 -0.00599 -0.00169
v 0.02943 -0.00560 -0.00156
v 0.02908 -0.00581 -0.00159
v 0.02867 -0.00595 -0.00159
v 0.02945 -0.00547 -0.00150
v 0.02913 -0.00571 -0.00150
v 0.02875 -0.00589 -0.00149
v 0.02947 -0.00534 -0.00147
v 0.02831 -0.00599 -0.00142
v 0.02917 -0.00560 -0.00144
v 0.02882 -0.00581 -0.00141
v 0.02841 -0.00595 -0.00133
v 0.02920 -0.00547 -0.00138
v 0.02888 -0.00571 -0.00133
v 0.02851 -0.00589 -0.00125
v 0.02922 -0.00534 -0.00135
v 0.02809 -0.00599 -0.00111
v 0.02893 -0.00560 -0.00127
v 0.02859 -0.00581 -0.00118
v 0.02820 -0.00595 -0.00104
v 0.02897 -0.00547 -0.00122
v 0.02867 -0.00571 -0.00112
v 0.02831 -0.00589 -0.00098
v 0.02900 -0.00534 -0.00120
v 0.02792 -0.00599 -0.00076
v 0.02873 -0.00560 -0.00107
v 0.02841 -0.00581 -0.00092
v 0.02805 -0.00595 -0.00071
v 0.02878 -0.00547 -0.00103
v 0.02850 -0.00571 -0.00087
v 0.02817 -0.00589 -0.00067
v 0.02880 -0.00534 -0.00100
v 0.02782 -0.00599 -0.00038
v 0.02856 -0.00560 -0.00083
v 0.02827 -0.00581 -0.00063
v 0.02796 -0.00595 -0.00036
v 0.02862 -0.00547 -0.00080
v 0.02837 -0.00571 -0.00059
v 0.02808 -0.00589 -0.00034
v 0.02865 -0.00534 -0.00078
v 0.02779 -0.00599 -0.00000
v 0.02844 -0.00560 -0.00057
v 0.02819 -0.00581 -0.00032
v 0.02792 -0.00595 -0.00000
v 0.02850 -0.00547 -0.00055
v 0.02829 -0.00571 -0.00030
v 0.02805 -0.00589 -0.00000
v 0.02853 -0.00534 -0.00053
v 0.02782 -0.00599 0.00038
v 0.02837 -0.00560 -0.00029
v 0.02816 -0.00581 -0.00000
v 0.02796 -0.00595 0.00036
v 0.02843 -0.00547 -0.00028
v 0.02826 -0.00571 -0.00000
v 0.02808 -0.00589 0.00034
v 0.02846 -0.00534 -0.00027
v 0.02792 -0.00599 0.00076
v 0.02834 -0.00560 -0.00000
v 0.02819 -0.00581 0.00032
v 0.02805 -0.00595 0.00071
v 0.02840 -0.00547 -0.00000
v 0.02829 -0.00571 0.00030
v 0.02817 -0.00589 0.00067
v 0.02844 -0.00534 -0.00000
v 0.02809 -0.00599 0.00111
v 0.02837 -0.00560 0.00029
v 0.02827 -0.00581 0.00063
v 0.02820 -0.00595 0.00104
v 0.02843 -0.00547 0.00028
v 0.02837 -0.00571 0.00059
v 0.02831 -0.00589 0.00097
v 0.02846 -0.00534 0.00027
v 0.02831 -0.00599 0.00142
v 0.02844 -0.00560 0.00057
v 0.02841 -0.00581 0.00092
v 0.02841 -0.00595 0.00133
v 0.02850 -0.00547 0.00055
v 0.02850 -0.00571 0.00087
v 0.02851 -0.00589 0.00125
v 0.02853 -0.00534 0.00053
v 0.02858 -0.00599 0.00169
v 0.02856 -0.00560 0.00083
v 0.02859 -0.00581 0.00118
v 0.02867 -0.00595 0.00159
v 0.02862 -0.00547 0.00080
v 0.02867 -0.00571 0.00112
v 0.02875 -0.00589 0.00149
v 0.02865 -0.00534 0.00078
v 0.02889 -0.00599 0.00191
v 0.02873 -0.00560 0.00107
v 0.02882 -0.00581 0.00141
v 0.02896 -0.00595 0.00180
v 0.02878 -0.00547 0.00103
v 0.02888 -0.00571 0.00133
v 0.02902 -0.00589 0.00169
v 0.02880 -0.00534 0.00100
v 0.02924 -0.00599 0.00208
v 0.02893 -0.00560 0.00127
v 0.02908 -0.00581 0.00159
v 0.02929 -0.00595 0.00195
v 0.02897 -0.00547 0.00122
v 0.02913 -0.00571 0.00150
v 0.02933 -0.00589 0.00183
v 0.02900 -0.00534 0.00120
v 0.02962 -0.00599 0.00218
v 0.02917 -0.00560 0.00144
v 0.02937 -0.00581 0.00173
v 0.02964 -0.00595 0.00204
v 0.02920 -0.00547 0.00138
v 0.02941 -0.00571 0.00163
v 0.02966 -0.00589 0.00192
v 0.02922 -0.00534 0.00135
v 0.03000 -0.00599 0.00221
v 0.02943 -0.00560 0.00156
v 0.02968 -0.00581 0.00181
v 0.03000 -0.00595 0.00208
v 0.02945 -0.00547 0.00150
v 0.02970 -0.00571 0.00171
v 0.03000 -0.00589 0.00195
v 0.02947 -0.00534 0.00147
v 0.03038 -0.00599 0.00218
v 0.02971 -0.00560 0.00163
v 0.03000 -0.00581 0.00184
v 0.03036 -0.00595 0.00204
v 0.02972 -0.00547 0.00157
v 0.03000 -0.00571 0.00174
v 0.03034 -0.00589 0.00192
v 0.02973 -0.00534 0.00154
v 0.03076 -0.00599 0.00208
v 0.03000 -0.00560 0.00166
v 0.03032 -0.00581 0.00181
v 0.03071 -0.00595 0.00195
v 0.03000 -0.00547 0.00160
v 0.03030 -0.00571 0.00171
v 0.03067 -0.00589 0.00183
v 0.03000 -0.00534 0.00156
v 0.03111 -0.00599 0.00191
v 0.03029 -0.00560 0.00163
v 0.03063 -0.00581 0.00173
v 0.03104 -0.00595 0.00180
v 0.03028 -0.00547 0.00157
v 0.03059 -0.00571 0.00163
v 0.03097 -0.00589 0.00169
v 0.03027 -0.00534 0.00154
v 0.03142 -0.00599 0.00169
v 0.03057 -0.00560 0.00156
v 0.03092 -0.00581 0.00159
v 0.03133 -0.00595 0.00159
v 0.03055 -0.00547 0.00150
v 0.03087 -0.00571 0.00150
v 0.03125 -0.00589 0.00149
v 0.03053 -0.00534 0.00147
v 0.03169 -0.00599 0.00142
v 0.03083 -0.00560 0.00144
v 0.03118 -0.00581 0.00141
v 0.03159 -0.00595 0.00133
v 0.03080 -0.00547 0.00138
v 0.03112 -0.00571 0.00133
v 0.03149 -0.00589 0.00125
v 0.03078 -0.00534 0.00135
v 0.03191 -0.00599 0.00111
v 0.03107 -0.00560 0.00127
v 0.03141 -0.00581 0.00118
v 0.03180 -0.00595 0.00104
v 0.03103 -0.00547 0.00122
v 0.03133 -0.00571 0.00112
v 0.03169 -0.00589 0.00098
v 0.03100 -0.00534 0.00120
v 0.03208 -0.00599 0.00076
v 0.03127 -0.00560 0.00107
v 0.03159 -0.00581 0.00092
v 0.03195 -0.00595 0.00071
v 0.03122 -0.00547 0.00103
v 0.03150 -0.00571 0.00087
v 0.03183 -0.00589 0.00067
v 0.03120 -0.00534 0.00100
v 0.03218 -0.00599 0.00038
v 0.03144 -0.00560 0.00083
v 0.03173 -0.00581 0.00063
v 0.03204 -0.00595 0.00036
v 0.03138 -0.00547 0.00080
v 0.03163 -0.00571 0.00059
v 0.03192 -0.00589 0.00034
v 0.03135 -0.00534 0.00078
v 0.03156 -0.00560 0.00057
v 0.03181 -0.00581 0.00032
v 0.03150 -0.00547 0.00055
v 0.03171 -0.00571 0.00030
v 0.03147 -0.00534 0.00053
v 0.03163 -0.00560 0.00029
v 0.03157 -0.00547 0.00028
v 0.03154 -0.00534 0.00027
v 0.04920 0.00599 -0.02433
v 0.04920 0.00596 -0.02445
v 0.04920 0.00591 -0.02456
v 0.04920 0.00585 -0.02467
v 0.04920 0.00577 -0.02477
v 0.04920 0.00567 -0.02485
v 0.04920 0.00556 -0.02491
v 0.04920 0.00545 -0.02496
v 0.04920 0.00533 -0.02499
v 0.04934 0.00599 0.02420
v 0.04947 0.00595 0.02420
v 0.04960 0.00589 0.02420
v 0.04971 0.00581 0.02420
v 0.04981 0.00571 0.02420
v 0.04989 0.00560 0.02420
v 0.04995 0.00547 0.02420
v 0.04999 0.00534 0.02420
v 0.05000 0.00520 -0.02420
v 0.04999 0.00534 -0.02420
v 0.04995 0.00547 -0.02420
v 0.04989 0.00560 -0.02420
v 0.04981 0.00571 -0.02420
v 0.04971 0.00581 -0.02420
v 0.04960 0.00589 -0.02420
v 0.04947 0.00595 -0.02420
v 0.04934 0.00599 -0.02420
v -0.02779 0.00599 -0.00000
v -0.02792 0.00595 -0.00000
v -0.02805 0.00589 -0.00000
v -0.02816 0.00581 -0.00000
v -0.02826 0.00571 -0.00000
v -0.02834 0.00560 -0.00000
v -0.02840 0.00547 -0.00000
v -0.02844 0.00534 -0.00000
v -0.02845 0.00520 -0.00000
v -0.02847 0.00520 -0.00027
v -0.02854 0.00520 -0.00053
v -0.02866 0.00520 -0.00077
v -0.02881 0.00520 -0.00100
v -0.02900 0.00520 -0.00119
v -0.02923 0.00520 -0.00134
v -0.02947 0.00520 -0.00146
v -0.02973 0.00520 -0.00153
v -0.03000 0.00520 -0.00155
v -0.03027 0.00520 -0.00153
v -0.03053 0.00520 -0.00146
v -0.03078 0.00520 -0.00134
v -0.03100 0.00520 -0.00119
v -0.03119 0.00520 -0.00100
v -0.03134 0.00520 -0.00078
v -0.03146 0.00520 -0.00053
v -0.03153 0.00520 -0.00027
v -0.03155 0.00520 -0.00000
v -0.03153 0.00520 0.00027
v -0.03146 0.00520 0.00053
v -0.03134 0.00520 0.00077
v -0.03119 0.00520 0.00100
v -0.03100 0.00520 0.00119
v -0.03078 0.00520 0.00134
v -0.03053 0.00520 0.00146
v -0.03027 0.00520 0.00153
v -0.03000 0.00520 0.00155
v -0.02973 0.00520 0.00153
v -0.02947 0.00520 0.00146
v -0.02923 0.00520 0.00134
v -0.02900 0.00520 0.00119
v -0.02881 0.00520 0.00100
v -0.02866 0.00520 0.00078
v -0.02854 0.00520 0.00053
v -0.02847 0.00520 0.00027
v -0.02782 0.00599 -0.00038
v -0.02796 0.00595 -0.00036
v -0.02808 0.00589 -0.00034
v -0.02792 0.00599 -0.00076
v -0.02819 0.00581 -0.00032
v -0.02805 0.00595 -0.00071
v -0.02829 0.00571 -0.00030
v -0.02817 0.00589 -0.00067
v -0.02809 0.00599 -0.00111
v -0.02837 0.00560 -0.00029
v -0.02827 0.00581 -0.00063
v -0.02820 0.00595 -0.00104
v -0.02843 0.00547 -0.00028
v -0.02837 0.00571 -0.00059
v -0.02831 0.00589 -0.00097
v -0.02846 0.00534 -0.00027
v -0.02831 0.00599 -0.00142
v -0.02844 0.00560 -0.00057
v -0.02841 0.00581 -0.00092
v -0.02841 0.00595 -0.00133
v -0.02850 0.00547 -0.00055
v -0.02850 0.00571 -0.00087
v -0.02851 0.00589 -0.00125
v -0.02853 0.00534 -0.00053
v -0.02858 0.00599 -0.00169
v -0.02856 0.00560 -0.00083
v -0.02859 0.00581 -0.00118
v -0.02867 0.00595 -0.00159
v -0.02862 0.00547 -0.00080
v -0.02867 0.00571 -0.00112
v -0.02875 0.00589 -0.00149
v -0.02865 0.00534 -0.00078
v -0.02889 0.00599 -0.00191
v -0.02873 0.00560 -0.00107
v -0.02882 0.00581 -0.00141
v -0.02896 0.00595 -0.00180
v -0.02878 0.00547 -0.00103
v -0.02888 0.00571 -0.00133
v -0.02902 0.00589 -0.00169
v -0.02880 0.00534 -0.00100
v -0.02924 0.00599 -0.00208
v -0.02893 0.00560 -0.00127
v -0.02908 0.00581 -0.00159
v -0.02929 0.00595 -0.00195
v -0.02897 0.00547 -0.00122
v -0.02913 0.00571 -0.00150
v -0.02933 0.00589 -0.00183
v -0.02900 0.00534 -0.00120
v -0.02962 0.00599 -0.00218
v -0.02917 0.00560 -0.00144
v -0.02937 0.00581 -0.00173
v -0.02964 0.00595 -0.00204
v -0.02920 0.00547 -0.00138
v -0.02941 0.00571 -0.00163
v -0.02966 0.00589 -0.00192
v -0.02922 0.00534 -0.00135
v -0.03000 0.00599 -0.00221
v -0.02943 0.00560 -0.00156
v -0.02968 0.00581 -0.00181
v -0.03000 0.00595 -0.00208
v -0.02945 0.00547 -0.00150
v -0.02970 0.00571 -0.00171
v -0.03000 0.00589 -0.00195
v -0.02947 0.00534 -0.00147
v -0.03038 0.00599 -0.00218
v -0.02971 0.00560 -0.00163
v -0.03000 0.00581 -0.00184
v -0.03036 0.00595 -0.00204
v -0.02972 0.00547 -0.00157
v -0.03000 0.00571 -0.00174
v -0.03034 0.00589 -0.00192
v -0.02973 0.00534 -0.00154
v -0.03076 0.00599 -0.00208
v -0.03000 0.00560 -0.00166
v -0.03032 0.00581 -0.00181
v -0.03071 0.00595 -0.00195
v -0.03000 0.00547 -0.00160
v -0.03030 0.00571 -0.00171
v -0.03067 0.00589 -0.00183
v -0.03000 0.00534 -0.00156
v -0.03111 0.00599 -0.00191
v -0.03029 0.00560 -0.00163
v -0.03063 0.00581 -0.00173
v -0.03104 0.00595 -0.00180
v -0.03028 0.00547 -0.00157
v -0.03059 0.00571 -0.00163
v -0.03098 0.00589 -0.00169
v -0.03027 0.00534 -0.00154
v -0.03142 0.00599 -0.00169
v -0.03057 0.00560 -0.00156
v -0.03092 0.00581 -0.00159
v -0.03133 0.00595 -0.00159
v -0.03055 0.00547 -0.00150
v -0.03087 0.00571 -0.00150
v -0.03125 0.00589 -0.00149
v -0.03053 0.00534 -0.00147
v -0.03169 0.00599 -0.00142
v -0.03083 0.00560 -0.00144
v -0.03118 0.00581 -0.00141
v -0.03159 0.00595 -0.00133
v -0.03080 0.00547 -0.00138
v -0.03112 0.00571 -0.00133
v -0.03149 0.00589 -0.00125
v -0.03078 0.00534 -0.00135
v -0.03191 0.00599 -0.00111
v -0.03107 0.00560 -0.00127
v -0.03141 0.00581 -0.00118
v -0.03180 0.00595 -0.00104
v -0.03103 0.00547 -0.00122
v -0.03133 0.00571 -0.00112
v -0.03169 0.00589 -0.00098
v -0.03100 0.00534 -0.00120
v -0.03208 0.00599 -0.00076
v -0.03127 0.00560 -0.00107
v -0.03159 0.00581 -0.00092
v -0.03195 0.00595 -0.00071
v -0.03122 0.00547 -0.00103
v -0.03150 0.00571 -0.00087
v -0.03183 0.00589 -0.00067
v -0.03120 0.00534 -0.00100
v -0.03218 0.00599 -0.00038
v -0.03144 0.00560 -0.00083
v -0.03173 0.00581 -0.00063
v -0.03204 0.00595 -0.00036
v -0.03138 0.00547 -0.00080
v -0.03163 0.00571 -0.00059
v -0.03192 0.00589 -0.00034
v -0.03135 0.00534 -0.00078
v -0.03221 0.00599 -0.00000
v -0.03156 0.00560 -0.00057
v -0.03181 0.00581 -0.00032
v -0.03208 0.00595 -0.00000
v -0.03150 0.00547 -0.00055
v -0.03171 0.00571 -0.00030
v -0.03195 0.00589 -0.00000
v -0.03147 0.00534 -0.00053
v -0.03218 0.00599 0.00038
v -0.03163 0.00560 -0.00029
v -0.03184 0.00581 -0.00000
v -0.03204 0.00595 0.00036
v -0.03157 0.00547 -0.00028
v -0.03174 0.00571 -0.00000
v -0.03192 0.00589 0.00034
v -0.03154 0.00534 -0.00027
v -0.03208 0.00599 0.00076
v -0.03166 0.00560 -0.00000
v -0.03181 0.00581 0.00032
v -0.03195 0.00595 0.00071
v -0.03160 0.00547 -0.00000
v -0.03171 0.00571 0.00030
v -0.03183 0.00589 0.00067
v -0.03156 0.00534 -0.00000
v -0.03191 0.00599 0.00111
v -0.03163 0.00560 0.00029
v -0.03173 0.00581 0.00063
v -0.03180 0.00595 0.00104
v -0.03157 0.00547 0.00028
v -0.03163 0.00571 0.00059
v -0.03169 0.00589 0.00097
v -0.03154 0.00534 0.00027
v -0.03169 0.00599 0.00142
v -0.03156 0.00560 0.00057
v -0.03159 0.00581 0.00092
v -0.03159 0.00595 0.00133
v -0.03150 0.00547 0.00055
v -0.03150 0.00571 0.00087
v -0.03149 0.00589 0.00125
v -0.03147 0.00534 0.00053
v -0.03142 0.00599 0.00169
v -0.03144 0.00560 0.00083
v -0.03141 0.00581 0.00118
v -0.03133 0.00595 0.00159
v -0.03138 0.00547 0.00080
v -0.03133 0.00571 0.00112
v -0.03125 0.00589 0.00149
v -0.03135 0.00534 0.00078
v -0.03111 0.00599 0.00191
v -0.03127 0.00560 0.00107
v -0.03118 0.00581 0.00141
v -0.03104 0.00595 0.00180
v -0.03122 0.00547 0.00103
v -0.03112 0.00571 0.00133
v -0.03098 0.00589 0.00169
v -0.03120 0.00534 0.00100
v -0.03076 0.00599 0.00208
v -0.03107 0.00560 0.00127
v -0.03092 0.00581 0.00159
v -0.03071 0.00595 0.00195
v -0.03103 0.00547 0.00122
v -0.03087 0.00571 0.00150
v -0.03067 0.00589 0.00183
v -0.03100 0.00534 0.00120
v -0.03038 0.00599 0.00218
v -0.03083 0.00560 0.00144
v -0.03063 0.00581 0.00173
v -0.03036 0.00595 0.00204
v -0.03080 0.00547 0.00138
v -0.03059 0.00571 0.00163
v -0.03034 0.00589 0.00192
v -0.03078 0.00534 0.00135
v -0.03000 0.00599 0.00221
v -0.03057 0.00560 0.00156
v -0.03032 0.00581 0.00181
v -0.03000 0.00595 0.00208
v -0.03055 0.00547 0.00150
v -0.03030 0.00571 0.00171
v -0.03000 0.00589 0.00195
v -0.03053 0.00534 0.00147
v -0.02962 0.00599 0.00218
v -0.03029 0.00560 0.00163
v -0.03000 0.00581 0.00184
v -0.02964 0.00595 0.00204
v -0.03028 0.00547 0.00157
v -0.03000 0.00571 0.00174
v -0.02966 0.00589 0.00192
v -0.03027 0.00534 0.00154
v -0.02924 0.00599 0.00208
v -0.03000 0.00560 0.00166
v -0.02968 0.00581 0.00181
v -0.02929 0.00595 0.00195
v -0.03000 0.00547 0.00160
v -0.02970 0.00571 0.00171
v -0.02933 0.00589 0.00183
v -0.03000 0.00534 0.00156
v -0.02889 0.00599 0.00191
v -0.02971 0.00560 0.00163
v -0.02937 0.00581 0.00173
v -0.02896 0.00595 0.00180
v -0.02972 0.00547 0.00157
v -0.02941 0.00571 0.00163
v -0.02903 0.00589 0.00169
v -0.02973 0.00534 0.00154
v -0.02858 0.00599 0.00169
v -0.02943 0.00560 0.00156
v -0.02908 0.00581 0.00159
v -0.02867 0.00595 0.00159
v -0.02945 0.00547 0.00150
v -0.02913 0.00571 0.00150
v -0.02875 0.00589 0.00149
v -0.02947 0.00534 0.00147
v -0.02831 0.00599 0.00142
v -0.02917 0.00560 0.00144
v -0.02882 0.00581 0.00141
v -0.02841 0.00595 0.00133
v -0.02920 0.00547 0.00138
v -0.02888 0.00571 0.00133
v -0.02851 0.00589 0.00125
v -0.02922 0.00534 0.00135
v -0.02809 0.00599 0.00111
v -0.02893 0.00560 0.00127
v -0.02859 0.00581 0.00118
v -0.02820 0.00595 0.00104
v -0.02897 0.00547 0.00122
v -0.02867 0.00571 0.00112
v -0.02831 0.00589 0.00098
v -0.02900 0.00534 0.00120
v -0.02792 0.00599 0.00076
v -0.02873 0.00560 0.00107
v -0.02841 0.00581 0.00092
v -0.02805 0.00595 0.00071
v -0.02878 0.00547 0.00103
v -0.02850 0.00571 0.00087
v -0.02817 0.00589 0.00067
v -0.02880 0.00534 0.00100
v -0.02782 0.00599 0.00038
v -0.02856 0.00560 0.00083
v -0.02827 0.00581 0.00063
v -0.02796 0.00595 0.00036
v -0.02862 0.00547 0.00080
v -0.02837 0.00571 0.00059
v -0.02808 0.00589 0.00034
v -0.02865 0.00534 0.00078
v -0.02844 0.00560 0.00057
v -0.02819 0.00581 0.00032
v -0.02850 0.00547 0.00055
v -0.02829 0.00571 0.00030
v -0.02853 0.00534 0.00053
v -0.02837 0.00560 0.00029
v -0.02843 0.00547 0.00028
v -0.02846 0.00534 0.00027
v 0.03221 0.00599 -0.00000
v 0.03208 0.00595 -0.00000
v 0.03195 0.00589 -0.00000
v 0.03184 0.00581 -0.00000
v 0.03174 0.00571 -0.00000
v 0.03166 0.00560 -0.00000
v 0.03160 0.00547 -0.00000
v 0.03156 0.00534 -0.00000
v 0.03155 0.00520 -0.00000
v 0.03153 0.00520 -0.00027
v 0.03146 0.00520 -0.00053
v 0.03134 0.00520 -0.00077
v 0.03119 0.00520 -0.00100
v 0.03100 0.00520 -0.00119
v 0.03078 0.00520 -0.00134
v 0.03053 0.00520 -0.00146
v 0.03027 0.00520 -0.00153
v 0.03000 0.00520 -0.00155
v 0.02973 0.00520 -0.00153
v 0.02947 0.00520 -0.00146
v 0.02923 0.00520 -0.00134
v 0.02900 0.00520 -0.00119
v 0.02881 0.00520 -0.00100
v 0.02866 0.00520 -0.00078
v 0.02854 0.00520 -0.00053
v 0.02847 0.00520 -0.00027
v 0.02845 0.00520 -0.00000
v 0.02847 0.00520 0.00027
v 0.02854 0.00520 0.00053
v 0.02866 0.00520 0.00077
v 0.02881 0.00520 0.00100
v 0.02900 0.00520 0.00119
v 0.02922 0.00520 0.00134
v 0.02947 0.00520 0.00146
v 0.02973 0.00520 0.00153
v 0.03000 0.00520 0.00155
v 0.03027 0.00520 0.00153
v 0.03053 0.00520 0.00146
v 0.03077 0.00520 0.00134
v 0.03100 0.00520 0.00119
v 0.03119 0.00520 0.00100
v 0.03134 0.00520 0.00078
v 0.03146 0.00520 0.00053
v 0.03153 0.00520 0.00027
v 0.03218 0.00599 -0.00038
v 0.03204 0.00595 -0.00036
v 0.03192 0.00589 -0.00034
v 0.03208 0.00599 -0.00076
v 0.03181 0.00581 -0.00032
v 0.03195 0.00595 -0.00071
v 0.03171 0.00571 -0.00030
v 0.03183 0.00589 -0.00067
v 0.03191 0.00599 -0.00111
v 0.03163 0.00560 -0.00029
v 0.03173 0.00581 -0.00063
v 0.03180 0.00595 -0.00104
v 0.03157 0.00547 -0.00028
v 0.03163 0.00571 -0.00059
v 0.03169 0.00589 -0.00097
v 0.03154 0.00534 -0.00027
v 0.03169 0.00599 -0.00142
v 0.03156 0.00560 -0.00057
v 0.03159 0.00581 -0.00092
v 0.03159 0.00595 -0.00133
v 0.03150 0.00547 -0.00055
v 0.03150 0.00571 -0.00087
v 0.03149 0.00589 -0.00125
v 0.03147 0.00534 -0.00053
v 0.03142 0.00599 -0.00169
v 0.03144 0.00560 -0.00083
v 0.03141 0.00581 -0.00118
v 0.03133 0.00595 -0.00159
v 0.03138 0.00547 -0.00080
v 0.03133 0.00571 -0.00112
v 0.03125 0.00589 -0.00149
v 0.03135 0.00534 -0.00078
v 0.03111 0.00599 -0.00191
v 0.03127 0.00560 -0.00107
v 0.03118 0.00581 -0.00141
v 0.03104 0.00595 -0.00180
v 0.03122 0.00547 -0.00103
v 0.03112 0.00571 -0.00133
v 0.03098 0.00589 -0.00169
v 0.03120 0.00534 -0.00100
v 0.03076 0.00599 -0.00208
v 0.03107 0.00560 -0.00127
v 0.03092 0.00581 -0.00159
v 0.03071 0.00595 -0.00195
v 0.03103 0.00547 -0.00122
v 0.03087 0.00571 -0.00150
v 0.03067 0.00589 -0.00183
v 0.03100 0.00534 -0.00120
v 0.03038 0.00599 -0.00218
v 0.03083 0.00560 -0.00144
v 0.03063 0.00581 -0.00173
v 0.03036 0.00595 -0.00204
v 0.03080 0.00547 -0.00138
v 0.03059 0.00571 -0.00163
v 0.03034 0.00589 -0.00192
v 0.03078 0.00534 -0.00135
v 0.03000 0.00599 -0.00221
v 0.03057 0.00560 -0.00156
v 0.03032 0.00581 -0.00181
v 0.03000 0.00595 -0.00208
v 0.03055 0.00547 -0.00150
v 0.03030 0.00571 -0.00171
v 0.03000 0.00589 -0.00195
v 0.03053 0.00534 -0.00147
v 0.02962 0.00599 -0.00218
v 0.03029 0.00560 -0.00163
v 0.03000 0.00581 -0.00184
v 0.02964 0.00595 -0.00204
v 0.03028 0.00547 -0.00157
v 0.03000 0.00571 -0.00174
v 0.02966 0.00589 -0.00192
v 0.03027 0.00534 -0.00154
v 0.02924 0.00599 -0.00208
v 0.03000 0.00560 -0.00166
v 0.02968 0.00581 -0.00181
v 0.02929 0.00595 -0.00195
v 0.03000 0.00547 -0.00160
v 0.02970 0.00571 -0.00171
v 0.02933 0.00589 -0.00183
v 0.03000 0.00534 -0.00156
v 0.02889 0.00599 -0.00191
v 0.02971 0.00560 -0.00163
v 0.02937 0.00581 -0.00173
v 0.02896 0.00595 -0.00180
v 0.02972 0.00547 -0.00157
v 0.02941 0.00571 -0.00163
v 0.02902 0.00589 -0.00169
v 0.02973 0.00534 -0.00154
v 0.02858 0.00599 -0.00169
v 0.02943 0.00560 -0.00156
v 0.02908 0.00581 -0.00159
v 0.02867 0.00595 -0.00159
v 0.02945 0.00547 -0.00150
v 0.02913 0.00571 -0.00150
v 0.02875 0.00589 -0.00149
v 0.02947 0.00534 -0.00147
v 0.02831 0.00599 -0.00142
v 0.02917 0.00560 -0.00144
v 0.02882 0.00581 -0.00141
v 0.02841 0.00595 -0.00133
v 0.02920 0.00547 -0.00138
v 0.02888 0.00571 -0.00133
v 0.02851 0.00589 -0.00125
v 0.02922 0.00534 -0.00135
v 0.02809 0.00599 -0.00111
v 0.02893 0.00560 -0.00127
v 0.02859 0.00581 -0.00118
v 0.02820 0.00595 -0.00104
v 0.02897 0.00547 -0.00122
v 0.02867 0.00571 -0.00112
v 0.02831 0.00589 -0.00098
v 0.02900 0.00534 -0.00120
v 0.02792 0.00599 -0.00076
v 0.02873 0.00560 -0.00107
v 0.02841 0.00581 -0.00092
v 0.02805 0.00595 -0.00071
v 0.02878 0.00547 -0.00103
v 0.02850 0.00571 -0.00087
v 0.02817 0.00589 -0.00067
v 0.02880 0.00534 -0.00100
v 0.02782 0.00599 -0.00038
v 0.02856 0.00560 -0.00083
v 0.02827 0.00581 -0.00063
v 0.02796 0.00595 -0.00036
v 0.02862 0.00547 -0.00080
v 0.02837 0.00571 -0.00059
v 0.02808 0.00589 -0.00034
v 0.02865 0.00534 -0.00078
v 0.02779 0.00599 -0.00000
v 0.02844 0.00560 -0.00057
v 0.02819 0.00581 -0.00032
v 0.02792 0.00595 -0.00000
v 0.02850 0.00547 -0.00055
v 0.02829 0.00571 -0.00030
v 0.02805 0.00589 -0.00000
v 0.02853 0.00534 -0.00053
v 0.02782 0.00599 0.00038
v 0.02837 0.00560 -0.00029
v 0.02816 0.00581 -0.00000
v 0.02796 0.00595 0.00036
v 0.02843 0.00547 -0.00028
v 0.02826 0.00571 -0.00000
v 0.02808 0.00589 0.00034
v 0.02846 0.00534 -0.00027
v 0.02792 0.00599 0.00076
v 0.02834 0.00560 -0.00000
v 0.02819 0.00581 0.00032
v 0.02805 0.00595 0.00071
v 0.02840 0.00547 -0.00000
v 0.02829 0.00571 0.00030
v 0.02817 0.00589 0.00067
v 0.02844 0.00534 -0.00000
v 0.02809 0.00599 0.00111
v 0.02837 0.00560 0.00029
v 0.02827 0.00581 0.00063
v 0.02820 0.00595 0.00104
v 0.02843 0.00547 0.00028
v 0.02837 0.00571 0.00059
v 0.02831 0.00589 0.00097
v 0.02846 0.00534 0.00027
v 0.02831 0.00599 0.00142
v 0.02844 0.00560 0.00057
v 0.02841 0.00581 0.00092
v 0.02841 0.00595 0.00133
v 0.02850 0.00547 0.00055
v 0.02850 0.00571 0.00087
v 0.02851 0.00589 0.00125
v 0.02853 0.00534 0.00053
v 0.02858 0.00599 0.00169
v 0.02856 0.00560 0.00083
v 0.02859 0.00581 0.00118
v 0.02867 0.00595 0.00159
v 0.02862 0.00547 0.00080
v 0.02867 0.00571 0.00112
v 0.02875 0.00589 0.00149
v 0.02865 0.00534 0.00078
v 0.02889 0.00599 0.00191
v 0.02873 0.00560 0.00107
v 0.02882 0.00581 0.00141
v 0.02896 0.00595 0.00180
v 0.02878 0.00547 0.00103
v 0.02888 0.00571 0.00133
v 0.02902 0.00589 0.00169
v 0.02880 0.00534 0.00100
v 0.02924 0.00599 0.00208
v 0.02893 0.00560 0.00127
v 0.02908 0.00581 0.00159
v 0.02929 0.00595 0.00195
v 0.02897 0.00547 0.00122
v 0.02913 0.00571 0.00150
v 0.02933 0.00589 0.00183
v 0.02900 0.00534 0.00120
v 0.02962 0.00599 0.00218
v 0.02917 0.00560 0.00144
v 0.02937 0.00581 0.00173
v 0.02964 0.00595 0.00204
v 0.02920 0.00547 0.00138
v 0.02941 0.00571 0.00163
v 0.02966 0.00589 0.00192
v 0.02922 0.00534 0.00135
v 0.03000 0.00599 0.00221
v 0.02943 0.00560 0.00156
v 0.02968 0.00581 0.00181
v 0.03000 0.00595 0.00208
v 0.02945 0.00547 0.00150
v 0.02970 0.00571 0.00171
v 0.03000 0.00589 0.00195
v 0.02947 0.00534 0.00147
v 0.03038 0.00599 0.00218
v 0.02971 0.00560 0.00163
v 0.03000 0.00581 0.00184
v 0.03036 0.00595 0.00204
v 0.02972 0.00547 0.00157
v 0.03000 0.00571 0.00174
v 0.03034 0.00589 0.00192
v 0.02973 0.00534 0.00154
v 0.03076 0.00599 0.00208
v 0.03000 0.00560 0.00166
v 0.03032 0.00581 0.00181
v 0.03071 0.00595 0.00195
v 0.03000 0.00547 0.00160
v 0.03030 0.00571 0.00171
v 0.03067 0.00589 0.00183
v 0.03000 0.00534 0.00156
v 0.03111 0.00599 0.00191
v 0.03029 0.00560 0.00163
v 0.03063 0.00581 0.00173
v 0.03104 0.00595 0.00180
v 0.03028 0.00547 0.00157
v 0.03059 0.00571 0.00163
v 0.03097 0.00589 0.00169
v 0.03027 0.00534 0.00154
v 0.03142 0.00599 0.00169
v 0.03057 0.00560 0.00156
v 0.03092 0.00581 0.00159
v 0.03133 0.00595 0.00159
v 0.03055 0.00547 0.00150
v 0.03087 0.00571 0.00150
v 0.03125 0.00589 0.00149
v 0.03053 0.00534 0.00147
v 0.03169 0.00599 0.00142
v 0.03083 0.00560 0.00144
v 0.03118 0.00581 0.00141
v 0.03159 0.00595 0.00133
v 0.03080 0.00547 0.00138
v 0.03112 0.00571 0.00133
v 0.03149 0.00589 0.00125
v 0.03078 0.00534 0.00135
v 0.03191 0.00599 0.00111
v 0.03107 0.00560 0.00127
v 0.03141 0.00581 0.00118
v 0.03180 0.00595 0.00104
v 0.03103 0.00547 0.00122
v 0.03133 0.00571 0.00112
v 0.03169 0.00589 0.00098
v 0.03100 0.00534 0.00120
v 0.03208 0.00599 0.00076
v 0.03127 0.00560 0.00107
v 0.03159 0.00581 0.00092
v 0.03195 0.00595 0.00071
v 0.03122 0.00547 0.00103
v 0.03150 0.00571 0.00087
v 0.03183 0.00589 0.00067
v 0.03120 0.00534 0.00100
v 0.03218 0.00599 0.00038
v 0.03144 0.00560 0.00083
v 0.03173 0.00581 0.00063
v 0.03204 0.00595 0.00036
v 0.03138 0.00547 0.00080
v 0.03163 0.00571 0.00059
v 0.03192 0.00589 0.00034
v 0.03135 0.00534 0.00078
v 0.03156 0.00560 0.00057
v 0.03181 0.00581 0.00032
v 0.03150 0.00547 0.00055
v 0.03171 0.00571 0.00030
v 0.03147 0.00534 0.00053
v 0.03163 0.00560 0.00029
v 0.03157 0.00547 0.00028
v 0.03154 0.00534 0.00027
v 0.04999 -0.00520 -0.02434
v 0.04995 -0.00520 -0.02447
v 0.04989 -0.00520 -0.02460
v 0.04981 -0.00520 -0.02471
v 0.04971 -0.00520 -0.02481
v 0.04960 -0.00520 -0.02489
v 0.04947 -0.00520 -0.02495
v 0.04934 -0.00520 -0.02499
v 0.04999 0.00520 -0.02434
v 0.04995 0.00520 -0.02447
v 0.04989 0.00520 -0.02460
v 0.04981 0.00520 -0.02471
v 0.04971 0.00520 -0.02481
v 0.04960 0.00520 -0.02489
v 0.04947 0.00520 -0.02495
v 0.04934 0.00520 -0.02499
v 0.04998 -0.00522 0.02438
v 0.04998 -0.00526 0.02437
v 0.04998 -0.00529 0.02435
v 0.04992 -0.00528 0.02454
v 0.04998 -0.00533 0.02433
v 0.04992 -0.00535 0.02451
v 0.04983 -0.00526 0.02470
v 0.04998 -0.00535 0.02429
v 0.04992 -0.00542 0.02447
v 0.04983 -0.00536 0.02467
v 0.04998 -0.00537 0.02426
v 0.04992 -0.00547 0.02442
v 0.04983 -0.00547 0.02462
v 0.04970 -0.00534 0.02481
v 0.04998 -0.00538 0.02422
v 0.04992 -0.00551 0.02435
v 0.04983 -0.00555 0.02455
v 0.04970 -0.00547 0.02476
v 0.04955 -0.00528 0.02492
v 0.04992 -0.00554 0.02428
v 0.04983 -0.00562 0.02447
v 0.04970 -0.00559 0.02469
v 0.04955 -0.00544 0.02488
v 0.04983 -0.00567 0.02436
v 0.04970 -0.00569 0.02459
v 0.04955 -0.00558 0.02481
v 0.04938 -0.00537 0.02496
v 0.04983 -0.00570 0.02426
v 0.04970 -0.00576 0.02447
v 0.04955 -0.00571 0.02471
v 0.04938 -0.00554 0.02490
v 0.04970 -0.00581 0.02434
v 0.04955 -0.00581 0.02458
v 0.04938 -0.00569 0.02481
v 0.04955 -0.00588 0.02444
v 0.04938 -0.00581 0.02469
v 0.04955 -0.00592 0.02428
v 0.04938 -0.00590 0.02454
v 0.04938 -0.00596 0.02437
v 0.04922 0.00598 0.02438
v 0.04926 0.00598 0.02437
v 0.04929 0.00598 0.02435
v 0.04928 0.00592 0.02454
v 0.04933 0.00598 0.02433
v 0.04935 0.00592 0.02451
v 0.04926 0.00583 0.02470
v 0.04935 0.00598 0.02429
v 0.04942 0.00592 0.02447
v 0.04936 0.00583 0.02467
v 0.04937 0.00598 0.02426
v 0.04947 0.00592 0.02442
v 0.04947 0.00583 0.02462
v 0.04934 0.00570 0.02481
v 0.04938 0.00598 0.02422
v 0.04951 0.00592 0.02435
v 0.04955 0.00583 0.02455
v 0.04947 0.00570 0.02476
v 0.04928 0.00555 0.02492
v 0.04954 0.00592 0.02428
v 0.04962 0.00583 0.02447
v 0.04959 0.00570 0.02469
v 0.04944 0.00555 0.02488
v 0.04967 0.00583 0.02436
v 0.04969 0.00570 0.02459
v 0.04958 0.00555 0.02481
v 0.04937 0.00538 0.02496
v 0.04970 0.00583 0.02426
v 0.04976 0.00570 0.02447
v 0.04971 0.00555 0.02471
v 0.04954 0.00538 0.02490
v 0.04981 0.00570 0.02434
v 0.04981 0.00555 0.02458
v 0.04969 0.00538 0.02481
v 0.04988 0.00555 0.02444
v 0.04981 0.00538 0.02469
v 0.04992 0.00555 0.02428
v 0.04990 0.00538 0.02454
v 0.04996 0.00538 0.02437
v 0.04998 -0.00522 -0.02438
v 0.04998 -0.00526 -0.02437
v 0.04998 -0.00529 -0.02435
v 0.04992 -0.00528 -0.02454
v 0.04998 -0.00533 -0.02433
v 0.04992 -0.00535 -0.02451
v 0.04983 -0.00526 -0.02470
v 0.04998 -0.00535 -0.02429
v 0.04992 -0.00542 -0.02447
v 0.04983 -0.00536 -0.02467
v 0.04998 -0.00537 -0.02426
v 0.04992 -0.00547 -0.02442
v 0.04983 -0.00547 -0.02462
v 0.04970 -0.00534 -0.02481
v 0.04998 -0.00538 -0.02422
v 0.04992 -0.00551 -0.02435
v 0.04983 -0.00555 -0.02455
v 0.04970 -0.00547 -0.02476
v 0.04955 -0.00528 -0.02492
v 0.04992 -0.00554 -0.02428
v 0.04983 -0.00562 -0.02447
v 0.04970 -0.00559 -0.02469
v 0.04955 -0.00544 -0.02488
v 0.04983 -0.00567 -0.02436
v 0.04970 -0.00569 -0.02459
v 0.04955 -0.00558 -0.02481
v 0.04938 -0.00537 -0.02496
v 0.04983 -0.00570 -0.02426
v 0.04970 -0.00576 -0.02447
v 0.04955 -0.00571 -0.02471
v 0.04938 -0.00554 -0.02490
v 0.04970 -0.00581 -0.02434
v 0.04955 -0.00581 -0.02458
v 0.04938 -0.00569 -0.02481
v 0.04955 -0.00588 -0.02444
v 0.04938 -0.00581 -0.02469
v 0.04955 -0.00592 -0.02428
v 0.04938 -0.00590 -0.02454
v 0.04938 -0.00596 -0.02437
v 0.04998 0.00538 -0.02422
v 0.04998 0.00537 -0.02426
v 0.04998 0.00535 -0.02429
v 0.04992 0.00554 -0.02428
v 0.04998 0.00533 -0.02433
v 0.04992 0.00551 -0.02435
v 0.04983 0.00570 -0.02426
v 0.04998 0.00529 -0.02435
v 0.04992 0.00547 -0.02442
v 0.04983 0.00567 -0.02436
v 0.04998 0.00526 -0.02437
v 0.04992 0.00542 -0.02447
v 0.04983 0.00562 -0.02447
v 0.04970 0.00581 -0.02434
v 0.04998 0.00522 -0.02438
v 0.04992 0.00535 -0.02451
v 0.04983 0.00555 -0.02455
v 0.04970 0.00576 -0.02447
v 0.04955 0.00592 -0.02428
v 0.04992 0.00528 -0.02454
v 0.04983 0.00547 -0.02462
v 0.04970 0.00569 -0.02459
v 0.04955 0.00588 -0.02444
v 0.04983 0.00536 -0.02467
v 0.04970 0.00559 -0.02469
v 0.04955 0.00581 -0.02458
v 0.04938 0.00596 -0.02437
v 0.04983 0.00526 -0.02470
v 0.04970 0.00547 -0.02476
v 0.04955 0.00571 -0.02471
v 0.04938 0.00590 -0.02454
v 0.04970 0.00534 -0.02481
v 0.04955 0.00558 -0.02481
v 0.04938 0.00581 -0.02469
v 0.04955 0.00544 -0.02488
v 0.04938 0.00569 -0.02481
v 0.04955 0.00528 -0.02492
v 0.04938 0.00554 -0.02490
v 0.04938 0.00537 -0.02496
vn -1.0000 0.0000 0.0000
vn -1.0000 0.0000 0.0000
vn -1.0000 0.0000 0.0000
vn -1.0000 0.0000 0.0000
vn -0.9848 0.0000 0.1736
vn -0.9397 0.0000 0.3420
vn -0.8660 0.0000 0.5000
vn -0.7660 0.0000 0.6428
vn -0.6428 0.0000 0.7660
vn -0.5000 0.0000 0.8660
vn -0.3420 0.0000 0.9397
vn -0.1736 0.0000 0.9848
vn -0.0000 0.0000 1.0000
vn -0.0000 0.0000 1.0000
vn -0.9848 0.0000 0.1736
vn -0.9397 0.0000 0.3420
vn -0.8660 0.0000 0.5000
vn -0.7660 0.0000 0.6428
vn -0.6428 0.0000 0.7660
vn -0.5000 0.0000 0.8660
vn -0.3420 0.0000 0.9397
vn -0.1736 0.0000 0.9848
vn -0.0000 -1.0000 0.0000
vn -0.1736 -0.9848 0.0000
vn -0.3420 -0.9397 0.0000
vn -0.5000 -0.8660 0.0000
vn -0.6428 -0.7660 0.0000
vn -0.7660 -0.6428 0.0000
vn -0.8660 -0.5000 0.0000
vn -0.9397 -0.3420 0.0000
vn -0.9848 -0.1736 0.0000
vn -0.0000 -1.0000 0.0000
vn -0.1736 -0.9848 0.0000
vn -0.3420 -0.9397 0.0000
vn -0.5000 -0.8660 0.0000
vn -0.6428 -0.7660 0.0000
vn -0.7660 -0.6428 0.0000
vn -0.8660 -0.5000 0.0000
vn -0.9397 -0.3420 0.0000
vn -0.9848 -0.1736 0.0000
vn -0.0000 1.0000 0.0000
vn -0.1736 0.9848 0.0000
vn -0.3420 0.9397 0.0000
vn -0.5000 0.8660 0.0000
vn -0.6428 0.7660 0.0000
vn -0.7660 0.6428 0.0000
vn -0.8660 0.5000 0.0000
vn -0.9397 0.3420 0.0000
vn -0.9848 0.1736 0.0000
vn -0.0000 1.0000 0.0000
vn -0.9848 0.1736 0.0000
vn -0.9397 0.3420 0.0000
vn -0.8660 0.5000 0.0000
vn -0.7660 0.6428 0.0000
vn -0.6428 0.7660 0.0000
vn -0.5000 0.8660 0.0000
vn -0.3420 0.9397 0.0000
vn -0.1736 0.9848 0.0000
vn -0.9877 -0.0000 -0.1564
vn -0.9511 -0.0000 -0.3090
vn -0.8910 -0.0000 -0.4540
vn -0.8090 -0.0000 -0.5878
vn -0.7071 -0.0000 -0.7071
vn -0.5878 -0.0000 -0.8090
vn -0.4540 -0.0000 -0.8910
vn -0.3090 -0.0000 -0.9511
vn -0.1564 -0.0000 -0.9877
vn -0.0000 -0.0000 -1.0000
vn -0.0000 -0.0000 -1.0000
vn -0.1736 -0.0000 -0.9848
vn -0.3420 -0.0000 -0.9397
vn -0.5000 -0.0000 -0.8660
vn -0.6428 -0.0000 -0.7660
vn -0.7660 -0.0000 -0.6428
vn -0.8660 -0.0000 -0.5000
vn -0.9397 -0.0000 -0.3420
vn -0.9848 -0.0000 -0.1736
vn -0.0000 -0.9848 0.1736
vn -0.0000 -0.9397 0.3420
vn -0.0000 -0.8660 0.5000
vn -0.0000 -0.7660 0.6428
vn -0.0000 -0.6428 0.7660
vn -0.0000 -0.5000 0.8660
vn -0.0000 -0.3420 0.9397
vn -0.0000 -0.1736 0.9848
vn -0.2211 -0.9749 0.0249
vn -0.2100 -0.9749 0.0735
vn -0.1884 -0.9749 0.1184
vn -0.4230 -0.9010 0.0965
vn -0.1573 -0.9749 0.1573
vn -0.3909 -0.9010 0.1883
vn -0.6196 -0.7818 0.0698
vn -0.1184 -0.9749 0.1884
vn -0.3392 -0.9010 0.2705
vn -0.5885 -0.7818 0.2059
vn -0.0735 -0.9749 0.2100
vn -0.2705 -0.9010 0.3392
vn -0.5279 -0.7818 0.3317
vn -0.7622 -0.6235 0.1740
vn -0.0249 -0.9749 0.2211
vn -0.1883 -0.9010 0.3909
vn -0.4409 -0.7818 0.4409
vn -0.7044 -0.6235 0.3392
vn -0.8953 -0.4339 0.1009
vn -0.0965 -0.9010 0.4230
vn -0.3317 -0.7818 0.5279
vn -0.6113 -0.6235 0.4875
vn -0.8504 -0.4339 0.2976
vn -0.2059 -0.7818 0.5885
vn -0.4875 -0.6235 0.6113
vn -0.7629 -0.4339 0.4793
vn -0.9505 -0.2225 0.2169
vn -0.0698 -0.7818 0.6196
vn -0.3392 -0.6235 0.7044
vn -0.6371 -0.4339 0.6371
vn -0.8784 -0.2225 0.4230
vn -0.1740 -0.6235 0.7622
vn -0.4793 -0.4339 0.7629
vn -0.7622 -0.2225 0.6079
vn -0.2976 -0.4339 0.8504
vn -0.6079 -0.2225 0.7622
vn -0.1009 -0.4339 0.8953
vn -0.4230 -0.2225 0.8784
vn -0.2169 -0.2225 0.9505
vn -0.0000 0.9848 0.1736
vn -0.0000 0.9397 0.3420
vn -0.0000 0.8660 0.5000
vn -0.0000 0.7660 0.6428
vn -0.0000 0.6428 0.7660
vn -0.0000 0.5000 0.8660
vn -0.0000 0.3420 0.9397
vn -0.0000 0.1736 0.9848
vn -0.2211 0.9749 0.0249
vn -0.2100 0.9749 0.0735
vn -0.1884 0.9749 0.1184
vn -0.4230 0.9010 0.0965
vn -0.1573 0.9749 0.1573
vn -0.3909 0.9010 0.1883
vn -0.6196 0.7818 0.0698
vn -0.1184 0.9749 0.1884
vn -0.3392 0.9010 0.2705
vn -0.5885 0.7818 0.2059
vn -0.0735 0.9749 0.2100
vn -0.2705 0.9010 0.3392
vn -0.5279 0.7818 0.3317
vn -0.7622 0.6235 0.1740
vn -0.0249 0.9749 0.2211
vn -0.1883 0.9010 0.3909
vn -0.4409 0.7818 0.4409
vn -0.7044 0.6235 0.3392
vn -0.8953 0.4339 0.1009
vn -0.0965 0.9010 0.4230
vn -0.3317 0.7818 0.5279
vn -0.6113 0.6235 0.4875
vn -0.8504 0.4339 0.2976
vn -0.2059 0.7818 0.5885
vn -0.4875 0.6235 0.6113
vn -0.7629 0.4339 0.4793
vn -0.9505 0.2225 0.2169
vn -0.0698 0.7818 0.6196
vn -0.3392 0.6235 0.7044
vn -0.6371 0.4339 0.6371
vn -0.8784 0.2225 0.4230
vn -0.1740 0.6235 0.7622
vn -0.4793 0.4339 0.7629
vn -0.7622 0.2225 0.6079
vn -0.2976 0.4339 0.8504
vn -0.6079 0.2225 0.7622
vn -0.1009 0.4339 0.8953
vn -0.4230 0.2225 0.8784
vn -0.2169 0.2225 0.9505
vn 0.0000 -0.0000 1.0000
vn 0.0000 -0.0000 1.0000
vn -0.0000 -1.0000 0.0000
vn -0.0000 -1.0000 0.0000
vn -0.0000 -1.0000 0.0000
vn -0.0000 -1.0000 0.0000
vn -0.0000 -1.0000 0.0000
vn -0.0000 -1.0000 0.0000
vn -0.0000 -1.0000 0.0000
vn -0.0000 -1.0000 0.0000
vn -0.0000 -1.0000 0.0000
vn -0.0000 -1.0000 0.0000
vn -0.0000 -1.0000 0.0000
vn -0.0000 -1.0000 0.0000
vn -0.0000 -1.0000 0.0000
vn -0.0000 -1.0000 0.0000
vn -0.0000 -1.0000 0.0000
vn -0.0000 -1.0000 0.0000
vn -0.0000 -1.0000 0.0000
vn -0.0000 -1.0000 0.0000
vn -0.0000 -1.0000 0.0000
vn -0.0000 -1.0000 0.0000
vn -0.0000 -1.0000 0.0000
vn -0.0000 -1.0000 0.0000
vn -0.0000 -1.0000 0.0000
vn -0.0000 -1.0000 0.0000
vn -0.0000 -1.0000 0.0000
vn -0.0000 -1.0000 0.0000
vn -0.0000 -1.0000 0.0000
vn -0.0000 -1.0000 0.0000
vn -0.0000 -1.0000 0.0000
vn -0.0000 -1.0000 0.0000
vn -0.0000 -1.0000 0.0000
vn -0.0000 -1.0000 0.0000
vn -0.0000 -1.0000 0.0000
vn -0.0000 -1.0000 0.0000
vn -0.0000 -1.0000 0.0000
vn -0.0000 -1.0000 0.0000
vn -0.0000 -1.0000 0.0000
vn -0.0000 -1.0000 0.0000
vn -0.0000 -1.0000 0.0000
vn -0.0000 -1.0000 0.0000
vn -0.0000 -1.0000 0.0000
vn -0.0000 -1.0000 0.0000
vn -0.0000 -1.0000 0.0000
vn -0.0000 -1.0000 0.0000
vn -0.0000 -1.0000 0.0000
vn -0.0000 -1.0000 0.0000
vn -0.0000 -1.0000 0.0000
vn -0.0000 -1.0000 0.0000
vn -0.0000 -1.0000 0.0000
vn -0.0000 -1.0000 0.0000
vn -0.0000 -1.0000 0.0000
vn -0.0000 -1.0000 0.0000
vn -0.0000 -1.0000 0.0000
vn -0.0000 -1.0000 0.0000
vn -0.0000 -1.0000 0.0000
vn -0.0000 -1.0000 0.0000
vn -0.0000 -1.0000 0.0000
vn -0.0000 -1.0000 0.0000
vn -0.0000 -1.0000 0.0000
vn -0.0000 -1.0000 0.0000
vn -0.0000 -1.0000 0.0000
vn -0.0000 -1.0000 0.0000
vn -0.0000 -1.0000 0.0000
vn -0.0000 -1.0000 0.0000
vn -0.0000 -1.0000 0.0000
vn -0.0000 -1.0000 0.0000
vn -0.0000 -1.0000 0.0000
vn -0.0000 -1.0000 0.0000
vn -0.0000 -1.0000 0.0000
vn -0.0000 -1.0000 0.0000
vn -0.0000 -1.0000 0.0000
vn -0.0000 -1.0000 0.0000
vn -0.0000 -1.0000 0.0000
vn -0.0000 -1.0000 0.0000
vn -0.0000 -0.9848 -0.1736
vn -0.0000 -0.9397 -0.3420
vn -0.0000 -0.8660 -0.5000
vn -0.0000 -0.7660 -0.6428
vn -0.0000 -0.6428 -0.7660
vn -0.0000 -0.5000 -0.8660
vn -0.0000 -0.3420 -0.9397
vn -0.0000 -0.1736 -0.9848
vn -0.2211 -0.9749 -0.0249
vn -0.2100 -0.9749 -0.0735
vn -0.1884 -0.9749 -0.1184
vn -0.4230 -0.9010 -0.0965
vn -0.1573 -0.9749 -0.1573
vn -0.3909 -0.9010 -0.1883
vn -0.6196 -0.7818 -0.0698
vn -0.1184 -0.9749 -0.1884
vn -0.3392 -0.9010 -0.2705
vn -0.5885 -0.7818 -0.2059
vn -0.0735 -0.9749 -0.2100
vn -0.2705 -0.9010 -0.3392
vn -0.5279 -0.7818 -0.3317
vn -0.7622 -0.6235 -0.1740
vn -0.0249 -0.9749 -0.2211
vn -0.1883 -0.9010 -0.3909
vn -0.4409 -0.7818 -0.4409
vn -0.7044 -0.6235 -0.3392
vn -0.8953 -0.4339 -0.1009
vn -0.0965 -0.9010 -0.4230
vn -0.3317 -0.7818 -0.5279
vn -0.6113 -0.6235 -0.4875
vn -0.8504 -0.4339 -0.2976
vn -0.2059 -0.7818 -0.5885
vn -0.4875 -0.6235 -0.6113
vn -0.7629 -0.4339 -0.4793
vn -0.9505 -0.2225 -0.2169
vn -0.0698 -0.7818 -0.6196
vn -0.3392 -0.6235 -0.7044
vn -0.6371 -0.4339 -0.6371
vn -0.8784 -0.2225 -0.4230
vn -0.1740 -0.6235 -0.7622
vn -0.4793 -0.4339 -0.7629
vn -0.7622 -0.2225 -0.6079
vn -0.2976 -0.4339 -0.8504
vn -0.6079 -0.2225 -0.7622
vn -0.1009 -0.4339 -0.8953
vn -0.4230 -0.2225 -0.8784
vn -0.2169 -0.2225 -0.9505
vn 0.0000 1.0000 -0.0000
vn 0.0000 1.0000 -0.0000
vn 0.0000 1.0000 -0.0000
vn 0.0000 1.0000 -0.0000
vn 0.0000 1.0000 -0.0000
vn 0.0000 1.0000 -0.0000
vn 0.0000 1.0000 -0.0000
vn 0.0000 1.0000 -0.0000
vn 0.0000 1.0000 -0.0000
vn 0.0000 1.0000 -0.0000
vn 0.0000 1.0000 -0.0000
vn 0.0000 1.0000 -0.0000
vn 0.0000 1.0000 -0.0000
vn 0.0000 1.0000 -0.0000
vn 0.0000 1.0000 -0.0000
vn 0.0000 1.0000 -0.0000
vn 0.0000 1.0000 -0.0000
vn 0.0000 1.0000 -0.0000
vn 0.0000 1.0000 -0.0000
vn 0.0000 1.0000 -0.0000
vn 0.0000 1.0000 -0.0000
vn 0.0000 1.0000 -0.0000
vn 0.0000 1.0000 -0.0000
vn 0.0000 1.0000 -0.0000
vn 0.0000 1.0000 -0.0000
vn 0.0000 1.0000 -0.0000
vn 0.0000 1.0000 -0.0000
vn 0.0000 1.0000 -0.0000
vn 0.0000 1.0000 -0.0000
vn 0.0000 1.0000 -0.0000
vn 0.0000 1.0000 -0.0000
vn 0.0000 1.0000 -0.0000
vn 0.0000 1.0000 -0.0000
vn 0.0000 1.0000 -0.0000
vn 0.0000 1.0000 -0.0000
vn 0.0000 1.0000 -0.0000
vn 0.0000 1.0000 -0.0000
vn 0.0000 1.0000 -0.0000
vn 0.0000 1.0000 -0.0000
vn 0.0000 1.0000 -0.0000
vn 0.0000 1.0000 -0.0000
vn 0.0000 1.0000 -0.0000
vn 0.0000 1.0000 -0.0000
vn 0.0000 1.0000 -0.0000
vn 0.0000 1.0000 -0.0000
vn 0.0000 1.0000 -0.0000
vn 0.0000 1.0000 -0.0000
vn 0.0000 1.0000 -0.0000
vn 0.0000 1.0000 -0.0000
vn 0.0000 1.0000 -0.0000
vn 0.0000 1.0000 -0.0000
vn 0.0000 1.0000 -0.0000
vn 0.0000 1.0000 -0.0000
vn 0.0000 1.0000 -0.0000
vn 0.0000 1.0000 -0.0000
vn 0.0000 1.0000 -0.0000
vn 0.0000 1.0000 -0.0000
vn 0.0000 1.0000 -0.0000
vn 0.0000 1.0000 -0.0000
vn 0.0000 1.0000 -0.0000
vn 0.0000 1.0000 -0.0000
vn 0.0000 1.0000 -0.0000
vn 0.0000 1.0000 -0.0000
vn 0.0000 1.0000 -0.0000
vn 0.0000 1.0000 -0.0000
vn 0.0000 1.0000 -0.0000
vn 0.0000 1.0000 -0.0000
vn 0.0000 1.0000 -0.0000
vn 0.0000 1.0000 -0.0000
vn 0.0000 1.0000 -0.0000
vn 0.0000 1.0000 -0.0000
vn 0.0000 1.0000 -0.0000
vn 0.0000 1.0000 -0.0000
vn 0.0000 1.0000 -0.0000
vn -0.0000 0.1736 -0.9848
vn -0.0000 0.3420 -0.9397
vn -0.0000 0.5000 -0.8660
vn -0.0000 0.6428 -0.7660
vn -0.0000 0.7660 -0.6428
vn -0.0000 0.8660 -0.5000
vn -0.0000 0.9397 -0.3420
vn -0.0000 0.9848 -0.1736
vn -0.2211 0.0249 -0.9749
vn -0.2100 0.0735 -0.9749
vn -0.1884 0.1184 -0.9749
vn -0.4230 0.0965 -0.9010
vn -0.1573 0.1573 -0.9749
vn -0.3909 0.1883 -0.9010
vn -0.6196 0.0698 -0.7818
vn -0.1184 0.1884 -0.9749
vn -0.3392 0.2705 -0.9010
vn -0.5885 0.2059 -0.7818
vn -0.0735 0.2100 -0.9749
vn -0.2705 0.3392 -0.9010
vn -0.5279 0.3317 -0.7818
vn -0.7622 0.1740 -0.6235
vn -0.0249 0.2211 -0.9749
vn -0.1883 0.3909 -0.9010
vn -0.4409 0.4409 -0.7818
vn -0.7044 0.3392 -0.6235
vn -0.8953 0.1009 -0.4339
vn -0.0965 0.4230 -0.9010
vn -0.3317 0.5279 -0.7818
vn -0.6113 0.4875 -0.6235
vn -0.8504 0.2976 -0.4339
vn -0.2059 0.5885 -0.7818
vn -0.4875 0.6113 -0.6235
vn -0.7629 0.4793 -0.4339
vn -0.9505 0.2169 -0.2225
vn -0.0698 0.6196 -0.7818
vn -0.3392 0.7044 -0.6235
vn -0.6371 0.6371 -0.4339
vn -0.8784 0.4230 -0.2225
vn -0.1740 0.7622 -0.6235
vn -0.4793 0.7629 -0.4339
vn -0.7622 0.6079 -0.2225
vn -0.2976 0.8504 -0.4339
vn -0.6079 0.7622 -0.2225
vn -0.1009 0.8953 -0.4339
vn -0.4230 0.8784 -0.2225
vn -0.2169 0.9505 -0.2225
vn -0.0000 0.0000 -1.0000
vn -0.0000 0.0000 -1.0000
vn 0.0000 -0.1736 0.9848
vn 0.0000 -0.3420 0.9397
vn 0.0000 -0.5000 0.8660
vn 0.0000 -0.6428 0.7660
vn 0.0000 -0.7660 0.6428
vn 0.0000 -0.8660 0.5000
vn 0.0000 -0.9397 0.3420
vn 0.0000 -0.9848 0.1736
vn 0.0000 0.9848 0.1736
vn 0.0000 0.9397 0.3420
vn 0.0000 0.8660 0.5000
vn 0.0000 0.7660 0.6428
vn 0.0000 0.6428 0.7660
vn 0.0000 0.5000 0.8660
vn 0.0000 0.3420 0.9397
vn 0.0000 0.1736 0.9848
vn 1.0000 0.0000 0.0000
vn 0.9848 0.0000 0.1736
vn 0.9397 0.0000 0.3420
vn 0.8660 0.0000 0.5000
vn 0.7660 0.0000 0.6428
vn 0.6428 0.0000 0.7660
vn 0.5000 0.0000 0.8660
vn 0.3420 0.0000 0.9397
vn 0.1736 0.0000 0.9848
vn 1.0000 0.0000 0.0000
vn 0.1736 0.0000 0.9848
vn 0.3420 0.0000 0.9397
vn 0.5000 0.0000 0.8660
vn 0.6428 0.0000 0.7660
vn 0.7660 0.0000 0.6428
vn 0.8660 0.0000 0.5000
vn 0.9397 0.0000 0.3420
vn 0.9848 0.0000 0.1736
vn -0.0000 -0.1736 -0.9848
vn -0.0000 -0.3420 -0.9397
vn -0.0000 -0.5000 -0.8660
vn -0.0000 -0.6428 -0.7660
vn -0.0000 -0.7660 -0.6428
vn -0.0000 -0.8660 -0.5000
vn -0.0000 -0.9397 -0.3420
vn -0.0000 -0.9848 -0.1736
vn 0.9848 -0.1736 -0.0000
vn 0.9397 -0.3420 -0.0000
vn 0.8660 -0.5000 -0.0000
vn 0.7660 -0.6428 -0.0000
vn 0.6428 -0.7660 -0.0000
vn 0.5000 -0.8660 -0.0000
vn 0.3420 -0.9397 -0.0000
vn 0.1736 -0.9848 -0.0000
vn 1.0000 -0.0000 -0.0000
vn 0.9848 -0.1736 -0.0000
vn 0.9397 -0.3420 -0.0000
vn 0.8660 -0.5000 -0.0000
vn 0.7660 -0.6428 -0.0000
vn 0.6428 -0.7660 -0.0000
vn 0.5000 -0.8660 -0.0000
vn 0.3420 -0.9397 -0.0000
vn 0.1736 -0.9848 -0.0000
vn -0.1736 -0.9848 0.0000
vn -0.3420 -0.9397 0.0000
vn -0.5000 -0.8660 0.0000
vn -0.6428 -0.7660 0.0000
vn -0.7660 -0.6428 0.0000
vn -0.8660 -0.5000 0.0000
vn -0.9397 -0.3420 0.0000
vn -0.9848 -0.1736 0.0000
vn -1.0000 0.0000 0.0000
vn -0.9848 0.0000 0.1736
vn -0.9397 0.0000 0.3420
vn -0.8660 0.0000 0.5000
vn -0.7660 0.0000 0.6428
vn -0.6428 0.0000 0.7660
vn -0.5000 0.0000 0.8660
vn -0.3420 0.0000 0.9397
vn -0.1736 0.0000 0.9848
vn -0.0000 0.0000 1.0000
vn 0.1736 -0.0000 0.9848
vn 0.3420 -0.0000 0.9397
vn 0.5000 -0.0000 0.8660
vn 0.6428 -0.0000 0.7660
vn 0.7660 -0.0000 0.6428
vn 0.8660 -0.0000 0.5000
vn 0.9397 -0.0000 0.3420
vn 0.9848 -0.0000 0.1736
vn 1.0000 -0.0000 0.0000
vn 0.9848 -0.0000 -0.1736
vn 0.9397 -0.0000 -0.3420
vn 0.8660 -0.0000 -0.5000
vn 0.7660 -0.0000 -0.6428
vn 0.6428 -0.0000 -0.7660
vn 0.5000 -0.0000 -0.8660
vn 0.3420 -0.0000 -0.9397
vn 0.1736 -0.0000 -0.9848
vn -0.0000 -0.0000 -1.0000
vn -0.1736 -0.0000 -0.9848
vn -0.3420 -0.0000 -0.9397
vn -0.5000 -0.0000 -0.8660
vn -0.6428 -0.0000 -0.7660
vn -0.7660 -0.0000 -0.6428
vn -0.8660 -0.0000 -0.5000
vn -0.9397 -0.0000 -0.3420
vn -0.9848 -0.0000 -0.1736
vn -0.1710 -0.9848 0.0302
vn -0.3368 -0.9397 0.0594
vn -0.4924 -0.8660 0.0868
vn -0.1632 -0.9848 0.0594
vn -0.6330 -0.7660 0.1116
vn -0.3214 -0.9397 0.1170
vn -0.7544 -0.6428 0.1330
vn -0.4698 -0.8660 0.1710
vn -0.1504 -0.9848 0.0868
vn -0.8529 -0.5000 0.1504
vn -0.6040 -0.7660 0.2198
vn -0.2962 -0.9397 0.1710
vn -0.9254 -0.3420 0.1632
vn -0.7198 -0.6428 0.2620
vn -0.4330 -0.8660 0.2500
vn -0.9698 -0.1736 0.1710
vn -0.1330 -0.9848 0.1116
vn -0.8138 -0.5000 0.2962
vn -0.5567 -0.7660 0.3214
vn -0.2620 -0.9397 0.2198
vn -0.8830 -0.3420 0.3214
vn -0.6634 -0.6428 0.3830
vn -0.3830 -0.8660 0.3214
vn -0.9254 -0.1736 0.3368
vn -0.1116 -0.9848 0.1330
vn -0.7500 -0.5000 0.4330
vn -0.4924 -0.7660 0.4132
vn -0.2198 -0.9397 0.2620
vn -0.8138 -0.3420 0.4698
vn -0.5868 -0.6428 0.4924
vn -0.3214 -0.8660 0.3830
vn -0.8529 -0.1736 0.4924
vn -0.0868 -0.9848 0.1504
vn -0.6634 -0.5000 0.5567
vn -0.4132 -0.7660 0.4924
vn -0.1710 -0.9397 0.2962
vn -0.7198 -0.3420 0.6040
vn -0.4924 -0.6428 0.5868
vn -0.2500 -0.8660 0.4330
vn -0.7544 -0.1736 0.6330
vn -0.0594 -0.9848 0.1632
vn -0.5567 -0.5000 0.6634
vn -0.3214 -0.7660 0.5567
vn -0.1170 -0.9397 0.3214
vn -0.6040 -0.3420 0.7198
vn -0.3830 -0.6428 0.6634
vn -0.1710 -0.8660 0.4698
vn -0.6330 -0.1736 0.7544
vn -0.0302 -0.9848 0.1710
vn -0.4330 -0.5000 0.7500
vn -0.2198 -0.7660 0.6040
vn -0.0594 -0.9397 0.3368
vn -0.4698 -0.3420 0.8138
vn -0.2620 -0.6428 0.7198
vn -0.0868 -0.8660 0.4924
vn -0.4924 -0.1736 0.8529
vn -0.0000 -0.9848 0.1736
vn -0.2962 -0.5000 0.8138
vn -0.1116 -0.7660 0.6330
vn -0.0000 -0.9397 0.3420
vn -0.3214 -0.3420 0.8830
vn -0.1330 -0.6428 0.7544
vn -0.0000 -0.8660 0.5000
vn -0.3368 -0.1736 0.9254
vn 0.0302 -0.9848 0.1710
vn -0.1504 -0.5000 0.8529
vn -0.0000 -0.7660 0.6428
vn 0.0594 -0.9397 0.3368
vn -0.1632 -0.3420 0.9254
vn -0.0000 -0.6428 0.7660
vn 0.0868 -0.8660 0.4924
vn -0.1710 -0.1736 0.9698
vn 0.0594 -0.9848 0.1632
vn -0.0000 -0.5000 0.8660
vn 0.1116 -0.7660 0.6330
vn 0.1170 -0.9397 0.3214
vn -0.0000 -0.3420 0.9397
vn 0.1330 -0.6428 0.7544
vn 0.1710 -0.8660 0.4698
vn -0.0000 -0.1736 0.9848
vn 0.0868 -0.9848 0.1504
vn 0.1504 -0.5000 0.8529
vn 0.2198 -0.7660 0.6040
vn 0.1710 -0.9397 0.2962
vn 0.1632 -0.3420 0.9254
vn 0.2620 -0.6428 0.7198
vn 0.2500 -0.8660 0.4330
vn 0.1710 -0.1736 0.9698
vn 0.1116 -0.9848 0.1330
vn 0.2962 -0.5000 0.8138
vn 0.3214 -0.7660 0.5567
vn 0.2198 -0.9397 0.2620
vn 0.3214 -0.3420 0.8830
vn 0.3830 -0.6428 0.6634
vn 0.3214 -0.8660 0.3830
vn 0.3368 -0.1736 0.9254
vn 0.1330 -0.9848 0.1116
vn 0.4330 -0.5000 0.7500
vn 0.4132 -0.7660 0.4924
vn 0.2620 -0.9397 0.2198
vn 0.4698 -0.3420 0.8138
vn 0.4924 -0.6428 0.5868
vn 0.3830 -0.8660 0.3214
vn 0.4924 -0.1736 0.8529
vn 0.1504 -0.9848 0.0868
vn 0.5567 -0.5000 0.6634
vn 0.4924 -0.7660 0.4132
vn 0.2962 -0.9397 0.1710
vn 0.6040 -0.3420 0.7198
vn 0.5868 -0.6428 0.4924
vn 0.4330 -0.8660 0.2500
vn 0.6330 -0.1736 0.7544
vn 0.1632 -0.9848 0.0594
vn 0.6634 -0.5000 0.5567
vn 0.5567 -0.7660 0.3214
vn 0.3214 -0.9397 0.1170
vn 0.7198 -0.3420 0.6040
vn 0.6634 -0.6428 0.3830
vn 0.4698 -0.8660 0.1710
vn 0.7544 -0.1736 0.6330
vn 0.1710 -0.9848 0.0302
vn 0.7500 -0.5000 0.4330
vn 0.6040 -0.7660 0.2198
vn 0.3368 -0.9397 0.0594
vn 0.8138 -0.3420 0.4698
vn 0.7198 -0.6428 0.2620
vn 0.4924 -0.8660 0.0868
vn 0.8529 -0.1736 0.4924
vn 0.1736 -0.9848 0.0000
vn 0.8138 -0.5000 0.2962
vn 0.6330 -0.7660 0.1116
vn 0.3420 -0.9397 0.0000
vn 0.8830 -0.3420 0.3214
vn 0.7544 -0.6428 0.1330
vn 0.5000 -0.8660 0.0000
vn 0.9254 -0.1736 0.3368
vn 0.1710 -0.9848 -0.0302
vn 0.8529 -0.5000 0.1504
vn 0.6428 -0.7660 0.0000
vn 0.3368 -0.9397 -0.0594
vn 0.9254 -0.3420 0.1632
vn 0.7660 -0.6428 0.0000
vn 0.4924 -0.8660 -0.0868
vn 0.9698 -0.1736 0.1710
vn 0.1632 -0.9848 -0.0594
vn 0.8660 -0.5000 0.0000
vn 0.6330 -0.7660 -0.1116
vn 0.3214 -0.9397 -0.1170
vn 0.9397 -0.3420 0.0000
vn 0.7544 -0.6428 -0.1330
vn 0.4698 -0.8660 -0.1710
vn 0.9848 -0.1736 0.0000
vn 0.1504 -0.9848 -0.0868
vn 0.8529 -0.5000 -0.1504
vn 0.6040 -0.7660 -0.2198
vn 0.2962 -0.9397 -0.1710
vn 0.9254 -0.3420 -0.1632
vn 0.7198 -0.6428 -0.2620
vn 0.4330 -0.8660 -0.2500
vn 0.9698 -0.1736 -0.1710
vn 0.1330 -0.9848 -0.1116
vn 0.8138 -0.5000 -0.2962
vn 0.5567 -0.7660 -0.3214
vn 0.2620 -0.9397 -0.2198
vn 0.8830 -0.3420 -0.3214
vn 0.6634 -0.6428 -0.3830
vn 0.3830 -0.8660 -0.3214
vn 0.9254 -0.1736 -0.3368
vn 0.1116 -0.9848 -0.1330
vn 0.7500 -0.5000 -0.4330
vn 0.4924 -0.7660 -0.4132
vn 0.2198 -0.9397 -0.2620
vn 0.8138 -0.3420 -0.4698
vn 0.5868 -0.6428 -0.4924
vn 0.3214 -0.8660 -0.3830
vn 0.8529 -0.1736 -0.4924
vn 0.0868 -0.9848 -0.1504
vn 0.6634 -0.5000 -0.5567
vn 0.4132 -0.7660 -0.4924
vn 0.1710 -0.9397 -0.2962
vn 0.7198 -0.3420 -0.6040
vn 0.4924 -0.6428 -0.5868
vn 0.2500 -0.8660 -0.4330
vn 0.7544 -0.1736 -0.6330
vn 0.0594 -0.9848 -0.1632
vn 0.5567 -0.5000 -0.6634
vn 0.3214 -0.7660 -0.5567
vn 0.1170 -0.9397 -0.3214
vn 0.6040 -0.3420 -0.7198
vn 0.3830 -0.6428 -0.6634
vn 0.1710 -0.8660 -0.4698
vn 0.6330 -0.1736 -0.7544
vn 0.0302 -0.9848 -0.1710
vn 0.4330 -0.5000 -0.7500
vn 0.2198 -0.7660 -0.6040
vn 0.0594 -0.9397 -0.3368
vn 0.4698 -0.3420 -0.8138
vn 0.2620 -0.6428 -0.7198
vn 0.0868 -0.8660 -0.4924
vn 0.4924 -0.1736 -0.8529
vn -0.0000 -0.9848 -0.1736
vn 0.2962 -0.5000 -0.8138
vn 0.1116 -0.7660 -0.6330
vn -0.0000 -0.9397 -0.3420
vn 0.3214 -0.3420 -0.8830
vn 0.1330 -0.6428 -0.7544
vn -0.0000 -0.8660 -0.5000
vn 0.3368 -0.1736 -0.9254
vn -0.0302 -0.9848 -0.1710
vn 0.1504 -0.5000 -0.8529
vn -0.0000 -0.7660 -0.6428
vn -0.0594 -0.9397 -0.3368
vn 0.1632 -0.3420 -0.9254
vn -0.0000 -0.6428 -0.7660
vn -0.0868 -0.8660 -0.4924
vn 0.1710 -0.1736 -0.9698
vn -0.0594 -0.9848 -0.1632
vn -0.0000 -0.5000 -0.8660
vn -0.1116 -0.7660 -0.6330
vn -0.1170 -0.9397 -0.3214
vn -0.0000 -0.3420 -0.9397
vn -0.1330 -0.6428 -0.7544
vn -0.1710 -0.8660 -0.4698
vn -0.0000 -0.1736 -0.9848
vn -0.0868 -0.9848 -0.1504
vn -0.1504 -0.5000 -0.8529
vn -0.2198 -0.7660 -0.6040
vn -0.1710 -0.9397 -0.2962
vn -0.1632 -0.3420 -0.9254
vn -0.2620 -0.6428 -0.7198
vn -0.2500 -0.8660 -0.4330
vn -0.1710 -0.1736 -0.9698
vn -0.1116 -0.9848 -0.1330
vn -0.2962 -0.5000 -0.8138
vn -0.3214 -0.7660 -0.5567
vn -0.2198 -0.9397 -0.2620
vn -0.3214 -0.3420 -0.8830
vn -0.3830 -0.6428 -0.6634
vn -0.3214 -0.8660 -0.3830
vn -0.3368 -0.1736 -0.9254
vn -0.1330 -0.9848 -0.1116
vn -0.4330 -0.5000 -0.7500
vn -0.4132 -0.7660 -0.4924
vn -0.2620 -0.9397 -0.2198
vn -0.4698 -0.3420 -0.8138
vn -0.4924 -0.6428 -0.5868
vn -0.3830 -0.8660 -0.3214
vn -0.4924 -0.1736 -0.8529
vn -0.1504 -0.9848 -0.0868
vn -0.5567 -0.5000 -0.6634
vn -0.4924 -0.7660 -0.4132
vn -0.2962 -0.9397 -0.1710
vn -0.6040 -0.3420 -0.7198
vn -0.5868 -0.6428 -0.4924
vn -0.4330 -0.8660 -0.2500
vn -0.6330 -0.1736 -0.7544
vn -0.1632 -0.9848 -0.0594
vn -0.6634 -0.5000 -0.5567
vn -0.5567 -0.7660 -0.3214
vn -0.3214 -0.9397 -0.1170
vn -0.7198 -0.3420 -0.6040
vn -0.6634 -0.6428 -0.3830
vn -0.4698 -0.8660 -0.1710
vn -0.7544 -0.1736 -0.6330
vn -0.1710 -0.9848 -0.0302
vn -0.7500 -0.5000 -0.4330
vn -0.6040 -0.7660 -0.2198
vn -0.3368 -0.9397 -0.0594
vn -0.8138 -0.3420 -0.4698
vn -0.7198 -0.6428 -0.2620
vn -0.4924 -0.8660 -0.0868
vn -0.8529 -0.1736 -0.4924
vn -0.8138 -0.5000 -0.2962
vn -0.6330 -0.7660 -0.1116
vn -0.8830 -0.3420 -0.3214
vn -0.7544 -0.6428 -0.1330
vn -0.9254 -0.1736 -0.3368
vn -0.8529 -0.5000 -0.1504
vn -0.9254 -0.3420 -0.1632
vn -0.9698 -0.1736 -0.1710
vn -0.1736 -0.9848 0.0000
vn -0.3420 -0.9397 0.0000
vn -0.5000 -0.8660 0.0000
vn -0.6428 -0.7660 0.0000
vn -0.7660 -0.6428 0.0000
vn -0.8660 -0.5000 0.0000
vn -0.9397 -0.3420 0.0000
vn -0.9848 -0.1736 0.0000
vn -1.0000 0.0000 0.0000
vn -0.9848 0.0000 0.1736
vn -0.9397 0.0000 0.3420
vn -0.8660 0.0000 0.5000
vn -0.7660 0.0000 0.6428
vn -0.6428 0.0000 0.7660
vn -0.5000 0.0000 0.8660
vn -0.3420 0.0000 0.9397
vn -0.1736 0.0000 0.9848
vn -0.0000 0.0000 1.0000
vn 0.1736 -0.0000 0.9848
vn 0.3420 -0.0000 0.9397
vn 0.5000 -0.0000 0.8660
vn 0.6428 -0.0000 0.7660
vn 0.7660 -0.0000 0.6428
vn 0.8660 -0.0000 0.5000
vn 0.9397 -0.0000 0.3420
vn 0.9848 -0.0000 0.1736
vn 1.0000 -0.0000 0.0000
vn 0.9848 -0.0000 -0.1736
vn 0.9397 -0.0000 -0.3420
vn 0.8660 -0.0000 -0.5000
vn 0.7660 -0.0000 -0.6428
vn 0.6428 -0.0000 -0.7660
vn 0.5000 -0.0000 -0.8660
vn 0.3420 -0.0000 -0.9397
vn 0.1736 -0.0000 -0.9848
vn -0.0000 -0.0000 -1.0000
vn -0.1736 -0.0000 -0.9848
vn -0.3420 -0.0000 -0.9397
vn -0.5000 -0.0000 -0.8660
vn -0.6428 -0.0000 -0.7660
vn -0.7660 -0.0000 -0.6428
vn -0.8660 -0.0000 -0.5000
vn -0.9397 -0.0000 -0.3420
vn -0.9848 -0.0000 -0.1736
vn -0.1710 -0.9848 0.0302
vn -0.3368 -0.9397 0.0594
vn -0.4924 -0.8660 0.0868
vn -0.1632 -0.9848 0.0594
vn -0.6330 -0.7660 0.1116
vn -0.3214 -0.9397 0.1170
vn -0.7544 -0.6428 0.1330
vn -0.4698 -0.8660 0.1710
vn -0.1504 -0.9848 0.0868
vn -0.8529 -0.5000 0.1504
vn -0.6040 -0.7660 0.2198
vn -0.2962 -0.9397 0.1710
vn -0.9254 -0.3420 0.1632
vn -0.7198 -0.6428 0.2620
vn -0.4330 -0.8660 0.2500
vn -0.9698 -0.1736 0.1710
vn -0.1330 -0.9848 0.1116
vn -0.8138 -0.5000 0.2962
vn -0.5567 -0.7660 0.3214
vn -0.2620 -0.9397 0.2198
vn -0.8830 -0.3420 0.3214
vn -0.6634 -0.6428 0.3830
vn -0.3830 -0.8660 0.3214
vn -0.9254 -0.1736 0.3368
vn -0.1116 -0.9848 0.1330
vn -0.7500 -0.5000 0.4330
vn -0.4924 -0.7660 0.4132
vn -0.2198 -0.9397 0.2620
vn -0.8138 -0.3420 0.4698
vn -0.5868 -0.6428 0.4924
vn -0.3214 -0.8660 0.3830
vn -0.8529 -0.1736 0.4924
vn -0.0868 -0.9848 0.1504
vn -0.6634 -0.5000 0.5567
vn -0.4132 -0.7660 0.4924
vn -0.1710 -0.9397 0.2962
vn -0.7198 -0.3420 0.6040
vn -0.4924 -0.6428 0.5868
vn -0.2500 -0.8660 0.4330
vn -0.7544 -0.1736 0.6330
vn -0.0594 -0.9848 0.1632
vn -0.5567 -0.5000 0.6634
vn -0.3214 -0.7660 0.5567
vn -0.1170 -0.9397 0.3214
vn -0.6040 -0.3420 0.7198
vn -0.3830 -0.6428 0.6634
vn -0.1710 -0.8660 0.4698
vn -0.6330 -0.1736 0.7544
vn -0.0302 -0.9848 0.1710
vn -0.4330 -0.5000 0.7500
vn -0.2198 -0.7660 0.6040
vn -0.0594 -0.9397 0.3368
vn -0.4698 -0.3420 0.8138
vn -0.2620 -0.6428 0.7198
vn -0.0868 -0.8660 0.4924
vn -0.4924 -0.1736 0.8529
vn -0.0000 -0.9848 0.1736
vn -0.2962 -0.5000 0.8138
vn -0.1116 -0.7660 0.6330
vn -0.0000 -0.9397 0.3420
vn -0.3214 -0.3420 0.8830
vn -0.1330 -0.6428 0.7544
vn -0.0000 -0.8660 0.5000
vn -0.3368 -0.1736 0.9254
vn 0.0302 -0.9848 0.1710
vn -0.1504 -0.5000 0.8529
vn -0.0000 -0.7660 0.6428
vn 0.0594 -0.9397 0.3368
vn -0.1632 -0.3420 0.9254
vn -0.0000 -0.6428 0.7660
vn 0.0868 -0.8660 0.4924
vn -0.1710 -0.1736 0.9698
vn 0.0594 -0.9848 0.1632
vn -0.0000 -0.5000 0.8660
vn 0.1116 -0.7660 0.6330
vn 0.1170 -0.9397 0.3214
vn -0.0000 -0.3420 0.9397
vn 0.1330 -0.6428 0.7544
vn 0.1710 -0.8660 0.4698
vn -0.0000 -0.1736 0.9848
vn 0.0868 -0.9848 0.1504
vn 0.1504 -0.5000 0.8529
vn 0.2198 -0.7660 0.6040
vn 0.1710 -0.9397 0.2962
vn 0.1632 -0.3420 0.9254
vn 0.2620 -0.6428 0.7198
vn 0.2500 -0.8660 0.4330
vn 0.1710 -0.1736 0.9698
vn 0.1116 -0.9848 0.1330
vn 0.2962 -0.5000 0.8138
vn 0.3214 -0.7660 0.5567
vn 0.2198 -0.9397 0.2620
vn 0.3214 -0.3420 0.8830
vn 0.3830 -0.6428 0.6634
vn 0.3214 -0.8660 0.3830
vn 0.3368 -0.1736 0.9254
vn 0.1330 -0.9848 0.1116
vn 0.4330 -0.5000 0.7500
vn 0.4132 -0.7660 0.4924
vn 0.2620 -0.9397 0.2198
vn 0.4698 -0.3420 0.8138
vn 0.4924 -0.6428 0.5868
vn 0.3830 -0.8660 0.3214
vn 0.4924 -0.1736 0.8529
vn 0.1504 -0.9848 0.0868
vn 0.5567 -0.5000 0.6634
vn 0.4924 -0.7660 0.4132
vn 0.2962 -0.9397 0.1710
vn 0.6040 -0.3420 0.7198
vn 0.5868 -0.6428 0.4924
vn 0.4330 -0.8660 0.2500
vn 0.6330 -0.1736 0.7544
vn 0.1632 -0.9848 0.0594
vn 0.6634 -0.5000 0.5567
vn 0.5567 -0.7660 0.3214
vn 0.3214 -0.9397 0.1170
vn 0.7198 -0.3420 0.6040
vn 0.6634 -0.6428 0.3830
vn 0.4698 -0.8660 0.1710
vn 0.7544 -0.1736 0.6330
vn 0.1710 -0.9848 0.0302
vn 0.7500 -0.5000 0.4330
vn 0.6040 -0.7660 0.2198
vn 0.3368 -0.9397 0.0594
vn 0.8138 -0.3420 0.4698
vn 0.7198 -0.6428 0.2620
vn 0.4924 -0.8660 0.0868
vn 0.8529 -0.1736 0.4924
vn 0.1736 -0.9848 0.0000
vn 0.8138 -0.5000 0.2962
vn 0.6330 -0.7660 0.1116
vn 0.3420 -0.9397 0.0000
vn 0.8830 -0.3420 0.3214
vn 0.7544 -0.6428 0.1330
vn 0.5000 -0.8660 0.0000
vn 0.9254 -0.1736 0.3368
vn 0.1710 -0.9848 -0.0302
vn 0.8529 -0.5000 0.1504
vn 0.6428 -0.7660 0.0000
vn 0.3368 -0.9397 -0.0594
vn 0.9254 -0.3420 0.1632
vn 0.7660 -0.6428 0.0000
vn 0.4924 -0.8660 -0.0868
vn 0.9698 -0.1736 0.1710
vn 0.1632 -0.9848 -0.0594
vn 0.8660 -0.5000 0.0000
vn 0.6330 -0.7660 -0.1116
vn 0.3214 -0.9397 -0.1170
vn 0.9397 -0.3420 0.0000
vn 0.7544 -0.6428 -0.1330
vn 0.4698 -0.8660 -0.1710
vn 0.9848 -0.1736 0.0000
vn 0.1504 -0.9848 -0.0868
vn 0.8529 -0.5000 -0.1504
vn 0.6040 -0.7660 -0.2198
vn 0.2962 -0.9397 -0.1710
vn 0.9254 -0.3420 -0.1632
vn 0.7198 -0.6428 -0.2620
vn 0.4330 -0.8660 -0.2500
vn 0.9698 -0.1736 -0.1710
vn 0.1330 -0.9848 -0.1116
vn 0.8138 -0.5000 -0.2962
vn 0.5567 -0.7660 -0.3214
vn 0.2620 -0.9397 -0.2198
vn 0.8830 -0.3420 -0.3214
vn 0.6634 -0.6428 -0.3830
vn 0.3830 -0.8660 -0.3214
vn 0.9254 -0.1736 -0.3368
vn 0.1116 -0.9848 -0.1330
vn 0.7500 -0.5000 -0.4330
vn 0.4924 -0.7660 -0.4132
vn 0.2198 -0.9397 -0.2620
vn 0.8138 -0.3420 -0.4698
vn 0.5868 -0.6428 -0.4924
vn 0.3214 -0.8660 -0.3830
vn 0.8529 -0.1736 -0.4924
vn 0.0868 -0.9848 -0.1504
vn 0.6634 -0.5000 -0.5567
vn 0.4132 -0.7660 -0.4924
vn 0.1710 -0.9397 -0.2962
vn 0.7198 -0.3420 -0.6040
vn 0.4924 -0.6428 -0.5868
vn 0.2500 -0.8660 -0.4330
vn 0.7544 -0.1736 -0.6330
vn 0.0594 -0.9848 -0.1632
vn 0.5567 -0.5000 -0.6634
vn 0.3214 -0.7660 -0.5567
vn 0.1170 -0.9397 -0.3214
vn 0.6040 -0.3420 -0.7198
vn 0.3830 -0.6428 -0.6634
vn 0.1710 -0.8660 -0.4698
vn 0.6330 -0.1736 -0.7544
vn 0.0302 -0.9848 -0.1710
vn 0.4330 -0.5000 -0.7500
vn 0.2198 -0.7660 -0.6040
vn 0.0594 -0.9397 -0.3368
vn 0.4698 -0.3420 -0.8138
vn 0.2620 -0.6428 -0.7198
vn 0.0868 -0.8660 -0.4924
vn 0.4924 -0.1736 -0.8529
vn -0.0000 -0.9848 -0.1736
vn 0.2962 -0.5000 -0.8138
vn 0.1116 -0.7660 -0.6330
vn -0.0000 -0.9397 -0.3420
vn 0.3214 -0.3420 -0.8830
vn 0.1330 -0.6428 -0.7544
vn -0.0000 -0.8660 -0.5000
vn 0.3368 -0.1736 -0.9254
vn -0.0302 -0.9848 -0.1710
vn 0.1504 -0.5000 -0.8529
vn -0.0000 -0.7660 -0.6428
vn -0.0594 -0.9397 -0.3368
vn 0.1632 -0.3420 -0.9254
vn -0.0000 -0.6428 -0.7660
vn -0.0868 -0.8660 -0.4924
vn 0.1710 -0.1736 -0.9698
vn -0.0594 -0.9848 -0.1632
vn -0.0000 -0.5000 -0.8660
vn -0.1116 -0.7660 -0.6330
vn -0.1170 -0.9397 -0.3214
vn -0.0000 -0.3420 -0.9397
vn -0.1330 -0.6428 -0.7544
vn -0.1710 -0.8660 -0.4698
vn -0.0000 -0.1736 -0.9848
vn -0.0868 -0.9848 -0.1504
vn -0.1504 -0.5000 -0.8529
vn -0.2198 -0.7660 -0.6040
vn -0.1710 -0.9397 -0.2962
vn -0.1632 -0.3420 -0.9254
vn -0.2620 -0.6428 -0.7198
vn -0.2500 -0.8660 -0.4330
vn -0.1710 -0.1736 -0.9698
vn -0.1116 -0.9848 -0.1330
vn -0.2962 -0.5000 -0.8138
vn -0.3214 -0.7660 -0.5567
vn -0.2198 -0.9397 -0.2620
vn -0.3214 -0.3420 -0.8830
vn -0.3830 -0.6428 -0.6634
vn -0.3214 -0.8660 -0.3830
vn -0.3368 -0.1736 -0.9254
vn -0.1330 -0.9848 -0.1116
vn -0.4330 -0.5000 -0.7500
vn -0.4132 -0.7660 -0.4924
vn -0.2620 -0.9397 -0.2198
vn -0.4698 -0.3420 -0.8138
vn -0.4924 -0.6428 -0.5868
vn -0.3830 -0.8660 -0.3214
vn -0.4924 -0.1736 -0.8529
vn -0.1504 -0.9848 -0.0868
vn -0.5567 -0.5000 -0.6634
vn -0.4924 -0.7660 -0.4132
vn -0.2962 -0.9397 -0.1710
vn -0.6040 -0.3420 -0.7198
vn -0.5868 -0.6428 -0.4924
vn -0.4330 -0.8660 -0.2500
vn -0.6330 -0.1736 -0.7544
vn -0.1632 -0.9848 -0.0594
vn -0.6634 -0.5000 -0.5567
vn -0.5567 -0.7660 -0.3214
vn -0.3214 -0.9397 -0.1170
vn -0.7198 -0.3420 -0.6040
vn -0.6634 -0.6428 -0.3830
vn -0.4698 -0.8660 -0.1710
vn -0.7544 -0.1736 -0.6330
vn -0.1710 -0.9848 -0.0302
vn -0.7500 -0.5000 -0.4330
vn -0.6040 -0.7660 -0.2198
vn -0.3368 -0.9397 -0.0594
vn -0.8138 -0.3420 -0.4698
vn -0.7198 -0.6428 -0.2620
vn -0.4924 -0.8660 -0.0868
vn -0.8529 -0.1736 -0.4924
vn -0.8138 -0.5000 -0.2962
vn -0.6330 -0.7660 -0.1116
vn -0.8830 -0.3420 -0.3214
vn -0.7544 -0.6428 -0.1330
vn -0.9254 -0.1736 -0.3368
vn -0.8529 -0.5000 -0.1504
vn -0.9254 -0.3420 -0.1632
vn -0.9698 -0.1736 -0.1710
vn -0.0000 0.9877 -0.1564
vn -0.0000 0.9511 -0.3090
vn -0.0000 0.8910 -0.4540
vn -0.0000 0.8090 -0.5878
vn -0.0000 0.7071 -0.7071
vn -0.0000 0.5878 -0.8090
vn -0.0000 0.4540 -0.8910
vn -0.0000 0.3090 -0.9511
vn -0.0000 0.1564 -0.9877
vn 0.1736 0.9848 -0.0000
vn 0.3420 0.9397 -0.0000
vn 0.5000 0.8660 -0.0000
vn 0.6428 0.7660 -0.0000
vn 0.7660 0.6428 -0.0000
vn 0.8660 0.5000 -0.0000
vn 0.9397 0.3420 -0.0000
vn 0.9848 0.1736 -0.0000
vn 1.0000 0.0000 -0.0000
vn 0.9848 0.1736 -0.0000
vn 0.9397 0.3420 -0.0000
vn 0.8660 0.5000 -0.0000
vn 0.7660 0.6428 -0.0000
vn 0.6428 0.7660 -0.0000
vn 0.5000 0.8660 -0.0000
vn 0.3420 0.9397 -0.0000
vn 0.1736 0.9848 -0.0000
vn -0.1736 0.9848 0.0000
vn -0.3420 0.9397 0.0000
vn -0.5000 0.8660 0.0000
vn -0.6428 0.7660 0.0000
vn -0.7660 0.6428 0.0000
vn -0.8660 0.5000 0.0000
vn -0.9397 0.3420 0.0000
vn -0.9848 0.1736 0.0000
vn -1.0000 0.0000 -0.0000
vn -0.9848 0.0000 0.1736
vn -0.9397 0.0000 0.3420
vn -0.8660 0.0000 0.5000
vn -0.7660 0.0000 0.6428
vn -0.6428 0.0000 0.7660
vn -0.5000 0.0000 0.8660
vn -0.3420 0.0000 0.9397
vn -0.1736 0.0000 0.9848
vn 0.0000 0.0000 1.0000
vn 0.1736 0.0000 0.9848
vn 0.3420 0.0000 0.9397
vn 0.5000 0.0000 0.8660
vn 0.6428 0.0000 0.7660
vn 0.7660 0.0000 0.6428
vn 0.8660 0.0000 0.5000
vn 0.9397 0.0000 0.3420
vn 0.9848 0.0000 0.1736
vn 1.0000 0.0000 -0.0000
vn 0.9848 0.0000 -0.1736
vn 0.9397 0.0000 -0.3420
vn 0.8660 0.0000 -0.5000
vn 0.7660 0.0000 -0.6428
vn 0.6428 0.0000 -0.7660
vn 0.5000 0.0000 -0.8660
vn 0.3420 0.0000 -0.9397
vn 0.1736 0.0000 -0.9848
vn 0.0000 -0.0000 -1.0000
vn -0.1736 -0.0000 -0.9848
vn -0.3420 -0.0000 -0.9397
vn -0.5000 -0.0000 -0.8660
vn -0.6428 -0.0000 -0.7660
vn -0.7660 -0.0000 -0.6428
vn -0.8660 -0.0000 -0.5000
vn -0.9397 -0.0000 -0.3420
vn -0.9848 -0.0000 -0.1736
vn -0.1710 0.9848 0.0302
vn -0.3368 0.9397 0.0594
vn -0.4924 0.8660 0.0868
vn -0.1632 0.9848 0.0594
vn -0.6330 0.7660 0.1116
vn -0.3214 0.9397 0.1170
vn -0.7544 0.6428 0.1330
vn -0.4698 0.8660 0.1710
vn -0.1504 0.9848 0.0868
vn -0.8529 0.5000 0.1504
vn -0.6040 0.7660 0.2198
vn -0.2962 0.9397 0.1710
vn -0.9254 0.3420 0.1632
vn -0.7198 0.6428 0.2620
vn -0.4330 0.8660 0.2500
vn -0.9698 0.1736 0.1710
vn -0.1330 0.9848 0.1116
vn -0.8138 0.5000 0.2962
vn -0.5567 0.7660 0.3214
vn -0.2620 0.9397 0.2198
vn -0.8830 0.3420 0.3214
vn -0.6634 0.6428 0.3830
vn -0.3830 0.8660 0.3214
vn -0.9254 0.1736 0.3368
vn -0.1116 0.9848 0.1330
vn -0.7500 0.5000 0.4330
vn -0.4924 0.7660 0.4132
vn -0.2198 0.9397 0.2620
vn -0.8138 0.3420 0.4698
vn -0.5868 0.6428 0.4924
vn -0.3214 0.8660 0.3830
vn -0.8529 0.1736 0.4924
vn -0.0868 0.9848 0.1504
vn -0.6634 0.5000 0.5567
vn -0.4132 0.7660 0.4924
vn -0.1710 0.9397 0.2962
vn -0.7198 0.3420 0.6040
vn -0.4924 0.6428 0.5868
vn -0.2500 0.8660 0.4330
vn -0.7544 0.1736 0.6330
vn -0.0594 0.9848 0.1632
vn -0.5567 0.5000 0.6634
vn -0.3214 0.7660 0.5567
vn -0.1170 0.9397 0.3214
vn -0.6040 0.3420 0.7198
vn -0.3830 0.6428 0.6634
vn -0.1710 0.8660 0.4698
vn -0.6330 0.1736 0.7544
vn -0.0302 0.9848 0.1710
vn -0.4330 0.5000 0.7500
vn -0.2198 0.7660 0.6040
vn -0.0594 0.9397 0.3368
vn -0.4698 0.3420 0.8138
vn -0.2620 0.6428 0.7198
vn -0.0868 0.8660 0.4924
vn -0.4924 0.1736 0.8529
vn 0.0000 0.9848 0.1736
vn -0.2962 0.5000 0.8138
vn -0.1116 0.7660 0.6330
vn 0.0000 0.9397 0.3420
vn -0.3214 0.3420 0.8830
vn -0.1330 0.6428 0.7544
vn 0.0000 0.8660 0.5000
vn -0.3368 0.1736 0.9254
vn 0.0302 0.9848 0.1710
vn -0.1504 0.5000 0.8529
vn 0.0000 0.7660 0.6428
vn 0.0594 0.9397 0.3368
vn -0.1632 0.3420 0.9254
vn 0.0000 0.6428 0.7660
vn 0.0868 0.8660 0.4924
vn -0.1710 0.1736 0.9698
vn 0.0594 0.9848 0.1632
vn 0.0000 0.5000 0.8660
vn 0.1116 0.7660 0.6330
vn 0.1170 0.9397 0.3214
vn 0.0000 0.3420 0.9397
vn 0.1330 0.6428 0.7544
vn 0.1710 0.8660 0.4698
vn 0.0000 0.1736 0.9848
vn 0.0868 0.9848 0.1504
vn 0.1504 0.5000 0.8529
vn 0.2198 0.7660 0.6040
vn 0.1710 0.9397 0.2962
vn 0.1632 0.3420 0.9254
vn 0.2620 0.6428 0.7198
vn 0.2500 0.8660 0.4330
vn 0.1710 0.1736 0.9698
vn 0.1116 0.9848 0.1330
vn 0.2962 0.5000 0.8138
vn 0.3214 0.7660 0.5567
vn 0.2198 0.9397 0.2620
vn 0.3214 0.3420 0.8830
vn 0.3830 0.6428 0.6634
vn 0.3214 0.8660 0.3830
vn 0.3368 0.1736 0.9254
vn 0.1330 0.9848 0.1116
vn 0.4330 0.5000 0.7500
vn 0.4132 0.7660 0.4924
vn 0.2620 0.9397 0.2198
vn 0.4698 0.3420 0.8138
vn 0.4924 0.6428 0.5868
vn 0.3830 0.8660 0.3214
vn 0.4924 0.1736 0.8529
vn 0.1504 0.9848 0.0868
vn 0.5567 0.5000 0.6634
vn 0.4924 0.7660 0.4132
vn 0.2962 0.9397 0.1710
vn 0.6040 0.3420 0.7198
vn 0.5868 0.6428 0.4924
vn 0.4330 0.8660 0.2500
vn 0.6330 0.1736 0.7544
vn 0.1632 0.9848 0.0594
vn 0.6634 0.5000 0.5567
vn 0.5567 0.7660 0.3214
vn 0.3214 0.9397 0.1170
vn 0.7198 0.3420 0.6040
vn 0.6634 0.6428 0.3830
vn 0.4698 0.8660 0.1710
vn 0.7544 0.1736 0.6330
vn 0.1710 0.9848 0.0302
vn 0.7500 0.5000 0.4330
vn 0.6040 0.7660 0.2198
vn 0.3368 0.9397 0.0594
vn 0.8138 0.3420 0.4698
vn 0.7198 0.6428 0.2620
vn 0.4924 0.8660 0.0868
vn 0.8529 0.1736 0.4924
vn 0.1736 0.9848 -0.0000
vn 0.8138 0.5000 0.2962
vn 0.6330 0.7660 0.1116
vn 0.3420 0.9397 -0.0000
vn 0.8830 0.3420 0.3214
vn 0.7544 0.6428 0.1330
vn 0.5000 0.8660 -0.0000
vn 0.9254 0.1736 0.3368
vn 0.1710 0.9848 -0.0302
vn 0.8529 0.5000 0.1504
vn 0.6428 0.7660 -0.0000
vn 0.3368 0.9397 -0.0594
vn 0.9254 0.3420 0.1632
vn 0.7660 0.6428 -0.0000
vn 0.4924 0.8660 -0.0868
vn 0.9698 0.1736 0.1710
vn 0.1632 0.9848 -0.0594
vn 0.8660 0.5000 -0.0000
vn 0.6330 0.7660 -0.1116
vn 0.3214 0.9397 -0.1170
vn 0.9397 0.3420 -0.0000
vn 0.7544 0.6428 -0.1330
vn 0.4698 0.8660 -0.1710
vn 0.9848 0.1736 -0.0000
vn 0.1504 0.9848 -0.0868
vn 0.8529 0.5000 -0.1504
vn 0.6040 0.7660 -0.2198
vn 0.2962 0.9397 -0.1710
vn 0.9254 0.3420 -0.1632
vn 0.7198 0.6428 -0.2620
vn 0.4330 0.8660 -0.2500
vn 0.9698 0.1736 -0.1710
vn 0.1330 0.9848 -0.1116
vn 0.8138 0.5000 -0.2962
vn 0.5567 0.7660 -0.3214
vn 0.2620 0.9397 -0.2198
vn 0.8830 0.3420 -0.3214
vn 0.6634 0.6428 -0.3830
vn 0.3830 0.8660 -0.3214
vn 0.9254 0.1736 -0.3368
vn 0.1116 0.9848 -0.1330
vn 0.7500 0.5000 -0.4330
vn 0.4924 0.7660 -0.4132
vn 0.2198 0.9397 -0.2620
vn 0.8138 0.3420 -0.4698
vn 0.5868 0.6428 -0.4924
vn 0.3214 0.8660 -0.3830
vn 0.8529 0.1736 -0.4924
vn 0.0868 0.9848 -0.1504
vn 0.6634 0.5000 -0.5567
vn 0.4132 0.7660 -0.4924
vn 0.1710 0.9397 -0.2962
vn 0.7198 0.3420 -0.6040
vn 0.4924 0.6428 -0.5868
vn 0.2500 0.8660 -0.4330
vn 0.7544 0.1736 -0.6330
vn 0.0594 0.9848 -0.1632
vn 0.5567 0.5000 -0.6634
vn 0.3214 0.7660 -0.5567
vn 0.1170 0.9397 -0.3214
vn 0.6040 0.3420 -0.7198
vn 0.3830 0.6428 -0.6634
vn 0.1710 0.8660 -0.4698
vn 0.6330 0.1736 -0.7544
vn 0.0302 0.9848 -0.1710
vn 0.4330 0.5000 -0.7500
vn 0.2198 0.7660 -0.6040
vn 0.0594 0.9397 -0.3368
vn 0.4698 0.3420 -0.8138
vn 0.2620 0.6428 -0.7198
vn 0.0868 0.8660 -0.4924
vn 0.4924 0.1736 -0.8529
vn -0.0000 0.9848 -0.1736
vn 0.2962 0.5000 -0.8138
vn 0.1116 0.7660 -0.6330
vn -0.0000 0.9397 -0.3420
vn 0.3214 0.3420 -0.8830
vn 0.1330 0.6428 -0.7544
vn -0.0000 0.8660 -0.5000
vn 0.3368 0.1736 -0.9254
vn -0.0302 0.9848 -0.1710
vn 0.1504 0.5000 -0.8529
vn -0.0000 0.7660 -0.6428
vn -0.0594 0.9397 -0.3368
vn 0.1632 0.3420 -0.9254
vn -0.0000 0.6428 -0.7660
vn -0.0868 0.8660 -0.4924
vn 0.1710 0.1736 -0.9698
vn -0.0594 0.9848 -0.1632
vn -0.0000 0.5000 -0.8660
vn -0.1116 0.7660 -0.6330
vn -0.1170 0.9397 -0.3214
vn -0.0000 0.3420 -0.9397
vn -0.1330 0.6428 -0.7544
vn -0.1710 0.8660 -0.4698
vn -0.0000 0.1736 -0.9848
vn -0.0868 0.9848 -0.1504
vn -0.1504 0.5000 -0.8529
vn -0.2198 0.7660 -0.6040
vn -0.1710 0.9397 -0.2962
vn -0.1632 0.3420 -0.9254
vn -0.2620 0.6428 -0.7198
vn -0.2500 0.8660 -0.4330
vn -0.1710 0.1736 -0.9698
vn -0.1116 0.9848 -0.1330
vn -0.2962 0.5000 -0.8138
vn -0.3214 0.7660 -0.5567
vn -0.2198 0.9397 -0.2620
vn -0.3214 0.3420 -0.8830
vn -0.3830 0.6428 -0.6634
vn -0.3214 0.8660 -0.3830
vn -0.3368 0.1736 -0.9254
vn -0.1330 0.9848 -0.1116
vn -0.4330 0.5000 -0.7500
vn -0.4132 0.7660 -0.4924
vn -0.2620 0.9397 -0.2198
vn -0.4698 0.3420 -0.8138
vn -0.4924 0.6428 -0.5868
vn -0.3830 0.8660 -0.3214
vn -0.4924 0.1736 -0.8529
vn -0.1504 0.9848 -0.0868
vn -0.5567 0.5000 -0.6634
vn -0.4924 0.7660 -0.4132
vn -0.2962 0.9397 -0.1710
vn -0.6040 0.3420 -0.7198
vn -0.5868 0.6428 -0.4924
vn -0.4330 0.8660 -0.2500
vn -0.6330 0.1736 -0.7544
vn -0.1632 0.9848 -0.0594
vn -0.6634 0.5000 -0.5567
vn -0.5567 0.7660 -0.3214
vn -0.3214 0.9397 -0.1170
vn -0.7198 0.3420 -0.6040
vn -0.6634 0.6428 -0.3830
vn -0.4698 0.8660 -0.1710
vn -0.7544 0.1736 -0.6330
vn -0.1710 0.9848 -0.0302
vn -0.7500 0.5000 -0.4330
vn -0.6040 0.7660 -0.2198
vn -0.3368 0.9397 -0.0594
vn -0.8138 0.3420 -0.4698
vn -0.7198 0.6428 -0.2620
vn -0.4924 0.8660 -0.0868
vn -0.8529 0.1736 -0.4924
vn -0.8138 0.5000 -0.2962
vn -0.6330 0.7660 -0.1116
vn -0.8830 0.3420 -0.3214
vn -0.7544 0.6428 -0.1330
vn -0.9254 0.1736 -0.3368
vn -0.8529 0.5000 -0.1504
vn -0.9254 0.3420 -0.1632
vn -0.9698 0.1736 -0.1710
vn -0.1736 0.9848 0.0000
vn -0.3420 0.9397 0.0000
vn -0.5000 0.8660 0.0000
vn -0.6428 0.7660 0.0000
vn -0.7660 0.6428 0.0000
vn -0.8660 0.5000 0.0000
vn -0.9397 0.3420 0.0000
vn -0.9848 0.1736 0.0000
vn -1.0000 0.0000 -0.0000
vn -0.9848 0.0000 0.1736
vn -0.9397 0.0000 0.3420
vn -0.8660 0.0000 0.5000
vn -0.7660 0.0000 0.6428
vn -0.6428 0.0000 0.7660
vn -0.5000 0.0000 0.8660
vn -0.3420 0.0000 0.9397
vn -0.1736 0.0000 0.9848
vn 0.0000 0.0000 1.0000
vn 0.1736 0.0000 0.9848
vn 0.3420 0.0000 0.9397
vn 0.5000 0.0000 0.8660
vn 0.6428 0.0000 0.7660
vn 0.7660 0.0000 0.6428
vn 0.8660 0.0000 0.5000
vn 0.9397 0.0000 0.3420
vn 0.9848 0.0000 0.1736
vn 1.0000 0.0000 -0.0000
vn 0.9848 0.0000 -0.1736
vn 0.9397 0.0000 -0.3420
vn 0.8660 0.0000 -0.5000
vn 0.7660 0.0000 -0.6428
vn 0.6428 0.0000 -0.7660
vn 0.5000 0.0000 -0.8660
vn 0.3420 0.0000 -0.9397
vn 0.1736 0.0000 -0.9848
vn 0.0000 -0.0000 -1.0000
vn -0.1736 -0.0000 -0.9848
vn -0.3420 -0.0000 -0.9397
vn -0.5000 -0.0000 -0.8660
vn -0.6428 -0.0000 -0.7660
vn -0.7660 -0.0000 -0.6428
vn -0.8660 -0.0000 -0.5000
vn -0.9397 -0.0000 -0.3420
vn -0.9848 -0.0000 -0.1736
vn -0.1710 0.9848 0.0302
vn -0.3368 0.9397 0.0594
vn -0.4924 0.8660 0.0868
vn -0.1632 0.9848 0.0594
vn -0.6330 0.7660 0.1116
vn -0.3214 0.9397 0.1170
vn -0.7544 0.6428 0.1330
vn -0.4698 0.8660 0.1710
vn -0.1504 0.9848 0.0868
vn -0.8529 0.5000 0.1504
vn -0.6040 0.7660 0.2198
vn -0.2962 0.9397 0.1710
vn -0.9254 0.3420 0.1632
vn -0.7198 0.6428 0.2620
vn -0.4330 0.8660 0.2500
vn -0.9698 0.1736 0.1710
vn -0.1330 0.9848 0.1116
vn -0.8138 0.5000 0.2962
vn -0.5567 0.7660 0.3214
vn -0.2620 0.9397 0.2198
vn -0.8830 0.3420 0.3214
vn -0.6634 0.6428 0.3830
vn -0.3830 0.8660 0.3214
vn -0.9254 0.1736 0.3368
vn -0.1116 0.9848 0.1330
vn -0.7500 0.5000 0.4330
vn -0.4924 0.7660 0.4132
vn -0.2198 0.9397 0.2620
vn -0.8138 0.3420 0.4698
vn -0.5868 0.6428 0.4924
vn -0.3214 0.8660 0.3830
vn -0.8529 0.1736 0.4924
vn -0.0868 0.9848 0.1504
vn -0.6634 0.5000 0.5567
vn -0.4132 0.7660 0.4924
vn -0.1710 0.9397 0.2962
vn -0.7198 0.3420 0.6040
vn -0.4924 0.6428 0.5868
vn -0.2500 0.8660 0.4330
vn -0.7544 0.1736 0.6330
vn -0.0594 0.9848 0.1632
vn -0.5567 0.5000 0.6634
vn -0.3214 0.7660 0.5567
vn -0.1170 0.9397 0.3214
vn -0.6040 0.3420 0.7198
vn -0.3830 0.6428 0.6634
vn -0.1710 0.8660 0.4698
vn -0.6330 0.1736 0.7544
vn -0.0302 0.9848 0.1710
vn -0.4330 0.5000 0.7500
vn -0.2198 0.7660 0.6040
vn -0.0594 0.9397 0.3368
vn -0.4698 0.3420 0.8138
vn -0.2620 0.6428 0.7198
vn -0.0868 0.8660 0.4924
vn -0.4924 0.1736 0.8529
vn 0.0000 0.9848 0.1736
vn -0.2962 0.5000 0.8138
vn -0.1116 0.7660 0.6330
vn 0.0000 0.9397 0.3420
vn -0.3214 0.3420 0.8830
vn -0.1330 0.6428 0.7544
vn 0.0000 0.8660 0.5000
vn -0.3368 0.1736 0.9254
vn 0.0302 0.9848 0.1710
vn -0.1504 0.5000 0.8529
vn 0.0000 0.7660 0.6428
vn 0.0594 0.9397 0.3368
vn -0.1632 0.3420 0.9254
vn 0.0000 0.6428 0.7660
vn 0.0868 0.8660 0.4924
vn -0.1710 0.1736 0.9698
vn 0.0594 0.9848 0.1632
vn 0.0000 0.5000 0.8660
vn 0.1116 0.7660 0.6330
vn 0.1170 0.9397 0.3214
vn 0.0000 0.3420 0.9397
vn 0.1330 0.6428 0.7544
vn 0.1710 0.8660 0.4698
vn 0.0000 0.1736 0.9848
vn 0.0868 0.9848 0.1504
vn 0.1504 0.5000 0.8529
vn 0.2198 0.7660 0.6040
vn 0.1710 0.9397 0.2962
vn 0.1632 0.3420 0.9254
vn 0.2620 0.6428 0.7198
vn 0.2500 0.8660 0.4330
vn 0.1710 0.1736 0.9698
vn 0.1116 0.9848 0.1330
vn 0.2962 0.5000 0.8138
vn 0.3214 0.7660 0.5567
vn 0.2198 0.9397 0.2620
vn 0.3214 0.3420 0.8830
vn 0.3830 0.6428 0.6634
vn 0.3214 0.8660 0.3830
vn 0.3368 0.1736 0.9254
vn 0.1330 0.9848 0.1116
vn 0.4330 0.5000 0.7500
vn 0.4132 0.7660 0.4924
vn 0.2620 0.9397 0.2198
vn 0.4698 0.3420 0.8138
vn 0.4924 0.6428 0.5868
vn 0.3830 0.8660 0.3214
vn 0.4924 0.1736 0.8529
vn 0.1504 0.9848 0.0868
vn 0.5567 0.5000 0.6634
vn 0.4924 0.7660 0.4132
vn 0.2962 0.9397 0.1710
vn 0.6040 0.3420 0.7198
vn 0.5868 0.6428 0.4924
vn 0.4330 0.8660 0.2500
vn 0.6330 0.1736 0.7544
vn 0.1632 0.9848 0.0594
vn 0.6634 0.5000 0.5567
vn 0.5567 0.7660 0.3214
vn 0.3214 0.9397 0.1170
vn 0.7198 0.3420 0.6040
vn 0.6634 0.6428 0.3830
vn 0.4698 0.8660 0.1710
vn 0.7544 0.1736 0.6330
vn 0.1710 0.9848 0.0302
vn 0.7500 0.5000 0.4330
vn 0.6040 0.7660 0.2198
vn 0.3368 0.9397 0.0594
vn 0.8138 0.3420 0.4698
vn 0.7198 0.6428 0.2620
vn 0.4924 0.8660 0.0868
vn 0.8529 0.1736 0.4924
vn 0.1736 0.9848 -0.0000
vn 0.8138 0.5000 0.2962
vn 0.6330 0.7660 0.1116
vn 0.3420 0.9397 -0.0000
vn 0.8830 0.3420 0.3214
vn 0.7544 0.6428 0.1330
vn 0.5000 0.8660 -0.0000
vn 0.9254 0.1736 0.3368
vn 0.1710 0.9848 -0.0302
vn 0.8529 0.5000 0.1504
vn 0.6428 0.7660 -0.0000
vn 0.3368 0.9397 -0.0594
vn 0.9254 0.3420 0.1632
vn 0.7660 0.6428 -0.0000
vn 0.4924 0.8660 -0.0868
vn 0.9698 0.1736 0.1710
vn 0.1632 0.9848 -0.0594
vn 0.8660 0.5000 -0.0000
vn 0.6330 0.7660 -0.1116
vn 0.3214 0.9397 -0.1170
vn 0.9397 0.3420 -0.0000
vn 0.7544 0.6428 -0.1330
vn 0.4698 0.8660 -0.1710
vn 0.9848 0.1736 -0.0000
vn 0.1504 0.9848 -0.0868
vn 0.8529 0.5000 -0.1504
vn 0.6040 0.7660 -0.2198
vn 0.2962 0.9397 -0.1710
vn 0.9254 0.3420 -0.1632
vn 0.7198 0.6428 -0.2620
vn 0.4330 0.8660 -0.2500
vn 0.9698 0.1736 -0.1710
vn 0.1330 0.9848 -0.1116
vn 0.8138 0.5000 -0.2962
vn 0.5567 0.7660 -0.3214
vn 0.2620 0.9397 -0.2198
vn 0.8830 0.3420 -0.3214
vn 0.6634 0.6428 -0.3830
vn 0.3830 0.8660 -0.3214
vn 0.9254 0.1736 -0.3368
vn 0.1116 0.9848 -0.1330
vn 0.7500 0.5000 -0.4330
vn 0.4924 0.7660 -0.4132
vn 0.2198 0.9397 -0.2620
vn 0.8138 0.3420 -0.4698
vn 0.5868 0.6428 -0.4924
vn 0.3214 0.8660 -0.3830
vn 0.8529 0.1736 -0.4924
vn 0.0868 0.9848 -0.1504
vn 0.6634 0.5000 -0.5567
vn 0.4132 0.7660 -0.4924
vn 0.1710 0.9397 -0.2962
vn 0.7198 0.3420 -0.6040
vn 0.4924 0.6428 -0.5868
vn 0.2500 0.8660 -0.4330
vn 0.7544 0.1736 -0.6330
vn 0.0594 0.9848 -0.1632
vn 0.5567 0.5000 -0.6634
vn 0.3214 0.7660 -0.5567
vn 0.1170 0.9397 -0.3214
vn 0.6040 0.3420 -0.7198
vn 0.3830 0.6428 -0.6634
vn 0.1710 0.8660 -0.4698
vn 0.6330 0.1736 -0.7544
vn 0.0302 0.9848 -0.1710
vn 0.4330 0.5000 -0.7500
vn 0.2198 0.7660 -0.6040
vn 0.0594 0.9397 -0.3368
vn 0.4698 0.3420 -0.8138
vn 0.2620 0.6428 -0.7198
vn 0.0868 0.8660 -0.4924
vn 0.4924 0.1736 -0.8529
vn -0.0000 0.9848 -0.1736
vn 0.2962 0.5000 -0.8138
vn 0.1116 0.7660 -0.6330
vn -0.0000 0.9397 -0.3420
vn 0.3214 0.3420 -0.8830
vn 0.1330 0.6428 -0.7544
vn -0.0000 0.8660 -0.5000
vn 0.3368 0.1736 -0.9254
vn -0.0302 0.9848 -0.1710
vn 0.1504 0.5000 -0.8529
vn -0.0000 0.7660 -0.6428
vn -0.0594 0.9397 -0.3368
vn 0.1632 0.3420 -0.9254
vn -0.0000 0.6428 -0.7660
vn -0.0868 0.8660 -0.4924
vn 0.1710 0.1736 -0.9698
vn -0.0594 0.9848 -0.1632
vn -0.0000 0.5000 -0.8660
vn -0.1116 0.7660 -0.6330
vn -0.1170 0.9397 -0.3214
vn -0.0000 0.3420 -0.9397
vn -0.1330 0.6428 -0.7544
vn -0.1710 0.8660 -0.4698
vn -0.0000 0.1736 -0.9848
vn -0.0868 0.9848 -0.1504
vn -0.1504 0.5000 -0.8529
vn -0.2198 0.7660 -0.6040
vn -0.1710 0.9397 -0.2962
vn -0.1632 0.3420 -0.9254
vn -0.2620 0.6428 -0.7198
vn -0.2500 0.8660 -0.4330
vn -0.1710 0.1736 -0.9698
vn -0.1116 0.9848 -0.1330
vn -0.2962 0.5000 -0.8138
vn -0.3214 0.7660 -0.5567
vn -0.2198 0.9397 -0.2620
vn -0.3214 0.3420 -0.8830
vn -0.3830 0.6428 -0.6634
vn -0.3214 0.8660 -0.3830
vn -0.3368 0.1736 -0.9254
vn -0.1330 0.9848 -0.1116
vn -0.4330 0.5000 -0.7500
vn -0.4132 0.7660 -0.4924
vn -0.2620 0.9397 -0.2198
vn -0.4698 0.3420 -0.8138
vn -0.4924 0.6428 -0.5868
vn -0.3830 0.8660 -0.3214
vn -0.4924 0.1736 -0.8529
vn -0.1504 0.9848 -0.0868
vn -0.5567 0.5000 -0.6634
vn -0.4924 0.7660 -0.4132
vn -0.2962 0.9397 -0.1710
vn -0.6040 0.3420 -0.7198
vn -0.5868 0.6428 -0.4924
vn -0.4330 0.8660 -0.2500
vn -0.6330 0.1736 -0.7544
vn -0.1632 0.9848 -0.0594
vn -0.6634 0.5000 -0.5567
vn -0.5567 0.7660 -0.3214
vn -0.3214 0.9397 -0.1170
vn -0.7198 0.3420 -0.6040
vn -0.6634 0.6428 -0.3830
vn -0.4698 0.8660 -0.1710
vn -0.7544 0.1736 -0.6330
vn -0.1710 0.9848 -0.0302
vn -0.7500 0.5000 -0.4330
vn -0.6040 0.7660 -0.2198
vn -0.3368 0.9397 -0.0594
vn -0.8138 0.3420 -0.4698
vn -0.7198 0.6428 -0.2620
vn -0.4924 0.8660 -0.0868
vn -0.8529 0.1736 -0.4924
vn -0.8138 0.5000 -0.2962
vn -0.6330 0.7660 -0.1116
vn -0.8830 0.3420 -0.3214
vn -0.7544 0.6428 -0.1330
vn -0.9254 0.1736 -0.3368
vn -0.8529 0.5000 -0.1504
vn -0.9254 0.3420 -0.1632
vn -0.9698 0.1736 -0.1710
vn 0.9848 -0.0000 -0.1736
vn 0.9397 -0.0000 -0.3420
vn 0.8660 -0.0000 -0.5000
vn 0.7660 -0.0000 -0.6428
vn 0.6428 -0.0000 -0.7660
vn 0.5000 -0.0000 -0.8660
vn 0.3420 -0.0000 -0.9397
vn 0.1736 -0.0000 -0.9848
vn 0.9848 -0.0000 -0.1736
vn 0.9397 -0.0000 -0.3420
vn 0.8660 -0.0000 -0.5000
vn 0.7660 -0.0000 -0.6428
vn 0.6428 -0.0000 -0.7660
vn 0.5000 -0.0000 -0.8660
vn 0.3420 -0.0000 -0.9397
vn 0.1736 -0.0000 -0.9848
vn 0.9749 -0.0249 0.2211
vn 0.9749 -0.0735 0.2100
vn 0.9749 -0.1184 0.1884
vn 0.9010 -0.0965 0.4230
vn 0.9749 -0.1573 0.1573
vn 0.9010 -0.1883 0.3909
vn 0.7818 -0.0698 0.6196
vn 0.9749 -0.1884 0.1184
vn 0.9010 -0.2705 0.3392
vn 0.7818 -0.2059 0.5885
vn 0.9749 -0.2100 0.0735
vn 0.9010 -0.3392 0.2705
vn 0.7818 -0.3317 0.5279
vn 0.6235 -0.1740 0.7622
vn 0.9749 -0.2211 0.0249
vn 0.9010 -0.3909 0.1883
vn 0.7818 -0.4409 0.4409
vn 0.6235 -0.3392 0.7044
vn 0.4339 -0.1009 0.8953
vn 0.9010 -0.4230 0.0965
vn 0.7818 -0.5279 0.3317
vn 0.6235 -0.4875 0.6113
vn 0.4339 -0.2976 0.8504
vn 0.7818 -0.5885 0.2059
vn 0.6235 -0.6113 0.4875
vn 0.4339 -0.4793 0.7629
vn 0.2225 -0.2169 0.9505
vn 0.7818 -0.6196 0.0698
vn 0.6235 -0.7044 0.3392
vn 0.4339 -0.6371 0.6371
vn 0.2225 -0.4230 0.8784
vn 0.6235 -0.7622 0.1740
vn 0.4339 -0.7629 0.4793
vn 0.2225 -0.6079 0.7622
vn 0.4339 -0.8504 0.2976
vn 0.2225 -0.7622 0.6079
vn 0.4339 -0.8953 0.1009
vn 0.2225 -0.8784 0.4230
vn 0.2225 -0.9505 0.2169
vn 0.0249 0.9749 0.2211
vn 0.0735 0.9749 0.2100
vn 0.1184 0.9749 0.1884
vn 0.0965 0.9010 0.4230
vn 0.1573 0.9749 0.1573
vn 0.1883 0.9010 0.3909
vn 0.0698 0.7818 0.6196
vn 0.1884 0.9749 0.1184
vn 0.2705 0.9010 0.3392
vn 0.2059 0.7818 0.5885
vn 0.2100 0.9749 0.0735
vn 0.3392 0.9010 0.2705
vn 0.3317 0.7818 0.5279
vn 0.1740 0.6235 0.7622
vn 0.2211 0.9749 0.0249
vn 0.3909 0.9010 0.1883
vn 0.4409 0.7818 0.4409
vn 0.3392 0.6235 0.7044
vn 0.1009 0.4339 0.8953
vn 0.4230 0.9010 0.0965
vn 0.5279 0.7818 0.3317
vn 0.4875 0.6235 0.6113
vn 0.2976 0.4339 0.8504
vn 0.5885 0.7818 0.2059
vn 0.6113 0.6235 0.4875
vn 0.4793 0.4339 0.7629
vn 0.2169 0.2225 0.9505
vn 0.6196 0.7818 0.0698
vn 0.7044 0.6235 0.3392
vn 0.6371 0.4339 0.6371
vn 0.4230 0.2225 0.8784
vn 0.7622 0.6235 0.1740
vn 0.7629 0.4339 0.4793
vn 0.6079 0.2225 0.7622
vn 0.8504 0.4339 0.2976
vn 0.7622 0.2225 0.6079
vn 0.8953 0.4339 0.1009
vn 0.8784 0.2225 0.4230
vn 0.9505 0.2225 0.2169
vn 0.9749 -0.0249 -0.2211
vn 0.9749 -0.0735 -0.2100
vn 0.9749 -0.1184 -0.1884
vn 0.9010 -0.0965 -0.4230
vn 0.9749 -0.1573 -0.1573
vn 0.9010 -0.1883 -0.3909
vn 0.7818 -0.0698 -0.6196
vn 0.9749 -0.1884 -0.1184
vn 0.9010 -0.2705 -0.3392
vn 0.7818 -0.2059 -0.5885
vn 0.9749 -0.2100 -0.0735
vn 0.9010 -0.3392 -0.2705
vn 0.7818 -0.3317 -0.5279
vn 0.6235 -0.1740 -0.7622
vn 0.9749 -0.2211 -0.0249
vn 0.9010 -0.3909 -0.1883
vn 0.7818 -0.4409 -0.4409
vn 0.6235 -0.3392 -0.7044
vn 0.4339 -0.1009 -0.8953
vn 0.9010 -0.4230 -0.0965
vn 0.7818 -0.5279 -0.3317
vn 0.6235 -0.4875 -0.6113
vn 0.4339 -0.2976 -0.8504
vn 0.7818 -0.5885 -0.2059
vn 0.6235 -0.6113 -0.4875
vn 0.4339 -0.4793 -0.7629
vn 0.2225 -0.2169 -0.9505
vn 0.7818 -0.6196 -0.0698
vn 0.6235 -0.7044 -0.3392
vn 0.4339 -0.6371 -0.6371
vn 0.2225 -0.4230 -0.8784
vn 0.6235 -0.7622 -0.1740
vn 0.4339 -0.7629 -0.4793
vn 0.2225 -0.6079 -0.7622
vn 0.4339 -0.8504 -0.2976
vn 0.2225 -0.7622 -0.6079
vn 0.4339 -0.8953 -0.1009
vn 0.2225 -0.8784 -0.4230
vn 0.2225 -0.9505 -0.2169
vn 0.9749 0.2211 -0.0249
vn 0.9749 0.2100 -0.0735
vn 0.9749 0.1884 -0.1184
vn 0.9010 0.4230 -0.0965
vn 0.9749 0.1573 -0.1573
vn 0.9010 0.3909 -0.1883
vn 0.7818 0.6196 -0.0698
vn 0.9749 0.1184 -0.1884
vn 0.9010 0.3392 -0.2705
vn 0.7818 0.5885 -0.2059
vn 0.9749 0.0735 -0.2100
vn 0.9010 0.2705 -0.3392
vn 0.7818 0.5279 -0.3317
vn 0.6235 0.7622 -0.1740
vn 0.9749 0.0249 -0.2211
vn 0.9010 0.1883 -0.3909
vn 0.7818 0.4409 -0.4409
vn 0.6235 0.7044 -0.3392
vn 0.4339 0.8953 -0.1009
vn 0.9010 0.0965 -0.4230
vn 0.7818 0.3317 -0.5279
vn 0.6235 0.6113 -0.4875
vn 0.4339 0.8504 -0.2976
vn 0.7818 0.2059 -0.5885
vn 0.6235 0.4875 -0.6113
vn 0.4339 0.7629 -0.4793
vn 0.2225 0.9505 -0.2169
vn 0.7818 0.0698 -0.6196
vn 0.6235 0.3392 -0.7044
vn 0.4339 0.6371 -0.6371
vn 0.2225 0.8784 -0.4230
vn 0.6235 0.1740 -0.7622
vn 0.4339 0.4793 -0.7629
vn 0.2225 0.7622 -0.6079
vn 0.4339 0.2976 -0.8504
vn 0.2225 0.6079 -0.7622
vn 0.4339 0.1009 -0.8953
vn 0.2225 0.4230 -0.8784
vn 0.2225 0.2169 -0.9505
f 2//2 3//3 1//1
f 2//2 4//4 3//3
f 15//15 2//2 1//1
f 15//15 1//1 5//5
f 16//16 5//5 6//6
f 16//16 15//15 5//5
f 17//17 6//6 7//7
f 17//17 7//7 8//8
f 17//17 16//16 6//6
f 18//18 17//17 8//8
f 19//19 8//8 9//9
f 19//19 18//18 8//8
f 20//20 9//9 10//10
f 20//20 19//19 9//9
f 21//21 10//10 11//11
f 21//21 20//20 10//10
f 22//22 11//11 12//12
f 22//22 12//12 13//13
f 22//22 21//21 11//11
f 14//14 22//22 13//13
f 40//40 31//31 1//1
f 40//40 1//1 3//3
f 39//39 30//30 31//31
f 39//39 31//31 40//40
f 38//38 28//28 29//29
f 38//38 29//29 30//30
f 38//38 30//30 39//39
f 37//37 28//28 38//38
f 36//36 27//27 28//28
f 36//36 28//28 37//37
f 35//35 26//26 27//27
f 35//35 27//27 36//36
f 34//34 25//25 26//26
f 34//34 26//26 35//35
f 33//33 24//24 25//25
f 33//33 25//25 34//34
f 32//32 23//23 24//24
f 32//32 24//24 33//33
f 51//51 2//2 49//49
f 51//51 4//4 2//2
f 52//52 49//49 48//48
f 52//52 51//51 49//49
f 53//53 48//48 47//47
f 53//53 52//52 48//48
f 54//54 47//47 46//46
f 54//54 53//53 47//47
f 55//55 46//46 45//45
f 55//55 54//54 46//46
f 56//56 45//45 44//44
f 56//56 55//55 45//45
f 57//57 44//44 43//43
f 57//57 56//56 44//44
f 58//58 43//43 42//42
f 58//58 57//57 43//43
f 50//50 42//42 41//41
f 50//50 58//58 42//42
f 4//4 59//59 3//3
f 77//77 60//60 59//59
f 77//77 59//59 4//4
f 76//76 61//61 60//60
f 76//76 60//60 77//77
f 75//75 62//62 61//61
f 75//75 61//61 76//76
f 74//74 63//63 62//62
f 74//74 62//62 75//75
f 73//73 64//64 63//63
f 73//73 63//63 74//74
f 72//72 65//65 64//64
f 72//72 64//64 73//73
f 71//71 66//66 65//65
f 71//71 65//65 72//72
f 70//70 67//67 66//66
f 70//70 66//66 71//71
f 69//69 68//68 67//67
f 69//69 67//67 70//70
f 5//5 1//1 31//31
f 13//13 12//12 85//85
f 86//86 24//24 23//23
f 86//86 25//25 24//24
f 87//87 86//86 23//23
f 88//88 87//87 23//23
f 89//89 26//26 25//25
f 89//89 25//25 86//86
f 89//89 86//86 87//87
f 90//90 88//88 23//23
f 91//91 89//89 87//87
f 91//91 87//87 88//88
f 92//92 27//27 26//26
f 92//92 28//28 27//27
f 92//92 26//26 89//89
f 93//93 90//90 23//23
f 94//94 91//91 88//88
f 94//94 88//88 90//90
f 95//95 92//92 89//89
f 95//95 89//89 91//91
f 96//96 93//93 23//23
f 97//97 90//90 93//93
f 97//97 94//94 90//90
f 98//98 91//91 94//94
f 98//98 95//95 91//91
f 99//99 29//29 28//28
f 99//99 92//92 95//95
f 99//99 28//28 92//92
f 100//100 23//23 78//78
f 100//100 78//78 79//79
f 100//100 96//96 23//23
f 101//101 93//93 96//96
f 101//101 97//97 93//93
f 102//102 94//94 97//97
f 102//102 98//98 94//94
f 103//103 95//95 98//98
f 103//103 99//99 95//95
f 104//104 30//30 29//29
f 104//104 29//29 99//99
f 105//105 79//79 80//80
f 105//105 100//100 79//79
f 105//105 96//96 100//100
f 105//105 101//101 96//96
f 106//106 97//97 101//101
f 106//106 102//102 97//97
f 107//107 103//103 98//98
f 107//107 98//98 102//102
f 108//108 99//99 103//103
f 108//108 104//104 99//99
f 109//109 101//101 105//105
f 109//109 106//106 101//101
f 110//110 102//102 106//106
f 110//110 107//107 102//102
f 111//111 103//103 107//107
f 111//111 108//108 103//103
f 112//112 31//31 30//30
f 112//112 6//6 5//5
f 112//112 104//104 108//108
f 112//112 5//5 31//31
f 112//112 30//30 104//104
f 113//113 80//80 81//81
f 113//113 81//81 82//82
f 113//113 105//105 80//80
f 113//113 109//109 105//105
f 114//114 110//110 106//106
f 114//114 106//106 109//109
f 115//115 107//107 110//110
f 115//115 111//111 107//107
f 116//116 7//7 6//6
f 116//116 108//108 111//111
f 116//116 6//6 112//112
f 116//116 112//112 108//108
f 117//117 82//82 83//83
f 117//117 113//113 82//82
f 117//117 109//109 113//113
f 117//117 114//114 109//109
f 118//118 115//115 110//110
f 118//118 110//110 114//114
f 119//119 8//8 7//7
f 119//119 9//9 8//8
f 119//119 111//111 115//115
f 119//119 116//116 111//111
f 119//119 7//7 116//116
f 120//120 114//114 117//117
f 120//120 118//118 114//114
f 121//121 10//10 9//9
f 121//121 119//119 115//115
f 121//121 115//115 118//118
f 121//121 9//9 119//119
f 122//122 83//83 84//84
f 122//122 117//117 83//83
f 122//122 120//120 117//117
f 123//123 11//11 10//10
f 123//123 118//118 120//120
f 123//123 121//121 118//118
f 123//123 10//10 121//121
f 124//124 84//84 85//85
f 124//124 12//12 11//11
f 124//124 11//11 123//123
f 124//124 122//122 84//84
f 124//124 120//120 122//122
f 124//124 123//123 120//120
f 124//124 85//85 12//12
f 15//15 49//49 2//2
f 14//14 132//132 22//22
f 133//133 41//41 42//42
f 133//133 42//42 43//43
f 134//134 41//41 133//133
f 135//135 41//41 134//134
f 136//136 43//43 44//44
f 136//136 133//133 43//43
f 136//136 134//134 133//133
f 137//137 41//41 135//135
f 138//138 134//134 136//136
f 138//138 135//135 134//134
f 139//139 44//44 45//45
f 139//139 45//45 46//46
f 139//139 136//136 44//44
f 140//140 41//41 137//137
f 141//141 135//135 138//138
f 141//141 137//137 135//135
f 142//142 136//136 139//139
f 142//142 138//138 136//136
f 143//143 41//41 140//140
f 144//144 140//140 137//137
f 144//144 137//137 141//141
f 145//145 141//141 138//138
f 145//145 138//138 142//142
f 146//146 46//46 47//47
f 146//146 142//142 139//139
f 146//146 139//139 46//46
f 147//147 125//125 41//41
f 147//147 126//126 125//125
f 147//147 41//41 143//143
f 148//148 143//143 140//140
f 148//148 140//140 144//144
f 149//149 144//144 141//141
f 149//149 141//141 145//145
f 150//150 145//145 142//142
f 150//150 142//142 146//146
f 151//151 47//47 48//48
f 151//151 146//146 47//47
f 152//152 127//127 126//126
f 152//152 126//126 147//147
f 152//152 147//147 143//143
f 152//152 143//143 148//148
f 153//153 148//148 144//144
f 153//153 144//144 149//149
f 154//154 145//145 150//150
f 154//154 149//149 145//145
f 155//155 150//150 146//146
f 155//155 146//146 151//151
f 156//156 152//152 148//148
f 156//156 148//148 153//153
f 157//157 153//153 149//149
f 157//157 149//149 154//154
f 158//158 154//154 150//150
f 158//158 150//150 155//155
f 159//159 48//48 49//49
f 159//159 15//15 16//16
f 159//159 155//155 151//151
f 159//159 49//49 15//15
f 159//159 151//151 48//48
f 160//160 128//128 127//127
f 160//160 129//129 128//128
f 160//160 127//127 152//152
f 160//160 152//152 156//156
f 161//161 153//153 157//157
f 161//161 156//156 153//153
f 162//162 157//157 154//154
f 162//162 154//154 158//158
f 163//163 16//16 17//17
f 163//163 158//158 155//155
f 163//163 159//159 16//16
f 163//163 155//155 159//159
f 164//164 130//130 129//129
f 164//164 129//129 160//160
f 164//164 160//160 156//156
f 164//164 156//156 161//161
f 165//165 157//157 162//162
f 165//165 161//161 157//157
f 166//166 17//17 18//18
f 166//166 18//18 19//19
f 166//166 162//162 158//158
f 166//166 158//158 163//163
f 166//166 163//163 17//17
f 167//167 164//164 161//161
f 167//167 161//161 165//165
f 168//168 19//19 20//20
f 168//168 162//162 166//166
f 168//168 165//165 162//162
f 168//168 166//166 19//19
f 169//169 131//131 130//130
f 169//169 130//130 164//164
f 169//169 164//164 167//167
f 170//170 20//20 21//21
f 170//170 167//167 165//165
f 170//170 165//165 168//168
f 170//170 168//168 20//20
f 171//171 132//132 131//131
f 171//171 21//21 22//22
f 171//171 170//170 21//21
f 171//171 131//131 169//169
f 171//171 169//169 167//167
f 171//171 167//167 170//170
f 171//171 22//22 132//132
f 173//173 14//14 13//13
f 172//172 14//14 173//173
f 198//198 199//199 23//23
f 197//197 198//198 23//23
f 200//200 23//23 199//199
f 201//201 23//23 200//200
f 196//196 197//197 23//23
f 202//202 23//23 201//201
f 195//195 196//196 23//23
f 203//203 23//23 202//202
f 194//194 195//195 23//23
f 204//204 23//23 203//203
f 205//205 23//23 204//204
f 206//206 23//23 205//205
f 32//32 182//182 183//183
f 32//32 183//183 184//184
f 32//32 184//184 185//185
f 32//32 185//185 186//186
f 32//32 186//186 187//187
f 32//32 187//187 188//188
f 32//32 188//188 189//189
f 32//32 189//189 190//190
f 32//32 190//190 191//191
f 32//32 191//191 192//192
f 32//32 192//192 193//193
f 32//32 193//193 194//194
f 32//32 194//194 23//23
f 235//235 207//207 208//208
f 234//234 235//235 208//208
f 233//233 208//208 209//209
f 233//233 209//209 210//210
f 233//233 234//234 208//208
f 236//236 174//174 23//23
f 236//236 206//206 207//207
f 236//236 207//207 235//235
f 236//236 23//23 206//206
f 232//232 233//233 210//210
f 237//237 174//174 236//236
f 238//238 174//174 237//237
f 231//231 210//210 211//211
f 231//231 211//211 176//176
f 231//231 232//232 210//210
f 239//239 174//174 238//238
f 230//230 231//231 176//176
f 229//229 176//176 177//177
f 229//229 230//230 176//176
f 240//240 174//174 239//239
f 228//228 177//177 178//178
f 228//228 229//229 177//177
f 241//241 174//174 240//240
f 242//242 174//174 241//241
f 227//227 178//178 179//179
f 227//227 228//228 178//178
f 243//243 174//174 242//242
f 226//226 179//179 180//180
f 226//226 227//227 179//179
f 225//225 180//180 181//181
f 225//225 226//226 180//180
f 244//244 174//174 243//243
f 245//245 174//174 244//244
f 224//224 181//181 182//182
f 224//224 225//225 181//181
f 246//246 174//174 245//245
f 247//247 174//174 246//246
f 212//212 174//174 247//247
f 175//175 174//174 212//212
f 175//175 182//182 32//32
f 175//175 212//212 213//213
f 175//175 213//213 214//214
f 175//175 214//214 215//215
f 175//175 215//215 216//216
f 175//175 216//216 217//217
f 175//175 217//217 218//218
f 175//175 218//218 219//219
f 175//175 219//219 220//220
f 175//175 220//220 221//221
f 175//175 221//221 222//222
f 175//175 222//222 223//223
f 175//175 223//223 224//224
f 175//175 224//224 182//182
f 59//59 40//40 3//3
f 68//68 255//255 67//67
f 256//256 32//32 33//33
f 256//256 33//33 34//34
f 257//257 32//32 256//256
f 258//258 32//32 257//257
f 259//259 34//34 35//35
f 259//259 256//256 34//34
f 259//259 257//257 256//256
f 260//260 32//32 258//258
f 261//261 257//257 259//259
f 261//261 258//258 257//257
f 262//262 35//35 36//36
f 262//262 36//36 37//37
f 262//262 259//259 35//35
f 263//263 32//32 260//260
f 264//264 260//260 258//258
f 264//264 258//258 261//261
f 265//265 261//261 259//259
f 265//265 259//259 262//262
f 266//266 32//32 263//263
f 267//267 263//263 260//260
f 267//267 260//260 264//264
f 268//268 264//264 261//261
f 268//268 261//261 265//265
f 269//269 37//37 38//38
f 269//269 265//265 262//262
f 269//269 262//262 37//37
f 270//270 248//248 32//32
f 270//270 249//249 248//248
f 270//270 32//32 266//266
f 271//271 266//266 263//263
f 271//271 263//263 267//267
f 272//272 267//267 264//264
f 272//272 264//264 268//268
f 273//273 268//268 265//265
f 273//273 265//265 269//269
f 274//274 38//38 39//39
f 274//274 269//269 38//38
f 275//275 266//266 271//271
f 275//275 250//250 249//249
f 275//275 249//249 270//270
f 275//275 270//270 266//266
f 276//276 267//267 272//272
f 276//276 271//271 267//267
f 277//277 268//268 273//273
f 277//277 272//272 268//268
f 278//278 273//273 269//269
f 278//278 269//269 274//274
f 279//279 271//271 276//276
f 279//279 275//275 271//271
f 280//280 272//272 277//277
f 280//280 276//276 272//272
f 281//281 277//277 273//273
f 281//281 273//273 278//278
f 282//282 39//39 40//40
f 282//282 59//59 60//60
f 282//282 278//278 274//274
f 282//282 40//40 59//59
f 282//282 274//274 39//39
f 283//283 250//250 275//275
f 283//283 251//251 250//250
f 283//283 275//275 279//279
f 283//283 252//252 251//251
f 284//284 276//276 280//280
f 284//284 279//279 276//276
f 285//285 277//277 281//281
f 285//285 280//280 277//277
f 286//286 282//282 60//60
f 286//286 60//60 61//61
f 286//286 61//61 62//62
f 286//286 281//281 278//278
f 286//286 278//278 282//282
f 287//287 253//253 252//252
f 287//287 283//283 279//279
f 287//287 252//252 283//283
f 287//287 279//279 284//284
f 288//288 284//284 280//280
f 288//288 280//280 285//285
f 289//289 62//62 63//63
f 289//289 285//285 281//281
f 289//289 281//281 286//286
f 289//289 286//286 62//62
f 290//290 284//284 288//288
f 290//290 287//287 284//284
f 291//291 63//63 64//64
f 291//291 289//289 63//63
f 291//291 288//288 285//285
f 291//291 285//285 289//289
f 292//292 254//254 253//253
f 292//292 253//253 287//287
f 292//292 287//287 290//290
f 293//293 64//64 65//65
f 293//293 65//65 66//66
f 293//293 290//290 288//288
f 293//293 288//288 291//291
f 293//293 291//291 64//64
f 294//294 255//255 254//254
f 294//294 66//66 67//67
f 294//294 254//254 292//292
f 294//294 292//292 290//290
f 294//294 290//290 293//293
f 294//294 293//293 66//66
f 294//294 67//67 255//255
f 319//319 41//41 320//320
f 318//318 41//41 319//319
f 321//321 320//320 41//41
f 322//322 321//321 41//41
f 317//317 41//41 318//318
f 323//323 322//322 41//41
f 316//316 41//41 317//317
f 324//324 323//323 41//41
f 315//315 41//41 316//316
f 325//325 324//324 41//41
f 326//326 325//325 41//41
f 327//327 326//326 41//41
f 50//50 304//304 303//303
f 50//50 305//305 304//304
f 50//50 306//306 305//305
f 50//50 307//307 306//306
f 50//50 308//308 307//307
f 50//50 309//309 308//308
f 50//50 310//310 309//309
f 50//50 311//311 310//310
f 50//50 312//312 311//311
f 50//50 313//313 312//312
f 50//50 314//314 313//313
f 50//50 315//315 314//314
f 50//50 41//41 315//315
f 356//356 329//329 328//328
f 355//355 329//329 356//356
f 354//354 330//330 329//329
f 354//354 331//331 330//330
f 354//354 329//329 355//355
f 357//357 41//41 295//295
f 357//357 328//328 327//327
f 357//357 356//356 328//328
f 357//357 327//327 41//41
f 353//353 331//331 354//354
f 358//358 357//357 295//295
f 359//359 358//358 295//295
f 352//352 332//332 331//331
f 352//352 297//297 332//332
f 352//352 331//331 353//353
f 360//360 359//359 295//295
f 351//351 297//297 352//352
f 350//350 298//298 297//297
f 350//350 297//297 351//351
f 361//361 360//360 295//295
f 349//349 299//299 298//298
f 349//349 298//298 350//350
f 362//362 361//361 295//295
f 363//363 362//362 295//295
f 348//348 300//300 299//299
f 348//348 299//299 349//349
f 364//364 363//363 295//295
f 347//347 301//301 300//300
f 347//347 300//300 348//348
f 346//346 302//302 301//301
f 346//346 301//301 347//347
f 365//365 364//364 295//295
f 366//366 365//365 295//295
f 345//345 303//303 302//302
f 345//345 302//302 346//346
f 367//367 366//366 295//295
f 368//368 367//367 295//295
f 333//333 368//368 295//295
f 296//296 333//333 295//295
f 296//296 50//50 303//303
f 296//296 334//334 333//333
f 296//296 335//335 334//334
f 296//296 336//336 335//335
f 296//296 337//337 336//336
f 296//296 338//338 337//337
f 296//296 339//339 338//338
f 296//296 340//340 339//339
f 296//296 341//341 340//340
f 296//296 342//342 341//341
f 296//296 343//343 342//342
f 296//296 344//344 343//343
f 296//296 345//345 344//344
f 296//296 303//303 345//345
f 51//51 77//77 4//4
f 50//50 376//376 58//58
f 377//377 69//69 70//70
f 377//377 70//70 71//71
f 378//378 69//69 377//377
f 379//379 69//69 378//378
f 380//380 71//71 72//72
f 380//380 377//377 71//71
f 380//380 378//378 377//377
f 381//381 69//69 379//379
f 382//382 378//378 380//380
f 382//382 379//379 378//378
f 383//383 72//72 73//73
f 383//383 73//73 74//74
f 383//383 380//380 72//72
f 384//384 69//69 381//381
f 385//385 379//379 382//382
f 385//385 381//381 379//379
f 386//386 380//380 383//383
f 386//386 382//382 380//380
f 387//387 69//69 384//384
f 388//388 384//384 381//381
f 388//388 381//381 385//385
f 389//389 385//385 382//382
f 389//389 382//382 386//386
f 390//390 74//74 75//75
f 390//390 386//386 383//383
f 390//390 383//383 74//74
f 391//391 369//369 69//69
f 391//391 370//370 369//369
f 391//391 69//69 387//387
f 392//392 387//387 384//384
f 392//392 384//384 388//388
f 393//393 388//388 385//385
f 393//393 385//385 389//389
f 394//394 389//389 386//386
f 394//394 386//386 390//390
f 395//395 75//75 76//76
f 395//395 390//390 75//75
f 396//396 371//371 370//370
f 396//396 370//370 391//391
f 396//396 391//391 387//387
f 396//396 387//387 392//392
f 397//397 392//392 388//388
f 397//397 388//388 393//393
f 398//398 389//389 394//394
f 398//398 393//393 389//389
f 399//399 394//394 390//390
f 399//399 390//390 395//395
f 400//400 396//396 392//392
f 400//400 392//392 397//397
f 401//401 397//397 393//393
f 401//401 393//393 398//398
f 402//402 398//398 394//394
f 402//402 394//394 399//399
f 403//403 76//76 77//77
f 403//403 51//51 52//52
f 403//403 399//399 395//395
f 403//403 77//77 51//51
f 403//403 395//395 76//76
f 404//404 372//372 371//371
f 404//404 373//373 372//372
f 404//404 371//371 396//396
f 404//404 396//396 400//400
f 405//405 397//397 401//401
f 405//405 400//400 397//397
f 406//406 401//401 398//398
f 406//406 398//398 402//402
f 407//407 52//52 53//53
f 407//407 402//402 399//399
f 407//407 403//403 52//52
f 407//407 399//399 403//403
f 408//408 374//374 373//373
f 408//408 373//373 404//404
f 408//408 404//404 400//400
f 408//408 400//400 405//405
f 409//409 401//401 406//406
f 409//409 405//405 401//401
f 410//410 53//53 54//54
f 410//410 406//406 402//402
f 410//410 402//402 407//407
f 410//410 407//407 53//53
f 411//411 408//408 405//405
f 411//411 405//405 409//409
f 412//412 54//54 55//55
f 412//412 55//55 56//56
f 412//412 410//410 54//54
f 412//412 406//406 410//410
f 412//412 409//409 406//406
f 413//413 375//375 374//374
f 413//413 374//374 408//408
f 413//413 408//408 411//411
f 414//414 56//56 57//57
f 414//414 412//412 56//56
f 414//414 411//411 409//409
f 414//414 409//409 412//412
f 415//415 376//376 375//375
f 415//415 57//57 58//58
f 415//415 414//414 57//57
f 415//415 375//375 413//413
f 415//415 413//413 411//411
f 415//415 411//411 414//414
f 415//415 58//58 376//376
f 417//417 68//68 69//69
f 416//416 417//417 69//69
f 418//418 13//13 85//85
f 418//418 173//173 13//13
f 419//419 85//85 84//84
f 419//419 418//418 85//85
f 420//420 84//84 83//83
f 420//420 419//419 84//84
f 421//421 83//83 82//82
f 421//421 420//420 83//83
f 422//422 82//82 81//81
f 422//422 421//421 82//82
f 423//423 81//81 80//80
f 423//423 422//422 81//81
f 424//424 79//79 78//78
f 424//424 80//80 79//79
f 424//424 423//423 80//80
f 425//425 424//424 78//78
f 174//174 78//78 23//23
f 174//174 425//425 78//78
f 433//433 132//132 14//14
f 433//433 14//14 172//172
f 432//432 130//130 131//131
f 432//432 131//131 132//132
f 432//432 132//132 433//433
f 431//431 130//130 432//432
f 430//430 129//129 130//130
f 430//430 130//130 431//431
f 429//429 128//128 129//129
f 429//429 129//129 430//430
f 428//428 127//127 128//128
f 428//428 128//128 429//429
f 427//427 125//125 126//126
f 427//427 126//126 127//127
f 427//427 127//127 428//428
f 426//426 125//125 427//427
f 295//295 41//41 125//125
f 295//295 125//125 426//426
f 444//444 173//173 442//442
f 444//444 172//172 173//173
f 445//445 442//442 441//441
f 445//445 444//444 442//442
f 446//446 441//441 440//440
f 446//446 445//445 441//441
f 447//447 440//440 439//439
f 447//447 446//446 440//440
f 448//448 439//439 438//438
f 448//448 447//447 439//439
f 449//449 438//438 437//437
f 449//449 448//448 438//438
f 450//450 437//437 436//436
f 450//450 449//449 437//437
f 451//451 435//435 434//434
f 451//451 436//436 435//435
f 451//451 450//450 436//436
f 443//443 451//451 434//434
f 452//452 255//255 68//68
f 452//452 68//68 417//417
f 453//453 254//254 255//255
f 453//453 255//255 452//452
f 454//454 253//253 254//254
f 454//454 254//254 453//453
f 455//455 252//252 253//253
f 455//455 253//253 454//454
f 456//456 251//251 252//252
f 456//456 252//252 455//455
f 457//457 250//250 251//251
f 457//457 251//251 456//456
f 458//458 248//248 249//249
f 458//458 249//249 250//250
f 458//458 250//250 457//457
f 459//459 248//248 458//458
f 175//175 32//32 248//248
f 175//175 248//248 459//459
f 476//476 467//467 174//174
f 476//476 174//174 175//175
f 475//475 466//466 467//467
f 475//475 467//467 476//476
f 474//474 464//464 465//465
f 474//474 465//465 466//466
f 474//474 466//466 475//475
f 473//473 464//464 474//474
f 472//472 463//463 464//464
f 472//472 464//464 473//473
f 471//471 462//462 463//463
f 471//471 463//463 472//472
f 470//470 461//461 462//462
f 470//470 462//462 471//471
f 469//469 460//460 461//461
f 469//469 461//461 470//470
f 468//468 434//434 460//460
f 468//468 460//460 469//469
f 521//521 176//176 477//477
f 521//521 177//177 176//176
f 522//522 477//477 478//478
f 522//522 521//521 477//477
f 523//523 478//478 479//479
f 523//523 522//522 478//478
f 524//524 178//178 177//177
f 524//524 177//177 521//521
f 525//525 479//479 480//480
f 525//525 523//523 479//479
f 526//526 524//524 521//521
f 526//526 521//521 522//522
f 527//527 480//480 481//481
f 527//527 525//525 480//480
f 528//528 526//526 522//522
f 528//528 522//522 523//523
f 529//529 179//179 178//178
f 529//529 178//178 524//524
f 530//530 481//481 482//482
f 530//530 527//527 481//481
f 531//531 528//528 523//523
f 531//531 523//523 525//525
f 532//532 529//529 524//524
f 532//532 524//524 526//526
f 533//533 482//482 483//483
f 533//533 530//530 482//482
f 534//534 525//525 527//527
f 534//534 531//531 525//525
f 535//535 532//532 526//526
f 535//535 526//526 528//528
f 536//536 483//483 484//484
f 536//536 484//484 485//485
f 536//536 533//533 483//483
f 536//536 485//485 486//486
f 537//537 179//179 529//529
f 537//537 180//180 179//179
f 538//538 534//534 527//527
f 538//538 527//527 530//530
f 539//539 535//535 528//528
f 539//539 528//528 531//531
f 540//540 529//529 532//532
f 540//540 537//537 529//529
f 541//541 530//530 533//533
f 541//541 538//538 530//530
f 542//542 531//531 534//534
f 542//542 539//539 531//531
f 543//543 540//540 532//532
f 543//543 532//532 535//535
f 544//544 541//541 533//533
f 544//544 533//533 536//536
f 544//544 486//486 487//487
f 544//544 536//536 486//486
f 545//545 181//181 180//180
f 545//545 180//180 537//537
f 546//546 542//542 534//534
f 546//546 534//534 538//538
f 547//547 535//535 539//539
f 547//547 543//543 535//535
f 548//548 545//545 537//537
f 548//548 537//537 540//540
f 549//549 538//538 541//541
f 549//549 546//546 538//538
f 550//550 547//547 539//539
f 550//550 539//539 542//542
f 551//551 548//548 540//540
f 551//551 540//540 543//543
f 552//552 541//541 544//544
f 552//552 549//549 541//541
f 552//552 544//544 487//487
f 552//552 487//487 488//488
f 553//553 182//182 181//181
f 553//553 181//181 545//545
f 553//553 545//545 548//548
f 554//554 550//550 542//542
f 554//554 542//542 546//546
f 555//555 551//551 543//543
f 555//555 543//543 547//547
f 556//556 548//548 551//551
f 556//556 553//553 548//548
f 557//557 546//546 549//549
f 557//557 554//554 546//546
f 558//558 555//555 547//547
f 558//558 547//547 550//550
f 559//559 556//556 551//551
f 560//560 488//488 489//489
f 560//560 552//552 488//488
f 560//560 557//557 549//549
f 560//560 549//549 552//552
f 561//561 183//183 182//182
f 561//561 182//182 553//553
f 562//562 550//550 554//554
f 562//562 554//554 557//557
f 562//562 558//558 550//550
f 563//563 551//551 555//555
f 563//563 559//559 551//551
f 564//564 553//553 556//556
f 564//564 561//561 553//553
f 565//565 562//562 557//557
f 566//566 563//563 555//555
f 566//566 555//555 558//558
f 567//567 564//564 556//556
f 567//567 556//556 559//559
f 568//568 565//565 557//557
f 568//568 489//489 490//490
f 568//568 560//560 489//489
f 568//568 557//557 560//560
f 569//569 184//184 183//183
f 569//569 183//183 561//561
f 570//570 566//566 558//558
f 570//570 558//558 562//562
f 571//571 559//559 563//563
f 571//571 567//567 559//559
f 572//572 561//561 564//564
f 572//572 569//569 561//561
f 572//572 564//564 567//567
f 573//573 562//562 565//565
f 573//573 570//570 562//562
f 574//574 563//563 566//566
f 574//574 571//571 563//563
f 575//575 572//572 567//567
f 576//576 565//565 568//568
f 576//576 573//573 565//565
f 576//576 490//490 491//491
f 576//576 568//568 490//490
f 577//577 185//185 184//184
f 577//577 184//184 569//569
f 578//578 566//566 570//570
f 578//578 574//574 566//566
f 579//579 567//567 571//571
f 579//579 575//575 567//567
f 579//579 571//571 574//574
f 580//580 577//577 569//569
f 580//580 569//569 572//572
f 581//581 578//578 570//570
f 581//581 570//570 573//573
f 582//582 579//579 574//574
f 583//583 572//572 575//575
f 583//583 580//580 572//572
f 584//584 573//573 576//576
f 584//584 576//576 491//491
f 584//584 581//581 573//573
f 584//584 491//491 492//492
f 585//585 186//186 185//185
f 585//585 185//185 577//577
f 586//586 578//578 581//581
f 586//586 574//574 578//578
f 586//586 582//582 574//574
f 587//587 575//575 579//579
f 587//587 583//583 575//575
f 588//588 577//577 580//580
f 588//588 580//580 583//583
f 588//588 585//585 577//577
f 589//589 586//586 581//581
f 590//590 579//579 582//582
f 590//590 587//587 579//579
f 591//591 588//588 583//583
f 592//592 492//492 493//493
f 592//592 581//581 584//584
f 592//592 584//584 492//492
f 592//592 589//589 581//581
f 593//593 187//187 186//186
f 593//593 186//186 585//585
f 594//594 582//582 586//586
f 594//594 590//590 582//582
f 595//595 583//583 587//587
f 595//595 587//587 590//590
f 595//595 591//591 583//583
f 596//596 585//585 588//588
f 596//596 593//593 585//585
f 597//597 586//586 589//589
f 597//597 594//594 586//586
f 598//598 590//590 594//594
f 598//598 595//595 590//590
f 599//599 588//588 591//591
f 599//599 596//596 588//588
f 600//600 597//597 589//589
f 600//600 493//493 494//494
f 600//600 592//592 493//493
f 600//600 589//589 592//592
f 601//601 188//188 187//187
f 601//601 187//187 593//593
f 602//602 598//598 594//594
f 603//603 599//599 591//591
f 603//603 591//591 595//595
f 604//604 601//601 593//593
f 604//604 593//593 596//596
f 605//605 594//594 597//597
f 605//605 602//602 594//594
f 606//606 603//603 595//595
f 606//606 595//595 598//598
f 607//607 596//596 599//599
f 607//607 599//599 603//603
f 607//607 604//604 596//596
f 608//608 605//605 597//597
f 608//608 597//597 600//600
f 608//608 494//494 495//495
f 608//608 600//600 494//494
f 609//609 189//189 188//188
f 609//609 188//188 601//601
f 610//610 598//598 602//602
f 610//610 606//606 598//598
f 611//611 607//607 603//603
f 611//611 603//603 606//606
f 612//612 601//601 604//604
f 612//612 609//609 601//601
f 613//613 602//602 605//605
f 613//613 610//610 602//602
f 614//614 611//611 606//606
f 615//615 612//612 604//604
f 615//615 604//604 607//607
f 616//616 605//605 608//608
f 616//616 608//608 495//495
f 616//616 613//613 605//605
f 616//616 495//495 496//496
f 617//617 189//189 609//609
f 617//617 190//190 189//189
f 618//618 606//606 610//610
f 618//618 614//614 606//606
f 619//619 607//607 611//611
f 619//619 615//615 607//607
f 620//620 617//617 609//609
f 620//620 609//609 612//612
f 621//621 610//610 613//613
f 621//621 618//618 610//610
f 621//621 613//613 616//616
f 622//622 611//611 614//614
f 622//622 619//619 611//611
f 623//623 615//615 619//619
f 623//623 612//612 615//615
f 623//623 620//620 612//612
f 624//624 616//616 496//496
f 624//624 496//496 497//497
f 624//624 497//497 498//498
f 624//624 621//621 616//616
f 625//625 191//191 190//190
f 625//625 190//190 617//617
f 626//626 614//614 618//618
f 626//626 622//622 614//614
f 627//627 623//623 619//619
f 628//628 625//625 617//617
f 628//628 617//617 620//620
f 629//629 618//618 621//621
f 629//629 626//626 618//618
f 630//630 619//619 622//622
f 630//630 627//627 619//619
f 631//631 620//620 623//623
f 631//631 628//628 620//620
f 632//632 498//498 499//499
f 632//632 624//624 498//498
f 632//632 621//621 624//624
f 632//632 629//629 621//621
f 633//633 192//192 191//191
f 633//633 193//193 192//192
f 633//633 191//191 625//625
f 634//634 630//630 622//622
f 634//634 622//622 626//626
f 634//634 626//626 629//629
f 635//635 623//623 627//627
f 635//635 631//631 623//623
f 636//636 633//633 625//625
f 636//636 625//625 628//628
f 637//637 629//629 632//632
f 637//637 634//634 629//629
f 638//638 627//627 630//630
f 638//638 635//635 627//627
f 639//639 628//628 631//631
f 639//639 636//636 628//628
f 639//639 631//631 635//635
f 640//640 637//637 632//632
f 640//640 632//632 499//499
f 641//641 193//193 633//633
f 642//642 638//638 630//630
f 642//642 630//630 634//634
f 643//643 639//639 635//635
f 644//644 641//641 633//633
f 644//644 633//633 636//636
f 645//645 642//642 634//634
f 645//645 634//634 637//637
f 646//646 635//635 638//638
f 646//646 643//643 635//635
f 647//647 636//636 639//639
f 647//647 644//644 636//636
f 648//648 637//637 640//640
f 648//648 640//640 499//499
f 648//648 645//645 637//637
f 648//648 499//499 500//500
f 649//649 193//193 641//641
f 649//649 194//194 193//193
f 650//650 638//638 642//642
f 650//650 646//646 638//638
f 651//651 647//647 639//639
f 651//651 639//639 643//643
f 652//652 649//649 641//641
f 652//652 641//641 644//644
f 653//653 642//642 645//645
f 653//653 650//650 642//642
f 654//654 643//643 646//646
f 654//654 646//646 650//650
f 654//654 651//651 643//643
f 655//655 647//647 651//651
f 655//655 652//652 644//644
f 655//655 644//644 647//647
f 656//656 645//645 648//648
f 656//656 648//648 500//500
f 656//656 653//653 645//645
f 656//656 500//500 501//501
f 657//657 195//195 194//194
f 657//657 194//194 649//649
f 658//658 650//650 653//653
f 658//658 654//654 650//650
f 659//659 655//655 651//651
f 660//660 657//657 649//649
f 660//660 649//649 652//652
f 661//661 658//658 653//653
f 662//662 654//654 658//658
f 662//662 659//659 651//651
f 662//662 651//651 654//654
f 663//663 652//652 655//655
f 663//663 660//660 652//652
f 664//664 661//661 653//653
f 664//664 501//501 502//502
f 664//664 653//653 656//656
f 664//664 656//656 501//501
f 665//665 196//196 195//195
f 665//665 195//195 657//657
f 666//666 662//662 658//658
f 667//667 663//663 655//655
f 667//667 655//655 659//659
f 668//668 665//665 657//657
f 668//668 657//657 660//660
f 668//668 660//660 663//663
f 669//669 666//666 658//658
f 669//669 658//658 661//661
f 670//670 667//667 659//659
f 670//670 659//659 662//662
f 671//671 668//668 663//663
f 672//672 669//669 661//661
f 672//672 502//502 503//503
f 672//672 664//664 502//502
f 672//672 661//661 664//664
f 673//673 197//197 196//196
f 673//673 198//198 197//197
f 673//673 196//196 665//665
f 674//674 662//662 666//666
f 674//674 670//670 662//662
f 675//675 663//663 667//667
f 675//675 671//671 663//663
f 676//676 673//673 665//665
f 676//676 668//668 671//671
f 676//676 665//665 668//668
f 677//677 674//674 666//666
f 677//677 666//666 669//669
f 678//678 667//667 670//670
f 678//678 675//675 667//667
f 679//679 676//676 671//671
f 679//679 671//671 675//675
f 680//680 672//672 503//503
f 680//680 677//677 669//669
f 680//680 503//503 504//504
f 680//680 504//504 505//505
f 680//680 669//669 672//672
f 681//681 198//198 673//673
f 682//682 670//670 674//674
f 682//682 678//678 670//670
f 683//683 679//679 675//675
f 684//684 673//673 676//676
f 684//684 681//681 673//673
f 685//685 682//682 674//674
f 685//685 674//674 677//677
f 686//686 675//675 678//678
f 686//686 683//683 675//675
f 687//687 676//676 679//679
f 687//687 684//684 676//676
f 688//688 680//680 505//505
f 688//688 677//677 680//680
f 688//688 685//685 677//677
f 689//689 199//199 198//198
f 689//689 198//198 681//681
f 690//690 678//678 682//682
f 690//690 686//686 678//678
f 691//691 679//679 683//683
f 691//691 687//687 679//679
f 692//692 681//681 684//684
f 692//692 689//689 681//681
f 692//692 684//684 687//687
f 693//693 682//682 685//685
f 693//693 690//690 682//682
f 694//694 686//686 690//690
f 694//694 683//683 686//686
f 694//694 691//691 683//683
f 695//695 692//692 687//687
f 695//695 687//687 691//691
f 696//696 688//688 505//505
f 696//696 685//685 688//688
f 696//696 505//505 506//506
f 696//696 693//693 685//685
f 697//697 200//200 199//199
f 697//697 201//201 200//200
f 697//697 199//199 689//689
f 698//698 690//690 693//693
f 698//698 694//694 690//690
f 699//699 695//695 691//691
f 700//700 689//689 692//692
f 700//700 692//692 695//695
f 700//700 697//697 689//689
f 701//701 698//698 693//693
f 702//702 694//694 698//698
f 702//702 699//699 691//691
f 702//702 691//691 694//694
f 703//703 695//695 699//699
f 703//703 700//700 695//695
f 704//704 701//701 693//693
f 704//704 506//506 507//507
f 704//704 507//507 508//508
f 704//704 696//696 506//506
f 704//704 693//693 696//696
f 705//705 201//201 697//697
f 706//706 702//702 698//698
f 707//707 703//703 699//699
f 708//708 697//697 700//700
f 708//708 705//705 697//697
f 709//709 698//698 701//701
f 709//709 706//706 698//698
f 710//710 699//699 702//702
f 710//710 702//702 706//706
f 710//710 707//707 699//699
f 711//711 700//700 703//703
f 711//711 708//708 700//700
f 712//712 709//709 701//701
f 712//712 508//508 509//509
f 712//712 701//701 704//704
f 712//712 704//704 508//508
f 713//713 201//201 705//705
f 713//713 202//202 201//201
f 713//713 705//705 708//708
f 714//714 710//710 706//706
f 715//715 711//711 703//703
f 715//715 703//703 707//707
f 716//716 713//713 708//708
f 717//717 706//706 709//709
f 717//717 714//714 706//706
f 718//718 707//707 710//710
f 718//718 715//715 707//707
f 719//719 716//716 708//708
f 719//719 708//708 711//711
f 719//719 711//711 715//715
f 720//720 709//709 712//712
f 720//720 712//712 509//509
f 720//720 717//717 709//709
f 721//721 203//203 202//202
f 721//721 202//202 713//713
f 722//722 710//710 714//714
f 722//722 718//718 710//710
f 723//723 719//719 715//715
f 724//724 713//713 716//716
f 724//724 716//716 719//719
f 724//724 721//721 713//713
f 725//725 714//714 717//717
f 725//725 722//722 714//714
f 726//726 715//715 718//718
f 726//726 723//723 715//715
f 727//727 724//724 719//719
f 728//728 720//720 509//509
f 728//728 717//717 720//720
f 728//728 725//725 717//717
f 728//728 509//509 510//510
f 729//729 204//204 203//203
f 729//729 203//203 721//721
f 730//730 718//718 722//722
f 730//730 722//722 725//725
f 730//730 726//726 718//718
f 731//731 719//719 723//723
f 731//731 727//727 719//719
f 732//732 721//721 724//724
f 732//732 729//729 721//721
f 732//732 724//724 727//727
f 733//733 730//730 725//725
f 734//734 723//723 726//726
f 734//734 731//731 723//723
f 735//735 732//732 727//727
f 736//736 733//733 725//725
f 736//736 510//510 511//511
f 736//736 725//725 728//728
f 736//736 728//728 510//510
f 737//737 729//729 732//732
f 737//737 205//205 204//204
f 737//737 204//204 729//729
f 738//738 730//730 733//733
f 738//738 726//726 730//730
f 738//738 734//734 726//726
f 739//739 727//727 731//731
f 739//739 731//731 734//734
f 739//739 735//735 727//727
f 740//740 737//737 732//732
f 741//741 738//738 733//733
f 742//742 739//739 734//734
f 743//743 732//732 735//735
f 743//743 740//740 732//732
f 744//744 741//741 733//733
f 744//744 511//511 512//512
f 744//744 736//736 511//511
f 744//744 733//733 736//736
f 745//745 205//205 737//737
f 745//745 206//206 205//205
f 746//746 742//742 734//734
f 746//746 734//734 738//738
f 747//747 735//735 739//739
f 747//747 743//743 735//735
f 748//748 745//745 737//737
f 748//748 740//740 743//743
f 748//748 737//737 740//740
f 749//749 738//738 741//741
f 749//749 746//746 738//738
f 750//750 739//739 742//742
f 750//750 747//747 739//739
f 751//751 748//748 743//743
f 752//752 741//741 744//744
f 752//752 744//744 512//512
f 752//752 749//749 741//741
f 752//752 512//512 513//513
f 752//752 513//513 514//514
f 753//753 745//745 748//748
f 753//753 207//207 206//206
f 753//753 206//206 745//745
f 754//754 742//742 746//746
f 754//754 750//750 742//742
f 754//754 746//746 749//749
f 755//755 743//743 747//747
f 755//755 751//751 743//743
f 756//756 753//753 748//748
f 757//757 754//754 749//749
f 758//758 747//747 750//750
f 758//758 755//755 747//747
f 759//759 748//748 751//751
f 759//759 751//751 755//755
f 759//759 756//756 748//748
f 760//760 749//749 752//752
f 760//760 752//752 514//514
f 760//760 757//757 749//749
f 761//761 208//208 207//207
f 761//761 207//207 753//753
f 762//762 750//750 754//754
f 762//762 758//758 750//750
f 763//763 759//759 755//755
f 764//764 753//753 756//756
f 764//764 761//761 753//753
f 765//765 754//754 757//757
f 765//765 762//762 754//754
f 766//766 763//763 755//755
f 766//766 755//755 758//758
f 767//767 764//764 756//756
f 767//767 756//756 759//759
f 768//768 514//514 515//515
f 768//768 760//760 514//514
f 768//768 757//757 760//760
f 768//768 765//765 757//757
f 769//769 209//209 208//208
f 769//769 208//208 761//761
f 770//770 766//766 758//758
f 770//770 758//758 762//762
f 771//771 767//767 759//759
f 771//771 759//759 763//763
f 772//772 769//769 761//761
f 772//772 761//761 764//764
f 773//773 770//770 762//762
f 773//773 762//762 765//765
f 774//774 771//771 763//763
f 774//774 763//763 766//766
f 775//775 772//772 764//764
f 775//775 764//764 767//767
f 776//776 765//765 768//768
f 776//776 515//515 516//516
f 776//776 768//768 515//515
f 776//776 773//773 765//765
f 777//777 210//210 209//209
f 777//777 209//209 769//769
f 778//778 774//774 766//766
f 778//778 766//766 770//770
f 779//779 767//767 771//771
f 779//779 771//771 774//774
f 779//779 775//775 767//767
f 780//780 777//777 769//769
f 780//780 769//769 772//772
f 781//781 778//778 770//770
f 781//781 770//770 773//773
f 782//782 779//779 774//774
f 783//783 772//772 775//775
f 783//783 780//780 772//772
f 784//784 773//773 776//776
f 784//784 781//781 773//773
f 784//784 776//776 516//516
f 784//784 516//516 517//517
f 785//785 211//211 210//210
f 785//785 176//176 211//211
f 785//785 477//477 176//176
f 785//785 210//210 777//777
f 786//786 774//774 778//778
f 786//786 782//782 774//774
f 786//786 778//778 781//781
f 787//787 783//783 775//775
f 787//787 775//775 779//779
f 788//788 777//777 780//780
f 788//788 478//478 477//477
f 788//788 785//785 777//777
f 788//788 477//477 785//785
f 789//789 786//786 781//781
f 790//790 779//779 782//782
f 790//790 787//787 779//779
f 791//791 788//788 780//780
f 791//791 479//479 478//478
f 791//791 478//478 788//788
f 791//791 780//780 783//783
f 792//792 781//781 784//784
f 792//792 784//784 517//517
f 792//792 789//789 781//781
f 792//792 517//517 518//518
f 793//793 782//782 786//786
f 793//793 790//790 782//782
f 794//794 480//480 479//479
f 794//794 481//481 480//480
f 794//794 783//783 787//787
f 794//794 479//479 791//791
f 794//794 791//791 783//783
f 795//795 786//786 789//789
f 795//795 793//793 786//786
f 796//796 482//482 481//481
f 796//796 481//481 794//794
f 796//796 787//787 790//790
f 796//796 794//794 787//787
f 797//797 789//789 792//792
f 797//797 792//792 518//518
f 797//797 795//795 789//789
f 797//797 518//518 519//519
f 797//797 519//519 520//520
f 798//798 790//790 793//793
f 798//798 482//482 796//796
f 798//798 796//796 790//790
f 798//798 793//793 795//795
f 799//799 798//798 795//795
f 799//799 483//483 482//482
f 799//799 484//484 483//483
f 799//799 482//482 798//798
f 800//800 799//799 795//795
f 800//800 484//484 799//799
f 800//800 485//485 484//484
f 800//800 520//520 485//485
f 800//800 797//797 520//520
f 800//800 795//795 797//797
f 845//845 212//212 801//801
f 845//845 213//213 212//212
f 846//846 801//801 802//802
f 846//846 845//845 801//801
f 847//847 802//802 803//803
f 847//847 846//846 802//802
f 848//848 214//214 213//213
f 848//848 213//213 845//845
f 849//849 803//803 804//804
f 849//849 847//847 803//803
f 850//850 848//848 845//845
f 850//850 845//845 846//846
f 851//851 804//804 805//805
f 851//851 849//849 804//804
f 852//852 850//850 846//846
f 852//852 846//846 847//847
f 853//853 215//215 214//214
f 853//853 214//214 848//848
f 854//854 805//805 806//806
f 854//854 851//851 805//805
f 855//855 852//852 847//847
f 855//855 847//847 849//849
f 856//856 853//853 848//848
f 856//856 848//848 850//850
f 857//857 806//806 807//807
f 857//857 854//854 806//806
f 858//858 849//849 851//851
f 858//858 855//855 849//849
f 859//859 856//856 850//850
f 859//859 850//850 852//852
f 860//860 807//807 808//808
f 860//860 808//808 809//809
f 860//860 857//857 807//807
f 860//860 809//809 810//810
f 861//861 215//215 853//853
f 861//861 216//216 215//215
f 862//862 858//858 851//851
f 862//862 851//851 854//854
f 863//863 859//859 852//852
f 863//863 852//852 855//855
f 864//864 853//853 856//856
f 864//864 861//861 853//853
f 865//865 854//854 857//857
f 865//865 862//862 854//854
f 866//866 855//855 858//858
f 866//866 863//863 855//855
f 867//867 864//864 856//856
f 867//867 856//856 859//859
f 868//868 865//865 857//857
f 868//868 857//857 860//860
f 868//868 810//810 811//811
f 868//868 860//860 810//810
f 869//869 217//217 216//216
f 869//869 216//216 861//861
f 870//870 866//866 858//858
f 870//870 858//858 862//862
f 871//871 859//859 863//863
f 871//871 867//867 859//859
f 872//872 869//869 861//861
f 872//872 861//861 864//864
f 873//873 862//862 865//865
f 873//873 870//870 862//862
f 874//874 871//871 863//863
f 874//874 863//863 866//866
f 875//875 872//872 864//864
f 875//875 864//864 867//867
f 876//876 865//865 868//868
f 876//876 873//873 865//865
f 876//876 868//868 811//811
f 876//876 811//811 812//812
f 877//877 218//218 217//217
f 877//877 217//217 869//869
f 877//877 869//869 872//872
f 878//878 874//874 866//866
f 878//878 866//866 870//870
f 879//879 875//875 867//867
f 879//879 867//867 871//871
f 880//880 872//872 875//875
f 880//880 877//877 872//872
f 881//881 870//870 873//873
f 881//881 878//878 870//870
f 882//882 879//879 871//871
f 882//882 871//871 874//874
f 883//883 880//880 875//875
f 884//884 812//812 813//813
f 884//884 876//876 812//812
f 884//884 881//881 873//873
f 884//884 873//873 876//876
f 885//885 219//219 218//218
f 885//885 218//218 877//877
f 886//886 874//874 878//878
f 886//886 878//878 881//881
f 886//886 882//882 874//874
f 887//887 875//875 879//879
f 887//887 883//883 875//875
f 888//888 877//877 880//880
f 888//888 885//885 877//877
f 889//889 886//886 881//881
f 890//890 887//887 879//879
f 890//890 879//879 882//882
f 891//891 888//888 880//880
f 891//891 880//880 883//883
f 892//892 889//889 881//881
f 892//892 813//813 814//814
f 892//892 884//884 813//813
f 892//892 881//881 884//884
f 893//893 220//220 219//219
f 893//893 219//219 885//885
f 894//894 890//890 882//882
f 894//894 882//882 886//886
f 895//895 883//883 887//887
f 895//895 891//891 883//883
f 896//896 885//885 888//888
f 896//896 893//893 885//885
f 896//896 888//888 891//891
f 897//897 886//886 889//889
f 897//897 894//894 886//886
f 898//898 887//887 890//890
f 898//898 895//895 887//887
f 899//899 896//896 891//891
f 900//900 889//889 892//892
f 900//900 897//897 889//889
f 900//900 814//814 815//815
f 900//900 892//892 814//814
f 901//901 221//221 220//220
f 901//901 220//220 893//893
f 902//902 890//890 894//894
f 902//902 898//898 890//890
f 903//903 891//891 895//895
f 903//903 899//899 891//891
f 903//903 895//895 898//898
f 904//904 901//901 893//893
f 904//904 893//893 896//896
f 905//905 902//902 894//894
f 905//905 894//894 897//897
f 906//906 903//903 898//898
f 907//907 896//896 899//899
f 907//907 904//904 896//896
f 908//908 897//897 900//900
f 908//908 900//900 815//815
f 908//908 905//905 897//897
f 908//908 815//815 816//816
f 909//909 222//222 221//221
f 909//909 221//221 901//901
f 910//910 902//902 905//905
f 910//910 898//898 902//902
f 910//910 906//906 898//898
f 911//911 899//899 903//903
f 911//911 907//907 899//899
f 912//912 901//901 904//904
f 912//912 904//904 907//907
f 912//912 909//909 901//901
f 913//913 910//910 905//905
f 914//914 903//903 906//906
f 914//914 911//911 903//903
f 915//915 912//912 907//907
f 916//916 816//816 817//817
f 916//916 905//905 908//908
f 916//916 908//908 816//816
f 916//916 913//913 905//905
f 917//917 223//223 222//222
f 917//917 222//222 909//909
f 918//918 906//906 910//910
f 918//918 914//914 906//906
f 919//919 907//907 911//911
f 919//919 911//911 914//914
f 919//919 915//915 907//907
f 920//920 909//909 912//912
f 920//920 917//917 909//909
f 921//921 910//910 913//913
f 921//921 918//918 910//910
f 922//922 914//914 918//918
f 922//922 919//919 914//914
f 923//923 912//912 915//915
f 923//923 920//920 912//912
f 924//924 921//921 913//913
f 924//924 817//817 818//818
f 924//924 916//916 817//817
f 924//924 913//913 916//916
f 925//925 224//224 223//223
f 925//925 223//223 917//917
f 926//926 922//922 918//918
f 927//927 923//923 915//915
f 927//927 915//915 919//919
f 928//928 925//925 917//917
f 928//928 917//917 920//920
f 929//929 918//918 921//921
f 929//929 926//926 918//918
f 930//930 927//927 919//919
f 930//930 919//919 922//922
f 931//931 920//920 923//923
f 931//931 923//923 927//927
f 931//931 928//928 920//920
f 932//932 929//929 921//921
f 932//932 921//921 924//924
f 932//932 818//818 819//819
f 932//932 924//924 818//818
f 933//933 225//225 224//224
f 933//933 224//224 925//925
f 934//934 922//922 926//926
f 934//934 930//930 922//922
f 935//935 931//931 927//927
f 935//935 927//927 930//930
f 936//936 925//925 928//928
f 936//936 933//933 925//925
f 937//937 926//926 929//929
f 937//937 934//934 926//926
f 938//938 935//935 930//930
f 939//939 936//936 928//928
f 939//939 928//928 931//931
f 940//940 929//929 932//932
f 940//940 932//932 819//819
f 940//940 937//937 929//929
f 940//940 819//819 820//820
f 941//941 225//225 933//933
f 941//941 226//226 225//225
f 942//942 930//930 934//934
f 942//942 938//938 930//930
f 943//943 931//931 935//935
f 943//943 939//939 931//931
f 944//944 941//941 933//933
f 944//944 933//933 936//936
f 945//945 934//934 937//937
f 945//945 942//942 934//934
f 945//945 937//937 940//940
f 946//946 935//935 938//938
f 946//946 943//943 935//935
f 947//947 939//939 943//943
f 947//947 936//936 939//939
f 947//947 944//944 936//936
f 948//948 940//940 820//820
f 948//948 820//820 821//821
f 948//948 821//821 822//822
f 948//948 945//945 940//940
f 949//949 227//227 226//226
f 949//949 226//226 941//941
f 950//950 938//938 942//942
f 950//950 946//946 938//938
f 951//951 947//947 943//943
f 952//952 949//949 941//941
f 952//952 941//941 944//944
f 953//953 942//942 945//945
f 953//953 950//950 942//942
f 954//954 943//943 946//946
f 954//954 951//951 943//943
f 955//955 944//944 947//947
f 955//955 952//952 944//944
f 956//956 822//822 823//823
f 956//956 948//948 822//822
f 956//956 945//945 948//948
f 956//956 953//953 945//945
f 957//957 228//228 227//227
f 957//957 229//229 228//228
f 957//957 227//227 949//949
f 958//958 954//954 946//946
f 958//958 946//946 950//950
f 958//958 950//950 953//953
f 959//959 947//947 951//951
f 959//959 955//955 947//947
f 960//960 957//957 949//949
f 960//960 949//949 952//952
f 961//961 953//953 956//956
f 961//961 958//958 953//953
f 962//962 951//951 954//954
f 962//962 959//959 951//951
f 963//963 952//952 955//955
f 963//963 960//960 952//952
f 963//963 955//955 959//959
f 964//964 961//961 956//956
f 964//964 956//956 823//823
f 965//965 229//229 957//957
f 966//966 962//962 954//954
f 966//966 954//954 958//958
f 967//967 963//963 959//959
f 968//968 965//965 957//957
f 968//968 957//957 960//960
f 969//969 966//966 958//958
f 969//969 958//958 961//961
f 970//970 959//959 962//962
f 970//970 967//967 959//959
f 971//971 960//960 963//963
f 971//971 968//968 960//960
f 972//972 961//961 964//964
f 972//972 964//964 823//823
f 972//972 969//969 961//961
f 972//972 823//823 824//824
f 973//973 229//229 965//965
f 973//973 230//230 229//229
f 974//974 962//962 966//966
f 974//974 970//970 962//962
f 975//975 971//971 963//963
f 975//975 963//963 967//967
f 976//976 973//973 965//965
f 976//976 965//965 968//968
f 977//977 966//966 969//969
f 977//977 974//974 966//966
f 978//978 967//967 970//970
f 978//978 970//970 974//974
f 978//978 975//975 967//967
f 979//979 971//971 975//975
f 979//979 976//976 968//968
f 979//979 968//968 971//971
f 980//980 969//969 972//972
f 980//980 972//972 824//824
f 980//980 977//977 969//969
f 980//980 824//824 825//825
f 981//981 231//231 230//230
f 981//981 230//230 973//973
f 982//982 974//974 977//977
f 982//982 978//978 974//974
f 983//983 979//979 975//975
f 984//984 981//981 973//973
f 984//984 973//973 976//976
f 985//985 982//982 977//977
f 986//986 978//978 982//982
f 986//986 983//983 975//975
f 986//986 975//975 978//978
f 987//987 976//976 979//979
f 987//987 984//984 976//976
f 988//988 985//985 977//977
f 988//988 825//825 826//826
f 988//988 977//977 980//980
f 988//988 980//980 825//825
f 989//989 232//232 231//231
f 989//989 231//231 981//981
f 990//990 986//986 982//982
f 991//991 987//987 979//979
f 991//991 979//979 983//983
f 992//992 989//989 981//981
f 992//992 981//981 984//984
f 992//992 984//984 987//987
f 993//993 990//990 982//982
f 993//993 982//982 985//985
f 994//994 991//991 983//983
f 994//994 983//983 986//986
f 995//995 992//992 987//987
f 996//996 993//993 985//985
f 996//996 826//826 827//827
f 996//996 988//988 826//826
f 996//996 985//985 988//988
f 997//997 233//233 232//232
f 997//997 234//234 233//233
f 997//997 232//232 989//989
f 998//998 986//986 990//990
f 998//998 994//994 986//986
f 999//999 987//987 991//991
f 999//999 995//995 987//987
f 1000//1000 997//997 989//989
f 1000//1000 992//992 995//995
f 1000//1000 989//989 992//992
f 1001//1001 998//998 990//990
f 1001//1001 990//990 993//993
f 1002//1002 991//991 994//994
f 1002//1002 999//999 991//991
f 1003//1003 1000//1000 995//995
f 1003//1003 995//995 999//999
f 1004//1004 996//996 827//827
f 1004//1004 1001//1001 993//993
f 1004//1004 827//827 828//828
f 1004//1004 828//828 829//829
f 1004//1004 993//993 996//996
f 1005//1005 234//234 997//997
f 1006//1006 994//994 998//998
f 1006//1006 1002//1002 994//994
f 1007//1007 1003//1003 999//999
f 1008//1008 997//997 1000//1000
f 1008//1008 1005//1005 997//997
f 1009//1009 1006//1006 998//998
f 1009//1009 998//998 1001//1001
f 1010//1010 999//999 1002//1002
f 1010//1010 1007//1007 999//999
f 1011//1011 1000//1000 1003//1003
f 1011//1011 1008//1008 1000//1000
f 1012//1012 1004//1004 829//829
f 1012//1012 1001//1001 1004//1004
f 1012//1012 1009//1009 1001//1001
f 1013//1013 235//235 234//234
f 1013//1013 234//234 1005//1005
f 1014//1014 1002//1002 1006//1006
f 1014//1014 1010//1010 1002//1002
f 1015//1015 1003//1003 1007//1007
f 1015//1015 1011//1011 1003//1003
f 1016//1016 1005//1005 1008//1008
f 1016//1016 1013//1013 1005//1005
f 1016//1016 1008//1008 1011//1011
f 1017//1017 1006//1006 1009//1009
f 1017//1017 1014//1014 1006//1006
f 1018//1018 1010//1010 1014//1014
f 1018//1018 1007//1007 1010//1010
f 1018//1018 1015//1015 1007//1007
f 1019//1019 1016//1016 1011//1011
f 1019//1019 1011//1011 1015//1015
f 1020//1020 1012//1012 829//829
f 1020//1020 1009//1009 1012//1012
f 1020//1020 829//829 830//830
f 1020//1020 1017//1017 1009//1009
f 1021//1021 236//236 235//235
f 1021//1021 237//237 236//236
f 1021//1021 235//235 1013//1013
f 1022//1022 1014//1014 1017//1017
f 1022//1022 1018//1018 1014//1014
f 1023//1023 1019//1019 1015//1015
f 1024//1024 1013//1013 1016//1016
f 1024//1024 1016//1016 1019//1019
f 1024//1024 1021//1021 1013//1013
f 1025//1025 1022//1022 1017//1017
f 1026//1026 1018//1018 1022//1022
f 1026//1026 1023//1023 1015//1015
f 1026//1026 1015//1015 1018//1018
f 1027//1027 1019//1019 1023//1023
f 1027//1027 1024//1024 1019//1019
f 1028//1028 1025//1025 1017//1017
f 1028//1028 830//830 831//831
f 1028//1028 831//831 832//832
f 1028//1028 1020//1020 830//830
f 1028//1028 1017//1017 1020//1020
f 1029//1029 237//237 1021//1021
f 1030//1030 1026//1026 1022//1022
f 1031//1031 1027//1027 1023//1023
f 1032//1032 1021//1021 1024//1024
f 1032//1032 1029//1029 1021//1021
f 1033//1033 1022//1022 1025//1025
f 1033//1033 1030//1030 1022//1022
f 1034//1034 1023//1023 1026//1026
f 1034//1034 1026//1026 1030//1030
f 1034//1034 1031//1031 1023//1023
f 1035//1035 1024//1024 1027//1027
f 1035//1035 1032//1032 1024//1024
f 1036//1036 1033//1033 1025//1025
f 1036//1036 832//832 833//833
f 1036//1036 1025//1025 1028//1028
f 1036//1036 1028//1028 832//832
f 1037//1037 237//237 1029//1029
f 1037//1037 238//238 237//237
f 1037//1037 1029//1029 1032//1032
f 1038//1038 1034//1034 1030//1030
f 1039//1039 1035//1035 1027//1027
f 1039//1039 1027//1027 1031//1031
f 1040//1040 1037//1037 1032//1032
f 1041//1041 1030//1030 1033//1033
f 1041//1041 1038//1038 1030//1030
f 1042//1042 1031//1031 1034//1034
f 1042//1042 1039//1039 1031//1031
f 1043//1043 1040//1040 1032//1032
f 1043//1043 1032//1032 1035//1035
f 1043//1043 1035//1035 1039//1039
f 1044//1044 1033//1033 1036//1036
f 1044//1044 1036//1036 833//833
f 1044//1044 1041//1041 1033//1033
f 1045//1045 239//239 238//238
f 1045//1045 238//238 1037//1037
f 1046//1046 1034//1034 1038//1038
f 1046//1046 1042//1042 1034//1034
f 1047//1047 1043//1043 1039//1039
f 1048//1048 1037//1037 1040//1040
f 1048//1048 1040//1040 1043//1043
f 1048//1048 1045//1045 1037//1037
f 1049//1049 1038//1038 1041//1041
f 1049//1049 1046//1046 1038//1038
f 1050//1050 1039//1039 1042//1042
f 1050//1050 1047//1047 1039//1039
f 1051//1051 1048//1048 1043//1043
f 1052//1052 1044//1044 833//833
f 1052//1052 1041//1041 1044//1044
f 1052//1052 1049//1049 1041//1041
f 1052//1052 833//833 834//834
f 1053//1053 240//240 239//239
f 1053//1053 239//239 1045//1045
f 1054//1054 1042//1042 1046//1046
f 1054//1054 1046//1046 1049//1049
f 1054//1054 1050//1050 1042//1042
f 1055//1055 1043//1043 1047//1047
f 1055//1055 1051//1051 1043//1043
f 1056//1056 1045//1045 1048//1048
f 1056//1056 1053//1053 1045//1045
f 1056//1056 1048//1048 1051//1051
f 1057//1057 1054//1054 1049//1049
f 1058//1058 1047//1047 1050//1050
f 1058//1058 1055//1055 1047//1047
f 1059//1059 1056//1056 1051//1051
f 1060//1060 1057//1057 1049//1049
f 1060//1060 834//834 835//835
f 1060//1060 1049//1049 1052//1052
f 1060//1060 1052//1052 834//834
f 1061//1061 1053//1053 1056//1056
f 1061//1061 241//241 240//240
f 1061//1061 240//240 1053//1053
f 1062//1062 1054//1054 1057//1057
f 1062//1062 1050//1050 1054//1054
f 1062//1062 1058//1058 1050//1050
f 1063//1063 1051//1051 1055//1055
f 1063//1063 1055//1055 1058//1058
f 1063//1063 1059//1059 1051//1051
f 1064//1064 1061//1061 1056//1056
f 1065//1065 1062//1062 1057//1057
f 1066//1066 1063//1063 1058//1058
f 1067//1067 1056//1056 1059//1059
f 1067//1067 1064//1064 1056//1056
f 1068//1068 1065//1065 1057//1057
f 1068//1068 835//835 836//836
f 1068//1068 1060//1060 835//835
f 1068//1068 1057//1057 1060//1060
f 1069//1069 241//241 1061//1061
f 1069//1069 242//242 241//241
f 1070//1070 1066//1066 1058//1058
f 1070//1070 1058//1058 1062//1062
f 1071//1071 1059//1059 1063//1063
f 1071//1071 1067//1067 1059//1059
f 1072//1072 1069//1069 1061//1061
f 1072//1072 1064//1064 1067//1067
f 1072//1072 1061//1061 1064//1064
f 1073//1073 1062//1062 1065//1065
f 1073//1073 1070//1070 1062//1062
f 1074//1074 1063//1063 1066//1066
f 1074//1074 1071//1071 1063//1063
f 1075//1075 1072//1072 1067//1067
f 1076//1076 1065//1065 1068//1068
f 1076//1076 1068//1068 836//836
f 1076//1076 1073//1073 1065//1065
f 1076//1076 836//836 837//837
f 1076//1076 837//837 838//838
f 1077//1077 1069//1069 1072//1072
f 1077//1077 243//243 242//242
f 1077//1077 242//242 1069//1069
f 1078//1078 1066//1066 1070//1070
f 1078//1078 1074//1074 1066//1066
f 1078//1078 1070//1070 1073//1073
f 1079//1079 1067//1067 1071//1071
f 1079//1079 1075//1075 1067//1067
f 1080//1080 1077//1077 1072//1072
f 1081//1081 1078//1078 1073//1073
f 1082//1082 1071//1071 1074//1074
f 1082//1082 1079//1079 1071//1071
f 1083//1083 1072//1072 1075//1075
f 1083//1083 1075//1075 1079//1079
f 1083//1083 1080//1080 1072//1072
f 1084//1084 1073//1073 1076//1076
f 1084//1084 1076//1076 838//838
f 1084//1084 1081//1081 1073//1073
f 1085//1085 244//244 243//243
f 1085//1085 243//243 1077//1077
f 1086//1086 1074//1074 1078//1078
f 1086//1086 1082//1082 1074//1074
f 1087//1087 1083//1083 1079//1079
f 1088//1088 1077//1077 1080//1080
f 1088//1088 1085//1085 1077//1077
f 1089//1089 1078//1078 1081//1081
f 1089//1089 1086//1086 1078//1078
f 1090//1090 1087//1087 1079//1079
f 1090//1090 1079//1079 1082//1082
f 1091//1091 1088//1088 1080//1080
f 1091//1091 1080//1080 1083//1083
f 1092//1092 838//838 839//839
f 1092//1092 1084//1084 838//838
f 1092//1092 1081//1081 1084//1084
f 1092//1092 1089//1089 1081//1081
f 1093//1093 245//245 244//244
f 1093//1093 244//244 1085//1085
f 1094//1094 1090//1090 1082//1082
f 1094//1094 1082//1082 1086//1086
f 1095//1095 1091//1091 1083//1083
f 1095//1095 1083//1083 1087//1087
f 1096//1096 1093//1093 1085//1085
f 1096//1096 1085//1085 1088//1088
f 1097//1097 1094//1094 1086//1086
f 1097//1097 1086//1086 1089//1089
f 1098//1098 1095//1095 1087//1087
f 1098//1098 1087//1087 1090//1090
f 1099//1099 1096//1096 1088//1088
f 1099//1099 1088//1088 1091//1091
f 1100//1100 1089//1089 1092//1092
f 1100//1100 839//839 840//840
f 1100//1100 1092//1092 839//839
f 1100//1100 1097//1097 1089//1089
f 1101//1101 246//246 245//245
f 1101//1101 245//245 1093//1093
f 1102//1102 1098//1098 1090//1090
f 1102//1102 1090//1090 1094//1094
f 1103//1103 1091//1091 1095//1095
f 1103//1103 1095//1095 1098//1098
f 1103//1103 1099//1099 1091//1091
f 1104//1104 1101//1101 1093//1093
f 1104//1104 1093//1093 1096//1096
f 1105//1105 1102//1102 1094//1094
f 1105//1105 1094//1094 1097//1097
f 1106//1106 1103//1103 1098//1098
f 1107//1107 1096//1096 1099//1099
f 1107//1107 1104//1104 1096//1096
f 1108//1108 1097//1097 1100//1100
f 1108//1108 1105//1105 1097//1097
f 1108//1108 1100//1100 840//840
f 1108//1108 840//840 841//841
f 1109//1109 247//247 246//246
f 1109//1109 212//212 247//247
f 1109//1109 801//801 212//212
f 1109//1109 246//246 1101//1101
f 1110//1110 1098//1098 1102//1102
f 1110//1110 1106//1106 1098//1098
f 1110//1110 1102//1102 1105//1105
f 1111//1111 1107//1107 1099//1099
f 1111//1111 1099//1099 1103//1103
f 1112//1112 1101//1101 1104//1104
f 1112//1112 802//802 801//801
f 1112//1112 1109//1109 1101//1101
f 1112//1112 801//801 1109//1109
f 1113//1113 1110//1110 1105//1105
f 1114//1114 1103//1103 1106//1106
f 1114//1114 1111//1111 1103//1103
f 1115//1115 1112//1112 1104//1104
f 1115//1115 803//803 802//802
f 1115//1115 802//802 1112//1112
f 1115//1115 1104//1104 1107//1107
f 1116//1116 1105//1105 1108//1108
f 1116//1116 1108//1108 841//841
f 1116//1116 1113//1113 1105//1105
f 1116//1116 841//841 842//842
f 1117//1117 1106//1106 1110//1110
f 1117//1117 1114//1114 1106//1106
f 1118//1118 804//804 803//803
f 1118//1118 805//805 804//804
f 1118//1118 1107//1107 1111//1111
f 1118//1118 803//803 1115//1115
f 1118//1118 1115//1115 1107//1107
f 1119//1119 1110//1110 1113//1113
f 1119//1119 1117//1117 1110//1110
f 1120//1120 806//806 805//805
f 1120//1120 805//805 1118//1118
f 1120//1120 1111//1111 1114//1114
f 1120//1120 1118//1118 1111//1111
f 1121//1121 1113//1113 1116//1116
f 1121//1121 1116//1116 842//842
f 1121//1121 1119//1119 1113//1113
f 1121//1121 842//842 843//843
f 1121//1121 843//843 844//844
f 1122//1122 1114//1114 1117//1117
f 1122//1122 806//806 1120//1120
f 1122//1122 1120//1120 1114//1114
f 1122//1122 1117//1117 1119//1119
f 1123//1123 1122//1122 1119//1119
f 1123//1123 807//807 806//806
f 1123//1123 808//808 807//807
f 1123//1123 806//806 1122//1122
f 1124//1124 1123//1123 1119//1119
f 1124//1124 808//808 1123//1123
f 1124//1124 809//809 808//808
f 1124//1124 844//844 809//809
f 1124//1124 1121//1121 844//844
f 1124//1124 1119//1119 1121//1121
f 1125//1125 376//376 50//50
f 1125//1125 50//50 296//296
f 1126//1126 375//375 376//376
f 1126//1126 376//376 1125//1125
f 1127//1127 374//374 375//375
f 1127//1127 375//375 1126//1126
f 1128//1128 373//373 374//374
f 1128//1128 374//374 1127//1127
f 1129//1129 372//372 373//373
f 1129//1129 373//373 1128//1128
f 1130//1130 371//371 372//372
f 1130//1130 372//372 1129//1129
f 1131//1131 370//370 371//371
f 1131//1131 371//371 1130//1130
f 1132//1132 369//369 370//370
f 1132//1132 370//370 1131//1131
f 1133//1133 69//69 369//369
f 1133//1133 369//369 1132//1132
f 416//416 69//69 1133//1133
f 296//296 295//295 1134//1134
f 1150//1150 1134//1134 1135//1135
f 1150//1150 296//296 1134//1134
f 1149//1149 1135//1135 1136//1136
f 1149//1149 1150//1150 1135//1135
f 1148//1148 1136//1136 1137//1137
f 1148//1148 1149//1149 1136//1136
f 1147//1147 1137//1137 1138//1138
f 1147//1147 1148//1148 1137//1137
f 1146//1146 1138//1138 1139//1139
f 1146//1146 1147//1147 1138//1138
f 1145//1145 1139//1139 1140//1140
f 1145//1145 1146//1146 1139//1139
f 1144//1144 1140//1140 1141//1141
f 1144//1144 1145//1145 1140//1140
f 1143//1143 1141//1141 443//443
f 1143//1143 1144//1144 1141//1141
f 1142//1142 1143//1143 443//443
f 1195//1195 1151//1151 297//297
f 1195//1195 297//297 298//298
f 1196//1196 1152//1152 1151//1151
f 1196//1196 1151//1151 1195//1195
f 1197//1197 1153//1153 1152//1152
f 1197//1197 1152//1152 1196//1196
f 1198//1198 298//298 299//299
f 1198//1198 1195//1195 298//298
f 1199//1199 1154//1154 1153//1153
f 1199//1199 1153//1153 1197//1197
f 1200//1200 1195//1195 1198//1198
f 1200//1200 1196//1196 1195//1195
f 1201//1201 1155//1155 1154//1154
f 1201//1201 1154//1154 1199//1199
f 1202//1202 1196//1196 1200//1200
f 1202//1202 1197//1197 1196//1196
f 1203//1203 299//299 300//300
f 1203//1203 1198//1198 299//299
f 1204//1204 1156//1156 1155//1155
f 1204//1204 1155//1155 1201//1201
f 1205//1205 1197//1197 1202//1202
f 1205//1205 1199//1199 1197//1197
f 1206//1206 1198//1198 1203//1203
f 1206//1206 1200//1200 1198//1198
f 1207//1207 1157//1157 1156//1156
f 1207//1207 1156//1156 1204//1204
f 1208//1208 1201//1201 1199//1199
f 1208//1208 1199//1199 1205//1205
f 1209//1209 1200//1200 1206//1206
f 1209//1209 1202//1202 1200//1200
f 1210//1210 1158//1158 1157//1157
f 1210//1210 1159//1159 1158//1158
f 1210//1210 1157//1157 1207//1207
f 1210//1210 1160//1160 1159//1159
f 1211//1211 1203//1203 300//300
f 1211//1211 300//300 301//301
f 1212//1212 1201//1201 1208//1208
f 1212//1212 1204//1204 1201//1201
f 1213//1213 1202//1202 1209//1209
f 1213//1213 1205//1205 1202//1202
f 1214//1214 1206//1206 1203//1203
f 1214//1214 1203//1203 1211//1211
f 1215//1215 1207//1207 1204//1204
f 1215//1215 1204//1204 1212//1212
f 1216//1216 1208//1208 1205//1205
f 1216//1216 1205//1205 1213//1213
f 1217//1217 1206//1206 1214//1214
f 1217//1217 1209//1209 1206//1206
f 1218//1218 1207//1207 1215//1215
f 1218//1218 1210//1210 1207//1207
f 1218//1218 1161//1161 1160//1160
f 1218//1218 1160//1160 1210//1210
f 1219//1219 301//301 302//302
f 1219//1219 1211//1211 301//301
f 1220//1220 1208//1208 1216//1216
f 1220//1220 1212//1212 1208//1208
f 1221//1221 1213//1213 1209//1209
f 1221//1221 1209//1209 1217//1217
f 1222//1222 1211//1211 1219//1219
f 1222//1222 1214//1214 1211//1211
f 1223//1223 1215//1215 1212//1212
f 1223//1223 1212//1212 1220//1220
f 1224//1224 1213//1213 1221//1221
f 1224//1224 1216//1216 1213//1213
f 1225//1225 1214//1214 1222//1222
f 1225//1225 1217//1217 1214//1214
f 1226//1226 1218//1218 1215//1215
f 1226//1226 1215//1215 1223//1223
f 1226//1226 1161//1161 1218//1218
f 1226//1226 1162//1162 1161//1161
f 1227//1227 302//302 303//303
f 1227//1227 1219//1219 302//302
f 1227//1227 1222//1222 1219//1219
f 1228//1228 1216//1216 1224//1224
f 1228//1228 1220//1220 1216//1216
f 1229//1229 1217//1217 1225//1225
f 1229//1229 1221//1221 1217//1217
f 1230//1230 1225//1225 1222//1222
f 1230//1230 1222//1222 1227//1227
f 1231//1231 1223//1223 1220//1220
f 1231//1231 1220//1220 1228//1228
f 1232//1232 1221//1221 1229//1229
f 1232//1232 1224//1224 1221//1221
f 1233//1233 1225//1225 1230//1230
f 1234//1234 1163//1163 1162//1162
f 1234//1234 1162//1162 1226//1226
f 1234//1234 1223//1223 1231//1231
f 1234//1234 1226//1226 1223//1223
f 1235//1235 303//303 304//304
f 1235//1235 1227//1227 303//303
f 1236//1236 1228//1228 1224//1224
f 1236//1236 1231//1231 1228//1228
f 1236//1236 1224//1224 1232//1232
f 1237//1237 1229//1229 1225//1225
f 1237//1237 1225//1225 1233//1233
f 1238//1238 1230//1230 1227//1227
f 1238//1238 1227//1227 1235//1235
f 1239//1239 1231//1231 1236//1236
f 1240//1240 1229//1229 1237//1237
f 1240//1240 1232//1232 1229//1229
f 1241//1241 1230//1230 1238//1238
f 1241//1241 1233//1233 1230//1230
f 1242//1242 1231//1231 1239//1239
f 1242//1242 1164//1164 1163//1163
f 1242//1242 1163//1163 1234//1234
f 1242//1242 1234//1234 1231//1231
f 1243//1243 304//304 305//305
f 1243//1243 1235//1235 304//304
f 1244//1244 1232//1232 1240//1240
f 1244//1244 1236//1236 1232//1232
f 1245//1245 1237//1237 1233//1233
f 1245//1245 1233//1233 1241//1241
f 1246//1246 1238//1238 1235//1235
f 1246//1246 1235//1235 1243//1243
f 1246//1246 1241//1241 1238//1238
f 1247//1247 1239//1239 1236//1236
f 1247//1247 1236//1236 1244//1244
f 1248//1248 1240//1240 1237//1237
f 1248//1248 1237//1237 1245//1245
f 1249//1249 1241//1241 1246//1246
f 1250//1250 1242//1242 1239//1239
f 1250//1250 1239//1239 1247//1247
f 1250//1250 1165//1165 1164//1164
f 1250//1250 1164//1164 1242//1242
f 1251//1251 305//305 306//306
f 1251//1251 1243//1243 305//305
f 1252//1252 1244//1244 1240//1240
f 1252//1252 1240//1240 1248//1248
f 1253//1253 1245//1245 1241//1241
f 1253//1253 1241//1241 1249//1249
f 1253//1253 1248//1248 1245//1245
f 1254//1254 1243//1243 1251//1251
f 1254//1254 1246//1246 1243//1243
f 1255//1255 1244//1244 1252//1252
f 1255//1255 1247//1247 1244//1244
f 1256//1256 1248//1248 1253//1253
f 1257//1257 1249//1249 1246//1246
f 1257//1257 1246//1246 1254//1254
f 1258//1258 1250//1250 1247//1247
f 1258//1258 1165//1165 1250//1250
f 1258//1258 1247//1247 1255//1255
f 1258//1258 1166//1166 1165//1165
f 1259//1259 306//306 307//307
f 1259//1259 1251//1251 306//306
f 1260//1260 1255//1255 1252//1252
f 1260//1260 1252//1252 1248//1248
f 1260//1260 1248//1248 1256//1256
f 1261//1261 1253//1253 1249//1249
f 1261//1261 1249//1249 1257//1257
f 1262//1262 1254//1254 1251//1251
f 1262//1262 1257//1257 1254//1254
f 1262//1262 1251//1251 1259//1259
f 1263//1263 1255//1255 1260//1260
f 1264//1264 1256//1256 1253//1253
f 1264//1264 1253//1253 1261//1261
f 1265//1265 1257//1257 1262//1262
f 1266//1266 1167//1167 1166//1166
f 1266//1266 1258//1258 1255//1255
f 1266//1266 1166//1166 1258//1258
f 1266//1266 1255//1255 1263//1263
f 1267//1267 307//307 308//308
f 1267//1267 1259//1259 307//307
f 1268//1268 1260//1260 1256//1256
f 1268//1268 1256//1256 1264//1264
f 1269//1269 1261//1261 1257//1257
f 1269//1269 1264//1264 1261//1261
f 1269//1269 1257//1257 1265//1265
f 1270//1270 1262//1262 1259//1259
f 1270//1270 1259//1259 1267//1267
f 1271//1271 1263//1263 1260//1260
f 1271//1271 1260//1260 1268//1268
f 1272//1272 1268//1268 1264//1264
f 1272//1272 1264//1264 1269//1269
f 1273//1273 1265//1265 1262//1262
f 1273//1273 1262//1262 1270//1270
f 1274//1274 1263//1263 1271//1271
f 1274//1274 1168//1168 1167//1167
f 1274//1274 1167//1167 1266//1266
f 1274//1274 1266//1266 1263//1263
f 1275//1275 308//308 309//309
f 1275//1275 1267//1267 308//308
f 1276//1276 1268//1268 1272//1272
f 1277//1277 1265//1265 1273//1273
f 1277//1277 1269//1269 1265//1265
f 1278//1278 1267//1267 1275//1275
f 1278//1278 1270//1270 1267//1267
f 1279//1279 1271//1271 1268//1268
f 1279//1279 1268//1268 1276//1276
f 1280//1280 1269//1269 1277//1277
f 1280//1280 1272//1272 1269//1269
f 1281//1281 1273//1273 1270//1270
f 1281//1281 1277//1277 1273//1273
f 1281//1281 1270//1270 1278//1278
f 1282//1282 1271//1271 1279//1279
f 1282//1282 1274//1274 1271//1271
f 1282//1282 1169//1169 1168//1168
f 1282//1282 1168//1168 1274//1274
f 1283//1283 309//309 310//310
f 1283//1283 1275//1275 309//309
f 1284//1284 1276//1276 1272//1272
f 1284//1284 1272//1272 1280//1280
f 1285//1285 1277//1277 1281//1281
f 1285//1285 1280//1280 1277//1277
f 1286//1286 1278//1278 1275//1275
f 1286//1286 1275//1275 1283//1283
f 1287//1287 1279//1279 1276//1276
f 1287//1287 1276//1276 1284//1284
f 1288//1288 1280//1280 1285//1285
f 1289//1289 1278//1278 1286//1286
f 1289//1289 1281//1281 1278//1278
f 1290//1290 1282//1282 1279//1279
f 1290//1290 1169//1169 1282//1282
f 1290//1290 1279//1279 1287//1287
f 1290//1290 1170//1170 1169//1169
f 1291//1291 1283//1283 310//310
f 1291//1291 310//310 311//311
f 1292//1292 1284//1284 1280//1280
f 1292//1292 1280//1280 1288//1288
f 1293//1293 1285//1285 1281//1281
f 1293//1293 1281//1281 1289//1289
f 1294//1294 1283//1283 1291//1291
f 1294//1294 1286//1286 1283//1283
f 1295//1295 1287//1287 1284//1284
f 1295//1295 1284//1284 1292//1292
f 1295//1295 1290//1290 1287//1287
f 1296//1296 1288//1288 1285//1285
f 1296//1296 1285//1285 1293//1293
f 1297//1297 1293//1293 1289//1289
f 1297//1297 1289//1289 1286//1286
f 1297//1297 1286//1286 1294//1294
f 1298//1298 1170//1170 1290//1290
f 1298//1298 1171//1171 1170//1170
f 1298//1298 1172//1172 1171//1171
f 1298//1298 1290//1290 1295//1295
f 1299//1299 311//311 312//312
f 1299//1299 1291//1291 311//311
f 1300//1300 1292//1292 1288//1288
f 1300//1300 1288//1288 1296//1296
f 1301//1301 1293//1293 1297//1297
f 1302//1302 1291//1291 1299//1299
f 1302//1302 1294//1294 1291//1291
f 1303//1303 1295//1295 1292//1292
f 1303//1303 1292//1292 1300//1300
f 1304//1304 1296//1296 1293//1293
f 1304//1304 1293//1293 1301//1301
f 1305//1305 1297//1297 1294//1294
f 1305//1305 1294//1294 1302//1302
f 1306//1306 1173//1173 1172//1172
f 1306//1306 1172//1172 1298//1298
f 1306//1306 1298//1298 1295//1295
f 1306//1306 1295//1295 1303//1303
f 1307//1307 312//312 313//313
f 1307//1307 313//313 314//314
f 1307//1307 1299//1299 312//312
f 1308//1308 1296//1296 1304//1304
f 1308//1308 1300//1300 1296//1296
f 1308//1308 1303//1303 1300//1300
f 1309//1309 1301//1301 1297//1297
f 1309//1309 1297//1297 1305//1305
f 1310//1310 1299//1299 1307//1307
f 1310//1310 1302//1302 1299//1299
f 1311//1311 1306//1306 1303//1303
f 1311//1311 1303//1303 1308//1308
f 1312//1312 1304//1304 1301//1301
f 1312//1312 1301//1301 1309//1309
f 1313//1313 1305//1305 1302//1302
f 1313//1313 1302//1302 1310//1310
f 1313//1313 1309//1309 1305//1305
f 1314//1314 1306//1306 1311//1311
f 1314//1314 1173//1173 1306//1306
f 1315//1315 1307//1307 314//314
f 1316//1316 1304//1304 1312//1312
f 1316//1316 1308//1308 1304//1304
f 1317//1317 1309//1309 1313//1313
f 1318//1318 1307//1307 1315//1315
f 1318//1318 1310//1310 1307//1307
f 1319//1319 1308//1308 1316//1316
f 1319//1319 1311//1311 1308//1308
f 1320//1320 1312//1312 1309//1309
f 1320//1320 1309//1309 1317//1317
f 1321//1321 1313//1313 1310//1310
f 1321//1321 1310//1310 1318//1318
f 1322//1322 1314//1314 1311//1311
f 1322//1322 1173//1173 1314//1314
f 1322//1322 1311//1311 1319//1319
f 1322//1322 1174//1174 1173//1173
f 1323//1323 1315//1315 314//314
f 1323//1323 314//314 315//315
f 1324//1324 1316//1316 1312//1312
f 1324//1324 1312//1312 1320//1320
f 1325//1325 1313//1313 1321//1321
f 1325//1325 1317//1317 1313//1313
f 1326//1326 1315//1315 1323//1323
f 1326//1326 1318//1318 1315//1315
f 1327//1327 1319//1319 1316//1316
f 1327//1327 1316//1316 1324//1324
f 1328//1328 1320//1320 1317//1317
f 1328//1328 1324//1324 1320//1320
f 1328//1328 1317//1317 1325//1325
f 1329//1329 1325//1325 1321//1321
f 1329//1329 1318//1318 1326//1326
f 1329//1329 1321//1321 1318//1318
f 1330//1330 1322//1322 1319//1319
f 1330//1330 1174//1174 1322//1322
f 1330//1330 1319//1319 1327//1327
f 1330//1330 1175//1175 1174//1174
f 1331//1331 315//315 316//316
f 1331//1331 1323//1323 315//315
f 1332//1332 1327//1327 1324//1324
f 1332//1332 1324//1324 1328//1328
f 1333//1333 1325//1325 1329//1329
f 1334//1334 1323//1323 1331//1331
f 1334//1334 1326//1326 1323//1323
f 1335//1335 1327//1327 1332//1332
f 1336//1336 1332//1332 1328//1328
f 1336//1336 1325//1325 1333//1333
f 1336//1336 1328//1328 1325//1325
f 1337//1337 1329//1329 1326//1326
f 1337//1337 1326//1326 1334//1334
f 1338//1338 1327//1327 1335//1335
f 1338//1338 1176//1176 1175//1175
f 1338//1338 1330//1330 1327//1327
f 1338//1338 1175//1175 1330//1330
f 1339//1339 316//316 317//317
f 1339//1339 1331//1331 316//316
f 1340//1340 1332//1332 1336//1336
f 1341//1341 1329//1329 1337//1337
f 1341//1341 1333//1333 1329//1329
f 1342//1342 1331//1331 1339//1339
f 1342//1342 1334//1334 1331//1331
f 1342//1342 1337//1337 1334//1334
f 1343//1343 1332//1332 1340//1340
f 1343//1343 1335//1335 1332//1332
f 1344//1344 1333//1333 1341//1341
f 1344//1344 1336//1336 1333//1333
f 1345//1345 1337//1337 1342//1342
f 1346//1346 1335//1335 1343//1343
f 1346//1346 1177//1177 1176//1176
f 1346//1346 1176//1176 1338//1338
f 1346//1346 1338//1338 1335//1335
f 1347//1347 317//317 318//318
f 1347//1347 318//318 319//319
f 1347//1347 1339//1339 317//317
f 1348//1348 1340//1340 1336//1336
f 1348//1348 1336//1336 1344//1344
f 1349//1349 1341//1341 1337//1337
f 1349//1349 1337//1337 1345//1345
f 1350//1350 1339//1339 1347//1347
f 1350//1350 1345//1345 1342//1342
f 1350//1350 1342//1342 1339//1339
f 1351//1351 1340//1340 1348//1348
f 1351//1351 1343//1343 1340//1340
f 1352//1352 1344//1344 1341//1341
f 1352//1352 1341//1341 1349//1349
f 1353//1353 1345//1345 1350//1350
f 1353//1353 1349//1349 1345//1345
f 1354//1354 1177//1177 1346//1346
f 1354//1354 1343//1343 1351//1351
f 1354//1354 1178//1178 1177//1177
f 1354//1354 1179//1179 1178//1178
f 1354//1354 1346//1346 1343//1343
f 1355//1355 1347//1347 319//319
f 1356//1356 1348//1348 1344//1344
f 1356//1356 1344//1344 1352//1352
f 1357//1357 1349//1349 1353//1353
f 1358//1358 1350//1350 1347//1347
f 1358//1358 1347//1347 1355//1355
f 1359//1359 1348//1348 1356//1356
f 1359//1359 1351//1351 1348//1348
f 1360//1360 1352//1352 1349//1349
f 1360//1360 1349//1349 1357//1357
f 1361//1361 1353//1353 1350//1350
f 1361//1361 1350//1350 1358//1358
f 1362//1362 1179//1179 1354//1354
f 1362//1362 1354//1354 1351//1351
f 1362//1362 1351//1351 1359//1359
f 1363//1363 319//319 320//320
f 1363//1363 1355//1355 319//319
f 1364//1364 1356//1356 1352//1352
f 1364//1364 1352//1352 1360//1360
f 1365//1365 1357//1357 1353//1353
f 1365//1365 1353//1353 1361//1361
f 1366//1366 1358//1358 1355//1355
f 1366//1366 1355//1355 1363//1363
f 1366//1366 1361//1361 1358//1358
f 1367//1367 1359//1359 1356//1356
f 1367//1367 1356//1356 1364//1364
f 1368//1368 1364//1364 1360//1360
f 1368//1368 1360//1360 1357//1357
f 1368//1368 1357//1357 1365//1365
f 1369//1369 1361//1361 1366//1366
f 1369//1369 1365//1365 1361//1361
f 1370//1370 1179//1179 1362//1362
f 1370//1370 1362//1362 1359//1359
f 1370//1370 1180//1180 1179//1179
f 1370//1370 1359//1359 1367//1367
f 1371//1371 320//320 321//321
f 1371//1371 321//321 322//322
f 1371//1371 1363//1363 320//320
f 1372//1372 1367//1367 1364//1364
f 1372//1372 1364//1364 1368//1368
f 1373//1373 1365//1365 1369//1369
f 1374//1374 1366//1366 1363//1363
f 1374//1374 1369//1369 1366//1366
f 1374//1374 1363//1363 1371//1371
f 1375//1375 1367//1367 1372//1372
f 1376//1376 1372//1372 1368//1368
f 1376//1376 1365//1365 1373//1373
f 1376//1376 1368//1368 1365//1365
f 1377//1377 1373//1373 1369//1369
f 1377//1377 1369//1369 1374//1374
f 1378//1378 1367//1367 1375//1375
f 1378//1378 1181//1181 1180//1180
f 1378//1378 1182//1182 1181//1181
f 1378//1378 1180//1180 1370//1370
f 1378//1378 1370//1370 1367//1367
f 1379//1379 1371//1371 322//322
f 1380//1380 1372//1372 1376//1376
f 1381//1381 1373//1373 1377//1377
f 1382//1382 1374//1374 1371//1371
f 1382//1382 1371//1371 1379//1379
f 1383//1383 1375//1375 1372//1372
f 1383//1383 1372//1372 1380//1380
f 1384//1384 1376//1376 1373//1373
f 1384//1384 1380//1380 1376//1376
f 1384//1384 1373//1373 1381//1381
f 1385//1385 1377//1377 1374//1374
f 1385//1385 1374//1374 1382//1382
f 1386//1386 1375//1375 1383//1383
f 1386//1386 1183//1183 1182//1182
f 1386//1386 1378//1378 1375//1375
f 1386//1386 1182//1182 1378//1378
f 1387//1387 1379//1379 322//322
f 1387//1387 322//322 323//323
f 1387//1387 1382//1382 1379//1379
f 1388//1388 1380//1380 1384//1384
f 1389//1389 1377//1377 1385//1385
f 1389//1389 1381//1381 1377//1377
f 1390//1390 1382//1382 1387//1387
f 1391//1391 1383//1383 1380//1380
f 1391//1391 1380//1380 1388//1388
f 1392//1392 1384//1384 1381//1381
f 1392//1392 1381//1381 1389//1389
f 1393//1393 1382//1382 1390//1390
f 1393//1393 1385//1385 1382//1382
f 1393//1393 1389//1389 1385//1385
f 1394//1394 1386//1386 1383//1383
f 1394//1394 1183//1183 1386//1386
f 1394//1394 1383//1383 1391//1391
f 1395//1395 323//323 324//324
f 1395//1395 1387//1387 323//323
f 1396//1396 1388//1388 1384//1384
f 1396//1396 1384//1384 1392//1392
f 1397//1397 1389//1389 1393//1393
f 1398//1398 1390//1390 1387//1387
f 1398//1398 1393//1393 1390//1390
f 1398//1398 1387//1387 1395//1395
f 1399//1399 1391//1391 1388//1388
f 1399//1399 1388//1388 1396//1396
f 1400//1400 1392//1392 1389//1389
f 1400//1400 1389//1389 1397//1397
f 1401//1401 1393//1393 1398//1398
f 1402//1402 1183//1183 1394//1394
f 1402//1402 1394//1394 1391//1391
f 1402//1402 1391//1391 1399//1399
f 1402//1402 1184//1184 1183//1183
f 1403//1403 324//324 325//325
f 1403//1403 1395//1395 324//324
f 1404//1404 1396//1396 1392//1392
f 1404//1404 1399//1399 1396//1396
f 1404//1404 1392//1392 1400//1400
f 1405//1405 1397//1397 1393//1393
f 1405//1405 1393//1393 1401//1401
f 1406//1406 1398//1398 1395//1395
f 1406//1406 1395//1395 1403//1403
f 1406//1406 1401//1401 1398//1398
f 1407//1407 1399//1399 1404//1404
f 1408//1408 1400//1400 1397//1397
f 1408//1408 1397//1397 1405//1405
f 1409//1409 1401//1401 1406//1406
f 1410//1410 1399//1399 1407//1407
f 1410//1410 1185//1185 1184//1184
f 1410//1410 1402//1402 1399//1399
f 1410//1410 1184//1184 1402//1402
f 1411//1411 1406//1406 1403//1403
f 1411//1411 325//325 326//326
f 1411//1411 1403//1403 325//325
f 1412//1412 1407//1407 1404//1404
f 1412//1412 1404//1404 1400//1400
f 1412//1412 1400//1400 1408//1408
f 1413//1413 1405//1405 1401//1401
f 1413//1413 1408//1408 1405//1405
f 1413//1413 1401//1401 1409//1409
f 1414//1414 1406//1406 1411//1411
f 1415//1415 1407//1407 1412//1412
f 1416//1416 1408//1408 1413//1413
f 1417//1417 1409//1409 1406//1406
f 1417//1417 1406//1406 1414//1414
f 1418//1418 1407//1407 1415//1415
f 1418//1418 1186//1186 1185//1185
f 1418//1418 1185//1185 1410//1410
f 1418//1418 1410//1410 1407//1407
f 1419//1419 1411//1411 326//326
f 1419//1419 326//326 327//327
f 1420//1420 1408//1408 1416//1416
f 1420//1420 1412//1412 1408//1408
f 1421//1421 1413//1413 1409//1409
f 1421//1421 1409//1409 1417//1417
f 1422//1422 1411//1411 1419//1419
f 1422//1422 1417//1417 1414//1414
f 1422//1422 1414//1414 1411//1411
f 1423//1423 1415//1415 1412//1412
f 1423//1423 1412//1412 1420//1420
f 1424//1424 1416//1416 1413//1413
f 1424//1424 1413//1413 1421//1421
f 1425//1425 1417//1417 1422//1422
f 1426//1426 1418//1418 1415//1415
f 1426//1426 1186//1186 1418//1418
f 1426//1426 1415//1415 1423//1423
f 1426//1426 1187//1187 1186//1186
f 1426//1426 1188//1188 1187//1187
f 1427//1427 1422//1422 1419//1419
f 1427//1427 327//327 328//328
f 1427//1427 1419//1419 327//327
f 1428//1428 1420//1420 1416//1416
f 1428//1428 1416//1416 1424//1424
f 1428//1428 1423//1423 1420//1420
f 1429//1429 1421//1421 1417//1417
f 1429//1429 1417//1417 1425//1425
f 1430//1430 1422//1422 1427//1427
f 1431//1431 1423//1423 1428//1428
f 1432//1432 1424//1424 1421//1421
f 1432//1432 1421//1421 1429//1429
f 1433//1433 1425//1425 1422//1422
f 1433//1433 1429//1429 1425//1425
f 1433//1433 1422//1422 1430//1430
f 1434//1434 1426//1426 1423//1423
f 1434//1434 1188//1188 1426//1426
f 1434//1434 1423//1423 1431//1431
f 1435//1435 328//328 329//329
f 1435//1435 1427//1427 328//328
f 1436//1436 1428//1428 1424//1424
f 1436//1436 1424//1424 1432//1432
f 1437//1437 1429//1429 1433//1433
f 1438//1438 1430//1430 1427//1427
f 1438//1438 1427//1427 1435//1435
f 1439//1439 1431//1431 1428//1428
f 1439//1439 1428//1428 1436//1436
f 1440//1440 1429//1429 1437//1437
f 1440//1440 1432//1432 1429//1429
f 1441//1441 1430//1430 1438//1438
f 1441//1441 1433//1433 1430//1430
f 1442//1442 1189//1189 1188//1188
f 1442//1442 1188//1188 1434//1434
f 1442//1442 1434//1434 1431//1431
f 1442//1442 1431//1431 1439//1439
f 1443//1443 329//329 330//330
f 1443//1443 1435//1435 329//329
f 1444//1444 1432//1432 1440//1440
f 1444//1444 1436//1436 1432//1432
f 1445//1445 1433//1433 1441//1441
f 1445//1445 1437//1437 1433//1433
f 1446//1446 1435//1435 1443//1443
f 1446//1446 1438//1438 1435//1435
f 1447//1447 1436//1436 1444//1444
f 1447//1447 1439//1439 1436//1436
f 1448//1448 1437//1437 1445//1445
f 1448//1448 1440//1440 1437//1437
f 1449//1449 1438//1438 1446//1446
f 1449//1449 1441//1441 1438//1438
f 1450//1450 1442//1442 1439//1439
f 1450//1450 1190//1190 1189//1189
f 1450//1450 1189//1189 1442//1442
f 1450//1450 1439//1439 1447//1447
f 1451//1451 330//330 331//331
f 1451//1451 1443//1443 330//330
f 1452//1452 1440//1440 1448//1448
f 1452//1452 1444//1444 1440//1440
f 1453//1453 1445//1445 1441//1441
f 1453//1453 1448//1448 1445//1445
f 1453//1453 1441//1441 1449//1449
f 1454//1454 1443//1443 1451//1451
f 1454//1454 1446//1446 1443//1443
f 1455//1455 1444//1444 1452//1452
f 1455//1455 1447//1447 1444//1444
f 1456//1456 1448//1448 1453//1453
f 1457//1457 1449//1449 1446//1446
f 1457//1457 1446//1446 1454//1454
f 1458//1458 1450//1450 1447//1447
f 1458//1458 1447//1447 1455//1455
f 1458//1458 1190//1190 1450//1450
f 1458//1458 1191//1191 1190//1190
f 1459//1459 331//331 332//332
f 1459//1459 332//332 297//297
f 1459//1459 297//297 1151//1151
f 1459//1459 1451//1451 331//331
f 1460//1460 1452//1452 1448//1448
f 1460//1460 1448//1448 1456//1456
f 1460//1460 1455//1455 1452//1452
f 1461//1461 1449//1449 1457//1457
f 1461//1461 1453//1453 1449//1449
f 1462//1462 1454//1454 1451//1451
f 1462//1462 1151//1151 1152//1152
f 1462//1462 1451//1451 1459//1459
f 1462//1462 1459//1459 1151//1151
f 1463//1463 1455//1455 1460//1460
f 1464//1464 1456//1456 1453//1453
f 1464//1464 1453//1453 1461//1461
f 1465//1465 1454//1454 1462//1462
f 1465//1465 1152//1152 1153//1153
f 1465//1465 1462//1462 1152//1152
f 1465//1465 1457//1457 1454//1454
f 1466//1466 1458//1458 1455//1455
f 1466//1466 1191//1191 1458//1458
f 1466//1466 1455//1455 1463//1463
f 1466//1466 1192//1192 1191//1191
f 1467//1467 1460//1460 1456//1456
f 1467//1467 1456//1456 1464//1464
f 1468//1468 1153//1153 1154//1154
f 1468//1468 1154//1154 1155//1155
f 1468//1468 1461//1461 1457//1457
f 1468//1468 1465//1465 1153//1153
f 1468//1468 1457//1457 1465//1465
f 1469//1469 1463//1463 1460//1460
f 1469//1469 1460//1460 1467//1467
f 1470//1470 1155//1155 1156//1156
f 1470//1470 1468//1468 1155//1155
f 1470//1470 1464//1464 1461//1461
f 1470//1470 1461//1461 1468//1468
f 1471//1471 1466//1466 1463//1463
f 1471//1471 1192//1192 1466//1466
f 1471//1471 1463//1463 1469//1469
f 1471//1471 1193//1193 1192//1192
f 1471//1471 1194//1194 1193//1193
f 1472//1472 1467//1467 1464//1464
f 1472//1472 1470//1470 1156//1156
f 1472//1472 1464//1464 1470//1470
f 1472//1472 1469//1469 1467//1467
f 1473//1473 1469//1469 1472//1472
f 1473//1473 1156//1156 1157//1157
f 1473//1473 1157//1157 1158//1158
f 1473//1473 1472//1472 1156//1156
f 1474//1474 1469//1469 1473//1473
f 1474//1474 1473//1473 1158//1158
f 1474//1474 1158//1158 1159//1159
f 1474//1474 1159//1159 1194//1194
f 1474//1474 1194//1194 1471//1471
f 1474//1474 1471//1471 1469//1469
f 1519//1519 1475//1475 333//333
f 1519//1519 333//333 334//334
f 1520//1520 1476//1476 1475//1475
f 1520//1520 1475//1475 1519//1519
f 1521//1521 1477//1477 1476//1476
f 1521//1521 1476//1476 1520//1520
f 1522//1522 334//334 335//335
f 1522//1522 1519//1519 334//334
f 1523//1523 1478//1478 1477//1477
f 1523//1523 1477//1477 1521//1521
f 1524//1524 1519//1519 1522//1522
f 1524//1524 1520//1520 1519//1519
f 1525//1525 1479//1479 1478//1478
f 1525//1525 1478//1478 1523//1523
f 1526//1526 1520//1520 1524//1524
f 1526//1526 1521//1521 1520//1520
f 1527//1527 335//335 336//336
f 1527//1527 1522//1522 335//335
f 1528//1528 1480//1480 1479//1479
f 1528//1528 1479//1479 1525//1525
f 1529//1529 1521//1521 1526//1526
f 1529//1529 1523//1523 1521//1521
f 1530//1530 1522//1522 1527//1527
f 1530//1530 1524//1524 1522//1522
f 1531//1531 1481//1481 1480//1480
f 1531//1531 1480//1480 1528//1528
f 1532//1532 1525//1525 1523//1523
f 1532//1532 1523//1523 1529//1529
f 1533//1533 1524//1524 1530//1530
f 1533//1533 1526//1526 1524//1524
f 1534//1534 1482//1482 1481//1481
f 1534//1534 1483//1483 1482//1482
f 1534//1534 1481//1481 1531//1531
f 1534//1534 1484//1484 1483//1483
f 1535//1535 1527//1527 336//336
f 1535//1535 336//336 337//337
f 1536//1536 1525//1525 1532//1532
f 1536//1536 1528//1528 1525//1525
f 1537//1537 1526//1526 1533//1533
f 1537//1537 1529//1529 1526//1526
f 1538//1538 1530//1530 1527//1527
f 1538//1538 1527//1527 1535//1535
f 1539//1539 1531//1531 1528//1528
f 1539//1539 1528//1528 1536//1536
f 1540//1540 1532//1532 1529//1529
f 1540//1540 1529//1529 1537//1537
f 1541//1541 1530//1530 1538//1538
f 1541//1541 1533//1533 1530//1530
f 1542//1542 1531//1531 1539//1539
f 1542//1542 1534//1534 1531//1531
f 1542//1542 1485//1485 1484//1484
f 1542//1542 1484//1484 1534//1534
f 1543//1543 337//337 338//338
f 1543//1543 1535//1535 337//337
f 1544//1544 1532//1532 1540//1540
f 1544//1544 1536//1536 1532//1532
f 1545//1545 1537//1537 1533//1533
f 1545//1545 1533//1533 1541//1541
f 1546//1546 1535//1535 1543//1543
f 1546//1546 1538//1538 1535//1535
f 1547//1547 1539//1539 1536//1536
f 1547//1547 1536//1536 1544//1544
f 1548//1548 1537//1537 1545//1545
f 1548//1548 1540//1540 1537//1537
f 1549//1549 1538//1538 1546//1546
f 1549//1549 1541//1541 1538//1538
f 1550//1550 1542//1542 1539//1539
f 1550//1550 1539//1539 1547//1547
f 1550//1550 1485//1485 1542//1542
f 1550//1550 1486//1486 1485//1485
f 1551//1551 338//338 339//339
f 1551//1551 1543//1543 338//338
f 1551//1551 1546//1546 1543//1543
f 1552//1552 1540//1540 1548//1548
f 1552//1552 1544//1544 1540//1540
f 1553//1553 1541//1541 1549//1549
f 1553//1553 1545//1545 1541//1541
f 1554//1554 1549//1549 1546//1546
f 1554//1554 1546//1546 1551//1551
f 1555//1555 1547//1547 1544//1544
f 1555//1555 1544//1544 1552//1552
f 1556//1556 1545//1545 1553//1553
f 1556//1556 1548//1548 1545//1545
f 1557//1557 1549//1549 1554//1554
f 1558//1558 1487//1487 1486//1486
f 1558//1558 1486//1486 1550//1550
f 1558//1558 1547//1547 1555//1555
f 1558//1558 1550//1550 1547//1547
f 1559//1559 339//339 340//340
f 1559//1559 1551//1551 339//339
f 1560//1560 1552//1552 1548//1548
f 1560//1560 1555//1555 1552//1552
f 1560//1560 1548//1548 1556//1556
f 1561//1561 1553//1553 1549//1549
f 1561//1561 1549//1549 1557//1557
f 1562//1562 1554//1554 1551//1551
f 1562//1562 1551//1551 1559//1559
f 1563//1563 1555//1555 1560//1560
f 1564//1564 1553//1553 1561//1561
f 1564//1564 1556//1556 1553//1553
f 1565//1565 1554//1554 1562//1562
f 1565//1565 1557//1557 1554//1554
f 1566//1566 1555//1555 1563//1563
f 1566//1566 1488//1488 1487//1487
f 1566//1566 1487//1487 1558//1558
f 1566//1566 1558//1558 1555//1555
f 1567//1567 340//340 341//341
f 1567//1567 1559//1559 340//340
f 1568//1568 1556//1556 1564//1564
f 1568//1568 1560//1560 1556//1556
f 1569//1569 1561//1561 1557//1557
f 1569//1569 1557//1557 1565//1565
f 1570//1570 1562//1562 1559//1559
f 1570//1570 1559//1559 1567//1567
f 1570//1570 1565//1565 1562//1562
f 1571//1571 1563//1563 1560//1560
f 1571//1571 1560//1560 1568//1568
f 1572//1572 1564//1564 1561//1561
f 1572//1572 1561//1561 1569//1569
f 1573//1573 1565//1565 1570//1570
f 1574//1574 1566//1566 1563//1563
f 1574//1574 1563//1563 1571//1571
f 1574//1574 1489//1489 1488//1488
f 1574//1574 1488//1488 1566//1566
f 1575//1575 341//341 342//342
f 1575//1575 1567//1567 341//341
f 1576//1576 1568//1568 1564//1564
f 1576//1576 1564//1564 1572//1572
f 1577//1577 1569//1569 1565//1565
f 1577//1577 1565//1565 1573//1573
f 1577//1577 1572//1572 1569//1569
f 1578//1578 1567//1567 1575//1575
f 1578//1578 1570//1570 1567//1567
f 1579//1579 1568//1568 1576//1576
f 1579//1579 1571//1571 1568//1568
f 1580//1580 1572//1572 1577//1577
f 1581//1581 1573//1573 1570//1570
f 1581//1581 1570//1570 1578//1578
f 1582//1582 1574//1574 1571//1571
f 1582//1582 1489//1489 1574//1574
f 1582//1582 1571//1571 1579//1579
f 1582//1582 1490//1490 1489//1489
f 1583//1583 342//342 343//343
f 1583//1583 1575//1575 342//342
f 1584//1584 1579//1579 1576//1576
f 1584//1584 1576//1576 1572//1572
f 1584//1584 1572//1572 1580//1580
f 1585//1585 1577//1577 1573//1573
f 1585//1585 1573//1573 1581//1581
f 1586//1586 1578//1578 1575//1575
f 1586//1586 1581//1581 1578//1578
f 1586//1586 1575//1575 1583//1583
f 1587//1587 1579//1579 1584//1584
f 1588//1588 1580//1580 1577//1577
f 1588//1588 1577//1577 1585//1585
f 1589//1589 1581//1581 1586//1586
f 1590//1590 1491//1491 1490//1490
f 1590//1590 1582//1582 1579//1579
f 1590//1590 1490//1490 1582//1582
f 1590//1590 1579//1579 1587//1587
f 1591//1591 343//343 344//344
f 1591//1591 1583//1583 343//343
f 1592//1592 1584//1584 1580//1580
f 1592//1592 1580//1580 1588//1588
f 1593//1593 1585//1585 1581//1581
f 1593//1593 1588//1588 1585//1585
f 1593//1593 1581//1581 1589//1589
f 1594//1594 1586//1586 1583//1583
f 1594//1594 1583//1583 1591//1591
f 1595//1595 1587//1587 1584//1584
f 1595//1595 1584//1584 1592//1592
f 1596//1596 1592//1592 1588//1588
f 1596//1596 1588//1588 1593//1593
f 1597//1597 1589//1589 1586//1586
f 1597//1597 1586//1586 1594//1594
f 1598//1598 1587//1587 1595//1595
f 1598//1598 1492//1492 1491//1491
f 1598//1598 1491//1491 1590//1590
f 1598//1598 1590//1590 1587//1587
f 1599//1599 344//344 345//345
f 1599//1599 1591//1591 344//344
f 1600//1600 1592//1592 1596//1596
f 1601//1601 1589//1589 1597//1597
f 1601//1601 1593//1593 1589//1589
f 1602//1602 1591//1591 1599//1599
f 1602//1602 1594//1594 1591//1591
f 1603//1603 1595//1595 1592//1592
f 1603//1603 1592//1592 1600//1600
f 1604//1604 1593//1593 1601//1601
f 1604//1604 1596//1596 1593//1593
f 1605//1605 1597//1597 1594//1594
f 1605//1605 1601//1601 1597//1597
f 1605//1605 1594//1594 1602//1602
f 1606//1606 1595//1595 1603//1603
f 1606//1606 1598//1598 1595//1595
f 1606//1606 1493//1493 1492//1492
f 1606//1606 1492//1492 1598//1598
f 1607//1607 345//345 346//346
f 1607//1607 1599//1599 345//345
f 1608//1608 1600//1600 1596//1596
f 1608//1608 1596//1596 1604//1604
f 1609//1609 1601//1601 1605//1605
f 1609//1609 1604//1604 1601//1601
f 1610//1610 1602//1602 1599//1599
f 1610//1610 1599//1599 1607//1607
f 1611//1611 1603//1603 1600//1600
f 1611//1611 1600//1600 1608//1608
f 1612//1612 1604//1604 1609//1609
f 1613//1613 1602//1602 1610//1610
f 1613//1613 1605//1605 1602//1602
f 1614//1614 1606//1606 1603//1603
f 1614//1614 1493//1493 1606//1606
f 1614//1614 1603//1603 1611//1611
f 1614//1614 1494//1494 1493//1493
f 1615//1615 1607//1607 346//346
f 1615//1615 346//346 347//347
f 1616//1616 1608//1608 1604//1604
f 1616//1616 1604//1604 1612//1612
f 1617//1617 1609//1609 1605//1605
f 1617//1617 1605//1605 1613//1613
f 1618//1618 1607//1607 1615//1615
f 1618//1618 1610//1610 1607//1607
f 1619//1619 1611//1611 1608//1608
f 1619//1619 1608//1608 1616//1616
f 1619//1619 1614//1614 1611//1611
f 1620//1620 1612//1612 1609//1609
f 1620//1620 1609//1609 1617//1617
f 1621//1621 1617//1617 1613//1613
f 1621//1621 1613//1613 1610//1610
f 1621//1621 1610//1610 1618//1618
f 1622//1622 1494//1494 1614//1614
f 1622//1622 1495//1495 1494//1494
f 1622//1622 1496//1496 1495//1495
f 1622//1622 1614//1614 1619//1619
f 1623//1623 347//347 348//348
f 1623//1623 1615//1615 347//347
f 1624//1624 1616//1616 1612//1612
f 1624//1624 1612//1612 1620//1620
f 1625//1625 1617//1617 1621//1621
f 1626//1626 1615//1615 1623//1623
f 1626//1626 1618//1618 1615//1615
f 1627//1627 1619//1619 1616//1616
f 1627//1627 1616//1616 1624//1624
f 1628//1628 1620//1620 1617//1617
f 1628//1628 1617//1617 1625//1625
f 1629//1629 1621//1621 1618//1618
f 1629//1629 1618//1618 1626//1626
f 1630//1630 1497//1497 1496//1496
f 1630//1630 1496//1496 1622//1622
f 1630//1630 1622//1622 1619//1619
f 1630//1630 1619//1619 1627//1627
f 1631//1631 348//348 349//349
f 1631//1631 349//349 350//350
f 1631//1631 1623//1623 348//348
f 1632//1632 1620//1620 1628//1628
f 1632//1632 1624//1624 1620//1620
f 1632//1632 1627//1627 1624//1624
f 1633//1633 1625//1625 1621//1621
f 1633//1633 1621//1621 1629//1629
f 1634//1634 1623//1623 1631//1631
f 1634//1634 1626//1626 1623//1623
f 1635//1635 1630//1630 1627//1627
f 1635//1635 1627//1627 1632//1632
f 1636//1636 1628//1628 1625//1625
f 1636//1636 1625//1625 1633//1633
f 1637//1637 1629//1629 1626//1626
f 1637//1637 1626//1626 1634//1634
f 1637//1637 1633//1633 1629//1629
f 1638//1638 1630//1630 1635//1635
f 1638//1638 1497//1497 1630//1630
f 1639//1639 1631//1631 350//350
f 1640//1640 1628//1628 1636//1636
f 1640//1640 1632//1632 1628//1628
f 1641//1641 1633//1633 1637//1637
f 1642//1642 1631//1631 1639//1639
f 1642//1642 1634//1634 1631//1631
f 1643//1643 1632//1632 1640//1640
f 1643//1643 1635//1635 1632//1632
f 1644//1644 1636//1636 1633//1633
f 1644//1644 1633//1633 1641//1641
f 1645//1645 1637//1637 1634//1634
f 1645//1645 1634//1634 1642//1642
f 1646//1646 1638//1638 1635//1635
f 1646//1646 1497//1497 1638//1638
f 1646//1646 1635//1635 1643//1643
f 1646//1646 1498//1498 1497//1497
f 1647//1647 1639//1639 350//350
f 1647//1647 350//350 351//351
f 1648//1648 1640//1640 1636//1636
f 1648//1648 1636//1636 1644//1644
f 1649//1649 1637//1637 1645//1645
f 1649//1649 1641//1641 1637//1637
f 1650//1650 1639//1639 1647//1647
f 1650//1650 1642//1642 1639//1639
f 1651//1651 1643//1643 1640//1640
f 1651//1651 1640//1640 1648//1648
f 1652//1652 1644//1644 1641//1641
f 1652//1652 1648//1648 1644//1644
f 1652//1652 1641//1641 1649//1649
f 1653//1653 1649//1649 1645//1645
f 1653//1653 1642//1642 1650//1650
f 1653//1653 1645//1645 1642//1642
f 1654//1654 1646//1646 1643//1643
f 1654//1654 1498//1498 1646//1646
f 1654//1654 1643//1643 1651//1651
f 1654//1654 1499//1499 1498//1498
f 1655//1655 351//351 352//352
f 1655//1655 1647//1647 351//351
f 1656//1656 1651//1651 1648//1648
f 1656//1656 1648//1648 1652//1652
f 1657//1657 1649//1649 1653//1653
f 1658//1658 1647//1647 1655//1655
f 1658//1658 1650//1650 1647//1647
f 1659//1659 1651//1651 1656//1656
f 1660//1660 1656//1656 1652//1652
f 1660//1660 1649//1649 1657//1657
f 1660//1660 1652//1652 1649//1649
f 1661//1661 1653//1653 1650//1650
f 1661//1661 1650//1650 1658//1658
f 1662//1662 1651//1651 1659//1659
f 1662//1662 1500//1500 1499//1499
f 1662//1662 1654//1654 1651//1651
f 1662//1662 1499//1499 1654//1654
f 1663//1663 352//352 353//353
f 1663//1663 1655//1655 352//352
f 1664//1664 1656//1656 1660//1660
f 1665//1665 1653//1653 1661//1661
f 1665//1665 1657//1657 1653//1653
f 1666//1666 1655//1655 1663//1663
f 1666//1666 1658//1658 1655//1655
f 1666//1666 1661//1661 1658//1658
f 1667//1667 1656//1656 1664//1664
f 1667//1667 1659//1659 1656//1656
f 1668//1668 1657//1657 1665//1665
f 1668//1668 1660//1660 1657//1657
f 1669//1669 1661//1661 1666//1666
f 1670//1670 1659//1659 1667//1667
f 1670//1670 1501//1501 1500//1500
f 1670//1670 1500//1500 1662//1662
f 1670//1670 1662//1662 1659//1659
f 1671//1671 353//353 354//354
f 1671//1671 354//354 355//355
f 1671//1671 1663//1663 353//353
f 1672//1672 1664//1664 1660//1660
f 1672//1672 1660//1660 1668//1668
f 1673//1673 1665//1665 1661//1661
f 1673//1673 1661//1661 1669//1669
f 1674//1674 1663//1663 1671//1671
f 1674//1674 1669//1669 1666//1666
f 1674//1674 1666//1666 1663//1663
f 1675//1675 1664//1664 1672//1672
f 1675//1675 1667//1667 1664//1664
f 1676//1676 1668//1668 1665//1665
f 1676//1676 1665//1665 1673//1673
f 1677//1677 1669//1669 1674//1674
f 1677//1677 1673//1673 1669//1669
f 1678//1678 1501//1501 1670//1670
f 1678//1678 1667//1667 1675//1675
f 1678//1678 1502//1502 1501//1501
f 1678//1678 1503//1503 1502//1502
f 1678//1678 1670//1670 1667//1667
f 1679//1679 1671//1671 355//355
f 1680//1680 1672//1672 1668//1668
f 1680//1680 1668//1668 1676//1676
f 1681//1681 1673//1673 1677//1677
f 1682//1682 1674//1674 1671//1671
f 1682//1682 1671//1671 1679//1679
f 1683//1683 1672//1672 1680//1680
f 1683//1683 1675//1675 1672//1672
f 1684//1684 1676//1676 1673//1673
f 1684//1684 1673//1673 1681//1681
f 1685//1685 1677//1677 1674//1674
f 1685//1685 1674//1674 1682//1682
f 1686//1686 1503//1503 1678//1678
f 1686//1686 1678//1678 1675//1675
f 1686//1686 1675//1675 1683//1683
f 1687//1687 355//355 356//356
f 1687//1687 1679//1679 355//355
f 1688//1688 1680//1680 1676//1676
f 1688//1688 1676//1676 1684//1684
f 1689//1689 1681//1681 1677//1677
f 1689//1689 1677//1677 1685//1685
f 1690//1690 1682//1682 1679//1679
f 1690//1690 1679//1679 1687//1687
f 1690//1690 1685//1685 1682//1682
f 1691//1691 1683//1683 1680//1680
f 1691//1691 1680//1680 1688//1688
f 1692//1692 1688//1688 1684//1684
f 1692//1692 1684//1684 1681//1681
f 1692//1692 1681//1681 1689//1689
f 1693//1693 1685//1685 1690//1690
f 1693//1693 1689//1689 1685//1685
f 1694//1694 1503//1503 1686//1686
f 1694//1694 1686//1686 1683//1683
f 1694//1694 1504//1504 1503//1503
f 1694//1694 1683//1683 1691//1691
f 1695//1695 356//356 357//357
f 1695//1695 357//357 358//358
f 1695//1695 1687//1687 356//356
f 1696//1696 1691//1691 1688//1688
f 1696//1696 1688//1688 1692//1692
f 1697//1697 1689//1689 1693//1693
f 1698//1698 1690//1690 1687//1687
f 1698//1698 1693//1693 1690//1690
f 1698//1698 1687//1687 1695//1695
f 1699//1699 1691//1691 1696//1696
f 1700//1700 1696//1696 1692//1692
f 1700//1700 1689//1689 1697//1697
f 1700//1700 1692//1692 1689//1689
f 1701//1701 1697//1697 1693//1693
f 1701//1701 1693//1693 1698//1698
f 1702//1702 1691//1691 1699//1699
f 1702//1702 1505//1505 1504//1504
f 1702//1702 1506//1506 1505//1505
f 1702//1702 1504//1504 1694//1694
f 1702//1702 1694//1694 1691//1691
f 1703//1703 1695//1695 358//358
f 1704//1704 1696//1696 1700//1700
f 1705//1705 1697//1697 1701//1701
f 1706//1706 1698//1698 1695//1695
f 1706//1706 1695//1695 1703//1703
f 1707//1707 1699//1699 1696//1696
f 1707//1707 1696//1696 1704//1704
f 1708//1708 1700//1700 1697//1697
f 1708//1708 1704//1704 1700//1700
f 1708//1708 1697//1697 1705//1705
f 1709//1709 1701//1701 1698//1698
f 1709//1709 1698//1698 1706//1706
f 1710//1710 1699//1699 1707//1707
f 1710//1710 1507//1507 1506//1506
f 1710//1710 1702//1702 1699//1699
f 1710//1710 1506//1506 1702//1702
f 1711//1711 1703//1703 358//358
f 1711//1711 358//358 359//359
f 1711//1711 1706//1706 1703//1703
f 1712//1712 1704//1704 1708//1708
f 1713//1713 1701//1701 1709//1709
f 1713//1713 1705//1705 1701//1701
f 1714//1714 1706//1706 1711//1711
f 1715//1715 1707//1707 1704//1704
f 1715//1715 1704//1704 1712//1712
f 1716//1716 1708//1708 1705//1705
f 1716//1716 1705//1705 1713//1713
f 1717//1717 1706//1706 1714//1714
f 1717//1717 1709//1709 1706//1706
f 1717//1717 1713//1713 1709//1709
f 1718//1718 1710//1710 1707//1707
f 1718//1718 1507//1507 1710//1710
f 1718//1718 1707//1707 1715//1715
f 1719//1719 359//359 360//360
f 1719//1719 1711//1711 359//359
f 1720//1720 1712//1712 1708//1708
f 1720//1720 1708//1708 1716//1716
f 1721//1721 1713//1713 1717//1717
f 1722//1722 1714//1714 1711//1711
f 1722//1722 1717//1717 1714//1714
f 1722//1722 1711//1711 1719//1719
f 1723//1723 1715//1715 1712//1712
f 1723//1723 1712//1712 1720//1720
f 1724//1724 1716//1716 1713//1713
f 1724//1724 1713//1713 1721//1721
f 1725//1725 1717//1717 1722//1722
f 1726//1726 1507//1507 1718//1718
f 1726//1726 1718//1718 1715//1715
f 1726//1726 1715//1715 1723//1723
f 1726//1726 1508//1508 1507//1507
f 1727//1727 360//360 361//361
f 1727//1727 1719//1719 360//360
f 1728//1728 1720//1720 1716//1716
f 1728//1728 1723//1723 1720//1720
f 1728//1728 1716//1716 1724//1724
f 1729//1729 1721//1721 1717//1717
f 1729//1729 1717//1717 1725//1725
f 1730//1730 1722//1722 1719//1719
f 1730//1730 1719//1719 1727//1727
f 1730//1730 1725//1725 1722//1722
f 1731//1731 1723//1723 1728//1728
f 1732//1732 1724//1724 1721//1721
f 1732//1732 1721//1721 1729//1729
f 1733//1733 1725//1725 1730//1730
f 1734//1734 1723//1723 1731//1731
f 1734//1734 1509//1509 1508//1508
f 1734//1734 1726//1726 1723//1723
f 1734//1734 1508//1508 1726//1726
f 1735//1735 1730//1730 1727//1727
f 1735//1735 361//361 362//362
f 1735//1735 1727//1727 361//361
f 1736//1736 1731//1731 1728//1728
f 1736//1736 1728//1728 1724//1724
f 1736//1736 1724//1724 1732//1732
f 1737//1737 1729//1729 1725//1725
f 1737//1737 1732//1732 1729//1729
f 1737//1737 1725//1725 1733//1733
f 1738//1738 1730//1730 1735//1735
f 1739//1739 1731//1731 1736//1736
f 1740//1740 1732//1732 1737//1737
f 1741//1741 1733//1733 1730//1730
f 1741//1741 1730//1730 1738//1738
f 1742//1742 1731//1731 1739//1739
f 1742//1742 1510//1510 1509//1509
f 1742//1742 1509//1509 1734//1734
f 1742//1742 1734//1734 1731//1731
f 1743//1743 1735//1735 362//362
f 1743//1743 362//362 363//363
f 1744//1744 1732//1732 1740//1740
f 1744//1744 1736//1736 1732//1732
f 1745//1745 1737//1737 1733//1733
f 1745//1745 1733//1733 1741//1741
f 1746//1746 1735//1735 1743//1743
f 1746//1746 1741//1741 1738//1738
f 1746//1746 1738//1738 1735//1735
f 1747//1747 1739//1739 1736//1736
f 1747//1747 1736//1736 1744//1744
f 1748//1748 1740//1740 1737//1737
f 1748//1748 1737//1737 1745//1745
f 1749//1749 1741//1741 1746//1746
f 1750//1750 1742//1742 1739//1739
f 1750//1750 1510//1510 1742//1742
f 1750//1750 1739//1739 1747//1747
f 1750//1750 1511//1511 1510//1510
f 1750//1750 1512//1512 1511//1511
f 1751//1751 1746//1746 1743//1743
f 1751//1751 363//363 364//364
f 1751//1751 1743//1743 363//363
f 1752//1752 1744//1744 1740//1740
f 1752//1752 1740//1740 1748//1748
f 1752//1752 1747//1747 1744//1744
f 1753//1753 1745//1745 1741//1741
f 1753//1753 1741//1741 1749//1749
f 1754//1754 1746//1746 1751//1751
f 1755//1755 1747//1747 1752//1752
f 1756//1756 1748//1748 1745//1745
f 1756//1756 1745//1745 1753//1753
f 1757//1757 1749//1749 1746//1746
f 1757//1757 1753//1753 1749//1749
f 1757//1757 1746//1746 1754//1754
f 1758//1758 1750//1750 1747//1747
f 1758//1758 1512//1512 1750//1750
f 1758//1758 1747//1747 1755//1755
f 1759//1759 364//364 365//365
f 1759//1759 1751//1751 364//364
f 1760//1760 1752//1752 1748//1748
f 1760//1760 1748//1748 1756//1756
f 1761//1761 1753//1753 1757//1757
f 1762//1762 1754//1754 1751//1751
f 1762//1762 1751//1751 1759//1759
f 1763//1763 1755//1755 1752//1752
f 1763//1763 1752//1752 1760//1760
f 1764//1764 1753//1753 1761//1761
f 1764//1764 1756//1756 1753//1753
f 1765//1765 1754//1754 1762//1762
f 1765//1765 1757//1757 1754//1754
f 1766//1766 1513//1513 1512//1512
f 1766//1766 1512//1512 1758//1758
f 1766//1766 1758//1758 1755//1755
f 1766//1766 1755//1755 1763//1763
f 1767//1767 365//365 366//366
f 1767//1767 1759//1759 365//365
f 1768//1768 1756//1756 1764//1764
f 1768//1768 1760//1760 1756//1756
f 1769//1769 1757//1757 1765//1765
f 1769//1769 1761//1761 1757//1757
f 1770//1770 1759//1759 1767//1767
f 1770//1770 1762//1762 1759//1759
f 1771//1771 1760//1760 1768//1768
f 1771//1771 1763//1763 1760//1760
f 1772//1772 1761//1761 1769//1769
f 1772//1772 1764//1764 1761//1761
f 1773//1773 1762//1762 1770//1770
f 1773//1773 1765//1765 1762//1762
f 1774//1774 1766//1766 1763//1763
f 1774//1774 1514//1514 1513//1513
f 1774//1774 1513//1513 1766//1766
f 1774//1774 1763//1763 1771//1771
f 1775//1775 366//366 367//367
f 1775//1775 1767//1767 366//366
f 1776//1776 1764//1764 1772//1772
f 1776//1776 1768//1768 1764//1764
f 1777//1777 1769//1769 1765//1765
f 1777//1777 1772//1772 1769//1769
f 1777//1777 1765//1765 1773//1773
f 1778//1778 1767//1767 1775//1775
f 1778//1778 1770//1770 1767//1767
f 1779//1779 1768//1768 1776//1776
f 1779//1779 1771//1771 1768//1768
f 1780//1780 1772//1772 1777//1777
f 1781//1781 1773//1773 1770//1770
f 1781//1781 1770//1770 1778//1778
f 1782//1782 1774//1774 1771//1771
f 1782//1782 1771//1771 1779//1779
f 1782//1782 1514//1514 1774//1774
f 1782//1782 1515//1515 1514//1514
f 1783//1783 367//367 368//368
f 1783//1783 368//368 333//333
f 1783//1783 333//333 1475//1475
f 1783//1783 1775//1775 367//367
f 1784//1784 1776//1776 1772//1772
f 1784//1784 1772//1772 1780//1780
f 1784//1784 1779//1779 1776//1776
f 1785//1785 1773//1773 1781//1781
f 1785//1785 1777//1777 1773//1773
f 1786//1786 1778//1778 1775//1775
f 1786//1786 1475//1475 1476//1476
f 1786//1786 1775//1775 1783//1783
f 1786//1786 1783//1783 1475//1475
f 1787//1787 1779//1779 1784//1784
f 1788//1788 1780//1780 1777//1777
f 1788//1788 1777//1777 1785//1785
f 1789//1789 1778//1778 1786//1786
f 1789//1789 1476//1476 1477//1477
f 1789//1789 1786//1786 1476//1476
f 1789//1789 1781//1781 1778//1778
f 1790//1790 1782//1782 1779//1779
f 1790//1790 1515//1515 1782//1782
f 1790//1790 1779//1779 1787//1787
f 1790//1790 1516//1516 1515//1515
f 1791//1791 1784//1784 1780//1780
f 1791//1791 1780//1780 1788//1788
f 1792//1792 1477//1477 1478//1478
f 1792//1792 1478//1478 1479//1479
f 1792//1792 1785//1785 1781//1781
f 1792//1792 1789//1789 1477//1477
f 1792//1792 1781//1781 1789//1789
f 1793//1793 1787//1787 1784//1784
f 1793//1793 1784//1784 1791//1791
f 1794//1794 1479//1479 1480//1480
f 1794//1794 1792//1792 1479//1479
f 1794//1794 1788//1788 1785//1785
f 1794//1794 1785//1785 1792//1792
f 1795//1795 1790//1790 1787//1787
f 1795//1795 1516//1516 1790//1790
f 1795//1795 1787//1787 1793//1793
f 1795//1795 1517//1517 1516//1516
f 1795//1795 1518//1518 1517//1517
f 1796//1796 1791//1791 1788//1788
f 1796//1796 1794//1794 1480//1480
f 1796//1796 1788//1788 1794//1794
f 1796//1796 1793//1793 1791//1791
f 1797//1797 1793//1793 1796//1796
f 1797//1797 1480//1480 1481//1481
f 1797//1797 1481//1481 1482//1482
f 1797//1797 1796//1796 1480//1480
f 1798//1798 1793//1793 1797//1797
f 1798//1798 1797//1797 1482//1482
f 1798//1798 1482//1482 1483//1483
f 1798//1798 1483//1483 1518//1518
f 1798//1798 1518//1518 1795//1795
f 1798//1798 1795//1795 1793//1793
f 1814//1814 1806//1806 417//417
f 1814//1814 417//417 416//416
f 1813//1813 1805//1805 1806//1806
f 1813//1813 1806//1806 1814//1814
f 1812//1812 1803//1803 1804//1804
f 1812//1812 1804//1804 1805//1805
f 1812//1812 1805//1805 1813//1813
f 1811//1811 1802//1802 1803//1803
f 1811//1811 1803//1803 1812//1812
f 1810//1810 1802//1802 1811//1811
f 1809//1809 1800//1800 1801//1801
f 1809//1809 1801//1801 1802//1802
f 1809//1809 1802//1802 1810//1810
f 1808//1808 1800//1800 1809//1809
f 1807//1807 1799//1799 1800//1800
f 1807//1807 1800//1800 1808//1808
f 1142//1142 468//468 1799//1799
f 1142//1142 1799//1799 1807//1807
f 418//418 442//442 173//173
f 174//174 467//467 425//425
f 1815//1815 434//434 435//435
f 1815//1815 435//435 436//436
f 1816//1816 434//434 1815//1815
f 1817//1817 434//434 1816//1816
f 1818//1818 436//436 437//437
f 1818//1818 1815//1815 436//436
f 1818//1818 1816//1816 1815//1815
f 1819//1819 434//434 1817//1817
f 1820//1820 1816//1816 1818//1818
f 1820//1820 1817//1817 1816//1816
f 1821//1821 437//437 438//438
f 1821//1821 438//438 439//439
f 1821//1821 1818//1818 437//437
f 1822//1822 434//434 1819//1819
f 1823//1823 1817//1817 1820//1820
f 1823//1823 1819//1819 1817//1817
f 1824//1824 1818//1818 1821//1821
f 1824//1824 1820//1820 1818//1818
f 1825//1825 434//434 1822//1822
f 1826//1826 1822//1822 1819//1819
f 1826//1826 1819//1819 1823//1823
f 1827//1827 1823//1823 1820//1820
f 1827//1827 1820//1820 1824//1824
f 1828//1828 439//439 440//440
f 1828//1828 1824//1824 1821//1821
f 1828//1828 1821//1821 439//439
f 1829//1829 460//460 434//434
f 1829//1829 461//461 460//460
f 1829//1829 434//434 1825//1825
f 1830//1830 1825//1825 1822//1822
f 1830//1830 1822//1822 1826//1826
f 1831//1831 1826//1826 1823//1823
f 1831//1831 1823//1823 1827//1827
f 1832//1832 1827//1827 1824//1824
f 1832//1832 1824//1824 1828//1828
f 1833//1833 440//440 441//441
f 1833//1833 1828//1828 440//440
f 1834//1834 462//462 461//461
f 1834//1834 461//461 1829//1829
f 1834//1834 1829//1829 1825//1825
f 1834//1834 1825//1825 1830//1830
f 1835//1835 1830//1830 1826//1826
f 1835//1835 1826//1826 1831//1831
f 1836//1836 1827//1827 1832//1832
f 1836//1836 1831//1831 1827//1827
f 1837//1837 1832//1832 1828//1828
f 1837//1837 1828//1828 1833//1833
f 1838//1838 1834//1834 1830//1830
f 1838//1838 1830//1830 1835//1835
f 1839//1839 1835//1835 1831//1831
f 1839//1839 1831//1831 1836//1836
f 1840//1840 1836//1836 1832//1832
f 1840//1840 1832//1832 1837//1837
f 1841//1841 441//441 442//442
f 1841//1841 418//418 419//419
f 1841//1841 1837//1837 1833//1833
f 1841//1841 442//442 418//418
f 1841//1841 1833//1833 441//441
f 1842//1842 463//463 462//462
f 1842//1842 464//464 463//463
f 1842//1842 462//462 1834//1834
f 1842//1842 1834//1834 1838//1838
f 1843//1843 1835//1835 1839//1839
f 1843//1843 1838//1838 1835//1835
f 1844//1844 1839//1839 1836//1836
f 1844//1844 1836//1836 1840//1840
f 1845//1845 419//419 420//420
f 1845//1845 1840//1840 1837//1837
f 1845//1845 1841//1841 419//419
f 1845//1845 1837//1837 1841//1841
f 1846//1846 465//465 464//464
f 1846//1846 464//464 1842//1842
f 1846//1846 1842//1842 1838//1838
f 1846//1846 1838//1838 1843//1843
f 1847//1847 1839//1839 1844//1844
f 1847//1847 1843//1843 1839//1839
f 1848//1848 420//420 421//421
f 1848//1848 1844//1844 1840//1840
f 1848//1848 1840//1840 1845//1845
f 1848//1848 1845//1845 420//420
f 1849//1849 1846//1846 1843//1843
f 1849//1849 1843//1843 1847//1847
f 1850//1850 421//421 422//422
f 1850//1850 422//422 423//423
f 1850//1850 1848//1848 421//421
f 1850//1850 1844//1844 1848//1848
f 1850//1850 1847//1847 1844//1844
f 1851//1851 466//466 465//465
f 1851//1851 465//465 1846//1846
f 1851//1851 1846//1846 1849//1849
f 1852//1852 423//423 424//424
f 1852//1852 1850//1850 423//423
f 1852//1852 1849//1849 1847//1847
f 1852//1852 1847//1847 1850//1850
f 1853//1853 467//467 466//466
f 1853//1853 424//424 425//425
f 1853//1853 1852//1852 424//424
f 1853//1853 466//466 1851//1851
f 1853//1853 1851//1851 1849//1849
f 1853//1853 1849//1849 1852//1852
f 1853//1853 425//425 467//467
f 444//444 433//433 172//172
f 443//443 1141//1141 451//451
f 1854//1854 295//295 426//426
f 1854//1854 426//426 427//427
f 1855//1855 295//295 1854//1854
f 1856//1856 295//295 1855//1855
f 1857//1857 427//427 428//428
f 1857//1857 1854//1854 427//427
f 1857//1857 1855//1855 1854//1854
f 1858//1858 295//295 1856//1856
f 1859//1859 1855//1855 1857//1857
f 1859//1859 1856//1856 1855//1855
f 1860//1860 428//428 429//429
f 1860//1860 429//429 430//430
f 1860//1860 1857//1857 428//428
f 1861//1861 295//295 1858//1858
f 1862//1862 1856//1856 1859//1859
f 1862//1862 1858//1858 1856//1856
f 1863//1863 1857//1857 1860//1860
f 1863//1863 1859//1859 1857//1857
f 1864//1864 295//295 1861//1861
f 1865//1865 1861//1861 1858//1858
f 1865//1865 1858//1858 1862//1862
f 1866//1866 1862//1862 1859//1859
f 1866//1866 1859//1859 1863//1863
f 1867//1867 430//430 431//431
f 1867//1867 1863//1863 1860//1860
f 1867//1867 1860//1860 430//430
f 1868//1868 1134//1134 295//295
f 1868//1868 1135//1135 1134//1134
f 1868//1868 295//295 1864//1864
f 1869//1869 1864//1864 1861//1861
f 1869//1869 1861//1861 1865//1865
f 1870//1870 1865//1865 1862//1862
f 1870//1870 1862//1862 1866//1866
f 1871//1871 1866//1866 1863//1863
f 1871//1871 1863//1863 1867//1867
f 1872//1872 431//431 432//432
f 1872//1872 1867//1867 431//431
f 1873//1873 1136//1136 1135//1135
f 1873//1873 1135//1135 1868//1868
f 1873//1873 1868//1868 1864//1864
f 1873//1873 1864//1864 1869//1869
f 1874//1874 1869//1869 1865//1865
f 1874//1874 1865//1865 1870//1870
f 1875//1875 1866//1866 1871//1871
f 1875//1875 1870//1870 1866//1866
f 1876//1876 1871//1871 1867//1867
f 1876//1876 1867//1867 1872//1872
f 1877//1877 1873//1873 1869//1869
f 1877//1877 1869//1869 1874//1874
f 1878//1878 1874//1874 1870//1870
f 1878//1878 1870//1870 1875//1875
f 1879//1879 1875//1875 1871//1871
f 1879//1879 1871//1871 1876//1876
f 1880//1880 432//432 433//433
f 1880//1880 444//444 445//445
f 1880//1880 1876//1876 1872//1872
f 1880//1880 433//433 444//444
f 1880//1880 1872//1872 432//432
f 1881//1881 1137//1137 1136//1136
f 1881//1881 1138//1138 1137//1137
f 1881//1881 1136//1136 1873//1873
f 1881//1881 1873//1873 1877//1877
f 1882//1882 1874//1874 1878//1878
f 1882//1882 1877//1877 1874//1874
f 1883//1883 1878//1878 1875//1875
f 1883//1883 1875//1875 1879//1879
f 1884//1884 445//445 446//446
f 1884//1884 1879//1879 1876//1876
f 1884//1884 1880//1880 445//445
f 1884//1884 1876//1876 1880//1880
f 1885//1885 1139//1139 1138//1138
f 1885//1885 1138//1138 1881//1881
f 1885//1885 1881//1881 1877//1877
f 1885//1885 1877//1877 1882//1882
f 1886//1886 1878//1878 1883//1883
f 1886//1886 1882//1882 1878//1878
f 1887//1887 446//446 447//447
f 1887//1887 1883//1883 1879//1879
f 1887//1887 1879//1879 1884//1884
f 1887//1887 1884//1884 446//446
f 1888//1888 1885//1885 1882//1882
f 1888//1888 1882//1882 1886//1886
f 1889//1889 447//447 448//448
f 1889//1889 448//448 449//449
f 1889//1889 1887//1887 447//447
f 1889//1889 1883//1883 1887//1887
f 1889//1889 1886//1886 1883//1883
f 1890//1890 1140//1140 1139//1139
f 1890//1890 1139//1139 1885//1885
f 1890//1890 1885//1885 1888//1888
f 1891//1891 449//449 450//450
f 1891//1891 1889//1889 449//449
f 1891//1891 1888//1888 1886//1886
f 1891//1891 1886//1886 1889//1889
f 1892//1892 1141//1141 1140//1140
f 1892//1892 450//450 451//451
f 1892//1892 1891//1891 450//450
f 1892//1892 1140//1140 1890//1890
f 1892//1892 1890//1890 1888//1888
f 1892//1892 1888//1888 1891//1891
f 1892//1892 451//451 1141//1141
f 443//443 434//434 468//468
f 443//443 468//468 1142//1142
f 452//452 417//417 1806//1806
f 175//175 459//459 476//476
f 1893//1893 1799//1799 468//468
f 1893//1893 1800//1800 1799//1799
f 1894//1894 1893//1893 468//468
f 1895//1895 1894//1894 468//468
f 1896//1896 1801//1801 1800//1800
f 1896//1896 1800//1800 1893//1893
f 1896//1896 1893//1893 1894//1894
f 1897//1897 1895//1895 468//468
f 1898//1898 1896//1896 1894//1894
f 1898//1898 1894//1894 1895//1895
f 1899//1899 1802//1802 1801//1801
f 1899//1899 1803//1803 1802//1802
f 1899//1899 1801//1801 1896//1896
f 1900//1900 1897//1897 468//468
f 1901//1901 1898//1898 1895//1895
f 1901//1901 1895//1895 1897//1897
f 1902//1902 1899//1899 1896//1896
f 1902//1902 1896//1896 1898//1898
f 1903//1903 1900//1900 468//468
f 1904//1904 1897//1897 1900//1900
f 1904//1904 1901//1901 1897//1897
f 1905//1905 1898//1898 1901//1901
f 1905//1905 1902//1902 1898//1898
f 1906//1906 1804//1804 1803//1803
f 1906//1906 1899//1899 1902//1902
f 1906//1906 1803//1803 1899//1899
f 1907//1907 468//468 469//469
f 1907//1907 469//469 470//470
f 1907//1907 1903//1903 468//468
f 1908//1908 1900//1900 1903//1903
f 1908//1908 1904//1904 1900//1900
f 1909//1909 1901//1901 1904//1904
f 1909//1909 1905//1905 1901//1901
f 1910//1910 1902//1902 1905//1905
f 1910//1910 1906//1906 1902//1902
f 1911//1911 1805//1805 1804//1804
f 1911//1911 1804//1804 1906//1906
f 1912//1912 470//470 471//471
f 1912//1912 1907//1907 470//470
f 1912//1912 1903//1903 1907//1907
f 1912//1912 1908//1908 1903//1903
f 1913//1913 1904//1904 1908//1908
f 1913//1913 1909//1909 1904//1904
f 1914//1914 1910//1910 1905//1905
f 1914//1914 1905//1905 1909//1909
f 1915//1915 1906//1906 1910//1910
f 1915//1915 1911//1911 1906//1906
f 1916//1916 1908//1908 1912//1912
f 1916//1916 1913//1913 1908//1908
f 1917//1917 1909//1909 1913//1913
f 1917//1917 1914//1914 1909//1909
f 1918//1918 1910//1910 1914//1914
f 1918//1918 1915//1915 1910//1910
f 1919//1919 1806//1806 1805//1805
f 1919//1919 453//453 452//452
f 1919//1919 1911//1911 1915//1915
f 1919//1919 452//452 1806//1806
f 1919//1919 1805//1805 1911//1911
f 1920//1920 471//471 472//472
f 1920//1920 472//472 473//473
f 1920//1920 1912//1912 471//471
f 1920//1920 1916//1916 1912//1912
f 1921//1921 1917//1917 1913//1913
f 1921//1921 1913//1913 1916//1916
f 1922//1922 1914//1914 1917//1917
f 1922//1922 1918//1918 1914//1914
f 1923//1923 454//454 453//453
f 1923//1923 1915//1915 1918//1918
f 1923//1923 453//453 1919//1919
f 1923//1923 1919//1919 1915//1915
f 1924//1924 473//473 474//474
f 1924//1924 1920//1920 473//473
f 1924//1924 1916//1916 1920//1920
f 1924//1924 1921//1921 1916//1916
f 1925//1925 1922//1922 1917//1917
f 1925//1925 1917//1917 1921//1921
f 1926//1926 455//455 454//454
f 1926//1926 1918//1918 1922//1922
f 1926//1926 1923//1923 1918//1918
f 1926//1926 454//454 1923//1923
f 1927//1927 1921//1921 1924//1924
f 1927//1927 1925//1925 1921//1921
f 1928//1928 456//456 455//455
f 1928//1928 457//457 456//456
f 1928//1928 455//455 1926//1926
f 1928//1928 1926//1926 1922//1922
f 1928//1928 1922//1922 1925//1925
f 1929//1929 474//474 475//475
f 1929//1929 1924//1924 474//474
f 1929//1929 1927//1927 1924//1924
f 1930//1930 458//458 457//457
f 1930//1930 457//457 1928//1928
f 1930//1930 1925//1925 1927//1927
f 1930//1930 1928//1928 1925//1925
f 1931//1931 475//475 476//476
f 1931//1931 459//459 458//458
f 1931//1931 458//458 1930//1930
f 1931//1931 1929//1929 475//475
f 1931//1931 1927//1927 1929//1929
f 1931//1931 1930//1930 1927//1927
f 1931//1931 476//476 459//459
f 1160//1160 485//485 1159//1159
f 1160//1160 486//486 485//485
f 1161//1161 487//487 486//486
f 1161//1161 486//486 1160//1160
f 1162//1162 488//488 487//487
f 1162//1162 489//489 488//488
f 1162//1162 487//487 1161//1161
f 1163//1163 489//489 1162//1162
f 1164//1164 490//490 489//489
f 1164//1164 489//489 1163//1163
f 1165//1165 490//490 1164//1164
f 1165//1165 491//491 490//490
f 1166//1166 491//491 1165//1165
f 1166//1166 492//492 491//491
f 1167//1167 492//492 1166//1166
f 1167//1167 493//493 492//492
f 1167//1167 494//494 493//493
f 1168//1168 494//494 1167//1167
f 1168//1168 495//495 494//494
f 1169//1169 495//495 1168//1168
f 1170//1170 495//495 1169//1169
f 1170//1170 496//496 495//495
f 1171//1171 496//496 1170//1170
f 1171//1171 497//497 496//496
f 1172//1172 497//497 1171//1171
f 1172//1172 498//498 497//497
f 1173//1173 498//498 1172//1172
f 1173//1173 499//499 498//498
f 1174//1174 499//499 1173//1173
f 1174//1174 500//500 499//499
f 1174//1174 501//501 500//500
f 1175//1175 501//501 1174//1174
f 1176//1176 501//501 1175//1175
f 1176//1176 502//502 501//501
f 1177//1177 502//502 1176//1176
f 1177//1177 503//503 502//502
f 1177//1177 504//504 503//503
f 1178//1178 504//504 1177//1177
f 1179//1179 505//505 504//504
f 1179//1179 504//504 1178//1178
f 1179//1179 506//506 505//505
f 1180//1180 506//506 1179//1179
f 1181//1181 507//507 506//506
f 1181//1181 506//506 1180//1180
f 1182//1182 508//508 507//507
f 1182//1182 507//507 1181//1181
f 1183//1183 509//509 508//508
f 1183//1183 508//508 1182//1182
f 1184//1184 510//510 509//509
f 1184//1184 509//509 1183//1183
f 1185//1185 511//511 510//510
f 1185//1185 510//510 1184//1184
f 1186//1186 512//512 511//511
f 1186//1186 511//511 1185//1185
f 1187//1187 513//513 512//512
f 1187//1187 512//512 1186//1186
f 1188//1188 514//514 513//513
f 1188//1188 513//513 1187//1187
f 1189//1189 515//515 514//514
f 1189//1189 514//514 1188//1188
f 1190//1190 515//515 1189//1189
f 1190//1190 516//516 515//515
f 1191//1191 516//516 1190//1190
f 1191//1191 517//517 516//516
f 1192//1192 517//517 1191//1191
f 1192//1192 518//518 517//517
f 1193//1193 518//518 1192//1192
f 1193//1193 519//519 518//518
f 1194//1194 519//519 1193//1193
f 1194//1194 520//520 519//519
f 1159//1159 520//520 1194//1194
f 1159//1159 485//485 520//520
f 1484//1484 809//809 1483//1483
f 1484//1484 810//810 809//809
f 1485//1485 811//811 810//810
f 1485//1485 810//810 1484//1484
f 1486//1486 812//812 811//811
f 1486//1486 813//813 812//812
f 1486//1486 811//811 1485//1485
f 1487//1487 813//813 1486//1486
f 1488//1488 814//814 813//813
f 1488//1488 813//813 1487//1487
f 1489//1489 814//814 1488//1488
f 1489//1489 815//815 814//814
f 1490//1490 815//815 1489//1489
f 1490//1490 816//816 815//815
f 1491//1491 816//816 1490//1490
f 1491//1491 817//817 816//816
f 1491//1491 818//818 817//817
f 1492//1492 818//818 1491//1491
f 1492//1492 819//819 818//818
f 1493//1493 819//819 1492//1492
f 1494//1494 819//819 1493//1493
f 1494//1494 820//820 819//819
f 1495//1495 820//820 1494//1494
f 1495//1495 821//821 820//820
f 1496//1496 821//821 1495//1495
f 1496//1496 822//822 821//821
f 1497//1497 822//822 1496//1496
f 1497//1497 823//823 822//822
f 1498//1498 823//823 1497//1497
f 1498//1498 824//824 823//823
f 1498//1498 825//825 824//824
f 1499//1499 825//825 1498//1498
f 1500//1500 825//825 1499//1499
f 1500//1500 826//826 825//825
f 1501//1501 826//826 1500//1500
f 1501//1501 827//827 826//826
f 1501//1501 828//828 827//827
f 1502//1502 828//828 1501//1501
f 1503//1503 829//829 828//828
f 1503//1503 828//828 1502//1502
f 1503//1503 830//830 829//829
f 1504//1504 830//830 1503//1503
f 1505//1505 831//831 830//830
f 1505//1505 830//830 1504//1504
f 1506//1506 832//832 831//831
f 1506//1506 831//831 1505//1505
f 1507//1507 833//833 832//832
f 1507//1507 832//832 1506//1506
f 1508//1508 834//834 833//833
f 1508//1508 833//833 1507//1507
f 1509//1509 835//835 834//834
f 1509//1509 834//834 1508//1508
f 1510//1510 836//836 835//835
f 1510//1510 835//835 1509//1509
f 1511//1511 837//837 836//836
f 1511//1511 836//836 1510//1510
f 1512//1512 838//838 837//837
f 1512//1512 837//837 1511//1511
f 1513//1513 839//839 838//838
f 1513//1513 838//838 1512//1512
f 1514//1514 839//839 1513//1513
f 1514//1514 840//840 839//839
f 1515//1515 840//840 1514//1514
f 1515//1515 841//841 840//840
f 1516//1516 841//841 1515//1515
f 1516//1516 842//842 841//841
f 1517//1517 842//842 1516//1516
f 1517//1517 843//843 842//842
f 1518//1518 843//843 1517//1517
f 1518//1518 844//844 843//843
f 1483//1483 844//844 1518//1518
f 1483//1483 809//809 844//844
f 1125//1125 296//296 1150//1150
f 416//416 1133//1133 1814//1814
f 1932//1932 1143//1143 1142//1142
f 1932//1932 1144//1144 1143//1143
f 1933//1933 1932//1932 1142//1142
f 1934//1934 1933//1933 1142//1142
f 1935//1935 1145//1145 1144//1144
f 1935//1935 1144//1144 1932//1932
f 1935//1935 1932//1932 1933//1933
f 1936//1936 1934//1934 1142//1142
f 1937//1937 1935//1935 1933//1933
f 1937//1937 1933//1933 1934//1934
f 1938//1938 1146//1146 1145//1145
f 1938//1938 1147//1147 1146//1146
f 1938//1938 1145//1145 1935//1935
f 1939//1939 1936//1936 1142//1142
f 1940//1940 1934//1934 1936//1936
f 1940//1940 1937//1937 1934//1934
f 1941//1941 1935//1935 1937//1937
f 1941//1941 1938//1938 1935//1935
f 1942//1942 1939//1939 1142//1142
f 1943//1943 1936//1936 1939//1939
f 1943//1943 1940//1940 1936//1936
f 1944//1944 1937//1937 1940//1940
f 1944//1944 1941//1941 1937//1937
f 1945//1945 1148//1148 1147//1147
f 1945//1945 1938//1938 1941//1941
f 1945//1945 1147//1147 1938//1938
f 1946//1946 1142//1142 1807//1807
f 1946//1946 1807//1807 1808//1808
f 1946//1946 1942//1942 1142//1142
f 1947//1947 1939//1939 1942//1942
f 1947//1947 1943//1943 1939//1939
f 1948//1948 1940//1940 1943//1943
f 1948//1948 1944//1944 1940//1940
f 1949//1949 1941//1941 1944//1944
f 1949//1949 1945//1945 1941//1941
f 1950//1950 1149//1149 1148//1148
f 1950//1950 1148//1148 1945//1945
f 1951//1951 1947//1947 1942//1942
f 1951//1951 1808//1808 1809//1809
f 1951//1951 1946//1946 1808//1808
f 1951//1951 1942//1942 1946//1946
f 1952//1952 1948//1948 1943//1943
f 1952//1952 1943//1943 1947//1947
f 1953//1953 1949//1949 1944//1944
f 1953//1953 1944//1944 1948//1948
f 1954//1954 1945//1945 1949//1949
f 1954//1954 1950//1950 1945//1945
f 1955//1955 1952//1952 1947//1947
f 1955//1955 1947//1947 1951//1951
f 1956//1956 1953//1953 1948//1948
f 1956//1956 1948//1948 1952//1952
f 1957//1957 1949//1949 1953//1953
f 1957//1957 1954//1954 1949//1949
f 1958//1958 1150//1150 1149//1149
f 1958//1958 1126//1126 1125//1125
f 1958//1958 1950//1950 1954//1954
f 1958//1958 1125//1125 1150//1150
f 1958//1958 1149//1149 1950//1950
f 1959//1959 1951//1951 1809//1809
f 1959//1959 1809//1809 1810//1810
f 1959//1959 1955//1955 1951//1951
f 1959//1959 1810//1810 1811//1811
f 1960//1960 1956//1956 1952//1952
f 1960//1960 1952//1952 1955//1955
f 1961//1961 1957//1957 1953//1953
f 1961//1961 1953//1953 1956//1956
f 1962//1962 1126//1126 1958//1958
f 1962//1962 1127//1127 1126//1126
f 1962//1962 1128//1128 1127//1127
f 1962//1962 1954//1954 1957//1957
f 1962//1962 1958//1958 1954//1954
f 1963//1963 1811//1811 1812//1812
f 1963//1963 1955//1955 1959//1959
f 1963//1963 1959//1959 1811//1811
f 1963//1963 1960//1960 1955//1955
f 1964//1964 1956//1956 1960//1960
f 1964//1964 1961//1961 1956//1956
f 1965//1965 1129//1129 1128//1128
f 1965//1965 1957//1957 1961//1961
f 1965//1965 1962//1962 1957//1957
f 1965//1965 1128//1128 1962//1962
f 1966//1966 1964//1964 1960//1960
f 1966//1966 1960//1960 1963//1963
f 1967//1967 1130//1130 1129//1129
f 1967//1967 1129//1129 1965//1965
f 1967//1967 1961//1961 1964//1964
f 1967//1967 1965//1965 1961//1961
f 1968//1968 1812//1812 1813//1813
f 1968//1968 1963//1963 1812//1812
f 1968//1968 1966//1966 1963//1963
f 1969//1969 1131//1131 1130//1130
f 1969//1969 1132//1132 1131//1131
f 1969//1969 1964//1964 1966//1966
f 1969//1969 1967//1967 1964//1964
f 1969//1969 1130//1130 1967//1967
f 1970//1970 1813//1813 1814//1814
f 1970//1970 1133//1133 1132//1132
f 1970//1970 1968//1968 1813//1813
f 1970//1970 1966//1966 1968//1968
f 1970//1970 1969//1969 1966//1966
f 1970//1970 1132//1132 1969//1969
f 1970//1970 1814//1814 1133//1133
