# robocad OBJ
mtllib radial_capacitor.mtl
o sleeve
usemtl PLA_19387a
v 0.00400 0.00160 -0.00000
v 0.00400 0.01140 -0.00000
v 0.00394 0.01140 -0.00068
v 0.00377 0.01140 -0.00133
v 0.00349 0.01140 -0.00195
v 0.00311 0.01140 -0.00251
v 0.00264 0.01140 -0.00300
v 0.00210 0.01140 -0.00341
v 0.00149 0.01140 -0.00371
v 0.00084 0.01140 -0.00391
v 0.00017 0.01140 -0.00400
v -0.00051 0.01140 -0.00397
v -0.00117 0.01140 -0.00382
v -0.00180 0.01140 -0.00357
v -0.00238 0.01140 -0.00322
v -0.00289 0.01140 -0.00277
v -0.00331 0.01140 -0.00224
v -0.00364 0.01140 -0.00165
v -0.00387 0.01140 -0.00101
v -0.00399 0.01140 -0.00034
v -0.00399 0.01140 0.00034
v -0.00387 0.01140 0.00101
v -0.00364 0.01140 0.00165
v -0.00331 0.01140 0.00224
v -0.00289 0.01140 0.00277
v -0.00238 0.01140 0.00322
v -0.00180 0.01140 0.00357
v -0.00117 0.01140 0.00382
v -0.00051 0.01140 0.00397
v 0.00017 0.01140 0.00400
v 0.00084 0.01140 0.00391
v 0.00149 0.01140 0.00371
v 0.00210 0.01140 0.00341
v 0.00264 0.01140 0.00300
v 0.00311 0.01140 0.00251
v 0.00349 0.01140 0.00195
v 0.00377 0.01140 0.00133
v 0.00394 0.01140 0.00068
v 0.00394 0.00160 -0.00068
v 0.00377 0.00160 -0.00133
v 0.00349 0.00160 -0.00195
v 0.00311 0.00160 -0.00251
v 0.00264 0.00160 -0.00300
v 0.00210 0.00160 -0.00341
v 0.00149 0.00160 -0.00371
v 0.00084 0.00160 -0.00391
v 0.00017 0.00160 -0.00400
v -0.00051 0.00160 -0.00397
v -0.00117 0.00160 -0.00382
v -0.00180 0.00160 -0.00357
v -0.00238 0.00160 -0.00322
v -0.00289 0.00160 -0.00277
v -0.00331 0.00160 -0.00224
v -0.00364 0.00160 -0.00165
v -0.00387 0.00160 -0.00101
v -0.00399 0.00160 -0.00034
v -0.00399 0.00160 0.00034
v -0.00387 0.00160 0.00101
v -0.00364 0.00160 0.00165
v -0.00331 0.00160 0.00224
v -0.00289 0.00160 0.00277
v -0.00238 0.00160 0.00322
v -0.00180 0.00160 0.00357
v -0.00117 0.00160 0.00382
v -0.00051 0.00160 0.00397
v 0.00017 0.00160 0.00400
v 0.00084 0.00160 0.00391
v 0.00149 0.00160 0.00371
v 0.00210 0.00160 0.00341
v 0.00264 0.00160 0.00300
v 0.00311 0.00160 0.00251
v 0.00349 0.00160 0.00195
v 0.00377 0.00160 0.00133
v 0.00394 0.00160 0.00068
v 0.00399 0.00150 -0.00000
v 0.00396 0.00139 -0.00000
v 0.00392 0.00130 -0.00000
v 0.00386 0.00121 -0.00000
v 0.00379 0.00114 -0.00000
v 0.00370 0.00108 -0.00000
v 0.00361 0.00104 -0.00000
v 0.00350 0.00101 -0.00000
v 0.00340 0.00100 -0.00000
v 0.00335 0.00100 -0.00059
v 0.00319 0.00100 -0.00116
v 0.00294 0.00100 -0.00170
v 0.00260 0.00100 -0.00219
v 0.00219 0.00100 -0.00260
v 0.00170 0.00100 -0.00294
v 0.00116 0.00100 -0.00319
v 0.00059 0.00100 -0.00335
v 0.00000 0.00100 -0.00340
v -0.00059 0.00100 -0.00335
v -0.00116 0.00100 -0.00319
v -0.00170 0.00100 -0.00294
v -0.00219 0.00100 -0.00260
v -0.00260 0.00100 -0.00219
v -0.00294 0.00100 -0.00170
v -0.00319 0.00100 -0.00116
v -0.00335 0.00100 -0.00059
v -0.00340 0.00100 -0.00000
v -0.00335 0.00100 0.00059
v -0.00319 0.00100 0.00116
v -0.00294 0.00100 0.00170
v -0.00260 0.00100 0.00219
v -0.00219 0.00100 0.00260
v -0.00170 0.00100 0.00294
v -0.00116 0.00100 0.00319
v -0.00059 0.00100 0.00335
v -0.00000 0.00100 0.00340
v 0.00059 0.00100 0.00335
v 0.00116 0.00100 0.00319
v 0.00170 0.00100 0.00294
v 0.00219 0.00100 0.00260
v 0.00260 0.00100 0.00219
v 0.00294 0.00100 0.00170
v 0.00319 0.00100 0.00116
v 0.00335 0.00100 0.00059
v 0.00232 0.00104 0.00276
v 0.00180 0.00104 0.00312
v 0.00185 0.00108 0.00320
v 0.00238 0.00108 0.00283
v 0.00306 0.00150 0.00257
v 0.00225 0.00101 0.00268
v 0.00175 0.00101 0.00303
v 0.00304 0.00139 0.00255
v 0.00255 0.00139 0.00304
v 0.00300 0.00130 0.00252
v 0.00252 0.00130 0.00300
v 0.00296 0.00121 0.00248
v 0.00243 0.00114 0.00290
v 0.00248 0.00121 0.00296
v 0.00290 0.00114 0.00243
v 0.00283 0.00108 0.00238
v 0.00276 0.00104 0.00232
v 0.00346 0.00150 0.00200
v 0.00268 0.00101 0.00225
v 0.00343 0.00139 0.00198
v 0.00339 0.00130 0.00196
v 0.00334 0.00121 0.00193
v 0.00328 0.00114 0.00189
v 0.00320 0.00108 0.00185
v 0.00312 0.00104 0.00180
v 0.00375 0.00150 0.00136
v 0.00303 0.00101 0.00175
v 0.00372 0.00139 0.00136
v 0.00368 0.00130 0.00134
v 0.00363 0.00121 0.00132
v 0.00356 0.00114 0.00129
v 0.00348 0.00108 0.00127
v 0.00339 0.00104 0.00123
v 0.00393 0.00150 0.00069
v 0.00329 0.00101 0.00120
v 0.00390 0.00139 0.00069
v 0.00386 0.00130 0.00068
v 0.00380 0.00121 0.00067
v 0.00373 0.00114 0.00066
v 0.00364 0.00108 0.00064
v 0.00355 0.00104 0.00063
v 0.00345 0.00101 0.00061
v 0.00393 0.00150 -0.00067
v 0.00391 0.00139 -0.00067
v 0.00386 0.00130 -0.00066
v 0.00380 0.00121 -0.00065
v 0.00373 0.00114 -0.00064
v 0.00365 0.00108 -0.00063
v 0.00355 0.00104 -0.00061
v 0.00376 0.00150 -0.00133
v 0.00345 0.00101 -0.00059
v 0.00374 0.00139 -0.00132
v 0.00370 0.00130 -0.00131
v 0.00364 0.00121 -0.00129
v 0.00357 0.00114 -0.00126
v 0.00349 0.00108 -0.00123
v 0.00340 0.00104 -0.00120
v 0.00348 0.00150 -0.00195
v 0.00330 0.00101 -0.00117
v 0.00346 0.00139 -0.00193
v 0.00342 0.00130 -0.00191
v 0.00337 0.00121 -0.00188
v 0.00330 0.00114 -0.00185
v 0.00323 0.00108 -0.00180
v 0.00315 0.00104 -0.00176
v 0.00311 0.00150 -0.00251
v 0.00306 0.00101 -0.00171
v 0.00308 0.00139 -0.00249
v 0.00305 0.00130 -0.00246
v 0.00300 0.00121 -0.00242
v 0.00295 0.00114 -0.00238
v 0.00288 0.00108 -0.00232
v 0.00280 0.00104 -0.00226
v 0.00264 0.00150 -0.00300
v 0.00273 0.00101 -0.00220
v 0.00262 0.00139 -0.00298
v 0.00259 0.00130 -0.00294
v 0.00255 0.00121 -0.00290
v 0.00250 0.00114 -0.00284
v 0.00244 0.00108 -0.00278
v 0.00238 0.00104 -0.00271
v 0.00209 0.00150 -0.00340
v 0.00232 0.00101 -0.00263
v 0.00208 0.00139 -0.00338
v 0.00206 0.00130 -0.00334
v 0.00202 0.00121 -0.00329
v 0.00198 0.00114 -0.00322
v 0.00194 0.00108 -0.00315
v 0.00189 0.00104 -0.00307
v 0.00149 0.00150 -0.00370
v 0.00184 0.00101 -0.00298
v 0.00148 0.00139 -0.00368
v 0.00146 0.00130 -0.00364
v 0.00144 0.00121 -0.00358
v 0.00141 0.00114 -0.00351
v 0.00138 0.00108 -0.00343
v 0.00134 0.00104 -0.00335
v 0.00084 0.00150 -0.00390
v 0.00131 0.00101 -0.00325
v 0.00084 0.00139 -0.00387
v 0.00083 0.00130 -0.00383
v 0.00081 0.00121 -0.00377
v 0.00080 0.00114 -0.00370
v 0.00078 0.00108 -0.00362
v 0.00076 0.00104 -0.00352
v 0.00017 0.00150 -0.00399
v 0.00074 0.00101 -0.00343
v 0.00017 0.00139 -0.00396
v 0.00017 0.00130 -0.00392
v 0.00016 0.00121 -0.00386
v 0.00016 0.00114 -0.00378
v 0.00016 0.00108 -0.00370
v 0.00015 0.00104 -0.00360
v -0.00051 0.00150 -0.00396
v 0.00015 0.00101 -0.00350
v -0.00050 0.00139 -0.00393
v -0.00069 0.00150 -0.00393
v -0.00050 0.00130 -0.00389
v -0.00069 0.00139 -0.00390
v -0.00049 0.00121 -0.00383
v -0.00068 0.00130 -0.00386
v -0.00048 0.00114 -0.00376
v -0.00067 0.00121 -0.00380
v -0.00047 0.00108 -0.00367
v -0.00066 0.00114 -0.00373
v -0.00046 0.00104 -0.00358
v -0.00117 0.00150 -0.00382
v -0.00064 0.00108 -0.00364
v -0.00045 0.00101 -0.00348
v -0.00116 0.00139 -0.00379
v -0.00063 0.00104 -0.00355
v -0.00136 0.00150 -0.00375
v -0.00115 0.00130 -0.00375
v -0.00061 0.00101 -0.00345
v -0.00136 0.00139 -0.00372
v -0.00113 0.00121 -0.00369
v -0.00134 0.00130 -0.00368
v -0.00111 0.00114 -0.00362
v -0.00132 0.00121 -0.00363
v -0.00108 0.00108 -0.00354
v -0.00129 0.00114 -0.00356
v -0.00106 0.00104 -0.00345
v -0.00180 0.00150 -0.00356
v -0.00127 0.00108 -0.00348
v -0.00103 0.00101 -0.00335
v -0.00178 0.00139 -0.00354
v -0.00123 0.00104 -0.00339
v -0.00176 0.00130 -0.00350
v -0.00200 0.00150 -0.00346
v -0.00120 0.00101 -0.00329
v -0.00174 0.00121 -0.00345
v -0.00198 0.00139 -0.00343
v -0.00170 0.00114 -0.00338
v -0.00196 0.00130 -0.00339
v -0.00167 0.00108 -0.00330
v -0.00193 0.00121 -0.00334
v -0.00162 0.00104 -0.00322
v -0.00189 0.00114 -0.00328
v -0.00237 0.00150 -0.00321
v -0.00158 0.00101 -0.00313
v -0.00185 0.00108 -0.00320
v -0.00236 0.00139 -0.00319
v -0.00180 0.00104 -0.00312
v -0.00233 0.00130 -0.00315
v -0.00257 0.00150 -0.00306
v -0.00175 0.00101 -0.00303
v -0.00230 0.00121 -0.00310
v -0.00255 0.00139 -0.00304
v -0.00225 0.00114 -0.00304
v -0.00252 0.00130 -0.00300
v -0.00220 0.00108 -0.00297
v -0.00248 0.00121 -0.00296
v -0.00214 0.00104 -0.00290
v -0.00288 0.00150 -0.00276
v -0.00243 0.00114 -0.00290
v -0.00208 0.00101 -0.00282
v -0.00286 0.00139 -0.00274
v -0.00238 0.00108 -0.00283
v -0.00283 0.00130 -0.00271
v -0.00232 0.00104 -0.00276
v -0.00306 0.00150 -0.00257
v -0.00279 0.00121 -0.00267
v -0.00225 0.00101 -0.00268
v -0.00304 0.00139 -0.00255
v -0.00273 0.00114 -0.00262
v -0.00300 0.00130 -0.00252
v -0.00267 0.00108 -0.00256
v -0.00296 0.00121 -0.00248
v -0.00260 0.00104 -0.00249
v -0.00331 0.00150 -0.00223
v -0.00290 0.00114 -0.00243
v -0.00253 0.00101 -0.00242
v -0.00328 0.00139 -0.00222
v -0.00283 0.00108 -0.00238
v -0.00325 0.00130 -0.00219
v -0.00276 0.00104 -0.00232
v -0.00346 0.00150 -0.00200
v -0.00320 0.00121 -0.00216
v -0.00268 0.00101 -0.00225
v -0.00343 0.00139 -0.00198
v -0.00314 0.00114 -0.00212
v -0.00339 0.00130 -0.00196
v -0.00307 0.00108 -0.00207
v -0.00334 0.00121 -0.00193
v -0.00299 0.00104 -0.00202
v -0.00364 0.00150 -0.00164
v -0.00328 0.00114 -0.00189
v -0.00290 0.00101 -0.00196
v -0.00361 0.00139 -0.00163
v -0.00320 0.00108 -0.00185
v -0.00357 0.00130 -0.00161
v -0.00312 0.00104 -0.00180
v -0.00375 0.00150 -0.00136
v -0.00352 0.00121 -0.00159
v -0.00303 0.00101 -0.00175
v -0.00372 0.00139 -0.00136
v -0.00345 0.00114 -0.00156
v -0.00368 0.00130 -0.00134
v -0.00337 0.00108 -0.00152
v -0.00363 0.00121 -0.00132
v -0.00329 0.00104 -0.00148
v -0.00386 0.00150 -0.00101
v -0.00356 0.00114 -0.00129
v -0.00319 0.00101 -0.00144
v -0.00384 0.00139 -0.00100
v -0.00348 0.00108 -0.00127
v -0.00379 0.00130 -0.00099
v -0.00339 0.00104 -0.00123
v -0.00393 0.00150 -0.00069
v -0.00374 0.00121 -0.00097
v -0.00329 0.00101 -0.00120
v -0.00390 0.00139 -0.00069
v -0.00366 0.00114 -0.00095
v -0.00386 0.00130 -0.00068
v -0.00358 0.00108 -0.00093
v -0.00380 0.00121 -0.00067
v -0.00349 0.00104 -0.00091
v -0.00398 0.00150 -0.00034
v -0.00373 0.00114 -0.00066
v -0.00339 0.00101 -0.00088
v -0.00395 0.00139 -0.00034
v -0.00364 0.00108 -0.00064
v -0.00391 0.00130 -0.00033
v -0.00355 0.00104 -0.00063
v -0.00385 0.00121 -0.00033
v -0.00399 0.00150 -0.00000
v -0.00345 0.00101 -0.00061
v -0.00377 0.00114 -0.00032
v -0.00396 0.00139 -0.00000
v -0.00369 0.00108 -0.00031
v -0.00392 0.00130 -0.00000
v -0.00359 0.00104 -0.00031
v -0.00386 0.00121 -0.00000
v -0.00398 0.00150 0.00034
v -0.00349 0.00101 -0.00030
v -0.00379 0.00114 -0.00000
v -0.00395 0.00139 0.00034
v -0.00370 0.00108 -0.00000
v -0.00391 0.00130 0.00033
v -0.00361 0.00104 -0.00000
v -0.00385 0.00121 0.00033
v -0.00393 0.00150 0.00069
v -0.00350 0.00101 -0.00000
v -0.00377 0.00114 0.00032
v -0.00390 0.00139 0.00069
v -0.00369 0.00108 0.00031
v -0.00386 0.00130 0.00068
v -0.00359 0.00104 0.00031
v -0.00386 0.00150 0.00101
v -0.00380 0.00121 0.00067
v -0.00349 0.00101 0.00030
v -0.00384 0.00139 0.00100
v -0.00373 0.00114 0.00066
v -0.00379 0.00130 0.00099
v -0.00364 0.00108 0.00064
v -0.00374 0.00121 0.00097
v -0.00355 0.00104 0.00063
v -0.00375 0.00150 0.00136
v -0.00366 0.00114 0.00095
v -0.00345 0.00101 0.00061
v -0.00372 0.00139 0.00136
v -0.00358 0.00108 0.00093
v -0.00368 0.00130 0.00134
v -0.00349 0.00104 0.00091
v -0.00364 0.00150 0.00164
v -0.00363 0.00121 0.00132
v -0.00339 0.00101 0.00088
v -0.00361 0.00139 0.00163
v -0.00356 0.00114 0.00129
v -0.00357 0.00130 0.00161
v -0.00348 0.00108 0.00127
v -0.00352 0.00121 0.00159
v -0.00339 0.00104 0.00123
v -0.00346 0.00150 0.00200
v -0.00345 0.00114 0.00156
v -0.00329 0.00101 0.00120
v -0.00343 0.00139 0.00198
v -0.00337 0.00108 0.00152
v -0.00339 0.00130 0.00196
v -0.00329 0.00104 0.00148
v -0.00331 0.00150 0.00223
v -0.00334 0.00121 0.00193
v -0.00319 0.00101 0.00144
v -0.00328 0.00139 0.00222
v -0.00328 0.00114 0.00189
v -0.00325 0.00130 0.00219
v -0.00320 0.00108 0.00185
v -0.00320 0.00121 0.00216
v -0.00312 0.00104 0.00180
v -0.00306 0.00150 0.00257
v -0.00314 0.00114 0.00212
v -0.00303 0.00101 0.00175
v -0.00304 0.00139 0.00255
v -0.00307 0.00108 0.00207
v -0.00300 0.00130 0.00252
v -0.00299 0.00104 0.00202
v -0.00288 0.00150 0.00276
v -0.00296 0.00121 0.00248
v -0.00290 0.00101 0.00196
v -0.00286 0.00139 0.00274
v -0.00290 0.00114 0.00243
v -0.00283 0.00130 0.00271
v -0.00283 0.00108 0.00238
v -0.00279 0.00121 0.00267
v -0.00276 0.00104 0.00232
v -0.00257 0.00150 0.00306
v -0.00273 0.00114 0.00262
v -0.00268 0.00101 0.00225
v -0.00255 0.00139 0.00304
v -0.00267 0.00108 0.00256
v -0.00252 0.00130 0.00300
v -0.00260 0.00104 0.00249
v -0.00237 0.00150 0.00321
v -0.00248 0.00121 0.00296
v -0.00253 0.00101 0.00242
v -0.00236 0.00139 0.00319
v -0.00243 0.00114 0.00290
v -0.00233 0.00130 0.00315
v -0.00238 0.00108 0.00283
v -0.00230 0.00121 0.00310
v -0.00232 0.00104 0.00276
v -0.00225 0.00114 0.00304
v -0.00200 0.00150 0.00346
v -0.00225 0.00101 0.00268
v -0.00220 0.00108 0.00297
v -0.00198 0.00139 0.00343
v -0.00214 0.00104 0.00290
v -0.00196 0.00130 0.00339
v -0.00180 0.00150 0.00356
v -0.00208 0.00101 0.00282
v -0.00193 0.00121 0.00334
v -0.00178 0.00139 0.00354
v -0.00189 0.00114 0.00328
v -0.00176 0.00130 0.00350
v -0.00185 0.00108 0.00320
v -0.00174 0.00121 0.00345
v -0.00180 0.00104 0.00312
v -0.00170 0.00114 0.00338
v -0.00136 0.00150 0.00375
v -0.00175 0.00101 0.00303
v -0.00167 0.00108 0.00330
v -0.00136 0.00139 0.00372
v -0.00162 0.00104 0.00322
v -0.00117 0.00150 0.00382
v -0.00134 0.00130 0.00368
v -0.00158 0.00101 0.00313
v -0.00116 0.00139 0.00379
v -0.00132 0.00121 0.00363
v -0.00115 0.00130 0.00375
v -0.00129 0.00114 0.00356
v -0.00113 0.00121 0.00369
v -0.00127 0.00108 0.00348
v -0.00111 0.00114 0.00362
v -0.00123 0.00104 0.00339
v -0.00069 0.00150 0.00393
v -0.00108 0.00108 0.00354
v -0.00120 0.00101 0.00329
v -0.00069 0.00139 0.00390
v -0.00106 0.00104 0.00345
v -0.00051 0.00150 0.00396
v -0.00068 0.00130 0.00386
v -0.00103 0.00101 0.00335
v -0.00050 0.00139 0.00393
v -0.00067 0.00121 0.00380
v -0.00050 0.00130 0.00389
v -0.00066 0.00114 0.00373
v -0.00049 0.00121 0.00383
v -0.00064 0.00108 0.00364
v -0.00048 0.00114 0.00376
v -0.00063 0.00104 0.00355
v -0.00000 0.00150 0.00399
v -0.00047 0.00108 0.00367
v -0.00061 0.00101 0.00345
v -0.00000 0.00139 0.00396
v -0.00046 0.00104 0.00358
v -0.00000 0.00130 0.00392
v -0.00045 0.00101 0.00348
v -0.00000 0.00121 0.00386
v -0.00000 0.00114 0.00379
v -0.00000 0.00108 0.00370
v -0.00000 0.00104 0.00361
v 0.00069 0.00150 0.00393
v -0.00000 0.00101 0.00350
v 0.00069 0.00139 0.00390
v 0.00068 0.00130 0.00386
v 0.00067 0.00121 0.00380
v 0.00066 0.00114 0.00373
v 0.00064 0.00108 0.00364
v 0.00063 0.00104 0.00355
v 0.00136 0.00150 0.00375
v 0.00061 0.00101 0.00345
v 0.00136 0.00139 0.00372
v 0.00134 0.00130 0.00368
v 0.00132 0.00121 0.00363
v 0.00129 0.00114 0.00356
v 0.00127 0.00108 0.00348
v 0.00123 0.00104 0.00339
v 0.00200 0.00150 0.00346
v 0.00120 0.00101 0.00329
v 0.00198 0.00139 0.00343
v 0.00196 0.00130 0.00339
v 0.00193 0.00121 0.00334
v 0.00189 0.00114 0.00328
v 0.00257 0.00150 0.00306
v 0.00399 0.01150 -0.00000
v 0.00396 0.01161 -0.00000
v 0.00392 0.01170 -0.00000
v 0.00386 0.01179 -0.00000
v 0.00379 0.01186 -0.00000
v 0.00370 0.01192 -0.00000
v 0.00361 0.01196 -0.00000
v 0.00350 0.01199 -0.00000
v 0.00340 0.01200 -0.00000
v 0.00335 0.01200 -0.00059
v 0.00319 0.01200 -0.00116
v 0.00294 0.01200 -0.00170
v 0.00260 0.01200 -0.00219
v 0.00219 0.01200 -0.00260
v 0.00170 0.01200 -0.00294
v 0.00116 0.01200 -0.00319
v 0.00059 0.01200 -0.00335
v 0.00000 0.01200 -0.00340
v -0.00059 0.01200 -0.00335
v -0.00116 0.01200 -0.00319
v -0.00170 0.01200 -0.00294
v -0.00219 0.01200 -0.00260
v -0.00260 0.01200 -0.00219
v -0.00294 0.01200 -0.00170
v -0.00319 0.01200 -0.00116
v -0.00335 0.01200 -0.00059
v -0.00340 0.01200 -0.00000
v -0.00335 0.01200 0.00059
v -0.00319 0.01200 0.00116
v -0.00294 0.01200 0.00170
v -0.00260 0.01200 0.00219
v -0.00219 0.01200 0.00260
v -0.00170 0.01200 0.00294
v -0.00116 0.01200 0.00319
v -0.00059 0.01200 0.00335
v -0.00000 0.01200 0.00340
v 0.00059 0.01200 0.00335
v 0.00116 0.01200 0.00319
v 0.00170 0.01200 0.00294
v 0.00219 0.01200 0.00260
v 0.00260 0.01200 0.00219
v 0.00294 0.01200 0.00170
v 0.00319 0.01200 0.00116
v 0.00335 0.01200 0.00059
v 0.00243 0.01186 0.00290
v 0.00189 0.01186 0.00328
v 0.00193 0.01179 0.00334
v 0.00248 0.01179 0.00296
v 0.00238 0.01192 0.00283
v 0.00185 0.01192 0.00320
v 0.00232 0.01196 0.00276
v 0.00180 0.01196 0.00312
v 0.00306 0.01150 0.00257
v 0.00225 0.01199 0.00268
v 0.00175 0.01199 0.00303
v 0.00304 0.01161 0.00255
v 0.00255 0.01161 0.00304
v 0.00252 0.01170 0.00300
v 0.00300 0.01170 0.00252
v 0.00296 0.01179 0.00248
v 0.00290 0.01186 0.00243
v 0.00283 0.01192 0.00238
v 0.00276 0.01196 0.00232
v 0.00346 0.01150 0.00200
v 0.00268 0.01199 0.00225
v 0.00343 0.01161 0.00198
v 0.00339 0.01170 0.00196
v 0.00334 0.01179 0.00193
v 0.00328 0.01186 0.00189
v 0.00320 0.01192 0.00185
v 0.00312 0.01196 0.00180
v 0.00375 0.01150 0.00136
v 0.00303 0.01199 0.00175
v 0.00372 0.01161 0.00136
v 0.00368 0.01170 0.00134
v 0.00363 0.01179 0.00132
v 0.00356 0.01186 0.00129
v 0.00348 0.01192 0.00127
v 0.00339 0.01196 0.00123
v 0.00393 0.01150 0.00069
v 0.00329 0.01199 0.00120
v 0.00390 0.01161 0.00069
v 0.00386 0.01170 0.00068
v 0.00380 0.01179 0.00067
v 0.00373 0.01186 0.00066
v 0.00364 0.01192 0.00064
v 0.00355 0.01196 0.00063
v 0.00345 0.01199 0.00061
v 0.00393 0.01150 -0.00067
v 0.00391 0.01161 -0.00067
v 0.00386 0.01170 -0.00066
v 0.00380 0.01179 -0.00065
v 0.00373 0.01186 -0.00064
v 0.00365 0.01192 -0.00063
v 0.00355 0.01196 -0.00061
v 0.00376 0.01150 -0.00133
v 0.00345 0.01199 -0.00059
v 0.00374 0.01161 -0.00132
v 0.00370 0.01170 -0.00131
v 0.00364 0.01179 -0.00129
v 0.00357 0.01186 -0.00126
v 0.00349 0.01192 -0.00123
v 0.00340 0.01196 -0.00120
v 0.00348 0.01150 -0.00195
v 0.00330 0.01199 -0.00117
v 0.00346 0.01161 -0.00193
v 0.00342 0.01170 -0.00191
v 0.00337 0.01179 -0.00188
v 0.00330 0.01186 -0.00185
v 0.00323 0.01192 -0.00180
v 0.00315 0.01196 -0.00176
v 0.00311 0.01150 -0.00251
v 0.00306 0.01199 -0.00171
v 0.00308 0.01161 -0.00249
v 0.00305 0.01170 -0.00246
v 0.00300 0.01179 -0.00242
v 0.00295 0.01186 -0.00238
v 0.00288 0.01192 -0.00232
v 0.00280 0.01196 -0.00226
v 0.00264 0.01150 -0.00300
v 0.00273 0.01199 -0.00220
v 0.00262 0.01161 -0.00298
v 0.00259 0.01170 -0.00294
v 0.00255 0.01179 -0.00290
v 0.00250 0.01186 -0.00284
v 0.00244 0.01192 -0.00278
v 0.00238 0.01196 -0.00271
v 0.00209 0.01150 -0.00340
v 0.00232 0.01199 -0.00263
v 0.00208 0.01161 -0.00338
v 0.00206 0.01170 -0.00334
v 0.00202 0.01179 -0.00329
v 0.00198 0.01186 -0.00322
v 0.00194 0.01192 -0.00315
v 0.00189 0.01196 -0.00307
v 0.00149 0.01150 -0.00370
v 0.00184 0.01199 -0.00298
v 0.00148 0.01161 -0.00368
v 0.00146 0.01170 -0.00364
v 0.00144 0.01179 -0.00358
v 0.00141 0.01186 -0.00351
v 0.00138 0.01192 -0.00343
v 0.00134 0.01196 -0.00335
v 0.00084 0.01150 -0.00390
v 0.00131 0.01199 -0.00325
v 0.00084 0.01161 -0.00387
v 0.00083 0.01170 -0.00383
v 0.00081 0.01179 -0.00377
v 0.00080 0.01186 -0.00370
v 0.00078 0.01192 -0.00362
v 0.00076 0.01196 -0.00352
v 0.00017 0.01150 -0.00399
v 0.00074 0.01199 -0.00343
v 0.00017 0.01161 -0.00396
v 0.00017 0.01170 -0.00392
v 0.00016 0.01179 -0.00386
v 0.00016 0.01186 -0.00378
v 0.00016 0.01192 -0.00370
v 0.00015 0.01196 -0.00360
v -0.00051 0.01150 -0.00396
v 0.00015 0.01199 -0.00350
v -0.00050 0.01161 -0.00393
v -0.00069 0.01150 -0.00393
v -0.00050 0.01170 -0.00389
v -0.00069 0.01161 -0.00390
v -0.00049 0.01179 -0.00383
v -0.00068 0.01170 -0.00386
v -0.00048 0.01186 -0.00376
v -0.00067 0.01179 -0.00380
v -0.00047 0.01192 -0.00367
v -0.00066 0.01186 -0.00373
v -0.00046 0.01196 -0.00358
v -0.00117 0.01150 -0.00382
v -0.00064 0.01192 -0.00364
v -0.00045 0.01199 -0.00348
v -0.00116 0.01161 -0.00379
v -0.00063 0.01196 -0.00355
v -0.00136 0.01150 -0.00375
v -0.00115 0.01170 -0.00375
v -0.00061 0.01199 -0.00345
v -0.00136 0.01161 -0.00372
v -0.00113 0.01179 -0.00369
v -0.00134 0.01170 -0.00368
v -0.00111 0.01186 -0.00362
v -0.00132 0.01179 -0.00363
v -0.00108 0.01192 -0.00354
v -0.00129 0.01186 -0.00356
v -0.00106 0.01196 -0.00345
v -0.00180 0.01150 -0.00356
v -0.00127 0.01192 -0.00348
v -0.00103 0.01199 -0.00335
v -0.00178 0.01161 -0.00354
v -0.00123 0.01196 -0.00339
v -0.00176 0.01170 -0.00350
v -0.00200 0.01150 -0.00346
v -0.00120 0.01199 -0.00329
v -0.00174 0.01179 -0.00345
v -0.00198 0.01161 -0.00343
v -0.00170 0.01186 -0.00338
v -0.00196 0.01170 -0.00339
v -0.00167 0.01192 -0.00330
v -0.00193 0.01179 -0.00334
v -0.00162 0.01196 -0.00322
v -0.00189 0.01186 -0.00328
v -0.00237 0.01150 -0.00321
v -0.00158 0.01199 -0.00313
v -0.00185 0.01192 -0.00320
v -0.00236 0.01161 -0.00319
v -0.00180 0.01196 -0.00312
v -0.00233 0.01170 -0.00315
v -0.00257 0.01150 -0.00306
v -0.00175 0.01199 -0.00303
v -0.00230 0.01179 -0.00310
v -0.00255 0.01161 -0.00304
v -0.00225 0.01186 -0.00304
v -0.00252 0.01170 -0.00300
v -0.00220 0.01192 -0.00297
v -0.00248 0.01179 -0.00296
v -0.00214 0.01196 -0.00290
v -0.00288 0.01150 -0.00276
v -0.00243 0.01186 -0.00290
v -0.00208 0.01199 -0.00282
v -0.00286 0.01161 -0.00274
v -0.00238 0.01192 -0.00283
v -0.00283 0.01170 -0.00271
v -0.00232 0.01196 -0.00276
v -0.00306 0.01150 -0.00257
v -0.00279 0.01179 -0.00267
v -0.00225 0.01199 -0.00268
v -0.00304 0.01161 -0.00255
v -0.00273 0.01186 -0.00262
v -0.00300 0.01170 -0.00252
v -0.00267 0.01192 -0.00256
v -0.00296 0.01179 -0.00248
v -0.00260 0.01196 -0.00249
v -0.00331 0.01150 -0.00223
v -0.00290 0.01186 -0.00243
v -0.00253 0.01199 -0.00242
v -0.00328 0.01161 -0.00222
v -0.00283 0.01192 -0.00238
v -0.00325 0.01170 -0.00219
v -0.00276 0.01196 -0.00232
v -0.00346 0.01150 -0.00200
v -0.00320 0.01179 -0.00216
v -0.00268 0.01199 -0.00225
v -0.00343 0.01161 -0.00198
v -0.00314 0.01186 -0.00212
v -0.00339 0.01170 -0.00196
v -0.00307 0.01192 -0.00207
v -0.00334 0.01179 -0.00193
v -0.00299 0.01196 -0.00202
v -0.00364 0.01150 -0.00164
v -0.00328 0.01186 -0.00189
v -0.00290 0.01199 -0.00196
v -0.00361 0.01161 -0.00163
v -0.00320 0.01192 -0.00185
v -0.00357 0.01170 -0.00161
v -0.00312 0.01196 -0.00180
v -0.00375 0.01150 -0.00136
v -0.00352 0.01179 -0.00159
v -0.00303 0.01199 -0.00175
v -0.00372 0.01161 -0.00136
v -0.00345 0.01186 -0.00156
v -0.00368 0.01170 -0.00134
v -0.00337 0.01192 -0.00152
v -0.00363 0.01179 -0.00132
v -0.00329 0.01196 -0.00148
v -0.00386 0.01150 -0.00101
v -0.00356 0.01186 -0.00129
v -0.00319 0.01199 -0.00144
v -0.00384 0.01161 -0.00100
v -0.00348 0.01192 -0.00127
v -0.00379 0.01170 -0.00099
v -0.00339 0.01196 -0.00123
v -0.00393 0.01150 -0.00069
v -0.00374 0.01179 -0.00097
v -0.00329 0.01199 -0.00120
v -0.00390 0.01161 -0.00069
v -0.00366 0.01186 -0.00095
v -0.00386 0.01170 -0.00068
v -0.00358 0.01192 -0.00093
v -0.00380 0.01179 -0.00067
v -0.00349 0.01196 -0.00091
v -0.00398 0.01150 -0.00034
v -0.00373 0.01186 -0.00066
v -0.00339 0.01199 -0.00088
v -0.00395 0.01161 -0.00034
v -0.00364 0.01192 -0.00064
v -0.00391 0.01170 -0.00033
v -0.00355 0.01196 -0.00063
v -0.00385 0.01179 -0.00033
v -0.00399 0.01150 -0.00000
v -0.00345 0.01199 -0.00061
v -0.00377 0.01186 -0.00032
v -0.00396 0.01161 -0.00000
v -0.00369 0.01192 -0.00031
v -0.00392 0.01170 -0.00000
v -0.00359 0.01196 -0.00031
v -0.00386 0.01179 -0.00000
v -0.00398 0.01150 0.00034
v -0.00349 0.01199 -0.00030
v -0.00379 0.01186 -0.00000
v -0.00395 0.01161 0.00034
v -0.00370 0.01192 -0.00000
v -0.00391 0.01170 0.00033
v -0.00361 0.01196 -0.00000
v -0.00385 0.01179 0.00033
v -0.00393 0.01150 0.00069
v -0.00350 0.01199 -0.00000
v -0.00377 0.01186 0.00032
v -0.00390 0.01161 0.00069
v -0.00369 0.01192 0.00031
v -0.00386 0.01170 0.00068
v -0.00359 0.01196 0.00031
v -0.00386 0.01150 0.00101
v -0.00380 0.01179 0.00067
v -0.00349 0.01199 0.00030
v -0.00384 0.01161 0.00100
v -0.00373 0.01186 0.00066
v -0.00379 0.01170 0.00099
v -0.00364 0.01192 0.00064
v -0.00374 0.01179 0.00097
v -0.00355 0.01196 0.00063
v -0.00375 0.01150 0.00136
v -0.00366 0.01186 0.00095
v -0.00345 0.01199 0.00061
v -0.00372 0.01161 0.00136
v -0.00358 0.01192 0.00093
v -0.00368 0.01170 0.00134
v -0.00349 0.01196 0.00091
v -0.00364 0.01150 0.00164
v -0.00363 0.01179 0.00132
v -0.00339 0.01199 0.00088
v -0.00361 0.01161 0.00163
v -0.00356 0.01186 0.00129
v -0.00357 0.01170 0.00161
v -0.00348 0.01192 0.00127
v -0.00352 0.01179 0.00159
v -0.00339 0.01196 0.00123
v -0.00346 0.01150 0.00200
v -0.00345 0.01186 0.00156
v -0.00329 0.01199 0.00120
v -0.00343 0.01161 0.00198
v -0.00337 0.01192 0.00152
v -0.00339 0.01170 0.00196
v -0.00329 0.01196 0.00148
v -0.00331 0.01150 0.00223
v -0.00334 0.01179 0.00193
v -0.00319 0.01199 0.00144
v -0.00328 0.01161 0.00222
v -0.00328 0.01186 0.00189
v -0.00325 0.01170 0.00219
v -0.00320 0.01192 0.00185
v -0.00320 0.01179 0.00216
v -0.00312 0.01196 0.00180
v -0.00306 0.01150 0.00257
v -0.00314 0.01186 0.00212
v -0.00303 0.01199 0.00175
v -0.00304 0.01161 0.00255
v -0.00307 0.01192 0.00207
v -0.00300 0.01170 0.00252
v -0.00299 0.01196 0.00202
v -0.00288 0.01150 0.00276
v -0.00296 0.01179 0.00248
v -0.00290 0.01199 0.00196
v -0.00286 0.01161 0.00274
v -0.00290 0.01186 0.00243
v -0.00283 0.01170 0.00271
v -0.00283 0.01192 0.00238
v -0.00279 0.01179 0.00267
v -0.00276 0.01196 0.00232
v -0.00257 0.01150 0.00306
v -0.00273 0.01186 0.00262
v -0.00268 0.01199 0.00225
v -0.00255 0.01161 0.00304
v -0.00267 0.01192 0.00256
v -0.00252 0.01170 0.00300
v -0.00260 0.01196 0.00249
v -0.00237 0.01150 0.00321
v -0.00248 0.01179 0.00296
v -0.00253 0.01199 0.00242
v -0.00236 0.01161 0.00319
v -0.00243 0.01186 0.00290
v -0.00233 0.01170 0.00315
v -0.00238 0.01192 0.00283
v -0.00230 0.01179 0.00310
v -0.00232 0.01196 0.00276
v -0.00225 0.01186 0.00304
v -0.00200 0.01150 0.00346
v -0.00225 0.01199 0.00268
v -0.00220 0.01192 0.00297
v -0.00198 0.01161 0.00343
v -0.00214 0.01196 0.00290
v -0.00196 0.01170 0.00339
v -0.00180 0.01150 0.00356
v -0.00208 0.01199 0.00282
v -0.00193 0.01179 0.00334
v -0.00178 0.01161 0.00354
v -0.00189 0.01186 0.00328
v -0.00176 0.01170 0.00350
v -0.00185 0.01192 0.00320
v -0.00174 0.01179 0.00345
v -0.00180 0.01196 0.00312
v -0.00170 0.01186 0.00338
v -0.00136 0.01150 0.00375
v -0.00175 0.01199 0.00303
v -0.00167 0.01192 0.00330
v -0.00136 0.01161 0.00372
v -0.00162 0.01196 0.00322
v -0.00117 0.01150 0.00382
v -0.00134 0.01170 0.00368
v -0.00158 0.01199 0.00313
v -0.00116 0.01161 0.00379
v -0.00132 0.01179 0.00363
v -0.00115 0.01170 0.00375
v -0.00129 0.01186 0.00356
v -0.00113 0.01179 0.00369
v -0.00127 0.01192 0.00348
v -0.00111 0.01186 0.00362
v -0.00123 0.01196 0.00339
v -0.00069 0.01150 0.00393
v -0.00108 0.01192 0.00354
v -0.00120 0.01199 0.00329
v -0.00069 0.01161 0.00390
v -0.00106 0.01196 0.00345
v -0.00051 0.01150 0.00396
v -0.00068 0.01170 0.00386
v -0.00103 0.01199 0.00335
v -0.00050 0.01161 0.00393
v -0.00067 0.01179 0.00380
v -0.00050 0.01170 0.00389
v -0.00066 0.01186 0.00373
v -0.00049 0.01179 0.00383
v -0.00064 0.01192 0.00364
v -0.00048 0.01186 0.00376
v -0.00063 0.01196 0.00355
v -0.00000 0.01150 0.00399
v -0.00047 0.01192 0.00367
v -0.00061 0.01199 0.00345
v -0.00000 0.01161 0.00396
v -0.00046 0.01196 0.00358
v -0.00000 0.01170 0.00392
v -0.00045 0.01199 0.00348
v -0.00000 0.01179 0.00386
v -0.00000 0.01186 0.00379
v -0.00000 0.01192 0.00370
v -0.00000 0.01196 0.00361
v 0.00069 0.01150 0.00393
v -0.00000 0.01199 0.00350
v 0.00069 0.01161 0.00390
v 0.00068 0.01170 0.00386
v 0.00067 0.01179 0.00380
v 0.00066 0.01186 0.00373
v 0.00064 0.01192 0.00364
v 0.00063 0.01196 0.00355
v 0.00136 0.01150 0.00375
v 0.00061 0.01199 0.00345
v 0.00136 0.01161 0.00372
v 0.00134 0.01170 0.00368
v 0.00132 0.01179 0.00363
v 0.00129 0.01186 0.00356
v 0.00127 0.01192 0.00348
v 0.00123 0.01196 0.00339
v 0.00200 0.01150 0.00346
v 0.00120 0.01199 0.00329
v 0.00198 0.01161 0.00343
v 0.00196 0.01170 0.00339
v 0.00257 0.01150 0.00306
vn 1.0000 0.0000 0.0000
vn 1.0000 0.0000 0.0000
vn 0.9856 -0.0000 -0.1690
vn 0.9429 -0.0000 -0.3331
vn 0.8730 -0.0000 -0.4877
vn 0.7780 -0.0000 -0.6282
vn 0.6607 -0.0000 -0.7507
vn 0.5243 -0.0000 -0.8515
vn 0.3729 -0.0000 -0.9279
vn 0.2107 -0.0000 -0.9776
vn 0.0424 -0.0000 -0.9991
vn -0.1270 0.0000 -0.9919
vn -0.2928 0.0000 -0.9562
vn -0.4502 0.0000 -0.8929
vn -0.5946 0.0000 -0.8040
vn -0.7220 0.0000 -0.6919
vn -0.8285 0.0000 -0.5600
vn -0.9112 0.0000 -0.4119
vn -0.9677 0.0000 -0.2520
vn -0.9964 0.0000 -0.0848
vn -0.9964 0.0000 0.0848
vn -0.9677 0.0000 0.2520
vn -0.9112 0.0000 0.4119
vn -0.8285 0.0000 0.5600
vn -0.7220 0.0000 0.6919
vn -0.5946 0.0000 0.8040
vn -0.4502 0.0000 0.8929
vn -0.2928 0.0000 0.9562
vn -0.1270 0.0000 0.9919
vn 0.0424 0.0000 0.9991
vn 0.2107 0.0000 0.9776
vn 0.3729 0.0000 0.9279
vn 0.5243 0.0000 0.8515
vn 0.6607 0.0000 0.7507
vn 0.7780 0.0000 0.6282
vn 0.8730 0.0000 0.4877
vn 0.9429 0.0000 0.3331
vn 0.9856 0.0000 0.1690
vn 0.9856 -0.0000 -0.1690
vn 0.9429 -0.0000 -0.3331
vn 0.8730 -0.0000 -0.4877
vn 0.7780 -0.0000 -0.6282
vn 0.6607 -0.0000 -0.7507
vn 0.5243 -0.0000 -0.8515
vn 0.3729 -0.0000 -0.9279
vn 0.2107 -0.0000 -0.9776
vn 0.0424 -0.0000 -0.9991
vn -0.1270 0.0000 -0.9919
vn -0.2928 0.0000 -0.9562
vn -0.4502 0.0000 -0.8929
vn -0.5946 0.0000 -0.8040
vn -0.7220 0.0000 -0.6919
vn -0.8285 0.0000 -0.5600
vn -0.9112 0.0000 -0.4119
vn -0.9677 0.0000 -0.2520
vn -0.9964 0.0000 -0.0848
vn -0.9964 0.0000 0.0848
vn -0.9677 0.0000 0.2520
vn -0.9112 0.0000 0.4119
vn -0.8285 0.0000 0.5600
vn -0.7220 0.0000 0.6919
vn -0.5946 0.0000 0.8040
vn -0.4502 0.0000 0.8929
vn -0.2928 0.0000 0.9562
vn -0.1270 0.0000 0.9919
vn 0.0424 0.0000 0.9991
vn 0.2107 0.0000 0.9776
vn 0.3729 0.0000 0.9279
vn 0.5243 0.0000 0.8515
vn 0.6607 0.0000 0.7507
vn 0.7780 0.0000 0.6282
vn 0.8730 0.0000 0.4877
vn 0.9429 0.0000 0.3331
vn 0.9856 0.0000 0.1690
vn 0.9848 -0.1736 -0.0000
vn 0.9397 -0.3420 -0.0000
vn 0.8660 -0.5000 -0.0000
vn 0.7660 -0.6428 -0.0000
vn 0.6428 -0.7660 -0.0000
vn 0.5000 -0.8660 -0.0000
vn 0.3420 -0.9397 -0.0000
vn 0.1736 -0.9848 -0.0000
vn 0.0000 -1.0000 -0.0000
vn 0.0000 -1.0000 -0.0000
vn 0.0000 -1.0000 -0.0000
vn 0.0000 -1.0000 -0.0000
vn 0.0000 -1.0000 -0.0000
vn 0.0000 -1.0000 -0.0000
vn 0.0000 -1.0000 -0.0000
vn 0.0000 -1.0000 -0.0000
vn 0.0000 -1.0000 -0.0000
vn -0.0000 -1.0000 -0.0000
vn -0.0000 -1.0000 -0.0000
vn -0.0000 -1.0000 -0.0000
vn -0.0000 -1.0000 -0.0000
vn -0.0000 -1.0000 -0.0000
vn -0.0000 -1.0000 -0.0000
vn -0.0000 -1.0000 -0.0000
vn -0.0000 -1.0000 -0.0000
vn -0.0000 -1.0000 -0.0000
vn -0.0000 -1.0000 0.0000
vn -0.0000 -1.0000 0.0000
vn -0.0000 -1.0000 0.0000
vn -0.0000 -1.0000 0.0000
vn -0.0000 -1.0000 0.0000
vn -0.0000 -1.0000 0.0000
vn -0.0000 -1.0000 0.0000
vn -0.0000 -1.0000 0.0000
vn -0.0000 -1.0000 0.0000
vn -0.0000 -1.0000 0.0000
vn 0.0000 -1.0000 0.0000
vn 0.0000 -1.0000 0.0000
vn 0.0000 -1.0000 0.0000
vn 0.0000 -1.0000 0.0000
vn 0.0000 -1.0000 0.0000
vn 0.0000 -1.0000 0.0000
vn 0.0000 -1.0000 0.0000
vn 0.0000 -1.0000 0.0000
vn 0.2198 -0.9397 0.2620
vn 0.1710 -0.9397 0.2962
vn 0.2500 -0.8660 0.4330
vn 0.3214 -0.8660 0.3830
vn 0.7544 -0.1736 0.6330
vn 0.1116 -0.9848 0.1330
vn 0.0868 -0.9848 0.1504
vn 0.7198 -0.3420 0.6040
vn 0.6040 -0.3420 0.7198
vn 0.6634 -0.5000 0.5567
vn 0.5567 -0.5000 0.6634
vn 0.5868 -0.6428 0.4924
vn 0.4132 -0.7660 0.4924
vn 0.4924 -0.6428 0.5868
vn 0.4924 -0.7660 0.4132
vn 0.3830 -0.8660 0.3214
vn 0.2620 -0.9397 0.2198
vn 0.8529 -0.1736 0.4924
vn 0.1330 -0.9848 0.1116
vn 0.8138 -0.3420 0.4698
vn 0.7500 -0.5000 0.4330
vn 0.6634 -0.6428 0.3830
vn 0.5567 -0.7660 0.3214
vn 0.4330 -0.8660 0.2500
vn 0.2962 -0.9397 0.1710
vn 0.9254 -0.1736 0.3368
vn 0.1504 -0.9848 0.0868
vn 0.8830 -0.3420 0.3214
vn 0.8138 -0.5000 0.2962
vn 0.7198 -0.6428 0.2620
vn 0.6040 -0.7660 0.2198
vn 0.4698 -0.8660 0.1710
vn 0.3214 -0.9397 0.1170
vn 0.9698 -0.1736 0.1710
vn 0.1632 -0.9848 0.0594
vn 0.9254 -0.3420 0.1632
vn 0.8529 -0.5000 0.1504
vn 0.7544 -0.6428 0.1330
vn 0.6330 -0.7660 0.1116
vn 0.4924 -0.8660 0.0868
vn 0.3368 -0.9397 0.0594
vn 0.1710 -0.9848 0.0302
vn 0.9706 -0.1736 -0.1664
vn 0.9262 -0.3420 -0.1588
vn 0.8536 -0.5000 -0.1464
vn 0.7550 -0.6428 -0.1295
vn 0.6335 -0.7660 -0.1086
vn 0.4928 -0.8660 -0.0845
vn 0.3371 -0.9397 -0.0578
vn 0.9286 -0.1736 -0.3281
vn 0.1712 -0.9848 -0.0293
vn 0.8860 -0.3420 -0.3130
vn 0.8166 -0.5000 -0.2885
vn 0.7223 -0.6428 -0.2552
vn 0.6061 -0.7660 -0.2141
vn 0.4714 -0.8660 -0.1666
vn 0.3225 -0.9397 -0.1139
vn 0.8598 -0.1736 -0.4803
vn 0.1637 -0.9848 -0.0578
vn 0.8204 -0.3420 -0.4583
vn 0.7561 -0.5000 -0.4224
vn 0.6688 -0.6428 -0.3736
vn 0.5612 -0.7660 -0.3135
vn 0.4365 -0.8660 -0.2438
vn 0.2986 -0.9397 -0.1668
vn 0.7662 -0.1736 -0.6187
vn 0.1516 -0.9848 -0.0847
vn 0.7311 -0.3420 -0.5903
vn 0.6738 -0.5000 -0.5441
vn 0.5960 -0.6428 -0.4812
vn 0.5001 -0.7660 -0.4038
vn 0.3890 -0.8660 -0.3141
vn 0.2661 -0.9397 -0.2149
vn 0.6506 -0.1736 -0.7393
vn 0.1351 -0.9848 -0.1091
vn 0.6208 -0.3420 -0.7054
vn 0.5722 -0.5000 -0.6501
vn 0.5061 -0.6428 -0.5750
vn 0.4247 -0.7660 -0.4825
vn 0.3303 -0.8660 -0.3753
vn 0.2260 -0.9397 -0.2567
vn 0.5163 -0.1736 -0.8386
vn 0.1147 -0.9848 -0.1304
vn 0.4927 -0.3420 -0.8002
vn 0.4541 -0.5000 -0.7374
vn 0.4016 -0.6428 -0.6523
vn 0.3370 -0.7660 -0.5474
vn 0.2622 -0.8660 -0.4258
vn 0.1793 -0.9397 -0.2912
vn 0.3672 -0.1736 -0.9138
vn 0.0910 -0.9848 -0.1479
vn 0.3504 -0.3420 -0.8719
vn 0.3229 -0.5000 -0.8036
vn 0.2856 -0.6428 -0.7108
vn 0.2397 -0.7660 -0.5964
vn 0.1864 -0.8660 -0.4639
vn 0.1275 -0.9397 -0.3174
vn 0.2075 -0.1736 -0.9627
vn 0.0647 -0.9848 -0.1611
vn 0.1980 -0.3420 -0.9186
vn 0.1825 -0.5000 -0.8466
vn 0.1614 -0.6428 -0.7489
vn 0.1354 -0.7660 -0.6284
vn 0.1053 -0.8660 -0.4888
vn 0.0721 -0.9397 -0.3343
vn 0.0418 -0.1736 -0.9839
vn 0.0366 -0.9848 -0.1698
vn 0.0399 -0.3420 -0.9388
vn 0.0368 -0.5000 -0.8652
vn 0.0325 -0.6428 -0.7654
vn 0.0273 -0.7660 -0.6422
vn 0.0212 -0.8660 -0.4995
vn 0.0145 -0.9397 -0.3417
vn -0.1251 -0.1736 -0.9768
vn 0.0074 -0.9848 -0.1735
vn -0.1194 -0.3420 -0.9321
vn -0.1710 -0.1736 -0.9698
vn -0.1100 -0.5000 -0.8590
vn -0.1632 -0.3420 -0.9254
vn -0.0973 -0.6428 -0.7598
vn -0.1504 -0.5000 -0.8529
vn -0.0816 -0.7660 -0.6376
vn -0.1330 -0.6428 -0.7544
vn -0.0635 -0.8660 -0.4960
vn -0.1116 -0.7660 -0.6330
vn -0.0434 -0.9397 -0.3392
vn -0.2884 -0.1736 -0.9416
vn -0.0868 -0.8660 -0.4924
vn -0.0221 -0.9848 -0.1722
vn -0.2752 -0.3420 -0.8985
vn -0.0594 -0.9397 -0.3368
vn -0.3368 -0.1736 -0.9254
vn -0.2536 -0.5000 -0.8281
vn -0.0302 -0.9848 -0.1710
vn -0.3214 -0.3420 -0.8830
vn -0.2243 -0.6428 -0.7325
vn -0.2962 -0.5000 -0.8138
vn -0.1882 -0.7660 -0.6146
vn -0.2620 -0.6428 -0.7198
vn -0.1464 -0.8660 -0.4781
vn -0.2198 -0.7660 -0.6040
vn -0.1002 -0.9397 -0.3270
vn -0.4434 -0.1736 -0.8794
vn -0.1710 -0.8660 -0.4698
vn -0.0508 -0.9848 -0.1660
vn -0.4231 -0.3420 -0.8391
vn -0.1170 -0.9397 -0.3214
vn -0.3899 -0.5000 -0.7733
vn -0.4924 -0.1736 -0.8529
vn -0.0594 -0.9848 -0.1632
vn -0.3449 -0.6428 -0.6840
vn -0.4698 -0.3420 -0.8138
vn -0.2894 -0.7660 -0.5740
vn -0.4330 -0.5000 -0.7500
vn -0.2251 -0.8660 -0.4465
vn -0.3830 -0.6428 -0.6634
vn -0.1540 -0.9397 -0.3054
vn -0.3214 -0.7660 -0.5567
vn -0.5856 -0.1736 -0.7918
vn -0.0782 -0.9848 -0.1551
vn -0.2500 -0.8660 -0.4330
vn -0.5588 -0.3420 -0.7555
vn -0.1710 -0.9397 -0.2962
vn -0.5150 -0.5000 -0.6963
vn -0.6330 -0.1736 -0.7544
vn -0.0868 -0.9848 -0.1504
vn -0.4555 -0.6428 -0.6159
vn -0.6040 -0.3420 -0.7198
vn -0.3822 -0.7660 -0.5168
vn -0.5567 -0.5000 -0.6634
vn -0.2973 -0.8660 -0.4020
vn -0.4924 -0.6428 -0.5868
vn -0.2034 -0.9397 -0.2750
vn -0.7110 -0.1736 -0.6814
vn -0.4132 -0.7660 -0.4924
vn -0.1033 -0.9848 -0.1396
vn -0.6784 -0.3420 -0.6502
vn -0.3214 -0.8660 -0.3830
vn -0.6252 -0.5000 -0.5992
vn -0.2198 -0.9397 -0.2620
vn -0.7544 -0.1736 -0.6330
vn -0.5531 -0.6428 -0.5301
vn -0.1116 -0.9848 -0.1330
vn -0.7198 -0.3420 -0.6040
vn -0.4641 -0.7660 -0.4448
vn -0.6634 -0.5000 -0.5567
vn -0.3610 -0.8660 -0.3460
vn -0.5868 -0.6428 -0.4924
vn -0.2469 -0.9397 -0.2367
vn -0.8159 -0.1736 -0.5515
vn -0.4924 -0.7660 -0.4132
vn -0.1254 -0.9848 -0.1202
vn -0.7785 -0.3420 -0.5262
vn -0.3830 -0.8660 -0.3214
vn -0.7175 -0.5000 -0.4850
vn -0.2620 -0.9397 -0.2198
vn -0.8529 -0.1736 -0.4924
vn -0.6347 -0.6428 -0.4290
vn -0.1330 -0.9848 -0.1116
vn -0.8138 -0.3420 -0.4698
vn -0.5326 -0.7660 -0.3599
vn -0.7500 -0.5000 -0.4330
vn -0.4143 -0.8660 -0.2800
vn -0.6634 -0.6428 -0.3830
vn -0.2834 -0.9397 -0.1915
vn -0.8974 -0.1736 -0.4056
vn -0.5567 -0.7660 -0.3214
vn -0.1439 -0.9848 -0.0972
vn -0.8563 -0.3420 -0.3871
vn -0.4330 -0.8660 -0.2500
vn -0.7891 -0.5000 -0.3567
vn -0.2962 -0.9397 -0.1710
vn -0.9254 -0.1736 -0.3368
vn -0.6980 -0.6428 -0.3155
vn -0.1504 -0.9848 -0.0868
vn -0.8830 -0.3420 -0.3214
vn -0.5857 -0.7660 -0.2648
vn -0.8138 -0.5000 -0.2962
vn -0.4556 -0.8660 -0.2060
vn -0.7198 -0.6428 -0.2620
vn -0.3117 -0.9397 -0.1409
vn -0.9530 -0.1736 -0.2481
vn -0.6040 -0.7660 -0.2198
vn -0.1582 -0.9848 -0.0715
vn -0.9094 -0.3420 -0.2368
vn -0.4698 -0.8660 -0.1710
vn -0.8381 -0.5000 -0.2182
vn -0.3214 -0.9397 -0.1170
vn -0.9698 -0.1736 -0.1710
vn -0.7413 -0.6428 -0.1930
vn -0.1632 -0.9848 -0.0594
vn -0.9254 -0.3420 -0.1632
vn -0.6220 -0.7660 -0.1620
vn -0.8529 -0.5000 -0.1504
vn -0.4839 -0.8660 -0.1260
vn -0.7544 -0.6428 -0.1330
vn -0.3310 -0.9397 -0.0862
vn -0.9813 -0.1736 -0.0835
vn -0.6330 -0.7660 -0.1116
vn -0.1680 -0.9848 -0.0438
vn -0.9363 -0.3420 -0.0797
vn -0.4924 -0.8660 -0.0868
vn -0.8629 -0.5000 -0.0734
vn -0.3368 -0.9397 -0.0594
vn -0.7633 -0.6428 -0.0650
vn -0.9848 -0.1736 0.0000
vn -0.1710 -0.9848 -0.0302
vn -0.6405 -0.7660 -0.0545
vn -0.9397 -0.3420 0.0000
vn -0.4982 -0.8660 -0.0424
vn -0.8660 -0.5000 0.0000
vn -0.3408 -0.9397 -0.0290
vn -0.7660 -0.6428 0.0000
vn -0.9813 -0.1736 0.0835
vn -0.1730 -0.9848 -0.0147
vn -0.6428 -0.7660 0.0000
vn -0.9363 -0.3420 0.0797
vn -0.5000 -0.8660 0.0000
vn -0.8629 -0.5000 0.0734
vn -0.3420 -0.9397 0.0000
vn -0.7633 -0.6428 0.0650
vn -0.9698 -0.1736 0.1710
vn -0.1736 -0.9848 0.0000
vn -0.6405 -0.7660 0.0545
vn -0.9254 -0.3420 0.1632
vn -0.4982 -0.8660 0.0424
vn -0.8529 -0.5000 0.1504
vn -0.3408 -0.9397 0.0290
vn -0.9530 -0.1736 0.2481
vn -0.7544 -0.6428 0.1330
vn -0.1730 -0.9848 0.0147
vn -0.9094 -0.3420 0.2368
vn -0.6330 -0.7660 0.1116
vn -0.8381 -0.5000 0.2182
vn -0.4924 -0.8660 0.0868
vn -0.7413 -0.6428 0.1930
vn -0.3368 -0.9397 0.0594
vn -0.9254 -0.1736 0.3368
vn -0.6220 -0.7660 0.1620
vn -0.1710 -0.9848 0.0302
vn -0.8830 -0.3420 0.3214
vn -0.4839 -0.8660 0.1260
vn -0.8138 -0.5000 0.2962
vn -0.3310 -0.9397 0.0862
vn -0.8974 -0.1736 0.4056
vn -0.7198 -0.6428 0.2620
vn -0.1680 -0.9848 0.0438
vn -0.8563 -0.3420 0.3871
vn -0.6040 -0.7660 0.2198
vn -0.7891 -0.5000 0.3567
vn -0.4698 -0.8660 0.1710
vn -0.6980 -0.6428 0.3155
vn -0.3214 -0.9397 0.1170
vn -0.8529 -0.1736 0.4924
vn -0.5857 -0.7660 0.2648
vn -0.1632 -0.9848 0.0594
vn -0.8138 -0.3420 0.4698
vn -0.4556 -0.8660 0.2060
vn -0.7500 -0.5000 0.4330
vn -0.3117 -0.9397 0.1409
vn -0.8159 -0.1736 0.5515
vn -0.6634 -0.6428 0.3830
vn -0.1582 -0.9848 0.0715
vn -0.7785 -0.3420 0.5262
vn -0.5567 -0.7660 0.3214
vn -0.7175 -0.5000 0.4850
vn -0.4330 -0.8660 0.2500
vn -0.6347 -0.6428 0.4290
vn -0.2962 -0.9397 0.1710
vn -0.7544 -0.1736 0.6330
vn -0.5326 -0.7660 0.3599
vn -0.1504 -0.9848 0.0868
vn -0.7198 -0.3420 0.6040
vn -0.4143 -0.8660 0.2800
vn -0.6634 -0.5000 0.5567
vn -0.2834 -0.9397 0.1915
vn -0.7110 -0.1736 0.6814
vn -0.5868 -0.6428 0.4924
vn -0.1439 -0.9848 0.0972
vn -0.6784 -0.3420 0.6502
vn -0.4924 -0.7660 0.4132
vn -0.6252 -0.5000 0.5992
vn -0.3830 -0.8660 0.3214
vn -0.5531 -0.6428 0.5301
vn -0.2620 -0.9397 0.2198
vn -0.6330 -0.1736 0.7544
vn -0.4641 -0.7660 0.4448
vn -0.1330 -0.9848 0.1116
vn -0.6040 -0.3420 0.7198
vn -0.3610 -0.8660 0.3460
vn -0.5567 -0.5000 0.6634
vn -0.2469 -0.9397 0.2367
vn -0.5856 -0.1736 0.7918
vn -0.4924 -0.6428 0.5868
vn -0.1254 -0.9848 0.1202
vn -0.5588 -0.3420 0.7555
vn -0.4132 -0.7660 0.4924
vn -0.5150 -0.5000 0.6963
vn -0.3214 -0.8660 0.3830
vn -0.4555 -0.6428 0.6159
vn -0.2198 -0.9397 0.2620
vn -0.3822 -0.7660 0.5168
vn -0.4924 -0.1736 0.8529
vn -0.1116 -0.9848 0.1330
vn -0.2973 -0.8660 0.4020
vn -0.4698 -0.3420 0.8138
vn -0.2034 -0.9397 0.2750
vn -0.4330 -0.5000 0.7500
vn -0.4434 -0.1736 0.8794
vn -0.1033 -0.9848 0.1396
vn -0.3830 -0.6428 0.6634
vn -0.4231 -0.3420 0.8391
vn -0.3214 -0.7660 0.5567
vn -0.3899 -0.5000 0.7733
vn -0.2500 -0.8660 0.4330
vn -0.3449 -0.6428 0.6840
vn -0.1710 -0.9397 0.2962
vn -0.2894 -0.7660 0.5740
vn -0.3368 -0.1736 0.9254
vn -0.0868 -0.9848 0.1504
vn -0.2251 -0.8660 0.4465
vn -0.3214 -0.3420 0.8830
vn -0.1540 -0.9397 0.3054
vn -0.2884 -0.1736 0.9416
vn -0.2962 -0.5000 0.8138
vn -0.0782 -0.9848 0.1551
vn -0.2752 -0.3420 0.8985
vn -0.2620 -0.6428 0.7198
vn -0.2536 -0.5000 0.8281
vn -0.2198 -0.7660 0.6040
vn -0.2243 -0.6428 0.7325
vn -0.1710 -0.8660 0.4698
vn -0.1882 -0.7660 0.6146
vn -0.1170 -0.9397 0.3214
vn -0.1710 -0.1736 0.9698
vn -0.1464 -0.8660 0.4781
vn -0.0594 -0.9848 0.1632
vn -0.1632 -0.3420 0.9254
vn -0.1002 -0.9397 0.3270
vn -0.1251 -0.1736 0.9768
vn -0.1504 -0.5000 0.8529
vn -0.0508 -0.9848 0.1660
vn -0.1194 -0.3420 0.9321
vn -0.1330 -0.6428 0.7544
vn -0.1100 -0.5000 0.8590
vn -0.1116 -0.7660 0.6330
vn -0.0973 -0.6428 0.7598
vn -0.0868 -0.8660 0.4924
vn -0.0816 -0.7660 0.6376
vn -0.0594 -0.9397 0.3368
vn -0.0000 -0.1736 0.9848
vn -0.0635 -0.8660 0.4960
vn -0.0302 -0.9848 0.1710
vn -0.0000 -0.3420 0.9397
vn -0.0434 -0.9397 0.3392
vn -0.0000 -0.5000 0.8660
vn -0.0221 -0.9848 0.1722
vn -0.0000 -0.6428 0.7660
vn -0.0000 -0.7660 0.6428
vn -0.0000 -0.8660 0.5000
vn -0.0000 -0.9397 0.3420
vn 0.1710 -0.1736 0.9698
vn -0.0000 -0.9848 0.1736
vn 0.1632 -0.3420 0.9254
vn 0.1504 -0.5000 0.8529
vn 0.1330 -0.6428 0.7544
vn 0.1116 -0.7660 0.6330
vn 0.0868 -0.8660 0.4924
vn 0.0594 -0.9397 0.3368
vn 0.3368 -0.1736 0.9254
vn 0.0302 -0.9848 0.1710
vn 0.3214 -0.3420 0.8830
vn 0.2962 -0.5000 0.8138
vn 0.2620 -0.6428 0.7198
vn 0.2198 -0.7660 0.6040
vn 0.1710 -0.8660 0.4698
vn 0.1170 -0.9397 0.3214
vn 0.4924 -0.1736 0.8529
vn 0.0594 -0.9848 0.1632
vn 0.4698 -0.3420 0.8138
vn 0.4330 -0.5000 0.7500
vn 0.3830 -0.6428 0.6634
vn 0.3214 -0.7660 0.5567
vn 0.6330 -0.1736 0.7544
vn 0.9848 0.1736 -0.0000
vn 0.9397 0.3420 -0.0000
vn 0.8660 0.5000 -0.0000
vn 0.7660 0.6428 -0.0000
vn 0.6428 0.7660 -0.0000
vn 0.5000 0.8660 -0.0000
vn 0.3420 0.9397 -0.0000
vn 0.1736 0.9848 -0.0000
vn 0.0000 1.0000 -0.0000
vn 0.0000 1.0000 -0.0000
vn 0.0000 1.0000 -0.0000
vn 0.0000 1.0000 -0.0000
vn 0.0000 1.0000 -0.0000
vn 0.0000 1.0000 -0.0000
vn 0.0000 1.0000 -0.0000
vn 0.0000 1.0000 -0.0000
vn 0.0000 1.0000 -0.0000
vn 0.0000 1.0000 -0.0000
vn -0.0000 1.0000 -0.0000
vn -0.0000 1.0000 -0.0000
vn -0.0000 1.0000 -0.0000
vn -0.0000 1.0000 -0.0000
vn -0.0000 1.0000 -0.0000
vn -0.0000 1.0000 -0.0000
vn -0.0000 1.0000 -0.0000
vn -0.0000 1.0000 -0.0000
vn -0.0000 1.0000 -0.0000
vn -0.0000 1.0000 0.0000
vn -0.0000 1.0000 0.0000
vn -0.0000 1.0000 0.0000
vn -0.0000 1.0000 0.0000
vn -0.0000 1.0000 0.0000
vn -0.0000 1.0000 0.0000
vn -0.0000 1.0000 0.0000
vn -0.0000 1.0000 0.0000
vn 0.0000 1.0000 0.0000
vn 0.0000 1.0000 0.0000
vn 0.0000 1.0000 0.0000
vn 0.0000 1.0000 0.0000
vn 0.0000 1.0000 0.0000
vn 0.0000 1.0000 0.0000
vn 0.0000 1.0000 0.0000
vn 0.0000 1.0000 0.0000
vn 0.0000 1.0000 0.0000
vn 0.4132 0.7660 0.4924
vn 0.3214 0.7660 0.5567
vn 0.3830 0.6428 0.6634
vn 0.4924 0.6428 0.5868
vn 0.3214 0.8660 0.3830
vn 0.2500 0.8660 0.4330
vn 0.2198 0.9397 0.2620
vn 0.1710 0.9397 0.2962
vn 0.7544 0.1736 0.6330
vn 0.1116 0.9848 0.1330
vn 0.0868 0.9848 0.1504
vn 0.7198 0.3420 0.6040
vn 0.6040 0.3420 0.7198
vn 0.5567 0.5000 0.6634
vn 0.6634 0.5000 0.5567
vn 0.5868 0.6428 0.4924
vn 0.4924 0.7660 0.4132
vn 0.3830 0.8660 0.3214
vn 0.2620 0.9397 0.2198
vn 0.8529 0.1736 0.4924
vn 0.1330 0.9848 0.1116
vn 0.8138 0.3420 0.4698
vn 0.7500 0.5000 0.4330
vn 0.6634 0.6428 0.3830
vn 0.5567 0.7660 0.3214
vn 0.4330 0.8660 0.2500
vn 0.2962 0.9397 0.1710
vn 0.9254 0.1736 0.3368
vn 0.1504 0.9848 0.0868
vn 0.8830 0.3420 0.3214
vn 0.8138 0.5000 0.2962
vn 0.7198 0.6428 0.2620
vn 0.6040 0.7660 0.2198
vn 0.4698 0.8660 0.1710
vn 0.3214 0.9397 0.1170
vn 0.9698 0.1736 0.1710
vn 0.1632 0.9848 0.0594
vn 0.9254 0.3420 0.1632
vn 0.8529 0.5000 0.1504
vn 0.7544 0.6428 0.1330
vn 0.6330 0.7660 0.1116
vn 0.4924 0.8660 0.0868
vn 0.3368 0.9397 0.0594
vn 0.1710 0.9848 0.0302
vn 0.9706 0.1736 -0.1664
vn 0.9262 0.3420 -0.1588
vn 0.8536 0.5000 -0.1464
vn 0.7550 0.6428 -0.1295
vn 0.6335 0.7660 -0.1086
vn 0.4928 0.8660 -0.0845
vn 0.3371 0.9397 -0.0578
vn 0.9286 0.1736 -0.3281
vn 0.1712 0.9848 -0.0293
vn 0.8860 0.3420 -0.3130
vn 0.8166 0.5000 -0.2885
vn 0.7223 0.6428 -0.2552
vn 0.6061 0.7660 -0.2141
vn 0.4714 0.8660 -0.1666
vn 0.3225 0.9397 -0.1139
vn 0.8598 0.1736 -0.4803
vn 0.1637 0.9848 -0.0578
vn 0.8204 0.3420 -0.4583
vn 0.7561 0.5000 -0.4224
vn 0.6688 0.6428 -0.3736
vn 0.5612 0.7660 -0.3135
vn 0.4365 0.8660 -0.2438
vn 0.2986 0.9397 -0.1668
vn 0.7662 0.1736 -0.6187
vn 0.1516 0.9848 -0.0847
vn 0.7311 0.3420 -0.5903
vn 0.6738 0.5000 -0.5441
vn 0.5960 0.6428 -0.4812
vn 0.5001 0.7660 -0.4038
vn 0.3890 0.8660 -0.3141
vn 0.2661 0.9397 -0.2149
vn 0.6506 0.1736 -0.7393
vn 0.1351 0.9848 -0.1091
vn 0.6208 0.3420 -0.7054
vn 0.5722 0.5000 -0.6501
vn 0.5061 0.6428 -0.5750
vn 0.4247 0.7660 -0.4825
vn 0.3303 0.8660 -0.3753
vn 0.2260 0.9397 -0.2567
vn 0.5163 0.1736 -0.8386
vn 0.1147 0.9848 -0.1304
vn 0.4927 0.3420 -0.8002
vn 0.4541 0.5000 -0.7374
vn 0.4016 0.6428 -0.6523
vn 0.3370 0.7660 -0.5474
vn 0.2622 0.8660 -0.4258
vn 0.1793 0.9397 -0.2912
vn 0.3672 0.1736 -0.9138
vn 0.0910 0.9848 -0.1479
vn 0.3504 0.3420 -0.8719
vn 0.3229 0.5000 -0.8036
vn 0.2856 0.6428 -0.7108
vn 0.2397 0.7660 -0.5964
vn 0.1864 0.8660 -0.4639
vn 0.1275 0.9397 -0.3174
vn 0.2075 0.1736 -0.9627
vn 0.0647 0.9848 -0.1611
vn 0.1980 0.3420 -0.9186
vn 0.1825 0.5000 -0.8466
vn 0.1614 0.6428 -0.7489
vn 0.1354 0.7660 -0.6284
vn 0.1053 0.8660 -0.4888
vn 0.0721 0.9397 -0.3343
vn 0.0418 0.1736 -0.9839
vn 0.0366 0.9848 -0.1698
vn 0.0399 0.3420 -0.9388
vn 0.0368 0.5000 -0.8652
vn 0.0325 0.6428 -0.7654
vn 0.0273 0.7660 -0.6422
vn 0.0212 0.8660 -0.4995
vn 0.0145 0.9397 -0.3417
vn -0.1251 0.1736 -0.9768
vn 0.0074 0.9848 -0.1735
vn -0.1194 0.3420 -0.9321
vn -0.1710 0.1736 -0.9698
vn -0.1100 0.5000 -0.8590
vn -0.1632 0.3420 -0.9254
vn -0.0973 0.6428 -0.7598
vn -0.1504 0.5000 -0.8529
vn -0.0816 0.7660 -0.6376
vn -0.1330 0.6428 -0.7544
vn -0.0635 0.8660 -0.4960
vn -0.1116 0.7660 -0.6330
vn -0.0434 0.9397 -0.3392
vn -0.2884 0.1736 -0.9416
vn -0.0868 0.8660 -0.4924
vn -0.0221 0.9848 -0.1722
vn -0.2752 0.3420 -0.8985
vn -0.0594 0.9397 -0.3368
vn -0.3368 0.1736 -0.9254
vn -0.2536 0.5000 -0.8281
vn -0.0302 0.9848 -0.1710
vn -0.3214 0.3420 -0.8830
vn -0.2243 0.6428 -0.7325
vn -0.2962 0.5000 -0.8138
vn -0.1882 0.7660 -0.6146
vn -0.2620 0.6428 -0.7198
vn -0.1464 0.8660 -0.4781
vn -0.2198 0.7660 -0.6040
vn -0.1002 0.9397 -0.3270
vn -0.4434 0.1736 -0.8794
vn -0.1710 0.8660 -0.4698
vn -0.0508 0.9848 -0.1660
vn -0.4231 0.3420 -0.8391
vn -0.1170 0.9397 -0.3214
vn -0.3899 0.5000 -0.7733
vn -0.4924 0.1736 -0.8529
vn -0.0594 0.9848 -0.1632
vn -0.3449 0.6428 -0.6840
vn -0.4698 0.3420 -0.8138
vn -0.2894 0.7660 -0.5740
vn -0.4330 0.5000 -0.7500
vn -0.2251 0.8660 -0.4465
vn -0.3830 0.6428 -0.6634
vn -0.1540 0.9397 -0.3054
vn -0.3214 0.7660 -0.5567
vn -0.5856 0.1736 -0.7918
vn -0.0782 0.9848 -0.1551
vn -0.2500 0.8660 -0.4330
vn -0.5588 0.3420 -0.7555
vn -0.1710 0.9397 -0.2962
vn -0.5150 0.5000 -0.6963
vn -0.6330 0.1736 -0.7544
vn -0.0868 0.9848 -0.1504
vn -0.4555 0.6428 -0.6159
vn -0.6040 0.3420 -0.7198
vn -0.3822 0.7660 -0.5168
vn -0.5567 0.5000 -0.6634
vn -0.2973 0.8660 -0.4020
vn -0.4924 0.6428 -0.5868
vn -0.2034 0.9397 -0.2750
vn -0.7110 0.1736 -0.6814
vn -0.4132 0.7660 -0.4924
vn -0.1033 0.9848 -0.1396
vn -0.6784 0.3420 -0.6502
vn -0.3214 0.8660 -0.3830
vn -0.6252 0.5000 -0.5992
vn -0.2198 0.9397 -0.2620
vn -0.7544 0.1736 -0.6330
vn -0.5531 0.6428 -0.5301
vn -0.1116 0.9848 -0.1330
vn -0.7198 0.3420 -0.6040
vn -0.4641 0.7660 -0.4448
vn -0.6634 0.5000 -0.5567
vn -0.3610 0.8660 -0.3460
vn -0.5868 0.6428 -0.4924
vn -0.2469 0.9397 -0.2367
vn -0.8159 0.1736 -0.5515
vn -0.4924 0.7660 -0.4132
vn -0.1254 0.9848 -0.1202
vn -0.7785 0.3420 -0.5262
vn -0.3830 0.8660 -0.3214
vn -0.7175 0.5000 -0.4850
vn -0.2620 0.9397 -0.2198
vn -0.8529 0.1736 -0.4924
vn -0.6347 0.6428 -0.4290
vn -0.1330 0.9848 -0.1116
vn -0.8138 0.3420 -0.4698
vn -0.5326 0.7660 -0.3599
vn -0.7500 0.5000 -0.4330
vn -0.4143 0.8660 -0.2800
vn -0.6634 0.6428 -0.3830
vn -0.2834 0.9397 -0.1915
vn -0.8974 0.1736 -0.4056
vn -0.5567 0.7660 -0.3214
vn -0.1439 0.9848 -0.0972
vn -0.8563 0.3420 -0.3871
vn -0.4330 0.8660 -0.2500
vn -0.7891 0.5000 -0.3567
vn -0.2962 0.9397 -0.1710
vn -0.9254 0.1736 -0.3368
vn -0.6980 0.6428 -0.3155
vn -0.1504 0.9848 -0.0868
vn -0.8830 0.3420 -0.3214
vn -0.5857 0.7660 -0.2648
vn -0.8138 0.5000 -0.2962
vn -0.4556 0.8660 -0.2060
vn -0.7198 0.6428 -0.2620
vn -0.3117 0.9397 -0.1409
vn -0.9530 0.1736 -0.2481
vn -0.6040 0.7660 -0.2198
vn -0.1582 0.9848 -0.0715
vn -0.9094 0.3420 -0.2368
vn -0.4698 0.8660 -0.1710
vn -0.8381 0.5000 -0.2182
vn -0.3214 0.9397 -0.1170
vn -0.9698 0.1736 -0.1710
vn -0.7413 0.6428 -0.1930
vn -0.1632 0.9848 -0.0594
vn -0.9254 0.3420 -0.1632
vn -0.6220 0.7660 -0.1620
vn -0.8529 0.5000 -0.1504
vn -0.4839 0.8660 -0.1260
vn -0.7544 0.6428 -0.1330
vn -0.3310 0.9397 -0.0862
vn -0.9813 0.1736 -0.0835
vn -0.6330 0.7660 -0.1116
vn -0.1680 0.9848 -0.0438
vn -0.9363 0.3420 -0.0797
vn -0.4924 0.8660 -0.0868
vn -0.8629 0.5000 -0.0734
vn -0.3368 0.9397 -0.0594
vn -0.7633 0.6428 -0.0650
vn -0.9848 0.1736 -0.0000
vn -0.1710 0.9848 -0.0302
vn -0.6405 0.7660 -0.0545
vn -0.9397 0.3420 -0.0000
vn -0.4982 0.8660 -0.0424
vn -0.8660 0.5000 -0.0000
vn -0.3408 0.9397 -0.0290
vn -0.7660 0.6428 -0.0000
vn -0.9813 0.1736 0.0835
vn -0.1730 0.9848 -0.0147
vn -0.6428 0.7660 -0.0000
vn -0.9363 0.3420 0.0797
vn -0.5000 0.8660 -0.0000
vn -0.8629 0.5000 0.0734
vn -0.3420 0.9397 -0.0000
vn -0.7633 0.6428 0.0650
vn -0.9698 0.1736 0.1710
vn -0.1736 0.9848 -0.0000
vn -0.6405 0.7660 0.0545
vn -0.9254 0.3420 0.1632
vn -0.4982 0.8660 0.0424
vn -0.8529 0.5000 0.1504
vn -0.3408 0.9397 0.0290
vn -0.9530 0.1736 0.2481
vn -0.7544 0.6428 0.1330
vn -0.1730 0.9848 0.0147
vn -0.9094 0.3420 0.2368
vn -0.6330 0.7660 0.1116
vn -0.8381 0.5000 0.2182
vn -0.4924 0.8660 0.0868
vn -0.7413 0.6428 0.1930
vn -0.3368 0.9397 0.0594
vn -0.9254 0.1736 0.3368
vn -0.6220 0.7660 0.1620
vn -0.1710 0.9848 0.0302
vn -0.8830 0.3420 0.3214
vn -0.4839 0.8660 0.1260
vn -0.8138 0.5000 0.2962
vn -0.3310 0.9397 0.0862
vn -0.8974 0.1736 0.4056
vn -0.7198 0.6428 0.2620
vn -0.1680 0.9848 0.0438
vn -0.8563 0.3420 0.3871
vn -0.6040 0.7660 0.2198
vn -0.7891 0.5000 0.3567
vn -0.4698 0.8660 0.1710
vn -0.6980 0.6428 0.3155
vn -0.3214 0.9397 0.1170
vn -0.8529 0.1736 0.4924
vn -0.5857 0.7660 0.2648
vn -0.1632 0.9848 0.0594
vn -0.8138 0.3420 0.4698
vn -0.4556 0.8660 0.2060
vn -0.7500 0.5000 0.4330
vn -0.3117 0.9397 0.1409
vn -0.8159 0.1736 0.5515
vn -0.6634 0.6428 0.3830
vn -0.1582 0.9848 0.0715
vn -0.7785 0.3420 0.5262
vn -0.5567 0.7660 0.3214
vn -0.7175 0.5000 0.4850
vn -0.4330 0.8660 0.2500
vn -0.6347 0.6428 0.4290
vn -0.2962 0.9397 0.1710
vn -0.7544 0.1736 0.6330
vn -0.5326 0.7660 0.3599
vn -0.1504 0.9848 0.0868
vn -0.7198 0.3420 0.6040
vn -0.4143 0.8660 0.2800
vn -0.6634 0.5000 0.5567
vn -0.2834 0.9397 0.1915
vn -0.7110 0.1736 0.6814
vn -0.5868 0.6428 0.4924
vn -0.1439 0.9848 0.0972
vn -0.6784 0.3420 0.6502
vn -0.4924 0.7660 0.4132
vn -0.6252 0.5000 0.5992
vn -0.3830 0.8660 0.3214
vn -0.5531 0.6428 0.5301
vn -0.2620 0.9397 0.2198
vn -0.6330 0.1736 0.7544
vn -0.4641 0.7660 0.4448
vn -0.1330 0.9848 0.1116
vn -0.6040 0.3420 0.7198
vn -0.3610 0.8660 0.3460
vn -0.5567 0.5000 0.6634
vn -0.2469 0.9397 0.2367
vn -0.5856 0.1736 0.7918
vn -0.4924 0.6428 0.5868
vn -0.1254 0.9848 0.1202
vn -0.5588 0.3420 0.7555
vn -0.4132 0.7660 0.4924
vn -0.5150 0.5000 0.6963
vn -0.3214 0.8660 0.3830
vn -0.4555 0.6428 0.6159
vn -0.2198 0.9397 0.2620
vn -0.3822 0.7660 0.5168
vn -0.4924 0.1736 0.8529
vn -0.1116 0.9848 0.1330
vn -0.2973 0.8660 0.4020
vn -0.4698 0.3420 0.8138
vn -0.2034 0.9397 0.2750
vn -0.4330 0.5000 0.7500
vn -0.4434 0.1736 0.8794
vn -0.1033 0.9848 0.1396
vn -0.3830 0.6428 0.6634
vn -0.4231 0.3420 0.8391
vn -0.3214 0.7660 0.5567
vn -0.3899 0.5000 0.7733
vn -0.2500 0.8660 0.4330
vn -0.3449 0.6428 0.6840
vn -0.1710 0.9397 0.2962
vn -0.2894 0.7660 0.5740
vn -0.3368 0.1736 0.9254
vn -0.0868 0.9848 0.1504
vn -0.2251 0.8660 0.4465
vn -0.3214 0.3420 0.8830
vn -0.1540 0.9397 0.3054
vn -0.2884 0.1736 0.9416
vn -0.2962 0.5000 0.8138
vn -0.0782 0.9848 0.1551
vn -0.2752 0.3420 0.8985
vn -0.2620 0.6428 0.7198
vn -0.2536 0.5000 0.8281
vn -0.2198 0.7660 0.6040
vn -0.2243 0.6428 0.7325
vn -0.1710 0.8660 0.4698
vn -0.1882 0.7660 0.6146
vn -0.1170 0.9397 0.3214
vn -0.1710 0.1736 0.9698
vn -0.1464 0.8660 0.4781
vn -0.0594 0.9848 0.1632
vn -0.1632 0.3420 0.9254
vn -0.1002 0.9397 0.3270
vn -0.1251 0.1736 0.9768
vn -0.1504 0.5000 0.8529
vn -0.0508 0.9848 0.1660
vn -0.1194 0.3420 0.9321
vn -0.1330 0.6428 0.7544
vn -0.1100 0.5000 0.8590
vn -0.1116 0.7660 0.6330
vn -0.0973 0.6428 0.7598
vn -0.0868 0.8660 0.4924
vn -0.0816 0.7660 0.6376
vn -0.0594 0.9397 0.3368
vn 0.0000 0.1736 0.9848
vn -0.0635 0.8660 0.4960
vn -0.0302 0.9848 0.1710
vn 0.0000 0.3420 0.9397
vn -0.0434 0.9397 0.3392
vn 0.0000 0.5000 0.8660
vn -0.0221 0.9848 0.1722
vn 0.0000 0.6428 0.7660
vn 0.0000 0.7660 0.6428
vn 0.0000 0.8660 0.5000
vn 0.0000 0.9397 0.3420
vn 0.1710 0.1736 0.9698
vn 0.0000 0.9848 0.1736
vn 0.1632 0.3420 0.9254
vn 0.1504 0.5000 0.8529
vn 0.1330 0.6428 0.7544
vn 0.1116 0.7660 0.6330
vn 0.0868 0.8660 0.4924
vn 0.0594 0.9397 0.3368
vn 0.3368 0.1736 0.9254
vn 0.0302 0.9848 0.1710
vn 0.3214 0.3420 0.8830
vn 0.2962 0.5000 0.8138
vn 0.2620 0.6428 0.7198
vn 0.2198 0.7660 0.6040
vn 0.1710 0.8660 0.4698
vn 0.1170 0.9397 0.3214
vn 0.4924 0.1736 0.8529
vn 0.0594 0.9848 0.1632
vn 0.4698 0.3420 0.8138
vn 0.4330 0.5000 0.7500
vn 0.6330 0.1736 0.7544
f 3//3 2//2 1//1
f 3//3 1//1 39//39
f 4//4 39//39 40//40
f 4//4 40//40 41//41
f 4//4 3//3 39//39
f 5//5 4//4 41//41
f 6//6 41//41 42//42
f 6//6 5//5 41//41
f 7//7 42//42 43//43
f 7//7 6//6 42//42
f 8//8 7//7 43//43
f 8//8 43//43 44//44
f 8//8 44//44 45//45
f 9//9 8//8 45//45
f 9//9 45//45 46//46
f 10//10 9//9 46//46
f 11//11 10//10 46//46
f 11//11 46//46 47//47
f 11//11 47//47 48//48
f 12//12 11//11 48//48
f 13//13 12//12 48//48
f 13//13 48//48 49//49
f 14//14 13//13 49//49
f 14//14 49//49 50//50
f 15//15 14//14 50//50
f 15//15 50//50 51//51
f 16//16 15//15 51//51
f 16//16 51//51 52//52
f 17//17 16//16 52//52
f 17//17 52//52 53//53
f 18//18 17//17 53//53
f 18//18 53//53 54//54
f 19//19 18//18 54//54
f 19//19 54//54 55//55
f 20//20 19//19 55//55
f 20//20 55//55 56//56
f 21//21 20//20 56//56
f 21//21 56//56 57//57
f 22//22 57//57 58//58
f 22//22 21//21 57//57
f 23//23 22//22 58//58
f 23//23 58//58 59//59
f 24//24 59//59 60//60
f 24//24 60//60 61//61
f 24//24 23//23 59//59
f 25//25 24//24 61//61
f 26//26 61//61 62//62
f 26//26 25//25 61//61
f 27//27 62//62 63//63
f 27//27 26//26 62//62
f 28//28 63//63 64//64
f 28//28 27//27 63//63
f 29//29 64//64 65//65
f 29//29 28//28 64//64
f 30//30 65//65 66//66
f 30//30 29//29 65//65
f 31//31 66//66 67//67
f 31//31 30//30 66//66
f 32//32 67//67 68//68
f 32//32 31//31 67//67
f 33//33 32//32 68//68
f 33//33 68//68 69//69
f 34//34 33//33 69//69
f 34//34 69//69 70//70
f 35//35 34//34 70//70
f 35//35 70//70 71//71
f 36//36 35//35 71//71
f 36//36 71//71 72//72
f 37//37 36//36 72//72
f 37//37 72//72 73//73
f 38//38 37//37 73//73
f 38//38 73//73 74//74
f 38//38 74//74 1//1
f 2//2 38//38 1//1
f 119//119 121//121 120//120
f 119//119 122//122 121//121
f 123//123 71//71 70//70
f 124//124 120//120 125//125
f 124//124 125//125 113//113
f 124//124 119//119 120//120
f 124//124 113//113 114//114
f 124//124 114//114 115//115
f 126//126 70//70 127//127
f 126//126 123//123 70//70
f 126//126 71//71 123//123
f 128//128 127//127 129//129
f 128//128 126//126 127//127
f 130//130 132//132 131//131
f 130//130 129//129 132//132
f 130//130 128//128 129//129
f 133//133 131//131 122//122
f 133//133 130//130 131//131
f 134//134 133//133 122//122
f 135//135 122//122 119//119
f 135//135 119//119 124//124
f 135//135 134//134 122//122
f 136//136 72//72 71//71
f 137//137 135//135 124//124
f 137//137 124//124 115//115
f 138//138 71//71 126//126
f 138//138 126//126 128//128
f 138//138 72//72 136//136
f 138//138 136//136 71//71
f 139//139 138//138 128//128
f 140//140 128//128 130//130
f 140//140 139//139 128//128
f 141//141 130//130 133//133
f 141//141 140//140 130//130
f 142//142 133//133 134//134
f 142//142 141//141 133//133
f 143//143 134//134 135//135
f 143//143 135//135 137//137
f 143//143 142//142 134//134
f 144//144 73//73 72//72
f 145//145 137//137 115//115
f 145//145 143//143 137//137
f 145//145 115//115 116//116
f 145//145 116//116 117//117
f 146//146 144//144 72//72
f 146//146 72//72 138//138
f 147//147 138//138 139//139
f 147//147 146//146 138//138
f 148//148 147//147 139//139
f 148//148 140//140 141//141
f 148//148 139//139 140//140
f 149//149 148//148 141//141
f 149//149 141//141 142//142
f 150//150 149//149 142//142
f 151//151 150//150 142//142
f 151//151 142//142 143//143
f 152//152 74//74 73//73
f 152//152 75//75 74//74
f 152//152 73//73 144//144
f 153//153 151//151 143//143
f 153//153 143//143 145//145
f 153//153 145//145 117//117
f 154//154 152//152 144//144
f 154//154 76//76 75//75
f 154//154 77//77 76//76
f 154//154 75//75 152//152
f 154//154 144//144 146//146
f 155//155 77//77 154//154
f 155//155 154//154 146//146
f 155//155 78//78 77//77
f 155//155 146//146 147//147
f 156//156 78//78 155//155
f 156//156 155//155 147//147
f 156//156 147//147 148//148
f 157//157 148//148 149//149
f 157//157 156//156 148//148
f 157//157 79//79 78//78
f 157//157 78//78 156//156
f 158//158 149//149 150//150
f 158//158 157//157 149//149
f 158//158 79//79 157//157
f 158//158 80//80 79//79
f 159//159 150//150 151//151
f 159//159 151//151 153//153
f 159//159 158//158 150//150
f 159//159 80//80 158//158
f 159//159 81//81 80//80
f 160//160 153//153 117//117
f 160//160 81//81 159//159
f 160//160 82//82 81//81
f 160//160 83//83 82//82
f 160//160 159//159 153//153
f 160//160 117//117 118//118
f 160//160 118//118 83//83
f 75//75 1//1 74//74
f 161//161 1//1 75//75
f 161//161 39//39 1//1
f 162//162 75//75 76//76
f 162//162 161//161 75//75
f 163//163 76//76 77//77
f 163//163 162//162 76//76
f 164//164 77//77 78//78
f 164//164 163//163 77//77
f 165//165 78//78 79//79
f 165//165 164//164 78//78
f 166//166 79//79 80//80
f 166//166 165//165 79//79
f 167//167 80//80 81//81
f 167//167 166//166 80//80
f 168//168 39//39 161//161
f 168//168 40//40 39//39
f 169//169 81//81 82//82
f 169//169 82//82 83//83
f 169//169 167//167 81//81
f 169//169 83//83 84//84
f 170//170 168//168 161//161
f 170//170 161//161 162//162
f 171//171 170//170 162//162
f 171//171 162//162 163//163
f 172//172 171//171 163//163
f 172//172 163//163 164//164
f 173//173 172//172 164//164
f 173//173 164//164 165//165
f 174//174 173//173 165//165
f 174//174 165//165 166//166
f 175//175 166//166 167//167
f 175//175 174//174 166//166
f 176//176 41//41 40//40
f 176//176 40//40 168//168
f 177//177 84//84 85//85
f 177//177 175//175 167//167
f 177//177 167//167 169//169
f 177//177 169//169 84//84
f 178//178 168//168 170//170
f 178//178 176//176 168//168
f 179//179 178//178 170//170
f 179//179 170//170 171//171
f 180//180 179//179 171//171
f 180//180 171//171 172//172
f 181//181 172//172 173//173
f 181//181 180//180 172//172
f 182//182 181//181 173//173
f 182//182 173//173 174//174
f 183//183 182//182 174//174
f 183//183 174//174 175//175
f 184//184 42//42 41//41
f 184//184 41//41 176//176
f 185//185 183//183 175//175
f 185//185 177//177 85//85
f 185//185 86//86 183//183
f 185//185 175//175 177//177
f 185//185 85//85 86//86
f 186//186 184//184 176//176
f 186//186 176//176 178//178
f 187//187 186//186 178//178
f 187//187 178//178 179//179
f 188//188 179//179 180//180
f 188//188 187//187 179//179
f 189//189 180//180 181//181
f 189//189 188//188 180//180
f 190//190 182//182 183//183
f 190//190 189//189 181//181
f 190//190 181//181 182//182
f 191//191 190//190 183//183
f 191//191 183//183 86//86
f 192//192 43//43 42//42
f 192//192 42//42 184//184
f 193//193 191//191 86//86
f 193//193 87//87 191//191
f 193//193 86//86 87//87
f 194//194 192//192 184//184
f 194//194 184//184 186//186
f 195//195 186//186 187//187
f 195//195 194//194 186//186
f 196//196 187//187 188//188
f 196//196 195//195 187//187
f 197//197 196//196 188//188
f 197//197 188//188 189//189
f 198//198 189//189 190//190
f 198//198 197//197 189//189
f 199//199 190//190 191//191
f 199//199 191//191 87//87
f 199//199 198//198 190//190
f 200//200 44//44 43//43
f 200//200 45//45 44//44
f 200//200 43//43 192//192
f 201//201 87//87 88//88
f 201//201 199//199 87//87
f 201//201 88//88 199//199
f 202//202 192//192 194//194
f 202//202 200//200 192//192
f 203//203 195//195 196//196
f 203//203 194//194 195//195
f 203//203 202//202 194//194
f 204//204 203//203 196//196
f 205//205 204//204 196//196
f 205//205 196//196 197//197
f 205//205 197//197 198//198
f 206//206 205//205 198//198
f 207//207 206//206 198//198
f 207//207 199//199 88//88
f 207//207 198//198 199//199
f 208//208 45//45 200//200
f 209//209 89//89 207//207
f 209//209 207//207 88//88
f 209//209 88//88 89//89
f 210//210 202//202 203//203
f 210//210 208//208 200//200
f 210//210 200//200 202//202
f 211//211 210//210 203//203
f 212//212 203//203 204//204
f 212//212 211//211 203//203
f 213//213 204//204 205//205
f 213//213 212//212 204//204
f 214//214 205//205 206//206
f 214//214 206//206 207//207
f 214//214 213//213 205//205
f 215//215 207//207 89//89
f 215//215 214//214 207//207
f 216//216 46//46 45//45
f 216//216 45//45 208//208
f 216//216 208//208 210//210
f 217//217 215//215 89//89
f 217//217 90//90 215//215
f 217//217 89//89 90//90
f 218//218 216//216 210//210
f 219//219 210//210 211//211
f 219//219 218//218 210//210
f 220//220 211//211 212//212
f 220//220 219//219 211//211
f 221//221 220//220 212//212
f 221//221 212//212 213//213
f 222//222 213//213 214//214
f 222//222 221//221 213//213
f 223//223 214//214 215//215
f 223//223 215//215 90//90
f 223//223 222//222 214//214
f 223//223 91//91 222//222
f 224//224 47//47 46//46
f 224//224 46//46 216//216
f 224//224 48//48 47//47
f 225//225 223//223 90//90
f 225//225 90//90 91//91
f 225//225 91//91 223//223
f 226//226 224//224 216//216
f 226//226 216//216 218//218
f 227//227 226//226 218//218
f 227//227 218//218 219//219
f 227//227 219//219 220//220
f 228//228 227//227 220//220
f 229//229 220//220 221//221
f 229//229 228//228 220//220
f 230//230 221//221 222//222
f 230//230 222//222 91//91
f 230//230 229//229 221//221
f 231//231 230//230 91//91
f 231//231 92//92 230//230
f 232//232 48//48 224//224
f 233//233 91//91 92//92
f 233//233 92//92 231//231
f 233//233 231//231 91//91
f 234//234 232//232 224//224
f 234//234 224//224 226//226
f 234//234 226//226 227//227
f 235//235 49//49 48//48
f 235//235 48//48 232//232
f 236//236 234//234 227//227
f 237//237 235//235 232//232
f 237//237 232//232 234//234
f 238//238 236//236 227//227
f 238//238 227//227 228//228
f 239//239 234//234 236//236
f 239//239 237//237 234//234
f 240//240 228//228 229//229
f 240//240 238//238 228//228
f 241//241 236//236 238//238
f 241//241 239//239 236//236
f 242//242 240//240 229//229
f 242//242 230//230 92//92
f 242//242 229//229 230//230
f 243//243 240//240 242//242
f 243//243 241//241 238//238
f 243//243 238//238 240//240
f 244//244 242//242 92//92
f 245//245 49//49 235//235
f 246//246 243//243 242//242
f 246//246 242//242 244//244
f 247//247 244//244 92//92
f 247//247 92//92 93//93
f 248//248 237//237 239//239
f 248//248 245//245 235//235
f 248//248 235//235 237//237
f 249//249 246//246 244//244
f 250//250 245//245 248//248
f 250//250 50//50 49//49
f 250//250 49//49 245//245
f 251//251 248//248 239//239
f 252//252 244//244 247//247
f 252//252 249//249 244//244
f 252//252 247//247 93//93
f 253//253 248//248 251//251
f 253//253 250//250 248//248
f 254//254 251//251 239//239
f 254//254 239//239 241//241
f 255//255 251//251 254//254
f 255//255 253//253 251//251
f 256//256 241//241 243//243
f 256//256 254//254 241//241
f 257//257 254//254 256//256
f 257//257 255//255 254//254
f 258//258 243//243 246//246
f 258//258 256//256 243//243
f 259//259 257//257 256//256
f 260//260 246//246 249//249
f 260//260 249//249 252//252
f 260//260 258//258 246//246
f 261//261 50//50 250//250
f 262//262 259//259 256//256
f 262//262 256//256 258//258
f 262//262 258//258 260//260
f 263//263 260//260 252//252
f 263//263 252//252 93//93
f 263//263 93//93 94//94
f 264//264 250//250 253//253
f 264//264 261//261 250//250
f 265//265 262//262 260//260
f 266//266 253//253 255//255
f 266//266 264//264 253//253
f 267//267 51//51 50//50
f 267//267 50//50 261//261
f 268//268 260//260 263//263
f 268//268 265//265 260//260
f 268//268 263//263 94//94
f 269//269 255//255 257//257
f 269//269 266//266 255//255
f 270//270 261//261 264//264
f 270//270 264//264 266//266
f 270//270 267//267 261//261
f 271//271 257//257 259//259
f 271//271 259//259 262//262
f 271//271 269//269 257//257
f 272//272 270//270 266//266
f 273//273 271//271 262//262
f 274//274 272//272 266//266
f 274//274 266//266 269//269
f 275//275 273//273 262//262
f 275//275 262//262 265//265
f 275//275 265//265 268//268
f 276//276 274//274 269//269
f 276//276 269//269 271//271
f 277//277 51//51 267//267
f 278//278 275//275 268//268
f 278//278 94//94 95//95
f 278//278 268//268 94//94
f 279//279 276//276 271//271
f 279//279 271//271 273//273
f 280//280 267//267 270//270
f 280//280 277//277 267//267
f 281//281 273//273 275//275
f 281//281 279//279 273//273
f 282//282 270//270 272//272
f 282//282 280//280 270//270
f 283//283 52//52 51//51
f 283//283 51//51 277//277
f 284//284 275//275 278//278
f 284//284 278//278 95//95
f 284//284 281//281 275//275
f 285//285 282//282 272//272
f 285//285 272//272 274//274
f 286//286 283//283 277//277
f 286//286 280//280 282//282
f 286//286 277//277 280//280
f 287//287 285//285 274//274
f 287//287 274//274 276//276
f 287//287 276//276 279//279
f 288//288 286//286 282//282
f 288//288 282//282 285//285
f 289//289 287//287 279//279
f 290//290 288//288 285//285
f 291//291 279//279 281//281
f 291//291 289//289 279//279
f 292//292 52//52 283//283
f 293//293 285//285 287//287
f 293//293 290//290 285//285
f 294//294 284//284 95//95
f 294//294 281//281 284//284
f 294//294 291//291 281//281
f 294//294 95//95 96//96
f 295//295 283//283 286//286
f 295//295 292//292 283//283
f 296//296 287//287 289//289
f 296//296 293//293 287//287
f 297//297 286//286 288//288
f 297//297 295//295 286//286
f 298//298 289//289 291//291
f 298//298 296//296 289//289
f 299//299 53//53 52//52
f 299//299 52//52 292//292
f 300//300 290//290 293//293
f 300//300 288//288 290//290
f 300//300 297//297 288//288
f 301//301 291//291 294//294
f 301//301 294//294 96//96
f 301//301 298//298 291//291
f 302//302 299//299 292//292
f 302//302 292//292 295//295
f 302//302 295//295 297//297
f 303//303 300//300 293//293
f 304//304 302//302 297//297
f 305//305 293//293 296//296
f 305//305 303//303 293//293
f 306//306 304//304 297//297
f 306//306 297//297 300//300
f 307//307 296//296 298//298
f 307//307 305//305 296//296
f 308//308 53//53 299//299
f 308//308 299//299 302//302
f 309//309 306//306 300//300
f 309//309 300//300 303//303
f 310//310 96//96 97//97
f 310//310 301//301 96//96
f 310//310 307//307 298//298
f 310//310 298//298 301//301
f 311//311 308//308 302//302
f 312//312 309//309 303//303
f 312//312 303//303 305//305
f 313//313 311//311 302//302
f 313//313 302//302 304//304
f 314//314 312//312 305//305
f 314//314 305//305 307//307
f 314//314 307//307 310//310
f 315//315 54//54 53//53
f 315//315 53//53 308//308
f 316//316 313//313 304//304
f 316//316 304//304 306//306
f 317//317 314//314 310//310
f 317//317 310//310 97//97
f 318//318 311//311 313//313
f 318//318 315//315 308//308
f 318//318 308//308 311//311
f 319//319 306//306 309//309
f 319//319 316//316 306//306
f 320//320 318//318 313//313
f 321//321 309//309 312//312
f 321//321 319//319 309//309
f 322//322 313//313 316//316
f 322//322 320//320 313//313
f 323//323 312//312 314//314
f 323//323 321//321 312//312
f 324//324 54//54 315//315
f 325//325 316//316 319//319
f 325//325 322//322 316//316
f 326//326 314//314 317//317
f 326//326 317//317 97//97
f 326//326 323//323 314//314
f 326//326 97//97 98//98
f 327//327 324//324 315//315
f 327//327 318//318 320//320
f 327//327 315//315 318//318
f 328//328 319//319 321//321
f 328//328 321//321 323//323
f 328//328 325//325 319//319
f 329//329 320//320 322//322
f 329//329 327//327 320//320
f 330//330 328//328 323//323
f 331//331 55//55 54//54
f 331//331 54//54 324//324
f 332//332 329//329 322//322
f 333//333 323//323 326//326
f 333//333 326//326 98//98
f 333//333 330//330 323//323
f 334//334 331//331 324//324
f 334//334 324//324 327//327
f 334//334 327//327 329//329
f 335//335 322//322 325//325
f 335//335 325//325 328//328
f 335//335 332//332 322//322
f 336//336 334//334 329//329
f 337//337 335//335 328//328
f 338//338 329//329 332//332
f 338//338 336//336 329//329
f 339//339 328//328 330//330
f 339//339 337//337 328//328
f 340//340 55//55 331//331
f 341//341 332//332 335//335
f 341//341 338//338 332//332
f 342//342 339//339 330//330
f 342//342 98//98 99//99
f 342//342 333//333 98//98
f 342//342 330//330 333//333
f 343//343 340//340 331//331
f 343//343 331//331 334//334
f 344//344 341//341 335//335
f 344//344 335//335 337//337
f 345//345 334//334 336//336
f 345//345 343//343 334//334
f 346//346 344//344 337//337
f 346//346 337//337 339//339
f 347//347 56//56 55//55
f 347//347 55//55 340//340
f 348//348 336//336 338//338
f 348//348 345//345 336//336
f 349//349 339//339 342//342
f 349//349 346//346 339//339
f 349//349 342//342 99//99
f 350//350 347//347 340//340
f 350//350 343//343 345//345
f 350//350 340//340 343//343
f 351//351 338//338 341//341
f 351//351 348//348 338//338
f 351//351 341//341 344//344
f 352//352 350//350 345//345
f 353//353 351//351 344//344
f 354//354 352//352 345//345
f 354//354 345//345 348//348
f 355//355 344//344 346//346
f 355//355 353//353 344//344
f 356//356 56//56 347//347
f 357//357 348//348 351//351
f 357//357 354//354 348//348
f 358//358 346//346 349//349
f 358//358 349//349 99//99
f 358//358 355//355 346//346
f 358//358 99//99 100//100
f 359//359 347//347 350//350
f 359//359 356//356 347//347
f 360//360 351//351 353//353
f 360//360 357//357 351//351
f 361//361 352//352 354//354
f 361//361 350//350 352//352
f 361//361 359//359 350//350
f 362//362 353//353 355//355
f 362//362 360//360 353//353
f 362//362 355//355 358//358
f 363//363 354//354 357//357
f 363//363 361//361 354//354
f 364//364 56//56 356//356
f 364//364 57//57 56//56
f 364//364 356//356 359//359
f 365//365 358//358 100//100
f 365//365 362//362 358//358
f 366//366 363//363 357//357
f 367//367 364//364 359//359
f 368//368 357//357 360//360
f 368//368 366//366 357//357
f 369//369 361//361 363//363
f 369//369 359//359 361//361
f 369//369 367//367 359//359
f 370//370 360//360 362//362
f 370//370 368//368 360//360
f 371//371 369//369 363//363
f 372//372 57//57 364//364
f 372//372 364//364 367//367
f 373//373 100//100 101//101
f 373//373 365//365 100//100
f 373//373 370//370 362//362
f 373//373 362//362 365//365
f 374//374 371//371 363//363
f 374//374 363//363 366//366
f 374//374 366//366 368//368
f 375//375 372//372 367//367
f 376//376 374//374 368//368
f 377//377 375//375 367//367
f 377//377 369//369 371//371
f 377//377 367//367 369//369
f 378//378 368//368 370//370
f 378//378 376//376 368//368
f 379//379 377//377 371//371
f 380//380 58//58 57//57
f 380//380 57//57 372//372
f 381//381 373//373 101//101
f 381//381 378//378 370//370
f 381//381 370//370 373//373
f 382//382 374//374 376//376
f 382//382 379//379 371//371
f 382//382 371//371 374//374
f 383//383 380//380 372//372
f 383//383 372//372 375//375
f 384//384 382//382 376//376
f 385//385 375//375 377//377
f 385//385 383//383 375//375
f 386//386 376//376 378//378
f 386//386 378//378 381//381
f 386//386 384//384 376//376
f 387//387 58//58 380//380
f 388//388 377//377 379//379
f 388//388 385//385 377//377
f 389//389 381//381 101//101
f 389//389 386//386 381//381
f 389//389 101//101 102//102
f 390//390 380//380 383//383
f 390//390 387//387 380//380
f 391//391 379//379 382//382
f 391//391 388//388 379//379
f 392//392 385//385 388//388
f 392//392 383//383 385//385
f 392//392 390//390 383//383
f 393//393 382//382 384//384
f 393//393 391//391 382//382
f 394//394 388//388 391//391
f 394//394 392//392 388//388
f 395//395 384//384 386//386
f 395//395 386//386 389//389
f 395//395 393//393 384//384
f 396//396 59//59 58//58
f 396//396 387//387 390//390
f 396//396 58//58 387//387
f 397//397 394//394 391//391
f 398//398 389//389 102//102
f 398//398 395//395 389//389
f 399//399 396//396 390//390
f 400//400 391//391 393//393
f 400//400 393//393 395//395
f 400//400 397//397 391//391
f 401//401 390//390 392//392
f 401//401 399//399 390//390
f 402//402 400//400 395//395
f 403//403 59//59 396//396
f 404//404 392//392 394//394
f 404//404 401//401 392//392
f 405//405 102//102 103//103
f 405//405 395//395 398//398
f 405//405 398//398 102//102
f 405//405 402//402 395//395
f 406//406 396//396 399//399
f 406//406 403//403 396//396
f 407//407 394//394 397//397
f 407//407 404//404 394//394
f 408//408 399//399 401//401
f 408//408 406//406 399//399
f 409//409 397//397 400//400
f 409//409 407//407 397//397
f 410//410 401//401 404//404
f 410//410 408//408 401//401
f 410//410 404//404 407//407
f 411//411 402//402 405//405
f 411//411 409//409 400//400
f 411//411 400//400 402//402
f 412//412 403//403 406//406
f 412//412 60//60 59//59
f 412//412 59//59 403//403
f 413//413 410//410 407//407
f 413//413 407//407 409//409
f 414//414 411//411 405//405
f 414//414 405//405 103//103
f 415//415 412//412 406//406
f 416//416 413//413 409//409
f 417//417 415//415 406//406
f 417//417 406//406 408//408
f 418//418 416//416 409//409
f 418//418 409//409 411//411
f 419//419 60//60 412//412
f 420//420 417//417 408//408
f 420//420 408//408 410//410
f 421//421 411//411 414//414
f 421//421 418//418 411//411
f 421//421 414//414 103//103
f 421//421 103//103 104//104
f 422//422 419//419 412//412
f 422//422 412//412 415//415
f 423//423 410//410 413//413
f 423//423 420//420 410//410
f 424//424 422//422 415//415
f 424//424 415//415 417//417
f 425//425 413//413 416//416
f 425//425 423//423 413//413
f 426//426 424//424 417//417
f 426//426 417//417 420//420
f 427//427 416//416 418//418
f 427//427 425//425 416//416
f 427//427 418//418 421//421
f 428//428 61//61 60//60
f 428//428 60//60 419//419
f 428//428 419//419 422//422
f 429//429 423//423 425//425
f 429//429 420//420 423//423
f 429//429 426//426 420//420
f 430//430 421//421 104//104
f 430//430 427//427 421//421
f 431//431 428//428 422//422
f 432//432 429//429 425//425
f 433//433 431//431 422//422
f 433//433 422//422 424//424
f 434//434 425//425 427//427
f 434//434 432//432 425//425
f 435//435 428//428 431//431
f 435//435 61//61 428//428
f 436//436 424//424 426//426
f 436//436 433//433 424//424
f 436//436 426//426 429//429
f 437//437 434//434 427//427
f 437//437 430//430 104//104
f 437//437 104//104 105//105
f 437//437 427//427 430//430
f 438//438 435//435 431//431
f 439//439 436//436 429//429
f 440//440 438//438 431//431
f 440//440 431//431 433//433
f 441//441 439//439 429//429
f 441//441 429//429 432//432
f 442//442 440//440 433//433
f 442//442 433//433 436//436
f 443//443 441//441 432//432
f 443//443 434//434 437//437
f 443//443 432//432 434//434
f 444//444 61//61 435//435
f 444//444 62//62 61//61
f 445//445 442//442 436//436
f 445//445 439//439 441//441
f 445//445 436//436 439//439
f 446//446 437//437 105//105
f 446//446 443//443 437//437
f 447//447 444//444 435//435
f 447//447 435//435 438//438
f 448//448 445//445 441//441
f 449//449 447//447 438//438
f 449//449 438//438 440//440
f 450//450 441//441 443//443
f 450//450 448//448 441//441
f 451//451 62//62 444//444
f 452//452 449//449 440//440
f 452//452 440//440 442//442
f 453//453 443//443 446//446
f 453//453 450//450 443//443
f 453//453 105//105 106//106
f 453//453 446//446 105//105
f 454//454 444//444 447//447
f 454//454 451//451 444//444
f 455//455 442//442 445//445
f 455//455 445//445 448//448
f 455//455 452//452 442//442
f 456//456 454//454 447//447
f 456//456 447//447 449//449
f 457//457 455//455 448//448
f 458//458 449//449 452//452
f 458//458 456//456 449//449
f 459//459 448//448 450//450
f 459//459 450//450 453//453
f 459//459 457//457 448//448
f 460//460 452//452 455//455
f 460//460 458//458 452//452
f 461//461 63//63 62//62
f 461//461 62//62 451//451
f 461//461 451//451 454//454
f 462//462 453//453 106//106
f 462//462 459//459 453//453
f 463//463 455//455 457//457
f 463//463 460//460 455//455
f 464//464 461//461 454//454
f 465//465 457//457 459//459
f 465//465 459//459 462//462
f 465//465 463//463 457//457
f 466//466 454//454 456//456
f 466//466 464//464 454//454
f 467//467 63//63 461//461
f 468//468 462//462 106//106
f 468//468 465//465 462//462
f 468//468 106//106 107//107
f 469//469 456//456 458//458
f 469//469 466//466 456//456
f 470//470 461//461 464//464
f 470//470 467//467 461//461
f 471//471 458//458 460//460
f 471//471 460//460 463//463
f 471//471 469//469 458//458
f 472//472 470//470 464//464
f 472//472 464//464 466//466
f 472//472 466//466 469//469
f 473//473 471//471 463//463
f 474//474 472//472 469//469
f 475//475 463//463 465//465
f 475//475 473//473 463//463
f 476//476 474//474 469//469
f 476//476 469//469 471//471
f 477//477 63//63 467//467
f 477//477 64//64 63//63
f 478//478 475//475 465//465
f 478//478 465//465 468//468
f 478//478 468//468 107//107
f 479//479 471//471 473//473
f 479//479 476//476 471//471
f 480//480 477//477 467//467
f 480//480 467//467 470//470
f 481//481 473//473 475//475
f 481//481 475//475 478//478
f 481//481 479//479 473//473
f 482//482 64//64 477//477
f 482//482 477//477 480//480
f 483//483 472//472 474//474
f 483//483 480//480 470//470
f 483//483 470//470 472//472
f 484//484 481//481 478//478
f 484//484 478//478 107//107
f 484//484 107//107 108//108
f 485//485 482//482 480//480
f 486//486 483//483 474//474
f 487//487 485//485 480//480
f 487//487 480//480 483//483
f 488//488 474//474 476//476
f 488//488 486//486 474//474
f 489//489 483//483 486//486
f 489//489 487//487 483//483
f 490//490 476//476 479//479
f 490//490 488//488 476//476
f 491//491 489//489 486//486
f 491//491 486//486 488//488
f 491//491 488//488 490//490
f 492//492 479//479 481//481
f 492//492 481//481 484//484
f 492//492 490//490 479//479
f 493//493 64//64 482//482
f 493//493 482//482 485//485
f 493//493 65//65 64//64
f 494//494 491//491 490//490
f 495//495 484//484 108//108
f 495//495 492//492 484//484
f 496//496 493//493 485//485
f 497//497 494//494 490//490
f 497//497 490//490 492//492
f 498//498 65//65 493//493
f 499//499 485//485 487//487
f 499//499 496//496 485//485
f 500//500 495//495 108//108
f 500//500 492//492 495//495
f 500//500 497//497 492//492
f 500//500 108//108 109//109
f 501//501 493//493 496//496
f 501//501 498//498 493//493
f 502//502 487//487 489//489
f 502//502 499//499 487//487
f 503//503 501//501 496//496
f 503//503 496//496 499//499
f 504//504 489//489 491//491
f 504//504 502//502 489//489
f 505//505 499//499 502//502
f 505//505 503//503 499//499
f 506//506 491//491 494//494
f 506//506 504//504 491//491
f 507//507 505//505 502//502
f 507//507 504//504 506//506
f 507//507 502//502 504//504
f 508//508 494//494 497//497
f 508//508 506//506 494//494
f 509//509 66//66 65//65
f 509//509 65//65 498//498
f 510//510 506//506 508//508
f 510//510 507//507 506//506
f 511//511 508//508 497//497
f 511//511 497//497 500//500
f 511//511 500//500 109//109
f 512//512 66//66 509//509
f 512//512 509//509 498//498
f 512//512 498//498 501//501
f 513//513 510//510 508//508
f 514//514 66//66 512//512
f 514//514 512//512 501//501
f 514//514 501//501 503//503
f 515//515 508//508 511//511
f 515//515 513//513 508//508
f 515//515 511//511 109//109
f 515//515 109//109 110//110
f 516//516 514//514 503//503
f 516//516 503//503 505//505
f 516//516 505//505 507//507
f 517//517 516//516 507//507
f 518//518 507//507 510//510
f 518//518 517//517 507//507
f 519//519 510//510 513//513
f 519//519 518//518 510//510
f 520//520 67//67 66//66
f 521//521 513//513 515//515
f 521//521 515//515 110//110
f 521//521 519//519 513//513
f 521//521 110//110 111//111
f 522//522 520//520 66//66
f 522//522 67//67 520//520
f 523//523 66//66 514//514
f 523//523 522//522 66//66
f 523//523 67//67 522//522
f 523//523 514//514 516//516
f 524//524 523//523 516//516
f 525//525 516//516 517//517
f 525//525 524//524 516//516
f 525//525 517//517 518//518
f 526//526 525//525 518//518
f 526//526 518//518 519//519
f 527//527 526//526 519//519
f 528//528 68//68 67//67
f 529//529 527//527 519//519
f 529//529 519//519 521//521
f 529//529 521//521 111//111
f 530//530 528//528 67//67
f 530//530 68//68 528//528
f 531//531 67//67 523//523
f 531//531 530//530 67//67
f 532//532 531//531 523//523
f 532//532 523//523 524//524
f 533//533 524//524 525//525
f 533//533 532//532 524//524
f 534//534 525//525 526//526
f 534//534 533//533 525//525
f 535//535 526//526 527//527
f 535//535 534//534 526//526
f 536//536 69//69 68//68
f 537//537 527//527 529//529
f 537//537 529//529 111//111
f 537//537 535//535 527//527
f 537//537 111//111 112//112
f 537//537 112//112 113//113
f 538//538 68//68 530//530
f 538//538 536//536 68//68
f 538//538 69//69 536//536
f 539//539 530//530 531//531
f 539//539 538//538 530//530
f 540//540 539//539 531//531
f 540//540 531//531 532//532
f 541//541 540//540 532//532
f 541//541 532//532 533//533
f 541//541 533//533 534//534
f 121//121 541//541 534//534
f 121//121 534//534 535//535
f 120//120 121//121 535//535
f 542//542 70//70 69//69
f 125//125 120//120 535//535
f 125//125 535//535 537//537
f 125//125 537//537 113//113
f 127//127 542//542 69//69
f 127//127 70//70 542//542
f 127//127 69//69 538//538
f 129//129 539//539 540//540
f 129//129 538//538 539//539
f 129//129 127//127 538//538
f 132//132 129//129 540//540
f 131//131 132//132 540//540
f 131//131 540//540 541//541
f 122//122 131//131 541//541
f 122//122 541//541 121//121
f 587//587 588//588 589//589
f 587//587 589//589 590//590
f 591//591 592//592 588//588
f 591//591 588//588 587//587
f 593//593 594//594 592//592
f 593//593 592//592 591//591
f 595//595 34//34 35//35
f 596//596 597//597 594//594
f 596//596 594//594 593//593
f 596//596 582//582 581//581
f 596//596 583//583 582//582
f 596//596 581//581 597//597
f 598//598 34//34 595//595
f 598//598 599//599 34//34
f 598//598 600//600 599//599
f 598//598 595//595 35//35
f 601//601 600//600 598//598
f 602//602 590//590 600//600
f 602//602 600//600 601//601
f 603//603 587//587 590//590
f 603//603 591//591 587//587
f 603//603 590//590 602//602
f 604//604 591//591 603//603
f 605//605 596//596 593//593
f 605//605 593//593 591//591
f 605//605 591//591 604//604
f 606//606 35//35 36//36
f 607//607 583//583 596//596
f 607//607 596//596 605//605
f 608//608 598//598 35//35
f 608//608 606//606 36//36
f 608//608 35//35 606//606
f 609//609 601//601 598//598
f 609//609 598//598 608//608
f 610//610 602//602 601//601
f 610//610 601//601 609//609
f 611//611 603//603 602//602
f 611//611 602//602 610//610
f 612//612 604//604 603//603
f 612//612 603//603 611//611
f 613//613 605//605 604//604
f 613//613 604//604 612//612
f 614//614 36//36 37//37
f 615//615 583//583 607//607
f 615//615 607//607 605//605
f 615//615 605//605 613//613
f 615//615 584//584 583//583
f 616//616 608//608 36//36
f 616//616 36//36 614//614
f 617//617 608//608 616//616
f 617//617 609//609 608//608
f 618//618 609//609 617//617
f 618//618 610//610 609//609
f 619//619 610//610 618//618
f 619//619 611//611 610//610
f 619//619 612//612 611//611
f 620//620 612//612 619//619
f 621//621 613//613 612//612
f 621//621 612//612 620//620
f 621//621 615//615 613//613
f 622//622 37//37 38//38
f 622//622 38//38 543//543
f 622//622 614//614 37//37
f 623//623 615//615 621//621
f 623//623 585//585 584//584
f 623//623 586//586 585//585
f 623//623 584//584 615//615
f 624//624 614//614 622//622
f 624//624 543//543 544//544
f 624//624 622//622 543//543
f 624//624 616//616 614//614
f 625//625 624//624 544//544
f 625//625 616//616 624//624
f 625//625 544//544 545//545
f 625//625 617//617 616//616
f 626//626 617//617 625//625
f 626//626 545//545 546//546
f 626//626 625//625 545//545
f 626//626 618//618 617//617
f 627//627 619//619 618//618
f 627//627 618//618 626//626
f 627//627 546//546 547//547
f 627//627 626//626 546//546
f 628//628 620//620 619//619
f 628//628 619//619 627//627
f 628//628 627//627 547//547
f 628//628 547//547 548//548
f 629//629 621//621 620//620
f 629//629 620//620 628//628
f 629//629 628//628 548//548
f 629//629 548//548 549//549
f 630//630 623//623 621//621
f 630//630 621//621 629//629
f 630//630 629//629 549//549
f 630//630 549//549 550//550
f 630//630 550//550 586//586
f 630//630 586//586 623//623
f 543//543 38//38 2//2
f 551//551 586//586 550//550
f 631//631 543//543 2//2
f 631//631 2//2 3//3
f 632//632 544//544 543//543
f 632//632 543//543 631//631
f 633//633 545//545 544//544
f 633//633 544//544 632//632
f 634//634 546//546 545//545
f 634//634 545//545 633//633
f 635//635 547//547 546//546
f 635//635 546//546 634//634
f 636//636 548//548 547//547
f 636//636 547//547 635//635
f 637//637 549//549 548//548
f 637//637 548//548 636//636
f 638//638 631//631 3//3
f 638//638 3//3 4//4
f 639//639 550//550 549//549
f 639//639 551//551 550//550
f 639//639 549//549 637//637
f 639//639 552//552 551//551
f 640//640 631//631 638//638
f 640//640 632//632 631//631
f 641//641 632//632 640//640
f 641//641 633//633 632//632
f 642//642 633//633 641//641
f 642//642 634//634 633//633
f 643//643 634//634 642//642
f 643//643 635//635 634//634
f 644//644 635//635 643//643
f 644//644 636//636 635//635
f 645//645 637//637 636//636
f 645//645 636//636 644//644
f 646//646 4//4 5//5
f 646//646 638//638 4//4
f 647//647 553//553 552//552
f 647//647 637//637 645//645
f 647//647 639//639 637//637
f 647//647 552//552 639//639
f 648//648 640//640 638//638
f 648//648 638//638 646//646
f 649//649 640//640 648//648
f 649//649 641//641 640//640
f 650//650 641//641 649//649
f 650//650 642//642 641//641
f 651//651 643//643 642//642
f 651//651 642//642 650//650
f 652//652 643//643 651//651
f 652//652 644//644 643//643
f 653//653 644//644 652//652
f 653//653 645//645 644//644
f 654//654 5//5 6//6
f 654//654 646//646 5//5
f 655//655 645//645 653//653
f 655//655 553//553 647//647
f 655//655 653//653 554//554
f 655//655 647//647 645//645
f 655//655 554//554 553//553
f 656//656 646//646 654//654
f 656//656 648//648 646//646
f 657//657 648//648 656//656
f 657//657 649//649 648//648
f 658//658 650//650 649//649
f 658//658 649//649 657//657
f 659//659 651//651 650//650
f 659//659 650//650 658//658
f 660//660 651//651 659//659
f 660//660 652//652 651//651
f 661//661 653//653 652//652
f 661//661 554//554 653//653
f 661//661 652//652 660//660
f 662//662 6//6 7//7
f 662//662 654//654 6//6
f 663//663 661//661 555//555
f 663//663 554//554 661//661
f 663//663 555//555 554//554
f 664//664 654//654 662//662
f 664//664 656//656 654//654
f 665//665 657//657 656//656
f 665//665 656//656 664//664
f 666//666 659//659 658//658
f 666//666 658//658 657//657
f 666//666 657//657 665//665
f 667//667 659//659 666//666
f 668//668 660//660 659//659
f 668//668 659//659 667//667
f 669//669 661//661 660//660
f 669//669 555//555 661//661
f 669//669 660//660 668//668
f 670//670 662//662 7//7
f 670//670 7//7 8//8
f 670//670 8//8 9//9
f 671//671 555//555 669//669
f 671//671 556//556 555//555
f 671//671 669//669 556//556
f 672//672 664//664 662//662
f 672//672 662//662 670//670
f 673//673 665//665 664//664
f 673//673 664//664 672//672
f 674//674 666//666 665//665
f 674//674 665//665 673//673
f 675//675 666//666 674//674
f 675//675 668//668 667//667
f 675//675 667//667 666//666
f 676//676 668//668 675//675
f 677//677 668//668 676//676
f 677//677 556//556 669//669
f 677//677 669//669 668//668
f 678//678 670//670 9//9
f 679//679 677//677 557//557
f 679//679 556//556 677//677
f 679//679 557//557 556//556
f 680//680 670//670 678//678
f 680//680 672//672 670//670
f 681//681 673//673 672//672
f 681//681 672//672 680//680
f 682//682 674//674 673//673
f 682//682 673//673 681//681
f 683//683 675//675 674//674
f 683//683 674//674 682//682
f 684//684 676//676 675//675
f 684//684 677//677 676//676
f 684//684 675//675 683//683
f 685//685 557//557 677//677
f 685//685 677//677 684//684
f 686//686 9//9 10//10
f 686//686 678//678 9//9
f 687//687 557//557 685//685
f 687//687 685//685 558//558
f 687//687 558//558 557//557
f 688//688 680//680 678//678
f 688//688 678//678 686//686
f 689//689 681//681 680//680
f 689//689 680//680 688//688
f 690//690 682//682 681//681
f 690//690 681//681 689//689
f 691//691 683//683 682//682
f 691//691 682//682 690//690
f 692//692 684//684 683//683
f 692//692 683//683 691//691
f 693//693 685//685 684//684
f 693//693 558//558 685//685
f 693//693 684//684 692//692
f 693//693 692//692 559//559
f 694//694 10//10 11//11
f 694//694 11//11 12//12
f 694//694 686//686 10//10
f 695//695 558//558 693//693
f 695//695 559//559 558//558
f 695//695 693//693 559//559
f 696//696 688//688 686//686
f 696//696 686//686 694//694
f 697//697 689//689 688//688
f 697//697 688//688 696//696
f 698//698 690//690 689//689
f 698//698 689//689 697//697
f 699//699 691//691 690//690
f 699//699 690//690 698//698
f 700//700 692//692 691//691
f 700//700 559//559 692//692
f 700//700 691//691 699//699
f 701//701 559//559 700//700
f 701//701 700//700 560//560
f 702//702 694//694 12//12
f 703//703 560//560 559//559
f 703//703 701//701 560//560
f 703//703 559//559 701//701
f 704//704 696//696 694//694
f 704//704 694//694 702//702
f 705//705 12//12 13//13
f 705//705 702//702 12//12
f 706//706 697//697 696//696
f 706//706 696//696 704//704
f 707//707 704//704 702//702
f 707//707 702//702 705//705
f 708//708 698//698 697//697
f 708//708 697//697 706//706
f 709//709 704//704 707//707
f 709//709 706//706 704//704
f 710//710 698//698 708//708
f 710//710 699//699 698//698
f 711//711 708//708 706//706
f 711//711 706//706 709//709
f 712//712 699//699 710//710
f 712//712 560//560 700//700
f 712//712 700//700 699//699
f 713//713 710//710 708//708
f 713//713 712//712 710//710
f 713//713 708//708 711//711
f 714//714 560//560 712//712
f 715//715 705//705 13//13
f 716//716 712//712 713//713
f 716//716 714//714 712//712
f 717//717 560//560 714//714
f 717//717 561//561 560//560
f 718//718 707//707 705//705
f 718//718 705//705 715//715
f 719//719 714//714 716//716
f 719//719 717//717 714//714
f 720//720 13//13 14//14
f 720//720 715//715 13//13
f 721//721 709//709 707//707
f 721//721 707//707 718//718
f 722//722 561//561 717//717
f 722//722 717//717 719//719
f 723//723 718//718 715//715
f 723//723 715//715 720//720
f 723//723 721//721 718//718
f 724//724 709//709 721//721
f 724//724 711//711 709//709
f 725//725 721//721 723//723
f 725//725 724//724 721//721
f 726//726 713//713 711//711
f 726//726 711//711 724//724
f 727//727 726//726 724//724
f 727//727 724//724 725//725
f 728//728 716//716 713//713
f 728//728 713//713 726//726
f 729//729 726//726 727//727
f 730//730 719//719 716//716
f 730//730 716//716 728//728
f 731//731 720//720 14//14
f 731//731 723//723 720//720
f 732//732 726//726 729//729
f 732//732 728//728 726//726
f 732//732 730//730 728//728
f 733//733 561//561 722//722
f 733//733 722//722 719//719
f 733//733 562//562 561//561
f 733//733 719//719 730//730
f 734//734 725//725 723//723
f 734//734 723//723 731//731
f 735//735 730//730 732//732
f 735//735 733//733 730//730
f 736//736 725//725 734//734
f 737//737 14//14 15//15
f 737//737 731//731 14//14
f 738//738 562//562 733//733
f 738//738 733//733 735//735
f 739//739 727//727 725//725
f 739//739 725//725 736//736
f 740//740 731//731 737//737
f 740//740 734//734 731//731
f 740//740 736//736 734//734
f 741//741 729//729 727//727
f 741//741 732//732 729//729
f 741//741 727//727 739//739
f 742//742 736//736 740//740
f 743//743 732//732 741//741
f 744//744 739//739 736//736
f 744//744 736//736 742//742
f 745//745 735//735 732//732
f 745//745 732//732 743//743
f 745//745 738//738 735//735
f 746//746 739//739 744//744
f 746//746 741//741 739//739
f 747//747 737//737 15//15
f 748//748 738//738 745//745
f 748//748 563//563 562//562
f 748//748 562//562 738//738
f 749//749 743//743 741//741
f 749//749 741//741 746//746
f 750//750 737//737 747//747
f 750//750 740//740 737//737
f 751//751 745//745 743//743
f 751//751 743//743 749//749
f 752//752 742//742 740//740
f 752//752 740//740 750//750
f 753//753 15//15 16//16
f 753//753 747//747 15//15
f 754//754 748//748 745//745
f 754//754 745//745 751//751
f 754//754 563//563 748//748
f 755//755 744//744 742//742
f 755//755 742//742 752//752
f 756//756 750//750 747//747
f 756//756 747//747 753//753
f 756//756 752//752 750//750
f 757//757 749//749 746//746
f 757//757 744//744 755//755
f 757//757 746//746 744//744
f 758//758 752//752 756//756
f 759//759 749//749 757//757
f 760//760 755//755 752//752
f 760//760 752//752 758//758
f 761//761 751//751 749//749
f 761//761 749//749 759//759
f 762//762 753//753 16//16
f 763//763 757//757 755//755
f 763//763 755//755 760//760
f 764//764 754//754 751//751
f 764//764 563//563 754//754
f 764//764 751//751 761//761
f 764//764 564//564 563//563
f 765//765 756//756 753//753
f 765//765 753//753 762//762
f 766//766 759//759 757//757
f 766//766 757//757 763//763
f 767//767 758//758 756//756
f 767//767 756//756 765//765
f 768//768 761//761 759//759
f 768//768 759//759 766//766
f 769//769 16//16 17//17
f 769//769 762//762 16//16
f 770//770 760//760 758//758
f 770//770 758//758 767//767
f 771//771 764//764 761//761
f 771//771 564//564 764//764
f 771//771 761//761 768//768
f 772//772 762//762 769//769
f 772//772 765//765 762//762
f 773//773 763//763 760//760
f 773//773 760//760 770//770
f 774//774 770//770 767//767
f 774//774 767//767 765//765
f 774//774 765//765 772//772
f 775//775 766//766 763//763
f 775//775 763//763 773//773
f 776//776 770//770 774//774
f 777//777 766//766 775//775
f 777//777 768//768 766//766
f 778//778 769//769 17//17
f 779//779 770//770 776//776
f 779//779 773//773 770//770
f 780//780 768//768 777//777
f 780//780 564//564 771//771
f 780//780 565//565 564//564
f 780//780 771//771 768//768
f 781//781 774//774 772//772
f 781//781 769//769 778//778
f 781//781 772//772 769//769
f 782//782 775//775 773//773
f 782//782 773//773 779//779
f 783//783 774//774 781//781
f 784//784 775//775 782//782
f 784//784 777//777 775//775
f 785//785 778//778 17//17
f 785//785 17//17 18//18
f 786//786 776//776 774//774
f 786//786 774//774 783//783
f 787//787 780//780 777//777
f 787//787 565//565 780//780
f 787//787 777//777 784//784
f 788//788 783//783 781//781
f 788//788 778//778 785//785
f 788//788 781//781 778//778
f 789//789 779//779 776//776
f 789//789 776//776 786//786
f 790//790 783//783 788//788
f 791//791 779//779 789//789
f 791//791 782//782 779//779
f 792//792 786//786 783//783
f 792//792 783//783 790//790
f 793//793 784//784 782//782
f 793//793 782//782 791//791
f 794//794 785//785 18//18
f 795//795 789//789 786//786
f 795//795 786//786 792//792
f 796//796 565//565 787//787
f 796//796 787//787 784//784
f 796//796 784//784 793//793
f 796//796 566//566 565//565
f 797//797 785//785 794//794
f 797//797 788//788 785//785
f 798//798 789//789 795//795
f 798//798 791//791 789//789
f 798//798 793//793 791//791
f 799//799 792//792 790//790
f 799//799 790//790 788//788
f 799//799 788//788 797//797
f 800//800 793//793 798//798
f 801//801 18//18 19//19
f 801//801 794//794 18//18
f 802//802 792//792 799//799
f 803//803 796//796 793//793
f 803//803 566//566 796//796
f 803//803 793//793 800//800
f 804//804 799//799 797//797
f 804//804 797//797 794//794
f 804//804 794//794 801//801
f 805//805 795//795 792//792
f 805//805 798//798 795//795
f 805//805 792//792 802//802
f 806//806 799//799 804//804
f 807//807 798//798 805//805
f 808//808 802//802 799//799
f 808//808 799//799 806//806
f 809//809 800//800 798//798
f 809//809 798//798 807//807
f 810//810 801//801 19//19
f 811//811 805//805 802//802
f 811//811 802//802 808//808
f 812//812 567//567 566//566
f 812//812 800//800 809//809
f 812//812 566//566 803//803
f 812//812 803//803 800//800
f 813//813 806//806 804//804
f 813//813 801//801 810//810
f 813//813 804//804 801//801
f 814//814 807//807 805//805
f 814//814 805//805 811//811
f 815//815 806//806 813//813
f 816//816 809//809 807//807
f 816//816 807//807 814//814
f 817//817 19//19 20//20
f 817//817 810//810 19//19
f 818//818 808//808 806//806
f 818//818 806//806 815//815
f 819//819 567//567 812//812
f 819//819 812//812 809//809
f 819//819 809//809 816//816
f 820//820 813//813 810//810
f 820//820 810//810 817//817
f 821//821 811//811 808//808
f 821//821 808//808 818//818
f 821//821 814//814 811//811
f 822//822 815//815 813//813
f 822//822 813//813 820//820
f 823//823 814//814 821//821
f 824//824 818//818 815//815
f 824//824 821//821 818//818
f 824//824 815//815 822//822
f 825//825 816//816 814//814
f 825//825 819//819 816//816
f 825//825 814//814 823//823
f 826//826 817//817 20//20
f 827//827 821//821 824//824
f 828//828 567//567 819//819
f 828//828 819//819 825//825
f 828//828 568//568 567//567
f 829//829 822//822 820//820
f 829//829 817//817 826//826
f 829//829 820//820 817//817
f 830//830 823//823 821//821
f 830//830 821//821 827//827
f 831//831 824//824 822//822
f 831//831 822//822 829//829
f 832//832 825//825 823//823
f 832//832 823//823 830//830
f 833//833 824//824 831//831
f 834//834 20//20 21//21
f 834//834 826//826 20//20
f 834//834 829//829 826//826
f 835//835 828//828 825//825
f 835//835 568//568 828//828
f 835//835 825//825 832//832
f 836//836 827//827 824//824
f 836//836 824//824 833//833
f 837//837 829//829 834//834
f 838//838 830//830 827//827
f 838//838 827//827 836//836
f 839//839 831//831 829//829
f 839//839 833//833 831//831
f 839//839 829//829 837//837
f 840//840 832//832 830//830
f 840//840 830//830 838//838
f 841//841 833//833 839//839
f 842//842 834//834 21//21
f 843//843 832//832 840//840
f 843//843 569//569 568//568
f 843//843 568//568 835//835
f 843//843 835//835 832//832
f 844//844 836//836 833//833
f 844//844 833//833 841//841
f 844//844 838//838 836//836
f 845//845 834//834 842//842
f 845//845 837//837 834//834
f 846//846 838//838 844//844
f 847//847 841//841 839//839
f 847//847 837//837 845//845
f 847//847 839//839 837//837
f 848//848 840//840 838//838
f 848//848 838//838 846//846
f 849//849 841//841 847//847
f 850//850 21//21 22//22
f 850//850 842//842 21//21
f 850//850 845//845 842//842
f 851//851 843//843 840//840
f 851//851 569//569 843//843
f 851//851 840//840 848//848
f 852//852 844//844 841//841
f 852//852 846//846 844//844
f 852//852 841//841 849//849
f 853//853 845//845 850//850
f 854//854 846//846 852//852
f 855//855 847//847 845//845
f 855//855 845//845 853//853
f 856//856 846//846 854//854
f 856//856 851//851 848//848
f 856//856 848//848 846//846
f 857//857 850//850 22//22
f 858//858 849//849 847//847
f 858//858 847//847 855//855
f 859//859 569//569 851//851
f 859//859 851//851 856//856
f 859//859 570//570 569//569
f 860//860 853//853 850//850
f 860//860 850//850 857//857
f 861//861 852//852 849//849
f 861//861 849//849 858//858
f 862//862 858//858 855//855
f 862//862 855//855 853//853
f 862//862 853//853 860//860
f 863//863 854//854 852//852
f 863//863 852//852 861//861
f 864//864 861//861 858//858
f 864//864 858//858 862//862
f 865//865 856//856 854//854
f 865//865 854//854 863//863
f 866//866 22//22 23//23
f 866//866 857//857 22//22
f 867//867 861//861 864//864
f 868//868 859//859 856//856
f 868//868 570//570 859//859
f 868//868 856//856 865//865
f 869//869 857//857 866//866
f 869//869 860//860 857//857
f 870//870 863//863 861//861
f 870//870 865//865 863//863
f 870//870 861//861 867//867
f 871//871 862//862 860//860
f 871//871 864//864 862//862
f 871//871 860//860 869//869
f 872//872 865//865 870//870
f 872//872 868//868 865//865
f 873//873 866//866 23//23
f 873//873 869//869 866//866
f 874//874 864//864 871//871
f 875//875 571//571 570//570
f 875//875 570//570 868//868
f 875//875 868//868 872//872
f 876//876 869//869 873//873
f 877//877 867//867 864//864
f 877//877 864//864 874//874
f 878//878 869//869 876//876
f 878//878 871//871 869//869
f 879//879 870//870 867//867
f 879//879 867//867 877//877
f 880//880 874//874 871//871
f 880//880 871//871 878//878
f 881//881 875//875 872//872
f 881//881 870//870 879//879
f 881//881 872//872 870//870
f 882//882 23//23 24//24
f 882//882 873//873 23//23
f 883//883 877//877 874//874
f 883//883 879//879 877//877
f 883//883 874//874 880//880
f 884//884 875//875 881//881
f 884//884 571//571 875//875
f 885//885 876//876 873//873
f 885//885 873//873 882//882
f 886//886 879//879 883//883
f 887//887 876//876 885//885
f 887//887 878//878 876//876
f 888//888 881//881 879//879
f 888//888 884//884 881//881
f 888//888 879//879 886//886
f 889//889 882//882 24//24
f 890//890 880//880 878//878
f 890//890 878//878 887//887
f 891//891 884//884 888//888
f 891//891 571//571 884//884
f 891//891 572//572 571//571
f 892//892 885//885 882//882
f 892//892 882//882 889//889
f 893//893 883//883 880//880
f 893//893 880//880 890//890
f 894//894 887//887 885//885
f 894//894 885//885 892//892
f 895//895 886//886 883//883
f 895//895 883//883 893//893
f 896//896 890//890 887//887
f 896//896 887//887 894//894
f 897//897 888//888 886//886
f 897//897 886//886 895//895
f 898//898 24//24 25//25
f 898//898 889//889 24//24
f 898//898 892//892 889//889
f 899//899 895//895 893//893
f 899//899 893//893 890//890
f 899//899 890//890 896//896
f 900//900 891//891 888//888
f 900//900 572//572 891//891
f 900//900 888//888 897//897
f 901//901 892//892 898//898
f 902//902 895//895 899//899
f 903//903 894//894 892//892
f 903//903 892//892 901//901
f 904//904 897//897 895//895
f 904//904 895//895 902//902
f 905//905 901//901 898//898
f 905//905 898//898 25//25
f 906//906 894//894 903//903
f 906//906 899//899 896//896
f 906//906 896//896 894//894
f 907//907 572//572 900//900
f 907//907 573//573 572//572
f 907//907 900//900 897//897
f 907//907 897//897 904//904
f 908//908 901//901 905//905
f 909//909 899//899 906//906
f 910//910 901//901 908//908
f 910//910 903//903 901//901
f 911//911 902//902 899//899
f 911//911 899//899 909//909
f 912//912 903//903 910//910
f 912//912 906//906 903//903
f 912//912 909//909 906//906
f 913//913 904//904 902//902
f 913//913 902//902 911//911
f 914//914 905//905 25//25
f 914//914 908//908 905//905
f 914//914 25//25 26//26
f 915//915 911//911 909//909
f 915//915 909//909 912//912
f 916//916 907//907 904//904
f 916//916 904//904 913//913
f 916//916 573//573 907//907
f 917//917 908//908 914//914
f 918//918 911//911 915//915
f 919//919 910//910 908//908
f 919//919 908//908 917//917
f 920//920 913//913 911//911
f 920//920 911//911 918//918
f 921//921 914//914 26//26
f 922//922 912//912 910//910
f 922//922 910//910 919//919
f 923//923 916//916 913//913
f 923//923 573//573 916//916
f 923//923 913//913 920//920
f 923//923 574//574 573//573
f 924//924 917//917 914//914
f 924//924 914//914 921//921
f 925//925 915//915 912//912
f 925//925 918//918 915//915
f 925//925 912//912 922//922
f 926//926 919//919 917//917
f 926//926 917//917 924//924
f 927//927 918//918 925//925
f 928//928 922//922 919//919
f 928//928 919//919 926//926
f 929//929 920//920 918//918
f 929//929 918//918 927//927
f 929//929 923//923 920//920
f 930//930 925//925 922//922
f 930//930 922//922 928//928
f 931//931 26//26 27//27
f 931//931 921//921 26//26
f 931//931 924//924 921//921
f 932//932 923//923 929//929
f 932//932 574//574 923//923
f 933//933 927//927 925//925
f 933//933 925//925 930//930
f 934//934 924//924 931//931
f 935//935 929//929 927//927
f 935//935 927//927 933//933
f 936//936 926//926 924//924
f 936//936 928//928 926//926
f 936//936 924//924 934//934
f 937//937 931//931 27//27
f 938//938 932//932 929//929
f 938//938 574//574 932//932
f 938//938 929//929 935//935
f 938//938 575//575 574//574
f 939//939 928//928 936//936
f 939//939 930//930 928//928
f 940//940 931//931 937//937
f 940//940 934//934 931//931
f 941//941 933//933 930//930
f 941//941 930//930 939//939
f 942//942 936//936 934//934
f 942//942 934//934 940//940
f 943//943 933//933 941//941
f 944//944 936//936 942//942
f 944//944 939//939 936//936
f 945//945 933//933 943//943
f 945//945 935//935 933//933
f 945//945 938//938 935//935
f 946//946 941//941 939//939
f 946//946 939//939 944//944
f 947//947 27//27 28//28
f 947//947 937//937 27//27
f 948//948 938//938 945//945
f 948//948 575//575 938//938
f 949//949 943//943 941//941
f 949//949 941//941 946//946
f 950//950 937//937 947//947
f 950//950 940//940 937//937
f 951//951 945//945 943//943
f 951//951 943//943 949//949
f 952//952 950//950 947//947
f 952//952 947//947 28//28
f 953//953 942//942 940//940
f 953//953 940//940 950//950
f 954//954 948//948 945//945
f 954//954 575//575 948//948
f 954//954 945//945 951//951
f 954//954 576//576 575//575
f 955//955 950//950 952//952
f 956//956 944//944 942//942
f 956//956 942//942 953//953
f 957//957 950//950 955//955
f 957//957 953//953 950//950
f 958//958 946//946 944//944
f 958//958 944//944 956//956
f 959//959 956//956 953//953
f 959//959 953//953 957//957
f 960//960 949//949 946//946
f 960//960 946//946 958//958
f 961//961 958//958 956//956
f 961//961 956//956 959//959
f 961//961 960//960 958//958
f 962//962 951//951 949//949
f 962//962 949//949 960//960
f 963//963 952//952 28//28
f 963//963 28//28 29//29
f 964//964 960//960 961//961
f 965//965 951//951 962//962
f 965//965 954//954 951//951
f 965//965 576//576 954//954
f 966//966 955//955 952//952
f 966//966 952//952 963//963
f 967//967 960//960 964//964
f 967//967 962//962 960//960
f 968//968 966//966 963//963
f 968//968 963//963 29//29
f 969//969 957//957 955//955
f 969//969 955//955 966//966
f 970//970 965//965 962//962
f 970//970 576//576 965//965
f 970//970 962//962 967//967
f 970//970 577//577 576//576
f 971//971 966//966 968//968
f 972//972 959//959 957//957
f 972//972 957//957 969//969
f 973//973 969//969 966//966
f 973//973 966//966 971//971
f 974//974 961//961 959//959
f 974//974 959//959 972//972
f 975//975 972//972 969//969
f 975//975 969//969 973//973
f 975//975 974//974 972//972
f 976//976 964//964 961//961
f 976//976 961//961 974//974
f 977//977 976//976 974//974
f 977//977 974//974 975//975
f 978//978 967//967 964//964
f 978//978 964//964 976//976
f 979//979 29//29 30//30
f 979//979 968//968 29//29
f 980//980 976//976 977//977
f 980//980 978//978 976//976
f 981//981 967//967 978//978
f 981//981 970//970 967//967
f 981//981 577//577 970//970
f 982//982 968//968 979//979
f 982//982 979//979 30//30
f 982//982 971//971 968//968
f 983//983 978//978 980//980
f 984//984 982//982 30//30
f 984//984 971//971 982//982
f 984//984 973//973 971//971
f 985//985 981//981 978//978
f 985//985 978//978 983//983
f 985//985 577//577 981//981
f 985//985 578//578 577//577
f 986//986 975//975 973//973
f 986//986 973//973 984//984
f 987//987 977//977 975//975
f 987//987 975//975 986//986
f 988//988 977//977 987//987
f 988//988 980//980 977//977
f 989//989 980//980 988//988
f 989//989 983//983 980//980
f 990//990 30//30 31//31
f 991//991 983//983 989//989
f 991//991 985//985 983//983
f 991//991 578//578 985//985
f 992//992 990//990 31//31
f 992//992 30//30 990//990
f 993//993 986//986 984//984
f 993//993 992//992 31//31
f 993//993 30//30 992//992
f 993//993 984//984 30//30
f 994//994 986//986 993//993
f 995//995 987//987 986//986
f 995//995 988//988 987//987
f 995//995 986//986 994//994
f 996//996 989//989 988//988
f 996//996 988//988 995//995
f 997//997 989//989 996//996
f 998//998 31//31 32//32
f 999//999 991//991 989//989
f 999//999 989//989 997//997
f 999//999 578//578 991//991
f 999//999 579//579 578//578
f 1000//1000 31//31 998//998
f 1000//1000 998//998 32//32
f 1001//1001 993//993 31//31
f 1001//1001 31//31 1000//1000
f 1002//1002 993//993 1001//1001
f 1002//1002 994//994 993//993
f 1003//1003 995//995 994//994
f 1003//1003 994//994 1002//1002
f 1004//1004 996//996 995//995
f 1004//1004 995//995 1003//1003
f 1005//1005 997//997 996//996
f 1005//1005 996//996 1004//1004
f 1006//1006 32//32 33//33
f 1007//1007 999//999 997//997
f 1007//1007 579//579 999//999
f 1007//1007 580//580 579//579
f 1007//1007 997//997 1005//1005
f 1008//1008 1000//1000 32//32
f 1008//1008 32//32 1006//1006
f 1008//1008 1006//1006 33//33
f 1009//1009 1001//1001 1000//1000
f 1009//1009 1000//1000 1008//1008
f 589//589 1001//1001 1009//1009
f 589//589 1002//1002 1001//1001
f 589//589 1003//1003 1002//1002
f 588//588 1004//1004 1003//1003
f 588//588 1003//1003 589//589
f 592//592 1004//1004 588//588
f 592//592 1005//1005 1004//1004
f 594//594 1005//1005 592//592
f 1010//1010 33//33 34//34
f 597//597 1005//1005 594//594
f 597//597 581//581 580//580
f 597//597 580//580 1007//1007
f 597//597 1007//1007 1005//1005
f 599//599 33//33 1010//1010
f 599//599 1010//1010 34//34
f 599//599 1008//1008 33//33
f 600//600 1009//1009 1008//1008
f 600//600 1008//1008 599//599
f 590//590 589//589 1009//1009
f 590//590 1009//1009 600//600
f 108//108 107//107 106//106
f 103//103 105//105 104//104
f 111//111 106//106 105//105
f 111//111 109//109 108//108
f 111//111 110//110 109//109
f 111//111 108//108 106//106
f 111//111 105//105 103//103
f 100//100 102//102 101//101
f 100//100 103//103 102//102
f 113//113 112//112 111//111
f 96//96 98//98 97//97
f 96//96 99//99 98//98
f 96//96 100//100 99//99
f 116//116 114//114 113//113
f 116//116 115//115 114//114
f 117//117 116//116 113//113
f 94//94 96//96 95//95
f 94//94 100//100 96//96
f 118//118 113//113 111//111
f 118//118 111//111 103//103
f 118//118 117//117 113//113
f 90//90 84//84 83//83
f 90//90 85//85 84//84
f 90//90 92//92 91//91
f 90//90 93//93 92//92
f 90//90 94//94 93//93
f 90//90 83//83 118//118
f 90//90 103//103 100//100
f 90//90 100//100 94//94
f 90//90 118//118 103//103
f 88//88 86//86 85//85
f 88//88 87//87 86//86
f 88//88 90//90 89//89
f 88//88 85//85 90//90
f 576//576 574//574 575//575
f 571//571 572//572 573//573
f 579//579 573//573 574//574
f 579//579 576//576 577//577
f 579//579 577//577 578//578
f 579//579 574//574 576//576
f 579//579 571//571 573//573
f 568//568 569//569 570//570
f 568//568 570//570 571//571
f 581//581 579//579 580//580
f 564//564 565//565 566//566
f 564//564 566//566 567//567
f 564//564 567//567 568//568
f 584//584 581//581 582//582
f 584//584 582//582 583//583
f 585//585 581//581 584//584
f 562//562 563//563 564//564
f 562//562 564//564 568//568
f 586//586 579//579 581//581
f 586//586 571//571 579//579
f 586//586 581//581 585//585
f 558//558 551//551 552//552
f 558//558 552//552 553//553
f 558//558 559//559 560//560
f 558//558 560//560 561//561
f 558//558 561//561 562//562
f 558//558 586//586 551//551
f 558//558 568//568 571//571
f 558//558 562//562 568//568
f 558//558 571//571 586//586
f 556//556 553//553 554//554
f 556//556 554//554 555//555
f 556//556 557//557 558//558
f 556//556 558//558 553//553
o top
usemtl PLA_bcc1c9
v 0.00340 0.01205 0.00000
v 0.00335 0.01205 -0.00059
v 0.00319 0.01205 -0.00116
v 0.00294 0.01205 -0.00170
v 0.00260 0.01205 -0.00219
v 0.00219 0.01205 -0.00260
v 0.00170 0.01205 -0.00294
v 0.00116 0.01205 -0.00319
v 0.00059 0.01205 -0.00335
v 0.00000 0.01205 -0.00340
v -0.00059 0.01205 -0.00335
v -0.00116 0.01205 -0.00319
v -0.00170 0.01205 -0.00294
v -0.00219 0.01205 -0.00260
v -0.00260 0.01205 -0.00219
v -0.00294 0.01205 -0.00170
v -0.00319 0.01205 -0.00116
v -0.00335 0.01205 -0.00059
v -0.00340 0.01205 -0.00000
v -0.00335 0.01205 0.00059
v -0.00319 0.01205 0.00116
v -0.00294 0.01205 0.00170
v -0.00260 0.01205 0.00219
v -0.00219 0.01205 0.00260
v -0.00170 0.01205 0.00294
v -0.00116 0.01205 0.00319
v -0.00059 0.01205 0.00335
v -0.00000 0.01205 0.00340
v 0.00059 0.01205 0.00335
v 0.00116 0.01205 0.00319
v 0.00170 0.01205 0.00294
v 0.00219 0.01205 0.00260
v 0.00260 0.01205 0.00219
v 0.00294 0.01205 0.00170
v 0.00319 0.01205 0.00116
v 0.00335 0.01205 0.00059
v 0.00340 0.01195 0.00000
v 0.00335 0.01195 -0.00059
v 0.00319 0.01195 -0.00116
v 0.00294 0.01195 -0.00170
v 0.00260 0.01195 -0.00219
v 0.00219 0.01195 -0.00260
v 0.00170 0.01195 -0.00294
v 0.00116 0.01195 -0.00319
v 0.00059 0.01195 -0.00335
v 0.00000 0.01195 -0.00340
v -0.00059 0.01195 -0.00335
v -0.00116 0.01195 -0.00319
v -0.00170 0.01195 -0.00294
v -0.00219 0.01195 -0.00260
v -0.00260 0.01195 -0.00219
v -0.00294 0.01195 -0.00170
v -0.00319 0.01195 -0.00116
v -0.00335 0.01195 -0.00059
v -0.00340 0.01195 -0.00000
v -0.00335 0.01195 0.00059
v -0.00319 0.01195 0.00116
v -0.00294 0.01195 0.00170
v -0.00260 0.01195 0.00219
v -0.00219 0.01195 0.00260
v -0.00170 0.01195 0.00294
v -0.00116 0.01195 0.00319
v -0.00059 0.01195 0.00335
v -0.00000 0.01195 0.00340
v 0.00059 0.01195 0.00335
v 0.00116 0.01195 0.00319
v 0.00170 0.01195 0.00294
v 0.00219 0.01195 0.00260
v 0.00260 0.01195 0.00219
v 0.00294 0.01195 0.00170
v 0.00319 0.01195 0.00116
v 0.00335 0.01195 0.00059
vn 1.0000 -0.0000 -0.0000
vn 0.9848 -0.0000 -0.1736
vn 0.9397 -0.0000 -0.3420
vn 0.8660 -0.0000 -0.5000
vn 0.7660 -0.0000 -0.6428
vn 0.6428 -0.0000 -0.7660
vn 0.5000 -0.0000 -0.8660
vn 0.3420 -0.0000 -0.9397
vn 0.1736 -0.0000 -0.9848
vn 0.0000 -0.0000 -1.0000
vn -0.1736 0.0000 -0.9848
vn -0.3420 0.0000 -0.9397
vn -0.5000 0.0000 -0.8660
vn -0.6428 0.0000 -0.7660
vn -0.7660 0.0000 -0.6428
vn -0.8660 0.0000 -0.5000
vn -0.9397 0.0000 -0.3420
vn -0.9848 0.0000 -0.1736
vn -1.0000 0.0000 -0.0000
vn -0.9848 0.0000 0.1736
vn -0.9397 0.0000 0.3420
vn -0.8660 0.0000 0.5000
vn -0.7660 0.0000 0.6428
vn -0.6428 0.0000 0.7660
vn -0.5000 0.0000 0.8660
vn -0.3420 0.0000 0.9397
vn -0.1736 0.0000 0.9848
vn -0.0000 0.0000 1.0000
vn 0.1736 0.0000 0.9848
vn 0.3420 0.0000 0.9397
vn 0.5000 0.0000 0.8660
vn 0.6428 0.0000 0.7660
vn 0.7660 0.0000 0.6428
vn 0.8660 0.0000 0.5000
vn 0.9397 0.0000 0.3420
vn 0.9848 0.0000 0.1736
vn 1.0000 -0.0000 -0.0000
vn 0.9848 -0.0000 -0.1736
vn 0.9397 -0.0000 -0.3420
vn 0.8660 -0.0000 -0.5000
vn 0.7660 -0.0000 -0.6428
vn 0.6428 -0.0000 -0.7660
vn 0.5000 -0.0000 -0.8660
vn 0.3420 -0.0000 -0.9397
vn 0.1736 -0.0000 -0.9848
vn 0.0000 -0.0000 -1.0000
vn -0.1736 0.0000 -0.9848
vn -0.3420 0.0000 -0.9397
vn -0.5000 0.0000 -0.8660
vn -0.6428 0.0000 -0.7660
vn -0.7660 0.0000 -0.6428
vn -0.8660 0.0000 -0.5000
vn -0.9397 0.0000 -0.3420
vn -0.9848 0.0000 -0.1736
vn -1.0000 0.0000 -0.0000
vn -0.9848 0.0000 0.1736
vn -0.9397 0.0000 0.3420
vn -0.8660 0.0000 0.5000
vn -0.7660 0.0000 0.6428
vn -0.6428 0.0000 0.7660
vn -0.5000 0.0000 0.8660
vn -0.3420 0.0000 0.9397
vn -0.1736 0.0000 0.9848
vn -0.0000 0.0000 1.0000
vn 0.1736 0.0000 0.9848
vn 0.3420 0.0000 0.9397
vn 0.5000 0.0000 0.8660
vn 0.6428 0.0000 0.7660
vn 0.7660 0.0000 0.6428
vn 0.8660 0.0000 0.5000
vn 0.9397 0.0000 0.3420
vn 0.9848 0.0000 0.1736
f 1012//1012 1011//1011 1047//1047
f 1012//1012 1047//1047 1048//1048
f 1013//1013 1048//1048 1049//1049
f 1013//1013 1012//1012 1048//1048
f 1014//1014 1049//1049 1050//1050
f 1014//1014 1013//1013 1049//1049
f 1015//1015 1050//1050 1051//1051
f 1015//1015 1014//1014 1050//1050
f 1016//1016 1051//1051 1052//1052
f 1016//1016 1015//1015 1051//1051
f 1017//1017 1016//1016 1052//1052
f 1017//1017 1052//1052 1053//1053
f 1018//1018 1017//1017 1053//1053
f 1018//1018 1053//1053 1054//1054
f 1019//1019 1018//1018 1054//1054
f 1019//1019 1054//1054 1055//1055
f 1020//1020 1019//1019 1055//1055
f 1020//1020 1055//1055 1056//1056
f 1021//1021 1020//1020 1056//1056
f 1021//1021 1056//1056 1057//1057
f 1022//1022 1021//1021 1057//1057
f 1022//1022 1057//1057 1058//1058
f 1023//1023 1022//1022 1058//1058
f 1023//1023 1058//1058 1059//1059
f 1024//1024 1023//1023 1059//1059
f 1024//1024 1059//1059 1060//1060
f 1025//1025 1024//1024 1060//1060
f 1025//1025 1060//1060 1061//1061
f 1026//1026 1025//1025 1061//1061
f 1026//1026 1061//1061 1062//1062
f 1027//1027 1026//1026 1062//1062
f 1027//1027 1062//1062 1063//1063
f 1028//1028 1027//1027 1063//1063
f 1028//1028 1063//1063 1064//1064
f 1029//1029 1028//1028 1064//1064
f 1029//1029 1064//1064 1065//1065
f 1030//1030 1029//1029 1065//1065
f 1030//1030 1065//1065 1066//1066
f 1031//1031 1030//1030 1066//1066
f 1031//1031 1066//1066 1067//1067
f 1032//1032 1067//1067 1068//1068
f 1032//1032 1031//1031 1067//1067
f 1033//1033 1068//1068 1069//1069
f 1033//1033 1032//1032 1068//1068
f 1034//1034 1069//1069 1070//1070
f 1034//1034 1070//1070 1071//1071
f 1034//1034 1033//1033 1069//1069
f 1035//1035 1034//1034 1071//1071
f 1036//1036 1071//1071 1072//1072
f 1036//1036 1035//1035 1071//1071
f 1037//1037 1072//1072 1073//1073
f 1037//1037 1036//1036 1072//1072
f 1038//1038 1073//1073 1074//1074
f 1038//1038 1037//1037 1073//1073
f 1039//1039 1074//1074 1075//1075
f 1039//1039 1038//1038 1074//1074
f 1040//1040 1075//1075 1076//1076
f 1040//1040 1039//1039 1075//1075
f 1041//1041 1076//1076 1077//1077
f 1041//1041 1040//1040 1076//1076
f 1042//1042 1077//1077 1078//1078
f 1042//1042 1041//1041 1077//1077
f 1043//1043 1042//1042 1078//1078
f 1043//1043 1078//1078 1079//1079
f 1043//1043 1079//1079 1080//1080
f 1044//1044 1043//1043 1080//1080
f 1045//1045 1044//1044 1080//1080
f 1045//1045 1080//1080 1081//1081
f 1046//1046 1045//1045 1081//1081
f 1046//1046 1081//1081 1082//1082
f 1011//1011 1046//1046 1082//1082
f 1011//1011 1082//1082 1047//1047
f 1036//1036 1034//1034 1035//1035
f 1031//1031 1032//1032 1033//1033
f 1039//1039 1033//1033 1034//1034
f 1039//1039 1036//1036 1037//1037
f 1039//1039 1037//1037 1038//1038
f 1039//1039 1034//1034 1036//1036
f 1039//1039 1031//1031 1033//1033
f 1028//1028 1029//1029 1030//1030
f 1028//1028 1030//1030 1031//1031
f 1041//1041 1039//1039 1040//1040
f 1024//1024 1025//1025 1026//1026
f 1024//1024 1026//1026 1027//1027
f 1024//1024 1027//1027 1028//1028
f 1044//1044 1041//1041 1042//1042
f 1044//1044 1042//1042 1043//1043
f 1045//1045 1041//1041 1044//1044
f 1022//1022 1023//1023 1024//1024
f 1022//1022 1024//1024 1028//1028
f 1046//1046 1039//1039 1041//1041
f 1046//1046 1031//1031 1039//1039
f 1046//1046 1041//1041 1045//1045
f 1018//1018 1011//1011 1012//1012
f 1018//1018 1012//1012 1013//1013
f 1018//1018 1019//1019 1020//1020
f 1018//1018 1020//1020 1021//1021
f 1018//1018 1021//1021 1022//1022
f 1018//1018 1046//1046 1011//1011
f 1018//1018 1028//1028 1031//1031
f 1018//1018 1022//1022 1028//1028
f 1018//1018 1031//1031 1046//1046
f 1016//1016 1013//1013 1014//1014
f 1016//1016 1014//1014 1015//1015
f 1016//1016 1017//1017 1018//1018
f 1016//1016 1018//1018 1013//1013
f 1072//1072 1071//1071 1070//1070
f 1067//1067 1069//1069 1068//1068
f 1075//1075 1070//1070 1069//1069
f 1075//1075 1073//1073 1072//1072
f 1075//1075 1074//1074 1073//1073
f 1075//1075 1072//1072 1070//1070
f 1075//1075 1069//1069 1067//1067
f 1064//1064 1066//1066 1065//1065
f 1064//1064 1067//1067 1066//1066
f 1077//1077 1076//1076 1075//1075
f 1060//1060 1062//1062 1061//1061
f 1060//1060 1063//1063 1062//1062
f 1060//1060 1064//1064 1063//1063
f 1080//1080 1078//1078 1077//1077
f 1080//1080 1079//1079 1078//1078
f 1081//1081 1080//1080 1077//1077
f 1058//1058 1060//1060 1059//1059
f 1058//1058 1064//1064 1060//1060
f 1082//1082 1077//1077 1075//1075
f 1082//1082 1075//1075 1067//1067
f 1082//1082 1081//1081 1077//1077
f 1054//1054 1048//1048 1047//1047
f 1054//1054 1049//1049 1048//1048
f 1054//1054 1056//1056 1055//1055
f 1054//1054 1057//1057 1056//1056
f 1054//1054 1058//1058 1057//1057
f 1054//1054 1047//1047 1082//1082
f 1054//1054 1067//1067 1064//1064
f 1054//1054 1064//1064 1058//1058
f 1054//1054 1082//1082 1067//1067
f 1052//1052 1050//1050 1049//1049
f 1052//1052 1051//1051 1050//1050
f 1052//1052 1054//1054 1053//1053
f 1052//1052 1049//1049 1054//1054
o polarity_stripe
usemtl PLA_bfc6d6
v -0.00080 0.00140 0.00405
v -0.00080 0.01160 0.00405
v -0.00080 0.00140 0.00385
v -0.00080 0.01160 0.00385
v 0.00080 0.00140 0.00405
v 0.00080 0.01160 0.00405
v 0.00080 0.00140 0.00385
v 0.00080 0.01160 0.00385
vn -1.0000 0.0000 0.0000
vn -1.0000 0.0000 0.0000
vn -1.0000 0.0000 0.0000
vn -1.0000 0.0000 0.0000
vn 1.0000 -0.0000 -0.0000
vn 1.0000 -0.0000 -0.0000
vn 1.0000 -0.0000 -0.0000
vn 1.0000 -0.0000 -0.0000
f 1084//1084 1085//1085 1083//1083
f 1084//1084 1086//1086 1085//1085
f 1088//1088 1087//1087 1089//1089
f 1088//1088 1089//1089 1090//1090
f 1088//1088 1083//1083 1087//1087
f 1088//1088 1084//1084 1083//1083
f 1090//1090 1089//1089 1085//1085
f 1090//1090 1085//1085 1086//1086
f 1089//1089 1083//1083 1085//1085
f 1089//1089 1087//1087 1083//1083
f 1090//1090 1086//1086 1084//1084
f 1090//1090 1084//1084 1088//1088
o lead
usemtl PLA_c6c9cc
v -0.00145 0.00120 0.00000
v -0.00145 0.00120 -0.00005
v -0.00147 0.00120 -0.00010
v -0.00149 0.00120 -0.00015
v -0.00152 0.00120 -0.00019
v -0.00156 0.00120 -0.00023
v -0.00160 0.00120 -0.00026
v -0.00165 0.00120 -0.00028
v -0.00170 0.00120 -0.00030
v -0.00175 0.00120 -0.00030
v -0.00180 0.00120 -0.00030
v -0.00185 0.00120 -0.00028
v -0.00190 0.00120 -0.00026
v -0.00194 0.00120 -0.00023
v -0.00198 0.00120 -0.00019
v -0.00201 0.00120 -0.00015
v -0.00203 0.00120 -0.00010
v -0.00205 0.00120 -0.00005
v -0.00205 0.00120 -0.00000
v -0.00205 0.00120 0.00005
v -0.00203 0.00120 0.00010
v -0.00201 0.00120 0.00015
v -0.00198 0.00120 0.00019
v -0.00194 0.00120 0.00023
v -0.00190 0.00120 0.00026
v -0.00185 0.00120 0.00028
v -0.00180 0.00120 0.00030
v -0.00175 0.00120 0.00030
v -0.00170 0.00120 0.00030
v -0.00165 0.00120 0.00028
v -0.00160 0.00120 0.00026
v -0.00156 0.00120 0.00023
v -0.00152 0.00120 0.00019
v -0.00149 0.00120 0.00015
v -0.00147 0.00120 0.00010
v -0.00145 0.00120 0.00005
v -0.00145 0.00000 0.00000
v -0.00145 0.00000 -0.00005
v -0.00147 0.00000 -0.00010
v -0.00149 0.00000 -0.00015
v -0.00152 0.00000 -0.00019
v -0.00156 0.00000 -0.00023
v -0.00160 0.00000 -0.00026
v -0.00165 0.00000 -0.00028
v -0.00170 0.00000 -0.00030
v -0.00175 0.00000 -0.00030
v -0.00180 0.00000 -0.00030
v -0.00185 0.00000 -0.00028
v -0.00190 0.00000 -0.00026
v -0.00194 0.00000 -0.00023
v -0.00198 0.00000 -0.00019
v -0.00201 0.00000 -0.00015
v -0.00203 0.00000 -0.00010
v -0.00205 0.00000 -0.00005
v -0.00205 0.00000 -0.00000
v -0.00205 0.00000 0.00005
v -0.00203 0.00000 0.00010
v -0.00201 0.00000 0.00015
v -0.00198 0.00000 0.00019
v -0.00194 0.00000 0.00023
v -0.00190 0.00000 0.00026
v -0.00185 0.00000 0.00028
v -0.00180 0.00000 0.00030
v -0.00175 0.00000 0.00030
v -0.00170 0.00000 0.00030
v -0.00165 0.00000 0.00028
v -0.00160 0.00000 0.00026
v -0.00156 0.00000 0.00023
v -0.00152 0.00000 0.00019
v -0.00149 0.00000 0.00015
v -0.00147 0.00000 0.00010
v -0.00145 0.00000 0.00005
vn 1.0000 -0.0000 -0.0000
vn 0.9848 -0.0000 -0.1736
vn 0.9397 -0.0000 -0.3420
vn 0.8660 -0.0000 -0.5000
vn 0.7660 -0.0000 -0.6428
vn 0.6428 -0.0000 -0.7660
vn 0.5000 -0.0000 -0.8660
vn 0.3420 -0.0000 -0.9397
vn 0.1736 -0.0000 -0.9848
vn 0.0000 -0.0000 -1.0000
vn -0.1736 0.0000 -0.9848
vn -0.3420 0.0000 -0.9397
vn -0.5000 0.0000 -0.8660
vn -0.6428 0.0000 -0.7660
vn -0.7660 0.0000 -0.6428
vn -0.8660 0.0000 -0.5000
vn -0.9397 0.0000 -0.3420
vn -0.9848 0.0000 -0.1736
vn -1.0000 0.0000 -0.0000
vn -0.9848 0.0000 0.1736
vn -0.9397 0.0000 0.3420
vn -0.8660 0.0000 0.5000
vn -0.7660 0.0000 0.6428
vn -0.6428 0.0000 0.7660
vn -0.5000 0.0000 0.8660
vn -0.3420 0.0000 0.9397
vn -0.1736 0.0000 0.9848
vn -0.0000 0.0000 1.0000
vn 0.1736 0.0000 0.9848
vn 0.3420 0.0000 0.9397
vn 0.5000 0.0000 0.8660
vn 0.6428 0.0000 0.7660
vn 0.7660 0.0000 0.6428
vn 0.8660 0.0000 0.5000
vn 0.9397 0.0000 0.3420
vn 0.9848 0.0000 0.1736
vn 1.0000 -0.0000 -0.0000
vn 0.9848 -0.0000 -0.1736
vn 0.9397 -0.0000 -0.3420
vn 0.8660 -0.0000 -0.5000
vn 0.7660 -0.0000 -0.6428
vn 0.6428 -0.0000 -0.7660
vn 0.5000 -0.0000 -0.8660
vn 0.3420 -0.0000 -0.9397
vn 0.1736 -0.0000 -0.9848
vn 0.0000 -0.0000 -1.0000
vn -0.1736 0.0000 -0.9848
vn -0.3420 0.0000 -0.9397
vn -0.5000 0.0000 -0.8660
vn -0.6428 0.0000 -0.7660
vn -0.7660 0.0000 -0.6428
vn -0.8660 0.0000 -0.5000
vn -0.9397 0.0000 -0.3420
vn -0.9848 0.0000 -0.1736
vn -1.0000 0.0000 -0.0000
vn -0.9848 0.0000 0.1736
vn -0.9397 0.0000 0.3420
vn -0.8660 0.0000 0.5000
vn -0.7660 0.0000 0.6428
vn -0.6428 0.0000 0.7660
vn -0.5000 0.0000 0.8660
vn -0.3420 0.0000 0.9397
vn -0.1736 0.0000 0.9848
vn -0.0000 0.0000 1.0000
vn 0.1736 0.0000 0.9848
vn 0.3420 0.0000 0.9397
vn 0.5000 0.0000 0.8660
vn 0.6428 0.0000 0.7660
vn 0.7660 0.0000 0.6428
vn 0.8660 0.0000 0.5000
vn 0.9397 0.0000 0.3420
vn 0.9848 0.0000 0.1736
f 1092//1092 1091//1091 1127//1127
f 1092//1092 1127//1127 1128//1128
f 1093//1093 1128//1128 1129//1129
f 1093//1093 1092//1092 1128//1128
f 1094//1094 1129//1129 1130//1130
f 1094//1094 1093//1093 1129//1129
f 1095//1095 1130//1130 1131//1131
f 1095//1095 1094//1094 1130//1130
f 1096//1096 1131//1131 1132//1132
f 1096//1096 1095//1095 1131//1131
f 1097//1097 1096//1096 1132//1132
f 1097//1097 1132//1132 1133//1133
f 1098//1098 1097//1097 1133//1133
f 1098//1098 1133//1133 1134//1134
f 1099//1099 1098//1098 1134//1134
f 1099//1099 1134//1134 1135//1135
f 1100//1100 1099//1099 1135//1135
f 1100//1100 1135//1135 1136//1136
f 1101//1101 1100//1100 1136//1136
f 1101//1101 1136//1136 1137//1137
f 1102//1102 1101//1101 1137//1137
f 1102//1102 1137//1137 1138//1138
f 1103//1103 1102//1102 1138//1138
f 1103//1103 1138//1138 1139//1139
f 1103//1103 1139//1139 1140//1140
f 1104//1104 1103//1103 1140//1140
f 1105//1105 1104//1104 1140//1140
f 1105//1105 1140//1140 1141//1141
f 1105//1105 1141//1141 1142//1142
f 1106//1106 1105//1105 1142//1142
f 1107//1107 1106//1106 1142//1142
f 1107//1107 1142//1142 1143//1143
f 1108//1108 1107//1107 1143//1143
f 1108//1108 1143//1143 1144//1144
f 1108//1108 1144//1144 1145//1145
f 1109//1109 1108//1108 1145//1145
f 1110//1110 1145//1145 1146//1146
f 1110//1110 1109//1109 1145//1145
f 1111//1111 1146//1146 1147//1147
f 1111//1111 1110//1110 1146//1146
f 1112//1112 1147//1147 1148//1148
f 1112//1112 1111//1111 1147//1147
f 1113//1113 1148//1148 1149//1149
f 1113//1113 1112//1112 1148//1148
f 1114//1114 1149//1149 1150//1150
f 1114//1114 1113//1113 1149//1149
f 1115//1115 1150//1150 1151//1151
f 1115//1115 1114//1114 1150//1150
f 1116//1116 1151//1151 1152//1152
f 1116//1116 1115//1115 1151//1151
f 1117//1117 1116//1116 1152//1152
f 1117//1117 1152//1152 1153//1153
f 1118//1118 1153//1153 1154//1154
f 1118//1118 1117//1117 1153//1153
f 1119//1119 1154//1154 1155//1155
f 1119//1119 1118//1118 1154//1154
f 1120//1120 1155//1155 1156//1156
f 1120//1120 1119//1119 1155//1155
f 1121//1121 1156//1156 1157//1157
f 1121//1121 1157//1157 1158//1158
f 1121//1121 1120//1120 1156//1156
f 1122//1122 1158//1158 1159//1159
f 1122//1122 1121//1121 1158//1158
f 1123//1123 1122//1122 1159//1159
f 1124//1124 1123//1123 1159//1159
f 1124//1124 1159//1159 1160//1160
f 1125//1125 1124//1124 1160//1160
f 1125//1125 1160//1160 1161//1161
f 1125//1125 1161//1161 1162//1162
f 1126//1126 1125//1125 1162//1162
f 1091//1091 1126//1126 1162//1162
f 1091//1091 1162//1162 1127//1127
f 1092//1092 1124//1124 1125//1125
f 1092//1092 1125//1125 1126//1126
f 1092//1092 1126//1126 1091//1091
f 1099//1099 1100//1100 1101//1101
f 1096//1096 1092//1092 1093//1093
f 1096//1096 1093//1093 1094//1094
f 1096//1096 1094//1094 1095//1095
f 1096//1096 1097//1097 1098//1098
f 1096//1096 1098//1098 1099//1099
f 1096//1096 1101//1101 1102//1102
f 1096//1096 1102//1102 1103//1103
f 1096//1096 1103//1103 1104//1104
f 1096//1096 1104//1104 1105//1105
f 1096//1096 1105//1105 1106//1106
f 1096//1096 1106//1106 1107//1107
f 1096//1096 1107//1107 1108//1108
f 1096//1096 1108//1108 1109//1109
f 1096//1096 1109//1109 1110//1110
f 1096//1096 1110//1110 1111//1111
f 1096//1096 1111//1111 1112//1112
f 1096//1096 1112//1112 1113//1113
f 1096//1096 1113//1113 1114//1114
f 1096//1096 1114//1114 1115//1115
f 1096//1096 1115//1115 1116//1116
f 1096//1096 1116//1116 1117//1117
f 1096//1096 1117//1117 1118//1118
f 1096//1096 1118//1118 1119//1119
f 1096//1096 1119//1119 1120//1120
f 1096//1096 1120//1120 1121//1121
f 1096//1096 1121//1121 1122//1122
f 1096//1096 1122//1122 1123//1123
f 1096//1096 1123//1123 1124//1124
f 1096//1096 1124//1124 1092//1092
f 1096//1096 1099//1099 1101//1101
f 1128//1128 1161//1161 1160//1160
f 1128//1128 1162//1162 1161//1161
f 1128//1128 1127//1127 1162//1162
f 1135//1135 1137//1137 1136//1136
f 1132//1132 1129//1129 1128//1128
f 1132//1132 1130//1130 1129//1129
f 1132//1132 1131//1131 1130//1130
f 1132//1132 1134//1134 1133//1133
f 1132//1132 1135//1135 1134//1134
f 1132//1132 1138//1138 1137//1137
f 1132//1132 1139//1139 1138//1138
f 1132//1132 1140//1140 1139//1139
f 1132//1132 1141//1141 1140//1140
f 1132//1132 1142//1142 1141//1141
f 1132//1132 1143//1143 1142//1142
f 1132//1132 1144//1144 1143//1143
f 1132//1132 1145//1145 1144//1144
f 1132//1132 1146//1146 1145//1145
f 1132//1132 1147//1147 1146//1146
f 1132//1132 1148//1148 1147//1147
f 1132//1132 1149//1149 1148//1148
f 1132//1132 1150//1150 1149//1149
f 1132//1132 1151//1151 1150//1150
f 1132//1132 1152//1152 1151//1151
f 1132//1132 1153//1153 1152//1152
f 1132//1132 1154//1154 1153//1153
f 1132//1132 1155//1155 1154//1154
f 1132//1132 1156//1156 1155//1155
f 1132//1132 1157//1157 1156//1156
f 1132//1132 1158//1158 1157//1157
f 1132//1132 1159//1159 1158//1158
f 1132//1132 1160//1160 1159//1159
f 1132//1132 1128//1128 1160//1160
f 1132//1132 1137//1137 1135//1135
o lead_2
usemtl PLA_c6c9cc
v 0.00205 0.00120 0.00000
v 0.00205 0.00120 -0.00005
v 0.00203 0.00120 -0.00010
v 0.00201 0.00120 -0.00015
v 0.00198 0.00120 -0.00019
v 0.00194 0.00120 -0.00023
v 0.00190 0.00120 -0.00026
v 0.00185 0.00120 -0.00028
v 0.00180 0.00120 -0.00030
v 0.00175 0.00120 -0.00030
v 0.00170 0.00120 -0.00030
v 0.00165 0.00120 -0.00028
v 0.00160 0.00120 -0.00026
v 0.00156 0.00120 -0.00023
v 0.00152 0.00120 -0.00019
v 0.00149 0.00120 -0.00015
v 0.00147 0.00120 -0.00010
v 0.00145 0.00120 -0.00005
v 0.00145 0.00120 -0.00000
v 0.00145 0.00120 0.00005
v 0.00147 0.00120 0.00010
v 0.00149 0.00120 0.00015
v 0.00152 0.00120 0.00019
v 0.00156 0.00120 0.00023
v 0.00160 0.00120 0.00026
v 0.00165 0.00120 0.00028
v 0.00170 0.00120 0.00030
v 0.00175 0.00120 0.00030
v 0.00180 0.00120 0.00030
v 0.00185 0.00120 0.00028
v 0.00190 0.00120 0.00026
v 0.00194 0.00120 0.00023
v 0.00198 0.00120 0.00019
v 0.00201 0.00120 0.00015
v 0.00203 0.00120 0.00010
v 0.00205 0.00120 0.00005
v 0.00205 0.00000 0.00000
v 0.00205 0.00000 -0.00005
v 0.00203 0.00000 -0.00010
v 0.00201 0.00000 -0.00015
v 0.00198 0.00000 -0.00019
v 0.00194 0.00000 -0.00023
v 0.00190 0.00000 -0.00026
v 0.00185 0.00000 -0.00028
v 0.00180 0.00000 -0.00030
v 0.00175 0.00000 -0.00030
v 0.00170 0.00000 -0.00030
v 0.00165 0.00000 -0.00028
v 0.00160 0.00000 -0.00026
v 0.00156 0.00000 -0.00023
v 0.00152 0.00000 -0.00019
v 0.00149 0.00000 -0.00015
v 0.00147 0.00000 -0.00010
v 0.00145 0.00000 -0.00005
v 0.00145 0.00000 -0.00000
v 0.00145 0.00000 0.00005
v 0.00147 0.00000 0.00010
v 0.00149 0.00000 0.00015
v 0.00152 0.00000 0.00019
v 0.00156 0.00000 0.00023
v 0.00160 0.00000 0.00026
v 0.00165 0.00000 0.00028
v 0.00170 0.00000 0.00030
v 0.00175 0.00000 0.00030
v 0.00180 0.00000 0.00030
v 0.00185 0.00000 0.00028
v 0.00190 0.00000 0.00026
v 0.00194 0.00000 0.00023
v 0.00198 0.00000 0.00019
v 0.00201 0.00000 0.00015
v 0.00203 0.00000 0.00010
v 0.00205 0.00000 0.00005
vn 1.0000 -0.0000 -0.0000
vn 0.9848 -0.0000 -0.1736
vn 0.9397 -0.0000 -0.3420
vn 0.8660 -0.0000 -0.5000
vn 0.7660 -0.0000 -0.6428
vn 0.6428 -0.0000 -0.7660
vn 0.5000 -0.0000 -0.8660
vn 0.3420 -0.0000 -0.9397
vn 0.1736 -0.0000 -0.9848
vn 0.0000 -0.0000 -1.0000
vn -0.1736 0.0000 -0.9848
vn -0.3420 0.0000 -0.9397
vn -0.5000 0.0000 -0.8660
vn -0.6428 0.0000 -0.7660
vn -0.7660 0.0000 -0.6428
vn -0.8660 0.0000 -0.5000
vn -0.9397 0.0000 -0.3420
vn -0.9848 0.0000 -0.1736
vn -1.0000 0.0000 -0.0000
vn -0.9848 0.0000 0.1736
vn -0.9397 0.0000 0.3420
vn -0.8660 0.0000 0.5000
vn -0.7660 0.0000 0.6428
vn -0.6428 0.0000 0.7660
vn -0.5000 0.0000 0.8660
vn -0.3420 0.0000 0.9397
vn -0.1736 0.0000 0.9848
vn -0.0000 0.0000 1.0000
vn 0.1736 0.0000 0.9848
vn 0.3420 0.0000 0.9397
vn 0.5000 0.0000 0.8660
vn 0.6428 0.0000 0.7660
vn 0.7660 0.0000 0.6428
vn 0.8660 0.0000 0.5000
vn 0.9397 0.0000 0.3420
vn 0.9848 0.0000 0.1736
vn 1.0000 -0.0000 -0.0000
vn 0.9848 -0.0000 -0.1736
vn 0.9397 -0.0000 -0.3420
vn 0.8660 -0.0000 -0.5000
vn 0.7660 -0.0000 -0.6428
vn 0.6428 -0.0000 -0.7660
vn 0.5000 -0.0000 -0.8660
vn 0.3420 -0.0000 -0.9397
vn 0.1736 -0.0000 -0.9848
vn 0.0000 -0.0000 -1.0000
vn -0.1736 0.0000 -0.9848
vn -0.3420 0.0000 -0.9397
vn -0.5000 0.0000 -0.8660
vn -0.6428 0.0000 -0.7660
vn -0.7660 0.0000 -0.6428
vn -0.8660 0.0000 -0.5000
vn -0.9397 0.0000 -0.3420
vn -0.9848 0.0000 -0.1736
vn -1.0000 0.0000 -0.0000
vn -0.9848 0.0000 0.1736
vn -0.9397 0.0000 0.3420
vn -0.8660 0.0000 0.5000
vn -0.7660 0.0000 0.6428
vn -0.6428 0.0000 0.7660
vn -0.5000 0.0000 0.8660
vn -0.3420 0.0000 0.9397
vn -0.1736 0.0000 0.9848
vn -0.0000 0.0000 1.0000
vn 0.1736 0.0000 0.9848
vn 0.3420 0.0000 0.9397
vn 0.5000 0.0000 0.8660
vn 0.6428 0.0000 0.7660
vn 0.7660 0.0000 0.6428
vn 0.8660 0.0000 0.5000
vn 0.9397 0.0000 0.3420
vn 0.9848 0.0000 0.1736
f 1164//1164 1163//1163 1199//1199
f 1164//1164 1199//1199 1200//1200
f 1165//1165 1200//1200 1201//1201
f 1165//1165 1164//1164 1200//1200
f 1166//1166 1201//1201 1202//1202
f 1166//1166 1165//1165 1201//1201
f 1167//1167 1202//1202 1203//1203
f 1167//1167 1166//1166 1202//1202
f 1168//1168 1203//1203 1204//1204
f 1168//1168 1167//1167 1203//1203
f 1169//1169 1168//1168 1204//1204
f 1169//1169 1204//1204 1205//1205
f 1170//1170 1169//1169 1205//1205
f 1170//1170 1205//1205 1206//1206
f 1171//1171 1170//1170 1206//1206
f 1171//1171 1206//1206 1207//1207
f 1172//1172 1171//1171 1207//1207
f 1172//1172 1207//1207 1208//1208
f 1173//1173 1172//1172 1208//1208
f 1173//1173 1208//1208 1209//1209
f 1174//1174 1173//1173 1209//1209
f 1174//1174 1209//1209 1210//1210
f 1175//1175 1174//1174 1210//1210
f 1175//1175 1210//1210 1211//1211
f 1175//1175 1211//1211 1212//1212
f 1176//1176 1175//1175 1212//1212
f 1177//1177 1176//1176 1212//1212
f 1177//1177 1212//1212 1213//1213
f 1177//1177 1213//1213 1214//1214
f 1178//1178 1177//1177 1214//1214
f 1179//1179 1178//1178 1214//1214
f 1179//1179 1214//1214 1215//1215
f 1180//1180 1179//1179 1215//1215
f 1180//1180 1215//1215 1216//1216
f 1180//1180 1216//1216 1217//1217
f 1181//1181 1180//1180 1217//1217
f 1182//1182 1217//1217 1218//1218
f 1182//1182 1181//1181 1217//1217
f 1183//1183 1218//1218 1219//1219
f 1183//1183 1182//1182 1218//1218
f 1184//1184 1219//1219 1220//1220
f 1184//1184 1183//1183 1219//1219
f 1185//1185 1220//1220 1221//1221
f 1185//1185 1184//1184 1220//1220
f 1186//1186 1221//1221 1222//1222
f 1186//1186 1185//1185 1221//1221
f 1187//1187 1222//1222 1223//1223
f 1187//1187 1186//1186 1222//1222
f 1188//1188 1223//1223 1224//1224
f 1188//1188 1187//1187 1223//1223
f 1189//1189 1188//1188 1224//1224
f 1189//1189 1224//1224 1225//1225
f 1190//1190 1225//1225 1226//1226
f 1190//1190 1189//1189 1225//1225
f 1191//1191 1226//1226 1227//1227
f 1191//1191 1190//1190 1226//1226
f 1192//1192 1227//1227 1228//1228
f 1192//1192 1191//1191 1227//1227
f 1193//1193 1228//1228 1229//1229
f 1193//1193 1229//1229 1230//1230
f 1193//1193 1192//1192 1228//1228
f 1194//1194 1230//1230 1231//1231
f 1194//1194 1193//1193 1230//1230
f 1195//1195 1194//1194 1231//1231
f 1196//1196 1195//1195 1231//1231
f 1196//1196 1231//1231 1232//1232
f 1197//1197 1196//1196 1232//1232
f 1197//1197 1232//1232 1233//1233
f 1197//1197 1233//1233 1234//1234
f 1198//1198 1197//1197 1234//1234
f 1163//1163 1198//1198 1234//1234
f 1163//1163 1234//1234 1199//1199
f 1173//1173 1174//1174 1175//1175
f 1164//1164 1198//1198 1163//1163
f 1169//1169 1170//1170 1171//1171
f 1167//1167 1169//1169 1171//1171
f 1167//1167 1164//1164 1165//1165
f 1167//1167 1165//1165 1166//1166
f 1167//1167 1168//1168 1169//1169
f 1167//1167 1171//1171 1172//1172
f 1167//1167 1172//1172 1173//1173
f 1167//1167 1175//1175 1176//1176
f 1167//1167 1176//1176 1177//1177
f 1167//1167 1177//1177 1178//1178
f 1167//1167 1178//1178 1179//1179
f 1167//1167 1179//1179 1180//1180
f 1167//1167 1180//1180 1181//1181
f 1167//1167 1181//1181 1182//1182
f 1167//1167 1182//1182 1183//1183
f 1167//1167 1183//1183 1184//1184
f 1167//1167 1184//1184 1185//1185
f 1167//1167 1185//1185 1186//1186
f 1167//1167 1186//1186 1187//1187
f 1167//1167 1187//1187 1188//1188
f 1167//1167 1188//1188 1189//1189
f 1167//1167 1189//1189 1190//1190
f 1167//1167 1190//1190 1191//1191
f 1167//1167 1191//1191 1192//1192
f 1167//1167 1192//1192 1193//1193
f 1167//1167 1193//1193 1194//1194
f 1167//1167 1194//1194 1195//1195
f 1167//1167 1195//1195 1196//1196
f 1167//1167 1196//1196 1197//1197
f 1167//1167 1197//1197 1198//1198
f 1167//1167 1198//1198 1164//1164
f 1167//1167 1173//1173 1175//1175
f 1209//1209 1211//1211 1210//1210
f 1200//1200 1199//1199 1234//1234
f 1205//1205 1207//1207 1206//1206
f 1203//1203 1207//1207 1205//1205
f 1203//1203 1201//1201 1200//1200
f 1203//1203 1202//1202 1201//1201
f 1203//1203 1205//1205 1204//1204
f 1203//1203 1208//1208 1207//1207
f 1203//1203 1209//1209 1208//1208
f 1203//1203 1212//1212 1211//1211
f 1203//1203 1213//1213 1212//1212
f 1203//1203 1214//1214 1213//1213
f 1203//1203 1215//1215 1214//1214
f 1203//1203 1216//1216 1215//1215
f 1203//1203 1217//1217 1216//1216
f 1203//1203 1218//1218 1217//1217
f 1203//1203 1219//1219 1218//1218
f 1203//1203 1220//1220 1219//1219
f 1203//1203 1221//1221 1220//1220
f 1203//1203 1222//1222 1221//1221
f 1203//1203 1223//1223 1222//1222
f 1203//1203 1224//1224 1223//1223
f 1203//1203 1225//1225 1224//1224
f 1203//1203 1226//1226 1225//1225
f 1203//1203 1227//1227 1226//1226
f 1203//1203 1228//1228 1227//1227
f 1203//1203 1229//1229 1228//1228
f 1203//1203 1230//1230 1229//1229
f 1203//1203 1231//1231 1230//1230
f 1203//1203 1232//1232 1231//1231
f 1203//1203 1233//1233 1232//1232
f 1203//1203 1234//1234 1233//1233
f 1203//1203 1200//1200 1234//1234
f 1203//1203 1211//1211 1209//1209
